qid,question,rule_policy,oracle_policy,chunk_confidence,bm25_confidence,hybrid_confidence,ace_confidence,ace_chunk_doc_jaccard,chunk_packed_280_tokens,chunk_packed_280_doc_count,chunk_packed_280_em,chunk_packed_280_f1,bm25_packed_280_tokens,bm25_packed_280_doc_count,bm25_packed_280_em,bm25_packed_280_f1,hybrid_packed_280_tokens,hybrid_packed_280_doc_count,hybrid_packed_280_em,hybrid_packed_280_f1,ace_packed_280_tokens,ace_packed_280_doc_count,ace_packed_280_em,ace_packed_280_f1,ace_focused_220_tokens,ace_focused_220_doc_count,ace_focused_220_em,ace_focused_220_f1
5ae2138c5542997283cd23b7,Are Villa Paletti and Betrayal at House on the Hill both board games?,ace_focused_220,ace_focused_220,0.3255283357301769,0.32256095709286725,0.3219401859716562,0.37973849938508075,0.6666666666666666,257,5,0.0,0.0,277,5,0.0,0.0,272,4,0.0,0.0,274,5,0.0,0.0,204,3,0.0,0.0
5a77152355429966f1a36c2e,What was the Roud Folk Song Index of the nursery rhyme inspiring What Are Little Girls Made Of?,chunk_packed_280,bm25_packed_280,0.4387607632469057,0.4813666821031425,0.4754304463993174,0.42150561593821334,0.42857142857142855,257,5,0.0,0.0,275,5,1.0,1.0,272,5,0.0,0.0,277,5,0.0,0.0,200,5,0.0,0.0
5ade99ad554299728e26c75d,"How many acts is the ballet Rita Sangalli premiered in, in the year 1876?",chunk_packed_280,ace_focused_220,0.3510091681090579,0.2998193204219367,0.3574959033992101,0.338286299187917,0.6666666666666666,273,5,0.0,0.4,269,5,0.0,0.0,279,5,0.0,0.0,277,5,0.0,0.0,195,5,0.0,0.4
5ab81cff5542990e739ec827,"Which novelist was educated in London, C. S. Forester or Helen Zahavi?",ace_focused_220,ace_focused_220,0.3131159638940906,0.3441487031071686,0.3325230537191624,0.36714172310669424,0.6666666666666666,274,5,1.0,1.0,271,5,1.0,1.0,272,5,1.0,1.0,279,5,1.0,1.0,202,5,1.0,1.0
5ae5be02554299546bf82f3e,Who is the Chief Executive Officer of the corporation that owns Space Dev?,ace_focused_220,chunk_packed_280,0.23433972188144364,0.2680410368377356,0.24236065454169764,0.2954789656658913,0.25,270,4,1.0,1.0,267,4,0.0,0.0,271,4,1.0,1.0,277,5,0.0,0.0,209,5,0.0,0.0
5ae3f1bb5542995ad6573cbe,"Which is a type of herb, Brassia or Achimenes?",hybrid_packed_280,ace_focused_220,0.2675870700491306,0.27091968321846605,0.3120618298239275,0.2936953208121983,0.42857142857142855,268,5,1.0,1.0,269,5,1.0,1.0,261,5,1.0,1.0,270,5,1.0,1.0,219,5,1.0,1.0
5a8389445542996488c2e450,"Which is longer, Hampshire and Hampden Canal or Tennessee–Tombigbee Waterway?",ace_focused_220,ace_focused_220,0.304440584465291,0.3144331401927389,0.31484760507373694,0.3424473884818209,1.0,270,5,1.0,1.0,276,5,1.0,1.0,274,5,1.0,1.0,277,5,1.0,1.0,200,5,1.0,1.0
5a89fc305542993b751ca9dc,Which Outer Banks landmark and premiere BBQ restaurant has been featured in the magazine Southern Living?,chunk_packed_280,ace_focused_220,0.31889606213344324,0.3750666015139067,0.3562754492275728,0.3257737635976654,1.0,267,5,1.0,1.0,278,5,1.0,1.0,253,4,1.0,1.0,279,5,1.0,1.0,198,3,1.0,1.0
5a85bc2d5542994c784ddb70,"""It Girl"" is musically classified in the middle of what terminology describing the speed or pace of a given piece?",chunk_packed_280,ace_focused_220,0.4046238283344692,0.4242830389235467,0.4369287770590158,0.39436397081904384,0.25,266,5,1.0,1.0,280,5,1.0,1.0,256,5,1.0,1.0,280,5,1.0,1.0,213,4,1.0,1.0
5a7b1c745542992d025e6777,"What was unique about the attraction that was replaced by Monsters, Inc. Laughing Floor on April 2,2007?",chunk_packed_280,ace_focused_220,0.33703480415974296,0.3645188528429954,0.3618584790426266,0.2505316847673129,0.42857142857142855,280,5,0.0,0.0,279,5,0.0,0.0,276,5,0.0,0.0,221,5,0.0,0.0,200,5,0.0,0.0
5ae2d8fb55429928c42394fa,Who was the base where the 413th Flight Test Group is stationed named after?,chunk_packed_280,hybrid_packed_280,0.36658805603667743,0.36959060396435206,0.37193360646123197,0.36736226133115224,1.0,196,5,0.0,0.22222222222222224,192,5,0.0,0.0,183,5,0.0,0.22222222222222224,196,5,0.0,0.0,196,5,0.0,0.0
5ae7f6be554299540e5a56db,Jim Betts ran against the first American to orbit what?,ace_focused_220,hybrid_packed_280,0.2655965869466519,0.3319866869755739,0.2967605471001764,0.3217875106171765,1.0,273,5,0.0,0.0,273,5,1.0,1.0,271,5,1.0,1.0,279,5,1.0,1.0,213,5,0.0,0.0
5a773ae055429972597f14b0,What actress with the last name Saravanan starred in the 2004 Tamil film Arul?,chunk_packed_280,hybrid_packed_280,0.24140565120838336,0.23862287655624428,0.24604447043720556,0.2605877547719649,0.6666666666666666,278,5,0.0,0.6666666666666666,279,5,0.0,0.0,267,5,0.0,0.6666666666666666,280,5,0.0,0.0,209,5,0.0,0.0
5a75abbb5542992d0ec05fd9,Which auto club has sanctioned races run in California as well as Indianapolis?,ace_focused_220,ace_focused_220,0.26252624366824373,0.2674959277486465,0.26759262872422307,0.31736296059554836,0.6666666666666666,273,5,0.0,0.0,267,5,0.0,0.6666666666666666,267,5,1.0,1.0,272,5,1.0,1.0,214,3,1.0,1.0
5ae4c49a5542995dadf24400,"Henry Hall is known for fighting in the Revolutionary War, and for being the first to successfully cultivate this food found in what type of bogs?",chunk_packed_280,ace_focused_220,0.33096742430001225,0.3353099112320653,0.3371565402557467,0.3236477166437489,0.6666666666666666,254,5,0.0,0.0,272,5,0.0,0.0,270,5,0.0,0.0,265,5,0.0,0.0,208,4,0.0,0.0
5ac44813554299194317396b,"Parafield, South Australia is very near the airport and what campus of the University of South Australia?",ace_focused_220,ace_focused_220,0.32016174596440683,0.34422561236437177,0.3440166326835729,0.38270535106740955,0.6666666666666666,262,5,1.0,1.0,280,5,1.0,1.0,262,5,1.0,1.0,277,5,1.0,1.0,219,4,1.0,1.0
5abfc8675542993fe9a41e52,Mawson  is an electoral district that includes the wine regional around which town 35 km south of Adelaide?,ace_focused_220,ace_focused_220,0.30965957903625396,0.3020805542874675,0.31349217321443673,0.36939574465344216,0.6666666666666666,261,4,1.0,1.0,274,5,1.0,1.0,261,4,1.0,1.0,280,5,1.0,1.0,216,4,1.0,1.0
5a8aeadc55429950cd6afbe0,What date in 2010 was a South Korean film starring  Kim Hyang-gi released?,ace_focused_220,ace_focused_220,0.3432638201834781,0.32570396103492166,0.3307098444064843,0.38403110111106303,0.6666666666666666,278,5,1.0,1.0,280,5,0.0,0.6666666666666666,280,5,0.0,0.6666666666666666,278,5,1.0,1.0,206,5,1.0,1.0
5ab2082f554299722f9b4c9f,What award did both Victor Heerman and Lloyd Corrigan win?,ace_focused_220,ace_focused_220,0.2492859295133596,0.25093367134645,0.26304083042220516,0.2933906541391463,0.42857142857142855,274,5,0.0,0.0,279,5,0.0,0.0,280,5,0.0,0.0,259,5,0.0,0.0,203,5,0.0,0.0
5ae0ba15554299603e41844d,"What plant has about 40 species native to Asia, Manglietia or Abronia?",chunk_packed_280,ace_focused_220,0.32626101176286304,0.35333747585350905,0.3606534771590627,0.25566786786122997,1.0,260,5,1.0,1.0,277,5,1.0,1.0,260,5,1.0,1.0,267,5,1.0,1.0,220,5,1.0,1.0
5a7332935542991f9a20c67d,"Which board game was published most recently, Pirate's Cove or Catan?",chunk_packed_280,ace_focused_220,0.26372824338412465,0.26633591551157243,0.2696039258922669,0.2931217536794347,0.6666666666666666,267,4,1.0,1.0,256,5,1.0,1.0,268,5,1.0,1.0,280,5,1.0,1.0,215,4,1.0,1.0
5a9068f85542990a98493623,What was the nickname of the 76er who was drafted 3rd in the 2014 draft? ,ace_focused_220,hybrid_packed_280,0.23932663453877218,0.2426139388138455,0.23752829673351072,0.3357631212813015,0.42857142857142855,273,4,1.0,1.0,266,4,0.0,0.0,268,4,1.0,1.0,276,5,0.0,0.0,212,5,0.0,0.0
5addd5795542990dbb2f7e9d,Used to This was included on the streaming version of the album released in 2017 on what label?,chunk_packed_280,ace_focused_220,0.3201746164636615,0.3038347254023168,0.3400334386701002,0.3108229858912275,0.6666666666666666,275,5,0.0,0.0,269,4,0.0,0.0,272,4,0.0,0.0,267,5,0.0,0.0,192,4,0.0,0.0
5adfa3da554299025d62a317,"What is the birthday of the actress who was the Duchess in ""The Revengers Tragedy""?",chunk_packed_280,ace_focused_220,0.28542058089747013,0.2995547202259533,0.29255521323065503,0.2997546404137139,0.6666666666666666,274,5,0.0,0.0,276,5,0.0,0.0,280,5,0.0,0.0,274,5,0.0,0.0,220,5,0.0,0.0
5ae6443355429908198fa563,"Which king of Northumbria, who possibly became king while a still a child, attempted to have Eardwulf of Northumbria assassinated?",chunk_packed_280,ace_focused_220,0.31318797389818187,0.3161228487049642,0.31582229931648853,0.33238708299857644,0.6666666666666666,278,5,0.0,0.6666666666666666,279,5,0.0,0.0,274,5,0.0,0.6666666666666666,278,5,1.0,1.0,216,3,1.0,1.0
5ab98608554299131ca42362,Where does the story take place in 1988 film The Moderns?,chunk_packed_280,ace_focused_220,0.30810100711340976,0.3106753412961675,0.33053145383155336,0.3032984767985775,0.25,279,5,1.0,1.0,274,5,1.0,1.0,270,5,1.0,1.0,273,5,1.0,1.0,218,5,1.0,1.0
5ae61bfd5542992663a4f261,Which teams did Jimmy Butler play and what role did he play on these teams?,ace_focused_220,ace_focused_220,0.23460810900331625,0.21745861265578142,0.23314518632740505,0.2656367079803911,0.42857142857142855,276,5,0.0,0.0,258,4,0.0,0.0,273,5,0.0,0.0,260,5,0.0,0.0,220,5,0.0,0.0
5ab870ed55429934fafe6db9, The Canadian Hot 100 is a music industry record chart in Canada for for a song that is released separately from what?,ace_focused_220,ace_focused_220,0.36443725026913876,0.3715054181028165,0.3736822732179661,0.4384471705455498,0.42857142857142855,264,4,1.0,1.0,276,5,1.0,1.0,256,4,1.0,1.0,265,4,1.0,1.0,209,4,1.0,1.0
5abcfc365542993a06baf9d6,"What year did the series on CBS, starring the actor who known for his role in ""Rebel Without a Cause,"" air?",ace_focused_220,ace_focused_220,0.2492426084764222,0.2400733351692785,0.24349561059375563,0.28856586552176056,0.6666666666666666,275,5,0.0,0.0,270,5,0.0,0.0,277,5,0.0,0.0,279,5,0.0,0.0,208,5,0.0,0.0
5add63845542992ae4cec541,What was the release date and price for the release of Mac OS X that has the software for creating WWF files?,ace_focused_220,ace_packed_280,0.2872818019877378,0.2873825837440158,0.2813097628204893,0.37826493686407636,0.6666666666666666,265,4,0.0,0.0,257,4,0.0,0.0,267,4,0.0,0.0,258,5,0.0,0.7499999999999999,216,4,0.0,0.0
5ae2a0a1554299495565dae9,Dark Dungeons is based on what short gospel tracts by a religious cartoonist?,chunk_packed_280,ace_focused_220,0.30866736067139733,0.37241478988466514,0.3403076455029758,0.3253654942671025,0.42857142857142855,267,5,1.0,1.0,272,5,1.0,1.0,266,5,1.0,1.0,276,5,1.0,1.0,211,4,1.0,1.0
5a84eecd5542994c784dda8e,What type of group does Pablo Carballo and Argentine Air Force have in common?,chunk_packed_280,bm25_packed_280,0.285192046101286,0.32113573579726307,0.30850005942550124,0.3030035341855271,0.42857142857142855,280,5,0.0,0.0,258,4,1.0,1.0,269,5,0.0,0.0,267,5,1.0,1.0,191,5,0.0,0.0
5a85fa815542996432c57155,Where was the movement that August Brancart published literature from centerd?,chunk_packed_280,ace_focused_220,0.2367839092734197,0.29879655157967144,0.2765154156683166,0.2604731130777915,0.42857142857142855,274,5,0.0,0.0,272,5,0.0,0.0,261,5,0.0,0.0,253,5,0.0,0.0,208,4,1.0,1.0
5a84a5385542990548d0b2d9,"Tedrow, Ohio lies close to which 241. 26 mi highway? ",ace_focused_220,ace_focused_220,0.2608028436168048,0.25160820506244186,0.2520245755601676,0.33091349875499787,0.42857142857142855,275,5,1.0,1.0,278,4,1.0,1.0,278,4,1.0,1.0,235,5,1.0,1.0,219,5,1.0,1.0
5a78f26055429970f5fffdeb,Which former president of the Fédération Internationale de l'Automobile (FIA) cofounded Simtek Research?,ace_focused_220,ace_focused_220,0.38335175519120296,0.34686049200217217,0.3798819839773345,0.4059040074381557,1.0,271,5,0.0,0.0,270,5,0.0,0.0,257,4,0.0,0.0,262,5,0.0,0.0,197,4,0.0,0.8
5a86edcc55429960ec39b6da,"What actress portrayed Rachel Green on the sitcom ""Friends"" and starred in the movie ""She's Funny That Way""?",ace_focused_220,ace_focused_220,0.2947152853974029,0.24481690343125587,0.2912200872999744,0.34366021071035874,0.6666666666666666,270,5,1.0,1.0,280,5,1.0,1.0,277,5,1.0,1.0,279,4,1.0,1.0,216,4,1.0,1.0
5ae7766455429952e35ea920,"Geoffrey Rush, one of the stars in Intolerable Cruelty, is a known actor and film producer in what country?",ace_focused_220,ace_focused_220,0.26738113992413887,0.28887064864787715,0.2868777132672486,0.29703402983358307,0.6666666666666666,276,5,0.0,0.0,266,5,0.0,0.0,266,5,0.0,0.0,249,5,0.0,0.0,185,5,0.0,0.0
5a77863555429949eeb29ec6,Who was born first Iain Pears or Richard Llewellyn ?,ace_focused_220,ace_packed_280,0.28008509014117733,0.28188108950650953,0.28293368700933147,0.30656904668899404,0.6666666666666666,270,5,0.0,0.6666666666666666,270,5,0.0,0.6666666666666666,270,5,0.0,0.6666666666666666,118,5,0.0,0.6666666666666666,118,5,0.0,0.6666666666666666
5ab3cc395542992ade7c6e9f,Party of Syrian Unity was established in the wake of a public statement that announced what ?,ace_focused_220,ace_packed_280,0.2746486814328703,0.26961991205603764,0.27245544373723457,0.34589132554412205,0.6666666666666666,279,4,0.0,0.13333333333333333,275,4,0.0,0.0,275,4,0.0,0.0,276,5,0.0,0.16666666666666669,218,3,0.0,0.15384615384615385
5add016e5542992c1e3a250b,What made the man who abolished the Consell in 1718 resume the throne?,ace_focused_220,ace_focused_220,0.20164246472184197,0.2445330058549396,0.24582739081536384,0.27359609444727706,0.25,276,4,0.0,0.0,278,4,0.0,0.0,278,4,0.0,0.0,250,5,0.0,0.0,204,3,0.0,0.0
5a8bd9c95542997f31a41de2,At which university does the biographer of John Clare teach English Literature?,chunk_packed_280,ace_focused_220,0.2775271347631279,0.2716138682721639,0.269705641488736,0.2979179586766192,0.42857142857142855,280,5,1.0,1.0,272,5,1.0,1.0,272,5,1.0,1.0,259,5,0.0,0.6666666666666666,220,5,1.0,1.0
5a8f13d55542997ba9cb31c9,Philip Savage served as Direcor of Player Personnel for the Baltimore Ravens under what general manager who was inducted into both the College and Pro Football Halls of Fame?,chunk_packed_280,ace_focused_220,0.33152722257951406,0.31714196662308325,0.3276952722567378,0.3467407967767765,0.42857142857142855,278,5,0.0,0.8,280,5,0.0,0.8,280,5,0.0,0.8,274,5,0.0,0.8,219,2,0.0,0.8
5ac248fd55429951e9e68525,What is the approximate population of the town near which Forward Operating Base Gibraltar was located ?,chunk_packed_280,ace_focused_220,0.3637082559921795,0.3752752651072564,0.3788557101235507,0.3690621341339592,0.6666666666666666,277,5,0.0,0.0,257,5,0.0,0.0,275,5,0.0,0.0,267,5,0.0,0.0,205,4,0.0,0.0
5adbcd475542996e68525240,"In what year did the manager of the singer-songwriter best known for ""American Pie"" die?",chunk_packed_280,ace_focused_220,0.2661431084076447,0.26984427396871247,0.2691836510666542,0.28775355528322943,0.6666666666666666,279,5,0.0,0.0,271,5,0.0,0.0,271,5,0.0,0.0,280,5,1.0,1.0,219,4,1.0,1.0
5a7c8a3b55429935c91b5204,Town's first season in their new stadium was under the leadership of an English Football manager who was born when?,ace_focused_220,ace_focused_220,0.27482276615201584,0.28608525895402603,0.2754332275591227,0.34625762673977206,1.0,261,5,1.0,1.0,263,4,0.0,0.0,278,5,0.0,0.0,280,5,1.0,1.0,199,5,1.0,1.0
5a7f40de5542992e7d278cc8,What star if the Burbs was Canadian?,ace_focused_220,ace_focused_220,0.29227158079067667,0.2118593042627054,0.26196756498928137,0.35509666038502863,0.25,275,5,0.0,0.0,266,4,0.0,0.0,272,4,0.0,0.0,254,5,0.0,0.0,218,5,0.0,0.0
5ab2c6a955429916697740c2,Which country is the Taipa island part of?,ace_focused_220,ace_packed_280,0.26809868213991905,0.2596840337807226,0.2634766420282112,0.3170326953947076,0.42857142857142855,274,5,0.0,0.0,265,5,0.0,0.0,277,5,0.0,0.0,260,5,1.0,1.0,195,4,0.0,0.0
5ac3165c5542995ef918c10a,Which American film director hosted the 18th Independent Spirit Awards in 2002?,ace_focused_220,ace_focused_220,0.3759132665847655,0.36825967553651906,0.37623345358256677,0.42870506209246195,1.0,271,5,1.0,1.0,254,5,1.0,1.0,271,5,1.0,1.0,277,5,1.0,1.0,214,5,1.0,1.0
5a7577145542996c70cfaf03,"Which park is larger, Timanfaya National Park or Sierra Nevada National Park?",ace_focused_220,ace_focused_220,0.3007391249722876,0.3455374006103484,0.32771153584483326,0.4622604187249095,1.0,270,4,0.0,0.0,268,5,0.0,0.5714285714285715,279,4,0.0,0.5714285714285715,278,5,0.0,0.5714285714285715,220,5,0.0,0.5714285714285715
5a8f45385542997ba9cb320a,Dahlia and Aruncus are both examples of what type of plant catagorization?,chunk_packed_280,bm25_packed_280,0.24981101041004167,0.25915683868788864,0.25805534591819723,0.26044630969316585,0.6666666666666666,263,5,0.0,0.0,260,5,1.0,1.0,280,5,0.0,0.0,259,5,0.0,0.0,203,5,0.0,0.0
5adea83b55429975fa854f53,Thirukkalacherry is a village in which Indian town?,chunk_packed_280,ace_focused_220,0.32014935332819344,0.22960295235152722,0.28827655585499334,0.3185459380514009,0.42857142857142855,272,5,0.0,0.0,274,5,0.0,0.0,272,5,0.0,0.0,272,5,0.0,0.0,199,5,0.0,0.0
5ab4428c5542990594ba9bda,Do Lush and P.O.D. both consist of four band members?,chunk_packed_280,ace_focused_220,0.281073042779587,0.25768788376856927,0.270289669142896,0.2995199729600815,0.25,278,5,0.0,0.0,249,4,0.0,0.0,273,5,0.0,0.0,269,5,0.0,0.0,207,5,0.0,0.0
5a90692f5542990a98493625,In what 1997 American mystery crime film did Johnny Galecki start in?,chunk_packed_280,ace_focused_220,0.2606847651407055,0.2712267047477639,0.2648656399261262,0.2773182440087619,0.6666666666666666,275,5,1.0,1.0,258,5,1.0,1.0,280,5,1.0,1.0,265,5,1.0,1.0,213,5,1.0,1.0
5ae68a065542991bbc97611e,How many newspapers are in the group that Hills Valley Weekly is a part of?,ace_focused_220,ace_focused_220,0.33052799466546745,0.35485480553945736,0.347169373002875,0.44881478440800715,0.42857142857142855,269,5,0.0,0.0,280,5,1.0,1.0,279,5,1.0,1.0,279,5,1.0,1.0,217,4,1.0,1.0
5ab2929a554299449642c900,Who is the US Olympian and Christian evangelist did the 2010 non-fiction book by Laura Hillenbrand focus on?  ,ace_focused_220,bm25_packed_280,0.2695536014977697,0.28030500258510693,0.26358433816046656,0.33213774063102436,0.42857142857142855,256,5,0.0,0.8,276,4,1.0,1.0,276,4,1.0,1.0,259,5,0.0,0.8571428571428571,205,5,0.0,0.8571428571428571
5adf434c5542993a75d26462,"When will the exhibition basketball game which will hold at the Staples Center in Los Angeles, California be played ",ace_focused_220,ace_focused_220,0.33163358375168545,0.3398878665407154,0.3434593590019343,0.4095039115023231,0.6666666666666666,280,5,0.0,0.3333333333333333,245,4,0.0,0.3333333333333333,245,4,0.0,0.3333333333333333,277,4,1.0,1.0,202,4,1.0,1.0
5ac4ecea55429919431739fd,"What game was a Philadelphia native, who played college basketball at the University of North Carolina, selected for?",ace_focused_220,ace_focused_220,0.2951450469148299,0.2964696181690998,0.2924545840343852,0.3844583944788099,0.6666666666666666,260,4,0.0,0.0,269,5,0.0,0.0,269,5,0.0,0.0,265,5,0.0,0.0,218,4,0.0,0.0
5a85dfcc5542994775f60673,"What South Korean actor was a member of the pop duo TVXQ and stared in Heading to the Ground, a 2009 MBC television series?",chunk_packed_280,chunk_packed_280,0.32409691600136536,0.3093610249000062,0.3195046891924811,0.3508793766732087,0.42857142857142855,261,5,0.0,0.6666666666666666,270,5,0.0,0.6666666666666666,270,5,0.0,0.6666666666666666,278,5,0.0,0.6666666666666666,216,4,0.0,0.0
5a8085705542992bc0c4a74b,Garden Island Naval Chapel is the oldest Chistian chapel of a naval branch of what defence force?,ace_focused_220,chunk_packed_280,0.32064995084920334,0.31976939316437525,0.3297406150804322,0.4110471333610053,0.6666666666666666,263,4,1.0,1.0,279,5,0.0,0.3333333333333333,278,4,1.0,1.0,271,5,1.0,1.0,198,3,0.0,0.3333333333333333
5ae3992d5542994393b9e722,Chandamama and Kajal Aggarwal are both associated with which Indian film industries?,ace_focused_220,ace_packed_280,0.2857562424527761,0.2870179673565485,0.2722295519618097,0.3208134537678398,0.6666666666666666,277,5,0.0,0.5,273,5,0.0,0.8,277,5,0.0,0.5,269,5,1.0,1.0,215,5,0.0,0.0
5ae7793c554299540e5a55c2,What park replaced American's first waterpark designed by the creator of seaworld?,ace_focused_220,ace_focused_220,0.2591256505509478,0.2691346156168989,0.2598257292605618,0.27987203703431024,0.6666666666666666,274,5,0.0,0.0,279,5,0.0,0.0,274,5,0.0,0.0,262,5,0.0,0.0,195,3,0.0,0.0
5a7f46115542994857a766d9,What dynasty was the creator of Mouten Cadet wine a part of?,ace_focused_220,bm25_packed_280,0.2606515362885945,0.24159173539641615,0.2502317371032475,0.358111290228798,0.42857142857142855,280,5,0.0,0.5,263,5,0.0,0.8,270,5,0.0,0.8,255,5,0.0,0.0,205,4,0.0,0.5
5a7380b955429908901be2d4,"Which film is older, Monsters, Inc. or Earth?",chunk_packed_280,ace_focused_220,0.2964563141867595,0.29740038174619665,0.29153018959097565,0.32499999999999996,0.42857142857142855,273,5,0.0,0.0,278,5,0.0,0.0,275,5,0.0,0.0,258,5,0.0,0.0,213,5,0.0,0.0
5abfd3d65542994516f4550b,Are both Don Giovanni and Cardillac operas with three acts?,ace_focused_220,ace_focused_220,0.25255567741667295,0.2569297639861566,0.25663536821446453,0.29858674682091835,0.42857142857142855,263,5,1.0,1.0,274,5,1.0,1.0,279,5,1.0,1.0,268,5,1.0,1.0,213,3,1.0,1.0
5abf2e605542993fe9a41de4,In between Atsushi Ogata and Ralph Smart who graduated from Harvard College?,ace_focused_220,ace_focused_220,0.2668350472381819,0.30658917284447706,0.29538801442505225,0.31843560316281605,0.42857142857142855,277,5,1.0,1.0,255,4,0.0,0.0,255,4,0.0,0.0,280,5,1.0,1.0,199,4,1.0,1.0
5ae256435542992decbdccc3,"In what year did the playwright who wrote ""The City Heiress"" die?",ace_focused_220,chunk_packed_280,0.2783215239686842,0.2307622826147452,0.27190139811653735,0.3476946332061681,0.42857142857142855,268,5,1.0,1.0,267,5,0.0,0.0,277,5,0.0,0.0,270,5,0.0,0.0,216,5,0.0,0.0
5ab819065542995dae37ea3c,"Between Mike Muir and Paul Di'Anno, who has worked with more bands?",chunk_packed_280,bm25_packed_280,0.2663953153910479,0.24863906411160672,0.26569227688127106,0.2776451985682804,0.42857142857142855,261,5,0.0,0.0,271,5,0.0,0.6666666666666666,247,5,0.0,0.0,266,5,0.0,0.0,189,5,0.0,0.0
5adfb10855429942ec259af9,Raiffeisen Zentralbank is the central institution of one a group of co-operative banks in Austria. What is the name of the other group?,ace_focused_220,ace_focused_220,0.32055685586112737,0.32157915271594223,0.3177530739363177,0.3496362744948682,1.0,258,5,1.0,1.0,263,5,0.0,0.0,278,5,1.0,1.0,280,5,1.0,1.0,189,5,1.0,1.0
5ae0a54e5542993d6555ebdd,Joseph Benavidez has been compared favorably to which retired bantamweight and featherweight MMA fighter?,chunk_packed_280,ace_focused_220,0.2537148485484215,0.24136014751069534,0.22973520045787832,0.26462101516864533,0.6666666666666666,257,4,1.0,1.0,278,3,0.0,0.0,278,3,1.0,1.0,271,5,0.0,0.8,200,5,1.0,1.0
5ab327bc554299233954ff33,What is the name the French give to the war during which the Prussians occupied the Pavillon du Butard?,ace_focused_220,bm25_packed_280,0.24579239421527532,0.25346395015248124,0.258281023365361,0.3137205752393541,0.6666666666666666,266,4,0.0,0.0,271,5,0.0,0.5714285714285715,267,5,0.0,0.4,271,5,0.0,0.4,193,4,0.0,0.4
5a7c703055429935c91b51aa,Which constituent college of the University of Oxford in England was Francis Leighton warden of?,ace_focused_220,ace_focused_220,0.3734659090064665,0.39085563100718546,0.37189767409064584,0.4194595154974279,1.0,279,5,0.0,0.8571428571428571,279,5,0.0,0.8571428571428571,279,5,0.0,0.8571428571428571,273,5,0.0,0.8571428571428571,203,5,0.0,0.8571428571428571
5abe19895542991f661060c2,Liaocheng and Shayang County are both located in which country?,chunk_packed_280,ace_focused_220,0.25005995520201896,0.26707525506543367,0.26716751586474036,0.2677905415544307,0.42857142857142855,271,5,1.0,1.0,277,5,1.0,1.0,258,5,1.0,1.0,277,5,0.0,0.0,213,5,1.0,1.0
5ac26d4d55429951e9e685b7,when did the black Angolan was one of the earliest African-American landowners in what would become the United States.acieved his freedom ,ace_focused_220,ace_focused_220,0.28189133011427003,0.34761534741751987,0.31840780037372696,0.32211404108550246,0.42857142857142855,270,5,0.0,0.0,262,5,0.0,0.0,262,5,0.0,0.0,248,4,0.0,0.0,208,4,0.0,0.0
5add95035542990dbb2f7e77,Cherie Currie and Steve Augeri were both what?,ace_focused_220,ace_focused_220,0.265004936997279,0.24165481850890413,0.2638817567881006,0.32954605445286395,0.42857142857142855,269,5,0.0,0.0,277,5,0.0,0.0,269,5,0.0,0.0,267,5,0.0,0.0,208,5,0.0,0.0
5adc46665542994650320cc8,"In what year was the composer of ""Anthem"" born?",chunk_packed_280,ace_focused_220,0.21562002705149136,0.22358157748885402,0.22268053044735206,0.22714904700094574,0.42857142857142855,262,4,0.0,0.0,278,5,0.0,0.0,274,5,0.0,0.0,270,5,0.0,0.0,216,5,0.0,0.0
5ac259125542992f1f2b3867,Where was the sitcom filmed that Judy Greer played Kitty Sanchez in?,chunk_packed_280,ace_focused_220,0.24668358506300092,0.2735272998278449,0.27814118104368757,0.27087149356244833,0.42857142857142855,262,4,0.0,0.0,269,5,0.0,0.0,277,5,0.0,0.0,257,5,0.0,0.8571428571428571,210,5,0.0,0.8571428571428571
5a81624d5542995ce29dcbf1,The constituency which is represented by the 2015 elected Minister for Universities and Science is represented in what wing of the UK parliament?,ace_focused_220,ace_focused_220,0.32988178262575596,0.32050742174723146,0.3235327339734334,0.3449205072421367,0.6666666666666666,279,5,0.0,0.0,268,5,0.0,0.0,268,5,0.0,0.0,268,5,0.0,0.0,202,4,1.0,1.0
5a7933b255429907847277eb,"Which composer was also a teacher, Philip Glass or Franz Schreker? ",chunk_packed_280,ace_focused_220,0.27924259593915524,0.2950406624875578,0.3112616422640101,0.2918053666351349,0.42857142857142855,267,5,1.0,1.0,275,5,1.0,1.0,264,5,1.0,1.0,272,5,1.0,1.0,202,5,1.0,1.0
5a7754d85542993735360234,"Who was born first, Frank I. Cobb or Joseph Pulitzer?",ace_focused_220,ace_focused_220,0.28347630602006746,0.29452274281012436,0.2919825345365995,0.32935744091929264,0.42857142857142855,261,5,0.0,0.0,261,5,0.0,0.0,261,5,0.0,0.0,275,5,0.0,0.0,210,5,0.0,0.0
5a80c01855429938b61421b8,Who was the head coach of the Georgia Tech football team that finished the regular season with the same record as the 1981 team?,ace_focused_220,ace_focused_220,0.31089641484488406,0.28681645566971214,0.3084628375130096,0.36031584495483926,0.1111111111111111,270,4,0.0,0.0,276,5,0.0,0.0,265,4,0.0,0.5,278,5,0.0,0.5,215,4,0.0,0.5
5ab2b61d5542991669774065,Who did the actor who played a bellhop in Dead Heat on a Merry-Go-Round play in Star Wars?,chunk_packed_280,ace_focused_220,0.35768651408272045,0.3979771703578665,0.397452926812638,0.3586985072796516,0.25,268,4,0.0,0.0,275,5,0.0,0.0,273,5,0.0,0.0,253,5,0.0,0.0,219,4,0.0,0.0
5ae8167b55429952e35eaa06,What 1876 battle featured the Other Magpie?,ace_focused_220,ace_focused_220,0.29327438599822875,0.3048600827147497,0.30358220816633713,0.45184642979133716,0.42857142857142855,274,4,1.0,1.0,277,5,1.0,1.0,272,5,1.0,1.0,271,5,1.0,1.0,220,5,1.0,1.0
5a7bacf35542997c3ec9724b,"Who was born first, Jorge Amado or James Leo Herlihy?",ace_focused_220,bm25_packed_280,0.32651614340407553,0.31472966108204725,0.3358332312982093,0.3665747541526089,0.42857142857142855,279,5,0.0,0.0,263,5,0.0,0.5714285714285715,276,5,0.0,0.0,254,5,0.0,0.0,190,5,0.0,0.0
5ac2610455429951e9e68592,"How many exhibition games has the basketball team with which Louis Dunbar played, played? ",chunk_packed_280,hybrid_packed_280,0.255012112300424,0.25890003591755817,0.2647050634596191,0.26961799472370873,0.42857142857142855,276,5,0.0,0.5,279,5,0.0,0.0,267,5,0.0,0.5,265,5,0.0,0.0,193,5,0.0,0.0
5a7c827e55429907fabeefa7,The 2011 Tennessee Tech Golden Eagles football team competed in a conference with how many members competing in football?,ace_focused_220,ace_focused_220,0.35546035658195596,0.3587817020879198,0.35860128969177063,0.4233343272975816,0.42857142857142855,273,5,0.0,0.0,273,5,0.0,0.0,273,5,0.0,0.0,253,5,0.0,0.0,208,4,0.0,0.0
5a81711455429938b614233e,"Are both ""Cooking Light"" and ""Vibe"" magazines?",ace_focused_220,ace_focused_220,0.2795493707051003,0.19682343740538644,0.26297864899527695,0.3661826297769464,0.42857142857142855,276,5,0.0,0.0,280,5,0.0,0.0,276,5,0.0,0.0,268,5,0.0,0.0,220,5,0.0,0.0
5adfd0d655429942ec259b4e,What is the name of the process used by a company that is located in New Jersey and invented Hexachrome?,chunk_packed_280,ace_focused_220,0.2870136898754706,0.26834720434003306,0.28495916621922446,0.2588485200309679,0.42857142857142855,271,5,0.0,0.0,272,5,0.0,0.0,273,5,0.0,0.0,274,5,0.0,0.0,213,4,0.0,0.0
5adc85b855429944faac24e9,Who is an Australian philosopher that inspired Living High and Letting Die?,ace_focused_220,ace_focused_220,0.31839858083758155,0.3557994681623494,0.3647172767729855,0.3732055150820185,0.6666666666666666,268,4,0.0,0.0,267,5,0.0,0.0,271,5,0.0,0.0,268,5,0.0,0.0,204,4,1.0,1.0
5abfde655542997719eab6f2,Does the band God Lives Underwater or the band The Dear Hunter come from a larger state?,ace_focused_220,ace_focused_220,0.2724210732078123,0.28277741929227285,0.2812991900014316,0.37186360628173565,0.42857142857142855,266,5,0.0,0.0,270,5,0.0,0.0,279,5,0.0,0.0,272,8,0.0,0.0,208,6,0.0,0.0
5a72953b5542994cef4bc357,What Labor member of the House of Representatives in the Australian Parliament was a member of the Australian Labor Party Australian Young Labor?,ace_focused_220,chunk_packed_280,0.3077279606579466,0.23798749981417455,0.2919104419996085,0.3976900320643212,0.42857142857142855,261,4,1.0,1.0,270,5,0.0,0.0,269,5,0.0,0.0,268,4,0.0,0.0,214,4,0.0,0.0
5ab989f755429970cfb8eb38,The creators of the product designation TSR 2002 was the first to publish what kind of game?,ace_packed_280,ace_focused_220,0.2629599725082098,0.26554483077909763,0.2664633756752673,0.3251788990412072,0.6666666666666666,233,5,0.0,0.0,254,5,1.0,1.0,234,5,1.0,1.0,270,5,0.0,0.0,213,4,1.0,1.0
5ae2133e554299495565d9e3,The first female correspondent for Inside the NFL was replaced by who on the show American Ninja Warrior?,ace_focused_220,chunk_packed_280,0.2918273795310532,0.31546245956324137,0.31109199413592953,0.3451853704603457,0.25,279,5,1.0,1.0,277,5,0.0,0.0,278,5,0.0,0.0,269,5,0.0,0.0,220,5,0.0,0.0
5a82d71555429966c78a6a94,Were the Tundra Mine and Negus Mine located in the same country?,chunk_packed_280,ace_focused_220,0.30662680862573866,0.30192583726557964,0.3065834339441994,0.3127204047208029,0.42857142857142855,280,5,0.0,0.0,274,5,0.0,0.0,280,5,0.0,0.0,280,5,0.0,0.0,210,5,0.0,0.0
5ae1c3cd554299492dc91b87,"In what English district is the town Digby, Victoria may be named after?",ace_focused_220,ace_focused_220,0.31992848064088153,0.34705943755944113,0.3355813027398434,0.40281752062701204,1.0,272,5,0.0,0.6666666666666666,272,5,0.0,0.6666666666666666,272,5,0.0,0.6666666666666666,279,5,0.0,0.6666666666666666,202,4,0.0,0.6666666666666666
5ac2583b55429951e9e68565,"Who has more scope of profession, Brian G. Hutton or Xawery Żuławski?",chunk_packed_280,ace_focused_220,0.2978627635344797,0.28238056641503856,0.30756232694541447,0.2857575361778567,0.25,280,5,1.0,1.0,275,5,1.0,1.0,187,5,1.0,1.0,188,5,1.0,1.0,170,5,1.0,1.0
5a82a55955429966c78a6a70,Who acquired a luxury hotel and casino in Las Vegas? ,ace_focused_220,ace_focused_220,0.29718009909993104,0.33257637482464125,0.3014654528679714,0.38749824806831656,0.6666666666666666,277,5,0.0,0.0,267,5,0.0,0.0,265,5,0.0,0.0,277,5,0.0,0.0,209,5,0.0,0.0
5ae5dae2554299546bf82fa4,"Faruk Halibegovic was born in what city that is the capital and largest city of Bosnia and Herzegovina with a population of 275,524?",ace_focused_220,ace_focused_220,0.3350339152377865,0.3111195044941967,0.34753590541597196,0.4267363291378693,0.6666666666666666,278,5,1.0,1.0,259,5,1.0,1.0,257,5,1.0,1.0,266,5,1.0,1.0,215,5,1.0,1.0
5ac195455542991316484b40,"In what year did the man who shot the Chris Stockley, of The Dingoes, die?",chunk_packed_280,ace_focused_220,0.2632431477329784,0.3035278081201509,0.28726326634451355,0.2672985773868588,0.25,266,5,0.0,0.0,276,4,0.0,0.0,269,4,0.0,0.0,255,5,0.0,0.0,209,3,0.0,0.0
5ae785685542994a481bbd47,Reima Karppinen won a silver medal in the double sculls at the Rowing Championships held in what German city?,chunk_packed_280,ace_focused_220,0.31130328178161215,0.297906182224087,0.31134552675662097,0.33443936736816704,0.42857142857142855,278,5,0.0,0.0,279,5,0.0,0.0,268,5,0.0,0.0,272,5,1.0,1.0,208,4,1.0,1.0
5ae5429355429908b63265c5,In what year was the aviator in whose honour the Quai d'Auteuil was renamed born?,ace_focused_220,ace_focused_220,0.3068110914443799,0.36132179478354,0.35228529104486195,0.36511979322855687,0.42857142857142855,253,5,0.0,0.0,279,5,0.0,0.0,269,5,0.0,0.0,248,5,1.0,1.0,192,5,1.0,1.0
5a8ba60b554299240d9c205b,"Which composer, who was a crucial figure in the transition between the Classical and Romantic eras in Western art music, wrote Piano Sonata No. 16 ?",ace_focused_220,ace_focused_220,0.3347453421045725,0.3723032369425924,0.3634018682174994,0.3967098023932878,0.6666666666666666,277,5,1.0,1.0,279,4,1.0,1.0,275,5,1.0,1.0,270,5,1.0,1.0,217,5,1.0,1.0
5a82f05255429966c78a6aa2,"Stanley ""Tookie"" Williams founded which African-American gang in Los Angeles, California in 1969?",ace_focused_220,ace_focused_220,0.2817886059180135,0.28663516485409296,0.2854063977252956,0.38729540685062663,0.6666666666666666,272,5,0.0,0.5,257,5,0.0,0.5,257,5,0.0,0.5,268,5,0.0,0.5,215,5,0.0,0.5
5abfea825542994516f45527,"Who directed the film that had ""The Distance"" in the soundtrack?",chunk_packed_280,ace_focused_220,0.29669571917684345,0.2917257209394424,0.29110872816009403,0.2910142455653303,0.25,276,5,0.0,0.0,278,5,0.0,0.0,278,5,0.0,0.0,279,5,0.0,0.0,217,4,0.0,0.0
5aba6f3e55429955dce3ee21,Li Yitong made her television debut on which network?,ace_focused_220,ace_focused_220,0.27024218729427896,0.2908385191815387,0.29024212623966605,0.30385918612519613,1.0,279,5,0.0,0.0,279,5,0.0,0.0,279,5,0.0,0.0,251,5,1.0,1.0,201,5,1.0,1.0
5ae113de55429901ffe4ad51,Berthold Louis Ullman died in a country that is approximately how many acres?,chunk_packed_280,ace_focused_220,0.2690546429809203,0.2636507038652089,0.270328710255478,0.29331488942040485,0.42857142857142855,268,5,0.0,0.0,269,5,0.0,0.0,279,5,0.0,0.0,278,5,0.0,0.0,209,5,0.0,0.0
5adce4f65542992c1e3a2474,What program responsible for the Health Insurance Portability and Accountability Act works with AHCCS?,ace_focused_220,hybrid_packed_280,0.25235954199509214,0.2624491721649054,0.26539270110642255,0.3218621155669751,0.6666666666666666,275,4,0.0,0.8333333333333334,267,4,0.0,0.8333333333333334,275,4,0.0,0.9090909090909091,276,5,0.0,0.0,195,4,0.0,0.8333333333333334
5ab27587554299449642c8af,Who described the captain of the winners of the 1964-65 European Cup Winners Cup as the best defender he had ever played against ?,ace_focused_220,chunk_packed_280,0.30445808394906126,0.2833690383311413,0.2913227835633514,0.33648017405866965,0.42857142857142855,265,4,1.0,1.0,270,3,0.0,0.0,270,3,0.0,0.0,263,4,0.0,0.0,205,4,0.0,0.0
5a7323ad5542994cef4bc476,"Which musician is older, Chantal Claret or Max Green?",ace_focused_220,ace_focused_220,0.28336569976775366,0.29436124460446206,0.29408444270061174,0.33994866277764,0.6666666666666666,274,5,0.0,0.0,263,5,0.0,0.0,264,5,0.0,0.0,280,5,0.0,0.0,211,5,0.0,0.0
5abc17555542993a06baf858,Lisa Howard had a role in the comedy that had music and lyrics by whom?,chunk_packed_280,bm25_packed_280,0.27067692767311424,0.2551814453037363,0.2820248424694062,0.2725051737126529,0.25,279,5,0.0,0.0,254,4,1.0,1.0,277,5,0.0,0.0,275,5,0.0,0.5,219,5,0.0,0.0
5ab9fe1255429939ce03dc40,What position did the current Leader of Fine Gael hold from 2016 until 2017?,ace_focused_220,ace_focused_220,0.30114313307414375,0.3020232053988622,0.29854720985773386,0.32036450310351516,1.0,280,5,0.0,0.36363636363636365,280,5,0.0,0.36363636363636365,280,5,0.0,0.36363636363636365,273,5,0.0,0.0,199,4,0.0,0.36363636363636365
5a8b6ac055429949d91db5a5,"Charles Barton ""Chuck"" Kendall, Jr. was reportedly interested in purchasing the Los Angeles Clippers from which Jewish-American businessman?",ace_focused_220,ace_focused_220,0.305906130341567,0.3840980097626342,0.3446969741539996,0.3741140632566543,1.0,277,5,0.0,0.6666666666666666,279,5,0.0,0.6666666666666666,271,5,1.0,1.0,273,5,0.0,0.8,202,5,1.0,1.0
5a87136e5542991e771816b2,Does Il trovatore have less acts than La rondine,chunk_packed_280,ace_packed_280,0.2466523964825202,0.19323941587846083,0.24686046524855637,0.24938666046988173,0.42857142857142855,258,5,0.0,0.0,270,5,0.0,0.0,263,5,0.0,0.0,271,5,1.0,1.0,214,4,0.0,0.0
5abff0625542997ec76fd476,In what Mississippi county is the city that is located five miles west of the county seat of said county?,ace_focused_220,ace_packed_280,0.3069353606805144,0.3644918822358272,0.3623970701639034,0.39516934930302994,0.6666666666666666,238,5,0.0,0.6666666666666666,227,5,0.0,0.0,227,5,0.0,0.6666666666666666,184,5,0.0,0.6666666666666666,181,5,0.0,0.0
5a7526945542993748c897d2,What year did the movement that Tess Asplund protested in the viral image of her with her fist in the air disband?,ace_focused_220,ace_focused_220,0.28750854097617384,0.3125452692581695,0.3076019233290205,0.3552072389498743,0.25,275,5,0.0,0.0,267,5,0.0,0.0,263,5,0.0,0.0,272,5,0.0,0.0,198,3,0.0,0.0
5abc8620554299700f9d78e2,What type of media does Bitter Jester and Sicko have in common?,chunk_packed_280,ace_focused_220,0.2511414083766985,0.2552473283641052,0.2619609021444702,0.27388712098581763,0.42857142857142855,269,5,1.0,1.0,277,4,0.0,0.0,280,5,1.0,1.0,273,5,1.0,1.0,218,4,1.0,1.0
5a72a3c45542994cef4bc3ac,"What is the birth name of the woman that ""A Woman Called Moses"" is based on?",ace_focused_220,ace_focused_220,0.3034681966185229,0.31046628470158494,0.3119768702738194,0.3480060136860398,0.42857142857142855,279,4,0.0,0.0,272,5,0.0,0.0,272,4,0.0,0.0,262,4,0.0,0.0,211,4,0.0,0.0
5ac170af5542994d76dcce20,"Which of the singers has more things to be known for, Greg Puciato or Syd Barrett?",chunk_packed_280,ace_focused_220,0.2715805914737673,0.27820814338831695,0.280537076999903,0.2959787643110646,0.6666666666666666,275,5,0.0,0.6666666666666666,256,5,0.0,0.6666666666666666,250,5,0.0,0.6666666666666666,275,5,0.0,0.6666666666666666,210,5,0.0,0.6666666666666666
5ae5f3bb5542996de7b71a7e,Which star of The Human Stain was born in 1937?,ace_focused_220,ace_focused_220,0.2854502751455922,0.2853932203981223,0.284059267245882,0.3578447098174704,0.42857142857142855,279,5,0.0,0.0,273,5,0.0,0.0,278,4,0.0,0.0,273,5,0.0,0.0,198,5,0.0,0.0
5a7f7ca25542994857a76747," Keith Konrad Slettedahl appeared on which season of ""How I Met Your Mother""?",chunk_packed_280,ace_focused_220,0.3772730631364929,0.377512263390956,0.3915865957579398,0.3629662113261377,0.25,279,5,0.0,0.0,276,5,0.0,0.0,276,5,0.0,0.0,278,5,0.0,0.0,205,4,0.0,0.0
5adca8375542990d50227cd4,"What year was the song that some critics compared to ""Fading"" released? ",ace_focused_220,ace_focused_220,0.24947094616408078,0.2659215918699789,0.2726233950713349,0.3036160423720211,0.25,278,5,0.0,0.0,278,4,0.0,0.0,279,5,0.0,0.0,279,4,0.0,0.0,209,4,0.0,0.0
5ac3e1075542995c82c4ac78,The Hip Hop Republican was credited with giving blacks emphasizing traditionalism and capitalism a sense of community during which presidential election?,chunk_packed_280,ace_focused_220,0.3400195203246903,0.4068724876125538,0.37855890649542356,0.35445142899730386,1.0,268,5,0.0,0.0,273,5,1.0,1.0,263,5,0.0,0.0,260,5,0.0,0.0,204,2,1.0,1.0
5a7db0915542990b8f503a30,"What German philosopher, economist and political theorist was Jakob Lukas Schabelitz a friend and associate of?",chunk_packed_280,ace_focused_220,0.3368502595648424,0.3630413213578382,0.35295587762228786,0.3455433941949884,1.0,278,5,0.0,0.0,273,5,0.0,0.0,264,5,1.0,1.0,280,5,1.0,1.0,204,5,1.0,1.0
5a81e04455429903bc27b9f9,What was the creator of the Moshulu Parkway known as?,chunk_packed_280,ace_focused_220,0.2543609909216058,0.21199455129558298,0.21178091399761634,0.2796368480860189,0.42857142857142855,271,5,0.0,0.0,264,3,0.0,0.0,255,3,0.0,0.0,265,4,0.0,0.0,201,4,0.0,0.0
5a8a573355429970aeb7029a,"The ""unofficial national anthem"" of Australia is the basis for the nickname of what soccer team?",chunk_packed_280,ace_focused_220,0.3340568877250726,0.29681452168741157,0.3451534948641589,0.3362620307346811,0.42857142857142855,272,5,0.0,0.0,280,4,0.0,0.0,266,4,0.0,0.0,258,5,0.0,0.0,202,4,0.0,0.0
5a75e60e55429976ec32bc88,During the Carnival in Rio de Janeiro who is the official singer of the samba school Mangueira?,ace_focused_220,ace_focused_220,0.2975490636561093,0.3065699792346103,0.30708458252928317,0.33696088658636153,0.6666666666666666,275,5,0.0,0.0,265,5,0.0,0.0,261,5,0.0,0.0,268,5,0.0,0.0,177,4,0.0,0.0
5abce73055429959677d6b34,Riaz-Ur-Rehman Saghar wrote songs for the Pakistani singer who has performed at what US venue?,chunk_packed_280,ace_focused_220,0.28903698615195206,0.3371452799310857,0.32204729249056774,0.3003977422038222,0.6666666666666666,270,5,0.0,0.0,262,5,0.0,0.0,264,5,0.0,0.0,261,5,0.0,0.0,204,5,0.0,0.0
5a87572d5542994846c1cd6b,WLMW is licensed to a city in which county?,ace_focused_220,ace_packed_280,0.24412954681227794,0.28086390953312634,0.29201151778326984,0.33127938539701296,0.42857142857142855,268,5,0.0,0.28571428571428575,275,5,0.0,0.0,275,5,0.0,0.0,260,5,0.0,0.3333333333333333,207,4,0.0,0.0
5a89761d5542995153361310,Christmas in the Sun was performed mainly by the entertainer of what nationality?,ace_focused_220,ace_focused_220,0.32455629858052426,0.3121540846979429,0.33095329198943213,0.36795370995368687,0.42857142857142855,271,5,1.0,1.0,252,5,1.0,1.0,249,5,1.0,1.0,275,5,1.0,1.0,200,4,1.0,1.0
5a8d5f16554299585d9e37c5,"Which goalkeeper was nicknamed the ""Black Spider"", Turgay Şeren or Lev Yashin?",chunk_packed_280,ace_focused_220,0.29937456832462567,0.2977474904298917,0.3022088696486859,0.3262770627566246,0.6666666666666666,273,5,1.0,1.0,260,5,1.0,1.0,260,5,1.0,1.0,259,5,1.0,1.0,209,4,1.0,1.0
5ae7cea355429952e35ea9c1,"What is the name of the series who's first season was released on Netflix on September 22, 2016 and stars actor pronounced as John-a-kite?",ace_focused_220,ace_focused_220,0.3209739533087628,0.3299795708114195,0.3238181857040458,0.37769233331945307,0.42857142857142855,262,5,0.0,0.0,269,5,0.0,0.0,262,5,0.0,0.0,275,5,0.0,0.0,216,5,0.0,0.0
5ab600fb554299488d4d9a82,Under Which Stanmore born prime minister was John Gorton a serving minister? ,ace_packed_280,hybrid_packed_280,0.31301881402294846,0.306578529936091,0.31199329901649764,0.347101267470424,0.42857142857142855,224,5,0.0,0.0,279,5,0.0,0.0,245,5,1.0,1.0,267,5,0.0,0.0,210,5,0.0,0.0
5a7f7c285542994857a76746,California joined the Union due to the passage of a package of how many separate bills?,ace_focused_220,ace_focused_220,0.23142902997544534,0.23590841615919905,0.23668345395440465,0.36715824244948103,0.42857142857142855,272,5,1.0,1.0,277,5,1.0,1.0,279,5,1.0,1.0,270,5,0.0,0.0,211,4,1.0,1.0
5ade61fd554299728e26c704,Get Off is an album by a group using which style originating in NYC in the early 1970s?,chunk_packed_280,ace_focused_220,0.30991344782346925,0.3313915674886846,0.30599760308716306,0.33195928521144646,0.6666666666666666,256,5,1.0,1.0,272,5,1.0,1.0,262,5,1.0,1.0,276,5,1.0,1.0,216,5,1.0,1.0
5a73630655429901807db020,"Who was born first, Antonin Artaud or  Elizabeth Taylor?",ace_focused_220,ace_packed_280,0.25584609353641175,0.26336101266916134,0.2634706476931631,0.32053273336430377,0.6666666666666666,272,5,1.0,1.0,229,5,0.0,0.0,229,5,0.0,0.0,265,5,1.0,1.0,215,5,0.0,0.0
5ab916e155429919ba4e23a4,12 Years a Slave starred what British actor born 10 July 1977),ace_focused_220,ace_focused_220,0.2836099489484082,0.41734649842686733,0.3979977259977646,0.42060003716818195,0.25,271,5,0.0,0.5,259,5,0.0,0.5,259,5,0.0,0.5,267,5,0.0,0.5,217,4,0.0,0.5
5ae0af5555429945ae95941e,EMU Australia is best known for their unisex style boots that are typically made of what?,chunk_packed_280,ace_focused_220,0.2863259378209258,0.27272555352465444,0.28245642324895814,0.304953163803374,1.0,253,5,1.0,1.0,258,5,1.0,1.0,253,5,1.0,1.0,273,5,1.0,1.0,201,5,1.0,1.0
5a865bbf5542991e77181615,what movie starring Melissa McCarthy features a character named Slimer?,ace_focused_220,ace_packed_280,0.23308043590204552,0.20590248227961477,0.20954664926563096,0.27338335598888475,0.42857142857142855,258,5,0.0,0.0,260,5,0.0,0.0,260,5,0.0,0.0,278,5,0.0,0.5,214,5,0.0,0.4
5a8fa20555429918e830d298,"In 1967, there were how many active members in the organization whose first Grand Wizard was convicted for the 1966 murder of Vernon Dahmer? ",ace_focused_220,chunk_packed_280,0.23027486237433176,0.29205602539638365,0.2540848038843675,0.2538531495484065,1.0,272,5,0.0,0.8,279,5,0.0,0.0,272,5,0.0,0.8,275,4,0.0,0.0,203,4,0.0,0.0
5ab97cd0554299753720f81a,Elizabeth Austin wrote for a fitness magazine founded by who?,chunk_packed_280,ace_focused_220,0.2638954842996543,0.266396371260744,0.27352793938050507,0.2861498167596829,0.42857142857142855,273,5,1.0,1.0,273,5,1.0,1.0,273,5,1.0,1.0,269,5,1.0,1.0,215,5,1.0,1.0
5ae7ed9555429952e35ea9e6,The Italian surname Bellini is normally written after what names?,ace_focused_220,chunk_packed_280,0.3106331014512287,0.3230570089716709,0.2990193751615616,0.36457361754849293,1.0,273,5,1.0,1.0,279,5,0.0,0.0,273,5,1.0,1.0,249,5,0.0,0.0,212,5,0.0,0.5
5aded1595542995ec70e8f29,Juhi Parmar who appears in colors TV's high rated mythological show shani which premiered on November 7 2013 was born when?,ace_focused_220,ace_focused_220,0.296325004658074,0.3457484854520836,0.32798897725944554,0.3711703919653909,1.0,264,5,0.0,0.0,273,5,0.0,0.8571428571428571,264,5,0.0,0.0,262,5,0.0,0.8571428571428571,211,5,0.0,0.8571428571428571
5adc3aff5542996e685252eb,What star in the film Up at the Villa has earned the title of knighthood?,chunk_packed_280,ace_focused_220,0.34388782106223725,0.2909081278211946,0.32720342215874315,0.3450454735003633,0.42857142857142855,263,5,0.0,0.0,270,5,0.0,0.0,268,5,0.0,0.0,254,5,0.0,0.0,211,5,0.0,0.0
5ae2ee5e5542991a06ce990a,The 1st Virginia Regiment saw action at a battle that led to the departure of what Royal Governor?,ace_focused_220,ace_focused_220,0.27959040715615113,0.29152000077392237,0.29109013201071793,0.3283197814538015,0.42857142857142855,271,5,0.0,0.6666666666666666,276,5,0.0,0.6666666666666666,276,5,0.0,0.6666666666666666,269,5,0.0,0.6666666666666666,220,3,0.0,0.6666666666666666
5a8e42d15542995a26add4a6,"Zhangye and Nan'an, Fujian are both located where?",chunk_packed_280,ace_focused_220,0.29303155062646336,0.30395214472547794,0.2917737350057332,0.298168377991083,0.6666666666666666,280,5,0.0,0.0,267,5,0.0,0.0,279,5,0.0,0.0,268,5,0.0,0.0,214,5,0.0,0.0
5a7a33a35542994f819ef14c,What is the middle name of the female MSNBC journalist critiqued on the Daily Howler?,ace_focused_220,ace_focused_220,0.2531437346731055,0.25940521710288394,0.26765663054262423,0.31906568304820093,1.0,272,5,0.0,0.0,275,4,0.0,0.0,276,5,0.0,0.0,271,5,0.0,0.0,220,5,0.0,0.0
5ae69fa755429908198fa66c,Jeff Bhasker won a Grammy Award for a song that was the fourth single from what studio album?,ace_focused_220,ace_focused_220,0.25428207823522064,0.23994792972675955,0.2501899302607898,0.2948644148609503,0.6666666666666666,274,5,0.0,0.0,275,4,0.0,0.0,272,5,0.0,0.0,279,5,0.0,0.0,216,5,0.0,0.0
5a7e279d5542995ed0d166b5,What is the population of the birth city of Daniela Scalia?,ace_focused_220,ace_focused_220,0.2798367208212964,0.23107633769538502,0.27737475788558413,0.31432712351946723,0.25,270,4,0.0,0.0,265,4,0.0,0.0,270,5,0.0,0.0,273,5,0.0,0.0,207,5,0.0,0.0
5a79c6a55542994bb9457091,"What prolific English engineer, who died on 15 December 1857, contributed to the advent of the hot air engine by way of their open cycle devices?",chunk_packed_280,ace_focused_220,0.25907410584449964,0.269709711208555,0.26606720877348383,0.27963536699012786,0.42857142857142855,273,5,0.0,0.8,276,5,0.0,0.8,269,5,0.0,0.8,276,5,0.0,0.8,215,3,0.0,0.8
5a739d8c55429905862fe073,"Near which town did the family of author of the ""Adventures of Huckleberry Finn"" own several tracts of land?",ace_focused_220,bm25_packed_280,0.25781381260435343,0.29805425816176057,0.289761485678941,0.33137579304245146,0.25,260,5,0.0,0.0,265,5,1.0,1.0,265,5,0.0,0.0,274,6,0.0,0.0,220,6,0.0,0.0
5a7fc21455429969796c1b4b,Who narrates the documentary television series that features the largest airline in the United Kingdom based on fleet size? ,ace_focused_220,ace_focused_220,0.24075074777338046,0.22929477133563336,0.23719064322655323,0.31520582084240645,1.0,280,5,1.0,1.0,273,4,0.0,0.0,280,5,1.0,1.0,257,5,1.0,1.0,204,4,1.0,1.0
5ae1da385542997283cd2297,"Which actresses appeared with the mother of Robert Lowery Hanks in the film ""Little Women""?",chunk_packed_280,chunk_packed_280,0.25012484985829764,0.24556377958874182,0.2536950524603274,0.2696499312455078,0.25,266,5,0.0,0.8,265,5,0.0,0.0,280,5,0.0,0.6666666666666666,276,5,0.0,0.6666666666666666,211,3,0.0,0.0
5ab5f249554299488d4d9a5d,What class of yamaha class sport bike motorcycle did Ryuji Yokoa use when he finished as champion in the MFJ All Japan Road Race GP250 Championship in 2006?,ace_focused_220,ace_focused_220,0.28993095913095335,0.3006479724818226,0.30588086705919504,0.3477736598238567,1.0,278,5,0.0,0.0,276,5,0.0,0.0,268,5,0.0,0.0,280,5,0.0,0.0,208,5,0.0,0.0
5ab9180b5542991b5579f0f3,The Running Man Brothers is a South Korean pop duo. Kim Jong-kook is one member and he is from what country?,chunk_packed_280,ace_focused_220,0.3782881741823736,0.40978402276065506,0.3958676471092406,0.37860650260716955,0.6666666666666666,268,5,1.0,1.0,268,5,1.0,1.0,268,5,1.0,1.0,258,5,1.0,1.0,219,5,1.0,1.0
5ae0f8a05542997b2ef7d0bc,Phil Edwards is an American surfer from California whose photo appeared in the cover of what magazine which has over 3 million subscribers and is read by 23 million people each week?,ace_focused_220,ace_focused_220,0.29895048960374315,0.3029211821572463,0.2850744211132944,0.37398062800292814,0.6666666666666666,259,5,1.0,1.0,272,4,1.0,1.0,266,5,1.0,1.0,274,5,1.0,1.0,215,4,1.0,1.0
5a7c8e7955429935c91b521a,Back Home is a children's historical novel adapted into a TV drama starring what English actress born in 1946?,chunk_packed_280,ace_focused_220,0.3644615822312034,0.4034042075304658,0.3948853568692893,0.3574103344706894,0.42857142857142855,270,5,0.0,0.5714285714285715,269,5,0.0,0.5714285714285715,270,4,0.0,0.5714285714285715,242,5,0.0,0.5714285714285715,181,4,0.0,0.5714285714285715
5ae5d008554299546bf82f7d,The 2015 CrossFit Games were held at what multiple-use sports complex that is approximately 14 miles south of Downtown Los Angeles?,ace_focused_220,ace_focused_220,0.29552774035790386,0.28421199346294657,0.305387665836447,0.3111657096559183,0.6666666666666666,266,5,1.0,1.0,280,5,1.0,1.0,262,5,1.0,1.0,266,5,1.0,1.0,197,4,1.0,1.0
5abbaed855429931dba144aa,What day in November is Southpark most congested?,chunk_packed_280,ace_focused_220,0.28198630115292167,0.3344128491569369,0.31116235738191367,0.2623387896257393,0.3333333333333333,275,5,0.0,0.0,266,5,0.0,0.0,261,5,0.0,0.0,265,3,0.0,0.0,217,3,0.0,0.0
5ae1316555429901ffe4adda,Were Goo Goo Dolls and Echosmith formed in the same city?,ace_focused_220,ace_focused_220,0.2351637023854779,0.2619151652265346,0.27368571547928366,0.33601621492079103,0.6666666666666666,279,5,0.0,0.0,277,5,0.0,0.0,268,5,0.0,0.0,273,5,0.0,0.0,199,5,0.0,0.0
5a74512b55429974ef308bd5,Who published the film magazine that Peter Biskind was executive editor of from 1986 to 1996?,ace_focused_220,ace_focused_220,0.3021593034336132,0.3092949807164376,0.32150148494907876,0.3978340326759991,0.42857142857142855,274,5,0.0,0.0,264,5,0.0,0.0,270,5,0.0,0.0,270,5,0.0,0.6666666666666666,199,4,0.0,0.6666666666666666
5a80aeff5542996402f6a5eb,"For what ""first"" was Ivory Lee Brown's nephew credited for in Heisman Trophy balloting?",chunk_packed_280,ace_focused_220,0.27301847003282625,0.26930685948662525,0.25890884785171847,0.3029228341515705,0.42857142857142855,253,4,0.0,0.0,279,5,0.0,0.0,277,5,0.0,0.0,279,5,0.0,0.0,209,4,0.0,0.0
5a88a4e65542997e5c09a671,The boxer that defeated Oliver Lavigilante in the 2012 Summer Olympics is of what nationality?,chunk_packed_280,ace_focused_220,0.3784714159122978,0.37685158169100574,0.3939184618370457,0.32075336340967686,0.6666666666666666,276,5,0.0,0.6666666666666666,271,5,0.0,0.6666666666666666,280,5,0.0,0.6666666666666666,267,5,0.0,0.6666666666666666,194,5,0.0,0.6666666666666666
5ae2eda355429928c4239570,Who wrote the tragic play which also has a 1968 film with a soundtrack by Nino Rota?,ace_focused_220,ace_focused_220,0.28986270850409157,0.31759511752107583,0.3055901072986992,0.3376773039163635,0.6666666666666666,273,5,1.0,1.0,251,5,1.0,1.0,251,5,1.0,1.0,272,5,1.0,1.0,217,5,1.0,1.0
5a836a2d554299334474600f,What ended the career of the German composer of Bunte Blatter?,chunk_packed_280,hybrid_packed_280,0.23049808520612242,0.2185164419946432,0.21873673098170543,0.2144849295963122,0.25,259,5,0.0,0.0,280,5,1.0,1.0,258,5,1.0,1.0,277,5,0.0,0.0,214,4,0.0,0.0
5a78d01d55429974737f78b3,"The singer known as the ""Ballad Prince"" was on a romantic comedy that aired on what state-run channel from August 11 to September 30, 2010?",chunk_packed_280,ace_focused_220,0.29019614588479603,0.2885986379893335,0.2890768464539488,0.22297844264880845,0.25,264,5,1.0,1.0,270,5,1.0,1.0,277,5,1.0,1.0,270,5,1.0,1.0,209,5,1.0,1.0
5ae46c9d5542996836b02c9d,What prize was won in 1963by this physicist who was part of the Princeton Three?,ace_focused_220,ace_focused_220,0.27038162387155196,0.229891209135137,0.2686907676803191,0.3034267254501841,0.6666666666666666,266,4,0.0,0.6666666666666666,273,4,0.0,0.5,266,4,0.0,0.6666666666666666,270,5,0.0,0.6666666666666666,216,5,0.0,0.6666666666666666
5a80e03e55429938b614222c,This American film and stage actor played the self-destructive soldier Prewitt in Fred Zinnemann's 1953 film that centers around which event?,chunk_packed_280,ace_focused_220,0.2525835686397715,0.2767335637609142,0.25101238825888417,0.25199935102629556,0.6666666666666666,267,5,0.0,0.0,272,5,0.0,0.0,279,4,0.0,0.0,267,5,0.0,0.0,215,5,0.0,0.0
5a7270395542992359bc30a8,When was the city George Consider Hale was born in founded?,ace_focused_220,ace_focused_220,0.2888501002499158,0.30374715044759293,0.30169836541010264,0.33419218945933715,0.42857142857142855,280,5,0.0,0.0,270,5,0.0,0.0,270,5,0.0,0.0,272,5,0.0,0.0,211,4,0.0,0.0
5ab8261655429934fafe6cf1,What Metropolitan City was Massimo Giordano born in?,ace_focused_220,ace_focused_220,0.29508216566374945,0.31699709602418014,0.3071249854194915,0.33533933814394634,0.6666666666666666,271,4,0.0,0.0,263,5,0.0,0.0,278,5,0.0,0.0,272,5,0.0,0.0,219,4,0.0,0.0
5abc41315542993a06baf8bb,Mía Maestro had a role in the 2002 biopic directed by whom?,ace_focused_220,hybrid_packed_280,0.28770061955593496,0.27013541623218595,0.31742085869368863,0.33595618032687635,0.25,255,5,0.0,0.0,280,5,1.0,1.0,253,5,1.0,1.0,278,5,0.0,0.0,208,5,0.0,0.0
5abd455c55429924427fcf5a,What does Age of Chance and Vector share in common? ,chunk_packed_280,ace_focused_220,0.28991478590263453,0.23633176823579763,0.23018943249732488,0.310511835820482,0.25,279,5,0.0,0.0,263,4,0.0,0.0,263,4,0.0,0.0,280,5,0.0,0.0,208,5,0.0,0.0
5ab97d0a5542996be202051e,Who was hung for assisting the attempted surrender of a defector from the American Continental Army to the British Army?,hybrid_packed_280,ace_focused_220,0.3069652335886798,0.36921969979021085,0.3497700364254137,0.31037545846876347,0.6666666666666666,269,4,1.0,1.0,274,5,1.0,1.0,274,5,1.0,1.0,269,4,1.0,1.0,213,5,1.0,1.0
5a7a96555542990198eaf159,Who starred in more films Margaret Landon or Elizabeth Taylor?,ace_focused_220,ace_focused_220,0.24717168578995752,0.2696576999976651,0.24131803615718334,0.30900222319464876,0.6666666666666666,258,5,0.0,0.6666666666666666,265,4,0.0,0.6666666666666666,248,5,0.0,0.6666666666666666,265,5,0.0,0.6666666666666666,207,5,0.0,0.6666666666666666
5a8c7057554299653c1aa066,Both the 2010–11 UEFA Champions League knockout phase  and 011 UEFA Champions League Final were held at what London stadium?,ace_focused_220,ace_focused_220,0.3886229597071881,0.38494516457465344,0.39150057061821475,0.44089015833697576,0.6666666666666666,266,5,0.0,0.6666666666666666,266,5,0.0,0.6666666666666666,264,5,0.0,0.6666666666666666,261,5,0.0,0.6666666666666666,192,4,0.0,0.6666666666666666
5a7663665542992d0ec060d3,What election will take place on the same day as the United States Senate election in Texas?,chunk_packed_280,ace_focused_220,0.3915357649145359,0.3840088198525454,0.3943827663170454,0.39136952323095453,1.0,254,5,0.0,0.28571428571428575,266,5,0.0,0.28571428571428575,254,5,0.0,0.28571428571428575,254,5,0.0,0.28571428571428575,146,3,0.0,0.28571428571428575
5abd920e55429924427fd05d,Were both Peter Duffell and Fred Niblo actors?,ace_focused_220,ace_focused_220,0.2810437308235929,0.2916077686728329,0.2801741758949944,0.32641273031792484,0.42857142857142855,269,5,0.0,0.0,239,5,0.0,0.0,231,5,0.0,0.0,267,5,0.0,0.0,219,5,0.0,0.0
5ae47ae05542995ad6573d4f,The hip hop group Strange Fruit Project relates its name to what song by a famous female jazz musician and singer known for her vocal delivery and improvisational skills?,chunk_packed_280,ace_focused_220,0.25674518530422197,0.2685342626678475,0.2655055119819158,0.2721530965225313,0.42857142857142855,278,4,1.0,1.0,278,4,1.0,1.0,278,4,1.0,1.0,254,5,1.0,1.0,213,5,1.0,1.0
5ae25ed15542992decbdccd2,Both Sorbaria and Goldenrod are a genus of more than 50 flowering plants?,chunk_packed_280,ace_focused_220,0.3166197890375544,0.31941915219607414,0.3324130461552135,0.3122152569181431,0.6666666666666666,262,5,0.0,0.0,275,5,0.0,0.0,279,5,0.0,0.0,259,5,0.0,0.0,197,5,0.0,0.0
5a8b7e9c5542995d1e6f13c1,Psychopsis and Aubrieta are both genuses of which type of plants?,chunk_packed_280,bm25_packed_280,0.2205957499024495,0.21539851773025454,0.2229755422490959,0.2344137456998801,1.0,278,5,0.0,0.0,275,4,0.0,0.6666666666666666,269,5,0.0,0.0,263,5,0.0,0.0,217,5,0.0,0.0
5a7265a95542992359bc307a,In what year did construction begin on the stadium where the 2013 America East Men's Lacrosse Tournament was held?,chunk_packed_280,chunk_packed_280,0.33296126268644494,0.3307141069091008,0.3333549755242562,0.362644951883772,0.25,275,5,0.0,0.6666666666666666,265,5,0.0,0.0,265,5,0.0,0.0,261,5,0.0,0.0,208,4,0.0,0.0
5add889b5542997545bbbd68,A song sung by Palak Muchhal was picturized by what Indian film actress?,ace_focused_220,ace_focused_220,0.2940542278506595,0.29197561631530194,0.27398093968703385,0.32430297964130406,0.6666666666666666,279,5,0.0,0.0,280,5,0.0,0.0,280,5,0.0,0.0,271,5,1.0,1.0,208,5,1.0,1.0
5abed7d75542990832d3a0f7,SR connector is based on the connector that is often used for what type of cable?,chunk_packed_280,ace_focused_220,0.3663450926163794,0.3541110498532477,0.35979800633931913,0.32683216544370874,0.42857142857142855,278,5,0.0,0.6666666666666666,272,5,0.0,0.6666666666666666,272,5,0.0,0.6666666666666666,275,5,0.0,0.0,210,4,1.0,1.0
5ab8c3c65542991b5579effd,How many albums did the company who released Tift Merritt's debut album release for Tif Merritt?,chunk_packed_280,ace_focused_220,0.29254676651233624,0.2927821216838174,0.28469918349207446,0.29249630498311585,0.6666666666666666,259,5,0.0,0.0,273,5,0.0,0.0,273,5,0.0,0.0,270,5,0.0,0.0,210,5,1.0,1.0
5ae6179b5542992663a4f25b,Which Hong Kong actor born on 19 August 1946 starred in The Sentimental Swordsman,chunk_packed_280,ace_focused_220,0.3156422392321475,0.31668604799136124,0.33345338848800377,0.3113724463862991,1.0,275,5,0.0,0.0,276,5,0.0,0.0,252,5,0.0,0.0,276,5,0.0,0.0,216,4,0.0,0.0
5a80838d5542992bc0c4a745,"Which game can have more players, The Magic Labyrinth or Shogun?",ace_focused_220,ace_focused_220,0.334795267690701,0.333955742138929,0.33811399654563085,0.36151416758212307,0.6666666666666666,277,5,1.0,1.0,263,5,1.0,1.0,263,5,1.0,1.0,273,5,0.0,0.5,187,4,1.0,1.0
5a7cd7f055429909bec7683e,What school was the actress who appeared with Michelle Williams in the last play by Russian playwright Anton Chekhov attending when she was signed on for a talent holding deal?,ace_focused_220,ace_focused_220,0.24561551205040882,0.25470567508480135,0.2527790831314725,0.3010552936605933,0.42857142857142855,270,5,1.0,1.0,257,5,1.0,1.0,257,5,1.0,1.0,278,5,1.0,1.0,212,4,1.0,1.0
5ac3a10b5542995ef918c1c3,"On which 2012 American military science fiction action film, directed by Peter Berg, did Jason Snell work? ",ace_focused_220,ace_focused_220,0.2659428945352241,0.29711671902727754,0.2806557048085895,0.3098371527192496,0.6666666666666666,260,4,1.0,1.0,278,5,1.0,1.0,247,4,1.0,1.0,270,5,1.0,1.0,209,3,1.0,1.0
5ab8764155429919ba4e22fe,What profession was both John Updike and Bret Easton Ellis ?,ace_focused_220,ace_focused_220,0.27130418931167577,0.2708250408914819,0.2768070190911306,0.36587608241466024,0.6666666666666666,257,5,0.0,0.0,265,5,0.0,0.0,272,5,0.0,0.0,274,5,0.0,0.0,217,5,0.0,0.0
5a7cf4e355429907fabef062,What was Todd Boehly's former position at the firm where Mark Walter is the CEO?,ace_focused_220,ace_packed_280,0.25847170019050963,0.25096322426268075,0.2686356839174607,0.4009811238780189,0.6666666666666666,277,5,0.0,0.33333333333333337,269,5,0.0,0.33333333333333337,274,5,0.0,0.6666666666666666,276,5,1.0,1.0,220,5,0.0,0.33333333333333337
5a8f06075542995b44241f2d,"What car did the German rally driver, who won victories for Fiat, Opel, Lancia, and Audi drive?",chunk_packed_280,ace_packed_280,0.3280272486836773,0.3617291032294751,0.3476818444174037,0.3325319112757352,0.42857142857142855,268,5,0.0,0.8,276,5,0.0,0.8,267,5,0.0,0.8,263,4,0.0,0.8,203,4,0.0,0.4
5ac09da45542996f0d89cc1d,"What is the main flavor of both soft drinks, Solo from Norway, and Sunkist?",chunk_packed_280,ace_focused_220,0.29762879994265345,0.30446005284012123,0.30317128964141815,0.3148499499573331,0.6666666666666666,272,5,1.0,1.0,263,5,1.0,1.0,265,5,1.0,1.0,255,5,1.0,1.0,215,4,1.0,1.0
5a8a4b9955429930ff3c0d88,Who wrote the lyrics to the 2016/2017 Australian production that stars Gretel Scarlett as Kathy Selden?,hybrid_packed_280,ace_focused_220,0.2978540504283228,0.3566065750811892,0.34302956958105413,0.3361408501053762,0.42857142857142855,272,5,0.0,0.0,270,5,0.0,0.0,278,5,0.0,0.0,277,5,0.0,0.0,217,4,0.0,0.0
5a8b7d925542995d1e6f13bd,"""Horrible Bosses"" is written by a writer in which career?",ace_focused_220,ace_focused_220,0.2594678978919512,0.2654772981263516,0.26246458664374606,0.33176405906254647,0.6666666666666666,279,5,0.0,0.0,275,5,0.0,0.0,275,5,0.0,0.0,280,5,0.0,0.0,216,4,0.0,0.0
5a8a09ff5542992d82986e6b,When did the husband of William Roper bornj who was also the father of  Margaret Roper?,chunk_packed_280,ace_focused_220,0.2924716831643799,0.28405747828257866,0.29056104389057,0.31291500534449573,1.0,278,5,0.0,0.0,276,5,0.0,0.0,273,5,0.0,0.0,276,5,0.0,0.0,218,5,0.0,0.0
5ab2d65e554299545a2cfabe,The standard that defines Svalbard and Jan Mayen is similar to what standard that originated in the United Nations Statistics Division?,ace_focused_220,hybrid_packed_280,0.29342625187640303,0.31148734290039415,0.28371246022993163,0.36492004672746187,0.6666666666666666,280,5,0.0,0.0,279,5,0.0,0.0,280,5,1.0,1.0,278,5,0.0,0.8,215,4,0.0,0.0
5a711cb45542994082a3e59f,"Who has won more Grand Slam women's doubles titles, Lisa Raymond or Liezel Huber?",chunk_packed_280,bm25_packed_280,0.28908869854753616,0.3036317395418225,0.2947636933506125,0.2656963110920858,1.0,276,5,0.0,0.0,277,5,1.0,1.0,277,5,1.0,1.0,273,5,0.0,0.0,219,5,0.0,0.0
5a746ddc55429929fddd8423,"Who is older, Thomas Friedman or English author David Lodge?",chunk_packed_280,hybrid_packed_280,0.3387914237061356,0.3149634527587286,0.31400613459851745,0.34694238116762866,0.6666666666666666,232,5,0.0,0.0,122,5,0.0,0.0,65,5,0.0,0.0,255,5,0.0,0.0,191,5,0.0,0.0
5ae4b55455429913cc2044db,"Among the cast for ""Suicide Squad"", who has also appeared in ""Flags of Our Fathers""?",chunk_packed_280,ace_focused_220,0.26010919213767614,0.2732007610680777,0.26624498941337404,0.2826797492225709,0.25,276,5,1.0,1.0,268,5,1.0,1.0,268,5,1.0,1.0,279,5,1.0,1.0,218,4,1.0,1.0
5ab6087a554299110f2199be,Do both Korematsu v. United States and Chaplinsky v. New Hampshire cases regard the rights of U. S. citizens?,chunk_packed_280,ace_focused_220,0.32624598570461977,0.3267310803834527,0.33665157029759063,0.3156947001195288,0.25,280,5,0.0,0.0,280,5,0.0,0.0,279,5,0.0,0.0,222,5,0.0,0.0,181,5,0.0,0.0
5adfc06d55429906c02daa2a,"What is the name of the largest shipping facility in the Northeastern United States, where the Boston Red Socks play?",ace_packed_280,chunk_packed_280,0.32479877804578194,0.33445560915425265,0.3310032431670674,0.38740060743668664,0.42857142857142855,244,4,1.0,1.0,267,5,1.0,1.0,273,5,1.0,1.0,277,5,1.0,1.0,214,4,0.0,0.28571428571428575
5adf51e05542995534e8c78a,What is Diego Tonetto's Italian passport called?,chunk_packed_280,hybrid_packed_280,0.3204870655810277,0.33010840806081854,0.33231001065706434,0.3099696383521985,0.6666666666666666,254,5,0.0,0.4,171,5,0.0,0.4,154,5,0.0,0.4,273,5,0.0,0.4,206,5,0.0,0.4
5ab4482b55429942dd415f09,"Which filmmaker is considered a pioneer, Herschell Gordon Lewis or Leah Meyerhoff?",ace_focused_220,ace_focused_220,0.27003791731401305,0.29699642609925614,0.2960019881655992,0.33191124030188623,0.6666666666666666,279,5,0.0,0.7499999999999999,262,5,0.0,0.7499999999999999,268,5,0.0,0.7499999999999999,280,5,0.0,0.7499999999999999,217,4,0.0,0.7499999999999999
5abfa0285542990832d3a171,Was Hoobastank or Fountains of Wayne formed first?,ace_focused_220,ace_focused_220,0.3045153730902843,0.36142798928111575,0.338821337260724,0.37499441863009164,0.6666666666666666,272,5,1.0,1.0,280,5,1.0,1.0,278,5,0.0,0.0,273,5,1.0,1.0,217,5,1.0,1.0
5a8b1a925542997f31a41c6e,"The actor known for his role as ""Freddie""  in The Deep Blue Sea won the Laurence Olivier Award for his role in which play?",ace_focused_220,chunk_packed_280,0.31700460065117547,0.31329974401175636,0.3109636153110725,0.35252197586091827,0.42857142857142855,250,4,1.0,1.0,255,4,1.0,1.0,250,4,1.0,1.0,272,5,0.0,0.0,212,4,0.0,0.0
5a7fc03d5542992097ad2fbc,Which county was included in the Diocese of Reno and was also the county seat of Ormsby County prior to 1969?,ace_focused_220,ace_focused_220,0.2781101799701058,0.26163009735450626,0.29390116761553475,0.4228438703034675,0.6666666666666666,276,5,0.0,0.0,279,5,0.0,0.0,276,5,0.0,0.0,271,5,0.0,0.0,217,5,0.0,0.0
5ae5ead6554299546bf82fd0,"Home was an animation film that included which Rihanna song that premiered on February 24, 2015?",chunk_packed_280,ace_focused_220,0.258557563732814,0.28286072950763697,0.2672513433783713,0.27984727313800706,0.42857142857142855,263,4,1.0,1.0,261,4,1.0,1.0,277,4,1.0,1.0,256,5,1.0,1.0,202,5,1.0,1.0
5ae6371155429929b0807af1,"Which of the music composed for Operation Amsterdam originated in the middle of the 19th century in Bohemia, now part of the Czech Republic?",ace_focused_220,ace_focused_220,0.29814362989739734,0.26147721543938723,0.30971463835398716,0.4555921007078638,0.25,269,4,1.0,1.0,273,5,1.0,1.0,279,4,1.0,1.0,262,5,1.0,1.0,219,4,1.0,1.0
5a80f4c2554299260e20a1da,What is the nickname of the WWII battleship at the Fall River Heritage State Park?,ace_focused_220,chunk_packed_280,0.3466956263485783,0.3467749560317844,0.3484000457995647,0.42192534860477804,0.6666666666666666,265,4,1.0,1.0,278,5,0.0,0.0,278,5,0.0,0.0,264,5,0.0,0.0,200,4,0.0,0.0
5ac38bf355429939154137ba,"William McGrath was a loyalist from Northern Ireland, and was known for opposing what? ",chunk_packed_280,ace_focused_220,0.27798153698157296,0.2748033193033337,0.2783140490979692,0.30515899940234636,0.6666666666666666,269,5,0.0,0.0,268,5,0.0,0.0,268,5,0.0,0.0,278,5,0.0,0.0,215,5,0.0,0.0
5ae26c795542992decbdccfb,What footballer beat out a German professional footballer despite his 18 clean sheets?,hybrid_packed_280,ace_focused_220,0.19412863237080685,0.26358225247076883,0.24425643153659077,0.21517619215628775,0.25,280,4,0.0,0.0,262,5,0.0,0.0,271,5,0.0,0.0,276,5,0.0,0.8,209,4,0.0,0.8
5ae51fa25542992663a4f11f,Where is the group of islands named after Purdue University's professor of forest ecology from 1947 to 1973?,ace_focused_220,ace_focused_220,0.24345996365801265,0.24990266731346183,0.2520196740478946,0.29067876892184974,0.25,279,5,0.0,0.0,272,4,0.0,0.0,277,5,0.0,0.0,279,5,0.0,0.0,219,4,0.0,0.0
5ae13bf1554299422ee99634,What American pianist and composer was a guest muscian on the Manhattan Blues Project album by Steve Hunter?,ace_focused_220,ace_focused_220,0.3080699015507416,0.3302117819882465,0.3346908623494436,0.38681485045919234,0.6666666666666666,275,4,0.0,0.0,264,5,0.0,0.0,257,4,0.0,0.0,274,5,0.0,0.0,198,5,1.0,1.0
5a79e7b45542994f819ef0ff,"What is the best known novel from the author of ""Laura Warholic""?",ace_focused_220,ace_focused_220,0.2736968484731417,0.30090768680998226,0.30942556869994875,0.3494638398797269,0.1111111111111111,263,4,0.0,0.0,274,5,0.0,0.0,264,4,0.0,0.0,279,5,0.0,0.0,211,4,0.0,0.0
5a8ee7c95542990e94052bb1,What song originally released by an American rock band active in the late 1960's and early 1970's did The Reels do a cover of in 1986?,chunk_packed_280,ace_focused_220,0.3088195739092871,0.31150851738057217,0.32496499222807684,0.2958008753228768,0.6666666666666666,278,5,0.0,0.0,277,5,0.0,0.0,270,5,0.0,0.0,270,5,0.0,0.0,203,3,0.0,0.0
5a8bc0485542995d1e6f143d,What continents are the Moneuptychia found in?,chunk_packed_280,ace_packed_280,0.3360847316362226,0.3235042743144245,0.34020935112642436,0.31017445110937897,0.25,259,5,0.0,0.0,276,5,0.0,0.0,270,5,0.0,0.0,270,5,1.0,1.0,206,5,0.0,0.0
5adf3c155542993a75d2643a,What is the given name of the character depicted as Juliet Hulme in Heavenly Creatures?,ace_focused_220,ace_focused_220,0.24776064836137446,0.26843331692347683,0.2700920234500813,0.366190023789559,0.6666666666666666,276,5,0.0,0.0,270,4,0.0,0.0,270,4,0.0,0.0,275,5,0.0,0.0,217,5,0.0,0.0
5ab84bab55429934fafe6d49,"Terence Richard ""Terry"" Norris starred in a 2007 Australian drama film that was directed by Richard Roxburgh, and was based on a memoir by who?",ace_focused_220,ace_focused_220,0.29118882843249505,0.30958669815611667,0.2995257481366691,0.33898018106933714,1.0,268,5,1.0,1.0,271,5,1.0,1.0,272,5,1.0,1.0,280,5,1.0,1.0,190,3,1.0,1.0
5abb4b4a5542993f40c73aea,"Which university, attended by Jonas Tilly, is part of California's three-system public higher education plan?",chunk_packed_280,ace_focused_220,0.40376506000774814,0.3984657175695674,0.4121621976575317,0.4037807595102286,1.0,272,5,1.0,1.0,265,5,0.0,0.6666666666666666,278,5,1.0,1.0,263,5,1.0,1.0,197,4,1.0,1.0
5ae4885e55429970de88d99d,How many records has the singer which Robert Gale tour with during his fifteen year of tour sang with dropped ,chunk_packed_280,ace_focused_220,0.23715088282136365,0.20410937188555853,0.21450379983844034,0.22818993055195325,0.1111111111111111,269,5,0.0,0.0,273,5,0.0,0.0,267,5,0.0,0.0,269,5,0.0,0.0,209,5,0.0,0.0
5adf53dc5542995534e8c791,Who has more productions under their belt Ridley Scott or Elmer Clifton?,ace_focused_220,ace_focused_220,0.23261358096191315,0.2606941831989533,0.2544250515197109,0.26891264086061784,0.42857142857142855,261,5,0.0,0.0,280,5,1.0,1.0,276,5,1.0,1.0,269,5,1.0,1.0,207,4,1.0,1.0
5a7a70b355429941d65f2647,"Who was born later, Jerry Garcia or Joe Gooch?",chunk_packed_280,ace_focused_220,0.293554662207913,0.2894928670031455,0.30140148653710896,0.3059824367111734,0.42857142857142855,276,5,1.0,1.0,276,5,1.0,1.0,276,5,1.0,1.0,277,5,1.0,1.0,219,5,1.0,1.0
5a8911ad554299515336129c,"Nuestra Belleza México 2010 was crowned by the winner of what other 2010 pageant, the winner of which was crowned on 23 August 2010?",ace_focused_220,ace_focused_220,0.3123093868687058,0.3376750083894111,0.3284264775529271,0.3587814725478918,0.42857142857142855,279,5,1.0,1.0,280,5,0.0,0.8,280,5,0.0,0.6666666666666666,269,5,0.0,0.0,205,3,1.0,1.0
5ae6911955429908198fa626,M.F.A. starred the actress known for starring in what E! reality series?,chunk_packed_280,ace_focused_220,0.31809931527899526,0.2804966222933237,0.3261291081595312,0.3045132375128127,0.6666666666666666,270,5,0.0,0.0,273,5,0.0,0.0,279,5,0.0,0.0,252,5,0.0,0.0,194,5,1.0,1.0
5a843de75542992ef85e23b4,Which pirate-themed Las Vegas resort is one of many developed by Steve Wynn?,ace_focused_220,ace_focused_220,0.2863172459365849,0.2892699831835294,0.2816501700822309,0.3299271284290994,0.42857142857142855,279,5,0.0,0.0,278,5,0.0,0.0,267,5,0.0,0.0,280,5,0.0,0.0,208,4,0.0,0.0
5a7d22dc5542995ed0d16600,"How is Christopher Buckley related to the founder of ""National Review"" magazine?",ace_focused_220,chunk_packed_280,0.2904933242757144,0.27263973469396763,0.2664122697388263,0.3769175596503927,1.0,275,5,1.0,1.0,277,5,0.0,0.0,265,5,0.0,0.0,280,5,1.0,1.0,217,4,0.0,0.0
5a8a1a9c5542992d82986ebb,Ara Berberian sand for which role an opera by Giuseppe Verdi?,ace_packed_280,ace_focused_220,0.28231116064668316,0.28978012637664824,0.27605295163731897,0.3395244862377105,0.6666666666666666,251,5,0.0,0.0,275,5,0.0,0.0,261,5,0.0,0.0,272,5,0.0,0.0,219,5,0.0,0.0
5a8f7c9a55429918e830d239,Which NFL team did both Don Looney and DeSean Jackson play for?,chunk_packed_280,ace_packed_280,0.23502840898219246,0.28980196672100056,0.26416037289982114,0.26107418395864124,0.42857142857142855,263,4,0.0,0.0,273,4,1.0,1.0,273,4,1.0,1.0,272,5,1.0,1.0,201,3,0.0,0.6666666666666666
5ab92f1f554299753720f77b,What profession does 2007 Formula 3 Euro Series and Romain Grosjeanhave in common?,hybrid_packed_280,ace_focused_220,0.3115034935975756,0.3535279422420085,0.36645406342858977,0.3416142056712799,0.42857142857142855,255,5,0.0,0.6666666666666666,278,5,0.0,0.6666666666666666,257,5,0.0,0.6666666666666666,271,5,0.0,0.6666666666666666,208,5,0.0,0.6666666666666666
5a761e855542994ccc9186e0,Where are Catcha Lake and Hedley Mascot Mine located?,ace_focused_220,ace_focused_220,0.30064376414025024,0.2936143475705044,0.2974955271063631,0.37345647907002427,0.6666666666666666,266,5,0.0,0.0,280,5,0.0,0.0,266,5,0.0,0.0,265,5,0.0,0.0,212,3,0.0,0.25
5a7a01b15542996c55b2dcd1,"Who lived longer, Alejandro Jodorowsky or Philip Saville?",ace_focused_220,ace_focused_220,0.24823515069730318,0.24552102626115746,0.25195168769073967,0.33373778842700264,0.6666666666666666,269,4,0.0,0.0,250,5,0.0,0.0,250,5,0.0,0.0,243,4,0.0,0.0,218,4,0.0,0.0
5a733b835542991f9a20c6b2,"Which movie is loosley based off the Brother Grimm's ""Iron Henry""?",chunk_packed_280,ace_focused_220,0.24980882101660057,0.2574826017994881,0.2726956313971298,0.24869165645933522,0.6666666666666666,253,4,0.0,0.5714285714285715,271,5,1.0,1.0,276,5,1.0,1.0,279,5,0.0,0.5714285714285715,211,3,1.0,1.0
5ae04ea555429924de1b709e,Rawlins Park is a small public park in a neighborhood that got its name due to what ?,ace_focused_220,ace_focused_220,0.27407267350747094,0.25809358461879683,0.2649702073435491,0.32838487958509543,0.42857142857142855,278,5,0.0,0.0,267,5,0.0,0.0,280,5,0.0,0.0,280,5,0.0,0.0,213,4,0.0,0.0
5abd2eab5542992ac4f38210,Which suburb is a soap opera featuring a character named Beverly Marshall set in?,ace_focused_220,ace_focused_220,0.2789086671036877,0.27677033303857845,0.284088695790771,0.37216987632620624,0.6666666666666666,278,5,1.0,1.0,279,5,1.0,1.0,274,5,1.0,1.0,278,5,1.0,1.0,196,4,1.0,1.0
5a81e097554299676cceb129,What languages is the journal that Michel Feher semi-regularly blogs for published in?,chunk_packed_280,chunk_packed_280,0.2846904982904369,0.2652052916194627,0.28243945184644537,0.2609090693905131,0.42857142857142855,271,5,0.0,0.8571428571428571,270,5,0.0,0.4,270,5,0.0,0.4,279,5,0.0,0.4,218,4,0.0,0.6666666666666666
5ab6faec5542991d32223708,"Who has won more literary awards, Annie Dillard or Gabriel García Márquez?",chunk_packed_280,hybrid_packed_280,0.31801588076837034,0.22843721917725918,0.2642958703224645,0.31004624280268267,0.6666666666666666,265,5,0.0,0.7142857142857143,266,5,0.0,0.0,260,5,0.0,0.7142857142857143,280,5,0.0,0.7142857142857143,214,4,0.0,0.0
5a753c8c55429916b01642ab,"What song from the fourth studio album made by The Who reached No.4 on the UK charts and No. 19 o nthe U.S. ""Billboard"" Hot 100?",chunk_packed_280,ace_focused_220,0.340856122311318,0.3681665203658142,0.37462152828736806,0.2589213962077187,0.25,273,5,0.0,0.0,280,5,0.0,0.0,274,5,0.0,0.0,280,5,0.0,0.0,215,4,0.0,0.0
5ae22ede554299234fd0441b,Which company used a voice actor who also voiced He-Man?,ace_focused_220,ace_focused_220,0.2211879999876692,0.25706740508807935,0.25873173560376284,0.2780181905978003,0.6666666666666666,255,5,0.0,0.0,274,5,0.0,0.0,274,5,0.0,0.0,279,5,0.0,0.0,214,4,0.0,0.0
5a8b40b055429949d91db50c,"John Michael Montgomery has had more than 30 singles on the ""Billboard"" country music charts, but what single from his fourth studio album What I Do the Best never reached the top ten on the Hot Country Songs charts?",ace_focused_220,ace_focused_220,0.31214923287967583,0.3017042573431039,0.31205732343182924,0.3693934597737719,1.0,273,4,0.0,0.0,272,4,0.0,0.0,273,4,0.0,0.0,276,5,0.0,0.0,218,4,0.0,0.0
5ade8ad95542992fa25da7b8,Was Talking Heads and Man or Astro-man? formed further north?,ace_focused_220,ace_focused_220,0.31640835363219155,0.3479919005589388,0.34123563519514266,0.36281300550568335,0.6666666666666666,262,5,0.0,0.0,257,5,0.0,0.0,263,5,0.0,0.0,273,5,0.0,0.0,213,5,0.0,0.0
5a7b971255429927d897bff3,What season of Gilmore Girls featured an actress as a maid of honor who had also played the role of Winnie Foster?,chunk_packed_280,ace_focused_220,0.23699500632388978,0.2420140258843697,0.25061346000873364,0.25673704430964417,1.0,257,4,0.0,0.0,271,4,0.0,0.0,262,4,0.0,0.0,264,5,0.0,0.0,210,4,0.0,0.0
5ae2c4b8554299495565db31,What New York city is 60 miles northwest of the Glen Iris Inn?,ace_focused_220,ace_focused_220,0.2831984705432199,0.2780170566441423,0.28876789607628656,0.34249114611325093,0.6666666666666666,271,5,0.0,0.0,272,5,0.0,0.0,272,5,0.0,0.0,260,5,0.0,0.0,213,4,0.0,0.0
5ac508205542994611c8b32e,The M1919 and the M1 was used by what military?,ace_focused_220,ace_packed_280,0.24581011987928514,0.2360013337826069,0.23490134640696614,0.31887762432980143,0.6666666666666666,276,5,0.0,0.0,278,5,0.0,0.0,265,5,0.0,0.0,260,5,0.0,0.6666666666666666,220,5,0.0,0.0
5a74c85055429916b0164218,"Born on 6 March 1937, this man was also a citizen of the United Kingdom.",hybrid_packed_280,chunk_packed_280,0.23384436234678532,0.28752022811161027,0.2953663447021637,0.25936993492788024,0.25,259,5,0.0,0.5,269,5,0.0,0.0,273,5,0.0,0.0,271,5,0.0,0.0,211,4,0.0,0.0
5a75642c5542996c70cfaeed,Where is the investment firm that acquired TI Automotive in 2015 headquartered?,ace_focused_220,ace_focused_220,0.2537643974990673,0.2581445183320115,0.2793424749195722,0.3555687539086929,0.25,278,4,0.0,0.0,280,5,0.0,0.0,272,4,0.0,0.0,279,5,0.0,0.0,218,4,0.0,0.0
5ae6dd745542996d980e7ca0,"What novella was the basis of the movie that featured the song ""Wien, du Stadt meiner Träume"" by Rudolf Sieczyński?",chunk_packed_280,ace_focused_220,0.3382674223530513,0.34674468583091395,0.3371927309979118,0.3568806755207503,0.6666666666666666,264,5,0.0,0.0,253,5,0.0,0.0,253,5,0.0,0.0,261,5,1.0,1.0,199,5,1.0,1.0
5a74d64055429916b0164223,Which English Egyptologist is known mainly for his works in the Egyptian Museum that is named after the capital of Egypt?,chunk_packed_280,hybrid_packed_280,0.3271693020526405,0.35294674590940234,0.33999104730882357,0.3132194384092888,0.6666666666666666,275,5,1.0,1.0,271,4,1.0,1.0,269,5,1.0,1.0,258,5,0.0,0.0,196,4,0.0,0.0
5a7a616355429941d65f25f7,The team that would become the Little Giants was located in the county seat of which Ohio county?,chunk_packed_280,ace_focused_220,0.30867436839466234,0.3006463991841564,0.31792010084570865,0.31663156303795015,0.25,266,5,0.0,0.0,245,5,0.0,0.0,262,5,0.0,0.0,263,5,0.0,0.0,201,5,0.0,0.0
5aba9813554299232ef4a357,"Which is a choreographer, Yuen Woo-ping or Basil Dean?",chunk_packed_280,ace_focused_220,0.3136236266426987,0.28968343278342834,0.3156605962486422,0.31999812800596733,0.42857142857142855,271,5,0.0,0.0,276,5,1.0,1.0,271,5,1.0,1.0,272,5,0.0,0.0,214,4,1.0,1.0
5ae5669755429960a22e02ec,"Which of the campaign that brought out the term Vichy Republican on social media was formally launched on June 16, 2015, at Trump Tower in New York City?",ace_focused_220,bm25_packed_280,0.3039639606963969,0.2996505332621885,0.29585786410877896,0.39427683508180944,1.0,277,5,0.0,0.5,271,5,0.0,0.5,277,5,0.0,0.5,275,5,0.0,0.5,203,4,0.0,0.4444444444444445
5a79e1275542990198eaefe7,The 19 high-rise commercial buildings covering 22 acres between 48th and 51st Streets in New York City feature which style of architecture?,ace_focused_220,ace_focused_220,0.36476024453706724,0.4227010811640024,0.39463423921720675,0.42966431556033824,0.6666666666666666,261,5,0.0,0.0,279,5,0.0,0.0,278,5,0.0,0.0,264,5,0.0,0.8,219,4,0.0,0.8
5a9064c755429916514e74a6,What is the first name of Jack Benny Binion's father?,chunk_packed_280,ace_focused_220,0.31727433028144936,0.32330251531265225,0.3368647926441114,0.3237206677719898,1.0,275,5,1.0,1.0,264,5,0.0,0.0,277,5,1.0,1.0,279,5,1.0,1.0,212,5,1.0,1.0
5a872e8e5542991e7718170c,"Daniel Greene has created what for clients including sportscaster Bryant Gumbel, Eleanor Roosevelt, William Randolph Hearst and Dave Thomas, the founder of Wendy's?",ace_focused_220,ace_packed_280,0.2259753145413551,0.2794304575451557,0.2598425785022881,0.3131182545362382,0.6666666666666666,278,5,0.0,0.0,272,5,0.0,0.0,276,5,0.0,0.0,271,5,1.0,1.0,218,4,0.0,0.0
5ae6453e55429908198fa56c,Which MTV show was hosted by a member of the Likwit Crew?,ace_focused_220,ace_focused_220,0.31366828196186686,0.2890935917755941,0.29460918616455734,0.38819640309055087,0.42857142857142855,275,5,0.0,0.0,277,5,0.0,0.0,277,5,0.0,0.0,279,5,0.0,0.0,215,5,0.0,0.0
5a90970d5542995651fb51a5,Rainforest Ecological Train runs through a national park with an area of how many Kilometers ?,chunk_packed_280,ace_focused_220,0.3276627268861802,0.3389817670430597,0.3467299564978916,0.30192163465689603,0.1111111111111111,269,5,0.0,0.0,279,5,0.0,0.0,261,5,0.0,0.0,274,5,0.0,0.0,219,4,0.0,0.0
5ae15ae25542990adbacf767,How many records did Shane Lynch sell as a member of Boyzone?,ace_focused_220,bm25_packed_280,0.26673361570382126,0.2680676305909627,0.27333185515583114,0.3293813601490864,1.0,280,5,0.0,0.5,270,5,0.0,0.5,270,5,0.0,0.5,273,5,0.0,0.0,204,4,0.0,0.0
5a7e08b55542997cc2c474fe,What current NHL team owner played for the team that won the Stanley cup in 1992?,chunk_packed_280,chunk_packed_280,0.24738639046579547,0.24200290337564312,0.2559696124858516,0.2751197187407717,0.6666666666666666,270,4,1.0,1.0,274,4,0.0,0.0,255,4,0.0,0.0,250,5,0.0,0.0,220,5,0.0,0.0
5ab30336554299166977417c,Which American comedian starred in the original cast of Saturday Night Live and played Stan Winters in the sitcom Martin?,chunk_packed_280,ace_focused_220,0.3395762899251855,0.3611642532425496,0.3499696654766271,0.3409771331107538,0.42857142857142855,271,5,0.0,0.0,261,5,1.0,1.0,261,5,1.0,1.0,258,5,1.0,1.0,194,5,1.0,1.0
5a83b4d35542996488c2e495,The Sophia Amalia was named after the wife of a king that ruled which two countries in 1648?,ace_focused_220,hybrid_packed_280,0.2768107858035612,0.31202360765515874,0.2973406271806712,0.3717469926244395,1.0,276,5,0.0,0.8,250,5,0.0,0.8,259,5,1.0,1.0,268,5,0.0,0.8,208,4,0.0,0.8
5ab416a25542996a3a969f28,"Where was the Danish colony, in which the Scandinavian Collectors Club claims as part of their region and includes the islands of Saint Thomas, located?",chunk_packed_280,ace_focused_220,0.29412530623623323,0.2953671030391197,0.2876599708158886,0.30948217536744976,0.6666666666666666,258,5,0.0,0.0,265,5,0.0,0.0,265,5,0.0,0.0,259,5,0.0,0.0,215,5,0.0,0.0
5a7147fd5542994082a3e758,When was the king that started coin production in Copenhagen born?,ace_focused_220,ace_focused_220,0.26180655795518687,0.2319623860863519,0.23262880463754443,0.32057692447393527,0.25,277,5,0.0,0.0,267,5,0.0,0.0,267,5,0.0,0.0,270,4,0.0,0.0,217,4,0.0,0.0
5ae0413555429942ec259c61,Who created the British television series to which Tofu was a sister series focusing on a range of sex attitudes in the twenty-first century from the viewpoint of everyday people?,ace_focused_220,ace_focused_220,0.32669543608831564,0.3534031028200786,0.34407048696419745,0.42204015201894163,0.42857142857142855,257,4,1.0,1.0,270,4,1.0,1.0,274,4,1.0,1.0,261,5,1.0,1.0,217,5,1.0,1.0
5ae47cab5542996836b02cb9,In what league does the team play that has Marko Dmitrović as a player ?,chunk_packed_280,ace_focused_220,0.2683319124516943,0.26240913103236796,0.3012457706594496,0.2823848373621533,0.1111111111111111,271,4,0.0,0.0,253,5,0.0,0.0,276,5,0.0,0.0,273,5,0.0,0.0,191,4,0.0,0.0
5abdbf3755429933744ab818,Have Tionne Watkins and Park So-yeon both been members of a girl group?,chunk_packed_280,ace_focused_220,0.31552409766033407,0.30420029802166826,0.3198221605813447,0.28976538032525234,0.6666666666666666,271,4,0.0,0.0,276,5,0.0,0.0,276,5,0.0,0.0,275,5,0.0,0.0,190,4,0.0,0.0
5ae0968955429924de1b7105,When was the rock band to which Pre-Creedence name was changed active? ,chunk_packed_280,ace_focused_220,0.3319442310232863,0.3505839683001251,0.3349603972579465,0.3281291179710464,0.42857142857142855,275,5,0.0,0.0,275,5,0.0,0.0,275,5,0.0,0.0,256,5,0.0,0.0,175,5,0.0,0.0
5ab48f245542990594ba9c66,Did both the Beaulieu Mine and Colomac Mine fall into bankruptcy?,ace_focused_220,ace_focused_220,0.24401144440485228,0.27348248016932986,0.2537883859868554,0.33523727500629685,0.42857142857142855,276,5,0.0,0.0,272,5,0.0,0.0,272,5,0.0,0.0,280,5,0.0,0.0,203,4,0.0,0.0
5ae5faf555429929b0807a4c,What kind of political party that combined conservative policies with liberal stances were Pio Cabanillas Gallas and Jose Maria de Areilza the leaders of?,chunk_packed_280,ace_focused_220,0.3321485177633734,0.3750588615133108,0.3654407676804987,0.31653208567869906,1.0,256,5,0.0,0.0,267,5,0.0,0.0,267,5,0.0,0.0,256,5,0.0,0.0,201,5,0.0,0.0
5a7c53a855429935c91b515d,What drum machine was introduced in 1989 and allowed 32 notes to be played simultaneously?,chunk_packed_280,ace_focused_220,0.2423683858152597,0.2543878960131868,0.25134782065967975,0.26419723185455457,0.42857142857142855,275,4,1.0,1.0,280,5,1.0,1.0,275,4,1.0,1.0,278,5,1.0,1.0,218,4,1.0,1.0
5ae51b495542993aec5ec146,"On December 4, 1872, the ship Mary Celeste, captained by Benjamin Briggs, was found unmanned and drifting in the Altantic Ocean near what location?",ace_focused_220,ace_packed_280,0.28961144211835727,0.334133514723457,0.322777509776785,0.35355076969447546,0.6666666666666666,277,5,1.0,1.0,273,4,1.0,1.0,277,5,1.0,1.0,270,4,1.0,1.0,216,4,0.0,0.0
5ade8f5955429975fa854f10,"What role was played in ""Who Framed Roger Rabbit"" by the actor who played an Addams Family character played by Jackie Coogan in the original television series?",ace_focused_220,ace_focused_220,0.3186170681547706,0.3208565717650741,0.32020026243814226,0.3563846621401275,0.6666666666666666,278,5,0.0,0.0,278,5,0.0,0.0,278,5,0.0,0.0,279,5,0.0,0.0,216,4,0.0,0.0
5ab64cfa55429953192ad2b7,Who lived longer Ellen Glasgow or N. Scott Momaday ?,ace_focused_220,ace_focused_220,0.282477846487839,0.2867688227384326,0.2870033868139159,0.33606495624999266,0.6666666666666666,280,5,0.0,0.0,276,5,0.0,0.0,276,5,0.0,0.0,264,5,0.0,0.0,219,5,0.0,0.0
5a8fae205542997ba9cb32ec," What type of television show did Dylan Everett star in, in 2015?",chunk_packed_280,ace_focused_220,0.26032823715639797,0.24872329024649895,0.270960495335031,0.27766896093771637,0.25,275,5,0.0,0.0,280,5,0.0,0.0,253,5,0.0,0.0,270,5,0.0,0.0,201,5,0.0,0.0
5abb7d8b5542996cc5e4a006,Dan Balan co-wrote the song from what T.I. album?,ace_focused_220,chunk_packed_280,0.2573010401401288,0.2616664125409323,0.271220489962763,0.3212373430935725,0.6666666666666666,275,4,1.0,1.0,279,5,0.0,0.0,280,5,0.0,0.0,270,5,0.0,0.0,220,4,0.0,0.0
5add47bf5542992200553a7f,Are Robin Wilson and Adrienne Bailon of the same nationality? ,ace_focused_220,ace_focused_220,0.2613437213267792,0.2603206288313314,0.2737025132984122,0.3052706788568138,1.0,265,5,0.0,0.0,273,5,0.0,0.0,261,5,0.0,0.0,253,5,0.0,0.0,219,5,0.0,0.0
5a7128b05542994082a3e5f2,"Which film was released first, Laura's Star or Wonder Woman?",chunk_packed_280,ace_focused_220,0.3013411961251762,0.2499389602163689,0.2977010037342931,0.30980360920365735,0.42857142857142855,277,4,1.0,1.0,248,4,1.0,1.0,273,5,1.0,1.0,273,5,1.0,1.0,212,5,1.0,1.0
5ade04465542990dbb2f7f2f,What is the birth name of Nadeem Siddique's favorite boxer?,chunk_packed_280,hybrid_packed_280,0.286419653125655,0.2811028517435684,0.3030471879022346,0.24616017564550205,0.25,273,5,1.0,1.0,277,5,0.0,0.0,266,5,1.0,1.0,273,5,0.0,0.0,220,5,0.0,0.0
5ab431d855429942dd415ed2,"What company has a headquarters in Whitley, Convernty, United Kingdom?",ace_focused_220,bm25_packed_280,0.19305836530687545,0.21262144617373874,0.20878137725589457,0.2574259863444687,0.25,280,4,0.0,0.0,272,5,0.0,0.8571428571428571,276,5,0.0,0.8571428571428571,260,5,0.0,0.7499999999999999,203,3,0.0,0.7499999999999999
5a8c6342554299240d9c214a,"Claudine's Return starred the actress who played which role on ""Married...with Children""?",chunk_packed_280,ace_focused_220,0.27162679556542674,0.23803902441818703,0.272528931041086,0.27779492615566037,0.6666666666666666,278,5,1.0,1.0,266,5,0.0,0.0,278,5,1.0,1.0,274,5,1.0,1.0,220,5,1.0,1.0
5adc75525542994650320d0e,"Which dog breed originates from a region farther east, the Lancashire Heeler or the Russian tracker?",ace_focused_220,ace_focused_220,0.27437439144270287,0.29553003642479214,0.2775935296821427,0.3204268156230845,0.6666666666666666,258,5,0.0,0.6666666666666666,260,5,1.0,1.0,257,5,0.0,0.6666666666666666,261,5,1.0,1.0,199,4,1.0,1.0
5a85d25b5542996432c570ee,"Which basketball club located in Alytus, Lithuania does Anatoly Kashirov play for?",ace_focused_220,ace_packed_280,0.30140390843735865,0.28219610406435786,0.2976129613478349,0.3423435368799746,1.0,279,5,0.0,0.6666666666666666,279,5,0.0,0.6666666666666666,279,5,0.0,0.6666666666666666,279,5,1.0,1.0,196,5,0.0,0.6666666666666666
5a7183575542994082a3e85e,"Who was the architect of a Dutch museum dedicated to the arts and history in Amsterdam, located at the Museum Square?",chunk_packed_280,chunk_packed_280,0.39745845806264213,0.4117960905911672,0.4116764084567508,0.405117888595244,0.6666666666666666,268,5,1.0,1.0,277,5,0.0,0.0,280,5,0.0,0.0,246,5,0.0,0.0,210,5,0.0,0.0
5adebea1554299728e26c7b6,Muz-TV was launched before the 24-hour music channel that was operated by what company?,ace_focused_220,bm25_packed_280,0.27328732541473527,0.2776547239114813,0.27285060683206613,0.34873208158099506,0.6666666666666666,268,5,0.0,0.0,271,5,0.0,0.3333333333333333,271,5,0.0,0.3333333333333333,271,5,0.0,0.0,201,5,0.0,0.0
5a80a25d5542995d8a8ddfb7,What is the name of the vocalist who collaborated with the rap duo who won the 2002 Grammy Award for Best Rap Performance by a Duo or Group?,ace_focused_220,ace_focused_220,0.38419213558673615,0.38362474574182803,0.3824953764016311,0.47078472977786,0.42857142857142855,278,5,0.0,0.0,261,4,0.0,0.0,278,5,0.0,0.0,278,5,0.0,0.0,210,5,0.0,0.0
5a778b1e55429949eeb29ee3,What band is a tribute to a band originally known as the Grizzly River Boys?,ace_focused_220,ace_focused_220,0.27293929471147976,0.2774246816615319,0.294825647258701,0.32240523019490197,0.42857142857142855,273,5,0.0,0.0,261,5,0.0,0.0,275,5,0.0,0.0,249,5,0.0,0.0,202,5,0.0,0.0
5ae6860e5542991bbc976112,"How did Emilie du Chatelet, Voltaire's love, contribute to the basic laws of physics?",chunk_packed_280,ace_focused_220,0.23802594584475328,0.2531543042255046,0.2582830449782769,0.26781612454678044,0.42857142857142855,266,5,0.0,0.3448275862068966,274,4,0.0,0.0,268,5,0.0,0.0,276,5,0.0,0.7692307692307692,219,5,0.0,0.8
5a7e058f5542995f4f402390,Ann Killion co-authored a memoir with the American soccer goalkeeper who won how many Olympic golds?,chunk_packed_280,ace_packed_280,0.2884749646462024,0.3228104540375708,0.31288990806632266,0.2773389252105527,0.42857142857142855,280,4,0.0,0.0,273,5,0.0,0.0,271,5,1.0,1.0,265,5,1.0,1.0,206,4,0.0,0.0
5ab2a8b655429929539467ab,Name a musician that worked with Hiren Roy and Vilayat Khan.,chunk_packed_280,ace_focused_220,0.26115190040146535,0.2908299554483979,0.2830019606733779,0.28063992734537585,0.42857142857142855,270,5,0.0,0.0,265,5,0.0,0.0,262,5,0.0,0.0,279,5,1.0,1.0,202,5,1.0,1.0
5a8e06785542995085b37383,The name of the Japanese rock band T-Bolan was inspired by the name of an English rock band formed in what year?,ace_focused_220,ace_focused_220,0.324351133057583,0.3144522033521624,0.3215691876725555,0.39649969064335955,0.6666666666666666,271,5,1.0,1.0,275,5,0.0,0.0,267,5,0.0,0.0,272,5,0.0,0.0,198,4,1.0,1.0
5a7eb22655429930675135cb,Which current CBS NBA analyst played for the PORTLAND TRAILBLazers along with former UNLV teammate Stacey Augmon?,ace_focused_220,bm25_packed_280,0.2140409604036808,0.25989235150923284,0.23806131463946498,0.264049661504503,0.25,266,4,0.0,0.0,266,4,0.0,0.6666666666666666,266,4,0.0,0.6666666666666666,276,5,0.0,0.0,198,5,0.0,0.0
5ab298fb554299449642c922,Who was known for playing a fictionalized version of the wild politician who was the face of communist scare tact's in the early 1950's?,hybrid_packed_280,ace_focused_220,0.20567147283078768,0.2683440327081835,0.2657937413254168,0.22312333887200056,0.42857142857142855,274,5,1.0,1.0,266,4,0.0,0.0,280,5,0.0,0.0,271,4,1.0,1.0,188,4,1.0,1.0
5ab27287554299722f9b4d2c,Which of the following board games accommodates up to 10 players: The Game of Life or the History of the World?,chunk_packed_280,ace_packed_280,0.34444750940310803,0.32265416860286533,0.35549628285411405,0.3571257653043589,1.0,274,5,0.0,0.3333333333333333,268,5,1.0,1.0,276,5,0.0,0.3333333333333333,267,5,1.0,1.0,205,5,0.0,0.2
5ae0f2bf5542997b2ef7d09e," Which attack resulted with the formal surrender of German forces, the Battle of Guam or the Spring 1945 offensive in Italy?",chunk_packed_280,ace_focused_220,0.3598961915943515,0.3862832298317158,0.3860499719146451,0.3768081428768023,0.6666666666666666,265,5,1.0,1.0,248,5,1.0,1.0,276,5,1.0,1.0,278,5,1.0,1.0,207,4,1.0,1.0
5a838fcd5542992ef85e2305,Finna Get Loose is a song by Puff Daddy and what American rapper who is also a record and film producer?,ace_focused_220,ace_focused_220,0.3284532101538572,0.35775369424626857,0.348277209376181,0.4234908863158696,0.6666666666666666,279,5,0.0,0.8,279,5,0.0,0.8,279,5,0.0,0.8,280,5,0.0,0.0,208,5,0.0,0.8
5a79caec5542994bb94570ad,When was Leeds no longer called Elmet?,chunk_packed_280,ace_focused_220,0.23134396300939863,0.23456237806075525,0.23105018246991818,0.255089138562972,0.6666666666666666,271,5,0.0,0.0,273,5,0.0,0.0,265,5,0.0,0.0,262,5,0.0,0.0,208,3,0.0,0.0
5a73266d5542994cef4bc47d,Who opened Gunnersby Park and signed the Munich Agreement?,ace_focused_220,ace_focused_220,0.24730198340931375,0.2698653481869931,0.2796763748089887,0.3567881861337533,0.6666666666666666,275,4,0.0,0.8,269,5,0.0,0.0,269,5,1.0,1.0,255,4,0.0,0.8,219,4,1.0,1.0
5a8de02b554299068b959e13,What team did Robbie Keane play for after Inter Milan?,chunk_packed_280,ace_focused_220,0.24496463892463038,0.264397269298643,0.24518429105882195,0.25088813252840675,0.6666666666666666,269,4,0.0,0.0,274,5,0.0,0.0,269,4,0.0,0.0,233,5,0.0,0.0,177,4,0.0,0.0
5a89ba6b554299669944a584,Pippa Hinchleyplayed Elaine Fenwick on a British Soap opera shown on what channel?,ace_focused_220,ace_focused_220,0.2416121179691612,0.22418530245767526,0.24241539369490236,0.33144191060092,0.42857142857142855,273,5,1.0,1.0,261,5,0.0,0.0,270,4,1.0,1.0,269,5,1.0,1.0,205,4,1.0,1.0
5ae4ea2a5542993aec5ec0ee,The defending EFL Championship winner will qualify for which upcoming group stage if it wins all of its participating football tournaments?,ace_focused_220,ace_focused_220,0.24584021646705556,0.23392857142857143,0.2404413649392729,0.2960186733297473,0.6666666666666666,269,4,0.0,0.28571428571428575,270,4,0.0,0.0,264,4,0.0,0.0,266,4,0.0,0.6,193,3,0.0,0.7499999999999999
5a7796e05542992a6e59df0f,What country is the theme park served by the Huis Ten Bosch train service themed on?,chunk_packed_280,ace_focused_220,0.369805910561794,0.39101791115700046,0.38242604615590303,0.37523450347342113,1.0,228,5,0.0,0.0,228,5,0.0,0.0,228,5,0.0,0.0,228,5,1.0,1.0,183,5,1.0,1.0
5ab8627f5542990e739ec8da,Harrison Newey made his ADAC Formula 4 debut with a partner who is the son of who?,hybrid_packed_280,ace_focused_220,0.3400594484117198,0.39810479896843887,0.38733862625270987,0.33750201063925367,0.42857142857142855,256,5,0.0,0.3636363636363636,265,5,0.0,0.3636363636363636,265,5,0.0,0.3636363636363636,269,5,0.0,0.3636363636363636,216,4,0.0,0.3636363636363636
5a7456ec55429979e288290f,"which film came out first, African Cats or Fun and Fancy Free ?",ace_focused_220,ace_focused_220,0.27540242793296593,0.2730083869704161,0.27323531400056483,0.31797701106828735,0.6666666666666666,267,5,1.0,1.0,276,5,1.0,1.0,276,5,1.0,1.0,267,5,1.0,1.0,205,4,1.0,1.0
5abc6fba554299700f9d78c7,"Christopher ""Chris"" Fairbank provided voice talent for which 2006 British-American computer-animated action-adventure comedy film directed by David Bowers and Sam Fell?",ace_focused_220,ace_focused_220,0.2849125587090441,0.3195050748466044,0.314318006116547,0.3678963102506094,0.6666666666666666,280,5,1.0,1.0,271,5,1.0,1.0,265,5,1.0,1.0,271,4,1.0,1.0,218,5,1.0,1.0
5ae1500655429920d52343cc,In what town is the office organization solutions company whose Canadian arm is Oxford headquartered?,chunk_packed_280,ace_packed_280,0.37320415364329884,0.35988463331933784,0.36364749676260255,0.36318192876859134,0.42857142857142855,277,5,0.0,0.6666666666666666,277,5,0.0,0.6666666666666666,280,5,0.0,0.0,259,5,0.0,0.6666666666666666,193,5,0.0,0.0
5a8c5569554299240d9c2126,Are Daryl Hall and Gerry Marsden both musicians?,ace_focused_220,bm25_packed_280,0.26261223949128765,0.2560771253864218,0.2627361292589698,0.33284457480753965,1.0,250,5,0.0,0.0,259,5,1.0,1.0,250,5,0.0,0.0,276,5,1.0,1.0,202,5,0.0,0.0
5a7cffb755429907fabef09f,What character played by Laurence Olivier in 1969 was an officer in the Royal Air Force,ace_focused_220,ace_focused_220,0.24313511965850887,0.24285614968360614,0.25826825706724055,0.2898795179311799,0.42857142857142855,275,4,1.0,1.0,273,4,0.0,0.0,266,4,0.0,0.0,270,5,1.0,1.0,218,5,1.0,1.0
5abdaa0f55429965af743dad,Which division did people from the division Major General Robert Walker Grow commanded originally come from?,ace_focused_220,hybrid_packed_280,0.28497704169922633,0.29245220409754874,0.29490277980371493,0.34501654352105393,0.6666666666666666,280,5,0.0,0.3333333333333333,265,5,0.0,0.0,266,5,0.0,0.6666666666666666,263,5,0.0,0.0,213,4,0.0,0.0
5add00805542992c1e3a2504,Beyond the Edge was a docudrama about the mountaineer that was part of the Everest expedition led by whom?,ace_focused_220,bm25_packed_280,0.2964229233802376,0.29244624198670965,0.30065598860411313,0.33745132799658806,1.0,279,5,1.0,1.0,269,4,1.0,1.0,279,5,1.0,1.0,276,5,1.0,1.0,220,4,0.0,0.0
5a8af11a55429950cd6afc21,The Hoch Conservatory had the teacher on-staff who was the first to publicly perform any work by which composer?,chunk_packed_280,ace_focused_220,0.23139413317816368,0.25099001302380164,0.24427161996810065,0.2300773922559539,0.0,279,5,0.0,0.0,275,5,0.0,0.0,270,5,0.0,0.0,274,5,0.0,0.0,215,5,0.0,0.0
5ac34994554299741d48a242,"What was the first air date that the CGI animated series that preceded ""Mixels""?  ",ace_focused_220,ace_packed_280,0.26160087957070643,0.2901842222548242,0.2870384694997078,0.2770554151037278,0.6666666666666666,279,5,1.0,1.0,274,5,0.0,0.0,252,5,0.0,0.0,275,5,1.0,1.0,199,4,0.0,0.0
5ab3e45655429976abd1bcd4,The Vermont Catamounts men's soccer team currently competes in a conference that was formerly known as what from 1988 to 1996?,chunk_packed_280,ace_focused_220,0.35189442454451225,0.36894673991811033,0.36425275763119397,0.3290717557126297,1.0,268,5,0.0,0.0,273,5,0.0,0.0,273,5,0.0,0.0,275,5,0.0,0.0,201,5,0.0,0.0
5a77ace855429967ab105223,What entity with the capital city of Ciudad Victoria is a home to the northern grasshopper mouse?,chunk_packed_280,ace_focused_220,0.38638128523793536,0.3767751598559159,0.3797300631091001,0.38267136584565076,0.6666666666666666,276,5,1.0,1.0,278,5,1.0,1.0,276,5,1.0,1.0,273,5,1.0,1.0,215,5,1.0,1.0
5a802b595542995d8a8ddf51,"What is the familiar name for the first operation in the Battle of Normandy, also codenamed Operation Overlord?",ace_focused_220,ace_focused_220,0.2574737702634103,0.25561101095453,0.2441898875541666,0.3292543989608758,0.42857142857142855,272,5,0.0,0.0,268,5,0.0,0.0,272,5,0.0,0.0,261,4,1.0,1.0,214,4,1.0,1.0
5a8501915542997175ce1f5a,Are PC Magazine and Sculptural Pursuit both technology publications?,ace_focused_220,ace_focused_220,0.2838246725565169,0.27371733258399333,0.30318548311147486,0.31450237319297847,0.6666666666666666,274,5,1.0,1.0,260,5,1.0,1.0,257,5,1.0,1.0,266,5,1.0,1.0,219,4,1.0,1.0
5ab5f75e554299637185c64b,What is both Grimaldi's Pizzeria and Papa Gino's primary menu item?,ace_focused_220,ace_focused_220,0.2677088631485613,0.26754533490516363,0.2763599246415772,0.316885425404696,0.6666666666666666,273,5,0.0,0.0,280,5,0.0,0.0,279,5,0.0,0.0,279,5,0.0,0.0,213,5,0.0,0.0
5a9068075542990a9849361a,What is a difference between Sly Stone and Mary Ramsey?,ace_packed_280,ace_focused_220,0.2453325707747238,0.23124074754779855,0.26107822203227565,0.3146000845803915,0.42857142857142855,232,3,0.0,0.0,275,5,0.0,0.0,268,4,0.0,0.0,268,4,0.0,0.0,201,4,0.0,0.0
5ae676915542995703ce8b66,Simon Walker released a historical novel by James Fenimore Cooper named what? ,chunk_packed_280,ace_focused_220,0.3291329446766533,0.3449985713699698,0.3378730237546268,0.3548869638712475,1.0,253,5,1.0,1.0,253,5,1.0,1.0,253,5,1.0,1.0,265,5,0.0,0.0,218,5,1.0,1.0
5ae39e9c5542990afbd1e195,"Wangaratta Wahine, an album featuring the work of an Australian Living Treasure, was recorded by what band?",chunk_packed_280,ace_focused_220,0.32295185378941893,0.3384792653401024,0.3359915011367796,0.34313278609631515,0.6666666666666666,267,5,1.0,1.0,275,5,1.0,1.0,276,5,1.0,1.0,264,5,1.0,1.0,219,5,1.0,1.0
5ae76d185542997ec2727641,What is the occupation of the Miami Dolphins owner's wife?,ace_focused_220,ace_focused_220,0.261696994725756,0.2916054159855449,0.30566083758517293,0.31568267232597497,0.25,273,5,0.0,0.0,280,5,0.0,0.0,280,5,0.0,0.0,275,5,1.0,1.0,217,5,1.0,1.0
5a8a17685542993b751ca9f3,Which rapper who worked with a star of the film 8 Mile also worked with the artist who played keyboards and wrote songs for Anita Baker??,chunk_packed_280,ace_packed_280,0.2613018013586567,0.261124540154287,0.28584974339285485,0.27242236092952626,0.42857142857142855,268,5,0.0,0.0,278,5,0.0,0.0,271,5,0.0,0.0,280,5,1.0,1.0,214,5,0.0,0.0
5abbcba05542992ccd8e7fa3,With whom did Lever Brothers merge to create an Indonesian soap factory?,ace_focused_220,ace_focused_220,0.2715170278646273,0.2719922647115136,0.2764301341357498,0.3241920146743056,0.6666666666666666,279,5,0.0,0.0,254,5,0.0,0.0,254,5,0.0,0.0,255,5,0.0,0.0,195,4,0.0,0.0
5a8b515e55429971feec46bb,Which Western action-adventure video game by Rockstar did Tyler Bunch act for?,chunk_packed_280,chunk_packed_280,0.28127183217613466,0.26890724375964564,0.25151900000073213,0.2814456870812041,0.6666666666666666,261,5,1.0,1.0,265,5,1.0,1.0,265,5,1.0,1.0,271,5,1.0,1.0,215,5,0.0,0.6666666666666666
5ae22895554299495565da0c,The Battle of the Catalaunian Plains involved the king of the nomadic tribes of which peoples?,ace_focused_220,ace_focused_220,0.33559214248513375,0.341388643649936,0.33784996413429125,0.387875529255859,0.6666666666666666,260,4,0.0,0.0,256,5,0.0,0.0,260,4,0.0,0.0,247,4,0.0,0.0,219,4,0.0,0.0
5a83dd2c554299334474609e,Name five actors that worked with a German cinematographer?,chunk_packed_280,ace_focused_220,0.2133662338587464,0.22548818452893235,0.2204028150890276,0.22115507850174482,0.42857142857142855,276,5,0.0,0.0,279,5,0.0,0.0,279,5,0.0,0.0,274,5,0.0,0.0,208,4,0.0,0.0
5abb76fa5542992ccd8e7f48,"Who was the leading female star in ""The Others"" which marked the final film appearance of Renée Asherson in 2001?",ace_focused_220,ace_focused_220,0.30015572260944035,0.32523740965795433,0.33772757859005853,0.3748068842485036,0.42857142857142855,280,5,0.0,0.0,277,5,0.0,0.0,275,5,0.0,0.0,275,5,0.0,0.0,207,5,1.0,1.0
5ab4eecb55429942dd415faa,Did the band Daniel Amos experiment with the same genre of music performed by Digital Summer?,chunk_packed_280,ace_focused_220,0.2823228086497247,0.2916656156769921,0.28554728988896555,0.2898815009556198,0.6666666666666666,276,5,0.0,0.0,211,5,0.0,0.0,211,5,0.0,0.0,256,5,0.0,0.0,206,5,0.0,0.0
5ae0b9b155429924de1b7152,Are Mina Loy and Raymond Carver both British writers?,ace_focused_220,bm25_packed_280,0.2550498020321151,0.25093988581418886,0.26299894132684454,0.31386658344869667,0.42857142857142855,280,5,1.0,1.0,279,5,1.0,1.0,279,5,1.0,1.0,279,5,1.0,1.0,218,5,0.0,0.0
5a90629855429916514e749e,What is one risk to Norway's financial reserve?,ace_focused_220,ace_focused_220,0.22502566055174184,0.2921204311970195,0.29458769769082377,0.3092199998033492,0.6666666666666666,249,4,0.0,0.0,261,5,0.0,0.0,261,5,0.0,0.0,279,5,0.0,0.0,209,4,0.0,0.0
5a7a4f335542990198eaf11e,"Who is from farther west, Kings of Convenience or Belle and Sebastian?",ace_focused_220,ace_packed_280,0.27228747426690697,0.2681170591198717,0.27137682015783476,0.33368962312315187,0.25,267,4,0.0,0.0,267,5,0.0,0.0,274,4,0.0,0.0,269,5,1.0,1.0,214,4,0.0,0.0
5ab674b7554299110f219a0c,"What American filmmaker was the co-founder of Troma Entertainment film studio, Stanley Lloyd Kaufman, Jr. or Jay T. Wright?",chunk_packed_280,ace_focused_220,0.3323130842917227,0.3451305751884456,0.3540786430156035,0.3263909593353338,0.42857142857142855,268,5,1.0,1.0,274,5,1.0,1.0,280,5,1.0,1.0,280,5,1.0,1.0,216,4,1.0,1.0
5ae406f055429970de88d874,"What Cason, CA soccer team features the son of Roy Lassiter?",chunk_packed_280,ace_focused_220,0.3118598205688417,0.34093814547687684,0.3388351212341549,0.2876841404428523,0.6666666666666666,273,5,1.0,1.0,265,5,0.0,0.0,261,5,1.0,1.0,274,5,1.0,1.0,174,4,1.0,1.0
5a75441c55429916b01642cf,"Which building will have more floors, 15 Penn Plaza, or 247 Cherry?",chunk_packed_280,ace_focused_220,0.27167169400216273,0.28284858379667377,0.2659775001135817,0.28995825730607916,1.0,271,5,1.0,1.0,271,5,1.0,1.0,275,5,1.0,1.0,267,5,1.0,1.0,220,5,1.0,1.0
5a8307c055429966c78a6af9,Dana White's Tuesday Night Contender Series premiers weekly on this subscription-based video streaming service owned by the Ultimate Fighting Championship,ace_focused_220,ace_focused_220,0.31582543362757165,0.3101746249374947,0.3162192644239046,0.4133003986379842,0.42857142857142855,277,5,1.0,1.0,272,5,1.0,1.0,272,5,1.0,1.0,252,5,1.0,1.0,189,5,1.0,1.0
5ae077805542993d6555eb6e,Are Lance King and Han Seung-yeon both heavy metal vocalists?,chunk_packed_280,ace_focused_220,0.29201718817232,0.3021579660577237,0.3087546370973193,0.32130454527423324,0.6666666666666666,259,5,1.0,1.0,251,5,1.0,1.0,276,5,1.0,1.0,280,5,1.0,1.0,219,5,1.0,1.0
5a7f19eb55429934daa2fcdb,"Which band originated from the United States, Milky Chance or Stone Temple Pilots?",ace_focused_220,ace_focused_220,0.25502965488537443,0.257242474800212,0.24841054206208002,0.34657633753741685,0.42857142857142855,269,5,1.0,1.0,279,5,1.0,1.0,255,4,1.0,1.0,274,5,1.0,1.0,209,5,1.0,1.0
5adc1ae5554299438c868d5c,Hate Them is the ninth album by a band likened to who?,ace_focused_220,ace_focused_220,0.3363775433024506,0.32756051392620517,0.3360717889827791,0.44085184015886303,0.42857142857142855,280,5,0.0,0.0,269,5,0.0,0.0,279,5,0.0,0.0,244,5,0.0,0.0,197,5,0.0,0.0
5ae446175542995ad6573d1f,Who had a perfect game against The Ignitor's team in 1998?,chunk_packed_280,ace_focused_220,0.2637423841549509,0.2658880364929367,0.2645547581786067,0.27281409781522603,0.42857142857142855,271,4,0.0,0.0,278,4,0.0,0.0,278,4,0.0,0.0,249,3,0.0,0.0,218,3,0.0,0.0
5ac2eec55542990b17b154c1,When was the album released that The Red Tour supported?,ace_focused_220,ace_packed_280,0.29865568464281256,0.3001796454448882,0.29868963232523266,0.3835940209066272,1.0,266,5,0.0,0.5,279,5,0.0,0.5,279,5,0.0,0.5,252,5,1.0,1.0,208,5,0.0,0.0
5a836a765542996488c2e446,are Mikhail Glinka and Jean-Baptiste Lully both composers ?,ace_focused_220,ace_focused_220,0.28747117051640536,0.32206211678649177,0.2955523440288851,0.3400426854243439,0.6666666666666666,277,5,0.0,0.0,272,5,0.0,0.0,273,5,0.0,0.0,274,5,0.0,0.0,204,4,0.0,0.0
5ae614215542992663a4f254,Name an American actress who starred both in High School High and General Hospital.,bm25_packed_280,ace_focused_220,0.2607070712159539,0.3134224894760075,0.26478717668736834,0.2711850975869421,0.25,268,5,1.0,1.0,272,5,0.0,0.0,271,5,1.0,1.0,280,5,1.0,1.0,210,4,1.0,1.0
5ade15a45542997545bbbe46,Are both Upper Crust Pizzeria and Eatza Pizza restaurants?,ace_focused_220,ace_focused_220,0.28759114622467297,0.2817116057429074,0.29029255483255434,0.3872117097766584,0.6666666666666666,276,5,0.0,0.0,265,5,0.0,0.0,265,5,0.0,0.0,266,5,0.0,0.0,220,5,0.0,0.0
5ac0641f554299294b218fbe,Immanuel Lutheran School is affiliated with the denomination that has how many members?,ace_focused_220,ace_focused_220,0.3171341603857211,0.35893529571929533,0.338655309938171,0.3840914032440279,1.0,278,5,1.0,1.0,280,5,1.0,1.0,278,5,1.0,1.0,266,5,1.0,1.0,217,5,1.0,1.0
5a7143625542994082a3e71e,Who co-founded View Askew Productions and produced numerous movies starring Jason Lee?,ace_focused_220,ace_focused_220,0.28269067164851747,0.28948073822286935,0.28947045001673266,0.31607178264345004,0.6666666666666666,269,4,0.0,0.0,277,5,0.0,0.0,271,4,0.0,0.0,269,5,0.0,0.0,218,4,0.0,0.0
5a8c51f0554299240d9c2111,What party does the person that represents Stoke Newington Central belong to?,ace_focused_220,hybrid_packed_280,0.2947916457126968,0.297309809784325,0.30054440616376327,0.3250715322347261,0.42857142857142855,271,5,0.0,0.8,262,5,0.0,0.5,264,5,0.0,0.8,279,5,0.0,0.0,199,5,0.0,0.4
5a8719fa55429960ec39b742,Is Muskegon County Airport or John Wayne Airport further west?,chunk_packed_280,ace_focused_220,0.37212848818625344,0.3663148436475295,0.3648502443736679,0.3935262066697578,0.6666666666666666,259,5,0.0,0.3333333333333333,267,5,0.0,0.3333333333333333,267,5,0.0,0.3333333333333333,263,5,0.0,0.3333333333333333,213,5,0.0,0.3333333333333333
5ab67f4c55429953192ad2d9,What sport does 200-foot game and Jonathan Toews have in common?,ace_focused_220,ace_focused_220,0.2497860664886712,0.3017249095188005,0.2846834083118274,0.30628615935399883,0.42857142857142855,275,4,1.0,1.0,266,4,0.0,0.6666666666666666,275,4,1.0,1.0,255,5,1.0,1.0,208,4,1.0,1.0
5a7326cd5542991f29ee2d11,"In the television series Green Hornet, which actor played the role of Kato?",ace_focused_220,ace_focused_220,0.3312051945330826,0.35142842883568115,0.34416399752801363,0.4063853547266354,0.6666666666666666,256,5,1.0,1.0,277,5,1.0,1.0,279,5,1.0,1.0,270,5,1.0,1.0,217,4,1.0,1.0
5ae0f4645542997b2ef7d0aa,"What kind of subgenre of a dark wave music, developed in 1980s in the UK, is using the musical duo from Melbourne, Australia?",chunk_packed_280,ace_focused_220,0.27969586687818204,0.29173993436397344,0.28705531860456673,0.29762879522199376,1.0,260,5,0.0,0.6666666666666666,262,5,0.0,0.6666666666666666,278,5,0.0,0.6666666666666666,260,5,0.0,0.6666666666666666,217,5,0.0,0.6666666666666666
5a8c5c6f554299653c1aa04d,"The album ""The Best of LeAnn Rimes"" contained a song used as the theme song for a film. What is the name of the film?",ace_focused_220,hybrid_packed_280,0.2986948355194361,0.27393726109222954,0.27038313936678715,0.35106289141968505,0.25,280,5,1.0,1.0,276,5,1.0,1.0,273,5,1.0,1.0,277,5,0.0,0.0,217,4,0.0,0.0
5abdb8ba5542993f32c2a015,Maggie May is a musical based on a folk song about a prostitute who robbed whom?,chunk_packed_280,ace_focused_220,0.39107328924210316,0.430693162321093,0.4123691339691329,0.40178124361928325,0.6666666666666666,262,5,0.0,0.0,269,5,0.0,0.0,269,5,0.0,0.0,275,5,0.0,0.0,211,4,0.0,0.0
5ac11037554299294b21907a,Fred Mace played for which English football club in 1919?,ace_focused_220,chunk_packed_280,0.2699171362802123,0.30939717372693043,0.2959270520844263,0.31870188101379887,0.42857142857142855,257,4,0.0,0.6666666666666666,279,5,0.0,0.6666666666666666,266,5,0.0,0.6666666666666666,278,5,0.0,0.0,217,5,0.0,0.0
5ab833ad5542990e739ec86f,Carlos Alberto Hurtado played on loan from a mexican team which plays where?,chunk_packed_280,ace_focused_220,0.3499308516054944,0.39832132131746706,0.3859977338895886,0.3463361666586983,1.0,229,5,0.0,0.0,252,5,0.0,0.0,229,5,0.0,0.0,229,5,0.0,0.0,207,5,0.0,0.0
5a88f9555542995153361214,The Jeep Cherokee was originally sold as a variant of a Jeep model produced during what years?,ace_focused_220,ace_focused_220,0.2777045307409288,0.27372336732469066,0.28942885266355656,0.3069237576471524,1.0,267,5,0.0,0.0,267,5,0.0,0.0,273,5,0.0,0.0,267,5,0.0,0.0,189,4,0.0,0.0
5a7e23655542997cc2c47528,WBYA is a radio station licensed to a town with what population as of the 2010 census?,ace_focused_220,ace_focused_220,0.2895549867059122,0.2828770737743641,0.2915452274518925,0.3657223692973287,0.42857142857142855,266,5,0.0,0.0,265,5,0.0,0.0,269,5,0.0,0.0,249,5,0.0,0.0,209,5,0.0,0.0
5abfe2a15542997d6429591c,What is the National Grape Cooperative Association classified as?,ace_focused_220,ace_focused_220,0.26729804966966403,0.26508382405036623,0.2731850924720216,0.3431060417290792,1.0,280,5,0.0,0.3333333333333333,275,5,0.0,0.3333333333333333,280,5,0.0,0.3333333333333333,271,5,0.0,0.3333333333333333,214,5,1.0,1.0
5ae1fced5542997283cd230e,"Which writer won the Nobel Prize, William H. Gass or Naguib Mahfouz?",chunk_packed_280,ace_focused_220,0.31184845954727936,0.2793966391573064,0.27936450808638413,0.32691031206833365,1.0,260,5,1.0,1.0,275,5,1.0,1.0,275,5,1.0,1.0,280,5,1.0,1.0,205,4,1.0,1.0
5a74994a55429974ef308c2e,Who was the American congressman whose actions led to a CIA program to arm Jihadi warriors in Afghanistan in the 1980's?,chunk_packed_280,ace_focused_220,0.28781468112092423,0.29081306518831784,0.2857732421718294,0.2664979994670018,0.25,277,5,1.0,1.0,270,5,1.0,1.0,259,4,1.0,1.0,271,5,1.0,1.0,208,5,1.0,1.0
5ae6f2a7554299572ea5464a,"Which character does this protagonist, who secretly loves and marries a member of the rival house, of William Shakespeare's tragedy that has a fictional character Benvolio slay?",chunk_packed_280,ace_focused_220,0.29667179678092315,0.3325637592005354,0.3203070138396801,0.30904005063424184,1.0,265,5,0.0,0.0,270,5,0.0,0.0,266,5,0.0,0.0,264,5,0.0,0.0,217,4,0.0,0.0
5a7f3f7c55429934daa2fd45,"Which band has more members, The Futureheads or Marcy Playground?",ace_focused_220,ace_focused_220,0.27532706977642696,0.2828110126552231,0.278680514773564,0.2982851867527821,0.6666666666666666,280,5,1.0,1.0,252,5,1.0,1.0,268,5,1.0,1.0,248,5,1.0,1.0,193,5,1.0,1.0
5a7543d555429916b01642ce,"Who was born more recently, Flula Borg, or Dirk Nowitzki?",ace_focused_220,ace_focused_220,0.2589899529553261,0.3085590476457154,0.2917661382144271,0.29120298358844665,0.42857142857142855,275,5,1.0,1.0,238,5,0.0,0.0,254,5,1.0,1.0,278,5,1.0,1.0,220,5,1.0,1.0
5ab938db5542996be2020454,"Ross Pople worked with which English composer known for his opera ""The Midsummer Marriage""?",ace_focused_220,ace_focused_220,0.2733417453655379,0.2658835810246571,0.27840833598946035,0.30382476968828354,0.6666666666666666,280,5,0.0,0.5,278,5,0.0,0.0,280,5,0.0,0.5,275,5,1.0,1.0,215,5,1.0,1.0
5ae30d4b55429928c42395cc,"Besides acting in things such as Home Free, what else did Marian Mercer do?",chunk_packed_280,ace_focused_220,0.2303908076228734,0.2584344488837864,0.23923519304976085,0.2507110774172311,0.42857142857142855,254,5,0.0,0.0,269,5,0.0,0.0,278,5,0.0,0.0,256,5,0.0,0.0,219,5,0.0,0.0
5ae622495542995703ce8b20,Which Genre of Television did Charles Quinton Murphy act for?,ace_focused_220,ace_focused_220,0.24677982324014602,0.27487363408984644,0.28251099274019525,0.3085301240193545,0.25,273,5,0.0,0.6666666666666666,277,5,0.0,0.6666666666666666,269,5,0.0,0.6666666666666666,274,5,0.0,0.6666666666666666,217,4,0.0,0.6666666666666666
5ae0fb8855429920d523425b,In which region is the town in which  Fort Kongenstein is located ?,ace_focused_220,ace_focused_220,0.2877095585029383,0.28437649122785547,0.29108432185420047,0.35091263858378363,0.25,273,5,0.0,0.0,276,5,0.0,0.0,280,5,0.0,0.0,278,5,0.0,0.0,219,5,0.0,0.4
5ae665795542991bbc9760c9,What film did the mother of Karan Kapoor star in in 1970?,ace_packed_280,ace_focused_220,0.252710993552486,0.25278558067550094,0.25154153075513824,0.28464918885607715,0.42857142857142855,254,5,0.0,0.0,271,5,0.0,0.0,276,5,0.0,0.0,276,5,0.0,0.0,219,5,0.0,0.0
5a77b13655429967ab105235,What American agronomist that worked on The Green Revolution won a Nobel Peace Prize?,chunk_packed_280,ace_focused_220,0.2887847024239186,0.2863239651755266,0.31940763649345955,0.29045124633615393,0.42857142857142855,277,5,0.0,0.8,255,4,0.0,0.8,268,4,0.0,0.8,274,5,1.0,1.0,220,5,1.0,1.0
5ae5415055429908b63265b7,Japanese Weekend School of New York has offices in the entertainment complex in what section of New Rochelle?,ace_focused_220,ace_focused_220,0.3628919230069293,0.37390197067937037,0.37035247473837973,0.39565088706161167,0.6666666666666666,261,5,0.0,0.0,257,5,0.0,0.0,257,5,0.0,0.0,255,5,1.0,1.0,218,4,1.0,1.0
5a7bb16f554299294a54aa9f,Rani Jhansi Marine National Park commemorates what queen of the princely state of Jhansi in North India?,ace_focused_220,ace_focused_220,0.36032317283586157,0.3540482251749567,0.3585312800451166,0.39885687120680724,0.6666666666666666,275,5,0.0,0.4,259,5,0.0,0.4,259,5,0.0,0.4,259,5,0.0,0.4,195,4,0.0,0.4
5ab9b2c7554299743d22ebaf,Are both Lygodium or Maxillaria a genus of orchids?,chunk_packed_280,ace_focused_220,0.28531600197437323,0.28088968442155465,0.28065484882609537,0.29349950912722145,0.42857142857142855,248,5,1.0,1.0,254,5,1.0,1.0,227,5,1.0,1.0,227,5,1.0,1.0,210,5,1.0,1.0
5a7b12a355429927d897bf2a,When was the palace founded at which Columba de Dunbar died in 1435?,chunk_packed_280,ace_focused_220,0.34990886355592954,0.3741327599493956,0.3725309573499955,0.34344130367772874,0.42857142857142855,276,5,0.0,0.0,280,5,0.0,0.0,263,5,0.0,0.0,275,5,0.0,0.0,206,4,0.0,0.0
5addfe1c5542995b365fabaf,Are Wolfgang Becker and Jacques Audiard both German film directors?,ace_focused_220,ace_focused_220,0.27952176352359226,0.27854646680472633,0.27936106568176783,0.33068517512879253,0.6666666666666666,276,5,1.0,1.0,266,5,1.0,1.0,266,5,1.0,1.0,259,5,1.0,1.0,195,5,1.0,1.0
5a8391f55542996488c2e45c,Lear's and Oh Comely are both what?,ace_focused_220,hybrid_packed_280,0.25235828309065095,0.25153481608320416,0.25605225725110425,0.33087283352615815,0.25,278,5,1.0,1.0,275,5,0.0,0.0,276,5,1.0,1.0,276,5,1.0,1.0,216,4,0.0,0.0
5ab91b6c55429934fafe6e5f,What is the electric racing series British race car driver Alex Lynn drives for and is owned by Virgin Group?,chunk_packed_280,ace_focused_220,0.2974412119896416,0.3018090301032635,0.30040427254824864,0.2997118747563323,0.42857142857142855,251,4,0.0,0.6666666666666666,277,5,0.0,0.6666666666666666,262,5,0.0,0.6666666666666666,276,5,0.0,0.6666666666666666,214,5,0.0,0.6666666666666666
5a72a0be5542992359bc3143,"This work of literature _______ , known by its Greek title Oedipus Tyrannus was argued by Sigmund Freud to be one of the greatest works of world literature in his 1928 article. ",hybrid_packed_280,ace_focused_220,0.2849039481798198,0.3511216384105826,0.3351318093261713,0.3087208436389699,0.6666666666666666,278,5,1.0,1.0,251,4,0.0,0.0,251,4,0.0,0.0,273,4,0.0,0.0,209,4,1.0,1.0
5ae764a85542997b22f6a720,In what New York town did Glenn Martin Hughes attend high school?,ace_focused_220,ace_focused_220,0.25437857589000984,0.23520610830943808,0.25909010315187514,0.3149422986086361,0.6666666666666666,270,5,0.0,0.5,279,4,0.0,0.0,259,4,0.0,0.0,262,5,0.0,0.5,216,5,0.0,0.5
5adbfaa655429947ff173888,Adena Friedman was formerly the managing director and CFO of a company that specializes in what four key business areas?,chunk_packed_280,ace_focused_220,0.29479434004072025,0.3061117951816267,0.316201341835201,0.28506089883055263,0.6666666666666666,279,5,0.0,0.3076923076923077,273,5,1.0,1.0,279,5,1.0,1.0,274,5,1.0,1.0,215,4,1.0,1.0
5a8bc1565542996e8ac88a0c,What election was Senator Harry Reid at in Nevada?,ace_packed_280,ace_focused_220,0.32065568909906284,0.32415412016859624,0.3224887452997885,0.35800315008793854,0.6666666666666666,246,5,0.0,0.8333333333333333,246,5,0.0,0.8000000000000002,215,5,0.0,0.6666666666666666,267,5,0.0,0.33333333333333337,216,5,0.0,0.8333333333333333
5ae236445542992decbdcc69,Larry Porter was formerly assistant head coach under what  American coach that served as head coach at Louisiana State University from 2005 to 2016,ace_focused_220,bm25_packed_280,0.2917284963354842,0.30805857575609774,0.30694564241817757,0.39863555821389757,1.0,275,4,0.0,0.4,258,4,1.0,1.0,258,4,1.0,1.0,278,4,0.0,0.4,205,4,0.0,0.4
5adf58f15542993a75d264d2,"Which television series featured an actor who also performed in ""The Young Ones""?",chunk_packed_280,ace_focused_220,0.3297927896066536,0.3296000132331363,0.33986745126086737,0.335034182496944,1.0,280,5,0.0,0.0,280,5,0.0,0.0,280,5,0.0,0.0,277,5,0.0,0.0,218,5,0.0,0.0
5ae7281c5542991e8301cb69,The fourth episode The Simpsons' seventh season has what kind of theme?,ace_focused_220,ace_focused_220,0.2593782793756103,0.29462456494712164,0.26982871174609957,0.3950586536782365,0.6666666666666666,259,4,0.0,0.0,275,5,0.0,0.0,258,4,0.0,0.0,276,5,0.0,0.0,219,5,0.0,0.0
5ac42ae45542997ea680ca18,What genre of music is Adnan Sami noted for playing on the piano created through a trapezoid-shapped hammered dulcimer?,chunk_packed_280,ace_focused_220,0.29174983946399935,0.3104695709574302,0.3197688119761768,0.2834087519699727,0.42857142857142855,261,5,0.0,0.8,268,5,0.0,0.8,264,5,0.0,0.8,270,5,0.0,0.8,209,5,0.0,0.8
5a7312675542994cef4bc43d,Which one of Ricardo Rodríguez Saá's relatives would become governor from 1983 to 2001?,ace_focused_220,bm25_packed_280,0.32802881065274175,0.33246842888612765,0.33942987042986883,0.36039435332686787,0.6666666666666666,276,5,1.0,1.0,274,5,1.0,1.0,277,5,1.0,1.0,278,5,0.0,0.75,217,5,0.0,0.75
5ab1d7ac554299449642c7e6,"Which genus has more species, Xanthoceras or Ehretia?",chunk_packed_280,ace_focused_220,0.24225768544643353,0.22787888196523406,0.23768160332050092,0.24186120260922056,0.6666666666666666,277,5,1.0,1.0,278,5,1.0,1.0,278,5,1.0,1.0,235,5,1.0,1.0,204,5,1.0,1.0
5a8e482c5542995a26add4c3,What past honoree from the New Dramatists Organization is a powerful baritone who won the Tony Award for Best Actor in 2000?,ace_focused_220,ace_focused_220,0.30124486309960324,0.3202339412542664,0.30869316447797196,0.33708683263887596,0.42857142857142855,251,5,0.0,0.0,280,5,0.0,0.0,280,5,0.0,0.0,275,5,0.0,0.0,205,4,0.0,0.0
5a7f924c55429969796c1aba,"Which Star of British-Canadian-American satirical comedy, co starting with Ricky Gervais, began his career in sketch comedy series""Full Frontal"" ?",chunk_packed_280,ace_focused_220,0.2648186823814698,0.26627752644062086,0.26018115680575354,0.27762317087904764,0.6666666666666666,255,5,0.0,0.0,271,5,0.0,0.0,271,5,0.0,0.0,255,4,0.0,0.0,208,4,0.0,0.0
5addda1b5542992200553b55,Wilm Hosenfeld assisted the pianist and composer of what nationality survive during 1944?,chunk_packed_280,ace_focused_220,0.25485508556132747,0.26019409048681275,0.26138466615807276,0.2632340586716348,0.6666666666666666,276,4,1.0,1.0,266,4,1.0,1.0,266,4,1.0,1.0,267,4,1.0,1.0,212,3,1.0,1.0
5a7d043755429909bec768f7,"William James ""Count"" Basie has an album that is a collection of musical pieces from what movie series?",chunk_packed_280,ace_focused_220,0.3036741420279774,0.34154199441136723,0.33192985985494283,0.2699700822829571,0.6666666666666666,278,5,0.0,0.4,252,5,0.0,0.6666666666666666,267,5,0.0,0.4,275,5,0.0,0.6666666666666666,218,5,0.0,0.6666666666666666
5a8089535542992bc0c4a762,Maria Curcio taught a classical pianist who is of what South American lineage?,chunk_packed_280,ace_focused_220,0.28288135255998975,0.2643296824673797,0.2945063145973395,0.30328478876018267,0.6666666666666666,276,5,1.0,1.0,264,5,0.0,0.0,278,5,1.0,1.0,269,5,1.0,1.0,213,5,1.0,1.0
5abd049d5542992ac4f381a8,How many film were there in the series of comedy films for which Peter Rogers is best known ?,chunk_packed_280,ace_focused_220,0.34307091485747876,0.3727996688871125,0.3645756466876421,0.2337955840800427,0.6666666666666666,234,4,0.0,0.0,259,5,1.0,1.0,279,5,1.0,1.0,275,5,1.0,1.0,194,4,1.0,1.0
5abbc7a055429931dba1451b,In what order does Three Colours: Blue appear in the Three Colours trilogy?,ace_focused_220,ace_packed_280,0.2679484244242551,0.2980481719583968,0.30027775165195847,0.3482730727914005,0.6666666666666666,262,5,0.0,0.0,279,5,1.0,1.0,277,5,1.0,1.0,262,5,1.0,1.0,216,5,0.0,0.0
5abdc18555429965af743e2b,"What is the name of the second largest car rental company, that also has another low cost car rental company it oversees?",chunk_packed_280,ace_focused_220,0.27510410778883637,0.27146346882041095,0.2771284138834468,0.2968076321113433,0.6666666666666666,279,5,0.0,0.0,275,5,0.0,0.0,279,5,0.0,0.0,278,5,0.0,0.0,217,5,0.0,0.0
5adc3a7055429947ff173913,What is the nationality of the poet who wrote Une Tempete and first performed it in Tunisia?,chunk_packed_280,bm25_packed_280,0.2378319858582558,0.24463280539751503,0.24806128415715387,0.2534442880055882,0.6666666666666666,270,5,0.0,0.0,262,5,1.0,1.0,274,5,0.0,0.0,280,5,0.0,0.0,220,5,0.0,0.0
5abbdb335542992ccd8e7fc1,Are NRG Energy and Raymond James Financial  based in Great Britain?,ace_focused_220,ace_packed_280,0.2903934953580397,0.2906280473954315,0.2809103423621526,0.34213503396955613,0.6666666666666666,252,5,0.0,0.0,276,5,0.0,0.0,255,5,0.0,0.0,245,5,1.0,1.0,204,5,0.0,0.0
5ac1a5b45542991316484b8b,Are both Odds and Supergrass rock bands?,ace_focused_220,ace_focused_220,0.24753207181038356,0.2810613343030557,0.27304549891474705,0.3148363082331539,0.42857142857142855,272,5,0.0,0.0,269,5,0.0,0.0,266,5,0.0,0.0,262,5,0.0,0.0,197,5,0.0,0.0
5ac2616b5542996366519997,In what country was Cudjoe's leader born?,chunk_packed_280,ace_focused_220,0.2534614831725276,0.3110029442537374,0.29121861017094974,0.25238880946409575,0.25,255,4,0.0,0.0,280,5,0.0,0.0,280,5,0.0,0.0,276,5,0.0,0.0,218,4,0.0,0.0
5ae3f6775542991a06ce9a3f,"While Jennifer Granholm was the Govenor of Michigan from 2003-2011, Ray Wert was responsible for doing what for her?",chunk_packed_280,ace_focused_220,0.25195199295481624,0.26049213196484466,0.2578792669663127,0.2632499350562071,0.42857142857142855,270,5,0.0,0.0,274,5,0.0,0.0,270,5,0.0,0.0,276,5,0.0,0.0,219,4,0.0,0.0
5a8f15ec554299458435d552,The 2006 NCAA Wrestling Championships crowned Jake Rosholt and another athlete known for powerful punches from what hand?,chunk_packed_280,chunk_packed_280,0.2914448050232495,0.3122902332534569,0.2909659584322221,0.2828204736378551,0.42857142857142855,257,5,1.0,1.0,259,5,1.0,1.0,259,5,1.0,1.0,263,5,0.0,0.0,213,5,0.0,0.0
5a8db9b3554299068b959dde,What animal does Mahratta Greyhound and Tibetan Spaniel have in common?,chunk_packed_280,hybrid_packed_280,0.26709416590173707,0.2793961823648415,0.2758835067643216,0.27106667575523,1.0,253,5,0.0,0.0,275,5,0.0,0.0,261,5,1.0,1.0,274,5,0.0,0.0,217,5,0.0,0.0
5ab3f6b9554299753aec5a03,How many films were directed by the director of Wise Blood?,ace_focused_220,ace_focused_220,0.24486527085323362,0.2901248663181689,0.2549711786821033,0.2825877291257218,0.42857142857142855,271,5,0.0,0.0,261,5,0.0,0.0,269,5,0.0,0.0,259,5,0.0,0.0,214,5,0.0,0.0
5a736f7c5542991f29ee2e18,"Which legal, autonomous North American tribal government signed its constitution in Oklahoma on September 6, 1839?",ace_focused_220,ace_focused_220,0.222976100900279,0.23674003832454335,0.23135712906845174,0.26564425227323385,0.25,280,5,1.0,1.0,278,5,1.0,1.0,261,5,1.0,1.0,263,5,1.0,1.0,219,4,1.0,1.0
5ae618535542995703ce8af7,"The Church of St Peter in Pertenhall, Bedfordshire, England was added to this register on 13 July 1964.",chunk_packed_280,ace_packed_280,0.4420034397590997,0.4535719614675985,0.450463742292206,0.39020096879978394,0.42857142857142855,225,5,0.0,0.14285714285714288,206,5,0.0,0.14285714285714288,206,5,0.0,0.14285714285714288,199,5,0.0,0.14285714285714288,124,2,0.0,0.0
5a8b05c855429949d91db46a,"What country does Salmonby and Somersby, Lincolnshire have in common?",chunk_packed_280,ace_focused_220,0.303873732410598,0.3185842355321312,0.3241961111093096,0.30110650750660795,1.0,268,5,0.0,0.0,260,5,0.0,0.0,268,5,0.0,0.0,267,5,0.0,0.0,218,5,1.0,1.0
5ac1d40c5542994d76dccef5,What is the population of the city at which the transmitter of WLLZ-LP was placed? ,chunk_packed_280,ace_focused_220,0.2675676925743655,0.2565419632919555,0.2766330331801528,0.2739795993377544,0.25,278,5,0.0,0.0,276,5,0.0,0.0,280,5,0.0,0.0,274,5,0.0,0.0,217,5,0.0,0.0
5ae356045542990afbd1e10d,"What city has a football team and had a player from Pago Pago, American Samoa play for it?",ace_focused_220,ace_packed_280,0.28719851856836215,0.2968321381955059,0.2846061532678189,0.3332786098851632,0.6666666666666666,272,5,0.0,0.2666666666666667,277,5,0.0,0.2666666666666667,272,5,0.0,0.2666666666666667,271,5,0.0,0.2666666666666667,218,5,0.0,0.0
5ae002ec55429925eb1afbdc,"Who wrote the play performed by 1948 TV actor Nicholas Amer, were he played Ferdinand?",chunk_packed_280,ace_focused_220,0.28405317091199944,0.2925882407642457,0.2935697790457764,0.26871000475838147,0.25,260,5,0.0,0.0,276,5,0.0,0.0,268,5,0.0,0.0,280,5,1.0,1.0,212,3,1.0,1.0
5a89ddf25542992e4fca83ff,Do singers Lee Donghae and Dappy have the same nationality?,ace_focused_220,ace_focused_220,0.23901605828213857,0.23306885299248248,0.22021631811710723,0.2982385404039656,1.0,262,5,0.0,0.0,272,5,0.0,0.0,243,5,0.0,0.0,276,5,1.0,1.0,216,4,1.0,1.0
5a903b7255429933b8a204ae,What Canadian filmmaker created a film about Bettie Page in 2005?,ace_focused_220,ace_focused_220,0.2728957474786061,0.26794316413771385,0.269799335523138,0.3148493631912106,0.42857142857142855,264,5,0.0,0.5,280,5,0.0,0.5,277,5,0.0,0.5,274,5,0.0,0.5,203,5,0.0,0.5
5a84ac585542991dd0999d72,"What former city, now the fourth-largest Russian city, was the Belarusian State Technological University evacuated to in 1941?",chunk_packed_280,ace_focused_220,0.3450574688947346,0.3854339210623514,0.3713543091277136,0.3475999113934305,0.6666666666666666,279,5,0.0,0.0,276,5,0.0,0.0,266,5,0.0,0.0,265,5,1.0,1.0,207,4,1.0,1.0
5a7cad635542996dd594b97f,"Who is older, Tarryl Lynn Clark or Michele Marie Bachmann?",ace_focused_220,ace_focused_220,0.264981356889485,0.30348685859472624,0.2866588980430357,0.3401488919588783,0.6666666666666666,272,5,0.0,0.0,277,5,0.0,0.0,272,5,0.0,0.0,268,5,0.0,0.0,204,4,0.0,0.0
5a75da6d5542992db94736fa,"The Declaration of Montreal was the founding document of which world event, lasting from July 26-August 5, 2006?",ace_focused_220,ace_focused_220,0.3357043853249329,0.3525548285419062,0.34439378500327145,0.35780071260407575,0.6666666666666666,268,5,0.0,0.8,267,5,0.0,0.8,267,5,0.0,0.8,275,5,0.0,0.8,196,3,0.0,0.8
5ac4e13f554299076e296e2d,"which German philosopher wrote ""The opera ""Lulu""  ",chunk_packed_280,ace_focused_220,0.26965470057372365,0.30012663714493215,0.291291622521891,0.2916031061685337,1.0,270,5,0.0,0.0,273,4,0.0,0.0,266,5,1.0,1.0,253,5,1.0,1.0,215,5,1.0,1.0
5ab9b29c554299743d22ebae,"Which case came first, Craig v. Boren or United States v. Paramount Pictures, Inc.?",chunk_packed_280,ace_focused_220,0.37228279433717604,0.36611656561826256,0.36485483893658965,0.38431117420609184,0.42857142857142855,278,5,1.0,1.0,278,5,1.0,1.0,276,5,1.0,1.0,249,5,1.0,1.0,217,5,1.0,1.0
5ae2295c554299495565da13,The Missouri attorney general election of 2012 ended in a loss for which attorney and CNN contributor?,chunk_packed_280,ace_focused_220,0.3536650410005115,0.36029626675467635,0.35821801943371956,0.37420526801602627,0.25,267,5,0.0,0.3333333333333333,270,5,0.0,0.3333333333333333,276,5,0.0,0.3333333333333333,269,5,0.0,0.3333333333333333,218,5,0.0,0.3333333333333333
5abd44d955429933744ab760,"What is the name of the presidential memorial in Washington, D.C that connects to an artificial island?",ace_focused_220,ace_focused_220,0.2681192280841753,0.297305416198848,0.2796132174648527,0.3412404237129021,1.0,275,4,0.0,0.0,257,4,0.0,0.0,275,4,0.0,0.0,275,5,0.0,0.0,193,4,0.0,0.3333333333333333
5ae096d755429906c02daadf,What is the net worth of the founder of Intel Corporation as of 2016?,hybrid_packed_280,ace_focused_220,0.33121270372145684,0.38682077890379885,0.38562533920484754,0.3612719320843697,0.42857142857142855,258,5,0.0,0.4,268,5,1.0,1.0,260,4,0.0,0.4,254,5,0.0,0.0,219,5,1.0,1.0
5abea6a05542993f32c2a18d,John Stark Regional High School serves the community in which New Hampshire county?,ace_focused_220,ace_focused_220,0.3745275471497355,0.3920978768530117,0.3890541704118001,0.4267656697705413,0.42857142857142855,257,5,0.0,0.0,266,5,0.0,0.0,266,5,0.0,0.0,277,5,1.0,1.0,218,5,1.0,1.0
5ae1319c55429920d5234301,The tap dancing soloist in My Feet Keep Dancing also starred in what 1935 MGM musical?,ace_focused_220,bm25_packed_280,0.2886887616790732,0.27913755355525127,0.2877201401304812,0.33101148009887327,0.42857142857142855,279,5,1.0,1.0,261,5,1.0,1.0,261,5,1.0,1.0,274,5,1.0,1.0,218,5,0.0,0.0
5ab60aec554299110f2199c3,What type of writing did both Richard Harding Davis and Harry Stephen Keeler write?,chunk_packed_280,chunk_packed_280,0.2904753851368266,0.2862805799786444,0.2955880209336037,0.30190944217192706,0.42857142857142855,277,5,1.0,1.0,273,5,0.0,0.0,273,5,0.0,0.0,275,5,0.0,0.0,189,5,0.0,0.0
5ae4e2ca55429908b63264aa,Who founded the company that Robinsons-May is a subsidiary of ?,ace_focused_220,hybrid_packed_280,0.29618817894130567,0.2995791153585442,0.31168398629428656,0.3185865345158103,0.6666666666666666,275,5,1.0,1.0,280,5,0.0,0.3333333333333333,272,5,1.0,1.0,260,5,0.0,0.0,205,5,0.0,0.0
5ae25d2b554299495565da46,"Who has more singles titles, Brian Gottfried or Peter Fleming?",chunk_packed_280,ace_focused_220,0.3020476684247305,0.321771435585168,0.3132293209300032,0.3055251492571542,0.6666666666666666,280,5,0.0,0.0,279,5,0.0,0.0,269,5,0.0,0.0,255,5,0.0,0.0,216,5,0.0,0.0
5ade630e55429975fa854eb7,The genus containing lions also contains several poorly known what?,chunk_packed_280,bm25_packed_280,0.23531884437482795,0.24185697184837276,0.23314766256597227,0.23836592044598265,0.0,279,5,0.0,0.0,275,5,1.0,1.0,280,5,0.0,0.0,279,5,0.0,0.0,214,5,0.0,0.0
5ab6be2f55429954757d335c,Zakk Wylde and Damon Albarn are both what?,ace_focused_220,ace_focused_220,0.24969478802634604,0.26714465897264406,0.2584057153066815,0.3272581840619736,1.0,261,4,0.0,0.0,276,5,0.0,0.0,260,5,0.0,0.0,279,5,0.0,0.0,198,4,0.0,0.0
5a74a62b55429916b01641a0,"Which astronaut, Jean-François Clervoy or Ulrich Walter, was born first?",ace_focused_220,ace_focused_220,0.3258570974019239,0.37380945290814693,0.35060470053820303,0.35787625807251977,0.6666666666666666,262,5,0.0,0.5714285714285715,269,5,0.0,0.5714285714285715,264,5,0.0,0.5714285714285715,275,5,0.0,0.5714285714285715,209,5,0.0,0.5714285714285715
5abcf299554299700f9d7936,Are Tim Rice and Leslie Marmon Silko both lyricists?,ace_focused_220,chunk_packed_280,0.30354393248838973,0.31062109236766067,0.31245436224964357,0.39330510002290964,0.6666666666666666,280,5,1.0,1.0,166,5,0.0,0.0,166,5,0.0,0.0,204,5,0.0,0.0,204,5,0.0,0.0
5adc6eb65542994650320cf3,Are Norman Z. McLeod and Sam Wanamaker both directors?,ace_packed_280,bm25_packed_280,0.3060615630297485,0.23234776308524718,0.3090196482756927,0.3688864050235314,0.42857142857142855,254,5,0.0,0.0,176,5,0.0,0.0,242,5,0.0,0.0,278,5,0.0,0.0,216,5,0.0,0.0
5ac1767a5542994d76dcce48,What is the 2010 census population of the county where Wildcat Brook flows through Jackson?,chunk_packed_280,ace_focused_220,0.3032517185719684,0.27512212611809383,0.31679854155479176,0.32194649499812455,0.6666666666666666,269,5,0.0,0.0,274,5,0.0,0.0,276,5,0.0,0.0,268,5,0.0,0.0,220,5,0.0,0.0
5ab5dc44554299494045f089,What created the terrirtories of Kansas and Nebraska and was combated by the The Republican Party?,ace_focused_220,chunk_packed_280,0.3353064161299925,0.3272600615223471,0.32589401438372506,0.3925961113476226,0.6666666666666666,278,5,1.0,1.0,278,5,1.0,1.0,278,5,1.0,1.0,272,5,0.0,0.0,209,5,0.0,0.0
5a8f5273554299458435d5b1,Bill Bryson grew up in a city that is the seat of which county ?,chunk_packed_280,hybrid_packed_280,0.26863295228578016,0.27621330211327055,0.26621500483939703,0.2881355339814209,0.42857142857142855,270,5,0.0,0.0,273,5,0.0,0.4,271,5,0.0,0.4,267,5,0.0,0.0,215,5,0.0,0.0
5addeb685542992200553bb1,Mastophora dizzydeani is a species of spider named after baseball player Jerome Herman Dean who goes by what nickname?,ace_focused_220,ace_focused_220,0.36254577613779215,0.4090159578900613,0.3898519765120773,0.4620439347447223,0.42857142857142855,275,5,0.0,0.6666666666666666,277,5,0.0,0.6666666666666666,275,5,0.0,0.6666666666666666,273,5,0.0,0.6666666666666666,200,5,0.0,0.6666666666666666
5a870a8e55429960ec39b707,"George E. Blake was born in Yorkshire, England, formerly known as what?",chunk_packed_280,ace_focused_220,0.2749138270199076,0.3188905225669443,0.30416026634222004,0.26811971853664396,0.42857142857142855,279,5,0.0,0.0,280,5,0.0,0.0,275,5,0.0,0.0,270,5,0.0,0.0,207,5,0.0,0.0
5a77ddb855429967ab1052d8,"The True Colors World Tour was by what artist whose debut album was ""She's So Unusual""?",ace_focused_220,ace_focused_220,0.3288365353681386,0.35238313407386224,0.34076113316757717,0.3801523932181702,1.0,265,5,0.0,0.5714285714285715,265,5,0.0,0.5714285714285715,265,5,0.0,0.5714285714285715,278,5,0.0,0.5714285714285715,214,4,0.0,0.5714285714285715
5ab38cdd5542992ade7c6de2,Liverpool nurse Mimi Smith was the aunt and guardian of which one of the city's most famous sons?,ace_focused_220,ace_focused_220,0.2660862898764388,0.31104389343573124,0.3033494674517697,0.3011784076509269,0.6666666666666666,272,5,1.0,1.0,274,5,1.0,1.0,270,5,1.0,1.0,279,5,1.0,1.0,207,3,1.0,1.0
5a8f24cc55429924144829e7,Andrei Ivanovich Gorchakov commanded the 1st Infanty Corps in what major engagement of the Napoleonic Wars?,ace_focused_220,ace_focused_220,0.2959175386592341,0.33736765191137175,0.32168913123423226,0.3572795195660125,0.6666666666666666,275,5,0.0,0.0,276,5,0.0,0.5,280,5,0.0,0.5,275,5,1.0,1.0,218,5,1.0,1.0
5ac401bb55429919431738f4,Who worked on the origins of Mickey Mouse and created Oswald the Lucky Rabbit?,ace_focused_220,ace_focused_220,0.31545486183193827,0.31610338299393503,0.32153986098198195,0.37712568611727953,1.0,277,5,1.0,1.0,271,5,1.0,1.0,277,5,1.0,1.0,271,5,1.0,1.0,207,5,1.0,1.0
5ab4b7d15542996a3a969fbc,"Who was this American Founding Father, a proponent of democracy, republicanism, and individual rights, examined Ice Age fossils of Kentucky's Big Bone Lick?",chunk_packed_280,ace_focused_220,0.27204454723865445,0.2752650166977266,0.2705983164438162,0.3011648084127131,0.6666666666666666,279,4,1.0,1.0,279,4,1.0,1.0,279,4,1.0,1.0,266,5,1.0,1.0,219,3,1.0,1.0
5a78f18855429974737f7915,"Orange is the New Black, starring Annie Golden as Norma Romano, takes place in which minimum-security federal prison?",chunk_packed_280,bm25_packed_280,0.3410529952511654,0.37684663353489845,0.36766494889217194,0.35288765522763943,0.25,280,5,1.0,1.0,260,5,1.0,1.0,260,5,1.0,1.0,278,5,1.0,1.0,219,5,0.0,0.0
5a76394c5542994ccc918725,"When was the band who composited ""Discipline"" formed?",chunk_packed_280,ace_focused_220,0.2769526037961578,0.2674469835607284,0.2714740960544703,0.30160195392628475,0.42857142857142855,270,5,0.0,0.0,254,5,0.0,0.0,277,5,0.0,0.0,269,5,0.0,0.0,212,5,0.0,0.0
5a78e49855429974737f78f3,"How many small-box format stores are there for one of Newell Brands' brand that sells scented candles, candleholders, accessories, and dinnerware?",chunk_packed_280,ace_focused_220,0.24479685734178488,0.3123044430066081,0.27847840110924543,0.2687384186767305,0.6666666666666666,276,5,0.0,0.0,275,4,0.0,0.0,275,4,0.0,0.0,278,5,1.0,1.0,211,4,1.0,1.0
5a8fdb955542990a98493572,One of the directors of Mediastan is well-known for founding what organisation in 2006?,chunk_packed_280,chunk_packed_280,0.2585711012635394,0.2336557126226799,0.24158042505080315,0.2580700421235001,0.6666666666666666,139,5,1.0,1.0,276,5,0.0,0.0,276,5,1.0,1.0,276,5,0.0,0.0,213,5,1.0,1.0
5a7b9f1f554299294a54aa2a,"Which director was born more recently, Tony Kaye or Marc Webb?",chunk_packed_280,ace_focused_220,0.2946385696256535,0.31948967975919756,0.3129833757681549,0.30313698522486554,0.42857142857142855,255,5,0.0,0.8,272,5,0.0,0.8,262,5,0.0,0.8,249,5,0.0,0.8,211,5,0.0,0.8
5adc396155429944faac2479,Are both Stanley Elkin and Anne Lamott non-fiction writers? ,bm25_packed_280,ace_focused_220,0.32601907219086934,0.39238684138087065,0.34780194760307803,0.3206093803147194,0.6666666666666666,273,5,1.0,1.0,221,5,1.0,1.0,273,5,1.0,1.0,264,5,1.0,1.0,212,5,1.0,1.0
5a75357c5542996c70cfaeab,"Who was born first, Bobby Keys or Joe Cocker?",ace_focused_220,ace_focused_220,0.2510146707179167,0.27665914640442074,0.26987707415929596,0.30707245788408644,0.42857142857142855,277,4,1.0,1.0,253,5,1.0,1.0,279,5,1.0,1.0,252,5,1.0,1.0,209,5,1.0,1.0
5ac312ee5542995ef918c0ec,Hatyapuri was a novel by the filmmaker of what nationality?,chunk_packed_280,ace_focused_220,0.27652816925193124,0.2802882797706605,0.28698832773952987,0.26659509630227546,0.25,278,5,1.0,1.0,278,5,0.0,0.0,272,5,0.0,0.0,278,5,1.0,1.0,218,5,1.0,1.0
5add38355542990dbb2f7dd0,What is the nationality of the wrestler who sang on A Jingle with Jillian?,ace_focused_220,ace_focused_220,0.33887279161272815,0.33990441192384135,0.34374097479028587,0.3861953382637224,0.42857142857142855,262,5,0.0,0.0,273,5,0.0,0.0,278,5,0.0,0.0,279,5,0.0,0.0,206,5,0.0,0.0
5ac471a5554299194317399a,"When was the Austrian ""Schutzstaffel"" (SS) officer born based on who's life Schapira co-authored a book?",ace_focused_220,ace_focused_220,0.21295419737546328,0.24841335398916378,0.24512131532077686,0.2655889677110142,0.42857142857142855,276,4,0.0,0.0,264,5,0.0,0.0,264,5,0.0,0.0,262,5,0.0,0.0,187,3,0.0,0.0
5a70f1685542994082a3e40f,Which piece did Ludwig van Beethoven publish in 1801 that was dedicated to Count Moritz von Fries? ,ace_focused_220,ace_focused_220,0.2692573979134587,0.2699568100427821,0.2714318356444597,0.4155072860061725,0.42857142857142855,279,5,0.0,0.28571428571428575,280,5,0.0,0.28571428571428575,280,5,0.0,0.28571428571428575,279,5,0.0,0.28571428571428575,211,3,0.0,0.28571428571428575
5ab5f372554299488d4d9a60,"Which opera has more acts, La jolie fille de Perth or Mitridate, re di Ponto?",chunk_packed_280,bm25_packed_280,0.3082749342327647,0.3003953711618451,0.3067179338724811,0.3235787941331115,0.6666666666666666,262,5,0.0,0.5263157894736842,261,4,0.0,0.5263157894736842,259,4,0.0,0.0,253,5,0.0,0.0,212,4,0.0,0.0
5a7e1cd955429965cec5ea76,During which months of the year does the goalkeeper for Bengaluru FC play? ,ace_focused_220,ace_focused_220,0.2783301402906056,0.26648412448730263,0.2785696207723607,0.31621597770468124,1.0,275,5,0.0,0.0,272,5,0.0,0.0,279,5,0.0,0.0,238,5,0.0,0.0,206,5,0.0,0.0
5adce3265542992c1e3a2466,What title did the author of Det norske Theater's first production hold ? ,chunk_packed_280,ace_focused_220,0.27422278518047566,0.2730738547711207,0.27686286458484577,0.301810347465424,0.42857142857142855,279,5,0.0,0.0,265,5,0.0,0.0,271,5,0.0,0.0,275,5,0.0,0.0,217,4,0.0,0.0
5a8adc935542992d82986fb0,"Which is headquarter farther south, Jet's Pizza or Chuck E. Cheese's?",ace_packed_280,ace_packed_280,0.3401292890768106,0.34694639322177623,0.3530356875355256,0.3828900445628736,0.6666666666666666,239,5,0.0,0.0,242,5,0.0,0.0,239,5,0.0,0.0,201,5,0.0,0.0,204,5,0.0,0.0
5a73bddb55429978a71e909d,"During the 2009 St. Petersburg Bowl on December 19, 2009, which future Atlanta Falcons wide receiver was the game's MVP?",chunk_packed_280,ace_focused_220,0.2863555585099199,0.3044209378627536,0.30110008091483814,0.24894016091395618,0.6666666666666666,274,4,1.0,1.0,273,5,0.0,0.8,273,5,0.0,0.8,275,5,1.0,1.0,193,4,1.0,1.0
5ae5736e5542990ba0bbb2b3,"When was the American lawyer, lobbyist and political consultant who was a senior member of the presidential campaign of Donald Trump born?",chunk_packed_280,ace_focused_220,0.3161294432187571,0.28467169392682246,0.28706542564471216,0.33766565899774736,0.6666666666666666,279,5,0.0,0.0,279,4,0.0,0.0,279,4,0.0,0.0,272,4,1.0,1.0,220,4,1.0,1.0
5a8d4cf35542994ba4e3dc5f,"What are the letters of the radio station serves the area comprising all of Belknap County, among others?",ace_focused_220,ace_focused_220,0.21436204616334487,0.22455671050330794,0.2135512677383014,0.2566634904049269,0.25,279,4,0.0,0.0,276,5,0.0,0.0,270,5,0.0,0.0,271,5,0.0,0.0,209,4,0.0,0.0
5a9023d355429916514e742f,Whose former city palace did Erna Flegel work at?,ace_focused_220,bm25_packed_280,0.263984012575056,0.30145533957183435,0.2915830339114484,0.30859859545664925,0.6666666666666666,252,5,0.0,0.0,280,4,1.0,1.0,276,5,0.0,0.0,267,5,0.0,0.0,196,5,0.0,0.0
5adfad2b554299603e41835c,The song Arizona was recorded by Paul Revere and Mark Lindsay but who wrote the song?,ace_focused_220,ace_focused_220,0.32934866624369064,0.3270664332218147,0.33835087761578175,0.38409603883661436,1.0,271,5,1.0,1.0,271,5,1.0,1.0,271,5,1.0,1.0,278,5,1.0,1.0,210,5,1.0,1.0
5a8cddd1554299441c6b9f3a,In what 2 countries did both X-Large and A Bathing Ape have stores?,chunk_packed_280,ace_focused_220,0.2824546259161974,0.27756650069375916,0.2837774857903166,0.29086080253490554,0.6666666666666666,274,5,0.0,0.8571428571428571,267,5,0.0,0.8571428571428571,273,5,0.0,0.8571428571428571,266,5,0.0,0.8571428571428571,202,5,0.0,0.8571428571428571
5a79f6825542996c55b2dcb4,New Jersey politicians Linda Stender and Leonard Lance were born within a year of each other beginning in which year?,chunk_packed_280,ace_focused_220,0.26895069740905,0.2926202473749663,0.2839906531086064,0.27212470528849114,0.6666666666666666,280,5,0.0,0.0,271,5,1.0,1.0,273,5,0.0,0.0,274,5,0.0,0.0,212,5,1.0,1.0
5a8900c75542997e5c09a6ed,What ingredient is in both Cosmopolitan and Cuba Libre?,chunk_packed_280,ace_packed_280,0.32051721748728484,0.318988573249956,0.31999278158016775,0.2933925721848558,0.8,278,5,1.0,1.0,203,5,1.0,1.0,278,5,0.0,0.0,110,4,1.0,1.0,110,4,1.0,1.0
5ab27f7b554299722f9b4d4f,"Who was the head promotor of the singer of ""For The Good Times""?",ace_focused_220,ace_focused_220,0.24519956632400913,0.21534182333770036,0.2509624554886247,0.2876368923747867,0.6666666666666666,280,5,0.0,0.0,270,5,0.0,0.0,266,5,0.0,0.0,275,5,0.0,0.0,216,5,0.0,0.0
5ac257fe55429951e9e68562,"Who has more scope of profession, Bob Fosse or Angelina Jolie?",ace_focused_220,ace_focused_220,0.23542349398243212,0.2363773887864108,0.24734277015899736,0.27970774915058083,0.6666666666666666,251,5,0.0,0.4,262,4,0.0,0.4,277,4,0.0,0.4,278,5,0.0,0.4,198,5,0.0,0.4
5ab94cf0554299743d22eade,Naval Air Station Ellyson Field was an auxiliary facility to the air station in which community?,ace_focused_220,ace_focused_220,0.3312328595123327,0.3340130460679486,0.3418474683734253,0.40336726731068273,0.42857142857142855,278,4,0.0,0.0,277,4,0.0,0.0,268,4,0.0,0.0,268,5,0.0,0.0,197,3,0.0,0.0
5ac017945542997d642959bc,What film did the sound editor for a 2013 Hong Kong-Chinese martial arts drama film based on the life story of the Wing Chun grandmaster Ip Man win two Academy Awards for?,ace_focused_220,ace_focused_220,0.3095424190389444,0.3163301445184268,0.31546337278141906,0.4891511273886219,0.6666666666666666,262,5,0.0,0.0,276,5,0.0,0.0,253,5,0.0,0.0,273,5,0.0,0.0,210,4,0.0,0.0
5ac19d4c55429963665198bb,The Argentine National Anthem was adopted 3 years after which event that led to the removal of Viceroy Baltasar Hildalgo de Cisneros?,chunk_packed_280,ace_focused_220,0.2736347714800935,0.25822923247281165,0.2803237413990568,0.30075055973545206,0.42857142857142855,266,5,0.0,0.0,272,5,0.0,0.0,275,5,0.0,0.0,246,5,0.0,0.0,201,3,0.0,0.0
5abbd2575542993f40c73bbd,Petroglyphs on Ingaro isalnd indicate it has been innhabited since an era that lasted until what year?,ace_focused_220,ace_focused_220,0.21615089130674292,0.214322583259571,0.2275981867416227,0.26854799821642034,0.42857142857142855,280,5,0.0,0.0,278,4,0.0,0.0,278,4,0.0,0.0,254,5,0.0,0.0,207,5,0.0,0.0
5a888b8e5542997e5c09a60a,Where are schools in the athletic association Cardinal Hayes High School is part of located?,ace_focused_220,ace_focused_220,0.3384130487184205,0.3573825187907467,0.34091460964658793,0.3698762029519725,0.42857142857142855,260,5,0.0,0.0,277,5,0.0,0.0,278,5,0.0,0.0,271,5,0.0,0.0,201,5,0.0,0.0
5a712e895542994082a3e636,C.J. Hunter was tested positive for which type of injected steroid before he competed in the 2000 Summer Olympic Games?,ace_focused_220,ace_focused_220,0.3104898163461392,0.33369936088387214,0.3278761093371514,0.38604189791176025,0.6666666666666666,268,5,0.0,0.0,270,5,0.0,0.0,268,5,0.0,0.0,277,5,0.0,0.0,220,4,0.0,0.0
5a85ecf25542991dd0999ec6,"Who plays opposite the double Olivier Award-winning English actress in the 2000 TV film following the relationship between ""Carry On"" film actors Sid James and Barbara Windsor?",ace_focused_220,ace_focused_220,0.3519346690461777,0.37187619716477316,0.3689012054443974,0.3843012724734436,0.42857142857142855,276,5,1.0,1.0,269,5,1.0,1.0,269,5,1.0,1.0,280,5,1.0,1.0,206,5,1.0,1.0
5adfe6c455429906c02daa85,Which store in Gurney Paragon was founded in Belgium in 1926?,chunk_packed_280,ace_packed_280,0.29238228696270274,0.27079766920725945,0.28011175801961613,0.30972202817049443,1.0,264,5,0.0,0.0,279,5,1.0,1.0,258,5,0.0,0.0,269,5,1.0,1.0,210,5,0.0,0.0
5ac448185542995c82c4ad1b,Which video game featured the Houston Rockets player named NBA Sixth Man of the Year in 2012?,ace_focused_220,ace_focused_220,0.2825493180523619,0.2949338577238779,0.2878359173784189,0.355624922168597,0.6666666666666666,267,5,0.0,0.0,279,5,0.0,0.0,270,5,0.0,0.0,267,5,0.0,0.0,198,4,0.0,0.0
5ae1faf15542997f29b3c1e3,"William Davis Ticknor, Sr. served on the board of a chemical and biotechnology company created in what year?",chunk_packed_280,ace_focused_220,0.32812359530544877,0.33310776201359155,0.3377219761219008,0.3132560068616129,0.6666666666666666,277,5,1.0,1.0,280,5,1.0,1.0,262,5,1.0,1.0,277,5,1.0,1.0,217,5,1.0,1.0
5ab7af9d5542993667793fe9,Are both Dodgy and Massive Attack based in the same country?,ace_focused_220,ace_focused_220,0.24932302337567153,0.24732720499862154,0.2492439510332446,0.2876987214776895,0.6666666666666666,265,4,0.0,0.0,277,5,0.0,0.0,265,5,0.0,0.0,254,5,0.0,0.0,198,4,0.0,0.0
5ae1e9635542997f29b3c19e,"Which airport is located further north in the United States, San Angelo Regional Airport or Grand Junction Regional Airport?",chunk_packed_280,ace_focused_220,0.306780477091137,0.3194241155474482,0.30853639243944864,0.3255831804859235,0.6666666666666666,276,5,1.0,1.0,275,5,1.0,1.0,275,5,1.0,1.0,273,5,1.0,1.0,214,5,1.0,1.0
5ade28cf5542997c77aded85,Is Rutgers University or Brown University public?,ace_focused_220,ace_focused_220,0.3278444962659323,0.3449318063851111,0.3382657545203783,0.3850130469188995,1.0,277,5,1.0,1.0,273,5,1.0,1.0,273,5,1.0,1.0,279,5,1.0,1.0,195,5,1.0,1.0
5a7b116a554299042af8f6c4,"What year did the prison where William Penn wrote No Cross, No Crown stop being used as a prison?",chunk_packed_280,ace_focused_220,0.3111032308554366,0.33600450712931884,0.3342798541343654,0.31880179617165816,0.42857142857142855,266,5,0.0,0.0,274,5,0.0,0.0,272,5,0.0,0.0,240,5,0.0,0.0,158,4,0.0,0.0
5a72f1cf5542994cef4bc414,Which English actor starred in the 1995 american romantic drama film The Scarlet Letter alongside Demi Moore and Robert Duvall?,ace_focused_220,ace_focused_220,0.3379123289419417,0.3736159033901312,0.3643613737181647,0.4011566705800125,0.6666666666666666,277,5,1.0,1.0,269,5,0.0,0.0,259,5,1.0,1.0,259,5,0.0,0.0,217,4,1.0,1.0
5ab7b3cc55429928e1fe3893,Are both Microcachrys and Protea endemic to the same continent ?,chunk_packed_280,ace_packed_280,0.23722914071964044,0.23387100127647395,0.23981005447146317,0.2407006538880222,1.0,278,5,0.0,0.0,278,5,0.0,0.0,278,5,0.0,0.0,268,5,1.0,1.0,218,5,0.0,0.0
5ae32b6755429928c4239644,Wendy Ayche was featured in 2016 in an annual production created by Youtube and what other organization?,ace_focused_220,ace_packed_280,0.2502727100153615,0.2828593513305797,0.26786633019680767,0.3011123304005373,0.42857142857142855,263,5,0.0,0.0,262,5,0.0,0.0,268,5,0.0,0.0,267,5,1.0,1.0,214,3,0.0,0.0
5ab3c53955429969a97a81b9,Who won the special election in 2014 to replace Bill Young?,ace_focused_220,ace_focused_220,0.2539422070345321,0.24572238215845638,0.22791194981160257,0.312981628206191,0.6666666666666666,276,5,0.0,0.0,280,5,0.0,0.0,280,5,0.0,0.0,271,5,1.0,1.0,210,5,1.0,1.0
5a8b349a55429971feec466b,Are Mobile Regional Airport and Hoonah Airport located in California?,ace_focused_220,ace_focused_220,0.3086959571798674,0.3017507800142991,0.28711009230398943,0.38616183699439277,0.6666666666666666,268,5,1.0,1.0,272,5,1.0,1.0,261,5,0.0,0.0,255,5,1.0,1.0,215,5,1.0,1.0
5ac2db67554299657fa290a6,What is Michael Nakasone job at the college prep school in Honolulu?,chunk_packed_280,ace_focused_220,0.2976939072849305,0.2691619132579354,0.28364795910766394,0.29986077158909785,1.0,264,5,0.0,0.0,274,5,0.0,0.0,275,5,0.0,0.0,264,5,0.0,0.0,207,4,0.0,0.0
5ab5ec2a5542992aa134a3e3,What kind of group does Takahiro Moriuchi and Doug Pinnick have in common?,chunk_packed_280,ace_packed_280,0.25401888605152456,0.28410667921040333,0.26630782335206116,0.2594547770125905,0.6666666666666666,254,5,0.0,0.0,259,5,0.0,0.0,263,5,0.0,0.0,237,5,1.0,1.0,209,5,0.0,0.0
5ab661ac5542995eadeeffb1,"Which state was the The Laboratory's 60,000 square-foot, shore-based campus located?",ace_focused_220,ace_focused_220,0.23368507828640683,0.27180132319204053,0.26258333517904764,0.3948585534937851,1.0,263,5,0.0,0.5,276,5,0.0,0.5,278,4,0.0,0.5,274,4,0.0,0.5,219,4,0.0,0.5
5abee69c5542993fe9a41d8b,The 1966 Football League Cup Final was contested with which team that is based in the West Midlands?,ace_focused_220,ace_focused_220,0.3423216000293957,0.33001128198966256,0.3376480542834138,0.36703510864023003,1.0,273,5,0.0,0.7499999999999999,255,4,0.0,0.7499999999999999,251,4,0.0,0.7499999999999999,267,5,0.0,0.7499999999999999,197,4,0.0,0.7499999999999999
5ac0aab35542992a796ded5c,Meet Market is a 2004 film starring which son of a former prime minister?,chunk_packed_280,ace_focused_220,0.3181459476752652,0.32091896154547395,0.31995346552284676,0.3321561829260016,0.42857142857142855,279,5,1.0,1.0,266,5,1.0,1.0,278,5,1.0,1.0,272,5,1.0,1.0,219,5,1.0,1.0
5a84c4b05542991dd0999deb,Are both Forman Christian College and Purbanchal University public schools?,ace_focused_220,ace_focused_220,0.3163583224079902,0.3268673945422377,0.3160074586546421,0.3640593050611273,0.42857142857142855,273,5,0.0,0.0,275,5,1.0,1.0,270,5,0.0,0.0,271,5,1.0,1.0,217,5,1.0,1.0
5abd6be55542993062266c89,What is Peter Daou's website's slogan?,ace_focused_220,chunk_packed_280,0.30443133290857727,0.29485267949421934,0.2938607220374142,0.3707532915736709,1.0,263,5,0.0,0.6666666666666665,265,5,0.0,0.6666666666666665,278,5,0.0,0.6666666666666665,263,5,0.0,0.0,211,4,0.0,0.0
5a8a19c45542992e4fca8501,Are either The Pogues or Pillar an electronic dance music group?,ace_focused_220,ace_focused_220,0.2490545542444913,0.26675991566824697,0.2592212345150498,0.2981416888037642,0.6666666666666666,276,5,0.0,0.0,272,4,0.0,0.0,280,4,0.0,0.0,270,5,0.0,0.0,211,5,0.0,0.0
5abcef9e55429959677d6b52,Ellesmere Port Town Football Club are currently members of what English football league whose current principal sponsor is Carlsberg?,chunk_packed_280,ace_focused_220,0.33852703192383427,0.3581365607358217,0.3491834267378682,0.3199511896795556,0.42857142857142855,257,5,0.0,0.7499999999999999,267,5,0.0,0.7499999999999999,267,5,0.0,0.7499999999999999,280,5,0.0,0.7499999999999999,216,5,0.0,0.7499999999999999
5a81c7d15542990a1d231ea9,Which services did Rock Nominees Ltd and  ISS A/S (Integrated Service Solutions) have in common?,ace_focused_220,ace_focused_220,0.2715715193075527,0.3224609926029455,0.31056674632431636,0.3579435825180496,0.6666666666666666,262,5,0.0,0.0,276,5,0.0,0.0,276,5,0.0,0.0,262,5,0.0,0.0,213,5,0.0,0.0
5adccaca5542994d58a2f6d5,"Which of these is a genus of flowering plants, Anemopaegma or Semele?",ace_focused_220,ace_focused_220,0.30680959234677097,0.3258010033201908,0.33409298084214445,0.3920399383724959,0.6666666666666666,275,5,1.0,1.0,277,5,1.0,1.0,262,5,1.0,1.0,245,5,1.0,1.0,218,5,1.0,1.0
5a84f5865542991dd0999e30,What Irish county are the band that had a concert tour called the In Blue Tour?,ace_focused_220,ace_focused_220,0.318978491773841,0.30849519098799827,0.32168255180082117,0.3924282523826986,1.0,280,5,0.0,0.5,275,5,0.0,0.5,269,5,0.0,0.5,278,5,0.0,0.5,203,4,0.0,0.5
5a7633ff5542994ccc918712,"When was the Chief Aerodynamicist for the British supersonic land vehicle, whose goal is to match or exceed 1000 mph achieving a new world land speed record, born?",ace_focused_220,ace_focused_220,0.3409130249694876,0.39953465796540844,0.3719476571119556,0.429861169649823,0.6666666666666666,278,5,1.0,1.0,278,5,1.0,1.0,278,5,1.0,1.0,248,5,1.0,1.0,187,4,1.0,1.0
5a8d7f2b554299068b959d0c,"When William Gladstone successfully relaunched his political career in Scotland in advance of the 1880 General Election, which party did he lead?",ace_focused_220,ace_focused_220,0.25543439307343874,0.29659118722320343,0.2837833333224474,0.30290788703489724,1.0,276,5,0.0,0.6666666666666666,248,5,0.0,0.6666666666666666,257,5,0.0,0.6666666666666666,269,5,0.0,0.6666666666666666,216,4,1.0,1.0
5ac3def75542997ea680c95f,Where was the Danger Mouse produced U2 album exclusively released? ,ace_focused_220,ace_focused_220,0.28618003775618195,0.29446729539061667,0.2821919892686157,0.32393520775580165,1.0,264,5,0.0,0.0,277,4,0.0,0.0,277,4,0.0,0.0,277,5,0.0,0.0,214,5,1.0,1.0
5ae6316d5542996de7b71b87,Which FC Barcelona signee was a contender for the Rookie of the Year Award when he played for the Timberwolves?,chunk_packed_280,hybrid_packed_280,0.2278287900908405,0.24660364365595844,0.23879152471143503,0.22418069613068894,0.42857142857142855,280,4,0.0,0.3333333333333333,276,4,0.0,0.3333333333333333,255,4,0.0,0.3333333333333333,274,4,0.0,0.0,219,5,0.0,0.0
5ab5eed65542997d4ad1f25c,"Which is in the family Rutaceae, the Diplolaena or the Arenaria?",ace_packed_280,ace_packed_280,0.31396688390671823,0.3398697635551835,0.3373107620078039,0.37514070323357507,0.6666666666666666,250,5,1.0,1.0,279,5,1.0,1.0,220,5,1.0,1.0,191,5,1.0,1.0,215,5,1.0,1.0
5ab29c24554299449642c932,Are Giuseppe Verdi and Ambroise Thomas both Opera composers ?,ace_focused_220,ace_focused_220,0.2701127633406884,0.2747324445447979,0.2654203414770583,0.30783891901856153,0.42857142857142855,274,5,1.0,1.0,270,5,1.0,1.0,273,5,1.0,1.0,280,5,1.0,1.0,201,4,1.0,1.0
5ab809195542991d3222380f,"Which genus has 5 known species, Leonotis or Psychopsis?",chunk_packed_280,ace_focused_220,0.2500842636201158,0.2639691627977302,0.2523142249560285,0.2681523902781937,1.0,271,5,1.0,1.0,224,5,1.0,1.0,271,5,1.0,1.0,263,5,1.0,1.0,217,5,1.0,1.0
5a834ed95542990548d0b1ca,"Which tower is taller, 712 Fifth Avenue or Manhattan Life Insurance Building?",ace_focused_220,ace_focused_220,0.33932375141969384,0.3443255339050395,0.3424747392852695,0.3760368277059918,1.0,275,5,0.0,0.6666666666666666,275,5,0.0,0.6666666666666666,275,5,0.0,0.6666666666666666,275,5,0.0,0.6666666666666666,218,4,0.0,0.6666666666666666
5ade9545554299728e26c740,What team did the recipient of the 2007 Brownlow Medal play for?,chunk_packed_280,ace_focused_220,0.2841060812661389,0.2878409370700845,0.2890144135853116,0.3003952227512593,0.6666666666666666,270,5,0.0,0.5,268,4,0.0,0.5,270,5,0.0,0.5,269,4,0.0,0.5,220,4,0.0,0.5
5a8b97485542995d1e6f140f,What is common between Matt Vasgersian and Michael Casey?,chunk_packed_280,ace_focused_220,0.287118651144856,0.28497716509957005,0.28648208166938804,0.3079890169519586,0.25,276,5,0.0,0.0,269,5,0.0,0.0,277,5,0.0,0.0,274,5,0.0,0.0,219,5,0.0,0.0
5ac056385542997d64295a08,Ambrose Mendy has managed and/or advised a British professional boxer that as of July 2017 is ranked the world's seventh best super middleweight by who?,chunk_packed_280,ace_focused_220,0.3250165415958296,0.34200288709467164,0.3147506776107547,0.2712330891405673,1.0,276,3,0.0,0.0,278,4,0.0,0.0,276,4,0.0,0.0,277,5,0.0,0.0,215,4,0.0,0.0
5abd96fe5542992ac4f382d9,Australian Associated Press was established by a journalist born in which year ?,chunk_packed_280,ace_focused_220,0.38103608504189324,0.3607636544118463,0.38102862211995714,0.3306381419865665,0.42857142857142855,267,5,0.0,0.0,273,5,0.0,0.0,273,5,0.0,0.0,249,5,0.0,0.0,185,5,0.0,0.0
