=== control/main.py: Stage-4b MMR + multi-seed density packing (stage4b-mmr-multiseed-hotpotqa-v1) ===
Copied extracted project /kaggle/input/datasets/anantonayan/dataset12 to /kaggle/working/ace_rag_research_v13_analysis
$ /usr/bin/python3 -m pip install -q -r requirements-cloud.txt
[overlay] applied 3 file(s) to /kaggle/working/ace_rag_research_v13_analysis: ['ace_rag/context_quality.py', 'ace_rag/evidence_packer.py', 'experiments/run_density_router.py']
--- seed 42 ---
$ /usr/bin/python3 -m experiments.run_density_router --dataset hotpotqa --split validation --seed 42 --limit 500 --embedder sentence-transformers --embedding-model BAAI/bge-small-en-v1.5 --embed-device cuda --compressor truncate --compress-dims 320 --top-k-nodes 48 --max-expanded-docs 5 --ace-retriever standard --reader-backend hf --reader-model Qwen/Qwen2.5-3B-Instruct --reader-device cuda --reader-batch-size 2 --budget 160 --mmr-lambda 0.7 --out-dir /kaggle/working/colab_results/stage4b_density_mmr_hotpotqa_seed42_budget160_limit500_qwen3b
hotpotqa[hf:validation:500]: 4933 docs, 500 questions, 2.00 gold docs/question
[density] retrieving chunk baseline
2026-06-28 09:15:52.391629: E external/local_xla/xla/stream_executor/cuda/cuda_fft.cc:467] Unable to register cuFFT factory: Attempting to register factory for plugin cuFFT when one has already been registered
WARNING: All log messages before absl::InitializeLog() is called are written to STDERR
E0000 00:00:1782638152.415944     251 cuda_dnn.cc:8579] Unable to register cuDNN factory: Attempting to register factory for plugin cuDNN when one has already been registered
E0000 00:00:1782638152.424468     251 cuda_blas.cc:1407] Unable to register cuBLAS factory: Attempting to register factory for plugin cuBLAS when one has already been registered
W0000 00:00:1782638152.445110     251 computation_placer.cc:177] computation placer already registered. Please check linkage and avoid linking the same target more than once.
W0000 00:00:1782638152.445158     251 computation_placer.cc:177] computation placer already registered. Please check linkage and avoid linking the same target more than once.
W0000 00:00:1782638152.445164     251 computation_placer.cc:177] computation placer already registered. Please check linkage and avoid linking the same target more than once.
W0000 00:00:1782638152.445168     251 computation_placer.cc:177] computation placer already registered. Please check linkage and avoid linking the same target more than once.
[chunk] fitting/indexing
[embed] encoding 4933 texts on device=cuda:0

Batches:   0%|          | 0/78 [00:00<?, ?it/s]
Batches:   1%|▏         | 1/78 [00:00<01:13,  1.05it/s]
Batches:   3%|▎         | 2/78 [00:01<00:47,  1.59it/s]
Batches:   4%|▍         | 3/78 [00:01<00:36,  2.03it/s]
Batches:   5%|▌         | 4/78 [00:02<00:33,  2.20it/s]
Batches:   6%|▋         | 5/78 [00:02<00:29,  2.49it/s]
Batches:   8%|▊         | 6/78 [00:02<00:25,  2.78it/s]
Batches:   9%|▉         | 7/78 [00:02<00:23,  3.00it/s]
Batches:  10%|█         | 8/78 [00:03<00:22,  3.15it/s]
Batches:  12%|█▏        | 9/78 [00:03<00:21,  3.26it/s]
Batches:  13%|█▎        | 10/78 [00:03<00:19,  3.47it/s]
Batches:  14%|█▍        | 11/78 [00:03<00:18,  3.66it/s]
Batches:  15%|█▌        | 12/78 [00:04<00:17,  3.82it/s]
Batches:  17%|█▋        | 13/78 [00:04<00:16,  3.95it/s]
Batches:  18%|█▊        | 14/78 [00:04<00:15,  4.03it/s]
Batches:  19%|█▉        | 15/78 [00:04<00:15,  4.18it/s]
Batches:  21%|██        | 16/78 [00:05<00:14,  4.30it/s]
Batches:  22%|██▏       | 17/78 [00:05<00:14,  4.33it/s]
Batches:  23%|██▎       | 18/78 [00:05<00:13,  4.46it/s]
Batches:  24%|██▍       | 19/78 [00:05<00:12,  4.73it/s]
Batches:  26%|██▌       | 20/78 [00:05<00:11,  4.98it/s]
Batches:  27%|██▋       | 21/78 [00:06<00:11,  4.86it/s]
Batches:  28%|██▊       | 22/78 [00:06<00:11,  5.00it/s]
Batches:  29%|██▉       | 23/78 [00:06<00:11,  4.92it/s]
Batches:  31%|███       | 24/78 [00:06<00:10,  5.28it/s]
Batches:  32%|███▏      | 25/78 [00:06<00:10,  5.29it/s]
Batches:  33%|███▎      | 26/78 [00:07<00:09,  5.66it/s]
Batches:  35%|███▍      | 27/78 [00:07<00:09,  5.64it/s]
Batches:  36%|███▌      | 28/78 [00:07<00:08,  5.61it/s]
Batches:  37%|███▋      | 29/78 [00:07<00:08,  5.68it/s]
Batches:  38%|███▊      | 30/78 [00:07<00:08,  5.59it/s]
Batches:  40%|███▉      | 31/78 [00:07<00:08,  5.80it/s]
Batches:  41%|████      | 32/78 [00:08<00:07,  5.83it/s]
Batches:  42%|████▏     | 33/78 [00:08<00:07,  5.95it/s]
Batches:  44%|████▎     | 34/78 [00:08<00:07,  5.85it/s]
Batches:  45%|████▍     | 35/78 [00:08<00:07,  6.00it/s]
Batches:  46%|████▌     | 36/78 [00:08<00:06,  6.14it/s]
Batches:  47%|████▋     | 37/78 [00:08<00:06,  5.96it/s]
Batches:  49%|████▊     | 38/78 [00:09<00:06,  6.20it/s]
Batches:  50%|█████     | 39/78 [00:09<00:05,  6.54it/s]
Batches:  51%|█████▏    | 40/78 [00:09<00:05,  6.66it/s]
Batches:  53%|█████▎    | 41/78 [00:09<00:05,  7.03it/s]
Batches:  54%|█████▍    | 42/78 [00:09<00:05,  6.98it/s]
Batches:  55%|█████▌    | 43/78 [00:09<00:05,  6.96it/s]
Batches:  56%|█████▋    | 44/78 [00:09<00:04,  6.86it/s]
Batches:  58%|█████▊    | 45/78 [00:10<00:04,  7.05it/s]
Batches:  59%|█████▉    | 46/78 [00:10<00:04,  7.46it/s]
Batches:  60%|██████    | 47/78 [00:10<00:03,  7.81it/s]
Batches:  62%|██████▏   | 48/78 [00:10<00:03,  7.76it/s]
Batches:  63%|██████▎   | 49/78 [00:10<00:03,  8.09it/s]
Batches:  64%|██████▍   | 50/78 [00:10<00:03,  8.44it/s]
Batches:  65%|██████▌   | 51/78 [00:10<00:03,  8.63it/s]
Batches:  67%|██████▋   | 52/78 [00:10<00:02,  8.68it/s]
Batches:  68%|██████▊   | 53/78 [00:10<00:02,  8.73it/s]
Batches:  69%|██████▉   | 54/78 [00:11<00:02,  8.83it/s]
Batches:  71%|███████   | 55/78 [00:11<00:02,  9.11it/s]
Batches:  72%|███████▏  | 56/78 [00:11<00:02,  9.32it/s]
Batches:  73%|███████▎  | 57/78 [00:11<00:02,  8.98it/s]
Batches:  74%|███████▍  | 58/78 [00:11<00:02,  9.21it/s]
Batches:  77%|███████▋  | 60/78 [00:11<00:01,  9.73it/s]
Batches:  79%|███████▉  | 62/78 [00:11<00:01, 10.17it/s]
Batches:  82%|████████▏ | 64/78 [00:12<00:01, 10.44it/s]
Batches:  85%|████████▍ | 66/78 [00:12<00:01, 10.87it/s]
Batches:  87%|████████▋ | 68/78 [00:12<00:00, 11.45it/s]
Batches:  90%|████████▉ | 70/78 [00:12<00:00, 11.90it/s]
Batches:  92%|█████████▏| 72/78 [00:12<00:00, 12.64it/s]
Batches:  95%|█████████▍| 74/78 [00:12<00:00, 13.87it/s]
Batches:  99%|█████████▊| 77/78 [00:12<00:00, 16.38it/s]
Batches: 100%|██████████| 78/78 [00:12<00:00,  6.04it/s]
[chunk] retrieving
[embed] encoding 500 texts on device=cuda:0

Batches:   0%|          | 0/8 [00:00<?, ?it/s]
Batches:  38%|███▊      | 3/8 [00:00<00:00, 28.00it/s]
Batches:  88%|████████▊ | 7/8 [00:00<00:00, 33.30it/s]
Batches: 100%|██████████| 8/8 [00:00<00:00, 34.23it/s]
[density] retrieving ACE graph
[ace] building evidence graph
[ace] graph built: nodes=49827 edges=76647
[ace] fitting/indexing embeddings
[embed] encoding 44894 texts on device=cuda:0

Batches:   0%|          | 0/702 [00:00<?, ?it/s]
Batches:   0%|          | 1/702 [00:00<05:47,  2.02it/s]
Batches:   0%|          | 2/702 [00:00<03:27,  3.37it/s]
Batches:   0%|          | 3/702 [00:00<02:27,  4.74it/s]
Batches:   1%|          | 4/702 [00:00<01:58,  5.88it/s]
Batches:   1%|          | 5/702 [00:00<01:41,  6.90it/s]
Batches:   1%|          | 6/702 [00:01<01:30,  7.71it/s]
Batches:   1%|          | 7/702 [00:01<01:24,  8.26it/s]
Batches:   1%|▏         | 9/702 [00:01<01:15,  9.19it/s]
Batches:   1%|▏         | 10/702 [00:01<01:14,  9.34it/s]
Batches:   2%|▏         | 12/702 [00:01<01:11,  9.62it/s]
Batches:   2%|▏         | 14/702 [00:01<01:08, 10.10it/s]
Batches:   2%|▏         | 16/702 [00:02<01:05, 10.51it/s]
Batches:   3%|▎         | 18/702 [00:02<01:01, 11.14it/s]
Batches:   3%|▎         | 20/702 [00:02<00:59, 11.47it/s]
Batches:   3%|▎         | 22/702 [00:02<00:56, 12.08it/s]
Batches:   3%|▎         | 24/702 [00:02<00:55, 12.29it/s]
Batches:   4%|▎         | 26/702 [00:02<00:54, 12.52it/s]
Batches:   4%|▍         | 28/702 [00:02<00:55, 12.20it/s]
Batches:   4%|▍         | 30/702 [00:03<00:52, 12.88it/s]
Batches:   5%|▍         | 32/702 [00:03<00:51, 13.05it/s]
Batches:   5%|▍         | 34/702 [00:03<00:52, 12.75it/s]
Batches:   5%|▌         | 36/702 [00:03<00:52, 12.72it/s]
Batches:   5%|▌         | 38/702 [00:03<00:50, 13.27it/s]
Batches:   6%|▌         | 40/702 [00:03<00:49, 13.46it/s]
Batches:   6%|▌         | 42/702 [00:03<00:47, 13.81it/s]
Batches:   6%|▋         | 44/702 [00:04<00:45, 14.62it/s]
Batches:   7%|▋         | 46/702 [00:04<00:44, 14.59it/s]
Batches:   7%|▋         | 48/702 [00:04<00:43, 15.20it/s]
Batches:   7%|▋         | 50/702 [00:04<00:42, 15.36it/s]
Batches:   7%|▋         | 52/702 [00:04<00:41, 15.77it/s]
Batches:   8%|▊         | 54/702 [00:04<00:40, 16.11it/s]
Batches:   8%|▊         | 56/702 [00:04<00:39, 16.40it/s]
Batches:   8%|▊         | 58/702 [00:04<00:39, 16.38it/s]
Batches:   9%|▊         | 60/702 [00:05<00:38, 16.73it/s]
Batches:   9%|▉         | 62/702 [00:05<00:36, 17.42it/s]
Batches:   9%|▉         | 64/702 [00:05<00:36, 17.36it/s]
Batches:   9%|▉         | 66/702 [00:05<00:35, 17.99it/s]
Batches:  10%|▉         | 68/702 [00:05<00:35, 18.05it/s]
Batches:  10%|▉         | 70/702 [00:05<00:35, 18.05it/s]
Batches:  10%|█         | 72/702 [00:05<00:34, 18.42it/s]
Batches:  11%|█         | 74/702 [00:05<00:33, 18.69it/s]
Batches:  11%|█         | 76/702 [00:05<00:34, 18.03it/s]
Batches:  11%|█         | 78/702 [00:06<00:35, 17.38it/s]
Batches:  11%|█▏        | 80/702 [00:06<00:36, 17.05it/s]
Batches:  12%|█▏        | 82/702 [00:06<00:35, 17.70it/s]
Batches:  12%|█▏        | 84/702 [00:06<00:34, 17.95it/s]
Batches:  12%|█▏        | 87/702 [00:06<00:31, 19.41it/s]
Batches:  13%|█▎        | 89/702 [00:06<00:31, 19.41it/s]
Batches:  13%|█▎        | 91/702 [00:06<00:31, 19.10it/s]
Batches:  13%|█▎        | 94/702 [00:06<00:31, 19.56it/s]
Batches:  14%|█▎        | 96/702 [00:07<00:32, 18.63it/s]
Batches:  14%|█▍        | 99/702 [00:07<00:31, 19.43it/s]
Batches:  15%|█▍        | 102/702 [00:07<00:30, 19.95it/s]
Batches:  15%|█▍        | 105/702 [00:07<00:29, 20.46it/s]
Batches:  15%|█▌        | 108/702 [00:07<00:29, 20.24it/s]
Batches:  16%|█▌        | 111/702 [00:07<00:28, 20.85it/s]
Batches:  16%|█▌        | 114/702 [00:07<00:28, 20.56it/s]
Batches:  17%|█▋        | 117/702 [00:08<00:28, 20.70it/s]
Batches:  17%|█▋        | 120/702 [00:08<00:27, 21.22it/s]
Batches:  18%|█▊        | 123/702 [00:08<00:26, 21.57it/s]
Batches:  18%|█▊        | 126/702 [00:08<00:26, 21.74it/s]
Batches:  18%|█▊        | 129/702 [00:08<00:25, 22.16it/s]
Batches:  19%|█▉        | 132/702 [00:08<00:25, 22.76it/s]
Batches:  19%|█▉        | 135/702 [00:08<00:25, 22.53it/s]
Batches:  20%|█▉        | 138/702 [00:08<00:24, 22.71it/s]
Batches:  20%|██        | 141/702 [00:09<00:24, 22.75it/s]
Batches:  21%|██        | 144/702 [00:09<00:24, 22.34it/s]
Batches:  21%|██        | 147/702 [00:09<00:24, 22.43it/s]
Batches:  21%|██▏       | 150/702 [00:09<00:24, 22.84it/s]
Batches:  22%|██▏       | 153/702 [00:09<00:23, 22.95it/s]
Batches:  22%|██▏       | 156/702 [00:09<00:23, 23.34it/s]
Batches:  23%|██▎       | 159/702 [00:09<00:23, 23.56it/s]
Batches:  23%|██▎       | 162/702 [00:09<00:21, 24.73it/s]
Batches:  24%|██▎       | 165/702 [00:10<00:21, 25.49it/s]
Batches:  24%|██▍       | 168/702 [00:10<00:21, 25.06it/s]
Batches:  24%|██▍       | 171/702 [00:10<00:20, 25.33it/s]
Batches:  25%|██▍       | 174/702 [00:10<00:21, 24.89it/s]
Batches:  25%|██▌       | 177/702 [00:10<00:20, 25.15it/s]
Batches:  26%|██▌       | 180/702 [00:10<00:21, 24.85it/s]
Batches:  26%|██▌       | 183/702 [00:10<00:20, 24.87it/s]
Batches:  26%|██▋       | 186/702 [00:10<00:20, 25.22it/s]
Batches:  27%|██▋       | 189/702 [00:11<00:19, 26.25it/s]
Batches:  27%|██▋       | 192/702 [00:11<00:19, 26.44it/s]
Batches:  28%|██▊       | 195/702 [00:11<00:19, 26.45it/s]
Batches:  28%|██▊       | 198/702 [00:11<00:18, 26.94it/s]
Batches:  29%|██▊       | 201/702 [00:11<00:18, 26.71it/s]
Batches:  29%|██▉       | 204/702 [00:11<00:18, 26.47it/s]
Batches:  30%|██▉       | 208/702 [00:11<00:17, 27.87it/s]
Batches:  30%|███       | 211/702 [00:11<00:17, 27.42it/s]
Batches:  30%|███       | 214/702 [00:11<00:17, 27.39it/s]
Batches:  31%|███       | 217/702 [00:12<00:17, 27.37it/s]
Batches:  31%|███▏      | 220/702 [00:12<00:17, 27.70it/s]
Batches:  32%|███▏      | 224/702 [00:12<00:16, 28.64it/s]
Batches:  32%|███▏      | 227/702 [00:12<00:16, 28.59it/s]
Batches:  33%|███▎      | 231/702 [00:12<00:16, 29.26it/s]
Batches:  33%|███▎      | 235/702 [00:12<00:15, 29.81it/s]
Batches:  34%|███▍      | 239/702 [00:12<00:15, 30.58it/s]
Batches:  35%|███▍      | 243/702 [00:12<00:14, 31.07it/s]
Batches:  35%|███▌      | 247/702 [00:13<00:14, 32.00it/s]
Batches:  36%|███▌      | 251/702 [00:13<00:14, 31.14it/s]
Batches:  36%|███▋      | 255/702 [00:13<00:14, 31.82it/s]
Batches:  37%|███▋      | 259/702 [00:13<00:13, 32.95it/s]
Batches:  37%|███▋      | 263/702 [00:13<00:13, 32.51it/s]
Batches:  38%|███▊      | 267/702 [00:13<00:13, 32.86it/s]
Batches:  39%|███▊      | 271/702 [00:13<00:13, 31.73it/s]
Batches:  39%|███▉      | 275/702 [00:13<00:12, 33.12it/s]
Batches:  40%|███▉      | 279/702 [00:13<00:12, 33.92it/s]
Batches:  40%|████      | 283/702 [00:14<00:11, 35.17it/s]
Batches:  41%|████      | 287/702 [00:14<00:11, 35.45it/s]
Batches:  41%|████▏     | 291/702 [00:14<00:11, 35.61it/s]
Batches:  42%|████▏     | 296/702 [00:14<00:10, 37.56it/s]
Batches:  43%|████▎     | 301/702 [00:14<00:10, 39.92it/s]
Batches:  44%|████▎     | 306/702 [00:14<00:09, 40.99it/s]
Batches:  44%|████▍     | 312/702 [00:14<00:08, 43.84it/s]
Batches:  45%|████▌     | 318/702 [00:14<00:08, 45.93it/s]
Batches:  46%|████▌     | 324/702 [00:15<00:08, 46.44it/s]
Batches:  47%|████▋     | 330/702 [00:15<00:07, 49.99it/s]
Batches:  48%|████▊     | 337/702 [00:15<00:06, 53.42it/s]
Batches:  49%|████▉     | 344/702 [00:15<00:06, 57.03it/s]
Batches:  50%|█████     | 351/702 [00:15<00:05, 60.21it/s]
Batches:  51%|█████     | 359/702 [00:15<00:05, 63.61it/s]
Batches:  52%|█████▏    | 367/702 [00:15<00:04, 67.04it/s]
Batches:  53%|█████▎    | 375/702 [00:15<00:04, 69.60it/s]
Batches:  55%|█████▍    | 383/702 [00:15<00:04, 72.38it/s]
Batches:  56%|█████▌    | 391/702 [00:15<00:04, 71.96it/s]
Batches:  57%|█████▋    | 399/702 [00:16<00:04, 72.80it/s]
Batches:  58%|█████▊    | 407/702 [00:16<00:03, 74.08it/s]
Batches:  59%|█████▉    | 416/702 [00:16<00:03, 76.79it/s]
Batches:  60%|██████    | 424/702 [00:16<00:03, 77.67it/s]
Batches:  62%|██████▏   | 432/702 [00:16<00:03, 78.01it/s]
Batches:  63%|██████▎   | 441/702 [00:16<00:03, 80.60it/s]
Batches:  64%|██████▍   | 450/702 [00:16<00:03, 82.15it/s]
Batches:  65%|██████▌   | 459/702 [00:16<00:02, 81.95it/s]
Batches:  67%|██████▋   | 468/702 [00:16<00:02, 83.19it/s]
Batches:  68%|██████▊   | 477/702 [00:17<00:02, 83.86it/s]
Batches:  69%|██████▉   | 486/702 [00:17<00:02, 85.37it/s]
Batches:  71%|███████   | 496/702 [00:17<00:02, 86.92it/s]
Batches:  72%|███████▏  | 506/702 [00:17<00:02, 89.09it/s]
Batches:  74%|███████▎  | 516/702 [00:17<00:02, 90.43it/s]
Batches:  75%|███████▍  | 526/702 [00:17<00:01, 91.44it/s]
Batches:  76%|███████▋  | 536/702 [00:17<00:01, 91.51it/s]
Batches:  78%|███████▊  | 546/702 [00:17<00:01, 92.30it/s]
Batches:  79%|███████▉  | 556/702 [00:17<00:01, 93.40it/s]
Batches:  81%|████████  | 566/702 [00:17<00:01, 95.05it/s]
Batches:  82%|████████▏ | 576/702 [00:18<00:01, 95.88it/s]
Batches:  83%|████████▎ | 586/702 [00:18<00:01, 94.73it/s]
Batches:  85%|████████▍ | 596/702 [00:18<00:01, 94.89it/s]
Batches:  86%|████████▋ | 606/702 [00:18<00:01, 94.62it/s]
Batches:  88%|████████▊ | 616/702 [00:18<00:00, 94.85it/s]
Batches:  89%|████████▉ | 626/702 [00:18<00:00, 95.47it/s]
Batches:  91%|█████████ | 636/702 [00:18<00:00, 95.61it/s]
Batches:  92%|█████████▏| 646/702 [00:18<00:00, 94.69it/s]
Batches:  93%|█████████▎| 656/702 [00:18<00:00, 94.81it/s]
Batches:  95%|█████████▍| 666/702 [00:19<00:00, 94.07it/s]
Batches:  96%|█████████▋| 676/702 [00:19<00:00, 94.13it/s]
Batches:  98%|█████████▊| 686/702 [00:19<00:00, 95.25it/s]
Batches:  99%|█████████▉| 697/702 [00:19<00:00, 97.43it/s]
Batches: 100%|██████████| 702/702 [00:19<00:00, 36.18it/s]
[ace] retrieving
[embed] encoding 500 texts on device=cuda:0

Batches:   0%|          | 0/8 [00:00<?, ?it/s]
Batches:  38%|███▊      | 3/8 [00:00<00:00, 27.64it/s]
Batches:  88%|████████▊ | 7/8 [00:00<00:00, 32.30it/s]
Batches: 100%|██████████| 8/8 [00:00<00:00, 33.39it/s]
[density] loading reader once
`torch_dtype` is deprecated! Use `dtype` instead!

Loading checkpoint shards:   0%|          | 0/2 [00:00<?, ?it/s]
Loading checkpoint shards:  50%|█████     | 1/2 [00:02<00:02,  2.74s/it]
Loading checkpoint shards: 100%|██████████| 2/2 [00:04<00:00,  2.04s/it]
Loading checkpoint shards: 100%|██████████| 2/2 [00:04<00:00,  2.15s/it]
[reader] loaded Qwen/Qwen2.5-3B-Instruct on cuda:0
[density] materializing policy=chunk_packed_160
[density] generating policy=chunk_packed_160
The following generation flags are not valid and may be ignored: ['temperature', 'top_p', 'top_k']. Set `TRANSFORMERS_VERBOSITY=info` for more details.
[reader] generated 2/500
[reader] generated 4/500
[reader] generated 6/500
[reader] generated 8/500
[reader] generated 10/500
[reader] generated 12/500
[reader] generated 14/500
[reader] generated 16/500
[reader] generated 18/500
[reader] generated 20/500
[reader] generated 22/500
[reader] generated 24/500
[reader] generated 26/500
[reader] generated 28/500
[reader] generated 30/500
[reader] generated 32/500
[reader] generated 34/500
[reader] generated 36/500
[reader] generated 38/500
[reader] generated 40/500
[reader] generated 42/500
[reader] generated 44/500
[reader] generated 46/500
[reader] generated 48/500
[reader] generated 50/500
[reader] generated 52/500
[reader] generated 54/500
[reader] generated 56/500
[reader] generated 58/500
[reader] generated 60/500
[reader] generated 62/500
[reader] generated 64/500
[reader] generated 66/500
[reader] generated 68/500
[reader] generated 70/500
[reader] generated 72/500
[reader] generated 74/500
[reader] generated 76/500
[reader] generated 78/500
[reader] generated 80/500
[reader] generated 82/500
[reader] generated 84/500
[reader] generated 86/500
[reader] generated 88/500
[reader] generated 90/500
[reader] generated 92/500
[reader] generated 94/500
[reader] generated 96/500
[reader] generated 98/500
[reader] generated 100/500
[reader] generated 102/500
[reader] generated 104/500
[reader] generated 106/500
[reader] generated 108/500
[reader] generated 110/500
[reader] generated 112/500
[reader] generated 114/500
[reader] generated 116/500
[reader] generated 118/500
[reader] generated 120/500
[reader] generated 122/500
[reader] generated 124/500
[reader] generated 126/500
[reader] generated 128/500
[reader] generated 130/500
[reader] generated 132/500
[reader] generated 134/500
[reader] generated 136/500
[reader] generated 138/500
[reader] generated 140/500
[reader] generated 142/500
[reader] generated 144/500
[reader] generated 146/500
[reader] generated 148/500
[reader] generated 150/500
[reader] generated 152/500
[reader] generated 154/500
[reader] generated 156/500
[reader] generated 158/500
[reader] generated 160/500
[reader] generated 162/500
[reader] generated 164/500
[reader] generated 166/500
[reader] generated 168/500
[reader] generated 170/500
[reader] generated 172/500
[reader] generated 174/500
[reader] generated 176/500
[reader] generated 178/500
[reader] generated 180/500
[reader] generated 182/500
[reader] generated 184/500
[reader] generated 186/500
[reader] generated 188/500
[reader] generated 190/500
[reader] generated 192/500
[reader] generated 194/500
[reader] generated 196/500
[reader] generated 198/500
[reader] generated 200/500
[reader] generated 202/500
[reader] generated 204/500
[reader] generated 206/500
[reader] generated 208/500
[reader] generated 210/500
[reader] generated 212/500
[reader] generated 214/500
[reader] generated 216/500
[reader] generated 218/500
[reader] generated 220/500
[reader] generated 222/500
[reader] generated 224/500
[reader] generated 226/500
[reader] generated 228/500
[reader] generated 230/500
[reader] generated 232/500
[reader] generated 234/500
[reader] generated 236/500
[reader] generated 238/500
[reader] generated 240/500
[reader] generated 242/500
[reader] generated 244/500
[reader] generated 246/500
[reader] generated 248/500
[reader] generated 250/500
[reader] generated 252/500
[reader] generated 254/500
[reader] generated 256/500
[reader] generated 258/500
[reader] generated 260/500
[reader] generated 262/500
[reader] generated 264/500
[reader] generated 266/500
[reader] generated 268/500
[reader] generated 270/500
[reader] generated 272/500
[reader] generated 274/500
[reader] generated 276/500
[reader] generated 278/500
[reader] generated 280/500
[reader] generated 282/500
[reader] generated 284/500
[reader] generated 286/500
[reader] generated 288/500
[reader] generated 290/500
[reader] generated 292/500
[reader] generated 294/500
[reader] generated 296/500
[reader] generated 298/500
[reader] generated 300/500
[reader] generated 302/500
[reader] generated 304/500
[reader] generated 306/500
[reader] generated 308/500
[reader] generated 310/500
[reader] generated 312/500
[reader] generated 314/500
[reader] generated 316/500
[reader] generated 318/500
[reader] generated 320/500
[reader] generated 322/500
[reader] generated 324/500
[reader] generated 326/500
[reader] generated 328/500
[reader] generated 330/500
[reader] generated 332/500
[reader] generated 334/500
[reader] generated 336/500
[reader] generated 338/500
[reader] generated 340/500
[reader] generated 342/500
[reader] generated 344/500
[reader] generated 346/500
[reader] generated 348/500
[reader] generated 350/500
[reader] generated 352/500
[reader] generated 354/500
[reader] generated 356/500
[reader] generated 358/500
[reader] generated 360/500
[reader] generated 362/500
[reader] generated 364/500
[reader] generated 366/500
[reader] generated 368/500
[reader] generated 370/500
[reader] generated 372/500
[reader] generated 374/500
[reader] generated 376/500
[reader] generated 378/500
[reader] generated 380/500
[reader] generated 382/500
[reader] generated 384/500
[reader] generated 386/500
[reader] generated 388/500
[reader] generated 390/500
[reader] generated 392/500
[reader] generated 394/500
[reader] generated 396/500
[reader] generated 398/500
[reader] generated 400/500
[reader] generated 402/500
[reader] generated 404/500
[reader] generated 406/500
[reader] generated 408/500
[reader] generated 410/500
[reader] generated 412/500
[reader] generated 414/500
[reader] generated 416/500
[reader] generated 418/500
[reader] generated 420/500
[reader] generated 422/500
[reader] generated 424/500
[reader] generated 426/500
[reader] generated 428/500
[reader] generated 430/500
[reader] generated 432/500
[reader] generated 434/500
[reader] generated 436/500
[reader] generated 438/500
[reader] generated 440/500
[reader] generated 442/500
[reader] generated 444/500
[reader] generated 446/500
[reader] generated 448/500
[reader] generated 450/500
[reader] generated 452/500
[reader] generated 454/500
[reader] generated 456/500
[reader] generated 458/500
[reader] generated 460/500
[reader] generated 462/500
[reader] generated 464/500
[reader] generated 466/500
[reader] generated 468/500
[reader] generated 470/500
[reader] generated 472/500
[reader] generated 474/500
[reader] generated 476/500
[reader] generated 478/500
[reader] generated 480/500
[reader] generated 482/500
[reader] generated 484/500
[reader] generated 486/500
[reader] generated 488/500
[reader] generated 490/500
[reader] generated 492/500
[reader] generated 494/500
[reader] generated 496/500
[reader] generated 498/500
[reader] generated 500/500
[density] policy=chunk_packed_160, router_type=fixed, representation=chunk, packer=packed, reader_model=Qwen/Qwen2.5-3B-Instruct, packed_token_budget=160, recall@1=0.438, all_gold@1=0.0, recall@2=0.723, all_gold@2=0.498, recall@5=0.874, all_gold@5=0.758, qwen_em=0.316, qwen_f1=0.4007, avg_reader_evidence_tokens=151.31, mean_ans_in_context=0.59, mean_gold_token_density=0.4001, mean_gold_doc_reader_cov=0.685, mean_all_gold_reader=0.448, mean_distractor_docs=2.006, mean_context_tokens=151.314, mean_n_snippets=3.484
[density] materializing policy=chunk_focused_160
[density] generating policy=chunk_focused_160
[reader] generated 2/500
[reader] generated 4/500
[reader] generated 6/500
[reader] generated 8/500
[reader] generated 10/500
[reader] generated 12/500
[reader] generated 14/500
[reader] generated 16/500
[reader] generated 18/500
[reader] generated 20/500
[reader] generated 22/500
[reader] generated 24/500
[reader] generated 26/500
[reader] generated 28/500
[reader] generated 30/500
[reader] generated 32/500
[reader] generated 34/500
[reader] generated 36/500
[reader] generated 38/500
[reader] generated 40/500
[reader] generated 42/500
[reader] generated 44/500
[reader] generated 46/500
[reader] generated 48/500
[reader] generated 50/500
[reader] generated 52/500
[reader] generated 54/500
[reader] generated 56/500
[reader] generated 58/500
[reader] generated 60/500
[reader] generated 62/500
[reader] generated 64/500
[reader] generated 66/500
[reader] generated 68/500
[reader] generated 70/500
[reader] generated 72/500
[reader] generated 74/500
[reader] generated 76/500
[reader] generated 78/500
[reader] generated 80/500
[reader] generated 82/500
[reader] generated 84/500
[reader] generated 86/500
[reader] generated 88/500
[reader] generated 90/500
[reader] generated 92/500
[reader] generated 94/500
[reader] generated 96/500
[reader] generated 98/500
[reader] generated 100/500
[reader] generated 102/500
[reader] generated 104/500
[reader] generated 106/500
[reader] generated 108/500
[reader] generated 110/500
[reader] generated 112/500
[reader] generated 114/500
[reader] generated 116/500
[reader] generated 118/500
[reader] generated 120/500
[reader] generated 122/500
[reader] generated 124/500
[reader] generated 126/500
[reader] generated 128/500
[reader] generated 130/500
[reader] generated 132/500
[reader] generated 134/500
[reader] generated 136/500
[reader] generated 138/500
[reader] generated 140/500
[reader] generated 142/500
[reader] generated 144/500
[reader] generated 146/500
[reader] generated 148/500
[reader] generated 150/500
[reader] generated 152/500
[reader] generated 154/500
[reader] generated 156/500
[reader] generated 158/500
[reader] generated 160/500
[reader] generated 162/500
[reader] generated 164/500
[reader] generated 166/500
[reader] generated 168/500
[reader] generated 170/500
[reader] generated 172/500
[reader] generated 174/500
[reader] generated 176/500
[reader] generated 178/500
[reader] generated 180/500
[reader] generated 182/500
[reader] generated 184/500
[reader] generated 186/500
[reader] generated 188/500
[reader] generated 190/500
[reader] generated 192/500
[reader] generated 194/500
[reader] generated 196/500
[reader] generated 198/500
[reader] generated 200/500
[reader] generated 202/500
[reader] generated 204/500
[reader] generated 206/500
[reader] generated 208/500
[reader] generated 210/500
[reader] generated 212/500
[reader] generated 214/500
[reader] generated 216/500
[reader] generated 218/500
[reader] generated 220/500
[reader] generated 222/500
[reader] generated 224/500
[reader] generated 226/500
[reader] generated 228/500
[reader] generated 230/500
[reader] generated 232/500
[reader] generated 234/500
[reader] generated 236/500
[reader] generated 238/500
[reader] generated 240/500
[reader] generated 242/500
[reader] generated 244/500
[reader] generated 246/500
[reader] generated 248/500
[reader] generated 250/500
[reader] generated 252/500
[reader] generated 254/500
[reader] generated 256/500
[reader] generated 258/500
[reader] generated 260/500
[reader] generated 262/500
[reader] generated 264/500
[reader] generated 266/500
[reader] generated 268/500
[reader] generated 270/500
[reader] generated 272/500
[reader] generated 274/500
[reader] generated 276/500
[reader] generated 278/500
[reader] generated 280/500
[reader] generated 282/500
[reader] generated 284/500
[reader] generated 286/500
[reader] generated 288/500
[reader] generated 290/500
[reader] generated 292/500
[reader] generated 294/500
[reader] generated 296/500
[reader] generated 298/500
[reader] generated 300/500
[reader] generated 302/500
[reader] generated 304/500
[reader] generated 306/500
[reader] generated 308/500
[reader] generated 310/500
[reader] generated 312/500
[reader] generated 314/500
[reader] generated 316/500
[reader] generated 318/500
[reader] generated 320/500
[reader] generated 322/500
[reader] generated 324/500
[reader] generated 326/500
[reader] generated 328/500
[reader] generated 330/500
[reader] generated 332/500
[reader] generated 334/500
[reader] generated 336/500
[reader] generated 338/500
[reader] generated 340/500
[reader] generated 342/500
[reader] generated 344/500
[reader] generated 346/500
[reader] generated 348/500
[reader] generated 350/500
[reader] generated 352/500
[reader] generated 354/500
[reader] generated 356/500
[reader] generated 358/500
[reader] generated 360/500
[reader] generated 362/500
[reader] generated 364/500
[reader] generated 366/500
[reader] generated 368/500
[reader] generated 370/500
[reader] generated 372/500
[reader] generated 374/500
[reader] generated 376/500
[reader] generated 378/500
[reader] generated 380/500
[reader] generated 382/500
[reader] generated 384/500
[reader] generated 386/500
[reader] generated 388/500
[reader] generated 390/500
[reader] generated 392/500
[reader] generated 394/500
[reader] generated 396/500
[reader] generated 398/500
[reader] generated 400/500
[reader] generated 402/500
[reader] generated 404/500
[reader] generated 406/500
[reader] generated 408/500
[reader] generated 410/500
[reader] generated 412/500
[reader] generated 414/500
[reader] generated 416/500
[reader] generated 418/500
[reader] generated 420/500
[reader] generated 422/500
[reader] generated 424/500
[reader] generated 426/500
[reader] generated 428/500
[reader] generated 430/500
[reader] generated 432/500
[reader] generated 434/500
[reader] generated 436/500
[reader] generated 438/500
[reader] generated 440/500
[reader] generated 442/500
[reader] generated 444/500
[reader] generated 446/500
[reader] generated 448/500
[reader] generated 450/500
[reader] generated 452/500
[reader] generated 454/500
[reader] generated 456/500
[reader] generated 458/500
[reader] generated 460/500
[reader] generated 462/500
[reader] generated 464/500
[reader] generated 466/500
[reader] generated 468/500
[reader] generated 470/500
[reader] generated 472/500
[reader] generated 474/500
[reader] generated 476/500
[reader] generated 478/500
[reader] generated 480/500
[reader] generated 482/500
[reader] generated 484/500
[reader] generated 486/500
[reader] generated 488/500
[reader] generated 490/500
[reader] generated 492/500
[reader] generated 494/500
[reader] generated 496/500
[reader] generated 498/500
[reader] generated 500/500
[density] policy=chunk_focused_160, router_type=fixed, representation=chunk, packer=focused, reader_model=Qwen/Qwen2.5-3B-Instruct, packed_token_budget=160, recall@1=0.438, all_gold@1=0.0, recall@2=0.723, all_gold@2=0.498, recall@5=0.874, all_gold@5=0.758, qwen_em=0.322, qwen_f1=0.4124, avg_reader_evidence_tokens=152.28, mean_ans_in_context=0.632, mean_gold_token_density=0.5094, mean_gold_doc_reader_cov=0.733, mean_all_gold_reader=0.512, mean_distractor_docs=1.596, mean_context_tokens=152.282, mean_n_snippets=3.318
[density] materializing policy=chunk_mmr_160
[density] generating policy=chunk_mmr_160
[reader] generated 2/500
[reader] generated 4/500
[reader] generated 6/500
[reader] generated 8/500
[reader] generated 10/500
[reader] generated 12/500
[reader] generated 14/500
[reader] generated 16/500
[reader] generated 18/500
[reader] generated 20/500
[reader] generated 22/500
[reader] generated 24/500
[reader] generated 26/500
[reader] generated 28/500
[reader] generated 30/500
[reader] generated 32/500
[reader] generated 34/500
[reader] generated 36/500
[reader] generated 38/500
[reader] generated 40/500
[reader] generated 42/500
[reader] generated 44/500
[reader] generated 46/500
[reader] generated 48/500
[reader] generated 50/500
[reader] generated 52/500
[reader] generated 54/500
[reader] generated 56/500
[reader] generated 58/500
[reader] generated 60/500
[reader] generated 62/500
[reader] generated 64/500
[reader] generated 66/500
[reader] generated 68/500
[reader] generated 70/500
[reader] generated 72/500
[reader] generated 74/500
[reader] generated 76/500
[reader] generated 78/500
[reader] generated 80/500
[reader] generated 82/500
[reader] generated 84/500
[reader] generated 86/500
[reader] generated 88/500
[reader] generated 90/500
[reader] generated 92/500
[reader] generated 94/500
[reader] generated 96/500
[reader] generated 98/500
[reader] generated 100/500
[reader] generated 102/500
[reader] generated 104/500
[reader] generated 106/500
[reader] generated 108/500
[reader] generated 110/500
[reader] generated 112/500
[reader] generated 114/500
[reader] generated 116/500
[reader] generated 118/500
[reader] generated 120/500
[reader] generated 122/500
[reader] generated 124/500
[reader] generated 126/500
[reader] generated 128/500
[reader] generated 130/500
[reader] generated 132/500
[reader] generated 134/500
[reader] generated 136/500
[reader] generated 138/500
[reader] generated 140/500
[reader] generated 142/500
[reader] generated 144/500
[reader] generated 146/500
[reader] generated 148/500
[reader] generated 150/500
[reader] generated 152/500
[reader] generated 154/500
[reader] generated 156/500
[reader] generated 158/500
[reader] generated 160/500
[reader] generated 162/500
[reader] generated 164/500
[reader] generated 166/500
[reader] generated 168/500
[reader] generated 170/500
[reader] generated 172/500
[reader] generated 174/500
[reader] generated 176/500
[reader] generated 178/500
[reader] generated 180/500
[reader] generated 182/500
[reader] generated 184/500
[reader] generated 186/500
[reader] generated 188/500
[reader] generated 190/500
[reader] generated 192/500
[reader] generated 194/500
[reader] generated 196/500
[reader] generated 198/500
[reader] generated 200/500
[reader] generated 202/500
[reader] generated 204/500
[reader] generated 206/500
[reader] generated 208/500
[reader] generated 210/500
[reader] generated 212/500
[reader] generated 214/500
[reader] generated 216/500
[reader] generated 218/500
[reader] generated 220/500
[reader] generated 222/500
[reader] generated 224/500
[reader] generated 226/500
[reader] generated 228/500
[reader] generated 230/500
[reader] generated 232/500
[reader] generated 234/500
[reader] generated 236/500
[reader] generated 238/500
[reader] generated 240/500
[reader] generated 242/500
[reader] generated 244/500
[reader] generated 246/500
[reader] generated 248/500
[reader] generated 250/500
[reader] generated 252/500
[reader] generated 254/500
[reader] generated 256/500
[reader] generated 258/500
[reader] generated 260/500
[reader] generated 262/500
[reader] generated 264/500
[reader] generated 266/500
[reader] generated 268/500
[reader] generated 270/500
[reader] generated 272/500
[reader] generated 274/500
[reader] generated 276/500
[reader] generated 278/500
[reader] generated 280/500
[reader] generated 282/500
[reader] generated 284/500
[reader] generated 286/500
[reader] generated 288/500
[reader] generated 290/500
[reader] generated 292/500
[reader] generated 294/500
[reader] generated 296/500
[reader] generated 298/500
[reader] generated 300/500
[reader] generated 302/500
[reader] generated 304/500
[reader] generated 306/500
[reader] generated 308/500
[reader] generated 310/500
[reader] generated 312/500
[reader] generated 314/500
[reader] generated 316/500
[reader] generated 318/500
[reader] generated 320/500
[reader] generated 322/500
[reader] generated 324/500
[reader] generated 326/500
[reader] generated 328/500
[reader] generated 330/500
[reader] generated 332/500
[reader] generated 334/500
[reader] generated 336/500
[reader] generated 338/500
[reader] generated 340/500
[reader] generated 342/500
[reader] generated 344/500
[reader] generated 346/500
[reader] generated 348/500
[reader] generated 350/500
[reader] generated 352/500
[reader] generated 354/500
[reader] generated 356/500
[reader] generated 358/500
[reader] generated 360/500
[reader] generated 362/500
[reader] generated 364/500
[reader] generated 366/500
[reader] generated 368/500
[reader] generated 370/500
[reader] generated 372/500
[reader] generated 374/500
[reader] generated 376/500
[reader] generated 378/500
[reader] generated 380/500
[reader] generated 382/500
[reader] generated 384/500
[reader] generated 386/500
[reader] generated 388/500
[reader] generated 390/500
[reader] generated 392/500
[reader] generated 394/500
[reader] generated 396/500
[reader] generated 398/500
[reader] generated 400/500
[reader] generated 402/500
[reader] generated 404/500
[reader] generated 406/500
[reader] generated 408/500
[reader] generated 410/500
[reader] generated 412/500
[reader] generated 414/500
[reader] generated 416/500
[reader] generated 418/500
[reader] generated 420/500
[reader] generated 422/500
[reader] generated 424/500
[reader] generated 426/500
[reader] generated 428/500
[reader] generated 430/500
[reader] generated 432/500
[reader] generated 434/500
[reader] generated 436/500
[reader] generated 438/500
[reader] generated 440/500
[reader] generated 442/500
[reader] generated 444/500
[reader] generated 446/500
[reader] generated 448/500
[reader] generated 450/500
[reader] generated 452/500
[reader] generated 454/500
[reader] generated 456/500
[reader] generated 458/500
[reader] generated 460/500
[reader] generated 462/500
[reader] generated 464/500
[reader] generated 466/500
[reader] generated 468/500
[reader] generated 470/500
[reader] generated 472/500
[reader] generated 474/500
[reader] generated 476/500
[reader] generated 478/500
[reader] generated 480/500
[reader] generated 482/500
[reader] generated 484/500
[reader] generated 486/500
[reader] generated 488/500
[reader] generated 490/500
[reader] generated 492/500
[reader] generated 494/500
[reader] generated 496/500
[reader] generated 498/500
[reader] generated 500/500
[density] policy=chunk_mmr_160, router_type=fixed, representation=chunk, packer=mmr, reader_model=Qwen/Qwen2.5-3B-Instruct, packed_token_budget=160, recall@1=0.438, all_gold@1=0.0, recall@2=0.723, all_gold@2=0.498, recall@5=0.874, all_gold@5=0.758, qwen_em=0.298, qwen_f1=0.3898, avg_reader_evidence_tokens=151.87, mean_ans_in_context=0.592, mean_gold_token_density=0.4927, mean_gold_doc_reader_cov=0.68, mean_all_gold_reader=0.418, mean_distractor_docs=1.57, mean_context_tokens=151.874, mean_n_snippets=3.354
[density] materializing policy=chunk_submod_160
[density] generating policy=chunk_submod_160
[reader] generated 2/500
[reader] generated 4/500
[reader] generated 6/500
[reader] generated 8/500
[reader] generated 10/500
[reader] generated 12/500
[reader] generated 14/500
[reader] generated 16/500
[reader] generated 18/500
[reader] generated 20/500
[reader] generated 22/500
[reader] generated 24/500
[reader] generated 26/500
[reader] generated 28/500
[reader] generated 30/500
[reader] generated 32/500
[reader] generated 34/500
[reader] generated 36/500
[reader] generated 38/500
[reader] generated 40/500
[reader] generated 42/500
[reader] generated 44/500
[reader] generated 46/500
[reader] generated 48/500
[reader] generated 50/500
[reader] generated 52/500
[reader] generated 54/500
[reader] generated 56/500
[reader] generated 58/500
[reader] generated 60/500
[reader] generated 62/500
[reader] generated 64/500
[reader] generated 66/500
[reader] generated 68/500
[reader] generated 70/500
[reader] generated 72/500
[reader] generated 74/500
[reader] generated 76/500
[reader] generated 78/500
[reader] generated 80/500
[reader] generated 82/500
[reader] generated 84/500
[reader] generated 86/500
[reader] generated 88/500
[reader] generated 90/500
[reader] generated 92/500
[reader] generated 94/500
[reader] generated 96/500
[reader] generated 98/500
[reader] generated 100/500
[reader] generated 102/500
[reader] generated 104/500
[reader] generated 106/500
[reader] generated 108/500
[reader] generated 110/500
[reader] generated 112/500
[reader] generated 114/500
[reader] generated 116/500
[reader] generated 118/500
[reader] generated 120/500
[reader] generated 122/500
[reader] generated 124/500
[reader] generated 126/500
[reader] generated 128/500
[reader] generated 130/500
[reader] generated 132/500
[reader] generated 134/500
[reader] generated 136/500
[reader] generated 138/500
[reader] generated 140/500
[reader] generated 142/500
[reader] generated 144/500
[reader] generated 146/500
[reader] generated 148/500
[reader] generated 150/500
[reader] generated 152/500
[reader] generated 154/500
[reader] generated 156/500
[reader] generated 158/500
[reader] generated 160/500
[reader] generated 162/500
[reader] generated 164/500
[reader] generated 166/500
[reader] generated 168/500
[reader] generated 170/500
[reader] generated 172/500
[reader] generated 174/500
[reader] generated 176/500
[reader] generated 178/500
[reader] generated 180/500
[reader] generated 182/500
[reader] generated 184/500
[reader] generated 186/500
[reader] generated 188/500
[reader] generated 190/500
[reader] generated 192/500
[reader] generated 194/500
[reader] generated 196/500
[reader] generated 198/500
[reader] generated 200/500
[reader] generated 202/500
[reader] generated 204/500
[reader] generated 206/500
[reader] generated 208/500
[reader] generated 210/500
[reader] generated 212/500
[reader] generated 214/500
[reader] generated 216/500
[reader] generated 218/500
[reader] generated 220/500
[reader] generated 222/500
[reader] generated 224/500
[reader] generated 226/500
[reader] generated 228/500
[reader] generated 230/500
[reader] generated 232/500
[reader] generated 234/500
[reader] generated 236/500
[reader] generated 238/500
[reader] generated 240/500
[reader] generated 242/500
[reader] generated 244/500
[reader] generated 246/500
[reader] generated 248/500
[reader] generated 250/500
[reader] generated 252/500
[reader] generated 254/500
[reader] generated 256/500
[reader] generated 258/500
[reader] generated 260/500
[reader] generated 262/500
[reader] generated 264/500
[reader] generated 266/500
[reader] generated 268/500
[reader] generated 270/500
[reader] generated 272/500
[reader] generated 274/500
[reader] generated 276/500
[reader] generated 278/500
[reader] generated 280/500
[reader] generated 282/500
[reader] generated 284/500
[reader] generated 286/500
[reader] generated 288/500
[reader] generated 290/500
[reader] generated 292/500
[reader] generated 294/500
[reader] generated 296/500
[reader] generated 298/500
[reader] generated 300/500
[reader] generated 302/500
[reader] generated 304/500
[reader] generated 306/500
[reader] generated 308/500
[reader] generated 310/500
[reader] generated 312/500
[reader] generated 314/500
[reader] generated 316/500
[reader] generated 318/500
[reader] generated 320/500
[reader] generated 322/500
[reader] generated 324/500
[reader] generated 326/500
[reader] generated 328/500
[reader] generated 330/500
[reader] generated 332/500
[reader] generated 334/500
[reader] generated 336/500
[reader] generated 338/500
[reader] generated 340/500
[reader] generated 342/500
[reader] generated 344/500
[reader] generated 346/500
[reader] generated 348/500
[reader] generated 350/500
[reader] generated 352/500
[reader] generated 354/500
[reader] generated 356/500
[reader] generated 358/500
[reader] generated 360/500
[reader] generated 362/500
[reader] generated 364/500
[reader] generated 366/500
[reader] generated 368/500
[reader] generated 370/500
[reader] generated 372/500
[reader] generated 374/500
[reader] generated 376/500
[reader] generated 378/500
[reader] generated 380/500
[reader] generated 382/500
[reader] generated 384/500
[reader] generated 386/500
[reader] generated 388/500
[reader] generated 390/500
[reader] generated 392/500
[reader] generated 394/500
[reader] generated 396/500
[reader] generated 398/500
[reader] generated 400/500
[reader] generated 402/500
[reader] generated 404/500
[reader] generated 406/500
[reader] generated 408/500
[reader] generated 410/500
[reader] generated 412/500
[reader] generated 414/500
[reader] generated 416/500
[reader] generated 418/500
[reader] generated 420/500
[reader] generated 422/500
[reader] generated 424/500
[reader] generated 426/500
[reader] generated 428/500
[reader] generated 430/500
[reader] generated 432/500
[reader] generated 434/500
[reader] generated 436/500
[reader] generated 438/500
[reader] generated 440/500
[reader] generated 442/500
[reader] generated 444/500
[reader] generated 446/500
[reader] generated 448/500
[reader] generated 450/500
[reader] generated 452/500
[reader] generated 454/500
[reader] generated 456/500
[reader] generated 458/500
[reader] generated 460/500
[reader] generated 462/500
[reader] generated 464/500
[reader] generated 466/500
[reader] generated 468/500
[reader] generated 470/500
[reader] generated 472/500
[reader] generated 474/500
[reader] generated 476/500
[reader] generated 478/500
[reader] generated 480/500
[reader] generated 482/500
[reader] generated 484/500
[reader] generated 486/500
[reader] generated 488/500
[reader] generated 490/500
[reader] generated 492/500
[reader] generated 494/500
[reader] generated 496/500
[reader] generated 498/500
[reader] generated 500/500
[density] policy=chunk_submod_160, router_type=fixed, representation=chunk, packer=submod, reader_model=Qwen/Qwen2.5-3B-Instruct, packed_token_budget=160, recall@1=0.438, all_gold@1=0.0, recall@2=0.723, all_gold@2=0.498, recall@5=0.874, all_gold@5=0.758, qwen_em=0.37, qwen_f1=0.4477, avg_reader_evidence_tokens=145.4, mean_ans_in_context=0.64, mean_gold_token_density=0.4574, mean_gold_doc_reader_cov=0.779, mean_all_gold_reader=0.578, mean_distractor_docs=2.204, mean_context_tokens=145.398, mean_n_snippets=4.616
[density] materializing policy=ace_focused_160
[density] generating policy=ace_focused_160
[reader] generated 2/500
[reader] generated 4/500
[reader] generated 6/500
[reader] generated 8/500
[reader] generated 10/500
[reader] generated 12/500
[reader] generated 14/500
[reader] generated 16/500
[reader] generated 18/500
[reader] generated 20/500
[reader] generated 22/500
[reader] generated 24/500
[reader] generated 26/500
[reader] generated 28/500
[reader] generated 30/500
[reader] generated 32/500
[reader] generated 34/500
[reader] generated 36/500
[reader] generated 38/500
[reader] generated 40/500
[reader] generated 42/500
[reader] generated 44/500
[reader] generated 46/500
[reader] generated 48/500
[reader] generated 50/500
[reader] generated 52/500
[reader] generated 54/500
[reader] generated 56/500
[reader] generated 58/500
[reader] generated 60/500
[reader] generated 62/500
[reader] generated 64/500
[reader] generated 66/500
[reader] generated 68/500
[reader] generated 70/500
[reader] generated 72/500
[reader] generated 74/500
[reader] generated 76/500
[reader] generated 78/500
[reader] generated 80/500
[reader] generated 82/500
[reader] generated 84/500
[reader] generated 86/500
[reader] generated 88/500
[reader] generated 90/500
[reader] generated 92/500
[reader] generated 94/500
[reader] generated 96/500
[reader] generated 98/500
[reader] generated 100/500
[reader] generated 102/500
[reader] generated 104/500
[reader] generated 106/500
[reader] generated 108/500
[reader] generated 110/500
[reader] generated 112/500
[reader] generated 114/500
[reader] generated 116/500
[reader] generated 118/500
[reader] generated 120/500
[reader] generated 122/500
[reader] generated 124/500
[reader] generated 126/500
[reader] generated 128/500
[reader] generated 130/500
[reader] generated 132/500
[reader] generated 134/500
[reader] generated 136/500
[reader] generated 138/500
[reader] generated 140/500
[reader] generated 142/500
[reader] generated 144/500
[reader] generated 146/500
[reader] generated 148/500
[reader] generated 150/500
[reader] generated 152/500
[reader] generated 154/500
[reader] generated 156/500
[reader] generated 158/500
[reader] generated 160/500
[reader] generated 162/500
[reader] generated 164/500
[reader] generated 166/500
[reader] generated 168/500
[reader] generated 170/500
[reader] generated 172/500
[reader] generated 174/500
[reader] generated 176/500
[reader] generated 178/500
[reader] generated 180/500
[reader] generated 182/500
[reader] generated 184/500
[reader] generated 186/500
[reader] generated 188/500
[reader] generated 190/500
[reader] generated 192/500
[reader] generated 194/500
[reader] generated 196/500
[reader] generated 198/500
[reader] generated 200/500
[reader] generated 202/500
[reader] generated 204/500
[reader] generated 206/500
[reader] generated 208/500
[reader] generated 210/500
[reader] generated 212/500
[reader] generated 214/500
[reader] generated 216/500
[reader] generated 218/500
[reader] generated 220/500
[reader] generated 222/500
[reader] generated 224/500
[reader] generated 226/500
[reader] generated 228/500
[reader] generated 230/500
[reader] generated 232/500
[reader] generated 234/500
[reader] generated 236/500
[reader] generated 238/500
[reader] generated 240/500
[reader] generated 242/500
[reader] generated 244/500
[reader] generated 246/500
[reader] generated 248/500
[reader] generated 250/500
[reader] generated 252/500
[reader] generated 254/500
[reader] generated 256/500
[reader] generated 258/500
[reader] generated 260/500
[reader] generated 262/500
[reader] generated 264/500
[reader] generated 266/500
[reader] generated 268/500
[reader] generated 270/500
[reader] generated 272/500
[reader] generated 274/500
[reader] generated 276/500
[reader] generated 278/500
[reader] generated 280/500
[reader] generated 282/500
[reader] generated 284/500
[reader] generated 286/500
[reader] generated 288/500
[reader] generated 290/500
[reader] generated 292/500
[reader] generated 294/500
[reader] generated 296/500
[reader] generated 298/500
[reader] generated 300/500
[reader] generated 302/500
[reader] generated 304/500
[reader] generated 306/500
[reader] generated 308/500
[reader] generated 310/500
[reader] generated 312/500
[reader] generated 314/500
[reader] generated 316/500
[reader] generated 318/500
[reader] generated 320/500
[reader] generated 322/500
[reader] generated 324/500
[reader] generated 326/500
[reader] generated 328/500
[reader] generated 330/500
[reader] generated 332/500
[reader] generated 334/500
[reader] generated 336/500
[reader] generated 338/500
[reader] generated 340/500
[reader] generated 342/500
[reader] generated 344/500
[reader] generated 346/500
[reader] generated 348/500
[reader] generated 350/500
[reader] generated 352/500
[reader] generated 354/500
[reader] generated 356/500
[reader] generated 358/500
[reader] generated 360/500
[reader] generated 362/500
[reader] generated 364/500
[reader] generated 366/500
[reader] generated 368/500
[reader] generated 370/500
[reader] generated 372/500
[reader] generated 374/500
[reader] generated 376/500
[reader] generated 378/500
[reader] generated 380/500
[reader] generated 382/500
[reader] generated 384/500
[reader] generated 386/500
[reader] generated 388/500
[reader] generated 390/500
[reader] generated 392/500
[reader] generated 394/500
[reader] generated 396/500
[reader] generated 398/500
[reader] generated 400/500
[reader] generated 402/500
[reader] generated 404/500
[reader] generated 406/500
[reader] generated 408/500
[reader] generated 410/500
[reader] generated 412/500
[reader] generated 414/500
[reader] generated 416/500
[reader] generated 418/500
[reader] generated 420/500
[reader] generated 422/500
[reader] generated 424/500
[reader] generated 426/500
[reader] generated 428/500
[reader] generated 430/500
[reader] generated 432/500
[reader] generated 434/500
[reader] generated 436/500
[reader] generated 438/500
[reader] generated 440/500
[reader] generated 442/500
[reader] generated 444/500
[reader] generated 446/500
[reader] generated 448/500
[reader] generated 450/500
[reader] generated 452/500
[reader] generated 454/500
[reader] generated 456/500
[reader] generated 458/500
[reader] generated 460/500
[reader] generated 462/500
[reader] generated 464/500
[reader] generated 466/500
[reader] generated 468/500
[reader] generated 470/500
[reader] generated 472/500
[reader] generated 474/500
[reader] generated 476/500
[reader] generated 478/500
[reader] generated 480/500
[reader] generated 482/500
[reader] generated 484/500
[reader] generated 486/500
[reader] generated 488/500
[reader] generated 490/500
[reader] generated 492/500
[reader] generated 494/500
[reader] generated 496/500
[reader] generated 498/500
[reader] generated 500/500
[density] policy=ace_focused_160, router_type=fixed, representation=ace, packer=focused, reader_model=Qwen/Qwen2.5-3B-Instruct, packed_token_budget=160, recall@1=0.419, all_gold@1=0.0, recall@2=0.677, all_gold@2=0.422, recall@5=0.859, all_gold@5=0.726, qwen_em=0.32, qwen_f1=0.4211, avg_reader_evidence_tokens=150.04, mean_ans_in_context=0.63, mean_gold_token_density=0.4516, mean_gold_doc_reader_cov=0.768, mean_all_gold_reader=0.562, mean_distractor_docs=2.134, mean_context_tokens=150.042, mean_n_snippets=4.108
[density] materializing policy=ace_mmr_160
[density] generating policy=ace_mmr_160
[reader] generated 2/500
[reader] generated 4/500
[reader] generated 6/500
[reader] generated 8/500
[reader] generated 10/500
[reader] generated 12/500
[reader] generated 14/500
[reader] generated 16/500
[reader] generated 18/500
[reader] generated 20/500
[reader] generated 22/500
[reader] generated 24/500
[reader] generated 26/500
[reader] generated 28/500
[reader] generated 30/500
[reader] generated 32/500
[reader] generated 34/500
[reader] generated 36/500
[reader] generated 38/500
[reader] generated 40/500
[reader] generated 42/500
[reader] generated 44/500
[reader] generated 46/500
[reader] generated 48/500
[reader] generated 50/500
[reader] generated 52/500
[reader] generated 54/500
[reader] generated 56/500
[reader] generated 58/500
[reader] generated 60/500
[reader] generated 62/500
[reader] generated 64/500
[reader] generated 66/500
[reader] generated 68/500
[reader] generated 70/500
[reader] generated 72/500
[reader] generated 74/500
[reader] generated 76/500
[reader] generated 78/500
[reader] generated 80/500
[reader] generated 82/500
[reader] generated 84/500
[reader] generated 86/500
[reader] generated 88/500
[reader] generated 90/500
[reader] generated 92/500
[reader] generated 94/500
[reader] generated 96/500
[reader] generated 98/500
[reader] generated 100/500
[reader] generated 102/500
[reader] generated 104/500
[reader] generated 106/500
[reader] generated 108/500
[reader] generated 110/500
[reader] generated 112/500
[reader] generated 114/500
[reader] generated 116/500
[reader] generated 118/500
[reader] generated 120/500
[reader] generated 122/500
[reader] generated 124/500
[reader] generated 126/500
[reader] generated 128/500
[reader] generated 130/500
[reader] generated 132/500
[reader] generated 134/500
[reader] generated 136/500
[reader] generated 138/500
[reader] generated 140/500
[reader] generated 142/500
[reader] generated 144/500
[reader] generated 146/500
[reader] generated 148/500
[reader] generated 150/500
[reader] generated 152/500
[reader] generated 154/500
[reader] generated 156/500
[reader] generated 158/500
[reader] generated 160/500
[reader] generated 162/500
[reader] generated 164/500
[reader] generated 166/500
[reader] generated 168/500
[reader] generated 170/500
[reader] generated 172/500
[reader] generated 174/500
[reader] generated 176/500
[reader] generated 178/500
[reader] generated 180/500
[reader] generated 182/500
[reader] generated 184/500
[reader] generated 186/500
[reader] generated 188/500
[reader] generated 190/500
[reader] generated 192/500
[reader] generated 194/500
[reader] generated 196/500
[reader] generated 198/500
[reader] generated 200/500
[reader] generated 202/500
[reader] generated 204/500
[reader] generated 206/500
[reader] generated 208/500
[reader] generated 210/500
[reader] generated 212/500
[reader] generated 214/500
[reader] generated 216/500
[reader] generated 218/500
[reader] generated 220/500
[reader] generated 222/500
[reader] generated 224/500
[reader] generated 226/500
[reader] generated 228/500
[reader] generated 230/500
[reader] generated 232/500
[reader] generated 234/500
[reader] generated 236/500
[reader] generated 238/500
[reader] generated 240/500
[reader] generated 242/500
[reader] generated 244/500
[reader] generated 246/500
[reader] generated 248/500
[reader] generated 250/500
[reader] generated 252/500
[reader] generated 254/500
[reader] generated 256/500
[reader] generated 258/500
[reader] generated 260/500
[reader] generated 262/500
[reader] generated 264/500
[reader] generated 266/500
[reader] generated 268/500
[reader] generated 270/500
[reader] generated 272/500
[reader] generated 274/500
[reader] generated 276/500
[reader] generated 278/500
[reader] generated 280/500
[reader] generated 282/500
[reader] generated 284/500
[reader] generated 286/500
[reader] generated 288/500
[reader] generated 290/500
[reader] generated 292/500
[reader] generated 294/500
[reader] generated 296/500
[reader] generated 298/500
[reader] generated 300/500
[reader] generated 302/500
[reader] generated 304/500
[reader] generated 306/500
[reader] generated 308/500
[reader] generated 310/500
[reader] generated 312/500
[reader] generated 314/500
[reader] generated 316/500
[reader] generated 318/500
[reader] generated 320/500
[reader] generated 322/500
[reader] generated 324/500
[reader] generated 326/500
[reader] generated 328/500
[reader] generated 330/500
[reader] generated 332/500
[reader] generated 334/500
[reader] generated 336/500
[reader] generated 338/500
[reader] generated 340/500
[reader] generated 342/500
[reader] generated 344/500
[reader] generated 346/500
[reader] generated 348/500
[reader] generated 350/500
[reader] generated 352/500
[reader] generated 354/500
[reader] generated 356/500
[reader] generated 358/500
[reader] generated 360/500
[reader] generated 362/500
[reader] generated 364/500
[reader] generated 366/500
[reader] generated 368/500
[reader] generated 370/500
[reader] generated 372/500
[reader] generated 374/500
[reader] generated 376/500
[reader] generated 378/500
[reader] generated 380/500
[reader] generated 382/500
[reader] generated 384/500
[reader] generated 386/500
[reader] generated 388/500
[reader] generated 390/500
[reader] generated 392/500
[reader] generated 394/500
[reader] generated 396/500
[reader] generated 398/500
[reader] generated 400/500
[reader] generated 402/500
[reader] generated 404/500
[reader] generated 406/500
[reader] generated 408/500
[reader] generated 410/500
[reader] generated 412/500
[reader] generated 414/500
[reader] generated 416/500
[reader] generated 418/500
[reader] generated 420/500
[reader] generated 422/500
[reader] generated 424/500
[reader] generated 426/500
[reader] generated 428/500
[reader] generated 430/500
[reader] generated 432/500
[reader] generated 434/500
[reader] generated 436/500
[reader] generated 438/500
[reader] generated 440/500
[reader] generated 442/500
[reader] generated 444/500
[reader] generated 446/500
[reader] generated 448/500
[reader] generated 450/500
[reader] generated 452/500
[reader] generated 454/500
[reader] generated 456/500
[reader] generated 458/500
[reader] generated 460/500
[reader] generated 462/500
[reader] generated 464/500
[reader] generated 466/500
[reader] generated 468/500
[reader] generated 470/500
[reader] generated 472/500
[reader] generated 474/500
[reader] generated 476/500
[reader] generated 478/500
[reader] generated 480/500
[reader] generated 482/500
[reader] generated 484/500
[reader] generated 486/500
[reader] generated 488/500
[reader] generated 490/500
[reader] generated 492/500
[reader] generated 494/500
[reader] generated 496/500
[reader] generated 498/500
[reader] generated 500/500
[density] policy=ace_mmr_160, router_type=fixed, representation=ace, packer=mmr, reader_model=Qwen/Qwen2.5-3B-Instruct, packed_token_budget=160, recall@1=0.419, all_gold@1=0.0, recall@2=0.677, all_gold@2=0.422, recall@5=0.859, all_gold@5=0.726, qwen_em=0.316, qwen_f1=0.4078, avg_reader_evidence_tokens=149.78, mean_ans_in_context=0.61, mean_gold_token_density=0.4421, mean_gold_doc_reader_cov=0.726, mean_all_gold_reader=0.496, mean_distractor_docs=2.072, mean_context_tokens=149.78, mean_n_snippets=4.15
[density] materializing policy=ace_submod_160
[density] generating policy=ace_submod_160
[reader] generated 2/500
[reader] generated 4/500
[reader] generated 6/500
[reader] generated 8/500
[reader] generated 10/500
[reader] generated 12/500
[reader] generated 14/500
[reader] generated 16/500
[reader] generated 18/500
[reader] generated 20/500
[reader] generated 22/500
[reader] generated 24/500
[reader] generated 26/500
[reader] generated 28/500
[reader] generated 30/500
[reader] generated 32/500
[reader] generated 34/500
[reader] generated 36/500
[reader] generated 38/500
[reader] generated 40/500
[reader] generated 42/500
[reader] generated 44/500
[reader] generated 46/500
[reader] generated 48/500
[reader] generated 50/500
[reader] generated 52/500
[reader] generated 54/500
[reader] generated 56/500
[reader] generated 58/500
[reader] generated 60/500
[reader] generated 62/500
[reader] generated 64/500
[reader] generated 66/500
[reader] generated 68/500
[reader] generated 70/500
[reader] generated 72/500
[reader] generated 74/500
[reader] generated 76/500
[reader] generated 78/500
[reader] generated 80/500
[reader] generated 82/500
[reader] generated 84/500
[reader] generated 86/500
[reader] generated 88/500
[reader] generated 90/500
[reader] generated 92/500
[reader] generated 94/500
[reader] generated 96/500
[reader] generated 98/500
[reader] generated 100/500
[reader] generated 102/500
[reader] generated 104/500
[reader] generated 106/500
[reader] generated 108/500
[reader] generated 110/500
[reader] generated 112/500
[reader] generated 114/500
[reader] generated 116/500
[reader] generated 118/500
[reader] generated 120/500
[reader] generated 122/500
[reader] generated 124/500
[reader] generated 126/500
[reader] generated 128/500
[reader] generated 130/500
[reader] generated 132/500
[reader] generated 134/500
[reader] generated 136/500
[reader] generated 138/500
[reader] generated 140/500
[reader] generated 142/500
[reader] generated 144/500
[reader] generated 146/500
[reader] generated 148/500
[reader] generated 150/500
[reader] generated 152/500
[reader] generated 154/500
[reader] generated 156/500
[reader] generated 158/500
[reader] generated 160/500
[reader] generated 162/500
[reader] generated 164/500
[reader] generated 166/500
[reader] generated 168/500
[reader] generated 170/500
[reader] generated 172/500
[reader] generated 174/500
[reader] generated 176/500
[reader] generated 178/500
[reader] generated 180/500
[reader] generated 182/500
[reader] generated 184/500
[reader] generated 186/500
[reader] generated 188/500
[reader] generated 190/500
[reader] generated 192/500
[reader] generated 194/500
[reader] generated 196/500
[reader] generated 198/500
[reader] generated 200/500
[reader] generated 202/500
[reader] generated 204/500
[reader] generated 206/500
[reader] generated 208/500
[reader] generated 210/500
[reader] generated 212/500
[reader] generated 214/500
[reader] generated 216/500
[reader] generated 218/500
[reader] generated 220/500
[reader] generated 222/500
[reader] generated 224/500
[reader] generated 226/500
[reader] generated 228/500
[reader] generated 230/500
[reader] generated 232/500
[reader] generated 234/500
[reader] generated 236/500
[reader] generated 238/500
[reader] generated 240/500
[reader] generated 242/500
[reader] generated 244/500
[reader] generated 246/500
[reader] generated 248/500
[reader] generated 250/500
[reader] generated 252/500
[reader] generated 254/500
[reader] generated 256/500
[reader] generated 258/500
[reader] generated 260/500
[reader] generated 262/500
[reader] generated 264/500
[reader] generated 266/500
[reader] generated 268/500
[reader] generated 270/500
[reader] generated 272/500
[reader] generated 274/500
[reader] generated 276/500
[reader] generated 278/500
[reader] generated 280/500
[reader] generated 282/500
[reader] generated 284/500
[reader] generated 286/500
[reader] generated 288/500
[reader] generated 290/500
[reader] generated 292/500
[reader] generated 294/500
[reader] generated 296/500
[reader] generated 298/500
[reader] generated 300/500
[reader] generated 302/500
[reader] generated 304/500
[reader] generated 306/500
[reader] generated 308/500
[reader] generated 310/500
[reader] generated 312/500
[reader] generated 314/500
[reader] generated 316/500
[reader] generated 318/500
[reader] generated 320/500
[reader] generated 322/500
[reader] generated 324/500
[reader] generated 326/500
[reader] generated 328/500
[reader] generated 330/500
[reader] generated 332/500
[reader] generated 334/500
[reader] generated 336/500
[reader] generated 338/500
[reader] generated 340/500
[reader] generated 342/500
[reader] generated 344/500
[reader] generated 346/500
[reader] generated 348/500
[reader] generated 350/500
[reader] generated 352/500
[reader] generated 354/500
[reader] generated 356/500
[reader] generated 358/500
[reader] generated 360/500
[reader] generated 362/500
[reader] generated 364/500
[reader] generated 366/500
[reader] generated 368/500
[reader] generated 370/500
[reader] generated 372/500
[reader] generated 374/500
[reader] generated 376/500
[reader] generated 378/500
[reader] generated 380/500
[reader] generated 382/500
[reader] generated 384/500
[reader] generated 386/500
[reader] generated 388/500
[reader] generated 390/500
[reader] generated 392/500
[reader] generated 394/500
[reader] generated 396/500
[reader] generated 398/500
[reader] generated 400/500
[reader] generated 402/500
[reader] generated 404/500
[reader] generated 406/500
[reader] generated 408/500
[reader] generated 410/500
[reader] generated 412/500
[reader] generated 414/500
[reader] generated 416/500
[reader] generated 418/500
[reader] generated 420/500
[reader] generated 422/500
[reader] generated 424/500
[reader] generated 426/500
[reader] generated 428/500
[reader] generated 430/500
[reader] generated 432/500
[reader] generated 434/500
[reader] generated 436/500
[reader] generated 438/500
[reader] generated 440/500
[reader] generated 442/500
[reader] generated 444/500
[reader] generated 446/500
[reader] generated 448/500
[reader] generated 450/500
[reader] generated 452/500
[reader] generated 454/500
[reader] generated 456/500
[reader] generated 458/500
[reader] generated 460/500
[reader] generated 462/500
[reader] generated 464/500
[reader] generated 466/500
[reader] generated 468/500
[reader] generated 470/500
[reader] generated 472/500
[reader] generated 474/500
[reader] generated 476/500
[reader] generated 478/500
[reader] generated 480/500
[reader] generated 482/500
[reader] generated 484/500
[reader] generated 486/500
[reader] generated 488/500
[reader] generated 490/500
[reader] generated 492/500
[reader] generated 494/500
[reader] generated 496/500
[reader] generated 498/500
[reader] generated 500/500
[density] policy=ace_submod_160, router_type=fixed, representation=ace, packer=submod, reader_model=Qwen/Qwen2.5-3B-Instruct, packed_token_budget=160, recall@1=0.419, all_gold@1=0.0, recall@2=0.677, all_gold@2=0.422, recall@5=0.859, all_gold@5=0.726, qwen_em=0.308, qwen_f1=0.4007, avg_reader_evidence_tokens=147.4, mean_ans_in_context=0.612, mean_gold_token_density=0.4277, mean_gold_doc_reader_cov=0.758, mean_all_gold_reader=0.55, mean_distractor_docs=2.306, mean_context_tokens=147.398, mean_n_snippets=4.686
[density] policy=router_oracle_packer, router_type=oracle, representation=mixed, packer=oracle, reader_model=Qwen/Qwen2.5-3B-Instruct, packed_token_budget=160, selection_counts={"ace_focused_160": 90, "ace_mmr_160": 36, "ace_submod_160": 82, "chunk_focused_160": 78, "chunk_mmr_160": 28, "chunk_submod_160": 186}, qwen_em=0.484, qwen_f1=0.5979, avg_reader_evidence_tokens=142.0, mean_ans_in_context=0.692, mean_gold_token_density=0.4958, mean_gold_doc_reader_cov=0.779, mean_all_gold_reader=0.58, mean_distractor_docs=1.912, mean_context_tokens=142.002, mean_n_snippets=4.096
wrote /kaggle/working/colab_results/stage4b_density_mmr_hotpotqa_seed42_budget160_limit500_qwen3b/hotpotqa_density_standard_budget160_limit500_metrics.csv
wrote /kaggle/working/colab_results/stage4b_density_mmr_hotpotqa_seed42_budget160_limit500_qwen3b/hotpotqa_density_standard_budget160_limit500_per_question.csv
--- seed 13 ---
$ /usr/bin/python3 -m experiments.run_density_router --dataset hotpotqa --split validation --seed 13 --limit 500 --embedder sentence-transformers --embedding-model BAAI/bge-small-en-v1.5 --embed-device cuda --compressor truncate --compress-dims 320 --top-k-nodes 48 --max-expanded-docs 5 --ace-retriever standard --reader-backend hf --reader-model Qwen/Qwen2.5-3B-Instruct --reader-device cuda --reader-batch-size 2 --budget 160 --mmr-lambda 0.7 --out-dir /kaggle/working/colab_results/stage4b_density_mmr_hotpotqa_seed13_budget160_limit500_qwen3b
hotpotqa[hf:validation:500]: 4933 docs, 500 questions, 2.00 gold docs/question
[density] retrieving chunk baseline
2026-06-28 09:32:01.119408: E external/local_xla/xla/stream_executor/cuda/cuda_fft.cc:467] Unable to register cuFFT factory: Attempting to register factory for plugin cuFFT when one has already been registered
WARNING: All log messages before absl::InitializeLog() is called are written to STDERR
E0000 00:00:1782639121.144240     289 cuda_dnn.cc:8579] Unable to register cuDNN factory: Attempting to register factory for plugin cuDNN when one has already been registered
E0000 00:00:1782639121.152384     289 cuda_blas.cc:1407] Unable to register cuBLAS factory: Attempting to register factory for plugin cuBLAS when one has already been registered
W0000 00:00:1782639121.173211     289 computation_placer.cc:177] computation placer already registered. Please check linkage and avoid linking the same target more than once.
W0000 00:00:1782639121.173235     289 computation_placer.cc:177] computation placer already registered. Please check linkage and avoid linking the same target more than once.
W0000 00:00:1782639121.173238     289 computation_placer.cc:177] computation placer already registered. Please check linkage and avoid linking the same target more than once.
W0000 00:00:1782639121.173240     289 computation_placer.cc:177] computation placer already registered. Please check linkage and avoid linking the same target more than once.
[chunk] fitting/indexing
[embed] encoding 4933 texts on device=cuda:0

Batches:   0%|          | 0/78 [00:00<?, ?it/s]
Batches:   1%|▏         | 1/78 [00:00<01:15,  1.03it/s]
Batches:   3%|▎         | 2/78 [00:01<00:54,  1.39it/s]
Batches:   4%|▍         | 3/78 [00:01<00:43,  1.72it/s]
Batches:   5%|▌         | 4/78 [00:02<00:38,  1.93it/s]
Batches:   6%|▋         | 5/78 [00:02<00:33,  2.16it/s]
Batches:   8%|▊         | 6/78 [00:03<00:29,  2.40it/s]
Batches:   9%|▉         | 7/78 [00:03<00:28,  2.51it/s]
Batches:  10%|█         | 8/78 [00:03<00:25,  2.70it/s]
Batches:  12%|█▏        | 9/78 [00:04<00:24,  2.78it/s]
Batches:  13%|█▎        | 10/78 [00:04<00:23,  2.89it/s]
Batches:  14%|█▍        | 11/78 [00:04<00:21,  3.05it/s]
Batches:  15%|█▌        | 12/78 [00:04<00:20,  3.24it/s]
Batches:  17%|█▋        | 13/78 [00:05<00:19,  3.41it/s]
Batches:  18%|█▊        | 14/78 [00:05<00:18,  3.51it/s]
Batches:  19%|█▉        | 15/78 [00:05<00:17,  3.60it/s]
Batches:  21%|██        | 16/78 [00:05<00:16,  3.73it/s]
Batches:  22%|██▏       | 17/78 [00:06<00:16,  3.79it/s]
Batches:  23%|██▎       | 18/78 [00:06<00:15,  3.76it/s]
Batches:  24%|██▍       | 19/78 [00:06<00:15,  3.90it/s]
Batches:  26%|██▌       | 20/78 [00:06<00:13,  4.23it/s]
Batches:  27%|██▋       | 21/78 [00:07<00:13,  4.38it/s]
Batches:  28%|██▊       | 22/78 [00:07<00:12,  4.48it/s]
Batches:  29%|██▉       | 23/78 [00:07<00:12,  4.57it/s]
Batches:  31%|███       | 24/78 [00:07<00:11,  4.61it/s]
Batches:  32%|███▏      | 25/78 [00:07<00:11,  4.72it/s]
Batches:  33%|███▎      | 26/78 [00:08<00:10,  4.79it/s]
Batches:  35%|███▍      | 27/78 [00:08<00:10,  4.93it/s]
Batches:  36%|███▌      | 28/78 [00:08<00:09,  5.11it/s]
Batches:  37%|███▋      | 29/78 [00:08<00:09,  5.12it/s]
Batches:  38%|███▊      | 30/78 [00:08<00:09,  5.00it/s]
Batches:  40%|███▉      | 31/78 [00:09<00:09,  5.11it/s]
Batches:  41%|████      | 32/78 [00:09<00:09,  5.08it/s]
Batches:  42%|████▏     | 33/78 [00:09<00:08,  5.26it/s]
Batches:  44%|████▎     | 34/78 [00:09<00:08,  5.42it/s]
Batches:  45%|████▍     | 35/78 [00:09<00:07,  5.50it/s]
Batches:  46%|████▌     | 36/78 [00:09<00:07,  5.62it/s]
Batches:  47%|████▋     | 37/78 [00:10<00:07,  5.77it/s]
Batches:  49%|████▊     | 38/78 [00:10<00:06,  5.78it/s]
Batches:  50%|█████     | 39/78 [00:10<00:06,  6.04it/s]
Batches:  51%|█████▏    | 40/78 [00:10<00:06,  5.99it/s]
Batches:  53%|█████▎    | 41/78 [00:10<00:06,  6.08it/s]
Batches:  54%|█████▍    | 42/78 [00:10<00:05,  6.09it/s]
Batches:  55%|█████▌    | 43/78 [00:11<00:05,  6.02it/s]
Batches:  56%|█████▋    | 44/78 [00:11<00:05,  6.40it/s]
Batches:  58%|█████▊    | 45/78 [00:11<00:05,  5.99it/s]
Batches:  59%|█████▉    | 46/78 [00:11<00:05,  6.11it/s]
Batches:  60%|██████    | 47/78 [00:11<00:04,  6.27it/s]
Batches:  62%|██████▏   | 48/78 [00:11<00:04,  6.55it/s]
Batches:  63%|██████▎   | 49/78 [00:12<00:04,  6.86it/s]
Batches:  64%|██████▍   | 50/78 [00:12<00:04,  6.99it/s]
Batches:  65%|██████▌   | 51/78 [00:12<00:03,  7.25it/s]
Batches:  67%|██████▋   | 52/78 [00:12<00:03,  7.53it/s]
Batches:  68%|██████▊   | 53/78 [00:12<00:03,  7.78it/s]
Batches:  69%|██████▉   | 54/78 [00:12<00:02,  8.13it/s]
Batches:  71%|███████   | 55/78 [00:12<00:02,  8.31it/s]
Batches:  72%|███████▏  | 56/78 [00:12<00:02,  8.47it/s]
Batches:  73%|███████▎  | 57/78 [00:12<00:02,  8.58it/s]
Batches:  74%|███████▍  | 58/78 [00:13<00:02,  8.72it/s]
Batches:  76%|███████▌  | 59/78 [00:13<00:02,  8.53it/s]
Batches:  77%|███████▋  | 60/78 [00:13<00:02,  8.62it/s]
Batches:  79%|███████▉  | 62/78 [00:13<00:01,  9.30it/s]
Batches:  82%|████████▏ | 64/78 [00:13<00:01,  9.62it/s]
Batches:  83%|████████▎ | 65/78 [00:13<00:01,  9.47it/s]
Batches:  86%|████████▌ | 67/78 [00:14<00:01,  9.91it/s]
Batches:  88%|████████▊ | 69/78 [00:14<00:00, 10.45it/s]
Batches:  91%|█████████ | 71/78 [00:14<00:00, 10.98it/s]
Batches:  94%|█████████▎| 73/78 [00:14<00:00, 11.83it/s]
Batches:  96%|█████████▌| 75/78 [00:14<00:00, 13.09it/s]
Batches: 100%|██████████| 78/78 [00:14<00:00,  5.30it/s]
[chunk] retrieving
[embed] encoding 500 texts on device=cuda:0

Batches:   0%|          | 0/8 [00:00<?, ?it/s]
Batches:  38%|███▊      | 3/8 [00:00<00:00, 25.96it/s]
Batches:  88%|████████▊ | 7/8 [00:00<00:00, 30.62it/s]
Batches: 100%|██████████| 8/8 [00:00<00:00, 31.52it/s]
[density] retrieving ACE graph
[ace] building evidence graph
[ace] graph built: nodes=50334 edges=77031
[ace] fitting/indexing embeddings
[embed] encoding 45401 texts on device=cuda:0

Batches:   0%|          | 0/710 [00:00<?, ?it/s]
Batches:   0%|          | 1/710 [00:00<05:58,  1.98it/s]
Batches:   0%|          | 2/710 [00:00<03:39,  3.22it/s]
Batches:   0%|          | 3/710 [00:00<02:40,  4.39it/s]
Batches:   1%|          | 4/710 [00:00<02:13,  5.29it/s]
Batches:   1%|          | 5/710 [00:01<01:53,  6.21it/s]
Batches:   1%|          | 6/710 [00:01<01:41,  6.91it/s]
Batches:   1%|          | 7/710 [00:01<01:31,  7.65it/s]
Batches:   1%|          | 8/710 [00:01<01:30,  7.77it/s]
Batches:   1%|▏         | 9/710 [00:01<01:26,  8.13it/s]
Batches:   2%|▏         | 11/710 [00:01<01:19,  8.77it/s]
Batches:   2%|▏         | 12/710 [00:01<01:17,  9.02it/s]
Batches:   2%|▏         | 14/710 [00:02<01:15,  9.24it/s]
Batches:   2%|▏         | 15/710 [00:02<01:15,  9.21it/s]
Batches:   2%|▏         | 17/710 [00:02<01:10,  9.79it/s]
Batches:   3%|▎         | 19/710 [00:02<01:08, 10.11it/s]
Batches:   3%|▎         | 21/710 [00:02<01:05, 10.59it/s]
Batches:   3%|▎         | 23/710 [00:02<01:02, 10.90it/s]
Batches:   4%|▎         | 25/710 [00:03<01:03, 10.86it/s]
Batches:   4%|▍         | 27/710 [00:03<00:59, 11.50it/s]
Batches:   4%|▍         | 29/710 [00:03<00:58, 11.68it/s]
Batches:   4%|▍         | 31/710 [00:03<01:00, 11.17it/s]
Batches:   5%|▍         | 33/710 [00:03<00:58, 11.53it/s]
Batches:   5%|▍         | 35/710 [00:03<00:56, 12.05it/s]
Batches:   5%|▌         | 37/710 [00:04<00:54, 12.30it/s]
Batches:   5%|▌         | 39/710 [00:04<00:52, 12.68it/s]
Batches:   6%|▌         | 41/710 [00:04<00:49, 13.48it/s]
Batches:   6%|▌         | 43/710 [00:04<00:51, 12.86it/s]
Batches:   6%|▋         | 45/710 [00:04<00:50, 13.14it/s]
Batches:   7%|▋         | 47/710 [00:04<00:52, 12.72it/s]
Batches:   7%|▋         | 49/710 [00:04<00:50, 13.03it/s]
Batches:   7%|▋         | 51/710 [00:05<00:48, 13.59it/s]
Batches:   7%|▋         | 53/710 [00:05<00:47, 13.70it/s]
Batches:   8%|▊         | 55/710 [00:05<00:47, 13.68it/s]
Batches:   8%|▊         | 57/710 [00:05<00:45, 14.25it/s]
Batches:   8%|▊         | 59/710 [00:05<00:43, 15.08it/s]
Batches:   9%|▊         | 61/710 [00:05<00:46, 14.06it/s]
Batches:   9%|▉         | 63/710 [00:05<00:44, 14.47it/s]
Batches:   9%|▉         | 65/710 [00:05<00:42, 15.26it/s]
Batches:   9%|▉         | 67/710 [00:06<00:43, 14.76it/s]
Batches:  10%|▉         | 69/710 [00:06<00:41, 15.32it/s]
Batches:  10%|█         | 71/710 [00:06<00:40, 15.70it/s]
Batches:  10%|█         | 73/710 [00:06<00:39, 16.07it/s]
Batches:  11%|█         | 75/710 [00:06<00:41, 15.39it/s]
Batches:  11%|█         | 77/710 [00:06<00:40, 15.66it/s]
Batches:  11%|█         | 79/710 [00:06<00:40, 15.70it/s]
Batches:  11%|█▏        | 81/710 [00:06<00:39, 15.86it/s]
Batches:  12%|█▏        | 83/710 [00:07<00:38, 16.30it/s]
Batches:  12%|█▏        | 85/710 [00:07<00:38, 16.20it/s]
Batches:  12%|█▏        | 87/710 [00:07<00:39, 15.90it/s]
Batches:  13%|█▎        | 89/710 [00:07<00:38, 16.04it/s]
Batches:  13%|█▎        | 91/710 [00:07<00:37, 16.35it/s]
Batches:  13%|█▎        | 93/710 [00:07<00:37, 16.58it/s]
Batches:  13%|█▎        | 95/710 [00:07<00:36, 17.06it/s]
Batches:  14%|█▎        | 97/710 [00:07<00:34, 17.66it/s]
Batches:  14%|█▍        | 99/710 [00:08<00:33, 18.30it/s]
Batches:  14%|█▍        | 101/710 [00:08<00:33, 18.38it/s]
Batches:  15%|█▍        | 103/710 [00:08<00:34, 17.46it/s]
Batches:  15%|█▍        | 105/710 [00:08<00:33, 17.82it/s]
Batches:  15%|█▌        | 107/710 [00:08<00:34, 17.50it/s]
Batches:  15%|█▌        | 109/710 [00:08<00:33, 17.87it/s]
Batches:  16%|█▌        | 112/710 [00:08<00:31, 18.70it/s]
Batches:  16%|█▌        | 114/710 [00:08<00:31, 18.66it/s]
Batches:  16%|█▋        | 116/710 [00:08<00:31, 18.75it/s]
Batches:  17%|█▋        | 118/710 [00:09<00:31, 18.50it/s]
Batches:  17%|█▋        | 121/710 [00:09<00:30, 19.35it/s]
Batches:  17%|█▋        | 123/710 [00:09<00:30, 18.94it/s]
Batches:  18%|█▊        | 126/710 [00:09<00:29, 19.61it/s]
Batches:  18%|█▊        | 128/710 [00:09<00:30, 19.34it/s]
Batches:  18%|█▊        | 130/710 [00:09<00:30, 19.23it/s]
Batches:  19%|█▊        | 133/710 [00:09<00:29, 19.60it/s]
Batches:  19%|█▉        | 135/710 [00:09<00:29, 19.32it/s]
Batches:  19%|█▉        | 137/710 [00:10<00:29, 19.49it/s]
Batches:  20%|█▉        | 139/710 [00:10<00:29, 19.57it/s]
Batches:  20%|█▉        | 141/710 [00:10<00:29, 19.59it/s]
Batches:  20%|██        | 143/710 [00:10<00:29, 19.53it/s]
Batches:  21%|██        | 146/710 [00:10<00:27, 20.22it/s]
Batches:  21%|██        | 149/710 [00:10<00:29, 19.20it/s]
Batches:  21%|██▏       | 152/710 [00:10<00:28, 19.61it/s]
Batches:  22%|██▏       | 155/710 [00:10<00:27, 20.19it/s]
Batches:  22%|██▏       | 158/710 [00:11<00:26, 20.78it/s]
Batches:  23%|██▎       | 161/710 [00:11<00:25, 21.27it/s]
Batches:  23%|██▎       | 164/710 [00:11<00:25, 21.09it/s]
Batches:  24%|██▎       | 167/710 [00:11<00:25, 21.17it/s]
Batches:  24%|██▍       | 170/710 [00:11<00:25, 21.09it/s]
Batches:  24%|██▍       | 173/710 [00:11<00:25, 21.41it/s]
Batches:  25%|██▍       | 176/710 [00:11<00:24, 21.63it/s]
Batches:  25%|██▌       | 179/710 [00:12<00:23, 22.32it/s]
Batches:  26%|██▌       | 182/710 [00:12<00:23, 22.62it/s]
Batches:  26%|██▌       | 185/710 [00:12<00:23, 22.54it/s]
Batches:  26%|██▋       | 188/710 [00:12<00:22, 22.82it/s]
Batches:  27%|██▋       | 191/710 [00:12<00:22, 23.45it/s]
Batches:  27%|██▋       | 194/710 [00:12<00:21, 23.72it/s]
Batches:  28%|██▊       | 197/710 [00:12<00:20, 24.64it/s]
Batches:  28%|██▊       | 200/710 [00:12<00:20, 24.45it/s]
Batches:  29%|██▊       | 203/710 [00:13<00:20, 24.67it/s]
Batches:  29%|██▉       | 206/710 [00:13<00:20, 24.95it/s]
Batches:  29%|██▉       | 209/710 [00:13<00:20, 24.47it/s]
Batches:  30%|██▉       | 212/710 [00:13<00:20, 24.88it/s]
Batches:  30%|███       | 215/710 [00:13<00:19, 24.91it/s]
Batches:  31%|███       | 218/710 [00:13<00:19, 24.68it/s]
Batches:  31%|███       | 221/710 [00:13<00:19, 24.64it/s]
Batches:  32%|███▏      | 224/710 [00:13<00:19, 25.30it/s]
Batches:  32%|███▏      | 227/710 [00:13<00:18, 26.00it/s]
Batches:  32%|███▏      | 230/710 [00:14<00:18, 26.40it/s]
Batches:  33%|███▎      | 233/710 [00:14<00:20, 23.62it/s]
Batches:  33%|███▎      | 236/710 [00:14<00:19, 24.29it/s]
Batches:  34%|███▎      | 239/710 [00:14<00:18, 25.30it/s]
Batches:  34%|███▍      | 242/710 [00:14<00:18, 25.74it/s]
Batches:  35%|███▍      | 245/710 [00:14<00:17, 26.72it/s]
Batches:  35%|███▍      | 248/710 [00:14<00:16, 27.31it/s]
Batches:  35%|███▌      | 251/710 [00:14<00:16, 27.74it/s]
Batches:  36%|███▌      | 254/710 [00:14<00:16, 28.12it/s]
Batches:  36%|███▌      | 257/710 [00:15<00:16, 28.28it/s]
Batches:  37%|███▋      | 260/710 [00:15<00:16, 27.93it/s]
Batches:  37%|███▋      | 263/710 [00:15<00:15, 28.07it/s]
Batches:  38%|███▊      | 267/710 [00:15<00:15, 29.01it/s]
Batches:  38%|███▊      | 270/710 [00:15<00:15, 28.27it/s]
Batches:  39%|███▊      | 274/710 [00:15<00:14, 29.24it/s]
Batches:  39%|███▉      | 278/710 [00:15<00:14, 30.44it/s]
Batches:  40%|███▉      | 282/710 [00:15<00:13, 31.30it/s]
Batches:  40%|████      | 286/710 [00:16<00:13, 31.38it/s]
Batches:  41%|████      | 290/710 [00:16<00:13, 31.60it/s]
Batches:  41%|████▏     | 294/710 [00:16<00:12, 33.04it/s]
Batches:  42%|████▏     | 298/710 [00:16<00:12, 34.23it/s]
Batches:  43%|████▎     | 302/710 [00:16<00:11, 34.23it/s]
Batches:  43%|████▎     | 306/710 [00:16<00:11, 34.70it/s]
Batches:  44%|████▎     | 310/710 [00:16<00:11, 34.58it/s]
Batches:  44%|████▍     | 314/710 [00:16<00:11, 35.62it/s]
Batches:  45%|████▍     | 319/710 [00:16<00:10, 37.11it/s]
Batches:  46%|████▌     | 324/710 [00:17<00:09, 40.15it/s]
Batches:  46%|████▋     | 330/710 [00:17<00:08, 43.50it/s]
Batches:  47%|████▋     | 336/710 [00:17<00:08, 46.01it/s]
Batches:  48%|████▊     | 342/710 [00:17<00:07, 48.00it/s]
Batches:  49%|████▉     | 348/710 [00:17<00:07, 50.58it/s]
Batches:  50%|████▉     | 354/710 [00:17<00:06, 53.01it/s]
Batches:  51%|█████     | 360/710 [00:17<00:06, 54.73it/s]
Batches:  52%|█████▏    | 367/710 [00:17<00:05, 57.59it/s]
Batches:  53%|█████▎    | 374/710 [00:17<00:05, 59.82it/s]
Batches:  54%|█████▎    | 381/710 [00:18<00:05, 62.31it/s]
Batches:  55%|█████▍    | 388/710 [00:18<00:05, 63.42it/s]
Batches:  56%|█████▌    | 396/710 [00:18<00:04, 65.42it/s]
Batches:  57%|█████▋    | 403/710 [00:18<00:04, 65.36it/s]
Batches:  58%|█████▊    | 411/710 [00:18<00:04, 67.75it/s]
Batches:  59%|█████▉    | 419/710 [00:18<00:04, 70.22it/s]
Batches:  60%|██████    | 427/710 [00:18<00:03, 70.89it/s]
Batches:  61%|██████▏   | 435/710 [00:18<00:03, 72.10it/s]
Batches:  62%|██████▏   | 443/710 [00:18<00:03, 73.05it/s]
Batches:  64%|██████▎   | 451/710 [00:19<00:03, 74.82it/s]
Batches:  65%|██████▍   | 460/710 [00:19<00:03, 76.40it/s]
Batches:  66%|██████▌   | 468/710 [00:19<00:03, 74.48it/s]
Batches:  67%|██████▋   | 476/710 [00:19<00:03, 75.82it/s]
Batches:  68%|██████▊   | 485/710 [00:19<00:02, 78.11it/s]
Batches:  69%|██████▉   | 493/710 [00:19<00:02, 78.40it/s]
Batches:  71%|███████   | 502/710 [00:19<00:02, 79.92it/s]
Batches:  72%|███████▏  | 511/710 [00:19<00:02, 80.60it/s]
Batches:  73%|███████▎  | 520/710 [00:19<00:02, 81.78it/s]
Batches:  75%|███████▍  | 529/710 [00:19<00:02, 83.22it/s]
Batches:  76%|███████▌  | 538/710 [00:20<00:02, 83.61it/s]
Batches:  77%|███████▋  | 547/710 [00:20<00:01, 83.79it/s]
Batches:  78%|███████▊  | 556/710 [00:20<00:01, 83.83it/s]
Batches:  80%|███████▉  | 565/710 [00:20<00:01, 84.77it/s]
Batches:  81%|████████  | 574/710 [00:20<00:01, 85.66it/s]
Batches:  82%|████████▏ | 583/710 [00:20<00:01, 86.77it/s]
Batches:  83%|████████▎ | 592/710 [00:20<00:01, 86.64it/s]
Batches:  85%|████████▍ | 601/710 [00:20<00:01, 85.62it/s]
Batches:  86%|████████▌ | 610/710 [00:20<00:01, 85.90it/s]
Batches:  87%|████████▋ | 620/710 [00:21<00:01, 87.55it/s]
Batches:  89%|████████▊ | 629/710 [00:21<00:00, 88.08it/s]
Batches:  90%|█████████ | 639/710 [00:21<00:00, 89.27it/s]
Batches:  91%|█████████▏| 648/710 [00:21<00:00, 89.35it/s]
Batches:  93%|█████████▎| 657/710 [00:21<00:00, 88.90it/s]
Batches:  94%|█████████▍| 667/710 [00:21<00:00, 89.53it/s]
Batches:  95%|█████████▌| 677/710 [00:21<00:00, 89.96it/s]
Batches:  97%|█████████▋| 687/710 [00:21<00:00, 90.27it/s]
Batches:  98%|█████████▊| 697/710 [00:21<00:00, 90.24it/s]
Batches: 100%|█████████▉| 707/710 [00:21<00:00, 90.76it/s]
Batches: 100%|██████████| 710/710 [00:22<00:00, 32.24it/s]
[ace] retrieving
[embed] encoding 500 texts on device=cuda:0

Batches:   0%|          | 0/8 [00:00<?, ?it/s]
Batches:  38%|███▊      | 3/8 [00:00<00:00, 25.22it/s]
Batches:  88%|████████▊ | 7/8 [00:00<00:00, 29.12it/s]
Batches: 100%|██████████| 8/8 [00:00<00:00, 30.00it/s]
[density] loading reader once
`torch_dtype` is deprecated! Use `dtype` instead!

Loading checkpoint shards:   0%|          | 0/2 [00:00<?, ?it/s]
Loading checkpoint shards:  50%|█████     | 1/2 [00:02<00:02,  2.62s/it]
Loading checkpoint shards: 100%|██████████| 2/2 [00:04<00:00,  1.94s/it]
Loading checkpoint shards: 100%|██████████| 2/2 [00:04<00:00,  2.04s/it]
[reader] loaded Qwen/Qwen2.5-3B-Instruct on cuda:0
[density] materializing policy=chunk_packed_160
[density] generating policy=chunk_packed_160
The following generation flags are not valid and may be ignored: ['temperature', 'top_p', 'top_k']. Set `TRANSFORMERS_VERBOSITY=info` for more details.
[reader] generated 2/500
[reader] generated 4/500
[reader] generated 6/500
[reader] generated 8/500
[reader] generated 10/500
[reader] generated 12/500
[reader] generated 14/500
[reader] generated 16/500
[reader] generated 18/500
[reader] generated 20/500
[reader] generated 22/500
[reader] generated 24/500
[reader] generated 26/500
[reader] generated 28/500
[reader] generated 30/500
[reader] generated 32/500
[reader] generated 34/500
[reader] generated 36/500
[reader] generated 38/500
[reader] generated 40/500
[reader] generated 42/500
[reader] generated 44/500
[reader] generated 46/500
[reader] generated 48/500
[reader] generated 50/500
[reader] generated 52/500
[reader] generated 54/500
[reader] generated 56/500
[reader] generated 58/500
[reader] generated 60/500
[reader] generated 62/500
[reader] generated 64/500
[reader] generated 66/500
[reader] generated 68/500
[reader] generated 70/500
[reader] generated 72/500
[reader] generated 74/500
[reader] generated 76/500
[reader] generated 78/500
[reader] generated 80/500
[reader] generated 82/500
[reader] generated 84/500
[reader] generated 86/500
[reader] generated 88/500
[reader] generated 90/500
[reader] generated 92/500
[reader] generated 94/500
[reader] generated 96/500
[reader] generated 98/500
[reader] generated 100/500
[reader] generated 102/500
[reader] generated 104/500
[reader] generated 106/500
[reader] generated 108/500
[reader] generated 110/500
[reader] generated 112/500
[reader] generated 114/500
[reader] generated 116/500
[reader] generated 118/500
[reader] generated 120/500
[reader] generated 122/500
[reader] generated 124/500
[reader] generated 126/500
[reader] generated 128/500
[reader] generated 130/500
[reader] generated 132/500
[reader] generated 134/500
[reader] generated 136/500
[reader] generated 138/500
[reader] generated 140/500
[reader] generated 142/500
[reader] generated 144/500
[reader] generated 146/500
[reader] generated 148/500
[reader] generated 150/500
[reader] generated 152/500
[reader] generated 154/500
[reader] generated 156/500
[reader] generated 158/500
[reader] generated 160/500
[reader] generated 162/500
[reader] generated 164/500
[reader] generated 166/500
[reader] generated 168/500
[reader] generated 170/500
[reader] generated 172/500
[reader] generated 174/500
[reader] generated 176/500
[reader] generated 178/500
[reader] generated 180/500
[reader] generated 182/500
[reader] generated 184/500
[reader] generated 186/500
[reader] generated 188/500
[reader] generated 190/500
[reader] generated 192/500
[reader] generated 194/500
[reader] generated 196/500
[reader] generated 198/500
[reader] generated 200/500
[reader] generated 202/500
[reader] generated 204/500
[reader] generated 206/500
[reader] generated 208/500
[reader] generated 210/500
[reader] generated 212/500
[reader] generated 214/500
[reader] generated 216/500
[reader] generated 218/500
[reader] generated 220/500
[reader] generated 222/500
[reader] generated 224/500
[reader] generated 226/500
[reader] generated 228/500
[reader] generated 230/500
[reader] generated 232/500
[reader] generated 234/500
[reader] generated 236/500
[reader] generated 238/500
[reader] generated 240/500
[reader] generated 242/500
[reader] generated 244/500
[reader] generated 246/500
[reader] generated 248/500
[reader] generated 250/500
[reader] generated 252/500
[reader] generated 254/500
[reader] generated 256/500
[reader] generated 258/500
[reader] generated 260/500
[reader] generated 262/500
[reader] generated 264/500
[reader] generated 266/500
[reader] generated 268/500
[reader] generated 270/500
[reader] generated 272/500
[reader] generated 274/500
[reader] generated 276/500
[reader] generated 278/500
[reader] generated 280/500
[reader] generated 282/500
[reader] generated 284/500
[reader] generated 286/500
[reader] generated 288/500
[reader] generated 290/500
[reader] generated 292/500
[reader] generated 294/500
[reader] generated 296/500
[reader] generated 298/500
[reader] generated 300/500
[reader] generated 302/500
[reader] generated 304/500
[reader] generated 306/500
[reader] generated 308/500
[reader] generated 310/500
[reader] generated 312/500
[reader] generated 314/500
[reader] generated 316/500
[reader] generated 318/500
[reader] generated 320/500
[reader] generated 322/500
[reader] generated 324/500
[reader] generated 326/500
[reader] generated 328/500
[reader] generated 330/500
[reader] generated 332/500
[reader] generated 334/500
[reader] generated 336/500
[reader] generated 338/500
[reader] generated 340/500
[reader] generated 342/500
[reader] generated 344/500
[reader] generated 346/500
[reader] generated 348/500
[reader] generated 350/500
[reader] generated 352/500
[reader] generated 354/500
[reader] generated 356/500
[reader] generated 358/500
[reader] generated 360/500
[reader] generated 362/500
[reader] generated 364/500
[reader] generated 366/500
[reader] generated 368/500
[reader] generated 370/500
[reader] generated 372/500
[reader] generated 374/500
[reader] generated 376/500
[reader] generated 378/500
[reader] generated 380/500
[reader] generated 382/500
[reader] generated 384/500
[reader] generated 386/500
[reader] generated 388/500
[reader] generated 390/500
[reader] generated 392/500
[reader] generated 394/500
[reader] generated 396/500
[reader] generated 398/500
[reader] generated 400/500
[reader] generated 402/500
[reader] generated 404/500
[reader] generated 406/500
[reader] generated 408/500
[reader] generated 410/500
[reader] generated 412/500
[reader] generated 414/500
[reader] generated 416/500
[reader] generated 418/500
[reader] generated 420/500
[reader] generated 422/500
[reader] generated 424/500
[reader] generated 426/500
[reader] generated 428/500
[reader] generated 430/500
[reader] generated 432/500
[reader] generated 434/500
[reader] generated 436/500
[reader] generated 438/500
[reader] generated 440/500
[reader] generated 442/500
[reader] generated 444/500
[reader] generated 446/500
[reader] generated 448/500
[reader] generated 450/500
[reader] generated 452/500
[reader] generated 454/500
[reader] generated 456/500
[reader] generated 458/500
[reader] generated 460/500
[reader] generated 462/500
[reader] generated 464/500
[reader] generated 466/500
[reader] generated 468/500
[reader] generated 470/500
[reader] generated 472/500
[reader] generated 474/500
[reader] generated 476/500
[reader] generated 478/500
[reader] generated 480/500
[reader] generated 482/500
[reader] generated 484/500
[reader] generated 486/500
[reader] generated 488/500
[reader] generated 490/500
[reader] generated 492/500
[reader] generated 494/500
[reader] generated 496/500
[reader] generated 498/500
[reader] generated 500/500
[density] policy=chunk_packed_160, router_type=fixed, representation=chunk, packer=packed, reader_model=Qwen/Qwen2.5-3B-Instruct, packed_token_budget=160, recall@1=0.437, all_gold@1=0.0, recall@2=0.718, all_gold@2=0.496, recall@5=0.875, all_gold@5=0.762, qwen_em=0.3, qwen_f1=0.4069, avg_reader_evidence_tokens=150.79, mean_ans_in_context=0.576, mean_gold_token_density=0.408, mean_gold_doc_reader_cov=0.685, mean_all_gold_reader=0.446, mean_distractor_docs=1.984, mean_context_tokens=150.786, mean_n_snippets=3.502
[density] materializing policy=chunk_focused_160
[density] generating policy=chunk_focused_160
[reader] generated 2/500
[reader] generated 4/500
[reader] generated 6/500
[reader] generated 8/500
[reader] generated 10/500
[reader] generated 12/500
[reader] generated 14/500
[reader] generated 16/500
[reader] generated 18/500
[reader] generated 20/500
[reader] generated 22/500
[reader] generated 24/500
[reader] generated 26/500
[reader] generated 28/500
[reader] generated 30/500
[reader] generated 32/500
[reader] generated 34/500
[reader] generated 36/500
[reader] generated 38/500
[reader] generated 40/500
[reader] generated 42/500
[reader] generated 44/500
[reader] generated 46/500
[reader] generated 48/500
[reader] generated 50/500
[reader] generated 52/500
[reader] generated 54/500
[reader] generated 56/500
[reader] generated 58/500
[reader] generated 60/500
[reader] generated 62/500
[reader] generated 64/500
[reader] generated 66/500
[reader] generated 68/500
[reader] generated 70/500
[reader] generated 72/500
[reader] generated 74/500
[reader] generated 76/500
[reader] generated 78/500
[reader] generated 80/500
[reader] generated 82/500
[reader] generated 84/500
[reader] generated 86/500
[reader] generated 88/500
[reader] generated 90/500
[reader] generated 92/500
[reader] generated 94/500
[reader] generated 96/500
[reader] generated 98/500
[reader] generated 100/500
[reader] generated 102/500
[reader] generated 104/500
[reader] generated 106/500
[reader] generated 108/500
[reader] generated 110/500
[reader] generated 112/500
[reader] generated 114/500
[reader] generated 116/500
[reader] generated 118/500
[reader] generated 120/500
[reader] generated 122/500
[reader] generated 124/500
[reader] generated 126/500
[reader] generated 128/500
[reader] generated 130/500
[reader] generated 132/500
[reader] generated 134/500
[reader] generated 136/500
[reader] generated 138/500
[reader] generated 140/500
[reader] generated 142/500
[reader] generated 144/500
[reader] generated 146/500
[reader] generated 148/500
[reader] generated 150/500
[reader] generated 152/500
[reader] generated 154/500
[reader] generated 156/500
[reader] generated 158/500
[reader] generated 160/500
[reader] generated 162/500
[reader] generated 164/500
[reader] generated 166/500
[reader] generated 168/500
[reader] generated 170/500
[reader] generated 172/500
[reader] generated 174/500
[reader] generated 176/500
[reader] generated 178/500
[reader] generated 180/500
[reader] generated 182/500
[reader] generated 184/500
[reader] generated 186/500
[reader] generated 188/500
[reader] generated 190/500
[reader] generated 192/500
[reader] generated 194/500
[reader] generated 196/500
[reader] generated 198/500
[reader] generated 200/500
[reader] generated 202/500
[reader] generated 204/500
[reader] generated 206/500
[reader] generated 208/500
[reader] generated 210/500
[reader] generated 212/500
[reader] generated 214/500
[reader] generated 216/500
[reader] generated 218/500
[reader] generated 220/500
[reader] generated 222/500
[reader] generated 224/500
[reader] generated 226/500
[reader] generated 228/500
[reader] generated 230/500
[reader] generated 232/500
[reader] generated 234/500
[reader] generated 236/500
[reader] generated 238/500
[reader] generated 240/500
[reader] generated 242/500
[reader] generated 244/500
[reader] generated 246/500
[reader] generated 248/500
[reader] generated 250/500
[reader] generated 252/500
[reader] generated 254/500
[reader] generated 256/500
[reader] generated 258/500
[reader] generated 260/500
[reader] generated 262/500
[reader] generated 264/500
[reader] generated 266/500
[reader] generated 268/500
[reader] generated 270/500
[reader] generated 272/500
[reader] generated 274/500
[reader] generated 276/500
[reader] generated 278/500
[reader] generated 280/500
[reader] generated 282/500
[reader] generated 284/500
[reader] generated 286/500
[reader] generated 288/500
[reader] generated 290/500
[reader] generated 292/500
[reader] generated 294/500
[reader] generated 296/500
[reader] generated 298/500
[reader] generated 300/500
[reader] generated 302/500
[reader] generated 304/500
[reader] generated 306/500
[reader] generated 308/500
[reader] generated 310/500
[reader] generated 312/500
[reader] generated 314/500
[reader] generated 316/500
[reader] generated 318/500
[reader] generated 320/500
[reader] generated 322/500
[reader] generated 324/500
[reader] generated 326/500
[reader] generated 328/500
[reader] generated 330/500
[reader] generated 332/500
[reader] generated 334/500
[reader] generated 336/500
[reader] generated 338/500
[reader] generated 340/500
[reader] generated 342/500
[reader] generated 344/500
[reader] generated 346/500
[reader] generated 348/500
[reader] generated 350/500
[reader] generated 352/500
[reader] generated 354/500
[reader] generated 356/500
[reader] generated 358/500
[reader] generated 360/500
[reader] generated 362/500
[reader] generated 364/500
[reader] generated 366/500
[reader] generated 368/500
[reader] generated 370/500
[reader] generated 372/500
[reader] generated 374/500
[reader] generated 376/500
[reader] generated 378/500
[reader] generated 380/500
[reader] generated 382/500
[reader] generated 384/500
[reader] generated 386/500
[reader] generated 388/500
[reader] generated 390/500
[reader] generated 392/500
[reader] generated 394/500
[reader] generated 396/500
[reader] generated 398/500
[reader] generated 400/500
[reader] generated 402/500
[reader] generated 404/500
[reader] generated 406/500
[reader] generated 408/500
[reader] generated 410/500
[reader] generated 412/500
[reader] generated 414/500
[reader] generated 416/500
[reader] generated 418/500
[reader] generated 420/500
[reader] generated 422/500
[reader] generated 424/500
[reader] generated 426/500
[reader] generated 428/500
[reader] generated 430/500
[reader] generated 432/500
[reader] generated 434/500
[reader] generated 436/500
[reader] generated 438/500
[reader] generated 440/500
[reader] generated 442/500
[reader] generated 444/500
[reader] generated 446/500
[reader] generated 448/500
[reader] generated 450/500
[reader] generated 452/500
[reader] generated 454/500
[reader] generated 456/500
[reader] generated 458/500
[reader] generated 460/500
[reader] generated 462/500
[reader] generated 464/500
[reader] generated 466/500
[reader] generated 468/500
[reader] generated 470/500
[reader] generated 472/500
[reader] generated 474/500
[reader] generated 476/500
[reader] generated 478/500
[reader] generated 480/500
[reader] generated 482/500
[reader] generated 484/500
[reader] generated 486/500
[reader] generated 488/500
[reader] generated 490/500
[reader] generated 492/500
[reader] generated 494/500
[reader] generated 496/500
[reader] generated 498/500
[reader] generated 500/500
[density] policy=chunk_focused_160, router_type=fixed, representation=chunk, packer=focused, reader_model=Qwen/Qwen2.5-3B-Instruct, packed_token_budget=160, recall@1=0.437, all_gold@1=0.0, recall@2=0.718, all_gold@2=0.496, recall@5=0.875, all_gold@5=0.762, qwen_em=0.32, qwen_f1=0.4312, avg_reader_evidence_tokens=151.89, mean_ans_in_context=0.644, mean_gold_token_density=0.5325, mean_gold_doc_reader_cov=0.748, mean_all_gold_reader=0.54, mean_distractor_docs=1.536, mean_context_tokens=151.888, mean_n_snippets=3.236
[density] materializing policy=chunk_mmr_160
[density] generating policy=chunk_mmr_160
[reader] generated 2/500
[reader] generated 4/500
[reader] generated 6/500
[reader] generated 8/500
[reader] generated 10/500
[reader] generated 12/500
[reader] generated 14/500
[reader] generated 16/500
[reader] generated 18/500
[reader] generated 20/500
[reader] generated 22/500
[reader] generated 24/500
[reader] generated 26/500
[reader] generated 28/500
[reader] generated 30/500
[reader] generated 32/500
[reader] generated 34/500
[reader] generated 36/500
[reader] generated 38/500
[reader] generated 40/500
[reader] generated 42/500
[reader] generated 44/500
[reader] generated 46/500
[reader] generated 48/500
[reader] generated 50/500
[reader] generated 52/500
[reader] generated 54/500
[reader] generated 56/500
[reader] generated 58/500
[reader] generated 60/500
[reader] generated 62/500
[reader] generated 64/500
[reader] generated 66/500
[reader] generated 68/500
[reader] generated 70/500
[reader] generated 72/500
[reader] generated 74/500
[reader] generated 76/500
[reader] generated 78/500
[reader] generated 80/500
[reader] generated 82/500
[reader] generated 84/500
[reader] generated 86/500
[reader] generated 88/500
[reader] generated 90/500
[reader] generated 92/500
[reader] generated 94/500
[reader] generated 96/500
[reader] generated 98/500
[reader] generated 100/500
[reader] generated 102/500
[reader] generated 104/500
[reader] generated 106/500
[reader] generated 108/500
[reader] generated 110/500
[reader] generated 112/500
[reader] generated 114/500
[reader] generated 116/500
[reader] generated 118/500
[reader] generated 120/500
[reader] generated 122/500
[reader] generated 124/500
[reader] generated 126/500
[reader] generated 128/500
[reader] generated 130/500
[reader] generated 132/500
[reader] generated 134/500
[reader] generated 136/500
[reader] generated 138/500
[reader] generated 140/500
[reader] generated 142/500
[reader] generated 144/500
[reader] generated 146/500
[reader] generated 148/500
[reader] generated 150/500
[reader] generated 152/500
[reader] generated 154/500
[reader] generated 156/500
[reader] generated 158/500
[reader] generated 160/500
[reader] generated 162/500
[reader] generated 164/500
[reader] generated 166/500
[reader] generated 168/500
[reader] generated 170/500
[reader] generated 172/500
[reader] generated 174/500
[reader] generated 176/500
[reader] generated 178/500
[reader] generated 180/500
[reader] generated 182/500
[reader] generated 184/500
[reader] generated 186/500
[reader] generated 188/500
[reader] generated 190/500
[reader] generated 192/500
[reader] generated 194/500
[reader] generated 196/500
[reader] generated 198/500
[reader] generated 200/500
[reader] generated 202/500
[reader] generated 204/500
[reader] generated 206/500
[reader] generated 208/500
[reader] generated 210/500
[reader] generated 212/500
[reader] generated 214/500
[reader] generated 216/500
[reader] generated 218/500
[reader] generated 220/500
[reader] generated 222/500
[reader] generated 224/500
[reader] generated 226/500
[reader] generated 228/500
[reader] generated 230/500
[reader] generated 232/500
[reader] generated 234/500
[reader] generated 236/500
[reader] generated 238/500
[reader] generated 240/500
[reader] generated 242/500
[reader] generated 244/500
[reader] generated 246/500
[reader] generated 248/500
[reader] generated 250/500
[reader] generated 252/500
[reader] generated 254/500
[reader] generated 256/500
[reader] generated 258/500
[reader] generated 260/500
[reader] generated 262/500
[reader] generated 264/500
[reader] generated 266/500
[reader] generated 268/500
[reader] generated 270/500
[reader] generated 272/500
[reader] generated 274/500
[reader] generated 276/500
[reader] generated 278/500
[reader] generated 280/500
[reader] generated 282/500
[reader] generated 284/500
[reader] generated 286/500
[reader] generated 288/500
[reader] generated 290/500
[reader] generated 292/500
[reader] generated 294/500
[reader] generated 296/500
[reader] generated 298/500
[reader] generated 300/500
[reader] generated 302/500
[reader] generated 304/500
[reader] generated 306/500
[reader] generated 308/500
[reader] generated 310/500
[reader] generated 312/500
[reader] generated 314/500
[reader] generated 316/500
[reader] generated 318/500
[reader] generated 320/500
[reader] generated 322/500
[reader] generated 324/500
[reader] generated 326/500
[reader] generated 328/500
[reader] generated 330/500
[reader] generated 332/500
[reader] generated 334/500
[reader] generated 336/500
[reader] generated 338/500
[reader] generated 340/500
[reader] generated 342/500
[reader] generated 344/500
[reader] generated 346/500
[reader] generated 348/500
[reader] generated 350/500
[reader] generated 352/500
[reader] generated 354/500
[reader] generated 356/500
[reader] generated 358/500
[reader] generated 360/500
[reader] generated 362/500
[reader] generated 364/500
[reader] generated 366/500
[reader] generated 368/500
[reader] generated 370/500
[reader] generated 372/500
[reader] generated 374/500
[reader] generated 376/500
[reader] generated 378/500
[reader] generated 380/500
[reader] generated 382/500
[reader] generated 384/500
[reader] generated 386/500
[reader] generated 388/500
[reader] generated 390/500
[reader] generated 392/500
[reader] generated 394/500
[reader] generated 396/500
[reader] generated 398/500
[reader] generated 400/500
[reader] generated 402/500
[reader] generated 404/500
[reader] generated 406/500
[reader] generated 408/500
[reader] generated 410/500
[reader] generated 412/500
[reader] generated 414/500
[reader] generated 416/500
[reader] generated 418/500
[reader] generated 420/500
[reader] generated 422/500
[reader] generated 424/500
[reader] generated 426/500
[reader] generated 428/500
[reader] generated 430/500
[reader] generated 432/500
[reader] generated 434/500
[reader] generated 436/500
[reader] generated 438/500
[reader] generated 440/500
[reader] generated 442/500
[reader] generated 444/500
[reader] generated 446/500
[reader] generated 448/500
[reader] generated 450/500
[reader] generated 452/500
[reader] generated 454/500
[reader] generated 456/500
[reader] generated 458/500
[reader] generated 460/500
[reader] generated 462/500
[reader] generated 464/500
[reader] generated 466/500
[reader] generated 468/500
[reader] generated 470/500
[reader] generated 472/500
[reader] generated 474/500
[reader] generated 476/500
[reader] generated 478/500
[reader] generated 480/500
[reader] generated 482/500
[reader] generated 484/500
[reader] generated 486/500
[reader] generated 488/500
[reader] generated 490/500
[reader] generated 492/500
[reader] generated 494/500
[reader] generated 496/500
[reader] generated 498/500
[reader] generated 500/500
[density] policy=chunk_mmr_160, router_type=fixed, representation=chunk, packer=mmr, reader_model=Qwen/Qwen2.5-3B-Instruct, packed_token_budget=160, recall@1=0.437, all_gold@1=0.0, recall@2=0.718, all_gold@2=0.496, recall@5=0.875, all_gold@5=0.762, qwen_em=0.312, qwen_f1=0.4247, avg_reader_evidence_tokens=151.48, mean_ans_in_context=0.602, mean_gold_token_density=0.5096, mean_gold_doc_reader_cov=0.68, mean_all_gold_reader=0.422, mean_distractor_docs=1.538, mean_context_tokens=151.482, mean_n_snippets=3.308
[density] materializing policy=chunk_submod_160
[density] generating policy=chunk_submod_160
[reader] generated 2/500
[reader] generated 4/500
[reader] generated 6/500
[reader] generated 8/500
[reader] generated 10/500
[reader] generated 12/500
[reader] generated 14/500
[reader] generated 16/500
[reader] generated 18/500
[reader] generated 20/500
[reader] generated 22/500
[reader] generated 24/500
[reader] generated 26/500
[reader] generated 28/500
[reader] generated 30/500
[reader] generated 32/500
[reader] generated 34/500
[reader] generated 36/500
[reader] generated 38/500
[reader] generated 40/500
[reader] generated 42/500
[reader] generated 44/500
[reader] generated 46/500
[reader] generated 48/500
[reader] generated 50/500
[reader] generated 52/500
[reader] generated 54/500
[reader] generated 56/500
[reader] generated 58/500
[reader] generated 60/500
[reader] generated 62/500
[reader] generated 64/500
[reader] generated 66/500
[reader] generated 68/500
[reader] generated 70/500
[reader] generated 72/500
[reader] generated 74/500
[reader] generated 76/500
[reader] generated 78/500
[reader] generated 80/500
[reader] generated 82/500
[reader] generated 84/500
[reader] generated 86/500
[reader] generated 88/500
[reader] generated 90/500
[reader] generated 92/500
[reader] generated 94/500
[reader] generated 96/500
[reader] generated 98/500
[reader] generated 100/500
[reader] generated 102/500
[reader] generated 104/500
[reader] generated 106/500
[reader] generated 108/500
[reader] generated 110/500
[reader] generated 112/500
[reader] generated 114/500
[reader] generated 116/500
[reader] generated 118/500
[reader] generated 120/500
[reader] generated 122/500
[reader] generated 124/500
[reader] generated 126/500
[reader] generated 128/500
[reader] generated 130/500
[reader] generated 132/500
[reader] generated 134/500
[reader] generated 136/500
[reader] generated 138/500
[reader] generated 140/500
[reader] generated 142/500
[reader] generated 144/500
[reader] generated 146/500
[reader] generated 148/500
[reader] generated 150/500
[reader] generated 152/500
[reader] generated 154/500
[reader] generated 156/500
[reader] generated 158/500
[reader] generated 160/500
[reader] generated 162/500
[reader] generated 164/500
[reader] generated 166/500
[reader] generated 168/500
[reader] generated 170/500
[reader] generated 172/500
[reader] generated 174/500
[reader] generated 176/500
[reader] generated 178/500
[reader] generated 180/500
[reader] generated 182/500
[reader] generated 184/500
[reader] generated 186/500
[reader] generated 188/500
[reader] generated 190/500
[reader] generated 192/500
[reader] generated 194/500
[reader] generated 196/500
[reader] generated 198/500
[reader] generated 200/500
[reader] generated 202/500
[reader] generated 204/500
[reader] generated 206/500
[reader] generated 208/500
[reader] generated 210/500
[reader] generated 212/500
[reader] generated 214/500
[reader] generated 216/500
[reader] generated 218/500
[reader] generated 220/500
[reader] generated 222/500
[reader] generated 224/500
[reader] generated 226/500
[reader] generated 228/500
[reader] generated 230/500
[reader] generated 232/500
[reader] generated 234/500
[reader] generated 236/500
[reader] generated 238/500
[reader] generated 240/500
[reader] generated 242/500
[reader] generated 244/500
[reader] generated 246/500
[reader] generated 248/500
[reader] generated 250/500
[reader] generated 252/500
[reader] generated 254/500
[reader] generated 256/500
[reader] generated 258/500
[reader] generated 260/500
[reader] generated 262/500
[reader] generated 264/500
[reader] generated 266/500
[reader] generated 268/500
[reader] generated 270/500
[reader] generated 272/500
[reader] generated 274/500
[reader] generated 276/500
[reader] generated 278/500
[reader] generated 280/500
[reader] generated 282/500
[reader] generated 284/500
[reader] generated 286/500
[reader] generated 288/500
[reader] generated 290/500
[reader] generated 292/500
[reader] generated 294/500
[reader] generated 296/500
[reader] generated 298/500
[reader] generated 300/500
[reader] generated 302/500
[reader] generated 304/500
[reader] generated 306/500
[reader] generated 308/500
[reader] generated 310/500
[reader] generated 312/500
[reader] generated 314/500
[reader] generated 316/500
[reader] generated 318/500
[reader] generated 320/500
[reader] generated 322/500
[reader] generated 324/500
[reader] generated 326/500
[reader] generated 328/500
[reader] generated 330/500
[reader] generated 332/500
[reader] generated 334/500
[reader] generated 336/500
[reader] generated 338/500
[reader] generated 340/500
[reader] generated 342/500
[reader] generated 344/500
[reader] generated 346/500
[reader] generated 348/500
[reader] generated 350/500
[reader] generated 352/500
[reader] generated 354/500
[reader] generated 356/500
[reader] generated 358/500
[reader] generated 360/500
[reader] generated 362/500
[reader] generated 364/500
[reader] generated 366/500
[reader] generated 368/500
[reader] generated 370/500
[reader] generated 372/500
[reader] generated 374/500
[reader] generated 376/500
[reader] generated 378/500
[reader] generated 380/500
[reader] generated 382/500
[reader] generated 384/500
[reader] generated 386/500
[reader] generated 388/500
[reader] generated 390/500
[reader] generated 392/500
[reader] generated 394/500
[reader] generated 396/500
[reader] generated 398/500
[reader] generated 400/500
[reader] generated 402/500
[reader] generated 404/500
[reader] generated 406/500
[reader] generated 408/500
[reader] generated 410/500
[reader] generated 412/500
[reader] generated 414/500
[reader] generated 416/500
[reader] generated 418/500
[reader] generated 420/500
[reader] generated 422/500
[reader] generated 424/500
[reader] generated 426/500
[reader] generated 428/500
[reader] generated 430/500
[reader] generated 432/500
[reader] generated 434/500
[reader] generated 436/500
[reader] generated 438/500
[reader] generated 440/500
[reader] generated 442/500
[reader] generated 444/500
[reader] generated 446/500
[reader] generated 448/500
[reader] generated 450/500
[reader] generated 452/500
[reader] generated 454/500
[reader] generated 456/500
[reader] generated 458/500
[reader] generated 460/500
[reader] generated 462/500
[reader] generated 464/500
[reader] generated 466/500
[reader] generated 468/500
[reader] generated 470/500
[reader] generated 472/500
[reader] generated 474/500
[reader] generated 476/500
[reader] generated 478/500
[reader] generated 480/500
[reader] generated 482/500
[reader] generated 484/500
[reader] generated 486/500
[reader] generated 488/500
[reader] generated 490/500
[reader] generated 492/500
[reader] generated 494/500
[reader] generated 496/500
[reader] generated 498/500
[reader] generated 500/500
[density] policy=chunk_submod_160, router_type=fixed, representation=chunk, packer=submod, reader_model=Qwen/Qwen2.5-3B-Instruct, packed_token_budget=160, recall@1=0.437, all_gold@1=0.0, recall@2=0.718, all_gold@2=0.496, recall@5=0.875, all_gold@5=0.762, qwen_em=0.354, qwen_f1=0.4548, avg_reader_evidence_tokens=145.52, mean_ans_in_context=0.628, mean_gold_token_density=0.4565, mean_gold_doc_reader_cov=0.778, mean_all_gold_reader=0.586, mean_distractor_docs=2.236, mean_context_tokens=145.52, mean_n_snippets=4.57
[density] materializing policy=ace_focused_160
[density] generating policy=ace_focused_160
[reader] generated 2/500
[reader] generated 4/500
[reader] generated 6/500
[reader] generated 8/500
[reader] generated 10/500
[reader] generated 12/500
[reader] generated 14/500
[reader] generated 16/500
[reader] generated 18/500
[reader] generated 20/500
[reader] generated 22/500
[reader] generated 24/500
[reader] generated 26/500
[reader] generated 28/500
[reader] generated 30/500
[reader] generated 32/500
[reader] generated 34/500
[reader] generated 36/500
[reader] generated 38/500
[reader] generated 40/500
[reader] generated 42/500
[reader] generated 44/500
[reader] generated 46/500
[reader] generated 48/500
[reader] generated 50/500
[reader] generated 52/500
[reader] generated 54/500
[reader] generated 56/500
[reader] generated 58/500
[reader] generated 60/500
[reader] generated 62/500
[reader] generated 64/500
[reader] generated 66/500
[reader] generated 68/500
[reader] generated 70/500
[reader] generated 72/500
[reader] generated 74/500
[reader] generated 76/500
[reader] generated 78/500
[reader] generated 80/500
[reader] generated 82/500
[reader] generated 84/500
[reader] generated 86/500
[reader] generated 88/500
[reader] generated 90/500
[reader] generated 92/500
[reader] generated 94/500
[reader] generated 96/500
[reader] generated 98/500
[reader] generated 100/500
[reader] generated 102/500
[reader] generated 104/500
[reader] generated 106/500
[reader] generated 108/500
[reader] generated 110/500
[reader] generated 112/500
[reader] generated 114/500
[reader] generated 116/500
[reader] generated 118/500
[reader] generated 120/500
[reader] generated 122/500
[reader] generated 124/500
[reader] generated 126/500
[reader] generated 128/500
[reader] generated 130/500
[reader] generated 132/500
[reader] generated 134/500
[reader] generated 136/500
[reader] generated 138/500
[reader] generated 140/500
[reader] generated 142/500
[reader] generated 144/500
[reader] generated 146/500
[reader] generated 148/500
[reader] generated 150/500
[reader] generated 152/500
[reader] generated 154/500
[reader] generated 156/500
[reader] generated 158/500
[reader] generated 160/500
[reader] generated 162/500
[reader] generated 164/500
[reader] generated 166/500
[reader] generated 168/500
[reader] generated 170/500
[reader] generated 172/500
[reader] generated 174/500
[reader] generated 176/500
[reader] generated 178/500
[reader] generated 180/500
[reader] generated 182/500
[reader] generated 184/500
[reader] generated 186/500
[reader] generated 188/500
[reader] generated 190/500
[reader] generated 192/500
[reader] generated 194/500
[reader] generated 196/500
[reader] generated 198/500
[reader] generated 200/500
[reader] generated 202/500
[reader] generated 204/500
[reader] generated 206/500
[reader] generated 208/500
[reader] generated 210/500
[reader] generated 212/500
[reader] generated 214/500
[reader] generated 216/500
[reader] generated 218/500
[reader] generated 220/500
[reader] generated 222/500
[reader] generated 224/500
[reader] generated 226/500
[reader] generated 228/500
[reader] generated 230/500
[reader] generated 232/500
[reader] generated 234/500
[reader] generated 236/500
[reader] generated 238/500
[reader] generated 240/500
[reader] generated 242/500
[reader] generated 244/500
[reader] generated 246/500
[reader] generated 248/500
[reader] generated 250/500
[reader] generated 252/500
[reader] generated 254/500
[reader] generated 256/500
[reader] generated 258/500
[reader] generated 260/500
[reader] generated 262/500
[reader] generated 264/500
[reader] generated 266/500
[reader] generated 268/500
[reader] generated 270/500
[reader] generated 272/500
[reader] generated 274/500
[reader] generated 276/500
[reader] generated 278/500
[reader] generated 280/500
[reader] generated 282/500
[reader] generated 284/500
[reader] generated 286/500
[reader] generated 288/500
[reader] generated 290/500
[reader] generated 292/500
[reader] generated 294/500
[reader] generated 296/500
[reader] generated 298/500
[reader] generated 300/500
[reader] generated 302/500
[reader] generated 304/500
[reader] generated 306/500
[reader] generated 308/500
[reader] generated 310/500
[reader] generated 312/500
[reader] generated 314/500
[reader] generated 316/500
[reader] generated 318/500
[reader] generated 320/500
[reader] generated 322/500
[reader] generated 324/500
[reader] generated 326/500
[reader] generated 328/500
[reader] generated 330/500
[reader] generated 332/500
[reader] generated 334/500
[reader] generated 336/500
[reader] generated 338/500
[reader] generated 340/500
[reader] generated 342/500
[reader] generated 344/500
[reader] generated 346/500
[reader] generated 348/500
[reader] generated 350/500
[reader] generated 352/500
[reader] generated 354/500
[reader] generated 356/500
[reader] generated 358/500
[reader] generated 360/500
[reader] generated 362/500
[reader] generated 364/500
[reader] generated 366/500
[reader] generated 368/500
[reader] generated 370/500
[reader] generated 372/500
[reader] generated 374/500
[reader] generated 376/500
[reader] generated 378/500
[reader] generated 380/500
[reader] generated 382/500
[reader] generated 384/500
[reader] generated 386/500
[reader] generated 388/500
[reader] generated 390/500
[reader] generated 392/500
[reader] generated 394/500
[reader] generated 396/500
[reader] generated 398/500
[reader] generated 400/500
[reader] generated 402/500
[reader] generated 404/500
[reader] generated 406/500
[reader] generated 408/500
[reader] generated 410/500
[reader] generated 412/500
[reader] generated 414/500
[reader] generated 416/500
[reader] generated 418/500
[reader] generated 420/500
[reader] generated 422/500
[reader] generated 424/500
[reader] generated 426/500
[reader] generated 428/500
[reader] generated 430/500
[reader] generated 432/500
[reader] generated 434/500
[reader] generated 436/500
[reader] generated 438/500
[reader] generated 440/500
[reader] generated 442/500
[reader] generated 444/500
[reader] generated 446/500
[reader] generated 448/500
[reader] generated 450/500
[reader] generated 452/500
[reader] generated 454/500
[reader] generated 456/500
[reader] generated 458/500
[reader] generated 460/500
[reader] generated 462/500
[reader] generated 464/500
[reader] generated 466/500
[reader] generated 468/500
[reader] generated 470/500
[reader] generated 472/500
[reader] generated 474/500
[reader] generated 476/500
[reader] generated 478/500
[reader] generated 480/500
[reader] generated 482/500
[reader] generated 484/500
[reader] generated 486/500
[reader] generated 488/500
[reader] generated 490/500
[reader] generated 492/500
[reader] generated 494/500
[reader] generated 496/500
[reader] generated 498/500
[reader] generated 500/500
[density] policy=ace_focused_160, router_type=fixed, representation=ace, packer=focused, reader_model=Qwen/Qwen2.5-3B-Instruct, packed_token_budget=160, recall@1=0.409, all_gold@1=0.0, recall@2=0.665, all_gold@2=0.406, recall@5=0.847, all_gold@5=0.718, qwen_em=0.318, qwen_f1=0.4317, avg_reader_evidence_tokens=150.08, mean_ans_in_context=0.618, mean_gold_token_density=0.4566, mean_gold_doc_reader_cov=0.751, mean_all_gold_reader=0.544, mean_distractor_docs=2.128, mean_context_tokens=150.078, mean_n_snippets=4.046
[density] materializing policy=ace_mmr_160
[density] generating policy=ace_mmr_160
[reader] generated 2/500
[reader] generated 4/500
[reader] generated 6/500
[reader] generated 8/500
[reader] generated 10/500
[reader] generated 12/500
[reader] generated 14/500
[reader] generated 16/500
[reader] generated 18/500
[reader] generated 20/500
[reader] generated 22/500
[reader] generated 24/500
[reader] generated 26/500
[reader] generated 28/500
[reader] generated 30/500
[reader] generated 32/500
[reader] generated 34/500
[reader] generated 36/500
[reader] generated 38/500
[reader] generated 40/500
[reader] generated 42/500
[reader] generated 44/500
[reader] generated 46/500
[reader] generated 48/500
[reader] generated 50/500
[reader] generated 52/500
[reader] generated 54/500
[reader] generated 56/500
[reader] generated 58/500
[reader] generated 60/500
[reader] generated 62/500
[reader] generated 64/500
[reader] generated 66/500
[reader] generated 68/500
[reader] generated 70/500
[reader] generated 72/500
[reader] generated 74/500
[reader] generated 76/500
[reader] generated 78/500
[reader] generated 80/500
[reader] generated 82/500
[reader] generated 84/500
[reader] generated 86/500
[reader] generated 88/500
[reader] generated 90/500
[reader] generated 92/500
[reader] generated 94/500
[reader] generated 96/500
[reader] generated 98/500
[reader] generated 100/500
[reader] generated 102/500
[reader] generated 104/500
[reader] generated 106/500
[reader] generated 108/500
[reader] generated 110/500
[reader] generated 112/500
[reader] generated 114/500
[reader] generated 116/500
[reader] generated 118/500
[reader] generated 120/500
[reader] generated 122/500
[reader] generated 124/500
[reader] generated 126/500
[reader] generated 128/500
[reader] generated 130/500
[reader] generated 132/500
[reader] generated 134/500
[reader] generated 136/500
[reader] generated 138/500
[reader] generated 140/500
[reader] generated 142/500
[reader] generated 144/500
[reader] generated 146/500
[reader] generated 148/500
[reader] generated 150/500
[reader] generated 152/500
[reader] generated 154/500
[reader] generated 156/500
[reader] generated 158/500
[reader] generated 160/500
[reader] generated 162/500
[reader] generated 164/500
[reader] generated 166/500
[reader] generated 168/500
[reader] generated 170/500
[reader] generated 172/500
[reader] generated 174/500
[reader] generated 176/500
[reader] generated 178/500
[reader] generated 180/500
[reader] generated 182/500
[reader] generated 184/500
[reader] generated 186/500
[reader] generated 188/500
[reader] generated 190/500
[reader] generated 192/500
[reader] generated 194/500
[reader] generated 196/500
[reader] generated 198/500
[reader] generated 200/500
[reader] generated 202/500
[reader] generated 204/500
[reader] generated 206/500
[reader] generated 208/500
[reader] generated 210/500
[reader] generated 212/500
[reader] generated 214/500
[reader] generated 216/500
[reader] generated 218/500
[reader] generated 220/500
[reader] generated 222/500
[reader] generated 224/500
[reader] generated 226/500
[reader] generated 228/500
[reader] generated 230/500
[reader] generated 232/500
[reader] generated 234/500
[reader] generated 236/500
[reader] generated 238/500
[reader] generated 240/500
[reader] generated 242/500
[reader] generated 244/500
[reader] generated 246/500
[reader] generated 248/500
[reader] generated 250/500
[reader] generated 252/500
[reader] generated 254/500
[reader] generated 256/500
[reader] generated 258/500
[reader] generated 260/500
[reader] generated 262/500
[reader] generated 264/500
[reader] generated 266/500
[reader] generated 268/500
[reader] generated 270/500
[reader] generated 272/500
[reader] generated 274/500
[reader] generated 276/500
[reader] generated 278/500
[reader] generated 280/500
[reader] generated 282/500
[reader] generated 284/500
[reader] generated 286/500
[reader] generated 288/500
[reader] generated 290/500
[reader] generated 292/500
[reader] generated 294/500
[reader] generated 296/500
[reader] generated 298/500
[reader] generated 300/500
[reader] generated 302/500
[reader] generated 304/500
[reader] generated 306/500
[reader] generated 308/500
[reader] generated 310/500
[reader] generated 312/500
[reader] generated 314/500
[reader] generated 316/500
[reader] generated 318/500
[reader] generated 320/500
[reader] generated 322/500
[reader] generated 324/500
[reader] generated 326/500
[reader] generated 328/500
[reader] generated 330/500
[reader] generated 332/500
[reader] generated 334/500
[reader] generated 336/500
[reader] generated 338/500
[reader] generated 340/500
[reader] generated 342/500
[reader] generated 344/500
[reader] generated 346/500
[reader] generated 348/500
[reader] generated 350/500
[reader] generated 352/500
[reader] generated 354/500
[reader] generated 356/500
[reader] generated 358/500
[reader] generated 360/500
[reader] generated 362/500
[reader] generated 364/500
[reader] generated 366/500
[reader] generated 368/500
[reader] generated 370/500
[reader] generated 372/500
[reader] generated 374/500
[reader] generated 376/500
[reader] generated 378/500
[reader] generated 380/500
[reader] generated 382/500
[reader] generated 384/500
[reader] generated 386/500
[reader] generated 388/500
[reader] generated 390/500
[reader] generated 392/500
[reader] generated 394/500
[reader] generated 396/500
[reader] generated 398/500
[reader] generated 400/500
[reader] generated 402/500
[reader] generated 404/500
[reader] generated 406/500
[reader] generated 408/500
[reader] generated 410/500
[reader] generated 412/500
[reader] generated 414/500
[reader] generated 416/500
[reader] generated 418/500
[reader] generated 420/500
[reader] generated 422/500
[reader] generated 424/500
[reader] generated 426/500
[reader] generated 428/500
[reader] generated 430/500
[reader] generated 432/500
[reader] generated 434/500
[reader] generated 436/500
[reader] generated 438/500
[reader] generated 440/500
[reader] generated 442/500
[reader] generated 444/500
[reader] generated 446/500
[reader] generated 448/500
[reader] generated 450/500
[reader] generated 452/500
[reader] generated 454/500
[reader] generated 456/500
[reader] generated 458/500
[reader] generated 460/500
[reader] generated 462/500
[reader] generated 464/500
[reader] generated 466/500
[reader] generated 468/500
[reader] generated 470/500
[reader] generated 472/500
[reader] generated 474/500
[reader] generated 476/500
[reader] generated 478/500
[reader] generated 480/500
[reader] generated 482/500
[reader] generated 484/500
[reader] generated 486/500
[reader] generated 488/500
[reader] generated 490/500
[reader] generated 492/500
[reader] generated 494/500
[reader] generated 496/500
[reader] generated 498/500
[reader] generated 500/500
[density] policy=ace_mmr_160, router_type=fixed, representation=ace, packer=mmr, reader_model=Qwen/Qwen2.5-3B-Instruct, packed_token_budget=160, recall@1=0.409, all_gold@1=0.0, recall@2=0.665, all_gold@2=0.406, recall@5=0.847, all_gold@5=0.718, qwen_em=0.302, qwen_f1=0.399, avg_reader_evidence_tokens=150.05, mean_ans_in_context=0.59, mean_gold_token_density=0.456, mean_gold_doc_reader_cov=0.711, mean_all_gold_reader=0.478, mean_distractor_docs=2.078, mean_context_tokens=150.052, mean_n_snippets=4.1
[density] materializing policy=ace_submod_160
[density] generating policy=ace_submod_160
[reader] generated 2/500
[reader] generated 4/500
[reader] generated 6/500
[reader] generated 8/500
[reader] generated 10/500
[reader] generated 12/500
[reader] generated 14/500
[reader] generated 16/500
[reader] generated 18/500
[reader] generated 20/500
[reader] generated 22/500
[reader] generated 24/500
[reader] generated 26/500
[reader] generated 28/500
[reader] generated 30/500
[reader] generated 32/500
[reader] generated 34/500
[reader] generated 36/500
[reader] generated 38/500
[reader] generated 40/500
[reader] generated 42/500
[reader] generated 44/500
[reader] generated 46/500
[reader] generated 48/500
[reader] generated 50/500
[reader] generated 52/500
[reader] generated 54/500
[reader] generated 56/500
[reader] generated 58/500
[reader] generated 60/500
[reader] generated 62/500
[reader] generated 64/500
[reader] generated 66/500
[reader] generated 68/500
[reader] generated 70/500
[reader] generated 72/500
[reader] generated 74/500
[reader] generated 76/500
[reader] generated 78/500
[reader] generated 80/500
[reader] generated 82/500
[reader] generated 84/500
[reader] generated 86/500
[reader] generated 88/500
[reader] generated 90/500
[reader] generated 92/500
[reader] generated 94/500
[reader] generated 96/500
[reader] generated 98/500
[reader] generated 100/500
[reader] generated 102/500
[reader] generated 104/500
[reader] generated 106/500
[reader] generated 108/500
[reader] generated 110/500
[reader] generated 112/500
[reader] generated 114/500
[reader] generated 116/500
[reader] generated 118/500
[reader] generated 120/500
[reader] generated 122/500
[reader] generated 124/500
[reader] generated 126/500
[reader] generated 128/500
[reader] generated 130/500
[reader] generated 132/500
[reader] generated 134/500
[reader] generated 136/500
[reader] generated 138/500
[reader] generated 140/500
[reader] generated 142/500
[reader] generated 144/500
[reader] generated 146/500
[reader] generated 148/500
[reader] generated 150/500
[reader] generated 152/500
[reader] generated 154/500
[reader] generated 156/500
[reader] generated 158/500
[reader] generated 160/500
[reader] generated 162/500
[reader] generated 164/500
[reader] generated 166/500
[reader] generated 168/500
[reader] generated 170/500
[reader] generated 172/500
[reader] generated 174/500
[reader] generated 176/500
[reader] generated 178/500
[reader] generated 180/500
[reader] generated 182/500
[reader] generated 184/500
[reader] generated 186/500
[reader] generated 188/500
[reader] generated 190/500
[reader] generated 192/500
[reader] generated 194/500
[reader] generated 196/500
[reader] generated 198/500
[reader] generated 200/500
[reader] generated 202/500
[reader] generated 204/500
[reader] generated 206/500
[reader] generated 208/500
[reader] generated 210/500
[reader] generated 212/500
[reader] generated 214/500
[reader] generated 216/500
[reader] generated 218/500
[reader] generated 220/500
[reader] generated 222/500
[reader] generated 224/500
[reader] generated 226/500
[reader] generated 228/500
[reader] generated 230/500
[reader] generated 232/500
[reader] generated 234/500
[reader] generated 236/500
[reader] generated 238/500
[reader] generated 240/500
[reader] generated 242/500
[reader] generated 244/500
[reader] generated 246/500
[reader] generated 248/500
[reader] generated 250/500
[reader] generated 252/500
[reader] generated 254/500
[reader] generated 256/500
[reader] generated 258/500
[reader] generated 260/500
[reader] generated 262/500
[reader] generated 264/500
[reader] generated 266/500
[reader] generated 268/500
[reader] generated 270/500
[reader] generated 272/500
[reader] generated 274/500
[reader] generated 276/500
[reader] generated 278/500
[reader] generated 280/500
[reader] generated 282/500
[reader] generated 284/500
[reader] generated 286/500
[reader] generated 288/500
[reader] generated 290/500
[reader] generated 292/500
[reader] generated 294/500
[reader] generated 296/500
[reader] generated 298/500
[reader] generated 300/500
[reader] generated 302/500
[reader] generated 304/500
[reader] generated 306/500
[reader] generated 308/500
[reader] generated 310/500
[reader] generated 312/500
[reader] generated 314/500
[reader] generated 316/500
[reader] generated 318/500
[reader] generated 320/500
[reader] generated 322/500
[reader] generated 324/500
[reader] generated 326/500
[reader] generated 328/500
[reader] generated 330/500
[reader] generated 332/500
[reader] generated 334/500
[reader] generated 336/500
[reader] generated 338/500
[reader] generated 340/500
[reader] generated 342/500
[reader] generated 344/500
[reader] generated 346/500
[reader] generated 348/500
[reader] generated 350/500
[reader] generated 352/500
[reader] generated 354/500
[reader] generated 356/500
[reader] generated 358/500
[reader] generated 360/500
[reader] generated 362/500
[reader] generated 364/500
[reader] generated 366/500
[reader] generated 368/500
[reader] generated 370/500
[reader] generated 372/500
[reader] generated 374/500
[reader] generated 376/500
[reader] generated 378/500
[reader] generated 380/500
[reader] generated 382/500
[reader] generated 384/500
[reader] generated 386/500
[reader] generated 388/500
[reader] generated 390/500
[reader] generated 392/500
[reader] generated 394/500
[reader] generated 396/500
[reader] generated 398/500
[reader] generated 400/500
[reader] generated 402/500
[reader] generated 404/500
[reader] generated 406/500
[reader] generated 408/500
[reader] generated 410/500
[reader] generated 412/500
[reader] generated 414/500
[reader] generated 416/500
[reader] generated 418/500
[reader] generated 420/500
[reader] generated 422/500
[reader] generated 424/500
[reader] generated 426/500
[reader] generated 428/500
[reader] generated 430/500
[reader] generated 432/500
[reader] generated 434/500
[reader] generated 436/500
[reader] generated 438/500
[reader] generated 440/500
[reader] generated 442/500
[reader] generated 444/500
[reader] generated 446/500
[reader] generated 448/500
[reader] generated 450/500
[reader] generated 452/500
[reader] generated 454/500
[reader] generated 456/500
[reader] generated 458/500
[reader] generated 460/500
[reader] generated 462/500
[reader] generated 464/500
[reader] generated 466/500
[reader] generated 468/500
[reader] generated 470/500
[reader] generated 472/500
[reader] generated 474/500
[reader] generated 476/500
[reader] generated 478/500
[reader] generated 480/500
[reader] generated 482/500
[reader] generated 484/500
[reader] generated 486/500
[reader] generated 488/500
[reader] generated 490/500
[reader] generated 492/500
[reader] generated 494/500
[reader] generated 496/500
[reader] generated 498/500
[reader] generated 500/500
[density] policy=ace_submod_160, router_type=fixed, representation=ace, packer=submod, reader_model=Qwen/Qwen2.5-3B-Instruct, packed_token_budget=160, recall@1=0.409, all_gold@1=0.0, recall@2=0.665, all_gold@2=0.406, recall@5=0.847, all_gold@5=0.718, qwen_em=0.316, qwen_f1=0.3985, avg_reader_evidence_tokens=147.5, mean_ans_in_context=0.608, mean_gold_token_density=0.4286, mean_gold_doc_reader_cov=0.741, mean_all_gold_reader=0.532, mean_distractor_docs=2.33, mean_context_tokens=147.496, mean_n_snippets=4.586
[density] policy=router_oracle_packer, router_type=oracle, representation=mixed, packer=oracle, reader_model=Qwen/Qwen2.5-3B-Instruct, packed_token_budget=160, selection_counts={"ace_focused_160": 90, "ace_mmr_160": 28, "ace_submod_160": 80, "chunk_focused_160": 71, "chunk_mmr_160": 36, "chunk_submod_160": 195}, qwen_em=0.486, qwen_f1=0.6094, avg_reader_evidence_tokens=141.28, mean_ans_in_context=0.71, mean_gold_token_density=0.5082, mean_gold_doc_reader_cov=0.773, mean_all_gold_reader=0.584, mean_distractor_docs=1.88, mean_context_tokens=141.282, mean_n_snippets=3.974
wrote /kaggle/working/colab_results/stage4b_density_mmr_hotpotqa_seed13_budget160_limit500_qwen3b/hotpotqa_density_standard_budget160_limit500_metrics.csv
wrote /kaggle/working/colab_results/stage4b_density_mmr_hotpotqa_seed13_budget160_limit500_qwen3b/hotpotqa_density_standard_budget160_limit500_per_question.csv
--- seed 7 ---
$ /usr/bin/python3 -m experiments.run_density_router --dataset hotpotqa --split validation --seed 7 --limit 500 --embedder sentence-transformers --embedding-model BAAI/bge-small-en-v1.5 --embed-device cuda --compressor truncate --compress-dims 320 --top-k-nodes 48 --max-expanded-docs 5 --ace-retriever standard --reader-backend hf --reader-model Qwen/Qwen2.5-3B-Instruct --reader-device cuda --reader-batch-size 2 --budget 160 --mmr-lambda 0.7 --out-dir /kaggle/working/colab_results/stage4b_density_mmr_hotpotqa_seed7_budget160_limit500_qwen3b
hotpotqa[hf:validation:500]: 4948 docs, 500 questions, 2.00 gold docs/question
[density] retrieving chunk baseline
2026-06-28 09:48:10.503100: E external/local_xla/xla/stream_executor/cuda/cuda_fft.cc:467] Unable to register cuFFT factory: Attempting to register factory for plugin cuFFT when one has already been registered
WARNING: All log messages before absl::InitializeLog() is called are written to STDERR
E0000 00:00:1782640090.529069     327 cuda_dnn.cc:8579] Unable to register cuDNN factory: Attempting to register factory for plugin cuDNN when one has already been registered
E0000 00:00:1782640090.537661     327 cuda_blas.cc:1407] Unable to register cuBLAS factory: Attempting to register factory for plugin cuBLAS when one has already been registered
W0000 00:00:1782640090.559633     327 computation_placer.cc:177] computation placer already registered. Please check linkage and avoid linking the same target more than once.
W0000 00:00:1782640090.559660     327 computation_placer.cc:177] computation placer already registered. Please check linkage and avoid linking the same target more than once.
W0000 00:00:1782640090.559663     327 computation_placer.cc:177] computation placer already registered. Please check linkage and avoid linking the same target more than once.
W0000 00:00:1782640090.559665     327 computation_placer.cc:177] computation placer already registered. Please check linkage and avoid linking the same target more than once.
[chunk] fitting/indexing
[embed] encoding 4948 texts on device=cuda:0

Batches:   0%|          | 0/78 [00:00<?, ?it/s]
Batches:   1%|▏         | 1/78 [00:00<01:16,  1.00it/s]
Batches:   3%|▎         | 2/78 [00:01<00:52,  1.45it/s]
Batches:   4%|▍         | 3/78 [00:01<00:43,  1.71it/s]
Batches:   5%|▌         | 4/78 [00:02<00:36,  2.00it/s]
Batches:   6%|▋         | 5/78 [00:02<00:31,  2.29it/s]
Batches:   8%|▊         | 6/78 [00:02<00:29,  2.47it/s]
Batches:   9%|▉         | 7/78 [00:03<00:26,  2.66it/s]
Batches:  10%|█         | 8/78 [00:03<00:24,  2.90it/s]
Batches:  12%|█▏        | 9/78 [00:03<00:23,  2.93it/s]
Batches:  13%|█▎        | 10/78 [00:04<00:22,  3.02it/s]
Batches:  14%|█▍        | 11/78 [00:04<00:22,  3.01it/s]
Batches:  15%|█▌        | 12/78 [00:04<00:20,  3.25it/s]
Batches:  17%|█▋        | 13/78 [00:05<00:19,  3.41it/s]
Batches:  18%|█▊        | 14/78 [00:05<00:18,  3.48it/s]
Batches:  19%|█▉        | 15/78 [00:05<00:17,  3.63it/s]
Batches:  21%|██        | 16/78 [00:05<00:16,  3.77it/s]
Batches:  22%|██▏       | 17/78 [00:06<00:15,  4.00it/s]
Batches:  23%|██▎       | 18/78 [00:06<00:14,  4.19it/s]
Batches:  24%|██▍       | 19/78 [00:06<00:13,  4.26it/s]
Batches:  26%|██▌       | 20/78 [00:06<00:13,  4.28it/s]
Batches:  27%|██▋       | 21/78 [00:06<00:13,  4.10it/s]
Batches:  28%|██▊       | 22/78 [00:07<00:12,  4.36it/s]
Batches:  29%|██▉       | 23/78 [00:07<00:12,  4.55it/s]
Batches:  31%|███       | 24/78 [00:07<00:11,  4.74it/s]
Batches:  32%|███▏      | 25/78 [00:07<00:11,  4.78it/s]
Batches:  33%|███▎      | 26/78 [00:07<00:10,  4.91it/s]
Batches:  35%|███▍      | 27/78 [00:08<00:10,  4.96it/s]
Batches:  36%|███▌      | 28/78 [00:08<00:10,  4.55it/s]
Batches:  37%|███▋      | 29/78 [00:08<00:10,  4.82it/s]
Batches:  38%|███▊      | 30/78 [00:08<00:09,  4.88it/s]
Batches:  40%|███▉      | 31/78 [00:08<00:09,  5.01it/s]
Batches:  41%|████      | 32/78 [00:09<00:09,  5.00it/s]
Batches:  42%|████▏     | 33/78 [00:09<00:08,  5.18it/s]
Batches:  44%|████▎     | 34/78 [00:09<00:08,  5.46it/s]
Batches:  45%|████▍     | 35/78 [00:09<00:07,  5.60it/s]
Batches:  46%|████▌     | 36/78 [00:09<00:07,  5.66it/s]
Batches:  47%|████▋     | 37/78 [00:10<00:07,  5.69it/s]
Batches:  49%|████▊     | 38/78 [00:10<00:06,  5.82it/s]
Batches:  50%|█████     | 39/78 [00:10<00:06,  6.19it/s]
Batches:  51%|█████▏    | 40/78 [00:10<00:06,  6.26it/s]
Batches:  53%|█████▎    | 41/78 [00:10<00:06,  6.15it/s]
Batches:  54%|█████▍    | 42/78 [00:10<00:05,  6.17it/s]
Batches:  55%|█████▌    | 43/78 [00:10<00:05,  6.09it/s]
Batches:  56%|█████▋    | 44/78 [00:11<00:05,  6.24it/s]
Batches:  58%|█████▊    | 45/78 [00:11<00:05,  6.22it/s]
Batches:  59%|█████▉    | 46/78 [00:11<00:05,  6.39it/s]
Batches:  60%|██████    | 47/78 [00:11<00:04,  6.66it/s]
Batches:  62%|██████▏   | 48/78 [00:11<00:04,  7.02it/s]
Batches:  63%|██████▎   | 49/78 [00:11<00:03,  7.27it/s]
Batches:  64%|██████▍   | 50/78 [00:11<00:03,  7.64it/s]
Batches:  65%|██████▌   | 51/78 [00:12<00:03,  7.54it/s]
Batches:  67%|██████▋   | 52/78 [00:12<00:03,  7.60it/s]
Batches:  68%|██████▊   | 53/78 [00:12<00:03,  7.95it/s]
Batches:  69%|██████▉   | 54/78 [00:12<00:03,  7.39it/s]
Batches:  71%|███████   | 55/78 [00:12<00:02,  7.76it/s]
Batches:  72%|███████▏  | 56/78 [00:12<00:02,  8.16it/s]
Batches:  73%|███████▎  | 57/78 [00:12<00:02,  8.38it/s]
Batches:  74%|███████▍  | 58/78 [00:12<00:02,  8.55it/s]
Batches:  76%|███████▌  | 59/78 [00:13<00:02,  8.87it/s]
Batches:  78%|███████▊  | 61/78 [00:13<00:01,  9.46it/s]
Batches:  81%|████████  | 63/78 [00:13<00:01,  9.93it/s]
Batches:  83%|████████▎ | 65/78 [00:13<00:01, 10.46it/s]
Batches:  86%|████████▌ | 67/78 [00:13<00:01, 10.54it/s]
Batches:  88%|████████▊ | 69/78 [00:13<00:00, 10.85it/s]
Batches:  91%|█████████ | 71/78 [00:14<00:00, 11.52it/s]
Batches:  94%|█████████▎| 73/78 [00:14<00:00, 12.37it/s]
Batches:  96%|█████████▌| 75/78 [00:14<00:00, 13.68it/s]
Batches: 100%|██████████| 78/78 [00:14<00:00, 17.23it/s]
Batches: 100%|██████████| 78/78 [00:14<00:00,  5.40it/s]
[chunk] retrieving
[embed] encoding 500 texts on device=cuda:0

Batches:   0%|          | 0/8 [00:00<?, ?it/s]
Batches:  38%|███▊      | 3/8 [00:00<00:00, 24.80it/s]
Batches:  88%|████████▊ | 7/8 [00:00<00:00, 31.04it/s]
Batches: 100%|██████████| 8/8 [00:00<00:00, 31.72it/s]
[density] retrieving ACE graph
[ace] building evidence graph
[ace] graph built: nodes=49359 edges=75836
[ace] fitting/indexing embeddings
[embed] encoding 44411 texts on device=cuda:0

Batches:   0%|          | 0/694 [00:00<?, ?it/s]
Batches:   0%|          | 1/694 [00:00<04:16,  2.70it/s]
Batches:   0%|          | 2/694 [00:00<02:41,  4.28it/s]
Batches:   0%|          | 3/694 [00:00<02:26,  4.73it/s]
Batches:   1%|          | 4/694 [00:00<02:06,  5.46it/s]
Batches:   1%|          | 5/694 [00:00<01:50,  6.22it/s]
Batches:   1%|          | 6/694 [00:01<01:45,  6.51it/s]
Batches:   1%|          | 7/694 [00:01<01:39,  6.89it/s]
Batches:   1%|          | 8/694 [00:01<01:30,  7.61it/s]
Batches:   1%|▏         | 9/694 [00:01<01:25,  8.01it/s]
Batches:   1%|▏         | 10/694 [00:01<01:22,  8.34it/s]
Batches:   2%|▏         | 12/694 [00:01<01:13,  9.22it/s]
Batches:   2%|▏         | 14/694 [00:01<01:09,  9.72it/s]
Batches:   2%|▏         | 16/694 [00:02<01:08,  9.83it/s]
Batches:   2%|▏         | 17/694 [00:02<01:08,  9.84it/s]
Batches:   3%|▎         | 18/694 [00:02<01:13,  9.21it/s]
Batches:   3%|▎         | 20/694 [00:02<01:06, 10.09it/s]
Batches:   3%|▎         | 22/694 [00:02<01:03, 10.65it/s]
Batches:   3%|▎         | 24/694 [00:02<01:00, 10.99it/s]
Batches:   4%|▎         | 26/694 [00:03<00:58, 11.45it/s]
Batches:   4%|▍         | 28/694 [00:03<00:55, 11.92it/s]
Batches:   4%|▍         | 30/694 [00:03<00:59, 11.13it/s]
Batches:   5%|▍         | 32/694 [00:03<00:56, 11.70it/s]
Batches:   5%|▍         | 34/694 [00:03<00:55, 11.82it/s]
Batches:   5%|▌         | 36/694 [00:03<00:54, 12.05it/s]
Batches:   5%|▌         | 38/694 [00:04<00:52, 12.51it/s]
Batches:   6%|▌         | 40/694 [00:04<00:49, 13.21it/s]
Batches:   6%|▌         | 42/694 [00:04<00:50, 12.95it/s]
Batches:   6%|▋         | 44/694 [00:04<00:48, 13.40it/s]
Batches:   7%|▋         | 46/694 [00:04<00:48, 13.45it/s]
Batches:   7%|▋         | 48/694 [00:04<00:45, 14.09it/s]
Batches:   7%|▋         | 50/694 [00:04<00:44, 14.49it/s]
Batches:   7%|▋         | 52/694 [00:04<00:45, 14.05it/s]
Batches:   8%|▊         | 54/694 [00:05<00:44, 14.53it/s]
Batches:   8%|▊         | 56/694 [00:05<00:43, 14.73it/s]
Batches:   8%|▊         | 58/694 [00:05<00:44, 14.30it/s]
Batches:   9%|▊         | 60/694 [00:05<00:44, 14.35it/s]
Batches:   9%|▉         | 62/694 [00:05<00:42, 14.74it/s]
Batches:   9%|▉         | 64/694 [00:05<00:40, 15.45it/s]
Batches:  10%|▉         | 66/694 [00:05<00:40, 15.49it/s]
Batches:  10%|▉         | 68/694 [00:06<00:39, 15.97it/s]
Batches:  10%|█         | 70/694 [00:06<00:37, 16.50it/s]
Batches:  11%|█         | 73/694 [00:06<00:34, 17.76it/s]
Batches:  11%|█         | 75/694 [00:06<00:34, 17.95it/s]
Batches:  11%|█         | 77/694 [00:06<00:35, 17.58it/s]
Batches:  11%|█▏        | 79/694 [00:06<00:36, 16.78it/s]
Batches:  12%|█▏        | 81/694 [00:06<00:35, 17.33it/s]
Batches:  12%|█▏        | 83/694 [00:06<00:35, 16.99it/s]
Batches:  12%|█▏        | 85/694 [00:07<00:37, 16.44it/s]
Batches:  13%|█▎        | 87/694 [00:07<00:35, 16.94it/s]
Batches:  13%|█▎        | 89/694 [00:07<00:35, 17.12it/s]
Batches:  13%|█▎        | 91/694 [00:07<00:34, 17.32it/s]
Batches:  13%|█▎        | 93/694 [00:07<00:34, 17.66it/s]
Batches:  14%|█▎        | 95/694 [00:07<00:32, 18.29it/s]
Batches:  14%|█▍        | 97/694 [00:07<00:31, 18.67it/s]
Batches:  14%|█▍        | 99/694 [00:07<00:34, 17.10it/s]
Batches:  15%|█▍        | 101/694 [00:07<00:35, 16.93it/s]
Batches:  15%|█▍        | 103/694 [00:08<00:33, 17.65it/s]
Batches:  15%|█▌        | 105/694 [00:08<00:32, 18.16it/s]
Batches:  15%|█▌        | 107/694 [00:08<00:32, 17.90it/s]
Batches:  16%|█▌        | 109/694 [00:08<00:35, 16.71it/s]
Batches:  16%|█▌        | 111/694 [00:08<00:33, 17.57it/s]
Batches:  16%|█▋        | 113/694 [00:08<00:32, 18.10it/s]
Batches:  17%|█▋        | 115/694 [00:08<00:31, 18.22it/s]
Batches:  17%|█▋        | 117/694 [00:08<00:31, 18.58it/s]
Batches:  17%|█▋        | 119/694 [00:08<00:30, 18.66it/s]
Batches:  17%|█▋        | 121/694 [00:08<00:30, 18.95it/s]
Batches:  18%|█▊        | 123/694 [00:09<00:30, 18.88it/s]
Batches:  18%|█▊        | 125/694 [00:09<00:29, 19.02it/s]
Batches:  18%|█▊        | 128/694 [00:09<00:29, 19.50it/s]
Batches:  19%|█▉        | 131/694 [00:09<00:28, 19.83it/s]
Batches:  19%|█▉        | 133/694 [00:09<00:28, 19.49it/s]
Batches:  19%|█▉        | 135/694 [00:09<00:28, 19.61it/s]
Batches:  20%|█▉        | 138/694 [00:09<00:27, 20.52it/s]
Batches:  20%|██        | 141/694 [00:09<00:27, 20.48it/s]
Batches:  21%|██        | 144/694 [00:10<00:26, 21.05it/s]
Batches:  21%|██        | 147/694 [00:10<00:26, 20.65it/s]
Batches:  22%|██▏       | 150/694 [00:10<00:26, 20.91it/s]
Batches:  22%|██▏       | 153/694 [00:10<00:25, 21.10it/s]
Batches:  22%|██▏       | 156/694 [00:10<00:25, 21.46it/s]
Batches:  23%|██▎       | 159/694 [00:10<00:24, 21.73it/s]
Batches:  23%|██▎       | 162/694 [00:10<00:23, 22.34it/s]
Batches:  24%|██▍       | 165/694 [00:11<00:23, 22.32it/s]
Batches:  24%|██▍       | 168/694 [00:11<00:24, 21.12it/s]
Batches:  25%|██▍       | 171/694 [00:11<00:24, 21.45it/s]
Batches:  25%|██▌       | 174/694 [00:11<00:24, 21.52it/s]
Batches:  26%|██▌       | 177/694 [00:11<00:24, 21.42it/s]
Batches:  26%|██▌       | 180/694 [00:11<00:24, 21.14it/s]
Batches:  26%|██▋       | 183/694 [00:11<00:23, 21.97it/s]
Batches:  27%|██▋       | 186/694 [00:12<00:23, 22.03it/s]
Batches:  27%|██▋       | 189/694 [00:12<00:22, 22.46it/s]
Batches:  28%|██▊       | 192/694 [00:12<00:21, 23.25it/s]
Batches:  28%|██▊       | 195/694 [00:12<00:21, 23.45it/s]
Batches:  29%|██▊       | 198/694 [00:12<00:20, 24.15it/s]
Batches:  29%|██▉       | 201/694 [00:12<00:20, 24.42it/s]
Batches:  29%|██▉       | 204/694 [00:12<00:19, 24.75it/s]
Batches:  30%|██▉       | 207/694 [00:12<00:19, 24.87it/s]
Batches:  30%|███       | 210/694 [00:13<00:19, 24.99it/s]
Batches:  31%|███       | 213/694 [00:13<00:18, 25.66it/s]
Batches:  31%|███       | 216/694 [00:13<00:18, 25.91it/s]
Batches:  32%|███▏      | 219/694 [00:13<00:18, 25.64it/s]
Batches:  32%|███▏      | 222/694 [00:13<00:18, 25.71it/s]
Batches:  32%|███▏      | 225/694 [00:13<00:17, 26.20it/s]
Batches:  33%|███▎      | 228/694 [00:13<00:17, 26.62it/s]
Batches:  33%|███▎      | 231/694 [00:13<00:17, 26.86it/s]
Batches:  34%|███▎      | 234/694 [00:13<00:16, 27.35it/s]
Batches:  34%|███▍      | 237/694 [00:14<00:16, 27.96it/s]
Batches:  35%|███▍      | 240/694 [00:14<00:16, 28.00it/s]
Batches:  35%|███▌      | 243/694 [00:14<00:15, 28.51it/s]
Batches:  36%|███▌      | 247/694 [00:14<00:15, 29.16it/s]
Batches:  36%|███▌      | 250/694 [00:14<00:15, 29.03it/s]
Batches:  36%|███▋      | 253/694 [00:14<00:15, 29.17it/s]
Batches:  37%|███▋      | 256/694 [00:14<00:15, 28.98it/s]
Batches:  37%|███▋      | 259/694 [00:14<00:15, 28.57it/s]
Batches:  38%|███▊      | 262/694 [00:14<00:15, 28.72it/s]
Batches:  38%|███▊      | 265/694 [00:14<00:14, 29.05it/s]
Batches:  39%|███▉      | 269/694 [00:15<00:13, 30.80it/s]
Batches:  39%|███▉      | 273/694 [00:15<00:13, 32.14it/s]
Batches:  40%|███▉      | 277/694 [00:15<00:13, 32.00it/s]
Batches:  40%|████      | 281/694 [00:15<00:12, 33.15it/s]
Batches:  41%|████      | 285/694 [00:15<00:11, 34.14it/s]
Batches:  42%|████▏     | 289/694 [00:15<00:11, 34.27it/s]
Batches:  42%|████▏     | 293/694 [00:15<00:11, 34.96it/s]
Batches:  43%|████▎     | 297/694 [00:15<00:10, 36.25it/s]
Batches:  43%|████▎     | 301/694 [00:15<00:10, 36.88it/s]
Batches:  44%|████▍     | 306/694 [00:16<00:10, 38.49it/s]
Batches:  45%|████▍     | 311/694 [00:16<00:09, 39.81it/s]
Batches:  46%|████▌     | 316/694 [00:16<00:08, 42.53it/s]
Batches:  46%|████▋     | 322/694 [00:16<00:08, 45.58it/s]
Batches:  47%|████▋     | 328/694 [00:16<00:07, 48.00it/s]
Batches:  48%|████▊     | 333/694 [00:16<00:07, 48.51it/s]
Batches:  49%|████▉     | 339/694 [00:16<00:06, 51.50it/s]
Batches:  50%|████▉     | 345/694 [00:16<00:06, 53.49it/s]
Batches:  51%|█████     | 351/694 [00:16<00:06, 55.07it/s]
Batches:  52%|█████▏    | 358/694 [00:17<00:05, 58.07it/s]
Batches:  53%|█████▎    | 365/694 [00:17<00:05, 60.72it/s]
Batches:  54%|█████▎    | 372/694 [00:17<00:05, 62.19it/s]
Batches:  55%|█████▍    | 379/694 [00:17<00:04, 63.90it/s]
Batches:  56%|█████▌    | 387/694 [00:17<00:04, 66.13it/s]
Batches:  57%|█████▋    | 395/694 [00:17<00:04, 67.92it/s]
Batches:  58%|█████▊    | 403/694 [00:17<00:04, 68.73it/s]
Batches:  59%|█████▉    | 411/694 [00:17<00:04, 70.34it/s]
Batches:  60%|██████    | 419/694 [00:17<00:03, 71.63it/s]
Batches:  62%|██████▏   | 427/694 [00:18<00:03, 72.29it/s]
Batches:  63%|██████▎   | 435/694 [00:18<00:03, 73.18it/s]
Batches:  64%|██████▍   | 444/694 [00:18<00:03, 75.79it/s]
Batches:  65%|██████▌   | 452/694 [00:18<00:03, 76.40it/s]
Batches:  66%|██████▋   | 461/694 [00:18<00:02, 78.24it/s]
Batches:  68%|██████▊   | 470/694 [00:18<00:02, 78.96it/s]
Batches:  69%|██████▉   | 478/694 [00:18<00:02, 78.95it/s]
Batches:  70%|███████   | 487/694 [00:18<00:02, 80.65it/s]
Batches:  71%|███████▏  | 496/694 [00:18<00:02, 81.57it/s]
Batches:  73%|███████▎  | 505/694 [00:18<00:02, 82.62it/s]
Batches:  74%|███████▍  | 514/694 [00:19<00:02, 83.24it/s]
Batches:  75%|███████▌  | 523/694 [00:19<00:02, 83.62it/s]
Batches:  77%|███████▋  | 532/694 [00:19<00:01, 85.15it/s]
Batches:  78%|███████▊  | 541/694 [00:19<00:01, 85.99it/s]
Batches:  79%|███████▉  | 551/694 [00:19<00:01, 87.69it/s]
Batches:  81%|████████  | 561/694 [00:19<00:01, 89.19it/s]
Batches:  82%|████████▏ | 571/694 [00:19<00:01, 90.56it/s]
Batches:  84%|████████▎ | 581/694 [00:19<00:01, 87.71it/s]
Batches:  85%|████████▌ | 590/694 [00:19<00:01, 86.42it/s]
Batches:  86%|████████▋ | 599/694 [00:20<00:01, 86.55it/s]
Batches:  88%|████████▊ | 608/694 [00:20<00:00, 87.17it/s]
Batches:  89%|████████▉ | 617/694 [00:20<00:00, 87.46it/s]
Batches:  90%|█████████ | 626/694 [00:20<00:00, 87.88it/s]
Batches:  92%|█████████▏| 636/694 [00:20<00:00, 90.49it/s]
Batches:  93%|█████████▎| 646/694 [00:20<00:00, 91.23it/s]
Batches:  95%|█████████▍| 656/694 [00:20<00:00, 93.38it/s]
Batches:  96%|█████████▌| 666/694 [00:20<00:00, 94.42it/s]
Batches:  97%|█████████▋| 676/694 [00:20<00:00, 94.81it/s]
Batches:  99%|█████████▉| 686/694 [00:21<00:00, 93.01it/s]
Batches: 100%|██████████| 694/694 [00:21<00:00, 32.91it/s]
[ace] retrieving
[embed] encoding 500 texts on device=cuda:0

Batches:   0%|          | 0/8 [00:00<?, ?it/s]
Batches:  38%|███▊      | 3/8 [00:00<00:00, 24.44it/s]
Batches:  88%|████████▊ | 7/8 [00:00<00:00, 30.21it/s]
Batches: 100%|██████████| 8/8 [00:00<00:00, 30.75it/s]
[density] loading reader once
`torch_dtype` is deprecated! Use `dtype` instead!

Loading checkpoint shards:   0%|          | 0/2 [00:00<?, ?it/s]
Loading checkpoint shards:  50%|█████     | 1/2 [00:02<00:02,  2.63s/it]
Loading checkpoint shards: 100%|██████████| 2/2 [00:04<00:00,  1.94s/it]
Loading checkpoint shards: 100%|██████████| 2/2 [00:04<00:00,  2.05s/it]
[reader] loaded Qwen/Qwen2.5-3B-Instruct on cuda:0
[density] materializing policy=chunk_packed_160
[density] generating policy=chunk_packed_160
The following generation flags are not valid and may be ignored: ['temperature', 'top_p', 'top_k']. Set `TRANSFORMERS_VERBOSITY=info` for more details.
[reader] generated 2/500
[reader] generated 4/500
[reader] generated 6/500
[reader] generated 8/500
[reader] generated 10/500
[reader] generated 12/500
[reader] generated 14/500
[reader] generated 16/500
[reader] generated 18/500
[reader] generated 20/500
[reader] generated 22/500
[reader] generated 24/500
[reader] generated 26/500
[reader] generated 28/500
[reader] generated 30/500
[reader] generated 32/500
[reader] generated 34/500
[reader] generated 36/500
[reader] generated 38/500
[reader] generated 40/500
[reader] generated 42/500
[reader] generated 44/500
[reader] generated 46/500
[reader] generated 48/500
[reader] generated 50/500
[reader] generated 52/500
[reader] generated 54/500
[reader] generated 56/500
[reader] generated 58/500
[reader] generated 60/500
[reader] generated 62/500
[reader] generated 64/500
[reader] generated 66/500
[reader] generated 68/500
[reader] generated 70/500
[reader] generated 72/500
[reader] generated 74/500
[reader] generated 76/500
[reader] generated 78/500
[reader] generated 80/500
[reader] generated 82/500
[reader] generated 84/500
[reader] generated 86/500
[reader] generated 88/500
[reader] generated 90/500
[reader] generated 92/500
[reader] generated 94/500
[reader] generated 96/500
[reader] generated 98/500
[reader] generated 100/500
[reader] generated 102/500
[reader] generated 104/500
[reader] generated 106/500
[reader] generated 108/500
[reader] generated 110/500
[reader] generated 112/500
[reader] generated 114/500
[reader] generated 116/500
[reader] generated 118/500
[reader] generated 120/500
[reader] generated 122/500
[reader] generated 124/500
[reader] generated 126/500
[reader] generated 128/500
[reader] generated 130/500
[reader] generated 132/500
[reader] generated 134/500
[reader] generated 136/500
[reader] generated 138/500
[reader] generated 140/500
[reader] generated 142/500
[reader] generated 144/500
[reader] generated 146/500
[reader] generated 148/500
[reader] generated 150/500
[reader] generated 152/500
[reader] generated 154/500
[reader] generated 156/500
[reader] generated 158/500
[reader] generated 160/500
[reader] generated 162/500
[reader] generated 164/500
[reader] generated 166/500
[reader] generated 168/500
[reader] generated 170/500
[reader] generated 172/500
[reader] generated 174/500
[reader] generated 176/500
[reader] generated 178/500
[reader] generated 180/500
[reader] generated 182/500
[reader] generated 184/500
[reader] generated 186/500
[reader] generated 188/500
[reader] generated 190/500
[reader] generated 192/500
[reader] generated 194/500
[reader] generated 196/500
[reader] generated 198/500
[reader] generated 200/500
[reader] generated 202/500
[reader] generated 204/500
[reader] generated 206/500
[reader] generated 208/500
[reader] generated 210/500
[reader] generated 212/500
[reader] generated 214/500
[reader] generated 216/500
[reader] generated 218/500
[reader] generated 220/500
[reader] generated 222/500
[reader] generated 224/500
[reader] generated 226/500
[reader] generated 228/500
[reader] generated 230/500
[reader] generated 232/500
[reader] generated 234/500
[reader] generated 236/500
[reader] generated 238/500
[reader] generated 240/500
[reader] generated 242/500
[reader] generated 244/500
[reader] generated 246/500
[reader] generated 248/500
[reader] generated 250/500
[reader] generated 252/500
[reader] generated 254/500
[reader] generated 256/500
[reader] generated 258/500
[reader] generated 260/500
[reader] generated 262/500
[reader] generated 264/500
[reader] generated 266/500
[reader] generated 268/500
[reader] generated 270/500
[reader] generated 272/500
[reader] generated 274/500
[reader] generated 276/500
[reader] generated 278/500
[reader] generated 280/500
[reader] generated 282/500
[reader] generated 284/500
[reader] generated 286/500
[reader] generated 288/500
[reader] generated 290/500
[reader] generated 292/500
[reader] generated 294/500
[reader] generated 296/500
[reader] generated 298/500
[reader] generated 300/500
[reader] generated 302/500
[reader] generated 304/500
[reader] generated 306/500
[reader] generated 308/500
[reader] generated 310/500
[reader] generated 312/500
[reader] generated 314/500
[reader] generated 316/500
[reader] generated 318/500
[reader] generated 320/500
[reader] generated 322/500
[reader] generated 324/500
[reader] generated 326/500
[reader] generated 328/500
[reader] generated 330/500
[reader] generated 332/500
[reader] generated 334/500
[reader] generated 336/500
[reader] generated 338/500
[reader] generated 340/500
[reader] generated 342/500
[reader] generated 344/500
[reader] generated 346/500
[reader] generated 348/500
[reader] generated 350/500
[reader] generated 352/500
[reader] generated 354/500
[reader] generated 356/500
[reader] generated 358/500
[reader] generated 360/500
[reader] generated 362/500
[reader] generated 364/500
[reader] generated 366/500
[reader] generated 368/500
[reader] generated 370/500
[reader] generated 372/500
[reader] generated 374/500
[reader] generated 376/500
[reader] generated 378/500
[reader] generated 380/500
[reader] generated 382/500
[reader] generated 384/500
[reader] generated 386/500
[reader] generated 388/500
[reader] generated 390/500
[reader] generated 392/500
[reader] generated 394/500
[reader] generated 396/500
[reader] generated 398/500
[reader] generated 400/500
[reader] generated 402/500
[reader] generated 404/500
[reader] generated 406/500
[reader] generated 408/500
[reader] generated 410/500
[reader] generated 412/500
[reader] generated 414/500
[reader] generated 416/500
[reader] generated 418/500
[reader] generated 420/500
[reader] generated 422/500
[reader] generated 424/500
[reader] generated 426/500
[reader] generated 428/500
[reader] generated 430/500
[reader] generated 432/500
[reader] generated 434/500
[reader] generated 436/500
[reader] generated 438/500
[reader] generated 440/500
[reader] generated 442/500
[reader] generated 444/500
[reader] generated 446/500
[reader] generated 448/500
[reader] generated 450/500
[reader] generated 452/500
[reader] generated 454/500
[reader] generated 456/500
[reader] generated 458/500
[reader] generated 460/500
[reader] generated 462/500
[reader] generated 464/500
[reader] generated 466/500
[reader] generated 468/500
[reader] generated 470/500
[reader] generated 472/500
[reader] generated 474/500
[reader] generated 476/500
[reader] generated 478/500
[reader] generated 480/500
[reader] generated 482/500
[reader] generated 484/500
[reader] generated 486/500
[reader] generated 488/500
[reader] generated 490/500
[reader] generated 492/500
[reader] generated 494/500
[reader] generated 496/500
[reader] generated 498/500
[reader] generated 500/500
[density] policy=chunk_packed_160, router_type=fixed, representation=chunk, packer=packed, reader_model=Qwen/Qwen2.5-3B-Instruct, packed_token_budget=160, recall@1=0.438, all_gold@1=0.0, recall@2=0.712, all_gold@2=0.49, recall@5=0.876, all_gold@5=0.764, qwen_em=0.302, qwen_f1=0.3931, avg_reader_evidence_tokens=151.1, mean_ans_in_context=0.572, mean_gold_token_density=0.4055, mean_gold_doc_reader_cov=0.691, mean_all_gold_reader=0.444, mean_distractor_docs=1.972, mean_context_tokens=151.104, mean_n_snippets=3.498
[density] materializing policy=chunk_focused_160
[density] generating policy=chunk_focused_160
[reader] generated 2/500
[reader] generated 4/500
[reader] generated 6/500
[reader] generated 8/500
[reader] generated 10/500
[reader] generated 12/500
[reader] generated 14/500
[reader] generated 16/500
[reader] generated 18/500
[reader] generated 20/500
[reader] generated 22/500
[reader] generated 24/500
[reader] generated 26/500
[reader] generated 28/500
[reader] generated 30/500
[reader] generated 32/500
[reader] generated 34/500
[reader] generated 36/500
[reader] generated 38/500
[reader] generated 40/500
[reader] generated 42/500
[reader] generated 44/500
[reader] generated 46/500
[reader] generated 48/500
[reader] generated 50/500
[reader] generated 52/500
[reader] generated 54/500
[reader] generated 56/500
[reader] generated 58/500
[reader] generated 60/500
[reader] generated 62/500
[reader] generated 64/500
[reader] generated 66/500
[reader] generated 68/500
[reader] generated 70/500
[reader] generated 72/500
[reader] generated 74/500
[reader] generated 76/500
[reader] generated 78/500
[reader] generated 80/500
[reader] generated 82/500
[reader] generated 84/500
[reader] generated 86/500
[reader] generated 88/500
[reader] generated 90/500
[reader] generated 92/500
[reader] generated 94/500
[reader] generated 96/500
[reader] generated 98/500
[reader] generated 100/500
[reader] generated 102/500
[reader] generated 104/500
[reader] generated 106/500
[reader] generated 108/500
[reader] generated 110/500
[reader] generated 112/500
[reader] generated 114/500
[reader] generated 116/500
[reader] generated 118/500
[reader] generated 120/500
[reader] generated 122/500
[reader] generated 124/500
[reader] generated 126/500
[reader] generated 128/500
[reader] generated 130/500
[reader] generated 132/500
[reader] generated 134/500
[reader] generated 136/500
[reader] generated 138/500
[reader] generated 140/500
[reader] generated 142/500
[reader] generated 144/500
[reader] generated 146/500
[reader] generated 148/500
[reader] generated 150/500
[reader] generated 152/500
[reader] generated 154/500
[reader] generated 156/500
[reader] generated 158/500
[reader] generated 160/500
[reader] generated 162/500
[reader] generated 164/500
[reader] generated 166/500
[reader] generated 168/500
[reader] generated 170/500
[reader] generated 172/500
[reader] generated 174/500
[reader] generated 176/500
[reader] generated 178/500
[reader] generated 180/500
[reader] generated 182/500
[reader] generated 184/500
[reader] generated 186/500
[reader] generated 188/500
[reader] generated 190/500
[reader] generated 192/500
[reader] generated 194/500
[reader] generated 196/500
[reader] generated 198/500
[reader] generated 200/500
[reader] generated 202/500
[reader] generated 204/500
[reader] generated 206/500
[reader] generated 208/500
[reader] generated 210/500
[reader] generated 212/500
[reader] generated 214/500
[reader] generated 216/500
[reader] generated 218/500
[reader] generated 220/500
[reader] generated 222/500
[reader] generated 224/500
[reader] generated 226/500
[reader] generated 228/500
[reader] generated 230/500
[reader] generated 232/500
[reader] generated 234/500
[reader] generated 236/500
[reader] generated 238/500
[reader] generated 240/500
[reader] generated 242/500
[reader] generated 244/500
[reader] generated 246/500
[reader] generated 248/500
[reader] generated 250/500
[reader] generated 252/500
[reader] generated 254/500
[reader] generated 256/500
[reader] generated 258/500
[reader] generated 260/500
[reader] generated 262/500
[reader] generated 264/500
[reader] generated 266/500
[reader] generated 268/500
[reader] generated 270/500
[reader] generated 272/500
[reader] generated 274/500
[reader] generated 276/500
[reader] generated 278/500
[reader] generated 280/500
[reader] generated 282/500
[reader] generated 284/500
[reader] generated 286/500
[reader] generated 288/500
[reader] generated 290/500
[reader] generated 292/500
[reader] generated 294/500
[reader] generated 296/500
[reader] generated 298/500
[reader] generated 300/500
[reader] generated 302/500
[reader] generated 304/500
[reader] generated 306/500
[reader] generated 308/500
[reader] generated 310/500
[reader] generated 312/500
[reader] generated 314/500
[reader] generated 316/500
[reader] generated 318/500
[reader] generated 320/500
[reader] generated 322/500
[reader] generated 324/500
[reader] generated 326/500
[reader] generated 328/500
[reader] generated 330/500
[reader] generated 332/500
[reader] generated 334/500
[reader] generated 336/500
[reader] generated 338/500
[reader] generated 340/500
[reader] generated 342/500
[reader] generated 344/500
[reader] generated 346/500
[reader] generated 348/500
[reader] generated 350/500
[reader] generated 352/500
[reader] generated 354/500
[reader] generated 356/500
[reader] generated 358/500
[reader] generated 360/500
[reader] generated 362/500
[reader] generated 364/500
[reader] generated 366/500
[reader] generated 368/500
[reader] generated 370/500
[reader] generated 372/500
[reader] generated 374/500
[reader] generated 376/500
[reader] generated 378/500
[reader] generated 380/500
[reader] generated 382/500
[reader] generated 384/500
[reader] generated 386/500
[reader] generated 388/500
[reader] generated 390/500
[reader] generated 392/500
[reader] generated 394/500
[reader] generated 396/500
[reader] generated 398/500
[reader] generated 400/500
[reader] generated 402/500
[reader] generated 404/500
[reader] generated 406/500
[reader] generated 408/500
[reader] generated 410/500
[reader] generated 412/500
[reader] generated 414/500
[reader] generated 416/500
[reader] generated 418/500
[reader] generated 420/500
[reader] generated 422/500
[reader] generated 424/500
[reader] generated 426/500
[reader] generated 428/500
[reader] generated 430/500
[reader] generated 432/500
[reader] generated 434/500
[reader] generated 436/500
[reader] generated 438/500
[reader] generated 440/500
[reader] generated 442/500
[reader] generated 444/500
[reader] generated 446/500
[reader] generated 448/500
[reader] generated 450/500
[reader] generated 452/500
[reader] generated 454/500
[reader] generated 456/500
[reader] generated 458/500
[reader] generated 460/500
[reader] generated 462/500
[reader] generated 464/500
[reader] generated 466/500
[reader] generated 468/500
[reader] generated 470/500
[reader] generated 472/500
[reader] generated 474/500
[reader] generated 476/500
[reader] generated 478/500
[reader] generated 480/500
[reader] generated 482/500
[reader] generated 484/500
[reader] generated 486/500
[reader] generated 488/500
[reader] generated 490/500
[reader] generated 492/500
[reader] generated 494/500
[reader] generated 496/500
[reader] generated 498/500
[reader] generated 500/500
[density] policy=chunk_focused_160, router_type=fixed, representation=chunk, packer=focused, reader_model=Qwen/Qwen2.5-3B-Instruct, packed_token_budget=160, recall@1=0.438, all_gold@1=0.0, recall@2=0.712, all_gold@2=0.49, recall@5=0.876, all_gold@5=0.764, qwen_em=0.35, qwen_f1=0.4443, avg_reader_evidence_tokens=151.7, mean_ans_in_context=0.644, mean_gold_token_density=0.5037, mean_gold_doc_reader_cov=0.726, mean_all_gold_reader=0.506, mean_distractor_docs=1.582, mean_context_tokens=151.7, mean_n_snippets=3.27
[density] materializing policy=chunk_mmr_160
[density] generating policy=chunk_mmr_160
[reader] generated 2/500
[reader] generated 4/500
[reader] generated 6/500
[reader] generated 8/500
[reader] generated 10/500
[reader] generated 12/500
[reader] generated 14/500
[reader] generated 16/500
[reader] generated 18/500
[reader] generated 20/500
[reader] generated 22/500
[reader] generated 24/500
[reader] generated 26/500
[reader] generated 28/500
[reader] generated 30/500
[reader] generated 32/500
[reader] generated 34/500
[reader] generated 36/500
[reader] generated 38/500
[reader] generated 40/500
[reader] generated 42/500
[reader] generated 44/500
[reader] generated 46/500
[reader] generated 48/500
[reader] generated 50/500
[reader] generated 52/500
[reader] generated 54/500
[reader] generated 56/500
[reader] generated 58/500
[reader] generated 60/500
[reader] generated 62/500
[reader] generated 64/500
[reader] generated 66/500
[reader] generated 68/500
[reader] generated 70/500
[reader] generated 72/500
[reader] generated 74/500
[reader] generated 76/500
[reader] generated 78/500
[reader] generated 80/500
[reader] generated 82/500
[reader] generated 84/500
[reader] generated 86/500
[reader] generated 88/500
[reader] generated 90/500
[reader] generated 92/500
[reader] generated 94/500
[reader] generated 96/500
[reader] generated 98/500
[reader] generated 100/500
[reader] generated 102/500
[reader] generated 104/500
[reader] generated 106/500
[reader] generated 108/500
[reader] generated 110/500
[reader] generated 112/500
[reader] generated 114/500
[reader] generated 116/500
[reader] generated 118/500
[reader] generated 120/500
[reader] generated 122/500
[reader] generated 124/500
[reader] generated 126/500
[reader] generated 128/500
[reader] generated 130/500
[reader] generated 132/500
[reader] generated 134/500
[reader] generated 136/500
[reader] generated 138/500
[reader] generated 140/500
[reader] generated 142/500
[reader] generated 144/500
[reader] generated 146/500
[reader] generated 148/500
[reader] generated 150/500
[reader] generated 152/500
[reader] generated 154/500
[reader] generated 156/500
[reader] generated 158/500
[reader] generated 160/500
[reader] generated 162/500
[reader] generated 164/500
[reader] generated 166/500
[reader] generated 168/500
[reader] generated 170/500
[reader] generated 172/500
[reader] generated 174/500
[reader] generated 176/500
[reader] generated 178/500
[reader] generated 180/500
[reader] generated 182/500
[reader] generated 184/500
[reader] generated 186/500
[reader] generated 188/500
[reader] generated 190/500
[reader] generated 192/500
[reader] generated 194/500
[reader] generated 196/500
[reader] generated 198/500
[reader] generated 200/500
[reader] generated 202/500
[reader] generated 204/500
[reader] generated 206/500
[reader] generated 208/500
[reader] generated 210/500
[reader] generated 212/500
[reader] generated 214/500
[reader] generated 216/500
[reader] generated 218/500
[reader] generated 220/500
[reader] generated 222/500
[reader] generated 224/500
[reader] generated 226/500
[reader] generated 228/500
[reader] generated 230/500
[reader] generated 232/500
[reader] generated 234/500
[reader] generated 236/500
[reader] generated 238/500
[reader] generated 240/500
[reader] generated 242/500
[reader] generated 244/500
[reader] generated 246/500
[reader] generated 248/500
[reader] generated 250/500
[reader] generated 252/500
[reader] generated 254/500
[reader] generated 256/500
[reader] generated 258/500
[reader] generated 260/500
[reader] generated 262/500
[reader] generated 264/500
[reader] generated 266/500
[reader] generated 268/500
[reader] generated 270/500
[reader] generated 272/500
[reader] generated 274/500
[reader] generated 276/500
[reader] generated 278/500
[reader] generated 280/500
[reader] generated 282/500
[reader] generated 284/500
[reader] generated 286/500
[reader] generated 288/500
[reader] generated 290/500
[reader] generated 292/500
[reader] generated 294/500
[reader] generated 296/500
[reader] generated 298/500
[reader] generated 300/500
[reader] generated 302/500
[reader] generated 304/500
[reader] generated 306/500
[reader] generated 308/500
[reader] generated 310/500
[reader] generated 312/500
[reader] generated 314/500
[reader] generated 316/500
[reader] generated 318/500
[reader] generated 320/500
[reader] generated 322/500
[reader] generated 324/500
[reader] generated 326/500
[reader] generated 328/500
[reader] generated 330/500
[reader] generated 332/500
[reader] generated 334/500
[reader] generated 336/500
[reader] generated 338/500
[reader] generated 340/500
[reader] generated 342/500
[reader] generated 344/500
[reader] generated 346/500
[reader] generated 348/500
[reader] generated 350/500
[reader] generated 352/500
[reader] generated 354/500
[reader] generated 356/500
[reader] generated 358/500
[reader] generated 360/500
[reader] generated 362/500
[reader] generated 364/500
[reader] generated 366/500
[reader] generated 368/500
[reader] generated 370/500
[reader] generated 372/500
[reader] generated 374/500
[reader] generated 376/500
[reader] generated 378/500
[reader] generated 380/500
[reader] generated 382/500
[reader] generated 384/500
[reader] generated 386/500
[reader] generated 388/500
[reader] generated 390/500
[reader] generated 392/500
[reader] generated 394/500
[reader] generated 396/500
[reader] generated 398/500
[reader] generated 400/500
[reader] generated 402/500
[reader] generated 404/500
[reader] generated 406/500
[reader] generated 408/500
[reader] generated 410/500
[reader] generated 412/500
[reader] generated 414/500
[reader] generated 416/500
[reader] generated 418/500
[reader] generated 420/500
[reader] generated 422/500
[reader] generated 424/500
[reader] generated 426/500
[reader] generated 428/500
[reader] generated 430/500
[reader] generated 432/500
[reader] generated 434/500
[reader] generated 436/500
[reader] generated 438/500
[reader] generated 440/500
[reader] generated 442/500
[reader] generated 444/500
[reader] generated 446/500
[reader] generated 448/500
[reader] generated 450/500
[reader] generated 452/500
[reader] generated 454/500
[reader] generated 456/500
[reader] generated 458/500
[reader] generated 460/500
[reader] generated 462/500
[reader] generated 464/500
[reader] generated 466/500
[reader] generated 468/500
[reader] generated 470/500
[reader] generated 472/500
[reader] generated 474/500
[reader] generated 476/500
[reader] generated 478/500
[reader] generated 480/500
[reader] generated 482/500
[reader] generated 484/500
[reader] generated 486/500
[reader] generated 488/500
[reader] generated 490/500
[reader] generated 492/500
[reader] generated 494/500
[reader] generated 496/500
[reader] generated 498/500
[reader] generated 500/500
[density] policy=chunk_mmr_160, router_type=fixed, representation=chunk, packer=mmr, reader_model=Qwen/Qwen2.5-3B-Instruct, packed_token_budget=160, recall@1=0.438, all_gold@1=0.0, recall@2=0.712, all_gold@2=0.49, recall@5=0.876, all_gold@5=0.764, qwen_em=0.33, qwen_f1=0.4139, avg_reader_evidence_tokens=151.74, mean_ans_in_context=0.608, mean_gold_token_density=0.4716, mean_gold_doc_reader_cov=0.664, mean_all_gold_reader=0.408, mean_distractor_docs=1.622, mean_context_tokens=151.738, mean_n_snippets=3.336
[density] materializing policy=chunk_submod_160
[density] generating policy=chunk_submod_160
[reader] generated 2/500
[reader] generated 4/500
[reader] generated 6/500
[reader] generated 8/500
[reader] generated 10/500
[reader] generated 12/500
[reader] generated 14/500
[reader] generated 16/500
[reader] generated 18/500
[reader] generated 20/500
[reader] generated 22/500
[reader] generated 24/500
[reader] generated 26/500
[reader] generated 28/500
[reader] generated 30/500
[reader] generated 32/500
[reader] generated 34/500
[reader] generated 36/500
[reader] generated 38/500
[reader] generated 40/500
[reader] generated 42/500
[reader] generated 44/500
[reader] generated 46/500
[reader] generated 48/500
[reader] generated 50/500
[reader] generated 52/500
[reader] generated 54/500
[reader] generated 56/500
[reader] generated 58/500
[reader] generated 60/500
[reader] generated 62/500
[reader] generated 64/500
[reader] generated 66/500
[reader] generated 68/500
[reader] generated 70/500
[reader] generated 72/500
[reader] generated 74/500
[reader] generated 76/500
[reader] generated 78/500
[reader] generated 80/500
[reader] generated 82/500
[reader] generated 84/500
[reader] generated 86/500
[reader] generated 88/500
[reader] generated 90/500
[reader] generated 92/500
[reader] generated 94/500
[reader] generated 96/500
[reader] generated 98/500
[reader] generated 100/500
[reader] generated 102/500
[reader] generated 104/500
[reader] generated 106/500
[reader] generated 108/500
[reader] generated 110/500
[reader] generated 112/500
[reader] generated 114/500
[reader] generated 116/500
[reader] generated 118/500
[reader] generated 120/500
[reader] generated 122/500
[reader] generated 124/500
[reader] generated 126/500
[reader] generated 128/500
[reader] generated 130/500
[reader] generated 132/500
[reader] generated 134/500
[reader] generated 136/500
[reader] generated 138/500
[reader] generated 140/500
[reader] generated 142/500
[reader] generated 144/500
[reader] generated 146/500
[reader] generated 148/500
[reader] generated 150/500
[reader] generated 152/500
[reader] generated 154/500
[reader] generated 156/500
[reader] generated 158/500
[reader] generated 160/500
[reader] generated 162/500
[reader] generated 164/500
[reader] generated 166/500
[reader] generated 168/500
[reader] generated 170/500
[reader] generated 172/500
[reader] generated 174/500
[reader] generated 176/500
[reader] generated 178/500
[reader] generated 180/500
[reader] generated 182/500
[reader] generated 184/500
[reader] generated 186/500
[reader] generated 188/500
[reader] generated 190/500
[reader] generated 192/500
[reader] generated 194/500
[reader] generated 196/500
[reader] generated 198/500
[reader] generated 200/500
[reader] generated 202/500
[reader] generated 204/500
[reader] generated 206/500
[reader] generated 208/500
[reader] generated 210/500
[reader] generated 212/500
[reader] generated 214/500
[reader] generated 216/500
[reader] generated 218/500
[reader] generated 220/500
[reader] generated 222/500
[reader] generated 224/500
[reader] generated 226/500
[reader] generated 228/500
[reader] generated 230/500
[reader] generated 232/500
[reader] generated 234/500
[reader] generated 236/500
[reader] generated 238/500
[reader] generated 240/500
[reader] generated 242/500
[reader] generated 244/500
[reader] generated 246/500
[reader] generated 248/500
[reader] generated 250/500
[reader] generated 252/500
[reader] generated 254/500
[reader] generated 256/500
[reader] generated 258/500
[reader] generated 260/500
[reader] generated 262/500
[reader] generated 264/500
[reader] generated 266/500
[reader] generated 268/500
[reader] generated 270/500
[reader] generated 272/500
[reader] generated 274/500
[reader] generated 276/500
[reader] generated 278/500
[reader] generated 280/500
[reader] generated 282/500
[reader] generated 284/500
[reader] generated 286/500
[reader] generated 288/500
[reader] generated 290/500
[reader] generated 292/500
[reader] generated 294/500
[reader] generated 296/500
[reader] generated 298/500
[reader] generated 300/500
[reader] generated 302/500
[reader] generated 304/500
[reader] generated 306/500
[reader] generated 308/500
[reader] generated 310/500
[reader] generated 312/500
[reader] generated 314/500
[reader] generated 316/500
[reader] generated 318/500
[reader] generated 320/500
[reader] generated 322/500
[reader] generated 324/500
[reader] generated 326/500
[reader] generated 328/500
[reader] generated 330/500
[reader] generated 332/500
[reader] generated 334/500
[reader] generated 336/500
[reader] generated 338/500
[reader] generated 340/500
[reader] generated 342/500
[reader] generated 344/500
[reader] generated 346/500
[reader] generated 348/500
[reader] generated 350/500
[reader] generated 352/500
[reader] generated 354/500
[reader] generated 356/500
[reader] generated 358/500
[reader] generated 360/500
[reader] generated 362/500
[reader] generated 364/500
[reader] generated 366/500
[reader] generated 368/500
[reader] generated 370/500
[reader] generated 372/500
[reader] generated 374/500
[reader] generated 376/500
[reader] generated 378/500
[reader] generated 380/500
[reader] generated 382/500
[reader] generated 384/500
[reader] generated 386/500
[reader] generated 388/500
[reader] generated 390/500
[reader] generated 392/500
[reader] generated 394/500
[reader] generated 396/500
[reader] generated 398/500
[reader] generated 400/500
[reader] generated 402/500
[reader] generated 404/500
[reader] generated 406/500
[reader] generated 408/500
[reader] generated 410/500
[reader] generated 412/500
[reader] generated 414/500
[reader] generated 416/500
[reader] generated 418/500
[reader] generated 420/500
[reader] generated 422/500
[reader] generated 424/500
[reader] generated 426/500
[reader] generated 428/500
[reader] generated 430/500
[reader] generated 432/500
[reader] generated 434/500
[reader] generated 436/500
[reader] generated 438/500
[reader] generated 440/500
[reader] generated 442/500
[reader] generated 444/500
[reader] generated 446/500
[reader] generated 448/500
[reader] generated 450/500
[reader] generated 452/500
[reader] generated 454/500
[reader] generated 456/500
[reader] generated 458/500
[reader] generated 460/500
[reader] generated 462/500
[reader] generated 464/500
[reader] generated 466/500
[reader] generated 468/500
[reader] generated 470/500
[reader] generated 472/500
[reader] generated 474/500
[reader] generated 476/500
[reader] generated 478/500
[reader] generated 480/500
[reader] generated 482/500
[reader] generated 484/500
[reader] generated 486/500
[reader] generated 488/500
[reader] generated 490/500
[reader] generated 492/500
[reader] generated 494/500
[reader] generated 496/500
[reader] generated 498/500
[reader] generated 500/500
[density] policy=chunk_submod_160, router_type=fixed, representation=chunk, packer=submod, reader_model=Qwen/Qwen2.5-3B-Instruct, packed_token_budget=160, recall@1=0.438, all_gold@1=0.0, recall@2=0.712, all_gold@2=0.49, recall@5=0.876, all_gold@5=0.764, qwen_em=0.354, qwen_f1=0.4507, avg_reader_evidence_tokens=145.59, mean_ans_in_context=0.626, mean_gold_token_density=0.4502, mean_gold_doc_reader_cov=0.778, mean_all_gold_reader=0.584, mean_distractor_docs=2.224, mean_context_tokens=145.592, mean_n_snippets=4.646
[density] materializing policy=ace_focused_160
[density] generating policy=ace_focused_160
[reader] generated 2/500
[reader] generated 4/500
[reader] generated 6/500
[reader] generated 8/500
[reader] generated 10/500
[reader] generated 12/500
[reader] generated 14/500
[reader] generated 16/500
[reader] generated 18/500
[reader] generated 20/500
[reader] generated 22/500
[reader] generated 24/500
[reader] generated 26/500
[reader] generated 28/500
[reader] generated 30/500
[reader] generated 32/500
[reader] generated 34/500
[reader] generated 36/500
[reader] generated 38/500
[reader] generated 40/500
[reader] generated 42/500
[reader] generated 44/500
[reader] generated 46/500
[reader] generated 48/500
[reader] generated 50/500
[reader] generated 52/500
[reader] generated 54/500
[reader] generated 56/500
[reader] generated 58/500
[reader] generated 60/500
[reader] generated 62/500
[reader] generated 64/500
[reader] generated 66/500
[reader] generated 68/500
[reader] generated 70/500
[reader] generated 72/500
[reader] generated 74/500
[reader] generated 76/500
[reader] generated 78/500
[reader] generated 80/500
[reader] generated 82/500
[reader] generated 84/500
[reader] generated 86/500
[reader] generated 88/500
[reader] generated 90/500
[reader] generated 92/500
[reader] generated 94/500
[reader] generated 96/500
[reader] generated 98/500
[reader] generated 100/500
[reader] generated 102/500
[reader] generated 104/500
[reader] generated 106/500
[reader] generated 108/500
[reader] generated 110/500
[reader] generated 112/500
[reader] generated 114/500
[reader] generated 116/500
[reader] generated 118/500
[reader] generated 120/500
[reader] generated 122/500
[reader] generated 124/500
[reader] generated 126/500
[reader] generated 128/500
[reader] generated 130/500
[reader] generated 132/500
[reader] generated 134/500
[reader] generated 136/500
[reader] generated 138/500
[reader] generated 140/500
[reader] generated 142/500
[reader] generated 144/500
[reader] generated 146/500
[reader] generated 148/500
[reader] generated 150/500
[reader] generated 152/500
[reader] generated 154/500
[reader] generated 156/500
[reader] generated 158/500
[reader] generated 160/500
[reader] generated 162/500
[reader] generated 164/500
[reader] generated 166/500
[reader] generated 168/500
[reader] generated 170/500
[reader] generated 172/500
[reader] generated 174/500
[reader] generated 176/500
[reader] generated 178/500
[reader] generated 180/500
[reader] generated 182/500
[reader] generated 184/500
[reader] generated 186/500
[reader] generated 188/500
[reader] generated 190/500
[reader] generated 192/500
[reader] generated 194/500
[reader] generated 196/500
[reader] generated 198/500
[reader] generated 200/500
[reader] generated 202/500
[reader] generated 204/500
[reader] generated 206/500
[reader] generated 208/500
[reader] generated 210/500
[reader] generated 212/500
[reader] generated 214/500
[reader] generated 216/500
[reader] generated 218/500
[reader] generated 220/500
[reader] generated 222/500
[reader] generated 224/500
[reader] generated 226/500
[reader] generated 228/500
[reader] generated 230/500
[reader] generated 232/500
[reader] generated 234/500
[reader] generated 236/500
[reader] generated 238/500
[reader] generated 240/500
[reader] generated 242/500
[reader] generated 244/500
[reader] generated 246/500
[reader] generated 248/500
[reader] generated 250/500
[reader] generated 252/500
[reader] generated 254/500
[reader] generated 256/500
[reader] generated 258/500
[reader] generated 260/500
[reader] generated 262/500
[reader] generated 264/500
[reader] generated 266/500
[reader] generated 268/500
[reader] generated 270/500
[reader] generated 272/500
[reader] generated 274/500
[reader] generated 276/500
[reader] generated 278/500
[reader] generated 280/500
[reader] generated 282/500
[reader] generated 284/500
[reader] generated 286/500
[reader] generated 288/500
[reader] generated 290/500
[reader] generated 292/500
[reader] generated 294/500
[reader] generated 296/500
[reader] generated 298/500
[reader] generated 300/500
[reader] generated 302/500
[reader] generated 304/500
[reader] generated 306/500
[reader] generated 308/500
[reader] generated 310/500
[reader] generated 312/500
[reader] generated 314/500
[reader] generated 316/500
[reader] generated 318/500
[reader] generated 320/500
[reader] generated 322/500
[reader] generated 324/500
[reader] generated 326/500
[reader] generated 328/500
[reader] generated 330/500
[reader] generated 332/500
[reader] generated 334/500
[reader] generated 336/500
[reader] generated 338/500
[reader] generated 340/500
[reader] generated 342/500
[reader] generated 344/500
[reader] generated 346/500
[reader] generated 348/500
[reader] generated 350/500
[reader] generated 352/500
[reader] generated 354/500
[reader] generated 356/500
[reader] generated 358/500
[reader] generated 360/500
[reader] generated 362/500
[reader] generated 364/500
[reader] generated 366/500
[reader] generated 368/500
[reader] generated 370/500
[reader] generated 372/500
[reader] generated 374/500
[reader] generated 376/500
[reader] generated 378/500
[reader] generated 380/500
[reader] generated 382/500
[reader] generated 384/500
[reader] generated 386/500
[reader] generated 388/500
[reader] generated 390/500
[reader] generated 392/500
[reader] generated 394/500
[reader] generated 396/500
[reader] generated 398/500
[reader] generated 400/500
[reader] generated 402/500
[reader] generated 404/500
[reader] generated 406/500
[reader] generated 408/500
[reader] generated 410/500
[reader] generated 412/500
[reader] generated 414/500
[reader] generated 416/500
[reader] generated 418/500
[reader] generated 420/500
[reader] generated 422/500
[reader] generated 424/500
[reader] generated 426/500
[reader] generated 428/500
[reader] generated 430/500
[reader] generated 432/500
[reader] generated 434/500
[reader] generated 436/500
[reader] generated 438/500
[reader] generated 440/500
[reader] generated 442/500
[reader] generated 444/500
[reader] generated 446/500
[reader] generated 448/500
[reader] generated 450/500
[reader] generated 452/500
[reader] generated 454/500
[reader] generated 456/500
[reader] generated 458/500
[reader] generated 460/500
[reader] generated 462/500
[reader] generated 464/500
[reader] generated 466/500
[reader] generated 468/500
[reader] generated 470/500
[reader] generated 472/500
[reader] generated 474/500
[reader] generated 476/500
[reader] generated 478/500
[reader] generated 480/500
[reader] generated 482/500
[reader] generated 484/500
[reader] generated 486/500
[reader] generated 488/500
[reader] generated 490/500
[reader] generated 492/500
[reader] generated 494/500
[reader] generated 496/500
[reader] generated 498/500
[reader] generated 500/500
[density] policy=ace_focused_160, router_type=fixed, representation=ace, packer=focused, reader_model=Qwen/Qwen2.5-3B-Instruct, packed_token_budget=160, recall@1=0.411, all_gold@1=0.0, recall@2=0.652, all_gold@2=0.392, recall@5=0.822, all_gold@5=0.67, qwen_em=0.346, qwen_f1=0.4294, avg_reader_evidence_tokens=149.72, mean_ans_in_context=0.586, mean_gold_token_density=0.4274, mean_gold_doc_reader_cov=0.737, mean_all_gold_reader=0.528, mean_distractor_docs=2.228, mean_context_tokens=149.718, mean_n_snippets=4.104
[density] materializing policy=ace_mmr_160
[density] generating policy=ace_mmr_160
[reader] generated 2/500
[reader] generated 4/500
[reader] generated 6/500
[reader] generated 8/500
[reader] generated 10/500
[reader] generated 12/500
[reader] generated 14/500
[reader] generated 16/500
[reader] generated 18/500
[reader] generated 20/500
[reader] generated 22/500
[reader] generated 24/500
[reader] generated 26/500
[reader] generated 28/500
[reader] generated 30/500
[reader] generated 32/500
[reader] generated 34/500
[reader] generated 36/500
[reader] generated 38/500
[reader] generated 40/500
[reader] generated 42/500
[reader] generated 44/500
[reader] generated 46/500
[reader] generated 48/500
[reader] generated 50/500
[reader] generated 52/500
[reader] generated 54/500
[reader] generated 56/500
[reader] generated 58/500
[reader] generated 60/500
[reader] generated 62/500
[reader] generated 64/500
[reader] generated 66/500
[reader] generated 68/500
[reader] generated 70/500
[reader] generated 72/500
[reader] generated 74/500
[reader] generated 76/500
[reader] generated 78/500
[reader] generated 80/500
[reader] generated 82/500
[reader] generated 84/500
[reader] generated 86/500
[reader] generated 88/500
[reader] generated 90/500
[reader] generated 92/500
[reader] generated 94/500
[reader] generated 96/500
[reader] generated 98/500
[reader] generated 100/500
[reader] generated 102/500
[reader] generated 104/500
[reader] generated 106/500
[reader] generated 108/500
[reader] generated 110/500
[reader] generated 112/500
[reader] generated 114/500
[reader] generated 116/500
[reader] generated 118/500
[reader] generated 120/500
[reader] generated 122/500
[reader] generated 124/500
[reader] generated 126/500
[reader] generated 128/500
[reader] generated 130/500
[reader] generated 132/500
[reader] generated 134/500
[reader] generated 136/500
[reader] generated 138/500
[reader] generated 140/500
[reader] generated 142/500
[reader] generated 144/500
[reader] generated 146/500
[reader] generated 148/500
[reader] generated 150/500
[reader] generated 152/500
[reader] generated 154/500
[reader] generated 156/500
[reader] generated 158/500
[reader] generated 160/500
[reader] generated 162/500
[reader] generated 164/500
[reader] generated 166/500
[reader] generated 168/500
[reader] generated 170/500
[reader] generated 172/500
[reader] generated 174/500
[reader] generated 176/500
[reader] generated 178/500
[reader] generated 180/500
[reader] generated 182/500
[reader] generated 184/500
[reader] generated 186/500
[reader] generated 188/500
[reader] generated 190/500
[reader] generated 192/500
[reader] generated 194/500
[reader] generated 196/500
[reader] generated 198/500
[reader] generated 200/500
[reader] generated 202/500
[reader] generated 204/500
[reader] generated 206/500
[reader] generated 208/500
[reader] generated 210/500
[reader] generated 212/500
[reader] generated 214/500
[reader] generated 216/500
[reader] generated 218/500
[reader] generated 220/500
[reader] generated 222/500
[reader] generated 224/500
[reader] generated 226/500
[reader] generated 228/500
[reader] generated 230/500
[reader] generated 232/500
[reader] generated 234/500
[reader] generated 236/500
[reader] generated 238/500
[reader] generated 240/500
[reader] generated 242/500
[reader] generated 244/500
[reader] generated 246/500
[reader] generated 248/500
[reader] generated 250/500
[reader] generated 252/500
[reader] generated 254/500
[reader] generated 256/500
[reader] generated 258/500
[reader] generated 260/500
[reader] generated 262/500
[reader] generated 264/500
[reader] generated 266/500
[reader] generated 268/500
[reader] generated 270/500
[reader] generated 272/500
[reader] generated 274/500
[reader] generated 276/500
[reader] generated 278/500
[reader] generated 280/500
[reader] generated 282/500
[reader] generated 284/500
[reader] generated 286/500
[reader] generated 288/500
[reader] generated 290/500
[reader] generated 292/500
[reader] generated 294/500
[reader] generated 296/500
[reader] generated 298/500
[reader] generated 300/500
[reader] generated 302/500
[reader] generated 304/500
[reader] generated 306/500
[reader] generated 308/500
[reader] generated 310/500
[reader] generated 312/500
[reader] generated 314/500
[reader] generated 316/500
[reader] generated 318/500
[reader] generated 320/500
[reader] generated 322/500
[reader] generated 324/500
[reader] generated 326/500
[reader] generated 328/500
[reader] generated 330/500
[reader] generated 332/500
[reader] generated 334/500
[reader] generated 336/500
[reader] generated 338/500
[reader] generated 340/500
[reader] generated 342/500
[reader] generated 344/500
[reader] generated 346/500
[reader] generated 348/500
[reader] generated 350/500
[reader] generated 352/500
[reader] generated 354/500
[reader] generated 356/500
[reader] generated 358/500
[reader] generated 360/500
[reader] generated 362/500
[reader] generated 364/500
[reader] generated 366/500
[reader] generated 368/500
[reader] generated 370/500
[reader] generated 372/500
[reader] generated 374/500
[reader] generated 376/500
[reader] generated 378/500
[reader] generated 380/500
[reader] generated 382/500
[reader] generated 384/500
[reader] generated 386/500
[reader] generated 388/500
[reader] generated 390/500
[reader] generated 392/500
[reader] generated 394/500
[reader] generated 396/500
[reader] generated 398/500
[reader] generated 400/500
[reader] generated 402/500
[reader] generated 404/500
[reader] generated 406/500
[reader] generated 408/500
[reader] generated 410/500
[reader] generated 412/500
[reader] generated 414/500
[reader] generated 416/500
[reader] generated 418/500
[reader] generated 420/500
[reader] generated 422/500
[reader] generated 424/500
[reader] generated 426/500
[reader] generated 428/500
[reader] generated 430/500
[reader] generated 432/500
[reader] generated 434/500
[reader] generated 436/500
[reader] generated 438/500
[reader] generated 440/500
[reader] generated 442/500
[reader] generated 444/500
[reader] generated 446/500
[reader] generated 448/500
[reader] generated 450/500
[reader] generated 452/500
[reader] generated 454/500
[reader] generated 456/500
[reader] generated 458/500
[reader] generated 460/500
[reader] generated 462/500
[reader] generated 464/500
[reader] generated 466/500
[reader] generated 468/500
[reader] generated 470/500
[reader] generated 472/500
[reader] generated 474/500
[reader] generated 476/500
[reader] generated 478/500
[reader] generated 480/500
[reader] generated 482/500
[reader] generated 484/500
[reader] generated 486/500
[reader] generated 488/500
[reader] generated 490/500
[reader] generated 492/500
[reader] generated 494/500
[reader] generated 496/500
[reader] generated 498/500
[reader] generated 500/500
[density] policy=ace_mmr_160, router_type=fixed, representation=ace, packer=mmr, reader_model=Qwen/Qwen2.5-3B-Instruct, packed_token_budget=160, recall@1=0.411, all_gold@1=0.0, recall@2=0.652, all_gold@2=0.392, recall@5=0.822, all_gold@5=0.67, qwen_em=0.316, qwen_f1=0.4076, avg_reader_evidence_tokens=149.7, mean_ans_in_context=0.568, mean_gold_token_density=0.4306, mean_gold_doc_reader_cov=0.696, mean_all_gold_reader=0.46, mean_distractor_docs=2.132, mean_context_tokens=149.704, mean_n_snippets=4.138
[density] materializing policy=ace_submod_160
[density] generating policy=ace_submod_160
[reader] generated 2/500
[reader] generated 4/500
[reader] generated 6/500
[reader] generated 8/500
[reader] generated 10/500
[reader] generated 12/500
[reader] generated 14/500
[reader] generated 16/500
[reader] generated 18/500
[reader] generated 20/500
[reader] generated 22/500
[reader] generated 24/500
[reader] generated 26/500
[reader] generated 28/500
[reader] generated 30/500
[reader] generated 32/500
[reader] generated 34/500
[reader] generated 36/500
[reader] generated 38/500
[reader] generated 40/500
[reader] generated 42/500
[reader] generated 44/500
[reader] generated 46/500
[reader] generated 48/500
[reader] generated 50/500
[reader] generated 52/500
[reader] generated 54/500
[reader] generated 56/500
[reader] generated 58/500
[reader] generated 60/500
[reader] generated 62/500
[reader] generated 64/500
[reader] generated 66/500
[reader] generated 68/500
[reader] generated 70/500
[reader] generated 72/500
[reader] generated 74/500
[reader] generated 76/500
[reader] generated 78/500
[reader] generated 80/500
[reader] generated 82/500
[reader] generated 84/500
[reader] generated 86/500
[reader] generated 88/500
[reader] generated 90/500
[reader] generated 92/500
[reader] generated 94/500
[reader] generated 96/500
[reader] generated 98/500
[reader] generated 100/500
[reader] generated 102/500
[reader] generated 104/500
[reader] generated 106/500
[reader] generated 108/500
[reader] generated 110/500
[reader] generated 112/500
[reader] generated 114/500
[reader] generated 116/500
[reader] generated 118/500
[reader] generated 120/500
[reader] generated 122/500
[reader] generated 124/500
[reader] generated 126/500
[reader] generated 128/500
[reader] generated 130/500
[reader] generated 132/500
[reader] generated 134/500
[reader] generated 136/500
[reader] generated 138/500
[reader] generated 140/500
[reader] generated 142/500
[reader] generated 144/500
[reader] generated 146/500
[reader] generated 148/500
[reader] generated 150/500
[reader] generated 152/500
[reader] generated 154/500
[reader] generated 156/500
[reader] generated 158/500
[reader] generated 160/500
[reader] generated 162/500
[reader] generated 164/500
[reader] generated 166/500
[reader] generated 168/500
[reader] generated 170/500
[reader] generated 172/500
[reader] generated 174/500
[reader] generated 176/500
[reader] generated 178/500
[reader] generated 180/500
[reader] generated 182/500
[reader] generated 184/500
[reader] generated 186/500
[reader] generated 188/500
[reader] generated 190/500
[reader] generated 192/500
[reader] generated 194/500
[reader] generated 196/500
[reader] generated 198/500
[reader] generated 200/500
[reader] generated 202/500
[reader] generated 204/500
[reader] generated 206/500
[reader] generated 208/500
[reader] generated 210/500
[reader] generated 212/500
[reader] generated 214/500
[reader] generated 216/500
[reader] generated 218/500
[reader] generated 220/500
[reader] generated 222/500
[reader] generated 224/500
[reader] generated 226/500
[reader] generated 228/500
[reader] generated 230/500
[reader] generated 232/500
[reader] generated 234/500
[reader] generated 236/500
[reader] generated 238/500
[reader] generated 240/500
[reader] generated 242/500
[reader] generated 244/500
[reader] generated 246/500
[reader] generated 248/500
[reader] generated 250/500
[reader] generated 252/500
[reader] generated 254/500
[reader] generated 256/500
[reader] generated 258/500
[reader] generated 260/500
[reader] generated 262/500
[reader] generated 264/500
[reader] generated 266/500
[reader] generated 268/500
[reader] generated 270/500
[reader] generated 272/500
[reader] generated 274/500
[reader] generated 276/500
[reader] generated 278/500
[reader] generated 280/500
[reader] generated 282/500
[reader] generated 284/500
[reader] generated 286/500
[reader] generated 288/500
[reader] generated 290/500
[reader] generated 292/500
[reader] generated 294/500
[reader] generated 296/500
[reader] generated 298/500
[reader] generated 300/500
[reader] generated 302/500
[reader] generated 304/500
[reader] generated 306/500
[reader] generated 308/500
[reader] generated 310/500
[reader] generated 312/500
[reader] generated 314/500
[reader] generated 316/500
[reader] generated 318/500
[reader] generated 320/500
[reader] generated 322/500
[reader] generated 324/500
[reader] generated 326/500
[reader] generated 328/500
[reader] generated 330/500
[reader] generated 332/500
[reader] generated 334/500
[reader] generated 336/500
[reader] generated 338/500
[reader] generated 340/500
[reader] generated 342/500
[reader] generated 344/500
[reader] generated 346/500
[reader] generated 348/500
[reader] generated 350/500
[reader] generated 352/500
[reader] generated 354/500
[reader] generated 356/500
[reader] generated 358/500
[reader] generated 360/500
[reader] generated 362/500
[reader] generated 364/500
[reader] generated 366/500
[reader] generated 368/500
[reader] generated 370/500
[reader] generated 372/500
[reader] generated 374/500
[reader] generated 376/500
[reader] generated 378/500
[reader] generated 380/500
[reader] generated 382/500
[reader] generated 384/500
[reader] generated 386/500
[reader] generated 388/500
[reader] generated 390/500
[reader] generated 392/500
[reader] generated 394/500
[reader] generated 396/500
[reader] generated 398/500
[reader] generated 400/500
[reader] generated 402/500
[reader] generated 404/500
[reader] generated 406/500
[reader] generated 408/500
[reader] generated 410/500
[reader] generated 412/500
[reader] generated 414/500
[reader] generated 416/500
[reader] generated 418/500
[reader] generated 420/500
[reader] generated 422/500
[reader] generated 424/500
[reader] generated 426/500
[reader] generated 428/500
[reader] generated 430/500
[reader] generated 432/500
[reader] generated 434/500
[reader] generated 436/500
[reader] generated 438/500
[reader] generated 440/500
[reader] generated 442/500
[reader] generated 444/500
[reader] generated 446/500
[reader] generated 448/500
[reader] generated 450/500
[reader] generated 452/500
[reader] generated 454/500
[reader] generated 456/500
[reader] generated 458/500
[reader] generated 460/500
[reader] generated 462/500
[reader] generated 464/500
[reader] generated 466/500
[reader] generated 468/500
[reader] generated 470/500
[reader] generated 472/500
[reader] generated 474/500
[reader] generated 476/500
[reader] generated 478/500
[reader] generated 480/500
[reader] generated 482/500
[reader] generated 484/500
[reader] generated 486/500
[reader] generated 488/500
[reader] generated 490/500
[reader] generated 492/500
[reader] generated 494/500
[reader] generated 496/500
[reader] generated 498/500
[reader] generated 500/500
[density] policy=ace_submod_160, router_type=fixed, representation=ace, packer=submod, reader_model=Qwen/Qwen2.5-3B-Instruct, packed_token_budget=160, recall@1=0.411, all_gold@1=0.0, recall@2=0.652, all_gold@2=0.392, recall@5=0.822, all_gold@5=0.67, qwen_em=0.326, qwen_f1=0.4202, avg_reader_evidence_tokens=147.32, mean_ans_in_context=0.594, mean_gold_token_density=0.3943, mean_gold_doc_reader_cov=0.705, mean_all_gold_reader=0.48, mean_distractor_docs=2.44, mean_context_tokens=147.32, mean_n_snippets=4.74
[density] policy=router_oracle_packer, router_type=oracle, representation=mixed, packer=oracle, reader_model=Qwen/Qwen2.5-3B-Instruct, packed_token_budget=160, selection_counts={"ace_focused_160": 94, "ace_mmr_160": 24, "ace_submod_160": 76, "chunk_focused_160": 82, "chunk_mmr_160": 33, "chunk_submod_160": 191}, qwen_em=0.492, qwen_f1=0.5962, avg_reader_evidence_tokens=141.3, mean_ans_in_context=0.682, mean_gold_token_density=0.4677, mean_gold_doc_reader_cov=0.742, mean_all_gold_reader=0.524, mean_distractor_docs=2.022, mean_context_tokens=141.304, mean_n_snippets=4.122
wrote /kaggle/working/colab_results/stage4b_density_mmr_hotpotqa_seed7_budget160_limit500_qwen3b/hotpotqa_density_standard_budget160_limit500_metrics.csv
wrote /kaggle/working/colab_results/stage4b_density_mmr_hotpotqa_seed7_budget160_limit500_qwen3b/hotpotqa_density_standard_budget160_limit500_per_question.csv
=== control/main.py done: stage4b mmr multiseed; ok=[42, 13, 7] failed=[] ===
