qid,policy,representation,packer,em,f1,ans_in_context,ans_in_context_soft,gold_token_density,gold_doc_reader_cov,context_tokens,base_recall@5,base_all_gold@5
ad193b1808b411ebbd88ac1f6bf848b6,chunk_packed_96,chunk,packed,1.0,1.0,1.0,1.0,0.5158,0.5,95.0,0.5,0.0
5b168cd8089811ebbd77ac1f6bf848b6,chunk_packed_96,chunk,packed,0.0,0.0,0.0,0.0,0.4098,0.5,61.0,1.0,1.0
b23a2b360baf11ebab90acde48001122,chunk_packed_96,chunk,packed,0.0,0.0,0.0,0.0,0.4574,0.5,94.0,1.0,1.0
c5ffa16a0bdb11eba7f7acde48001122,chunk_packed_96,chunk,packed,0.0,0.0,0.0,0.0,0.4937,0.5,79.0,0.5,0.0
eb3ff1900baf11ebab90acde48001122,chunk_packed_96,chunk,packed,0.0,0.0,0.0,0.6,0.4353,0.5,85.0,1.0,1.0
59a16ade0baf11ebab90acde48001122,chunk_packed_96,chunk,packed,0.0,0.0,0.0,0.0,0.0,0.0,88.0,0.5,0.0
5c9ef1d80bdd11eba7f7acde48001122,chunk_packed_96,chunk,packed,0.0,0.0,0.0,0.0,0.0,0.0,75.0,0.5,0.0
a537c442086d11ebbd62ac1f6bf848b6,chunk_packed_96,chunk,packed,1.0,1.0,1.0,1.0,0.4588,0.25,85.0,0.5,0.0
01588f7208be11ebbd8aac1f6bf848b6,chunk_packed_96,chunk,packed,1.0,1.0,1.0,1.0,0.8387,0.5,93.0,0.5,0.0
6b55ac320bdb11eba7f7acde48001122,chunk_packed_96,chunk,packed,0.0,0.0,0.0,0.0,0.6977,0.5,86.0,1.0,1.0
fde95590089c11ebbd78ac1f6bf848b6,chunk_packed_96,chunk,packed,1.0,1.0,0.0,0.0,0.5679,0.5,81.0,1.0,1.0
1f8a41b60bde11eba7f7acde48001122,chunk_packed_96,chunk,packed,0.0,0.0,0.0,0.0,0.3678,0.5,87.0,1.0,1.0
50008e080bda11eba7f7acde48001122,chunk_packed_96,chunk,packed,0.0,0.0,0.0,0.0,0.0,0.0,83.0,0.5,0.0
9f62be2008ac11ebbd83ac1f6bf848b6,chunk_packed_96,chunk,packed,0.0,0.0,0.0,0.0,0.0,0.0,95.0,1.0,1.0
6bb800f00bde11eba7f7acde48001122,chunk_packed_96,chunk,packed,0.0,0.0,0.0,0.0,0.0,0.0,93.0,1.0,1.0
1822cbb4089111ebbd72ac1f6bf848b6,chunk_packed_96,chunk,packed,1.0,1.0,1.0,1.0,0.8158,0.5,76.0,0.5,0.0
87154f1e0bda11eba7f7acde48001122,chunk_packed_96,chunk,packed,0.0,0.0,0.0,0.0,0.3797,0.5,79.0,0.5,0.0
709430f20bda11eba7f7acde48001122,chunk_packed_96,chunk,packed,0.0,0.0,0.0,0.0,0.4421,1.0,95.0,1.0,1.0
1aecfdf608a011ebbd78ac1f6bf848b6,chunk_packed_96,chunk,packed,1.0,1.0,0.0,0.6667,1.0,1.0,80.0,1.0,1.0
03d68971096e11ebbdb0ac1f6bf848b6,chunk_packed_96,chunk,packed,0.0,0.0,0.0,0.0,0.3763,0.5,93.0,1.0,1.0
8a6eec600bda11eba7f7acde48001122,chunk_packed_96,chunk,packed,0.0,0.0,0.0,0.0,0.6067,0.5,89.0,1.0,1.0
3497795008bb11ebbd88ac1f6bf848b6,chunk_packed_96,chunk,packed,0.0,0.0,0.0,0.3333,0.2619,0.25,84.0,0.5,0.0
305e54500bde11eba7f7acde48001122,chunk_packed_96,chunk,packed,0.0,0.0,0.0,0.0,0.6522,0.5,69.0,0.5,0.0
6aa8edb5086411ebbd5eac1f6bf848b6,chunk_packed_96,chunk,packed,1.0,1.0,1.0,1.0,0.5978,0.5,92.0,1.0,1.0
4a8d58f0085811ebbd5aac1f6bf848b6,chunk_packed_96,chunk,packed,1.0,1.0,0.0,0.0,0.5745,0.25,94.0,0.5,0.0
00ce250d095f11ebbdafac1f6bf848b6,chunk_packed_96,chunk,packed,0.0,0.0,0.0,0.0,0.3636,0.5,77.0,1.0,1.0
c6128932093b11ebbdaeac1f6bf848b6,chunk_packed_96,chunk,packed,0.0,0.0,0.0,0.0,0.4624,0.5,93.0,1.0,1.0
d6c5f2680bdd11eba7f7acde48001122,chunk_packed_96,chunk,packed,0.0,0.0,0.0,0.0,0.3723,0.5,94.0,0.5,0.0
07626317086e11ebbd62ac1f6bf848b6,chunk_packed_96,chunk,packed,0.0,0.0,0.0,0.0,0.3579,0.25,95.0,0.75,0.0
61f9bff8089711ebbd77ac1f6bf848b6,chunk_packed_96,chunk,packed,1.0,1.0,1.0,1.0,0.8488,0.5,86.0,0.5,0.0
c3e1ad9e090d11ebbdadac1f6bf848b6,chunk_packed_96,chunk,packed,0.0,0.0,0.0,0.0,0.5625,0.5,64.0,1.0,1.0
093fcf360bdc11eba7f7acde48001122,chunk_packed_96,chunk,packed,0.0,0.0,0.0,0.0,0.0,0.0,95.0,0.5,0.0
6a419ba2087611ebbd67ac1f6bf848b6,chunk_packed_96,chunk,packed,1.0,1.0,1.0,1.0,0.5714,0.5,91.0,0.5,0.0
9bd0c7e60bdd11eba7f7acde48001122,chunk_packed_96,chunk,packed,0.0,0.0,0.0,0.0,0.0,0.0,88.0,0.5,0.0
fdbb770408da11ebbd9cac1f6bf848b6,chunk_packed_96,chunk,packed,0.0,0.0,0.0,0.0,0.2892,0.25,83.0,0.5,0.0
3cc74fb60bda11eba7f7acde48001122,chunk_packed_96,chunk,packed,0.0,0.0,0.0,0.0,0.0,0.0,96.0,0.5,0.0
234c4f060bde11eba7f7acde48001122,chunk_packed_96,chunk,packed,0.0,0.0,1.0,1.0,0.3229,0.5,96.0,1.0,1.0
c807422a0bda11eba7f7acde48001122,chunk_packed_96,chunk,packed,0.0,0.0,0.0,0.0,0.2581,0.5,93.0,0.5,0.0
77119398087411ebbd67ac1f6bf848b6,chunk_packed_96,chunk,packed,1.0,1.0,0.0,0.0,0.2614,0.5,88.0,1.0,1.0
922587b80bdd11eba7f7acde48001122,chunk_packed_96,chunk,packed,0.0,0.0,0.0,0.0,0.5,0.5,80.0,0.5,0.0
7de9188c088b11ebbd6fac1f6bf848b6,chunk_packed_96,chunk,packed,0.0,0.5714,0.0,0.5,0.3659,0.5,82.0,0.5,0.0
ba3380fe0bdb11eba7f7acde48001122,chunk_packed_96,chunk,packed,0.0,0.0,0.0,0.0,0.0,0.0,95.0,0.5,0.0
710d0e740bde11eba7f7acde48001122,chunk_packed_96,chunk,packed,0.0,0.0,0.0,0.0,0.5376,0.5,93.0,0.5,0.0
562aab540baf11ebab90acde48001122,chunk_packed_96,chunk,packed,0.0,0.2222,0.0,0.2,0.2083,0.5,96.0,1.0,1.0
9ab545800bdd11eba7f7acde48001122,chunk_packed_96,chunk,packed,0.0,0.0,0.0,0.0,0.0,0.0,79.0,0.5,0.0
61456758085411ebbd59ac1f6bf848b6,chunk_packed_96,chunk,packed,1.0,1.0,1.0,1.0,0.473,0.25,74.0,0.5,0.0
26f25e9d089c11ebbd78ac1f6bf848b6,chunk_packed_96,chunk,packed,1.0,1.0,1.0,1.0,0.7791,1.0,86.0,1.0,1.0
ce5bfc90086c11ebbd61ac1f6bf848b6,chunk_packed_96,chunk,packed,0.0,0.0,0.0,0.0,0.5233,0.25,86.0,0.5,0.0
f893967608a811ebbd7fac1f6bf848b6,chunk_packed_96,chunk,packed,1.0,1.0,1.0,1.0,0.6957,1.0,92.0,1.0,1.0
346a41b4084e11ebbd56ac1f6bf848b6,chunk_packed_96,chunk,packed,0.0,0.0,1.0,1.0,0.3125,0.5,96.0,0.5,0.0
bcbd76e608a111ebbd79ac1f6bf848b6,chunk_packed_96,chunk,packed,0.0,0.0,1.0,1.0,0.2283,0.25,92.0,0.5,0.0
f26542c808c511ebbd8fac1f6bf848b6,chunk_packed_96,chunk,packed,0.0,0.0,1.0,1.0,0.5579,0.5,95.0,0.5,0.0
5b1e1f240bdc11eba7f7acde48001122,chunk_packed_96,chunk,packed,0.0,0.0,0.0,0.3333,0.4156,0.5,77.0,0.5,0.0
b146f47c0bda11eba7f7acde48001122,chunk_packed_96,chunk,packed,0.0,0.0,0.0,0.0,0.0,0.0,85.0,1.0,1.0
9c996f860bdb11eba7f7acde48001122,chunk_packed_96,chunk,packed,0.0,0.0,0.0,0.0,0.0,0.0,86.0,1.0,1.0
f491b33e0bda11eba7f7acde48001122,chunk_packed_96,chunk,packed,0.0,0.0,0.0,0.0,0.0,0.0,88.0,0.5,0.0
21d2a107091911ebbdaeac1f6bf848b6,chunk_packed_96,chunk,packed,1.0,1.0,1.0,1.0,0.6629,1.0,89.0,1.0,1.0
10e63c10087211ebbd64ac1f6bf848b6,chunk_packed_96,chunk,packed,1.0,1.0,0.0,0.0,0.3804,0.25,92.0,0.5,0.0
5c7ce15a0bde11eba7f7acde48001122,chunk_packed_96,chunk,packed,0.0,0.0,0.0,0.0,0.0,0.0,78.0,0.5,0.0
b0e112940bdd11eba7f7acde48001122,chunk_packed_96,chunk,packed,0.0,0.0,0.0,0.0,0.3095,0.5,84.0,0.5,0.0
e6a74e020bdd11eba7f7acde48001122,chunk_packed_96,chunk,packed,0.0,0.0,0.0,0.0,0.3125,0.5,96.0,0.5,0.0
0963c8b80bdd11eba7f7acde48001122,chunk_packed_96,chunk,packed,0.0,0.0,0.0,0.0,0.7424,0.5,66.0,0.5,0.0
09beb233086d11ebbd61ac1f6bf848b6,chunk_packed_96,chunk,packed,0.0,0.0,0.0,0.0,0.2421,0.5,95.0,1.0,1.0
963fffd60bdd11eba7f7acde48001122,chunk_packed_96,chunk,packed,1.0,1.0,1.0,1.0,0.5161,1.0,93.0,1.0,1.0
f0d6f50c08eb11ebbda7ac1f6bf848b6,chunk_packed_96,chunk,packed,0.0,0.0,0.0,0.0,0.2778,0.5,90.0,1.0,1.0
33d1a6d60bda11eba7f7acde48001122,chunk_packed_96,chunk,packed,0.0,0.0,0.0,0.0,0.3404,1.0,94.0,1.0,1.0
f31afa16094511ebbdaeac1f6bf848b6,chunk_packed_96,chunk,packed,0.0,0.0,0.0,0.5,0.0,0.0,87.0,1.0,1.0
3654974a08df11ebbda0ac1f6bf848b6,chunk_packed_96,chunk,packed,0.0,0.0,0.0,0.4,0.3699,0.25,73.0,0.75,0.0
2d2fdefe085311ebbd59ac1f6bf848b6,chunk_packed_96,chunk,packed,0.0,0.0,0.0,0.5,0.0,0.0,90.0,1.0,1.0
7a01a52a089c11ebbd78ac1f6bf848b6,chunk_packed_96,chunk,packed,1.0,1.0,1.0,1.0,0.7143,0.5,91.0,0.5,0.0
d8a00ed40bdd11eba7f7acde48001122,chunk_packed_96,chunk,packed,0.0,0.0,0.0,0.3333,0.3736,0.5,91.0,0.5,0.0
c37f944e08e611ebbda5ac1f6bf848b6,chunk_packed_96,chunk,packed,0.0,0.0,0.0,0.0,0.3956,0.5,91.0,1.0,1.0
b670607d08b611ebbd88ac1f6bf848b6,chunk_packed_96,chunk,packed,0.0,0.25,1.0,1.0,0.6905,0.25,84.0,0.75,0.0
62a0531e0bde11eba7f7acde48001122,chunk_packed_96,chunk,packed,0.0,0.0,0.0,0.0,0.0,0.0,93.0,0.5,0.0
03f2846e0bb011ebab90acde48001122,chunk_packed_96,chunk,packed,0.0,0.0,0.0,0.6,0.25,0.5,80.0,1.0,1.0
98da1bb608d411ebbd96ac1f6bf848b6,chunk_packed_96,chunk,packed,1.0,1.0,1.0,1.0,1.0,0.5,90.0,0.75,0.0
bb792556091811ebbdaeac1f6bf848b6,chunk_packed_96,chunk,packed,1.0,1.0,0.0,0.6667,0.2022,0.5,89.0,1.0,1.0
46e99a3d094111ebbdaeac1f6bf848b6,chunk_packed_96,chunk,packed,1.0,1.0,1.0,1.0,0.5114,1.0,88.0,1.0,1.0
2f6aa3ba0bb011ebab90acde48001122,chunk_packed_96,chunk,packed,0.0,0.1818,0.0,0.2,0.0,0.0,91.0,1.0,1.0
41b295500bb011ebab90acde48001122,chunk_packed_96,chunk,packed,0.0,0.0,0.0,0.0,0.0,0.0,79.0,1.0,1.0
132a5430085d11ebbd5cac1f6bf848b6,chunk_packed_96,chunk,packed,0.0,0.0,0.0,0.0,0.0,0.0,83.0,1.0,1.0
08e7eb340bde11eba7f7acde48001122,chunk_packed_96,chunk,packed,0.0,0.0,0.0,0.0,0.0,0.0,82.0,0.5,0.0
91ec5b380bdc11eba7f7acde48001122,chunk_packed_96,chunk,packed,0.0,0.0,0.0,0.0,0.0,0.0,62.0,0.5,0.0
bf5c81fa0bdd11eba7f7acde48001122,chunk_packed_96,chunk,packed,0.0,0.0,0.0,0.0,0.0,0.0,90.0,0.5,0.0
cf9a08f608c911ebbd92ac1f6bf848b6,chunk_packed_96,chunk,packed,0.0,0.0,0.0,0.25,0.0,0.0,84.0,0.5,0.0
0e5e54c908c211ebbd8bac1f6bf848b6,chunk_packed_96,chunk,packed,0.0,0.0,0.0,0.0,0.8989,1.0,89.0,1.0,1.0
af1ee605093511ebbdaeac1f6bf848b6,chunk_packed_96,chunk,packed,0.0,0.0,1.0,1.0,0.4024,1.0,82.0,1.0,1.0
3e0cebde0bd911eba7f7acde48001122,chunk_packed_96,chunk,packed,0.0,0.0,0.0,0.0,0.3784,0.5,74.0,0.5,0.0
0518615a0bde11eba7f7acde48001122,chunk_packed_96,chunk,packed,0.0,0.0,0.0,0.0,0.2766,0.5,94.0,1.0,1.0
3d22de280bb011ebab90acde48001122,chunk_packed_96,chunk,packed,0.0,0.2222,0.0,0.5,0.3854,0.5,96.0,0.5,0.0
b6afbad60bdd11eba7f7acde48001122,chunk_packed_96,chunk,packed,0.0,0.0,0.0,0.0,0.3118,0.5,93.0,1.0,1.0
0b91d3200bdb11eba7f7acde48001122,chunk_packed_96,chunk,packed,0.0,0.0,0.0,0.0,0.4535,0.5,86.0,0.5,0.0
1621c01108f011ebbda8ac1f6bf848b6,chunk_packed_96,chunk,packed,0.0,0.0,0.0,0.25,0.4429,0.5,70.0,1.0,1.0
8b5f752e0bdd11eba7f7acde48001122,chunk_packed_96,chunk,packed,0.0,0.0,0.0,0.0,0.129,0.5,93.0,0.5,0.0
5e02b99208b811ebbd88ac1f6bf848b6,chunk_packed_96,chunk,packed,0.0,0.0,1.0,1.0,0.6875,0.5,96.0,0.5,0.0
a809d3720bdd11eba7f7acde48001122,chunk_packed_96,chunk,packed,0.0,0.0,0.0,0.0,0.0,0.0,81.0,0.5,0.0
ade9a5980baf11ebab90acde48001122,chunk_packed_96,chunk,packed,0.0,0.0,0.0,0.0,0.0,0.0,96.0,1.0,1.0
8012a1e008af11ebbd83ac1f6bf848b6,chunk_packed_96,chunk,packed,1.0,1.0,0.0,0.0,1.0,0.5,87.0,0.5,0.0
d19a4bb80bdd11eba7f7acde48001122,chunk_packed_96,chunk,packed,0.0,0.0,0.0,0.0,0.0,0.0,82.0,0.5,0.0
b6b306fa0bdd11eba7f7acde48001122,chunk_packed_96,chunk,packed,0.0,0.0,0.0,0.0,0.0,0.0,92.0,0.5,0.0
d71f453b085811ebbd5bac1f6bf848b6,chunk_packed_96,chunk,packed,0.0,0.0,0.0,0.0,0.5341,0.25,88.0,0.5,0.0
2de71a8a0bda11eba7f7acde48001122,chunk_packed_96,chunk,packed,0.0,0.0,0.0,0.0,0.5588,0.5,68.0,0.5,0.0
cee7790e08cc11ebbd93ac1f6bf848b6,chunk_packed_96,chunk,packed,0.0,0.0,0.0,0.0,1.0,0.5,96.0,0.5,0.0
623ea4080bb011ebab90acde48001122,chunk_packed_96,chunk,packed,0.0,0.0,0.0,0.2857,0.0,0.0,62.0,0.5,0.0
8d9bf1c80bb011ebab90acde48001122,chunk_packed_96,chunk,packed,0.0,0.2222,0.0,0.5,0.0,0.0,89.0,0.5,0.0
572c3827088311ebbd6dac1f6bf848b6,chunk_packed_96,chunk,packed,0.0,0.0,0.0,0.5,1.0,0.5,92.0,0.5,0.0
b1e64cc60bd911eba7f7acde48001122,chunk_packed_96,chunk,packed,0.0,0.0,0.0,0.0,0.0,0.0,94.0,1.0,1.0
0b9a520108c211ebbd8bac1f6bf848b6,chunk_packed_96,chunk,packed,0.0,0.0,0.0,0.0,1.0,0.25,81.0,0.5,0.0
04e9521d088b11ebbd6fac1f6bf848b6,chunk_packed_96,chunk,packed,0.0,0.0,0.0,0.0,0.2658,0.5,79.0,1.0,1.0
8522d9b2092011ebbdaeac1f6bf848b6,chunk_packed_96,chunk,packed,0.0,0.0,1.0,1.0,0.6559,1.0,93.0,1.0,1.0
ec697d900bda11eba7f7acde48001122,chunk_packed_96,chunk,packed,0.0,0.0,0.0,0.0,0.0,0.0,73.0,0.5,0.0
950bd11a090f11ebbdadac1f6bf848b6,chunk_packed_96,chunk,packed,0.0,0.0,1.0,1.0,0.3053,0.5,95.0,1.0,1.0
c1b9c0ac0bdd11eba7f7acde48001122,chunk_packed_96,chunk,packed,0.0,0.0,0.0,0.3333,0.0,0.0,94.0,0.5,0.0
d2c47e1008df11ebbda1ac1f6bf848b6,chunk_packed_96,chunk,packed,0.0,0.0,1.0,1.0,0.5,0.5,86.0,0.5,0.0
7b2bf8fc0bd911eba7f7acde48001122,chunk_packed_96,chunk,packed,0.0,0.0,0.0,0.0,0.5591,0.5,93.0,1.0,1.0
b5ccab240bdd11eba7f7acde48001122,chunk_packed_96,chunk,packed,0.0,0.0,0.0,0.0,0.0,0.0,84.0,0.5,0.0
6a70f6f80bb011ebab90acde48001122,chunk_packed_96,chunk,packed,0.0,0.0,0.0,0.0,0.0,0.0,96.0,0.5,0.0
1f9e4658084f11ebbd56ac1f6bf848b6,chunk_packed_96,chunk,packed,0.0,0.0,1.0,1.0,0.3529,0.25,85.0,0.5,0.0
5caef2f8096411ebbdafac1f6bf848b6,chunk_packed_96,chunk,packed,0.0,0.0,1.0,1.0,0.3256,0.5,86.0,1.0,1.0
b081e08408e111ebbda3ac1f6bf848b6,chunk_packed_96,chunk,packed,0.0,0.0,1.0,1.0,0.4286,0.25,91.0,0.5,0.0
f113f24e08ad11ebbd83ac1f6bf848b6,chunk_packed_96,chunk,packed,0.0,0.0,1.0,1.0,1.0,0.75,71.0,0.75,0.0
a6d397ea0bdd11eba7f7acde48001122,chunk_packed_96,chunk,packed,0.0,0.0,0.0,0.0,0.3375,0.5,80.0,0.5,0.0
04a065a60bde11eba7f7acde48001122,chunk_packed_96,chunk,packed,0.0,0.0,0.0,0.0,0.0,0.0,75.0,0.5,0.0
534fbfd00bd911eba7f7acde48001122,chunk_packed_96,chunk,packed,0.0,0.6667,1.0,1.0,0.5301,0.5,83.0,1.0,1.0
286461f808ba11ebbd88ac1f6bf848b6,chunk_packed_96,chunk,packed,1.0,1.0,1.0,1.0,0.5851,1.0,94.0,1.0,1.0
2fa40dae0bdc11eba7f7acde48001122,chunk_packed_96,chunk,packed,0.0,0.0,0.0,0.0,0.253,0.5,83.0,0.5,0.0
a19ca5c80bdd11eba7f7acde48001122,chunk_packed_96,chunk,packed,0.0,0.0,1.0,1.0,0.7436,0.5,78.0,0.5,0.0
6a807fc40bb011ebab90acde48001122,chunk_packed_96,chunk,packed,0.0,0.0,0.0,0.4,0.6842,0.5,76.0,0.5,0.0
1118315c0bdd11eba7f7acde48001122,chunk_packed_96,chunk,packed,0.0,0.0,0.0,0.0,0.5366,0.5,82.0,0.5,0.0
185a906e0bdc11eba7f7acde48001122,chunk_packed_96,chunk,packed,0.0,0.0,0.0,0.5,0.2644,0.5,87.0,0.5,0.0
77f4e0140bb011ebab90acde48001122,chunk_packed_96,chunk,packed,0.0,0.0,0.0,0.0,0.0,0.0,89.0,0.5,0.0
2a98df6408d111ebbd95ac1f6bf848b6,chunk_packed_96,chunk,packed,0.0,0.0,0.0,0.0,0.4805,0.5,77.0,1.0,1.0
025359200bde11eba7f7acde48001122,chunk_packed_96,chunk,packed,0.0,0.0,0.0,0.0,0.0,0.0,85.0,0.5,0.0
bd34477e0baf11ebab90acde48001122,chunk_packed_96,chunk,packed,0.0,0.0,0.0,0.8333,0.0,0.0,90.0,1.0,1.0
6a8a71280bb011ebab90acde48001122,chunk_packed_96,chunk,packed,0.0,0.5,1.0,1.0,0.6489,0.5,94.0,1.0,1.0
ef9cbeca0bdd11eba7f7acde48001122,chunk_packed_96,chunk,packed,0.0,0.5,1.0,1.0,1.0,1.0,84.0,1.0,1.0
c218a802090711ebbdadac1f6bf848b6,chunk_packed_96,chunk,packed,1.0,1.0,0.0,0.0,0.4891,0.5,92.0,1.0,1.0
f94832c408b811ebbd88ac1f6bf848b6,chunk_packed_96,chunk,packed,0.0,0.0,0.0,0.3333,0.0,0.0,69.0,0.5,0.0
8d2382e0085811ebbd5aac1f6bf848b6,chunk_packed_96,chunk,packed,0.0,0.0,1.0,1.0,0.2874,0.5,87.0,1.0,1.0
86fb31260bdd11eba7f7acde48001122,chunk_packed_96,chunk,packed,0.0,0.0,0.0,0.0,0.5165,0.5,91.0,1.0,1.0
18c0ccb1086911ebbd5eac1f6bf848b6,chunk_packed_96,chunk,packed,1.0,1.0,1.0,1.0,0.7447,1.0,94.0,1.0,1.0
e6f8d00a089611ebbd76ac1f6bf848b6,chunk_packed_96,chunk,packed,0.0,0.0,0.0,0.0,0.4615,0.5,91.0,1.0,1.0
8919fb50085311ebbd59ac1f6bf848b6,chunk_packed_96,chunk,packed,0.0,0.0,0.0,0.5,0.6211,1.0,95.0,1.0,1.0
d5a61878086b11ebbd60ac1f6bf848b6,chunk_packed_96,chunk,packed,1.0,1.0,1.0,1.0,0.809,1.0,89.0,1.0,1.0
f6973183085a11ebbd5cac1f6bf848b6,chunk_packed_96,chunk,packed,1.0,1.0,1.0,1.0,0.4022,0.25,92.0,0.5,0.0
fc031d360baf11ebab90acde48001122,chunk_packed_96,chunk,packed,0.0,0.0,0.0,0.2,0.0,0.0,76.0,0.5,0.0
e5c738900bdc11eba7f7acde48001122,chunk_packed_96,chunk,packed,0.0,0.0,0.0,0.0,0.5385,0.5,91.0,0.5,0.0
6b466508097711ebbdb0ac1f6bf848b6,chunk_packed_96,chunk,packed,1.0,1.0,1.0,1.0,0.4719,0.5,89.0,1.0,1.0
46bd0bd6087511ebbd67ac1f6bf848b6,chunk_packed_96,chunk,packed,1.0,1.0,0.0,0.0,0.0,0.0,79.0,0.5,0.0
d1bdbdbe087711ebbd67ac1f6bf848b6,chunk_packed_96,chunk,packed,0.0,0.0,0.0,0.0,0.6809,0.5,94.0,0.75,0.0
6152f66c08df11ebbda0ac1f6bf848b6,chunk_packed_96,chunk,packed,1.0,1.0,0.0,0.0,0.4946,0.25,93.0,0.5,0.0
98a3e5e9089111ebbd73ac1f6bf848b6,chunk_packed_96,chunk,packed,1.0,1.0,1.0,1.0,0.4235,0.5,85.0,0.5,0.0
6946f8d20baf11ebab90acde48001122,chunk_packed_96,chunk,packed,0.0,0.2222,0.0,0.3333,0.0,0.0,94.0,0.5,0.0
3d4662300bb011ebab90acde48001122,chunk_packed_96,chunk,packed,0.0,0.0,0.0,0.6667,0.0,0.0,95.0,0.5,0.0
c504923408fe11ebbdadac1f6bf848b6,chunk_packed_96,chunk,packed,1.0,1.0,1.0,1.0,0.5761,1.0,92.0,1.0,1.0
922a629c0bb011ebab90acde48001122,chunk_packed_96,chunk,packed,0.0,0.0,0.0,0.6,0.0,0.0,86.0,0.5,0.0
0e967bac08a711ebbd7fac1f6bf848b6,chunk_packed_96,chunk,packed,1.0,1.0,1.0,1.0,0.8542,0.5,96.0,0.5,0.0
c1aa9b640bdc11eba7f7acde48001122,chunk_packed_96,chunk,packed,0.0,0.0,0.0,0.0,0.4674,0.5,92.0,1.0,1.0
dba424900baf11ebab90acde48001122,chunk_packed_96,chunk,packed,0.0,0.0,0.0,0.3333,0.3636,0.5,88.0,0.5,0.0
f4cc9d4908b311ebbd86ac1f6bf848b6,chunk_packed_96,chunk,packed,0.0,0.0,1.0,1.0,1.0,0.5,66.0,0.5,0.0
6b850e0e0baf11ebab90acde48001122,chunk_packed_96,chunk,packed,0.0,0.2857,0.0,0.6667,0.6711,0.5,76.0,1.0,1.0
abce7ee208b111ebbd85ac1f6bf848b6,chunk_packed_96,chunk,packed,1.0,1.0,0.0,0.5,0.4588,0.5,85.0,0.5,0.0
6615041e0bb011ebab90acde48001122,chunk_packed_96,chunk,packed,0.0,0.0,0.0,0.3333,0.2747,0.5,91.0,0.5,0.0
dc4754a80bdc11eba7f7acde48001122,chunk_packed_96,chunk,packed,0.0,0.0,0.0,0.0,0.7284,0.5,81.0,0.5,0.0
6bd86dd4087f11ebbd6bac1f6bf848b6,chunk_packed_96,chunk,packed,0.0,0.0,0.0,0.0,0.4301,0.25,93.0,0.5,0.0
98ab6cfe08c411ebbd8eac1f6bf848b6,chunk_packed_96,chunk,packed,0.0,0.0,1.0,1.0,0.5543,0.25,92.0,0.5,0.0
c30b9f8108b211ebbd85ac1f6bf848b6,chunk_packed_96,chunk,packed,1.0,1.0,0.0,0.0,0.0,0.0,66.0,1.0,1.0
49e0153808ac11ebbd82ac1f6bf848b6,chunk_packed_96,chunk,packed,0.0,0.0,1.0,1.0,1.0,0.5,83.0,0.5,0.0
2fcc3e3e0bda11eba7f7acde48001122,chunk_packed_96,chunk,packed,0.0,0.0,1.0,1.0,0.0,0.0,96.0,1.0,1.0
8a6610400bda11eba7f7acde48001122,chunk_packed_96,chunk,packed,0.0,0.0,0.0,0.0,0.5526,0.5,76.0,0.5,0.0
e172d3b20baf11ebab90acde48001122,chunk_packed_96,chunk,packed,0.0,0.0,0.0,0.0,0.3474,0.5,95.0,1.0,1.0
c365be0608ae11ebbd83ac1f6bf848b6,chunk_packed_96,chunk,packed,1.0,1.0,0.0,0.0,0.4842,0.5,95.0,1.0,1.0
a9406286088d11ebbd70ac1f6bf848b6,chunk_packed_96,chunk,packed,0.0,0.0,0.0,0.3333,0.0,0.0,88.0,0.5,0.0
6b84004a0baf11ebab90acde48001122,chunk_packed_96,chunk,packed,0.0,0.0,0.0,0.4,0.0,0.0,58.0,0.5,0.0
caa0a77908ac11ebbd83ac1f6bf848b6,chunk_packed_96,chunk,packed,1.0,1.0,1.0,1.0,1.0,0.5,80.0,0.5,0.0
63a51a37096711ebbdafac1f6bf848b6,chunk_packed_96,chunk,packed,1.0,1.0,1.0,1.0,0.5556,1.0,90.0,1.0,1.0
647eba07088f11ebbd72ac1f6bf848b6,chunk_packed_96,chunk,packed,0.0,0.0,0.0,0.0,0.4062,0.5,96.0,1.0,1.0
6e765ee508f611ebbdaaac1f6bf848b6,chunk_packed_96,chunk,packed,1.0,1.0,1.0,1.0,0.4301,1.0,93.0,1.0,1.0
dc6e054e0baf11ebab90acde48001122,chunk_packed_96,chunk,packed,0.0,0.0,0.0,0.0,0.0,0.0,91.0,0.5,0.0
5c82bfe20bdb11eba7f7acde48001122,chunk_packed_96,chunk,packed,0.0,0.0,0.0,0.3333,0.0,0.0,86.0,1.0,1.0
47a59362091411ebbdadac1f6bf848b6,chunk_packed_96,chunk,packed,1.0,1.0,1.0,1.0,0.561,1.0,82.0,1.0,1.0
5bab48ec0bda11eba7f7acde48001122,chunk_packed_96,chunk,packed,0.0,0.0,0.0,0.0,0.1789,0.5,95.0,0.5,0.0
d3c779240bdd11eba7f7acde48001122,chunk_packed_96,chunk,packed,0.0,0.0,0.0,0.0,0.3803,0.5,71.0,1.0,1.0
57e0ae020bb011ebab90acde48001122,chunk_packed_96,chunk,packed,0.0,0.1818,0.0,0.2857,0.3438,0.5,96.0,1.0,1.0
9e2fc7ef08c711ebbd91ac1f6bf848b6,chunk_packed_96,chunk,packed,0.0,0.0,0.0,0.0,0.3474,0.25,95.0,0.5,0.0
be9369c80bdd11eba7f7acde48001122,chunk_packed_96,chunk,packed,0.0,0.0,0.0,0.0,0.2766,0.5,94.0,0.5,0.0
abaff0940bdb11eba7f7acde48001122,chunk_packed_96,chunk,packed,0.0,0.0,0.0,0.0,0.2444,0.5,90.0,0.5,0.0
09aa4e1a0bdc11eba7f7acde48001122,chunk_packed_96,chunk,packed,0.0,0.0,0.0,0.0,0.0,0.0,82.0,0.5,0.0
e4e02a240bda11eba7f7acde48001122,chunk_packed_96,chunk,packed,0.0,0.0,0.0,0.5,0.2529,0.5,87.0,0.5,0.0
fc9d859008a011ebbd78ac1f6bf848b6,chunk_packed_96,chunk,packed,1.0,1.0,1.0,1.0,0.75,1.0,92.0,1.0,1.0
3c3204c8084d11ebbd56ac1f6bf848b6,chunk_packed_96,chunk,packed,0.0,0.0,1.0,1.0,0.5208,0.5,96.0,0.5,0.0
d5bf657c0bdb11eba7f7acde48001122,chunk_packed_96,chunk,packed,0.0,0.0,0.0,0.0,0.186,0.5,86.0,1.0,1.0
f4aa6595093611ebbdaeac1f6bf848b6,chunk_packed_96,chunk,packed,0.0,0.6667,1.0,1.0,0.5158,0.5,95.0,1.0,1.0
5a34b04e0bd911eba7f7acde48001122,chunk_packed_96,chunk,packed,0.0,0.0,0.0,0.0,0.0,0.0,91.0,0.5,0.0
1a3bb74508dc11ebbd9cac1f6bf848b6,chunk_packed_96,chunk,packed,0.0,0.0,1.0,1.0,0.7553,0.5,94.0,0.75,0.0
8031698e0bdb11eba7f7acde48001122,chunk_packed_96,chunk,packed,0.0,0.0,0.0,0.0,0.6512,0.5,86.0,1.0,1.0
637434540bde11eba7f7acde48001122,chunk_packed_96,chunk,packed,1.0,1.0,1.0,1.0,0.0,0.0,95.0,0.5,0.0
943b50b20bda11eba7f7acde48001122,chunk_packed_96,chunk,packed,0.0,0.0,0.0,0.0,0.4878,0.5,82.0,0.5,0.0
736afe9e0baf11ebab90acde48001122,chunk_packed_96,chunk,packed,0.0,0.0,0.0,0.5,0.0,0.0,92.0,0.5,0.0
fb6ff1e20bdb11eba7f7acde48001122,chunk_packed_96,chunk,packed,0.0,0.0,0.0,0.0,0.3864,0.5,88.0,0.5,0.0
42dac74c089311ebbd74ac1f6bf848b6,chunk_packed_96,chunk,packed,0.0,0.0,1.0,1.0,0.5059,0.25,85.0,0.5,0.0
1407903b089d11ebbd78ac1f6bf848b6,chunk_packed_96,chunk,packed,0.0,0.0,0.0,0.0,0.5443,0.5,79.0,1.0,1.0
c4fd6fe80bdd11eba7f7acde48001122,chunk_packed_96,chunk,packed,0.0,0.0,0.0,0.0,0.0,0.0,92.0,0.5,0.0
4de007f40bdd11eba7f7acde48001122,chunk_packed_96,chunk,packed,0.0,0.0,0.0,0.6667,0.4239,0.5,92.0,0.5,0.0
5ead80ee0baf11ebab90acde48001122,chunk_packed_96,chunk,packed,0.0,0.4,0.0,0.5,0.5851,0.5,94.0,1.0,1.0
a27849740bd911eba7f7acde48001122,chunk_packed_96,chunk,packed,0.0,0.0,0.0,0.0,0.0,0.0,66.0,0.5,0.0
2b871cac0bdc11eba7f7acde48001122,chunk_packed_96,chunk,packed,0.0,0.0,0.0,0.0,0.0,0.0,91.0,0.5,0.0
e2e9a9560bdb11eba7f7acde48001122,chunk_packed_96,chunk,packed,0.0,0.0,0.0,0.0,0.1379,0.5,87.0,0.5,0.0
ffee28d80bae11ebab90acde48001122,chunk_packed_96,chunk,packed,0.0,0.0,0.0,0.3333,0.0,0.0,82.0,0.5,0.0
972ecece08ef11ebbda8ac1f6bf848b6,chunk_packed_96,chunk,packed,1.0,1.0,0.0,0.0,0.2,0.5,75.0,1.0,1.0
1948b12e0bda11eba7f7acde48001122,chunk_packed_96,chunk,packed,0.0,0.0,0.0,0.0,1.0,0.5,81.0,1.0,1.0
406a4ee00bb011ebab90acde48001122,chunk_packed_96,chunk,packed,0.0,0.0,0.0,0.0,0.0,0.0,96.0,0.5,0.0
3d1200fc0bde11eba7f7acde48001122,chunk_packed_96,chunk,packed,0.0,0.0,0.0,0.0,0.1975,0.5,81.0,0.5,0.0
d1c8b2a00bdd11eba7f7acde48001122,chunk_packed_96,chunk,packed,0.0,0.0,0.0,0.0,0.0,0.0,93.0,0.5,0.0
c400306a0bda11eba7f7acde48001122,chunk_packed_96,chunk,packed,0.0,0.0,0.0,0.5,0.1828,0.5,93.0,0.5,0.0
315872d20bde11eba7f7acde48001122,chunk_packed_96,chunk,packed,0.0,0.0,0.0,0.0,0.0,0.0,71.0,0.5,0.0
f6e759da0bdb11eba7f7acde48001122,chunk_packed_96,chunk,packed,0.0,0.0,0.0,0.0,0.0,0.0,90.0,0.5,0.0
c0409500088f11ebbd72ac1f6bf848b6,chunk_packed_96,chunk,packed,0.0,0.0,0.0,0.0,0.2644,0.5,87.0,1.0,1.0
138a34f80bdd11eba7f7acde48001122,chunk_packed_96,chunk,packed,0.0,0.0,0.0,0.0,0.0,0.0,78.0,0.5,0.0
2d94661c0bdc11eba7f7acde48001122,chunk_packed_96,chunk,packed,0.0,0.0,0.0,0.0,0.0,0.0,77.0,0.5,0.0
aa72cb6a0baf11ebab90acde48001122,chunk_packed_96,chunk,packed,0.0,0.0,1.0,1.0,0.2727,0.5,88.0,1.0,1.0
e6998c7e08de11ebbd9fac1f6bf848b6,chunk_packed_96,chunk,packed,1.0,1.0,1.0,1.0,0.4409,0.5,93.0,0.5,0.0
eded9bbf08de11ebbd9fac1f6bf848b6,chunk_packed_96,chunk,packed,1.0,1.0,1.0,1.0,1.0,0.5,71.0,0.5,0.0
6ae076e40bde11eba7f7acde48001122,chunk_packed_96,chunk,packed,0.0,0.0,0.0,0.0,0.0,0.0,74.0,1.0,1.0
a380ab7c08b911ebbd88ac1f6bf848b6,chunk_packed_96,chunk,packed,1.0,1.0,1.0,1.0,0.734,1.0,94.0,1.0,1.0
df3ab4560bdd11eba7f7acde48001122,chunk_packed_96,chunk,packed,0.0,0.0,0.0,0.0,0.5417,0.5,96.0,1.0,1.0
df4b96e7087111ebbd63ac1f6bf848b6,chunk_packed_96,chunk,packed,0.0,0.0,1.0,1.0,0.7083,0.5,96.0,0.5,0.0
faedda9a0bdb11eba7f7acde48001122,chunk_packed_96,chunk,packed,0.0,0.0,0.0,0.5,0.5053,0.5,95.0,1.0,1.0
50bd90820bdc11eba7f7acde48001122,chunk_packed_96,chunk,packed,0.0,0.0,0.0,0.0,0.236,0.5,89.0,0.5,0.0
c01738e20bdd11eba7f7acde48001122,chunk_packed_96,chunk,packed,0.0,0.0,0.0,0.0,0.1059,0.5,85.0,1.0,1.0
3c0091600bde11eba7f7acde48001122,chunk_packed_96,chunk,packed,0.0,0.0,0.0,0.5,0.5532,0.5,94.0,1.0,1.0
1b9c91660bda11eba7f7acde48001122,chunk_packed_96,chunk,packed,0.0,0.0,0.0,0.0,0.5119,0.5,84.0,1.0,1.0
bd4901b0085e11ebbd5cac1f6bf848b6,chunk_packed_96,chunk,packed,0.0,0.0,1.0,1.0,0.2955,0.5,88.0,1.0,1.0
a7419bf3092e11ebbdaeac1f6bf848b6,chunk_packed_96,chunk,packed,1.0,1.0,0.0,0.0,0.4286,0.5,91.0,1.0,1.0
fa960b58085911ebbd5bac1f6bf848b6,chunk_packed_96,chunk,packed,0.0,0.0,0.0,0.0,0.5,1.0,80.0,1.0,1.0
582deca408bc11ebbd88ac1f6bf848b6,chunk_packed_96,chunk,packed,0.0,0.0,1.0,1.0,0.5055,0.5,91.0,0.5,0.0
a5bd56fc0bdd11eba7f7acde48001122,chunk_packed_96,chunk,packed,0.0,0.0,0.0,0.0,0.3333,0.5,96.0,1.0,1.0
6d392be40bdd11eba7f7acde48001122,chunk_packed_96,chunk,packed,0.0,0.0,1.0,1.0,0.2468,0.5,77.0,1.0,1.0
33d4446c087511ebbd67ac1f6bf848b6,chunk_packed_96,chunk,packed,0.0,0.0,0.0,0.0,0.8043,0.75,92.0,1.0,1.0
881866100baf11ebab90acde48001122,chunk_packed_96,chunk,packed,0.0,0.0,0.0,0.0,0.266,0.5,94.0,0.5,0.0
7d88d84d08bc11ebbd88ac1f6bf848b6,chunk_packed_96,chunk,packed,0.0,0.0,1.0,1.0,0.7191,0.5,89.0,0.5,0.0
4d3c252e0bda11eba7f7acde48001122,chunk_packed_96,chunk,packed,0.0,0.0,0.0,0.0,0.0,0.0,74.0,1.0,1.0
9e0009f60baf11ebab90acde48001122,chunk_packed_96,chunk,packed,0.0,0.0,0.0,0.0,0.0,0.0,95.0,0.5,0.0
b8133a100bdd11eba7f7acde48001122,chunk_packed_96,chunk,packed,0.0,0.0,0.0,0.0,0.6706,0.5,85.0,1.0,1.0
61082d440bdc11eba7f7acde48001122,chunk_packed_96,chunk,packed,0.0,0.0,0.0,0.0,0.4375,0.5,80.0,0.5,0.0
6ea141020baf11ebab90acde48001122,chunk_packed_96,chunk,packed,0.0,0.0,0.0,0.5,0.0,0.0,96.0,0.5,0.0
d759ab480bdd11eba7f7acde48001122,chunk_packed_96,chunk,packed,0.0,0.0,0.0,0.0,0.0,0.0,81.0,1.0,1.0
2e7a589e085211ebbd58ac1f6bf848b6,chunk_packed_96,chunk,packed,0.0,0.0,0.0,0.0,0.6296,0.5,81.0,0.5,0.0
e85d87f4095111ebbdaeac1f6bf848b6,chunk_packed_96,chunk,packed,0.0,0.0,1.0,1.0,0.2697,0.5,89.0,1.0,1.0
9a339d60099011ebbdb0ac1f6bf848b6,chunk_packed_96,chunk,packed,0.0,0.0,0.0,0.0,0.4419,0.5,86.0,1.0,1.0
5d6e00200bda11eba7f7acde48001122,chunk_packed_96,chunk,packed,0.0,0.0,0.0,0.0,0.1809,0.5,94.0,1.0,1.0
2efc2c3b08bf11ebbd8aac1f6bf848b6,chunk_packed_96,chunk,packed,0.0,0.0,1.0,1.0,0.573,0.5,89.0,0.5,0.0
0926667308d011ebbd95ac1f6bf848b6,chunk_packed_96,chunk,packed,0.0,0.0,0.0,0.0,0.1789,0.5,95.0,1.0,1.0
8f3945d8098111ebbdb0ac1f6bf848b6,chunk_packed_96,chunk,packed,1.0,1.0,1.0,1.0,0.6042,0.5,96.0,1.0,1.0
5e8240ea0bdd11eba7f7acde48001122,chunk_packed_96,chunk,packed,0.0,0.0,0.0,0.0,0.3182,0.5,88.0,0.5,0.0
36ec2b3a086411ebbd5eac1f6bf848b6,chunk_packed_96,chunk,packed,1.0,1.0,1.0,1.0,0.2857,0.25,84.0,0.5,0.0
53175e86086b11ebbd5fac1f6bf848b6,chunk_packed_96,chunk,packed,0.0,0.0,0.0,0.6667,1.0,1.0,92.0,1.0,1.0
66d8f7560bde11eba7f7acde48001122,chunk_packed_96,chunk,packed,0.0,0.0,0.0,0.0,0.4773,0.5,88.0,0.5,0.0
a9755ea508a711ebbd7fac1f6bf848b6,chunk_packed_96,chunk,packed,1.0,1.0,0.0,0.0,0.7021,0.5,94.0,0.5,0.0
6a8b28c00bb011ebab90acde48001122,chunk_packed_96,chunk,packed,0.0,0.0,1.0,1.0,0.587,0.5,92.0,1.0,1.0
43a949ae0bdc11eba7f7acde48001122,chunk_packed_96,chunk,packed,0.0,0.0,0.0,0.0,0.4824,0.5,85.0,0.5,0.0
b9cb67da092b11ebbdaeac1f6bf848b6,chunk_packed_96,chunk,packed,0.0,0.0,1.0,1.0,0.6627,1.0,83.0,1.0,1.0
5390f39c086d11ebbd61ac1f6bf848b6,chunk_packed_96,chunk,packed,0.0,0.0,0.0,0.0,0.6316,1.0,95.0,1.0,1.0
d370f0b0085711ebbd5aac1f6bf848b6,chunk_packed_96,chunk,packed,1.0,1.0,0.0,0.6,0.3,0.25,80.0,0.5,0.0
adcdb9440bd911eba7f7acde48001122,chunk_packed_96,chunk,packed,0.0,0.0,0.0,0.0,0.5833,0.5,72.0,0.5,0.0
1db17ce108a711ebbd7fac1f6bf848b6,chunk_packed_96,chunk,packed,0.0,0.0,1.0,1.0,0.5055,0.5,91.0,0.5,0.0
177e0eda0bde11eba7f7acde48001122,chunk_packed_96,chunk,packed,0.0,0.0,0.0,0.0,0.6744,0.5,86.0,0.5,0.0
9da14ff1086311ebbd5eac1f6bf848b6,chunk_packed_96,chunk,packed,0.0,0.0,0.0,0.0,0.2088,0.5,91.0,1.0,1.0
2f10177608d911ebbd9cac1f6bf848b6,chunk_packed_96,chunk,packed,0.0,0.0,1.0,1.0,0.3636,0.5,66.0,1.0,1.0
b52a4d7e0bd911eba7f7acde48001122,chunk_packed_96,chunk,packed,0.0,0.0,0.0,0.0,0.2778,0.5,90.0,1.0,1.0
6dd9acf20bda11eba7f7acde48001122,chunk_packed_96,chunk,packed,0.0,0.0,0.0,0.0,0.1892,0.5,74.0,0.5,0.0
3f635554096511ebbdafac1f6bf848b6,chunk_packed_96,chunk,packed,0.0,0.0,0.0,0.0,0.413,0.5,92.0,1.0,1.0
8c12ceba0bda11eba7f7acde48001122,chunk_packed_96,chunk,packed,0.0,0.0,0.0,0.0,0.0,0.0,91.0,0.5,0.0
8c1162a5086111ebbd5dac1f6bf848b6,chunk_packed_96,chunk,packed,1.0,1.0,1.0,1.0,0.4205,0.5,88.0,1.0,1.0
0585c9aa087f11ebbd6bac1f6bf848b6,chunk_packed_96,chunk,packed,0.0,0.0,1.0,1.0,0.5745,0.5,94.0,0.5,0.0
b8407b060bdd11eba7f7acde48001122,chunk_packed_96,chunk,packed,0.0,0.0,0.0,0.0,1.0,0.5,81.0,0.5,0.0
07b62dea0baf11ebab90acde48001122,chunk_packed_96,chunk,packed,0.0,0.4444,0.0,0.5,0.4337,0.5,83.0,1.0,1.0
fb95c0000bdd11eba7f7acde48001122,chunk_packed_96,chunk,packed,0.0,0.0,0.0,0.0,0.4353,0.5,85.0,0.5,0.0
e1abbba9098a11ebbdb0ac1f6bf848b6,chunk_packed_96,chunk,packed,0.0,0.0,0.0,0.0,0.3556,1.0,90.0,1.0,1.0
fbf8fd9e0bda11eba7f7acde48001122,chunk_packed_96,chunk,packed,0.0,0.0,0.0,0.0,1.0,0.5,86.0,1.0,1.0
636fc8380bde11eba7f7acde48001122,chunk_packed_96,chunk,packed,0.0,0.0,0.0,0.3333,0.6742,0.5,89.0,0.5,0.0
0c97f4720bde11eba7f7acde48001122,chunk_packed_96,chunk,packed,0.0,0.0,0.0,0.0,0.2778,0.5,90.0,1.0,1.0
36787917086811ebbd5eac1f6bf848b6,chunk_packed_96,chunk,packed,1.0,1.0,0.0,0.6667,0.4835,0.5,91.0,1.0,1.0
519aee780baf11ebab90acde48001122,chunk_packed_96,chunk,packed,0.0,0.0,0.0,0.5,0.0,0.0,81.0,0.5,0.0
6a81117708f311ebbdaaac1f6bf848b6,chunk_packed_96,chunk,packed,0.0,0.0,1.0,1.0,0.7763,0.5,76.0,1.0,1.0
0105676c0bdd11eba7f7acde48001122,chunk_packed_96,chunk,packed,0.0,0.0,1.0,1.0,0.7015,0.5,67.0,1.0,1.0
73c53c9809a111ebbdb0ac1f6bf848b6,chunk_packed_96,chunk,packed,0.0,0.0,1.0,1.0,0.4945,0.5,91.0,1.0,1.0
7416106b090f11ebbdadac1f6bf848b6,chunk_packed_96,chunk,packed,1.0,1.0,1.0,1.0,0.5106,1.0,94.0,1.0,1.0
3a1dbb720bdc11eba7f7acde48001122,chunk_packed_96,chunk,packed,0.0,0.0,0.0,0.0,0.0,0.0,93.0,0.5,0.0
ebbf5ec608da11ebbd9cac1f6bf848b6,chunk_packed_96,chunk,packed,1.0,1.0,1.0,1.0,0.4938,0.5,81.0,1.0,1.0
3972d2b60baf11ebab90acde48001122,chunk_packed_96,chunk,packed,0.0,0.0,0.0,0.0,0.0,0.0,72.0,0.5,0.0
3adb8a740bde11eba7f7acde48001122,chunk_packed_96,chunk,packed,0.0,0.0,0.0,0.0,0.0,0.0,87.0,1.0,1.0
13e2f86c0bde11eba7f7acde48001122,chunk_packed_96,chunk,packed,0.0,0.0,0.0,0.0,0.6489,0.5,94.0,1.0,1.0
d7af391708bb11ebbd88ac1f6bf848b6,chunk_packed_96,chunk,packed,0.0,0.0,0.0,0.0,1.0,0.5,71.0,0.5,0.0
c2b303ae08c411ebbd8eac1f6bf848b6,chunk_packed_96,chunk,packed,0.0,0.0,0.0,0.0,0.3929,0.25,84.0,0.5,0.0
db10aea20bd911eba7f7acde48001122,chunk_packed_96,chunk,packed,0.0,0.0,0.0,0.0,0.5158,0.5,95.0,0.5,0.0
7a93fcee0bdb11eba7f7acde48001122,chunk_packed_96,chunk,packed,0.0,0.0,0.0,0.0,0.2,0.5,95.0,0.5,0.0
05be9a0c0bde11eba7f7acde48001122,chunk_packed_96,chunk,packed,0.0,0.0,0.0,0.0,0.3855,0.5,83.0,0.5,0.0
091c13b20bdb11eba7f7acde48001122,chunk_packed_96,chunk,packed,0.0,0.0,0.0,0.0,0.3297,0.5,91.0,1.0,1.0
09b198a80bde11eba7f7acde48001122,chunk_packed_96,chunk,packed,0.0,0.0,0.0,0.0,0.0,0.0,71.0,1.0,1.0
c827468a0bdd11eba7f7acde48001122,chunk_packed_96,chunk,packed,0.0,0.0,0.0,0.3333,0.0,0.0,94.0,0.5,0.0
70f54a060bb011ebab90acde48001122,chunk_packed_96,chunk,packed,0.0,0.0,1.0,1.0,0.3407,0.5,91.0,1.0,1.0
30e19d9008d611ebbd98ac1f6bf848b6,chunk_packed_96,chunk,packed,0.0,0.0,0.0,0.0,0.8353,0.5,85.0,1.0,1.0
43208df60bde11eba7f7acde48001122,chunk_packed_96,chunk,packed,0.0,0.0,0.0,0.0,0.0,0.0,86.0,0.5,0.0
5d0eadd80bde11eba7f7acde48001122,chunk_packed_96,chunk,packed,0.0,0.0,0.0,0.0,0.0,0.0,72.0,1.0,1.0
9284e77d08f811ebbdaaac1f6bf848b6,chunk_packed_96,chunk,packed,0.0,0.0,0.0,0.5,0.0,0.0,66.0,1.0,1.0
94eba4ce0bdc11eba7f7acde48001122,chunk_packed_96,chunk,packed,0.0,0.0,0.0,0.0,0.0,0.0,89.0,0.5,0.0
29427eea0bdd11eba7f7acde48001122,chunk_packed_96,chunk,packed,0.0,0.0,0.0,0.0,0.4198,0.5,81.0,1.0,1.0
62a9691e0bb011ebab90acde48001122,chunk_packed_96,chunk,packed,0.0,0.0,1.0,1.0,1.0,1.0,95.0,1.0,1.0
cfc0d3e80bdd11eba7f7acde48001122,chunk_packed_96,chunk,packed,0.0,0.0,1.0,1.0,0.5444,0.5,90.0,1.0,1.0
76708e6a08b211ebbd85ac1f6bf848b6,chunk_packed_96,chunk,packed,0.0,0.0,0.0,0.0,0.3579,0.5,95.0,1.0,1.0
819dbb7a08d811ebbd9cac1f6bf848b6,chunk_packed_96,chunk,packed,0.0,0.0,1.0,1.0,0.4886,0.5,88.0,0.5,0.0
2fee043809b111ebbdb0ac1f6bf848b6,chunk_packed_96,chunk,packed,0.0,0.0,1.0,1.0,0.129,0.5,93.0,1.0,1.0
39d43b7d08ae11ebbd83ac1f6bf848b6,chunk_packed_96,chunk,packed,0.0,0.0,1.0,1.0,0.75,0.5,96.0,0.5,0.0
aef6771208b311ebbd86ac1f6bf848b6,chunk_packed_96,chunk,packed,0.0,0.0,1.0,1.0,0.6237,0.5,93.0,0.75,0.0
0cc33f200bdd11eba7f7acde48001122,chunk_packed_96,chunk,packed,0.0,0.0,0.0,0.0,0.0,0.0,92.0,0.5,0.0
8d1e4c000bdd11eba7f7acde48001122,chunk_packed_96,chunk,packed,0.0,0.0,0.0,0.0,0.4713,0.5,87.0,1.0,1.0
d61d3fd20bd911eba7f7acde48001122,chunk_packed_96,chunk,packed,0.0,0.0,0.0,0.5,0.2838,0.5,74.0,0.5,0.0
0db2574e0bde11eba7f7acde48001122,chunk_packed_96,chunk,packed,0.0,0.0,0.0,0.0,0.2135,0.5,89.0,0.5,0.0
48b1e7660bb011ebab90acde48001122,chunk_packed_96,chunk,packed,0.0,0.0,0.0,0.25,0.4421,0.5,95.0,1.0,1.0
004430780bde11eba7f7acde48001122,chunk_packed_96,chunk,packed,0.0,0.0,0.0,0.0,0.0,0.0,78.0,1.0,1.0
fd4096540bd911eba7f7acde48001122,chunk_packed_96,chunk,packed,0.0,0.0,0.0,0.0,0.5684,0.5,95.0,0.5,0.0
1e4d9f2008ff11ebbdadac1f6bf848b6,chunk_packed_96,chunk,packed,1.0,1.0,0.0,0.0,0.3556,0.5,90.0,1.0,1.0
0e161d6c084e11ebbd56ac1f6bf848b6,chunk_packed_96,chunk,packed,0.0,0.0,0.0,0.0,0.169,0.25,71.0,0.5,0.0
fe41a8aa0bdd11eba7f7acde48001122,chunk_packed_96,chunk,packed,0.0,0.0,0.0,0.0,0.6932,0.5,88.0,0.5,0.0
db371cbb088011ebbd6dac1f6bf848b6,chunk_packed_96,chunk,packed,0.0,0.0,0.0,0.0,0.3936,0.5,94.0,1.0,1.0
505a04cc0baf11ebab90acde48001122,chunk_packed_96,chunk,packed,0.0,0.0,0.0,0.0,0.2979,0.5,94.0,0.5,0.0
5cd6974c0bdc11eba7f7acde48001122,chunk_packed_96,chunk,packed,0.0,0.0,0.0,0.0,0.6375,0.5,80.0,0.5,0.0
c6fe0968091111ebbdadac1f6bf848b6,chunk_packed_96,chunk,packed,0.0,0.0,0.0,0.0,0.0,0.0,89.0,1.0,1.0
aaaeeb220baf11ebab90acde48001122,chunk_packed_96,chunk,packed,0.0,0.0,0.0,0.5,0.0,0.0,82.0,0.5,0.0
5029152e085d11ebbd5cac1f6bf848b6,chunk_packed_96,chunk,packed,1.0,1.0,1.0,1.0,0.4211,0.5,95.0,1.0,1.0
beaf107f089a11ebbd77ac1f6bf848b6,chunk_packed_96,chunk,packed,0.0,0.0,0.0,0.0,0.0,0.0,90.0,1.0,1.0
0961bb2808c611ebbd90ac1f6bf848b6,chunk_packed_96,chunk,packed,0.0,0.0,0.0,0.8333,0.8272,0.5,81.0,0.5,0.0
8854559c08b911ebbd88ac1f6bf848b6,chunk_packed_96,chunk,packed,1.0,1.0,1.0,1.0,0.2979,1.0,94.0,1.0,1.0
09c3e79c0bde11eba7f7acde48001122,chunk_packed_96,chunk,packed,0.0,0.0,0.0,0.0,0.9032,0.5,93.0,0.5,0.0
59603ef00bdd11eba7f7acde48001122,chunk_packed_96,chunk,packed,0.0,0.0,0.0,0.0,0.0,0.0,90.0,0.5,0.0
13c15658087311ebbd66ac1f6bf848b6,chunk_packed_96,chunk,packed,1.0,1.0,1.0,1.0,0.5479,0.25,73.0,0.75,0.0
3de5f3d60bdd11eba7f7acde48001122,chunk_packed_96,chunk,packed,0.0,0.0,0.0,0.0,0.3372,0.5,86.0,0.5,0.0
08ceb92e0bda11eba7f7acde48001122,chunk_packed_96,chunk,packed,0.0,0.0,0.0,0.0,0.0,0.0,91.0,0.5,0.0
1b053aca0bdd11eba7f7acde48001122,chunk_packed_96,chunk,packed,0.0,0.0,0.0,0.0,0.3214,0.5,84.0,0.5,0.0
dfee66b608c911ebbd92ac1f6bf848b6,chunk_packed_96,chunk,packed,0.0,0.0,0.0,0.0,0.3229,0.5,96.0,1.0,1.0
23ae34720bda11eba7f7acde48001122,chunk_packed_96,chunk,packed,0.0,0.0,0.0,0.0,0.0,0.0,73.0,0.5,0.0
91f8aeb508b811ebbd88ac1f6bf848b6,chunk_packed_96,chunk,packed,1.0,1.0,1.0,1.0,1.0,0.5,95.0,0.5,0.0
84b2e1e708ce11ebbd94ac1f6bf848b6,chunk_packed_96,chunk,packed,0.0,0.0,0.0,0.0,0.0,0.0,81.0,1.0,1.0
9c1de1cf08b111ebbd85ac1f6bf848b6,chunk_packed_96,chunk,packed,1.0,1.0,0.0,0.0,0.5,0.5,82.0,1.0,1.0
4bc286620bde11eba7f7acde48001122,chunk_packed_96,chunk,packed,0.0,0.0,0.0,0.0,0.0,0.0,83.0,1.0,1.0
b4f63414088511ebbd6dac1f6bf848b6,chunk_packed_96,chunk,packed,0.0,0.0,0.0,0.0,0.275,0.5,80.0,1.0,1.0
5cc7e4f20bd911eba7f7acde48001122,chunk_packed_96,chunk,packed,0.0,0.0,0.0,0.0,0.3765,0.5,85.0,0.5,0.0
7d8986360bda11eba7f7acde48001122,chunk_packed_96,chunk,packed,0.0,0.0,0.0,0.0,0.0,0.0,68.0,0.5,0.0
d3493f98086611ebbd5eac1f6bf848b6,chunk_packed_96,chunk,packed,1.0,1.0,1.0,1.0,1.0,1.0,96.0,1.0,1.0
29306dfc0bda11eba7f7acde48001122,chunk_packed_96,chunk,packed,0.0,0.0,0.0,0.0,0.0,0.0,69.0,0.5,0.0
d105363b086e11ebbd62ac1f6bf848b6,chunk_packed_96,chunk,packed,0.0,0.1818,1.0,1.0,0.4545,1.0,88.0,1.0,1.0
350112e4085b11ebbd5cac1f6bf848b6,chunk_packed_96,chunk,packed,0.0,0.0,0.0,0.0,0.3053,0.25,95.0,0.5,0.0
27e926ca0bb011ebab90acde48001122,chunk_packed_96,chunk,packed,0.0,0.0,0.0,0.5,0.0,0.0,89.0,0.5,0.0
650ee40e0bdd11eba7f7acde48001122,chunk_packed_96,chunk,packed,0.0,0.0,0.0,0.0,0.0,0.0,91.0,0.5,0.0
43765d20087411ebbd67ac1f6bf848b6,chunk_packed_96,chunk,packed,0.0,0.0,0.0,0.0,0.2644,0.25,87.0,0.5,0.0
ab5beae00bda11eba7f7acde48001122,chunk_packed_96,chunk,packed,0.0,0.0,0.0,0.0,0.4681,0.5,94.0,0.5,0.0
95c505f4097f11ebbdb0ac1f6bf848b6,chunk_packed_96,chunk,packed,0.0,0.0,1.0,1.0,0.2581,0.5,93.0,1.0,1.0
fb9a9b0c089011ebbd72ac1f6bf848b6,chunk_packed_96,chunk,packed,0.0,0.0,1.0,1.0,0.3778,0.5,90.0,1.0,1.0
d4708a220bd911eba7f7acde48001122,chunk_packed_96,chunk,packed,0.0,0.0,0.0,0.0,0.2979,0.5,94.0,0.5,0.0
b2a1b19e096e11ebbdb0ac1f6bf848b6,chunk_packed_96,chunk,packed,0.0,0.0,0.0,0.0,0.7458,0.5,59.0,1.0,1.0
0c3675d40bda11eba7f7acde48001122,chunk_packed_96,chunk,packed,0.0,0.0,0.0,0.0,0.0,0.0,86.0,0.5,0.0
19cae67d097711ebbdb0ac1f6bf848b6,chunk_packed_96,chunk,packed,1.0,1.0,1.0,1.0,0.5978,1.0,92.0,1.0,1.0
7257a60608cb11ebbd92ac1f6bf848b6,chunk_packed_96,chunk,packed,0.0,0.0,0.0,0.0,0.3895,0.25,95.0,0.5,0.0
3f1b7d3b086c11ebbd61ac1f6bf848b6,chunk_packed_96,chunk,packed,0.0,0.0,0.0,0.0,0.6923,0.25,78.0,0.75,0.0
8d8c678b085911ebbd5bac1f6bf848b6,chunk_packed_96,chunk,packed,1.0,1.0,1.0,1.0,0.4896,0.5,96.0,0.5,0.0
e5bc717c0bdb11eba7f7acde48001122,chunk_packed_96,chunk,packed,0.0,0.0,0.0,0.0,0.8023,0.5,86.0,1.0,1.0
57dabdf1091c11ebbdaeac1f6bf848b6,chunk_packed_96,chunk,packed,0.0,0.0,0.0,0.0,1.0,1.0,89.0,1.0,1.0
60bb44320bd911eba7f7acde48001122,chunk_packed_96,chunk,packed,0.0,0.0,0.0,0.0,0.4375,0.5,96.0,1.0,1.0
d428aedc08a011ebbd78ac1f6bf848b6,chunk_packed_96,chunk,packed,1.0,1.0,1.0,1.0,1.0,0.5,84.0,0.5,0.0
4ef0d0c80bde11eba7f7acde48001122,chunk_packed_96,chunk,packed,0.0,0.0,1.0,1.0,0.8854,1.0,96.0,1.0,1.0
1ebbc9b20bde11eba7f7acde48001122,chunk_packed_96,chunk,packed,0.0,0.0,0.0,0.0,0.0,0.0,81.0,0.5,0.0
958dc314091911ebbdaeac1f6bf848b6,chunk_packed_96,chunk,packed,0.0,0.0,0.0,0.0,0.6585,1.0,82.0,1.0,1.0
3e75a2b908bf11ebbd8aac1f6bf848b6,chunk_packed_96,chunk,packed,1.0,1.0,1.0,1.0,0.4557,0.5,79.0,1.0,1.0
c3f2f69a094411ebbdaeac1f6bf848b6,chunk_packed_96,chunk,packed,0.0,0.0,0.0,0.0,0.0,0.0,66.0,1.0,1.0
66eefd9e0bde11eba7f7acde48001122,chunk_packed_96,chunk,packed,0.0,0.0,0.0,0.0,0.4176,0.5,91.0,0.5,0.0
658f9a300bd911eba7f7acde48001122,chunk_packed_96,chunk,packed,0.0,0.0,0.0,0.0,0.0,0.0,81.0,0.5,0.0
5ff9cc8c0baf11ebab90acde48001122,chunk_packed_96,chunk,packed,0.0,0.0,0.0,0.2,0.0,0.0,78.0,1.0,1.0
cc19962c0bdc11eba7f7acde48001122,chunk_packed_96,chunk,packed,0.0,0.0,0.0,0.0,0.3704,0.5,81.0,0.5,0.0
774fa4e20bdc11eba7f7acde48001122,chunk_packed_96,chunk,packed,0.0,0.0,0.0,0.3333,0.0,0.0,94.0,1.0,1.0
284e2815085811ebbd5aac1f6bf848b6,chunk_packed_96,chunk,packed,0.0,0.0,1.0,1.0,0.6848,0.5,92.0,0.5,0.0
5cd23bea0bda11eba7f7acde48001122,chunk_packed_96,chunk,packed,0.0,0.0,0.0,0.0,0.7059,0.5,85.0,0.5,0.0
b9687149089811ebbd77ac1f6bf848b6,chunk_packed_96,chunk,packed,0.0,0.0,0.0,0.0,0.1489,0.25,94.0,0.25,0.0
318ebd55087f11ebbd6bac1f6bf848b6,chunk_packed_96,chunk,packed,0.0,0.0,1.0,1.0,0.5806,0.5,93.0,0.5,0.0
60814b660bb011ebab90acde48001122,chunk_packed_96,chunk,packed,0.0,0.0,0.0,0.3333,0.3721,0.5,86.0,0.5,0.0
6c7f03240bdb11eba7f7acde48001122,chunk_packed_96,chunk,packed,0.0,0.0,0.0,0.0,0.0,0.0,78.0,0.5,0.0
b68527e40bdd11eba7f7acde48001122,chunk_packed_96,chunk,packed,0.0,0.0,0.0,0.0,0.0,0.0,95.0,0.5,0.0
eb9a4b7c0bdc11eba7f7acde48001122,chunk_packed_96,chunk,packed,0.0,0.0,0.0,0.0,0.3263,0.5,95.0,1.0,1.0
63ccce2308cb11ebbd92ac1f6bf848b6,chunk_packed_96,chunk,packed,1.0,1.0,1.0,1.0,0.8409,1.0,88.0,1.0,1.0
4a6714f608d011ebbd95ac1f6bf848b6,chunk_packed_96,chunk,packed,1.0,1.0,1.0,1.0,0.4468,0.25,94.0,0.5,0.0
251db78c0bdb11eba7f7acde48001122,chunk_packed_96,chunk,packed,0.0,0.0,0.0,0.0,0.3895,0.5,95.0,0.5,0.0
cc6b0e9e084e11ebbd56ac1f6bf848b6,chunk_packed_96,chunk,packed,1.0,1.0,0.0,0.0,0.3784,0.25,74.0,0.75,0.0
b16d1ab40bdd11eba7f7acde48001122,chunk_packed_96,chunk,packed,0.0,0.0,1.0,1.0,0.5556,1.0,90.0,1.0,1.0
e171d29a0bdd11eba7f7acde48001122,chunk_packed_96,chunk,packed,0.0,0.0,0.0,0.3333,0.0,0.0,65.0,0.5,0.0
901658be084d11ebbd56ac1f6bf848b6,chunk_packed_96,chunk,packed,1.0,1.0,1.0,1.0,1.0,0.75,96.0,0.75,0.0
042bf49e0bdb11eba7f7acde48001122,chunk_packed_96,chunk,packed,0.0,0.0,0.0,0.0,0.1895,0.5,95.0,0.5,0.0
4d559f400bda11eba7f7acde48001122,chunk_packed_96,chunk,packed,0.0,0.0,0.0,0.0,0.4066,0.5,91.0,0.5,0.0
0d232356091511ebbdadac1f6bf848b6,chunk_packed_96,chunk,packed,0.0,0.0,0.0,0.0,0.7634,0.5,93.0,1.0,1.0
1ed79b0a087411ebbd67ac1f6bf848b6,chunk_packed_96,chunk,packed,0.0,0.0,0.0,0.5,0.0,0.0,91.0,1.0,1.0
f21ab6980bdd11eba7f7acde48001122,chunk_packed_96,chunk,packed,0.0,0.0,0.0,0.0,0.4235,0.5,85.0,0.5,0.0
1c593ac008ae11ebbd83ac1f6bf848b6,chunk_packed_96,chunk,packed,0.0,0.0,0.0,0.0,0.3111,0.25,90.0,0.5,0.0
eb18a27a0baf11ebab90acde48001122,chunk_packed_96,chunk,packed,0.0,0.0,0.0,0.5,0.2727,0.5,88.0,0.5,0.0
bedf588e0baf11ebab90acde48001122,chunk_packed_96,chunk,packed,0.0,0.0,0.0,0.0,0.0,0.0,94.0,0.5,0.0
fffc59fc088f11ebbd72ac1f6bf848b6,chunk_packed_96,chunk,packed,1.0,1.0,0.0,0.3333,0.5,0.25,76.0,0.5,0.0
e2cadf420bdd11eba7f7acde48001122,chunk_packed_96,chunk,packed,0.0,0.0,0.0,0.0,0.5914,0.5,93.0,1.0,1.0
337c710c08b511ebbd88ac1f6bf848b6,chunk_packed_96,chunk,packed,1.0,1.0,0.0,0.3333,0.4831,0.5,89.0,1.0,1.0
62df628e0bde11eba7f7acde48001122,chunk_packed_96,chunk,packed,0.0,0.0,0.0,0.0,0.0,0.0,92.0,1.0,1.0
a1f532760bdb11eba7f7acde48001122,chunk_packed_96,chunk,packed,0.0,0.0,1.0,1.0,0.3333,0.5,96.0,1.0,1.0
5dea5497089b11ebbd78ac1f6bf848b6,chunk_packed_96,chunk,packed,0.0,0.0,1.0,1.0,0.1348,0.25,89.0,0.25,0.0
c6d520840bda11eba7f7acde48001122,chunk_packed_96,chunk,packed,0.0,0.0,1.0,1.0,0.1818,0.5,88.0,1.0,1.0
66c00bf60bde11eba7f7acde48001122,chunk_packed_96,chunk,packed,0.0,0.0,0.0,0.0,0.5789,0.5,95.0,0.5,0.0
95ab4cac0bdc11eba7f7acde48001122,chunk_packed_96,chunk,packed,0.0,0.0,1.0,1.0,0.2857,0.5,77.0,1.0,1.0
27b8af06088e11ebbd70ac1f6bf848b6,chunk_packed_96,chunk,packed,0.0,0.0,0.0,0.0,0.4301,0.25,93.0,0.75,0.0
50f1350208af11ebbd83ac1f6bf848b6,chunk_packed_96,chunk,packed,0.0,0.0,0.0,0.0,0.4105,0.25,95.0,0.5,0.0
68a60785087511ebbd67ac1f6bf848b6,chunk_packed_96,chunk,packed,0.0,0.0,0.0,0.8333,0.2051,0.5,78.0,1.0,1.0
9e68b794091311ebbdadac1f6bf848b6,chunk_packed_96,chunk,packed,0.0,0.0,0.0,0.0,0.3438,0.5,96.0,1.0,1.0
d922570808dc11ebbd9dac1f6bf848b6,chunk_packed_96,chunk,packed,0.0,0.0,0.0,0.0,0.0,0.0,96.0,1.0,1.0
fd5a8ea0086711ebbd5eac1f6bf848b6,chunk_packed_96,chunk,packed,1.0,1.0,1.0,1.0,0.6344,1.0,93.0,1.0,1.0
dff7c3b60bdd11eba7f7acde48001122,chunk_packed_96,chunk,packed,0.0,0.0,0.0,0.0,0.0,0.0,77.0,0.5,0.0
75c64fb00bda11eba7f7acde48001122,chunk_packed_96,chunk,packed,0.0,0.0,0.0,0.3333,0.284,0.5,81.0,0.5,0.0
43acd28e0bde11eba7f7acde48001122,chunk_packed_96,chunk,packed,0.0,0.0,0.0,0.0,0.0,0.0,96.0,0.5,0.0
86afde360bda11eba7f7acde48001122,chunk_packed_96,chunk,packed,0.0,0.0,0.0,0.0,0.1368,0.5,95.0,0.5,0.0
2a7d95fc0bdc11eba7f7acde48001122,chunk_packed_96,chunk,packed,0.0,0.0,0.0,0.0,0.4737,0.5,76.0,0.5,0.0
7de481100baf11ebab90acde48001122,chunk_packed_96,chunk,packed,0.0,0.0,0.0,0.3333,0.0,0.0,77.0,0.5,0.0
d8df66240bdd11eba7f7acde48001122,chunk_packed_96,chunk,packed,0.0,0.0,0.0,0.5,0.0,0.0,91.0,1.0,1.0
2e925d6a0bde11eba7f7acde48001122,chunk_packed_96,chunk,packed,0.0,0.0,0.0,0.0,0.0,0.0,90.0,1.0,1.0
4b879bd6087a11ebbd67ac1f6bf848b6,chunk_packed_96,chunk,packed,1.0,1.0,0.0,0.0,0.2439,0.25,82.0,0.5,0.0
eb30f33c086611ebbd5eac1f6bf848b6,chunk_packed_96,chunk,packed,0.0,0.0,0.0,0.0,0.0,0.0,94.0,1.0,1.0
59f0b4d608b211ebbd85ac1f6bf848b6,chunk_packed_96,chunk,packed,1.0,1.0,1.0,1.0,0.7826,1.0,92.0,1.0,1.0
ef48a3720baf11ebab90acde48001122,chunk_packed_96,chunk,packed,0.0,0.0,0.0,0.75,0.0,0.0,69.0,0.5,0.0
39c32aa2086411ebbd5eac1f6bf848b6,chunk_packed_96,chunk,packed,0.0,0.0,0.0,0.0,0.2836,0.5,67.0,1.0,1.0
4b11ef0808cf11ebbd95ac1f6bf848b6,chunk_packed_96,chunk,packed,0.0,0.0,1.0,1.0,0.7821,0.5,78.0,0.5,0.0
354ab1c408e211ebbda3ac1f6bf848b6,chunk_packed_96,chunk,packed,1.0,1.0,1.0,1.0,1.0,0.5,94.0,0.5,0.0
4293552c0bb011ebab90acde48001122,chunk_packed_96,chunk,packed,0.0,0.0,0.0,0.3333,0.0,0.0,92.0,1.0,1.0
2a234d2d089911ebbd77ac1f6bf848b6,chunk_packed_96,chunk,packed,1.0,1.0,0.0,0.3333,0.6353,0.5,85.0,1.0,1.0
565785740bb011ebab90acde48001122,chunk_packed_96,chunk,packed,0.0,0.0,0.0,0.0,0.0,0.0,79.0,0.5,0.0
511af4e80baf11ebab90acde48001122,chunk_packed_96,chunk,packed,0.0,0.0,0.0,0.6,0.0,0.0,82.0,0.5,0.0
227adf2c086c11ebbd60ac1f6bf848b6,chunk_packed_96,chunk,packed,1.0,1.0,1.0,1.0,0.7634,0.5,93.0,0.5,0.0
bac99ab40bd911eba7f7acde48001122,chunk_packed_96,chunk,packed,0.0,0.0,0.0,0.25,0.1895,0.5,95.0,0.5,0.0
c001b9b40bdc11eba7f7acde48001122,chunk_packed_96,chunk,packed,0.0,0.0,0.0,0.0,0.0,0.0,82.0,0.5,0.0
c31b2d920bdc11eba7f7acde48001122,chunk_packed_96,chunk,packed,0.0,0.0,0.0,0.0,0.3596,0.5,89.0,0.5,0.0
13288e3a090b11ebbdadac1f6bf848b6,chunk_packed_96,chunk,packed,0.0,0.0,1.0,1.0,0.0,0.0,80.0,0.5,0.0
f62ae4f9096911ebbdafac1f6bf848b6,chunk_packed_96,chunk,packed,1.0,1.0,1.0,1.0,0.5823,1.0,79.0,1.0,1.0
4bb64b540bde11eba7f7acde48001122,chunk_packed_96,chunk,packed,0.0,0.0,0.0,0.25,0.5104,0.5,96.0,0.5,0.0
4facc3320bd911eba7f7acde48001122,chunk_packed_96,chunk,packed,0.0,0.0,0.0,0.5,0.0,0.0,89.0,0.5,0.0
af07336e0bdc11eba7f7acde48001122,chunk_packed_96,chunk,packed,0.0,0.0,0.0,0.0,0.4023,0.5,87.0,0.5,0.0
06ceba5e0bb011ebab90acde48001122,chunk_packed_96,chunk,packed,0.0,0.0,0.0,0.6667,0.2976,0.5,84.0,0.5,0.0
5a7f3e9d08e711ebbda6ac1f6bf848b6,chunk_packed_96,chunk,packed,0.0,0.0,0.0,0.0,0.3579,0.5,95.0,1.0,1.0
eee1f0af085911ebbd5bac1f6bf848b6,chunk_packed_96,chunk,packed,1.0,1.0,0.0,0.0,0.5325,0.5,77.0,1.0,1.0
7019886b093511ebbdaeac1f6bf848b6,chunk_packed_96,chunk,packed,1.0,1.0,1.0,1.0,0.3474,0.5,95.0,1.0,1.0
8326634a08a111ebbd79ac1f6bf848b6,chunk_packed_96,chunk,packed,0.0,0.0,0.0,0.0,0.1975,0.5,81.0,1.0,1.0
c74ed73b088d11ebbd70ac1f6bf848b6,chunk_packed_96,chunk,packed,1.0,1.0,1.0,1.0,0.8462,0.5,91.0,0.5,0.0
2f3c0934087b11ebbd67ac1f6bf848b6,chunk_packed_96,chunk,packed,0.0,0.0,0.0,0.0,0.369,0.25,84.0,0.5,0.0
0ccfc77808c611ebbd90ac1f6bf848b6,chunk_packed_96,chunk,packed,1.0,1.0,1.0,1.0,0.1263,0.25,95.0,0.5,0.0
5136616008b211ebbd85ac1f6bf848b6,chunk_packed_96,chunk,packed,1.0,1.0,1.0,1.0,0.8065,0.5,93.0,0.5,0.0
afcff22e0bda11eba7f7acde48001122,chunk_packed_96,chunk,packed,0.0,0.0,0.0,0.0,0.3229,0.5,96.0,0.5,0.0
986625bc0bdb11eba7f7acde48001122,chunk_packed_96,chunk,packed,0.0,0.0,0.0,0.0,0.0,0.0,80.0,0.5,0.0
290458a20bda11eba7f7acde48001122,chunk_packed_96,chunk,packed,0.0,0.0,0.0,0.0,0.0,0.0,92.0,0.5,0.0
7eeba090088d11ebbd70ac1f6bf848b6,chunk_packed_96,chunk,packed,1.0,1.0,1.0,1.0,0.3544,1.0,79.0,1.0,1.0
56c3a6c20bd911eba7f7acde48001122,chunk_packed_96,chunk,packed,0.0,0.0,0.0,0.0,0.6304,0.5,92.0,1.0,1.0
0d118fb00bdb11eba7f7acde48001122,chunk_packed_96,chunk,packed,0.0,0.0,0.0,0.0,0.6582,0.5,79.0,0.5,0.0
07fce4900bde11eba7f7acde48001122,chunk_packed_96,chunk,packed,0.0,0.0,0.0,0.0,0.3696,0.5,92.0,0.5,0.0
9ff14fea0baf11ebab90acde48001122,chunk_packed_96,chunk,packed,0.0,0.0,0.0,0.0,0.2759,0.5,87.0,0.5,0.0
955ddc6a0bdc11eba7f7acde48001122,chunk_packed_96,chunk,packed,0.0,0.0,0.0,0.0,0.2759,0.5,87.0,0.5,0.0
50b9582c0bb011ebab90acde48001122,chunk_packed_96,chunk,packed,0.0,0.0,0.0,0.3333,0.3194,0.5,72.0,1.0,1.0
1b7752be0bdc11eba7f7acde48001122,chunk_packed_96,chunk,packed,0.0,0.0,0.0,0.0,0.0,0.0,91.0,0.5,0.0
f31d38460bdc11eba7f7acde48001122,chunk_packed_96,chunk,packed,0.0,0.0,0.0,0.0,0.0,0.0,80.0,1.0,1.0
dd01c8180bd911eba7f7acde48001122,chunk_packed_96,chunk,packed,0.0,0.0,0.0,0.0,0.0,0.0,91.0,1.0,1.0
afc6b59708b611ebbd88ac1f6bf848b6,chunk_packed_96,chunk,packed,1.0,1.0,0.0,0.0,0.0,0.0,96.0,0.5,0.0
df66ea220bdc11eba7f7acde48001122,chunk_packed_96,chunk,packed,0.0,0.0,0.0,0.0,0.3333,0.5,96.0,1.0,1.0
a84ba2780bda11eba7f7acde48001122,chunk_packed_96,chunk,packed,0.0,0.0,0.0,0.0,0.0,0.0,89.0,0.0,0.0
c418fa2408e811ebbda6ac1f6bf848b6,chunk_packed_96,chunk,packed,0.0,0.0,0.0,0.6667,0.1222,0.5,90.0,0.5,0.0
96beb0b3086111ebbd5dac1f6bf848b6,chunk_packed_96,chunk,packed,1.0,1.0,1.0,1.0,0.6932,1.0,88.0,1.0,1.0
74b171780bde11eba7f7acde48001122,chunk_packed_96,chunk,packed,0.0,0.0,0.0,0.0,0.0,0.0,88.0,0.5,0.0
8930ad3c0bdc11eba7f7acde48001122,chunk_packed_96,chunk,packed,0.0,0.0,0.0,0.0,0.4607,0.5,89.0,0.5,0.0
51a08d5308ac11ebbd82ac1f6bf848b6,chunk_packed_96,chunk,packed,1.0,1.0,1.0,1.0,0.3404,0.5,94.0,1.0,1.0
b4254d4c0bda11eba7f7acde48001122,chunk_packed_96,chunk,packed,0.0,0.0,0.0,0.0,0.5366,0.5,82.0,0.5,0.0
f77f95da0bd911eba7f7acde48001122,chunk_packed_96,chunk,packed,0.0,0.0,0.0,0.0,0.2593,0.5,81.0,0.5,0.0
3581ccec0bdd11eba7f7acde48001122,chunk_packed_96,chunk,packed,0.0,0.0,0.0,0.0,0.0,0.0,81.0,0.0,0.0
20058aec0bde11eba7f7acde48001122,chunk_packed_96,chunk,packed,0.0,0.0,0.0,0.0,0.4375,0.5,96.0,1.0,1.0
f4a66ac60bae11ebab90acde48001122,chunk_packed_96,chunk,packed,0.0,0.2,0.0,0.6667,0.0,0.0,96.0,0.5,0.0
001ad110086911ebbd5eac1f6bf848b6,chunk_packed_96,chunk,packed,0.0,0.0,0.0,0.0,0.0,0.0,83.0,0.5,0.0
b3c4b3a80bdd11eba7f7acde48001122,chunk_packed_96,chunk,packed,0.0,0.0,0.0,0.0,0.0,0.0,73.0,0.5,0.0
38fdf5420bda11eba7f7acde48001122,chunk_packed_96,chunk,packed,0.0,0.0,0.0,0.0,0.4103,0.5,78.0,0.5,0.0
6a53eb53089b11ebbd78ac1f6bf848b6,chunk_packed_96,chunk,packed,0.0,0.0,0.0,0.0,0.4333,0.5,60.0,1.0,1.0
4c319d400bde11eba7f7acde48001122,chunk_packed_96,chunk,packed,0.0,0.0,0.0,0.0,0.4842,0.5,95.0,1.0,1.0
998f8786089711ebbd77ac1f6bf848b6,chunk_packed_96,chunk,packed,1.0,1.0,1.0,1.0,0.4409,0.25,93.0,0.5,0.0
0b78b1e9087411ebbd67ac1f6bf848b6,chunk_packed_96,chunk,packed,0.0,0.0,0.0,0.0,0.5116,0.5,86.0,1.0,1.0
632fcc82085611ebbd59ac1f6bf848b6,chunk_packed_96,chunk,packed,0.0,0.0,1.0,1.0,0.4494,1.0,89.0,1.0,1.0
272062fc088c11ebbd6fac1f6bf848b6,chunk_packed_96,chunk,packed,0.0,0.0,0.0,0.0,0.3708,0.25,89.0,0.25,0.0
241a9d0c0bde11eba7f7acde48001122,chunk_packed_96,chunk,packed,0.0,0.0,0.0,0.0,0.0,0.0,94.0,0.5,0.0
c6c492e008bb11ebbd88ac1f6bf848b6,chunk_packed_96,chunk,packed,0.0,0.0,0.0,0.0,0.2121,0.5,66.0,1.0,1.0
b67ef6380bda11eba7f7acde48001122,chunk_packed_96,chunk,packed,0.0,0.0,0.0,0.0,0.0,0.0,88.0,0.5,0.0
4a3edf720bdc11eba7f7acde48001122,chunk_packed_96,chunk,packed,0.0,0.0,0.0,0.3333,0.0,0.0,84.0,0.5,0.0
b21084c2097c11ebbdb0ac1f6bf848b6,chunk_packed_96,chunk,packed,0.0,0.0,0.0,0.0,0.625,1.0,96.0,1.0,1.0
f5c9a3f2086111ebbd5dac1f6bf848b6,chunk_packed_96,chunk,packed,0.0,0.0,1.0,1.0,0.3467,0.5,75.0,1.0,1.0
1a344858086711ebbd5eac1f6bf848b6,chunk_packed_96,chunk,packed,1.0,1.0,1.0,1.0,0.6632,0.5,95.0,0.5,0.0
dac1f66e0bdd11eba7f7acde48001122,chunk_packed_96,chunk,packed,0.0,0.0,0.0,0.0,0.6875,0.5,64.0,1.0,1.0
141636ac0bdc11eba7f7acde48001122,chunk_packed_96,chunk,packed,0.0,0.0,0.0,0.0,0.0,0.0,79.0,1.0,1.0
48b07de00bb011ebab90acde48001122,chunk_packed_96,chunk,packed,0.0,0.2222,0.0,0.8571,0.3448,0.5,87.0,1.0,1.0
ad193b1808b411ebbd88ac1f6bf848b6,chunk_focused_96,chunk,focused,1.0,1.0,1.0,1.0,1.0,0.5,96.0,0.5,0.0
5b168cd8089811ebbd77ac1f6bf848b6,chunk_focused_96,chunk,focused,1.0,1.0,1.0,1.0,0.7708,1.0,96.0,1.0,1.0
b23a2b360baf11ebab90acde48001122,chunk_focused_96,chunk,focused,0.0,0.0,0.0,0.0,1.0,0.5,79.0,1.0,1.0
c5ffa16a0bdb11eba7f7acde48001122,chunk_focused_96,chunk,focused,0.0,0.0,0.0,0.0,0.8289,0.5,76.0,0.5,0.0
eb3ff1900baf11ebab90acde48001122,chunk_focused_96,chunk,focused,0.0,0.0,0.0,0.6,0.4681,0.5,94.0,1.0,1.0
59a16ade0baf11ebab90acde48001122,chunk_focused_96,chunk,focused,0.0,0.0,0.0,0.0,1.0,0.5,82.0,0.5,0.0
5c9ef1d80bdd11eba7f7acde48001122,chunk_focused_96,chunk,focused,0.0,0.0,0.0,0.0,0.0,0.0,89.0,0.5,0.0
a537c442086d11ebbd62ac1f6bf848b6,chunk_focused_96,chunk,focused,1.0,1.0,1.0,1.0,0.4588,0.25,85.0,0.5,0.0
01588f7208be11ebbd8aac1f6bf848b6,chunk_focused_96,chunk,focused,1.0,1.0,1.0,1.0,0.6383,0.25,94.0,0.5,0.0
6b55ac320bdb11eba7f7acde48001122,chunk_focused_96,chunk,focused,0.0,0.0,0.0,0.0,0.6977,0.5,86.0,1.0,1.0
fde95590089c11ebbd78ac1f6bf848b6,chunk_focused_96,chunk,focused,1.0,1.0,0.0,0.0,0.6354,0.5,96.0,1.0,1.0
1f8a41b60bde11eba7f7acde48001122,chunk_focused_96,chunk,focused,0.0,0.0,0.0,0.0,0.3678,0.5,87.0,1.0,1.0
50008e080bda11eba7f7acde48001122,chunk_focused_96,chunk,focused,0.0,0.0,0.0,0.0,0.0,0.0,93.0,0.5,0.0
9f62be2008ac11ebbd83ac1f6bf848b6,chunk_focused_96,chunk,focused,0.0,0.0,0.0,0.0,0.0,0.0,95.0,1.0,1.0
6bb800f00bde11eba7f7acde48001122,chunk_focused_96,chunk,focused,0.0,0.0,1.0,1.0,0.7708,0.5,96.0,1.0,1.0
1822cbb4089111ebbd72ac1f6bf848b6,chunk_focused_96,chunk,focused,1.0,1.0,1.0,1.0,0.8158,0.5,76.0,0.5,0.0
87154f1e0bda11eba7f7acde48001122,chunk_focused_96,chunk,focused,0.0,0.0,0.0,0.0,0.411,0.5,73.0,0.5,0.0
709430f20bda11eba7f7acde48001122,chunk_focused_96,chunk,focused,0.0,0.0,0.0,0.0,0.4421,1.0,95.0,1.0,1.0
1aecfdf608a011ebbd78ac1f6bf848b6,chunk_focused_96,chunk,focused,1.0,1.0,0.0,0.6667,1.0,1.0,80.0,1.0,1.0
03d68971096e11ebbdb0ac1f6bf848b6,chunk_focused_96,chunk,focused,0.0,0.0,0.0,0.0,0.3763,0.5,93.0,1.0,1.0
8a6eec600bda11eba7f7acde48001122,chunk_focused_96,chunk,focused,0.0,0.0,0.0,0.0,0.7816,0.5,87.0,1.0,1.0
3497795008bb11ebbd88ac1f6bf848b6,chunk_focused_96,chunk,focused,0.0,0.0,0.0,0.3333,0.4713,0.25,87.0,0.5,0.0
305e54500bde11eba7f7acde48001122,chunk_focused_96,chunk,focused,0.0,0.0,0.0,0.0,0.5233,0.5,86.0,0.5,0.0
6aa8edb5086411ebbd5eac1f6bf848b6,chunk_focused_96,chunk,focused,1.0,1.0,1.0,1.0,0.5978,0.5,92.0,1.0,1.0
4a8d58f0085811ebbd5aac1f6bf848b6,chunk_focused_96,chunk,focused,1.0,1.0,1.0,1.0,0.617,0.25,94.0,0.5,0.0
00ce250d095f11ebbdafac1f6bf848b6,chunk_focused_96,chunk,focused,0.0,0.0,1.0,1.0,1.0,1.0,82.0,1.0,1.0
c6128932093b11ebbdaeac1f6bf848b6,chunk_focused_96,chunk,focused,0.0,0.0,1.0,1.0,0.8526,0.5,95.0,1.0,1.0
d6c5f2680bdd11eba7f7acde48001122,chunk_focused_96,chunk,focused,0.0,0.0,1.0,1.0,0.3021,0.5,96.0,0.5,0.0
07626317086e11ebbd62ac1f6bf848b6,chunk_focused_96,chunk,focused,0.0,0.0,0.0,0.0,1.0,0.5,70.0,0.75,0.0
61f9bff8089711ebbd77ac1f6bf848b6,chunk_focused_96,chunk,focused,0.0,0.0,1.0,1.0,0.8646,0.5,96.0,0.5,0.0
c3e1ad9e090d11ebbdadac1f6bf848b6,chunk_focused_96,chunk,focused,0.0,0.0,1.0,1.0,1.0,1.0,72.0,1.0,1.0
093fcf360bdc11eba7f7acde48001122,chunk_focused_96,chunk,focused,0.0,0.0,0.0,0.0,0.5287,0.5,87.0,0.5,0.0
6a419ba2087611ebbd67ac1f6bf848b6,chunk_focused_96,chunk,focused,1.0,1.0,1.0,1.0,0.5714,0.5,91.0,0.5,0.0
9bd0c7e60bdd11eba7f7acde48001122,chunk_focused_96,chunk,focused,0.0,0.0,0.0,0.0,0.0,0.0,86.0,0.5,0.0
fdbb770408da11ebbd9cac1f6bf848b6,chunk_focused_96,chunk,focused,0.0,0.0,0.0,0.0,0.2824,0.25,85.0,0.5,0.0
3cc74fb60bda11eba7f7acde48001122,chunk_focused_96,chunk,focused,0.0,0.0,0.0,0.0,0.5208,0.5,96.0,0.5,0.0
234c4f060bde11eba7f7acde48001122,chunk_focused_96,chunk,focused,0.0,0.0,1.0,1.0,1.0,1.0,90.0,1.0,1.0
c807422a0bda11eba7f7acde48001122,chunk_focused_96,chunk,focused,0.0,0.0,0.0,0.0,0.2824,0.5,85.0,0.5,0.0
77119398087411ebbd67ac1f6bf848b6,chunk_focused_96,chunk,focused,0.0,0.0,0.0,0.0,0.4524,0.5,84.0,1.0,1.0
922587b80bdd11eba7f7acde48001122,chunk_focused_96,chunk,focused,1.0,1.0,1.0,1.0,0.0,0.0,65.0,0.5,0.0
7de9188c088b11ebbd6fac1f6bf848b6,chunk_focused_96,chunk,focused,0.0,0.5714,0.0,0.5,0.3659,0.5,82.0,0.5,0.0
ba3380fe0bdb11eba7f7acde48001122,chunk_focused_96,chunk,focused,0.0,0.0,0.0,0.0,0.0,0.0,79.0,0.5,0.0
710d0e740bde11eba7f7acde48001122,chunk_focused_96,chunk,focused,0.0,0.0,0.0,0.0,0.5376,0.5,93.0,0.5,0.0
562aab540baf11ebab90acde48001122,chunk_focused_96,chunk,focused,0.0,0.0,0.0,0.2,0.2083,0.5,96.0,1.0,1.0
9ab545800bdd11eba7f7acde48001122,chunk_focused_96,chunk,focused,0.0,0.0,0.0,0.0,0.619,0.5,84.0,0.5,0.0
61456758085411ebbd59ac1f6bf848b6,chunk_focused_96,chunk,focused,1.0,1.0,1.0,1.0,0.5412,0.25,85.0,0.5,0.0
26f25e9d089c11ebbd78ac1f6bf848b6,chunk_focused_96,chunk,focused,1.0,1.0,1.0,1.0,0.7791,1.0,86.0,1.0,1.0
ce5bfc90086c11ebbd61ac1f6bf848b6,chunk_focused_96,chunk,focused,0.0,0.0,0.0,0.0,0.5233,0.25,86.0,0.5,0.0
f893967608a811ebbd7fac1f6bf848b6,chunk_focused_96,chunk,focused,1.0,1.0,1.0,1.0,1.0,1.0,89.0,1.0,1.0
346a41b4084e11ebbd56ac1f6bf848b6,chunk_focused_96,chunk,focused,1.0,1.0,1.0,1.0,0.5625,0.5,96.0,0.5,0.0
bcbd76e608a111ebbd79ac1f6bf848b6,chunk_focused_96,chunk,focused,0.0,0.0,1.0,1.0,0.3895,0.5,95.0,0.5,0.0
f26542c808c511ebbd8fac1f6bf848b6,chunk_focused_96,chunk,focused,0.0,0.0,1.0,1.0,0.7312,0.5,93.0,0.5,0.0
5b1e1f240bdc11eba7f7acde48001122,chunk_focused_96,chunk,focused,0.0,0.2857,0.0,0.3333,0.4156,0.5,77.0,0.5,0.0
b146f47c0bda11eba7f7acde48001122,chunk_focused_96,chunk,focused,0.0,0.0,0.0,0.0,0.0,0.0,78.0,1.0,1.0
9c996f860bdb11eba7f7acde48001122,chunk_focused_96,chunk,focused,0.0,0.0,0.0,0.0,1.0,0.5,83.0,1.0,1.0
f491b33e0bda11eba7f7acde48001122,chunk_focused_96,chunk,focused,0.0,0.0,0.0,0.0,0.7011,0.5,87.0,0.5,0.0
21d2a107091911ebbdaeac1f6bf848b6,chunk_focused_96,chunk,focused,0.0,0.0,1.0,1.0,1.0,1.0,86.0,1.0,1.0
10e63c10087211ebbd64ac1f6bf848b6,chunk_focused_96,chunk,focused,1.0,1.0,0.0,0.0,0.3871,0.25,93.0,0.5,0.0
5c7ce15a0bde11eba7f7acde48001122,chunk_focused_96,chunk,focused,0.0,0.0,0.0,0.5,0.6111,0.5,90.0,0.5,0.0
b0e112940bdd11eba7f7acde48001122,chunk_focused_96,chunk,focused,0.0,0.0,0.0,0.0,0.3333,0.5,78.0,0.5,0.0
e6a74e020bdd11eba7f7acde48001122,chunk_focused_96,chunk,focused,0.0,0.0,0.0,0.0,0.3297,0.5,91.0,0.5,0.0
0963c8b80bdd11eba7f7acde48001122,chunk_focused_96,chunk,focused,0.0,0.0,0.0,0.0,0.7424,0.5,66.0,0.5,0.0
09beb233086d11ebbd61ac1f6bf848b6,chunk_focused_96,chunk,focused,1.0,1.0,0.0,0.0,1.0,1.0,89.0,1.0,1.0
963fffd60bdd11eba7f7acde48001122,chunk_focused_96,chunk,focused,1.0,1.0,1.0,1.0,0.5161,1.0,93.0,1.0,1.0
f0d6f50c08eb11ebbda7ac1f6bf848b6,chunk_focused_96,chunk,focused,0.0,0.0,0.0,1.0,0.6629,1.0,89.0,1.0,1.0
33d1a6d60bda11eba7f7acde48001122,chunk_focused_96,chunk,focused,0.0,0.0,0.0,0.3333,0.2947,1.0,95.0,1.0,1.0
f31afa16094511ebbdaeac1f6bf848b6,chunk_focused_96,chunk,focused,0.0,0.0,1.0,1.0,0.9457,1.0,92.0,1.0,1.0
3654974a08df11ebbda0ac1f6bf848b6,chunk_focused_96,chunk,focused,1.0,1.0,0.0,0.2,0.3699,0.25,73.0,0.75,0.0
2d2fdefe085311ebbd59ac1f6bf848b6,chunk_focused_96,chunk,focused,0.0,0.0,0.0,0.5,0.0,0.0,90.0,1.0,1.0
7a01a52a089c11ebbd78ac1f6bf848b6,chunk_focused_96,chunk,focused,1.0,1.0,1.0,1.0,0.7143,0.5,91.0,0.5,0.0
d8a00ed40bdd11eba7f7acde48001122,chunk_focused_96,chunk,focused,0.0,0.0,0.0,0.0,0.3438,0.5,96.0,0.5,0.0
c37f944e08e611ebbda5ac1f6bf848b6,chunk_focused_96,chunk,focused,1.0,1.0,1.0,1.0,1.0,1.0,72.0,1.0,1.0
b670607d08b611ebbd88ac1f6bf848b6,chunk_focused_96,chunk,focused,0.0,0.25,1.0,1.0,1.0,0.25,81.0,0.75,0.0
62a0531e0bde11eba7f7acde48001122,chunk_focused_96,chunk,focused,0.0,0.0,0.0,0.0,0.7865,0.5,89.0,0.5,0.0
03f2846e0bb011ebab90acde48001122,chunk_focused_96,chunk,focused,0.0,0.0,0.0,0.6,1.0,1.0,91.0,1.0,1.0
98da1bb608d411ebbd96ac1f6bf848b6,chunk_focused_96,chunk,focused,1.0,1.0,1.0,1.0,1.0,0.5,90.0,0.75,0.0
bb792556091811ebbdaeac1f6bf848b6,chunk_focused_96,chunk,focused,1.0,1.0,0.0,0.6667,1.0,1.0,70.0,1.0,1.0
46e99a3d094111ebbdaeac1f6bf848b6,chunk_focused_96,chunk,focused,1.0,1.0,1.0,1.0,0.4688,1.0,96.0,1.0,1.0
2f6aa3ba0bb011ebab90acde48001122,chunk_focused_96,chunk,focused,0.0,0.1818,0.0,0.2,0.3118,0.5,93.0,1.0,1.0
41b295500bb011ebab90acde48001122,chunk_focused_96,chunk,focused,0.0,0.0,0.0,0.0,0.5312,0.5,96.0,1.0,1.0
132a5430085d11ebbd5cac1f6bf848b6,chunk_focused_96,chunk,focused,0.0,0.0,0.0,0.0,0.828,1.0,93.0,1.0,1.0
08e7eb340bde11eba7f7acde48001122,chunk_focused_96,chunk,focused,0.0,0.0,0.0,0.0,0.0,0.0,81.0,0.5,0.0
91ec5b380bdc11eba7f7acde48001122,chunk_focused_96,chunk,focused,0.0,0.0,0.0,0.0,0.4186,0.5,86.0,0.5,0.0
bf5c81fa0bdd11eba7f7acde48001122,chunk_focused_96,chunk,focused,0.0,0.0,0.0,0.0,0.4494,0.5,89.0,0.5,0.0
cf9a08f608c911ebbd92ac1f6bf848b6,chunk_focused_96,chunk,focused,0.0,0.0,1.0,1.0,0.3708,0.25,89.0,0.5,0.0
0e5e54c908c211ebbd8bac1f6bf848b6,chunk_focused_96,chunk,focused,0.0,0.0,0.0,0.0,0.8861,0.5,79.0,1.0,1.0
af1ee605093511ebbdaeac1f6bf848b6,chunk_focused_96,chunk,focused,1.0,1.0,1.0,1.0,0.7059,1.0,85.0,1.0,1.0
3e0cebde0bd911eba7f7acde48001122,chunk_focused_96,chunk,focused,0.0,0.0,0.0,0.0,1.0,0.5,81.0,0.5,0.0
0518615a0bde11eba7f7acde48001122,chunk_focused_96,chunk,focused,0.0,0.0,0.0,0.0,1.0,0.5,81.0,1.0,1.0
3d22de280bb011ebab90acde48001122,chunk_focused_96,chunk,focused,0.0,0.0,0.0,0.6667,0.3854,0.5,96.0,0.5,0.0
b6afbad60bdd11eba7f7acde48001122,chunk_focused_96,chunk,focused,0.0,0.0,0.0,0.0,0.4615,0.5,91.0,1.0,1.0
0b91d3200bdb11eba7f7acde48001122,chunk_focused_96,chunk,focused,0.0,0.0,0.0,0.0,0.5109,0.5,92.0,0.5,0.0
1621c01108f011ebbda8ac1f6bf848b6,chunk_focused_96,chunk,focused,0.0,0.0,1.0,1.0,1.0,0.5,82.0,1.0,1.0
8b5f752e0bdd11eba7f7acde48001122,chunk_focused_96,chunk,focused,0.0,0.0,0.0,0.0,0.1277,0.5,94.0,0.5,0.0
5e02b99208b811ebbd88ac1f6bf848b6,chunk_focused_96,chunk,focused,1.0,1.0,1.0,1.0,0.6875,0.5,96.0,0.5,0.0
a809d3720bdd11eba7f7acde48001122,chunk_focused_96,chunk,focused,0.0,0.0,0.0,0.0,1.0,0.5,76.0,0.5,0.0
ade9a5980baf11ebab90acde48001122,chunk_focused_96,chunk,focused,0.0,0.0,0.0,0.0,0.2842,0.5,95.0,1.0,1.0
8012a1e008af11ebbd83ac1f6bf848b6,chunk_focused_96,chunk,focused,0.0,0.0,0.0,0.0,0.1915,0.25,94.0,0.5,0.0
d19a4bb80bdd11eba7f7acde48001122,chunk_focused_96,chunk,focused,0.0,0.0,0.0,0.0,0.0,0.0,90.0,0.5,0.0
b6b306fa0bdd11eba7f7acde48001122,chunk_focused_96,chunk,focused,0.0,0.0,0.0,0.5,0.3678,0.5,87.0,0.5,0.0
d71f453b085811ebbd5bac1f6bf848b6,chunk_focused_96,chunk,focused,0.0,0.0,0.0,0.0,0.5341,0.25,88.0,0.5,0.0
2de71a8a0bda11eba7f7acde48001122,chunk_focused_96,chunk,focused,0.0,0.0,0.0,0.0,0.6386,0.5,83.0,0.5,0.0
cee7790e08cc11ebbd93ac1f6bf848b6,chunk_focused_96,chunk,focused,0.0,0.0,0.0,0.0,1.0,0.25,76.0,0.5,0.0
623ea4080bb011ebab90acde48001122,chunk_focused_96,chunk,focused,0.0,0.3636,0.0,0.5714,0.0,0.0,75.0,0.5,0.0
8d9bf1c80bb011ebab90acde48001122,chunk_focused_96,chunk,focused,0.0,0.2222,0.0,0.5,0.0,0.0,89.0,0.5,0.0
572c3827088311ebbd6dac1f6bf848b6,chunk_focused_96,chunk,focused,0.0,0.0,0.0,0.5,1.0,0.5,92.0,0.5,0.0
b1e64cc60bd911eba7f7acde48001122,chunk_focused_96,chunk,focused,0.0,0.0,0.0,0.0,0.8295,0.5,88.0,1.0,1.0
0b9a520108c211ebbd8bac1f6bf848b6,chunk_focused_96,chunk,focused,0.0,0.0,1.0,1.0,0.4421,0.25,95.0,0.5,0.0
04e9521d088b11ebbd6fac1f6bf848b6,chunk_focused_96,chunk,focused,0.0,0.0,1.0,1.0,1.0,1.0,80.0,1.0,1.0
8522d9b2092011ebbdaeac1f6bf848b6,chunk_focused_96,chunk,focused,0.0,0.0,1.0,1.0,1.0,1.0,79.0,1.0,1.0
ec697d900bda11eba7f7acde48001122,chunk_focused_96,chunk,focused,0.0,0.0,0.0,0.0,0.6667,0.5,90.0,0.5,0.0
950bd11a090f11ebbdadac1f6bf848b6,chunk_focused_96,chunk,focused,0.0,0.0,1.0,1.0,0.4375,0.5,96.0,1.0,1.0
c1b9c0ac0bdd11eba7f7acde48001122,chunk_focused_96,chunk,focused,0.0,0.0,0.0,0.0,0.0,0.0,82.0,0.5,0.0
d2c47e1008df11ebbda1ac1f6bf848b6,chunk_focused_96,chunk,focused,0.0,0.0,1.0,1.0,0.4526,0.5,95.0,0.5,0.0
7b2bf8fc0bd911eba7f7acde48001122,chunk_focused_96,chunk,focused,0.0,0.0,0.0,0.0,1.0,0.5,83.0,1.0,1.0
b5ccab240bdd11eba7f7acde48001122,chunk_focused_96,chunk,focused,0.0,0.0,0.0,0.0,0.0,0.0,84.0,0.5,0.0
6a70f6f80bb011ebab90acde48001122,chunk_focused_96,chunk,focused,0.0,0.0,0.0,0.0,0.6374,0.5,91.0,0.5,0.0
1f9e4658084f11ebbd56ac1f6bf848b6,chunk_focused_96,chunk,focused,0.0,0.0,1.0,1.0,0.5312,0.25,96.0,0.5,0.0
5caef2f8096411ebbdafac1f6bf848b6,chunk_focused_96,chunk,focused,1.0,1.0,1.0,1.0,0.75,1.0,92.0,1.0,1.0
b081e08408e111ebbda3ac1f6bf848b6,chunk_focused_96,chunk,focused,1.0,1.0,1.0,1.0,0.6552,0.25,87.0,0.5,0.0
f113f24e08ad11ebbd83ac1f6bf848b6,chunk_focused_96,chunk,focused,0.0,0.0,1.0,1.0,1.0,0.75,95.0,0.75,0.0
a6d397ea0bdd11eba7f7acde48001122,chunk_focused_96,chunk,focused,0.0,0.0,0.0,0.0,0.7742,0.5,93.0,0.5,0.0
04a065a60bde11eba7f7acde48001122,chunk_focused_96,chunk,focused,0.0,0.0,0.0,0.0,1.0,0.5,81.0,0.5,0.0
534fbfd00bd911eba7f7acde48001122,chunk_focused_96,chunk,focused,0.0,0.0,0.0,0.0,0.5851,0.5,94.0,1.0,1.0
286461f808ba11ebbd88ac1f6bf848b6,chunk_focused_96,chunk,focused,1.0,1.0,1.0,1.0,1.0,1.0,94.0,1.0,1.0
2fa40dae0bdc11eba7f7acde48001122,chunk_focused_96,chunk,focused,0.0,0.0,0.0,0.0,0.2188,0.5,96.0,0.5,0.0
a19ca5c80bdd11eba7f7acde48001122,chunk_focused_96,chunk,focused,0.0,0.0,1.0,1.0,0.7849,0.5,93.0,0.5,0.0
6a807fc40bb011ebab90acde48001122,chunk_focused_96,chunk,focused,0.0,0.0,0.0,0.4,1.0,0.5,95.0,0.5,0.0
1118315c0bdd11eba7f7acde48001122,chunk_focused_96,chunk,focused,0.0,0.0,0.0,0.0,0.5366,0.5,82.0,0.5,0.0
185a906e0bdc11eba7f7acde48001122,chunk_focused_96,chunk,focused,0.0,0.0,0.0,0.5,0.2644,0.5,87.0,0.5,0.0
77f4e0140bb011ebab90acde48001122,chunk_focused_96,chunk,focused,0.0,0.0,0.0,0.0,0.0,0.0,76.0,0.5,0.0
2a98df6408d111ebbd95ac1f6bf848b6,chunk_focused_96,chunk,focused,0.0,0.0,0.0,0.0,1.0,1.0,90.0,1.0,1.0
025359200bde11eba7f7acde48001122,chunk_focused_96,chunk,focused,0.0,0.0,0.0,0.0,0.45,0.5,80.0,0.5,0.0
bd34477e0baf11ebab90acde48001122,chunk_focused_96,chunk,focused,0.0,0.0,0.0,0.8333,0.6301,0.5,73.0,1.0,1.0
6a8a71280bb011ebab90acde48001122,chunk_focused_96,chunk,focused,0.0,0.2857,0.0,0.5,0.0,0.0,91.0,1.0,1.0
ef9cbeca0bdd11eba7f7acde48001122,chunk_focused_96,chunk,focused,0.0,0.0,1.0,1.0,1.0,1.0,86.0,1.0,1.0
c218a802090711ebbdadac1f6bf848b6,chunk_focused_96,chunk,focused,1.0,1.0,0.0,0.0,0.6596,0.5,94.0,1.0,1.0
f94832c408b811ebbd88ac1f6bf848b6,chunk_focused_96,chunk,focused,1.0,1.0,1.0,1.0,0.3763,0.25,93.0,0.5,0.0
8d2382e0085811ebbd5aac1f6bf848b6,chunk_focused_96,chunk,focused,0.0,0.0,1.0,1.0,0.6629,1.0,89.0,1.0,1.0
86fb31260bdd11eba7f7acde48001122,chunk_focused_96,chunk,focused,0.0,0.0,0.0,0.3333,0.0,0.0,89.0,1.0,1.0
18c0ccb1086911ebbd5eac1f6bf848b6,chunk_focused_96,chunk,focused,1.0,1.0,1.0,1.0,1.0,1.0,78.0,1.0,1.0
e6f8d00a089611ebbd76ac1f6bf848b6,chunk_focused_96,chunk,focused,0.0,0.0,0.0,0.0,0.4719,0.5,89.0,1.0,1.0
8919fb50085311ebbd59ac1f6bf848b6,chunk_focused_96,chunk,focused,0.0,0.0,0.0,0.75,0.625,1.0,96.0,1.0,1.0
d5a61878086b11ebbd60ac1f6bf848b6,chunk_focused_96,chunk,focused,1.0,1.0,1.0,1.0,0.809,1.0,89.0,1.0,1.0
f6973183085a11ebbd5cac1f6bf848b6,chunk_focused_96,chunk,focused,1.0,1.0,1.0,1.0,0.4022,0.25,92.0,0.5,0.0
fc031d360baf11ebab90acde48001122,chunk_focused_96,chunk,focused,0.0,0.2222,0.0,0.2,1.0,0.5,73.0,0.5,0.0
e5c738900bdc11eba7f7acde48001122,chunk_focused_96,chunk,focused,0.0,0.0,0.0,0.0,0.5172,0.5,87.0,0.5,0.0
6b466508097711ebbdb0ac1f6bf848b6,chunk_focused_96,chunk,focused,0.0,0.0,1.0,1.0,0.5104,0.5,96.0,1.0,1.0
46bd0bd6087511ebbd67ac1f6bf848b6,chunk_focused_96,chunk,focused,1.0,1.0,0.0,0.0,0.0,0.0,79.0,0.5,0.0
d1bdbdbe087711ebbd67ac1f6bf848b6,chunk_focused_96,chunk,focused,0.0,0.0,0.0,0.0,0.6739,0.25,92.0,0.75,0.0
6152f66c08df11ebbda0ac1f6bf848b6,chunk_focused_96,chunk,focused,1.0,1.0,1.0,1.0,1.0,0.5,96.0,0.5,0.0
98a3e5e9089111ebbd73ac1f6bf848b6,chunk_focused_96,chunk,focused,1.0,1.0,1.0,1.0,0.4792,0.5,96.0,0.5,0.0
6946f8d20baf11ebab90acde48001122,chunk_focused_96,chunk,focused,0.0,0.0,0.0,0.3333,1.0,0.5,77.0,0.5,0.0
3d4662300bb011ebab90acde48001122,chunk_focused_96,chunk,focused,0.0,0.3333,1.0,1.0,0.0,0.0,89.0,0.5,0.0
c504923408fe11ebbdadac1f6bf848b6,chunk_focused_96,chunk,focused,0.0,0.0,1.0,1.0,0.6882,1.0,93.0,1.0,1.0
922a629c0bb011ebab90acde48001122,chunk_focused_96,chunk,focused,0.0,0.6,0.0,0.6,1.0,0.5,78.0,0.5,0.0
0e967bac08a711ebbd7fac1f6bf848b6,chunk_focused_96,chunk,focused,1.0,1.0,1.0,1.0,0.8228,0.5,79.0,0.5,0.0
c1aa9b640bdc11eba7f7acde48001122,chunk_focused_96,chunk,focused,0.0,0.0,0.0,0.0,0.4674,0.5,92.0,1.0,1.0
dba424900baf11ebab90acde48001122,chunk_focused_96,chunk,focused,0.0,0.0,0.0,0.3333,0.3636,0.5,88.0,0.5,0.0
f4cc9d4908b311ebbd86ac1f6bf848b6,chunk_focused_96,chunk,focused,0.0,0.0,1.0,1.0,1.0,0.5,66.0,0.5,0.0
6b850e0e0baf11ebab90acde48001122,chunk_focused_96,chunk,focused,0.0,0.2857,0.0,0.6667,0.6711,0.5,76.0,1.0,1.0
abce7ee208b111ebbd85ac1f6bf848b6,chunk_focused_96,chunk,focused,0.0,0.0,1.0,1.0,0.5106,0.25,94.0,0.5,0.0
6615041e0bb011ebab90acde48001122,chunk_focused_96,chunk,focused,0.0,0.0,0.0,0.3333,0.2747,0.5,91.0,0.5,0.0
dc4754a80bdc11eba7f7acde48001122,chunk_focused_96,chunk,focused,0.0,0.0,0.0,0.0,1.0,0.5,86.0,0.5,0.0
6bd86dd4087f11ebbd6bac1f6bf848b6,chunk_focused_96,chunk,focused,0.0,0.0,0.0,0.0,0.3837,0.25,86.0,0.5,0.0
98ab6cfe08c411ebbd8eac1f6bf848b6,chunk_focused_96,chunk,focused,0.0,0.0,1.0,1.0,0.4362,0.25,94.0,0.5,0.0
c30b9f8108b211ebbd85ac1f6bf848b6,chunk_focused_96,chunk,focused,1.0,1.0,0.0,0.0,0.7312,0.5,93.0,1.0,1.0
49e0153808ac11ebbd82ac1f6bf848b6,chunk_focused_96,chunk,focused,0.0,0.0,1.0,1.0,1.0,0.5,94.0,0.5,0.0
2fcc3e3e0bda11eba7f7acde48001122,chunk_focused_96,chunk,focused,0.0,0.0,0.0,0.0,0.9028,0.5,72.0,1.0,1.0
8a6610400bda11eba7f7acde48001122,chunk_focused_96,chunk,focused,0.0,0.0,0.0,0.0,0.5526,0.5,76.0,0.5,0.0
e172d3b20baf11ebab90acde48001122,chunk_focused_96,chunk,focused,0.0,0.0,0.0,0.0,0.8229,0.5,96.0,1.0,1.0
c365be0608ae11ebbd83ac1f6bf848b6,chunk_focused_96,chunk,focused,1.0,1.0,0.0,0.0,0.561,0.5,82.0,1.0,1.0
a9406286088d11ebbd70ac1f6bf848b6,chunk_focused_96,chunk,focused,1.0,1.0,1.0,1.0,0.44,0.25,75.0,0.5,0.0
6b84004a0baf11ebab90acde48001122,chunk_focused_96,chunk,focused,0.0,0.0,0.0,0.4,0.625,0.5,72.0,0.5,0.0
caa0a77908ac11ebbd83ac1f6bf848b6,chunk_focused_96,chunk,focused,1.0,1.0,1.0,1.0,1.0,0.5,89.0,0.5,0.0
63a51a37096711ebbdafac1f6bf848b6,chunk_focused_96,chunk,focused,1.0,1.0,1.0,1.0,0.5495,1.0,91.0,1.0,1.0
647eba07088f11ebbd72ac1f6bf848b6,chunk_focused_96,chunk,focused,0.0,0.0,0.0,0.5,1.0,1.0,89.0,1.0,1.0
6e765ee508f611ebbdaaac1f6bf848b6,chunk_focused_96,chunk,focused,1.0,1.0,1.0,1.0,0.6702,1.0,94.0,1.0,1.0
dc6e054e0baf11ebab90acde48001122,chunk_focused_96,chunk,focused,0.0,0.0,0.0,0.0,0.6329,0.5,79.0,0.5,0.0
5c82bfe20bdb11eba7f7acde48001122,chunk_focused_96,chunk,focused,0.0,0.0,0.0,0.0,0.7952,0.5,83.0,1.0,1.0
47a59362091411ebbdadac1f6bf848b6,chunk_focused_96,chunk,focused,1.0,1.0,1.0,1.0,0.5862,1.0,87.0,1.0,1.0
5bab48ec0bda11eba7f7acde48001122,chunk_focused_96,chunk,focused,0.0,0.0,0.0,0.0,0.4944,0.5,89.0,0.5,0.0
d3c779240bdd11eba7f7acde48001122,chunk_focused_96,chunk,focused,0.0,0.0,0.0,0.0,0.3034,0.5,89.0,1.0,1.0
57e0ae020bb011ebab90acde48001122,chunk_focused_96,chunk,focused,0.0,0.6154,0.0,0.7143,0.5765,0.5,85.0,1.0,1.0
9e2fc7ef08c711ebbd91ac1f6bf848b6,chunk_focused_96,chunk,focused,0.0,0.0,0.0,0.0,0.6667,0.25,96.0,0.5,0.0
be9369c80bdd11eba7f7acde48001122,chunk_focused_96,chunk,focused,0.0,0.0,0.0,0.0,0.2766,0.5,94.0,0.5,0.0
abaff0940bdb11eba7f7acde48001122,chunk_focused_96,chunk,focused,0.0,0.0,0.0,0.0,0.5833,0.5,96.0,0.5,0.0
09aa4e1a0bdc11eba7f7acde48001122,chunk_focused_96,chunk,focused,0.0,0.0,0.0,0.0,0.7708,0.5,96.0,0.5,0.0
e4e02a240bda11eba7f7acde48001122,chunk_focused_96,chunk,focused,0.0,0.0,0.0,0.5,0.2292,0.5,96.0,0.5,0.0
fc9d859008a011ebbd78ac1f6bf848b6,chunk_focused_96,chunk,focused,1.0,1.0,1.0,1.0,0.7553,1.0,94.0,1.0,1.0
3c3204c8084d11ebbd56ac1f6bf848b6,chunk_focused_96,chunk,focused,0.0,0.0,1.0,1.0,0.5208,0.5,96.0,0.5,0.0
d5bf657c0bdb11eba7f7acde48001122,chunk_focused_96,chunk,focused,0.0,0.0,1.0,1.0,0.631,0.5,84.0,1.0,1.0
f4aa6595093611ebbdaeac1f6bf848b6,chunk_focused_96,chunk,focused,1.0,1.0,1.0,1.0,0.5158,0.5,95.0,1.0,1.0
5a34b04e0bd911eba7f7acde48001122,chunk_focused_96,chunk,focused,0.0,0.0,0.0,0.0,0.0,0.0,85.0,0.5,0.0
1a3bb74508dc11ebbd9cac1f6bf848b6,chunk_focused_96,chunk,focused,0.0,0.0,1.0,1.0,1.0,0.5,79.0,0.75,0.0
8031698e0bdb11eba7f7acde48001122,chunk_focused_96,chunk,focused,0.0,0.0,0.0,0.0,0.6512,0.5,86.0,1.0,1.0
637434540bde11eba7f7acde48001122,chunk_focused_96,chunk,focused,1.0,1.0,1.0,1.0,0.7841,0.5,88.0,0.5,0.0
943b50b20bda11eba7f7acde48001122,chunk_focused_96,chunk,focused,0.0,0.0,0.0,0.0,0.4878,0.5,82.0,0.5,0.0
736afe9e0baf11ebab90acde48001122,chunk_focused_96,chunk,focused,0.0,0.0,0.0,0.5,1.0,0.5,79.0,0.5,0.0
fb6ff1e20bdb11eba7f7acde48001122,chunk_focused_96,chunk,focused,0.0,0.0,0.0,0.0,0.4375,0.5,96.0,0.5,0.0
42dac74c089311ebbd74ac1f6bf848b6,chunk_focused_96,chunk,focused,0.0,0.2,1.0,1.0,0.5978,0.25,92.0,0.5,0.0
1407903b089d11ebbd78ac1f6bf848b6,chunk_focused_96,chunk,focused,0.0,0.0,0.0,0.0,0.6044,0.5,91.0,1.0,1.0
c4fd6fe80bdd11eba7f7acde48001122,chunk_focused_96,chunk,focused,0.0,0.0,0.0,0.0,0.0,0.0,92.0,0.5,0.0
4de007f40bdd11eba7f7acde48001122,chunk_focused_96,chunk,focused,0.0,0.0,0.0,0.0,0.4937,0.5,79.0,0.5,0.0
5ead80ee0baf11ebab90acde48001122,chunk_focused_96,chunk,focused,0.0,0.4,0.0,0.5,0.5851,0.5,94.0,1.0,1.0
a27849740bd911eba7f7acde48001122,chunk_focused_96,chunk,focused,0.0,0.0,0.0,0.0,0.9067,0.5,75.0,0.5,0.0
2b871cac0bdc11eba7f7acde48001122,chunk_focused_96,chunk,focused,0.0,0.0,0.0,0.0,0.5833,0.5,96.0,0.5,0.0
e2e9a9560bdb11eba7f7acde48001122,chunk_focused_96,chunk,focused,0.0,0.0,0.0,0.0,0.125,0.5,96.0,0.5,0.0
ffee28d80bae11ebab90acde48001122,chunk_focused_96,chunk,focused,0.0,0.0,0.0,0.3333,0.7935,0.5,92.0,0.5,0.0
972ecece08ef11ebbda8ac1f6bf848b6,chunk_focused_96,chunk,focused,1.0,1.0,0.0,0.0,0.2,0.5,75.0,1.0,1.0
1948b12e0bda11eba7f7acde48001122,chunk_focused_96,chunk,focused,0.0,0.0,0.0,0.0,1.0,0.5,81.0,1.0,1.0
406a4ee00bb011ebab90acde48001122,chunk_focused_96,chunk,focused,0.0,0.0,0.0,0.0,0.5312,0.5,96.0,0.5,0.0
3d1200fc0bde11eba7f7acde48001122,chunk_focused_96,chunk,focused,0.0,0.0,0.0,0.0,0.2778,0.5,90.0,0.5,0.0
d1c8b2a00bdd11eba7f7acde48001122,chunk_focused_96,chunk,focused,0.0,0.0,0.0,0.0,0.7831,0.5,83.0,0.5,0.0
c400306a0bda11eba7f7acde48001122,chunk_focused_96,chunk,focused,0.0,0.0,0.0,0.5,0.1915,0.5,94.0,0.5,0.0
315872d20bde11eba7f7acde48001122,chunk_focused_96,chunk,focused,0.0,0.0,0.0,0.0,0.0,0.0,75.0,0.5,0.0
f6e759da0bdb11eba7f7acde48001122,chunk_focused_96,chunk,focused,0.0,0.0,0.0,0.0,0.5217,0.5,92.0,0.5,0.0
c0409500088f11ebbd72ac1f6bf848b6,chunk_focused_96,chunk,focused,0.0,0.0,0.0,0.0,0.6296,0.5,81.0,1.0,1.0
138a34f80bdd11eba7f7acde48001122,chunk_focused_96,chunk,focused,0.0,0.0,0.0,0.0,0.7792,0.5,77.0,0.5,0.0
2d94661c0bdc11eba7f7acde48001122,chunk_focused_96,chunk,focused,0.0,0.0,0.0,0.0,0.6044,0.5,91.0,0.5,0.0
aa72cb6a0baf11ebab90acde48001122,chunk_focused_96,chunk,focused,1.0,1.0,1.0,1.0,1.0,1.0,82.0,1.0,1.0
e6998c7e08de11ebbd9fac1f6bf848b6,chunk_focused_96,chunk,focused,0.0,0.0,1.0,1.0,0.7848,0.5,79.0,0.5,0.0
eded9bbf08de11ebbd9fac1f6bf848b6,chunk_focused_96,chunk,focused,1.0,1.0,1.0,1.0,1.0,0.5,71.0,0.5,0.0
6ae076e40bde11eba7f7acde48001122,chunk_focused_96,chunk,focused,0.0,0.0,0.0,0.0,0.0,0.0,74.0,1.0,1.0
a380ab7c08b911ebbd88ac1f6bf848b6,chunk_focused_96,chunk,focused,1.0,1.0,1.0,1.0,0.734,1.0,94.0,1.0,1.0
df3ab4560bdd11eba7f7acde48001122,chunk_focused_96,chunk,focused,0.0,0.0,0.0,0.0,0.0,0.0,82.0,1.0,1.0
df4b96e7087111ebbd63ac1f6bf848b6,chunk_focused_96,chunk,focused,0.0,0.0,1.0,1.0,1.0,0.5,92.0,0.5,0.0
faedda9a0bdb11eba7f7acde48001122,chunk_focused_96,chunk,focused,0.0,0.0,0.0,0.5,0.5053,0.5,95.0,1.0,1.0
50bd90820bdc11eba7f7acde48001122,chunk_focused_96,chunk,focused,0.0,0.0,0.0,0.0,0.236,0.5,89.0,0.5,0.0
c01738e20bdd11eba7f7acde48001122,chunk_focused_96,chunk,focused,0.0,0.0,0.0,0.0,0.1059,0.5,85.0,1.0,1.0
3c0091600bde11eba7f7acde48001122,chunk_focused_96,chunk,focused,0.0,0.0,0.0,0.5,0.5484,0.5,93.0,1.0,1.0
1b9c91660bda11eba7f7acde48001122,chunk_focused_96,chunk,focused,1.0,1.0,1.0,1.0,1.0,1.0,91.0,1.0,1.0
bd4901b0085e11ebbd5cac1f6bf848b6,chunk_focused_96,chunk,focused,1.0,1.0,1.0,1.0,0.4286,0.5,91.0,1.0,1.0
a7419bf3092e11ebbdaeac1f6bf848b6,chunk_focused_96,chunk,focused,1.0,1.0,0.0,0.0,0.4286,0.5,91.0,1.0,1.0
fa960b58085911ebbd5bac1f6bf848b6,chunk_focused_96,chunk,focused,0.0,0.0,0.0,0.0,0.4301,1.0,93.0,1.0,1.0
582deca408bc11ebbd88ac1f6bf848b6,chunk_focused_96,chunk,focused,0.0,0.0,0.0,0.5,0.6771,0.5,96.0,0.5,0.0
a5bd56fc0bdd11eba7f7acde48001122,chunk_focused_96,chunk,focused,0.0,0.0,0.0,0.0,0.0,0.0,79.0,1.0,1.0
6d392be40bdd11eba7f7acde48001122,chunk_focused_96,chunk,focused,1.0,1.0,1.0,1.0,1.0,1.0,79.0,1.0,1.0
33d4446c087511ebbd67ac1f6bf848b6,chunk_focused_96,chunk,focused,0.0,0.0,0.0,0.0,0.8043,0.75,92.0,1.0,1.0
881866100baf11ebab90acde48001122,chunk_focused_96,chunk,focused,0.0,0.0,0.0,0.0,0.266,0.5,94.0,0.5,0.0
7d88d84d08bc11ebbd88ac1f6bf848b6,chunk_focused_96,chunk,focused,0.0,0.0,1.0,1.0,1.0,0.5,79.0,0.5,0.0
4d3c252e0bda11eba7f7acde48001122,chunk_focused_96,chunk,focused,0.0,0.0,0.0,0.0,0.5217,0.5,69.0,1.0,1.0
9e0009f60baf11ebab90acde48001122,chunk_focused_96,chunk,focused,0.0,0.0,0.0,0.0,0.0,0.0,95.0,0.5,0.0
b8133a100bdd11eba7f7acde48001122,chunk_focused_96,chunk,focused,0.0,0.0,0.0,0.0,0.641,0.5,78.0,1.0,1.0
61082d440bdc11eba7f7acde48001122,chunk_focused_96,chunk,focused,0.0,0.0,0.0,0.0,0.4375,0.5,80.0,0.5,0.0
6ea141020baf11ebab90acde48001122,chunk_focused_96,chunk,focused,0.0,0.0,0.0,0.5,0.0,0.0,94.0,0.5,0.0
d759ab480bdd11eba7f7acde48001122,chunk_focused_96,chunk,focused,0.0,0.0,0.0,0.0,1.0,0.5,82.0,1.0,1.0
2e7a589e085211ebbd58ac1f6bf848b6,chunk_focused_96,chunk,focused,0.0,0.0,0.0,0.0,0.6296,0.5,81.0,0.5,0.0
e85d87f4095111ebbdaeac1f6bf848b6,chunk_focused_96,chunk,focused,0.0,0.0,1.0,1.0,0.1848,0.5,92.0,1.0,1.0
9a339d60099011ebbdb0ac1f6bf848b6,chunk_focused_96,chunk,focused,0.0,0.0,0.0,0.0,0.6022,1.0,93.0,1.0,1.0
5d6e00200bda11eba7f7acde48001122,chunk_focused_96,chunk,focused,1.0,1.0,1.0,1.0,0.2979,0.5,94.0,1.0,1.0
2efc2c3b08bf11ebbd8aac1f6bf848b6,chunk_focused_96,chunk,focused,0.0,0.0,1.0,1.0,1.0,0.5,85.0,0.5,0.0
0926667308d011ebbd95ac1f6bf848b6,chunk_focused_96,chunk,focused,0.0,0.0,0.0,0.0,0.1771,0.5,96.0,1.0,1.0
8f3945d8098111ebbdb0ac1f6bf848b6,chunk_focused_96,chunk,focused,1.0,1.0,1.0,1.0,0.6042,0.5,96.0,1.0,1.0
5e8240ea0bdd11eba7f7acde48001122,chunk_focused_96,chunk,focused,0.0,0.0,0.0,0.0,0.3182,0.5,88.0,0.5,0.0
36ec2b3a086411ebbd5eac1f6bf848b6,chunk_focused_96,chunk,focused,1.0,1.0,1.0,1.0,0.9792,0.5,96.0,0.5,0.0
53175e86086b11ebbd5fac1f6bf848b6,chunk_focused_96,chunk,focused,0.0,0.0,0.0,0.6667,0.1087,0.5,92.0,1.0,1.0
66d8f7560bde11eba7f7acde48001122,chunk_focused_96,chunk,focused,0.0,0.0,0.0,0.0,0.5054,0.5,93.0,0.5,0.0
a9755ea508a711ebbd7fac1f6bf848b6,chunk_focused_96,chunk,focused,1.0,1.0,0.0,0.0,0.7083,0.5,96.0,0.5,0.0
6a8b28c00bb011ebab90acde48001122,chunk_focused_96,chunk,focused,0.0,0.0,1.0,1.0,0.6207,0.5,87.0,1.0,1.0
43a949ae0bdc11eba7f7acde48001122,chunk_focused_96,chunk,focused,0.0,0.0,0.0,0.0,0.5368,0.5,95.0,0.5,0.0
b9cb67da092b11ebbdaeac1f6bf848b6,chunk_focused_96,chunk,focused,0.0,0.0,1.0,1.0,0.5789,1.0,95.0,1.0,1.0
5390f39c086d11ebbd61ac1f6bf848b6,chunk_focused_96,chunk,focused,1.0,1.0,0.0,0.0,0.6316,1.0,95.0,1.0,1.0
d370f0b0085711ebbd5aac1f6bf848b6,chunk_focused_96,chunk,focused,1.0,1.0,1.0,1.0,0.8191,0.5,94.0,0.5,0.0
adcdb9440bd911eba7f7acde48001122,chunk_focused_96,chunk,focused,0.0,0.0,0.0,0.0,0.5833,0.5,72.0,0.5,0.0
1db17ce108a711ebbd7fac1f6bf848b6,chunk_focused_96,chunk,focused,0.0,0.0,1.0,1.0,0.5938,0.5,96.0,0.5,0.0
177e0eda0bde11eba7f7acde48001122,chunk_focused_96,chunk,focused,0.0,0.0,0.0,0.0,1.0,0.5,69.0,0.5,0.0
9da14ff1086311ebbd5eac1f6bf848b6,chunk_focused_96,chunk,focused,0.0,0.0,1.0,1.0,0.4889,1.0,90.0,1.0,1.0
2f10177608d911ebbd9cac1f6bf848b6,chunk_focused_96,chunk,focused,1.0,1.0,1.0,1.0,1.0,1.0,96.0,1.0,1.0
b52a4d7e0bd911eba7f7acde48001122,chunk_focused_96,chunk,focused,0.0,0.0,0.0,0.0,0.2778,0.5,90.0,1.0,1.0
6dd9acf20bda11eba7f7acde48001122,chunk_focused_96,chunk,focused,0.0,0.0,0.0,0.0,0.1892,0.5,74.0,0.5,0.0
3f635554096511ebbdafac1f6bf848b6,chunk_focused_96,chunk,focused,0.0,0.0,0.0,0.0,0.6593,0.5,91.0,1.0,1.0
8c12ceba0bda11eba7f7acde48001122,chunk_focused_96,chunk,focused,0.0,0.0,0.0,0.0,0.6341,0.5,82.0,0.5,0.0
8c1162a5086111ebbd5dac1f6bf848b6,chunk_focused_96,chunk,focused,1.0,1.0,1.0,1.0,0.4205,0.5,88.0,1.0,1.0
0585c9aa087f11ebbd6bac1f6bf848b6,chunk_focused_96,chunk,focused,0.0,0.0,1.0,1.0,1.0,0.5,77.0,0.5,0.0
b8407b060bdd11eba7f7acde48001122,chunk_focused_96,chunk,focused,0.0,0.0,0.0,0.0,1.0,0.5,81.0,0.5,0.0
07b62dea0baf11ebab90acde48001122,chunk_focused_96,chunk,focused,0.0,0.0,0.0,0.5,0.6632,0.5,95.0,1.0,1.0
fb95c0000bdd11eba7f7acde48001122,chunk_focused_96,chunk,focused,0.0,0.0,0.0,0.0,0.4205,0.5,88.0,0.5,0.0
e1abbba9098a11ebbdb0ac1f6bf848b6,chunk_focused_96,chunk,focused,0.0,0.0,0.0,0.0,0.5506,1.0,89.0,1.0,1.0
fbf8fd9e0bda11eba7f7acde48001122,chunk_focused_96,chunk,focused,0.0,0.0,0.0,0.0,1.0,0.5,86.0,1.0,1.0
636fc8380bde11eba7f7acde48001122,chunk_focused_96,chunk,focused,0.0,0.0,0.0,0.3333,1.0,0.5,71.0,0.5,0.0
0c97f4720bde11eba7f7acde48001122,chunk_focused_96,chunk,focused,0.0,0.0,0.0,0.0,0.2778,0.5,90.0,1.0,1.0
36787917086811ebbd5eac1f6bf848b6,chunk_focused_96,chunk,focused,1.0,1.0,0.0,0.6667,0.4835,0.5,91.0,1.0,1.0
519aee780baf11ebab90acde48001122,chunk_focused_96,chunk,focused,0.0,0.0,0.0,0.5,0.0,0.0,81.0,0.5,0.0
6a81117708f311ebbdaaac1f6bf848b6,chunk_focused_96,chunk,focused,0.0,0.0,1.0,1.0,0.7763,0.5,76.0,1.0,1.0
0105676c0bdd11eba7f7acde48001122,chunk_focused_96,chunk,focused,0.0,0.0,0.0,0.0,0.7531,0.5,81.0,1.0,1.0
73c53c9809a111ebbdb0ac1f6bf848b6,chunk_focused_96,chunk,focused,0.0,0.0,0.0,0.5,0.8605,1.0,86.0,1.0,1.0
7416106b090f11ebbdadac1f6bf848b6,chunk_focused_96,chunk,focused,1.0,1.0,1.0,1.0,0.7237,1.0,76.0,1.0,1.0
3a1dbb720bdc11eba7f7acde48001122,chunk_focused_96,chunk,focused,0.0,0.0,0.0,0.0,0.4659,0.5,88.0,0.5,0.0
ebbf5ec608da11ebbd9cac1f6bf848b6,chunk_focused_96,chunk,focused,1.0,1.0,1.0,1.0,0.6957,1.0,92.0,1.0,1.0
3972d2b60baf11ebab90acde48001122,chunk_focused_96,chunk,focused,0.0,0.0,0.0,0.0,0.6824,0.5,85.0,0.5,0.0
3adb8a740bde11eba7f7acde48001122,chunk_focused_96,chunk,focused,0.0,0.0,0.0,0.5,1.0,0.5,94.0,1.0,1.0
13e2f86c0bde11eba7f7acde48001122,chunk_focused_96,chunk,focused,0.0,0.0,0.0,0.0,0.7979,0.5,94.0,1.0,1.0
d7af391708bb11ebbd88ac1f6bf848b6,chunk_focused_96,chunk,focused,0.0,0.0,0.0,0.0,0.3864,0.25,88.0,0.5,0.0
c2b303ae08c411ebbd8eac1f6bf848b6,chunk_focused_96,chunk,focused,0.0,0.0,0.0,0.0,0.4286,0.25,77.0,0.5,0.0
db10aea20bd911eba7f7acde48001122,chunk_focused_96,chunk,focused,0.0,0.0,0.0,0.0,0.5904,0.5,83.0,0.5,0.0
7a93fcee0bdb11eba7f7acde48001122,chunk_focused_96,chunk,focused,0.0,0.0,0.0,0.5,0.2903,0.5,93.0,0.5,0.0
05be9a0c0bde11eba7f7acde48001122,chunk_focused_96,chunk,focused,0.0,0.0,0.0,0.0,0.3678,0.5,87.0,0.5,0.0
091c13b20bdb11eba7f7acde48001122,chunk_focused_96,chunk,focused,0.0,0.0,0.0,0.0,0.5111,0.5,90.0,1.0,1.0
09b198a80bde11eba7f7acde48001122,chunk_focused_96,chunk,focused,0.0,0.0,0.0,0.0,0.0,0.0,71.0,1.0,1.0
c827468a0bdd11eba7f7acde48001122,chunk_focused_96,chunk,focused,0.0,0.0,0.0,0.3333,0.0,0.0,79.0,0.5,0.0
70f54a060bb011ebab90acde48001122,chunk_focused_96,chunk,focused,0.0,0.0,1.0,1.0,0.3263,0.5,95.0,1.0,1.0
30e19d9008d611ebbd98ac1f6bf848b6,chunk_focused_96,chunk,focused,0.0,0.0,0.0,0.0,0.8353,0.5,85.0,1.0,1.0
43208df60bde11eba7f7acde48001122,chunk_focused_96,chunk,focused,0.0,0.0,0.0,0.0,0.0,0.0,96.0,0.5,0.0
5d0eadd80bde11eba7f7acde48001122,chunk_focused_96,chunk,focused,0.0,0.0,0.0,0.0,0.0,0.0,81.0,1.0,1.0
9284e77d08f811ebbdaaac1f6bf848b6,chunk_focused_96,chunk,focused,1.0,1.0,1.0,1.0,1.0,0.5,80.0,1.0,1.0
94eba4ce0bdc11eba7f7acde48001122,chunk_focused_96,chunk,focused,0.0,0.0,0.0,0.0,0.4875,0.5,80.0,0.5,0.0
29427eea0bdd11eba7f7acde48001122,chunk_focused_96,chunk,focused,0.0,0.0,0.0,0.0,0.4198,0.5,81.0,1.0,1.0
62a9691e0bb011ebab90acde48001122,chunk_focused_96,chunk,focused,0.0,0.0,1.0,1.0,1.0,1.0,95.0,1.0,1.0
cfc0d3e80bdd11eba7f7acde48001122,chunk_focused_96,chunk,focused,0.0,0.0,1.0,1.0,1.0,1.0,96.0,1.0,1.0
76708e6a08b211ebbd85ac1f6bf848b6,chunk_focused_96,chunk,focused,0.0,0.0,0.0,0.0,0.0,0.0,91.0,1.0,1.0
819dbb7a08d811ebbd9cac1f6bf848b6,chunk_focused_96,chunk,focused,1.0,1.0,1.0,1.0,0.4886,0.5,88.0,0.5,0.0
2fee043809b111ebbdb0ac1f6bf848b6,chunk_focused_96,chunk,focused,0.0,0.0,0.0,0.0,0.0,0.0,95.0,1.0,1.0
39d43b7d08ae11ebbd83ac1f6bf848b6,chunk_focused_96,chunk,focused,1.0,1.0,1.0,1.0,0.7241,0.5,87.0,0.5,0.0
aef6771208b311ebbd86ac1f6bf848b6,chunk_focused_96,chunk,focused,0.0,0.0,1.0,1.0,1.0,0.75,93.0,0.75,0.0
0cc33f200bdd11eba7f7acde48001122,chunk_focused_96,chunk,focused,0.0,0.0,0.0,0.0,0.1935,0.5,93.0,0.5,0.0
8d1e4c000bdd11eba7f7acde48001122,chunk_focused_96,chunk,focused,0.0,0.0,0.0,0.0,0.4556,0.5,90.0,1.0,1.0
d61d3fd20bd911eba7f7acde48001122,chunk_focused_96,chunk,focused,0.0,0.0,0.0,0.5,0.2838,0.5,74.0,0.5,0.0
0db2574e0bde11eba7f7acde48001122,chunk_focused_96,chunk,focused,0.0,0.0,0.0,0.0,0.7312,0.5,93.0,0.5,0.0
48b1e7660bb011ebab90acde48001122,chunk_focused_96,chunk,focused,0.0,0.0,0.0,0.25,0.6207,0.5,87.0,1.0,1.0
004430780bde11eba7f7acde48001122,chunk_focused_96,chunk,focused,0.0,0.0,1.0,1.0,1.0,0.5,81.0,1.0,1.0
fd4096540bd911eba7f7acde48001122,chunk_focused_96,chunk,focused,0.0,0.0,0.0,0.0,0.5684,0.5,95.0,0.5,0.0
1e4d9f2008ff11ebbdadac1f6bf848b6,chunk_focused_96,chunk,focused,0.0,0.0,1.0,1.0,0.8421,1.0,95.0,1.0,1.0
0e161d6c084e11ebbd56ac1f6bf848b6,chunk_focused_96,chunk,focused,0.0,0.0,0.0,0.0,0.169,0.25,71.0,0.5,0.0
fe41a8aa0bdd11eba7f7acde48001122,chunk_focused_96,chunk,focused,0.0,0.0,0.0,0.0,1.0,0.5,74.0,0.5,0.0
db371cbb088011ebbd6dac1f6bf848b6,chunk_focused_96,chunk,focused,0.0,0.0,0.0,0.0,0.4062,0.5,96.0,1.0,1.0
505a04cc0baf11ebab90acde48001122,chunk_focused_96,chunk,focused,0.0,0.0,0.0,0.5,0.7381,0.5,84.0,0.5,0.0
5cd6974c0bdc11eba7f7acde48001122,chunk_focused_96,chunk,focused,0.0,0.0,0.0,0.0,0.6813,0.5,91.0,0.5,0.0
c6fe0968091111ebbdadac1f6bf848b6,chunk_focused_96,chunk,focused,0.0,0.0,0.0,0.0,0.3021,0.5,96.0,1.0,1.0
aaaeeb220baf11ebab90acde48001122,chunk_focused_96,chunk,focused,0.0,0.0,0.0,0.25,0.7935,0.5,92.0,0.5,0.0
5029152e085d11ebbd5cac1f6bf848b6,chunk_focused_96,chunk,focused,1.0,1.0,1.0,1.0,0.4211,0.5,95.0,1.0,1.0
beaf107f089a11ebbd77ac1f6bf848b6,chunk_focused_96,chunk,focused,0.0,0.0,0.0,0.0,0.7253,1.0,91.0,1.0,1.0
0961bb2808c611ebbd90ac1f6bf848b6,chunk_focused_96,chunk,focused,0.0,0.0,0.0,0.8333,1.0,0.5,85.0,0.5,0.0
8854559c08b911ebbd88ac1f6bf848b6,chunk_focused_96,chunk,focused,1.0,1.0,1.0,1.0,0.2979,1.0,94.0,1.0,1.0
09c3e79c0bde11eba7f7acde48001122,chunk_focused_96,chunk,focused,0.0,0.0,0.0,0.0,0.4835,0.5,91.0,0.5,0.0
59603ef00bdd11eba7f7acde48001122,chunk_focused_96,chunk,focused,0.0,0.0,0.0,0.0,0.6506,0.5,83.0,0.5,0.0
13c15658087311ebbd66ac1f6bf848b6,chunk_focused_96,chunk,focused,0.0,0.0,1.0,1.0,0.6489,0.25,94.0,0.75,0.0
3de5f3d60bdd11eba7f7acde48001122,chunk_focused_96,chunk,focused,1.0,1.0,0.0,0.0,0.3372,0.5,86.0,0.5,0.0
08ceb92e0bda11eba7f7acde48001122,chunk_focused_96,chunk,focused,0.0,0.0,0.0,0.0,0.6512,0.5,86.0,0.5,0.0
1b053aca0bdd11eba7f7acde48001122,chunk_focused_96,chunk,focused,0.0,0.0,0.0,0.0,0.375,0.5,72.0,0.5,0.0
dfee66b608c911ebbd92ac1f6bf848b6,chunk_focused_96,chunk,focused,0.0,0.0,0.0,0.0,0.8298,0.5,94.0,1.0,1.0
23ae34720bda11eba7f7acde48001122,chunk_focused_96,chunk,focused,0.0,0.0,0.0,0.0,0.0,0.0,73.0,0.5,0.0
91f8aeb508b811ebbd88ac1f6bf848b6,chunk_focused_96,chunk,focused,1.0,1.0,1.0,1.0,1.0,0.5,87.0,0.5,0.0
84b2e1e708ce11ebbd94ac1f6bf848b6,chunk_focused_96,chunk,focused,0.0,0.0,1.0,1.0,0.7021,0.5,94.0,1.0,1.0
9c1de1cf08b111ebbd85ac1f6bf848b6,chunk_focused_96,chunk,focused,1.0,1.0,0.0,0.0,0.5,0.5,82.0,1.0,1.0
4bc286620bde11eba7f7acde48001122,chunk_focused_96,chunk,focused,0.0,0.0,0.0,0.0,0.0,0.0,74.0,1.0,1.0
b4f63414088511ebbd6dac1f6bf848b6,chunk_focused_96,chunk,focused,0.0,0.0,0.0,0.0,0.275,0.5,80.0,1.0,1.0
5cc7e4f20bd911eba7f7acde48001122,chunk_focused_96,chunk,focused,0.0,0.0,0.0,0.0,0.3765,0.5,85.0,0.5,0.0
7d8986360bda11eba7f7acde48001122,chunk_focused_96,chunk,focused,0.0,0.0,0.0,0.0,0.7528,0.5,89.0,0.5,0.0
d3493f98086611ebbd5eac1f6bf848b6,chunk_focused_96,chunk,focused,1.0,1.0,1.0,1.0,1.0,1.0,96.0,1.0,1.0
29306dfc0bda11eba7f7acde48001122,chunk_focused_96,chunk,focused,0.0,0.0,0.0,0.5,1.0,0.5,83.0,0.5,0.0
d105363b086e11ebbd62ac1f6bf848b6,chunk_focused_96,chunk,focused,0.0,0.1818,1.0,1.0,0.4545,1.0,88.0,1.0,1.0
350112e4085b11ebbd5cac1f6bf848b6,chunk_focused_96,chunk,focused,0.0,0.0,0.0,0.0,0.4394,0.25,66.0,0.5,0.0
27e926ca0bb011ebab90acde48001122,chunk_focused_96,chunk,focused,0.0,0.0,0.0,0.5,0.4062,0.5,96.0,0.5,0.0
650ee40e0bdd11eba7f7acde48001122,chunk_focused_96,chunk,focused,0.0,0.0,0.0,0.0,0.0,0.0,91.0,0.5,0.0
43765d20087411ebbd67ac1f6bf848b6,chunk_focused_96,chunk,focused,0.0,0.0,0.0,0.0,0.2644,0.25,87.0,0.5,0.0
ab5beae00bda11eba7f7acde48001122,chunk_focused_96,chunk,focused,0.0,0.0,0.0,0.0,0.3671,0.5,79.0,0.5,0.0
95c505f4097f11ebbdb0ac1f6bf848b6,chunk_focused_96,chunk,focused,1.0,1.0,1.0,1.0,0.4737,0.5,95.0,1.0,1.0
fb9a9b0c089011ebbd72ac1f6bf848b6,chunk_focused_96,chunk,focused,0.0,0.0,1.0,1.0,0.6786,0.5,84.0,1.0,1.0
d4708a220bd911eba7f7acde48001122,chunk_focused_96,chunk,focused,0.0,0.0,0.0,0.0,0.2979,0.5,94.0,0.5,0.0
b2a1b19e096e11ebbdb0ac1f6bf848b6,chunk_focused_96,chunk,focused,0.0,0.0,0.0,0.0,1.0,1.0,87.0,1.0,1.0
0c3675d40bda11eba7f7acde48001122,chunk_focused_96,chunk,focused,0.0,0.0,0.0,0.0,0.8421,0.5,95.0,0.5,0.0
19cae67d097711ebbdb0ac1f6bf848b6,chunk_focused_96,chunk,focused,1.0,1.0,1.0,1.0,0.5978,1.0,92.0,1.0,1.0
7257a60608cb11ebbd92ac1f6bf848b6,chunk_focused_96,chunk,focused,0.0,0.0,1.0,1.0,1.0,0.5,96.0,0.5,0.0
3f1b7d3b086c11ebbd61ac1f6bf848b6,chunk_focused_96,chunk,focused,0.0,0.0,0.0,0.0,0.7241,0.25,87.0,0.75,0.0
8d8c678b085911ebbd5bac1f6bf848b6,chunk_focused_96,chunk,focused,1.0,1.0,1.0,1.0,0.5106,0.5,94.0,0.5,0.0
e5bc717c0bdb11eba7f7acde48001122,chunk_focused_96,chunk,focused,0.0,0.0,0.0,0.0,0.7792,0.5,77.0,1.0,1.0
57dabdf1091c11ebbdaeac1f6bf848b6,chunk_focused_96,chunk,focused,0.0,0.0,0.0,0.0,1.0,1.0,89.0,1.0,1.0
60bb44320bd911eba7f7acde48001122,chunk_focused_96,chunk,focused,0.0,0.0,0.0,0.5,0.5543,0.5,92.0,1.0,1.0
d428aedc08a011ebbd78ac1f6bf848b6,chunk_focused_96,chunk,focused,1.0,1.0,1.0,1.0,1.0,0.5,84.0,0.5,0.0
4ef0d0c80bde11eba7f7acde48001122,chunk_focused_96,chunk,focused,0.0,0.0,0.0,0.0,0.0,0.0,90.0,1.0,1.0
1ebbc9b20bde11eba7f7acde48001122,chunk_focused_96,chunk,focused,0.0,0.0,0.0,0.0,0.0,0.0,95.0,0.5,0.0
958dc314091911ebbdaeac1f6bf848b6,chunk_focused_96,chunk,focused,0.0,0.0,0.0,0.0,0.5625,1.0,96.0,1.0,1.0
3e75a2b908bf11ebbd8aac1f6bf848b6,chunk_focused_96,chunk,focused,1.0,1.0,1.0,1.0,0.5326,0.5,92.0,1.0,1.0
c3f2f69a094411ebbdaeac1f6bf848b6,chunk_focused_96,chunk,focused,1.0,1.0,0.0,0.6667,0.0,0.0,88.0,1.0,1.0
66eefd9e0bde11eba7f7acde48001122,chunk_focused_96,chunk,focused,0.0,0.0,0.0,0.0,0.3291,0.5,79.0,0.5,0.0
658f9a300bd911eba7f7acde48001122,chunk_focused_96,chunk,focused,0.0,0.0,0.0,0.0,0.7604,0.5,96.0,0.5,0.0
5ff9cc8c0baf11ebab90acde48001122,chunk_focused_96,chunk,focused,0.0,0.5,1.0,1.0,0.6875,1.0,96.0,1.0,1.0
cc19962c0bdc11eba7f7acde48001122,chunk_focused_96,chunk,focused,0.0,0.0,0.0,0.0,0.3704,0.5,81.0,0.5,0.0
774fa4e20bdc11eba7f7acde48001122,chunk_focused_96,chunk,focused,1.0,1.0,1.0,1.0,0.75,0.5,96.0,1.0,1.0
284e2815085811ebbd5aac1f6bf848b6,chunk_focused_96,chunk,focused,0.0,0.0,1.0,1.0,0.6882,0.5,93.0,0.5,0.0
5cd23bea0bda11eba7f7acde48001122,chunk_focused_96,chunk,focused,0.0,0.0,0.0,0.0,0.0,0.0,79.0,0.5,0.0
b9687149089811ebbd77ac1f6bf848b6,chunk_focused_96,chunk,focused,0.0,0.0,0.0,0.0,0.1687,0.25,83.0,0.25,0.0
318ebd55087f11ebbd6bac1f6bf848b6,chunk_focused_96,chunk,focused,1.0,1.0,1.0,1.0,0.6957,0.5,92.0,0.5,0.0
60814b660bb011ebab90acde48001122,chunk_focused_96,chunk,focused,0.0,0.0,0.0,0.3333,0.7922,0.5,77.0,0.5,0.0
6c7f03240bdb11eba7f7acde48001122,chunk_focused_96,chunk,focused,0.0,0.0,0.0,0.0,0.337,0.5,92.0,0.5,0.0
b68527e40bdd11eba7f7acde48001122,chunk_focused_96,chunk,focused,0.0,0.0,0.0,0.0,0.5529,0.5,85.0,0.5,0.0
eb9a4b7c0bdc11eba7f7acde48001122,chunk_focused_96,chunk,focused,0.0,0.0,0.0,0.0,0.3263,0.5,95.0,1.0,1.0
63ccce2308cb11ebbd92ac1f6bf848b6,chunk_focused_96,chunk,focused,1.0,1.0,1.0,1.0,1.0,1.0,93.0,1.0,1.0
4a6714f608d011ebbd95ac1f6bf848b6,chunk_focused_96,chunk,focused,1.0,1.0,1.0,1.0,0.4516,0.25,93.0,0.5,0.0
251db78c0bdb11eba7f7acde48001122,chunk_focused_96,chunk,focused,0.0,0.0,0.0,0.0,0.7632,0.5,76.0,0.5,0.0
cc6b0e9e084e11ebbd56ac1f6bf848b6,chunk_focused_96,chunk,focused,1.0,1.0,0.0,0.0,0.3784,0.25,74.0,0.75,0.0
b16d1ab40bdd11eba7f7acde48001122,chunk_focused_96,chunk,focused,0.0,0.8,1.0,1.0,0.3763,0.5,93.0,1.0,1.0
e171d29a0bdd11eba7f7acde48001122,chunk_focused_96,chunk,focused,0.0,0.0,0.0,0.3333,0.8125,0.5,80.0,0.5,0.0
901658be084d11ebbd56ac1f6bf848b6,chunk_focused_96,chunk,focused,1.0,1.0,1.0,1.0,0.9,0.5,90.0,0.75,0.0
042bf49e0bdb11eba7f7acde48001122,chunk_focused_96,chunk,focused,0.0,0.0,0.0,0.0,0.625,0.5,96.0,0.5,0.0
4d559f400bda11eba7f7acde48001122,chunk_focused_96,chunk,focused,0.0,0.0,0.0,0.5,0.7368,0.5,95.0,0.5,0.0
0d232356091511ebbdadac1f6bf848b6,chunk_focused_96,chunk,focused,0.0,0.0,0.0,0.0,1.0,0.5,82.0,1.0,1.0
1ed79b0a087411ebbd67ac1f6bf848b6,chunk_focused_96,chunk,focused,1.0,1.0,0.0,0.0,1.0,0.5,87.0,1.0,1.0
f21ab6980bdd11eba7f7acde48001122,chunk_focused_96,chunk,focused,0.0,0.0,0.0,0.0,1.0,0.5,88.0,0.5,0.0
1c593ac008ae11ebbd83ac1f6bf848b6,chunk_focused_96,chunk,focused,0.0,0.0,0.0,0.0,0.8222,0.5,90.0,0.5,0.0
eb18a27a0baf11ebab90acde48001122,chunk_focused_96,chunk,focused,0.0,0.0,0.0,0.5,0.3793,0.5,87.0,0.5,0.0
bedf588e0baf11ebab90acde48001122,chunk_focused_96,chunk,focused,0.0,0.0,0.0,0.0,0.0,0.0,74.0,0.5,0.0
fffc59fc088f11ebbd72ac1f6bf848b6,chunk_focused_96,chunk,focused,0.0,0.0,1.0,1.0,0.7326,0.5,86.0,0.5,0.0
e2cadf420bdd11eba7f7acde48001122,chunk_focused_96,chunk,focused,0.0,0.0,0.0,0.0,0.5914,0.5,93.0,1.0,1.0
337c710c08b511ebbd88ac1f6bf848b6,chunk_focused_96,chunk,focused,1.0,1.0,0.0,0.3333,0.4831,0.5,89.0,1.0,1.0
62df628e0bde11eba7f7acde48001122,chunk_focused_96,chunk,focused,0.0,0.0,0.0,0.0,0.0,0.0,93.0,1.0,1.0
a1f532760bdb11eba7f7acde48001122,chunk_focused_96,chunk,focused,0.0,0.0,1.0,1.0,1.0,1.0,91.0,1.0,1.0
5dea5497089b11ebbd78ac1f6bf848b6,chunk_focused_96,chunk,focused,0.0,0.0,1.0,1.0,0.3913,0.25,92.0,0.25,0.0
c6d520840bda11eba7f7acde48001122,chunk_focused_96,chunk,focused,0.0,0.0,1.0,1.0,0.7527,1.0,93.0,1.0,1.0
66c00bf60bde11eba7f7acde48001122,chunk_focused_96,chunk,focused,0.0,0.0,0.0,0.0,0.5789,0.5,95.0,0.5,0.0
95ab4cac0bdc11eba7f7acde48001122,chunk_focused_96,chunk,focused,1.0,1.0,1.0,1.0,0.2316,0.5,95.0,1.0,1.0
27b8af06088e11ebbd70ac1f6bf848b6,chunk_focused_96,chunk,focused,0.0,0.0,0.0,0.0,0.4301,0.25,93.0,0.75,0.0
50f1350208af11ebbd83ac1f6bf848b6,chunk_focused_96,chunk,focused,0.0,0.0,0.0,0.0,1.0,0.25,76.0,0.5,0.0
68a60785087511ebbd67ac1f6bf848b6,chunk_focused_96,chunk,focused,0.0,0.0,0.0,0.8333,0.1684,0.5,95.0,1.0,1.0
9e68b794091311ebbdadac1f6bf848b6,chunk_focused_96,chunk,focused,1.0,1.0,0.0,0.0,0.4731,0.5,93.0,1.0,1.0
d922570808dc11ebbd9dac1f6bf848b6,chunk_focused_96,chunk,focused,0.0,0.0,0.0,0.0,0.7527,0.5,93.0,1.0,1.0
fd5a8ea0086711ebbd5eac1f6bf848b6,chunk_focused_96,chunk,focused,1.0,1.0,1.0,1.0,0.6344,1.0,93.0,1.0,1.0
dff7c3b60bdd11eba7f7acde48001122,chunk_focused_96,chunk,focused,0.0,0.0,0.0,0.0,1.0,0.5,69.0,0.5,0.0
75c64fb00bda11eba7f7acde48001122,chunk_focused_96,chunk,focused,0.0,0.0,0.0,0.3333,0.284,0.5,81.0,0.5,0.0
43acd28e0bde11eba7f7acde48001122,chunk_focused_96,chunk,focused,0.0,0.0,0.0,0.0,0.0,0.0,96.0,0.5,0.0
86afde360bda11eba7f7acde48001122,chunk_focused_96,chunk,focused,0.0,0.0,0.0,0.0,0.6739,0.5,92.0,0.5,0.0
2a7d95fc0bdc11eba7f7acde48001122,chunk_focused_96,chunk,focused,0.0,0.0,0.0,0.0,0.375,0.5,96.0,0.5,0.0
7de481100baf11ebab90acde48001122,chunk_focused_96,chunk,focused,0.0,0.0,0.0,0.3333,0.0,0.0,77.0,0.5,0.0
d8df66240bdd11eba7f7acde48001122,chunk_focused_96,chunk,focused,0.0,0.0,0.0,0.5,0.0,0.0,91.0,1.0,1.0
2e925d6a0bde11eba7f7acde48001122,chunk_focused_96,chunk,focused,0.0,0.0,0.0,0.0,0.0,0.0,71.0,1.0,1.0
4b879bd6087a11ebbd67ac1f6bf848b6,chunk_focused_96,chunk,focused,1.0,1.0,0.0,0.0,0.4,0.25,90.0,0.5,0.0
eb30f33c086611ebbd5eac1f6bf848b6,chunk_focused_96,chunk,focused,1.0,1.0,0.0,0.0,0.1538,0.5,91.0,1.0,1.0
59f0b4d608b211ebbd85ac1f6bf848b6,chunk_focused_96,chunk,focused,1.0,1.0,1.0,1.0,1.0,1.0,87.0,1.0,1.0
ef48a3720baf11ebab90acde48001122,chunk_focused_96,chunk,focused,0.0,0.0,0.0,0.75,0.0,0.0,93.0,0.5,0.0
39c32aa2086411ebbd5eac1f6bf848b6,chunk_focused_96,chunk,focused,0.0,0.0,1.0,1.0,1.0,1.0,79.0,1.0,1.0
4b11ef0808cf11ebbd95ac1f6bf848b6,chunk_focused_96,chunk,focused,0.0,0.0,1.0,1.0,0.8211,0.5,95.0,0.5,0.0
354ab1c408e211ebbda3ac1f6bf848b6,chunk_focused_96,chunk,focused,1.0,1.0,1.0,1.0,1.0,0.5,96.0,0.5,0.0
4293552c0bb011ebab90acde48001122,chunk_focused_96,chunk,focused,0.0,0.0,0.0,0.3333,0.0,0.0,92.0,1.0,1.0
2a234d2d089911ebbd77ac1f6bf848b6,chunk_focused_96,chunk,focused,0.0,0.4,0.0,0.3333,0.6353,0.5,85.0,1.0,1.0
565785740bb011ebab90acde48001122,chunk_focused_96,chunk,focused,0.0,0.0,0.0,0.0,0.0,0.0,67.0,0.5,0.0
511af4e80baf11ebab90acde48001122,chunk_focused_96,chunk,focused,0.0,0.0,0.0,0.6,1.0,0.5,81.0,0.5,0.0
227adf2c086c11ebbd60ac1f6bf848b6,chunk_focused_96,chunk,focused,1.0,1.0,0.0,0.0,0.7582,0.25,91.0,0.5,0.0
bac99ab40bd911eba7f7acde48001122,chunk_focused_96,chunk,focused,0.0,0.0,0.0,0.25,0.0,0.0,89.0,0.5,0.0
c001b9b40bdc11eba7f7acde48001122,chunk_focused_96,chunk,focused,0.0,0.0,0.0,0.0,0.0,0.0,82.0,0.5,0.0
c31b2d920bdc11eba7f7acde48001122,chunk_focused_96,chunk,focused,0.0,0.0,0.0,0.0,0.3596,0.5,89.0,0.5,0.0
13288e3a090b11ebbdadac1f6bf848b6,chunk_focused_96,chunk,focused,0.0,0.0,1.0,1.0,0.0,0.0,91.0,0.5,0.0
f62ae4f9096911ebbdafac1f6bf848b6,chunk_focused_96,chunk,focused,1.0,1.0,1.0,1.0,0.5823,1.0,79.0,1.0,1.0
4bb64b540bde11eba7f7acde48001122,chunk_focused_96,chunk,focused,0.0,0.0,0.0,0.25,0.5824,0.5,91.0,0.5,0.0
4facc3320bd911eba7f7acde48001122,chunk_focused_96,chunk,focused,0.0,0.0,0.0,0.5,0.5495,0.5,91.0,0.5,0.0
af07336e0bdc11eba7f7acde48001122,chunk_focused_96,chunk,focused,0.0,0.0,0.0,0.0,0.4023,0.5,87.0,0.5,0.0
06ceba5e0bb011ebab90acde48001122,chunk_focused_96,chunk,focused,0.0,0.0,0.0,0.6667,0.3723,0.5,94.0,0.5,0.0
5a7f3e9d08e711ebbda6ac1f6bf848b6,chunk_focused_96,chunk,focused,0.0,0.0,0.0,0.0,1.0,1.0,85.0,1.0,1.0
eee1f0af085911ebbd5bac1f6bf848b6,chunk_focused_96,chunk,focused,1.0,1.0,1.0,1.0,0.7222,1.0,90.0,1.0,1.0
7019886b093511ebbdaeac1f6bf848b6,chunk_focused_96,chunk,focused,1.0,1.0,0.0,0.75,0.2527,0.5,91.0,1.0,1.0
8326634a08a111ebbd79ac1f6bf848b6,chunk_focused_96,chunk,focused,0.0,0.0,0.0,0.0,0.1975,0.5,81.0,1.0,1.0
c74ed73b088d11ebbd70ac1f6bf848b6,chunk_focused_96,chunk,focused,1.0,1.0,1.0,1.0,1.0,0.5,90.0,0.5,0.0
2f3c0934087b11ebbd67ac1f6bf848b6,chunk_focused_96,chunk,focused,0.0,0.0,0.0,0.0,1.0,0.5,92.0,0.5,0.0
0ccfc77808c611ebbd90ac1f6bf848b6,chunk_focused_96,chunk,focused,0.0,0.0,1.0,1.0,0.5208,0.5,96.0,0.5,0.0
5136616008b211ebbd85ac1f6bf848b6,chunk_focused_96,chunk,focused,0.0,0.0,0.0,0.3333,0.7805,0.25,82.0,0.5,0.0
afcff22e0bda11eba7f7acde48001122,chunk_focused_96,chunk,focused,0.0,0.0,0.0,0.0,0.5604,0.5,91.0,0.5,0.0
986625bc0bdb11eba7f7acde48001122,chunk_focused_96,chunk,focused,0.0,0.0,0.0,0.0,1.0,0.5,85.0,0.5,0.0
290458a20bda11eba7f7acde48001122,chunk_focused_96,chunk,focused,0.0,0.0,0.0,0.0,0.0,0.0,93.0,0.5,0.0
7eeba090088d11ebbd70ac1f6bf848b6,chunk_focused_96,chunk,focused,1.0,1.0,1.0,1.0,0.3146,1.0,89.0,1.0,1.0
56c3a6c20bd911eba7f7acde48001122,chunk_focused_96,chunk,focused,0.0,0.0,0.0,0.0,1.0,0.5,93.0,1.0,1.0
0d118fb00bdb11eba7f7acde48001122,chunk_focused_96,chunk,focused,0.0,0.0,0.0,0.0,0.6582,0.5,79.0,0.5,0.0
07fce4900bde11eba7f7acde48001122,chunk_focused_96,chunk,focused,1.0,1.0,0.0,0.0,0.7727,0.5,88.0,0.5,0.0
9ff14fea0baf11ebab90acde48001122,chunk_focused_96,chunk,focused,0.0,0.0,0.0,0.0,0.2609,0.5,92.0,0.5,0.0
955ddc6a0bdc11eba7f7acde48001122,chunk_focused_96,chunk,focused,0.0,0.0,0.0,0.0,0.2759,0.5,87.0,0.5,0.0
50b9582c0bb011ebab90acde48001122,chunk_focused_96,chunk,focused,0.0,0.0,0.0,0.6667,0.2738,0.5,84.0,1.0,1.0
1b7752be0bdc11eba7f7acde48001122,chunk_focused_96,chunk,focused,0.0,0.0,0.0,0.0,0.6512,0.5,86.0,0.5,0.0
f31d38460bdc11eba7f7acde48001122,chunk_focused_96,chunk,focused,0.0,0.0,0.0,0.0,0.0,0.0,73.0,1.0,1.0
dd01c8180bd911eba7f7acde48001122,chunk_focused_96,chunk,focused,0.0,0.0,0.0,0.0,0.4167,0.5,84.0,1.0,1.0
afc6b59708b611ebbd88ac1f6bf848b6,chunk_focused_96,chunk,focused,1.0,1.0,0.0,0.0,0.0,0.0,80.0,0.5,0.0
df66ea220bdc11eba7f7acde48001122,chunk_focused_96,chunk,focused,0.0,0.0,0.0,0.0,0.5106,0.5,94.0,1.0,1.0
a84ba2780bda11eba7f7acde48001122,chunk_focused_96,chunk,focused,0.0,0.0,0.0,0.0,0.0,0.0,89.0,0.0,0.0
c418fa2408e811ebbda6ac1f6bf848b6,chunk_focused_96,chunk,focused,0.0,0.0,0.0,0.6667,0.0,0.0,92.0,0.5,0.0
96beb0b3086111ebbd5dac1f6bf848b6,chunk_focused_96,chunk,focused,1.0,1.0,1.0,1.0,0.8542,1.0,96.0,1.0,1.0
74b171780bde11eba7f7acde48001122,chunk_focused_96,chunk,focused,0.0,0.0,0.0,0.0,0.0,0.0,80.0,0.5,0.0
8930ad3c0bdc11eba7f7acde48001122,chunk_focused_96,chunk,focused,0.0,0.0,0.0,0.0,1.0,0.5,96.0,0.5,0.0
51a08d5308ac11ebbd82ac1f6bf848b6,chunk_focused_96,chunk,focused,1.0,1.0,1.0,1.0,0.3636,0.5,88.0,1.0,1.0
b4254d4c0bda11eba7f7acde48001122,chunk_focused_96,chunk,focused,0.0,0.0,0.0,0.0,0.5366,0.5,82.0,0.5,0.0
f77f95da0bd911eba7f7acde48001122,chunk_focused_96,chunk,focused,0.0,0.0,0.0,0.0,0.2593,0.5,81.0,0.5,0.0
3581ccec0bdd11eba7f7acde48001122,chunk_focused_96,chunk,focused,0.0,0.0,0.0,0.0,0.0,0.0,81.0,0.0,0.0
20058aec0bde11eba7f7acde48001122,chunk_focused_96,chunk,focused,0.0,0.0,0.0,0.0,0.7561,0.5,82.0,1.0,1.0
f4a66ac60bae11ebab90acde48001122,chunk_focused_96,chunk,focused,0.0,0.0,0.0,0.5,1.0,0.5,68.0,0.5,0.0
001ad110086911ebbd5eac1f6bf848b6,chunk_focused_96,chunk,focused,0.0,0.0,0.0,0.0,0.0,0.0,92.0,0.5,0.0
b3c4b3a80bdd11eba7f7acde48001122,chunk_focused_96,chunk,focused,0.0,0.0,0.0,0.0,0.4889,0.5,90.0,0.5,0.0
38fdf5420bda11eba7f7acde48001122,chunk_focused_96,chunk,focused,0.0,0.0,0.0,0.0,0.5952,0.5,84.0,0.5,0.0
6a53eb53089b11ebbd78ac1f6bf848b6,chunk_focused_96,chunk,focused,0.0,0.0,0.0,0.0,0.3171,0.5,82.0,1.0,1.0
4c319d400bde11eba7f7acde48001122,chunk_focused_96,chunk,focused,0.0,0.0,0.0,0.0,0.6744,0.5,86.0,1.0,1.0
998f8786089711ebbd77ac1f6bf848b6,chunk_focused_96,chunk,focused,1.0,1.0,1.0,1.0,0.4271,0.25,96.0,0.5,0.0
0b78b1e9087411ebbd67ac1f6bf848b6,chunk_focused_96,chunk,focused,0.0,0.0,0.0,0.0,0.7609,0.5,92.0,1.0,1.0
632fcc82085611ebbd59ac1f6bf848b6,chunk_focused_96,chunk,focused,0.0,0.0,1.0,1.0,0.7303,1.0,89.0,1.0,1.0
272062fc088c11ebbd6fac1f6bf848b6,chunk_focused_96,chunk,focused,0.0,0.0,0.0,0.0,0.3626,0.25,91.0,0.25,0.0
241a9d0c0bde11eba7f7acde48001122,chunk_focused_96,chunk,focused,0.0,0.6667,0.0,0.0,0.6,0.5,70.0,0.5,0.0
c6c492e008bb11ebbd88ac1f6bf848b6,chunk_focused_96,chunk,focused,0.0,0.0,0.0,0.0,0.2121,0.5,66.0,1.0,1.0
b67ef6380bda11eba7f7acde48001122,chunk_focused_96,chunk,focused,0.0,0.0,0.0,0.0,0.0,0.0,89.0,0.5,0.0
4a3edf720bdc11eba7f7acde48001122,chunk_focused_96,chunk,focused,0.0,0.0,0.0,0.3333,0.0,0.0,84.0,0.5,0.0
b21084c2097c11ebbdb0ac1f6bf848b6,chunk_focused_96,chunk,focused,1.0,1.0,1.0,1.0,0.6211,1.0,95.0,1.0,1.0
f5c9a3f2086111ebbd5dac1f6bf848b6,chunk_focused_96,chunk,focused,1.0,1.0,1.0,1.0,0.3467,0.5,75.0,1.0,1.0
1a344858086711ebbd5eac1f6bf848b6,chunk_focused_96,chunk,focused,1.0,1.0,1.0,1.0,0.6632,0.5,95.0,0.5,0.0
dac1f66e0bdd11eba7f7acde48001122,chunk_focused_96,chunk,focused,1.0,1.0,0.0,0.0,0.5641,0.5,78.0,1.0,1.0
141636ac0bdc11eba7f7acde48001122,chunk_focused_96,chunk,focused,0.0,0.0,0.0,0.0,0.6915,0.5,94.0,1.0,1.0
48b07de00bb011ebab90acde48001122,chunk_focused_96,chunk,focused,0.0,0.2222,0.0,0.8571,0.3448,0.5,87.0,1.0,1.0
ad193b1808b411ebbd88ac1f6bf848b6,chunk_mmr_96,chunk,mmr,1.0,1.0,1.0,1.0,1.0,0.5,90.0,0.5,0.0
5b168cd8089811ebbd77ac1f6bf848b6,chunk_mmr_96,chunk,mmr,1.0,1.0,1.0,1.0,0.8409,1.0,88.0,1.0,1.0
b23a2b360baf11ebab90acde48001122,chunk_mmr_96,chunk,mmr,0.0,0.0,0.0,0.0,1.0,0.5,79.0,1.0,1.0
c5ffa16a0bdb11eba7f7acde48001122,chunk_mmr_96,chunk,mmr,0.0,0.0,0.0,0.0,0.8289,0.5,76.0,0.5,0.0
eb3ff1900baf11ebab90acde48001122,chunk_mmr_96,chunk,mmr,0.0,0.0,0.0,0.2,0.2553,0.5,94.0,1.0,1.0
59a16ade0baf11ebab90acde48001122,chunk_mmr_96,chunk,mmr,0.0,0.0,0.0,0.0,1.0,0.5,82.0,0.5,0.0
5c9ef1d80bdd11eba7f7acde48001122,chunk_mmr_96,chunk,mmr,0.0,0.0,0.0,0.0,0.0,0.0,89.0,0.5,0.0
a537c442086d11ebbd62ac1f6bf848b6,chunk_mmr_96,chunk,mmr,1.0,1.0,1.0,1.0,0.4588,0.25,85.0,0.5,0.0
01588f7208be11ebbd8aac1f6bf848b6,chunk_mmr_96,chunk,mmr,1.0,1.0,1.0,1.0,0.6383,0.25,94.0,0.5,0.0
6b55ac320bdb11eba7f7acde48001122,chunk_mmr_96,chunk,mmr,0.0,0.0,0.0,0.0,0.6977,0.5,86.0,1.0,1.0
fde95590089c11ebbd78ac1f6bf848b6,chunk_mmr_96,chunk,mmr,1.0,1.0,0.0,0.0,0.6354,0.5,96.0,1.0,1.0
1f8a41b60bde11eba7f7acde48001122,chunk_mmr_96,chunk,mmr,0.0,0.0,0.0,0.0,0.3678,0.5,87.0,1.0,1.0
50008e080bda11eba7f7acde48001122,chunk_mmr_96,chunk,mmr,0.0,0.0,0.0,0.0,0.0,0.0,93.0,0.5,0.0
9f62be2008ac11ebbd83ac1f6bf848b6,chunk_mmr_96,chunk,mmr,0.0,0.0,0.0,0.0,0.0,0.0,95.0,1.0,1.0
6bb800f00bde11eba7f7acde48001122,chunk_mmr_96,chunk,mmr,0.0,0.0,1.0,1.0,0.7708,0.5,96.0,1.0,1.0
1822cbb4089111ebbd72ac1f6bf848b6,chunk_mmr_96,chunk,mmr,1.0,1.0,1.0,1.0,0.8158,0.5,76.0,0.5,0.0
87154f1e0bda11eba7f7acde48001122,chunk_mmr_96,chunk,mmr,0.0,0.0,0.0,0.0,0.3333,0.5,90.0,0.5,0.0
709430f20bda11eba7f7acde48001122,chunk_mmr_96,chunk,mmr,0.0,0.0,0.0,0.0,0.4421,1.0,95.0,1.0,1.0
1aecfdf608a011ebbd78ac1f6bf848b6,chunk_mmr_96,chunk,mmr,1.0,1.0,0.0,0.6667,1.0,1.0,80.0,1.0,1.0
03d68971096e11ebbdb0ac1f6bf848b6,chunk_mmr_96,chunk,mmr,0.0,0.0,0.0,0.0,0.3763,0.5,93.0,1.0,1.0
8a6eec600bda11eba7f7acde48001122,chunk_mmr_96,chunk,mmr,0.0,0.0,0.0,0.0,0.7816,0.5,87.0,1.0,1.0
3497795008bb11ebbd88ac1f6bf848b6,chunk_mmr_96,chunk,mmr,1.0,1.0,0.0,0.3333,0.8316,0.25,95.0,0.5,0.0
305e54500bde11eba7f7acde48001122,chunk_mmr_96,chunk,mmr,0.0,0.0,0.0,0.0,0.5233,0.5,86.0,0.5,0.0
6aa8edb5086411ebbd5eac1f6bf848b6,chunk_mmr_96,chunk,mmr,1.0,1.0,1.0,1.0,0.5978,0.5,92.0,1.0,1.0
4a8d58f0085811ebbd5aac1f6bf848b6,chunk_mmr_96,chunk,mmr,1.0,1.0,1.0,1.0,0.617,0.25,94.0,0.5,0.0
00ce250d095f11ebbdafac1f6bf848b6,chunk_mmr_96,chunk,mmr,0.0,0.0,1.0,1.0,1.0,1.0,82.0,1.0,1.0
c6128932093b11ebbdaeac1f6bf848b6,chunk_mmr_96,chunk,mmr,0.0,0.0,0.0,0.0,0.4624,0.5,93.0,1.0,1.0
d6c5f2680bdd11eba7f7acde48001122,chunk_mmr_96,chunk,mmr,0.0,0.0,0.0,0.0,0.3854,0.5,96.0,0.5,0.0
07626317086e11ebbd62ac1f6bf848b6,chunk_mmr_96,chunk,mmr,0.0,0.0,0.0,0.0,1.0,0.5,70.0,0.75,0.0
61f9bff8089711ebbd77ac1f6bf848b6,chunk_mmr_96,chunk,mmr,0.0,0.0,1.0,1.0,0.8646,0.5,96.0,0.5,0.0
c3e1ad9e090d11ebbdadac1f6bf848b6,chunk_mmr_96,chunk,mmr,0.0,0.0,1.0,1.0,1.0,1.0,72.0,1.0,1.0
093fcf360bdc11eba7f7acde48001122,chunk_mmr_96,chunk,mmr,0.0,0.0,0.0,0.0,0.0,0.0,95.0,0.5,0.0
6a419ba2087611ebbd67ac1f6bf848b6,chunk_mmr_96,chunk,mmr,1.0,1.0,1.0,1.0,0.5714,0.5,91.0,0.5,0.0
9bd0c7e60bdd11eba7f7acde48001122,chunk_mmr_96,chunk,mmr,0.0,0.0,0.0,0.0,0.0,0.0,88.0,0.5,0.0
fdbb770408da11ebbd9cac1f6bf848b6,chunk_mmr_96,chunk,mmr,0.0,0.0,0.0,0.0,0.2824,0.25,85.0,0.5,0.0
3cc74fb60bda11eba7f7acde48001122,chunk_mmr_96,chunk,mmr,0.0,0.0,0.0,0.0,0.0,0.0,96.0,0.5,0.0
234c4f060bde11eba7f7acde48001122,chunk_mmr_96,chunk,mmr,0.0,0.0,1.0,1.0,1.0,0.5,90.0,1.0,1.0
c807422a0bda11eba7f7acde48001122,chunk_mmr_96,chunk,mmr,0.0,0.0,0.0,0.0,0.2824,0.5,85.0,0.5,0.0
77119398087411ebbd67ac1f6bf848b6,chunk_mmr_96,chunk,mmr,1.0,1.0,0.0,0.0,0.6489,0.5,94.0,1.0,1.0
922587b80bdd11eba7f7acde48001122,chunk_mmr_96,chunk,mmr,0.0,0.0,0.0,0.0,0.0,0.0,94.0,0.5,0.0
7de9188c088b11ebbd6fac1f6bf848b6,chunk_mmr_96,chunk,mmr,0.0,0.5714,0.0,0.5,0.3659,0.5,82.0,0.5,0.0
ba3380fe0bdb11eba7f7acde48001122,chunk_mmr_96,chunk,mmr,0.0,0.0,0.0,0.0,0.0,0.0,95.0,0.5,0.0
710d0e740bde11eba7f7acde48001122,chunk_mmr_96,chunk,mmr,0.0,0.0,0.0,0.0,0.5376,0.5,93.0,0.5,0.0
562aab540baf11ebab90acde48001122,chunk_mmr_96,chunk,mmr,0.0,0.2222,0.0,0.2,0.3542,0.5,96.0,1.0,1.0
9ab545800bdd11eba7f7acde48001122,chunk_mmr_96,chunk,mmr,0.0,0.0,0.0,0.0,0.0,0.0,79.0,0.5,0.0
61456758085411ebbd59ac1f6bf848b6,chunk_mmr_96,chunk,mmr,0.0,0.3333,1.0,1.0,0.5412,0.25,85.0,0.5,0.0
26f25e9d089c11ebbd78ac1f6bf848b6,chunk_mmr_96,chunk,mmr,1.0,1.0,1.0,1.0,0.7791,1.0,86.0,1.0,1.0
ce5bfc90086c11ebbd61ac1f6bf848b6,chunk_mmr_96,chunk,mmr,0.0,0.0,0.0,0.0,0.5233,0.25,86.0,0.5,0.0
f893967608a811ebbd7fac1f6bf848b6,chunk_mmr_96,chunk,mmr,1.0,1.0,1.0,1.0,1.0,1.0,89.0,1.0,1.0
346a41b4084e11ebbd56ac1f6bf848b6,chunk_mmr_96,chunk,mmr,1.0,1.0,1.0,1.0,0.5625,0.5,96.0,0.5,0.0
bcbd76e608a111ebbd79ac1f6bf848b6,chunk_mmr_96,chunk,mmr,1.0,1.0,1.0,1.0,0.3696,0.25,92.0,0.5,0.0
f26542c808c511ebbd8fac1f6bf848b6,chunk_mmr_96,chunk,mmr,0.0,0.0,1.0,1.0,0.7312,0.5,93.0,0.5,0.0
5b1e1f240bdc11eba7f7acde48001122,chunk_mmr_96,chunk,mmr,0.0,0.0,0.0,0.3333,0.4156,0.5,77.0,0.5,0.0
b146f47c0bda11eba7f7acde48001122,chunk_mmr_96,chunk,mmr,0.0,0.0,0.0,0.0,0.0,0.0,78.0,1.0,1.0
9c996f860bdb11eba7f7acde48001122,chunk_mmr_96,chunk,mmr,0.0,0.0,0.0,0.0,0.4211,0.5,95.0,1.0,1.0
f491b33e0bda11eba7f7acde48001122,chunk_mmr_96,chunk,mmr,0.0,0.0,0.0,0.0,0.0,0.0,89.0,0.5,0.0
21d2a107091911ebbdaeac1f6bf848b6,chunk_mmr_96,chunk,mmr,1.0,1.0,1.0,1.0,0.4286,0.5,77.0,1.0,1.0
10e63c10087211ebbd64ac1f6bf848b6,chunk_mmr_96,chunk,mmr,1.0,1.0,0.0,0.0,0.3871,0.25,93.0,0.5,0.0
5c7ce15a0bde11eba7f7acde48001122,chunk_mmr_96,chunk,mmr,0.0,0.0,0.0,0.5,0.6111,0.5,90.0,0.5,0.0
b0e112940bdd11eba7f7acde48001122,chunk_mmr_96,chunk,mmr,0.0,0.0,0.0,0.0,0.3095,0.5,84.0,0.5,0.0
e6a74e020bdd11eba7f7acde48001122,chunk_mmr_96,chunk,mmr,0.0,0.0,0.0,0.0,0.3125,0.5,96.0,0.5,0.0
0963c8b80bdd11eba7f7acde48001122,chunk_mmr_96,chunk,mmr,0.0,0.0,0.0,0.0,0.7424,0.5,66.0,0.5,0.0
09beb233086d11ebbd61ac1f6bf848b6,chunk_mmr_96,chunk,mmr,1.0,1.0,0.0,0.0,1.0,1.0,89.0,1.0,1.0
963fffd60bdd11eba7f7acde48001122,chunk_mmr_96,chunk,mmr,1.0,1.0,1.0,1.0,0.4944,1.0,89.0,1.0,1.0
f0d6f50c08eb11ebbda7ac1f6bf848b6,chunk_mmr_96,chunk,mmr,0.0,0.0,0.0,1.0,0.6629,1.0,89.0,1.0,1.0
33d1a6d60bda11eba7f7acde48001122,chunk_mmr_96,chunk,mmr,0.0,0.0,0.0,0.3333,0.5208,0.5,96.0,1.0,1.0
f31afa16094511ebbdaeac1f6bf848b6,chunk_mmr_96,chunk,mmr,0.0,0.0,1.0,1.0,0.9462,0.5,93.0,1.0,1.0
3654974a08df11ebbda0ac1f6bf848b6,chunk_mmr_96,chunk,mmr,0.0,0.0,0.0,0.4,0.3699,0.25,73.0,0.75,0.0
2d2fdefe085311ebbd59ac1f6bf848b6,chunk_mmr_96,chunk,mmr,0.0,0.0,0.0,0.5,0.0,0.0,90.0,1.0,1.0
7a01a52a089c11ebbd78ac1f6bf848b6,chunk_mmr_96,chunk,mmr,1.0,1.0,1.0,1.0,0.7143,0.5,91.0,0.5,0.0
d8a00ed40bdd11eba7f7acde48001122,chunk_mmr_96,chunk,mmr,0.0,0.0,0.0,0.0,0.3438,0.5,96.0,0.5,0.0
c37f944e08e611ebbda5ac1f6bf848b6,chunk_mmr_96,chunk,mmr,0.0,0.0,0.0,0.0,0.3956,0.5,91.0,1.0,1.0
b670607d08b611ebbd88ac1f6bf848b6,chunk_mmr_96,chunk,mmr,0.0,0.25,1.0,1.0,1.0,0.25,81.0,0.75,0.0
62a0531e0bde11eba7f7acde48001122,chunk_mmr_96,chunk,mmr,0.0,0.0,0.0,0.0,0.7865,0.5,89.0,0.5,0.0
03f2846e0bb011ebab90acde48001122,chunk_mmr_96,chunk,mmr,0.0,0.0,0.0,0.4,0.375,0.5,96.0,1.0,1.0
98da1bb608d411ebbd96ac1f6bf848b6,chunk_mmr_96,chunk,mmr,1.0,1.0,1.0,1.0,1.0,0.5,83.0,0.75,0.0
bb792556091811ebbdaeac1f6bf848b6,chunk_mmr_96,chunk,mmr,1.0,1.0,0.0,0.6667,1.0,1.0,70.0,1.0,1.0
46e99a3d094111ebbdaeac1f6bf848b6,chunk_mmr_96,chunk,mmr,1.0,1.0,1.0,1.0,0.4688,1.0,96.0,1.0,1.0
2f6aa3ba0bb011ebab90acde48001122,chunk_mmr_96,chunk,mmr,0.0,0.1818,0.0,0.2,0.3118,0.5,93.0,1.0,1.0
41b295500bb011ebab90acde48001122,chunk_mmr_96,chunk,mmr,0.0,0.0,0.0,0.0,0.5312,0.5,96.0,1.0,1.0
132a5430085d11ebbd5cac1f6bf848b6,chunk_mmr_96,chunk,mmr,0.0,0.0,0.0,0.0,0.427,0.5,89.0,1.0,1.0
08e7eb340bde11eba7f7acde48001122,chunk_mmr_96,chunk,mmr,0.0,0.0,0.0,0.0,0.0,0.0,80.0,0.5,0.0
91ec5b380bdc11eba7f7acde48001122,chunk_mmr_96,chunk,mmr,0.0,0.0,0.0,0.0,0.5714,0.5,63.0,0.5,0.0
bf5c81fa0bdd11eba7f7acde48001122,chunk_mmr_96,chunk,mmr,0.0,0.0,0.0,0.0,0.4819,0.5,83.0,0.5,0.0
cf9a08f608c911ebbd92ac1f6bf848b6,chunk_mmr_96,chunk,mmr,0.0,0.0,1.0,1.0,0.3708,0.25,89.0,0.5,0.0
0e5e54c908c211ebbd8bac1f6bf848b6,chunk_mmr_96,chunk,mmr,0.0,0.0,0.0,0.0,0.8861,0.5,79.0,1.0,1.0
af1ee605093511ebbdaeac1f6bf848b6,chunk_mmr_96,chunk,mmr,1.0,1.0,1.0,1.0,0.7059,1.0,85.0,1.0,1.0
3e0cebde0bd911eba7f7acde48001122,chunk_mmr_96,chunk,mmr,0.0,0.0,0.0,0.0,1.0,0.5,81.0,0.5,0.0
0518615a0bde11eba7f7acde48001122,chunk_mmr_96,chunk,mmr,0.0,0.0,0.0,0.0,0.3229,0.5,96.0,1.0,1.0
3d22de280bb011ebab90acde48001122,chunk_mmr_96,chunk,mmr,0.0,0.0,0.0,0.5,0.0,0.0,71.0,0.5,0.0
b6afbad60bdd11eba7f7acde48001122,chunk_mmr_96,chunk,mmr,0.0,0.0,0.0,0.0,0.4615,0.5,91.0,1.0,1.0
0b91d3200bdb11eba7f7acde48001122,chunk_mmr_96,chunk,mmr,0.0,0.0,0.0,0.0,0.5109,0.5,92.0,0.5,0.0
1621c01108f011ebbda8ac1f6bf848b6,chunk_mmr_96,chunk,mmr,0.0,0.0,1.0,1.0,1.0,0.5,82.0,1.0,1.0
8b5f752e0bdd11eba7f7acde48001122,chunk_mmr_96,chunk,mmr,0.0,0.0,0.0,0.0,0.1277,0.5,94.0,0.5,0.0
5e02b99208b811ebbd88ac1f6bf848b6,chunk_mmr_96,chunk,mmr,1.0,1.0,1.0,1.0,0.6875,0.5,96.0,0.5,0.0
a809d3720bdd11eba7f7acde48001122,chunk_mmr_96,chunk,mmr,0.0,0.0,0.0,0.0,1.0,0.5,76.0,0.5,0.0
ade9a5980baf11ebab90acde48001122,chunk_mmr_96,chunk,mmr,0.0,0.0,0.0,0.0,0.3034,0.5,89.0,1.0,1.0
8012a1e008af11ebbd83ac1f6bf848b6,chunk_mmr_96,chunk,mmr,0.0,0.0,0.0,0.0,0.1915,0.25,94.0,0.5,0.0
d19a4bb80bdd11eba7f7acde48001122,chunk_mmr_96,chunk,mmr,0.0,0.0,0.0,0.0,0.0,0.0,90.0,0.5,0.0
b6b306fa0bdd11eba7f7acde48001122,chunk_mmr_96,chunk,mmr,0.0,0.0,0.0,0.0,0.0,0.0,95.0,0.5,0.0
d71f453b085811ebbd5bac1f6bf848b6,chunk_mmr_96,chunk,mmr,0.0,0.0,0.0,0.0,0.5341,0.25,88.0,0.5,0.0
2de71a8a0bda11eba7f7acde48001122,chunk_mmr_96,chunk,mmr,0.0,0.0,0.0,0.0,0.6386,0.5,83.0,0.5,0.0
cee7790e08cc11ebbd93ac1f6bf848b6,chunk_mmr_96,chunk,mmr,0.0,0.0,0.0,0.0,1.0,0.25,76.0,0.5,0.0
623ea4080bb011ebab90acde48001122,chunk_mmr_96,chunk,mmr,0.0,0.0,0.0,0.2857,0.0,0.0,62.0,0.5,0.0
8d9bf1c80bb011ebab90acde48001122,chunk_mmr_96,chunk,mmr,0.0,0.2222,0.0,0.5,0.0,0.0,89.0,0.5,0.0
572c3827088311ebbd6dac1f6bf848b6,chunk_mmr_96,chunk,mmr,0.0,0.0,0.0,0.5,1.0,0.5,92.0,0.5,0.0
b1e64cc60bd911eba7f7acde48001122,chunk_mmr_96,chunk,mmr,0.0,0.0,0.0,0.0,0.8193,0.5,83.0,1.0,1.0
0b9a520108c211ebbd8bac1f6bf848b6,chunk_mmr_96,chunk,mmr,0.0,0.0,1.0,1.0,0.4719,0.25,89.0,0.5,0.0
04e9521d088b11ebbd6fac1f6bf848b6,chunk_mmr_96,chunk,mmr,0.0,0.0,1.0,1.0,1.0,1.0,80.0,1.0,1.0
8522d9b2092011ebbdaeac1f6bf848b6,chunk_mmr_96,chunk,mmr,0.0,0.0,1.0,1.0,0.6421,1.0,95.0,1.0,1.0
ec697d900bda11eba7f7acde48001122,chunk_mmr_96,chunk,mmr,0.0,0.0,0.0,0.0,0.6667,0.5,90.0,0.5,0.0
950bd11a090f11ebbdadac1f6bf848b6,chunk_mmr_96,chunk,mmr,0.0,0.0,1.0,1.0,0.4375,0.5,96.0,1.0,1.0
c1b9c0ac0bdd11eba7f7acde48001122,chunk_mmr_96,chunk,mmr,0.0,0.0,0.0,0.0,0.0,0.0,82.0,0.5,0.0
d2c47e1008df11ebbda1ac1f6bf848b6,chunk_mmr_96,chunk,mmr,0.0,0.0,1.0,1.0,0.4526,0.5,95.0,0.5,0.0
7b2bf8fc0bd911eba7f7acde48001122,chunk_mmr_96,chunk,mmr,0.0,0.0,0.0,0.0,0.5591,0.5,93.0,1.0,1.0
b5ccab240bdd11eba7f7acde48001122,chunk_mmr_96,chunk,mmr,0.0,0.0,0.0,0.0,0.0,0.0,84.0,0.5,0.0
6a70f6f80bb011ebab90acde48001122,chunk_mmr_96,chunk,mmr,0.0,0.0,0.0,0.0,0.0,0.0,78.0,0.5,0.0
1f9e4658084f11ebbd56ac1f6bf848b6,chunk_mmr_96,chunk,mmr,0.0,0.0,1.0,1.0,0.573,0.25,89.0,0.5,0.0
5caef2f8096411ebbdafac1f6bf848b6,chunk_mmr_96,chunk,mmr,0.0,0.0,1.0,1.0,0.75,1.0,92.0,1.0,1.0
b081e08408e111ebbda3ac1f6bf848b6,chunk_mmr_96,chunk,mmr,1.0,1.0,1.0,1.0,0.6552,0.25,87.0,0.5,0.0
f113f24e08ad11ebbd83ac1f6bf848b6,chunk_mmr_96,chunk,mmr,0.0,0.0,1.0,1.0,1.0,0.75,95.0,0.75,0.0
a6d397ea0bdd11eba7f7acde48001122,chunk_mmr_96,chunk,mmr,0.0,0.0,0.0,0.0,0.764,0.5,89.0,0.5,0.0
04a065a60bde11eba7f7acde48001122,chunk_mmr_96,chunk,mmr,0.0,0.0,0.0,0.0,1.0,0.5,81.0,0.5,0.0
534fbfd00bd911eba7f7acde48001122,chunk_mmr_96,chunk,mmr,0.0,0.0,0.0,0.0,0.5851,0.5,94.0,1.0,1.0
286461f808ba11ebbd88ac1f6bf848b6,chunk_mmr_96,chunk,mmr,1.0,1.0,1.0,1.0,0.5851,1.0,94.0,1.0,1.0
2fa40dae0bdc11eba7f7acde48001122,chunk_mmr_96,chunk,mmr,0.0,0.0,0.0,0.0,0.2188,0.5,96.0,0.5,0.0
a19ca5c80bdd11eba7f7acde48001122,chunk_mmr_96,chunk,mmr,0.0,0.0,1.0,1.0,0.7849,0.5,93.0,0.5,0.0
6a807fc40bb011ebab90acde48001122,chunk_mmr_96,chunk,mmr,0.0,0.4,0.0,0.6,0.0,0.0,82.0,0.5,0.0
1118315c0bdd11eba7f7acde48001122,chunk_mmr_96,chunk,mmr,0.0,0.0,0.0,0.0,0.5366,0.5,82.0,0.5,0.0
185a906e0bdc11eba7f7acde48001122,chunk_mmr_96,chunk,mmr,0.0,0.0,0.0,0.5,0.25,0.5,92.0,0.5,0.0
77f4e0140bb011ebab90acde48001122,chunk_mmr_96,chunk,mmr,0.0,0.0,0.0,0.0,0.0,0.0,76.0,0.5,0.0
2a98df6408d111ebbd95ac1f6bf848b6,chunk_mmr_96,chunk,mmr,0.0,0.0,0.0,0.0,1.0,1.0,90.0,1.0,1.0
025359200bde11eba7f7acde48001122,chunk_mmr_96,chunk,mmr,0.0,0.0,0.0,0.0,0.45,0.5,80.0,0.5,0.0
bd34477e0baf11ebab90acde48001122,chunk_mmr_96,chunk,mmr,0.0,0.0,0.0,0.8333,0.6301,0.5,73.0,1.0,1.0
6a8a71280bb011ebab90acde48001122,chunk_mmr_96,chunk,mmr,0.0,0.2857,0.0,0.5,0.0,0.0,91.0,1.0,1.0
ef9cbeca0bdd11eba7f7acde48001122,chunk_mmr_96,chunk,mmr,0.0,0.0,1.0,1.0,0.2188,0.5,96.0,1.0,1.0
c218a802090711ebbdadac1f6bf848b6,chunk_mmr_96,chunk,mmr,1.0,1.0,0.0,0.0,0.6596,0.5,94.0,1.0,1.0
f94832c408b811ebbd88ac1f6bf848b6,chunk_mmr_96,chunk,mmr,1.0,1.0,1.0,1.0,0.3763,0.25,93.0,0.5,0.0
8d2382e0085811ebbd5aac1f6bf848b6,chunk_mmr_96,chunk,mmr,0.0,0.0,1.0,1.0,0.6629,1.0,89.0,1.0,1.0
86fb31260bdd11eba7f7acde48001122,chunk_mmr_96,chunk,mmr,0.0,0.0,0.0,0.0,0.5319,0.5,94.0,1.0,1.0
18c0ccb1086911ebbd5eac1f6bf848b6,chunk_mmr_96,chunk,mmr,1.0,1.0,1.0,1.0,0.4211,0.5,76.0,1.0,1.0
e6f8d00a089611ebbd76ac1f6bf848b6,chunk_mmr_96,chunk,mmr,0.0,0.0,0.0,0.0,0.4719,0.5,89.0,1.0,1.0
8919fb50085311ebbd59ac1f6bf848b6,chunk_mmr_96,chunk,mmr,0.0,0.0,0.0,0.75,0.625,1.0,96.0,1.0,1.0
d5a61878086b11ebbd60ac1f6bf848b6,chunk_mmr_96,chunk,mmr,1.0,1.0,1.0,1.0,0.809,1.0,89.0,1.0,1.0
f6973183085a11ebbd5cac1f6bf848b6,chunk_mmr_96,chunk,mmr,1.0,1.0,1.0,1.0,0.4022,0.25,92.0,0.5,0.0
fc031d360baf11ebab90acde48001122,chunk_mmr_96,chunk,mmr,0.0,0.0,0.0,0.2,0.0,0.0,92.0,0.5,0.0
e5c738900bdc11eba7f7acde48001122,chunk_mmr_96,chunk,mmr,0.0,0.0,0.0,0.0,0.5172,0.5,87.0,0.5,0.0
6b466508097711ebbdb0ac1f6bf848b6,chunk_mmr_96,chunk,mmr,0.0,0.0,1.0,1.0,0.5104,0.5,96.0,1.0,1.0
46bd0bd6087511ebbd67ac1f6bf848b6,chunk_mmr_96,chunk,mmr,1.0,1.0,0.0,0.0,0.0,0.0,79.0,0.5,0.0
d1bdbdbe087711ebbd67ac1f6bf848b6,chunk_mmr_96,chunk,mmr,0.0,0.0,0.0,0.0,0.6739,0.25,92.0,0.75,0.0
6152f66c08df11ebbda0ac1f6bf848b6,chunk_mmr_96,chunk,mmr,1.0,1.0,1.0,1.0,1.0,0.5,96.0,0.5,0.0
98a3e5e9089111ebbd73ac1f6bf848b6,chunk_mmr_96,chunk,mmr,0.0,0.0,1.0,1.0,1.0,0.5,89.0,0.5,0.0
6946f8d20baf11ebab90acde48001122,chunk_mmr_96,chunk,mmr,0.0,0.0,0.0,0.3333,1.0,0.5,77.0,0.5,0.0
3d4662300bb011ebab90acde48001122,chunk_mmr_96,chunk,mmr,0.0,0.3333,1.0,1.0,0.0,0.0,89.0,0.5,0.0
c504923408fe11ebbdadac1f6bf848b6,chunk_mmr_96,chunk,mmr,0.0,0.0,1.0,1.0,0.6882,1.0,93.0,1.0,1.0
922a629c0bb011ebab90acde48001122,chunk_mmr_96,chunk,mmr,0.0,0.6,0.0,0.6,1.0,0.5,78.0,0.5,0.0
0e967bac08a711ebbd7fac1f6bf848b6,chunk_mmr_96,chunk,mmr,1.0,1.0,1.0,1.0,0.8228,0.5,79.0,0.5,0.0
c1aa9b640bdc11eba7f7acde48001122,chunk_mmr_96,chunk,mmr,0.0,0.0,0.0,0.0,0.4674,0.5,92.0,1.0,1.0
dba424900baf11ebab90acde48001122,chunk_mmr_96,chunk,mmr,0.0,0.0,0.0,0.3333,0.3636,0.5,88.0,0.5,0.0
f4cc9d4908b311ebbd86ac1f6bf848b6,chunk_mmr_96,chunk,mmr,0.0,0.0,1.0,1.0,1.0,0.5,66.0,0.5,0.0
6b850e0e0baf11ebab90acde48001122,chunk_mmr_96,chunk,mmr,0.0,0.2857,0.0,0.6667,0.6711,0.5,76.0,1.0,1.0
abce7ee208b111ebbd85ac1f6bf848b6,chunk_mmr_96,chunk,mmr,0.0,0.0,1.0,1.0,0.5106,0.25,94.0,0.5,0.0
6615041e0bb011ebab90acde48001122,chunk_mmr_96,chunk,mmr,0.0,0.0,0.0,0.3333,0.2747,0.5,91.0,0.5,0.0
dc4754a80bdc11eba7f7acde48001122,chunk_mmr_96,chunk,mmr,0.0,0.0,0.0,0.0,1.0,0.5,86.0,0.5,0.0
6bd86dd4087f11ebbd6bac1f6bf848b6,chunk_mmr_96,chunk,mmr,0.0,0.0,0.0,0.0,0.3837,0.25,86.0,0.5,0.0
98ab6cfe08c411ebbd8eac1f6bf848b6,chunk_mmr_96,chunk,mmr,0.0,0.0,1.0,1.0,0.7979,0.25,94.0,0.5,0.0
c30b9f8108b211ebbd85ac1f6bf848b6,chunk_mmr_96,chunk,mmr,1.0,1.0,0.0,0.0,0.7312,0.5,93.0,1.0,1.0
49e0153808ac11ebbd82ac1f6bf848b6,chunk_mmr_96,chunk,mmr,0.0,0.0,1.0,1.0,1.0,0.5,83.0,0.5,0.0
2fcc3e3e0bda11eba7f7acde48001122,chunk_mmr_96,chunk,mmr,0.0,0.0,0.0,0.0,0.7143,0.5,91.0,1.0,1.0
8a6610400bda11eba7f7acde48001122,chunk_mmr_96,chunk,mmr,0.0,0.0,0.0,0.0,0.5526,0.5,76.0,0.5,0.0
e172d3b20baf11ebab90acde48001122,chunk_mmr_96,chunk,mmr,0.0,0.0,0.0,0.0,0.8229,0.5,96.0,1.0,1.0
c365be0608ae11ebbd83ac1f6bf848b6,chunk_mmr_96,chunk,mmr,1.0,1.0,0.0,0.0,0.561,0.5,82.0,1.0,1.0
a9406286088d11ebbd70ac1f6bf848b6,chunk_mmr_96,chunk,mmr,1.0,1.0,1.0,1.0,0.44,0.25,75.0,0.5,0.0
6b84004a0baf11ebab90acde48001122,chunk_mmr_96,chunk,mmr,0.0,0.0,0.0,0.4,0.5921,0.5,76.0,0.5,0.0
caa0a77908ac11ebbd83ac1f6bf848b6,chunk_mmr_96,chunk,mmr,1.0,1.0,1.0,1.0,1.0,0.5,89.0,0.5,0.0
63a51a37096711ebbdafac1f6bf848b6,chunk_mmr_96,chunk,mmr,1.0,1.0,1.0,1.0,0.5495,1.0,91.0,1.0,1.0
647eba07088f11ebbd72ac1f6bf848b6,chunk_mmr_96,chunk,mmr,0.0,0.0,0.0,0.0,0.4062,0.5,96.0,1.0,1.0
6e765ee508f611ebbdaaac1f6bf848b6,chunk_mmr_96,chunk,mmr,1.0,1.0,1.0,1.0,0.6702,1.0,94.0,1.0,1.0
dc6e054e0baf11ebab90acde48001122,chunk_mmr_96,chunk,mmr,0.0,0.0,0.0,0.0,0.0,0.0,91.0,0.5,0.0
5c82bfe20bdb11eba7f7acde48001122,chunk_mmr_96,chunk,mmr,0.0,0.0,0.0,0.0,0.0,0.0,82.0,1.0,1.0
47a59362091411ebbdadac1f6bf848b6,chunk_mmr_96,chunk,mmr,1.0,1.0,1.0,1.0,0.5862,1.0,87.0,1.0,1.0
5bab48ec0bda11eba7f7acde48001122,chunk_mmr_96,chunk,mmr,0.0,0.0,0.0,0.0,0.4944,0.5,89.0,0.5,0.0
d3c779240bdd11eba7f7acde48001122,chunk_mmr_96,chunk,mmr,0.0,0.0,0.0,0.0,0.3034,0.5,89.0,1.0,1.0
57e0ae020bb011ebab90acde48001122,chunk_mmr_96,chunk,mmr,0.0,0.6154,0.0,0.7143,0.5765,0.5,85.0,1.0,1.0
9e2fc7ef08c711ebbd91ac1f6bf848b6,chunk_mmr_96,chunk,mmr,0.0,0.0,0.0,0.0,0.3438,0.25,96.0,0.5,0.0
be9369c80bdd11eba7f7acde48001122,chunk_mmr_96,chunk,mmr,0.0,0.0,0.0,0.0,0.2766,0.5,94.0,0.5,0.0
abaff0940bdb11eba7f7acde48001122,chunk_mmr_96,chunk,mmr,0.0,0.0,0.0,0.0,0.5833,0.5,96.0,0.5,0.0
09aa4e1a0bdc11eba7f7acde48001122,chunk_mmr_96,chunk,mmr,0.0,0.0,0.0,0.0,0.7708,0.5,96.0,0.5,0.0
e4e02a240bda11eba7f7acde48001122,chunk_mmr_96,chunk,mmr,0.0,0.0,0.0,0.5,0.2292,0.5,96.0,0.5,0.0
fc9d859008a011ebbd78ac1f6bf848b6,chunk_mmr_96,chunk,mmr,1.0,1.0,1.0,1.0,0.7553,1.0,94.0,1.0,1.0
3c3204c8084d11ebbd56ac1f6bf848b6,chunk_mmr_96,chunk,mmr,0.0,0.0,1.0,1.0,0.5208,0.5,96.0,0.5,0.0
d5bf657c0bdb11eba7f7acde48001122,chunk_mmr_96,chunk,mmr,0.0,0.0,0.0,0.0,0.0,0.0,87.0,1.0,1.0
f4aa6595093611ebbdaeac1f6bf848b6,chunk_mmr_96,chunk,mmr,0.0,0.6667,1.0,1.0,0.5158,0.5,95.0,1.0,1.0
5a34b04e0bd911eba7f7acde48001122,chunk_mmr_96,chunk,mmr,0.0,0.0,0.0,0.0,0.0,0.0,85.0,0.5,0.0
1a3bb74508dc11ebbd9cac1f6bf848b6,chunk_mmr_96,chunk,mmr,0.0,0.0,1.0,1.0,0.7553,0.5,94.0,0.75,0.0
8031698e0bdb11eba7f7acde48001122,chunk_mmr_96,chunk,mmr,0.0,0.0,0.0,0.0,0.6512,0.5,86.0,1.0,1.0
637434540bde11eba7f7acde48001122,chunk_mmr_96,chunk,mmr,1.0,1.0,1.0,1.0,0.7841,0.5,88.0,0.5,0.0
943b50b20bda11eba7f7acde48001122,chunk_mmr_96,chunk,mmr,0.0,0.0,0.0,0.0,0.4878,0.5,82.0,0.5,0.0
736afe9e0baf11ebab90acde48001122,chunk_mmr_96,chunk,mmr,0.0,0.0,0.0,0.5,0.0,0.0,92.0,0.5,0.0
fb6ff1e20bdb11eba7f7acde48001122,chunk_mmr_96,chunk,mmr,0.0,0.0,0.0,0.0,0.4375,0.5,96.0,0.5,0.0
42dac74c089311ebbd74ac1f6bf848b6,chunk_mmr_96,chunk,mmr,0.0,0.2,1.0,1.0,0.5978,0.25,92.0,0.5,0.0
1407903b089d11ebbd78ac1f6bf848b6,chunk_mmr_96,chunk,mmr,0.0,0.0,0.0,0.0,0.6044,0.5,91.0,1.0,1.0
c4fd6fe80bdd11eba7f7acde48001122,chunk_mmr_96,chunk,mmr,0.0,0.0,0.0,0.0,0.0,0.0,92.0,0.5,0.0
4de007f40bdd11eba7f7acde48001122,chunk_mmr_96,chunk,mmr,0.0,0.0,0.0,0.0,0.4937,0.5,79.0,0.5,0.0
5ead80ee0baf11ebab90acde48001122,chunk_mmr_96,chunk,mmr,0.0,0.4,0.0,0.5,0.5851,0.5,94.0,1.0,1.0
a27849740bd911eba7f7acde48001122,chunk_mmr_96,chunk,mmr,0.0,0.0,0.0,0.0,0.9067,0.5,75.0,0.5,0.0
2b871cac0bdc11eba7f7acde48001122,chunk_mmr_96,chunk,mmr,0.0,0.0,0.0,0.0,0.5833,0.5,96.0,0.5,0.0
e2e9a9560bdb11eba7f7acde48001122,chunk_mmr_96,chunk,mmr,0.0,0.0,0.0,0.0,0.125,0.5,96.0,0.5,0.0
ffee28d80bae11ebab90acde48001122,chunk_mmr_96,chunk,mmr,0.0,0.0,0.0,0.3333,0.0,0.0,86.0,0.5,0.0
972ecece08ef11ebbda8ac1f6bf848b6,chunk_mmr_96,chunk,mmr,1.0,1.0,0.0,0.0,0.2,0.5,75.0,1.0,1.0
1948b12e0bda11eba7f7acde48001122,chunk_mmr_96,chunk,mmr,0.0,0.0,0.0,0.0,1.0,0.5,81.0,1.0,1.0
406a4ee00bb011ebab90acde48001122,chunk_mmr_96,chunk,mmr,0.0,0.0,0.0,0.0,0.0,0.0,92.0,0.5,0.0
3d1200fc0bde11eba7f7acde48001122,chunk_mmr_96,chunk,mmr,0.0,0.0,0.0,0.0,0.1684,0.5,95.0,0.5,0.0
d1c8b2a00bdd11eba7f7acde48001122,chunk_mmr_96,chunk,mmr,0.0,0.0,0.0,0.0,0.6915,0.5,94.0,0.5,0.0
c400306a0bda11eba7f7acde48001122,chunk_mmr_96,chunk,mmr,0.0,0.0,0.0,0.5,0.1915,0.5,94.0,0.5,0.0
315872d20bde11eba7f7acde48001122,chunk_mmr_96,chunk,mmr,0.0,0.0,0.0,0.0,0.0,0.0,75.0,0.5,0.0
f6e759da0bdb11eba7f7acde48001122,chunk_mmr_96,chunk,mmr,0.0,0.0,0.0,0.0,0.5217,0.5,92.0,0.5,0.0
c0409500088f11ebbd72ac1f6bf848b6,chunk_mmr_96,chunk,mmr,0.0,0.0,0.0,0.0,0.0,0.0,90.0,1.0,1.0
138a34f80bdd11eba7f7acde48001122,chunk_mmr_96,chunk,mmr,0.0,0.0,0.0,0.0,0.7792,0.5,77.0,0.5,0.0
2d94661c0bdc11eba7f7acde48001122,chunk_mmr_96,chunk,mmr,0.0,0.0,0.0,0.0,0.5729,0.5,96.0,0.5,0.0
aa72cb6a0baf11ebab90acde48001122,chunk_mmr_96,chunk,mmr,0.0,0.0,1.0,1.0,0.2727,0.5,88.0,1.0,1.0
e6998c7e08de11ebbd9fac1f6bf848b6,chunk_mmr_96,chunk,mmr,1.0,1.0,1.0,1.0,0.4409,0.5,93.0,0.5,0.0
eded9bbf08de11ebbd9fac1f6bf848b6,chunk_mmr_96,chunk,mmr,1.0,1.0,1.0,1.0,1.0,0.5,71.0,0.5,0.0
6ae076e40bde11eba7f7acde48001122,chunk_mmr_96,chunk,mmr,0.0,0.0,0.0,0.0,0.0,0.0,74.0,1.0,1.0
a380ab7c08b911ebbd88ac1f6bf848b6,chunk_mmr_96,chunk,mmr,1.0,1.0,1.0,1.0,0.734,1.0,94.0,1.0,1.0
df3ab4560bdd11eba7f7acde48001122,chunk_mmr_96,chunk,mmr,0.0,0.0,1.0,1.0,0.7708,0.5,96.0,1.0,1.0
df4b96e7087111ebbd63ac1f6bf848b6,chunk_mmr_96,chunk,mmr,0.0,0.0,1.0,1.0,1.0,0.5,92.0,0.5,0.0
faedda9a0bdb11eba7f7acde48001122,chunk_mmr_96,chunk,mmr,0.0,0.0,0.0,0.5,0.5053,0.5,95.0,1.0,1.0
50bd90820bdc11eba7f7acde48001122,chunk_mmr_96,chunk,mmr,0.0,0.0,0.0,0.0,0.236,0.5,89.0,0.5,0.0
c01738e20bdd11eba7f7acde48001122,chunk_mmr_96,chunk,mmr,0.0,0.0,0.0,0.0,0.1059,0.5,85.0,1.0,1.0
3c0091600bde11eba7f7acde48001122,chunk_mmr_96,chunk,mmr,0.0,0.0,0.0,0.5,0.5484,0.5,93.0,1.0,1.0
1b9c91660bda11eba7f7acde48001122,chunk_mmr_96,chunk,mmr,1.0,1.0,1.0,1.0,1.0,1.0,91.0,1.0,1.0
bd4901b0085e11ebbd5cac1f6bf848b6,chunk_mmr_96,chunk,mmr,1.0,1.0,1.0,1.0,0.4286,0.5,91.0,1.0,1.0
a7419bf3092e11ebbdaeac1f6bf848b6,chunk_mmr_96,chunk,mmr,0.0,0.0,0.0,0.0,0.9468,0.5,94.0,1.0,1.0
fa960b58085911ebbd5bac1f6bf848b6,chunk_mmr_96,chunk,mmr,0.0,0.0,0.0,0.0,0.4301,1.0,93.0,1.0,1.0
582deca408bc11ebbd88ac1f6bf848b6,chunk_mmr_96,chunk,mmr,1.0,1.0,0.0,0.5,0.7831,0.5,83.0,0.5,0.0
a5bd56fc0bdd11eba7f7acde48001122,chunk_mmr_96,chunk,mmr,0.0,0.0,0.0,0.0,0.0,0.0,79.0,1.0,1.0
6d392be40bdd11eba7f7acde48001122,chunk_mmr_96,chunk,mmr,0.0,0.0,1.0,1.0,0.2468,0.5,77.0,1.0,1.0
33d4446c087511ebbd67ac1f6bf848b6,chunk_mmr_96,chunk,mmr,0.0,0.0,0.0,0.0,0.8043,0.75,92.0,1.0,1.0
881866100baf11ebab90acde48001122,chunk_mmr_96,chunk,mmr,0.0,0.0,0.0,0.0,0.2632,0.5,95.0,0.5,0.0
7d88d84d08bc11ebbd88ac1f6bf848b6,chunk_mmr_96,chunk,mmr,0.0,0.0,1.0,1.0,0.6951,0.25,82.0,0.5,0.0
4d3c252e0bda11eba7f7acde48001122,chunk_mmr_96,chunk,mmr,0.0,0.0,1.0,1.0,0.0,0.0,74.0,1.0,1.0
9e0009f60baf11ebab90acde48001122,chunk_mmr_96,chunk,mmr,0.0,0.0,0.0,0.0,0.0,0.0,95.0,0.5,0.0
b8133a100bdd11eba7f7acde48001122,chunk_mmr_96,chunk,mmr,0.0,0.0,0.0,0.0,0.641,0.5,78.0,1.0,1.0
61082d440bdc11eba7f7acde48001122,chunk_mmr_96,chunk,mmr,0.0,0.0,0.0,0.0,0.4375,0.5,80.0,0.5,0.0
6ea141020baf11ebab90acde48001122,chunk_mmr_96,chunk,mmr,0.0,0.0,0.0,0.5,0.0,0.0,93.0,0.5,0.0
d759ab480bdd11eba7f7acde48001122,chunk_mmr_96,chunk,mmr,0.0,0.0,0.0,0.0,0.4432,0.5,88.0,1.0,1.0
2e7a589e085211ebbd58ac1f6bf848b6,chunk_mmr_96,chunk,mmr,0.0,0.0,0.0,0.0,0.6296,0.5,81.0,0.5,0.0
e85d87f4095111ebbdaeac1f6bf848b6,chunk_mmr_96,chunk,mmr,0.0,0.0,1.0,1.0,0.1848,0.5,92.0,1.0,1.0
9a339d60099011ebbdb0ac1f6bf848b6,chunk_mmr_96,chunk,mmr,0.0,0.0,0.0,0.0,0.6022,1.0,93.0,1.0,1.0
5d6e00200bda11eba7f7acde48001122,chunk_mmr_96,chunk,mmr,1.0,1.0,1.0,1.0,0.2979,0.5,94.0,1.0,1.0
2efc2c3b08bf11ebbd8aac1f6bf848b6,chunk_mmr_96,chunk,mmr,0.0,0.0,1.0,1.0,1.0,0.5,85.0,0.5,0.0
0926667308d011ebbd95ac1f6bf848b6,chunk_mmr_96,chunk,mmr,0.0,0.0,0.0,0.0,0.1771,0.5,96.0,1.0,1.0
8f3945d8098111ebbdb0ac1f6bf848b6,chunk_mmr_96,chunk,mmr,1.0,1.0,1.0,1.0,0.6042,0.5,96.0,1.0,1.0
5e8240ea0bdd11eba7f7acde48001122,chunk_mmr_96,chunk,mmr,0.0,0.0,0.0,0.0,0.3182,0.5,88.0,0.5,0.0
36ec2b3a086411ebbd5eac1f6bf848b6,chunk_mmr_96,chunk,mmr,0.0,0.0,1.0,1.0,0.6842,0.5,95.0,0.5,0.0
53175e86086b11ebbd5fac1f6bf848b6,chunk_mmr_96,chunk,mmr,0.0,0.0,0.0,0.3333,1.0,0.5,84.0,1.0,1.0
66d8f7560bde11eba7f7acde48001122,chunk_mmr_96,chunk,mmr,0.0,0.0,0.0,0.0,0.5054,0.5,93.0,0.5,0.0
a9755ea508a711ebbd7fac1f6bf848b6,chunk_mmr_96,chunk,mmr,1.0,1.0,0.0,0.0,0.7021,0.5,94.0,0.5,0.0
6a8b28c00bb011ebab90acde48001122,chunk_mmr_96,chunk,mmr,0.0,0.0,1.0,1.0,0.6207,0.5,87.0,1.0,1.0
43a949ae0bdc11eba7f7acde48001122,chunk_mmr_96,chunk,mmr,0.0,0.0,0.0,0.0,0.5368,0.5,95.0,0.5,0.0
b9cb67da092b11ebbdaeac1f6bf848b6,chunk_mmr_96,chunk,mmr,0.0,0.0,1.0,1.0,0.7263,1.0,95.0,1.0,1.0
5390f39c086d11ebbd61ac1f6bf848b6,chunk_mmr_96,chunk,mmr,1.0,1.0,0.0,0.0,0.6316,1.0,95.0,1.0,1.0
d370f0b0085711ebbd5aac1f6bf848b6,chunk_mmr_96,chunk,mmr,1.0,1.0,1.0,1.0,0.8191,0.5,94.0,0.5,0.0
adcdb9440bd911eba7f7acde48001122,chunk_mmr_96,chunk,mmr,0.0,0.0,0.0,0.0,0.5833,0.5,72.0,0.5,0.0
1db17ce108a711ebbd7fac1f6bf848b6,chunk_mmr_96,chunk,mmr,0.0,0.0,1.0,1.0,0.5938,0.5,96.0,0.5,0.0
177e0eda0bde11eba7f7acde48001122,chunk_mmr_96,chunk,mmr,0.0,0.0,0.0,0.0,1.0,0.5,69.0,0.5,0.0
9da14ff1086311ebbd5eac1f6bf848b6,chunk_mmr_96,chunk,mmr,0.0,0.0,0.0,0.0,0.2111,0.5,90.0,1.0,1.0
2f10177608d911ebbd9cac1f6bf848b6,chunk_mmr_96,chunk,mmr,1.0,1.0,1.0,1.0,1.0,1.0,96.0,1.0,1.0
b52a4d7e0bd911eba7f7acde48001122,chunk_mmr_96,chunk,mmr,0.0,0.0,0.0,0.0,0.2778,0.5,90.0,1.0,1.0
6dd9acf20bda11eba7f7acde48001122,chunk_mmr_96,chunk,mmr,0.0,0.0,0.0,0.0,0.1892,0.5,74.0,0.5,0.0
3f635554096511ebbdafac1f6bf848b6,chunk_mmr_96,chunk,mmr,0.0,0.0,0.0,0.0,0.7229,0.5,83.0,1.0,1.0
8c12ceba0bda11eba7f7acde48001122,chunk_mmr_96,chunk,mmr,0.0,0.0,0.0,0.0,0.6341,0.5,82.0,0.5,0.0
8c1162a5086111ebbd5dac1f6bf848b6,chunk_mmr_96,chunk,mmr,1.0,1.0,1.0,1.0,0.4205,0.5,88.0,1.0,1.0
0585c9aa087f11ebbd6bac1f6bf848b6,chunk_mmr_96,chunk,mmr,0.0,0.0,1.0,1.0,0.5745,0.5,94.0,0.5,0.0
b8407b060bdd11eba7f7acde48001122,chunk_mmr_96,chunk,mmr,0.0,0.0,0.0,0.0,1.0,0.5,81.0,0.5,0.0
07b62dea0baf11ebab90acde48001122,chunk_mmr_96,chunk,mmr,0.0,0.0,0.0,0.5,0.6632,0.5,95.0,1.0,1.0
fb95c0000bdd11eba7f7acde48001122,chunk_mmr_96,chunk,mmr,0.0,0.0,0.0,0.0,0.4205,0.5,88.0,0.5,0.0
e1abbba9098a11ebbdb0ac1f6bf848b6,chunk_mmr_96,chunk,mmr,0.0,0.0,0.0,0.0,1.0,1.0,90.0,1.0,1.0
fbf8fd9e0bda11eba7f7acde48001122,chunk_mmr_96,chunk,mmr,0.0,0.0,0.0,0.0,1.0,0.5,86.0,1.0,1.0
636fc8380bde11eba7f7acde48001122,chunk_mmr_96,chunk,mmr,0.0,0.0,0.0,0.3333,1.0,0.5,71.0,0.5,0.0
0c97f4720bde11eba7f7acde48001122,chunk_mmr_96,chunk,mmr,0.0,0.0,0.0,0.0,0.2778,0.5,90.0,1.0,1.0
36787917086811ebbd5eac1f6bf848b6,chunk_mmr_96,chunk,mmr,1.0,1.0,0.0,0.6667,0.4835,0.5,91.0,1.0,1.0
519aee780baf11ebab90acde48001122,chunk_mmr_96,chunk,mmr,0.0,0.0,0.0,0.5,0.0,0.0,81.0,0.5,0.0
6a81117708f311ebbdaaac1f6bf848b6,chunk_mmr_96,chunk,mmr,0.0,0.0,1.0,1.0,0.7763,0.5,76.0,1.0,1.0
0105676c0bdd11eba7f7acde48001122,chunk_mmr_96,chunk,mmr,0.0,0.0,0.0,0.0,0.7531,0.5,81.0,1.0,1.0
73c53c9809a111ebbdb0ac1f6bf848b6,chunk_mmr_96,chunk,mmr,0.0,0.0,0.0,0.5,0.8605,1.0,86.0,1.0,1.0
7416106b090f11ebbdadac1f6bf848b6,chunk_mmr_96,chunk,mmr,1.0,1.0,1.0,1.0,0.7237,1.0,76.0,1.0,1.0
3a1dbb720bdc11eba7f7acde48001122,chunk_mmr_96,chunk,mmr,0.0,0.0,0.0,0.0,0.0,0.0,93.0,0.5,0.0
ebbf5ec608da11ebbd9cac1f6bf848b6,chunk_mmr_96,chunk,mmr,1.0,1.0,1.0,1.0,0.6957,1.0,92.0,1.0,1.0
3972d2b60baf11ebab90acde48001122,chunk_mmr_96,chunk,mmr,0.0,0.0,0.0,0.0,0.0,0.0,80.0,0.5,0.0
3adb8a740bde11eba7f7acde48001122,chunk_mmr_96,chunk,mmr,0.0,0.0,0.0,0.0,0.0,0.0,87.0,1.0,1.0
13e2f86c0bde11eba7f7acde48001122,chunk_mmr_96,chunk,mmr,0.0,0.0,0.0,0.0,0.7979,0.5,94.0,1.0,1.0
d7af391708bb11ebbd88ac1f6bf848b6,chunk_mmr_96,chunk,mmr,0.0,0.0,0.0,0.0,1.0,0.5,71.0,0.5,0.0
c2b303ae08c411ebbd8eac1f6bf848b6,chunk_mmr_96,chunk,mmr,0.0,0.0,0.0,0.0,0.3474,0.25,95.0,0.5,0.0
db10aea20bd911eba7f7acde48001122,chunk_mmr_96,chunk,mmr,0.0,0.0,0.0,0.0,0.6447,0.5,76.0,0.5,0.0
7a93fcee0bdb11eba7f7acde48001122,chunk_mmr_96,chunk,mmr,0.0,0.0,0.0,0.5,0.2903,0.5,93.0,0.5,0.0
05be9a0c0bde11eba7f7acde48001122,chunk_mmr_96,chunk,mmr,0.0,0.0,0.0,0.0,0.3678,0.5,87.0,0.5,0.0
091c13b20bdb11eba7f7acde48001122,chunk_mmr_96,chunk,mmr,0.0,0.0,0.0,0.0,0.5111,0.5,90.0,1.0,1.0
09b198a80bde11eba7f7acde48001122,chunk_mmr_96,chunk,mmr,0.0,0.0,0.0,0.0,0.0,0.0,71.0,1.0,1.0
c827468a0bdd11eba7f7acde48001122,chunk_mmr_96,chunk,mmr,0.0,0.0,0.0,0.3333,0.0,0.0,94.0,0.5,0.0
70f54a060bb011ebab90acde48001122,chunk_mmr_96,chunk,mmr,0.0,0.0,1.0,1.0,0.3263,0.5,95.0,1.0,1.0
30e19d9008d611ebbd98ac1f6bf848b6,chunk_mmr_96,chunk,mmr,0.0,0.0,0.0,0.0,0.8353,0.5,85.0,1.0,1.0
43208df60bde11eba7f7acde48001122,chunk_mmr_96,chunk,mmr,0.0,0.0,0.0,0.0,0.0,0.0,91.0,0.5,0.0
5d0eadd80bde11eba7f7acde48001122,chunk_mmr_96,chunk,mmr,0.0,0.0,0.0,0.0,0.0,0.0,81.0,1.0,1.0
9284e77d08f811ebbdaaac1f6bf848b6,chunk_mmr_96,chunk,mmr,0.0,0.0,0.0,0.5,0.0,0.0,66.0,1.0,1.0
94eba4ce0bdc11eba7f7acde48001122,chunk_mmr_96,chunk,mmr,0.0,0.0,0.0,0.0,0.0,0.0,89.0,0.5,0.0
29427eea0bdd11eba7f7acde48001122,chunk_mmr_96,chunk,mmr,0.0,0.0,0.0,0.0,0.4198,0.5,81.0,1.0,1.0
62a9691e0bb011ebab90acde48001122,chunk_mmr_96,chunk,mmr,0.0,0.0,1.0,1.0,1.0,1.0,95.0,1.0,1.0
cfc0d3e80bdd11eba7f7acde48001122,chunk_mmr_96,chunk,mmr,0.0,0.0,0.0,0.0,0.6559,0.5,93.0,1.0,1.0
76708e6a08b211ebbd85ac1f6bf848b6,chunk_mmr_96,chunk,mmr,0.0,0.0,0.0,0.0,0.3736,0.5,91.0,1.0,1.0
819dbb7a08d811ebbd9cac1f6bf848b6,chunk_mmr_96,chunk,mmr,1.0,1.0,1.0,1.0,0.4886,0.5,88.0,0.5,0.0
2fee043809b111ebbdb0ac1f6bf848b6,chunk_mmr_96,chunk,mmr,0.0,0.0,0.0,0.0,0.0,0.0,95.0,1.0,1.0
39d43b7d08ae11ebbd83ac1f6bf848b6,chunk_mmr_96,chunk,mmr,1.0,1.0,1.0,1.0,0.7241,0.5,87.0,0.5,0.0
aef6771208b311ebbd86ac1f6bf848b6,chunk_mmr_96,chunk,mmr,0.0,0.0,1.0,1.0,1.0,0.75,93.0,0.75,0.0
0cc33f200bdd11eba7f7acde48001122,chunk_mmr_96,chunk,mmr,0.0,0.0,0.0,0.0,0.617,0.5,94.0,0.5,0.0
8d1e4c000bdd11eba7f7acde48001122,chunk_mmr_96,chunk,mmr,0.0,0.0,0.0,0.0,0.4713,0.5,87.0,1.0,1.0
d61d3fd20bd911eba7f7acde48001122,chunk_mmr_96,chunk,mmr,0.0,0.0,0.0,0.5,0.2838,0.5,74.0,0.5,0.0
0db2574e0bde11eba7f7acde48001122,chunk_mmr_96,chunk,mmr,0.0,0.0,0.0,0.0,0.7312,0.5,93.0,0.5,0.0
48b1e7660bb011ebab90acde48001122,chunk_mmr_96,chunk,mmr,0.0,0.0,0.0,0.25,0.6207,0.5,87.0,1.0,1.0
004430780bde11eba7f7acde48001122,chunk_mmr_96,chunk,mmr,0.0,0.0,0.0,0.0,0.0,0.0,81.0,1.0,1.0
fd4096540bd911eba7f7acde48001122,chunk_mmr_96,chunk,mmr,0.0,0.0,0.0,0.0,0.5684,0.5,95.0,0.5,0.0
1e4d9f2008ff11ebbdadac1f6bf848b6,chunk_mmr_96,chunk,mmr,1.0,1.0,1.0,1.0,0.5895,1.0,95.0,1.0,1.0
0e161d6c084e11ebbd56ac1f6bf848b6,chunk_mmr_96,chunk,mmr,0.0,0.0,0.0,0.0,0.169,0.25,71.0,0.5,0.0
fe41a8aa0bdd11eba7f7acde48001122,chunk_mmr_96,chunk,mmr,0.0,0.0,0.0,0.0,1.0,0.5,74.0,0.5,0.0
db371cbb088011ebbd6dac1f6bf848b6,chunk_mmr_96,chunk,mmr,0.0,0.0,0.0,0.0,0.8736,0.5,87.0,1.0,1.0
505a04cc0baf11ebab90acde48001122,chunk_mmr_96,chunk,mmr,0.0,0.0,0.0,0.0,0.2979,0.5,94.0,0.5,0.0
5cd6974c0bdc11eba7f7acde48001122,chunk_mmr_96,chunk,mmr,0.0,0.0,0.0,0.0,1.0,0.5,86.0,0.5,0.0
c6fe0968091111ebbdadac1f6bf848b6,chunk_mmr_96,chunk,mmr,0.0,0.0,0.0,0.0,0.3021,0.5,96.0,1.0,1.0
aaaeeb220baf11ebab90acde48001122,chunk_mmr_96,chunk,mmr,0.0,0.0,0.0,0.25,0.7935,0.5,92.0,0.5,0.0
5029152e085d11ebbd5cac1f6bf848b6,chunk_mmr_96,chunk,mmr,1.0,1.0,1.0,1.0,0.4301,0.5,93.0,1.0,1.0
beaf107f089a11ebbd77ac1f6bf848b6,chunk_mmr_96,chunk,mmr,0.0,0.0,0.0,0.0,0.7253,1.0,91.0,1.0,1.0
0961bb2808c611ebbd90ac1f6bf848b6,chunk_mmr_96,chunk,mmr,0.0,0.0,0.0,0.8333,1.0,0.5,85.0,0.5,0.0
8854559c08b911ebbd88ac1f6bf848b6,chunk_mmr_96,chunk,mmr,1.0,1.0,1.0,1.0,0.2979,1.0,94.0,1.0,1.0
09c3e79c0bde11eba7f7acde48001122,chunk_mmr_96,chunk,mmr,0.0,0.0,0.0,0.0,0.8966,0.5,87.0,0.5,0.0
59603ef00bdd11eba7f7acde48001122,chunk_mmr_96,chunk,mmr,0.0,0.0,0.0,0.0,0.6506,0.5,83.0,0.5,0.0
13c15658087311ebbd66ac1f6bf848b6,chunk_mmr_96,chunk,mmr,1.0,1.0,1.0,1.0,0.6489,0.25,94.0,0.75,0.0
3de5f3d60bdd11eba7f7acde48001122,chunk_mmr_96,chunk,mmr,1.0,1.0,0.0,0.0,0.3372,0.5,86.0,0.5,0.0
08ceb92e0bda11eba7f7acde48001122,chunk_mmr_96,chunk,mmr,0.0,0.0,0.0,0.0,0.6512,0.5,86.0,0.5,0.0
1b053aca0bdd11eba7f7acde48001122,chunk_mmr_96,chunk,mmr,0.0,0.0,0.0,0.0,0.3214,0.5,84.0,0.5,0.0
dfee66b608c911ebbd92ac1f6bf848b6,chunk_mmr_96,chunk,mmr,0.0,0.0,0.0,0.0,0.8298,0.5,94.0,1.0,1.0
23ae34720bda11eba7f7acde48001122,chunk_mmr_96,chunk,mmr,0.0,0.0,0.0,0.0,0.0,0.0,73.0,0.5,0.0
91f8aeb508b811ebbd88ac1f6bf848b6,chunk_mmr_96,chunk,mmr,1.0,1.0,1.0,1.0,1.0,0.5,87.0,0.5,0.0
84b2e1e708ce11ebbd94ac1f6bf848b6,chunk_mmr_96,chunk,mmr,0.0,0.0,1.0,1.0,0.75,0.5,88.0,1.0,1.0
9c1de1cf08b111ebbd85ac1f6bf848b6,chunk_mmr_96,chunk,mmr,1.0,1.0,0.0,0.0,0.5,0.5,82.0,1.0,1.0
4bc286620bde11eba7f7acde48001122,chunk_mmr_96,chunk,mmr,0.0,0.0,0.0,0.0,0.0,0.0,74.0,1.0,1.0
b4f63414088511ebbd6dac1f6bf848b6,chunk_mmr_96,chunk,mmr,0.0,0.0,0.0,0.0,0.275,0.5,80.0,1.0,1.0
5cc7e4f20bd911eba7f7acde48001122,chunk_mmr_96,chunk,mmr,0.0,0.0,0.0,0.0,0.3765,0.5,85.0,0.5,0.0
7d8986360bda11eba7f7acde48001122,chunk_mmr_96,chunk,mmr,0.0,0.0,0.0,0.0,0.7528,0.5,89.0,0.5,0.0
d3493f98086611ebbd5eac1f6bf848b6,chunk_mmr_96,chunk,mmr,1.0,1.0,1.0,1.0,1.0,1.0,96.0,1.0,1.0
29306dfc0bda11eba7f7acde48001122,chunk_mmr_96,chunk,mmr,0.0,0.0,0.0,0.0,0.0,0.0,69.0,0.5,0.0
d105363b086e11ebbd62ac1f6bf848b6,chunk_mmr_96,chunk,mmr,0.0,0.1818,0.0,0.2,0.1895,0.5,95.0,1.0,1.0
350112e4085b11ebbd5cac1f6bf848b6,chunk_mmr_96,chunk,mmr,0.0,0.0,0.0,0.0,0.3053,0.25,95.0,0.5,0.0
27e926ca0bb011ebab90acde48001122,chunk_mmr_96,chunk,mmr,0.0,0.0,0.0,0.5,0.0,0.0,96.0,0.5,0.0
650ee40e0bdd11eba7f7acde48001122,chunk_mmr_96,chunk,mmr,0.0,0.0,0.0,0.0,0.0,0.0,91.0,0.5,0.0
43765d20087411ebbd67ac1f6bf848b6,chunk_mmr_96,chunk,mmr,0.0,0.0,0.0,0.0,0.7283,0.5,92.0,0.5,0.0
ab5beae00bda11eba7f7acde48001122,chunk_mmr_96,chunk,mmr,0.0,0.0,0.0,0.0,0.4681,0.5,94.0,0.5,0.0
95c505f4097f11ebbdb0ac1f6bf848b6,chunk_mmr_96,chunk,mmr,1.0,1.0,1.0,1.0,0.4737,0.5,95.0,1.0,1.0
fb9a9b0c089011ebbd72ac1f6bf848b6,chunk_mmr_96,chunk,mmr,0.0,0.0,1.0,1.0,0.6786,0.5,84.0,1.0,1.0
d4708a220bd911eba7f7acde48001122,chunk_mmr_96,chunk,mmr,0.0,0.0,0.0,0.0,0.2979,0.5,94.0,0.5,0.0
b2a1b19e096e11ebbdb0ac1f6bf848b6,chunk_mmr_96,chunk,mmr,0.0,0.0,0.0,0.0,1.0,1.0,87.0,1.0,1.0
0c3675d40bda11eba7f7acde48001122,chunk_mmr_96,chunk,mmr,0.0,0.0,0.0,0.0,0.8421,0.5,95.0,0.5,0.0
19cae67d097711ebbdb0ac1f6bf848b6,chunk_mmr_96,chunk,mmr,1.0,1.0,1.0,1.0,0.5978,1.0,92.0,1.0,1.0
7257a60608cb11ebbd92ac1f6bf848b6,chunk_mmr_96,chunk,mmr,0.0,0.0,0.0,0.0,0.4944,0.25,89.0,0.5,0.0
3f1b7d3b086c11ebbd61ac1f6bf848b6,chunk_mmr_96,chunk,mmr,0.0,0.0,0.0,0.0,0.7474,0.25,95.0,0.75,0.0
8d8c678b085911ebbd5bac1f6bf848b6,chunk_mmr_96,chunk,mmr,1.0,1.0,1.0,1.0,0.9583,0.5,96.0,0.5,0.0
e5bc717c0bdb11eba7f7acde48001122,chunk_mmr_96,chunk,mmr,0.0,0.0,0.0,0.0,0.8023,0.5,86.0,1.0,1.0
57dabdf1091c11ebbdaeac1f6bf848b6,chunk_mmr_96,chunk,mmr,0.0,0.0,0.0,0.0,1.0,1.0,89.0,1.0,1.0
60bb44320bd911eba7f7acde48001122,chunk_mmr_96,chunk,mmr,0.0,0.0,0.0,0.5,0.5543,0.5,92.0,1.0,1.0
d428aedc08a011ebbd78ac1f6bf848b6,chunk_mmr_96,chunk,mmr,1.0,1.0,1.0,1.0,1.0,0.5,84.0,0.5,0.0
4ef0d0c80bde11eba7f7acde48001122,chunk_mmr_96,chunk,mmr,0.0,0.0,1.0,1.0,0.8854,1.0,96.0,1.0,1.0
1ebbc9b20bde11eba7f7acde48001122,chunk_mmr_96,chunk,mmr,0.0,0.0,0.0,0.0,0.0,0.0,91.0,0.5,0.0
958dc314091911ebbdaeac1f6bf848b6,chunk_mmr_96,chunk,mmr,0.0,0.0,0.0,0.0,0.6585,1.0,82.0,1.0,1.0
3e75a2b908bf11ebbd8aac1f6bf848b6,chunk_mmr_96,chunk,mmr,1.0,1.0,1.0,1.0,0.5326,0.5,92.0,1.0,1.0
c3f2f69a094411ebbdaeac1f6bf848b6,chunk_mmr_96,chunk,mmr,0.0,0.0,0.0,0.0,0.0,0.0,80.0,1.0,1.0
66eefd9e0bde11eba7f7acde48001122,chunk_mmr_96,chunk,mmr,0.0,0.0,0.0,0.0,0.4176,0.5,91.0,0.5,0.0
658f9a300bd911eba7f7acde48001122,chunk_mmr_96,chunk,mmr,0.0,0.0,0.0,0.0,0.337,0.5,92.0,0.5,0.0
5ff9cc8c0baf11ebab90acde48001122,chunk_mmr_96,chunk,mmr,0.0,0.0,0.0,0.8,0.6842,1.0,95.0,1.0,1.0
cc19962c0bdc11eba7f7acde48001122,chunk_mmr_96,chunk,mmr,0.0,0.0,0.0,0.0,0.3704,0.5,81.0,0.5,0.0
774fa4e20bdc11eba7f7acde48001122,chunk_mmr_96,chunk,mmr,0.0,0.0,0.0,0.3333,0.0,0.0,92.0,1.0,1.0
284e2815085811ebbd5aac1f6bf848b6,chunk_mmr_96,chunk,mmr,0.0,0.0,1.0,1.0,0.6882,0.5,93.0,0.5,0.0
5cd23bea0bda11eba7f7acde48001122,chunk_mmr_96,chunk,mmr,0.0,0.0,0.0,0.0,0.7407,0.5,81.0,0.5,0.0
b9687149089811ebbd77ac1f6bf848b6,chunk_mmr_96,chunk,mmr,0.0,0.0,0.0,0.0,0.1505,0.25,93.0,0.25,0.0
318ebd55087f11ebbd6bac1f6bf848b6,chunk_mmr_96,chunk,mmr,1.0,1.0,1.0,1.0,0.6957,0.5,92.0,0.5,0.0
60814b660bb011ebab90acde48001122,chunk_mmr_96,chunk,mmr,0.0,0.0,0.0,0.3333,0.4066,0.5,91.0,0.5,0.0
6c7f03240bdb11eba7f7acde48001122,chunk_mmr_96,chunk,mmr,0.0,0.0,0.0,0.0,0.369,0.5,84.0,0.5,0.0
b68527e40bdd11eba7f7acde48001122,chunk_mmr_96,chunk,mmr,0.0,0.0,0.0,0.0,0.0,0.0,91.0,0.5,0.0
eb9a4b7c0bdc11eba7f7acde48001122,chunk_mmr_96,chunk,mmr,0.0,0.0,0.0,0.0,0.0,0.0,77.0,1.0,1.0
63ccce2308cb11ebbd92ac1f6bf848b6,chunk_mmr_96,chunk,mmr,1.0,1.0,1.0,1.0,1.0,1.0,93.0,1.0,1.0
4a6714f608d011ebbd95ac1f6bf848b6,chunk_mmr_96,chunk,mmr,1.0,1.0,1.0,1.0,0.4421,0.25,95.0,0.5,0.0
251db78c0bdb11eba7f7acde48001122,chunk_mmr_96,chunk,mmr,0.0,0.0,0.0,0.0,0.7632,0.5,76.0,0.5,0.0
cc6b0e9e084e11ebbd56ac1f6bf848b6,chunk_mmr_96,chunk,mmr,1.0,1.0,0.0,0.0,0.3784,0.25,74.0,0.75,0.0
b16d1ab40bdd11eba7f7acde48001122,chunk_mmr_96,chunk,mmr,0.0,0.0,1.0,1.0,0.0,0.0,91.0,1.0,1.0
e171d29a0bdd11eba7f7acde48001122,chunk_mmr_96,chunk,mmr,0.0,0.0,0.0,0.3333,0.8125,0.5,80.0,0.5,0.0
901658be084d11ebbd56ac1f6bf848b6,chunk_mmr_96,chunk,mmr,1.0,1.0,1.0,1.0,0.9,0.5,90.0,0.75,0.0
042bf49e0bdb11eba7f7acde48001122,chunk_mmr_96,chunk,mmr,0.0,0.0,0.0,0.0,0.0,0.0,94.0,0.5,0.0
4d559f400bda11eba7f7acde48001122,chunk_mmr_96,chunk,mmr,0.0,0.0,0.0,0.5,0.7368,0.5,95.0,0.5,0.0
0d232356091511ebbdadac1f6bf848b6,chunk_mmr_96,chunk,mmr,0.0,0.0,0.0,0.0,1.0,0.5,82.0,1.0,1.0
1ed79b0a087411ebbd67ac1f6bf848b6,chunk_mmr_96,chunk,mmr,0.0,0.0,0.0,0.5,0.0,0.0,91.0,1.0,1.0
f21ab6980bdd11eba7f7acde48001122,chunk_mmr_96,chunk,mmr,0.0,0.0,0.0,0.0,1.0,0.5,88.0,0.5,0.0
1c593ac008ae11ebbd83ac1f6bf848b6,chunk_mmr_96,chunk,mmr,0.0,0.0,0.0,0.0,0.8222,0.5,90.0,0.5,0.0
eb18a27a0baf11ebab90acde48001122,chunk_mmr_96,chunk,mmr,0.0,0.0,0.0,0.5,0.3793,0.5,87.0,0.5,0.0
bedf588e0baf11ebab90acde48001122,chunk_mmr_96,chunk,mmr,0.0,0.0,0.0,0.0,0.0,0.0,94.0,0.5,0.0
fffc59fc088f11ebbd72ac1f6bf848b6,chunk_mmr_96,chunk,mmr,0.0,0.0,1.0,1.0,0.7326,0.5,86.0,0.5,0.0
e2cadf420bdd11eba7f7acde48001122,chunk_mmr_96,chunk,mmr,0.0,0.0,0.0,0.0,0.5914,0.5,93.0,1.0,1.0
337c710c08b511ebbd88ac1f6bf848b6,chunk_mmr_96,chunk,mmr,1.0,1.0,0.0,0.3333,0.4831,0.5,89.0,1.0,1.0
62df628e0bde11eba7f7acde48001122,chunk_mmr_96,chunk,mmr,0.0,0.0,0.0,0.0,0.0,0.0,93.0,1.0,1.0
a1f532760bdb11eba7f7acde48001122,chunk_mmr_96,chunk,mmr,0.0,0.0,1.0,1.0,1.0,1.0,91.0,1.0,1.0
5dea5497089b11ebbd78ac1f6bf848b6,chunk_mmr_96,chunk,mmr,0.0,0.0,1.0,1.0,0.5281,0.25,89.0,0.25,0.0
c6d520840bda11eba7f7acde48001122,chunk_mmr_96,chunk,mmr,0.0,0.0,1.0,1.0,0.7527,1.0,93.0,1.0,1.0
66c00bf60bde11eba7f7acde48001122,chunk_mmr_96,chunk,mmr,0.0,0.0,0.0,0.0,0.5789,0.5,95.0,0.5,0.0
95ab4cac0bdc11eba7f7acde48001122,chunk_mmr_96,chunk,mmr,0.0,0.0,1.0,1.0,0.2857,0.5,77.0,1.0,1.0
27b8af06088e11ebbd70ac1f6bf848b6,chunk_mmr_96,chunk,mmr,0.0,0.0,0.0,0.0,0.4301,0.25,93.0,0.75,0.0
50f1350208af11ebbd83ac1f6bf848b6,chunk_mmr_96,chunk,mmr,0.0,0.0,0.0,0.0,1.0,0.25,76.0,0.5,0.0
68a60785087511ebbd67ac1f6bf848b6,chunk_mmr_96,chunk,mmr,0.0,0.0,0.0,0.8333,0.1684,0.5,95.0,1.0,1.0
9e68b794091311ebbdadac1f6bf848b6,chunk_mmr_96,chunk,mmr,1.0,1.0,0.0,0.0,0.4731,0.5,93.0,1.0,1.0
d922570808dc11ebbd9dac1f6bf848b6,chunk_mmr_96,chunk,mmr,0.0,0.0,0.0,0.0,0.7527,0.5,93.0,1.0,1.0
fd5a8ea0086711ebbd5eac1f6bf848b6,chunk_mmr_96,chunk,mmr,1.0,1.0,1.0,1.0,0.6344,1.0,93.0,1.0,1.0
dff7c3b60bdd11eba7f7acde48001122,chunk_mmr_96,chunk,mmr,0.0,0.0,0.0,0.0,1.0,0.5,69.0,0.5,0.0
75c64fb00bda11eba7f7acde48001122,chunk_mmr_96,chunk,mmr,0.0,0.0,0.0,0.3333,0.284,0.5,81.0,0.5,0.0
43acd28e0bde11eba7f7acde48001122,chunk_mmr_96,chunk,mmr,0.0,0.0,0.0,0.0,0.0,0.0,96.0,0.5,0.0
86afde360bda11eba7f7acde48001122,chunk_mmr_96,chunk,mmr,0.0,0.0,0.0,0.0,0.1368,0.5,95.0,0.5,0.0
2a7d95fc0bdc11eba7f7acde48001122,chunk_mmr_96,chunk,mmr,0.0,0.0,0.0,0.0,0.4675,0.5,77.0,0.5,0.0
7de481100baf11ebab90acde48001122,chunk_mmr_96,chunk,mmr,0.0,0.0,0.0,0.3333,0.0,0.0,77.0,0.5,0.0
d8df66240bdd11eba7f7acde48001122,chunk_mmr_96,chunk,mmr,0.0,0.0,0.0,0.5,0.0,0.0,91.0,1.0,1.0
2e925d6a0bde11eba7f7acde48001122,chunk_mmr_96,chunk,mmr,0.0,0.0,0.0,0.0,0.0,0.0,90.0,1.0,1.0
4b879bd6087a11ebbd67ac1f6bf848b6,chunk_mmr_96,chunk,mmr,1.0,1.0,0.0,0.0,0.2151,0.25,93.0,0.5,0.0
eb30f33c086611ebbd5eac1f6bf848b6,chunk_mmr_96,chunk,mmr,0.0,0.0,0.0,0.0,0.8211,1.0,95.0,1.0,1.0
59f0b4d608b211ebbd85ac1f6bf848b6,chunk_mmr_96,chunk,mmr,1.0,1.0,1.0,1.0,1.0,1.0,87.0,1.0,1.0
ef48a3720baf11ebab90acde48001122,chunk_mmr_96,chunk,mmr,0.0,0.0,0.0,0.75,0.0,0.0,93.0,0.5,0.0
39c32aa2086411ebbd5eac1f6bf848b6,chunk_mmr_96,chunk,mmr,0.0,0.0,0.0,0.0,0.2836,0.5,67.0,1.0,1.0
4b11ef0808cf11ebbd95ac1f6bf848b6,chunk_mmr_96,chunk,mmr,0.0,0.0,1.0,1.0,0.8211,0.5,95.0,0.5,0.0
354ab1c408e211ebbda3ac1f6bf848b6,chunk_mmr_96,chunk,mmr,1.0,1.0,1.0,1.0,1.0,0.5,96.0,0.5,0.0
4293552c0bb011ebab90acde48001122,chunk_mmr_96,chunk,mmr,0.0,0.0,0.0,0.3333,0.0,0.0,92.0,1.0,1.0
2a234d2d089911ebbd77ac1f6bf848b6,chunk_mmr_96,chunk,mmr,0.0,0.4,0.0,0.3333,0.6353,0.5,85.0,1.0,1.0
565785740bb011ebab90acde48001122,chunk_mmr_96,chunk,mmr,0.0,0.0,0.0,0.0,0.0,0.0,67.0,0.5,0.0
511af4e80baf11ebab90acde48001122,chunk_mmr_96,chunk,mmr,0.0,0.0,0.0,0.6,1.0,0.5,81.0,0.5,0.0
227adf2c086c11ebbd60ac1f6bf848b6,chunk_mmr_96,chunk,mmr,1.0,1.0,0.0,0.0,0.7582,0.25,91.0,0.5,0.0
bac99ab40bd911eba7f7acde48001122,chunk_mmr_96,chunk,mmr,0.0,0.0,0.0,0.25,0.0,0.0,89.0,0.5,0.0
c001b9b40bdc11eba7f7acde48001122,chunk_mmr_96,chunk,mmr,0.0,0.0,0.0,0.0,0.0,0.0,89.0,0.5,0.0
c31b2d920bdc11eba7f7acde48001122,chunk_mmr_96,chunk,mmr,0.0,0.0,0.0,0.0,0.6774,0.5,93.0,0.5,0.0
13288e3a090b11ebbdadac1f6bf848b6,chunk_mmr_96,chunk,mmr,0.0,0.0,1.0,1.0,0.0,0.0,91.0,0.5,0.0
f62ae4f9096911ebbdafac1f6bf848b6,chunk_mmr_96,chunk,mmr,1.0,1.0,1.0,1.0,0.5823,1.0,79.0,1.0,1.0
4bb64b540bde11eba7f7acde48001122,chunk_mmr_96,chunk,mmr,0.0,0.0,0.0,0.25,0.5824,0.5,91.0,0.5,0.0
4facc3320bd911eba7f7acde48001122,chunk_mmr_96,chunk,mmr,0.0,0.0,0.0,0.5,0.0,0.0,89.0,0.5,0.0
af07336e0bdc11eba7f7acde48001122,chunk_mmr_96,chunk,mmr,0.0,0.0,0.0,0.0,0.4023,0.5,87.0,0.5,0.0
06ceba5e0bb011ebab90acde48001122,chunk_mmr_96,chunk,mmr,0.0,0.0,0.0,0.6667,0.3723,0.5,94.0,0.5,0.0
5a7f3e9d08e711ebbda6ac1f6bf848b6,chunk_mmr_96,chunk,mmr,0.0,0.0,0.0,0.0,0.7386,1.0,88.0,1.0,1.0
eee1f0af085911ebbd5bac1f6bf848b6,chunk_mmr_96,chunk,mmr,1.0,1.0,1.0,1.0,0.7222,1.0,90.0,1.0,1.0
7019886b093511ebbdaeac1f6bf848b6,chunk_mmr_96,chunk,mmr,0.0,0.8571,0.0,0.75,0.0,0.0,94.0,1.0,1.0
8326634a08a111ebbd79ac1f6bf848b6,chunk_mmr_96,chunk,mmr,0.0,0.0,0.0,0.0,0.1975,0.5,81.0,1.0,1.0
c74ed73b088d11ebbd70ac1f6bf848b6,chunk_mmr_96,chunk,mmr,1.0,1.0,1.0,1.0,0.8495,0.25,93.0,0.5,0.0
2f3c0934087b11ebbd67ac1f6bf848b6,chunk_mmr_96,chunk,mmr,0.0,0.0,0.0,0.0,0.6703,0.25,91.0,0.5,0.0
0ccfc77808c611ebbd90ac1f6bf848b6,chunk_mmr_96,chunk,mmr,0.0,0.0,1.0,1.0,0.5208,0.5,96.0,0.5,0.0
5136616008b211ebbd85ac1f6bf848b6,chunk_mmr_96,chunk,mmr,0.0,0.0,0.0,0.3333,0.8085,0.25,94.0,0.5,0.0
afcff22e0bda11eba7f7acde48001122,chunk_mmr_96,chunk,mmr,0.0,0.0,0.0,0.0,0.5604,0.5,91.0,0.5,0.0
986625bc0bdb11eba7f7acde48001122,chunk_mmr_96,chunk,mmr,0.0,0.0,0.0,0.0,0.0,0.0,83.0,0.5,0.0
290458a20bda11eba7f7acde48001122,chunk_mmr_96,chunk,mmr,0.0,0.0,0.0,0.0,0.0,0.0,93.0,0.5,0.0
7eeba090088d11ebbd70ac1f6bf848b6,chunk_mmr_96,chunk,mmr,1.0,1.0,1.0,1.0,0.3146,1.0,89.0,1.0,1.0
56c3a6c20bd911eba7f7acde48001122,chunk_mmr_96,chunk,mmr,0.0,0.0,0.0,0.0,1.0,0.5,93.0,1.0,1.0
0d118fb00bdb11eba7f7acde48001122,chunk_mmr_96,chunk,mmr,0.0,0.0,0.0,0.0,0.6582,0.5,79.0,0.5,0.0
07fce4900bde11eba7f7acde48001122,chunk_mmr_96,chunk,mmr,1.0,1.0,0.0,0.0,0.7727,0.5,88.0,0.5,0.0
9ff14fea0baf11ebab90acde48001122,chunk_mmr_96,chunk,mmr,0.0,0.0,0.0,0.0,0.2609,0.5,92.0,0.5,0.0
955ddc6a0bdc11eba7f7acde48001122,chunk_mmr_96,chunk,mmr,0.0,0.0,0.0,0.0,0.2759,0.5,87.0,0.5,0.0
50b9582c0bb011ebab90acde48001122,chunk_mmr_96,chunk,mmr,0.0,0.0,0.0,0.6667,0.2738,0.5,84.0,1.0,1.0
1b7752be0bdc11eba7f7acde48001122,chunk_mmr_96,chunk,mmr,0.0,0.0,0.0,0.0,0.5833,0.5,96.0,0.5,0.0
f31d38460bdc11eba7f7acde48001122,chunk_mmr_96,chunk,mmr,0.0,0.0,0.0,0.0,0.0,0.0,73.0,1.0,1.0
dd01c8180bd911eba7f7acde48001122,chunk_mmr_96,chunk,mmr,0.0,0.0,0.0,0.0,0.0,0.0,94.0,1.0,1.0
afc6b59708b611ebbd88ac1f6bf848b6,chunk_mmr_96,chunk,mmr,1.0,1.0,0.0,0.0,0.0,0.0,80.0,0.5,0.0
df66ea220bdc11eba7f7acde48001122,chunk_mmr_96,chunk,mmr,0.0,0.0,0.0,0.0,0.7273,0.5,66.0,1.0,1.0
a84ba2780bda11eba7f7acde48001122,chunk_mmr_96,chunk,mmr,0.0,0.0,0.0,0.0,0.0,0.0,89.0,0.0,0.0
c418fa2408e811ebbda6ac1f6bf848b6,chunk_mmr_96,chunk,mmr,0.0,0.0,0.0,0.6667,0.0,0.0,92.0,0.5,0.0
96beb0b3086111ebbd5dac1f6bf848b6,chunk_mmr_96,chunk,mmr,1.0,1.0,1.0,1.0,0.8542,1.0,96.0,1.0,1.0
74b171780bde11eba7f7acde48001122,chunk_mmr_96,chunk,mmr,0.0,0.0,0.0,0.0,0.0,0.0,88.0,0.5,0.0
8930ad3c0bdc11eba7f7acde48001122,chunk_mmr_96,chunk,mmr,0.0,0.0,0.0,0.0,1.0,0.5,96.0,0.5,0.0
51a08d5308ac11ebbd82ac1f6bf848b6,chunk_mmr_96,chunk,mmr,1.0,1.0,1.0,1.0,0.3636,0.5,88.0,1.0,1.0
b4254d4c0bda11eba7f7acde48001122,chunk_mmr_96,chunk,mmr,0.0,0.0,0.0,0.0,0.5366,0.5,82.0,0.5,0.0
f77f95da0bd911eba7f7acde48001122,chunk_mmr_96,chunk,mmr,0.0,0.0,0.0,0.0,0.2593,0.5,81.0,0.5,0.0
3581ccec0bdd11eba7f7acde48001122,chunk_mmr_96,chunk,mmr,0.0,0.0,0.0,0.0,0.0,0.0,81.0,0.0,0.0
20058aec0bde11eba7f7acde48001122,chunk_mmr_96,chunk,mmr,0.0,0.0,0.0,0.0,0.7561,0.5,82.0,1.0,1.0
f4a66ac60bae11ebab90acde48001122,chunk_mmr_96,chunk,mmr,0.0,0.0,0.0,0.5,1.0,0.5,68.0,0.5,0.0
001ad110086911ebbd5eac1f6bf848b6,chunk_mmr_96,chunk,mmr,0.0,0.0,0.0,0.0,0.0,0.0,92.0,0.5,0.0
b3c4b3a80bdd11eba7f7acde48001122,chunk_mmr_96,chunk,mmr,0.0,0.0,0.0,0.0,0.6197,0.5,71.0,0.5,0.0
38fdf5420bda11eba7f7acde48001122,chunk_mmr_96,chunk,mmr,0.0,0.0,0.0,0.0,0.5952,0.5,84.0,0.5,0.0
6a53eb53089b11ebbd78ac1f6bf848b6,chunk_mmr_96,chunk,mmr,0.0,0.0,0.0,0.0,0.3171,0.5,82.0,1.0,1.0
4c319d400bde11eba7f7acde48001122,chunk_mmr_96,chunk,mmr,0.0,0.0,0.0,0.0,0.6744,0.5,86.0,1.0,1.0
998f8786089711ebbd77ac1f6bf848b6,chunk_mmr_96,chunk,mmr,1.0,1.0,1.0,1.0,0.4271,0.25,96.0,0.5,0.0
0b78b1e9087411ebbd67ac1f6bf848b6,chunk_mmr_96,chunk,mmr,0.0,0.0,0.0,0.0,0.7609,0.5,92.0,1.0,1.0
632fcc82085611ebbd59ac1f6bf848b6,chunk_mmr_96,chunk,mmr,0.0,0.0,1.0,1.0,0.7303,1.0,89.0,1.0,1.0
272062fc088c11ebbd6fac1f6bf848b6,chunk_mmr_96,chunk,mmr,0.0,0.0,0.0,0.0,0.3708,0.25,89.0,0.25,0.0
241a9d0c0bde11eba7f7acde48001122,chunk_mmr_96,chunk,mmr,0.0,0.6667,0.0,0.0,0.6,0.5,70.0,0.5,0.0
c6c492e008bb11ebbd88ac1f6bf848b6,chunk_mmr_96,chunk,mmr,0.0,0.0,0.0,0.0,0.2121,0.5,66.0,1.0,1.0
b67ef6380bda11eba7f7acde48001122,chunk_mmr_96,chunk,mmr,0.0,0.0,0.0,0.0,0.0,0.0,89.0,0.5,0.0
4a3edf720bdc11eba7f7acde48001122,chunk_mmr_96,chunk,mmr,0.0,0.3333,0.0,0.3333,0.0,0.0,84.0,0.5,0.0
b21084c2097c11ebbdb0ac1f6bf848b6,chunk_mmr_96,chunk,mmr,1.0,1.0,1.0,1.0,1.0,1.0,95.0,1.0,1.0
f5c9a3f2086111ebbd5dac1f6bf848b6,chunk_mmr_96,chunk,mmr,1.0,1.0,1.0,1.0,0.3467,0.5,75.0,1.0,1.0
1a344858086711ebbd5eac1f6bf848b6,chunk_mmr_96,chunk,mmr,1.0,1.0,1.0,1.0,0.6632,0.5,95.0,0.5,0.0
dac1f66e0bdd11eba7f7acde48001122,chunk_mmr_96,chunk,mmr,1.0,1.0,0.0,0.0,0.5641,0.5,78.0,1.0,1.0
141636ac0bdc11eba7f7acde48001122,chunk_mmr_96,chunk,mmr,0.0,0.0,0.0,0.0,0.0,0.0,91.0,1.0,1.0
48b07de00bb011ebab90acde48001122,chunk_mmr_96,chunk,mmr,0.0,0.2222,0.0,0.8571,0.3448,0.5,87.0,1.0,1.0
ad193b1808b411ebbd88ac1f6bf848b6,chunk_submod_96,chunk,submod,1.0,1.0,1.0,1.0,0.5158,0.5,95.0,0.5,0.0
5b168cd8089811ebbd77ac1f6bf848b6,chunk_submod_96,chunk,submod,0.0,0.0,0.0,0.0,0.4098,0.5,61.0,1.0,1.0
b23a2b360baf11ebab90acde48001122,chunk_submod_96,chunk,submod,0.0,0.0,0.0,0.0,1.0,0.5,65.0,1.0,1.0
c5ffa16a0bdb11eba7f7acde48001122,chunk_submod_96,chunk,submod,0.0,0.0,0.0,0.0,0.4937,0.5,79.0,0.5,0.0
eb3ff1900baf11ebab90acde48001122,chunk_submod_96,chunk,submod,0.0,0.0,0.0,0.2,0.6353,1.0,85.0,1.0,1.0
59a16ade0baf11ebab90acde48001122,chunk_submod_96,chunk,submod,0.0,0.0,0.0,0.0,0.3333,0.5,93.0,0.5,0.0
5c9ef1d80bdd11eba7f7acde48001122,chunk_submod_96,chunk,submod,0.0,0.0,0.0,0.0,0.0,0.0,75.0,0.5,0.0
a537c442086d11ebbd62ac1f6bf848b6,chunk_submod_96,chunk,submod,0.0,0.0,1.0,1.0,0.775,0.5,80.0,0.5,0.0
01588f7208be11ebbd8aac1f6bf848b6,chunk_submod_96,chunk,submod,0.0,0.0,0.0,0.5,0.3958,0.25,96.0,0.5,0.0
6b55ac320bdb11eba7f7acde48001122,chunk_submod_96,chunk,submod,0.0,0.0,0.0,0.0,0.6977,0.5,86.0,1.0,1.0
fde95590089c11ebbd78ac1f6bf848b6,chunk_submod_96,chunk,submod,1.0,1.0,0.0,0.0,0.4531,0.5,64.0,1.0,1.0
1f8a41b60bde11eba7f7acde48001122,chunk_submod_96,chunk,submod,0.0,0.0,0.0,0.0,0.3333,0.5,96.0,1.0,1.0
50008e080bda11eba7f7acde48001122,chunk_submod_96,chunk,submod,0.0,0.0,0.0,0.0,0.7297,0.5,74.0,0.5,0.0
9f62be2008ac11ebbd83ac1f6bf848b6,chunk_submod_96,chunk,submod,0.0,0.0,0.0,0.0,0.0,0.0,95.0,1.0,1.0
6bb800f00bde11eba7f7acde48001122,chunk_submod_96,chunk,submod,0.0,0.0,0.0,0.0,0.6765,0.5,68.0,1.0,1.0
1822cbb4089111ebbd72ac1f6bf848b6,chunk_submod_96,chunk,submod,1.0,1.0,1.0,1.0,0.5521,0.5,96.0,0.5,0.0
87154f1e0bda11eba7f7acde48001122,chunk_submod_96,chunk,submod,0.0,0.0,0.0,0.0,0.411,0.5,73.0,0.5,0.0
709430f20bda11eba7f7acde48001122,chunk_submod_96,chunk,submod,0.0,0.0,0.0,0.0,0.4421,1.0,95.0,1.0,1.0
1aecfdf608a011ebbd78ac1f6bf848b6,chunk_submod_96,chunk,submod,0.0,0.0,0.0,0.3333,0.3085,0.5,94.0,1.0,1.0
03d68971096e11ebbdb0ac1f6bf848b6,chunk_submod_96,chunk,submod,0.0,0.0,0.0,0.0,0.6979,1.0,96.0,1.0,1.0
8a6eec600bda11eba7f7acde48001122,chunk_submod_96,chunk,submod,0.0,0.0,0.0,0.0,0.7397,0.5,73.0,1.0,1.0
3497795008bb11ebbd88ac1f6bf848b6,chunk_submod_96,chunk,submod,1.0,1.0,1.0,1.0,0.8161,0.5,87.0,0.5,0.0
305e54500bde11eba7f7acde48001122,chunk_submod_96,chunk,submod,0.0,0.0,0.0,0.0,0.0,0.0,85.0,0.5,0.0
6aa8edb5086411ebbd5eac1f6bf848b6,chunk_submod_96,chunk,submod,1.0,1.0,1.0,1.0,0.622,1.0,82.0,1.0,1.0
4a8d58f0085811ebbd5aac1f6bf848b6,chunk_submod_96,chunk,submod,0.0,0.0,0.0,0.0,1.0,0.5,93.0,0.5,0.0
00ce250d095f11ebbdafac1f6bf848b6,chunk_submod_96,chunk,submod,1.0,1.0,0.0,0.0,0.3636,0.5,77.0,1.0,1.0
c6128932093b11ebbdaeac1f6bf848b6,chunk_submod_96,chunk,submod,1.0,1.0,1.0,1.0,0.8353,1.0,85.0,1.0,1.0
d6c5f2680bdd11eba7f7acde48001122,chunk_submod_96,chunk,submod,0.0,0.0,0.0,0.0,0.2976,0.5,84.0,0.5,0.0
07626317086e11ebbd62ac1f6bf848b6,chunk_submod_96,chunk,submod,0.0,0.0,0.0,0.0,0.3579,0.25,95.0,0.75,0.0
61f9bff8089711ebbd77ac1f6bf848b6,chunk_submod_96,chunk,submod,0.0,0.0,1.0,1.0,0.8488,0.5,86.0,0.5,0.0
c3e1ad9e090d11ebbdadac1f6bf848b6,chunk_submod_96,chunk,submod,1.0,1.0,1.0,1.0,0.5625,0.5,64.0,1.0,1.0
093fcf360bdc11eba7f7acde48001122,chunk_submod_96,chunk,submod,0.0,0.0,0.0,0.0,0.2738,0.5,84.0,0.5,0.0
6a419ba2087611ebbd67ac1f6bf848b6,chunk_submod_96,chunk,submod,1.0,1.0,1.0,1.0,0.5714,0.5,91.0,0.5,0.0
9bd0c7e60bdd11eba7f7acde48001122,chunk_submod_96,chunk,submod,0.0,0.0,0.0,0.0,0.0,0.0,82.0,0.5,0.0
fdbb770408da11ebbd9cac1f6bf848b6,chunk_submod_96,chunk,submod,0.0,0.0,0.0,0.0,0.6875,0.5,96.0,0.5,0.0
3cc74fb60bda11eba7f7acde48001122,chunk_submod_96,chunk,submod,0.0,0.0,0.0,0.0,0.4382,0.5,89.0,0.5,0.0
234c4f060bde11eba7f7acde48001122,chunk_submod_96,chunk,submod,0.0,0.0,1.0,1.0,0.7889,1.0,90.0,1.0,1.0
c807422a0bda11eba7f7acde48001122,chunk_submod_96,chunk,submod,0.0,0.0,0.0,0.0,0.2963,0.5,81.0,0.5,0.0
77119398087411ebbd67ac1f6bf848b6,chunk_submod_96,chunk,submod,1.0,1.0,1.0,1.0,0.6458,1.0,96.0,1.0,1.0
922587b80bdd11eba7f7acde48001122,chunk_submod_96,chunk,submod,1.0,1.0,1.0,1.0,0.0,0.0,72.0,0.5,0.0
7de9188c088b11ebbd6fac1f6bf848b6,chunk_submod_96,chunk,submod,0.0,0.0,0.0,0.5,0.3659,0.5,82.0,0.5,0.0
ba3380fe0bdb11eba7f7acde48001122,chunk_submod_96,chunk,submod,0.0,0.0,0.0,0.0,0.0,0.0,76.0,0.5,0.0
710d0e740bde11eba7f7acde48001122,chunk_submod_96,chunk,submod,0.0,0.0,0.0,0.0,0.0,0.0,80.0,0.5,0.0
562aab540baf11ebab90acde48001122,chunk_submod_96,chunk,submod,0.0,0.0,0.0,0.2,0.8228,0.5,79.0,1.0,1.0
9ab545800bdd11eba7f7acde48001122,chunk_submod_96,chunk,submod,0.0,0.0,0.0,0.0,0.4255,0.5,94.0,0.5,0.0
61456758085411ebbd59ac1f6bf848b6,chunk_submod_96,chunk,submod,0.0,0.3333,1.0,1.0,0.473,0.25,74.0,0.5,0.0
26f25e9d089c11ebbd78ac1f6bf848b6,chunk_submod_96,chunk,submod,0.0,0.0,0.0,0.5,0.3871,0.5,93.0,1.0,1.0
ce5bfc90086c11ebbd61ac1f6bf848b6,chunk_submod_96,chunk,submod,0.0,0.0,0.0,0.0,0.5294,0.25,85.0,0.5,0.0
f893967608a811ebbd7fac1f6bf848b6,chunk_submod_96,chunk,submod,1.0,1.0,1.0,1.0,0.7619,1.0,84.0,1.0,1.0
346a41b4084e11ebbd56ac1f6bf848b6,chunk_submod_96,chunk,submod,1.0,1.0,1.0,1.0,0.7474,0.5,95.0,0.5,0.0
bcbd76e608a111ebbd79ac1f6bf848b6,chunk_submod_96,chunk,submod,0.0,0.0,1.0,1.0,0.6989,0.5,93.0,0.5,0.0
f26542c808c511ebbd8fac1f6bf848b6,chunk_submod_96,chunk,submod,1.0,1.0,1.0,1.0,0.5579,0.5,95.0,0.5,0.0
5b1e1f240bdc11eba7f7acde48001122,chunk_submod_96,chunk,submod,0.0,0.0,0.0,0.3333,0.4156,0.5,77.0,0.5,0.0
b146f47c0bda11eba7f7acde48001122,chunk_submod_96,chunk,submod,0.0,0.0,0.0,0.0,0.3474,0.5,95.0,1.0,1.0
9c996f860bdb11eba7f7acde48001122,chunk_submod_96,chunk,submod,0.0,0.0,0.0,0.0,0.5571,0.5,70.0,1.0,1.0
f491b33e0bda11eba7f7acde48001122,chunk_submod_96,chunk,submod,0.0,0.2857,0.0,0.25,0.3929,0.5,84.0,0.5,0.0
21d2a107091911ebbdaeac1f6bf848b6,chunk_submod_96,chunk,submod,0.0,0.0,1.0,1.0,0.7024,1.0,84.0,1.0,1.0
10e63c10087211ebbd64ac1f6bf848b6,chunk_submod_96,chunk,submod,1.0,1.0,0.0,0.0,0.3804,0.25,92.0,0.5,0.0
5c7ce15a0bde11eba7f7acde48001122,chunk_submod_96,chunk,submod,0.0,0.0,0.0,0.0,0.6875,0.5,80.0,0.5,0.0
b0e112940bdd11eba7f7acde48001122,chunk_submod_96,chunk,submod,0.0,0.0,0.0,0.0,0.2708,0.5,96.0,0.5,0.0
e6a74e020bdd11eba7f7acde48001122,chunk_submod_96,chunk,submod,0.0,0.0,0.0,0.0,0.3125,0.5,96.0,0.5,0.0
0963c8b80bdd11eba7f7acde48001122,chunk_submod_96,chunk,submod,0.0,0.0,0.0,0.0,0.7424,0.5,66.0,0.5,0.0
09beb233086d11ebbd61ac1f6bf848b6,chunk_submod_96,chunk,submod,1.0,1.0,1.0,1.0,0.75,1.0,72.0,1.0,1.0
963fffd60bdd11eba7f7acde48001122,chunk_submod_96,chunk,submod,1.0,1.0,1.0,1.0,0.4375,1.0,80.0,1.0,1.0
f0d6f50c08eb11ebbda7ac1f6bf848b6,chunk_submod_96,chunk,submod,0.0,0.0,1.0,1.0,0.625,1.0,80.0,1.0,1.0
33d1a6d60bda11eba7f7acde48001122,chunk_submod_96,chunk,submod,0.0,0.0,0.0,0.3333,0.95,1.0,80.0,1.0,1.0
f31afa16094511ebbdaeac1f6bf848b6,chunk_submod_96,chunk,submod,0.0,0.0,0.0,0.5,0.7053,1.0,95.0,1.0,1.0
3654974a08df11ebbda0ac1f6bf848b6,chunk_submod_96,chunk,submod,0.0,0.0,1.0,1.0,1.0,0.5,73.0,0.75,0.0
2d2fdefe085311ebbd59ac1f6bf848b6,chunk_submod_96,chunk,submod,0.0,0.0,1.0,1.0,0.1868,0.5,91.0,1.0,1.0
7a01a52a089c11ebbd78ac1f6bf848b6,chunk_submod_96,chunk,submod,1.0,1.0,1.0,1.0,0.7143,0.5,91.0,0.5,0.0
d8a00ed40bdd11eba7f7acde48001122,chunk_submod_96,chunk,submod,0.0,0.4,0.0,0.3333,0.5732,0.5,82.0,0.5,0.0
c37f944e08e611ebbda5ac1f6bf848b6,chunk_submod_96,chunk,submod,1.0,1.0,1.0,1.0,1.0,1.0,72.0,1.0,1.0
b670607d08b611ebbd88ac1f6bf848b6,chunk_submod_96,chunk,submod,0.0,0.25,1.0,1.0,0.3333,0.25,93.0,0.75,0.0
62a0531e0bde11eba7f7acde48001122,chunk_submod_96,chunk,submod,0.0,0.0,0.0,0.0,0.0,0.0,93.0,0.5,0.0
03f2846e0bb011ebab90acde48001122,chunk_submod_96,chunk,submod,0.0,0.0,0.0,0.6,0.6556,1.0,90.0,1.0,1.0
98da1bb608d411ebbd96ac1f6bf848b6,chunk_submod_96,chunk,submod,1.0,1.0,1.0,1.0,1.0,0.75,71.0,0.75,0.0
bb792556091811ebbdaeac1f6bf848b6,chunk_submod_96,chunk,submod,1.0,1.0,0.0,0.6667,0.2278,0.5,79.0,1.0,1.0
46e99a3d094111ebbdaeac1f6bf848b6,chunk_submod_96,chunk,submod,1.0,1.0,1.0,1.0,0.4737,1.0,95.0,1.0,1.0
2f6aa3ba0bb011ebab90acde48001122,chunk_submod_96,chunk,submod,0.0,0.0,0.0,0.2,0.3452,0.5,84.0,1.0,1.0
41b295500bb011ebab90acde48001122,chunk_submod_96,chunk,submod,0.0,0.0,0.0,0.0,0.0,0.0,70.0,1.0,1.0
132a5430085d11ebbd5cac1f6bf848b6,chunk_submod_96,chunk,submod,0.0,0.0,0.0,0.0,0.4,1.0,80.0,1.0,1.0
08e7eb340bde11eba7f7acde48001122,chunk_submod_96,chunk,submod,0.0,0.0,0.0,0.0,0.2826,0.5,92.0,0.5,0.0
91ec5b380bdc11eba7f7acde48001122,chunk_submod_96,chunk,submod,0.0,0.0,0.0,0.0,0.5714,0.5,63.0,0.5,0.0
bf5c81fa0bdd11eba7f7acde48001122,chunk_submod_96,chunk,submod,0.0,0.0,0.0,0.0,0.4819,0.5,83.0,0.5,0.0
cf9a08f608c911ebbd92ac1f6bf848b6,chunk_submod_96,chunk,submod,1.0,1.0,1.0,1.0,0.5455,0.5,88.0,0.5,0.0
0e5e54c908c211ebbd8bac1f6bf848b6,chunk_submod_96,chunk,submod,0.0,0.0,0.0,0.0,0.8989,1.0,89.0,1.0,1.0
af1ee605093511ebbdaeac1f6bf848b6,chunk_submod_96,chunk,submod,1.0,1.0,1.0,1.0,0.4024,1.0,82.0,1.0,1.0
3e0cebde0bd911eba7f7acde48001122,chunk_submod_96,chunk,submod,0.0,0.0,0.0,0.0,0.3784,0.5,74.0,0.5,0.0
0518615a0bde11eba7f7acde48001122,chunk_submod_96,chunk,submod,0.0,0.6667,1.0,1.0,0.8043,1.0,92.0,1.0,1.0
3d22de280bb011ebab90acde48001122,chunk_submod_96,chunk,submod,0.0,0.0,0.0,0.5,0.3854,0.5,96.0,0.5,0.0
b6afbad60bdd11eba7f7acde48001122,chunk_submod_96,chunk,submod,0.0,0.0,0.0,0.0,0.3521,0.5,71.0,1.0,1.0
0b91d3200bdb11eba7f7acde48001122,chunk_submod_96,chunk,submod,0.0,0.0,0.0,0.0,0.6413,0.5,92.0,0.5,0.0
1621c01108f011ebbda8ac1f6bf848b6,chunk_submod_96,chunk,submod,0.0,0.0,0.0,0.25,0.3229,0.5,96.0,1.0,1.0
8b5f752e0bdd11eba7f7acde48001122,chunk_submod_96,chunk,submod,0.0,0.0,0.0,0.0,0.125,0.5,96.0,0.5,0.0
5e02b99208b811ebbd88ac1f6bf848b6,chunk_submod_96,chunk,submod,0.0,0.0,0.0,0.3333,0.3514,0.25,74.0,0.5,0.0
a809d3720bdd11eba7f7acde48001122,chunk_submod_96,chunk,submod,0.0,0.0,0.0,0.0,1.0,0.5,82.0,0.5,0.0
ade9a5980baf11ebab90acde48001122,chunk_submod_96,chunk,submod,0.0,0.0,0.0,0.0,0.3333,0.5,81.0,1.0,1.0
8012a1e008af11ebbd83ac1f6bf848b6,chunk_submod_96,chunk,submod,0.0,0.0,0.0,0.0,0.225,0.25,80.0,0.5,0.0
d19a4bb80bdd11eba7f7acde48001122,chunk_submod_96,chunk,submod,0.0,0.0,0.0,0.0,0.2903,0.5,93.0,0.5,0.0
b6b306fa0bdd11eba7f7acde48001122,chunk_submod_96,chunk,submod,0.0,0.0,0.0,0.5,0.3678,0.5,87.0,0.5,0.0
d71f453b085811ebbd5bac1f6bf848b6,chunk_submod_96,chunk,submod,0.0,0.0,0.0,0.0,1.0,0.5,80.0,0.5,0.0
2de71a8a0bda11eba7f7acde48001122,chunk_submod_96,chunk,submod,0.0,0.0,0.0,0.0,0.5161,0.5,62.0,0.5,0.0
cee7790e08cc11ebbd93ac1f6bf848b6,chunk_submod_96,chunk,submod,0.0,0.0,0.0,0.0,0.4722,0.25,72.0,0.5,0.0
623ea4080bb011ebab90acde48001122,chunk_submod_96,chunk,submod,0.0,0.0,0.0,0.4286,0.0,0.0,91.0,0.5,0.0
8d9bf1c80bb011ebab90acde48001122,chunk_submod_96,chunk,submod,0.0,0.2222,0.0,0.5,0.0,0.0,89.0,0.5,0.0
572c3827088311ebbd6dac1f6bf848b6,chunk_submod_96,chunk,submod,0.0,0.0,0.0,0.0,0.527,0.25,74.0,0.5,0.0
b1e64cc60bd911eba7f7acde48001122,chunk_submod_96,chunk,submod,0.0,0.0,1.0,1.0,0.7826,1.0,69.0,1.0,1.0
0b9a520108c211ebbd8bac1f6bf848b6,chunk_submod_96,chunk,submod,0.0,0.0,1.0,1.0,0.5915,0.25,71.0,0.5,0.0
04e9521d088b11ebbd6fac1f6bf848b6,chunk_submod_96,chunk,submod,0.0,0.0,0.0,0.0,0.2211,0.5,95.0,1.0,1.0
8522d9b2092011ebbdaeac1f6bf848b6,chunk_submod_96,chunk,submod,1.0,1.0,1.0,1.0,0.266,0.5,94.0,1.0,1.0
ec697d900bda11eba7f7acde48001122,chunk_submod_96,chunk,submod,0.0,0.0,0.0,0.0,0.3038,0.5,79.0,0.5,0.0
950bd11a090f11ebbdadac1f6bf848b6,chunk_submod_96,chunk,submod,0.0,0.0,1.0,1.0,0.5556,0.5,90.0,1.0,1.0
c1b9c0ac0bdd11eba7f7acde48001122,chunk_submod_96,chunk,submod,0.0,0.0,0.0,0.0,0.2857,0.5,70.0,0.5,0.0
d2c47e1008df11ebbda1ac1f6bf848b6,chunk_submod_96,chunk,submod,1.0,1.0,1.0,1.0,0.4624,0.5,93.0,0.5,0.0
7b2bf8fc0bd911eba7f7acde48001122,chunk_submod_96,chunk,submod,0.0,0.0,0.0,0.0,1.0,0.5,83.0,1.0,1.0
b5ccab240bdd11eba7f7acde48001122,chunk_submod_96,chunk,submod,0.0,0.3333,0.0,0.3333,0.7326,0.5,86.0,0.5,0.0
6a70f6f80bb011ebab90acde48001122,chunk_submod_96,chunk,submod,0.0,0.0,0.0,0.0,0.2927,0.5,82.0,0.5,0.0
1f9e4658084f11ebbd56ac1f6bf848b6,chunk_submod_96,chunk,submod,0.0,0.0,1.0,1.0,0.2947,0.25,95.0,0.5,0.0
5caef2f8096411ebbdafac1f6bf848b6,chunk_submod_96,chunk,submod,1.0,1.0,1.0,1.0,0.75,1.0,92.0,1.0,1.0
b081e08408e111ebbda3ac1f6bf848b6,chunk_submod_96,chunk,submod,1.0,1.0,1.0,1.0,0.4483,0.5,87.0,0.5,0.0
f113f24e08ad11ebbd83ac1f6bf848b6,chunk_submod_96,chunk,submod,0.0,0.0,1.0,1.0,1.0,0.75,71.0,0.75,0.0
a6d397ea0bdd11eba7f7acde48001122,chunk_submod_96,chunk,submod,0.0,0.0,0.0,0.0,0.3375,0.5,80.0,0.5,0.0
04a065a60bde11eba7f7acde48001122,chunk_submod_96,chunk,submod,0.0,0.0,0.0,0.0,0.0,0.0,72.0,0.5,0.0
534fbfd00bd911eba7f7acde48001122,chunk_submod_96,chunk,submod,0.0,0.0,1.0,1.0,0.8939,1.0,66.0,1.0,1.0
286461f808ba11ebbd88ac1f6bf848b6,chunk_submod_96,chunk,submod,1.0,1.0,1.0,1.0,0.5851,1.0,94.0,1.0,1.0
2fa40dae0bdc11eba7f7acde48001122,chunk_submod_96,chunk,submod,0.0,0.0,0.0,0.0,0.253,0.5,83.0,0.5,0.0
a19ca5c80bdd11eba7f7acde48001122,chunk_submod_96,chunk,submod,0.0,0.0,1.0,1.0,0.2651,0.5,83.0,0.5,0.0
6a807fc40bb011ebab90acde48001122,chunk_submod_96,chunk,submod,0.0,0.0,0.0,0.4,0.0,0.0,62.0,0.5,0.0
1118315c0bdd11eba7f7acde48001122,chunk_submod_96,chunk,submod,0.0,0.0,0.0,0.0,0.6471,0.5,68.0,0.5,0.0
185a906e0bdc11eba7f7acde48001122,chunk_submod_96,chunk,submod,0.0,0.0,0.0,0.5,0.2644,0.5,87.0,0.5,0.0
77f4e0140bb011ebab90acde48001122,chunk_submod_96,chunk,submod,0.0,0.0,0.0,0.0,0.0,0.0,96.0,0.5,0.0
2a98df6408d111ebbd95ac1f6bf848b6,chunk_submod_96,chunk,submod,0.0,0.0,0.0,0.0,0.8608,1.0,79.0,1.0,1.0
025359200bde11eba7f7acde48001122,chunk_submod_96,chunk,submod,0.0,0.0,0.0,0.0,0.9121,0.5,91.0,0.5,0.0
bd34477e0baf11ebab90acde48001122,chunk_submod_96,chunk,submod,0.0,0.0,0.0,0.8333,0.0,0.0,90.0,1.0,1.0
6a8a71280bb011ebab90acde48001122,chunk_submod_96,chunk,submod,0.0,0.1667,0.0,0.5,0.0,0.0,93.0,1.0,1.0
ef9cbeca0bdd11eba7f7acde48001122,chunk_submod_96,chunk,submod,0.0,0.5,1.0,1.0,0.5696,1.0,79.0,1.0,1.0
c218a802090711ebbdadac1f6bf848b6,chunk_submod_96,chunk,submod,1.0,1.0,1.0,1.0,0.25,0.5,92.0,1.0,1.0
f94832c408b811ebbd88ac1f6bf848b6,chunk_submod_96,chunk,submod,1.0,1.0,1.0,1.0,0.8514,0.5,74.0,0.5,0.0
8d2382e0085811ebbd5aac1f6bf848b6,chunk_submod_96,chunk,submod,0.0,0.0,1.0,1.0,0.6629,1.0,89.0,1.0,1.0
86fb31260bdd11eba7f7acde48001122,chunk_submod_96,chunk,submod,0.0,0.0,0.0,0.0,0.5165,0.5,91.0,1.0,1.0
18c0ccb1086911ebbd5eac1f6bf848b6,chunk_submod_96,chunk,submod,1.0,1.0,1.0,1.0,0.7447,1.0,94.0,1.0,1.0
e6f8d00a089611ebbd76ac1f6bf848b6,chunk_submod_96,chunk,submod,0.0,0.0,0.0,0.0,0.8571,1.0,84.0,1.0,1.0
8919fb50085311ebbd59ac1f6bf848b6,chunk_submod_96,chunk,submod,0.0,0.0,1.0,1.0,0.5765,1.0,85.0,1.0,1.0
d5a61878086b11ebbd60ac1f6bf848b6,chunk_submod_96,chunk,submod,1.0,1.0,1.0,1.0,0.3529,0.5,68.0,1.0,1.0
f6973183085a11ebbd5cac1f6bf848b6,chunk_submod_96,chunk,submod,1.0,1.0,1.0,1.0,0.4022,0.25,92.0,0.5,0.0
fc031d360baf11ebab90acde48001122,chunk_submod_96,chunk,submod,0.0,0.0,0.0,0.2,0.4928,0.5,69.0,0.5,0.0
e5c738900bdc11eba7f7acde48001122,chunk_submod_96,chunk,submod,0.0,0.0,0.0,0.0,0.5385,0.5,91.0,0.5,0.0
6b466508097711ebbdb0ac1f6bf848b6,chunk_submod_96,chunk,submod,1.0,1.0,1.0,1.0,1.0,1.0,87.0,1.0,1.0
46bd0bd6087511ebbd67ac1f6bf848b6,chunk_submod_96,chunk,submod,1.0,1.0,1.0,1.0,0.2235,0.25,85.0,0.5,0.0
d1bdbdbe087711ebbd67ac1f6bf848b6,chunk_submod_96,chunk,submod,0.0,0.0,0.0,0.0,0.625,0.5,80.0,0.75,0.0
6152f66c08df11ebbda0ac1f6bf848b6,chunk_submod_96,chunk,submod,1.0,1.0,1.0,1.0,0.2917,0.25,96.0,0.5,0.0
98a3e5e9089111ebbd73ac1f6bf848b6,chunk_submod_96,chunk,submod,1.0,1.0,1.0,1.0,0.6364,0.5,88.0,0.5,0.0
6946f8d20baf11ebab90acde48001122,chunk_submod_96,chunk,submod,0.0,0.0,0.0,0.3333,0.4255,0.5,94.0,0.5,0.0
3d4662300bb011ebab90acde48001122,chunk_submod_96,chunk,submod,0.0,0.3333,1.0,1.0,0.369,0.5,84.0,0.5,0.0
c504923408fe11ebbdadac1f6bf848b6,chunk_submod_96,chunk,submod,1.0,1.0,1.0,1.0,0.5761,1.0,92.0,1.0,1.0
922a629c0bb011ebab90acde48001122,chunk_submod_96,chunk,submod,0.0,0.0,0.0,0.6,0.5422,0.5,83.0,0.5,0.0
0e967bac08a711ebbd7fac1f6bf848b6,chunk_submod_96,chunk,submod,1.0,1.0,1.0,1.0,0.8511,0.5,94.0,0.5,0.0
c1aa9b640bdc11eba7f7acde48001122,chunk_submod_96,chunk,submod,0.0,0.0,0.0,0.0,0.0,0.0,87.0,1.0,1.0
dba424900baf11ebab90acde48001122,chunk_submod_96,chunk,submod,0.0,0.0,0.0,0.3333,0.3636,0.5,88.0,0.5,0.0
f4cc9d4908b311ebbd86ac1f6bf848b6,chunk_submod_96,chunk,submod,0.0,0.0,1.0,1.0,1.0,0.5,66.0,0.5,0.0
6b850e0e0baf11ebab90acde48001122,chunk_submod_96,chunk,submod,0.0,0.2857,0.0,0.6667,0.6711,0.5,76.0,1.0,1.0
abce7ee208b111ebbd85ac1f6bf848b6,chunk_submod_96,chunk,submod,1.0,1.0,1.0,1.0,0.3846,0.5,91.0,0.5,0.0
6615041e0bb011ebab90acde48001122,chunk_submod_96,chunk,submod,0.0,0.0,0.0,0.3333,0.2941,0.5,85.0,0.5,0.0
dc4754a80bdc11eba7f7acde48001122,chunk_submod_96,chunk,submod,0.0,0.0,0.0,0.0,0.0,0.0,64.0,0.5,0.0
6bd86dd4087f11ebbd6bac1f6bf848b6,chunk_submod_96,chunk,submod,0.0,0.0,1.0,1.0,0.7262,0.5,84.0,0.5,0.0
98ab6cfe08c411ebbd8eac1f6bf848b6,chunk_submod_96,chunk,submod,1.0,1.0,1.0,1.0,0.7957,0.5,93.0,0.5,0.0
c30b9f8108b211ebbd85ac1f6bf848b6,chunk_submod_96,chunk,submod,1.0,1.0,1.0,1.0,0.7253,1.0,91.0,1.0,1.0
49e0153808ac11ebbd82ac1f6bf848b6,chunk_submod_96,chunk,submod,1.0,1.0,1.0,1.0,1.0,0.5,83.0,0.5,0.0
2fcc3e3e0bda11eba7f7acde48001122,chunk_submod_96,chunk,submod,0.0,0.0,0.0,0.0,0.5,0.5,66.0,1.0,1.0
8a6610400bda11eba7f7acde48001122,chunk_submod_96,chunk,submod,0.0,0.0,0.0,0.0,0.4421,0.5,95.0,0.5,0.0
e172d3b20baf11ebab90acde48001122,chunk_submod_96,chunk,submod,0.0,0.0,0.0,0.0,0.5568,0.5,88.0,1.0,1.0
c365be0608ae11ebbd83ac1f6bf848b6,chunk_submod_96,chunk,submod,1.0,1.0,0.0,0.0,0.4946,0.5,93.0,1.0,1.0
a9406286088d11ebbd70ac1f6bf848b6,chunk_submod_96,chunk,submod,0.0,0.0,1.0,1.0,1.0,0.5,73.0,0.5,0.0
6b84004a0baf11ebab90acde48001122,chunk_submod_96,chunk,submod,0.0,0.0,0.0,0.4,0.0,0.0,58.0,0.5,0.0
caa0a77908ac11ebbd83ac1f6bf848b6,chunk_submod_96,chunk,submod,1.0,1.0,1.0,1.0,1.0,0.5,89.0,0.5,0.0
63a51a37096711ebbdafac1f6bf848b6,chunk_submod_96,chunk,submod,1.0,1.0,1.0,1.0,0.6579,1.0,76.0,1.0,1.0
647eba07088f11ebbd72ac1f6bf848b6,chunk_submod_96,chunk,submod,0.0,0.0,0.0,0.0,0.4062,0.5,96.0,1.0,1.0
6e765ee508f611ebbdaaac1f6bf848b6,chunk_submod_96,chunk,submod,0.0,0.0,1.0,1.0,0.6395,1.0,86.0,1.0,1.0
dc6e054e0baf11ebab90acde48001122,chunk_submod_96,chunk,submod,0.0,0.0,0.0,0.0,0.6628,0.5,86.0,0.5,0.0
5c82bfe20bdb11eba7f7acde48001122,chunk_submod_96,chunk,submod,0.0,0.0,0.0,0.0,0.5745,0.5,94.0,1.0,1.0
47a59362091411ebbdadac1f6bf848b6,chunk_submod_96,chunk,submod,1.0,1.0,1.0,1.0,0.6389,1.0,72.0,1.0,1.0
5bab48ec0bda11eba7f7acde48001122,chunk_submod_96,chunk,submod,0.0,0.0,0.0,0.0,0.1789,0.5,95.0,0.5,0.0
d3c779240bdd11eba7f7acde48001122,chunk_submod_96,chunk,submod,0.0,0.0,0.0,0.0,0.3034,0.5,89.0,1.0,1.0
57e0ae020bb011ebab90acde48001122,chunk_submod_96,chunk,submod,0.0,0.6154,0.0,0.7143,0.5765,0.5,85.0,1.0,1.0
9e2fc7ef08c711ebbd91ac1f6bf848b6,chunk_submod_96,chunk,submod,0.0,0.0,0.0,0.0,0.6,0.5,80.0,0.5,0.0
be9369c80bdd11eba7f7acde48001122,chunk_submod_96,chunk,submod,0.0,0.0,0.0,0.0,0.321,0.5,81.0,0.5,0.0
abaff0940bdb11eba7f7acde48001122,chunk_submod_96,chunk,submod,0.0,0.0,0.0,0.0,0.25,0.5,88.0,0.5,0.0
09aa4e1a0bdc11eba7f7acde48001122,chunk_submod_96,chunk,submod,0.0,0.0,0.0,0.0,0.0,0.0,79.0,0.5,0.0
e4e02a240bda11eba7f7acde48001122,chunk_submod_96,chunk,submod,0.0,0.0,0.0,0.5,0.2588,0.5,85.0,0.5,0.0
fc9d859008a011ebbd78ac1f6bf848b6,chunk_submod_96,chunk,submod,1.0,1.0,1.0,1.0,0.8214,1.0,84.0,1.0,1.0
3c3204c8084d11ebbd56ac1f6bf848b6,chunk_submod_96,chunk,submod,0.0,0.0,1.0,1.0,0.5208,0.5,96.0,0.5,0.0
d5bf657c0bdb11eba7f7acde48001122,chunk_submod_96,chunk,submod,0.0,0.0,1.0,1.0,0.6667,1.0,93.0,1.0,1.0
f4aa6595093611ebbdaeac1f6bf848b6,chunk_submod_96,chunk,submod,0.0,0.0,0.0,0.3333,0.5,0.5,92.0,1.0,1.0
5a34b04e0bd911eba7f7acde48001122,chunk_submod_96,chunk,submod,0.0,0.0,0.0,0.0,0.4731,0.5,93.0,0.5,0.0
1a3bb74508dc11ebbd9cac1f6bf848b6,chunk_submod_96,chunk,submod,0.0,0.0,0.0,0.3333,0.7013,0.5,77.0,0.75,0.0
8031698e0bdb11eba7f7acde48001122,chunk_submod_96,chunk,submod,0.0,0.0,0.0,0.0,0.6512,0.5,86.0,1.0,1.0
637434540bde11eba7f7acde48001122,chunk_submod_96,chunk,submod,1.0,1.0,1.0,1.0,0.0,0.0,95.0,0.5,0.0
943b50b20bda11eba7f7acde48001122,chunk_submod_96,chunk,submod,0.0,0.0,0.0,0.0,0.4211,0.5,95.0,0.5,0.0
736afe9e0baf11ebab90acde48001122,chunk_submod_96,chunk,submod,0.0,0.0,0.0,0.5,0.0,0.0,92.0,0.5,0.0
fb6ff1e20bdb11eba7f7acde48001122,chunk_submod_96,chunk,submod,0.0,0.0,0.0,0.0,0.413,0.5,92.0,0.5,0.0
42dac74c089311ebbd74ac1f6bf848b6,chunk_submod_96,chunk,submod,0.0,0.2,0.0,0.25,0.7191,0.5,89.0,0.5,0.0
1407903b089d11ebbd78ac1f6bf848b6,chunk_submod_96,chunk,submod,0.0,0.0,0.0,0.5,0.8706,1.0,85.0,1.0,1.0
c4fd6fe80bdd11eba7f7acde48001122,chunk_submod_96,chunk,submod,0.0,0.0,0.0,0.0,0.7703,0.5,74.0,0.5,0.0
4de007f40bdd11eba7f7acde48001122,chunk_submod_96,chunk,submod,0.0,0.0,0.0,0.0,0.4062,0.5,96.0,0.5,0.0
5ead80ee0baf11ebab90acde48001122,chunk_submod_96,chunk,submod,0.0,0.4,0.0,0.5,0.3646,0.5,96.0,1.0,1.0
a27849740bd911eba7f7acde48001122,chunk_submod_96,chunk,submod,0.0,0.0,0.0,0.0,0.5926,0.5,81.0,0.5,0.0
2b871cac0bdc11eba7f7acde48001122,chunk_submod_96,chunk,submod,0.0,0.0,0.0,0.0,0.0,0.0,70.0,0.5,0.0
e2e9a9560bdb11eba7f7acde48001122,chunk_submod_96,chunk,submod,0.0,0.0,0.0,0.0,0.1429,0.5,84.0,0.5,0.0
ffee28d80bae11ebab90acde48001122,chunk_submod_96,chunk,submod,0.0,0.0,0.0,0.3333,0.0,0.0,82.0,0.5,0.0
972ecece08ef11ebbda8ac1f6bf848b6,chunk_submod_96,chunk,submod,1.0,1.0,1.0,1.0,0.6552,1.0,87.0,1.0,1.0
1948b12e0bda11eba7f7acde48001122,chunk_submod_96,chunk,submod,0.0,0.0,0.0,0.0,0.3895,0.5,95.0,1.0,1.0
406a4ee00bb011ebab90acde48001122,chunk_submod_96,chunk,submod,0.0,0.0,0.0,0.0,0.4156,0.5,77.0,0.5,0.0
3d1200fc0bde11eba7f7acde48001122,chunk_submod_96,chunk,submod,0.0,0.0,0.0,0.0,0.1975,0.5,81.0,0.5,0.0
d1c8b2a00bdd11eba7f7acde48001122,chunk_submod_96,chunk,submod,0.0,0.0,0.0,0.0,0.5,0.5,94.0,0.5,0.0
c400306a0bda11eba7f7acde48001122,chunk_submod_96,chunk,submod,0.0,0.0,0.0,0.5,0.3011,0.5,93.0,0.5,0.0
315872d20bde11eba7f7acde48001122,chunk_submod_96,chunk,submod,0.0,0.0,0.0,0.0,0.3034,0.5,89.0,0.5,0.0
f6e759da0bdb11eba7f7acde48001122,chunk_submod_96,chunk,submod,0.0,0.0,0.0,0.0,0.5106,0.5,94.0,0.5,0.0
c0409500088f11ebbd72ac1f6bf848b6,chunk_submod_96,chunk,submod,0.0,0.0,0.0,0.0,0.2644,0.5,87.0,1.0,1.0
138a34f80bdd11eba7f7acde48001122,chunk_submod_96,chunk,submod,0.0,0.0,0.0,0.0,0.4945,0.5,91.0,0.5,0.0
2d94661c0bdc11eba7f7acde48001122,chunk_submod_96,chunk,submod,0.0,0.0,0.0,0.0,0.3788,0.5,66.0,0.5,0.0
aa72cb6a0baf11ebab90acde48001122,chunk_submod_96,chunk,submod,0.0,0.0,1.0,1.0,0.5667,1.0,90.0,1.0,1.0
e6998c7e08de11ebbd9fac1f6bf848b6,chunk_submod_96,chunk,submod,0.0,0.0,1.0,1.0,0.8046,0.5,87.0,0.5,0.0
eded9bbf08de11ebbd9fac1f6bf848b6,chunk_submod_96,chunk,submod,1.0,1.0,1.0,1.0,1.0,0.5,71.0,0.5,0.0
6ae076e40bde11eba7f7acde48001122,chunk_submod_96,chunk,submod,0.0,0.0,0.0,0.0,0.0,0.0,74.0,1.0,1.0
a380ab7c08b911ebbd88ac1f6bf848b6,chunk_submod_96,chunk,submod,1.0,1.0,1.0,1.0,0.734,1.0,94.0,1.0,1.0
df3ab4560bdd11eba7f7acde48001122,chunk_submod_96,chunk,submod,0.0,0.0,0.0,0.0,0.0,0.0,85.0,1.0,1.0
df4b96e7087111ebbd63ac1f6bf848b6,chunk_submod_96,chunk,submod,0.0,0.0,0.0,0.3333,0.6627,0.25,83.0,0.5,0.0
faedda9a0bdb11eba7f7acde48001122,chunk_submod_96,chunk,submod,0.0,0.0,0.0,0.0,0.4198,1.0,81.0,1.0,1.0
50bd90820bdc11eba7f7acde48001122,chunk_submod_96,chunk,submod,0.0,0.0,0.0,0.0,0.236,0.5,89.0,0.5,0.0
c01738e20bdd11eba7f7acde48001122,chunk_submod_96,chunk,submod,0.0,0.0,0.0,0.0,0.1084,0.5,83.0,1.0,1.0
3c0091600bde11eba7f7acde48001122,chunk_submod_96,chunk,submod,0.0,0.0,0.0,0.0,0.4684,1.0,79.0,1.0,1.0
1b9c91660bda11eba7f7acde48001122,chunk_submod_96,chunk,submod,1.0,1.0,1.0,1.0,1.0,1.0,77.0,1.0,1.0
bd4901b0085e11ebbd5cac1f6bf848b6,chunk_submod_96,chunk,submod,0.0,0.0,1.0,1.0,0.5543,1.0,92.0,1.0,1.0
a7419bf3092e11ebbdaeac1f6bf848b6,chunk_submod_96,chunk,submod,0.0,0.0,0.0,0.0,0.4286,1.0,91.0,1.0,1.0
fa960b58085911ebbd5bac1f6bf848b6,chunk_submod_96,chunk,submod,0.0,0.0,0.0,0.0,0.2759,0.5,87.0,1.0,1.0
582deca408bc11ebbd88ac1f6bf848b6,chunk_submod_96,chunk,submod,0.0,0.0,1.0,1.0,0.5745,0.5,94.0,0.5,0.0
a5bd56fc0bdd11eba7f7acde48001122,chunk_submod_96,chunk,submod,0.0,0.0,0.0,0.0,0.4444,0.5,81.0,1.0,1.0
6d392be40bdd11eba7f7acde48001122,chunk_submod_96,chunk,submod,1.0,1.0,1.0,1.0,0.7474,1.0,95.0,1.0,1.0
33d4446c087511ebbd67ac1f6bf848b6,chunk_submod_96,chunk,submod,1.0,1.0,0.0,0.0,0.8043,0.75,92.0,1.0,1.0
881866100baf11ebab90acde48001122,chunk_submod_96,chunk,submod,0.0,0.0,0.0,0.0,0.2604,0.5,96.0,0.5,0.0
7d88d84d08bc11ebbd88ac1f6bf848b6,chunk_submod_96,chunk,submod,0.0,0.0,1.0,1.0,0.7191,0.5,89.0,0.5,0.0
4d3c252e0bda11eba7f7acde48001122,chunk_submod_96,chunk,submod,0.0,0.0,0.0,0.0,0.6413,0.5,92.0,1.0,1.0
9e0009f60baf11ebab90acde48001122,chunk_submod_96,chunk,submod,0.0,0.0,0.0,0.0,0.0,0.0,86.0,0.5,0.0
b8133a100bdd11eba7f7acde48001122,chunk_submod_96,chunk,submod,0.0,0.0,0.0,0.0,0.0,0.0,87.0,1.0,1.0
61082d440bdc11eba7f7acde48001122,chunk_submod_96,chunk,submod,0.0,0.0,0.0,0.0,0.4605,0.5,76.0,0.5,0.0
6ea141020baf11ebab90acde48001122,chunk_submod_96,chunk,submod,0.0,0.0,0.0,0.5,0.0,0.0,96.0,0.5,0.0
d759ab480bdd11eba7f7acde48001122,chunk_submod_96,chunk,submod,0.0,0.0,0.0,0.0,0.4382,0.5,89.0,1.0,1.0
2e7a589e085211ebbd58ac1f6bf848b6,chunk_submod_96,chunk,submod,0.0,0.0,0.0,0.0,0.6296,0.5,81.0,0.5,0.0
e85d87f4095111ebbdaeac1f6bf848b6,chunk_submod_96,chunk,submod,0.0,0.0,1.0,1.0,0.5484,0.5,93.0,1.0,1.0
9a339d60099011ebbdb0ac1f6bf848b6,chunk_submod_96,chunk,submod,0.0,0.0,0.0,0.0,0.2727,0.5,66.0,1.0,1.0
5d6e00200bda11eba7f7acde48001122,chunk_submod_96,chunk,submod,0.0,0.0,0.0,0.0,0.4066,1.0,91.0,1.0,1.0
2efc2c3b08bf11ebbd8aac1f6bf848b6,chunk_submod_96,chunk,submod,1.0,1.0,1.0,1.0,1.0,0.5,71.0,0.5,0.0
0926667308d011ebbd95ac1f6bf848b6,chunk_submod_96,chunk,submod,0.0,0.0,0.0,0.0,0.3368,1.0,95.0,1.0,1.0
8f3945d8098111ebbdb0ac1f6bf848b6,chunk_submod_96,chunk,submod,1.0,1.0,0.0,0.6667,0.4105,0.5,95.0,1.0,1.0
5e8240ea0bdd11eba7f7acde48001122,chunk_submod_96,chunk,submod,0.0,0.0,0.0,0.0,0.3182,0.5,88.0,0.5,0.0
36ec2b3a086411ebbd5eac1f6bf848b6,chunk_submod_96,chunk,submod,0.0,0.0,1.0,1.0,0.974,0.5,77.0,0.5,0.0
53175e86086b11ebbd5fac1f6bf848b6,chunk_submod_96,chunk,submod,0.0,0.0,0.0,0.6667,0.4468,1.0,94.0,1.0,1.0
66d8f7560bde11eba7f7acde48001122,chunk_submod_96,chunk,submod,0.0,0.0,0.0,0.0,0.2308,0.5,91.0,0.5,0.0
a9755ea508a711ebbd7fac1f6bf848b6,chunk_submod_96,chunk,submod,1.0,1.0,0.0,0.0,0.7021,0.5,94.0,0.5,0.0
6a8b28c00bb011ebab90acde48001122,chunk_submod_96,chunk,submod,0.0,0.2857,0.0,0.25,0.0,0.0,73.0,1.0,1.0
43a949ae0bdc11eba7f7acde48001122,chunk_submod_96,chunk,submod,0.0,0.0,0.0,0.0,0.4824,0.5,85.0,0.5,0.0
b9cb67da092b11ebbdaeac1f6bf848b6,chunk_submod_96,chunk,submod,0.0,0.0,1.0,1.0,0.1852,0.5,81.0,1.0,1.0
5390f39c086d11ebbd61ac1f6bf848b6,chunk_submod_96,chunk,submod,1.0,1.0,1.0,1.0,0.7738,1.0,84.0,1.0,1.0
d370f0b0085711ebbd5aac1f6bf848b6,chunk_submod_96,chunk,submod,1.0,1.0,0.0,0.6,0.3429,0.25,70.0,0.5,0.0
adcdb9440bd911eba7f7acde48001122,chunk_submod_96,chunk,submod,0.0,0.0,0.0,0.0,0.5833,0.5,72.0,0.5,0.0
1db17ce108a711ebbd7fac1f6bf848b6,chunk_submod_96,chunk,submod,0.0,0.0,1.0,1.0,0.5169,0.5,89.0,0.5,0.0
177e0eda0bde11eba7f7acde48001122,chunk_submod_96,chunk,submod,0.0,0.0,0.0,0.0,0.6744,0.5,86.0,0.5,0.0
9da14ff1086311ebbd5eac1f6bf848b6,chunk_submod_96,chunk,submod,0.0,0.0,1.0,1.0,0.6111,1.0,72.0,1.0,1.0
2f10177608d911ebbd9cac1f6bf848b6,chunk_submod_96,chunk,submod,0.0,0.0,1.0,1.0,0.3636,0.5,66.0,1.0,1.0
b52a4d7e0bd911eba7f7acde48001122,chunk_submod_96,chunk,submod,0.0,0.0,0.0,0.0,0.3472,0.5,72.0,1.0,1.0
6dd9acf20bda11eba7f7acde48001122,chunk_submod_96,chunk,submod,0.0,0.0,0.0,0.0,0.1892,0.5,74.0,0.5,0.0
3f635554096511ebbdafac1f6bf848b6,chunk_submod_96,chunk,submod,0.0,0.0,0.0,0.0,0.7356,1.0,87.0,1.0,1.0
8c12ceba0bda11eba7f7acde48001122,chunk_submod_96,chunk,submod,0.0,0.0,0.0,0.0,0.3736,0.5,91.0,0.5,0.0
8c1162a5086111ebbd5dac1f6bf848b6,chunk_submod_96,chunk,submod,1.0,1.0,1.0,1.0,0.4205,0.5,88.0,1.0,1.0
0585c9aa087f11ebbd6bac1f6bf848b6,chunk_submod_96,chunk,submod,0.0,0.0,1.0,1.0,0.6923,0.5,78.0,0.5,0.0
b8407b060bdd11eba7f7acde48001122,chunk_submod_96,chunk,submod,0.0,0.0,0.0,0.0,0.6667,0.5,93.0,0.5,0.0
07b62dea0baf11ebab90acde48001122,chunk_submod_96,chunk,submod,0.0,0.0,0.0,0.5,0.6632,1.0,95.0,1.0,1.0
fb95c0000bdd11eba7f7acde48001122,chunk_submod_96,chunk,submod,0.0,0.0,0.0,0.0,0.4512,0.5,82.0,0.5,0.0
e1abbba9098a11ebbdb0ac1f6bf848b6,chunk_submod_96,chunk,submod,0.0,0.0,0.0,0.0,1.0,1.0,88.0,1.0,1.0
fbf8fd9e0bda11eba7f7acde48001122,chunk_submod_96,chunk,submod,0.0,0.0,0.0,0.0,1.0,0.5,86.0,1.0,1.0
636fc8380bde11eba7f7acde48001122,chunk_submod_96,chunk,submod,0.0,0.0,0.0,0.0,0.0,0.0,69.0,0.5,0.0
0c97f4720bde11eba7f7acde48001122,chunk_submod_96,chunk,submod,0.0,0.0,0.0,0.0,0.4167,0.5,60.0,1.0,1.0
36787917086811ebbd5eac1f6bf848b6,chunk_submod_96,chunk,submod,1.0,1.0,0.0,0.6667,0.3448,0.5,87.0,1.0,1.0
519aee780baf11ebab90acde48001122,chunk_submod_96,chunk,submod,0.0,0.0,0.0,0.25,0.4568,0.5,81.0,0.5,0.0
6a81117708f311ebbdaaac1f6bf848b6,chunk_submod_96,chunk,submod,0.0,0.0,1.0,1.0,0.8229,1.0,96.0,1.0,1.0
0105676c0bdd11eba7f7acde48001122,chunk_submod_96,chunk,submod,0.0,0.0,0.0,0.0,0.3765,0.5,85.0,1.0,1.0
73c53c9809a111ebbdb0ac1f6bf848b6,chunk_submod_96,chunk,submod,0.0,0.0,1.0,1.0,0.4945,0.5,91.0,1.0,1.0
7416106b090f11ebbdadac1f6bf848b6,chunk_submod_96,chunk,submod,1.0,1.0,1.0,1.0,0.5106,1.0,94.0,1.0,1.0
3a1dbb720bdc11eba7f7acde48001122,chunk_submod_96,chunk,submod,0.0,0.0,0.0,0.0,0.3974,0.5,78.0,0.5,0.0
ebbf5ec608da11ebbd9cac1f6bf848b6,chunk_submod_96,chunk,submod,1.0,1.0,1.0,1.0,0.6957,1.0,92.0,1.0,1.0
3972d2b60baf11ebab90acde48001122,chunk_submod_96,chunk,submod,0.0,0.0,0.0,0.0,0.597,0.5,67.0,0.5,0.0
3adb8a740bde11eba7f7acde48001122,chunk_submod_96,chunk,submod,0.0,0.0,0.0,0.0,0.4301,1.0,93.0,1.0,1.0
13e2f86c0bde11eba7f7acde48001122,chunk_submod_96,chunk,submod,0.0,0.0,0.0,0.0,0.2581,0.5,93.0,1.0,1.0
d7af391708bb11ebbd88ac1f6bf848b6,chunk_submod_96,chunk,submod,0.0,0.0,0.0,0.0,1.0,0.5,71.0,0.5,0.0
c2b303ae08c411ebbd8eac1f6bf848b6,chunk_submod_96,chunk,submod,1.0,1.0,1.0,1.0,0.6386,0.5,83.0,0.5,0.0
db10aea20bd911eba7f7acde48001122,chunk_submod_96,chunk,submod,0.0,0.0,0.0,0.0,0.6447,0.5,76.0,0.5,0.0
7a93fcee0bdb11eba7f7acde48001122,chunk_submod_96,chunk,submod,0.0,0.0,0.0,0.0,1.0,0.5,78.0,0.5,0.0
05be9a0c0bde11eba7f7acde48001122,chunk_submod_96,chunk,submod,0.0,0.0,0.0,0.0,0.4324,0.5,74.0,0.5,0.0
091c13b20bdb11eba7f7acde48001122,chunk_submod_96,chunk,submod,0.0,0.0,0.0,0.0,0.3704,0.5,81.0,1.0,1.0
09b198a80bde11eba7f7acde48001122,chunk_submod_96,chunk,submod,0.0,0.0,0.0,0.0,0.4444,0.5,90.0,1.0,1.0
c827468a0bdd11eba7f7acde48001122,chunk_submod_96,chunk,submod,0.0,0.0,0.0,0.3333,0.0,0.0,77.0,0.5,0.0
70f54a060bb011ebab90acde48001122,chunk_submod_96,chunk,submod,0.0,0.0,1.0,1.0,0.7805,1.0,82.0,1.0,1.0
30e19d9008d611ebbd98ac1f6bf848b6,chunk_submod_96,chunk,submod,0.0,0.0,0.0,0.0,0.3011,0.5,93.0,1.0,1.0
43208df60bde11eba7f7acde48001122,chunk_submod_96,chunk,submod,0.0,0.0,0.0,0.0,0.0,0.0,96.0,0.5,0.0
5d0eadd80bde11eba7f7acde48001122,chunk_submod_96,chunk,submod,0.0,0.0,0.0,0.0,0.5684,0.5,95.0,1.0,1.0
9284e77d08f811ebbdaaac1f6bf848b6,chunk_submod_96,chunk,submod,0.0,0.0,1.0,1.0,0.4932,0.5,73.0,1.0,1.0
94eba4ce0bdc11eba7f7acde48001122,chunk_submod_96,chunk,submod,0.0,0.0,0.0,0.0,0.5444,0.5,90.0,0.5,0.0
29427eea0bdd11eba7f7acde48001122,chunk_submod_96,chunk,submod,0.0,0.0,0.0,0.0,0.425,0.5,80.0,1.0,1.0
62a9691e0bb011ebab90acde48001122,chunk_submod_96,chunk,submod,0.0,0.0,0.0,0.2,0.5385,0.5,91.0,1.0,1.0
cfc0d3e80bdd11eba7f7acde48001122,chunk_submod_96,chunk,submod,0.0,0.0,0.0,0.0,0.1875,0.5,96.0,1.0,1.0
76708e6a08b211ebbd85ac1f6bf848b6,chunk_submod_96,chunk,submod,0.0,0.0,0.0,0.0,0.4457,1.0,92.0,1.0,1.0
819dbb7a08d811ebbd9cac1f6bf848b6,chunk_submod_96,chunk,submod,0.0,0.0,1.0,1.0,0.4886,0.5,88.0,0.5,0.0
2fee043809b111ebbdb0ac1f6bf848b6,chunk_submod_96,chunk,submod,1.0,1.0,1.0,1.0,0.3438,1.0,96.0,1.0,1.0
39d43b7d08ae11ebbd83ac1f6bf848b6,chunk_submod_96,chunk,submod,1.0,1.0,1.0,1.0,0.75,0.5,96.0,0.5,0.0
aef6771208b311ebbd86ac1f6bf848b6,chunk_submod_96,chunk,submod,0.0,0.0,1.0,1.0,1.0,0.75,83.0,0.75,0.0
0cc33f200bdd11eba7f7acde48001122,chunk_submod_96,chunk,submod,0.0,0.0,0.0,0.3333,0.5591,0.5,93.0,0.5,0.0
8d1e4c000bdd11eba7f7acde48001122,chunk_submod_96,chunk,submod,0.0,0.0,0.0,0.0,0.3333,0.5,90.0,1.0,1.0
d61d3fd20bd911eba7f7acde48001122,chunk_submod_96,chunk,submod,0.0,0.0,0.0,0.5,0.2838,0.5,74.0,0.5,0.0
0db2574e0bde11eba7f7acde48001122,chunk_submod_96,chunk,submod,0.0,0.0,0.0,0.0,0.3958,0.5,96.0,0.5,0.0
48b1e7660bb011ebab90acde48001122,chunk_submod_96,chunk,submod,0.0,0.0,0.0,0.25,0.4828,0.5,87.0,1.0,1.0
004430780bde11eba7f7acde48001122,chunk_submod_96,chunk,submod,0.0,0.0,0.0,0.0,0.5579,0.5,95.0,1.0,1.0
fd4096540bd911eba7f7acde48001122,chunk_submod_96,chunk,submod,0.0,0.0,0.0,0.0,0.0,0.0,94.0,0.5,0.0
1e4d9f2008ff11ebbdadac1f6bf848b6,chunk_submod_96,chunk,submod,1.0,1.0,1.0,1.0,0.6292,1.0,89.0,1.0,1.0
0e161d6c084e11ebbd56ac1f6bf848b6,chunk_submod_96,chunk,submod,0.0,0.0,0.0,0.0,0.4839,0.5,93.0,0.5,0.0
fe41a8aa0bdd11eba7f7acde48001122,chunk_submod_96,chunk,submod,0.0,0.0,0.0,0.0,0.6932,0.5,88.0,0.5,0.0
db371cbb088011ebbd6dac1f6bf848b6,chunk_submod_96,chunk,submod,0.0,0.0,0.0,0.0,0.3667,1.0,90.0,1.0,1.0
505a04cc0baf11ebab90acde48001122,chunk_submod_96,chunk,submod,0.0,0.0,0.0,0.5,0.7105,0.5,76.0,0.5,0.0
5cd6974c0bdc11eba7f7acde48001122,chunk_submod_96,chunk,submod,0.0,0.0,0.0,0.0,1.0,0.5,75.0,0.5,0.0
c6fe0968091111ebbdadac1f6bf848b6,chunk_submod_96,chunk,submod,1.0,1.0,1.0,1.0,0.5618,1.0,89.0,1.0,1.0
aaaeeb220baf11ebab90acde48001122,chunk_submod_96,chunk,submod,0.0,0.0,0.0,0.25,0.0,0.0,79.0,0.5,0.0
5029152e085d11ebbd5cac1f6bf848b6,chunk_submod_96,chunk,submod,1.0,1.0,1.0,1.0,1.0,1.0,75.0,1.0,1.0
beaf107f089a11ebbd77ac1f6bf848b6,chunk_submod_96,chunk,submod,0.0,0.0,0.0,0.0,0.6479,1.0,71.0,1.0,1.0
0961bb2808c611ebbd90ac1f6bf848b6,chunk_submod_96,chunk,submod,0.0,0.0,0.0,0.0,0.1935,0.25,93.0,0.5,0.0
8854559c08b911ebbd88ac1f6bf848b6,chunk_submod_96,chunk,submod,1.0,1.0,1.0,1.0,0.3373,1.0,83.0,1.0,1.0
09c3e79c0bde11eba7f7acde48001122,chunk_submod_96,chunk,submod,0.0,0.0,0.0,0.0,0.3472,0.5,72.0,0.5,0.0
59603ef00bdd11eba7f7acde48001122,chunk_submod_96,chunk,submod,1.0,1.0,0.0,0.0,0.25,0.5,76.0,0.5,0.0
13c15658087311ebbd66ac1f6bf848b6,chunk_submod_96,chunk,submod,1.0,1.0,1.0,1.0,0.5075,0.25,67.0,0.75,0.0
3de5f3d60bdd11eba7f7acde48001122,chunk_submod_96,chunk,submod,0.0,0.0,0.0,0.0,0.3372,0.5,86.0,0.5,0.0
08ceb92e0bda11eba7f7acde48001122,chunk_submod_96,chunk,submod,0.0,0.0,0.0,0.0,0.4574,0.5,94.0,0.5,0.0
1b053aca0bdd11eba7f7acde48001122,chunk_submod_96,chunk,submod,0.0,0.0,0.0,0.0,0.375,0.5,72.0,0.5,0.0
dfee66b608c911ebbd92ac1f6bf848b6,chunk_submod_96,chunk,submod,0.0,0.0,0.0,0.0,0.378,0.5,82.0,1.0,1.0
23ae34720bda11eba7f7acde48001122,chunk_submod_96,chunk,submod,0.0,0.0,0.0,0.0,0.0,0.0,73.0,0.5,0.0
91f8aeb508b811ebbd88ac1f6bf848b6,chunk_submod_96,chunk,submod,0.0,0.0,1.0,1.0,0.8659,0.5,82.0,0.5,0.0
84b2e1e708ce11ebbd94ac1f6bf848b6,chunk_submod_96,chunk,submod,0.0,0.0,1.0,1.0,1.0,1.0,88.0,1.0,1.0
9c1de1cf08b111ebbd85ac1f6bf848b6,chunk_submod_96,chunk,submod,0.0,0.0,1.0,1.0,0.5,0.5,78.0,1.0,1.0
4bc286620bde11eba7f7acde48001122,chunk_submod_96,chunk,submod,0.0,0.0,0.0,0.0,0.6061,0.5,66.0,1.0,1.0
b4f63414088511ebbd6dac1f6bf848b6,chunk_submod_96,chunk,submod,0.0,0.0,0.0,0.0,0.275,0.5,80.0,1.0,1.0
5cc7e4f20bd911eba7f7acde48001122,chunk_submod_96,chunk,submod,0.0,0.0,0.0,0.0,0.3765,0.5,85.0,0.5,0.0
7d8986360bda11eba7f7acde48001122,chunk_submod_96,chunk,submod,0.0,0.0,0.0,0.0,0.6562,0.5,64.0,0.5,0.0
d3493f98086611ebbd5eac1f6bf848b6,chunk_submod_96,chunk,submod,0.0,0.0,0.0,0.5,0.1795,0.5,78.0,1.0,1.0
29306dfc0bda11eba7f7acde48001122,chunk_submod_96,chunk,submod,0.0,0.0,0.0,0.0,0.5493,0.5,71.0,0.5,0.0
d105363b086e11ebbd62ac1f6bf848b6,chunk_submod_96,chunk,submod,1.0,1.0,1.0,1.0,0.4545,1.0,88.0,1.0,1.0
350112e4085b11ebbd5cac1f6bf848b6,chunk_submod_96,chunk,submod,0.0,0.0,0.0,0.0,0.4531,0.25,64.0,0.5,0.0
27e926ca0bb011ebab90acde48001122,chunk_submod_96,chunk,submod,0.0,0.0,0.0,0.0,0.814,0.5,86.0,0.5,0.0
650ee40e0bdd11eba7f7acde48001122,chunk_submod_96,chunk,submod,0.0,0.0,0.0,0.0,0.6375,0.5,80.0,0.5,0.0
43765d20087411ebbd67ac1f6bf848b6,chunk_submod_96,chunk,submod,0.0,0.0,0.0,0.0,0.2987,0.25,77.0,0.5,0.0
ab5beae00bda11eba7f7acde48001122,chunk_submod_96,chunk,submod,0.0,0.0,0.0,0.0,0.3671,0.5,79.0,0.5,0.0
95c505f4097f11ebbdb0ac1f6bf848b6,chunk_submod_96,chunk,submod,0.0,0.0,1.0,1.0,0.2581,0.5,93.0,1.0,1.0
fb9a9b0c089011ebbd72ac1f6bf848b6,chunk_submod_96,chunk,submod,0.0,0.0,1.0,1.0,0.3778,0.5,90.0,1.0,1.0
d4708a220bd911eba7f7acde48001122,chunk_submod_96,chunk,submod,0.0,0.0,0.0,0.0,0.2979,0.5,94.0,0.5,0.0
b2a1b19e096e11ebbdb0ac1f6bf848b6,chunk_submod_96,chunk,submod,0.0,0.0,0.0,0.0,0.7414,0.5,58.0,1.0,1.0
0c3675d40bda11eba7f7acde48001122,chunk_submod_96,chunk,submod,0.0,0.0,0.0,0.0,0.0,0.0,73.0,0.5,0.0
19cae67d097711ebbdb0ac1f6bf848b6,chunk_submod_96,chunk,submod,1.0,1.0,1.0,1.0,0.5978,1.0,92.0,1.0,1.0
7257a60608cb11ebbd92ac1f6bf848b6,chunk_submod_96,chunk,submod,0.0,0.0,1.0,1.0,1.0,0.5,79.0,0.5,0.0
3f1b7d3b086c11ebbd61ac1f6bf848b6,chunk_submod_96,chunk,submod,0.0,0.0,0.0,0.0,0.7209,0.5,86.0,0.75,0.0
8d8c678b085911ebbd5bac1f6bf848b6,chunk_submod_96,chunk,submod,1.0,1.0,1.0,1.0,0.6421,0.5,95.0,0.5,0.0
e5bc717c0bdb11eba7f7acde48001122,chunk_submod_96,chunk,submod,0.0,0.0,0.0,0.0,0.4945,1.0,91.0,1.0,1.0
57dabdf1091c11ebbdaeac1f6bf848b6,chunk_submod_96,chunk,submod,0.0,0.0,0.0,0.0,0.3167,0.5,60.0,1.0,1.0
60bb44320bd911eba7f7acde48001122,chunk_submod_96,chunk,submod,0.0,0.0,0.0,0.5,0.2947,0.5,95.0,1.0,1.0
d428aedc08a011ebbd78ac1f6bf848b6,chunk_submod_96,chunk,submod,1.0,1.0,1.0,1.0,0.5955,0.5,89.0,0.5,0.0
4ef0d0c80bde11eba7f7acde48001122,chunk_submod_96,chunk,submod,0.0,0.0,0.0,0.0,0.2967,0.5,91.0,1.0,1.0
1ebbc9b20bde11eba7f7acde48001122,chunk_submod_96,chunk,submod,0.0,0.0,0.0,0.0,0.0,0.0,94.0,0.5,0.0
958dc314091911ebbdaeac1f6bf848b6,chunk_submod_96,chunk,submod,0.0,0.0,0.0,0.0,0.6585,1.0,82.0,1.0,1.0
3e75a2b908bf11ebbd8aac1f6bf848b6,chunk_submod_96,chunk,submod,1.0,1.0,1.0,1.0,0.8784,1.0,74.0,1.0,1.0
c3f2f69a094411ebbdaeac1f6bf848b6,chunk_submod_96,chunk,submod,0.0,0.0,0.0,0.6667,0.8481,1.0,79.0,1.0,1.0
66eefd9e0bde11eba7f7acde48001122,chunk_submod_96,chunk,submod,0.0,0.0,0.0,0.0,0.2838,0.5,74.0,0.5,0.0
658f9a300bd911eba7f7acde48001122,chunk_submod_96,chunk,submod,0.0,0.0,0.0,0.0,0.3263,0.5,95.0,0.5,0.0
5ff9cc8c0baf11ebab90acde48001122,chunk_submod_96,chunk,submod,0.0,0.0,0.0,0.8,0.5811,1.0,74.0,1.0,1.0
cc19962c0bdc11eba7f7acde48001122,chunk_submod_96,chunk,submod,0.0,0.0,0.0,0.0,0.3704,0.5,81.0,0.5,0.0
774fa4e20bdc11eba7f7acde48001122,chunk_submod_96,chunk,submod,0.0,0.0,0.0,0.3333,0.0,0.0,95.0,1.0,1.0
284e2815085811ebbd5aac1f6bf848b6,chunk_submod_96,chunk,submod,1.0,1.0,1.0,1.0,0.8352,0.5,91.0,0.5,0.0
5cd23bea0bda11eba7f7acde48001122,chunk_submod_96,chunk,submod,0.0,0.0,0.0,0.0,0.0,0.0,87.0,0.5,0.0
b9687149089811ebbd77ac1f6bf848b6,chunk_submod_96,chunk,submod,0.0,0.0,0.0,0.0,0.1944,0.25,72.0,0.25,0.0
318ebd55087f11ebbd6bac1f6bf848b6,chunk_submod_96,chunk,submod,0.0,0.0,1.0,1.0,0.6585,0.5,82.0,0.5,0.0
60814b660bb011ebab90acde48001122,chunk_submod_96,chunk,submod,0.0,0.0,0.0,0.3333,0.4103,0.5,78.0,0.5,0.0
6c7f03240bdb11eba7f7acde48001122,chunk_submod_96,chunk,submod,0.0,0.0,0.0,0.0,0.4247,0.5,73.0,0.5,0.0
b68527e40bdd11eba7f7acde48001122,chunk_submod_96,chunk,submod,0.0,0.0,0.0,0.0,0.5529,0.5,85.0,0.5,0.0
eb9a4b7c0bdc11eba7f7acde48001122,chunk_submod_96,chunk,submod,0.0,0.0,0.0,0.0,0.6092,1.0,87.0,1.0,1.0
63ccce2308cb11ebbd92ac1f6bf848b6,chunk_submod_96,chunk,submod,1.0,1.0,0.0,0.5,0.7941,1.0,68.0,1.0,1.0
4a6714f608d011ebbd95ac1f6bf848b6,chunk_submod_96,chunk,submod,0.0,0.0,1.0,1.0,0.4516,0.25,93.0,0.5,0.0
251db78c0bdb11eba7f7acde48001122,chunk_submod_96,chunk,submod,0.0,0.0,0.0,0.0,0.3895,0.5,95.0,0.5,0.0
cc6b0e9e084e11ebbd56ac1f6bf848b6,chunk_submod_96,chunk,submod,1.0,1.0,1.0,1.0,0.7292,0.5,96.0,0.75,0.0
b16d1ab40bdd11eba7f7acde48001122,chunk_submod_96,chunk,submod,0.0,0.0,0.0,0.0,0.6489,1.0,94.0,1.0,1.0
e171d29a0bdd11eba7f7acde48001122,chunk_submod_96,chunk,submod,0.0,0.0,0.0,0.3333,0.4737,0.5,95.0,0.5,0.0
901658be084d11ebbd56ac1f6bf848b6,chunk_submod_96,chunk,submod,1.0,1.0,1.0,1.0,0.6364,0.5,88.0,0.75,0.0
042bf49e0bdb11eba7f7acde48001122,chunk_submod_96,chunk,submod,0.0,0.0,0.0,0.0,0.2195,0.5,82.0,0.5,0.0
4d559f400bda11eba7f7acde48001122,chunk_submod_96,chunk,submod,0.0,0.0,0.0,0.5,0.28,0.5,75.0,0.5,0.0
0d232356091511ebbdadac1f6bf848b6,chunk_submod_96,chunk,submod,0.0,0.0,0.0,0.0,0.4725,0.5,91.0,1.0,1.0
1ed79b0a087411ebbd67ac1f6bf848b6,chunk_submod_96,chunk,submod,0.0,0.0,0.0,0.5,0.0,0.0,78.0,1.0,1.0
f21ab6980bdd11eba7f7acde48001122,chunk_submod_96,chunk,submod,0.0,0.0,0.0,0.0,0.3474,0.5,95.0,0.5,0.0
1c593ac008ae11ebbd83ac1f6bf848b6,chunk_submod_96,chunk,submod,0.0,0.0,0.0,0.0,0.359,0.25,78.0,0.5,0.0
eb18a27a0baf11ebab90acde48001122,chunk_submod_96,chunk,submod,0.0,0.0,0.0,0.5,0.2824,0.5,85.0,0.5,0.0
bedf588e0baf11ebab90acde48001122,chunk_submod_96,chunk,submod,0.0,0.0,0.0,0.0,0.4932,0.5,73.0,0.5,0.0
fffc59fc088f11ebbd72ac1f6bf848b6,chunk_submod_96,chunk,submod,0.0,0.0,1.0,1.0,0.7326,0.5,86.0,0.5,0.0
e2cadf420bdd11eba7f7acde48001122,chunk_submod_96,chunk,submod,0.0,0.0,1.0,1.0,0.7474,1.0,95.0,1.0,1.0
337c710c08b511ebbd88ac1f6bf848b6,chunk_submod_96,chunk,submod,0.0,0.0,1.0,1.0,0.525,0.5,80.0,1.0,1.0
62df628e0bde11eba7f7acde48001122,chunk_submod_96,chunk,submod,0.0,0.0,0.0,0.0,0.0,0.0,80.0,1.0,1.0
a1f532760bdb11eba7f7acde48001122,chunk_submod_96,chunk,submod,0.0,0.0,1.0,1.0,1.0,1.0,91.0,1.0,1.0
5dea5497089b11ebbd78ac1f6bf848b6,chunk_submod_96,chunk,submod,1.0,1.0,1.0,1.0,0.1333,0.25,90.0,0.25,0.0
c6d520840bda11eba7f7acde48001122,chunk_submod_96,chunk,submod,0.0,0.0,1.0,1.0,0.5256,1.0,78.0,1.0,1.0
66c00bf60bde11eba7f7acde48001122,chunk_submod_96,chunk,submod,0.0,0.0,0.0,0.0,0.5789,0.5,95.0,0.5,0.0
95ab4cac0bdc11eba7f7acde48001122,chunk_submod_96,chunk,submod,0.0,0.0,1.0,1.0,0.2588,0.5,85.0,1.0,1.0
27b8af06088e11ebbd70ac1f6bf848b6,chunk_submod_96,chunk,submod,0.0,0.0,0.0,0.0,0.4301,0.25,93.0,0.75,0.0
50f1350208af11ebbd83ac1f6bf848b6,chunk_submod_96,chunk,submod,0.0,0.0,0.0,0.0,0.3778,0.25,90.0,0.5,0.0
68a60785087511ebbd67ac1f6bf848b6,chunk_submod_96,chunk,submod,0.0,0.0,0.0,0.8333,0.2353,0.5,68.0,1.0,1.0
9e68b794091311ebbdadac1f6bf848b6,chunk_submod_96,chunk,submod,0.0,0.0,0.0,0.0,0.5778,0.5,90.0,1.0,1.0
d922570808dc11ebbd9dac1f6bf848b6,chunk_submod_96,chunk,submod,0.0,0.0,0.0,0.0,0.4231,0.5,78.0,1.0,1.0
fd5a8ea0086711ebbd5eac1f6bf848b6,chunk_submod_96,chunk,submod,1.0,1.0,1.0,1.0,0.6344,1.0,93.0,1.0,1.0
dff7c3b60bdd11eba7f7acde48001122,chunk_submod_96,chunk,submod,1.0,1.0,0.0,0.0,0.3404,0.5,94.0,0.5,0.0
75c64fb00bda11eba7f7acde48001122,chunk_submod_96,chunk,submod,0.0,0.0,0.0,0.3333,0.284,0.5,81.0,0.5,0.0
43acd28e0bde11eba7f7acde48001122,chunk_submod_96,chunk,submod,0.0,0.0,0.0,0.0,0.4872,0.5,78.0,0.5,0.0
86afde360bda11eba7f7acde48001122,chunk_submod_96,chunk,submod,0.0,0.0,0.0,0.0,0.1368,0.5,95.0,0.5,0.0
2a7d95fc0bdc11eba7f7acde48001122,chunk_submod_96,chunk,submod,0.0,0.0,0.0,0.0,0.3333,0.5,84.0,0.5,0.0
7de481100baf11ebab90acde48001122,chunk_submod_96,chunk,submod,0.0,0.0,0.0,0.0,0.5556,0.5,63.0,0.5,0.0
d8df66240bdd11eba7f7acde48001122,chunk_submod_96,chunk,submod,0.0,0.0,0.0,0.1667,1.0,1.0,91.0,1.0,1.0
2e925d6a0bde11eba7f7acde48001122,chunk_submod_96,chunk,submod,0.0,0.0,0.0,0.0,0.5233,0.5,86.0,1.0,1.0
4b879bd6087a11ebbd67ac1f6bf848b6,chunk_submod_96,chunk,submod,1.0,1.0,1.0,1.0,0.7,0.5,90.0,0.5,0.0
eb30f33c086611ebbd5eac1f6bf848b6,chunk_submod_96,chunk,submod,0.0,0.0,0.0,0.0,0.4625,0.5,80.0,1.0,1.0
59f0b4d608b211ebbd85ac1f6bf848b6,chunk_submod_96,chunk,submod,1.0,1.0,1.0,1.0,0.7826,1.0,92.0,1.0,1.0
ef48a3720baf11ebab90acde48001122,chunk_submod_96,chunk,submod,0.0,0.0,0.0,0.75,0.4,0.5,95.0,0.5,0.0
39c32aa2086411ebbd5eac1f6bf848b6,chunk_submod_96,chunk,submod,0.0,0.0,1.0,1.0,0.6429,1.0,84.0,1.0,1.0
4b11ef0808cf11ebbd95ac1f6bf848b6,chunk_submod_96,chunk,submod,0.0,0.0,1.0,1.0,0.7821,0.5,78.0,0.5,0.0
354ab1c408e211ebbda3ac1f6bf848b6,chunk_submod_96,chunk,submod,1.0,1.0,1.0,1.0,0.6489,0.5,94.0,0.5,0.0
4293552c0bb011ebab90acde48001122,chunk_submod_96,chunk,submod,0.0,0.0,0.0,0.3333,0.3258,0.5,89.0,1.0,1.0
2a234d2d089911ebbd77ac1f6bf848b6,chunk_submod_96,chunk,submod,0.0,0.0,1.0,1.0,0.3068,0.5,88.0,1.0,1.0
565785740bb011ebab90acde48001122,chunk_submod_96,chunk,submod,0.0,0.0,0.0,0.0,0.0,0.0,88.0,0.5,0.0
511af4e80baf11ebab90acde48001122,chunk_submod_96,chunk,submod,0.0,0.0,0.0,0.6,0.0,0.0,94.0,0.5,0.0
227adf2c086c11ebbd60ac1f6bf848b6,chunk_submod_96,chunk,submod,1.0,1.0,1.0,1.0,0.7317,0.5,82.0,0.5,0.0
bac99ab40bd911eba7f7acde48001122,chunk_submod_96,chunk,submod,0.0,0.0,0.0,0.25,0.25,0.5,72.0,0.5,0.0
c001b9b40bdc11eba7f7acde48001122,chunk_submod_96,chunk,submod,0.0,0.0,0.0,0.0,0.0,0.0,95.0,0.5,0.0
c31b2d920bdc11eba7f7acde48001122,chunk_submod_96,chunk,submod,0.0,0.0,0.0,0.0,0.2297,0.5,74.0,0.5,0.0
13288e3a090b11ebbdadac1f6bf848b6,chunk_submod_96,chunk,submod,0.0,0.0,1.0,1.0,0.0,0.0,65.0,0.5,0.0
f62ae4f9096911ebbdafac1f6bf848b6,chunk_submod_96,chunk,submod,1.0,1.0,1.0,1.0,0.6667,1.0,69.0,1.0,1.0
4bb64b540bde11eba7f7acde48001122,chunk_submod_96,chunk,submod,0.0,0.0,0.0,0.25,0.7,0.5,70.0,0.5,0.0
4facc3320bd911eba7f7acde48001122,chunk_submod_96,chunk,submod,0.0,0.0,0.0,0.5,0.5119,0.5,84.0,0.5,0.0
af07336e0bdc11eba7f7acde48001122,chunk_submod_96,chunk,submod,0.0,0.0,0.0,0.0,0.3158,0.5,76.0,0.5,0.0
06ceba5e0bb011ebab90acde48001122,chunk_submod_96,chunk,submod,0.0,0.0,0.0,0.6667,0.6027,0.5,73.0,0.5,0.0
5a7f3e9d08e711ebbda6ac1f6bf848b6,chunk_submod_96,chunk,submod,0.0,0.0,0.0,0.0,0.1944,0.5,72.0,1.0,1.0
eee1f0af085911ebbd5bac1f6bf848b6,chunk_submod_96,chunk,submod,0.0,0.0,1.0,1.0,0.7222,1.0,90.0,1.0,1.0
7019886b093511ebbdaeac1f6bf848b6,chunk_submod_96,chunk,submod,0.0,0.0,0.0,0.75,0.2421,0.5,95.0,1.0,1.0
8326634a08a111ebbd79ac1f6bf848b6,chunk_submod_96,chunk,submod,0.0,0.0,0.0,0.0,0.8511,1.0,94.0,1.0,1.0
c74ed73b088d11ebbd70ac1f6bf848b6,chunk_submod_96,chunk,submod,1.0,1.0,1.0,1.0,0.8462,0.5,91.0,0.5,0.0
2f3c0934087b11ebbd67ac1f6bf848b6,chunk_submod_96,chunk,submod,0.0,0.0,0.0,0.0,0.7553,0.5,94.0,0.5,0.0
0ccfc77808c611ebbd90ac1f6bf848b6,chunk_submod_96,chunk,submod,0.0,0.0,1.0,1.0,0.5747,0.5,87.0,0.5,0.0
5136616008b211ebbd85ac1f6bf848b6,chunk_submod_96,chunk,submod,0.0,0.0,0.0,0.3333,0.7568,0.25,74.0,0.5,0.0
afcff22e0bda11eba7f7acde48001122,chunk_submod_96,chunk,submod,0.0,0.0,0.0,0.0,0.7419,0.5,93.0,0.5,0.0
986625bc0bdb11eba7f7acde48001122,chunk_submod_96,chunk,submod,0.0,0.0,0.0,0.0,0.0,0.0,94.0,0.5,0.0
290458a20bda11eba7f7acde48001122,chunk_submod_96,chunk,submod,0.0,0.0,0.0,0.0,0.0,0.0,75.0,0.5,0.0
7eeba090088d11ebbd70ac1f6bf848b6,chunk_submod_96,chunk,submod,1.0,1.0,1.0,1.0,0.2947,1.0,95.0,1.0,1.0
56c3a6c20bd911eba7f7acde48001122,chunk_submod_96,chunk,submod,0.0,0.0,0.0,0.0,0.3804,0.5,92.0,1.0,1.0
0d118fb00bdb11eba7f7acde48001122,chunk_submod_96,chunk,submod,0.0,0.0,0.0,0.0,0.7027,0.5,74.0,0.5,0.0
07fce4900bde11eba7f7acde48001122,chunk_submod_96,chunk,submod,1.0,1.0,0.0,0.0,0.5158,0.5,95.0,0.5,0.0
9ff14fea0baf11ebab90acde48001122,chunk_submod_96,chunk,submod,0.0,0.0,0.0,0.0,0.2824,0.5,85.0,0.5,0.0
955ddc6a0bdc11eba7f7acde48001122,chunk_submod_96,chunk,submod,0.0,0.0,0.0,0.0,0.2759,0.5,87.0,0.5,0.0
50b9582c0bb011ebab90acde48001122,chunk_submod_96,chunk,submod,1.0,1.0,1.0,1.0,0.6111,1.0,90.0,1.0,1.0
1b7752be0bdc11eba7f7acde48001122,chunk_submod_96,chunk,submod,0.0,0.0,0.0,0.0,0.0,0.0,70.0,0.5,0.0
f31d38460bdc11eba7f7acde48001122,chunk_submod_96,chunk,submod,0.0,0.0,1.0,1.0,0.4125,0.5,80.0,1.0,1.0
dd01c8180bd911eba7f7acde48001122,chunk_submod_96,chunk,submod,0.0,0.0,0.0,0.0,0.2532,0.5,79.0,1.0,1.0
afc6b59708b611ebbd88ac1f6bf848b6,chunk_submod_96,chunk,submod,1.0,1.0,1.0,1.0,1.0,0.5,92.0,0.5,0.0
df66ea220bdc11eba7f7acde48001122,chunk_submod_96,chunk,submod,0.0,0.0,0.0,0.0,0.7931,1.0,87.0,1.0,1.0
a84ba2780bda11eba7f7acde48001122,chunk_submod_96,chunk,submod,0.0,0.0,0.0,0.0,0.0,0.0,90.0,0.0,0.0
c418fa2408e811ebbda6ac1f6bf848b6,chunk_submod_96,chunk,submod,1.0,1.0,0.0,0.6667,0.383,0.5,94.0,0.5,0.0
96beb0b3086111ebbd5dac1f6bf848b6,chunk_submod_96,chunk,submod,0.0,0.0,0.0,0.0,0.6143,1.0,70.0,1.0,1.0
74b171780bde11eba7f7acde48001122,chunk_submod_96,chunk,submod,0.0,0.0,0.0,0.0,0.2674,0.5,86.0,0.5,0.0
8930ad3c0bdc11eba7f7acde48001122,chunk_submod_96,chunk,submod,0.0,0.0,0.0,0.0,0.4659,0.5,88.0,0.5,0.0
51a08d5308ac11ebbd82ac1f6bf848b6,chunk_submod_96,chunk,submod,1.0,1.0,1.0,1.0,0.3404,0.5,94.0,1.0,1.0
b4254d4c0bda11eba7f7acde48001122,chunk_submod_96,chunk,submod,0.0,0.0,0.0,0.0,0.5366,0.5,82.0,0.5,0.0
f77f95da0bd911eba7f7acde48001122,chunk_submod_96,chunk,submod,0.0,0.0,0.0,0.0,0.2211,0.5,95.0,0.5,0.0
3581ccec0bdd11eba7f7acde48001122,chunk_submod_96,chunk,submod,0.0,0.0,0.0,0.0,0.0,0.0,81.0,0.0,0.0
20058aec0bde11eba7f7acde48001122,chunk_submod_96,chunk,submod,0.0,0.0,0.0,0.0,0.4375,0.5,96.0,1.0,1.0
f4a66ac60bae11ebab90acde48001122,chunk_submod_96,chunk,submod,0.0,0.0,0.0,0.3333,0.4074,0.5,81.0,0.5,0.0
001ad110086911ebbd5eac1f6bf848b6,chunk_submod_96,chunk,submod,0.0,0.0,0.0,0.0,0.0,0.0,90.0,0.5,0.0
b3c4b3a80bdd11eba7f7acde48001122,chunk_submod_96,chunk,submod,0.0,0.0,0.0,0.0,0.6197,0.5,71.0,0.5,0.0
38fdf5420bda11eba7f7acde48001122,chunk_submod_96,chunk,submod,0.0,0.0,0.0,0.0,0.3596,0.5,89.0,0.5,0.0
6a53eb53089b11ebbd78ac1f6bf848b6,chunk_submod_96,chunk,submod,0.0,0.0,1.0,1.0,1.0,1.0,63.0,1.0,1.0
4c319d400bde11eba7f7acde48001122,chunk_submod_96,chunk,submod,0.0,0.0,0.0,0.0,0.0,0.0,85.0,1.0,1.0
998f8786089711ebbd77ac1f6bf848b6,chunk_submod_96,chunk,submod,1.0,1.0,1.0,1.0,0.7412,0.5,85.0,0.5,0.0
0b78b1e9087411ebbd67ac1f6bf848b6,chunk_submod_96,chunk,submod,0.0,0.0,0.0,0.0,0.44,0.5,75.0,1.0,1.0
632fcc82085611ebbd59ac1f6bf848b6,chunk_submod_96,chunk,submod,0.0,0.0,1.0,1.0,0.4494,1.0,89.0,1.0,1.0
272062fc088c11ebbd6fac1f6bf848b6,chunk_submod_96,chunk,submod,1.0,1.0,0.0,0.0,0.0,0.0,94.0,0.25,0.0
241a9d0c0bde11eba7f7acde48001122,chunk_submod_96,chunk,submod,0.0,0.0,0.0,0.0,0.0,0.0,94.0,0.5,0.0
c6c492e008bb11ebbd88ac1f6bf848b6,chunk_submod_96,chunk,submod,1.0,1.0,1.0,1.0,0.5897,1.0,78.0,1.0,1.0
b67ef6380bda11eba7f7acde48001122,chunk_submod_96,chunk,submod,0.0,0.0,0.0,0.0,0.0,0.0,89.0,0.5,0.0
4a3edf720bdc11eba7f7acde48001122,chunk_submod_96,chunk,submod,0.0,0.3333,0.0,0.3333,0.2286,0.5,70.0,0.5,0.0
b21084c2097c11ebbdb0ac1f6bf848b6,chunk_submod_96,chunk,submod,1.0,1.0,1.0,1.0,1.0,1.0,93.0,1.0,1.0
f5c9a3f2086111ebbd5dac1f6bf848b6,chunk_submod_96,chunk,submod,0.0,0.0,1.0,1.0,0.8267,1.0,75.0,1.0,1.0
1a344858086711ebbd5eac1f6bf848b6,chunk_submod_96,chunk,submod,1.0,1.0,1.0,1.0,0.6632,0.5,95.0,0.5,0.0
dac1f66e0bdd11eba7f7acde48001122,chunk_submod_96,chunk,submod,0.0,0.0,0.0,0.0,0.413,0.5,92.0,1.0,1.0
141636ac0bdc11eba7f7acde48001122,chunk_submod_96,chunk,submod,0.0,0.0,0.0,0.0,1.0,1.0,87.0,1.0,1.0
48b07de00bb011ebab90acde48001122,chunk_submod_96,chunk,submod,0.0,0.0,0.0,0.7143,0.4348,0.5,69.0,1.0,1.0
ad193b1808b411ebbd88ac1f6bf848b6,ace_focused_96,ace,focused,1.0,1.0,1.0,1.0,0.5698,0.5,86.0,0.5,0.0
5b168cd8089811ebbd77ac1f6bf848b6,ace_focused_96,ace,focused,1.0,1.0,1.0,1.0,1.0,1.0,74.0,1.0,1.0
b23a2b360baf11ebab90acde48001122,ace_focused_96,ace,focused,0.0,0.2,0.0,0.6,0.4725,0.5,91.0,1.0,1.0
c5ffa16a0bdb11eba7f7acde48001122,ace_focused_96,ace,focused,0.0,0.0,0.0,0.0,0.4062,0.5,96.0,0.5,0.0
eb3ff1900baf11ebab90acde48001122,ace_focused_96,ace,focused,0.0,0.0,0.0,0.8,0.7283,1.0,92.0,1.0,1.0
59a16ade0baf11ebab90acde48001122,ace_focused_96,ace,focused,0.0,0.0,0.0,0.0,1.0,0.5,77.0,0.5,0.0
5c9ef1d80bdd11eba7f7acde48001122,ace_focused_96,ace,focused,0.0,0.0,0.0,0.0,0.5955,0.5,89.0,0.5,0.0
a537c442086d11ebbd62ac1f6bf848b6,ace_focused_96,ace,focused,0.0,0.0,1.0,1.0,0.775,0.5,80.0,0.5,0.0
01588f7208be11ebbd8aac1f6bf848b6,ace_focused_96,ace,focused,1.0,1.0,1.0,1.0,1.0,0.5,78.0,0.5,0.0
6b55ac320bdb11eba7f7acde48001122,ace_focused_96,ace,focused,0.0,0.0,0.0,0.0,0.6977,0.5,86.0,1.0,1.0
fde95590089c11ebbd78ac1f6bf848b6,ace_focused_96,ace,focused,0.0,0.0,0.0,0.0,0.4946,0.5,93.0,1.0,1.0
1f8a41b60bde11eba7f7acde48001122,ace_focused_96,ace,focused,0.0,0.0,0.0,0.0,0.3596,0.5,89.0,0.5,0.0
50008e080bda11eba7f7acde48001122,ace_focused_96,ace,focused,0.0,0.0,0.0,0.0,0.4405,0.5,84.0,0.5,0.0
9f62be2008ac11ebbd83ac1f6bf848b6,ace_focused_96,ace,focused,0.0,0.0,0.0,0.0,0.6429,0.5,84.0,1.0,1.0
6bb800f00bde11eba7f7acde48001122,ace_focused_96,ace,focused,0.0,0.0,0.0,0.0,0.4946,0.5,93.0,1.0,1.0
1822cbb4089111ebbd72ac1f6bf848b6,ace_focused_96,ace,focused,1.0,1.0,1.0,1.0,0.5579,0.5,95.0,0.5,0.0
87154f1e0bda11eba7f7acde48001122,ace_focused_96,ace,focused,0.0,0.0,0.0,0.0,0.3261,0.5,92.0,0.5,0.0
709430f20bda11eba7f7acde48001122,ace_focused_96,ace,focused,0.0,0.0,0.0,0.0,0.4615,1.0,91.0,1.0,1.0
1aecfdf608a011ebbd78ac1f6bf848b6,ace_focused_96,ace,focused,1.0,1.0,0.0,0.6667,0.5543,0.5,92.0,1.0,1.0
03d68971096e11ebbdb0ac1f6bf848b6,ace_focused_96,ace,focused,0.0,0.0,0.0,0.0,0.7053,1.0,95.0,1.0,1.0
8a6eec600bda11eba7f7acde48001122,ace_focused_96,ace,focused,0.0,0.0,0.0,0.0,0.6067,0.5,89.0,0.5,0.0
3497795008bb11ebbd88ac1f6bf848b6,ace_focused_96,ace,focused,0.0,0.0,0.0,0.3333,0.5208,0.25,96.0,0.75,0.0
305e54500bde11eba7f7acde48001122,ace_focused_96,ace,focused,0.0,0.0,0.0,0.0,0.6522,0.5,69.0,0.5,0.0
6aa8edb5086411ebbd5eac1f6bf848b6,ace_focused_96,ace,focused,1.0,1.0,1.0,1.0,0.8958,1.0,96.0,1.0,1.0
4a8d58f0085811ebbd5aac1f6bf848b6,ace_focused_96,ace,focused,1.0,1.0,0.0,0.0,0.5699,0.25,93.0,0.75,0.0
00ce250d095f11ebbdafac1f6bf848b6,ace_focused_96,ace,focused,0.0,0.0,0.0,0.0,0.3636,0.5,77.0,1.0,1.0
c6128932093b11ebbdaeac1f6bf848b6,ace_focused_96,ace,focused,1.0,1.0,1.0,1.0,0.3077,0.5,91.0,1.0,1.0
d6c5f2680bdd11eba7f7acde48001122,ace_focused_96,ace,focused,0.0,0.0,0.0,0.0,0.0667,0.5,90.0,0.5,0.0
07626317086e11ebbd62ac1f6bf848b6,ace_focused_96,ace,focused,0.0,0.0,1.0,1.0,0.6737,0.25,95.0,0.5,0.0
61f9bff8089711ebbd77ac1f6bf848b6,ace_focused_96,ace,focused,1.0,1.0,0.0,0.6667,0.4271,0.25,96.0,0.5,0.0
c3e1ad9e090d11ebbdadac1f6bf848b6,ace_focused_96,ace,focused,0.0,0.0,1.0,1.0,1.0,1.0,72.0,1.0,1.0
093fcf360bdc11eba7f7acde48001122,ace_focused_96,ace,focused,0.0,0.0,0.0,0.0,0.2875,0.5,80.0,0.5,0.0
6a419ba2087611ebbd67ac1f6bf848b6,ace_focused_96,ace,focused,1.0,1.0,1.0,1.0,0.6265,0.5,83.0,0.5,0.0
9bd0c7e60bdd11eba7f7acde48001122,ace_focused_96,ace,focused,0.0,0.0,0.0,0.0,0.0,0.0,92.0,0.5,0.0
fdbb770408da11ebbd9cac1f6bf848b6,ace_focused_96,ace,focused,0.0,0.0,0.0,0.0,0.2892,0.25,83.0,0.5,0.0
3cc74fb60bda11eba7f7acde48001122,ace_focused_96,ace,focused,0.0,0.0,0.0,0.0,0.7391,0.5,92.0,0.5,0.0
234c4f060bde11eba7f7acde48001122,ace_focused_96,ace,focused,0.0,0.0,0.0,0.0,0.475,0.5,80.0,1.0,1.0
c807422a0bda11eba7f7acde48001122,ace_focused_96,ace,focused,0.0,0.0,0.0,0.0,0.2609,0.5,92.0,0.5,0.0
77119398087411ebbd67ac1f6bf848b6,ace_focused_96,ace,focused,1.0,1.0,1.0,1.0,0.4286,0.5,91.0,1.0,1.0
922587b80bdd11eba7f7acde48001122,ace_focused_96,ace,focused,1.0,1.0,1.0,1.0,0.4878,0.5,82.0,0.5,0.0
7de9188c088b11ebbd6fac1f6bf848b6,ace_focused_96,ace,focused,0.0,0.5714,0.0,0.5,0.3659,0.5,82.0,0.5,0.0
ba3380fe0bdb11eba7f7acde48001122,ace_focused_96,ace,focused,0.0,0.0,0.0,0.25,0.0,0.0,85.0,0.5,0.0
710d0e740bde11eba7f7acde48001122,ace_focused_96,ace,focused,0.0,0.0,0.0,0.0,0.5208,0.5,96.0,0.5,0.0
562aab540baf11ebab90acde48001122,ace_focused_96,ace,focused,0.0,0.0,0.0,0.2,0.6145,0.5,83.0,0.5,0.0
9ab545800bdd11eba7f7acde48001122,ace_focused_96,ace,focused,0.0,0.0,0.0,0.0,0.4494,0.5,89.0,0.5,0.0
61456758085411ebbd59ac1f6bf848b6,ace_focused_96,ace,focused,1.0,1.0,1.0,1.0,0.473,0.25,74.0,0.75,0.0
26f25e9d089c11ebbd78ac1f6bf848b6,ace_focused_96,ace,focused,1.0,1.0,1.0,1.0,0.7791,1.0,86.0,1.0,1.0
ce5bfc90086c11ebbd61ac1f6bf848b6,ace_focused_96,ace,focused,0.0,0.0,0.0,0.0,0.0,0.0,81.0,0.5,0.0
f893967608a811ebbd7fac1f6bf848b6,ace_focused_96,ace,focused,1.0,1.0,1.0,1.0,0.7619,1.0,84.0,1.0,1.0
346a41b4084e11ebbd56ac1f6bf848b6,ace_focused_96,ace,focused,0.0,0.0,1.0,1.0,0.3125,0.5,96.0,0.5,0.0
bcbd76e608a111ebbd79ac1f6bf848b6,ace_focused_96,ace,focused,0.0,0.0,1.0,1.0,0.3579,0.5,95.0,0.5,0.0
f26542c808c511ebbd8fac1f6bf848b6,ace_focused_96,ace,focused,1.0,1.0,1.0,1.0,0.5579,0.5,95.0,0.5,0.0
5b1e1f240bdc11eba7f7acde48001122,ace_focused_96,ace,focused,0.0,0.0,0.0,0.3333,0.4051,0.5,79.0,0.5,0.0
b146f47c0bda11eba7f7acde48001122,ace_focused_96,ace,focused,0.0,0.0,0.0,0.0,0.8451,0.5,71.0,1.0,1.0
9c996f860bdb11eba7f7acde48001122,ace_focused_96,ace,focused,0.0,0.0,0.0,0.0,1.0,0.5,82.0,0.5,0.0
f491b33e0bda11eba7f7acde48001122,ace_focused_96,ace,focused,0.0,0.0,0.0,0.0,0.4792,0.5,96.0,0.5,0.0
21d2a107091911ebbdaeac1f6bf848b6,ace_focused_96,ace,focused,0.0,0.0,0.0,0.0,0.5521,0.5,96.0,1.0,1.0
10e63c10087211ebbd64ac1f6bf848b6,ace_focused_96,ace,focused,1.0,1.0,0.0,0.0,0.4118,0.25,85.0,0.5,0.0
5c7ce15a0bde11eba7f7acde48001122,ace_focused_96,ace,focused,0.0,0.0,0.0,0.0,0.6627,0.5,83.0,0.5,0.0
b0e112940bdd11eba7f7acde48001122,ace_focused_96,ace,focused,0.0,0.0,0.0,0.0,0.3095,0.5,84.0,0.5,0.0
e6a74e020bdd11eba7f7acde48001122,ace_focused_96,ace,focused,0.0,0.0,0.0,0.0,0.4286,0.5,70.0,0.5,0.0
0963c8b80bdd11eba7f7acde48001122,ace_focused_96,ace,focused,0.0,0.0,0.0,0.0,0.5444,0.5,90.0,0.5,0.0
09beb233086d11ebbd61ac1f6bf848b6,ace_focused_96,ace,focused,1.0,1.0,0.0,0.0,0.6,1.0,90.0,1.0,1.0
963fffd60bdd11eba7f7acde48001122,ace_focused_96,ace,focused,1.0,1.0,1.0,1.0,0.5393,1.0,89.0,1.0,1.0
f0d6f50c08eb11ebbda7ac1f6bf848b6,ace_focused_96,ace,focused,0.0,0.0,1.0,1.0,0.5376,1.0,93.0,1.0,1.0
33d1a6d60bda11eba7f7acde48001122,ace_focused_96,ace,focused,0.0,0.0,0.0,0.0,0.2292,0.5,96.0,0.5,0.0
f31afa16094511ebbdaeac1f6bf848b6,ace_focused_96,ace,focused,0.0,0.0,1.0,1.0,0.7528,1.0,89.0,1.0,1.0
3654974a08df11ebbda0ac1f6bf848b6,ace_focused_96,ace,focused,1.0,1.0,1.0,1.0,1.0,0.5,73.0,0.75,0.0
2d2fdefe085311ebbd59ac1f6bf848b6,ace_focused_96,ace,focused,0.0,0.0,1.0,1.0,1.0,1.0,85.0,1.0,1.0
7a01a52a089c11ebbd78ac1f6bf848b6,ace_focused_96,ace,focused,0.0,0.0,1.0,1.0,0.7471,0.5,87.0,0.5,0.0
d8a00ed40bdd11eba7f7acde48001122,ace_focused_96,ace,focused,0.0,0.0,0.0,0.3333,0.3333,0.5,96.0,0.5,0.0
c37f944e08e611ebbda5ac1f6bf848b6,ace_focused_96,ace,focused,1.0,1.0,1.0,1.0,1.0,1.0,72.0,1.0,1.0
b670607d08b611ebbd88ac1f6bf848b6,ace_focused_96,ace,focused,1.0,1.0,1.0,1.0,1.0,0.5,89.0,0.75,0.0
62a0531e0bde11eba7f7acde48001122,ace_focused_96,ace,focused,0.0,0.0,0.0,0.0,0.0,0.0,74.0,0.5,0.0
03f2846e0bb011ebab90acde48001122,ace_focused_96,ace,focused,0.0,0.0,0.0,0.6,0.6329,0.5,79.0,1.0,1.0
98da1bb608d411ebbd96ac1f6bf848b6,ace_focused_96,ace,focused,1.0,1.0,1.0,1.0,1.0,0.5,90.0,0.75,0.0
bb792556091811ebbdaeac1f6bf848b6,ace_focused_96,ace,focused,1.0,1.0,0.0,0.6667,0.1957,0.5,92.0,1.0,1.0
46e99a3d094111ebbdaeac1f6bf848b6,ace_focused_96,ace,focused,1.0,1.0,1.0,1.0,0.5056,1.0,89.0,1.0,1.0
2f6aa3ba0bb011ebab90acde48001122,ace_focused_96,ace,focused,0.0,0.2222,0.0,0.2,0.3222,0.5,90.0,0.5,0.0
41b295500bb011ebab90acde48001122,ace_focused_96,ace,focused,0.0,0.0,0.0,0.0,0.0,0.0,93.0,0.5,0.0
132a5430085d11ebbd5cac1f6bf848b6,ace_focused_96,ace,focused,0.0,0.0,0.0,0.0,0.5732,0.5,82.0,1.0,1.0
08e7eb340bde11eba7f7acde48001122,ace_focused_96,ace,focused,0.0,0.0,0.0,0.0,0.3023,0.5,86.0,0.5,0.0
91ec5b380bdc11eba7f7acde48001122,ace_focused_96,ace,focused,0.0,0.0,0.0,0.0,0.0,0.0,85.0,0.0,0.0
bf5c81fa0bdd11eba7f7acde48001122,ace_focused_96,ace,focused,0.0,0.0,0.0,0.0,0.4255,0.5,94.0,0.5,0.0
cf9a08f608c911ebbd92ac1f6bf848b6,ace_focused_96,ace,focused,0.0,0.0,1.0,1.0,0.6575,0.5,73.0,0.5,0.0
0e5e54c908c211ebbd8bac1f6bf848b6,ace_focused_96,ace,focused,0.0,0.0,0.0,0.0,0.8989,1.0,89.0,1.0,1.0
af1ee605093511ebbdaeac1f6bf848b6,ace_focused_96,ace,focused,1.0,1.0,1.0,1.0,0.3474,1.0,95.0,1.0,1.0
3e0cebde0bd911eba7f7acde48001122,ace_focused_96,ace,focused,0.0,0.0,0.0,0.0,0.3784,0.5,74.0,0.5,0.0
0518615a0bde11eba7f7acde48001122,ace_focused_96,ace,focused,0.0,0.0,0.0,0.0,1.0,0.5,81.0,1.0,1.0
3d22de280bb011ebab90acde48001122,ace_focused_96,ace,focused,0.0,0.0,0.0,0.5,0.5068,0.5,73.0,1.0,1.0
b6afbad60bdd11eba7f7acde48001122,ace_focused_96,ace,focused,0.0,0.0,0.0,0.0,0.3165,0.5,79.0,0.5,0.0
0b91d3200bdb11eba7f7acde48001122,ace_focused_96,ace,focused,0.0,0.0,0.0,0.0,0.4699,0.5,83.0,0.5,0.0
1621c01108f011ebbda8ac1f6bf848b6,ace_focused_96,ace,focused,0.0,0.0,1.0,1.0,0.7976,0.5,84.0,1.0,1.0
8b5f752e0bdd11eba7f7acde48001122,ace_focused_96,ace,focused,0.0,0.0,0.0,0.0,0.1364,0.5,88.0,0.5,0.0
5e02b99208b811ebbd88ac1f6bf848b6,ace_focused_96,ace,focused,0.0,0.0,1.0,1.0,0.7857,0.5,84.0,0.5,0.0
a809d3720bdd11eba7f7acde48001122,ace_focused_96,ace,focused,0.0,0.0,1.0,1.0,1.0,1.0,94.0,1.0,1.0
ade9a5980baf11ebab90acde48001122,ace_focused_96,ace,focused,0.0,0.0,0.0,0.0,1.0,1.0,93.0,1.0,1.0
8012a1e008af11ebbd83ac1f6bf848b6,ace_focused_96,ace,focused,1.0,1.0,0.0,0.0,1.0,0.5,87.0,0.5,0.0
d19a4bb80bdd11eba7f7acde48001122,ace_focused_96,ace,focused,0.0,0.0,0.0,0.0,0.2903,0.5,93.0,0.5,0.0
b6b306fa0bdd11eba7f7acde48001122,ace_focused_96,ace,focused,0.0,0.0,0.0,0.5,0.3721,0.5,86.0,0.5,0.0
d71f453b085811ebbd5bac1f6bf848b6,ace_focused_96,ace,focused,0.0,0.0,0.0,0.0,1.0,0.5,80.0,0.5,0.0
2de71a8a0bda11eba7f7acde48001122,ace_focused_96,ace,focused,0.0,0.0,0.0,0.0,0.0,0.0,96.0,0.5,0.0
cee7790e08cc11ebbd93ac1f6bf848b6,ace_focused_96,ace,focused,0.0,0.0,0.0,0.0,1.0,0.5,96.0,0.5,0.0
623ea4080bb011ebab90acde48001122,ace_focused_96,ace,focused,0.0,0.1538,0.0,0.2857,1.0,0.5,61.0,0.5,0.0
8d9bf1c80bb011ebab90acde48001122,ace_focused_96,ace,focused,0.0,0.2222,0.0,0.5,0.0,0.0,89.0,0.5,0.0
572c3827088311ebbd6dac1f6bf848b6,ace_focused_96,ace,focused,0.0,0.0,0.0,0.0,0.527,0.25,74.0,0.5,0.0
b1e64cc60bd911eba7f7acde48001122,ace_focused_96,ace,focused,0.0,0.0,0.0,0.0,0.2632,0.5,95.0,0.5,0.0
0b9a520108c211ebbd8bac1f6bf848b6,ace_focused_96,ace,focused,1.0,1.0,1.0,1.0,0.4375,0.25,96.0,0.5,0.0
04e9521d088b11ebbd6fac1f6bf848b6,ace_focused_96,ace,focused,0.0,0.0,1.0,1.0,1.0,1.0,80.0,1.0,1.0
8522d9b2092011ebbdaeac1f6bf848b6,ace_focused_96,ace,focused,1.0,1.0,1.0,1.0,0.7349,1.0,83.0,1.0,1.0
ec697d900bda11eba7f7acde48001122,ace_focused_96,ace,focused,0.0,0.0,0.0,0.3333,0.3882,0.5,85.0,0.5,0.0
950bd11a090f11ebbdadac1f6bf848b6,ace_focused_96,ace,focused,0.0,0.0,1.0,1.0,1.0,1.0,88.0,1.0,1.0
c1b9c0ac0bdd11eba7f7acde48001122,ace_focused_96,ace,focused,0.0,0.5,0.0,0.0,1.0,0.5,83.0,0.5,0.0
d2c47e1008df11ebbda1ac1f6bf848b6,ace_focused_96,ace,focused,1.0,1.0,1.0,1.0,0.4831,0.5,89.0,0.5,0.0
7b2bf8fc0bd911eba7f7acde48001122,ace_focused_96,ace,focused,0.0,0.0,0.0,0.0,1.0,0.5,83.0,1.0,1.0
b5ccab240bdd11eba7f7acde48001122,ace_focused_96,ace,focused,0.0,0.0,0.0,0.3333,0.7079,0.5,89.0,0.5,0.0
6a70f6f80bb011ebab90acde48001122,ace_focused_96,ace,focused,0.0,0.0,0.0,0.0,0.6042,0.5,96.0,0.5,0.0
1f9e4658084f11ebbd56ac1f6bf848b6,ace_focused_96,ace,focused,1.0,1.0,1.0,1.0,0.6702,0.5,94.0,0.5,0.0
5caef2f8096411ebbdafac1f6bf848b6,ace_focused_96,ace,focused,1.0,1.0,1.0,1.0,0.75,1.0,92.0,1.0,1.0
b081e08408e111ebbda3ac1f6bf848b6,ace_focused_96,ace,focused,1.0,1.0,1.0,1.0,0.3258,0.25,89.0,0.5,0.0
f113f24e08ad11ebbd83ac1f6bf848b6,ace_focused_96,ace,focused,0.0,0.0,1.0,1.0,0.4878,0.5,82.0,0.75,0.0
a6d397ea0bdd11eba7f7acde48001122,ace_focused_96,ace,focused,0.0,0.0,0.0,0.0,0.3034,0.5,89.0,0.5,0.0
04a065a60bde11eba7f7acde48001122,ace_focused_96,ace,focused,0.0,0.6667,1.0,1.0,1.0,1.0,92.0,1.0,1.0
534fbfd00bd911eba7f7acde48001122,ace_focused_96,ace,focused,0.0,0.0,1.0,1.0,0.913,1.0,92.0,1.0,1.0
286461f808ba11ebbd88ac1f6bf848b6,ace_focused_96,ace,focused,1.0,1.0,0.0,0.5,0.5862,0.5,87.0,1.0,1.0
2fa40dae0bdc11eba7f7acde48001122,ace_focused_96,ace,focused,0.0,0.0,0.0,0.0,0.2211,0.5,95.0,0.5,0.0
a19ca5c80bdd11eba7f7acde48001122,ace_focused_96,ace,focused,0.0,0.0,1.0,1.0,0.2366,0.5,93.0,0.5,0.0
6a807fc40bb011ebab90acde48001122,ace_focused_96,ace,focused,0.0,0.0,0.0,0.4,1.0,0.5,73.0,0.5,0.0
1118315c0bdd11eba7f7acde48001122,ace_focused_96,ace,focused,0.0,0.0,0.0,0.0,0.0,0.0,93.0,0.5,0.0
185a906e0bdc11eba7f7acde48001122,ace_focused_96,ace,focused,0.0,0.0,0.0,0.5,0.2421,0.5,95.0,0.5,0.0
77f4e0140bb011ebab90acde48001122,ace_focused_96,ace,focused,0.0,0.0,0.0,0.0,0.4699,0.5,83.0,0.5,0.0
2a98df6408d111ebbd95ac1f6bf848b6,ace_focused_96,ace,focused,0.0,0.0,0.0,0.0,0.8608,1.0,79.0,1.0,1.0
025359200bde11eba7f7acde48001122,ace_focused_96,ace,focused,0.0,0.0,0.0,0.0,0.3288,0.5,73.0,0.5,0.0
bd34477e0baf11ebab90acde48001122,ace_focused_96,ace,focused,0.0,0.0,0.0,0.8333,0.0,0.0,90.0,1.0,1.0
6a8a71280bb011ebab90acde48001122,ace_focused_96,ace,focused,0.0,0.2857,0.0,0.5,0.4783,0.5,92.0,0.5,0.0
ef9cbeca0bdd11eba7f7acde48001122,ace_focused_96,ace,focused,0.0,0.0,1.0,1.0,0.5233,1.0,86.0,1.0,1.0
c218a802090711ebbdadac1f6bf848b6,ace_focused_96,ace,focused,0.0,0.0,0.0,0.0,0.4945,0.5,91.0,1.0,1.0
f94832c408b811ebbd88ac1f6bf848b6,ace_focused_96,ace,focused,0.0,0.0,1.0,1.0,0.3804,0.25,92.0,0.25,0.0
8d2382e0085811ebbd5aac1f6bf848b6,ace_focused_96,ace,focused,0.0,0.0,1.0,1.0,0.6629,1.0,89.0,1.0,1.0
86fb31260bdd11eba7f7acde48001122,ace_focused_96,ace,focused,0.0,0.0,0.0,0.0,0.5165,0.5,91.0,1.0,1.0
18c0ccb1086911ebbd5eac1f6bf848b6,ace_focused_96,ace,focused,1.0,1.0,1.0,1.0,0.8537,1.0,82.0,1.0,1.0
e6f8d00a089611ebbd76ac1f6bf848b6,ace_focused_96,ace,focused,0.0,0.0,0.0,0.0,0.8571,1.0,84.0,1.0,1.0
8919fb50085311ebbd59ac1f6bf848b6,ace_focused_96,ace,focused,0.0,0.0,1.0,1.0,0.5213,1.0,94.0,1.0,1.0
d5a61878086b11ebbd60ac1f6bf848b6,ace_focused_96,ace,focused,1.0,1.0,1.0,1.0,0.809,1.0,89.0,1.0,1.0
f6973183085a11ebbd5cac1f6bf848b6,ace_focused_96,ace,focused,0.0,0.0,1.0,1.0,0.7849,0.5,93.0,0.5,0.0
fc031d360baf11ebab90acde48001122,ace_focused_96,ace,focused,0.0,0.2,0.0,0.2,0.4146,0.5,82.0,0.5,0.0
e5c738900bdc11eba7f7acde48001122,ace_focused_96,ace,focused,0.0,0.0,0.0,0.0,0.5444,0.5,90.0,1.0,1.0
6b466508097711ebbdb0ac1f6bf848b6,ace_focused_96,ace,focused,1.0,1.0,0.0,0.0,0.5488,1.0,82.0,1.0,1.0
46bd0bd6087511ebbd67ac1f6bf848b6,ace_focused_96,ace,focused,1.0,1.0,1.0,1.0,1.0,0.5,74.0,0.5,0.0
d1bdbdbe087711ebbd67ac1f6bf848b6,ace_focused_96,ace,focused,0.0,0.0,0.0,0.0,0.5165,0.25,91.0,0.5,0.0
6152f66c08df11ebbda0ac1f6bf848b6,ace_focused_96,ace,focused,1.0,1.0,0.0,0.0,0.5823,0.25,79.0,0.5,0.0
98a3e5e9089111ebbd73ac1f6bf848b6,ace_focused_96,ace,focused,0.0,0.0,1.0,1.0,0.4235,0.5,85.0,0.5,0.0
6946f8d20baf11ebab90acde48001122,ace_focused_96,ace,focused,0.0,0.0,0.0,0.3333,0.75,0.5,80.0,0.5,0.0
3d4662300bb011ebab90acde48001122,ace_focused_96,ace,focused,1.0,1.0,1.0,1.0,0.6988,0.5,83.0,0.5,0.0
c504923408fe11ebbdadac1f6bf848b6,ace_focused_96,ace,focused,0.0,0.0,1.0,1.0,0.5761,1.0,92.0,1.0,1.0
922a629c0bb011ebab90acde48001122,ace_focused_96,ace,focused,0.0,0.0,0.0,0.6,0.4787,0.5,94.0,0.5,0.0
0e967bac08a711ebbd7fac1f6bf848b6,ace_focused_96,ace,focused,0.0,0.0,1.0,1.0,0.4839,0.5,93.0,0.5,0.0
c1aa9b640bdc11eba7f7acde48001122,ace_focused_96,ace,focused,0.0,0.0,0.0,0.0,0.0,0.0,93.0,0.5,0.0
dba424900baf11ebab90acde48001122,ace_focused_96,ace,focused,0.0,0.0,0.0,0.3333,0.3556,0.5,90.0,0.5,0.0
f4cc9d4908b311ebbd86ac1f6bf848b6,ace_focused_96,ace,focused,0.0,0.0,1.0,1.0,1.0,0.5,66.0,0.5,0.0
6b850e0e0baf11ebab90acde48001122,ace_focused_96,ace,focused,0.0,0.2857,0.0,0.6667,0.6711,0.5,76.0,1.0,1.0
abce7ee208b111ebbd85ac1f6bf848b6,ace_focused_96,ace,focused,1.0,1.0,1.0,1.0,0.4321,0.5,81.0,0.5,0.0
6615041e0bb011ebab90acde48001122,ace_focused_96,ace,focused,0.0,0.0,0.0,0.3333,0.7931,0.5,87.0,0.5,0.0
dc4754a80bdc11eba7f7acde48001122,ace_focused_96,ace,focused,0.0,0.0,0.0,0.0,0.6941,0.5,85.0,1.0,1.0
6bd86dd4087f11ebbd6bac1f6bf848b6,ace_focused_96,ace,focused,1.0,1.0,1.0,1.0,0.6778,0.5,90.0,0.5,0.0
98ab6cfe08c411ebbd8eac1f6bf848b6,ace_focused_96,ace,focused,0.0,0.0,1.0,1.0,0.5938,0.5,96.0,0.5,0.0
c30b9f8108b211ebbd85ac1f6bf848b6,ace_focused_96,ace,focused,1.0,1.0,1.0,1.0,0.825,1.0,80.0,1.0,1.0
49e0153808ac11ebbd82ac1f6bf848b6,ace_focused_96,ace,focused,1.0,1.0,0.0,0.0,0.5213,0.25,94.0,0.5,0.0
2fcc3e3e0bda11eba7f7acde48001122,ace_focused_96,ace,focused,0.0,0.0,0.0,0.0,0.5875,0.5,80.0,1.0,1.0
8a6610400bda11eba7f7acde48001122,ace_focused_96,ace,focused,0.0,0.0,0.0,0.0,0.4421,0.5,95.0,0.5,0.0
e172d3b20baf11ebab90acde48001122,ace_focused_96,ace,focused,0.0,0.0,0.0,0.0,0.2619,0.5,84.0,1.0,1.0
c365be0608ae11ebbd83ac1f6bf848b6,ace_focused_96,ace,focused,1.0,1.0,0.0,0.0,0.5111,0.5,90.0,1.0,1.0
a9406286088d11ebbd70ac1f6bf848b6,ace_focused_96,ace,focused,0.0,0.0,1.0,1.0,1.0,0.5,73.0,0.5,0.0
6b84004a0baf11ebab90acde48001122,ace_focused_96,ace,focused,0.0,0.0,0.0,0.4,0.4787,0.5,94.0,0.5,0.0
caa0a77908ac11ebbd83ac1f6bf848b6,ace_focused_96,ace,focused,1.0,1.0,1.0,1.0,1.0,0.5,80.0,0.5,0.0
63a51a37096711ebbdafac1f6bf848b6,ace_focused_96,ace,focused,1.0,1.0,1.0,1.0,0.5556,1.0,90.0,1.0,1.0
647eba07088f11ebbd72ac1f6bf848b6,ace_focused_96,ace,focused,0.0,0.0,1.0,1.0,1.0,0.5,65.0,1.0,1.0
6e765ee508f611ebbdaaac1f6bf848b6,ace_focused_96,ace,focused,1.0,1.0,1.0,1.0,0.4762,1.0,84.0,1.0,1.0
dc6e054e0baf11ebab90acde48001122,ace_focused_96,ace,focused,0.0,0.0,0.0,0.0,0.6477,0.5,88.0,0.5,0.0
5c82bfe20bdb11eba7f7acde48001122,ace_focused_96,ace,focused,0.0,0.0,0.0,0.0,0.8191,1.0,94.0,1.0,1.0
47a59362091411ebbdadac1f6bf848b6,ace_focused_96,ace,focused,1.0,1.0,1.0,1.0,0.5227,1.0,88.0,1.0,1.0
5bab48ec0bda11eba7f7acde48001122,ace_focused_96,ace,focused,0.0,0.0,0.0,0.0,0.0,0.0,94.0,0.5,0.0
d3c779240bdd11eba7f7acde48001122,ace_focused_96,ace,focused,0.0,0.0,0.0,0.0,0.3103,0.5,87.0,1.0,1.0
57e0ae020bb011ebab90acde48001122,ace_focused_96,ace,focused,0.0,0.6154,0.0,0.7143,0.5765,0.5,85.0,1.0,1.0
9e2fc7ef08c711ebbd91ac1f6bf848b6,ace_focused_96,ace,focused,0.0,0.0,0.0,0.0,0.5714,0.5,84.0,0.5,0.0
be9369c80bdd11eba7f7acde48001122,ace_focused_96,ace,focused,0.0,0.0,0.0,0.0,0.2708,0.5,96.0,0.5,0.0
abaff0940bdb11eba7f7acde48001122,ace_focused_96,ace,focused,0.0,0.0,0.0,0.0,0.2391,0.5,92.0,0.5,0.0
09aa4e1a0bdc11eba7f7acde48001122,ace_focused_96,ace,focused,0.0,0.0,0.0,0.0,0.631,0.5,84.0,0.5,0.0
e4e02a240bda11eba7f7acde48001122,ace_focused_96,ace,focused,0.0,0.0,0.0,0.5,0.2973,0.5,74.0,0.5,0.0
fc9d859008a011ebbd78ac1f6bf848b6,ace_focused_96,ace,focused,0.0,0.0,0.0,0.5,0.4211,0.5,95.0,1.0,1.0
3c3204c8084d11ebbd56ac1f6bf848b6,ace_focused_96,ace,focused,0.0,0.0,1.0,1.0,0.5208,0.5,96.0,0.5,0.0
d5bf657c0bdb11eba7f7acde48001122,ace_focused_96,ace,focused,1.0,1.0,1.0,1.0,1.0,1.0,90.0,1.0,1.0
f4aa6595093611ebbdaeac1f6bf848b6,ace_focused_96,ace,focused,1.0,1.0,0.0,0.3333,0.5,0.5,92.0,1.0,1.0
5a34b04e0bd911eba7f7acde48001122,ace_focused_96,ace,focused,0.0,0.0,0.0,0.0,0.6941,0.5,85.0,0.5,0.0
1a3bb74508dc11ebbd9cac1f6bf848b6,ace_focused_96,ace,focused,0.0,0.0,1.0,1.0,0.7553,0.5,94.0,0.75,0.0
8031698e0bdb11eba7f7acde48001122,ace_focused_96,ace,focused,0.0,0.0,0.0,0.0,0.6512,0.5,86.0,1.0,1.0
637434540bde11eba7f7acde48001122,ace_focused_96,ace,focused,0.0,0.0,1.0,1.0,0.0,0.0,95.0,0.5,0.0
943b50b20bda11eba7f7acde48001122,ace_focused_96,ace,focused,0.0,0.0,0.0,0.0,0.0,0.0,90.0,0.5,0.0
736afe9e0baf11ebab90acde48001122,ace_focused_96,ace,focused,0.0,0.0,0.0,0.5,0.7191,0.5,89.0,0.5,0.0
fb6ff1e20bdb11eba7f7acde48001122,ace_focused_96,ace,focused,0.0,0.0,0.0,0.0,0.3864,0.5,88.0,0.5,0.0
42dac74c089311ebbd74ac1f6bf848b6,ace_focused_96,ace,focused,1.0,1.0,1.0,1.0,1.0,0.5,86.0,0.5,0.0
1407903b089d11ebbd78ac1f6bf848b6,ace_focused_96,ace,focused,0.0,0.0,1.0,1.0,1.0,1.0,94.0,1.0,1.0
c4fd6fe80bdd11eba7f7acde48001122,ace_focused_96,ace,focused,0.0,0.0,0.0,0.0,0.0,0.0,81.0,0.5,0.0
4de007f40bdd11eba7f7acde48001122,ace_focused_96,ace,focused,0.0,0.0,0.0,0.3333,0.4937,0.5,79.0,0.5,0.0
5ead80ee0baf11ebab90acde48001122,ace_focused_96,ace,focused,0.0,0.5,0.0,0.5,0.473,0.5,74.0,1.0,1.0
a27849740bd911eba7f7acde48001122,ace_focused_96,ace,focused,0.0,0.0,0.0,0.0,0.0,0.0,67.0,0.5,0.0
2b871cac0bdc11eba7f7acde48001122,ace_focused_96,ace,focused,0.0,0.0,0.0,0.0,0.5833,0.5,96.0,0.5,0.0
e2e9a9560bdb11eba7f7acde48001122,ace_focused_96,ace,focused,0.0,0.0,0.0,0.0,0.1319,0.5,91.0,0.5,0.0
ffee28d80bae11ebab90acde48001122,ace_focused_96,ace,focused,0.0,0.0,0.0,0.3333,0.0,0.0,89.0,1.0,1.0
972ecece08ef11ebbda8ac1f6bf848b6,ace_focused_96,ace,focused,1.0,1.0,0.0,0.0,0.1685,0.5,89.0,1.0,1.0
1948b12e0bda11eba7f7acde48001122,ace_focused_96,ace,focused,0.0,0.0,0.0,0.0,0.4302,0.5,86.0,0.5,0.0
406a4ee00bb011ebab90acde48001122,ace_focused_96,ace,focused,0.0,0.0,0.0,0.6667,0.5938,1.0,96.0,1.0,1.0
3d1200fc0bde11eba7f7acde48001122,ace_focused_96,ace,focused,0.0,0.0,0.0,0.0,0.1684,0.5,95.0,0.5,0.0
d1c8b2a00bdd11eba7f7acde48001122,ace_focused_96,ace,focused,0.0,0.0,0.0,0.0,0.5054,0.5,93.0,0.5,0.0
c400306a0bda11eba7f7acde48001122,ace_focused_96,ace,focused,0.0,0.0,0.0,0.5,0.3043,0.5,92.0,0.5,0.0
315872d20bde11eba7f7acde48001122,ace_focused_96,ace,focused,0.0,0.0,0.0,0.0,0.625,0.5,96.0,0.5,0.0
f6e759da0bdb11eba7f7acde48001122,ace_focused_96,ace,focused,0.0,0.0,0.0,0.0,0.6,0.5,80.0,0.5,0.0
c0409500088f11ebbd72ac1f6bf848b6,ace_focused_96,ace,focused,0.0,0.0,0.0,0.0,0.6875,1.0,96.0,1.0,1.0
138a34f80bdd11eba7f7acde48001122,ace_focused_96,ace,focused,0.0,0.0,0.0,0.0,0.5,0.5,92.0,0.5,0.0
2d94661c0bdc11eba7f7acde48001122,ace_focused_96,ace,focused,0.0,0.0,0.0,0.0,0.2809,0.5,89.0,0.5,0.0
aa72cb6a0baf11ebab90acde48001122,ace_focused_96,ace,focused,0.0,0.0,1.0,1.0,0.5106,0.5,94.0,0.5,0.0
e6998c7e08de11ebbd9fac1f6bf848b6,ace_focused_96,ace,focused,1.0,1.0,1.0,1.0,0.172,0.25,93.0,0.5,0.0
eded9bbf08de11ebbd9fac1f6bf848b6,ace_focused_96,ace,focused,1.0,1.0,0.0,0.3333,0.2571,0.25,70.0,0.25,0.0
6ae076e40bde11eba7f7acde48001122,ace_focused_96,ace,focused,0.0,0.0,0.0,0.0,1.0,1.0,84.0,1.0,1.0
a380ab7c08b911ebbd88ac1f6bf848b6,ace_focused_96,ace,focused,1.0,1.0,1.0,1.0,0.7667,1.0,90.0,1.0,1.0
df3ab4560bdd11eba7f7acde48001122,ace_focused_96,ace,focused,0.0,0.0,0.0,0.0,0.5165,0.5,91.0,1.0,1.0
df4b96e7087111ebbd63ac1f6bf848b6,ace_focused_96,ace,focused,0.0,0.0,0.0,0.3333,0.2632,0.25,95.0,0.25,0.0
faedda9a0bdb11eba7f7acde48001122,ace_focused_96,ace,focused,0.0,0.0,0.0,0.5,0.6818,0.5,88.0,1.0,1.0
50bd90820bdc11eba7f7acde48001122,ace_focused_96,ace,focused,0.0,0.0,0.0,0.0,0.2692,0.5,78.0,1.0,1.0
c01738e20bdd11eba7f7acde48001122,ace_focused_96,ace,focused,0.0,0.0,0.0,0.0,0.1154,0.5,78.0,1.0,1.0
3c0091600bde11eba7f7acde48001122,ace_focused_96,ace,focused,0.0,0.0,0.0,0.0,0.6105,1.0,95.0,1.0,1.0
1b9c91660bda11eba7f7acde48001122,ace_focused_96,ace,focused,1.0,1.0,1.0,1.0,1.0,1.0,77.0,1.0,1.0
bd4901b0085e11ebbd5cac1f6bf848b6,ace_focused_96,ace,focused,1.0,1.0,1.0,1.0,0.5604,1.0,91.0,1.0,1.0
a7419bf3092e11ebbdaeac1f6bf848b6,ace_focused_96,ace,focused,1.0,1.0,1.0,1.0,0.4583,1.0,96.0,1.0,1.0
fa960b58085911ebbd5bac1f6bf848b6,ace_focused_96,ace,focused,0.0,0.0,0.0,0.0,0.2927,0.5,82.0,1.0,1.0
582deca408bc11ebbd88ac1f6bf848b6,ace_focused_96,ace,focused,0.0,0.0,1.0,1.0,0.5625,0.5,96.0,0.5,0.0
a5bd56fc0bdd11eba7f7acde48001122,ace_focused_96,ace,focused,0.0,0.0,0.0,0.0,0.4557,0.5,79.0,1.0,1.0
6d392be40bdd11eba7f7acde48001122,ace_focused_96,ace,focused,1.0,1.0,1.0,1.0,0.5854,1.0,82.0,1.0,1.0
33d4446c087511ebbd67ac1f6bf848b6,ace_focused_96,ace,focused,0.0,0.0,0.0,0.0,0.5714,0.5,84.0,0.5,0.0
881866100baf11ebab90acde48001122,ace_focused_96,ace,focused,0.0,0.0,0.0,0.0,0.2604,0.5,96.0,0.5,0.0
7d88d84d08bc11ebbd88ac1f6bf848b6,ace_focused_96,ace,focused,1.0,1.0,1.0,1.0,0.2763,0.25,76.0,0.5,0.0
4d3c252e0bda11eba7f7acde48001122,ace_focused_96,ace,focused,0.0,0.0,0.0,0.0,0.3415,0.5,82.0,1.0,1.0
9e0009f60baf11ebab90acde48001122,ace_focused_96,ace,focused,0.0,0.0,0.0,0.3333,0.0,0.0,88.0,0.5,0.0
b8133a100bdd11eba7f7acde48001122,ace_focused_96,ace,focused,0.0,0.0,0.0,0.0,0.5495,0.5,91.0,1.0,1.0
61082d440bdc11eba7f7acde48001122,ace_focused_96,ace,focused,0.0,0.0,0.0,0.0,0.473,0.5,74.0,0.5,0.0
6ea141020baf11ebab90acde48001122,ace_focused_96,ace,focused,0.0,0.0,0.0,0.5,0.0,0.0,93.0,0.5,0.0
d759ab480bdd11eba7f7acde48001122,ace_focused_96,ace,focused,0.0,0.0,0.0,0.0,1.0,0.5,83.0,1.0,1.0
2e7a589e085211ebbd58ac1f6bf848b6,ace_focused_96,ace,focused,0.0,0.0,0.0,0.0,1.0,0.5,89.0,0.5,0.0
e85d87f4095111ebbdaeac1f6bf848b6,ace_focused_96,ace,focused,0.0,0.0,1.0,1.0,0.5484,0.5,93.0,1.0,1.0
9a339d60099011ebbdb0ac1f6bf848b6,ace_focused_96,ace,focused,0.0,0.0,0.0,0.0,0.6292,1.0,89.0,1.0,1.0
5d6e00200bda11eba7f7acde48001122,ace_focused_96,ace,focused,0.0,0.0,0.0,0.0,0.2174,0.5,92.0,1.0,1.0
2efc2c3b08bf11ebbd8aac1f6bf848b6,ace_focused_96,ace,focused,1.0,1.0,1.0,1.0,0.6145,0.5,83.0,0.5,0.0
0926667308d011ebbd95ac1f6bf848b6,ace_focused_96,ace,focused,1.0,1.0,1.0,1.0,0.7188,1.0,96.0,1.0,1.0
8f3945d8098111ebbdb0ac1f6bf848b6,ace_focused_96,ace,focused,1.0,1.0,1.0,1.0,1.0,1.0,96.0,1.0,1.0
5e8240ea0bdd11eba7f7acde48001122,ace_focused_96,ace,focused,0.0,0.0,0.0,0.0,0.3836,0.5,73.0,0.5,0.0
36ec2b3a086411ebbd5eac1f6bf848b6,ace_focused_96,ace,focused,0.0,0.0,1.0,1.0,0.5761,0.5,92.0,0.5,0.0
53175e86086b11ebbd5fac1f6bf848b6,ace_focused_96,ace,focused,0.0,0.0,0.0,0.6667,0.6364,1.0,88.0,1.0,1.0
66d8f7560bde11eba7f7acde48001122,ace_focused_96,ace,focused,0.0,0.0,0.0,0.0,0.2471,0.5,85.0,0.5,0.0
a9755ea508a711ebbd7fac1f6bf848b6,ace_focused_96,ace,focused,0.0,0.0,1.0,1.0,1.0,0.5,94.0,0.5,0.0
6a8b28c00bb011ebab90acde48001122,ace_focused_96,ace,focused,1.0,1.0,1.0,1.0,1.0,1.0,95.0,1.0,1.0
43a949ae0bdc11eba7f7acde48001122,ace_focused_96,ace,focused,0.0,0.0,0.0,0.0,0.2708,0.5,96.0,0.5,0.0
b9cb67da092b11ebbdaeac1f6bf848b6,ace_focused_96,ace,focused,0.0,0.0,1.0,1.0,0.6322,1.0,87.0,1.0,1.0
5390f39c086d11ebbd61ac1f6bf848b6,ace_focused_96,ace,focused,1.0,1.0,1.0,1.0,0.7303,1.0,89.0,1.0,1.0
d370f0b0085711ebbd5aac1f6bf848b6,ace_focused_96,ace,focused,1.0,1.0,1.0,1.0,0.6463,0.25,82.0,0.5,0.0
adcdb9440bd911eba7f7acde48001122,ace_focused_96,ace,focused,0.0,0.0,0.0,0.0,0.6087,1.0,92.0,1.0,1.0
1db17ce108a711ebbd7fac1f6bf848b6,ace_focused_96,ace,focused,1.0,1.0,1.0,1.0,0.561,0.5,82.0,0.5,0.0
177e0eda0bde11eba7f7acde48001122,ace_focused_96,ace,focused,0.0,0.0,0.0,0.0,0.6444,0.5,90.0,0.5,0.0
9da14ff1086311ebbd5eac1f6bf848b6,ace_focused_96,ace,focused,0.0,0.0,0.0,0.5,0.913,0.5,92.0,1.0,1.0
2f10177608d911ebbd9cac1f6bf848b6,ace_focused_96,ace,focused,0.0,0.0,1.0,1.0,0.3582,0.5,67.0,1.0,1.0
b52a4d7e0bd911eba7f7acde48001122,ace_focused_96,ace,focused,0.0,0.0,0.0,0.0,0.4098,0.5,61.0,1.0,1.0
6dd9acf20bda11eba7f7acde48001122,ace_focused_96,ace,focused,0.0,0.0,0.0,0.0,0.1591,0.5,88.0,0.5,0.0
3f635554096511ebbdafac1f6bf848b6,ace_focused_96,ace,focused,0.0,0.0,0.0,0.0,0.4935,0.5,77.0,1.0,1.0
8c12ceba0bda11eba7f7acde48001122,ace_focused_96,ace,focused,0.0,0.0,0.0,0.0,0.0,0.0,91.0,0.5,0.0
8c1162a5086111ebbd5dac1f6bf848b6,ace_focused_96,ace,focused,1.0,1.0,0.0,0.0,0.2874,0.5,87.0,1.0,1.0
0585c9aa087f11ebbd6bac1f6bf848b6,ace_focused_96,ace,focused,1.0,1.0,1.0,1.0,0.3026,0.25,76.0,0.5,0.0
b8407b060bdd11eba7f7acde48001122,ace_focused_96,ace,focused,0.0,0.0,0.0,0.0,0.6458,0.5,96.0,0.5,0.0
07b62dea0baf11ebab90acde48001122,ace_focused_96,ace,focused,0.0,0.0,0.0,0.5,0.4865,0.5,74.0,1.0,1.0
fb95c0000bdd11eba7f7acde48001122,ace_focused_96,ace,focused,0.0,0.0,0.0,0.0,0.4405,0.5,84.0,0.5,0.0
e1abbba9098a11ebbdb0ac1f6bf848b6,ace_focused_96,ace,focused,0.0,0.0,0.0,0.0,0.5417,1.0,96.0,1.0,1.0
fbf8fd9e0bda11eba7f7acde48001122,ace_focused_96,ace,focused,0.0,0.0,0.0,0.0,1.0,0.5,86.0,1.0,1.0
636fc8380bde11eba7f7acde48001122,ace_focused_96,ace,focused,0.0,0.0,0.0,0.3333,0.6977,0.5,86.0,0.5,0.0
0c97f4720bde11eba7f7acde48001122,ace_focused_96,ace,focused,0.0,0.0,0.0,0.0,1.0,1.0,86.0,1.0,1.0
36787917086811ebbd5eac1f6bf848b6,ace_focused_96,ace,focused,0.0,0.0,1.0,1.0,0.5244,0.5,82.0,1.0,1.0
519aee780baf11ebab90acde48001122,ace_focused_96,ace,focused,0.0,0.0,0.0,0.25,0.4568,0.5,81.0,0.5,0.0
6a81117708f311ebbdaaac1f6bf848b6,ace_focused_96,ace,focused,0.0,0.0,1.0,1.0,0.337,0.5,92.0,1.0,1.0
0105676c0bdd11eba7f7acde48001122,ace_focused_96,ace,focused,0.0,0.0,0.0,0.0,0.7531,0.5,81.0,1.0,1.0
73c53c9809a111ebbdb0ac1f6bf848b6,ace_focused_96,ace,focused,0.0,0.0,1.0,1.0,0.9255,1.0,94.0,1.0,1.0
7416106b090f11ebbdadac1f6bf848b6,ace_focused_96,ace,focused,1.0,1.0,1.0,1.0,0.5,1.0,96.0,1.0,1.0
3a1dbb720bdc11eba7f7acde48001122,ace_focused_96,ace,focused,0.0,0.0,0.0,0.3333,0.3444,0.5,90.0,0.5,0.0
ebbf5ec608da11ebbd9cac1f6bf848b6,ace_focused_96,ace,focused,0.0,0.0,1.0,1.0,1.0,1.0,64.0,1.0,1.0
3972d2b60baf11ebab90acde48001122,ace_focused_96,ace,focused,0.0,0.0,0.0,0.0,0.597,0.5,67.0,0.5,0.0
3adb8a740bde11eba7f7acde48001122,ace_focused_96,ace,focused,1.0,1.0,1.0,1.0,1.0,1.0,94.0,1.0,1.0
13e2f86c0bde11eba7f7acde48001122,ace_focused_96,ace,focused,0.0,0.0,0.0,0.0,0.4946,0.5,93.0,0.5,0.0
d7af391708bb11ebbd88ac1f6bf848b6,ace_focused_96,ace,focused,0.0,0.0,0.0,0.0,0.3908,0.25,87.0,0.5,0.0
c2b303ae08c411ebbd8eac1f6bf848b6,ace_focused_96,ace,focused,1.0,1.0,1.0,1.0,0.6386,0.5,83.0,0.5,0.0
db10aea20bd911eba7f7acde48001122,ace_focused_96,ace,focused,0.0,0.0,0.0,0.0,0.5976,0.5,82.0,0.5,0.0
7a93fcee0bdb11eba7f7acde48001122,ace_focused_96,ace,focused,0.0,0.0,0.0,0.0,0.4792,0.5,96.0,0.5,0.0
05be9a0c0bde11eba7f7acde48001122,ace_focused_96,ace,focused,0.0,0.0,0.0,0.0,0.3404,0.5,94.0,0.5,0.0
091c13b20bdb11eba7f7acde48001122,ace_focused_96,ace,focused,0.0,0.0,0.0,0.0,0.2,0.5,85.0,0.5,0.0
09b198a80bde11eba7f7acde48001122,ace_focused_96,ace,focused,0.0,0.5,1.0,1.0,1.0,1.0,95.0,1.0,1.0
c827468a0bdd11eba7f7acde48001122,ace_focused_96,ace,focused,0.0,0.0,0.0,0.6667,0.5443,0.5,79.0,0.5,0.0
70f54a060bb011ebab90acde48001122,ace_focused_96,ace,focused,0.0,0.0,1.0,1.0,0.7442,1.0,86.0,1.0,1.0
30e19d9008d611ebbd98ac1f6bf848b6,ace_focused_96,ace,focused,0.0,0.0,0.0,0.0,0.7802,0.5,91.0,1.0,1.0
43208df60bde11eba7f7acde48001122,ace_focused_96,ace,focused,0.0,0.0,0.0,0.0,0.6588,0.5,85.0,0.5,0.0
5d0eadd80bde11eba7f7acde48001122,ace_focused_96,ace,focused,0.0,0.0,0.0,0.0,1.0,1.0,96.0,1.0,1.0
9284e77d08f811ebbdaaac1f6bf848b6,ace_focused_96,ace,focused,1.0,1.0,1.0,1.0,1.0,1.0,88.0,1.0,1.0
94eba4ce0bdc11eba7f7acde48001122,ace_focused_96,ace,focused,0.0,0.0,0.0,0.0,0.4744,0.5,78.0,0.5,0.0
29427eea0bdd11eba7f7acde48001122,ace_focused_96,ace,focused,1.0,1.0,0.0,0.0,1.0,1.0,83.0,1.0,1.0
62a9691e0bb011ebab90acde48001122,ace_focused_96,ace,focused,0.0,0.0,0.0,0.4,0.5568,0.5,88.0,0.5,0.0
cfc0d3e80bdd11eba7f7acde48001122,ace_focused_96,ace,focused,0.0,0.0,0.0,0.0,0.1957,0.5,92.0,1.0,1.0
76708e6a08b211ebbd85ac1f6bf848b6,ace_focused_96,ace,focused,0.0,0.0,0.0,0.0,0.5732,0.5,82.0,1.0,1.0
819dbb7a08d811ebbd9cac1f6bf848b6,ace_focused_96,ace,focused,0.0,0.0,1.0,1.0,0.4831,0.5,89.0,0.5,0.0
2fee043809b111ebbdb0ac1f6bf848b6,ace_focused_96,ace,focused,1.0,1.0,0.0,0.0,0.4333,0.5,90.0,1.0,1.0
39d43b7d08ae11ebbd83ac1f6bf848b6,ace_focused_96,ace,focused,0.0,0.0,1.0,1.0,1.0,0.5,83.0,0.5,0.0
aef6771208b311ebbd86ac1f6bf848b6,ace_focused_96,ace,focused,1.0,1.0,1.0,1.0,0.6154,0.5,91.0,0.5,0.0
0cc33f200bdd11eba7f7acde48001122,ace_focused_96,ace,focused,0.0,0.0,0.0,0.3333,0.5909,0.5,88.0,0.5,0.0
8d1e4c000bdd11eba7f7acde48001122,ace_focused_96,ace,focused,1.0,1.0,1.0,1.0,0.5765,0.5,85.0,1.0,1.0
d61d3fd20bd911eba7f7acde48001122,ace_focused_96,ace,focused,0.0,0.0,0.0,0.0,0.2442,0.5,86.0,0.5,0.0
0db2574e0bde11eba7f7acde48001122,ace_focused_96,ace,focused,0.0,0.0,0.0,0.0,0.5,0.5,96.0,0.5,0.0
48b1e7660bb011ebab90acde48001122,ace_focused_96,ace,focused,0.0,0.0,0.0,0.25,0.7766,0.5,94.0,1.0,1.0
004430780bde11eba7f7acde48001122,ace_focused_96,ace,focused,1.0,1.0,1.0,1.0,0.6795,0.5,78.0,1.0,1.0
fd4096540bd911eba7f7acde48001122,ace_focused_96,ace,focused,0.0,0.0,0.0,0.0,0.6923,0.5,78.0,0.5,0.0
1e4d9f2008ff11ebbdadac1f6bf848b6,ace_focused_96,ace,focused,0.0,0.0,1.0,1.0,0.7609,1.0,92.0,1.0,1.0
0e161d6c084e11ebbd56ac1f6bf848b6,ace_focused_96,ace,focused,0.0,0.0,0.0,0.0,0.6047,0.5,86.0,0.5,0.0
fe41a8aa0bdd11eba7f7acde48001122,ace_focused_96,ace,focused,0.0,0.0,0.0,0.0,0.6559,0.5,93.0,0.5,0.0
db371cbb088011ebbd6dac1f6bf848b6,ace_focused_96,ace,focused,0.0,0.0,0.0,0.0,0.6316,1.0,95.0,1.0,1.0
505a04cc0baf11ebab90acde48001122,ace_focused_96,ace,focused,1.0,1.0,1.0,1.0,0.766,1.0,94.0,1.0,1.0
5cd6974c0bdc11eba7f7acde48001122,ace_focused_96,ace,focused,0.0,0.0,0.0,0.0,0.6296,0.5,81.0,0.5,0.0
c6fe0968091111ebbdadac1f6bf848b6,ace_focused_96,ace,focused,1.0,1.0,1.0,1.0,0.3418,0.5,79.0,1.0,1.0
aaaeeb220baf11ebab90acde48001122,ace_focused_96,ace,focused,0.0,0.0,0.0,0.25,0.7045,0.5,88.0,1.0,1.0
5029152e085d11ebbd5cac1f6bf848b6,ace_focused_96,ace,focused,1.0,1.0,1.0,1.0,1.0,1.0,75.0,1.0,1.0
beaf107f089a11ebbd77ac1f6bf848b6,ace_focused_96,ace,focused,0.0,0.0,0.0,0.0,0.3736,0.5,91.0,1.0,1.0
0961bb2808c611ebbd90ac1f6bf848b6,ace_focused_96,ace,focused,0.0,0.0,0.0,0.8333,0.7528,0.5,89.0,0.5,0.0
8854559c08b911ebbd88ac1f6bf848b6,ace_focused_96,ace,focused,1.0,1.0,1.0,1.0,0.2979,1.0,94.0,1.0,1.0
09c3e79c0bde11eba7f7acde48001122,ace_focused_96,ace,focused,0.0,0.0,0.0,0.0,0.2717,0.5,92.0,0.5,0.0
59603ef00bdd11eba7f7acde48001122,ace_focused_96,ace,focused,1.0,1.0,0.0,0.0,0.5747,0.5,87.0,0.5,0.0
13c15658087311ebbd66ac1f6bf848b6,ace_focused_96,ace,focused,1.0,1.0,1.0,1.0,1.0,0.5,94.0,0.5,0.0
3de5f3d60bdd11eba7f7acde48001122,ace_focused_96,ace,focused,1.0,1.0,0.0,0.0,0.3085,0.5,94.0,0.5,0.0
08ceb92e0bda11eba7f7acde48001122,ace_focused_96,ace,focused,0.0,0.0,0.0,0.0,0.0,0.0,80.0,0.0,0.0
1b053aca0bdd11eba7f7acde48001122,ace_focused_96,ace,focused,0.0,0.0,0.0,0.0,0.2872,0.5,94.0,0.5,0.0
dfee66b608c911ebbd92ac1f6bf848b6,ace_focused_96,ace,focused,0.0,0.0,0.0,0.0,0.3229,0.5,96.0,1.0,1.0
23ae34720bda11eba7f7acde48001122,ace_focused_96,ace,focused,0.0,0.0,0.0,0.0,0.0,0.0,96.0,0.5,0.0
91f8aeb508b811ebbd88ac1f6bf848b6,ace_focused_96,ace,focused,0.0,0.0,1.0,1.0,0.6203,0.25,79.0,0.25,0.0
84b2e1e708ce11ebbd94ac1f6bf848b6,ace_focused_96,ace,focused,0.0,0.0,1.0,1.0,1.0,1.0,88.0,1.0,1.0
9c1de1cf08b111ebbd85ac1f6bf848b6,ace_focused_96,ace,focused,0.0,0.0,1.0,1.0,0.4588,0.5,85.0,1.0,1.0
4bc286620bde11eba7f7acde48001122,ace_focused_96,ace,focused,0.0,0.0,0.0,0.0,0.7527,0.5,93.0,1.0,1.0
b4f63414088511ebbd6dac1f6bf848b6,ace_focused_96,ace,focused,0.0,0.0,0.0,0.0,0.2933,0.5,75.0,1.0,1.0
5cc7e4f20bd911eba7f7acde48001122,ace_focused_96,ace,focused,0.0,0.0,0.0,0.0,0.3516,0.5,91.0,0.5,0.0
7d8986360bda11eba7f7acde48001122,ace_focused_96,ace,focused,0.0,0.0,0.0,0.0,0.4773,0.5,88.0,0.5,0.0
d3493f98086611ebbd5eac1f6bf848b6,ace_focused_96,ace,focused,1.0,1.0,1.0,1.0,1.0,1.0,96.0,1.0,1.0
29306dfc0bda11eba7f7acde48001122,ace_focused_96,ace,focused,0.0,0.0,0.0,0.5,1.0,0.5,71.0,0.5,0.0
d105363b086e11ebbd62ac1f6bf848b6,ace_focused_96,ace,focused,0.0,0.1818,1.0,1.0,0.6854,1.0,89.0,1.0,1.0
350112e4085b11ebbd5cac1f6bf848b6,ace_focused_96,ace,focused,0.0,0.0,0.0,0.0,0.3919,0.25,74.0,0.5,0.0
27e926ca0bb011ebab90acde48001122,ace_focused_96,ace,focused,0.0,0.0,0.0,0.0,0.5543,0.5,92.0,0.5,0.0
650ee40e0bdd11eba7f7acde48001122,ace_focused_96,ace,focused,0.0,0.0,0.0,0.0,0.6,0.5,85.0,0.5,0.0
43765d20087411ebbd67ac1f6bf848b6,ace_focused_96,ace,focused,0.0,0.0,0.0,0.0,0.7356,0.5,87.0,0.5,0.0
ab5beae00bda11eba7f7acde48001122,ace_focused_96,ace,focused,0.0,0.0,0.0,0.0,0.0,0.0,76.0,0.5,0.0
95c505f4097f11ebbdb0ac1f6bf848b6,ace_focused_96,ace,focused,0.0,0.0,1.0,1.0,0.2553,0.5,94.0,1.0,1.0
fb9a9b0c089011ebbd72ac1f6bf848b6,ace_focused_96,ace,focused,0.0,0.0,0.0,0.5,0.5059,0.5,85.0,1.0,1.0
d4708a220bd911eba7f7acde48001122,ace_focused_96,ace,focused,0.0,0.0,0.0,0.0,0.2917,0.5,96.0,0.5,0.0
b2a1b19e096e11ebbdb0ac1f6bf848b6,ace_focused_96,ace,focused,0.0,0.0,0.0,0.0,0.4624,0.5,93.0,1.0,1.0
0c3675d40bda11eba7f7acde48001122,ace_focused_96,ace,focused,0.0,0.0,0.0,0.0,0.0,0.0,70.0,0.0,0.0
19cae67d097711ebbdb0ac1f6bf848b6,ace_focused_96,ace,focused,1.0,1.0,1.0,1.0,0.7917,1.0,96.0,1.0,1.0
7257a60608cb11ebbd92ac1f6bf848b6,ace_focused_96,ace,focused,1.0,1.0,0.0,0.0,0.4944,0.25,89.0,0.5,0.0
3f1b7d3b086c11ebbd61ac1f6bf848b6,ace_focused_96,ace,focused,0.0,0.0,0.0,0.0,0.7474,0.5,95.0,0.75,0.0
8d8c678b085911ebbd5bac1f6bf848b6,ace_focused_96,ace,focused,1.0,1.0,1.0,1.0,0.4896,0.5,96.0,0.5,0.0
e5bc717c0bdb11eba7f7acde48001122,ace_focused_96,ace,focused,0.0,0.0,0.0,0.0,0.25,0.5,88.0,0.5,0.0
57dabdf1091c11ebbdaeac1f6bf848b6,ace_focused_96,ace,focused,0.0,0.0,0.0,0.0,1.0,1.0,89.0,1.0,1.0
60bb44320bd911eba7f7acde48001122,ace_focused_96,ace,focused,0.0,0.0,0.0,0.0,0.0,0.0,80.0,0.5,0.0
d428aedc08a011ebbd78ac1f6bf848b6,ace_focused_96,ace,focused,1.0,1.0,1.0,1.0,0.4222,0.5,90.0,0.5,0.0
4ef0d0c80bde11eba7f7acde48001122,ace_focused_96,ace,focused,0.0,0.0,0.0,0.0,0.2967,0.5,91.0,1.0,1.0
1ebbc9b20bde11eba7f7acde48001122,ace_focused_96,ace,focused,0.0,0.0,0.0,0.0,0.4474,0.5,76.0,1.0,1.0
958dc314091911ebbdaeac1f6bf848b6,ace_focused_96,ace,focused,0.0,0.0,0.0,0.0,0.6585,1.0,82.0,1.0,1.0
3e75a2b908bf11ebbd8aac1f6bf848b6,ace_focused_96,ace,focused,1.0,1.0,1.0,1.0,0.4444,0.5,81.0,1.0,1.0
c3f2f69a094411ebbdaeac1f6bf848b6,ace_focused_96,ace,focused,1.0,1.0,1.0,1.0,0.871,1.0,93.0,1.0,1.0
66eefd9e0bde11eba7f7acde48001122,ace_focused_96,ace,focused,0.0,0.0,0.0,0.0,0.0,0.0,63.0,0.0,0.0
658f9a300bd911eba7f7acde48001122,ace_focused_96,ace,focused,0.0,0.0,0.0,0.0,0.5125,0.5,80.0,0.5,0.0
5ff9cc8c0baf11ebab90acde48001122,ace_focused_96,ace,focused,0.0,0.5,0.0,1.0,0.6104,0.5,77.0,1.0,1.0
cc19962c0bdc11eba7f7acde48001122,ace_focused_96,ace,focused,0.0,0.0,0.0,0.0,0.4225,0.5,71.0,0.5,0.0
774fa4e20bdc11eba7f7acde48001122,ace_focused_96,ace,focused,0.0,0.0,0.0,0.0,0.3333,0.5,96.0,1.0,1.0
284e2815085811ebbd5aac1f6bf848b6,ace_focused_96,ace,focused,0.0,0.0,1.0,1.0,1.0,0.5,76.0,0.5,0.0
5cd23bea0bda11eba7f7acde48001122,ace_focused_96,ace,focused,0.0,0.0,0.0,0.0,0.6897,0.5,87.0,0.5,0.0
b9687149089811ebbd77ac1f6bf848b6,ace_focused_96,ace,focused,0.0,0.0,0.0,0.0,0.1818,0.25,77.0,0.25,0.0
318ebd55087f11ebbd6bac1f6bf848b6,ace_focused_96,ace,focused,0.0,0.0,1.0,1.0,0.6585,0.5,82.0,0.5,0.0
60814b660bb011ebab90acde48001122,ace_focused_96,ace,focused,0.0,0.0,0.0,0.3333,0.5957,0.5,94.0,1.0,1.0
6c7f03240bdb11eba7f7acde48001122,ace_focused_96,ace,focused,0.0,0.0,0.0,0.0,0.3735,0.5,83.0,0.5,0.0
b68527e40bdd11eba7f7acde48001122,ace_focused_96,ace,focused,0.0,0.0,0.0,0.0,0.3263,0.5,95.0,1.0,1.0
eb9a4b7c0bdc11eba7f7acde48001122,ace_focused_96,ace,focused,0.0,0.0,0.0,0.0,0.3875,0.5,80.0,1.0,1.0
63ccce2308cb11ebbd92ac1f6bf848b6,ace_focused_96,ace,focused,1.0,1.0,1.0,1.0,0.8409,1.0,88.0,1.0,1.0
4a6714f608d011ebbd95ac1f6bf848b6,ace_focused_96,ace,focused,1.0,1.0,0.0,0.5,1.0,0.25,66.0,0.75,0.0
251db78c0bdb11eba7f7acde48001122,ace_focused_96,ace,focused,0.0,0.0,0.0,0.0,0.4805,0.5,77.0,0.5,0.0
cc6b0e9e084e11ebbd56ac1f6bf848b6,ace_focused_96,ace,focused,1.0,1.0,1.0,1.0,1.0,0.5,70.0,0.75,0.0
b16d1ab40bdd11eba7f7acde48001122,ace_focused_96,ace,focused,0.0,0.0,0.0,0.0,1.0,1.0,89.0,1.0,1.0
e171d29a0bdd11eba7f7acde48001122,ace_focused_96,ace,focused,0.0,0.0,0.0,0.3333,0.5422,0.5,83.0,0.5,0.0
901658be084d11ebbd56ac1f6bf848b6,ace_focused_96,ace,focused,1.0,1.0,1.0,1.0,1.0,0.5,90.0,0.75,0.0
042bf49e0bdb11eba7f7acde48001122,ace_focused_96,ace,focused,0.0,0.0,0.0,0.0,0.5161,0.5,93.0,0.5,0.0
4d559f400bda11eba7f7acde48001122,ace_focused_96,ace,focused,0.0,0.0,0.0,0.5,0.2561,0.5,82.0,0.5,0.0
0d232356091511ebbdadac1f6bf848b6,ace_focused_96,ace,focused,0.0,0.0,0.0,0.0,0.8554,0.5,83.0,1.0,1.0
1ed79b0a087411ebbd67ac1f6bf848b6,ace_focused_96,ace,focused,0.0,0.0,1.0,1.0,1.0,0.5,95.0,1.0,1.0
f21ab6980bdd11eba7f7acde48001122,ace_focused_96,ace,focused,0.0,0.0,0.0,0.0,0.4235,0.5,85.0,1.0,1.0
1c593ac008ae11ebbd83ac1f6bf848b6,ace_focused_96,ace,focused,0.0,0.0,0.0,0.0,0.3218,0.25,87.0,0.5,0.0
eb18a27a0baf11ebab90acde48001122,ace_focused_96,ace,focused,0.0,0.0,0.0,0.5,0.5938,0.5,96.0,0.5,0.0
bedf588e0baf11ebab90acde48001122,ace_focused_96,ace,focused,0.0,0.4,0.0,0.5,0.6923,0.5,91.0,0.5,0.0
fffc59fc088f11ebbd72ac1f6bf848b6,ace_focused_96,ace,focused,0.0,0.0,1.0,1.0,0.7326,0.5,86.0,0.5,0.0
e2cadf420bdd11eba7f7acde48001122,ace_focused_96,ace,focused,0.0,0.0,0.0,0.0,0.6962,0.5,79.0,1.0,1.0
337c710c08b511ebbd88ac1f6bf848b6,ace_focused_96,ace,focused,1.0,1.0,0.0,0.3333,0.5309,0.5,81.0,1.0,1.0
62df628e0bde11eba7f7acde48001122,ace_focused_96,ace,focused,0.0,0.0,0.0,0.0,0.7391,0.5,92.0,1.0,1.0
a1f532760bdb11eba7f7acde48001122,ace_focused_96,ace,focused,0.0,0.0,0.0,0.5,0.6705,1.0,88.0,1.0,1.0
5dea5497089b11ebbd78ac1f6bf848b6,ace_focused_96,ace,focused,1.0,1.0,1.0,1.0,0.5435,0.5,92.0,0.5,0.0
c6d520840bda11eba7f7acde48001122,ace_focused_96,ace,focused,0.0,0.0,1.0,1.0,0.4409,1.0,93.0,1.0,1.0
66c00bf60bde11eba7f7acde48001122,ace_focused_96,ace,focused,0.0,0.0,0.0,0.0,0.7857,0.5,70.0,0.5,0.0
95ab4cac0bdc11eba7f7acde48001122,ace_focused_96,ace,focused,1.0,1.0,1.0,1.0,0.747,1.0,83.0,1.0,1.0
27b8af06088e11ebbd70ac1f6bf848b6,ace_focused_96,ace,focused,0.0,0.0,0.0,0.0,0.5797,0.25,69.0,0.5,0.0
50f1350208af11ebbd83ac1f6bf848b6,ace_focused_96,ace,focused,0.0,0.0,0.0,0.0,1.0,0.25,76.0,0.5,0.0
68a60785087511ebbd67ac1f6bf848b6,ace_focused_96,ace,focused,0.0,0.5,1.0,1.0,1.0,1.0,69.0,1.0,1.0
9e68b794091311ebbdadac1f6bf848b6,ace_focused_96,ace,focused,0.0,0.0,0.0,0.0,0.375,0.5,88.0,1.0,1.0
d922570808dc11ebbd9dac1f6bf848b6,ace_focused_96,ace,focused,0.0,0.0,0.0,0.0,1.0,1.0,89.0,1.0,1.0
fd5a8ea0086711ebbd5eac1f6bf848b6,ace_focused_96,ace,focused,1.0,1.0,1.0,1.0,0.6344,1.0,93.0,1.0,1.0
dff7c3b60bdd11eba7f7acde48001122,ace_focused_96,ace,focused,1.0,1.0,0.0,0.0,0.4267,0.5,75.0,0.5,0.0
75c64fb00bda11eba7f7acde48001122,ace_focused_96,ace,focused,0.0,0.25,0.0,0.3333,0.2805,0.5,82.0,0.5,0.0
43acd28e0bde11eba7f7acde48001122,ace_focused_96,ace,focused,0.0,0.0,0.0,0.0,0.7294,0.5,85.0,1.0,1.0
86afde360bda11eba7f7acde48001122,ace_focused_96,ace,focused,0.0,0.0,0.0,0.0,0.3516,0.5,91.0,0.5,0.0
2a7d95fc0bdc11eba7f7acde48001122,ace_focused_96,ace,focused,0.0,0.0,0.0,0.0,0.0,0.0,93.0,0.5,0.0
7de481100baf11ebab90acde48001122,ace_focused_96,ace,focused,0.0,0.0,0.0,0.3333,0.4167,0.5,84.0,1.0,1.0
d8df66240bdd11eba7f7acde48001122,ace_focused_96,ace,focused,0.0,0.0,0.0,0.1667,0.6316,0.5,95.0,1.0,1.0
2e925d6a0bde11eba7f7acde48001122,ace_focused_96,ace,focused,0.0,0.0,0.0,0.0,0.5233,0.5,86.0,1.0,1.0
4b879bd6087a11ebbd67ac1f6bf848b6,ace_focused_96,ace,focused,1.0,1.0,1.0,1.0,0.7,0.5,90.0,0.5,0.0
eb30f33c086611ebbd5eac1f6bf848b6,ace_focused_96,ace,focused,0.0,0.0,0.0,0.0,0.4253,0.5,87.0,0.5,0.0
59f0b4d608b211ebbd85ac1f6bf848b6,ace_focused_96,ace,focused,1.0,1.0,1.0,1.0,0.75,1.0,96.0,1.0,1.0
ef48a3720baf11ebab90acde48001122,ace_focused_96,ace,focused,0.0,0.0,0.0,0.75,1.0,0.5,77.0,1.0,1.0
39c32aa2086411ebbd5eac1f6bf848b6,ace_focused_96,ace,focused,0.0,0.0,1.0,1.0,0.6737,1.0,95.0,1.0,1.0
4b11ef0808cf11ebbd95ac1f6bf848b6,ace_focused_96,ace,focused,1.0,1.0,1.0,1.0,0.7262,0.5,84.0,0.5,0.0
354ab1c408e211ebbda3ac1f6bf848b6,ace_focused_96,ace,focused,0.0,0.0,0.0,0.0,0.4375,0.25,96.0,0.5,0.0
4293552c0bb011ebab90acde48001122,ace_focused_96,ace,focused,0.0,0.0,0.0,0.3333,0.5393,0.5,89.0,1.0,1.0
2a234d2d089911ebbd77ac1f6bf848b6,ace_focused_96,ace,focused,1.0,1.0,1.0,1.0,1.0,1.0,81.0,1.0,1.0
565785740bb011ebab90acde48001122,ace_focused_96,ace,focused,0.0,0.0,0.0,0.0,0.0,0.0,88.0,0.5,0.0
511af4e80baf11ebab90acde48001122,ace_focused_96,ace,focused,0.0,0.0,0.0,0.6,1.0,0.5,81.0,0.5,0.0
227adf2c086c11ebbd60ac1f6bf848b6,ace_focused_96,ace,focused,0.0,0.0,0.0,0.5,0.0,0.0,86.0,0.5,0.0
bac99ab40bd911eba7f7acde48001122,ace_focused_96,ace,focused,0.0,0.0,0.0,0.25,0.1875,0.5,96.0,0.5,0.0
c001b9b40bdc11eba7f7acde48001122,ace_focused_96,ace,focused,0.0,0.0,0.0,0.0,0.0,0.0,95.0,0.5,0.0
c31b2d920bdc11eba7f7acde48001122,ace_focused_96,ace,focused,0.0,0.0,0.0,0.0,0.0,0.0,95.0,0.0,0.0
13288e3a090b11ebbdadac1f6bf848b6,ace_focused_96,ace,focused,0.0,0.0,1.0,1.0,0.525,0.5,80.0,1.0,1.0
f62ae4f9096911ebbdafac1f6bf848b6,ace_focused_96,ace,focused,1.0,1.0,1.0,1.0,0.5823,1.0,79.0,1.0,1.0
4bb64b540bde11eba7f7acde48001122,ace_focused_96,ace,focused,0.0,0.0,0.0,0.25,0.3579,0.5,95.0,0.5,0.0
4facc3320bd911eba7f7acde48001122,ace_focused_96,ace,focused,0.0,0.0,0.0,0.0,0.4725,0.5,91.0,0.5,0.0
af07336e0bdc11eba7f7acde48001122,ace_focused_96,ace,focused,0.0,0.0,0.0,0.0,0.3804,0.5,92.0,1.0,1.0
06ceba5e0bb011ebab90acde48001122,ace_focused_96,ace,focused,0.0,0.0,0.0,0.6667,0.5,0.5,88.0,0.5,0.0
5a7f3e9d08e711ebbda6ac1f6bf848b6,ace_focused_96,ace,focused,0.0,0.0,0.0,0.0,0.5517,0.5,87.0,1.0,1.0
eee1f0af085911ebbd5bac1f6bf848b6,ace_focused_96,ace,focused,1.0,1.0,1.0,1.0,0.6915,1.0,94.0,1.0,1.0
7019886b093511ebbdaeac1f6bf848b6,ace_focused_96,ace,focused,1.0,1.0,1.0,1.0,0.6087,1.0,92.0,1.0,1.0
8326634a08a111ebbd79ac1f6bf848b6,ace_focused_96,ace,focused,0.0,0.0,0.0,0.0,0.3953,1.0,86.0,1.0,1.0
c74ed73b088d11ebbd70ac1f6bf848b6,ace_focused_96,ace,focused,1.0,1.0,1.0,1.0,0.3793,0.25,87.0,0.5,0.0
2f3c0934087b11ebbd67ac1f6bf848b6,ace_focused_96,ace,focused,0.0,0.0,0.0,0.0,0.369,0.25,84.0,0.25,0.0
0ccfc77808c611ebbd90ac1f6bf848b6,ace_focused_96,ace,focused,1.0,1.0,1.0,1.0,0.7143,0.5,70.0,0.5,0.0
5136616008b211ebbd85ac1f6bf848b6,ace_focused_96,ace,focused,1.0,1.0,1.0,1.0,0.5761,0.25,92.0,0.5,0.0
afcff22e0bda11eba7f7acde48001122,ace_focused_96,ace,focused,0.0,0.0,0.0,0.0,0.4,0.5,95.0,0.5,0.0
986625bc0bdb11eba7f7acde48001122,ace_focused_96,ace,focused,0.0,0.0,0.0,0.0,0.7614,0.5,88.0,0.5,0.0
290458a20bda11eba7f7acde48001122,ace_focused_96,ace,focused,0.0,0.0,0.0,0.0,0.0,0.0,91.0,0.5,0.0
7eeba090088d11ebbd70ac1f6bf848b6,ace_focused_96,ace,focused,1.0,1.0,1.0,1.0,0.3457,1.0,81.0,1.0,1.0
56c3a6c20bd911eba7f7acde48001122,ace_focused_96,ace,focused,0.0,0.0,0.0,0.0,0.4375,0.5,80.0,1.0,1.0
0d118fb00bdb11eba7f7acde48001122,ace_focused_96,ace,focused,0.0,0.0,0.0,0.0,0.642,0.5,81.0,0.5,0.0
07fce4900bde11eba7f7acde48001122,ace_focused_96,ace,focused,0.0,0.0,0.0,0.0,0.5444,0.5,90.0,0.5,0.0
9ff14fea0baf11ebab90acde48001122,ace_focused_96,ace,focused,0.0,0.0,0.0,0.0,0.3,0.5,80.0,0.5,0.0
955ddc6a0bdc11eba7f7acde48001122,ace_focused_96,ace,focused,0.0,0.0,0.0,0.0,0.2963,0.5,81.0,0.5,0.0
50b9582c0bb011ebab90acde48001122,ace_focused_96,ace,focused,0.0,0.0,1.0,1.0,0.7534,1.0,73.0,1.0,1.0
1b7752be0bdc11eba7f7acde48001122,ace_focused_96,ace,focused,0.0,0.0,0.0,0.0,0.0,0.0,89.0,0.5,0.0
f31d38460bdc11eba7f7acde48001122,ace_focused_96,ace,focused,0.0,0.0,0.0,0.0,1.0,0.5,75.0,1.0,1.0
dd01c8180bd911eba7f7acde48001122,ace_focused_96,ace,focused,0.0,0.0,0.0,0.0,0.0,0.0,91.0,1.0,1.0
afc6b59708b611ebbd88ac1f6bf848b6,ace_focused_96,ace,focused,1.0,1.0,1.0,1.0,0.2609,0.25,69.0,0.5,0.0
df66ea220bdc11eba7f7acde48001122,ace_focused_96,ace,focused,1.0,1.0,1.0,1.0,1.0,1.0,77.0,1.0,1.0
a84ba2780bda11eba7f7acde48001122,ace_focused_96,ace,focused,0.0,0.0,0.0,0.0,0.0,0.0,91.0,0.0,0.0
c418fa2408e811ebbda6ac1f6bf848b6,ace_focused_96,ace,focused,0.0,0.0,1.0,1.0,0.2316,0.5,95.0,0.5,0.0
96beb0b3086111ebbd5dac1f6bf848b6,ace_focused_96,ace,focused,1.0,1.0,1.0,1.0,0.6932,1.0,88.0,1.0,1.0
74b171780bde11eba7f7acde48001122,ace_focused_96,ace,focused,0.0,0.0,0.0,0.0,0.0,0.0,84.0,0.5,0.0
8930ad3c0bdc11eba7f7acde48001122,ace_focused_96,ace,focused,0.0,0.0,0.0,0.0,0.4409,0.5,93.0,0.5,0.0
51a08d5308ac11ebbd82ac1f6bf848b6,ace_focused_96,ace,focused,1.0,1.0,1.0,1.0,0.3765,0.5,85.0,1.0,1.0
b4254d4c0bda11eba7f7acde48001122,ace_focused_96,ace,focused,0.0,0.0,0.0,0.0,0.5366,0.5,82.0,1.0,1.0
f77f95da0bd911eba7f7acde48001122,ace_focused_96,ace,focused,0.0,0.0,0.0,0.0,0.2258,0.5,93.0,0.5,0.0
3581ccec0bdd11eba7f7acde48001122,ace_focused_96,ace,focused,0.0,0.0,0.0,0.0,0.0,0.0,81.0,0.0,0.0
20058aec0bde11eba7f7acde48001122,ace_focused_96,ace,focused,0.0,0.0,0.0,0.0,0.4719,0.5,89.0,1.0,1.0
f4a66ac60bae11ebab90acde48001122,ace_focused_96,ace,focused,0.0,0.0,0.0,0.5,0.6395,0.5,86.0,0.5,0.0
001ad110086911ebbd5eac1f6bf848b6,ace_focused_96,ace,focused,0.0,0.0,0.0,0.0,0.0,0.0,88.0,0.5,0.0
b3c4b3a80bdd11eba7f7acde48001122,ace_focused_96,ace,focused,0.0,0.0,0.0,0.0,0.4889,0.5,90.0,0.5,0.0
38fdf5420bda11eba7f7acde48001122,ace_focused_96,ace,focused,0.0,0.0,0.0,0.0,0.4103,0.5,78.0,0.5,0.0
6a53eb53089b11ebbd78ac1f6bf848b6,ace_focused_96,ace,focused,0.0,0.0,1.0,1.0,0.7412,1.0,85.0,1.0,1.0
4c319d400bde11eba7f7acde48001122,ace_focused_96,ace,focused,0.0,0.0,0.0,0.0,0.6559,0.5,93.0,0.5,0.0
998f8786089711ebbd77ac1f6bf848b6,ace_focused_96,ace,focused,1.0,1.0,1.0,1.0,0.5,0.25,82.0,0.5,0.0
0b78b1e9087411ebbd67ac1f6bf848b6,ace_focused_96,ace,focused,0.0,0.0,0.0,0.0,1.0,1.0,80.0,1.0,1.0
632fcc82085611ebbd59ac1f6bf848b6,ace_focused_96,ace,focused,0.0,0.0,1.0,1.0,0.4255,1.0,94.0,1.0,1.0
272062fc088c11ebbd6fac1f6bf848b6,ace_focused_96,ace,focused,0.0,0.0,0.0,0.0,0.0,0.0,81.0,0.25,0.0
241a9d0c0bde11eba7f7acde48001122,ace_focused_96,ace,focused,0.0,0.6667,0.0,0.0,0.506,0.5,83.0,0.5,0.0
c6c492e008bb11ebbd88ac1f6bf848b6,ace_focused_96,ace,focused,1.0,1.0,1.0,1.0,0.5897,1.0,78.0,1.0,1.0
b67ef6380bda11eba7f7acde48001122,ace_focused_96,ace,focused,1.0,1.0,1.0,1.0,0.7053,1.0,95.0,1.0,1.0
4a3edf720bdc11eba7f7acde48001122,ace_focused_96,ace,focused,0.0,0.0,0.0,0.0,0.6875,0.5,96.0,0.5,0.0
b21084c2097c11ebbdb0ac1f6bf848b6,ace_focused_96,ace,focused,1.0,1.0,1.0,1.0,0.6304,1.0,92.0,1.0,1.0
f5c9a3f2086111ebbd5dac1f6bf848b6,ace_focused_96,ace,focused,0.0,0.0,1.0,1.0,0.8267,1.0,75.0,1.0,1.0
1a344858086711ebbd5eac1f6bf848b6,ace_focused_96,ace,focused,1.0,1.0,1.0,1.0,1.0,0.75,85.0,0.75,0.0
dac1f66e0bdd11eba7f7acde48001122,ace_focused_96,ace,focused,1.0,1.0,0.0,0.0,1.0,1.0,93.0,1.0,1.0
141636ac0bdc11eba7f7acde48001122,ace_focused_96,ace,focused,0.0,0.0,0.0,0.0,0.6463,0.5,82.0,0.5,0.0
48b07de00bb011ebab90acde48001122,ace_focused_96,ace,focused,0.0,0.2222,0.0,0.8571,0.3448,0.5,87.0,1.0,1.0
ad193b1808b411ebbd88ac1f6bf848b6,ace_mmr_96,ace,mmr,1.0,1.0,1.0,1.0,0.5698,0.5,86.0,0.5,0.0
5b168cd8089811ebbd77ac1f6bf848b6,ace_mmr_96,ace,mmr,1.0,1.0,1.0,1.0,1.0,1.0,74.0,1.0,1.0
b23a2b360baf11ebab90acde48001122,ace_mmr_96,ace,mmr,0.0,0.2,0.0,0.6,0.4725,0.5,91.0,1.0,1.0
c5ffa16a0bdb11eba7f7acde48001122,ace_mmr_96,ace,mmr,0.0,0.0,0.0,0.0,0.5735,0.5,68.0,0.5,0.0
eb3ff1900baf11ebab90acde48001122,ace_mmr_96,ace,mmr,0.0,0.5714,1.0,1.0,0.7126,0.5,87.0,1.0,1.0
59a16ade0baf11ebab90acde48001122,ace_mmr_96,ace,mmr,0.0,0.0,0.0,0.0,1.0,0.5,77.0,0.5,0.0
5c9ef1d80bdd11eba7f7acde48001122,ace_mmr_96,ace,mmr,0.0,0.0,0.0,0.0,0.0,0.0,85.0,0.5,0.0
a537c442086d11ebbd62ac1f6bf848b6,ace_mmr_96,ace,mmr,0.0,0.0,1.0,1.0,0.775,0.5,80.0,0.5,0.0
01588f7208be11ebbd8aac1f6bf848b6,ace_mmr_96,ace,mmr,1.0,1.0,1.0,1.0,1.0,0.5,78.0,0.5,0.0
6b55ac320bdb11eba7f7acde48001122,ace_mmr_96,ace,mmr,0.0,0.0,0.0,0.0,0.6977,0.5,86.0,1.0,1.0
fde95590089c11ebbd78ac1f6bf848b6,ace_mmr_96,ace,mmr,0.0,0.0,0.0,0.0,0.0,0.0,96.0,1.0,1.0
1f8a41b60bde11eba7f7acde48001122,ace_mmr_96,ace,mmr,0.0,0.0,0.0,0.0,0.3333,0.5,96.0,0.5,0.0
50008e080bda11eba7f7acde48001122,ace_mmr_96,ace,mmr,0.0,0.0,0.0,0.0,0.0,0.0,83.0,0.5,0.0
9f62be2008ac11ebbd83ac1f6bf848b6,ace_mmr_96,ace,mmr,0.0,0.0,0.0,0.0,0.6429,0.5,84.0,1.0,1.0
6bb800f00bde11eba7f7acde48001122,ace_mmr_96,ace,mmr,0.0,0.0,0.0,0.0,0.4946,0.5,93.0,1.0,1.0
1822cbb4089111ebbd72ac1f6bf848b6,ace_mmr_96,ace,mmr,1.0,1.0,1.0,1.0,0.5579,0.5,95.0,0.5,0.0
87154f1e0bda11eba7f7acde48001122,ace_mmr_96,ace,mmr,0.0,0.0,0.0,0.0,0.3191,0.5,94.0,0.5,0.0
709430f20bda11eba7f7acde48001122,ace_mmr_96,ace,mmr,0.0,0.0,0.0,0.0,0.4615,1.0,91.0,1.0,1.0
1aecfdf608a011ebbd78ac1f6bf848b6,ace_mmr_96,ace,mmr,0.0,0.0,0.0,0.3333,0.3085,0.5,94.0,1.0,1.0
03d68971096e11ebbdb0ac1f6bf848b6,ace_mmr_96,ace,mmr,0.0,0.0,0.0,0.0,0.7053,1.0,95.0,1.0,1.0
8a6eec600bda11eba7f7acde48001122,ace_mmr_96,ace,mmr,0.0,0.0,0.0,0.0,0.5333,0.5,75.0,0.5,0.0
3497795008bb11ebbd88ac1f6bf848b6,ace_mmr_96,ace,mmr,0.0,0.0,0.0,0.3333,0.5208,0.25,96.0,0.75,0.0
305e54500bde11eba7f7acde48001122,ace_mmr_96,ace,mmr,0.0,0.0,0.0,0.0,0.6522,0.5,69.0,0.5,0.0
6aa8edb5086411ebbd5eac1f6bf848b6,ace_mmr_96,ace,mmr,1.0,1.0,1.0,1.0,0.8958,1.0,96.0,1.0,1.0
4a8d58f0085811ebbd5aac1f6bf848b6,ace_mmr_96,ace,mmr,1.0,1.0,0.0,0.0,0.5699,0.25,93.0,0.75,0.0
00ce250d095f11ebbdafac1f6bf848b6,ace_mmr_96,ace,mmr,0.0,0.0,0.0,0.0,0.3636,0.5,77.0,1.0,1.0
c6128932093b11ebbdaeac1f6bf848b6,ace_mmr_96,ace,mmr,1.0,1.0,1.0,1.0,0.3077,0.5,91.0,1.0,1.0
d6c5f2680bdd11eba7f7acde48001122,ace_mmr_96,ace,mmr,0.0,0.0,0.0,0.0,0.0667,0.5,90.0,0.5,0.0
07626317086e11ebbd62ac1f6bf848b6,ace_mmr_96,ace,mmr,0.0,0.0,1.0,1.0,0.6737,0.25,95.0,0.5,0.0
61f9bff8089711ebbd77ac1f6bf848b6,ace_mmr_96,ace,mmr,1.0,1.0,0.0,0.6667,0.4271,0.25,96.0,0.5,0.0
c3e1ad9e090d11ebbdadac1f6bf848b6,ace_mmr_96,ace,mmr,0.0,0.0,1.0,1.0,1.0,1.0,72.0,1.0,1.0
093fcf360bdc11eba7f7acde48001122,ace_mmr_96,ace,mmr,0.0,0.0,0.0,0.0,0.2875,0.5,80.0,0.5,0.0
6a419ba2087611ebbd67ac1f6bf848b6,ace_mmr_96,ace,mmr,1.0,1.0,1.0,1.0,0.6265,0.5,83.0,0.5,0.0
9bd0c7e60bdd11eba7f7acde48001122,ace_mmr_96,ace,mmr,0.0,0.0,0.0,0.0,0.0,0.0,95.0,0.5,0.0
fdbb770408da11ebbd9cac1f6bf848b6,ace_mmr_96,ace,mmr,0.0,0.0,0.0,0.0,0.2892,0.25,83.0,0.5,0.0
3cc74fb60bda11eba7f7acde48001122,ace_mmr_96,ace,mmr,0.0,0.0,0.0,0.0,0.7391,0.5,92.0,0.5,0.0
234c4f060bde11eba7f7acde48001122,ace_mmr_96,ace,mmr,0.0,0.0,0.0,0.0,0.475,0.5,80.0,1.0,1.0
c807422a0bda11eba7f7acde48001122,ace_mmr_96,ace,mmr,0.0,0.0,0.0,0.0,0.2927,0.5,82.0,0.5,0.0
77119398087411ebbd67ac1f6bf848b6,ace_mmr_96,ace,mmr,0.0,0.0,0.0,0.0,0.2421,0.5,95.0,1.0,1.0
922587b80bdd11eba7f7acde48001122,ace_mmr_96,ace,mmr,1.0,1.0,1.0,1.0,0.4878,0.5,82.0,0.5,0.0
7de9188c088b11ebbd6fac1f6bf848b6,ace_mmr_96,ace,mmr,0.0,0.5714,0.0,0.5,0.3659,0.5,82.0,0.5,0.0
ba3380fe0bdb11eba7f7acde48001122,ace_mmr_96,ace,mmr,0.0,0.0,0.0,0.0,0.6296,0.5,81.0,0.5,0.0
710d0e740bde11eba7f7acde48001122,ace_mmr_96,ace,mmr,0.0,0.0,0.0,0.0,0.5682,0.5,88.0,0.5,0.0
562aab540baf11ebab90acde48001122,ace_mmr_96,ace,mmr,0.0,0.0,0.0,0.2,0.6596,0.5,94.0,0.5,0.0
9ab545800bdd11eba7f7acde48001122,ace_mmr_96,ace,mmr,0.0,0.0,0.0,0.0,0.4494,0.5,89.0,0.5,0.0
61456758085411ebbd59ac1f6bf848b6,ace_mmr_96,ace,mmr,0.0,0.3333,1.0,1.0,0.473,0.25,74.0,0.75,0.0
26f25e9d089c11ebbd78ac1f6bf848b6,ace_mmr_96,ace,mmr,1.0,1.0,1.0,1.0,0.7791,1.0,86.0,1.0,1.0
ce5bfc90086c11ebbd61ac1f6bf848b6,ace_mmr_96,ace,mmr,0.0,0.0,0.0,0.0,0.0,0.0,81.0,0.5,0.0
f893967608a811ebbd7fac1f6bf848b6,ace_mmr_96,ace,mmr,0.0,0.0,1.0,1.0,0.2903,0.5,93.0,1.0,1.0
346a41b4084e11ebbd56ac1f6bf848b6,ace_mmr_96,ace,mmr,1.0,1.0,1.0,1.0,0.3125,0.5,96.0,0.5,0.0
bcbd76e608a111ebbd79ac1f6bf848b6,ace_mmr_96,ace,mmr,0.0,0.0,1.0,1.0,0.6848,0.5,92.0,0.5,0.0
f26542c808c511ebbd8fac1f6bf848b6,ace_mmr_96,ace,mmr,1.0,1.0,1.0,1.0,0.5579,0.5,95.0,0.5,0.0
5b1e1f240bdc11eba7f7acde48001122,ace_mmr_96,ace,mmr,0.0,0.0,0.0,0.3333,0.4051,0.5,79.0,0.5,0.0
b146f47c0bda11eba7f7acde48001122,ace_mmr_96,ace,mmr,0.0,0.0,0.0,0.0,0.8451,0.5,71.0,1.0,1.0
9c996f860bdb11eba7f7acde48001122,ace_mmr_96,ace,mmr,0.0,0.0,0.0,0.0,1.0,0.5,82.0,0.5,0.0
f491b33e0bda11eba7f7acde48001122,ace_mmr_96,ace,mmr,0.0,0.0,0.0,0.0,0.4792,0.5,96.0,0.5,0.0
21d2a107091911ebbdaeac1f6bf848b6,ace_mmr_96,ace,mmr,1.0,1.0,0.0,0.0,1.0,0.5,79.0,1.0,1.0
10e63c10087211ebbd64ac1f6bf848b6,ace_mmr_96,ace,mmr,1.0,1.0,0.0,0.0,0.4118,0.25,85.0,0.5,0.0
5c7ce15a0bde11eba7f7acde48001122,ace_mmr_96,ace,mmr,0.0,0.0,0.0,0.0,0.6627,0.5,83.0,0.5,0.0
b0e112940bdd11eba7f7acde48001122,ace_mmr_96,ace,mmr,0.0,0.0,0.0,0.0,0.3095,0.5,84.0,0.5,0.0
e6a74e020bdd11eba7f7acde48001122,ace_mmr_96,ace,mmr,0.0,0.0,0.0,0.0,0.4286,0.5,70.0,0.5,0.0
0963c8b80bdd11eba7f7acde48001122,ace_mmr_96,ace,mmr,0.0,0.0,0.0,0.0,0.5444,0.5,90.0,0.5,0.0
09beb233086d11ebbd61ac1f6bf848b6,ace_mmr_96,ace,mmr,0.0,0.0,0.0,0.0,1.0,0.5,80.0,1.0,1.0
963fffd60bdd11eba7f7acde48001122,ace_mmr_96,ace,mmr,1.0,1.0,1.0,1.0,0.175,0.5,80.0,1.0,1.0
f0d6f50c08eb11ebbda7ac1f6bf848b6,ace_mmr_96,ace,mmr,0.0,0.0,1.0,1.0,0.5376,1.0,93.0,1.0,1.0
33d1a6d60bda11eba7f7acde48001122,ace_mmr_96,ace,mmr,0.0,0.0,0.0,0.0,0.6,0.5,95.0,0.5,0.0
f31afa16094511ebbdaeac1f6bf848b6,ace_mmr_96,ace,mmr,0.0,0.0,1.0,1.0,0.7556,0.5,90.0,1.0,1.0
3654974a08df11ebbda0ac1f6bf848b6,ace_mmr_96,ace,mmr,0.0,0.0,1.0,1.0,1.0,0.5,73.0,0.75,0.0
2d2fdefe085311ebbd59ac1f6bf848b6,ace_mmr_96,ace,mmr,0.0,0.0,1.0,1.0,1.0,1.0,91.0,1.0,1.0
7a01a52a089c11ebbd78ac1f6bf848b6,ace_mmr_96,ace,mmr,1.0,1.0,1.0,1.0,0.6771,0.5,96.0,0.5,0.0
d8a00ed40bdd11eba7f7acde48001122,ace_mmr_96,ace,mmr,0.0,0.0,0.0,0.3333,0.3333,0.5,96.0,0.5,0.0
c37f944e08e611ebbda5ac1f6bf848b6,ace_mmr_96,ace,mmr,1.0,1.0,1.0,1.0,1.0,1.0,72.0,1.0,1.0
b670607d08b611ebbd88ac1f6bf848b6,ace_mmr_96,ace,mmr,1.0,1.0,1.0,1.0,1.0,0.5,89.0,0.75,0.0
62a0531e0bde11eba7f7acde48001122,ace_mmr_96,ace,mmr,0.0,0.0,0.0,0.0,0.0,0.0,74.0,0.5,0.0
03f2846e0bb011ebab90acde48001122,ace_mmr_96,ace,mmr,0.0,0.0,0.0,0.6,0.6742,0.5,89.0,1.0,1.0
98da1bb608d411ebbd96ac1f6bf848b6,ace_mmr_96,ace,mmr,1.0,1.0,1.0,1.0,1.0,0.5,90.0,0.75,0.0
bb792556091811ebbdaeac1f6bf848b6,ace_mmr_96,ace,mmr,1.0,1.0,0.0,0.6667,0.1957,0.5,92.0,1.0,1.0
46e99a3d094111ebbdaeac1f6bf848b6,ace_mmr_96,ace,mmr,1.0,1.0,1.0,1.0,0.5056,1.0,89.0,1.0,1.0
2f6aa3ba0bb011ebab90acde48001122,ace_mmr_96,ace,mmr,0.0,0.2222,0.0,0.2,0.3222,0.5,90.0,0.5,0.0
41b295500bb011ebab90acde48001122,ace_mmr_96,ace,mmr,0.0,0.0,0.0,0.0,0.0,0.0,93.0,0.5,0.0
132a5430085d11ebbd5cac1f6bf848b6,ace_mmr_96,ace,mmr,0.0,0.0,0.0,0.0,0.5732,0.5,82.0,1.0,1.0
08e7eb340bde11eba7f7acde48001122,ace_mmr_96,ace,mmr,0.0,0.0,0.0,0.0,0.2766,0.5,94.0,0.5,0.0
91ec5b380bdc11eba7f7acde48001122,ace_mmr_96,ace,mmr,0.0,0.0,0.0,0.0,0.0,0.0,85.0,0.0,0.0
bf5c81fa0bdd11eba7f7acde48001122,ace_mmr_96,ace,mmr,0.0,0.0,0.0,0.0,0.0,0.0,95.0,0.5,0.0
cf9a08f608c911ebbd92ac1f6bf848b6,ace_mmr_96,ace,mmr,0.0,0.0,0.0,0.5,0.3182,0.25,88.0,0.5,0.0
0e5e54c908c211ebbd8bac1f6bf848b6,ace_mmr_96,ace,mmr,0.0,0.0,0.0,0.0,0.5059,0.5,85.0,1.0,1.0
af1ee605093511ebbdaeac1f6bf848b6,ace_mmr_96,ace,mmr,1.0,1.0,1.0,1.0,0.4231,1.0,78.0,1.0,1.0
3e0cebde0bd911eba7f7acde48001122,ace_mmr_96,ace,mmr,0.0,0.0,0.0,0.0,0.3784,0.5,74.0,0.5,0.0
0518615a0bde11eba7f7acde48001122,ace_mmr_96,ace,mmr,0.0,0.0,0.0,0.0,1.0,0.5,81.0,1.0,1.0
3d22de280bb011ebab90acde48001122,ace_mmr_96,ace,mmr,0.0,0.0,0.0,0.6667,0.5068,0.5,73.0,1.0,1.0
b6afbad60bdd11eba7f7acde48001122,ace_mmr_96,ace,mmr,0.0,0.0,0.0,0.0,0.3165,0.5,79.0,0.5,0.0
0b91d3200bdb11eba7f7acde48001122,ace_mmr_96,ace,mmr,0.0,0.0,0.0,0.0,0.4699,0.5,83.0,0.5,0.0
1621c01108f011ebbda8ac1f6bf848b6,ace_mmr_96,ace,mmr,0.0,0.0,0.0,0.25,0.3563,0.5,87.0,1.0,1.0
8b5f752e0bdd11eba7f7acde48001122,ace_mmr_96,ace,mmr,0.0,0.0,0.0,0.0,0.1263,0.5,95.0,0.5,0.0
5e02b99208b811ebbd88ac1f6bf848b6,ace_mmr_96,ace,mmr,0.0,0.0,1.0,1.0,0.7857,0.5,84.0,0.5,0.0
a809d3720bdd11eba7f7acde48001122,ace_mmr_96,ace,mmr,0.0,0.0,1.0,1.0,1.0,1.0,94.0,1.0,1.0
ade9a5980baf11ebab90acde48001122,ace_mmr_96,ace,mmr,0.0,0.0,0.0,0.0,1.0,1.0,93.0,1.0,1.0
8012a1e008af11ebbd83ac1f6bf848b6,ace_mmr_96,ace,mmr,1.0,1.0,0.0,0.0,1.0,0.5,87.0,0.5,0.0
d19a4bb80bdd11eba7f7acde48001122,ace_mmr_96,ace,mmr,0.0,0.0,0.0,0.0,0.36,0.5,75.0,0.5,0.0
b6b306fa0bdd11eba7f7acde48001122,ace_mmr_96,ace,mmr,0.0,0.0,0.0,0.5,0.3721,0.5,86.0,0.5,0.0
d71f453b085811ebbd5bac1f6bf848b6,ace_mmr_96,ace,mmr,0.0,0.0,0.0,0.0,0.6354,0.25,96.0,0.5,0.0
2de71a8a0bda11eba7f7acde48001122,ace_mmr_96,ace,mmr,0.0,0.0,0.0,0.0,0.0,0.0,96.0,0.5,0.0
cee7790e08cc11ebbd93ac1f6bf848b6,ace_mmr_96,ace,mmr,0.0,0.0,0.0,0.0,1.0,0.5,96.0,0.5,0.0
623ea4080bb011ebab90acde48001122,ace_mmr_96,ace,mmr,0.0,0.1538,0.0,0.2857,1.0,0.5,61.0,0.5,0.0
8d9bf1c80bb011ebab90acde48001122,ace_mmr_96,ace,mmr,0.0,0.2222,0.0,0.5,0.0,0.0,89.0,0.5,0.0
572c3827088311ebbd6dac1f6bf848b6,ace_mmr_96,ace,mmr,1.0,1.0,0.0,0.0,0.4105,0.25,95.0,0.5,0.0
b1e64cc60bd911eba7f7acde48001122,ace_mmr_96,ace,mmr,0.0,0.0,0.0,0.0,0.2632,0.5,95.0,0.5,0.0
0b9a520108c211ebbd8bac1f6bf848b6,ace_mmr_96,ace,mmr,1.0,1.0,1.0,1.0,0.4375,0.25,96.0,0.5,0.0
04e9521d088b11ebbd6fac1f6bf848b6,ace_mmr_96,ace,mmr,0.0,0.0,1.0,1.0,1.0,1.0,80.0,1.0,1.0
8522d9b2092011ebbdaeac1f6bf848b6,ace_mmr_96,ace,mmr,1.0,1.0,1.0,1.0,0.7349,1.0,83.0,1.0,1.0
ec697d900bda11eba7f7acde48001122,ace_mmr_96,ace,mmr,0.0,0.0,0.0,0.3333,0.6552,0.5,87.0,0.5,0.0
950bd11a090f11ebbdadac1f6bf848b6,ace_mmr_96,ace,mmr,0.0,0.0,1.0,1.0,1.0,1.0,88.0,1.0,1.0
c1b9c0ac0bdd11eba7f7acde48001122,ace_mmr_96,ace,mmr,0.0,0.0,0.0,0.0,0.6667,0.5,78.0,0.5,0.0
d2c47e1008df11ebbda1ac1f6bf848b6,ace_mmr_96,ace,mmr,1.0,1.0,1.0,1.0,0.4831,0.5,89.0,0.5,0.0
7b2bf8fc0bd911eba7f7acde48001122,ace_mmr_96,ace,mmr,0.0,0.0,0.0,0.0,1.0,0.5,83.0,1.0,1.0
b5ccab240bdd11eba7f7acde48001122,ace_mmr_96,ace,mmr,0.0,0.0,0.0,0.0,0.0,0.0,93.0,0.5,0.0
6a70f6f80bb011ebab90acde48001122,ace_mmr_96,ace,mmr,0.0,0.0,0.0,0.0,0.5309,0.5,81.0,0.5,0.0
1f9e4658084f11ebbd56ac1f6bf848b6,ace_mmr_96,ace,mmr,1.0,1.0,1.0,1.0,0.6702,0.5,94.0,0.5,0.0
5caef2f8096411ebbdafac1f6bf848b6,ace_mmr_96,ace,mmr,1.0,1.0,1.0,1.0,0.75,1.0,92.0,1.0,1.0
b081e08408e111ebbda3ac1f6bf848b6,ace_mmr_96,ace,mmr,1.0,1.0,1.0,1.0,0.3258,0.25,89.0,0.5,0.0
f113f24e08ad11ebbd83ac1f6bf848b6,ace_mmr_96,ace,mmr,0.0,0.0,1.0,1.0,0.4878,0.5,82.0,0.75,0.0
a6d397ea0bdd11eba7f7acde48001122,ace_mmr_96,ace,mmr,0.0,0.0,0.0,0.0,0.0,0.0,89.0,0.5,0.0
04a065a60bde11eba7f7acde48001122,ace_mmr_96,ace,mmr,0.0,0.6667,1.0,1.0,1.0,1.0,92.0,1.0,1.0
534fbfd00bd911eba7f7acde48001122,ace_mmr_96,ace,mmr,0.0,0.0,1.0,1.0,0.6277,1.0,94.0,1.0,1.0
286461f808ba11ebbd88ac1f6bf848b6,ace_mmr_96,ace,mmr,0.0,0.0,0.0,0.5,0.5862,0.5,87.0,1.0,1.0
2fa40dae0bdc11eba7f7acde48001122,ace_mmr_96,ace,mmr,0.0,0.0,0.0,0.0,0.2211,0.5,95.0,0.5,0.0
a19ca5c80bdd11eba7f7acde48001122,ace_mmr_96,ace,mmr,0.0,0.0,1.0,1.0,0.2683,0.5,82.0,0.5,0.0
6a807fc40bb011ebab90acde48001122,ace_mmr_96,ace,mmr,0.0,0.4,0.0,0.4,0.0,0.0,81.0,0.5,0.0
1118315c0bdd11eba7f7acde48001122,ace_mmr_96,ace,mmr,0.0,0.0,0.0,0.0,0.5366,0.5,82.0,0.5,0.0
185a906e0bdc11eba7f7acde48001122,ace_mmr_96,ace,mmr,0.0,0.0,0.0,0.5,0.2421,0.5,95.0,0.5,0.0
77f4e0140bb011ebab90acde48001122,ace_mmr_96,ace,mmr,0.0,0.0,0.0,0.0,0.0,0.0,88.0,0.5,0.0
2a98df6408d111ebbd95ac1f6bf848b6,ace_mmr_96,ace,mmr,0.0,0.0,0.0,0.0,0.4805,0.5,77.0,1.0,1.0
025359200bde11eba7f7acde48001122,ace_mmr_96,ace,mmr,0.0,0.0,0.0,0.0,0.3288,0.5,73.0,0.5,0.0
bd34477e0baf11ebab90acde48001122,ace_mmr_96,ace,mmr,0.0,0.0,0.0,0.8333,0.0,0.0,90.0,1.0,1.0
6a8a71280bb011ebab90acde48001122,ace_mmr_96,ace,mmr,0.0,0.5,0.0,0.5,0.0,0.0,93.0,0.5,0.0
ef9cbeca0bdd11eba7f7acde48001122,ace_mmr_96,ace,mmr,0.0,0.5,1.0,1.0,0.6737,1.0,95.0,1.0,1.0
c218a802090711ebbdadac1f6bf848b6,ace_mmr_96,ace,mmr,1.0,1.0,0.0,0.0,0.4787,0.5,94.0,1.0,1.0
f94832c408b811ebbd88ac1f6bf848b6,ace_mmr_96,ace,mmr,0.0,0.0,1.0,1.0,0.3804,0.25,92.0,0.25,0.0
8d2382e0085811ebbd5aac1f6bf848b6,ace_mmr_96,ace,mmr,0.0,0.0,1.0,1.0,0.6629,1.0,89.0,1.0,1.0
86fb31260bdd11eba7f7acde48001122,ace_mmr_96,ace,mmr,0.0,0.0,0.0,0.0,0.2021,0.5,94.0,1.0,1.0
18c0ccb1086911ebbd5eac1f6bf848b6,ace_mmr_96,ace,mmr,1.0,1.0,1.0,1.0,0.8537,1.0,82.0,1.0,1.0
e6f8d00a089611ebbd76ac1f6bf848b6,ace_mmr_96,ace,mmr,0.0,0.0,0.0,0.0,0.411,0.5,73.0,1.0,1.0
8919fb50085311ebbd59ac1f6bf848b6,ace_mmr_96,ace,mmr,0.0,0.0,1.0,1.0,1.0,1.0,90.0,1.0,1.0
d5a61878086b11ebbd60ac1f6bf848b6,ace_mmr_96,ace,mmr,1.0,1.0,1.0,1.0,0.809,1.0,89.0,1.0,1.0
f6973183085a11ebbd5cac1f6bf848b6,ace_mmr_96,ace,mmr,0.0,0.0,1.0,1.0,0.7849,0.5,93.0,0.5,0.0
fc031d360baf11ebab90acde48001122,ace_mmr_96,ace,mmr,0.0,0.2,0.0,0.2,0.4146,0.5,82.0,0.5,0.0
e5c738900bdc11eba7f7acde48001122,ace_mmr_96,ace,mmr,0.0,0.0,0.0,0.0,0.5444,0.5,90.0,1.0,1.0
6b466508097711ebbdb0ac1f6bf848b6,ace_mmr_96,ace,mmr,0.0,0.0,0.0,0.0,0.5488,1.0,82.0,1.0,1.0
46bd0bd6087511ebbd67ac1f6bf848b6,ace_mmr_96,ace,mmr,1.0,1.0,1.0,1.0,0.2235,0.25,85.0,0.5,0.0
d1bdbdbe087711ebbd67ac1f6bf848b6,ace_mmr_96,ace,mmr,0.0,0.0,0.0,0.0,0.5165,0.25,91.0,0.5,0.0
6152f66c08df11ebbda0ac1f6bf848b6,ace_mmr_96,ace,mmr,1.0,1.0,0.0,0.0,0.5823,0.25,79.0,0.5,0.0
98a3e5e9089111ebbd73ac1f6bf848b6,ace_mmr_96,ace,mmr,0.0,0.0,1.0,1.0,0.4235,0.5,85.0,0.5,0.0
6946f8d20baf11ebab90acde48001122,ace_mmr_96,ace,mmr,0.0,0.0,0.0,0.3333,0.0,0.0,92.0,0.5,0.0
3d4662300bb011ebab90acde48001122,ace_mmr_96,ace,mmr,1.0,1.0,1.0,1.0,0.6988,0.5,83.0,0.5,0.0
c504923408fe11ebbdadac1f6bf848b6,ace_mmr_96,ace,mmr,0.0,0.0,1.0,1.0,0.5761,1.0,92.0,1.0,1.0
922a629c0bb011ebab90acde48001122,ace_mmr_96,ace,mmr,0.0,0.0,0.0,0.6,0.5233,0.5,86.0,0.5,0.0
0e967bac08a711ebbd7fac1f6bf848b6,ace_mmr_96,ace,mmr,0.0,0.2857,1.0,1.0,0.4839,0.5,93.0,0.5,0.0
c1aa9b640bdc11eba7f7acde48001122,ace_mmr_96,ace,mmr,0.0,0.0,0.0,0.0,0.4526,0.5,95.0,0.5,0.0
dba424900baf11ebab90acde48001122,ace_mmr_96,ace,mmr,0.0,0.0,0.0,0.3333,0.3556,0.5,90.0,0.5,0.0
f4cc9d4908b311ebbd86ac1f6bf848b6,ace_mmr_96,ace,mmr,0.0,0.0,0.0,0.4,0.2344,0.25,64.0,0.5,0.0
6b850e0e0baf11ebab90acde48001122,ace_mmr_96,ace,mmr,0.0,0.2857,0.0,0.6667,0.6711,0.5,76.0,1.0,1.0
abce7ee208b111ebbd85ac1f6bf848b6,ace_mmr_96,ace,mmr,1.0,1.0,1.0,1.0,0.1807,0.25,83.0,0.5,0.0
6615041e0bb011ebab90acde48001122,ace_mmr_96,ace,mmr,0.0,0.0,0.0,0.3333,0.7931,0.5,87.0,0.5,0.0
dc4754a80bdc11eba7f7acde48001122,ace_mmr_96,ace,mmr,0.0,0.0,0.0,0.0,0.6941,0.5,85.0,1.0,1.0
6bd86dd4087f11ebbd6bac1f6bf848b6,ace_mmr_96,ace,mmr,1.0,1.0,0.0,0.0,0.6667,0.25,87.0,0.5,0.0
98ab6cfe08c411ebbd8eac1f6bf848b6,ace_mmr_96,ace,mmr,0.0,0.0,1.0,1.0,0.5938,0.5,96.0,0.5,0.0
c30b9f8108b211ebbd85ac1f6bf848b6,ace_mmr_96,ace,mmr,0.0,0.0,1.0,1.0,0.3902,0.5,82.0,1.0,1.0
49e0153808ac11ebbd82ac1f6bf848b6,ace_mmr_96,ace,mmr,1.0,1.0,0.0,0.0,0.0,0.0,87.0,0.5,0.0
2fcc3e3e0bda11eba7f7acde48001122,ace_mmr_96,ace,mmr,0.0,0.0,0.0,0.0,0.5875,0.5,80.0,1.0,1.0
8a6610400bda11eba7f7acde48001122,ace_mmr_96,ace,mmr,0.0,0.0,0.0,0.0,0.4421,0.5,95.0,0.5,0.0
e172d3b20baf11ebab90acde48001122,ace_mmr_96,ace,mmr,0.0,0.0,0.0,0.0,0.2619,0.5,84.0,1.0,1.0
c365be0608ae11ebbd83ac1f6bf848b6,ace_mmr_96,ace,mmr,1.0,1.0,0.0,0.0,0.5111,0.5,90.0,1.0,1.0
a9406286088d11ebbd70ac1f6bf848b6,ace_mmr_96,ace,mmr,0.0,0.0,0.0,0.3333,0.4211,0.25,95.0,0.5,0.0
6b84004a0baf11ebab90acde48001122,ace_mmr_96,ace,mmr,0.0,0.0,0.0,0.4,0.4787,0.5,94.0,0.5,0.0
caa0a77908ac11ebbd83ac1f6bf848b6,ace_mmr_96,ace,mmr,1.0,1.0,0.0,0.0,0.4337,0.25,83.0,0.5,0.0
63a51a37096711ebbdafac1f6bf848b6,ace_mmr_96,ace,mmr,1.0,1.0,1.0,1.0,0.5556,1.0,90.0,1.0,1.0
647eba07088f11ebbd72ac1f6bf848b6,ace_mmr_96,ace,mmr,0.0,0.0,1.0,1.0,1.0,0.5,65.0,1.0,1.0
6e765ee508f611ebbdaaac1f6bf848b6,ace_mmr_96,ace,mmr,1.0,1.0,1.0,1.0,0.4762,1.0,84.0,1.0,1.0
dc6e054e0baf11ebab90acde48001122,ace_mmr_96,ace,mmr,0.0,0.0,0.0,0.0,0.6477,0.5,88.0,0.5,0.0
5c82bfe20bdb11eba7f7acde48001122,ace_mmr_96,ace,mmr,0.0,0.0,0.0,0.0,0.8191,1.0,94.0,1.0,1.0
47a59362091411ebbdadac1f6bf848b6,ace_mmr_96,ace,mmr,1.0,1.0,1.0,1.0,0.5227,1.0,88.0,1.0,1.0
5bab48ec0bda11eba7f7acde48001122,ace_mmr_96,ace,mmr,0.0,0.0,0.0,0.0,0.0,0.0,94.0,0.5,0.0
d3c779240bdd11eba7f7acde48001122,ace_mmr_96,ace,mmr,0.0,0.0,0.0,0.0,0.3103,0.5,87.0,1.0,1.0
57e0ae020bb011ebab90acde48001122,ace_mmr_96,ace,mmr,0.0,0.6154,0.0,0.7143,0.5765,0.5,85.0,1.0,1.0
9e2fc7ef08c711ebbd91ac1f6bf848b6,ace_mmr_96,ace,mmr,0.0,0.0,0.0,0.0,0.5714,0.5,84.0,0.5,0.0
be9369c80bdd11eba7f7acde48001122,ace_mmr_96,ace,mmr,0.0,0.0,0.0,0.0,0.2708,0.5,96.0,0.5,0.0
abaff0940bdb11eba7f7acde48001122,ace_mmr_96,ace,mmr,0.0,0.0,0.0,0.0,0.5833,0.5,96.0,0.5,0.0
09aa4e1a0bdc11eba7f7acde48001122,ace_mmr_96,ace,mmr,0.0,0.0,0.0,0.0,0.5638,0.5,94.0,0.5,0.0
e4e02a240bda11eba7f7acde48001122,ace_mmr_96,ace,mmr,0.0,0.0,0.0,0.5,0.2973,0.5,74.0,0.5,0.0
fc9d859008a011ebbd78ac1f6bf848b6,ace_mmr_96,ace,mmr,0.0,0.0,0.0,0.5,0.4211,0.5,95.0,1.0,1.0
3c3204c8084d11ebbd56ac1f6bf848b6,ace_mmr_96,ace,mmr,0.0,0.0,1.0,1.0,0.5208,0.5,96.0,0.5,0.0
d5bf657c0bdb11eba7f7acde48001122,ace_mmr_96,ace,mmr,0.0,0.0,0.0,0.0,0.6237,0.5,93.0,1.0,1.0
f4aa6595093611ebbdaeac1f6bf848b6,ace_mmr_96,ace,mmr,0.0,0.0,0.0,0.3333,0.2447,0.5,94.0,1.0,1.0
5a34b04e0bd911eba7f7acde48001122,ace_mmr_96,ace,mmr,0.0,0.0,0.0,0.0,0.6941,0.5,85.0,0.5,0.0
1a3bb74508dc11ebbd9cac1f6bf848b6,ace_mmr_96,ace,mmr,0.0,0.0,1.0,1.0,0.7553,0.5,94.0,0.75,0.0
8031698e0bdb11eba7f7acde48001122,ace_mmr_96,ace,mmr,0.0,0.0,0.0,0.0,0.0,0.0,82.0,1.0,1.0
637434540bde11eba7f7acde48001122,ace_mmr_96,ace,mmr,1.0,1.0,1.0,1.0,0.0,0.0,95.0,0.5,0.0
943b50b20bda11eba7f7acde48001122,ace_mmr_96,ace,mmr,0.0,0.0,0.0,0.0,0.0,0.0,90.0,0.5,0.0
736afe9e0baf11ebab90acde48001122,ace_mmr_96,ace,mmr,0.0,0.0,0.0,0.5,0.0,0.0,92.0,0.5,0.0
fb6ff1e20bdb11eba7f7acde48001122,ace_mmr_96,ace,mmr,0.0,0.0,0.0,0.0,0.0,0.0,90.0,0.5,0.0
42dac74c089311ebbd74ac1f6bf848b6,ace_mmr_96,ace,mmr,0.0,0.2,0.0,0.25,0.5059,0.25,85.0,0.5,0.0
1407903b089d11ebbd78ac1f6bf848b6,ace_mmr_96,ace,mmr,1.0,1.0,1.0,1.0,0.573,0.5,89.0,1.0,1.0
c4fd6fe80bdd11eba7f7acde48001122,ace_mmr_96,ace,mmr,0.0,0.0,0.0,0.0,0.0,0.0,81.0,0.5,0.0
4de007f40bdd11eba7f7acde48001122,ace_mmr_96,ace,mmr,0.0,0.0,0.0,0.6667,0.4239,0.5,92.0,0.5,0.0
5ead80ee0baf11ebab90acde48001122,ace_mmr_96,ace,mmr,1.0,1.0,0.0,0.5,0.473,0.5,74.0,1.0,1.0
a27849740bd911eba7f7acde48001122,ace_mmr_96,ace,mmr,0.0,0.0,0.0,0.0,0.0,0.0,67.0,0.5,0.0
2b871cac0bdc11eba7f7acde48001122,ace_mmr_96,ace,mmr,0.0,0.0,0.0,0.0,0.5833,0.5,96.0,0.5,0.0
e2e9a9560bdb11eba7f7acde48001122,ace_mmr_96,ace,mmr,0.0,0.0,0.0,0.0,0.1319,0.5,91.0,0.5,0.0
ffee28d80bae11ebab90acde48001122,ace_mmr_96,ace,mmr,0.0,0.0,0.0,0.3333,0.0,0.0,89.0,1.0,1.0
972ecece08ef11ebbda8ac1f6bf848b6,ace_mmr_96,ace,mmr,1.0,1.0,0.0,0.0,0.1685,0.5,89.0,1.0,1.0
1948b12e0bda11eba7f7acde48001122,ace_mmr_96,ace,mmr,0.0,0.0,0.0,0.0,0.8438,0.5,96.0,0.5,0.0
406a4ee00bb011ebab90acde48001122,ace_mmr_96,ace,mmr,0.0,0.0,0.0,0.0,0.0,0.0,72.0,1.0,1.0
3d1200fc0bde11eba7f7acde48001122,ace_mmr_96,ace,mmr,0.0,0.0,0.0,0.0,0.172,0.5,93.0,0.5,0.0
d1c8b2a00bdd11eba7f7acde48001122,ace_mmr_96,ace,mmr,0.0,0.0,0.0,0.0,0.5054,0.5,93.0,0.5,0.0
c400306a0bda11eba7f7acde48001122,ace_mmr_96,ace,mmr,0.0,0.5,0.0,0.5,0.3043,0.5,92.0,0.5,0.0
315872d20bde11eba7f7acde48001122,ace_mmr_96,ace,mmr,0.0,0.0,0.0,0.0,0.0,0.0,71.0,0.5,0.0
f6e759da0bdb11eba7f7acde48001122,ace_mmr_96,ace,mmr,0.0,0.0,0.0,0.0,0.0,0.0,94.0,0.5,0.0
c0409500088f11ebbd72ac1f6bf848b6,ace_mmr_96,ace,mmr,0.0,0.0,0.0,0.0,0.25,0.5,92.0,1.0,1.0
138a34f80bdd11eba7f7acde48001122,ace_mmr_96,ace,mmr,0.0,0.0,0.0,0.0,0.0,0.0,90.0,0.5,0.0
2d94661c0bdc11eba7f7acde48001122,ace_mmr_96,ace,mmr,0.0,0.0,0.0,0.0,0.2809,0.5,89.0,0.5,0.0
aa72cb6a0baf11ebab90acde48001122,ace_mmr_96,ace,mmr,0.0,0.0,1.0,1.0,0.5106,0.5,94.0,0.5,0.0
e6998c7e08de11ebbd9fac1f6bf848b6,ace_mmr_96,ace,mmr,1.0,1.0,1.0,1.0,0.172,0.25,93.0,0.5,0.0
eded9bbf08de11ebbd9fac1f6bf848b6,ace_mmr_96,ace,mmr,1.0,1.0,0.0,0.3333,0.2571,0.25,70.0,0.25,0.0
6ae076e40bde11eba7f7acde48001122,ace_mmr_96,ace,mmr,0.0,0.0,0.0,0.0,0.7841,1.0,88.0,1.0,1.0
a380ab7c08b911ebbd88ac1f6bf848b6,ace_mmr_96,ace,mmr,1.0,1.0,1.0,1.0,0.7667,1.0,90.0,1.0,1.0
df3ab4560bdd11eba7f7acde48001122,ace_mmr_96,ace,mmr,0.0,0.0,0.0,0.0,0.5341,0.5,88.0,1.0,1.0
df4b96e7087111ebbd63ac1f6bf848b6,ace_mmr_96,ace,mmr,0.0,0.0,0.0,0.3333,0.6129,0.25,93.0,0.25,0.0
faedda9a0bdb11eba7f7acde48001122,ace_mmr_96,ace,mmr,0.0,0.0,0.0,0.5,0.6818,0.5,88.0,1.0,1.0
50bd90820bdc11eba7f7acde48001122,ace_mmr_96,ace,mmr,0.0,0.0,0.0,0.0,0.2692,0.5,78.0,1.0,1.0
c01738e20bdd11eba7f7acde48001122,ace_mmr_96,ace,mmr,0.0,0.0,0.0,0.0,0.1154,0.5,78.0,1.0,1.0
3c0091600bde11eba7f7acde48001122,ace_mmr_96,ace,mmr,0.0,0.0,0.0,0.0,0.6105,1.0,95.0,1.0,1.0
1b9c91660bda11eba7f7acde48001122,ace_mmr_96,ace,mmr,1.0,1.0,1.0,1.0,1.0,1.0,77.0,1.0,1.0
bd4901b0085e11ebbd5cac1f6bf848b6,ace_mmr_96,ace,mmr,1.0,1.0,1.0,1.0,0.7912,1.0,91.0,1.0,1.0
a7419bf3092e11ebbdaeac1f6bf848b6,ace_mmr_96,ace,mmr,1.0,1.0,1.0,1.0,0.4583,1.0,96.0,1.0,1.0
fa960b58085911ebbd5bac1f6bf848b6,ace_mmr_96,ace,mmr,0.0,0.0,0.0,0.0,0.2927,0.5,82.0,1.0,1.0
582deca408bc11ebbd88ac1f6bf848b6,ace_mmr_96,ace,mmr,0.0,0.0,0.0,0.0,0.1687,0.25,83.0,0.5,0.0
a5bd56fc0bdd11eba7f7acde48001122,ace_mmr_96,ace,mmr,0.0,0.0,0.0,0.0,0.4557,0.5,79.0,1.0,1.0
6d392be40bdd11eba7f7acde48001122,ace_mmr_96,ace,mmr,1.0,1.0,1.0,1.0,0.5854,1.0,82.0,1.0,1.0
33d4446c087511ebbd67ac1f6bf848b6,ace_mmr_96,ace,mmr,0.0,0.0,0.0,0.0,0.5714,0.5,84.0,0.5,0.0
881866100baf11ebab90acde48001122,ace_mmr_96,ace,mmr,0.0,0.0,0.0,0.0,0.3086,0.5,81.0,0.5,0.0
7d88d84d08bc11ebbd88ac1f6bf848b6,ace_mmr_96,ace,mmr,1.0,1.0,1.0,1.0,0.2763,0.25,76.0,0.5,0.0
4d3c252e0bda11eba7f7acde48001122,ace_mmr_96,ace,mmr,0.0,0.0,0.0,0.0,0.3415,0.5,82.0,1.0,1.0
9e0009f60baf11ebab90acde48001122,ace_mmr_96,ace,mmr,0.0,0.0,0.0,0.3333,0.0,0.0,77.0,0.5,0.0
b8133a100bdd11eba7f7acde48001122,ace_mmr_96,ace,mmr,0.0,0.0,0.0,0.0,0.5495,0.5,91.0,1.0,1.0
61082d440bdc11eba7f7acde48001122,ace_mmr_96,ace,mmr,0.0,0.0,0.0,0.0,0.473,0.5,74.0,0.5,0.0
6ea141020baf11ebab90acde48001122,ace_mmr_96,ace,mmr,0.0,0.0,0.0,0.5,0.0,0.0,93.0,0.5,0.0
d759ab480bdd11eba7f7acde48001122,ace_mmr_96,ace,mmr,0.0,0.0,1.0,1.0,0.7204,1.0,93.0,1.0,1.0
2e7a589e085211ebbd58ac1f6bf848b6,ace_mmr_96,ace,mmr,0.0,0.0,0.0,0.0,0.6296,0.5,81.0,0.5,0.0
e85d87f4095111ebbdaeac1f6bf848b6,ace_mmr_96,ace,mmr,0.0,0.0,1.0,1.0,0.5579,1.0,95.0,1.0,1.0
9a339d60099011ebbdb0ac1f6bf848b6,ace_mmr_96,ace,mmr,0.0,0.0,0.0,0.0,0.6292,1.0,89.0,1.0,1.0
5d6e00200bda11eba7f7acde48001122,ace_mmr_96,ace,mmr,0.0,0.0,0.0,0.0,0.2174,0.5,92.0,1.0,1.0
2efc2c3b08bf11ebbd8aac1f6bf848b6,ace_mmr_96,ace,mmr,1.0,1.0,1.0,1.0,0.6145,0.5,83.0,0.5,0.0
0926667308d011ebbd95ac1f6bf848b6,ace_mmr_96,ace,mmr,0.0,0.0,0.0,0.0,0.1828,0.5,93.0,1.0,1.0
8f3945d8098111ebbdb0ac1f6bf848b6,ace_mmr_96,ace,mmr,1.0,1.0,1.0,1.0,0.6042,0.5,96.0,1.0,1.0
5e8240ea0bdd11eba7f7acde48001122,ace_mmr_96,ace,mmr,0.0,0.0,0.0,0.0,0.3836,0.5,73.0,0.5,0.0
36ec2b3a086411ebbd5eac1f6bf848b6,ace_mmr_96,ace,mmr,0.0,0.0,1.0,1.0,0.5761,0.5,92.0,0.5,0.0
53175e86086b11ebbd5fac1f6bf848b6,ace_mmr_96,ace,mmr,0.0,0.0,0.0,0.6667,0.6364,1.0,88.0,1.0,1.0
66d8f7560bde11eba7f7acde48001122,ace_mmr_96,ace,mmr,0.0,0.0,0.0,0.0,0.2308,0.5,91.0,0.5,0.0
a9755ea508a711ebbd7fac1f6bf848b6,ace_mmr_96,ace,mmr,0.0,0.0,1.0,1.0,1.0,0.5,94.0,0.5,0.0
6a8b28c00bb011ebab90acde48001122,ace_mmr_96,ace,mmr,1.0,1.0,1.0,1.0,1.0,1.0,95.0,1.0,1.0
43a949ae0bdc11eba7f7acde48001122,ace_mmr_96,ace,mmr,0.0,0.0,0.0,0.0,0.2708,0.5,96.0,0.5,0.0
b9cb67da092b11ebbdaeac1f6bf848b6,ace_mmr_96,ace,mmr,0.0,0.0,1.0,1.0,0.1562,0.5,96.0,1.0,1.0
5390f39c086d11ebbd61ac1f6bf848b6,ace_mmr_96,ace,mmr,1.0,1.0,1.0,1.0,1.0,1.0,94.0,1.0,1.0
d370f0b0085711ebbd5aac1f6bf848b6,ace_mmr_96,ace,mmr,1.0,1.0,1.0,1.0,0.6463,0.25,82.0,0.5,0.0
adcdb9440bd911eba7f7acde48001122,ace_mmr_96,ace,mmr,0.0,0.0,0.0,0.0,0.6087,1.0,92.0,1.0,1.0
1db17ce108a711ebbd7fac1f6bf848b6,ace_mmr_96,ace,mmr,1.0,1.0,1.0,1.0,0.561,0.5,82.0,0.5,0.0
177e0eda0bde11eba7f7acde48001122,ace_mmr_96,ace,mmr,0.0,0.0,0.0,0.0,0.6444,0.5,90.0,0.5,0.0
9da14ff1086311ebbd5eac1f6bf848b6,ace_mmr_96,ace,mmr,0.0,0.0,1.0,1.0,0.4944,1.0,89.0,1.0,1.0
2f10177608d911ebbd9cac1f6bf848b6,ace_mmr_96,ace,mmr,0.0,0.0,1.0,1.0,0.3582,0.5,67.0,1.0,1.0
b52a4d7e0bd911eba7f7acde48001122,ace_mmr_96,ace,mmr,0.0,0.0,0.0,0.0,0.4098,0.5,61.0,1.0,1.0
6dd9acf20bda11eba7f7acde48001122,ace_mmr_96,ace,mmr,0.0,0.0,0.0,0.0,0.1591,0.5,88.0,0.5,0.0
3f635554096511ebbdafac1f6bf848b6,ace_mmr_96,ace,mmr,0.0,0.0,0.0,0.0,0.4935,0.5,77.0,1.0,1.0
8c12ceba0bda11eba7f7acde48001122,ace_mmr_96,ace,mmr,0.0,0.0,0.0,0.0,0.0,0.0,91.0,0.5,0.0
8c1162a5086111ebbd5dac1f6bf848b6,ace_mmr_96,ace,mmr,1.0,1.0,0.0,0.0,0.2874,0.5,87.0,1.0,1.0
0585c9aa087f11ebbd6bac1f6bf848b6,ace_mmr_96,ace,mmr,1.0,1.0,1.0,1.0,0.3067,0.25,75.0,0.5,0.0
b8407b060bdd11eba7f7acde48001122,ace_mmr_96,ace,mmr,0.0,0.0,0.0,0.0,0.6458,0.5,96.0,0.5,0.0
07b62dea0baf11ebab90acde48001122,ace_mmr_96,ace,mmr,0.0,0.0,0.0,0.5,0.4865,0.5,74.0,1.0,1.0
fb95c0000bdd11eba7f7acde48001122,ace_mmr_96,ace,mmr,0.0,0.0,0.0,0.0,0.3978,0.5,93.0,0.5,0.0
e1abbba9098a11ebbdb0ac1f6bf848b6,ace_mmr_96,ace,mmr,0.0,0.0,0.0,0.0,0.5417,1.0,96.0,1.0,1.0
fbf8fd9e0bda11eba7f7acde48001122,ace_mmr_96,ace,mmr,0.0,0.0,1.0,1.0,0.4556,0.5,90.0,1.0,1.0
636fc8380bde11eba7f7acde48001122,ace_mmr_96,ace,mmr,0.0,0.0,0.0,0.3333,0.6977,0.5,86.0,0.5,0.0
0c97f4720bde11eba7f7acde48001122,ace_mmr_96,ace,mmr,0.0,0.0,0.0,0.0,0.266,0.5,94.0,1.0,1.0
36787917086811ebbd5eac1f6bf848b6,ace_mmr_96,ace,mmr,1.0,1.0,1.0,1.0,0.5244,0.5,82.0,1.0,1.0
519aee780baf11ebab90acde48001122,ace_mmr_96,ace,mmr,0.0,0.0,0.0,0.25,0.5522,0.5,67.0,0.5,0.0
6a81117708f311ebbdaaac1f6bf848b6,ace_mmr_96,ace,mmr,0.0,0.0,1.0,1.0,0.337,0.5,92.0,1.0,1.0
0105676c0bdd11eba7f7acde48001122,ace_mmr_96,ace,mmr,0.0,0.0,0.0,0.0,0.5393,0.5,89.0,1.0,1.0
73c53c9809a111ebbdb0ac1f6bf848b6,ace_mmr_96,ace,mmr,0.0,0.0,1.0,1.0,0.9255,1.0,94.0,1.0,1.0
7416106b090f11ebbdadac1f6bf848b6,ace_mmr_96,ace,mmr,1.0,1.0,1.0,1.0,0.5,1.0,96.0,1.0,1.0
3a1dbb720bdc11eba7f7acde48001122,ace_mmr_96,ace,mmr,0.0,0.0,0.0,0.3333,0.3444,0.5,90.0,0.5,0.0
ebbf5ec608da11ebbd9cac1f6bf848b6,ace_mmr_96,ace,mmr,0.0,0.0,1.0,1.0,0.4301,0.5,93.0,1.0,1.0
3972d2b60baf11ebab90acde48001122,ace_mmr_96,ace,mmr,0.0,0.0,0.0,0.0,0.597,0.5,67.0,0.5,0.0
3adb8a740bde11eba7f7acde48001122,ace_mmr_96,ace,mmr,0.0,0.0,0.0,0.0,0.2785,0.5,79.0,1.0,1.0
13e2f86c0bde11eba7f7acde48001122,ace_mmr_96,ace,mmr,0.0,0.0,0.0,0.0,0.4792,0.5,96.0,0.5,0.0
d7af391708bb11ebbd88ac1f6bf848b6,ace_mmr_96,ace,mmr,0.0,0.0,0.0,0.0,0.3908,0.25,87.0,0.5,0.0
c2b303ae08c411ebbd8eac1f6bf848b6,ace_mmr_96,ace,mmr,1.0,1.0,1.0,1.0,0.6386,0.5,83.0,0.5,0.0
db10aea20bd911eba7f7acde48001122,ace_mmr_96,ace,mmr,0.0,0.0,0.0,0.0,0.5976,0.5,82.0,0.5,0.0
7a93fcee0bdb11eba7f7acde48001122,ace_mmr_96,ace,mmr,0.0,0.0,0.0,0.0,0.2211,0.5,95.0,0.5,0.0
05be9a0c0bde11eba7f7acde48001122,ace_mmr_96,ace,mmr,0.0,0.0,0.0,0.0,0.3404,0.5,94.0,0.5,0.0
091c13b20bdb11eba7f7acde48001122,ace_mmr_96,ace,mmr,0.0,0.0,0.0,0.0,0.191,0.5,89.0,0.5,0.0
09b198a80bde11eba7f7acde48001122,ace_mmr_96,ace,mmr,0.0,0.0,0.0,0.0,0.7292,0.5,96.0,1.0,1.0
c827468a0bdd11eba7f7acde48001122,ace_mmr_96,ace,mmr,0.0,0.0,0.0,0.6667,0.5443,0.5,79.0,0.5,0.0
70f54a060bb011ebab90acde48001122,ace_mmr_96,ace,mmr,0.0,0.0,1.0,1.0,0.7442,1.0,86.0,1.0,1.0
30e19d9008d611ebbd98ac1f6bf848b6,ace_mmr_96,ace,mmr,0.0,0.0,0.0,0.0,0.7802,0.5,91.0,1.0,1.0
43208df60bde11eba7f7acde48001122,ace_mmr_96,ace,mmr,0.0,0.0,0.0,0.0,0.6588,0.5,85.0,0.5,0.0
5d0eadd80bde11eba7f7acde48001122,ace_mmr_96,ace,mmr,0.0,0.0,0.0,0.0,0.7013,0.5,77.0,1.0,1.0
9284e77d08f811ebbdaaac1f6bf848b6,ace_mmr_96,ace,mmr,0.0,0.0,0.0,0.5,0.4615,0.5,91.0,1.0,1.0
94eba4ce0bdc11eba7f7acde48001122,ace_mmr_96,ace,mmr,0.0,0.0,0.0,0.0,0.4744,0.5,78.0,0.5,0.0
29427eea0bdd11eba7f7acde48001122,ace_mmr_96,ace,mmr,1.0,1.0,0.0,0.0,1.0,1.0,83.0,1.0,1.0
62a9691e0bb011ebab90acde48001122,ace_mmr_96,ace,mmr,0.0,0.0,0.0,0.4,0.5568,0.5,88.0,0.5,0.0
cfc0d3e80bdd11eba7f7acde48001122,ace_mmr_96,ace,mmr,0.0,0.0,0.0,0.0,0.1957,0.5,92.0,1.0,1.0
76708e6a08b211ebbd85ac1f6bf848b6,ace_mmr_96,ace,mmr,0.0,0.0,0.0,0.0,0.5732,0.5,82.0,1.0,1.0
819dbb7a08d811ebbd9cac1f6bf848b6,ace_mmr_96,ace,mmr,1.0,1.0,1.0,1.0,0.4831,0.5,89.0,0.5,0.0
2fee043809b111ebbdb0ac1f6bf848b6,ace_mmr_96,ace,mmr,0.0,0.0,0.0,0.0,0.6977,0.5,86.0,1.0,1.0
39d43b7d08ae11ebbd83ac1f6bf848b6,ace_mmr_96,ace,mmr,0.0,0.0,1.0,1.0,1.0,0.5,83.0,0.5,0.0
aef6771208b311ebbd86ac1f6bf848b6,ace_mmr_96,ace,mmr,1.0,1.0,1.0,1.0,0.6154,0.5,91.0,0.5,0.0
0cc33f200bdd11eba7f7acde48001122,ace_mmr_96,ace,mmr,0.0,0.0,0.0,0.3333,0.5909,0.5,88.0,0.5,0.0
8d1e4c000bdd11eba7f7acde48001122,ace_mmr_96,ace,mmr,1.0,1.0,1.0,1.0,0.5765,0.5,85.0,1.0,1.0
d61d3fd20bd911eba7f7acde48001122,ace_mmr_96,ace,mmr,0.0,0.0,0.0,0.0,0.2211,0.5,95.0,0.5,0.0
0db2574e0bde11eba7f7acde48001122,ace_mmr_96,ace,mmr,0.0,0.0,0.0,0.0,0.7283,0.5,92.0,0.5,0.0
48b1e7660bb011ebab90acde48001122,ace_mmr_96,ace,mmr,0.0,0.0,0.0,0.25,0.7766,0.5,94.0,1.0,1.0
004430780bde11eba7f7acde48001122,ace_mmr_96,ace,mmr,1.0,1.0,1.0,1.0,0.6795,0.5,78.0,1.0,1.0
fd4096540bd911eba7f7acde48001122,ace_mmr_96,ace,mmr,0.0,0.0,0.0,0.0,0.6923,0.5,78.0,0.5,0.0
1e4d9f2008ff11ebbdadac1f6bf848b6,ace_mmr_96,ace,mmr,1.0,1.0,0.0,0.0,0.3556,0.5,90.0,1.0,1.0
0e161d6c084e11ebbd56ac1f6bf848b6,ace_mmr_96,ace,mmr,0.0,0.0,0.0,0.0,0.6047,0.5,86.0,0.5,0.0
fe41a8aa0bdd11eba7f7acde48001122,ace_mmr_96,ace,mmr,0.0,0.0,0.0,0.0,0.0,0.0,92.0,0.5,0.0
db371cbb088011ebbd6dac1f6bf848b6,ace_mmr_96,ace,mmr,0.0,0.0,0.0,0.0,0.6316,1.0,95.0,1.0,1.0
505a04cc0baf11ebab90acde48001122,ace_mmr_96,ace,mmr,0.0,0.0,0.0,0.0,0.1646,0.5,79.0,1.0,1.0
5cd6974c0bdc11eba7f7acde48001122,ace_mmr_96,ace,mmr,0.0,0.0,0.0,0.0,0.6296,0.5,81.0,0.5,0.0
c6fe0968091111ebbdadac1f6bf848b6,ace_mmr_96,ace,mmr,1.0,1.0,1.0,1.0,0.3418,0.5,79.0,1.0,1.0
aaaeeb220baf11ebab90acde48001122,ace_mmr_96,ace,mmr,0.0,0.0,0.0,0.25,0.7045,0.5,88.0,1.0,1.0
5029152e085d11ebbd5cac1f6bf848b6,ace_mmr_96,ace,mmr,1.0,1.0,1.0,1.0,1.0,1.0,75.0,1.0,1.0
beaf107f089a11ebbd77ac1f6bf848b6,ace_mmr_96,ace,mmr,0.0,0.0,0.0,0.0,0.6105,1.0,95.0,1.0,1.0
0961bb2808c611ebbd90ac1f6bf848b6,ace_mmr_96,ace,mmr,0.0,0.0,0.0,0.8333,0.7528,0.5,89.0,0.5,0.0
8854559c08b911ebbd88ac1f6bf848b6,ace_mmr_96,ace,mmr,1.0,1.0,1.0,1.0,0.2979,1.0,94.0,1.0,1.0
09c3e79c0bde11eba7f7acde48001122,ace_mmr_96,ace,mmr,0.0,0.0,0.0,0.0,0.2717,0.5,92.0,0.5,0.0
59603ef00bdd11eba7f7acde48001122,ace_mmr_96,ace,mmr,0.0,0.0,0.0,0.0,0.9062,0.5,96.0,0.5,0.0
13c15658087311ebbd66ac1f6bf848b6,ace_mmr_96,ace,mmr,0.0,0.0,1.0,1.0,0.4819,0.25,83.0,0.5,0.0
3de5f3d60bdd11eba7f7acde48001122,ace_mmr_96,ace,mmr,1.0,1.0,0.0,0.0,0.3085,0.5,94.0,0.5,0.0
08ceb92e0bda11eba7f7acde48001122,ace_mmr_96,ace,mmr,0.0,0.0,0.0,0.0,0.0,0.0,96.0,0.0,0.0
1b053aca0bdd11eba7f7acde48001122,ace_mmr_96,ace,mmr,0.0,0.0,0.0,0.0,0.2967,0.5,91.0,0.5,0.0
dfee66b608c911ebbd92ac1f6bf848b6,ace_mmr_96,ace,mmr,0.0,0.0,0.0,0.0,0.3229,0.5,96.0,1.0,1.0
23ae34720bda11eba7f7acde48001122,ace_mmr_96,ace,mmr,0.0,0.0,0.0,0.0,0.5795,0.5,88.0,0.5,0.0
91f8aeb508b811ebbd88ac1f6bf848b6,ace_mmr_96,ace,mmr,0.0,0.0,1.0,1.0,0.6203,0.25,79.0,0.25,0.0
84b2e1e708ce11ebbd94ac1f6bf848b6,ace_mmr_96,ace,mmr,0.0,0.0,1.0,1.0,0.5172,0.5,87.0,1.0,1.0
9c1de1cf08b111ebbd85ac1f6bf848b6,ace_mmr_96,ace,mmr,0.0,0.0,1.0,1.0,0.4588,0.5,85.0,1.0,1.0
4bc286620bde11eba7f7acde48001122,ace_mmr_96,ace,mmr,0.0,0.0,0.0,0.0,0.7416,0.5,89.0,1.0,1.0
b4f63414088511ebbd6dac1f6bf848b6,ace_mmr_96,ace,mmr,0.0,0.0,0.0,0.0,0.2933,0.5,75.0,1.0,1.0
5cc7e4f20bd911eba7f7acde48001122,ace_mmr_96,ace,mmr,0.0,0.0,0.0,0.0,0.3516,0.5,91.0,0.5,0.0
7d8986360bda11eba7f7acde48001122,ace_mmr_96,ace,mmr,0.0,0.0,0.0,0.0,0.4773,0.5,88.0,0.5,0.0
d3493f98086611ebbd5eac1f6bf848b6,ace_mmr_96,ace,mmr,1.0,1.0,1.0,1.0,1.0,1.0,96.0,1.0,1.0
29306dfc0bda11eba7f7acde48001122,ace_mmr_96,ace,mmr,0.0,0.0,0.0,0.5,1.0,0.5,71.0,0.5,0.0
d105363b086e11ebbd62ac1f6bf848b6,ace_mmr_96,ace,mmr,0.0,0.1818,1.0,1.0,1.0,1.0,87.0,1.0,1.0
350112e4085b11ebbd5cac1f6bf848b6,ace_mmr_96,ace,mmr,0.0,0.0,0.0,0.0,0.3919,0.25,74.0,0.5,0.0
27e926ca0bb011ebab90acde48001122,ace_mmr_96,ace,mmr,0.0,0.0,0.0,0.0,0.8261,0.5,92.0,0.5,0.0
650ee40e0bdd11eba7f7acde48001122,ace_mmr_96,ace,mmr,0.0,0.0,0.0,0.0,0.6,0.5,85.0,0.5,0.0
43765d20087411ebbd67ac1f6bf848b6,ace_mmr_96,ace,mmr,0.0,0.0,0.0,0.0,0.7356,0.5,87.0,0.5,0.0
ab5beae00bda11eba7f7acde48001122,ace_mmr_96,ace,mmr,0.0,0.0,0.0,0.0,0.0,0.0,76.0,0.5,0.0
95c505f4097f11ebbdb0ac1f6bf848b6,ace_mmr_96,ace,mmr,0.0,0.0,1.0,1.0,0.2553,0.5,94.0,1.0,1.0
fb9a9b0c089011ebbd72ac1f6bf848b6,ace_mmr_96,ace,mmr,0.0,0.0,1.0,1.0,0.3864,0.5,88.0,1.0,1.0
d4708a220bd911eba7f7acde48001122,ace_mmr_96,ace,mmr,0.0,0.0,0.0,0.0,0.2917,0.5,96.0,0.5,0.0
b2a1b19e096e11ebbdb0ac1f6bf848b6,ace_mmr_96,ace,mmr,0.0,0.0,0.0,0.0,0.7097,0.5,62.0,1.0,1.0
0c3675d40bda11eba7f7acde48001122,ace_mmr_96,ace,mmr,0.0,0.0,0.0,0.0,0.0,0.0,70.0,0.0,0.0
19cae67d097711ebbdb0ac1f6bf848b6,ace_mmr_96,ace,mmr,1.0,1.0,1.0,1.0,0.7917,1.0,96.0,1.0,1.0
7257a60608cb11ebbd92ac1f6bf848b6,ace_mmr_96,ace,mmr,1.0,1.0,0.0,0.0,0.4944,0.25,89.0,0.5,0.0
3f1b7d3b086c11ebbd61ac1f6bf848b6,ace_mmr_96,ace,mmr,0.0,0.0,0.0,0.0,0.7474,0.5,95.0,0.75,0.0
8d8c678b085911ebbd5bac1f6bf848b6,ace_mmr_96,ace,mmr,1.0,1.0,1.0,1.0,0.4896,0.5,96.0,0.5,0.0
e5bc717c0bdb11eba7f7acde48001122,ace_mmr_96,ace,mmr,0.0,0.0,0.0,0.0,0.25,0.5,88.0,0.5,0.0
57dabdf1091c11ebbdaeac1f6bf848b6,ace_mmr_96,ace,mmr,0.0,0.0,0.0,0.0,1.0,1.0,89.0,1.0,1.0
60bb44320bd911eba7f7acde48001122,ace_mmr_96,ace,mmr,0.0,0.0,0.0,0.5,0.2979,0.5,94.0,0.5,0.0
d428aedc08a011ebbd78ac1f6bf848b6,ace_mmr_96,ace,mmr,1.0,1.0,1.0,1.0,1.0,0.5,86.0,0.5,0.0
4ef0d0c80bde11eba7f7acde48001122,ace_mmr_96,ace,mmr,0.0,0.0,0.0,0.0,0.2967,0.5,91.0,1.0,1.0
1ebbc9b20bde11eba7f7acde48001122,ace_mmr_96,ace,mmr,0.0,0.0,0.0,0.0,0.4474,0.5,76.0,1.0,1.0
958dc314091911ebbdaeac1f6bf848b6,ace_mmr_96,ace,mmr,0.0,0.0,0.0,0.0,0.6585,1.0,82.0,1.0,1.0
3e75a2b908bf11ebbd8aac1f6bf848b6,ace_mmr_96,ace,mmr,1.0,1.0,1.0,1.0,0.4444,0.5,81.0,1.0,1.0
c3f2f69a094411ebbdaeac1f6bf848b6,ace_mmr_96,ace,mmr,1.0,1.0,1.0,1.0,0.871,1.0,93.0,1.0,1.0
66eefd9e0bde11eba7f7acde48001122,ace_mmr_96,ace,mmr,0.0,0.0,0.0,0.0,0.0,0.0,63.0,0.0,0.0
658f9a300bd911eba7f7acde48001122,ace_mmr_96,ace,mmr,0.0,0.0,0.0,0.0,0.5125,0.5,80.0,0.5,0.0
5ff9cc8c0baf11ebab90acde48001122,ace_mmr_96,ace,mmr,0.0,0.0,0.0,0.8,0.589,1.0,73.0,1.0,1.0
cc19962c0bdc11eba7f7acde48001122,ace_mmr_96,ace,mmr,0.0,0.0,0.0,0.0,0.4225,0.5,71.0,0.5,0.0
774fa4e20bdc11eba7f7acde48001122,ace_mmr_96,ace,mmr,0.0,0.0,0.0,0.0,0.3333,0.5,96.0,1.0,1.0
284e2815085811ebbd5aac1f6bf848b6,ace_mmr_96,ace,mmr,1.0,1.0,1.0,1.0,1.0,0.5,76.0,0.5,0.0
5cd23bea0bda11eba7f7acde48001122,ace_mmr_96,ace,mmr,0.0,0.0,0.0,0.0,0.0,0.0,84.0,0.5,0.0
b9687149089811ebbd77ac1f6bf848b6,ace_mmr_96,ace,mmr,0.0,0.0,0.0,0.0,0.1818,0.25,77.0,0.25,0.0
318ebd55087f11ebbd6bac1f6bf848b6,ace_mmr_96,ace,mmr,0.0,0.0,1.0,1.0,0.6585,0.5,82.0,0.5,0.0
60814b660bb011ebab90acde48001122,ace_mmr_96,ace,mmr,0.0,0.0,0.0,0.3333,0.5957,0.5,94.0,1.0,1.0
6c7f03240bdb11eba7f7acde48001122,ace_mmr_96,ace,mmr,0.0,0.0,0.0,0.0,0.0,0.0,70.0,0.5,0.0
b68527e40bdd11eba7f7acde48001122,ace_mmr_96,ace,mmr,0.0,0.0,0.0,0.0,0.3263,0.5,95.0,1.0,1.0
eb9a4b7c0bdc11eba7f7acde48001122,ace_mmr_96,ace,mmr,0.0,0.0,0.0,0.0,0.3875,0.5,80.0,1.0,1.0
63ccce2308cb11ebbd92ac1f6bf848b6,ace_mmr_96,ace,mmr,1.0,1.0,1.0,1.0,0.8409,1.0,88.0,1.0,1.0
4a6714f608d011ebbd95ac1f6bf848b6,ace_mmr_96,ace,mmr,0.0,0.0,1.0,1.0,1.0,0.5,77.0,0.75,0.0
251db78c0bdb11eba7f7acde48001122,ace_mmr_96,ace,mmr,0.0,0.0,0.0,0.0,0.4805,0.5,77.0,0.5,0.0
cc6b0e9e084e11ebbd56ac1f6bf848b6,ace_mmr_96,ace,mmr,1.0,1.0,1.0,1.0,1.0,0.5,70.0,0.75,0.0
b16d1ab40bdd11eba7f7acde48001122,ace_mmr_96,ace,mmr,0.0,0.0,0.0,0.0,1.0,1.0,89.0,1.0,1.0
e171d29a0bdd11eba7f7acde48001122,ace_mmr_96,ace,mmr,0.0,0.0,0.0,0.3333,0.5294,0.5,85.0,0.5,0.0
901658be084d11ebbd56ac1f6bf848b6,ace_mmr_96,ace,mmr,1.0,1.0,0.0,0.0,0.3529,0.25,85.0,0.75,0.0
042bf49e0bdb11eba7f7acde48001122,ace_mmr_96,ace,mmr,0.0,0.0,0.0,0.0,0.5393,0.5,89.0,0.5,0.0
4d559f400bda11eba7f7acde48001122,ace_mmr_96,ace,mmr,0.0,0.0,0.0,0.5,0.2561,0.5,82.0,0.5,0.0
0d232356091511ebbdadac1f6bf848b6,ace_mmr_96,ace,mmr,0.0,0.0,0.0,0.0,0.8554,0.5,83.0,1.0,1.0
1ed79b0a087411ebbd67ac1f6bf848b6,ace_mmr_96,ace,mmr,0.0,0.0,1.0,1.0,0.4565,0.5,92.0,1.0,1.0
f21ab6980bdd11eba7f7acde48001122,ace_mmr_96,ace,mmr,0.0,0.0,0.0,0.0,0.4235,0.5,85.0,1.0,1.0
1c593ac008ae11ebbd83ac1f6bf848b6,ace_mmr_96,ace,mmr,0.0,0.0,0.0,0.0,0.3218,0.25,87.0,0.5,0.0
eb18a27a0baf11ebab90acde48001122,ace_mmr_96,ace,mmr,0.0,0.0,0.0,0.5,0.5938,0.5,96.0,0.5,0.0
bedf588e0baf11ebab90acde48001122,ace_mmr_96,ace,mmr,0.0,0.0,0.0,0.5,0.7159,0.5,88.0,0.5,0.0
fffc59fc088f11ebbd72ac1f6bf848b6,ace_mmr_96,ace,mmr,0.0,0.0,1.0,1.0,0.2907,0.25,86.0,0.5,0.0
e2cadf420bdd11eba7f7acde48001122,ace_mmr_96,ace,mmr,0.0,0.0,1.0,1.0,0.3187,0.5,91.0,1.0,1.0
337c710c08b511ebbd88ac1f6bf848b6,ace_mmr_96,ace,mmr,1.0,1.0,0.0,0.3333,0.5309,0.5,81.0,1.0,1.0
62df628e0bde11eba7f7acde48001122,ace_mmr_96,ace,mmr,0.0,0.0,0.0,0.0,0.4,0.5,90.0,1.0,1.0
a1f532760bdb11eba7f7acde48001122,ace_mmr_96,ace,mmr,0.0,0.0,0.0,0.0,0.1954,0.5,87.0,1.0,1.0
5dea5497089b11ebbd78ac1f6bf848b6,ace_mmr_96,ace,mmr,1.0,1.0,1.0,1.0,0.5435,0.5,92.0,0.5,0.0
c6d520840bda11eba7f7acde48001122,ace_mmr_96,ace,mmr,0.0,0.0,1.0,1.0,0.4409,1.0,93.0,1.0,1.0
66c00bf60bde11eba7f7acde48001122,ace_mmr_96,ace,mmr,0.0,0.0,0.0,0.0,0.7857,0.5,70.0,0.5,0.0
95ab4cac0bdc11eba7f7acde48001122,ace_mmr_96,ace,mmr,1.0,1.0,1.0,1.0,0.747,1.0,83.0,1.0,1.0
27b8af06088e11ebbd70ac1f6bf848b6,ace_mmr_96,ace,mmr,0.0,0.0,0.0,0.0,0.5797,0.25,69.0,0.5,0.0
50f1350208af11ebbd83ac1f6bf848b6,ace_mmr_96,ace,mmr,0.0,0.0,0.0,0.0,0.75,0.25,88.0,0.5,0.0
68a60785087511ebbd67ac1f6bf848b6,ace_mmr_96,ace,mmr,0.0,0.0,1.0,1.0,1.0,1.0,69.0,1.0,1.0
9e68b794091311ebbdadac1f6bf848b6,ace_mmr_96,ace,mmr,0.0,0.0,0.0,0.0,0.375,0.5,88.0,1.0,1.0
d922570808dc11ebbd9dac1f6bf848b6,ace_mmr_96,ace,mmr,0.0,0.0,0.0,0.0,0.0,0.0,91.0,1.0,1.0
fd5a8ea0086711ebbd5eac1f6bf848b6,ace_mmr_96,ace,mmr,1.0,1.0,1.0,1.0,0.6344,1.0,93.0,1.0,1.0
dff7c3b60bdd11eba7f7acde48001122,ace_mmr_96,ace,mmr,1.0,1.0,0.0,0.0,0.4267,0.5,75.0,0.5,0.0
75c64fb00bda11eba7f7acde48001122,ace_mmr_96,ace,mmr,0.0,0.25,0.0,0.3333,0.2805,0.5,82.0,0.5,0.0
43acd28e0bde11eba7f7acde48001122,ace_mmr_96,ace,mmr,0.0,0.0,0.0,0.0,0.7294,0.5,85.0,1.0,1.0
86afde360bda11eba7f7acde48001122,ace_mmr_96,ace,mmr,0.0,0.0,0.0,0.0,0.1368,0.5,95.0,0.5,0.0
2a7d95fc0bdc11eba7f7acde48001122,ace_mmr_96,ace,mmr,0.0,0.0,0.0,0.0,0.0,0.0,93.0,0.5,0.0
7de481100baf11ebab90acde48001122,ace_mmr_96,ace,mmr,0.0,0.0,0.0,0.3333,0.4167,0.5,84.0,1.0,1.0
d8df66240bdd11eba7f7acde48001122,ace_mmr_96,ace,mmr,0.0,0.0,0.0,0.1667,0.6316,0.5,95.0,1.0,1.0
2e925d6a0bde11eba7f7acde48001122,ace_mmr_96,ace,mmr,0.0,0.0,0.0,0.0,0.5233,0.5,86.0,1.0,1.0
4b879bd6087a11ebbd67ac1f6bf848b6,ace_mmr_96,ace,mmr,1.0,1.0,1.0,1.0,0.7,0.5,90.0,0.5,0.0
eb30f33c086611ebbd5eac1f6bf848b6,ace_mmr_96,ace,mmr,0.0,0.0,0.0,0.0,0.4253,0.5,87.0,0.5,0.0
59f0b4d608b211ebbd85ac1f6bf848b6,ace_mmr_96,ace,mmr,1.0,1.0,1.0,1.0,0.75,1.0,96.0,1.0,1.0
ef48a3720baf11ebab90acde48001122,ace_mmr_96,ace,mmr,0.0,0.0,0.0,0.75,0.0,0.0,74.0,1.0,1.0
39c32aa2086411ebbd5eac1f6bf848b6,ace_mmr_96,ace,mmr,0.0,0.0,1.0,1.0,0.6737,1.0,95.0,1.0,1.0
4b11ef0808cf11ebbd95ac1f6bf848b6,ace_mmr_96,ace,mmr,1.0,1.0,1.0,1.0,0.7262,0.5,84.0,0.5,0.0
354ab1c408e211ebbda3ac1f6bf848b6,ace_mmr_96,ace,mmr,0.0,0.0,0.0,0.0,0.4375,0.25,96.0,0.5,0.0
4293552c0bb011ebab90acde48001122,ace_mmr_96,ace,mmr,0.0,0.0,0.0,0.3333,0.5393,0.5,89.0,1.0,1.0
2a234d2d089911ebbd77ac1f6bf848b6,ace_mmr_96,ace,mmr,0.0,0.0,1.0,1.0,0.2903,0.5,93.0,1.0,1.0
565785740bb011ebab90acde48001122,ace_mmr_96,ace,mmr,0.0,0.0,0.0,0.0,0.4225,0.5,71.0,0.5,0.0
511af4e80baf11ebab90acde48001122,ace_mmr_96,ace,mmr,0.0,0.0,0.0,0.6,0.0,0.0,80.0,0.5,0.0
227adf2c086c11ebbd60ac1f6bf848b6,ace_mmr_96,ace,mmr,0.0,0.0,0.0,0.5,0.0,0.0,86.0,0.5,0.0
bac99ab40bd911eba7f7acde48001122,ace_mmr_96,ace,mmr,0.0,0.0,0.0,0.25,0.1875,0.5,96.0,0.5,0.0
c001b9b40bdc11eba7f7acde48001122,ace_mmr_96,ace,mmr,0.0,0.0,0.0,0.0,0.0,0.0,82.0,0.5,0.0
c31b2d920bdc11eba7f7acde48001122,ace_mmr_96,ace,mmr,0.0,0.0,0.0,0.0,0.0,0.0,95.0,0.0,0.0
13288e3a090b11ebbdadac1f6bf848b6,ace_mmr_96,ace,mmr,1.0,1.0,1.0,1.0,0.525,0.5,80.0,1.0,1.0
f62ae4f9096911ebbdafac1f6bf848b6,ace_mmr_96,ace,mmr,1.0,1.0,1.0,1.0,0.5823,1.0,79.0,1.0,1.0
4bb64b540bde11eba7f7acde48001122,ace_mmr_96,ace,mmr,0.0,0.0,0.0,0.25,0.4096,0.5,83.0,0.5,0.0
4facc3320bd911eba7f7acde48001122,ace_mmr_96,ace,mmr,0.0,0.0,0.0,0.0,1.0,0.5,79.0,0.5,0.0
af07336e0bdc11eba7f7acde48001122,ace_mmr_96,ace,mmr,0.0,0.0,0.0,0.0,0.3804,0.5,92.0,1.0,1.0
06ceba5e0bb011ebab90acde48001122,ace_mmr_96,ace,mmr,0.0,0.0,0.0,0.6667,0.8404,0.5,94.0,0.5,0.0
5a7f3e9d08e711ebbda6ac1f6bf848b6,ace_mmr_96,ace,mmr,0.0,0.0,0.0,0.0,0.5517,0.5,87.0,1.0,1.0
eee1f0af085911ebbd5bac1f6bf848b6,ace_mmr_96,ace,mmr,1.0,1.0,1.0,1.0,0.6915,1.0,94.0,1.0,1.0
7019886b093511ebbdaeac1f6bf848b6,ace_mmr_96,ace,mmr,1.0,1.0,1.0,1.0,0.3474,0.5,95.0,1.0,1.0
8326634a08a111ebbd79ac1f6bf848b6,ace_mmr_96,ace,mmr,0.0,0.0,0.0,0.0,0.3953,1.0,86.0,1.0,1.0
c74ed73b088d11ebbd70ac1f6bf848b6,ace_mmr_96,ace,mmr,1.0,1.0,1.0,1.0,0.3793,0.25,87.0,0.5,0.0
2f3c0934087b11ebbd67ac1f6bf848b6,ace_mmr_96,ace,mmr,0.0,0.0,0.0,0.0,0.369,0.25,84.0,0.25,0.0
0ccfc77808c611ebbd90ac1f6bf848b6,ace_mmr_96,ace,mmr,1.0,1.0,1.0,1.0,0.7143,0.5,70.0,0.5,0.0
5136616008b211ebbd85ac1f6bf848b6,ace_mmr_96,ace,mmr,1.0,1.0,1.0,1.0,0.5761,0.25,92.0,0.5,0.0
afcff22e0bda11eba7f7acde48001122,ace_mmr_96,ace,mmr,0.0,0.0,0.0,0.0,0.4,0.5,95.0,0.5,0.0
986625bc0bdb11eba7f7acde48001122,ace_mmr_96,ace,mmr,0.0,0.0,0.0,0.0,0.5366,0.5,82.0,0.5,0.0
290458a20bda11eba7f7acde48001122,ace_mmr_96,ace,mmr,0.0,0.0,0.0,0.0,0.3415,0.5,82.0,0.5,0.0
7eeba090088d11ebbd70ac1f6bf848b6,ace_mmr_96,ace,mmr,1.0,1.0,1.0,1.0,0.3457,1.0,81.0,1.0,1.0
56c3a6c20bd911eba7f7acde48001122,ace_mmr_96,ace,mmr,0.0,0.0,0.0,0.0,0.4487,0.5,78.0,1.0,1.0
0d118fb00bdb11eba7f7acde48001122,ace_mmr_96,ace,mmr,0.0,0.0,0.0,0.0,0.0,0.0,95.0,0.5,0.0
07fce4900bde11eba7f7acde48001122,ace_mmr_96,ace,mmr,0.0,0.0,0.0,0.0,0.5444,0.5,90.0,0.5,0.0
9ff14fea0baf11ebab90acde48001122,ace_mmr_96,ace,mmr,0.0,0.0,0.0,0.0,0.2759,0.5,87.0,0.5,0.0
955ddc6a0bdc11eba7f7acde48001122,ace_mmr_96,ace,mmr,0.0,0.0,0.0,0.0,0.2963,0.5,81.0,0.5,0.0
50b9582c0bb011ebab90acde48001122,ace_mmr_96,ace,mmr,0.0,0.0,0.0,0.6667,0.2527,0.5,91.0,1.0,1.0
1b7752be0bdc11eba7f7acde48001122,ace_mmr_96,ace,mmr,0.0,0.0,0.0,0.0,0.0,0.0,89.0,0.5,0.0
f31d38460bdc11eba7f7acde48001122,ace_mmr_96,ace,mmr,0.0,0.0,0.0,0.0,1.0,0.5,75.0,1.0,1.0
dd01c8180bd911eba7f7acde48001122,ace_mmr_96,ace,mmr,0.0,0.0,0.0,0.0,0.0,0.0,91.0,1.0,1.0
afc6b59708b611ebbd88ac1f6bf848b6,ace_mmr_96,ace,mmr,1.0,1.0,1.0,1.0,1.0,0.5,91.0,0.5,0.0
df66ea220bdc11eba7f7acde48001122,ace_mmr_96,ace,mmr,1.0,1.0,1.0,1.0,1.0,1.0,77.0,1.0,1.0
a84ba2780bda11eba7f7acde48001122,ace_mmr_96,ace,mmr,0.0,0.0,0.0,0.0,0.0,0.0,91.0,0.0,0.0
c418fa2408e811ebbda6ac1f6bf848b6,ace_mmr_96,ace,mmr,0.0,0.0,1.0,1.0,0.131,0.5,84.0,0.5,0.0
96beb0b3086111ebbd5dac1f6bf848b6,ace_mmr_96,ace,mmr,1.0,1.0,1.0,1.0,0.6932,1.0,88.0,1.0,1.0
74b171780bde11eba7f7acde48001122,ace_mmr_96,ace,mmr,0.0,0.0,0.0,0.0,0.0,0.0,84.0,0.5,0.0
8930ad3c0bdc11eba7f7acde48001122,ace_mmr_96,ace,mmr,0.0,0.0,0.0,0.0,0.4409,0.5,93.0,0.5,0.0
51a08d5308ac11ebbd82ac1f6bf848b6,ace_mmr_96,ace,mmr,1.0,1.0,1.0,1.0,0.3765,0.5,85.0,1.0,1.0
b4254d4c0bda11eba7f7acde48001122,ace_mmr_96,ace,mmr,0.0,0.0,0.0,0.0,0.5366,0.5,82.0,1.0,1.0
f77f95da0bd911eba7f7acde48001122,ace_mmr_96,ace,mmr,0.0,0.0,0.0,0.0,0.2258,0.5,93.0,0.5,0.0
3581ccec0bdd11eba7f7acde48001122,ace_mmr_96,ace,mmr,0.0,0.0,0.0,0.0,0.0,0.0,81.0,0.0,0.0
20058aec0bde11eba7f7acde48001122,ace_mmr_96,ace,mmr,0.0,0.0,0.0,0.0,0.0,0.0,81.0,1.0,1.0
f4a66ac60bae11ebab90acde48001122,ace_mmr_96,ace,mmr,0.0,0.0,0.0,0.5,0.6395,0.5,86.0,0.5,0.0
001ad110086911ebbd5eac1f6bf848b6,ace_mmr_96,ace,mmr,0.0,0.0,0.0,0.0,0.617,0.5,94.0,0.5,0.0
b3c4b3a80bdd11eba7f7acde48001122,ace_mmr_96,ace,mmr,0.0,0.0,0.0,0.0,0.4632,0.5,95.0,0.5,0.0
38fdf5420bda11eba7f7acde48001122,ace_mmr_96,ace,mmr,0.0,0.0,0.0,0.0,0.4103,0.5,78.0,0.5,0.0
6a53eb53089b11ebbd78ac1f6bf848b6,ace_mmr_96,ace,mmr,0.0,0.0,1.0,1.0,0.7412,1.0,85.0,1.0,1.0
4c319d400bde11eba7f7acde48001122,ace_mmr_96,ace,mmr,0.0,0.0,0.0,0.0,0.6559,0.5,93.0,0.5,0.0
998f8786089711ebbd77ac1f6bf848b6,ace_mmr_96,ace,mmr,1.0,1.0,1.0,1.0,0.5062,0.25,81.0,0.5,0.0
0b78b1e9087411ebbd67ac1f6bf848b6,ace_mmr_96,ace,mmr,0.0,0.0,0.0,0.0,1.0,1.0,80.0,1.0,1.0
632fcc82085611ebbd59ac1f6bf848b6,ace_mmr_96,ace,mmr,0.0,0.0,1.0,1.0,0.4255,1.0,94.0,1.0,1.0
272062fc088c11ebbd6fac1f6bf848b6,ace_mmr_96,ace,mmr,0.0,0.0,0.0,0.0,0.0,0.0,81.0,0.25,0.0
241a9d0c0bde11eba7f7acde48001122,ace_mmr_96,ace,mmr,0.0,0.0,0.0,0.0,0.506,0.5,83.0,0.5,0.0
c6c492e008bb11ebbd88ac1f6bf848b6,ace_mmr_96,ace,mmr,1.0,1.0,1.0,1.0,0.5897,1.0,78.0,1.0,1.0
b67ef6380bda11eba7f7acde48001122,ace_mmr_96,ace,mmr,0.0,0.0,1.0,1.0,0.7826,1.0,92.0,1.0,1.0
4a3edf720bdc11eba7f7acde48001122,ace_mmr_96,ace,mmr,0.0,0.0,0.0,0.0,0.6875,0.5,96.0,0.5,0.0
b21084c2097c11ebbdb0ac1f6bf848b6,ace_mmr_96,ace,mmr,1.0,1.0,1.0,1.0,0.6304,1.0,92.0,1.0,1.0
f5c9a3f2086111ebbd5dac1f6bf848b6,ace_mmr_96,ace,mmr,0.0,0.0,1.0,1.0,0.3467,0.5,75.0,1.0,1.0
1a344858086711ebbd5eac1f6bf848b6,ace_mmr_96,ace,mmr,1.0,1.0,1.0,1.0,0.6774,0.5,93.0,0.75,0.0
dac1f66e0bdd11eba7f7acde48001122,ace_mmr_96,ace,mmr,1.0,1.0,0.0,0.0,1.0,1.0,93.0,1.0,1.0
141636ac0bdc11eba7f7acde48001122,ace_mmr_96,ace,mmr,0.0,0.0,0.0,0.0,1.0,0.5,96.0,0.5,0.0
48b07de00bb011ebab90acde48001122,ace_mmr_96,ace,mmr,0.0,0.2222,0.0,0.8571,0.3448,0.5,87.0,1.0,1.0
ad193b1808b411ebbd88ac1f6bf848b6,ace_submod_96,ace,submod,1.0,1.0,1.0,1.0,0.6447,0.5,76.0,0.5,0.0
5b168cd8089811ebbd77ac1f6bf848b6,ace_submod_96,ace,submod,1.0,1.0,1.0,1.0,1.0,1.0,74.0,1.0,1.0
b23a2b360baf11ebab90acde48001122,ace_submod_96,ace,submod,0.0,0.2,0.0,0.2,0.7386,0.5,88.0,1.0,1.0
c5ffa16a0bdb11eba7f7acde48001122,ace_submod_96,ace,submod,0.0,0.0,0.0,0.0,0.5735,0.5,68.0,0.5,0.0
eb3ff1900baf11ebab90acde48001122,ace_submod_96,ace,submod,0.0,0.0,0.0,0.4,0.3409,0.5,88.0,1.0,1.0
59a16ade0baf11ebab90acde48001122,ace_submod_96,ace,submod,0.0,0.0,0.0,0.0,0.3735,0.5,83.0,0.5,0.0
5c9ef1d80bdd11eba7f7acde48001122,ace_submod_96,ace,submod,0.0,0.0,0.0,0.0,0.5889,0.5,90.0,0.5,0.0
a537c442086d11ebbd62ac1f6bf848b6,ace_submod_96,ace,submod,0.0,0.0,1.0,1.0,0.775,0.5,80.0,0.5,0.0
01588f7208be11ebbd8aac1f6bf848b6,ace_submod_96,ace,submod,1.0,1.0,1.0,1.0,1.0,0.5,78.0,0.5,0.0
6b55ac320bdb11eba7f7acde48001122,ace_submod_96,ace,submod,0.0,0.0,0.0,0.0,0.6977,0.5,86.0,1.0,1.0
fde95590089c11ebbd78ac1f6bf848b6,ace_submod_96,ace,submod,0.0,0.0,0.0,0.0,0.5169,0.5,89.0,1.0,1.0
1f8a41b60bde11eba7f7acde48001122,ace_submod_96,ace,submod,0.0,0.0,0.0,0.0,0.3516,0.5,91.0,0.5,0.0
50008e080bda11eba7f7acde48001122,ace_submod_96,ace,submod,0.0,0.0,0.0,0.0,0.2099,0.5,81.0,0.5,0.0
9f62be2008ac11ebbd83ac1f6bf848b6,ace_submod_96,ace,submod,0.0,0.0,0.0,0.0,0.0,0.0,95.0,1.0,1.0
6bb800f00bde11eba7f7acde48001122,ace_submod_96,ace,submod,0.0,0.0,0.0,0.0,0.6765,0.5,68.0,1.0,1.0
1822cbb4089111ebbd72ac1f6bf848b6,ace_submod_96,ace,submod,1.0,1.0,1.0,1.0,0.5579,0.5,95.0,0.5,0.0
87154f1e0bda11eba7f7acde48001122,ace_submod_96,ace,submod,0.0,0.0,0.0,0.0,0.3261,0.5,92.0,0.5,0.0
709430f20bda11eba7f7acde48001122,ace_submod_96,ace,submod,0.0,0.0,0.0,0.0,0.253,0.5,83.0,1.0,1.0
1aecfdf608a011ebbd78ac1f6bf848b6,ace_submod_96,ace,submod,0.0,0.0,0.0,0.3333,0.3085,0.5,94.0,1.0,1.0
03d68971096e11ebbdb0ac1f6bf848b6,ace_submod_96,ace,submod,0.0,0.0,0.0,0.0,0.7053,1.0,95.0,1.0,1.0
8a6eec600bda11eba7f7acde48001122,ace_submod_96,ace,submod,0.0,0.0,0.0,0.0,0.6667,0.5,81.0,0.5,0.0
3497795008bb11ebbd88ac1f6bf848b6,ace_submod_96,ace,submod,1.0,1.0,0.0,0.3333,0.5208,0.25,96.0,0.75,0.0
305e54500bde11eba7f7acde48001122,ace_submod_96,ace,submod,0.0,0.0,0.0,0.0,0.0,0.0,90.0,0.5,0.0
6aa8edb5086411ebbd5eac1f6bf848b6,ace_submod_96,ace,submod,1.0,1.0,1.0,1.0,0.378,0.5,82.0,1.0,1.0
4a8d58f0085811ebbd5aac1f6bf848b6,ace_submod_96,ace,submod,0.0,0.0,0.0,0.0,0.5955,0.25,89.0,0.75,0.0
00ce250d095f11ebbdafac1f6bf848b6,ace_submod_96,ace,submod,0.0,0.0,0.0,0.0,0.3636,0.5,77.0,1.0,1.0
c6128932093b11ebbdaeac1f6bf848b6,ace_submod_96,ace,submod,1.0,1.0,1.0,1.0,0.3077,0.5,91.0,1.0,1.0
d6c5f2680bdd11eba7f7acde48001122,ace_submod_96,ace,submod,0.0,0.0,0.0,0.0,0.3289,0.5,76.0,0.5,0.0
07626317086e11ebbd62ac1f6bf848b6,ace_submod_96,ace,submod,0.0,0.0,0.0,0.0,0.4,0.25,85.0,0.5,0.0
61f9bff8089711ebbd77ac1f6bf848b6,ace_submod_96,ace,submod,0.0,0.0,0.0,0.6667,0.5417,0.25,96.0,0.5,0.0
c3e1ad9e090d11ebbdadac1f6bf848b6,ace_submod_96,ace,submod,0.0,0.0,1.0,1.0,1.0,1.0,72.0,1.0,1.0
093fcf360bdc11eba7f7acde48001122,ace_submod_96,ace,submod,0.0,0.0,0.0,0.0,0.2875,0.5,80.0,0.5,0.0
6a419ba2087611ebbd67ac1f6bf848b6,ace_submod_96,ace,submod,1.0,1.0,1.0,1.0,0.2174,0.25,69.0,0.5,0.0
9bd0c7e60bdd11eba7f7acde48001122,ace_submod_96,ace,submod,0.0,0.0,0.0,0.0,0.0,0.0,96.0,0.5,0.0
fdbb770408da11ebbd9cac1f6bf848b6,ace_submod_96,ace,submod,0.0,0.0,0.0,0.0,0.6875,0.5,96.0,0.5,0.0
3cc74fb60bda11eba7f7acde48001122,ace_submod_96,ace,submod,0.0,0.0,0.0,0.0,0.7391,0.5,92.0,0.5,0.0
234c4f060bde11eba7f7acde48001122,ace_submod_96,ace,submod,0.0,0.0,1.0,1.0,0.725,1.0,80.0,1.0,1.0
c807422a0bda11eba7f7acde48001122,ace_submod_96,ace,submod,0.0,0.0,0.0,0.0,0.2581,0.5,93.0,0.5,0.0
77119398087411ebbd67ac1f6bf848b6,ace_submod_96,ace,submod,1.0,1.0,1.0,1.0,0.747,1.0,83.0,1.0,1.0
922587b80bdd11eba7f7acde48001122,ace_submod_96,ace,submod,1.0,1.0,1.0,1.0,0.0,0.0,74.0,0.5,0.0
7de9188c088b11ebbd6fac1f6bf848b6,ace_submod_96,ace,submod,0.0,0.0,0.0,0.5,0.3659,0.5,82.0,0.5,0.0
ba3380fe0bdb11eba7f7acde48001122,ace_submod_96,ace,submod,1.0,1.0,1.0,1.0,0.0,0.0,90.0,0.5,0.0
710d0e740bde11eba7f7acde48001122,ace_submod_96,ace,submod,0.0,0.0,0.0,0.0,0.0,0.0,84.0,0.5,0.0
562aab540baf11ebab90acde48001122,ace_submod_96,ace,submod,0.0,0.0,0.0,0.2,0.6145,0.5,83.0,0.5,0.0
9ab545800bdd11eba7f7acde48001122,ace_submod_96,ace,submod,0.0,0.0,0.0,0.0,0.4494,0.5,89.0,0.5,0.0
61456758085411ebbd59ac1f6bf848b6,ace_submod_96,ace,submod,0.0,0.3333,1.0,1.0,0.473,0.25,74.0,0.75,0.0
26f25e9d089c11ebbd78ac1f6bf848b6,ace_submod_96,ace,submod,0.0,0.0,1.0,1.0,0.7791,1.0,86.0,1.0,1.0
ce5bfc90086c11ebbd61ac1f6bf848b6,ace_submod_96,ace,submod,0.0,0.0,0.0,0.0,0.5294,0.25,85.0,0.5,0.0
f893967608a811ebbd7fac1f6bf848b6,ace_submod_96,ace,submod,1.0,1.0,1.0,1.0,0.7619,1.0,84.0,1.0,1.0
346a41b4084e11ebbd56ac1f6bf848b6,ace_submod_96,ace,submod,1.0,1.0,1.0,1.0,0.7209,0.5,86.0,0.5,0.0
bcbd76e608a111ebbd79ac1f6bf848b6,ace_submod_96,ace,submod,0.0,0.0,1.0,1.0,0.6588,0.5,85.0,0.5,0.0
f26542c808c511ebbd8fac1f6bf848b6,ace_submod_96,ace,submod,1.0,1.0,1.0,1.0,0.5579,0.5,95.0,0.5,0.0
5b1e1f240bdc11eba7f7acde48001122,ace_submod_96,ace,submod,0.0,0.0,0.0,0.3333,0.4051,0.5,79.0,0.5,0.0
b146f47c0bda11eba7f7acde48001122,ace_submod_96,ace,submod,0.0,0.0,0.0,0.0,0.4176,0.5,91.0,1.0,1.0
9c996f860bdb11eba7f7acde48001122,ace_submod_96,ace,submod,0.0,0.0,0.0,0.0,0.4194,0.5,93.0,0.5,0.0
f491b33e0bda11eba7f7acde48001122,ace_submod_96,ace,submod,0.0,0.0,0.0,0.0,0.5349,0.5,86.0,0.5,0.0
21d2a107091911ebbdaeac1f6bf848b6,ace_submod_96,ace,submod,0.0,0.0,0.0,0.0,0.2766,0.5,94.0,1.0,1.0
10e63c10087211ebbd64ac1f6bf848b6,ace_submod_96,ace,submod,1.0,1.0,0.0,0.0,0.4118,0.25,85.0,0.5,0.0
5c7ce15a0bde11eba7f7acde48001122,ace_submod_96,ace,submod,0.0,0.0,0.0,0.0,0.6627,0.5,83.0,0.5,0.0
b0e112940bdd11eba7f7acde48001122,ace_submod_96,ace,submod,0.0,0.0,0.0,0.0,0.3095,0.5,84.0,0.5,0.0
e6a74e020bdd11eba7f7acde48001122,ace_submod_96,ace,submod,0.0,0.0,0.0,0.0,0.4286,0.5,70.0,0.5,0.0
0963c8b80bdd11eba7f7acde48001122,ace_submod_96,ace,submod,0.0,0.0,0.0,0.0,0.5444,0.5,90.0,0.5,0.0
09beb233086d11ebbd61ac1f6bf848b6,ace_submod_96,ace,submod,1.0,1.0,0.0,0.0,0.6,1.0,90.0,1.0,1.0
963fffd60bdd11eba7f7acde48001122,ace_submod_96,ace,submod,1.0,1.0,1.0,1.0,0.5147,1.0,68.0,1.0,1.0
f0d6f50c08eb11ebbda7ac1f6bf848b6,ace_submod_96,ace,submod,0.0,0.0,1.0,1.0,0.5376,1.0,93.0,1.0,1.0
33d1a6d60bda11eba7f7acde48001122,ace_submod_96,ace,submod,0.0,0.0,0.0,0.0,0.4598,0.5,87.0,0.5,0.0
f31afa16094511ebbdaeac1f6bf848b6,ace_submod_96,ace,submod,1.0,1.0,1.0,1.0,0.7528,1.0,89.0,1.0,1.0
3654974a08df11ebbda0ac1f6bf848b6,ace_submod_96,ace,submod,0.0,0.0,1.0,1.0,1.0,0.5,73.0,0.75,0.0
2d2fdefe085311ebbd59ac1f6bf848b6,ace_submod_96,ace,submod,0.0,0.0,1.0,1.0,0.2048,0.5,83.0,1.0,1.0
7a01a52a089c11ebbd78ac1f6bf848b6,ace_submod_96,ace,submod,0.0,0.0,1.0,1.0,0.7471,0.5,87.0,0.5,0.0
d8a00ed40bdd11eba7f7acde48001122,ace_submod_96,ace,submod,0.0,0.4,0.0,0.6667,0.4896,0.5,96.0,0.5,0.0
c37f944e08e611ebbda5ac1f6bf848b6,ace_submod_96,ace,submod,1.0,1.0,1.0,1.0,1.0,1.0,72.0,1.0,1.0
b670607d08b611ebbd88ac1f6bf848b6,ace_submod_96,ace,submod,1.0,1.0,1.0,1.0,0.5684,0.25,95.0,0.75,0.0
62a0531e0bde11eba7f7acde48001122,ace_submod_96,ace,submod,0.0,0.0,0.0,0.0,0.0,0.0,74.0,0.5,0.0
03f2846e0bb011ebab90acde48001122,ace_submod_96,ace,submod,0.0,0.0,0.0,0.6,0.7609,1.0,92.0,1.0,1.0
98da1bb608d411ebbd96ac1f6bf848b6,ace_submod_96,ace,submod,1.0,1.0,1.0,1.0,0.6118,0.25,85.0,0.75,0.0
bb792556091811ebbdaeac1f6bf848b6,ace_submod_96,ace,submod,1.0,1.0,0.0,0.6667,0.1957,0.5,92.0,1.0,1.0
46e99a3d094111ebbdaeac1f6bf848b6,ace_submod_96,ace,submod,1.0,1.0,1.0,1.0,0.4737,1.0,95.0,1.0,1.0
2f6aa3ba0bb011ebab90acde48001122,ace_submod_96,ace,submod,0.0,0.5,0.0,0.4,0.3412,0.5,85.0,0.5,0.0
41b295500bb011ebab90acde48001122,ace_submod_96,ace,submod,0.0,0.0,0.0,0.0,0.0,0.0,93.0,0.5,0.0
132a5430085d11ebbd5cac1f6bf848b6,ace_submod_96,ace,submod,0.0,0.0,0.0,0.0,0.2024,0.5,84.0,1.0,1.0
08e7eb340bde11eba7f7acde48001122,ace_submod_96,ace,submod,0.0,0.0,0.0,0.0,0.321,0.5,81.0,0.5,0.0
91ec5b380bdc11eba7f7acde48001122,ace_submod_96,ace,submod,0.0,0.0,0.0,0.0,0.0,0.0,88.0,0.0,0.0
bf5c81fa0bdd11eba7f7acde48001122,ace_submod_96,ace,submod,0.0,0.0,0.0,0.0,0.4255,0.5,94.0,0.5,0.0
cf9a08f608c911ebbd92ac1f6bf848b6,ace_submod_96,ace,submod,0.0,0.0,1.0,1.0,0.6575,0.5,73.0,0.5,0.0
0e5e54c908c211ebbd8bac1f6bf848b6,ace_submod_96,ace,submod,0.0,0.0,0.0,0.0,0.8989,1.0,89.0,1.0,1.0
af1ee605093511ebbdaeac1f6bf848b6,ace_submod_96,ace,submod,1.0,1.0,1.0,1.0,0.4231,1.0,78.0,1.0,1.0
3e0cebde0bd911eba7f7acde48001122,ace_submod_96,ace,submod,0.0,0.0,0.0,0.0,0.3784,0.5,74.0,0.5,0.0
0518615a0bde11eba7f7acde48001122,ace_submod_96,ace,submod,0.0,0.6667,1.0,1.0,1.0,1.0,74.0,1.0,1.0
3d22de280bb011ebab90acde48001122,ace_submod_96,ace,submod,0.0,0.0,0.0,0.5,0.5068,0.5,73.0,1.0,1.0
b6afbad60bdd11eba7f7acde48001122,ace_submod_96,ace,submod,0.0,0.0,0.0,0.0,0.2874,0.5,87.0,0.5,0.0
0b91d3200bdb11eba7f7acde48001122,ace_submod_96,ace,submod,0.0,0.0,0.0,0.0,0.6413,0.5,92.0,0.5,0.0
1621c01108f011ebbda8ac1f6bf848b6,ace_submod_96,ace,submod,0.0,0.0,0.0,0.25,0.378,0.5,82.0,1.0,1.0
8b5f752e0bdd11eba7f7acde48001122,ace_submod_96,ace,submod,0.0,0.0,0.0,0.0,0.1364,0.5,88.0,0.5,0.0
5e02b99208b811ebbd88ac1f6bf848b6,ace_submod_96,ace,submod,1.0,1.0,0.0,0.3333,0.2708,0.25,96.0,0.5,0.0
a809d3720bdd11eba7f7acde48001122,ace_submod_96,ace,submod,0.0,0.0,0.0,0.0,0.3953,0.5,86.0,1.0,1.0
ade9a5980baf11ebab90acde48001122,ace_submod_96,ace,submod,0.0,0.0,0.0,0.0,1.0,1.0,93.0,1.0,1.0
8012a1e008af11ebbd83ac1f6bf848b6,ace_submod_96,ace,submod,0.0,0.0,0.0,0.0,0.2093,0.25,86.0,0.5,0.0
d19a4bb80bdd11eba7f7acde48001122,ace_submod_96,ace,submod,0.0,0.0,0.0,0.0,0.2903,0.5,93.0,0.5,0.0
b6b306fa0bdd11eba7f7acde48001122,ace_submod_96,ace,submod,0.0,0.0,0.0,0.5,0.3721,0.5,86.0,0.5,0.0
d71f453b085811ebbd5bac1f6bf848b6,ace_submod_96,ace,submod,0.0,0.0,0.0,0.0,0.6277,0.5,94.0,0.5,0.0
2de71a8a0bda11eba7f7acde48001122,ace_submod_96,ace,submod,0.0,0.0,0.0,0.0,0.3478,0.5,92.0,0.5,0.0
cee7790e08cc11ebbd93ac1f6bf848b6,ace_submod_96,ace,submod,0.0,0.0,0.0,0.0,0.4595,0.25,74.0,0.5,0.0
623ea4080bb011ebab90acde48001122,ace_submod_96,ace,submod,0.0,0.0,0.0,0.4286,0.0,0.0,91.0,0.5,0.0
8d9bf1c80bb011ebab90acde48001122,ace_submod_96,ace,submod,0.0,0.2222,0.0,0.5,0.0,0.0,89.0,0.5,0.0
572c3827088311ebbd6dac1f6bf848b6,ace_submod_96,ace,submod,0.0,0.0,0.0,0.0,0.527,0.25,74.0,0.5,0.0
b1e64cc60bd911eba7f7acde48001122,ace_submod_96,ace,submod,0.0,0.0,0.0,0.0,0.2632,0.5,95.0,0.5,0.0
0b9a520108c211ebbd8bac1f6bf848b6,ace_submod_96,ace,submod,1.0,1.0,1.0,1.0,0.4375,0.25,96.0,0.5,0.0
04e9521d088b11ebbd6fac1f6bf848b6,ace_submod_96,ace,submod,0.0,0.0,0.0,0.0,0.2593,0.5,81.0,1.0,1.0
8522d9b2092011ebbdaeac1f6bf848b6,ace_submod_96,ace,submod,1.0,1.0,1.0,1.0,0.7349,1.0,83.0,1.0,1.0
ec697d900bda11eba7f7acde48001122,ace_submod_96,ace,submod,0.0,0.0,0.0,0.0,0.3158,0.5,76.0,0.5,0.0
950bd11a090f11ebbdadac1f6bf848b6,ace_submod_96,ace,submod,0.0,0.0,1.0,1.0,1.0,1.0,88.0,1.0,1.0
c1b9c0ac0bdd11eba7f7acde48001122,ace_submod_96,ace,submod,0.0,0.0,0.0,0.0,0.2857,0.5,70.0,0.5,0.0
d2c47e1008df11ebbda1ac1f6bf848b6,ace_submod_96,ace,submod,1.0,1.0,1.0,1.0,0.5309,0.5,81.0,0.5,0.0
7b2bf8fc0bd911eba7f7acde48001122,ace_submod_96,ace,submod,0.0,0.0,0.0,0.0,1.0,0.5,83.0,1.0,1.0
b5ccab240bdd11eba7f7acde48001122,ace_submod_96,ace,submod,0.0,0.0,0.0,0.0,0.0,0.0,78.0,0.5,0.0
6a70f6f80bb011ebab90acde48001122,ace_submod_96,ace,submod,0.0,0.0,0.0,0.0,0.2824,0.5,85.0,0.5,0.0
1f9e4658084f11ebbd56ac1f6bf848b6,ace_submod_96,ace,submod,0.0,0.0,1.0,1.0,0.3571,0.25,84.0,0.5,0.0
5caef2f8096411ebbdafac1f6bf848b6,ace_submod_96,ace,submod,0.0,0.0,1.0,1.0,0.4058,0.5,69.0,1.0,1.0
b081e08408e111ebbda3ac1f6bf848b6,ace_submod_96,ace,submod,1.0,1.0,1.0,1.0,0.4937,0.5,79.0,0.5,0.0
f113f24e08ad11ebbd83ac1f6bf848b6,ace_submod_96,ace,submod,0.0,0.0,1.0,1.0,1.0,0.75,71.0,0.75,0.0
a6d397ea0bdd11eba7f7acde48001122,ace_submod_96,ace,submod,0.0,0.0,0.0,0.0,0.2872,0.5,94.0,0.5,0.0
04a065a60bde11eba7f7acde48001122,ace_submod_96,ace,submod,0.0,0.6667,1.0,1.0,0.3187,0.5,91.0,1.0,1.0
534fbfd00bd911eba7f7acde48001122,ace_submod_96,ace,submod,0.0,0.0,1.0,1.0,0.6277,1.0,94.0,1.0,1.0
286461f808ba11ebbd88ac1f6bf848b6,ace_submod_96,ace,submod,1.0,1.0,1.0,1.0,0.6044,1.0,91.0,1.0,1.0
2fa40dae0bdc11eba7f7acde48001122,ace_submod_96,ace,submod,0.0,0.0,0.0,0.0,0.3231,0.5,65.0,0.5,0.0
a19ca5c80bdd11eba7f7acde48001122,ace_submod_96,ace,submod,0.0,0.0,1.0,1.0,0.2683,0.5,82.0,0.5,0.0
6a807fc40bb011ebab90acde48001122,ace_submod_96,ace,submod,0.0,0.0,0.0,0.4,0.0,0.0,66.0,0.5,0.0
1118315c0bdd11eba7f7acde48001122,ace_submod_96,ace,submod,0.0,0.0,0.0,0.0,0.0,0.0,93.0,0.5,0.0
185a906e0bdc11eba7f7acde48001122,ace_submod_96,ace,submod,0.0,0.0,0.0,0.5,0.2421,0.5,95.0,0.5,0.0
77f4e0140bb011ebab90acde48001122,ace_submod_96,ace,submod,0.0,0.0,0.0,0.0,0.4149,0.5,94.0,0.5,0.0
2a98df6408d111ebbd95ac1f6bf848b6,ace_submod_96,ace,submod,0.0,0.0,0.0,0.0,0.8608,1.0,79.0,1.0,1.0
025359200bde11eba7f7acde48001122,ace_submod_96,ace,submod,0.0,0.0,0.0,0.0,0.5521,0.5,96.0,0.5,0.0
bd34477e0baf11ebab90acde48001122,ace_submod_96,ace,submod,0.0,0.0,0.0,0.8333,0.0,0.0,90.0,1.0,1.0
6a8a71280bb011ebab90acde48001122,ace_submod_96,ace,submod,0.0,0.5,0.0,0.5,0.0,0.0,95.0,0.5,0.0
ef9cbeca0bdd11eba7f7acde48001122,ace_submod_96,ace,submod,0.0,0.0,1.0,1.0,0.6737,1.0,95.0,1.0,1.0
c218a802090711ebbdadac1f6bf848b6,ace_submod_96,ace,submod,1.0,1.0,1.0,1.0,0.2584,0.5,89.0,1.0,1.0
f94832c408b811ebbd88ac1f6bf848b6,ace_submod_96,ace,submod,0.0,0.0,1.0,1.0,0.4268,0.25,82.0,0.25,0.0
8d2382e0085811ebbd5aac1f6bf848b6,ace_submod_96,ace,submod,0.0,0.0,1.0,1.0,0.6629,1.0,89.0,1.0,1.0
86fb31260bdd11eba7f7acde48001122,ace_submod_96,ace,submod,0.0,0.0,0.0,0.0,0.5165,0.5,91.0,1.0,1.0
18c0ccb1086911ebbd5eac1f6bf848b6,ace_submod_96,ace,submod,1.0,1.0,1.0,1.0,0.8537,1.0,82.0,1.0,1.0
e6f8d00a089611ebbd76ac1f6bf848b6,ace_submod_96,ace,submod,0.0,0.0,0.0,0.0,0.8571,1.0,84.0,1.0,1.0
8919fb50085311ebbd59ac1f6bf848b6,ace_submod_96,ace,submod,0.0,0.0,1.0,1.0,0.5213,1.0,94.0,1.0,1.0
d5a61878086b11ebbd60ac1f6bf848b6,ace_submod_96,ace,submod,1.0,1.0,1.0,1.0,0.3529,0.5,68.0,1.0,1.0
f6973183085a11ebbd5cac1f6bf848b6,ace_submod_96,ace,submod,1.0,1.0,1.0,1.0,0.7143,0.5,70.0,0.5,0.0
fc031d360baf11ebab90acde48001122,ace_submod_96,ace,submod,0.0,0.2,0.0,0.2,0.4146,0.5,82.0,0.5,0.0
e5c738900bdc11eba7f7acde48001122,ace_submod_96,ace,submod,0.0,0.0,0.0,0.0,0.5444,0.5,90.0,1.0,1.0
6b466508097711ebbdb0ac1f6bf848b6,ace_submod_96,ace,submod,1.0,1.0,1.0,1.0,0.5625,1.0,80.0,1.0,1.0
46bd0bd6087511ebbd67ac1f6bf848b6,ace_submod_96,ace,submod,1.0,1.0,1.0,1.0,0.2235,0.25,85.0,0.5,0.0
d1bdbdbe087711ebbd67ac1f6bf848b6,ace_submod_96,ace,submod,0.0,0.0,0.0,0.0,0.5165,0.25,91.0,0.5,0.0
6152f66c08df11ebbda0ac1f6bf848b6,ace_submod_96,ace,submod,1.0,1.0,1.0,1.0,0.3043,0.25,92.0,0.5,0.0
98a3e5e9089111ebbd73ac1f6bf848b6,ace_submod_96,ace,submod,1.0,1.0,1.0,1.0,0.7188,0.5,96.0,0.5,0.0
6946f8d20baf11ebab90acde48001122,ace_submod_96,ace,submod,0.0,0.0,0.0,0.3333,0.0,0.0,82.0,0.5,0.0
3d4662300bb011ebab90acde48001122,ace_submod_96,ace,submod,0.0,0.2857,1.0,1.0,0.3827,0.5,81.0,0.5,0.0
c504923408fe11ebbdadac1f6bf848b6,ace_submod_96,ace,submod,0.0,0.0,1.0,1.0,0.5761,1.0,92.0,1.0,1.0
922a629c0bb011ebab90acde48001122,ace_submod_96,ace,submod,0.0,0.0,0.0,0.6,0.6618,0.5,68.0,0.5,0.0
0e967bac08a711ebbd7fac1f6bf848b6,ace_submod_96,ace,submod,0.0,0.2857,1.0,1.0,0.4839,0.5,93.0,0.5,0.0
c1aa9b640bdc11eba7f7acde48001122,ace_submod_96,ace,submod,0.0,0.0,0.0,0.0,0.5,0.5,86.0,0.5,0.0
dba424900baf11ebab90acde48001122,ace_submod_96,ace,submod,0.0,0.0,0.0,0.3333,0.3556,0.5,90.0,0.5,0.0
f4cc9d4908b311ebbd86ac1f6bf848b6,ace_submod_96,ace,submod,0.0,0.0,0.0,0.4,0.1786,0.25,84.0,0.5,0.0
6b850e0e0baf11ebab90acde48001122,ace_submod_96,ace,submod,0.0,0.2857,1.0,1.0,0.4792,0.5,96.0,1.0,1.0
abce7ee208b111ebbd85ac1f6bf848b6,ace_submod_96,ace,submod,1.0,1.0,1.0,1.0,0.3846,0.5,91.0,0.5,0.0
6615041e0bb011ebab90acde48001122,ace_submod_96,ace,submod,0.0,0.0,0.0,0.3333,0.3623,0.5,69.0,0.5,0.0
dc4754a80bdc11eba7f7acde48001122,ace_submod_96,ace,submod,0.0,0.0,0.0,0.0,0.675,0.5,80.0,1.0,1.0
6bd86dd4087f11ebbd6bac1f6bf848b6,ace_submod_96,ace,submod,1.0,1.0,1.0,1.0,0.6778,0.5,90.0,0.5,0.0
98ab6cfe08c411ebbd8eac1f6bf848b6,ace_submod_96,ace,submod,1.0,1.0,1.0,1.0,0.7957,0.5,93.0,0.5,0.0
c30b9f8108b211ebbd85ac1f6bf848b6,ace_submod_96,ace,submod,1.0,1.0,1.0,1.0,0.825,1.0,80.0,1.0,1.0
49e0153808ac11ebbd82ac1f6bf848b6,ace_submod_96,ace,submod,1.0,1.0,0.0,0.0,0.5213,0.25,94.0,0.5,0.0
2fcc3e3e0bda11eba7f7acde48001122,ace_submod_96,ace,submod,0.0,0.0,0.0,0.0,0.5,0.5,66.0,1.0,1.0
8a6610400bda11eba7f7acde48001122,ace_submod_96,ace,submod,0.0,0.0,0.0,0.0,0.4421,0.5,95.0,0.5,0.0
e172d3b20baf11ebab90acde48001122,ace_submod_96,ace,submod,0.0,0.0,0.0,0.0,0.8152,1.0,92.0,1.0,1.0
c365be0608ae11ebbd83ac1f6bf848b6,ace_submod_96,ace,submod,1.0,1.0,0.0,0.0,0.5111,0.5,90.0,1.0,1.0
a9406286088d11ebbd70ac1f6bf848b6,ace_submod_96,ace,submod,0.0,0.0,1.0,1.0,0.3511,0.25,94.0,0.5,0.0
6b84004a0baf11ebab90acde48001122,ace_submod_96,ace,submod,0.0,0.2222,0.0,0.6,0.5357,0.5,84.0,0.5,0.0
caa0a77908ac11ebbd83ac1f6bf848b6,ace_submod_96,ace,submod,1.0,1.0,1.0,1.0,1.0,0.5,89.0,0.5,0.0
63a51a37096711ebbdafac1f6bf848b6,ace_submod_96,ace,submod,1.0,1.0,1.0,1.0,0.6579,1.0,76.0,1.0,1.0
647eba07088f11ebbd72ac1f6bf848b6,ace_submod_96,ace,submod,0.0,0.0,1.0,1.0,0.5132,0.5,76.0,1.0,1.0
6e765ee508f611ebbdaaac1f6bf848b6,ace_submod_96,ace,submod,1.0,1.0,1.0,1.0,0.4762,1.0,84.0,1.0,1.0
dc6e054e0baf11ebab90acde48001122,ace_submod_96,ace,submod,0.0,0.0,0.0,0.0,0.6477,0.5,88.0,0.5,0.0
5c82bfe20bdb11eba7f7acde48001122,ace_submod_96,ace,submod,0.0,0.0,0.0,0.0,0.3146,0.5,89.0,1.0,1.0
47a59362091411ebbdadac1f6bf848b6,ace_submod_96,ace,submod,1.0,1.0,1.0,1.0,0.5227,1.0,88.0,1.0,1.0
5bab48ec0bda11eba7f7acde48001122,ace_submod_96,ace,submod,0.0,0.0,0.0,0.0,0.1889,0.5,90.0,0.5,0.0
d3c779240bdd11eba7f7acde48001122,ace_submod_96,ace,submod,0.0,0.0,0.0,0.0,0.3333,0.5,81.0,1.0,1.0
57e0ae020bb011ebab90acde48001122,ace_submod_96,ace,submod,0.0,0.6154,0.0,0.7143,0.5765,0.5,85.0,1.0,1.0
9e2fc7ef08c711ebbd91ac1f6bf848b6,ace_submod_96,ace,submod,0.0,0.0,0.0,0.0,0.5714,0.5,84.0,0.5,0.0
be9369c80bdd11eba7f7acde48001122,ace_submod_96,ace,submod,0.0,0.0,0.0,0.0,0.2708,0.5,96.0,0.5,0.0
abaff0940bdb11eba7f7acde48001122,ace_submod_96,ace,submod,0.0,0.0,0.0,0.0,0.2588,0.5,85.0,0.5,0.0
09aa4e1a0bdc11eba7f7acde48001122,ace_submod_96,ace,submod,0.0,0.0,0.0,0.0,0.631,0.5,84.0,0.5,0.0
e4e02a240bda11eba7f7acde48001122,ace_submod_96,ace,submod,0.0,0.0,0.0,0.5,0.2292,0.5,96.0,0.5,0.0
fc9d859008a011ebbd78ac1f6bf848b6,ace_submod_96,ace,submod,0.0,0.0,0.0,0.5,0.4211,0.5,95.0,1.0,1.0
3c3204c8084d11ebbd56ac1f6bf848b6,ace_submod_96,ace,submod,0.0,0.0,1.0,1.0,0.6944,0.5,72.0,0.5,0.0
d5bf657c0bdb11eba7f7acde48001122,ace_submod_96,ace,submod,1.0,1.0,1.0,1.0,1.0,1.0,78.0,1.0,1.0
f4aa6595093611ebbdaeac1f6bf848b6,ace_submod_96,ace,submod,0.0,0.0,0.0,0.3333,0.5,0.5,92.0,1.0,1.0
5a34b04e0bd911eba7f7acde48001122,ace_submod_96,ace,submod,0.0,0.0,0.0,0.0,0.2706,0.5,85.0,0.5,0.0
1a3bb74508dc11ebbd9cac1f6bf848b6,ace_submod_96,ace,submod,0.0,0.0,1.0,1.0,0.7553,0.5,94.0,0.75,0.0
8031698e0bdb11eba7f7acde48001122,ace_submod_96,ace,submod,0.0,0.0,0.0,0.0,0.0,0.0,82.0,1.0,1.0
637434540bde11eba7f7acde48001122,ace_submod_96,ace,submod,1.0,1.0,1.0,1.0,0.0,0.0,95.0,0.5,0.0
943b50b20bda11eba7f7acde48001122,ace_submod_96,ace,submod,0.0,0.0,0.0,0.0,0.5714,0.5,70.0,0.5,0.0
736afe9e0baf11ebab90acde48001122,ace_submod_96,ace,submod,0.0,0.0,0.0,0.5,0.0,0.0,92.0,0.5,0.0
fb6ff1e20bdb11eba7f7acde48001122,ace_submod_96,ace,submod,0.0,0.0,0.0,0.0,0.4787,0.5,94.0,0.5,0.0
42dac74c089311ebbd74ac1f6bf848b6,ace_submod_96,ace,submod,0.0,0.2,0.0,0.25,0.7191,0.5,89.0,0.5,0.0
1407903b089d11ebbd78ac1f6bf848b6,ace_submod_96,ace,submod,0.0,0.0,0.0,0.0,0.5309,0.5,81.0,1.0,1.0
c4fd6fe80bdd11eba7f7acde48001122,ace_submod_96,ace,submod,0.0,0.0,0.0,0.0,0.0,0.0,81.0,0.5,0.0
4de007f40bdd11eba7f7acde48001122,ace_submod_96,ace,submod,0.0,0.0,0.0,0.3333,0.4937,0.5,79.0,0.5,0.0
5ead80ee0baf11ebab90acde48001122,ace_submod_96,ace,submod,0.0,0.0,0.0,0.5,0.473,0.5,74.0,1.0,1.0
a27849740bd911eba7f7acde48001122,ace_submod_96,ace,submod,0.0,0.0,0.0,0.0,0.0,0.0,67.0,0.5,0.0
2b871cac0bdc11eba7f7acde48001122,ace_submod_96,ace,submod,0.0,0.0,0.0,0.0,0.0,0.0,70.0,0.5,0.0
e2e9a9560bdb11eba7f7acde48001122,ace_submod_96,ace,submod,0.0,0.0,0.0,0.0,0.1277,0.5,94.0,0.5,0.0
ffee28d80bae11ebab90acde48001122,ace_submod_96,ace,submod,0.0,0.0,0.0,0.3333,0.0,0.0,94.0,1.0,1.0
972ecece08ef11ebbda8ac1f6bf848b6,ace_submod_96,ace,submod,0.0,0.0,1.0,1.0,0.8028,1.0,71.0,1.0,1.0
1948b12e0bda11eba7f7acde48001122,ace_submod_96,ace,submod,0.0,0.0,0.0,0.0,0.5,0.5,74.0,0.5,0.0
406a4ee00bb011ebab90acde48001122,ace_submod_96,ace,submod,0.0,0.0,0.0,0.6667,0.6333,1.0,90.0,1.0,1.0
3d1200fc0bde11eba7f7acde48001122,ace_submod_96,ace,submod,0.0,0.0,0.0,0.0,0.1702,0.5,94.0,0.5,0.0
d1c8b2a00bdd11eba7f7acde48001122,ace_submod_96,ace,submod,0.0,0.0,0.0,0.0,0.0,0.0,66.0,0.5,0.0
c400306a0bda11eba7f7acde48001122,ace_submod_96,ace,submod,0.0,0.0,0.0,0.5,0.3415,0.5,82.0,0.5,0.0
315872d20bde11eba7f7acde48001122,ace_submod_96,ace,submod,0.0,0.0,0.0,0.0,0.625,0.5,96.0,0.5,0.0
f6e759da0bdb11eba7f7acde48001122,ace_submod_96,ace,submod,0.0,0.0,0.0,0.0,0.6,0.5,80.0,0.5,0.0
c0409500088f11ebbd72ac1f6bf848b6,ace_submod_96,ace,submod,0.0,0.0,0.0,0.0,0.25,0.5,92.0,1.0,1.0
138a34f80bdd11eba7f7acde48001122,ace_submod_96,ace,submod,0.0,0.0,0.0,0.0,0.0,0.0,90.0,0.5,0.0
2d94661c0bdc11eba7f7acde48001122,ace_submod_96,ace,submod,0.0,0.0,0.0,0.0,0.2809,0.5,89.0,0.5,0.0
aa72cb6a0baf11ebab90acde48001122,ace_submod_96,ace,submod,1.0,1.0,1.0,1.0,0.3699,0.5,73.0,0.5,0.0
e6998c7e08de11ebbd9fac1f6bf848b6,ace_submod_96,ace,submod,0.0,0.0,1.0,1.0,0.5625,0.5,80.0,0.5,0.0
eded9bbf08de11ebbd9fac1f6bf848b6,ace_submod_96,ace,submod,1.0,1.0,0.0,0.3333,0.2687,0.25,67.0,0.25,0.0
6ae076e40bde11eba7f7acde48001122,ace_submod_96,ace,submod,0.0,0.0,0.0,0.0,0.7778,0.5,90.0,1.0,1.0
a380ab7c08b911ebbd88ac1f6bf848b6,ace_submod_96,ace,submod,0.0,0.0,1.0,1.0,0.7667,1.0,90.0,1.0,1.0
df3ab4560bdd11eba7f7acde48001122,ace_submod_96,ace,submod,0.0,0.0,0.0,0.0,0.0,0.0,85.0,1.0,1.0
df4b96e7087111ebbd63ac1f6bf848b6,ace_submod_96,ace,submod,0.0,0.0,0.0,0.3333,0.6044,0.25,91.0,0.25,0.0
faedda9a0bdb11eba7f7acde48001122,ace_submod_96,ace,submod,0.0,0.0,0.0,0.0,0.4198,1.0,81.0,1.0,1.0
50bd90820bdc11eba7f7acde48001122,ace_submod_96,ace,submod,0.0,0.0,0.0,0.0,0.2692,0.5,78.0,1.0,1.0
c01738e20bdd11eba7f7acde48001122,ace_submod_96,ace,submod,0.0,0.0,0.0,0.0,0.1154,0.5,78.0,1.0,1.0
3c0091600bde11eba7f7acde48001122,ace_submod_96,ace,submod,0.0,0.0,0.0,0.0,0.3854,1.0,96.0,1.0,1.0
1b9c91660bda11eba7f7acde48001122,ace_submod_96,ace,submod,1.0,1.0,1.0,1.0,1.0,1.0,77.0,1.0,1.0
bd4901b0085e11ebbd5cac1f6bf848b6,ace_submod_96,ace,submod,1.0,1.0,1.0,1.0,0.7912,1.0,91.0,1.0,1.0
a7419bf3092e11ebbdaeac1f6bf848b6,ace_submod_96,ace,submod,1.0,1.0,1.0,1.0,0.5889,1.0,90.0,1.0,1.0
fa960b58085911ebbd5bac1f6bf848b6,ace_submod_96,ace,submod,0.0,0.0,0.0,0.0,0.4706,1.0,85.0,1.0,1.0
582deca408bc11ebbd88ac1f6bf848b6,ace_submod_96,ace,submod,1.0,1.0,1.0,1.0,0.6585,0.5,82.0,0.5,0.0
a5bd56fc0bdd11eba7f7acde48001122,ace_submod_96,ace,submod,0.0,0.0,0.0,0.0,1.0,1.0,68.0,1.0,1.0
6d392be40bdd11eba7f7acde48001122,ace_submod_96,ace,submod,1.0,1.0,1.0,1.0,0.7802,1.0,91.0,1.0,1.0
33d4446c087511ebbd67ac1f6bf848b6,ace_submod_96,ace,submod,0.0,0.0,0.0,0.0,0.5714,0.5,84.0,0.5,0.0
881866100baf11ebab90acde48001122,ace_submod_96,ace,submod,0.0,0.0,0.0,0.0,0.3472,0.5,72.0,0.5,0.0
7d88d84d08bc11ebbd88ac1f6bf848b6,ace_submod_96,ace,submod,1.0,1.0,1.0,1.0,0.2763,0.25,76.0,0.5,0.0
4d3c252e0bda11eba7f7acde48001122,ace_submod_96,ace,submod,0.0,0.0,0.0,0.0,0.3415,0.5,82.0,1.0,1.0
9e0009f60baf11ebab90acde48001122,ace_submod_96,ace,submod,0.0,0.0,0.0,0.3333,0.0,0.0,88.0,0.5,0.0
b8133a100bdd11eba7f7acde48001122,ace_submod_96,ace,submod,0.0,0.0,0.0,0.0,0.5432,0.5,81.0,1.0,1.0
61082d440bdc11eba7f7acde48001122,ace_submod_96,ace,submod,0.0,0.0,0.0,0.0,0.473,0.5,74.0,0.5,0.0
6ea141020baf11ebab90acde48001122,ace_submod_96,ace,submod,0.0,0.0,0.0,0.5,0.0,0.0,84.0,0.5,0.0
d759ab480bdd11eba7f7acde48001122,ace_submod_96,ace,submod,0.0,0.0,1.0,1.0,0.7204,1.0,93.0,1.0,1.0
2e7a589e085211ebbd58ac1f6bf848b6,ace_submod_96,ace,submod,0.0,0.0,0.0,0.0,1.0,0.5,91.0,0.5,0.0
e85d87f4095111ebbdaeac1f6bf848b6,ace_submod_96,ace,submod,0.0,0.0,1.0,1.0,0.5579,1.0,95.0,1.0,1.0
9a339d60099011ebbdb0ac1f6bf848b6,ace_submod_96,ace,submod,0.0,0.0,0.0,0.0,0.6292,1.0,89.0,1.0,1.0
5d6e00200bda11eba7f7acde48001122,ace_submod_96,ace,submod,1.0,1.0,1.0,1.0,0.7527,1.0,93.0,1.0,1.0
2efc2c3b08bf11ebbd8aac1f6bf848b6,ace_submod_96,ace,submod,1.0,1.0,1.0,1.0,0.7553,0.5,94.0,0.5,0.0
0926667308d011ebbd95ac1f6bf848b6,ace_submod_96,ace,submod,1.0,1.0,1.0,1.0,0.8118,1.0,85.0,1.0,1.0
8f3945d8098111ebbdb0ac1f6bf848b6,ace_submod_96,ace,submod,1.0,1.0,0.0,0.6667,0.5914,0.5,93.0,1.0,1.0
5e8240ea0bdd11eba7f7acde48001122,ace_submod_96,ace,submod,0.0,0.0,0.0,0.0,0.3836,0.5,73.0,0.5,0.0
36ec2b3a086411ebbd5eac1f6bf848b6,ace_submod_96,ace,submod,1.0,1.0,1.0,1.0,0.7812,0.5,96.0,0.5,0.0
53175e86086b11ebbd5fac1f6bf848b6,ace_submod_96,ace,submod,0.0,0.0,0.0,0.6667,0.5676,1.0,74.0,1.0,1.0
66d8f7560bde11eba7f7acde48001122,ace_submod_96,ace,submod,0.0,0.0,0.0,0.0,0.2308,0.5,91.0,0.5,0.0
a9755ea508a711ebbd7fac1f6bf848b6,ace_submod_96,ace,submod,1.0,1.0,1.0,1.0,1.0,0.5,96.0,0.5,0.0
6a8b28c00bb011ebab90acde48001122,ace_submod_96,ace,submod,0.0,0.2857,0.0,0.25,0.5,0.5,82.0,1.0,1.0
43a949ae0bdc11eba7f7acde48001122,ace_submod_96,ace,submod,0.0,0.0,0.0,0.0,0.4271,0.5,96.0,0.5,0.0
b9cb67da092b11ebbdaeac1f6bf848b6,ace_submod_96,ace,submod,0.0,0.0,1.0,1.0,0.6395,1.0,86.0,1.0,1.0
5390f39c086d11ebbd61ac1f6bf848b6,ace_submod_96,ace,submod,1.0,1.0,1.0,1.0,1.0,1.0,94.0,1.0,1.0
d370f0b0085711ebbd5aac1f6bf848b6,ace_submod_96,ace,submod,1.0,1.0,0.0,0.6,0.3038,0.25,79.0,0.5,0.0
adcdb9440bd911eba7f7acde48001122,ace_submod_96,ace,submod,0.0,0.0,0.0,0.0,0.1474,0.5,95.0,1.0,1.0
1db17ce108a711ebbd7fac1f6bf848b6,ace_submod_96,ace,submod,1.0,1.0,1.0,1.0,0.561,0.5,82.0,0.5,0.0
177e0eda0bde11eba7f7acde48001122,ace_submod_96,ace,submod,0.0,0.0,0.0,0.0,0.6444,0.5,90.0,0.5,0.0
9da14ff1086311ebbd5eac1f6bf848b6,ace_submod_96,ace,submod,0.0,0.0,1.0,1.0,0.4583,1.0,96.0,1.0,1.0
2f10177608d911ebbd9cac1f6bf848b6,ace_submod_96,ace,submod,0.0,0.0,1.0,1.0,0.3582,0.5,67.0,1.0,1.0
b52a4d7e0bd911eba7f7acde48001122,ace_submod_96,ace,submod,0.0,0.0,0.0,0.0,0.4098,0.5,61.0,1.0,1.0
6dd9acf20bda11eba7f7acde48001122,ace_submod_96,ace,submod,0.0,0.0,0.0,0.0,0.1474,0.5,95.0,0.5,0.0
3f635554096511ebbdafac1f6bf848b6,ace_submod_96,ace,submod,0.0,0.0,0.0,0.0,0.7356,1.0,87.0,1.0,1.0
8c12ceba0bda11eba7f7acde48001122,ace_submod_96,ace,submod,0.0,0.0,0.0,0.0,0.0,0.0,80.0,0.5,0.0
8c1162a5086111ebbd5dac1f6bf848b6,ace_submod_96,ace,submod,1.0,1.0,0.0,0.0,0.2874,0.5,87.0,1.0,1.0
0585c9aa087f11ebbd6bac1f6bf848b6,ace_submod_96,ace,submod,0.0,0.0,1.0,1.0,0.5934,0.5,91.0,0.5,0.0
b8407b060bdd11eba7f7acde48001122,ace_submod_96,ace,submod,0.0,0.0,0.0,0.0,0.6458,0.5,96.0,0.5,0.0
07b62dea0baf11ebab90acde48001122,ace_submod_96,ace,submod,0.0,0.0,0.0,0.5,0.6632,1.0,95.0,1.0,1.0
fb95c0000bdd11eba7f7acde48001122,ace_submod_96,ace,submod,0.0,0.0,0.0,0.0,0.4405,0.5,84.0,0.5,0.0
e1abbba9098a11ebbdb0ac1f6bf848b6,ace_submod_96,ace,submod,0.0,0.0,0.0,0.0,0.5417,1.0,96.0,1.0,1.0
fbf8fd9e0bda11eba7f7acde48001122,ace_submod_96,ace,submod,0.0,0.0,0.0,0.0,1.0,0.5,86.0,1.0,1.0
636fc8380bde11eba7f7acde48001122,ace_submod_96,ace,submod,0.0,0.0,0.0,0.3333,0.6977,0.5,86.0,0.5,0.0
0c97f4720bde11eba7f7acde48001122,ace_submod_96,ace,submod,0.0,0.0,0.0,0.0,0.3378,0.5,74.0,1.0,1.0
36787917086811ebbd5eac1f6bf848b6,ace_submod_96,ace,submod,1.0,1.0,1.0,1.0,0.5244,0.5,82.0,1.0,1.0
519aee780baf11ebab90acde48001122,ace_submod_96,ace,submod,0.0,0.0,0.0,0.25,0.5522,0.5,67.0,0.5,0.0
6a81117708f311ebbdaaac1f6bf848b6,ace_submod_96,ace,submod,0.0,0.0,1.0,1.0,1.0,1.0,79.0,1.0,1.0
0105676c0bdd11eba7f7acde48001122,ace_submod_96,ace,submod,0.0,0.0,0.0,0.0,0.3951,0.5,81.0,1.0,1.0
73c53c9809a111ebbdb0ac1f6bf848b6,ace_submod_96,ace,submod,1.0,1.0,1.0,1.0,0.9255,1.0,94.0,1.0,1.0
7416106b090f11ebbdadac1f6bf848b6,ace_submod_96,ace,submod,1.0,1.0,1.0,1.0,0.5,1.0,96.0,1.0,1.0
3a1dbb720bdc11eba7f7acde48001122,ace_submod_96,ace,submod,0.0,0.0,0.0,0.3333,0.3444,0.5,90.0,0.5,0.0
ebbf5ec608da11ebbd9cac1f6bf848b6,ace_submod_96,ace,submod,1.0,1.0,1.0,1.0,1.0,1.0,64.0,1.0,1.0
3972d2b60baf11ebab90acde48001122,ace_submod_96,ace,submod,0.0,0.0,0.0,0.0,0.597,0.5,67.0,0.5,0.0
3adb8a740bde11eba7f7acde48001122,ace_submod_96,ace,submod,0.0,0.0,0.0,0.0,0.4706,1.0,85.0,1.0,1.0
13e2f86c0bde11eba7f7acde48001122,ace_submod_96,ace,submod,0.0,0.0,0.0,0.0,0.2812,0.5,96.0,0.5,0.0
d7af391708bb11ebbd88ac1f6bf848b6,ace_submod_96,ace,submod,0.0,0.0,0.0,0.0,0.8554,0.5,83.0,0.5,0.0
c2b303ae08c411ebbd8eac1f6bf848b6,ace_submod_96,ace,submod,1.0,1.0,1.0,1.0,0.6386,0.5,83.0,0.5,0.0
db10aea20bd911eba7f7acde48001122,ace_submod_96,ace,submod,0.0,0.0,0.0,0.0,0.5976,0.5,82.0,0.5,0.0
7a93fcee0bdb11eba7f7acde48001122,ace_submod_96,ace,submod,0.0,0.0,0.0,0.0,0.7363,0.5,91.0,0.5,0.0
05be9a0c0bde11eba7f7acde48001122,ace_submod_96,ace,submod,0.0,0.0,0.0,0.0,0.3368,0.5,95.0,0.5,0.0
091c13b20bdb11eba7f7acde48001122,ace_submod_96,ace,submod,0.0,0.0,0.0,0.0,0.5227,0.5,88.0,0.5,0.0
09b198a80bde11eba7f7acde48001122,ace_submod_96,ace,submod,0.0,0.0,0.0,0.0,0.7692,0.5,91.0,1.0,1.0
c827468a0bdd11eba7f7acde48001122,ace_submod_96,ace,submod,0.0,0.0,0.0,0.3333,0.0,0.0,68.0,0.5,0.0
70f54a060bb011ebab90acde48001122,ace_submod_96,ace,submod,0.0,0.0,0.0,1.0,0.4521,0.5,73.0,1.0,1.0
30e19d9008d611ebbd98ac1f6bf848b6,ace_submod_96,ace,submod,0.0,0.0,0.0,0.0,0.2979,0.5,94.0,1.0,1.0
43208df60bde11eba7f7acde48001122,ace_submod_96,ace,submod,0.0,0.0,0.0,0.0,0.0,0.0,86.0,0.5,0.0
5d0eadd80bde11eba7f7acde48001122,ace_submod_96,ace,submod,0.0,0.0,0.0,0.0,0.7013,0.5,77.0,1.0,1.0
9284e77d08f811ebbdaaac1f6bf848b6,ace_submod_96,ace,submod,0.0,0.0,1.0,1.0,0.8667,1.0,90.0,1.0,1.0
94eba4ce0bdc11eba7f7acde48001122,ace_submod_96,ace,submod,0.0,0.0,0.0,0.0,0.2979,0.5,94.0,0.5,0.0
29427eea0bdd11eba7f7acde48001122,ace_submod_96,ace,submod,1.0,1.0,0.0,0.0,1.0,1.0,83.0,1.0,1.0
62a9691e0bb011ebab90acde48001122,ace_submod_96,ace,submod,0.0,0.0,0.0,0.4,0.5568,0.5,88.0,0.5,0.0
cfc0d3e80bdd11eba7f7acde48001122,ace_submod_96,ace,submod,0.0,0.0,0.0,0.0,0.1978,0.5,91.0,1.0,1.0
76708e6a08b211ebbd85ac1f6bf848b6,ace_submod_96,ace,submod,0.0,0.0,0.0,0.0,0.1398,0.5,93.0,1.0,1.0
819dbb7a08d811ebbd9cac1f6bf848b6,ace_submod_96,ace,submod,0.0,0.0,1.0,1.0,0.4831,0.5,89.0,0.5,0.0
2fee043809b111ebbdb0ac1f6bf848b6,ace_submod_96,ace,submod,0.0,0.0,1.0,1.0,0.5402,1.0,87.0,1.0,1.0
39d43b7d08ae11ebbd83ac1f6bf848b6,ace_submod_96,ace,submod,0.0,0.0,1.0,1.0,1.0,0.5,83.0,0.5,0.0
aef6771208b311ebbd86ac1f6bf848b6,ace_submod_96,ace,submod,1.0,1.0,1.0,1.0,0.6154,0.5,91.0,0.5,0.0
0cc33f200bdd11eba7f7acde48001122,ace_submod_96,ace,submod,0.0,0.0,0.0,0.3333,0.642,0.5,81.0,0.5,0.0
8d1e4c000bdd11eba7f7acde48001122,ace_submod_96,ace,submod,0.0,0.0,0.0,0.0,0.4118,0.5,85.0,1.0,1.0
d61d3fd20bd911eba7f7acde48001122,ace_submod_96,ace,submod,0.0,0.0,0.0,0.0,0.2471,0.5,85.0,0.5,0.0
0db2574e0bde11eba7f7acde48001122,ace_submod_96,ace,submod,0.0,0.0,0.0,0.0,0.7283,0.5,92.0,0.5,0.0
48b1e7660bb011ebab90acde48001122,ace_submod_96,ace,submod,0.0,0.0,0.0,0.25,0.5185,0.5,81.0,1.0,1.0
004430780bde11eba7f7acde48001122,ace_submod_96,ace,submod,1.0,1.0,1.0,1.0,0.6795,0.5,78.0,1.0,1.0
fd4096540bd911eba7f7acde48001122,ace_submod_96,ace,submod,0.0,0.0,0.0,0.0,0.0,0.0,94.0,0.5,0.0
1e4d9f2008ff11ebbdadac1f6bf848b6,ace_submod_96,ace,submod,1.0,1.0,1.0,1.0,0.7179,1.0,78.0,1.0,1.0
0e161d6c084e11ebbd56ac1f6bf848b6,ace_submod_96,ace,submod,0.0,0.0,0.0,0.0,1.0,0.5,85.0,0.5,0.0
fe41a8aa0bdd11eba7f7acde48001122,ace_submod_96,ace,submod,0.0,0.0,0.0,0.0,0.0,0.0,89.0,0.5,0.0
db371cbb088011ebbd6dac1f6bf848b6,ace_submod_96,ace,submod,0.0,0.0,0.0,0.0,0.6316,1.0,95.0,1.0,1.0
505a04cc0baf11ebab90acde48001122,ace_submod_96,ace,submod,0.0,0.0,0.0,0.5,0.7105,0.5,76.0,1.0,1.0
5cd6974c0bdc11eba7f7acde48001122,ace_submod_96,ace,submod,0.0,0.0,0.0,0.0,0.3,0.5,80.0,0.5,0.0
c6fe0968091111ebbdadac1f6bf848b6,ace_submod_96,ace,submod,1.0,1.0,1.0,1.0,0.5618,1.0,89.0,1.0,1.0
aaaeeb220baf11ebab90acde48001122,ace_submod_96,ace,submod,0.0,0.0,0.0,0.25,0.3947,0.5,76.0,1.0,1.0
5029152e085d11ebbd5cac1f6bf848b6,ace_submod_96,ace,submod,0.0,0.0,1.0,1.0,1.0,1.0,75.0,1.0,1.0
beaf107f089a11ebbd77ac1f6bf848b6,ace_submod_96,ace,submod,0.0,0.0,0.0,0.0,0.2963,0.5,81.0,1.0,1.0
0961bb2808c611ebbd90ac1f6bf848b6,ace_submod_96,ace,submod,0.0,0.0,0.0,0.0,0.2169,0.25,83.0,0.5,0.0
8854559c08b911ebbd88ac1f6bf848b6,ace_submod_96,ace,submod,1.0,1.0,1.0,1.0,0.3684,1.0,76.0,1.0,1.0
09c3e79c0bde11eba7f7acde48001122,ace_submod_96,ace,submod,1.0,1.0,0.0,0.0,0.2717,0.5,92.0,0.5,0.0
59603ef00bdd11eba7f7acde48001122,ace_submod_96,ace,submod,1.0,1.0,0.0,0.0,0.5795,0.5,88.0,0.5,0.0
13c15658087311ebbd66ac1f6bf848b6,ace_submod_96,ace,submod,1.0,1.0,1.0,1.0,0.8409,0.5,88.0,0.5,0.0
3de5f3d60bdd11eba7f7acde48001122,ace_submod_96,ace,submod,1.0,1.0,0.0,0.0,0.3085,0.5,94.0,0.5,0.0
08ceb92e0bda11eba7f7acde48001122,ace_submod_96,ace,submod,0.0,0.0,0.0,0.0,0.0,0.0,89.0,0.0,0.0
1b053aca0bdd11eba7f7acde48001122,ace_submod_96,ace,submod,0.0,0.0,0.0,0.0,0.2903,0.5,93.0,0.5,0.0
dfee66b608c911ebbd92ac1f6bf848b6,ace_submod_96,ace,submod,0.0,0.0,0.0,0.0,0.6136,0.5,88.0,1.0,1.0
23ae34720bda11eba7f7acde48001122,ace_submod_96,ace,submod,0.0,0.0,0.0,0.0,0.0,0.0,93.0,0.5,0.0
91f8aeb508b811ebbd88ac1f6bf848b6,ace_submod_96,ace,submod,0.0,0.0,1.0,1.0,0.6203,0.25,79.0,0.25,0.0
84b2e1e708ce11ebbd94ac1f6bf848b6,ace_submod_96,ace,submod,0.0,0.0,1.0,1.0,1.0,1.0,88.0,1.0,1.0
9c1de1cf08b111ebbd85ac1f6bf848b6,ace_submod_96,ace,submod,0.0,0.0,1.0,1.0,0.4588,0.5,85.0,1.0,1.0
4bc286620bde11eba7f7acde48001122,ace_submod_96,ace,submod,0.0,0.0,0.0,0.0,0.4651,0.5,86.0,1.0,1.0
b4f63414088511ebbd6dac1f6bf848b6,ace_submod_96,ace,submod,0.0,0.0,0.0,0.0,0.2933,0.5,75.0,1.0,1.0
5cc7e4f20bd911eba7f7acde48001122,ace_submod_96,ace,submod,0.0,0.0,0.0,0.0,0.3596,0.5,89.0,0.5,0.0
7d8986360bda11eba7f7acde48001122,ace_submod_96,ace,submod,0.0,0.0,0.0,0.0,0.4773,0.5,88.0,0.5,0.0
d3493f98086611ebbd5eac1f6bf848b6,ace_submod_96,ace,submod,1.0,1.0,0.0,0.5,0.1707,0.5,82.0,1.0,1.0
29306dfc0bda11eba7f7acde48001122,ace_submod_96,ace,submod,0.0,0.0,0.0,0.0,0.5821,0.5,67.0,0.5,0.0
d105363b086e11ebbd62ac1f6bf848b6,ace_submod_96,ace,submod,0.0,0.1818,1.0,1.0,0.6489,1.0,94.0,1.0,1.0
350112e4085b11ebbd5cac1f6bf848b6,ace_submod_96,ace,submod,0.0,0.0,0.0,0.0,0.3919,0.25,74.0,0.5,0.0
27e926ca0bb011ebab90acde48001122,ace_submod_96,ace,submod,0.0,0.0,0.0,0.0,0.5543,0.5,92.0,0.5,0.0
650ee40e0bdd11eba7f7acde48001122,ace_submod_96,ace,submod,0.0,0.0,0.0,0.0,0.5543,0.5,92.0,0.5,0.0
43765d20087411ebbd67ac1f6bf848b6,ace_submod_96,ace,submod,0.0,0.0,0.0,0.0,0.3067,0.25,75.0,0.5,0.0
ab5beae00bda11eba7f7acde48001122,ace_submod_96,ace,submod,0.0,0.0,0.0,0.0,0.7326,0.5,86.0,0.5,0.0
95c505f4097f11ebbdb0ac1f6bf848b6,ace_submod_96,ace,submod,0.0,0.0,1.0,1.0,0.2553,0.5,94.0,1.0,1.0
fb9a9b0c089011ebbd72ac1f6bf848b6,ace_submod_96,ace,submod,1.0,1.0,1.0,1.0,0.3542,0.5,96.0,1.0,1.0
d4708a220bd911eba7f7acde48001122,ace_submod_96,ace,submod,0.0,0.0,0.0,0.0,0.2917,0.5,96.0,0.5,0.0
b2a1b19e096e11ebbdb0ac1f6bf848b6,ace_submod_96,ace,submod,0.0,0.0,0.0,0.0,0.7097,0.5,62.0,1.0,1.0
0c3675d40bda11eba7f7acde48001122,ace_submod_96,ace,submod,0.0,0.0,0.0,0.0,0.0,0.0,70.0,0.0,0.0
19cae67d097711ebbdb0ac1f6bf848b6,ace_submod_96,ace,submod,1.0,1.0,1.0,1.0,0.7333,1.0,75.0,1.0,1.0
7257a60608cb11ebbd92ac1f6bf848b6,ace_submod_96,ace,submod,0.0,0.0,1.0,1.0,1.0,0.5,79.0,0.5,0.0
3f1b7d3b086c11ebbd61ac1f6bf848b6,ace_submod_96,ace,submod,0.0,0.0,0.0,0.0,0.7474,0.5,95.0,0.75,0.0
8d8c678b085911ebbd5bac1f6bf848b6,ace_submod_96,ace,submod,1.0,1.0,1.0,1.0,0.8652,0.5,89.0,0.5,0.0
e5bc717c0bdb11eba7f7acde48001122,ace_submod_96,ace,submod,0.0,0.0,0.0,0.0,0.3099,0.5,71.0,0.5,0.0
57dabdf1091c11ebbdaeac1f6bf848b6,ace_submod_96,ace,submod,0.0,0.0,0.0,0.0,0.2,0.5,95.0,1.0,1.0
60bb44320bd911eba7f7acde48001122,ace_submod_96,ace,submod,0.0,0.0,0.0,0.5,0.2979,0.5,94.0,0.5,0.0
d428aedc08a011ebbd78ac1f6bf848b6,ace_submod_96,ace,submod,1.0,1.0,1.0,1.0,1.0,0.5,86.0,0.5,0.0
4ef0d0c80bde11eba7f7acde48001122,ace_submod_96,ace,submod,0.0,0.0,0.0,0.0,0.2967,0.5,91.0,1.0,1.0
1ebbc9b20bde11eba7f7acde48001122,ace_submod_96,ace,submod,0.0,0.0,1.0,1.0,0.7527,1.0,93.0,1.0,1.0
958dc314091911ebbdaeac1f6bf848b6,ace_submod_96,ace,submod,0.0,0.0,0.0,0.0,0.6585,1.0,82.0,1.0,1.0
3e75a2b908bf11ebbd8aac1f6bf848b6,ace_submod_96,ace,submod,1.0,1.0,1.0,1.0,0.8784,1.0,74.0,1.0,1.0
c3f2f69a094411ebbdaeac1f6bf848b6,ace_submod_96,ace,submod,0.0,0.0,0.0,0.6667,0.8481,1.0,79.0,1.0,1.0
66eefd9e0bde11eba7f7acde48001122,ace_submod_96,ace,submod,0.0,0.0,0.0,0.0,0.0,0.0,63.0,0.0,0.0
658f9a300bd911eba7f7acde48001122,ace_submod_96,ace,submod,0.0,0.0,0.0,0.0,0.3263,0.5,95.0,0.5,0.0
5ff9cc8c0baf11ebab90acde48001122,ace_submod_96,ace,submod,0.0,0.0,0.0,0.8,0.589,1.0,73.0,1.0,1.0
cc19962c0bdc11eba7f7acde48001122,ace_submod_96,ace,submod,0.0,0.0,0.0,0.0,0.4225,0.5,71.0,0.5,0.0
774fa4e20bdc11eba7f7acde48001122,ace_submod_96,ace,submod,0.0,0.0,0.0,0.0,0.3478,0.5,92.0,1.0,1.0
284e2815085811ebbd5aac1f6bf848b6,ace_submod_96,ace,submod,1.0,1.0,1.0,1.0,1.0,0.5,76.0,0.5,0.0
5cd23bea0bda11eba7f7acde48001122,ace_submod_96,ace,submod,0.0,0.0,0.0,0.0,0.6897,0.5,87.0,0.5,0.0
b9687149089811ebbd77ac1f6bf848b6,ace_submod_96,ace,submod,0.0,0.0,0.0,0.0,0.1818,0.25,77.0,0.25,0.0
318ebd55087f11ebbd6bac1f6bf848b6,ace_submod_96,ace,submod,0.0,0.0,1.0,1.0,0.6585,0.5,82.0,0.5,0.0
60814b660bb011ebab90acde48001122,ace_submod_96,ace,submod,0.0,0.0,0.0,0.3333,0.236,0.5,89.0,1.0,1.0
6c7f03240bdb11eba7f7acde48001122,ace_submod_96,ace,submod,0.0,0.0,0.0,0.0,0.3735,0.5,83.0,0.5,0.0
b68527e40bdd11eba7f7acde48001122,ace_submod_96,ace,submod,0.0,0.0,1.0,1.0,0.3474,0.5,95.0,1.0,1.0
eb9a4b7c0bdc11eba7f7acde48001122,ace_submod_96,ace,submod,0.0,0.0,0.0,0.0,0.3875,0.5,80.0,1.0,1.0
63ccce2308cb11ebbd92ac1f6bf848b6,ace_submod_96,ace,submod,1.0,1.0,1.0,1.0,0.8409,1.0,88.0,1.0,1.0
4a6714f608d011ebbd95ac1f6bf848b6,ace_submod_96,ace,submod,0.0,0.0,1.0,1.0,1.0,0.5,77.0,0.75,0.0
251db78c0bdb11eba7f7acde48001122,ace_submod_96,ace,submod,0.0,0.0,0.0,0.0,0.4805,0.5,77.0,0.5,0.0
cc6b0e9e084e11ebbd56ac1f6bf848b6,ace_submod_96,ace,submod,1.0,1.0,1.0,1.0,1.0,0.5,70.0,0.75,0.0
b16d1ab40bdd11eba7f7acde48001122,ace_submod_96,ace,submod,0.0,0.0,1.0,1.0,0.6552,1.0,87.0,1.0,1.0
e171d29a0bdd11eba7f7acde48001122,ace_submod_96,ace,submod,0.0,0.0,0.0,0.3333,0.5294,0.5,85.0,0.5,0.0
901658be084d11ebbd56ac1f6bf848b6,ace_submod_96,ace,submod,1.0,1.0,1.0,1.0,0.6222,0.5,90.0,0.75,0.0
042bf49e0bdb11eba7f7acde48001122,ace_submod_96,ace,submod,0.0,0.0,0.0,0.0,0.5161,0.5,93.0,0.5,0.0
4d559f400bda11eba7f7acde48001122,ace_submod_96,ace,submod,0.0,0.0,0.0,0.5,0.2561,0.5,82.0,0.5,0.0
0d232356091511ebbdadac1f6bf848b6,ace_submod_96,ace,submod,0.0,0.0,0.0,0.0,0.6458,0.5,96.0,1.0,1.0
1ed79b0a087411ebbd67ac1f6bf848b6,ace_submod_96,ace,submod,0.0,0.8571,1.0,1.0,0.4565,0.5,92.0,1.0,1.0
f21ab6980bdd11eba7f7acde48001122,ace_submod_96,ace,submod,0.0,0.0,0.0,0.0,0.8442,1.0,77.0,1.0,1.0
1c593ac008ae11ebbd83ac1f6bf848b6,ace_submod_96,ace,submod,0.0,0.0,0.0,0.0,0.3218,0.25,87.0,0.5,0.0
eb18a27a0baf11ebab90acde48001122,ace_submod_96,ace,submod,0.0,0.0,0.0,0.5,0.2609,0.5,92.0,0.5,0.0
bedf588e0baf11ebab90acde48001122,ace_submod_96,ace,submod,0.0,0.0,0.0,0.0,0.4045,0.5,89.0,0.5,0.0
fffc59fc088f11ebbd72ac1f6bf848b6,ace_submod_96,ace,submod,0.0,0.0,1.0,1.0,0.7326,0.5,86.0,0.5,0.0
e2cadf420bdd11eba7f7acde48001122,ace_submod_96,ace,submod,0.0,0.0,1.0,1.0,0.7474,1.0,95.0,1.0,1.0
337c710c08b511ebbd88ac1f6bf848b6,ace_submod_96,ace,submod,1.0,1.0,0.0,0.3333,0.5309,0.5,81.0,1.0,1.0
62df628e0bde11eba7f7acde48001122,ace_submod_96,ace,submod,0.0,0.0,0.0,0.0,0.0,0.0,74.0,1.0,1.0
a1f532760bdb11eba7f7acde48001122,ace_submod_96,ace,submod,0.0,0.0,0.0,0.5,0.6705,1.0,88.0,1.0,1.0
5dea5497089b11ebbd78ac1f6bf848b6,ace_submod_96,ace,submod,1.0,1.0,1.0,1.0,0.5435,0.5,92.0,0.5,0.0
c6d520840bda11eba7f7acde48001122,ace_submod_96,ace,submod,0.0,0.0,1.0,1.0,0.5256,1.0,78.0,1.0,1.0
66c00bf60bde11eba7f7acde48001122,ace_submod_96,ace,submod,0.0,0.0,0.0,0.0,0.7857,0.5,70.0,0.5,0.0
95ab4cac0bdc11eba7f7acde48001122,ace_submod_96,ace,submod,0.0,0.0,1.0,1.0,0.2588,0.5,85.0,1.0,1.0
27b8af06088e11ebbd70ac1f6bf848b6,ace_submod_96,ace,submod,0.0,0.0,0.0,0.0,0.5797,0.25,69.0,0.5,0.0
50f1350208af11ebbd83ac1f6bf848b6,ace_submod_96,ace,submod,0.0,0.0,0.0,0.0,0.75,0.25,88.0,0.5,0.0
68a60785087511ebbd67ac1f6bf848b6,ace_submod_96,ace,submod,0.0,0.5,1.0,1.0,0.1882,0.5,85.0,1.0,1.0
9e68b794091311ebbdadac1f6bf848b6,ace_submod_96,ace,submod,0.0,0.0,0.0,0.0,0.3438,0.5,96.0,1.0,1.0
d922570808dc11ebbd9dac1f6bf848b6,ace_submod_96,ace,submod,1.0,1.0,0.0,0.0,1.0,1.0,78.0,1.0,1.0
fd5a8ea0086711ebbd5eac1f6bf848b6,ace_submod_96,ace,submod,1.0,1.0,1.0,1.0,0.6344,1.0,93.0,1.0,1.0
dff7c3b60bdd11eba7f7acde48001122,ace_submod_96,ace,submod,0.0,0.0,0.0,0.0,0.4324,0.5,74.0,0.5,0.0
75c64fb00bda11eba7f7acde48001122,ace_submod_96,ace,submod,0.0,0.0,0.0,0.3333,0.3026,0.5,76.0,0.5,0.0
43acd28e0bde11eba7f7acde48001122,ace_submod_96,ace,submod,0.0,0.0,1.0,1.0,0.5455,0.5,88.0,1.0,1.0
86afde360bda11eba7f7acde48001122,ace_submod_96,ace,submod,0.0,0.0,0.0,0.0,0.1368,0.5,95.0,0.5,0.0
2a7d95fc0bdc11eba7f7acde48001122,ace_submod_96,ace,submod,0.0,0.0,0.0,0.0,0.2917,0.5,96.0,0.5,0.0
7de481100baf11ebab90acde48001122,ace_submod_96,ace,submod,0.0,0.0,0.0,0.3333,0.6854,1.0,89.0,1.0,1.0
d8df66240bdd11eba7f7acde48001122,ace_submod_96,ace,submod,0.0,0.0,0.0,0.1667,0.6818,0.5,88.0,1.0,1.0
2e925d6a0bde11eba7f7acde48001122,ace_submod_96,ace,submod,0.0,0.0,0.0,0.0,0.4945,0.5,91.0,1.0,1.0
4b879bd6087a11ebbd67ac1f6bf848b6,ace_submod_96,ace,submod,1.0,1.0,1.0,1.0,0.7,0.5,90.0,0.5,0.0
eb30f33c086611ebbd5eac1f6bf848b6,ace_submod_96,ace,submod,0.0,0.0,0.0,0.0,0.4253,0.5,87.0,0.5,0.0
59f0b4d608b211ebbd85ac1f6bf848b6,ace_submod_96,ace,submod,0.0,0.0,0.0,0.0,0.4896,1.0,96.0,1.0,1.0
ef48a3720baf11ebab90acde48001122,ace_submod_96,ace,submod,0.0,0.0,0.0,0.75,0.5303,0.5,66.0,1.0,1.0
39c32aa2086411ebbd5eac1f6bf848b6,ace_submod_96,ace,submod,0.0,0.0,1.0,1.0,0.6353,1.0,85.0,1.0,1.0
4b11ef0808cf11ebbd95ac1f6bf848b6,ace_submod_96,ace,submod,0.0,0.0,1.0,1.0,0.7262,0.5,84.0,0.5,0.0
354ab1c408e211ebbda3ac1f6bf848b6,ace_submod_96,ace,submod,0.0,0.0,1.0,1.0,0.3855,0.25,83.0,0.5,0.0
4293552c0bb011ebab90acde48001122,ace_submod_96,ace,submod,0.0,0.0,0.0,0.3333,0.0,0.0,84.0,1.0,1.0
2a234d2d089911ebbd77ac1f6bf848b6,ace_submod_96,ace,submod,0.0,0.0,1.0,1.0,1.0,1.0,81.0,1.0,1.0
565785740bb011ebab90acde48001122,ace_submod_96,ace,submod,0.0,0.0,0.0,0.0,0.3488,0.5,86.0,0.5,0.0
511af4e80baf11ebab90acde48001122,ace_submod_96,ace,submod,0.0,0.0,0.0,0.6,0.0,0.0,80.0,0.5,0.0
227adf2c086c11ebbd60ac1f6bf848b6,ace_submod_96,ace,submod,1.0,1.0,1.0,1.0,0.7317,0.5,82.0,0.5,0.0
bac99ab40bd911eba7f7acde48001122,ace_submod_96,ace,submod,0.0,0.0,0.0,0.25,0.2093,0.5,86.0,0.5,0.0
c001b9b40bdc11eba7f7acde48001122,ace_submod_96,ace,submod,0.0,0.0,0.0,0.0,0.0,0.0,95.0,0.5,0.0
c31b2d920bdc11eba7f7acde48001122,ace_submod_96,ace,submod,0.0,0.0,0.0,0.0,0.0,0.0,95.0,0.0,0.0
13288e3a090b11ebbdadac1f6bf848b6,ace_submod_96,ace,submod,0.0,0.0,1.0,1.0,0.5824,0.5,91.0,1.0,1.0
f62ae4f9096911ebbdafac1f6bf848b6,ace_submod_96,ace,submod,1.0,1.0,1.0,1.0,0.6866,1.0,67.0,1.0,1.0
4bb64b540bde11eba7f7acde48001122,ace_submod_96,ace,submod,0.0,0.0,0.0,0.25,0.6125,0.5,80.0,0.5,0.0
4facc3320bd911eba7f7acde48001122,ace_submod_96,ace,submod,0.0,0.0,0.0,0.5,0.5119,0.5,84.0,0.5,0.0
af07336e0bdc11eba7f7acde48001122,ace_submod_96,ace,submod,0.0,0.0,0.0,0.0,0.2963,0.5,81.0,1.0,1.0
06ceba5e0bb011ebab90acde48001122,ace_submod_96,ace,submod,0.0,0.0,0.0,0.6667,0.5789,0.5,76.0,0.5,0.0
5a7f3e9d08e711ebbda6ac1f6bf848b6,ace_submod_96,ace,submod,0.0,0.0,0.0,0.0,0.5517,0.5,87.0,1.0,1.0
eee1f0af085911ebbd5bac1f6bf848b6,ace_submod_96,ace,submod,1.0,1.0,1.0,1.0,0.6915,1.0,94.0,1.0,1.0
7019886b093511ebbdaeac1f6bf848b6,ace_submod_96,ace,submod,0.0,0.0,0.0,0.75,0.2421,0.5,95.0,1.0,1.0
8326634a08a111ebbd79ac1f6bf848b6,ace_submod_96,ace,submod,0.0,0.0,0.0,0.0,0.3953,1.0,86.0,1.0,1.0
c74ed73b088d11ebbd70ac1f6bf848b6,ace_submod_96,ace,submod,1.0,1.0,1.0,1.0,0.8462,0.5,91.0,0.5,0.0
2f3c0934087b11ebbd67ac1f6bf848b6,ace_submod_96,ace,submod,0.0,0.0,0.0,0.0,0.369,0.25,84.0,0.25,0.0
0ccfc77808c611ebbd90ac1f6bf848b6,ace_submod_96,ace,submod,1.0,1.0,1.0,1.0,0.7143,0.5,70.0,0.5,0.0
5136616008b211ebbd85ac1f6bf848b6,ace_submod_96,ace,submod,0.0,0.0,0.0,0.3333,0.5895,0.25,95.0,0.5,0.0
afcff22e0bda11eba7f7acde48001122,ace_submod_96,ace,submod,0.0,0.0,0.0,0.0,0.3958,0.5,96.0,0.5,0.0
986625bc0bdb11eba7f7acde48001122,ace_submod_96,ace,submod,0.0,0.0,0.0,0.0,0.5176,0.5,85.0,0.5,0.0
290458a20bda11eba7f7acde48001122,ace_submod_96,ace,submod,0.0,0.0,0.0,0.0,0.0,0.0,75.0,0.5,0.0
7eeba090088d11ebbd70ac1f6bf848b6,ace_submod_96,ace,submod,1.0,1.0,1.0,1.0,0.3457,1.0,81.0,1.0,1.0
56c3a6c20bd911eba7f7acde48001122,ace_submod_96,ace,submod,0.0,0.4,0.0,0.5,0.3723,0.5,94.0,1.0,1.0
0d118fb00bdb11eba7f7acde48001122,ace_submod_96,ace,submod,0.0,0.0,0.0,0.0,0.0,0.0,95.0,0.5,0.0
07fce4900bde11eba7f7acde48001122,ace_submod_96,ace,submod,0.0,0.0,0.0,0.0,0.6533,0.5,75.0,0.5,0.0
9ff14fea0baf11ebab90acde48001122,ace_submod_96,ace,submod,0.0,0.0,0.0,0.0,0.3,0.5,80.0,0.5,0.0
955ddc6a0bdc11eba7f7acde48001122,ace_submod_96,ace,submod,0.0,0.0,0.0,0.0,0.2697,0.5,89.0,0.5,0.0
50b9582c0bb011ebab90acde48001122,ace_submod_96,ace,submod,0.0,0.0,1.0,1.0,0.7534,1.0,73.0,1.0,1.0
1b7752be0bdc11eba7f7acde48001122,ace_submod_96,ace,submod,0.0,0.0,0.0,0.0,0.0,0.0,89.0,0.5,0.0
f31d38460bdc11eba7f7acde48001122,ace_submod_96,ace,submod,0.0,0.6667,1.0,1.0,1.0,1.0,70.0,1.0,1.0
dd01c8180bd911eba7f7acde48001122,ace_submod_96,ace,submod,0.0,0.0,0.0,0.0,0.6395,1.0,86.0,1.0,1.0
afc6b59708b611ebbd88ac1f6bf848b6,ace_submod_96,ace,submod,1.0,1.0,1.0,1.0,1.0,0.5,91.0,0.5,0.0
df66ea220bdc11eba7f7acde48001122,ace_submod_96,ace,submod,0.0,0.0,0.0,0.0,0.5286,0.5,70.0,1.0,1.0
a84ba2780bda11eba7f7acde48001122,ace_submod_96,ace,submod,0.0,0.0,0.0,0.0,0.0,0.0,92.0,0.0,0.0
c418fa2408e811ebbda6ac1f6bf848b6,ace_submod_96,ace,submod,0.0,0.0,1.0,1.0,0.3438,0.5,96.0,0.5,0.0
96beb0b3086111ebbd5dac1f6bf848b6,ace_submod_96,ace,submod,0.0,0.0,1.0,1.0,0.6932,1.0,88.0,1.0,1.0
74b171780bde11eba7f7acde48001122,ace_submod_96,ace,submod,0.0,0.0,0.0,0.0,0.2447,0.5,94.0,0.5,0.0
8930ad3c0bdc11eba7f7acde48001122,ace_submod_96,ace,submod,0.0,0.0,0.0,0.0,0.4409,0.5,93.0,0.5,0.0
51a08d5308ac11ebbd82ac1f6bf848b6,ace_submod_96,ace,submod,1.0,1.0,1.0,1.0,0.3765,0.5,85.0,1.0,1.0
b4254d4c0bda11eba7f7acde48001122,ace_submod_96,ace,submod,0.0,0.0,0.0,0.0,0.7708,1.0,96.0,1.0,1.0
f77f95da0bd911eba7f7acde48001122,ace_submod_96,ace,submod,0.0,0.0,0.0,0.0,0.2234,0.5,94.0,0.5,0.0
3581ccec0bdd11eba7f7acde48001122,ace_submod_96,ace,submod,0.0,0.0,0.0,0.0,0.0,0.0,95.0,0.0,0.0
20058aec0bde11eba7f7acde48001122,ace_submod_96,ace,submod,0.0,0.0,0.0,0.0,0.4719,0.5,89.0,1.0,1.0
f4a66ac60bae11ebab90acde48001122,ace_submod_96,ace,submod,0.0,0.0,0.0,0.3333,0.5156,0.5,64.0,0.5,0.0
001ad110086911ebbd5eac1f6bf848b6,ace_submod_96,ace,submod,0.0,0.0,0.0,0.0,0.0,0.0,88.0,0.5,0.0
b3c4b3a80bdd11eba7f7acde48001122,ace_submod_96,ace,submod,0.0,0.0,0.0,0.0,0.4731,0.5,93.0,0.5,0.0
38fdf5420bda11eba7f7acde48001122,ace_submod_96,ace,submod,0.0,0.0,0.0,0.0,0.6304,0.5,92.0,0.5,0.0
6a53eb53089b11ebbd78ac1f6bf848b6,ace_submod_96,ace,submod,0.0,0.0,1.0,1.0,0.7412,1.0,85.0,1.0,1.0
4c319d400bde11eba7f7acde48001122,ace_submod_96,ace,submod,0.0,0.0,0.0,0.0,0.1807,0.5,83.0,0.5,0.0
998f8786089711ebbd77ac1f6bf848b6,ace_submod_96,ace,submod,1.0,1.0,1.0,1.0,0.9692,0.5,65.0,0.5,0.0
0b78b1e9087411ebbd67ac1f6bf848b6,ace_submod_96,ace,submod,0.0,0.0,0.0,0.0,0.7412,1.0,85.0,1.0,1.0
632fcc82085611ebbd59ac1f6bf848b6,ace_submod_96,ace,submod,0.0,0.0,1.0,1.0,0.4494,1.0,89.0,1.0,1.0
272062fc088c11ebbd6fac1f6bf848b6,ace_submod_96,ace,submod,1.0,1.0,0.0,0.0,0.0,0.0,90.0,0.25,0.0
241a9d0c0bde11eba7f7acde48001122,ace_submod_96,ace,submod,0.0,0.0,0.0,0.0,0.506,0.5,83.0,0.5,0.0
c6c492e008bb11ebbd88ac1f6bf848b6,ace_submod_96,ace,submod,1.0,1.0,1.0,1.0,0.5897,1.0,78.0,1.0,1.0
b67ef6380bda11eba7f7acde48001122,ace_submod_96,ace,submod,0.0,0.0,1.0,1.0,0.2118,0.5,85.0,1.0,1.0
4a3edf720bdc11eba7f7acde48001122,ace_submod_96,ace,submod,0.0,0.3333,0.0,0.3333,0.2286,0.5,70.0,0.5,0.0
b21084c2097c11ebbdb0ac1f6bf848b6,ace_submod_96,ace,submod,1.0,1.0,1.0,1.0,1.0,1.0,93.0,1.0,1.0
f5c9a3f2086111ebbd5dac1f6bf848b6,ace_submod_96,ace,submod,0.0,0.0,1.0,1.0,0.8267,1.0,75.0,1.0,1.0
1a344858086711ebbd5eac1f6bf848b6,ace_submod_96,ace,submod,1.0,1.0,1.0,1.0,1.0,0.75,85.0,0.75,0.0
dac1f66e0bdd11eba7f7acde48001122,ace_submod_96,ace,submod,1.0,1.0,0.0,0.0,1.0,1.0,93.0,1.0,1.0
141636ac0bdc11eba7f7acde48001122,ace_submod_96,ace,submod,0.0,0.0,0.0,0.0,0.6463,0.5,82.0,0.5,0.0
48b07de00bb011ebab90acde48001122,ace_submod_96,ace,submod,0.0,0.2,0.0,0.7143,0.4167,0.5,72.0,1.0,1.0
