=== control/main.py: HotpotQA Qwen3B limit1000 scaling run ===
Copied extracted project /kaggle/input/datasets/anantonayan/dataset12 to /kaggle/working/ace_rag_research_v12_routerfix
$ /usr/bin/python3 -m pip install -q -r requirements-cloud.txt
[start] stage3_hotpotqa_seed13_routerfix_limit1000_qwen3b
$ /usr/bin/python3 -m experiments.run_stage3_router --dataset hotpotqa --split validation --seed 13 --limit 1000 --embed-device cuda --compressor truncate --compress-dims 320 --top-k-nodes 48 --max-expanded-docs 5 --ace-retriever standard --reader-model Qwen/Qwen2.5-3B-Instruct --reader-device cuda --reader-batch-size 2 --out-dir /kaggle/working/colab_results/stage3_hotpotqa_seed13_routerfix_limit1000_qwen3b
hotpotqa[hf:validation:1000]: 9803 docs, 1000 questions, 2.00 gold docs/question
[stage3] retrieving chunk baseline
2026-06-27 13:54:26.022691: E external/local_xla/xla/stream_executor/cuda/cuda_fft.cc:467] Unable to register cuFFT factory: Attempting to register factory for plugin cuFFT when one has already been registered
WARNING: All log messages before absl::InitializeLog() is called are written to STDERR
E0000 00:00:1782568466.046215    1339 cuda_dnn.cc:8579] Unable to register cuDNN factory: Attempting to register factory for plugin cuDNN when one has already been registered
E0000 00:00:1782568466.054368    1339 cuda_blas.cc:1407] Unable to register cuBLAS factory: Attempting to register factory for plugin cuBLAS when one has already been registered
W0000 00:00:1782568466.074547    1339 computation_placer.cc:177] computation placer already registered. Please check linkage and avoid linking the same target more than once.
W0000 00:00:1782568466.074602    1339 computation_placer.cc:177] computation placer already registered. Please check linkage and avoid linking the same target more than once.
W0000 00:00:1782568466.074608    1339 computation_placer.cc:177] computation placer already registered. Please check linkage and avoid linking the same target more than once.
W0000 00:00:1782568466.074612    1339 computation_placer.cc:177] computation placer already registered. Please check linkage and avoid linking the same target more than once.
[chunk] fitting/indexing
[embed] encoding 9803 texts on device=cuda:0

Batches:   0%|          | 0/154 [00:00<?, ?it/s]
Batches:   1%|          | 1/154 [00:00<02:26,  1.05it/s]
Batches:   1%|▏         | 2/154 [00:01<01:43,  1.47it/s]
Batches:   2%|▏         | 3/154 [00:01<01:29,  1.69it/s]
Batches:   3%|▎         | 4/154 [00:02<01:18,  1.92it/s]
Batches:   3%|▎         | 5/154 [00:02<01:07,  2.20it/s]
Batches:   4%|▍         | 6/154 [00:03<01:03,  2.33it/s]
Batches:   5%|▍         | 7/154 [00:03<01:00,  2.42it/s]
Batches:   5%|▌         | 8/154 [00:03<00:58,  2.48it/s]
Batches:   6%|▌         | 9/154 [00:04<00:54,  2.68it/s]
Batches:   6%|▋         | 10/154 [00:04<00:50,  2.83it/s]
Batches:   7%|▋         | 11/154 [00:04<00:49,  2.91it/s]
Batches:   8%|▊         | 12/154 [00:05<00:48,  2.93it/s]
Batches:   8%|▊         | 13/154 [00:05<00:45,  3.08it/s]
Batches:   9%|▉         | 14/154 [00:05<00:43,  3.21it/s]
Batches:  10%|▉         | 15/154 [00:05<00:40,  3.45it/s]
Batches:  10%|█         | 16/154 [00:06<00:40,  3.42it/s]
Batches:  11%|█         | 17/154 [00:06<00:39,  3.46it/s]
Batches:  12%|█▏        | 18/154 [00:06<00:37,  3.64it/s]
Batches:  12%|█▏        | 19/154 [00:06<00:36,  3.73it/s]
Batches:  13%|█▎        | 20/154 [00:07<00:34,  3.88it/s]
Batches:  14%|█▎        | 21/154 [00:07<00:33,  3.97it/s]
Batches:  14%|█▍        | 22/154 [00:07<00:35,  3.75it/s]
Batches:  15%|█▍        | 23/154 [00:07<00:33,  3.93it/s]
Batches:  16%|█▌        | 24/154 [00:08<00:32,  4.05it/s]
Batches:  16%|█▌        | 25/154 [00:08<00:31,  4.10it/s]
Batches:  17%|█▋        | 26/154 [00:08<00:30,  4.15it/s]
Batches:  18%|█▊        | 27/154 [00:08<00:30,  4.22it/s]
Batches:  18%|█▊        | 28/154 [00:09<00:29,  4.34it/s]
Batches:  19%|█▉        | 29/154 [00:09<00:28,  4.34it/s]
Batches:  19%|█▉        | 30/154 [00:09<00:28,  4.42it/s]
Batches:  20%|██        | 31/154 [00:09<00:27,  4.48it/s]
Batches:  21%|██        | 32/154 [00:09<00:26,  4.54it/s]
Batches:  21%|██▏       | 33/154 [00:10<00:26,  4.56it/s]
Batches:  22%|██▏       | 34/154 [00:10<00:26,  4.46it/s]
Batches:  23%|██▎       | 35/154 [00:10<00:26,  4.55it/s]
Batches:  23%|██▎       | 36/154 [00:10<00:24,  4.75it/s]
Batches:  24%|██▍       | 37/154 [00:11<00:23,  5.03it/s]
Batches:  25%|██▍       | 38/154 [00:11<00:22,  5.12it/s]
Batches:  25%|██▌       | 39/154 [00:11<00:22,  5.14it/s]
Batches:  26%|██▌       | 40/154 [00:11<00:22,  4.98it/s]
Batches:  27%|██▋       | 41/154 [00:11<00:22,  5.12it/s]
Batches:  27%|██▋       | 42/154 [00:11<00:21,  5.24it/s]
Batches:  28%|██▊       | 43/154 [00:12<00:21,  5.09it/s]
Batches:  29%|██▊       | 44/154 [00:12<00:20,  5.27it/s]
Batches:  29%|██▉       | 45/154 [00:12<00:20,  5.26it/s]
Batches:  30%|██▉       | 46/154 [00:12<00:20,  5.34it/s]
Batches:  31%|███       | 47/154 [00:12<00:20,  5.31it/s]
Batches:  31%|███       | 48/154 [00:13<00:19,  5.35it/s]
Batches:  32%|███▏      | 49/154 [00:13<00:19,  5.41it/s]
Batches:  32%|███▏      | 50/154 [00:13<00:19,  5.45it/s]
Batches:  33%|███▎      | 51/154 [00:13<00:18,  5.51it/s]
Batches:  34%|███▍      | 52/154 [00:13<00:18,  5.42it/s]
Batches:  34%|███▍      | 53/154 [00:14<00:18,  5.33it/s]
Batches:  35%|███▌      | 54/154 [00:14<00:17,  5.60it/s]
Batches:  36%|███▌      | 55/154 [00:14<00:17,  5.63it/s]
Batches:  36%|███▋      | 56/154 [00:14<00:17,  5.51it/s]
Batches:  37%|███▋      | 57/154 [00:14<00:17,  5.69it/s]
Batches:  38%|███▊      | 58/154 [00:14<00:16,  5.75it/s]
Batches:  38%|███▊      | 59/154 [00:15<00:15,  5.95it/s]
Batches:  39%|███▉      | 60/154 [00:15<00:16,  5.86it/s]
Batches:  40%|███▉      | 61/154 [00:15<00:15,  5.99it/s]
Batches:  40%|████      | 62/154 [00:15<00:15,  5.93it/s]
Batches:  41%|████      | 63/154 [00:15<00:15,  6.02it/s]
Batches:  42%|████▏     | 64/154 [00:15<00:14,  6.18it/s]
Batches:  42%|████▏     | 65/154 [00:16<00:14,  6.32it/s]
Batches:  43%|████▎     | 66/154 [00:16<00:13,  6.31it/s]
Batches:  44%|████▎     | 67/154 [00:16<00:14,  6.20it/s]
Batches:  44%|████▍     | 68/154 [00:16<00:13,  6.44it/s]
Batches:  45%|████▍     | 69/154 [00:16<00:12,  6.71it/s]
Batches:  45%|████▌     | 70/154 [00:16<00:13,  6.27it/s]
Batches:  46%|████▌     | 71/154 [00:16<00:12,  6.39it/s]
Batches:  47%|████▋     | 72/154 [00:17<00:12,  6.52it/s]
Batches:  47%|████▋     | 73/154 [00:17<00:12,  6.52it/s]
Batches:  48%|████▊     | 74/154 [00:17<00:12,  6.59it/s]
Batches:  49%|████▊     | 75/154 [00:17<00:11,  6.76it/s]
Batches:  49%|████▉     | 76/154 [00:17<00:11,  6.69it/s]
Batches:  50%|█████     | 77/154 [00:17<00:11,  6.53it/s]
Batches:  51%|█████     | 78/154 [00:17<00:11,  6.66it/s]
Batches:  51%|█████▏    | 79/154 [00:18<00:10,  6.90it/s]
Batches:  52%|█████▏    | 80/154 [00:18<00:10,  6.90it/s]
Batches:  53%|█████▎    | 81/154 [00:18<00:10,  6.97it/s]
Batches:  53%|█████▎    | 82/154 [00:18<00:10,  6.85it/s]
Batches:  54%|█████▍    | 83/154 [00:18<00:09,  7.15it/s]
Batches:  55%|█████▍    | 84/154 [00:18<00:09,  7.42it/s]
Batches:  55%|█████▌    | 85/154 [00:18<00:09,  7.58it/s]
Batches:  56%|█████▌    | 86/154 [00:19<00:09,  7.23it/s]
Batches:  56%|█████▋    | 87/154 [00:19<00:09,  6.72it/s]
Batches:  57%|█████▋    | 88/154 [00:19<00:09,  6.99it/s]
Batches:  58%|█████▊    | 89/154 [00:19<00:09,  6.88it/s]
Batches:  58%|█████▊    | 90/154 [00:19<00:09,  7.04it/s]
Batches:  59%|█████▉    | 91/154 [00:19<00:08,  7.45it/s]
Batches:  60%|█████▉    | 92/154 [00:19<00:08,  7.48it/s]
Batches:  60%|██████    | 93/154 [00:20<00:07,  7.69it/s]
Batches:  61%|██████    | 94/154 [00:20<00:07,  7.95it/s]
Batches:  62%|██████▏   | 95/154 [00:20<00:07,  8.18it/s]
Batches:  62%|██████▏   | 96/154 [00:20<00:07,  7.57it/s]
Batches:  63%|██████▎   | 97/154 [00:20<00:07,  7.72it/s]
Batches:  64%|██████▎   | 98/154 [00:20<00:07,  7.99it/s]
Batches:  64%|██████▍   | 99/154 [00:20<00:06,  8.16it/s]
Batches:  65%|██████▍   | 100/154 [00:20<00:06,  8.44it/s]
Batches:  66%|██████▌   | 101/154 [00:21<00:06,  8.60it/s]
Batches:  66%|██████▌   | 102/154 [00:21<00:05,  8.76it/s]
Batches:  67%|██████▋   | 103/154 [00:21<00:05,  8.76it/s]
Batches:  68%|██████▊   | 104/154 [00:21<00:05,  8.99it/s]
Batches:  68%|██████▊   | 105/154 [00:21<00:05,  8.93it/s]
Batches:  69%|██████▉   | 106/154 [00:21<00:05,  9.20it/s]
Batches:  69%|██████▉   | 107/154 [00:21<00:04,  9.42it/s]
Batches:  70%|███████   | 108/154 [00:21<00:04,  9.55it/s]
Batches:  71%|███████   | 109/154 [00:21<00:04,  9.28it/s]
Batches:  71%|███████▏  | 110/154 [00:21<00:04,  9.35it/s]
Batches:  72%|███████▏  | 111/154 [00:22<00:04,  9.49it/s]
Batches:  73%|███████▎  | 113/154 [00:22<00:04,  9.61it/s]
Batches:  74%|███████▍  | 114/154 [00:22<00:04,  9.66it/s]
Batches:  75%|███████▍  | 115/154 [00:22<00:04,  9.52it/s]
Batches:  75%|███████▌  | 116/154 [00:22<00:03,  9.61it/s]
Batches:  77%|███████▋  | 118/154 [00:22<00:03,  9.82it/s]
Batches:  78%|███████▊  | 120/154 [00:22<00:03,  9.96it/s]
Batches:  79%|███████▊  | 121/154 [00:23<00:03,  9.97it/s]
Batches:  80%|███████▉  | 123/154 [00:23<00:03, 10.14it/s]
Batches:  81%|████████  | 125/154 [00:23<00:02, 10.54it/s]
Batches:  82%|████████▏ | 127/154 [00:23<00:02, 10.65it/s]
Batches:  84%|████████▍ | 129/154 [00:23<00:02, 10.91it/s]
Batches:  85%|████████▌ | 131/154 [00:23<00:02, 11.23it/s]
Batches:  86%|████████▋ | 133/154 [00:24<00:01, 11.67it/s]
Batches:  88%|████████▊ | 135/154 [00:24<00:01, 12.12it/s]
Batches:  89%|████████▉ | 137/154 [00:24<00:01, 12.55it/s]
Batches:  90%|█████████ | 139/154 [00:24<00:01, 13.23it/s]
Batches:  92%|█████████▏| 141/154 [00:24<00:00, 13.60it/s]
Batches:  93%|█████████▎| 143/154 [00:24<00:00, 14.17it/s]
Batches:  94%|█████████▍| 145/154 [00:24<00:00, 15.13it/s]
Batches:  95%|█████████▌| 147/154 [00:25<00:00, 15.71it/s]
Batches:  97%|█████████▋| 150/154 [00:25<00:00, 17.62it/s]
Batches:  99%|█████████▉| 153/154 [00:25<00:00, 20.01it/s]
Batches: 100%|██████████| 154/154 [00:25<00:00,  6.08it/s]
[chunk] retrieving
[embed] encoding 1000 texts on device=cuda:0

Batches:   0%|          | 0/16 [00:00<?, ?it/s]
Batches:  19%|█▉        | 3/16 [00:00<00:00, 24.44it/s]
Batches:  44%|████▍     | 7/16 [00:00<00:00, 28.63it/s]
Batches:  69%|██████▉   | 11/16 [00:00<00:00, 31.85it/s]
Batches: 100%|██████████| 16/16 [00:00<00:00, 37.51it/s]
Batches: 100%|██████████| 16/16 [00:00<00:00, 34.29it/s]
[stage3] retrieving BM25 baseline
[bm25] fitting/indexing
[bm25] retrieving
[stage3] retrieving hybrid baseline
[hybrid] fitting/indexing
[embed] encoding 9803 texts on device=cuda:0

Batches:   0%|          | 0/154 [00:00<?, ?it/s]
Batches:   1%|          | 1/154 [00:00<01:49,  1.40it/s]
Batches:   1%|▏         | 2/154 [00:01<01:31,  1.66it/s]
Batches:   2%|▏         | 3/154 [00:01<01:25,  1.76it/s]
Batches:   3%|▎         | 4/154 [00:02<01:17,  1.94it/s]
Batches:   3%|▎         | 5/154 [00:02<01:08,  2.17it/s]
Batches:   4%|▍         | 6/154 [00:02<01:05,  2.26it/s]
Batches:   5%|▍         | 7/154 [00:03<01:03,  2.31it/s]
Batches:   5%|▌         | 8/154 [00:03<01:02,  2.35it/s]
Batches:   6%|▌         | 9/154 [00:04<00:57,  2.53it/s]
Batches:   6%|▋         | 10/154 [00:04<00:54,  2.66it/s]
Batches:   7%|▋         | 11/154 [00:04<00:52,  2.74it/s]
Batches:   8%|▊         | 12/154 [00:05<00:51,  2.78it/s]
Batches:   8%|▊         | 13/154 [00:05<00:48,  2.92it/s]
Batches:   9%|▉         | 14/154 [00:05<00:46,  3.04it/s]
Batches:  10%|▉         | 15/154 [00:06<00:43,  3.21it/s]
Batches:  10%|█         | 16/154 [00:06<00:43,  3.19it/s]
Batches:  11%|█         | 17/154 [00:06<00:42,  3.24it/s]
Batches:  12%|█▏        | 18/154 [00:06<00:40,  3.38it/s]
Batches:  12%|█▏        | 19/154 [00:07<00:38,  3.47it/s]
Batches:  13%|█▎        | 20/154 [00:07<00:37,  3.59it/s]
Batches:  14%|█▎        | 21/154 [00:07<00:36,  3.65it/s]
Batches:  14%|█▍        | 22/154 [00:08<00:38,  3.47it/s]
Batches:  15%|█▍        | 23/154 [00:08<00:35,  3.65it/s]
Batches:  16%|█▌        | 24/154 [00:08<00:34,  3.77it/s]
Batches:  16%|█▌        | 25/154 [00:08<00:33,  3.84it/s]
Batches:  17%|█▋        | 26/154 [00:08<00:32,  3.91it/s]
Batches:  18%|█▊        | 27/154 [00:09<00:31,  3.98it/s]
Batches:  18%|█▊        | 28/154 [00:09<00:30,  4.09it/s]
Batches:  19%|█▉        | 29/154 [00:09<00:31,  3.96it/s]
Batches:  19%|█▉        | 30/154 [00:09<00:30,  4.10it/s]
Batches:  20%|██        | 31/154 [00:10<00:29,  4.15it/s]
Batches:  21%|██        | 32/154 [00:10<00:28,  4.23it/s]
Batches:  21%|██▏       | 33/154 [00:10<00:28,  4.23it/s]
Batches:  22%|██▏       | 34/154 [00:10<00:29,  4.12it/s]
Batches:  23%|██▎       | 35/154 [00:11<00:28,  4.23it/s]
Batches:  23%|██▎       | 36/154 [00:11<00:26,  4.40it/s]
Batches:  24%|██▍       | 37/154 [00:11<00:25,  4.66it/s]
Batches:  25%|██▍       | 38/154 [00:11<00:24,  4.77it/s]
Batches:  25%|██▌       | 39/154 [00:11<00:23,  4.80it/s]
Batches:  26%|██▌       | 40/154 [00:12<00:24,  4.66it/s]
Batches:  27%|██▋       | 41/154 [00:12<00:23,  4.79it/s]
Batches:  27%|██▋       | 42/154 [00:12<00:22,  4.90it/s]
Batches:  28%|██▊       | 43/154 [00:12<00:23,  4.73it/s]
Batches:  29%|██▊       | 44/154 [00:12<00:22,  4.90it/s]
Batches:  29%|██▉       | 45/154 [00:13<00:22,  4.88it/s]
Batches:  30%|██▉       | 46/154 [00:13<00:21,  4.94it/s]
Batches:  31%|███       | 47/154 [00:13<00:21,  4.93it/s]
Batches:  31%|███       | 48/154 [00:13<00:21,  4.96it/s]
Batches:  32%|███▏      | 49/154 [00:13<00:20,  5.02it/s]
Batches:  32%|███▏      | 50/154 [00:14<00:20,  5.06it/s]
Batches:  33%|███▎      | 51/154 [00:14<00:20,  5.11it/s]
Batches:  34%|███▍      | 52/154 [00:14<00:20,  5.03it/s]
Batches:  34%|███▍      | 53/154 [00:14<00:20,  4.96it/s]
Batches:  35%|███▌      | 54/154 [00:14<00:19,  5.21it/s]
Batches:  36%|███▌      | 55/154 [00:15<00:18,  5.24it/s]
Batches:  36%|███▋      | 56/154 [00:15<00:19,  5.11it/s]
Batches:  37%|███▋      | 57/154 [00:15<00:18,  5.30it/s]
Batches:  38%|███▊      | 58/154 [00:15<00:17,  5.36it/s]
Batches:  38%|███▊      | 59/154 [00:15<00:17,  5.55it/s]
Batches:  39%|███▉      | 60/154 [00:16<00:17,  5.43it/s]
Batches:  40%|███▉      | 61/154 [00:16<00:16,  5.55it/s]
Batches:  40%|████      | 62/154 [00:16<00:16,  5.50it/s]
Batches:  41%|████      | 63/154 [00:16<00:16,  5.61it/s]
Batches:  42%|████▏     | 64/154 [00:16<00:15,  5.72it/s]
Batches:  42%|████▏     | 65/154 [00:16<00:15,  5.88it/s]
Batches:  43%|████▎     | 66/154 [00:17<00:14,  5.89it/s]
Batches:  44%|████▎     | 67/154 [00:17<00:15,  5.77it/s]
Batches:  44%|████▍     | 68/154 [00:17<00:14,  5.97it/s]
Batches:  45%|████▍     | 69/154 [00:17<00:13,  6.29it/s]
Batches:  45%|████▌     | 70/154 [00:17<00:13,  6.01it/s]
Batches:  46%|████▌     | 71/154 [00:17<00:13,  6.10it/s]
Batches:  47%|████▋     | 72/154 [00:18<00:13,  6.14it/s]
Batches:  47%|████▋     | 73/154 [00:18<00:13,  6.14it/s]
Batches:  48%|████▊     | 74/154 [00:18<00:12,  6.20it/s]
Batches:  49%|████▊     | 75/154 [00:18<00:12,  6.33it/s]
Batches:  49%|████▉     | 76/154 [00:18<00:12,  6.26it/s]
Batches:  50%|█████     | 77/154 [00:18<00:12,  6.21it/s]
Batches:  51%|█████     | 78/154 [00:18<00:12,  6.32it/s]
Batches:  51%|█████▏    | 79/154 [00:19<00:11,  6.55it/s]
Batches:  52%|█████▏    | 80/154 [00:19<00:11,  6.52it/s]
Batches:  53%|█████▎    | 81/154 [00:19<00:11,  6.54it/s]
Batches:  53%|█████▎    | 82/154 [00:19<00:11,  6.31it/s]
Batches:  54%|█████▍    | 83/154 [00:19<00:10,  6.62it/s]
Batches:  55%|█████▍    | 84/154 [00:19<00:10,  6.88it/s]
Batches:  55%|█████▌    | 85/154 [00:19<00:09,  7.09it/s]
Batches:  56%|█████▌    | 86/154 [00:20<00:10,  6.77it/s]
Batches:  56%|█████▋    | 87/154 [00:20<00:10,  6.30it/s]
Batches:  57%|█████▋    | 88/154 [00:20<00:09,  6.64it/s]
Batches:  58%|█████▊    | 89/154 [00:20<00:09,  6.65it/s]
Batches:  58%|█████▊    | 90/154 [00:20<00:09,  6.73it/s]
Batches:  59%|█████▉    | 91/154 [00:20<00:08,  7.12it/s]
Batches:  60%|█████▉    | 92/154 [00:21<00:08,  7.07it/s]
Batches:  60%|██████    | 93/154 [00:21<00:08,  7.27it/s]
Batches:  61%|██████    | 94/154 [00:21<00:07,  7.50it/s]
Batches:  62%|██████▏   | 95/154 [00:21<00:07,  7.73it/s]
Batches:  62%|██████▏   | 96/154 [00:21<00:08,  7.17it/s]
Batches:  63%|██████▎   | 97/154 [00:21<00:07,  7.29it/s]
Batches:  64%|██████▎   | 98/154 [00:21<00:07,  7.54it/s]
Batches:  64%|██████▍   | 99/154 [00:21<00:07,  7.72it/s]
Batches:  65%|██████▍   | 100/154 [00:22<00:06,  7.99it/s]
Batches:  66%|██████▌   | 101/154 [00:22<00:06,  8.00it/s]
Batches:  66%|██████▌   | 102/154 [00:22<00:06,  8.09it/s]
Batches:  67%|██████▋   | 103/154 [00:22<00:06,  8.15it/s]
Batches:  68%|██████▊   | 104/154 [00:22<00:05,  8.38it/s]
Batches:  68%|██████▊   | 105/154 [00:22<00:05,  8.36it/s]
Batches:  69%|██████▉   | 106/154 [00:22<00:05,  8.57it/s]
Batches:  69%|██████▉   | 107/154 [00:22<00:05,  8.75it/s]
Batches:  70%|███████   | 108/154 [00:22<00:05,  8.89it/s]
Batches:  71%|███████   | 109/154 [00:23<00:05,  8.68it/s]
Batches:  71%|███████▏  | 110/154 [00:23<00:04,  8.86it/s]
Batches:  72%|███████▏  | 111/154 [00:23<00:04,  8.97it/s]
Batches:  73%|███████▎  | 112/154 [00:23<00:04,  9.14it/s]
Batches:  73%|███████▎  | 113/154 [00:23<00:04,  8.97it/s]
Batches:  74%|███████▍  | 114/154 [00:23<00:04,  9.05it/s]
Batches:  75%|███████▍  | 115/154 [00:23<00:04,  8.86it/s]
Batches:  75%|███████▌  | 116/154 [00:23<00:04,  8.99it/s]
Batches:  76%|███████▌  | 117/154 [00:23<00:04,  9.11it/s]
Batches:  77%|███████▋  | 118/154 [00:24<00:03,  9.19it/s]
Batches:  78%|███████▊  | 120/154 [00:24<00:03,  9.34it/s]
Batches:  79%|███████▊  | 121/154 [00:24<00:03,  9.39it/s]
Batches:  80%|███████▉  | 123/154 [00:24<00:03,  9.61it/s]
Batches:  81%|████████  | 125/154 [00:24<00:02, 10.00it/s]
Batches:  82%|████████▏ | 127/154 [00:24<00:02, 10.06it/s]
Batches:  84%|████████▍ | 129/154 [00:25<00:02, 10.28it/s]
Batches:  85%|████████▌ | 131/154 [00:25<00:02, 10.55it/s]
Batches:  86%|████████▋ | 133/154 [00:25<00:01, 11.03it/s]
Batches:  88%|████████▊ | 135/154 [00:25<00:01, 11.43it/s]
Batches:  89%|████████▉ | 137/154 [00:25<00:01, 11.86it/s]
Batches:  90%|█████████ | 139/154 [00:25<00:01, 12.43it/s]
Batches:  92%|█████████▏| 141/154 [00:26<00:01, 12.85it/s]
Batches:  93%|█████████▎| 143/154 [00:26<00:00, 13.36it/s]
Batches:  94%|█████████▍| 145/154 [00:26<00:00, 14.15it/s]
Batches:  95%|█████████▌| 147/154 [00:26<00:00, 14.57it/s]
Batches:  97%|█████████▋| 149/154 [00:26<00:00, 15.66it/s]
Batches:  99%|█████████▊| 152/154 [00:26<00:00, 18.38it/s]
Batches: 100%|██████████| 154/154 [00:26<00:00,  5.75it/s]
[hybrid] retrieving
[embed] encoding 1000 texts on device=cuda:0

Batches:   0%|          | 0/16 [00:00<?, ?it/s]
Batches:  19%|█▉        | 3/16 [00:00<00:00, 22.33it/s]
Batches:  38%|███▊      | 6/16 [00:00<00:00, 25.82it/s]
Batches:  62%|██████▎   | 10/16 [00:00<00:00, 28.92it/s]
Batches:  88%|████████▊ | 14/16 [00:00<00:00, 32.21it/s]
Batches: 100%|██████████| 16/16 [00:00<00:00, 31.84it/s]
[stage3] retrieving ACE graph
[ace] building evidence graph
[ace] graph built: nodes=93396 edges=150276
[ace] fitting/indexing embeddings
[embed] encoding 83593 texts on device=cuda:0

Batches:   0%|          | 0/1307 [00:00<?, ?it/s]
Batches:   0%|          | 1/1307 [00:00<10:53,  2.00it/s]
Batches:   0%|          | 2/1307 [00:00<06:57,  3.13it/s]
Batches:   0%|          | 3/1307 [00:00<05:30,  3.94it/s]
Batches:   0%|          | 4/1307 [00:01<04:39,  4.66it/s]
Batches:   0%|          | 5/1307 [00:01<04:02,  5.37it/s]
Batches:   0%|          | 6/1307 [00:01<03:36,  6.02it/s]
Batches:   1%|          | 7/1307 [00:01<03:22,  6.41it/s]
Batches:   1%|          | 8/1307 [00:01<03:09,  6.85it/s]
Batches:   1%|          | 9/1307 [00:01<03:00,  7.20it/s]
Batches:   1%|          | 10/1307 [00:01<02:59,  7.23it/s]
Batches:   1%|          | 11/1307 [00:01<02:48,  7.69it/s]
Batches:   1%|          | 12/1307 [00:02<02:54,  7.40it/s]
Batches:   1%|          | 13/1307 [00:02<02:41,  8.01it/s]
Batches:   1%|          | 14/1307 [00:02<02:36,  8.27it/s]
Batches:   1%|          | 15/1307 [00:02<02:36,  8.28it/s]
Batches:   1%|          | 16/1307 [00:02<02:31,  8.52it/s]
Batches:   1%|▏         | 17/1307 [00:02<02:28,  8.71it/s]
Batches:   1%|▏         | 19/1307 [00:02<02:18,  9.29it/s]
Batches:   2%|▏         | 20/1307 [00:02<02:19,  9.20it/s]
Batches:   2%|▏         | 21/1307 [00:03<02:21,  9.09it/s]
Batches:   2%|▏         | 23/1307 [00:03<02:13,  9.62it/s]
Batches:   2%|▏         | 24/1307 [00:03<02:12,  9.71it/s]
Batches:   2%|▏         | 25/1307 [00:03<02:11,  9.78it/s]
Batches:   2%|▏         | 26/1307 [00:03<02:13,  9.61it/s]
Batches:   2%|▏         | 27/1307 [00:03<02:15,  9.46it/s]
Batches:   2%|▏         | 28/1307 [00:03<02:17,  9.33it/s]
Batches:   2%|▏         | 29/1307 [00:03<02:18,  9.20it/s]
Batches:   2%|▏         | 30/1307 [00:03<02:16,  9.35it/s]
Batches:   2%|▏         | 31/1307 [00:04<02:14,  9.50it/s]
Batches:   3%|▎         | 33/1307 [00:04<02:14,  9.44it/s]
Batches:   3%|▎         | 35/1307 [00:04<02:04, 10.25it/s]
Batches:   3%|▎         | 37/1307 [00:04<02:03, 10.32it/s]
Batches:   3%|▎         | 39/1307 [00:04<01:57, 10.83it/s]
Batches:   3%|▎         | 41/1307 [00:05<02:00, 10.53it/s]
Batches:   3%|▎         | 43/1307 [00:05<01:54, 11.00it/s]
Batches:   3%|▎         | 45/1307 [00:05<01:54, 11.01it/s]
Batches:   4%|▎         | 47/1307 [00:05<01:50, 11.44it/s]
Batches:   4%|▎         | 49/1307 [00:05<01:48, 11.60it/s]
Batches:   4%|▍         | 51/1307 [00:05<01:46, 11.78it/s]
Batches:   4%|▍         | 53/1307 [00:06<01:45, 11.88it/s]
Batches:   4%|▍         | 55/1307 [00:06<01:45, 11.85it/s]
Batches:   4%|▍         | 57/1307 [00:06<01:45, 11.88it/s]
Batches:   5%|▍         | 59/1307 [00:06<01:49, 11.37it/s]
Batches:   5%|▍         | 61/1307 [00:06<01:47, 11.56it/s]
Batches:   5%|▍         | 63/1307 [00:06<01:45, 11.77it/s]
Batches:   5%|▍         | 65/1307 [00:07<01:41, 12.27it/s]
Batches:   5%|▌         | 67/1307 [00:07<01:40, 12.33it/s]
Batches:   5%|▌         | 69/1307 [00:07<01:47, 11.47it/s]
Batches:   5%|▌         | 71/1307 [00:07<01:47, 11.54it/s]
Batches:   6%|▌         | 73/1307 [00:07<01:41, 12.19it/s]
Batches:   6%|▌         | 75/1307 [00:07<01:39, 12.34it/s]
Batches:   6%|▌         | 77/1307 [00:07<01:32, 13.28it/s]
Batches:   6%|▌         | 79/1307 [00:08<01:31, 13.40it/s]
Batches:   6%|▌         | 81/1307 [00:08<01:31, 13.42it/s]
Batches:   6%|▋         | 83/1307 [00:08<01:32, 13.19it/s]
Batches:   7%|▋         | 85/1307 [00:08<01:29, 13.59it/s]
Batches:   7%|▋         | 87/1307 [00:08<01:32, 13.23it/s]
Batches:   7%|▋         | 89/1307 [00:08<01:33, 13.05it/s]
Batches:   7%|▋         | 91/1307 [00:09<01:33, 13.06it/s]
Batches:   7%|▋         | 93/1307 [00:09<01:32, 13.12it/s]
Batches:   7%|▋         | 95/1307 [00:09<01:31, 13.26it/s]
Batches:   7%|▋         | 97/1307 [00:09<01:27, 13.84it/s]
Batches:   8%|▊         | 99/1307 [00:09<01:25, 14.10it/s]
Batches:   8%|▊         | 101/1307 [00:09<01:29, 13.53it/s]
Batches:   8%|▊         | 103/1307 [00:09<01:28, 13.58it/s]
Batches:   8%|▊         | 105/1307 [00:10<01:32, 12.99it/s]
Batches:   8%|▊         | 107/1307 [00:10<01:27, 13.66it/s]
Batches:   8%|▊         | 109/1307 [00:10<01:24, 14.24it/s]
Batches:   8%|▊         | 111/1307 [00:10<01:24, 14.23it/s]
Batches:   9%|▊         | 113/1307 [00:10<01:18, 15.17it/s]
Batches:   9%|▉         | 115/1307 [00:10<01:18, 15.16it/s]
Batches:   9%|▉         | 117/1307 [00:10<01:23, 14.27it/s]
Batches:   9%|▉         | 119/1307 [00:11<01:20, 14.84it/s]
Batches:   9%|▉         | 121/1307 [00:11<01:18, 15.03it/s]
Batches:   9%|▉         | 123/1307 [00:11<01:17, 15.28it/s]
Batches:  10%|▉         | 125/1307 [00:11<01:15, 15.65it/s]
Batches:  10%|▉         | 127/1307 [00:11<01:16, 15.39it/s]
Batches:  10%|▉         | 129/1307 [00:11<01:14, 15.84it/s]
Batches:  10%|█         | 131/1307 [00:11<01:15, 15.58it/s]
Batches:  10%|█         | 133/1307 [00:11<01:18, 14.96it/s]
Batches:  10%|█         | 135/1307 [00:12<01:16, 15.29it/s]
Batches:  10%|█         | 137/1307 [00:12<01:19, 14.63it/s]
Batches:  11%|█         | 139/1307 [00:12<01:18, 14.84it/s]
Batches:  11%|█         | 141/1307 [00:12<01:14, 15.72it/s]
Batches:  11%|█         | 143/1307 [00:12<01:14, 15.57it/s]
Batches:  11%|█         | 145/1307 [00:12<01:15, 15.46it/s]
Batches:  11%|█         | 147/1307 [00:12<01:12, 15.95it/s]
Batches:  11%|█▏        | 149/1307 [00:12<01:10, 16.49it/s]
Batches:  12%|█▏        | 151/1307 [00:13<01:09, 16.60it/s]
Batches:  12%|█▏        | 153/1307 [00:13<01:10, 16.37it/s]
Batches:  12%|█▏        | 155/1307 [00:13<01:10, 16.42it/s]
Batches:  12%|█▏        | 157/1307 [00:13<01:08, 16.81it/s]
Batches:  12%|█▏        | 159/1307 [00:13<01:08, 16.73it/s]
Batches:  12%|█▏        | 161/1307 [00:13<01:06, 17.22it/s]
Batches:  12%|█▏        | 163/1307 [00:13<01:07, 16.94it/s]
Batches:  13%|█▎        | 165/1307 [00:13<01:08, 16.68it/s]
Batches:  13%|█▎        | 167/1307 [00:14<01:12, 15.77it/s]
Batches:  13%|█▎        | 169/1307 [00:14<01:09, 16.35it/s]
Batches:  13%|█▎        | 171/1307 [00:14<01:06, 17.18it/s]
Batches:  13%|█▎        | 173/1307 [00:14<01:04, 17.70it/s]
Batches:  13%|█▎        | 175/1307 [00:14<01:04, 17.46it/s]
Batches:  14%|█▎        | 177/1307 [00:14<01:03, 17.70it/s]
Batches:  14%|█▎        | 179/1307 [00:14<01:02, 18.03it/s]
Batches:  14%|█▍        | 181/1307 [00:14<01:04, 17.55it/s]
Batches:  14%|█▍        | 183/1307 [00:14<01:03, 17.76it/s]
Batches:  14%|█▍        | 185/1307 [00:15<01:01, 18.23it/s]
Batches:  14%|█▍        | 187/1307 [00:15<00:59, 18.70it/s]
Batches:  14%|█▍        | 189/1307 [00:15<01:01, 18.23it/s]
Batches:  15%|█▍        | 191/1307 [00:15<00:59, 18.71it/s]
Batches:  15%|█▍        | 193/1307 [00:15<00:59, 18.83it/s]
Batches:  15%|█▍        | 195/1307 [00:15<01:00, 18.39it/s]
Batches:  15%|█▌        | 197/1307 [00:15<01:01, 18.12it/s]
Batches:  15%|█▌        | 199/1307 [00:15<01:08, 16.11it/s]
Batches:  15%|█▌        | 201/1307 [00:15<01:05, 16.89it/s]
Batches:  16%|█▌        | 203/1307 [00:16<01:05, 16.91it/s]
Batches:  16%|█▌        | 205/1307 [00:16<01:03, 17.44it/s]
Batches:  16%|█▌        | 207/1307 [00:16<01:01, 17.81it/s]
Batches:  16%|█▌        | 209/1307 [00:16<01:01, 17.99it/s]
Batches:  16%|█▌        | 211/1307 [00:16<00:59, 18.40it/s]
Batches:  16%|█▋        | 213/1307 [00:16<00:59, 18.45it/s]
Batches:  16%|█▋        | 215/1307 [00:16<00:58, 18.59it/s]
Batches:  17%|█▋        | 217/1307 [00:16<00:59, 18.31it/s]
Batches:  17%|█▋        | 220/1307 [00:16<00:56, 19.09it/s]
Batches:  17%|█▋        | 222/1307 [00:17<00:56, 19.23it/s]
Batches:  17%|█▋        | 224/1307 [00:17<00:57, 18.87it/s]
Batches:  17%|█▋        | 226/1307 [00:17<00:59, 18.25it/s]
Batches:  18%|█▊        | 229/1307 [00:17<00:55, 19.52it/s]
Batches:  18%|█▊        | 231/1307 [00:17<00:56, 19.16it/s]
Batches:  18%|█▊        | 233/1307 [00:17<00:56, 19.04it/s]
Batches:  18%|█▊        | 235/1307 [00:17<00:57, 18.49it/s]
Batches:  18%|█▊        | 237/1307 [00:17<00:57, 18.71it/s]
Batches:  18%|█▊        | 239/1307 [00:17<00:56, 18.78it/s]
Batches:  19%|█▊        | 242/1307 [00:18<00:55, 19.32it/s]
Batches:  19%|█▊        | 244/1307 [00:18<00:55, 19.08it/s]
Batches:  19%|█▉        | 246/1307 [00:18<00:55, 19.20it/s]
Batches:  19%|█▉        | 248/1307 [00:18<00:54, 19.34it/s]
Batches:  19%|█▉        | 250/1307 [00:18<00:54, 19.33it/s]
Batches:  19%|█▉        | 252/1307 [00:18<00:55, 19.12it/s]
Batches:  20%|█▉        | 255/1307 [00:18<00:53, 19.52it/s]
Batches:  20%|█▉        | 257/1307 [00:18<00:57, 18.39it/s]
Batches:  20%|█▉        | 259/1307 [00:18<00:57, 18.33it/s]
Batches:  20%|█▉        | 261/1307 [00:19<00:56, 18.57it/s]
Batches:  20%|██        | 263/1307 [00:19<00:55, 18.95it/s]
Batches:  20%|██        | 265/1307 [00:19<00:56, 18.44it/s]
Batches:  21%|██        | 268/1307 [00:19<00:54, 19.19it/s]
Batches:  21%|██        | 270/1307 [00:19<00:54, 19.05it/s]
Batches:  21%|██        | 272/1307 [00:19<00:53, 19.30it/s]
Batches:  21%|██        | 274/1307 [00:19<00:54, 18.84it/s]
Batches:  21%|██        | 276/1307 [00:19<00:54, 18.87it/s]
Batches:  21%|██▏       | 278/1307 [00:19<00:54, 19.03it/s]
Batches:  21%|██▏       | 281/1307 [00:20<00:51, 20.03it/s]
Batches:  22%|██▏       | 283/1307 [00:20<00:55, 18.51it/s]
Batches:  22%|██▏       | 285/1307 [00:20<00:56, 18.20it/s]
Batches:  22%|██▏       | 287/1307 [00:20<00:55, 18.51it/s]
Batches:  22%|██▏       | 290/1307 [00:20<00:52, 19.45it/s]
Batches:  22%|██▏       | 292/1307 [00:20<00:51, 19.53it/s]
Batches:  22%|██▏       | 294/1307 [00:20<00:52, 19.37it/s]
Batches:  23%|██▎       | 297/1307 [00:20<00:51, 19.75it/s]
Batches:  23%|██▎       | 300/1307 [00:21<00:48, 20.72it/s]
Batches:  23%|██▎       | 303/1307 [00:21<00:47, 20.92it/s]
Batches:  23%|██▎       | 306/1307 [00:21<00:47, 21.18it/s]
Batches:  24%|██▎       | 309/1307 [00:21<00:47, 20.87it/s]
Batches:  24%|██▍       | 312/1307 [00:21<00:47, 21.03it/s]
Batches:  24%|██▍       | 315/1307 [00:21<00:48, 20.44it/s]
Batches:  24%|██▍       | 318/1307 [00:21<00:47, 20.88it/s]
Batches:  25%|██▍       | 321/1307 [00:22<00:47, 20.60it/s]
Batches:  25%|██▍       | 324/1307 [00:22<00:46, 21.23it/s]
Batches:  25%|██▌       | 327/1307 [00:22<00:46, 21.00it/s]
Batches:  25%|██▌       | 330/1307 [00:22<00:46, 20.88it/s]
Batches:  25%|██▌       | 333/1307 [00:22<00:45, 21.34it/s]
Batches:  26%|██▌       | 336/1307 [00:22<00:44, 21.84it/s]
Batches:  26%|██▌       | 339/1307 [00:22<00:44, 21.69it/s]
Batches:  26%|██▌       | 342/1307 [00:23<00:43, 22.31it/s]
Batches:  26%|██▋       | 345/1307 [00:23<00:42, 22.58it/s]
Batches:  27%|██▋       | 348/1307 [00:23<00:42, 22.65it/s]
Batches:  27%|██▋       | 351/1307 [00:23<00:42, 22.39it/s]
Batches:  27%|██▋       | 354/1307 [00:23<00:42, 22.20it/s]
Batches:  27%|██▋       | 357/1307 [00:23<00:44, 21.49it/s]
Batches:  28%|██▊       | 360/1307 [00:23<00:43, 22.00it/s]
Batches:  28%|██▊       | 363/1307 [00:24<00:41, 22.76it/s]
Batches:  28%|██▊       | 366/1307 [00:24<00:40, 23.37it/s]
Batches:  28%|██▊       | 369/1307 [00:24<00:39, 23.46it/s]
Batches:  28%|██▊       | 372/1307 [00:24<00:40, 23.03it/s]
Batches:  29%|██▊       | 375/1307 [00:24<00:40, 22.79it/s]
Batches:  29%|██▉       | 378/1307 [00:24<00:40, 23.10it/s]
Batches:  29%|██▉       | 381/1307 [00:24<00:40, 23.00it/s]
Batches:  29%|██▉       | 384/1307 [00:24<00:40, 22.68it/s]
Batches:  30%|██▉       | 387/1307 [00:25<00:39, 23.22it/s]
Batches:  30%|██▉       | 390/1307 [00:25<00:39, 23.51it/s]
Batches:  30%|███       | 393/1307 [00:25<00:37, 24.23it/s]
Batches:  30%|███       | 396/1307 [00:25<00:36, 24.73it/s]
Batches:  31%|███       | 399/1307 [00:25<00:37, 24.21it/s]
Batches:  31%|███       | 402/1307 [00:25<00:37, 24.01it/s]
Batches:  31%|███       | 405/1307 [00:25<00:36, 24.61it/s]
Batches:  31%|███       | 408/1307 [00:25<00:36, 24.75it/s]
Batches:  31%|███▏      | 411/1307 [00:26<00:36, 24.60it/s]
Batches:  32%|███▏      | 414/1307 [00:26<00:35, 24.96it/s]
Batches:  32%|███▏      | 417/1307 [00:26<00:37, 23.88it/s]
Batches:  32%|███▏      | 420/1307 [00:26<00:37, 23.77it/s]
Batches:  32%|███▏      | 423/1307 [00:26<00:36, 24.22it/s]
Batches:  33%|███▎      | 426/1307 [00:26<00:36, 24.10it/s]
Batches:  33%|███▎      | 429/1307 [00:26<00:35, 24.57it/s]
Batches:  33%|███▎      | 432/1307 [00:26<00:35, 24.80it/s]
Batches:  33%|███▎      | 435/1307 [00:26<00:35, 24.59it/s]
Batches:  34%|███▎      | 438/1307 [00:27<00:35, 24.54it/s]
Batches:  34%|███▎      | 441/1307 [00:27<00:35, 24.52it/s]
Batches:  34%|███▍      | 444/1307 [00:27<00:35, 24.38it/s]
Batches:  34%|███▍      | 447/1307 [00:27<00:38, 22.10it/s]
Batches:  34%|███▍      | 450/1307 [00:27<00:38, 22.28it/s]
Batches:  35%|███▍      | 453/1307 [00:27<00:37, 23.07it/s]
Batches:  35%|███▍      | 456/1307 [00:27<00:35, 24.20it/s]
Batches:  35%|███▌      | 459/1307 [00:28<00:34, 24.61it/s]
Batches:  35%|███▌      | 462/1307 [00:28<00:33, 25.52it/s]
Batches:  36%|███▌      | 465/1307 [00:28<00:32, 25.79it/s]
Batches:  36%|███▌      | 468/1307 [00:28<00:33, 25.10it/s]
Batches:  36%|███▌      | 471/1307 [00:28<00:32, 26.06it/s]
Batches:  36%|███▋      | 474/1307 [00:28<00:32, 25.95it/s]
Batches:  36%|███▋      | 477/1307 [00:28<00:31, 26.27it/s]
Batches:  37%|███▋      | 480/1307 [00:28<00:31, 26.32it/s]
Batches:  37%|███▋      | 483/1307 [00:28<00:30, 26.93it/s]
Batches:  37%|███▋      | 486/1307 [00:29<00:30, 26.81it/s]
Batches:  37%|███▋      | 489/1307 [00:29<00:30, 26.88it/s]
Batches:  38%|███▊      | 492/1307 [00:29<00:30, 26.56it/s]
Batches:  38%|███▊      | 495/1307 [00:29<00:30, 26.88it/s]
Batches:  38%|███▊      | 498/1307 [00:29<00:29, 27.66it/s]
Batches:  38%|███▊      | 501/1307 [00:29<00:29, 27.72it/s]
Batches:  39%|███▊      | 504/1307 [00:29<00:29, 27.67it/s]
Batches:  39%|███▉      | 507/1307 [00:29<00:29, 27.00it/s]
Batches:  39%|███▉      | 510/1307 [00:29<00:28, 27.70it/s]
Batches:  39%|███▉      | 513/1307 [00:29<00:28, 28.33it/s]
Batches:  39%|███▉      | 516/1307 [00:30<00:28, 27.39it/s]
Batches:  40%|███▉      | 520/1307 [00:30<00:28, 27.92it/s]
Batches:  40%|████      | 524/1307 [00:30<00:26, 29.24it/s]
Batches:  40%|████      | 527/1307 [00:30<00:26, 29.24it/s]
Batches:  41%|████      | 530/1307 [00:30<00:28, 27.70it/s]
Batches:  41%|████      | 533/1307 [00:30<00:27, 28.26it/s]
Batches:  41%|████      | 537/1307 [00:30<00:26, 29.33it/s]
Batches:  41%|████▏     | 541/1307 [00:30<00:25, 30.19it/s]
Batches:  42%|████▏     | 545/1307 [00:31<00:24, 31.35it/s]
Batches:  42%|████▏     | 549/1307 [00:31<00:23, 31.89it/s]
Batches:  42%|████▏     | 553/1307 [00:31<00:24, 31.06it/s]
Batches:  43%|████▎     | 557/1307 [00:31<00:24, 31.18it/s]
Batches:  43%|████▎     | 561/1307 [00:31<00:22, 32.46it/s]
Batches:  43%|████▎     | 565/1307 [00:31<00:22, 32.47it/s]
Batches:  44%|████▎     | 569/1307 [00:31<00:21, 33.63it/s]
Batches:  44%|████▍     | 573/1307 [00:31<00:21, 34.69it/s]
Batches:  44%|████▍     | 577/1307 [00:32<00:21, 34.37it/s]
Batches:  44%|████▍     | 581/1307 [00:32<00:21, 34.11it/s]
Batches:  45%|████▍     | 585/1307 [00:32<00:20, 35.52it/s]
Batches:  45%|████▌     | 589/1307 [00:32<00:20, 35.50it/s]
Batches:  45%|████▌     | 593/1307 [00:32<00:19, 36.09it/s]
Batches:  46%|████▌     | 597/1307 [00:32<00:19, 36.93it/s]
Batches:  46%|████▌     | 601/1307 [00:32<00:18, 37.77it/s]
Batches:  46%|████▋     | 606/1307 [00:32<00:17, 39.38it/s]
Batches:  47%|████▋     | 610/1307 [00:32<00:17, 39.32it/s]
Batches:  47%|████▋     | 615/1307 [00:32<00:17, 40.60it/s]
Batches:  47%|████▋     | 620/1307 [00:33<00:16, 41.97it/s]
Batches:  48%|████▊     | 625/1307 [00:33<00:15, 43.83it/s]
Batches:  48%|████▊     | 631/1307 [00:33<00:14, 46.17it/s]
Batches:  49%|████▊     | 636/1307 [00:33<00:14, 47.03it/s]
Batches:  49%|████▉     | 641/1307 [00:33<00:13, 47.83it/s]
Batches:  50%|████▉     | 647/1307 [00:33<00:13, 48.99it/s]
Batches:  50%|████▉     | 653/1307 [00:33<00:13, 50.12it/s]
Batches:  50%|█████     | 659/1307 [00:33<00:12, 51.73it/s]
Batches:  51%|█████     | 665/1307 [00:33<00:12, 52.79it/s]
Batches:  51%|█████▏    | 671/1307 [00:34<00:11, 54.52it/s]
Batches:  52%|█████▏    | 678/1307 [00:34<00:11, 56.73it/s]
Batches:  52%|█████▏    | 685/1307 [00:34<00:10, 58.02it/s]
Batches:  53%|█████▎    | 691/1307 [00:34<00:10, 57.76it/s]
Batches:  53%|█████▎    | 698/1307 [00:34<00:10, 58.77it/s]
Batches:  54%|█████▍    | 705/1307 [00:34<00:09, 60.37it/s]
Batches:  54%|█████▍    | 712/1307 [00:34<00:09, 62.66it/s]
Batches:  55%|█████▌    | 719/1307 [00:34<00:09, 62.25it/s]
Batches:  56%|█████▌    | 726/1307 [00:34<00:09, 63.58it/s]
Batches:  56%|█████▌    | 733/1307 [00:35<00:08, 64.21it/s]
Batches:  57%|█████▋    | 740/1307 [00:35<00:08, 65.72it/s]
Batches:  57%|█████▋    | 748/1307 [00:35<00:08, 66.92it/s]
Batches:  58%|█████▊    | 755/1307 [00:35<00:08, 67.64it/s]
Batches:  58%|█████▊    | 763/1307 [00:35<00:07, 68.52it/s]
Batches:  59%|█████▉    | 770/1307 [00:35<00:07, 68.47it/s]
Batches:  60%|█████▉    | 778/1307 [00:35<00:07, 69.76it/s]
Batches:  60%|██████    | 785/1307 [00:35<00:07, 69.59it/s]
Batches:  61%|██████    | 793/1307 [00:35<00:07, 70.72it/s]
Batches:  61%|██████▏   | 801/1307 [00:36<00:06, 72.58it/s]
Batches:  62%|██████▏   | 809/1307 [00:36<00:06, 73.43it/s]
Batches:  63%|██████▎   | 817/1307 [00:36<00:06, 74.73it/s]
Batches:  63%|██████▎   | 825/1307 [00:36<00:06, 75.13it/s]
Batches:  64%|██████▎   | 833/1307 [00:36<00:06, 75.85it/s]
Batches:  64%|██████▍   | 841/1307 [00:36<00:06, 74.54it/s]
Batches:  65%|██████▍   | 849/1307 [00:36<00:06, 74.62it/s]
Batches:  66%|██████▌   | 858/1307 [00:36<00:05, 77.13it/s]
Batches:  66%|██████▋   | 866/1307 [00:36<00:05, 77.19it/s]
Batches:  67%|██████▋   | 874/1307 [00:36<00:05, 77.34it/s]
Batches:  67%|██████▋   | 882/1307 [00:37<00:05, 77.46it/s]
Batches:  68%|██████▊   | 891/1307 [00:37<00:05, 79.52it/s]
Batches:  69%|██████▉   | 900/1307 [00:37<00:05, 81.03it/s]
Batches:  70%|██████▉   | 909/1307 [00:37<00:04, 82.12it/s]
Batches:  70%|███████   | 918/1307 [00:37<00:04, 80.22it/s]
Batches:  71%|███████   | 927/1307 [00:37<00:04, 79.15it/s]
Batches:  72%|███████▏  | 936/1307 [00:37<00:04, 80.83it/s]
Batches:  72%|███████▏  | 945/1307 [00:37<00:04, 82.10it/s]
Batches:  73%|███████▎  | 954/1307 [00:37<00:04, 82.75it/s]
Batches:  74%|███████▎  | 963/1307 [00:38<00:04, 77.91it/s]
Batches:  74%|███████▍  | 972/1307 [00:38<00:04, 79.50it/s]
Batches:  75%|███████▌  | 981/1307 [00:38<00:04, 81.33it/s]
Batches:  76%|███████▌  | 990/1307 [00:38<00:03, 83.15it/s]
Batches:  76%|███████▋  | 999/1307 [00:38<00:03, 84.22it/s]
Batches:  77%|███████▋  | 1008/1307 [00:38<00:03, 85.26it/s]
Batches:  78%|███████▊  | 1017/1307 [00:38<00:03, 85.72it/s]
Batches:  79%|███████▊  | 1026/1307 [00:38<00:03, 85.43it/s]
Batches:  79%|███████▉  | 1036/1307 [00:38<00:03, 87.54it/s]
Batches:  80%|███████▉  | 1045/1307 [00:39<00:02, 88.10it/s]
Batches:  81%|████████  | 1054/1307 [00:39<00:02, 86.98it/s]
Batches:  81%|████████▏ | 1064/1307 [00:39<00:02, 89.70it/s]
Batches:  82%|████████▏ | 1074/1307 [00:39<00:02, 92.07it/s]
Batches:  83%|████████▎ | 1084/1307 [00:39<00:02, 91.67it/s]
Batches:  84%|████████▎ | 1094/1307 [00:39<00:02, 91.81it/s]
Batches:  84%|████████▍ | 1104/1307 [00:39<00:02, 93.40it/s]
Batches:  85%|████████▌ | 1114/1307 [00:39<00:02, 93.84it/s]
Batches:  86%|████████▌ | 1124/1307 [00:39<00:01, 93.70it/s]
Batches:  87%|████████▋ | 1134/1307 [00:39<00:01, 94.42it/s]
Batches:  88%|████████▊ | 1144/1307 [00:40<00:01, 94.39it/s]
Batches:  88%|████████▊ | 1154/1307 [00:40<00:01, 95.57it/s]
Batches:  89%|████████▉ | 1165/1307 [00:40<00:01, 97.15it/s]
Batches:  90%|████████▉ | 1176/1307 [00:40<00:01, 98.24it/s]
Batches:  91%|█████████ | 1186/1307 [00:40<00:01, 98.60it/s]
Batches:  92%|█████████▏| 1196/1307 [00:40<00:01, 97.76it/s]
Batches:  92%|█████████▏| 1207/1307 [00:40<00:01, 98.91it/s]
Batches:  93%|█████████▎| 1217/1307 [00:40<00:00, 98.80it/s]
Batches:  94%|█████████▍| 1227/1307 [00:40<00:00, 98.89it/s]
Batches:  95%|█████████▍| 1238/1307 [00:41<00:00, 99.39it/s]
Batches:  95%|█████████▌| 1248/1307 [00:41<00:00, 98.14it/s]
Batches:  96%|█████████▋| 1258/1307 [00:41<00:00, 97.29it/s]
Batches:  97%|█████████▋| 1268/1307 [00:41<00:00, 97.13it/s]
Batches:  98%|█████████▊| 1278/1307 [00:41<00:00, 97.06it/s]
Batches:  99%|█████████▊| 1288/1307 [00:41<00:00, 96.47it/s]
Batches:  99%|█████████▉| 1298/1307 [00:41<00:00, 97.09it/s]
Batches: 100%|██████████| 1307/1307 [00:41<00:00, 31.32it/s]
[ace] retrieving
[embed] encoding 1000 texts on device=cuda:0

Batches:   0%|          | 0/16 [00:00<?, ?it/s]
Batches:  19%|█▉        | 3/16 [00:00<00:00, 22.28it/s]
Batches:  38%|███▊      | 6/16 [00:00<00:00, 24.96it/s]
Batches:  56%|█████▋    | 9/16 [00:00<00:00, 26.97it/s]
Batches:  81%|████████▏ | 13/16 [00:00<00:00, 30.15it/s]
Batches: 100%|██████████| 16/16 [00:00<00:00, 30.45it/s]
[stage3] loading Qwen reader once
`torch_dtype` is deprecated! Use `dtype` instead!

Loading checkpoint shards:   0%|          | 0/2 [00:00<?, ?it/s]
Loading checkpoint shards:  50%|█████     | 1/2 [00:02<00:02,  2.69s/it]
Loading checkpoint shards: 100%|██████████| 2/2 [00:04<00:00,  1.95s/it]
Loading checkpoint shards: 100%|██████████| 2/2 [00:04<00:00,  2.06s/it]
[reader] loaded Qwen/Qwen2.5-3B-Instruct on cuda:0
[stage3] materializing policy=chunk_packed_280
[stage3] generating policy=chunk_packed_280
The following generation flags are not valid and may be ignored: ['temperature', 'top_p', 'top_k']. Set `TRANSFORMERS_VERBOSITY=info` for more details.
[reader] generated 2/1000
[reader] generated 4/1000
[reader] generated 6/1000
[reader] generated 8/1000
[reader] generated 10/1000
[reader] generated 12/1000
[reader] generated 14/1000
[reader] generated 16/1000
[reader] generated 18/1000
[reader] generated 20/1000
[reader] generated 22/1000
[reader] generated 24/1000
[reader] generated 26/1000
[reader] generated 28/1000
[reader] generated 30/1000
[reader] generated 32/1000
[reader] generated 34/1000
[reader] generated 36/1000
[reader] generated 38/1000
[reader] generated 40/1000
[reader] generated 42/1000
[reader] generated 44/1000
[reader] generated 46/1000
[reader] generated 48/1000
[reader] generated 50/1000
[reader] generated 52/1000
[reader] generated 54/1000
[reader] generated 56/1000
[reader] generated 58/1000
[reader] generated 60/1000
[reader] generated 62/1000
[reader] generated 64/1000
[reader] generated 66/1000
[reader] generated 68/1000
[reader] generated 70/1000
[reader] generated 72/1000
[reader] generated 74/1000
[reader] generated 76/1000
[reader] generated 78/1000
[reader] generated 80/1000
[reader] generated 82/1000
[reader] generated 84/1000
[reader] generated 86/1000
[reader] generated 88/1000
[reader] generated 90/1000
[reader] generated 92/1000
[reader] generated 94/1000
[reader] generated 96/1000
[reader] generated 98/1000
[reader] generated 100/1000
[reader] generated 102/1000
[reader] generated 104/1000
[reader] generated 106/1000
[reader] generated 108/1000
[reader] generated 110/1000
[reader] generated 112/1000
[reader] generated 114/1000
[reader] generated 116/1000
[reader] generated 118/1000
[reader] generated 120/1000
[reader] generated 122/1000
[reader] generated 124/1000
[reader] generated 126/1000
[reader] generated 128/1000
[reader] generated 130/1000
[reader] generated 132/1000
[reader] generated 134/1000
[reader] generated 136/1000
[reader] generated 138/1000
[reader] generated 140/1000
[reader] generated 142/1000
[reader] generated 144/1000
[reader] generated 146/1000
[reader] generated 148/1000
[reader] generated 150/1000
[reader] generated 152/1000
[reader] generated 154/1000
[reader] generated 156/1000
[reader] generated 158/1000
[reader] generated 160/1000
[reader] generated 162/1000
[reader] generated 164/1000
[reader] generated 166/1000
[reader] generated 168/1000
[reader] generated 170/1000
[reader] generated 172/1000
[reader] generated 174/1000
[reader] generated 176/1000
[reader] generated 178/1000
[reader] generated 180/1000
[reader] generated 182/1000
[reader] generated 184/1000
[reader] generated 186/1000
[reader] generated 188/1000
[reader] generated 190/1000
[reader] generated 192/1000
[reader] generated 194/1000
[reader] generated 196/1000
[reader] generated 198/1000
[reader] generated 200/1000
[reader] generated 202/1000
[reader] generated 204/1000
[reader] generated 206/1000
[reader] generated 208/1000
[reader] generated 210/1000
[reader] generated 212/1000
[reader] generated 214/1000
[reader] generated 216/1000
[reader] generated 218/1000
[reader] generated 220/1000
[reader] generated 222/1000
[reader] generated 224/1000
[reader] generated 226/1000
[reader] generated 228/1000
[reader] generated 230/1000
[reader] generated 232/1000
[reader] generated 234/1000
[reader] generated 236/1000
[reader] generated 238/1000
[reader] generated 240/1000
[reader] generated 242/1000
[reader] generated 244/1000
[reader] generated 246/1000
[reader] generated 248/1000
[reader] generated 250/1000
[reader] generated 252/1000
[reader] generated 254/1000
[reader] generated 256/1000
[reader] generated 258/1000
[reader] generated 260/1000
[reader] generated 262/1000
[reader] generated 264/1000
[reader] generated 266/1000
[reader] generated 268/1000
[reader] generated 270/1000
[reader] generated 272/1000
[reader] generated 274/1000
[reader] generated 276/1000
[reader] generated 278/1000
[reader] generated 280/1000
[reader] generated 282/1000
[reader] generated 284/1000
[reader] generated 286/1000
[reader] generated 288/1000
[reader] generated 290/1000
[reader] generated 292/1000
[reader] generated 294/1000
[reader] generated 296/1000
[reader] generated 298/1000
[reader] generated 300/1000
[reader] generated 302/1000
[reader] generated 304/1000
[reader] generated 306/1000
[reader] generated 308/1000
[reader] generated 310/1000
[reader] generated 312/1000
[reader] generated 314/1000
[reader] generated 316/1000
[reader] generated 318/1000
[reader] generated 320/1000
[reader] generated 322/1000
[reader] generated 324/1000
[reader] generated 326/1000
[reader] generated 328/1000
[reader] generated 330/1000
[reader] generated 332/1000
[reader] generated 334/1000
[reader] generated 336/1000
[reader] generated 338/1000
[reader] generated 340/1000
[reader] generated 342/1000
[reader] generated 344/1000
[reader] generated 346/1000
[reader] generated 348/1000
[reader] generated 350/1000
[reader] generated 352/1000
[reader] generated 354/1000
[reader] generated 356/1000
[reader] generated 358/1000
[reader] generated 360/1000
[reader] generated 362/1000
[reader] generated 364/1000
[reader] generated 366/1000
[reader] generated 368/1000
[reader] generated 370/1000
[reader] generated 372/1000
[reader] generated 374/1000
[reader] generated 376/1000
[reader] generated 378/1000
[reader] generated 380/1000
[reader] generated 382/1000
[reader] generated 384/1000
[reader] generated 386/1000
[reader] generated 388/1000
[reader] generated 390/1000
[reader] generated 392/1000
[reader] generated 394/1000
[reader] generated 396/1000
[reader] generated 398/1000
[reader] generated 400/1000
[reader] generated 402/1000
[reader] generated 404/1000
[reader] generated 406/1000
[reader] generated 408/1000
[reader] generated 410/1000
[reader] generated 412/1000
[reader] generated 414/1000
[reader] generated 416/1000
[reader] generated 418/1000
[reader] generated 420/1000
[reader] generated 422/1000
[reader] generated 424/1000
[reader] generated 426/1000
[reader] generated 428/1000
[reader] generated 430/1000
[reader] generated 432/1000
[reader] generated 434/1000
[reader] generated 436/1000
[reader] generated 438/1000
[reader] generated 440/1000
[reader] generated 442/1000
[reader] generated 444/1000
[reader] generated 446/1000
[reader] generated 448/1000
[reader] generated 450/1000
[reader] generated 452/1000
[reader] generated 454/1000
[reader] generated 456/1000
[reader] generated 458/1000
[reader] generated 460/1000
[reader] generated 462/1000
[reader] generated 464/1000
[reader] generated 466/1000
[reader] generated 468/1000
[reader] generated 470/1000
[reader] generated 472/1000
[reader] generated 474/1000
[reader] generated 476/1000
[reader] generated 478/1000
[reader] generated 480/1000
[reader] generated 482/1000
[reader] generated 484/1000
[reader] generated 486/1000
[reader] generated 488/1000
[reader] generated 490/1000
[reader] generated 492/1000
[reader] generated 494/1000
[reader] generated 496/1000
[reader] generated 498/1000
[reader] generated 500/1000
[reader] generated 502/1000
[reader] generated 504/1000
[reader] generated 506/1000
[reader] generated 508/1000
[reader] generated 510/1000
[reader] generated 512/1000
[reader] generated 514/1000
[reader] generated 516/1000
[reader] generated 518/1000
[reader] generated 520/1000
[reader] generated 522/1000
[reader] generated 524/1000
[reader] generated 526/1000
[reader] generated 528/1000
[reader] generated 530/1000
[reader] generated 532/1000
[reader] generated 534/1000
[reader] generated 536/1000
[reader] generated 538/1000
[reader] generated 540/1000
[reader] generated 542/1000
[reader] generated 544/1000
[reader] generated 546/1000
[reader] generated 548/1000
[reader] generated 550/1000
[reader] generated 552/1000
[reader] generated 554/1000
[reader] generated 556/1000
[reader] generated 558/1000
[reader] generated 560/1000
[reader] generated 562/1000
[reader] generated 564/1000
[reader] generated 566/1000
[reader] generated 568/1000
[reader] generated 570/1000
[reader] generated 572/1000
[reader] generated 574/1000
[reader] generated 576/1000
[reader] generated 578/1000
[reader] generated 580/1000
[reader] generated 582/1000
[reader] generated 584/1000
[reader] generated 586/1000
[reader] generated 588/1000
[reader] generated 590/1000
[reader] generated 592/1000
[reader] generated 594/1000
[reader] generated 596/1000
[reader] generated 598/1000
[reader] generated 600/1000
[reader] generated 602/1000
[reader] generated 604/1000
[reader] generated 606/1000
[reader] generated 608/1000
[reader] generated 610/1000
[reader] generated 612/1000
[reader] generated 614/1000
[reader] generated 616/1000
[reader] generated 618/1000
[reader] generated 620/1000
[reader] generated 622/1000
[reader] generated 624/1000
[reader] generated 626/1000
[reader] generated 628/1000
[reader] generated 630/1000
[reader] generated 632/1000
[reader] generated 634/1000
[reader] generated 636/1000
[reader] generated 638/1000
[reader] generated 640/1000
[reader] generated 642/1000
[reader] generated 644/1000
[reader] generated 646/1000
[reader] generated 648/1000
[reader] generated 650/1000
[reader] generated 652/1000
[reader] generated 654/1000
[reader] generated 656/1000
[reader] generated 658/1000
[reader] generated 660/1000
[reader] generated 662/1000
[reader] generated 664/1000
[reader] generated 666/1000
[reader] generated 668/1000
[reader] generated 670/1000
[reader] generated 672/1000
[reader] generated 674/1000
[reader] generated 676/1000
[reader] generated 678/1000
[reader] generated 680/1000
[reader] generated 682/1000
[reader] generated 684/1000
[reader] generated 686/1000
[reader] generated 688/1000
[reader] generated 690/1000
[reader] generated 692/1000
[reader] generated 694/1000
[reader] generated 696/1000
[reader] generated 698/1000
[reader] generated 700/1000
[reader] generated 702/1000
[reader] generated 704/1000
[reader] generated 706/1000
[reader] generated 708/1000
[reader] generated 710/1000
[reader] generated 712/1000
[reader] generated 714/1000
[reader] generated 716/1000
[reader] generated 718/1000
[reader] generated 720/1000
[reader] generated 722/1000
[reader] generated 724/1000
[reader] generated 726/1000
[reader] generated 728/1000
[reader] generated 730/1000
[reader] generated 732/1000
[reader] generated 734/1000
[reader] generated 736/1000
[reader] generated 738/1000
[reader] generated 740/1000
[reader] generated 742/1000
[reader] generated 744/1000
[reader] generated 746/1000
[reader] generated 748/1000
[reader] generated 750/1000
[reader] generated 752/1000
[reader] generated 754/1000
[reader] generated 756/1000
[reader] generated 758/1000
[reader] generated 760/1000
[reader] generated 762/1000
[reader] generated 764/1000
[reader] generated 766/1000
[reader] generated 768/1000
[reader] generated 770/1000
[reader] generated 772/1000
[reader] generated 774/1000
[reader] generated 776/1000
[reader] generated 778/1000
[reader] generated 780/1000
[reader] generated 782/1000
[reader] generated 784/1000
[reader] generated 786/1000
[reader] generated 788/1000
[reader] generated 790/1000
[reader] generated 792/1000
[reader] generated 794/1000
[reader] generated 796/1000
[reader] generated 798/1000
[reader] generated 800/1000
[reader] generated 802/1000
[reader] generated 804/1000
[reader] generated 806/1000
[reader] generated 808/1000
[reader] generated 810/1000
[reader] generated 812/1000
[reader] generated 814/1000
[reader] generated 816/1000
[reader] generated 818/1000
[reader] generated 820/1000
[reader] generated 822/1000
[reader] generated 824/1000
[reader] generated 826/1000
[reader] generated 828/1000
[reader] generated 830/1000
[reader] generated 832/1000
[reader] generated 834/1000
[reader] generated 836/1000
[reader] generated 838/1000
[reader] generated 840/1000
[reader] generated 842/1000
[reader] generated 844/1000
[reader] generated 846/1000
[reader] generated 848/1000
[reader] generated 850/1000
[reader] generated 852/1000
[reader] generated 854/1000
[reader] generated 856/1000
[reader] generated 858/1000
[reader] generated 860/1000
[reader] generated 862/1000
[reader] generated 864/1000
[reader] generated 866/1000
[reader] generated 868/1000
[reader] generated 870/1000
[reader] generated 872/1000
[reader] generated 874/1000
[reader] generated 876/1000
[reader] generated 878/1000
[reader] generated 880/1000
[reader] generated 882/1000
[reader] generated 884/1000
[reader] generated 886/1000
[reader] generated 888/1000
[reader] generated 890/1000
[reader] generated 892/1000
[reader] generated 894/1000
[reader] generated 896/1000
[reader] generated 898/1000
[reader] generated 900/1000
[reader] generated 902/1000
[reader] generated 904/1000
[reader] generated 906/1000
[reader] generated 908/1000
[reader] generated 910/1000
[reader] generated 912/1000
[reader] generated 914/1000
[reader] generated 916/1000
[reader] generated 918/1000
[reader] generated 920/1000
[reader] generated 922/1000
[reader] generated 924/1000
[reader] generated 926/1000
[reader] generated 928/1000
[reader] generated 930/1000
[reader] generated 932/1000
[reader] generated 934/1000
[reader] generated 936/1000
[reader] generated 938/1000
[reader] generated 940/1000
[reader] generated 942/1000
[reader] generated 944/1000
[reader] generated 946/1000
[reader] generated 948/1000
[reader] generated 950/1000
[reader] generated 952/1000
[reader] generated 954/1000
[reader] generated 956/1000
[reader] generated 958/1000
[reader] generated 960/1000
[reader] generated 962/1000
[reader] generated 964/1000
[reader] generated 966/1000
[reader] generated 968/1000
[reader] generated 970/1000
[reader] generated 972/1000
[reader] generated 974/1000
[reader] generated 976/1000
[reader] generated 978/1000
[reader] generated 980/1000
[reader] generated 982/1000
[reader] generated 984/1000
[reader] generated 986/1000
[reader] generated 988/1000
[reader] generated 990/1000
[reader] generated 992/1000
[reader] generated 994/1000
[reader] generated 996/1000
[reader] generated 998/1000
[reader] generated 1000/1000
[stage3] policy=chunk_packed_280, router_type=fixed, method=chunk, reader_context=packed_snippets, reader_model=Qwen/Qwen2.5-3B-Instruct, ace_retriever=none, compressor=none, hybrid_alpha=, packed_token_budget=280, candidate_policies=, selection_counts=, recall@1=0.4385, all_gold@1=0.0, recall@2=0.7065, all_gold@2=0.471, recall@5=0.857, all_gold@5=0.734, qwen_em=0.328, qwen_f1=0.426, avg_reader_evidence_tokens=268.0
[stage3] materializing policy=bm25_packed_280
[stage3] generating policy=bm25_packed_280
[reader] generated 2/1000
[reader] generated 4/1000
[reader] generated 6/1000
[reader] generated 8/1000
[reader] generated 10/1000
[reader] generated 12/1000
[reader] generated 14/1000
[reader] generated 16/1000
[reader] generated 18/1000
[reader] generated 20/1000
[reader] generated 22/1000
[reader] generated 24/1000
[reader] generated 26/1000
[reader] generated 28/1000
[reader] generated 30/1000
[reader] generated 32/1000
[reader] generated 34/1000
[reader] generated 36/1000
[reader] generated 38/1000
[reader] generated 40/1000
[reader] generated 42/1000
[reader] generated 44/1000
[reader] generated 46/1000
[reader] generated 48/1000
[reader] generated 50/1000
[reader] generated 52/1000
[reader] generated 54/1000
[reader] generated 56/1000
[reader] generated 58/1000
[reader] generated 60/1000
[reader] generated 62/1000
[reader] generated 64/1000
[reader] generated 66/1000
[reader] generated 68/1000
[reader] generated 70/1000
[reader] generated 72/1000
[reader] generated 74/1000
[reader] generated 76/1000
[reader] generated 78/1000
[reader] generated 80/1000
[reader] generated 82/1000
[reader] generated 84/1000
[reader] generated 86/1000
[reader] generated 88/1000
[reader] generated 90/1000
[reader] generated 92/1000
[reader] generated 94/1000
[reader] generated 96/1000
[reader] generated 98/1000
[reader] generated 100/1000
[reader] generated 102/1000
[reader] generated 104/1000
[reader] generated 106/1000
[reader] generated 108/1000
[reader] generated 110/1000
[reader] generated 112/1000
[reader] generated 114/1000
[reader] generated 116/1000
[reader] generated 118/1000
[reader] generated 120/1000
[reader] generated 122/1000
[reader] generated 124/1000
[reader] generated 126/1000
[reader] generated 128/1000
[reader] generated 130/1000
[reader] generated 132/1000
[reader] generated 134/1000
[reader] generated 136/1000
[reader] generated 138/1000
[reader] generated 140/1000
[reader] generated 142/1000
[reader] generated 144/1000
[reader] generated 146/1000
[reader] generated 148/1000
[reader] generated 150/1000
[reader] generated 152/1000
[reader] generated 154/1000
[reader] generated 156/1000
[reader] generated 158/1000
[reader] generated 160/1000
[reader] generated 162/1000
[reader] generated 164/1000
[reader] generated 166/1000
[reader] generated 168/1000
[reader] generated 170/1000
[reader] generated 172/1000
[reader] generated 174/1000
[reader] generated 176/1000
[reader] generated 178/1000
[reader] generated 180/1000
[reader] generated 182/1000
[reader] generated 184/1000
[reader] generated 186/1000
[reader] generated 188/1000
[reader] generated 190/1000
[reader] generated 192/1000
[reader] generated 194/1000
[reader] generated 196/1000
[reader] generated 198/1000
[reader] generated 200/1000
[reader] generated 202/1000
[reader] generated 204/1000
[reader] generated 206/1000
[reader] generated 208/1000
[reader] generated 210/1000
[reader] generated 212/1000
[reader] generated 214/1000
[reader] generated 216/1000
[reader] generated 218/1000
[reader] generated 220/1000
[reader] generated 222/1000
[reader] generated 224/1000
[reader] generated 226/1000
[reader] generated 228/1000
[reader] generated 230/1000
[reader] generated 232/1000
[reader] generated 234/1000
[reader] generated 236/1000
[reader] generated 238/1000
[reader] generated 240/1000
[reader] generated 242/1000
[reader] generated 244/1000
[reader] generated 246/1000
[reader] generated 248/1000
[reader] generated 250/1000
[reader] generated 252/1000
[reader] generated 254/1000
[reader] generated 256/1000
[reader] generated 258/1000
[reader] generated 260/1000
[reader] generated 262/1000
[reader] generated 264/1000
[reader] generated 266/1000
[reader] generated 268/1000
[reader] generated 270/1000
[reader] generated 272/1000
[reader] generated 274/1000
[reader] generated 276/1000
[reader] generated 278/1000
[reader] generated 280/1000
[reader] generated 282/1000
[reader] generated 284/1000
[reader] generated 286/1000
[reader] generated 288/1000
[reader] generated 290/1000
[reader] generated 292/1000
[reader] generated 294/1000
[reader] generated 296/1000
[reader] generated 298/1000
[reader] generated 300/1000
[reader] generated 302/1000
[reader] generated 304/1000
[reader] generated 306/1000
[reader] generated 308/1000
[reader] generated 310/1000
[reader] generated 312/1000
[reader] generated 314/1000
[reader] generated 316/1000
[reader] generated 318/1000
[reader] generated 320/1000
[reader] generated 322/1000
[reader] generated 324/1000
[reader] generated 326/1000
[reader] generated 328/1000
[reader] generated 330/1000
[reader] generated 332/1000
[reader] generated 334/1000
[reader] generated 336/1000
[reader] generated 338/1000
[reader] generated 340/1000
[reader] generated 342/1000
[reader] generated 344/1000
[reader] generated 346/1000
[reader] generated 348/1000
[reader] generated 350/1000
[reader] generated 352/1000
[reader] generated 354/1000
[reader] generated 356/1000
[reader] generated 358/1000
[reader] generated 360/1000
[reader] generated 362/1000
[reader] generated 364/1000
[reader] generated 366/1000
[reader] generated 368/1000
[reader] generated 370/1000
[reader] generated 372/1000
[reader] generated 374/1000
[reader] generated 376/1000
[reader] generated 378/1000
[reader] generated 380/1000
[reader] generated 382/1000
[reader] generated 384/1000
[reader] generated 386/1000
[reader] generated 388/1000
[reader] generated 390/1000
[reader] generated 392/1000
[reader] generated 394/1000
[reader] generated 396/1000
[reader] generated 398/1000
[reader] generated 400/1000
[reader] generated 402/1000
[reader] generated 404/1000
[reader] generated 406/1000
[reader] generated 408/1000
[reader] generated 410/1000
[reader] generated 412/1000
[reader] generated 414/1000
[reader] generated 416/1000
[reader] generated 418/1000
[reader] generated 420/1000
[reader] generated 422/1000
[reader] generated 424/1000
[reader] generated 426/1000
[reader] generated 428/1000
[reader] generated 430/1000
[reader] generated 432/1000
[reader] generated 434/1000
[reader] generated 436/1000
[reader] generated 438/1000
[reader] generated 440/1000
[reader] generated 442/1000
[reader] generated 444/1000
[reader] generated 446/1000
[reader] generated 448/1000
[reader] generated 450/1000
[reader] generated 452/1000
[reader] generated 454/1000
[reader] generated 456/1000
[reader] generated 458/1000
[reader] generated 460/1000
[reader] generated 462/1000
[reader] generated 464/1000
[reader] generated 466/1000
[reader] generated 468/1000
[reader] generated 470/1000
[reader] generated 472/1000
[reader] generated 474/1000
[reader] generated 476/1000
[reader] generated 478/1000
[reader] generated 480/1000
[reader] generated 482/1000
[reader] generated 484/1000
[reader] generated 486/1000
[reader] generated 488/1000
[reader] generated 490/1000
[reader] generated 492/1000
[reader] generated 494/1000
[reader] generated 496/1000
[reader] generated 498/1000
[reader] generated 500/1000
[reader] generated 502/1000
[reader] generated 504/1000
[reader] generated 506/1000
[reader] generated 508/1000
[reader] generated 510/1000
[reader] generated 512/1000
[reader] generated 514/1000
[reader] generated 516/1000
[reader] generated 518/1000
[reader] generated 520/1000
[reader] generated 522/1000
[reader] generated 524/1000
[reader] generated 526/1000
[reader] generated 528/1000
[reader] generated 530/1000
[reader] generated 532/1000
[reader] generated 534/1000
[reader] generated 536/1000
[reader] generated 538/1000
[reader] generated 540/1000
[reader] generated 542/1000
[reader] generated 544/1000
[reader] generated 546/1000
[reader] generated 548/1000
[reader] generated 550/1000
[reader] generated 552/1000
[reader] generated 554/1000
[reader] generated 556/1000
[reader] generated 558/1000
[reader] generated 560/1000
[reader] generated 562/1000
[reader] generated 564/1000
[reader] generated 566/1000
[reader] generated 568/1000
[reader] generated 570/1000
[reader] generated 572/1000
[reader] generated 574/1000
[reader] generated 576/1000
[reader] generated 578/1000
[reader] generated 580/1000
[reader] generated 582/1000
[reader] generated 584/1000
[reader] generated 586/1000
[reader] generated 588/1000
[reader] generated 590/1000
[reader] generated 592/1000
[reader] generated 594/1000
[reader] generated 596/1000
[reader] generated 598/1000
[reader] generated 600/1000
[reader] generated 602/1000
[reader] generated 604/1000
[reader] generated 606/1000
[reader] generated 608/1000
[reader] generated 610/1000
[reader] generated 612/1000
[reader] generated 614/1000
[reader] generated 616/1000
[reader] generated 618/1000
[reader] generated 620/1000
[reader] generated 622/1000
[reader] generated 624/1000
[reader] generated 626/1000
[reader] generated 628/1000
[reader] generated 630/1000
[reader] generated 632/1000
[reader] generated 634/1000
[reader] generated 636/1000
[reader] generated 638/1000
[reader] generated 640/1000
[reader] generated 642/1000
[reader] generated 644/1000
[reader] generated 646/1000
[reader] generated 648/1000
[reader] generated 650/1000
[reader] generated 652/1000
[reader] generated 654/1000
[reader] generated 656/1000
[reader] generated 658/1000
[reader] generated 660/1000
[reader] generated 662/1000
[reader] generated 664/1000
[reader] generated 666/1000
[reader] generated 668/1000
[reader] generated 670/1000
[reader] generated 672/1000
[reader] generated 674/1000
[reader] generated 676/1000
[reader] generated 678/1000
[reader] generated 680/1000
[reader] generated 682/1000
[reader] generated 684/1000
[reader] generated 686/1000
[reader] generated 688/1000
[reader] generated 690/1000
[reader] generated 692/1000
[reader] generated 694/1000
[reader] generated 696/1000
[reader] generated 698/1000
[reader] generated 700/1000
[reader] generated 702/1000
[reader] generated 704/1000
[reader] generated 706/1000
[reader] generated 708/1000
[reader] generated 710/1000
[reader] generated 712/1000
[reader] generated 714/1000
[reader] generated 716/1000
[reader] generated 718/1000
[reader] generated 720/1000
[reader] generated 722/1000
[reader] generated 724/1000
[reader] generated 726/1000
[reader] generated 728/1000
[reader] generated 730/1000
[reader] generated 732/1000
[reader] generated 734/1000
[reader] generated 736/1000
[reader] generated 738/1000
[reader] generated 740/1000
[reader] generated 742/1000
[reader] generated 744/1000
[reader] generated 746/1000
[reader] generated 748/1000
[reader] generated 750/1000
[reader] generated 752/1000
[reader] generated 754/1000
[reader] generated 756/1000
[reader] generated 758/1000
[reader] generated 760/1000
[reader] generated 762/1000
[reader] generated 764/1000
[reader] generated 766/1000
[reader] generated 768/1000
[reader] generated 770/1000
[reader] generated 772/1000
[reader] generated 774/1000
[reader] generated 776/1000
[reader] generated 778/1000
[reader] generated 780/1000
[reader] generated 782/1000
[reader] generated 784/1000
[reader] generated 786/1000
[reader] generated 788/1000
[reader] generated 790/1000
[reader] generated 792/1000
[reader] generated 794/1000
[reader] generated 796/1000
[reader] generated 798/1000
[reader] generated 800/1000
[reader] generated 802/1000
[reader] generated 804/1000
[reader] generated 806/1000
[reader] generated 808/1000
[reader] generated 810/1000
[reader] generated 812/1000
[reader] generated 814/1000
[reader] generated 816/1000
[reader] generated 818/1000
[reader] generated 820/1000
[reader] generated 822/1000
[reader] generated 824/1000
[reader] generated 826/1000
[reader] generated 828/1000
[reader] generated 830/1000
[reader] generated 832/1000
[reader] generated 834/1000
[reader] generated 836/1000
[reader] generated 838/1000
[reader] generated 840/1000
[reader] generated 842/1000
[reader] generated 844/1000
[reader] generated 846/1000
[reader] generated 848/1000
[reader] generated 850/1000
[reader] generated 852/1000
[reader] generated 854/1000
[reader] generated 856/1000
[reader] generated 858/1000
[reader] generated 860/1000
[reader] generated 862/1000
[reader] generated 864/1000
[reader] generated 866/1000
[reader] generated 868/1000
[reader] generated 870/1000
[reader] generated 872/1000
[reader] generated 874/1000
[reader] generated 876/1000
[reader] generated 878/1000
[reader] generated 880/1000
[reader] generated 882/1000
[reader] generated 884/1000
[reader] generated 886/1000
[reader] generated 888/1000
[reader] generated 890/1000
[reader] generated 892/1000
[reader] generated 894/1000
[reader] generated 896/1000
[reader] generated 898/1000
[reader] generated 900/1000
[reader] generated 902/1000
[reader] generated 904/1000
[reader] generated 906/1000
[reader] generated 908/1000
[reader] generated 910/1000
[reader] generated 912/1000
[reader] generated 914/1000
[reader] generated 916/1000
[reader] generated 918/1000
[reader] generated 920/1000
[reader] generated 922/1000
[reader] generated 924/1000
[reader] generated 926/1000
[reader] generated 928/1000
[reader] generated 930/1000
[reader] generated 932/1000
[reader] generated 934/1000
[reader] generated 936/1000
[reader] generated 938/1000
[reader] generated 940/1000
[reader] generated 942/1000
[reader] generated 944/1000
[reader] generated 946/1000
[reader] generated 948/1000
[reader] generated 950/1000
[reader] generated 952/1000
[reader] generated 954/1000
[reader] generated 956/1000
[reader] generated 958/1000
[reader] generated 960/1000
[reader] generated 962/1000
[reader] generated 964/1000
[reader] generated 966/1000
[reader] generated 968/1000
[reader] generated 970/1000
[reader] generated 972/1000
[reader] generated 974/1000
[reader] generated 976/1000
[reader] generated 978/1000
[reader] generated 980/1000
[reader] generated 982/1000
[reader] generated 984/1000
[reader] generated 986/1000
[reader] generated 988/1000
[reader] generated 990/1000
[reader] generated 992/1000
[reader] generated 994/1000
[reader] generated 996/1000
[reader] generated 998/1000
[reader] generated 1000/1000
[stage3] policy=bm25_packed_280, router_type=fixed, method=bm25, reader_context=packed_snippets, reader_model=Qwen/Qwen2.5-3B-Instruct, ace_retriever=none, compressor=none, hybrid_alpha=, packed_token_budget=280, candidate_policies=, selection_counts=, recall@1=0.3355, all_gold@1=0.0, recall@2=0.482, all_gold@2=0.171, recall@5=0.6365, all_gold@5=0.387, qwen_em=0.271, qwen_f1=0.3648, avg_reader_evidence_tokens=268.29
[stage3] materializing policy=hybrid_packed_280
[stage3] generating policy=hybrid_packed_280
[reader] generated 2/1000
[reader] generated 4/1000
[reader] generated 6/1000
[reader] generated 8/1000
[reader] generated 10/1000
[reader] generated 12/1000
[reader] generated 14/1000
[reader] generated 16/1000
[reader] generated 18/1000
[reader] generated 20/1000
[reader] generated 22/1000
[reader] generated 24/1000
[reader] generated 26/1000
[reader] generated 28/1000
[reader] generated 30/1000
[reader] generated 32/1000
[reader] generated 34/1000
[reader] generated 36/1000
[reader] generated 38/1000
[reader] generated 40/1000
[reader] generated 42/1000
[reader] generated 44/1000
[reader] generated 46/1000
[reader] generated 48/1000
[reader] generated 50/1000
[reader] generated 52/1000
[reader] generated 54/1000
[reader] generated 56/1000
[reader] generated 58/1000
[reader] generated 60/1000
[reader] generated 62/1000
[reader] generated 64/1000
[reader] generated 66/1000
[reader] generated 68/1000
[reader] generated 70/1000
[reader] generated 72/1000
[reader] generated 74/1000
[reader] generated 76/1000
[reader] generated 78/1000
[reader] generated 80/1000
[reader] generated 82/1000
[reader] generated 84/1000
[reader] generated 86/1000
[reader] generated 88/1000
[reader] generated 90/1000
[reader] generated 92/1000
[reader] generated 94/1000
[reader] generated 96/1000
[reader] generated 98/1000
[reader] generated 100/1000
[reader] generated 102/1000
[reader] generated 104/1000
[reader] generated 106/1000
[reader] generated 108/1000
[reader] generated 110/1000
[reader] generated 112/1000
[reader] generated 114/1000
[reader] generated 116/1000
[reader] generated 118/1000
[reader] generated 120/1000
[reader] generated 122/1000
[reader] generated 124/1000
[reader] generated 126/1000
[reader] generated 128/1000
[reader] generated 130/1000
[reader] generated 132/1000
[reader] generated 134/1000
[reader] generated 136/1000
[reader] generated 138/1000
[reader] generated 140/1000
[reader] generated 142/1000
[reader] generated 144/1000
[reader] generated 146/1000
[reader] generated 148/1000
[reader] generated 150/1000
[reader] generated 152/1000
[reader] generated 154/1000
[reader] generated 156/1000
[reader] generated 158/1000
[reader] generated 160/1000
[reader] generated 162/1000
[reader] generated 164/1000
[reader] generated 166/1000
[reader] generated 168/1000
[reader] generated 170/1000
[reader] generated 172/1000
[reader] generated 174/1000
[reader] generated 176/1000
[reader] generated 178/1000
[reader] generated 180/1000
[reader] generated 182/1000
[reader] generated 184/1000
[reader] generated 186/1000
[reader] generated 188/1000
[reader] generated 190/1000
[reader] generated 192/1000
[reader] generated 194/1000
[reader] generated 196/1000
[reader] generated 198/1000
[reader] generated 200/1000
[reader] generated 202/1000
[reader] generated 204/1000
[reader] generated 206/1000
[reader] generated 208/1000
[reader] generated 210/1000
[reader] generated 212/1000
[reader] generated 214/1000
[reader] generated 216/1000
[reader] generated 218/1000
[reader] generated 220/1000
[reader] generated 222/1000
[reader] generated 224/1000
[reader] generated 226/1000
[reader] generated 228/1000
[reader] generated 230/1000
[reader] generated 232/1000
[reader] generated 234/1000
[reader] generated 236/1000
[reader] generated 238/1000
[reader] generated 240/1000
[reader] generated 242/1000
[reader] generated 244/1000
[reader] generated 246/1000
[reader] generated 248/1000
[reader] generated 250/1000
[reader] generated 252/1000
[reader] generated 254/1000
[reader] generated 256/1000
[reader] generated 258/1000
[reader] generated 260/1000
[reader] generated 262/1000
[reader] generated 264/1000
[reader] generated 266/1000
[reader] generated 268/1000
[reader] generated 270/1000
[reader] generated 272/1000
[reader] generated 274/1000
[reader] generated 276/1000
[reader] generated 278/1000
[reader] generated 280/1000
[reader] generated 282/1000
[reader] generated 284/1000
[reader] generated 286/1000
[reader] generated 288/1000
[reader] generated 290/1000
[reader] generated 292/1000
[reader] generated 294/1000
[reader] generated 296/1000
[reader] generated 298/1000
[reader] generated 300/1000
[reader] generated 302/1000
[reader] generated 304/1000
[reader] generated 306/1000
[reader] generated 308/1000
[reader] generated 310/1000
[reader] generated 312/1000
[reader] generated 314/1000
[reader] generated 316/1000
[reader] generated 318/1000
[reader] generated 320/1000
[reader] generated 322/1000
[reader] generated 324/1000
[reader] generated 326/1000
[reader] generated 328/1000
[reader] generated 330/1000
[reader] generated 332/1000
[reader] generated 334/1000
[reader] generated 336/1000
[reader] generated 338/1000
[reader] generated 340/1000
[reader] generated 342/1000
[reader] generated 344/1000
[reader] generated 346/1000
[reader] generated 348/1000
[reader] generated 350/1000
[reader] generated 352/1000
[reader] generated 354/1000
[reader] generated 356/1000
[reader] generated 358/1000
[reader] generated 360/1000
[reader] generated 362/1000
[reader] generated 364/1000
[reader] generated 366/1000
[reader] generated 368/1000
[reader] generated 370/1000
[reader] generated 372/1000
[reader] generated 374/1000
[reader] generated 376/1000
[reader] generated 378/1000
[reader] generated 380/1000
[reader] generated 382/1000
[reader] generated 384/1000
[reader] generated 386/1000
[reader] generated 388/1000
[reader] generated 390/1000
[reader] generated 392/1000
[reader] generated 394/1000
[reader] generated 396/1000
[reader] generated 398/1000
[reader] generated 400/1000
[reader] generated 402/1000
[reader] generated 404/1000
[reader] generated 406/1000
[reader] generated 408/1000
[reader] generated 410/1000
[reader] generated 412/1000
[reader] generated 414/1000
[reader] generated 416/1000
[reader] generated 418/1000
[reader] generated 420/1000
[reader] generated 422/1000
[reader] generated 424/1000
[reader] generated 426/1000
[reader] generated 428/1000
[reader] generated 430/1000
[reader] generated 432/1000
[reader] generated 434/1000
[reader] generated 436/1000
[reader] generated 438/1000
[reader] generated 440/1000
[reader] generated 442/1000
[reader] generated 444/1000
[reader] generated 446/1000
[reader] generated 448/1000
[reader] generated 450/1000
[reader] generated 452/1000
[reader] generated 454/1000
[reader] generated 456/1000
[reader] generated 458/1000
[reader] generated 460/1000
[reader] generated 462/1000
[reader] generated 464/1000
[reader] generated 466/1000
[reader] generated 468/1000
[reader] generated 470/1000
[reader] generated 472/1000
[reader] generated 474/1000
[reader] generated 476/1000
[reader] generated 478/1000
[reader] generated 480/1000
[reader] generated 482/1000
[reader] generated 484/1000
[reader] generated 486/1000
[reader] generated 488/1000
[reader] generated 490/1000
[reader] generated 492/1000
[reader] generated 494/1000
[reader] generated 496/1000
[reader] generated 498/1000
[reader] generated 500/1000
[reader] generated 502/1000
[reader] generated 504/1000
[reader] generated 506/1000
[reader] generated 508/1000
[reader] generated 510/1000
[reader] generated 512/1000
[reader] generated 514/1000
[reader] generated 516/1000
[reader] generated 518/1000
[reader] generated 520/1000
[reader] generated 522/1000
[reader] generated 524/1000
[reader] generated 526/1000
[reader] generated 528/1000
[reader] generated 530/1000
[reader] generated 532/1000
[reader] generated 534/1000
[reader] generated 536/1000
[reader] generated 538/1000
[reader] generated 540/1000
[reader] generated 542/1000
[reader] generated 544/1000
[reader] generated 546/1000
[reader] generated 548/1000
[reader] generated 550/1000
[reader] generated 552/1000
[reader] generated 554/1000
[reader] generated 556/1000
[reader] generated 558/1000
[reader] generated 560/1000
[reader] generated 562/1000
[reader] generated 564/1000
[reader] generated 566/1000
[reader] generated 568/1000
[reader] generated 570/1000
[reader] generated 572/1000
[reader] generated 574/1000
[reader] generated 576/1000
[reader] generated 578/1000
[reader] generated 580/1000
[reader] generated 582/1000
[reader] generated 584/1000
[reader] generated 586/1000
[reader] generated 588/1000
[reader] generated 590/1000
[reader] generated 592/1000
[reader] generated 594/1000
[reader] generated 596/1000
[reader] generated 598/1000
[reader] generated 600/1000
[reader] generated 602/1000
[reader] generated 604/1000
[reader] generated 606/1000
[reader] generated 608/1000
[reader] generated 610/1000
[reader] generated 612/1000
[reader] generated 614/1000
[reader] generated 616/1000
[reader] generated 618/1000
[reader] generated 620/1000
[reader] generated 622/1000
[reader] generated 624/1000
[reader] generated 626/1000
[reader] generated 628/1000
[reader] generated 630/1000
[reader] generated 632/1000
[reader] generated 634/1000
[reader] generated 636/1000
[reader] generated 638/1000
[reader] generated 640/1000
[reader] generated 642/1000
[reader] generated 644/1000
[reader] generated 646/1000
[reader] generated 648/1000
[reader] generated 650/1000
[reader] generated 652/1000
[reader] generated 654/1000
[reader] generated 656/1000
[reader] generated 658/1000
[reader] generated 660/1000
[reader] generated 662/1000
[reader] generated 664/1000
[reader] generated 666/1000
[reader] generated 668/1000
[reader] generated 670/1000
[reader] generated 672/1000
[reader] generated 674/1000
[reader] generated 676/1000
[reader] generated 678/1000
[reader] generated 680/1000
[reader] generated 682/1000
[reader] generated 684/1000
[reader] generated 686/1000
[reader] generated 688/1000
[reader] generated 690/1000
[reader] generated 692/1000
[reader] generated 694/1000
[reader] generated 696/1000
[reader] generated 698/1000
[reader] generated 700/1000
[reader] generated 702/1000
[reader] generated 704/1000
[reader] generated 706/1000
[reader] generated 708/1000
[reader] generated 710/1000
[reader] generated 712/1000
[reader] generated 714/1000
[reader] generated 716/1000
[reader] generated 718/1000
[reader] generated 720/1000
[reader] generated 722/1000
[reader] generated 724/1000
[reader] generated 726/1000
[reader] generated 728/1000
[reader] generated 730/1000
[reader] generated 732/1000
[reader] generated 734/1000
[reader] generated 736/1000
[reader] generated 738/1000
[reader] generated 740/1000
[reader] generated 742/1000
[reader] generated 744/1000
[reader] generated 746/1000
[reader] generated 748/1000
[reader] generated 750/1000
[reader] generated 752/1000
[reader] generated 754/1000
[reader] generated 756/1000
[reader] generated 758/1000
[reader] generated 760/1000
[reader] generated 762/1000
[reader] generated 764/1000
[reader] generated 766/1000
[reader] generated 768/1000
[reader] generated 770/1000
[reader] generated 772/1000
[reader] generated 774/1000
[reader] generated 776/1000
[reader] generated 778/1000
[reader] generated 780/1000
[reader] generated 782/1000
[reader] generated 784/1000
[reader] generated 786/1000
[reader] generated 788/1000
[reader] generated 790/1000
[reader] generated 792/1000
[reader] generated 794/1000
[reader] generated 796/1000
[reader] generated 798/1000
[reader] generated 800/1000
[reader] generated 802/1000
[reader] generated 804/1000
[reader] generated 806/1000
[reader] generated 808/1000
[reader] generated 810/1000
[reader] generated 812/1000
[reader] generated 814/1000
[reader] generated 816/1000
[reader] generated 818/1000
[reader] generated 820/1000
[reader] generated 822/1000
[reader] generated 824/1000
[reader] generated 826/1000
[reader] generated 828/1000
[reader] generated 830/1000
[reader] generated 832/1000
[reader] generated 834/1000
[reader] generated 836/1000
[reader] generated 838/1000
[reader] generated 840/1000
[reader] generated 842/1000
[reader] generated 844/1000
[reader] generated 846/1000
[reader] generated 848/1000
[reader] generated 850/1000
[reader] generated 852/1000
[reader] generated 854/1000
[reader] generated 856/1000
[reader] generated 858/1000
[reader] generated 860/1000
[reader] generated 862/1000
[reader] generated 864/1000
[reader] generated 866/1000
[reader] generated 868/1000
[reader] generated 870/1000
[reader] generated 872/1000
[reader] generated 874/1000
[reader] generated 876/1000
[reader] generated 878/1000
[reader] generated 880/1000
[reader] generated 882/1000
[reader] generated 884/1000
[reader] generated 886/1000
[reader] generated 888/1000
[reader] generated 890/1000
[reader] generated 892/1000
[reader] generated 894/1000
[reader] generated 896/1000
[reader] generated 898/1000
[reader] generated 900/1000
[reader] generated 902/1000
[reader] generated 904/1000
[reader] generated 906/1000
[reader] generated 908/1000
[reader] generated 910/1000
[reader] generated 912/1000
[reader] generated 914/1000
[reader] generated 916/1000
[reader] generated 918/1000
[reader] generated 920/1000
[reader] generated 922/1000
[reader] generated 924/1000
[reader] generated 926/1000
[reader] generated 928/1000
[reader] generated 930/1000
[reader] generated 932/1000
[reader] generated 934/1000
[reader] generated 936/1000
[reader] generated 938/1000
[reader] generated 940/1000
[reader] generated 942/1000
[reader] generated 944/1000
[reader] generated 946/1000
[reader] generated 948/1000
[reader] generated 950/1000
[reader] generated 952/1000
[reader] generated 954/1000
[reader] generated 956/1000
[reader] generated 958/1000
[reader] generated 960/1000
[reader] generated 962/1000
[reader] generated 964/1000
[reader] generated 966/1000
[reader] generated 968/1000
[reader] generated 970/1000
[reader] generated 972/1000
[reader] generated 974/1000
[reader] generated 976/1000
[reader] generated 978/1000
[reader] generated 980/1000
[reader] generated 982/1000
[reader] generated 984/1000
[reader] generated 986/1000
[reader] generated 988/1000
[reader] generated 990/1000
[reader] generated 992/1000
[reader] generated 994/1000
[reader] generated 996/1000
[reader] generated 998/1000
[reader] generated 1000/1000
[stage3] policy=hybrid_packed_280, router_type=fixed, method=hybrid, reader_context=packed_snippets, reader_model=Qwen/Qwen2.5-3B-Instruct, ace_retriever=none, compressor=none, hybrid_alpha=0.5, packed_token_budget=280, candidate_policies=, selection_counts=, recall@1=0.41, all_gold@1=0.0, recall@2=0.6235, all_gold@2=0.334, recall@5=0.7985, all_gold@5=0.617, qwen_em=0.305, qwen_f1=0.4053, avg_reader_evidence_tokens=268.1
[stage3] materializing policy=ace_packed_280
[stage3] generating policy=ace_packed_280
[reader] generated 2/1000
[reader] generated 4/1000
[reader] generated 6/1000
[reader] generated 8/1000
[reader] generated 10/1000
[reader] generated 12/1000
[reader] generated 14/1000
[reader] generated 16/1000
[reader] generated 18/1000
[reader] generated 20/1000
[reader] generated 22/1000
[reader] generated 24/1000
[reader] generated 26/1000
[reader] generated 28/1000
[reader] generated 30/1000
[reader] generated 32/1000
[reader] generated 34/1000
[reader] generated 36/1000
[reader] generated 38/1000
[reader] generated 40/1000
[reader] generated 42/1000
[reader] generated 44/1000
[reader] generated 46/1000
[reader] generated 48/1000
[reader] generated 50/1000
[reader] generated 52/1000
[reader] generated 54/1000
[reader] generated 56/1000
[reader] generated 58/1000
[reader] generated 60/1000
[reader] generated 62/1000
[reader] generated 64/1000
[reader] generated 66/1000
[reader] generated 68/1000
[reader] generated 70/1000
[reader] generated 72/1000
[reader] generated 74/1000
[reader] generated 76/1000
[reader] generated 78/1000
[reader] generated 80/1000
[reader] generated 82/1000
[reader] generated 84/1000
[reader] generated 86/1000
[reader] generated 88/1000
[reader] generated 90/1000
[reader] generated 92/1000
[reader] generated 94/1000
[reader] generated 96/1000
[reader] generated 98/1000
[reader] generated 100/1000
[reader] generated 102/1000
[reader] generated 104/1000
[reader] generated 106/1000
[reader] generated 108/1000
[reader] generated 110/1000
[reader] generated 112/1000
[reader] generated 114/1000
[reader] generated 116/1000
[reader] generated 118/1000
[reader] generated 120/1000
[reader] generated 122/1000
[reader] generated 124/1000
[reader] generated 126/1000
[reader] generated 128/1000
[reader] generated 130/1000
[reader] generated 132/1000
[reader] generated 134/1000
[reader] generated 136/1000
[reader] generated 138/1000
[reader] generated 140/1000
[reader] generated 142/1000
[reader] generated 144/1000
[reader] generated 146/1000
[reader] generated 148/1000
[reader] generated 150/1000
[reader] generated 152/1000
[reader] generated 154/1000
[reader] generated 156/1000
[reader] generated 158/1000
[reader] generated 160/1000
[reader] generated 162/1000
[reader] generated 164/1000
[reader] generated 166/1000
[reader] generated 168/1000
[reader] generated 170/1000
[reader] generated 172/1000
[reader] generated 174/1000
[reader] generated 176/1000
[reader] generated 178/1000
[reader] generated 180/1000
[reader] generated 182/1000
[reader] generated 184/1000
[reader] generated 186/1000
[reader] generated 188/1000
[reader] generated 190/1000
[reader] generated 192/1000
[reader] generated 194/1000
[reader] generated 196/1000
[reader] generated 198/1000
[reader] generated 200/1000
[reader] generated 202/1000
[reader] generated 204/1000
[reader] generated 206/1000
[reader] generated 208/1000
[reader] generated 210/1000
[reader] generated 212/1000
[reader] generated 214/1000
[reader] generated 216/1000
[reader] generated 218/1000
[reader] generated 220/1000
[reader] generated 222/1000
[reader] generated 224/1000
[reader] generated 226/1000
[reader] generated 228/1000
[reader] generated 230/1000
[reader] generated 232/1000
[reader] generated 234/1000
[reader] generated 236/1000
[reader] generated 238/1000
[reader] generated 240/1000
[reader] generated 242/1000
[reader] generated 244/1000
[reader] generated 246/1000
[reader] generated 248/1000
[reader] generated 250/1000
[reader] generated 252/1000
[reader] generated 254/1000
[reader] generated 256/1000
[reader] generated 258/1000
[reader] generated 260/1000
[reader] generated 262/1000
[reader] generated 264/1000
[reader] generated 266/1000
[reader] generated 268/1000
[reader] generated 270/1000
[reader] generated 272/1000
[reader] generated 274/1000
[reader] generated 276/1000
[reader] generated 278/1000
[reader] generated 280/1000
[reader] generated 282/1000
[reader] generated 284/1000
[reader] generated 286/1000
[reader] generated 288/1000
[reader] generated 290/1000
[reader] generated 292/1000
[reader] generated 294/1000
[reader] generated 296/1000
[reader] generated 298/1000
[reader] generated 300/1000
[reader] generated 302/1000
[reader] generated 304/1000
[reader] generated 306/1000
[reader] generated 308/1000
[reader] generated 310/1000
[reader] generated 312/1000
[reader] generated 314/1000
[reader] generated 316/1000
[reader] generated 318/1000
[reader] generated 320/1000
[reader] generated 322/1000
[reader] generated 324/1000
[reader] generated 326/1000
[reader] generated 328/1000
[reader] generated 330/1000
[reader] generated 332/1000
[reader] generated 334/1000
[reader] generated 336/1000
[reader] generated 338/1000
[reader] generated 340/1000
[reader] generated 342/1000
[reader] generated 344/1000
[reader] generated 346/1000
[reader] generated 348/1000
[reader] generated 350/1000
[reader] generated 352/1000
[reader] generated 354/1000
[reader] generated 356/1000
[reader] generated 358/1000
[reader] generated 360/1000
[reader] generated 362/1000
[reader] generated 364/1000
[reader] generated 366/1000
[reader] generated 368/1000
[reader] generated 370/1000
[reader] generated 372/1000
[reader] generated 374/1000
[reader] generated 376/1000
[reader] generated 378/1000
[reader] generated 380/1000
[reader] generated 382/1000
[reader] generated 384/1000
[reader] generated 386/1000
[reader] generated 388/1000
[reader] generated 390/1000
[reader] generated 392/1000
[reader] generated 394/1000
[reader] generated 396/1000
[reader] generated 398/1000
[reader] generated 400/1000
[reader] generated 402/1000
[reader] generated 404/1000
[reader] generated 406/1000
[reader] generated 408/1000
[reader] generated 410/1000
[reader] generated 412/1000
[reader] generated 414/1000
[reader] generated 416/1000
[reader] generated 418/1000
[reader] generated 420/1000
[reader] generated 422/1000
[reader] generated 424/1000
[reader] generated 426/1000
[reader] generated 428/1000
[reader] generated 430/1000
[reader] generated 432/1000
[reader] generated 434/1000
[reader] generated 436/1000
[reader] generated 438/1000
[reader] generated 440/1000
[reader] generated 442/1000
[reader] generated 444/1000
[reader] generated 446/1000
[reader] generated 448/1000
[reader] generated 450/1000
[reader] generated 452/1000
[reader] generated 454/1000
[reader] generated 456/1000
[reader] generated 458/1000
[reader] generated 460/1000
[reader] generated 462/1000
[reader] generated 464/1000
[reader] generated 466/1000
[reader] generated 468/1000
[reader] generated 470/1000
[reader] generated 472/1000
[reader] generated 474/1000
[reader] generated 476/1000
[reader] generated 478/1000
[reader] generated 480/1000
[reader] generated 482/1000
[reader] generated 484/1000
[reader] generated 486/1000
[reader] generated 488/1000
[reader] generated 490/1000
[reader] generated 492/1000
[reader] generated 494/1000
[reader] generated 496/1000
[reader] generated 498/1000
[reader] generated 500/1000
[reader] generated 502/1000
[reader] generated 504/1000
[reader] generated 506/1000
[reader] generated 508/1000
[reader] generated 510/1000
[reader] generated 512/1000
[reader] generated 514/1000
[reader] generated 516/1000
[reader] generated 518/1000
[reader] generated 520/1000
[reader] generated 522/1000
[reader] generated 524/1000
[reader] generated 526/1000
[reader] generated 528/1000
[reader] generated 530/1000
[reader] generated 532/1000
[reader] generated 534/1000
[reader] generated 536/1000
[reader] generated 538/1000
[reader] generated 540/1000
[reader] generated 542/1000
[reader] generated 544/1000
[reader] generated 546/1000
[reader] generated 548/1000
[reader] generated 550/1000
[reader] generated 552/1000
[reader] generated 554/1000
[reader] generated 556/1000
[reader] generated 558/1000
[reader] generated 560/1000
[reader] generated 562/1000
[reader] generated 564/1000
[reader] generated 566/1000
[reader] generated 568/1000
[reader] generated 570/1000
[reader] generated 572/1000
[reader] generated 574/1000
[reader] generated 576/1000
[reader] generated 578/1000
[reader] generated 580/1000
[reader] generated 582/1000
[reader] generated 584/1000
[reader] generated 586/1000
[reader] generated 588/1000
[reader] generated 590/1000
[reader] generated 592/1000
[reader] generated 594/1000
[reader] generated 596/1000
[reader] generated 598/1000
[reader] generated 600/1000
[reader] generated 602/1000
[reader] generated 604/1000
[reader] generated 606/1000
[reader] generated 608/1000
[reader] generated 610/1000
[reader] generated 612/1000
[reader] generated 614/1000
[reader] generated 616/1000
[reader] generated 618/1000
[reader] generated 620/1000
[reader] generated 622/1000
[reader] generated 624/1000
[reader] generated 626/1000
[reader] generated 628/1000
[reader] generated 630/1000
[reader] generated 632/1000
[reader] generated 634/1000
[reader] generated 636/1000
[reader] generated 638/1000
[reader] generated 640/1000
[reader] generated 642/1000
[reader] generated 644/1000
[reader] generated 646/1000
[reader] generated 648/1000
[reader] generated 650/1000
[reader] generated 652/1000
[reader] generated 654/1000
[reader] generated 656/1000
[reader] generated 658/1000
[reader] generated 660/1000
[reader] generated 662/1000
[reader] generated 664/1000
[reader] generated 666/1000
[reader] generated 668/1000
[reader] generated 670/1000
[reader] generated 672/1000
[reader] generated 674/1000
[reader] generated 676/1000
[reader] generated 678/1000
[reader] generated 680/1000
[reader] generated 682/1000
[reader] generated 684/1000
[reader] generated 686/1000
[reader] generated 688/1000
[reader] generated 690/1000
[reader] generated 692/1000
[reader] generated 694/1000
[reader] generated 696/1000
[reader] generated 698/1000
[reader] generated 700/1000
[reader] generated 702/1000
[reader] generated 704/1000
[reader] generated 706/1000
[reader] generated 708/1000
[reader] generated 710/1000
[reader] generated 712/1000
[reader] generated 714/1000
[reader] generated 716/1000
[reader] generated 718/1000
[reader] generated 720/1000
[reader] generated 722/1000
[reader] generated 724/1000
[reader] generated 726/1000
[reader] generated 728/1000
[reader] generated 730/1000
[reader] generated 732/1000
[reader] generated 734/1000
[reader] generated 736/1000
[reader] generated 738/1000
[reader] generated 740/1000
[reader] generated 742/1000
[reader] generated 744/1000
[reader] generated 746/1000
[reader] generated 748/1000
[reader] generated 750/1000
[reader] generated 752/1000
[reader] generated 754/1000
[reader] generated 756/1000
[reader] generated 758/1000
[reader] generated 760/1000
[reader] generated 762/1000
[reader] generated 764/1000
[reader] generated 766/1000
[reader] generated 768/1000
[reader] generated 770/1000
[reader] generated 772/1000
[reader] generated 774/1000
[reader] generated 776/1000
[reader] generated 778/1000
[reader] generated 780/1000
[reader] generated 782/1000
[reader] generated 784/1000
[reader] generated 786/1000
[reader] generated 788/1000
[reader] generated 790/1000
[reader] generated 792/1000
[reader] generated 794/1000
[reader] generated 796/1000
[reader] generated 798/1000
[reader] generated 800/1000
[reader] generated 802/1000
[reader] generated 804/1000
[reader] generated 806/1000
[reader] generated 808/1000
[reader] generated 810/1000
[reader] generated 812/1000
[reader] generated 814/1000
[reader] generated 816/1000
[reader] generated 818/1000
[reader] generated 820/1000
[reader] generated 822/1000
[reader] generated 824/1000
[reader] generated 826/1000
[reader] generated 828/1000
[reader] generated 830/1000
[reader] generated 832/1000
[reader] generated 834/1000
[reader] generated 836/1000
[reader] generated 838/1000
[reader] generated 840/1000
[reader] generated 842/1000
[reader] generated 844/1000
[reader] generated 846/1000
[reader] generated 848/1000
[reader] generated 850/1000
[reader] generated 852/1000
[reader] generated 854/1000
[reader] generated 856/1000
[reader] generated 858/1000
[reader] generated 860/1000
[reader] generated 862/1000
[reader] generated 864/1000
[reader] generated 866/1000
[reader] generated 868/1000
[reader] generated 870/1000
[reader] generated 872/1000
[reader] generated 874/1000
[reader] generated 876/1000
[reader] generated 878/1000
[reader] generated 880/1000
[reader] generated 882/1000
[reader] generated 884/1000
[reader] generated 886/1000
[reader] generated 888/1000
[reader] generated 890/1000
[reader] generated 892/1000
[reader] generated 894/1000
[reader] generated 896/1000
[reader] generated 898/1000
[reader] generated 900/1000
[reader] generated 902/1000
[reader] generated 904/1000
[reader] generated 906/1000
[reader] generated 908/1000
[reader] generated 910/1000
[reader] generated 912/1000
[reader] generated 914/1000
[reader] generated 916/1000
[reader] generated 918/1000
[reader] generated 920/1000
[reader] generated 922/1000
[reader] generated 924/1000
[reader] generated 926/1000
[reader] generated 928/1000
[reader] generated 930/1000
[reader] generated 932/1000
[reader] generated 934/1000
[reader] generated 936/1000
[reader] generated 938/1000
[reader] generated 940/1000
[reader] generated 942/1000
[reader] generated 944/1000
[reader] generated 946/1000
[reader] generated 948/1000
[reader] generated 950/1000
[reader] generated 952/1000
[reader] generated 954/1000
[reader] generated 956/1000
[reader] generated 958/1000
[reader] generated 960/1000
[reader] generated 962/1000
[reader] generated 964/1000
[reader] generated 966/1000
[reader] generated 968/1000
[reader] generated 970/1000
[reader] generated 972/1000
[reader] generated 974/1000
[reader] generated 976/1000
[reader] generated 978/1000
[reader] generated 980/1000
[reader] generated 982/1000
[reader] generated 984/1000
[reader] generated 986/1000
[reader] generated 988/1000
[reader] generated 990/1000
[reader] generated 992/1000
[reader] generated 994/1000
[reader] generated 996/1000
[reader] generated 998/1000
[reader] generated 1000/1000
[stage3] policy=ace_packed_280, router_type=fixed, method=ace_graph, reader_context=packed_snippets, reader_model=Qwen/Qwen2.5-3B-Instruct, ace_retriever=standard, compressor=truncate:320, hybrid_alpha=, packed_token_budget=280, candidate_policies=, selection_counts=, recall@1=0.4135, all_gold@1=0.0, recall@2=0.6485, all_gold@2=0.376, recall@5=0.8225, all_gold@5=0.674, qwen_em=0.334, qwen_f1=0.4294, avg_reader_evidence_tokens=267.25
[stage3] materializing policy=ace_focused_220
[stage3] generating policy=ace_focused_220
[reader] generated 2/1000
[reader] generated 4/1000
[reader] generated 6/1000
[reader] generated 8/1000
[reader] generated 10/1000
[reader] generated 12/1000
[reader] generated 14/1000
[reader] generated 16/1000
[reader] generated 18/1000
[reader] generated 20/1000
[reader] generated 22/1000
[reader] generated 24/1000
[reader] generated 26/1000
[reader] generated 28/1000
[reader] generated 30/1000
[reader] generated 32/1000
[reader] generated 34/1000
[reader] generated 36/1000
[reader] generated 38/1000
[reader] generated 40/1000
[reader] generated 42/1000
[reader] generated 44/1000
[reader] generated 46/1000
[reader] generated 48/1000
[reader] generated 50/1000
[reader] generated 52/1000
[reader] generated 54/1000
[reader] generated 56/1000
[reader] generated 58/1000
[reader] generated 60/1000
[reader] generated 62/1000
[reader] generated 64/1000
[reader] generated 66/1000
[reader] generated 68/1000
[reader] generated 70/1000
[reader] generated 72/1000
[reader] generated 74/1000
[reader] generated 76/1000
[reader] generated 78/1000
[reader] generated 80/1000
[reader] generated 82/1000
[reader] generated 84/1000
[reader] generated 86/1000
[reader] generated 88/1000
[reader] generated 90/1000
[reader] generated 92/1000
[reader] generated 94/1000
[reader] generated 96/1000
[reader] generated 98/1000
[reader] generated 100/1000
[reader] generated 102/1000
[reader] generated 104/1000
[reader] generated 106/1000
[reader] generated 108/1000
[reader] generated 110/1000
[reader] generated 112/1000
[reader] generated 114/1000
[reader] generated 116/1000
[reader] generated 118/1000
[reader] generated 120/1000
[reader] generated 122/1000
[reader] generated 124/1000
[reader] generated 126/1000
[reader] generated 128/1000
[reader] generated 130/1000
[reader] generated 132/1000
[reader] generated 134/1000
[reader] generated 136/1000
[reader] generated 138/1000
[reader] generated 140/1000
[reader] generated 142/1000
[reader] generated 144/1000
[reader] generated 146/1000
[reader] generated 148/1000
[reader] generated 150/1000
[reader] generated 152/1000
[reader] generated 154/1000
[reader] generated 156/1000
[reader] generated 158/1000
[reader] generated 160/1000
[reader] generated 162/1000
[reader] generated 164/1000
[reader] generated 166/1000
[reader] generated 168/1000
[reader] generated 170/1000
[reader] generated 172/1000
[reader] generated 174/1000
[reader] generated 176/1000
[reader] generated 178/1000
[reader] generated 180/1000
[reader] generated 182/1000
[reader] generated 184/1000
[reader] generated 186/1000
[reader] generated 188/1000
[reader] generated 190/1000
[reader] generated 192/1000
[reader] generated 194/1000
[reader] generated 196/1000
[reader] generated 198/1000
[reader] generated 200/1000
[reader] generated 202/1000
[reader] generated 204/1000
[reader] generated 206/1000
[reader] generated 208/1000
[reader] generated 210/1000
[reader] generated 212/1000
[reader] generated 214/1000
[reader] generated 216/1000
[reader] generated 218/1000
[reader] generated 220/1000
[reader] generated 222/1000
[reader] generated 224/1000
[reader] generated 226/1000
[reader] generated 228/1000
[reader] generated 230/1000
[reader] generated 232/1000
[reader] generated 234/1000
[reader] generated 236/1000
[reader] generated 238/1000
[reader] generated 240/1000
[reader] generated 242/1000
[reader] generated 244/1000
[reader] generated 246/1000
[reader] generated 248/1000
[reader] generated 250/1000
[reader] generated 252/1000
[reader] generated 254/1000
[reader] generated 256/1000
[reader] generated 258/1000
[reader] generated 260/1000
[reader] generated 262/1000
[reader] generated 264/1000
[reader] generated 266/1000
[reader] generated 268/1000
[reader] generated 270/1000
[reader] generated 272/1000
[reader] generated 274/1000
[reader] generated 276/1000
[reader] generated 278/1000
[reader] generated 280/1000
[reader] generated 282/1000
[reader] generated 284/1000
[reader] generated 286/1000
[reader] generated 288/1000
[reader] generated 290/1000
[reader] generated 292/1000
[reader] generated 294/1000
[reader] generated 296/1000
[reader] generated 298/1000
[reader] generated 300/1000
[reader] generated 302/1000
[reader] generated 304/1000
[reader] generated 306/1000
[reader] generated 308/1000
[reader] generated 310/1000
[reader] generated 312/1000
[reader] generated 314/1000
[reader] generated 316/1000
[reader] generated 318/1000
[reader] generated 320/1000
[reader] generated 322/1000
[reader] generated 324/1000
[reader] generated 326/1000
[reader] generated 328/1000
[reader] generated 330/1000
[reader] generated 332/1000
[reader] generated 334/1000
[reader] generated 336/1000
[reader] generated 338/1000
[reader] generated 340/1000
[reader] generated 342/1000
[reader] generated 344/1000
[reader] generated 346/1000
[reader] generated 348/1000
[reader] generated 350/1000
[reader] generated 352/1000
[reader] generated 354/1000
[reader] generated 356/1000
[reader] generated 358/1000
[reader] generated 360/1000
[reader] generated 362/1000
[reader] generated 364/1000
[reader] generated 366/1000
[reader] generated 368/1000
[reader] generated 370/1000
[reader] generated 372/1000
[reader] generated 374/1000
[reader] generated 376/1000
[reader] generated 378/1000
[reader] generated 380/1000
[reader] generated 382/1000
[reader] generated 384/1000
[reader] generated 386/1000
[reader] generated 388/1000
[reader] generated 390/1000
[reader] generated 392/1000
[reader] generated 394/1000
[reader] generated 396/1000
[reader] generated 398/1000
[reader] generated 400/1000
[reader] generated 402/1000
[reader] generated 404/1000
[reader] generated 406/1000
[reader] generated 408/1000
[reader] generated 410/1000
[reader] generated 412/1000
[reader] generated 414/1000
[reader] generated 416/1000
[reader] generated 418/1000
[reader] generated 420/1000
[reader] generated 422/1000
[reader] generated 424/1000
[reader] generated 426/1000
[reader] generated 428/1000
[reader] generated 430/1000
[reader] generated 432/1000
[reader] generated 434/1000
[reader] generated 436/1000
[reader] generated 438/1000
[reader] generated 440/1000
[reader] generated 442/1000
[reader] generated 444/1000
[reader] generated 446/1000
[reader] generated 448/1000
[reader] generated 450/1000
[reader] generated 452/1000
[reader] generated 454/1000
[reader] generated 456/1000
[reader] generated 458/1000
[reader] generated 460/1000
[reader] generated 462/1000
[reader] generated 464/1000
[reader] generated 466/1000
[reader] generated 468/1000
[reader] generated 470/1000
[reader] generated 472/1000
[reader] generated 474/1000
[reader] generated 476/1000
[reader] generated 478/1000
[reader] generated 480/1000
[reader] generated 482/1000
[reader] generated 484/1000
[reader] generated 486/1000
[reader] generated 488/1000
[reader] generated 490/1000
[reader] generated 492/1000
[reader] generated 494/1000
[reader] generated 496/1000
[reader] generated 498/1000
[reader] generated 500/1000
[reader] generated 502/1000
[reader] generated 504/1000
[reader] generated 506/1000
[reader] generated 508/1000
[reader] generated 510/1000
[reader] generated 512/1000
[reader] generated 514/1000
[reader] generated 516/1000
[reader] generated 518/1000
[reader] generated 520/1000
[reader] generated 522/1000
[reader] generated 524/1000
[reader] generated 526/1000
[reader] generated 528/1000
[reader] generated 530/1000
[reader] generated 532/1000
[reader] generated 534/1000
[reader] generated 536/1000
[reader] generated 538/1000
[reader] generated 540/1000
[reader] generated 542/1000
[reader] generated 544/1000
[reader] generated 546/1000
[reader] generated 548/1000
[reader] generated 550/1000
[reader] generated 552/1000
[reader] generated 554/1000
[reader] generated 556/1000
[reader] generated 558/1000
[reader] generated 560/1000
[reader] generated 562/1000
[reader] generated 564/1000
[reader] generated 566/1000
[reader] generated 568/1000
[reader] generated 570/1000
[reader] generated 572/1000
[reader] generated 574/1000
[reader] generated 576/1000
[reader] generated 578/1000
[reader] generated 580/1000
[reader] generated 582/1000
[reader] generated 584/1000
[reader] generated 586/1000
[reader] generated 588/1000
[reader] generated 590/1000
[reader] generated 592/1000
[reader] generated 594/1000
[reader] generated 596/1000
[reader] generated 598/1000
[reader] generated 600/1000
[reader] generated 602/1000
[reader] generated 604/1000
[reader] generated 606/1000
[reader] generated 608/1000
[reader] generated 610/1000
[reader] generated 612/1000
[reader] generated 614/1000
[reader] generated 616/1000
[reader] generated 618/1000
[reader] generated 620/1000
[reader] generated 622/1000
[reader] generated 624/1000
[reader] generated 626/1000
[reader] generated 628/1000
[reader] generated 630/1000
[reader] generated 632/1000
[reader] generated 634/1000
[reader] generated 636/1000
[reader] generated 638/1000
[reader] generated 640/1000
[reader] generated 642/1000
[reader] generated 644/1000
[reader] generated 646/1000
[reader] generated 648/1000
[reader] generated 650/1000
[reader] generated 652/1000
[reader] generated 654/1000
[reader] generated 656/1000
[reader] generated 658/1000
[reader] generated 660/1000
[reader] generated 662/1000
[reader] generated 664/1000
[reader] generated 666/1000
[reader] generated 668/1000
[reader] generated 670/1000
[reader] generated 672/1000
[reader] generated 674/1000
[reader] generated 676/1000
[reader] generated 678/1000
[reader] generated 680/1000
[reader] generated 682/1000
[reader] generated 684/1000
[reader] generated 686/1000
[reader] generated 688/1000
[reader] generated 690/1000
[reader] generated 692/1000
[reader] generated 694/1000
[reader] generated 696/1000
[reader] generated 698/1000
[reader] generated 700/1000
[reader] generated 702/1000
[reader] generated 704/1000
[reader] generated 706/1000
[reader] generated 708/1000
[reader] generated 710/1000
[reader] generated 712/1000
[reader] generated 714/1000
[reader] generated 716/1000
[reader] generated 718/1000
[reader] generated 720/1000
[reader] generated 722/1000
[reader] generated 724/1000
[reader] generated 726/1000
[reader] generated 728/1000
[reader] generated 730/1000
[reader] generated 732/1000
[reader] generated 734/1000
[reader] generated 736/1000
[reader] generated 738/1000
[reader] generated 740/1000
[reader] generated 742/1000
[reader] generated 744/1000
[reader] generated 746/1000
[reader] generated 748/1000
[reader] generated 750/1000
[reader] generated 752/1000
[reader] generated 754/1000
[reader] generated 756/1000
[reader] generated 758/1000
[reader] generated 760/1000
[reader] generated 762/1000
[reader] generated 764/1000
[reader] generated 766/1000
[reader] generated 768/1000
[reader] generated 770/1000
[reader] generated 772/1000
[reader] generated 774/1000
[reader] generated 776/1000
[reader] generated 778/1000
[reader] generated 780/1000
[reader] generated 782/1000
[reader] generated 784/1000
[reader] generated 786/1000
[reader] generated 788/1000
[reader] generated 790/1000
[reader] generated 792/1000
[reader] generated 794/1000
[reader] generated 796/1000
[reader] generated 798/1000
[reader] generated 800/1000
[reader] generated 802/1000
[reader] generated 804/1000
[reader] generated 806/1000
[reader] generated 808/1000
[reader] generated 810/1000
[reader] generated 812/1000
[reader] generated 814/1000
[reader] generated 816/1000
[reader] generated 818/1000
[reader] generated 820/1000
[reader] generated 822/1000
[reader] generated 824/1000
[reader] generated 826/1000
[reader] generated 828/1000
[reader] generated 830/1000
[reader] generated 832/1000
[reader] generated 834/1000
[reader] generated 836/1000
[reader] generated 838/1000
[reader] generated 840/1000
[reader] generated 842/1000
[reader] generated 844/1000
[reader] generated 846/1000
[reader] generated 848/1000
[reader] generated 850/1000
[reader] generated 852/1000
[reader] generated 854/1000
[reader] generated 856/1000
[reader] generated 858/1000
[reader] generated 860/1000
[reader] generated 862/1000
[reader] generated 864/1000
[reader] generated 866/1000
[reader] generated 868/1000
[reader] generated 870/1000
[reader] generated 872/1000
[reader] generated 874/1000
[reader] generated 876/1000
[reader] generated 878/1000
[reader] generated 880/1000
[reader] generated 882/1000
[reader] generated 884/1000
[reader] generated 886/1000
[reader] generated 888/1000
[reader] generated 890/1000
[reader] generated 892/1000
[reader] generated 894/1000
[reader] generated 896/1000
[reader] generated 898/1000
[reader] generated 900/1000
[reader] generated 902/1000
[reader] generated 904/1000
[reader] generated 906/1000
[reader] generated 908/1000
[reader] generated 910/1000
[reader] generated 912/1000
[reader] generated 914/1000
[reader] generated 916/1000
[reader] generated 918/1000
[reader] generated 920/1000
[reader] generated 922/1000
[reader] generated 924/1000
[reader] generated 926/1000
[reader] generated 928/1000
[reader] generated 930/1000
[reader] generated 932/1000
[reader] generated 934/1000
[reader] generated 936/1000
[reader] generated 938/1000
[reader] generated 940/1000
[reader] generated 942/1000
[reader] generated 944/1000
[reader] generated 946/1000
[reader] generated 948/1000
[reader] generated 950/1000
[reader] generated 952/1000
[reader] generated 954/1000
[reader] generated 956/1000
[reader] generated 958/1000
[reader] generated 960/1000
[reader] generated 962/1000
[reader] generated 964/1000
[reader] generated 966/1000
[reader] generated 968/1000
[reader] generated 970/1000
[reader] generated 972/1000
[reader] generated 974/1000
[reader] generated 976/1000
[reader] generated 978/1000
[reader] generated 980/1000
[reader] generated 982/1000
[reader] generated 984/1000
[reader] generated 986/1000
[reader] generated 988/1000
[reader] generated 990/1000
[reader] generated 992/1000
[reader] generated 994/1000
[reader] generated 996/1000
[reader] generated 998/1000
[reader] generated 1000/1000
[stage3] policy=ace_focused_220, router_type=fixed, method=ace_graph, reader_context=focused_packed, reader_model=Qwen/Qwen2.5-3B-Instruct, ace_retriever=standard, compressor=truncate:320, hybrid_alpha=, packed_token_budget=220, candidate_policies=, selection_counts=, recall@1=0.4135, all_gold@1=0.0, recall@2=0.6485, all_gold@2=0.376, recall@5=0.8225, all_gold@5=0.674, qwen_em=0.347, qwen_f1=0.4456, avg_reader_evidence_tokens=208.45
[stage3] policy=router_rule, router_type=rule, method=adaptive_router, reader_context=routed, reader_model=Qwen/Qwen2.5-3B-Instruct, ace_retriever=, compressor=, hybrid_alpha=, packed_token_budget=, candidate_policies=chunk_packed_280|bm25_packed_280|hybrid_packed_280|ace_packed_280|ace_focused_220, selection_counts={"ace_focused_220": 534, "ace_packed_280": 26, "bm25_packed_280": 2, "chunk_packed_280": 417, "hybrid_packed_280": 21}, recall@1=0.323, all_gold@1=0.0, recall@2=0.5395, all_gold@2=0.239, recall@5=0.83, all_gold@5=0.683, qwen_em=0.354, qwen_f1=0.4566, avg_reader_evidence_tokens=235.16
[stage3] policy=router_oracle, router_type=oracle, method=adaptive_router, reader_context=routed, reader_model=Qwen/Qwen2.5-3B-Instruct, ace_retriever=, compressor=, hybrid_alpha=, packed_token_budget=, candidate_policies=chunk_packed_280|bm25_packed_280|hybrid_packed_280|ace_packed_280|ace_focused_220, selection_counts={"ace_focused_220": 772, "ace_packed_280": 64, "bm25_packed_280": 46, "chunk_packed_280": 74, "hybrid_packed_280": 44}, recall@1=0.3475, all_gold@1=0.0, recall@2=0.5815, all_gold@2=0.281, recall@5=0.8205, all_gold@5=0.672, qwen_em=0.479, qwen_f1=0.5964, avg_reader_evidence_tokens=219.58
wrote /kaggle/working/colab_results/stage3_hotpotqa_seed13_routerfix_limit1000_qwen3b/hotpotqa_stage3_router_standard_limit1000_metrics.csv
wrote /kaggle/working/colab_results/stage3_hotpotqa_seed13_routerfix_limit1000_qwen3b/hotpotqa_stage3_router_standard_limit1000_predictions.jsonl
wrote /kaggle/working/colab_results/stage3_hotpotqa_seed13_routerfix_limit1000_qwen3b/hotpotqa_stage3_router_standard_limit1000_router_features.csv
[done] stage3_hotpotqa_seed13_routerfix_limit1000_qwen3b
=== control/main.py done ===
