=== control/main.py: stage12-cross-family (stage12-cross-family-v1) ===
Copied extracted project /kaggle/input/datasets/anantonayan/dataset12 to /kaggle/working/ace_rag_research_v13_analysis
$ /usr/bin/python3 -m pip install -q -r requirements-cloud.txt
     ━━━━━━━━━━━━━━━━━━━━━━━━━━━━━━━━━━━━━━━━ 44.0/44.0 kB 2.1 MB/s eta 0:00:00
   ━━━━━━━━━━━━━━━━━━━━━━━━━━━━━━━━━━━━━━━━ 566.4/566.4 kB 12.2 MB/s eta 0:00:00
   ━━━━━━━━━━━━━━━━━━━━━━━━━━━━━━━━━━━━━━━━ 12.0/12.0 MB 98.1 MB/s eta 0:00:00
$ /usr/bin/python3 -m pip install -q bitsandbytes>=0.43.0
   ━━━━━━━━━━━━━━━━━━━━━━━━━━━━━━━━━━━━━━━━ 60.7/60.7 MB 29.0 MB/s eta 0:00:00
[overlay] applied 5 file(s) to /kaggle/working/ace_rag_research_v13_analysis: ['ace_rag/context_quality.py', 'ace_rag/datasets.py', 'ace_rag/evidence_packer.py', 'ace_rag/generator.py', 'experiments/run_density_router.py']
[hf] no HF_TOKEN found; gated models (Llama) will be skipped
--- cross-family falcon3b (tiiuae/Falcon3-3B-Instruct) seed 42 ---
[skip] stage12_crossfamily_hotpotqa_falcon3b_budget160_limit500_seed42 already has metrics (published to GitHub by a prior run)
--- cross-family falcon3b (tiiuae/Falcon3-3B-Instruct) seed 13 ---
[skip] stage12_crossfamily_hotpotqa_falcon3b_budget160_limit500_seed13 already has metrics (published to GitHub by a prior run)
--- cross-family falcon3b (tiiuae/Falcon3-3B-Instruct) seed 7 ---
[skip] stage12_crossfamily_hotpotqa_falcon3b_budget160_limit500_seed7 already has metrics (published to GitHub by a prior run)
--- cross-family phi35mini (microsoft/Phi-3.5-mini-instruct) seed 42 ---
$ /usr/bin/python3 -m experiments.run_density_router --dataset hotpotqa --limit 500 --seed 42 --ace-retriever standard --top-k 5 --top-k-nodes 48 --max-expanded-docs 5 --embedder sentence-transformers --embedding-model BAAI/bge-small-en-v1.5 --embed-device cuda --compressor truncate --compress-dims 320 --reader-backend hf --reader-model microsoft/Phi-3.5-mini-instruct --reader-device cuda --reader-batch-size 2 --mmr-lambda 0.7 --budget 160 --out-dir /kaggle/working/colab_results/stage12_crossfamily_hotpotqa_phi35mini_budget160_limit500_seed42 --split validation

Generating train split:   0%|          | 0/90447 [00:00<?, ? examples/s]
Generating train split:   1%|          | 1000/90447 [00:00<00:24, 3708.59 examples/s]
Generating train split:  10%|▉         | 9000/90447 [00:00<00:03, 23603.90 examples/s]
Generating train split:  17%|█▋        | 15000/90447 [00:00<00:02, 29910.70 examples/s]
Generating train split:  21%|██        | 19000/90447 [00:00<00:02, 30421.67 examples/s]
Generating train split:  28%|██▊       | 25000/90447 [00:00<00:01, 35937.34 examples/s]
Generating train split:  33%|███▎      | 30000/90447 [00:00<00:01, 37025.99 examples/s]
Generating train split:  40%|███▉      | 36000/90447 [00:01<00:01, 38647.28 examples/s]
Generating train split:  44%|████▍     | 40000/90447 [00:01<00:01, 38734.64 examples/s]
Generating train split:  51%|█████     | 46224/90447 [00:01<00:01, 37170.13 examples/s]
Generating train split:  58%|█████▊    | 52224/90447 [00:01<00:00, 40299.99 examples/s]
Generating train split:  63%|██████▎   | 57224/90447 [00:01<00:00, 40165.54 examples/s]
Generating train split:  70%|██████▉   | 63224/90447 [00:01<00:00, 41272.46 examples/s]
Generating train split:  77%|███████▋  | 69224/90447 [00:01<00:00, 42726.10 examples/s]
Generating train split:  83%|████████▎ | 75224/90447 [00:02<00:00, 42783.69 examples/s]
Generating train split:  90%|████████▉ | 81224/90447 [00:02<00:00, 42043.40 examples/s]
Generating train split:  96%|█████████▋| 87224/90447 [00:02<00:00, 43398.09 examples/s]
Generating train split: 100%|██████████| 90447/90447 [00:02<00:00, 37872.76 examples/s]

Generating validation split:   0%|          | 0/7405 [00:00<?, ? examples/s]
Generating validation split:  54%|█████▍    | 4000/7405 [00:00<00:00, 33636.57 examples/s]
Generating validation split: 100%|██████████| 7405/7405 [00:00<00:00, 39497.10 examples/s]
hotpotqa[hf:validation:500]: 4933 docs, 500 questions, 2.00 gold docs/question
[density] retrieving chunk baseline
[chunk] fitting/indexing
[embed] encoding 4933 texts on device=cuda:0

Batches:   0%|          | 0/78 [00:00<?, ?it/s]
Batches:   1%|▏         | 1/78 [00:01<01:33,  1.22s/it]
Batches:   3%|▎         | 2/78 [00:01<00:55,  1.36it/s]
Batches:   4%|▍         | 3/78 [00:01<00:40,  1.84it/s]
Batches:   5%|▌         | 4/78 [00:02<00:35,  2.10it/s]
Batches:   6%|▋         | 5/78 [00:02<00:30,  2.43it/s]
Batches:   8%|▊         | 6/78 [00:02<00:26,  2.75it/s]
Batches:   9%|▉         | 7/78 [00:03<00:23,  2.97it/s]
Batches:  10%|█         | 8/78 [00:03<00:22,  3.13it/s]
Batches:  12%|█▏        | 9/78 [00:03<00:21,  3.24it/s]
Batches:  13%|█▎        | 10/78 [00:03<00:19,  3.48it/s]
Batches:  14%|█▍        | 11/78 [00:04<00:18,  3.69it/s]
Batches:  15%|█▌        | 12/78 [00:04<00:17,  3.87it/s]
Batches:  17%|█▋        | 13/78 [00:04<00:16,  4.05it/s]
Batches:  18%|█▊        | 14/78 [00:04<00:15,  4.14it/s]
Batches:  19%|█▉        | 15/78 [00:05<00:14,  4.32it/s]
Batches:  21%|██        | 16/78 [00:05<00:13,  4.46it/s]
Batches:  22%|██▏       | 17/78 [00:05<00:13,  4.49it/s]
Batches:  23%|██▎       | 18/78 [00:05<00:13,  4.60it/s]
Batches:  24%|██▍       | 19/78 [00:05<00:12,  4.87it/s]
Batches:  26%|██▌       | 20/78 [00:06<00:11,  5.13it/s]
Batches:  27%|██▋       | 21/78 [00:06<00:11,  5.02it/s]
Batches:  28%|██▊       | 22/78 [00:06<00:10,  5.14it/s]
Batches:  29%|██▉       | 23/78 [00:06<00:10,  5.06it/s]
Batches:  31%|███       | 24/78 [00:06<00:09,  5.44it/s]
Batches:  32%|███▏      | 25/78 [00:06<00:09,  5.43it/s]
Batches:  33%|███▎      | 26/78 [00:07<00:09,  5.60it/s]
Batches:  35%|███▍      | 27/78 [00:07<00:09,  5.66it/s]
Batches:  36%|███▌      | 28/78 [00:07<00:08,  5.72it/s]
Batches:  37%|███▋      | 29/78 [00:07<00:08,  5.80it/s]
Batches:  38%|███▊      | 30/78 [00:07<00:08,  5.72it/s]
Batches:  40%|███▉      | 31/78 [00:08<00:07,  5.93it/s]
Batches:  41%|████      | 32/78 [00:08<00:07,  5.96it/s]
Batches:  42%|████▏     | 33/78 [00:08<00:07,  6.02it/s]
Batches:  44%|████▎     | 34/78 [00:08<00:07,  5.95it/s]
Batches:  45%|████▍     | 35/78 [00:08<00:06,  6.15it/s]
Batches:  46%|████▌     | 36/78 [00:08<00:06,  6.29it/s]
Batches:  47%|████▋     | 37/78 [00:08<00:06,  6.13it/s]
Batches:  49%|████▊     | 38/78 [00:09<00:06,  6.43it/s]
Batches:  50%|█████     | 39/78 [00:09<00:05,  6.80it/s]
Batches:  51%|█████▏    | 40/78 [00:09<00:05,  6.88it/s]
Batches:  53%|█████▎    | 41/78 [00:09<00:05,  7.27it/s]
Batches:  54%|█████▍    | 42/78 [00:09<00:04,  7.28it/s]
Batches:  55%|█████▌    | 43/78 [00:09<00:04,  7.20it/s]
Batches:  56%|█████▋    | 44/78 [00:09<00:04,  7.07it/s]
Batches:  58%|█████▊    | 45/78 [00:10<00:04,  7.29it/s]
Batches:  59%|█████▉    | 46/78 [00:10<00:04,  7.66it/s]
Batches:  60%|██████    | 47/78 [00:10<00:03,  8.03it/s]
Batches:  62%|██████▏   | 48/78 [00:10<00:03,  7.95it/s]
Batches:  63%|██████▎   | 49/78 [00:10<00:03,  8.28it/s]
Batches:  64%|██████▍   | 50/78 [00:10<00:03,  8.60it/s]
Batches:  65%|██████▌   | 51/78 [00:10<00:03,  8.85it/s]
Batches:  67%|██████▋   | 52/78 [00:10<00:02,  8.89it/s]
Batches:  68%|██████▊   | 53/78 [00:10<00:02,  9.01it/s]
Batches:  69%|██████▉   | 54/78 [00:11<00:02,  9.04it/s]
Batches:  71%|███████   | 55/78 [00:11<00:02,  9.30it/s]
Batches:  73%|███████▎  | 57/78 [00:11<00:02,  9.30it/s]
Batches:  76%|███████▌  | 59/78 [00:11<00:01,  9.81it/s]
Batches:  78%|███████▊  | 61/78 [00:11<00:01, 10.16it/s]
Batches:  81%|████████  | 63/78 [00:11<00:01, 10.54it/s]
Batches:  83%|████████▎ | 65/78 [00:12<00:01, 10.87it/s]
Batches:  86%|████████▌ | 67/78 [00:12<00:00, 11.47it/s]
Batches:  88%|████████▊ | 69/78 [00:12<00:00, 11.67it/s]
Batches:  91%|█████████ | 71/78 [00:12<00:00, 12.60it/s]
Batches:  94%|█████████▎| 73/78 [00:12<00:00, 13.47it/s]
Batches:  96%|█████████▌| 75/78 [00:12<00:00, 14.82it/s]
Batches: 100%|██████████| 78/78 [00:12<00:00, 17.88it/s]
Batches: 100%|██████████| 78/78 [00:12<00:00,  6.05it/s]
[chunk] retrieving
[embed] encoding 500 texts on device=cuda:0

Batches:   0%|          | 0/8 [00:00<?, ?it/s]
Batches:  38%|███▊      | 3/8 [00:00<00:00, 27.96it/s]
Batches:  88%|████████▊ | 7/8 [00:00<00:00, 33.88it/s]
Batches: 100%|██████████| 8/8 [00:00<00:00, 34.73it/s]
[density] retrieving ACE graph
[ace] building evidence graph
[ace] graph built: nodes=49827 edges=76647
[ace] fitting/indexing embeddings
[embed] encoding 44894 texts on device=cuda:0

Batches:   0%|          | 0/702 [00:00<?, ?it/s]
Batches:   0%|          | 1/702 [00:00<05:44,  2.04it/s]
Batches:   0%|          | 2/702 [00:00<03:23,  3.43it/s]
Batches:   0%|          | 3/702 [00:00<02:24,  4.82it/s]
Batches:   1%|          | 4/702 [00:00<01:55,  6.02it/s]
Batches:   1%|          | 6/702 [00:01<01:30,  7.72it/s]
Batches:   1%|          | 8/702 [00:01<01:18,  8.85it/s]
Batches:   1%|▏         | 10/702 [00:01<01:14,  9.29it/s]
Batches:   2%|▏         | 12/702 [00:01<01:12,  9.56it/s]
Batches:   2%|▏         | 14/702 [00:01<01:08, 10.05it/s]
Batches:   2%|▏         | 16/702 [00:01<01:05, 10.53it/s]
Batches:   3%|▎         | 18/702 [00:02<01:00, 11.28it/s]
Batches:   3%|▎         | 20/702 [00:02<00:58, 11.67it/s]
Batches:   3%|▎         | 22/702 [00:02<00:55, 12.34it/s]
Batches:   3%|▎         | 24/702 [00:02<00:53, 12.61it/s]
Batches:   4%|▎         | 26/702 [00:02<00:52, 12.84it/s]
Batches:   4%|▍         | 28/702 [00:02<00:53, 12.50it/s]
Batches:   4%|▍         | 30/702 [00:03<00:50, 13.25it/s]
Batches:   5%|▍         | 32/702 [00:03<00:50, 13.38it/s]
Batches:   5%|▍         | 34/702 [00:03<00:50, 13.17it/s]
Batches:   5%|▌         | 36/702 [00:03<00:49, 13.39it/s]
Batches:   5%|▌         | 38/702 [00:03<00:47, 13.93it/s]
Batches:   6%|▌         | 40/702 [00:03<00:47, 13.99it/s]
Batches:   6%|▌         | 42/702 [00:03<00:46, 14.26it/s]
Batches:   6%|▋         | 44/702 [00:03<00:43, 15.15it/s]
Batches:   7%|▋         | 46/702 [00:04<00:43, 15.14it/s]
Batches:   7%|▋         | 48/702 [00:04<00:41, 15.92it/s]
Batches:   7%|▋         | 50/702 [00:04<00:41, 15.79it/s]
Batches:   7%|▋         | 52/702 [00:04<00:39, 16.30it/s]
Batches:   8%|▊         | 54/702 [00:04<00:38, 16.67it/s]
Batches:   8%|▊         | 56/702 [00:04<00:38, 16.98it/s]
Batches:   8%|▊         | 58/702 [00:04<00:38, 16.94it/s]
Batches:   9%|▊         | 60/702 [00:04<00:37, 17.01it/s]
Batches:   9%|▉         | 62/702 [00:05<00:36, 17.65it/s]
Batches:   9%|▉         | 64/702 [00:05<00:36, 17.69it/s]
Batches:  10%|▉         | 67/702 [00:05<00:34, 18.52it/s]
Batches:  10%|▉         | 69/702 [00:05<00:33, 18.73it/s]
Batches:  10%|█         | 71/702 [00:05<00:33, 19.00it/s]
Batches:  11%|█         | 74/702 [00:05<00:32, 19.41it/s]
Batches:  11%|█         | 76/702 [00:05<00:33, 18.77it/s]
Batches:  11%|█         | 78/702 [00:05<00:34, 18.11it/s]
Batches:  11%|█▏        | 80/702 [00:06<00:35, 17.75it/s]
Batches:  12%|█▏        | 83/702 [00:06<00:33, 18.34it/s]
Batches:  12%|█▏        | 86/702 [00:06<00:31, 19.42it/s]
Batches:  13%|█▎        | 89/702 [00:06<00:31, 19.76it/s]
Batches:  13%|█▎        | 91/702 [00:06<00:31, 19.51it/s]
Batches:  13%|█▎        | 94/702 [00:06<00:30, 19.88it/s]
Batches:  14%|█▎        | 96/702 [00:06<00:31, 19.17it/s]
Batches:  14%|█▍        | 99/702 [00:06<00:30, 19.88it/s]
Batches:  15%|█▍        | 102/702 [00:07<00:29, 20.39it/s]
Batches:  15%|█▍        | 105/702 [00:07<00:28, 20.91it/s]
Batches:  15%|█▌        | 108/702 [00:07<00:28, 20.66it/s]
Batches:  16%|█▌        | 111/702 [00:07<00:27, 21.24it/s]
Batches:  16%|█▌        | 114/702 [00:07<00:27, 21.05it/s]
Batches:  17%|█▋        | 117/702 [00:07<00:27, 21.20it/s]
Batches:  17%|█▋        | 120/702 [00:07<00:26, 21.58it/s]
Batches:  18%|█▊        | 123/702 [00:08<00:26, 21.99it/s]
Batches:  18%|█▊        | 126/702 [00:08<00:26, 22.09it/s]
Batches:  18%|█▊        | 129/702 [00:08<00:25, 22.61it/s]
Batches:  19%|█▉        | 132/702 [00:08<00:24, 23.33it/s]
Batches:  19%|█▉        | 135/702 [00:08<00:24, 23.34it/s]
Batches:  20%|█▉        | 138/702 [00:08<00:23, 23.85it/s]
Batches:  20%|██        | 141/702 [00:08<00:23, 23.48it/s]
Batches:  21%|██        | 144/702 [00:08<00:24, 23.07it/s]
Batches:  21%|██        | 147/702 [00:09<00:24, 22.98it/s]
Batches:  21%|██▏       | 150/702 [00:09<00:23, 23.32it/s]
Batches:  22%|██▏       | 153/702 [00:09<00:23, 23.73it/s]
Batches:  22%|██▏       | 156/702 [00:09<00:22, 24.05it/s]
Batches:  23%|██▎       | 159/702 [00:09<00:22, 24.19it/s]
Batches:  23%|██▎       | 162/702 [00:09<00:21, 25.44it/s]
Batches:  24%|██▎       | 165/702 [00:09<00:20, 26.01it/s]
Batches:  24%|██▍       | 168/702 [00:09<00:20, 25.87it/s]
Batches:  24%|██▍       | 171/702 [00:10<00:20, 26.04it/s]
Batches:  25%|██▍       | 174/702 [00:10<00:20, 25.77it/s]
Batches:  25%|██▌       | 177/702 [00:10<00:20, 26.16it/s]
Batches:  26%|██▌       | 180/702 [00:10<00:19, 26.35it/s]
Batches:  26%|██▌       | 183/702 [00:10<00:19, 26.43it/s]
Batches:  26%|██▋       | 186/702 [00:10<00:19, 26.85it/s]
Batches:  27%|██▋       | 189/702 [00:10<00:18, 27.63it/s]
Batches:  27%|██▋       | 192/702 [00:10<00:18, 27.05it/s]
Batches:  28%|██▊       | 195/702 [00:10<00:18, 27.39it/s]
Batches:  28%|██▊       | 198/702 [00:11<00:18, 27.80it/s]
Batches:  29%|██▊       | 201/702 [00:11<00:18, 27.14it/s]
Batches:  29%|██▉       | 204/702 [00:11<00:18, 27.15it/s]
Batches:  30%|██▉       | 208/702 [00:11<00:17, 28.45it/s]
Batches:  30%|███       | 211/702 [00:11<00:17, 27.87it/s]
Batches:  30%|███       | 214/702 [00:11<00:17, 27.65it/s]
Batches:  31%|███       | 217/702 [00:11<00:17, 27.60it/s]
Batches:  31%|███▏      | 220/702 [00:11<00:17, 28.22it/s]
Batches:  32%|███▏      | 224/702 [00:11<00:16, 28.96it/s]
Batches:  32%|███▏      | 227/702 [00:12<00:16, 28.88it/s]
Batches:  33%|███▎      | 231/702 [00:12<00:15, 29.70it/s]
Batches:  33%|███▎      | 235/702 [00:12<00:15, 30.11it/s]
Batches:  34%|███▍      | 239/702 [00:12<00:15, 30.80it/s]
Batches:  35%|███▍      | 243/702 [00:12<00:14, 31.16it/s]
Batches:  35%|███▌      | 247/702 [00:12<00:14, 32.16it/s]
Batches:  36%|███▌      | 251/702 [00:12<00:14, 31.31it/s]
Batches:  36%|███▋      | 255/702 [00:12<00:13, 31.99it/s]
Batches:  37%|███▋      | 259/702 [00:13<00:13, 33.38it/s]
Batches:  37%|███▋      | 263/702 [00:13<00:13, 33.23it/s]
Batches:  38%|███▊      | 267/702 [00:13<00:12, 33.55it/s]
Batches:  39%|███▊      | 271/702 [00:13<00:13, 32.38it/s]
Batches:  39%|███▉      | 275/702 [00:13<00:12, 33.81it/s]
Batches:  40%|███▉      | 279/702 [00:13<00:12, 34.76it/s]
Batches:  40%|████      | 284/702 [00:13<00:11, 36.02it/s]
Batches:  41%|████      | 288/702 [00:13<00:11, 36.58it/s]
Batches:  42%|████▏     | 292/702 [00:13<00:11, 37.03it/s]
Batches:  42%|████▏     | 297/702 [00:14<00:10, 38.90it/s]
Batches:  43%|████▎     | 302/702 [00:14<00:09, 40.99it/s]
Batches:  44%|████▎     | 307/702 [00:14<00:09, 42.37it/s]
Batches:  44%|████▍     | 312/702 [00:14<00:08, 44.31it/s]
Batches:  45%|████▌     | 317/702 [00:14<00:08, 45.77it/s]
Batches:  46%|████▌     | 323/702 [00:14<00:07, 47.66it/s]
Batches:  47%|████▋     | 329/702 [00:14<00:07, 49.58it/s]
Batches:  48%|████▊     | 335/702 [00:14<00:06, 52.47it/s]
Batches:  49%|████▊     | 342/702 [00:14<00:06, 56.52it/s]
Batches:  50%|████▉     | 350/702 [00:15<00:05, 60.53it/s]
Batches:  51%|█████     | 358/702 [00:15<00:05, 64.80it/s]
Batches:  52%|█████▏    | 366/702 [00:15<00:04, 68.12it/s]
Batches:  53%|█████▎    | 374/702 [00:15<00:04, 71.24it/s]
Batches:  55%|█████▍    | 383/702 [00:15<00:04, 74.30it/s]
Batches:  56%|█████▌    | 391/702 [00:15<00:04, 74.92it/s]
Batches:  57%|█████▋    | 399/702 [00:15<00:03, 76.26it/s]
Batches:  58%|█████▊    | 408/702 [00:15<00:03, 78.10it/s]
Batches:  59%|█████▉    | 417/702 [00:15<00:03, 80.69it/s]
Batches:  61%|██████    | 426/702 [00:15<00:03, 81.22it/s]
Batches:  62%|██████▏   | 435/702 [00:16<00:03, 81.60it/s]
Batches:  63%|██████▎   | 444/702 [00:16<00:03, 83.59it/s]
Batches:  65%|██████▍   | 453/702 [00:16<00:02, 84.41it/s]
Batches:  66%|██████▌   | 462/702 [00:16<00:02, 84.57it/s]
Batches:  67%|██████▋   | 471/702 [00:16<00:02, 85.14it/s]
Batches:  68%|██████▊   | 480/702 [00:16<00:02, 85.03it/s]
Batches:  70%|██████▉   | 490/702 [00:16<00:02, 86.82it/s]
Batches:  71%|███████   | 499/702 [00:16<00:02, 87.42it/s]
Batches:  73%|███████▎  | 509/702 [00:16<00:02, 88.47it/s]
Batches:  74%|███████▍  | 518/702 [00:17<00:02, 88.76it/s]
Batches:  75%|███████▌  | 528/702 [00:17<00:01, 90.39it/s]
Batches:  77%|███████▋  | 538/702 [00:17<00:01, 92.04it/s]
Batches:  78%|███████▊  | 548/702 [00:17<00:01, 93.20it/s]
Batches:  79%|███████▉  | 558/702 [00:17<00:01, 92.90it/s]
Batches:  81%|████████  | 568/702 [00:17<00:01, 93.08it/s]
Batches:  82%|████████▏ | 578/702 [00:17<00:01, 93.19it/s]
Batches:  84%|████████▍ | 588/702 [00:17<00:01, 91.45it/s]
Batches:  85%|████████▌ | 598/702 [00:17<00:01, 89.90it/s]
Batches:  87%|████████▋ | 608/702 [00:18<00:01, 86.40it/s]
Batches:  88%|████████▊ | 617/702 [00:18<00:01, 84.85it/s]
Batches:  89%|████████▉ | 626/702 [00:18<00:00, 84.00it/s]
Batches:  90%|█████████ | 635/702 [00:18<00:00, 83.83it/s]
Batches:  92%|█████████▏| 644/702 [00:18<00:00, 83.36it/s]
Batches:  93%|█████████▎| 653/702 [00:18<00:00, 82.73it/s]
Batches:  94%|█████████▍| 662/702 [00:18<00:00, 81.99it/s]
Batches:  96%|█████████▌| 671/702 [00:18<00:00, 79.24it/s]
Batches:  97%|█████████▋| 679/702 [00:18<00:00, 79.30it/s]
Batches:  98%|█████████▊| 687/702 [00:19<00:00, 74.90it/s]
Batches:  99%|█████████▉| 695/702 [00:19<00:00, 75.89it/s]
Batches: 100%|██████████| 702/702 [00:19<00:00, 36.53it/s]
[ace] retrieving
[embed] encoding 500 texts on device=cuda:0

Batches:   0%|          | 0/8 [00:00<?, ?it/s]
Batches:  38%|███▊      | 3/8 [00:00<00:00, 27.70it/s]
Batches:  88%|████████▊ | 7/8 [00:00<00:00, 33.08it/s]
Batches: 100%|██████████| 8/8 [00:00<00:00, 34.05it/s]
[density] loading reader once
A new version of the following files was downloaded from https://huggingface.co/microsoft/Phi-3.5-mini-instruct:
- configuration_phi3.py
. Make sure to double-check they do not contain any added malicious code. To avoid downloading new versions of the code file, you can pin a revision.
`torch_dtype` is deprecated! Use `dtype` instead!
A new version of the following files was downloaded from https://huggingface.co/microsoft/Phi-3.5-mini-instruct:
- modeling_phi3.py
. Make sure to double-check they do not contain any added malicious code. To avoid downloading new versions of the code file, you can pin a revision.
WARNING:transformers_modules.microsoft.Phi_hyphen_3_dot_5_hyphen_mini_hyphen_instruct.2fe192450127e6a83f7441aef6e3ca586c338b77.modeling_phi3:`flash-attention` package not found, consider installing for better performance: No module named 'flash_attn'.
WARNING:transformers_modules.microsoft.Phi_hyphen_3_dot_5_hyphen_mini_hyphen_instruct.2fe192450127e6a83f7441aef6e3ca586c338b77.modeling_phi3:Current `flash-attention` does not support `window_size`. Either upgrade or use `attn_implementation='eager'`.

Fetching 2 files:   0%|          | 0/2 [00:00<?, ?it/s]
Fetching 2 files:  50%|█████     | 1/2 [00:28<00:28, 28.97s/it]
Fetching 2 files: 100%|██████████| 2/2 [00:28<00:00, 14.48s/it]

Loading checkpoint shards:   0%|          | 0/2 [00:00<?, ?it/s]
Loading checkpoint shards:  50%|█████     | 1/2 [00:03<00:03,  3.52s/it]
Loading checkpoint shards: 100%|██████████| 2/2 [00:05<00:00,  2.67s/it]
Loading checkpoint shards: 100%|██████████| 2/2 [00:05<00:00,  2.80s/it]
[reader] loaded microsoft/Phi-3.5-mini-instruct (device_map=None, 4bit=False) entry=cuda:0
[density] materializing policy=chunk_packed_160
[density] generating policy=chunk_packed_160
WARNING:transformers_modules.microsoft.Phi_hyphen_3_dot_5_hyphen_mini_hyphen_instruct.2fe192450127e6a83f7441aef6e3ca586c338b77.modeling_phi3:You are not running the flash-attention implementation, expect numerical differences.
[reader] generated 2/500
[reader] generated 4/500
[reader] generated 6/500
[reader] generated 8/500
[reader] generated 10/500
[reader] generated 12/500
[reader] generated 14/500
[reader] generated 16/500
[reader] generated 18/500
[reader] generated 20/500
[reader] generated 22/500
[reader] generated 24/500
[reader] generated 26/500
[reader] generated 28/500
[reader] generated 30/500
[reader] generated 32/500
[reader] generated 34/500
[reader] generated 36/500
[reader] generated 38/500
[reader] generated 40/500
[reader] generated 42/500
[reader] generated 44/500
[reader] generated 46/500
[reader] generated 48/500
[reader] generated 50/500
[reader] generated 52/500
[reader] generated 54/500
[reader] generated 56/500
[reader] generated 58/500
[reader] generated 60/500
[reader] generated 62/500
[reader] generated 64/500
[reader] generated 66/500
[reader] generated 68/500
[reader] generated 70/500
[reader] generated 72/500
[reader] generated 74/500
[reader] generated 76/500
[reader] generated 78/500
[reader] generated 80/500
[reader] generated 82/500
[reader] generated 84/500
[reader] generated 86/500
[reader] generated 88/500
[reader] generated 90/500
[reader] generated 92/500
[reader] generated 94/500
[reader] generated 96/500
[reader] generated 98/500
[reader] generated 100/500
[reader] generated 102/500
[reader] generated 104/500
[reader] generated 106/500
[reader] generated 108/500
[reader] generated 110/500
[reader] generated 112/500
[reader] generated 114/500
[reader] generated 116/500
[reader] generated 118/500
[reader] generated 120/500
[reader] generated 122/500
[reader] generated 124/500
[reader] generated 126/500
[reader] generated 128/500
[reader] generated 130/500
[reader] generated 132/500
[reader] generated 134/500
[reader] generated 136/500
[reader] generated 138/500
[reader] generated 140/500
[reader] generated 142/500
[reader] generated 144/500
[reader] generated 146/500
[reader] generated 148/500
[reader] generated 150/500
[reader] generated 152/500
[reader] generated 154/500
[reader] generated 156/500
[reader] generated 158/500
[reader] generated 160/500
[reader] generated 162/500
[reader] generated 164/500
[reader] generated 166/500
[reader] generated 168/500
[reader] generated 170/500
[reader] generated 172/500
[reader] generated 174/500
[reader] generated 176/500
[reader] generated 178/500
[reader] generated 180/500
[reader] generated 182/500
[reader] generated 184/500
[reader] generated 186/500
[reader] generated 188/500
[reader] generated 190/500
[reader] generated 192/500
[reader] generated 194/500
[reader] generated 196/500
[reader] generated 198/500
[reader] generated 200/500
[reader] generated 202/500
[reader] generated 204/500
[reader] generated 206/500
[reader] generated 208/500
[reader] generated 210/500
[reader] generated 212/500
[reader] generated 214/500
[reader] generated 216/500
[reader] generated 218/500
[reader] generated 220/500
[reader] generated 222/500
[reader] generated 224/500
[reader] generated 226/500
[reader] generated 228/500
[reader] generated 230/500
[reader] generated 232/500
[reader] generated 234/500
[reader] generated 236/500
[reader] generated 238/500
[reader] generated 240/500
[reader] generated 242/500
[reader] generated 244/500
[reader] generated 246/500
[reader] generated 248/500
[reader] generated 250/500
[reader] generated 252/500
[reader] generated 254/500
[reader] generated 256/500
[reader] generated 258/500
[reader] generated 260/500
[reader] generated 262/500
[reader] generated 264/500
[reader] generated 266/500
[reader] generated 268/500
[reader] generated 270/500
[reader] generated 272/500
[reader] generated 274/500
[reader] generated 276/500
[reader] generated 278/500
[reader] generated 280/500
[reader] generated 282/500
[reader] generated 284/500
[reader] generated 286/500
[reader] generated 288/500
[reader] generated 290/500
[reader] generated 292/500
[reader] generated 294/500
[reader] generated 296/500
[reader] generated 298/500
[reader] generated 300/500
[reader] generated 302/500
[reader] generated 304/500
[reader] generated 306/500
[reader] generated 308/500
[reader] generated 310/500
[reader] generated 312/500
[reader] generated 314/500
[reader] generated 316/500
[reader] generated 318/500
[reader] generated 320/500
[reader] generated 322/500
[reader] generated 324/500
[reader] generated 326/500
[reader] generated 328/500
[reader] generated 330/500
[reader] generated 332/500
[reader] generated 334/500
[reader] generated 336/500
[reader] generated 338/500
[reader] generated 340/500
[reader] generated 342/500
[reader] generated 344/500
[reader] generated 346/500
[reader] generated 348/500
[reader] generated 350/500
[reader] generated 352/500
[reader] generated 354/500
[reader] generated 356/500
[reader] generated 358/500
[reader] generated 360/500
[reader] generated 362/500
[reader] generated 364/500
[reader] generated 366/500
[reader] generated 368/500
[reader] generated 370/500
[reader] generated 372/500
[reader] generated 374/500
[reader] generated 376/500
[reader] generated 378/500
[reader] generated 380/500
[reader] generated 382/500
[reader] generated 384/500
[reader] generated 386/500
[reader] generated 388/500
[reader] generated 390/500
[reader] generated 392/500
[reader] generated 394/500
[reader] generated 396/500
[reader] generated 398/500
[reader] generated 400/500
[reader] generated 402/500
[reader] generated 404/500
[reader] generated 406/500
[reader] generated 408/500
[reader] generated 410/500
[reader] generated 412/500
[reader] generated 414/500
[reader] generated 416/500
[reader] generated 418/500
[reader] generated 420/500
[reader] generated 422/500
[reader] generated 424/500
[reader] generated 426/500
[reader] generated 428/500
[reader] generated 430/500
[reader] generated 432/500
[reader] generated 434/500
[reader] generated 436/500
[reader] generated 438/500
[reader] generated 440/500
[reader] generated 442/500
[reader] generated 444/500
[reader] generated 446/500
[reader] generated 448/500
[reader] generated 450/500
[reader] generated 452/500
[reader] generated 454/500
[reader] generated 456/500
[reader] generated 458/500
[reader] generated 460/500
[reader] generated 462/500
[reader] generated 464/500
[reader] generated 466/500
[reader] generated 468/500
[reader] generated 470/500
[reader] generated 472/500
[reader] generated 474/500
[reader] generated 476/500
[reader] generated 478/500
[reader] generated 480/500
[reader] generated 482/500
[reader] generated 484/500
[reader] generated 486/500
[reader] generated 488/500
[reader] generated 490/500
[reader] generated 492/500
[reader] generated 494/500
[reader] generated 496/500
[reader] generated 498/500
[reader] generated 500/500
[density] policy=chunk_packed_160, router_type=fixed, representation=chunk, packer=packed, reader_model=microsoft/Phi-3.5-mini-instruct, packed_token_budget=160, recall@1=0.438, all_gold@1=0.0, recall@2=0.723, all_gold@2=0.498, recall@5=0.874, all_gold@5=0.758, qwen_em=0.23, qwen_f1=0.3974, avg_reader_evidence_tokens=151.31, mean_ans_in_context=0.59, mean_ans_in_context_soft=0.6674, mean_gold_token_density=0.4001, mean_gold_doc_reader_cov=0.685, mean_all_gold_reader=0.448, mean_distractor_docs=2.006, mean_context_tokens=151.314, mean_n_snippets=3.484
[density] materializing policy=chunk_focused_160
[density] generating policy=chunk_focused_160
[reader] generated 2/500
[reader] generated 4/500
[reader] generated 6/500
[reader] generated 8/500
[reader] generated 10/500
[reader] generated 12/500
[reader] generated 14/500
[reader] generated 16/500
[reader] generated 18/500
[reader] generated 20/500
[reader] generated 22/500
[reader] generated 24/500
[reader] generated 26/500
[reader] generated 28/500
[reader] generated 30/500
[reader] generated 32/500
[reader] generated 34/500
[reader] generated 36/500
[reader] generated 38/500
[reader] generated 40/500
[reader] generated 42/500
[reader] generated 44/500
[reader] generated 46/500
[reader] generated 48/500
[reader] generated 50/500
[reader] generated 52/500
[reader] generated 54/500
[reader] generated 56/500
[reader] generated 58/500
[reader] generated 60/500
[reader] generated 62/500
[reader] generated 64/500
[reader] generated 66/500
[reader] generated 68/500
[reader] generated 70/500
[reader] generated 72/500
[reader] generated 74/500
[reader] generated 76/500
[reader] generated 78/500
[reader] generated 80/500
[reader] generated 82/500
[reader] generated 84/500
[reader] generated 86/500
[reader] generated 88/500
[reader] generated 90/500
[reader] generated 92/500
[reader] generated 94/500
[reader] generated 96/500
[reader] generated 98/500
[reader] generated 100/500
[reader] generated 102/500
[reader] generated 104/500
[reader] generated 106/500
[reader] generated 108/500
[reader] generated 110/500
[reader] generated 112/500
[reader] generated 114/500
[reader] generated 116/500
[reader] generated 118/500
[reader] generated 120/500
[reader] generated 122/500
[reader] generated 124/500
[reader] generated 126/500
[reader] generated 128/500
[reader] generated 130/500
[reader] generated 132/500
[reader] generated 134/500
[reader] generated 136/500
[reader] generated 138/500
[reader] generated 140/500
[reader] generated 142/500
[reader] generated 144/500
[reader] generated 146/500
[reader] generated 148/500
[reader] generated 150/500
[reader] generated 152/500
[reader] generated 154/500
[reader] generated 156/500
[reader] generated 158/500
[reader] generated 160/500
[reader] generated 162/500
[reader] generated 164/500
[reader] generated 166/500
[reader] generated 168/500
[reader] generated 170/500
[reader] generated 172/500
[reader] generated 174/500
[reader] generated 176/500
[reader] generated 178/500
[reader] generated 180/500
[reader] generated 182/500
[reader] generated 184/500
[reader] generated 186/500
[reader] generated 188/500
[reader] generated 190/500
[reader] generated 192/500
[reader] generated 194/500
[reader] generated 196/500
[reader] generated 198/500
[reader] generated 200/500
[reader] generated 202/500
[reader] generated 204/500
[reader] generated 206/500
[reader] generated 208/500
[reader] generated 210/500
[reader] generated 212/500
[reader] generated 214/500
[reader] generated 216/500
[reader] generated 218/500
[reader] generated 220/500
[reader] generated 222/500
[reader] generated 224/500
[reader] generated 226/500
[reader] generated 228/500
[reader] generated 230/500
[reader] generated 232/500
[reader] generated 234/500
[reader] generated 236/500
[reader] generated 238/500
[reader] generated 240/500
[reader] generated 242/500
[reader] generated 244/500
[reader] generated 246/500
[reader] generated 248/500
[reader] generated 250/500
[reader] generated 252/500
[reader] generated 254/500
[reader] generated 256/500
[reader] generated 258/500
[reader] generated 260/500
[reader] generated 262/500
[reader] generated 264/500
[reader] generated 266/500
[reader] generated 268/500
[reader] generated 270/500
[reader] generated 272/500
[reader] generated 274/500
[reader] generated 276/500
[reader] generated 278/500
[reader] generated 280/500
[reader] generated 282/500
[reader] generated 284/500
[reader] generated 286/500
[reader] generated 288/500
[reader] generated 290/500
[reader] generated 292/500
[reader] generated 294/500
[reader] generated 296/500
[reader] generated 298/500
[reader] generated 300/500
[reader] generated 302/500
[reader] generated 304/500
[reader] generated 306/500
[reader] generated 308/500
[reader] generated 310/500
[reader] generated 312/500
[reader] generated 314/500
[reader] generated 316/500
[reader] generated 318/500
[reader] generated 320/500
[reader] generated 322/500
[reader] generated 324/500
[reader] generated 326/500
[reader] generated 328/500
[reader] generated 330/500
[reader] generated 332/500
[reader] generated 334/500
[reader] generated 336/500
[reader] generated 338/500
[reader] generated 340/500
[reader] generated 342/500
[reader] generated 344/500
[reader] generated 346/500
[reader] generated 348/500
[reader] generated 350/500
[reader] generated 352/500
[reader] generated 354/500
[reader] generated 356/500
[reader] generated 358/500
[reader] generated 360/500
[reader] generated 362/500
[reader] generated 364/500
[reader] generated 366/500
[reader] generated 368/500
[reader] generated 370/500
[reader] generated 372/500
[reader] generated 374/500
[reader] generated 376/500
[reader] generated 378/500
[reader] generated 380/500
[reader] generated 382/500
[reader] generated 384/500
[reader] generated 386/500
[reader] generated 388/500
[reader] generated 390/500
[reader] generated 392/500
[reader] generated 394/500
[reader] generated 396/500
[reader] generated 398/500
[reader] generated 400/500
[reader] generated 402/500
[reader] generated 404/500
[reader] generated 406/500
[reader] generated 408/500
[reader] generated 410/500
[reader] generated 412/500
[reader] generated 414/500
[reader] generated 416/500
[reader] generated 418/500
[reader] generated 420/500
[reader] generated 422/500
[reader] generated 424/500
[reader] generated 426/500
[reader] generated 428/500
[reader] generated 430/500
[reader] generated 432/500
[reader] generated 434/500
[reader] generated 436/500
[reader] generated 438/500
[reader] generated 440/500
[reader] generated 442/500
[reader] generated 444/500
[reader] generated 446/500
[reader] generated 448/500
[reader] generated 450/500
[reader] generated 452/500
[reader] generated 454/500
[reader] generated 456/500
[reader] generated 458/500
[reader] generated 460/500
[reader] generated 462/500
[reader] generated 464/500
[reader] generated 466/500
[reader] generated 468/500
[reader] generated 470/500
[reader] generated 472/500
[reader] generated 474/500
[reader] generated 476/500
[reader] generated 478/500
[reader] generated 480/500
[reader] generated 482/500
[reader] generated 484/500
[reader] generated 486/500
[reader] generated 488/500
[reader] generated 490/500
[reader] generated 492/500
[reader] generated 494/500
[reader] generated 496/500
[reader] generated 498/500
[reader] generated 500/500
[density] policy=chunk_focused_160, router_type=fixed, representation=chunk, packer=focused, reader_model=microsoft/Phi-3.5-mini-instruct, packed_token_budget=160, recall@1=0.438, all_gold@1=0.0, recall@2=0.723, all_gold@2=0.498, recall@5=0.874, all_gold@5=0.758, qwen_em=0.238, qwen_f1=0.4264, avg_reader_evidence_tokens=152.28, mean_ans_in_context=0.632, mean_ans_in_context_soft=0.7033, mean_gold_token_density=0.5094, mean_gold_doc_reader_cov=0.733, mean_all_gold_reader=0.512, mean_distractor_docs=1.596, mean_context_tokens=152.282, mean_n_snippets=3.318
[density] materializing policy=chunk_mmr_160
[density] generating policy=chunk_mmr_160
[reader] generated 2/500
[reader] generated 4/500
[reader] generated 6/500
[reader] generated 8/500
[reader] generated 10/500
[reader] generated 12/500
[reader] generated 14/500
[reader] generated 16/500
[reader] generated 18/500
[reader] generated 20/500
[reader] generated 22/500
[reader] generated 24/500
[reader] generated 26/500
[reader] generated 28/500
[reader] generated 30/500
[reader] generated 32/500
[reader] generated 34/500
[reader] generated 36/500
[reader] generated 38/500
[reader] generated 40/500
[reader] generated 42/500
[reader] generated 44/500
[reader] generated 46/500
[reader] generated 48/500
[reader] generated 50/500
[reader] generated 52/500
[reader] generated 54/500
[reader] generated 56/500
[reader] generated 58/500
[reader] generated 60/500
[reader] generated 62/500
[reader] generated 64/500
[reader] generated 66/500
[reader] generated 68/500
[reader] generated 70/500
[reader] generated 72/500
[reader] generated 74/500
[reader] generated 76/500
[reader] generated 78/500
[reader] generated 80/500
[reader] generated 82/500
[reader] generated 84/500
[reader] generated 86/500
[reader] generated 88/500
[reader] generated 90/500
[reader] generated 92/500
[reader] generated 94/500
[reader] generated 96/500
[reader] generated 98/500
[reader] generated 100/500
[reader] generated 102/500
[reader] generated 104/500
[reader] generated 106/500
[reader] generated 108/500
[reader] generated 110/500
[reader] generated 112/500
[reader] generated 114/500
[reader] generated 116/500
[reader] generated 118/500
[reader] generated 120/500
[reader] generated 122/500
[reader] generated 124/500
[reader] generated 126/500
[reader] generated 128/500
[reader] generated 130/500
[reader] generated 132/500
[reader] generated 134/500
[reader] generated 136/500
[reader] generated 138/500
[reader] generated 140/500
[reader] generated 142/500
[reader] generated 144/500
[reader] generated 146/500
[reader] generated 148/500
[reader] generated 150/500
[reader] generated 152/500
[reader] generated 154/500
[reader] generated 156/500
[reader] generated 158/500
[reader] generated 160/500
[reader] generated 162/500
[reader] generated 164/500
[reader] generated 166/500
[reader] generated 168/500
[reader] generated 170/500
[reader] generated 172/500
[reader] generated 174/500
[reader] generated 176/500
[reader] generated 178/500
[reader] generated 180/500
[reader] generated 182/500
[reader] generated 184/500
[reader] generated 186/500
[reader] generated 188/500
[reader] generated 190/500
[reader] generated 192/500
[reader] generated 194/500
[reader] generated 196/500
[reader] generated 198/500
[reader] generated 200/500
[reader] generated 202/500
[reader] generated 204/500
[reader] generated 206/500
[reader] generated 208/500
[reader] generated 210/500
[reader] generated 212/500
[reader] generated 214/500
[reader] generated 216/500
[reader] generated 218/500
[reader] generated 220/500
[reader] generated 222/500
[reader] generated 224/500
[reader] generated 226/500
[reader] generated 228/500
[reader] generated 230/500
[reader] generated 232/500
[reader] generated 234/500
[reader] generated 236/500
[reader] generated 238/500
[reader] generated 240/500
[reader] generated 242/500
[reader] generated 244/500
[reader] generated 246/500
[reader] generated 248/500
[reader] generated 250/500
[reader] generated 252/500
[reader] generated 254/500
[reader] generated 256/500
[reader] generated 258/500
[reader] generated 260/500
[reader] generated 262/500
[reader] generated 264/500
[reader] generated 266/500
[reader] generated 268/500
[reader] generated 270/500
[reader] generated 272/500
[reader] generated 274/500
[reader] generated 276/500
[reader] generated 278/500
[reader] generated 280/500
[reader] generated 282/500
[reader] generated 284/500
[reader] generated 286/500
[reader] generated 288/500
[reader] generated 290/500
[reader] generated 292/500
[reader] generated 294/500
[reader] generated 296/500
[reader] generated 298/500
[reader] generated 300/500
[reader] generated 302/500
[reader] generated 304/500
[reader] generated 306/500
[reader] generated 308/500
[reader] generated 310/500
[reader] generated 312/500
[reader] generated 314/500
[reader] generated 316/500
[reader] generated 318/500
[reader] generated 320/500
[reader] generated 322/500
[reader] generated 324/500
[reader] generated 326/500
[reader] generated 328/500
[reader] generated 330/500
[reader] generated 332/500
[reader] generated 334/500
[reader] generated 336/500
[reader] generated 338/500
[reader] generated 340/500
[reader] generated 342/500
[reader] generated 344/500
[reader] generated 346/500
[reader] generated 348/500
[reader] generated 350/500
[reader] generated 352/500
[reader] generated 354/500
[reader] generated 356/500
[reader] generated 358/500
[reader] generated 360/500
[reader] generated 362/500
[reader] generated 364/500
[reader] generated 366/500
[reader] generated 368/500
[reader] generated 370/500
[reader] generated 372/500
[reader] generated 374/500
[reader] generated 376/500
[reader] generated 378/500
[reader] generated 380/500
[reader] generated 382/500
[reader] generated 384/500
[reader] generated 386/500
[reader] generated 388/500
[reader] generated 390/500
[reader] generated 392/500
[reader] generated 394/500
[reader] generated 396/500
[reader] generated 398/500
[reader] generated 400/500
[reader] generated 402/500
[reader] generated 404/500
[reader] generated 406/500
[reader] generated 408/500
[reader] generated 410/500
[reader] generated 412/500
[reader] generated 414/500
[reader] generated 416/500
[reader] generated 418/500
[reader] generated 420/500
[reader] generated 422/500
[reader] generated 424/500
[reader] generated 426/500
[reader] generated 428/500
[reader] generated 430/500
[reader] generated 432/500
[reader] generated 434/500
[reader] generated 436/500
[reader] generated 438/500
[reader] generated 440/500
[reader] generated 442/500
[reader] generated 444/500
[reader] generated 446/500
[reader] generated 448/500
[reader] generated 450/500
[reader] generated 452/500
[reader] generated 454/500
[reader] generated 456/500
[reader] generated 458/500
[reader] generated 460/500
[reader] generated 462/500
[reader] generated 464/500
[reader] generated 466/500
[reader] generated 468/500
[reader] generated 470/500
[reader] generated 472/500
[reader] generated 474/500
[reader] generated 476/500
[reader] generated 478/500
[reader] generated 480/500
[reader] generated 482/500
[reader] generated 484/500
[reader] generated 486/500
[reader] generated 488/500
[reader] generated 490/500
[reader] generated 492/500
[reader] generated 494/500
[reader] generated 496/500
[reader] generated 498/500
[reader] generated 500/500
[density] policy=chunk_mmr_160, router_type=fixed, representation=chunk, packer=mmr, reader_model=microsoft/Phi-3.5-mini-instruct, packed_token_budget=160, recall@1=0.438, all_gold@1=0.0, recall@2=0.723, all_gold@2=0.498, recall@5=0.874, all_gold@5=0.758, qwen_em=0.212, qwen_f1=0.3966, avg_reader_evidence_tokens=151.87, mean_ans_in_context=0.592, mean_ans_in_context_soft=0.6685, mean_gold_token_density=0.4927, mean_gold_doc_reader_cov=0.68, mean_all_gold_reader=0.418, mean_distractor_docs=1.57, mean_context_tokens=151.874, mean_n_snippets=3.354
[density] materializing policy=chunk_submod_160
[density] generating policy=chunk_submod_160
[reader] generated 2/500
[reader] generated 4/500
[reader] generated 6/500
[reader] generated 8/500
[reader] generated 10/500
[reader] generated 12/500
[reader] generated 14/500
[reader] generated 16/500
[reader] generated 18/500
[reader] generated 20/500
[reader] generated 22/500
[reader] generated 24/500
[reader] generated 26/500
[reader] generated 28/500
[reader] generated 30/500
[reader] generated 32/500
[reader] generated 34/500
[reader] generated 36/500
[reader] generated 38/500
[reader] generated 40/500
[reader] generated 42/500
[reader] generated 44/500
[reader] generated 46/500
[reader] generated 48/500
[reader] generated 50/500
[reader] generated 52/500
[reader] generated 54/500
[reader] generated 56/500
[reader] generated 58/500
[reader] generated 60/500
[reader] generated 62/500
[reader] generated 64/500
[reader] generated 66/500
[reader] generated 68/500
[reader] generated 70/500
[reader] generated 72/500
[reader] generated 74/500
[reader] generated 76/500
[reader] generated 78/500
[reader] generated 80/500
[reader] generated 82/500
[reader] generated 84/500
[reader] generated 86/500
[reader] generated 88/500
[reader] generated 90/500
[reader] generated 92/500
[reader] generated 94/500
[reader] generated 96/500
[reader] generated 98/500
[reader] generated 100/500
[reader] generated 102/500
[reader] generated 104/500
[reader] generated 106/500
[reader] generated 108/500
[reader] generated 110/500
[reader] generated 112/500
[reader] generated 114/500
[reader] generated 116/500
[reader] generated 118/500
[reader] generated 120/500
[reader] generated 122/500
[reader] generated 124/500
[reader] generated 126/500
[reader] generated 128/500
[reader] generated 130/500
[reader] generated 132/500
[reader] generated 134/500
[reader] generated 136/500
[reader] generated 138/500
[reader] generated 140/500
[reader] generated 142/500
[reader] generated 144/500
[reader] generated 146/500
[reader] generated 148/500
[reader] generated 150/500
[reader] generated 152/500
[reader] generated 154/500
[reader] generated 156/500
[reader] generated 158/500
[reader] generated 160/500
[reader] generated 162/500
[reader] generated 164/500
[reader] generated 166/500
[reader] generated 168/500
[reader] generated 170/500
[reader] generated 172/500
[reader] generated 174/500
[reader] generated 176/500
[reader] generated 178/500
[reader] generated 180/500
[reader] generated 182/500
[reader] generated 184/500
[reader] generated 186/500
[reader] generated 188/500
[reader] generated 190/500
[reader] generated 192/500
[reader] generated 194/500
[reader] generated 196/500
[reader] generated 198/500
[reader] generated 200/500
[reader] generated 202/500
[reader] generated 204/500
[reader] generated 206/500
[reader] generated 208/500
[reader] generated 210/500
[reader] generated 212/500
[reader] generated 214/500
[reader] generated 216/500
[reader] generated 218/500
[reader] generated 220/500
[reader] generated 222/500
[reader] generated 224/500
[reader] generated 226/500
[reader] generated 228/500
[reader] generated 230/500
[reader] generated 232/500
[reader] generated 234/500
[reader] generated 236/500
[reader] generated 238/500
[reader] generated 240/500
[reader] generated 242/500
[reader] generated 244/500
[reader] generated 246/500
[reader] generated 248/500
[reader] generated 250/500
[reader] generated 252/500
[reader] generated 254/500
[reader] generated 256/500
[reader] generated 258/500
[reader] generated 260/500
[reader] generated 262/500
[reader] generated 264/500
[reader] generated 266/500
[reader] generated 268/500
[reader] generated 270/500
[reader] generated 272/500
[reader] generated 274/500
[reader] generated 276/500
[reader] generated 278/500
[reader] generated 280/500
[reader] generated 282/500
[reader] generated 284/500
[reader] generated 286/500
[reader] generated 288/500
[reader] generated 290/500
[reader] generated 292/500
[reader] generated 294/500
[reader] generated 296/500
[reader] generated 298/500
[reader] generated 300/500
[reader] generated 302/500
[reader] generated 304/500
[reader] generated 306/500
[reader] generated 308/500
[reader] generated 310/500
[reader] generated 312/500
[reader] generated 314/500
[reader] generated 316/500
[reader] generated 318/500
[reader] generated 320/500
[reader] generated 322/500
[reader] generated 324/500
[reader] generated 326/500
[reader] generated 328/500
[reader] generated 330/500
[reader] generated 332/500
[reader] generated 334/500
[reader] generated 336/500
[reader] generated 338/500
[reader] generated 340/500
[reader] generated 342/500
[reader] generated 344/500
[reader] generated 346/500
[reader] generated 348/500
[reader] generated 350/500
[reader] generated 352/500
[reader] generated 354/500
[reader] generated 356/500
[reader] generated 358/500
[reader] generated 360/500
[reader] generated 362/500
[reader] generated 364/500
[reader] generated 366/500
[reader] generated 368/500
[reader] generated 370/500
[reader] generated 372/500
[reader] generated 374/500
[reader] generated 376/500
[reader] generated 378/500
[reader] generated 380/500
[reader] generated 382/500
[reader] generated 384/500
[reader] generated 386/500
[reader] generated 388/500
[reader] generated 390/500
[reader] generated 392/500
[reader] generated 394/500
[reader] generated 396/500
[reader] generated 398/500
[reader] generated 400/500
[reader] generated 402/500
[reader] generated 404/500
[reader] generated 406/500
[reader] generated 408/500
[reader] generated 410/500
[reader] generated 412/500
[reader] generated 414/500
[reader] generated 416/500
[reader] generated 418/500
[reader] generated 420/500
[reader] generated 422/500
[reader] generated 424/500
[reader] generated 426/500
[reader] generated 428/500
[reader] generated 430/500
[reader] generated 432/500
[reader] generated 434/500
[reader] generated 436/500
[reader] generated 438/500
[reader] generated 440/500
[reader] generated 442/500
[reader] generated 444/500
[reader] generated 446/500
[reader] generated 448/500
[reader] generated 450/500
[reader] generated 452/500
[reader] generated 454/500
[reader] generated 456/500
[reader] generated 458/500
[reader] generated 460/500
[reader] generated 462/500
[reader] generated 464/500
[reader] generated 466/500
[reader] generated 468/500
[reader] generated 470/500
[reader] generated 472/500
[reader] generated 474/500
[reader] generated 476/500
[reader] generated 478/500
[reader] generated 480/500
[reader] generated 482/500
[reader] generated 484/500
[reader] generated 486/500
[reader] generated 488/500
[reader] generated 490/500
[reader] generated 492/500
[reader] generated 494/500
[reader] generated 496/500
[reader] generated 498/500
[reader] generated 500/500
[density] policy=chunk_submod_160, router_type=fixed, representation=chunk, packer=submod, reader_model=microsoft/Phi-3.5-mini-instruct, packed_token_budget=160, recall@1=0.438, all_gold@1=0.0, recall@2=0.723, all_gold@2=0.498, recall@5=0.874, all_gold@5=0.758, qwen_em=0.268, qwen_f1=0.443, avg_reader_evidence_tokens=145.4, mean_ans_in_context=0.64, mean_ans_in_context_soft=0.7088, mean_gold_token_density=0.4574, mean_gold_doc_reader_cov=0.779, mean_all_gold_reader=0.578, mean_distractor_docs=2.204, mean_context_tokens=145.398, mean_n_snippets=4.616
[density] materializing policy=ace_focused_160
[density] generating policy=ace_focused_160
[reader] generated 2/500
[reader] generated 4/500
[reader] generated 6/500
[reader] generated 8/500
[reader] generated 10/500
[reader] generated 12/500
[reader] generated 14/500
[reader] generated 16/500
[reader] generated 18/500
[reader] generated 20/500
[reader] generated 22/500
[reader] generated 24/500
[reader] generated 26/500
[reader] generated 28/500
[reader] generated 30/500
[reader] generated 32/500
[reader] generated 34/500
[reader] generated 36/500
[reader] generated 38/500
[reader] generated 40/500
[reader] generated 42/500
[reader] generated 44/500
[reader] generated 46/500
[reader] generated 48/500
[reader] generated 50/500
[reader] generated 52/500
[reader] generated 54/500
[reader] generated 56/500
[reader] generated 58/500
[reader] generated 60/500
[reader] generated 62/500
[reader] generated 64/500
[reader] generated 66/500
[reader] generated 68/500
[reader] generated 70/500
[reader] generated 72/500
[reader] generated 74/500
[reader] generated 76/500
[reader] generated 78/500
[reader] generated 80/500
[reader] generated 82/500
[reader] generated 84/500
[reader] generated 86/500
[reader] generated 88/500
[reader] generated 90/500
[reader] generated 92/500
[reader] generated 94/500
[reader] generated 96/500
[reader] generated 98/500
[reader] generated 100/500
[reader] generated 102/500
[reader] generated 104/500
[reader] generated 106/500
[reader] generated 108/500
[reader] generated 110/500
[reader] generated 112/500
[reader] generated 114/500
[reader] generated 116/500
[reader] generated 118/500
[reader] generated 120/500
[reader] generated 122/500
[reader] generated 124/500
[reader] generated 126/500
[reader] generated 128/500
[reader] generated 130/500
[reader] generated 132/500
[reader] generated 134/500
[reader] generated 136/500
[reader] generated 138/500
[reader] generated 140/500
[reader] generated 142/500
[reader] generated 144/500
[reader] generated 146/500
[reader] generated 148/500
[reader] generated 150/500
[reader] generated 152/500
[reader] generated 154/500
[reader] generated 156/500
[reader] generated 158/500
[reader] generated 160/500
[reader] generated 162/500
[reader] generated 164/500
[reader] generated 166/500
[reader] generated 168/500
[reader] generated 170/500
[reader] generated 172/500
[reader] generated 174/500
[reader] generated 176/500
[reader] generated 178/500
[reader] generated 180/500
[reader] generated 182/500
[reader] generated 184/500
[reader] generated 186/500
[reader] generated 188/500
[reader] generated 190/500
[reader] generated 192/500
[reader] generated 194/500
[reader] generated 196/500
[reader] generated 198/500
[reader] generated 200/500
[reader] generated 202/500
[reader] generated 204/500
[reader] generated 206/500
[reader] generated 208/500
[reader] generated 210/500
[reader] generated 212/500
[reader] generated 214/500
[reader] generated 216/500
[reader] generated 218/500
[reader] generated 220/500
[reader] generated 222/500
[reader] generated 224/500
[reader] generated 226/500
[reader] generated 228/500
[reader] generated 230/500
[reader] generated 232/500
[reader] generated 234/500
[reader] generated 236/500
[reader] generated 238/500
[reader] generated 240/500
[reader] generated 242/500
[reader] generated 244/500
[reader] generated 246/500
[reader] generated 248/500
[reader] generated 250/500
[reader] generated 252/500
[reader] generated 254/500
[reader] generated 256/500
[reader] generated 258/500
[reader] generated 260/500
[reader] generated 262/500
[reader] generated 264/500
[reader] generated 266/500
[reader] generated 268/500
[reader] generated 270/500
[reader] generated 272/500
[reader] generated 274/500
[reader] generated 276/500
[reader] generated 278/500
[reader] generated 280/500
[reader] generated 282/500
[reader] generated 284/500
[reader] generated 286/500
[reader] generated 288/500
[reader] generated 290/500
[reader] generated 292/500
[reader] generated 294/500
[reader] generated 296/500
[reader] generated 298/500
[reader] generated 300/500
[reader] generated 302/500
[reader] generated 304/500
[reader] generated 306/500
[reader] generated 308/500
[reader] generated 310/500
[reader] generated 312/500
[reader] generated 314/500
[reader] generated 316/500
[reader] generated 318/500
[reader] generated 320/500
[reader] generated 322/500
[reader] generated 324/500
[reader] generated 326/500
[reader] generated 328/500
[reader] generated 330/500
[reader] generated 332/500
[reader] generated 334/500
[reader] generated 336/500
[reader] generated 338/500
[reader] generated 340/500
[reader] generated 342/500
[reader] generated 344/500
[reader] generated 346/500
[reader] generated 348/500
[reader] generated 350/500
[reader] generated 352/500
[reader] generated 354/500
[reader] generated 356/500
[reader] generated 358/500
[reader] generated 360/500
[reader] generated 362/500
[reader] generated 364/500
[reader] generated 366/500
[reader] generated 368/500
[reader] generated 370/500
[reader] generated 372/500
[reader] generated 374/500
[reader] generated 376/500
[reader] generated 378/500
[reader] generated 380/500
[reader] generated 382/500
[reader] generated 384/500
[reader] generated 386/500
[reader] generated 388/500
[reader] generated 390/500
[reader] generated 392/500
[reader] generated 394/500
[reader] generated 396/500
[reader] generated 398/500
[reader] generated 400/500
[reader] generated 402/500
[reader] generated 404/500
[reader] generated 406/500
[reader] generated 408/500
[reader] generated 410/500
[reader] generated 412/500
[reader] generated 414/500
[reader] generated 416/500
[reader] generated 418/500
[reader] generated 420/500
[reader] generated 422/500
[reader] generated 424/500
[reader] generated 426/500
[reader] generated 428/500
[reader] generated 430/500
[reader] generated 432/500
[reader] generated 434/500
[reader] generated 436/500
[reader] generated 438/500
[reader] generated 440/500
[reader] generated 442/500
[reader] generated 444/500
[reader] generated 446/500
[reader] generated 448/500
[reader] generated 450/500
[reader] generated 452/500
[reader] generated 454/500
[reader] generated 456/500
[reader] generated 458/500
[reader] generated 460/500
[reader] generated 462/500
[reader] generated 464/500
[reader] generated 466/500
[reader] generated 468/500
[reader] generated 470/500
[reader] generated 472/500
[reader] generated 474/500
[reader] generated 476/500
[reader] generated 478/500
[reader] generated 480/500
[reader] generated 482/500
[reader] generated 484/500
[reader] generated 486/500
[reader] generated 488/500
[reader] generated 490/500
[reader] generated 492/500
[reader] generated 494/500
[reader] generated 496/500
[reader] generated 498/500
[reader] generated 500/500
[density] policy=ace_focused_160, router_type=fixed, representation=ace, packer=focused, reader_model=microsoft/Phi-3.5-mini-instruct, packed_token_budget=160, recall@1=0.419, all_gold@1=0.0, recall@2=0.677, all_gold@2=0.422, recall@5=0.859, all_gold@5=0.726, qwen_em=0.25, qwen_f1=0.4158, avg_reader_evidence_tokens=150.04, mean_ans_in_context=0.63, mean_ans_in_context_soft=0.7031, mean_gold_token_density=0.4516, mean_gold_doc_reader_cov=0.768, mean_all_gold_reader=0.562, mean_distractor_docs=2.134, mean_context_tokens=150.042, mean_n_snippets=4.108
[density] materializing policy=ace_mmr_160
[density] generating policy=ace_mmr_160
[reader] generated 2/500
[reader] generated 4/500
[reader] generated 6/500
[reader] generated 8/500
[reader] generated 10/500
[reader] generated 12/500
[reader] generated 14/500
[reader] generated 16/500
[reader] generated 18/500
[reader] generated 20/500
[reader] generated 22/500
[reader] generated 24/500
[reader] generated 26/500
[reader] generated 28/500
[reader] generated 30/500
[reader] generated 32/500
[reader] generated 34/500
[reader] generated 36/500
[reader] generated 38/500
[reader] generated 40/500
[reader] generated 42/500
[reader] generated 44/500
[reader] generated 46/500
[reader] generated 48/500
[reader] generated 50/500
[reader] generated 52/500
[reader] generated 54/500
[reader] generated 56/500
[reader] generated 58/500
[reader] generated 60/500
[reader] generated 62/500
[reader] generated 64/500
[reader] generated 66/500
[reader] generated 68/500
[reader] generated 70/500
[reader] generated 72/500
[reader] generated 74/500
[reader] generated 76/500
[reader] generated 78/500
[reader] generated 80/500
[reader] generated 82/500
[reader] generated 84/500
[reader] generated 86/500
[reader] generated 88/500
[reader] generated 90/500
[reader] generated 92/500
[reader] generated 94/500
[reader] generated 96/500
[reader] generated 98/500
[reader] generated 100/500
[reader] generated 102/500
[reader] generated 104/500
[reader] generated 106/500
[reader] generated 108/500
[reader] generated 110/500
[reader] generated 112/500
[reader] generated 114/500
[reader] generated 116/500
[reader] generated 118/500
[reader] generated 120/500
[reader] generated 122/500
[reader] generated 124/500
[reader] generated 126/500
[reader] generated 128/500
[reader] generated 130/500
[reader] generated 132/500
[reader] generated 134/500
[reader] generated 136/500
[reader] generated 138/500
[reader] generated 140/500
[reader] generated 142/500
[reader] generated 144/500
[reader] generated 146/500
[reader] generated 148/500
[reader] generated 150/500
[reader] generated 152/500
[reader] generated 154/500
[reader] generated 156/500
[reader] generated 158/500
[reader] generated 160/500
[reader] generated 162/500
[reader] generated 164/500
[reader] generated 166/500
[reader] generated 168/500
[reader] generated 170/500
[reader] generated 172/500
[reader] generated 174/500
[reader] generated 176/500
[reader] generated 178/500
[reader] generated 180/500
[reader] generated 182/500
[reader] generated 184/500
[reader] generated 186/500
[reader] generated 188/500
[reader] generated 190/500
[reader] generated 192/500
[reader] generated 194/500
[reader] generated 196/500
[reader] generated 198/500
[reader] generated 200/500
[reader] generated 202/500
[reader] generated 204/500
[reader] generated 206/500
[reader] generated 208/500
[reader] generated 210/500
[reader] generated 212/500
[reader] generated 214/500
[reader] generated 216/500
[reader] generated 218/500
[reader] generated 220/500
[reader] generated 222/500
[reader] generated 224/500
[reader] generated 226/500
[reader] generated 228/500
[reader] generated 230/500
[reader] generated 232/500
[reader] generated 234/500
[reader] generated 236/500
[reader] generated 238/500
[reader] generated 240/500
[reader] generated 242/500
[reader] generated 244/500
[reader] generated 246/500
[reader] generated 248/500
[reader] generated 250/500
[reader] generated 252/500
[reader] generated 254/500
[reader] generated 256/500
[reader] generated 258/500
[reader] generated 260/500
[reader] generated 262/500
[reader] generated 264/500
[reader] generated 266/500
[reader] generated 268/500
[reader] generated 270/500
[reader] generated 272/500
[reader] generated 274/500
[reader] generated 276/500
[reader] generated 278/500
[reader] generated 280/500
[reader] generated 282/500
[reader] generated 284/500
[reader] generated 286/500
[reader] generated 288/500
[reader] generated 290/500
[reader] generated 292/500
[reader] generated 294/500
[reader] generated 296/500
[reader] generated 298/500
[reader] generated 300/500
[reader] generated 302/500
[reader] generated 304/500
[reader] generated 306/500
[reader] generated 308/500
[reader] generated 310/500
[reader] generated 312/500
[reader] generated 314/500
[reader] generated 316/500
[reader] generated 318/500
[reader] generated 320/500
[reader] generated 322/500
[reader] generated 324/500
[reader] generated 326/500
[reader] generated 328/500
[reader] generated 330/500
[reader] generated 332/500
[reader] generated 334/500
[reader] generated 336/500
[reader] generated 338/500
[reader] generated 340/500
[reader] generated 342/500
[reader] generated 344/500
[reader] generated 346/500
[reader] generated 348/500
[reader] generated 350/500
[reader] generated 352/500
[reader] generated 354/500
[reader] generated 356/500
[reader] generated 358/500
[reader] generated 360/500
[reader] generated 362/500
[reader] generated 364/500
[reader] generated 366/500
[reader] generated 368/500
[reader] generated 370/500
[reader] generated 372/500
[reader] generated 374/500
[reader] generated 376/500
[reader] generated 378/500
[reader] generated 380/500
[reader] generated 382/500
[reader] generated 384/500
[reader] generated 386/500
[reader] generated 388/500
[reader] generated 390/500
[reader] generated 392/500
[reader] generated 394/500
[reader] generated 396/500
[reader] generated 398/500
[reader] generated 400/500
[reader] generated 402/500
[reader] generated 404/500
[reader] generated 406/500
[reader] generated 408/500
[reader] generated 410/500
[reader] generated 412/500
[reader] generated 414/500
[reader] generated 416/500
[reader] generated 418/500
[reader] generated 420/500
[reader] generated 422/500
[reader] generated 424/500
[reader] generated 426/500
[reader] generated 428/500
[reader] generated 430/500
[reader] generated 432/500
[reader] generated 434/500
[reader] generated 436/500
[reader] generated 438/500
[reader] generated 440/500
[reader] generated 442/500
[reader] generated 444/500
[reader] generated 446/500
[reader] generated 448/500
[reader] generated 450/500
[reader] generated 452/500
[reader] generated 454/500
[reader] generated 456/500
[reader] generated 458/500
[reader] generated 460/500
[reader] generated 462/500
[reader] generated 464/500
[reader] generated 466/500
[reader] generated 468/500
[reader] generated 470/500
[reader] generated 472/500
[reader] generated 474/500
[reader] generated 476/500
[reader] generated 478/500
[reader] generated 480/500
[reader] generated 482/500
[reader] generated 484/500
[reader] generated 486/500
[reader] generated 488/500
[reader] generated 490/500
[reader] generated 492/500
[reader] generated 494/500
[reader] generated 496/500
[reader] generated 498/500
[reader] generated 500/500
[density] policy=ace_mmr_160, router_type=fixed, representation=ace, packer=mmr, reader_model=microsoft/Phi-3.5-mini-instruct, packed_token_budget=160, recall@1=0.419, all_gold@1=0.0, recall@2=0.677, all_gold@2=0.422, recall@5=0.859, all_gold@5=0.726, qwen_em=0.232, qwen_f1=0.3902, avg_reader_evidence_tokens=149.78, mean_ans_in_context=0.61, mean_ans_in_context_soft=0.6817, mean_gold_token_density=0.4421, mean_gold_doc_reader_cov=0.726, mean_all_gold_reader=0.496, mean_distractor_docs=2.072, mean_context_tokens=149.78, mean_n_snippets=4.15
[density] materializing policy=ace_submod_160
[density] generating policy=ace_submod_160
[reader] generated 2/500
[reader] generated 4/500
[reader] generated 6/500
[reader] generated 8/500
[reader] generated 10/500
[reader] generated 12/500
[reader] generated 14/500
[reader] generated 16/500
[reader] generated 18/500
[reader] generated 20/500
[reader] generated 22/500
[reader] generated 24/500
[reader] generated 26/500
[reader] generated 28/500
[reader] generated 30/500
[reader] generated 32/500
[reader] generated 34/500
[reader] generated 36/500
[reader] generated 38/500
[reader] generated 40/500
[reader] generated 42/500
[reader] generated 44/500
[reader] generated 46/500
[reader] generated 48/500
[reader] generated 50/500
[reader] generated 52/500
[reader] generated 54/500
[reader] generated 56/500
[reader] generated 58/500
[reader] generated 60/500
[reader] generated 62/500
[reader] generated 64/500
[reader] generated 66/500
[reader] generated 68/500
[reader] generated 70/500
[reader] generated 72/500
[reader] generated 74/500
[reader] generated 76/500
[reader] generated 78/500
[reader] generated 80/500
[reader] generated 82/500
[reader] generated 84/500
[reader] generated 86/500
[reader] generated 88/500
[reader] generated 90/500
[reader] generated 92/500
[reader] generated 94/500
[reader] generated 96/500
[reader] generated 98/500
[reader] generated 100/500
[reader] generated 102/500
[reader] generated 104/500
[reader] generated 106/500
[reader] generated 108/500
[reader] generated 110/500
[reader] generated 112/500
[reader] generated 114/500
[reader] generated 116/500
[reader] generated 118/500
[reader] generated 120/500
[reader] generated 122/500
[reader] generated 124/500
[reader] generated 126/500
[reader] generated 128/500
[reader] generated 130/500
[reader] generated 132/500
[reader] generated 134/500
[reader] generated 136/500
[reader] generated 138/500
[reader] generated 140/500
[reader] generated 142/500
[reader] generated 144/500
[reader] generated 146/500
[reader] generated 148/500
[reader] generated 150/500
[reader] generated 152/500
[reader] generated 154/500
[reader] generated 156/500
[reader] generated 158/500
[reader] generated 160/500
[reader] generated 162/500
[reader] generated 164/500
[reader] generated 166/500
[reader] generated 168/500
[reader] generated 170/500
[reader] generated 172/500
[reader] generated 174/500
[reader] generated 176/500
[reader] generated 178/500
[reader] generated 180/500
[reader] generated 182/500
[reader] generated 184/500
[reader] generated 186/500
[reader] generated 188/500
[reader] generated 190/500
[reader] generated 192/500
[reader] generated 194/500
[reader] generated 196/500
[reader] generated 198/500
[reader] generated 200/500
[reader] generated 202/500
[reader] generated 204/500
[reader] generated 206/500
[reader] generated 208/500
[reader] generated 210/500
[reader] generated 212/500
[reader] generated 214/500
[reader] generated 216/500
[reader] generated 218/500
[reader] generated 220/500
[reader] generated 222/500
[reader] generated 224/500
[reader] generated 226/500
[reader] generated 228/500
[reader] generated 230/500
[reader] generated 232/500
[reader] generated 234/500
[reader] generated 236/500
[reader] generated 238/500
[reader] generated 240/500
[reader] generated 242/500
[reader] generated 244/500
[reader] generated 246/500
[reader] generated 248/500
[reader] generated 250/500
[reader] generated 252/500
[reader] generated 254/500
[reader] generated 256/500
[reader] generated 258/500
[reader] generated 260/500
[reader] generated 262/500
[reader] generated 264/500
[reader] generated 266/500
[reader] generated 268/500
[reader] generated 270/500
[reader] generated 272/500
[reader] generated 274/500
[reader] generated 276/500
[reader] generated 278/500
[reader] generated 280/500
[reader] generated 282/500
[reader] generated 284/500
[reader] generated 286/500
[reader] generated 288/500
[reader] generated 290/500
[reader] generated 292/500
[reader] generated 294/500
[reader] generated 296/500
[reader] generated 298/500
[reader] generated 300/500
[reader] generated 302/500
[reader] generated 304/500
[reader] generated 306/500
[reader] generated 308/500
[reader] generated 310/500
[reader] generated 312/500
[reader] generated 314/500
[reader] generated 316/500
[reader] generated 318/500
[reader] generated 320/500
[reader] generated 322/500
[reader] generated 324/500
[reader] generated 326/500
[reader] generated 328/500
[reader] generated 330/500
[reader] generated 332/500
[reader] generated 334/500
[reader] generated 336/500
[reader] generated 338/500
[reader] generated 340/500
[reader] generated 342/500
[reader] generated 344/500
[reader] generated 346/500
[reader] generated 348/500
[reader] generated 350/500
[reader] generated 352/500
[reader] generated 354/500
[reader] generated 356/500
[reader] generated 358/500
[reader] generated 360/500
[reader] generated 362/500
[reader] generated 364/500
[reader] generated 366/500
[reader] generated 368/500
[reader] generated 370/500
[reader] generated 372/500
[reader] generated 374/500
[reader] generated 376/500
[reader] generated 378/500
[reader] generated 380/500
[reader] generated 382/500
[reader] generated 384/500
[reader] generated 386/500
[reader] generated 388/500
[reader] generated 390/500
[reader] generated 392/500
[reader] generated 394/500
[reader] generated 396/500
[reader] generated 398/500
[reader] generated 400/500
[reader] generated 402/500
[reader] generated 404/500
[reader] generated 406/500
[reader] generated 408/500
[reader] generated 410/500
[reader] generated 412/500
[reader] generated 414/500
[reader] generated 416/500
[reader] generated 418/500
[reader] generated 420/500
[reader] generated 422/500
[reader] generated 424/500
[reader] generated 426/500
[reader] generated 428/500
[reader] generated 430/500
[reader] generated 432/500
[reader] generated 434/500
[reader] generated 436/500
[reader] generated 438/500
[reader] generated 440/500
[reader] generated 442/500
[reader] generated 444/500
[reader] generated 446/500
[reader] generated 448/500
[reader] generated 450/500
[reader] generated 452/500
[reader] generated 454/500
[reader] generated 456/500
[reader] generated 458/500
[reader] generated 460/500
[reader] generated 462/500
[reader] generated 464/500
[reader] generated 466/500
[reader] generated 468/500
[reader] generated 470/500
[reader] generated 472/500
[reader] generated 474/500
[reader] generated 476/500
[reader] generated 478/500
[reader] generated 480/500
[reader] generated 482/500
[reader] generated 484/500
[reader] generated 486/500
[reader] generated 488/500
[reader] generated 490/500
[reader] generated 492/500
[reader] generated 494/500
[reader] generated 496/500
[reader] generated 498/500
[reader] generated 500/500
[density] policy=ace_submod_160, router_type=fixed, representation=ace, packer=submod, reader_model=microsoft/Phi-3.5-mini-instruct, packed_token_budget=160, recall@1=0.419, all_gold@1=0.0, recall@2=0.677, all_gold@2=0.422, recall@5=0.859, all_gold@5=0.726, qwen_em=0.26, qwen_f1=0.4164, avg_reader_evidence_tokens=147.4, mean_ans_in_context=0.612, mean_ans_in_context_soft=0.6817, mean_gold_token_density=0.4277, mean_gold_doc_reader_cov=0.758, mean_all_gold_reader=0.55, mean_distractor_docs=2.306, mean_context_tokens=147.398, mean_n_snippets=4.686
[density] policy=router_oracle_packer, router_type=oracle, representation=mixed, packer=oracle, reader_model=microsoft/Phi-3.5-mini-instruct, packed_token_budget=160, selection_counts={"ace_focused_160": 87, "ace_mmr_160": 36, "ace_submod_160": 90, "chunk_focused_160": 78, "chunk_mmr_160": 35, "chunk_submod_160": 174}, qwen_em=0.376, qwen_f1=0.5817, avg_reader_evidence_tokens=142.35, mean_ans_in_context=0.714, mean_ans_in_context_soft=0.7662, mean_gold_token_density=0.5048, mean_gold_doc_reader_cov=0.79, mean_all_gold_reader=0.6, mean_distractor_docs=1.922, mean_context_tokens=142.352, mean_n_snippets=4.088
wrote /kaggle/working/colab_results/stage12_crossfamily_hotpotqa_phi35mini_budget160_limit500_seed42/hotpotqa_density_standard_budget160_limit500_metrics.csv
wrote /kaggle/working/colab_results/stage12_crossfamily_hotpotqa_phi35mini_budget160_limit500_seed42/hotpotqa_density_standard_budget160_limit500_per_question.csv
--- cross-family phi35mini (microsoft/Phi-3.5-mini-instruct) seed 13 ---
$ /usr/bin/python3 -m experiments.run_density_router --dataset hotpotqa --limit 500 --seed 13 --ace-retriever standard --top-k 5 --top-k-nodes 48 --max-expanded-docs 5 --embedder sentence-transformers --embedding-model BAAI/bge-small-en-v1.5 --embed-device cuda --compressor truncate --compress-dims 320 --reader-backend hf --reader-model microsoft/Phi-3.5-mini-instruct --reader-device cuda --reader-batch-size 2 --mmr-lambda 0.7 --budget 160 --out-dir /kaggle/working/colab_results/stage12_crossfamily_hotpotqa_phi35mini_budget160_limit500_seed13 --split validation
hotpotqa[hf:validation:500]: 4933 docs, 500 questions, 2.00 gold docs/question
[density] retrieving chunk baseline
[chunk] fitting/indexing
[embed] encoding 4933 texts on device=cuda:0

Batches:   0%|          | 0/78 [00:00<?, ?it/s]
Batches:   1%|▏         | 1/78 [00:01<01:19,  1.03s/it]
Batches:   3%|▎         | 2/78 [00:01<00:56,  1.35it/s]
Batches:   4%|▍         | 3/78 [00:01<00:44,  1.68it/s]
Batches:   5%|▌         | 4/78 [00:02<00:39,  1.88it/s]
Batches:   6%|▋         | 5/78 [00:02<00:34,  2.10it/s]
Batches:   8%|▊         | 6/78 [00:03<00:30,  2.34it/s]
Batches:   9%|▉         | 7/78 [00:03<00:29,  2.44it/s]
Batches:  10%|█         | 8/78 [00:03<00:26,  2.61it/s]
Batches:  12%|█▏        | 9/78 [00:04<00:25,  2.69it/s]
Batches:  13%|█▎        | 10/78 [00:04<00:24,  2.80it/s]
Batches:  14%|█▍        | 11/78 [00:04<00:22,  2.97it/s]
Batches:  15%|█▌        | 12/78 [00:05<00:21,  3.13it/s]
Batches:  17%|█▋        | 13/78 [00:05<00:19,  3.32it/s]
Batches:  18%|█▊        | 14/78 [00:05<00:18,  3.44it/s]
Batches:  19%|█▉        | 15/78 [00:05<00:17,  3.55it/s]
Batches:  21%|██        | 16/78 [00:06<00:17,  3.62it/s]
Batches:  22%|██▏       | 17/78 [00:06<00:16,  3.74it/s]
Batches:  23%|██▎       | 18/78 [00:06<00:15,  3.76it/s]
Batches:  24%|██▍       | 19/78 [00:06<00:15,  3.89it/s]
Batches:  26%|██▌       | 20/78 [00:07<00:13,  4.19it/s]
Batches:  27%|██▋       | 21/78 [00:07<00:13,  4.29it/s]
Batches:  28%|██▊       | 22/78 [00:07<00:12,  4.37it/s]
Batches:  29%|██▉       | 23/78 [00:07<00:12,  4.45it/s]
Batches:  31%|███       | 24/78 [00:07<00:12,  4.48it/s]
Batches:  32%|███▏      | 25/78 [00:08<00:11,  4.58it/s]
Batches:  33%|███▎      | 26/78 [00:08<00:11,  4.66it/s]
Batches:  35%|███▍      | 27/78 [00:08<00:10,  4.79it/s]
Batches:  36%|███▌      | 28/78 [00:08<00:10,  4.96it/s]
Batches:  37%|███▋      | 29/78 [00:08<00:09,  4.97it/s]
Batches:  38%|███▊      | 30/78 [00:09<00:09,  4.85it/s]
Batches:  40%|███▉      | 31/78 [00:09<00:09,  4.94it/s]
Batches:  41%|████      | 32/78 [00:09<00:09,  4.92it/s]
Batches:  42%|████▏     | 33/78 [00:09<00:08,  5.10it/s]
Batches:  44%|████▎     | 34/78 [00:09<00:08,  5.28it/s]
Batches:  45%|████▍     | 35/78 [00:10<00:08,  5.37it/s]
Batches:  46%|████▌     | 36/78 [00:10<00:07,  5.50it/s]
Batches:  47%|████▋     | 37/78 [00:10<00:07,  5.65it/s]
Batches:  49%|████▊     | 38/78 [00:10<00:07,  5.68it/s]
Batches:  50%|█████     | 39/78 [00:10<00:06,  5.93it/s]
Batches:  51%|█████▏    | 40/78 [00:10<00:06,  5.85it/s]
Batches:  53%|█████▎    | 41/78 [00:11<00:06,  5.94it/s]
Batches:  54%|█████▍    | 42/78 [00:11<00:06,  5.96it/s]
Batches:  55%|█████▌    | 43/78 [00:11<00:05,  5.88it/s]
Batches:  56%|█████▋    | 44/78 [00:11<00:05,  6.25it/s]
Batches:  58%|█████▊    | 45/78 [00:11<00:05,  5.82it/s]
Batches:  59%|█████▉    | 46/78 [00:11<00:05,  5.92it/s]
Batches:  60%|██████    | 47/78 [00:12<00:04,  6.22it/s]
Batches:  62%|██████▏   | 48/78 [00:12<00:04,  6.46it/s]
Batches:  63%|██████▎   | 49/78 [00:12<00:04,  6.69it/s]
Batches:  64%|██████▍   | 50/78 [00:12<00:04,  6.82it/s]
Batches:  65%|██████▌   | 51/78 [00:12<00:03,  7.06it/s]
Batches:  67%|██████▋   | 52/78 [00:12<00:03,  7.29it/s]
Batches:  68%|██████▊   | 53/78 [00:12<00:03,  7.52it/s]
Batches:  69%|██████▉   | 54/78 [00:12<00:03,  7.82it/s]
Batches:  71%|███████   | 55/78 [00:13<00:02,  8.03it/s]
Batches:  72%|███████▏  | 56/78 [00:13<00:02,  8.17it/s]
Batches:  73%|███████▎  | 57/78 [00:13<00:02,  8.28it/s]
Batches:  74%|███████▍  | 58/78 [00:13<00:02,  8.43it/s]
Batches:  76%|███████▌  | 59/78 [00:13<00:02,  8.33it/s]
Batches:  77%|███████▋  | 60/78 [00:13<00:02,  8.46it/s]
Batches:  79%|███████▉  | 62/78 [00:13<00:01,  9.09it/s]
Batches:  81%|████████  | 63/78 [00:13<00:01,  9.25it/s]
Batches:  82%|████████▏ | 64/78 [00:14<00:01,  9.41it/s]
Batches:  83%|████████▎ | 65/78 [00:14<00:01,  9.26it/s]
Batches:  86%|████████▌ | 67/78 [00:14<00:01,  9.85it/s]
Batches:  88%|████████▊ | 69/78 [00:14<00:00, 10.50it/s]
Batches:  91%|█████████ | 71/78 [00:14<00:00, 10.97it/s]
Batches:  94%|█████████▎| 73/78 [00:14<00:00, 11.81it/s]
Batches:  96%|█████████▌| 75/78 [00:14<00:00, 13.07it/s]
Batches: 100%|██████████| 78/78 [00:15<00:00, 16.84it/s]
Batches: 100%|██████████| 78/78 [00:15<00:00,  5.17it/s]
[chunk] retrieving
[embed] encoding 500 texts on device=cuda:0

Batches:   0%|          | 0/8 [00:00<?, ?it/s]
Batches:  38%|███▊      | 3/8 [00:00<00:00, 26.21it/s]
Batches:  88%|████████▊ | 7/8 [00:00<00:00, 30.27it/s]
Batches: 100%|██████████| 8/8 [00:00<00:00, 31.12it/s]
[density] retrieving ACE graph
[ace] building evidence graph
[ace] graph built: nodes=50334 edges=77031
[ace] fitting/indexing embeddings
[embed] encoding 45401 texts on device=cuda:0

Batches:   0%|          | 0/710 [00:00<?, ?it/s]
Batches:   0%|          | 1/710 [00:00<05:39,  2.09it/s]
Batches:   0%|          | 2/710 [00:00<03:33,  3.32it/s]
Batches:   0%|          | 3/710 [00:00<02:36,  4.52it/s]
Batches:   1%|          | 4/710 [00:00<02:11,  5.37it/s]
Batches:   1%|          | 5/710 [00:01<01:52,  6.28it/s]
Batches:   1%|          | 6/710 [00:01<01:41,  6.97it/s]
Batches:   1%|          | 7/710 [00:01<01:31,  7.71it/s]
Batches:   1%|          | 8/710 [00:01<01:30,  7.80it/s]
Batches:   1%|▏         | 9/710 [00:01<01:25,  8.15it/s]
Batches:   2%|▏         | 11/710 [00:01<01:20,  8.73it/s]
Batches:   2%|▏         | 13/710 [00:01<01:14,  9.32it/s]
Batches:   2%|▏         | 14/710 [00:01<01:15,  9.27it/s]
Batches:   2%|▏         | 15/710 [00:02<01:15,  9.27it/s]
Batches:   2%|▏         | 16/710 [00:02<01:13,  9.41it/s]
Batches:   3%|▎         | 18/710 [00:02<01:06, 10.36it/s]
Batches:   3%|▎         | 20/710 [00:02<01:06, 10.39it/s]
Batches:   3%|▎         | 22/710 [00:02<01:03, 10.81it/s]
Batches:   3%|▎         | 24/710 [00:02<01:03, 10.81it/s]
Batches:   4%|▎         | 26/710 [00:03<00:59, 11.50it/s]
Batches:   4%|▍         | 28/710 [00:03<00:58, 11.56it/s]
Batches:   4%|▍         | 30/710 [00:03<00:58, 11.65it/s]
Batches:   5%|▍         | 32/710 [00:03<01:00, 11.15it/s]
Batches:   5%|▍         | 34/710 [00:03<00:57, 11.74it/s]
Batches:   5%|▌         | 36/710 [00:03<00:55, 12.24it/s]
Batches:   5%|▌         | 38/710 [00:04<00:54, 12.43it/s]
Batches:   6%|▌         | 40/710 [00:04<00:51, 12.91it/s]
Batches:   6%|▌         | 42/710 [00:04<00:51, 12.95it/s]
Batches:   6%|▌         | 44/710 [00:04<00:52, 12.63it/s]
Batches:   6%|▋         | 46/710 [00:04<00:51, 12.91it/s]
Batches:   7%|▋         | 48/710 [00:04<00:50, 13.00it/s]
Batches:   7%|▋         | 50/710 [00:04<00:50, 13.14it/s]
Batches:   7%|▋         | 52/710 [00:05<00:49, 13.28it/s]
Batches:   8%|▊         | 54/710 [00:05<00:49, 13.33it/s]
Batches:   8%|▊         | 56/710 [00:05<00:47, 13.85it/s]
Batches:   8%|▊         | 58/710 [00:05<00:44, 14.56it/s]
Batches:   8%|▊         | 60/710 [00:05<00:44, 14.53it/s]
Batches:   9%|▊         | 62/710 [00:05<00:45, 14.29it/s]
Batches:   9%|▉         | 64/710 [00:05<00:43, 14.82it/s]
Batches:   9%|▉         | 66/710 [00:06<00:42, 15.09it/s]
Batches:  10%|▉         | 68/710 [00:06<00:42, 14.99it/s]
Batches:  10%|▉         | 70/710 [00:06<00:41, 15.41it/s]
Batches:  10%|█         | 72/710 [00:06<00:41, 15.41it/s]
Batches:  10%|█         | 74/710 [00:06<00:39, 15.93it/s]
Batches:  11%|█         | 76/710 [00:06<00:41, 15.15it/s]
Batches:  11%|█         | 78/710 [00:06<00:40, 15.50it/s]
Batches:  11%|█▏        | 80/710 [00:06<00:40, 15.47it/s]
Batches:  12%|█▏        | 82/710 [00:07<00:39, 16.01it/s]
Batches:  12%|█▏        | 84/710 [00:07<00:38, 16.31it/s]
Batches:  12%|█▏        | 86/710 [00:07<00:40, 15.56it/s]
Batches:  12%|█▏        | 88/710 [00:07<00:39, 15.92it/s]
Batches:  13%|█▎        | 90/710 [00:07<00:37, 16.32it/s]
Batches:  13%|█▎        | 92/710 [00:07<00:36, 17.02it/s]
Batches:  13%|█▎        | 94/710 [00:07<00:36, 16.95it/s]
Batches:  14%|█▎        | 96/710 [00:07<00:35, 17.39it/s]
Batches:  14%|█▍        | 98/710 [00:07<00:34, 17.71it/s]
Batches:  14%|█▍        | 100/710 [00:08<00:33, 18.00it/s]
Batches:  14%|█▍        | 102/710 [00:08<00:34, 17.71it/s]
Batches:  15%|█▍        | 104/710 [00:08<00:34, 17.56it/s]
Batches:  15%|█▍        | 106/710 [00:08<00:35, 17.25it/s]
Batches:  15%|█▌        | 108/710 [00:08<00:34, 17.63it/s]
Batches:  15%|█▌        | 110/710 [00:08<00:33, 18.15it/s]
Batches:  16%|█▌        | 112/710 [00:08<00:32, 18.60it/s]
Batches:  16%|█▌        | 114/710 [00:08<00:31, 18.63it/s]
Batches:  16%|█▋        | 116/710 [00:08<00:31, 18.80it/s]
Batches:  17%|█▋        | 118/710 [00:09<00:32, 18.31it/s]
Batches:  17%|█▋        | 121/710 [00:09<00:30, 19.18it/s]
Batches:  17%|█▋        | 123/710 [00:09<00:31, 18.76it/s]
Batches:  18%|█▊        | 126/710 [00:09<00:30, 19.43it/s]
Batches:  18%|█▊        | 128/710 [00:09<00:30, 19.31it/s]
Batches:  18%|█▊        | 130/710 [00:09<00:30, 19.22it/s]
Batches:  19%|█▊        | 132/710 [00:09<00:29, 19.40it/s]
Batches:  19%|█▉        | 134/710 [00:09<00:30, 18.94it/s]
Batches:  19%|█▉        | 137/710 [00:10<00:29, 19.44it/s]
Batches:  20%|█▉        | 139/710 [00:10<00:29, 19.51it/s]
Batches:  20%|█▉        | 141/710 [00:10<00:29, 19.55it/s]
Batches:  20%|██        | 143/710 [00:10<00:28, 19.55it/s]
Batches:  21%|██        | 146/710 [00:10<00:28, 20.13it/s]
Batches:  21%|██        | 149/710 [00:10<00:29, 19.06it/s]
Batches:  21%|██▏       | 152/710 [00:10<00:28, 19.57it/s]
Batches:  22%|██▏       | 155/710 [00:10<00:27, 20.15it/s]
Batches:  22%|██▏       | 158/710 [00:11<00:26, 20.72it/s]
Batches:  23%|██▎       | 161/710 [00:11<00:25, 21.23it/s]
Batches:  23%|██▎       | 164/710 [00:11<00:26, 20.94it/s]
Batches:  24%|██▎       | 167/710 [00:11<00:25, 21.18it/s]
Batches:  24%|██▍       | 170/710 [00:11<00:25, 21.03it/s]
Batches:  24%|██▍       | 173/710 [00:11<00:25, 21.39it/s]
Batches:  25%|██▍       | 176/710 [00:11<00:24, 21.60it/s]
Batches:  25%|██▌       | 179/710 [00:12<00:23, 22.37it/s]
Batches:  26%|██▌       | 182/710 [00:12<00:23, 22.70it/s]
Batches:  26%|██▌       | 185/710 [00:12<00:23, 22.47it/s]
Batches:  26%|██▋       | 188/710 [00:12<00:22, 22.80it/s]
Batches:  27%|██▋       | 191/710 [00:12<00:22, 23.43it/s]
Batches:  27%|██▋       | 194/710 [00:12<00:21, 23.76it/s]
Batches:  28%|██▊       | 197/710 [00:12<00:20, 24.64it/s]
Batches:  28%|██▊       | 200/710 [00:12<00:20, 24.46it/s]
Batches:  29%|██▊       | 203/710 [00:13<00:20, 24.46it/s]
Batches:  29%|██▉       | 206/710 [00:13<00:20, 24.88it/s]
Batches:  29%|██▉       | 209/710 [00:13<00:20, 24.49it/s]
Batches:  30%|██▉       | 212/710 [00:13<00:19, 24.92it/s]
Batches:  30%|███       | 215/710 [00:13<00:19, 24.88it/s]
Batches:  31%|███       | 218/710 [00:13<00:20, 24.13it/s]
Batches:  31%|███       | 221/710 [00:13<00:19, 24.57it/s]
Batches:  32%|███▏      | 224/710 [00:13<00:19, 25.15it/s]
Batches:  32%|███▏      | 227/710 [00:14<00:18, 25.58it/s]
Batches:  32%|███▏      | 230/710 [00:14<00:18, 25.96it/s]
Batches:  33%|███▎      | 233/710 [00:14<00:20, 23.30it/s]
Batches:  33%|███▎      | 236/710 [00:14<00:19, 24.35it/s]
Batches:  34%|███▎      | 239/710 [00:14<00:18, 24.90it/s]
Batches:  34%|███▍      | 242/710 [00:14<00:18, 25.85it/s]
Batches:  35%|███▍      | 245/710 [00:14<00:17, 26.07it/s]
Batches:  35%|███▍      | 248/710 [00:14<00:17, 26.71it/s]
Batches:  35%|███▌      | 251/710 [00:14<00:16, 27.13it/s]
Batches:  36%|███▌      | 254/710 [00:15<00:16, 27.33it/s]
Batches:  36%|███▌      | 257/710 [00:15<00:16, 27.67it/s]
Batches:  37%|███▋      | 260/710 [00:15<00:16, 28.09it/s]
Batches:  37%|███▋      | 263/710 [00:15<00:15, 28.17it/s]
Batches:  38%|███▊      | 267/710 [00:15<00:15, 29.19it/s]
Batches:  38%|███▊      | 270/710 [00:15<00:15, 28.32it/s]
Batches:  39%|███▊      | 274/710 [00:15<00:14, 29.32it/s]
Batches:  39%|███▉      | 278/710 [00:15<00:14, 30.44it/s]
Batches:  40%|███▉      | 282/710 [00:15<00:13, 31.27it/s]
Batches:  40%|████      | 286/710 [00:16<00:13, 31.39it/s]
Batches:  41%|████      | 290/710 [00:16<00:13, 31.38it/s]
Batches:  41%|████▏     | 294/710 [00:16<00:12, 32.82it/s]
Batches:  42%|████▏     | 298/710 [00:16<00:12, 33.87it/s]
Batches:  43%|████▎     | 302/710 [00:16<00:11, 34.14it/s]
Batches:  43%|████▎     | 306/710 [00:16<00:11, 34.47it/s]
Batches:  44%|████▎     | 310/710 [00:16<00:11, 34.40it/s]
Batches:  44%|████▍     | 314/710 [00:16<00:11, 35.68it/s]
Batches:  45%|████▍     | 319/710 [00:17<00:10, 37.09it/s]
Batches:  46%|████▌     | 324/710 [00:17<00:09, 40.04it/s]
Batches:  46%|████▋     | 330/710 [00:17<00:08, 43.30it/s]
Batches:  47%|████▋     | 336/710 [00:17<00:08, 46.08it/s]
Batches:  48%|████▊     | 342/710 [00:17<00:07, 47.71it/s]
Batches:  49%|████▉     | 348/710 [00:17<00:07, 49.41it/s]
Batches:  50%|████▉     | 354/710 [00:17<00:06, 51.91it/s]
Batches:  51%|█████     | 360/710 [00:17<00:06, 53.05it/s]
Batches:  52%|█████▏    | 367/710 [00:17<00:06, 55.91it/s]
Batches:  53%|█████▎    | 374/710 [00:18<00:05, 56.36it/s]
Batches:  54%|█████▎    | 381/710 [00:18<00:05, 58.32it/s]
Batches:  55%|█████▍    | 388/710 [00:18<00:05, 59.90it/s]
Batches:  56%|█████▌    | 396/710 [00:18<00:04, 63.13it/s]
Batches:  57%|█████▋    | 403/710 [00:18<00:04, 62.91it/s]
Batches:  58%|█████▊    | 411/710 [00:18<00:04, 65.82it/s]
Batches:  59%|█████▉    | 419/710 [00:18<00:04, 67.87it/s]
Batches:  60%|██████    | 427/710 [00:18<00:04, 69.20it/s]
Batches:  61%|██████▏   | 435/710 [00:18<00:03, 70.14it/s]
Batches:  62%|██████▏   | 443/710 [00:19<00:03, 70.16it/s]
Batches:  64%|██████▎   | 451/710 [00:19<00:03, 71.28it/s]
Batches:  65%|██████▍   | 459/710 [00:19<00:03, 73.07it/s]
Batches:  66%|██████▌   | 467/710 [00:19<00:03, 72.14it/s]
Batches:  67%|██████▋   | 475/710 [00:19<00:03, 72.74it/s]
Batches:  68%|██████▊   | 483/710 [00:19<00:03, 74.14it/s]
Batches:  69%|██████▉   | 491/710 [00:19<00:02, 74.25it/s]
Batches:  70%|███████   | 499/710 [00:19<00:02, 74.57it/s]
Batches:  71%|███████▏  | 507/710 [00:19<00:02, 75.76it/s]
Batches:  73%|███████▎  | 516/710 [00:19<00:02, 77.15it/s]
Batches:  74%|███████▍  | 524/710 [00:20<00:02, 77.91it/s]
Batches:  75%|███████▍  | 532/710 [00:20<00:02, 77.71it/s]
Batches:  76%|███████▌  | 540/710 [00:20<00:02, 77.77it/s]
Batches:  77%|███████▋  | 548/710 [00:20<00:02, 77.06it/s]
Batches:  78%|███████▊  | 556/710 [00:20<00:01, 77.19it/s]
Batches:  79%|███████▉  | 564/710 [00:20<00:01, 77.93it/s]
Batches:  81%|████████  | 572/710 [00:20<00:01, 78.03it/s]
Batches:  82%|████████▏ | 580/710 [00:20<00:01, 78.17it/s]
Batches:  83%|████████▎ | 588/710 [00:20<00:01, 77.93it/s]
Batches:  84%|████████▍ | 596/710 [00:21<00:01, 76.10it/s]
Batches:  85%|████████▌ | 604/710 [00:21<00:01, 75.20it/s]
Batches:  86%|████████▌ | 612/710 [00:21<00:01, 73.88it/s]
Batches:  87%|████████▋ | 620/710 [00:21<00:01, 75.27it/s]
Batches:  88%|████████▊ | 628/710 [00:21<00:01, 76.44it/s]
Batches:  90%|████████▉ | 636/710 [00:21<00:00, 76.93it/s]
Batches:  91%|█████████ | 644/710 [00:21<00:00, 77.51it/s]
Batches:  92%|█████████▏| 652/710 [00:21<00:00, 78.09it/s]
Batches:  93%|█████████▎| 661/710 [00:21<00:00, 78.84it/s]
Batches:  94%|█████████▍| 670/710 [00:21<00:00, 79.39it/s]
Batches:  95%|█████████▌| 678/710 [00:22<00:00, 79.38it/s]
Batches:  97%|█████████▋| 686/710 [00:22<00:00, 79.45it/s]
Batches:  98%|█████████▊| 694/710 [00:22<00:00, 79.51it/s]
Batches:  99%|█████████▉| 703/710 [00:22<00:00, 79.70it/s]
Batches: 100%|██████████| 710/710 [00:22<00:00, 31.58it/s]
[ace] retrieving
[embed] encoding 500 texts on device=cuda:0

Batches:   0%|          | 0/8 [00:00<?, ?it/s]
Batches:  38%|███▊      | 3/8 [00:00<00:00, 24.72it/s]
Batches:  88%|████████▊ | 7/8 [00:00<00:00, 29.15it/s]
Batches: 100%|██████████| 8/8 [00:00<00:00, 29.84it/s]
[density] loading reader once
`torch_dtype` is deprecated! Use `dtype` instead!
WARNING:transformers_modules.microsoft.Phi_hyphen_3_dot_5_hyphen_mini_hyphen_instruct.2fe192450127e6a83f7441aef6e3ca586c338b77.modeling_phi3:`flash-attention` package not found, consider installing for better performance: No module named 'flash_attn'.
WARNING:transformers_modules.microsoft.Phi_hyphen_3_dot_5_hyphen_mini_hyphen_instruct.2fe192450127e6a83f7441aef6e3ca586c338b77.modeling_phi3:Current `flash-attention` does not support `window_size`. Either upgrade or use `attn_implementation='eager'`.

Loading checkpoint shards:   0%|          | 0/2 [00:00<?, ?it/s]
Loading checkpoint shards:  50%|█████     | 1/2 [00:03<00:03,  3.81s/it]
Loading checkpoint shards: 100%|██████████| 2/2 [00:05<00:00,  2.82s/it]
Loading checkpoint shards: 100%|██████████| 2/2 [00:05<00:00,  2.97s/it]
[reader] loaded microsoft/Phi-3.5-mini-instruct (device_map=None, 4bit=False) entry=cuda:0
[density] materializing policy=chunk_packed_160
[density] generating policy=chunk_packed_160
WARNING:transformers_modules.microsoft.Phi_hyphen_3_dot_5_hyphen_mini_hyphen_instruct.2fe192450127e6a83f7441aef6e3ca586c338b77.modeling_phi3:You are not running the flash-attention implementation, expect numerical differences.
[reader] generated 2/500
[reader] generated 4/500
[reader] generated 6/500
[reader] generated 8/500
[reader] generated 10/500
[reader] generated 12/500
[reader] generated 14/500
[reader] generated 16/500
[reader] generated 18/500
[reader] generated 20/500
[reader] generated 22/500
[reader] generated 24/500
[reader] generated 26/500
[reader] generated 28/500
[reader] generated 30/500
[reader] generated 32/500
[reader] generated 34/500
[reader] generated 36/500
[reader] generated 38/500
[reader] generated 40/500
[reader] generated 42/500
[reader] generated 44/500
[reader] generated 46/500
[reader] generated 48/500
[reader] generated 50/500
[reader] generated 52/500
[reader] generated 54/500
[reader] generated 56/500
[reader] generated 58/500
[reader] generated 60/500
[reader] generated 62/500
[reader] generated 64/500
[reader] generated 66/500
[reader] generated 68/500
[reader] generated 70/500
[reader] generated 72/500
[reader] generated 74/500
[reader] generated 76/500
[reader] generated 78/500
[reader] generated 80/500
[reader] generated 82/500
[reader] generated 84/500
[reader] generated 86/500
[reader] generated 88/500
[reader] generated 90/500
[reader] generated 92/500
[reader] generated 94/500
[reader] generated 96/500
[reader] generated 98/500
[reader] generated 100/500
[reader] generated 102/500
[reader] generated 104/500
[reader] generated 106/500
[reader] generated 108/500
[reader] generated 110/500
[reader] generated 112/500
[reader] generated 114/500
[reader] generated 116/500
[reader] generated 118/500
[reader] generated 120/500
[reader] generated 122/500
[reader] generated 124/500
[reader] generated 126/500
[reader] generated 128/500
[reader] generated 130/500
[reader] generated 132/500
[reader] generated 134/500
[reader] generated 136/500
[reader] generated 138/500
[reader] generated 140/500
[reader] generated 142/500
[reader] generated 144/500
[reader] generated 146/500
[reader] generated 148/500
[reader] generated 150/500
[reader] generated 152/500
[reader] generated 154/500
[reader] generated 156/500
[reader] generated 158/500
[reader] generated 160/500
[reader] generated 162/500
[reader] generated 164/500
[reader] generated 166/500
[reader] generated 168/500
[reader] generated 170/500
[reader] generated 172/500
[reader] generated 174/500
[reader] generated 176/500
[reader] generated 178/500
[reader] generated 180/500
[reader] generated 182/500
[reader] generated 184/500
[reader] generated 186/500
[reader] generated 188/500
[reader] generated 190/500
[reader] generated 192/500
[reader] generated 194/500
[reader] generated 196/500
[reader] generated 198/500
[reader] generated 200/500
[reader] generated 202/500
[reader] generated 204/500
[reader] generated 206/500
[reader] generated 208/500
[reader] generated 210/500
[reader] generated 212/500
[reader] generated 214/500
[reader] generated 216/500
[reader] generated 218/500
[reader] generated 220/500
[reader] generated 222/500
[reader] generated 224/500
[reader] generated 226/500
[reader] generated 228/500
[reader] generated 230/500
[reader] generated 232/500
[reader] generated 234/500
[reader] generated 236/500
[reader] generated 238/500
[reader] generated 240/500
[reader] generated 242/500
[reader] generated 244/500
[reader] generated 246/500
[reader] generated 248/500
[reader] generated 250/500
[reader] generated 252/500
[reader] generated 254/500
[reader] generated 256/500
[reader] generated 258/500
[reader] generated 260/500
[reader] generated 262/500
[reader] generated 264/500
[reader] generated 266/500
[reader] generated 268/500
[reader] generated 270/500
[reader] generated 272/500
[reader] generated 274/500
[reader] generated 276/500
[reader] generated 278/500
[reader] generated 280/500
[reader] generated 282/500
[reader] generated 284/500
[reader] generated 286/500
[reader] generated 288/500
[reader] generated 290/500
[reader] generated 292/500
[reader] generated 294/500
[reader] generated 296/500
[reader] generated 298/500
[reader] generated 300/500
[reader] generated 302/500
[reader] generated 304/500
[reader] generated 306/500
[reader] generated 308/500
[reader] generated 310/500
[reader] generated 312/500
[reader] generated 314/500
[reader] generated 316/500
[reader] generated 318/500
[reader] generated 320/500
[reader] generated 322/500
[reader] generated 324/500
[reader] generated 326/500
[reader] generated 328/500
[reader] generated 330/500
[reader] generated 332/500
[reader] generated 334/500
[reader] generated 336/500
[reader] generated 338/500
[reader] generated 340/500
[reader] generated 342/500
[reader] generated 344/500
[reader] generated 346/500
[reader] generated 348/500
[reader] generated 350/500
[reader] generated 352/500
[reader] generated 354/500
[reader] generated 356/500
[reader] generated 358/500
[reader] generated 360/500
[reader] generated 362/500
[reader] generated 364/500
[reader] generated 366/500
[reader] generated 368/500
[reader] generated 370/500
[reader] generated 372/500
[reader] generated 374/500
[reader] generated 376/500
[reader] generated 378/500
[reader] generated 380/500
[reader] generated 382/500
[reader] generated 384/500
[reader] generated 386/500
[reader] generated 388/500
[reader] generated 390/500
[reader] generated 392/500
[reader] generated 394/500
[reader] generated 396/500
[reader] generated 398/500
[reader] generated 400/500
[reader] generated 402/500
[reader] generated 404/500
[reader] generated 406/500
[reader] generated 408/500
[reader] generated 410/500
[reader] generated 412/500
[reader] generated 414/500
[reader] generated 416/500
[reader] generated 418/500
[reader] generated 420/500
[reader] generated 422/500
[reader] generated 424/500
[reader] generated 426/500
[reader] generated 428/500
[reader] generated 430/500
[reader] generated 432/500
[reader] generated 434/500
[reader] generated 436/500
[reader] generated 438/500
[reader] generated 440/500
[reader] generated 442/500
[reader] generated 444/500
[reader] generated 446/500
[reader] generated 448/500
[reader] generated 450/500
[reader] generated 452/500
[reader] generated 454/500
[reader] generated 456/500
[reader] generated 458/500
[reader] generated 460/500
[reader] generated 462/500
[reader] generated 464/500
[reader] generated 466/500
[reader] generated 468/500
[reader] generated 470/500
[reader] generated 472/500
[reader] generated 474/500
[reader] generated 476/500
[reader] generated 478/500
[reader] generated 480/500
[reader] generated 482/500
[reader] generated 484/500
[reader] generated 486/500
[reader] generated 488/500
[reader] generated 490/500
[reader] generated 492/500
[reader] generated 494/500
[reader] generated 496/500
[reader] generated 498/500
[reader] generated 500/500
[density] policy=chunk_packed_160, router_type=fixed, representation=chunk, packer=packed, reader_model=microsoft/Phi-3.5-mini-instruct, packed_token_budget=160, recall@1=0.437, all_gold@1=0.0, recall@2=0.718, all_gold@2=0.496, recall@5=0.875, all_gold@5=0.762, qwen_em=0.216, qwen_f1=0.3842, avg_reader_evidence_tokens=150.79, mean_ans_in_context=0.576, mean_ans_in_context_soft=0.6453, mean_gold_token_density=0.408, mean_gold_doc_reader_cov=0.685, mean_all_gold_reader=0.446, mean_distractor_docs=1.984, mean_context_tokens=150.786, mean_n_snippets=3.502
[density] materializing policy=chunk_focused_160
[density] generating policy=chunk_focused_160
[reader] generated 2/500
[reader] generated 4/500
[reader] generated 6/500
[reader] generated 8/500
[reader] generated 10/500
[reader] generated 12/500
[reader] generated 14/500
[reader] generated 16/500
[reader] generated 18/500
[reader] generated 20/500
[reader] generated 22/500
[reader] generated 24/500
[reader] generated 26/500
[reader] generated 28/500
[reader] generated 30/500
[reader] generated 32/500
[reader] generated 34/500
[reader] generated 36/500
[reader] generated 38/500
[reader] generated 40/500
[reader] generated 42/500
[reader] generated 44/500
[reader] generated 46/500
[reader] generated 48/500
[reader] generated 50/500
[reader] generated 52/500
[reader] generated 54/500
[reader] generated 56/500
[reader] generated 58/500
[reader] generated 60/500
[reader] generated 62/500
[reader] generated 64/500
[reader] generated 66/500
[reader] generated 68/500
[reader] generated 70/500
[reader] generated 72/500
[reader] generated 74/500
[reader] generated 76/500
[reader] generated 78/500
[reader] generated 80/500
[reader] generated 82/500
[reader] generated 84/500
[reader] generated 86/500
[reader] generated 88/500
[reader] generated 90/500
[reader] generated 92/500
[reader] generated 94/500
[reader] generated 96/500
[reader] generated 98/500
[reader] generated 100/500
[reader] generated 102/500
[reader] generated 104/500
[reader] generated 106/500
[reader] generated 108/500
[reader] generated 110/500
[reader] generated 112/500
[reader] generated 114/500
[reader] generated 116/500
[reader] generated 118/500
[reader] generated 120/500
[reader] generated 122/500
[reader] generated 124/500
[reader] generated 126/500
[reader] generated 128/500
[reader] generated 130/500
[reader] generated 132/500
[reader] generated 134/500
[reader] generated 136/500
[reader] generated 138/500
[reader] generated 140/500
[reader] generated 142/500
[reader] generated 144/500
[reader] generated 146/500
[reader] generated 148/500
[reader] generated 150/500
[reader] generated 152/500
[reader] generated 154/500
[reader] generated 156/500
[reader] generated 158/500
[reader] generated 160/500
[reader] generated 162/500
[reader] generated 164/500
[reader] generated 166/500
[reader] generated 168/500
[reader] generated 170/500
[reader] generated 172/500
[reader] generated 174/500
[reader] generated 176/500
[reader] generated 178/500
[reader] generated 180/500
[reader] generated 182/500
[reader] generated 184/500
[reader] generated 186/500
[reader] generated 188/500
[reader] generated 190/500
[reader] generated 192/500
[reader] generated 194/500
[reader] generated 196/500
[reader] generated 198/500
[reader] generated 200/500
[reader] generated 202/500
[reader] generated 204/500
[reader] generated 206/500
[reader] generated 208/500
[reader] generated 210/500
[reader] generated 212/500
[reader] generated 214/500
[reader] generated 216/500
[reader] generated 218/500
[reader] generated 220/500
[reader] generated 222/500
[reader] generated 224/500
[reader] generated 226/500
[reader] generated 228/500
[reader] generated 230/500
[reader] generated 232/500
[reader] generated 234/500
[reader] generated 236/500
[reader] generated 238/500
[reader] generated 240/500
[reader] generated 242/500
[reader] generated 244/500
[reader] generated 246/500
[reader] generated 248/500
[reader] generated 250/500
[reader] generated 252/500
[reader] generated 254/500
[reader] generated 256/500
[reader] generated 258/500
[reader] generated 260/500
[reader] generated 262/500
[reader] generated 264/500
[reader] generated 266/500
[reader] generated 268/500
[reader] generated 270/500
[reader] generated 272/500
[reader] generated 274/500
[reader] generated 276/500
[reader] generated 278/500
[reader] generated 280/500
[reader] generated 282/500
[reader] generated 284/500
[reader] generated 286/500
[reader] generated 288/500
[reader] generated 290/500
[reader] generated 292/500
[reader] generated 294/500
[reader] generated 296/500
[reader] generated 298/500
[reader] generated 300/500
[reader] generated 302/500
[reader] generated 304/500
[reader] generated 306/500
[reader] generated 308/500
[reader] generated 310/500
[reader] generated 312/500
[reader] generated 314/500
[reader] generated 316/500
[reader] generated 318/500
[reader] generated 320/500
[reader] generated 322/500
[reader] generated 324/500
[reader] generated 326/500
[reader] generated 328/500
[reader] generated 330/500
[reader] generated 332/500
[reader] generated 334/500
[reader] generated 336/500
[reader] generated 338/500
[reader] generated 340/500
[reader] generated 342/500
[reader] generated 344/500
[reader] generated 346/500
[reader] generated 348/500
[reader] generated 350/500
[reader] generated 352/500
[reader] generated 354/500
[reader] generated 356/500
[reader] generated 358/500
[reader] generated 360/500
[reader] generated 362/500
[reader] generated 364/500
[reader] generated 366/500
[reader] generated 368/500
[reader] generated 370/500
[reader] generated 372/500
[reader] generated 374/500
[reader] generated 376/500
[reader] generated 378/500
[reader] generated 380/500
[reader] generated 382/500
[reader] generated 384/500
[reader] generated 386/500
[reader] generated 388/500
[reader] generated 390/500
[reader] generated 392/500
[reader] generated 394/500
[reader] generated 396/500
[reader] generated 398/500
[reader] generated 400/500
[reader] generated 402/500
[reader] generated 404/500
[reader] generated 406/500
[reader] generated 408/500
[reader] generated 410/500
[reader] generated 412/500
[reader] generated 414/500
[reader] generated 416/500
[reader] generated 418/500
[reader] generated 420/500
[reader] generated 422/500
[reader] generated 424/500
[reader] generated 426/500
[reader] generated 428/500
[reader] generated 430/500
[reader] generated 432/500
[reader] generated 434/500
[reader] generated 436/500
[reader] generated 438/500
[reader] generated 440/500
[reader] generated 442/500
[reader] generated 444/500
[reader] generated 446/500
[reader] generated 448/500
[reader] generated 450/500
[reader] generated 452/500
[reader] generated 454/500
[reader] generated 456/500
[reader] generated 458/500
[reader] generated 460/500
[reader] generated 462/500
[reader] generated 464/500
[reader] generated 466/500
[reader] generated 468/500
[reader] generated 470/500
[reader] generated 472/500
[reader] generated 474/500
[reader] generated 476/500
[reader] generated 478/500
[reader] generated 480/500
[reader] generated 482/500
[reader] generated 484/500
[reader] generated 486/500
[reader] generated 488/500
[reader] generated 490/500
[reader] generated 492/500
[reader] generated 494/500
[reader] generated 496/500
[reader] generated 498/500
[reader] generated 500/500
[density] policy=chunk_focused_160, router_type=fixed, representation=chunk, packer=focused, reader_model=microsoft/Phi-3.5-mini-instruct, packed_token_budget=160, recall@1=0.437, all_gold@1=0.0, recall@2=0.718, all_gold@2=0.496, recall@5=0.875, all_gold@5=0.762, qwen_em=0.25, qwen_f1=0.4352, avg_reader_evidence_tokens=151.89, mean_ans_in_context=0.644, mean_ans_in_context_soft=0.7113, mean_gold_token_density=0.5325, mean_gold_doc_reader_cov=0.748, mean_all_gold_reader=0.54, mean_distractor_docs=1.536, mean_context_tokens=151.888, mean_n_snippets=3.236
[density] materializing policy=chunk_mmr_160
[density] generating policy=chunk_mmr_160
[reader] generated 2/500
[reader] generated 4/500
[reader] generated 6/500
[reader] generated 8/500
[reader] generated 10/500
[reader] generated 12/500
[reader] generated 14/500
[reader] generated 16/500
[reader] generated 18/500
[reader] generated 20/500
[reader] generated 22/500
[reader] generated 24/500
[reader] generated 26/500
[reader] generated 28/500
[reader] generated 30/500
[reader] generated 32/500
[reader] generated 34/500
[reader] generated 36/500
[reader] generated 38/500
[reader] generated 40/500
[reader] generated 42/500
[reader] generated 44/500
[reader] generated 46/500
[reader] generated 48/500
[reader] generated 50/500
[reader] generated 52/500
[reader] generated 54/500
[reader] generated 56/500
[reader] generated 58/500
[reader] generated 60/500
[reader] generated 62/500
[reader] generated 64/500
[reader] generated 66/500
[reader] generated 68/500
[reader] generated 70/500
[reader] generated 72/500
[reader] generated 74/500
[reader] generated 76/500
[reader] generated 78/500
[reader] generated 80/500
[reader] generated 82/500
[reader] generated 84/500
[reader] generated 86/500
[reader] generated 88/500
[reader] generated 90/500
[reader] generated 92/500
[reader] generated 94/500
[reader] generated 96/500
[reader] generated 98/500
[reader] generated 100/500
[reader] generated 102/500
[reader] generated 104/500
[reader] generated 106/500
[reader] generated 108/500
[reader] generated 110/500
[reader] generated 112/500
[reader] generated 114/500
[reader] generated 116/500
[reader] generated 118/500
[reader] generated 120/500
[reader] generated 122/500
[reader] generated 124/500
[reader] generated 126/500
[reader] generated 128/500
[reader] generated 130/500
[reader] generated 132/500
[reader] generated 134/500
[reader] generated 136/500
[reader] generated 138/500
[reader] generated 140/500
[reader] generated 142/500
[reader] generated 144/500
[reader] generated 146/500
[reader] generated 148/500
[reader] generated 150/500
[reader] generated 152/500
[reader] generated 154/500
[reader] generated 156/500
[reader] generated 158/500
[reader] generated 160/500
[reader] generated 162/500
[reader] generated 164/500
[reader] generated 166/500
[reader] generated 168/500
[reader] generated 170/500
[reader] generated 172/500
[reader] generated 174/500
[reader] generated 176/500
[reader] generated 178/500
[reader] generated 180/500
[reader] generated 182/500
[reader] generated 184/500
[reader] generated 186/500
[reader] generated 188/500
[reader] generated 190/500
[reader] generated 192/500
[reader] generated 194/500
[reader] generated 196/500
[reader] generated 198/500
[reader] generated 200/500
[reader] generated 202/500
[reader] generated 204/500
[reader] generated 206/500
[reader] generated 208/500
[reader] generated 210/500
[reader] generated 212/500
[reader] generated 214/500
[reader] generated 216/500
[reader] generated 218/500
[reader] generated 220/500
[reader] generated 222/500
[reader] generated 224/500
[reader] generated 226/500
[reader] generated 228/500
[reader] generated 230/500
[reader] generated 232/500
[reader] generated 234/500
[reader] generated 236/500
[reader] generated 238/500
[reader] generated 240/500
[reader] generated 242/500
[reader] generated 244/500
[reader] generated 246/500
[reader] generated 248/500
[reader] generated 250/500
[reader] generated 252/500
[reader] generated 254/500
[reader] generated 256/500
[reader] generated 258/500
[reader] generated 260/500
[reader] generated 262/500
[reader] generated 264/500
[reader] generated 266/500
[reader] generated 268/500
[reader] generated 270/500
[reader] generated 272/500
[reader] generated 274/500
[reader] generated 276/500
[reader] generated 278/500
[reader] generated 280/500
[reader] generated 282/500
[reader] generated 284/500
[reader] generated 286/500
[reader] generated 288/500
[reader] generated 290/500
[reader] generated 292/500
[reader] generated 294/500
[reader] generated 296/500
[reader] generated 298/500
[reader] generated 300/500
[reader] generated 302/500
[reader] generated 304/500
[reader] generated 306/500
[reader] generated 308/500
[reader] generated 310/500
[reader] generated 312/500
[reader] generated 314/500
[reader] generated 316/500
[reader] generated 318/500
[reader] generated 320/500
[reader] generated 322/500
[reader] generated 324/500
[reader] generated 326/500
[reader] generated 328/500
[reader] generated 330/500
[reader] generated 332/500
[reader] generated 334/500
[reader] generated 336/500
[reader] generated 338/500
[reader] generated 340/500
[reader] generated 342/500
[reader] generated 344/500
[reader] generated 346/500
[reader] generated 348/500
[reader] generated 350/500
[reader] generated 352/500
[reader] generated 354/500
[reader] generated 356/500
[reader] generated 358/500
[reader] generated 360/500
[reader] generated 362/500
[reader] generated 364/500
[reader] generated 366/500
[reader] generated 368/500
[reader] generated 370/500
[reader] generated 372/500
[reader] generated 374/500
[reader] generated 376/500
[reader] generated 378/500
[reader] generated 380/500
[reader] generated 382/500
[reader] generated 384/500
[reader] generated 386/500
[reader] generated 388/500
[reader] generated 390/500
[reader] generated 392/500
[reader] generated 394/500
[reader] generated 396/500
[reader] generated 398/500
[reader] generated 400/500
[reader] generated 402/500
[reader] generated 404/500
[reader] generated 406/500
[reader] generated 408/500
[reader] generated 410/500
[reader] generated 412/500
[reader] generated 414/500
[reader] generated 416/500
[reader] generated 418/500
[reader] generated 420/500
[reader] generated 422/500
[reader] generated 424/500
[reader] generated 426/500
[reader] generated 428/500
[reader] generated 430/500
[reader] generated 432/500
[reader] generated 434/500
[reader] generated 436/500
[reader] generated 438/500
[reader] generated 440/500
[reader] generated 442/500
[reader] generated 444/500
[reader] generated 446/500
[reader] generated 448/500
[reader] generated 450/500
[reader] generated 452/500
[reader] generated 454/500
[reader] generated 456/500
[reader] generated 458/500
[reader] generated 460/500
[reader] generated 462/500
[reader] generated 464/500
[reader] generated 466/500
[reader] generated 468/500
[reader] generated 470/500
[reader] generated 472/500
[reader] generated 474/500
[reader] generated 476/500
[reader] generated 478/500
[reader] generated 480/500
[reader] generated 482/500
[reader] generated 484/500
[reader] generated 486/500
[reader] generated 488/500
[reader] generated 490/500
[reader] generated 492/500
[reader] generated 494/500
[reader] generated 496/500
[reader] generated 498/500
[reader] generated 500/500
[density] policy=chunk_mmr_160, router_type=fixed, representation=chunk, packer=mmr, reader_model=microsoft/Phi-3.5-mini-instruct, packed_token_budget=160, recall@1=0.437, all_gold@1=0.0, recall@2=0.718, all_gold@2=0.496, recall@5=0.875, all_gold@5=0.762, qwen_em=0.236, qwen_f1=0.4111, avg_reader_evidence_tokens=151.48, mean_ans_in_context=0.602, mean_ans_in_context_soft=0.668, mean_gold_token_density=0.5096, mean_gold_doc_reader_cov=0.68, mean_all_gold_reader=0.422, mean_distractor_docs=1.538, mean_context_tokens=151.482, mean_n_snippets=3.308
[density] materializing policy=chunk_submod_160
[density] generating policy=chunk_submod_160
[reader] generated 2/500
[reader] generated 4/500
[reader] generated 6/500
[reader] generated 8/500
[reader] generated 10/500
[reader] generated 12/500
[reader] generated 14/500
[reader] generated 16/500
[reader] generated 18/500
[reader] generated 20/500
[reader] generated 22/500
[reader] generated 24/500
[reader] generated 26/500
[reader] generated 28/500
[reader] generated 30/500
[reader] generated 32/500
[reader] generated 34/500
[reader] generated 36/500
[reader] generated 38/500
[reader] generated 40/500
[reader] generated 42/500
[reader] generated 44/500
[reader] generated 46/500
[reader] generated 48/500
[reader] generated 50/500
[reader] generated 52/500
[reader] generated 54/500
[reader] generated 56/500
[reader] generated 58/500
[reader] generated 60/500
[reader] generated 62/500
[reader] generated 64/500
[reader] generated 66/500
[reader] generated 68/500
[reader] generated 70/500
[reader] generated 72/500
[reader] generated 74/500
[reader] generated 76/500
[reader] generated 78/500
[reader] generated 80/500
[reader] generated 82/500
[reader] generated 84/500
[reader] generated 86/500
[reader] generated 88/500
[reader] generated 90/500
[reader] generated 92/500
[reader] generated 94/500
[reader] generated 96/500
[reader] generated 98/500
[reader] generated 100/500
[reader] generated 102/500
[reader] generated 104/500
[reader] generated 106/500
[reader] generated 108/500
[reader] generated 110/500
[reader] generated 112/500
[reader] generated 114/500
[reader] generated 116/500
[reader] generated 118/500
[reader] generated 120/500
[reader] generated 122/500
[reader] generated 124/500
[reader] generated 126/500
[reader] generated 128/500
[reader] generated 130/500
[reader] generated 132/500
[reader] generated 134/500
[reader] generated 136/500
[reader] generated 138/500
[reader] generated 140/500
[reader] generated 142/500
[reader] generated 144/500
[reader] generated 146/500
[reader] generated 148/500
[reader] generated 150/500
[reader] generated 152/500
[reader] generated 154/500
[reader] generated 156/500
[reader] generated 158/500
[reader] generated 160/500
[reader] generated 162/500
[reader] generated 164/500
[reader] generated 166/500
[reader] generated 168/500
[reader] generated 170/500
[reader] generated 172/500
[reader] generated 174/500
[reader] generated 176/500
[reader] generated 178/500
[reader] generated 180/500
[reader] generated 182/500
[reader] generated 184/500
[reader] generated 186/500
[reader] generated 188/500
[reader] generated 190/500
[reader] generated 192/500
[reader] generated 194/500
[reader] generated 196/500
[reader] generated 198/500
[reader] generated 200/500
[reader] generated 202/500
[reader] generated 204/500
[reader] generated 206/500
[reader] generated 208/500
[reader] generated 210/500
[reader] generated 212/500
[reader] generated 214/500
[reader] generated 216/500
[reader] generated 218/500
[reader] generated 220/500
[reader] generated 222/500
[reader] generated 224/500
[reader] generated 226/500
[reader] generated 228/500
[reader] generated 230/500
[reader] generated 232/500
[reader] generated 234/500
[reader] generated 236/500
[reader] generated 238/500
[reader] generated 240/500
[reader] generated 242/500
[reader] generated 244/500
[reader] generated 246/500
[reader] generated 248/500
[reader] generated 250/500
[reader] generated 252/500
[reader] generated 254/500
[reader] generated 256/500
[reader] generated 258/500
[reader] generated 260/500
[reader] generated 262/500
[reader] generated 264/500
[reader] generated 266/500
[reader] generated 268/500
[reader] generated 270/500
[reader] generated 272/500
[reader] generated 274/500
[reader] generated 276/500
[reader] generated 278/500
[reader] generated 280/500
[reader] generated 282/500
[reader] generated 284/500
[reader] generated 286/500
[reader] generated 288/500
[reader] generated 290/500
[reader] generated 292/500
[reader] generated 294/500
[reader] generated 296/500
[reader] generated 298/500
[reader] generated 300/500
[reader] generated 302/500
[reader] generated 304/500
[reader] generated 306/500
[reader] generated 308/500
[reader] generated 310/500
[reader] generated 312/500
[reader] generated 314/500
[reader] generated 316/500
[reader] generated 318/500
[reader] generated 320/500
[reader] generated 322/500
[reader] generated 324/500
[reader] generated 326/500
[reader] generated 328/500
[reader] generated 330/500
[reader] generated 332/500
[reader] generated 334/500
[reader] generated 336/500
[reader] generated 338/500
[reader] generated 340/500
[reader] generated 342/500
[reader] generated 344/500
[reader] generated 346/500
[reader] generated 348/500
[reader] generated 350/500
[reader] generated 352/500
[reader] generated 354/500
[reader] generated 356/500
[reader] generated 358/500
[reader] generated 360/500
[reader] generated 362/500
[reader] generated 364/500
[reader] generated 366/500
[reader] generated 368/500
[reader] generated 370/500
[reader] generated 372/500
[reader] generated 374/500
[reader] generated 376/500
[reader] generated 378/500
[reader] generated 380/500
[reader] generated 382/500
[reader] generated 384/500
[reader] generated 386/500
[reader] generated 388/500
[reader] generated 390/500
[reader] generated 392/500
[reader] generated 394/500
[reader] generated 396/500
[reader] generated 398/500
[reader] generated 400/500
[reader] generated 402/500
[reader] generated 404/500
[reader] generated 406/500
[reader] generated 408/500
[reader] generated 410/500
[reader] generated 412/500
[reader] generated 414/500
[reader] generated 416/500
[reader] generated 418/500
[reader] generated 420/500
[reader] generated 422/500
[reader] generated 424/500
[reader] generated 426/500
[reader] generated 428/500
[reader] generated 430/500
[reader] generated 432/500
[reader] generated 434/500
[reader] generated 436/500
[reader] generated 438/500
[reader] generated 440/500
[reader] generated 442/500
[reader] generated 444/500
[reader] generated 446/500
[reader] generated 448/500
[reader] generated 450/500
[reader] generated 452/500
[reader] generated 454/500
[reader] generated 456/500
[reader] generated 458/500
[reader] generated 460/500
[reader] generated 462/500
[reader] generated 464/500
[reader] generated 466/500
[reader] generated 468/500
[reader] generated 470/500
[reader] generated 472/500
[reader] generated 474/500
[reader] generated 476/500
[reader] generated 478/500
[reader] generated 480/500
[reader] generated 482/500
[reader] generated 484/500
[reader] generated 486/500
[reader] generated 488/500
[reader] generated 490/500
[reader] generated 492/500
[reader] generated 494/500
[reader] generated 496/500
[reader] generated 498/500
[reader] generated 500/500
[density] policy=chunk_submod_160, router_type=fixed, representation=chunk, packer=submod, reader_model=microsoft/Phi-3.5-mini-instruct, packed_token_budget=160, recall@1=0.437, all_gold@1=0.0, recall@2=0.718, all_gold@2=0.496, recall@5=0.875, all_gold@5=0.762, qwen_em=0.266, qwen_f1=0.4453, avg_reader_evidence_tokens=145.52, mean_ans_in_context=0.628, mean_ans_in_context_soft=0.6913, mean_gold_token_density=0.4565, mean_gold_doc_reader_cov=0.778, mean_all_gold_reader=0.586, mean_distractor_docs=2.236, mean_context_tokens=145.52, mean_n_snippets=4.57
[density] materializing policy=ace_focused_160
[density] generating policy=ace_focused_160
[reader] generated 2/500
[reader] generated 4/500
[reader] generated 6/500
[reader] generated 8/500
[reader] generated 10/500
[reader] generated 12/500
[reader] generated 14/500
[reader] generated 16/500
[reader] generated 18/500
[reader] generated 20/500
[reader] generated 22/500
[reader] generated 24/500
[reader] generated 26/500
[reader] generated 28/500
[reader] generated 30/500
[reader] generated 32/500
[reader] generated 34/500
[reader] generated 36/500
[reader] generated 38/500
[reader] generated 40/500
[reader] generated 42/500
[reader] generated 44/500
[reader] generated 46/500
[reader] generated 48/500
[reader] generated 50/500
[reader] generated 52/500
[reader] generated 54/500
[reader] generated 56/500
[reader] generated 58/500
[reader] generated 60/500
[reader] generated 62/500
[reader] generated 64/500
[reader] generated 66/500
[reader] generated 68/500
[reader] generated 70/500
[reader] generated 72/500
[reader] generated 74/500
[reader] generated 76/500
[reader] generated 78/500
[reader] generated 80/500
[reader] generated 82/500
[reader] generated 84/500
[reader] generated 86/500
[reader] generated 88/500
[reader] generated 90/500
[reader] generated 92/500
[reader] generated 94/500
[reader] generated 96/500
[reader] generated 98/500
[reader] generated 100/500
[reader] generated 102/500
[reader] generated 104/500
[reader] generated 106/500
[reader] generated 108/500
[reader] generated 110/500
[reader] generated 112/500
[reader] generated 114/500
[reader] generated 116/500
[reader] generated 118/500
[reader] generated 120/500
[reader] generated 122/500
[reader] generated 124/500
[reader] generated 126/500
[reader] generated 128/500
[reader] generated 130/500
[reader] generated 132/500
[reader] generated 134/500
[reader] generated 136/500
[reader] generated 138/500
[reader] generated 140/500
[reader] generated 142/500
[reader] generated 144/500
[reader] generated 146/500
[reader] generated 148/500
[reader] generated 150/500
[reader] generated 152/500
[reader] generated 154/500
[reader] generated 156/500
[reader] generated 158/500
[reader] generated 160/500
[reader] generated 162/500
[reader] generated 164/500
[reader] generated 166/500
[reader] generated 168/500
[reader] generated 170/500
[reader] generated 172/500
[reader] generated 174/500
[reader] generated 176/500
[reader] generated 178/500
[reader] generated 180/500
[reader] generated 182/500
[reader] generated 184/500
[reader] generated 186/500
[reader] generated 188/500
[reader] generated 190/500
[reader] generated 192/500
[reader] generated 194/500
[reader] generated 196/500
[reader] generated 198/500
[reader] generated 200/500
[reader] generated 202/500
[reader] generated 204/500
[reader] generated 206/500
[reader] generated 208/500
[reader] generated 210/500
[reader] generated 212/500
[reader] generated 214/500
[reader] generated 216/500
[reader] generated 218/500
[reader] generated 220/500
[reader] generated 222/500
[reader] generated 224/500
[reader] generated 226/500
[reader] generated 228/500
[reader] generated 230/500
[reader] generated 232/500
[reader] generated 234/500
[reader] generated 236/500
[reader] generated 238/500
[reader] generated 240/500
[reader] generated 242/500
[reader] generated 244/500
[reader] generated 246/500
[reader] generated 248/500
[reader] generated 250/500
[reader] generated 252/500
[reader] generated 254/500
[reader] generated 256/500
[reader] generated 258/500
[reader] generated 260/500
[reader] generated 262/500
[reader] generated 264/500
[reader] generated 266/500
[reader] generated 268/500
[reader] generated 270/500
[reader] generated 272/500
[reader] generated 274/500
[reader] generated 276/500
[reader] generated 278/500
[reader] generated 280/500
[reader] generated 282/500
[reader] generated 284/500
[reader] generated 286/500
[reader] generated 288/500
[reader] generated 290/500
[reader] generated 292/500
[reader] generated 294/500
[reader] generated 296/500
[reader] generated 298/500
[reader] generated 300/500
[reader] generated 302/500
[reader] generated 304/500
[reader] generated 306/500
[reader] generated 308/500
[reader] generated 310/500
[reader] generated 312/500
[reader] generated 314/500
[reader] generated 316/500
[reader] generated 318/500
[reader] generated 320/500
[reader] generated 322/500
[reader] generated 324/500
[reader] generated 326/500
[reader] generated 328/500
[reader] generated 330/500
[reader] generated 332/500
[reader] generated 334/500
[reader] generated 336/500
[reader] generated 338/500
[reader] generated 340/500
[reader] generated 342/500
[reader] generated 344/500
[reader] generated 346/500
[reader] generated 348/500
[reader] generated 350/500
[reader] generated 352/500
[reader] generated 354/500
[reader] generated 356/500
[reader] generated 358/500
[reader] generated 360/500
[reader] generated 362/500
[reader] generated 364/500
[reader] generated 366/500
[reader] generated 368/500
[reader] generated 370/500
[reader] generated 372/500
[reader] generated 374/500
[reader] generated 376/500
[reader] generated 378/500
[reader] generated 380/500
[reader] generated 382/500
[reader] generated 384/500
[reader] generated 386/500
[reader] generated 388/500
[reader] generated 390/500
[reader] generated 392/500
[reader] generated 394/500
[reader] generated 396/500
[reader] generated 398/500
[reader] generated 400/500
[reader] generated 402/500
[reader] generated 404/500
[reader] generated 406/500
[reader] generated 408/500
[reader] generated 410/500
[reader] generated 412/500
[reader] generated 414/500
[reader] generated 416/500
[reader] generated 418/500
[reader] generated 420/500
[reader] generated 422/500
[reader] generated 424/500
[reader] generated 426/500
[reader] generated 428/500
[reader] generated 430/500
[reader] generated 432/500
[reader] generated 434/500
[reader] generated 436/500
[reader] generated 438/500
[reader] generated 440/500
[reader] generated 442/500
[reader] generated 444/500
[reader] generated 446/500
[reader] generated 448/500
[reader] generated 450/500
[reader] generated 452/500
[reader] generated 454/500
[reader] generated 456/500
[reader] generated 458/500
[reader] generated 460/500
[reader] generated 462/500
[reader] generated 464/500
[reader] generated 466/500
[reader] generated 468/500
[reader] generated 470/500
[reader] generated 472/500
[reader] generated 474/500
[reader] generated 476/500
[reader] generated 478/500
[reader] generated 480/500
[reader] generated 482/500
[reader] generated 484/500
[reader] generated 486/500
[reader] generated 488/500
[reader] generated 490/500
[reader] generated 492/500
[reader] generated 494/500
[reader] generated 496/500
[reader] generated 498/500
[reader] generated 500/500
[density] policy=ace_focused_160, router_type=fixed, representation=ace, packer=focused, reader_model=microsoft/Phi-3.5-mini-instruct, packed_token_budget=160, recall@1=0.409, all_gold@1=0.0, recall@2=0.665, all_gold@2=0.406, recall@5=0.847, all_gold@5=0.718, qwen_em=0.244, qwen_f1=0.4287, avg_reader_evidence_tokens=150.08, mean_ans_in_context=0.618, mean_ans_in_context_soft=0.6897, mean_gold_token_density=0.4566, mean_gold_doc_reader_cov=0.751, mean_all_gold_reader=0.544, mean_distractor_docs=2.128, mean_context_tokens=150.078, mean_n_snippets=4.046
[density] materializing policy=ace_mmr_160
[density] generating policy=ace_mmr_160
[reader] generated 2/500
[reader] generated 4/500
[reader] generated 6/500
[reader] generated 8/500
[reader] generated 10/500
[reader] generated 12/500
[reader] generated 14/500
[reader] generated 16/500
[reader] generated 18/500
[reader] generated 20/500
[reader] generated 22/500
[reader] generated 24/500
[reader] generated 26/500
[reader] generated 28/500
[reader] generated 30/500
[reader] generated 32/500
[reader] generated 34/500
[reader] generated 36/500
[reader] generated 38/500
[reader] generated 40/500
[reader] generated 42/500
[reader] generated 44/500
[reader] generated 46/500
[reader] generated 48/500
[reader] generated 50/500
[reader] generated 52/500
[reader] generated 54/500
[reader] generated 56/500
[reader] generated 58/500
[reader] generated 60/500
[reader] generated 62/500
[reader] generated 64/500
[reader] generated 66/500
[reader] generated 68/500
[reader] generated 70/500
[reader] generated 72/500
[reader] generated 74/500
[reader] generated 76/500
[reader] generated 78/500
[reader] generated 80/500
[reader] generated 82/500
[reader] generated 84/500
[reader] generated 86/500
[reader] generated 88/500
[reader] generated 90/500
[reader] generated 92/500
[reader] generated 94/500
[reader] generated 96/500
[reader] generated 98/500
[reader] generated 100/500
[reader] generated 102/500
[reader] generated 104/500
[reader] generated 106/500
[reader] generated 108/500
[reader] generated 110/500
[reader] generated 112/500
[reader] generated 114/500
[reader] generated 116/500
[reader] generated 118/500
[reader] generated 120/500
[reader] generated 122/500
[reader] generated 124/500
[reader] generated 126/500
[reader] generated 128/500
[reader] generated 130/500
[reader] generated 132/500
[reader] generated 134/500
[reader] generated 136/500
[reader] generated 138/500
[reader] generated 140/500
[reader] generated 142/500
[reader] generated 144/500
[reader] generated 146/500
[reader] generated 148/500
[reader] generated 150/500
[reader] generated 152/500
[reader] generated 154/500
[reader] generated 156/500
[reader] generated 158/500
[reader] generated 160/500
[reader] generated 162/500
[reader] generated 164/500
[reader] generated 166/500
[reader] generated 168/500
[reader] generated 170/500
[reader] generated 172/500
[reader] generated 174/500
[reader] generated 176/500
[reader] generated 178/500
[reader] generated 180/500
[reader] generated 182/500
[reader] generated 184/500
[reader] generated 186/500
[reader] generated 188/500
[reader] generated 190/500
[reader] generated 192/500
[reader] generated 194/500
[reader] generated 196/500
[reader] generated 198/500
[reader] generated 200/500
[reader] generated 202/500
[reader] generated 204/500
[reader] generated 206/500
[reader] generated 208/500
[reader] generated 210/500
[reader] generated 212/500
[reader] generated 214/500
[reader] generated 216/500
[reader] generated 218/500
[reader] generated 220/500
[reader] generated 222/500
[reader] generated 224/500
[reader] generated 226/500
[reader] generated 228/500
[reader] generated 230/500
[reader] generated 232/500
[reader] generated 234/500
[reader] generated 236/500
[reader] generated 238/500
[reader] generated 240/500
[reader] generated 242/500
[reader] generated 244/500
[reader] generated 246/500
[reader] generated 248/500
[reader] generated 250/500
[reader] generated 252/500
[reader] generated 254/500
[reader] generated 256/500
[reader] generated 258/500
[reader] generated 260/500
[reader] generated 262/500
[reader] generated 264/500
[reader] generated 266/500
[reader] generated 268/500
[reader] generated 270/500
[reader] generated 272/500
[reader] generated 274/500
[reader] generated 276/500
[reader] generated 278/500
[reader] generated 280/500
[reader] generated 282/500
[reader] generated 284/500
[reader] generated 286/500
[reader] generated 288/500
[reader] generated 290/500
[reader] generated 292/500
[reader] generated 294/500
[reader] generated 296/500
[reader] generated 298/500
[reader] generated 300/500
[reader] generated 302/500
[reader] generated 304/500
[reader] generated 306/500
[reader] generated 308/500
[reader] generated 310/500
[reader] generated 312/500
[reader] generated 314/500
[reader] generated 316/500
[reader] generated 318/500
[reader] generated 320/500
[reader] generated 322/500
[reader] generated 324/500
[reader] generated 326/500
[reader] generated 328/500
[reader] generated 330/500
[reader] generated 332/500
[reader] generated 334/500
[reader] generated 336/500
[reader] generated 338/500
[reader] generated 340/500
[reader] generated 342/500
[reader] generated 344/500
[reader] generated 346/500
[reader] generated 348/500
[reader] generated 350/500
[reader] generated 352/500
[reader] generated 354/500
[reader] generated 356/500
[reader] generated 358/500
[reader] generated 360/500
[reader] generated 362/500
[reader] generated 364/500
[reader] generated 366/500
[reader] generated 368/500
[reader] generated 370/500
[reader] generated 372/500
[reader] generated 374/500
[reader] generated 376/500
[reader] generated 378/500
[reader] generated 380/500
[reader] generated 382/500
[reader] generated 384/500
[reader] generated 386/500
[reader] generated 388/500
[reader] generated 390/500
[reader] generated 392/500
[reader] generated 394/500
[reader] generated 396/500
[reader] generated 398/500
[reader] generated 400/500
[reader] generated 402/500
[reader] generated 404/500
[reader] generated 406/500
[reader] generated 408/500
[reader] generated 410/500
[reader] generated 412/500
[reader] generated 414/500
[reader] generated 416/500
[reader] generated 418/500
[reader] generated 420/500
[reader] generated 422/500
[reader] generated 424/500
[reader] generated 426/500
[reader] generated 428/500
[reader] generated 430/500
[reader] generated 432/500
[reader] generated 434/500
[reader] generated 436/500
[reader] generated 438/500
[reader] generated 440/500
[reader] generated 442/500
[reader] generated 444/500
[reader] generated 446/500
[reader] generated 448/500
[reader] generated 450/500
[reader] generated 452/500
[reader] generated 454/500
[reader] generated 456/500
[reader] generated 458/500
[reader] generated 460/500
[reader] generated 462/500
[reader] generated 464/500
[reader] generated 466/500
[reader] generated 468/500
[reader] generated 470/500
[reader] generated 472/500
[reader] generated 474/500
[reader] generated 476/500
[reader] generated 478/500
[reader] generated 480/500
[reader] generated 482/500
[reader] generated 484/500
[reader] generated 486/500
[reader] generated 488/500
[reader] generated 490/500
[reader] generated 492/500
[reader] generated 494/500
[reader] generated 496/500
[reader] generated 498/500
[reader] generated 500/500
[density] policy=ace_mmr_160, router_type=fixed, representation=ace, packer=mmr, reader_model=microsoft/Phi-3.5-mini-instruct, packed_token_budget=160, recall@1=0.409, all_gold@1=0.0, recall@2=0.665, all_gold@2=0.406, recall@5=0.847, all_gold@5=0.718, qwen_em=0.22, qwen_f1=0.3949, avg_reader_evidence_tokens=150.05, mean_ans_in_context=0.59, mean_ans_in_context_soft=0.6589, mean_gold_token_density=0.456, mean_gold_doc_reader_cov=0.711, mean_all_gold_reader=0.478, mean_distractor_docs=2.078, mean_context_tokens=150.052, mean_n_snippets=4.1
[density] materializing policy=ace_submod_160
[density] generating policy=ace_submod_160
[reader] generated 2/500
[reader] generated 4/500
[reader] generated 6/500
[reader] generated 8/500
[reader] generated 10/500
[reader] generated 12/500
[reader] generated 14/500
[reader] generated 16/500
[reader] generated 18/500
[reader] generated 20/500
[reader] generated 22/500
[reader] generated 24/500
[reader] generated 26/500
[reader] generated 28/500
[reader] generated 30/500
[reader] generated 32/500
[reader] generated 34/500
[reader] generated 36/500
[reader] generated 38/500
[reader] generated 40/500
[reader] generated 42/500
[reader] generated 44/500
[reader] generated 46/500
[reader] generated 48/500
[reader] generated 50/500
[reader] generated 52/500
[reader] generated 54/500
[reader] generated 56/500
[reader] generated 58/500
[reader] generated 60/500
[reader] generated 62/500
[reader] generated 64/500
[reader] generated 66/500
[reader] generated 68/500
[reader] generated 70/500
[reader] generated 72/500
[reader] generated 74/500
[reader] generated 76/500
[reader] generated 78/500
[reader] generated 80/500
[reader] generated 82/500
[reader] generated 84/500
[reader] generated 86/500
[reader] generated 88/500
[reader] generated 90/500
[reader] generated 92/500
[reader] generated 94/500
[reader] generated 96/500
[reader] generated 98/500
[reader] generated 100/500
[reader] generated 102/500
[reader] generated 104/500
[reader] generated 106/500
[reader] generated 108/500
[reader] generated 110/500
[reader] generated 112/500
[reader] generated 114/500
[reader] generated 116/500
[reader] generated 118/500
[reader] generated 120/500
[reader] generated 122/500
[reader] generated 124/500
[reader] generated 126/500
[reader] generated 128/500
[reader] generated 130/500
[reader] generated 132/500
[reader] generated 134/500
[reader] generated 136/500
[reader] generated 138/500
[reader] generated 140/500
[reader] generated 142/500
[reader] generated 144/500
[reader] generated 146/500
[reader] generated 148/500
[reader] generated 150/500
[reader] generated 152/500
[reader] generated 154/500
[reader] generated 156/500
[reader] generated 158/500
[reader] generated 160/500
[reader] generated 162/500
[reader] generated 164/500
[reader] generated 166/500
[reader] generated 168/500
[reader] generated 170/500
[reader] generated 172/500
[reader] generated 174/500
[reader] generated 176/500
[reader] generated 178/500
[reader] generated 180/500
[reader] generated 182/500
[reader] generated 184/500
[reader] generated 186/500
[reader] generated 188/500
[reader] generated 190/500
[reader] generated 192/500
[reader] generated 194/500
[reader] generated 196/500
[reader] generated 198/500
[reader] generated 200/500
[reader] generated 202/500
[reader] generated 204/500
[reader] generated 206/500
[reader] generated 208/500
[reader] generated 210/500
[reader] generated 212/500
[reader] generated 214/500
[reader] generated 216/500
[reader] generated 218/500
[reader] generated 220/500
[reader] generated 222/500
[reader] generated 224/500
[reader] generated 226/500
[reader] generated 228/500
[reader] generated 230/500
[reader] generated 232/500
[reader] generated 234/500
[reader] generated 236/500
[reader] generated 238/500
[reader] generated 240/500
[reader] generated 242/500
[reader] generated 244/500
[reader] generated 246/500
[reader] generated 248/500
[reader] generated 250/500
[reader] generated 252/500
[reader] generated 254/500
[reader] generated 256/500
[reader] generated 258/500
[reader] generated 260/500
[reader] generated 262/500
[reader] generated 264/500
[reader] generated 266/500
[reader] generated 268/500
[reader] generated 270/500
[reader] generated 272/500
[reader] generated 274/500
[reader] generated 276/500
[reader] generated 278/500
[reader] generated 280/500
[reader] generated 282/500
[reader] generated 284/500
[reader] generated 286/500
[reader] generated 288/500
[reader] generated 290/500
[reader] generated 292/500
[reader] generated 294/500
[reader] generated 296/500
[reader] generated 298/500
[reader] generated 300/500
[reader] generated 302/500
[reader] generated 304/500
[reader] generated 306/500
[reader] generated 308/500
[reader] generated 310/500
[reader] generated 312/500
[reader] generated 314/500
[reader] generated 316/500
[reader] generated 318/500
[reader] generated 320/500
[reader] generated 322/500
[reader] generated 324/500
[reader] generated 326/500
[reader] generated 328/500
[reader] generated 330/500
[reader] generated 332/500
[reader] generated 334/500
[reader] generated 336/500
[reader] generated 338/500
[reader] generated 340/500
[reader] generated 342/500
[reader] generated 344/500
[reader] generated 346/500
[reader] generated 348/500
[reader] generated 350/500
[reader] generated 352/500
[reader] generated 354/500
[reader] generated 356/500
[reader] generated 358/500
[reader] generated 360/500
[reader] generated 362/500
[reader] generated 364/500
[reader] generated 366/500
[reader] generated 368/500
[reader] generated 370/500
[reader] generated 372/500
[reader] generated 374/500
[reader] generated 376/500
[reader] generated 378/500
[reader] generated 380/500
[reader] generated 382/500
[reader] generated 384/500
[reader] generated 386/500
[reader] generated 388/500
[reader] generated 390/500
[reader] generated 392/500
[reader] generated 394/500
[reader] generated 396/500
[reader] generated 398/500
[reader] generated 400/500
[reader] generated 402/500
[reader] generated 404/500
[reader] generated 406/500
[reader] generated 408/500
[reader] generated 410/500
[reader] generated 412/500
[reader] generated 414/500
[reader] generated 416/500
[reader] generated 418/500
[reader] generated 420/500
[reader] generated 422/500
[reader] generated 424/500
[reader] generated 426/500
[reader] generated 428/500
[reader] generated 430/500
[reader] generated 432/500
[reader] generated 434/500
[reader] generated 436/500
[reader] generated 438/500
[reader] generated 440/500
[reader] generated 442/500
[reader] generated 444/500
[reader] generated 446/500
[reader] generated 448/500
[reader] generated 450/500
[reader] generated 452/500
[reader] generated 454/500
[reader] generated 456/500
[reader] generated 458/500
[reader] generated 460/500
[reader] generated 462/500
[reader] generated 464/500
[reader] generated 466/500
[reader] generated 468/500
[reader] generated 470/500
[reader] generated 472/500
[reader] generated 474/500
[reader] generated 476/500
[reader] generated 478/500
[reader] generated 480/500
[reader] generated 482/500
[reader] generated 484/500
[reader] generated 486/500
[reader] generated 488/500
[reader] generated 490/500
[reader] generated 492/500
[reader] generated 494/500
[reader] generated 496/500
[reader] generated 498/500
[reader] generated 500/500
[density] policy=ace_submod_160, router_type=fixed, representation=ace, packer=submod, reader_model=microsoft/Phi-3.5-mini-instruct, packed_token_budget=160, recall@1=0.409, all_gold@1=0.0, recall@2=0.665, all_gold@2=0.406, recall@5=0.847, all_gold@5=0.718, qwen_em=0.238, qwen_f1=0.4176, avg_reader_evidence_tokens=147.5, mean_ans_in_context=0.608, mean_ans_in_context_soft=0.6852, mean_gold_token_density=0.4286, mean_gold_doc_reader_cov=0.741, mean_all_gold_reader=0.532, mean_distractor_docs=2.33, mean_context_tokens=147.496, mean_n_snippets=4.586
[density] policy=router_oracle_packer, router_type=oracle, representation=mixed, packer=oracle, reader_model=microsoft/Phi-3.5-mini-instruct, packed_token_budget=160, selection_counts={"ace_focused_160": 100, "ace_mmr_160": 27, "ace_submod_160": 83, "chunk_focused_160": 84, "chunk_mmr_160": 34, "chunk_submod_160": 172}, qwen_em=0.386, qwen_f1=0.5915, avg_reader_evidence_tokens=142.5, mean_ans_in_context=0.716, mean_ans_in_context_soft=0.7681, mean_gold_token_density=0.5119, mean_gold_doc_reader_cov=0.783, mean_all_gold_reader=0.598, mean_distractor_docs=1.88, mean_context_tokens=142.5, mean_n_snippets=3.968
wrote /kaggle/working/colab_results/stage12_crossfamily_hotpotqa_phi35mini_budget160_limit500_seed13/hotpotqa_density_standard_budget160_limit500_metrics.csv
wrote /kaggle/working/colab_results/stage12_crossfamily_hotpotqa_phi35mini_budget160_limit500_seed13/hotpotqa_density_standard_budget160_limit500_per_question.csv
--- cross-family phi35mini (microsoft/Phi-3.5-mini-instruct) seed 7 ---
$ /usr/bin/python3 -m experiments.run_density_router --dataset hotpotqa --limit 500 --seed 7 --ace-retriever standard --top-k 5 --top-k-nodes 48 --max-expanded-docs 5 --embedder sentence-transformers --embedding-model BAAI/bge-small-en-v1.5 --embed-device cuda --compressor truncate --compress-dims 320 --reader-backend hf --reader-model microsoft/Phi-3.5-mini-instruct --reader-device cuda --reader-batch-size 2 --mmr-lambda 0.7 --budget 160 --out-dir /kaggle/working/colab_results/stage12_crossfamily_hotpotqa_phi35mini_budget160_limit500_seed7 --split validation
hotpotqa[hf:validation:500]: 4948 docs, 500 questions, 2.00 gold docs/question
[density] retrieving chunk baseline
[chunk] fitting/indexing
[embed] encoding 4948 texts on device=cuda:0

Batches:   0%|          | 0/78 [00:00<?, ?it/s]
Batches:   1%|▏         | 1/78 [00:01<01:21,  1.06s/it]
Batches:   3%|▎         | 2/78 [00:01<00:55,  1.38it/s]
Batches:   4%|▍         | 3/78 [00:02<00:45,  1.64it/s]
Batches:   5%|▌         | 4/78 [00:02<00:38,  1.91it/s]
Batches:   6%|▋         | 5/78 [00:02<00:33,  2.20it/s]
Batches:   8%|▊         | 6/78 [00:03<00:30,  2.37it/s]
Batches:   9%|▉         | 7/78 [00:03<00:27,  2.57it/s]
Batches:  10%|█         | 8/78 [00:03<00:25,  2.77it/s]
Batches:  12%|█▏        | 9/78 [00:04<00:24,  2.81it/s]
Batches:  13%|█▎        | 10/78 [00:04<00:23,  2.90it/s]
Batches:  14%|█▍        | 11/78 [00:04<00:23,  2.91it/s]
Batches:  15%|█▌        | 12/78 [00:05<00:21,  3.12it/s]
Batches:  17%|█▋        | 13/78 [00:05<00:19,  3.30it/s]
Batches:  18%|█▊        | 14/78 [00:05<00:18,  3.41it/s]
Batches:  19%|█▉        | 15/78 [00:05<00:17,  3.56it/s]
Batches:  21%|██        | 16/78 [00:06<00:16,  3.71it/s]
Batches:  22%|██▏       | 17/78 [00:06<00:15,  3.85it/s]
Batches:  23%|██▎       | 18/78 [00:06<00:14,  4.02it/s]
Batches:  24%|██▍       | 19/78 [00:06<00:14,  3.99it/s]
Batches:  26%|██▌       | 20/78 [00:06<00:14,  4.08it/s]
Batches:  27%|██▋       | 21/78 [00:07<00:14,  3.94it/s]
Batches:  28%|██▊       | 22/78 [00:07<00:13,  4.20it/s]
Batches:  29%|██▉       | 23/78 [00:07<00:12,  4.40it/s]
Batches:  31%|███       | 24/78 [00:07<00:11,  4.60it/s]
Batches:  32%|███▏      | 25/78 [00:08<00:11,  4.61it/s]
Batches:  33%|███▎      | 26/78 [00:08<00:11,  4.72it/s]
Batches:  35%|███▍      | 27/78 [00:08<00:10,  4.77it/s]
Batches:  36%|███▌      | 28/78 [00:08<00:11,  4.45it/s]
Batches:  37%|███▋      | 29/78 [00:08<00:10,  4.74it/s]
Batches:  38%|███▊      | 30/78 [00:09<00:10,  4.76it/s]
Batches:  40%|███▉      | 31/78 [00:09<00:09,  4.88it/s]
Batches:  41%|████      | 32/78 [00:09<00:09,  4.84it/s]
Batches:  42%|████▏     | 33/78 [00:09<00:08,  5.04it/s]
Batches:  44%|████▎     | 34/78 [00:09<00:08,  5.30it/s]
Batches:  45%|████▍     | 35/78 [00:10<00:07,  5.46it/s]
Batches:  46%|████▌     | 36/78 [00:10<00:07,  5.48it/s]
Batches:  47%|████▋     | 37/78 [00:10<00:07,  5.49it/s]
Batches:  49%|████▊     | 38/78 [00:10<00:07,  5.65it/s]
Batches:  50%|█████     | 39/78 [00:10<00:06,  6.02it/s]
Batches:  51%|█████▏    | 40/78 [00:10<00:06,  6.06it/s]
Batches:  53%|█████▎    | 41/78 [00:11<00:06,  5.97it/s]
Batches:  54%|█████▍    | 42/78 [00:11<00:06,  6.00it/s]
Batches:  55%|█████▌    | 43/78 [00:11<00:05,  5.92it/s]
Batches:  56%|█████▋    | 44/78 [00:11<00:05,  6.09it/s]
Batches:  58%|█████▊    | 45/78 [00:11<00:05,  6.10it/s]
Batches:  59%|█████▉    | 46/78 [00:11<00:05,  6.26it/s]
Batches:  60%|██████    | 47/78 [00:11<00:04,  6.51it/s]
Batches:  62%|██████▏   | 48/78 [00:12<00:04,  6.89it/s]
Batches:  63%|██████▎   | 49/78 [00:12<00:04,  7.12it/s]
Batches:  64%|██████▍   | 50/78 [00:12<00:03,  7.49it/s]
Batches:  65%|██████▌   | 51/78 [00:12<00:03,  7.39it/s]
Batches:  67%|██████▋   | 52/78 [00:12<00:03,  7.48it/s]
Batches:  68%|██████▊   | 53/78 [00:12<00:03,  7.81it/s]
Batches:  69%|██████▉   | 54/78 [00:12<00:03,  7.21it/s]
Batches:  71%|███████   | 55/78 [00:13<00:03,  7.60it/s]
Batches:  72%|███████▏  | 56/78 [00:13<00:02,  7.99it/s]
Batches:  73%|███████▎  | 57/78 [00:13<00:02,  8.27it/s]
Batches:  74%|███████▍  | 58/78 [00:13<00:02,  8.39it/s]
Batches:  76%|███████▌  | 59/78 [00:13<00:02,  8.74it/s]
Batches:  77%|███████▋  | 60/78 [00:13<00:01,  9.06it/s]
Batches:  79%|███████▉  | 62/78 [00:13<00:01,  9.57it/s]
Batches:  82%|████████▏ | 64/78 [00:13<00:01, 10.08it/s]
Batches:  85%|████████▍ | 66/78 [00:14<00:01, 10.31it/s]
Batches:  87%|████████▋ | 68/78 [00:14<00:00, 10.69it/s]
Batches:  90%|████████▉ | 70/78 [00:14<00:00, 11.29it/s]
Batches:  92%|█████████▏| 72/78 [00:14<00:00, 11.77it/s]
Batches:  95%|█████████▍| 74/78 [00:14<00:00, 13.05it/s]
Batches:  97%|█████████▋| 76/78 [00:14<00:00, 14.23it/s]
Batches: 100%|██████████| 78/78 [00:14<00:00,  5.24it/s]
[chunk] retrieving
[embed] encoding 500 texts on device=cuda:0

Batches:   0%|          | 0/8 [00:00<?, ?it/s]
Batches:  38%|███▊      | 3/8 [00:00<00:00, 24.16it/s]
Batches:  88%|████████▊ | 7/8 [00:00<00:00, 30.55it/s]
Batches: 100%|██████████| 8/8 [00:00<00:00, 31.22it/s]
[density] retrieving ACE graph
[ace] building evidence graph
[ace] graph built: nodes=49359 edges=75836
[ace] fitting/indexing embeddings
[embed] encoding 44411 texts on device=cuda:0

Batches:   0%|          | 0/694 [00:00<?, ?it/s]
Batches:   0%|          | 1/694 [00:00<03:57,  2.91it/s]
Batches:   0%|          | 2/694 [00:00<02:33,  4.50it/s]
Batches:   0%|          | 3/694 [00:00<02:22,  4.85it/s]
Batches:   1%|          | 4/694 [00:00<02:03,  5.57it/s]
Batches:   1%|          | 5/694 [00:00<01:49,  6.31it/s]
Batches:   1%|          | 6/694 [00:01<01:43,  6.63it/s]
Batches:   1%|          | 7/694 [00:01<01:39,  6.93it/s]
Batches:   1%|          | 8/694 [00:01<01:30,  7.61it/s]
Batches:   1%|▏         | 9/694 [00:01<01:25,  7.99it/s]
Batches:   1%|▏         | 10/694 [00:01<01:22,  8.32it/s]
Batches:   2%|▏         | 12/694 [00:01<01:13,  9.24it/s]
Batches:   2%|▏         | 14/694 [00:01<01:09,  9.73it/s]
Batches:   2%|▏         | 16/694 [00:02<01:08,  9.85it/s]
Batches:   2%|▏         | 17/694 [00:02<01:08,  9.87it/s]
Batches:   3%|▎         | 18/694 [00:02<01:12,  9.26it/s]
Batches:   3%|▎         | 20/694 [00:02<01:06, 10.18it/s]
Batches:   3%|▎         | 22/694 [00:02<01:02, 10.79it/s]
Batches:   3%|▎         | 24/694 [00:02<01:00, 11.13it/s]
Batches:   4%|▎         | 26/694 [00:02<00:58, 11.49it/s]
Batches:   4%|▍         | 28/694 [00:03<00:55, 11.95it/s]
Batches:   4%|▍         | 30/694 [00:03<00:59, 11.19it/s]
Batches:   5%|▍         | 32/694 [00:03<00:56, 11.76it/s]
Batches:   5%|▍         | 34/694 [00:03<00:55, 11.83it/s]
Batches:   5%|▌         | 36/694 [00:03<00:54, 12.06it/s]
Batches:   5%|▌         | 38/694 [00:03<00:52, 12.43it/s]
Batches:   6%|▌         | 40/694 [00:04<00:49, 13.21it/s]
Batches:   6%|▌         | 42/694 [00:04<00:49, 13.11it/s]
Batches:   6%|▋         | 44/694 [00:04<00:47, 13.63it/s]
Batches:   7%|▋         | 46/694 [00:04<00:47, 13.71it/s]
Batches:   7%|▋         | 48/694 [00:04<00:45, 14.27it/s]
Batches:   7%|▋         | 50/694 [00:04<00:44, 14.61it/s]
Batches:   7%|▋         | 52/694 [00:04<00:45, 14.16it/s]
Batches:   8%|▊         | 54/694 [00:05<00:43, 14.56it/s]
Batches:   8%|▊         | 56/694 [00:05<00:43, 14.79it/s]
Batches:   8%|▊         | 58/694 [00:05<00:44, 14.34it/s]
Batches:   9%|▊         | 60/694 [00:05<00:43, 14.42it/s]
Batches:   9%|▉         | 62/694 [00:05<00:42, 14.81it/s]
Batches:   9%|▉         | 64/694 [00:05<00:40, 15.43it/s]
Batches:  10%|▉         | 66/694 [00:05<00:40, 15.48it/s]
Batches:  10%|▉         | 68/694 [00:05<00:39, 15.96it/s]
Batches:  10%|█         | 70/694 [00:06<00:37, 16.48it/s]
Batches:  10%|█         | 72/694 [00:06<00:36, 17.12it/s]
Batches:  11%|█         | 74/694 [00:06<00:35, 17.71it/s]
Batches:  11%|█         | 76/694 [00:06<00:35, 17.40it/s]
Batches:  11%|█         | 78/694 [00:06<00:36, 17.05it/s]
Batches:  12%|█▏        | 80/694 [00:06<00:36, 16.84it/s]
Batches:  12%|█▏        | 82/694 [00:06<00:35, 17.06it/s]
Batches:  12%|█▏        | 84/694 [00:06<00:36, 16.82it/s]
Batches:  12%|█▏        | 86/694 [00:07<00:36, 16.79it/s]
Batches:  13%|█▎        | 88/694 [00:07<00:34, 17.36it/s]
Batches:  13%|█▎        | 90/694 [00:07<00:34, 17.26it/s]
Batches:  13%|█▎        | 92/694 [00:07<00:34, 17.66it/s]
Batches:  14%|█▎        | 94/694 [00:07<00:32, 18.23it/s]
Batches:  14%|█▍        | 97/694 [00:07<00:31, 19.07it/s]
Batches:  14%|█▍        | 99/694 [00:07<00:33, 17.56it/s]
Batches:  15%|█▍        | 101/694 [00:07<00:34, 17.23it/s]
Batches:  15%|█▍        | 104/694 [00:08<00:32, 18.13it/s]
Batches:  15%|█▌        | 106/694 [00:08<00:31, 18.38it/s]
Batches:  16%|█▌        | 108/694 [00:08<00:31, 18.35it/s]
Batches:  16%|█▌        | 110/694 [00:08<00:34, 16.94it/s]
Batches:  16%|█▋        | 113/694 [00:08<00:32, 17.98it/s]
Batches:  17%|█▋        | 115/694 [00:08<00:32, 18.04it/s]
Batches:  17%|█▋        | 117/694 [00:08<00:31, 18.45it/s]
Batches:  17%|█▋        | 119/694 [00:08<00:30, 18.69it/s]
Batches:  17%|█▋        | 121/694 [00:08<00:30, 18.85it/s]
Batches:  18%|█▊        | 123/694 [00:09<00:30, 18.92it/s]
Batches:  18%|█▊        | 125/694 [00:09<00:30, 18.84it/s]
Batches:  18%|█▊        | 128/694 [00:09<00:29, 19.08it/s]
Batches:  19%|█▉        | 131/694 [00:09<00:28, 19.60it/s]
Batches:  19%|█▉        | 133/694 [00:09<00:29, 19.25it/s]
Batches:  20%|█▉        | 136/694 [00:09<00:28, 19.87it/s]
Batches:  20%|██        | 139/694 [00:09<00:27, 19.96it/s]
Batches:  20%|██        | 142/694 [00:09<00:26, 20.60it/s]
Batches:  21%|██        | 145/694 [00:10<00:26, 20.80it/s]
Batches:  21%|██▏       | 148/694 [00:10<00:26, 20.75it/s]
Batches:  22%|██▏       | 151/694 [00:10<00:25, 20.99it/s]
Batches:  22%|██▏       | 154/694 [00:10<00:25, 20.95it/s]
Batches:  23%|██▎       | 157/694 [00:10<00:25, 21.25it/s]
Batches:  23%|██▎       | 160/694 [00:10<00:24, 21.95it/s]
Batches:  23%|██▎       | 163/694 [00:10<00:23, 22.45it/s]
Batches:  24%|██▍       | 166/694 [00:11<00:23, 22.22it/s]
Batches:  24%|██▍       | 169/694 [00:11<00:25, 20.67it/s]
Batches:  25%|██▍       | 172/694 [00:11<00:24, 21.11it/s]
Batches:  25%|██▌       | 175/694 [00:11<00:24, 21.52it/s]
Batches:  26%|██▌       | 178/694 [00:11<00:24, 21.01it/s]
Batches:  26%|██▌       | 181/694 [00:11<00:24, 21.27it/s]
Batches:  27%|██▋       | 184/694 [00:11<00:23, 21.41it/s]
Batches:  27%|██▋       | 187/694 [00:12<00:23, 21.85it/s]
Batches:  27%|██▋       | 190/694 [00:12<00:22, 22.28it/s]
Batches:  28%|██▊       | 193/694 [00:12<00:21, 23.07it/s]
Batches:  28%|██▊       | 196/694 [00:12<00:21, 23.13it/s]
Batches:  29%|██▊       | 199/694 [00:12<00:20, 24.31it/s]
Batches:  29%|██▉       | 202/694 [00:12<00:20, 24.45it/s]
Batches:  30%|██▉       | 205/694 [00:12<00:19, 24.53it/s]
Batches:  30%|██▉       | 208/694 [00:12<00:19, 24.52it/s]
Batches:  30%|███       | 211/694 [00:13<00:19, 24.96it/s]
Batches:  31%|███       | 214/694 [00:13<00:18, 25.85it/s]
Batches:  31%|███▏      | 217/694 [00:13<00:18, 25.39it/s]
Batches:  32%|███▏      | 220/694 [00:13<00:18, 25.36it/s]
Batches:  32%|███▏      | 223/694 [00:13<00:18, 26.11it/s]
Batches:  33%|███▎      | 226/694 [00:13<00:17, 26.45it/s]
Batches:  33%|███▎      | 229/694 [00:13<00:17, 27.10it/s]
Batches:  33%|███▎      | 232/694 [00:13<00:16, 27.42it/s]
Batches:  34%|███▍      | 235/694 [00:13<00:16, 27.99it/s]
Batches:  34%|███▍      | 238/694 [00:14<00:16, 28.45it/s]
Batches:  35%|███▍      | 241/694 [00:14<00:16, 27.77it/s]
Batches:  35%|███▌      | 245/694 [00:14<00:15, 29.12it/s]
Batches:  36%|███▌      | 248/694 [00:14<00:15, 29.24it/s]
Batches:  36%|███▋      | 252/694 [00:14<00:14, 29.75it/s]
Batches:  37%|███▋      | 256/694 [00:14<00:14, 29.96it/s]
Batches:  37%|███▋      | 259/694 [00:14<00:14, 29.51it/s]
Batches:  38%|███▊      | 262/694 [00:14<00:14, 29.46it/s]
Batches:  38%|███▊      | 265/694 [00:14<00:14, 29.48it/s]
Batches:  39%|███▉      | 269/694 [00:15<00:13, 31.12it/s]
Batches:  39%|███▉      | 273/694 [00:15<00:12, 32.58it/s]
Batches:  40%|███▉      | 277/694 [00:15<00:12, 32.49it/s]
Batches:  40%|████      | 281/694 [00:15<00:12, 33.62it/s]
Batches:  41%|████      | 285/694 [00:15<00:11, 34.76it/s]
Batches:  42%|████▏     | 289/694 [00:15<00:11, 34.74it/s]
Batches:  42%|████▏     | 293/694 [00:15<00:11, 35.38it/s]
Batches:  43%|████▎     | 297/694 [00:15<00:10, 36.14it/s]
Batches:  43%|████▎     | 301/694 [00:15<00:10, 37.04it/s]
Batches:  44%|████▍     | 306/694 [00:16<00:09, 39.27it/s]
Batches:  45%|████▍     | 311/694 [00:16<00:09, 40.61it/s]
Batches:  46%|████▌     | 317/694 [00:16<00:08, 43.98it/s]
Batches:  46%|████▋     | 322/694 [00:16<00:08, 45.60it/s]
Batches:  47%|████▋     | 328/694 [00:16<00:07, 48.26it/s]
Batches:  48%|████▊     | 334/694 [00:16<00:07, 49.81it/s]
Batches:  49%|████▉     | 340/694 [00:16<00:06, 52.59it/s]
Batches:  50%|████▉     | 346/694 [00:16<00:06, 54.57it/s]
Batches:  51%|█████     | 353/694 [00:16<00:06, 56.74it/s]
Batches:  52%|█████▏    | 360/694 [00:17<00:05, 59.75it/s]
Batches:  53%|█████▎    | 367/694 [00:17<00:05, 62.14it/s]
Batches:  54%|█████▍    | 374/694 [00:17<00:05, 63.93it/s]
Batches:  55%|█████▌    | 382/694 [00:17<00:04, 66.44it/s]
Batches:  56%|█████▌    | 390/694 [00:17<00:04, 68.95it/s]
Batches:  57%|█████▋    | 398/694 [00:17<00:04, 70.26it/s]
Batches:  59%|█████▊    | 406/694 [00:17<00:03, 72.08it/s]
Batches:  60%|█████▉    | 414/694 [00:17<00:03, 73.29it/s]
Batches:  61%|██████    | 422/694 [00:17<00:03, 73.33it/s]
Batches:  62%|██████▏   | 430/694 [00:17<00:03, 74.58it/s]
Batches:  63%|██████▎   | 438/694 [00:18<00:03, 75.74it/s]
Batches:  64%|██████▍   | 447/694 [00:18<00:03, 77.13it/s]
Batches:  66%|██████▌   | 456/694 [00:18<00:03, 78.70it/s]
Batches:  67%|██████▋   | 465/694 [00:18<00:02, 79.49it/s]
Batches:  68%|██████▊   | 473/694 [00:18<00:02, 79.05it/s]
Batches:  69%|██████▉   | 482/694 [00:18<00:02, 79.97it/s]
Batches:  71%|███████   | 491/694 [00:18<00:02, 80.89it/s]
Batches:  72%|███████▏  | 500/694 [00:18<00:02, 80.64it/s]
Batches:  73%|███████▎  | 509/694 [00:18<00:02, 81.45it/s]
Batches:  75%|███████▍  | 518/694 [00:19<00:02, 79.59it/s]
Batches:  76%|███████▌  | 526/694 [00:19<00:02, 78.66it/s]
Batches:  77%|███████▋  | 535/694 [00:19<00:01, 81.64it/s]
Batches:  78%|███████▊  | 544/694 [00:19<00:01, 83.14it/s]
Batches:  80%|███████▉  | 553/694 [00:19<00:01, 84.33it/s]
Batches:  81%|████████  | 562/694 [00:19<00:01, 85.62it/s]
Batches:  82%|████████▏ | 571/694 [00:19<00:01, 86.34it/s]
Batches:  84%|████████▎ | 580/694 [00:19<00:01, 87.17it/s]
Batches:  85%|████████▍ | 589/694 [00:19<00:01, 87.07it/s]
Batches:  86%|████████▌ | 598/694 [00:19<00:01, 87.49it/s]
Batches:  87%|████████▋ | 607/694 [00:20<00:00, 87.43it/s]
Batches:  89%|████████▉ | 616/694 [00:20<00:00, 87.49it/s]
Batches:  90%|█████████ | 626/694 [00:20<00:00, 88.98it/s]
Batches:  91%|█████████▏| 635/694 [00:20<00:00, 88.89it/s]
Batches:  93%|█████████▎| 644/694 [00:20<00:00, 89.03it/s]
Batches:  94%|█████████▍| 654/694 [00:20<00:00, 90.55it/s]
Batches:  96%|█████████▌| 664/694 [00:20<00:00, 91.52it/s]
Batches:  97%|█████████▋| 674/694 [00:20<00:00, 91.67it/s]
Batches:  99%|█████████▊| 684/694 [00:20<00:00, 89.19it/s]
Batches: 100%|█████████▉| 693/694 [00:21<00:00, 89.35it/s]
Batches: 100%|██████████| 694/694 [00:21<00:00, 32.96it/s]
[ace] retrieving
[embed] encoding 500 texts on device=cuda:0

Batches:   0%|          | 0/8 [00:00<?, ?it/s]
Batches:  38%|███▊      | 3/8 [00:00<00:00, 23.37it/s]
Batches:  88%|████████▊ | 7/8 [00:00<00:00, 29.00it/s]
Batches: 100%|██████████| 8/8 [00:00<00:00, 29.53it/s]
[density] loading reader once
`torch_dtype` is deprecated! Use `dtype` instead!
WARNING:transformers_modules.microsoft.Phi_hyphen_3_dot_5_hyphen_mini_hyphen_instruct.2fe192450127e6a83f7441aef6e3ca586c338b77.modeling_phi3:`flash-attention` package not found, consider installing for better performance: No module named 'flash_attn'.
WARNING:transformers_modules.microsoft.Phi_hyphen_3_dot_5_hyphen_mini_hyphen_instruct.2fe192450127e6a83f7441aef6e3ca586c338b77.modeling_phi3:Current `flash-attention` does not support `window_size`. Either upgrade or use `attn_implementation='eager'`.

Loading checkpoint shards:   0%|          | 0/2 [00:00<?, ?it/s]
Loading checkpoint shards:  50%|█████     | 1/2 [00:03<00:03,  3.41s/it]
Loading checkpoint shards: 100%|██████████| 2/2 [00:05<00:00,  2.47s/it]
Loading checkpoint shards: 100%|██████████| 2/2 [00:05<00:00,  2.61s/it]
[reader] loaded microsoft/Phi-3.5-mini-instruct (device_map=None, 4bit=False) entry=cuda:0
[density] materializing policy=chunk_packed_160
[density] generating policy=chunk_packed_160
WARNING:transformers_modules.microsoft.Phi_hyphen_3_dot_5_hyphen_mini_hyphen_instruct.2fe192450127e6a83f7441aef6e3ca586c338b77.modeling_phi3:You are not running the flash-attention implementation, expect numerical differences.
[reader] generated 2/500
[reader] generated 4/500
[reader] generated 6/500
[reader] generated 8/500
[reader] generated 10/500
[reader] generated 12/500
[reader] generated 14/500
[reader] generated 16/500
[reader] generated 18/500
[reader] generated 20/500
[reader] generated 22/500
[reader] generated 24/500
[reader] generated 26/500
[reader] generated 28/500
[reader] generated 30/500
[reader] generated 32/500
[reader] generated 34/500
[reader] generated 36/500
[reader] generated 38/500
[reader] generated 40/500
[reader] generated 42/500
[reader] generated 44/500
[reader] generated 46/500
[reader] generated 48/500
[reader] generated 50/500
[reader] generated 52/500
[reader] generated 54/500
[reader] generated 56/500
[reader] generated 58/500
[reader] generated 60/500
[reader] generated 62/500
[reader] generated 64/500
[reader] generated 66/500
[reader] generated 68/500
[reader] generated 70/500
[reader] generated 72/500
[reader] generated 74/500
[reader] generated 76/500
[reader] generated 78/500
[reader] generated 80/500
[reader] generated 82/500
[reader] generated 84/500
[reader] generated 86/500
[reader] generated 88/500
[reader] generated 90/500
[reader] generated 92/500
[reader] generated 94/500
[reader] generated 96/500
[reader] generated 98/500
[reader] generated 100/500
[reader] generated 102/500
[reader] generated 104/500
[reader] generated 106/500
[reader] generated 108/500
[reader] generated 110/500
[reader] generated 112/500
[reader] generated 114/500
[reader] generated 116/500
[reader] generated 118/500
[reader] generated 120/500
[reader] generated 122/500
[reader] generated 124/500
[reader] generated 126/500
[reader] generated 128/500
[reader] generated 130/500
[reader] generated 132/500
[reader] generated 134/500
[reader] generated 136/500
[reader] generated 138/500
[reader] generated 140/500
[reader] generated 142/500
[reader] generated 144/500
[reader] generated 146/500
[reader] generated 148/500
[reader] generated 150/500
[reader] generated 152/500
[reader] generated 154/500
[reader] generated 156/500
[reader] generated 158/500
[reader] generated 160/500
[reader] generated 162/500
[reader] generated 164/500
[reader] generated 166/500
[reader] generated 168/500
[reader] generated 170/500
[reader] generated 172/500
[reader] generated 174/500
[reader] generated 176/500
[reader] generated 178/500
[reader] generated 180/500
[reader] generated 182/500
[reader] generated 184/500
[reader] generated 186/500
[reader] generated 188/500
[reader] generated 190/500
[reader] generated 192/500
[reader] generated 194/500
[reader] generated 196/500
[reader] generated 198/500
[reader] generated 200/500
[reader] generated 202/500
[reader] generated 204/500
[reader] generated 206/500
[reader] generated 208/500
[reader] generated 210/500
[reader] generated 212/500
[reader] generated 214/500
[reader] generated 216/500
[reader] generated 218/500
[reader] generated 220/500
[reader] generated 222/500
[reader] generated 224/500
[reader] generated 226/500
[reader] generated 228/500
[reader] generated 230/500
[reader] generated 232/500
[reader] generated 234/500
[reader] generated 236/500
[reader] generated 238/500
[reader] generated 240/500
[reader] generated 242/500
[reader] generated 244/500
[reader] generated 246/500
[reader] generated 248/500
[reader] generated 250/500
[reader] generated 252/500
[reader] generated 254/500
[reader] generated 256/500
[reader] generated 258/500
[reader] generated 260/500
[reader] generated 262/500
[reader] generated 264/500
[reader] generated 266/500
[reader] generated 268/500
[reader] generated 270/500
[reader] generated 272/500
[reader] generated 274/500
[reader] generated 276/500
[reader] generated 278/500
[reader] generated 280/500
[reader] generated 282/500
[reader] generated 284/500
[reader] generated 286/500
[reader] generated 288/500
[reader] generated 290/500
[reader] generated 292/500
[reader] generated 294/500
[reader] generated 296/500
[reader] generated 298/500
[reader] generated 300/500
[reader] generated 302/500
[reader] generated 304/500
[reader] generated 306/500
[reader] generated 308/500
[reader] generated 310/500
[reader] generated 312/500
[reader] generated 314/500
[reader] generated 316/500
[reader] generated 318/500
[reader] generated 320/500
[reader] generated 322/500
[reader] generated 324/500
[reader] generated 326/500
[reader] generated 328/500
[reader] generated 330/500
[reader] generated 332/500
[reader] generated 334/500
[reader] generated 336/500
[reader] generated 338/500
[reader] generated 340/500
[reader] generated 342/500
[reader] generated 344/500
[reader] generated 346/500
[reader] generated 348/500
[reader] generated 350/500
[reader] generated 352/500
[reader] generated 354/500
[reader] generated 356/500
[reader] generated 358/500
[reader] generated 360/500
[reader] generated 362/500
[reader] generated 364/500
[reader] generated 366/500
[reader] generated 368/500
[reader] generated 370/500
[reader] generated 372/500
[reader] generated 374/500
[reader] generated 376/500
[reader] generated 378/500
[reader] generated 380/500
[reader] generated 382/500
[reader] generated 384/500
[reader] generated 386/500
[reader] generated 388/500
[reader] generated 390/500
[reader] generated 392/500
[reader] generated 394/500
[reader] generated 396/500
[reader] generated 398/500
[reader] generated 400/500
[reader] generated 402/500
[reader] generated 404/500
[reader] generated 406/500
[reader] generated 408/500
[reader] generated 410/500
[reader] generated 412/500
[reader] generated 414/500
[reader] generated 416/500
[reader] generated 418/500
[reader] generated 420/500
[reader] generated 422/500
[reader] generated 424/500
[reader] generated 426/500
[reader] generated 428/500
[reader] generated 430/500
[reader] generated 432/500
[reader] generated 434/500
[reader] generated 436/500
[reader] generated 438/500
[reader] generated 440/500
[reader] generated 442/500
[reader] generated 444/500
[reader] generated 446/500
[reader] generated 448/500
[reader] generated 450/500
[reader] generated 452/500
[reader] generated 454/500
[reader] generated 456/500
[reader] generated 458/500
[reader] generated 460/500
[reader] generated 462/500
[reader] generated 464/500
[reader] generated 466/500
[reader] generated 468/500
[reader] generated 470/500
[reader] generated 472/500
[reader] generated 474/500
[reader] generated 476/500
[reader] generated 478/500
[reader] generated 480/500
[reader] generated 482/500
[reader] generated 484/500
[reader] generated 486/500
[reader] generated 488/500
[reader] generated 490/500
[reader] generated 492/500
[reader] generated 494/500
[reader] generated 496/500
[reader] generated 498/500
[reader] generated 500/500
[density] policy=chunk_packed_160, router_type=fixed, representation=chunk, packer=packed, reader_model=microsoft/Phi-3.5-mini-instruct, packed_token_budget=160, recall@1=0.438, all_gold@1=0.0, recall@2=0.712, all_gold@2=0.49, recall@5=0.876, all_gold@5=0.764, qwen_em=0.226, qwen_f1=0.3957, avg_reader_evidence_tokens=151.1, mean_ans_in_context=0.572, mean_ans_in_context_soft=0.6446, mean_gold_token_density=0.4055, mean_gold_doc_reader_cov=0.691, mean_all_gold_reader=0.444, mean_distractor_docs=1.972, mean_context_tokens=151.104, mean_n_snippets=3.498
[density] materializing policy=chunk_focused_160
[density] generating policy=chunk_focused_160
[reader] generated 2/500
[reader] generated 4/500
[reader] generated 6/500
[reader] generated 8/500
[reader] generated 10/500
[reader] generated 12/500
[reader] generated 14/500
[reader] generated 16/500
[reader] generated 18/500
[reader] generated 20/500
[reader] generated 22/500
[reader] generated 24/500
[reader] generated 26/500
[reader] generated 28/500
[reader] generated 30/500
[reader] generated 32/500
[reader] generated 34/500
[reader] generated 36/500
[reader] generated 38/500
[reader] generated 40/500
[reader] generated 42/500
[reader] generated 44/500
[reader] generated 46/500
[reader] generated 48/500
[reader] generated 50/500
[reader] generated 52/500
[reader] generated 54/500
[reader] generated 56/500
[reader] generated 58/500
[reader] generated 60/500
[reader] generated 62/500
[reader] generated 64/500
[reader] generated 66/500
[reader] generated 68/500
[reader] generated 70/500
[reader] generated 72/500
[reader] generated 74/500
[reader] generated 76/500
[reader] generated 78/500
[reader] generated 80/500
[reader] generated 82/500
[reader] generated 84/500
[reader] generated 86/500
[reader] generated 88/500
[reader] generated 90/500
[reader] generated 92/500
[reader] generated 94/500
[reader] generated 96/500
[reader] generated 98/500
[reader] generated 100/500
[reader] generated 102/500
[reader] generated 104/500
[reader] generated 106/500
[reader] generated 108/500
[reader] generated 110/500
[reader] generated 112/500
[reader] generated 114/500
[reader] generated 116/500
[reader] generated 118/500
[reader] generated 120/500
[reader] generated 122/500
[reader] generated 124/500
[reader] generated 126/500
[reader] generated 128/500
[reader] generated 130/500
[reader] generated 132/500
[reader] generated 134/500
[reader] generated 136/500
[reader] generated 138/500
[reader] generated 140/500
[reader] generated 142/500
[reader] generated 144/500
[reader] generated 146/500
[reader] generated 148/500
[reader] generated 150/500
[reader] generated 152/500
[reader] generated 154/500
[reader] generated 156/500
[reader] generated 158/500
[reader] generated 160/500
[reader] generated 162/500
[reader] generated 164/500
[reader] generated 166/500
[reader] generated 168/500
[reader] generated 170/500
[reader] generated 172/500
[reader] generated 174/500
[reader] generated 176/500
[reader] generated 178/500
[reader] generated 180/500
[reader] generated 182/500
[reader] generated 184/500
[reader] generated 186/500
[reader] generated 188/500
[reader] generated 190/500
[reader] generated 192/500
[reader] generated 194/500
[reader] generated 196/500
[reader] generated 198/500
[reader] generated 200/500
[reader] generated 202/500
[reader] generated 204/500
[reader] generated 206/500
[reader] generated 208/500
[reader] generated 210/500
[reader] generated 212/500
[reader] generated 214/500
[reader] generated 216/500
[reader] generated 218/500
[reader] generated 220/500
[reader] generated 222/500
[reader] generated 224/500
[reader] generated 226/500
[reader] generated 228/500
[reader] generated 230/500
[reader] generated 232/500
[reader] generated 234/500
[reader] generated 236/500
[reader] generated 238/500
[reader] generated 240/500
[reader] generated 242/500
[reader] generated 244/500
[reader] generated 246/500
[reader] generated 248/500
[reader] generated 250/500
[reader] generated 252/500
[reader] generated 254/500
[reader] generated 256/500
[reader] generated 258/500
[reader] generated 260/500
[reader] generated 262/500
[reader] generated 264/500
[reader] generated 266/500
[reader] generated 268/500
[reader] generated 270/500
[reader] generated 272/500
[reader] generated 274/500
[reader] generated 276/500
[reader] generated 278/500
[reader] generated 280/500
[reader] generated 282/500
[reader] generated 284/500
[reader] generated 286/500
[reader] generated 288/500
[reader] generated 290/500
[reader] generated 292/500
[reader] generated 294/500
[reader] generated 296/500
[reader] generated 298/500
[reader] generated 300/500
[reader] generated 302/500
[reader] generated 304/500
[reader] generated 306/500
[reader] generated 308/500
[reader] generated 310/500
[reader] generated 312/500
[reader] generated 314/500
[reader] generated 316/500
[reader] generated 318/500
[reader] generated 320/500
[reader] generated 322/500
[reader] generated 324/500
[reader] generated 326/500
[reader] generated 328/500
[reader] generated 330/500
[reader] generated 332/500
[reader] generated 334/500
[reader] generated 336/500
[reader] generated 338/500
[reader] generated 340/500
[reader] generated 342/500
[reader] generated 344/500
[reader] generated 346/500
[reader] generated 348/500
[reader] generated 350/500
[reader] generated 352/500
[reader] generated 354/500
[reader] generated 356/500
[reader] generated 358/500
[reader] generated 360/500
[reader] generated 362/500
[reader] generated 364/500
[reader] generated 366/500
[reader] generated 368/500
[reader] generated 370/500
[reader] generated 372/500
[reader] generated 374/500
[reader] generated 376/500
[reader] generated 378/500
[reader] generated 380/500
[reader] generated 382/500
[reader] generated 384/500
[reader] generated 386/500
[reader] generated 388/500
[reader] generated 390/500
[reader] generated 392/500
[reader] generated 394/500
[reader] generated 396/500
[reader] generated 398/500
[reader] generated 400/500
[reader] generated 402/500
[reader] generated 404/500
[reader] generated 406/500
[reader] generated 408/500
[reader] generated 410/500
[reader] generated 412/500
[reader] generated 414/500
[reader] generated 416/500
[reader] generated 418/500
[reader] generated 420/500
[reader] generated 422/500
[reader] generated 424/500
[reader] generated 426/500
[reader] generated 428/500
[reader] generated 430/500
[reader] generated 432/500
[reader] generated 434/500
[reader] generated 436/500
[reader] generated 438/500
[reader] generated 440/500
[reader] generated 442/500
[reader] generated 444/500
[reader] generated 446/500
[reader] generated 448/500
[reader] generated 450/500
[reader] generated 452/500
[reader] generated 454/500
[reader] generated 456/500
[reader] generated 458/500
[reader] generated 460/500
[reader] generated 462/500
[reader] generated 464/500
[reader] generated 466/500
[reader] generated 468/500
[reader] generated 470/500
[reader] generated 472/500
[reader] generated 474/500
[reader] generated 476/500
[reader] generated 478/500
[reader] generated 480/500
[reader] generated 482/500
[reader] generated 484/500
[reader] generated 486/500
[reader] generated 488/500
[reader] generated 490/500
[reader] generated 492/500
[reader] generated 494/500
[reader] generated 496/500
[reader] generated 498/500
[reader] generated 500/500
[density] policy=chunk_focused_160, router_type=fixed, representation=chunk, packer=focused, reader_model=microsoft/Phi-3.5-mini-instruct, packed_token_budget=160, recall@1=0.438, all_gold@1=0.0, recall@2=0.712, all_gold@2=0.49, recall@5=0.876, all_gold@5=0.764, qwen_em=0.268, qwen_f1=0.452, avg_reader_evidence_tokens=151.7, mean_ans_in_context=0.644, mean_ans_in_context_soft=0.6993, mean_gold_token_density=0.5037, mean_gold_doc_reader_cov=0.726, mean_all_gold_reader=0.506, mean_distractor_docs=1.582, mean_context_tokens=151.7, mean_n_snippets=3.27
[density] materializing policy=chunk_mmr_160
[density] generating policy=chunk_mmr_160
[reader] generated 2/500
[reader] generated 4/500
[reader] generated 6/500
[reader] generated 8/500
[reader] generated 10/500
[reader] generated 12/500
[reader] generated 14/500
[reader] generated 16/500
[reader] generated 18/500
[reader] generated 20/500
[reader] generated 22/500
[reader] generated 24/500
[reader] generated 26/500
[reader] generated 28/500
[reader] generated 30/500
[reader] generated 32/500
[reader] generated 34/500
[reader] generated 36/500
[reader] generated 38/500
[reader] generated 40/500
[reader] generated 42/500
[reader] generated 44/500
[reader] generated 46/500
[reader] generated 48/500
[reader] generated 50/500
[reader] generated 52/500
[reader] generated 54/500
[reader] generated 56/500
[reader] generated 58/500
[reader] generated 60/500
[reader] generated 62/500
[reader] generated 64/500
[reader] generated 66/500
[reader] generated 68/500
[reader] generated 70/500
[reader] generated 72/500
[reader] generated 74/500
[reader] generated 76/500
[reader] generated 78/500
[reader] generated 80/500
[reader] generated 82/500
[reader] generated 84/500
[reader] generated 86/500
[reader] generated 88/500
[reader] generated 90/500
[reader] generated 92/500
[reader] generated 94/500
[reader] generated 96/500
[reader] generated 98/500
[reader] generated 100/500
[reader] generated 102/500
[reader] generated 104/500
[reader] generated 106/500
[reader] generated 108/500
[reader] generated 110/500
[reader] generated 112/500
[reader] generated 114/500
[reader] generated 116/500
[reader] generated 118/500
[reader] generated 120/500
[reader] generated 122/500
[reader] generated 124/500
[reader] generated 126/500
[reader] generated 128/500
[reader] generated 130/500
[reader] generated 132/500
[reader] generated 134/500
[reader] generated 136/500
[reader] generated 138/500
[reader] generated 140/500
[reader] generated 142/500
[reader] generated 144/500
[reader] generated 146/500
[reader] generated 148/500
[reader] generated 150/500
[reader] generated 152/500
[reader] generated 154/500
[reader] generated 156/500
[reader] generated 158/500
[reader] generated 160/500
[reader] generated 162/500
[reader] generated 164/500
[reader] generated 166/500
[reader] generated 168/500
[reader] generated 170/500
[reader] generated 172/500
[reader] generated 174/500
[reader] generated 176/500
[reader] generated 178/500
[reader] generated 180/500
[reader] generated 182/500
[reader] generated 184/500
[reader] generated 186/500
[reader] generated 188/500
[reader] generated 190/500
[reader] generated 192/500
[reader] generated 194/500
[reader] generated 196/500
[reader] generated 198/500
[reader] generated 200/500
[reader] generated 202/500
[reader] generated 204/500
[reader] generated 206/500
[reader] generated 208/500
[reader] generated 210/500
[reader] generated 212/500
[reader] generated 214/500
[reader] generated 216/500
[reader] generated 218/500
[reader] generated 220/500
[reader] generated 222/500
[reader] generated 224/500
[reader] generated 226/500
[reader] generated 228/500
[reader] generated 230/500
[reader] generated 232/500
[reader] generated 234/500
[reader] generated 236/500
[reader] generated 238/500
[reader] generated 240/500
[reader] generated 242/500
[reader] generated 244/500
[reader] generated 246/500
[reader] generated 248/500
[reader] generated 250/500
[reader] generated 252/500
[reader] generated 254/500
[reader] generated 256/500
[reader] generated 258/500
[reader] generated 260/500
[reader] generated 262/500
[reader] generated 264/500
[reader] generated 266/500
[reader] generated 268/500
[reader] generated 270/500
[reader] generated 272/500
[reader] generated 274/500
[reader] generated 276/500
[reader] generated 278/500
[reader] generated 280/500
[reader] generated 282/500
[reader] generated 284/500
[reader] generated 286/500
[reader] generated 288/500
[reader] generated 290/500
[reader] generated 292/500
[reader] generated 294/500
[reader] generated 296/500
[reader] generated 298/500
[reader] generated 300/500
[reader] generated 302/500
[reader] generated 304/500
[reader] generated 306/500
[reader] generated 308/500
[reader] generated 310/500
[reader] generated 312/500
[reader] generated 314/500
[reader] generated 316/500
[reader] generated 318/500
[reader] generated 320/500
[reader] generated 322/500
[reader] generated 324/500
[reader] generated 326/500
[reader] generated 328/500
[reader] generated 330/500
[reader] generated 332/500
[reader] generated 334/500
[reader] generated 336/500
[reader] generated 338/500
[reader] generated 340/500
[reader] generated 342/500
[reader] generated 344/500
[reader] generated 346/500
[reader] generated 348/500
[reader] generated 350/500
[reader] generated 352/500
[reader] generated 354/500
[reader] generated 356/500
[reader] generated 358/500
[reader] generated 360/500
[reader] generated 362/500
[reader] generated 364/500
[reader] generated 366/500
[reader] generated 368/500
[reader] generated 370/500
[reader] generated 372/500
[reader] generated 374/500
[reader] generated 376/500
[reader] generated 378/500
[reader] generated 380/500
[reader] generated 382/500
[reader] generated 384/500
[reader] generated 386/500
[reader] generated 388/500
[reader] generated 390/500
[reader] generated 392/500
[reader] generated 394/500
[reader] generated 396/500
[reader] generated 398/500
[reader] generated 400/500
[reader] generated 402/500
[reader] generated 404/500
[reader] generated 406/500
[reader] generated 408/500
[reader] generated 410/500
[reader] generated 412/500
[reader] generated 414/500
[reader] generated 416/500
[reader] generated 418/500
[reader] generated 420/500
[reader] generated 422/500
[reader] generated 424/500
[reader] generated 426/500
[reader] generated 428/500
[reader] generated 430/500
[reader] generated 432/500
[reader] generated 434/500
[reader] generated 436/500
[reader] generated 438/500
[reader] generated 440/500
[reader] generated 442/500
[reader] generated 444/500
[reader] generated 446/500
[reader] generated 448/500
[reader] generated 450/500
[reader] generated 452/500
[reader] generated 454/500
[reader] generated 456/500
[reader] generated 458/500
[reader] generated 460/500
[reader] generated 462/500
[reader] generated 464/500
[reader] generated 466/500
[reader] generated 468/500
[reader] generated 470/500
[reader] generated 472/500
[reader] generated 474/500
[reader] generated 476/500
[reader] generated 478/500
[reader] generated 480/500
[reader] generated 482/500
[reader] generated 484/500
[reader] generated 486/500
[reader] generated 488/500
[reader] generated 490/500
[reader] generated 492/500
[reader] generated 494/500
[reader] generated 496/500
[reader] generated 498/500
[reader] generated 500/500
[density] policy=chunk_mmr_160, router_type=fixed, representation=chunk, packer=mmr, reader_model=microsoft/Phi-3.5-mini-instruct, packed_token_budget=160, recall@1=0.438, all_gold@1=0.0, recall@2=0.712, all_gold@2=0.49, recall@5=0.876, all_gold@5=0.764, qwen_em=0.256, qwen_f1=0.4215, avg_reader_evidence_tokens=151.74, mean_ans_in_context=0.608, mean_ans_in_context_soft=0.667, mean_gold_token_density=0.4716, mean_gold_doc_reader_cov=0.664, mean_all_gold_reader=0.408, mean_distractor_docs=1.622, mean_context_tokens=151.738, mean_n_snippets=3.336
[density] materializing policy=chunk_submod_160
[density] generating policy=chunk_submod_160
[reader] generated 2/500
[reader] generated 4/500
[reader] generated 6/500
[reader] generated 8/500
[reader] generated 10/500
[reader] generated 12/500
[reader] generated 14/500
[reader] generated 16/500
[reader] generated 18/500
[reader] generated 20/500
[reader] generated 22/500
[reader] generated 24/500
[reader] generated 26/500
[reader] generated 28/500
[reader] generated 30/500
[reader] generated 32/500
[reader] generated 34/500
[reader] generated 36/500
[reader] generated 38/500
[reader] generated 40/500
[reader] generated 42/500
[reader] generated 44/500
[reader] generated 46/500
[reader] generated 48/500
[reader] generated 50/500
[reader] generated 52/500
[reader] generated 54/500
[reader] generated 56/500
[reader] generated 58/500
[reader] generated 60/500
[reader] generated 62/500
[reader] generated 64/500
[reader] generated 66/500
[reader] generated 68/500
[reader] generated 70/500
[reader] generated 72/500
[reader] generated 74/500
[reader] generated 76/500
[reader] generated 78/500
[reader] generated 80/500
[reader] generated 82/500
[reader] generated 84/500
[reader] generated 86/500
[reader] generated 88/500
[reader] generated 90/500
[reader] generated 92/500
[reader] generated 94/500
[reader] generated 96/500
[reader] generated 98/500
[reader] generated 100/500
[reader] generated 102/500
[reader] generated 104/500
[reader] generated 106/500
[reader] generated 108/500
[reader] generated 110/500
[reader] generated 112/500
[reader] generated 114/500
[reader] generated 116/500
[reader] generated 118/500
[reader] generated 120/500
[reader] generated 122/500
[reader] generated 124/500
[reader] generated 126/500
[reader] generated 128/500
[reader] generated 130/500
[reader] generated 132/500
[reader] generated 134/500
[reader] generated 136/500
[reader] generated 138/500
[reader] generated 140/500
[reader] generated 142/500
[reader] generated 144/500
[reader] generated 146/500
[reader] generated 148/500
[reader] generated 150/500
[reader] generated 152/500
[reader] generated 154/500
[reader] generated 156/500
[reader] generated 158/500
[reader] generated 160/500
[reader] generated 162/500
[reader] generated 164/500
[reader] generated 166/500
[reader] generated 168/500
[reader] generated 170/500
[reader] generated 172/500
[reader] generated 174/500
[reader] generated 176/500
[reader] generated 178/500
[reader] generated 180/500
[reader] generated 182/500
[reader] generated 184/500
[reader] generated 186/500
[reader] generated 188/500
[reader] generated 190/500
[reader] generated 192/500
[reader] generated 194/500
[reader] generated 196/500
[reader] generated 198/500
[reader] generated 200/500
[reader] generated 202/500
[reader] generated 204/500
[reader] generated 206/500
[reader] generated 208/500
[reader] generated 210/500
[reader] generated 212/500
[reader] generated 214/500
[reader] generated 216/500
[reader] generated 218/500
[reader] generated 220/500
[reader] generated 222/500
[reader] generated 224/500
[reader] generated 226/500
[reader] generated 228/500
[reader] generated 230/500
[reader] generated 232/500
[reader] generated 234/500
[reader] generated 236/500
[reader] generated 238/500
[reader] generated 240/500
[reader] generated 242/500
[reader] generated 244/500
[reader] generated 246/500
[reader] generated 248/500
[reader] generated 250/500
[reader] generated 252/500
[reader] generated 254/500
[reader] generated 256/500
[reader] generated 258/500
[reader] generated 260/500
[reader] generated 262/500
[reader] generated 264/500
[reader] generated 266/500
[reader] generated 268/500
[reader] generated 270/500
[reader] generated 272/500
[reader] generated 274/500
[reader] generated 276/500
[reader] generated 278/500
[reader] generated 280/500
[reader] generated 282/500
[reader] generated 284/500
[reader] generated 286/500
[reader] generated 288/500
[reader] generated 290/500
[reader] generated 292/500
[reader] generated 294/500
[reader] generated 296/500
[reader] generated 298/500
[reader] generated 300/500
[reader] generated 302/500
[reader] generated 304/500
[reader] generated 306/500
[reader] generated 308/500
[reader] generated 310/500
[reader] generated 312/500
[reader] generated 314/500
[reader] generated 316/500
[reader] generated 318/500
[reader] generated 320/500
[reader] generated 322/500
[reader] generated 324/500
[reader] generated 326/500
[reader] generated 328/500
[reader] generated 330/500
[reader] generated 332/500
[reader] generated 334/500
[reader] generated 336/500
[reader] generated 338/500
[reader] generated 340/500
[reader] generated 342/500
[reader] generated 344/500
[reader] generated 346/500
[reader] generated 348/500
[reader] generated 350/500
[reader] generated 352/500
[reader] generated 354/500
[reader] generated 356/500
[reader] generated 358/500
[reader] generated 360/500
[reader] generated 362/500
[reader] generated 364/500
[reader] generated 366/500
[reader] generated 368/500
[reader] generated 370/500
[reader] generated 372/500
[reader] generated 374/500
[reader] generated 376/500
[reader] generated 378/500
[reader] generated 380/500
[reader] generated 382/500
[reader] generated 384/500
[reader] generated 386/500
[reader] generated 388/500
[reader] generated 390/500
[reader] generated 392/500
[reader] generated 394/500
[reader] generated 396/500
[reader] generated 398/500
[reader] generated 400/500
[reader] generated 402/500
[reader] generated 404/500
[reader] generated 406/500
[reader] generated 408/500
[reader] generated 410/500
[reader] generated 412/500
[reader] generated 414/500
[reader] generated 416/500
[reader] generated 418/500
[reader] generated 420/500
[reader] generated 422/500
[reader] generated 424/500
[reader] generated 426/500
[reader] generated 428/500
[reader] generated 430/500
[reader] generated 432/500
[reader] generated 434/500
[reader] generated 436/500
[reader] generated 438/500
[reader] generated 440/500
[reader] generated 442/500
[reader] generated 444/500
[reader] generated 446/500
[reader] generated 448/500
[reader] generated 450/500
[reader] generated 452/500
[reader] generated 454/500
[reader] generated 456/500
[reader] generated 458/500
[reader] generated 460/500
[reader] generated 462/500
[reader] generated 464/500
[reader] generated 466/500
[reader] generated 468/500
[reader] generated 470/500
[reader] generated 472/500
[reader] generated 474/500
[reader] generated 476/500
[reader] generated 478/500
[reader] generated 480/500
[reader] generated 482/500
[reader] generated 484/500
[reader] generated 486/500
[reader] generated 488/500
[reader] generated 490/500
[reader] generated 492/500
[reader] generated 494/500
[reader] generated 496/500
[reader] generated 498/500
[reader] generated 500/500
[density] policy=chunk_submod_160, router_type=fixed, representation=chunk, packer=submod, reader_model=microsoft/Phi-3.5-mini-instruct, packed_token_budget=160, recall@1=0.438, all_gold@1=0.0, recall@2=0.712, all_gold@2=0.49, recall@5=0.876, all_gold@5=0.764, qwen_em=0.258, qwen_f1=0.4326, avg_reader_evidence_tokens=145.59, mean_ans_in_context=0.626, mean_ans_in_context_soft=0.6834, mean_gold_token_density=0.4502, mean_gold_doc_reader_cov=0.778, mean_all_gold_reader=0.584, mean_distractor_docs=2.224, mean_context_tokens=145.592, mean_n_snippets=4.646
[density] materializing policy=ace_focused_160
[density] generating policy=ace_focused_160
[reader] generated 2/500
[reader] generated 4/500
[reader] generated 6/500
[reader] generated 8/500
[reader] generated 10/500
[reader] generated 12/500
[reader] generated 14/500
[reader] generated 16/500
[reader] generated 18/500
[reader] generated 20/500
[reader] generated 22/500
[reader] generated 24/500
[reader] generated 26/500
[reader] generated 28/500
[reader] generated 30/500
[reader] generated 32/500
[reader] generated 34/500
[reader] generated 36/500
[reader] generated 38/500
[reader] generated 40/500
[reader] generated 42/500
[reader] generated 44/500
[reader] generated 46/500
[reader] generated 48/500
[reader] generated 50/500
[reader] generated 52/500
[reader] generated 54/500
[reader] generated 56/500
[reader] generated 58/500
[reader] generated 60/500
[reader] generated 62/500
[reader] generated 64/500
[reader] generated 66/500
[reader] generated 68/500
[reader] generated 70/500
[reader] generated 72/500
[reader] generated 74/500
[reader] generated 76/500
[reader] generated 78/500
[reader] generated 80/500
[reader] generated 82/500
[reader] generated 84/500
[reader] generated 86/500
[reader] generated 88/500
[reader] generated 90/500
[reader] generated 92/500
[reader] generated 94/500
[reader] generated 96/500
[reader] generated 98/500
[reader] generated 100/500
[reader] generated 102/500
[reader] generated 104/500
[reader] generated 106/500
[reader] generated 108/500
[reader] generated 110/500
[reader] generated 112/500
[reader] generated 114/500
[reader] generated 116/500
[reader] generated 118/500
[reader] generated 120/500
[reader] generated 122/500
[reader] generated 124/500
[reader] generated 126/500
[reader] generated 128/500
[reader] generated 130/500
[reader] generated 132/500
[reader] generated 134/500
[reader] generated 136/500
[reader] generated 138/500
[reader] generated 140/500
[reader] generated 142/500
[reader] generated 144/500
[reader] generated 146/500
[reader] generated 148/500
[reader] generated 150/500
[reader] generated 152/500
[reader] generated 154/500
[reader] generated 156/500
[reader] generated 158/500
[reader] generated 160/500
[reader] generated 162/500
[reader] generated 164/500
[reader] generated 166/500
[reader] generated 168/500
[reader] generated 170/500
[reader] generated 172/500
[reader] generated 174/500
[reader] generated 176/500
[reader] generated 178/500
[reader] generated 180/500
[reader] generated 182/500
[reader] generated 184/500
[reader] generated 186/500
[reader] generated 188/500
[reader] generated 190/500
[reader] generated 192/500
[reader] generated 194/500
[reader] generated 196/500
[reader] generated 198/500
[reader] generated 200/500
[reader] generated 202/500
[reader] generated 204/500
[reader] generated 206/500
[reader] generated 208/500
[reader] generated 210/500
[reader] generated 212/500
[reader] generated 214/500
[reader] generated 216/500
[reader] generated 218/500
[reader] generated 220/500
[reader] generated 222/500
[reader] generated 224/500
[reader] generated 226/500
[reader] generated 228/500
[reader] generated 230/500
[reader] generated 232/500
[reader] generated 234/500
[reader] generated 236/500
[reader] generated 238/500
[reader] generated 240/500
[reader] generated 242/500
[reader] generated 244/500
[reader] generated 246/500
[reader] generated 248/500
[reader] generated 250/500
[reader] generated 252/500
[reader] generated 254/500
[reader] generated 256/500
[reader] generated 258/500
[reader] generated 260/500
[reader] generated 262/500
[reader] generated 264/500
[reader] generated 266/500
[reader] generated 268/500
[reader] generated 270/500
[reader] generated 272/500
[reader] generated 274/500
[reader] generated 276/500
[reader] generated 278/500
[reader] generated 280/500
[reader] generated 282/500
[reader] generated 284/500
[reader] generated 286/500
[reader] generated 288/500
[reader] generated 290/500
[reader] generated 292/500
[reader] generated 294/500
[reader] generated 296/500
[reader] generated 298/500
[reader] generated 300/500
[reader] generated 302/500
[reader] generated 304/500
[reader] generated 306/500
[reader] generated 308/500
[reader] generated 310/500
[reader] generated 312/500
[reader] generated 314/500
[reader] generated 316/500
[reader] generated 318/500
[reader] generated 320/500
[reader] generated 322/500
[reader] generated 324/500
[reader] generated 326/500
[reader] generated 328/500
[reader] generated 330/500
[reader] generated 332/500
[reader] generated 334/500
[reader] generated 336/500
[reader] generated 338/500
[reader] generated 340/500
[reader] generated 342/500
[reader] generated 344/500
[reader] generated 346/500
[reader] generated 348/500
[reader] generated 350/500
[reader] generated 352/500
[reader] generated 354/500
[reader] generated 356/500
[reader] generated 358/500
[reader] generated 360/500
[reader] generated 362/500
[reader] generated 364/500
[reader] generated 366/500
[reader] generated 368/500
[reader] generated 370/500
[reader] generated 372/500
[reader] generated 374/500
[reader] generated 376/500
[reader] generated 378/500
[reader] generated 380/500
[reader] generated 382/500
[reader] generated 384/500
[reader] generated 386/500
[reader] generated 388/500
[reader] generated 390/500
[reader] generated 392/500
[reader] generated 394/500
[reader] generated 396/500
[reader] generated 398/500
[reader] generated 400/500
[reader] generated 402/500
[reader] generated 404/500
[reader] generated 406/500
[reader] generated 408/500
[reader] generated 410/500
[reader] generated 412/500
[reader] generated 414/500
[reader] generated 416/500
[reader] generated 418/500
[reader] generated 420/500
[reader] generated 422/500
[reader] generated 424/500
[reader] generated 426/500
[reader] generated 428/500
[reader] generated 430/500
[reader] generated 432/500
[reader] generated 434/500
[reader] generated 436/500
[reader] generated 438/500
[reader] generated 440/500
[reader] generated 442/500
[reader] generated 444/500
[reader] generated 446/500
[reader] generated 448/500
[reader] generated 450/500
[reader] generated 452/500
[reader] generated 454/500
[reader] generated 456/500
[reader] generated 458/500
[reader] generated 460/500
[reader] generated 462/500
[reader] generated 464/500
[reader] generated 466/500
[reader] generated 468/500
[reader] generated 470/500
[reader] generated 472/500
[reader] generated 474/500
[reader] generated 476/500
[reader] generated 478/500
[reader] generated 480/500
[reader] generated 482/500
[reader] generated 484/500
[reader] generated 486/500
[reader] generated 488/500
[reader] generated 490/500
[reader] generated 492/500
[reader] generated 494/500
[reader] generated 496/500
[reader] generated 498/500
[reader] generated 500/500
[density] policy=ace_focused_160, router_type=fixed, representation=ace, packer=focused, reader_model=microsoft/Phi-3.5-mini-instruct, packed_token_budget=160, recall@1=0.411, all_gold@1=0.0, recall@2=0.652, all_gold@2=0.392, recall@5=0.822, all_gold@5=0.67, qwen_em=0.258, qwen_f1=0.4217, avg_reader_evidence_tokens=149.72, mean_ans_in_context=0.586, mean_ans_in_context_soft=0.6597, mean_gold_token_density=0.4274, mean_gold_doc_reader_cov=0.737, mean_all_gold_reader=0.528, mean_distractor_docs=2.228, mean_context_tokens=149.718, mean_n_snippets=4.104
[density] materializing policy=ace_mmr_160
[density] generating policy=ace_mmr_160
[reader] generated 2/500
[reader] generated 4/500
[reader] generated 6/500
[reader] generated 8/500
[reader] generated 10/500
[reader] generated 12/500
[reader] generated 14/500
[reader] generated 16/500
[reader] generated 18/500
[reader] generated 20/500
[reader] generated 22/500
[reader] generated 24/500
[reader] generated 26/500
[reader] generated 28/500
[reader] generated 30/500
[reader] generated 32/500
[reader] generated 34/500
[reader] generated 36/500
[reader] generated 38/500
[reader] generated 40/500
[reader] generated 42/500
[reader] generated 44/500
[reader] generated 46/500
[reader] generated 48/500
[reader] generated 50/500
[reader] generated 52/500
[reader] generated 54/500
[reader] generated 56/500
[reader] generated 58/500
[reader] generated 60/500
[reader] generated 62/500
[reader] generated 64/500
[reader] generated 66/500
[reader] generated 68/500
[reader] generated 70/500
[reader] generated 72/500
[reader] generated 74/500
[reader] generated 76/500
[reader] generated 78/500
[reader] generated 80/500
[reader] generated 82/500
[reader] generated 84/500
[reader] generated 86/500
[reader] generated 88/500
[reader] generated 90/500
[reader] generated 92/500
[reader] generated 94/500
[reader] generated 96/500
[reader] generated 98/500
[reader] generated 100/500
[reader] generated 102/500
[reader] generated 104/500
[reader] generated 106/500
[reader] generated 108/500
[reader] generated 110/500
[reader] generated 112/500
[reader] generated 114/500
[reader] generated 116/500
[reader] generated 118/500
[reader] generated 120/500
[reader] generated 122/500
[reader] generated 124/500
[reader] generated 126/500
[reader] generated 128/500
[reader] generated 130/500
[reader] generated 132/500
[reader] generated 134/500
[reader] generated 136/500
[reader] generated 138/500
[reader] generated 140/500
[reader] generated 142/500
[reader] generated 144/500
[reader] generated 146/500
[reader] generated 148/500
[reader] generated 150/500
[reader] generated 152/500
[reader] generated 154/500
[reader] generated 156/500
[reader] generated 158/500
[reader] generated 160/500
[reader] generated 162/500
[reader] generated 164/500
[reader] generated 166/500
[reader] generated 168/500
[reader] generated 170/500
[reader] generated 172/500
[reader] generated 174/500
[reader] generated 176/500
[reader] generated 178/500
[reader] generated 180/500
[reader] generated 182/500
[reader] generated 184/500
[reader] generated 186/500
[reader] generated 188/500
[reader] generated 190/500
[reader] generated 192/500
[reader] generated 194/500
[reader] generated 196/500
[reader] generated 198/500
[reader] generated 200/500
[reader] generated 202/500
[reader] generated 204/500
[reader] generated 206/500
[reader] generated 208/500
[reader] generated 210/500
[reader] generated 212/500
[reader] generated 214/500
[reader] generated 216/500
[reader] generated 218/500
[reader] generated 220/500
[reader] generated 222/500
[reader] generated 224/500
[reader] generated 226/500
[reader] generated 228/500
[reader] generated 230/500
[reader] generated 232/500
[reader] generated 234/500
[reader] generated 236/500
[reader] generated 238/500
[reader] generated 240/500
[reader] generated 242/500
[reader] generated 244/500
[reader] generated 246/500
[reader] generated 248/500
[reader] generated 250/500
[reader] generated 252/500
[reader] generated 254/500
[reader] generated 256/500
[reader] generated 258/500
[reader] generated 260/500
[reader] generated 262/500
[reader] generated 264/500
[reader] generated 266/500
[reader] generated 268/500
[reader] generated 270/500
[reader] generated 272/500
[reader] generated 274/500
[reader] generated 276/500
[reader] generated 278/500
[reader] generated 280/500
[reader] generated 282/500
[reader] generated 284/500
[reader] generated 286/500
[reader] generated 288/500
[reader] generated 290/500
[reader] generated 292/500
[reader] generated 294/500
[reader] generated 296/500
[reader] generated 298/500
[reader] generated 300/500
[reader] generated 302/500
[reader] generated 304/500
[reader] generated 306/500
[reader] generated 308/500
[reader] generated 310/500
[reader] generated 312/500
[reader] generated 314/500
[reader] generated 316/500
[reader] generated 318/500
[reader] generated 320/500
[reader] generated 322/500
[reader] generated 324/500
[reader] generated 326/500
[reader] generated 328/500
[reader] generated 330/500
[reader] generated 332/500
[reader] generated 334/500
[reader] generated 336/500
[reader] generated 338/500
[reader] generated 340/500
[reader] generated 342/500
[reader] generated 344/500
[reader] generated 346/500
[reader] generated 348/500
[reader] generated 350/500
[reader] generated 352/500
[reader] generated 354/500
[reader] generated 356/500
[reader] generated 358/500
[reader] generated 360/500
[reader] generated 362/500
[reader] generated 364/500
[reader] generated 366/500
[reader] generated 368/500
[reader] generated 370/500
[reader] generated 372/500
[reader] generated 374/500
[reader] generated 376/500
[reader] generated 378/500
[reader] generated 380/500
[reader] generated 382/500
[reader] generated 384/500
[reader] generated 386/500
[reader] generated 388/500
[reader] generated 390/500
[reader] generated 392/500
[reader] generated 394/500
[reader] generated 396/500
[reader] generated 398/500
[reader] generated 400/500
[reader] generated 402/500
[reader] generated 404/500
[reader] generated 406/500
[reader] generated 408/500
[reader] generated 410/500
[reader] generated 412/500
[reader] generated 414/500
[reader] generated 416/500
[reader] generated 418/500
[reader] generated 420/500
[reader] generated 422/500
[reader] generated 424/500
[reader] generated 426/500
[reader] generated 428/500
[reader] generated 430/500
[reader] generated 432/500
[reader] generated 434/500
[reader] generated 436/500
[reader] generated 438/500
[reader] generated 440/500
[reader] generated 442/500
[reader] generated 444/500
[reader] generated 446/500
[reader] generated 448/500
[reader] generated 450/500
[reader] generated 452/500
[reader] generated 454/500
[reader] generated 456/500
[reader] generated 458/500
[reader] generated 460/500
[reader] generated 462/500
[reader] generated 464/500
[reader] generated 466/500
[reader] generated 468/500
[reader] generated 470/500
[reader] generated 472/500
[reader] generated 474/500
[reader] generated 476/500
[reader] generated 478/500
[reader] generated 480/500
[reader] generated 482/500
[reader] generated 484/500
[reader] generated 486/500
[reader] generated 488/500
[reader] generated 490/500
[reader] generated 492/500
[reader] generated 494/500
[reader] generated 496/500
[reader] generated 498/500
[reader] generated 500/500
[density] policy=ace_mmr_160, router_type=fixed, representation=ace, packer=mmr, reader_model=microsoft/Phi-3.5-mini-instruct, packed_token_budget=160, recall@1=0.411, all_gold@1=0.0, recall@2=0.652, all_gold@2=0.392, recall@5=0.822, all_gold@5=0.67, qwen_em=0.22, qwen_f1=0.3764, avg_reader_evidence_tokens=149.7, mean_ans_in_context=0.568, mean_ans_in_context_soft=0.642, mean_gold_token_density=0.4306, mean_gold_doc_reader_cov=0.696, mean_all_gold_reader=0.46, mean_distractor_docs=2.132, mean_context_tokens=149.704, mean_n_snippets=4.138
[density] materializing policy=ace_submod_160
[density] generating policy=ace_submod_160
[reader] generated 2/500
[reader] generated 4/500
[reader] generated 6/500
[reader] generated 8/500
[reader] generated 10/500
[reader] generated 12/500
[reader] generated 14/500
[reader] generated 16/500
[reader] generated 18/500
[reader] generated 20/500
[reader] generated 22/500
[reader] generated 24/500
[reader] generated 26/500
[reader] generated 28/500
[reader] generated 30/500
[reader] generated 32/500
[reader] generated 34/500
[reader] generated 36/500
[reader] generated 38/500
[reader] generated 40/500
[reader] generated 42/500
[reader] generated 44/500
[reader] generated 46/500
[reader] generated 48/500
[reader] generated 50/500
[reader] generated 52/500
[reader] generated 54/500
[reader] generated 56/500
[reader] generated 58/500
[reader] generated 60/500
[reader] generated 62/500
[reader] generated 64/500
[reader] generated 66/500
[reader] generated 68/500
[reader] generated 70/500
[reader] generated 72/500
[reader] generated 74/500
[reader] generated 76/500
[reader] generated 78/500
[reader] generated 80/500
[reader] generated 82/500
[reader] generated 84/500
[reader] generated 86/500
[reader] generated 88/500
[reader] generated 90/500
[reader] generated 92/500
[reader] generated 94/500
[reader] generated 96/500
[reader] generated 98/500
[reader] generated 100/500
[reader] generated 102/500
[reader] generated 104/500
[reader] generated 106/500
[reader] generated 108/500
[reader] generated 110/500
[reader] generated 112/500
[reader] generated 114/500
[reader] generated 116/500
[reader] generated 118/500
[reader] generated 120/500
[reader] generated 122/500
[reader] generated 124/500
[reader] generated 126/500
[reader] generated 128/500
[reader] generated 130/500
[reader] generated 132/500
[reader] generated 134/500
[reader] generated 136/500
[reader] generated 138/500
[reader] generated 140/500
[reader] generated 142/500
[reader] generated 144/500
[reader] generated 146/500
[reader] generated 148/500
[reader] generated 150/500
[reader] generated 152/500
[reader] generated 154/500
[reader] generated 156/500
[reader] generated 158/500
[reader] generated 160/500
[reader] generated 162/500
[reader] generated 164/500
[reader] generated 166/500
[reader] generated 168/500
[reader] generated 170/500
[reader] generated 172/500
[reader] generated 174/500
[reader] generated 176/500
[reader] generated 178/500
[reader] generated 180/500
[reader] generated 182/500
[reader] generated 184/500
[reader] generated 186/500
[reader] generated 188/500
[reader] generated 190/500
[reader] generated 192/500
[reader] generated 194/500
[reader] generated 196/500
[reader] generated 198/500
[reader] generated 200/500
[reader] generated 202/500
[reader] generated 204/500
[reader] generated 206/500
[reader] generated 208/500
[reader] generated 210/500
[reader] generated 212/500
[reader] generated 214/500
[reader] generated 216/500
[reader] generated 218/500
[reader] generated 220/500
[reader] generated 222/500
[reader] generated 224/500
[reader] generated 226/500
[reader] generated 228/500
[reader] generated 230/500
[reader] generated 232/500
[reader] generated 234/500
[reader] generated 236/500
[reader] generated 238/500
[reader] generated 240/500
[reader] generated 242/500
[reader] generated 244/500
[reader] generated 246/500
[reader] generated 248/500
[reader] generated 250/500
[reader] generated 252/500
[reader] generated 254/500
[reader] generated 256/500
[reader] generated 258/500
[reader] generated 260/500
[reader] generated 262/500
[reader] generated 264/500
[reader] generated 266/500
[reader] generated 268/500
[reader] generated 270/500
[reader] generated 272/500
[reader] generated 274/500
[reader] generated 276/500
[reader] generated 278/500
[reader] generated 280/500
[reader] generated 282/500
[reader] generated 284/500
[reader] generated 286/500
[reader] generated 288/500
[reader] generated 290/500
[reader] generated 292/500
[reader] generated 294/500
[reader] generated 296/500
[reader] generated 298/500
[reader] generated 300/500
[reader] generated 302/500
[reader] generated 304/500
[reader] generated 306/500
[reader] generated 308/500
[reader] generated 310/500
[reader] generated 312/500
[reader] generated 314/500
[reader] generated 316/500
[reader] generated 318/500
[reader] generated 320/500
[reader] generated 322/500
[reader] generated 324/500
[reader] generated 326/500
[reader] generated 328/500
[reader] generated 330/500
[reader] generated 332/500
[reader] generated 334/500
[reader] generated 336/500
[reader] generated 338/500
[reader] generated 340/500
[reader] generated 342/500
[reader] generated 344/500
[reader] generated 346/500
[reader] generated 348/500
[reader] generated 350/500
[reader] generated 352/500
[reader] generated 354/500
[reader] generated 356/500
[reader] generated 358/500
[reader] generated 360/500
[reader] generated 362/500
[reader] generated 364/500
[reader] generated 366/500
[reader] generated 368/500
[reader] generated 370/500
[reader] generated 372/500
[reader] generated 374/500
[reader] generated 376/500
[reader] generated 378/500
[reader] generated 380/500
[reader] generated 382/500
[reader] generated 384/500
[reader] generated 386/500
[reader] generated 388/500
[reader] generated 390/500
[reader] generated 392/500
[reader] generated 394/500
[reader] generated 396/500
[reader] generated 398/500
[reader] generated 400/500
[reader] generated 402/500
[reader] generated 404/500
[reader] generated 406/500
[reader] generated 408/500
[reader] generated 410/500
[reader] generated 412/500
[reader] generated 414/500
[reader] generated 416/500
[reader] generated 418/500
[reader] generated 420/500
[reader] generated 422/500
[reader] generated 424/500
[reader] generated 426/500
[reader] generated 428/500
[reader] generated 430/500
[reader] generated 432/500
[reader] generated 434/500
[reader] generated 436/500
[reader] generated 438/500
[reader] generated 440/500
[reader] generated 442/500
[reader] generated 444/500
[reader] generated 446/500
[reader] generated 448/500
[reader] generated 450/500
[reader] generated 452/500
[reader] generated 454/500
[reader] generated 456/500
[reader] generated 458/500
[reader] generated 460/500
[reader] generated 462/500
[reader] generated 464/500
[reader] generated 466/500
[reader] generated 468/500
[reader] generated 470/500
[reader] generated 472/500
[reader] generated 474/500
[reader] generated 476/500
[reader] generated 478/500
[reader] generated 480/500
[reader] generated 482/500
[reader] generated 484/500
[reader] generated 486/500
[reader] generated 488/500
[reader] generated 490/500
[reader] generated 492/500
[reader] generated 494/500
[reader] generated 496/500
[reader] generated 498/500
[reader] generated 500/500
[density] policy=ace_submod_160, router_type=fixed, representation=ace, packer=submod, reader_model=microsoft/Phi-3.5-mini-instruct, packed_token_budget=160, recall@1=0.411, all_gold@1=0.0, recall@2=0.652, all_gold@2=0.392, recall@5=0.822, all_gold@5=0.67, qwen_em=0.248, qwen_f1=0.4124, avg_reader_evidence_tokens=147.32, mean_ans_in_context=0.594, mean_ans_in_context_soft=0.6639, mean_gold_token_density=0.3943, mean_gold_doc_reader_cov=0.705, mean_all_gold_reader=0.48, mean_distractor_docs=2.44, mean_context_tokens=147.32, mean_n_snippets=4.74
[density] policy=router_oracle_packer, router_type=oracle, representation=mixed, packer=oracle, reader_model=microsoft/Phi-3.5-mini-instruct, packed_token_budget=160, selection_counts={"ace_focused_160": 90, "ace_mmr_160": 15, "ace_submod_160": 75, "chunk_focused_160": 113, "chunk_mmr_160": 33, "chunk_submod_160": 174}, qwen_em=0.396, qwen_f1=0.5994, avg_reader_evidence_tokens=142.65, mean_ans_in_context=0.702, mean_ans_in_context_soft=0.7501, mean_gold_token_density=0.4832, mean_gold_doc_reader_cov=0.763, mean_all_gold_reader=0.566, mean_distractor_docs=1.966, mean_context_tokens=142.646, mean_n_snippets=4.09
wrote /kaggle/working/colab_results/stage12_crossfamily_hotpotqa_phi35mini_budget160_limit500_seed7/hotpotqa_density_standard_budget160_limit500_metrics.csv
wrote /kaggle/working/colab_results/stage12_crossfamily_hotpotqa_phi35mini_budget160_limit500_seed7/hotpotqa_density_standard_budget160_limit500_per_question.csv
=== control/main.py done: stage12-cross-family; ok=['falcon3b_seed42', 'falcon3b_seed13', 'falcon3b_seed7', 'phi35mini_seed42', 'phi35mini_seed13', 'phi35mini_seed7'] failed=[] ===
