=== control/main.py: Stage-11 HotpotQA reader-scale ladder (stage11-hotpotqa-reader-ladder-14b-v1) ===
--- rungs=['reader7b_4bit', 'reader14b_4bit'] budget=160 limit=500 seeds=[42, 13] ---
Copied extracted project /kaggle/input/datasets/anantonayan/dataset12 to /kaggle/working/ace_rag_research_v13_analysis
$ /usr/bin/python3 -m pip install -q -r requirements-cloud.txt
     ━━━━━━━━━━━━━━━━━━━━━━━━━━━━━━━━━━━━━━━━ 44.0/44.0 kB 2.7 MB/s eta 0:00:00
   ━━━━━━━━━━━━━━━━━━━━━━━━━━━━━━━━━━━━━━━━ 566.4/566.4 kB 21.3 MB/s eta 0:00:00
   ━━━━━━━━━━━━━━━━━━━━━━━━━━━━━━━━━━━━━━━━ 12.0/12.0 MB 103.0 MB/s eta 0:00:00
$ /usr/bin/python3 -m pip install -q bitsandbytes>=0.43.0
   ━━━━━━━━━━━━━━━━━━━━━━━━━━━━━━━━━━━━━━━━ 60.7/60.7 MB 31.8 MB/s eta 0:00:00
[overlay] applied 5 file(s) to /kaggle/working/ace_rag_research_v13_analysis: ['ace_rag/context_quality.py', 'ace_rag/datasets.py', 'ace_rag/evidence_packer.py', 'ace_rag/generator.py', 'experiments/run_density_router.py']
--- ladder reader7b_4bit (Qwen/Qwen2.5-7B-Instruct) seed 42 ---
$ /usr/bin/python3 -m experiments.run_density_router --dataset hotpotqa --split validation --limit 500 --seed 42 --ace-retriever standard --top-k 5 --top-k-nodes 48 --max-expanded-docs 5 --embedder sentence-transformers --embedding-model BAAI/bge-small-en-v1.5 --embed-device cuda --compressor truncate --compress-dims 320 --reader-backend hf --reader-model Qwen/Qwen2.5-7B-Instruct --reader-device cuda --reader-load-4bit --reader-batch-size 2 --mmr-lambda 0.7 --budget 160 --out-dir /kaggle/working/colab_results/stage11_density_packer_hotpotqa_reader7b_4bit_budget160_limit500_seed42

Generating train split:   0%|          | 0/90447 [00:00<?, ? examples/s]
Generating train split:   1%|          | 1000/90447 [00:00<00:12, 7163.10 examples/s]
Generating train split:   7%|▋         | 6000/90447 [00:00<00:03, 26198.65 examples/s]
Generating train split:  13%|█▎        | 12000/90447 [00:00<00:02, 32044.58 examples/s]
Generating train split:  20%|█▉        | 18000/90447 [00:00<00:01, 36414.10 examples/s]
Generating train split:  27%|██▋       | 24000/90447 [00:00<00:01, 40989.56 examples/s]
Generating train split:  33%|███▎      | 30000/90447 [00:00<00:01, 41184.84 examples/s]
Generating train split:  40%|███▉      | 36000/90447 [00:00<00:01, 41473.78 examples/s]
Generating train split:  46%|████▋     | 42000/90447 [00:01<00:01, 42358.19 examples/s]
Generating train split:  54%|█████▍    | 49224/90447 [00:01<00:01, 40279.58 examples/s]
Generating train split:  60%|█████▉    | 54224/90447 [00:01<00:00, 39987.20 examples/s]
Generating train split:  67%|██████▋   | 60224/90447 [00:01<00:00, 42759.87 examples/s]
Generating train split:  73%|███████▎  | 66224/90447 [00:01<00:00, 42926.47 examples/s]
Generating train split:  80%|███████▉  | 72224/90447 [00:01<00:00, 42955.28 examples/s]
Generating train split:  86%|████████▋ | 78224/90447 [00:01<00:00, 44890.65 examples/s]
Generating train split:  93%|█████████▎| 84224/90447 [00:02<00:00, 42092.76 examples/s]
Generating train split: 100%|██████████| 90447/90447 [00:02<00:00, 40983.67 examples/s]
Generating train split: 100%|██████████| 90447/90447 [00:02<00:00, 39986.15 examples/s]

Generating validation split:   0%|          | 0/7405 [00:00<?, ? examples/s]
Generating validation split:  54%|█████▍    | 4000/7405 [00:00<00:00, 28841.50 examples/s]
Generating validation split: 100%|██████████| 7405/7405 [00:00<00:00, 38130.88 examples/s]
hotpotqa[hf:validation:500]: 4933 docs, 500 questions, 2.00 gold docs/question
[density] retrieving chunk baseline
[chunk] fitting/indexing
[embed] encoding 4933 texts on device=cuda:0

Batches:   0%|          | 0/78 [00:00<?, ?it/s]
Batches:   1%|▏         | 1/78 [00:01<01:31,  1.19s/it]
Batches:   3%|▎         | 2/78 [00:01<00:55,  1.37it/s]
Batches:   4%|▍         | 3/78 [00:01<00:40,  1.83it/s]
Batches:   5%|▌         | 4/78 [00:02<00:36,  2.05it/s]
Batches:   6%|▋         | 5/78 [00:02<00:31,  2.35it/s]
Batches:   8%|▊         | 6/78 [00:02<00:27,  2.65it/s]
Batches:   9%|▉         | 7/78 [00:03<00:24,  2.89it/s]
Batches:  10%|█         | 8/78 [00:03<00:22,  3.06it/s]
Batches:  12%|█▏        | 9/78 [00:03<00:21,  3.19it/s]
Batches:  13%|█▎        | 10/78 [00:04<00:19,  3.41it/s]
Batches:  14%|█▍        | 11/78 [00:04<00:18,  3.62it/s]
Batches:  15%|█▌        | 12/78 [00:04<00:17,  3.79it/s]
Batches:  17%|█▋        | 13/78 [00:04<00:16,  3.92it/s]
Batches:  18%|█▊        | 14/78 [00:04<00:16,  4.00it/s]
Batches:  19%|█▉        | 15/78 [00:05<00:15,  4.17it/s]
Batches:  21%|██        | 16/78 [00:05<00:14,  4.30it/s]
Batches:  22%|██▏       | 17/78 [00:05<00:14,  4.33it/s]
Batches:  23%|██▎       | 18/78 [00:05<00:13,  4.46it/s]
Batches:  24%|██▍       | 19/78 [00:06<00:12,  4.74it/s]
Batches:  26%|██▌       | 20/78 [00:06<00:11,  4.87it/s]
Batches:  27%|██▋       | 21/78 [00:06<00:11,  4.81it/s]
Batches:  28%|██▊       | 22/78 [00:06<00:11,  4.95it/s]
Batches:  29%|██▉       | 23/78 [00:06<00:11,  4.91it/s]
Batches:  31%|███       | 24/78 [00:06<00:10,  5.26it/s]
Batches:  32%|███▏      | 25/78 [00:07<00:09,  5.41it/s]
Batches:  33%|███▎      | 26/78 [00:07<00:09,  5.57it/s]
Batches:  35%|███▍      | 27/78 [00:07<00:09,  5.61it/s]
Batches:  36%|███▌      | 28/78 [00:07<00:08,  5.62it/s]
Batches:  37%|███▋      | 29/78 [00:07<00:08,  5.69it/s]
Batches:  38%|███▊      | 30/78 [00:08<00:08,  5.61it/s]
Batches:  40%|███▉      | 31/78 [00:08<00:08,  5.81it/s]
Batches:  41%|████      | 32/78 [00:08<00:07,  5.83it/s]
Batches:  42%|████▏     | 33/78 [00:08<00:07,  5.91it/s]
Batches:  44%|████▎     | 34/78 [00:08<00:07,  5.82it/s]
Batches:  45%|████▍     | 35/78 [00:08<00:07,  5.99it/s]
Batches:  46%|████▌     | 36/78 [00:09<00:06,  6.10it/s]
Batches:  47%|████▋     | 37/78 [00:09<00:06,  5.92it/s]
Batches:  49%|████▊     | 38/78 [00:09<00:06,  6.21it/s]
Batches:  50%|█████     | 39/78 [00:09<00:05,  6.55it/s]
Batches:  51%|█████▏    | 40/78 [00:09<00:05,  6.63it/s]
Batches:  53%|█████▎    | 41/78 [00:09<00:05,  7.04it/s]
Batches:  54%|█████▍    | 42/78 [00:09<00:05,  7.03it/s]
Batches:  55%|█████▌    | 43/78 [00:10<00:04,  7.01it/s]
Batches:  56%|█████▋    | 44/78 [00:10<00:04,  6.89it/s]
Batches:  58%|█████▊    | 45/78 [00:10<00:04,  7.09it/s]
Batches:  59%|█████▉    | 46/78 [00:10<00:04,  7.46it/s]
Batches:  60%|██████    | 47/78 [00:10<00:03,  7.83it/s]
Batches:  62%|██████▏   | 48/78 [00:10<00:03,  7.76it/s]
Batches:  63%|██████▎   | 49/78 [00:10<00:03,  8.08it/s]
Batches:  64%|██████▍   | 50/78 [00:10<00:03,  8.44it/s]
Batches:  65%|██████▌   | 51/78 [00:10<00:03,  8.68it/s]
Batches:  67%|██████▋   | 52/78 [00:11<00:02,  8.75it/s]
Batches:  68%|██████▊   | 53/78 [00:11<00:02,  8.79it/s]
Batches:  69%|██████▉   | 54/78 [00:11<00:02,  8.86it/s]
Batches:  71%|███████   | 55/78 [00:11<00:02,  9.14it/s]
Batches:  73%|███████▎  | 57/78 [00:11<00:02,  9.15it/s]
Batches:  76%|███████▌  | 59/78 [00:11<00:01,  9.64it/s]
Batches:  78%|███████▊  | 61/78 [00:12<00:01,  9.94it/s]
Batches:  79%|███████▉  | 62/78 [00:12<00:01,  9.92it/s]
Batches:  82%|████████▏ | 64/78 [00:12<00:01, 10.39it/s]
Batches:  85%|████████▍ | 66/78 [00:12<00:01, 10.81it/s]
Batches:  87%|████████▋ | 68/78 [00:12<00:00, 11.37it/s]
Batches:  90%|████████▉ | 70/78 [00:12<00:00, 11.85it/s]
Batches:  92%|█████████▏| 72/78 [00:12<00:00, 12.58it/s]
Batches:  95%|█████████▍| 74/78 [00:13<00:00, 13.84it/s]
Batches:  99%|█████████▊| 77/78 [00:13<00:00, 16.44it/s]
Batches: 100%|██████████| 78/78 [00:13<00:00,  5.91it/s]
[chunk] retrieving
[embed] encoding 500 texts on device=cuda:0

Batches:   0%|          | 0/8 [00:00<?, ?it/s]
Batches:  38%|███▊      | 3/8 [00:00<00:00, 28.07it/s]
Batches:  88%|████████▊ | 7/8 [00:00<00:00, 33.94it/s]
Batches: 100%|██████████| 8/8 [00:00<00:00, 34.86it/s]
[density] retrieving ACE graph
[ace] building evidence graph
[ace] graph built: nodes=49827 edges=76647
[ace] fitting/indexing embeddings
[embed] encoding 44894 texts on device=cuda:0

Batches:   0%|          | 0/702 [00:00<?, ?it/s]
Batches:   0%|          | 1/702 [00:00<05:25,  2.15it/s]
Batches:   0%|          | 2/702 [00:00<03:17,  3.54it/s]
Batches:   0%|          | 3/702 [00:00<02:22,  4.91it/s]
Batches:   1%|          | 4/702 [00:00<01:54,  6.09it/s]
Batches:   1%|          | 6/702 [00:01<01:30,  7.72it/s]
Batches:   1%|          | 8/702 [00:01<01:19,  8.70it/s]
Batches:   1%|▏         | 9/702 [00:01<01:17,  8.90it/s]
Batches:   1%|▏         | 10/702 [00:01<01:16,  9.08it/s]
Batches:   2%|▏         | 12/702 [00:01<01:12,  9.51it/s]
Batches:   2%|▏         | 14/702 [00:01<01:08, 10.05it/s]
Batches:   2%|▏         | 16/702 [00:01<01:05, 10.43it/s]
Batches:   3%|▎         | 18/702 [00:02<01:01, 11.14it/s]
Batches:   3%|▎         | 20/702 [00:02<00:59, 11.47it/s]
Batches:   3%|▎         | 22/702 [00:02<00:56, 12.14it/s]
Batches:   3%|▎         | 24/702 [00:02<00:54, 12.39it/s]
Batches:   4%|▎         | 26/702 [00:02<00:53, 12.62it/s]
Batches:   4%|▍         | 28/702 [00:02<00:55, 12.25it/s]
Batches:   4%|▍         | 30/702 [00:03<00:51, 13.00it/s]
Batches:   5%|▍         | 32/702 [00:03<00:51, 13.02it/s]
Batches:   5%|▍         | 34/702 [00:03<00:52, 12.83it/s]
Batches:   5%|▌         | 36/702 [00:03<00:51, 13.02it/s]
Batches:   5%|▌         | 38/702 [00:03<00:48, 13.61it/s]
Batches:   6%|▌         | 40/702 [00:03<00:48, 13.72it/s]
Batches:   6%|▌         | 42/702 [00:03<00:47, 13.94it/s]
Batches:   6%|▋         | 44/702 [00:04<00:44, 14.70it/s]
Batches:   7%|▋         | 46/702 [00:04<00:44, 14.72it/s]
Batches:   7%|▋         | 48/702 [00:04<00:42, 15.56it/s]
Batches:   7%|▋         | 50/702 [00:04<00:42, 15.49it/s]
Batches:   7%|▋         | 52/702 [00:04<00:40, 16.03it/s]
Batches:   8%|▊         | 54/702 [00:04<00:39, 16.32it/s]
Batches:   8%|▊         | 56/702 [00:04<00:39, 16.46it/s]
Batches:   8%|▊         | 58/702 [00:04<00:39, 16.34it/s]
Batches:   9%|▊         | 60/702 [00:05<00:38, 16.64it/s]
Batches:   9%|▉         | 62/702 [00:05<00:36, 17.31it/s]
Batches:   9%|▉         | 64/702 [00:05<00:36, 17.47it/s]
Batches:  10%|▉         | 67/702 [00:05<00:35, 18.14it/s]
Batches:  10%|▉         | 69/702 [00:05<00:34, 18.37it/s]
Batches:  10%|█         | 71/702 [00:05<00:34, 18.51it/s]
Batches:  10%|█         | 73/702 [00:05<00:33, 18.78it/s]
Batches:  11%|█         | 75/702 [00:05<00:34, 18.27it/s]
Batches:  11%|█         | 77/702 [00:05<00:35, 17.50it/s]
Batches:  11%|█▏        | 79/702 [00:06<00:36, 16.88it/s]
Batches:  12%|█▏        | 82/702 [00:06<00:34, 18.02it/s]
Batches:  12%|█▏        | 84/702 [00:06<00:34, 18.13it/s]
Batches:  12%|█▏        | 87/702 [00:06<00:31, 19.57it/s]
Batches:  13%|█▎        | 89/702 [00:06<00:31, 19.54it/s]
Batches:  13%|█▎        | 91/702 [00:06<00:31, 19.14it/s]
Batches:  13%|█▎        | 94/702 [00:06<00:30, 19.66it/s]
Batches:  14%|█▎        | 96/702 [00:06<00:32, 18.88it/s]
Batches:  14%|█▍        | 99/702 [00:07<00:30, 19.59it/s]
Batches:  14%|█▍        | 101/702 [00:07<00:30, 19.67it/s]
Batches:  15%|█▍        | 104/702 [00:07<00:29, 20.44it/s]
Batches:  15%|█▌        | 107/702 [00:07<00:28, 20.96it/s]
Batches:  16%|█▌        | 110/702 [00:07<00:28, 20.88it/s]
Batches:  16%|█▌        | 113/702 [00:07<00:28, 20.41it/s]
Batches:  17%|█▋        | 116/702 [00:07<00:27, 21.00it/s]
Batches:  17%|█▋        | 119/702 [00:08<00:27, 21.45it/s]
Batches:  17%|█▋        | 122/702 [00:08<00:27, 21.42it/s]
Batches:  18%|█▊        | 125/702 [00:08<00:26, 22.09it/s]
Batches:  18%|█▊        | 128/702 [00:08<00:25, 22.10it/s]
Batches:  19%|█▊        | 131/702 [00:08<00:25, 22.53it/s]
Batches:  19%|█▉        | 134/702 [00:08<00:24, 23.05it/s]
Batches:  20%|█▉        | 137/702 [00:08<00:24, 23.06it/s]
Batches:  20%|█▉        | 140/702 [00:08<00:24, 22.71it/s]
Batches:  20%|██        | 143/702 [00:09<00:24, 22.91it/s]
Batches:  21%|██        | 146/702 [00:09<00:24, 23.16it/s]
Batches:  21%|██        | 149/702 [00:09<00:23, 23.26it/s]
Batches:  22%|██▏       | 152/702 [00:09<00:23, 23.56it/s]
Batches:  22%|██▏       | 155/702 [00:09<00:23, 23.72it/s]
Batches:  23%|██▎       | 158/702 [00:09<00:22, 23.90it/s]
Batches:  23%|██▎       | 161/702 [00:09<00:22, 24.49it/s]
Batches:  23%|██▎       | 164/702 [00:09<00:21, 25.30it/s]
Batches:  24%|██▍       | 167/702 [00:10<00:20, 25.56it/s]
Batches:  24%|██▍       | 170/702 [00:10<00:21, 25.29it/s]
Batches:  25%|██▍       | 173/702 [00:10<00:20, 25.26it/s]
Batches:  25%|██▌       | 176/702 [00:10<00:20, 25.62it/s]
Batches:  25%|██▌       | 179/702 [00:10<00:20, 25.47it/s]
Batches:  26%|██▌       | 182/702 [00:10<00:20, 25.88it/s]
Batches:  26%|██▋       | 185/702 [00:10<00:19, 26.26it/s]
Batches:  27%|██▋       | 188/702 [00:10<00:18, 27.26it/s]
Batches:  27%|██▋       | 191/702 [00:10<00:19, 26.76it/s]
Batches:  28%|██▊       | 194/702 [00:11<00:18, 27.01it/s]
Batches:  28%|██▊       | 197/702 [00:11<00:18, 26.93it/s]
Batches:  28%|██▊       | 200/702 [00:11<00:18, 26.63it/s]
Batches:  29%|██▉       | 203/702 [00:11<00:18, 26.54it/s]
Batches:  29%|██▉       | 207/702 [00:11<00:17, 27.82it/s]
Batches:  30%|██▉       | 210/702 [00:11<00:17, 28.02it/s]
Batches:  30%|███       | 213/702 [00:11<00:17, 27.61it/s]
Batches:  31%|███       | 216/702 [00:11<00:17, 27.35it/s]
Batches:  31%|███       | 219/702 [00:11<00:17, 27.86it/s]
Batches:  32%|███▏      | 223/702 [00:12<00:16, 28.78it/s]
Batches:  32%|███▏      | 226/702 [00:12<00:16, 28.81it/s]
Batches:  33%|███▎      | 230/702 [00:12<00:15, 29.55it/s]
Batches:  33%|███▎      | 234/702 [00:12<00:15, 29.99it/s]
Batches:  34%|███▍      | 238/702 [00:12<00:14, 30.96it/s]
Batches:  34%|███▍      | 242/702 [00:12<00:14, 31.50it/s]
Batches:  35%|███▌      | 246/702 [00:12<00:14, 32.19it/s]
Batches:  36%|███▌      | 250/702 [00:12<00:14, 31.79it/s]
Batches:  36%|███▌      | 254/702 [00:13<00:13, 32.36it/s]
Batches:  37%|███▋      | 258/702 [00:13<00:13, 33.17it/s]
Batches:  37%|███▋      | 262/702 [00:13<00:13, 33.61it/s]
Batches:  38%|███▊      | 266/702 [00:13<00:13, 33.46it/s]
Batches:  38%|███▊      | 270/702 [00:13<00:13, 32.65it/s]
Batches:  39%|███▉      | 274/702 [00:13<00:12, 33.45it/s]
Batches:  40%|███▉      | 278/702 [00:13<00:12, 34.88it/s]
Batches:  40%|████      | 282/702 [00:13<00:11, 35.82it/s]
Batches:  41%|████      | 286/702 [00:13<00:11, 35.88it/s]
Batches:  41%|████▏     | 290/702 [00:14<00:11, 36.76it/s]
Batches:  42%|████▏     | 294/702 [00:14<00:10, 37.35it/s]
Batches:  43%|████▎     | 300/702 [00:14<00:09, 41.13it/s]
Batches:  43%|████▎     | 305/702 [00:14<00:09, 41.66it/s]
Batches:  44%|████▍     | 311/702 [00:14<00:08, 44.31it/s]
Batches:  45%|████▌     | 316/702 [00:14<00:08, 45.56it/s]
Batches:  46%|████▌     | 322/702 [00:14<00:07, 47.58it/s]
Batches:  47%|████▋     | 327/702 [00:14<00:07, 48.10it/s]
Batches:  47%|████▋     | 333/702 [00:14<00:07, 51.29it/s]
Batches:  48%|████▊     | 340/702 [00:15<00:06, 55.42it/s]
Batches:  49%|████▉     | 347/702 [00:15<00:05, 59.26it/s]
Batches:  51%|█████     | 355/702 [00:15<00:05, 63.24it/s]
Batches:  52%|█████▏    | 363/702 [00:15<00:05, 66.31it/s]
Batches:  53%|█████▎    | 371/702 [00:15<00:04, 69.53it/s]
Batches:  54%|█████▍    | 379/702 [00:15<00:04, 71.84it/s]
Batches:  55%|█████▌    | 387/702 [00:15<00:04, 72.84it/s]
Batches:  56%|█████▋    | 395/702 [00:15<00:04, 73.89it/s]
Batches:  57%|█████▋    | 403/702 [00:15<00:03, 74.91it/s]
Batches:  59%|█████▊    | 412/702 [00:16<00:03, 77.18it/s]
Batches:  60%|█████▉    | 421/702 [00:16<00:03, 79.17it/s]
Batches:  61%|██████▏   | 430/702 [00:16<00:03, 79.80it/s]
Batches:  63%|██████▎   | 439/702 [00:16<00:03, 81.64it/s]
Batches:  64%|██████▍   | 448/702 [00:16<00:03, 83.40it/s]
Batches:  65%|██████▌   | 457/702 [00:16<00:02, 84.35it/s]
Batches:  66%|██████▋   | 466/702 [00:16<00:02, 83.44it/s]
Batches:  68%|██████▊   | 475/702 [00:16<00:02, 83.74it/s]
Batches:  69%|██████▉   | 484/702 [00:16<00:02, 85.20it/s]
Batches:  70%|███████   | 493/702 [00:16<00:02, 85.83it/s]
Batches:  72%|███████▏  | 502/702 [00:17<00:02, 86.72it/s]
Batches:  73%|███████▎  | 511/702 [00:17<00:02, 86.86it/s]
Batches:  74%|███████▍  | 520/702 [00:17<00:02, 87.76it/s]
Batches:  75%|███████▌  | 530/702 [00:17<00:01, 88.80it/s]
Batches:  77%|███████▋  | 540/702 [00:17<00:01, 89.30it/s]
Batches:  78%|███████▊  | 550/702 [00:17<00:01, 91.40it/s]
Batches:  80%|███████▉  | 560/702 [00:17<00:01, 93.49it/s]
Batches:  81%|████████  | 570/702 [00:17<00:01, 93.64it/s]
Batches:  83%|████████▎ | 580/702 [00:17<00:01, 93.76it/s]
Batches:  84%|████████▍ | 590/702 [00:18<00:01, 93.41it/s]
Batches:  85%|████████▌ | 600/702 [00:18<00:01, 93.87it/s]
Batches:  87%|████████▋ | 610/702 [00:18<00:00, 93.67it/s]
Batches:  88%|████████▊ | 620/702 [00:18<00:00, 93.78it/s]
Batches:  90%|████████▉ | 630/702 [00:18<00:00, 94.60it/s]
Batches:  91%|█████████▏| 641/702 [00:18<00:00, 96.77it/s]
Batches:  93%|█████████▎| 652/702 [00:18<00:00, 98.00it/s]
Batches:  94%|█████████▍| 663/702 [00:18<00:00, 99.29it/s]
Batches:  96%|█████████▌| 673/702 [00:18<00:00, 99.21it/s]
Batches:  97%|█████████▋| 683/702 [00:18<00:00, 97.61it/s]
Batches:  99%|█████████▊| 693/702 [00:19<00:00, 96.82it/s]
Batches: 100%|██████████| 702/702 [00:19<00:00, 36.62it/s]
[ace] retrieving
[embed] encoding 500 texts on device=cuda:0

Batches:   0%|          | 0/8 [00:00<?, ?it/s]
Batches:  38%|███▊      | 3/8 [00:00<00:00, 27.86it/s]
Batches:  88%|████████▊ | 7/8 [00:00<00:00, 33.07it/s]
Batches: 100%|██████████| 8/8 [00:00<00:00, 34.10it/s]
[density] loading reader once
`torch_dtype` is deprecated! Use `dtype` instead!

Fetching 4 files:   0%|          | 0/4 [00:00<?, ?it/s]
Fetching 4 files:  25%|██▌       | 1/4 [00:59<02:57, 59.05s/it]
Fetching 4 files: 100%|██████████| 4/4 [00:59<00:00, 14.76s/it]

Loading checkpoint shards:   0%|          | 0/4 [00:00<?, ?it/s]
Loading checkpoint shards:  25%|██▌       | 1/4 [00:06<00:18,  6.08s/it]
Loading checkpoint shards:  50%|█████     | 2/4 [00:20<00:22, 11.13s/it]
Loading checkpoint shards:  75%|███████▌  | 3/4 [00:29<00:09,  9.92s/it]
Loading checkpoint shards: 100%|██████████| 4/4 [00:38<00:00,  9.59s/it]
Loading checkpoint shards: 100%|██████████| 4/4 [00:38<00:00,  9.58s/it]
[reader] loaded Qwen/Qwen2.5-7B-Instruct (device_map=auto, 4bit=True) entry=cuda:0
[density] materializing policy=chunk_packed_160
[density] generating policy=chunk_packed_160
The following generation flags are not valid and may be ignored: ['temperature', 'top_p', 'top_k']. Set `TRANSFORMERS_VERBOSITY=info` for more details.
[reader] generated 2/500
[reader] generated 4/500
[reader] generated 6/500
[reader] generated 8/500
[reader] generated 10/500
[reader] generated 12/500
[reader] generated 14/500
[reader] generated 16/500
[reader] generated 18/500
[reader] generated 20/500
[reader] generated 22/500
[reader] generated 24/500
[reader] generated 26/500
[reader] generated 28/500
[reader] generated 30/500
[reader] generated 32/500
[reader] generated 34/500
[reader] generated 36/500
[reader] generated 38/500
[reader] generated 40/500
[reader] generated 42/500
[reader] generated 44/500
[reader] generated 46/500
[reader] generated 48/500
[reader] generated 50/500
[reader] generated 52/500
[reader] generated 54/500
[reader] generated 56/500
[reader] generated 58/500
[reader] generated 60/500
[reader] generated 62/500
[reader] generated 64/500
[reader] generated 66/500
[reader] generated 68/500
[reader] generated 70/500
[reader] generated 72/500
[reader] generated 74/500
[reader] generated 76/500
[reader] generated 78/500
[reader] generated 80/500
[reader] generated 82/500
[reader] generated 84/500
[reader] generated 86/500
[reader] generated 88/500
[reader] generated 90/500
[reader] generated 92/500
[reader] generated 94/500
[reader] generated 96/500
[reader] generated 98/500
[reader] generated 100/500
[reader] generated 102/500
[reader] generated 104/500
[reader] generated 106/500
[reader] generated 108/500
[reader] generated 110/500
[reader] generated 112/500
[reader] generated 114/500
[reader] generated 116/500
[reader] generated 118/500
[reader] generated 120/500
[reader] generated 122/500
[reader] generated 124/500
[reader] generated 126/500
[reader] generated 128/500
[reader] generated 130/500
[reader] generated 132/500
[reader] generated 134/500
[reader] generated 136/500
[reader] generated 138/500
[reader] generated 140/500
[reader] generated 142/500
[reader] generated 144/500
[reader] generated 146/500
[reader] generated 148/500
[reader] generated 150/500
[reader] generated 152/500
[reader] generated 154/500
[reader] generated 156/500
[reader] generated 158/500
[reader] generated 160/500
[reader] generated 162/500
[reader] generated 164/500
[reader] generated 166/500
[reader] generated 168/500
[reader] generated 170/500
[reader] generated 172/500
[reader] generated 174/500
[reader] generated 176/500
[reader] generated 178/500
[reader] generated 180/500
[reader] generated 182/500
[reader] generated 184/500
[reader] generated 186/500
[reader] generated 188/500
[reader] generated 190/500
[reader] generated 192/500
[reader] generated 194/500
[reader] generated 196/500
[reader] generated 198/500
[reader] generated 200/500
[reader] generated 202/500
[reader] generated 204/500
[reader] generated 206/500
[reader] generated 208/500
[reader] generated 210/500
[reader] generated 212/500
[reader] generated 214/500
[reader] generated 216/500
[reader] generated 218/500
[reader] generated 220/500
[reader] generated 222/500
[reader] generated 224/500
[reader] generated 226/500
[reader] generated 228/500
[reader] generated 230/500
[reader] generated 232/500
[reader] generated 234/500
[reader] generated 236/500
[reader] generated 238/500
[reader] generated 240/500
[reader] generated 242/500
[reader] generated 244/500
[reader] generated 246/500
[reader] generated 248/500
[reader] generated 250/500
[reader] generated 252/500
[reader] generated 254/500
[reader] generated 256/500
[reader] generated 258/500
[reader] generated 260/500
[reader] generated 262/500
[reader] generated 264/500
[reader] generated 266/500
[reader] generated 268/500
[reader] generated 270/500
[reader] generated 272/500
[reader] generated 274/500
[reader] generated 276/500
[reader] generated 278/500
[reader] generated 280/500
[reader] generated 282/500
[reader] generated 284/500
[reader] generated 286/500
[reader] generated 288/500
[reader] generated 290/500
[reader] generated 292/500
[reader] generated 294/500
[reader] generated 296/500
[reader] generated 298/500
[reader] generated 300/500
[reader] generated 302/500
[reader] generated 304/500
[reader] generated 306/500
[reader] generated 308/500
[reader] generated 310/500
[reader] generated 312/500
[reader] generated 314/500
[reader] generated 316/500
[reader] generated 318/500
[reader] generated 320/500
[reader] generated 322/500
[reader] generated 324/500
[reader] generated 326/500
[reader] generated 328/500
[reader] generated 330/500
[reader] generated 332/500
[reader] generated 334/500
[reader] generated 336/500
[reader] generated 338/500
[reader] generated 340/500
[reader] generated 342/500
[reader] generated 344/500
[reader] generated 346/500
[reader] generated 348/500
[reader] generated 350/500
[reader] generated 352/500
[reader] generated 354/500
[reader] generated 356/500
[reader] generated 358/500
[reader] generated 360/500
[reader] generated 362/500
[reader] generated 364/500
[reader] generated 366/500
[reader] generated 368/500
[reader] generated 370/500
[reader] generated 372/500
[reader] generated 374/500
[reader] generated 376/500
[reader] generated 378/500
[reader] generated 380/500
[reader] generated 382/500
[reader] generated 384/500
[reader] generated 386/500
[reader] generated 388/500
[reader] generated 390/500
[reader] generated 392/500
[reader] generated 394/500
[reader] generated 396/500
[reader] generated 398/500
[reader] generated 400/500
[reader] generated 402/500
[reader] generated 404/500
[reader] generated 406/500
[reader] generated 408/500
[reader] generated 410/500
[reader] generated 412/500
[reader] generated 414/500
[reader] generated 416/500
[reader] generated 418/500
[reader] generated 420/500
[reader] generated 422/500
[reader] generated 424/500
[reader] generated 426/500
[reader] generated 428/500
[reader] generated 430/500
[reader] generated 432/500
[reader] generated 434/500
[reader] generated 436/500
[reader] generated 438/500
[reader] generated 440/500
[reader] generated 442/500
[reader] generated 444/500
[reader] generated 446/500
[reader] generated 448/500
[reader] generated 450/500
[reader] generated 452/500
[reader] generated 454/500
[reader] generated 456/500
[reader] generated 458/500
[reader] generated 460/500
[reader] generated 462/500
[reader] generated 464/500
[reader] generated 466/500
[reader] generated 468/500
[reader] generated 470/500
[reader] generated 472/500
[reader] generated 474/500
[reader] generated 476/500
[reader] generated 478/500
[reader] generated 480/500
[reader] generated 482/500
[reader] generated 484/500
[reader] generated 486/500
[reader] generated 488/500
[reader] generated 490/500
[reader] generated 492/500
[reader] generated 494/500
[reader] generated 496/500
[reader] generated 498/500
[reader] generated 500/500
[density] policy=chunk_packed_160, router_type=fixed, representation=chunk, packer=packed, reader_model=Qwen/Qwen2.5-7B-Instruct, packed_token_budget=160, recall@1=0.438, all_gold@1=0.0, recall@2=0.723, all_gold@2=0.498, recall@5=0.874, all_gold@5=0.758, qwen_em=0.268, qwen_f1=0.3326, avg_reader_evidence_tokens=151.31, mean_ans_in_context=0.59, mean_gold_token_density=0.4001, mean_gold_doc_reader_cov=0.685, mean_all_gold_reader=0.448, mean_distractor_docs=2.006, mean_context_tokens=151.314, mean_n_snippets=3.484
[density] materializing policy=chunk_focused_160
[density] generating policy=chunk_focused_160
[reader] generated 2/500
[reader] generated 4/500
[reader] generated 6/500
[reader] generated 8/500
[reader] generated 10/500
[reader] generated 12/500
[reader] generated 14/500
[reader] generated 16/500
[reader] generated 18/500
[reader] generated 20/500
[reader] generated 22/500
[reader] generated 24/500
[reader] generated 26/500
[reader] generated 28/500
[reader] generated 30/500
[reader] generated 32/500
[reader] generated 34/500
[reader] generated 36/500
[reader] generated 38/500
[reader] generated 40/500
[reader] generated 42/500
[reader] generated 44/500
[reader] generated 46/500
[reader] generated 48/500
[reader] generated 50/500
[reader] generated 52/500
[reader] generated 54/500
[reader] generated 56/500
[reader] generated 58/500
[reader] generated 60/500
[reader] generated 62/500
[reader] generated 64/500
[reader] generated 66/500
[reader] generated 68/500
[reader] generated 70/500
[reader] generated 72/500
[reader] generated 74/500
[reader] generated 76/500
[reader] generated 78/500
[reader] generated 80/500
[reader] generated 82/500
[reader] generated 84/500
[reader] generated 86/500
[reader] generated 88/500
[reader] generated 90/500
[reader] generated 92/500
[reader] generated 94/500
[reader] generated 96/500
[reader] generated 98/500
[reader] generated 100/500
[reader] generated 102/500
[reader] generated 104/500
[reader] generated 106/500
[reader] generated 108/500
[reader] generated 110/500
[reader] generated 112/500
[reader] generated 114/500
[reader] generated 116/500
[reader] generated 118/500
[reader] generated 120/500
[reader] generated 122/500
[reader] generated 124/500
[reader] generated 126/500
[reader] generated 128/500
[reader] generated 130/500
[reader] generated 132/500
[reader] generated 134/500
[reader] generated 136/500
[reader] generated 138/500
[reader] generated 140/500
[reader] generated 142/500
[reader] generated 144/500
[reader] generated 146/500
[reader] generated 148/500
[reader] generated 150/500
[reader] generated 152/500
[reader] generated 154/500
[reader] generated 156/500
[reader] generated 158/500
[reader] generated 160/500
[reader] generated 162/500
[reader] generated 164/500
[reader] generated 166/500
[reader] generated 168/500
[reader] generated 170/500
[reader] generated 172/500
[reader] generated 174/500
[reader] generated 176/500
[reader] generated 178/500
[reader] generated 180/500
[reader] generated 182/500
[reader] generated 184/500
[reader] generated 186/500
[reader] generated 188/500
[reader] generated 190/500
[reader] generated 192/500
[reader] generated 194/500
[reader] generated 196/500
[reader] generated 198/500
[reader] generated 200/500
[reader] generated 202/500
[reader] generated 204/500
[reader] generated 206/500
[reader] generated 208/500
[reader] generated 210/500
[reader] generated 212/500
[reader] generated 214/500
[reader] generated 216/500
[reader] generated 218/500
[reader] generated 220/500
[reader] generated 222/500
[reader] generated 224/500
[reader] generated 226/500
[reader] generated 228/500
[reader] generated 230/500
[reader] generated 232/500
[reader] generated 234/500
[reader] generated 236/500
[reader] generated 238/500
[reader] generated 240/500
[reader] generated 242/500
[reader] generated 244/500
[reader] generated 246/500
[reader] generated 248/500
[reader] generated 250/500
[reader] generated 252/500
[reader] generated 254/500
[reader] generated 256/500
[reader] generated 258/500
[reader] generated 260/500
[reader] generated 262/500
[reader] generated 264/500
[reader] generated 266/500
[reader] generated 268/500
[reader] generated 270/500
[reader] generated 272/500
[reader] generated 274/500
[reader] generated 276/500
[reader] generated 278/500
[reader] generated 280/500
[reader] generated 282/500
[reader] generated 284/500
[reader] generated 286/500
[reader] generated 288/500
[reader] generated 290/500
[reader] generated 292/500
[reader] generated 294/500
[reader] generated 296/500
[reader] generated 298/500
[reader] generated 300/500
[reader] generated 302/500
[reader] generated 304/500
[reader] generated 306/500
[reader] generated 308/500
[reader] generated 310/500
[reader] generated 312/500
[reader] generated 314/500
[reader] generated 316/500
[reader] generated 318/500
[reader] generated 320/500
[reader] generated 322/500
[reader] generated 324/500
[reader] generated 326/500
[reader] generated 328/500
[reader] generated 330/500
[reader] generated 332/500
[reader] generated 334/500
[reader] generated 336/500
[reader] generated 338/500
[reader] generated 340/500
[reader] generated 342/500
[reader] generated 344/500
[reader] generated 346/500
[reader] generated 348/500
[reader] generated 350/500
[reader] generated 352/500
[reader] generated 354/500
[reader] generated 356/500
[reader] generated 358/500
[reader] generated 360/500
[reader] generated 362/500
[reader] generated 364/500
[reader] generated 366/500
[reader] generated 368/500
[reader] generated 370/500
[reader] generated 372/500
[reader] generated 374/500
[reader] generated 376/500
[reader] generated 378/500
[reader] generated 380/500
[reader] generated 382/500
[reader] generated 384/500
[reader] generated 386/500
[reader] generated 388/500
[reader] generated 390/500
[reader] generated 392/500
[reader] generated 394/500
[reader] generated 396/500
[reader] generated 398/500
[reader] generated 400/500
[reader] generated 402/500
[reader] generated 404/500
[reader] generated 406/500
[reader] generated 408/500
[reader] generated 410/500
[reader] generated 412/500
[reader] generated 414/500
[reader] generated 416/500
[reader] generated 418/500
[reader] generated 420/500
[reader] generated 422/500
[reader] generated 424/500
[reader] generated 426/500
[reader] generated 428/500
[reader] generated 430/500
[reader] generated 432/500
[reader] generated 434/500
[reader] generated 436/500
[reader] generated 438/500
[reader] generated 440/500
[reader] generated 442/500
[reader] generated 444/500
[reader] generated 446/500
[reader] generated 448/500
[reader] generated 450/500
[reader] generated 452/500
[reader] generated 454/500
[reader] generated 456/500
[reader] generated 458/500
[reader] generated 460/500
[reader] generated 462/500
[reader] generated 464/500
[reader] generated 466/500
[reader] generated 468/500
[reader] generated 470/500
[reader] generated 472/500
[reader] generated 474/500
[reader] generated 476/500
[reader] generated 478/500
[reader] generated 480/500
[reader] generated 482/500
[reader] generated 484/500
[reader] generated 486/500
[reader] generated 488/500
[reader] generated 490/500
[reader] generated 492/500
[reader] generated 494/500
[reader] generated 496/500
[reader] generated 498/500
[reader] generated 500/500
[density] policy=chunk_focused_160, router_type=fixed, representation=chunk, packer=focused, reader_model=Qwen/Qwen2.5-7B-Instruct, packed_token_budget=160, recall@1=0.438, all_gold@1=0.0, recall@2=0.723, all_gold@2=0.498, recall@5=0.874, all_gold@5=0.758, qwen_em=0.31, qwen_f1=0.3856, avg_reader_evidence_tokens=152.28, mean_ans_in_context=0.632, mean_gold_token_density=0.5094, mean_gold_doc_reader_cov=0.733, mean_all_gold_reader=0.512, mean_distractor_docs=1.596, mean_context_tokens=152.282, mean_n_snippets=3.318
[density] materializing policy=chunk_mmr_160
[density] generating policy=chunk_mmr_160
[reader] generated 2/500
[reader] generated 4/500
[reader] generated 6/500
[reader] generated 8/500
[reader] generated 10/500
[reader] generated 12/500
[reader] generated 14/500
[reader] generated 16/500
[reader] generated 18/500
[reader] generated 20/500
[reader] generated 22/500
[reader] generated 24/500
[reader] generated 26/500
[reader] generated 28/500
[reader] generated 30/500
[reader] generated 32/500
[reader] generated 34/500
[reader] generated 36/500
[reader] generated 38/500
[reader] generated 40/500
[reader] generated 42/500
[reader] generated 44/500
[reader] generated 46/500
[reader] generated 48/500
[reader] generated 50/500
[reader] generated 52/500
[reader] generated 54/500
[reader] generated 56/500
[reader] generated 58/500
[reader] generated 60/500
[reader] generated 62/500
[reader] generated 64/500
[reader] generated 66/500
[reader] generated 68/500
[reader] generated 70/500
[reader] generated 72/500
[reader] generated 74/500
[reader] generated 76/500
[reader] generated 78/500
[reader] generated 80/500
[reader] generated 82/500
[reader] generated 84/500
[reader] generated 86/500
[reader] generated 88/500
[reader] generated 90/500
[reader] generated 92/500
[reader] generated 94/500
[reader] generated 96/500
[reader] generated 98/500
[reader] generated 100/500
[reader] generated 102/500
[reader] generated 104/500
[reader] generated 106/500
[reader] generated 108/500
[reader] generated 110/500
[reader] generated 112/500
[reader] generated 114/500
[reader] generated 116/500
[reader] generated 118/500
[reader] generated 120/500
[reader] generated 122/500
[reader] generated 124/500
[reader] generated 126/500
[reader] generated 128/500
[reader] generated 130/500
[reader] generated 132/500
[reader] generated 134/500
[reader] generated 136/500
[reader] generated 138/500
[reader] generated 140/500
[reader] generated 142/500
[reader] generated 144/500
[reader] generated 146/500
[reader] generated 148/500
[reader] generated 150/500
[reader] generated 152/500
[reader] generated 154/500
[reader] generated 156/500
[reader] generated 158/500
[reader] generated 160/500
[reader] generated 162/500
[reader] generated 164/500
[reader] generated 166/500
[reader] generated 168/500
[reader] generated 170/500
[reader] generated 172/500
[reader] generated 174/500
[reader] generated 176/500
[reader] generated 178/500
[reader] generated 180/500
[reader] generated 182/500
[reader] generated 184/500
[reader] generated 186/500
[reader] generated 188/500
[reader] generated 190/500
[reader] generated 192/500
[reader] generated 194/500
[reader] generated 196/500
[reader] generated 198/500
[reader] generated 200/500
[reader] generated 202/500
[reader] generated 204/500
[reader] generated 206/500
[reader] generated 208/500
[reader] generated 210/500
[reader] generated 212/500
[reader] generated 214/500
[reader] generated 216/500
[reader] generated 218/500
[reader] generated 220/500
[reader] generated 222/500
[reader] generated 224/500
[reader] generated 226/500
[reader] generated 228/500
[reader] generated 230/500
[reader] generated 232/500
[reader] generated 234/500
[reader] generated 236/500
[reader] generated 238/500
[reader] generated 240/500
[reader] generated 242/500
[reader] generated 244/500
[reader] generated 246/500
[reader] generated 248/500
[reader] generated 250/500
[reader] generated 252/500
[reader] generated 254/500
[reader] generated 256/500
[reader] generated 258/500
[reader] generated 260/500
[reader] generated 262/500
[reader] generated 264/500
[reader] generated 266/500
[reader] generated 268/500
[reader] generated 270/500
[reader] generated 272/500
[reader] generated 274/500
[reader] generated 276/500
[reader] generated 278/500
[reader] generated 280/500
[reader] generated 282/500
[reader] generated 284/500
[reader] generated 286/500
[reader] generated 288/500
[reader] generated 290/500
[reader] generated 292/500
[reader] generated 294/500
[reader] generated 296/500
[reader] generated 298/500
[reader] generated 300/500
[reader] generated 302/500
[reader] generated 304/500
[reader] generated 306/500
[reader] generated 308/500
[reader] generated 310/500
[reader] generated 312/500
[reader] generated 314/500
[reader] generated 316/500
[reader] generated 318/500
[reader] generated 320/500
[reader] generated 322/500
[reader] generated 324/500
[reader] generated 326/500
[reader] generated 328/500
[reader] generated 330/500
[reader] generated 332/500
[reader] generated 334/500
[reader] generated 336/500
[reader] generated 338/500
[reader] generated 340/500
[reader] generated 342/500
[reader] generated 344/500
[reader] generated 346/500
[reader] generated 348/500
[reader] generated 350/500
[reader] generated 352/500
[reader] generated 354/500
[reader] generated 356/500
[reader] generated 358/500
[reader] generated 360/500
[reader] generated 362/500
[reader] generated 364/500
[reader] generated 366/500
[reader] generated 368/500
[reader] generated 370/500
[reader] generated 372/500
[reader] generated 374/500
[reader] generated 376/500
[reader] generated 378/500
[reader] generated 380/500
[reader] generated 382/500
[reader] generated 384/500
[reader] generated 386/500
[reader] generated 388/500
[reader] generated 390/500
[reader] generated 392/500
[reader] generated 394/500
[reader] generated 396/500
[reader] generated 398/500
[reader] generated 400/500
[reader] generated 402/500
[reader] generated 404/500
[reader] generated 406/500
[reader] generated 408/500
[reader] generated 410/500
[reader] generated 412/500
[reader] generated 414/500
[reader] generated 416/500
[reader] generated 418/500
[reader] generated 420/500
[reader] generated 422/500
[reader] generated 424/500
[reader] generated 426/500
[reader] generated 428/500
[reader] generated 430/500
[reader] generated 432/500
[reader] generated 434/500
[reader] generated 436/500
[reader] generated 438/500
[reader] generated 440/500
[reader] generated 442/500
[reader] generated 444/500
[reader] generated 446/500
[reader] generated 448/500
[reader] generated 450/500
[reader] generated 452/500
[reader] generated 454/500
[reader] generated 456/500
[reader] generated 458/500
[reader] generated 460/500
[reader] generated 462/500
[reader] generated 464/500
[reader] generated 466/500
[reader] generated 468/500
[reader] generated 470/500
[reader] generated 472/500
[reader] generated 474/500
[reader] generated 476/500
[reader] generated 478/500
[reader] generated 480/500
[reader] generated 482/500
[reader] generated 484/500
[reader] generated 486/500
[reader] generated 488/500
[reader] generated 490/500
[reader] generated 492/500
[reader] generated 494/500
[reader] generated 496/500
[reader] generated 498/500
[reader] generated 500/500
[density] policy=chunk_mmr_160, router_type=fixed, representation=chunk, packer=mmr, reader_model=Qwen/Qwen2.5-7B-Instruct, packed_token_budget=160, recall@1=0.438, all_gold@1=0.0, recall@2=0.723, all_gold@2=0.498, recall@5=0.874, all_gold@5=0.758, qwen_em=0.272, qwen_f1=0.346, avg_reader_evidence_tokens=151.87, mean_ans_in_context=0.592, mean_gold_token_density=0.4927, mean_gold_doc_reader_cov=0.68, mean_all_gold_reader=0.418, mean_distractor_docs=1.57, mean_context_tokens=151.874, mean_n_snippets=3.354
[density] materializing policy=chunk_submod_160
[density] generating policy=chunk_submod_160
[reader] generated 2/500
[reader] generated 4/500
[reader] generated 6/500
[reader] generated 8/500
[reader] generated 10/500
[reader] generated 12/500
[reader] generated 14/500
[reader] generated 16/500
[reader] generated 18/500
[reader] generated 20/500
[reader] generated 22/500
[reader] generated 24/500
[reader] generated 26/500
[reader] generated 28/500
[reader] generated 30/500
[reader] generated 32/500
[reader] generated 34/500
[reader] generated 36/500
[reader] generated 38/500
[reader] generated 40/500
[reader] generated 42/500
[reader] generated 44/500
[reader] generated 46/500
[reader] generated 48/500
[reader] generated 50/500
[reader] generated 52/500
[reader] generated 54/500
[reader] generated 56/500
[reader] generated 58/500
[reader] generated 60/500
[reader] generated 62/500
[reader] generated 64/500
[reader] generated 66/500
[reader] generated 68/500
[reader] generated 70/500
[reader] generated 72/500
[reader] generated 74/500
[reader] generated 76/500
[reader] generated 78/500
[reader] generated 80/500
[reader] generated 82/500
[reader] generated 84/500
[reader] generated 86/500
[reader] generated 88/500
[reader] generated 90/500
[reader] generated 92/500
[reader] generated 94/500
[reader] generated 96/500
[reader] generated 98/500
[reader] generated 100/500
[reader] generated 102/500
[reader] generated 104/500
[reader] generated 106/500
[reader] generated 108/500
[reader] generated 110/500
[reader] generated 112/500
[reader] generated 114/500
[reader] generated 116/500
[reader] generated 118/500
[reader] generated 120/500
[reader] generated 122/500
[reader] generated 124/500
[reader] generated 126/500
[reader] generated 128/500
[reader] generated 130/500
[reader] generated 132/500
[reader] generated 134/500
[reader] generated 136/500
[reader] generated 138/500
[reader] generated 140/500
[reader] generated 142/500
[reader] generated 144/500
[reader] generated 146/500
[reader] generated 148/500
[reader] generated 150/500
[reader] generated 152/500
[reader] generated 154/500
[reader] generated 156/500
[reader] generated 158/500
[reader] generated 160/500
[reader] generated 162/500
[reader] generated 164/500
[reader] generated 166/500
[reader] generated 168/500
[reader] generated 170/500
[reader] generated 172/500
[reader] generated 174/500
[reader] generated 176/500
[reader] generated 178/500
[reader] generated 180/500
[reader] generated 182/500
[reader] generated 184/500
[reader] generated 186/500
[reader] generated 188/500
[reader] generated 190/500
[reader] generated 192/500
[reader] generated 194/500
[reader] generated 196/500
[reader] generated 198/500
[reader] generated 200/500
[reader] generated 202/500
[reader] generated 204/500
[reader] generated 206/500
[reader] generated 208/500
[reader] generated 210/500
[reader] generated 212/500
[reader] generated 214/500
[reader] generated 216/500
[reader] generated 218/500
[reader] generated 220/500
[reader] generated 222/500
[reader] generated 224/500
[reader] generated 226/500
[reader] generated 228/500
[reader] generated 230/500
[reader] generated 232/500
[reader] generated 234/500
[reader] generated 236/500
[reader] generated 238/500
[reader] generated 240/500
[reader] generated 242/500
[reader] generated 244/500
[reader] generated 246/500
[reader] generated 248/500
[reader] generated 250/500
[reader] generated 252/500
[reader] generated 254/500
[reader] generated 256/500
[reader] generated 258/500
[reader] generated 260/500
[reader] generated 262/500
[reader] generated 264/500
[reader] generated 266/500
[reader] generated 268/500
[reader] generated 270/500
[reader] generated 272/500
[reader] generated 274/500
[reader] generated 276/500
[reader] generated 278/500
[reader] generated 280/500
[reader] generated 282/500
[reader] generated 284/500
[reader] generated 286/500
[reader] generated 288/500
[reader] generated 290/500
[reader] generated 292/500
[reader] generated 294/500
[reader] generated 296/500
[reader] generated 298/500
[reader] generated 300/500
[reader] generated 302/500
[reader] generated 304/500
[reader] generated 306/500
[reader] generated 308/500
[reader] generated 310/500
[reader] generated 312/500
[reader] generated 314/500
[reader] generated 316/500
[reader] generated 318/500
[reader] generated 320/500
[reader] generated 322/500
[reader] generated 324/500
[reader] generated 326/500
[reader] generated 328/500
[reader] generated 330/500
[reader] generated 332/500
[reader] generated 334/500
[reader] generated 336/500
[reader] generated 338/500
[reader] generated 340/500
[reader] generated 342/500
[reader] generated 344/500
[reader] generated 346/500
[reader] generated 348/500
[reader] generated 350/500
[reader] generated 352/500
[reader] generated 354/500
[reader] generated 356/500
[reader] generated 358/500
[reader] generated 360/500
[reader] generated 362/500
[reader] generated 364/500
[reader] generated 366/500
[reader] generated 368/500
[reader] generated 370/500
[reader] generated 372/500
[reader] generated 374/500
[reader] generated 376/500
[reader] generated 378/500
[reader] generated 380/500
[reader] generated 382/500
[reader] generated 384/500
[reader] generated 386/500
[reader] generated 388/500
[reader] generated 390/500
[reader] generated 392/500
[reader] generated 394/500
[reader] generated 396/500
[reader] generated 398/500
[reader] generated 400/500
[reader] generated 402/500
[reader] generated 404/500
[reader] generated 406/500
[reader] generated 408/500
[reader] generated 410/500
[reader] generated 412/500
[reader] generated 414/500
[reader] generated 416/500
[reader] generated 418/500
[reader] generated 420/500
[reader] generated 422/500
[reader] generated 424/500
[reader] generated 426/500
[reader] generated 428/500
[reader] generated 430/500
[reader] generated 432/500
[reader] generated 434/500
[reader] generated 436/500
[reader] generated 438/500
[reader] generated 440/500
[reader] generated 442/500
[reader] generated 444/500
[reader] generated 446/500
[reader] generated 448/500
[reader] generated 450/500
[reader] generated 452/500
[reader] generated 454/500
[reader] generated 456/500
[reader] generated 458/500
[reader] generated 460/500
[reader] generated 462/500
[reader] generated 464/500
[reader] generated 466/500
[reader] generated 468/500
[reader] generated 470/500
[reader] generated 472/500
[reader] generated 474/500
[reader] generated 476/500
[reader] generated 478/500
[reader] generated 480/500
[reader] generated 482/500
[reader] generated 484/500
[reader] generated 486/500
[reader] generated 488/500
[reader] generated 490/500
[reader] generated 492/500
[reader] generated 494/500
[reader] generated 496/500
[reader] generated 498/500
[reader] generated 500/500
[density] policy=chunk_submod_160, router_type=fixed, representation=chunk, packer=submod, reader_model=Qwen/Qwen2.5-7B-Instruct, packed_token_budget=160, recall@1=0.438, all_gold@1=0.0, recall@2=0.723, all_gold@2=0.498, recall@5=0.874, all_gold@5=0.758, qwen_em=0.302, qwen_f1=0.3748, avg_reader_evidence_tokens=145.4, mean_ans_in_context=0.64, mean_gold_token_density=0.4574, mean_gold_doc_reader_cov=0.779, mean_all_gold_reader=0.578, mean_distractor_docs=2.204, mean_context_tokens=145.398, mean_n_snippets=4.616
[density] materializing policy=ace_focused_160
[density] generating policy=ace_focused_160
[reader] generated 2/500
[reader] generated 4/500
[reader] generated 6/500
[reader] generated 8/500
[reader] generated 10/500
[reader] generated 12/500
[reader] generated 14/500
[reader] generated 16/500
[reader] generated 18/500
[reader] generated 20/500
[reader] generated 22/500
[reader] generated 24/500
[reader] generated 26/500
[reader] generated 28/500
[reader] generated 30/500
[reader] generated 32/500
[reader] generated 34/500
[reader] generated 36/500
[reader] generated 38/500
[reader] generated 40/500
[reader] generated 42/500
[reader] generated 44/500
[reader] generated 46/500
[reader] generated 48/500
[reader] generated 50/500
[reader] generated 52/500
[reader] generated 54/500
[reader] generated 56/500
[reader] generated 58/500
[reader] generated 60/500
[reader] generated 62/500
[reader] generated 64/500
[reader] generated 66/500
[reader] generated 68/500
[reader] generated 70/500
[reader] generated 72/500
[reader] generated 74/500
[reader] generated 76/500
[reader] generated 78/500
[reader] generated 80/500
[reader] generated 82/500
[reader] generated 84/500
[reader] generated 86/500
[reader] generated 88/500
[reader] generated 90/500
[reader] generated 92/500
[reader] generated 94/500
[reader] generated 96/500
[reader] generated 98/500
[reader] generated 100/500
[reader] generated 102/500
[reader] generated 104/500
[reader] generated 106/500
[reader] generated 108/500
[reader] generated 110/500
[reader] generated 112/500
[reader] generated 114/500
[reader] generated 116/500
[reader] generated 118/500
[reader] generated 120/500
[reader] generated 122/500
[reader] generated 124/500
[reader] generated 126/500
[reader] generated 128/500
[reader] generated 130/500
[reader] generated 132/500
[reader] generated 134/500
[reader] generated 136/500
[reader] generated 138/500
[reader] generated 140/500
[reader] generated 142/500
[reader] generated 144/500
[reader] generated 146/500
[reader] generated 148/500
[reader] generated 150/500
[reader] generated 152/500
[reader] generated 154/500
[reader] generated 156/500
[reader] generated 158/500
[reader] generated 160/500
[reader] generated 162/500
[reader] generated 164/500
[reader] generated 166/500
[reader] generated 168/500
[reader] generated 170/500
[reader] generated 172/500
[reader] generated 174/500
[reader] generated 176/500
[reader] generated 178/500
[reader] generated 180/500
[reader] generated 182/500
[reader] generated 184/500
[reader] generated 186/500
[reader] generated 188/500
[reader] generated 190/500
[reader] generated 192/500
[reader] generated 194/500
[reader] generated 196/500
[reader] generated 198/500
[reader] generated 200/500
[reader] generated 202/500
[reader] generated 204/500
[reader] generated 206/500
[reader] generated 208/500
[reader] generated 210/500
[reader] generated 212/500
[reader] generated 214/500
[reader] generated 216/500
[reader] generated 218/500
[reader] generated 220/500
[reader] generated 222/500
[reader] generated 224/500
[reader] generated 226/500
[reader] generated 228/500
[reader] generated 230/500
[reader] generated 232/500
[reader] generated 234/500
[reader] generated 236/500
[reader] generated 238/500
[reader] generated 240/500
[reader] generated 242/500
[reader] generated 244/500
[reader] generated 246/500
[reader] generated 248/500
[reader] generated 250/500
[reader] generated 252/500
[reader] generated 254/500
[reader] generated 256/500
[reader] generated 258/500
[reader] generated 260/500
[reader] generated 262/500
[reader] generated 264/500
[reader] generated 266/500
[reader] generated 268/500
[reader] generated 270/500
[reader] generated 272/500
[reader] generated 274/500
[reader] generated 276/500
[reader] generated 278/500
[reader] generated 280/500
[reader] generated 282/500
[reader] generated 284/500
[reader] generated 286/500
[reader] generated 288/500
[reader] generated 290/500
[reader] generated 292/500
[reader] generated 294/500
[reader] generated 296/500
[reader] generated 298/500
[reader] generated 300/500
[reader] generated 302/500
[reader] generated 304/500
[reader] generated 306/500
[reader] generated 308/500
[reader] generated 310/500
[reader] generated 312/500
[reader] generated 314/500
[reader] generated 316/500
[reader] generated 318/500
[reader] generated 320/500
[reader] generated 322/500
[reader] generated 324/500
[reader] generated 326/500
[reader] generated 328/500
[reader] generated 330/500
[reader] generated 332/500
[reader] generated 334/500
[reader] generated 336/500
[reader] generated 338/500
[reader] generated 340/500
[reader] generated 342/500
[reader] generated 344/500
[reader] generated 346/500
[reader] generated 348/500
[reader] generated 350/500
[reader] generated 352/500
[reader] generated 354/500
[reader] generated 356/500
[reader] generated 358/500
[reader] generated 360/500
[reader] generated 362/500
[reader] generated 364/500
[reader] generated 366/500
[reader] generated 368/500
[reader] generated 370/500
[reader] generated 372/500
[reader] generated 374/500
[reader] generated 376/500
[reader] generated 378/500
[reader] generated 380/500
[reader] generated 382/500
[reader] generated 384/500
[reader] generated 386/500
[reader] generated 388/500
[reader] generated 390/500
[reader] generated 392/500
[reader] generated 394/500
[reader] generated 396/500
[reader] generated 398/500
[reader] generated 400/500
[reader] generated 402/500
[reader] generated 404/500
[reader] generated 406/500
[reader] generated 408/500
[reader] generated 410/500
[reader] generated 412/500
[reader] generated 414/500
[reader] generated 416/500
[reader] generated 418/500
[reader] generated 420/500
[reader] generated 422/500
[reader] generated 424/500
[reader] generated 426/500
[reader] generated 428/500
[reader] generated 430/500
[reader] generated 432/500
[reader] generated 434/500
[reader] generated 436/500
[reader] generated 438/500
[reader] generated 440/500
[reader] generated 442/500
[reader] generated 444/500
[reader] generated 446/500
[reader] generated 448/500
[reader] generated 450/500
[reader] generated 452/500
[reader] generated 454/500
[reader] generated 456/500
[reader] generated 458/500
[reader] generated 460/500
[reader] generated 462/500
[reader] generated 464/500
[reader] generated 466/500
[reader] generated 468/500
[reader] generated 470/500
[reader] generated 472/500
[reader] generated 474/500
[reader] generated 476/500
[reader] generated 478/500
[reader] generated 480/500
[reader] generated 482/500
[reader] generated 484/500
[reader] generated 486/500
[reader] generated 488/500
[reader] generated 490/500
[reader] generated 492/500
[reader] generated 494/500
[reader] generated 496/500
[reader] generated 498/500
[reader] generated 500/500
[density] policy=ace_focused_160, router_type=fixed, representation=ace, packer=focused, reader_model=Qwen/Qwen2.5-7B-Instruct, packed_token_budget=160, recall@1=0.419, all_gold@1=0.0, recall@2=0.677, all_gold@2=0.422, recall@5=0.859, all_gold@5=0.726, qwen_em=0.304, qwen_f1=0.3834, avg_reader_evidence_tokens=150.04, mean_ans_in_context=0.63, mean_gold_token_density=0.4516, mean_gold_doc_reader_cov=0.768, mean_all_gold_reader=0.562, mean_distractor_docs=2.134, mean_context_tokens=150.042, mean_n_snippets=4.108
[density] materializing policy=ace_mmr_160
[density] generating policy=ace_mmr_160
[reader] generated 2/500
[reader] generated 4/500
[reader] generated 6/500
[reader] generated 8/500
[reader] generated 10/500
[reader] generated 12/500
[reader] generated 14/500
[reader] generated 16/500
[reader] generated 18/500
[reader] generated 20/500
[reader] generated 22/500
[reader] generated 24/500
[reader] generated 26/500
[reader] generated 28/500
[reader] generated 30/500
[reader] generated 32/500
[reader] generated 34/500
[reader] generated 36/500
[reader] generated 38/500
[reader] generated 40/500
[reader] generated 42/500
[reader] generated 44/500
[reader] generated 46/500
[reader] generated 48/500
[reader] generated 50/500
[reader] generated 52/500
[reader] generated 54/500
[reader] generated 56/500
[reader] generated 58/500
[reader] generated 60/500
[reader] generated 62/500
[reader] generated 64/500
[reader] generated 66/500
[reader] generated 68/500
[reader] generated 70/500
[reader] generated 72/500
[reader] generated 74/500
[reader] generated 76/500
[reader] generated 78/500
[reader] generated 80/500
[reader] generated 82/500
[reader] generated 84/500
[reader] generated 86/500
[reader] generated 88/500
[reader] generated 90/500
[reader] generated 92/500
[reader] generated 94/500
[reader] generated 96/500
[reader] generated 98/500
[reader] generated 100/500
[reader] generated 102/500
[reader] generated 104/500
[reader] generated 106/500
[reader] generated 108/500
[reader] generated 110/500
[reader] generated 112/500
[reader] generated 114/500
[reader] generated 116/500
[reader] generated 118/500
[reader] generated 120/500
[reader] generated 122/500
[reader] generated 124/500
[reader] generated 126/500
[reader] generated 128/500
[reader] generated 130/500
[reader] generated 132/500
[reader] generated 134/500
[reader] generated 136/500
[reader] generated 138/500
[reader] generated 140/500
[reader] generated 142/500
[reader] generated 144/500
[reader] generated 146/500
[reader] generated 148/500
[reader] generated 150/500
[reader] generated 152/500
[reader] generated 154/500
[reader] generated 156/500
[reader] generated 158/500
[reader] generated 160/500
[reader] generated 162/500
[reader] generated 164/500
[reader] generated 166/500
[reader] generated 168/500
[reader] generated 170/500
[reader] generated 172/500
[reader] generated 174/500
[reader] generated 176/500
[reader] generated 178/500
[reader] generated 180/500
[reader] generated 182/500
[reader] generated 184/500
[reader] generated 186/500
[reader] generated 188/500
[reader] generated 190/500
[reader] generated 192/500
[reader] generated 194/500
[reader] generated 196/500
[reader] generated 198/500
[reader] generated 200/500
[reader] generated 202/500
[reader] generated 204/500
[reader] generated 206/500
[reader] generated 208/500
[reader] generated 210/500
[reader] generated 212/500
[reader] generated 214/500
[reader] generated 216/500
[reader] generated 218/500
[reader] generated 220/500
[reader] generated 222/500
[reader] generated 224/500
[reader] generated 226/500
[reader] generated 228/500
[reader] generated 230/500
[reader] generated 232/500
[reader] generated 234/500
[reader] generated 236/500
[reader] generated 238/500
[reader] generated 240/500
[reader] generated 242/500
[reader] generated 244/500
[reader] generated 246/500
[reader] generated 248/500
[reader] generated 250/500
[reader] generated 252/500
[reader] generated 254/500
[reader] generated 256/500
[reader] generated 258/500
[reader] generated 260/500
[reader] generated 262/500
[reader] generated 264/500
[reader] generated 266/500
[reader] generated 268/500
[reader] generated 270/500
[reader] generated 272/500
[reader] generated 274/500
[reader] generated 276/500
[reader] generated 278/500
[reader] generated 280/500
[reader] generated 282/500
[reader] generated 284/500
[reader] generated 286/500
[reader] generated 288/500
[reader] generated 290/500
[reader] generated 292/500
[reader] generated 294/500
[reader] generated 296/500
[reader] generated 298/500
[reader] generated 300/500
[reader] generated 302/500
[reader] generated 304/500
[reader] generated 306/500
[reader] generated 308/500
[reader] generated 310/500
[reader] generated 312/500
[reader] generated 314/500
[reader] generated 316/500
[reader] generated 318/500
[reader] generated 320/500
[reader] generated 322/500
[reader] generated 324/500
[reader] generated 326/500
[reader] generated 328/500
[reader] generated 330/500
[reader] generated 332/500
[reader] generated 334/500
[reader] generated 336/500
[reader] generated 338/500
[reader] generated 340/500
[reader] generated 342/500
[reader] generated 344/500
[reader] generated 346/500
[reader] generated 348/500
[reader] generated 350/500
[reader] generated 352/500
[reader] generated 354/500
[reader] generated 356/500
[reader] generated 358/500
[reader] generated 360/500
[reader] generated 362/500
[reader] generated 364/500
[reader] generated 366/500
[reader] generated 368/500
[reader] generated 370/500
[reader] generated 372/500
[reader] generated 374/500
[reader] generated 376/500
[reader] generated 378/500
[reader] generated 380/500
[reader] generated 382/500
[reader] generated 384/500
[reader] generated 386/500
[reader] generated 388/500
[reader] generated 390/500
[reader] generated 392/500
[reader] generated 394/500
[reader] generated 396/500
[reader] generated 398/500
[reader] generated 400/500
[reader] generated 402/500
[reader] generated 404/500
[reader] generated 406/500
[reader] generated 408/500
[reader] generated 410/500
[reader] generated 412/500
[reader] generated 414/500
[reader] generated 416/500
[reader] generated 418/500
[reader] generated 420/500
[reader] generated 422/500
[reader] generated 424/500
[reader] generated 426/500
[reader] generated 428/500
[reader] generated 430/500
[reader] generated 432/500
[reader] generated 434/500
[reader] generated 436/500
[reader] generated 438/500
[reader] generated 440/500
[reader] generated 442/500
[reader] generated 444/500
[reader] generated 446/500
[reader] generated 448/500
[reader] generated 450/500
[reader] generated 452/500
[reader] generated 454/500
[reader] generated 456/500
[reader] generated 458/500
[reader] generated 460/500
[reader] generated 462/500
[reader] generated 464/500
[reader] generated 466/500
[reader] generated 468/500
[reader] generated 470/500
[reader] generated 472/500
[reader] generated 474/500
[reader] generated 476/500
[reader] generated 478/500
[reader] generated 480/500
[reader] generated 482/500
[reader] generated 484/500
[reader] generated 486/500
[reader] generated 488/500
[reader] generated 490/500
[reader] generated 492/500
[reader] generated 494/500
[reader] generated 496/500
[reader] generated 498/500
[reader] generated 500/500
[density] policy=ace_mmr_160, router_type=fixed, representation=ace, packer=mmr, reader_model=Qwen/Qwen2.5-7B-Instruct, packed_token_budget=160, recall@1=0.419, all_gold@1=0.0, recall@2=0.677, all_gold@2=0.422, recall@5=0.859, all_gold@5=0.726, qwen_em=0.29, qwen_f1=0.3559, avg_reader_evidence_tokens=149.78, mean_ans_in_context=0.61, mean_gold_token_density=0.4421, mean_gold_doc_reader_cov=0.726, mean_all_gold_reader=0.496, mean_distractor_docs=2.072, mean_context_tokens=149.78, mean_n_snippets=4.15
[density] materializing policy=ace_submod_160
[density] generating policy=ace_submod_160
[reader] generated 2/500
[reader] generated 4/500
[reader] generated 6/500
[reader] generated 8/500
[reader] generated 10/500
[reader] generated 12/500
[reader] generated 14/500
[reader] generated 16/500
[reader] generated 18/500
[reader] generated 20/500
[reader] generated 22/500
[reader] generated 24/500
[reader] generated 26/500
[reader] generated 28/500
[reader] generated 30/500
[reader] generated 32/500
[reader] generated 34/500
[reader] generated 36/500
[reader] generated 38/500
[reader] generated 40/500
[reader] generated 42/500
[reader] generated 44/500
[reader] generated 46/500
[reader] generated 48/500
[reader] generated 50/500
[reader] generated 52/500
[reader] generated 54/500
[reader] generated 56/500
[reader] generated 58/500
[reader] generated 60/500
[reader] generated 62/500
[reader] generated 64/500
[reader] generated 66/500
[reader] generated 68/500
[reader] generated 70/500
[reader] generated 72/500
[reader] generated 74/500
[reader] generated 76/500
[reader] generated 78/500
[reader] generated 80/500
[reader] generated 82/500
[reader] generated 84/500
[reader] generated 86/500
[reader] generated 88/500
[reader] generated 90/500
[reader] generated 92/500
[reader] generated 94/500
[reader] generated 96/500
[reader] generated 98/500
[reader] generated 100/500
[reader] generated 102/500
[reader] generated 104/500
[reader] generated 106/500
[reader] generated 108/500
[reader] generated 110/500
[reader] generated 112/500
[reader] generated 114/500
[reader] generated 116/500
[reader] generated 118/500
[reader] generated 120/500
[reader] generated 122/500
[reader] generated 124/500
[reader] generated 126/500
[reader] generated 128/500
[reader] generated 130/500
[reader] generated 132/500
[reader] generated 134/500
[reader] generated 136/500
[reader] generated 138/500
[reader] generated 140/500
[reader] generated 142/500
[reader] generated 144/500
[reader] generated 146/500
[reader] generated 148/500
[reader] generated 150/500
[reader] generated 152/500
[reader] generated 154/500
[reader] generated 156/500
[reader] generated 158/500
[reader] generated 160/500
[reader] generated 162/500
[reader] generated 164/500
[reader] generated 166/500
[reader] generated 168/500
[reader] generated 170/500
[reader] generated 172/500
[reader] generated 174/500
[reader] generated 176/500
[reader] generated 178/500
[reader] generated 180/500
[reader] generated 182/500
[reader] generated 184/500
[reader] generated 186/500
[reader] generated 188/500
[reader] generated 190/500
[reader] generated 192/500
[reader] generated 194/500
[reader] generated 196/500
[reader] generated 198/500
[reader] generated 200/500
[reader] generated 202/500
[reader] generated 204/500
[reader] generated 206/500
[reader] generated 208/500
[reader] generated 210/500
[reader] generated 212/500
[reader] generated 214/500
[reader] generated 216/500
[reader] generated 218/500
[reader] generated 220/500
[reader] generated 222/500
[reader] generated 224/500
[reader] generated 226/500
[reader] generated 228/500
[reader] generated 230/500
[reader] generated 232/500
[reader] generated 234/500
[reader] generated 236/500
[reader] generated 238/500
[reader] generated 240/500
[reader] generated 242/500
[reader] generated 244/500
[reader] generated 246/500
[reader] generated 248/500
[reader] generated 250/500
[reader] generated 252/500
[reader] generated 254/500
[reader] generated 256/500
[reader] generated 258/500
[reader] generated 260/500
[reader] generated 262/500
[reader] generated 264/500
[reader] generated 266/500
[reader] generated 268/500
[reader] generated 270/500
[reader] generated 272/500
[reader] generated 274/500
[reader] generated 276/500
[reader] generated 278/500
[reader] generated 280/500
[reader] generated 282/500
[reader] generated 284/500
[reader] generated 286/500
[reader] generated 288/500
[reader] generated 290/500
[reader] generated 292/500
[reader] generated 294/500
[reader] generated 296/500
[reader] generated 298/500
[reader] generated 300/500
[reader] generated 302/500
[reader] generated 304/500
[reader] generated 306/500
[reader] generated 308/500
[reader] generated 310/500
[reader] generated 312/500
[reader] generated 314/500
[reader] generated 316/500
[reader] generated 318/500
[reader] generated 320/500
[reader] generated 322/500
[reader] generated 324/500
[reader] generated 326/500
[reader] generated 328/500
[reader] generated 330/500
[reader] generated 332/500
[reader] generated 334/500
[reader] generated 336/500
[reader] generated 338/500
[reader] generated 340/500
[reader] generated 342/500
[reader] generated 344/500
[reader] generated 346/500
[reader] generated 348/500
[reader] generated 350/500
[reader] generated 352/500
[reader] generated 354/500
[reader] generated 356/500
[reader] generated 358/500
[reader] generated 360/500
[reader] generated 362/500
[reader] generated 364/500
[reader] generated 366/500
[reader] generated 368/500
[reader] generated 370/500
[reader] generated 372/500
[reader] generated 374/500
[reader] generated 376/500
[reader] generated 378/500
[reader] generated 380/500
[reader] generated 382/500
[reader] generated 384/500
[reader] generated 386/500
[reader] generated 388/500
[reader] generated 390/500
[reader] generated 392/500
[reader] generated 394/500
[reader] generated 396/500
[reader] generated 398/500
[reader] generated 400/500
[reader] generated 402/500
[reader] generated 404/500
[reader] generated 406/500
[reader] generated 408/500
[reader] generated 410/500
[reader] generated 412/500
[reader] generated 414/500
[reader] generated 416/500
[reader] generated 418/500
[reader] generated 420/500
[reader] generated 422/500
[reader] generated 424/500
[reader] generated 426/500
[reader] generated 428/500
[reader] generated 430/500
[reader] generated 432/500
[reader] generated 434/500
[reader] generated 436/500
[reader] generated 438/500
[reader] generated 440/500
[reader] generated 442/500
[reader] generated 444/500
[reader] generated 446/500
[reader] generated 448/500
[reader] generated 450/500
[reader] generated 452/500
[reader] generated 454/500
[reader] generated 456/500
[reader] generated 458/500
[reader] generated 460/500
[reader] generated 462/500
[reader] generated 464/500
[reader] generated 466/500
[reader] generated 468/500
[reader] generated 470/500
[reader] generated 472/500
[reader] generated 474/500
[reader] generated 476/500
[reader] generated 478/500
[reader] generated 480/500
[reader] generated 482/500
[reader] generated 484/500
[reader] generated 486/500
[reader] generated 488/500
[reader] generated 490/500
[reader] generated 492/500
[reader] generated 494/500
[reader] generated 496/500
[reader] generated 498/500
[reader] generated 500/500
[density] policy=ace_submod_160, router_type=fixed, representation=ace, packer=submod, reader_model=Qwen/Qwen2.5-7B-Instruct, packed_token_budget=160, recall@1=0.419, all_gold@1=0.0, recall@2=0.677, all_gold@2=0.422, recall@5=0.859, all_gold@5=0.726, qwen_em=0.268, qwen_f1=0.3439, avg_reader_evidence_tokens=147.4, mean_ans_in_context=0.612, mean_gold_token_density=0.4277, mean_gold_doc_reader_cov=0.758, mean_all_gold_reader=0.55, mean_distractor_docs=2.306, mean_context_tokens=147.398, mean_n_snippets=4.686
[density] policy=router_oracle_packer, router_type=oracle, representation=mixed, packer=oracle, reader_model=Qwen/Qwen2.5-7B-Instruct, packed_token_budget=160, selection_counts={"ace_focused_160": 96, "ace_mmr_160": 40, "ace_submod_160": 87, "chunk_focused_160": 76, "chunk_mmr_160": 27, "chunk_submod_160": 174}, qwen_em=0.448, qwen_f1=0.5559, avg_reader_evidence_tokens=141.68, mean_ans_in_context=0.696, mean_gold_token_density=0.5001, mean_gold_doc_reader_cov=0.78, mean_all_gold_reader=0.584, mean_distractor_docs=1.886, mean_context_tokens=141.676, mean_n_snippets=4.054
wrote /kaggle/working/colab_results/stage11_density_packer_hotpotqa_reader7b_4bit_budget160_limit500_seed42/hotpotqa_density_standard_budget160_limit500_metrics.csv
wrote /kaggle/working/colab_results/stage11_density_packer_hotpotqa_reader7b_4bit_budget160_limit500_seed42/hotpotqa_density_standard_budget160_limit500_per_question.csv
--- ladder reader7b_4bit (Qwen/Qwen2.5-7B-Instruct) seed 13 ---
$ /usr/bin/python3 -m experiments.run_density_router --dataset hotpotqa --split validation --limit 500 --seed 13 --ace-retriever standard --top-k 5 --top-k-nodes 48 --max-expanded-docs 5 --embedder sentence-transformers --embedding-model BAAI/bge-small-en-v1.5 --embed-device cuda --compressor truncate --compress-dims 320 --reader-backend hf --reader-model Qwen/Qwen2.5-7B-Instruct --reader-device cuda --reader-load-4bit --reader-batch-size 2 --mmr-lambda 0.7 --budget 160 --out-dir /kaggle/working/colab_results/stage11_density_packer_hotpotqa_reader7b_4bit_budget160_limit500_seed13
hotpotqa[hf:validation:500]: 4933 docs, 500 questions, 2.00 gold docs/question
[density] retrieving chunk baseline
[chunk] fitting/indexing
[embed] encoding 4933 texts on device=cuda:0

Batches:   0%|          | 0/78 [00:00<?, ?it/s]
Batches:   1%|▏         | 1/78 [00:00<01:14,  1.03it/s]
Batches:   3%|▎         | 2/78 [00:01<00:54,  1.40it/s]
Batches:   4%|▍         | 3/78 [00:01<00:43,  1.74it/s]
Batches:   5%|▌         | 4/78 [00:02<00:38,  1.94it/s]
Batches:   6%|▋         | 5/78 [00:02<00:33,  2.17it/s]
Batches:   8%|▊         | 6/78 [00:03<00:29,  2.42it/s]
Batches:   9%|▉         | 7/78 [00:03<00:28,  2.53it/s]
Batches:  10%|█         | 8/78 [00:03<00:25,  2.70it/s]
Batches:  12%|█▏        | 9/78 [00:04<00:24,  2.83it/s]
Batches:  13%|█▎        | 10/78 [00:04<00:23,  2.93it/s]
Batches:  14%|█▍        | 11/78 [00:04<00:21,  3.15it/s]
Batches:  15%|█▌        | 12/78 [00:04<00:20,  3.29it/s]
Batches:  17%|█▋        | 13/78 [00:05<00:18,  3.45it/s]
Batches:  18%|█▊        | 14/78 [00:05<00:18,  3.55it/s]
Batches:  19%|█▉        | 15/78 [00:05<00:17,  3.68it/s]
Batches:  21%|██        | 16/78 [00:05<00:16,  3.74it/s]
Batches:  22%|██▏       | 17/78 [00:06<00:15,  3.86it/s]
Batches:  23%|██▎       | 18/78 [00:06<00:15,  3.83it/s]
Batches:  24%|██▍       | 19/78 [00:06<00:14,  3.96it/s]
Batches:  26%|██▌       | 20/78 [00:06<00:13,  4.29it/s]
Batches:  27%|██▋       | 21/78 [00:07<00:12,  4.44it/s]
Batches:  28%|██▊       | 22/78 [00:07<00:12,  4.53it/s]
Batches:  29%|██▉       | 23/78 [00:07<00:11,  4.63it/s]
Batches:  31%|███       | 24/78 [00:07<00:11,  4.69it/s]
Batches:  32%|███▏      | 25/78 [00:07<00:11,  4.80it/s]
Batches:  33%|███▎      | 26/78 [00:08<00:10,  4.87it/s]
Batches:  35%|███▍      | 27/78 [00:08<00:10,  5.00it/s]
Batches:  36%|███▌      | 28/78 [00:08<00:09,  5.18it/s]
Batches:  37%|███▋      | 29/78 [00:08<00:09,  5.19it/s]
Batches:  38%|███▊      | 30/78 [00:08<00:09,  5.08it/s]
Batches:  40%|███▉      | 31/78 [00:08<00:09,  5.18it/s]
Batches:  41%|████      | 32/78 [00:09<00:08,  5.13it/s]
Batches:  42%|████▏     | 33/78 [00:09<00:08,  5.29it/s]
Batches:  44%|████▎     | 34/78 [00:09<00:08,  5.47it/s]
Batches:  45%|████▍     | 35/78 [00:09<00:07,  5.57it/s]
Batches:  46%|████▌     | 36/78 [00:09<00:07,  5.69it/s]
Batches:  47%|████▋     | 37/78 [00:10<00:06,  5.87it/s]
Batches:  49%|████▊     | 38/78 [00:10<00:06,  5.90it/s]
Batches:  50%|█████     | 39/78 [00:10<00:06,  6.14it/s]
Batches:  51%|█████▏    | 40/78 [00:10<00:06,  6.08it/s]
Batches:  53%|█████▎    | 41/78 [00:10<00:06,  6.16it/s]
Batches:  54%|█████▍    | 42/78 [00:10<00:05,  6.20it/s]
Batches:  55%|█████▌    | 43/78 [00:10<00:05,  6.13it/s]
Batches:  56%|█████▋    | 44/78 [00:11<00:05,  6.50it/s]
Batches:  58%|█████▊    | 45/78 [00:11<00:05,  6.09it/s]
Batches:  59%|█████▉    | 46/78 [00:11<00:05,  6.17it/s]
Batches:  60%|██████    | 47/78 [00:11<00:04,  6.34it/s]
Batches:  62%|██████▏   | 48/78 [00:11<00:04,  6.64it/s]
Batches:  63%|██████▎   | 49/78 [00:11<00:04,  6.96it/s]
Batches:  64%|██████▍   | 50/78 [00:12<00:03,  7.07it/s]
Batches:  65%|██████▌   | 51/78 [00:12<00:03,  7.34it/s]
Batches:  67%|██████▋   | 52/78 [00:12<00:03,  7.60it/s]
Batches:  68%|██████▊   | 53/78 [00:12<00:03,  7.82it/s]
Batches:  69%|██████▉   | 54/78 [00:12<00:02,  8.15it/s]
Batches:  71%|███████   | 55/78 [00:12<00:02,  8.26it/s]
Batches:  72%|███████▏  | 56/78 [00:12<00:02,  8.43it/s]
Batches:  73%|███████▎  | 57/78 [00:12<00:02,  8.59it/s]
Batches:  74%|███████▍  | 58/78 [00:12<00:02,  8.71it/s]
Batches:  76%|███████▌  | 59/78 [00:13<00:02,  8.59it/s]
Batches:  77%|███████▋  | 60/78 [00:13<00:02,  8.75it/s]
Batches:  79%|███████▉  | 62/78 [00:13<00:01,  9.44it/s]
Batches:  82%|████████▏ | 64/78 [00:13<00:01,  9.73it/s]
Batches:  83%|████████▎ | 65/78 [00:13<00:01,  9.57it/s]
Batches:  86%|████████▌ | 67/78 [00:13<00:01, 10.07it/s]
Batches:  88%|████████▊ | 69/78 [00:14<00:00, 10.70it/s]
Batches:  91%|█████████ | 71/78 [00:14<00:00, 11.24it/s]
Batches:  94%|█████████▎| 73/78 [00:14<00:00, 12.08it/s]
Batches:  96%|█████████▌| 75/78 [00:14<00:00, 13.33it/s]
Batches: 100%|██████████| 78/78 [00:14<00:00,  5.37it/s]
[chunk] retrieving
[embed] encoding 500 texts on device=cuda:0

Batches:   0%|          | 0/8 [00:00<?, ?it/s]
Batches:  38%|███▊      | 3/8 [00:00<00:00, 26.18it/s]
Batches:  88%|████████▊ | 7/8 [00:00<00:00, 30.56it/s]
Batches: 100%|██████████| 8/8 [00:00<00:00, 31.55it/s]
[density] retrieving ACE graph
[ace] building evidence graph
[ace] graph built: nodes=50334 edges=77031
[ace] fitting/indexing embeddings
[embed] encoding 45401 texts on device=cuda:0

Batches:   0%|          | 0/710 [00:00<?, ?it/s]
Batches:   0%|          | 1/710 [00:00<05:27,  2.16it/s]
Batches:   0%|          | 2/710 [00:00<03:25,  3.44it/s]
Batches:   0%|          | 3/710 [00:00<02:30,  4.68it/s]
Batches:   1%|          | 4/710 [00:00<02:06,  5.59it/s]
Batches:   1%|          | 5/710 [00:00<01:48,  6.50it/s]
Batches:   1%|          | 6/710 [00:01<01:37,  7.21it/s]
Batches:   1%|          | 8/710 [00:01<01:26,  8.07it/s]
Batches:   1%|▏         | 9/710 [00:01<01:23,  8.40it/s]
Batches:   2%|▏         | 11/710 [00:01<01:18,  8.94it/s]
Batches:   2%|▏         | 13/710 [00:01<01:13,  9.49it/s]
Batches:   2%|▏         | 14/710 [00:01<01:13,  9.45it/s]
Batches:   2%|▏         | 15/710 [00:02<01:13,  9.48it/s]
Batches:   2%|▏         | 17/710 [00:02<01:08, 10.10it/s]
Batches:   3%|▎         | 19/710 [00:02<01:06, 10.45it/s]
Batches:   3%|▎         | 21/710 [00:02<01:02, 10.96it/s]
Batches:   3%|▎         | 23/710 [00:02<01:00, 11.27it/s]
Batches:   4%|▎         | 25/710 [00:02<01:00, 11.35it/s]
Batches:   4%|▍         | 27/710 [00:03<00:57, 11.94it/s]
Batches:   4%|▍         | 29/710 [00:03<00:56, 12.08it/s]
Batches:   4%|▍         | 31/710 [00:03<00:58, 11.56it/s]
Batches:   5%|▍         | 33/710 [00:03<00:57, 11.82it/s]
Batches:   5%|▍         | 35/710 [00:03<00:54, 12.30it/s]
Batches:   5%|▌         | 37/710 [00:03<00:53, 12.61it/s]
Batches:   5%|▌         | 39/710 [00:03<00:51, 13.07it/s]
Batches:   6%|▌         | 41/710 [00:04<00:48, 13.88it/s]
Batches:   6%|▌         | 43/710 [00:04<00:50, 13.31it/s]
Batches:   6%|▋         | 45/710 [00:04<00:48, 13.64it/s]
Batches:   7%|▋         | 47/710 [00:04<00:50, 13.17it/s]
Batches:   7%|▋         | 49/710 [00:04<00:48, 13.52it/s]
Batches:   7%|▋         | 51/710 [00:04<00:46, 14.15it/s]
Batches:   7%|▋         | 53/710 [00:04<00:47, 13.88it/s]
Batches:   8%|▊         | 55/710 [00:05<00:47, 13.73it/s]
Batches:   8%|▊         | 57/710 [00:05<00:45, 14.47it/s]
Batches:   8%|▊         | 59/710 [00:05<00:42, 15.26it/s]
Batches:   9%|▊         | 61/710 [00:05<00:44, 14.54it/s]
Batches:   9%|▉         | 63/710 [00:05<00:43, 15.03it/s]
Batches:   9%|▉         | 65/710 [00:05<00:41, 15.71it/s]
Batches:   9%|▉         | 67/710 [00:05<00:42, 15.16it/s]
Batches:  10%|▉         | 69/710 [00:06<00:40, 15.69it/s]
Batches:  10%|█         | 71/710 [00:06<00:39, 16.15it/s]
Batches:  10%|█         | 73/710 [00:06<00:38, 16.61it/s]
Batches:  11%|█         | 75/710 [00:06<00:39, 15.90it/s]
Batches:  11%|█         | 77/710 [00:06<00:39, 16.04it/s]
Batches:  11%|█         | 79/710 [00:06<00:39, 16.01it/s]
Batches:  11%|█▏        | 81/710 [00:06<00:38, 16.27it/s]
Batches:  12%|█▏        | 83/710 [00:06<00:37, 16.50it/s]
Batches:  12%|█▏        | 85/710 [00:06<00:37, 16.58it/s]
Batches:  12%|█▏        | 87/710 [00:07<00:38, 16.33it/s]
Batches:  13%|█▎        | 89/710 [00:07<00:37, 16.49it/s]
Batches:  13%|█▎        | 91/710 [00:07<00:36, 16.96it/s]
Batches:  13%|█▎        | 93/710 [00:07<00:36, 17.07it/s]
Batches:  13%|█▎        | 95/710 [00:07<00:34, 17.67it/s]
Batches:  14%|█▎        | 97/710 [00:07<00:33, 18.29it/s]
Batches:  14%|█▍        | 100/710 [00:07<00:32, 19.02it/s]
Batches:  14%|█▍        | 102/710 [00:07<00:32, 18.55it/s]
Batches:  15%|█▍        | 104/710 [00:08<00:33, 18.21it/s]
Batches:  15%|█▍        | 106/710 [00:08<00:33, 18.03it/s]
Batches:  15%|█▌        | 108/710 [00:08<00:32, 18.41it/s]
Batches:  15%|█▌        | 110/710 [00:08<00:31, 18.80it/s]
Batches:  16%|█▌        | 113/710 [00:08<00:30, 19.32it/s]
Batches:  16%|█▌        | 115/710 [00:08<00:30, 19.46it/s]
Batches:  16%|█▋        | 117/710 [00:08<00:31, 19.04it/s]
Batches:  17%|█▋        | 120/710 [00:08<00:29, 20.05it/s]
Batches:  17%|█▋        | 122/710 [00:08<00:29, 19.95it/s]
Batches:  17%|█▋        | 124/710 [00:09<00:29, 19.68it/s]
Batches:  18%|█▊        | 127/710 [00:09<00:28, 20.11it/s]
Batches:  18%|█▊        | 129/710 [00:09<00:29, 19.88it/s]
Batches:  18%|█▊        | 131/710 [00:09<00:29, 19.84it/s]
Batches:  19%|█▉        | 134/710 [00:09<00:29, 19.83it/s]
Batches:  19%|█▉        | 137/710 [00:09<00:28, 20.21it/s]
Batches:  20%|█▉        | 140/710 [00:09<00:27, 20.38it/s]
Batches:  20%|██        | 143/710 [00:10<00:28, 20.16it/s]
Batches:  21%|██        | 146/710 [00:10<00:27, 20.74it/s]
Batches:  21%|██        | 149/710 [00:10<00:28, 19.99it/s]
Batches:  21%|██▏       | 152/710 [00:10<00:27, 20.46it/s]
Batches:  22%|██▏       | 155/710 [00:10<00:26, 20.99it/s]
Batches:  22%|██▏       | 158/710 [00:10<00:25, 21.63it/s]
Batches:  23%|██▎       | 161/710 [00:10<00:25, 21.84it/s]
Batches:  23%|██▎       | 164/710 [00:10<00:25, 21.69it/s]
Batches:  24%|██▎       | 167/710 [00:11<00:24, 21.84it/s]
Batches:  24%|██▍       | 170/710 [00:11<00:24, 21.81it/s]
Batches:  24%|██▍       | 173/710 [00:11<00:24, 22.12it/s]
Batches:  25%|██▍       | 176/710 [00:11<00:23, 22.32it/s]
Batches:  25%|██▌       | 179/710 [00:11<00:23, 22.95it/s]
Batches:  26%|██▌       | 182/710 [00:11<00:22, 22.99it/s]
Batches:  26%|██▌       | 185/710 [00:11<00:22, 23.14it/s]
Batches:  26%|██▋       | 188/710 [00:12<00:22, 23.36it/s]
Batches:  27%|██▋       | 191/710 [00:12<00:21, 24.13it/s]
Batches:  27%|██▋       | 194/710 [00:12<00:21, 24.24it/s]
Batches:  28%|██▊       | 197/710 [00:12<00:20, 24.94it/s]
Batches:  28%|██▊       | 200/710 [00:12<00:20, 24.72it/s]
Batches:  29%|██▊       | 203/710 [00:12<00:20, 24.92it/s]
Batches:  29%|██▉       | 206/710 [00:12<00:19, 25.54it/s]
Batches:  29%|██▉       | 209/710 [00:12<00:19, 25.35it/s]
Batches:  30%|██▉       | 212/710 [00:12<00:19, 25.78it/s]
Batches:  30%|███       | 215/710 [00:13<00:19, 25.94it/s]
Batches:  31%|███       | 218/710 [00:13<00:19, 25.55it/s]
Batches:  31%|███       | 221/710 [00:13<00:18, 25.74it/s]
Batches:  32%|███▏      | 224/710 [00:13<00:18, 26.36it/s]
Batches:  32%|███▏      | 227/710 [00:13<00:17, 26.92it/s]
Batches:  32%|███▏      | 230/710 [00:13<00:17, 27.38it/s]
Batches:  33%|███▎      | 233/710 [00:13<00:19, 24.34it/s]
Batches:  33%|███▎      | 236/710 [00:13<00:18, 25.20it/s]
Batches:  34%|███▎      | 239/710 [00:13<00:17, 26.21it/s]
Batches:  34%|███▍      | 242/710 [00:14<00:17, 26.79it/s]
Batches:  35%|███▍      | 245/710 [00:14<00:16, 27.58it/s]
Batches:  35%|███▌      | 249/710 [00:14<00:16, 28.67it/s]
Batches:  35%|███▌      | 252/710 [00:14<00:15, 28.63it/s]
Batches:  36%|███▌      | 255/710 [00:14<00:15, 28.50it/s]
Batches:  36%|███▋      | 259/710 [00:14<00:15, 29.05it/s]
Batches:  37%|███▋      | 262/710 [00:14<00:15, 29.27it/s]
Batches:  37%|███▋      | 265/710 [00:14<00:15, 29.47it/s]
Batches:  38%|███▊      | 268/710 [00:14<00:15, 29.43it/s]
Batches:  38%|███▊      | 271/710 [00:15<00:14, 29.45it/s]
Batches:  39%|███▊      | 275/710 [00:15<00:14, 29.80it/s]
Batches:  39%|███▉      | 279/710 [00:15<00:13, 30.95it/s]
Batches:  40%|███▉      | 283/710 [00:15<00:13, 32.08it/s]
Batches:  40%|████      | 287/710 [00:15<00:13, 31.65it/s]
Batches:  41%|████      | 291/710 [00:15<00:12, 32.53it/s]
Batches:  42%|████▏     | 295/710 [00:15<00:12, 33.98it/s]
Batches:  42%|████▏     | 299/710 [00:15<00:11, 34.78it/s]
Batches:  43%|████▎     | 303/710 [00:16<00:11, 35.36it/s]
Batches:  43%|████▎     | 307/710 [00:16<00:11, 35.50it/s]
Batches:  44%|████▍     | 311/710 [00:16<00:11, 35.71it/s]
Batches:  44%|████▍     | 315/710 [00:16<00:10, 36.64it/s]
Batches:  45%|████▌     | 320/710 [00:16<00:10, 38.89it/s]
Batches:  46%|████▌     | 325/710 [00:16<00:09, 41.26it/s]
Batches:  47%|████▋     | 331/710 [00:16<00:08, 44.27it/s]
Batches:  47%|████▋     | 337/710 [00:16<00:07, 46.91it/s]
Batches:  48%|████▊     | 343/710 [00:16<00:07, 49.48it/s]
Batches:  49%|████▉     | 349/710 [00:17<00:06, 51.72it/s]
Batches:  50%|█████     | 356/710 [00:17<00:06, 54.67it/s]
Batches:  51%|█████     | 363/710 [00:17<00:06, 57.12it/s]
Batches:  52%|█████▏    | 370/710 [00:17<00:05, 60.24it/s]
Batches:  53%|█████▎    | 377/710 [00:17<00:05, 62.87it/s]
Batches:  54%|█████▍    | 384/710 [00:17<00:05, 64.19it/s]
Batches:  55%|█████▌    | 392/710 [00:17<00:04, 66.84it/s]
Batches:  56%|█████▋    | 400/710 [00:17<00:04, 67.90it/s]
Batches:  57%|█████▋    | 408/710 [00:17<00:04, 69.88it/s]
Batches:  59%|█████▊    | 416/710 [00:17<00:04, 71.09it/s]
Batches:  60%|█████▉    | 424/710 [00:18<00:03, 72.69it/s]
Batches:  61%|██████    | 432/710 [00:18<00:03, 73.50it/s]
Batches:  62%|██████▏   | 440/710 [00:18<00:03, 74.80it/s]
Batches:  63%|██████▎   | 448/710 [00:18<00:03, 74.63it/s]
Batches:  64%|██████▍   | 457/710 [00:18<00:03, 77.43it/s]
Batches:  65%|██████▌   | 465/710 [00:18<00:03, 76.26it/s]
Batches:  67%|██████▋   | 473/710 [00:18<00:03, 76.53it/s]
Batches:  68%|██████▊   | 482/710 [00:18<00:02, 78.08it/s]
Batches:  69%|██████▉   | 491/710 [00:18<00:02, 78.81it/s]
Batches:  70%|███████   | 500/710 [00:19<00:02, 81.04it/s]
Batches:  72%|███████▏  | 509/710 [00:19<00:02, 82.19it/s]
Batches:  73%|███████▎  | 518/710 [00:19<00:02, 83.16it/s]
Batches:  74%|███████▍  | 528/710 [00:19<00:02, 85.51it/s]
Batches:  76%|███████▌  | 537/710 [00:19<00:02, 85.42it/s]
Batches:  77%|███████▋  | 546/710 [00:19<00:01, 86.36it/s]
Batches:  78%|███████▊  | 555/710 [00:19<00:01, 86.63it/s]
Batches:  80%|███████▉  | 565/710 [00:19<00:01, 88.04it/s]
Batches:  81%|████████  | 575/710 [00:19<00:01, 89.10it/s]
Batches:  82%|████████▏ | 585/710 [00:20<00:01, 89.75it/s]
Batches:  84%|████████▎ | 594/710 [00:20<00:01, 89.62it/s]
Batches:  85%|████████▌ | 604/710 [00:20<00:01, 91.44it/s]
Batches:  86%|████████▋ | 614/710 [00:20<00:01, 93.11it/s]
Batches:  88%|████████▊ | 624/710 [00:20<00:00, 94.44it/s]
Batches:  89%|████████▉ | 634/710 [00:20<00:00, 95.01it/s]
Batches:  91%|█████████ | 644/710 [00:20<00:00, 96.44it/s]
Batches:  92%|█████████▏| 654/710 [00:20<00:00, 96.91it/s]
Batches:  94%|█████████▎| 664/710 [00:20<00:00, 95.88it/s]
Batches:  95%|█████████▍| 674/710 [00:20<00:00, 96.41it/s]
Batches:  96%|█████████▋| 684/710 [00:21<00:00, 95.73it/s]
Batches:  98%|█████████▊| 694/710 [00:21<00:00, 95.10it/s]
Batches:  99%|█████████▉| 704/710 [00:21<00:00, 94.65it/s]
Batches: 100%|██████████| 710/710 [00:21<00:00, 33.31it/s]
[ace] retrieving
[embed] encoding 500 texts on device=cuda:0

Batches:   0%|          | 0/8 [00:00<?, ?it/s]
Batches:  38%|███▊      | 3/8 [00:00<00:00, 26.57it/s]
Batches:  88%|████████▊ | 7/8 [00:00<00:00, 30.82it/s]
Batches: 100%|██████████| 8/8 [00:00<00:00, 31.71it/s]
[density] loading reader once
`torch_dtype` is deprecated! Use `dtype` instead!

Loading checkpoint shards:   0%|          | 0/4 [00:00<?, ?it/s]
Loading checkpoint shards:  25%|██▌       | 1/4 [00:04<00:13,  4.47s/it]
Loading checkpoint shards:  50%|█████     | 2/4 [00:25<00:28, 14.15s/it]
Loading checkpoint shards:  75%|███████▌  | 3/4 [00:33<00:11, 11.42s/it]
Loading checkpoint shards: 100%|██████████| 4/4 [00:39<00:00,  9.17s/it]
Loading checkpoint shards: 100%|██████████| 4/4 [00:39<00:00,  9.82s/it]
[reader] loaded Qwen/Qwen2.5-7B-Instruct (device_map=auto, 4bit=True) entry=cuda:0
[density] materializing policy=chunk_packed_160
[density] generating policy=chunk_packed_160
The following generation flags are not valid and may be ignored: ['temperature', 'top_p', 'top_k']. Set `TRANSFORMERS_VERBOSITY=info` for more details.
[reader] generated 2/500
[reader] generated 4/500
[reader] generated 6/500
[reader] generated 8/500
[reader] generated 10/500
[reader] generated 12/500
[reader] generated 14/500
[reader] generated 16/500
[reader] generated 18/500
[reader] generated 20/500
[reader] generated 22/500
[reader] generated 24/500
[reader] generated 26/500
[reader] generated 28/500
[reader] generated 30/500
[reader] generated 32/500
[reader] generated 34/500
[reader] generated 36/500
[reader] generated 38/500
[reader] generated 40/500
[reader] generated 42/500
[reader] generated 44/500
[reader] generated 46/500
[reader] generated 48/500
[reader] generated 50/500
[reader] generated 52/500
[reader] generated 54/500
[reader] generated 56/500
[reader] generated 58/500
[reader] generated 60/500
[reader] generated 62/500
[reader] generated 64/500
[reader] generated 66/500
[reader] generated 68/500
[reader] generated 70/500
[reader] generated 72/500
[reader] generated 74/500
[reader] generated 76/500
[reader] generated 78/500
[reader] generated 80/500
[reader] generated 82/500
[reader] generated 84/500
[reader] generated 86/500
[reader] generated 88/500
[reader] generated 90/500
[reader] generated 92/500
[reader] generated 94/500
[reader] generated 96/500
[reader] generated 98/500
[reader] generated 100/500
[reader] generated 102/500
[reader] generated 104/500
[reader] generated 106/500
[reader] generated 108/500
[reader] generated 110/500
[reader] generated 112/500
[reader] generated 114/500
[reader] generated 116/500
[reader] generated 118/500
[reader] generated 120/500
[reader] generated 122/500
[reader] generated 124/500
[reader] generated 126/500
[reader] generated 128/500
[reader] generated 130/500
[reader] generated 132/500
[reader] generated 134/500
[reader] generated 136/500
[reader] generated 138/500
[reader] generated 140/500
[reader] generated 142/500
[reader] generated 144/500
[reader] generated 146/500
[reader] generated 148/500
[reader] generated 150/500
[reader] generated 152/500
[reader] generated 154/500
[reader] generated 156/500
[reader] generated 158/500
[reader] generated 160/500
[reader] generated 162/500
[reader] generated 164/500
[reader] generated 166/500
[reader] generated 168/500
[reader] generated 170/500
[reader] generated 172/500
[reader] generated 174/500
[reader] generated 176/500
[reader] generated 178/500
[reader] generated 180/500
[reader] generated 182/500
[reader] generated 184/500
[reader] generated 186/500
[reader] generated 188/500
[reader] generated 190/500
[reader] generated 192/500
[reader] generated 194/500
[reader] generated 196/500
[reader] generated 198/500
[reader] generated 200/500
[reader] generated 202/500
[reader] generated 204/500
[reader] generated 206/500
[reader] generated 208/500
[reader] generated 210/500
[reader] generated 212/500
[reader] generated 214/500
[reader] generated 216/500
[reader] generated 218/500
[reader] generated 220/500
[reader] generated 222/500
[reader] generated 224/500
[reader] generated 226/500
[reader] generated 228/500
[reader] generated 230/500
[reader] generated 232/500
[reader] generated 234/500
[reader] generated 236/500
[reader] generated 238/500
[reader] generated 240/500
[reader] generated 242/500
[reader] generated 244/500
[reader] generated 246/500
[reader] generated 248/500
[reader] generated 250/500
[reader] generated 252/500
[reader] generated 254/500
[reader] generated 256/500
[reader] generated 258/500
[reader] generated 260/500
[reader] generated 262/500
[reader] generated 264/500
[reader] generated 266/500
[reader] generated 268/500
[reader] generated 270/500
[reader] generated 272/500
[reader] generated 274/500
[reader] generated 276/500
[reader] generated 278/500
[reader] generated 280/500
[reader] generated 282/500
[reader] generated 284/500
[reader] generated 286/500
[reader] generated 288/500
[reader] generated 290/500
[reader] generated 292/500
[reader] generated 294/500
[reader] generated 296/500
[reader] generated 298/500
[reader] generated 300/500
[reader] generated 302/500
[reader] generated 304/500
[reader] generated 306/500
[reader] generated 308/500
[reader] generated 310/500
[reader] generated 312/500
[reader] generated 314/500
[reader] generated 316/500
[reader] generated 318/500
[reader] generated 320/500
[reader] generated 322/500
[reader] generated 324/500
[reader] generated 326/500
[reader] generated 328/500
[reader] generated 330/500
[reader] generated 332/500
[reader] generated 334/500
[reader] generated 336/500
[reader] generated 338/500
[reader] generated 340/500
[reader] generated 342/500
[reader] generated 344/500
[reader] generated 346/500
[reader] generated 348/500
[reader] generated 350/500
[reader] generated 352/500
[reader] generated 354/500
[reader] generated 356/500
[reader] generated 358/500
[reader] generated 360/500
[reader] generated 362/500
[reader] generated 364/500
[reader] generated 366/500
[reader] generated 368/500
[reader] generated 370/500
[reader] generated 372/500
[reader] generated 374/500
[reader] generated 376/500
[reader] generated 378/500
[reader] generated 380/500
[reader] generated 382/500
[reader] generated 384/500
[reader] generated 386/500
[reader] generated 388/500
[reader] generated 390/500
[reader] generated 392/500
[reader] generated 394/500
[reader] generated 396/500
[reader] generated 398/500
[reader] generated 400/500
[reader] generated 402/500
[reader] generated 404/500
[reader] generated 406/500
[reader] generated 408/500
[reader] generated 410/500
[reader] generated 412/500
[reader] generated 414/500
[reader] generated 416/500
[reader] generated 418/500
[reader] generated 420/500
[reader] generated 422/500
[reader] generated 424/500
[reader] generated 426/500
[reader] generated 428/500
[reader] generated 430/500
[reader] generated 432/500
[reader] generated 434/500
[reader] generated 436/500
[reader] generated 438/500
[reader] generated 440/500
[reader] generated 442/500
[reader] generated 444/500
[reader] generated 446/500
[reader] generated 448/500
[reader] generated 450/500
[reader] generated 452/500
[reader] generated 454/500
[reader] generated 456/500
[reader] generated 458/500
[reader] generated 460/500
[reader] generated 462/500
[reader] generated 464/500
[reader] generated 466/500
[reader] generated 468/500
[reader] generated 470/500
[reader] generated 472/500
[reader] generated 474/500
[reader] generated 476/500
[reader] generated 478/500
[reader] generated 480/500
[reader] generated 482/500
[reader] generated 484/500
[reader] generated 486/500
[reader] generated 488/500
[reader] generated 490/500
[reader] generated 492/500
[reader] generated 494/500
[reader] generated 496/500
[reader] generated 498/500
[reader] generated 500/500
[density] policy=chunk_packed_160, router_type=fixed, representation=chunk, packer=packed, reader_model=Qwen/Qwen2.5-7B-Instruct, packed_token_budget=160, recall@1=0.437, all_gold@1=0.0, recall@2=0.718, all_gold@2=0.496, recall@5=0.875, all_gold@5=0.762, qwen_em=0.23, qwen_f1=0.3012, avg_reader_evidence_tokens=150.79, mean_ans_in_context=0.576, mean_gold_token_density=0.408, mean_gold_doc_reader_cov=0.685, mean_all_gold_reader=0.446, mean_distractor_docs=1.984, mean_context_tokens=150.786, mean_n_snippets=3.502
[density] materializing policy=chunk_focused_160
[density] generating policy=chunk_focused_160
[reader] generated 2/500
[reader] generated 4/500
[reader] generated 6/500
[reader] generated 8/500
[reader] generated 10/500
[reader] generated 12/500
[reader] generated 14/500
[reader] generated 16/500
[reader] generated 18/500
[reader] generated 20/500
[reader] generated 22/500
[reader] generated 24/500
[reader] generated 26/500
[reader] generated 28/500
[reader] generated 30/500
[reader] generated 32/500
[reader] generated 34/500
[reader] generated 36/500
[reader] generated 38/500
[reader] generated 40/500
[reader] generated 42/500
[reader] generated 44/500
[reader] generated 46/500
[reader] generated 48/500
[reader] generated 50/500
[reader] generated 52/500
[reader] generated 54/500
[reader] generated 56/500
[reader] generated 58/500
[reader] generated 60/500
[reader] generated 62/500
[reader] generated 64/500
[reader] generated 66/500
[reader] generated 68/500
[reader] generated 70/500
[reader] generated 72/500
[reader] generated 74/500
[reader] generated 76/500
[reader] generated 78/500
[reader] generated 80/500
[reader] generated 82/500
[reader] generated 84/500
[reader] generated 86/500
[reader] generated 88/500
[reader] generated 90/500
[reader] generated 92/500
[reader] generated 94/500
[reader] generated 96/500
[reader] generated 98/500
[reader] generated 100/500
[reader] generated 102/500
[reader] generated 104/500
[reader] generated 106/500
[reader] generated 108/500
[reader] generated 110/500
[reader] generated 112/500
[reader] generated 114/500
[reader] generated 116/500
[reader] generated 118/500
[reader] generated 120/500
[reader] generated 122/500
[reader] generated 124/500
[reader] generated 126/500
[reader] generated 128/500
[reader] generated 130/500
[reader] generated 132/500
[reader] generated 134/500
[reader] generated 136/500
[reader] generated 138/500
[reader] generated 140/500
[reader] generated 142/500
[reader] generated 144/500
[reader] generated 146/500
[reader] generated 148/500
[reader] generated 150/500
[reader] generated 152/500
[reader] generated 154/500
[reader] generated 156/500
[reader] generated 158/500
[reader] generated 160/500
[reader] generated 162/500
[reader] generated 164/500
[reader] generated 166/500
[reader] generated 168/500
[reader] generated 170/500
[reader] generated 172/500
[reader] generated 174/500
[reader] generated 176/500
[reader] generated 178/500
[reader] generated 180/500
[reader] generated 182/500
[reader] generated 184/500
[reader] generated 186/500
[reader] generated 188/500
[reader] generated 190/500
[reader] generated 192/500
[reader] generated 194/500
[reader] generated 196/500
[reader] generated 198/500
[reader] generated 200/500
[reader] generated 202/500
[reader] generated 204/500
[reader] generated 206/500
[reader] generated 208/500
[reader] generated 210/500
[reader] generated 212/500
[reader] generated 214/500
[reader] generated 216/500
[reader] generated 218/500
[reader] generated 220/500
[reader] generated 222/500
[reader] generated 224/500
[reader] generated 226/500
[reader] generated 228/500
[reader] generated 230/500
[reader] generated 232/500
[reader] generated 234/500
[reader] generated 236/500
[reader] generated 238/500
[reader] generated 240/500
[reader] generated 242/500
[reader] generated 244/500
[reader] generated 246/500
[reader] generated 248/500
[reader] generated 250/500
[reader] generated 252/500
[reader] generated 254/500
[reader] generated 256/500
[reader] generated 258/500
[reader] generated 260/500
[reader] generated 262/500
[reader] generated 264/500
[reader] generated 266/500
[reader] generated 268/500
[reader] generated 270/500
[reader] generated 272/500
[reader] generated 274/500
[reader] generated 276/500
[reader] generated 278/500
[reader] generated 280/500
[reader] generated 282/500
[reader] generated 284/500
[reader] generated 286/500
[reader] generated 288/500
[reader] generated 290/500
[reader] generated 292/500
[reader] generated 294/500
[reader] generated 296/500
[reader] generated 298/500
[reader] generated 300/500
[reader] generated 302/500
[reader] generated 304/500
[reader] generated 306/500
[reader] generated 308/500
[reader] generated 310/500
[reader] generated 312/500
[reader] generated 314/500
[reader] generated 316/500
[reader] generated 318/500
[reader] generated 320/500
[reader] generated 322/500
[reader] generated 324/500
[reader] generated 326/500
[reader] generated 328/500
[reader] generated 330/500
[reader] generated 332/500
[reader] generated 334/500
[reader] generated 336/500
[reader] generated 338/500
[reader] generated 340/500
[reader] generated 342/500
[reader] generated 344/500
[reader] generated 346/500
[reader] generated 348/500
[reader] generated 350/500
[reader] generated 352/500
[reader] generated 354/500
[reader] generated 356/500
[reader] generated 358/500
[reader] generated 360/500
[reader] generated 362/500
[reader] generated 364/500
[reader] generated 366/500
[reader] generated 368/500
[reader] generated 370/500
[reader] generated 372/500
[reader] generated 374/500
[reader] generated 376/500
[reader] generated 378/500
[reader] generated 380/500
[reader] generated 382/500
[reader] generated 384/500
[reader] generated 386/500
[reader] generated 388/500
[reader] generated 390/500
[reader] generated 392/500
[reader] generated 394/500
[reader] generated 396/500
[reader] generated 398/500
[reader] generated 400/500
[reader] generated 402/500
[reader] generated 404/500
[reader] generated 406/500
[reader] generated 408/500
[reader] generated 410/500
[reader] generated 412/500
[reader] generated 414/500
[reader] generated 416/500
[reader] generated 418/500
[reader] generated 420/500
[reader] generated 422/500
[reader] generated 424/500
[reader] generated 426/500
[reader] generated 428/500
[reader] generated 430/500
[reader] generated 432/500
[reader] generated 434/500
[reader] generated 436/500
[reader] generated 438/500
[reader] generated 440/500
[reader] generated 442/500
[reader] generated 444/500
[reader] generated 446/500
[reader] generated 448/500
[reader] generated 450/500
[reader] generated 452/500
[reader] generated 454/500
[reader] generated 456/500
[reader] generated 458/500
[reader] generated 460/500
[reader] generated 462/500
[reader] generated 464/500
[reader] generated 466/500
[reader] generated 468/500
[reader] generated 470/500
[reader] generated 472/500
[reader] generated 474/500
[reader] generated 476/500
[reader] generated 478/500
[reader] generated 480/500
[reader] generated 482/500
[reader] generated 484/500
[reader] generated 486/500
[reader] generated 488/500
[reader] generated 490/500
[reader] generated 492/500
[reader] generated 494/500
[reader] generated 496/500
[reader] generated 498/500
[reader] generated 500/500
[density] policy=chunk_focused_160, router_type=fixed, representation=chunk, packer=focused, reader_model=Qwen/Qwen2.5-7B-Instruct, packed_token_budget=160, recall@1=0.437, all_gold@1=0.0, recall@2=0.718, all_gold@2=0.496, recall@5=0.875, all_gold@5=0.762, qwen_em=0.282, qwen_f1=0.3729, avg_reader_evidence_tokens=151.89, mean_ans_in_context=0.644, mean_gold_token_density=0.5325, mean_gold_doc_reader_cov=0.748, mean_all_gold_reader=0.54, mean_distractor_docs=1.536, mean_context_tokens=151.888, mean_n_snippets=3.236
[density] materializing policy=chunk_mmr_160
[density] generating policy=chunk_mmr_160
[reader] generated 2/500
[reader] generated 4/500
[reader] generated 6/500
[reader] generated 8/500
[reader] generated 10/500
[reader] generated 12/500
[reader] generated 14/500
[reader] generated 16/500
[reader] generated 18/500
[reader] generated 20/500
[reader] generated 22/500
[reader] generated 24/500
[reader] generated 26/500
[reader] generated 28/500
[reader] generated 30/500
[reader] generated 32/500
[reader] generated 34/500
[reader] generated 36/500
[reader] generated 38/500
[reader] generated 40/500
[reader] generated 42/500
[reader] generated 44/500
[reader] generated 46/500
[reader] generated 48/500
[reader] generated 50/500
[reader] generated 52/500
[reader] generated 54/500
[reader] generated 56/500
[reader] generated 58/500
[reader] generated 60/500
[reader] generated 62/500
[reader] generated 64/500
[reader] generated 66/500
[reader] generated 68/500
[reader] generated 70/500
[reader] generated 72/500
[reader] generated 74/500
[reader] generated 76/500
[reader] generated 78/500
[reader] generated 80/500
[reader] generated 82/500
[reader] generated 84/500
[reader] generated 86/500
[reader] generated 88/500
[reader] generated 90/500
[reader] generated 92/500
[reader] generated 94/500
[reader] generated 96/500
[reader] generated 98/500
[reader] generated 100/500
[reader] generated 102/500
[reader] generated 104/500
[reader] generated 106/500
[reader] generated 108/500
[reader] generated 110/500
[reader] generated 112/500
[reader] generated 114/500
[reader] generated 116/500
[reader] generated 118/500
[reader] generated 120/500
[reader] generated 122/500
[reader] generated 124/500
[reader] generated 126/500
[reader] generated 128/500
[reader] generated 130/500
[reader] generated 132/500
[reader] generated 134/500
[reader] generated 136/500
[reader] generated 138/500
[reader] generated 140/500
[reader] generated 142/500
[reader] generated 144/500
[reader] generated 146/500
[reader] generated 148/500
[reader] generated 150/500
[reader] generated 152/500
[reader] generated 154/500
[reader] generated 156/500
[reader] generated 158/500
[reader] generated 160/500
[reader] generated 162/500
[reader] generated 164/500
[reader] generated 166/500
[reader] generated 168/500
[reader] generated 170/500
[reader] generated 172/500
[reader] generated 174/500
[reader] generated 176/500
[reader] generated 178/500
[reader] generated 180/500
[reader] generated 182/500
[reader] generated 184/500
[reader] generated 186/500
[reader] generated 188/500
[reader] generated 190/500
[reader] generated 192/500
[reader] generated 194/500
[reader] generated 196/500
[reader] generated 198/500
[reader] generated 200/500
[reader] generated 202/500
[reader] generated 204/500
[reader] generated 206/500
[reader] generated 208/500
[reader] generated 210/500
[reader] generated 212/500
[reader] generated 214/500
[reader] generated 216/500
[reader] generated 218/500
[reader] generated 220/500
[reader] generated 222/500
[reader] generated 224/500
[reader] generated 226/500
[reader] generated 228/500
[reader] generated 230/500
[reader] generated 232/500
[reader] generated 234/500
[reader] generated 236/500
[reader] generated 238/500
[reader] generated 240/500
[reader] generated 242/500
[reader] generated 244/500
[reader] generated 246/500
[reader] generated 248/500
[reader] generated 250/500
[reader] generated 252/500
[reader] generated 254/500
[reader] generated 256/500
[reader] generated 258/500
[reader] generated 260/500
[reader] generated 262/500
[reader] generated 264/500
[reader] generated 266/500
[reader] generated 268/500
[reader] generated 270/500
[reader] generated 272/500
[reader] generated 274/500
[reader] generated 276/500
[reader] generated 278/500
[reader] generated 280/500
[reader] generated 282/500
[reader] generated 284/500
[reader] generated 286/500
[reader] generated 288/500
[reader] generated 290/500
[reader] generated 292/500
[reader] generated 294/500
[reader] generated 296/500
[reader] generated 298/500
[reader] generated 300/500
[reader] generated 302/500
[reader] generated 304/500
[reader] generated 306/500
[reader] generated 308/500
[reader] generated 310/500
[reader] generated 312/500
[reader] generated 314/500
[reader] generated 316/500
[reader] generated 318/500
[reader] generated 320/500
[reader] generated 322/500
[reader] generated 324/500
[reader] generated 326/500
[reader] generated 328/500
[reader] generated 330/500
[reader] generated 332/500
[reader] generated 334/500
[reader] generated 336/500
[reader] generated 338/500
[reader] generated 340/500
[reader] generated 342/500
[reader] generated 344/500
[reader] generated 346/500
[reader] generated 348/500
[reader] generated 350/500
[reader] generated 352/500
[reader] generated 354/500
[reader] generated 356/500
[reader] generated 358/500
[reader] generated 360/500
[reader] generated 362/500
[reader] generated 364/500
[reader] generated 366/500
[reader] generated 368/500
[reader] generated 370/500
[reader] generated 372/500
[reader] generated 374/500
[reader] generated 376/500
[reader] generated 378/500
[reader] generated 380/500
[reader] generated 382/500
[reader] generated 384/500
[reader] generated 386/500
[reader] generated 388/500
[reader] generated 390/500
[reader] generated 392/500
[reader] generated 394/500
[reader] generated 396/500
[reader] generated 398/500
[reader] generated 400/500
[reader] generated 402/500
[reader] generated 404/500
[reader] generated 406/500
[reader] generated 408/500
[reader] generated 410/500
[reader] generated 412/500
[reader] generated 414/500
[reader] generated 416/500
[reader] generated 418/500
[reader] generated 420/500
[reader] generated 422/500
[reader] generated 424/500
[reader] generated 426/500
[reader] generated 428/500
[reader] generated 430/500
[reader] generated 432/500
[reader] generated 434/500
[reader] generated 436/500
[reader] generated 438/500
[reader] generated 440/500
[reader] generated 442/500
[reader] generated 444/500
[reader] generated 446/500
[reader] generated 448/500
[reader] generated 450/500
[reader] generated 452/500
[reader] generated 454/500
[reader] generated 456/500
[reader] generated 458/500
[reader] generated 460/500
[reader] generated 462/500
[reader] generated 464/500
[reader] generated 466/500
[reader] generated 468/500
[reader] generated 470/500
[reader] generated 472/500
[reader] generated 474/500
[reader] generated 476/500
[reader] generated 478/500
[reader] generated 480/500
[reader] generated 482/500
[reader] generated 484/500
[reader] generated 486/500
[reader] generated 488/500
[reader] generated 490/500
[reader] generated 492/500
[reader] generated 494/500
[reader] generated 496/500
[reader] generated 498/500
[reader] generated 500/500
[density] policy=chunk_mmr_160, router_type=fixed, representation=chunk, packer=mmr, reader_model=Qwen/Qwen2.5-7B-Instruct, packed_token_budget=160, recall@1=0.437, all_gold@1=0.0, recall@2=0.718, all_gold@2=0.496, recall@5=0.875, all_gold@5=0.762, qwen_em=0.268, qwen_f1=0.3496, avg_reader_evidence_tokens=151.48, mean_ans_in_context=0.602, mean_gold_token_density=0.5096, mean_gold_doc_reader_cov=0.68, mean_all_gold_reader=0.422, mean_distractor_docs=1.538, mean_context_tokens=151.482, mean_n_snippets=3.308
[density] materializing policy=chunk_submod_160
[density] generating policy=chunk_submod_160
[reader] generated 2/500
[reader] generated 4/500
[reader] generated 6/500
[reader] generated 8/500
[reader] generated 10/500
[reader] generated 12/500
[reader] generated 14/500
[reader] generated 16/500
[reader] generated 18/500
[reader] generated 20/500
[reader] generated 22/500
[reader] generated 24/500
[reader] generated 26/500
[reader] generated 28/500
[reader] generated 30/500
[reader] generated 32/500
[reader] generated 34/500
[reader] generated 36/500
[reader] generated 38/500
[reader] generated 40/500
[reader] generated 42/500
[reader] generated 44/500
[reader] generated 46/500
[reader] generated 48/500
[reader] generated 50/500
[reader] generated 52/500
[reader] generated 54/500
[reader] generated 56/500
[reader] generated 58/500
[reader] generated 60/500
[reader] generated 62/500
[reader] generated 64/500
[reader] generated 66/500
[reader] generated 68/500
[reader] generated 70/500
[reader] generated 72/500
[reader] generated 74/500
[reader] generated 76/500
[reader] generated 78/500
[reader] generated 80/500
[reader] generated 82/500
[reader] generated 84/500
[reader] generated 86/500
[reader] generated 88/500
[reader] generated 90/500
[reader] generated 92/500
[reader] generated 94/500
[reader] generated 96/500
[reader] generated 98/500
[reader] generated 100/500
[reader] generated 102/500
[reader] generated 104/500
[reader] generated 106/500
[reader] generated 108/500
[reader] generated 110/500
[reader] generated 112/500
[reader] generated 114/500
[reader] generated 116/500
[reader] generated 118/500
[reader] generated 120/500
[reader] generated 122/500
[reader] generated 124/500
[reader] generated 126/500
[reader] generated 128/500
[reader] generated 130/500
[reader] generated 132/500
[reader] generated 134/500
[reader] generated 136/500
[reader] generated 138/500
[reader] generated 140/500
[reader] generated 142/500
[reader] generated 144/500
[reader] generated 146/500
[reader] generated 148/500
[reader] generated 150/500
[reader] generated 152/500
[reader] generated 154/500
[reader] generated 156/500
[reader] generated 158/500
[reader] generated 160/500
[reader] generated 162/500
[reader] generated 164/500
[reader] generated 166/500
[reader] generated 168/500
[reader] generated 170/500
[reader] generated 172/500
[reader] generated 174/500
[reader] generated 176/500
[reader] generated 178/500
[reader] generated 180/500
[reader] generated 182/500
[reader] generated 184/500
[reader] generated 186/500
[reader] generated 188/500
[reader] generated 190/500
[reader] generated 192/500
[reader] generated 194/500
[reader] generated 196/500
[reader] generated 198/500
[reader] generated 200/500
[reader] generated 202/500
[reader] generated 204/500
[reader] generated 206/500
[reader] generated 208/500
[reader] generated 210/500
[reader] generated 212/500
[reader] generated 214/500
[reader] generated 216/500
[reader] generated 218/500
[reader] generated 220/500
[reader] generated 222/500
[reader] generated 224/500
[reader] generated 226/500
[reader] generated 228/500
[reader] generated 230/500
[reader] generated 232/500
[reader] generated 234/500
[reader] generated 236/500
[reader] generated 238/500
[reader] generated 240/500
[reader] generated 242/500
[reader] generated 244/500
[reader] generated 246/500
[reader] generated 248/500
[reader] generated 250/500
[reader] generated 252/500
[reader] generated 254/500
[reader] generated 256/500
[reader] generated 258/500
[reader] generated 260/500
[reader] generated 262/500
[reader] generated 264/500
[reader] generated 266/500
[reader] generated 268/500
[reader] generated 270/500
[reader] generated 272/500
[reader] generated 274/500
[reader] generated 276/500
[reader] generated 278/500
[reader] generated 280/500
[reader] generated 282/500
[reader] generated 284/500
[reader] generated 286/500
[reader] generated 288/500
[reader] generated 290/500
[reader] generated 292/500
[reader] generated 294/500
[reader] generated 296/500
[reader] generated 298/500
[reader] generated 300/500
[reader] generated 302/500
[reader] generated 304/500
[reader] generated 306/500
[reader] generated 308/500
[reader] generated 310/500
[reader] generated 312/500
[reader] generated 314/500
[reader] generated 316/500
[reader] generated 318/500
[reader] generated 320/500
[reader] generated 322/500
[reader] generated 324/500
[reader] generated 326/500
[reader] generated 328/500
[reader] generated 330/500
[reader] generated 332/500
[reader] generated 334/500
[reader] generated 336/500
[reader] generated 338/500
[reader] generated 340/500
[reader] generated 342/500
[reader] generated 344/500
[reader] generated 346/500
[reader] generated 348/500
[reader] generated 350/500
[reader] generated 352/500
[reader] generated 354/500
[reader] generated 356/500
[reader] generated 358/500
[reader] generated 360/500
[reader] generated 362/500
[reader] generated 364/500
[reader] generated 366/500
[reader] generated 368/500
[reader] generated 370/500
[reader] generated 372/500
[reader] generated 374/500
[reader] generated 376/500
[reader] generated 378/500
[reader] generated 380/500
[reader] generated 382/500
[reader] generated 384/500
[reader] generated 386/500
[reader] generated 388/500
[reader] generated 390/500
[reader] generated 392/500
[reader] generated 394/500
[reader] generated 396/500
[reader] generated 398/500
[reader] generated 400/500
[reader] generated 402/500
[reader] generated 404/500
[reader] generated 406/500
[reader] generated 408/500
[reader] generated 410/500
[reader] generated 412/500
[reader] generated 414/500
[reader] generated 416/500
[reader] generated 418/500
[reader] generated 420/500
[reader] generated 422/500
[reader] generated 424/500
[reader] generated 426/500
[reader] generated 428/500
[reader] generated 430/500
[reader] generated 432/500
[reader] generated 434/500
[reader] generated 436/500
[reader] generated 438/500
[reader] generated 440/500
[reader] generated 442/500
[reader] generated 444/500
[reader] generated 446/500
[reader] generated 448/500
[reader] generated 450/500
[reader] generated 452/500
[reader] generated 454/500
[reader] generated 456/500
[reader] generated 458/500
[reader] generated 460/500
[reader] generated 462/500
[reader] generated 464/500
[reader] generated 466/500
[reader] generated 468/500
[reader] generated 470/500
[reader] generated 472/500
[reader] generated 474/500
[reader] generated 476/500
[reader] generated 478/500
[reader] generated 480/500
[reader] generated 482/500
[reader] generated 484/500
[reader] generated 486/500
[reader] generated 488/500
[reader] generated 490/500
[reader] generated 492/500
[reader] generated 494/500
[reader] generated 496/500
[reader] generated 498/500
[reader] generated 500/500
[density] policy=chunk_submod_160, router_type=fixed, representation=chunk, packer=submod, reader_model=Qwen/Qwen2.5-7B-Instruct, packed_token_budget=160, recall@1=0.437, all_gold@1=0.0, recall@2=0.718, all_gold@2=0.496, recall@5=0.875, all_gold@5=0.762, qwen_em=0.278, qwen_f1=0.3685, avg_reader_evidence_tokens=145.52, mean_ans_in_context=0.628, mean_gold_token_density=0.4565, mean_gold_doc_reader_cov=0.778, mean_all_gold_reader=0.586, mean_distractor_docs=2.236, mean_context_tokens=145.52, mean_n_snippets=4.57
[density] materializing policy=ace_focused_160
[density] generating policy=ace_focused_160
[reader] generated 2/500
[reader] generated 4/500
[reader] generated 6/500
[reader] generated 8/500
[reader] generated 10/500
[reader] generated 12/500
[reader] generated 14/500
[reader] generated 16/500
[reader] generated 18/500
[reader] generated 20/500
[reader] generated 22/500
[reader] generated 24/500
[reader] generated 26/500
[reader] generated 28/500
[reader] generated 30/500
[reader] generated 32/500
[reader] generated 34/500
[reader] generated 36/500
[reader] generated 38/500
[reader] generated 40/500
[reader] generated 42/500
[reader] generated 44/500
[reader] generated 46/500
[reader] generated 48/500
[reader] generated 50/500
[reader] generated 52/500
[reader] generated 54/500
[reader] generated 56/500
[reader] generated 58/500
[reader] generated 60/500
[reader] generated 62/500
[reader] generated 64/500
[reader] generated 66/500
[reader] generated 68/500
[reader] generated 70/500
[reader] generated 72/500
[reader] generated 74/500
[reader] generated 76/500
[reader] generated 78/500
[reader] generated 80/500
[reader] generated 82/500
[reader] generated 84/500
[reader] generated 86/500
[reader] generated 88/500
[reader] generated 90/500
[reader] generated 92/500
[reader] generated 94/500
[reader] generated 96/500
[reader] generated 98/500
[reader] generated 100/500
[reader] generated 102/500
[reader] generated 104/500
[reader] generated 106/500
[reader] generated 108/500
[reader] generated 110/500
[reader] generated 112/500
[reader] generated 114/500
[reader] generated 116/500
[reader] generated 118/500
[reader] generated 120/500
[reader] generated 122/500
[reader] generated 124/500
[reader] generated 126/500
[reader] generated 128/500
[reader] generated 130/500
[reader] generated 132/500
[reader] generated 134/500
[reader] generated 136/500
[reader] generated 138/500
[reader] generated 140/500
[reader] generated 142/500
[reader] generated 144/500
[reader] generated 146/500
[reader] generated 148/500
[reader] generated 150/500
[reader] generated 152/500
[reader] generated 154/500
[reader] generated 156/500
[reader] generated 158/500
[reader] generated 160/500
[reader] generated 162/500
[reader] generated 164/500
[reader] generated 166/500
[reader] generated 168/500
[reader] generated 170/500
[reader] generated 172/500
[reader] generated 174/500
[reader] generated 176/500
[reader] generated 178/500
[reader] generated 180/500
[reader] generated 182/500
[reader] generated 184/500
[reader] generated 186/500
[reader] generated 188/500
[reader] generated 190/500
[reader] generated 192/500
[reader] generated 194/500
[reader] generated 196/500
[reader] generated 198/500
[reader] generated 200/500
[reader] generated 202/500
[reader] generated 204/500
[reader] generated 206/500
[reader] generated 208/500
[reader] generated 210/500
[reader] generated 212/500
[reader] generated 214/500
[reader] generated 216/500
[reader] generated 218/500
[reader] generated 220/500
[reader] generated 222/500
[reader] generated 224/500
[reader] generated 226/500
[reader] generated 228/500
[reader] generated 230/500
[reader] generated 232/500
[reader] generated 234/500
[reader] generated 236/500
[reader] generated 238/500
[reader] generated 240/500
[reader] generated 242/500
[reader] generated 244/500
[reader] generated 246/500
[reader] generated 248/500
[reader] generated 250/500
[reader] generated 252/500
[reader] generated 254/500
[reader] generated 256/500
[reader] generated 258/500
[reader] generated 260/500
[reader] generated 262/500
[reader] generated 264/500
[reader] generated 266/500
[reader] generated 268/500
[reader] generated 270/500
[reader] generated 272/500
[reader] generated 274/500
[reader] generated 276/500
[reader] generated 278/500
[reader] generated 280/500
[reader] generated 282/500
[reader] generated 284/500
[reader] generated 286/500
[reader] generated 288/500
[reader] generated 290/500
[reader] generated 292/500
[reader] generated 294/500
[reader] generated 296/500
[reader] generated 298/500
[reader] generated 300/500
[reader] generated 302/500
[reader] generated 304/500
[reader] generated 306/500
[reader] generated 308/500
[reader] generated 310/500
[reader] generated 312/500
[reader] generated 314/500
[reader] generated 316/500
[reader] generated 318/500
[reader] generated 320/500
[reader] generated 322/500
[reader] generated 324/500
[reader] generated 326/500
[reader] generated 328/500
[reader] generated 330/500
[reader] generated 332/500
[reader] generated 334/500
[reader] generated 336/500
[reader] generated 338/500
[reader] generated 340/500
[reader] generated 342/500
[reader] generated 344/500
[reader] generated 346/500
[reader] generated 348/500
[reader] generated 350/500
[reader] generated 352/500
[reader] generated 354/500
[reader] generated 356/500
[reader] generated 358/500
[reader] generated 360/500
[reader] generated 362/500
[reader] generated 364/500
[reader] generated 366/500
[reader] generated 368/500
[reader] generated 370/500
[reader] generated 372/500
[reader] generated 374/500
[reader] generated 376/500
[reader] generated 378/500
[reader] generated 380/500
[reader] generated 382/500
[reader] generated 384/500
[reader] generated 386/500
[reader] generated 388/500
[reader] generated 390/500
[reader] generated 392/500
[reader] generated 394/500
[reader] generated 396/500
[reader] generated 398/500
[reader] generated 400/500
[reader] generated 402/500
[reader] generated 404/500
[reader] generated 406/500
[reader] generated 408/500
[reader] generated 410/500
[reader] generated 412/500
[reader] generated 414/500
[reader] generated 416/500
[reader] generated 418/500
[reader] generated 420/500
[reader] generated 422/500
[reader] generated 424/500
[reader] generated 426/500
[reader] generated 428/500
[reader] generated 430/500
[reader] generated 432/500
[reader] generated 434/500
[reader] generated 436/500
[reader] generated 438/500
[reader] generated 440/500
[reader] generated 442/500
[reader] generated 444/500
[reader] generated 446/500
[reader] generated 448/500
[reader] generated 450/500
[reader] generated 452/500
[reader] generated 454/500
[reader] generated 456/500
[reader] generated 458/500
[reader] generated 460/500
[reader] generated 462/500
[reader] generated 464/500
[reader] generated 466/500
[reader] generated 468/500
[reader] generated 470/500
[reader] generated 472/500
[reader] generated 474/500
[reader] generated 476/500
[reader] generated 478/500
[reader] generated 480/500
[reader] generated 482/500
[reader] generated 484/500
[reader] generated 486/500
[reader] generated 488/500
[reader] generated 490/500
[reader] generated 492/500
[reader] generated 494/500
[reader] generated 496/500
[reader] generated 498/500
[reader] generated 500/500
[density] policy=ace_focused_160, router_type=fixed, representation=ace, packer=focused, reader_model=Qwen/Qwen2.5-7B-Instruct, packed_token_budget=160, recall@1=0.409, all_gold@1=0.0, recall@2=0.665, all_gold@2=0.406, recall@5=0.847, all_gold@5=0.718, qwen_em=0.268, qwen_f1=0.3641, avg_reader_evidence_tokens=150.08, mean_ans_in_context=0.618, mean_gold_token_density=0.4566, mean_gold_doc_reader_cov=0.751, mean_all_gold_reader=0.544, mean_distractor_docs=2.128, mean_context_tokens=150.078, mean_n_snippets=4.046
[density] materializing policy=ace_mmr_160
[density] generating policy=ace_mmr_160
[reader] generated 2/500
[reader] generated 4/500
[reader] generated 6/500
[reader] generated 8/500
[reader] generated 10/500
[reader] generated 12/500
[reader] generated 14/500
[reader] generated 16/500
[reader] generated 18/500
[reader] generated 20/500
[reader] generated 22/500
[reader] generated 24/500
[reader] generated 26/500
[reader] generated 28/500
[reader] generated 30/500
[reader] generated 32/500
[reader] generated 34/500
[reader] generated 36/500
[reader] generated 38/500
[reader] generated 40/500
[reader] generated 42/500
[reader] generated 44/500
[reader] generated 46/500
[reader] generated 48/500
[reader] generated 50/500
[reader] generated 52/500
[reader] generated 54/500
[reader] generated 56/500
[reader] generated 58/500
[reader] generated 60/500
[reader] generated 62/500
[reader] generated 64/500
[reader] generated 66/500
[reader] generated 68/500
[reader] generated 70/500
[reader] generated 72/500
[reader] generated 74/500
[reader] generated 76/500
[reader] generated 78/500
[reader] generated 80/500
[reader] generated 82/500
[reader] generated 84/500
[reader] generated 86/500
[reader] generated 88/500
[reader] generated 90/500
[reader] generated 92/500
[reader] generated 94/500
[reader] generated 96/500
[reader] generated 98/500
[reader] generated 100/500
[reader] generated 102/500
[reader] generated 104/500
[reader] generated 106/500
[reader] generated 108/500
[reader] generated 110/500
[reader] generated 112/500
[reader] generated 114/500
[reader] generated 116/500
[reader] generated 118/500
[reader] generated 120/500
[reader] generated 122/500
[reader] generated 124/500
[reader] generated 126/500
[reader] generated 128/500
[reader] generated 130/500
[reader] generated 132/500
[reader] generated 134/500
[reader] generated 136/500
[reader] generated 138/500
[reader] generated 140/500
[reader] generated 142/500
[reader] generated 144/500
[reader] generated 146/500
[reader] generated 148/500
[reader] generated 150/500
[reader] generated 152/500
[reader] generated 154/500
[reader] generated 156/500
[reader] generated 158/500
[reader] generated 160/500
[reader] generated 162/500
[reader] generated 164/500
[reader] generated 166/500
[reader] generated 168/500
[reader] generated 170/500
[reader] generated 172/500
[reader] generated 174/500
[reader] generated 176/500
[reader] generated 178/500
[reader] generated 180/500
[reader] generated 182/500
[reader] generated 184/500
[reader] generated 186/500
[reader] generated 188/500
[reader] generated 190/500
[reader] generated 192/500
[reader] generated 194/500
[reader] generated 196/500
[reader] generated 198/500
[reader] generated 200/500
[reader] generated 202/500
[reader] generated 204/500
[reader] generated 206/500
[reader] generated 208/500
[reader] generated 210/500
[reader] generated 212/500
[reader] generated 214/500
[reader] generated 216/500
[reader] generated 218/500
[reader] generated 220/500
[reader] generated 222/500
[reader] generated 224/500
[reader] generated 226/500
[reader] generated 228/500
[reader] generated 230/500
[reader] generated 232/500
[reader] generated 234/500
[reader] generated 236/500
[reader] generated 238/500
[reader] generated 240/500
[reader] generated 242/500
[reader] generated 244/500
[reader] generated 246/500
[reader] generated 248/500
[reader] generated 250/500
[reader] generated 252/500
[reader] generated 254/500
[reader] generated 256/500
[reader] generated 258/500
[reader] generated 260/500
[reader] generated 262/500
[reader] generated 264/500
[reader] generated 266/500
[reader] generated 268/500
[reader] generated 270/500
[reader] generated 272/500
[reader] generated 274/500
[reader] generated 276/500
[reader] generated 278/500
[reader] generated 280/500
[reader] generated 282/500
[reader] generated 284/500
[reader] generated 286/500
[reader] generated 288/500
[reader] generated 290/500
[reader] generated 292/500
[reader] generated 294/500
[reader] generated 296/500
[reader] generated 298/500
[reader] generated 300/500
[reader] generated 302/500
[reader] generated 304/500
[reader] generated 306/500
[reader] generated 308/500
[reader] generated 310/500
[reader] generated 312/500
[reader] generated 314/500
[reader] generated 316/500
[reader] generated 318/500
[reader] generated 320/500
[reader] generated 322/500
[reader] generated 324/500
[reader] generated 326/500
[reader] generated 328/500
[reader] generated 330/500
[reader] generated 332/500
[reader] generated 334/500
[reader] generated 336/500
[reader] generated 338/500
[reader] generated 340/500
[reader] generated 342/500
[reader] generated 344/500
[reader] generated 346/500
[reader] generated 348/500
[reader] generated 350/500
[reader] generated 352/500
[reader] generated 354/500
[reader] generated 356/500
[reader] generated 358/500
[reader] generated 360/500
[reader] generated 362/500
[reader] generated 364/500
[reader] generated 366/500
[reader] generated 368/500
[reader] generated 370/500
[reader] generated 372/500
[reader] generated 374/500
[reader] generated 376/500
[reader] generated 378/500
[reader] generated 380/500
[reader] generated 382/500
[reader] generated 384/500
[reader] generated 386/500
[reader] generated 388/500
[reader] generated 390/500
[reader] generated 392/500
[reader] generated 394/500
[reader] generated 396/500
[reader] generated 398/500
[reader] generated 400/500
[reader] generated 402/500
[reader] generated 404/500
[reader] generated 406/500
[reader] generated 408/500
[reader] generated 410/500
[reader] generated 412/500
[reader] generated 414/500
[reader] generated 416/500
[reader] generated 418/500
[reader] generated 420/500
[reader] generated 422/500
[reader] generated 424/500
[reader] generated 426/500
[reader] generated 428/500
[reader] generated 430/500
[reader] generated 432/500
[reader] generated 434/500
[reader] generated 436/500
[reader] generated 438/500
[reader] generated 440/500
[reader] generated 442/500
[reader] generated 444/500
[reader] generated 446/500
[reader] generated 448/500
[reader] generated 450/500
[reader] generated 452/500
[reader] generated 454/500
[reader] generated 456/500
[reader] generated 458/500
[reader] generated 460/500
[reader] generated 462/500
[reader] generated 464/500
[reader] generated 466/500
[reader] generated 468/500
[reader] generated 470/500
[reader] generated 472/500
[reader] generated 474/500
[reader] generated 476/500
[reader] generated 478/500
[reader] generated 480/500
[reader] generated 482/500
[reader] generated 484/500
[reader] generated 486/500
[reader] generated 488/500
[reader] generated 490/500
[reader] generated 492/500
[reader] generated 494/500
[reader] generated 496/500
[reader] generated 498/500
[reader] generated 500/500
[density] policy=ace_mmr_160, router_type=fixed, representation=ace, packer=mmr, reader_model=Qwen/Qwen2.5-7B-Instruct, packed_token_budget=160, recall@1=0.409, all_gold@1=0.0, recall@2=0.665, all_gold@2=0.406, recall@5=0.847, all_gold@5=0.718, qwen_em=0.262, qwen_f1=0.346, avg_reader_evidence_tokens=150.05, mean_ans_in_context=0.59, mean_gold_token_density=0.456, mean_gold_doc_reader_cov=0.711, mean_all_gold_reader=0.478, mean_distractor_docs=2.078, mean_context_tokens=150.052, mean_n_snippets=4.1
[density] materializing policy=ace_submod_160
[density] generating policy=ace_submod_160
[reader] generated 2/500
[reader] generated 4/500
[reader] generated 6/500
[reader] generated 8/500
[reader] generated 10/500
[reader] generated 12/500
[reader] generated 14/500
[reader] generated 16/500
[reader] generated 18/500
[reader] generated 20/500
[reader] generated 22/500
[reader] generated 24/500
[reader] generated 26/500
[reader] generated 28/500
[reader] generated 30/500
[reader] generated 32/500
[reader] generated 34/500
[reader] generated 36/500
[reader] generated 38/500
[reader] generated 40/500
[reader] generated 42/500
[reader] generated 44/500
[reader] generated 46/500
[reader] generated 48/500
[reader] generated 50/500
[reader] generated 52/500
[reader] generated 54/500
[reader] generated 56/500
[reader] generated 58/500
[reader] generated 60/500
[reader] generated 62/500
[reader] generated 64/500
[reader] generated 66/500
[reader] generated 68/500
[reader] generated 70/500
[reader] generated 72/500
[reader] generated 74/500
[reader] generated 76/500
[reader] generated 78/500
[reader] generated 80/500
[reader] generated 82/500
[reader] generated 84/500
[reader] generated 86/500
[reader] generated 88/500
[reader] generated 90/500
[reader] generated 92/500
[reader] generated 94/500
[reader] generated 96/500
[reader] generated 98/500
[reader] generated 100/500
[reader] generated 102/500
[reader] generated 104/500
[reader] generated 106/500
[reader] generated 108/500
[reader] generated 110/500
[reader] generated 112/500
[reader] generated 114/500
[reader] generated 116/500
[reader] generated 118/500
[reader] generated 120/500
[reader] generated 122/500
[reader] generated 124/500
[reader] generated 126/500
[reader] generated 128/500
[reader] generated 130/500
[reader] generated 132/500
[reader] generated 134/500
[reader] generated 136/500
[reader] generated 138/500
[reader] generated 140/500
[reader] generated 142/500
[reader] generated 144/500
[reader] generated 146/500
[reader] generated 148/500
[reader] generated 150/500
[reader] generated 152/500
[reader] generated 154/500
[reader] generated 156/500
[reader] generated 158/500
[reader] generated 160/500
[reader] generated 162/500
[reader] generated 164/500
[reader] generated 166/500
[reader] generated 168/500
[reader] generated 170/500
[reader] generated 172/500
[reader] generated 174/500
[reader] generated 176/500
[reader] generated 178/500
[reader] generated 180/500
[reader] generated 182/500
[reader] generated 184/500
[reader] generated 186/500
[reader] generated 188/500
[reader] generated 190/500
[reader] generated 192/500
[reader] generated 194/500
[reader] generated 196/500
[reader] generated 198/500
[reader] generated 200/500
[reader] generated 202/500
[reader] generated 204/500
[reader] generated 206/500
[reader] generated 208/500
[reader] generated 210/500
[reader] generated 212/500
[reader] generated 214/500
[reader] generated 216/500
[reader] generated 218/500
[reader] generated 220/500
[reader] generated 222/500
[reader] generated 224/500
[reader] generated 226/500
[reader] generated 228/500
[reader] generated 230/500
[reader] generated 232/500
[reader] generated 234/500
[reader] generated 236/500
[reader] generated 238/500
[reader] generated 240/500
[reader] generated 242/500
[reader] generated 244/500
[reader] generated 246/500
[reader] generated 248/500
[reader] generated 250/500
[reader] generated 252/500
[reader] generated 254/500
[reader] generated 256/500
[reader] generated 258/500
[reader] generated 260/500
[reader] generated 262/500
[reader] generated 264/500
[reader] generated 266/500
[reader] generated 268/500
[reader] generated 270/500
[reader] generated 272/500
[reader] generated 274/500
[reader] generated 276/500
[reader] generated 278/500
[reader] generated 280/500
[reader] generated 282/500
[reader] generated 284/500
[reader] generated 286/500
[reader] generated 288/500
[reader] generated 290/500
[reader] generated 292/500
[reader] generated 294/500
[reader] generated 296/500
[reader] generated 298/500
[reader] generated 300/500
[reader] generated 302/500
[reader] generated 304/500
[reader] generated 306/500
[reader] generated 308/500
[reader] generated 310/500
[reader] generated 312/500
[reader] generated 314/500
[reader] generated 316/500
[reader] generated 318/500
[reader] generated 320/500
[reader] generated 322/500
[reader] generated 324/500
[reader] generated 326/500
[reader] generated 328/500
[reader] generated 330/500
[reader] generated 332/500
[reader] generated 334/500
[reader] generated 336/500
[reader] generated 338/500
[reader] generated 340/500
[reader] generated 342/500
[reader] generated 344/500
[reader] generated 346/500
[reader] generated 348/500
[reader] generated 350/500
[reader] generated 352/500
[reader] generated 354/500
[reader] generated 356/500
[reader] generated 358/500
[reader] generated 360/500
[reader] generated 362/500
[reader] generated 364/500
[reader] generated 366/500
[reader] generated 368/500
[reader] generated 370/500
[reader] generated 372/500
[reader] generated 374/500
[reader] generated 376/500
[reader] generated 378/500
[reader] generated 380/500
[reader] generated 382/500
[reader] generated 384/500
[reader] generated 386/500
[reader] generated 388/500
[reader] generated 390/500
[reader] generated 392/500
[reader] generated 394/500
[reader] generated 396/500
[reader] generated 398/500
[reader] generated 400/500
[reader] generated 402/500
[reader] generated 404/500
[reader] generated 406/500
[reader] generated 408/500
[reader] generated 410/500
[reader] generated 412/500
[reader] generated 414/500
[reader] generated 416/500
[reader] generated 418/500
[reader] generated 420/500
[reader] generated 422/500
[reader] generated 424/500
[reader] generated 426/500
[reader] generated 428/500
[reader] generated 430/500
[reader] generated 432/500
[reader] generated 434/500
[reader] generated 436/500
[reader] generated 438/500
[reader] generated 440/500
[reader] generated 442/500
[reader] generated 444/500
[reader] generated 446/500
[reader] generated 448/500
[reader] generated 450/500
[reader] generated 452/500
[reader] generated 454/500
[reader] generated 456/500
[reader] generated 458/500
[reader] generated 460/500
[reader] generated 462/500
[reader] generated 464/500
[reader] generated 466/500
[reader] generated 468/500
[reader] generated 470/500
[reader] generated 472/500
[reader] generated 474/500
[reader] generated 476/500
[reader] generated 478/500
[reader] generated 480/500
[reader] generated 482/500
[reader] generated 484/500
[reader] generated 486/500
[reader] generated 488/500
[reader] generated 490/500
[reader] generated 492/500
[reader] generated 494/500
[reader] generated 496/500
[reader] generated 498/500
[reader] generated 500/500
[density] policy=ace_submod_160, router_type=fixed, representation=ace, packer=submod, reader_model=Qwen/Qwen2.5-7B-Instruct, packed_token_budget=160, recall@1=0.409, all_gold@1=0.0, recall@2=0.665, all_gold@2=0.406, recall@5=0.847, all_gold@5=0.718, qwen_em=0.266, qwen_f1=0.3637, avg_reader_evidence_tokens=147.5, mean_ans_in_context=0.608, mean_gold_token_density=0.4286, mean_gold_doc_reader_cov=0.741, mean_all_gold_reader=0.532, mean_distractor_docs=2.33, mean_context_tokens=147.496, mean_n_snippets=4.586
[density] policy=router_oracle_packer, router_type=oracle, representation=mixed, packer=oracle, reader_model=Qwen/Qwen2.5-7B-Instruct, packed_token_budget=160, selection_counts={"ace_focused_160": 86, "ace_mmr_160": 36, "ace_submod_160": 71, "chunk_focused_160": 75, "chunk_mmr_160": 42, "chunk_submod_160": 190}, qwen_em=0.436, qwen_f1=0.5477, avg_reader_evidence_tokens=141.51, mean_ans_in_context=0.702, mean_gold_token_density=0.5134, mean_gold_doc_reader_cov=0.771, mean_all_gold_reader=0.578, mean_distractor_docs=1.85, mean_context_tokens=141.506, mean_n_snippets=3.94
wrote /kaggle/working/colab_results/stage11_density_packer_hotpotqa_reader7b_4bit_budget160_limit500_seed13/hotpotqa_density_standard_budget160_limit500_metrics.csv
wrote /kaggle/working/colab_results/stage11_density_packer_hotpotqa_reader7b_4bit_budget160_limit500_seed13/hotpotqa_density_standard_budget160_limit500_per_question.csv
--- ladder reader14b_4bit (Qwen/Qwen2.5-14B-Instruct) seed 42 ---
$ /usr/bin/python3 -m experiments.run_density_router --dataset hotpotqa --split validation --limit 500 --seed 42 --ace-retriever standard --top-k 5 --top-k-nodes 48 --max-expanded-docs 5 --embedder sentence-transformers --embedding-model BAAI/bge-small-en-v1.5 --embed-device cuda --compressor truncate --compress-dims 320 --reader-backend hf --reader-model Qwen/Qwen2.5-14B-Instruct --reader-device cuda --reader-load-4bit --reader-batch-size 1 --mmr-lambda 0.7 --budget 160 --out-dir /kaggle/working/colab_results/stage11_density_packer_hotpotqa_reader14b_4bit_budget160_limit500_seed42
hotpotqa[hf:validation:500]: 4933 docs, 500 questions, 2.00 gold docs/question
[density] retrieving chunk baseline
[chunk] fitting/indexing
[embed] encoding 4933 texts on device=cuda:0

Batches:   0%|          | 0/78 [00:00<?, ?it/s]
Batches:   1%|▏         | 1/78 [00:00<01:14,  1.03it/s]
Batches:   3%|▎         | 2/78 [00:01<00:49,  1.53it/s]
Batches:   4%|▍         | 3/78 [00:01<00:39,  1.92it/s]
Batches:   5%|▌         | 4/78 [00:02<00:35,  2.06it/s]
Batches:   6%|▋         | 5/78 [00:02<00:31,  2.30it/s]
Batches:   8%|▊         | 6/78 [00:02<00:28,  2.53it/s]
Batches:   9%|▉         | 7/78 [00:03<00:26,  2.71it/s]
Batches:  10%|█         | 8/78 [00:03<00:24,  2.85it/s]
Batches:  12%|█▏        | 9/78 [00:03<00:23,  2.95it/s]
Batches:  13%|█▎        | 10/78 [00:04<00:21,  3.16it/s]
Batches:  14%|█▍        | 11/78 [00:04<00:20,  3.35it/s]
Batches:  15%|█▌        | 12/78 [00:04<00:18,  3.48it/s]
Batches:  17%|█▋        | 13/78 [00:04<00:18,  3.58it/s]
Batches:  18%|█▊        | 14/78 [00:05<00:17,  3.64it/s]
Batches:  19%|█▉        | 15/78 [00:05<00:16,  3.79it/s]
Batches:  21%|██        | 16/78 [00:05<00:15,  3.90it/s]
Batches:  22%|██▏       | 17/78 [00:05<00:15,  3.93it/s]
Batches:  23%|██▎       | 18/78 [00:06<00:14,  4.05it/s]
Batches:  24%|██▍       | 19/78 [00:06<00:13,  4.30it/s]
Batches:  26%|██▌       | 20/78 [00:06<00:12,  4.52it/s]
Batches:  27%|██▋       | 21/78 [00:06<00:12,  4.40it/s]
Batches:  28%|██▊       | 22/78 [00:06<00:12,  4.47it/s]
Batches:  29%|██▉       | 23/78 [00:07<00:12,  4.43it/s]
Batches:  31%|███       | 24/78 [00:07<00:11,  4.74it/s]
Batches:  32%|███▏      | 25/78 [00:07<00:11,  4.76it/s]
Batches:  33%|███▎      | 26/78 [00:07<00:10,  4.90it/s]
Batches:  35%|███▍      | 27/78 [00:07<00:10,  4.95it/s]
Batches:  36%|███▌      | 28/78 [00:08<00:09,  5.01it/s]
Batches:  37%|███▋      | 29/78 [00:08<00:09,  5.09it/s]
Batches:  38%|███▊      | 30/78 [00:08<00:09,  5.04it/s]
Batches:  40%|███▉      | 31/78 [00:08<00:08,  5.23it/s]
Batches:  41%|████      | 32/78 [00:08<00:08,  5.26it/s]
Batches:  42%|████▏     | 33/78 [00:09<00:08,  5.31it/s]
Batches:  44%|████▎     | 34/78 [00:09<00:08,  5.23it/s]
Batches:  45%|████▍     | 35/78 [00:09<00:07,  5.38it/s]
Batches:  46%|████▌     | 36/78 [00:09<00:07,  5.51it/s]
Batches:  47%|████▋     | 37/78 [00:09<00:07,  5.36it/s]
Batches:  49%|████▊     | 38/78 [00:09<00:07,  5.60it/s]
Batches:  50%|█████     | 39/78 [00:10<00:06,  5.91it/s]
Batches:  51%|█████▏    | 40/78 [00:10<00:06,  5.98it/s]
Batches:  53%|█████▎    | 41/78 [00:10<00:05,  6.34it/s]
Batches:  54%|█████▍    | 42/78 [00:10<00:05,  6.38it/s]
Batches:  55%|█████▌    | 43/78 [00:10<00:05,  6.34it/s]
Batches:  56%|█████▋    | 44/78 [00:10<00:05,  6.19it/s]
Batches:  58%|█████▊    | 45/78 [00:11<00:05,  6.37it/s]
Batches:  59%|█████▉    | 46/78 [00:11<00:04,  6.71it/s]
Batches:  60%|██████    | 47/78 [00:11<00:04,  7.03it/s]
Batches:  62%|██████▏   | 48/78 [00:11<00:04,  6.95it/s]
Batches:  63%|██████▎   | 49/78 [00:11<00:03,  7.27it/s]
Batches:  64%|██████▍   | 50/78 [00:11<00:03,  7.57it/s]
Batches:  65%|██████▌   | 51/78 [00:11<00:03,  7.76it/s]
Batches:  67%|██████▋   | 52/78 [00:11<00:03,  7.84it/s]
Batches:  68%|██████▊   | 53/78 [00:12<00:03,  7.90it/s]
Batches:  69%|██████▉   | 54/78 [00:12<00:03,  7.91it/s]
Batches:  71%|███████   | 55/78 [00:12<00:02,  8.15it/s]
Batches:  72%|███████▏  | 56/78 [00:12<00:02,  8.33it/s]
Batches:  73%|███████▎  | 57/78 [00:12<00:02,  8.06it/s]
Batches:  74%|███████▍  | 58/78 [00:12<00:02,  8.30it/s]
Batches:  76%|███████▌  | 59/78 [00:12<00:02,  8.69it/s]
Batches:  77%|███████▋  | 60/78 [00:12<00:02,  8.78it/s]
Batches:  79%|███████▉  | 62/78 [00:13<00:01,  9.21it/s]
Batches:  82%|████████▏ | 64/78 [00:13<00:01,  9.53it/s]
Batches:  85%|████████▍ | 66/78 [00:13<00:01,  9.91it/s]
Batches:  87%|████████▋ | 68/78 [00:13<00:00, 10.35it/s]
Batches:  90%|████████▉ | 70/78 [00:13<00:00, 10.78it/s]
Batches:  92%|█████████▏| 72/78 [00:13<00:00, 11.44it/s]
Batches:  95%|█████████▍| 74/78 [00:14<00:00, 12.59it/s]
Batches:  97%|█████████▋| 76/78 [00:14<00:00, 14.04it/s]
Batches: 100%|██████████| 78/78 [00:14<00:00,  5.48it/s]
[chunk] retrieving
[embed] encoding 500 texts on device=cuda:0

Batches:   0%|          | 0/8 [00:00<?, ?it/s]
Batches:  38%|███▊      | 3/8 [00:00<00:00, 26.29it/s]
Batches:  88%|████████▊ | 7/8 [00:00<00:00, 30.75it/s]
Batches: 100%|██████████| 8/8 [00:00<00:00, 31.55it/s]
[density] retrieving ACE graph
[ace] building evidence graph
[ace] graph built: nodes=49827 edges=76647
[ace] fitting/indexing embeddings
[embed] encoding 44894 texts on device=cuda:0

Batches:   0%|          | 0/702 [00:00<?, ?it/s]
Batches:   0%|          | 1/702 [00:00<05:41,  2.05it/s]
Batches:   0%|          | 2/702 [00:00<03:30,  3.33it/s]
Batches:   0%|          | 3/702 [00:00<02:31,  4.62it/s]
Batches:   1%|          | 4/702 [00:00<02:02,  5.69it/s]
Batches:   1%|          | 5/702 [00:00<01:45,  6.60it/s]
Batches:   1%|          | 6/702 [00:01<01:35,  7.30it/s]
Batches:   1%|          | 7/702 [00:01<01:28,  7.90it/s]
Batches:   1%|▏         | 9/702 [00:01<01:19,  8.70it/s]
Batches:   1%|▏         | 10/702 [00:01<01:18,  8.76it/s]
Batches:   2%|▏         | 12/702 [00:01<01:17,  8.92it/s]
Batches:   2%|▏         | 14/702 [00:01<01:13,  9.31it/s]
Batches:   2%|▏         | 15/702 [00:02<01:13,  9.31it/s]
Batches:   2%|▏         | 17/702 [00:02<01:07, 10.19it/s]
Batches:   3%|▎         | 19/702 [00:02<01:04, 10.55it/s]
Batches:   3%|▎         | 21/702 [00:02<01:00, 11.18it/s]
Batches:   3%|▎         | 23/702 [00:02<00:59, 11.45it/s]
Batches:   4%|▎         | 25/702 [00:02<00:58, 11.60it/s]
Batches:   4%|▍         | 27/702 [00:03<00:58, 11.59it/s]
Batches:   4%|▍         | 29/702 [00:03<00:58, 11.59it/s]
Batches:   4%|▍         | 31/702 [00:03<00:56, 11.98it/s]
Batches:   5%|▍         | 33/702 [00:03<00:56, 11.80it/s]
Batches:   5%|▍         | 35/702 [00:03<00:55, 12.00it/s]
Batches:   5%|▌         | 37/702 [00:03<00:56, 11.84it/s]
Batches:   6%|▌         | 39/702 [00:04<00:52, 12.60it/s]
Batches:   6%|▌         | 41/702 [00:04<00:53, 12.37it/s]
Batches:   6%|▌         | 43/702 [00:04<00:50, 13.13it/s]
Batches:   6%|▋         | 45/702 [00:04<00:49, 13.35it/s]
Batches:   7%|▋         | 47/702 [00:04<00:46, 14.00it/s]
Batches:   7%|▋         | 49/702 [00:04<00:44, 14.51it/s]
Batches:   7%|▋         | 51/702 [00:04<00:45, 14.46it/s]
Batches:   8%|▊         | 53/702 [00:04<00:43, 14.82it/s]
Batches:   8%|▊         | 55/702 [00:05<00:42, 15.21it/s]
Batches:   8%|▊         | 57/702 [00:05<00:42, 15.07it/s]
Batches:   8%|▊         | 59/702 [00:05<00:42, 15.28it/s]
Batches:   9%|▊         | 61/702 [00:05<00:40, 15.84it/s]
Batches:   9%|▉         | 63/702 [00:05<00:40, 15.92it/s]
Batches:   9%|▉         | 65/702 [00:05<00:39, 16.23it/s]
Batches:  10%|▉         | 67/702 [00:05<00:38, 16.48it/s]
Batches:  10%|▉         | 69/702 [00:05<00:37, 16.81it/s]
Batches:  10%|█         | 71/702 [00:06<00:37, 17.02it/s]
Batches:  10%|█         | 73/702 [00:06<00:36, 17.25it/s]
Batches:  11%|█         | 75/702 [00:06<00:37, 16.93it/s]
Batches:  11%|█         | 77/702 [00:06<00:38, 16.33it/s]
Batches:  11%|█▏        | 79/702 [00:06<00:39, 15.61it/s]
Batches:  12%|█▏        | 81/702 [00:06<00:37, 16.57it/s]
Batches:  12%|█▏        | 83/702 [00:06<00:37, 16.47it/s]
Batches:  12%|█▏        | 85/702 [00:06<00:35, 17.26it/s]
Batches:  13%|█▎        | 88/702 [00:07<00:33, 18.17it/s]
Batches:  13%|█▎        | 90/702 [00:07<00:35, 17.48it/s]
Batches:  13%|█▎        | 92/702 [00:07<00:34, 17.93it/s]
Batches:  13%|█▎        | 94/702 [00:07<00:33, 18.06it/s]
Batches:  14%|█▎        | 96/702 [00:07<00:35, 17.23it/s]
Batches:  14%|█▍        | 98/702 [00:07<00:33, 17.85it/s]
Batches:  14%|█▍        | 100/702 [00:07<00:33, 17.89it/s]
Batches:  15%|█▍        | 103/702 [00:07<00:32, 18.59it/s]
Batches:  15%|█▌        | 106/702 [00:08<00:31, 18.89it/s]
Batches:  15%|█▌        | 108/702 [00:08<00:31, 18.57it/s]
Batches:  16%|█▌        | 111/702 [00:08<00:31, 19.06it/s]
Batches:  16%|█▌        | 113/702 [00:08<00:31, 18.57it/s]
Batches:  17%|█▋        | 116/702 [00:08<00:30, 18.98it/s]
Batches:  17%|█▋        | 119/702 [00:08<00:29, 19.57it/s]
Batches:  17%|█▋        | 121/702 [00:08<00:29, 19.54it/s]
Batches:  18%|█▊        | 124/702 [00:08<00:28, 19.96it/s]
Batches:  18%|█▊        | 127/702 [00:09<00:28, 19.98it/s]
Batches:  19%|█▊        | 130/702 [00:09<00:28, 20.29it/s]
Batches:  19%|█▉        | 133/702 [00:09<00:27, 20.73it/s]
Batches:  19%|█▉        | 136/702 [00:09<00:27, 20.90it/s]
Batches:  20%|█▉        | 139/702 [00:09<00:27, 20.63it/s]
Batches:  20%|██        | 142/702 [00:09<00:26, 20.80it/s]
Batches:  21%|██        | 145/702 [00:09<00:26, 20.81it/s]
Batches:  21%|██        | 148/702 [00:10<00:26, 20.88it/s]
Batches:  22%|██▏       | 151/702 [00:10<00:26, 20.85it/s]
Batches:  22%|██▏       | 154/702 [00:10<00:26, 20.96it/s]
Batches:  22%|██▏       | 157/702 [00:10<00:25, 21.36it/s]
Batches:  23%|██▎       | 160/702 [00:10<00:24, 21.72it/s]
Batches:  23%|██▎       | 163/702 [00:10<00:24, 22.43it/s]
Batches:  24%|██▎       | 166/702 [00:10<00:23, 23.06it/s]
Batches:  24%|██▍       | 169/702 [00:11<00:23, 22.44it/s]
Batches:  25%|██▍       | 172/702 [00:11<00:23, 22.60it/s]
Batches:  25%|██▍       | 175/702 [00:11<00:22, 22.95it/s]
Batches:  25%|██▌       | 178/702 [00:11<00:22, 23.39it/s]
Batches:  26%|██▌       | 181/702 [00:11<00:22, 23.33it/s]
Batches:  26%|██▌       | 184/702 [00:11<00:21, 23.60it/s]
Batches:  27%|██▋       | 187/702 [00:11<00:21, 24.16it/s]
Batches:  27%|██▋       | 190/702 [00:11<00:21, 24.23it/s]
Batches:  27%|██▋       | 193/702 [00:12<00:21, 24.16it/s]
Batches:  28%|██▊       | 196/702 [00:12<00:20, 24.54it/s]
Batches:  28%|██▊       | 199/702 [00:12<00:20, 24.48it/s]
Batches:  29%|██▉       | 202/702 [00:12<00:20, 24.02it/s]
Batches:  29%|██▉       | 205/702 [00:12<00:20, 24.78it/s]
Batches:  30%|██▉       | 208/702 [00:12<00:19, 25.61it/s]
Batches:  30%|███       | 211/702 [00:12<00:19, 24.98it/s]
Batches:  30%|███       | 214/702 [00:12<00:19, 25.22it/s]
Batches:  31%|███       | 217/702 [00:13<00:19, 25.05it/s]
Batches:  31%|███▏      | 220/702 [00:13<00:18, 25.49it/s]
Batches:  32%|███▏      | 223/702 [00:13<00:18, 26.15it/s]
Batches:  32%|███▏      | 226/702 [00:13<00:18, 25.96it/s]
Batches:  33%|███▎      | 229/702 [00:13<00:17, 26.48it/s]
Batches:  33%|███▎      | 232/702 [00:13<00:17, 26.52it/s]
Batches:  33%|███▎      | 235/702 [00:13<00:17, 27.27it/s]
Batches:  34%|███▍      | 238/702 [00:13<00:16, 28.00it/s]
Batches:  34%|███▍      | 241/702 [00:13<00:16, 28.22it/s]
Batches:  35%|███▍      | 244/702 [00:13<00:16, 28.60it/s]
Batches:  35%|███▌      | 248/702 [00:14<00:15, 29.31it/s]
Batches:  36%|███▌      | 251/702 [00:14<00:15, 29.04it/s]
Batches:  36%|███▋      | 255/702 [00:14<00:15, 29.57it/s]
Batches:  37%|███▋      | 259/702 [00:14<00:14, 30.35it/s]
Batches:  37%|███▋      | 263/702 [00:14<00:14, 30.30it/s]
Batches:  38%|███▊      | 267/702 [00:14<00:14, 30.38it/s]
Batches:  39%|███▊      | 271/702 [00:14<00:14, 29.23it/s]
Batches:  39%|███▉      | 275/702 [00:15<00:13, 30.64it/s]
Batches:  40%|███▉      | 279/702 [00:15<00:13, 31.55it/s]
Batches:  40%|████      | 283/702 [00:15<00:12, 32.76it/s]
Batches:  41%|████      | 287/702 [00:15<00:12, 32.71it/s]
Batches:  41%|████▏     | 291/702 [00:15<00:12, 32.84it/s]
Batches:  42%|████▏     | 295/702 [00:15<00:11, 34.05it/s]
Batches:  43%|████▎     | 300/702 [00:15<00:11, 36.49it/s]
Batches:  43%|████▎     | 304/702 [00:15<00:10, 36.88it/s]
Batches:  44%|████▍     | 309/702 [00:15<00:09, 39.48it/s]
Batches:  45%|████▍     | 314/702 [00:16<00:09, 40.78it/s]
Batches:  45%|████▌     | 319/702 [00:16<00:09, 42.00it/s]
Batches:  46%|████▌     | 324/702 [00:16<00:08, 42.99it/s]
Batches:  47%|████▋     | 330/702 [00:16<00:08, 45.88it/s]
Batches:  48%|████▊     | 336/702 [00:16<00:07, 49.16it/s]
Batches:  49%|████▉     | 343/702 [00:16<00:06, 53.07it/s]
Batches:  50%|████▉     | 350/702 [00:16<00:06, 55.74it/s]
Batches:  51%|█████     | 357/702 [00:16<00:05, 58.69it/s]
Batches:  52%|█████▏    | 364/702 [00:16<00:05, 61.22it/s]
Batches:  53%|█████▎    | 372/702 [00:17<00:05, 64.83it/s]
Batches:  54%|█████▍    | 380/702 [00:17<00:04, 67.41it/s]
Batches:  55%|█████▌    | 387/702 [00:17<00:04, 67.04it/s]
Batches:  56%|█████▋    | 395/702 [00:17<00:04, 68.15it/s]
Batches:  57%|█████▋    | 403/702 [00:17<00:04, 68.66it/s]
Batches:  59%|█████▊    | 411/702 [00:17<00:04, 71.73it/s]
Batches:  60%|█████▉    | 419/702 [00:17<00:03, 73.61it/s]
Batches:  61%|██████    | 427/702 [00:17<00:03, 72.74it/s]
Batches:  62%|██████▏   | 435/702 [00:17<00:03, 73.82it/s]
Batches:  63%|██████▎   | 444/702 [00:17<00:03, 76.48it/s]
Batches:  64%|██████▍   | 452/702 [00:18<00:03, 76.82it/s]
Batches:  66%|██████▌   | 461/702 [00:18<00:03, 78.10it/s]
Batches:  67%|██████▋   | 469/702 [00:18<00:02, 78.37it/s]
Batches:  68%|██████▊   | 477/702 [00:18<00:02, 78.75it/s]
Batches:  69%|██████▉   | 486/702 [00:18<00:02, 80.44it/s]
Batches:  71%|███████   | 495/702 [00:18<00:02, 82.16it/s]
Batches:  72%|███████▏  | 505/702 [00:18<00:02, 84.44it/s]
Batches:  73%|███████▎  | 514/702 [00:18<00:02, 85.28it/s]
Batches:  75%|███████▍  | 523/702 [00:18<00:02, 85.65it/s]
Batches:  76%|███████▌  | 532/702 [00:19<00:01, 86.29it/s]
Batches:  77%|███████▋  | 542/702 [00:19<00:01, 88.21it/s]
Batches:  79%|███████▊  | 552/702 [00:19<00:01, 90.12it/s]
Batches:  80%|████████  | 562/702 [00:19<00:01, 92.06it/s]
Batches:  81%|████████▏ | 572/702 [00:19<00:01, 92.69it/s]
Batches:  83%|████████▎ | 582/702 [00:19<00:01, 93.59it/s]
Batches:  84%|████████▍ | 592/702 [00:19<00:01, 94.00it/s]
Batches:  86%|████████▌ | 602/702 [00:19<00:01, 95.09it/s]
Batches:  87%|████████▋ | 612/702 [00:19<00:00, 96.08it/s]
Batches:  89%|████████▊ | 622/702 [00:19<00:00, 96.12it/s]
Batches:  90%|█████████ | 632/702 [00:20<00:00, 96.55it/s]
Batches:  92%|█████████▏| 643/702 [00:20<00:00, 97.71it/s]
Batches:  93%|█████████▎| 654/702 [00:20<00:00, 98.68it/s]
Batches:  95%|█████████▍| 665/702 [00:20<00:00, 99.48it/s]
Batches:  96%|█████████▌| 675/702 [00:20<00:00, 98.37it/s]
Batches:  98%|█████████▊| 685/702 [00:20<00:00, 97.69it/s]
Batches:  99%|█████████▉| 695/702 [00:20<00:00, 97.47it/s]
Batches: 100%|██████████| 702/702 [00:20<00:00, 33.75it/s]
[ace] retrieving
[embed] encoding 500 texts on device=cuda:0

Batches:   0%|          | 0/8 [00:00<?, ?it/s]
Batches:  38%|███▊      | 3/8 [00:00<00:00, 25.82it/s]
Batches:  88%|████████▊ | 7/8 [00:00<00:00, 30.15it/s]
Batches: 100%|██████████| 8/8 [00:00<00:00, 30.95it/s]
[density] loading reader once
`torch_dtype` is deprecated! Use `dtype` instead!

Fetching 8 files:   0%|          | 0/8 [00:00<?, ?it/s]
Fetching 8 files:  12%|█▎        | 1/8 [01:44<12:11, 104.50s/it]
Fetching 8 files:  25%|██▌       | 2/8 [01:57<05:04, 50.81s/it]
Fetching 8 files:  50%|█████     | 4/8 [02:09<01:30, 22.51s/it]
Fetching 8 files: 100%|██████████| 8/8 [02:09<00:00, 16.13s/it]

Loading checkpoint shards:   0%|          | 0/8 [00:00<?, ?it/s]
Loading checkpoint shards:  12%|█▎        | 1/8 [00:19<02:13, 19.11s/it]
Loading checkpoint shards:  25%|██▌       | 2/8 [00:58<03:05, 30.95s/it]
Loading checkpoint shards:  38%|███▊      | 3/8 [01:29<02:34, 30.88s/it]
Loading checkpoint shards:  50%|█████     | 4/8 [02:11<02:21, 35.26s/it]
Loading checkpoint shards:  62%|██████▎   | 5/8 [02:41<01:40, 33.50s/it]
Loading checkpoint shards:  75%|███████▌  | 6/8 [03:00<00:56, 28.49s/it]
Loading checkpoint shards:  88%|████████▊ | 7/8 [03:38<00:31, 31.70s/it]
Loading checkpoint shards: 100%|██████████| 8/8 [03:47<00:00, 24.36s/it]
Loading checkpoint shards: 100%|██████████| 8/8 [03:47<00:00, 28.40s/it]
[reader] loaded Qwen/Qwen2.5-14B-Instruct (device_map=auto, 4bit=True) entry=cuda:0
[density] materializing policy=chunk_packed_160
[density] generating policy=chunk_packed_160
The following generation flags are not valid and may be ignored: ['temperature', 'top_p', 'top_k']. Set `TRANSFORMERS_VERBOSITY=info` for more details.
[reader] generated 1/500
[reader] generated 2/500
[reader] generated 3/500
[reader] generated 4/500
[reader] generated 5/500
[reader] generated 6/500
[reader] generated 7/500
[reader] generated 8/500
[reader] generated 9/500
[reader] generated 10/500
[reader] generated 11/500
[reader] generated 12/500
[reader] generated 13/500
[reader] generated 14/500
[reader] generated 15/500
[reader] generated 16/500
[reader] generated 17/500
[reader] generated 18/500
[reader] generated 19/500
[reader] generated 20/500
[reader] generated 21/500
[reader] generated 22/500
[reader] generated 23/500
[reader] generated 24/500
[reader] generated 25/500
[reader] generated 26/500
[reader] generated 27/500
[reader] generated 28/500
[reader] generated 29/500
[reader] generated 30/500
[reader] generated 31/500
[reader] generated 32/500
[reader] generated 33/500
[reader] generated 34/500
[reader] generated 35/500
[reader] generated 36/500
[reader] generated 37/500
[reader] generated 38/500
[reader] generated 39/500
[reader] generated 40/500
[reader] generated 41/500
[reader] generated 42/500
[reader] generated 43/500
[reader] generated 44/500
[reader] generated 45/500
[reader] generated 46/500
[reader] generated 47/500
[reader] generated 48/500
[reader] generated 49/500
[reader] generated 50/500
[reader] generated 51/500
[reader] generated 52/500
[reader] generated 53/500
[reader] generated 54/500
[reader] generated 55/500
[reader] generated 56/500
[reader] generated 57/500
[reader] generated 58/500
[reader] generated 59/500
[reader] generated 60/500
[reader] generated 61/500
[reader] generated 62/500
[reader] generated 63/500
[reader] generated 64/500
[reader] generated 65/500
[reader] generated 66/500
[reader] generated 67/500
[reader] generated 68/500
[reader] generated 69/500
[reader] generated 70/500
[reader] generated 71/500
[reader] generated 72/500
[reader] generated 73/500
[reader] generated 74/500
[reader] generated 75/500
[reader] generated 76/500
[reader] generated 77/500
[reader] generated 78/500
[reader] generated 79/500
[reader] generated 80/500
[reader] generated 81/500
[reader] generated 82/500
[reader] generated 83/500
[reader] generated 84/500
[reader] generated 85/500
[reader] generated 86/500
[reader] generated 87/500
[reader] generated 88/500
[reader] generated 89/500
[reader] generated 90/500
[reader] generated 91/500
[reader] generated 92/500
[reader] generated 93/500
[reader] generated 94/500
[reader] generated 95/500
[reader] generated 96/500
[reader] generated 97/500
[reader] generated 98/500
[reader] generated 99/500
[reader] generated 100/500
[reader] generated 101/500
[reader] generated 102/500
[reader] generated 103/500
[reader] generated 104/500
[reader] generated 105/500
[reader] generated 106/500
[reader] generated 107/500
[reader] generated 108/500
[reader] generated 109/500
[reader] generated 110/500
[reader] generated 111/500
[reader] generated 112/500
[reader] generated 113/500
[reader] generated 114/500
[reader] generated 115/500
[reader] generated 116/500
[reader] generated 117/500
[reader] generated 118/500
[reader] generated 119/500
[reader] generated 120/500
[reader] generated 121/500
[reader] generated 122/500
[reader] generated 123/500
[reader] generated 124/500
[reader] generated 125/500
[reader] generated 126/500
[reader] generated 127/500
[reader] generated 128/500
[reader] generated 129/500
[reader] generated 130/500
[reader] generated 131/500
[reader] generated 132/500
[reader] generated 133/500
[reader] generated 134/500
[reader] generated 135/500
[reader] generated 136/500
[reader] generated 137/500
[reader] generated 138/500
[reader] generated 139/500
[reader] generated 140/500
[reader] generated 141/500
[reader] generated 142/500
[reader] generated 143/500
[reader] generated 144/500
[reader] generated 145/500
[reader] generated 146/500
[reader] generated 147/500
[reader] generated 148/500
[reader] generated 149/500
[reader] generated 150/500
[reader] generated 151/500
[reader] generated 152/500
[reader] generated 153/500
[reader] generated 154/500
[reader] generated 155/500
[reader] generated 156/500
[reader] generated 157/500
[reader] generated 158/500
[reader] generated 159/500
[reader] generated 160/500
[reader] generated 161/500
[reader] generated 162/500
[reader] generated 163/500
[reader] generated 164/500
[reader] generated 165/500
[reader] generated 166/500
[reader] generated 167/500
[reader] generated 168/500
[reader] generated 169/500
[reader] generated 170/500
[reader] generated 171/500
[reader] generated 172/500
[reader] generated 173/500
[reader] generated 174/500
[reader] generated 175/500
[reader] generated 176/500
[reader] generated 177/500
[reader] generated 178/500
[reader] generated 179/500
[reader] generated 180/500
[reader] generated 181/500
[reader] generated 182/500
[reader] generated 183/500
[reader] generated 184/500
[reader] generated 185/500
[reader] generated 186/500
[reader] generated 187/500
[reader] generated 188/500
[reader] generated 189/500
[reader] generated 190/500
[reader] generated 191/500
[reader] generated 192/500
[reader] generated 193/500
[reader] generated 194/500
[reader] generated 195/500
[reader] generated 196/500
[reader] generated 197/500
[reader] generated 198/500
[reader] generated 199/500
[reader] generated 200/500
[reader] generated 201/500
[reader] generated 202/500
[reader] generated 203/500
[reader] generated 204/500
[reader] generated 205/500
[reader] generated 206/500
[reader] generated 207/500
[reader] generated 208/500
[reader] generated 209/500
[reader] generated 210/500
[reader] generated 211/500
[reader] generated 212/500
[reader] generated 213/500
[reader] generated 214/500
[reader] generated 215/500
[reader] generated 216/500
[reader] generated 217/500
[reader] generated 218/500
[reader] generated 219/500
[reader] generated 220/500
[reader] generated 221/500
[reader] generated 222/500
[reader] generated 223/500
[reader] generated 224/500
[reader] generated 225/500
[reader] generated 226/500
[reader] generated 227/500
[reader] generated 228/500
[reader] generated 229/500
[reader] generated 230/500
[reader] generated 231/500
[reader] generated 232/500
[reader] generated 233/500
[reader] generated 234/500
[reader] generated 235/500
[reader] generated 236/500
[reader] generated 237/500
[reader] generated 238/500
[reader] generated 239/500
[reader] generated 240/500
[reader] generated 241/500
[reader] generated 242/500
[reader] generated 243/500
[reader] generated 244/500
[reader] generated 245/500
[reader] generated 246/500
[reader] generated 247/500
[reader] generated 248/500
[reader] generated 249/500
[reader] generated 250/500
[reader] generated 251/500
[reader] generated 252/500
[reader] generated 253/500
[reader] generated 254/500
[reader] generated 255/500
[reader] generated 256/500
[reader] generated 257/500
[reader] generated 258/500
[reader] generated 259/500
[reader] generated 260/500
[reader] generated 261/500
[reader] generated 262/500
[reader] generated 263/500
[reader] generated 264/500
[reader] generated 265/500
[reader] generated 266/500
[reader] generated 267/500
[reader] generated 268/500
[reader] generated 269/500
[reader] generated 270/500
[reader] generated 271/500
[reader] generated 272/500
[reader] generated 273/500
[reader] generated 274/500
[reader] generated 275/500
[reader] generated 276/500
[reader] generated 277/500
[reader] generated 278/500
[reader] generated 279/500
[reader] generated 280/500
[reader] generated 281/500
[reader] generated 282/500
[reader] generated 283/500
[reader] generated 284/500
[reader] generated 285/500
[reader] generated 286/500
[reader] generated 287/500
[reader] generated 288/500
[reader] generated 289/500
[reader] generated 290/500
[reader] generated 291/500
[reader] generated 292/500
[reader] generated 293/500
[reader] generated 294/500
[reader] generated 295/500
[reader] generated 296/500
[reader] generated 297/500
[reader] generated 298/500
[reader] generated 299/500
[reader] generated 300/500
[reader] generated 301/500
[reader] generated 302/500
[reader] generated 303/500
[reader] generated 304/500
[reader] generated 305/500
[reader] generated 306/500
[reader] generated 307/500
[reader] generated 308/500
[reader] generated 309/500
[reader] generated 310/500
[reader] generated 311/500
[reader] generated 312/500
[reader] generated 313/500
[reader] generated 314/500
[reader] generated 315/500
[reader] generated 316/500
[reader] generated 317/500
[reader] generated 318/500
[reader] generated 319/500
[reader] generated 320/500
[reader] generated 321/500
[reader] generated 322/500
[reader] generated 323/500
[reader] generated 324/500
[reader] generated 325/500
[reader] generated 326/500
[reader] generated 327/500
[reader] generated 328/500
[reader] generated 329/500
[reader] generated 330/500
[reader] generated 331/500
[reader] generated 332/500
[reader] generated 333/500
[reader] generated 334/500
[reader] generated 335/500
[reader] generated 336/500
[reader] generated 337/500
[reader] generated 338/500
[reader] generated 339/500
[reader] generated 340/500
[reader] generated 341/500
[reader] generated 342/500
[reader] generated 343/500
[reader] generated 344/500
[reader] generated 345/500
[reader] generated 346/500
[reader] generated 347/500
[reader] generated 348/500
[reader] generated 349/500
[reader] generated 350/500
[reader] generated 351/500
[reader] generated 352/500
[reader] generated 353/500
[reader] generated 354/500
[reader] generated 355/500
[reader] generated 356/500
[reader] generated 357/500
[reader] generated 358/500
[reader] generated 359/500
[reader] generated 360/500
[reader] generated 361/500
[reader] generated 362/500
[reader] generated 363/500
[reader] generated 364/500
[reader] generated 365/500
[reader] generated 366/500
[reader] generated 367/500
[reader] generated 368/500
[reader] generated 369/500
[reader] generated 370/500
[reader] generated 371/500
[reader] generated 372/500
[reader] generated 373/500
[reader] generated 374/500
[reader] generated 375/500
[reader] generated 376/500
[reader] generated 377/500
[reader] generated 378/500
[reader] generated 379/500
[reader] generated 380/500
[reader] generated 381/500
[reader] generated 382/500
[reader] generated 383/500
[reader] generated 384/500
[reader] generated 385/500
[reader] generated 386/500
[reader] generated 387/500
[reader] generated 388/500
[reader] generated 389/500
[reader] generated 390/500
[reader] generated 391/500
[reader] generated 392/500
[reader] generated 393/500
[reader] generated 394/500
[reader] generated 395/500
[reader] generated 396/500
[reader] generated 397/500
[reader] generated 398/500
[reader] generated 399/500
[reader] generated 400/500
[reader] generated 401/500
[reader] generated 402/500
[reader] generated 403/500
[reader] generated 404/500
[reader] generated 405/500
[reader] generated 406/500
[reader] generated 407/500
[reader] generated 408/500
[reader] generated 409/500
[reader] generated 410/500
[reader] generated 411/500
[reader] generated 412/500
[reader] generated 413/500
[reader] generated 414/500
[reader] generated 415/500
[reader] generated 416/500
[reader] generated 417/500
[reader] generated 418/500
[reader] generated 419/500
[reader] generated 420/500
[reader] generated 421/500
[reader] generated 422/500
[reader] generated 423/500
[reader] generated 424/500
[reader] generated 425/500
[reader] generated 426/500
[reader] generated 427/500
[reader] generated 428/500
[reader] generated 429/500
[reader] generated 430/500
[reader] generated 431/500
[reader] generated 432/500
[reader] generated 433/500
[reader] generated 434/500
[reader] generated 435/500
[reader] generated 436/500
[reader] generated 437/500
[reader] generated 438/500
[reader] generated 439/500
[reader] generated 440/500
[reader] generated 441/500
[reader] generated 442/500
[reader] generated 443/500
[reader] generated 444/500
[reader] generated 445/500
[reader] generated 446/500
[reader] generated 447/500
[reader] generated 448/500
[reader] generated 449/500
[reader] generated 450/500
[reader] generated 451/500
[reader] generated 452/500
[reader] generated 453/500
[reader] generated 454/500
[reader] generated 455/500
[reader] generated 456/500
[reader] generated 457/500
[reader] generated 458/500
[reader] generated 459/500
[reader] generated 460/500
[reader] generated 461/500
[reader] generated 462/500
[reader] generated 463/500
[reader] generated 464/500
[reader] generated 465/500
[reader] generated 466/500
[reader] generated 467/500
[reader] generated 468/500
[reader] generated 469/500
[reader] generated 470/500
[reader] generated 471/500
[reader] generated 472/500
[reader] generated 473/500
[reader] generated 474/500
[reader] generated 475/500
[reader] generated 476/500
[reader] generated 477/500
[reader] generated 478/500
[reader] generated 479/500
[reader] generated 480/500
[reader] generated 481/500
[reader] generated 482/500
[reader] generated 483/500
[reader] generated 484/500
[reader] generated 485/500
[reader] generated 486/500
[reader] generated 487/500
[reader] generated 488/500
[reader] generated 489/500
[reader] generated 490/500
[reader] generated 491/500
[reader] generated 492/500
[reader] generated 493/500
[reader] generated 494/500
[reader] generated 495/500
[reader] generated 496/500
[reader] generated 497/500
[reader] generated 498/500
[reader] generated 499/500
[reader] generated 500/500
[density] policy=chunk_packed_160, router_type=fixed, representation=chunk, packer=packed, reader_model=Qwen/Qwen2.5-14B-Instruct, packed_token_budget=160, recall@1=0.438, all_gold@1=0.0, recall@2=0.723, all_gold@2=0.498, recall@5=0.874, all_gold@5=0.758, qwen_em=0.294, qwen_f1=0.3867, avg_reader_evidence_tokens=151.31, mean_ans_in_context=0.59, mean_gold_token_density=0.4001, mean_gold_doc_reader_cov=0.685, mean_all_gold_reader=0.448, mean_distractor_docs=2.006, mean_context_tokens=151.314, mean_n_snippets=3.484
[density] materializing policy=chunk_focused_160
[density] generating policy=chunk_focused_160
[reader] generated 1/500
[reader] generated 2/500
[reader] generated 3/500
[reader] generated 4/500
[reader] generated 5/500
[reader] generated 6/500
[reader] generated 7/500
[reader] generated 8/500
[reader] generated 9/500
[reader] generated 10/500
[reader] generated 11/500
[reader] generated 12/500
[reader] generated 13/500
[reader] generated 14/500
[reader] generated 15/500
[reader] generated 16/500
[reader] generated 17/500
[reader] generated 18/500
[reader] generated 19/500
[reader] generated 20/500
[reader] generated 21/500
[reader] generated 22/500
[reader] generated 23/500
[reader] generated 24/500
[reader] generated 25/500
[reader] generated 26/500
[reader] generated 27/500
[reader] generated 28/500
[reader] generated 29/500
[reader] generated 30/500
[reader] generated 31/500
[reader] generated 32/500
[reader] generated 33/500
[reader] generated 34/500
[reader] generated 35/500
[reader] generated 36/500
[reader] generated 37/500
[reader] generated 38/500
[reader] generated 39/500
[reader] generated 40/500
[reader] generated 41/500
[reader] generated 42/500
[reader] generated 43/500
[reader] generated 44/500
[reader] generated 45/500
[reader] generated 46/500
[reader] generated 47/500
[reader] generated 48/500
[reader] generated 49/500
[reader] generated 50/500
[reader] generated 51/500
[reader] generated 52/500
[reader] generated 53/500
[reader] generated 54/500
[reader] generated 55/500
[reader] generated 56/500
[reader] generated 57/500
[reader] generated 58/500
[reader] generated 59/500
[reader] generated 60/500
[reader] generated 61/500
[reader] generated 62/500
[reader] generated 63/500
[reader] generated 64/500
[reader] generated 65/500
[reader] generated 66/500
[reader] generated 67/500
[reader] generated 68/500
[reader] generated 69/500
[reader] generated 70/500
[reader] generated 71/500
[reader] generated 72/500
[reader] generated 73/500
[reader] generated 74/500
[reader] generated 75/500
[reader] generated 76/500
[reader] generated 77/500
[reader] generated 78/500
[reader] generated 79/500
[reader] generated 80/500
[reader] generated 81/500
[reader] generated 82/500
[reader] generated 83/500
[reader] generated 84/500
[reader] generated 85/500
[reader] generated 86/500
[reader] generated 87/500
[reader] generated 88/500
[reader] generated 89/500
[reader] generated 90/500
[reader] generated 91/500
[reader] generated 92/500
[reader] generated 93/500
[reader] generated 94/500
[reader] generated 95/500
[reader] generated 96/500
[reader] generated 97/500
[reader] generated 98/500
[reader] generated 99/500
[reader] generated 100/500
[reader] generated 101/500
[reader] generated 102/500
[reader] generated 103/500
[reader] generated 104/500
[reader] generated 105/500
[reader] generated 106/500
[reader] generated 107/500
[reader] generated 108/500
[reader] generated 109/500
[reader] generated 110/500
[reader] generated 111/500
[reader] generated 112/500
[reader] generated 113/500
[reader] generated 114/500
[reader] generated 115/500
[reader] generated 116/500
[reader] generated 117/500
[reader] generated 118/500
[reader] generated 119/500
[reader] generated 120/500
[reader] generated 121/500
[reader] generated 122/500
[reader] generated 123/500
[reader] generated 124/500
[reader] generated 125/500
[reader] generated 126/500
[reader] generated 127/500
[reader] generated 128/500
[reader] generated 129/500
[reader] generated 130/500
[reader] generated 131/500
[reader] generated 132/500
[reader] generated 133/500
[reader] generated 134/500
[reader] generated 135/500
[reader] generated 136/500
[reader] generated 137/500
[reader] generated 138/500
[reader] generated 139/500
[reader] generated 140/500
[reader] generated 141/500
[reader] generated 142/500
[reader] generated 143/500
[reader] generated 144/500
[reader] generated 145/500
[reader] generated 146/500
[reader] generated 147/500
[reader] generated 148/500
[reader] generated 149/500
[reader] generated 150/500
[reader] generated 151/500
[reader] generated 152/500
[reader] generated 153/500
[reader] generated 154/500
[reader] generated 155/500
[reader] generated 156/500
[reader] generated 157/500
[reader] generated 158/500
[reader] generated 159/500
[reader] generated 160/500
[reader] generated 161/500
[reader] generated 162/500
[reader] generated 163/500
[reader] generated 164/500
[reader] generated 165/500
[reader] generated 166/500
[reader] generated 167/500
[reader] generated 168/500
[reader] generated 169/500
[reader] generated 170/500
[reader] generated 171/500
[reader] generated 172/500
[reader] generated 173/500
[reader] generated 174/500
[reader] generated 175/500
[reader] generated 176/500
[reader] generated 177/500
[reader] generated 178/500
[reader] generated 179/500
[reader] generated 180/500
[reader] generated 181/500
[reader] generated 182/500
[reader] generated 183/500
[reader] generated 184/500
[reader] generated 185/500
[reader] generated 186/500
[reader] generated 187/500
[reader] generated 188/500
[reader] generated 189/500
[reader] generated 190/500
[reader] generated 191/500
[reader] generated 192/500
[reader] generated 193/500
[reader] generated 194/500
[reader] generated 195/500
[reader] generated 196/500
[reader] generated 197/500
[reader] generated 198/500
[reader] generated 199/500
[reader] generated 200/500
[reader] generated 201/500
[reader] generated 202/500
[reader] generated 203/500
[reader] generated 204/500
[reader] generated 205/500
[reader] generated 206/500
[reader] generated 207/500
[reader] generated 208/500
[reader] generated 209/500
[reader] generated 210/500
[reader] generated 211/500
[reader] generated 212/500
[reader] generated 213/500
[reader] generated 214/500
[reader] generated 215/500
[reader] generated 216/500
[reader] generated 217/500
[reader] generated 218/500
[reader] generated 219/500
[reader] generated 220/500
[reader] generated 221/500
[reader] generated 222/500
[reader] generated 223/500
[reader] generated 224/500
[reader] generated 225/500
[reader] generated 226/500
[reader] generated 227/500
[reader] generated 228/500
[reader] generated 229/500
[reader] generated 230/500
[reader] generated 231/500
[reader] generated 232/500
[reader] generated 233/500
[reader] generated 234/500
[reader] generated 235/500
[reader] generated 236/500
[reader] generated 237/500
[reader] generated 238/500
[reader] generated 239/500
[reader] generated 240/500
[reader] generated 241/500
[reader] generated 242/500
[reader] generated 243/500
[reader] generated 244/500
[reader] generated 245/500
[reader] generated 246/500
[reader] generated 247/500
[reader] generated 248/500
[reader] generated 249/500
[reader] generated 250/500
[reader] generated 251/500
[reader] generated 252/500
[reader] generated 253/500
[reader] generated 254/500
[reader] generated 255/500
[reader] generated 256/500
[reader] generated 257/500
[reader] generated 258/500
[reader] generated 259/500
[reader] generated 260/500
[reader] generated 261/500
[reader] generated 262/500
[reader] generated 263/500
[reader] generated 264/500
[reader] generated 265/500
[reader] generated 266/500
[reader] generated 267/500
[reader] generated 268/500
[reader] generated 269/500
[reader] generated 270/500
[reader] generated 271/500
[reader] generated 272/500
[reader] generated 273/500
[reader] generated 274/500
[reader] generated 275/500
[reader] generated 276/500
[reader] generated 277/500
[reader] generated 278/500
[reader] generated 279/500
[reader] generated 280/500
[reader] generated 281/500
[reader] generated 282/500
[reader] generated 283/500
[reader] generated 284/500
[reader] generated 285/500
[reader] generated 286/500
[reader] generated 287/500
[reader] generated 288/500
[reader] generated 289/500
[reader] generated 290/500
[reader] generated 291/500
[reader] generated 292/500
[reader] generated 293/500
[reader] generated 294/500
[reader] generated 295/500
[reader] generated 296/500
[reader] generated 297/500
[reader] generated 298/500
[reader] generated 299/500
[reader] generated 300/500
[reader] generated 301/500
[reader] generated 302/500
[reader] generated 303/500
[reader] generated 304/500
[reader] generated 305/500
[reader] generated 306/500
[reader] generated 307/500
[reader] generated 308/500
[reader] generated 309/500
[reader] generated 310/500
[reader] generated 311/500
[reader] generated 312/500
[reader] generated 313/500
[reader] generated 314/500
[reader] generated 315/500
[reader] generated 316/500
[reader] generated 317/500
[reader] generated 318/500
[reader] generated 319/500
[reader] generated 320/500
[reader] generated 321/500
[reader] generated 322/500
[reader] generated 323/500
[reader] generated 324/500
[reader] generated 325/500
[reader] generated 326/500
[reader] generated 327/500
[reader] generated 328/500
[reader] generated 329/500
[reader] generated 330/500
[reader] generated 331/500
[reader] generated 332/500
[reader] generated 333/500
[reader] generated 334/500
[reader] generated 335/500
[reader] generated 336/500
[reader] generated 337/500
[reader] generated 338/500
[reader] generated 339/500
[reader] generated 340/500
[reader] generated 341/500
[reader] generated 342/500
[reader] generated 343/500
[reader] generated 344/500
[reader] generated 345/500
[reader] generated 346/500
[reader] generated 347/500
[reader] generated 348/500
[reader] generated 349/500
[reader] generated 350/500
[reader] generated 351/500
[reader] generated 352/500
[reader] generated 353/500
[reader] generated 354/500
[reader] generated 355/500
[reader] generated 356/500
[reader] generated 357/500
[reader] generated 358/500
[reader] generated 359/500
[reader] generated 360/500
[reader] generated 361/500
[reader] generated 362/500
[reader] generated 363/500
[reader] generated 364/500
[reader] generated 365/500
[reader] generated 366/500
[reader] generated 367/500
[reader] generated 368/500
[reader] generated 369/500
[reader] generated 370/500
[reader] generated 371/500
[reader] generated 372/500
[reader] generated 373/500
[reader] generated 374/500
[reader] generated 375/500
[reader] generated 376/500
[reader] generated 377/500
[reader] generated 378/500
[reader] generated 379/500
[reader] generated 380/500
[reader] generated 381/500
[reader] generated 382/500
[reader] generated 383/500
[reader] generated 384/500
[reader] generated 385/500
[reader] generated 386/500
[reader] generated 387/500
[reader] generated 388/500
[reader] generated 389/500
[reader] generated 390/500
[reader] generated 391/500
[reader] generated 392/500
[reader] generated 393/500
[reader] generated 394/500
[reader] generated 395/500
[reader] generated 396/500
[reader] generated 397/500
[reader] generated 398/500
[reader] generated 399/500
[reader] generated 400/500
[reader] generated 401/500
[reader] generated 402/500
[reader] generated 403/500
[reader] generated 404/500
[reader] generated 405/500
[reader] generated 406/500
[reader] generated 407/500
[reader] generated 408/500
[reader] generated 409/500
[reader] generated 410/500
[reader] generated 411/500
[reader] generated 412/500
[reader] generated 413/500
[reader] generated 414/500
[reader] generated 415/500
[reader] generated 416/500
[reader] generated 417/500
[reader] generated 418/500
[reader] generated 419/500
[reader] generated 420/500
[reader] generated 421/500
[reader] generated 422/500
[reader] generated 423/500
[reader] generated 424/500
[reader] generated 425/500
[reader] generated 426/500
[reader] generated 427/500
[reader] generated 428/500
[reader] generated 429/500
[reader] generated 430/500
[reader] generated 431/500
[reader] generated 432/500
[reader] generated 433/500
[reader] generated 434/500
[reader] generated 435/500
[reader] generated 436/500
[reader] generated 437/500
[reader] generated 438/500
[reader] generated 439/500
[reader] generated 440/500
[reader] generated 441/500
[reader] generated 442/500
[reader] generated 443/500
[reader] generated 444/500
[reader] generated 445/500
[reader] generated 446/500
[reader] generated 447/500
[reader] generated 448/500
[reader] generated 449/500
[reader] generated 450/500
[reader] generated 451/500
[reader] generated 452/500
[reader] generated 453/500
[reader] generated 454/500
[reader] generated 455/500
[reader] generated 456/500
[reader] generated 457/500
[reader] generated 458/500
[reader] generated 459/500
[reader] generated 460/500
[reader] generated 461/500
[reader] generated 462/500
[reader] generated 463/500
[reader] generated 464/500
[reader] generated 465/500
[reader] generated 466/500
[reader] generated 467/500
[reader] generated 468/500
[reader] generated 469/500
[reader] generated 470/500
[reader] generated 471/500
[reader] generated 472/500
[reader] generated 473/500
[reader] generated 474/500
[reader] generated 475/500
[reader] generated 476/500
[reader] generated 477/500
[reader] generated 478/500
[reader] generated 479/500
[reader] generated 480/500
[reader] generated 481/500
[reader] generated 482/500
[reader] generated 483/500
[reader] generated 484/500
[reader] generated 485/500
[reader] generated 486/500
[reader] generated 487/500
[reader] generated 488/500
[reader] generated 489/500
[reader] generated 490/500
[reader] generated 491/500
[reader] generated 492/500
[reader] generated 493/500
[reader] generated 494/500
[reader] generated 495/500
[reader] generated 496/500
[reader] generated 497/500
[reader] generated 498/500
[reader] generated 499/500
[reader] generated 500/500
[density] policy=chunk_focused_160, router_type=fixed, representation=chunk, packer=focused, reader_model=Qwen/Qwen2.5-14B-Instruct, packed_token_budget=160, recall@1=0.438, all_gold@1=0.0, recall@2=0.723, all_gold@2=0.498, recall@5=0.874, all_gold@5=0.758, qwen_em=0.356, qwen_f1=0.4588, avg_reader_evidence_tokens=152.28, mean_ans_in_context=0.632, mean_gold_token_density=0.5094, mean_gold_doc_reader_cov=0.733, mean_all_gold_reader=0.512, mean_distractor_docs=1.596, mean_context_tokens=152.282, mean_n_snippets=3.318
[density] materializing policy=chunk_mmr_160
[density] generating policy=chunk_mmr_160
[reader] generated 1/500
[reader] generated 2/500
[reader] generated 3/500
[reader] generated 4/500
[reader] generated 5/500
[reader] generated 6/500
[reader] generated 7/500
[reader] generated 8/500
[reader] generated 9/500
[reader] generated 10/500
[reader] generated 11/500
[reader] generated 12/500
[reader] generated 13/500
[reader] generated 14/500
[reader] generated 15/500
[reader] generated 16/500
[reader] generated 17/500
[reader] generated 18/500
[reader] generated 19/500
[reader] generated 20/500
[reader] generated 21/500
[reader] generated 22/500
[reader] generated 23/500
[reader] generated 24/500
[reader] generated 25/500
[reader] generated 26/500
[reader] generated 27/500
[reader] generated 28/500
[reader] generated 29/500
[reader] generated 30/500
[reader] generated 31/500
[reader] generated 32/500
[reader] generated 33/500
[reader] generated 34/500
[reader] generated 35/500
[reader] generated 36/500
[reader] generated 37/500
[reader] generated 38/500
[reader] generated 39/500
[reader] generated 40/500
[reader] generated 41/500
[reader] generated 42/500
[reader] generated 43/500
[reader] generated 44/500
[reader] generated 45/500
[reader] generated 46/500
[reader] generated 47/500
[reader] generated 48/500
[reader] generated 49/500
[reader] generated 50/500
[reader] generated 51/500
[reader] generated 52/500
[reader] generated 53/500
[reader] generated 54/500
[reader] generated 55/500
[reader] generated 56/500
[reader] generated 57/500
[reader] generated 58/500
[reader] generated 59/500
[reader] generated 60/500
[reader] generated 61/500
[reader] generated 62/500
[reader] generated 63/500
[reader] generated 64/500
[reader] generated 65/500
[reader] generated 66/500
[reader] generated 67/500
[reader] generated 68/500
[reader] generated 69/500
[reader] generated 70/500
[reader] generated 71/500
[reader] generated 72/500
[reader] generated 73/500
[reader] generated 74/500
[reader] generated 75/500
[reader] generated 76/500
[reader] generated 77/500
[reader] generated 78/500
[reader] generated 79/500
[reader] generated 80/500
[reader] generated 81/500
[reader] generated 82/500
[reader] generated 83/500
[reader] generated 84/500
[reader] generated 85/500
[reader] generated 86/500
[reader] generated 87/500
[reader] generated 88/500
[reader] generated 89/500
[reader] generated 90/500
[reader] generated 91/500
[reader] generated 92/500
[reader] generated 93/500
[reader] generated 94/500
[reader] generated 95/500
[reader] generated 96/500
[reader] generated 97/500
[reader] generated 98/500
[reader] generated 99/500
[reader] generated 100/500
[reader] generated 101/500
[reader] generated 102/500
[reader] generated 103/500
[reader] generated 104/500
[reader] generated 105/500
[reader] generated 106/500
[reader] generated 107/500
[reader] generated 108/500
[reader] generated 109/500
[reader] generated 110/500
[reader] generated 111/500
[reader] generated 112/500
[reader] generated 113/500
[reader] generated 114/500
[reader] generated 115/500
[reader] generated 116/500
[reader] generated 117/500
[reader] generated 118/500
[reader] generated 119/500
[reader] generated 120/500
[reader] generated 121/500
[reader] generated 122/500
[reader] generated 123/500
[reader] generated 124/500
[reader] generated 125/500
[reader] generated 126/500
[reader] generated 127/500
[reader] generated 128/500
[reader] generated 129/500
[reader] generated 130/500
[reader] generated 131/500
[reader] generated 132/500
[reader] generated 133/500
[reader] generated 134/500
[reader] generated 135/500
[reader] generated 136/500
[reader] generated 137/500
[reader] generated 138/500
[reader] generated 139/500
[reader] generated 140/500
[reader] generated 141/500
[reader] generated 142/500
[reader] generated 143/500
[reader] generated 144/500
[reader] generated 145/500
[reader] generated 146/500
[reader] generated 147/500
[reader] generated 148/500
[reader] generated 149/500
[reader] generated 150/500
[reader] generated 151/500
[reader] generated 152/500
[reader] generated 153/500
[reader] generated 154/500
[reader] generated 155/500
[reader] generated 156/500
[reader] generated 157/500
[reader] generated 158/500
[reader] generated 159/500
[reader] generated 160/500
[reader] generated 161/500
[reader] generated 162/500
[reader] generated 163/500
[reader] generated 164/500
[reader] generated 165/500
[reader] generated 166/500
[reader] generated 167/500
[reader] generated 168/500
[reader] generated 169/500
[reader] generated 170/500
[reader] generated 171/500
[reader] generated 172/500
[reader] generated 173/500
[reader] generated 174/500
[reader] generated 175/500
[reader] generated 176/500
[reader] generated 177/500
[reader] generated 178/500
[reader] generated 179/500
[reader] generated 180/500
[reader] generated 181/500
[reader] generated 182/500
[reader] generated 183/500
[reader] generated 184/500
[reader] generated 185/500
[reader] generated 186/500
[reader] generated 187/500
[reader] generated 188/500
[reader] generated 189/500
[reader] generated 190/500
[reader] generated 191/500
[reader] generated 192/500
[reader] generated 193/500
[reader] generated 194/500
[reader] generated 195/500
[reader] generated 196/500
[reader] generated 197/500
[reader] generated 198/500
[reader] generated 199/500
[reader] generated 200/500
[reader] generated 201/500
[reader] generated 202/500
[reader] generated 203/500
[reader] generated 204/500
[reader] generated 205/500
[reader] generated 206/500
[reader] generated 207/500
[reader] generated 208/500
[reader] generated 209/500
[reader] generated 210/500
[reader] generated 211/500
[reader] generated 212/500
[reader] generated 213/500
[reader] generated 214/500
[reader] generated 215/500
[reader] generated 216/500
[reader] generated 217/500
[reader] generated 218/500
[reader] generated 219/500
[reader] generated 220/500
[reader] generated 221/500
[reader] generated 222/500
[reader] generated 223/500
[reader] generated 224/500
[reader] generated 225/500
[reader] generated 226/500
[reader] generated 227/500
[reader] generated 228/500
[reader] generated 229/500
[reader] generated 230/500
[reader] generated 231/500
[reader] generated 232/500
[reader] generated 233/500
[reader] generated 234/500
[reader] generated 235/500
[reader] generated 236/500
[reader] generated 237/500
[reader] generated 238/500
[reader] generated 239/500
[reader] generated 240/500
[reader] generated 241/500
[reader] generated 242/500
[reader] generated 243/500
[reader] generated 244/500
[reader] generated 245/500
[reader] generated 246/500
[reader] generated 247/500
[reader] generated 248/500
[reader] generated 249/500
[reader] generated 250/500
[reader] generated 251/500
[reader] generated 252/500
[reader] generated 253/500
[reader] generated 254/500
[reader] generated 255/500
[reader] generated 256/500
[reader] generated 257/500
[reader] generated 258/500
[reader] generated 259/500
[reader] generated 260/500
[reader] generated 261/500
[reader] generated 262/500
[reader] generated 263/500
[reader] generated 264/500
[reader] generated 265/500
[reader] generated 266/500
[reader] generated 267/500
[reader] generated 268/500
[reader] generated 269/500
[reader] generated 270/500
[reader] generated 271/500
[reader] generated 272/500
[reader] generated 273/500
[reader] generated 274/500
[reader] generated 275/500
[reader] generated 276/500
[reader] generated 277/500
[reader] generated 278/500
[reader] generated 279/500
[reader] generated 280/500
[reader] generated 281/500
[reader] generated 282/500
[reader] generated 283/500
[reader] generated 284/500
[reader] generated 285/500
[reader] generated 286/500
[reader] generated 287/500
[reader] generated 288/500
[reader] generated 289/500
[reader] generated 290/500
[reader] generated 291/500
[reader] generated 292/500
[reader] generated 293/500
[reader] generated 294/500
[reader] generated 295/500
[reader] generated 296/500
[reader] generated 297/500
[reader] generated 298/500
[reader] generated 299/500
[reader] generated 300/500
[reader] generated 301/500
[reader] generated 302/500
[reader] generated 303/500
[reader] generated 304/500
[reader] generated 305/500
[reader] generated 306/500
[reader] generated 307/500
[reader] generated 308/500
[reader] generated 309/500
[reader] generated 310/500
[reader] generated 311/500
[reader] generated 312/500
[reader] generated 313/500
[reader] generated 314/500
[reader] generated 315/500
[reader] generated 316/500
[reader] generated 317/500
[reader] generated 318/500
[reader] generated 319/500
[reader] generated 320/500
[reader] generated 321/500
[reader] generated 322/500
[reader] generated 323/500
[reader] generated 324/500
[reader] generated 325/500
[reader] generated 326/500
[reader] generated 327/500
[reader] generated 328/500
[reader] generated 329/500
[reader] generated 330/500
[reader] generated 331/500
[reader] generated 332/500
[reader] generated 333/500
[reader] generated 334/500
[reader] generated 335/500
[reader] generated 336/500
[reader] generated 337/500
[reader] generated 338/500
[reader] generated 339/500
[reader] generated 340/500
[reader] generated 341/500
[reader] generated 342/500
[reader] generated 343/500
[reader] generated 344/500
[reader] generated 345/500
[reader] generated 346/500
[reader] generated 347/500
[reader] generated 348/500
[reader] generated 349/500
[reader] generated 350/500
[reader] generated 351/500
[reader] generated 352/500
[reader] generated 353/500
[reader] generated 354/500
[reader] generated 355/500
[reader] generated 356/500
[reader] generated 357/500
[reader] generated 358/500
[reader] generated 359/500
[reader] generated 360/500
[reader] generated 361/500
[reader] generated 362/500
[reader] generated 363/500
[reader] generated 364/500
[reader] generated 365/500
[reader] generated 366/500
[reader] generated 367/500
[reader] generated 368/500
[reader] generated 369/500
[reader] generated 370/500
[reader] generated 371/500
[reader] generated 372/500
[reader] generated 373/500
[reader] generated 374/500
[reader] generated 375/500
[reader] generated 376/500
[reader] generated 377/500
[reader] generated 378/500
[reader] generated 379/500
[reader] generated 380/500
[reader] generated 381/500
[reader] generated 382/500
[reader] generated 383/500
[reader] generated 384/500
[reader] generated 385/500
[reader] generated 386/500
[reader] generated 387/500
[reader] generated 388/500
[reader] generated 389/500
[reader] generated 390/500
[reader] generated 391/500
[reader] generated 392/500
[reader] generated 393/500
[reader] generated 394/500
[reader] generated 395/500
[reader] generated 396/500
[reader] generated 397/500
[reader] generated 398/500
[reader] generated 399/500
[reader] generated 400/500
[reader] generated 401/500
[reader] generated 402/500
[reader] generated 403/500
[reader] generated 404/500
[reader] generated 405/500
[reader] generated 406/500
[reader] generated 407/500
[reader] generated 408/500
[reader] generated 409/500
[reader] generated 410/500
[reader] generated 411/500
[reader] generated 412/500
[reader] generated 413/500
[reader] generated 414/500
[reader] generated 415/500
[reader] generated 416/500
[reader] generated 417/500
[reader] generated 418/500
[reader] generated 419/500
[reader] generated 420/500
[reader] generated 421/500
[reader] generated 422/500
[reader] generated 423/500
[reader] generated 424/500
[reader] generated 425/500
[reader] generated 426/500
[reader] generated 427/500
[reader] generated 428/500
[reader] generated 429/500
[reader] generated 430/500
[reader] generated 431/500
[reader] generated 432/500
[reader] generated 433/500
[reader] generated 434/500
[reader] generated 435/500
[reader] generated 436/500
[reader] generated 437/500
[reader] generated 438/500
[reader] generated 439/500
[reader] generated 440/500
[reader] generated 441/500
[reader] generated 442/500
[reader] generated 443/500
[reader] generated 444/500
[reader] generated 445/500
[reader] generated 446/500
[reader] generated 447/500
[reader] generated 448/500
[reader] generated 449/500
[reader] generated 450/500
[reader] generated 451/500
[reader] generated 452/500
[reader] generated 453/500
[reader] generated 454/500
[reader] generated 455/500
[reader] generated 456/500
[reader] generated 457/500
[reader] generated 458/500
[reader] generated 459/500
[reader] generated 460/500
[reader] generated 461/500
[reader] generated 462/500
[reader] generated 463/500
[reader] generated 464/500
[reader] generated 465/500
[reader] generated 466/500
[reader] generated 467/500
[reader] generated 468/500
[reader] generated 469/500
[reader] generated 470/500
[reader] generated 471/500
[reader] generated 472/500
[reader] generated 473/500
[reader] generated 474/500
[reader] generated 475/500
[reader] generated 476/500
[reader] generated 477/500
[reader] generated 478/500
[reader] generated 479/500
[reader] generated 480/500
[reader] generated 481/500
[reader] generated 482/500
[reader] generated 483/500
[reader] generated 484/500
[reader] generated 485/500
[reader] generated 486/500
[reader] generated 487/500
[reader] generated 488/500
[reader] generated 489/500
[reader] generated 490/500
[reader] generated 491/500
[reader] generated 492/500
[reader] generated 493/500
[reader] generated 494/500
[reader] generated 495/500
[reader] generated 496/500
[reader] generated 497/500
[reader] generated 498/500
[reader] generated 499/500
[reader] generated 500/500
[density] policy=chunk_mmr_160, router_type=fixed, representation=chunk, packer=mmr, reader_model=Qwen/Qwen2.5-14B-Instruct, packed_token_budget=160, recall@1=0.438, all_gold@1=0.0, recall@2=0.723, all_gold@2=0.498, recall@5=0.874, all_gold@5=0.758, qwen_em=0.31, qwen_f1=0.4049, avg_reader_evidence_tokens=151.87, mean_ans_in_context=0.592, mean_gold_token_density=0.4927, mean_gold_doc_reader_cov=0.68, mean_all_gold_reader=0.418, mean_distractor_docs=1.57, mean_context_tokens=151.874, mean_n_snippets=3.354
[density] materializing policy=chunk_submod_160
[density] generating policy=chunk_submod_160
[reader] generated 1/500
[reader] generated 2/500
[reader] generated 3/500
[reader] generated 4/500
[reader] generated 5/500
[reader] generated 6/500
[reader] generated 7/500
[reader] generated 8/500
[reader] generated 9/500
[reader] generated 10/500
[reader] generated 11/500
[reader] generated 12/500
[reader] generated 13/500
[reader] generated 14/500
[reader] generated 15/500
[reader] generated 16/500
[reader] generated 17/500
[reader] generated 18/500
[reader] generated 19/500
[reader] generated 20/500
[reader] generated 21/500
[reader] generated 22/500
[reader] generated 23/500
[reader] generated 24/500
[reader] generated 25/500
[reader] generated 26/500
[reader] generated 27/500
[reader] generated 28/500
[reader] generated 29/500
[reader] generated 30/500
[reader] generated 31/500
[reader] generated 32/500
[reader] generated 33/500
[reader] generated 34/500
[reader] generated 35/500
[reader] generated 36/500
[reader] generated 37/500
[reader] generated 38/500
[reader] generated 39/500
[reader] generated 40/500
[reader] generated 41/500
[reader] generated 42/500
[reader] generated 43/500
[reader] generated 44/500
[reader] generated 45/500
[reader] generated 46/500
[reader] generated 47/500
[reader] generated 48/500
[reader] generated 49/500
[reader] generated 50/500
[reader] generated 51/500
[reader] generated 52/500
[reader] generated 53/500
[reader] generated 54/500
[reader] generated 55/500
[reader] generated 56/500
[reader] generated 57/500
[reader] generated 58/500
[reader] generated 59/500
[reader] generated 60/500
[reader] generated 61/500
[reader] generated 62/500
[reader] generated 63/500
[reader] generated 64/500
[reader] generated 65/500
[reader] generated 66/500
[reader] generated 67/500
[reader] generated 68/500
[reader] generated 69/500
[reader] generated 70/500
[reader] generated 71/500
[reader] generated 72/500
[reader] generated 73/500
[reader] generated 74/500
[reader] generated 75/500
[reader] generated 76/500
[reader] generated 77/500
[reader] generated 78/500
[reader] generated 79/500
[reader] generated 80/500
[reader] generated 81/500
[reader] generated 82/500
[reader] generated 83/500
[reader] generated 84/500
[reader] generated 85/500
[reader] generated 86/500
[reader] generated 87/500
[reader] generated 88/500
[reader] generated 89/500
[reader] generated 90/500
[reader] generated 91/500
[reader] generated 92/500
[reader] generated 93/500
[reader] generated 94/500
[reader] generated 95/500
[reader] generated 96/500
[reader] generated 97/500
[reader] generated 98/500
[reader] generated 99/500
[reader] generated 100/500
[reader] generated 101/500
[reader] generated 102/500
[reader] generated 103/500
[reader] generated 104/500
[reader] generated 105/500
[reader] generated 106/500
[reader] generated 107/500
[reader] generated 108/500
[reader] generated 109/500
[reader] generated 110/500
[reader] generated 111/500
[reader] generated 112/500
[reader] generated 113/500
[reader] generated 114/500
[reader] generated 115/500
[reader] generated 116/500
[reader] generated 117/500
[reader] generated 118/500
[reader] generated 119/500
[reader] generated 120/500
[reader] generated 121/500
[reader] generated 122/500
[reader] generated 123/500
[reader] generated 124/500
[reader] generated 125/500
[reader] generated 126/500
[reader] generated 127/500
[reader] generated 128/500
[reader] generated 129/500
[reader] generated 130/500
[reader] generated 131/500
[reader] generated 132/500
[reader] generated 133/500
[reader] generated 134/500
[reader] generated 135/500
[reader] generated 136/500
[reader] generated 137/500
[reader] generated 138/500
[reader] generated 139/500
[reader] generated 140/500
[reader] generated 141/500
[reader] generated 142/500
[reader] generated 143/500
[reader] generated 144/500
[reader] generated 145/500
[reader] generated 146/500
[reader] generated 147/500
[reader] generated 148/500
[reader] generated 149/500
[reader] generated 150/500
[reader] generated 151/500
[reader] generated 152/500
[reader] generated 153/500
[reader] generated 154/500
[reader] generated 155/500
[reader] generated 156/500
[reader] generated 157/500
[reader] generated 158/500
[reader] generated 159/500
[reader] generated 160/500
[reader] generated 161/500
[reader] generated 162/500
[reader] generated 163/500
[reader] generated 164/500
[reader] generated 165/500
[reader] generated 166/500
[reader] generated 167/500
[reader] generated 168/500
[reader] generated 169/500
[reader] generated 170/500
[reader] generated 171/500
[reader] generated 172/500
[reader] generated 173/500
[reader] generated 174/500
[reader] generated 175/500
[reader] generated 176/500
[reader] generated 177/500
[reader] generated 178/500
[reader] generated 179/500
[reader] generated 180/500
[reader] generated 181/500
[reader] generated 182/500
[reader] generated 183/500
[reader] generated 184/500
[reader] generated 185/500
[reader] generated 186/500
[reader] generated 187/500
[reader] generated 188/500
[reader] generated 189/500
[reader] generated 190/500
[reader] generated 191/500
[reader] generated 192/500
[reader] generated 193/500
[reader] generated 194/500
[reader] generated 195/500
[reader] generated 196/500
[reader] generated 197/500
[reader] generated 198/500
[reader] generated 199/500
[reader] generated 200/500
[reader] generated 201/500
[reader] generated 202/500
[reader] generated 203/500
[reader] generated 204/500
[reader] generated 205/500
[reader] generated 206/500
[reader] generated 207/500
[reader] generated 208/500
[reader] generated 209/500
[reader] generated 210/500
[reader] generated 211/500
[reader] generated 212/500
[reader] generated 213/500
[reader] generated 214/500
[reader] generated 215/500
[reader] generated 216/500
[reader] generated 217/500
[reader] generated 218/500
[reader] generated 219/500
[reader] generated 220/500
[reader] generated 221/500
[reader] generated 222/500
[reader] generated 223/500
[reader] generated 224/500
[reader] generated 225/500
[reader] generated 226/500
[reader] generated 227/500
[reader] generated 228/500
[reader] generated 229/500
[reader] generated 230/500
[reader] generated 231/500
[reader] generated 232/500
[reader] generated 233/500
[reader] generated 234/500
[reader] generated 235/500
[reader] generated 236/500
[reader] generated 237/500
[reader] generated 238/500
[reader] generated 239/500
[reader] generated 240/500
[reader] generated 241/500
[reader] generated 242/500
[reader] generated 243/500
[reader] generated 244/500
[reader] generated 245/500
[reader] generated 246/500
[reader] generated 247/500
[reader] generated 248/500
[reader] generated 249/500
[reader] generated 250/500
[reader] generated 251/500
[reader] generated 252/500
[reader] generated 253/500
[reader] generated 254/500
[reader] generated 255/500
[reader] generated 256/500
[reader] generated 257/500
[reader] generated 258/500
[reader] generated 259/500
[reader] generated 260/500
[reader] generated 261/500
[reader] generated 262/500
[reader] generated 263/500
[reader] generated 264/500
[reader] generated 265/500
[reader] generated 266/500
[reader] generated 267/500
[reader] generated 268/500
[reader] generated 269/500
[reader] generated 270/500
[reader] generated 271/500
[reader] generated 272/500
[reader] generated 273/500
[reader] generated 274/500
[reader] generated 275/500
[reader] generated 276/500
[reader] generated 277/500
[reader] generated 278/500
[reader] generated 279/500
[reader] generated 280/500
[reader] generated 281/500
[reader] generated 282/500
[reader] generated 283/500
[reader] generated 284/500
[reader] generated 285/500
[reader] generated 286/500
[reader] generated 287/500
[reader] generated 288/500
[reader] generated 289/500
[reader] generated 290/500
[reader] generated 291/500
[reader] generated 292/500
[reader] generated 293/500
[reader] generated 294/500
[reader] generated 295/500
[reader] generated 296/500
[reader] generated 297/500
[reader] generated 298/500
[reader] generated 299/500
[reader] generated 300/500
[reader] generated 301/500
[reader] generated 302/500
[reader] generated 303/500
[reader] generated 304/500
[reader] generated 305/500
[reader] generated 306/500
[reader] generated 307/500
[reader] generated 308/500
[reader] generated 309/500
[reader] generated 310/500
[reader] generated 311/500
[reader] generated 312/500
[reader] generated 313/500
[reader] generated 314/500
[reader] generated 315/500
[reader] generated 316/500
[reader] generated 317/500
[reader] generated 318/500
[reader] generated 319/500
[reader] generated 320/500
[reader] generated 321/500
[reader] generated 322/500
[reader] generated 323/500
[reader] generated 324/500
[reader] generated 325/500
[reader] generated 326/500
[reader] generated 327/500
[reader] generated 328/500
[reader] generated 329/500
[reader] generated 330/500
[reader] generated 331/500
[reader] generated 332/500
[reader] generated 333/500
[reader] generated 334/500
[reader] generated 335/500
[reader] generated 336/500
[reader] generated 337/500
[reader] generated 338/500
[reader] generated 339/500
[reader] generated 340/500
[reader] generated 341/500
[reader] generated 342/500
[reader] generated 343/500
[reader] generated 344/500
[reader] generated 345/500
[reader] generated 346/500
[reader] generated 347/500
[reader] generated 348/500
[reader] generated 349/500
[reader] generated 350/500
[reader] generated 351/500
[reader] generated 352/500
[reader] generated 353/500
[reader] generated 354/500
[reader] generated 355/500
[reader] generated 356/500
[reader] generated 357/500
[reader] generated 358/500
[reader] generated 359/500
[reader] generated 360/500
[reader] generated 361/500
[reader] generated 362/500
[reader] generated 363/500
[reader] generated 364/500
[reader] generated 365/500
[reader] generated 366/500
[reader] generated 367/500
[reader] generated 368/500
[reader] generated 369/500
[reader] generated 370/500
[reader] generated 371/500
[reader] generated 372/500
[reader] generated 373/500
[reader] generated 374/500
[reader] generated 375/500
[reader] generated 376/500
[reader] generated 377/500
[reader] generated 378/500
[reader] generated 379/500
[reader] generated 380/500
[reader] generated 381/500
[reader] generated 382/500
[reader] generated 383/500
[reader] generated 384/500
[reader] generated 385/500
[reader] generated 386/500
[reader] generated 387/500
[reader] generated 388/500
[reader] generated 389/500
[reader] generated 390/500
[reader] generated 391/500
[reader] generated 392/500
[reader] generated 393/500
[reader] generated 394/500
[reader] generated 395/500
[reader] generated 396/500
[reader] generated 397/500
[reader] generated 398/500
[reader] generated 399/500
[reader] generated 400/500
[reader] generated 401/500
[reader] generated 402/500
[reader] generated 403/500
[reader] generated 404/500
[reader] generated 405/500
[reader] generated 406/500
[reader] generated 407/500
[reader] generated 408/500
[reader] generated 409/500
[reader] generated 410/500
[reader] generated 411/500
[reader] generated 412/500
[reader] generated 413/500
[reader] generated 414/500
[reader] generated 415/500
[reader] generated 416/500
[reader] generated 417/500
[reader] generated 418/500
[reader] generated 419/500
[reader] generated 420/500
[reader] generated 421/500
[reader] generated 422/500
[reader] generated 423/500
[reader] generated 424/500
[reader] generated 425/500
[reader] generated 426/500
[reader] generated 427/500
[reader] generated 428/500
[reader] generated 429/500
[reader] generated 430/500
[reader] generated 431/500
[reader] generated 432/500
[reader] generated 433/500
[reader] generated 434/500
[reader] generated 435/500
[reader] generated 436/500
[reader] generated 437/500
[reader] generated 438/500
[reader] generated 439/500
[reader] generated 440/500
[reader] generated 441/500
[reader] generated 442/500
[reader] generated 443/500
[reader] generated 444/500
[reader] generated 445/500
[reader] generated 446/500
[reader] generated 447/500
[reader] generated 448/500
[reader] generated 449/500
[reader] generated 450/500
[reader] generated 451/500
[reader] generated 452/500
[reader] generated 453/500
[reader] generated 454/500
[reader] generated 455/500
[reader] generated 456/500
[reader] generated 457/500
[reader] generated 458/500
[reader] generated 459/500
[reader] generated 460/500
[reader] generated 461/500
[reader] generated 462/500
[reader] generated 463/500
[reader] generated 464/500
[reader] generated 465/500
[reader] generated 466/500
[reader] generated 467/500
[reader] generated 468/500
[reader] generated 469/500
[reader] generated 470/500
[reader] generated 471/500
[reader] generated 472/500
[reader] generated 473/500
[reader] generated 474/500
[reader] generated 475/500
[reader] generated 476/500
[reader] generated 477/500
[reader] generated 478/500
[reader] generated 479/500
[reader] generated 480/500
[reader] generated 481/500
[reader] generated 482/500
[reader] generated 483/500
[reader] generated 484/500
[reader] generated 485/500
[reader] generated 486/500
[reader] generated 487/500
[reader] generated 488/500
[reader] generated 489/500
[reader] generated 490/500
[reader] generated 491/500
[reader] generated 492/500
[reader] generated 493/500
[reader] generated 494/500
[reader] generated 495/500
[reader] generated 496/500
[reader] generated 497/500
[reader] generated 498/500
[reader] generated 499/500
[reader] generated 500/500
[density] policy=chunk_submod_160, router_type=fixed, representation=chunk, packer=submod, reader_model=Qwen/Qwen2.5-14B-Instruct, packed_token_budget=160, recall@1=0.438, all_gold@1=0.0, recall@2=0.723, all_gold@2=0.498, recall@5=0.874, all_gold@5=0.758, qwen_em=0.344, qwen_f1=0.4412, avg_reader_evidence_tokens=145.4, mean_ans_in_context=0.64, mean_gold_token_density=0.4574, mean_gold_doc_reader_cov=0.779, mean_all_gold_reader=0.578, mean_distractor_docs=2.204, mean_context_tokens=145.398, mean_n_snippets=4.616
[density] materializing policy=ace_focused_160
[density] generating policy=ace_focused_160
[reader] generated 1/500
[reader] generated 2/500
[reader] generated 3/500
[reader] generated 4/500
[reader] generated 5/500
[reader] generated 6/500
[reader] generated 7/500
[reader] generated 8/500
[reader] generated 9/500
[reader] generated 10/500
[reader] generated 11/500
[reader] generated 12/500
[reader] generated 13/500
[reader] generated 14/500
[reader] generated 15/500
[reader] generated 16/500
[reader] generated 17/500
[reader] generated 18/500
[reader] generated 19/500
[reader] generated 20/500
[reader] generated 21/500
[reader] generated 22/500
[reader] generated 23/500
[reader] generated 24/500
[reader] generated 25/500
[reader] generated 26/500
[reader] generated 27/500
[reader] generated 28/500
[reader] generated 29/500
[reader] generated 30/500
[reader] generated 31/500
[reader] generated 32/500
[reader] generated 33/500
[reader] generated 34/500
[reader] generated 35/500
[reader] generated 36/500
[reader] generated 37/500
[reader] generated 38/500
[reader] generated 39/500
[reader] generated 40/500
[reader] generated 41/500
[reader] generated 42/500
[reader] generated 43/500
[reader] generated 44/500
[reader] generated 45/500
[reader] generated 46/500
[reader] generated 47/500
[reader] generated 48/500
[reader] generated 49/500
[reader] generated 50/500
[reader] generated 51/500
[reader] generated 52/500
[reader] generated 53/500
[reader] generated 54/500
[reader] generated 55/500
[reader] generated 56/500
[reader] generated 57/500
[reader] generated 58/500
[reader] generated 59/500
[reader] generated 60/500
[reader] generated 61/500
[reader] generated 62/500
[reader] generated 63/500
[reader] generated 64/500
[reader] generated 65/500
[reader] generated 66/500
[reader] generated 67/500
[reader] generated 68/500
[reader] generated 69/500
[reader] generated 70/500
[reader] generated 71/500
[reader] generated 72/500
[reader] generated 73/500
[reader] generated 74/500
[reader] generated 75/500
[reader] generated 76/500
[reader] generated 77/500
[reader] generated 78/500
[reader] generated 79/500
[reader] generated 80/500
[reader] generated 81/500
[reader] generated 82/500
[reader] generated 83/500
[reader] generated 84/500
[reader] generated 85/500
[reader] generated 86/500
[reader] generated 87/500
[reader] generated 88/500
[reader] generated 89/500
[reader] generated 90/500
[reader] generated 91/500
[reader] generated 92/500
[reader] generated 93/500
[reader] generated 94/500
[reader] generated 95/500
[reader] generated 96/500
[reader] generated 97/500
[reader] generated 98/500
[reader] generated 99/500
[reader] generated 100/500
[reader] generated 101/500
[reader] generated 102/500
[reader] generated 103/500
[reader] generated 104/500
[reader] generated 105/500
[reader] generated 106/500
[reader] generated 107/500
[reader] generated 108/500
[reader] generated 109/500
[reader] generated 110/500
[reader] generated 111/500
[reader] generated 112/500
[reader] generated 113/500
[reader] generated 114/500
[reader] generated 115/500
[reader] generated 116/500
[reader] generated 117/500
[reader] generated 118/500
[reader] generated 119/500
[reader] generated 120/500
[reader] generated 121/500
[reader] generated 122/500
[reader] generated 123/500
[reader] generated 124/500
[reader] generated 125/500
[reader] generated 126/500
[reader] generated 127/500
[reader] generated 128/500
[reader] generated 129/500
[reader] generated 130/500
[reader] generated 131/500
[reader] generated 132/500
[reader] generated 133/500
[reader] generated 134/500
[reader] generated 135/500
[reader] generated 136/500
[reader] generated 137/500
[reader] generated 138/500
[reader] generated 139/500
[reader] generated 140/500
[reader] generated 141/500
[reader] generated 142/500
[reader] generated 143/500
[reader] generated 144/500
[reader] generated 145/500
[reader] generated 146/500
[reader] generated 147/500
[reader] generated 148/500
[reader] generated 149/500
[reader] generated 150/500
[reader] generated 151/500
[reader] generated 152/500
[reader] generated 153/500
[reader] generated 154/500
[reader] generated 155/500
[reader] generated 156/500
[reader] generated 157/500
[reader] generated 158/500
[reader] generated 159/500
[reader] generated 160/500
[reader] generated 161/500
[reader] generated 162/500
[reader] generated 163/500
[reader] generated 164/500
[reader] generated 165/500
[reader] generated 166/500
[reader] generated 167/500
[reader] generated 168/500
[reader] generated 169/500
[reader] generated 170/500
[reader] generated 171/500
[reader] generated 172/500
[reader] generated 173/500
[reader] generated 174/500
[reader] generated 175/500
[reader] generated 176/500
[reader] generated 177/500
[reader] generated 178/500
[reader] generated 179/500
[reader] generated 180/500
[reader] generated 181/500
[reader] generated 182/500
[reader] generated 183/500
[reader] generated 184/500
[reader] generated 185/500
[reader] generated 186/500
[reader] generated 187/500
[reader] generated 188/500
[reader] generated 189/500
[reader] generated 190/500
[reader] generated 191/500
[reader] generated 192/500
[reader] generated 193/500
[reader] generated 194/500
[reader] generated 195/500
[reader] generated 196/500
[reader] generated 197/500
[reader] generated 198/500
[reader] generated 199/500
[reader] generated 200/500
[reader] generated 201/500
[reader] generated 202/500
[reader] generated 203/500
[reader] generated 204/500
[reader] generated 205/500
[reader] generated 206/500
[reader] generated 207/500
[reader] generated 208/500
[reader] generated 209/500
[reader] generated 210/500
[reader] generated 211/500
[reader] generated 212/500
[reader] generated 213/500
[reader] generated 214/500
[reader] generated 215/500
[reader] generated 216/500
[reader] generated 217/500
[reader] generated 218/500
[reader] generated 219/500
[reader] generated 220/500
[reader] generated 221/500
[reader] generated 222/500
[reader] generated 223/500
[reader] generated 224/500
[reader] generated 225/500
[reader] generated 226/500
[reader] generated 227/500
[reader] generated 228/500
[reader] generated 229/500
[reader] generated 230/500
[reader] generated 231/500
[reader] generated 232/500
[reader] generated 233/500
[reader] generated 234/500
[reader] generated 235/500
[reader] generated 236/500
[reader] generated 237/500
[reader] generated 238/500
[reader] generated 239/500
[reader] generated 240/500
[reader] generated 241/500
[reader] generated 242/500
[reader] generated 243/500
[reader] generated 244/500
[reader] generated 245/500
[reader] generated 246/500
[reader] generated 247/500
[reader] generated 248/500
[reader] generated 249/500
[reader] generated 250/500
[reader] generated 251/500
[reader] generated 252/500
[reader] generated 253/500
[reader] generated 254/500
[reader] generated 255/500
[reader] generated 256/500
[reader] generated 257/500
[reader] generated 258/500
[reader] generated 259/500
[reader] generated 260/500
[reader] generated 261/500
[reader] generated 262/500
[reader] generated 263/500
[reader] generated 264/500
[reader] generated 265/500
[reader] generated 266/500
[reader] generated 267/500
[reader] generated 268/500
[reader] generated 269/500
[reader] generated 270/500
[reader] generated 271/500
[reader] generated 272/500
[reader] generated 273/500
[reader] generated 274/500
[reader] generated 275/500
[reader] generated 276/500
[reader] generated 277/500
[reader] generated 278/500
[reader] generated 279/500
[reader] generated 280/500
[reader] generated 281/500
[reader] generated 282/500
[reader] generated 283/500
[reader] generated 284/500
[reader] generated 285/500
[reader] generated 286/500
[reader] generated 287/500
[reader] generated 288/500
[reader] generated 289/500
[reader] generated 290/500
[reader] generated 291/500
[reader] generated 292/500
[reader] generated 293/500
[reader] generated 294/500
[reader] generated 295/500
[reader] generated 296/500
[reader] generated 297/500
[reader] generated 298/500
[reader] generated 299/500
[reader] generated 300/500
[reader] generated 301/500
[reader] generated 302/500
[reader] generated 303/500
[reader] generated 304/500
[reader] generated 305/500
[reader] generated 306/500
[reader] generated 307/500
[reader] generated 308/500
[reader] generated 309/500
[reader] generated 310/500
[reader] generated 311/500
[reader] generated 312/500
[reader] generated 313/500
[reader] generated 314/500
[reader] generated 315/500
[reader] generated 316/500
[reader] generated 317/500
[reader] generated 318/500
[reader] generated 319/500
[reader] generated 320/500
[reader] generated 321/500
[reader] generated 322/500
[reader] generated 323/500
[reader] generated 324/500
[reader] generated 325/500
[reader] generated 326/500
[reader] generated 327/500
[reader] generated 328/500
[reader] generated 329/500
[reader] generated 330/500
[reader] generated 331/500
[reader] generated 332/500
[reader] generated 333/500
[reader] generated 334/500
[reader] generated 335/500
[reader] generated 336/500
[reader] generated 337/500
[reader] generated 338/500
[reader] generated 339/500
[reader] generated 340/500
[reader] generated 341/500
[reader] generated 342/500
[reader] generated 343/500
[reader] generated 344/500
[reader] generated 345/500
[reader] generated 346/500
[reader] generated 347/500
[reader] generated 348/500
[reader] generated 349/500
[reader] generated 350/500
[reader] generated 351/500
[reader] generated 352/500
[reader] generated 353/500
[reader] generated 354/500
[reader] generated 355/500
[reader] generated 356/500
[reader] generated 357/500
[reader] generated 358/500
[reader] generated 359/500
[reader] generated 360/500
[reader] generated 361/500
[reader] generated 362/500
[reader] generated 363/500
[reader] generated 364/500
[reader] generated 365/500
[reader] generated 366/500
[reader] generated 367/500
[reader] generated 368/500
[reader] generated 369/500
[reader] generated 370/500
[reader] generated 371/500
[reader] generated 372/500
[reader] generated 373/500
[reader] generated 374/500
[reader] generated 375/500
[reader] generated 376/500
[reader] generated 377/500
[reader] generated 378/500
[reader] generated 379/500
[reader] generated 380/500
[reader] generated 381/500
[reader] generated 382/500
[reader] generated 383/500
[reader] generated 384/500
[reader] generated 385/500
[reader] generated 386/500
[reader] generated 387/500
[reader] generated 388/500
[reader] generated 389/500
[reader] generated 390/500
[reader] generated 391/500
[reader] generated 392/500
[reader] generated 393/500
[reader] generated 394/500
[reader] generated 395/500
[reader] generated 396/500
[reader] generated 397/500
[reader] generated 398/500
[reader] generated 399/500
[reader] generated 400/500
[reader] generated 401/500
[reader] generated 402/500
[reader] generated 403/500
[reader] generated 404/500
[reader] generated 405/500
[reader] generated 406/500
[reader] generated 407/500
[reader] generated 408/500
[reader] generated 409/500
[reader] generated 410/500
[reader] generated 411/500
[reader] generated 412/500
[reader] generated 413/500
[reader] generated 414/500
[reader] generated 415/500
[reader] generated 416/500
[reader] generated 417/500
[reader] generated 418/500
[reader] generated 419/500
[reader] generated 420/500
[reader] generated 421/500
[reader] generated 422/500
[reader] generated 423/500
[reader] generated 424/500
[reader] generated 425/500
[reader] generated 426/500
[reader] generated 427/500
[reader] generated 428/500
[reader] generated 429/500
[reader] generated 430/500
[reader] generated 431/500
[reader] generated 432/500
[reader] generated 433/500
[reader] generated 434/500
[reader] generated 435/500
[reader] generated 436/500
[reader] generated 437/500
[reader] generated 438/500
[reader] generated 439/500
[reader] generated 440/500
[reader] generated 441/500
[reader] generated 442/500
[reader] generated 443/500
[reader] generated 444/500
[reader] generated 445/500
[reader] generated 446/500
[reader] generated 447/500
[reader] generated 448/500
[reader] generated 449/500
[reader] generated 450/500
[reader] generated 451/500
[reader] generated 452/500
[reader] generated 453/500
[reader] generated 454/500
[reader] generated 455/500
[reader] generated 456/500
[reader] generated 457/500
[reader] generated 458/500
[reader] generated 459/500
[reader] generated 460/500
[reader] generated 461/500
[reader] generated 462/500
[reader] generated 463/500
[reader] generated 464/500
[reader] generated 465/500
[reader] generated 466/500
[reader] generated 467/500
[reader] generated 468/500
[reader] generated 469/500
[reader] generated 470/500
[reader] generated 471/500
[reader] generated 472/500
[reader] generated 473/500
[reader] generated 474/500
[reader] generated 475/500
[reader] generated 476/500
[reader] generated 477/500
[reader] generated 478/500
[reader] generated 479/500
[reader] generated 480/500
[reader] generated 481/500
[reader] generated 482/500
[reader] generated 483/500
[reader] generated 484/500
[reader] generated 485/500
[reader] generated 486/500
[reader] generated 487/500
[reader] generated 488/500
[reader] generated 489/500
[reader] generated 490/500
[reader] generated 491/500
[reader] generated 492/500
[reader] generated 493/500
[reader] generated 494/500
[reader] generated 495/500
[reader] generated 496/500
[reader] generated 497/500
[reader] generated 498/500
[reader] generated 499/500
[reader] generated 500/500
[density] policy=ace_focused_160, router_type=fixed, representation=ace, packer=focused, reader_model=Qwen/Qwen2.5-14B-Instruct, packed_token_budget=160, recall@1=0.419, all_gold@1=0.0, recall@2=0.677, all_gold@2=0.422, recall@5=0.859, all_gold@5=0.726, qwen_em=0.36, qwen_f1=0.4665, avg_reader_evidence_tokens=150.04, mean_ans_in_context=0.63, mean_gold_token_density=0.4516, mean_gold_doc_reader_cov=0.768, mean_all_gold_reader=0.562, mean_distractor_docs=2.134, mean_context_tokens=150.042, mean_n_snippets=4.108
[density] materializing policy=ace_mmr_160
[density] generating policy=ace_mmr_160
[reader] generated 1/500
[reader] generated 2/500
[reader] generated 3/500
[reader] generated 4/500
[reader] generated 5/500
[reader] generated 6/500
[reader] generated 7/500
[reader] generated 8/500
[reader] generated 9/500
[reader] generated 10/500
[reader] generated 11/500
[reader] generated 12/500
[reader] generated 13/500
[reader] generated 14/500
[reader] generated 15/500
[reader] generated 16/500
[reader] generated 17/500
[reader] generated 18/500
[reader] generated 19/500
[reader] generated 20/500
[reader] generated 21/500
[reader] generated 22/500
[reader] generated 23/500
[reader] generated 24/500
[reader] generated 25/500
[reader] generated 26/500
[reader] generated 27/500
[reader] generated 28/500
[reader] generated 29/500
[reader] generated 30/500
[reader] generated 31/500
[reader] generated 32/500
[reader] generated 33/500
[reader] generated 34/500
[reader] generated 35/500
[reader] generated 36/500
[reader] generated 37/500
[reader] generated 38/500
[reader] generated 39/500
[reader] generated 40/500
[reader] generated 41/500
[reader] generated 42/500
[reader] generated 43/500
[reader] generated 44/500
[reader] generated 45/500
[reader] generated 46/500
[reader] generated 47/500
[reader] generated 48/500
[reader] generated 49/500
[reader] generated 50/500
[reader] generated 51/500
[reader] generated 52/500
[reader] generated 53/500
[reader] generated 54/500
[reader] generated 55/500
[reader] generated 56/500
[reader] generated 57/500
[reader] generated 58/500
[reader] generated 59/500
[reader] generated 60/500
[reader] generated 61/500
[reader] generated 62/500
[reader] generated 63/500
[reader] generated 64/500
[reader] generated 65/500
[reader] generated 66/500
[reader] generated 67/500
[reader] generated 68/500
[reader] generated 69/500
[reader] generated 70/500
[reader] generated 71/500
[reader] generated 72/500
[reader] generated 73/500
[reader] generated 74/500
[reader] generated 75/500
[reader] generated 76/500
[reader] generated 77/500
[reader] generated 78/500
[reader] generated 79/500
[reader] generated 80/500
[reader] generated 81/500
[reader] generated 82/500
[reader] generated 83/500
[reader] generated 84/500
[reader] generated 85/500
[reader] generated 86/500
[reader] generated 87/500
[reader] generated 88/500
[reader] generated 89/500
[reader] generated 90/500
[reader] generated 91/500
[reader] generated 92/500
[reader] generated 93/500
[reader] generated 94/500
[reader] generated 95/500
[reader] generated 96/500
[reader] generated 97/500
[reader] generated 98/500
[reader] generated 99/500
[reader] generated 100/500
[reader] generated 101/500
[reader] generated 102/500
[reader] generated 103/500
[reader] generated 104/500
[reader] generated 105/500
[reader] generated 106/500
[reader] generated 107/500
[reader] generated 108/500
[reader] generated 109/500
[reader] generated 110/500
[reader] generated 111/500
[reader] generated 112/500
[reader] generated 113/500
[reader] generated 114/500
[reader] generated 115/500
[reader] generated 116/500
[reader] generated 117/500
[reader] generated 118/500
[reader] generated 119/500
[reader] generated 120/500
[reader] generated 121/500
[reader] generated 122/500
[reader] generated 123/500
[reader] generated 124/500
[reader] generated 125/500
[reader] generated 126/500
[reader] generated 127/500
[reader] generated 128/500
[reader] generated 129/500
[reader] generated 130/500
[reader] generated 131/500
[reader] generated 132/500
[reader] generated 133/500
[reader] generated 134/500
[reader] generated 135/500
[reader] generated 136/500
[reader] generated 137/500
[reader] generated 138/500
[reader] generated 139/500
[reader] generated 140/500
[reader] generated 141/500
[reader] generated 142/500
[reader] generated 143/500
[reader] generated 144/500
[reader] generated 145/500
[reader] generated 146/500
[reader] generated 147/500
[reader] generated 148/500
[reader] generated 149/500
[reader] generated 150/500
[reader] generated 151/500
[reader] generated 152/500
[reader] generated 153/500
[reader] generated 154/500
[reader] generated 155/500
[reader] generated 156/500
[reader] generated 157/500
[reader] generated 158/500
[reader] generated 159/500
[reader] generated 160/500
[reader] generated 161/500
[reader] generated 162/500
[reader] generated 163/500
[reader] generated 164/500
[reader] generated 165/500
[reader] generated 166/500
[reader] generated 167/500
[reader] generated 168/500
[reader] generated 169/500
[reader] generated 170/500
[reader] generated 171/500
[reader] generated 172/500
[reader] generated 173/500
[reader] generated 174/500
[reader] generated 175/500
[reader] generated 176/500
[reader] generated 177/500
[reader] generated 178/500
[reader] generated 179/500
[reader] generated 180/500
[reader] generated 181/500
[reader] generated 182/500
[reader] generated 183/500
[reader] generated 184/500
[reader] generated 185/500
[reader] generated 186/500
[reader] generated 187/500
[reader] generated 188/500
[reader] generated 189/500
[reader] generated 190/500
[reader] generated 191/500
[reader] generated 192/500
[reader] generated 193/500
[reader] generated 194/500
[reader] generated 195/500
[reader] generated 196/500
[reader] generated 197/500
[reader] generated 198/500
[reader] generated 199/500
[reader] generated 200/500
[reader] generated 201/500
[reader] generated 202/500
[reader] generated 203/500
[reader] generated 204/500
[reader] generated 205/500
[reader] generated 206/500
[reader] generated 207/500
[reader] generated 208/500
[reader] generated 209/500
[reader] generated 210/500
[reader] generated 211/500
[reader] generated 212/500
[reader] generated 213/500
[reader] generated 214/500
[reader] generated 215/500
[reader] generated 216/500
[reader] generated 217/500
[reader] generated 218/500
[reader] generated 219/500
[reader] generated 220/500
[reader] generated 221/500
[reader] generated 222/500
[reader] generated 223/500
[reader] generated 224/500
[reader] generated 225/500
[reader] generated 226/500
[reader] generated 227/500
[reader] generated 228/500
[reader] generated 229/500
[reader] generated 230/500
[reader] generated 231/500
[reader] generated 232/500
[reader] generated 233/500
[reader] generated 234/500
[reader] generated 235/500
[reader] generated 236/500
[reader] generated 237/500
[reader] generated 238/500
[reader] generated 239/500
[reader] generated 240/500
[reader] generated 241/500
[reader] generated 242/500
[reader] generated 243/500
[reader] generated 244/500
[reader] generated 245/500
[reader] generated 246/500
[reader] generated 247/500
[reader] generated 248/500
[reader] generated 249/500
[reader] generated 250/500
[reader] generated 251/500
[reader] generated 252/500
[reader] generated 253/500
[reader] generated 254/500
[reader] generated 255/500
[reader] generated 256/500
[reader] generated 257/500
[reader] generated 258/500
[reader] generated 259/500
[reader] generated 260/500
[reader] generated 261/500
[reader] generated 262/500
[reader] generated 263/500
[reader] generated 264/500
[reader] generated 265/500
[reader] generated 266/500
[reader] generated 267/500
[reader] generated 268/500
[reader] generated 269/500
[reader] generated 270/500
[reader] generated 271/500
[reader] generated 272/500
[reader] generated 273/500
[reader] generated 274/500
[reader] generated 275/500
[reader] generated 276/500
[reader] generated 277/500
[reader] generated 278/500
[reader] generated 279/500
[reader] generated 280/500
[reader] generated 281/500
[reader] generated 282/500
[reader] generated 283/500
[reader] generated 284/500
[reader] generated 285/500
[reader] generated 286/500
[reader] generated 287/500
[reader] generated 288/500
[reader] generated 289/500
[reader] generated 290/500
[reader] generated 291/500
[reader] generated 292/500
[reader] generated 293/500
[reader] generated 294/500
[reader] generated 295/500
[reader] generated 296/500
[reader] generated 297/500
[reader] generated 298/500
[reader] generated 299/500
[reader] generated 300/500
[reader] generated 301/500
[reader] generated 302/500
[reader] generated 303/500
[reader] generated 304/500
[reader] generated 305/500
[reader] generated 306/500
[reader] generated 307/500
[reader] generated 308/500
[reader] generated 309/500
[reader] generated 310/500
[reader] generated 311/500
[reader] generated 312/500
[reader] generated 313/500
[reader] generated 314/500
[reader] generated 315/500
[reader] generated 316/500
[reader] generated 317/500
[reader] generated 318/500
[reader] generated 319/500
[reader] generated 320/500
[reader] generated 321/500
[reader] generated 322/500
[reader] generated 323/500
[reader] generated 324/500
[reader] generated 325/500
[reader] generated 326/500
[reader] generated 327/500
[reader] generated 328/500
[reader] generated 329/500
[reader] generated 330/500
[reader] generated 331/500
[reader] generated 332/500
[reader] generated 333/500
[reader] generated 334/500
[reader] generated 335/500
[reader] generated 336/500
[reader] generated 337/500
[reader] generated 338/500
[reader] generated 339/500
[reader] generated 340/500
[reader] generated 341/500
[reader] generated 342/500
[reader] generated 343/500
[reader] generated 344/500
[reader] generated 345/500
[reader] generated 346/500
[reader] generated 347/500
[reader] generated 348/500
[reader] generated 349/500
[reader] generated 350/500
[reader] generated 351/500
[reader] generated 352/500
[reader] generated 353/500
[reader] generated 354/500
[reader] generated 355/500
[reader] generated 356/500
[reader] generated 357/500
[reader] generated 358/500
[reader] generated 359/500
[reader] generated 360/500
[reader] generated 361/500
[reader] generated 362/500
[reader] generated 363/500
[reader] generated 364/500
[reader] generated 365/500
[reader] generated 366/500
[reader] generated 367/500
[reader] generated 368/500
[reader] generated 369/500
[reader] generated 370/500
[reader] generated 371/500
[reader] generated 372/500
[reader] generated 373/500
[reader] generated 374/500
[reader] generated 375/500
[reader] generated 376/500
[reader] generated 377/500
[reader] generated 378/500
[reader] generated 379/500
[reader] generated 380/500
[reader] generated 381/500
[reader] generated 382/500
[reader] generated 383/500
[reader] generated 384/500
[reader] generated 385/500
[reader] generated 386/500
[reader] generated 387/500
[reader] generated 388/500
[reader] generated 389/500
[reader] generated 390/500
[reader] generated 391/500
[reader] generated 392/500
[reader] generated 393/500
[reader] generated 394/500
[reader] generated 395/500
[reader] generated 396/500
[reader] generated 397/500
[reader] generated 398/500
[reader] generated 399/500
[reader] generated 400/500
[reader] generated 401/500
[reader] generated 402/500
[reader] generated 403/500
[reader] generated 404/500
[reader] generated 405/500
[reader] generated 406/500
[reader] generated 407/500
[reader] generated 408/500
[reader] generated 409/500
[reader] generated 410/500
[reader] generated 411/500
[reader] generated 412/500
[reader] generated 413/500
[reader] generated 414/500
[reader] generated 415/500
[reader] generated 416/500
[reader] generated 417/500
[reader] generated 418/500
[reader] generated 419/500
[reader] generated 420/500
[reader] generated 421/500
[reader] generated 422/500
[reader] generated 423/500
[reader] generated 424/500
[reader] generated 425/500
[reader] generated 426/500
[reader] generated 427/500
[reader] generated 428/500
[reader] generated 429/500
[reader] generated 430/500
[reader] generated 431/500
[reader] generated 432/500
[reader] generated 433/500
[reader] generated 434/500
[reader] generated 435/500
[reader] generated 436/500
[reader] generated 437/500
[reader] generated 438/500
[reader] generated 439/500
[reader] generated 440/500
[reader] generated 441/500
[reader] generated 442/500
[reader] generated 443/500
[reader] generated 444/500
[reader] generated 445/500
[reader] generated 446/500
[reader] generated 447/500
[reader] generated 448/500
[reader] generated 449/500
[reader] generated 450/500
[reader] generated 451/500
[reader] generated 452/500
[reader] generated 453/500
[reader] generated 454/500
[reader] generated 455/500
[reader] generated 456/500
[reader] generated 457/500
[reader] generated 458/500
[reader] generated 459/500
[reader] generated 460/500
[reader] generated 461/500
[reader] generated 462/500
[reader] generated 463/500
[reader] generated 464/500
[reader] generated 465/500
[reader] generated 466/500
[reader] generated 467/500
[reader] generated 468/500
[reader] generated 469/500
[reader] generated 470/500
[reader] generated 471/500
[reader] generated 472/500
[reader] generated 473/500
[reader] generated 474/500
[reader] generated 475/500
[reader] generated 476/500
[reader] generated 477/500
[reader] generated 478/500
[reader] generated 479/500
[reader] generated 480/500
[reader] generated 481/500
[reader] generated 482/500
[reader] generated 483/500
[reader] generated 484/500
[reader] generated 485/500
[reader] generated 486/500
[reader] generated 487/500
[reader] generated 488/500
[reader] generated 489/500
[reader] generated 490/500
[reader] generated 491/500
[reader] generated 492/500
[reader] generated 493/500
[reader] generated 494/500
[reader] generated 495/500
[reader] generated 496/500
[reader] generated 497/500
[reader] generated 498/500
[reader] generated 499/500
[reader] generated 500/500
[density] policy=ace_mmr_160, router_type=fixed, representation=ace, packer=mmr, reader_model=Qwen/Qwen2.5-14B-Instruct, packed_token_budget=160, recall@1=0.419, all_gold@1=0.0, recall@2=0.677, all_gold@2=0.422, recall@5=0.859, all_gold@5=0.726, qwen_em=0.334, qwen_f1=0.4311, avg_reader_evidence_tokens=149.78, mean_ans_in_context=0.61, mean_gold_token_density=0.4421, mean_gold_doc_reader_cov=0.726, mean_all_gold_reader=0.496, mean_distractor_docs=2.072, mean_context_tokens=149.78, mean_n_snippets=4.15
[density] materializing policy=ace_submod_160
[density] generating policy=ace_submod_160
[reader] generated 1/500
[reader] generated 2/500
[reader] generated 3/500
[reader] generated 4/500
[reader] generated 5/500
[reader] generated 6/500
[reader] generated 7/500
[reader] generated 8/500
[reader] generated 9/500
[reader] generated 10/500
[reader] generated 11/500
[reader] generated 12/500
[reader] generated 13/500
[reader] generated 14/500
[reader] generated 15/500
[reader] generated 16/500
[reader] generated 17/500
[reader] generated 18/500
[reader] generated 19/500
[reader] generated 20/500
[reader] generated 21/500
[reader] generated 22/500
[reader] generated 23/500
[reader] generated 24/500
[reader] generated 25/500
[reader] generated 26/500
[reader] generated 27/500
[reader] generated 28/500
[reader] generated 29/500
[reader] generated 30/500
[reader] generated 31/500
[reader] generated 32/500
[reader] generated 33/500
[reader] generated 34/500
[reader] generated 35/500
[reader] generated 36/500
[reader] generated 37/500
[reader] generated 38/500
[reader] generated 39/500
[reader] generated 40/500
[reader] generated 41/500
[reader] generated 42/500
[reader] generated 43/500
[reader] generated 44/500
[reader] generated 45/500
[reader] generated 46/500
[reader] generated 47/500
[reader] generated 48/500
[reader] generated 49/500
[reader] generated 50/500
[reader] generated 51/500
[reader] generated 52/500
[reader] generated 53/500
[reader] generated 54/500
[reader] generated 55/500
[reader] generated 56/500
[reader] generated 57/500
[reader] generated 58/500
[reader] generated 59/500
[reader] generated 60/500
[reader] generated 61/500
[reader] generated 62/500
[reader] generated 63/500
[reader] generated 64/500
[reader] generated 65/500
[reader] generated 66/500
[reader] generated 67/500
[reader] generated 68/500
[reader] generated 69/500
[reader] generated 70/500
[reader] generated 71/500
[reader] generated 72/500
[reader] generated 73/500
[reader] generated 74/500
[reader] generated 75/500
[reader] generated 76/500
[reader] generated 77/500
[reader] generated 78/500
[reader] generated 79/500
[reader] generated 80/500
[reader] generated 81/500
[reader] generated 82/500
[reader] generated 83/500
[reader] generated 84/500
[reader] generated 85/500
[reader] generated 86/500
[reader] generated 87/500
[reader] generated 88/500
[reader] generated 89/500
[reader] generated 90/500
[reader] generated 91/500
[reader] generated 92/500
[reader] generated 93/500
[reader] generated 94/500
[reader] generated 95/500
[reader] generated 96/500
[reader] generated 97/500
[reader] generated 98/500
[reader] generated 99/500
[reader] generated 100/500
[reader] generated 101/500
[reader] generated 102/500
[reader] generated 103/500
[reader] generated 104/500
[reader] generated 105/500
[reader] generated 106/500
[reader] generated 107/500
[reader] generated 108/500
[reader] generated 109/500
[reader] generated 110/500
[reader] generated 111/500
[reader] generated 112/500
[reader] generated 113/500
[reader] generated 114/500
[reader] generated 115/500
[reader] generated 116/500
[reader] generated 117/500
[reader] generated 118/500
[reader] generated 119/500
[reader] generated 120/500
[reader] generated 121/500
[reader] generated 122/500
[reader] generated 123/500
[reader] generated 124/500
[reader] generated 125/500
[reader] generated 126/500
[reader] generated 127/500
[reader] generated 128/500
[reader] generated 129/500
[reader] generated 130/500
[reader] generated 131/500
[reader] generated 132/500
[reader] generated 133/500
[reader] generated 134/500
[reader] generated 135/500
[reader] generated 136/500
[reader] generated 137/500
[reader] generated 138/500
[reader] generated 139/500
[reader] generated 140/500
[reader] generated 141/500
[reader] generated 142/500
[reader] generated 143/500
[reader] generated 144/500
[reader] generated 145/500
[reader] generated 146/500
[reader] generated 147/500
[reader] generated 148/500
[reader] generated 149/500
[reader] generated 150/500
[reader] generated 151/500
[reader] generated 152/500
[reader] generated 153/500
[reader] generated 154/500
[reader] generated 155/500
[reader] generated 156/500
[reader] generated 157/500
[reader] generated 158/500
[reader] generated 159/500
[reader] generated 160/500
[reader] generated 161/500
[reader] generated 162/500
[reader] generated 163/500
[reader] generated 164/500
[reader] generated 165/500
[reader] generated 166/500
[reader] generated 167/500
[reader] generated 168/500
[reader] generated 169/500
[reader] generated 170/500
[reader] generated 171/500
[reader] generated 172/500
[reader] generated 173/500
[reader] generated 174/500
[reader] generated 175/500
[reader] generated 176/500
[reader] generated 177/500
[reader] generated 178/500
[reader] generated 179/500
[reader] generated 180/500
[reader] generated 181/500
[reader] generated 182/500
[reader] generated 183/500
[reader] generated 184/500
[reader] generated 185/500
[reader] generated 186/500
[reader] generated 187/500
[reader] generated 188/500
[reader] generated 189/500
[reader] generated 190/500
[reader] generated 191/500
[reader] generated 192/500
[reader] generated 193/500
[reader] generated 194/500
[reader] generated 195/500
[reader] generated 196/500
[reader] generated 197/500
[reader] generated 198/500
[reader] generated 199/500
[reader] generated 200/500
[reader] generated 201/500
[reader] generated 202/500
[reader] generated 203/500
[reader] generated 204/500
[reader] generated 205/500
[reader] generated 206/500
[reader] generated 207/500
[reader] generated 208/500
[reader] generated 209/500
[reader] generated 210/500
[reader] generated 211/500
[reader] generated 212/500
[reader] generated 213/500
[reader] generated 214/500
[reader] generated 215/500
[reader] generated 216/500
[reader] generated 217/500
[reader] generated 218/500
[reader] generated 219/500
[reader] generated 220/500
[reader] generated 221/500
[reader] generated 222/500
[reader] generated 223/500
[reader] generated 224/500
[reader] generated 225/500
[reader] generated 226/500
[reader] generated 227/500
[reader] generated 228/500
[reader] generated 229/500
[reader] generated 230/500
[reader] generated 231/500
[reader] generated 232/500
[reader] generated 233/500
[reader] generated 234/500
[reader] generated 235/500
[reader] generated 236/500
[reader] generated 237/500
[reader] generated 238/500
[reader] generated 239/500
[reader] generated 240/500
[reader] generated 241/500
[reader] generated 242/500
[reader] generated 243/500
[reader] generated 244/500
[reader] generated 245/500
[reader] generated 246/500
[reader] generated 247/500
[reader] generated 248/500
[reader] generated 249/500
[reader] generated 250/500
[reader] generated 251/500
[reader] generated 252/500
[reader] generated 253/500
[reader] generated 254/500
[reader] generated 255/500
[reader] generated 256/500
[reader] generated 257/500
[reader] generated 258/500
[reader] generated 259/500
[reader] generated 260/500
[reader] generated 261/500
[reader] generated 262/500
[reader] generated 263/500
[reader] generated 264/500
[reader] generated 265/500
[reader] generated 266/500
[reader] generated 267/500
[reader] generated 268/500
[reader] generated 269/500
[reader] generated 270/500
[reader] generated 271/500
[reader] generated 272/500
[reader] generated 273/500
[reader] generated 274/500
[reader] generated 275/500
[reader] generated 276/500
[reader] generated 277/500
[reader] generated 278/500
[reader] generated 279/500
[reader] generated 280/500
[reader] generated 281/500
[reader] generated 282/500
[reader] generated 283/500
[reader] generated 284/500
[reader] generated 285/500
[reader] generated 286/500
[reader] generated 287/500
[reader] generated 288/500
[reader] generated 289/500
[reader] generated 290/500
[reader] generated 291/500
[reader] generated 292/500
[reader] generated 293/500
[reader] generated 294/500
[reader] generated 295/500
[reader] generated 296/500
[reader] generated 297/500
[reader] generated 298/500
[reader] generated 299/500
[reader] generated 300/500
[reader] generated 301/500
[reader] generated 302/500
[reader] generated 303/500
[reader] generated 304/500
[reader] generated 305/500
[reader] generated 306/500
[reader] generated 307/500
[reader] generated 308/500
[reader] generated 309/500
[reader] generated 310/500
[reader] generated 311/500
[reader] generated 312/500
[reader] generated 313/500
[reader] generated 314/500
[reader] generated 315/500
[reader] generated 316/500
[reader] generated 317/500
[reader] generated 318/500
[reader] generated 319/500
[reader] generated 320/500
[reader] generated 321/500
[reader] generated 322/500
[reader] generated 323/500
[reader] generated 324/500
[reader] generated 325/500
[reader] generated 326/500
[reader] generated 327/500
[reader] generated 328/500
[reader] generated 329/500
[reader] generated 330/500
[reader] generated 331/500
[reader] generated 332/500
[reader] generated 333/500
[reader] generated 334/500
[reader] generated 335/500
[reader] generated 336/500
[reader] generated 337/500
[reader] generated 338/500
[reader] generated 339/500
[reader] generated 340/500
[reader] generated 341/500
[reader] generated 342/500
[reader] generated 343/500
[reader] generated 344/500
[reader] generated 345/500
[reader] generated 346/500
[reader] generated 347/500
[reader] generated 348/500
[reader] generated 349/500
[reader] generated 350/500
[reader] generated 351/500
[reader] generated 352/500
[reader] generated 353/500
[reader] generated 354/500
[reader] generated 355/500
[reader] generated 356/500
[reader] generated 357/500
[reader] generated 358/500
[reader] generated 359/500
[reader] generated 360/500
[reader] generated 361/500
[reader] generated 362/500
[reader] generated 363/500
[reader] generated 364/500
[reader] generated 365/500
[reader] generated 366/500
[reader] generated 367/500
[reader] generated 368/500
[reader] generated 369/500
[reader] generated 370/500
[reader] generated 371/500
[reader] generated 372/500
[reader] generated 373/500
[reader] generated 374/500
[reader] generated 375/500
[reader] generated 376/500
[reader] generated 377/500
[reader] generated 378/500
[reader] generated 379/500
[reader] generated 380/500
[reader] generated 381/500
[reader] generated 382/500
[reader] generated 383/500
[reader] generated 384/500
[reader] generated 385/500
[reader] generated 386/500
[reader] generated 387/500
[reader] generated 388/500
[reader] generated 389/500
[reader] generated 390/500
[reader] generated 391/500
[reader] generated 392/500
[reader] generated 393/500
[reader] generated 394/500
[reader] generated 395/500
[reader] generated 396/500
[reader] generated 397/500
[reader] generated 398/500
[reader] generated 399/500
[reader] generated 400/500
[reader] generated 401/500
[reader] generated 402/500
[reader] generated 403/500
[reader] generated 404/500
[reader] generated 405/500
[reader] generated 406/500
[reader] generated 407/500
[reader] generated 408/500
[reader] generated 409/500
[reader] generated 410/500
[reader] generated 411/500
[reader] generated 412/500
[reader] generated 413/500
[reader] generated 414/500
[reader] generated 415/500
[reader] generated 416/500
[reader] generated 417/500
[reader] generated 418/500
[reader] generated 419/500
[reader] generated 420/500
[reader] generated 421/500
[reader] generated 422/500
[reader] generated 423/500
[reader] generated 424/500
[reader] generated 425/500
[reader] generated 426/500
[reader] generated 427/500
[reader] generated 428/500
[reader] generated 429/500
[reader] generated 430/500
[reader] generated 431/500
[reader] generated 432/500
[reader] generated 433/500
[reader] generated 434/500
[reader] generated 435/500
[reader] generated 436/500
[reader] generated 437/500
[reader] generated 438/500
[reader] generated 439/500
[reader] generated 440/500
[reader] generated 441/500
[reader] generated 442/500
[reader] generated 443/500
[reader] generated 444/500
[reader] generated 445/500
[reader] generated 446/500
[reader] generated 447/500
[reader] generated 448/500
[reader] generated 449/500
[reader] generated 450/500
[reader] generated 451/500
[reader] generated 452/500
[reader] generated 453/500
[reader] generated 454/500
[reader] generated 455/500
[reader] generated 456/500
[reader] generated 457/500
[reader] generated 458/500
[reader] generated 459/500
[reader] generated 460/500
[reader] generated 461/500
[reader] generated 462/500
[reader] generated 463/500
[reader] generated 464/500
[reader] generated 465/500
[reader] generated 466/500
[reader] generated 467/500
[reader] generated 468/500
[reader] generated 469/500
[reader] generated 470/500
[reader] generated 471/500
[reader] generated 472/500
[reader] generated 473/500
[reader] generated 474/500
[reader] generated 475/500
[reader] generated 476/500
[reader] generated 477/500
[reader] generated 478/500
[reader] generated 479/500
[reader] generated 480/500
[reader] generated 481/500
[reader] generated 482/500
[reader] generated 483/500
[reader] generated 484/500
[reader] generated 485/500
[reader] generated 486/500
[reader] generated 487/500
[reader] generated 488/500
[reader] generated 489/500
[reader] generated 490/500
[reader] generated 491/500
[reader] generated 492/500
[reader] generated 493/500
[reader] generated 494/500
[reader] generated 495/500
[reader] generated 496/500
[reader] generated 497/500
[reader] generated 498/500
[reader] generated 499/500
[reader] generated 500/500
[density] policy=ace_submod_160, router_type=fixed, representation=ace, packer=submod, reader_model=Qwen/Qwen2.5-14B-Instruct, packed_token_budget=160, recall@1=0.419, all_gold@1=0.0, recall@2=0.677, all_gold@2=0.422, recall@5=0.859, all_gold@5=0.726, qwen_em=0.328, qwen_f1=0.4201, avg_reader_evidence_tokens=147.4, mean_ans_in_context=0.612, mean_gold_token_density=0.4277, mean_gold_doc_reader_cov=0.758, mean_all_gold_reader=0.55, mean_distractor_docs=2.306, mean_context_tokens=147.398, mean_n_snippets=4.686
[density] policy=router_oracle_packer, router_type=oracle, representation=mixed, packer=oracle, reader_model=Qwen/Qwen2.5-14B-Instruct, packed_token_budget=160, selection_counts={"ace_focused_160": 98, "ace_mmr_160": 31, "ace_submod_160": 87, "chunk_focused_160": 86, "chunk_mmr_160": 21, "chunk_submod_160": 177}, qwen_em=0.486, qwen_f1=0.5998, avg_reader_evidence_tokens=141.92, mean_ans_in_context=0.702, mean_gold_token_density=0.5114, mean_gold_doc_reader_cov=0.791, mean_all_gold_reader=0.602, mean_distractor_docs=1.88, mean_context_tokens=141.916, mean_n_snippets=4.056
wrote /kaggle/working/colab_results/stage11_density_packer_hotpotqa_reader14b_4bit_budget160_limit500_seed42/hotpotqa_density_standard_budget160_limit500_metrics.csv
wrote /kaggle/working/colab_results/stage11_density_packer_hotpotqa_reader14b_4bit_budget160_limit500_seed42/hotpotqa_density_standard_budget160_limit500_per_question.csv
--- ladder reader14b_4bit (Qwen/Qwen2.5-14B-Instruct) seed 13 ---
$ /usr/bin/python3 -m experiments.run_density_router --dataset hotpotqa --split validation --limit 500 --seed 13 --ace-retriever standard --top-k 5 --top-k-nodes 48 --max-expanded-docs 5 --embedder sentence-transformers --embedding-model BAAI/bge-small-en-v1.5 --embed-device cuda --compressor truncate --compress-dims 320 --reader-backend hf --reader-model Qwen/Qwen2.5-14B-Instruct --reader-device cuda --reader-load-4bit --reader-batch-size 1 --mmr-lambda 0.7 --budget 160 --out-dir /kaggle/working/colab_results/stage11_density_packer_hotpotqa_reader14b_4bit_budget160_limit500_seed13
hotpotqa[hf:validation:500]: 4933 docs, 500 questions, 2.00 gold docs/question
[density] retrieving chunk baseline
[chunk] fitting/indexing
[embed] encoding 4933 texts on device=cuda:0

Batches:   0%|          | 0/78 [00:00<?, ?it/s]
Batches:   1%|▏         | 1/78 [00:00<01:15,  1.01it/s]
Batches:   3%|▎         | 2/78 [00:01<00:54,  1.38it/s]
Batches:   4%|▍         | 3/78 [00:01<00:43,  1.73it/s]
Batches:   5%|▌         | 4/78 [00:02<00:38,  1.93it/s]
Batches:   6%|▋         | 5/78 [00:02<00:33,  2.17it/s]
Batches:   8%|▊         | 6/78 [00:03<00:29,  2.42it/s]
Batches:   9%|▉         | 7/78 [00:03<00:27,  2.54it/s]
Batches:  10%|█         | 8/78 [00:03<00:25,  2.71it/s]
Batches:  12%|█▏        | 9/78 [00:04<00:24,  2.81it/s]
Batches:  13%|█▎        | 10/78 [00:04<00:23,  2.93it/s]
Batches:  14%|█▍        | 11/78 [00:04<00:21,  3.09it/s]
Batches:  15%|█▌        | 12/78 [00:04<00:20,  3.28it/s]
Batches:  17%|█▋        | 13/78 [00:05<00:18,  3.44it/s]
Batches:  18%|█▊        | 14/78 [00:05<00:18,  3.54it/s]
Batches:  19%|█▉        | 15/78 [00:05<00:17,  3.68it/s]
Batches:  21%|██        | 16/78 [00:05<00:16,  3.74it/s]
Batches:  22%|██▏       | 17/78 [00:06<00:15,  3.86it/s]
Batches:  23%|██▎       | 18/78 [00:06<00:15,  3.89it/s]
Batches:  24%|██▍       | 19/78 [00:06<00:14,  4.03it/s]
Batches:  26%|██▌       | 20/78 [00:06<00:13,  4.36it/s]
Batches:  27%|██▋       | 21/78 [00:07<00:12,  4.50it/s]
Batches:  28%|██▊       | 22/78 [00:07<00:12,  4.61it/s]
Batches:  29%|██▉       | 23/78 [00:07<00:11,  4.71it/s]
Batches:  31%|███       | 24/78 [00:07<00:11,  4.75it/s]
Batches:  32%|███▏      | 25/78 [00:07<00:10,  4.85it/s]
Batches:  33%|███▎      | 26/78 [00:08<00:10,  5.01it/s]
Batches:  35%|███▍      | 27/78 [00:08<00:09,  5.11it/s]
Batches:  36%|███▌      | 28/78 [00:08<00:09,  5.28it/s]
Batches:  37%|███▋      | 29/78 [00:08<00:09,  5.27it/s]
Batches:  38%|███▊      | 30/78 [00:08<00:09,  5.15it/s]
Batches:  40%|███▉      | 31/78 [00:08<00:08,  5.24it/s]
Batches:  41%|████      | 32/78 [00:09<00:08,  5.21it/s]
Batches:  42%|████▏     | 33/78 [00:09<00:08,  5.38it/s]
Batches:  44%|████▎     | 34/78 [00:09<00:07,  5.54it/s]
Batches:  45%|████▍     | 35/78 [00:09<00:07,  5.52it/s]
Batches:  46%|████▌     | 36/78 [00:09<00:07,  5.65it/s]
Batches:  47%|████▋     | 37/78 [00:09<00:07,  5.84it/s]
Batches:  49%|████▊     | 38/78 [00:10<00:06,  5.90it/s]
Batches:  50%|█████     | 39/78 [00:10<00:06,  6.15it/s]
Batches:  51%|█████▏    | 40/78 [00:10<00:06,  6.09it/s]
Batches:  53%|█████▎    | 41/78 [00:10<00:05,  6.20it/s]
Batches:  54%|█████▍    | 42/78 [00:10<00:05,  6.22it/s]
Batches:  55%|█████▌    | 43/78 [00:10<00:05,  6.15it/s]
Batches:  56%|█████▋    | 44/78 [00:11<00:05,  6.49it/s]
Batches:  58%|█████▊    | 45/78 [00:11<00:05,  6.11it/s]
Batches:  59%|█████▉    | 46/78 [00:11<00:05,  6.24it/s]
Batches:  60%|██████    | 47/78 [00:11<00:04,  6.44it/s]
Batches:  62%|██████▏   | 48/78 [00:11<00:04,  6.73it/s]
Batches:  63%|██████▎   | 49/78 [00:11<00:04,  7.06it/s]
Batches:  64%|██████▍   | 50/78 [00:11<00:03,  7.19it/s]
Batches:  65%|██████▌   | 51/78 [00:12<00:03,  7.45it/s]
Batches:  67%|██████▋   | 52/78 [00:12<00:03,  7.68it/s]
Batches:  68%|██████▊   | 53/78 [00:12<00:03,  7.90it/s]
Batches:  69%|██████▉   | 54/78 [00:12<00:02,  8.24it/s]
Batches:  71%|███████   | 55/78 [00:12<00:02,  8.45it/s]
Batches:  72%|███████▏  | 56/78 [00:12<00:02,  8.62it/s]
Batches:  73%|███████▎  | 57/78 [00:12<00:02,  8.73it/s]
Batches:  74%|███████▍  | 58/78 [00:12<00:02,  8.85it/s]
Batches:  76%|███████▌  | 59/78 [00:12<00:02,  8.72it/s]
Batches:  77%|███████▋  | 60/78 [00:13<00:02,  8.85it/s]
Batches:  79%|███████▉  | 62/78 [00:13<00:01,  9.53it/s]
Batches:  82%|████████▏ | 64/78 [00:13<00:01,  9.85it/s]
Batches:  83%|████████▎ | 65/78 [00:13<00:01,  9.71it/s]
Batches:  86%|████████▌ | 67/78 [00:13<00:01, 10.20it/s]
Batches:  88%|████████▊ | 69/78 [00:13<00:00, 10.83it/s]
Batches:  91%|█████████ | 71/78 [00:14<00:00, 11.32it/s]
Batches:  94%|█████████▎| 73/78 [00:14<00:00, 12.12it/s]
Batches:  96%|█████████▌| 75/78 [00:14<00:00, 13.33it/s]
Batches: 100%|██████████| 78/78 [00:14<00:00,  5.39it/s]
[chunk] retrieving
[embed] encoding 500 texts on device=cuda:0

Batches:   0%|          | 0/8 [00:00<?, ?it/s]
Batches:  38%|███▊      | 3/8 [00:00<00:00, 25.93it/s]
Batches:  88%|████████▊ | 7/8 [00:00<00:00, 30.82it/s]
Batches: 100%|██████████| 8/8 [00:00<00:00, 31.68it/s]
[density] retrieving ACE graph
[ace] building evidence graph
[ace] graph built: nodes=50334 edges=77031
[ace] fitting/indexing embeddings
[embed] encoding 45401 texts on device=cuda:0

Batches:   0%|          | 0/710 [00:00<?, ?it/s]
Batches:   0%|          | 1/710 [00:00<05:24,  2.19it/s]
Batches:   0%|          | 2/710 [00:00<03:23,  3.47it/s]
Batches:   0%|          | 3/710 [00:00<02:29,  4.72it/s]
Batches:   1%|          | 4/710 [00:00<02:05,  5.61it/s]
Batches:   1%|          | 5/710 [00:00<01:47,  6.54it/s]
Batches:   1%|          | 6/710 [00:01<01:36,  7.28it/s]
Batches:   1%|          | 8/710 [00:01<01:26,  8.11it/s]
Batches:   1%|▏         | 9/710 [00:01<01:23,  8.44it/s]
Batches:   2%|▏         | 11/710 [00:01<01:17,  8.97it/s]
Batches:   2%|▏         | 13/710 [00:01<01:13,  9.44it/s]
Batches:   2%|▏         | 14/710 [00:01<01:13,  9.41it/s]
Batches:   2%|▏         | 15/710 [00:02<01:13,  9.41it/s]
Batches:   2%|▏         | 17/710 [00:02<01:09,  9.93it/s]
Batches:   3%|▎         | 19/710 [00:02<01:07, 10.29it/s]
Batches:   3%|▎         | 21/710 [00:02<01:04, 10.76it/s]
Batches:   3%|▎         | 23/710 [00:02<01:02, 11.00it/s]
Batches:   4%|▎         | 25/710 [00:02<01:01, 11.09it/s]
Batches:   4%|▍         | 27/710 [00:03<00:58, 11.73it/s]
Batches:   4%|▍         | 29/710 [00:03<00:57, 11.86it/s]
Batches:   4%|▍         | 31/710 [00:03<00:59, 11.40it/s]
Batches:   5%|▍         | 33/710 [00:03<00:57, 11.81it/s]
Batches:   5%|▍         | 35/710 [00:03<00:54, 12.37it/s]
Batches:   5%|▌         | 37/710 [00:03<00:53, 12.68it/s]
Batches:   5%|▌         | 39/710 [00:04<00:51, 13.04it/s]
Batches:   6%|▌         | 41/710 [00:04<00:48, 13.85it/s]
Batches:   6%|▌         | 43/710 [00:04<00:50, 13.22it/s]
Batches:   6%|▋         | 45/710 [00:04<00:49, 13.46it/s]
Batches:   7%|▋         | 47/710 [00:04<00:50, 13.00it/s]
Batches:   7%|▋         | 49/710 [00:04<00:49, 13.34it/s]
Batches:   7%|▋         | 51/710 [00:04<00:47, 13.99it/s]
Batches:   7%|▋         | 53/710 [00:05<00:47, 13.97it/s]
Batches:   8%|▊         | 55/710 [00:05<00:46, 14.00it/s]
Batches:   8%|▊         | 57/710 [00:05<00:44, 14.81it/s]
Batches:   8%|▊         | 59/710 [00:05<00:41, 15.53it/s]
Batches:   9%|▊         | 61/710 [00:05<00:43, 14.77it/s]
Batches:   9%|▉         | 63/710 [00:05<00:42, 15.18it/s]
Batches:   9%|▉         | 65/710 [00:05<00:40, 15.82it/s]
Batches:   9%|▉         | 67/710 [00:05<00:42, 15.14it/s]
Batches:  10%|▉         | 69/710 [00:06<00:40, 15.73it/s]
Batches:  10%|█         | 71/710 [00:06<00:39, 16.16it/s]
Batches:  10%|█         | 73/710 [00:06<00:38, 16.51it/s]
Batches:  11%|█         | 75/710 [00:06<00:40, 15.84it/s]
Batches:  11%|█         | 77/710 [00:06<00:39, 16.07it/s]
Batches:  11%|█         | 79/710 [00:06<00:39, 16.03it/s]
Batches:  11%|█▏        | 81/710 [00:06<00:38, 16.28it/s]
Batches:  12%|█▏        | 83/710 [00:06<00:38, 16.49it/s]
Batches:  12%|█▏        | 85/710 [00:07<00:37, 16.57it/s]
Batches:  12%|█▏        | 87/710 [00:07<00:38, 16.30it/s]
Batches:  13%|█▎        | 89/710 [00:07<00:37, 16.54it/s]
Batches:  13%|█▎        | 91/710 [00:07<00:36, 17.03it/s]
Batches:  13%|█▎        | 93/710 [00:07<00:35, 17.16it/s]
Batches:  13%|█▎        | 95/710 [00:07<00:34, 17.75it/s]
Batches:  14%|█▎        | 97/710 [00:07<00:33, 18.32it/s]
Batches:  14%|█▍        | 100/710 [00:07<00:31, 19.16it/s]
Batches:  14%|█▍        | 102/710 [00:07<00:32, 18.72it/s]
Batches:  15%|█▍        | 104/710 [00:08<00:32, 18.43it/s]
Batches:  15%|█▍        | 106/710 [00:08<00:33, 18.02it/s]
Batches:  15%|█▌        | 108/710 [00:08<00:32, 18.45it/s]
Batches:  15%|█▌        | 110/710 [00:08<00:31, 18.77it/s]
Batches:  16%|█▌        | 113/710 [00:08<00:31, 19.20it/s]
Batches:  16%|█▌        | 115/710 [00:08<00:30, 19.29it/s]
Batches:  16%|█▋        | 117/710 [00:08<00:31, 18.93it/s]
Batches:  17%|█▋        | 120/710 [00:08<00:29, 20.07it/s]
Batches:  17%|█▋        | 122/710 [00:08<00:29, 19.91it/s]
Batches:  17%|█▋        | 124/710 [00:09<00:29, 19.59it/s]
Batches:  18%|█▊        | 127/710 [00:09<00:28, 20.13it/s]
Batches:  18%|█▊        | 129/710 [00:09<00:29, 19.89it/s]
Batches:  18%|█▊        | 131/710 [00:09<00:29, 19.90it/s]
Batches:  19%|█▉        | 134/710 [00:09<00:29, 19.80it/s]
Batches:  19%|█▉        | 137/710 [00:09<00:28, 20.26it/s]
Batches:  20%|█▉        | 140/710 [00:09<00:27, 20.37it/s]
Batches:  20%|██        | 143/710 [00:10<00:28, 20.12it/s]
Batches:  21%|██        | 146/710 [00:10<00:27, 20.74it/s]
Batches:  21%|██        | 149/710 [00:10<00:28, 20.00it/s]
Batches:  21%|██▏       | 152/710 [00:10<00:27, 20.49it/s]
Batches:  22%|██▏       | 155/710 [00:10<00:26, 21.08it/s]
Batches:  22%|██▏       | 158/710 [00:10<00:25, 21.59it/s]
Batches:  23%|██▎       | 161/710 [00:10<00:24, 22.14it/s]
Batches:  23%|██▎       | 164/710 [00:10<00:25, 21.81it/s]
Batches:  24%|██▎       | 167/710 [00:11<00:24, 21.82it/s]
Batches:  24%|██▍       | 170/710 [00:11<00:24, 21.73it/s]
Batches:  24%|██▍       | 173/710 [00:11<00:24, 22.37it/s]
Batches:  25%|██▍       | 176/710 [00:11<00:23, 22.42it/s]
Batches:  25%|██▌       | 179/710 [00:11<00:23, 23.01it/s]
Batches:  26%|██▌       | 182/710 [00:11<00:22, 23.26it/s]
Batches:  26%|██▌       | 185/710 [00:11<00:22, 23.09it/s]
Batches:  26%|██▋       | 188/710 [00:12<00:22, 23.47it/s]
Batches:  27%|██▋       | 191/710 [00:12<00:21, 24.00it/s]
Batches:  27%|██▋       | 194/710 [00:12<00:21, 23.94it/s]
Batches:  28%|██▊       | 197/710 [00:12<00:20, 24.61it/s]
Batches:  28%|██▊       | 200/710 [00:12<00:20, 24.53it/s]
Batches:  29%|██▊       | 203/710 [00:12<00:20, 24.45it/s]
Batches:  29%|██▉       | 206/710 [00:12<00:20, 24.82it/s]
Batches:  29%|██▉       | 209/710 [00:12<00:20, 24.39it/s]
Batches:  30%|██▉       | 212/710 [00:12<00:19, 25.20it/s]
Batches:  30%|███       | 215/710 [00:13<00:19, 25.54it/s]
Batches:  31%|███       | 218/710 [00:13<00:19, 25.33it/s]
Batches:  31%|███       | 221/710 [00:13<00:19, 25.19it/s]
Batches:  32%|███▏      | 224/710 [00:13<00:18, 26.06it/s]
Batches:  32%|███▏      | 227/710 [00:13<00:18, 26.49it/s]
Batches:  32%|███▏      | 230/710 [00:13<00:17, 26.97it/s]
Batches:  33%|███▎      | 233/710 [00:13<00:19, 24.23it/s]
Batches:  33%|███▎      | 236/710 [00:13<00:18, 24.97it/s]
Batches:  34%|███▎      | 239/710 [00:14<00:18, 26.05it/s]
Batches:  34%|███▍      | 242/710 [00:14<00:17, 26.72it/s]
Batches:  35%|███▍      | 245/710 [00:14<00:16, 27.50it/s]
Batches:  35%|███▌      | 249/710 [00:14<00:16, 28.64it/s]
Batches:  35%|███▌      | 252/710 [00:14<00:16, 28.52it/s]
Batches:  36%|███▌      | 255/710 [00:14<00:16, 28.39it/s]
Batches:  36%|███▋      | 259/710 [00:14<00:15, 28.95it/s]
Batches:  37%|███▋      | 263/710 [00:14<00:15, 29.16it/s]
Batches:  38%|███▊      | 267/710 [00:14<00:14, 29.78it/s]
Batches:  38%|███▊      | 270/710 [00:15<00:14, 29.41it/s]
Batches:  39%|███▊      | 274/710 [00:15<00:14, 30.18it/s]
Batches:  39%|███▉      | 278/710 [00:15<00:13, 31.26it/s]
Batches:  40%|███▉      | 282/710 [00:15<00:13, 31.89it/s]
Batches:  40%|████      | 286/710 [00:15<00:13, 32.06it/s]
Batches:  41%|████      | 290/710 [00:15<00:13, 32.20it/s]
Batches:  41%|████▏     | 294/710 [00:15<00:12, 33.50it/s]
Batches:  42%|████▏     | 298/710 [00:15<00:11, 34.65it/s]
Batches:  43%|████▎     | 302/710 [00:16<00:11, 34.82it/s]
Batches:  43%|████▎     | 306/710 [00:16<00:11, 35.33it/s]
Batches:  44%|████▎     | 310/710 [00:16<00:11, 35.25it/s]
Batches:  44%|████▍     | 314/710 [00:16<00:10, 36.33it/s]
Batches:  45%|████▍     | 319/710 [00:16<00:10, 38.67it/s]
Batches:  46%|████▌     | 324/710 [00:16<00:09, 40.50it/s]
Batches:  46%|████▋     | 329/710 [00:16<00:08, 42.97it/s]
Batches:  47%|████▋     | 335/710 [00:16<00:08, 45.52it/s]
Batches:  48%|████▊     | 341/710 [00:16<00:07, 48.13it/s]
Batches:  49%|████▉     | 347/710 [00:17<00:07, 50.85it/s]
Batches:  50%|████▉     | 354/710 [00:17<00:06, 53.92it/s]
Batches:  51%|█████     | 361/710 [00:17<00:06, 56.41it/s]
Batches:  52%|█████▏    | 368/710 [00:17<00:05, 59.42it/s]
Batches:  53%|█████▎    | 375/710 [00:17<00:05, 61.45it/s]
Batches:  54%|█████▍    | 382/710 [00:17<00:05, 63.42it/s]
Batches:  55%|█████▍    | 390/710 [00:17<00:04, 66.35it/s]
Batches:  56%|█████▌    | 397/710 [00:17<00:04, 66.84it/s]
Batches:  57%|█████▋    | 404/710 [00:17<00:04, 67.23it/s]
Batches:  58%|█████▊    | 412/710 [00:17<00:04, 69.76it/s]
Batches:  59%|█████▉    | 420/710 [00:18<00:04, 71.81it/s]
Batches:  60%|██████    | 428/710 [00:18<00:03, 73.57it/s]
Batches:  61%|██████▏   | 436/710 [00:18<00:03, 74.97it/s]
Batches:  63%|██████▎   | 444/710 [00:18<00:03, 74.26it/s]
Batches:  64%|██████▍   | 453/710 [00:18<00:03, 76.78it/s]
Batches:  65%|██████▍   | 461/710 [00:18<00:03, 77.48it/s]
Batches:  66%|██████▌   | 469/710 [00:18<00:03, 76.60it/s]
Batches:  67%|██████▋   | 478/710 [00:18<00:02, 78.03it/s]
Batches:  69%|██████▊   | 487/710 [00:18<00:02, 80.17it/s]
Batches:  70%|██████▉   | 496/710 [00:19<00:02, 80.74it/s]
Batches:  71%|███████   | 505/710 [00:19<00:02, 82.37it/s]
Batches:  72%|███████▏  | 514/710 [00:19<00:02, 83.28it/s]
Batches:  74%|███████▎  | 523/710 [00:19<00:02, 85.10it/s]
Batches:  75%|███████▍  | 532/710 [00:19<00:02, 85.95it/s]
Batches:  76%|███████▌  | 541/710 [00:19<00:01, 86.42it/s]
Batches:  77%|███████▋  | 550/710 [00:19<00:01, 86.85it/s]
Batches:  79%|███████▊  | 559/710 [00:19<00:01, 87.71it/s]
Batches:  80%|████████  | 569/710 [00:19<00:01, 89.13it/s]
Batches:  82%|████████▏ | 579/710 [00:19<00:01, 89.88it/s]
Batches:  83%|████████▎ | 589/710 [00:20<00:01, 92.22it/s]
Batches:  84%|████████▍ | 599/710 [00:20<00:01, 93.62it/s]
Batches:  86%|████████▌ | 609/710 [00:20<00:01, 95.15it/s]
Batches:  87%|████████▋ | 619/710 [00:20<00:00, 95.87it/s]
Batches:  89%|████████▊ | 630/710 [00:20<00:00, 97.23it/s]
Batches:  90%|█████████ | 640/710 [00:20<00:00, 97.10it/s]
Batches:  92%|█████████▏| 650/710 [00:20<00:00, 97.40it/s]
Batches:  93%|█████████▎| 660/710 [00:20<00:00, 95.76it/s]
Batches:  95%|█████████▍| 671/710 [00:20<00:00, 97.09it/s]
Batches:  96%|█████████▌| 681/710 [00:21<00:00, 97.84it/s]
Batches:  97%|█████████▋| 691/710 [00:21<00:00, 98.03it/s]
Batches:  99%|█████████▊| 701/710 [00:21<00:00, 98.30it/s]
Batches: 100%|██████████| 710/710 [00:21<00:00, 33.33it/s]
[ace] retrieving
[embed] encoding 500 texts on device=cuda:0

Batches:   0%|          | 0/8 [00:00<?, ?it/s]
Batches:  38%|███▊      | 3/8 [00:00<00:00, 25.53it/s]
Batches:  88%|████████▊ | 7/8 [00:00<00:00, 30.07it/s]
Batches: 100%|██████████| 8/8 [00:00<00:00, 30.98it/s]
[density] loading reader once
`torch_dtype` is deprecated! Use `dtype` instead!

Loading checkpoint shards:   0%|          | 0/8 [00:00<?, ?it/s]
Loading checkpoint shards:  12%|█▎        | 1/8 [00:12<01:24, 12.12s/it]
Loading checkpoint shards:  25%|██▌       | 2/8 [00:24<01:12, 12.03s/it]
Loading checkpoint shards:  38%|███▊      | 3/8 [00:40<01:10, 14.07s/it]
Loading checkpoint shards:  50%|█████     | 4/8 [01:08<01:17, 19.34s/it]
Loading checkpoint shards:  62%|██████▎   | 5/8 [01:33<01:04, 21.51s/it]
Loading checkpoint shards:  75%|███████▌  | 6/8 [01:51<00:40, 20.41s/it]
Loading checkpoint shards:  88%|████████▊ | 7/8 [02:16<00:22, 22.01s/it]
Loading checkpoint shards: 100%|██████████| 8/8 [02:24<00:00, 17.41s/it]
Loading checkpoint shards: 100%|██████████| 8/8 [02:24<00:00, 18.06s/it]
[reader] loaded Qwen/Qwen2.5-14B-Instruct (device_map=auto, 4bit=True) entry=cuda:0
[density] materializing policy=chunk_packed_160
[density] generating policy=chunk_packed_160
The following generation flags are not valid and may be ignored: ['temperature', 'top_p', 'top_k']. Set `TRANSFORMERS_VERBOSITY=info` for more details.
[reader] generated 1/500
[reader] generated 2/500
[reader] generated 3/500
[reader] generated 4/500
[reader] generated 5/500
[reader] generated 6/500
[reader] generated 7/500
[reader] generated 8/500
[reader] generated 9/500
[reader] generated 10/500
[reader] generated 11/500
[reader] generated 12/500
[reader] generated 13/500
[reader] generated 14/500
[reader] generated 15/500
[reader] generated 16/500
[reader] generated 17/500
[reader] generated 18/500
[reader] generated 19/500
[reader] generated 20/500
[reader] generated 21/500
[reader] generated 22/500
[reader] generated 23/500
[reader] generated 24/500
[reader] generated 25/500
[reader] generated 26/500
[reader] generated 27/500
[reader] generated 28/500
[reader] generated 29/500
[reader] generated 30/500
[reader] generated 31/500
[reader] generated 32/500
[reader] generated 33/500
[reader] generated 34/500
[reader] generated 35/500
[reader] generated 36/500
[reader] generated 37/500
[reader] generated 38/500
[reader] generated 39/500
[reader] generated 40/500
[reader] generated 41/500
[reader] generated 42/500
[reader] generated 43/500
[reader] generated 44/500
[reader] generated 45/500
[reader] generated 46/500
[reader] generated 47/500
[reader] generated 48/500
[reader] generated 49/500
[reader] generated 50/500
[reader] generated 51/500
[reader] generated 52/500
[reader] generated 53/500
[reader] generated 54/500
[reader] generated 55/500
[reader] generated 56/500
[reader] generated 57/500
[reader] generated 58/500
[reader] generated 59/500
[reader] generated 60/500
[reader] generated 61/500
[reader] generated 62/500
[reader] generated 63/500
[reader] generated 64/500
[reader] generated 65/500
[reader] generated 66/500
[reader] generated 67/500
[reader] generated 68/500
[reader] generated 69/500
[reader] generated 70/500
[reader] generated 71/500
[reader] generated 72/500
[reader] generated 73/500
[reader] generated 74/500
[reader] generated 75/500
[reader] generated 76/500
[reader] generated 77/500
[reader] generated 78/500
[reader] generated 79/500
[reader] generated 80/500
[reader] generated 81/500
[reader] generated 82/500
[reader] generated 83/500
[reader] generated 84/500
[reader] generated 85/500
[reader] generated 86/500
[reader] generated 87/500
[reader] generated 88/500
[reader] generated 89/500
[reader] generated 90/500
[reader] generated 91/500
[reader] generated 92/500
[reader] generated 93/500
[reader] generated 94/500
[reader] generated 95/500
[reader] generated 96/500
[reader] generated 97/500
[reader] generated 98/500
[reader] generated 99/500
[reader] generated 100/500
[reader] generated 101/500
[reader] generated 102/500
[reader] generated 103/500
[reader] generated 104/500
[reader] generated 105/500
[reader] generated 106/500
[reader] generated 107/500
[reader] generated 108/500
[reader] generated 109/500
[reader] generated 110/500
[reader] generated 111/500
[reader] generated 112/500
[reader] generated 113/500
[reader] generated 114/500
[reader] generated 115/500
[reader] generated 116/500
[reader] generated 117/500
[reader] generated 118/500
[reader] generated 119/500
[reader] generated 120/500
[reader] generated 121/500
[reader] generated 122/500
[reader] generated 123/500
[reader] generated 124/500
[reader] generated 125/500
[reader] generated 126/500
[reader] generated 127/500
[reader] generated 128/500
[reader] generated 129/500
[reader] generated 130/500
[reader] generated 131/500
[reader] generated 132/500
[reader] generated 133/500
[reader] generated 134/500
[reader] generated 135/500
[reader] generated 136/500
[reader] generated 137/500
[reader] generated 138/500
[reader] generated 139/500
[reader] generated 140/500
[reader] generated 141/500
[reader] generated 142/500
[reader] generated 143/500
[reader] generated 144/500
[reader] generated 145/500
[reader] generated 146/500
[reader] generated 147/500
[reader] generated 148/500
[reader] generated 149/500
[reader] generated 150/500
[reader] generated 151/500
[reader] generated 152/500
[reader] generated 153/500
[reader] generated 154/500
[reader] generated 155/500
[reader] generated 156/500
[reader] generated 157/500
[reader] generated 158/500
[reader] generated 159/500
[reader] generated 160/500
[reader] generated 161/500
[reader] generated 162/500
[reader] generated 163/500
[reader] generated 164/500
[reader] generated 165/500
[reader] generated 166/500
[reader] generated 167/500
[reader] generated 168/500
[reader] generated 169/500
[reader] generated 170/500
[reader] generated 171/500
[reader] generated 172/500
[reader] generated 173/500
[reader] generated 174/500
[reader] generated 175/500
[reader] generated 176/500
[reader] generated 177/500
[reader] generated 178/500
[reader] generated 179/500
[reader] generated 180/500
[reader] generated 181/500
[reader] generated 182/500
[reader] generated 183/500
[reader] generated 184/500
[reader] generated 185/500
[reader] generated 186/500
[reader] generated 187/500
[reader] generated 188/500
[reader] generated 189/500
[reader] generated 190/500
[reader] generated 191/500
[reader] generated 192/500
[reader] generated 193/500
[reader] generated 194/500
[reader] generated 195/500
[reader] generated 196/500
[reader] generated 197/500
[reader] generated 198/500
[reader] generated 199/500
[reader] generated 200/500
[reader] generated 201/500
[reader] generated 202/500
[reader] generated 203/500
[reader] generated 204/500
[reader] generated 205/500
[reader] generated 206/500
[reader] generated 207/500
[reader] generated 208/500
[reader] generated 209/500
[reader] generated 210/500
[reader] generated 211/500
[reader] generated 212/500
[reader] generated 213/500
[reader] generated 214/500
[reader] generated 215/500
[reader] generated 216/500
[reader] generated 217/500
[reader] generated 218/500
[reader] generated 219/500
[reader] generated 220/500
[reader] generated 221/500
[reader] generated 222/500
[reader] generated 223/500
[reader] generated 224/500
[reader] generated 225/500
[reader] generated 226/500
[reader] generated 227/500
[reader] generated 228/500
[reader] generated 229/500
[reader] generated 230/500
[reader] generated 231/500
[reader] generated 232/500
[reader] generated 233/500
[reader] generated 234/500
[reader] generated 235/500
[reader] generated 236/500
[reader] generated 237/500
[reader] generated 238/500
[reader] generated 239/500
[reader] generated 240/500
[reader] generated 241/500
[reader] generated 242/500
[reader] generated 243/500
[reader] generated 244/500
[reader] generated 245/500
[reader] generated 246/500
[reader] generated 247/500
[reader] generated 248/500
[reader] generated 249/500
[reader] generated 250/500
[reader] generated 251/500
[reader] generated 252/500
[reader] generated 253/500
[reader] generated 254/500
[reader] generated 255/500
[reader] generated 256/500
[reader] generated 257/500
[reader] generated 258/500
[reader] generated 259/500
[reader] generated 260/500
[reader] generated 261/500
[reader] generated 262/500
[reader] generated 263/500
[reader] generated 264/500
[reader] generated 265/500
[reader] generated 266/500
[reader] generated 267/500
[reader] generated 268/500
[reader] generated 269/500
[reader] generated 270/500
[reader] generated 271/500
[reader] generated 272/500
[reader] generated 273/500
[reader] generated 274/500
[reader] generated 275/500
[reader] generated 276/500
[reader] generated 277/500
[reader] generated 278/500
[reader] generated 279/500
[reader] generated 280/500
[reader] generated 281/500
[reader] generated 282/500
[reader] generated 283/500
[reader] generated 284/500
[reader] generated 285/500
[reader] generated 286/500
[reader] generated 287/500
[reader] generated 288/500
[reader] generated 289/500
[reader] generated 290/500
[reader] generated 291/500
[reader] generated 292/500
[reader] generated 293/500
[reader] generated 294/500
[reader] generated 295/500
[reader] generated 296/500
[reader] generated 297/500
[reader] generated 298/500
[reader] generated 299/500
[reader] generated 300/500
[reader] generated 301/500
[reader] generated 302/500
[reader] generated 303/500
[reader] generated 304/500
[reader] generated 305/500
[reader] generated 306/500
[reader] generated 307/500
[reader] generated 308/500
[reader] generated 309/500
[reader] generated 310/500
[reader] generated 311/500
[reader] generated 312/500
[reader] generated 313/500
[reader] generated 314/500
[reader] generated 315/500
[reader] generated 316/500
[reader] generated 317/500
[reader] generated 318/500
[reader] generated 319/500
[reader] generated 320/500
[reader] generated 321/500
[reader] generated 322/500
[reader] generated 323/500
[reader] generated 324/500
[reader] generated 325/500
[reader] generated 326/500
[reader] generated 327/500
[reader] generated 328/500
[reader] generated 329/500
[reader] generated 330/500
[reader] generated 331/500
[reader] generated 332/500
[reader] generated 333/500
[reader] generated 334/500
[reader] generated 335/500
[reader] generated 336/500
[reader] generated 337/500
[reader] generated 338/500
[reader] generated 339/500
[reader] generated 340/500
[reader] generated 341/500
[reader] generated 342/500
[reader] generated 343/500
[reader] generated 344/500
[reader] generated 345/500
[reader] generated 346/500
[reader] generated 347/500
[reader] generated 348/500
[reader] generated 349/500
[reader] generated 350/500
[reader] generated 351/500
[reader] generated 352/500
[reader] generated 353/500
[reader] generated 354/500
[reader] generated 355/500
[reader] generated 356/500
[reader] generated 357/500
[reader] generated 358/500
[reader] generated 359/500
[reader] generated 360/500
[reader] generated 361/500
[reader] generated 362/500
[reader] generated 363/500
[reader] generated 364/500
[reader] generated 365/500
[reader] generated 366/500
[reader] generated 367/500
[reader] generated 368/500
[reader] generated 369/500
[reader] generated 370/500
[reader] generated 371/500
[reader] generated 372/500
[reader] generated 373/500
[reader] generated 374/500
[reader] generated 375/500
[reader] generated 376/500
[reader] generated 377/500
[reader] generated 378/500
[reader] generated 379/500
[reader] generated 380/500
[reader] generated 381/500
[reader] generated 382/500
[reader] generated 383/500
[reader] generated 384/500
[reader] generated 385/500
[reader] generated 386/500
[reader] generated 387/500
[reader] generated 388/500
[reader] generated 389/500
[reader] generated 390/500
[reader] generated 391/500
[reader] generated 392/500
[reader] generated 393/500
[reader] generated 394/500
[reader] generated 395/500
[reader] generated 396/500
[reader] generated 397/500
[reader] generated 398/500
[reader] generated 399/500
[reader] generated 400/500
[reader] generated 401/500
[reader] generated 402/500
[reader] generated 403/500
[reader] generated 404/500
[reader] generated 405/500
[reader] generated 406/500
[reader] generated 407/500
[reader] generated 408/500
[reader] generated 409/500
[reader] generated 410/500
[reader] generated 411/500
[reader] generated 412/500
[reader] generated 413/500
[reader] generated 414/500
[reader] generated 415/500
[reader] generated 416/500
[reader] generated 417/500
[reader] generated 418/500
[reader] generated 419/500
[reader] generated 420/500
[reader] generated 421/500
[reader] generated 422/500
[reader] generated 423/500
[reader] generated 424/500
[reader] generated 425/500
[reader] generated 426/500
[reader] generated 427/500
[reader] generated 428/500
[reader] generated 429/500
[reader] generated 430/500
[reader] generated 431/500
[reader] generated 432/500
[reader] generated 433/500
[reader] generated 434/500
[reader] generated 435/500
[reader] generated 436/500
[reader] generated 437/500
[reader] generated 438/500
[reader] generated 439/500
[reader] generated 440/500
[reader] generated 441/500
[reader] generated 442/500
[reader] generated 443/500
[reader] generated 444/500
[reader] generated 445/500
[reader] generated 446/500
[reader] generated 447/500
[reader] generated 448/500
[reader] generated 449/500
[reader] generated 450/500
[reader] generated 451/500
[reader] generated 452/500
[reader] generated 453/500
[reader] generated 454/500
[reader] generated 455/500
[reader] generated 456/500
[reader] generated 457/500
[reader] generated 458/500
[reader] generated 459/500
[reader] generated 460/500
[reader] generated 461/500
[reader] generated 462/500
[reader] generated 463/500
[reader] generated 464/500
[reader] generated 465/500
[reader] generated 466/500
[reader] generated 467/500
[reader] generated 468/500
[reader] generated 469/500
[reader] generated 470/500
[reader] generated 471/500
[reader] generated 472/500
[reader] generated 473/500
[reader] generated 474/500
[reader] generated 475/500
[reader] generated 476/500
[reader] generated 477/500
[reader] generated 478/500
[reader] generated 479/500
[reader] generated 480/500
[reader] generated 481/500
[reader] generated 482/500
[reader] generated 483/500
[reader] generated 484/500
[reader] generated 485/500
[reader] generated 486/500
[reader] generated 487/500
[reader] generated 488/500
[reader] generated 489/500
[reader] generated 490/500
[reader] generated 491/500
[reader] generated 492/500
[reader] generated 493/500
[reader] generated 494/500
[reader] generated 495/500
[reader] generated 496/500
[reader] generated 497/500
[reader] generated 498/500
[reader] generated 499/500
[reader] generated 500/500
[density] policy=chunk_packed_160, router_type=fixed, representation=chunk, packer=packed, reader_model=Qwen/Qwen2.5-14B-Instruct, packed_token_budget=160, recall@1=0.437, all_gold@1=0.0, recall@2=0.718, all_gold@2=0.496, recall@5=0.875, all_gold@5=0.762, qwen_em=0.296, qwen_f1=0.3861, avg_reader_evidence_tokens=150.79, mean_ans_in_context=0.576, mean_gold_token_density=0.408, mean_gold_doc_reader_cov=0.685, mean_all_gold_reader=0.446, mean_distractor_docs=1.984, mean_context_tokens=150.786, mean_n_snippets=3.502
[density] materializing policy=chunk_focused_160
[density] generating policy=chunk_focused_160
[reader] generated 1/500
[reader] generated 2/500
[reader] generated 3/500
[reader] generated 4/500
[reader] generated 5/500
[reader] generated 6/500
[reader] generated 7/500
[reader] generated 8/500
[reader] generated 9/500
[reader] generated 10/500
[reader] generated 11/500
[reader] generated 12/500
[reader] generated 13/500
[reader] generated 14/500
[reader] generated 15/500
[reader] generated 16/500
[reader] generated 17/500
[reader] generated 18/500
[reader] generated 19/500
[reader] generated 20/500
[reader] generated 21/500
[reader] generated 22/500
[reader] generated 23/500
[reader] generated 24/500
[reader] generated 25/500
[reader] generated 26/500
[reader] generated 27/500
[reader] generated 28/500
[reader] generated 29/500
[reader] generated 30/500
[reader] generated 31/500
[reader] generated 32/500
[reader] generated 33/500
[reader] generated 34/500
[reader] generated 35/500
[reader] generated 36/500
[reader] generated 37/500
[reader] generated 38/500
[reader] generated 39/500
[reader] generated 40/500
[reader] generated 41/500
[reader] generated 42/500
[reader] generated 43/500
[reader] generated 44/500
[reader] generated 45/500
[reader] generated 46/500
[reader] generated 47/500
[reader] generated 48/500
[reader] generated 49/500
[reader] generated 50/500
[reader] generated 51/500
[reader] generated 52/500
[reader] generated 53/500
[reader] generated 54/500
[reader] generated 55/500
[reader] generated 56/500
[reader] generated 57/500
[reader] generated 58/500
[reader] generated 59/500
[reader] generated 60/500
[reader] generated 61/500
[reader] generated 62/500
[reader] generated 63/500
[reader] generated 64/500
[reader] generated 65/500
[reader] generated 66/500
[reader] generated 67/500
[reader] generated 68/500
[reader] generated 69/500
[reader] generated 70/500
[reader] generated 71/500
[reader] generated 72/500
[reader] generated 73/500
[reader] generated 74/500
[reader] generated 75/500
[reader] generated 76/500
[reader] generated 77/500
[reader] generated 78/500
[reader] generated 79/500
[reader] generated 80/500
[reader] generated 81/500
[reader] generated 82/500
[reader] generated 83/500
[reader] generated 84/500
[reader] generated 85/500
[reader] generated 86/500
[reader] generated 87/500
[reader] generated 88/500
[reader] generated 89/500
[reader] generated 90/500
[reader] generated 91/500
[reader] generated 92/500
[reader] generated 93/500
[reader] generated 94/500
[reader] generated 95/500
[reader] generated 96/500
[reader] generated 97/500
[reader] generated 98/500
[reader] generated 99/500
[reader] generated 100/500
[reader] generated 101/500
[reader] generated 102/500
[reader] generated 103/500
[reader] generated 104/500
[reader] generated 105/500
[reader] generated 106/500
[reader] generated 107/500
[reader] generated 108/500
[reader] generated 109/500
[reader] generated 110/500
[reader] generated 111/500
[reader] generated 112/500
[reader] generated 113/500
[reader] generated 114/500
[reader] generated 115/500
[reader] generated 116/500
[reader] generated 117/500
[reader] generated 118/500
[reader] generated 119/500
[reader] generated 120/500
[reader] generated 121/500
[reader] generated 122/500
[reader] generated 123/500
[reader] generated 124/500
[reader] generated 125/500
[reader] generated 126/500
[reader] generated 127/500
[reader] generated 128/500
[reader] generated 129/500
[reader] generated 130/500
[reader] generated 131/500
[reader] generated 132/500
[reader] generated 133/500
[reader] generated 134/500
[reader] generated 135/500
[reader] generated 136/500
[reader] generated 137/500
[reader] generated 138/500
[reader] generated 139/500
[reader] generated 140/500
[reader] generated 141/500
[reader] generated 142/500
[reader] generated 143/500
[reader] generated 144/500
[reader] generated 145/500
[reader] generated 146/500
[reader] generated 147/500
[reader] generated 148/500
[reader] generated 149/500
[reader] generated 150/500
[reader] generated 151/500
[reader] generated 152/500
[reader] generated 153/500
[reader] generated 154/500
[reader] generated 155/500
[reader] generated 156/500
[reader] generated 157/500
[reader] generated 158/500
[reader] generated 159/500
[reader] generated 160/500
[reader] generated 161/500
[reader] generated 162/500
[reader] generated 163/500
[reader] generated 164/500
[reader] generated 165/500
[reader] generated 166/500
[reader] generated 167/500
[reader] generated 168/500
[reader] generated 169/500
[reader] generated 170/500
[reader] generated 171/500
[reader] generated 172/500
[reader] generated 173/500
[reader] generated 174/500
[reader] generated 175/500
[reader] generated 176/500
[reader] generated 177/500
[reader] generated 178/500
[reader] generated 179/500
[reader] generated 180/500
[reader] generated 181/500
[reader] generated 182/500
[reader] generated 183/500
[reader] generated 184/500
[reader] generated 185/500
[reader] generated 186/500
[reader] generated 187/500
[reader] generated 188/500
[reader] generated 189/500
[reader] generated 190/500
[reader] generated 191/500
[reader] generated 192/500
[reader] generated 193/500
[reader] generated 194/500
[reader] generated 195/500
[reader] generated 196/500
[reader] generated 197/500
[reader] generated 198/500
[reader] generated 199/500
[reader] generated 200/500
[reader] generated 201/500
[reader] generated 202/500
[reader] generated 203/500
[reader] generated 204/500
[reader] generated 205/500
[reader] generated 206/500
[reader] generated 207/500
[reader] generated 208/500
[reader] generated 209/500
[reader] generated 210/500
[reader] generated 211/500
[reader] generated 212/500
[reader] generated 213/500
[reader] generated 214/500
[reader] generated 215/500
[reader] generated 216/500
[reader] generated 217/500
[reader] generated 218/500
[reader] generated 219/500
[reader] generated 220/500
[reader] generated 221/500
[reader] generated 222/500
[reader] generated 223/500
[reader] generated 224/500
[reader] generated 225/500
[reader] generated 226/500
[reader] generated 227/500
[reader] generated 228/500
[reader] generated 229/500
[reader] generated 230/500
[reader] generated 231/500
[reader] generated 232/500
[reader] generated 233/500
[reader] generated 234/500
[reader] generated 235/500
[reader] generated 236/500
[reader] generated 237/500
[reader] generated 238/500
[reader] generated 239/500
[reader] generated 240/500
[reader] generated 241/500
[reader] generated 242/500
[reader] generated 243/500
[reader] generated 244/500
[reader] generated 245/500
[reader] generated 246/500
[reader] generated 247/500
[reader] generated 248/500
[reader] generated 249/500
[reader] generated 250/500
[reader] generated 251/500
[reader] generated 252/500
[reader] generated 253/500
[reader] generated 254/500
[reader] generated 255/500
[reader] generated 256/500
[reader] generated 257/500
[reader] generated 258/500
[reader] generated 259/500
[reader] generated 260/500
[reader] generated 261/500
[reader] generated 262/500
[reader] generated 263/500
[reader] generated 264/500
[reader] generated 265/500
[reader] generated 266/500
[reader] generated 267/500
[reader] generated 268/500
[reader] generated 269/500
[reader] generated 270/500
[reader] generated 271/500
[reader] generated 272/500
[reader] generated 273/500
[reader] generated 274/500
[reader] generated 275/500
[reader] generated 276/500
[reader] generated 277/500
[reader] generated 278/500
[reader] generated 279/500
[reader] generated 280/500
[reader] generated 281/500
[reader] generated 282/500
[reader] generated 283/500
[reader] generated 284/500
[reader] generated 285/500
[reader] generated 286/500
[reader] generated 287/500
[reader] generated 288/500
[reader] generated 289/500
[reader] generated 290/500
[reader] generated 291/500
[reader] generated 292/500
[reader] generated 293/500
[reader] generated 294/500
[reader] generated 295/500
[reader] generated 296/500
[reader] generated 297/500
[reader] generated 298/500
[reader] generated 299/500
[reader] generated 300/500
[reader] generated 301/500
[reader] generated 302/500
[reader] generated 303/500
[reader] generated 304/500
[reader] generated 305/500
[reader] generated 306/500
[reader] generated 307/500
[reader] generated 308/500
[reader] generated 309/500
[reader] generated 310/500
[reader] generated 311/500
[reader] generated 312/500
[reader] generated 313/500
[reader] generated 314/500
[reader] generated 315/500
[reader] generated 316/500
[reader] generated 317/500
[reader] generated 318/500
[reader] generated 319/500
[reader] generated 320/500
[reader] generated 321/500
[reader] generated 322/500
[reader] generated 323/500
[reader] generated 324/500
[reader] generated 325/500
[reader] generated 326/500
[reader] generated 327/500
[reader] generated 328/500
[reader] generated 329/500
[reader] generated 330/500
[reader] generated 331/500
[reader] generated 332/500
[reader] generated 333/500
[reader] generated 334/500
[reader] generated 335/500
[reader] generated 336/500
[reader] generated 337/500
[reader] generated 338/500
[reader] generated 339/500
[reader] generated 340/500
[reader] generated 341/500
[reader] generated 342/500
[reader] generated 343/500
[reader] generated 344/500
[reader] generated 345/500
[reader] generated 346/500
[reader] generated 347/500
[reader] generated 348/500
[reader] generated 349/500
[reader] generated 350/500
[reader] generated 351/500
[reader] generated 352/500
[reader] generated 353/500
[reader] generated 354/500
[reader] generated 355/500
[reader] generated 356/500
[reader] generated 357/500
[reader] generated 358/500
[reader] generated 359/500
[reader] generated 360/500
[reader] generated 361/500
[reader] generated 362/500
[reader] generated 363/500
[reader] generated 364/500
[reader] generated 365/500
[reader] generated 366/500
[reader] generated 367/500
[reader] generated 368/500
[reader] generated 369/500
[reader] generated 370/500
[reader] generated 371/500
[reader] generated 372/500
[reader] generated 373/500
[reader] generated 374/500
[reader] generated 375/500
[reader] generated 376/500
[reader] generated 377/500
[reader] generated 378/500
[reader] generated 379/500
[reader] generated 380/500
[reader] generated 381/500
[reader] generated 382/500
[reader] generated 383/500
[reader] generated 384/500
[reader] generated 385/500
[reader] generated 386/500
[reader] generated 387/500
[reader] generated 388/500
[reader] generated 389/500
[reader] generated 390/500
[reader] generated 391/500
[reader] generated 392/500
[reader] generated 393/500
[reader] generated 394/500
[reader] generated 395/500
[reader] generated 396/500
[reader] generated 397/500
[reader] generated 398/500
[reader] generated 399/500
[reader] generated 400/500
[reader] generated 401/500
[reader] generated 402/500
[reader] generated 403/500
[reader] generated 404/500
[reader] generated 405/500
[reader] generated 406/500
[reader] generated 407/500
[reader] generated 408/500
[reader] generated 409/500
[reader] generated 410/500
[reader] generated 411/500
[reader] generated 412/500
[reader] generated 413/500
[reader] generated 414/500
[reader] generated 415/500
[reader] generated 416/500
[reader] generated 417/500
[reader] generated 418/500
[reader] generated 419/500
[reader] generated 420/500
[reader] generated 421/500
[reader] generated 422/500
[reader] generated 423/500
[reader] generated 424/500
[reader] generated 425/500
[reader] generated 426/500
[reader] generated 427/500
[reader] generated 428/500
[reader] generated 429/500
[reader] generated 430/500
[reader] generated 431/500
[reader] generated 432/500
[reader] generated 433/500
[reader] generated 434/500
[reader] generated 435/500
[reader] generated 436/500
[reader] generated 437/500
[reader] generated 438/500
[reader] generated 439/500
[reader] generated 440/500
[reader] generated 441/500
[reader] generated 442/500
[reader] generated 443/500
[reader] generated 444/500
[reader] generated 445/500
[reader] generated 446/500
[reader] generated 447/500
[reader] generated 448/500
[reader] generated 449/500
[reader] generated 450/500
[reader] generated 451/500
[reader] generated 452/500
[reader] generated 453/500
[reader] generated 454/500
[reader] generated 455/500
[reader] generated 456/500
[reader] generated 457/500
[reader] generated 458/500
[reader] generated 459/500
[reader] generated 460/500
[reader] generated 461/500
[reader] generated 462/500
[reader] generated 463/500
[reader] generated 464/500
[reader] generated 465/500
[reader] generated 466/500
[reader] generated 467/500
[reader] generated 468/500
[reader] generated 469/500
[reader] generated 470/500
[reader] generated 471/500
[reader] generated 472/500
[reader] generated 473/500
[reader] generated 474/500
[reader] generated 475/500
[reader] generated 476/500
[reader] generated 477/500
[reader] generated 478/500
[reader] generated 479/500
[reader] generated 480/500
[reader] generated 481/500
[reader] generated 482/500
[reader] generated 483/500
[reader] generated 484/500
[reader] generated 485/500
[reader] generated 486/500
[reader] generated 487/500
[reader] generated 488/500
[reader] generated 489/500
[reader] generated 490/500
[reader] generated 491/500
[reader] generated 492/500
[reader] generated 493/500
[reader] generated 494/500
[reader] generated 495/500
[reader] generated 496/500
[reader] generated 497/500
[reader] generated 498/500
[reader] generated 499/500
[reader] generated 500/500
[density] policy=chunk_focused_160, router_type=fixed, representation=chunk, packer=focused, reader_model=Qwen/Qwen2.5-14B-Instruct, packed_token_budget=160, recall@1=0.437, all_gold@1=0.0, recall@2=0.718, all_gold@2=0.496, recall@5=0.875, all_gold@5=0.762, qwen_em=0.356, qwen_f1=0.4613, avg_reader_evidence_tokens=151.89, mean_ans_in_context=0.644, mean_gold_token_density=0.5325, mean_gold_doc_reader_cov=0.748, mean_all_gold_reader=0.54, mean_distractor_docs=1.536, mean_context_tokens=151.888, mean_n_snippets=3.236
[density] materializing policy=chunk_mmr_160
[density] generating policy=chunk_mmr_160
[reader] generated 1/500
[reader] generated 2/500
[reader] generated 3/500
[reader] generated 4/500
[reader] generated 5/500
[reader] generated 6/500
[reader] generated 7/500
[reader] generated 8/500
[reader] generated 9/500
[reader] generated 10/500
[reader] generated 11/500
[reader] generated 12/500
[reader] generated 13/500
[reader] generated 14/500
[reader] generated 15/500
[reader] generated 16/500
[reader] generated 17/500
[reader] generated 18/500
[reader] generated 19/500
[reader] generated 20/500
[reader] generated 21/500
[reader] generated 22/500
[reader] generated 23/500
[reader] generated 24/500
[reader] generated 25/500
[reader] generated 26/500
[reader] generated 27/500
[reader] generated 28/500
[reader] generated 29/500
[reader] generated 30/500
[reader] generated 31/500
[reader] generated 32/500
[reader] generated 33/500
[reader] generated 34/500
[reader] generated 35/500
[reader] generated 36/500
[reader] generated 37/500
[reader] generated 38/500
[reader] generated 39/500
[reader] generated 40/500
[reader] generated 41/500
[reader] generated 42/500
[reader] generated 43/500
[reader] generated 44/500
[reader] generated 45/500
[reader] generated 46/500
[reader] generated 47/500
[reader] generated 48/500
[reader] generated 49/500
[reader] generated 50/500
[reader] generated 51/500
[reader] generated 52/500
[reader] generated 53/500
[reader] generated 54/500
[reader] generated 55/500
[reader] generated 56/500
[reader] generated 57/500
[reader] generated 58/500
[reader] generated 59/500
[reader] generated 60/500
[reader] generated 61/500
[reader] generated 62/500
[reader] generated 63/500
[reader] generated 64/500
[reader] generated 65/500
[reader] generated 66/500
[reader] generated 67/500
[reader] generated 68/500
[reader] generated 69/500
[reader] generated 70/500
[reader] generated 71/500
[reader] generated 72/500
[reader] generated 73/500
[reader] generated 74/500
[reader] generated 75/500
[reader] generated 76/500
[reader] generated 77/500
[reader] generated 78/500
[reader] generated 79/500
[reader] generated 80/500
[reader] generated 81/500
[reader] generated 82/500
[reader] generated 83/500
[reader] generated 84/500
[reader] generated 85/500
[reader] generated 86/500
[reader] generated 87/500
[reader] generated 88/500
[reader] generated 89/500
[reader] generated 90/500
[reader] generated 91/500
[reader] generated 92/500
[reader] generated 93/500
[reader] generated 94/500
[reader] generated 95/500
[reader] generated 96/500
[reader] generated 97/500
[reader] generated 98/500
[reader] generated 99/500
[reader] generated 100/500
[reader] generated 101/500
[reader] generated 102/500
[reader] generated 103/500
[reader] generated 104/500
[reader] generated 105/500
[reader] generated 106/500
[reader] generated 107/500
[reader] generated 108/500
[reader] generated 109/500
[reader] generated 110/500
[reader] generated 111/500
[reader] generated 112/500
[reader] generated 113/500
[reader] generated 114/500
[reader] generated 115/500
[reader] generated 116/500
[reader] generated 117/500
[reader] generated 118/500
[reader] generated 119/500
[reader] generated 120/500
[reader] generated 121/500
[reader] generated 122/500
[reader] generated 123/500
[reader] generated 124/500
[reader] generated 125/500
[reader] generated 126/500
[reader] generated 127/500
[reader] generated 128/500
[reader] generated 129/500
[reader] generated 130/500
[reader] generated 131/500
[reader] generated 132/500
[reader] generated 133/500
[reader] generated 134/500
[reader] generated 135/500
[reader] generated 136/500
[reader] generated 137/500
[reader] generated 138/500
[reader] generated 139/500
[reader] generated 140/500
[reader] generated 141/500
[reader] generated 142/500
[reader] generated 143/500
[reader] generated 144/500
[reader] generated 145/500
[reader] generated 146/500
[reader] generated 147/500
[reader] generated 148/500
[reader] generated 149/500
[reader] generated 150/500
[reader] generated 151/500
[reader] generated 152/500
[reader] generated 153/500
[reader] generated 154/500
[reader] generated 155/500
[reader] generated 156/500
[reader] generated 157/500
[reader] generated 158/500
[reader] generated 159/500
[reader] generated 160/500
[reader] generated 161/500
[reader] generated 162/500
[reader] generated 163/500
[reader] generated 164/500
[reader] generated 165/500
[reader] generated 166/500
[reader] generated 167/500
[reader] generated 168/500
[reader] generated 169/500
[reader] generated 170/500
[reader] generated 171/500
[reader] generated 172/500
[reader] generated 173/500
[reader] generated 174/500
[reader] generated 175/500
[reader] generated 176/500
[reader] generated 177/500
[reader] generated 178/500
[reader] generated 179/500
[reader] generated 180/500
[reader] generated 181/500
[reader] generated 182/500
[reader] generated 183/500
[reader] generated 184/500
[reader] generated 185/500
[reader] generated 186/500
[reader] generated 187/500
[reader] generated 188/500
[reader] generated 189/500
[reader] generated 190/500
[reader] generated 191/500
[reader] generated 192/500
[reader] generated 193/500
[reader] generated 194/500
[reader] generated 195/500
[reader] generated 196/500
[reader] generated 197/500
[reader] generated 198/500
[reader] generated 199/500
[reader] generated 200/500
[reader] generated 201/500
[reader] generated 202/500
[reader] generated 203/500
[reader] generated 204/500
[reader] generated 205/500
[reader] generated 206/500
[reader] generated 207/500
[reader] generated 208/500
[reader] generated 209/500
[reader] generated 210/500
[reader] generated 211/500
[reader] generated 212/500
[reader] generated 213/500
[reader] generated 214/500
[reader] generated 215/500
[reader] generated 216/500
[reader] generated 217/500
[reader] generated 218/500
[reader] generated 219/500
[reader] generated 220/500
[reader] generated 221/500
[reader] generated 222/500
[reader] generated 223/500
[reader] generated 224/500
[reader] generated 225/500
[reader] generated 226/500
[reader] generated 227/500
[reader] generated 228/500
[reader] generated 229/500
[reader] generated 230/500
[reader] generated 231/500
[reader] generated 232/500
[reader] generated 233/500
[reader] generated 234/500
[reader] generated 235/500
[reader] generated 236/500
[reader] generated 237/500
[reader] generated 238/500
[reader] generated 239/500
[reader] generated 240/500
[reader] generated 241/500
[reader] generated 242/500
[reader] generated 243/500
[reader] generated 244/500
[reader] generated 245/500
[reader] generated 246/500
[reader] generated 247/500
[reader] generated 248/500
[reader] generated 249/500
[reader] generated 250/500
[reader] generated 251/500
[reader] generated 252/500
[reader] generated 253/500
[reader] generated 254/500
[reader] generated 255/500
[reader] generated 256/500
[reader] generated 257/500
[reader] generated 258/500
[reader] generated 259/500
[reader] generated 260/500
[reader] generated 261/500
[reader] generated 262/500
[reader] generated 263/500
[reader] generated 264/500
[reader] generated 265/500
[reader] generated 266/500
[reader] generated 267/500
[reader] generated 268/500
[reader] generated 269/500
[reader] generated 270/500
[reader] generated 271/500
[reader] generated 272/500
[reader] generated 273/500
[reader] generated 274/500
[reader] generated 275/500
[reader] generated 276/500
[reader] generated 277/500
[reader] generated 278/500
[reader] generated 279/500
[reader] generated 280/500
[reader] generated 281/500
[reader] generated 282/500
[reader] generated 283/500
[reader] generated 284/500
[reader] generated 285/500
[reader] generated 286/500
[reader] generated 287/500
[reader] generated 288/500
[reader] generated 289/500
[reader] generated 290/500
[reader] generated 291/500
[reader] generated 292/500
[reader] generated 293/500
[reader] generated 294/500
[reader] generated 295/500
[reader] generated 296/500
[reader] generated 297/500
[reader] generated 298/500
[reader] generated 299/500
[reader] generated 300/500
[reader] generated 301/500
[reader] generated 302/500
[reader] generated 303/500
[reader] generated 304/500
[reader] generated 305/500
[reader] generated 306/500
[reader] generated 307/500
[reader] generated 308/500
[reader] generated 309/500
[reader] generated 310/500
[reader] generated 311/500
[reader] generated 312/500
[reader] generated 313/500
[reader] generated 314/500
[reader] generated 315/500
[reader] generated 316/500
[reader] generated 317/500
[reader] generated 318/500
[reader] generated 319/500
[reader] generated 320/500
[reader] generated 321/500
[reader] generated 322/500
[reader] generated 323/500
[reader] generated 324/500
[reader] generated 325/500
[reader] generated 326/500
[reader] generated 327/500
[reader] generated 328/500
[reader] generated 329/500
[reader] generated 330/500
[reader] generated 331/500
[reader] generated 332/500
[reader] generated 333/500
[reader] generated 334/500
[reader] generated 335/500
[reader] generated 336/500
[reader] generated 337/500
[reader] generated 338/500
[reader] generated 339/500
[reader] generated 340/500
[reader] generated 341/500
[reader] generated 342/500
[reader] generated 343/500
[reader] generated 344/500
[reader] generated 345/500
[reader] generated 346/500
[reader] generated 347/500
[reader] generated 348/500
[reader] generated 349/500
[reader] generated 350/500
[reader] generated 351/500
[reader] generated 352/500
[reader] generated 353/500
[reader] generated 354/500
[reader] generated 355/500
[reader] generated 356/500
[reader] generated 357/500
[reader] generated 358/500
[reader] generated 359/500
[reader] generated 360/500
[reader] generated 361/500
[reader] generated 362/500
[reader] generated 363/500
[reader] generated 364/500
[reader] generated 365/500
[reader] generated 366/500
[reader] generated 367/500
[reader] generated 368/500
[reader] generated 369/500
[reader] generated 370/500
[reader] generated 371/500
[reader] generated 372/500
[reader] generated 373/500
[reader] generated 374/500
[reader] generated 375/500
[reader] generated 376/500
[reader] generated 377/500
[reader] generated 378/500
[reader] generated 379/500
[reader] generated 380/500
[reader] generated 381/500
[reader] generated 382/500
[reader] generated 383/500
[reader] generated 384/500
[reader] generated 385/500
[reader] generated 386/500
[reader] generated 387/500
[reader] generated 388/500
[reader] generated 389/500
[reader] generated 390/500
[reader] generated 391/500
[reader] generated 392/500
[reader] generated 393/500
[reader] generated 394/500
[reader] generated 395/500
[reader] generated 396/500
[reader] generated 397/500
[reader] generated 398/500
[reader] generated 399/500
[reader] generated 400/500
[reader] generated 401/500
[reader] generated 402/500
[reader] generated 403/500
[reader] generated 404/500
[reader] generated 405/500
[reader] generated 406/500
[reader] generated 407/500
[reader] generated 408/500
[reader] generated 409/500
[reader] generated 410/500
[reader] generated 411/500
[reader] generated 412/500
[reader] generated 413/500
[reader] generated 414/500
[reader] generated 415/500
[reader] generated 416/500
[reader] generated 417/500
[reader] generated 418/500
[reader] generated 419/500
[reader] generated 420/500
[reader] generated 421/500
[reader] generated 422/500
[reader] generated 423/500
[reader] generated 424/500
[reader] generated 425/500
[reader] generated 426/500
[reader] generated 427/500
[reader] generated 428/500
[reader] generated 429/500
[reader] generated 430/500
[reader] generated 431/500
[reader] generated 432/500
[reader] generated 433/500
[reader] generated 434/500
[reader] generated 435/500
[reader] generated 436/500
[reader] generated 437/500
[reader] generated 438/500
[reader] generated 439/500
[reader] generated 440/500
[reader] generated 441/500
[reader] generated 442/500
[reader] generated 443/500
[reader] generated 444/500
[reader] generated 445/500
[reader] generated 446/500
[reader] generated 447/500
[reader] generated 448/500
[reader] generated 449/500
[reader] generated 450/500
[reader] generated 451/500
[reader] generated 452/500
[reader] generated 453/500
[reader] generated 454/500
[reader] generated 455/500
[reader] generated 456/500
[reader] generated 457/500
[reader] generated 458/500
[reader] generated 459/500
[reader] generated 460/500
[reader] generated 461/500
[reader] generated 462/500
[reader] generated 463/500
[reader] generated 464/500
[reader] generated 465/500
[reader] generated 466/500
[reader] generated 467/500
[reader] generated 468/500
[reader] generated 469/500
[reader] generated 470/500
[reader] generated 471/500
[reader] generated 472/500
[reader] generated 473/500
[reader] generated 474/500
[reader] generated 475/500
[reader] generated 476/500
[reader] generated 477/500
[reader] generated 478/500
[reader] generated 479/500
[reader] generated 480/500
[reader] generated 481/500
[reader] generated 482/500
[reader] generated 483/500
[reader] generated 484/500
[reader] generated 485/500
[reader] generated 486/500
[reader] generated 487/500
[reader] generated 488/500
[reader] generated 489/500
[reader] generated 490/500
[reader] generated 491/500
[reader] generated 492/500
[reader] generated 493/500
[reader] generated 494/500
[reader] generated 495/500
[reader] generated 496/500
[reader] generated 497/500
[reader] generated 498/500
[reader] generated 499/500
[reader] generated 500/500
[density] policy=chunk_mmr_160, router_type=fixed, representation=chunk, packer=mmr, reader_model=Qwen/Qwen2.5-14B-Instruct, packed_token_budget=160, recall@1=0.437, all_gold@1=0.0, recall@2=0.718, all_gold@2=0.496, recall@5=0.875, all_gold@5=0.762, qwen_em=0.312, qwen_f1=0.4208, avg_reader_evidence_tokens=151.48, mean_ans_in_context=0.602, mean_gold_token_density=0.5096, mean_gold_doc_reader_cov=0.68, mean_all_gold_reader=0.422, mean_distractor_docs=1.538, mean_context_tokens=151.482, mean_n_snippets=3.308
[density] materializing policy=chunk_submod_160
[density] generating policy=chunk_submod_160
[reader] generated 1/500
[reader] generated 2/500
[reader] generated 3/500
[reader] generated 4/500
[reader] generated 5/500
[reader] generated 6/500
[reader] generated 7/500
[reader] generated 8/500
[reader] generated 9/500
[reader] generated 10/500
[reader] generated 11/500
[reader] generated 12/500
[reader] generated 13/500
[reader] generated 14/500
[reader] generated 15/500
[reader] generated 16/500
[reader] generated 17/500
[reader] generated 18/500
[reader] generated 19/500
[reader] generated 20/500
[reader] generated 21/500
[reader] generated 22/500
[reader] generated 23/500
[reader] generated 24/500
[reader] generated 25/500
[reader] generated 26/500
[reader] generated 27/500
[reader] generated 28/500
[reader] generated 29/500
[reader] generated 30/500
[reader] generated 31/500
[reader] generated 32/500
[reader] generated 33/500
[reader] generated 34/500
[reader] generated 35/500
[reader] generated 36/500
[reader] generated 37/500
[reader] generated 38/500
[reader] generated 39/500
[reader] generated 40/500
[reader] generated 41/500
[reader] generated 42/500
[reader] generated 43/500
[reader] generated 44/500
[reader] generated 45/500
[reader] generated 46/500
[reader] generated 47/500
[reader] generated 48/500
[reader] generated 49/500
[reader] generated 50/500
[reader] generated 51/500
[reader] generated 52/500
[reader] generated 53/500
[reader] generated 54/500
[reader] generated 55/500
[reader] generated 56/500
[reader] generated 57/500
[reader] generated 58/500
[reader] generated 59/500
[reader] generated 60/500
[reader] generated 61/500
[reader] generated 62/500
[reader] generated 63/500
[reader] generated 64/500
[reader] generated 65/500
[reader] generated 66/500
[reader] generated 67/500
[reader] generated 68/500
[reader] generated 69/500
[reader] generated 70/500
[reader] generated 71/500
[reader] generated 72/500
[reader] generated 73/500
[reader] generated 74/500
[reader] generated 75/500
[reader] generated 76/500
[reader] generated 77/500
[reader] generated 78/500
[reader] generated 79/500
[reader] generated 80/500
[reader] generated 81/500
[reader] generated 82/500
[reader] generated 83/500
[reader] generated 84/500
[reader] generated 85/500
[reader] generated 86/500
[reader] generated 87/500
[reader] generated 88/500
[reader] generated 89/500
[reader] generated 90/500
[reader] generated 91/500
[reader] generated 92/500
[reader] generated 93/500
[reader] generated 94/500
[reader] generated 95/500
[reader] generated 96/500
[reader] generated 97/500
[reader] generated 98/500
[reader] generated 99/500
[reader] generated 100/500
[reader] generated 101/500
[reader] generated 102/500
[reader] generated 103/500
[reader] generated 104/500
[reader] generated 105/500
[reader] generated 106/500
[reader] generated 107/500
[reader] generated 108/500
[reader] generated 109/500
[reader] generated 110/500
[reader] generated 111/500
[reader] generated 112/500
[reader] generated 113/500
[reader] generated 114/500
[reader] generated 115/500
[reader] generated 116/500
[reader] generated 117/500
[reader] generated 118/500
[reader] generated 119/500
[reader] generated 120/500
[reader] generated 121/500
[reader] generated 122/500
[reader] generated 123/500
[reader] generated 124/500
[reader] generated 125/500
[reader] generated 126/500
[reader] generated 127/500
[reader] generated 128/500
[reader] generated 129/500
[reader] generated 130/500
[reader] generated 131/500
[reader] generated 132/500
[reader] generated 133/500
[reader] generated 134/500
[reader] generated 135/500
[reader] generated 136/500
[reader] generated 137/500
[reader] generated 138/500
[reader] generated 139/500
[reader] generated 140/500
[reader] generated 141/500
[reader] generated 142/500
[reader] generated 143/500
[reader] generated 144/500
[reader] generated 145/500
[reader] generated 146/500
[reader] generated 147/500
[reader] generated 148/500
[reader] generated 149/500
[reader] generated 150/500
[reader] generated 151/500
[reader] generated 152/500
[reader] generated 153/500
[reader] generated 154/500
[reader] generated 155/500
[reader] generated 156/500
[reader] generated 157/500
[reader] generated 158/500
[reader] generated 159/500
[reader] generated 160/500
[reader] generated 161/500
[reader] generated 162/500
[reader] generated 163/500
[reader] generated 164/500
[reader] generated 165/500
[reader] generated 166/500
[reader] generated 167/500
[reader] generated 168/500
[reader] generated 169/500
[reader] generated 170/500
[reader] generated 171/500
[reader] generated 172/500
[reader] generated 173/500
[reader] generated 174/500
[reader] generated 175/500
[reader] generated 176/500
[reader] generated 177/500
[reader] generated 178/500
[reader] generated 179/500
[reader] generated 180/500
[reader] generated 181/500
[reader] generated 182/500
[reader] generated 183/500
[reader] generated 184/500
[reader] generated 185/500
[reader] generated 186/500
[reader] generated 187/500
[reader] generated 188/500
[reader] generated 189/500
[reader] generated 190/500
[reader] generated 191/500
[reader] generated 192/500
[reader] generated 193/500
[reader] generated 194/500
[reader] generated 195/500
[reader] generated 196/500
[reader] generated 197/500
[reader] generated 198/500
[reader] generated 199/500
[reader] generated 200/500
[reader] generated 201/500
[reader] generated 202/500
[reader] generated 203/500
[reader] generated 204/500
[reader] generated 205/500
[reader] generated 206/500
[reader] generated 207/500
[reader] generated 208/500
[reader] generated 209/500
[reader] generated 210/500
[reader] generated 211/500
[reader] generated 212/500
[reader] generated 213/500
[reader] generated 214/500
[reader] generated 215/500
[reader] generated 216/500
[reader] generated 217/500
[reader] generated 218/500
[reader] generated 219/500
[reader] generated 220/500
[reader] generated 221/500
[reader] generated 222/500
[reader] generated 223/500
[reader] generated 224/500
[reader] generated 225/500
[reader] generated 226/500
[reader] generated 227/500
[reader] generated 228/500
[reader] generated 229/500
[reader] generated 230/500
[reader] generated 231/500
[reader] generated 232/500
[reader] generated 233/500
[reader] generated 234/500
[reader] generated 235/500
[reader] generated 236/500
[reader] generated 237/500
[reader] generated 238/500
[reader] generated 239/500
[reader] generated 240/500
[reader] generated 241/500
[reader] generated 242/500
[reader] generated 243/500
[reader] generated 244/500
[reader] generated 245/500
[reader] generated 246/500
[reader] generated 247/500
[reader] generated 248/500
[reader] generated 249/500
[reader] generated 250/500
[reader] generated 251/500
[reader] generated 252/500
[reader] generated 253/500
[reader] generated 254/500
[reader] generated 255/500
[reader] generated 256/500
[reader] generated 257/500
[reader] generated 258/500
[reader] generated 259/500
[reader] generated 260/500
[reader] generated 261/500
[reader] generated 262/500
[reader] generated 263/500
[reader] generated 264/500
[reader] generated 265/500
[reader] generated 266/500
[reader] generated 267/500
[reader] generated 268/500
[reader] generated 269/500
[reader] generated 270/500
[reader] generated 271/500
[reader] generated 272/500
[reader] generated 273/500
[reader] generated 274/500
[reader] generated 275/500
[reader] generated 276/500
[reader] generated 277/500
[reader] generated 278/500
[reader] generated 279/500
[reader] generated 280/500
[reader] generated 281/500
[reader] generated 282/500
[reader] generated 283/500
[reader] generated 284/500
[reader] generated 285/500
[reader] generated 286/500
[reader] generated 287/500
[reader] generated 288/500
[reader] generated 289/500
[reader] generated 290/500
[reader] generated 291/500
[reader] generated 292/500
[reader] generated 293/500
[reader] generated 294/500
[reader] generated 295/500
[reader] generated 296/500
[reader] generated 297/500
[reader] generated 298/500
[reader] generated 299/500
[reader] generated 300/500
[reader] generated 301/500
[reader] generated 302/500
[reader] generated 303/500
[reader] generated 304/500
[reader] generated 305/500
[reader] generated 306/500
[reader] generated 307/500
[reader] generated 308/500
[reader] generated 309/500
[reader] generated 310/500
[reader] generated 311/500
[reader] generated 312/500
[reader] generated 313/500
[reader] generated 314/500
[reader] generated 315/500
[reader] generated 316/500
[reader] generated 317/500
[reader] generated 318/500
[reader] generated 319/500
[reader] generated 320/500
[reader] generated 321/500
[reader] generated 322/500
[reader] generated 323/500
[reader] generated 324/500
[reader] generated 325/500
[reader] generated 326/500
[reader] generated 327/500
[reader] generated 328/500
[reader] generated 329/500
[reader] generated 330/500
[reader] generated 331/500
[reader] generated 332/500
[reader] generated 333/500
[reader] generated 334/500
[reader] generated 335/500
[reader] generated 336/500
[reader] generated 337/500
[reader] generated 338/500
[reader] generated 339/500
[reader] generated 340/500
[reader] generated 341/500
[reader] generated 342/500
[reader] generated 343/500
[reader] generated 344/500
[reader] generated 345/500
[reader] generated 346/500
[reader] generated 347/500
[reader] generated 348/500
[reader] generated 349/500
[reader] generated 350/500
[reader] generated 351/500
[reader] generated 352/500
[reader] generated 353/500
[reader] generated 354/500
[reader] generated 355/500
[reader] generated 356/500
[reader] generated 357/500
[reader] generated 358/500
[reader] generated 359/500
[reader] generated 360/500
[reader] generated 361/500
[reader] generated 362/500
[reader] generated 363/500
[reader] generated 364/500
[reader] generated 365/500
[reader] generated 366/500
[reader] generated 367/500
[reader] generated 368/500
[reader] generated 369/500
[reader] generated 370/500
[reader] generated 371/500
[reader] generated 372/500
[reader] generated 373/500
[reader] generated 374/500
[reader] generated 375/500
[reader] generated 376/500
[reader] generated 377/500
[reader] generated 378/500
[reader] generated 379/500
[reader] generated 380/500
[reader] generated 381/500
[reader] generated 382/500
[reader] generated 383/500
[reader] generated 384/500
[reader] generated 385/500
[reader] generated 386/500
[reader] generated 387/500
[reader] generated 388/500
[reader] generated 389/500
[reader] generated 390/500
[reader] generated 391/500
[reader] generated 392/500
[reader] generated 393/500
[reader] generated 394/500
[reader] generated 395/500
[reader] generated 396/500
[reader] generated 397/500
[reader] generated 398/500
[reader] generated 399/500
[reader] generated 400/500
[reader] generated 401/500
[reader] generated 402/500
[reader] generated 403/500
[reader] generated 404/500
[reader] generated 405/500
[reader] generated 406/500
[reader] generated 407/500
[reader] generated 408/500
[reader] generated 409/500
[reader] generated 410/500
[reader] generated 411/500
[reader] generated 412/500
[reader] generated 413/500
[reader] generated 414/500
[reader] generated 415/500
[reader] generated 416/500
[reader] generated 417/500
[reader] generated 418/500
[reader] generated 419/500
[reader] generated 420/500
[reader] generated 421/500
[reader] generated 422/500
[reader] generated 423/500
[reader] generated 424/500
[reader] generated 425/500
[reader] generated 426/500
[reader] generated 427/500
[reader] generated 428/500
[reader] generated 429/500
[reader] generated 430/500
[reader] generated 431/500
[reader] generated 432/500
[reader] generated 433/500
[reader] generated 434/500
[reader] generated 435/500
[reader] generated 436/500
[reader] generated 437/500
[reader] generated 438/500
[reader] generated 439/500
[reader] generated 440/500
[reader] generated 441/500
[reader] generated 442/500
[reader] generated 443/500
[reader] generated 444/500
[reader] generated 445/500
[reader] generated 446/500
[reader] generated 447/500
[reader] generated 448/500
[reader] generated 449/500
[reader] generated 450/500
[reader] generated 451/500
[reader] generated 452/500
[reader] generated 453/500
[reader] generated 454/500
[reader] generated 455/500
[reader] generated 456/500
[reader] generated 457/500
[reader] generated 458/500
[reader] generated 459/500
[reader] generated 460/500
[reader] generated 461/500
[reader] generated 462/500
[reader] generated 463/500
[reader] generated 464/500
[reader] generated 465/500
[reader] generated 466/500
[reader] generated 467/500
[reader] generated 468/500
[reader] generated 469/500
[reader] generated 470/500
[reader] generated 471/500
[reader] generated 472/500
[reader] generated 473/500
[reader] generated 474/500
[reader] generated 475/500
[reader] generated 476/500
[reader] generated 477/500
[reader] generated 478/500
[reader] generated 479/500
[reader] generated 480/500
[reader] generated 481/500
[reader] generated 482/500
[reader] generated 483/500
[reader] generated 484/500
[reader] generated 485/500
[reader] generated 486/500
[reader] generated 487/500
[reader] generated 488/500
[reader] generated 489/500
[reader] generated 490/500
[reader] generated 491/500
[reader] generated 492/500
[reader] generated 493/500
[reader] generated 494/500
[reader] generated 495/500
[reader] generated 496/500
[reader] generated 497/500
[reader] generated 498/500
[reader] generated 499/500
[reader] generated 500/500
[density] policy=chunk_submod_160, router_type=fixed, representation=chunk, packer=submod, reader_model=Qwen/Qwen2.5-14B-Instruct, packed_token_budget=160, recall@1=0.437, all_gold@1=0.0, recall@2=0.718, all_gold@2=0.496, recall@5=0.875, all_gold@5=0.762, qwen_em=0.314, qwen_f1=0.4204, avg_reader_evidence_tokens=145.52, mean_ans_in_context=0.628, mean_gold_token_density=0.4565, mean_gold_doc_reader_cov=0.778, mean_all_gold_reader=0.586, mean_distractor_docs=2.236, mean_context_tokens=145.52, mean_n_snippets=4.57
[density] materializing policy=ace_focused_160
[density] generating policy=ace_focused_160
[reader] generated 1/500
[reader] generated 2/500
[reader] generated 3/500
[reader] generated 4/500
[reader] generated 5/500
[reader] generated 6/500
[reader] generated 7/500
[reader] generated 8/500
[reader] generated 9/500
[reader] generated 10/500
[reader] generated 11/500
[reader] generated 12/500
[reader] generated 13/500
[reader] generated 14/500
[reader] generated 15/500
[reader] generated 16/500
[reader] generated 17/500
[reader] generated 18/500
[reader] generated 19/500
[reader] generated 20/500
[reader] generated 21/500
[reader] generated 22/500
[reader] generated 23/500
[reader] generated 24/500
[reader] generated 25/500
[reader] generated 26/500
[reader] generated 27/500
[reader] generated 28/500
[reader] generated 29/500
[reader] generated 30/500
[reader] generated 31/500
[reader] generated 32/500
[reader] generated 33/500
[reader] generated 34/500
[reader] generated 35/500
[reader] generated 36/500
[reader] generated 37/500
[reader] generated 38/500
[reader] generated 39/500
[reader] generated 40/500
[reader] generated 41/500
[reader] generated 42/500
[reader] generated 43/500
[reader] generated 44/500
[reader] generated 45/500
[reader] generated 46/500
[reader] generated 47/500
[reader] generated 48/500
[reader] generated 49/500
[reader] generated 50/500
[reader] generated 51/500
[reader] generated 52/500
[reader] generated 53/500
[reader] generated 54/500
[reader] generated 55/500
[reader] generated 56/500
[reader] generated 57/500
[reader] generated 58/500
[reader] generated 59/500
[reader] generated 60/500
[reader] generated 61/500
[reader] generated 62/500
[reader] generated 63/500
[reader] generated 64/500
[reader] generated 65/500
[reader] generated 66/500
[reader] generated 67/500
[reader] generated 68/500
[reader] generated 69/500
[reader] generated 70/500
[reader] generated 71/500
[reader] generated 72/500
[reader] generated 73/500
[reader] generated 74/500
[reader] generated 75/500
[reader] generated 76/500
[reader] generated 77/500
[reader] generated 78/500
[reader] generated 79/500
[reader] generated 80/500
[reader] generated 81/500
[reader] generated 82/500
[reader] generated 83/500
[reader] generated 84/500
[reader] generated 85/500
[reader] generated 86/500
[reader] generated 87/500
[reader] generated 88/500
[reader] generated 89/500
[reader] generated 90/500
[reader] generated 91/500
[reader] generated 92/500
[reader] generated 93/500
[reader] generated 94/500
[reader] generated 95/500
[reader] generated 96/500
[reader] generated 97/500
[reader] generated 98/500
[reader] generated 99/500
[reader] generated 100/500
[reader] generated 101/500
[reader] generated 102/500
[reader] generated 103/500
[reader] generated 104/500
[reader] generated 105/500
[reader] generated 106/500
[reader] generated 107/500
[reader] generated 108/500
[reader] generated 109/500
[reader] generated 110/500
[reader] generated 111/500
[reader] generated 112/500
[reader] generated 113/500
[reader] generated 114/500
[reader] generated 115/500
[reader] generated 116/500
[reader] generated 117/500
[reader] generated 118/500
[reader] generated 119/500
[reader] generated 120/500
[reader] generated 121/500
[reader] generated 122/500
[reader] generated 123/500
[reader] generated 124/500
[reader] generated 125/500
[reader] generated 126/500
[reader] generated 127/500
[reader] generated 128/500
[reader] generated 129/500
[reader] generated 130/500
[reader] generated 131/500
[reader] generated 132/500
[reader] generated 133/500
[reader] generated 134/500
[reader] generated 135/500
[reader] generated 136/500
[reader] generated 137/500
[reader] generated 138/500
[reader] generated 139/500
[reader] generated 140/500
[reader] generated 141/500
[reader] generated 142/500
[reader] generated 143/500
[reader] generated 144/500
[reader] generated 145/500
[reader] generated 146/500
[reader] generated 147/500
[reader] generated 148/500
[reader] generated 149/500
[reader] generated 150/500
[reader] generated 151/500
[reader] generated 152/500
[reader] generated 153/500
[reader] generated 154/500
[reader] generated 155/500
[reader] generated 156/500
[reader] generated 157/500
[reader] generated 158/500
[reader] generated 159/500
[reader] generated 160/500
[reader] generated 161/500
[reader] generated 162/500
[reader] generated 163/500
[reader] generated 164/500
[reader] generated 165/500
[reader] generated 166/500
[reader] generated 167/500
[reader] generated 168/500
[reader] generated 169/500
[reader] generated 170/500
[reader] generated 171/500
[reader] generated 172/500
[reader] generated 173/500
[reader] generated 174/500
[reader] generated 175/500
[reader] generated 176/500
[reader] generated 177/500
[reader] generated 178/500
[reader] generated 179/500
[reader] generated 180/500
[reader] generated 181/500
[reader] generated 182/500
[reader] generated 183/500
[reader] generated 184/500
[reader] generated 185/500
[reader] generated 186/500
[reader] generated 187/500
[reader] generated 188/500
[reader] generated 189/500
[reader] generated 190/500
[reader] generated 191/500
[reader] generated 192/500
[reader] generated 193/500
[reader] generated 194/500
[reader] generated 195/500
[reader] generated 196/500
[reader] generated 197/500
[reader] generated 198/500
[reader] generated 199/500
[reader] generated 200/500
[reader] generated 201/500
[reader] generated 202/500
[reader] generated 203/500
[reader] generated 204/500
[reader] generated 205/500
[reader] generated 206/500
[reader] generated 207/500
[reader] generated 208/500
[reader] generated 209/500
[reader] generated 210/500
[reader] generated 211/500
[reader] generated 212/500
[reader] generated 213/500
[reader] generated 214/500
[reader] generated 215/500
[reader] generated 216/500
[reader] generated 217/500
[reader] generated 218/500
[reader] generated 219/500
[reader] generated 220/500
[reader] generated 221/500
[reader] generated 222/500
[reader] generated 223/500
[reader] generated 224/500
[reader] generated 225/500
[reader] generated 226/500
[reader] generated 227/500
[reader] generated 228/500
[reader] generated 229/500
[reader] generated 230/500
[reader] generated 231/500
[reader] generated 232/500
[reader] generated 233/500
[reader] generated 234/500
[reader] generated 235/500
[reader] generated 236/500
[reader] generated 237/500
[reader] generated 238/500
[reader] generated 239/500
[reader] generated 240/500
[reader] generated 241/500
[reader] generated 242/500
[reader] generated 243/500
[reader] generated 244/500
[reader] generated 245/500
[reader] generated 246/500
[reader] generated 247/500
[reader] generated 248/500
[reader] generated 249/500
[reader] generated 250/500
[reader] generated 251/500
[reader] generated 252/500
[reader] generated 253/500
[reader] generated 254/500
[reader] generated 255/500
[reader] generated 256/500
[reader] generated 257/500
[reader] generated 258/500
[reader] generated 259/500
[reader] generated 260/500
[reader] generated 261/500
[reader] generated 262/500
[reader] generated 263/500
[reader] generated 264/500
[reader] generated 265/500
[reader] generated 266/500
[reader] generated 267/500
[reader] generated 268/500
[reader] generated 269/500
[reader] generated 270/500
[reader] generated 271/500
[reader] generated 272/500
[reader] generated 273/500
[reader] generated 274/500
[reader] generated 275/500
[reader] generated 276/500
[reader] generated 277/500
[reader] generated 278/500
[reader] generated 279/500
[reader] generated 280/500
[reader] generated 281/500
[reader] generated 282/500
[reader] generated 283/500
[reader] generated 284/500
[reader] generated 285/500
[reader] generated 286/500
[reader] generated 287/500
[reader] generated 288/500
[reader] generated 289/500
[reader] generated 290/500
[reader] generated 291/500
[reader] generated 292/500
[reader] generated 293/500
[reader] generated 294/500
[reader] generated 295/500
[reader] generated 296/500
[reader] generated 297/500
[reader] generated 298/500
[reader] generated 299/500
[reader] generated 300/500
[reader] generated 301/500
[reader] generated 302/500
[reader] generated 303/500
[reader] generated 304/500
[reader] generated 305/500
[reader] generated 306/500
[reader] generated 307/500
[reader] generated 308/500
[reader] generated 309/500
[reader] generated 310/500
[reader] generated 311/500
[reader] generated 312/500
[reader] generated 313/500
[reader] generated 314/500
[reader] generated 315/500
[reader] generated 316/500
[reader] generated 317/500
[reader] generated 318/500
[reader] generated 319/500
[reader] generated 320/500
[reader] generated 321/500
[reader] generated 322/500
[reader] generated 323/500
[reader] generated 324/500
[reader] generated 325/500
[reader] generated 326/500
[reader] generated 327/500
[reader] generated 328/500
[reader] generated 329/500
[reader] generated 330/500
[reader] generated 331/500
[reader] generated 332/500
[reader] generated 333/500
[reader] generated 334/500
[reader] generated 335/500
[reader] generated 336/500
[reader] generated 337/500
[reader] generated 338/500
[reader] generated 339/500
[reader] generated 340/500
[reader] generated 341/500
[reader] generated 342/500
[reader] generated 343/500
[reader] generated 344/500
[reader] generated 345/500
[reader] generated 346/500
[reader] generated 347/500
[reader] generated 348/500
[reader] generated 349/500
[reader] generated 350/500
[reader] generated 351/500
[reader] generated 352/500
[reader] generated 353/500
[reader] generated 354/500
[reader] generated 355/500
[reader] generated 356/500
[reader] generated 357/500
[reader] generated 358/500
[reader] generated 359/500
[reader] generated 360/500
[reader] generated 361/500
[reader] generated 362/500
[reader] generated 363/500
[reader] generated 364/500
[reader] generated 365/500
[reader] generated 366/500
[reader] generated 367/500
[reader] generated 368/500
[reader] generated 369/500
[reader] generated 370/500
[reader] generated 371/500
[reader] generated 372/500
[reader] generated 373/500
[reader] generated 374/500
[reader] generated 375/500
[reader] generated 376/500
[reader] generated 377/500
[reader] generated 378/500
[reader] generated 379/500
[reader] generated 380/500
[reader] generated 381/500
[reader] generated 382/500
[reader] generated 383/500
[reader] generated 384/500
[reader] generated 385/500
[reader] generated 386/500
[reader] generated 387/500
[reader] generated 388/500
[reader] generated 389/500
[reader] generated 390/500
[reader] generated 391/500
[reader] generated 392/500
[reader] generated 393/500
[reader] generated 394/500
[reader] generated 395/500
[reader] generated 396/500
[reader] generated 397/500
[reader] generated 398/500
[reader] generated 399/500
[reader] generated 400/500
[reader] generated 401/500
[reader] generated 402/500
[reader] generated 403/500
[reader] generated 404/500
[reader] generated 405/500
[reader] generated 406/500
[reader] generated 407/500
[reader] generated 408/500
[reader] generated 409/500
[reader] generated 410/500
[reader] generated 411/500
[reader] generated 412/500
[reader] generated 413/500
[reader] generated 414/500
[reader] generated 415/500
[reader] generated 416/500
[reader] generated 417/500
[reader] generated 418/500
[reader] generated 419/500
[reader] generated 420/500
[reader] generated 421/500
[reader] generated 422/500
[reader] generated 423/500
[reader] generated 424/500
[reader] generated 425/500
[reader] generated 426/500
[reader] generated 427/500
[reader] generated 428/500
[reader] generated 429/500
[reader] generated 430/500
[reader] generated 431/500
[reader] generated 432/500
[reader] generated 433/500
[reader] generated 434/500
[reader] generated 435/500
[reader] generated 436/500
[reader] generated 437/500
[reader] generated 438/500
[reader] generated 439/500
[reader] generated 440/500
[reader] generated 441/500
[reader] generated 442/500
[reader] generated 443/500
[reader] generated 444/500
[reader] generated 445/500
[reader] generated 446/500
[reader] generated 447/500
[reader] generated 448/500
[reader] generated 449/500
[reader] generated 450/500
[reader] generated 451/500
[reader] generated 452/500
[reader] generated 453/500
[reader] generated 454/500
[reader] generated 455/500
[reader] generated 456/500
[reader] generated 457/500
[reader] generated 458/500
[reader] generated 459/500
[reader] generated 460/500
[reader] generated 461/500
[reader] generated 462/500
[reader] generated 463/500
[reader] generated 464/500
[reader] generated 465/500
[reader] generated 466/500
[reader] generated 467/500
[reader] generated 468/500
[reader] generated 469/500
[reader] generated 470/500
[reader] generated 471/500
[reader] generated 472/500
[reader] generated 473/500
[reader] generated 474/500
[reader] generated 475/500
[reader] generated 476/500
[reader] generated 477/500
[reader] generated 478/500
[reader] generated 479/500
[reader] generated 480/500
[reader] generated 481/500
[reader] generated 482/500
[reader] generated 483/500
[reader] generated 484/500
[reader] generated 485/500
[reader] generated 486/500
[reader] generated 487/500
[reader] generated 488/500
[reader] generated 489/500
[reader] generated 490/500
[reader] generated 491/500
[reader] generated 492/500
[reader] generated 493/500
[reader] generated 494/500
[reader] generated 495/500
[reader] generated 496/500
[reader] generated 497/500
[reader] generated 498/500
[reader] generated 499/500
[reader] generated 500/500
[density] policy=ace_focused_160, router_type=fixed, representation=ace, packer=focused, reader_model=Qwen/Qwen2.5-14B-Instruct, packed_token_budget=160, recall@1=0.409, all_gold@1=0.0, recall@2=0.665, all_gold@2=0.406, recall@5=0.847, all_gold@5=0.718, qwen_em=0.346, qwen_f1=0.4482, avg_reader_evidence_tokens=150.08, mean_ans_in_context=0.618, mean_gold_token_density=0.4566, mean_gold_doc_reader_cov=0.751, mean_all_gold_reader=0.544, mean_distractor_docs=2.128, mean_context_tokens=150.078, mean_n_snippets=4.046
[density] materializing policy=ace_mmr_160
[density] generating policy=ace_mmr_160
[reader] generated 1/500
[reader] generated 2/500
[reader] generated 3/500
[reader] generated 4/500
[reader] generated 5/500
[reader] generated 6/500
[reader] generated 7/500
[reader] generated 8/500
[reader] generated 9/500
[reader] generated 10/500
[reader] generated 11/500
[reader] generated 12/500
[reader] generated 13/500
[reader] generated 14/500
[reader] generated 15/500
[reader] generated 16/500
[reader] generated 17/500
[reader] generated 18/500
[reader] generated 19/500
[reader] generated 20/500
[reader] generated 21/500
[reader] generated 22/500
[reader] generated 23/500
[reader] generated 24/500
[reader] generated 25/500
[reader] generated 26/500
[reader] generated 27/500
[reader] generated 28/500
[reader] generated 29/500
[reader] generated 30/500
[reader] generated 31/500
[reader] generated 32/500
[reader] generated 33/500
[reader] generated 34/500
[reader] generated 35/500
[reader] generated 36/500
[reader] generated 37/500
[reader] generated 38/500
[reader] generated 39/500
[reader] generated 40/500
[reader] generated 41/500
[reader] generated 42/500
[reader] generated 43/500
[reader] generated 44/500
[reader] generated 45/500
[reader] generated 46/500
[reader] generated 47/500
[reader] generated 48/500
[reader] generated 49/500
[reader] generated 50/500
[reader] generated 51/500
[reader] generated 52/500
[reader] generated 53/500
[reader] generated 54/500
[reader] generated 55/500
[reader] generated 56/500
[reader] generated 57/500
[reader] generated 58/500
[reader] generated 59/500
[reader] generated 60/500
[reader] generated 61/500
[reader] generated 62/500
[reader] generated 63/500
[reader] generated 64/500
[reader] generated 65/500
[reader] generated 66/500
[reader] generated 67/500
[reader] generated 68/500
[reader] generated 69/500
[reader] generated 70/500
[reader] generated 71/500
[reader] generated 72/500
[reader] generated 73/500
[reader] generated 74/500
[reader] generated 75/500
[reader] generated 76/500
[reader] generated 77/500
[reader] generated 78/500
[reader] generated 79/500
[reader] generated 80/500
[reader] generated 81/500
[reader] generated 82/500
[reader] generated 83/500
[reader] generated 84/500
[reader] generated 85/500
[reader] generated 86/500
[reader] generated 87/500
[reader] generated 88/500
[reader] generated 89/500
[reader] generated 90/500
[reader] generated 91/500
[reader] generated 92/500
[reader] generated 93/500
[reader] generated 94/500
[reader] generated 95/500
[reader] generated 96/500
[reader] generated 97/500
[reader] generated 98/500
[reader] generated 99/500
[reader] generated 100/500
[reader] generated 101/500
[reader] generated 102/500
[reader] generated 103/500
[reader] generated 104/500
[reader] generated 105/500
[reader] generated 106/500
[reader] generated 107/500
[reader] generated 108/500
[reader] generated 109/500
[reader] generated 110/500
[reader] generated 111/500
[reader] generated 112/500
[reader] generated 113/500
[reader] generated 114/500
[reader] generated 115/500
[reader] generated 116/500
[reader] generated 117/500
[reader] generated 118/500
[reader] generated 119/500
[reader] generated 120/500
[reader] generated 121/500
[reader] generated 122/500
[reader] generated 123/500
[reader] generated 124/500
[reader] generated 125/500
[reader] generated 126/500
[reader] generated 127/500
[reader] generated 128/500
[reader] generated 129/500
[reader] generated 130/500
[reader] generated 131/500
[reader] generated 132/500
[reader] generated 133/500
[reader] generated 134/500
[reader] generated 135/500
[reader] generated 136/500
[reader] generated 137/500
[reader] generated 138/500
[reader] generated 139/500
[reader] generated 140/500
[reader] generated 141/500
[reader] generated 142/500
[reader] generated 143/500
[reader] generated 144/500
[reader] generated 145/500
[reader] generated 146/500
[reader] generated 147/500
[reader] generated 148/500
[reader] generated 149/500
[reader] generated 150/500
[reader] generated 151/500
[reader] generated 152/500
[reader] generated 153/500
[reader] generated 154/500
[reader] generated 155/500
[reader] generated 156/500
[reader] generated 157/500
[reader] generated 158/500
[reader] generated 159/500
[reader] generated 160/500
[reader] generated 161/500
[reader] generated 162/500
[reader] generated 163/500
[reader] generated 164/500
[reader] generated 165/500
[reader] generated 166/500
[reader] generated 167/500
[reader] generated 168/500
[reader] generated 169/500
[reader] generated 170/500
[reader] generated 171/500
[reader] generated 172/500
[reader] generated 173/500
[reader] generated 174/500
[reader] generated 175/500
[reader] generated 176/500
[reader] generated 177/500
[reader] generated 178/500
[reader] generated 179/500
[reader] generated 180/500
[reader] generated 181/500
[reader] generated 182/500
[reader] generated 183/500
[reader] generated 184/500
[reader] generated 185/500
[reader] generated 186/500
[reader] generated 187/500
[reader] generated 188/500
[reader] generated 189/500
[reader] generated 190/500
[reader] generated 191/500
[reader] generated 192/500
[reader] generated 193/500
[reader] generated 194/500
[reader] generated 195/500
[reader] generated 196/500
[reader] generated 197/500
[reader] generated 198/500
[reader] generated 199/500
[reader] generated 200/500
[reader] generated 201/500
[reader] generated 202/500
[reader] generated 203/500
[reader] generated 204/500
[reader] generated 205/500
[reader] generated 206/500
[reader] generated 207/500
[reader] generated 208/500
[reader] generated 209/500
[reader] generated 210/500
[reader] generated 211/500
[reader] generated 212/500
[reader] generated 213/500
[reader] generated 214/500
[reader] generated 215/500
[reader] generated 216/500
[reader] generated 217/500
[reader] generated 218/500
[reader] generated 219/500
[reader] generated 220/500
[reader] generated 221/500
[reader] generated 222/500
[reader] generated 223/500
[reader] generated 224/500
[reader] generated 225/500
[reader] generated 226/500
[reader] generated 227/500
[reader] generated 228/500
[reader] generated 229/500
[reader] generated 230/500
[reader] generated 231/500
[reader] generated 232/500
[reader] generated 233/500
[reader] generated 234/500
[reader] generated 235/500
[reader] generated 236/500
[reader] generated 237/500
[reader] generated 238/500
[reader] generated 239/500
[reader] generated 240/500
[reader] generated 241/500
[reader] generated 242/500
[reader] generated 243/500
[reader] generated 244/500
[reader] generated 245/500
[reader] generated 246/500
[reader] generated 247/500
[reader] generated 248/500
[reader] generated 249/500
[reader] generated 250/500
[reader] generated 251/500
[reader] generated 252/500
[reader] generated 253/500
[reader] generated 254/500
[reader] generated 255/500
[reader] generated 256/500
[reader] generated 257/500
[reader] generated 258/500
[reader] generated 259/500
[reader] generated 260/500
[reader] generated 261/500
[reader] generated 262/500
[reader] generated 263/500
[reader] generated 264/500
[reader] generated 265/500
[reader] generated 266/500
[reader] generated 267/500
[reader] generated 268/500
[reader] generated 269/500
[reader] generated 270/500
[reader] generated 271/500
[reader] generated 272/500
[reader] generated 273/500
[reader] generated 274/500
[reader] generated 275/500
[reader] generated 276/500
[reader] generated 277/500
[reader] generated 278/500
[reader] generated 279/500
[reader] generated 280/500
[reader] generated 281/500
[reader] generated 282/500
[reader] generated 283/500
[reader] generated 284/500
[reader] generated 285/500
[reader] generated 286/500
[reader] generated 287/500
[reader] generated 288/500
[reader] generated 289/500
[reader] generated 290/500
[reader] generated 291/500
[reader] generated 292/500
[reader] generated 293/500
[reader] generated 294/500
[reader] generated 295/500
[reader] generated 296/500
[reader] generated 297/500
[reader] generated 298/500
[reader] generated 299/500
[reader] generated 300/500
[reader] generated 301/500
[reader] generated 302/500
[reader] generated 303/500
[reader] generated 304/500
[reader] generated 305/500
[reader] generated 306/500
[reader] generated 307/500
[reader] generated 308/500
[reader] generated 309/500
[reader] generated 310/500
[reader] generated 311/500
[reader] generated 312/500
[reader] generated 313/500
[reader] generated 314/500
[reader] generated 315/500
[reader] generated 316/500
[reader] generated 317/500
[reader] generated 318/500
[reader] generated 319/500
[reader] generated 320/500
[reader] generated 321/500
[reader] generated 322/500
[reader] generated 323/500
[reader] generated 324/500
[reader] generated 325/500
[reader] generated 326/500
[reader] generated 327/500
[reader] generated 328/500
[reader] generated 329/500
[reader] generated 330/500
[reader] generated 331/500
[reader] generated 332/500
[reader] generated 333/500
[reader] generated 334/500
[reader] generated 335/500
[reader] generated 336/500
[reader] generated 337/500
[reader] generated 338/500
[reader] generated 339/500
[reader] generated 340/500
[reader] generated 341/500
[reader] generated 342/500
[reader] generated 343/500
[reader] generated 344/500
[reader] generated 345/500
[reader] generated 346/500
[reader] generated 347/500
[reader] generated 348/500
[reader] generated 349/500
[reader] generated 350/500
[reader] generated 351/500
[reader] generated 352/500
[reader] generated 353/500
[reader] generated 354/500
[reader] generated 355/500
[reader] generated 356/500
[reader] generated 357/500
[reader] generated 358/500
[reader] generated 359/500
[reader] generated 360/500
[reader] generated 361/500
[reader] generated 362/500
[reader] generated 363/500
[reader] generated 364/500
[reader] generated 365/500
[reader] generated 366/500
[reader] generated 367/500
[reader] generated 368/500
[reader] generated 369/500
[reader] generated 370/500
[reader] generated 371/500
[reader] generated 372/500
[reader] generated 373/500
[reader] generated 374/500
[reader] generated 375/500
[reader] generated 376/500
[reader] generated 377/500
[reader] generated 378/500
[reader] generated 379/500
[reader] generated 380/500
[reader] generated 381/500
[reader] generated 382/500
[reader] generated 383/500
[reader] generated 384/500
[reader] generated 385/500
[reader] generated 386/500
[reader] generated 387/500
[reader] generated 388/500
[reader] generated 389/500
[reader] generated 390/500
[reader] generated 391/500
[reader] generated 392/500
[reader] generated 393/500
[reader] generated 394/500
[reader] generated 395/500
[reader] generated 396/500
[reader] generated 397/500
[reader] generated 398/500
[reader] generated 399/500
[reader] generated 400/500
[reader] generated 401/500
[reader] generated 402/500
[reader] generated 403/500
[reader] generated 404/500
[reader] generated 405/500
[reader] generated 406/500
[reader] generated 407/500
[reader] generated 408/500
[reader] generated 409/500
[reader] generated 410/500
[reader] generated 411/500
[reader] generated 412/500
[reader] generated 413/500
[reader] generated 414/500
[reader] generated 415/500
[reader] generated 416/500
[reader] generated 417/500
[reader] generated 418/500
[reader] generated 419/500
[reader] generated 420/500
[reader] generated 421/500
[reader] generated 422/500
[reader] generated 423/500
[reader] generated 424/500
[reader] generated 425/500
[reader] generated 426/500
[reader] generated 427/500
[reader] generated 428/500
[reader] generated 429/500
[reader] generated 430/500
[reader] generated 431/500
[reader] generated 432/500
[reader] generated 433/500
[reader] generated 434/500
[reader] generated 435/500
[reader] generated 436/500
[reader] generated 437/500
[reader] generated 438/500
[reader] generated 439/500
[reader] generated 440/500
[reader] generated 441/500
[reader] generated 442/500
[reader] generated 443/500
[reader] generated 444/500
[reader] generated 445/500
[reader] generated 446/500
[reader] generated 447/500
[reader] generated 448/500
[reader] generated 449/500
[reader] generated 450/500
[reader] generated 451/500
[reader] generated 452/500
[reader] generated 453/500
[reader] generated 454/500
[reader] generated 455/500
[reader] generated 456/500
[reader] generated 457/500
[reader] generated 458/500
[reader] generated 459/500
[reader] generated 460/500
[reader] generated 461/500
[reader] generated 462/500
[reader] generated 463/500
[reader] generated 464/500
[reader] generated 465/500
[reader] generated 466/500
[reader] generated 467/500
[reader] generated 468/500
[reader] generated 469/500
[reader] generated 470/500
[reader] generated 471/500
[reader] generated 472/500
[reader] generated 473/500
[reader] generated 474/500
[reader] generated 475/500
[reader] generated 476/500
[reader] generated 477/500
[reader] generated 478/500
[reader] generated 479/500
[reader] generated 480/500
[reader] generated 481/500
[reader] generated 482/500
[reader] generated 483/500
[reader] generated 484/500
[reader] generated 485/500
[reader] generated 486/500
[reader] generated 487/500
[reader] generated 488/500
[reader] generated 489/500
[reader] generated 490/500
[reader] generated 491/500
[reader] generated 492/500
[reader] generated 493/500
[reader] generated 494/500
[reader] generated 495/500
[reader] generated 496/500
[reader] generated 497/500
[reader] generated 498/500
[reader] generated 499/500
[reader] generated 500/500
[density] policy=ace_mmr_160, router_type=fixed, representation=ace, packer=mmr, reader_model=Qwen/Qwen2.5-14B-Instruct, packed_token_budget=160, recall@1=0.409, all_gold@1=0.0, recall@2=0.665, all_gold@2=0.406, recall@5=0.847, all_gold@5=0.718, qwen_em=0.302, qwen_f1=0.4007, avg_reader_evidence_tokens=150.05, mean_ans_in_context=0.59, mean_gold_token_density=0.456, mean_gold_doc_reader_cov=0.711, mean_all_gold_reader=0.478, mean_distractor_docs=2.078, mean_context_tokens=150.052, mean_n_snippets=4.1
[density] materializing policy=ace_submod_160
[density] generating policy=ace_submod_160
[reader] generated 1/500
[reader] generated 2/500
[reader] generated 3/500
[reader] generated 4/500
[reader] generated 5/500
[reader] generated 6/500
[reader] generated 7/500
[reader] generated 8/500
[reader] generated 9/500
[reader] generated 10/500
[reader] generated 11/500
[reader] generated 12/500
[reader] generated 13/500
[reader] generated 14/500
[reader] generated 15/500
[reader] generated 16/500
[reader] generated 17/500
[reader] generated 18/500
[reader] generated 19/500
[reader] generated 20/500
[reader] generated 21/500
[reader] generated 22/500
[reader] generated 23/500
[reader] generated 24/500
[reader] generated 25/500
[reader] generated 26/500
[reader] generated 27/500
[reader] generated 28/500
[reader] generated 29/500
[reader] generated 30/500
[reader] generated 31/500
[reader] generated 32/500
[reader] generated 33/500
[reader] generated 34/500
[reader] generated 35/500
[reader] generated 36/500
[reader] generated 37/500
[reader] generated 38/500
[reader] generated 39/500
[reader] generated 40/500
[reader] generated 41/500
[reader] generated 42/500
[reader] generated 43/500
[reader] generated 44/500
[reader] generated 45/500
[reader] generated 46/500
[reader] generated 47/500
[reader] generated 48/500
[reader] generated 49/500
[reader] generated 50/500
[reader] generated 51/500
[reader] generated 52/500
[reader] generated 53/500
[reader] generated 54/500
[reader] generated 55/500
[reader] generated 56/500
[reader] generated 57/500
[reader] generated 58/500
[reader] generated 59/500
[reader] generated 60/500
[reader] generated 61/500
[reader] generated 62/500
[reader] generated 63/500
[reader] generated 64/500
[reader] generated 65/500
[reader] generated 66/500
[reader] generated 67/500
[reader] generated 68/500
[reader] generated 69/500
[reader] generated 70/500
[reader] generated 71/500
[reader] generated 72/500
[reader] generated 73/500
[reader] generated 74/500
[reader] generated 75/500
[reader] generated 76/500
[reader] generated 77/500
[reader] generated 78/500
[reader] generated 79/500
[reader] generated 80/500
[reader] generated 81/500
[reader] generated 82/500
[reader] generated 83/500
[reader] generated 84/500
[reader] generated 85/500
[reader] generated 86/500
[reader] generated 87/500
[reader] generated 88/500
[reader] generated 89/500
[reader] generated 90/500
[reader] generated 91/500
[reader] generated 92/500
[reader] generated 93/500
[reader] generated 94/500
[reader] generated 95/500
[reader] generated 96/500
[reader] generated 97/500
[reader] generated 98/500
[reader] generated 99/500
[reader] generated 100/500
[reader] generated 101/500
[reader] generated 102/500
[reader] generated 103/500
[reader] generated 104/500
[reader] generated 105/500
[reader] generated 106/500
[reader] generated 107/500
[reader] generated 108/500
[reader] generated 109/500
[reader] generated 110/500
[reader] generated 111/500
[reader] generated 112/500
[reader] generated 113/500
[reader] generated 114/500
[reader] generated 115/500
[reader] generated 116/500
[reader] generated 117/500
[reader] generated 118/500
[reader] generated 119/500
[reader] generated 120/500
[reader] generated 121/500
[reader] generated 122/500
[reader] generated 123/500
[reader] generated 124/500
[reader] generated 125/500
[reader] generated 126/500
[reader] generated 127/500
[reader] generated 128/500
[reader] generated 129/500
[reader] generated 130/500
[reader] generated 131/500
[reader] generated 132/500
[reader] generated 133/500
[reader] generated 134/500
[reader] generated 135/500
[reader] generated 136/500
[reader] generated 137/500
[reader] generated 138/500
[reader] generated 139/500
[reader] generated 140/500
[reader] generated 141/500
[reader] generated 142/500
[reader] generated 143/500
[reader] generated 144/500
[reader] generated 145/500
[reader] generated 146/500
[reader] generated 147/500
[reader] generated 148/500
[reader] generated 149/500
[reader] generated 150/500
[reader] generated 151/500
[reader] generated 152/500
[reader] generated 153/500
[reader] generated 154/500
[reader] generated 155/500
[reader] generated 156/500
[reader] generated 157/500
[reader] generated 158/500
[reader] generated 159/500
[reader] generated 160/500
[reader] generated 161/500
[reader] generated 162/500
[reader] generated 163/500
[reader] generated 164/500
[reader] generated 165/500
[reader] generated 166/500
[reader] generated 167/500
[reader] generated 168/500
[reader] generated 169/500
[reader] generated 170/500
[reader] generated 171/500
[reader] generated 172/500
[reader] generated 173/500
[reader] generated 174/500
[reader] generated 175/500
[reader] generated 176/500
[reader] generated 177/500
[reader] generated 178/500
[reader] generated 179/500
[reader] generated 180/500
[reader] generated 181/500
[reader] generated 182/500
[reader] generated 183/500
[reader] generated 184/500
[reader] generated 185/500
[reader] generated 186/500
[reader] generated 187/500
[reader] generated 188/500
[reader] generated 189/500
[reader] generated 190/500
[reader] generated 191/500
[reader] generated 192/500
[reader] generated 193/500
[reader] generated 194/500
[reader] generated 195/500
[reader] generated 196/500
[reader] generated 197/500
[reader] generated 198/500
[reader] generated 199/500
[reader] generated 200/500
[reader] generated 201/500
[reader] generated 202/500
[reader] generated 203/500
[reader] generated 204/500
[reader] generated 205/500
[reader] generated 206/500
[reader] generated 207/500
[reader] generated 208/500
[reader] generated 209/500
[reader] generated 210/500
[reader] generated 211/500
[reader] generated 212/500
[reader] generated 213/500
[reader] generated 214/500
[reader] generated 215/500
[reader] generated 216/500
[reader] generated 217/500
[reader] generated 218/500
[reader] generated 219/500
[reader] generated 220/500
[reader] generated 221/500
[reader] generated 222/500
[reader] generated 223/500
[reader] generated 224/500
[reader] generated 225/500
[reader] generated 226/500
[reader] generated 227/500
[reader] generated 228/500
[reader] generated 229/500
[reader] generated 230/500
[reader] generated 231/500
[reader] generated 232/500
[reader] generated 233/500
[reader] generated 234/500
[reader] generated 235/500
[reader] generated 236/500
[reader] generated 237/500
[reader] generated 238/500
[reader] generated 239/500
[reader] generated 240/500
[reader] generated 241/500
[reader] generated 242/500
[reader] generated 243/500
[reader] generated 244/500
[reader] generated 245/500
[reader] generated 246/500
[reader] generated 247/500
[reader] generated 248/500
[reader] generated 249/500
[reader] generated 250/500
[reader] generated 251/500
[reader] generated 252/500
[reader] generated 253/500
[reader] generated 254/500
[reader] generated 255/500
[reader] generated 256/500
[reader] generated 257/500
[reader] generated 258/500
[reader] generated 259/500
[reader] generated 260/500
[reader] generated 261/500
[reader] generated 262/500
[reader] generated 263/500
[reader] generated 264/500
[reader] generated 265/500
[reader] generated 266/500
[reader] generated 267/500
[reader] generated 268/500
[reader] generated 269/500
[reader] generated 270/500
[reader] generated 271/500
[reader] generated 272/500
[reader] generated 273/500
[reader] generated 274/500
[reader] generated 275/500
[reader] generated 276/500
[reader] generated 277/500
[reader] generated 278/500
[reader] generated 279/500
[reader] generated 280/500
[reader] generated 281/500
[reader] generated 282/500
[reader] generated 283/500
[reader] generated 284/500
[reader] generated 285/500
[reader] generated 286/500
[reader] generated 287/500
[reader] generated 288/500
[reader] generated 289/500
[reader] generated 290/500
[reader] generated 291/500
[reader] generated 292/500
[reader] generated 293/500
[reader] generated 294/500
[reader] generated 295/500
[reader] generated 296/500
[reader] generated 297/500
[reader] generated 298/500
[reader] generated 299/500
[reader] generated 300/500
[reader] generated 301/500
[reader] generated 302/500
[reader] generated 303/500
[reader] generated 304/500
[reader] generated 305/500
[reader] generated 306/500
[reader] generated 307/500
[reader] generated 308/500
[reader] generated 309/500
[reader] generated 310/500
[reader] generated 311/500
[reader] generated 312/500
[reader] generated 313/500
[reader] generated 314/500
[reader] generated 315/500
[reader] generated 316/500
[reader] generated 317/500
[reader] generated 318/500
[reader] generated 319/500
[reader] generated 320/500
[reader] generated 321/500
[reader] generated 322/500
[reader] generated 323/500
[reader] generated 324/500
[reader] generated 325/500
[reader] generated 326/500
[reader] generated 327/500
[reader] generated 328/500
[reader] generated 329/500
[reader] generated 330/500
[reader] generated 331/500
[reader] generated 332/500
[reader] generated 333/500
[reader] generated 334/500
[reader] generated 335/500
[reader] generated 336/500
[reader] generated 337/500
[reader] generated 338/500
[reader] generated 339/500
[reader] generated 340/500
[reader] generated 341/500
[reader] generated 342/500
[reader] generated 343/500
[reader] generated 344/500
[reader] generated 345/500
[reader] generated 346/500
[reader] generated 347/500
[reader] generated 348/500
[reader] generated 349/500
[reader] generated 350/500
[reader] generated 351/500
[reader] generated 352/500
[reader] generated 353/500
[reader] generated 354/500
[reader] generated 355/500
[reader] generated 356/500
[reader] generated 357/500
[reader] generated 358/500
[reader] generated 359/500
[reader] generated 360/500
[reader] generated 361/500
[reader] generated 362/500
[reader] generated 363/500
[reader] generated 364/500
[reader] generated 365/500
[reader] generated 366/500
[reader] generated 367/500
[reader] generated 368/500
[reader] generated 369/500
[reader] generated 370/500
[reader] generated 371/500
[reader] generated 372/500
[reader] generated 373/500
[reader] generated 374/500
[reader] generated 375/500
[reader] generated 376/500
[reader] generated 377/500
[reader] generated 378/500
[reader] generated 379/500
[reader] generated 380/500
[reader] generated 381/500
[reader] generated 382/500
[reader] generated 383/500
[reader] generated 384/500
[reader] generated 385/500
[reader] generated 386/500
[reader] generated 387/500
[reader] generated 388/500
[reader] generated 389/500
[reader] generated 390/500
[reader] generated 391/500
[reader] generated 392/500
[reader] generated 393/500
[reader] generated 394/500
[reader] generated 395/500
[reader] generated 396/500
[reader] generated 397/500
[reader] generated 398/500
[reader] generated 399/500
[reader] generated 400/500
[reader] generated 401/500
[reader] generated 402/500
[reader] generated 403/500
[reader] generated 404/500
[reader] generated 405/500
[reader] generated 406/500
[reader] generated 407/500
[reader] generated 408/500
[reader] generated 409/500
[reader] generated 410/500
[reader] generated 411/500
[reader] generated 412/500
[reader] generated 413/500
[reader] generated 414/500
[reader] generated 415/500
[reader] generated 416/500
[reader] generated 417/500
[reader] generated 418/500
[reader] generated 419/500
[reader] generated 420/500
[reader] generated 421/500
[reader] generated 422/500
[reader] generated 423/500
[reader] generated 424/500
[reader] generated 425/500
[reader] generated 426/500
[reader] generated 427/500
[reader] generated 428/500
[reader] generated 429/500
[reader] generated 430/500
[reader] generated 431/500
[reader] generated 432/500
[reader] generated 433/500
[reader] generated 434/500
[reader] generated 435/500
[reader] generated 436/500
[reader] generated 437/500
[reader] generated 438/500
[reader] generated 439/500
[reader] generated 440/500
[reader] generated 441/500
[reader] generated 442/500
[reader] generated 443/500
[reader] generated 444/500
[reader] generated 445/500
[reader] generated 446/500
[reader] generated 447/500
[reader] generated 448/500
[reader] generated 449/500
[reader] generated 450/500
[reader] generated 451/500
[reader] generated 452/500
[reader] generated 453/500
[reader] generated 454/500
[reader] generated 455/500
[reader] generated 456/500
[reader] generated 457/500
[reader] generated 458/500
[reader] generated 459/500
[reader] generated 460/500
[reader] generated 461/500
[reader] generated 462/500
[reader] generated 463/500
[reader] generated 464/500
[reader] generated 465/500
[reader] generated 466/500
[reader] generated 467/500
[reader] generated 468/500
[reader] generated 469/500
[reader] generated 470/500
[reader] generated 471/500
[reader] generated 472/500
[reader] generated 473/500
[reader] generated 474/500
[reader] generated 475/500
[reader] generated 476/500
[reader] generated 477/500
[reader] generated 478/500
[reader] generated 479/500
[reader] generated 480/500
[reader] generated 481/500
[reader] generated 482/500
[reader] generated 483/500
[reader] generated 484/500
[reader] generated 485/500
[reader] generated 486/500
[reader] generated 487/500
[reader] generated 488/500
[reader] generated 489/500
[reader] generated 490/500
[reader] generated 491/500
[reader] generated 492/500
[reader] generated 493/500
[reader] generated 494/500
[reader] generated 495/500
[reader] generated 496/500
[reader] generated 497/500
[reader] generated 498/500
[reader] generated 499/500
[reader] generated 500/500
[density] policy=ace_submod_160, router_type=fixed, representation=ace, packer=submod, reader_model=Qwen/Qwen2.5-14B-Instruct, packed_token_budget=160, recall@1=0.409, all_gold@1=0.0, recall@2=0.665, all_gold@2=0.406, recall@5=0.847, all_gold@5=0.718, qwen_em=0.318, qwen_f1=0.4129, avg_reader_evidence_tokens=147.5, mean_ans_in_context=0.608, mean_gold_token_density=0.4286, mean_gold_doc_reader_cov=0.741, mean_all_gold_reader=0.532, mean_distractor_docs=2.33, mean_context_tokens=147.496, mean_n_snippets=4.586
[density] policy=router_oracle_packer, router_type=oracle, representation=mixed, packer=oracle, reader_model=Qwen/Qwen2.5-14B-Instruct, packed_token_budget=160, selection_counts={"ace_focused_160": 98, "ace_mmr_160": 28, "ace_submod_160": 76, "chunk_focused_160": 87, "chunk_mmr_160": 40, "chunk_submod_160": 171}, qwen_em=0.474, qwen_f1=0.5982, avg_reader_evidence_tokens=141.62, mean_ans_in_context=0.702, mean_gold_token_density=0.5275, mean_gold_doc_reader_cov=0.778, mean_all_gold_reader=0.59, mean_distractor_docs=1.816, mean_context_tokens=141.622, mean_n_snippets=3.924
wrote /kaggle/working/colab_results/stage11_density_packer_hotpotqa_reader14b_4bit_budget160_limit500_seed13/hotpotqa_density_standard_budget160_limit500_metrics.csv
wrote /kaggle/working/colab_results/stage11_density_packer_hotpotqa_reader14b_4bit_budget160_limit500_seed13/hotpotqa_density_standard_budget160_limit500_per_question.csv
=== control/main.py done: stage11 reader ladder; ok=['reader7b_4bit_seed42', 'reader7b_4bit_seed13', 'reader14b_4bit_seed42', 'reader14b_4bit_seed13'] failed=[] ===
