qid,question,rule_policy,oracle_policy,chunk_confidence,bm25_confidence,hybrid_confidence,ace_confidence,ace_chunk_doc_jaccard,chunk_packed_160_tokens,chunk_packed_160_doc_count,chunk_packed_160_em,chunk_packed_160_f1,ace_packed_160_tokens,ace_packed_160_doc_count,ace_packed_160_em,ace_packed_160_f1,ace_focused_160_tokens,ace_focused_160_doc_count,ace_focused_160_em,ace_focused_160_f1
techqa_DEV_Q243,"Using cobol copybooks Sometimes, there will be errors/fields missing in typetree, while importing cobol copybooks. Is there any format for copybooks(specifically to be used in wtx), that we need to follow? ",chunk_packed_160,chunk_packed_160,0.19711583433045426,0.1792124718960676,0.1840526135511192,0.22255758117037308,0.6666666666666666,154,3,0.0,0.0,159,3,0.0,0.0,155,3,0.0,0.0
techqa_DEV_Q280,Is WebSphere Transformation Extender (WTX) supported for IBM Integration Bus V10? When will WebSphere Transformation Extender (WTX) be supported for IBM Integration Bus V10?,ace_packed_160,chunk_packed_160,0.21075411969670574,0.21403140783795868,0.20950114422344224,0.27119582777159196,1.0,139,1,0.0,0.0,148,3,0.0,0.0,150,2,0.0,0.0
techqa_DEV_Q253,Want to find out if Microsoft Edge is supported with ICC? Want to find out Microsoft Edge is supported with ICC? ,ace_packed_160,ace_packed_160,0.1662411793290025,0.16797371758003166,0.16615173127049881,0.2328833535673006,0.25,159,2,0.0,0.0,149,3,0.0,0.0,160,3,0.0,0.0
techqa_DEV_Q231,What IBM Business Process Manager version is affected by the Apache Commons FileUpload vulnerability CVE-2016-1000031? What IBM Business Process Manager version is affected by the Apache Commons FileUpload vulnerability CVE-2016-1000031? ,ace_packed_160,chunk_packed_160,0.18696324759167027,0.18670640567033686,0.19044838033019032,0.2517446565315292,0.25,146,2,0.0,0.0,153,3,0.0,0.0,158,2,0.0,0.0
techqa_DEV_Q196,"Error while installing SpSS modeler trial version I have downloaded the SPSS modeller trial version (18.1) (64 bit) and trying to install the same. I get the following error 1152: Error extracting modelerClient64.msi to the temporary location
",ace_packed_160,ace_packed_160,0.20413448431180042,0.2140376731974446,0.2045420867218314,0.24051802732769176,0.42857142857142855,157,2,0.0,0.0,155,3,0.0,0.0,159,4,0.0,0.0
techqa_DEV_Q062,Where can I find more details about WMB Fix Pack 8.0.0.5? Where can find more information about WebSphere Message Broker (WMB) Fix Pack 8.0.0.5?,chunk_packed_160,chunk_packed_160,0.19646728649444584,0.17390425611353888,0.19587567347655832,0.21311320952024376,0.0,137,2,0.0,0.0,187,1,0.0,0.0,156,3,0.0,0.0
techqa_DEV_Q252,"How to resolve the StaleConnectionException in WebSphere Application Server? I see this exception in WebSphere Application Server J2c and RRA traces:

WSRdbManagedC > preTestConnection Entry WSRdbManagedConnectionImpl@51a507f2 query: SELECT 1 FROM DUAL WSRdbManagedC 3 Exception java.sql.SQLException: ORA-02396: exceeded maximum idle time, please connect again DSRA0010E: SQL State = 61000, Error Code = 2,396 at oracle.jdbc.driver.T4CTTIoer.processError(T4CTTIoer.java:440) at 
...
Entry java.sql.SQLException: ORA-01012: not logged on ..... OracleDataSto < findMappingClass return Exit class com.ibm.websphere.ce.cm.StaleConnectionException",chunk_packed_160,ace_focused_160,0.21623495382698033,0.21572708299012028,0.22364498844462627,0.22042386157453409,0.42857142857142855,154,2,0.0,0.12068965517241378,150,3,0.0,0.0,149,2,0.0,0.21705426356589147
techqa_DEV_Q199,"How do I resolve a WSVR0605W hung thread issue in the WebSphere MQ Resource Adapter? The following WebSphere MQ Resource Adapter hung thread can prevent an application server from starting...

WSVR0605W: Thread ""WMQJCAResourceAdapter : 6"" (0000001b) has been active for 698530 milliseconds and may be hung. There is 1 thread(s) in total in the server that may be hung. at java.lang.Object.wait(Native Method) at java.lang.Object.wait(Object.java:167) at com.ibm.ejs.container.MessageEndpointFactoryImpl.createEndpoint(MessageEndpointFactoryImpl.java:498) at com.ibm.mq.connector.inbound.WorkImpl.run(WorkImpl.java:149)",chunk_packed_160,ace_focused_160,0.23834885727928404,0.22160557986436302,0.24950718667325505,0.21717001194703625,0.25,328,1,0.0,0.0,160,3,0.0,0.0,160,3,0.0,0.03076923076923077
techqa_DEV_Q077,"I need to transfer my SPSS 24 licence to a new computer I need to transfer my SPSS 24 license to a new machine. I have only used my activation code on one computer so far, and that computer was found to be defective which has led me to get a new computer. I was able to download SPSS 24 Gradpack onto the new computer, but every time I put in the activation code, the program gives me an error message saying that I am not allowed to generate any new licenses.",chunk_packed_160,ace_packed_160,0.20543014403711315,0.2196982871458299,0.20938682399743982,0.21603585740429662,0.42857142857142855,160,3,0.0,0.0,148,3,0.0,0.0,159,4,0.0,0.0
techqa_DEV_Q008,"How can I export a private key from DataPower Gateway Appliance? 

How can I export a private key from DataPower Gateway appliance?

",ace_packed_160,ace_focused_160,0.1896297764176243,0.20989015492952584,0.21360589986239056,0.2432024337283729,0.25,160,3,0.0,0.0,153,3,0.0,0.0,155,3,0.0,0.017241379310344827
techqa_DEV_Q215,"When should I use conversation sharing in DataPower MQ queue managers? MQ version 7.0 introduced a new feature, conversation sharing. Are there any special values on DataPower when configuring conversation sharing?",chunk_packed_160,ace_focused_160,0.2166612279149422,0.21544778461175584,0.2326275873993407,0.2392610206431786,0.6666666666666666,144,2,0.0,0.0,157,3,0.0,0.013071895424836602,152,1,0.0,0.0
techqa_DEV_Q249,"Help with Security Bulletin: IBM WebSphere MQ Administration command could cause denial of service (CVE-2016-8971) I need to understand details regarding Security Bulletin: IBM WebSphere MQ Administration command could cause denial of service (CVE-2016-8971). Where can I find this information?
",ace_packed_160,ace_packed_160,0.1886690616875936,0.21479516253482658,0.19869177604138807,0.22658819526894713,0.0,149,2,0.0,0.0,142,2,0.0,0.0,157,2,0.0,0.0
techqa_DEV_Q250,Help with Security Bulletin: IIB is affected by Node.js security vulnerability ( CVE-2017-1000381 and CVE-2017-11499 ) I need to understand details regarding Security Bulletin: IBM Integration Bus is affected by Node.js security vulnerability ( CVE-2017-1000381 and CVE-2017-11499 ). Where can I find this information? ,chunk_packed_160,ace_packed_160,0.19445743341833577,0.2091564606254812,0.19801087265271788,0.2134039337544814,0.0,147,2,0.0,0.0,145,2,0.0,0.0,156,2,0.0,0.0
techqa_DEV_Q129,"Help with Security Bulletin: Multiple vulnerabilities in IBM Java SDK affect IBM OS Images for Red Hat Linux Systems and AIX (CVE-2015-0410 and CVE-2014-6593) I need to understand details regarding ""Security Bulletin: Multiple vulnerabilities in IBM Java SDK affect IBM OS Images for Red Hat Linux Systems and AIX (CVE-2015-0410 and CVE-2014-6593)"" Where can I find this information? ",ace_packed_160,ace_focused_160,0.20165180632677104,0.2211590781222359,0.22367849730032302,0.317123660702616,0.1111111111111111,158,1,0.0,0.0,154,2,0.0,0.0,145,2,0.0,0.0
techqa_DEV_Q294,"Error #2070 I purchased the SPSS grad pack and put one of the licenses on one computer and another on this one. This computer crashed and I was forced to reformat the hard drive. Subsequently, I lost SPSS in the process.  I am now reinstalling with the single user copy option.

The error it gave me now when I attempted to authorize the program with the original authorization number I received was:

Authorization in progress ... (removed) Authorization failed.: You are not allowed to generate any more new licenses. End Of Transaction. All permitted authorizations for the provided authorization code(s) have been utilized. No additional authorizations are permitted on this code. If you think this is an error, please contact IBM Corp. Customer Service at spssls@us.ibm.com ( http://www-01.ibm.com/software/analytics/spss ) with your product and purchase details. Click ""Finish"" to exit.",chunk_packed_160,chunk_packed_160,0.24540194513969055,0.2555571512942355,0.2471796865105892,0.22338558877564826,0.6666666666666666,148,2,0.0,0.0,155,4,0.0,0.0,157,4,0.0,0.0
techqa_DEV_Q043,Where I can get ITNM 4.2.0.1 GA version download details with Part number?. How to download and install IBM Tivoli Network Manager IP Edition Version 4.2 Fix Pack 1 (GA) using the Passport Advantage Web site?. ,ace_packed_160,ace_packed_160,0.19497572585158934,0.21853914047931378,0.21124459637478596,0.4109940079730797,0.42857142857142855,157,3,0.0,0.0,156,3,0.0,0.0,157,3,0.0,0.0
techqa_DEV_Q037,"Help with Action required for IIB H.E.V9 and WMB H.E. V8 for security vulnerabilities in Red Hat Linux 

I need to understand details regarding Action required for IBM Integration Bus Hypervisor Edition V9.0 and WebSphere Message Broker Hypervisor Edition V8.0 for security vulnerabilities in Red Hat Linux.

Where can I find this information?",chunk_packed_160,chunk_packed_160,0.29850455210182747,0.28888888888888886,0.2988351705562172,0.3117469904358936,0.25,88,1,0.0,0.08,88,1,0.0,0.08,88,1,0.0,0.08
techqa_DEV_Q139,Help with Security Bulletin: IBM WebSphere MQ is affected by a privilege escalation vulnerability (CVE-2017-1612) I need to understand details regarding Security Bulletin: IBM WebSphere MQ is affected by a privilege escalation vulnerability (CVE-2017-1612).,ace_focused_160,ace_focused_160,0.19895101446180863,0.19641384938412515,0.2035178917333477,0.269012491472877,0.42857142857142855,159,2,0.0,0.0,140,2,0.0,0.0,133,2,0.0,0.2
techqa_DEV_Q172,"What's the procedure to drop an user in Cognos Disclosure Management? 

O.S AIX 7.1

Cognos Disclosure Management 10.2.4 What's the procedure to drop an user in Cognos Disclosure Management",ace_packed_160,chunk_packed_160,0.18063898961807542,0.21047037243680433,0.21135780579627825,0.27898972412199513,0.6666666666666666,154,3,0.0,0.0,156,4,0.0,0.0,159,3,0.0,0.0
techqa_DEV_Q137,"What things are important to consider when installing a fix pack for IIB running on a multi-instance environment? I am planning to apply a fix pack to my current version of IBM Integration Bus (IIB) using multi-instance brokers and I am looking for any important information regarding the process.

For example:

 

- installation and verification tasks
 

- is it possible to back out this fix pack in case there are issues
 

- any specific tasks for multi instance configuration",chunk_packed_160,chunk_packed_160,0.199860477036642,0.19930398563015572,0.19119159269620029,0.21746671750708535,0.1111111111111111,160,2,0.0,0.029629629629629624,160,4,0.0,0.029629629629629624,159,2,0.0,0.0
techqa_DEV_Q085,Event Dashboard breaks with Japanese filter Event Dashboard breaks when a filter is created with the browser language set to Japanese. This issue occurs in WebGUI 8.1 Fix Pack 11. ,chunk_packed_160,ace_packed_160,0.2115276846413682,0.2181496879329633,0.21842572122048687,0.22147019023151437,0.25,155,3,0.0,0.0,147,2,0.0,0.0,153,3,0.0,0.0
techqa_DEV_Q180,"Help with Security Bulletin: Security Vulnerability in IBM PureApplication System. (CVE-2015-1920) I need to understand details regarding ""Security Bulletin: Security Vulnerability in IBM PureApplication System (CVE-2015-1920)"". Where can I find this information? ",ace_packed_160,chunk_packed_160,0.18773974064422752,0.20750298090211466,0.19872114974444802,0.2181614180473435,0.0,130,2,0.0,0.0,145,2,0.0,0.0,158,2,0.0,0.0
techqa_DEV_Q205,"Launching IBM Rational Software Architect application results in Error: Java was started but returned exit code = -1 At times when you launch Rational Software Architect (RSA) application, you might encounter the following error: Error: Java was started but returned exit code = -1 ",ace_packed_160,chunk_packed_160,0.2048161875442669,0.2098275067818404,0.2078894766679363,0.2674579186859888,0.42857142857142855,154,3,0.0,0.0,156,4,0.0,0.0,154,4,0.0,0.0
techqa_DEV_Q305,"Cognos Analytics - Images not displayed in PDF/Excel, working in HTML I've just completed an upgrade to Cognos Analytics 11.0.3. When running existing reports in HTML, the images are displayed but when I try to run them in PDF/Excel they are not. ",ace_packed_160,ace_packed_160,0.2120511631189143,0.23015281649901026,0.22722932685051123,0.24353120441077492,0.42857142857142855,155,3,0.0,0.0,150,4,0.0,0.10909090909090909,160,2,0.0,0.0
techqa_DEV_Q269,"Executing a scenario suite with a Scenario Service Provider (SSP) over HTTPS How to configure the machines hosting the WebSphere Operational Decision Management modules with regard to HTTPS when executing scenario suites ?
How to avoid the exception below while requesting from Decision Center the execution of a scenario suite on Scenario Service Provider (SSP) over HTTPS ?
 Exception caught while contacting RES ilog.rules.res.util.http.IlrConnectionException: IO error when contacting ""/res/repositoryService""
 ....
 Caused by: javax.net.ssl.SSLHandshakeException: com.ibm.jsse2.util.g: PKIX path building failed: java.security.cert.CertPathBuilderException: unable to find valid certification path to requested target",ace_packed_160,ace_focused_160,0.24069881532597337,0.2450186860261262,0.2596832309902311,0.3101213418140783,0.1111111111111111,177,1,0.0,0.0335195530726257,160,3,0.0,0.0335195530726257,160,1,0.0,0.044444444444444446
techqa_DEV_Q266,How to install Packaging utility? How to install Packaging utility? ,ace_packed_160,ace_focused_160,0.16738386794084625,0.16967336530030605,0.16781071946273565,0.3313616829993018,0.6666666666666666,158,4,0.0,0.0,159,4,0.0,0.0,157,2,0.0,0.12698412698412698
techqa_DEV_Q188,Is there a support's guide to the CORBA Probes? Where can I download the support's guide to the IBM CORBA probes?,ace_packed_160,ace_packed_160,0.22780519815178152,0.22920036276831052,0.23442205159047474,0.3047834546369159,0.1111111111111111,164,1,0.0,0.0,160,5,0.0,0.07407407407407407,154,4,0.0,0.0
techqa_DEV_Q092,What versions of WSAS using Oracle 12c are supported? What versions of WSAS using Oracle 12c are supported?,ace_packed_160,ace_focused_160,0.22212654409499027,0.2589793264025589,0.24312967695506638,0.33911953827540875,0.42857142857142855,160,3,0.0,0.0,160,3,0.0,0.0,151,3,0.0,0.0
techqa_DEV_Q147,"TEP to TEPS communication issues with different Java versions Recent Java updates have caused connection problems when logging into the TEPS via the TEP client (Browser or Java Web Start). Is there an updated list of known issues?
",ace_packed_160,ace_packed_160,0.21752011684936098,0.20796185683233182,0.23304702299965022,0.3073674802604301,0.25,159,2,0.0,0.0,148,3,0.0,0.07079646017699115,155,3,0.0,0.0
techqa_DEV_Q143,"How can I configure J2EE Tomcat DC to run as Windows Service? I'm trying to configure ITCAM J2EE v7.1.1 Tomcat DC to run as a Windows Service but it fails. Is this type of configuration supported? If so, what is the right procedure to do that?
",ace_packed_160,ace_packed_160,0.23375750691693858,0.24604899735879615,0.25684982453123395,0.27599386053583647,0.6666666666666666,147,2,0.0,0.0,141,3,0.0,0.0,146,2,0.0,0.0
techqa_DEV_Q285,"Why is the file db2jcc.jar missing after an upgrade to BPM V8.5.7 CF2016.12? After upgrading to IBM Business Process Manager V8.5.7 Cumulative Fix 2016.12, I have encountered several JDBC related exceptions during my process application development. It seems that the file db2jcc.jar was removed during the installation of the cumulative fix pack. What happened? ",ace_packed_160,ace_focused_160,0.19903444611179394,0.20784479715745913,0.2049652556035899,0.23598448043861975,0.1111111111111111,153,2,0.0,0.021052631578947368,159,3,0.0,0.021052631578947368,141,2,0.0,0.1359223300970874
techqa_DEV_Q237,"Traffic across domains seems unexpected 

I have two Multi-Protocol Gateways (MPGWs) configured, each in their own domain:

     Domain A
     MPGW_A
     FSH_A (1.2.3.4:443)
     Domain B
     MPGW_B
     FSH_B (0.0.0.0:443)

The FSH_B is disabled, thus MPGW_B cannot take traffic. However, if I modify the config for MPGW_B (i.e. just change a Stylesheet parameter) the traffic goes to MPGW_B somehow. How is this happening? FSH_B is still disabled.",chunk_packed_160,chunk_packed_160,0.20996045249847667,0.22638006223289303,0.2302659181758966,0.21044064753882094,0.42857142857142855,150,3,0.0,0.0,159,3,0.0,0.0,159,3,0.0,0.0
techqa_DEV_Q095,"Why do I get error when I try to save application in APMUI? I am using APMUI 7.7 IF1. Following error occurs when I try to save application:

 

CTGAZ0001E: The application cannot be saved because the application repository is not available.
messages.log of scr server shows that it is listening at 17310 port:

 

A CWWKT0016I: Web application available (default_host): http://apmhost:17310/SCRCLUSTER_SCR_oslc.html
But apmui is referring to this URL with port 8080 (APM_UI.log):

 

http://apmhost:8080/SCRCLUSTER_SCR_oslc/scr/gettime",chunk_packed_160,chunk_packed_160,0.2020225032418082,0.2240002579016795,0.24032637799200612,0.20558509592929344,0.1111111111111111,149,3,0.0,0.0,160,3,0.0,0.0,158,3,0.0,0.0
techqa_DEV_Q044,"Help with Security Bulletin: IBM WebSphere MQ and IBM MQ Managed File Transfer is affected by an undefined behavior because of insecure file permission vulnerability (CVE-2017-1699) I need to understand details regarding Security Bulletin: IBM WebSphere MQ and IBM MQ Managed File Transfer is affected by an undefined behavior because of insecure file permission vulnerability (CVE-2017-1699). Where can I find this information?
",ace_packed_160,ace_packed_160,0.19810865366172026,0.20592002571236986,0.2029940277940756,0.25665615183571944,0.25,128,1,0.0,0.0,127,2,0.0,0.0,149,3,0.0,0.0
techqa_DEV_Q013,"Additional steps to apply fix pack to Decision Center 

We are upgrading ODM 8.8.1 Decision Center to the latest 8.8.1.3.

Are there any additional steps to apply the fixpack to Decision Center after we install the fixpack with Installation Manager?",ace_focused_160,ace_packed_160,0.18483495111130638,0.18779318638216777,0.1987143724234295,0.24958157135639844,0.25,302,1,0.0,0.0,154,3,0.0,0.0,156,3,0.0,0.0
techqa_DEV_Q014,"Installing fixpacks with Installation Manager - when did it change from using updateInstaller,  starting in which version of WebSphere I was using updateInstaller to install fixpacks, and there was a separate fixpack for WebSphere and separate for the JDK, independent of each other. Now I understand that with Installation Manager there is a single package containing both the WebSphere App server fixpack as well as the JDK. When did this occur, starting with which version of WebSphere ? ",ace_packed_160,ace_focused_160,0.20606975214305445,0.20792422204683506,0.20543356233628773,0.2402763216799647,0.42857142857142855,159,3,0.0,0.0,160,2,0.0,0.03773584905660378,157,2,0.0,0.03773584905660378
techqa_DEV_Q072,Help with Security Bulletin: Multiple vulnerabilities in IBM Java Runtime affect WMB and IIB I need to understand details regarding Security Bulletin: Multiple vulnerabilities in IBM Java Runtime affect WebSphere Message Broker and IBM Integration Bus. Where can I find this information? ,ace_packed_160,ace_focused_160,0.21079384579335064,0.21558499987651422,0.20770963293724656,0.3249342992272646,0.42857142857142855,147,2,0.0,0.0,149,2,0.0,0.07142857142857142,158,2,0.0,0.6666666666666667
techqa_DEV_Q036,"Port number error starting 9.0 Launcher 

I'm attempting to start up v9.0 for the first time with one .msl file on a Windows server and get the following error.  I also have v8.4 on this server and it starts fine.  I do not have v8.4 running when I attempt to start v9.0.

Cannot recognize if the system RecordChangeSystem.msl; has started. Reason: Server is unable to get the status of the system on port number 6,002.

I have the port range set to 7000/8000.  Why am I seeing this?  ",chunk_packed_160,ace_packed_160,0.2254243067084664,0.2187539511915892,0.22669700523149655,0.22711573959213147,0.1111111111111111,157,2,0.0,0.0,148,2,0.0,0.016,158,2,0.0,0.016
techqa_DEV_Q060,"DFHAP1203I and DFHSR0601 with 0C1 in EQA10OSM after upgrading to CICS TS 5.2 Why is my CICS region failing during startup with message DFHAP1203I followed by DFHSR0601 after I upgraded to CICS Transaction Server for z/OS (CICS TS) V5.2? A system dump shows an abend 0C1 occurring in the Debug Tool for z/OS module EQA10OSM. 
I receive the following messages:
DFHAP1203I Language Environment is being initialized. 
DFHSR0601 Program interrupt occurred with system task III in control. ",chunk_packed_160,ace_focused_160,0.24866009394018468,0.2670825252051515,0.2617119033233537,0.24035056683888933,1.0,151,2,0.0,0.0,160,2,0.0,0.0,141,2,0.0,0.16666666666666669
techqa_DEV_Q051,"We got a NullPointerException when bootstrapping the object store or accessing Site Preferences/Access Role on WorkplaceXT 

After logging into FileNet Workplace XT, a java.lang.NullPointerException error is logged when bootstrapping the object store or when accessing Site Preferences/Access Role.

Here's the error stack,

Error Stack Trace extracted from the J2EE Application Server error log:

java.lang.NullPointerException

at org.apache.jasper.runtime.JspWriterImpl.write(JspWriterImpl.java:421)

at com.filenet.wcm.apps.server.ui.info.prefs.PrefAccessRolesInfoPage.renderRoleMembers(PrefAccessRolesInfoPage.java:254)

at com.filenet.wcm.apps.server.ui.info.prefs.PrefAccessRolesInfoPage.renderRole(PrefAccessRolesInfoPage.java:220)

at com.filenet.wcm.apps.server.ui.info.prefs.PrefBootstrapInfoPage.renderAdminRole(PrefBootstrapInfoPage.java:131)

at com.filenet.wcm.apps.server.ui.info.prefs.PrefBootstrapInfoPage.render(PrefBootstrapInfoPage.java:303)",chunk_packed_160,chunk_packed_160,0.36984260476149405,0.4367366000923735,0.4057214791079984,0.35905469116545113,0.6666666666666666,158,2,0.0,0.0,158,2,0.0,0.0,158,2,0.0,0.0
techqa_DEV_Q296,Does the BPM internal Document Store work with IBM DB2 pureScale? I use IBM DB2 pureScale with my BPM installation. During startup of the server and initialization of the internal document store I see hanging threads in the systemOut.log and the process will not finish. How can this be solved? ,chunk_packed_160,ace_packed_160,0.1878482467074849,0.19925301707046866,0.1973998235626763,0.21724507784035446,0.0,147,2,0.0,0.0,141,2,0.0,0.0,157,2,0.0,0.0
techqa_DEV_Q197,Help with Security Bulletin: WMB and IIB are affected by 'Information Disclosure' vulnerability I need to understand details regarding Security Bulletin: WebSphere Message Broker and IBM Integration Bus are affected by 'Information Disclosure' vulnerability. Where can I find this information? ,ace_packed_160,chunk_packed_160,0.1934447525803827,0.19507937872891018,0.19078803502747158,0.3516548372195225,0.25,157,2,0.0,0.42307692307692313,159,3,0.0,0.10526315789473684,154,3,0.0,0.10526315789473684
techqa_DEV_Q277,Is transient user support available for SAML integration with WebSphere Portal 8.0? I am looking to leverage the SAML TAI provided by WebSphere Application Server for my WebSphere Portal 8.0 environment. Is transient user support available so that I do not have to maintain a local account in my Portal user registry for every external user which is verified and trusted by my identity provider? ,chunk_packed_160,chunk_packed_160,0.2131194870198237,0.23530418184891505,0.2395894761492344,0.2292440767140866,0.1111111111111111,157,2,0.0,0.0,158,3,0.0,0.0,157,3,0.0,0.0
techqa_DEV_Q230,Java.io.NotSerializableException in WAS We are experiencing the Java.io.NotSerializableException exception. I see this error: WTRN0047E:java.io.NotSerializableException. Anyone experienced this before?,chunk_packed_160,ace_focused_160,0.20626269407905873,0.20030342400470869,0.20994245399490463,0.2346484103088398,0.25,159,3,0.0,0.0,159,2,0.0,0.0,157,3,0.0,0.0
techqa_DEV_Q061,"Why does my JVMSERVER remain in a ""BEING DISABLED""  state? When I try to disable a JVMSERVER it becomes hung and remains in a ""BEING DISABLED"" state. This also occurs when I shut down the CICS region. The CICS region ultimately has to be cancelled. ",chunk_packed_160,ace_packed_160,0.1994096548742462,0.1956255868358726,0.1979388080392542,0.22749376570084584,0.25,157,2,0.0,0.0,139,2,0.0,0.0,158,2,0.0,0.0
techqa_DEV_Q058,"Help with Action required for IIB H.E. V9 & WMB H.E. V8 for security vulnerabilities in Red Hat Linux 

I need to understand details regarding Action required for IBM Integration Bus Hypervisor Edition V9.0 and WebSphere Message Broker Hypervisor Edition V8.0 for security vulnerabilities in Red Hat Linux.

This is related to CVEID:
CVE-2017-14739
CVE-2017-14741
CVE-2017-14989
CVE-2017-15015
CVE-2017-15016
CVE-2017-15017
CVE-2017-15032
CVE-2017-15033

Where can I find this information?",chunk_packed_160,chunk_packed_160,0.26818030258805203,0.28306716533575677,0.28215618271796217,0.2911017529917196,0.42857142857142855,124,1,0.0,0.06060606060606061,122,1,0.0,0.0,96,1,0.0,0.0
techqa_DEV_Q220,"Help with Security Bulletin: TLS padding vulnerability affects IBM PureApplication System (CVE-2014-8730) I need to understand details regarding ""Security Bulletin: TLS padding vulnerability affects IBM PureApplication System (CVE-2014-8730)"". Where can I find this information? ",ace_packed_160,ace_packed_160,0.19357037472172714,0.2110033808571471,0.20911131660282012,0.26775169515471714,0.42857142857142855,157,2,0.0,0.0,156,2,0.0,0.0,160,2,0.0,0.0
techqa_DEV_Q081,"What are the files created in $TEMP on startup of IIB or WMB? What are the 0 byte files created in $TEMP/.com_ibm_tools_attach directory upon IBM Integration Bus (IIB) / WebSphere Message Broker (WMB) startup?
For example: The following files are created on UNIX / Windows if $TEMP is /tmp:
/tmp/.com_ibm_tools_attach/_attachlock
/tmp/.com_ibm_tools_attach/_master
/tmp/.com_ibm_tools_attach/_notifier",chunk_packed_160,ace_focused_160,0.2272636272294179,0.24460047768040422,0.2135387686421692,0.24114397874764648,0.1111111111111111,160,2,0.0,0.05405405405405406,160,3,0.0,0.05405405405405406,149,3,0.0,0.05405405405405406
techqa_DEV_Q304,Does IBM DataPower Gateway Appliance support the HTTP CONNECT method? Does IBM DataPower Gateway Appliance support the HTTP CONNECT method for SSL proxy requests? ,ace_packed_160,ace_packed_160,0.2040957916446259,0.2049458065430485,0.20441214172372088,0.2716372461645144,0.42857142857142855,160,3,0.0,0.0,155,2,0.0,0.0,158,3,0.0,0.0
techqa_DEV_Q174,"Datacap on Citrix  Hi All,

Can we operate Datacap thin clients on citrix?
",ace_packed_160,chunk_packed_160,0.20434238262757853,0.2508293505771917,0.24619734937227403,0.23575779120479334,0.6666666666666666,151,3,0.0,0.0,157,4,0.0,0.0,154,3,0.0,0.0
techqa_DEV_Q149,Why SSH connections fail after upgrade to v7.5.2 and above? Why SSH connections fail after upgrade to v7.5.2 and above? The same configuration works on v7.2. ,ace_packed_160,chunk_packed_160,0.17942749828923374,0.2165433436034756,0.23859860611761155,0.209525793477705,0.1111111111111111,159,2,0.0,0.057692307692307696,154,3,0.0,0.0,155,2,0.0,0.0
techqa_DEV_Q221,"App Connect Professional (formerly Cast Iron) Studio not launching When trying to start App Connect Professional (formerly Cast Iron) Studio tool, the application appears but after few seconds it crashes with no error message or warning. ",chunk_packed_160,chunk_packed_160,0.2166836722171854,0.22451396743700597,0.21563427735253493,0.22632866370517238,0.25,146,2,0.0,0.0,157,3,0.0,0.0,156,2,0.0,0.0
techqa_DEV_Q251,"MQ jobs and some user jobs are in semaphore wait (SEMW) status After upgrading WMQ on IBM i, MQ jobs and some user jobs are in a semaphore wait (SEMW) status. I've tried to end and restart MQ, performed cold start, delete and rebuild MQ system with no luck. Where do I need to look?
",chunk_packed_160,ace_focused_160,0.18044104826653098,0.2057913185882672,0.18299735383853954,0.19034318985126056,0.0,155,2,0.0,0.0,158,2,0.0,0.0,154,2,0.0,0.0
techqa_DEV_Q022,"where is the websphere application server 9.0.0.4 fix for developers I am using the was 9.0.0.0 in rad/rsa 9.6.1 for Windows. I cannot upgrade to the 9.0.0.4 fixpack, because there is no developer edition. On the downloadpage there are Base, Network Deployment, DMZ Secure Proxy Server and IBM Web Enablement for IBM i, but no Developers! See link text For was 8.5.5.10 there exists a developers edition. Where can I download the Websphere Application Server fix pack 9.0.0.4 Developers?",chunk_packed_160,ace_packed_160,0.21008211923766154,0.2391734550350696,0.22942551689471619,0.2270823801625414,0.0,188,1,0.0,0.0,172,1,0.0,0.0,172,1,0.0,0.0
techqa_DEV_Q170,ODR OOM issue I got ODR OOM after upgrading the WAS to v8553. No configuration or traffic load changing. Is there any known issue?,chunk_packed_160,chunk_packed_160,0.16947754569086265,0.18352226838460925,0.18638451323638333,0.18622432956097107,0.42857142857142855,159,3,0.0,0.0,159,4,0.0,0.0,160,2,0.0,0.0
techqa_DEV_Q097,Security Bulletin: MQ Explorer directory created with owner '555' on Linux x86-64 vulnerability affects IBM MQ (CVE-2016-6089) I need to understand details regarding Security Bulletin: MQ Explorer directory created with owner '555' on Linux x86-64 vulnerability affects IBM MQ (CVE-2016-6089). Where can I find this information?,ace_packed_160,ace_focused_160,0.17657051521241457,0.20048307592230954,0.18431358445123003,0.21891581593097106,0.42857142857142855,158,2,0.0,0.0,160,2,0.0,0.0,152,2,0.0,0.0
techqa_DEV_Q146,"Gettting error CRIMC1020E: zip im.properties not found during BPM Fix Pack install During the BPM 7.5.1.2 Fix Pack install from the IBM Installation Manager, error window pop up with:

CRIMC1020E: zip im.properties 1.0.0.200911091101 not found ERROR: `zip im.properties 1.0.0.200911091101` not found in [path to sca.1.0.1.17.fp]. CRIMC1020E: zip config.registry 1.0.0.200911092301 not found
……

How can I resolve this error to complete the Fix Pack installation?",ace_packed_160,chunk_packed_160,0.21210625512949985,0.20381555693818978,0.21067951284377362,0.27157591779239965,0.0,160,2,0.0,0.04444444444444444,160,2,0.0,0.015384615384615385,158,2,0.0,0.04411764705882353
techqa_DEV_Q206,"Why does nco_confpack -export fail with the message ""Tool in menu but not found""? 

I tried to export OMNIbus configuration using nco_confpack command and I get the following message:

Tool in menu but not found, menu: AlertsMenu, tool: Close

I've also tried using it with -list command and I get the same error.

Why is this happening?",chunk_packed_160,ace_packed_160,0.28125,0.28125,0.28125,0.29268292682926833,0.42857142857142855,151,2,0.0,0.0,154,2,0.0,0.030303030303030304,159,2,0.0,0.0
techqa_DEV_Q292,"Content Engine System Health Page page doesn't reflect correctly, Fixed Content Advise and Storage Area showing unavailable. Content Engine System Health Page page doesn't reflect correctly, Fixed Content Advise and Storage Area showing unavailable. ",ace_packed_160,chunk_packed_160,0.20384735733006015,0.2178146559400091,0.22923161564459182,0.26127371641230634,0.25,156,3,0.0,0.0,156,3,0.0,0.0,157,3,0.0,0.0
techqa_DEV_Q098,"Help with Security Bulletin: Multiple Vulnerabilities identified in IBM Java SDK affect WSRR and WSRR Studio 

I need to understand details regarding Security Bulletin: Multiple Vulnerabilities identified in IBM® Java SDK affect WebSphere Service Registry and Repository and WebSphere Service Registry and Repository Studio.

This is related to CVEID:
CVE-2018-2633

Where can I find this information?",ace_packed_160,ace_focused_160,0.2008535836275016,0.21138011678876323,0.204257369186737,0.25276937309394715,0.0,158,1,0.0,0.0,159,2,0.0,0.0,150,2,0.0,0.0
techqa_DEV_Q039,"How do I upgrade my virtual DataPower Appliance from 5.0 firmware to 6.0+ firmware? When attempting to upgrade my Virtual DataPower Appliance from 5.0.0.8 firmware version to 6.0+ firmware versions, I receive a failure message. ",ace_focused_160,ace_packed_160,0.1780234519828662,0.19219624538776223,0.18461140304045642,0.21692335032856527,0.25,235,1,0.0,0.0,149,2,0.0,0.0,155,2,0.0,0.0
techqa_DEV_Q029,Recurrent RES StaleConnectionException How to prevent rule execution failing because of recurrent StaleConnectionException on ODM 8.8 Rule Execution Server? ,ace_packed_160,chunk_packed_160,0.1842808000891401,0.1972562798065798,0.20016475376795767,0.21743730427108443,0.6666666666666666,154,2,0.0,0.10738255033557045,156,2,0.0,0.027777777777777776,156,2,0.0,0.027777777777777776
techqa_DEV_Q032,IBM Content Navigator v2.0.3 is adding a .dat extension to a CSV file during Download action on a document. IBM Content Navigator v2.0.3 is adding a .dat extension to a CSV file during Download action on a document. Why is this the case?,ace_packed_160,ace_focused_160,0.2781529887503543,0.29918506670852973,0.3105963681786551,0.4355072127914831,0.25,154,3,0.0,0.06666666666666667,158,3,0.0,0.0,159,2,0.0,0.06779661016949153
techqa_DEV_Q246,What is the latest version of the Log File Agent? What is the latest version of the Log File Agent?,ace_packed_160,ace_focused_160,0.20517573698172534,0.18829953134329755,0.21171229257666016,0.35199424975413895,0.42857142857142855,152,3,0.0,0.0,150,3,0.0,0.0,143,3,0.0,0.1111111111111111
techqa_DEV_Q065,How do I enable my Applications to show up in the App Health view for the WAS agent? How do I enable my Applications to show up in the App Health view for the WAS agent?,ace_packed_160,ace_focused_160,0.18124844229832018,0.18101309969825446,0.17833030225599594,0.21432421880546304,0.1111111111111111,159,2,0.0,0.0,156,4,0.0,0.0,155,3,0.0,0.0
techqa_DEV_Q015,"DFHTS0001 0C4 AKEA at offset 3A1E in DFHTSPT Why is my CICS region getting message DFHTS0001 reporting an abend 0C4/AKEA at offset X'3A1E' in DFHTSPT? My CICS region was running normally and eventually received this abend.
",ace_packed_160,chunk_packed_160,0.20191479797909442,0.21280970899568163,0.21542055576928995,0.2693952764055175,0.6666666666666666,144,2,0.0,0.05882352941176471,157,3,0.0,0.02985074626865672,158,3,0.0,0.028169014084507046
techqa_DEV_Q126,"Why is WebSphere MQ connection failing when enabling SSL with AMQ9640 SSLPEER peer name error? Why is WebSphere MQ connection failing when enabling SSL with AMQ9640 SSLPEER peer name error?
example client side error:com.ibm.mq.jmqi.JmqiException: CC=2;RC=2399;
 
AMQ9640: SSL invalid peer name, channel '?',
 
attribute 'OID.0.9.2342.19200300.100.1.3 (x2)'.",ace_packed_160,ace_packed_160,0.2051411036367516,0.26167449017989275,0.23858306511461572,0.34643721250852705,0.42857142857142855,149,3,0.0,0.05084745762711864,154,4,0.0,0.08333333333333333,152,2,0.0,0.05084745762711864
techqa_DEV_Q182,"Help with Security Bulletin: Multiple vulnerabilities in IBM Java Runtime affect IIB and WMB 

I need to understand details regarding ""Security Bulletin: Multiple vulnerabilities in IBM Java Runtime affect IBM Integration Bus and WebSphere Message Broker"" This is related to
CVE-2017-10115
CVE-2017-10116
CVE-2017-10109
CVE-2017-10108

Where can I find this information?",ace_packed_160,chunk_packed_160,0.1993376366323383,0.21656245889224143,0.2052111189487253,0.29710786372382303,0.42857142857142855,144,2,0.0,0.0,149,2,0.0,0.0,159,3,0.0,0.0
techqa_DEV_Q099,Is ITCAM Agent for WebSphere Applications 7.2.0.0.7 available? Is ITCAM Agent for WebSphere Applications 7.2.0.0.7 available? ,ace_packed_160,ace_packed_160,0.21903011944569,0.20393507833555402,0.2193205154615239,0.2883407966460949,0.6666666666666666,160,3,0.0,0.0,159,3,0.0,0.0,159,3,0.0,0.0
techqa_DEV_Q084,"Is ITCAM for J2EE 7.1.1 agent supported on RHEL7.x? 

When I try to install IBM Tivoli Composite Application Manager Agent for J2EE V7.1.1.0,Linux on x86, English (CN0PKEN) on RHEL 7.2 64-bits

I am getting the following error message:

install.sh failure: KCI1138E could not determine the machine's architecture.

Is ITCAM for J2EE 7.1.1 supported on RHEL7?
",chunk_packed_160,ace_packed_160,0.23673111265698615,0.24515602099052097,0.24318883352490298,0.24526539591563595,0.6666666666666666,153,2,0.0,0.0,130,2,0.0,0.0,138,3,0.0,0.0
techqa_DEV_Q101,Help with Security Bulletin: WMB and IIB Toolkit cannot connect to a remote WMB broker or IIB node with a TLS-compliant cipher (CVE-2015-0118) I need to understand details regarding Security Bulletin: WebSphere Message Broker Toolkit and IBM Integration Toolkit cannot connect to a remote WebSphere Message Broker broker or IBM Integration Bus node with a TLS-compliant cipher (CVE-2015-0118). Where can I find this information?,ace_packed_160,ace_packed_160,0.1873644336618087,0.188789406354614,0.18583241262290565,0.26884987590669485,0.42857142857142855,154,2,0.0,0.0,151,3,0.0,0.0,159,2,0.0,0.0
techqa_DEV_Q016,"How to configure DC to look on a different App server for the SSP? 

I have a single Application server with the RES console installed, and then a separate application server with the XU, the ssp ear, etc. on that one. Each app server is configured separately with respective ports. for example, mgmt server (with the RES console only) has port 8000, and the runtime server (with all of the runtime components) has port 9000.

The problem I am running into is the following:

When I am trying to run a DVS test suite from Decision Center against RES, (my server endpoint in Decision Center is configured as http://hostname:port/res)

I am getting a ""the host and port are responsive but the ""/testing/sspService"" cannot be found. This is expected if it is looking on the same server as the RES console since the application (ssp) is not deployed there.

However, I cannot seem to configure the RES console to not assume that the ssp is running on the same port.",chunk_packed_160,chunk_packed_160,0.2533867848180781,0.2699261962959645,0.26603992296732704,0.23868872150533674,0.25,155,2,0.0,0.0,158,2,0.0,0.0,156,2,0.0,0.0
techqa_DEV_Q056,"When I try to deploy an application on a cluster, why is it throwing an ADMA8019E error in the admin console? The application is being deployed at the cluster scope, but my namespace bindings are defined at the cell scope. The error I'm seeing in the admin console is:

ADMA8019E: The resources that are assigned to the application are beyond the deployment target scope. Resources are within the deployment target scope if they are defined at the cell, node, server, or application level when the deployment target is a server, or at the cell, cluster, or application level when the deployment target is a cluster. Assign resources that are within the deployment target scope of the application or confirm that these resources assignments are correct as specified.

I don't see any actual issue with how the JNDI lookup is occurring once the application is deployed. Should I be concerned about this error?
",chunk_packed_160,chunk_packed_160,0.21225149851500685,0.24547955038008554,0.2328732316641075,0.2088242636437725,0.1111111111111111,157,2,0.0,0.04166666666666666,154,2,0.0,0.013986013986013986,155,2,0.0,0.0
techqa_DEV_Q069,"Why is my MQ client application getting error AMQ9050 regarding  SYSTEM.PROTECTION.POLICY.QUEUE ? Failing to connect from a MQ client application to a MQ server queue manager that does not have MQ AMS (Advanced Message Security) component installed. 
Example: MQ v8 client trying to connect to a remote qmgr running MQ v7.0.1.x, getting 
error AMQ9050 regarding SYSTEM.PROTECTION.POLICY.QUEUE.",ace_packed_160,ace_focused_160,0.19716817001654466,0.22326876034092155,0.19929214381237498,0.25950004849651687,0.42857142857142855,160,3,0.0,0.02631578947368421,160,3,0.0,0.02631578947368421,147,2,0.0,0.1282051282051282
techqa_DEV_Q163,"How to fix XAER_RMFAIL messages in WebSphere Portal's SystemOut.log? SystemOut.log contains various exceptions with caused by statements like:
Caused by: com.ibm.db2.jcc.am.SqlTransactionRollbackException: DB2 SQL
Error: SQLCODE=-911, SQLSTATE=40001, SQLERRMC=68, DRIVER=4.14.88 
and: 
Caused by: com.ibm.db2.jcc.am.SqlException: [jcc][t4][2041][11392] [4.14.88] Error executing XAResource.commit(). Server returned XAER_RMFAIL. ERRORCODE=-4203, SQLSTATE=null ",chunk_packed_160,ace_packed_160,0.2060002369077889,0.23485540373934455,0.22497359187577048,0.1948251952843699,0.42857142857142855,160,3,0.0,0.013986013986013986,151,3,0.0,0.013986013986013986,160,3,0.0,0.013986013986013986
techqa_DEV_Q033,Limitations of sylog-TCP log target using DataPower Gateways I am trying to configure a log target using type syslog-TCP. It seems that the payload is getting truncated when I try to record custom logs to it using log-action. Why is this? How can I workaround it. ,chunk_packed_160,ace_packed_160,0.21284162555658465,0.20605855083352417,0.22036954102232165,0.24219745613023766,0.25,155,2,0.0,0.0,149,3,0.0,0.04938271604938272,156,3,0.0,0.048780487804878044
techqa_DEV_Q007,"Which Socket Gateway should I be using with Netcool Omnibus (NOI) ? Which Socket Gateway should I be using with Netcool Omnibus (NOI) ?

There are 2 versions of the gateway; nco-g-socket-java-2_0 and nco-g-socket-10_0 Users may be confused what version they should download or use ",ace_packed_160,ace_focused_160,0.19672131147540983,0.20259740259740258,0.19672131147540983,0.26489361702127656,0.6666666666666666,136,1,0.0,0.0,136,1,0.0,0.0,131,2,0.0,0.05405405405405406
techqa_DEV_Q119,Why does the Dataserver service change from Healthy to Vulnerable after logging into StoredIQ Application Stack? Why does the Dataserver service change from Healthy to Vulnerable after logging into StoredIQ Application Stack? ,ace_packed_160,ace_packed_160,0.26028245206831213,0.31992521906335136,0.3065807177148805,0.4374483372159116,0.1111111111111111,156,2,0.0,0.03636363636363636,151,4,0.0,0.06779661016949153,160,4,0.0,0.06779661016949153
techqa_DEV_Q020,ODR OOM issue I got ODR OOM after upgrading the WAS to v8553. No configuration or traffic load changing. Is there any known way to solve the problem? ,ace_packed_160,ace_packed_160,0.17181408952555574,0.18837385014589605,0.1774979579570041,0.22361916503243573,0.25,159,3,0.0,0.0,158,3,0.0,0.0,160,2,0.0,0.0
techqa_DEV_Q181,"Get all data that\'s registred today Version: 
MxLoader 4.7.4
                        

Problem:
Is it possible to do something like this:
reportdate >= TODAY()?

I cant get it to work but i would like to get all the data that has been registred today today.  
",chunk_packed_160,ace_packed_160,0.18943857181782744,0.19663433471601252,0.20191739849725454,0.19397980290930728,0.1111111111111111,157,3,0.0,0.0,153,2,0.0,0.0,158,3,0.0,0.0
techqa_DEV_Q283,"Hello - I recently installed SPSS 20, my temporary period for running spss has expired, I am in need of the actual license code to fully install. my Lock code is: 4-20C30 Hello - I recently installed SPSS 20, my temporary period for running spss has expired, I am in need of the actual license code to fully install. my Lock code is: 4-20C30 . please help! ",ace_packed_160,ace_focused_160,0.20513623393183722,0.22312772066429154,0.21911659874888606,0.2540499280058087,0.42857142857142855,159,4,0.0,0.0,158,5,0.0,0.0,149,4,0.0,0.0
techqa_DEV_Q288,"Is Java 8 supported for BPM? 

I understand that support for Java 6 on WebSphere Application Server is ending April 2018, see: http://www-01.ibm.com/support/docview.wss?uid=swg21999583

Now I can switch to Java 7. But what about Java 8? Does BPM 8.5.6 support Java 8?",chunk_packed_160,ace_focused_160,0.23634074957544277,0.25076437720852857,0.25811135439579624,0.2466719637300736,0.6666666666666666,158,2,0.0,0.0,146,2,0.0,0.0,138,2,0.0,0.0
techqa_DEV_Q236,"Security Bulletin: Multiple vulnerabilities in IBM Java Runtime affect API Connect I need to understand details regarding Security Bulletin: Multiple vulnerabilities in IBM Java Runtime affect API Connect (CVE-2016-5546, CVE-2016-5548, CVE-2016-5549, CVE-2016-5547, CVE-2016-2183, CVE-2017-3511). Where can I find this information? ",ace_focused_160,ace_focused_160,0.18689959740174394,0.19018334570735654,0.18820842416842143,0.30163440093766936,0.1111111111111111,181,1,0.0,0.0,158,2,0.0,0.0,153,2,0.0,0.0
techqa_DEV_Q063,"Hide a page in dotedit step  I am working on datacap 8.1 version. I have 2 pages in a batch. Page 1 with status as 1, Page 2 with status as 20. Both are of same page type. In verification step (dotedit) I want to hide the page which is with status 20. I have given status 20 in ignored page status in web administrator for verify. But still when I navigate through pages in dotedit batch view the respective panel is loading. I am able to submit the batch even if I have one page in a batch with 20 as status.

Is there any way to delete the page (we have multiple same type of pages in a batch) from dotedit based on the page status? ",chunk_packed_160,chunk_packed_160,0.23218155056348871,0.23714655156243292,0.24022745954097674,0.21434322898806019,0.42857142857142855,155,3,0.0,0.0,156,3,0.0,0.0,159,2,0.0,0.0
techqa_DEV_Q134,"I am receiving AC power supply failures on my DataPower 9235 appliance. How can I resolve this? 

I am observing the following errors on my DataPower 9235 device:

[failure] Power supply '1' has no AC input power, or is not present. [failure] Power supply '2' has no AC input power, or is not present.
Do i need to replace the power supplies?",ace_packed_160,ace_focused_160,0.2349806358634921,0.2775802774760183,0.26348596377456046,0.3078510625968145,0.42857142857142855,159,3,0.0,0.0,159,2,0.0,0.048,156,1,0.0,0.048
techqa_DEV_Q049,"Why am I getting a DSRA7019W message when I try to use the Oracle 10g driver in WAS 8.5.5.x? I am getting the following message when I configure my WAS 8.5.5.x datasource to use the Oracle 10g driver:
DSRA7019W: Oracle10gDataStoreHelper or a subclass of it must be used when configuring WebSphere DataSources to run using Oracle 10g jdbc driver.
How can I resolve this issue?",chunk_packed_160,chunk_packed_160,0.2026846882475683,0.20221012488178328,0.2023533360638134,0.22386543955599064,0.42857142857142855,157,3,0.0,0.06944444444444443,157,2,0.0,0.057971014492753624,158,3,0.0,0.029629629629629624
techqa_DEV_Q066,Help with Action required for IIIB V9 and WMB V8 Hypervisor Editions for security vulnerabilities in Red Hat Linux I need to understand details regarding Action required for IBM Integration Bus Hypervisor Edition V9.0 and WebSphere Message Broker Hypervisor Edition V8.0 for security vulnerabilities in Red Hat Linux. Where can I find this information? ,ace_packed_160,chunk_packed_160,0.29288952608479557,0.2833333333333333,0.29307869390794383,0.36428571428571427,0.1111111111111111,88,1,0.0,0.09836065573770492,134,1,0.0,0.06557377049180328,153,2,0.0,0.03333333333333333
techqa_DEV_Q001,"What can be done about ""Too many open files"" messages in the DASH systemOut? What can be done about ""Too many open files"" messages in the DASH systemOut log on an AIX box?",ace_packed_160,ace_focused_160,0.18162027252792257,0.18124227130563417,0.1854445705966437,0.26342014874917935,0.6666666666666666,158,3,0.0,0.048192771084337345,159,4,0.0,0.04848484848484848,154,3,0.0,0.04848484848484848
techqa_DEV_Q073,"What should I do if I observed ""ghost queue building up"" issue? There are lots of ghost queues in the system, which have already took up most of file system space. What can I do under such situation?
",chunk_packed_160,ace_focused_160,0.18176303036509456,0.2159266101876287,0.2236401731683247,0.1887266286014326,0.0,158,2,0.0,0.0,159,3,0.0,0.0,160,3,0.0,0.008474576271186442
techqa_DEV_Q019,"Help with Security Bulletin : Multiple vulnerabilities in IBM Java Runtime affect IIB and WMB (CVE-2015-0138) I need to understand details regarding Security Bulletin : Multiple vulnerabilities in IBM Java Runtime affect IBM Integration Bus and WebSphere Message Broker (CVE-2015-0138). This is also commonly referenced as “FREAK: Factoring Attack on RSA-EXPORT keys"" TLS/SSL client and server vulnerability. Where can I find this information? ",ace_packed_160,chunk_packed_160,0.20300398135864817,0.21560458485111317,0.2156988183816954,0.31908419031146046,0.25,129,1,0.0,0.0,150,2,0.0,0.0,150,2,0.0,0.0
techqa_DEV_Q184,"Why am I seeing ""CWSXM0100E: Multiple replies have been produced for a single request flow in module"" ? We are building a simple mediation module, consisting only of the request flow. The mediation module has one service invoke calling an external service through web service binding. Upon testing the process, we observe see that the service invoke is being called twice. There is no Fan-in or fan -out in the request flow. Below is the error: ""Caused by: com.ibm.wsspi.sibx.mediation.flow.MediationRuntimeException: CWSXM1023E: Exception when calling flow action: CWSXM0100E: Multiple replies have been produced for a single request flow in module"" ",chunk_packed_160,ace_packed_160,0.2570692084082675,0.25471573590592206,0.27111764719560827,0.24394614629194722,0.6666666666666666,157,2,0.0,0.0,153,2,0.0,0.0,173,1,0.0,0.0
techqa_DEV_Q275,Jobtask long description How do I modify the JP sheet to include the JOBTASK Long description in the query.  I have tried JOBTASK.DESCRIPTION.DESCRIPTION_LONGDESCRITION and other combinations but they do not seem to work. ,chunk_packed_160,ace_focused_160,0.21753222138489853,0.27236098796920405,0.25437440979713055,0.24259614285472172,0.25,158,3,0.0,0.0,160,2,0.0,0.0,157,2,0.0,0.06837606837606838
techqa_DEV_Q105,"Help with Action required for IIB H.E. V9 & WMB H.E. V8 for security vulnerabilities in Red Hat Linux 

I need to understand details regarding Action required for IBM Integration Bus Hypervisor Edition V9.0 and WebSphere Message Broker Hypervisor Edition V8.0 for security vulnerabilities in Red Hat Linux.

This is related to CVEIDs:
CVE-2018-1000001
CVE-2017-16997
CVE-2017-1000408
CVE-2017-1000409
CVE-2017-17426

Where can I find this information?",chunk_packed_160,ace_packed_160,0.3004228087650367,0.2884267482124543,0.2874788924843554,0.29448749574118754,0.42857142857142855,124,1,0.0,0.0,96,1,0.0,0.0,127,1,0.0,0.0
techqa_DEV_Q067,"BPM AppTarget startup hangs during startup 

During startup of the apptarget, JVM hangs with the following messages

[9/8/14 14:11:01:709 CDT] 0000001f wle W com.lombardisoftware.server.core.GroupCore getAllGroups() CWLND0004W - The system has been waiting for the group replication lock to be released for the last 10 minutes. [9/8/14 14:11:32:810 CDT] 00000022 ThreadMonitor W WSVR0605W: Thread ""server.startup : 0"" (0000001f) has been active for 654582 milliseconds and may be hung. There is/are 1 thread(s) in total in the server that may be hung. at java.lang.Thread.sleep(Native Method) at java.lang.Thread.sleep(Thread.java:896) at com.lombardisoftware.server.core.GroupCore.getAllGroups(GroupCore.java:545) at com.lombardisoftware.server.ejb.security.SecurityCore.listAllGroups(SecurityCore.java:566) at sun.reflect.NativeMethodAccessorImpl.invoke0(Native Method) at sun.reflect.NativeMethodAccessorImpl.invoke(NativeMethodAccessorImpl.java:60) at sun.reflect.DelegatingMethodAccessorImpl.invoke(DelegatingMethodAccessorImpl.java:37) at java.lang.reflect.Method.invoke(Method.java:611) ... [9/8/14 14:21:02:662 CDT] 0000001f wle W com.lombardisoftware.server.core.GroupCore getAllGroups() CWLND0004W - The system has been waiting for the group replication lock to be released for the last 20 minutes. [9/8/14 14:31:03:193 CDT] 0000001f wle W com.lombardisoftware.server.core.GroupCore getAllGroups() CWLND0004W -The system has been waiting for the group replication lock to be released for the last 30 minutes. [9/8/14 14:41:03:749 CDT] 0000001f wle W com.lombardisoftware.server.core.GroupCore getAllGroups() CWLND0004W -The system has been waiting for the group replication lock to be released for the last 40 minutes.",chunk_packed_160,ace_packed_160,0.22782271330606113,0.23674440052186424,0.24543687677992532,0.23137686579022199,0.1111111111111111,146,2,0.0,0.05357142857142857,133,2,0.0,0.05357142857142857,140,2,0.0,0.05357142857142857
techqa_DEV_Q017,Can I perform a silent install of fix packs for IIB or WMB Toolkit? How do I perform a silent install of fix packs for IBM Integration Bus (IIB) or WebSphere Message Broker (WMB) Toolkit?,ace_packed_160,ace_packed_160,0.17598621506309306,0.20583665671176254,0.1869703614697632,0.2432895781942223,0.1111111111111111,160,3,0.0,0.0,156,3,0.0,0.0,159,2,0.0,0.0
techqa_DEV_Q303,"Why are the users unable to login to Web GUI 8.1 after I modify timeout to 2147483647 in security.xml file ? 

I followed the Web GUI 8.1 reference guide here to switching off the session timeout

http://www-01.ibm.com/support/knowledgecenter/SSSHTQ_8.1.0/com.ibm.netcool_OMNIbus.doc_8.1.0/webtop/wip/task/web_adm_settimeout.html

After I edited /config/cells/JazzSMNode01Cell/security.xml file, modified timeout setting to 2147483647, users are not able to login anymore.",chunk_packed_160,chunk_packed_160,0.2089958238900118,0.25548029661276284,0.24338957944770784,0.215305903172627,0.25,158,2,0.0,0.03669724770642201,158,3,0.0,0.0,157,2,0.0,0.0
techqa_DEV_Q241,"When and why Apache Storm process of ITNM creating db2 files in /tmp? 

When and why should the following files be generated ?

＞-rwxrwxrwx poll ncoadmin /opt/IBM/tivoli/netcool/var/precision/storm/workers/74089823-da35-4f8e-85e4-1454a928eee2/tmp/connlicj.bin

＞-rwxrwxrwx poll ncoadmin /opt/IBM/tivoli/netcool/var/precision/storm/workers/74089823-da35-4f8e-85e4-1454a928eee2/tmp/jccdiag.log

＞-rwxrwxrwx poll ncoadmin /opt/IBM/tivoli/netcool/var/precision/storm/workers/74089823-da35-4f8e-85e4-1454a928eee2/tmp/license.lock

＞-rwxrwxrwx poll ncoadmin /opt/IBM/tivoli/netcool/var/precision/storm/workers/74089823-da35-4f8e-85e4-1454a928eee2/tmp/serverlist.lock",chunk_packed_160,ace_packed_160,0.18288916053171428,0.20988078888827238,0.22704723994323822,0.20959563182727736,0.1111111111111111,160,2,0.0,0.0,152,2,0.0,0.0,152,2,0.0,0.0
techqa_DEV_Q154,"Why are some Datatypes corrupt after Impact cluster failover/failback ? 

Running Impact 7.1.0.11. The symptom is whenever Impact does a failover, a couple DataTypes
turn out empty.

I've checked the type files before and after Impact failover and the difference happens in the property

*.SQL.USERPARAMETERS

This property no longer exists for the corrupted datatypes"".
",chunk_packed_160,chunk_packed_160,0.20668185843446843,0.2243682797698463,0.22806729976131884,0.1957220021245051,0.25,151,2,0.0,0.0,153,3,0.0,0.0,160,3,0.0,0.0
techqa_DEV_Q239,"Cannot launch RFT 8.2 

Hello.

Could anyone can help to see why I cannot launch RFT 8.2? When I launch RFT. I get an error message--""An error has occurred. See the log file..."" I check the log file. It shows

!SESSION Mon Nov 04 12:46:16 CST 2013 ------------------------------------------
!ENTRY org.eclipse.equinox.launcher 4 0 2013-11-04 12:46:16.359
!MESSAGE Exception launching the Eclipse Platform:
!STACK
java.lang.ClassNotFoundException: org.eclipse.core.runtime.adaptor.EclipseStarter
    at java.net.URLClassLoader.findClass(URLClassLoader.java:423)
    at java.lang.ClassLoader.loadClass(ClassLoader.java:653)
    at java.lang.ClassLoader.loadClass(ClassLoader.java:619)
    at org.eclipse.equinox.launcher.Main.invokeFramework(Main.java:616)
    at org.eclipse.equinox.launcher.Main.basicRun(Main.java:574)
    at org.eclipse.equinox.launcher.Main.run(Main.java:1407)
    at org.eclipse.equinox.launcher.Main.main(Main.java:1383)

If I launch RFT with -clean or -vm option, the same phenomenon occurs.",ace_packed_160,ace_packed_160,0.24239666972844542,0.25762298362361274,0.2505285601600112,0.28573115803674615,0.42857142857142855,182,1,0.0,0.0,157,2,0.0,0.0625,157,2,0.0,0.0425531914893617
techqa_DEV_Q021,"How to refresh a DataPower WebService Proxy which WSDL got changed? I have made changes to a WSDL stored in DP local filesystem.

How can I make the WSP reflect this change since DataPower Gateway 7.1.0 WebService Proxy WebGUI doesn't offer the ""Refresh"" button anymore?

Is there a best practice to refresh the WSP if I modified my WSDL?",chunk_packed_160,ace_packed_160,0.22808460268997902,0.21814348279057133,0.23492301162377743,0.23682278157015607,0.6666666666666666,155,2,0.0,0.060606060606060615,155,2,0.0,0.12,157,2,0.0,0.08421052631578947
techqa_DEV_Q112,"Why does nco_confpack -export fail with the message ""Tool in menu but not found""? I tried to export OMNIbus configuration using nco_confpack command and I get the following message:
Tool in menu but not found, menu: AlertsMenu, tool: Close
I've also tried using it with -list command and I get the same error. ",chunk_packed_160,ace_packed_160,0.2704225352112676,0.2704225352112676,0.2704225352112676,0.28846153846153844,0.6666666666666666,151,2,0.0,0.0,154,2,0.0,0.14545454545454545,159,2,0.0,0.0
techqa_DEV_Q141,"Why is OCR is putting multiple lines on one line? I am running an APT application, and multiple detail lines are getting put on a single line within my .TXT file.  Is there something I can do about this? ",ace_packed_160,ace_packed_160,0.1935206161748328,0.19843206769148264,0.20249557836650903,0.22586556839244015,0.6666666666666666,157,2,0.0,0.0,160,3,0.0,0.05555555555555556,158,3,0.0,0.024096385542168676
techqa_DEV_Q284,"iLMT - incomplete virtualisation hierarchy 

this query is regarding support case 1109598 that has been raised.

If we set up an account is this providing access to information for other accounts/servers where we use the same ESX hosts for multiple customers. What specifically is being asked in terms of logical structure and permissions of the account?",ace_packed_160,ace_packed_160,0.19068066581966547,0.21076267752130562,0.209753451137759,0.242408543995964,0.1111111111111111,159,3,0.0,0.0,151,4,0.0,0.0,152,4,0.0,0.0
techqa_DEV_Q308,"Suppose I can well describe my problem and my symptoms - what is the best way to find a matching solution or a known code fix (APAR)? Suppose I can well describe my problem and my symptoms - what is the best way to find a matching solution or a known code fix (APAR), in particular if I want to void opening a PMR.",ace_packed_160,ace_focused_160,0.19016521296498623,0.1877360761157747,0.20219240897527005,0.2300000227536756,0.0,159,3,0.0,0.010471204188481674,156,2,0.0,0.010471204188481674,159,3,0.0,0.039999999999999994
techqa_DEV_Q242,IBM Support Assistant data collector for BPM What can I use to obtain some standard information in order to debug my IBM Business Process Manager environment? ,ace_packed_160,chunk_packed_160,0.18233425967172368,0.19159772696120803,0.18465320204585595,0.2962257975792345,0.42857142857142855,159,2,0.0,0.11538461538461538,144,3,0.0,0.07692307692307691,160,3,0.0,0.07692307692307691
techqa_DEV_Q179,Help with Security Bulletin: Vulnerabilities in OpenSSL affect WebSphere MQ 5.3 and MQ 8 for HPE NonStop Server (CVE-2017-3735) I need to understand details regarding Security Bulletin: Vulnerabilities in OpenSSL affect WebSphere MQ 5.3 and MQ 8 for HPE NonStop Server (CVE-2017-3735). Where can I find this information?,ace_packed_160,ace_packed_160,0.20232558139534884,0.20232558139534884,0.20232558139534884,0.2815384615384615,0.6666666666666666,158,2,0.0,0.0,138,2,0.0,0.0,138,2,0.0,0.0
techqa_DEV_Q261,"Why is the reload() not clearing the attribute cache so I can see my newly updated LDAP data in real time? You are leveraging the reload() functionality as described in the blog post:
  https://www.ibm.com/developerworks/community/blogs/PortalL2Thoughts/entry/how_to_programatically_refresh_data_from_ldap64?lang=en

to refresh the attribute cache after a change has been made to data within your LDAP. The purpose of this reload() is to update the data in real time on the Portal server. You discover that you are calling the reload(); however, the newly updated data is not immediately available to the application. Why is that?
",chunk_packed_160,ace_focused_160,0.21270994594616383,0.2147423278538129,0.22944663419805245,0.21043700410251248,0.25,156,3,0.0,0.0,156,2,0.0,0.05714285714285715,151,2,0.0,0.0810810810810811
techqa_DEV_Q209,"How to change the maximum string length for properties in FileNet Administration Console for Content Engine (ACCE) I am trying to change the maximum string length in ACCE like we do in FileNet Enterprise Manager, but in the more Tab, I am not seeing the option. In this case, how can I change it? ",chunk_packed_160,chunk_packed_160,0.22739616703960744,0.2387206502821438,0.2203738501644093,0.23711532597942409,0.42857142857142855,157,2,0.0,0.0,160,3,0.0,0.0,159,3,0.0,0.0
techqa_DEV_Q217,What process do i neet to follow to upgrade our SPSS Modeler deployment (concurrent license) from v16 to v18? We have 5 users with SPSS Modeler 16 installed using the Concurrent license manager supplied for that version. We need to upgrade to v18.  Do we need to upgrade the license manager as well? ,chunk_packed_160,ace_focused_160,0.2191471305465938,0.20217835770778092,0.22084390447098695,0.2293749845184634,0.6666666666666666,155,3,0.0,0.0,155,3,0.0,0.0,154,3,0.0,0.0
techqa_DEV_Q300,"DB2 Non Reclaimable Storage . We have tablespaces defined under DB2 9.5 that apparently are not able
to reclaim storage back to the OS, but does that mean DB2 cannot reuse
this space as well?
",ace_packed_160,chunk_packed_160,0.20425188836992642,0.2197945239937408,0.220159562162773,0.24192385019671814,0.6666666666666666,151,2,0.0,0.0,151,2,0.0,0.0,157,3,0.0,0.0
techqa_DEV_Q052,"Why do I still get ""certificate expired"" error after adding new certificate? 

The remote SSL vendor has provided us a new certificate to replace an expiring one. We have added the new certificate to the appropriate Datapower validation credential, however, connections are still failing with ""certificate expired"":

mpgw(Inbound_MPG): tid(51005)[request][10.20xx.xx] gtid(51345): certificate validation failed for '/C=US/O=People Services/OU=IT/CN=test.site.com' against 'My_ValCred': certificate has expired",chunk_packed_160,ace_packed_160,0.19984387784189178,0.20125132856694222,0.2015847290395401,0.21283266999068834,0.42857142857142855,160,2,0.0,0.0,148,2,0.0,0.0,151,3,0.0,0.0
techqa_DEV_Q030,For HP-UX how to write verbose gc output to a log file other than the native_stdout? A customer asked why no gc logs generated even if they use the -Xverbosegc option. So How can I write verbose gc output to a log file other than the native_stdout for HP-UX? ,ace_packed_160,ace_packed_160,0.22677412779821607,0.23157806104322676,0.2590089874874282,0.3502915577708282,0.25,160,3,0.0,0.0,159,3,0.0,0.0,159,3,0.0,0.0
techqa_DEV_Q018,"Why am I getting error SqlIntegrityConstraintViolationException when deploying a process application? After reinstalling Process Center (or using separate Process Centers to deploy to one Process Server) you get a deployment failure error on the Process Server:
java.lang.Exception: java.lang.Exception:com.lombardisoftware.client.delegate.BusinessDelegateException:PreparedStatementCallback; SQL [update LSW_SNAPSHOT set CREATED_ON =?,NAME = ?,ACRONYM = ?,DESCRIPTION = ?,SEQ_NUM = ?,ERROR_COUNTER =?,ORIG_CREATED_ON = ?,ACTIVATED_ON = ?,STATUS = ?,ARCHIVED_ON =?,LAST_MODIFIED = ?,REPOSITORY_BRANCH_ID = ?,CREATED_BY_USER_ID =?,BRANCH_ID = ?,PROJECT_ID = ?,LAST_MODIFIED_BY_USER_ID = ?,CHANGE_DATA= ?,IS_ACTIVE = ?,IS_BLA_ACTIVE = ?,IS_STARTED = ?,IS_INSTALLED =?,IS_BLA_INSTALLED = ?,IS_TIP_DEPLOYED = ?,IS_DEFAULT =?,TIP_DEPLOYMENT_IN_PROGRESS = ?,IS_ARCHIVED = ? where SNAPSHOT_ID = ?]; Error for batch element # 1: DB2 SQL Error: SQLCODE=-803, SQLSTATE=23505, SQLERRMC=2;BPMBDBA.LSW_SNAPSHOT, DRIVER=4.11.69; nested exception iscom.ibm.db2.jcc.am.SqlIntegrityConstraintViolationException: Error forbatch element # 1: DB2 SQL Error: SQLCODE=-803, SQLSTATE=23505,SQLERRMC=2;BPMBDBA.LSW_SNAPSHOT, DRIVER=4.11.69
How can I deploy my application?",chunk_packed_160,ace_focused_160,0.2967710057042301,0.34414526821783054,0.3275273216435144,0.3163319795800436,0.42857142857142855,148,2,0.0,0.052631578947368425,147,2,0.0,0.052631578947368425,145,2,0.0,0.052631578947368425
techqa_DEV_Q042,"Why is my Portal 8.5 install saying it cannot detect WAS? When I try to install WebSphere PortaV8.5, I am getting the message

The required version 8.5.5 or later of WebSphere Application Server has not been detected on this system. Select the WebSphere Application Server Package to install WebSphere Application Server and WebSphere Portal.

The required IBM WebSphere SDK Java Technology Edition version 7.0 or later is not detected on this system. Select the IBM WebSphere SDK Java Technology Edition package to install it.",ace_packed_160,ace_packed_160,0.2054491860169926,0.2072264209210089,0.20269298718569728,0.2648449355893322,0.0,159,2,0.0,0.0,159,4,0.0,0.01680672268907563,160,3,0.0,0.01652892561983471
techqa_DEV_Q158,Must the TOKEN_SEPARATOR value be enclosed in quotes for the custom scripting feature? Must the TOKEN_SEPARATOR value be enclosed in quotes for the custom scripting feature?,ace_packed_160,chunk_packed_160,0.18258565014356679,0.22845086465108272,0.1986798748146717,0.25728932641804214,0.6666666666666666,148,2,0.0,0.0,156,4,0.0,0.0,158,4,0.0,0.0
techqa_DEV_Q278,"Can I change the UUID value on the Messaging Engine? After dropping the SIB object, a new UUID value was generated for the new SIB object. However, the messaging application points to the old UUID value.
Is it possible to change the new UUID value back to the old value?",ace_packed_160,chunk_packed_160,0.1983343483364895,0.21607155691289115,0.2355076101993003,0.23189662885908296,0.1111111111111111,152,3,0.0,0.0,160,3,0.0,0.0,160,3,0.0,0.0
techqa_DEV_Q307,Help with Security Bulletin: Vulnerabilities in OpenSSL affect WebSphere MQ 5.3 for HP NonStop Server (CVE-2017-3735) I need to understand details regarding Security Bulletin: Vulnerabilities in OpenSSL affect WebSphere MQ 5.3 for HP NonStop Server (CVE-2017-3735). What  versions of the product are affected?,ace_packed_160,chunk_packed_160,0.2046728971962617,0.2046728971962617,0.2046728971962617,0.24782608695652175,0.6666666666666666,158,2,0.0,0.4651162790697674,145,2,0.0,0.06451612903225806,139,1,0.0,0.06451612903225806
techqa_DEV_Q195,"TLS protocol with ITCAM for Datapower We have a DataPower appliance with TLS security protocol enabled. Can we configure ITCAM for DataPower appliance v7.1 to specifically use the TLS protocol v1.2 (not v1.0)?
",ace_packed_160,ace_packed_160,0.22461655678930664,0.238752496852824,0.22916864458577157,0.2580643771483002,0.6666666666666666,159,3,0.0,0.0,154,4,0.0,0.0,154,4,0.0,0.0
techqa_DEV_Q186,"Silent uninstall of ITCAM for MQ agent fails Running silent uninstall of the ITCAM for MQ agent with this command: start /wait setup /z""/sfMQ_Silent_Uninstall.txt"" /s /f2""C:\temp\silent_setup.log"" fails with this message in the Abort_*.trc file: SEVERE: You must agree to the License Agreement.

The MQ_Silent_Uninstall.txt does contain this line: License Agreement=I agree to use the software only in accordance with the installed license.",chunk_packed_160,ace_focused_160,0.28148348233932513,0.32516498498264823,0.31363209788249,0.21,0.1111111111111111,160,3,0.0,0.027586206896551724,156,3,0.0,0.027586206896551724,156,3,0.0,0.04081632653061225
techqa_DEV_Q166,Which version of the WebSphere MQ Resource Adapter is shipped with  WebSphere Application Server? Which version of WebSphere MQ JCA resource adapter is shipped with WebSphere Application Server ? ,ace_packed_160,ace_focused_160,0.2122036869895677,0.19999051198090828,0.21101836078317032,0.3643211888714496,0.6666666666666666,160,2,0.0,0.0,153,2,0.0,0.0,152,2,0.0,0.04081632653061225
techqa_DEV_Q161,Netcool/Impact 7.1.0: The StateChange value being used by the OMNIbusEventReader is too high  The value being used is a date and time in the future and as such is preventing the EventReader from capturing the current events. ,ace_packed_160,ace_focused_160,0.23057310514525248,0.23169009011909802,0.24859985092865497,0.27023228021315515,1.0,156,2,0.0,0.0,155,3,0.0,0.0,153,2,0.0,0.022988505747126436
techqa_DEV_Q035,Help with Security Bulletin: API Connect is affected by a Node.js denial of service vulnerability (CVE-2017-14919) I need to understand details regarding Security Bulletin: API Connect is affected by a Node.js denial of service vulnerability (CVE-2017-14919). Where can I find this information? ,ace_packed_160,ace_focused_160,0.21173684940462079,0.232497431822823,0.22892551003025935,0.2827007710156417,0.42857142857142855,157,2,0.0,0.0,157,2,0.0,0.0,156,2,0.0,0.0
techqa_DEV_Q282,Does the IBM Netcool Omnibus ServiceNow Gateway support Geneva Release ? Users of this gateway are asking if we support the latest release of ServiceNow Geneva instance?,ace_packed_160,chunk_packed_160,0.18932202792866776,0.2443151288035218,0.22223933220206554,0.24744628683573155,0.6666666666666666,128,1,0.0,0.0,134,1,0.0,0.0,159,3,0.0,0.0
techqa_DEV_Q150,"Is Java 7 supported for BPM? What versions of BPM, if any,  support Java 7?",ace_packed_160,chunk_packed_160,0.18518711075749064,0.1910723137886186,0.19716100967907765,0.24611762123002398,0.25,153,2,0.0,0.042553191489361694,150,3,0.0,0.0,155,3,0.0,0.0
techqa_DEV_Q136,"Compose tab appears disabled and project is not editable in Decision Center I have upgraded my ODM version and a project in Decision Center appears non editable :

the compose tab is disabled
in explore tab there are no new nor edit button",ace_packed_160,chunk_packed_160,0.17847939972769516,0.19625626162483026,0.1931456745627941,0.25222969937944467,0.0,155,3,0.0,0.0,158,2,0.0,0.0,157,3,0.0,0.0
techqa_DEV_Q162,Is there a security vulnerability in the IBM WebSphere Application Server shipped with IBM Tivoli Netcool Configuration Manager? Is there a security vulnerability in the IBM WebSphere Application Server shipped with IBM Tivoli Netcool Configuration Manager?,ace_packed_160,chunk_packed_160,0.18615039185944246,0.18603091307776312,0.18865642830430246,0.37863457759684105,0.42857142857142855,145,2,0.0,0.06666666666666667,145,3,0.0,0.06666666666666667,145,3,0.0,0.06666666666666667
techqa_DEV_Q290,Is using a monitored JBoss server with ITCAM supported in a Windows Service? Is using a monitored JBoss server with ITCAM supported in a Windows Service? ,ace_packed_160,chunk_packed_160,0.21386379006916523,0.24581187123208625,0.23585128294688545,0.3258559440492521,0.42857142857142855,148,2,0.0,0.0,152,3,0.0,0.0,160,3,0.0,0.0
techqa_DEV_Q096,"I am using persistent messages, but I never got the messages I am using persistent messages, but I never got the messages. How can I determine what happen to the messages?
",ace_packed_160,ace_focused_160,0.16668932341032816,0.19019318967286403,0.17713429092265584,0.23230409223397813,0.25,159,3,0.0,0.0,159,4,0.0,0.0,158,3,0.0,0.0
techqa_DEV_Q297,res-deploy-xom ant task does not deploy xom based on checksum difference when xom is a .zip extension Question: Is re-naming the WebSphere Portal installation directory and cell name for an existing clustered installation possible? ,chunk_packed_160,chunk_packed_160,0.17891980176595174,0.2012492856418122,0.19472460902976127,0.20763227802151185,0.0,135,1,0.0,0.0,157,3,0.0,0.0,150,2,0.0,0.0
techqa_DEV_Q106,Why does WebSphere DataPower spike with a high CPU rate when a WebSphere MQ connection is unavailable? I have noticed when my MQ backends go down unexpectedly it can result in a high CPU rate on DataPower. And how can I resolve this? ,ace_packed_160,ace_focused_160,0.23928451075645632,0.25886526607170063,0.26011641304172073,0.33561723602605315,0.25,156,3,0.0,0.0,152,4,0.0,0.0,142,2,0.0,0.032
techqa_DEV_Q111,"StaleConnectionException errors with BPM databases There is much published documentation about stale connections to databases on the web, and yet stale connections continue to be a very common problem, at least with BPM databases. The condition can manifest itself in different ways. The most common experience of a stale connection is from error messages in the log or FFDCs that contain ""StaleConnectionException"".",chunk_packed_160,ace_packed_160,0.20726336090731173,0.20893531962253042,0.20647911306462025,0.2242291938079283,0.6666666666666666,154,2,0.0,0.0,146,2,0.0,0.018691588785046728,160,2,0.0,0.018691588785046728
techqa_DEV_Q135,"DataPower upgrade message Loading firmware failed: Preserve user modified data failed: Insufficient flash space available Could not install firmware image. The system will not reboot. In the process of upgrading my IBM DataPower Gateway I saw the following message:
""Loading firmware failed: Preserve user modified data failed: Insufficient flash space available Could not install firmware image. The system will not reboot.""
What does this mean and what are the appropriate next actions? ",ace_packed_160,chunk_packed_160,0.18721804511278195,0.20311978174653697,0.19464540774994565,0.2312683922566428,0.25,152,2,0.0,0.05714285714285715,160,2,0.0,0.0,158,2,0.0,0.0
techqa_DEV_Q267,Can you enable the reporter feature with IBM Rational Rhapsody Architect Software Floating license? Can you enable the reporter feature with IBM Rational Rhapsody Architect Software Floating license? ,ace_packed_160,ace_focused_160,0.19353884341150546,0.20383968353159776,0.2007345485482965,0.2785457962557374,0.42857142857142855,160,4,0.0,0.0,160,4,0.0,0.0,159,3,0.0,0.0
techqa_DEV_Q012,"I receive the following during UDX compilation Can't exec ""/nz/kit/bin/adm/nzudxcompile"": Argument list too long ",ace_packed_160,ace_focused_160,0.2469280693561819,0.3086406200112328,0.2907749560798817,0.3844762659305446,0.42857142857142855,160,3,0.0,0.06956521739130435,158,4,0.0,0.01785714285714286,159,3,0.0,0.06956521739130435
techqa_DEV_Q100,"ITCAM Agent for WebSphere DataPower 7.1 agent support for TLS Does the ITCAM Agent for WebSphere DataPower 7.1 agent support TLS?
",ace_packed_160,chunk_packed_160,0.21097189290321006,0.18751209889433196,0.20066359734397757,0.2796008315095111,0.25,140,2,0.0,0.0,159,4,0.0,0.0,158,2,0.0,0.0
techqa_DEV_Q271,"Problem with Postal database in Parascript  Hi

i am working with Parascript and i have installed successfully in my local system by folloing this guide [ Parascript FieldScript for Taskmaster Guide ]

here i can able to create vocabulary file, but storing multiple values into this the values are overridden and i do not understand how to create a postal database and access it

is that postal database is separate component ,,?? do we need to get somewhere and install ,,? they just mention in Guide the use of actions only

and does this parascript really helps to get better recognize.",chunk_packed_160,ace_packed_160,0.21662449309041568,0.2369748445501273,0.25152084341859515,0.20187949922759313,0.6666666666666666,156,3,0.0,0.0,152,2,0.0,0.0,158,2,0.0,0.0
techqa_DEV_Q238,"recently installed Impact 7.1.0. fixpack 3, now when ever start the secondary impact server, the primary servers logging stops?  How can I fix this? when NCI1 is running by itself, all logging is functioning. When NCI2
is started, logging stops on NCI1 and the ""reader"" logs indicate that
the readers have stopped. ",chunk_packed_160,chunk_packed_160,0.22001820046983808,0.21630384477293646,0.2207361716308805,0.2091325586213909,0.6666666666666666,154,4,0.0,0.0,157,3,0.0,0.0,156,3,0.0,0.0
techqa_DEV_Q218,"Why is MQ pattern showing installed MQ version as 8.0.0.2, instead of 8.0.0.4 when client tries to deploy pattern at the MQ 8.0.0.4 version in PureApplication System? In the pattern, it was clearly showing MQ version 8.0.0.4. After deployment, client checked the MQ version on the Virtual Machine and it shows 8.0.0.2 instead.
",ace_packed_160,ace_packed_160,0.21375258738529496,0.205080275379189,0.211782099229871,0.25360956069160173,0.1111111111111111,152,2,0.0,0.0,159,2,0.0,0.18181818181818182,158,3,0.0,0.0
techqa_DEV_Q256,"mqsireportdbparms missing? The mqsireportdbparms command described in the following knowledge center topic is missing from the IIB installation.
http://www-01.ibm.com/support/knowledgecenter/# !/SSMKHH_9.0.0/com.ibm.etools.mft.doc/an09156_.htm (http://www-01.ibm.com/support/knowledgecenter/# %21/SSMKHH_9.0.0/com.ibm.etools.mft.doc/an09156_.htm)",ace_packed_160,chunk_packed_160,0.18483676472768146,0.1769230769230769,0.1842391304347826,0.30365136499510054,0.1111111111111111,158,2,0.0,0.0,192,1,0.0,0.0,158,3,0.0,0.0
techqa_DEV_Q103,"How to resolve SessionBeanTimeoutException in WebSphere Application Server? In one of my j2EE-applications I get com.ibm.ejs.container.SessionBeanTimeoutExceptions with the following caused by section:
Caused by: com.ibm.ejs.container.SessionBeanTimeoutException: Stateful bean CMStatefulBeanO(BeanId(server1# mySessionBean.jar# StdEJBReader, A5667152-014B-4000-E000-9AD20A8E643B), state = METHOD_READY) timed out ... 26 more
Do you know how to resolve such SessionBeanTimeoutExceptions in general?",chunk_packed_160,ace_packed_160,0.206644275621761,0.22900663568228202,0.2287658346662547,0.2150167719623799,0.25,157,2,0.0,0.0,152,2,0.0,0.0,160,2,0.0,0.0
techqa_DEV_Q248,"missing VM manager data 

we are missing VM manager data for 13 servers. error: invalid credentials - suspended. there are no recent changes done for the ID/pwd.

please suggest the action need to be taken.
1039699
",chunk_packed_160,ace_focused_160,0.18154671256222737,0.18251140290408197,0.17974257656161363,0.19894456873692168,0.25,160,3,0.0,0.023529411764705882,160,4,0.0,0.0,151,4,0.0,0.023529411764705882
techqa_DEV_Q074,Help with Security Bulletin: Security Vulnerability in IBM WebSphere Application Server affects IBM SOA Policy Gateway Pattern for AIX Server 2.5 (CVE-2015-1920) I need to understand details regarding Security Bulletin: Security Vulnerability in IBM WebSphere Application Server affects IBM SOA Policy Gateway Pattern for AIX Server 2.5 (CVE-2015-1920). Where can I find this information? ,ace_packed_160,ace_focused_160,0.21854741176013523,0.22941656147807293,0.23284158787218975,0.39375,0.25,158,2,0.0,0.0,157,2,0.0,0.0,154,2,0.0,0.0
techqa_DEV_Q270,What version / level of Java JRE and GSKit is included with each WebSphere MQ version? What version / level of Java JRE and GSKit is included with WebSphere MQ? for each MQ version? ,ace_packed_160,ace_packed_160,0.177856789884298,0.18172618484787495,0.1798373695953636,0.2921898890264271,0.42857142857142855,160,2,0.0,0.0,156,2,0.0,0.0,156,2,0.0,0.0
techqa_DEV_Q104,"Java plugin not loading into rhapsody I had installed rational rhapsody 8.2 in my machine. I tried to add the profile of the Simple plugin.sbs from the path C:\ProgramData\IBM\Rational\Rhapsody\8.2\Samples\ExtensibilitySamples\Simple Plug-in, finally it is found that the Simple plugin is failed to load in the Rhapsody process space.
I had tried to add the JavaAPILogFile=D:\RhapsodyLogFile\Logs.txt for collecting the logs and while loading plugin nothing is written into the log file.

When i launched the rhapsody the following is written into the logs

Enter: RhapsodyAppServer_attachToRhapsodyApplication
Enter: RPApplication_getTheJavaPluginsInterfaceNative
Exit: RPApplication_getTheJavaPluginsInterfaceNative

 

Please help me to resolve this issue ",chunk_packed_160,chunk_packed_160,0.21983135082079888,0.20791301623435637,0.22467058598591358,0.2120301307845744,0.42857142857142855,157,3,0.0,0.0,158,3,0.0,0.0,159,4,0.0,0.0
techqa_DEV_Q194,How to generate Javacores automatically in on hung threads reported in SystemOut.log for WebSphere Application Server? Need Javacores to be generated on hung threads messages reported in SystemOut.log for WebSphere Applicaiton Server.Example:WSVR0605W: Thread has been active for and may be hung. There are in total in the server that may be hung.,ace_focused_160,ace_focused_160,0.2284985814630967,0.22775218582035817,0.2254459010267677,0.27101121256733496,0.25,346,1,0.0,0.0,158,3,0.0,0.0,143,3,0.0,0.07692307692307693
techqa_DEV_Q124,Is there a scripting feature in ITM? Is there a scripting feature in ITM? ,ace_packed_160,ace_packed_160,0.18790809405966077,0.18628306477007459,0.18423771957500779,0.27942253970947417,0.42857142857142855,157,3,0.0,0.0,151,3,0.0,0.0,152,3,0.0,0.0
techqa_DEV_Q153,"Can we create Match design specification db in xmeta Could you please let me know if we can create schema for Match design
specification database in xmeta db.",ace_packed_160,chunk_packed_160,0.2005757441120556,0.22239328129223818,0.2269551525807311,0.23370790046801004,0.6666666666666666,157,3,0.0,0.0,160,4,0.0,0.0,157,2,0.0,0.0
techqa_DEV_Q173,"ORA-01795 Error accessing Decision Center Business Console 8.7 I am working with ODM 8.7.0.0 when accessing the Business Console I am getting the below error message :
ORA-01795: maximum number of expressions in a list is 1000
The diagnostics do not contain any warning nor error.
The logs contain below exception : 
 java.lang.RuntimeException: java.sql.SQLException: ORA-01795: maximum number of expressions in a list is 1000
...
 Caused by: java.sql.SQLException: ORA-01795: maximum number of expressions in a list is 1000",ace_packed_160,ace_focused_160,0.21014203081191069,0.2271234528769451,0.2242013105159184,0.2816407809933581,0.42857142857142855,175,1,0.0,0.015748031496062992,159,3,0.0,0.015748031496062992,154,2,0.0,0.015748031496062992
techqa_DEV_Q171,"Error: ""MBEANSTARTER LOADEXTENSIONS FAILED TO LOAD EXTENSION"" occurs at portal startup We are using Portal Server 8.5 and when starting the Portal server we see following error:

0000005e MBeanStarter E com.ibm.wps.scripting.server.MBeanStarter loadExtensions failed to load extension: key: ServerExt.applications / value: com.ibm.wps.scripting.server.ApplicationServerExtensions

How can we resolve this error?",ace_packed_160,ace_packed_160,0.22622524505430236,0.2261957661634571,0.22642169818539593,0.3278105226525464,0.42857142857142855,156,2,0.0,0.125,150,3,0.0,0.163265306122449,160,3,0.0,0.125
techqa_DEV_Q168,"IBM Integration Designer could not connect to the DataPower appliance. I am using WDP XI52 with Firmware 7.0.0.7 and IID 7.5.1. When I try to connect WDP from [DataPower Appliances] View in IID, I got a error message as follows : ""SSL handshake on the connection to the DataPower appliance ""x.x.x.x"" was not successful. Contact the DataPower administrator."" This situations occurred since WDP Firmware had upgraded from 7.0.0.2 to 7.0.0.5. (Now it was upgraded to 7.0.0.7)
Could you please let me know what I should check to solve this problem? Please note that this WDP works normally and a network is normal. Also, I can connect it by using WebGUI and SSH terminal. And I've checked that IP , XML Management Interface Port, Web Management Service Port and account/password are correct.",ace_packed_160,ace_packed_160,0.22216384687810464,0.2151817133128885,0.2177428424250061,0.3362903225806452,0.1111111111111111,160,3,0.0,0.0,158,3,0.0,0.013745704467353952,158,3,0.0,0.013745704467353952
techqa_DEV_Q059,Help with vulnerability have been identified in WebSphere Application Server shipped with WSRR I need to understand details regarding Multiple vulnerabilities have been identified in WebSphere Application Server shipped with WebSphere Service Registry and Repository (CVE-2017-1583). Where can I find this information? ,ace_packed_160,chunk_packed_160,0.20681792583452463,0.1921095734331368,0.21217537314628904,0.23844208508899872,0.1111111111111111,134,1,0.0,0.0,159,2,0.0,0.0,160,2,0.0,0.0
techqa_DEV_Q210,"startNode failed with ADML3000E after a deployment failure Client had a deployment failure due to ""Too many open files"" error.

Afterwards, the startNode failed with ADML3000E:

What could cause the ""Too many open files error?",ace_packed_160,chunk_packed_160,0.1909286387860788,0.19483167588490963,0.18821443161480322,0.2591340539899386,0.25,152,2,0.0,0.11267605633802817,159,3,0.0,0.0,157,3,0.0,0.08823529411764706
techqa_DEV_Q115,Help with Security Bulletin: Apache Commons FileUpload Vulnerabilities in IBM WebSphere MQ File Transfer Edition component (CVE-2016-1000031) I need to understand details regarding Security Bulletin: Apache Commons FileUpload Vulnerabilities in IBM WebSphere MQ File Transfer Edition component (CVE-2016-1000031). Where can I find this information?,ace_packed_160,ace_focused_160,0.19459203918047463,0.19600923733192996,0.1978614482619669,0.26268377779592006,0.42857142857142855,160,2,0.0,0.0,160,3,0.0,0.0,159,2,0.0,0.0
techqa_DEV_Q157,"How do I configure TLS/SSL for an IIB web service provider and consumer? I'm investigating ways and technologies for use with IIB to run a web service that runs as both a provider and consumer. I'm looking at HTTP and SOAP messages/nodes. At a high level it might look like this:
HTTPInput (TLS over HTTPS) -> Compute -> HTTPRequest (SSL over HTTPS) -> Compute -> HTTPReply
or
SOAPInput (TLS over HTTPS) -> Compute -> SOAPRequest (SSL over HTTPS) -> Compute -> SOAPReply
Does anyone have more details/references beyond the knowledge center on how to configure the TLS/SSL portions?",chunk_packed_160,ace_packed_160,0.19912974246449502,0.1984733480453517,0.19086961352003817,0.1999303594750884,0.25,159,3,0.0,0.0,157,3,0.0,0.0,186,1,0.0,0.0
techqa_DEV_Q093,How do I run the prerequisite scan for jazzSM? How do I run the prerequisite scan? ,ace_packed_160,chunk_packed_160,0.17923910950355795,0.1869659165256733,0.17312607071813882,0.21684782881397596,0.25,154,3,0.0,0.17142857142857143,160,4,0.0,0.0,160,3,0.0,0.17142857142857143
techqa_DEV_Q259,"Subnodes are still present on TEP after unconfiguring SOA DC After unconfiguring the ITCAM for SOA DC via the unconfig.sh script, I can still see SOA subnodes and workspaces on TEP.The Websphere instances were restarted and are no longer collecting data and forwarding to the D4 agent.I have shut down the ITCAM agent and deleted the offline entries for the managed systems, but the subnodes appear back once you restart the ITCAM agent.How can I remove them?",chunk_packed_160,ace_focused_160,0.2038911494329253,0.20483681053692165,0.20451240102195217,0.19925139952484358,0.6666666666666666,159,3,0.0,0.0,160,4,0.0,0.0,158,3,0.0,0.0
techqa_DEV_Q047,"I need to move my perpetual license of SPSS v24 to my new machine. I have my authorization code first given to me, but since we did not renew our support contract we can't seem to download the software. I was originally told that I could download the trial version and it would have the authorization wizard where I could input the code and move forward. But the only downloadable version is subscription version with no authorization wizard. How do I move forward? ",chunk_packed_160,ace_focused_160,0.21622382911329147,0.23417284365268543,0.23169995898878287,0.215977688105015,0.42857142857142855,152,3,0.0,0.0,158,3,0.0,0.0,149,3,0.0,0.0
techqa_DEV_Q243,"Using cobol copybooks Sometimes, there will be errors/fields missing in typetree, while importing cobol copybooks. Is there any format for copybooks(specifically to be used in wtx), that we need to follow? ",chunk_packed_160,chunk_packed_160,0.19711583433045426,0.1792124718960676,0.1840526135511192,0.22255758117037308,0.6666666666666666,154,3,0.0,0.0,159,3,0.0,0.0,155,3,0.0,0.0
techqa_DEV_Q280,Is WebSphere Transformation Extender (WTX) supported for IBM Integration Bus V10? When will WebSphere Transformation Extender (WTX) be supported for IBM Integration Bus V10?,ace_packed_160,chunk_packed_160,0.21075411969670574,0.21403140783795868,0.20950114422344224,0.27119582777159196,1.0,139,1,0.0,0.0,148,3,0.0,0.0,150,2,0.0,0.0
techqa_DEV_Q253,Want to find out if Microsoft Edge is supported with ICC? Want to find out Microsoft Edge is supported with ICC? ,ace_packed_160,ace_packed_160,0.1662411793290025,0.16797371758003166,0.16615173127049881,0.2328833535673006,0.25,159,2,0.0,0.0,149,3,0.0,0.0,160,3,0.0,0.0
techqa_DEV_Q231,What IBM Business Process Manager version is affected by the Apache Commons FileUpload vulnerability CVE-2016-1000031? What IBM Business Process Manager version is affected by the Apache Commons FileUpload vulnerability CVE-2016-1000031? ,ace_packed_160,chunk_packed_160,0.18696324759167027,0.18670640567033686,0.19044838033019032,0.2517446565315292,0.25,146,2,0.0,0.0,153,3,0.0,0.0,158,2,0.0,0.0
techqa_DEV_Q196,"Error while installing SpSS modeler trial version I have downloaded the SPSS modeller trial version (18.1) (64 bit) and trying to install the same. I get the following error 1152: Error extracting modelerClient64.msi to the temporary location
",ace_packed_160,ace_packed_160,0.20413448431180042,0.2140376731974446,0.2045420867218314,0.24051802732769176,0.42857142857142855,157,2,0.0,0.0,155,3,0.0,0.0,159,4,0.0,0.0
techqa_DEV_Q062,Where can I find more details about WMB Fix Pack 8.0.0.5? Where can find more information about WebSphere Message Broker (WMB) Fix Pack 8.0.0.5?,chunk_packed_160,chunk_packed_160,0.19646728649444584,0.17390425611353888,0.19587567347655832,0.21311320952024376,0.0,137,2,0.0,0.0,187,1,0.0,0.0,156,3,0.0,0.0
techqa_DEV_Q252,"How to resolve the StaleConnectionException in WebSphere Application Server? I see this exception in WebSphere Application Server J2c and RRA traces:

WSRdbManagedC > preTestConnection Entry WSRdbManagedConnectionImpl@51a507f2 query: SELECT 1 FROM DUAL WSRdbManagedC 3 Exception java.sql.SQLException: ORA-02396: exceeded maximum idle time, please connect again DSRA0010E: SQL State = 61000, Error Code = 2,396 at oracle.jdbc.driver.T4CTTIoer.processError(T4CTTIoer.java:440) at 
...
Entry java.sql.SQLException: ORA-01012: not logged on ..... OracleDataSto < findMappingClass return Exit class com.ibm.websphere.ce.cm.StaleConnectionException",chunk_packed_160,ace_focused_160,0.21623495382698033,0.21572708299012028,0.22364498844462627,0.22042386157453409,0.42857142857142855,154,2,0.0,0.047619047619047616,150,3,0.0,0.0,149,2,0.0,0.09771986970684039
techqa_DEV_Q199,"How do I resolve a WSVR0605W hung thread issue in the WebSphere MQ Resource Adapter? The following WebSphere MQ Resource Adapter hung thread can prevent an application server from starting...

WSVR0605W: Thread ""WMQJCAResourceAdapter : 6"" (0000001b) has been active for 698530 milliseconds and may be hung. There is 1 thread(s) in total in the server that may be hung. at java.lang.Object.wait(Native Method) at java.lang.Object.wait(Object.java:167) at com.ibm.ejs.container.MessageEndpointFactoryImpl.createEndpoint(MessageEndpointFactoryImpl.java:498) at com.ibm.mq.connector.inbound.WorkImpl.run(WorkImpl.java:149)",chunk_packed_160,ace_focused_160,0.23834885727928404,0.22160557986436302,0.24950718667325505,0.21717001194703625,0.25,328,1,0.0,0.0,160,3,0.0,0.0,160,3,0.0,0.012232415902140675
techqa_DEV_Q077,"I need to transfer my SPSS 24 licence to a new computer I need to transfer my SPSS 24 license to a new machine. I have only used my activation code on one computer so far, and that computer was found to be defective which has led me to get a new computer. I was able to download SPSS 24 Gradpack onto the new computer, but every time I put in the activation code, the program gives me an error message saying that I am not allowed to generate any new licenses.",chunk_packed_160,ace_packed_160,0.20543014403711315,0.2196982871458299,0.20938682399743982,0.21603585740429662,0.42857142857142855,160,3,0.0,0.0,148,3,0.0,0.0,159,4,0.0,0.0
techqa_DEV_Q008,"How can I export a private key from DataPower Gateway Appliance? 

How can I export a private key from DataPower Gateway appliance?

",ace_packed_160,ace_focused_160,0.1896297764176243,0.20989015492952584,0.21360589986239056,0.2432024337283729,0.25,160,3,0.0,0.0,153,3,0.0,0.0,155,3,0.0,0.012820512820512822
techqa_DEV_Q215,"When should I use conversation sharing in DataPower MQ queue managers? MQ version 7.0 introduced a new feature, conversation sharing. Are there any special values on DataPower when configuring conversation sharing?",chunk_packed_160,ace_focused_160,0.2166612279149422,0.21544778461175584,0.2326275873993407,0.2392610206431786,0.6666666666666666,144,2,0.0,0.0,157,3,0.0,0.007352941176470588,152,1,0.0,0.007352941176470588
techqa_DEV_Q249,"Help with Security Bulletin: IBM WebSphere MQ Administration command could cause denial of service (CVE-2016-8971) I need to understand details regarding Security Bulletin: IBM WebSphere MQ Administration command could cause denial of service (CVE-2016-8971). Where can I find this information?
",ace_packed_160,ace_packed_160,0.1886690616875936,0.21479516253482658,0.19869177604138807,0.22658819526894713,0.0,149,2,0.0,0.0,142,2,0.0,0.0,157,2,0.0,0.0
techqa_DEV_Q250,Help with Security Bulletin: IIB is affected by Node.js security vulnerability ( CVE-2017-1000381 and CVE-2017-11499 ) I need to understand details regarding Security Bulletin: IBM Integration Bus is affected by Node.js security vulnerability ( CVE-2017-1000381 and CVE-2017-11499 ). Where can I find this information? ,chunk_packed_160,ace_packed_160,0.19445743341833577,0.2091564606254812,0.19801087265271788,0.2134039337544814,0.0,147,2,0.0,0.0,145,2,0.0,0.0,156,2,0.0,0.0
techqa_DEV_Q129,"Help with Security Bulletin: Multiple vulnerabilities in IBM Java SDK affect IBM OS Images for Red Hat Linux Systems and AIX (CVE-2015-0410 and CVE-2014-6593) I need to understand details regarding ""Security Bulletin: Multiple vulnerabilities in IBM Java SDK affect IBM OS Images for Red Hat Linux Systems and AIX (CVE-2015-0410 and CVE-2014-6593)"" Where can I find this information? ",ace_packed_160,ace_focused_160,0.20165180632677104,0.2211590781222359,0.22367849730032302,0.317123660702616,0.1111111111111111,158,1,0.0,0.0,154,2,0.0,0.0,145,2,0.0,0.0
techqa_DEV_Q294,"Error #2070 I purchased the SPSS grad pack and put one of the licenses on one computer and another on this one. This computer crashed and I was forced to reformat the hard drive. Subsequently, I lost SPSS in the process.  I am now reinstalling with the single user copy option.

The error it gave me now when I attempted to authorize the program with the original authorization number I received was:

Authorization in progress ... (removed) Authorization failed.: You are not allowed to generate any more new licenses. End Of Transaction. All permitted authorizations for the provided authorization code(s) have been utilized. No additional authorizations are permitted on this code. If you think this is an error, please contact IBM Corp. Customer Service at spssls@us.ibm.com ( http://www-01.ibm.com/software/analytics/spss ) with your product and purchase details. Click ""Finish"" to exit.",chunk_packed_160,chunk_packed_160,0.24540194513969055,0.2555571512942355,0.2471796865105892,0.22338558877564826,0.6666666666666666,148,2,0.0,0.0,155,4,0.0,0.0,157,4,0.0,0.0
techqa_DEV_Q043,Where I can get ITNM 4.2.0.1 GA version download details with Part number?. How to download and install IBM Tivoli Network Manager IP Edition Version 4.2 Fix Pack 1 (GA) using the Passport Advantage Web site?. ,ace_packed_160,ace_packed_160,0.19497572585158934,0.21853914047931378,0.21124459637478596,0.4109940079730797,0.42857142857142855,157,3,0.0,0.0,156,3,0.0,0.0,157,3,0.0,0.0
techqa_DEV_Q037,"Help with Action required for IIB H.E.V9 and WMB H.E. V8 for security vulnerabilities in Red Hat Linux 

I need to understand details regarding Action required for IBM Integration Bus Hypervisor Edition V9.0 and WebSphere Message Broker Hypervisor Edition V8.0 for security vulnerabilities in Red Hat Linux.

Where can I find this information?",chunk_packed_160,chunk_packed_160,0.29850455210182747,0.28888888888888886,0.2988351705562172,0.3117469904358936,0.25,88,1,0.0,0.05208333333333333,88,1,0.0,0.05208333333333333,88,1,0.0,0.05208333333333333
techqa_DEV_Q139,Help with Security Bulletin: IBM WebSphere MQ is affected by a privilege escalation vulnerability (CVE-2017-1612) I need to understand details regarding Security Bulletin: IBM WebSphere MQ is affected by a privilege escalation vulnerability (CVE-2017-1612).,ace_focused_160,ace_focused_160,0.19895101446180863,0.19641384938412515,0.2035178917333477,0.269012491472877,0.42857142857142855,159,2,0.0,0.0,140,2,0.0,0.0,133,2,0.0,0.125
techqa_DEV_Q172,"What's the procedure to drop an user in Cognos Disclosure Management? 

O.S AIX 7.1

Cognos Disclosure Management 10.2.4 What's the procedure to drop an user in Cognos Disclosure Management",ace_packed_160,chunk_packed_160,0.18063898961807542,0.21047037243680433,0.21135780579627825,0.27898972412199513,0.6666666666666666,154,3,0.0,0.0,156,4,0.0,0.0,159,3,0.0,0.0
techqa_DEV_Q137,"What things are important to consider when installing a fix pack for IIB running on a multi-instance environment? I am planning to apply a fix pack to my current version of IBM Integration Bus (IIB) using multi-instance brokers and I am looking for any important information regarding the process.

For example:

 

- installation and verification tasks
 

- is it possible to back out this fix pack in case there are issues
 

- any specific tasks for multi instance configuration",chunk_packed_160,chunk_packed_160,0.199860477036642,0.19930398563015572,0.19119159269620029,0.21746671750708535,0.1111111111111111,160,2,0.0,0.02197802197802198,160,4,0.0,0.02197802197802198,159,2,0.0,0.0
techqa_DEV_Q085,Event Dashboard breaks with Japanese filter Event Dashboard breaks when a filter is created with the browser language set to Japanese. This issue occurs in WebGUI 8.1 Fix Pack 11. ,chunk_packed_160,ace_packed_160,0.2115276846413682,0.2181496879329633,0.21842572122048687,0.22147019023151437,0.25,155,3,0.0,0.0,147,2,0.0,0.0,153,3,0.0,0.0
techqa_DEV_Q180,"Help with Security Bulletin: Security Vulnerability in IBM PureApplication System. (CVE-2015-1920) I need to understand details regarding ""Security Bulletin: Security Vulnerability in IBM PureApplication System (CVE-2015-1920)"". Where can I find this information? ",ace_packed_160,chunk_packed_160,0.18773974064422752,0.20750298090211466,0.19872114974444802,0.2181614180473435,0.0,130,2,0.0,0.0,145,2,0.0,0.0,158,2,0.0,0.0
techqa_DEV_Q205,"Launching IBM Rational Software Architect application results in Error: Java was started but returned exit code = -1 At times when you launch Rational Software Architect (RSA) application, you might encounter the following error: Error: Java was started but returned exit code = -1 ",ace_packed_160,chunk_packed_160,0.2048161875442669,0.2098275067818404,0.2078894766679363,0.2674579186859888,0.42857142857142855,154,3,0.0,0.0,156,4,0.0,0.0,154,4,0.0,0.0
techqa_DEV_Q305,"Cognos Analytics - Images not displayed in PDF/Excel, working in HTML I've just completed an upgrade to Cognos Analytics 11.0.3. When running existing reports in HTML, the images are displayed but when I try to run them in PDF/Excel they are not. ",ace_packed_160,ace_packed_160,0.2120511631189143,0.23015281649901026,0.22722932685051123,0.24353120441077492,0.42857142857142855,155,3,0.0,0.0,150,4,0.0,0.03333333333333334,160,2,0.0,0.0
techqa_DEV_Q269,"Executing a scenario suite with a Scenario Service Provider (SSP) over HTTPS How to configure the machines hosting the WebSphere Operational Decision Management modules with regard to HTTPS when executing scenario suites ?
How to avoid the exception below while requesting from Decision Center the execution of a scenario suite on Scenario Service Provider (SSP) over HTTPS ?
 Exception caught while contacting RES ilog.rules.res.util.http.IlrConnectionException: IO error when contacting ""/res/repositoryService""
 ....
 Caused by: javax.net.ssl.SSLHandshakeException: com.ibm.jsse2.util.g: PKIX path building failed: java.security.cert.CertPathBuilderException: unable to find valid certification path to requested target",ace_packed_160,ace_focused_160,0.24069881532597337,0.2450186860261262,0.2596832309902311,0.3101213418140783,0.1111111111111111,177,1,0.0,0.024,160,3,0.0,0.024,160,1,0.0,0.03187250996015936
techqa_DEV_Q266,How to install Packaging utility? How to install Packaging utility? ,ace_packed_160,ace_focused_160,0.16738386794084625,0.16967336530030605,0.16781071946273565,0.3313616829993018,0.6666666666666666,158,4,0.0,0.0,159,4,0.0,0.0,157,2,0.0,0.0639269406392694
techqa_DEV_Q188,Is there a support's guide to the CORBA Probes? Where can I download the support's guide to the IBM CORBA probes?,ace_packed_160,ace_packed_160,0.22780519815178152,0.22920036276831052,0.23442205159047474,0.3047834546369159,0.1111111111111111,164,1,0.0,0.0,160,5,0.0,0.02857142857142857,154,4,0.0,0.0
techqa_DEV_Q092,What versions of WSAS using Oracle 12c are supported? What versions of WSAS using Oracle 12c are supported?,ace_packed_160,ace_focused_160,0.22212654409499027,0.2589793264025589,0.24312967695506638,0.33911953827540875,0.42857142857142855,160,3,0.0,0.0,160,3,0.0,0.0,151,3,0.0,0.0
techqa_DEV_Q147,"TEP to TEPS communication issues with different Java versions Recent Java updates have caused connection problems when logging into the TEPS via the TEP client (Browser or Java Web Start). Is there an updated list of known issues?
",ace_packed_160,ace_packed_160,0.21752011684936098,0.20796185683233182,0.23304702299965022,0.3073674802604301,0.25,159,2,0.0,0.0,148,3,0.0,0.03088803088803089,155,3,0.0,0.0
techqa_DEV_Q143,"How can I configure J2EE Tomcat DC to run as Windows Service? I'm trying to configure ITCAM J2EE v7.1.1 Tomcat DC to run as a Windows Service but it fails. Is this type of configuration supported? If so, what is the right procedure to do that?
",ace_packed_160,ace_packed_160,0.23375750691693858,0.24604899735879615,0.25684982453123395,0.27599386053583647,0.6666666666666666,147,2,0.0,0.0,141,3,0.0,0.0,146,2,0.0,0.0
techqa_DEV_Q285,"Why is the file db2jcc.jar missing after an upgrade to BPM V8.5.7 CF2016.12? After upgrading to IBM Business Process Manager V8.5.7 Cumulative Fix 2016.12, I have encountered several JDBC related exceptions during my process application development. It seems that the file db2jcc.jar was removed during the installation of the cumulative fix pack. What happened? ",ace_packed_160,ace_focused_160,0.19903444611179394,0.20784479715745913,0.2049652556035899,0.23598448043861975,0.1111111111111111,153,2,0.0,0.0091324200913242,159,3,0.0,0.0091324200913242,141,2,0.0,0.07048458149779736
techqa_DEV_Q237,"Traffic across domains seems unexpected 

I have two Multi-Protocol Gateways (MPGWs) configured, each in their own domain:

     Domain A
     MPGW_A
     FSH_A (1.2.3.4:443)
     Domain B
     MPGW_B
     FSH_B (0.0.0.0:443)

The FSH_B is disabled, thus MPGW_B cannot take traffic. However, if I modify the config for MPGW_B (i.e. just change a Stylesheet parameter) the traffic goes to MPGW_B somehow. How is this happening? FSH_B is still disabled.",chunk_packed_160,chunk_packed_160,0.20996045249847667,0.22638006223289303,0.2302659181758966,0.21044064753882094,0.42857142857142855,150,3,0.0,0.0,159,3,0.0,0.0,159,3,0.0,0.0
techqa_DEV_Q095,"Why do I get error when I try to save application in APMUI? I am using APMUI 7.7 IF1. Following error occurs when I try to save application:

 

CTGAZ0001E: The application cannot be saved because the application repository is not available.
messages.log of scr server shows that it is listening at 17310 port:

 

A CWWKT0016I: Web application available (default_host): http://apmhost:17310/SCRCLUSTER_SCR_oslc.html
But apmui is referring to this URL with port 8080 (APM_UI.log):

 

http://apmhost:8080/SCRCLUSTER_SCR_oslc/scr/gettime",chunk_packed_160,chunk_packed_160,0.2020225032418082,0.2240002579016795,0.24032637799200612,0.20558509592929344,0.1111111111111111,149,3,0.0,0.010471204188481674,160,3,0.0,0.010471204188481674,158,3,0.0,0.010471204188481674
techqa_DEV_Q044,"Help with Security Bulletin: IBM WebSphere MQ and IBM MQ Managed File Transfer is affected by an undefined behavior because of insecure file permission vulnerability (CVE-2017-1699) I need to understand details regarding Security Bulletin: IBM WebSphere MQ and IBM MQ Managed File Transfer is affected by an undefined behavior because of insecure file permission vulnerability (CVE-2017-1699). Where can I find this information?
",ace_packed_160,ace_packed_160,0.19810865366172026,0.20592002571236986,0.2029940277940756,0.25665615183571944,0.25,128,1,0.0,0.0,127,2,0.0,0.0,149,3,0.0,0.0
techqa_DEV_Q013,"Additional steps to apply fix pack to Decision Center 

We are upgrading ODM 8.8.1 Decision Center to the latest 8.8.1.3.

Are there any additional steps to apply the fixpack to Decision Center after we install the fixpack with Installation Manager?",ace_focused_160,ace_packed_160,0.18483495111130638,0.18779318638216777,0.1987143724234295,0.24958157135639844,0.25,302,1,0.0,0.0,154,3,0.0,0.0,156,3,0.0,0.0
techqa_DEV_Q014,"Installing fixpacks with Installation Manager - when did it change from using updateInstaller,  starting in which version of WebSphere I was using updateInstaller to install fixpacks, and there was a separate fixpack for WebSphere and separate for the JDK, independent of each other. Now I understand that with Installation Manager there is a single package containing both the WebSphere App server fixpack as well as the JDK. When did this occur, starting with which version of WebSphere ? ",ace_packed_160,ace_focused_160,0.20606975214305445,0.20792422204683506,0.20543356233628773,0.2402763216799647,0.42857142857142855,159,3,0.0,0.0,160,2,0.0,0.0125,157,2,0.0,0.0125
techqa_DEV_Q072,Help with Security Bulletin: Multiple vulnerabilities in IBM Java Runtime affect WMB and IIB I need to understand details regarding Security Bulletin: Multiple vulnerabilities in IBM Java Runtime affect WebSphere Message Broker and IBM Integration Bus. Where can I find this information? ,ace_packed_160,ace_focused_160,0.21079384579335064,0.21558499987651422,0.20770963293724656,0.3249342992272646,0.42857142857142855,147,2,0.0,0.0,149,2,0.0,0.0,158,2,0.0,0.19047619047619047
techqa_DEV_Q036,"Port number error starting 9.0 Launcher 

I'm attempting to start up v9.0 for the first time with one .msl file on a Windows server and get the following error.  I also have v8.4 on this server and it starts fine.  I do not have v8.4 running when I attempt to start v9.0.

Cannot recognize if the system RecordChangeSystem.msl; has started. Reason: Server is unable to get the status of the system on port number 6,002.

I have the port range set to 7000/8000.  Why am I seeing this?  ",chunk_packed_160,ace_packed_160,0.2254243067084664,0.2187539511915892,0.22669700523149655,0.22711573959213147,0.1111111111111111,157,2,0.0,0.0,148,2,0.0,0.006514657980456026,158,2,0.0,0.006514657980456026
techqa_DEV_Q060,"DFHAP1203I and DFHSR0601 with 0C1 in EQA10OSM after upgrading to CICS TS 5.2 Why is my CICS region failing during startup with message DFHAP1203I followed by DFHSR0601 after I upgraded to CICS Transaction Server for z/OS (CICS TS) V5.2? A system dump shows an abend 0C1 occurring in the Debug Tool for z/OS module EQA10OSM. 
I receive the following messages:
DFHAP1203I Language Environment is being initialized. 
DFHSR0601 Program interrupt occurred with system task III in control. ",chunk_packed_160,ace_focused_160,0.24866009394018468,0.2670825252051515,0.2617119033233537,0.24035056683888933,1.0,151,2,0.0,0.017937219730941707,160,2,0.0,0.00900900900900901,141,2,0.0,0.03555555555555556
techqa_DEV_Q051,"We got a NullPointerException when bootstrapping the object store or accessing Site Preferences/Access Role on WorkplaceXT 

After logging into FileNet Workplace XT, a java.lang.NullPointerException error is logged when bootstrapping the object store or when accessing Site Preferences/Access Role.

Here's the error stack,

Error Stack Trace extracted from the J2EE Application Server error log:

java.lang.NullPointerException

at org.apache.jasper.runtime.JspWriterImpl.write(JspWriterImpl.java:421)

at com.filenet.wcm.apps.server.ui.info.prefs.PrefAccessRolesInfoPage.renderRoleMembers(PrefAccessRolesInfoPage.java:254)

at com.filenet.wcm.apps.server.ui.info.prefs.PrefAccessRolesInfoPage.renderRole(PrefAccessRolesInfoPage.java:220)

at com.filenet.wcm.apps.server.ui.info.prefs.PrefBootstrapInfoPage.renderAdminRole(PrefBootstrapInfoPage.java:131)

at com.filenet.wcm.apps.server.ui.info.prefs.PrefBootstrapInfoPage.render(PrefBootstrapInfoPage.java:303)",chunk_packed_160,chunk_packed_160,0.36984260476149405,0.4367366000923735,0.4057214791079984,0.35905469116545113,0.6666666666666666,158,2,0.0,0.0,158,2,0.0,0.0,158,2,0.0,0.0
techqa_DEV_Q296,Does the BPM internal Document Store work with IBM DB2 pureScale? I use IBM DB2 pureScale with my BPM installation. During startup of the server and initialization of the internal document store I see hanging threads in the systemOut.log and the process will not finish. How can this be solved? ,chunk_packed_160,ace_packed_160,0.1878482467074849,0.19925301707046866,0.1973998235626763,0.21724507784035446,0.0,147,2,0.0,0.0,141,2,0.0,0.0,157,2,0.0,0.0
techqa_DEV_Q197,Help with Security Bulletin: WMB and IIB are affected by 'Information Disclosure' vulnerability I need to understand details regarding Security Bulletin: WebSphere Message Broker and IBM Integration Bus are affected by 'Information Disclosure' vulnerability. Where can I find this information? ,ace_packed_160,chunk_packed_160,0.1934447525803827,0.19507937872891018,0.19078803502747158,0.3516548372195225,0.25,157,2,0.0,0.19512195121951217,159,3,0.0,0.07339449541284404,154,3,0.0,0.07339449541284404
techqa_DEV_Q277,Is transient user support available for SAML integration with WebSphere Portal 8.0? I am looking to leverage the SAML TAI provided by WebSphere Application Server for my WebSphere Portal 8.0 environment. Is transient user support available so that I do not have to maintain a local account in my Portal user registry for every external user which is verified and trusted by my identity provider? ,chunk_packed_160,chunk_packed_160,0.2131194870198237,0.23530418184891505,0.2395894761492344,0.2292440767140866,0.1111111111111111,157,2,0.0,0.0,158,3,0.0,0.0,157,3,0.0,0.0
