qid,policy,representation,packer,em,f1,ans_in_context,ans_in_context_soft,gold_token_density,gold_doc_reader_cov,context_tokens,base_recall@5,base_all_gold@5
5ae2138c5542997283cd23b7,chunk_packed_160,chunk,packed,0.0,0.0,0.0,0.0,0.525,1.0,160.0,1.0,1.0
5a77152355429966f1a36c2e,chunk_packed_160,chunk,packed,0.0,0.0,1.0,1.0,0.1753,0.5,154.0,0.5,0.0
5ade99ad554299728e26c75d,chunk_packed_160,chunk,packed,0.0,0.4,1.0,1.0,0.9462,1.0,130.0,1.0,1.0
5ab81cff5542990e739ec827,chunk_packed_160,chunk,packed,1.0,1.0,1.0,1.0,0.239,0.5,159.0,1.0,1.0
5ae5be02554299546bf82f3e,chunk_packed_160,chunk,packed,1.0,1.0,1.0,1.0,0.8544,1.0,158.0,1.0,1.0
5ae3f1bb5542995ad6573cbe,chunk_packed_160,chunk,packed,1.0,1.0,1.0,1.0,0.5137,1.0,146.0,1.0,1.0
5a8389445542996488c2e450,chunk_packed_160,chunk,packed,1.0,1.0,1.0,1.0,0.6549,1.0,142.0,1.0,1.0
5a89fc305542993b751ca9dc,chunk_packed_160,chunk,packed,1.0,1.0,1.0,1.0,0.7799,1.0,159.0,1.0,1.0
5a85bc2d5542994c784ddb70,chunk_packed_160,chunk,packed,1.0,1.0,1.0,1.0,0.3421,1.0,152.0,1.0,1.0
5a7b1c745542992d025e6777,chunk_packed_160,chunk,packed,0.0,0.0,0.0,0.25,0.242,0.5,157.0,0.5,0.0
5ae2d8fb55429928c42394fa,chunk_packed_160,chunk,packed,0.0,0.2222,0.0,0.2,0.2214,0.5,140.0,0.5,0.0
5ae7f6be554299540e5a56db,chunk_packed_160,chunk,packed,0.0,0.0,1.0,1.0,0.3418,1.0,158.0,1.0,1.0
5a773ae055429972597f14b0,chunk_packed_160,chunk,packed,0.0,0.6667,1.0,1.0,0.4125,1.0,160.0,1.0,1.0
5a75abbb5542992d0ec05fd9,chunk_packed_160,chunk,packed,0.0,0.6667,0.0,0.5,0.4397,0.5,141.0,0.5,0.0
5ae4c49a5542995dadf24400,chunk_packed_160,chunk,packed,0.0,0.0,0.0,0.0,0.1623,0.5,154.0,0.5,0.0
5ac44813554299194317396b,chunk_packed_160,chunk,packed,1.0,1.0,1.0,1.0,0.5097,1.0,155.0,1.0,1.0
5abfc8675542993fe9a41e52,chunk_packed_160,chunk,packed,1.0,1.0,1.0,1.0,0.4748,0.5,139.0,1.0,1.0
5a8aeadc55429950cd6afbe0,chunk_packed_160,chunk,packed,1.0,1.0,1.0,1.0,0.4504,1.0,131.0,1.0,1.0
5ab2082f554299722f9b4c9f,chunk_packed_160,chunk,packed,0.0,0.0,0.0,0.0,0.0,0.0,148.0,1.0,1.0
5ae0ba15554299603e41844d,chunk_packed_160,chunk,packed,1.0,1.0,1.0,1.0,0.3947,1.0,152.0,1.0,1.0
5a7332935542991f9a20c67d,chunk_packed_160,chunk,packed,1.0,1.0,1.0,1.0,0.3467,0.5,150.0,1.0,1.0
5a9068f85542990a98493623,chunk_packed_160,chunk,packed,1.0,1.0,1.0,1.0,1.0,1.0,155.0,1.0,1.0
5addd5795542990dbb2f7e9d,chunk_packed_160,chunk,packed,0.0,0.0,0.0,0.0,0.415,0.5,147.0,1.0,1.0
5adfa3da554299025d62a317,chunk_packed_160,chunk,packed,0.0,0.0,0.0,0.3333,0.0,0.0,145.0,0.5,0.0
5ae6443355429908198fa563,chunk_packed_160,chunk,packed,0.0,0.6667,0.0,0.5,0.6447,1.0,152.0,1.0,1.0
5ab98608554299131ca42362,chunk_packed_160,chunk,packed,1.0,1.0,1.0,1.0,0.2808,0.5,146.0,0.5,0.0
5ae61bfd5542992663a4f261,chunk_packed_160,chunk,packed,0.0,0.0,0.0,0.0,0.3007,0.5,143.0,0.5,0.0
5ab870ed55429934fafe6db9,chunk_packed_160,chunk,packed,1.0,1.0,1.0,1.0,0.3567,0.5,157.0,0.5,0.0
5abcfc365542993a06baf9d6,chunk_packed_160,chunk,packed,0.0,0.0,0.0,0.0,0.0,0.0,160.0,0.5,0.0
5add63845542992ae4cec541,chunk_packed_160,chunk,packed,0.0,0.0,0.0,0.2,0.3893,0.5,149.0,1.0,1.0
5ae2a0a1554299495565dae9,chunk_packed_160,chunk,packed,1.0,1.0,1.0,1.0,0.1353,0.5,133.0,1.0,1.0
5a84eecd5542994c784dda8e,chunk_packed_160,chunk,packed,1.0,1.0,1.0,1.0,0.554,0.5,139.0,1.0,1.0
5a85fa815542996432c57155,chunk_packed_160,chunk,packed,0.0,0.0,0.0,0.0,0.2625,0.5,160.0,1.0,1.0
5a84a5385542990548d0b2d9,chunk_packed_160,chunk,packed,1.0,1.0,1.0,1.0,0.5548,0.5,155.0,1.0,1.0
5a78f26055429970f5fffdeb,chunk_packed_160,chunk,packed,0.0,0.0,1.0,1.0,0.6937,1.0,160.0,1.0,1.0
5a86edcc55429960ec39b6da,chunk_packed_160,chunk,packed,1.0,1.0,1.0,1.0,0.242,0.5,157.0,1.0,1.0
5ae7766455429952e35ea920,chunk_packed_160,chunk,packed,0.0,0.0,0.0,0.6,0.4419,0.5,129.0,1.0,1.0
5a77863555429949eeb29ec6,chunk_packed_160,chunk,packed,0.0,0.6667,1.0,1.0,0.2569,1.0,144.0,1.0,1.0
5ab3cc395542992ade7c6e9f,chunk_packed_160,chunk,packed,0.0,0.1333,1.0,1.0,1.0,1.0,123.0,1.0,1.0
5add016e5542992c1e3a250b,chunk_packed_160,chunk,packed,0.0,0.0,1.0,1.0,0.4296,0.5,135.0,1.0,1.0
5a8bd9c95542997f31a41de2,chunk_packed_160,chunk,packed,1.0,1.0,1.0,1.0,0.227,0.5,141.0,1.0,1.0
5a8f13d55542997ba9cb31c9,chunk_packed_160,chunk,packed,0.0,0.8,1.0,1.0,0.673,1.0,159.0,1.0,1.0
5ac248fd55429951e9e68525,chunk_packed_160,chunk,packed,0.0,0.0,0.0,0.0,0.271,0.5,155.0,0.5,0.0
5adbcd475542996e68525240,chunk_packed_160,chunk,packed,0.0,0.0,0.0,0.0,0.443,0.5,149.0,1.0,1.0
5a7c8a3b55429935c91b5204,chunk_packed_160,chunk,packed,1.0,1.0,1.0,1.0,0.4906,1.0,159.0,1.0,1.0
5a7f40de5542992e7d278cc8,chunk_packed_160,chunk,packed,0.0,0.0,0.0,0.6667,0.2839,0.5,155.0,0.5,0.0
5ab2c6a955429916697740c2,chunk_packed_160,chunk,packed,0.0,0.0,1.0,1.0,0.1975,0.5,157.0,1.0,1.0
5ac3165c5542995ef918c10a,chunk_packed_160,chunk,packed,1.0,1.0,1.0,1.0,0.1689,0.5,148.0,0.5,0.0
5a7577145542996c70cfaf03,chunk_packed_160,chunk,packed,0.0,0.0,1.0,1.0,0.6405,0.5,153.0,1.0,1.0
5a8f45385542997ba9cb320a,chunk_packed_160,chunk,packed,0.0,0.0,1.0,1.0,0.3355,0.5,152.0,1.0,1.0
5adea83b55429975fa854f53,chunk_packed_160,chunk,packed,0.0,0.0,1.0,1.0,0.3267,1.0,150.0,1.0,1.0
5ab4428c5542990594ba9bda,chunk_packed_160,chunk,packed,0.0,0.0,0.0,0.0,0.2446,0.5,139.0,1.0,1.0
5a90692f5542990a98493625,chunk_packed_160,chunk,packed,0.0,0.0,0.0,0.0,0.2562,0.5,160.0,1.0,1.0
5ae68a065542991bbc97611e,chunk_packed_160,chunk,packed,0.0,0.0,0.0,0.0,0.327,0.5,159.0,0.5,0.0
5ab2929a554299449642c900,chunk_packed_160,chunk,packed,0.0,0.8,1.0,1.0,0.5168,1.0,149.0,1.0,1.0
5adf434c5542993a75d26462,chunk_packed_160,chunk,packed,0.0,0.3333,0.0,0.3333,0.0,0.0,159.0,1.0,1.0
5ac4ecea55429919431739fd,chunk_packed_160,chunk,packed,0.0,0.0,0.0,0.25,0.3133,0.5,150.0,0.5,0.0
5a85dfcc5542994775f60673,chunk_packed_160,chunk,packed,0.0,0.6667,1.0,1.0,0.6599,1.0,147.0,1.0,1.0
5a8085705542992bc0c4a74b,chunk_packed_160,chunk,packed,0.0,0.3333,0.0,1.0,0.2687,0.5,160.0,1.0,1.0
5ae3992d5542994393b9e722,chunk_packed_160,chunk,packed,1.0,1.0,1.0,1.0,0.6471,1.0,153.0,1.0,1.0
5ae7793c554299540e5a55c2,chunk_packed_160,chunk,packed,0.0,0.0,1.0,1.0,0.4786,0.5,140.0,1.0,1.0
5a7f46115542994857a766d9,chunk_packed_160,chunk,packed,0.0,0.5,1.0,1.0,0.5975,1.0,159.0,1.0,1.0
5a7380b955429908901be2d4,chunk_packed_160,chunk,packed,0.0,0.0,1.0,1.0,0.5548,1.0,155.0,1.0,1.0
5abfd3d65542994516f4550b,chunk_packed_160,chunk,packed,1.0,1.0,0.0,0.0,0.625,1.0,144.0,1.0,1.0
5abf2e605542993fe9a41de4,chunk_packed_160,chunk,packed,1.0,1.0,0.0,0.5,0.4564,1.0,149.0,1.0,1.0
5ae256435542992decbdccc3,chunk_packed_160,chunk,packed,1.0,1.0,1.0,1.0,0.6478,1.0,159.0,1.0,1.0
5ab819065542995dae37ea3c,chunk_packed_160,chunk,packed,0.0,0.6667,1.0,1.0,0.4938,1.0,160.0,1.0,1.0
5adfb10855429942ec259af9,chunk_packed_160,chunk,packed,1.0,1.0,1.0,1.0,0.2875,1.0,160.0,1.0,1.0
5ae0a54e5542993d6555ebdd,chunk_packed_160,chunk,packed,1.0,1.0,1.0,1.0,0.3896,0.5,154.0,1.0,1.0
5ab327bc554299233954ff33,chunk_packed_160,chunk,packed,0.0,0.4,0.0,0.6667,0.6879,1.0,157.0,1.0,1.0
5a7c703055429935c91b51aa,chunk_packed_160,chunk,packed,0.0,0.8571,1.0,1.0,0.4615,1.0,130.0,1.0,1.0
5abe19895542991f661060c2,chunk_packed_160,chunk,packed,0.0,0.0,1.0,1.0,0.471,1.0,155.0,1.0,1.0
5ac26d4d55429951e9e685b7,chunk_packed_160,chunk,packed,0.0,0.0,1.0,1.0,0.7987,1.0,149.0,1.0,1.0
5add95035542990dbb2f7e77,chunk_packed_160,chunk,packed,0.0,0.0,1.0,1.0,0.3758,1.0,157.0,1.0,1.0
5adc46665542994650320cc8,chunk_packed_160,chunk,packed,0.0,0.0,0.0,0.0,0.0,0.0,160.0,0.0,0.0
5ac259125542992f1f2b3867,chunk_packed_160,chunk,packed,0.0,0.0,0.0,0.25,0.4286,0.5,140.0,1.0,1.0
5a81624d5542995ce29dcbf1,chunk_packed_160,chunk,packed,0.0,0.0,1.0,1.0,0.1793,0.5,145.0,1.0,1.0
5a7933b255429907847277eb,chunk_packed_160,chunk,packed,1.0,1.0,1.0,1.0,0.566,1.0,159.0,1.0,1.0
5a7754d85542993735360234,chunk_packed_160,chunk,packed,0.0,0.0,1.0,1.0,0.3734,1.0,158.0,1.0,1.0
5a80c01855429938b61421b8,chunk_packed_160,chunk,packed,0.0,0.0,0.0,0.5,0.5253,0.5,158.0,1.0,1.0
5ab2b61d5542991669774065,chunk_packed_160,chunk,packed,0.0,0.0,1.0,1.0,0.5833,1.0,144.0,1.0,1.0
5ae8167b55429952e35eaa06,chunk_packed_160,chunk,packed,1.0,1.0,1.0,1.0,0.4839,0.5,155.0,1.0,1.0
5a7bacf35542997c3ec9724b,chunk_packed_160,chunk,packed,0.0,0.0,0.0,0.6,0.1039,0.5,154.0,1.0,1.0
5ac2610455429951e9e68592,chunk_packed_160,chunk,packed,0.0,0.5,1.0,1.0,0.3734,1.0,158.0,1.0,1.0
5a7c827e55429907fabeefa7,chunk_packed_160,chunk,packed,0.0,0.0,0.0,0.0,0.2595,0.5,158.0,0.5,0.0
5a81711455429938b614233e,chunk_packed_160,chunk,packed,0.0,0.0,0.0,0.0,0.2786,0.5,140.0,1.0,1.0
5adfd0d655429942ec259b4e,chunk_packed_160,chunk,packed,0.0,0.0,1.0,1.0,0.522,1.0,159.0,1.0,1.0
5adc85b855429944faac24e9,chunk_packed_160,chunk,packed,0.0,0.0,0.0,0.5,0.4406,0.5,143.0,1.0,1.0
5abfde655542997719eab6f2,chunk_packed_160,chunk,packed,0.0,0.0,1.0,1.0,0.7103,1.0,145.0,1.0,1.0
5a72953b5542994cef4bc357,chunk_packed_160,chunk,packed,0.0,0.4,0.0,0.5,0.5263,0.5,152.0,1.0,1.0
5ab989f755429970cfb8eb38,chunk_packed_160,chunk,packed,0.0,0.0,1.0,1.0,0.1465,0.5,157.0,0.5,0.0
5ae2133e554299495565d9e3,chunk_packed_160,chunk,packed,1.0,1.0,1.0,1.0,0.7806,1.0,155.0,1.0,1.0
5a82d71555429966c78a6a94,chunk_packed_160,chunk,packed,0.0,0.0,0.0,0.0,0.5195,1.0,154.0,1.0,1.0
5ae1c3cd554299492dc91b87,chunk_packed_160,chunk,packed,0.0,0.6667,1.0,1.0,0.6839,1.0,155.0,1.0,1.0
5ac2583b55429951e9e68565,chunk_packed_160,chunk,packed,1.0,1.0,1.0,1.0,0.3077,1.0,156.0,1.0,1.0
5a82a55955429966c78a6a70,chunk_packed_160,chunk,packed,0.0,0.0,0.0,0.2,0.0,0.0,152.0,0.0,0.0
5ae5dae2554299546bf82fa4,chunk_packed_160,chunk,packed,1.0,1.0,1.0,1.0,0.3,0.5,130.0,1.0,1.0
5ac195455542991316484b40,chunk_packed_160,chunk,packed,0.0,0.0,0.0,0.0,0.3007,0.5,143.0,0.5,0.0
5ae785685542994a481bbd47,chunk_packed_160,chunk,packed,0.0,0.0,1.0,1.0,0.6204,1.0,137.0,1.0,1.0
5ae5429355429908b63265c5,chunk_packed_160,chunk,packed,0.0,0.0,0.0,0.0,0.2581,0.5,155.0,1.0,1.0
5a8ba60b554299240d9c205b,chunk_packed_160,chunk,packed,1.0,1.0,1.0,1.0,0.6962,1.0,158.0,1.0,1.0
5a82f05255429966c78a6aa2,chunk_packed_160,chunk,packed,0.0,0.5,1.0,1.0,0.0,0.0,159.0,1.0,1.0
5abfea825542994516f45527,chunk_packed_160,chunk,packed,0.0,0.0,0.0,0.0,0.0,0.0,155.0,0.0,0.0
5aba6f3e55429955dce3ee21,chunk_packed_160,chunk,packed,0.0,0.0,0.0,0.0,0.3333,0.5,141.0,1.0,1.0
5ae113de55429901ffe4ad51,chunk_packed_160,chunk,packed,0.0,0.0,1.0,1.0,0.6528,1.0,144.0,1.0,1.0
5adce4f65542992c1e3a2474,chunk_packed_160,chunk,packed,0.0,0.9091,0.0,0.8333,0.625,0.5,128.0,1.0,1.0
5ab27587554299449642c8af,chunk_packed_160,chunk,packed,1.0,1.0,1.0,1.0,1.0,1.0,145.0,1.0,1.0
5a7323ad5542994cef4bc476,chunk_packed_160,chunk,packed,0.0,0.0,1.0,1.0,0.6713,1.0,143.0,1.0,1.0
5abc17555542993a06baf858,chunk_packed_160,chunk,packed,0.0,0.0,0.0,0.0,0.3212,0.5,137.0,0.5,0.0
5ab9fe1255429939ce03dc40,chunk_packed_160,chunk,packed,0.0,0.0,0.0,0.5,0.6391,1.0,133.0,1.0,1.0
5a8b6ac055429949d91db5a5,chunk_packed_160,chunk,packed,1.0,1.0,1.0,1.0,0.4088,1.0,159.0,1.0,1.0
5a87136e5542991e771816b2,chunk_packed_160,chunk,packed,0.0,0.0,0.0,0.0,0.8089,1.0,157.0,1.0,1.0
5abff0625542997ec76fd476,chunk_packed_160,chunk,packed,0.0,0.0,1.0,1.0,0.1437,0.5,160.0,0.5,0.0
5a7526945542993748c897d2,chunk_packed_160,chunk,packed,0.0,0.0,0.0,0.0,0.4295,0.5,149.0,0.5,0.0
5abc8620554299700f9d78e2,chunk_packed_160,chunk,packed,1.0,1.0,1.0,1.0,0.2581,0.5,155.0,1.0,1.0
5a72a3c45542994cef4bc3ac,chunk_packed_160,chunk,packed,0.0,0.0,0.0,0.0,0.5962,0.5,156.0,0.5,0.0
5ac170af5542994d76dcce20,chunk_packed_160,chunk,packed,0.0,0.6667,1.0,1.0,0.3514,0.5,148.0,1.0,1.0
5ae5f3bb5542996de7b71a7e,chunk_packed_160,chunk,packed,0.0,0.0,0.0,0.0,0.2183,0.5,142.0,0.5,0.0
5a7f7ca25542994857a76747,chunk_packed_160,chunk,packed,0.0,0.0,1.0,1.0,0.4837,1.0,153.0,1.0,1.0
5adca8375542990d50227cd4,chunk_packed_160,chunk,packed,0.0,0.0,0.0,0.0,0.0,0.0,146.0,0.5,0.0
5ac3e1075542995c82c4ac78,chunk_packed_160,chunk,packed,1.0,1.0,1.0,1.0,0.6471,1.0,153.0,1.0,1.0
5a7db0915542990b8f503a30,chunk_packed_160,chunk,packed,0.0,0.0,1.0,1.0,0.3667,1.0,150.0,1.0,1.0
5a81e04455429903bc27b9f9,chunk_packed_160,chunk,packed,0.0,0.0,0.0,0.25,0.0,0.0,149.0,0.5,0.0
5a8a573355429970aeb7029a,chunk_packed_160,chunk,packed,0.0,0.0,1.0,1.0,0.6519,1.0,158.0,1.0,1.0
5a75e60e55429976ec32bc88,chunk_packed_160,chunk,packed,0.0,0.0,1.0,1.0,0.3711,0.5,159.0,0.5,0.0
5abce73055429959677d6b34,chunk_packed_160,chunk,packed,0.0,0.0,1.0,1.0,0.6928,1.0,153.0,1.0,1.0
5a87572d5542994846c1cd6b,chunk_packed_160,chunk,packed,0.0,0.0,0.0,0.5,0.2115,0.5,156.0,0.5,0.0
5a89761d5542995153361310,chunk_packed_160,chunk,packed,1.0,1.0,1.0,1.0,0.4097,1.0,144.0,1.0,1.0
5a8d5f16554299585d9e37c5,chunk_packed_160,chunk,packed,1.0,1.0,1.0,1.0,0.3544,0.5,158.0,1.0,1.0
5ae7cea355429952e35ea9c1,chunk_packed_160,chunk,packed,0.0,0.0,1.0,1.0,0.1083,0.5,157.0,0.5,0.0
5ab600fb554299488d4d9a82,chunk_packed_160,chunk,packed,0.0,0.0,1.0,1.0,0.2789,0.5,147.0,0.5,0.0
5a7f7c285542994857a76746,chunk_packed_160,chunk,packed,1.0,1.0,1.0,1.0,0.451,0.5,153.0,1.0,1.0
5ade61fd554299728e26c704,chunk_packed_160,chunk,packed,0.0,0.0,0.0,0.0,0.1603,0.5,131.0,1.0,1.0
5a73630655429901807db020,chunk_packed_160,chunk,packed,1.0,1.0,1.0,1.0,0.3043,0.5,138.0,1.0,1.0
5ab916e155429919ba4e23a4,chunk_packed_160,chunk,packed,0.0,0.5,1.0,1.0,0.7078,1.0,154.0,1.0,1.0
5ae0af5555429945ae95941e,chunk_packed_160,chunk,packed,1.0,1.0,1.0,1.0,0.2566,0.5,152.0,1.0,1.0
5a865bbf5542991e77181615,chunk_packed_160,chunk,packed,0.0,0.0,0.0,0.3333,0.2562,0.5,160.0,1.0,1.0
5a8fa20555429918e830d298,chunk_packed_160,chunk,packed,0.0,0.0,0.0,0.3333,0.0753,0.5,146.0,1.0,1.0
5ab97cd0554299753720f81a,chunk_packed_160,chunk,packed,1.0,1.0,1.0,1.0,0.3097,0.5,155.0,1.0,1.0
5ae7ed9555429952e35ea9e6,chunk_packed_160,chunk,packed,1.0,1.0,1.0,1.0,0.3145,1.0,159.0,1.0,1.0
5aded1595542995ec70e8f29,chunk_packed_160,chunk,packed,0.0,0.0,0.0,0.0,0.4932,1.0,148.0,1.0,1.0
5adc3aff5542996e685252eb,chunk_packed_160,chunk,packed,0.0,0.0,0.0,0.5,0.3028,0.5,142.0,0.5,0.0
5ae2ee5e5542991a06ce990a,chunk_packed_160,chunk,packed,0.0,0.6667,1.0,1.0,0.6581,1.0,155.0,1.0,1.0
5a8e42d15542995a26add4a6,chunk_packed_160,chunk,packed,0.0,0.0,1.0,1.0,0.4932,1.0,148.0,1.0,1.0
5a7a33a35542994f819ef14c,chunk_packed_160,chunk,packed,0.0,0.0,1.0,1.0,0.1053,0.5,152.0,1.0,1.0
5ae69fa755429908198fa66c,chunk_packed_160,chunk,packed,0.0,0.0,0.0,0.0,0.2484,0.5,157.0,0.5,0.0
5a7e279d5542995ed0d166b5,chunk_packed_160,chunk,packed,0.0,0.0,0.0,0.0,0.1987,0.5,156.0,0.5,0.0
5a79c6a55542994bb9457091,chunk_packed_160,chunk,packed,0.0,0.8,1.0,1.0,0.8418,1.0,158.0,1.0,1.0
5a739d8c55429905862fe073,chunk_packed_160,chunk,packed,0.0,0.0,0.0,0.0,0.3312,0.5,160.0,0.5,0.0
5a7fc21455429969796c1b4b,chunk_packed_160,chunk,packed,1.0,1.0,1.0,1.0,0.5603,1.0,141.0,1.0,1.0
5ae1da385542997283cd2297,chunk_packed_160,chunk,packed,0.0,0.6667,1.0,1.0,0.1923,0.5,156.0,1.0,1.0
5ab5f249554299488d4d9a5d,chunk_packed_160,chunk,packed,0.0,0.0,1.0,1.0,0.2027,0.5,148.0,1.0,1.0
5ab9180b5542991b5579f0f3,chunk_packed_160,chunk,packed,1.0,1.0,1.0,1.0,0.4774,1.0,155.0,1.0,1.0
5ae0f8a05542997b2ef7d0bc,chunk_packed_160,chunk,packed,1.0,1.0,1.0,1.0,0.7391,1.0,138.0,1.0,1.0
5a7c8e7955429935c91b521a,chunk_packed_160,chunk,packed,0.0,0.5714,1.0,1.0,0.7962,1.0,157.0,1.0,1.0
5ae5d008554299546bf82f7d,chunk_packed_160,chunk,packed,1.0,1.0,1.0,1.0,0.3544,0.5,158.0,1.0,1.0
5abbaed855429931dba144aa,chunk_packed_160,chunk,packed,0.0,0.0,1.0,1.0,0.4065,1.0,123.0,1.0,1.0
5ae1316555429901ffe4adda,chunk_packed_160,chunk,packed,0.0,0.0,0.0,0.0,1.0,1.0,137.0,1.0,1.0
5a74512b55429974ef308bd5,chunk_packed_160,chunk,packed,0.0,0.0,0.0,0.0,0.3379,0.5,145.0,0.5,0.0
5a80aeff5542996402f6a5eb,chunk_packed_160,chunk,packed,0.0,0.0,0.0,0.5,0.2722,0.5,158.0,1.0,1.0
5a88a4e65542997e5c09a671,chunk_packed_160,chunk,packed,0.0,0.6667,1.0,1.0,0.4465,1.0,159.0,1.0,1.0
5ae2eda355429928c4239570,chunk_packed_160,chunk,packed,1.0,1.0,1.0,1.0,0.1935,0.5,124.0,1.0,1.0
5a836a2d554299334474600f,chunk_packed_160,chunk,packed,0.0,0.0,0.0,0.0,0.1783,0.5,157.0,1.0,1.0
5a78d01d55429974737f78b3,chunk_packed_160,chunk,packed,1.0,1.0,1.0,1.0,0.6333,1.0,150.0,1.0,1.0
5ae46c9d5542996836b02c9d,chunk_packed_160,chunk,packed,0.0,0.6667,1.0,1.0,0.3775,0.5,151.0,1.0,1.0
5a80e03e55429938b614222c,chunk_packed_160,chunk,packed,0.0,0.0,0.0,0.0,0.5986,0.5,142.0,1.0,1.0
5a7270395542992359bc30a8,chunk_packed_160,chunk,packed,0.0,0.0,0.0,0.5,0.0,0.0,145.0,0.5,0.0
5ab8261655429934fafe6cf1,chunk_packed_160,chunk,packed,0.0,0.0,0.0,0.0,0.2148,0.5,149.0,0.5,0.0
5abc41315542993a06baf8bb,chunk_packed_160,chunk,packed,0.0,0.0,0.0,0.0,0.2968,0.5,155.0,1.0,1.0
5abd455c55429924427fcf5a,chunk_packed_160,chunk,packed,0.0,0.0,1.0,1.0,0.5563,1.0,160.0,1.0,1.0
5ab97d0a5542996be202051e,chunk_packed_160,chunk,packed,1.0,1.0,1.0,1.0,0.4336,1.0,143.0,1.0,1.0
5a7a96555542990198eaf159,chunk_packed_160,chunk,packed,0.0,0.6667,0.0,0.5,0.5,0.5,146.0,1.0,1.0
5a8c7057554299653c1aa066,chunk_packed_160,chunk,packed,0.0,0.6667,1.0,1.0,0.6667,1.0,144.0,1.0,1.0
5a7663665542992d0ec060d3,chunk_packed_160,chunk,packed,0.0,0.2857,0.0,0.75,0.2394,0.5,142.0,1.0,1.0
5abd920e55429924427fd05d,chunk_packed_160,chunk,packed,0.0,0.0,0.0,0.0,0.2166,1.0,157.0,1.0,1.0
5ae47ae05542995ad6573d4f,chunk_packed_160,chunk,packed,1.0,1.0,1.0,1.0,0.1835,0.5,158.0,1.0,1.0
5ae25ed15542992decbdccd2,chunk_packed_160,chunk,packed,0.0,0.0,0.0,0.0,0.0974,0.5,154.0,1.0,1.0
5a8b7e9c5542995d1e6f13c1,chunk_packed_160,chunk,packed,0.0,0.0,0.0,0.5,0.5064,1.0,156.0,1.0,1.0
5a7265a95542992359bc307a,chunk_packed_160,chunk,packed,0.0,0.0,0.0,0.5,0.2721,0.5,147.0,1.0,1.0
5add889b5542997545bbbd68,chunk_packed_160,chunk,packed,0.0,0.0,1.0,1.0,0.5161,0.5,155.0,0.5,0.0
5abed7d75542990832d3a0f7,chunk_packed_160,chunk,packed,0.0,0.6667,1.0,1.0,0.4755,0.5,143.0,0.5,0.0
5ab8c3c65542991b5579effd,chunk_packed_160,chunk,packed,1.0,1.0,1.0,1.0,0.3684,1.0,152.0,1.0,1.0
5ae6179b5542992663a4f25b,chunk_packed_160,chunk,packed,0.0,0.0,1.0,1.0,0.3618,0.5,152.0,1.0,1.0
5a80838d5542992bc0c4a745,chunk_packed_160,chunk,packed,1.0,1.0,1.0,1.0,0.6733,1.0,150.0,1.0,1.0
5a7cd7f055429909bec7683e,chunk_packed_160,chunk,packed,1.0,1.0,1.0,1.0,0.5031,0.5,159.0,1.0,1.0
5ac3a10b5542995ef918c1c3,chunk_packed_160,chunk,packed,1.0,1.0,1.0,1.0,0.4906,0.5,159.0,1.0,1.0
5ab8764155429919ba4e22fe,chunk_packed_160,chunk,packed,0.0,0.0,1.0,1.0,0.5177,0.5,141.0,1.0,1.0
5a7cf4e355429907fabef062,chunk_packed_160,chunk,packed,0.0,0.6667,1.0,1.0,0.5346,1.0,159.0,1.0,1.0
5a8f06075542995b44241f2d,chunk_packed_160,chunk,packed,0.0,0.5,0.0,0.5,0.1899,0.5,158.0,1.0,1.0
5ac09da45542996f0d89cc1d,chunk_packed_160,chunk,packed,1.0,1.0,1.0,1.0,0.4,1.0,160.0,1.0,1.0
5a8a4b9955429930ff3c0d88,chunk_packed_160,chunk,packed,0.0,0.0,0.0,0.0,0.2897,0.5,145.0,0.5,0.0
5a8b7d925542995d1e6f13bd,chunk_packed_160,chunk,packed,0.0,0.0,1.0,1.0,0.5875,1.0,160.0,1.0,1.0
5a8a09ff5542992d82986e6b,chunk_packed_160,chunk,packed,0.0,0.0,0.0,0.0,0.3462,0.5,156.0,0.5,0.0
5ab2d65e554299545a2cfabe,chunk_packed_160,chunk,packed,0.0,0.0,0.0,0.0,0.1837,0.5,147.0,0.5,0.0
5a711cb45542994082a3e59f,chunk_packed_160,chunk,packed,0.0,0.0,1.0,1.0,0.7063,1.0,160.0,1.0,1.0
5a746ddc55429929fddd8423,chunk_packed_160,chunk,packed,0.0,0.0,1.0,1.0,0.6901,0.5,142.0,0.5,0.0
5ae4b55455429913cc2044db,chunk_packed_160,chunk,packed,1.0,1.0,1.0,1.0,0.5714,0.5,140.0,1.0,1.0
5ab6087a554299110f2199be,chunk_packed_160,chunk,packed,0.0,0.0,0.0,0.0,0.4437,1.0,160.0,1.0,1.0
5adfc06d55429906c02daa2a,chunk_packed_160,chunk,packed,0.0,0.0,1.0,1.0,0.2436,0.5,156.0,1.0,1.0
5adf51e05542995534e8c78a,chunk_packed_160,chunk,packed,0.0,0.4,0.0,0.3333,0.4467,1.0,150.0,1.0,1.0
5ab4482b55429942dd415f09,chunk_packed_160,chunk,packed,0.0,0.75,0.0,0.2,0.1835,0.5,158.0,1.0,1.0
5abfa0285542990832d3a171,chunk_packed_160,chunk,packed,1.0,1.0,1.0,1.0,0.535,1.0,157.0,1.0,1.0
5a8b1a925542997f31a41c6e,chunk_packed_160,chunk,packed,1.0,1.0,1.0,1.0,0.3228,0.5,158.0,1.0,1.0
5a7fc03d5542992097ad2fbc,chunk_packed_160,chunk,packed,0.0,0.0,1.0,1.0,0.3636,0.5,143.0,1.0,1.0
5ae5ead6554299546bf82fd0,chunk_packed_160,chunk,packed,1.0,1.0,1.0,1.0,0.4527,0.5,148.0,1.0,1.0
5ae6371155429929b0807af1,chunk_packed_160,chunk,packed,1.0,1.0,1.0,1.0,0.5674,0.5,141.0,1.0,1.0
5a80f4c2554299260e20a1da,chunk_packed_160,chunk,packed,0.0,0.0,0.0,0.0,0.1911,0.5,157.0,1.0,1.0
5ac38bf355429939154137ba,chunk_packed_160,chunk,packed,0.0,0.0,0.0,0.5,0.6863,1.0,153.0,1.0,1.0
5ae26c795542992decbdccfb,chunk_packed_160,chunk,packed,0.0,0.0,1.0,1.0,0.3595,0.5,153.0,0.5,0.0
5ae51fa25542992663a4f11f,chunk_packed_160,chunk,packed,0.0,0.0,0.0,0.25,0.6433,1.0,157.0,1.0,1.0
5ae13bf1554299422ee99634,chunk_packed_160,chunk,packed,1.0,1.0,1.0,1.0,0.4688,1.0,160.0,1.0,1.0
5a79e7b45542994f819ef0ff,chunk_packed_160,chunk,packed,0.0,0.0,0.0,0.0,0.4138,0.5,145.0,0.5,0.0
5a8ee7c95542990e94052bb1,chunk_packed_160,chunk,packed,0.0,0.0,0.0,0.0,0.1586,0.5,145.0,1.0,1.0
5a8bc0485542995d1e6f143d,chunk_packed_160,chunk,packed,0.0,0.0,1.0,1.0,0.2903,1.0,155.0,1.0,1.0
5adf3c155542993a75d2643a,chunk_packed_160,chunk,packed,0.0,0.0,0.0,0.0,0.4052,0.5,153.0,0.5,0.0
5ab84bab55429934fafe6d49,chunk_packed_160,chunk,packed,0.0,0.0,0.0,0.0,0.3947,0.5,152.0,1.0,1.0
5abb4b4a5542993f40c73aea,chunk_packed_160,chunk,packed,1.0,1.0,1.0,1.0,0.2642,0.5,159.0,1.0,1.0
5ae4885e55429970de88d99d,chunk_packed_160,chunk,packed,0.0,0.0,0.0,0.3333,0.4621,0.5,145.0,1.0,1.0
5adf53dc5542995534e8c791,chunk_packed_160,chunk,packed,1.0,1.0,1.0,1.0,0.5467,1.0,150.0,1.0,1.0
5a7a70b355429941d65f2647,chunk_packed_160,chunk,packed,1.0,1.0,1.0,1.0,0.5125,1.0,160.0,1.0,1.0
5a8911ad554299515336129c,chunk_packed_160,chunk,packed,1.0,1.0,1.0,1.0,0.6345,1.0,145.0,1.0,1.0
5ae6911955429908198fa626,chunk_packed_160,chunk,packed,0.0,0.0,0.0,0.3333,0.4026,1.0,154.0,1.0,1.0
5a843de75542992ef85e23b4,chunk_packed_160,chunk,packed,0.0,0.0,0.0,0.0,0.0,0.0,142.0,0.5,0.0
5a7d22dc5542995ed0d16600,chunk_packed_160,chunk,packed,0.0,0.0,1.0,1.0,0.8931,1.0,159.0,1.0,1.0
5a8a1a9c5542992d82986ebb,chunk_packed_160,chunk,packed,0.0,0.0,0.0,0.0,0.3706,0.5,143.0,1.0,1.0
5a8f7c9a55429918e830d239,chunk_packed_160,chunk,packed,0.0,0.0,1.0,1.0,0.68,1.0,150.0,1.0,1.0
5ab92f1f554299753720f77b,chunk_packed_160,chunk,packed,0.0,0.6667,1.0,1.0,0.255,0.5,149.0,1.0,1.0
5a761e855542994ccc9186e0,chunk_packed_160,chunk,packed,0.0,0.0,0.0,0.6667,0.6644,1.0,149.0,1.0,1.0
5a7a01b15542996c55b2dcd1,chunk_packed_160,chunk,packed,0.0,0.0,0.0,0.6667,0.3442,0.5,154.0,1.0,1.0
5a733b835542991f9a20c6b2,chunk_packed_160,chunk,packed,1.0,1.0,1.0,1.0,0.2785,0.5,158.0,0.5,0.0
5ae04ea555429924de1b709e,chunk_packed_160,chunk,packed,0.0,0.0,0.0,0.0,0.1783,0.5,157.0,0.5,0.0
5abd2eab5542992ac4f38210,chunk_packed_160,chunk,packed,0.0,0.0,0.0,0.0,0.2092,0.5,153.0,1.0,1.0
5a81e097554299676cceb129,chunk_packed_160,chunk,packed,0.0,0.8571,1.0,1.0,0.5804,1.0,143.0,1.0,1.0
5ab6faec5542991d32223708,chunk_packed_160,chunk,packed,0.0,0.7143,0.0,0.4286,0.0,0.0,153.0,1.0,1.0
5a753c8c55429916b01642ab,chunk_packed_160,chunk,packed,0.0,0.0,1.0,1.0,0.5669,1.0,157.0,1.0,1.0
5ae22ede554299234fd0441b,chunk_packed_160,chunk,packed,0.0,0.0,0.0,0.0,0.1355,0.5,155.0,0.5,0.0
5a8b40b055429949d91db50c,chunk_packed_160,chunk,packed,0.0,0.0,1.0,1.0,0.5473,0.5,148.0,1.0,1.0
5ade8ad95542992fa25da7b8,chunk_packed_160,chunk,packed,0.0,0.0,1.0,1.0,0.6107,1.0,149.0,1.0,1.0
5a7b971255429927d897bff3,chunk_packed_160,chunk,packed,0.0,0.0,0.0,0.0,0.7303,1.0,152.0,1.0,1.0
5ae2c4b8554299495565db31,chunk_packed_160,chunk,packed,0.0,0.0,0.0,0.0,0.0,0.0,153.0,0.5,0.0
5ac508205542994611c8b32e,chunk_packed_160,chunk,packed,0.0,0.0,1.0,1.0,0.3145,0.5,159.0,1.0,1.0
5a74c85055429916b0164218,chunk_packed_160,chunk,packed,0.0,0.8,1.0,1.0,0.4867,1.0,150.0,1.0,1.0
5a75642c5542996c70cfaeed,chunk_packed_160,chunk,packed,0.0,0.0,0.0,0.0,0.0,0.0,150.0,0.5,0.0
5ae6dd745542996d980e7ca0,chunk_packed_160,chunk,packed,0.0,0.0,0.0,0.0,0.0,0.0,158.0,0.5,0.0
5a74d64055429916b0164223,chunk_packed_160,chunk,packed,1.0,1.0,1.0,1.0,0.2837,0.5,141.0,0.5,0.0
5a7a616355429941d65f25f7,chunk_packed_160,chunk,packed,0.0,0.0,0.0,0.5,0.4808,1.0,156.0,1.0,1.0
5aba9813554299232ef4a357,chunk_packed_160,chunk,packed,1.0,1.0,1.0,1.0,0.3108,0.5,148.0,1.0,1.0
5ae5669755429960a22e02ec,chunk_packed_160,chunk,packed,0.0,0.5,1.0,1.0,0.6369,1.0,157.0,1.0,1.0
5a79e1275542990198eaefe7,chunk_packed_160,chunk,packed,0.0,0.0,0.0,0.3333,0.3288,0.5,146.0,0.5,0.0
5a9064c755429916514e74a6,chunk_packed_160,chunk,packed,1.0,1.0,1.0,1.0,0.3648,1.0,159.0,1.0,1.0
5a872e8e5542991e7718170c,chunk_packed_160,chunk,packed,0.0,0.0,0.0,0.0,0.2368,0.5,152.0,1.0,1.0
5ae6453e55429908198fa56c,chunk_packed_160,chunk,packed,0.0,0.0,0.0,0.0,0.1558,0.5,154.0,1.0,1.0
5a90970d5542995651fb51a5,chunk_packed_160,chunk,packed,0.0,0.0,0.0,0.0,0.2876,0.5,153.0,0.5,0.0
5ae15ae25542990adbacf767,chunk_packed_160,chunk,packed,1.0,1.0,1.0,1.0,0.3514,0.5,148.0,1.0,1.0
5a7e08b55542997cc2c474fe,chunk_packed_160,chunk,packed,1.0,1.0,1.0,1.0,0.4706,0.5,153.0,1.0,1.0
5ab30336554299166977417c,chunk_packed_160,chunk,packed,0.0,0.0,0.0,0.5,0.2263,0.5,137.0,0.5,0.0
5a83b4d35542996488c2e495,chunk_packed_160,chunk,packed,1.0,1.0,1.0,1.0,0.4167,0.5,144.0,1.0,1.0
5ab416a25542996a3a969f28,chunk_packed_160,chunk,packed,0.0,0.0,1.0,1.0,0.6867,1.0,150.0,1.0,1.0
5a7147fd5542994082a3e758,chunk_packed_160,chunk,packed,0.0,0.0,0.0,0.3333,0.2645,0.5,155.0,1.0,1.0
5ae0413555429942ec259c61,chunk_packed_160,chunk,packed,1.0,1.0,1.0,1.0,0.5584,0.5,154.0,1.0,1.0
5ae47cab5542996836b02cb9,chunk_packed_160,chunk,packed,1.0,1.0,0.0,0.0,0.1346,0.5,156.0,0.5,0.0
5abdbf3755429933744ab818,chunk_packed_160,chunk,packed,0.0,0.0,0.0,0.0,0.451,1.0,153.0,1.0,1.0
5ae0968955429924de1b7105,chunk_packed_160,chunk,packed,0.0,0.0,1.0,1.0,0.3553,1.0,152.0,1.0,1.0
5ab48f245542990594ba9c66,chunk_packed_160,chunk,packed,0.0,0.0,0.0,0.0,0.3882,0.5,152.0,1.0,1.0
5ae5faf555429929b0807a4c,chunk_packed_160,chunk,packed,0.0,0.0,1.0,1.0,0.442,1.0,138.0,1.0,1.0
5a7c53a855429935c91b515d,chunk_packed_160,chunk,packed,1.0,1.0,1.0,1.0,0.2468,0.5,154.0,0.5,0.0
5ae51b495542993aec5ec146,chunk_packed_160,chunk,packed,1.0,1.0,1.0,1.0,0.4688,0.5,160.0,1.0,1.0
5ade8f5955429975fa854f10,chunk_packed_160,chunk,packed,0.0,0.0,1.0,1.0,0.4156,0.5,154.0,1.0,1.0
5ab64cfa55429953192ad2b7,chunk_packed_160,chunk,packed,0.0,0.0,1.0,1.0,0.2885,1.0,156.0,1.0,1.0
5a8fae205542997ba9cb32ec,chunk_packed_160,chunk,packed,0.0,0.0,0.0,0.0,0.2329,0.5,146.0,0.5,0.0
5abb7d8b5542996cc5e4a006,chunk_packed_160,chunk,packed,1.0,1.0,1.0,1.0,0.5253,1.0,158.0,1.0,1.0
5add47bf5542992200553a7f,chunk_packed_160,chunk,packed,0.0,0.0,0.0,0.0,0.5643,1.0,140.0,1.0,1.0
5a7128b05542994082a3e5f2,chunk_packed_160,chunk,packed,1.0,1.0,1.0,1.0,0.6981,1.0,159.0,1.0,1.0
5ade04465542990dbb2f7f2f,chunk_packed_160,chunk,packed,1.0,1.0,1.0,1.0,0.4843,1.0,159.0,1.0,1.0
5ab431d855429942dd415ed2,chunk_packed_160,chunk,packed,0.0,0.0,1.0,1.0,0.5127,0.5,158.0,0.5,0.0
5a8c6342554299240d9c214a,chunk_packed_160,chunk,packed,1.0,1.0,1.0,1.0,0.6792,1.0,159.0,1.0,1.0
5adc75525542994650320d0e,chunk_packed_160,chunk,packed,1.0,1.0,0.0,0.0,0.2292,0.5,144.0,1.0,1.0
5a85d25b5542996432c570ee,chunk_packed_160,chunk,packed,0.0,0.6667,1.0,1.0,0.329,1.0,155.0,1.0,1.0
5a7183575542994082a3e85e,chunk_packed_160,chunk,packed,0.0,0.0,0.0,0.0,0.2722,0.5,158.0,1.0,1.0
5adebea1554299728e26c7b6,chunk_packed_160,chunk,packed,0.0,0.0,0.0,0.0,0.175,0.5,160.0,0.5,0.0
5a80a25d5542995d8a8ddfb7,chunk_packed_160,chunk,packed,0.0,0.0,0.0,0.0,0.2548,0.5,157.0,0.5,0.0
5a778b1e55429949eeb29ee3,chunk_packed_160,chunk,packed,0.0,0.0,1.0,1.0,0.6892,1.0,148.0,1.0,1.0
5ae6860e5542991bbc976112,chunk_packed_160,chunk,packed,0.0,0.0,0.0,0.1667,0.2585,0.5,147.0,1.0,1.0
5a7e058f5542995f4f402390,chunk_packed_160,chunk,packed,1.0,1.0,1.0,1.0,0.3595,0.5,153.0,1.0,1.0
5ab2a8b655429929539467ab,chunk_packed_160,chunk,packed,1.0,1.0,1.0,1.0,0.5166,1.0,151.0,1.0,1.0
5a8e06785542995085b37383,chunk_packed_160,chunk,packed,0.0,0.0,0.0,0.0,0.2109,0.5,147.0,1.0,1.0
5a7eb22655429930675135cb,chunk_packed_160,chunk,packed,0.0,0.0,1.0,1.0,0.6538,0.5,156.0,0.5,0.0
5ab298fb554299449642c922,chunk_packed_160,chunk,packed,1.0,1.0,1.0,1.0,0.3861,0.5,158.0,1.0,1.0
5ab27287554299722f9b4d2c,chunk_packed_160,chunk,packed,1.0,1.0,1.0,1.0,0.6818,1.0,154.0,1.0,1.0
5ae0f2bf5542997b2ef7d09e,chunk_packed_160,chunk,packed,1.0,1.0,1.0,1.0,0.5414,1.0,157.0,1.0,1.0
5a838fcd5542992ef85e2305,chunk_packed_160,chunk,packed,0.0,0.0,0.0,0.6667,0.3067,0.5,150.0,0.5,0.0
5a79caec5542994bb94570ad,chunk_packed_160,chunk,packed,0.0,0.0,1.0,1.0,0.5374,1.0,147.0,1.0,1.0
5a73266d5542994cef4bc47d,chunk_packed_160,chunk,packed,1.0,1.0,1.0,1.0,0.34,0.5,150.0,1.0,1.0
5a8de02b554299068b959e13,chunk_packed_160,chunk,packed,0.0,0.0,1.0,1.0,0.6516,1.0,155.0,1.0,1.0
5a89ba6b554299669944a584,chunk_packed_160,chunk,packed,1.0,1.0,1.0,1.0,0.5775,0.5,142.0,1.0,1.0
5ae4ea2a5542993aec5ec0ee,chunk_packed_160,chunk,packed,0.0,0.0,0.0,0.25,0.0,0.0,151.0,0.5,0.0
5a7796e05542992a6e59df0f,chunk_packed_160,chunk,packed,1.0,1.0,1.0,1.0,0.3169,0.5,142.0,1.0,1.0
5ab8627f5542990e739ec8da,chunk_packed_160,chunk,packed,0.0,0.0,0.0,0.3333,0.1867,0.5,150.0,1.0,1.0
5a7456ec55429979e288290f,chunk_packed_160,chunk,packed,1.0,1.0,1.0,1.0,0.375,0.5,160.0,1.0,1.0
5abc6fba554299700f9d78c7,chunk_packed_160,chunk,packed,1.0,1.0,1.0,1.0,0.5975,1.0,159.0,1.0,1.0
5ae1500655429920d52343cc,chunk_packed_160,chunk,packed,0.0,0.6667,1.0,1.0,0.1883,1.0,154.0,1.0,1.0
5a8c5569554299240d9c2126,chunk_packed_160,chunk,packed,0.0,0.0,0.0,0.0,0.507,1.0,142.0,1.0,1.0
5a7cffb755429907fabef09f,chunk_packed_160,chunk,packed,0.0,0.0,0.0,0.0,0.1519,0.5,158.0,0.5,0.0
5abdaa0f55429965af743dad,chunk_packed_160,chunk,packed,0.0,0.6667,0.0,0.6667,0.2704,0.5,159.0,0.5,0.0
5add00805542992c1e3a2504,chunk_packed_160,chunk,packed,1.0,1.0,1.0,1.0,0.549,1.0,153.0,1.0,1.0
5a8af11a55429950cd6afc21,chunk_packed_160,chunk,packed,0.0,0.0,0.0,0.0,0.0,0.0,150.0,0.5,0.0
5ac34994554299741d48a242,chunk_packed_160,chunk,packed,1.0,1.0,1.0,1.0,0.7095,1.0,148.0,1.0,1.0
5ab3e45655429976abd1bcd4,chunk_packed_160,chunk,packed,0.0,0.0,0.0,0.3333,0.1987,0.5,151.0,0.5,0.0
5a77ace855429967ab105223,chunk_packed_160,chunk,packed,1.0,1.0,1.0,1.0,0.56,1.0,150.0,1.0,1.0
5a802b595542995d8a8ddf51,chunk_packed_160,chunk,packed,0.0,0.0,1.0,1.0,0.0,0.0,158.0,0.5,0.0
5a8501915542997175ce1f5a,chunk_packed_160,chunk,packed,1.0,1.0,0.0,0.0,0.3688,1.0,160.0,1.0,1.0
5ab5f75e554299637185c64b,chunk_packed_160,chunk,packed,0.0,0.0,0.0,0.0,0.4591,1.0,159.0,1.0,1.0
5a9068075542990a9849361a,chunk_packed_160,chunk,packed,0.0,0.0,0.0,0.125,0.4581,0.5,155.0,1.0,1.0
5ae676915542995703ce8b66,chunk_packed_160,chunk,packed,1.0,1.0,1.0,1.0,0.1304,0.5,138.0,0.5,0.0
5ae39e9c5542990afbd1e195,chunk_packed_160,chunk,packed,1.0,1.0,1.0,1.0,0.2867,0.5,150.0,0.5,0.0
5ae76d185542997ec2727641,chunk_packed_160,chunk,packed,0.0,0.0,0.0,0.0,0.1699,0.5,153.0,0.5,0.0
5a8a17685542993b751ca9f3,chunk_packed_160,chunk,packed,0.0,0.0,1.0,1.0,0.8271,1.0,133.0,1.0,1.0
5abbcba05542992ccd8e7fa3,chunk_packed_160,chunk,packed,0.0,0.0,0.0,0.0,0.5503,1.0,149.0,1.0,1.0
5a8b515e55429971feec46bb,chunk_packed_160,chunk,packed,0.0,0.6667,1.0,1.0,0.1046,0.5,153.0,1.0,1.0
5ae22895554299495565da0c,chunk_packed_160,chunk,packed,0.0,0.0,0.0,0.0,0.0,0.0,144.0,1.0,1.0
5a83dd2c554299334474609e,chunk_packed_160,chunk,packed,0.0,0.0,0.0,0.0909,0.0,0.0,150.0,0.0,0.0
5abb76fa5542992ccd8e7f48,chunk_packed_160,chunk,packed,0.0,0.0,0.0,0.0,0.6218,1.0,156.0,1.0,1.0
5ab4eecb55429942dd415faa,chunk_packed_160,chunk,packed,0.0,0.0,0.0,0.0,0.34,0.5,150.0,1.0,1.0
5ae0b9b155429924de1b7152,chunk_packed_160,chunk,packed,0.0,0.0,0.0,0.0,0.1962,0.5,158.0,1.0,1.0
5a90629855429916514e749e,chunk_packed_160,chunk,packed,0.0,0.0,0.0,0.0,0.0,0.0,135.0,0.5,0.0
5a7a4f335542990198eaf11e,chunk_packed_160,chunk,packed,0.0,0.0,1.0,1.0,0.461,1.0,154.0,1.0,1.0
5ab674b7554299110f219a0c,chunk_packed_160,chunk,packed,0.0,0.0,1.0,1.0,0.3861,0.5,158.0,1.0,1.0
5ae406f055429970de88d874,chunk_packed_160,chunk,packed,1.0,1.0,1.0,1.0,0.5789,1.0,133.0,1.0,1.0
5a75441c55429916b01642cf,chunk_packed_160,chunk,packed,1.0,1.0,1.0,1.0,0.4483,1.0,145.0,1.0,1.0
5a8307c055429966c78a6af9,chunk_packed_160,chunk,packed,0.0,0.0,0.0,0.6667,0.5778,0.5,135.0,1.0,1.0
5ae077805542993d6555eb6e,chunk_packed_160,chunk,packed,1.0,1.0,0.0,0.0,0.5535,1.0,159.0,1.0,1.0
5a7f19eb55429934daa2fcdb,chunk_packed_160,chunk,packed,1.0,1.0,1.0,1.0,0.6691,1.0,139.0,1.0,1.0
5adc1ae5554299438c868d5c,chunk_packed_160,chunk,packed,0.0,0.0,1.0,1.0,0.4966,1.0,149.0,1.0,1.0
5ae446175542995ad6573d1f,chunk_packed_160,chunk,packed,0.0,0.0,1.0,1.0,0.3942,0.5,137.0,0.5,0.0
5ac2eec55542990b17b154c1,chunk_packed_160,chunk,packed,0.0,0.5,0.0,0.3333,0.281,0.5,153.0,1.0,1.0
5a836a765542996488c2e446,chunk_packed_160,chunk,packed,0.0,0.0,0.0,0.0,0.2975,0.5,158.0,1.0,1.0
5ae614215542992663a4f254,chunk_packed_160,chunk,packed,1.0,1.0,1.0,1.0,0.2342,0.5,158.0,0.5,0.0
5ade15a45542997545bbbe46,chunk_packed_160,chunk,packed,0.0,0.0,0.0,0.0,0.4038,1.0,156.0,1.0,1.0
5ac0641f554299294b218fbe,chunk_packed_160,chunk,packed,1.0,1.0,1.0,1.0,0.6456,1.0,158.0,1.0,1.0
5a7143625542994082a3e71e,chunk_packed_160,chunk,packed,0.0,0.0,1.0,1.0,0.0,0.0,141.0,0.5,0.0
5a8c51f0554299240d9c2111,chunk_packed_160,chunk,packed,0.0,0.8,0.0,0.6667,0.2466,0.5,146.0,1.0,1.0
5a8719fa55429960ec39b742,chunk_packed_160,chunk,packed,0.0,0.3333,1.0,1.0,0.3826,0.5,149.0,1.0,1.0
5ab67f4c55429953192ad2d9,chunk_packed_160,chunk,packed,1.0,1.0,1.0,1.0,0.2089,0.5,158.0,1.0,1.0
5a7326cd5542991f29ee2d11,chunk_packed_160,chunk,packed,1.0,1.0,1.0,1.0,0.7426,1.0,136.0,1.0,1.0
5ae0f4645542997b2ef7d0aa,chunk_packed_160,chunk,packed,0.0,0.6667,1.0,1.0,0.4338,0.5,136.0,1.0,1.0
5a8c5c6f554299653c1aa04d,chunk_packed_160,chunk,packed,0.0,0.0,0.0,0.0,0.5031,0.5,159.0,1.0,1.0
5abdb8ba5542993f32c2a015,chunk_packed_160,chunk,packed,0.0,0.0,1.0,1.0,0.5472,1.0,159.0,1.0,1.0
5ac11037554299294b21907a,chunk_packed_160,chunk,packed,0.0,0.6667,0.0,0.75,0.4189,0.5,148.0,0.5,0.0
5ab833ad5542990e739ec86f,chunk_packed_160,chunk,packed,0.0,0.0,0.0,0.0,0.1722,0.5,151.0,0.5,0.0
5a88f9555542995153361214,chunk_packed_160,chunk,packed,0.0,0.0,0.0,0.3333,0.0,0.0,151.0,0.5,0.0
5a7e23655542997cc2c47528,chunk_packed_160,chunk,packed,0.0,0.0,0.0,0.0,0.1806,0.5,155.0,0.5,0.0
5abfe2a15542997d6429591c,chunk_packed_160,chunk,packed,1.0,1.0,1.0,1.0,0.1437,0.5,160.0,1.0,1.0
5ae1fced5542997283cd230e,chunk_packed_160,chunk,packed,1.0,1.0,1.0,1.0,0.1401,0.5,157.0,1.0,1.0
5a74994a55429974ef308c2e,chunk_packed_160,chunk,packed,1.0,1.0,1.0,1.0,0.3087,0.5,149.0,1.0,1.0
5ae6f2a7554299572ea5464a,chunk_packed_160,chunk,packed,0.0,0.0,1.0,1.0,0.5839,1.0,149.0,1.0,1.0
5a7f3f7c55429934daa2fd45,chunk_packed_160,chunk,packed,1.0,1.0,1.0,1.0,0.4323,1.0,155.0,1.0,1.0
5a7543d555429916b01642ce,chunk_packed_160,chunk,packed,1.0,1.0,1.0,1.0,0.2375,0.5,160.0,1.0,1.0
5ab938db5542996be2020454,chunk_packed_160,chunk,packed,0.0,0.0,1.0,1.0,0.7296,1.0,159.0,1.0,1.0
5ae30d4b55429928c42395cc,chunk_packed_160,chunk,packed,0.0,0.0,1.0,1.0,0.391,1.0,133.0,1.0,1.0
5ae622495542995703ce8b20,chunk_packed_160,chunk,packed,0.0,0.6667,1.0,1.0,0.2941,0.5,153.0,0.5,0.0
5ae0fb8855429920d523425b,chunk_packed_160,chunk,packed,0.0,0.4,0.0,0.3333,0.2115,0.5,156.0,0.5,0.0
5ae665795542991bbc9760c9,chunk_packed_160,chunk,packed,0.0,0.0,0.0,0.0,0.2704,0.5,159.0,1.0,1.0
5a77b13655429967ab105235,chunk_packed_160,chunk,packed,0.0,0.8,0.0,1.0,0.3529,0.5,153.0,1.0,1.0
5ae5415055429908b63265b7,chunk_packed_160,chunk,packed,0.0,0.0,1.0,1.0,0.3046,0.5,151.0,1.0,1.0
5a7bb16f554299294a54aa9f,chunk_packed_160,chunk,packed,0.0,0.4,1.0,1.0,0.5478,1.0,157.0,1.0,1.0
5ab9b2c7554299743d22ebaf,chunk_packed_160,chunk,packed,0.0,0.0,0.0,0.0,0.5,1.0,150.0,1.0,1.0
5a7b12a355429927d897bf2a,chunk_packed_160,chunk,packed,0.0,0.0,1.0,1.0,0.6065,1.0,155.0,1.0,1.0
5addfe1c5542995b365fabaf,chunk_packed_160,chunk,packed,1.0,1.0,0.0,0.0,0.3333,1.0,159.0,1.0,1.0
5a8391f55542996488c2e45c,chunk_packed_160,chunk,packed,1.0,1.0,1.0,1.0,0.2614,1.0,153.0,1.0,1.0
5ab91b6c55429934fafe6e5f,chunk_packed_160,chunk,packed,0.0,0.6667,1.0,1.0,0.5395,1.0,152.0,1.0,1.0
5a72a0be5542992359bc3143,chunk_packed_160,chunk,packed,0.0,0.0,1.0,1.0,0.6846,1.0,149.0,1.0,1.0
5ae764a85542997b22f6a720,chunk_packed_160,chunk,packed,0.0,0.0,0.0,0.6667,0.5333,0.5,150.0,1.0,1.0
5adbfaa655429947ff173888,chunk_packed_160,chunk,packed,0.0,0.3077,1.0,1.0,0.7673,1.0,159.0,1.0,1.0
5a8bc1565542996e8ac88a0c,chunk_packed_160,chunk,packed,0.0,0.8333,1.0,1.0,0.4062,0.5,160.0,0.5,0.0
5ae236445542992decbdcc69,chunk_packed_160,chunk,packed,1.0,1.0,1.0,1.0,0.5486,0.5,144.0,1.0,1.0
5adf58f15542993a75d264d2,chunk_packed_160,chunk,packed,0.0,0.0,1.0,1.0,0.2938,0.5,160.0,0.5,0.0
5ae7281c5542991e8301cb69,chunk_packed_160,chunk,packed,0.0,0.0,0.0,0.0,0.5062,0.5,160.0,1.0,1.0
5ac42ae45542997ea680ca18,chunk_packed_160,chunk,packed,0.0,0.8,1.0,1.0,0.7067,1.0,150.0,1.0,1.0
5a7312675542994cef4bc43d,chunk_packed_160,chunk,packed,1.0,1.0,1.0,1.0,0.4562,1.0,160.0,1.0,1.0
5ab1d7ac554299449642c7e6,chunk_packed_160,chunk,packed,1.0,1.0,1.0,1.0,0.4076,1.0,157.0,1.0,1.0
5a8e482c5542995a26add4c3,chunk_packed_160,chunk,packed,0.0,0.25,0.0,0.0,0.2985,0.5,134.0,1.0,1.0
5a7f924c55429969796c1aba,chunk_packed_160,chunk,packed,0.0,0.0,0.0,0.5,0.2857,0.5,154.0,0.5,0.0
5addda1b5542992200553b55,chunk_packed_160,chunk,packed,1.0,1.0,1.0,1.0,1.0,1.0,136.0,1.0,1.0
5a7d043755429909bec768f7,chunk_packed_160,chunk,packed,0.0,0.4,1.0,1.0,0.3312,0.5,157.0,1.0,1.0
5a8089535542992bc0c4a762,chunk_packed_160,chunk,packed,1.0,1.0,1.0,1.0,0.5034,1.0,145.0,1.0,1.0
5abd049d5542992ac4f381a8,chunk_packed_160,chunk,packed,0.0,0.0,0.0,0.0,0.5897,1.0,156.0,1.0,1.0
5abbc7a055429931dba1451b,chunk_packed_160,chunk,packed,1.0,1.0,1.0,1.0,0.7255,1.0,153.0,1.0,1.0
5abdc18555429965af743e2b,chunk_packed_160,chunk,packed,0.0,0.0,1.0,1.0,0.7375,1.0,160.0,1.0,1.0
5adc3a7055429947ff173913,chunk_packed_160,chunk,packed,0.0,0.0,0.0,0.0,0.7958,1.0,142.0,1.0,1.0
5abbdb335542992ccd8e7fc1,chunk_packed_160,chunk,packed,0.0,0.0,0.0,0.0,0.4465,1.0,159.0,1.0,1.0
5ac1a5b45542991316484b8b,chunk_packed_160,chunk,packed,0.0,0.0,0.0,0.0,0.5541,1.0,157.0,1.0,1.0
5ac2616b5542996366519997,chunk_packed_160,chunk,packed,0.0,0.0,0.0,0.0,0.522,0.5,159.0,0.5,0.0
5ae3f6775542991a06ce9a3f,chunk_packed_160,chunk,packed,0.0,0.0,0.0,0.0,0.3333,0.5,156.0,1.0,1.0
5a8f15ec554299458435d552,chunk_packed_160,chunk,packed,1.0,1.0,1.0,1.0,0.7267,1.0,150.0,1.0,1.0
5a8db9b3554299068b959dde,chunk_packed_160,chunk,packed,0.0,0.0,1.0,1.0,0.391,1.0,133.0,1.0,1.0
5ab3f6b9554299753aec5a03,chunk_packed_160,chunk,packed,0.0,0.0,0.0,0.0,0.3038,0.5,158.0,0.5,0.0
5a736f7c5542991f29ee2e18,chunk_packed_160,chunk,packed,1.0,1.0,1.0,1.0,0.6301,1.0,146.0,1.0,1.0
5ae618535542995703ce8af7,chunk_packed_160,chunk,packed,0.0,0.1429,0.0,0.1111,0.1437,0.5,160.0,0.5,0.0
5a8b05c855429949d91db46a,chunk_packed_160,chunk,packed,0.0,0.0,1.0,1.0,0.4684,1.0,158.0,1.0,1.0
5ac1d40c5542994d76dccef5,chunk_packed_160,chunk,packed,0.0,0.0,0.0,0.0,0.0,0.0,157.0,0.5,0.0
5ae356045542990afbd1e10d,chunk_packed_160,chunk,packed,0.0,0.0,1.0,1.0,0.3529,0.5,153.0,0.5,0.0
5ae002ec55429925eb1afbdc,chunk_packed_160,chunk,packed,1.0,1.0,0.0,0.5,0.3151,0.5,146.0,0.5,0.0
5a89ddf25542992e4fca83ff,chunk_packed_160,chunk,packed,0.0,0.0,0.0,0.0,0.3899,0.5,159.0,1.0,1.0
5a903b7255429933b8a204ae,chunk_packed_160,chunk,packed,0.0,0.5,1.0,1.0,0.4094,1.0,149.0,1.0,1.0
5a84ac585542991dd0999d72,chunk_packed_160,chunk,packed,0.0,0.0,0.0,0.0,0.183,0.5,153.0,1.0,1.0
5a7cad635542996dd594b97f,chunk_packed_160,chunk,packed,0.0,0.0,1.0,1.0,0.4014,0.5,147.0,1.0,1.0
5a75da6d5542992db94736fa,chunk_packed_160,chunk,packed,0.0,0.8,1.0,1.0,0.5948,1.0,153.0,1.0,1.0
5ac4e13f554299076e296e2d,chunk_packed_160,chunk,packed,1.0,1.0,1.0,1.0,0.3567,1.0,157.0,1.0,1.0
5ab9b29c554299743d22ebae,chunk_packed_160,chunk,packed,1.0,1.0,0.0,0.3333,0.7107,1.0,159.0,1.0,1.0
5ae2295c554299495565da13,chunk_packed_160,chunk,packed,0.0,0.3333,1.0,1.0,0.4188,1.0,160.0,1.0,1.0
5abd44d955429933744ab760,chunk_packed_160,chunk,packed,0.0,0.0,1.0,1.0,0.5804,0.5,143.0,1.0,1.0
5ae096d755429906c02daadf,chunk_packed_160,chunk,packed,0.0,0.4,1.0,1.0,0.2418,0.5,153.0,1.0,1.0
5abea6a05542993f32c2a18d,chunk_packed_160,chunk,packed,1.0,1.0,1.0,1.0,0.4331,1.0,157.0,1.0,1.0
5ae1319c55429920d5234301,chunk_packed_160,chunk,packed,1.0,1.0,1.0,1.0,0.7834,1.0,157.0,1.0,1.0
5ab60aec554299110f2199c3,chunk_packed_160,chunk,packed,0.0,0.0,1.0,1.0,0.5641,1.0,156.0,1.0,1.0
5ae4e2ca55429908b63264aa,chunk_packed_160,chunk,packed,1.0,1.0,1.0,1.0,0.5065,1.0,154.0,1.0,1.0
5ae25d2b554299495565da46,chunk_packed_160,chunk,packed,0.0,0.0,0.0,0.0,0.4266,0.5,143.0,1.0,1.0
5ade630e55429975fa854eb7,chunk_packed_160,chunk,packed,0.0,0.0,1.0,1.0,0.5127,0.5,158.0,1.0,1.0
5ab6be2f55429954757d335c,chunk_packed_160,chunk,packed,0.0,0.0,0.0,1.0,0.774,1.0,146.0,1.0,1.0
5a74a62b55429916b01641a0,chunk_packed_160,chunk,packed,0.0,0.5714,0.0,0.8,0.3333,1.0,147.0,1.0,1.0
5abcf299554299700f9d7936,chunk_packed_160,chunk,packed,0.0,0.0,0.0,0.0,0.2434,0.5,152.0,1.0,1.0
5adc6eb65542994650320cf3,chunk_packed_160,chunk,packed,0.0,0.0,0.0,0.0,0.1308,0.5,130.0,1.0,1.0
5ac1767a5542994d76dcce48,chunk_packed_160,chunk,packed,0.0,0.0,0.0,0.0,0.5563,0.5,151.0,0.5,0.0
5ab5dc44554299494045f089,chunk_packed_160,chunk,packed,1.0,1.0,1.0,1.0,0.4528,1.0,159.0,1.0,1.0
5a8f5273554299458435d5b1,chunk_packed_160,chunk,packed,0.0,0.0,0.0,0.0,0.0,0.0,151.0,0.5,0.0
5addeb685542992200553bb1,chunk_packed_160,chunk,packed,0.0,0.6667,1.0,1.0,0.4,1.0,160.0,1.0,1.0
5a870a8e55429960ec39b707,chunk_packed_160,chunk,packed,0.0,0.0,0.0,0.3333,0.025,0.5,160.0,1.0,1.0
5a77ddb855429967ab1052d8,chunk_packed_160,chunk,packed,0.0,0.5714,0.0,0.4,0.3333,0.5,135.0,1.0,1.0
5ab38cdd5542992ade7c6de2,chunk_packed_160,chunk,packed,1.0,1.0,1.0,1.0,0.5975,1.0,159.0,1.0,1.0
5a8f24cc55429924144829e7,chunk_packed_160,chunk,packed,0.0,0.0,1.0,1.0,0.5634,1.0,142.0,1.0,1.0
5ac401bb55429919431738f4,chunk_packed_160,chunk,packed,1.0,1.0,1.0,1.0,0.3354,0.5,158.0,0.5,0.0
5ab4b7d15542996a3a969fbc,chunk_packed_160,chunk,packed,1.0,1.0,0.0,0.0,0.4122,0.5,148.0,1.0,1.0
5a78f18855429974737f7915,chunk_packed_160,chunk,packed,0.0,0.3333,0.0,0.0,0.1824,0.5,159.0,0.5,0.0
5a76394c5542994ccc918725,chunk_packed_160,chunk,packed,0.0,0.0,0.0,0.0,0.3056,0.5,144.0,0.5,0.0
5a78e49855429974737f78f3,chunk_packed_160,chunk,packed,0.0,0.0,0.0,0.0,0.5359,0.5,153.0,1.0,1.0
5a8fdb955542990a98493572,chunk_packed_160,chunk,packed,1.0,1.0,1.0,1.0,0.518,1.0,139.0,1.0,1.0
5a7b9f1f554299294a54aa2a,chunk_packed_160,chunk,packed,0.0,0.0,1.0,1.0,0.5789,1.0,152.0,1.0,1.0
5adc396155429944faac2479,chunk_packed_160,chunk,packed,0.0,0.0,0.0,0.0,0.3245,1.0,151.0,1.0,1.0
5a75357c5542996c70cfaeab,chunk_packed_160,chunk,packed,1.0,1.0,0.0,0.0,0.2752,0.5,149.0,1.0,1.0
5ac312ee5542995ef918c0ec,chunk_packed_160,chunk,packed,0.0,0.0,0.0,0.0,0.5948,1.0,153.0,1.0,1.0
5add38355542990dbb2f7dd0,chunk_packed_160,chunk,packed,0.0,0.0,1.0,1.0,0.1712,0.5,146.0,0.5,0.0
5ac471a5554299194317399a,chunk_packed_160,chunk,packed,0.0,0.0,0.0,0.0,0.6014,0.5,138.0,0.5,0.0
5a70f1685542994082a3e40f,chunk_packed_160,chunk,packed,0.0,0.0,0.0,0.6667,0.5875,1.0,160.0,1.0,1.0
5ab5f372554299488d4d9a60,chunk_packed_160,chunk,packed,0.0,0.5263,1.0,1.0,0.7959,1.0,147.0,1.0,1.0
5a7e1cd955429965cec5ea76,chunk_packed_160,chunk,packed,0.0,0.0,0.0,0.3333,0.0,0.0,151.0,0.0,0.0
5adce3265542992c1e3a2466,chunk_packed_160,chunk,packed,0.0,0.0,0.0,0.3333,0.225,0.5,160.0,0.5,0.0
5a8adc935542992d82986fb0,chunk_packed_160,chunk,packed,0.0,0.0,1.0,1.0,0.3376,1.0,157.0,1.0,1.0
5a73bddb55429978a71e909d,chunk_packed_160,chunk,packed,1.0,1.0,1.0,1.0,0.7261,1.0,157.0,1.0,1.0
5ae5736e5542990ba0bbb2b3,chunk_packed_160,chunk,packed,0.0,0.0,0.0,0.0,0.5,1.0,160.0,1.0,1.0
5a8d4cf35542994ba4e3dc5f,chunk_packed_160,chunk,packed,0.0,0.0,0.0,0.0,0.0,0.0,147.0,0.0,0.0
5a9023d355429916514e742f,chunk_packed_160,chunk,packed,0.0,0.0,0.0,0.0,0.2895,0.5,152.0,0.5,0.0
5adfad2b554299603e41835c,chunk_packed_160,chunk,packed,1.0,1.0,1.0,1.0,0.3291,1.0,158.0,1.0,1.0
5a8cddd1554299441c6b9f3a,chunk_packed_160,chunk,packed,0.0,0.8571,1.0,1.0,0.4769,0.5,130.0,1.0,1.0
5a79f6825542996c55b2dcb4,chunk_packed_160,chunk,packed,0.0,0.0,0.0,0.0,0.38,0.5,150.0,1.0,1.0
5a8900c75542997e5c09a6ed,chunk_packed_160,chunk,packed,1.0,1.0,1.0,1.0,0.4968,1.0,155.0,1.0,1.0
5ab27f7b554299722f9b4d4f,chunk_packed_160,chunk,packed,0.0,0.0,0.0,0.0,0.0,0.0,152.0,0.5,0.0
5ac257fe55429951e9e68562,chunk_packed_160,chunk,packed,0.0,0.4,1.0,1.0,0.1447,0.5,152.0,1.0,1.0
5ab94cf0554299743d22eade,chunk_packed_160,chunk,packed,0.0,0.0,1.0,1.0,1.0,1.0,159.0,1.0,1.0
5ac017945542997d642959bc,chunk_packed_160,chunk,packed,0.0,0.0,0.0,0.0,0.2789,0.5,147.0,0.5,0.0
5ac19d4c55429963665198bb,chunk_packed_160,chunk,packed,0.0,0.0,1.0,1.0,0.3636,0.5,154.0,1.0,1.0
5abbd2575542993f40c73bbd,chunk_packed_160,chunk,packed,0.0,0.0,0.0,0.0,0.2062,0.5,160.0,0.5,0.0
5a888b8e5542997e5c09a60a,chunk_packed_160,chunk,packed,1.0,1.0,1.0,1.0,0.4774,1.0,155.0,1.0,1.0
5a712e895542994082a3e636,chunk_packed_160,chunk,packed,0.0,0.0,1.0,1.0,0.719,1.0,153.0,1.0,1.0
5a85ecf25542991dd0999ec6,chunk_packed_160,chunk,packed,1.0,1.0,1.0,1.0,0.5161,1.0,155.0,1.0,1.0
5adfe6c455429906c02daa85,chunk_packed_160,chunk,packed,0.0,0.0,1.0,1.0,0.2452,0.5,155.0,0.5,0.0
5ac448185542995c82c4ad1b,chunk_packed_160,chunk,packed,0.0,0.0,1.0,1.0,0.4899,1.0,149.0,1.0,1.0
5ae1faf15542997f29b3c1e3,chunk_packed_160,chunk,packed,1.0,1.0,1.0,1.0,0.2886,1.0,149.0,1.0,1.0
5ab7af9d5542993667793fe9,chunk_packed_160,chunk,packed,0.0,0.0,0.0,0.0,0.6242,1.0,157.0,1.0,1.0
5ae1e9635542997f29b3c19e,chunk_packed_160,chunk,packed,1.0,1.0,1.0,1.0,0.75,1.0,144.0,1.0,1.0
5ade28cf5542997c77aded85,chunk_packed_160,chunk,packed,1.0,1.0,1.0,1.0,0.6111,1.0,144.0,1.0,1.0
5a7b116a554299042af8f6c4,chunk_packed_160,chunk,packed,0.0,0.0,0.0,0.0,0.2086,0.5,139.0,0.5,0.0
5a72f1cf5542994cef4bc414,chunk_packed_160,chunk,packed,0.0,0.0,0.0,0.0,0.1702,0.5,141.0,0.5,0.0
5ab7b3cc55429928e1fe3893,chunk_packed_160,chunk,packed,1.0,1.0,0.0,0.0,0.2201,0.5,159.0,1.0,1.0
5ae32b6755429928c4239644,chunk_packed_160,chunk,packed,0.0,0.0,0.0,0.0,0.7647,1.0,153.0,1.0,1.0
5ab3c53955429969a97a81b9,chunk_packed_160,chunk,packed,0.0,0.0,0.0,0.5,0.0,0.0,155.0,0.5,0.0
5a8b349a55429971feec466b,chunk_packed_160,chunk,packed,1.0,1.0,0.0,0.0,0.4384,1.0,146.0,1.0,1.0
5ac2db67554299657fa290a6,chunk_packed_160,chunk,packed,0.0,0.0,1.0,1.0,0.3836,1.0,146.0,1.0,1.0
5ab5ec2a5542992aa134a3e3,chunk_packed_160,chunk,packed,0.0,0.0,1.0,1.0,0.3125,0.5,144.0,1.0,1.0
5ab661ac5542995eadeeffb1,chunk_packed_160,chunk,packed,0.0,0.0,0.0,0.6667,0.0,0.0,148.0,0.5,0.0
5abee69c5542993fe9a41d8b,chunk_packed_160,chunk,packed,0.0,0.75,1.0,1.0,0.6178,1.0,157.0,1.0,1.0
5ac0aab35542992a796ded5c,chunk_packed_160,chunk,packed,1.0,1.0,1.0,1.0,0.4641,1.0,153.0,1.0,1.0
5a84c4b05542991dd0999deb,chunk_packed_160,chunk,packed,0.0,0.0,0.0,0.0,0.3522,1.0,159.0,1.0,1.0
5abd6be55542993062266c89,chunk_packed_160,chunk,packed,0.0,0.6667,1.0,1.0,0.726,1.0,146.0,1.0,1.0
5a8a19c45542992e4fca8501,chunk_packed_160,chunk,packed,0.0,0.0,0.0,0.0,0.0696,0.5,158.0,1.0,1.0
5abcef9e55429959677d6b52,chunk_packed_160,chunk,packed,0.0,0.75,1.0,1.0,0.5612,1.0,139.0,1.0,1.0
5a81c7d15542990a1d231ea9,chunk_packed_160,chunk,packed,0.0,0.0,0.0,0.75,0.4118,0.5,153.0,1.0,1.0
5adccaca5542994d58a2f6d5,chunk_packed_160,chunk,packed,1.0,1.0,1.0,1.0,0.1656,0.5,157.0,0.5,0.0
5a84f5865542991dd0999e30,chunk_packed_160,chunk,packed,0.0,0.0,0.0,0.0,0.2013,0.5,154.0,0.5,0.0
5a7633ff5542994ccc918712,chunk_packed_160,chunk,packed,1.0,1.0,1.0,1.0,0.5263,1.0,152.0,1.0,1.0
5a8d7f2b554299068b959d0c,chunk_packed_160,chunk,packed,0.0,0.0,0.0,0.5,0.55,0.5,140.0,1.0,1.0
5ac3def75542997ea680c95f,chunk_packed_160,chunk,packed,0.0,0.0,0.0,0.0,0.3129,0.5,147.0,1.0,1.0
5ae6316d5542996de7b71b87,chunk_packed_160,chunk,packed,0.0,0.3333,0.0,0.25,0.5775,0.5,142.0,1.0,1.0
5ab5eed65542997d4ad1f25c,chunk_packed_160,chunk,packed,1.0,1.0,1.0,1.0,0.1854,1.0,151.0,1.0,1.0
5ab29c24554299449642c932,chunk_packed_160,chunk,packed,1.0,1.0,0.0,0.0,0.3709,1.0,151.0,1.0,1.0
5ab809195542991d3222380f,chunk_packed_160,chunk,packed,1.0,1.0,1.0,1.0,0.4258,1.0,155.0,1.0,1.0
5a834ed95542990548d0b1ca,chunk_packed_160,chunk,packed,0.0,0.6667,1.0,1.0,0.5912,1.0,159.0,1.0,1.0
5ade9545554299728e26c740,chunk_packed_160,chunk,packed,1.0,1.0,1.0,1.0,0.3355,0.5,152.0,0.5,0.0
5a8b97485542995d1e6f140f,chunk_packed_160,chunk,packed,0.0,0.0,1.0,1.0,0.5283,1.0,159.0,1.0,1.0
5ac056385542997d64295a08,chunk_packed_160,chunk,packed,0.0,0.0,0.0,0.0,0.3648,1.0,159.0,1.0,1.0
5abd96fe5542992ac4f382d9,chunk_packed_160,chunk,packed,0.0,0.0,1.0,1.0,0.3067,1.0,150.0,1.0,1.0
5ae2138c5542997283cd23b7,chunk_focused_160,chunk,focused,0.0,0.0,0.0,0.0,0.6667,1.0,156.0,1.0,1.0
5a77152355429966f1a36c2e,chunk_focused_160,chunk,focused,0.0,0.0,1.0,1.0,0.1698,0.5,159.0,0.5,0.0
5ade99ad554299728e26c75d,chunk_focused_160,chunk,focused,0.0,0.4,1.0,1.0,0.9527,1.0,148.0,1.0,1.0
5ab81cff5542990e739ec827,chunk_focused_160,chunk,focused,1.0,1.0,1.0,1.0,0.828,1.0,157.0,1.0,1.0
5ae5be02554299546bf82f3e,chunk_focused_160,chunk,focused,1.0,1.0,1.0,1.0,0.8544,1.0,158.0,1.0,1.0
5ae3f1bb5542995ad6573cbe,chunk_focused_160,chunk,focused,1.0,1.0,1.0,1.0,0.5137,1.0,146.0,1.0,1.0
5a8389445542996488c2e450,chunk_focused_160,chunk,focused,1.0,1.0,1.0,1.0,0.8322,1.0,149.0,1.0,1.0
5a89fc305542993b751ca9dc,chunk_focused_160,chunk,focused,1.0,1.0,1.0,1.0,0.7799,1.0,159.0,1.0,1.0
5a85bc2d5542994c784ddb70,chunk_focused_160,chunk,focused,1.0,1.0,1.0,1.0,0.4065,1.0,155.0,1.0,1.0
5a7b1c745542992d025e6777,chunk_focused_160,chunk,focused,0.0,0.0,0.0,0.25,0.2632,0.5,152.0,0.5,0.0
5ae2d8fb55429928c42394fa,chunk_focused_160,chunk,focused,0.0,0.2222,0.0,0.2,0.2214,0.5,140.0,0.5,0.0
5ae7f6be554299540e5a56db,chunk_focused_160,chunk,focused,1.0,1.0,1.0,1.0,0.7419,1.0,155.0,1.0,1.0
5a773ae055429972597f14b0,chunk_focused_160,chunk,focused,1.0,1.0,1.0,1.0,0.522,1.0,159.0,1.0,1.0
5a75abbb5542992d0ec05fd9,chunk_focused_160,chunk,focused,1.0,1.0,1.0,1.0,0.5031,0.5,159.0,0.5,0.0
5ae4c49a5542995dadf24400,chunk_focused_160,chunk,focused,0.0,0.0,0.0,0.0,0.1748,0.5,143.0,0.5,0.0
5ac44813554299194317396b,chunk_focused_160,chunk,focused,1.0,1.0,1.0,1.0,0.7389,1.0,157.0,1.0,1.0
5abfc8675542993fe9a41e52,chunk_focused_160,chunk,focused,1.0,1.0,1.0,1.0,0.604,1.0,149.0,1.0,1.0
5a8aeadc55429950cd6afbe0,chunk_focused_160,chunk,focused,0.0,0.6667,1.0,1.0,0.3882,1.0,152.0,1.0,1.0
5ab2082f554299722f9b4c9f,chunk_focused_160,chunk,focused,0.0,0.0,1.0,1.0,0.8526,1.0,156.0,1.0,1.0
5ae0ba15554299603e41844d,chunk_focused_160,chunk,focused,1.0,1.0,1.0,1.0,0.4177,1.0,158.0,1.0,1.0
5a7332935542991f9a20c67d,chunk_focused_160,chunk,focused,1.0,1.0,1.0,1.0,0.4684,0.5,158.0,1.0,1.0
5a9068f85542990a98493623,chunk_focused_160,chunk,focused,1.0,1.0,1.0,1.0,0.4771,0.5,153.0,1.0,1.0
5addd5795542990dbb2f7e9d,chunk_focused_160,chunk,focused,0.0,0.0,0.0,0.0,0.415,0.5,147.0,1.0,1.0
5adfa3da554299025d62a317,chunk_focused_160,chunk,focused,0.0,0.0,0.0,0.0,0.535,0.5,157.0,0.5,0.0
5ae6443355429908198fa563,chunk_focused_160,chunk,focused,0.0,0.6667,1.0,1.0,0.8187,1.0,160.0,1.0,1.0
5ab98608554299131ca42362,chunk_focused_160,chunk,focused,1.0,1.0,1.0,1.0,0.2611,0.5,157.0,0.5,0.0
5ae61bfd5542992663a4f261,chunk_focused_160,chunk,focused,0.0,0.0,0.0,0.0,0.0,0.0,139.0,0.5,0.0
5ab870ed55429934fafe6db9,chunk_focused_160,chunk,focused,1.0,1.0,1.0,1.0,0.359,0.5,156.0,0.5,0.0
5abcfc365542993a06baf9d6,chunk_focused_160,chunk,focused,0.0,0.0,0.0,0.0,0.0,0.0,156.0,0.5,0.0
5add63845542992ae4cec541,chunk_focused_160,chunk,focused,0.0,0.0,0.0,0.2,0.4609,0.5,128.0,1.0,1.0
5ae2a0a1554299495565dae9,chunk_focused_160,chunk,focused,1.0,1.0,1.0,1.0,0.7246,1.0,138.0,1.0,1.0
5a84eecd5542994c784dda8e,chunk_focused_160,chunk,focused,1.0,1.0,1.0,1.0,0.7616,1.0,151.0,1.0,1.0
5a85fa815542996432c57155,chunk_focused_160,chunk,focused,0.0,0.0,0.0,0.0,0.4286,0.5,133.0,1.0,1.0
5a84a5385542990548d0b2d9,chunk_focused_160,chunk,focused,1.0,1.0,1.0,1.0,0.5548,0.5,155.0,1.0,1.0
5a78f26055429970f5fffdeb,chunk_focused_160,chunk,focused,0.0,0.8,1.0,1.0,0.5578,1.0,147.0,1.0,1.0
5a86edcc55429960ec39b6da,chunk_focused_160,chunk,focused,1.0,1.0,1.0,1.0,0.239,0.5,159.0,1.0,1.0
5ae7766455429952e35ea920,chunk_focused_160,chunk,focused,0.0,0.0,0.0,0.6,0.5263,0.5,152.0,1.0,1.0
5a77863555429949eeb29ec6,chunk_focused_160,chunk,focused,0.0,0.6667,1.0,1.0,0.2569,1.0,144.0,1.0,1.0
5ab3cc395542992ade7c6e9f,chunk_focused_160,chunk,focused,0.0,0.0,1.0,1.0,0.2781,0.5,151.0,1.0,1.0
5add016e5542992c1e3a250b,chunk_focused_160,chunk,focused,0.0,0.0,1.0,1.0,1.0,1.0,132.0,1.0,1.0
5a8bd9c95542997f31a41de2,chunk_focused_160,chunk,focused,0.0,0.0,1.0,1.0,0.4688,0.5,160.0,1.0,1.0
5a8f13d55542997ba9cb31c9,chunk_focused_160,chunk,focused,0.0,0.8,1.0,1.0,0.7261,1.0,157.0,1.0,1.0
5ac248fd55429951e9e68525,chunk_focused_160,chunk,focused,0.0,0.0,0.0,0.0,0.2897,0.5,145.0,0.5,0.0
5adbcd475542996e68525240,chunk_focused_160,chunk,focused,0.0,0.0,0.0,0.0,0.4258,0.5,155.0,1.0,1.0
5a7c8a3b55429935c91b5204,chunk_focused_160,chunk,focused,0.0,0.0,0.0,0.0,0.4679,0.5,156.0,1.0,1.0
5a7f40de5542992e7d278cc8,chunk_focused_160,chunk,focused,0.0,0.0,0.0,0.6667,0.3438,0.5,160.0,0.5,0.0
5ab2c6a955429916697740c2,chunk_focused_160,chunk,focused,0.0,0.0,1.0,1.0,0.2067,0.5,150.0,1.0,1.0
5ac3165c5542995ef918c10a,chunk_focused_160,chunk,focused,1.0,1.0,1.0,1.0,0.1773,0.5,141.0,0.5,0.0
5a7577145542996c70cfaf03,chunk_focused_160,chunk,focused,0.0,0.5714,1.0,1.0,0.4172,0.5,151.0,1.0,1.0
5a8f45385542997ba9cb320a,chunk_focused_160,chunk,focused,0.0,0.0,1.0,1.0,0.3442,0.5,154.0,1.0,1.0
5adea83b55429975fa854f53,chunk_focused_160,chunk,focused,0.0,0.0,1.0,1.0,0.0993,0.5,151.0,1.0,1.0
5ab4428c5542990594ba9bda,chunk_focused_160,chunk,focused,0.0,0.0,0.0,0.0,0.2152,0.5,158.0,1.0,1.0
5a90692f5542990a98493625,chunk_focused_160,chunk,focused,1.0,1.0,1.0,1.0,0.3459,0.5,159.0,1.0,1.0
5ae68a065542991bbc97611e,chunk_focused_160,chunk,focused,0.0,0.0,0.0,0.0,0.7278,0.5,158.0,0.5,0.0
5ab2929a554299449642c900,chunk_focused_160,chunk,focused,1.0,1.0,1.0,1.0,0.5232,0.5,151.0,1.0,1.0
5adf434c5542993a75d26462,chunk_focused_160,chunk,focused,1.0,1.0,1.0,1.0,0.4837,0.5,153.0,1.0,1.0
5ac4ecea55429919431739fd,chunk_focused_160,chunk,focused,0.0,0.0,0.0,0.25,0.2975,0.5,158.0,0.5,0.0
5a85dfcc5542994775f60673,chunk_focused_160,chunk,focused,0.0,0.0,1.0,1.0,0.6289,1.0,159.0,1.0,1.0
5a8085705542992bc0c4a74b,chunk_focused_160,chunk,focused,1.0,1.0,1.0,1.0,0.8217,1.0,157.0,1.0,1.0
5ae3992d5542994393b9e722,chunk_focused_160,chunk,focused,0.0,0.0,1.0,1.0,0.55,1.0,160.0,1.0,1.0
5ae7793c554299540e5a55c2,chunk_focused_160,chunk,focused,0.0,0.0,0.0,0.0,0.3822,0.5,157.0,1.0,1.0
5a7f46115542994857a766d9,chunk_focused_160,chunk,focused,0.0,0.0,1.0,1.0,0.6463,1.0,147.0,1.0,1.0
5a7380b955429908901be2d4,chunk_focused_160,chunk,focused,0.0,0.0,1.0,1.0,0.5306,0.5,147.0,1.0,1.0
5abfd3d65542994516f4550b,chunk_focused_160,chunk,focused,0.0,0.0,0.0,0.0,0.3354,0.5,158.0,1.0,1.0
5abf2e605542993fe9a41de4,chunk_focused_160,chunk,focused,1.0,1.0,1.0,1.0,0.8212,1.0,151.0,1.0,1.0
5ae256435542992decbdccc3,chunk_focused_160,chunk,focused,1.0,1.0,1.0,1.0,0.6478,1.0,159.0,1.0,1.0
5ab819065542995dae37ea3c,chunk_focused_160,chunk,focused,0.0,0.0,1.0,1.0,0.8812,1.0,160.0,1.0,1.0
5adfb10855429942ec259af9,chunk_focused_160,chunk,focused,1.0,1.0,1.0,1.0,0.3262,1.0,141.0,1.0,1.0
5ae0a54e5542993d6555ebdd,chunk_focused_160,chunk,focused,1.0,1.0,1.0,1.0,0.9416,1.0,154.0,1.0,1.0
5ab327bc554299233954ff33,chunk_focused_160,chunk,focused,0.0,0.5714,0.0,0.6667,0.3077,0.5,156.0,1.0,1.0
5a7c703055429935c91b51aa,chunk_focused_160,chunk,focused,0.0,0.8571,1.0,1.0,0.4478,1.0,134.0,1.0,1.0
5abe19895542991f661060c2,chunk_focused_160,chunk,focused,0.0,0.0,1.0,1.0,0.4591,0.5,159.0,1.0,1.0
5ac26d4d55429951e9e685b7,chunk_focused_160,chunk,focused,0.0,0.0,1.0,1.0,0.8917,1.0,157.0,1.0,1.0
5add95035542990dbb2f7e77,chunk_focused_160,chunk,focused,0.0,0.0,0.0,0.5,0.2642,1.0,159.0,1.0,1.0
5adc46665542994650320cc8,chunk_focused_160,chunk,focused,0.0,0.0,0.0,0.0,0.0,0.0,157.0,0.0,0.0
5ac259125542992f1f2b3867,chunk_focused_160,chunk,focused,0.0,0.0,0.0,0.25,0.5655,0.5,145.0,1.0,1.0
5a81624d5542995ce29dcbf1,chunk_focused_160,chunk,focused,0.0,0.0,1.0,1.0,0.6765,1.0,136.0,1.0,1.0
5a7933b255429907847277eb,chunk_focused_160,chunk,focused,1.0,1.0,1.0,1.0,0.566,1.0,159.0,1.0,1.0
5a7754d85542993735360234,chunk_focused_160,chunk,focused,0.0,0.0,0.0,0.6667,0.3896,0.5,154.0,1.0,1.0
5a80c01855429938b61421b8,chunk_focused_160,chunk,focused,0.0,0.5,0.0,0.5,0.5497,0.5,151.0,1.0,1.0
5ab2b61d5542991669774065,chunk_focused_160,chunk,focused,0.0,0.0,1.0,1.0,1.0,1.0,124.0,1.0,1.0
5ae8167b55429952e35eaa06,chunk_focused_160,chunk,focused,1.0,1.0,1.0,1.0,0.5192,0.5,156.0,1.0,1.0
5a7bacf35542997c3ec9724b,chunk_focused_160,chunk,focused,0.0,0.5714,0.0,0.6,0.1039,0.5,154.0,1.0,1.0
5ac2610455429951e9e68592,chunk_focused_160,chunk,focused,0.0,0.0,0.0,0.0,0.1972,0.5,142.0,1.0,1.0
5a7c827e55429907fabeefa7,chunk_focused_160,chunk,focused,0.0,0.0,0.0,0.0,0.3517,0.5,145.0,0.5,0.0
5a81711455429938b614233e,chunk_focused_160,chunk,focused,0.0,0.0,0.0,0.0,0.6369,1.0,157.0,1.0,1.0
5adfd0d655429942ec259b4e,chunk_focused_160,chunk,focused,0.0,0.0,1.0,1.0,0.625,1.0,152.0,1.0,1.0
5adc85b855429944faac24e9,chunk_focused_160,chunk,focused,0.0,0.0,0.0,0.5,0.5,0.5,160.0,1.0,1.0
5abfde655542997719eab6f2,chunk_focused_160,chunk,focused,0.0,0.0,1.0,1.0,0.7933,1.0,150.0,1.0,1.0
5a72953b5542994cef4bc357,chunk_focused_160,chunk,focused,0.0,0.0,0.0,0.5,0.5634,0.5,142.0,1.0,1.0
5ab989f755429970cfb8eb38,chunk_focused_160,chunk,focused,0.0,0.0,1.0,1.0,0.1384,0.5,159.0,0.5,0.0
5ae2133e554299495565d9e3,chunk_focused_160,chunk,focused,0.0,0.0,0.0,0.0,0.4125,0.5,160.0,1.0,1.0
5a82d71555429966c78a6a94,chunk_focused_160,chunk,focused,0.0,0.0,0.0,0.0,0.8367,1.0,147.0,1.0,1.0
5ae1c3cd554299492dc91b87,chunk_focused_160,chunk,focused,0.0,0.0,0.0,0.5,0.7931,1.0,145.0,1.0,1.0
5ac2583b55429951e9e68565,chunk_focused_160,chunk,focused,1.0,1.0,1.0,1.0,0.3265,1.0,147.0,1.0,1.0
5a82a55955429966c78a6a70,chunk_focused_160,chunk,focused,0.0,0.0,0.0,0.2,0.0,0.0,160.0,0.0,0.0
5ae5dae2554299546bf82fa4,chunk_focused_160,chunk,focused,1.0,1.0,1.0,1.0,0.7152,0.5,151.0,1.0,1.0
5ac195455542991316484b40,chunk_focused_160,chunk,focused,0.0,0.0,0.0,0.0,0.5157,0.5,159.0,0.5,0.0
5ae785685542994a481bbd47,chunk_focused_160,chunk,focused,1.0,1.0,1.0,1.0,0.5449,1.0,156.0,1.0,1.0
5ae5429355429908b63265c5,chunk_focused_160,chunk,focused,0.0,0.0,0.0,0.0,0.274,0.5,146.0,1.0,1.0
5a8ba60b554299240d9c205b,chunk_focused_160,chunk,focused,1.0,1.0,1.0,1.0,0.525,1.0,160.0,1.0,1.0
5a82f05255429966c78a6aa2,chunk_focused_160,chunk,focused,0.0,0.5,1.0,1.0,0.2095,0.5,148.0,1.0,1.0
5abfea825542994516f45527,chunk_focused_160,chunk,focused,0.0,0.0,0.0,0.0,0.0,0.0,152.0,0.0,0.0
5aba6f3e55429955dce3ee21,chunk_focused_160,chunk,focused,0.0,0.0,0.0,0.0,0.3816,0.5,152.0,1.0,1.0
5ae113de55429901ffe4ad51,chunk_focused_160,chunk,focused,0.0,0.0,1.0,1.0,0.5987,1.0,157.0,1.0,1.0
5adce4f65542992c1e3a2474,chunk_focused_160,chunk,focused,0.0,0.0,1.0,1.0,0.5662,0.5,136.0,1.0,1.0
5ab27587554299449642c8af,chunk_focused_160,chunk,focused,1.0,1.0,1.0,1.0,1.0,1.0,150.0,1.0,1.0
5a7323ad5542994cef4bc476,chunk_focused_160,chunk,focused,0.0,0.0,1.0,1.0,0.6713,1.0,143.0,1.0,1.0
5abc17555542993a06baf858,chunk_focused_160,chunk,focused,0.0,0.0,0.0,0.0,0.363,0.5,146.0,0.5,0.0
5ab9fe1255429939ce03dc40,chunk_focused_160,chunk,focused,1.0,1.0,1.0,1.0,0.777,1.0,148.0,1.0,1.0
5a8b6ac055429949d91db5a5,chunk_focused_160,chunk,focused,0.0,0.8,1.0,1.0,0.5563,1.0,151.0,1.0,1.0
5a87136e5542991e771816b2,chunk_focused_160,chunk,focused,1.0,1.0,0.0,0.0,0.8089,1.0,157.0,1.0,1.0
5abff0625542997ec76fd476,chunk_focused_160,chunk,focused,0.0,0.6667,1.0,1.0,0.3038,0.5,158.0,0.5,0.0
5a7526945542993748c897d2,chunk_focused_160,chunk,focused,0.0,0.0,0.0,0.0,0.3961,0.5,154.0,0.5,0.0
5abc8620554299700f9d78e2,chunk_focused_160,chunk,focused,1.0,1.0,1.0,1.0,0.5442,1.0,147.0,1.0,1.0
5a72a3c45542994cef4bc3ac,chunk_focused_160,chunk,focused,0.0,0.0,0.0,0.0,0.5401,0.5,137.0,0.5,0.0
5ac170af5542994d76dcce20,chunk_focused_160,chunk,focused,0.0,0.6667,1.0,1.0,0.6497,1.0,157.0,1.0,1.0
5ae5f3bb5542996de7b71a7e,chunk_focused_160,chunk,focused,0.0,0.0,1.0,1.0,0.26,0.5,150.0,0.5,0.0
5a7f7ca25542994857a76747,chunk_focused_160,chunk,focused,0.0,0.0,1.0,1.0,0.6831,1.0,142.0,1.0,1.0
5adca8375542990d50227cd4,chunk_focused_160,chunk,focused,0.0,0.0,0.0,0.0,0.4631,0.5,149.0,0.5,0.0
5ac3e1075542995c82c4ac78,chunk_focused_160,chunk,focused,1.0,1.0,1.0,1.0,1.0,1.0,141.0,1.0,1.0
5a7db0915542990b8f503a30,chunk_focused_160,chunk,focused,0.0,0.0,1.0,1.0,0.6129,1.0,155.0,1.0,1.0
5a81e04455429903bc27b9f9,chunk_focused_160,chunk,focused,0.0,0.0,0.0,0.25,0.0,0.0,150.0,0.5,0.0
5a8a573355429970aeb7029a,chunk_focused_160,chunk,focused,0.0,0.0,1.0,1.0,0.6519,1.0,158.0,1.0,1.0
5a75e60e55429976ec32bc88,chunk_focused_160,chunk,focused,0.0,0.0,1.0,1.0,0.3711,0.5,159.0,0.5,0.0
5abce73055429959677d6b34,chunk_focused_160,chunk,focused,0.0,0.0,1.0,1.0,0.7044,1.0,159.0,1.0,1.0
5a87572d5542994846c1cd6b,chunk_focused_160,chunk,focused,0.0,0.0,0.0,0.5,0.2819,0.5,149.0,0.5,0.0
5a89761d5542995153361310,chunk_focused_160,chunk,focused,1.0,1.0,1.0,1.0,0.7603,1.0,146.0,1.0,1.0
5a8d5f16554299585d9e37c5,chunk_focused_160,chunk,focused,1.0,1.0,1.0,1.0,0.3636,0.5,154.0,1.0,1.0
5ae7cea355429952e35ea9c1,chunk_focused_160,chunk,focused,0.0,0.0,1.0,1.0,0.1633,0.5,147.0,0.5,0.0
5ab600fb554299488d4d9a82,chunk_focused_160,chunk,focused,0.0,0.0,1.0,1.0,0.2789,0.5,147.0,0.5,0.0
5a7f7c285542994857a76746,chunk_focused_160,chunk,focused,1.0,1.0,1.0,1.0,0.8038,1.0,158.0,1.0,1.0
5ade61fd554299728e26c704,chunk_focused_160,chunk,focused,0.0,0.0,0.0,0.0,0.1419,0.5,148.0,1.0,1.0
5a73630655429901807db020,chunk_focused_160,chunk,focused,1.0,1.0,1.0,1.0,0.2819,0.5,149.0,1.0,1.0
5ab916e155429919ba4e23a4,chunk_focused_160,chunk,focused,1.0,1.0,1.0,1.0,1.0,1.0,133.0,1.0,1.0
5ae0af5555429945ae95941e,chunk_focused_160,chunk,focused,1.0,1.0,1.0,1.0,0.5975,1.0,159.0,1.0,1.0
5a865bbf5542991e77181615,chunk_focused_160,chunk,focused,0.0,0.0,1.0,1.0,0.302,0.5,149.0,1.0,1.0
5a8fa20555429918e830d298,chunk_focused_160,chunk,focused,0.0,0.0,0.0,0.0,0.5759,0.5,158.0,1.0,1.0
5ab97cd0554299753720f81a,chunk_focused_160,chunk,focused,0.0,0.0,0.0,0.0,0.5658,1.0,152.0,1.0,1.0
5ae7ed9555429952e35ea9e6,chunk_focused_160,chunk,focused,1.0,1.0,1.0,1.0,0.3701,1.0,154.0,1.0,1.0
5aded1595542995ec70e8f29,chunk_focused_160,chunk,focused,0.0,0.0,0.0,0.0,0.8039,1.0,153.0,1.0,1.0
5adc3aff5542996e685252eb,chunk_focused_160,chunk,focused,0.0,0.0,0.0,0.5,0.2579,0.5,159.0,0.5,0.0
5ae2ee5e5542991a06ce990a,chunk_focused_160,chunk,focused,0.0,0.6667,1.0,1.0,0.4394,0.5,132.0,1.0,1.0
5a8e42d15542995a26add4a6,chunk_focused_160,chunk,focused,0.0,0.0,1.0,1.0,0.7248,1.0,149.0,1.0,1.0
5a7a33a35542994f819ef14c,chunk_focused_160,chunk,focused,0.0,0.0,1.0,1.0,0.3113,1.0,151.0,1.0,1.0
5ae69fa755429908198fa66c,chunk_focused_160,chunk,focused,0.0,0.0,0.0,0.0,0.4062,0.5,160.0,0.5,0.0
5a7e279d5542995ed0d166b5,chunk_focused_160,chunk,focused,0.0,0.0,0.0,0.0,0.1938,0.5,160.0,0.5,0.0
5a79c6a55542994bb9457091,chunk_focused_160,chunk,focused,0.0,0.8,1.0,1.0,0.8418,1.0,158.0,1.0,1.0
5a739d8c55429905862fe073,chunk_focused_160,chunk,focused,0.0,0.0,0.0,0.0,0.3442,0.5,154.0,0.5,0.0
5a7fc21455429969796c1b4b,chunk_focused_160,chunk,focused,1.0,1.0,1.0,1.0,0.6387,1.0,155.0,1.0,1.0
5ae1da385542997283cd2297,chunk_focused_160,chunk,focused,0.0,0.6667,1.0,1.0,0.5364,1.0,151.0,1.0,1.0
5ab5f249554299488d4d9a5d,chunk_focused_160,chunk,focused,0.0,0.0,1.0,1.0,0.7483,1.0,147.0,1.0,1.0
5ab9180b5542991b5579f0f3,chunk_focused_160,chunk,focused,1.0,1.0,1.0,1.0,0.6846,1.0,149.0,1.0,1.0
5ae0f8a05542997b2ef7d0bc,chunk_focused_160,chunk,focused,1.0,1.0,1.0,1.0,0.8411,1.0,151.0,1.0,1.0
5a7c8e7955429935c91b521a,chunk_focused_160,chunk,focused,0.0,0.5714,0.0,0.4,0.275,0.5,160.0,1.0,1.0
5ae5d008554299546bf82f7d,chunk_focused_160,chunk,focused,1.0,1.0,1.0,1.0,0.35,0.5,160.0,1.0,1.0
5abbaed855429931dba144aa,chunk_focused_160,chunk,focused,0.0,0.0,1.0,1.0,0.5321,1.0,156.0,1.0,1.0
5ae1316555429901ffe4adda,chunk_focused_160,chunk,focused,0.0,0.0,0.0,0.0,0.0,0.0,142.0,1.0,1.0
5a74512b55429974ef308bd5,chunk_focused_160,chunk,focused,0.0,0.0,0.0,0.0,0.4387,0.5,155.0,0.5,0.0
5a80aeff5542996402f6a5eb,chunk_focused_160,chunk,focused,0.0,0.0,1.0,1.0,0.7006,1.0,157.0,1.0,1.0
5a88a4e65542997e5c09a671,chunk_focused_160,chunk,focused,0.0,0.6667,1.0,1.0,0.4437,1.0,160.0,1.0,1.0
5ae2eda355429928c4239570,chunk_focused_160,chunk,focused,1.0,1.0,1.0,1.0,0.8595,1.0,121.0,1.0,1.0
5a836a2d554299334474600f,chunk_focused_160,chunk,focused,0.0,0.0,1.0,1.0,0.5325,1.0,154.0,1.0,1.0
5a78d01d55429974737f78b3,chunk_focused_160,chunk,focused,1.0,1.0,1.0,1.0,0.6333,1.0,150.0,1.0,1.0
5ae46c9d5542996836b02c9d,chunk_focused_160,chunk,focused,0.0,0.6667,1.0,1.0,0.6312,1.0,160.0,1.0,1.0
5a80e03e55429938b614222c,chunk_focused_160,chunk,focused,0.0,0.0,0.0,0.0,0.587,0.5,138.0,1.0,1.0
5a7270395542992359bc30a8,chunk_focused_160,chunk,focused,0.0,0.0,0.0,0.5,0.519,0.5,158.0,0.5,0.0
5ab8261655429934fafe6cf1,chunk_focused_160,chunk,focused,0.0,0.0,0.0,0.0,0.2148,0.5,149.0,0.5,0.0
5abc41315542993a06baf8bb,chunk_focused_160,chunk,focused,1.0,1.0,1.0,1.0,0.7564,1.0,156.0,1.0,1.0
5abd455c55429924427fcf5a,chunk_focused_160,chunk,focused,0.0,0.0,1.0,1.0,0.5563,1.0,160.0,1.0,1.0
5ab97d0a5542996be202051e,chunk_focused_160,chunk,focused,1.0,1.0,1.0,1.0,0.7911,1.0,158.0,1.0,1.0
5a7a96555542990198eaf159,chunk_focused_160,chunk,focused,0.0,0.6667,0.0,0.5,0.5333,0.5,150.0,1.0,1.0
5a8c7057554299653c1aa066,chunk_focused_160,chunk,focused,0.0,0.6667,1.0,1.0,0.5461,1.0,152.0,1.0,1.0
5a7663665542992d0ec060d3,chunk_focused_160,chunk,focused,0.0,0.2857,1.0,1.0,0.637,1.0,146.0,1.0,1.0
5abd920e55429924427fd05d,chunk_focused_160,chunk,focused,0.0,0.0,0.0,0.0,0.2125,1.0,160.0,1.0,1.0
5ae47ae05542995ad6573d4f,chunk_focused_160,chunk,focused,1.0,1.0,1.0,1.0,0.0,0.0,149.0,1.0,1.0
5ae25ed15542992decbdccd2,chunk_focused_160,chunk,focused,0.0,0.0,0.0,0.0,0.3269,1.0,156.0,1.0,1.0
5a8b7e9c5542995d1e6f13c1,chunk_focused_160,chunk,focused,0.0,0.0,1.0,1.0,0.359,0.5,156.0,1.0,1.0
5a7265a95542992359bc307a,chunk_focused_160,chunk,focused,0.0,0.0,0.0,0.5,0.4437,0.5,142.0,1.0,1.0
5add889b5542997545bbbd68,chunk_focused_160,chunk,focused,1.0,1.0,1.0,1.0,0.3013,0.5,156.0,0.5,0.0
5abed7d75542990832d3a0f7,chunk_focused_160,chunk,focused,0.0,0.6667,1.0,1.0,0.4755,0.5,143.0,0.5,0.0
5ab8c3c65542991b5579effd,chunk_focused_160,chunk,focused,1.0,1.0,1.0,1.0,0.3684,1.0,152.0,1.0,1.0
5ae6179b5542992663a4f25b,chunk_focused_160,chunk,focused,0.0,0.0,1.0,1.0,0.7089,1.0,158.0,1.0,1.0
5a80838d5542992bc0c4a745,chunk_focused_160,chunk,focused,1.0,1.0,1.0,1.0,0.1164,0.5,146.0,1.0,1.0
5a7cd7f055429909bec7683e,chunk_focused_160,chunk,focused,1.0,1.0,1.0,1.0,0.4051,0.5,158.0,1.0,1.0
5ac3a10b5542995ef918c1c3,chunk_focused_160,chunk,focused,1.0,1.0,1.0,1.0,1.0,1.0,153.0,1.0,1.0
5ab8764155429919ba4e22fe,chunk_focused_160,chunk,focused,0.0,0.0,1.0,1.0,0.758,1.0,157.0,1.0,1.0
5a7cf4e355429907fabef062,chunk_focused_160,chunk,focused,0.0,0.3333,1.0,1.0,0.5346,1.0,159.0,1.0,1.0
5a8f06075542995b44241f2d,chunk_focused_160,chunk,focused,0.0,0.0,1.0,1.0,0.7188,1.0,160.0,1.0,1.0
5ac09da45542996f0d89cc1d,chunk_focused_160,chunk,focused,1.0,1.0,1.0,1.0,0.4277,1.0,159.0,1.0,1.0
5a8a4b9955429930ff3c0d88,chunk_focused_160,chunk,focused,0.0,0.0,0.0,0.0,0.3562,0.5,146.0,0.5,0.0
5a8b7d925542995d1e6f13bd,chunk_focused_160,chunk,focused,0.0,0.0,1.0,1.0,0.45,0.5,160.0,1.0,1.0
5a8a09ff5542992d82986e6b,chunk_focused_160,chunk,focused,0.0,0.0,0.0,0.0,0.0,0.0,157.0,0.5,0.0
5ab2d65e554299545a2cfabe,chunk_focused_160,chunk,focused,0.0,0.0,0.0,0.3333,0.25,0.5,152.0,0.5,0.0
5a711cb45542994082a3e59f,chunk_focused_160,chunk,focused,1.0,1.0,1.0,1.0,0.7107,1.0,159.0,1.0,1.0
5a746ddc55429929fddd8423,chunk_focused_160,chunk,focused,0.0,0.0,1.0,1.0,0.7197,0.5,157.0,0.5,0.0
5ae4b55455429913cc2044db,chunk_focused_160,chunk,focused,1.0,1.0,1.0,1.0,1.0,1.0,154.0,1.0,1.0
5ab6087a554299110f2199be,chunk_focused_160,chunk,focused,0.0,0.0,0.0,0.0,0.5669,1.0,157.0,1.0,1.0
5adfc06d55429906c02daa2a,chunk_focused_160,chunk,focused,0.0,0.0,1.0,1.0,0.5752,1.0,153.0,1.0,1.0
5adf51e05542995534e8c78a,chunk_focused_160,chunk,focused,0.0,0.4,1.0,1.0,0.461,1.0,154.0,1.0,1.0
5ab4482b55429942dd415f09,chunk_focused_160,chunk,focused,0.0,0.75,0.0,0.6,0.6194,1.0,155.0,1.0,1.0
5abfa0285542990832d3a171,chunk_focused_160,chunk,focused,1.0,1.0,1.0,1.0,0.8917,1.0,157.0,1.0,1.0
5a8b1a925542997f31a41c6e,chunk_focused_160,chunk,focused,1.0,1.0,1.0,1.0,0.4681,0.5,141.0,1.0,1.0
5a7fc03d5542992097ad2fbc,chunk_focused_160,chunk,focused,0.0,0.0,1.0,1.0,0.4403,0.5,159.0,1.0,1.0
5ae5ead6554299546bf82fd0,chunk_focused_160,chunk,focused,1.0,1.0,1.0,1.0,0.8025,1.0,157.0,1.0,1.0
5ae6371155429929b0807af1,chunk_focused_160,chunk,focused,1.0,1.0,1.0,1.0,0.5674,0.5,141.0,1.0,1.0
5a80f4c2554299260e20a1da,chunk_focused_160,chunk,focused,0.0,0.0,0.0,0.0,0.0,0.0,141.0,1.0,1.0
5ac38bf355429939154137ba,chunk_focused_160,chunk,focused,0.0,0.0,0.0,0.5,0.5526,1.0,152.0,1.0,1.0
5ae26c795542992decbdccfb,chunk_focused_160,chunk,focused,0.0,0.0,1.0,1.0,0.4851,0.5,134.0,0.5,0.0
5ae51fa25542992663a4f11f,chunk_focused_160,chunk,focused,0.0,0.0,0.0,0.25,0.6433,1.0,157.0,1.0,1.0
5ae13bf1554299422ee99634,chunk_focused_160,chunk,focused,0.0,0.0,0.0,0.5,0.4225,0.5,142.0,1.0,1.0
5a79e7b45542994f819ef0ff,chunk_focused_160,chunk,focused,0.0,0.0,0.0,0.0,0.4138,0.5,145.0,0.5,0.0
5a8ee7c95542990e94052bb1,chunk_focused_160,chunk,focused,0.0,0.0,0.0,0.0,0.4969,1.0,159.0,1.0,1.0
5a8bc0485542995d1e6f143d,chunk_focused_160,chunk,focused,0.0,0.0,1.0,1.0,0.302,1.0,149.0,1.0,1.0
5adf3c155542993a75d2643a,chunk_focused_160,chunk,focused,0.0,0.0,0.0,0.0,0.5724,0.5,145.0,0.5,0.0
5ab84bab55429934fafe6d49,chunk_focused_160,chunk,focused,1.0,1.0,1.0,1.0,0.7688,1.0,160.0,1.0,1.0
5abb4b4a5542993f40c73aea,chunk_focused_160,chunk,focused,1.0,1.0,1.0,1.0,0.474,0.5,154.0,1.0,1.0
5ae4885e55429970de88d99d,chunk_focused_160,chunk,focused,0.0,0.0,0.0,0.3333,0.3846,0.5,156.0,1.0,1.0
5adf53dc5542995534e8c791,chunk_focused_160,chunk,focused,1.0,1.0,1.0,1.0,0.3563,0.5,160.0,1.0,1.0
5a7a70b355429941d65f2647,chunk_focused_160,chunk,focused,1.0,1.0,1.0,1.0,0.5125,1.0,160.0,1.0,1.0
5a8911ad554299515336129c,chunk_focused_160,chunk,focused,1.0,1.0,1.0,1.0,0.7125,1.0,160.0,1.0,1.0
5ae6911955429908198fa626,chunk_focused_160,chunk,focused,0.0,0.0,1.0,1.0,0.5,1.0,156.0,1.0,1.0
5a843de75542992ef85e23b4,chunk_focused_160,chunk,focused,0.0,0.0,0.0,0.0,0.0,0.0,146.0,0.5,0.0
5a7d22dc5542995ed0d16600,chunk_focused_160,chunk,focused,1.0,1.0,1.0,1.0,0.4452,0.5,155.0,1.0,1.0
5a8a1a9c5542992d82986ebb,chunk_focused_160,chunk,focused,0.0,0.0,0.0,0.0,0.8917,1.0,157.0,1.0,1.0
5a8f7c9a55429918e830d239,chunk_focused_160,chunk,focused,0.0,0.6667,0.0,0.5,0.6883,0.5,154.0,1.0,1.0
5ab92f1f554299753720f77b,chunk_focused_160,chunk,focused,0.0,0.6667,1.0,1.0,0.2754,0.5,138.0,1.0,1.0
5a761e855542994ccc9186e0,chunk_focused_160,chunk,focused,0.0,0.0,0.0,0.6667,0.6188,1.0,160.0,1.0,1.0
5a7a01b15542996c55b2dcd1,chunk_focused_160,chunk,focused,0.0,0.0,1.0,1.0,0.7278,1.0,158.0,1.0,1.0
5a733b835542991f9a20c6b2,chunk_focused_160,chunk,focused,0.0,0.5714,1.0,1.0,0.2876,0.5,153.0,0.5,0.0
5ae04ea555429924de1b709e,chunk_focused_160,chunk,focused,0.0,0.0,0.0,0.0,0.0,0.0,154.0,0.5,0.0
5abd2eab5542992ac4f38210,chunk_focused_160,chunk,focused,1.0,1.0,1.0,1.0,0.3649,0.5,148.0,1.0,1.0
5a81e097554299676cceb129,chunk_focused_160,chunk,focused,0.0,0.8571,1.0,1.0,0.6581,1.0,155.0,1.0,1.0
5ab6faec5542991d32223708,chunk_focused_160,chunk,focused,0.0,0.0,0.0,0.4286,0.4058,0.5,138.0,1.0,1.0
5a753c8c55429916b01642ab,chunk_focused_160,chunk,focused,0.0,0.0,1.0,1.0,1.0,1.0,151.0,1.0,1.0
5ae22ede554299234fd0441b,chunk_focused_160,chunk,focused,0.0,0.0,0.0,0.0,0.1364,0.5,154.0,0.5,0.0
5a8b40b055429949d91db50c,chunk_focused_160,chunk,focused,0.0,0.0,1.0,1.0,0.526,0.5,154.0,1.0,1.0
5ade8ad95542992fa25da7b8,chunk_focused_160,chunk,focused,0.0,0.0,1.0,1.0,0.6879,1.0,157.0,1.0,1.0
5a7b971255429927d897bff3,chunk_focused_160,chunk,focused,0.0,0.0,0.0,0.0,0.554,0.5,139.0,1.0,1.0
5ae2c4b8554299495565db31,chunk_focused_160,chunk,focused,0.0,0.0,0.0,0.0,0.5223,0.5,157.0,0.5,0.0
5ac508205542994611c8b32e,chunk_focused_160,chunk,focused,0.0,0.0,1.0,1.0,0.5541,0.5,148.0,1.0,1.0
5a74c85055429916b0164218,chunk_focused_160,chunk,focused,0.0,0.0,1.0,1.0,0.3667,1.0,150.0,1.0,1.0
5a75642c5542996c70cfaeed,chunk_focused_160,chunk,focused,0.0,0.0,0.0,0.0,0.2468,0.5,154.0,0.5,0.0
5ae6dd745542996d980e7ca0,chunk_focused_160,chunk,focused,0.0,0.0,0.0,0.0,0.4336,0.5,143.0,0.5,0.0
5a74d64055429916b0164223,chunk_focused_160,chunk,focused,1.0,1.0,1.0,1.0,0.2548,0.5,157.0,0.5,0.0
5a7a616355429941d65f25f7,chunk_focused_160,chunk,focused,0.0,0.6667,1.0,1.0,0.6528,1.0,144.0,1.0,1.0
5aba9813554299232ef4a357,chunk_focused_160,chunk,focused,1.0,1.0,1.0,1.0,0.7547,1.0,159.0,1.0,1.0
5ae5669755429960a22e02ec,chunk_focused_160,chunk,focused,0.0,0.4444,1.0,1.0,0.7516,1.0,153.0,1.0,1.0
5a79e1275542990198eaefe7,chunk_focused_160,chunk,focused,0.0,0.8,0.0,0.0,0.3158,0.5,152.0,0.5,0.0
5a9064c755429916514e74a6,chunk_focused_160,chunk,focused,1.0,1.0,1.0,1.0,0.3648,1.0,159.0,1.0,1.0
5a872e8e5542991e7718170c,chunk_focused_160,chunk,focused,0.0,0.0,0.0,0.0,0.5732,1.0,157.0,1.0,1.0
5ae6453e55429908198fa56c,chunk_focused_160,chunk,focused,1.0,1.0,1.0,1.0,0.8288,1.0,146.0,1.0,1.0
5a90970d5542995651fb51a5,chunk_focused_160,chunk,focused,0.0,0.0,0.0,0.0,0.2857,0.5,154.0,0.5,0.0
5ae15ae25542990adbacf767,chunk_focused_160,chunk,focused,1.0,1.0,1.0,1.0,0.3355,0.5,155.0,1.0,1.0
5a7e08b55542997cc2c474fe,chunk_focused_160,chunk,focused,1.0,1.0,1.0,1.0,1.0,1.0,152.0,1.0,1.0
5ab30336554299166977417c,chunk_focused_160,chunk,focused,1.0,1.0,1.0,1.0,0.3733,0.5,150.0,0.5,0.0
5a83b4d35542996488c2e495,chunk_focused_160,chunk,focused,1.0,1.0,1.0,1.0,0.8255,1.0,149.0,1.0,1.0
5ab416a25542996a3a969f28,chunk_focused_160,chunk,focused,0.0,0.0,1.0,1.0,0.6867,1.0,150.0,1.0,1.0
5a7147fd5542994082a3e758,chunk_focused_160,chunk,focused,0.0,0.0,0.0,0.0,0.2562,0.5,160.0,1.0,1.0
5ae0413555429942ec259c61,chunk_focused_160,chunk,focused,1.0,1.0,1.0,1.0,0.5409,0.5,159.0,1.0,1.0
5ae47cab5542996836b02cb9,chunk_focused_160,chunk,focused,1.0,1.0,0.0,0.0,0.1355,0.5,155.0,0.5,0.0
5abdbf3755429933744ab818,chunk_focused_160,chunk,focused,0.0,0.0,0.0,0.0,0.5949,1.0,158.0,1.0,1.0
5ae0968955429924de1b7105,chunk_focused_160,chunk,focused,0.0,0.0,1.0,1.0,0.3418,1.0,158.0,1.0,1.0
5ab48f245542990594ba9c66,chunk_focused_160,chunk,focused,0.0,0.0,0.0,0.0,0.7483,1.0,143.0,1.0,1.0
5ae5faf555429929b0807a4c,chunk_focused_160,chunk,focused,0.0,0.0,1.0,1.0,0.3812,1.0,160.0,1.0,1.0
5a7c53a855429935c91b515d,chunk_focused_160,chunk,focused,1.0,1.0,1.0,1.0,0.566,0.5,159.0,0.5,0.0
5ae51b495542993aec5ec146,chunk_focused_160,chunk,focused,1.0,1.0,1.0,1.0,0.4688,0.5,160.0,1.0,1.0
5ade8f5955429975fa854f10,chunk_focused_160,chunk,focused,0.0,0.0,1.0,1.0,0.7303,1.0,152.0,1.0,1.0
5ab64cfa55429953192ad2b7,chunk_focused_160,chunk,focused,0.0,0.0,1.0,1.0,0.2922,1.0,154.0,1.0,1.0
5a8fae205542997ba9cb32ec,chunk_focused_160,chunk,focused,0.0,0.0,0.0,0.0,0.2138,0.5,159.0,0.5,0.0
5abb7d8b5542996cc5e4a006,chunk_focused_160,chunk,focused,1.0,1.0,1.0,1.0,0.8408,1.0,157.0,1.0,1.0
5add47bf5542992200553a7f,chunk_focused_160,chunk,focused,0.0,0.0,0.0,0.0,0.5267,1.0,150.0,1.0,1.0
5a7128b05542994082a3e5f2,chunk_focused_160,chunk,focused,1.0,1.0,1.0,1.0,1.0,1.0,160.0,1.0,1.0
5ade04465542990dbb2f7f2f,chunk_focused_160,chunk,focused,1.0,1.0,1.0,1.0,0.6096,1.0,146.0,1.0,1.0
5ab431d855429942dd415ed2,chunk_focused_160,chunk,focused,0.0,0.75,1.0,1.0,0.5369,0.5,149.0,0.5,0.0
5a8c6342554299240d9c214a,chunk_focused_160,chunk,focused,1.0,1.0,1.0,1.0,0.6531,1.0,147.0,1.0,1.0
5adc75525542994650320d0e,chunk_focused_160,chunk,focused,1.0,1.0,1.0,1.0,0.8105,1.0,153.0,1.0,1.0
5a85d25b5542996432c570ee,chunk_focused_160,chunk,focused,0.0,0.6667,1.0,1.0,0.4331,1.0,157.0,1.0,1.0
5a7183575542994082a3e85e,chunk_focused_160,chunk,focused,0.0,0.0,0.0,0.0,0.2722,0.5,158.0,1.0,1.0
5adebea1554299728e26c7b6,chunk_focused_160,chunk,focused,0.0,0.0,0.0,0.5,0.2774,0.5,155.0,0.5,0.0
5a80a25d5542995d8a8ddfb7,chunk_focused_160,chunk,focused,0.0,0.0,0.0,0.0,0.2597,0.5,154.0,0.5,0.0
5a778b1e55429949eeb29ee3,chunk_focused_160,chunk,focused,0.0,0.0,1.0,1.0,0.6625,1.0,160.0,1.0,1.0
5ae6860e5542991bbc976112,chunk_focused_160,chunk,focused,0.0,0.7692,1.0,1.0,0.7303,1.0,152.0,1.0,1.0
5a7e058f5542995f4f402390,chunk_focused_160,chunk,focused,1.0,1.0,1.0,1.0,0.6519,1.0,158.0,1.0,1.0
5ab2a8b655429929539467ab,chunk_focused_160,chunk,focused,1.0,1.0,1.0,1.0,0.5166,1.0,151.0,1.0,1.0
5a8e06785542995085b37383,chunk_focused_160,chunk,focused,1.0,1.0,1.0,1.0,0.7188,1.0,160.0,1.0,1.0
5a7eb22655429930675135cb,chunk_focused_160,chunk,focused,0.0,0.0,1.0,1.0,0.6538,0.5,156.0,0.5,0.0
5ab298fb554299449642c922,chunk_focused_160,chunk,focused,1.0,1.0,1.0,1.0,0.4388,0.5,139.0,1.0,1.0
5ab27287554299722f9b4d2c,chunk_focused_160,chunk,focused,0.0,0.3333,1.0,1.0,0.6887,1.0,151.0,1.0,1.0
5ae0f2bf5542997b2ef7d09e,chunk_focused_160,chunk,focused,1.0,1.0,1.0,1.0,0.7569,1.0,144.0,1.0,1.0
5a838fcd5542992ef85e2305,chunk_focused_160,chunk,focused,0.0,0.8,0.0,0.6667,0.3046,0.5,151.0,0.5,0.0
5a79caec5542994bb94570ad,chunk_focused_160,chunk,focused,0.0,0.0,1.0,1.0,0.6188,1.0,160.0,1.0,1.0
5a73266d5542994cef4bc47d,chunk_focused_160,chunk,focused,1.0,1.0,1.0,1.0,0.3835,0.5,133.0,1.0,1.0
5a8de02b554299068b959e13,chunk_focused_160,chunk,focused,0.0,0.0,1.0,1.0,0.6813,1.0,160.0,1.0,1.0
5a89ba6b554299669944a584,chunk_focused_160,chunk,focused,1.0,1.0,1.0,1.0,1.0,1.0,140.0,1.0,1.0
5ae4ea2a5542993aec5ec0ee,chunk_focused_160,chunk,focused,0.0,0.2857,0.0,0.25,0.0,0.0,141.0,0.5,0.0
5a7796e05542992a6e59df0f,chunk_focused_160,chunk,focused,0.0,0.0,1.0,1.0,0.3169,0.5,142.0,1.0,1.0
5ab8627f5542990e739ec8da,chunk_focused_160,chunk,focused,0.0,0.3636,0.0,0.5556,0.7532,0.5,154.0,1.0,1.0
5a7456ec55429979e288290f,chunk_focused_160,chunk,focused,1.0,1.0,1.0,1.0,0.5226,0.5,155.0,1.0,1.0
5abc6fba554299700f9d78c7,chunk_focused_160,chunk,focused,1.0,1.0,1.0,1.0,0.5975,1.0,159.0,1.0,1.0
5ae1500655429920d52343cc,chunk_focused_160,chunk,focused,0.0,0.6667,1.0,1.0,0.1824,1.0,159.0,1.0,1.0
5a8c5569554299240d9c2126,chunk_focused_160,chunk,focused,0.0,0.0,0.0,0.0,0.4528,1.0,159.0,1.0,1.0
5a7cffb755429907fabef09f,chunk_focused_160,chunk,focused,0.0,0.0,0.0,0.0,0.1538,0.5,156.0,0.5,0.0
5abdaa0f55429965af743dad,chunk_focused_160,chunk,focused,0.0,0.3333,0.0,0.6667,0.2704,0.5,159.0,0.5,0.0
5add00805542992c1e3a2504,chunk_focused_160,chunk,focused,1.0,1.0,1.0,1.0,0.8491,1.0,159.0,1.0,1.0
5a8af11a55429950cd6afc21,chunk_focused_160,chunk,focused,0.0,0.0,0.0,0.0,0.0,0.0,158.0,0.5,0.0
5ac34994554299741d48a242,chunk_focused_160,chunk,focused,1.0,1.0,1.0,1.0,0.7095,1.0,148.0,1.0,1.0
5ab3e45655429976abd1bcd4,chunk_focused_160,chunk,focused,0.0,0.0,0.0,0.3333,0.2,0.5,150.0,0.5,0.0
5a77ace855429967ab105223,chunk_focused_160,chunk,focused,1.0,1.0,1.0,1.0,0.6258,1.0,155.0,1.0,1.0
5a802b595542995d8a8ddf51,chunk_focused_160,chunk,focused,0.0,0.0,1.0,1.0,0.0,0.0,143.0,0.5,0.0
5a8501915542997175ce1f5a,chunk_focused_160,chunk,focused,1.0,1.0,0.0,0.0,0.6575,1.0,146.0,1.0,1.0
5ab5f75e554299637185c64b,chunk_focused_160,chunk,focused,0.0,0.0,1.0,1.0,0.5646,1.0,147.0,1.0,1.0
5a9068075542990a9849361a,chunk_focused_160,chunk,focused,0.0,0.0,1.0,1.0,0.438,0.5,137.0,1.0,1.0
5ae676915542995703ce8b66,chunk_focused_160,chunk,focused,1.0,1.0,1.0,1.0,0.1169,0.5,154.0,0.5,0.0
5ae39e9c5542990afbd1e195,chunk_focused_160,chunk,focused,1.0,1.0,1.0,1.0,0.2704,0.5,159.0,0.5,0.0
5ae76d185542997ec2727641,chunk_focused_160,chunk,focused,0.0,0.0,0.0,0.0,0.3141,0.5,156.0,0.5,0.0
5a8a17685542993b751ca9f3,chunk_focused_160,chunk,focused,0.0,0.0,1.0,1.0,0.8284,1.0,134.0,1.0,1.0
5abbcba05542992ccd8e7fa3,chunk_focused_160,chunk,focused,1.0,1.0,1.0,1.0,0.5886,1.0,158.0,1.0,1.0
5a8b515e55429971feec46bb,chunk_focused_160,chunk,focused,0.0,0.6667,1.0,1.0,0.0,0.0,151.0,1.0,1.0
5ae22895554299495565da0c,chunk_focused_160,chunk,focused,0.0,0.0,0.0,0.0,0.0,0.0,130.0,1.0,1.0
5a83dd2c554299334474609e,chunk_focused_160,chunk,focused,0.0,0.0,0.0,0.0909,0.0,0.0,153.0,0.0,0.0
5abb76fa5542992ccd8e7f48,chunk_focused_160,chunk,focused,1.0,1.0,1.0,1.0,1.0,1.0,149.0,1.0,1.0
5ab4eecb55429942dd415faa,chunk_focused_160,chunk,focused,0.0,0.0,0.0,0.0,0.3185,0.5,157.0,1.0,1.0
5ae0b9b155429924de1b7152,chunk_focused_160,chunk,focused,0.0,0.0,0.0,0.0,0.5031,1.0,159.0,1.0,1.0
5a90629855429916514e749e,chunk_focused_160,chunk,focused,0.0,0.0,0.0,0.0,0.0,0.0,133.0,0.5,0.0
5a7a4f335542990198eaf11e,chunk_focused_160,chunk,focused,0.0,0.0,1.0,1.0,1.0,1.0,157.0,1.0,1.0
5ab674b7554299110f219a0c,chunk_focused_160,chunk,focused,1.0,1.0,1.0,1.0,0.6867,1.0,150.0,1.0,1.0
5ae406f055429970de88d874,chunk_focused_160,chunk,focused,1.0,1.0,1.0,1.0,0.5789,1.0,133.0,1.0,1.0
5a75441c55429916b01642cf,chunk_focused_160,chunk,focused,1.0,1.0,1.0,1.0,0.4839,1.0,155.0,1.0,1.0
5a8307c055429966c78a6af9,chunk_focused_160,chunk,focused,1.0,1.0,1.0,1.0,0.6225,1.0,151.0,1.0,1.0
5ae077805542993d6555eb6e,chunk_focused_160,chunk,focused,1.0,1.0,0.0,0.0,0.5535,1.0,159.0,1.0,1.0
5a7f19eb55429934daa2fcdb,chunk_focused_160,chunk,focused,1.0,1.0,1.0,1.0,0.6774,1.0,155.0,1.0,1.0
5adc1ae5554299438c868d5c,chunk_focused_160,chunk,focused,0.0,0.0,0.0,0.0,0.4286,0.5,154.0,1.0,1.0
5ae446175542995ad6573d1f,chunk_focused_160,chunk,focused,0.0,0.0,1.0,1.0,0.4467,0.5,150.0,0.5,0.0
5ac2eec55542990b17b154c1,chunk_focused_160,chunk,focused,0.0,0.5,0.0,0.3333,0.2739,0.5,157.0,1.0,1.0
5a836a765542996488c2e446,chunk_focused_160,chunk,focused,0.0,0.0,0.0,0.0,0.3841,0.5,151.0,1.0,1.0
5ae614215542992663a4f254,chunk_focused_160,chunk,focused,0.0,0.0,1.0,1.0,0.2327,0.5,159.0,0.5,0.0
5ade15a45542997545bbbe46,chunk_focused_160,chunk,focused,0.0,0.0,0.0,0.0,0.6438,1.0,160.0,1.0,1.0
5ac0641f554299294b218fbe,chunk_focused_160,chunk,focused,1.0,1.0,1.0,1.0,0.7821,1.0,156.0,1.0,1.0
5a7143625542994082a3e71e,chunk_focused_160,chunk,focused,0.0,0.0,1.0,1.0,0.5674,0.5,141.0,0.5,0.0
5a8c51f0554299240d9c2111,chunk_focused_160,chunk,focused,0.0,0.8,1.0,1.0,0.6333,1.0,150.0,1.0,1.0
5a8719fa55429960ec39b742,chunk_focused_160,chunk,focused,0.0,0.3333,1.0,1.0,0.5071,0.5,140.0,1.0,1.0
5ab67f4c55429953192ad2d9,chunk_focused_160,chunk,focused,1.0,1.0,1.0,1.0,0.6434,0.5,129.0,1.0,1.0
5a7326cd5542991f29ee2d11,chunk_focused_160,chunk,focused,1.0,1.0,1.0,1.0,0.7785,1.0,158.0,1.0,1.0
5ae0f4645542997b2ef7d0aa,chunk_focused_160,chunk,focused,0.0,0.6667,1.0,1.0,0.7481,1.0,135.0,1.0,1.0
5a8c5c6f554299653c1aa04d,chunk_focused_160,chunk,focused,0.0,0.0,0.0,0.0,0.5128,0.5,156.0,1.0,1.0
5abdb8ba5542993f32c2a015,chunk_focused_160,chunk,focused,0.0,0.0,1.0,1.0,0.5437,1.0,160.0,1.0,1.0
5ac11037554299294b21907a,chunk_focused_160,chunk,focused,0.0,0.6667,0.0,1.0,0.6711,0.5,149.0,0.5,0.0
5ab833ad5542990e739ec86f,chunk_focused_160,chunk,focused,0.0,0.0,0.0,0.0,0.1722,0.5,151.0,0.5,0.0
5a88f9555542995153361214,chunk_focused_160,chunk,focused,0.0,0.0,0.0,0.3333,0.5125,0.5,160.0,0.5,0.0
5a7e23655542997cc2c47528,chunk_focused_160,chunk,focused,0.0,0.0,0.0,0.0,0.3028,0.5,142.0,0.5,0.0
5abfe2a15542997d6429591c,chunk_focused_160,chunk,focused,0.0,0.3636,1.0,1.0,0.4323,1.0,155.0,1.0,1.0
5ae1fced5542997283cd230e,chunk_focused_160,chunk,focused,1.0,1.0,1.0,1.0,1.0,1.0,145.0,1.0,1.0
5a74994a55429974ef308c2e,chunk_focused_160,chunk,focused,1.0,1.0,1.0,1.0,0.805,1.0,159.0,1.0,1.0
5ae6f2a7554299572ea5464a,chunk_focused_160,chunk,focused,0.0,0.0,1.0,1.0,0.6076,0.5,158.0,1.0,1.0
5a7f3f7c55429934daa2fd45,chunk_focused_160,chunk,focused,1.0,1.0,1.0,1.0,0.5414,1.0,157.0,1.0,1.0
5a7543d555429916b01642ce,chunk_focused_160,chunk,focused,1.0,1.0,0.0,0.5,0.5,0.5,150.0,1.0,1.0
5ab938db5542996be2020454,chunk_focused_160,chunk,focused,1.0,1.0,1.0,1.0,0.5098,0.5,153.0,1.0,1.0
5ae30d4b55429928c42395cc,chunk_focused_160,chunk,focused,0.0,0.0,1.0,1.0,0.391,1.0,133.0,1.0,1.0
5ae622495542995703ce8b20,chunk_focused_160,chunk,focused,0.0,0.6667,1.0,1.0,0.2941,0.5,153.0,0.5,0.0
5ae0fb8855429920d523425b,chunk_focused_160,chunk,focused,0.0,0.4,0.0,0.3333,0.2075,0.5,159.0,0.5,0.0
5ae665795542991bbc9760c9,chunk_focused_160,chunk,focused,1.0,1.0,1.0,1.0,0.4388,0.5,139.0,1.0,1.0
5a77b13655429967ab105235,chunk_focused_160,chunk,focused,0.0,0.8,0.0,1.0,0.3506,0.5,154.0,1.0,1.0
5ae5415055429908b63265b7,chunk_focused_160,chunk,focused,1.0,1.0,1.0,1.0,1.0,1.0,133.0,1.0,1.0
5a7bb16f554299294a54aa9f,chunk_focused_160,chunk,focused,0.0,0.4,1.0,1.0,0.5975,1.0,159.0,1.0,1.0
5ab9b2c7554299743d22ebaf,chunk_focused_160,chunk,focused,1.0,1.0,0.0,0.0,0.5369,1.0,149.0,1.0,1.0
5a7b12a355429927d897bf2a,chunk_focused_160,chunk,focused,0.0,0.0,1.0,1.0,0.6065,1.0,155.0,1.0,1.0
5addfe1c5542995b365fabaf,chunk_focused_160,chunk,focused,1.0,1.0,0.0,0.0,0.3375,1.0,160.0,1.0,1.0
5a8391f55542996488c2e45c,chunk_focused_160,chunk,focused,0.0,0.0,1.0,1.0,0.4014,1.0,147.0,1.0,1.0
5ab91b6c55429934fafe6e5f,chunk_focused_160,chunk,focused,0.0,0.6667,1.0,1.0,0.5395,1.0,152.0,1.0,1.0
5a72a0be5542992359bc3143,chunk_focused_160,chunk,focused,0.0,0.0,1.0,1.0,1.0,1.0,146.0,1.0,1.0
5ae764a85542997b22f6a720,chunk_focused_160,chunk,focused,0.0,0.0,0.0,0.6667,0.5096,0.5,157.0,1.0,1.0
5adbfaa655429947ff173888,chunk_focused_160,chunk,focused,1.0,1.0,1.0,1.0,0.6039,1.0,154.0,1.0,1.0
5a8bc1565542996e8ac88a0c,chunk_focused_160,chunk,focused,0.0,0.8,1.0,1.0,0.4902,0.5,153.0,0.5,0.0
5ae236445542992decbdcc69,chunk_focused_160,chunk,focused,0.0,0.6667,0.0,0.5,0.5031,0.5,159.0,1.0,1.0
5adf58f15542993a75d264d2,chunk_focused_160,chunk,focused,0.0,0.0,0.0,0.0,0.0,0.0,155.0,0.5,0.0
5ae7281c5542991e8301cb69,chunk_focused_160,chunk,focused,1.0,1.0,1.0,1.0,1.0,1.0,145.0,1.0,1.0
5ac42ae45542997ea680ca18,chunk_focused_160,chunk,focused,0.0,0.8,1.0,1.0,0.6923,1.0,143.0,1.0,1.0
5a7312675542994cef4bc43d,chunk_focused_160,chunk,focused,0.0,0.4,1.0,1.0,0.6959,1.0,148.0,1.0,1.0
5ab1d7ac554299449642c7e6,chunk_focused_160,chunk,focused,0.0,0.0,1.0,1.0,0.5844,1.0,154.0,1.0,1.0
5a8e482c5542995a26add4c3,chunk_focused_160,chunk,focused,1.0,1.0,1.0,1.0,0.6645,1.0,155.0,1.0,1.0
5a7f924c55429969796c1aba,chunk_focused_160,chunk,focused,0.0,0.0,0.0,0.5,0.7107,0.5,159.0,0.5,0.0
5addda1b5542992200553b55,chunk_focused_160,chunk,focused,1.0,1.0,1.0,1.0,1.0,1.0,136.0,1.0,1.0
5a7d043755429909bec768f7,chunk_focused_160,chunk,focused,0.0,0.6667,1.0,1.0,0.3291,0.5,158.0,1.0,1.0
5a8089535542992bc0c4a762,chunk_focused_160,chunk,focused,1.0,1.0,1.0,1.0,0.6149,1.0,148.0,1.0,1.0
5abd049d5542992ac4f381a8,chunk_focused_160,chunk,focused,0.0,0.0,0.0,0.0,0.1961,0.5,153.0,1.0,1.0
5abbc7a055429931dba1451b,chunk_focused_160,chunk,focused,1.0,1.0,1.0,1.0,1.0,1.0,138.0,1.0,1.0
5abdc18555429965af743e2b,chunk_focused_160,chunk,focused,1.0,1.0,1.0,1.0,0.7375,1.0,160.0,1.0,1.0
5adc3a7055429947ff173913,chunk_focused_160,chunk,focused,1.0,1.0,1.0,1.0,0.8153,1.0,157.0,1.0,1.0
5abbdb335542992ccd8e7fc1,chunk_focused_160,chunk,focused,0.0,0.0,0.0,0.0,0.5987,1.0,157.0,1.0,1.0
5ac1a5b45542991316484b8b,chunk_focused_160,chunk,focused,0.0,0.0,0.0,0.0,0.5541,1.0,157.0,1.0,1.0
5ac2616b5542996366519997,chunk_focused_160,chunk,focused,0.0,0.0,0.0,0.0,0.4968,0.5,155.0,0.5,0.0
5ae3f6775542991a06ce9a3f,chunk_focused_160,chunk,focused,0.0,0.0,1.0,1.0,0.879,1.0,157.0,1.0,1.0
5a8f15ec554299458435d552,chunk_focused_160,chunk,focused,1.0,1.0,1.0,1.0,0.7799,1.0,159.0,1.0,1.0
5a8db9b3554299068b959dde,chunk_focused_160,chunk,focused,0.0,0.0,1.0,1.0,0.3312,1.0,157.0,1.0,1.0
5ab3f6b9554299753aec5a03,chunk_focused_160,chunk,focused,0.0,0.0,0.0,0.0,0.4557,0.5,158.0,0.5,0.0
5a736f7c5542991f29ee2e18,chunk_focused_160,chunk,focused,1.0,1.0,1.0,1.0,0.6301,1.0,146.0,1.0,1.0
5ae618535542995703ce8af7,chunk_focused_160,chunk,focused,0.0,0.0,0.0,0.1111,0.1523,0.5,151.0,0.5,0.0
5a8b05c855429949d91db46a,chunk_focused_160,chunk,focused,0.0,0.0,1.0,1.0,0.7219,1.0,151.0,1.0,1.0
5ac1d40c5542994d76dccef5,chunk_focused_160,chunk,focused,0.0,0.0,0.0,0.0,0.3563,0.5,160.0,0.5,0.0
5ae356045542990afbd1e10d,chunk_focused_160,chunk,focused,0.0,0.0,1.0,1.0,0.3624,0.5,149.0,0.5,0.0
5ae002ec55429925eb1afbdc,chunk_focused_160,chunk,focused,1.0,1.0,0.0,0.5,0.4276,0.5,152.0,0.5,0.0
5a89ddf25542992e4fca83ff,chunk_focused_160,chunk,focused,0.0,0.0,0.0,0.0,0.5385,0.5,130.0,1.0,1.0
5a903b7255429933b8a204ae,chunk_focused_160,chunk,focused,0.0,0.5,1.0,1.0,0.3861,1.0,158.0,1.0,1.0
5a84ac585542991dd0999d72,chunk_focused_160,chunk,focused,1.0,1.0,1.0,1.0,0.2387,0.5,155.0,1.0,1.0
5a7cad635542996dd594b97f,chunk_focused_160,chunk,focused,0.0,0.0,1.0,1.0,0.7296,1.0,159.0,1.0,1.0
5a75da6d5542992db94736fa,chunk_focused_160,chunk,focused,0.0,0.8,1.0,1.0,0.4,0.5,155.0,1.0,1.0
5ac4e13f554299076e296e2d,chunk_focused_160,chunk,focused,0.0,0.0,0.0,0.0,0.5069,0.5,144.0,1.0,1.0
5ab9b29c554299743d22ebae,chunk_focused_160,chunk,focused,1.0,1.0,1.0,1.0,0.7625,1.0,160.0,1.0,1.0
5ae2295c554299495565da13,chunk_focused_160,chunk,focused,0.0,0.3333,1.0,1.0,0.5157,1.0,159.0,1.0,1.0
5abd44d955429933744ab760,chunk_focused_160,chunk,focused,0.0,0.0,1.0,1.0,0.5229,0.5,153.0,1.0,1.0
5ae096d755429906c02daadf,chunk_focused_160,chunk,focused,1.0,1.0,1.0,1.0,0.2342,0.5,158.0,1.0,1.0
5abea6a05542993f32c2a18d,chunk_focused_160,chunk,focused,1.0,1.0,1.0,1.0,0.7347,1.0,147.0,1.0,1.0
5ae1319c55429920d5234301,chunk_focused_160,chunk,focused,1.0,1.0,1.0,1.0,0.7834,1.0,157.0,1.0,1.0
5ab60aec554299110f2199c3,chunk_focused_160,chunk,focused,1.0,1.0,1.0,1.0,0.6581,1.0,155.0,1.0,1.0
5ae4e2ca55429908b63264aa,chunk_focused_160,chunk,focused,1.0,1.0,1.0,1.0,0.7452,1.0,157.0,1.0,1.0
5ae25d2b554299495565da46,chunk_focused_160,chunk,focused,0.0,0.0,1.0,1.0,0.7484,1.0,159.0,1.0,1.0
5ade630e55429975fa854eb7,chunk_focused_160,chunk,focused,0.0,0.0,1.0,1.0,0.5127,0.5,158.0,1.0,1.0
5ab6be2f55429954757d335c,chunk_focused_160,chunk,focused,0.0,0.0,1.0,1.0,1.0,1.0,148.0,1.0,1.0
5a74a62b55429916b01641a0,chunk_focused_160,chunk,focused,0.0,0.5714,1.0,1.0,0.3378,1.0,148.0,1.0,1.0
5abcf299554299700f9d7936,chunk_focused_160,chunk,focused,0.0,0.0,0.0,0.0,0.2357,0.5,157.0,1.0,1.0
5adc6eb65542994650320cf3,chunk_focused_160,chunk,focused,0.0,0.0,0.0,0.0,0.7031,1.0,128.0,1.0,1.0
5ac1767a5542994d76dcce48,chunk_focused_160,chunk,focused,0.0,0.0,0.0,0.0,0.5283,0.5,159.0,0.5,0.0
5ab5dc44554299494045f089,chunk_focused_160,chunk,focused,1.0,1.0,1.0,1.0,0.2875,0.5,160.0,1.0,1.0
5a8f5273554299458435d5b1,chunk_focused_160,chunk,focused,0.0,0.0,0.0,0.5,0.0,0.0,159.0,0.5,0.0
5addeb685542992200553bb1,chunk_focused_160,chunk,focused,0.0,0.6667,1.0,1.0,0.4671,1.0,152.0,1.0,1.0
5a870a8e55429960ec39b707,chunk_focused_160,chunk,focused,0.0,0.0,1.0,1.0,0.8153,1.0,157.0,1.0,1.0
5a77ddb855429967ab1052d8,chunk_focused_160,chunk,focused,0.0,0.5714,0.0,0.4,0.3333,0.5,135.0,1.0,1.0
5ab38cdd5542992ade7c6de2,chunk_focused_160,chunk,focused,1.0,1.0,1.0,1.0,0.3631,0.5,157.0,1.0,1.0
5a8f24cc55429924144829e7,chunk_focused_160,chunk,focused,0.0,0.5,1.0,1.0,1.0,1.0,154.0,1.0,1.0
5ac401bb55429919431738f4,chunk_focused_160,chunk,focused,1.0,1.0,1.0,1.0,0.3841,0.5,138.0,0.5,0.0
5ab4b7d15542996a3a969fbc,chunk_focused_160,chunk,focused,1.0,1.0,0.0,0.0,0.4969,0.5,159.0,1.0,1.0
5a78f18855429974737f7915,chunk_focused_160,chunk,focused,1.0,1.0,1.0,1.0,0.1859,0.5,156.0,0.5,0.0
5a76394c5542994ccc918725,chunk_focused_160,chunk,focused,0.0,0.0,0.0,0.0,0.3056,0.5,144.0,0.5,0.0
5a78e49855429974737f78f3,chunk_focused_160,chunk,focused,1.0,1.0,1.0,1.0,0.4437,0.5,142.0,1.0,1.0
5a8fdb955542990a98493572,chunk_focused_160,chunk,focused,1.0,1.0,1.0,1.0,0.518,1.0,139.0,1.0,1.0
5a7b9f1f554299294a54aa2a,chunk_focused_160,chunk,focused,0.0,0.0,1.0,1.0,0.5641,1.0,156.0,1.0,1.0
5adc396155429944faac2479,chunk_focused_160,chunk,focused,1.0,1.0,0.0,0.0,0.3245,1.0,151.0,1.0,1.0
5a75357c5542996c70cfaeab,chunk_focused_160,chunk,focused,1.0,1.0,1.0,1.0,0.7682,1.0,151.0,1.0,1.0
5ac312ee5542995ef918c0ec,chunk_focused_160,chunk,focused,1.0,1.0,1.0,1.0,0.7086,1.0,151.0,1.0,1.0
5add38355542990dbb2f7dd0,chunk_focused_160,chunk,focused,0.0,0.0,1.0,1.0,0.4366,0.5,142.0,0.5,0.0
5ac471a5554299194317399a,chunk_focused_160,chunk,focused,0.0,0.0,0.0,0.0,0.0,0.0,128.0,0.5,0.0
5a70f1685542994082a3e40f,chunk_focused_160,chunk,focused,0.0,0.0,0.0,0.6667,0.6968,1.0,155.0,1.0,1.0
5ab5f372554299488d4d9a60,chunk_focused_160,chunk,focused,0.0,0.0,1.0,1.0,0.7959,1.0,147.0,1.0,1.0
5a7e1cd955429965cec5ea76,chunk_focused_160,chunk,focused,0.0,0.0,0.0,0.3333,0.0,0.0,159.0,0.0,0.0
5adce3265542992c1e3a2466,chunk_focused_160,chunk,focused,0.0,0.0,0.0,0.3333,0.3567,0.5,157.0,0.5,0.0
5a8adc935542992d82986fb0,chunk_focused_160,chunk,focused,0.0,0.0,1.0,1.0,0.5364,1.0,151.0,1.0,1.0
5a73bddb55429978a71e909d,chunk_focused_160,chunk,focused,0.0,0.8,1.0,1.0,0.7261,1.0,157.0,1.0,1.0
5ae5736e5542990ba0bbb2b3,chunk_focused_160,chunk,focused,0.0,0.0,0.0,0.0,0.4702,0.5,151.0,1.0,1.0
5a8d4cf35542994ba4e3dc5f,chunk_focused_160,chunk,focused,0.0,0.0,0.0,0.0,0.0,0.0,160.0,0.0,0.0
5a9023d355429916514e742f,chunk_focused_160,chunk,focused,0.0,0.0,0.0,0.0,0.2895,0.5,152.0,0.5,0.0
5adfad2b554299603e41835c,chunk_focused_160,chunk,focused,1.0,1.0,1.0,1.0,0.7361,1.0,144.0,1.0,1.0
5a8cddd1554299441c6b9f3a,chunk_focused_160,chunk,focused,0.0,0.8571,1.0,1.0,0.5556,0.5,153.0,1.0,1.0
5a79f6825542996c55b2dcb4,chunk_focused_160,chunk,focused,1.0,1.0,1.0,1.0,0.7124,1.0,153.0,1.0,1.0
5a8900c75542997e5c09a6ed,chunk_focused_160,chunk,focused,1.0,1.0,1.0,1.0,0.4968,1.0,155.0,1.0,1.0
5ab27f7b554299722f9b4d4f,chunk_focused_160,chunk,focused,0.0,0.0,0.0,0.0,0.0,0.0,151.0,0.5,0.0
5ac257fe55429951e9e68562,chunk_focused_160,chunk,focused,0.0,0.4,1.0,1.0,0.1447,0.5,152.0,1.0,1.0
5ab94cf0554299743d22eade,chunk_focused_160,chunk,focused,0.0,0.0,0.0,0.0,0.5672,0.5,134.0,1.0,1.0
5ac017945542997d642959bc,chunk_focused_160,chunk,focused,0.0,0.0,0.0,0.0,0.2628,0.5,156.0,0.5,0.0
5ac19d4c55429963665198bb,chunk_focused_160,chunk,focused,1.0,1.0,1.0,1.0,0.4452,0.5,155.0,1.0,1.0
5abbd2575542993f40c73bbd,chunk_focused_160,chunk,focused,0.0,0.0,0.0,0.0,0.4938,0.5,160.0,0.5,0.0
5a888b8e5542997e5c09a60a,chunk_focused_160,chunk,focused,0.0,0.0,1.0,1.0,0.6839,1.0,155.0,1.0,1.0
5a712e895542994082a3e636,chunk_focused_160,chunk,focused,0.0,0.0,0.0,0.3333,0.2961,0.5,152.0,1.0,1.0
5a85ecf25542991dd0999ec6,chunk_focused_160,chunk,focused,1.0,1.0,1.0,1.0,0.5195,1.0,154.0,1.0,1.0
5adfe6c455429906c02daa85,chunk_focused_160,chunk,focused,1.0,1.0,1.0,1.0,0.2452,0.5,155.0,0.5,0.0
5ac448185542995c82c4ad1b,chunk_focused_160,chunk,focused,0.0,0.0,1.0,1.0,0.0,0.0,151.0,1.0,1.0
5ae1faf15542997f29b3c1e3,chunk_focused_160,chunk,focused,1.0,1.0,1.0,1.0,0.3007,1.0,143.0,1.0,1.0
5ab7af9d5542993667793fe9,chunk_focused_160,chunk,focused,0.0,0.0,0.0,0.0,0.5188,0.5,160.0,1.0,1.0
5ae1e9635542997f29b3c19e,chunk_focused_160,chunk,focused,1.0,1.0,1.0,1.0,0.76,1.0,150.0,1.0,1.0
5ade28cf5542997c77aded85,chunk_focused_160,chunk,focused,1.0,1.0,1.0,1.0,0.6423,1.0,137.0,1.0,1.0
5a7b116a554299042af8f6c4,chunk_focused_160,chunk,focused,0.0,0.0,0.0,0.0,0.2231,0.5,130.0,0.5,0.0
5a72f1cf5542994cef4bc414,chunk_focused_160,chunk,focused,1.0,1.0,1.0,1.0,0.25,0.5,156.0,0.5,0.0
5ab7b3cc55429928e1fe3893,chunk_focused_160,chunk,focused,0.0,0.0,0.0,0.0,0.557,1.0,158.0,1.0,1.0
5ae32b6755429928c4239644,chunk_focused_160,chunk,focused,1.0,1.0,1.0,1.0,1.0,1.0,150.0,1.0,1.0
5ab3c53955429969a97a81b9,chunk_focused_160,chunk,focused,0.0,0.0,0.0,0.0,0.0,0.0,156.0,0.5,0.0
5a8b349a55429971feec466b,chunk_focused_160,chunk,focused,0.0,0.0,1.0,1.0,0.8676,1.0,136.0,1.0,1.0
5ac2db67554299657fa290a6,chunk_focused_160,chunk,focused,0.0,0.0,1.0,1.0,0.7405,1.0,158.0,1.0,1.0
5ab5ec2a5542992aa134a3e3,chunk_focused_160,chunk,focused,0.0,0.0,1.0,1.0,0.3529,0.5,153.0,1.0,1.0
5ab661ac5542995eadeeffb1,chunk_focused_160,chunk,focused,0.0,0.5,0.0,0.6667,0.5944,0.5,143.0,0.5,0.0
5abee69c5542993fe9a41d8b,chunk_focused_160,chunk,focused,0.0,0.75,1.0,1.0,0.6139,1.0,158.0,1.0,1.0
5ac0aab35542992a796ded5c,chunk_focused_160,chunk,focused,1.0,1.0,1.0,1.0,0.5157,1.0,159.0,1.0,1.0
5a84c4b05542991dd0999deb,chunk_focused_160,chunk,focused,0.0,0.0,0.0,0.0,0.4079,1.0,152.0,1.0,1.0
5abd6be55542993062266c89,chunk_focused_160,chunk,focused,0.0,0.0,0.0,0.25,0.1391,0.5,151.0,1.0,1.0
5a8a19c45542992e4fca8501,chunk_focused_160,chunk,focused,0.0,0.0,0.0,0.0,0.0846,0.5,130.0,1.0,1.0
5abcef9e55429959677d6b52,chunk_focused_160,chunk,focused,0.0,0.75,1.0,1.0,0.5612,1.0,139.0,1.0,1.0
5a81c7d15542990a1d231ea9,chunk_focused_160,chunk,focused,0.0,0.0,0.0,0.75,0.434,0.5,159.0,1.0,1.0
5adccaca5542994d58a2f6d5,chunk_focused_160,chunk,focused,1.0,1.0,1.0,1.0,0.1635,0.5,159.0,0.5,0.0
5a84f5865542991dd0999e30,chunk_focused_160,chunk,focused,0.0,0.5,0.0,0.0,0.462,0.5,158.0,0.5,0.0
5a7633ff5542994ccc918712,chunk_focused_160,chunk,focused,1.0,1.0,1.0,1.0,0.7279,1.0,147.0,1.0,1.0
5a8d7f2b554299068b959d0c,chunk_focused_160,chunk,focused,1.0,1.0,1.0,1.0,0.5099,0.5,151.0,1.0,1.0
5ac3def75542997ea680c95f,chunk_focused_160,chunk,focused,0.0,0.0,0.0,0.0,0.5226,0.5,155.0,1.0,1.0
5ae6316d5542996de7b71b87,chunk_focused_160,chunk,focused,0.0,0.3333,0.0,0.25,0.5804,0.5,143.0,1.0,1.0
5ab5eed65542997d4ad1f25c,chunk_focused_160,chunk,focused,1.0,1.0,1.0,1.0,0.1931,1.0,145.0,1.0,1.0
5ab29c24554299449642c932,chunk_focused_160,chunk,focused,1.0,1.0,0.0,0.0,0.4118,1.0,136.0,1.0,1.0
5ab809195542991d3222380f,chunk_focused_160,chunk,focused,1.0,1.0,1.0,1.0,0.5032,1.0,157.0,1.0,1.0
5a834ed95542990548d0b1ca,chunk_focused_160,chunk,focused,0.0,0.6667,1.0,1.0,0.7838,1.0,148.0,1.0,1.0
5ade9545554299728e26c740,chunk_focused_160,chunk,focused,1.0,1.0,1.0,1.0,0.3542,0.5,144.0,0.5,0.0
5a8b97485542995d1e6f140f,chunk_focused_160,chunk,focused,0.0,0.0,1.0,1.0,0.5283,1.0,159.0,1.0,1.0
5ac056385542997d64295a08,chunk_focused_160,chunk,focused,1.0,1.0,1.0,1.0,1.0,1.0,154.0,1.0,1.0
5abd96fe5542992ac4f382d9,chunk_focused_160,chunk,focused,0.0,0.0,1.0,1.0,0.3067,1.0,150.0,1.0,1.0
5ae2138c5542997283cd23b7,chunk_submod_160,chunk,submod,0.0,0.0,0.0,0.0,0.6269,1.0,134.0,1.0,1.0
5a77152355429966f1a36c2e,chunk_submod_160,chunk,submod,0.0,0.0,1.0,1.0,0.1971,0.5,137.0,0.5,0.0
5ade99ad554299728e26c75d,chunk_submod_160,chunk,submod,0.0,0.4,1.0,1.0,0.6103,1.0,136.0,1.0,1.0
5ab81cff5542990e739ec827,chunk_submod_160,chunk,submod,1.0,1.0,1.0,1.0,0.2714,0.5,140.0,1.0,1.0
5ae5be02554299546bf82f3e,chunk_submod_160,chunk,submod,1.0,1.0,1.0,1.0,0.8145,1.0,124.0,1.0,1.0
5ae3f1bb5542995ad6573cbe,chunk_submod_160,chunk,submod,1.0,1.0,1.0,1.0,0.9197,1.0,137.0,1.0,1.0
5a8389445542996488c2e450,chunk_submod_160,chunk,submod,1.0,1.0,1.0,1.0,0.5944,1.0,143.0,1.0,1.0
5a89fc305542993b751ca9dc,chunk_submod_160,chunk,submod,1.0,1.0,1.0,1.0,0.4214,0.5,159.0,1.0,1.0
5a85bc2d5542994c784ddb70,chunk_submod_160,chunk,submod,1.0,1.0,1.0,1.0,0.5375,1.0,160.0,1.0,1.0
5a7b1c745542992d025e6777,chunk_submod_160,chunk,submod,0.0,0.0,0.0,0.25,0.38,0.5,150.0,0.5,0.0
5ae2d8fb55429928c42394fa,chunk_submod_160,chunk,submod,0.0,0.0,0.0,0.2,0.2214,0.5,140.0,0.5,0.0
5ae7f6be554299540e5a56db,chunk_submod_160,chunk,submod,1.0,1.0,1.0,1.0,0.6107,1.0,149.0,1.0,1.0
5a773ae055429972597f14b0,chunk_submod_160,chunk,submod,1.0,1.0,1.0,1.0,0.4583,1.0,144.0,1.0,1.0
5a75abbb5542992d0ec05fd9,chunk_submod_160,chunk,submod,1.0,1.0,1.0,1.0,0.2595,0.5,158.0,0.5,0.0
5ae4c49a5542995dadf24400,chunk_submod_160,chunk,submod,0.0,0.0,0.0,0.0,0.1678,0.5,149.0,0.5,0.0
5ac44813554299194317396b,chunk_submod_160,chunk,submod,1.0,1.0,1.0,1.0,0.5032,1.0,157.0,1.0,1.0
5abfc8675542993fe9a41e52,chunk_submod_160,chunk,submod,1.0,1.0,1.0,1.0,0.1633,0.5,147.0,1.0,1.0
5a8aeadc55429950cd6afbe0,chunk_submod_160,chunk,submod,1.0,1.0,1.0,1.0,0.0992,0.5,131.0,1.0,1.0
5ab2082f554299722f9b4c9f,chunk_submod_160,chunk,submod,0.0,0.0,1.0,1.0,0.7468,1.0,158.0,1.0,1.0
5ae0ba15554299603e41844d,chunk_submod_160,chunk,submod,1.0,1.0,1.0,1.0,0.2838,1.0,148.0,1.0,1.0
5a7332935542991f9a20c67d,chunk_submod_160,chunk,submod,0.0,0.0,1.0,1.0,0.4094,0.5,127.0,1.0,1.0
5a9068f85542990a98493623,chunk_submod_160,chunk,submod,0.0,0.0,0.0,0.0,0.589,1.0,146.0,1.0,1.0
5addd5795542990dbb2f7e9d,chunk_submod_160,chunk,submod,1.0,1.0,1.0,1.0,0.5252,1.0,139.0,1.0,1.0
5adfa3da554299025d62a317,chunk_submod_160,chunk,submod,0.0,0.0,0.0,0.0,0.3041,0.5,148.0,0.5,0.0
5ae6443355429908198fa563,chunk_submod_160,chunk,submod,0.0,0.0,0.0,0.0,0.6986,1.0,146.0,1.0,1.0
5ab98608554299131ca42362,chunk_submod_160,chunk,submod,1.0,1.0,1.0,1.0,0.2628,0.5,156.0,0.5,0.0
5ae61bfd5542992663a4f261,chunk_submod_160,chunk,submod,0.0,0.0,0.0,0.0,0.2436,0.5,156.0,0.5,0.0
5ab870ed55429934fafe6db9,chunk_submod_160,chunk,submod,1.0,1.0,1.0,1.0,0.3944,0.5,142.0,0.5,0.0
5abcfc365542993a06baf9d6,chunk_submod_160,chunk,submod,0.0,0.0,0.0,0.0,0.0,0.0,148.0,0.5,0.0
5add63845542992ae4cec541,chunk_submod_160,chunk,submod,0.0,0.0,0.0,0.2,0.2338,0.5,154.0,1.0,1.0
5ae2a0a1554299495565dae9,chunk_submod_160,chunk,submod,1.0,1.0,1.0,1.0,0.5649,1.0,154.0,1.0,1.0
5a84eecd5542994c784dda8e,chunk_submod_160,chunk,submod,1.0,1.0,1.0,1.0,0.5948,1.0,153.0,1.0,1.0
5a85fa815542996432c57155,chunk_submod_160,chunk,submod,0.0,0.0,0.0,0.0,0.4717,0.5,159.0,1.0,1.0
5a84a5385542990548d0b2d9,chunk_submod_160,chunk,submod,1.0,1.0,1.0,1.0,0.5906,1.0,149.0,1.0,1.0
5a78f26055429970f5fffdeb,chunk_submod_160,chunk,submod,0.0,0.8,1.0,1.0,0.519,1.0,158.0,1.0,1.0
5a86edcc55429960ec39b6da,chunk_submod_160,chunk,submod,1.0,1.0,1.0,1.0,0.2484,0.5,153.0,1.0,1.0
5ae7766455429952e35ea920,chunk_submod_160,chunk,submod,0.0,0.0,1.0,1.0,0.6711,1.0,152.0,1.0,1.0
5a77863555429949eeb29ec6,chunk_submod_160,chunk,submod,0.0,0.6667,1.0,1.0,0.3136,1.0,118.0,1.0,1.0
5ab3cc395542992ade7c6e9f,chunk_submod_160,chunk,submod,0.0,0.0,1.0,1.0,0.3022,0.5,139.0,1.0,1.0
5add016e5542992c1e3a250b,chunk_submod_160,chunk,submod,0.0,0.0,1.0,1.0,0.7032,1.0,155.0,1.0,1.0
5a8bd9c95542997f31a41de2,chunk_submod_160,chunk,submod,1.0,1.0,1.0,1.0,0.5147,1.0,136.0,1.0,1.0
5a8f13d55542997ba9cb31c9,chunk_submod_160,chunk,submod,1.0,1.0,1.0,1.0,0.8188,1.0,138.0,1.0,1.0
5ac248fd55429951e9e68525,chunk_submod_160,chunk,submod,0.0,0.0,0.0,0.0,0.2857,0.5,147.0,0.5,0.0
5adbcd475542996e68525240,chunk_submod_160,chunk,submod,1.0,1.0,1.0,1.0,0.3893,0.5,149.0,1.0,1.0
5a7c8a3b55429935c91b5204,chunk_submod_160,chunk,submod,1.0,1.0,1.0,1.0,0.7987,1.0,149.0,1.0,1.0
5a7f40de5542992e7d278cc8,chunk_submod_160,chunk,submod,0.0,0.0,0.0,0.6667,0.4516,0.5,155.0,0.5,0.0
5ab2c6a955429916697740c2,chunk_submod_160,chunk,submod,0.0,0.0,1.0,1.0,0.2095,0.5,148.0,1.0,1.0
5ac3165c5542995ef918c10a,chunk_submod_160,chunk,submod,1.0,1.0,1.0,1.0,0.1613,0.5,155.0,0.5,0.0
5a7577145542996c70cfaf03,chunk_submod_160,chunk,submod,0.0,0.5714,0.0,1.0,0.5455,0.5,132.0,1.0,1.0
5a8f45385542997ba9cb320a,chunk_submod_160,chunk,submod,0.0,0.0,1.0,1.0,0.4729,1.0,129.0,1.0,1.0
5adea83b55429975fa854f53,chunk_submod_160,chunk,submod,0.0,0.0,1.0,1.0,0.5724,1.0,145.0,1.0,1.0
5ab4428c5542990594ba9bda,chunk_submod_160,chunk,submod,0.0,0.0,0.0,0.0,0.2125,0.5,160.0,1.0,1.0
5a90692f5542990a98493625,chunk_submod_160,chunk,submod,1.0,1.0,1.0,1.0,0.5338,1.0,133.0,1.0,1.0
5ae68a065542991bbc97611e,chunk_submod_160,chunk,submod,0.0,0.0,0.0,0.0,0.3291,0.5,158.0,0.5,0.0
5ab2929a554299449642c900,chunk_submod_160,chunk,submod,0.0,0.8,1.0,1.0,0.4813,1.0,160.0,1.0,1.0
5adf434c5542993a75d26462,chunk_submod_160,chunk,submod,1.0,1.0,1.0,1.0,0.5986,1.0,142.0,1.0,1.0
5ac4ecea55429919431739fd,chunk_submod_160,chunk,submod,0.0,0.0,0.0,0.25,0.3052,0.5,154.0,0.5,0.0
5a85dfcc5542994775f60673,chunk_submod_160,chunk,submod,0.0,0.6667,0.0,0.5,0.4872,1.0,156.0,1.0,1.0
5a8085705542992bc0c4a74b,chunk_submod_160,chunk,submod,1.0,1.0,1.0,1.0,0.5425,1.0,153.0,1.0,1.0
5ae3992d5542994393b9e722,chunk_submod_160,chunk,submod,0.0,0.0,1.0,1.0,0.6093,1.0,151.0,1.0,1.0
5ae7793c554299540e5a55c2,chunk_submod_160,chunk,submod,0.0,0.0,1.0,1.0,0.5664,1.0,143.0,1.0,1.0
5a7f46115542994857a766d9,chunk_submod_160,chunk,submod,0.0,0.0,0.0,0.3333,0.3485,0.5,132.0,1.0,1.0
5a7380b955429908901be2d4,chunk_submod_160,chunk,submod,0.0,0.0,1.0,1.0,0.5577,1.0,156.0,1.0,1.0
5abfd3d65542994516f4550b,chunk_submod_160,chunk,submod,1.0,1.0,0.0,0.0,0.805,1.0,159.0,1.0,1.0
5abf2e605542993fe9a41de4,chunk_submod_160,chunk,submod,0.0,0.0,1.0,1.0,0.7923,1.0,130.0,1.0,1.0
5ae256435542992decbdccc3,chunk_submod_160,chunk,submod,1.0,1.0,1.0,1.0,0.3816,1.0,152.0,1.0,1.0
5ab819065542995dae37ea3c,chunk_submod_160,chunk,submod,0.0,0.0,1.0,1.0,0.6937,1.0,160.0,1.0,1.0
5adfb10855429942ec259af9,chunk_submod_160,chunk,submod,1.0,1.0,1.0,1.0,0.3151,1.0,146.0,1.0,1.0
5ae0a54e5542993d6555ebdd,chunk_submod_160,chunk,submod,0.0,0.8,0.0,0.6667,0.6029,0.5,136.0,1.0,1.0
5ab327bc554299233954ff33,chunk_submod_160,chunk,submod,0.0,0.4,0.0,0.6667,0.1633,0.5,147.0,1.0,1.0
5a7c703055429935c91b51aa,chunk_submod_160,chunk,submod,0.0,0.8571,1.0,1.0,0.4286,1.0,140.0,1.0,1.0
5abe19895542991f661060c2,chunk_submod_160,chunk,submod,0.0,0.0,1.0,1.0,0.4184,0.5,141.0,1.0,1.0
5ac26d4d55429951e9e685b7,chunk_submod_160,chunk,submod,0.0,0.0,1.0,1.0,0.7987,1.0,149.0,1.0,1.0
5add95035542990dbb2f7e77,chunk_submod_160,chunk,submod,0.0,0.0,0.0,0.5,0.2763,1.0,152.0,1.0,1.0
5adc46665542994650320cc8,chunk_submod_160,chunk,submod,0.0,0.0,0.0,0.0,0.0,0.0,130.0,0.0,0.0
5ac259125542992f1f2b3867,chunk_submod_160,chunk,submod,0.0,0.8571,1.0,1.0,0.566,1.0,159.0,1.0,1.0
5a81624d5542995ce29dcbf1,chunk_submod_160,chunk,submod,1.0,1.0,1.0,1.0,0.5113,1.0,133.0,1.0,1.0
5a7933b255429907847277eb,chunk_submod_160,chunk,submod,1.0,1.0,1.0,1.0,0.566,1.0,159.0,1.0,1.0
5a7754d85542993735360234,chunk_submod_160,chunk,submod,0.0,0.8,1.0,1.0,0.5541,1.0,157.0,1.0,1.0
5a80c01855429938b61421b8,chunk_submod_160,chunk,submod,0.0,0.5,0.0,0.5,0.531,1.0,145.0,1.0,1.0
5ab2b61d5542991669774065,chunk_submod_160,chunk,submod,0.0,0.0,1.0,1.0,0.6667,1.0,126.0,1.0,1.0
5ae8167b55429952e35eaa06,chunk_submod_160,chunk,submod,0.0,0.0,1.0,1.0,0.2987,0.5,154.0,1.0,1.0
5a7bacf35542997c3ec9724b,chunk_submod_160,chunk,submod,0.0,0.5714,0.0,0.4,0.128,0.5,125.0,1.0,1.0
5ac2610455429951e9e68592,chunk_submod_160,chunk,submod,0.0,0.5,1.0,1.0,0.5097,1.0,155.0,1.0,1.0
5a7c827e55429907fabeefa7,chunk_submod_160,chunk,submod,0.0,0.0,0.0,0.0,0.2697,0.5,152.0,0.5,0.0
5a81711455429938b614233e,chunk_submod_160,chunk,submod,0.0,0.0,0.0,0.0,0.6069,1.0,145.0,1.0,1.0
5adfd0d655429942ec259b4e,chunk_submod_160,chunk,submod,0.0,0.0,1.0,1.0,0.5157,1.0,159.0,1.0,1.0
5adc85b855429944faac24e9,chunk_submod_160,chunk,submod,1.0,1.0,0.0,1.0,0.7055,1.0,146.0,1.0,1.0
5abfde655542997719eab6f2,chunk_submod_160,chunk,submod,0.0,0.0,1.0,1.0,0.2642,0.5,159.0,1.0,1.0
5a72953b5542994cef4bc357,chunk_submod_160,chunk,submod,0.0,0.0,0.0,0.0,0.0,0.0,139.0,1.0,1.0
5ab989f755429970cfb8eb38,chunk_submod_160,chunk,submod,0.0,0.8,1.0,1.0,0.28,0.5,150.0,0.5,0.0
5ae2133e554299495565d9e3,chunk_submod_160,chunk,submod,0.0,0.0,0.0,0.0,0.3875,1.0,160.0,1.0,1.0
5a82d71555429966c78a6a94,chunk_submod_160,chunk,submod,0.0,0.0,0.0,0.0,0.4367,1.0,158.0,1.0,1.0
5ae1c3cd554299492dc91b87,chunk_submod_160,chunk,submod,0.0,0.4,0.0,0.5,0.4717,0.5,159.0,1.0,1.0
5ac2583b55429951e9e68565,chunk_submod_160,chunk,submod,1.0,1.0,1.0,1.0,0.32,1.0,150.0,1.0,1.0
5a82a55955429966c78a6a70,chunk_submod_160,chunk,submod,0.0,0.0,0.0,0.2,0.0,0.0,151.0,0.0,0.0
5ae5dae2554299546bf82fa4,chunk_submod_160,chunk,submod,1.0,1.0,1.0,1.0,0.7244,1.0,156.0,1.0,1.0
5ac195455542991316484b40,chunk_submod_160,chunk,submod,0.0,0.0,0.0,0.0,0.3484,0.5,155.0,0.5,0.0
5ae785685542994a481bbd47,chunk_submod_160,chunk,submod,1.0,1.0,1.0,1.0,0.4773,1.0,132.0,1.0,1.0
5ae5429355429908b63265c5,chunk_submod_160,chunk,submod,0.0,0.0,0.0,0.0,0.2759,0.5,145.0,1.0,1.0
5a8ba60b554299240d9c205b,chunk_submod_160,chunk,submod,1.0,1.0,1.0,1.0,0.5817,1.0,153.0,1.0,1.0
5a82f05255429966c78a6aa2,chunk_submod_160,chunk,submod,1.0,1.0,1.0,1.0,0.4932,1.0,146.0,1.0,1.0
5abfea825542994516f45527,chunk_submod_160,chunk,submod,0.0,0.0,0.0,0.0,0.0,0.0,156.0,0.0,0.0
5aba6f3e55429955dce3ee21,chunk_submod_160,chunk,submod,0.0,0.0,0.0,0.0,0.2313,0.5,134.0,1.0,1.0
5ae113de55429901ffe4ad51,chunk_submod_160,chunk,submod,0.0,0.0,1.0,1.0,0.4769,1.0,130.0,1.0,1.0
5adce4f65542992c1e3a2474,chunk_submod_160,chunk,submod,1.0,1.0,1.0,1.0,0.3231,0.5,130.0,1.0,1.0
5ab27587554299449642c8af,chunk_submod_160,chunk,submod,1.0,1.0,1.0,1.0,0.303,0.5,132.0,1.0,1.0
5a7323ad5542994cef4bc476,chunk_submod_160,chunk,submod,0.0,0.0,1.0,1.0,0.2388,0.5,134.0,1.0,1.0
5abc17555542993a06baf858,chunk_submod_160,chunk,submod,0.0,0.0,0.0,0.0,0.1842,0.5,152.0,0.5,0.0
5ab9fe1255429939ce03dc40,chunk_submod_160,chunk,submod,0.0,0.0,0.0,0.25,0.2857,0.5,126.0,1.0,1.0
5a8b6ac055429949d91db5a5,chunk_submod_160,chunk,submod,0.0,0.8,1.0,1.0,0.777,1.0,139.0,1.0,1.0
5a87136e5542991e771816b2,chunk_submod_160,chunk,submod,0.0,0.0,0.0,0.0,0.3913,0.5,138.0,1.0,1.0
5abff0625542997ec76fd476,chunk_submod_160,chunk,submod,0.0,0.6667,1.0,1.0,0.2649,0.5,151.0,0.5,0.0
5a7526945542993748c897d2,chunk_submod_160,chunk,submod,0.0,0.0,0.0,0.0,0.3226,0.5,155.0,0.5,0.0
5abc8620554299700f9d78e2,chunk_submod_160,chunk,submod,1.0,1.0,1.0,1.0,0.669,1.0,145.0,1.0,1.0
5a72a3c45542994cef4bc3ac,chunk_submod_160,chunk,submod,0.0,0.0,0.0,0.0,0.6242,0.5,149.0,0.5,0.0
5ac170af5542994d76dcce20,chunk_submod_160,chunk,submod,0.0,0.6667,1.0,1.0,0.3514,0.5,148.0,1.0,1.0
5ae5f3bb5542996de7b71a7e,chunk_submod_160,chunk,submod,0.0,0.0,1.0,1.0,0.3767,0.5,146.0,0.5,0.0
5a7f7ca25542994857a76747,chunk_submod_160,chunk,submod,0.0,0.0,1.0,1.0,0.7871,1.0,155.0,1.0,1.0
5adca8375542990d50227cd4,chunk_submod_160,chunk,submod,0.0,0.0,0.0,0.0,0.461,0.5,154.0,0.5,0.0
5ac3e1075542995c82c4ac78,chunk_submod_160,chunk,submod,1.0,1.0,1.0,1.0,0.7615,1.0,130.0,1.0,1.0
5a7db0915542990b8f503a30,chunk_submod_160,chunk,submod,1.0,1.0,1.0,1.0,0.6226,1.0,159.0,1.0,1.0
5a81e04455429903bc27b9f9,chunk_submod_160,chunk,submod,0.0,0.0,0.0,0.125,0.0,0.0,159.0,0.5,0.0
5a8a573355429970aeb7029a,chunk_submod_160,chunk,submod,0.0,0.0,0.0,0.4,0.3669,1.0,139.0,1.0,1.0
5a75e60e55429976ec32bc88,chunk_submod_160,chunk,submod,0.0,0.0,0.0,0.0,0.2955,0.5,132.0,0.5,0.0
5abce73055429959677d6b34,chunk_submod_160,chunk,submod,0.0,0.0,1.0,1.0,0.5733,1.0,150.0,1.0,1.0
5a87572d5542994846c1cd6b,chunk_submod_160,chunk,submod,0.0,0.0,0.0,0.25,0.3459,0.5,159.0,0.5,0.0
5a89761d5542995153361310,chunk_submod_160,chunk,submod,1.0,1.0,1.0,1.0,0.6093,1.0,151.0,1.0,1.0
5a8d5f16554299585d9e37c5,chunk_submod_160,chunk,submod,1.0,1.0,1.0,1.0,0.675,1.0,160.0,1.0,1.0
5ae7cea355429952e35ea9c1,chunk_submod_160,chunk,submod,0.0,0.0,1.0,1.0,0.2929,0.5,140.0,0.5,0.0
5ab600fb554299488d4d9a82,chunk_submod_160,chunk,submod,0.0,0.0,1.0,1.0,0.2789,0.5,147.0,0.5,0.0
5a7f7c285542994857a76746,chunk_submod_160,chunk,submod,0.0,0.0,0.0,0.0,0.3935,1.0,155.0,1.0,1.0
5ade61fd554299728e26c704,chunk_submod_160,chunk,submod,0.0,0.0,0.0,0.0,0.4459,1.0,148.0,1.0,1.0
5a73630655429901807db020,chunk_submod_160,chunk,submod,1.0,1.0,1.0,1.0,0.2857,0.5,147.0,1.0,1.0
5ab916e155429919ba4e23a4,chunk_submod_160,chunk,submod,0.0,0.5,1.0,1.0,0.7078,1.0,154.0,1.0,1.0
5ae0af5555429945ae95941e,chunk_submod_160,chunk,submod,1.0,1.0,1.0,1.0,0.5672,1.0,134.0,1.0,1.0
5a865bbf5542991e77181615,chunk_submod_160,chunk,submod,0.0,0.0,1.0,1.0,0.4338,1.0,136.0,1.0,1.0
5a8fa20555429918e830d298,chunk_submod_160,chunk,submod,0.0,0.0,1.0,1.0,0.5813,1.0,160.0,1.0,1.0
5ab97cd0554299753720f81a,chunk_submod_160,chunk,submod,0.0,0.0,0.0,0.0,0.2721,1.0,147.0,1.0,1.0
5ae7ed9555429952e35ea9e6,chunk_submod_160,chunk,submod,0.0,0.0,1.0,1.0,0.4026,1.0,154.0,1.0,1.0
5aded1595542995ec70e8f29,chunk_submod_160,chunk,submod,0.0,0.8571,1.0,1.0,0.7857,1.0,140.0,1.0,1.0
5adc3aff5542996e685252eb,chunk_submod_160,chunk,submod,0.0,0.0,0.0,0.5,0.3028,0.5,142.0,0.5,0.0
5ae2ee5e5542991a06ce990a,chunk_submod_160,chunk,submod,0.0,0.6667,1.0,1.0,0.6736,1.0,144.0,1.0,1.0
5a8e42d15542995a26add4a6,chunk_submod_160,chunk,submod,0.0,0.0,1.0,1.0,0.2353,0.5,153.0,1.0,1.0
5a7a33a35542994f819ef14c,chunk_submod_160,chunk,submod,0.0,0.0,1.0,1.0,0.4797,1.0,148.0,1.0,1.0
5ae69fa755429908198fa66c,chunk_submod_160,chunk,submod,0.0,0.0,0.0,0.0,0.2746,0.5,142.0,0.5,0.0
5a7e279d5542995ed0d166b5,chunk_submod_160,chunk,submod,0.0,0.0,0.0,0.0,0.2026,0.5,153.0,0.5,0.0
5a79c6a55542994bb9457091,chunk_submod_160,chunk,submod,0.0,0.8,1.0,1.0,0.6913,1.0,149.0,1.0,1.0
5a739d8c55429905862fe073,chunk_submod_160,chunk,submod,0.0,0.0,0.0,0.0,0.3533,0.5,150.0,0.5,0.0
5a7fc21455429969796c1b4b,chunk_submod_160,chunk,submod,1.0,1.0,1.0,1.0,0.5328,1.0,137.0,1.0,1.0
5ae1da385542997283cd2297,chunk_submod_160,chunk,submod,0.0,0.6667,1.0,1.0,0.5,1.0,144.0,1.0,1.0
5ab5f249554299488d4d9a5d,chunk_submod_160,chunk,submod,0.0,0.8,1.0,1.0,0.4724,1.0,127.0,1.0,1.0
5ab9180b5542991b5579f0f3,chunk_submod_160,chunk,submod,1.0,1.0,1.0,1.0,0.5034,1.0,147.0,1.0,1.0
5ae0f8a05542997b2ef7d0bc,chunk_submod_160,chunk,submod,1.0,1.0,1.0,1.0,0.5775,1.0,142.0,1.0,1.0
5a7c8e7955429935c91b521a,chunk_submod_160,chunk,submod,0.0,0.5714,0.0,0.4,0.2785,0.5,158.0,1.0,1.0
5ae5d008554299546bf82f7d,chunk_submod_160,chunk,submod,1.0,1.0,1.0,1.0,0.5929,1.0,140.0,1.0,1.0
5abbaed855429931dba144aa,chunk_submod_160,chunk,submod,0.0,0.0,1.0,1.0,0.3497,1.0,143.0,1.0,1.0
5ae1316555429901ffe4adda,chunk_submod_160,chunk,submod,0.0,0.0,0.0,0.0,0.2763,0.5,152.0,1.0,1.0
5a74512b55429974ef308bd5,chunk_submod_160,chunk,submod,0.0,0.0,0.0,0.0,0.3769,0.5,130.0,0.5,0.0
5a80aeff5542996402f6a5eb,chunk_submod_160,chunk,submod,0.0,0.25,1.0,1.0,0.766,1.0,141.0,1.0,1.0
5a88a4e65542997e5c09a671,chunk_submod_160,chunk,submod,0.0,0.6667,1.0,1.0,0.4242,1.0,132.0,1.0,1.0
5ae2eda355429928c4239570,chunk_submod_160,chunk,submod,1.0,1.0,1.0,1.0,0.5294,1.0,136.0,1.0,1.0
5a836a2d554299334474600f,chunk_submod_160,chunk,submod,1.0,1.0,1.0,1.0,0.7095,1.0,148.0,1.0,1.0
5a78d01d55429974737f78b3,chunk_submod_160,chunk,submod,1.0,1.0,1.0,1.0,0.6291,1.0,151.0,1.0,1.0
5ae46c9d5542996836b02c9d,chunk_submod_160,chunk,submod,0.0,0.6667,1.0,1.0,0.4889,1.0,135.0,1.0,1.0
5a80e03e55429938b614222c,chunk_submod_160,chunk,submod,0.0,0.0,0.0,0.25,0.4925,1.0,134.0,1.0,1.0
5a7270395542992359bc30a8,chunk_submod_160,chunk,submod,0.0,0.0,0.0,0.5,0.3935,0.5,155.0,0.5,0.0
5ab8261655429934fafe6cf1,chunk_submod_160,chunk,submod,0.0,0.0,0.0,0.0,0.2177,0.5,147.0,0.5,0.0
5abc41315542993a06baf8bb,chunk_submod_160,chunk,submod,1.0,1.0,1.0,1.0,0.7564,1.0,156.0,1.0,1.0
5abd455c55429924427fcf5a,chunk_submod_160,chunk,submod,0.0,0.0,1.0,1.0,0.6794,1.0,131.0,1.0,1.0
5ab97d0a5542996be202051e,chunk_submod_160,chunk,submod,1.0,1.0,1.0,1.0,0.6554,1.0,148.0,1.0,1.0
5a7a96555542990198eaf159,chunk_submod_160,chunk,submod,0.0,0.6667,0.0,0.5,0.4551,1.0,156.0,1.0,1.0
5a8c7057554299653c1aa066,chunk_submod_160,chunk,submod,0.0,0.6667,1.0,1.0,0.6336,1.0,131.0,1.0,1.0
5a7663665542992d0ec060d3,chunk_submod_160,chunk,submod,0.0,0.2857,0.0,0.75,0.2429,0.5,140.0,1.0,1.0
5abd920e55429924427fd05d,chunk_submod_160,chunk,submod,0.0,0.0,0.0,0.0,0.2179,1.0,156.0,1.0,1.0
5ae47ae05542995ad6573d4f,chunk_submod_160,chunk,submod,1.0,1.0,1.0,1.0,0.48,1.0,150.0,1.0,1.0
5ae25ed15542992decbdccd2,chunk_submod_160,chunk,submod,0.0,0.0,0.0,0.0,0.3835,1.0,133.0,1.0,1.0
5a8b7e9c5542995d1e6f13c1,chunk_submod_160,chunk,submod,0.0,0.0,1.0,1.0,0.44,1.0,150.0,1.0,1.0
5a7265a95542992359bc307a,chunk_submod_160,chunk,submod,0.0,0.0,0.0,0.5,0.7358,1.0,159.0,1.0,1.0
5add889b5542997545bbbd68,chunk_submod_160,chunk,submod,1.0,1.0,1.0,1.0,0.3014,0.5,146.0,0.5,0.0
5abed7d75542990832d3a0f7,chunk_submod_160,chunk,submod,0.0,0.6667,1.0,1.0,0.3121,0.5,141.0,0.5,0.0
5ab8c3c65542991b5579effd,chunk_submod_160,chunk,submod,1.0,1.0,1.0,1.0,0.3544,1.0,158.0,1.0,1.0
5ae6179b5542992663a4f25b,chunk_submod_160,chunk,submod,0.0,0.0,1.0,1.0,0.5817,1.0,153.0,1.0,1.0
5a80838d5542992bc0c4a745,chunk_submod_160,chunk,submod,1.0,1.0,1.0,1.0,0.1429,0.5,119.0,1.0,1.0
5a7cd7f055429909bec7683e,chunk_submod_160,chunk,submod,1.0,1.0,1.0,1.0,0.7771,1.0,157.0,1.0,1.0
5ac3a10b5542995ef918c1c3,chunk_submod_160,chunk,submod,1.0,1.0,1.0,1.0,0.7483,1.0,151.0,1.0,1.0
5ab8764155429919ba4e22fe,chunk_submod_160,chunk,submod,0.0,0.0,1.0,1.0,0.1832,0.5,131.0,1.0,1.0
5a7cf4e355429907fabef062,chunk_submod_160,chunk,submod,0.0,0.3333,1.0,1.0,0.6972,1.0,142.0,1.0,1.0
5a8f06075542995b44241f2d,chunk_submod_160,chunk,submod,0.0,0.4,0.0,0.5,0.4577,1.0,142.0,1.0,1.0
5ac09da45542996f0d89cc1d,chunk_submod_160,chunk,submod,1.0,1.0,1.0,1.0,0.3072,1.0,153.0,1.0,1.0
5a8a4b9955429930ff3c0d88,chunk_submod_160,chunk,submod,0.0,0.0,0.0,0.0,0.4672,0.5,137.0,0.5,0.0
5a8b7d925542995d1e6f13bd,chunk_submod_160,chunk,submod,0.0,0.0,1.0,1.0,0.5875,1.0,160.0,1.0,1.0
5a8a09ff5542992d82986e6b,chunk_submod_160,chunk,submod,0.0,0.0,0.0,0.0,0.0,0.0,150.0,0.5,0.0
5ab2d65e554299545a2cfabe,chunk_submod_160,chunk,submod,0.0,0.0,0.0,0.3333,0.1849,0.5,146.0,0.5,0.0
5a711cb45542994082a3e59f,chunk_submod_160,chunk,submod,1.0,1.0,1.0,1.0,0.4151,1.0,159.0,1.0,1.0
5a746ddc55429929fddd8423,chunk_submod_160,chunk,submod,0.0,0.0,1.0,1.0,0.6716,0.5,134.0,0.5,0.0
5ae4b55455429913cc2044db,chunk_submod_160,chunk,submod,0.0,0.0,0.0,0.5,0.3684,1.0,152.0,1.0,1.0
5ab6087a554299110f2199be,chunk_submod_160,chunk,submod,0.0,0.0,0.0,0.0,0.4595,1.0,111.0,1.0,1.0
5adfc06d55429906c02daa2a,chunk_submod_160,chunk,submod,0.0,0.0,1.0,1.0,0.6567,1.0,134.0,1.0,1.0
5adf51e05542995534e8c78a,chunk_submod_160,chunk,submod,0.0,0.4,1.0,1.0,0.4236,1.0,144.0,1.0,1.0
5ab4482b55429942dd415f09,chunk_submod_160,chunk,submod,0.0,0.75,0.0,0.6,0.218,0.5,133.0,1.0,1.0
5abfa0285542990832d3a171,chunk_submod_160,chunk,submod,1.0,1.0,1.0,1.0,0.8882,1.0,152.0,1.0,1.0
5a8b1a925542997f31a41c6e,chunk_submod_160,chunk,submod,1.0,1.0,1.0,1.0,0.6364,1.0,143.0,1.0,1.0
5a7fc03d5542992097ad2fbc,chunk_submod_160,chunk,submod,0.0,0.0,1.0,1.0,0.2533,0.5,150.0,1.0,1.0
5ae5ead6554299546bf82fd0,chunk_submod_160,chunk,submod,1.0,1.0,1.0,1.0,0.6169,1.0,154.0,1.0,1.0
5ae6371155429929b0807af1,chunk_submod_160,chunk,submod,0.0,0.6667,1.0,1.0,0.7847,1.0,144.0,1.0,1.0
5a80f4c2554299260e20a1da,chunk_submod_160,chunk,submod,0.0,0.0,0.0,0.0,0.7534,0.5,146.0,1.0,1.0
5ac38bf355429939154137ba,chunk_submod_160,chunk,submod,0.0,0.0,0.0,0.5,0.4379,0.5,153.0,1.0,1.0
5ae26c795542992decbdccfb,chunk_submod_160,chunk,submod,0.0,0.8,1.0,1.0,0.3526,0.5,156.0,0.5,0.0
5ae51fa25542992663a4f11f,chunk_submod_160,chunk,submod,0.0,0.4,1.0,1.0,0.8212,1.0,151.0,1.0,1.0
5ae13bf1554299422ee99634,chunk_submod_160,chunk,submod,1.0,1.0,1.0,1.0,0.3526,1.0,156.0,1.0,1.0
5a79e7b45542994f819ef0ff,chunk_submod_160,chunk,submod,0.0,0.0,0.0,0.0,0.3333,0.5,135.0,0.5,0.0
5a8ee7c95542990e94052bb1,chunk_submod_160,chunk,submod,0.0,0.0,0.0,0.0,0.3913,1.0,138.0,1.0,1.0
5a8bc0485542995d1e6f143d,chunk_submod_160,chunk,submod,0.0,0.0,1.0,1.0,0.3,1.0,150.0,1.0,1.0
5adf3c155542993a75d2643a,chunk_submod_160,chunk,submod,0.0,0.0,0.0,0.0,0.0,0.0,140.0,0.5,0.0
5ab84bab55429934fafe6d49,chunk_submod_160,chunk,submod,1.0,1.0,1.0,1.0,0.6696,0.5,112.0,1.0,1.0
5abb4b4a5542993f40c73aea,chunk_submod_160,chunk,submod,1.0,1.0,1.0,1.0,0.6433,1.0,157.0,1.0,1.0
5ae4885e55429970de88d99d,chunk_submod_160,chunk,submod,0.0,0.0,0.0,0.3333,0.662,1.0,142.0,1.0,1.0
5adf53dc5542995534e8c791,chunk_submod_160,chunk,submod,1.0,1.0,1.0,1.0,0.1562,0.5,160.0,1.0,1.0
5a7a70b355429941d65f2647,chunk_submod_160,chunk,submod,1.0,1.0,1.0,1.0,0.12,0.5,150.0,1.0,1.0
5a8911ad554299515336129c,chunk_submod_160,chunk,submod,1.0,1.0,1.0,1.0,0.4527,1.0,148.0,1.0,1.0
5ae6911955429908198fa626,chunk_submod_160,chunk,submod,1.0,1.0,1.0,1.0,0.6645,1.0,152.0,1.0,1.0
5a843de75542992ef85e23b4,chunk_submod_160,chunk,submod,0.0,0.0,0.0,0.0,0.1438,0.5,146.0,0.5,0.0
5a7d22dc5542995ed0d16600,chunk_submod_160,chunk,submod,0.0,0.0,1.0,1.0,0.2562,1.0,160.0,1.0,1.0
5a8a1a9c5542992d82986ebb,chunk_submod_160,chunk,submod,0.0,0.0,0.0,0.0,0.6516,1.0,155.0,1.0,1.0
5a8f7c9a55429918e830d239,chunk_submod_160,chunk,submod,0.0,0.0,0.0,0.0,0.4487,1.0,156.0,1.0,1.0
5ab92f1f554299753720f77b,chunk_submod_160,chunk,submod,0.0,0.6667,1.0,1.0,0.4938,1.0,160.0,1.0,1.0
5a761e855542994ccc9186e0,chunk_submod_160,chunk,submod,0.0,0.0,1.0,1.0,0.3586,1.0,145.0,1.0,1.0
5a7a01b15542996c55b2dcd1,chunk_submod_160,chunk,submod,0.0,0.0,0.0,0.6667,0.3442,0.5,154.0,1.0,1.0
5a733b835542991f9a20c6b2,chunk_submod_160,chunk,submod,0.0,0.5714,1.0,1.0,0.3667,0.5,120.0,0.5,0.0
5ae04ea555429924de1b709e,chunk_submod_160,chunk,submod,0.0,0.0,0.0,0.0,0.1783,0.5,157.0,0.5,0.0
5abd2eab5542992ac4f38210,chunk_submod_160,chunk,submod,1.0,1.0,1.0,1.0,0.4532,1.0,139.0,1.0,1.0
5a81e097554299676cceb129,chunk_submod_160,chunk,submod,0.0,0.6667,1.0,1.0,0.6013,1.0,158.0,1.0,1.0
5ab6faec5542991d32223708,chunk_submod_160,chunk,submod,0.0,0.0,0.0,0.4286,0.4726,1.0,146.0,1.0,1.0
5a753c8c55429916b01642ab,chunk_submod_160,chunk,submod,0.0,0.0,0.0,0.0,0.3038,0.5,158.0,1.0,1.0
5ae22ede554299234fd0441b,chunk_submod_160,chunk,submod,0.0,0.0,0.0,0.0,0.14,0.5,150.0,0.5,0.0
5a8b40b055429949d91db50c,chunk_submod_160,chunk,submod,0.0,0.0,0.0,0.2,0.0,0.0,155.0,1.0,1.0
5ade8ad95542992fa25da7b8,chunk_submod_160,chunk,submod,0.0,0.0,1.0,1.0,0.4565,1.0,138.0,1.0,1.0
5a7b971255429927d897bff3,chunk_submod_160,chunk,submod,0.0,0.0,0.0,0.0,0.4744,1.0,156.0,1.0,1.0
5ae2c4b8554299495565db31,chunk_submod_160,chunk,submod,0.0,0.0,0.0,0.0,0.5157,0.5,159.0,0.5,0.0
5ac508205542994611c8b32e,chunk_submod_160,chunk,submod,1.0,1.0,1.0,1.0,0.4867,0.5,150.0,1.0,1.0
5a74c85055429916b0164218,chunk_submod_160,chunk,submod,0.0,0.0,1.0,1.0,0.3618,1.0,152.0,1.0,1.0
5a75642c5542996c70cfaeed,chunk_submod_160,chunk,submod,0.0,0.0,0.0,0.0,0.4357,0.5,140.0,0.5,0.0
5ae6dd745542996d980e7ca0,chunk_submod_160,chunk,submod,0.0,0.0,0.0,0.0,0.2292,0.5,144.0,0.5,0.0
5a74d64055429916b0164223,chunk_submod_160,chunk,submod,1.0,1.0,1.0,1.0,0.3008,0.5,133.0,0.5,0.0
5a7a616355429941d65f25f7,chunk_submod_160,chunk,submod,0.0,0.6667,1.0,1.0,0.6118,1.0,152.0,1.0,1.0
5aba9813554299232ef4a357,chunk_submod_160,chunk,submod,1.0,1.0,1.0,1.0,1.0,1.0,134.0,1.0,1.0
5ae5669755429960a22e02ec,chunk_submod_160,chunk,submod,0.0,0.5,1.0,1.0,0.6579,1.0,152.0,1.0,1.0
5a79e1275542990198eaefe7,chunk_submod_160,chunk,submod,0.0,0.8,0.0,0.0,0.3664,0.5,131.0,0.5,0.0
5a9064c755429916514e74a6,chunk_submod_160,chunk,submod,1.0,1.0,1.0,1.0,0.3694,1.0,157.0,1.0,1.0
5a872e8e5542991e7718170c,chunk_submod_160,chunk,submod,0.0,0.0,0.0,0.0,0.3648,1.0,159.0,1.0,1.0
5ae6453e55429908198fa56c,chunk_submod_160,chunk,submod,1.0,1.0,1.0,1.0,0.5823,1.0,158.0,1.0,1.0
5a90970d5542995651fb51a5,chunk_submod_160,chunk,submod,0.0,0.0,0.0,0.0,0.3121,0.5,141.0,0.5,0.0
5ae15ae25542990adbacf767,chunk_submod_160,chunk,submod,1.0,1.0,1.0,1.0,0.3421,0.5,152.0,1.0,1.0
5a7e08b55542997cc2c474fe,chunk_submod_160,chunk,submod,1.0,1.0,1.0,1.0,0.7959,1.0,147.0,1.0,1.0
5ab30336554299166977417c,chunk_submod_160,chunk,submod,1.0,1.0,1.0,1.0,0.4065,0.5,155.0,0.5,0.0
5a83b4d35542996488c2e495,chunk_submod_160,chunk,submod,1.0,1.0,1.0,1.0,0.8,1.0,130.0,1.0,1.0
5ab416a25542996a3a969f28,chunk_submod_160,chunk,submod,0.0,0.0,1.0,1.0,0.7687,1.0,134.0,1.0,1.0
5a7147fd5542994082a3e758,chunk_submod_160,chunk,submod,0.0,0.0,0.0,0.0,0.4161,0.5,149.0,1.0,1.0
5ae0413555429942ec259c61,chunk_submod_160,chunk,submod,1.0,1.0,1.0,1.0,0.8273,1.0,139.0,1.0,1.0
5ae47cab5542996836b02cb9,chunk_submod_160,chunk,submod,1.0,1.0,0.0,0.0,0.1511,0.5,139.0,0.5,0.0
5abdbf3755429933744ab818,chunk_submod_160,chunk,submod,0.0,0.0,0.0,0.0,0.7419,1.0,155.0,1.0,1.0
5ae0968955429924de1b7105,chunk_submod_160,chunk,submod,0.0,0.0,1.0,1.0,0.4091,1.0,132.0,1.0,1.0
5ab48f245542990594ba9c66,chunk_submod_160,chunk,submod,0.0,0.0,0.0,0.0,0.7517,1.0,145.0,1.0,1.0
5ae5faf555429929b0807a4c,chunk_submod_160,chunk,submod,0.0,0.0,1.0,1.0,0.3812,1.0,160.0,1.0,1.0
5a7c53a855429935c91b515d,chunk_submod_160,chunk,submod,1.0,1.0,1.0,1.0,0.2568,0.5,148.0,0.5,0.0
5ae51b495542993aec5ec146,chunk_submod_160,chunk,submod,1.0,1.0,1.0,1.0,0.3421,0.5,152.0,1.0,1.0
5ade8f5955429975fa854f10,chunk_submod_160,chunk,submod,0.0,0.0,0.0,0.0,0.2013,0.5,149.0,1.0,1.0
5ab64cfa55429953192ad2b7,chunk_submod_160,chunk,submod,0.0,0.0,1.0,1.0,0.3488,1.0,129.0,1.0,1.0
5a8fae205542997ba9cb32ec,chunk_submod_160,chunk,submod,0.0,0.0,0.0,0.0,0.2152,0.5,158.0,0.5,0.0
5abb7d8b5542996cc5e4a006,chunk_submod_160,chunk,submod,0.0,0.0,0.0,0.0,0.283,0.5,159.0,1.0,1.0
5add47bf5542992200553a7f,chunk_submod_160,chunk,submod,0.0,0.0,0.0,0.0,0.5809,1.0,136.0,1.0,1.0
5a7128b05542994082a3e5f2,chunk_submod_160,chunk,submod,1.0,1.0,1.0,1.0,0.5899,1.0,139.0,1.0,1.0
5ade04465542990dbb2f7f2f,chunk_submod_160,chunk,submod,0.0,0.0,0.0,0.0,0.4545,1.0,132.0,1.0,1.0
5ab431d855429942dd415ed2,chunk_submod_160,chunk,submod,0.0,0.75,1.0,1.0,0.4218,0.5,147.0,0.5,0.0
5a8c6342554299240d9c214a,chunk_submod_160,chunk,submod,1.0,1.0,1.0,1.0,0.4231,1.0,156.0,1.0,1.0
5adc75525542994650320d0e,chunk_submod_160,chunk,submod,1.0,1.0,1.0,1.0,0.5078,1.0,128.0,1.0,1.0
5a85d25b5542996432c570ee,chunk_submod_160,chunk,submod,0.0,0.6667,1.0,1.0,0.3423,1.0,149.0,1.0,1.0
5a7183575542994082a3e85e,chunk_submod_160,chunk,submod,1.0,1.0,1.0,1.0,0.5338,1.0,148.0,1.0,1.0
5adebea1554299728e26c7b6,chunk_submod_160,chunk,submod,0.0,0.0,0.0,0.0,0.2059,0.5,136.0,0.5,0.0
5a80a25d5542995d8a8ddfb7,chunk_submod_160,chunk,submod,0.0,0.0,0.0,0.0,0.4041,0.5,146.0,0.5,0.0
5a778b1e55429949eeb29ee3,chunk_submod_160,chunk,submod,0.0,0.0,1.0,1.0,0.4857,1.0,140.0,1.0,1.0
5ae6860e5542991bbc976112,chunk_submod_160,chunk,submod,0.0,0.0,0.0,0.1667,0.2734,0.5,139.0,1.0,1.0
5a7e058f5542995f4f402390,chunk_submod_160,chunk,submod,1.0,1.0,0.0,0.0,0.5397,1.0,126.0,1.0,1.0
5ab2a8b655429929539467ab,chunk_submod_160,chunk,submod,1.0,1.0,1.0,1.0,0.2672,0.5,131.0,1.0,1.0
5a8e06785542995085b37383,chunk_submod_160,chunk,submod,1.0,1.0,1.0,1.0,0.7722,1.0,158.0,1.0,1.0
5a7eb22655429930675135cb,chunk_submod_160,chunk,submod,0.0,0.0,1.0,1.0,0.2781,0.5,151.0,0.5,0.0
5ab298fb554299449642c922,chunk_submod_160,chunk,submod,0.0,0.0,0.0,0.5,0.4621,0.5,145.0,1.0,1.0
5ab27287554299722f9b4d2c,chunk_submod_160,chunk,submod,1.0,1.0,1.0,1.0,0.6218,1.0,156.0,1.0,1.0
5ae0f2bf5542997b2ef7d09e,chunk_submod_160,chunk,submod,0.0,0.0,1.0,1.0,0.5414,1.0,157.0,1.0,1.0
5a838fcd5542992ef85e2305,chunk_submod_160,chunk,submod,0.0,0.8,0.0,0.6667,0.2949,0.5,156.0,0.5,0.0
5a79caec5542994bb94570ad,chunk_submod_160,chunk,submod,0.0,0.0,1.0,1.0,0.4497,1.0,149.0,1.0,1.0
5a73266d5542994cef4bc47d,chunk_submod_160,chunk,submod,1.0,1.0,1.0,1.0,0.2643,0.5,140.0,1.0,1.0
5a8de02b554299068b959e13,chunk_submod_160,chunk,submod,0.0,0.0,1.0,1.0,0.5573,1.0,131.0,1.0,1.0
5a89ba6b554299669944a584,chunk_submod_160,chunk,submod,1.0,1.0,1.0,1.0,0.5759,1.0,158.0,1.0,1.0
5ae4ea2a5542993aec5ec0ee,chunk_submod_160,chunk,submod,0.0,0.6,1.0,1.0,0.4684,0.5,158.0,0.5,0.0
5a7796e05542992a6e59df0f,chunk_submod_160,chunk,submod,1.0,1.0,1.0,1.0,0.6232,1.0,138.0,1.0,1.0
5ab8627f5542990e739ec8da,chunk_submod_160,chunk,submod,0.0,0.3636,0.0,0.5556,0.4688,1.0,160.0,1.0,1.0
5a7456ec55429979e288290f,chunk_submod_160,chunk,submod,1.0,1.0,1.0,1.0,0.6954,1.0,151.0,1.0,1.0
5abc6fba554299700f9d78c7,chunk_submod_160,chunk,submod,1.0,1.0,1.0,1.0,0.6643,1.0,143.0,1.0,1.0
5ae1500655429920d52343cc,chunk_submod_160,chunk,submod,0.0,0.6667,1.0,1.0,0.218,1.0,133.0,1.0,1.0
5a8c5569554299240d9c2126,chunk_submod_160,chunk,submod,0.0,0.0,0.0,0.0,0.5294,1.0,136.0,1.0,1.0
5a7cffb755429907fabef09f,chunk_submod_160,chunk,submod,0.0,0.0,0.0,0.0,0.1702,0.5,141.0,0.5,0.0
5abdaa0f55429965af743dad,chunk_submod_160,chunk,submod,0.0,0.2857,0.0,0.6667,0.3028,0.5,142.0,0.5,0.0
5add00805542992c1e3a2504,chunk_submod_160,chunk,submod,1.0,1.0,1.0,1.0,0.6131,1.0,137.0,1.0,1.0
5a8af11a55429950cd6afc21,chunk_submod_160,chunk,submod,0.0,0.0,0.0,0.0,0.1087,0.5,138.0,0.5,0.0
5ac34994554299741d48a242,chunk_submod_160,chunk,submod,1.0,1.0,1.0,1.0,0.5714,1.0,133.0,1.0,1.0
5ab3e45655429976abd1bcd4,chunk_submod_160,chunk,submod,0.0,0.0,0.0,0.3333,0.2326,0.5,129.0,0.5,0.0
5a77ace855429967ab105223,chunk_submod_160,chunk,submod,1.0,1.0,1.0,1.0,0.4476,1.0,143.0,1.0,1.0
5a802b595542995d8a8ddf51,chunk_submod_160,chunk,submod,1.0,1.0,1.0,1.0,0.2911,0.5,158.0,0.5,0.0
5a8501915542997175ce1f5a,chunk_submod_160,chunk,submod,1.0,1.0,0.0,0.0,0.6212,1.0,132.0,1.0,1.0
5ab5f75e554299637185c64b,chunk_submod_160,chunk,submod,0.0,0.0,1.0,1.0,0.5441,1.0,136.0,1.0,1.0
5a9068075542990a9849361a,chunk_submod_160,chunk,submod,0.0,0.0,1.0,1.0,1.0,1.0,131.0,1.0,1.0
5ae676915542995703ce8b66,chunk_submod_160,chunk,submod,1.0,1.0,1.0,1.0,0.1169,0.5,154.0,0.5,0.0
5ae39e9c5542990afbd1e195,chunk_submod_160,chunk,submod,1.0,1.0,1.0,1.0,0.3139,0.5,137.0,0.5,0.0
5ae76d185542997ec2727641,chunk_submod_160,chunk,submod,0.0,0.0,0.0,0.0,0.1769,0.5,147.0,0.5,0.0
5a8a17685542993b751ca9f3,chunk_submod_160,chunk,submod,0.0,0.0,1.0,1.0,0.5,1.0,160.0,1.0,1.0
5abbcba05542992ccd8e7fa3,chunk_submod_160,chunk,submod,1.0,1.0,1.0,1.0,0.5109,1.0,137.0,1.0,1.0
5a8b515e55429971feec46bb,chunk_submod_160,chunk,submod,1.0,1.0,1.0,1.0,0.3657,1.0,134.0,1.0,1.0
5ae22895554299495565da0c,chunk_submod_160,chunk,submod,0.0,0.0,1.0,1.0,0.7143,1.0,126.0,1.0,1.0
5a83dd2c554299334474609e,chunk_submod_160,chunk,submod,0.0,0.0,0.0,0.0909,0.0,0.0,154.0,0.0,0.0
5abb76fa5542992ccd8e7f48,chunk_submod_160,chunk,submod,0.0,0.0,1.0,1.0,0.7688,1.0,160.0,1.0,1.0
5ab4eecb55429942dd415faa,chunk_submod_160,chunk,submod,0.0,0.0,0.0,0.0,0.4437,1.0,142.0,1.0,1.0
5ae0b9b155429924de1b7152,chunk_submod_160,chunk,submod,1.0,1.0,0.0,0.0,0.6069,1.0,145.0,1.0,1.0
5a90629855429916514e749e,chunk_submod_160,chunk,submod,0.0,0.0,0.0,0.0,0.288,0.5,125.0,0.5,0.0
5a7a4f335542990198eaf11e,chunk_submod_160,chunk,submod,0.0,0.0,1.0,1.0,0.6694,1.0,121.0,1.0,1.0
5ab674b7554299110f219a0c,chunk_submod_160,chunk,submod,1.0,1.0,1.0,1.0,0.7025,1.0,158.0,1.0,1.0
5ae406f055429970de88d874,chunk_submod_160,chunk,submod,1.0,1.0,1.0,1.0,0.5789,1.0,133.0,1.0,1.0
5a75441c55429916b01642cf,chunk_submod_160,chunk,submod,1.0,1.0,1.0,1.0,0.8113,1.0,159.0,1.0,1.0
5a8307c055429966c78a6af9,chunk_submod_160,chunk,submod,1.0,1.0,1.0,1.0,0.519,1.0,158.0,1.0,1.0
5ae077805542993d6555eb6e,chunk_submod_160,chunk,submod,1.0,1.0,0.0,0.0,0.5535,1.0,159.0,1.0,1.0
5a7f19eb55429934daa2fcdb,chunk_submod_160,chunk,submod,0.0,0.0,1.0,1.0,0.4552,1.0,134.0,1.0,1.0
5adc1ae5554299438c868d5c,chunk_submod_160,chunk,submod,0.0,0.0,0.0,0.0,0.5355,1.0,155.0,1.0,1.0
5ae446175542995ad6573d1f,chunk_submod_160,chunk,submod,0.0,0.0,1.0,1.0,0.6058,0.5,137.0,0.5,0.0
5ac2eec55542990b17b154c1,chunk_submod_160,chunk,submod,1.0,1.0,1.0,1.0,0.562,1.0,137.0,1.0,1.0
5a836a765542996488c2e446,chunk_submod_160,chunk,submod,0.0,0.0,0.0,0.0,0.2185,1.0,151.0,1.0,1.0
5ae614215542992663a4f254,chunk_submod_160,chunk,submod,1.0,1.0,1.0,1.0,0.2467,0.5,150.0,0.5,0.0
5ade15a45542997545bbbe46,chunk_submod_160,chunk,submod,0.0,0.0,0.0,0.0,0.6067,1.0,150.0,1.0,1.0
5ac0641f554299294b218fbe,chunk_submod_160,chunk,submod,0.0,0.0,0.0,0.0,0.3768,0.5,138.0,1.0,1.0
5a7143625542994082a3e71e,chunk_submod_160,chunk,submod,0.0,0.0,1.0,1.0,0.3208,0.5,159.0,0.5,0.0
5a8c51f0554299240d9c2111,chunk_submod_160,chunk,submod,0.0,0.4,0.0,0.6667,0.2628,0.5,137.0,1.0,1.0
5a8719fa55429960ec39b742,chunk_submod_160,chunk,submod,0.0,0.3333,1.0,1.0,0.5548,1.0,146.0,1.0,1.0
5ab67f4c55429953192ad2d9,chunk_submod_160,chunk,submod,1.0,1.0,1.0,1.0,0.2391,0.5,138.0,1.0,1.0
5a7326cd5542991f29ee2d11,chunk_submod_160,chunk,submod,1.0,1.0,1.0,1.0,0.5974,1.0,154.0,1.0,1.0
5ae0f4645542997b2ef7d0aa,chunk_submod_160,chunk,submod,0.0,0.0,1.0,1.0,0.4762,0.5,147.0,1.0,1.0
5a8c5c6f554299653c1aa04d,chunk_submod_160,chunk,submod,1.0,1.0,1.0,1.0,0.3718,0.5,156.0,1.0,1.0
5abdb8ba5542993f32c2a015,chunk_submod_160,chunk,submod,0.0,0.0,1.0,1.0,0.6304,1.0,138.0,1.0,1.0
5ac11037554299294b21907a,chunk_submod_160,chunk,submod,0.0,0.6667,0.0,1.0,0.5425,0.5,153.0,0.5,0.0
5ab833ad5542990e739ec86f,chunk_submod_160,chunk,submod,0.0,0.0,0.0,0.0,0.197,0.5,132.0,0.5,0.0
5a88f9555542995153361214,chunk_submod_160,chunk,submod,0.0,0.0,0.0,0.3333,0.329,0.5,155.0,0.5,0.0
5a7e23655542997cc2c47528,chunk_submod_160,chunk,submod,0.0,0.0,0.0,0.0,0.3431,0.5,137.0,0.5,0.0
5abfe2a15542997d6429591c,chunk_submod_160,chunk,submod,1.0,1.0,1.0,1.0,0.4786,1.0,140.0,1.0,1.0
5ae1fced5542997283cd230e,chunk_submod_160,chunk,submod,1.0,1.0,1.0,1.0,0.5147,1.0,136.0,1.0,1.0
5a74994a55429974ef308c2e,chunk_submod_160,chunk,submod,1.0,1.0,1.0,1.0,0.7305,1.0,141.0,1.0,1.0
5ae6f2a7554299572ea5464a,chunk_submod_160,chunk,submod,0.0,0.0,0.0,0.0,0.4234,1.0,137.0,1.0,1.0
5a7f3f7c55429934daa2fd45,chunk_submod_160,chunk,submod,1.0,1.0,1.0,1.0,0.4188,1.0,160.0,1.0,1.0
5a7543d555429916b01642ce,chunk_submod_160,chunk,submod,1.0,1.0,1.0,1.0,0.255,0.5,149.0,1.0,1.0
5ab938db5542996be2020454,chunk_submod_160,chunk,submod,1.0,1.0,1.0,1.0,0.1474,0.5,156.0,1.0,1.0
5ae30d4b55429928c42395cc,chunk_submod_160,chunk,submod,0.0,0.0,1.0,1.0,0.3444,1.0,151.0,1.0,1.0
5ae622495542995703ce8b20,chunk_submod_160,chunk,submod,0.0,0.6667,1.0,1.0,0.4815,0.5,135.0,0.5,0.0
5ae0fb8855429920d523425b,chunk_submod_160,chunk,submod,0.0,0.4,0.0,0.3333,0.2171,0.5,152.0,0.5,0.0
5ae665795542991bbc9760c9,chunk_submod_160,chunk,submod,1.0,1.0,1.0,1.0,0.5032,1.0,155.0,1.0,1.0
5a77b13655429967ab105235,chunk_submod_160,chunk,submod,1.0,1.0,1.0,1.0,0.5931,1.0,145.0,1.0,1.0
5ae5415055429908b63265b7,chunk_submod_160,chunk,submod,1.0,1.0,1.0,1.0,0.4551,1.0,156.0,1.0,1.0
5a7bb16f554299294a54aa9f,chunk_submod_160,chunk,submod,0.0,0.4,1.0,1.0,0.8077,1.0,130.0,1.0,1.0
5ab9b2c7554299743d22ebaf,chunk_submod_160,chunk,submod,1.0,1.0,0.0,0.0,0.6475,1.0,139.0,1.0,1.0
5a7b12a355429927d897bf2a,chunk_submod_160,chunk,submod,0.0,0.0,1.0,1.0,0.448,1.0,125.0,1.0,1.0
5addfe1c5542995b365fabaf,chunk_submod_160,chunk,submod,0.0,0.0,0.0,0.0,0.6713,1.0,143.0,1.0,1.0
5a8391f55542996488c2e45c,chunk_submod_160,chunk,submod,0.0,0.0,1.0,1.0,0.4741,1.0,135.0,1.0,1.0
5ab91b6c55429934fafe6e5f,chunk_submod_160,chunk,submod,0.0,0.6667,1.0,1.0,0.7009,1.0,117.0,1.0,1.0
5a72a0be5542992359bc3143,chunk_submod_160,chunk,submod,0.0,0.0,1.0,1.0,0.68,1.0,150.0,1.0,1.0
5ae764a85542997b22f6a720,chunk_submod_160,chunk,submod,0.0,0.0,0.0,0.6667,0.3562,0.5,146.0,1.0,1.0
5adbfaa655429947ff173888,chunk_submod_160,chunk,submod,1.0,1.0,1.0,1.0,0.7394,1.0,142.0,1.0,1.0
5a8bc1565542996e8ac88a0c,chunk_submod_160,chunk,submod,0.0,0.6667,0.0,0.8,0.0,0.0,153.0,0.5,0.0
5ae236445542992decbdcc69,chunk_submod_160,chunk,submod,0.0,0.4,1.0,1.0,0.6209,1.0,153.0,1.0,1.0
5adf58f15542993a75d264d2,chunk_submod_160,chunk,submod,0.0,0.0,0.0,0.0,0.2431,0.5,144.0,0.5,0.0
5ae7281c5542991e8301cb69,chunk_submod_160,chunk,submod,0.0,0.0,0.0,0.0,0.6375,1.0,160.0,1.0,1.0
5ac42ae45542997ea680ca18,chunk_submod_160,chunk,submod,0.0,0.8,1.0,1.0,0.6207,1.0,145.0,1.0,1.0
5a7312675542994cef4bc43d,chunk_submod_160,chunk,submod,0.0,0.0,1.0,1.0,0.6415,1.0,159.0,1.0,1.0
5ab1d7ac554299449642c7e6,chunk_submod_160,chunk,submod,0.0,0.0,1.0,1.0,0.551,1.0,147.0,1.0,1.0
5a8e482c5542995a26add4c3,chunk_submod_160,chunk,submod,1.0,1.0,1.0,1.0,0.773,1.0,141.0,1.0,1.0
5a7f924c55429969796c1aba,chunk_submod_160,chunk,submod,0.0,0.0,0.0,0.5,0.3259,0.5,135.0,0.5,0.0
5addda1b5542992200553b55,chunk_submod_160,chunk,submod,1.0,1.0,1.0,1.0,0.482,0.5,139.0,1.0,1.0
5a7d043755429909bec768f7,chunk_submod_160,chunk,submod,0.0,0.6667,1.0,1.0,0.4931,1.0,144.0,1.0,1.0
5a8089535542992bc0c4a762,chunk_submod_160,chunk,submod,1.0,1.0,1.0,1.0,0.465,1.0,157.0,1.0,1.0
5abd049d5542992ac4f381a8,chunk_submod_160,chunk,submod,0.0,0.0,0.0,0.0,0.1987,0.5,151.0,1.0,1.0
5abbc7a055429931dba1451b,chunk_submod_160,chunk,submod,0.0,0.0,0.0,0.0,0.2568,0.5,148.0,1.0,1.0
5abdc18555429965af743e2b,chunk_submod_160,chunk,submod,0.0,0.0,1.0,1.0,0.2357,0.5,157.0,1.0,1.0
5adc3a7055429947ff173913,chunk_submod_160,chunk,submod,1.0,1.0,1.0,1.0,0.6687,1.0,160.0,1.0,1.0
5abbdb335542992ccd8e7fc1,chunk_submod_160,chunk,submod,1.0,1.0,0.0,0.0,0.4191,1.0,136.0,1.0,1.0
5ac1a5b45542991316484b8b,chunk_submod_160,chunk,submod,0.0,0.0,0.0,0.0,0.6214,1.0,140.0,1.0,1.0
5ac2616b5542996366519997,chunk_submod_160,chunk,submod,0.0,0.0,0.0,0.0,0.7436,0.5,156.0,0.5,0.0
5ae3f6775542991a06ce9a3f,chunk_submod_160,chunk,submod,0.0,0.0,0.0,0.0,0.3741,1.0,139.0,1.0,1.0
5a8f15ec554299458435d552,chunk_submod_160,chunk,submod,1.0,1.0,1.0,1.0,0.4367,1.0,158.0,1.0,1.0
5a8db9b3554299068b959dde,chunk_submod_160,chunk,submod,0.0,0.0,1.0,1.0,0.4031,1.0,129.0,1.0,1.0
5ab3f6b9554299753aec5a03,chunk_submod_160,chunk,submod,0.0,0.0,0.0,0.0,0.3504,0.5,137.0,0.5,0.0
5a736f7c5542991f29ee2e18,chunk_submod_160,chunk,submod,1.0,1.0,1.0,1.0,0.5935,1.0,155.0,1.0,1.0
5ae618535542995703ce8af7,chunk_submod_160,chunk,submod,0.0,0.0,0.0,0.1111,0.1456,0.5,158.0,0.5,0.0
5a8b05c855429949d91db46a,chunk_submod_160,chunk,submod,0.0,0.0,1.0,1.0,0.3869,1.0,137.0,1.0,1.0
5ac1d40c5542994d76dccef5,chunk_submod_160,chunk,submod,0.0,0.0,0.0,0.0,0.3158,0.5,152.0,0.5,0.0
5ae356045542990afbd1e10d,chunk_submod_160,chunk,submod,0.0,0.0,1.0,1.0,0.2707,0.5,133.0,0.5,0.0
5ae002ec55429925eb1afbdc,chunk_submod_160,chunk,submod,1.0,1.0,0.0,0.5,0.5063,0.5,158.0,0.5,0.0
5a89ddf25542992e4fca83ff,chunk_submod_160,chunk,submod,1.0,1.0,0.0,0.0,0.275,0.5,160.0,1.0,1.0
5a903b7255429933b8a204ae,chunk_submod_160,chunk,submod,0.0,0.5,1.0,1.0,0.3885,1.0,157.0,1.0,1.0
5a84ac585542991dd0999d72,chunk_submod_160,chunk,submod,1.0,1.0,1.0,1.0,0.6759,1.0,145.0,1.0,1.0
5a7cad635542996dd594b97f,chunk_submod_160,chunk,submod,0.0,0.0,0.0,0.6667,0.432,1.0,125.0,1.0,1.0
5a75da6d5542992db94736fa,chunk_submod_160,chunk,submod,0.0,0.8,1.0,1.0,0.3542,0.5,144.0,1.0,1.0
5ac4e13f554299076e296e2d,chunk_submod_160,chunk,submod,1.0,1.0,1.0,1.0,0.381,1.0,147.0,1.0,1.0
5ab9b29c554299743d22ebae,chunk_submod_160,chunk,submod,1.0,1.0,1.0,1.0,0.3433,0.5,134.0,1.0,1.0
5ae2295c554299495565da13,chunk_submod_160,chunk,submod,0.0,0.3333,1.0,1.0,0.7376,1.0,141.0,1.0,1.0
5abd44d955429933744ab760,chunk_submod_160,chunk,submod,0.0,0.0,1.0,1.0,0.375,0.5,136.0,1.0,1.0
5ae096d755429906c02daadf,chunk_submod_160,chunk,submod,1.0,1.0,1.0,1.0,0.5101,1.0,149.0,1.0,1.0
5abea6a05542993f32c2a18d,chunk_submod_160,chunk,submod,1.0,1.0,1.0,1.0,0.4722,1.0,144.0,1.0,1.0
5ae1319c55429920d5234301,chunk_submod_160,chunk,submod,0.0,0.0,0.0,0.0,0.3357,0.5,140.0,1.0,1.0
5ab60aec554299110f2199c3,chunk_submod_160,chunk,submod,1.0,1.0,1.0,1.0,0.5906,1.0,149.0,1.0,1.0
5ae4e2ca55429908b63264aa,chunk_submod_160,chunk,submod,1.0,1.0,1.0,1.0,0.5,1.0,146.0,1.0,1.0
5ae25d2b554299495565da46,chunk_submod_160,chunk,submod,0.0,0.0,0.0,0.0,0.3228,1.0,158.0,1.0,1.0
5ade630e55429975fa854eb7,chunk_submod_160,chunk,submod,0.0,0.0,0.0,0.25,0.3377,0.5,151.0,1.0,1.0
5ab6be2f55429954757d335c,chunk_submod_160,chunk,submod,0.0,0.0,1.0,1.0,0.6419,1.0,148.0,1.0,1.0
5a74a62b55429916b01641a0,chunk_submod_160,chunk,submod,0.0,0.0,1.0,1.0,0.4564,1.0,149.0,1.0,1.0
5abcf299554299700f9d7936,chunk_submod_160,chunk,submod,0.0,0.0,0.0,0.0,0.2434,0.5,152.0,1.0,1.0
5adc6eb65542994650320cf3,chunk_submod_160,chunk,submod,0.0,0.0,0.0,0.0,0.1308,0.5,130.0,1.0,1.0
5ac1767a5542994d76dcce48,chunk_submod_160,chunk,submod,0.0,0.0,0.0,0.0,0.4414,0.5,145.0,0.5,0.0
5ab5dc44554299494045f089,chunk_submod_160,chunk,submod,0.0,0.0,1.0,1.0,0.1739,0.5,138.0,1.0,1.0
5a8f5273554299458435d5b1,chunk_submod_160,chunk,submod,0.0,0.0,0.0,0.5,0.0,0.0,139.0,0.5,0.0
5addeb685542992200553bb1,chunk_submod_160,chunk,submod,0.0,0.6667,1.0,1.0,0.7152,1.0,158.0,1.0,1.0
5a870a8e55429960ec39b707,chunk_submod_160,chunk,submod,0.0,0.0,1.0,1.0,0.8176,1.0,159.0,1.0,1.0
5a77ddb855429967ab1052d8,chunk_submod_160,chunk,submod,0.0,0.5714,1.0,1.0,0.5705,1.0,156.0,1.0,1.0
5ab38cdd5542992ade7c6de2,chunk_submod_160,chunk,submod,1.0,1.0,1.0,1.0,0.6045,0.5,134.0,1.0,1.0
5a8f24cc55429924144829e7,chunk_submod_160,chunk,submod,0.0,0.5,1.0,1.0,0.7945,1.0,146.0,1.0,1.0
5ac401bb55429919431738f4,chunk_submod_160,chunk,submod,1.0,1.0,1.0,1.0,0.2342,0.5,158.0,0.5,0.0
5ab4b7d15542996a3a969fbc,chunk_submod_160,chunk,submod,1.0,1.0,1.0,1.0,0.5287,0.5,157.0,1.0,1.0
5a78f18855429974737f7915,chunk_submod_160,chunk,submod,1.0,1.0,1.0,1.0,0.2071,0.5,140.0,0.5,0.0
5a76394c5542994ccc918725,chunk_submod_160,chunk,submod,0.0,0.0,0.0,0.0,0.4094,0.5,149.0,0.5,0.0
5a78e49855429974737f78f3,chunk_submod_160,chunk,submod,1.0,1.0,1.0,1.0,0.7192,0.5,146.0,1.0,1.0
5a8fdb955542990a98493572,chunk_submod_160,chunk,submod,1.0,1.0,1.0,1.0,0.518,1.0,139.0,1.0,1.0
5a7b9f1f554299294a54aa2a,chunk_submod_160,chunk,submod,0.0,0.8,0.0,0.6667,0.1104,0.5,154.0,1.0,1.0
5adc396155429944faac2479,chunk_submod_160,chunk,submod,1.0,1.0,0.0,0.0,0.3101,1.0,158.0,1.0,1.0
5a75357c5542996c70cfaeab,chunk_submod_160,chunk,submod,1.0,1.0,1.0,1.0,0.6125,1.0,160.0,1.0,1.0
5ac312ee5542995ef918c0ec,chunk_submod_160,chunk,submod,1.0,1.0,1.0,1.0,0.5899,1.0,139.0,1.0,1.0
5add38355542990dbb2f7dd0,chunk_submod_160,chunk,submod,0.0,0.0,0.0,0.0,0.6405,0.5,153.0,0.5,0.0
5ac471a5554299194317399a,chunk_submod_160,chunk,submod,0.0,0.0,0.0,0.0,0.277,0.5,148.0,0.5,0.0
5a70f1685542994082a3e40f,chunk_submod_160,chunk,submod,0.0,0.2857,1.0,1.0,0.2261,1.0,115.0,1.0,1.0
5ab5f372554299488d4d9a60,chunk_submod_160,chunk,submod,0.0,0.0,0.0,0.3846,0.6053,0.5,152.0,1.0,1.0
5a7e1cd955429965cec5ea76,chunk_submod_160,chunk,submod,0.0,0.0,0.0,0.0,0.0,0.0,160.0,0.0,0.0
5adce3265542992c1e3a2466,chunk_submod_160,chunk,submod,0.0,0.0,0.0,0.0,0.4408,0.5,152.0,0.5,0.0
5a8adc935542992d82986fb0,chunk_submod_160,chunk,submod,0.0,0.0,1.0,1.0,0.4688,1.0,160.0,1.0,1.0
5a73bddb55429978a71e909d,chunk_submod_160,chunk,submod,1.0,1.0,1.0,1.0,0.4777,1.0,157.0,1.0,1.0
5ae5736e5542990ba0bbb2b3,chunk_submod_160,chunk,submod,1.0,1.0,1.0,1.0,0.3472,1.0,144.0,1.0,1.0
5a8d4cf35542994ba4e3dc5f,chunk_submod_160,chunk,submod,0.0,0.0,0.0,0.0,0.0,0.0,135.0,0.0,0.0
5a9023d355429916514e742f,chunk_submod_160,chunk,submod,0.0,0.0,0.0,0.0,0.2117,0.5,137.0,0.5,0.0
5adfad2b554299603e41835c,chunk_submod_160,chunk,submod,1.0,1.0,1.0,1.0,0.6014,1.0,138.0,1.0,1.0
5a8cddd1554299441c6b9f3a,chunk_submod_160,chunk,submod,0.0,0.0,0.0,0.5,0.5581,1.0,129.0,1.0,1.0
5a79f6825542996c55b2dcb4,chunk_submod_160,chunk,submod,0.0,0.0,1.0,1.0,0.6716,1.0,134.0,1.0,1.0
5a8900c75542997e5c09a6ed,chunk_submod_160,chunk,submod,1.0,1.0,1.0,1.0,0.5099,1.0,151.0,1.0,1.0
5ab27f7b554299722f9b4d4f,chunk_submod_160,chunk,submod,0.0,0.0,0.0,0.0,0.2632,0.5,152.0,0.5,0.0
5ac257fe55429951e9e68562,chunk_submod_160,chunk,submod,0.0,0.4,1.0,1.0,0.5159,1.0,126.0,1.0,1.0
5ab94cf0554299743d22eade,chunk_submod_160,chunk,submod,0.0,0.0,0.0,0.0,0.2857,0.5,140.0,1.0,1.0
5ac017945542997d642959bc,chunk_submod_160,chunk,submod,0.0,0.0,0.0,0.0,0.3106,0.5,132.0,0.5,0.0
5ac19d4c55429963665198bb,chunk_submod_160,chunk,submod,0.0,0.0,1.0,1.0,0.5871,1.0,155.0,1.0,1.0
5abbd2575542993f40c73bbd,chunk_submod_160,chunk,submod,0.0,0.0,0.0,0.0,0.35,0.5,140.0,0.5,0.0
5a888b8e5542997e5c09a60a,chunk_submod_160,chunk,submod,0.0,0.0,1.0,1.0,0.7949,1.0,156.0,1.0,1.0
5a712e895542994082a3e636,chunk_submod_160,chunk,submod,0.0,0.0,0.0,0.3333,0.4038,0.5,156.0,1.0,1.0
5a85ecf25542991dd0999ec6,chunk_submod_160,chunk,submod,1.0,1.0,1.0,1.0,0.4125,1.0,160.0,1.0,1.0
5adfe6c455429906c02daa85,chunk_submod_160,chunk,submod,0.0,0.0,1.0,1.0,0.2695,0.5,141.0,0.5,0.0
5ac448185542995c82c4ad1b,chunk_submod_160,chunk,submod,0.0,0.0,1.0,1.0,0.6599,1.0,147.0,1.0,1.0
5ae1faf15542997f29b3c1e3,chunk_submod_160,chunk,submod,1.0,1.0,1.0,1.0,0.6014,1.0,148.0,1.0,1.0
5ab7af9d5542993667793fe9,chunk_submod_160,chunk,submod,0.0,0.0,0.0,0.0,0.6716,1.0,134.0,1.0,1.0
5ae1e9635542997f29b3c19e,chunk_submod_160,chunk,submod,1.0,1.0,1.0,1.0,0.1128,0.5,133.0,1.0,1.0
5ade28cf5542997c77aded85,chunk_submod_160,chunk,submod,1.0,1.0,1.0,1.0,0.6111,1.0,144.0,1.0,1.0
5a7b116a554299042af8f6c4,chunk_submod_160,chunk,submod,0.0,0.0,0.0,0.0,0.1946,0.5,149.0,0.5,0.0
5a72f1cf5542994cef4bc414,chunk_submod_160,chunk,submod,1.0,1.0,1.0,1.0,0.5886,0.5,158.0,0.5,0.0
5ab7b3cc55429928e1fe3893,chunk_submod_160,chunk,submod,0.0,0.0,0.0,0.0,0.522,1.0,159.0,1.0,1.0
5ae32b6755429928c4239644,chunk_submod_160,chunk,submod,1.0,1.0,1.0,1.0,0.6069,1.0,145.0,1.0,1.0
5ab3c53955429969a97a81b9,chunk_submod_160,chunk,submod,1.0,1.0,1.0,1.0,0.2375,0.5,160.0,0.5,0.0
5a8b349a55429971feec466b,chunk_submod_160,chunk,submod,1.0,1.0,1.0,1.0,0.6338,1.0,142.0,1.0,1.0
5ac2db67554299657fa290a6,chunk_submod_160,chunk,submod,0.0,0.0,1.0,1.0,0.6822,1.0,129.0,1.0,1.0
5ab5ec2a5542992aa134a3e3,chunk_submod_160,chunk,submod,0.0,0.0,1.0,1.0,0.2205,0.5,127.0,1.0,1.0
5ab661ac5542995eadeeffb1,chunk_submod_160,chunk,submod,0.0,0.5,0.0,0.6667,0.3907,0.5,151.0,0.5,0.0
5abee69c5542993fe9a41d8b,chunk_submod_160,chunk,submod,0.0,0.75,1.0,1.0,0.7578,1.0,128.0,1.0,1.0
5ac0aab35542992a796ded5c,chunk_submod_160,chunk,submod,1.0,1.0,1.0,1.0,0.6438,1.0,160.0,1.0,1.0
5a84c4b05542991dd0999deb,chunk_submod_160,chunk,submod,1.0,1.0,0.0,0.0,0.6623,1.0,154.0,1.0,1.0
5abd6be55542993062266c89,chunk_submod_160,chunk,submod,0.0,0.0,0.0,0.25,0.1641,0.5,128.0,1.0,1.0
5a8a19c45542992e4fca8501,chunk_submod_160,chunk,submod,0.0,0.0,0.0,0.0,0.3077,1.0,156.0,1.0,1.0
5abcef9e55429959677d6b52,chunk_submod_160,chunk,submod,0.0,0.75,1.0,1.0,0.6013,1.0,153.0,1.0,1.0
5a81c7d15542990a1d231ea9,chunk_submod_160,chunk,submod,0.0,0.4,1.0,1.0,0.5949,1.0,158.0,1.0,1.0
5adccaca5542994d58a2f6d5,chunk_submod_160,chunk,submod,0.0,0.0,1.0,1.0,0.1781,0.5,146.0,0.5,0.0
5a84f5865542991dd0999e30,chunk_submod_160,chunk,submod,0.0,0.5,0.0,0.0,0.4097,0.5,144.0,0.5,0.0
5a7633ff5542994ccc918712,chunk_submod_160,chunk,submod,1.0,1.0,1.0,1.0,0.4586,1.0,133.0,1.0,1.0
5a8d7f2b554299068b959d0c,chunk_submod_160,chunk,submod,1.0,1.0,1.0,1.0,0.5,0.5,134.0,1.0,1.0
5ac3def75542997ea680c95f,chunk_submod_160,chunk,submod,0.0,0.0,0.0,0.0,0.4963,1.0,135.0,1.0,1.0
5ae6316d5542996de7b71b87,chunk_submod_160,chunk,submod,0.0,0.3333,0.0,0.25,0.4069,0.5,145.0,1.0,1.0
5ab5eed65542997d4ad1f25c,chunk_submod_160,chunk,submod,1.0,1.0,1.0,1.0,0.1818,1.0,154.0,1.0,1.0
5ab29c24554299449642c932,chunk_submod_160,chunk,submod,0.0,0.0,0.0,0.0,0.3758,1.0,149.0,1.0,1.0
5ab809195542991d3222380f,chunk_submod_160,chunk,submod,1.0,1.0,1.0,1.0,0.5515,1.0,136.0,1.0,1.0
5a834ed95542990548d0b1ca,chunk_submod_160,chunk,submod,0.0,0.6667,1.0,1.0,0.5912,1.0,159.0,1.0,1.0
5ade9545554299728e26c740,chunk_submod_160,chunk,submod,0.0,0.5,1.0,1.0,0.4513,0.5,113.0,0.5,0.0
5a8b97485542995d1e6f140f,chunk_submod_160,chunk,submod,0.0,0.0,1.0,1.0,0.3662,1.0,142.0,1.0,1.0
5ac056385542997d64295a08,chunk_submod_160,chunk,submod,1.0,1.0,1.0,1.0,0.7846,1.0,130.0,1.0,1.0
5abd96fe5542992ac4f382d9,chunk_submod_160,chunk,submod,0.0,0.0,1.0,1.0,0.368,1.0,125.0,1.0,1.0
5ae2138c5542997283cd23b7,chunk_llmlingua_160,chunk,llmlingua,0.0,0.0,0.0,0.0,0.0,0.0,121.0,1.0,1.0
5a77152355429966f1a36c2e,chunk_llmlingua_160,chunk,llmlingua,0.0,0.0,1.0,1.0,0.0,0.0,131.0,0.5,0.0
5ade99ad554299728e26c75d,chunk_llmlingua_160,chunk,llmlingua,0.0,0.0,0.0,0.5,0.0,0.0,112.0,1.0,1.0
5ab81cff5542990e739ec827,chunk_llmlingua_160,chunk,llmlingua,0.0,0.0,1.0,1.0,0.0,0.0,124.0,1.0,1.0
5ae5be02554299546bf82f3e,chunk_llmlingua_160,chunk,llmlingua,0.0,0.0,1.0,1.0,0.0,0.0,136.0,1.0,1.0
5ae3f1bb5542995ad6573cbe,chunk_llmlingua_160,chunk,llmlingua,1.0,1.0,1.0,1.0,0.0,0.0,128.0,1.0,1.0
5a8389445542996488c2e450,chunk_llmlingua_160,chunk,llmlingua,1.0,1.0,1.0,1.0,0.0,0.0,134.0,1.0,1.0
5a89fc305542993b751ca9dc,chunk_llmlingua_160,chunk,llmlingua,0.0,0.0,0.0,0.0,0.0,0.0,132.0,1.0,1.0
5a85bc2d5542994c784ddb70,chunk_llmlingua_160,chunk,llmlingua,1.0,1.0,1.0,1.0,0.0,0.0,132.0,1.0,1.0
5a7b1c745542992d025e6777,chunk_llmlingua_160,chunk,llmlingua,0.0,0.0,0.0,0.0,0.0,0.0,132.0,0.5,0.0
5ae2d8fb55429928c42394fa,chunk_llmlingua_160,chunk,llmlingua,0.0,0.2222,0.0,0.2,0.0,0.0,142.0,0.5,0.0
5ae7f6be554299540e5a56db,chunk_llmlingua_160,chunk,llmlingua,0.0,0.6667,1.0,1.0,0.0,0.0,143.0,1.0,1.0
5a773ae055429972597f14b0,chunk_llmlingua_160,chunk,llmlingua,0.0,0.6667,0.0,0.5,0.0,0.0,94.0,1.0,1.0
5a75abbb5542992d0ec05fd9,chunk_llmlingua_160,chunk,llmlingua,0.0,0.6667,0.0,0.5,0.0,0.0,142.0,0.5,0.0
5ae4c49a5542995dadf24400,chunk_llmlingua_160,chunk,llmlingua,0.0,0.0,0.0,0.0,0.0,0.0,142.0,0.5,0.0
5ac44813554299194317396b,chunk_llmlingua_160,chunk,llmlingua,1.0,1.0,1.0,1.0,0.0,0.0,139.0,1.0,1.0
5abfc8675542993fe9a41e52,chunk_llmlingua_160,chunk,llmlingua,0.0,0.0,1.0,1.0,0.0,0.0,138.0,1.0,1.0
5a8aeadc55429950cd6afbe0,chunk_llmlingua_160,chunk,llmlingua,0.0,0.3333,0.0,0.6667,0.0,0.0,133.0,1.0,1.0
5ab2082f554299722f9b4c9f,chunk_llmlingua_160,chunk,llmlingua,0.0,0.0,0.0,0.6667,0.0,0.0,121.0,1.0,1.0
5ae0ba15554299603e41844d,chunk_llmlingua_160,chunk,llmlingua,1.0,1.0,0.0,0.0,0.0,0.0,126.0,1.0,1.0
5a7332935542991f9a20c67d,chunk_llmlingua_160,chunk,llmlingua,1.0,1.0,1.0,1.0,0.0,0.0,124.0,1.0,1.0
5a9068f85542990a98493623,chunk_llmlingua_160,chunk,llmlingua,0.0,0.0,0.0,0.0,0.0,0.0,141.0,1.0,1.0
5addd5795542990dbb2f7e9d,chunk_llmlingua_160,chunk,llmlingua,0.0,0.0,0.0,0.0,0.0,0.0,131.0,1.0,1.0
5adfa3da554299025d62a317,chunk_llmlingua_160,chunk,llmlingua,0.0,0.0,0.0,0.0,0.0,0.0,113.0,0.5,0.0
5ae6443355429908198fa563,chunk_llmlingua_160,chunk,llmlingua,0.0,0.0,0.0,0.5,0.0,0.0,103.0,1.0,1.0
5ab98608554299131ca42362,chunk_llmlingua_160,chunk,llmlingua,0.0,0.0,0.0,0.0,0.0,0.0,125.0,0.5,0.0
5ae61bfd5542992663a4f261,chunk_llmlingua_160,chunk,llmlingua,0.0,0.0,0.0,0.0,0.0,0.0,136.0,0.5,0.0
5ab870ed55429934fafe6db9,chunk_llmlingua_160,chunk,llmlingua,1.0,1.0,1.0,1.0,0.0,0.0,126.0,0.5,0.0
5abcfc365542993a06baf9d6,chunk_llmlingua_160,chunk,llmlingua,0.0,0.0,0.0,0.0,0.0,0.0,125.0,0.5,0.0
5add63845542992ae4cec541,chunk_llmlingua_160,chunk,llmlingua,0.0,0.0,0.0,0.6,0.0,0.0,118.0,1.0,1.0
5ae2a0a1554299495565dae9,chunk_llmlingua_160,chunk,llmlingua,0.0,0.5,1.0,1.0,0.0,0.0,133.0,1.0,1.0
5a84eecd5542994c784dda8e,chunk_llmlingua_160,chunk,llmlingua,1.0,1.0,1.0,1.0,0.0,0.0,127.0,1.0,1.0
5a85fa815542996432c57155,chunk_llmlingua_160,chunk,llmlingua,0.0,0.0,1.0,1.0,0.0,0.0,133.0,1.0,1.0
5a84a5385542990548d0b2d9,chunk_llmlingua_160,chunk,llmlingua,0.0,0.0,1.0,1.0,0.0,0.0,115.0,1.0,1.0
5a78f26055429970f5fffdeb,chunk_llmlingua_160,chunk,llmlingua,0.0,0.8,1.0,1.0,0.0,0.0,144.0,1.0,1.0
5a86edcc55429960ec39b6da,chunk_llmlingua_160,chunk,llmlingua,1.0,1.0,1.0,1.0,0.0,0.0,120.0,1.0,1.0
5ae7766455429952e35ea920,chunk_llmlingua_160,chunk,llmlingua,0.0,0.0,0.0,0.2,0.0,0.0,128.0,1.0,1.0
5a77863555429949eeb29ec6,chunk_llmlingua_160,chunk,llmlingua,0.0,0.6667,0.0,0.75,0.0,0.0,145.0,1.0,1.0
5ab3cc395542992ade7c6e9f,chunk_llmlingua_160,chunk,llmlingua,0.0,0.0,0.0,0.0,0.0,0.0,120.0,1.0,1.0
5add016e5542992c1e3a250b,chunk_llmlingua_160,chunk,llmlingua,0.0,0.0,0.0,0.0,0.0,0.0,128.0,1.0,1.0
5a8bd9c95542997f31a41de2,chunk_llmlingua_160,chunk,llmlingua,0.0,0.0,0.0,0.6667,0.0,0.0,121.0,1.0,1.0
5a8f13d55542997ba9cb31c9,chunk_llmlingua_160,chunk,llmlingua,0.0,0.8,0.0,0.6667,0.0,0.0,132.0,1.0,1.0
5ac248fd55429951e9e68525,chunk_llmlingua_160,chunk,llmlingua,0.0,0.0,0.0,0.0,0.0,0.0,132.0,0.5,0.0
5adbcd475542996e68525240,chunk_llmlingua_160,chunk,llmlingua,0.0,0.0,0.0,0.0,0.0,0.0,120.0,1.0,1.0
5a7c8a3b55429935c91b5204,chunk_llmlingua_160,chunk,llmlingua,1.0,1.0,1.0,1.0,0.0,0.0,142.0,1.0,1.0
5a7f40de5542992e7d278cc8,chunk_llmlingua_160,chunk,llmlingua,0.0,0.0,0.0,0.0,0.0,0.0,124.0,0.5,0.0
5ab2c6a955429916697740c2,chunk_llmlingua_160,chunk,llmlingua,0.0,0.0,0.0,0.0,0.0,0.0,124.0,1.0,1.0
5ac3165c5542995ef918c10a,chunk_llmlingua_160,chunk,llmlingua,0.0,0.0,0.0,0.5,0.0,0.0,133.0,0.5,0.0
5a7577145542996c70cfaf03,chunk_llmlingua_160,chunk,llmlingua,0.0,0.5714,0.0,0.5,0.0,0.0,126.0,1.0,1.0
5a8f45385542997ba9cb320a,chunk_llmlingua_160,chunk,llmlingua,0.0,0.0,1.0,1.0,0.0,0.0,118.0,1.0,1.0
5adea83b55429975fa854f53,chunk_llmlingua_160,chunk,llmlingua,0.0,0.0,0.0,0.0,0.0,0.0,93.0,1.0,1.0
5ab4428c5542990594ba9bda,chunk_llmlingua_160,chunk,llmlingua,0.0,0.0,1.0,1.0,0.0,0.0,115.0,1.0,1.0
5a90692f5542990a98493625,chunk_llmlingua_160,chunk,llmlingua,1.0,1.0,1.0,1.0,0.0,0.0,113.0,1.0,1.0
5ae68a065542991bbc97611e,chunk_llmlingua_160,chunk,llmlingua,0.0,0.0,0.0,0.0,0.0,0.0,133.0,0.5,0.0
5ab2929a554299449642c900,chunk_llmlingua_160,chunk,llmlingua,0.0,0.8,0.0,0.6667,0.0,0.0,131.0,1.0,1.0
5adf434c5542993a75d26462,chunk_llmlingua_160,chunk,llmlingua,0.0,0.0,0.0,1.0,0.0,0.0,136.0,1.0,1.0
5ac4ecea55429919431739fd,chunk_llmlingua_160,chunk,llmlingua,0.0,0.0,0.0,0.25,0.0,0.0,135.0,0.5,0.0
5a85dfcc5542994775f60673,chunk_llmlingua_160,chunk,llmlingua,0.0,0.6667,1.0,1.0,0.0,0.0,125.0,1.0,1.0
5a8085705542992bc0c4a74b,chunk_llmlingua_160,chunk,llmlingua,1.0,1.0,1.0,1.0,0.0,0.0,157.0,1.0,1.0
5ae3992d5542994393b9e722,chunk_llmlingua_160,chunk,llmlingua,0.0,0.0,0.0,0.3333,0.0,0.0,99.0,1.0,1.0
5ae7793c554299540e5a55c2,chunk_llmlingua_160,chunk,llmlingua,0.0,0.0,1.0,1.0,0.0,0.0,142.0,1.0,1.0
5a7f46115542994857a766d9,chunk_llmlingua_160,chunk,llmlingua,0.0,0.5,0.0,0.6667,0.0,0.0,122.0,1.0,1.0
5a7380b955429908901be2d4,chunk_llmlingua_160,chunk,llmlingua,0.0,0.0,1.0,1.0,0.0,0.0,125.0,1.0,1.0
5abfd3d65542994516f4550b,chunk_llmlingua_160,chunk,llmlingua,1.0,1.0,0.0,0.0,0.0,0.0,108.0,1.0,1.0
5abf2e605542993fe9a41de4,chunk_llmlingua_160,chunk,llmlingua,0.0,0.0,0.0,0.0,0.0,0.0,123.0,1.0,1.0
5ae256435542992decbdccc3,chunk_llmlingua_160,chunk,llmlingua,0.0,0.0,1.0,1.0,0.0,0.0,117.0,1.0,1.0
5ab819065542995dae37ea3c,chunk_llmlingua_160,chunk,llmlingua,0.0,0.0,1.0,1.0,0.0,0.0,140.0,1.0,1.0
5adfb10855429942ec259af9,chunk_llmlingua_160,chunk,llmlingua,0.0,0.0,1.0,1.0,0.0,0.0,120.0,1.0,1.0
5ae0a54e5542993d6555ebdd,chunk_llmlingua_160,chunk,llmlingua,0.0,0.8,0.0,0.6667,0.0,0.0,127.0,1.0,1.0
5ab327bc554299233954ff33,chunk_llmlingua_160,chunk,llmlingua,0.0,0.4,0.0,0.3333,0.0,0.0,124.0,1.0,1.0
5a7c703055429935c91b51aa,chunk_llmlingua_160,chunk,llmlingua,0.0,0.4,0.0,1.0,0.0,0.0,155.0,1.0,1.0
5abe19895542991f661060c2,chunk_llmlingua_160,chunk,llmlingua,0.0,0.0,0.0,0.0,0.0,0.0,134.0,1.0,1.0
5ac26d4d55429951e9e685b7,chunk_llmlingua_160,chunk,llmlingua,0.0,0.0,0.0,0.0,0.0,0.0,129.0,1.0,1.0
5add95035542990dbb2f7e77,chunk_llmlingua_160,chunk,llmlingua,0.0,0.6667,0.0,0.0,0.0,0.0,127.0,1.0,1.0
5adc46665542994650320cc8,chunk_llmlingua_160,chunk,llmlingua,0.0,0.0,0.0,0.0,0.0,0.0,129.0,0.0,0.0
5ac259125542992f1f2b3867,chunk_llmlingua_160,chunk,llmlingua,0.0,0.0,0.0,0.0,0.0,0.0,133.0,1.0,1.0
5a81624d5542995ce29dcbf1,chunk_llmlingua_160,chunk,llmlingua,0.0,0.0,0.0,0.6667,0.0,0.0,134.0,1.0,1.0
5a7933b255429907847277eb,chunk_llmlingua_160,chunk,llmlingua,1.0,1.0,1.0,1.0,0.0,0.0,117.0,1.0,1.0
5a7754d85542993735360234,chunk_llmlingua_160,chunk,llmlingua,0.0,0.0,0.0,0.6667,0.0,0.0,124.0,1.0,1.0
5a80c01855429938b61421b8,chunk_llmlingua_160,chunk,llmlingua,0.0,0.5,1.0,1.0,0.0,0.0,157.0,1.0,1.0
5ab2b61d5542991669774065,chunk_llmlingua_160,chunk,llmlingua,0.0,0.0,0.0,0.0,0.0,0.0,141.0,1.0,1.0
5ae8167b55429952e35eaa06,chunk_llmlingua_160,chunk,llmlingua,0.0,0.8,0.0,0.6667,0.0,0.0,134.0,1.0,1.0
5a7bacf35542997c3ec9724b,chunk_llmlingua_160,chunk,llmlingua,0.0,0.5714,1.0,1.0,0.0,0.0,126.0,1.0,1.0
5ac2610455429951e9e68592,chunk_llmlingua_160,chunk,llmlingua,0.0,0.0,0.0,0.0,0.0,0.0,139.0,1.0,1.0
5a7c827e55429907fabeefa7,chunk_llmlingua_160,chunk,llmlingua,0.0,0.0,0.0,0.0,0.0,0.0,138.0,0.5,0.0
5a81711455429938b614233e,chunk_llmlingua_160,chunk,llmlingua,0.0,0.0,0.0,0.0,0.0,0.0,146.0,1.0,1.0
5adfd0d655429942ec259b4e,chunk_llmlingua_160,chunk,llmlingua,0.0,0.0,1.0,1.0,0.0,0.0,134.0,1.0,1.0
5adc85b855429944faac24e9,chunk_llmlingua_160,chunk,llmlingua,0.0,0.0,0.0,0.5,0.0,0.0,143.0,1.0,1.0
5abfde655542997719eab6f2,chunk_llmlingua_160,chunk,llmlingua,0.0,0.0,1.0,1.0,0.0,0.0,130.0,1.0,1.0
5a72953b5542994cef4bc357,chunk_llmlingua_160,chunk,llmlingua,0.0,0.0,0.0,0.5,0.0,0.0,152.0,1.0,1.0
5ab989f755429970cfb8eb38,chunk_llmlingua_160,chunk,llmlingua,0.0,0.5,0.0,0.5,0.0,0.0,111.0,0.5,0.0
5ae2133e554299495565d9e3,chunk_llmlingua_160,chunk,llmlingua,0.0,0.0,1.0,1.0,0.0,0.0,127.0,1.0,1.0
5a82d71555429966c78a6a94,chunk_llmlingua_160,chunk,llmlingua,0.0,0.0,0.0,0.0,0.0,0.0,132.0,1.0,1.0
5ae1c3cd554299492dc91b87,chunk_llmlingua_160,chunk,llmlingua,0.0,0.0,0.0,0.0,0.0,0.0,136.0,1.0,1.0
5ac2583b55429951e9e68565,chunk_llmlingua_160,chunk,llmlingua,1.0,1.0,0.0,0.5,0.0,0.0,125.0,1.0,1.0
5a82a55955429966c78a6a70,chunk_llmlingua_160,chunk,llmlingua,0.0,0.0,0.0,0.0,0.0,0.0,145.0,0.0,0.0
5ae5dae2554299546bf82fa4,chunk_llmlingua_160,chunk,llmlingua,1.0,1.0,1.0,1.0,0.0,0.0,104.0,1.0,1.0
5ac195455542991316484b40,chunk_llmlingua_160,chunk,llmlingua,0.0,0.0,0.0,0.0,0.0,0.0,125.0,0.5,0.0
5ae785685542994a481bbd47,chunk_llmlingua_160,chunk,llmlingua,1.0,1.0,1.0,1.0,0.0,0.0,121.0,1.0,1.0
5ae5429355429908b63265c5,chunk_llmlingua_160,chunk,llmlingua,0.0,0.0,0.0,0.0,0.0,0.0,126.0,1.0,1.0
5a8ba60b554299240d9c205b,chunk_llmlingua_160,chunk,llmlingua,1.0,1.0,0.0,0.6667,0.0,0.0,112.0,1.0,1.0
5a82f05255429966c78a6aa2,chunk_llmlingua_160,chunk,llmlingua,0.0,0.5,1.0,1.0,0.0,0.0,137.0,1.0,1.0
5abfea825542994516f45527,chunk_llmlingua_160,chunk,llmlingua,0.0,0.0,0.0,0.0,0.0,0.0,129.0,0.0,0.0
5aba6f3e55429955dce3ee21,chunk_llmlingua_160,chunk,llmlingua,0.0,0.8,1.0,1.0,0.0,0.0,125.0,1.0,1.0
5ae113de55429901ffe4ad51,chunk_llmlingua_160,chunk,llmlingua,0.0,0.0,1.0,1.0,0.0,0.0,134.0,1.0,1.0
5adce4f65542992c1e3a2474,chunk_llmlingua_160,chunk,llmlingua,0.0,0.0,0.0,0.8333,0.0,0.0,154.0,1.0,1.0
5ab27587554299449642c8af,chunk_llmlingua_160,chunk,llmlingua,0.0,0.0,0.0,0.0,0.0,0.0,138.0,1.0,1.0
5a7323ad5542994cef4bc476,chunk_llmlingua_160,chunk,llmlingua,0.0,0.0,1.0,1.0,0.0,0.0,129.0,1.0,1.0
5abc17555542993a06baf858,chunk_llmlingua_160,chunk,llmlingua,0.0,0.0,0.0,0.0,0.0,0.0,120.0,0.5,0.0
5ab9fe1255429939ce03dc40,chunk_llmlingua_160,chunk,llmlingua,0.0,0.3333,0.0,0.5,0.0,0.0,124.0,1.0,1.0
5a8b6ac055429949d91db5a5,chunk_llmlingua_160,chunk,llmlingua,0.0,0.5,1.0,1.0,0.0,0.0,132.0,1.0,1.0
5a87136e5542991e771816b2,chunk_llmlingua_160,chunk,llmlingua,0.0,0.0,0.0,0.0,0.0,0.0,121.0,1.0,1.0
5abff0625542997ec76fd476,chunk_llmlingua_160,chunk,llmlingua,0.0,0.6667,0.0,1.0,0.0,0.0,117.0,0.5,0.0
5a7526945542993748c897d2,chunk_llmlingua_160,chunk,llmlingua,0.0,0.0,0.0,0.0,0.0,0.0,126.0,0.5,0.0
5abc8620554299700f9d78e2,chunk_llmlingua_160,chunk,llmlingua,1.0,1.0,1.0,1.0,0.0,0.0,126.0,1.0,1.0
5a72a3c45542994cef4bc3ac,chunk_llmlingua_160,chunk,llmlingua,0.0,0.0,0.0,0.0,0.0,0.0,139.0,0.5,0.0
5ac170af5542994d76dcce20,chunk_llmlingua_160,chunk,llmlingua,0.0,0.8571,0.0,0.75,0.0,0.0,144.0,1.0,1.0
5ae5f3bb5542996de7b71a7e,chunk_llmlingua_160,chunk,llmlingua,1.0,1.0,1.0,1.0,0.0,0.0,124.0,0.5,0.0
5a7f7ca25542994857a76747,chunk_llmlingua_160,chunk,llmlingua,0.0,0.0,1.0,1.0,0.0,0.0,126.0,1.0,1.0
5adca8375542990d50227cd4,chunk_llmlingua_160,chunk,llmlingua,0.0,0.0,0.0,0.0,0.0,0.0,135.0,0.5,0.0
5ac3e1075542995c82c4ac78,chunk_llmlingua_160,chunk,llmlingua,0.0,0.0,0.0,0.0,0.0,0.0,168.0,1.0,1.0
5a7db0915542990b8f503a30,chunk_llmlingua_160,chunk,llmlingua,1.0,1.0,1.0,1.0,0.0,0.0,119.0,1.0,1.0
5a81e04455429903bc27b9f9,chunk_llmlingua_160,chunk,llmlingua,0.0,0.0,0.0,0.375,0.0,0.0,140.0,0.5,0.0
5a8a573355429970aeb7029a,chunk_llmlingua_160,chunk,llmlingua,0.0,0.0,1.0,1.0,0.0,0.0,142.0,1.0,1.0
5a75e60e55429976ec32bc88,chunk_llmlingua_160,chunk,llmlingua,0.0,0.0,0.0,0.4,0.0,0.0,112.0,0.5,0.0
5abce73055429959677d6b34,chunk_llmlingua_160,chunk,llmlingua,0.0,0.0,0.0,0.0,0.0,0.0,114.0,1.0,1.0
5a87572d5542994846c1cd6b,chunk_llmlingua_160,chunk,llmlingua,0.0,0.0,0.0,0.25,0.0,0.0,122.0,0.5,0.0
5a89761d5542995153361310,chunk_llmlingua_160,chunk,llmlingua,0.0,0.0,0.0,0.0,0.0,0.0,132.0,1.0,1.0
5a8d5f16554299585d9e37c5,chunk_llmlingua_160,chunk,llmlingua,1.0,1.0,1.0,1.0,0.0,0.0,117.0,1.0,1.0
5ae7cea355429952e35ea9c1,chunk_llmlingua_160,chunk,llmlingua,0.0,0.0,1.0,1.0,0.0,0.0,129.0,0.5,0.0
5ab600fb554299488d4d9a82,chunk_llmlingua_160,chunk,llmlingua,0.0,0.0,1.0,1.0,0.0,0.0,132.0,0.5,0.0
5a7f7c285542994857a76746,chunk_llmlingua_160,chunk,llmlingua,1.0,1.0,1.0,1.0,0.0,0.0,131.0,1.0,1.0
5ade61fd554299728e26c704,chunk_llmlingua_160,chunk,llmlingua,0.0,0.0,0.0,0.0,0.0,0.0,126.0,1.0,1.0
5a73630655429901807db020,chunk_llmlingua_160,chunk,llmlingua,1.0,1.0,1.0,1.0,0.0,0.0,122.0,1.0,1.0
5ab916e155429919ba4e23a4,chunk_llmlingua_160,chunk,llmlingua,0.0,0.5,1.0,1.0,0.0,0.0,140.0,1.0,1.0
5ae0af5555429945ae95941e,chunk_llmlingua_160,chunk,llmlingua,1.0,1.0,1.0,1.0,0.0,0.0,140.0,1.0,1.0
5a865bbf5542991e77181615,chunk_llmlingua_160,chunk,llmlingua,0.0,0.5,0.0,0.3333,0.0,0.0,131.0,1.0,1.0
5a8fa20555429918e830d298,chunk_llmlingua_160,chunk,llmlingua,0.0,0.0,0.0,0.3333,0.0,0.0,143.0,1.0,1.0
5ab97cd0554299753720f81a,chunk_llmlingua_160,chunk,llmlingua,1.0,1.0,1.0,1.0,0.0,0.0,141.0,1.0,1.0
5ae7ed9555429952e35ea9e6,chunk_llmlingua_160,chunk,llmlingua,1.0,1.0,1.0,1.0,0.0,0.0,136.0,1.0,1.0
5aded1595542995ec70e8f29,chunk_llmlingua_160,chunk,llmlingua,0.0,0.0,0.0,0.0,0.0,0.0,124.0,1.0,1.0
5adc3aff5542996e685252eb,chunk_llmlingua_160,chunk,llmlingua,0.0,0.0,0.0,0.5,0.0,0.0,121.0,0.5,0.0
5ae2ee5e5542991a06ce990a,chunk_llmlingua_160,chunk,llmlingua,0.0,0.6667,1.0,1.0,0.0,0.0,141.0,1.0,1.0
5a8e42d15542995a26add4a6,chunk_llmlingua_160,chunk,llmlingua,0.0,0.0,0.0,0.75,0.0,0.0,118.0,1.0,1.0
5a7a33a35542994f819ef14c,chunk_llmlingua_160,chunk,llmlingua,0.0,0.0,0.0,0.0,0.0,0.0,125.0,1.0,1.0
5ae69fa755429908198fa66c,chunk_llmlingua_160,chunk,llmlingua,0.0,0.0,0.0,0.6,0.0,0.0,124.0,0.5,0.0
5a7e279d5542995ed0d166b5,chunk_llmlingua_160,chunk,llmlingua,0.0,0.0,0.0,0.0,0.0,0.0,142.0,0.5,0.0
5a79c6a55542994bb9457091,chunk_llmlingua_160,chunk,llmlingua,0.0,0.0,1.0,1.0,0.0,0.0,150.0,1.0,1.0
5a739d8c55429905862fe073,chunk_llmlingua_160,chunk,llmlingua,0.0,0.0,0.0,0.0,0.0,0.0,134.0,0.5,0.0
5a7fc21455429969796c1b4b,chunk_llmlingua_160,chunk,llmlingua,1.0,1.0,1.0,1.0,0.0,0.0,154.0,1.0,1.0
5ae1da385542997283cd2297,chunk_llmlingua_160,chunk,llmlingua,0.0,0.5,0.0,0.6667,0.0,0.0,123.0,1.0,1.0
5ab5f249554299488d4d9a5d,chunk_llmlingua_160,chunk,llmlingua,0.0,0.0,0.0,0.3333,0.0,0.0,122.0,1.0,1.0
5ab9180b5542991b5579f0f3,chunk_llmlingua_160,chunk,llmlingua,1.0,1.0,0.0,0.5,0.0,0.0,128.0,1.0,1.0
5ae0f8a05542997b2ef7d0bc,chunk_llmlingua_160,chunk,llmlingua,1.0,1.0,1.0,1.0,0.0,0.0,138.0,1.0,1.0
5a7c8e7955429935c91b521a,chunk_llmlingua_160,chunk,llmlingua,0.0,0.5714,0.0,0.6,0.0,0.0,129.0,1.0,1.0
5ae5d008554299546bf82f7d,chunk_llmlingua_160,chunk,llmlingua,0.0,0.0,0.0,0.5,0.0,0.0,133.0,1.0,1.0
5abbaed855429931dba144aa,chunk_llmlingua_160,chunk,llmlingua,0.0,0.0,0.0,0.0,0.0,0.0,151.0,1.0,1.0
5ae1316555429901ffe4adda,chunk_llmlingua_160,chunk,llmlingua,0.0,0.0,0.0,0.0,0.0,0.0,116.0,1.0,1.0
5a74512b55429974ef308bd5,chunk_llmlingua_160,chunk,llmlingua,0.0,0.0,0.0,0.0,0.0,0.0,126.0,0.5,0.0
5a80aeff5542996402f6a5eb,chunk_llmlingua_160,chunk,llmlingua,0.0,0.6667,0.0,0.5,0.0,0.0,143.0,1.0,1.0
5a88a4e65542997e5c09a671,chunk_llmlingua_160,chunk,llmlingua,0.0,0.6667,1.0,1.0,0.0,0.0,115.0,1.0,1.0
5ae2eda355429928c4239570,chunk_llmlingua_160,chunk,llmlingua,1.0,1.0,1.0,1.0,0.0,0.0,144.0,1.0,1.0
5a836a2d554299334474600f,chunk_llmlingua_160,chunk,llmlingua,0.0,0.0,0.0,0.0,0.0,0.0,127.0,1.0,1.0
5a78d01d55429974737f78b3,chunk_llmlingua_160,chunk,llmlingua,1.0,1.0,1.0,1.0,0.0,0.0,137.0,1.0,1.0
5ae46c9d5542996836b02c9d,chunk_llmlingua_160,chunk,llmlingua,0.0,0.6667,1.0,1.0,0.0,0.0,124.0,1.0,1.0
5a80e03e55429938b614222c,chunk_llmlingua_160,chunk,llmlingua,0.0,0.0,0.0,0.0,0.0,0.0,122.0,1.0,1.0
5a7270395542992359bc30a8,chunk_llmlingua_160,chunk,llmlingua,0.0,0.0,0.0,0.0,0.0,0.0,130.0,0.5,0.0
5ab8261655429934fafe6cf1,chunk_llmlingua_160,chunk,llmlingua,0.0,0.0,0.0,0.0,0.0,0.0,139.0,0.5,0.0
5abc41315542993a06baf8bb,chunk_llmlingua_160,chunk,llmlingua,1.0,1.0,1.0,1.0,0.0,0.0,129.0,1.0,1.0
5abd455c55429924427fcf5a,chunk_llmlingua_160,chunk,llmlingua,0.0,0.0,0.0,0.6667,0.0,0.0,149.0,1.0,1.0
5ab97d0a5542996be202051e,chunk_llmlingua_160,chunk,llmlingua,0.0,0.0,0.0,0.5,0.0,0.0,124.0,1.0,1.0
5a7a96555542990198eaf159,chunk_llmlingua_160,chunk,llmlingua,0.0,0.6667,0.0,0.25,0.0,0.0,136.0,1.0,1.0
5a8c7057554299653c1aa066,chunk_llmlingua_160,chunk,llmlingua,0.0,0.6667,1.0,1.0,0.0,0.0,145.0,1.0,1.0
5a7663665542992d0ec060d3,chunk_llmlingua_160,chunk,llmlingua,0.0,0.2857,1.0,1.0,0.0,0.0,161.0,1.0,1.0
5abd920e55429924427fd05d,chunk_llmlingua_160,chunk,llmlingua,0.0,0.0,0.0,0.0,0.0,0.0,107.0,1.0,1.0
5ae47ae05542995ad6573d4f,chunk_llmlingua_160,chunk,llmlingua,1.0,1.0,1.0,1.0,0.0,0.0,136.0,1.0,1.0
5ae25ed15542992decbdccd2,chunk_llmlingua_160,chunk,llmlingua,0.0,0.0,0.0,0.0,0.0,0.0,134.0,1.0,1.0
5a8b7e9c5542995d1e6f13c1,chunk_llmlingua_160,chunk,llmlingua,0.0,0.0,1.0,1.0,0.0,0.0,125.0,1.0,1.0
5a7265a95542992359bc307a,chunk_llmlingua_160,chunk,llmlingua,0.0,0.0,0.0,0.0,0.0,0.0,141.0,1.0,1.0
5add889b5542997545bbbd68,chunk_llmlingua_160,chunk,llmlingua,1.0,1.0,1.0,1.0,0.0,0.0,115.0,0.5,0.0
5abed7d75542990832d3a0f7,chunk_llmlingua_160,chunk,llmlingua,0.0,0.6667,1.0,1.0,0.0,0.0,134.0,0.5,0.0
5ab8c3c65542991b5579effd,chunk_llmlingua_160,chunk,llmlingua,0.0,0.0,0.0,0.0,0.0,0.0,135.0,1.0,1.0
5ae6179b5542992663a4f25b,chunk_llmlingua_160,chunk,llmlingua,0.0,0.0,0.0,0.0,0.0,0.0,118.0,1.0,1.0
5a80838d5542992bc0c4a745,chunk_llmlingua_160,chunk,llmlingua,0.0,0.0,1.0,1.0,0.0,0.0,147.0,1.0,1.0
5a7cd7f055429909bec7683e,chunk_llmlingua_160,chunk,llmlingua,0.0,0.0,0.0,0.0,0.0,0.0,123.0,1.0,1.0
5ac3a10b5542995ef918c1c3,chunk_llmlingua_160,chunk,llmlingua,0.0,0.0,0.0,0.0,0.0,0.0,132.0,1.0,1.0
5ab8764155429919ba4e22fe,chunk_llmlingua_160,chunk,llmlingua,0.0,0.0,0.0,0.3333,0.0,0.0,129.0,1.0,1.0
5a7cf4e355429907fabef062,chunk_llmlingua_160,chunk,llmlingua,1.0,1.0,1.0,1.0,0.0,0.0,131.0,1.0,1.0
5a8f06075542995b44241f2d,chunk_llmlingua_160,chunk,llmlingua,0.0,0.0,1.0,1.0,0.0,0.0,133.0,1.0,1.0
5ac09da45542996f0d89cc1d,chunk_llmlingua_160,chunk,llmlingua,1.0,1.0,1.0,1.0,0.0,0.0,117.0,1.0,1.0
5a8a4b9955429930ff3c0d88,chunk_llmlingua_160,chunk,llmlingua,0.0,0.0,0.0,0.0,0.0,0.0,134.0,0.5,0.0
5a8b7d925542995d1e6f13bd,chunk_llmlingua_160,chunk,llmlingua,0.0,0.0,0.0,0.0,0.0,0.0,115.0,1.0,1.0
5a8a09ff5542992d82986e6b,chunk_llmlingua_160,chunk,llmlingua,0.0,0.0,0.0,0.0,0.0,0.0,127.0,0.5,0.0
5ab2d65e554299545a2cfabe,chunk_llmlingua_160,chunk,llmlingua,0.0,0.0,0.0,0.3333,0.0,0.0,132.0,0.5,0.0
5a711cb45542994082a3e59f,chunk_llmlingua_160,chunk,llmlingua,1.0,1.0,1.0,1.0,0.0,0.0,121.0,1.0,1.0
5a746ddc55429929fddd8423,chunk_llmlingua_160,chunk,llmlingua,0.0,0.0,0.0,0.75,0.0,0.0,115.0,0.5,0.0
5ae4b55455429913cc2044db,chunk_llmlingua_160,chunk,llmlingua,0.0,0.0,1.0,1.0,0.0,0.0,119.0,1.0,1.0
5ab6087a554299110f2199be,chunk_llmlingua_160,chunk,llmlingua,0.0,0.0,0.0,0.0,0.0,0.0,80.0,1.0,1.0
5adfc06d55429906c02daa2a,chunk_llmlingua_160,chunk,llmlingua,0.0,0.2857,0.0,0.6667,0.0,0.0,158.0,1.0,1.0
5adf51e05542995534e8c78a,chunk_llmlingua_160,chunk,llmlingua,0.0,0.4,1.0,1.0,0.0,0.0,115.0,1.0,1.0
5ab4482b55429942dd415f09,chunk_llmlingua_160,chunk,llmlingua,0.0,0.75,0.0,0.6,0.0,0.0,121.0,1.0,1.0
5abfa0285542990832d3a171,chunk_llmlingua_160,chunk,llmlingua,1.0,1.0,1.0,1.0,0.0,0.0,121.0,1.0,1.0
5a8b1a925542997f31a41c6e,chunk_llmlingua_160,chunk,llmlingua,0.0,0.0,0.0,0.0,0.0,0.0,139.0,1.0,1.0
5a7fc03d5542992097ad2fbc,chunk_llmlingua_160,chunk,llmlingua,0.0,0.0,1.0,1.0,0.0,0.0,121.0,1.0,1.0
5ae5ead6554299546bf82fd0,chunk_llmlingua_160,chunk,llmlingua,0.0,0.0,0.0,0.5,0.0,0.0,132.0,1.0,1.0
5ae6371155429929b0807af1,chunk_llmlingua_160,chunk,llmlingua,0.0,0.0,1.0,1.0,0.0,0.0,141.0,1.0,1.0
5a80f4c2554299260e20a1da,chunk_llmlingua_160,chunk,llmlingua,0.0,0.0,0.0,0.0,0.0,0.0,133.0,1.0,1.0
5ac38bf355429939154137ba,chunk_llmlingua_160,chunk,llmlingua,0.0,0.0,0.0,1.0,0.0,0.0,142.0,1.0,1.0
5ae26c795542992decbdccfb,chunk_llmlingua_160,chunk,llmlingua,0.0,0.0,0.0,0.0,0.0,0.0,156.0,0.5,0.0
5ae51fa25542992663a4f11f,chunk_llmlingua_160,chunk,llmlingua,0.0,0.0,0.0,0.0,0.0,0.0,111.0,1.0,1.0
5ae13bf1554299422ee99634,chunk_llmlingua_160,chunk,llmlingua,0.0,0.0,0.0,0.5,0.0,0.0,120.0,1.0,1.0
5a79e7b45542994f819ef0ff,chunk_llmlingua_160,chunk,llmlingua,0.0,0.0,0.0,0.0,0.0,0.0,137.0,0.5,0.0
5a8ee7c95542990e94052bb1,chunk_llmlingua_160,chunk,llmlingua,0.0,0.8,0.0,0.6667,0.0,0.0,128.0,1.0,1.0
5a8bc0485542995d1e6f143d,chunk_llmlingua_160,chunk,llmlingua,0.0,0.0,1.0,1.0,0.0,0.0,129.0,1.0,1.0
5adf3c155542993a75d2643a,chunk_llmlingua_160,chunk,llmlingua,0.0,0.0,0.0,0.0,0.0,0.0,126.0,0.5,0.0
5ab84bab55429934fafe6d49,chunk_llmlingua_160,chunk,llmlingua,1.0,1.0,1.0,1.0,0.0,0.0,134.0,1.0,1.0
5abb4b4a5542993f40c73aea,chunk_llmlingua_160,chunk,llmlingua,0.0,0.8,1.0,1.0,0.0,0.0,139.0,1.0,1.0
5ae4885e55429970de88d99d,chunk_llmlingua_160,chunk,llmlingua,0.0,0.0,0.0,0.3333,0.0,0.0,126.0,1.0,1.0
5adf53dc5542995534e8c791,chunk_llmlingua_160,chunk,llmlingua,1.0,1.0,1.0,1.0,0.0,0.0,127.0,1.0,1.0
5a7a70b355429941d65f2647,chunk_llmlingua_160,chunk,llmlingua,1.0,1.0,1.0,1.0,0.0,0.0,141.0,1.0,1.0
5a8911ad554299515336129c,chunk_llmlingua_160,chunk,llmlingua,0.0,0.0,0.0,1.0,0.0,0.0,118.0,1.0,1.0
5ae6911955429908198fa626,chunk_llmlingua_160,chunk,llmlingua,0.0,0.0,0.0,0.6667,0.0,0.0,119.0,1.0,1.0
5a843de75542992ef85e23b4,chunk_llmlingua_160,chunk,llmlingua,0.0,0.0,0.0,0.0,0.0,0.0,143.0,0.5,0.0
5a7d22dc5542995ed0d16600,chunk_llmlingua_160,chunk,llmlingua,1.0,1.0,1.0,1.0,0.0,0.0,120.0,1.0,1.0
5a8a1a9c5542992d82986ebb,chunk_llmlingua_160,chunk,llmlingua,0.0,0.0,0.0,0.0,0.0,0.0,125.0,1.0,1.0
5a8f7c9a55429918e830d239,chunk_llmlingua_160,chunk,llmlingua,1.0,1.0,1.0,1.0,0.0,0.0,142.0,1.0,1.0
5ab92f1f554299753720f77b,chunk_llmlingua_160,chunk,llmlingua,0.0,0.5,0.0,0.0,0.0,0.0,137.0,1.0,1.0
5a761e855542994ccc9186e0,chunk_llmlingua_160,chunk,llmlingua,0.0,0.0,0.0,0.6667,0.0,0.0,146.0,1.0,1.0
5a7a01b15542996c55b2dcd1,chunk_llmlingua_160,chunk,llmlingua,0.0,0.0,0.0,0.6667,0.0,0.0,132.0,1.0,1.0
5a733b835542991f9a20c6b2,chunk_llmlingua_160,chunk,llmlingua,0.0,0.0,0.0,0.0,0.0,0.0,127.0,0.5,0.0
5ae04ea555429924de1b709e,chunk_llmlingua_160,chunk,llmlingua,0.0,0.0,0.0,0.0,0.0,0.0,136.0,0.5,0.0
5abd2eab5542992ac4f38210,chunk_llmlingua_160,chunk,llmlingua,0.0,0.0,0.0,0.0,0.0,0.0,121.0,1.0,1.0
5a81e097554299676cceb129,chunk_llmlingua_160,chunk,llmlingua,0.0,0.4,0.0,0.75,0.0,0.0,133.0,1.0,1.0
5ab6faec5542991d32223708,chunk_llmlingua_160,chunk,llmlingua,0.0,0.7143,0.0,0.5714,0.0,0.0,145.0,1.0,1.0
5a753c8c55429916b01642ab,chunk_llmlingua_160,chunk,llmlingua,0.0,0.0,1.0,1.0,0.0,0.0,134.0,1.0,1.0
5ae22ede554299234fd0441b,chunk_llmlingua_160,chunk,llmlingua,0.0,0.0,0.0,0.0,0.0,0.0,140.0,0.5,0.0
5a8b40b055429949d91db50c,chunk_llmlingua_160,chunk,llmlingua,0.0,0.0,0.0,0.0,0.0,0.0,138.0,1.0,1.0
5ade8ad95542992fa25da7b8,chunk_llmlingua_160,chunk,llmlingua,0.0,0.0,1.0,1.0,0.0,0.0,137.0,1.0,1.0
5a7b971255429927d897bff3,chunk_llmlingua_160,chunk,llmlingua,0.0,0.0,0.0,0.0,0.0,0.0,120.0,1.0,1.0
5ae2c4b8554299495565db31,chunk_llmlingua_160,chunk,llmlingua,0.0,0.0,0.0,0.0,0.0,0.0,146.0,0.5,0.0
5ac508205542994611c8b32e,chunk_llmlingua_160,chunk,llmlingua,0.0,0.0,0.0,0.0,0.0,0.0,116.0,1.0,1.0
5a74c85055429916b0164218,chunk_llmlingua_160,chunk,llmlingua,0.0,0.8,0.0,0.5,0.0,0.0,129.0,1.0,1.0
5a75642c5542996c70cfaeed,chunk_llmlingua_160,chunk,llmlingua,0.0,0.0,0.0,0.0,0.0,0.0,148.0,0.5,0.0
5ae6dd745542996d980e7ca0,chunk_llmlingua_160,chunk,llmlingua,0.0,0.0,0.0,0.0,0.0,0.0,125.0,0.5,0.0
5a74d64055429916b0164223,chunk_llmlingua_160,chunk,llmlingua,1.0,1.0,1.0,1.0,0.0,0.0,129.0,0.5,0.0
5a7a616355429941d65f25f7,chunk_llmlingua_160,chunk,llmlingua,0.0,0.0,0.0,0.5,0.0,0.0,122.0,1.0,1.0
5aba9813554299232ef4a357,chunk_llmlingua_160,chunk,llmlingua,0.0,0.0,1.0,1.0,0.0,0.0,126.0,1.0,1.0
5ae5669755429960a22e02ec,chunk_llmlingua_160,chunk,llmlingua,0.0,0.0,0.0,0.4,0.0,0.0,126.0,1.0,1.0
5a79e1275542990198eaefe7,chunk_llmlingua_160,chunk,llmlingua,0.0,0.0,0.0,0.3333,0.0,0.0,151.0,0.5,0.0
5a9064c755429916514e74a6,chunk_llmlingua_160,chunk,llmlingua,0.0,0.0,0.0,0.0,0.0,0.0,136.0,1.0,1.0
5a872e8e5542991e7718170c,chunk_llmlingua_160,chunk,llmlingua,0.0,0.0,0.0,0.0,0.0,0.0,121.0,1.0,1.0
5ae6453e55429908198fa56c,chunk_llmlingua_160,chunk,llmlingua,1.0,1.0,0.0,0.6667,0.0,0.0,136.0,1.0,1.0
5a90970d5542995651fb51a5,chunk_llmlingua_160,chunk,llmlingua,0.0,0.0,0.0,0.0,0.0,0.0,130.0,0.5,0.0
5ae15ae25542990adbacf767,chunk_llmlingua_160,chunk,llmlingua,1.0,1.0,1.0,1.0,0.0,0.0,131.0,1.0,1.0
5a7e08b55542997cc2c474fe,chunk_llmlingua_160,chunk,llmlingua,0.0,0.0,1.0,1.0,0.0,0.0,155.0,1.0,1.0
5ab30336554299166977417c,chunk_llmlingua_160,chunk,llmlingua,0.0,0.0,0.0,0.5,0.0,0.0,140.0,0.5,0.0
5a83b4d35542996488c2e495,chunk_llmlingua_160,chunk,llmlingua,0.0,0.8,0.0,0.6667,0.0,0.0,115.0,1.0,1.0
5ab416a25542996a3a969f28,chunk_llmlingua_160,chunk,llmlingua,0.0,0.0,1.0,1.0,0.0,0.0,124.0,1.0,1.0
5a7147fd5542994082a3e758,chunk_llmlingua_160,chunk,llmlingua,0.0,1.0,1.0,1.0,0.0,0.0,123.0,1.0,1.0
5ae0413555429942ec259c61,chunk_llmlingua_160,chunk,llmlingua,0.0,0.8,0.0,0.6667,0.0,0.0,141.0,1.0,1.0
5ae47cab5542996836b02cb9,chunk_llmlingua_160,chunk,llmlingua,0.0,0.0,0.0,0.0,0.0,0.0,141.0,0.5,0.0
5abdbf3755429933744ab818,chunk_llmlingua_160,chunk,llmlingua,0.0,0.0,0.0,0.0,0.0,0.0,137.0,1.0,1.0
5ae0968955429924de1b7105,chunk_llmlingua_160,chunk,llmlingua,0.0,0.6667,0.0,0.5,0.0,0.0,130.0,1.0,1.0
5ab48f245542990594ba9c66,chunk_llmlingua_160,chunk,llmlingua,0.0,0.0,0.0,0.0,0.0,0.0,131.0,1.0,1.0
5ae5faf555429929b0807a4c,chunk_llmlingua_160,chunk,llmlingua,0.0,0.0,0.0,0.5,0.0,0.0,132.0,1.0,1.0
5a7c53a855429935c91b515d,chunk_llmlingua_160,chunk,llmlingua,0.0,0.4,0.0,0.75,0.0,0.0,129.0,0.5,0.0
5ae51b495542993aec5ec146,chunk_llmlingua_160,chunk,llmlingua,0.0,0.0,0.0,0.6667,0.0,0.0,121.0,1.0,1.0
5ade8f5955429975fa854f10,chunk_llmlingua_160,chunk,llmlingua,0.0,0.0,1.0,1.0,0.0,0.0,119.0,1.0,1.0
5ab64cfa55429953192ad2b7,chunk_llmlingua_160,chunk,llmlingua,0.0,0.0,0.0,0.6667,0.0,0.0,127.0,1.0,1.0
5a8fae205542997ba9cb32ec,chunk_llmlingua_160,chunk,llmlingua,0.0,0.0,0.0,0.0,0.0,0.0,123.0,0.5,0.0
5abb7d8b5542996cc5e4a006,chunk_llmlingua_160,chunk,llmlingua,0.0,0.0,0.0,0.0,0.0,0.0,101.0,1.0,1.0
5add47bf5542992200553a7f,chunk_llmlingua_160,chunk,llmlingua,0.0,0.0,0.0,0.0,0.0,0.0,126.0,1.0,1.0
5a7128b05542994082a3e5f2,chunk_llmlingua_160,chunk,llmlingua,1.0,1.0,1.0,1.0,0.0,0.0,130.0,1.0,1.0
5ade04465542990dbb2f7f2f,chunk_llmlingua_160,chunk,llmlingua,0.0,0.0,1.0,1.0,0.0,0.0,132.0,1.0,1.0
5ab431d855429942dd415ed2,chunk_llmlingua_160,chunk,llmlingua,0.0,0.0,1.0,1.0,0.0,0.0,155.0,0.5,0.0
5a8c6342554299240d9c214a,chunk_llmlingua_160,chunk,llmlingua,0.0,0.0,0.0,0.0,0.0,0.0,115.0,1.0,1.0
5adc75525542994650320d0e,chunk_llmlingua_160,chunk,llmlingua,1.0,1.0,1.0,1.0,0.0,0.0,144.0,1.0,1.0
5a85d25b5542996432c570ee,chunk_llmlingua_160,chunk,llmlingua,1.0,1.0,1.0,1.0,0.0,0.0,108.0,1.0,1.0
5a7183575542994082a3e85e,chunk_llmlingua_160,chunk,llmlingua,0.0,0.3333,0.0,0.2,0.0,0.0,114.0,1.0,1.0
5adebea1554299728e26c7b6,chunk_llmlingua_160,chunk,llmlingua,0.0,0.0,0.0,0.0,0.0,0.0,132.0,0.5,0.0
5a80a25d5542995d8a8ddfb7,chunk_llmlingua_160,chunk,llmlingua,0.0,0.0,0.0,0.0,0.0,0.0,136.0,0.5,0.0
5a778b1e55429949eeb29ee3,chunk_llmlingua_160,chunk,llmlingua,0.0,0.0,0.0,0.3333,0.0,0.0,125.0,1.0,1.0
5ae6860e5542991bbc976112,chunk_llmlingua_160,chunk,llmlingua,0.0,0.0,0.0,0.5,0.0,0.0,120.0,1.0,1.0
5a7e058f5542995f4f402390,chunk_llmlingua_160,chunk,llmlingua,1.0,1.0,0.0,0.0,0.0,0.0,148.0,1.0,1.0
5ab2a8b655429929539467ab,chunk_llmlingua_160,chunk,llmlingua,1.0,1.0,1.0,1.0,0.0,0.0,120.0,1.0,1.0
5a8e06785542995085b37383,chunk_llmlingua_160,chunk,llmlingua,0.0,0.0,0.0,0.0,0.0,0.0,127.0,1.0,1.0
5a7eb22655429930675135cb,chunk_llmlingua_160,chunk,llmlingua,0.0,0.0,1.0,1.0,0.0,0.0,127.0,0.5,0.0
5ab298fb554299449642c922,chunk_llmlingua_160,chunk,llmlingua,1.0,1.0,1.0,1.0,0.0,0.0,121.0,1.0,1.0
5ab27287554299722f9b4d2c,chunk_llmlingua_160,chunk,llmlingua,0.0,0.0,0.0,0.6667,0.0,0.0,135.0,1.0,1.0
5ae0f2bf5542997b2ef7d09e,chunk_llmlingua_160,chunk,llmlingua,1.0,1.0,0.0,0.8,0.0,0.0,141.0,1.0,1.0
5a838fcd5542992ef85e2305,chunk_llmlingua_160,chunk,llmlingua,0.0,0.0,0.0,0.6667,0.0,0.0,131.0,0.5,0.0
5a79caec5542994bb94570ad,chunk_llmlingua_160,chunk,llmlingua,0.0,0.0,0.0,0.0,0.0,0.0,128.0,1.0,1.0
5a73266d5542994cef4bc47d,chunk_llmlingua_160,chunk,llmlingua,1.0,1.0,1.0,1.0,0.0,0.0,140.0,1.0,1.0
5a8de02b554299068b959e13,chunk_llmlingua_160,chunk,llmlingua,0.0,0.0,0.0,0.8,0.0,0.0,136.0,1.0,1.0
5a89ba6b554299669944a584,chunk_llmlingua_160,chunk,llmlingua,1.0,1.0,0.0,0.0,0.0,0.0,135.0,1.0,1.0
5ae4ea2a5542993aec5ec0ee,chunk_llmlingua_160,chunk,llmlingua,0.0,0.2857,0.0,0.75,0.0,0.0,156.0,0.5,0.0
5a7796e05542992a6e59df0f,chunk_llmlingua_160,chunk,llmlingua,1.0,1.0,1.0,1.0,0.0,0.0,130.0,1.0,1.0
5ab8627f5542990e739ec8da,chunk_llmlingua_160,chunk,llmlingua,0.0,0.1818,0.0,0.4444,0.0,0.0,119.0,1.0,1.0
5a7456ec55429979e288290f,chunk_llmlingua_160,chunk,llmlingua,0.0,0.0,0.0,0.75,0.0,0.0,140.0,1.0,1.0
5abc6fba554299700f9d78c7,chunk_llmlingua_160,chunk,llmlingua,0.0,0.0,0.0,0.0,0.0,0.0,126.0,1.0,1.0
5ae1500655429920d52343cc,chunk_llmlingua_160,chunk,llmlingua,0.0,0.0,0.0,0.0,0.0,0.0,140.0,1.0,1.0
5a8c5569554299240d9c2126,chunk_llmlingua_160,chunk,llmlingua,0.0,0.0,0.0,0.0,0.0,0.0,135.0,1.0,1.0
5a7cffb755429907fabef09f,chunk_llmlingua_160,chunk,llmlingua,0.0,0.0,0.0,0.5,0.0,0.0,140.0,0.5,0.0
5abdaa0f55429965af743dad,chunk_llmlingua_160,chunk,llmlingua,0.0,0.3333,0.0,0.6667,0.0,0.0,120.0,0.5,0.0
5add00805542992c1e3a2504,chunk_llmlingua_160,chunk,llmlingua,1.0,1.0,1.0,1.0,0.0,0.0,119.0,1.0,1.0
5a8af11a55429950cd6afc21,chunk_llmlingua_160,chunk,llmlingua,0.0,0.0,0.0,0.0,0.0,0.0,123.0,0.5,0.0
5ac34994554299741d48a242,chunk_llmlingua_160,chunk,llmlingua,1.0,1.0,1.0,1.0,0.0,0.0,141.0,1.0,1.0
5ab3e45655429976abd1bcd4,chunk_llmlingua_160,chunk,llmlingua,0.0,0.0,0.0,0.3333,0.0,0.0,135.0,0.5,0.0
5a77ace855429967ab105223,chunk_llmlingua_160,chunk,llmlingua,1.0,1.0,1.0,1.0,0.0,0.0,108.0,1.0,1.0
5a802b595542995d8a8ddf51,chunk_llmlingua_160,chunk,llmlingua,1.0,1.0,1.0,1.0,0.0,0.0,144.0,0.5,0.0
5a8501915542997175ce1f5a,chunk_llmlingua_160,chunk,llmlingua,0.0,0.0,0.0,0.0,0.0,0.0,145.0,1.0,1.0
5ab5f75e554299637185c64b,chunk_llmlingua_160,chunk,llmlingua,0.0,0.0,1.0,1.0,0.0,0.0,138.0,1.0,1.0
5a9068075542990a9849361a,chunk_llmlingua_160,chunk,llmlingua,0.0,0.0,0.0,0.25,0.0,0.0,150.0,1.0,1.0
5ae676915542995703ce8b66,chunk_llmlingua_160,chunk,llmlingua,0.0,0.0,0.0,0.6667,0.0,0.0,142.0,0.5,0.0
5ae39e9c5542990afbd1e195,chunk_llmlingua_160,chunk,llmlingua,0.0,0.0,0.0,0.25,0.0,0.0,130.0,0.5,0.0
5ae76d185542997ec2727641,chunk_llmlingua_160,chunk,llmlingua,0.0,0.0,0.0,0.0,0.0,0.0,135.0,0.5,0.0
5a8a17685542993b751ca9f3,chunk_llmlingua_160,chunk,llmlingua,1.0,1.0,1.0,1.0,0.0,0.0,133.0,1.0,1.0
5abbcba05542992ccd8e7fa3,chunk_llmlingua_160,chunk,llmlingua,0.0,0.0,1.0,1.0,0.0,0.0,135.0,1.0,1.0
5a8b515e55429971feec46bb,chunk_llmlingua_160,chunk,llmlingua,1.0,1.0,1.0,1.0,0.0,0.0,143.0,1.0,1.0
5ae22895554299495565da0c,chunk_llmlingua_160,chunk,llmlingua,0.0,0.0,0.0,0.0,0.0,0.0,129.0,1.0,1.0
5a83dd2c554299334474609e,chunk_llmlingua_160,chunk,llmlingua,0.0,0.0,0.0,0.0,0.0,0.0,110.0,0.0,0.0
5abb76fa5542992ccd8e7f48,chunk_llmlingua_160,chunk,llmlingua,0.0,0.0,0.0,0.0,0.0,0.0,121.0,1.0,1.0
5ab4eecb55429942dd415faa,chunk_llmlingua_160,chunk,llmlingua,0.0,0.0,0.0,0.0,0.0,0.0,130.0,1.0,1.0
5ae0b9b155429924de1b7152,chunk_llmlingua_160,chunk,llmlingua,0.0,0.0,0.0,0.0,0.0,0.0,111.0,1.0,1.0
5a90629855429916514e749e,chunk_llmlingua_160,chunk,llmlingua,0.0,0.0,0.0,0.0,0.0,0.0,164.0,0.5,0.0
5a7a4f335542990198eaf11e,chunk_llmlingua_160,chunk,llmlingua,0.0,0.0,0.0,0.6667,0.0,0.0,145.0,1.0,1.0
5ab674b7554299110f219a0c,chunk_llmlingua_160,chunk,llmlingua,1.0,1.0,1.0,1.0,0.0,0.0,136.0,1.0,1.0
5ae406f055429970de88d874,chunk_llmlingua_160,chunk,llmlingua,1.0,1.0,1.0,1.0,0.0,0.0,141.0,1.0,1.0
5a75441c55429916b01642cf,chunk_llmlingua_160,chunk,llmlingua,1.0,1.0,1.0,1.0,0.0,0.0,143.0,1.0,1.0
5a8307c055429966c78a6af9,chunk_llmlingua_160,chunk,llmlingua,1.0,1.0,1.0,1.0,0.0,0.0,144.0,1.0,1.0
5ae077805542993d6555eb6e,chunk_llmlingua_160,chunk,llmlingua,0.0,0.0,0.0,0.0,0.0,0.0,127.0,1.0,1.0
5a7f19eb55429934daa2fcdb,chunk_llmlingua_160,chunk,llmlingua,1.0,1.0,1.0,1.0,0.0,0.0,132.0,1.0,1.0
5adc1ae5554299438c868d5c,chunk_llmlingua_160,chunk,llmlingua,0.0,0.0,0.0,0.0,0.0,0.0,122.0,1.0,1.0
5ae446175542995ad6573d1f,chunk_llmlingua_160,chunk,llmlingua,0.0,0.0,0.0,0.0,0.0,0.0,146.0,0.5,0.0
5ac2eec55542990b17b154c1,chunk_llmlingua_160,chunk,llmlingua,0.0,0.0,0.0,0.0,0.0,0.0,155.0,1.0,1.0
5a836a765542996488c2e446,chunk_llmlingua_160,chunk,llmlingua,0.0,0.0,0.0,0.0,0.0,0.0,125.0,1.0,1.0
5ae614215542992663a4f254,chunk_llmlingua_160,chunk,llmlingua,1.0,1.0,1.0,1.0,0.0,0.0,123.0,0.5,0.0
5ade15a45542997545bbbe46,chunk_llmlingua_160,chunk,llmlingua,0.0,0.0,0.0,0.0,0.0,0.0,129.0,1.0,1.0
5ac0641f554299294b218fbe,chunk_llmlingua_160,chunk,llmlingua,0.0,0.0,0.0,0.0,0.0,0.0,90.0,1.0,1.0
5a7143625542994082a3e71e,chunk_llmlingua_160,chunk,llmlingua,0.0,0.0,1.0,1.0,0.0,0.0,134.0,0.5,0.0
5a8c51f0554299240d9c2111,chunk_llmlingua_160,chunk,llmlingua,0.0,0.8,1.0,1.0,0.0,0.0,138.0,1.0,1.0
5a8719fa55429960ec39b742,chunk_llmlingua_160,chunk,llmlingua,0.0,0.3333,1.0,1.0,0.0,0.0,140.0,1.0,1.0
5ab67f4c55429953192ad2d9,chunk_llmlingua_160,chunk,llmlingua,0.0,0.6667,0.0,0.5,0.0,0.0,138.0,1.0,1.0
5a7326cd5542991f29ee2d11,chunk_llmlingua_160,chunk,llmlingua,0.0,0.0,1.0,1.0,0.0,0.0,122.0,1.0,1.0
5ae0f4645542997b2ef7d0aa,chunk_llmlingua_160,chunk,llmlingua,0.0,0.0,1.0,1.0,0.0,0.0,133.0,1.0,1.0
5a8c5c6f554299653c1aa04d,chunk_llmlingua_160,chunk,llmlingua,0.0,0.0,0.0,0.0,0.0,0.0,143.0,1.0,1.0
5abdb8ba5542993f32c2a015,chunk_llmlingua_160,chunk,llmlingua,0.0,0.0,1.0,1.0,0.0,0.0,142.0,1.0,1.0
5ac11037554299294b21907a,chunk_llmlingua_160,chunk,llmlingua,0.0,0.5714,0.0,0.75,0.0,0.0,130.0,0.5,0.0
5ab833ad5542990e739ec86f,chunk_llmlingua_160,chunk,llmlingua,0.0,0.0,0.0,0.0,0.0,0.0,132.0,0.5,0.0
5a88f9555542995153361214,chunk_llmlingua_160,chunk,llmlingua,0.0,0.0,0.0,0.3333,0.0,0.0,133.0,0.5,0.0
5a7e23655542997cc2c47528,chunk_llmlingua_160,chunk,llmlingua,0.0,0.0,0.0,0.0,0.0,0.0,127.0,0.5,0.0
5abfe2a15542997d6429591c,chunk_llmlingua_160,chunk,llmlingua,0.0,0.0,0.0,0.5,0.0,0.0,147.0,1.0,1.0
5ae1fced5542997283cd230e,chunk_llmlingua_160,chunk,llmlingua,1.0,1.0,1.0,1.0,0.0,0.0,130.0,1.0,1.0
5a74994a55429974ef308c2e,chunk_llmlingua_160,chunk,llmlingua,1.0,1.0,0.0,0.5,0.0,0.0,139.0,1.0,1.0
5ae6f2a7554299572ea5464a,chunk_llmlingua_160,chunk,llmlingua,1.0,1.0,1.0,1.0,0.0,0.0,129.0,1.0,1.0
5a7f3f7c55429934daa2fd45,chunk_llmlingua_160,chunk,llmlingua,1.0,1.0,1.0,1.0,0.0,0.0,130.0,1.0,1.0
5a7543d555429916b01642ce,chunk_llmlingua_160,chunk,llmlingua,1.0,1.0,1.0,1.0,0.0,0.0,123.0,1.0,1.0
5ab938db5542996be2020454,chunk_llmlingua_160,chunk,llmlingua,0.0,0.0,1.0,1.0,0.0,0.0,122.0,1.0,1.0
5ae30d4b55429928c42395cc,chunk_llmlingua_160,chunk,llmlingua,0.0,0.6667,0.0,0.5,0.0,0.0,145.0,1.0,1.0
5ae622495542995703ce8b20,chunk_llmlingua_160,chunk,llmlingua,0.0,0.6667,1.0,1.0,0.0,0.0,138.0,0.5,0.0
5ae0fb8855429920d523425b,chunk_llmlingua_160,chunk,llmlingua,0.0,0.0,0.0,0.0,0.0,0.0,125.0,0.5,0.0
5ae665795542991bbc9760c9,chunk_llmlingua_160,chunk,llmlingua,0.0,0.0,0.0,0.0,0.0,0.0,107.0,1.0,1.0
5a77b13655429967ab105235,chunk_llmlingua_160,chunk,llmlingua,0.0,0.0,0.0,0.5,0.0,0.0,127.0,1.0,1.0
5ae5415055429908b63265b7,chunk_llmlingua_160,chunk,llmlingua,0.0,0.0,1.0,1.0,0.0,0.0,131.0,1.0,1.0
5a7bb16f554299294a54aa9f,chunk_llmlingua_160,chunk,llmlingua,0.0,0.4,0.0,0.75,0.0,0.0,109.0,1.0,1.0
5ab9b2c7554299743d22ebaf,chunk_llmlingua_160,chunk,llmlingua,1.0,1.0,0.0,0.0,0.0,0.0,113.0,1.0,1.0
5a7b12a355429927d897bf2a,chunk_llmlingua_160,chunk,llmlingua,0.0,0.0,0.0,0.3333,0.0,0.0,118.0,1.0,1.0
5addfe1c5542995b365fabaf,chunk_llmlingua_160,chunk,llmlingua,1.0,1.0,0.0,0.0,0.0,0.0,124.0,1.0,1.0
5a8391f55542996488c2e45c,chunk_llmlingua_160,chunk,llmlingua,1.0,1.0,1.0,1.0,0.0,0.0,136.0,1.0,1.0
5ab91b6c55429934fafe6e5f,chunk_llmlingua_160,chunk,llmlingua,0.0,0.5,0.0,0.8333,0.0,0.0,147.0,1.0,1.0
5a72a0be5542992359bc3143,chunk_llmlingua_160,chunk,llmlingua,1.0,1.0,1.0,1.0,0.0,0.0,94.0,1.0,1.0
5ae764a85542997b22f6a720,chunk_llmlingua_160,chunk,llmlingua,0.0,0.5,1.0,1.0,0.0,0.0,123.0,1.0,1.0
5adbfaa655429947ff173888,chunk_llmlingua_160,chunk,llmlingua,0.0,0.3077,0.0,0.9091,0.0,0.0,129.0,1.0,1.0
5a8bc1565542996e8ac88a0c,chunk_llmlingua_160,chunk,llmlingua,0.0,0.4444,0.0,0.8,0.0,0.0,115.0,0.5,0.0
5ae236445542992decbdcc69,chunk_llmlingua_160,chunk,llmlingua,0.0,0.6667,0.0,0.5,0.0,0.0,137.0,1.0,1.0
5adf58f15542993a75d264d2,chunk_llmlingua_160,chunk,llmlingua,0.0,0.0,1.0,1.0,0.0,0.0,134.0,0.5,0.0
5ae7281c5542991e8301cb69,chunk_llmlingua_160,chunk,llmlingua,0.0,0.0,0.0,0.0,0.0,0.0,150.0,1.0,1.0
5ac42ae45542997ea680ca18,chunk_llmlingua_160,chunk,llmlingua,0.0,0.0,0.0,0.3333,0.0,0.0,120.0,1.0,1.0
5a7312675542994cef4bc43d,chunk_llmlingua_160,chunk,llmlingua,1.0,1.0,1.0,1.0,0.0,0.0,128.0,1.0,1.0
5ab1d7ac554299449642c7e6,chunk_llmlingua_160,chunk,llmlingua,1.0,1.0,1.0,1.0,0.0,0.0,108.0,1.0,1.0
5a8e482c5542995a26add4c3,chunk_llmlingua_160,chunk,llmlingua,1.0,1.0,1.0,1.0,0.0,0.0,136.0,1.0,1.0
5a7f924c55429969796c1aba,chunk_llmlingua_160,chunk,llmlingua,0.0,0.5,0.0,0.5,0.0,0.0,135.0,0.5,0.0
5addda1b5542992200553b55,chunk_llmlingua_160,chunk,llmlingua,1.0,1.0,1.0,1.0,0.0,0.0,129.0,1.0,1.0
5a7d043755429909bec768f7,chunk_llmlingua_160,chunk,llmlingua,0.0,0.0,1.0,1.0,0.0,0.0,124.0,1.0,1.0
5a8089535542992bc0c4a762,chunk_llmlingua_160,chunk,llmlingua,1.0,1.0,1.0,1.0,0.0,0.0,112.0,1.0,1.0
5abd049d5542992ac4f381a8,chunk_llmlingua_160,chunk,llmlingua,1.0,1.0,1.0,1.0,0.0,0.0,155.0,1.0,1.0
5abbc7a055429931dba1451b,chunk_llmlingua_160,chunk,llmlingua,1.0,1.0,1.0,1.0,0.0,0.0,126.0,1.0,1.0
5abdc18555429965af743e2b,chunk_llmlingua_160,chunk,llmlingua,0.0,0.0,1.0,1.0,0.0,0.0,143.0,1.0,1.0
5adc3a7055429947ff173913,chunk_llmlingua_160,chunk,llmlingua,0.0,0.0,1.0,1.0,0.0,0.0,125.0,1.0,1.0
5abbdb335542992ccd8e7fc1,chunk_llmlingua_160,chunk,llmlingua,1.0,1.0,0.0,0.0,0.0,0.0,142.0,1.0,1.0
5ac1a5b45542991316484b8b,chunk_llmlingua_160,chunk,llmlingua,0.0,0.0,0.0,0.0,0.0,0.0,132.0,1.0,1.0
5ac2616b5542996366519997,chunk_llmlingua_160,chunk,llmlingua,0.0,0.0,0.0,0.0,0.0,0.0,103.0,0.5,0.0
5ae3f6775542991a06ce9a3f,chunk_llmlingua_160,chunk,llmlingua,0.0,0.0,0.0,0.0,0.0,0.0,137.0,1.0,1.0
5a8f15ec554299458435d552,chunk_llmlingua_160,chunk,llmlingua,0.0,0.0,0.0,0.0,0.0,0.0,131.0,1.0,1.0
5a8db9b3554299068b959dde,chunk_llmlingua_160,chunk,llmlingua,0.0,0.0,1.0,1.0,0.0,0.0,126.0,1.0,1.0
5ab3f6b9554299753aec5a03,chunk_llmlingua_160,chunk,llmlingua,0.0,0.0,0.0,0.0,0.0,0.0,135.0,0.5,0.0
5a736f7c5542991f29ee2e18,chunk_llmlingua_160,chunk,llmlingua,1.0,1.0,1.0,1.0,0.0,0.0,133.0,1.0,1.0
5ae618535542995703ce8af7,chunk_llmlingua_160,chunk,llmlingua,0.0,0.0,0.0,0.0,0.0,0.0,119.0,0.5,0.0
5a8b05c855429949d91db46a,chunk_llmlingua_160,chunk,llmlingua,0.0,0.0,1.0,1.0,0.0,0.0,117.0,1.0,1.0
5ac1d40c5542994d76dccef5,chunk_llmlingua_160,chunk,llmlingua,0.0,0.0,0.0,0.0,0.0,0.0,129.0,0.5,0.0
5ae356045542990afbd1e10d,chunk_llmlingua_160,chunk,llmlingua,0.0,0.0,0.0,0.5833,0.0,0.0,137.0,0.5,0.0
5ae002ec55429925eb1afbdc,chunk_llmlingua_160,chunk,llmlingua,0.0,0.0,0.0,0.5,0.0,0.0,119.0,0.5,0.0
5a89ddf25542992e4fca83ff,chunk_llmlingua_160,chunk,llmlingua,0.0,0.0,0.0,0.0,0.0,0.0,127.0,1.0,1.0
5a903b7255429933b8a204ae,chunk_llmlingua_160,chunk,llmlingua,0.0,0.5,0.0,0.8333,0.0,0.0,125.0,1.0,1.0
5a84ac585542991dd0999d72,chunk_llmlingua_160,chunk,llmlingua,1.0,1.0,1.0,1.0,0.0,0.0,85.0,1.0,1.0
5a7cad635542996dd594b97f,chunk_llmlingua_160,chunk,llmlingua,0.0,0.0,1.0,1.0,0.0,0.0,113.0,1.0,1.0
5a75da6d5542992db94736fa,chunk_llmlingua_160,chunk,llmlingua,0.0,0.8,1.0,1.0,0.0,0.0,154.0,1.0,1.0
5ac4e13f554299076e296e2d,chunk_llmlingua_160,chunk,llmlingua,0.0,0.0,0.0,0.6667,0.0,0.0,118.0,1.0,1.0
5ab9b29c554299743d22ebae,chunk_llmlingua_160,chunk,llmlingua,1.0,1.0,0.0,0.6667,0.0,0.0,88.0,1.0,1.0
5ae2295c554299495565da13,chunk_llmlingua_160,chunk,llmlingua,0.0,0.3333,0.0,0.25,0.0,0.0,142.0,1.0,1.0
5abd44d955429933744ab760,chunk_llmlingua_160,chunk,llmlingua,0.0,0.5,0.0,0.5,0.0,0.0,134.0,1.0,1.0
5ae096d755429906c02daadf,chunk_llmlingua_160,chunk,llmlingua,0.0,0.0,0.0,0.5,0.0,0.0,126.0,1.0,1.0
5abea6a05542993f32c2a18d,chunk_llmlingua_160,chunk,llmlingua,0.0,0.0,1.0,1.0,0.0,0.0,139.0,1.0,1.0
5ae1319c55429920d5234301,chunk_llmlingua_160,chunk,llmlingua,0.0,0.4,0.0,0.3333,0.0,0.0,117.0,1.0,1.0
5ab60aec554299110f2199c3,chunk_llmlingua_160,chunk,llmlingua,0.0,0.0,1.0,1.0,0.0,0.0,129.0,1.0,1.0
5ae4e2ca55429908b63264aa,chunk_llmlingua_160,chunk,llmlingua,1.0,1.0,1.0,1.0,0.0,0.0,141.0,1.0,1.0
5ae25d2b554299495565da46,chunk_llmlingua_160,chunk,llmlingua,0.0,0.0,0.0,0.0,0.0,0.0,139.0,1.0,1.0
5ade630e55429975fa854eb7,chunk_llmlingua_160,chunk,llmlingua,0.0,0.0,0.0,0.25,0.0,0.0,104.0,1.0,1.0
5ab6be2f55429954757d335c,chunk_llmlingua_160,chunk,llmlingua,0.0,0.0,0.0,0.0,0.0,0.0,137.0,1.0,1.0
5a74a62b55429916b01641a0,chunk_llmlingua_160,chunk,llmlingua,0.0,0.5714,0.0,0.4,0.0,0.0,123.0,1.0,1.0
5abcf299554299700f9d7936,chunk_llmlingua_160,chunk,llmlingua,0.0,0.0,0.0,0.0,0.0,0.0,140.0,1.0,1.0
5adc6eb65542994650320cf3,chunk_llmlingua_160,chunk,llmlingua,0.0,0.0,0.0,0.0,0.0,0.0,146.0,1.0,1.0
5ac1767a5542994d76dcce48,chunk_llmlingua_160,chunk,llmlingua,0.0,0.0,0.0,0.0,0.0,0.0,131.0,0.5,0.0
5ab5dc44554299494045f089,chunk_llmlingua_160,chunk,llmlingua,0.0,0.0,1.0,1.0,0.0,0.0,139.0,1.0,1.0
5a8f5273554299458435d5b1,chunk_llmlingua_160,chunk,llmlingua,0.0,0.5,0.0,0.5,0.0,0.0,131.0,0.5,0.0
5addeb685542992200553bb1,chunk_llmlingua_160,chunk,llmlingua,1.0,1.0,0.0,0.5,0.0,0.0,120.0,1.0,1.0
5a870a8e55429960ec39b707,chunk_llmlingua_160,chunk,llmlingua,0.0,0.0,1.0,1.0,0.0,0.0,124.0,1.0,1.0
5a77ddb855429967ab1052d8,chunk_llmlingua_160,chunk,llmlingua,0.0,0.5714,0.0,0.4,0.0,0.0,125.0,1.0,1.0
5ab38cdd5542992ade7c6de2,chunk_llmlingua_160,chunk,llmlingua,1.0,1.0,1.0,1.0,0.0,0.0,131.0,1.0,1.0
5a8f24cc55429924144829e7,chunk_llmlingua_160,chunk,llmlingua,0.0,0.0,0.0,0.3333,0.0,0.0,104.0,1.0,1.0
5ac401bb55429919431738f4,chunk_llmlingua_160,chunk,llmlingua,1.0,1.0,1.0,1.0,0.0,0.0,139.0,0.5,0.0
5ab4b7d15542996a3a969fbc,chunk_llmlingua_160,chunk,llmlingua,1.0,1.0,1.0,1.0,0.0,0.0,136.0,1.0,1.0
5a78f18855429974737f7915,chunk_llmlingua_160,chunk,llmlingua,1.0,1.0,1.0,1.0,0.0,0.0,132.0,0.5,0.0
5a76394c5542994ccc918725,chunk_llmlingua_160,chunk,llmlingua,0.0,0.0,0.0,0.0,0.0,0.0,121.0,0.5,0.0
5a78e49855429974737f78f3,chunk_llmlingua_160,chunk,llmlingua,1.0,1.0,1.0,1.0,0.0,0.0,119.0,1.0,1.0
5a8fdb955542990a98493572,chunk_llmlingua_160,chunk,llmlingua,1.0,1.0,1.0,1.0,0.0,0.0,139.0,1.0,1.0
5a7b9f1f554299294a54aa2a,chunk_llmlingua_160,chunk,llmlingua,0.0,0.8,1.0,1.0,0.0,0.0,124.0,1.0,1.0
5adc396155429944faac2479,chunk_llmlingua_160,chunk,llmlingua,0.0,0.0,0.0,0.0,0.0,0.0,129.0,1.0,1.0
5a75357c5542996c70cfaeab,chunk_llmlingua_160,chunk,llmlingua,1.0,1.0,0.0,0.5,0.0,0.0,132.0,1.0,1.0
5ac312ee5542995ef918c0ec,chunk_llmlingua_160,chunk,llmlingua,1.0,1.0,1.0,1.0,0.0,0.0,117.0,1.0,1.0
5add38355542990dbb2f7dd0,chunk_llmlingua_160,chunk,llmlingua,1.0,1.0,1.0,1.0,0.0,0.0,134.0,0.5,0.0
5ac471a5554299194317399a,chunk_llmlingua_160,chunk,llmlingua,0.0,0.0,0.0,0.0,0.0,0.0,124.0,0.5,0.0
5a70f1685542994082a3e40f,chunk_llmlingua_160,chunk,llmlingua,0.0,0.0,0.0,0.3333,0.0,0.0,106.0,1.0,1.0
5ab5f372554299488d4d9a60,chunk_llmlingua_160,chunk,llmlingua,0.0,0.5263,0.0,0.5385,0.0,0.0,114.0,1.0,1.0
5a7e1cd955429965cec5ea76,chunk_llmlingua_160,chunk,llmlingua,0.0,0.0,0.0,0.0,0.0,0.0,127.0,0.0,0.0
5adce3265542992c1e3a2466,chunk_llmlingua_160,chunk,llmlingua,0.0,0.0,0.0,0.3333,0.0,0.0,128.0,0.5,0.0
5a8adc935542992d82986fb0,chunk_llmlingua_160,chunk,llmlingua,0.0,0.0,1.0,1.0,0.0,0.0,128.0,1.0,1.0
5a73bddb55429978a71e909d,chunk_llmlingua_160,chunk,llmlingua,0.0,0.8,0.0,0.6667,0.0,0.0,140.0,1.0,1.0
5ae5736e5542990ba0bbb2b3,chunk_llmlingua_160,chunk,llmlingua,0.0,0.5,0.0,0.3333,0.0,0.0,114.0,1.0,1.0
5a8d4cf35542994ba4e3dc5f,chunk_llmlingua_160,chunk,llmlingua,0.0,0.0,0.0,0.0,0.0,0.0,138.0,0.0,0.0
5a9023d355429916514e742f,chunk_llmlingua_160,chunk,llmlingua,0.0,0.0,0.0,0.0,0.0,0.0,128.0,0.5,0.0
5adfad2b554299603e41835c,chunk_llmlingua_160,chunk,llmlingua,1.0,1.0,1.0,1.0,0.0,0.0,130.0,1.0,1.0
5a8cddd1554299441c6b9f3a,chunk_llmlingua_160,chunk,llmlingua,0.0,0.0,0.0,0.5,0.0,0.0,144.0,1.0,1.0
5a79f6825542996c55b2dcb4,chunk_llmlingua_160,chunk,llmlingua,1.0,1.0,1.0,1.0,0.0,0.0,124.0,1.0,1.0
5a8900c75542997e5c09a6ed,chunk_llmlingua_160,chunk,llmlingua,0.0,0.0,1.0,1.0,0.0,0.0,120.0,1.0,1.0
5ab27f7b554299722f9b4d4f,chunk_llmlingua_160,chunk,llmlingua,0.0,0.0,0.0,0.0,0.0,0.0,130.0,0.5,0.0
5ac257fe55429951e9e68562,chunk_llmlingua_160,chunk,llmlingua,0.0,0.4,0.0,0.6667,0.0,0.0,131.0,1.0,1.0
5ab94cf0554299743d22eade,chunk_llmlingua_160,chunk,llmlingua,0.0,0.0,1.0,1.0,0.0,0.0,135.0,1.0,1.0
5ac017945542997d642959bc,chunk_llmlingua_160,chunk,llmlingua,0.0,0.0,0.0,0.0,0.0,0.0,140.0,0.5,0.0
5ac19d4c55429963665198bb,chunk_llmlingua_160,chunk,llmlingua,1.0,1.0,1.0,1.0,0.0,0.0,117.0,1.0,1.0
5abbd2575542993f40c73bbd,chunk_llmlingua_160,chunk,llmlingua,0.0,0.0,0.0,0.5,0.0,0.0,143.0,0.5,0.0
5a888b8e5542997e5c09a60a,chunk_llmlingua_160,chunk,llmlingua,0.0,0.4,0.0,0.8571,0.0,0.0,143.0,1.0,1.0
5a712e895542994082a3e636,chunk_llmlingua_160,chunk,llmlingua,0.0,0.0,0.0,0.3333,0.0,0.0,117.0,1.0,1.0
5a85ecf25542991dd0999ec6,chunk_llmlingua_160,chunk,llmlingua,0.0,0.0,0.0,0.0,0.0,0.0,132.0,1.0,1.0
5adfe6c455429906c02daa85,chunk_llmlingua_160,chunk,llmlingua,0.0,0.0,1.0,1.0,0.0,0.0,129.0,0.5,0.0
5ac448185542995c82c4ad1b,chunk_llmlingua_160,chunk,llmlingua,0.0,0.0,1.0,1.0,0.0,0.0,151.0,1.0,1.0
5ae1faf15542997f29b3c1e3,chunk_llmlingua_160,chunk,llmlingua,1.0,1.0,1.0,1.0,0.0,0.0,132.0,1.0,1.0
5ab7af9d5542993667793fe9,chunk_llmlingua_160,chunk,llmlingua,0.0,0.0,0.0,0.0,0.0,0.0,128.0,1.0,1.0
5ae1e9635542997f29b3c19e,chunk_llmlingua_160,chunk,llmlingua,1.0,1.0,1.0,1.0,0.0,0.0,141.0,1.0,1.0
5ade28cf5542997c77aded85,chunk_llmlingua_160,chunk,llmlingua,1.0,1.0,1.0,1.0,0.0,0.0,149.0,1.0,1.0
5a7b116a554299042af8f6c4,chunk_llmlingua_160,chunk,llmlingua,0.0,0.0,0.0,0.0,0.0,0.0,143.0,0.5,0.0
5a72f1cf5542994cef4bc414,chunk_llmlingua_160,chunk,llmlingua,0.0,0.0,0.0,0.0,0.0,0.0,109.0,0.5,0.0
5ab7b3cc55429928e1fe3893,chunk_llmlingua_160,chunk,llmlingua,0.0,0.0,0.0,0.0,0.0,0.0,101.0,1.0,1.0
5ae32b6755429928c4239644,chunk_llmlingua_160,chunk,llmlingua,0.0,0.0,0.0,0.0,0.0,0.0,131.0,1.0,1.0
5ab3c53955429969a97a81b9,chunk_llmlingua_160,chunk,llmlingua,0.0,0.0,0.0,0.5,0.0,0.0,143.0,0.5,0.0
5a8b349a55429971feec466b,chunk_llmlingua_160,chunk,llmlingua,1.0,1.0,1.0,1.0,0.0,0.0,130.0,1.0,1.0
5ac2db67554299657fa290a6,chunk_llmlingua_160,chunk,llmlingua,0.0,0.0,0.0,0.3333,0.0,0.0,130.0,1.0,1.0
5ab5ec2a5542992aa134a3e3,chunk_llmlingua_160,chunk,llmlingua,0.0,0.0,0.0,0.0,0.0,0.0,129.0,1.0,1.0
5ab661ac5542995eadeeffb1,chunk_llmlingua_160,chunk,llmlingua,0.0,0.0,0.0,0.3333,0.0,0.0,136.0,0.5,0.0
5abee69c5542993fe9a41d8b,chunk_llmlingua_160,chunk,llmlingua,0.0,0.75,1.0,1.0,0.0,0.0,140.0,1.0,1.0
5ac0aab35542992a796ded5c,chunk_llmlingua_160,chunk,llmlingua,0.0,0.0,0.0,0.0,0.0,0.0,121.0,1.0,1.0
5a84c4b05542991dd0999deb,chunk_llmlingua_160,chunk,llmlingua,1.0,1.0,0.0,0.0,0.0,0.0,117.0,1.0,1.0
5abd6be55542993062266c89,chunk_llmlingua_160,chunk,llmlingua,0.0,0.0,0.0,0.25,0.0,0.0,136.0,1.0,1.0
5a8a19c45542992e4fca8501,chunk_llmlingua_160,chunk,llmlingua,0.0,0.0,0.0,0.0,0.0,0.0,119.0,1.0,1.0
5abcef9e55429959677d6b52,chunk_llmlingua_160,chunk,llmlingua,0.0,0.4444,1.0,1.0,0.0,0.0,132.0,1.0,1.0
5a81c7d15542990a1d231ea9,chunk_llmlingua_160,chunk,llmlingua,0.0,0.0,0.0,0.0,0.0,0.0,132.0,1.0,1.0
5adccaca5542994d58a2f6d5,chunk_llmlingua_160,chunk,llmlingua,0.0,0.0,0.0,0.0,0.0,0.0,114.0,0.5,0.0
5a84f5865542991dd0999e30,chunk_llmlingua_160,chunk,llmlingua,1.0,1.0,0.0,0.0,0.0,0.0,136.0,0.5,0.0
5a7633ff5542994ccc918712,chunk_llmlingua_160,chunk,llmlingua,0.0,0.0,0.0,0.0,0.0,0.0,153.0,1.0,1.0
5a8d7f2b554299068b959d0c,chunk_llmlingua_160,chunk,llmlingua,0.0,0.6667,1.0,1.0,0.0,0.0,125.0,1.0,1.0
5ac3def75542997ea680c95f,chunk_llmlingua_160,chunk,llmlingua,0.0,0.0,1.0,1.0,0.0,0.0,135.0,1.0,1.0
5ae6316d5542996de7b71b87,chunk_llmlingua_160,chunk,llmlingua,0.0,0.8571,0.0,0.75,0.0,0.0,134.0,1.0,1.0
5ab5eed65542997d4ad1f25c,chunk_llmlingua_160,chunk,llmlingua,1.0,1.0,0.0,0.0,0.0,0.0,109.0,1.0,1.0
5ab29c24554299449642c932,chunk_llmlingua_160,chunk,llmlingua,0.0,0.0,0.0,0.0,0.0,0.0,121.0,1.0,1.0
5ab809195542991d3222380f,chunk_llmlingua_160,chunk,llmlingua,1.0,1.0,1.0,1.0,0.0,0.0,122.0,1.0,1.0
5a834ed95542990548d0b1ca,chunk_llmlingua_160,chunk,llmlingua,0.0,0.6667,1.0,1.0,0.0,0.0,140.0,1.0,1.0
5ade9545554299728e26c740,chunk_llmlingua_160,chunk,llmlingua,1.0,1.0,1.0,1.0,0.0,0.0,146.0,0.5,0.0
5a8b97485542995d1e6f140f,chunk_llmlingua_160,chunk,llmlingua,0.0,0.0,0.0,0.0,0.0,0.0,118.0,1.0,1.0
5ac056385542997d64295a08,chunk_llmlingua_160,chunk,llmlingua,0.0,0.0,0.0,0.5,0.0,0.0,117.0,1.0,1.0
5abd96fe5542992ac4f382d9,chunk_llmlingua_160,chunk,llmlingua,0.0,0.0,1.0,1.0,0.0,0.0,146.0,1.0,1.0
