=== control/main.py: HotpotQA Qwen3B budget curve ===
Copied extracted project /kaggle/input/datasets/anantonayan/dataset12 to /kaggle/working/ace_rag_research_v12_routerfix
$ /usr/bin/python3 -m pip install -q -r requirements-cloud.txt
[start] stage3_hotpotqa_budget160_seed13_limit1000_qwen3b candidates=chunk_packed_160,ace_packed_160,ace_focused_160
$ /usr/bin/python3 -m experiments.run_stage3_router --dataset hotpotqa --split validation --seed 13 --limit 1000 --embed-device cuda --compressor truncate --compress-dims 320 --top-k-nodes 48 --max-expanded-docs 5 --ace-retriever standard --reader-model Qwen/Qwen2.5-3B-Instruct --reader-device cuda --reader-batch-size 2 --chunk-budget 160 --ace-packed-budget 160 --ace-focused-budget 160 --router-candidates chunk_packed_160,ace_packed_160,ace_focused_160 --out-dir /kaggle/working/colab_results/stage3_hotpotqa_budget160_seed13_limit1000_qwen3b
hotpotqa[hf:validation:1000]: 9803 docs, 1000 questions, 2.00 gold docs/question
[stage3] retrieving chunk baseline
2026-06-27 16:28:27.413493: E external/local_xla/xla/stream_executor/cuda/cuda_fft.cc:467] Unable to register cuFFT factory: Attempting to register factory for plugin cuFFT when one has already been registered
WARNING: All log messages before absl::InitializeLog() is called are written to STDERR
E0000 00:00:1782577707.440502    1644 cuda_dnn.cc:8579] Unable to register cuDNN factory: Attempting to register factory for plugin cuDNN when one has already been registered
E0000 00:00:1782577707.448331    1644 cuda_blas.cc:1407] Unable to register cuBLAS factory: Attempting to register factory for plugin cuBLAS when one has already been registered
W0000 00:00:1782577707.469715    1644 computation_placer.cc:177] computation placer already registered. Please check linkage and avoid linking the same target more than once.
W0000 00:00:1782577707.469766    1644 computation_placer.cc:177] computation placer already registered. Please check linkage and avoid linking the same target more than once.
W0000 00:00:1782577707.469772    1644 computation_placer.cc:177] computation placer already registered. Please check linkage and avoid linking the same target more than once.
W0000 00:00:1782577707.469776    1644 computation_placer.cc:177] computation placer already registered. Please check linkage and avoid linking the same target more than once.
[chunk] fitting/indexing
[embed] encoding 9803 texts on device=cuda:0

Batches:   0%|          | 0/154 [00:00<?, ?it/s]
Batches:   1%|          | 1/154 [00:00<02:19,  1.09it/s]
Batches:   1%|▏         | 2/154 [00:01<01:39,  1.53it/s]
Batches:   2%|▏         | 3/154 [00:01<01:26,  1.75it/s]
Batches:   3%|▎         | 4/154 [00:02<01:15,  1.98it/s]
Batches:   3%|▎         | 5/154 [00:02<01:05,  2.27it/s]
Batches:   4%|▍         | 6/154 [00:02<01:01,  2.39it/s]
Batches:   5%|▍         | 7/154 [00:03<00:59,  2.48it/s]
Batches:   5%|▌         | 8/154 [00:03<00:57,  2.54it/s]
Batches:   6%|▌         | 9/154 [00:04<00:52,  2.74it/s]
Batches:   6%|▋         | 10/154 [00:04<00:49,  2.90it/s]
Batches:   7%|▋         | 11/154 [00:04<00:47,  2.99it/s]
Batches:   8%|▊         | 12/154 [00:04<00:47,  3.02it/s]
Batches:   8%|▊         | 13/154 [00:05<00:44,  3.19it/s]
Batches:   9%|▉         | 14/154 [00:05<00:42,  3.29it/s]
Batches:  10%|▉         | 15/154 [00:05<00:40,  3.46it/s]
Batches:  10%|█         | 16/154 [00:06<00:40,  3.45it/s]
Batches:  11%|█         | 17/154 [00:06<00:39,  3.48it/s]
Batches:  12%|█▏        | 18/154 [00:06<00:37,  3.66it/s]
Batches:  12%|█▏        | 19/154 [00:06<00:36,  3.72it/s]
Batches:  13%|█▎        | 20/154 [00:07<00:34,  3.89it/s]
Batches:  14%|█▎        | 21/154 [00:07<00:33,  4.00it/s]
Batches:  14%|█▍        | 22/154 [00:07<00:34,  3.82it/s]
Batches:  15%|█▍        | 23/154 [00:07<00:32,  4.00it/s]
Batches:  16%|█▌        | 24/154 [00:08<00:31,  4.10it/s]
Batches:  16%|█▌        | 25/154 [00:08<00:31,  4.09it/s]
Batches:  17%|█▋        | 26/154 [00:08<00:30,  4.18it/s]
Batches:  18%|█▊        | 27/154 [00:08<00:29,  4.28it/s]
Batches:  18%|█▊        | 28/154 [00:08<00:28,  4.41it/s]
Batches:  19%|█▉        | 29/154 [00:09<00:28,  4.42it/s]
Batches:  19%|█▉        | 30/154 [00:09<00:27,  4.56it/s]
Batches:  20%|██        | 31/154 [00:09<00:26,  4.61it/s]
Batches:  21%|██        | 32/154 [00:09<00:26,  4.67it/s]
Batches:  21%|██▏       | 33/154 [00:09<00:25,  4.67it/s]
Batches:  22%|██▏       | 34/154 [00:10<00:26,  4.57it/s]
Batches:  23%|██▎       | 35/154 [00:10<00:25,  4.66it/s]
Batches:  23%|██▎       | 36/154 [00:10<00:24,  4.85it/s]
Batches:  24%|██▍       | 37/154 [00:10<00:22,  5.09it/s]
Batches:  25%|██▍       | 38/154 [00:10<00:22,  5.21it/s]
Batches:  25%|██▌       | 39/154 [00:11<00:21,  5.25it/s]
Batches:  26%|██▌       | 40/154 [00:11<00:22,  5.08it/s]
Batches:  27%|██▋       | 41/154 [00:11<00:21,  5.21it/s]
Batches:  27%|██▋       | 42/154 [00:11<00:21,  5.33it/s]
Batches:  28%|██▊       | 43/154 [00:11<00:21,  5.18it/s]
Batches:  29%|██▊       | 44/154 [00:12<00:20,  5.38it/s]
Batches:  29%|██▉       | 45/154 [00:12<00:20,  5.38it/s]
Batches:  30%|██▉       | 46/154 [00:12<00:19,  5.43it/s]
Batches:  31%|███       | 47/154 [00:12<00:19,  5.42it/s]
Batches:  31%|███       | 48/154 [00:12<00:19,  5.46it/s]
Batches:  32%|███▏      | 49/154 [00:13<00:19,  5.52it/s]
Batches:  32%|███▏      | 50/154 [00:13<00:18,  5.54it/s]
Batches:  33%|███▎      | 51/154 [00:13<00:18,  5.58it/s]
Batches:  34%|███▍      | 52/154 [00:13<00:18,  5.50it/s]
Batches:  34%|███▍      | 53/154 [00:13<00:18,  5.44it/s]
Batches:  35%|███▌      | 54/154 [00:13<00:17,  5.72it/s]
Batches:  36%|███▌      | 55/154 [00:14<00:17,  5.75it/s]
Batches:  36%|███▋      | 56/154 [00:14<00:17,  5.63it/s]
Batches:  37%|███▋      | 57/154 [00:14<00:16,  5.84it/s]
Batches:  38%|███▊      | 58/154 [00:14<00:16,  5.90it/s]
Batches:  38%|███▊      | 59/154 [00:14<00:15,  6.11it/s]
Batches:  39%|███▉      | 60/154 [00:14<00:15,  5.97it/s]
Batches:  40%|███▉      | 61/154 [00:15<00:15,  6.11it/s]
Batches:  40%|████      | 62/154 [00:15<00:15,  6.05it/s]
Batches:  41%|████      | 63/154 [00:15<00:14,  6.15it/s]
Batches:  42%|████▏     | 64/154 [00:15<00:14,  6.30it/s]
Batches:  42%|████▏     | 65/154 [00:15<00:13,  6.44it/s]
Batches:  43%|████▎     | 66/154 [00:15<00:13,  6.47it/s]
Batches:  44%|████▎     | 67/154 [00:15<00:13,  6.34it/s]
Batches:  44%|████▍     | 68/154 [00:16<00:13,  6.58it/s]
Batches:  45%|████▍     | 69/154 [00:16<00:12,  6.82it/s]
Batches:  45%|████▌     | 70/154 [00:16<00:13,  6.36it/s]
Batches:  46%|████▌     | 71/154 [00:16<00:12,  6.48it/s]
Batches:  47%|████▋     | 72/154 [00:16<00:12,  6.57it/s]
Batches:  47%|████▋     | 73/154 [00:16<00:12,  6.56it/s]
Batches:  48%|████▊     | 74/154 [00:17<00:12,  6.64it/s]
Batches:  49%|████▊     | 75/154 [00:17<00:11,  6.74it/s]
Batches:  49%|████▉     | 76/154 [00:17<00:11,  6.71it/s]
Batches:  50%|█████     | 77/154 [00:17<00:11,  6.77it/s]
Batches:  51%|█████     | 78/154 [00:17<00:11,  6.88it/s]
Batches:  51%|█████▏    | 79/154 [00:17<00:10,  7.08it/s]
Batches:  52%|█████▏    | 80/154 [00:17<00:10,  7.07it/s]
Batches:  53%|█████▎    | 81/154 [00:18<00:10,  7.15it/s]
Batches:  53%|█████▎    | 82/154 [00:18<00:10,  6.99it/s]
Batches:  54%|█████▍    | 83/154 [00:18<00:09,  7.20it/s]
Batches:  55%|█████▍    | 84/154 [00:18<00:09,  7.52it/s]
Batches:  55%|█████▌    | 85/154 [00:18<00:09,  7.52it/s]
Batches:  56%|█████▌    | 86/154 [00:18<00:09,  7.24it/s]
Batches:  56%|█████▋    | 87/154 [00:18<00:09,  6.83it/s]
Batches:  57%|█████▋    | 88/154 [00:19<00:09,  7.21it/s]
Batches:  58%|█████▊    | 89/154 [00:19<00:09,  7.22it/s]
Batches:  58%|█████▊    | 90/154 [00:19<00:08,  7.34it/s]
Batches:  59%|█████▉    | 91/154 [00:19<00:08,  7.75it/s]
Batches:  60%|█████▉    | 92/154 [00:19<00:08,  7.70it/s]
Batches:  60%|██████    | 93/154 [00:19<00:07,  7.90it/s]
Batches:  61%|██████    | 94/154 [00:19<00:07,  8.20it/s]
Batches:  62%|██████▏   | 95/154 [00:19<00:06,  8.48it/s]
Batches:  62%|██████▏   | 96/154 [00:20<00:07,  7.85it/s]
Batches:  63%|██████▎   | 97/154 [00:20<00:07,  8.00it/s]
Batches:  64%|██████▎   | 98/154 [00:20<00:06,  8.29it/s]
Batches:  64%|██████▍   | 99/154 [00:20<00:06,  8.49it/s]
Batches:  65%|██████▍   | 100/154 [00:20<00:06,  8.77it/s]
Batches:  66%|██████▌   | 101/154 [00:20<00:05,  8.95it/s]
Batches:  66%|██████▌   | 102/154 [00:20<00:05,  9.07it/s]
Batches:  67%|██████▋   | 103/154 [00:20<00:05,  9.14it/s]
Batches:  68%|██████▊   | 105/154 [00:20<00:05,  9.39it/s]
Batches:  69%|██████▉   | 106/154 [00:21<00:05,  9.53it/s]
Batches:  70%|███████   | 108/154 [00:21<00:04,  9.82it/s]
Batches:  71%|███████   | 109/154 [00:21<00:04,  9.60it/s]
Batches:  72%|███████▏  | 111/154 [00:21<00:04,  9.78it/s]
Batches:  73%|███████▎  | 113/154 [00:21<00:04,  9.88it/s]
Batches:  75%|███████▍  | 115/154 [00:21<00:03,  9.86it/s]
Batches:  76%|███████▌  | 117/154 [00:22<00:03,  9.99it/s]
Batches:  77%|███████▋  | 119/154 [00:22<00:03, 10.37it/s]
Batches:  79%|███████▊  | 121/154 [00:22<00:03, 10.17it/s]
Batches:  80%|███████▉  | 123/154 [00:22<00:02, 10.34it/s]
Batches:  81%|████████  | 125/154 [00:22<00:02, 10.72it/s]
Batches:  82%|████████▏ | 127/154 [00:23<00:02, 10.86it/s]
Batches:  84%|████████▍ | 129/154 [00:23<00:02, 11.11it/s]
Batches:  85%|████████▌ | 131/154 [00:23<00:02, 11.42it/s]
Batches:  86%|████████▋ | 133/154 [00:23<00:01, 11.94it/s]
Batches:  88%|████████▊ | 135/154 [00:23<00:01, 12.33it/s]
Batches:  89%|████████▉ | 137/154 [00:23<00:01, 12.83it/s]
Batches:  90%|█████████ | 139/154 [00:24<00:01, 13.44it/s]
Batches:  92%|█████████▏| 141/154 [00:24<00:00, 13.93it/s]
Batches:  93%|█████████▎| 143/154 [00:24<00:00, 14.44it/s]
Batches:  94%|█████████▍| 145/154 [00:24<00:00, 15.52it/s]
Batches:  95%|█████████▌| 147/154 [00:24<00:00, 16.18it/s]
Batches:  97%|█████████▋| 150/154 [00:24<00:00, 18.16it/s]
Batches:  99%|█████████▉| 153/154 [00:24<00:00, 20.80it/s]
Batches: 100%|██████████| 154/154 [00:24<00:00,  6.23it/s]
[chunk] retrieving
[embed] encoding 1000 texts on device=cuda:0

Batches:   0%|          | 0/16 [00:00<?, ?it/s]
Batches:  19%|█▉        | 3/16 [00:00<00:00, 24.63it/s]
Batches:  44%|████▍     | 7/16 [00:00<00:00, 29.05it/s]
Batches:  69%|██████▉   | 11/16 [00:00<00:00, 32.07it/s]
Batches: 100%|██████████| 16/16 [00:00<00:00, 37.64it/s]
Batches: 100%|██████████| 16/16 [00:00<00:00, 34.50it/s]
[stage3] retrieving BM25 baseline
[bm25] fitting/indexing
[bm25] retrieving
[stage3] retrieving hybrid baseline
[hybrid] fitting/indexing
[embed] encoding 9803 texts on device=cuda:0

Batches:   0%|          | 0/154 [00:00<?, ?it/s]
Batches:   1%|          | 1/154 [00:00<01:49,  1.39it/s]
Batches:   1%|▏         | 2/154 [00:01<01:29,  1.70it/s]
Batches:   2%|▏         | 3/154 [00:01<01:23,  1.81it/s]
Batches:   3%|▎         | 4/154 [00:02<01:15,  1.99it/s]
Batches:   3%|▎         | 5/154 [00:02<01:06,  2.24it/s]
Batches:   4%|▍         | 6/154 [00:02<01:03,  2.33it/s]
Batches:   5%|▍         | 7/154 [00:03<01:01,  2.39it/s]
Batches:   5%|▌         | 8/154 [00:03<00:59,  2.44it/s]
Batches:   6%|▌         | 9/154 [00:04<00:55,  2.61it/s]
Batches:   6%|▋         | 10/154 [00:04<00:52,  2.76it/s]
Batches:   7%|▋         | 11/154 [00:04<00:50,  2.82it/s]
Batches:   8%|▊         | 12/154 [00:04<00:49,  2.87it/s]
Batches:   8%|▊         | 13/154 [00:05<00:46,  3.02it/s]
Batches:   9%|▉         | 14/154 [00:05<00:44,  3.14it/s]
Batches:  10%|▉         | 15/154 [00:05<00:42,  3.30it/s]
Batches:  10%|█         | 16/154 [00:06<00:42,  3.26it/s]
Batches:  11%|█         | 17/154 [00:06<00:41,  3.32it/s]
Batches:  12%|█▏        | 18/154 [00:06<00:38,  3.50it/s]
Batches:  12%|█▏        | 19/154 [00:06<00:37,  3.59it/s]
Batches:  13%|█▎        | 20/154 [00:07<00:35,  3.75it/s]
Batches:  14%|█▎        | 21/154 [00:07<00:34,  3.85it/s]
Batches:  14%|█▍        | 22/154 [00:07<00:36,  3.63it/s]
Batches:  15%|█▍        | 23/154 [00:07<00:34,  3.81it/s]
Batches:  16%|█▌        | 24/154 [00:08<00:33,  3.91it/s]
Batches:  16%|█▌        | 25/154 [00:08<00:32,  3.97it/s]
Batches:  17%|█▋        | 26/154 [00:08<00:31,  4.03it/s]
Batches:  18%|█▊        | 27/154 [00:08<00:31,  4.09it/s]
Batches:  18%|█▊        | 28/154 [00:09<00:29,  4.21it/s]
Batches:  19%|█▉        | 29/154 [00:09<00:29,  4.23it/s]
Batches:  19%|█▉        | 30/154 [00:09<00:28,  4.36it/s]
Batches:  20%|██        | 31/154 [00:09<00:28,  4.26it/s]
Batches:  21%|██        | 32/154 [00:10<00:28,  4.35it/s]
Batches:  21%|██▏       | 33/154 [00:10<00:27,  4.38it/s]
Batches:  22%|██▏       | 34/154 [00:10<00:28,  4.27it/s]
Batches:  23%|██▎       | 35/154 [00:10<00:27,  4.38it/s]
Batches:  23%|██▎       | 36/154 [00:10<00:25,  4.57it/s]
Batches:  24%|██▍       | 37/154 [00:11<00:24,  4.84it/s]
Batches:  25%|██▍       | 38/154 [00:11<00:23,  4.94it/s]
Batches:  25%|██▌       | 39/154 [00:11<00:23,  4.97it/s]
Batches:  26%|██▌       | 40/154 [00:11<00:23,  4.82it/s]
Batches:  27%|██▋       | 41/154 [00:11<00:22,  4.95it/s]
Batches:  27%|██▋       | 42/154 [00:12<00:22,  5.06it/s]
Batches:  28%|██▊       | 43/154 [00:12<00:22,  4.94it/s]
Batches:  29%|██▊       | 44/154 [00:12<00:21,  5.10it/s]
Batches:  29%|██▉       | 45/154 [00:12<00:21,  5.10it/s]
Batches:  30%|██▉       | 46/154 [00:12<00:20,  5.16it/s]
Batches:  31%|███       | 47/154 [00:13<00:20,  5.14it/s]
Batches:  31%|███       | 48/154 [00:13<00:20,  5.19it/s]
Batches:  32%|███▏      | 49/154 [00:13<00:20,  5.24it/s]
Batches:  32%|███▏      | 50/154 [00:13<00:19,  5.27it/s]
Batches:  33%|███▎      | 51/154 [00:13<00:19,  5.34it/s]
Batches:  34%|███▍      | 52/154 [00:14<00:19,  5.24it/s]
Batches:  34%|███▍      | 53/154 [00:14<00:19,  5.18it/s]
Batches:  35%|███▌      | 54/154 [00:14<00:18,  5.43it/s]
Batches:  36%|███▌      | 55/154 [00:14<00:18,  5.46it/s]
Batches:  36%|███▋      | 56/154 [00:14<00:18,  5.34it/s]
Batches:  37%|███▋      | 57/154 [00:14<00:17,  5.54it/s]
Batches:  38%|███▊      | 58/154 [00:15<00:17,  5.59it/s]
Batches:  38%|███▊      | 59/154 [00:15<00:16,  5.79it/s]
Batches:  39%|███▉      | 60/154 [00:15<00:16,  5.65it/s]
Batches:  40%|███▉      | 61/154 [00:15<00:16,  5.78it/s]
Batches:  40%|████      | 62/154 [00:15<00:16,  5.75it/s]
Batches:  41%|████      | 63/154 [00:15<00:15,  5.85it/s]
Batches:  42%|████▏     | 64/154 [00:16<00:15,  5.98it/s]
Batches:  42%|████▏     | 65/154 [00:16<00:14,  6.11it/s]
Batches:  43%|████▎     | 66/154 [00:16<00:14,  6.11it/s]
Batches:  44%|████▎     | 67/154 [00:16<00:14,  6.00it/s]
Batches:  44%|████▍     | 68/154 [00:16<00:13,  6.21it/s]
Batches:  45%|████▍     | 69/154 [00:16<00:13,  6.49it/s]
Batches:  45%|████▌     | 70/154 [00:17<00:13,  6.05it/s]
Batches:  46%|████▌     | 71/154 [00:17<00:13,  6.18it/s]
Batches:  47%|████▋     | 72/154 [00:17<00:13,  6.29it/s]
Batches:  47%|████▋     | 73/154 [00:17<00:12,  6.31it/s]
Batches:  48%|████▊     | 74/154 [00:17<00:12,  6.38it/s]
Batches:  49%|████▊     | 75/154 [00:17<00:12,  6.48it/s]
Batches:  49%|████▉     | 76/154 [00:18<00:12,  6.41it/s]
Batches:  50%|█████     | 77/154 [00:18<00:12,  6.35it/s]
Batches:  51%|█████     | 78/154 [00:18<00:11,  6.48it/s]
Batches:  51%|█████▏    | 79/154 [00:18<00:11,  6.73it/s]
Batches:  52%|█████▏    | 80/154 [00:18<00:11,  6.70it/s]
Batches:  53%|█████▎    | 81/154 [00:18<00:10,  6.73it/s]
Batches:  53%|█████▎    | 82/154 [00:18<00:10,  6.58it/s]
Batches:  54%|█████▍    | 83/154 [00:19<00:10,  6.89it/s]
Batches:  55%|█████▍    | 84/154 [00:19<00:09,  7.12it/s]
Batches:  55%|█████▌    | 85/154 [00:19<00:09,  7.33it/s]
Batches:  56%|█████▌    | 86/154 [00:19<00:09,  6.99it/s]
Batches:  56%|█████▋    | 87/154 [00:19<00:10,  6.50it/s]
Batches:  57%|█████▋    | 88/154 [00:19<00:09,  6.76it/s]
Batches:  58%|█████▊    | 89/154 [00:19<00:09,  6.74it/s]
Batches:  58%|█████▊    | 90/154 [00:20<00:09,  6.88it/s]
Batches:  59%|█████▉    | 91/154 [00:20<00:08,  7.28it/s]
Batches:  60%|█████▉    | 92/154 [00:20<00:08,  7.25it/s]
Batches:  60%|██████    | 93/154 [00:20<00:08,  7.43it/s]
Batches:  61%|██████    | 94/154 [00:20<00:07,  7.69it/s]
Batches:  62%|██████▏   | 95/154 [00:20<00:07,  7.93it/s]
Batches:  62%|██████▏   | 96/154 [00:20<00:07,  7.33it/s]
Batches:  63%|██████▎   | 97/154 [00:20<00:07,  7.47it/s]
Batches:  64%|██████▎   | 98/154 [00:21<00:07,  7.70it/s]
Batches:  64%|██████▍   | 99/154 [00:21<00:06,  7.92it/s]
Batches:  65%|██████▍   | 100/154 [00:21<00:06,  8.18it/s]
Batches:  66%|██████▌   | 101/154 [00:21<00:06,  8.37it/s]
Batches:  66%|██████▌   | 102/154 [00:21<00:06,  8.43it/s]
Batches:  67%|██████▋   | 103/154 [00:21<00:06,  8.49it/s]
Batches:  68%|██████▊   | 104/154 [00:21<00:05,  8.75it/s]
Batches:  68%|██████▊   | 105/154 [00:21<00:05,  8.71it/s]
Batches:  69%|██████▉   | 106/154 [00:22<00:05,  8.87it/s]
Batches:  69%|██████▉   | 107/154 [00:22<00:05,  9.03it/s]
Batches:  70%|███████   | 108/154 [00:22<00:05,  9.13it/s]
Batches:  71%|███████   | 109/154 [00:22<00:05,  8.93it/s]
Batches:  71%|███████▏  | 110/154 [00:22<00:04,  9.01it/s]
Batches:  72%|███████▏  | 111/154 [00:22<00:04,  9.24it/s]
Batches:  73%|███████▎  | 112/154 [00:22<00:04,  9.44it/s]
Batches:  73%|███████▎  | 113/154 [00:22<00:04,  9.26it/s]
Batches:  74%|███████▍  | 114/154 [00:22<00:04,  9.31it/s]
Batches:  75%|███████▍  | 115/154 [00:22<00:04,  9.16it/s]
Batches:  75%|███████▌  | 116/154 [00:23<00:04,  9.29it/s]
Batches:  76%|███████▌  | 117/154 [00:23<00:03,  9.36it/s]
Batches:  77%|███████▋  | 118/154 [00:23<00:03,  9.46it/s]
Batches:  78%|███████▊  | 120/154 [00:23<00:03,  9.67it/s]
Batches:  79%|███████▊  | 121/154 [00:23<00:03,  9.68it/s]
Batches:  80%|███████▉  | 123/154 [00:23<00:03,  9.84it/s]
Batches:  81%|████████  | 125/154 [00:23<00:02, 10.25it/s]
Batches:  82%|████████▏ | 127/154 [00:24<00:02, 10.27it/s]
Batches:  84%|████████▍ | 129/154 [00:24<00:02, 10.55it/s]
Batches:  85%|████████▌ | 131/154 [00:24<00:02, 10.84it/s]
Batches:  86%|████████▋ | 133/154 [00:24<00:01, 11.32it/s]
Batches:  88%|████████▊ | 135/154 [00:24<00:01, 11.78it/s]
Batches:  89%|████████▉ | 137/154 [00:24<00:01, 12.23it/s]
Batches:  90%|█████████ | 139/154 [00:25<00:01, 12.83it/s]
Batches:  92%|█████████▏| 141/154 [00:25<00:00, 13.32it/s]
Batches:  93%|█████████▎| 143/154 [00:25<00:00, 13.78it/s]
Batches:  94%|█████████▍| 145/154 [00:25<00:00, 14.81it/s]
Batches:  95%|█████████▌| 147/154 [00:25<00:00, 15.20it/s]
Batches:  97%|█████████▋| 149/154 [00:25<00:00, 16.29it/s]
Batches:  99%|█████████▊| 152/154 [00:25<00:00, 18.91it/s]
Batches: 100%|██████████| 154/154 [00:25<00:00,  5.95it/s]
[hybrid] retrieving
[embed] encoding 1000 texts on device=cuda:0

Batches:   0%|          | 0/16 [00:00<?, ?it/s]
Batches:  19%|█▉        | 3/16 [00:00<00:00, 22.97it/s]
Batches:  38%|███▊      | 6/16 [00:00<00:00, 26.40it/s]
Batches:  62%|██████▎   | 10/16 [00:00<00:00, 29.96it/s]
Batches:  88%|████████▊ | 14/16 [00:00<00:00, 33.41it/s]
Batches: 100%|██████████| 16/16 [00:00<00:00, 32.78it/s]
[stage3] retrieving ACE graph
[ace] building evidence graph
[ace] graph built: nodes=93396 edges=150276
[ace] fitting/indexing embeddings
[embed] encoding 83593 texts on device=cuda:0

Batches:   0%|          | 0/1307 [00:00<?, ?it/s]
Batches:   0%|          | 1/1307 [00:00<10:37,  2.05it/s]
Batches:   0%|          | 2/1307 [00:00<06:47,  3.21it/s]
Batches:   0%|          | 3/1307 [00:00<05:23,  4.03it/s]
Batches:   0%|          | 4/1307 [00:00<04:32,  4.78it/s]
Batches:   0%|          | 5/1307 [00:01<03:56,  5.51it/s]
Batches:   0%|          | 6/1307 [00:01<03:29,  6.20it/s]
Batches:   1%|          | 7/1307 [00:01<03:17,  6.58it/s]
Batches:   1%|          | 8/1307 [00:01<03:07,  6.93it/s]
Batches:   1%|          | 9/1307 [00:01<02:57,  7.33it/s]
Batches:   1%|          | 10/1307 [00:01<02:55,  7.40it/s]
Batches:   1%|          | 11/1307 [00:01<02:45,  7.85it/s]
Batches:   1%|          | 12/1307 [00:02<02:52,  7.52it/s]
Batches:   1%|          | 14/1307 [00:02<02:34,  8.39it/s]
Batches:   1%|          | 15/1307 [00:02<02:35,  8.30it/s]
Batches:   1%|          | 16/1307 [00:02<02:29,  8.61it/s]
Batches:   1%|▏         | 17/1307 [00:02<02:25,  8.86it/s]
Batches:   1%|▏         | 19/1307 [00:02<02:15,  9.48it/s]
Batches:   2%|▏         | 20/1307 [00:02<02:15,  9.47it/s]
Batches:   2%|▏         | 21/1307 [00:02<02:16,  9.42it/s]
Batches:   2%|▏         | 23/1307 [00:03<02:08,  9.99it/s]
Batches:   2%|▏         | 25/1307 [00:03<02:05, 10.21it/s]
Batches:   2%|▏         | 27/1307 [00:03<02:08,  9.99it/s]
Batches:   2%|▏         | 28/1307 [00:03<02:08,  9.97it/s]
Batches:   2%|▏         | 29/1307 [00:03<02:10,  9.80it/s]
Batches:   2%|▏         | 31/1307 [00:03<02:06, 10.06it/s]
Batches:   3%|▎         | 33/1307 [00:04<02:08,  9.93it/s]
Batches:   3%|▎         | 35/1307 [00:04<02:00, 10.56it/s]
Batches:   3%|▎         | 37/1307 [00:04<01:59, 10.67it/s]
Batches:   3%|▎         | 39/1307 [00:04<01:53, 11.16it/s]
Batches:   3%|▎         | 41/1307 [00:04<01:56, 10.85it/s]
Batches:   3%|▎         | 43/1307 [00:05<01:52, 11.25it/s]
Batches:   3%|▎         | 45/1307 [00:05<01:52, 11.22it/s]
Batches:   4%|▎         | 47/1307 [00:05<01:47, 11.76it/s]
Batches:   4%|▎         | 49/1307 [00:05<01:44, 12.05it/s]
Batches:   4%|▍         | 51/1307 [00:05<01:42, 12.20it/s]
Batches:   4%|▍         | 53/1307 [00:05<01:41, 12.32it/s]
Batches:   4%|▍         | 55/1307 [00:05<01:41, 12.32it/s]
Batches:   4%|▍         | 57/1307 [00:06<01:40, 12.47it/s]
Batches:   5%|▍         | 59/1307 [00:06<01:45, 11.84it/s]
Batches:   5%|▍         | 61/1307 [00:06<01:44, 11.93it/s]
Batches:   5%|▍         | 63/1307 [00:06<01:41, 12.29it/s]
Batches:   5%|▍         | 65/1307 [00:06<01:37, 12.77it/s]
Batches:   5%|▌         | 67/1307 [00:06<01:37, 12.78it/s]
Batches:   5%|▌         | 69/1307 [00:07<01:43, 12.00it/s]
Batches:   5%|▌         | 71/1307 [00:07<01:42, 12.06it/s]
Batches:   6%|▌         | 73/1307 [00:07<01:37, 12.65it/s]
Batches:   6%|▌         | 75/1307 [00:07<01:36, 12.82it/s]
Batches:   6%|▌         | 77/1307 [00:07<01:29, 13.79it/s]
Batches:   6%|▌         | 79/1307 [00:07<01:27, 13.97it/s]
Batches:   6%|▌         | 81/1307 [00:07<01:26, 14.12it/s]
Batches:   6%|▋         | 83/1307 [00:08<01:28, 13.86it/s]
Batches:   7%|▋         | 85/1307 [00:08<01:25, 14.23it/s]
Batches:   7%|▋         | 87/1307 [00:08<01:26, 14.08it/s]
Batches:   7%|▋         | 89/1307 [00:08<01:29, 13.66it/s]
Batches:   7%|▋         | 91/1307 [00:08<01:29, 13.62it/s]
Batches:   7%|▋         | 93/1307 [00:08<01:28, 13.76it/s]
Batches:   7%|▋         | 95/1307 [00:09<01:26, 13.96it/s]
Batches:   7%|▋         | 97/1307 [00:09<01:23, 14.41it/s]
Batches:   8%|▊         | 99/1307 [00:09<01:21, 14.84it/s]
Batches:   8%|▊         | 101/1307 [00:09<01:25, 14.13it/s]
Batches:   8%|▊         | 103/1307 [00:09<01:24, 14.27it/s]
Batches:   8%|▊         | 105/1307 [00:09<01:27, 13.72it/s]
Batches:   8%|▊         | 107/1307 [00:09<01:23, 14.32it/s]
Batches:   8%|▊         | 109/1307 [00:09<01:20, 14.82it/s]
Batches:   8%|▊         | 111/1307 [00:10<01:19, 14.99it/s]
Batches:   9%|▊         | 113/1307 [00:10<01:15, 15.86it/s]
Batches:   9%|▉         | 115/1307 [00:10<01:15, 15.82it/s]
Batches:   9%|▉         | 117/1307 [00:10<01:19, 14.96it/s]
Batches:   9%|▉         | 119/1307 [00:10<01:17, 15.28it/s]
Batches:   9%|▉         | 121/1307 [00:10<01:16, 15.43it/s]
Batches:   9%|▉         | 123/1307 [00:10<01:14, 15.89it/s]
Batches:  10%|▉         | 125/1307 [00:10<01:12, 16.41it/s]
Batches:  10%|▉         | 127/1307 [00:11<01:12, 16.20it/s]
Batches:  10%|▉         | 129/1307 [00:11<01:11, 16.53it/s]
Batches:  10%|█         | 131/1307 [00:11<01:12, 16.19it/s]
Batches:  10%|█         | 133/1307 [00:11<01:16, 15.32it/s]
Batches:  10%|█         | 135/1307 [00:11<01:14, 15.73it/s]
Batches:  10%|█         | 137/1307 [00:11<01:17, 15.02it/s]
Batches:  11%|█         | 139/1307 [00:11<01:15, 15.43it/s]
Batches:  11%|█         | 141/1307 [00:11<01:11, 16.25it/s]
Batches:  11%|█         | 143/1307 [00:12<01:12, 16.09it/s]
Batches:  11%|█         | 145/1307 [00:12<01:13, 15.89it/s]
Batches:  11%|█         | 147/1307 [00:12<01:11, 16.32it/s]
Batches:  11%|█▏        | 149/1307 [00:12<01:08, 16.83it/s]
Batches:  12%|█▏        | 151/1307 [00:12<01:07, 17.21it/s]
Batches:  12%|█▏        | 153/1307 [00:12<01:08, 16.97it/s]
Batches:  12%|█▏        | 155/1307 [00:12<01:07, 16.99it/s]
Batches:  12%|█▏        | 157/1307 [00:12<01:05, 17.43it/s]
Batches:  12%|█▏        | 159/1307 [00:13<01:07, 17.07it/s]
Batches:  12%|█▏        | 161/1307 [00:13<01:05, 17.52it/s]
Batches:  12%|█▏        | 163/1307 [00:13<01:05, 17.45it/s]
Batches:  13%|█▎        | 165/1307 [00:13<01:05, 17.36it/s]
Batches:  13%|█▎        | 167/1307 [00:13<01:08, 16.70it/s]
Batches:  13%|█▎        | 169/1307 [00:13<01:05, 17.30it/s]
Batches:  13%|█▎        | 172/1307 [00:13<01:01, 18.34it/s]
Batches:  13%|█▎        | 174/1307 [00:13<01:00, 18.59it/s]
Batches:  13%|█▎        | 176/1307 [00:13<01:02, 18.14it/s]
Batches:  14%|█▎        | 178/1307 [00:14<01:00, 18.59it/s]
Batches:  14%|█▍        | 180/1307 [00:14<00:59, 18.79it/s]
Batches:  14%|█▍        | 182/1307 [00:14<01:01, 18.30it/s]
Batches:  14%|█▍        | 184/1307 [00:14<01:00, 18.64it/s]
Batches:  14%|█▍        | 186/1307 [00:14<00:59, 18.90it/s]
Batches:  14%|█▍        | 188/1307 [00:14<00:58, 18.99it/s]
Batches:  15%|█▍        | 190/1307 [00:14<00:58, 19.16it/s]
Batches:  15%|█▍        | 193/1307 [00:14<00:56, 19.66it/s]
Batches:  15%|█▍        | 195/1307 [00:14<00:58, 19.05it/s]
Batches:  15%|█▌        | 197/1307 [00:15<00:58, 18.94it/s]
Batches:  15%|█▌        | 199/1307 [00:15<01:05, 16.90it/s]
Batches:  15%|█▌        | 201/1307 [00:15<01:02, 17.61it/s]
Batches:  16%|█▌        | 203/1307 [00:15<01:02, 17.76it/s]
Batches:  16%|█▌        | 205/1307 [00:15<01:00, 18.24it/s]
Batches:  16%|█▌        | 207/1307 [00:15<00:58, 18.65it/s]
Batches:  16%|█▌        | 209/1307 [00:15<00:58, 18.79it/s]
Batches:  16%|█▌        | 212/1307 [00:15<00:55, 19.65it/s]
Batches:  16%|█▋        | 214/1307 [00:15<00:56, 19.47it/s]
Batches:  17%|█▋        | 216/1307 [00:16<00:55, 19.52it/s]
Batches:  17%|█▋        | 218/1307 [00:16<00:55, 19.52it/s]
Batches:  17%|█▋        | 221/1307 [00:16<00:53, 20.15it/s]
Batches:  17%|█▋        | 224/1307 [00:16<00:53, 20.18it/s]
Batches:  17%|█▋        | 227/1307 [00:16<00:54, 19.86it/s]
Batches:  18%|█▊        | 230/1307 [00:16<00:52, 20.54it/s]
Batches:  18%|█▊        | 233/1307 [00:16<00:53, 19.98it/s]
Batches:  18%|█▊        | 236/1307 [00:17<00:54, 19.59it/s]
Batches:  18%|█▊        | 239/1307 [00:17<00:54, 19.76it/s]
Batches:  19%|█▊        | 242/1307 [00:17<00:52, 20.18it/s]
Batches:  19%|█▊        | 245/1307 [00:17<00:52, 20.13it/s]
Batches:  19%|█▉        | 248/1307 [00:17<00:52, 20.04it/s]
Batches:  19%|█▉        | 251/1307 [00:17<00:52, 20.25it/s]
Batches:  19%|█▉        | 254/1307 [00:17<00:51, 20.35it/s]
Batches:  20%|█▉        | 257/1307 [00:18<00:53, 19.63it/s]
Batches:  20%|█▉        | 259/1307 [00:18<00:53, 19.49it/s]
Batches:  20%|██        | 262/1307 [00:18<00:52, 20.03it/s]
Batches:  20%|██        | 265/1307 [00:18<00:52, 19.81it/s]
Batches:  21%|██        | 268/1307 [00:18<00:50, 20.41it/s]
Batches:  21%|██        | 271/1307 [00:18<00:51, 20.31it/s]
Batches:  21%|██        | 274/1307 [00:18<00:51, 20.02it/s]
Batches:  21%|██        | 277/1307 [00:19<00:51, 20.05it/s]
Batches:  21%|██▏       | 280/1307 [00:19<00:49, 20.79it/s]
Batches:  22%|██▏       | 283/1307 [00:19<00:52, 19.66it/s]
Batches:  22%|██▏       | 285/1307 [00:19<00:52, 19.35it/s]
Batches:  22%|██▏       | 288/1307 [00:19<00:51, 19.96it/s]
Batches:  22%|██▏       | 291/1307 [00:19<00:49, 20.73it/s]
Batches:  22%|██▏       | 294/1307 [00:19<00:49, 20.46it/s]
Batches:  23%|██▎       | 297/1307 [00:20<00:47, 21.20it/s]
Batches:  23%|██▎       | 300/1307 [00:20<00:46, 21.78it/s]
Batches:  23%|██▎       | 303/1307 [00:20<00:45, 22.12it/s]
Batches:  23%|██▎       | 306/1307 [00:20<00:44, 22.52it/s]
Batches:  24%|██▎       | 309/1307 [00:20<00:45, 22.07it/s]
Batches:  24%|██▍       | 312/1307 [00:20<00:45, 22.07it/s]
Batches:  24%|██▍       | 315/1307 [00:20<00:46, 21.49it/s]
Batches:  24%|██▍       | 318/1307 [00:21<00:45, 21.82it/s]
Batches:  25%|██▍       | 321/1307 [00:21<00:45, 21.64it/s]
Batches:  25%|██▍       | 324/1307 [00:21<00:43, 22.49it/s]
Batches:  25%|██▌       | 327/1307 [00:21<00:43, 22.28it/s]
Batches:  25%|██▌       | 330/1307 [00:21<00:43, 22.27it/s]
Batches:  25%|██▌       | 333/1307 [00:21<00:43, 22.35it/s]
Batches:  26%|██▌       | 336/1307 [00:21<00:41, 23.24it/s]
Batches:  26%|██▌       | 339/1307 [00:21<00:42, 22.97it/s]
Batches:  26%|██▌       | 342/1307 [00:22<00:41, 23.22it/s]
Batches:  26%|██▋       | 345/1307 [00:22<00:40, 23.47it/s]
Batches:  27%|██▋       | 348/1307 [00:22<00:40, 23.86it/s]
Batches:  27%|██▋       | 351/1307 [00:22<00:40, 23.79it/s]
Batches:  27%|██▋       | 354/1307 [00:22<00:40, 23.75it/s]
Batches:  27%|██▋       | 357/1307 [00:22<00:41, 22.99it/s]
Batches:  28%|██▊       | 360/1307 [00:22<00:40, 23.19it/s]
Batches:  28%|██▊       | 363/1307 [00:22<00:40, 23.56it/s]
Batches:  28%|██▊       | 366/1307 [00:23<00:39, 23.98it/s]
Batches:  28%|██▊       | 369/1307 [00:23<00:38, 24.08it/s]
Batches:  28%|██▊       | 372/1307 [00:23<00:39, 23.92it/s]
Batches:  29%|██▊       | 375/1307 [00:23<00:38, 23.91it/s]
Batches:  29%|██▉       | 378/1307 [00:23<00:37, 24.45it/s]
Batches:  29%|██▉       | 381/1307 [00:23<00:38, 24.11it/s]
Batches:  29%|██▉       | 384/1307 [00:23<00:38, 24.06it/s]
Batches:  30%|██▉       | 387/1307 [00:23<00:38, 24.19it/s]
Batches:  30%|██▉       | 390/1307 [00:24<00:37, 24.17it/s]
Batches:  30%|███       | 393/1307 [00:24<00:37, 24.61it/s]
Batches:  30%|███       | 396/1307 [00:24<00:35, 25.48it/s]
Batches:  31%|███       | 399/1307 [00:24<00:36, 25.13it/s]
Batches:  31%|███       | 402/1307 [00:24<00:36, 24.82it/s]
Batches:  31%|███       | 405/1307 [00:24<00:35, 25.20it/s]
Batches:  31%|███       | 408/1307 [00:24<00:35, 25.31it/s]
Batches:  31%|███▏      | 411/1307 [00:24<00:34, 25.76it/s]
Batches:  32%|███▏      | 414/1307 [00:25<00:34, 25.94it/s]
Batches:  32%|███▏      | 417/1307 [00:25<00:35, 25.13it/s]
Batches:  32%|███▏      | 420/1307 [00:25<00:35, 25.18it/s]
Batches:  32%|███▏      | 423/1307 [00:25<00:34, 25.39it/s]
Batches:  33%|███▎      | 426/1307 [00:25<00:34, 25.43it/s]
Batches:  33%|███▎      | 429/1307 [00:25<00:33, 26.04it/s]
Batches:  33%|███▎      | 432/1307 [00:25<00:33, 26.47it/s]
Batches:  33%|███▎      | 435/1307 [00:25<00:32, 26.61it/s]
Batches:  34%|███▎      | 438/1307 [00:25<00:33, 26.23it/s]
Batches:  34%|███▎      | 441/1307 [00:26<00:32, 26.73it/s]
Batches:  34%|███▍      | 444/1307 [00:26<00:32, 26.15it/s]
Batches:  34%|███▍      | 447/1307 [00:26<00:36, 23.41it/s]
Batches:  34%|███▍      | 450/1307 [00:26<00:36, 23.60it/s]
Batches:  35%|███▍      | 453/1307 [00:26<00:34, 25.00it/s]
Batches:  35%|███▍      | 456/1307 [00:26<00:33, 25.74it/s]
Batches:  35%|███▌      | 459/1307 [00:26<00:32, 26.37it/s]
Batches:  35%|███▌      | 463/1307 [00:26<00:30, 27.64it/s]
Batches:  36%|███▌      | 466/1307 [00:27<00:30, 27.30it/s]
Batches:  36%|███▌      | 469/1307 [00:27<00:30, 27.22it/s]
Batches:  36%|███▌      | 473/1307 [00:27<00:29, 27.97it/s]
Batches:  36%|███▋      | 476/1307 [00:27<00:30, 27.68it/s]
Batches:  37%|███▋      | 479/1307 [00:27<00:29, 28.21it/s]
Batches:  37%|███▋      | 482/1307 [00:27<00:29, 28.38it/s]
Batches:  37%|███▋      | 485/1307 [00:27<00:28, 28.54it/s]
Batches:  37%|███▋      | 488/1307 [00:27<00:28, 28.64it/s]
Batches:  38%|███▊      | 491/1307 [00:27<00:28, 28.33it/s]
Batches:  38%|███▊      | 494/1307 [00:28<00:28, 28.74it/s]
Batches:  38%|███▊      | 497/1307 [00:28<00:28, 28.57it/s]
Batches:  38%|███▊      | 501/1307 [00:28<00:27, 29.38it/s]
Batches:  39%|███▊      | 504/1307 [00:28<00:27, 29.24it/s]
Batches:  39%|███▉      | 507/1307 [00:28<00:28, 28.29it/s]
Batches:  39%|███▉      | 511/1307 [00:28<00:27, 29.47it/s]
Batches:  39%|███▉      | 514/1307 [00:28<00:26, 29.56it/s]
Batches:  40%|███▉      | 517/1307 [00:28<00:26, 29.56it/s]
Batches:  40%|███▉      | 521/1307 [00:28<00:26, 30.18it/s]
Batches:  40%|████      | 525/1307 [00:29<00:25, 31.21it/s]
Batches:  40%|████      | 529/1307 [00:29<00:26, 29.59it/s]
Batches:  41%|████      | 533/1307 [00:29<00:25, 30.07it/s]
Batches:  41%|████      | 537/1307 [00:29<00:24, 30.89it/s]
Batches:  41%|████▏     | 541/1307 [00:29<00:24, 31.38it/s]
Batches:  42%|████▏     | 545/1307 [00:29<00:23, 32.39it/s]
Batches:  42%|████▏     | 549/1307 [00:29<00:22, 33.17it/s]
Batches:  42%|████▏     | 553/1307 [00:29<00:23, 32.63it/s]
Batches:  43%|████▎     | 557/1307 [00:30<00:23, 31.98it/s]
Batches:  43%|████▎     | 561/1307 [00:30<00:22, 33.57it/s]
Batches:  43%|████▎     | 565/1307 [00:30<00:22, 33.52it/s]
Batches:  44%|████▎     | 569/1307 [00:30<00:21, 34.75it/s]
Batches:  44%|████▍     | 573/1307 [00:30<00:20, 35.45it/s]
Batches:  44%|████▍     | 577/1307 [00:30<00:20, 35.34it/s]
Batches:  44%|████▍     | 581/1307 [00:30<00:20, 35.28it/s]
Batches:  45%|████▍     | 585/1307 [00:30<00:19, 36.35it/s]
Batches:  45%|████▌     | 589/1307 [00:30<00:19, 36.39it/s]
Batches:  45%|████▌     | 593/1307 [00:31<00:19, 36.69it/s]
Batches:  46%|████▌     | 597/1307 [00:31<00:19, 37.33it/s]
Batches:  46%|████▌     | 602/1307 [00:31<00:18, 38.73it/s]
Batches:  46%|████▋     | 606/1307 [00:31<00:17, 39.06it/s]
Batches:  47%|████▋     | 610/1307 [00:31<00:17, 39.18it/s]
Batches:  47%|████▋     | 615/1307 [00:31<00:16, 40.79it/s]
Batches:  47%|████▋     | 620/1307 [00:31<00:16, 42.50it/s]
Batches:  48%|████▊     | 625/1307 [00:31<00:15, 43.41it/s]
Batches:  48%|████▊     | 631/1307 [00:31<00:14, 45.66it/s]
Batches:  49%|████▊     | 636/1307 [00:32<00:14, 46.72it/s]
Batches:  49%|████▉     | 642/1307 [00:32<00:13, 47.54it/s]
Batches:  50%|████▉     | 648/1307 [00:32<00:13, 48.68it/s]
Batches:  50%|█████     | 654/1307 [00:32<00:12, 50.31it/s]
Batches:  50%|█████     | 660/1307 [00:32<00:12, 52.07it/s]
Batches:  51%|█████     | 666/1307 [00:32<00:11, 53.56it/s]
Batches:  51%|█████▏    | 672/1307 [00:32<00:11, 55.36it/s]
Batches:  52%|█████▏    | 679/1307 [00:32<00:10, 57.22it/s]
Batches:  52%|█████▏    | 686/1307 [00:32<00:10, 58.33it/s]
Batches:  53%|█████▎    | 692/1307 [00:33<00:10, 57.87it/s]
Batches:  53%|█████▎    | 699/1307 [00:33<00:10, 59.51it/s]
Batches:  54%|█████▍    | 706/1307 [00:33<00:09, 61.25it/s]
Batches:  55%|█████▍    | 713/1307 [00:33<00:09, 62.44it/s]
Batches:  55%|█████▌    | 720/1307 [00:33<00:09, 63.50it/s]
Batches:  56%|█████▌    | 727/1307 [00:33<00:08, 64.65it/s]
Batches:  56%|█████▌    | 734/1307 [00:33<00:08, 65.46it/s]
Batches:  57%|█████▋    | 742/1307 [00:33<00:08, 67.18it/s]
Batches:  57%|█████▋    | 749/1307 [00:33<00:08, 67.77it/s]
Batches:  58%|█████▊    | 757/1307 [00:33<00:07, 69.54it/s]
Batches:  58%|█████▊    | 764/1307 [00:34<00:07, 69.44it/s]
Batches:  59%|█████▉    | 771/1307 [00:34<00:07, 69.47it/s]
Batches:  60%|█████▉    | 779/1307 [00:34<00:07, 70.44it/s]
Batches:  60%|██████    | 787/1307 [00:34<00:07, 70.39it/s]
Batches:  61%|██████    | 795/1307 [00:34<00:07, 72.21it/s]
Batches:  61%|██████▏   | 803/1307 [00:34<00:06, 73.42it/s]
Batches:  62%|██████▏   | 811/1307 [00:34<00:06, 75.26it/s]
Batches:  63%|██████▎   | 819/1307 [00:34<00:06, 74.38it/s]
Batches:  63%|██████▎   | 827/1307 [00:34<00:06, 75.63it/s]
Batches:  64%|██████▍   | 835/1307 [00:35<00:06, 75.72it/s]
Batches:  64%|██████▍   | 843/1307 [00:35<00:06, 75.16it/s]
Batches:  65%|██████▌   | 851/1307 [00:35<00:06, 74.77it/s]
Batches:  66%|██████▌   | 860/1307 [00:35<00:05, 76.40it/s]
Batches:  66%|██████▋   | 868/1307 [00:35<00:05, 76.76it/s]
Batches:  67%|██████▋   | 876/1307 [00:35<00:05, 77.17it/s]
Batches:  68%|██████▊   | 884/1307 [00:35<00:05, 77.73it/s]
Batches:  68%|██████▊   | 893/1307 [00:35<00:05, 79.52it/s]
Batches:  69%|██████▉   | 902/1307 [00:35<00:05, 80.53it/s]
Batches:  70%|██████▉   | 911/1307 [00:35<00:04, 81.20it/s]
Batches:  70%|███████   | 920/1307 [00:36<00:04, 77.96it/s]
Batches:  71%|███████   | 929/1307 [00:36<00:04, 79.05it/s]
Batches:  72%|███████▏  | 938/1307 [00:36<00:04, 80.94it/s]
Batches:  72%|███████▏  | 947/1307 [00:36<00:04, 82.19it/s]
Batches:  73%|███████▎  | 956/1307 [00:36<00:04, 82.71it/s]
Batches:  74%|███████▍  | 965/1307 [00:36<00:04, 81.48it/s]
Batches:  75%|███████▍  | 974/1307 [00:36<00:04, 82.49it/s]
Batches:  75%|███████▌  | 983/1307 [00:36<00:03, 83.35it/s]
Batches:  76%|███████▌  | 992/1307 [00:36<00:03, 83.72it/s]
Batches:  77%|███████▋  | 1001/1307 [00:37<00:03, 84.53it/s]
Batches:  77%|███████▋  | 1010/1307 [00:37<00:03, 84.94it/s]
Batches:  78%|███████▊  | 1019/1307 [00:37<00:03, 85.39it/s]
Batches:  79%|███████▊  | 1028/1307 [00:37<00:03, 86.11it/s]
Batches:  79%|███████▉  | 1038/1307 [00:37<00:03, 87.43it/s]
Batches:  80%|████████  | 1047/1307 [00:37<00:02, 87.66it/s]
Batches:  81%|████████  | 1056/1307 [00:37<00:02, 86.53it/s]
Batches:  82%|████████▏ | 1066/1307 [00:37<00:02, 88.19it/s]
Batches:  82%|████████▏ | 1076/1307 [00:37<00:02, 90.07it/s]
Batches:  83%|████████▎ | 1086/1307 [00:38<00:02, 89.70it/s]
Batches:  84%|████████▍ | 1096/1307 [00:38<00:02, 90.41it/s]
Batches:  85%|████████▍ | 1106/1307 [00:38<00:02, 92.40it/s]
Batches:  85%|████████▌ | 1116/1307 [00:38<00:02, 93.59it/s]
Batches:  86%|████████▌ | 1126/1307 [00:38<00:01, 92.93it/s]
Batches:  87%|████████▋ | 1136/1307 [00:38<00:01, 93.92it/s]
Batches:  88%|████████▊ | 1147/1307 [00:38<00:01, 96.82it/s]
Batches:  89%|████████▊ | 1158/1307 [00:38<00:01, 97.62it/s]
Batches:  89%|████████▉ | 1168/1307 [00:38<00:01, 98.28it/s]
Batches:  90%|█████████ | 1179/1307 [00:38<00:01, 99.11it/s]
Batches:  91%|█████████ | 1189/1307 [00:39<00:01, 98.90it/s]
Batches:  92%|█████████▏| 1199/1307 [00:39<00:01, 99.17it/s]
Batches:  93%|█████████▎| 1209/1307 [00:39<00:00, 98.79it/s]
Batches:  93%|█████████▎| 1219/1307 [00:39<00:00, 99.09it/s]
Batches:  94%|█████████▍| 1229/1307 [00:39<00:00, 98.95it/s]
Batches:  95%|█████████▍| 1239/1307 [00:39<00:00, 98.57it/s]
Batches:  96%|█████████▌| 1250/1307 [00:39<00:00, 99.39it/s]
Batches:  96%|█████████▋| 1261/1307 [00:39<00:00, 101.15it/s]
Batches:  97%|█████████▋| 1272/1307 [00:39<00:00, 102.04it/s]
Batches:  98%|█████████▊| 1283/1307 [00:40<00:00, 102.78it/s]
Batches:  99%|█████████▉| 1294/1307 [00:40<00:00, 103.11it/s]
Batches: 100%|█████████▉| 1305/1307 [00:40<00:00, 104.62it/s]
Batches: 100%|██████████| 1307/1307 [00:40<00:00, 32.48it/s]
[ace] retrieving
[embed] encoding 1000 texts on device=cuda:0

Batches:   0%|          | 0/16 [00:00<?, ?it/s]
Batches:  12%|█▎        | 2/16 [00:00<00:00, 19.74it/s]
Batches:  31%|███▏      | 5/16 [00:00<00:00, 22.39it/s]
Batches:  50%|█████     | 8/16 [00:00<00:00, 24.41it/s]
Batches:  75%|███████▌  | 12/16 [00:00<00:00, 27.47it/s]
Batches: 100%|██████████| 16/16 [00:00<00:00, 28.34it/s]
[stage3] loading Qwen reader once
`torch_dtype` is deprecated! Use `dtype` instead!

Loading checkpoint shards:   0%|          | 0/2 [00:00<?, ?it/s]
Loading checkpoint shards:  50%|█████     | 1/2 [00:02<00:02,  2.47s/it]
Loading checkpoint shards: 100%|██████████| 2/2 [00:03<00:00,  1.83s/it]
Loading checkpoint shards: 100%|██████████| 2/2 [00:03<00:00,  1.93s/it]
[reader] loaded Qwen/Qwen2.5-3B-Instruct on cuda:0
[stage3] materializing policy=chunk_packed_160
[stage3] generating policy=chunk_packed_160
The following generation flags are not valid and may be ignored: ['temperature', 'top_p', 'top_k']. Set `TRANSFORMERS_VERBOSITY=info` for more details.
[reader] generated 2/1000
[reader] generated 4/1000
[reader] generated 6/1000
[reader] generated 8/1000
[reader] generated 10/1000
[reader] generated 12/1000
[reader] generated 14/1000
[reader] generated 16/1000
[reader] generated 18/1000
[reader] generated 20/1000
[reader] generated 22/1000
[reader] generated 24/1000
[reader] generated 26/1000
[reader] generated 28/1000
[reader] generated 30/1000
[reader] generated 32/1000
[reader] generated 34/1000
[reader] generated 36/1000
[reader] generated 38/1000
[reader] generated 40/1000
[reader] generated 42/1000
[reader] generated 44/1000
[reader] generated 46/1000
[reader] generated 48/1000
[reader] generated 50/1000
[reader] generated 52/1000
[reader] generated 54/1000
[reader] generated 56/1000
[reader] generated 58/1000
[reader] generated 60/1000
[reader] generated 62/1000
[reader] generated 64/1000
[reader] generated 66/1000
[reader] generated 68/1000
[reader] generated 70/1000
[reader] generated 72/1000
[reader] generated 74/1000
[reader] generated 76/1000
[reader] generated 78/1000
[reader] generated 80/1000
[reader] generated 82/1000
[reader] generated 84/1000
[reader] generated 86/1000
[reader] generated 88/1000
[reader] generated 90/1000
[reader] generated 92/1000
[reader] generated 94/1000
[reader] generated 96/1000
[reader] generated 98/1000
[reader] generated 100/1000
[reader] generated 102/1000
[reader] generated 104/1000
[reader] generated 106/1000
[reader] generated 108/1000
[reader] generated 110/1000
[reader] generated 112/1000
[reader] generated 114/1000
[reader] generated 116/1000
[reader] generated 118/1000
[reader] generated 120/1000
[reader] generated 122/1000
[reader] generated 124/1000
[reader] generated 126/1000
[reader] generated 128/1000
[reader] generated 130/1000
[reader] generated 132/1000
[reader] generated 134/1000
[reader] generated 136/1000
[reader] generated 138/1000
[reader] generated 140/1000
[reader] generated 142/1000
[reader] generated 144/1000
[reader] generated 146/1000
[reader] generated 148/1000
[reader] generated 150/1000
[reader] generated 152/1000
[reader] generated 154/1000
[reader] generated 156/1000
[reader] generated 158/1000
[reader] generated 160/1000
[reader] generated 162/1000
[reader] generated 164/1000
[reader] generated 166/1000
[reader] generated 168/1000
[reader] generated 170/1000
[reader] generated 172/1000
[reader] generated 174/1000
[reader] generated 176/1000
[reader] generated 178/1000
[reader] generated 180/1000
[reader] generated 182/1000
[reader] generated 184/1000
[reader] generated 186/1000
[reader] generated 188/1000
[reader] generated 190/1000
[reader] generated 192/1000
[reader] generated 194/1000
[reader] generated 196/1000
[reader] generated 198/1000
[reader] generated 200/1000
[reader] generated 202/1000
[reader] generated 204/1000
[reader] generated 206/1000
[reader] generated 208/1000
[reader] generated 210/1000
[reader] generated 212/1000
[reader] generated 214/1000
[reader] generated 216/1000
[reader] generated 218/1000
[reader] generated 220/1000
[reader] generated 222/1000
[reader] generated 224/1000
[reader] generated 226/1000
[reader] generated 228/1000
[reader] generated 230/1000
[reader] generated 232/1000
[reader] generated 234/1000
[reader] generated 236/1000
[reader] generated 238/1000
[reader] generated 240/1000
[reader] generated 242/1000
[reader] generated 244/1000
[reader] generated 246/1000
[reader] generated 248/1000
[reader] generated 250/1000
[reader] generated 252/1000
[reader] generated 254/1000
[reader] generated 256/1000
[reader] generated 258/1000
[reader] generated 260/1000
[reader] generated 262/1000
[reader] generated 264/1000
[reader] generated 266/1000
[reader] generated 268/1000
[reader] generated 270/1000
[reader] generated 272/1000
[reader] generated 274/1000
[reader] generated 276/1000
[reader] generated 278/1000
[reader] generated 280/1000
[reader] generated 282/1000
[reader] generated 284/1000
[reader] generated 286/1000
[reader] generated 288/1000
[reader] generated 290/1000
[reader] generated 292/1000
[reader] generated 294/1000
[reader] generated 296/1000
[reader] generated 298/1000
[reader] generated 300/1000
[reader] generated 302/1000
[reader] generated 304/1000
[reader] generated 306/1000
[reader] generated 308/1000
[reader] generated 310/1000
[reader] generated 312/1000
[reader] generated 314/1000
[reader] generated 316/1000
[reader] generated 318/1000
[reader] generated 320/1000
[reader] generated 322/1000
[reader] generated 324/1000
[reader] generated 326/1000
[reader] generated 328/1000
[reader] generated 330/1000
[reader] generated 332/1000
[reader] generated 334/1000
[reader] generated 336/1000
[reader] generated 338/1000
[reader] generated 340/1000
[reader] generated 342/1000
[reader] generated 344/1000
[reader] generated 346/1000
[reader] generated 348/1000
[reader] generated 350/1000
[reader] generated 352/1000
[reader] generated 354/1000
[reader] generated 356/1000
[reader] generated 358/1000
[reader] generated 360/1000
[reader] generated 362/1000
[reader] generated 364/1000
[reader] generated 366/1000
[reader] generated 368/1000
[reader] generated 370/1000
[reader] generated 372/1000
[reader] generated 374/1000
[reader] generated 376/1000
[reader] generated 378/1000
[reader] generated 380/1000
[reader] generated 382/1000
[reader] generated 384/1000
[reader] generated 386/1000
[reader] generated 388/1000
[reader] generated 390/1000
[reader] generated 392/1000
[reader] generated 394/1000
[reader] generated 396/1000
[reader] generated 398/1000
[reader] generated 400/1000
[reader] generated 402/1000
[reader] generated 404/1000
[reader] generated 406/1000
[reader] generated 408/1000
[reader] generated 410/1000
[reader] generated 412/1000
[reader] generated 414/1000
[reader] generated 416/1000
[reader] generated 418/1000
[reader] generated 420/1000
[reader] generated 422/1000
[reader] generated 424/1000
[reader] generated 426/1000
[reader] generated 428/1000
[reader] generated 430/1000
[reader] generated 432/1000
[reader] generated 434/1000
[reader] generated 436/1000
[reader] generated 438/1000
[reader] generated 440/1000
[reader] generated 442/1000
[reader] generated 444/1000
[reader] generated 446/1000
[reader] generated 448/1000
[reader] generated 450/1000
[reader] generated 452/1000
[reader] generated 454/1000
[reader] generated 456/1000
[reader] generated 458/1000
[reader] generated 460/1000
[reader] generated 462/1000
[reader] generated 464/1000
[reader] generated 466/1000
[reader] generated 468/1000
[reader] generated 470/1000
[reader] generated 472/1000
[reader] generated 474/1000
[reader] generated 476/1000
[reader] generated 478/1000
[reader] generated 480/1000
[reader] generated 482/1000
[reader] generated 484/1000
[reader] generated 486/1000
[reader] generated 488/1000
[reader] generated 490/1000
[reader] generated 492/1000
[reader] generated 494/1000
[reader] generated 496/1000
[reader] generated 498/1000
[reader] generated 500/1000
[reader] generated 502/1000
[reader] generated 504/1000
[reader] generated 506/1000
[reader] generated 508/1000
[reader] generated 510/1000
[reader] generated 512/1000
[reader] generated 514/1000
[reader] generated 516/1000
[reader] generated 518/1000
[reader] generated 520/1000
[reader] generated 522/1000
[reader] generated 524/1000
[reader] generated 526/1000
[reader] generated 528/1000
[reader] generated 530/1000
[reader] generated 532/1000
[reader] generated 534/1000
[reader] generated 536/1000
[reader] generated 538/1000
[reader] generated 540/1000
[reader] generated 542/1000
[reader] generated 544/1000
[reader] generated 546/1000
[reader] generated 548/1000
[reader] generated 550/1000
[reader] generated 552/1000
[reader] generated 554/1000
[reader] generated 556/1000
[reader] generated 558/1000
[reader] generated 560/1000
[reader] generated 562/1000
[reader] generated 564/1000
[reader] generated 566/1000
[reader] generated 568/1000
[reader] generated 570/1000
[reader] generated 572/1000
[reader] generated 574/1000
[reader] generated 576/1000
[reader] generated 578/1000
[reader] generated 580/1000
[reader] generated 582/1000
[reader] generated 584/1000
[reader] generated 586/1000
[reader] generated 588/1000
[reader] generated 590/1000
[reader] generated 592/1000
[reader] generated 594/1000
[reader] generated 596/1000
[reader] generated 598/1000
[reader] generated 600/1000
[reader] generated 602/1000
[reader] generated 604/1000
[reader] generated 606/1000
[reader] generated 608/1000
[reader] generated 610/1000
[reader] generated 612/1000
[reader] generated 614/1000
[reader] generated 616/1000
[reader] generated 618/1000
[reader] generated 620/1000
[reader] generated 622/1000
[reader] generated 624/1000
[reader] generated 626/1000
[reader] generated 628/1000
[reader] generated 630/1000
[reader] generated 632/1000
[reader] generated 634/1000
[reader] generated 636/1000
[reader] generated 638/1000
[reader] generated 640/1000
[reader] generated 642/1000
[reader] generated 644/1000
[reader] generated 646/1000
[reader] generated 648/1000
[reader] generated 650/1000
[reader] generated 652/1000
[reader] generated 654/1000
[reader] generated 656/1000
[reader] generated 658/1000
[reader] generated 660/1000
[reader] generated 662/1000
[reader] generated 664/1000
[reader] generated 666/1000
[reader] generated 668/1000
[reader] generated 670/1000
[reader] generated 672/1000
[reader] generated 674/1000
[reader] generated 676/1000
[reader] generated 678/1000
[reader] generated 680/1000
[reader] generated 682/1000
[reader] generated 684/1000
[reader] generated 686/1000
[reader] generated 688/1000
[reader] generated 690/1000
[reader] generated 692/1000
[reader] generated 694/1000
[reader] generated 696/1000
[reader] generated 698/1000
[reader] generated 700/1000
[reader] generated 702/1000
[reader] generated 704/1000
[reader] generated 706/1000
[reader] generated 708/1000
[reader] generated 710/1000
[reader] generated 712/1000
[reader] generated 714/1000
[reader] generated 716/1000
[reader] generated 718/1000
[reader] generated 720/1000
[reader] generated 722/1000
[reader] generated 724/1000
[reader] generated 726/1000
[reader] generated 728/1000
[reader] generated 730/1000
[reader] generated 732/1000
[reader] generated 734/1000
[reader] generated 736/1000
[reader] generated 738/1000
[reader] generated 740/1000
[reader] generated 742/1000
[reader] generated 744/1000
[reader] generated 746/1000
[reader] generated 748/1000
[reader] generated 750/1000
[reader] generated 752/1000
[reader] generated 754/1000
[reader] generated 756/1000
[reader] generated 758/1000
[reader] generated 760/1000
[reader] generated 762/1000
[reader] generated 764/1000
[reader] generated 766/1000
[reader] generated 768/1000
[reader] generated 770/1000
[reader] generated 772/1000
[reader] generated 774/1000
[reader] generated 776/1000
[reader] generated 778/1000
[reader] generated 780/1000
[reader] generated 782/1000
[reader] generated 784/1000
[reader] generated 786/1000
[reader] generated 788/1000
[reader] generated 790/1000
[reader] generated 792/1000
[reader] generated 794/1000
[reader] generated 796/1000
[reader] generated 798/1000
[reader] generated 800/1000
[reader] generated 802/1000
[reader] generated 804/1000
[reader] generated 806/1000
[reader] generated 808/1000
[reader] generated 810/1000
[reader] generated 812/1000
[reader] generated 814/1000
[reader] generated 816/1000
[reader] generated 818/1000
[reader] generated 820/1000
[reader] generated 822/1000
[reader] generated 824/1000
[reader] generated 826/1000
[reader] generated 828/1000
[reader] generated 830/1000
[reader] generated 832/1000
[reader] generated 834/1000
[reader] generated 836/1000
[reader] generated 838/1000
[reader] generated 840/1000
[reader] generated 842/1000
[reader] generated 844/1000
[reader] generated 846/1000
[reader] generated 848/1000
[reader] generated 850/1000
[reader] generated 852/1000
[reader] generated 854/1000
[reader] generated 856/1000
[reader] generated 858/1000
[reader] generated 860/1000
[reader] generated 862/1000
[reader] generated 864/1000
[reader] generated 866/1000
[reader] generated 868/1000
[reader] generated 870/1000
[reader] generated 872/1000
[reader] generated 874/1000
[reader] generated 876/1000
[reader] generated 878/1000
[reader] generated 880/1000
[reader] generated 882/1000
[reader] generated 884/1000
[reader] generated 886/1000
[reader] generated 888/1000
[reader] generated 890/1000
[reader] generated 892/1000
[reader] generated 894/1000
[reader] generated 896/1000
[reader] generated 898/1000
[reader] generated 900/1000
[reader] generated 902/1000
[reader] generated 904/1000
[reader] generated 906/1000
[reader] generated 908/1000
[reader] generated 910/1000
[reader] generated 912/1000
[reader] generated 914/1000
[reader] generated 916/1000
[reader] generated 918/1000
[reader] generated 920/1000
[reader] generated 922/1000
[reader] generated 924/1000
[reader] generated 926/1000
[reader] generated 928/1000
[reader] generated 930/1000
[reader] generated 932/1000
[reader] generated 934/1000
[reader] generated 936/1000
[reader] generated 938/1000
[reader] generated 940/1000
[reader] generated 942/1000
[reader] generated 944/1000
[reader] generated 946/1000
[reader] generated 948/1000
[reader] generated 950/1000
[reader] generated 952/1000
[reader] generated 954/1000
[reader] generated 956/1000
[reader] generated 958/1000
[reader] generated 960/1000
[reader] generated 962/1000
[reader] generated 964/1000
[reader] generated 966/1000
[reader] generated 968/1000
[reader] generated 970/1000
[reader] generated 972/1000
[reader] generated 974/1000
[reader] generated 976/1000
[reader] generated 978/1000
[reader] generated 980/1000
[reader] generated 982/1000
[reader] generated 984/1000
[reader] generated 986/1000
[reader] generated 988/1000
[reader] generated 990/1000
[reader] generated 992/1000
[reader] generated 994/1000
[reader] generated 996/1000
[reader] generated 998/1000
[reader] generated 1000/1000
[stage3] policy=chunk_packed_160, router_type=fixed, method=chunk, reader_context=packed_snippets, reader_model=Qwen/Qwen2.5-3B-Instruct, ace_retriever=none, compressor=none, hybrid_alpha=, packed_token_budget=160, candidate_policies=, selection_counts=, recall@1=0.4385, all_gold@1=0.0, recall@2=0.7065, all_gold@2=0.471, recall@5=0.857, all_gold@5=0.734, qwen_em=0.285, qwen_f1=0.377, avg_reader_evidence_tokens=150.55
[stage3] materializing policy=ace_packed_160
[stage3] generating policy=ace_packed_160
[reader] generated 2/1000
[reader] generated 4/1000
[reader] generated 6/1000
[reader] generated 8/1000
[reader] generated 10/1000
[reader] generated 12/1000
[reader] generated 14/1000
[reader] generated 16/1000
[reader] generated 18/1000
[reader] generated 20/1000
[reader] generated 22/1000
[reader] generated 24/1000
[reader] generated 26/1000
[reader] generated 28/1000
[reader] generated 30/1000
[reader] generated 32/1000
[reader] generated 34/1000
[reader] generated 36/1000
[reader] generated 38/1000
[reader] generated 40/1000
[reader] generated 42/1000
[reader] generated 44/1000
[reader] generated 46/1000
[reader] generated 48/1000
[reader] generated 50/1000
[reader] generated 52/1000
[reader] generated 54/1000
[reader] generated 56/1000
[reader] generated 58/1000
[reader] generated 60/1000
[reader] generated 62/1000
[reader] generated 64/1000
[reader] generated 66/1000
[reader] generated 68/1000
[reader] generated 70/1000
[reader] generated 72/1000
[reader] generated 74/1000
[reader] generated 76/1000
[reader] generated 78/1000
[reader] generated 80/1000
[reader] generated 82/1000
[reader] generated 84/1000
[reader] generated 86/1000
[reader] generated 88/1000
[reader] generated 90/1000
[reader] generated 92/1000
[reader] generated 94/1000
[reader] generated 96/1000
[reader] generated 98/1000
[reader] generated 100/1000
[reader] generated 102/1000
[reader] generated 104/1000
[reader] generated 106/1000
[reader] generated 108/1000
[reader] generated 110/1000
[reader] generated 112/1000
[reader] generated 114/1000
[reader] generated 116/1000
[reader] generated 118/1000
[reader] generated 120/1000
[reader] generated 122/1000
[reader] generated 124/1000
[reader] generated 126/1000
[reader] generated 128/1000
[reader] generated 130/1000
[reader] generated 132/1000
[reader] generated 134/1000
[reader] generated 136/1000
[reader] generated 138/1000
[reader] generated 140/1000
[reader] generated 142/1000
[reader] generated 144/1000
[reader] generated 146/1000
[reader] generated 148/1000
[reader] generated 150/1000
[reader] generated 152/1000
[reader] generated 154/1000
[reader] generated 156/1000
[reader] generated 158/1000
[reader] generated 160/1000
[reader] generated 162/1000
[reader] generated 164/1000
[reader] generated 166/1000
[reader] generated 168/1000
[reader] generated 170/1000
[reader] generated 172/1000
[reader] generated 174/1000
[reader] generated 176/1000
[reader] generated 178/1000
[reader] generated 180/1000
[reader] generated 182/1000
[reader] generated 184/1000
[reader] generated 186/1000
[reader] generated 188/1000
[reader] generated 190/1000
[reader] generated 192/1000
[reader] generated 194/1000
[reader] generated 196/1000
[reader] generated 198/1000
[reader] generated 200/1000
[reader] generated 202/1000
[reader] generated 204/1000
[reader] generated 206/1000
[reader] generated 208/1000
[reader] generated 210/1000
[reader] generated 212/1000
[reader] generated 214/1000
[reader] generated 216/1000
[reader] generated 218/1000
[reader] generated 220/1000
[reader] generated 222/1000
[reader] generated 224/1000
[reader] generated 226/1000
[reader] generated 228/1000
[reader] generated 230/1000
[reader] generated 232/1000
[reader] generated 234/1000
[reader] generated 236/1000
[reader] generated 238/1000
[reader] generated 240/1000
[reader] generated 242/1000
[reader] generated 244/1000
[reader] generated 246/1000
[reader] generated 248/1000
[reader] generated 250/1000
[reader] generated 252/1000
[reader] generated 254/1000
[reader] generated 256/1000
[reader] generated 258/1000
[reader] generated 260/1000
[reader] generated 262/1000
[reader] generated 264/1000
[reader] generated 266/1000
[reader] generated 268/1000
[reader] generated 270/1000
[reader] generated 272/1000
[reader] generated 274/1000
[reader] generated 276/1000
[reader] generated 278/1000
[reader] generated 280/1000
[reader] generated 282/1000
[reader] generated 284/1000
[reader] generated 286/1000
[reader] generated 288/1000
[reader] generated 290/1000
[reader] generated 292/1000
[reader] generated 294/1000
[reader] generated 296/1000
[reader] generated 298/1000
[reader] generated 300/1000
[reader] generated 302/1000
[reader] generated 304/1000
[reader] generated 306/1000
[reader] generated 308/1000
[reader] generated 310/1000
[reader] generated 312/1000
[reader] generated 314/1000
[reader] generated 316/1000
[reader] generated 318/1000
[reader] generated 320/1000
[reader] generated 322/1000
[reader] generated 324/1000
[reader] generated 326/1000
[reader] generated 328/1000
[reader] generated 330/1000
[reader] generated 332/1000
[reader] generated 334/1000
[reader] generated 336/1000
[reader] generated 338/1000
[reader] generated 340/1000
[reader] generated 342/1000
[reader] generated 344/1000
[reader] generated 346/1000
[reader] generated 348/1000
[reader] generated 350/1000
[reader] generated 352/1000
[reader] generated 354/1000
[reader] generated 356/1000
[reader] generated 358/1000
[reader] generated 360/1000
[reader] generated 362/1000
[reader] generated 364/1000
[reader] generated 366/1000
[reader] generated 368/1000
[reader] generated 370/1000
[reader] generated 372/1000
[reader] generated 374/1000
[reader] generated 376/1000
[reader] generated 378/1000
[reader] generated 380/1000
[reader] generated 382/1000
[reader] generated 384/1000
[reader] generated 386/1000
[reader] generated 388/1000
[reader] generated 390/1000
[reader] generated 392/1000
[reader] generated 394/1000
[reader] generated 396/1000
[reader] generated 398/1000
[reader] generated 400/1000
[reader] generated 402/1000
[reader] generated 404/1000
[reader] generated 406/1000
[reader] generated 408/1000
[reader] generated 410/1000
[reader] generated 412/1000
[reader] generated 414/1000
[reader] generated 416/1000
[reader] generated 418/1000
[reader] generated 420/1000
[reader] generated 422/1000
[reader] generated 424/1000
[reader] generated 426/1000
[reader] generated 428/1000
[reader] generated 430/1000
[reader] generated 432/1000
[reader] generated 434/1000
[reader] generated 436/1000
[reader] generated 438/1000
[reader] generated 440/1000
[reader] generated 442/1000
[reader] generated 444/1000
[reader] generated 446/1000
[reader] generated 448/1000
[reader] generated 450/1000
[reader] generated 452/1000
[reader] generated 454/1000
[reader] generated 456/1000
[reader] generated 458/1000
[reader] generated 460/1000
[reader] generated 462/1000
[reader] generated 464/1000
[reader] generated 466/1000
[reader] generated 468/1000
[reader] generated 470/1000
[reader] generated 472/1000
[reader] generated 474/1000
[reader] generated 476/1000
[reader] generated 478/1000
[reader] generated 480/1000
[reader] generated 482/1000
[reader] generated 484/1000
[reader] generated 486/1000
[reader] generated 488/1000
[reader] generated 490/1000
[reader] generated 492/1000
[reader] generated 494/1000
[reader] generated 496/1000
[reader] generated 498/1000
[reader] generated 500/1000
[reader] generated 502/1000
[reader] generated 504/1000
[reader] generated 506/1000
[reader] generated 508/1000
[reader] generated 510/1000
[reader] generated 512/1000
[reader] generated 514/1000
[reader] generated 516/1000
[reader] generated 518/1000
[reader] generated 520/1000
[reader] generated 522/1000
[reader] generated 524/1000
[reader] generated 526/1000
[reader] generated 528/1000
[reader] generated 530/1000
[reader] generated 532/1000
[reader] generated 534/1000
[reader] generated 536/1000
[reader] generated 538/1000
[reader] generated 540/1000
[reader] generated 542/1000
[reader] generated 544/1000
[reader] generated 546/1000
[reader] generated 548/1000
[reader] generated 550/1000
[reader] generated 552/1000
[reader] generated 554/1000
[reader] generated 556/1000
[reader] generated 558/1000
[reader] generated 560/1000
[reader] generated 562/1000
[reader] generated 564/1000
[reader] generated 566/1000
[reader] generated 568/1000
[reader] generated 570/1000
[reader] generated 572/1000
[reader] generated 574/1000
[reader] generated 576/1000
[reader] generated 578/1000
[reader] generated 580/1000
[reader] generated 582/1000
[reader] generated 584/1000
[reader] generated 586/1000
[reader] generated 588/1000
[reader] generated 590/1000
[reader] generated 592/1000
[reader] generated 594/1000
[reader] generated 596/1000
[reader] generated 598/1000
[reader] generated 600/1000
[reader] generated 602/1000
[reader] generated 604/1000
[reader] generated 606/1000
[reader] generated 608/1000
[reader] generated 610/1000
[reader] generated 612/1000
[reader] generated 614/1000
[reader] generated 616/1000
[reader] generated 618/1000
[reader] generated 620/1000
[reader] generated 622/1000
[reader] generated 624/1000
[reader] generated 626/1000
[reader] generated 628/1000
[reader] generated 630/1000
[reader] generated 632/1000
[reader] generated 634/1000
[reader] generated 636/1000
[reader] generated 638/1000
[reader] generated 640/1000
[reader] generated 642/1000
[reader] generated 644/1000
[reader] generated 646/1000
[reader] generated 648/1000
[reader] generated 650/1000
[reader] generated 652/1000
[reader] generated 654/1000
[reader] generated 656/1000
[reader] generated 658/1000
[reader] generated 660/1000
[reader] generated 662/1000
[reader] generated 664/1000
[reader] generated 666/1000
[reader] generated 668/1000
[reader] generated 670/1000
[reader] generated 672/1000
[reader] generated 674/1000
[reader] generated 676/1000
[reader] generated 678/1000
[reader] generated 680/1000
[reader] generated 682/1000
[reader] generated 684/1000
[reader] generated 686/1000
[reader] generated 688/1000
[reader] generated 690/1000
[reader] generated 692/1000
[reader] generated 694/1000
[reader] generated 696/1000
[reader] generated 698/1000
[reader] generated 700/1000
[reader] generated 702/1000
[reader] generated 704/1000
[reader] generated 706/1000
[reader] generated 708/1000
[reader] generated 710/1000
[reader] generated 712/1000
[reader] generated 714/1000
[reader] generated 716/1000
[reader] generated 718/1000
[reader] generated 720/1000
[reader] generated 722/1000
[reader] generated 724/1000
[reader] generated 726/1000
[reader] generated 728/1000
[reader] generated 730/1000
[reader] generated 732/1000
[reader] generated 734/1000
[reader] generated 736/1000
[reader] generated 738/1000
[reader] generated 740/1000
[reader] generated 742/1000
[reader] generated 744/1000
[reader] generated 746/1000
[reader] generated 748/1000
[reader] generated 750/1000
[reader] generated 752/1000
[reader] generated 754/1000
[reader] generated 756/1000
[reader] generated 758/1000
[reader] generated 760/1000
[reader] generated 762/1000
[reader] generated 764/1000
[reader] generated 766/1000
[reader] generated 768/1000
[reader] generated 770/1000
[reader] generated 772/1000
[reader] generated 774/1000
[reader] generated 776/1000
[reader] generated 778/1000
[reader] generated 780/1000
[reader] generated 782/1000
[reader] generated 784/1000
[reader] generated 786/1000
[reader] generated 788/1000
[reader] generated 790/1000
[reader] generated 792/1000
[reader] generated 794/1000
[reader] generated 796/1000
[reader] generated 798/1000
[reader] generated 800/1000
[reader] generated 802/1000
[reader] generated 804/1000
[reader] generated 806/1000
[reader] generated 808/1000
[reader] generated 810/1000
[reader] generated 812/1000
[reader] generated 814/1000
[reader] generated 816/1000
[reader] generated 818/1000
[reader] generated 820/1000
[reader] generated 822/1000
[reader] generated 824/1000
[reader] generated 826/1000
[reader] generated 828/1000
[reader] generated 830/1000
[reader] generated 832/1000
[reader] generated 834/1000
[reader] generated 836/1000
[reader] generated 838/1000
[reader] generated 840/1000
[reader] generated 842/1000
[reader] generated 844/1000
[reader] generated 846/1000
[reader] generated 848/1000
[reader] generated 850/1000
[reader] generated 852/1000
[reader] generated 854/1000
[reader] generated 856/1000
[reader] generated 858/1000
[reader] generated 860/1000
[reader] generated 862/1000
[reader] generated 864/1000
[reader] generated 866/1000
[reader] generated 868/1000
[reader] generated 870/1000
[reader] generated 872/1000
[reader] generated 874/1000
[reader] generated 876/1000
[reader] generated 878/1000
[reader] generated 880/1000
[reader] generated 882/1000
[reader] generated 884/1000
[reader] generated 886/1000
[reader] generated 888/1000
[reader] generated 890/1000
[reader] generated 892/1000
[reader] generated 894/1000
[reader] generated 896/1000
[reader] generated 898/1000
[reader] generated 900/1000
[reader] generated 902/1000
[reader] generated 904/1000
[reader] generated 906/1000
[reader] generated 908/1000
[reader] generated 910/1000
[reader] generated 912/1000
[reader] generated 914/1000
[reader] generated 916/1000
[reader] generated 918/1000
[reader] generated 920/1000
[reader] generated 922/1000
[reader] generated 924/1000
[reader] generated 926/1000
[reader] generated 928/1000
[reader] generated 930/1000
[reader] generated 932/1000
[reader] generated 934/1000
[reader] generated 936/1000
[reader] generated 938/1000
[reader] generated 940/1000
[reader] generated 942/1000
[reader] generated 944/1000
[reader] generated 946/1000
[reader] generated 948/1000
[reader] generated 950/1000
[reader] generated 952/1000
[reader] generated 954/1000
[reader] generated 956/1000
[reader] generated 958/1000
[reader] generated 960/1000
[reader] generated 962/1000
[reader] generated 964/1000
[reader] generated 966/1000
[reader] generated 968/1000
[reader] generated 970/1000
[reader] generated 972/1000
[reader] generated 974/1000
[reader] generated 976/1000
[reader] generated 978/1000
[reader] generated 980/1000
[reader] generated 982/1000
[reader] generated 984/1000
[reader] generated 986/1000
[reader] generated 988/1000
[reader] generated 990/1000
[reader] generated 992/1000
[reader] generated 994/1000
[reader] generated 996/1000
[reader] generated 998/1000
[reader] generated 1000/1000
[stage3] policy=ace_packed_160, router_type=fixed, method=ace_graph, reader_context=packed_snippets, reader_model=Qwen/Qwen2.5-3B-Instruct, ace_retriever=standard, compressor=truncate:320, hybrid_alpha=, packed_token_budget=160, candidate_policies=, selection_counts=, recall@1=0.4135, all_gold@1=0.0, recall@2=0.6485, all_gold@2=0.376, recall@5=0.8225, all_gold@5=0.674, qwen_em=0.305, qwen_f1=0.3961, avg_reader_evidence_tokens=149.94
[stage3] materializing policy=ace_focused_160
[stage3] generating policy=ace_focused_160
[reader] generated 2/1000
[reader] generated 4/1000
[reader] generated 6/1000
[reader] generated 8/1000
[reader] generated 10/1000
[reader] generated 12/1000
[reader] generated 14/1000
[reader] generated 16/1000
[reader] generated 18/1000
[reader] generated 20/1000
[reader] generated 22/1000
[reader] generated 24/1000
[reader] generated 26/1000
[reader] generated 28/1000
[reader] generated 30/1000
[reader] generated 32/1000
[reader] generated 34/1000
[reader] generated 36/1000
[reader] generated 38/1000
[reader] generated 40/1000
[reader] generated 42/1000
[reader] generated 44/1000
[reader] generated 46/1000
[reader] generated 48/1000
[reader] generated 50/1000
[reader] generated 52/1000
[reader] generated 54/1000
[reader] generated 56/1000
[reader] generated 58/1000
[reader] generated 60/1000
[reader] generated 62/1000
[reader] generated 64/1000
[reader] generated 66/1000
[reader] generated 68/1000
[reader] generated 70/1000
[reader] generated 72/1000
[reader] generated 74/1000
[reader] generated 76/1000
[reader] generated 78/1000
[reader] generated 80/1000
[reader] generated 82/1000
[reader] generated 84/1000
[reader] generated 86/1000
[reader] generated 88/1000
[reader] generated 90/1000
[reader] generated 92/1000
[reader] generated 94/1000
[reader] generated 96/1000
[reader] generated 98/1000
[reader] generated 100/1000
[reader] generated 102/1000
[reader] generated 104/1000
[reader] generated 106/1000
[reader] generated 108/1000
[reader] generated 110/1000
[reader] generated 112/1000
[reader] generated 114/1000
[reader] generated 116/1000
[reader] generated 118/1000
[reader] generated 120/1000
[reader] generated 122/1000
[reader] generated 124/1000
[reader] generated 126/1000
[reader] generated 128/1000
[reader] generated 130/1000
[reader] generated 132/1000
[reader] generated 134/1000
[reader] generated 136/1000
[reader] generated 138/1000
[reader] generated 140/1000
[reader] generated 142/1000
[reader] generated 144/1000
[reader] generated 146/1000
[reader] generated 148/1000
[reader] generated 150/1000
[reader] generated 152/1000
[reader] generated 154/1000
[reader] generated 156/1000
[reader] generated 158/1000
[reader] generated 160/1000
[reader] generated 162/1000
[reader] generated 164/1000
[reader] generated 166/1000
[reader] generated 168/1000
[reader] generated 170/1000
[reader] generated 172/1000
[reader] generated 174/1000
[reader] generated 176/1000
[reader] generated 178/1000
[reader] generated 180/1000
[reader] generated 182/1000
[reader] generated 184/1000
[reader] generated 186/1000
[reader] generated 188/1000
[reader] generated 190/1000
[reader] generated 192/1000
[reader] generated 194/1000
[reader] generated 196/1000
[reader] generated 198/1000
[reader] generated 200/1000
[reader] generated 202/1000
[reader] generated 204/1000
[reader] generated 206/1000
[reader] generated 208/1000
[reader] generated 210/1000
[reader] generated 212/1000
[reader] generated 214/1000
[reader] generated 216/1000
[reader] generated 218/1000
[reader] generated 220/1000
[reader] generated 222/1000
[reader] generated 224/1000
[reader] generated 226/1000
[reader] generated 228/1000
[reader] generated 230/1000
[reader] generated 232/1000
[reader] generated 234/1000
[reader] generated 236/1000
[reader] generated 238/1000
[reader] generated 240/1000
[reader] generated 242/1000
[reader] generated 244/1000
[reader] generated 246/1000
[reader] generated 248/1000
[reader] generated 250/1000
[reader] generated 252/1000
[reader] generated 254/1000
[reader] generated 256/1000
[reader] generated 258/1000
[reader] generated 260/1000
[reader] generated 262/1000
[reader] generated 264/1000
[reader] generated 266/1000
[reader] generated 268/1000
[reader] generated 270/1000
[reader] generated 272/1000
[reader] generated 274/1000
[reader] generated 276/1000
[reader] generated 278/1000
[reader] generated 280/1000
[reader] generated 282/1000
[reader] generated 284/1000
[reader] generated 286/1000
[reader] generated 288/1000
[reader] generated 290/1000
[reader] generated 292/1000
[reader] generated 294/1000
[reader] generated 296/1000
[reader] generated 298/1000
[reader] generated 300/1000
[reader] generated 302/1000
[reader] generated 304/1000
[reader] generated 306/1000
[reader] generated 308/1000
[reader] generated 310/1000
[reader] generated 312/1000
[reader] generated 314/1000
[reader] generated 316/1000
[reader] generated 318/1000
[reader] generated 320/1000
[reader] generated 322/1000
[reader] generated 324/1000
[reader] generated 326/1000
[reader] generated 328/1000
[reader] generated 330/1000
[reader] generated 332/1000
[reader] generated 334/1000
[reader] generated 336/1000
[reader] generated 338/1000
[reader] generated 340/1000
[reader] generated 342/1000
[reader] generated 344/1000
[reader] generated 346/1000
[reader] generated 348/1000
[reader] generated 350/1000
[reader] generated 352/1000
[reader] generated 354/1000
[reader] generated 356/1000
[reader] generated 358/1000
[reader] generated 360/1000
[reader] generated 362/1000
[reader] generated 364/1000
[reader] generated 366/1000
[reader] generated 368/1000
[reader] generated 370/1000
[reader] generated 372/1000
[reader] generated 374/1000
[reader] generated 376/1000
[reader] generated 378/1000
[reader] generated 380/1000
[reader] generated 382/1000
[reader] generated 384/1000
[reader] generated 386/1000
[reader] generated 388/1000
[reader] generated 390/1000
[reader] generated 392/1000
[reader] generated 394/1000
[reader] generated 396/1000
[reader] generated 398/1000
[reader] generated 400/1000
[reader] generated 402/1000
[reader] generated 404/1000
[reader] generated 406/1000
[reader] generated 408/1000
[reader] generated 410/1000
[reader] generated 412/1000
[reader] generated 414/1000
[reader] generated 416/1000
[reader] generated 418/1000
[reader] generated 420/1000
[reader] generated 422/1000
[reader] generated 424/1000
[reader] generated 426/1000
[reader] generated 428/1000
[reader] generated 430/1000
[reader] generated 432/1000
[reader] generated 434/1000
[reader] generated 436/1000
[reader] generated 438/1000
[reader] generated 440/1000
[reader] generated 442/1000
[reader] generated 444/1000
[reader] generated 446/1000
[reader] generated 448/1000
[reader] generated 450/1000
[reader] generated 452/1000
[reader] generated 454/1000
[reader] generated 456/1000
[reader] generated 458/1000
[reader] generated 460/1000
[reader] generated 462/1000
[reader] generated 464/1000
[reader] generated 466/1000
[reader] generated 468/1000
[reader] generated 470/1000
[reader] generated 472/1000
[reader] generated 474/1000
[reader] generated 476/1000
[reader] generated 478/1000
[reader] generated 480/1000
[reader] generated 482/1000
[reader] generated 484/1000
[reader] generated 486/1000
[reader] generated 488/1000
[reader] generated 490/1000
[reader] generated 492/1000
[reader] generated 494/1000
[reader] generated 496/1000
[reader] generated 498/1000
[reader] generated 500/1000
[reader] generated 502/1000
[reader] generated 504/1000
[reader] generated 506/1000
[reader] generated 508/1000
[reader] generated 510/1000
[reader] generated 512/1000
[reader] generated 514/1000
[reader] generated 516/1000
[reader] generated 518/1000
[reader] generated 520/1000
[reader] generated 522/1000
[reader] generated 524/1000
[reader] generated 526/1000
[reader] generated 528/1000
[reader] generated 530/1000
[reader] generated 532/1000
[reader] generated 534/1000
[reader] generated 536/1000
[reader] generated 538/1000
[reader] generated 540/1000
[reader] generated 542/1000
[reader] generated 544/1000
[reader] generated 546/1000
[reader] generated 548/1000
[reader] generated 550/1000
[reader] generated 552/1000
[reader] generated 554/1000
[reader] generated 556/1000
[reader] generated 558/1000
[reader] generated 560/1000
[reader] generated 562/1000
[reader] generated 564/1000
[reader] generated 566/1000
[reader] generated 568/1000
[reader] generated 570/1000
[reader] generated 572/1000
[reader] generated 574/1000
[reader] generated 576/1000
[reader] generated 578/1000
[reader] generated 580/1000
[reader] generated 582/1000
[reader] generated 584/1000
[reader] generated 586/1000
[reader] generated 588/1000
[reader] generated 590/1000
[reader] generated 592/1000
[reader] generated 594/1000
[reader] generated 596/1000
[reader] generated 598/1000
[reader] generated 600/1000
[reader] generated 602/1000
[reader] generated 604/1000
[reader] generated 606/1000
[reader] generated 608/1000
[reader] generated 610/1000
[reader] generated 612/1000
[reader] generated 614/1000
[reader] generated 616/1000
[reader] generated 618/1000
[reader] generated 620/1000
[reader] generated 622/1000
[reader] generated 624/1000
[reader] generated 626/1000
[reader] generated 628/1000
[reader] generated 630/1000
[reader] generated 632/1000
[reader] generated 634/1000
[reader] generated 636/1000
[reader] generated 638/1000
[reader] generated 640/1000
[reader] generated 642/1000
[reader] generated 644/1000
[reader] generated 646/1000
[reader] generated 648/1000
[reader] generated 650/1000
[reader] generated 652/1000
[reader] generated 654/1000
[reader] generated 656/1000
[reader] generated 658/1000
[reader] generated 660/1000
[reader] generated 662/1000
[reader] generated 664/1000
[reader] generated 666/1000
[reader] generated 668/1000
[reader] generated 670/1000
[reader] generated 672/1000
[reader] generated 674/1000
[reader] generated 676/1000
[reader] generated 678/1000
[reader] generated 680/1000
[reader] generated 682/1000
[reader] generated 684/1000
[reader] generated 686/1000
[reader] generated 688/1000
[reader] generated 690/1000
[reader] generated 692/1000
[reader] generated 694/1000
[reader] generated 696/1000
[reader] generated 698/1000
[reader] generated 700/1000
[reader] generated 702/1000
[reader] generated 704/1000
[reader] generated 706/1000
[reader] generated 708/1000
[reader] generated 710/1000
[reader] generated 712/1000
[reader] generated 714/1000
[reader] generated 716/1000
[reader] generated 718/1000
[reader] generated 720/1000
[reader] generated 722/1000
[reader] generated 724/1000
[reader] generated 726/1000
[reader] generated 728/1000
[reader] generated 730/1000
[reader] generated 732/1000
[reader] generated 734/1000
[reader] generated 736/1000
[reader] generated 738/1000
[reader] generated 740/1000
[reader] generated 742/1000
[reader] generated 744/1000
[reader] generated 746/1000
[reader] generated 748/1000
[reader] generated 750/1000
[reader] generated 752/1000
[reader] generated 754/1000
[reader] generated 756/1000
[reader] generated 758/1000
[reader] generated 760/1000
[reader] generated 762/1000
[reader] generated 764/1000
[reader] generated 766/1000
[reader] generated 768/1000
[reader] generated 770/1000
[reader] generated 772/1000
[reader] generated 774/1000
[reader] generated 776/1000
[reader] generated 778/1000
[reader] generated 780/1000
[reader] generated 782/1000
[reader] generated 784/1000
[reader] generated 786/1000
[reader] generated 788/1000
[reader] generated 790/1000
[reader] generated 792/1000
[reader] generated 794/1000
[reader] generated 796/1000
[reader] generated 798/1000
[reader] generated 800/1000
[reader] generated 802/1000
[reader] generated 804/1000
[reader] generated 806/1000
[reader] generated 808/1000
[reader] generated 810/1000
[reader] generated 812/1000
[reader] generated 814/1000
[reader] generated 816/1000
[reader] generated 818/1000
[reader] generated 820/1000
[reader] generated 822/1000
[reader] generated 824/1000
[reader] generated 826/1000
[reader] generated 828/1000
[reader] generated 830/1000
[reader] generated 832/1000
[reader] generated 834/1000
[reader] generated 836/1000
[reader] generated 838/1000
[reader] generated 840/1000
[reader] generated 842/1000
[reader] generated 844/1000
[reader] generated 846/1000
[reader] generated 848/1000
[reader] generated 850/1000
[reader] generated 852/1000
[reader] generated 854/1000
[reader] generated 856/1000
[reader] generated 858/1000
[reader] generated 860/1000
[reader] generated 862/1000
[reader] generated 864/1000
[reader] generated 866/1000
[reader] generated 868/1000
[reader] generated 870/1000
[reader] generated 872/1000
[reader] generated 874/1000
[reader] generated 876/1000
[reader] generated 878/1000
[reader] generated 880/1000
[reader] generated 882/1000
[reader] generated 884/1000
[reader] generated 886/1000
[reader] generated 888/1000
[reader] generated 890/1000
[reader] generated 892/1000
[reader] generated 894/1000
[reader] generated 896/1000
[reader] generated 898/1000
[reader] generated 900/1000
[reader] generated 902/1000
[reader] generated 904/1000
[reader] generated 906/1000
[reader] generated 908/1000
[reader] generated 910/1000
[reader] generated 912/1000
[reader] generated 914/1000
[reader] generated 916/1000
[reader] generated 918/1000
[reader] generated 920/1000
[reader] generated 922/1000
[reader] generated 924/1000
[reader] generated 926/1000
[reader] generated 928/1000
[reader] generated 930/1000
[reader] generated 932/1000
[reader] generated 934/1000
[reader] generated 936/1000
[reader] generated 938/1000
[reader] generated 940/1000
[reader] generated 942/1000
[reader] generated 944/1000
[reader] generated 946/1000
[reader] generated 948/1000
[reader] generated 950/1000
[reader] generated 952/1000
[reader] generated 954/1000
[reader] generated 956/1000
[reader] generated 958/1000
[reader] generated 960/1000
[reader] generated 962/1000
[reader] generated 964/1000
[reader] generated 966/1000
[reader] generated 968/1000
[reader] generated 970/1000
[reader] generated 972/1000
[reader] generated 974/1000
[reader] generated 976/1000
[reader] generated 978/1000
[reader] generated 980/1000
[reader] generated 982/1000
[reader] generated 984/1000
[reader] generated 986/1000
[reader] generated 988/1000
[reader] generated 990/1000
[reader] generated 992/1000
[reader] generated 994/1000
[reader] generated 996/1000
[reader] generated 998/1000
[reader] generated 1000/1000
[stage3] policy=ace_focused_160, router_type=fixed, method=ace_graph, reader_context=focused_packed, reader_model=Qwen/Qwen2.5-3B-Instruct, ace_retriever=standard, compressor=truncate:320, hybrid_alpha=, packed_token_budget=160, candidate_policies=, selection_counts=, recall@1=0.4135, all_gold@1=0.0, recall@2=0.6485, all_gold@2=0.376, recall@5=0.8225, all_gold@5=0.674, qwen_em=0.319, qwen_f1=0.416, avg_reader_evidence_tokens=149.24
[stage3] policy=router_rule, router_type=rule, method=adaptive_router, reader_context=routed, reader_model=Qwen/Qwen2.5-3B-Instruct, ace_retriever=, compressor=, hybrid_alpha=, packed_token_budget=, candidate_policies=chunk_packed_160|ace_packed_160|ace_focused_160, selection_counts={"ace_focused_160": 15, "ace_packed_160": 529, "chunk_packed_160": 456}, recall@1=0.3435, all_gold@1=0.0, recall@2=0.53, all_gold@2=0.217, recall@5=0.7125, all_gold@5=0.479, qwen_em=0.317, qwen_f1=0.4122, avg_reader_evidence_tokens=150.03
[stage3] policy=router_oracle, router_type=oracle, method=adaptive_router, reader_context=routed, reader_model=Qwen/Qwen2.5-3B-Instruct, ace_retriever=, compressor=, hybrid_alpha=, packed_token_budget=, candidate_policies=chunk_packed_160|ace_packed_160|ace_focused_160, selection_counts={"ace_focused_160": 296, "ace_packed_160": 338, "chunk_packed_160": 366}, recall@1=0.34, all_gold@1=0.0, recall@2=0.5535, all_gold@2=0.251, recall@5=0.7275, all_gold@5=0.515, qwen_em=0.417, qwen_f1=0.527, avg_reader_evidence_tokens=145.37
wrote /kaggle/working/colab_results/stage3_hotpotqa_budget160_seed13_limit1000_qwen3b/hotpotqa_stage3_router_standard_limit1000_metrics.csv
wrote /kaggle/working/colab_results/stage3_hotpotqa_budget160_seed13_limit1000_qwen3b/hotpotqa_stage3_router_standard_limit1000_predictions.jsonl
wrote /kaggle/working/colab_results/stage3_hotpotqa_budget160_seed13_limit1000_qwen3b/hotpotqa_stage3_router_standard_limit1000_router_features.csv
[done] stage3_hotpotqa_budget160_seed13_limit1000_qwen3b
[start] stage3_hotpotqa_budget220_seed13_limit1000_qwen3b candidates=chunk_packed_220,ace_packed_220,ace_focused_220
$ /usr/bin/python3 -m experiments.run_stage3_router --dataset hotpotqa --split validation --seed 13 --limit 1000 --embed-device cuda --compressor truncate --compress-dims 320 --top-k-nodes 48 --max-expanded-docs 5 --ace-retriever standard --reader-model Qwen/Qwen2.5-3B-Instruct --reader-device cuda --reader-batch-size 2 --chunk-budget 220 --ace-packed-budget 220 --ace-focused-budget 220 --router-candidates chunk_packed_220,ace_packed_220,ace_focused_220 --out-dir /kaggle/working/colab_results/stage3_hotpotqa_budget220_seed13_limit1000_qwen3b
hotpotqa[hf:validation:1000]: 9803 docs, 1000 questions, 2.00 gold docs/question
[stage3] retrieving chunk baseline
2026-06-27 16:46:45.673657: E external/local_xla/xla/stream_executor/cuda/cuda_fft.cc:467] Unable to register cuFFT factory: Attempting to register factory for plugin cuFFT when one has already been registered
WARNING: All log messages before absl::InitializeLog() is called are written to STDERR
E0000 00:00:1782578805.698254    1674 cuda_dnn.cc:8579] Unable to register cuDNN factory: Attempting to register factory for plugin cuDNN when one has already been registered
E0000 00:00:1782578805.706502    1674 cuda_blas.cc:1407] Unable to register cuBLAS factory: Attempting to register factory for plugin cuBLAS when one has already been registered
W0000 00:00:1782578805.726760    1674 computation_placer.cc:177] computation placer already registered. Please check linkage and avoid linking the same target more than once.
W0000 00:00:1782578805.726783    1674 computation_placer.cc:177] computation placer already registered. Please check linkage and avoid linking the same target more than once.
W0000 00:00:1782578805.726785    1674 computation_placer.cc:177] computation placer already registered. Please check linkage and avoid linking the same target more than once.
W0000 00:00:1782578805.726788    1674 computation_placer.cc:177] computation placer already registered. Please check linkage and avoid linking the same target more than once.
[chunk] fitting/indexing
[embed] encoding 9803 texts on device=cuda:0

Batches:   0%|          | 0/154 [00:00<?, ?it/s]
Batches:   1%|          | 1/154 [00:00<02:27,  1.03it/s]
Batches:   1%|▏         | 2/154 [00:01<01:48,  1.40it/s]
Batches:   2%|▏         | 3/154 [00:02<01:35,  1.59it/s]
Batches:   3%|▎         | 4/154 [00:02<01:24,  1.78it/s]
Batches:   3%|▎         | 5/154 [00:02<01:13,  2.02it/s]
Batches:   4%|▍         | 6/154 [00:03<01:09,  2.12it/s]
Batches:   5%|▍         | 7/154 [00:03<01:07,  2.18it/s]
Batches:   5%|▌         | 8/154 [00:04<01:05,  2.23it/s]
Batches:   6%|▌         | 9/154 [00:04<01:00,  2.41it/s]
Batches:   6%|▋         | 10/154 [00:04<00:56,  2.54it/s]
Batches:   7%|▋         | 11/154 [00:05<00:54,  2.61it/s]
Batches:   8%|▊         | 12/154 [00:05<00:53,  2.63it/s]
Batches:   8%|▊         | 13/154 [00:05<00:50,  2.77it/s]
Batches:   9%|▉         | 14/154 [00:06<00:48,  2.86it/s]
Batches:  10%|▉         | 15/154 [00:06<00:46,  3.00it/s]
Batches:  10%|█         | 16/154 [00:06<00:46,  2.98it/s]
Batches:  11%|█         | 17/154 [00:07<00:45,  3.03it/s]
Batches:  12%|█▏        | 18/154 [00:07<00:42,  3.21it/s]
Batches:  12%|█▏        | 19/154 [00:07<00:41,  3.27it/s]
Batches:  13%|█▎        | 20/154 [00:07<00:39,  3.39it/s]
Batches:  14%|█▎        | 21/154 [00:08<00:38,  3.49it/s]
Batches:  14%|█▍        | 22/154 [00:08<00:40,  3.29it/s]
Batches:  15%|█▍        | 23/154 [00:08<00:38,  3.45it/s]
Batches:  16%|█▌        | 24/154 [00:09<00:36,  3.54it/s]
Batches:  16%|█▌        | 25/154 [00:09<00:35,  3.60it/s]
Batches:  17%|█▋        | 26/154 [00:09<00:34,  3.67it/s]
Batches:  18%|█▊        | 27/154 [00:09<00:34,  3.72it/s]
Batches:  18%|█▊        | 28/154 [00:10<00:32,  3.84it/s]
Batches:  19%|█▉        | 29/154 [00:10<00:32,  3.81it/s]
Batches:  19%|█▉        | 30/154 [00:10<00:31,  3.92it/s]
Batches:  20%|██        | 31/154 [00:10<00:30,  3.97it/s]
Batches:  21%|██        | 32/154 [00:11<00:30,  4.02it/s]
Batches:  21%|██▏       | 33/154 [00:11<00:30,  4.03it/s]
Batches:  22%|██▏       | 34/154 [00:11<00:30,  3.93it/s]
Batches:  23%|██▎       | 35/154 [00:11<00:30,  3.94it/s]
Batches:  23%|██▎       | 36/154 [00:12<00:28,  4.08it/s]
Batches:  24%|██▍       | 37/154 [00:12<00:27,  4.31it/s]
Batches:  25%|██▍       | 38/154 [00:12<00:26,  4.39it/s]
Batches:  25%|██▌       | 39/154 [00:12<00:26,  4.42it/s]
Batches:  26%|██▌       | 40/154 [00:13<00:26,  4.27it/s]
Batches:  27%|██▋       | 41/154 [00:13<00:25,  4.40it/s]
Batches:  27%|██▋       | 42/154 [00:13<00:24,  4.51it/s]
Batches:  28%|██▊       | 43/154 [00:13<00:25,  4.35it/s]
Batches:  29%|██▊       | 44/154 [00:13<00:24,  4.53it/s]
Batches:  29%|██▉       | 45/154 [00:14<00:24,  4.48it/s]
Batches:  30%|██▉       | 46/154 [00:14<00:23,  4.54it/s]
Batches:  31%|███       | 47/154 [00:14<00:23,  4.53it/s]
Batches:  31%|███       | 48/154 [00:14<00:23,  4.60it/s]
Batches:  32%|███▏      | 49/154 [00:14<00:22,  4.63it/s]
Batches:  32%|███▏      | 50/154 [00:15<00:22,  4.69it/s]
Batches:  33%|███▎      | 51/154 [00:15<00:21,  4.74it/s]
Batches:  34%|███▍      | 52/154 [00:15<00:21,  4.66it/s]
Batches:  34%|███▍      | 53/154 [00:15<00:21,  4.61it/s]
Batches:  35%|███▌      | 54/154 [00:16<00:20,  4.83it/s]
Batches:  36%|███▌      | 55/154 [00:16<00:20,  4.83it/s]
Batches:  36%|███▋      | 56/154 [00:16<00:20,  4.72it/s]
Batches:  37%|███▋      | 57/154 [00:16<00:19,  4.91it/s]
Batches:  38%|███▊      | 58/154 [00:16<00:19,  4.97it/s]
Batches:  38%|███▊      | 59/154 [00:17<00:18,  5.15it/s]
Batches:  39%|███▉      | 60/154 [00:17<00:18,  5.05it/s]
Batches:  40%|███▉      | 61/154 [00:17<00:18,  5.16it/s]
Batches:  40%|████      | 62/154 [00:17<00:18,  5.10it/s]
Batches:  41%|████      | 63/154 [00:17<00:17,  5.18it/s]
Batches:  42%|████▏     | 64/154 [00:17<00:16,  5.30it/s]
Batches:  42%|████▏     | 65/154 [00:18<00:16,  5.41it/s]
Batches:  43%|████▎     | 66/154 [00:18<00:16,  5.41it/s]
Batches:  44%|████▎     | 67/154 [00:18<00:16,  5.30it/s]
Batches:  44%|████▍     | 68/154 [00:18<00:15,  5.48it/s]
Batches:  45%|████▍     | 69/154 [00:18<00:14,  5.75it/s]
Batches:  45%|████▌     | 70/154 [00:19<00:15,  5.39it/s]
Batches:  46%|████▌     | 71/154 [00:19<00:15,  5.47it/s]
Batches:  47%|████▋     | 72/154 [00:19<00:14,  5.53it/s]
Batches:  47%|████▋     | 73/154 [00:19<00:14,  5.56it/s]
Batches:  48%|████▊     | 74/154 [00:19<00:14,  5.62it/s]
Batches:  49%|████▊     | 75/154 [00:19<00:13,  5.72it/s]
Batches:  49%|████▉     | 76/154 [00:20<00:13,  5.65it/s]
Batches:  50%|█████     | 77/154 [00:20<00:13,  5.61it/s]
Batches:  51%|█████     | 78/154 [00:20<00:13,  5.72it/s]
Batches:  51%|█████▏    | 79/154 [00:20<00:12,  5.92it/s]
Batches:  52%|█████▏    | 80/154 [00:20<00:12,  5.90it/s]
Batches:  53%|█████▎    | 81/154 [00:20<00:12,  5.97it/s]
Batches:  53%|█████▎    | 82/154 [00:21<00:12,  5.86it/s]
Batches:  54%|█████▍    | 83/154 [00:21<00:11,  6.11it/s]
Batches:  55%|█████▍    | 84/154 [00:21<00:11,  6.33it/s]
Batches:  55%|█████▌    | 85/154 [00:21<00:10,  6.51it/s]
Batches:  56%|█████▌    | 86/154 [00:21<00:10,  6.20it/s]
Batches:  56%|█████▋    | 87/154 [00:21<00:11,  5.75it/s]
Batches:  57%|█████▋    | 88/154 [00:22<00:10,  6.05it/s]
Batches:  58%|█████▊    | 89/154 [00:22<00:10,  6.03it/s]
Batches:  58%|█████▊    | 90/154 [00:22<00:10,  6.13it/s]
Batches:  59%|█████▉    | 91/154 [00:22<00:09,  6.46it/s]
Batches:  60%|█████▉    | 92/154 [00:22<00:09,  6.39it/s]
Batches:  60%|██████    | 93/154 [00:22<00:09,  6.52it/s]
Batches:  61%|██████    | 94/154 [00:23<00:08,  6.74it/s]
Batches:  62%|██████▏   | 95/154 [00:23<00:08,  6.97it/s]
Batches:  62%|██████▏   | 96/154 [00:23<00:08,  6.46it/s]
Batches:  63%|██████▎   | 97/154 [00:23<00:08,  6.55it/s]
Batches:  64%|██████▎   | 98/154 [00:23<00:08,  6.76it/s]
Batches:  64%|██████▍   | 99/154 [00:23<00:07,  6.92it/s]
Batches:  65%|██████▍   | 100/154 [00:23<00:07,  7.16it/s]
Batches:  66%|██████▌   | 101/154 [00:24<00:07,  7.25it/s]
Batches:  66%|██████▌   | 102/154 [00:24<00:07,  7.34it/s]
Batches:  67%|██████▋   | 103/154 [00:24<00:06,  7.37it/s]
Batches:  68%|██████▊   | 104/154 [00:24<00:06,  7.59it/s]
Batches:  68%|██████▊   | 105/154 [00:24<00:06,  7.53it/s]
Batches:  69%|██████▉   | 106/154 [00:24<00:06,  7.75it/s]
Batches:  69%|██████▉   | 107/154 [00:24<00:05,  7.92it/s]
Batches:  70%|███████   | 108/154 [00:24<00:05,  8.03it/s]
Batches:  71%|███████   | 109/154 [00:25<00:05,  7.82it/s]
Batches:  71%|███████▏  | 110/154 [00:25<00:05,  7.91it/s]
Batches:  72%|███████▏  | 111/154 [00:25<00:05,  8.05it/s]
Batches:  73%|███████▎  | 112/154 [00:25<00:05,  8.20it/s]
Batches:  73%|███████▎  | 113/154 [00:25<00:05,  8.03it/s]
Batches:  74%|███████▍  | 114/154 [00:25<00:04,  8.14it/s]
Batches:  75%|███████▍  | 115/154 [00:25<00:04,  7.95it/s]
Batches:  75%|███████▌  | 116/154 [00:25<00:04,  8.09it/s]
Batches:  76%|███████▌  | 117/154 [00:25<00:04,  8.19it/s]
Batches:  77%|███████▋  | 118/154 [00:26<00:04,  8.33it/s]
Batches:  77%|███████▋  | 119/154 [00:26<00:04,  8.75it/s]
Batches:  78%|███████▊  | 120/154 [00:26<00:04,  8.29it/s]
Batches:  79%|███████▊  | 121/154 [00:26<00:03,  8.33it/s]
Batches:  79%|███████▉  | 122/154 [00:26<00:03,  8.63it/s]
Batches:  80%|███████▉  | 123/154 [00:26<00:03,  8.53it/s]
Batches:  81%|████████  | 125/154 [00:26<00:03,  9.06it/s]
Batches:  82%|████████▏ | 126/154 [00:27<00:03,  9.16it/s]
Batches:  82%|████████▏ | 127/154 [00:27<00:03,  8.96it/s]
Batches:  84%|████████▍ | 129/154 [00:27<00:02,  9.19it/s]
Batches:  84%|████████▍ | 130/154 [00:27<00:02,  9.20it/s]
Batches:  85%|████████▌ | 131/154 [00:27<00:02,  9.35it/s]
Batches:  86%|████████▋ | 133/154 [00:27<00:02,  9.95it/s]
Batches:  88%|████████▊ | 135/154 [00:27<00:01, 10.40it/s]
Batches:  89%|████████▉ | 137/154 [00:28<00:01, 10.89it/s]
Batches:  90%|█████████ | 139/154 [00:28<00:01, 11.38it/s]
Batches:  92%|█████████▏| 141/154 [00:28<00:01, 11.70it/s]
Batches:  93%|█████████▎| 143/154 [00:28<00:00, 12.11it/s]
Batches:  94%|█████████▍| 145/154 [00:28<00:00, 12.92it/s]
Batches:  95%|█████████▌| 147/154 [00:28<00:00, 13.41it/s]
Batches:  97%|█████████▋| 149/154 [00:28<00:00, 14.38it/s]
Batches:  99%|█████████▊| 152/154 [00:29<00:00, 16.54it/s]
Batches: 100%|██████████| 154/154 [00:29<00:00,  5.29it/s]
[chunk] retrieving
[embed] encoding 1000 texts on device=cuda:0

Batches:   0%|          | 0/16 [00:00<?, ?it/s]
Batches:  19%|█▉        | 3/16 [00:00<00:00, 20.77it/s]
Batches:  38%|███▊      | 6/16 [00:00<00:00, 22.76it/s]
Batches:  56%|█████▋    | 9/16 [00:00<00:00, 24.99it/s]
Batches:  81%|████████▏ | 13/16 [00:00<00:00, 27.90it/s]
Batches: 100%|██████████| 16/16 [00:00<00:00, 28.39it/s]
[stage3] retrieving BM25 baseline
[bm25] fitting/indexing
[bm25] retrieving
[stage3] retrieving hybrid baseline
[hybrid] fitting/indexing
[embed] encoding 9803 texts on device=cuda:0

Batches:   0%|          | 0/154 [00:00<?, ?it/s]
Batches:   1%|          | 1/154 [00:00<02:00,  1.27it/s]
Batches:   1%|▏         | 2/154 [00:01<01:38,  1.54it/s]
Batches:   2%|▏         | 3/154 [00:01<01:32,  1.63it/s]
Batches:   3%|▎         | 4/154 [00:02<01:24,  1.78it/s]
Batches:   3%|▎         | 5/154 [00:02<01:14,  1.99it/s]
Batches:   4%|▍         | 6/154 [00:03<01:11,  2.07it/s]
Batches:   5%|▍         | 7/154 [00:03<01:09,  2.11it/s]
Batches:   5%|▌         | 8/154 [00:04<01:08,  2.14it/s]
Batches:   6%|▌         | 9/154 [00:04<01:02,  2.30it/s]
Batches:   6%|▋         | 10/154 [00:04<00:59,  2.42it/s]
Batches:   7%|▋         | 11/154 [00:05<00:57,  2.47it/s]
Batches:   8%|▊         | 12/154 [00:05<00:56,  2.49it/s]
Batches:   8%|▊         | 13/154 [00:05<00:53,  2.62it/s]
Batches:   9%|▉         | 14/154 [00:06<00:51,  2.72it/s]
Batches:  10%|▉         | 15/154 [00:06<00:48,  2.85it/s]
Batches:  10%|█         | 16/154 [00:06<00:48,  2.83it/s]
Batches:  11%|█         | 17/154 [00:07<00:47,  2.86it/s]
Batches:  12%|█▏        | 18/154 [00:07<00:45,  3.00it/s]
Batches:  12%|█▏        | 19/154 [00:07<00:44,  3.07it/s]
Batches:  13%|█▎        | 20/154 [00:08<00:41,  3.20it/s]
Batches:  14%|█▎        | 21/154 [00:08<00:40,  3.28it/s]
Batches:  14%|█▍        | 22/154 [00:08<00:42,  3.11it/s]
Batches:  15%|█▍        | 23/154 [00:09<00:39,  3.29it/s]
Batches:  16%|█▌        | 24/154 [00:09<00:38,  3.41it/s]
Batches:  16%|█▌        | 25/154 [00:09<00:37,  3.44it/s]
Batches:  17%|█▋        | 26/154 [00:09<00:36,  3.49it/s]
Batches:  18%|█▊        | 27/154 [00:10<00:35,  3.58it/s]
Batches:  18%|█▊        | 28/154 [00:10<00:34,  3.66it/s]
Batches:  19%|█▉        | 29/154 [00:10<00:33,  3.68it/s]
Batches:  19%|█▉        | 30/154 [00:11<00:33,  3.75it/s]
Batches:  20%|██        | 31/154 [00:11<00:32,  3.75it/s]
Batches:  21%|██        | 32/154 [00:11<00:32,  3.77it/s]
Batches:  21%|██▏       | 33/154 [00:11<00:32,  3.77it/s]
Batches:  22%|██▏       | 34/154 [00:12<00:32,  3.68it/s]
Batches:  23%|██▎       | 35/154 [00:12<00:31,  3.75it/s]
Batches:  23%|██▎       | 36/154 [00:12<00:30,  3.88it/s]
Batches:  24%|██▍       | 37/154 [00:12<00:28,  4.10it/s]
Batches:  25%|██▍       | 38/154 [00:13<00:27,  4.17it/s]
Batches:  25%|██▌       | 39/154 [00:13<00:27,  4.14it/s]
Batches:  26%|██▌       | 40/154 [00:13<00:28,  4.00it/s]
Batches:  27%|██▋       | 41/154 [00:13<00:27,  4.16it/s]
Batches:  27%|██▋       | 42/154 [00:13<00:26,  4.24it/s]
Batches:  28%|██▊       | 43/154 [00:14<00:27,  4.09it/s]
Batches:  29%|██▊       | 44/154 [00:14<00:26,  4.23it/s]
Batches:  29%|██▉       | 45/154 [00:14<00:25,  4.20it/s]
Batches:  30%|██▉       | 46/154 [00:14<00:25,  4.22it/s]
Batches:  31%|███       | 47/154 [00:15<00:25,  4.25it/s]
Batches:  31%|███       | 48/154 [00:15<00:24,  4.27it/s]
Batches:  32%|███▏      | 49/154 [00:15<00:24,  4.31it/s]
Batches:  32%|███▏      | 50/154 [00:15<00:23,  4.35it/s]
Batches:  33%|███▎      | 51/154 [00:16<00:24,  4.28it/s]
Batches:  34%|███▍      | 52/154 [00:16<00:24,  4.20it/s]
Batches:  34%|███▍      | 53/154 [00:16<00:24,  4.16it/s]
Batches:  35%|███▌      | 54/154 [00:16<00:23,  4.35it/s]
Batches:  36%|███▌      | 55/154 [00:17<00:22,  4.40it/s]
Batches:  36%|███▋      | 56/154 [00:17<00:22,  4.33it/s]
Batches:  37%|███▋      | 57/154 [00:17<00:21,  4.51it/s]
Batches:  38%|███▊      | 58/154 [00:17<00:21,  4.55it/s]
Batches:  38%|███▊      | 59/154 [00:17<00:20,  4.74it/s]
Batches:  39%|███▉      | 60/154 [00:18<00:20,  4.62it/s]
Batches:  40%|███▉      | 61/154 [00:18<00:19,  4.74it/s]
Batches:  40%|████      | 62/154 [00:18<00:19,  4.70it/s]
Batches:  41%|████      | 63/154 [00:18<00:18,  4.79it/s]
Batches:  42%|████▏     | 64/154 [00:18<00:18,  4.91it/s]
Batches:  42%|████▏     | 65/154 [00:19<00:17,  5.01it/s]
Batches:  43%|████▎     | 66/154 [00:19<00:17,  5.02it/s]
Batches:  44%|████▎     | 67/154 [00:19<00:17,  4.93it/s]
Batches:  44%|████▍     | 68/154 [00:19<00:16,  5.11it/s]
Batches:  45%|████▍     | 69/154 [00:19<00:15,  5.34it/s]
Batches:  45%|████▌     | 70/154 [00:20<00:16,  5.03it/s]
Batches:  46%|████▌     | 71/154 [00:20<00:16,  5.11it/s]
Batches:  47%|████▋     | 72/154 [00:20<00:15,  5.16it/s]
Batches:  47%|████▋     | 73/154 [00:20<00:15,  5.16it/s]
Batches:  48%|████▊     | 74/154 [00:20<00:15,  5.22it/s]
Batches:  49%|████▊     | 75/154 [00:21<00:14,  5.32it/s]
Batches:  49%|████▉     | 76/154 [00:21<00:14,  5.27it/s]
Batches:  50%|█████     | 77/154 [00:21<00:14,  5.23it/s]
Batches:  51%|█████     | 78/154 [00:21<00:14,  5.33it/s]
Batches:  51%|█████▏    | 79/154 [00:21<00:13,  5.54it/s]
Batches:  52%|█████▏    | 80/154 [00:21<00:13,  5.50it/s]
Batches:  53%|█████▎    | 81/154 [00:22<00:13,  5.51it/s]
Batches:  53%|█████▎    | 82/154 [00:22<00:13,  5.44it/s]
Batches:  54%|█████▍    | 83/154 [00:22<00:12,  5.69it/s]
Batches:  55%|█████▍    | 84/154 [00:22<00:11,  5.88it/s]
Batches:  55%|█████▌    | 85/154 [00:22<00:11,  6.06it/s]
Batches:  56%|█████▌    | 86/154 [00:22<00:11,  5.77it/s]
Batches:  56%|█████▋    | 87/154 [00:23<00:12,  5.34it/s]
Batches:  57%|█████▋    | 88/154 [00:23<00:11,  5.61it/s]
Batches:  58%|█████▊    | 89/154 [00:23<00:11,  5.60it/s]
Batches:  58%|█████▊    | 90/154 [00:23<00:11,  5.69it/s]
Batches:  59%|█████▉    | 91/154 [00:23<00:10,  6.01it/s]
Batches:  60%|█████▉    | 92/154 [00:23<00:10,  5.99it/s]
Batches:  60%|██████    | 93/154 [00:24<00:09,  6.12it/s]
Batches:  61%|██████    | 94/154 [00:24<00:09,  6.33it/s]
Batches:  62%|██████▏   | 95/154 [00:24<00:09,  6.55it/s]
Batches:  62%|██████▏   | 96/154 [00:24<00:09,  6.04it/s]
Batches:  63%|██████▎   | 97/154 [00:24<00:09,  6.16it/s]
Batches:  64%|██████▎   | 98/154 [00:24<00:08,  6.35it/s]
Batches:  64%|██████▍   | 99/154 [00:25<00:08,  6.50it/s]
Batches:  65%|██████▍   | 100/154 [00:25<00:07,  6.76it/s]
Batches:  66%|██████▌   | 101/154 [00:25<00:07,  6.86it/s]
Batches:  66%|██████▌   | 102/154 [00:25<00:07,  6.91it/s]
Batches:  67%|██████▋   | 103/154 [00:25<00:07,  6.93it/s]
Batches:  68%|██████▊   | 104/154 [00:25<00:07,  7.12it/s]
Batches:  68%|██████▊   | 105/154 [00:25<00:06,  7.08it/s]
Batches:  69%|██████▉   | 106/154 [00:26<00:06,  7.30it/s]
Batches:  69%|██████▉   | 107/154 [00:26<00:06,  7.46it/s]
Batches:  70%|███████   | 108/154 [00:26<00:06,  7.52it/s]
Batches:  71%|███████   | 109/154 [00:26<00:06,  7.35it/s]
Batches:  71%|███████▏  | 110/154 [00:26<00:05,  7.49it/s]
Batches:  72%|███████▏  | 111/154 [00:26<00:05,  7.62it/s]
Batches:  73%|███████▎  | 112/154 [00:26<00:05,  7.82it/s]
Batches:  73%|███████▎  | 113/154 [00:26<00:05,  7.67it/s]
Batches:  74%|███████▍  | 114/154 [00:27<00:05,  7.76it/s]
Batches:  75%|███████▍  | 115/154 [00:27<00:05,  7.59it/s]
Batches:  75%|███████▌  | 116/154 [00:27<00:04,  7.70it/s]
Batches:  76%|███████▌  | 117/154 [00:27<00:04,  7.77it/s]
Batches:  77%|███████▋  | 118/154 [00:27<00:04,  7.93it/s]
Batches:  77%|███████▋  | 119/154 [00:27<00:04,  8.38it/s]
Batches:  78%|███████▊  | 120/154 [00:27<00:04,  7.98it/s]
Batches:  79%|███████▊  | 121/154 [00:27<00:04,  8.04it/s]
Batches:  79%|███████▉  | 122/154 [00:28<00:03,  8.35it/s]
Batches:  80%|███████▉  | 123/154 [00:28<00:03,  8.31it/s]
Batches:  81%|████████  | 124/154 [00:28<00:03,  8.65it/s]
Batches:  81%|████████  | 125/154 [00:28<00:03,  8.74it/s]
Batches:  82%|████████▏ | 126/154 [00:28<00:03,  8.95it/s]
Batches:  82%|████████▏ | 127/154 [00:28<00:03,  8.73it/s]
Batches:  84%|████████▍ | 129/154 [00:28<00:02,  8.99it/s]
Batches:  84%|████████▍ | 130/154 [00:28<00:02,  8.93it/s]
Batches:  86%|████████▌ | 132/154 [00:29<00:02,  9.67it/s]
Batches:  87%|████████▋ | 134/154 [00:29<00:01, 10.05it/s]
Batches:  88%|████████▊ | 136/154 [00:29<00:01, 10.42it/s]
Batches:  90%|████████▉ | 138/154 [00:29<00:01, 10.97it/s]
Batches:  91%|█████████ | 140/154 [00:29<00:01, 11.38it/s]
Batches:  92%|█████████▏| 142/154 [00:29<00:01, 11.63it/s]
Batches:  94%|█████████▎| 144/154 [00:30<00:00, 12.04it/s]
Batches:  95%|█████████▍| 146/154 [00:30<00:00, 12.84it/s]
Batches:  96%|█████████▌| 148/154 [00:30<00:00, 13.31it/s]
Batches:  98%|█████████▊| 151/154 [00:30<00:00, 15.40it/s]
Batches: 100%|██████████| 154/154 [00:30<00:00,  5.02it/s]
[hybrid] retrieving
[embed] encoding 1000 texts on device=cuda:0

Batches:   0%|          | 0/16 [00:00<?, ?it/s]
Batches:  19%|█▉        | 3/16 [00:00<00:00, 21.63it/s]
Batches:  38%|███▊      | 6/16 [00:00<00:00, 24.37it/s]
Batches:  56%|█████▋    | 9/16 [00:00<00:00, 26.22it/s]
Batches:  81%|████████▏ | 13/16 [00:00<00:00, 29.06it/s]
Batches: 100%|██████████| 16/16 [00:00<00:00, 29.55it/s]
[stage3] retrieving ACE graph
[ace] building evidence graph
[ace] graph built: nodes=93396 edges=150276
[ace] fitting/indexing embeddings
[embed] encoding 83593 texts on device=cuda:0

Batches:   0%|          | 0/1307 [00:00<?, ?it/s]
Batches:   0%|          | 1/1307 [00:00<11:35,  1.88it/s]
Batches:   0%|          | 2/1307 [00:00<07:15,  3.00it/s]
Batches:   0%|          | 3/1307 [00:00<05:40,  3.82it/s]
Batches:   0%|          | 4/1307 [00:01<04:43,  4.60it/s]
Batches:   0%|          | 5/1307 [00:01<04:05,  5.31it/s]
Batches:   0%|          | 6/1307 [00:01<03:38,  5.95it/s]
Batches:   1%|          | 7/1307 [00:01<03:24,  6.36it/s]
Batches:   1%|          | 8/1307 [00:01<03:11,  6.79it/s]
Batches:   1%|          | 9/1307 [00:01<03:00,  7.18it/s]
Batches:   1%|          | 10/1307 [00:01<02:59,  7.24it/s]
Batches:   1%|          | 11/1307 [00:01<02:48,  7.71it/s]
Batches:   1%|          | 12/1307 [00:02<02:54,  7.43it/s]
Batches:   1%|          | 13/1307 [00:02<02:41,  8.01it/s]
Batches:   1%|          | 14/1307 [00:02<02:36,  8.27it/s]
Batches:   1%|          | 15/1307 [00:02<02:36,  8.26it/s]
Batches:   1%|          | 16/1307 [00:02<02:31,  8.54it/s]
Batches:   1%|▏         | 17/1307 [00:02<02:28,  8.70it/s]
Batches:   1%|▏         | 19/1307 [00:02<02:19,  9.25it/s]
Batches:   2%|▏         | 20/1307 [00:02<02:20,  9.18it/s]
Batches:   2%|▏         | 21/1307 [00:03<02:21,  9.07it/s]
Batches:   2%|▏         | 22/1307 [00:03<02:18,  9.26it/s]
Batches:   2%|▏         | 24/1307 [00:03<02:12,  9.69it/s]
Batches:   2%|▏         | 25/1307 [00:03<02:11,  9.76it/s]
Batches:   2%|▏         | 26/1307 [00:03<02:11,  9.71it/s]
Batches:   2%|▏         | 27/1307 [00:03<02:14,  9.53it/s]
Batches:   2%|▏         | 28/1307 [00:03<02:16,  9.34it/s]
Batches:   2%|▏         | 29/1307 [00:03<02:18,  9.23it/s]
Batches:   2%|▏         | 30/1307 [00:04<02:16,  9.37it/s]
Batches:   2%|▏         | 32/1307 [00:04<02:08,  9.95it/s]
Batches:   3%|▎         | 33/1307 [00:04<02:17,  9.29it/s]
Batches:   3%|▎         | 35/1307 [00:04<02:05, 10.15it/s]
Batches:   3%|▎         | 37/1307 [00:04<02:03, 10.31it/s]
Batches:   3%|▎         | 39/1307 [00:04<01:56, 10.85it/s]
Batches:   3%|▎         | 41/1307 [00:05<02:00, 10.54it/s]
Batches:   3%|▎         | 43/1307 [00:05<01:55, 10.96it/s]
Batches:   3%|▎         | 45/1307 [00:05<01:55, 10.95it/s]
Batches:   4%|▎         | 47/1307 [00:05<01:50, 11.40it/s]
Batches:   4%|▎         | 49/1307 [00:05<01:48, 11.57it/s]
Batches:   4%|▍         | 51/1307 [00:05<01:46, 11.75it/s]
Batches:   4%|▍         | 53/1307 [00:06<01:46, 11.81it/s]
Batches:   4%|▍         | 55/1307 [00:06<01:46, 11.77it/s]
Batches:   4%|▍         | 57/1307 [00:06<01:44, 11.91it/s]
Batches:   5%|▍         | 59/1307 [00:06<01:50, 11.34it/s]
Batches:   5%|▍         | 61/1307 [00:06<01:48, 11.44it/s]
Batches:   5%|▍         | 63/1307 [00:06<01:45, 11.74it/s]
Batches:   5%|▍         | 65/1307 [00:07<01:41, 12.23it/s]
Batches:   5%|▌         | 67/1307 [00:07<01:40, 12.31it/s]
Batches:   5%|▌         | 69/1307 [00:07<01:47, 11.54it/s]
Batches:   5%|▌         | 71/1307 [00:07<01:46, 11.59it/s]
Batches:   6%|▌         | 73/1307 [00:07<01:41, 12.10it/s]
Batches:   6%|▌         | 75/1307 [00:07<01:40, 12.24it/s]
Batches:   6%|▌         | 77/1307 [00:08<01:34, 13.02it/s]
Batches:   6%|▌         | 79/1307 [00:08<01:33, 13.13it/s]
Batches:   6%|▌         | 81/1307 [00:08<01:33, 13.16it/s]
Batches:   6%|▋         | 83/1307 [00:08<01:33, 13.02it/s]
Batches:   7%|▋         | 85/1307 [00:08<01:31, 13.30it/s]
Batches:   7%|▋         | 87/1307 [00:08<01:31, 13.26it/s]
Batches:   7%|▋         | 89/1307 [00:08<01:33, 12.99it/s]
Batches:   7%|▋         | 91/1307 [00:09<01:33, 13.02it/s]
Batches:   7%|▋         | 93/1307 [00:09<01:32, 13.12it/s]
Batches:   7%|▋         | 95/1307 [00:09<01:31, 13.24it/s]
Batches:   7%|▋         | 97/1307 [00:09<01:28, 13.64it/s]
Batches:   8%|▊         | 99/1307 [00:09<01:25, 14.08it/s]
Batches:   8%|▊         | 101/1307 [00:09<01:30, 13.36it/s]
Batches:   8%|▊         | 103/1307 [00:09<01:29, 13.49it/s]
Batches:   8%|▊         | 105/1307 [00:10<01:32, 12.97it/s]
Batches:   8%|▊         | 107/1307 [00:10<01:28, 13.63it/s]
Batches:   8%|▊         | 109/1307 [00:10<01:25, 14.08it/s]
Batches:   8%|▊         | 111/1307 [00:10<01:24, 14.10it/s]
Batches:   9%|▊         | 113/1307 [00:10<01:19, 15.00it/s]
Batches:   9%|▉         | 115/1307 [00:10<01:19, 15.01it/s]
Batches:   9%|▉         | 117/1307 [00:10<01:24, 14.14it/s]
Batches:   9%|▉         | 119/1307 [00:11<01:20, 14.68it/s]
Batches:   9%|▉         | 121/1307 [00:11<01:20, 14.79it/s]
Batches:   9%|▉         | 123/1307 [00:11<01:18, 15.14it/s]
Batches:  10%|▉         | 125/1307 [00:11<01:15, 15.68it/s]
Batches:  10%|▉         | 127/1307 [00:11<01:16, 15.42it/s]
Batches:  10%|▉         | 129/1307 [00:11<01:15, 15.63it/s]
Batches:  10%|█         | 131/1307 [00:11<01:17, 15.23it/s]
Batches:  10%|█         | 133/1307 [00:12<01:20, 14.62it/s]
Batches:  10%|█         | 135/1307 [00:12<01:18, 15.00it/s]
Batches:  10%|█         | 137/1307 [00:12<01:21, 14.38it/s]
Batches:  11%|█         | 139/1307 [00:12<01:19, 14.63it/s]
Batches:  11%|█         | 141/1307 [00:12<01:14, 15.55it/s]
Batches:  11%|█         | 143/1307 [00:12<01:15, 15.35it/s]
Batches:  11%|█         | 145/1307 [00:12<01:15, 15.32it/s]
Batches:  11%|█         | 147/1307 [00:12<01:13, 15.69it/s]
Batches:  11%|█▏        | 149/1307 [00:13<01:11, 16.10it/s]
Batches:  12%|█▏        | 151/1307 [00:13<01:09, 16.54it/s]
Batches:  12%|█▏        | 153/1307 [00:13<01:10, 16.41it/s]
Batches:  12%|█▏        | 155/1307 [00:13<01:09, 16.62it/s]
Batches:  12%|█▏        | 157/1307 [00:13<01:08, 16.81it/s]
Batches:  12%|█▏        | 159/1307 [00:13<01:10, 16.36it/s]
Batches:  12%|█▏        | 161/1307 [00:13<01:08, 16.82it/s]
Batches:  12%|█▏        | 163/1307 [00:13<01:08, 16.69it/s]
Batches:  13%|█▎        | 165/1307 [00:13<01:09, 16.51it/s]
Batches:  13%|█▎        | 167/1307 [00:14<01:12, 15.65it/s]
Batches:  13%|█▎        | 169/1307 [00:14<01:09, 16.27it/s]
Batches:  13%|█▎        | 171/1307 [00:14<01:06, 17.04it/s]
Batches:  13%|█▎        | 173/1307 [00:14<01:04, 17.57it/s]
Batches:  13%|█▎        | 175/1307 [00:14<01:05, 17.30it/s]
Batches:  14%|█▎        | 177/1307 [00:14<01:05, 17.33it/s]
Batches:  14%|█▎        | 179/1307 [00:14<01:03, 17.74it/s]
Batches:  14%|█▍        | 181/1307 [00:14<01:04, 17.40it/s]
Batches:  14%|█▍        | 183/1307 [00:15<01:03, 17.73it/s]
Batches:  14%|█▍        | 185/1307 [00:15<01:02, 18.05it/s]
Batches:  14%|█▍        | 187/1307 [00:15<01:00, 18.43it/s]
Batches:  14%|█▍        | 189/1307 [00:15<01:01, 18.12it/s]
Batches:  15%|█▍        | 191/1307 [00:15<01:00, 18.51it/s]
Batches:  15%|█▍        | 193/1307 [00:15<00:59, 18.57it/s]
Batches:  15%|█▍        | 195/1307 [00:15<01:01, 18.18it/s]
Batches:  15%|█▌        | 197/1307 [00:15<01:02, 17.78it/s]
Batches:  15%|█▌        | 199/1307 [00:15<01:09, 15.89it/s]
Batches:  15%|█▌        | 201/1307 [00:16<01:06, 16.72it/s]
Batches:  16%|█▌        | 203/1307 [00:16<01:05, 16.79it/s]
Batches:  16%|█▌        | 205/1307 [00:16<01:03, 17.30it/s]
Batches:  16%|█▌        | 207/1307 [00:16<01:02, 17.60it/s]
Batches:  16%|█▌        | 209/1307 [00:16<01:01, 17.73it/s]
Batches:  16%|█▌        | 211/1307 [00:16<01:00, 18.25it/s]
Batches:  16%|█▋        | 213/1307 [00:16<00:59, 18.31it/s]
Batches:  16%|█▋        | 215/1307 [00:16<00:59, 18.37it/s]
Batches:  17%|█▋        | 217/1307 [00:16<00:59, 18.36it/s]
Batches:  17%|█▋        | 219/1307 [00:17<00:57, 18.82it/s]
Batches:  17%|█▋        | 221/1307 [00:17<00:57, 18.90it/s]
Batches:  17%|█▋        | 224/1307 [00:17<00:57, 18.93it/s]
Batches:  17%|█▋        | 226/1307 [00:17<00:59, 18.09it/s]
Batches:  18%|█▊        | 229/1307 [00:17<00:56, 19.22it/s]
Batches:  18%|█▊        | 231/1307 [00:17<00:56, 18.95it/s]
Batches:  18%|█▊        | 233/1307 [00:17<00:57, 18.74it/s]
Batches:  18%|█▊        | 235/1307 [00:17<00:59, 18.10it/s]
Batches:  18%|█▊        | 237/1307 [00:17<00:58, 18.44it/s]
Batches:  18%|█▊        | 239/1307 [00:18<00:57, 18.49it/s]
Batches:  19%|█▊        | 242/1307 [00:18<00:55, 19.09it/s]
Batches:  19%|█▊        | 244/1307 [00:18<00:56, 18.82it/s]
Batches:  19%|█▉        | 246/1307 [00:18<00:56, 18.93it/s]
Batches:  19%|█▉        | 248/1307 [00:18<00:56, 18.88it/s]
Batches:  19%|█▉        | 250/1307 [00:18<00:56, 18.76it/s]
Batches:  19%|█▉        | 252/1307 [00:18<00:56, 18.66it/s]
Batches:  20%|█▉        | 255/1307 [00:18<00:54, 19.28it/s]
Batches:  20%|█▉        | 257/1307 [00:19<00:57, 18.26it/s]
Batches:  20%|█▉        | 259/1307 [00:19<00:58, 17.99it/s]
Batches:  20%|█▉        | 261/1307 [00:19<00:57, 18.32it/s]
Batches:  20%|██        | 263/1307 [00:19<00:55, 18.66it/s]
Batches:  20%|██        | 265/1307 [00:19<00:57, 18.25it/s]
Batches:  21%|██        | 268/1307 [00:19<00:54, 18.98it/s]
Batches:  21%|██        | 270/1307 [00:19<00:55, 18.84it/s]
Batches:  21%|██        | 272/1307 [00:19<00:54, 19.02it/s]
Batches:  21%|██        | 274/1307 [00:19<00:55, 18.75it/s]
Batches:  21%|██        | 276/1307 [00:20<00:56, 18.40it/s]
Batches:  21%|██▏       | 278/1307 [00:20<00:55, 18.66it/s]
Batches:  21%|██▏       | 281/1307 [00:20<00:51, 19.75it/s]
Batches:  22%|██▏       | 283/1307 [00:20<00:56, 18.20it/s]
Batches:  22%|██▏       | 285/1307 [00:20<00:57, 17.84it/s]
Batches:  22%|██▏       | 287/1307 [00:20<00:56, 18.15it/s]
Batches:  22%|██▏       | 290/1307 [00:20<00:53, 19.10it/s]
Batches:  22%|██▏       | 292/1307 [00:20<00:52, 19.21it/s]
Batches:  22%|██▏       | 294/1307 [00:21<00:53, 18.82it/s]
Batches:  23%|██▎       | 297/1307 [00:21<00:51, 19.55it/s]
Batches:  23%|██▎       | 300/1307 [00:21<00:49, 20.35it/s]
Batches:  23%|██▎       | 303/1307 [00:21<00:48, 20.82it/s]
Batches:  23%|██▎       | 306/1307 [00:21<00:47, 21.19it/s]
Batches:  24%|██▎       | 309/1307 [00:21<00:48, 20.44it/s]
Batches:  24%|██▍       | 312/1307 [00:21<00:48, 20.72it/s]
Batches:  24%|██▍       | 315/1307 [00:22<00:49, 20.14it/s]
Batches:  24%|██▍       | 318/1307 [00:22<00:47, 20.64it/s]
Batches:  25%|██▍       | 321/1307 [00:22<00:48, 20.40it/s]
Batches:  25%|██▍       | 324/1307 [00:22<00:46, 21.03it/s]
Batches:  25%|██▌       | 327/1307 [00:22<00:46, 20.94it/s]
Batches:  25%|██▌       | 330/1307 [00:22<00:46, 20.87it/s]
Batches:  25%|██▌       | 333/1307 [00:22<00:45, 21.43it/s]
Batches:  26%|██▌       | 336/1307 [00:23<00:44, 21.82it/s]
Batches:  26%|██▌       | 339/1307 [00:23<00:44, 21.72it/s]
Batches:  26%|██▌       | 342/1307 [00:23<00:43, 22.33it/s]
Batches:  26%|██▋       | 345/1307 [00:23<00:42, 22.65it/s]
Batches:  27%|██▋       | 348/1307 [00:23<00:42, 22.70it/s]
Batches:  27%|██▋       | 351/1307 [00:23<00:42, 22.46it/s]
Batches:  27%|██▋       | 354/1307 [00:23<00:42, 22.25it/s]
Batches:  27%|██▋       | 357/1307 [00:23<00:44, 21.48it/s]
Batches:  28%|██▊       | 360/1307 [00:24<00:42, 22.07it/s]
Batches:  28%|██▊       | 363/1307 [00:24<00:41, 22.83it/s]
Batches:  28%|██▊       | 366/1307 [00:24<00:40, 23.20it/s]
Batches:  28%|██▊       | 369/1307 [00:24<00:40, 23.01it/s]
Batches:  28%|██▊       | 372/1307 [00:24<00:40, 23.14it/s]
Batches:  29%|██▊       | 375/1307 [00:24<00:40, 22.84it/s]
Batches:  29%|██▉       | 378/1307 [00:24<00:39, 23.27it/s]
Batches:  29%|██▉       | 381/1307 [00:24<00:40, 23.12it/s]
Batches:  29%|██▉       | 384/1307 [00:25<00:40, 22.83it/s]
Batches:  30%|██▉       | 387/1307 [00:25<00:39, 23.30it/s]
Batches:  30%|██▉       | 390/1307 [00:25<00:39, 23.50it/s]
Batches:  30%|███       | 393/1307 [00:25<00:38, 23.93it/s]
Batches:  30%|███       | 396/1307 [00:25<00:36, 24.63it/s]
Batches:  31%|███       | 399/1307 [00:25<00:37, 24.04it/s]
Batches:  31%|███       | 402/1307 [00:25<00:38, 23.38it/s]
Batches:  31%|███       | 405/1307 [00:25<00:37, 24.09it/s]
Batches:  31%|███       | 408/1307 [00:26<00:37, 24.23it/s]
Batches:  31%|███▏      | 411/1307 [00:26<00:36, 24.25it/s]
Batches:  32%|███▏      | 414/1307 [00:26<00:36, 24.67it/s]
Batches:  32%|███▏      | 417/1307 [00:26<00:37, 23.79it/s]
Batches:  32%|███▏      | 420/1307 [00:26<00:37, 23.62it/s]
Batches:  32%|███▏      | 423/1307 [00:26<00:36, 24.17it/s]
Batches:  33%|███▎      | 426/1307 [00:26<00:36, 23.96it/s]
Batches:  33%|███▎      | 429/1307 [00:26<00:36, 24.35it/s]
Batches:  33%|███▎      | 432/1307 [00:27<00:35, 24.64it/s]
Batches:  33%|███▎      | 435/1307 [00:27<00:35, 24.56it/s]
Batches:  34%|███▎      | 438/1307 [00:27<00:35, 24.51it/s]
Batches:  34%|███▎      | 441/1307 [00:27<00:35, 24.53it/s]
Batches:  34%|███▍      | 444/1307 [00:27<00:35, 24.44it/s]
Batches:  34%|███▍      | 447/1307 [00:27<00:38, 22.11it/s]
Batches:  34%|███▍      | 450/1307 [00:27<00:38, 22.10it/s]
Batches:  35%|███▍      | 453/1307 [00:28<00:37, 23.08it/s]
Batches:  35%|███▍      | 456/1307 [00:28<00:35, 23.86it/s]
Batches:  35%|███▌      | 459/1307 [00:28<00:34, 24.80it/s]
Batches:  35%|███▌      | 462/1307 [00:28<00:32, 25.90it/s]
Batches:  36%|███▌      | 465/1307 [00:28<00:32, 25.69it/s]
Batches:  36%|███▌      | 468/1307 [00:28<00:33, 25.08it/s]
Batches:  36%|███▌      | 471/1307 [00:28<00:32, 26.05it/s]
Batches:  36%|███▋      | 474/1307 [00:28<00:32, 25.86it/s]
Batches:  36%|███▋      | 477/1307 [00:28<00:31, 26.16it/s]
Batches:  37%|███▋      | 480/1307 [00:29<00:31, 26.34it/s]
Batches:  37%|███▋      | 483/1307 [00:29<00:30, 26.73it/s]
Batches:  37%|███▋      | 486/1307 [00:29<00:30, 26.73it/s]
Batches:  37%|███▋      | 489/1307 [00:29<00:30, 26.74it/s]
Batches:  38%|███▊      | 492/1307 [00:29<00:30, 26.48it/s]
Batches:  38%|███▊      | 495/1307 [00:29<00:29, 27.22it/s]
Batches:  38%|███▊      | 498/1307 [00:29<00:29, 27.74it/s]
Batches:  38%|███▊      | 501/1307 [00:29<00:29, 27.68it/s]
Batches:  39%|███▊      | 504/1307 [00:29<00:29, 27.60it/s]
Batches:  39%|███▉      | 507/1307 [00:30<00:29, 27.09it/s]
Batches:  39%|███▉      | 510/1307 [00:30<00:28, 27.83it/s]
Batches:  39%|███▉      | 514/1307 [00:30<00:28, 28.18it/s]
Batches:  40%|███▉      | 517/1307 [00:30<00:27, 28.41it/s]
Batches:  40%|███▉      | 520/1307 [00:30<00:27, 28.58it/s]
Batches:  40%|████      | 524/1307 [00:30<00:26, 29.60it/s]
Batches:  40%|████      | 528/1307 [00:30<00:26, 29.01it/s]
Batches:  41%|████      | 531/1307 [00:30<00:27, 28.51it/s]
Batches:  41%|████      | 535/1307 [00:30<00:26, 29.26it/s]
Batches:  41%|████      | 539/1307 [00:31<00:25, 29.92it/s]
Batches:  42%|████▏     | 543/1307 [00:31<00:24, 31.12it/s]
Batches:  42%|████▏     | 547/1307 [00:31<00:23, 32.08it/s]
Batches:  42%|████▏     | 551/1307 [00:31<00:23, 32.45it/s]
Batches:  42%|████▏     | 555/1307 [00:31<00:23, 31.85it/s]
Batches:  43%|████▎     | 559/1307 [00:31<00:23, 31.98it/s]
Batches:  43%|████▎     | 563/1307 [00:31<00:23, 31.96it/s]
Batches:  43%|████▎     | 567/1307 [00:31<00:22, 33.15it/s]
Batches:  44%|████▎     | 571/1307 [00:32<00:21, 34.09it/s]
Batches:  44%|████▍     | 575/1307 [00:32<00:21, 34.60it/s]
Batches:  44%|████▍     | 579/1307 [00:32<00:21, 34.45it/s]
Batches:  45%|████▍     | 583/1307 [00:32<00:20, 34.95it/s]
Batches:  45%|████▍     | 588/1307 [00:32<00:19, 36.49it/s]
Batches:  45%|████▌     | 592/1307 [00:32<00:19, 35.95it/s]
Batches:  46%|████▌     | 596/1307 [00:32<00:19, 36.13it/s]
Batches:  46%|████▌     | 600/1307 [00:32<00:19, 37.05it/s]
Batches:  46%|████▋     | 605/1307 [00:32<00:17, 39.46it/s]
Batches:  47%|████▋     | 609/1307 [00:33<00:18, 38.45it/s]
Batches:  47%|████▋     | 614/1307 [00:33<00:17, 40.14it/s]
Batches:  47%|████▋     | 619/1307 [00:33<00:16, 41.03it/s]
Batches:  48%|████▊     | 624/1307 [00:33<00:15, 43.31it/s]
Batches:  48%|████▊     | 629/1307 [00:33<00:15, 45.14it/s]
Batches:  49%|████▊     | 635/1307 [00:33<00:14, 46.62it/s]
Batches:  49%|████▉     | 641/1307 [00:33<00:13, 47.80it/s]
Batches:  50%|████▉     | 647/1307 [00:33<00:13, 48.74it/s]
Batches:  50%|████▉     | 653/1307 [00:33<00:13, 50.02it/s]
Batches:  50%|█████     | 659/1307 [00:34<00:12, 51.80it/s]
Batches:  51%|█████     | 665/1307 [00:34<00:12, 53.35it/s]
Batches:  51%|█████▏    | 671/1307 [00:34<00:11, 55.07it/s]
Batches:  52%|█████▏    | 678/1307 [00:34<00:11, 56.85it/s]
Batches:  52%|█████▏    | 685/1307 [00:34<00:10, 58.21it/s]
Batches:  53%|█████▎    | 691/1307 [00:34<00:10, 57.87it/s]
Batches:  53%|█████▎    | 698/1307 [00:34<00:10, 59.42it/s]
Batches:  54%|█████▍    | 705/1307 [00:34<00:09, 61.11it/s]
Batches:  54%|█████▍    | 712/1307 [00:34<00:09, 63.30it/s]
Batches:  55%|█████▌    | 719/1307 [00:35<00:09, 63.80it/s]
Batches:  56%|█████▌    | 726/1307 [00:35<00:08, 64.81it/s]
Batches:  56%|█████▌    | 733/1307 [00:35<00:08, 65.49it/s]
Batches:  57%|█████▋    | 741/1307 [00:35<00:08, 67.11it/s]
Batches:  57%|█████▋    | 748/1307 [00:35<00:08, 67.81it/s]
Batches:  58%|█████▊    | 756/1307 [00:35<00:08, 68.86it/s]
Batches:  58%|█████▊    | 764/1307 [00:35<00:07, 69.82it/s]
Batches:  59%|█████▉    | 772/1307 [00:35<00:07, 71.17it/s]
Batches:  60%|█████▉    | 780/1307 [00:35<00:07, 70.46it/s]
Batches:  60%|██████    | 788/1307 [00:36<00:07, 71.08it/s]
Batches:  61%|██████    | 796/1307 [00:36<00:07, 72.56it/s]
Batches:  62%|██████▏   | 805/1307 [00:36<00:06, 74.77it/s]
Batches:  62%|██████▏   | 813/1307 [00:36<00:06, 75.68it/s]
Batches:  63%|██████▎   | 821/1307 [00:36<00:06, 74.99it/s]
Batches:  63%|██████▎   | 829/1307 [00:36<00:06, 75.94it/s]
Batches:  64%|██████▍   | 837/1307 [00:36<00:06, 75.87it/s]
Batches:  65%|██████▍   | 845/1307 [00:36<00:06, 75.54it/s]
Batches:  65%|██████▌   | 853/1307 [00:36<00:05, 76.52it/s]
Batches:  66%|██████▌   | 862/1307 [00:36<00:05, 77.78it/s]
Batches:  67%|██████▋   | 870/1307 [00:37<00:05, 78.28it/s]
Batches:  67%|██████▋   | 878/1307 [00:37<00:05, 78.38it/s]
Batches:  68%|██████▊   | 886/1307 [00:37<00:05, 78.79it/s]
Batches:  68%|██████▊   | 895/1307 [00:37<00:05, 80.03it/s]
Batches:  69%|██████▉   | 904/1307 [00:37<00:04, 81.22it/s]
Batches:  70%|██████▉   | 913/1307 [00:37<00:04, 81.93it/s]
Batches:  71%|███████   | 922/1307 [00:37<00:04, 79.13it/s]
Batches:  71%|███████   | 931/1307 [00:37<00:04, 80.38it/s]
Batches:  72%|███████▏  | 940/1307 [00:37<00:04, 81.71it/s]
Batches:  73%|███████▎  | 949/1307 [00:38<00:04, 79.90it/s]
Batches:  73%|███████▎  | 958/1307 [00:38<00:04, 80.23it/s]
Batches:  74%|███████▍  | 967/1307 [00:38<00:04, 80.44it/s]
Batches:  75%|███████▍  | 976/1307 [00:38<00:04, 81.74it/s]
Batches:  75%|███████▌  | 985/1307 [00:38<00:03, 83.42it/s]
Batches:  76%|███████▌  | 994/1307 [00:38<00:03, 84.07it/s]
Batches:  77%|███████▋  | 1003/1307 [00:38<00:03, 84.75it/s]
Batches:  77%|███████▋  | 1012/1307 [00:38<00:03, 85.82it/s]
Batches:  78%|███████▊  | 1021/1307 [00:38<00:03, 86.19it/s]
Batches:  79%|███████▉  | 1031/1307 [00:39<00:03, 87.28it/s]
Batches:  80%|███████▉  | 1041/1307 [00:39<00:02, 89.05it/s]
Batches:  80%|████████  | 1050/1307 [00:39<00:02, 87.63it/s]
Batches:  81%|████████  | 1060/1307 [00:39<00:02, 89.17it/s]
Batches:  82%|████████▏ | 1070/1307 [00:39<00:02, 90.80it/s]
Batches:  83%|████████▎ | 1080/1307 [00:39<00:02, 92.19it/s]
Batches:  83%|████████▎ | 1090/1307 [00:39<00:02, 91.79it/s]
Batches:  84%|████████▍ | 1100/1307 [00:39<00:02, 93.64it/s]
Batches:  85%|████████▍ | 1110/1307 [00:39<00:02, 94.60it/s]
Batches:  86%|████████▌ | 1120/1307 [00:39<00:01, 94.09it/s]
Batches:  86%|████████▋ | 1130/1307 [00:40<00:01, 94.92it/s]
Batches:  87%|████████▋ | 1140/1307 [00:40<00:01, 96.01it/s]
Batches:  88%|████████▊ | 1150/1307 [00:40<00:01, 96.37it/s]
Batches:  89%|████████▉ | 1160/1307 [00:40<00:01, 96.19it/s]
Batches:  90%|████████▉ | 1170/1307 [00:40<00:01, 97.16it/s]
Batches:  90%|█████████ | 1180/1307 [00:40<00:01, 97.46it/s]
Batches:  91%|█████████ | 1190/1307 [00:40<00:01, 97.21it/s]
Batches:  92%|█████████▏| 1200/1307 [00:40<00:01, 97.69it/s]
Batches:  93%|█████████▎| 1210/1307 [00:40<00:00, 98.34it/s]
Batches:  93%|█████████▎| 1221/1307 [00:41<00:00, 99.65it/s]
Batches:  94%|█████████▍| 1232/1307 [00:41<00:00, 99.99it/s]
Batches:  95%|█████████▌| 1242/1307 [00:41<00:00, 99.58it/s]
Batches:  96%|█████████▌| 1252/1307 [00:41<00:00, 98.94it/s]
Batches:  97%|█████████▋| 1262/1307 [00:41<00:00, 99.08it/s]
Batches:  97%|█████████▋| 1272/1307 [00:41<00:00, 98.00it/s]
Batches:  98%|█████████▊| 1282/1307 [00:41<00:00, 95.52it/s]
Batches:  99%|█████████▉| 1292/1307 [00:41<00:00, 92.18it/s]
Batches: 100%|█████████▉| 1302/1307 [00:41<00:00, 90.79it/s]
Batches: 100%|██████████| 1307/1307 [00:41<00:00, 31.18it/s]
[ace] retrieving
[embed] encoding 1000 texts on device=cuda:0

Batches:   0%|          | 0/16 [00:00<?, ?it/s]
Batches:  19%|█▉        | 3/16 [00:00<00:00, 22.27it/s]
Batches:  38%|███▊      | 6/16 [00:00<00:00, 25.17it/s]
Batches:  56%|█████▋    | 9/16 [00:00<00:00, 27.04it/s]
Batches:  81%|████████▏ | 13/16 [00:00<00:00, 30.05it/s]
Batches: 100%|██████████| 16/16 [00:00<00:00, 30.50it/s]
[stage3] loading Qwen reader once
`torch_dtype` is deprecated! Use `dtype` instead!

Loading checkpoint shards:   0%|          | 0/2 [00:00<?, ?it/s]
Loading checkpoint shards:  50%|█████     | 1/2 [00:02<00:02,  2.52s/it]
Loading checkpoint shards: 100%|██████████| 2/2 [00:03<00:00,  1.86s/it]
Loading checkpoint shards: 100%|██████████| 2/2 [00:03<00:00,  1.96s/it]
[reader] loaded Qwen/Qwen2.5-3B-Instruct on cuda:0
[stage3] materializing policy=chunk_packed_220
[stage3] generating policy=chunk_packed_220
The following generation flags are not valid and may be ignored: ['temperature', 'top_p', 'top_k']. Set `TRANSFORMERS_VERBOSITY=info` for more details.
[reader] generated 2/1000
[reader] generated 4/1000
[reader] generated 6/1000
[reader] generated 8/1000
[reader] generated 10/1000
[reader] generated 12/1000
[reader] generated 14/1000
[reader] generated 16/1000
[reader] generated 18/1000
[reader] generated 20/1000
[reader] generated 22/1000
[reader] generated 24/1000
[reader] generated 26/1000
[reader] generated 28/1000
[reader] generated 30/1000
[reader] generated 32/1000
[reader] generated 34/1000
[reader] generated 36/1000
[reader] generated 38/1000
[reader] generated 40/1000
[reader] generated 42/1000
[reader] generated 44/1000
[reader] generated 46/1000
[reader] generated 48/1000
[reader] generated 50/1000
[reader] generated 52/1000
[reader] generated 54/1000
[reader] generated 56/1000
[reader] generated 58/1000
[reader] generated 60/1000
[reader] generated 62/1000
[reader] generated 64/1000
[reader] generated 66/1000
[reader] generated 68/1000
[reader] generated 70/1000
[reader] generated 72/1000
[reader] generated 74/1000
[reader] generated 76/1000
[reader] generated 78/1000
[reader] generated 80/1000
[reader] generated 82/1000
[reader] generated 84/1000
[reader] generated 86/1000
[reader] generated 88/1000
[reader] generated 90/1000
[reader] generated 92/1000
[reader] generated 94/1000
[reader] generated 96/1000
[reader] generated 98/1000
[reader] generated 100/1000
[reader] generated 102/1000
[reader] generated 104/1000
[reader] generated 106/1000
[reader] generated 108/1000
[reader] generated 110/1000
[reader] generated 112/1000
[reader] generated 114/1000
[reader] generated 116/1000
[reader] generated 118/1000
[reader] generated 120/1000
[reader] generated 122/1000
[reader] generated 124/1000
[reader] generated 126/1000
[reader] generated 128/1000
[reader] generated 130/1000
[reader] generated 132/1000
[reader] generated 134/1000
[reader] generated 136/1000
[reader] generated 138/1000
[reader] generated 140/1000
[reader] generated 142/1000
[reader] generated 144/1000
[reader] generated 146/1000
[reader] generated 148/1000
[reader] generated 150/1000
[reader] generated 152/1000
[reader] generated 154/1000
[reader] generated 156/1000
[reader] generated 158/1000
[reader] generated 160/1000
[reader] generated 162/1000
[reader] generated 164/1000
[reader] generated 166/1000
[reader] generated 168/1000
[reader] generated 170/1000
[reader] generated 172/1000
[reader] generated 174/1000
[reader] generated 176/1000
[reader] generated 178/1000
[reader] generated 180/1000
[reader] generated 182/1000
[reader] generated 184/1000
[reader] generated 186/1000
[reader] generated 188/1000
[reader] generated 190/1000
[reader] generated 192/1000
[reader] generated 194/1000
[reader] generated 196/1000
[reader] generated 198/1000
[reader] generated 200/1000
[reader] generated 202/1000
[reader] generated 204/1000
[reader] generated 206/1000
[reader] generated 208/1000
[reader] generated 210/1000
[reader] generated 212/1000
[reader] generated 214/1000
[reader] generated 216/1000
[reader] generated 218/1000
[reader] generated 220/1000
[reader] generated 222/1000
[reader] generated 224/1000
[reader] generated 226/1000
[reader] generated 228/1000
[reader] generated 230/1000
[reader] generated 232/1000
[reader] generated 234/1000
[reader] generated 236/1000
[reader] generated 238/1000
[reader] generated 240/1000
[reader] generated 242/1000
[reader] generated 244/1000
[reader] generated 246/1000
[reader] generated 248/1000
[reader] generated 250/1000
[reader] generated 252/1000
[reader] generated 254/1000
[reader] generated 256/1000
[reader] generated 258/1000
[reader] generated 260/1000
[reader] generated 262/1000
[reader] generated 264/1000
[reader] generated 266/1000
[reader] generated 268/1000
[reader] generated 270/1000
[reader] generated 272/1000
[reader] generated 274/1000
[reader] generated 276/1000
[reader] generated 278/1000
[reader] generated 280/1000
[reader] generated 282/1000
[reader] generated 284/1000
[reader] generated 286/1000
[reader] generated 288/1000
[reader] generated 290/1000
[reader] generated 292/1000
[reader] generated 294/1000
[reader] generated 296/1000
[reader] generated 298/1000
[reader] generated 300/1000
[reader] generated 302/1000
[reader] generated 304/1000
[reader] generated 306/1000
[reader] generated 308/1000
[reader] generated 310/1000
[reader] generated 312/1000
[reader] generated 314/1000
[reader] generated 316/1000
[reader] generated 318/1000
[reader] generated 320/1000
[reader] generated 322/1000
[reader] generated 324/1000
[reader] generated 326/1000
[reader] generated 328/1000
[reader] generated 330/1000
[reader] generated 332/1000
[reader] generated 334/1000
[reader] generated 336/1000
[reader] generated 338/1000
[reader] generated 340/1000
[reader] generated 342/1000
[reader] generated 344/1000
[reader] generated 346/1000
[reader] generated 348/1000
[reader] generated 350/1000
[reader] generated 352/1000
[reader] generated 354/1000
[reader] generated 356/1000
[reader] generated 358/1000
[reader] generated 360/1000
[reader] generated 362/1000
[reader] generated 364/1000
[reader] generated 366/1000
[reader] generated 368/1000
[reader] generated 370/1000
[reader] generated 372/1000
[reader] generated 374/1000
[reader] generated 376/1000
[reader] generated 378/1000
[reader] generated 380/1000
[reader] generated 382/1000
[reader] generated 384/1000
[reader] generated 386/1000
[reader] generated 388/1000
[reader] generated 390/1000
[reader] generated 392/1000
[reader] generated 394/1000
[reader] generated 396/1000
[reader] generated 398/1000
[reader] generated 400/1000
[reader] generated 402/1000
[reader] generated 404/1000
[reader] generated 406/1000
[reader] generated 408/1000
[reader] generated 410/1000
[reader] generated 412/1000
[reader] generated 414/1000
[reader] generated 416/1000
[reader] generated 418/1000
[reader] generated 420/1000
[reader] generated 422/1000
[reader] generated 424/1000
[reader] generated 426/1000
[reader] generated 428/1000
[reader] generated 430/1000
[reader] generated 432/1000
[reader] generated 434/1000
[reader] generated 436/1000
[reader] generated 438/1000
[reader] generated 440/1000
[reader] generated 442/1000
[reader] generated 444/1000
[reader] generated 446/1000
[reader] generated 448/1000
[reader] generated 450/1000
[reader] generated 452/1000
[reader] generated 454/1000
[reader] generated 456/1000
[reader] generated 458/1000
[reader] generated 460/1000
[reader] generated 462/1000
[reader] generated 464/1000
[reader] generated 466/1000
[reader] generated 468/1000
[reader] generated 470/1000
[reader] generated 472/1000
[reader] generated 474/1000
[reader] generated 476/1000
[reader] generated 478/1000
[reader] generated 480/1000
[reader] generated 482/1000
[reader] generated 484/1000
[reader] generated 486/1000
[reader] generated 488/1000
[reader] generated 490/1000
[reader] generated 492/1000
[reader] generated 494/1000
[reader] generated 496/1000
[reader] generated 498/1000
[reader] generated 500/1000
[reader] generated 502/1000
[reader] generated 504/1000
[reader] generated 506/1000
[reader] generated 508/1000
[reader] generated 510/1000
[reader] generated 512/1000
[reader] generated 514/1000
[reader] generated 516/1000
[reader] generated 518/1000
[reader] generated 520/1000
[reader] generated 522/1000
[reader] generated 524/1000
[reader] generated 526/1000
[reader] generated 528/1000
[reader] generated 530/1000
[reader] generated 532/1000
[reader] generated 534/1000
[reader] generated 536/1000
[reader] generated 538/1000
[reader] generated 540/1000
[reader] generated 542/1000
[reader] generated 544/1000
[reader] generated 546/1000
[reader] generated 548/1000
[reader] generated 550/1000
[reader] generated 552/1000
[reader] generated 554/1000
[reader] generated 556/1000
[reader] generated 558/1000
[reader] generated 560/1000
[reader] generated 562/1000
[reader] generated 564/1000
[reader] generated 566/1000
[reader] generated 568/1000
[reader] generated 570/1000
[reader] generated 572/1000
[reader] generated 574/1000
[reader] generated 576/1000
[reader] generated 578/1000
[reader] generated 580/1000
[reader] generated 582/1000
[reader] generated 584/1000
[reader] generated 586/1000
[reader] generated 588/1000
[reader] generated 590/1000
[reader] generated 592/1000
[reader] generated 594/1000
[reader] generated 596/1000
[reader] generated 598/1000
[reader] generated 600/1000
[reader] generated 602/1000
[reader] generated 604/1000
[reader] generated 606/1000
[reader] generated 608/1000
[reader] generated 610/1000
[reader] generated 612/1000
[reader] generated 614/1000
[reader] generated 616/1000
[reader] generated 618/1000
[reader] generated 620/1000
[reader] generated 622/1000
[reader] generated 624/1000
[reader] generated 626/1000
[reader] generated 628/1000
[reader] generated 630/1000
[reader] generated 632/1000
[reader] generated 634/1000
[reader] generated 636/1000
[reader] generated 638/1000
[reader] generated 640/1000
[reader] generated 642/1000
[reader] generated 644/1000
[reader] generated 646/1000
[reader] generated 648/1000
[reader] generated 650/1000
[reader] generated 652/1000
[reader] generated 654/1000
[reader] generated 656/1000
[reader] generated 658/1000
[reader] generated 660/1000
[reader] generated 662/1000
[reader] generated 664/1000
[reader] generated 666/1000
[reader] generated 668/1000
[reader] generated 670/1000
[reader] generated 672/1000
[reader] generated 674/1000
[reader] generated 676/1000
[reader] generated 678/1000
[reader] generated 680/1000
[reader] generated 682/1000
[reader] generated 684/1000
[reader] generated 686/1000
[reader] generated 688/1000
[reader] generated 690/1000
[reader] generated 692/1000
[reader] generated 694/1000
[reader] generated 696/1000
[reader] generated 698/1000
[reader] generated 700/1000
[reader] generated 702/1000
[reader] generated 704/1000
[reader] generated 706/1000
[reader] generated 708/1000
[reader] generated 710/1000
[reader] generated 712/1000
[reader] generated 714/1000
[reader] generated 716/1000
[reader] generated 718/1000
[reader] generated 720/1000
[reader] generated 722/1000
[reader] generated 724/1000
[reader] generated 726/1000
[reader] generated 728/1000
[reader] generated 730/1000
[reader] generated 732/1000
[reader] generated 734/1000
[reader] generated 736/1000
[reader] generated 738/1000
[reader] generated 740/1000
[reader] generated 742/1000
[reader] generated 744/1000
[reader] generated 746/1000
[reader] generated 748/1000
[reader] generated 750/1000
[reader] generated 752/1000
[reader] generated 754/1000
[reader] generated 756/1000
[reader] generated 758/1000
[reader] generated 760/1000
[reader] generated 762/1000
[reader] generated 764/1000
[reader] generated 766/1000
[reader] generated 768/1000
[reader] generated 770/1000
[reader] generated 772/1000
[reader] generated 774/1000
[reader] generated 776/1000
[reader] generated 778/1000
[reader] generated 780/1000
[reader] generated 782/1000
[reader] generated 784/1000
[reader] generated 786/1000
[reader] generated 788/1000
[reader] generated 790/1000
[reader] generated 792/1000
[reader] generated 794/1000
[reader] generated 796/1000
[reader] generated 798/1000
[reader] generated 800/1000
[reader] generated 802/1000
[reader] generated 804/1000
[reader] generated 806/1000
[reader] generated 808/1000
[reader] generated 810/1000
[reader] generated 812/1000
[reader] generated 814/1000
[reader] generated 816/1000
[reader] generated 818/1000
[reader] generated 820/1000
[reader] generated 822/1000
[reader] generated 824/1000
[reader] generated 826/1000
[reader] generated 828/1000
[reader] generated 830/1000
[reader] generated 832/1000
[reader] generated 834/1000
[reader] generated 836/1000
[reader] generated 838/1000
[reader] generated 840/1000
[reader] generated 842/1000
[reader] generated 844/1000
[reader] generated 846/1000
[reader] generated 848/1000
[reader] generated 850/1000
[reader] generated 852/1000
[reader] generated 854/1000
[reader] generated 856/1000
[reader] generated 858/1000
[reader] generated 860/1000
[reader] generated 862/1000
[reader] generated 864/1000
[reader] generated 866/1000
[reader] generated 868/1000
[reader] generated 870/1000
[reader] generated 872/1000
[reader] generated 874/1000
[reader] generated 876/1000
[reader] generated 878/1000
[reader] generated 880/1000
[reader] generated 882/1000
[reader] generated 884/1000
[reader] generated 886/1000
[reader] generated 888/1000
[reader] generated 890/1000
[reader] generated 892/1000
[reader] generated 894/1000
[reader] generated 896/1000
[reader] generated 898/1000
[reader] generated 900/1000
[reader] generated 902/1000
[reader] generated 904/1000
[reader] generated 906/1000
[reader] generated 908/1000
[reader] generated 910/1000
[reader] generated 912/1000
[reader] generated 914/1000
[reader] generated 916/1000
[reader] generated 918/1000
[reader] generated 920/1000
[reader] generated 922/1000
[reader] generated 924/1000
[reader] generated 926/1000
[reader] generated 928/1000
[reader] generated 930/1000
[reader] generated 932/1000
[reader] generated 934/1000
[reader] generated 936/1000
[reader] generated 938/1000
[reader] generated 940/1000
[reader] generated 942/1000
[reader] generated 944/1000
[reader] generated 946/1000
[reader] generated 948/1000
[reader] generated 950/1000
[reader] generated 952/1000
[reader] generated 954/1000
[reader] generated 956/1000
[reader] generated 958/1000
[reader] generated 960/1000
[reader] generated 962/1000
[reader] generated 964/1000
[reader] generated 966/1000
[reader] generated 968/1000
[reader] generated 970/1000
[reader] generated 972/1000
[reader] generated 974/1000
[reader] generated 976/1000
[reader] generated 978/1000
[reader] generated 980/1000
[reader] generated 982/1000
[reader] generated 984/1000
[reader] generated 986/1000
[reader] generated 988/1000
[reader] generated 990/1000
[reader] generated 992/1000
[reader] generated 994/1000
[reader] generated 996/1000
[reader] generated 998/1000
[reader] generated 1000/1000
[stage3] policy=chunk_packed_220, router_type=fixed, method=chunk, reader_context=packed_snippets, reader_model=Qwen/Qwen2.5-3B-Instruct, ace_retriever=none, compressor=none, hybrid_alpha=, packed_token_budget=220, candidate_policies=, selection_counts=, recall@1=0.4385, all_gold@1=0.0, recall@2=0.7065, all_gold@2=0.471, recall@5=0.857, all_gold@5=0.734, qwen_em=0.305, qwen_f1=0.4019, avg_reader_evidence_tokens=210.29
[stage3] materializing policy=ace_packed_220
[stage3] generating policy=ace_packed_220
[reader] generated 2/1000
[reader] generated 4/1000
[reader] generated 6/1000
[reader] generated 8/1000
[reader] generated 10/1000
[reader] generated 12/1000
[reader] generated 14/1000
[reader] generated 16/1000
[reader] generated 18/1000
[reader] generated 20/1000
[reader] generated 22/1000
[reader] generated 24/1000
[reader] generated 26/1000
[reader] generated 28/1000
[reader] generated 30/1000
[reader] generated 32/1000
[reader] generated 34/1000
[reader] generated 36/1000
[reader] generated 38/1000
[reader] generated 40/1000
[reader] generated 42/1000
[reader] generated 44/1000
[reader] generated 46/1000
[reader] generated 48/1000
[reader] generated 50/1000
[reader] generated 52/1000
[reader] generated 54/1000
[reader] generated 56/1000
[reader] generated 58/1000
[reader] generated 60/1000
[reader] generated 62/1000
[reader] generated 64/1000
[reader] generated 66/1000
[reader] generated 68/1000
[reader] generated 70/1000
[reader] generated 72/1000
[reader] generated 74/1000
[reader] generated 76/1000
[reader] generated 78/1000
[reader] generated 80/1000
[reader] generated 82/1000
[reader] generated 84/1000
[reader] generated 86/1000
[reader] generated 88/1000
[reader] generated 90/1000
[reader] generated 92/1000
[reader] generated 94/1000
[reader] generated 96/1000
[reader] generated 98/1000
[reader] generated 100/1000
[reader] generated 102/1000
[reader] generated 104/1000
[reader] generated 106/1000
[reader] generated 108/1000
[reader] generated 110/1000
[reader] generated 112/1000
[reader] generated 114/1000
[reader] generated 116/1000
[reader] generated 118/1000
[reader] generated 120/1000
[reader] generated 122/1000
[reader] generated 124/1000
[reader] generated 126/1000
[reader] generated 128/1000
[reader] generated 130/1000
[reader] generated 132/1000
[reader] generated 134/1000
[reader] generated 136/1000
[reader] generated 138/1000
[reader] generated 140/1000
[reader] generated 142/1000
[reader] generated 144/1000
[reader] generated 146/1000
[reader] generated 148/1000
[reader] generated 150/1000
[reader] generated 152/1000
[reader] generated 154/1000
[reader] generated 156/1000
[reader] generated 158/1000
[reader] generated 160/1000
[reader] generated 162/1000
[reader] generated 164/1000
[reader] generated 166/1000
[reader] generated 168/1000
[reader] generated 170/1000
[reader] generated 172/1000
[reader] generated 174/1000
[reader] generated 176/1000
[reader] generated 178/1000
[reader] generated 180/1000
[reader] generated 182/1000
[reader] generated 184/1000
[reader] generated 186/1000
[reader] generated 188/1000
[reader] generated 190/1000
[reader] generated 192/1000
[reader] generated 194/1000
[reader] generated 196/1000
[reader] generated 198/1000
[reader] generated 200/1000
[reader] generated 202/1000
[reader] generated 204/1000
[reader] generated 206/1000
[reader] generated 208/1000
[reader] generated 210/1000
[reader] generated 212/1000
[reader] generated 214/1000
[reader] generated 216/1000
[reader] generated 218/1000
[reader] generated 220/1000
[reader] generated 222/1000
[reader] generated 224/1000
[reader] generated 226/1000
[reader] generated 228/1000
[reader] generated 230/1000
[reader] generated 232/1000
[reader] generated 234/1000
[reader] generated 236/1000
[reader] generated 238/1000
[reader] generated 240/1000
[reader] generated 242/1000
[reader] generated 244/1000
[reader] generated 246/1000
[reader] generated 248/1000
[reader] generated 250/1000
[reader] generated 252/1000
[reader] generated 254/1000
[reader] generated 256/1000
[reader] generated 258/1000
[reader] generated 260/1000
[reader] generated 262/1000
[reader] generated 264/1000
[reader] generated 266/1000
[reader] generated 268/1000
[reader] generated 270/1000
[reader] generated 272/1000
[reader] generated 274/1000
[reader] generated 276/1000
[reader] generated 278/1000
[reader] generated 280/1000
[reader] generated 282/1000
[reader] generated 284/1000
[reader] generated 286/1000
[reader] generated 288/1000
[reader] generated 290/1000
[reader] generated 292/1000
[reader] generated 294/1000
[reader] generated 296/1000
[reader] generated 298/1000
[reader] generated 300/1000
[reader] generated 302/1000
[reader] generated 304/1000
[reader] generated 306/1000
[reader] generated 308/1000
[reader] generated 310/1000
[reader] generated 312/1000
[reader] generated 314/1000
[reader] generated 316/1000
[reader] generated 318/1000
[reader] generated 320/1000
[reader] generated 322/1000
[reader] generated 324/1000
[reader] generated 326/1000
[reader] generated 328/1000
[reader] generated 330/1000
[reader] generated 332/1000
[reader] generated 334/1000
[reader] generated 336/1000
[reader] generated 338/1000
[reader] generated 340/1000
[reader] generated 342/1000
[reader] generated 344/1000
[reader] generated 346/1000
[reader] generated 348/1000
[reader] generated 350/1000
[reader] generated 352/1000
[reader] generated 354/1000
[reader] generated 356/1000
[reader] generated 358/1000
[reader] generated 360/1000
[reader] generated 362/1000
[reader] generated 364/1000
[reader] generated 366/1000
[reader] generated 368/1000
[reader] generated 370/1000
[reader] generated 372/1000
[reader] generated 374/1000
[reader] generated 376/1000
[reader] generated 378/1000
[reader] generated 380/1000
[reader] generated 382/1000
[reader] generated 384/1000
[reader] generated 386/1000
[reader] generated 388/1000
[reader] generated 390/1000
[reader] generated 392/1000
[reader] generated 394/1000
[reader] generated 396/1000
[reader] generated 398/1000
[reader] generated 400/1000
[reader] generated 402/1000
[reader] generated 404/1000
[reader] generated 406/1000
[reader] generated 408/1000
[reader] generated 410/1000
[reader] generated 412/1000
[reader] generated 414/1000
[reader] generated 416/1000
[reader] generated 418/1000
[reader] generated 420/1000
[reader] generated 422/1000
[reader] generated 424/1000
[reader] generated 426/1000
[reader] generated 428/1000
[reader] generated 430/1000
[reader] generated 432/1000
[reader] generated 434/1000
[reader] generated 436/1000
[reader] generated 438/1000
[reader] generated 440/1000
[reader] generated 442/1000
[reader] generated 444/1000
[reader] generated 446/1000
[reader] generated 448/1000
[reader] generated 450/1000
[reader] generated 452/1000
[reader] generated 454/1000
[reader] generated 456/1000
[reader] generated 458/1000
[reader] generated 460/1000
[reader] generated 462/1000
[reader] generated 464/1000
[reader] generated 466/1000
[reader] generated 468/1000
[reader] generated 470/1000
[reader] generated 472/1000
[reader] generated 474/1000
[reader] generated 476/1000
[reader] generated 478/1000
[reader] generated 480/1000
[reader] generated 482/1000
[reader] generated 484/1000
[reader] generated 486/1000
[reader] generated 488/1000
[reader] generated 490/1000
[reader] generated 492/1000
[reader] generated 494/1000
[reader] generated 496/1000
[reader] generated 498/1000
[reader] generated 500/1000
[reader] generated 502/1000
[reader] generated 504/1000
[reader] generated 506/1000
[reader] generated 508/1000
[reader] generated 510/1000
[reader] generated 512/1000
[reader] generated 514/1000
[reader] generated 516/1000
[reader] generated 518/1000
[reader] generated 520/1000
[reader] generated 522/1000
[reader] generated 524/1000
[reader] generated 526/1000
[reader] generated 528/1000
[reader] generated 530/1000
[reader] generated 532/1000
[reader] generated 534/1000
[reader] generated 536/1000
[reader] generated 538/1000
[reader] generated 540/1000
[reader] generated 542/1000
[reader] generated 544/1000
[reader] generated 546/1000
[reader] generated 548/1000
[reader] generated 550/1000
[reader] generated 552/1000
[reader] generated 554/1000
[reader] generated 556/1000
[reader] generated 558/1000
[reader] generated 560/1000
[reader] generated 562/1000
[reader] generated 564/1000
[reader] generated 566/1000
[reader] generated 568/1000
[reader] generated 570/1000
[reader] generated 572/1000
[reader] generated 574/1000
[reader] generated 576/1000
[reader] generated 578/1000
[reader] generated 580/1000
[reader] generated 582/1000
[reader] generated 584/1000
[reader] generated 586/1000
[reader] generated 588/1000
[reader] generated 590/1000
[reader] generated 592/1000
[reader] generated 594/1000
[reader] generated 596/1000
[reader] generated 598/1000
[reader] generated 600/1000
[reader] generated 602/1000
[reader] generated 604/1000
[reader] generated 606/1000
[reader] generated 608/1000
[reader] generated 610/1000
[reader] generated 612/1000
[reader] generated 614/1000
[reader] generated 616/1000
[reader] generated 618/1000
[reader] generated 620/1000
[reader] generated 622/1000
[reader] generated 624/1000
[reader] generated 626/1000
[reader] generated 628/1000
[reader] generated 630/1000
[reader] generated 632/1000
[reader] generated 634/1000
[reader] generated 636/1000
[reader] generated 638/1000
[reader] generated 640/1000
[reader] generated 642/1000
[reader] generated 644/1000
[reader] generated 646/1000
[reader] generated 648/1000
[reader] generated 650/1000
[reader] generated 652/1000
[reader] generated 654/1000
[reader] generated 656/1000
[reader] generated 658/1000
[reader] generated 660/1000
[reader] generated 662/1000
[reader] generated 664/1000
[reader] generated 666/1000
[reader] generated 668/1000
[reader] generated 670/1000
[reader] generated 672/1000
[reader] generated 674/1000
[reader] generated 676/1000
[reader] generated 678/1000
[reader] generated 680/1000
[reader] generated 682/1000
[reader] generated 684/1000
[reader] generated 686/1000
[reader] generated 688/1000
[reader] generated 690/1000
[reader] generated 692/1000
[reader] generated 694/1000
[reader] generated 696/1000
[reader] generated 698/1000
[reader] generated 700/1000
[reader] generated 702/1000
[reader] generated 704/1000
[reader] generated 706/1000
[reader] generated 708/1000
[reader] generated 710/1000
[reader] generated 712/1000
[reader] generated 714/1000
[reader] generated 716/1000
[reader] generated 718/1000
[reader] generated 720/1000
[reader] generated 722/1000
[reader] generated 724/1000
[reader] generated 726/1000
[reader] generated 728/1000
[reader] generated 730/1000
[reader] generated 732/1000
[reader] generated 734/1000
[reader] generated 736/1000
[reader] generated 738/1000
[reader] generated 740/1000
[reader] generated 742/1000
[reader] generated 744/1000
[reader] generated 746/1000
[reader] generated 748/1000
[reader] generated 750/1000
[reader] generated 752/1000
[reader] generated 754/1000
[reader] generated 756/1000
[reader] generated 758/1000
[reader] generated 760/1000
[reader] generated 762/1000
[reader] generated 764/1000
[reader] generated 766/1000
[reader] generated 768/1000
[reader] generated 770/1000
[reader] generated 772/1000
[reader] generated 774/1000
[reader] generated 776/1000
[reader] generated 778/1000
[reader] generated 780/1000
[reader] generated 782/1000
[reader] generated 784/1000
[reader] generated 786/1000
[reader] generated 788/1000
[reader] generated 790/1000
[reader] generated 792/1000
[reader] generated 794/1000
[reader] generated 796/1000
[reader] generated 798/1000
[reader] generated 800/1000
[reader] generated 802/1000
[reader] generated 804/1000
[reader] generated 806/1000
[reader] generated 808/1000
[reader] generated 810/1000
[reader] generated 812/1000
[reader] generated 814/1000
[reader] generated 816/1000
[reader] generated 818/1000
[reader] generated 820/1000
[reader] generated 822/1000
[reader] generated 824/1000
[reader] generated 826/1000
[reader] generated 828/1000
[reader] generated 830/1000
[reader] generated 832/1000
[reader] generated 834/1000
[reader] generated 836/1000
[reader] generated 838/1000
[reader] generated 840/1000
[reader] generated 842/1000
[reader] generated 844/1000
[reader] generated 846/1000
[reader] generated 848/1000
[reader] generated 850/1000
[reader] generated 852/1000
[reader] generated 854/1000
[reader] generated 856/1000
[reader] generated 858/1000
[reader] generated 860/1000
[reader] generated 862/1000
[reader] generated 864/1000
[reader] generated 866/1000
[reader] generated 868/1000
[reader] generated 870/1000
[reader] generated 872/1000
[reader] generated 874/1000
[reader] generated 876/1000
[reader] generated 878/1000
[reader] generated 880/1000
[reader] generated 882/1000
[reader] generated 884/1000
[reader] generated 886/1000
[reader] generated 888/1000
[reader] generated 890/1000
[reader] generated 892/1000
[reader] generated 894/1000
[reader] generated 896/1000
[reader] generated 898/1000
[reader] generated 900/1000
[reader] generated 902/1000
[reader] generated 904/1000
[reader] generated 906/1000
[reader] generated 908/1000
[reader] generated 910/1000
[reader] generated 912/1000
[reader] generated 914/1000
[reader] generated 916/1000
[reader] generated 918/1000
[reader] generated 920/1000
[reader] generated 922/1000
[reader] generated 924/1000
[reader] generated 926/1000
[reader] generated 928/1000
[reader] generated 930/1000
[reader] generated 932/1000
[reader] generated 934/1000
[reader] generated 936/1000
[reader] generated 938/1000
[reader] generated 940/1000
[reader] generated 942/1000
[reader] generated 944/1000
[reader] generated 946/1000
[reader] generated 948/1000
[reader] generated 950/1000
[reader] generated 952/1000
[reader] generated 954/1000
[reader] generated 956/1000
[reader] generated 958/1000
[reader] generated 960/1000
[reader] generated 962/1000
[reader] generated 964/1000
[reader] generated 966/1000
[reader] generated 968/1000
[reader] generated 970/1000
[reader] generated 972/1000
[reader] generated 974/1000
[reader] generated 976/1000
[reader] generated 978/1000
[reader] generated 980/1000
[reader] generated 982/1000
[reader] generated 984/1000
[reader] generated 986/1000
[reader] generated 988/1000
[reader] generated 990/1000
[reader] generated 992/1000
[reader] generated 994/1000
[reader] generated 996/1000
[reader] generated 998/1000
[reader] generated 1000/1000
[stage3] policy=ace_packed_220, router_type=fixed, method=ace_graph, reader_context=packed_snippets, reader_model=Qwen/Qwen2.5-3B-Instruct, ace_retriever=standard, compressor=truncate:320, hybrid_alpha=, packed_token_budget=220, candidate_policies=, selection_counts=, recall@1=0.4135, all_gold@1=0.0, recall@2=0.6485, all_gold@2=0.376, recall@5=0.8225, all_gold@5=0.674, qwen_em=0.336, qwen_f1=0.4276, avg_reader_evidence_tokens=209.64
[stage3] materializing policy=ace_focused_220
[stage3] generating policy=ace_focused_220
[reader] generated 2/1000
[reader] generated 4/1000
[reader] generated 6/1000
[reader] generated 8/1000
[reader] generated 10/1000
[reader] generated 12/1000
[reader] generated 14/1000
[reader] generated 16/1000
[reader] generated 18/1000
[reader] generated 20/1000
[reader] generated 22/1000
[reader] generated 24/1000
[reader] generated 26/1000
[reader] generated 28/1000
[reader] generated 30/1000
[reader] generated 32/1000
[reader] generated 34/1000
[reader] generated 36/1000
[reader] generated 38/1000
[reader] generated 40/1000
[reader] generated 42/1000
[reader] generated 44/1000
[reader] generated 46/1000
[reader] generated 48/1000
[reader] generated 50/1000
[reader] generated 52/1000
[reader] generated 54/1000
[reader] generated 56/1000
[reader] generated 58/1000
[reader] generated 60/1000
[reader] generated 62/1000
[reader] generated 64/1000
[reader] generated 66/1000
[reader] generated 68/1000
[reader] generated 70/1000
[reader] generated 72/1000
[reader] generated 74/1000
[reader] generated 76/1000
[reader] generated 78/1000
[reader] generated 80/1000
[reader] generated 82/1000
[reader] generated 84/1000
[reader] generated 86/1000
[reader] generated 88/1000
[reader] generated 90/1000
[reader] generated 92/1000
[reader] generated 94/1000
[reader] generated 96/1000
[reader] generated 98/1000
[reader] generated 100/1000
[reader] generated 102/1000
[reader] generated 104/1000
[reader] generated 106/1000
[reader] generated 108/1000
[reader] generated 110/1000
[reader] generated 112/1000
[reader] generated 114/1000
[reader] generated 116/1000
[reader] generated 118/1000
[reader] generated 120/1000
[reader] generated 122/1000
[reader] generated 124/1000
[reader] generated 126/1000
[reader] generated 128/1000
[reader] generated 130/1000
[reader] generated 132/1000
[reader] generated 134/1000
[reader] generated 136/1000
[reader] generated 138/1000
[reader] generated 140/1000
[reader] generated 142/1000
[reader] generated 144/1000
[reader] generated 146/1000
[reader] generated 148/1000
[reader] generated 150/1000
[reader] generated 152/1000
[reader] generated 154/1000
[reader] generated 156/1000
[reader] generated 158/1000
[reader] generated 160/1000
[reader] generated 162/1000
[reader] generated 164/1000
[reader] generated 166/1000
[reader] generated 168/1000
[reader] generated 170/1000
[reader] generated 172/1000
[reader] generated 174/1000
[reader] generated 176/1000
[reader] generated 178/1000
[reader] generated 180/1000
[reader] generated 182/1000
[reader] generated 184/1000
[reader] generated 186/1000
[reader] generated 188/1000
[reader] generated 190/1000
[reader] generated 192/1000
[reader] generated 194/1000
[reader] generated 196/1000
[reader] generated 198/1000
[reader] generated 200/1000
[reader] generated 202/1000
[reader] generated 204/1000
[reader] generated 206/1000
[reader] generated 208/1000
[reader] generated 210/1000
[reader] generated 212/1000
[reader] generated 214/1000
[reader] generated 216/1000
[reader] generated 218/1000
[reader] generated 220/1000
[reader] generated 222/1000
[reader] generated 224/1000
[reader] generated 226/1000
[reader] generated 228/1000
[reader] generated 230/1000
[reader] generated 232/1000
[reader] generated 234/1000
[reader] generated 236/1000
[reader] generated 238/1000
[reader] generated 240/1000
[reader] generated 242/1000
[reader] generated 244/1000
[reader] generated 246/1000
[reader] generated 248/1000
[reader] generated 250/1000
[reader] generated 252/1000
[reader] generated 254/1000
[reader] generated 256/1000
[reader] generated 258/1000
[reader] generated 260/1000
[reader] generated 262/1000
[reader] generated 264/1000
[reader] generated 266/1000
[reader] generated 268/1000
[reader] generated 270/1000
[reader] generated 272/1000
[reader] generated 274/1000
[reader] generated 276/1000
[reader] generated 278/1000
[reader] generated 280/1000
[reader] generated 282/1000
[reader] generated 284/1000
[reader] generated 286/1000
[reader] generated 288/1000
[reader] generated 290/1000
[reader] generated 292/1000
[reader] generated 294/1000
[reader] generated 296/1000
[reader] generated 298/1000
[reader] generated 300/1000
[reader] generated 302/1000
[reader] generated 304/1000
[reader] generated 306/1000
[reader] generated 308/1000
[reader] generated 310/1000
[reader] generated 312/1000
[reader] generated 314/1000
[reader] generated 316/1000
[reader] generated 318/1000
[reader] generated 320/1000
[reader] generated 322/1000
[reader] generated 324/1000
[reader] generated 326/1000
[reader] generated 328/1000
[reader] generated 330/1000
[reader] generated 332/1000
[reader] generated 334/1000
[reader] generated 336/1000
[reader] generated 338/1000
[reader] generated 340/1000
[reader] generated 342/1000
[reader] generated 344/1000
[reader] generated 346/1000
[reader] generated 348/1000
[reader] generated 350/1000
[reader] generated 352/1000
[reader] generated 354/1000
[reader] generated 356/1000
[reader] generated 358/1000
[reader] generated 360/1000
[reader] generated 362/1000
[reader] generated 364/1000
[reader] generated 366/1000
[reader] generated 368/1000
[reader] generated 370/1000
[reader] generated 372/1000
[reader] generated 374/1000
[reader] generated 376/1000
[reader] generated 378/1000
[reader] generated 380/1000
[reader] generated 382/1000
[reader] generated 384/1000
[reader] generated 386/1000
[reader] generated 388/1000
[reader] generated 390/1000
[reader] generated 392/1000
[reader] generated 394/1000
[reader] generated 396/1000
[reader] generated 398/1000
[reader] generated 400/1000
[reader] generated 402/1000
[reader] generated 404/1000
[reader] generated 406/1000
[reader] generated 408/1000
[reader] generated 410/1000
[reader] generated 412/1000
[reader] generated 414/1000
[reader] generated 416/1000
[reader] generated 418/1000
[reader] generated 420/1000
[reader] generated 422/1000
[reader] generated 424/1000
[reader] generated 426/1000
[reader] generated 428/1000
[reader] generated 430/1000
[reader] generated 432/1000
[reader] generated 434/1000
[reader] generated 436/1000
[reader] generated 438/1000
[reader] generated 440/1000
[reader] generated 442/1000
[reader] generated 444/1000
[reader] generated 446/1000
[reader] generated 448/1000
[reader] generated 450/1000
[reader] generated 452/1000
[reader] generated 454/1000
[reader] generated 456/1000
[reader] generated 458/1000
[reader] generated 460/1000
[reader] generated 462/1000
[reader] generated 464/1000
[reader] generated 466/1000
[reader] generated 468/1000
[reader] generated 470/1000
[reader] generated 472/1000
[reader] generated 474/1000
[reader] generated 476/1000
[reader] generated 478/1000
[reader] generated 480/1000
[reader] generated 482/1000
[reader] generated 484/1000
[reader] generated 486/1000
[reader] generated 488/1000
[reader] generated 490/1000
[reader] generated 492/1000
[reader] generated 494/1000
[reader] generated 496/1000
[reader] generated 498/1000
[reader] generated 500/1000
[reader] generated 502/1000
[reader] generated 504/1000
[reader] generated 506/1000
[reader] generated 508/1000
[reader] generated 510/1000
[reader] generated 512/1000
[reader] generated 514/1000
[reader] generated 516/1000
[reader] generated 518/1000
[reader] generated 520/1000
[reader] generated 522/1000
[reader] generated 524/1000
[reader] generated 526/1000
[reader] generated 528/1000
[reader] generated 530/1000
[reader] generated 532/1000
[reader] generated 534/1000
[reader] generated 536/1000
[reader] generated 538/1000
[reader] generated 540/1000
[reader] generated 542/1000
[reader] generated 544/1000
[reader] generated 546/1000
[reader] generated 548/1000
[reader] generated 550/1000
[reader] generated 552/1000
[reader] generated 554/1000
[reader] generated 556/1000
[reader] generated 558/1000
[reader] generated 560/1000
[reader] generated 562/1000
[reader] generated 564/1000
[reader] generated 566/1000
[reader] generated 568/1000
[reader] generated 570/1000
[reader] generated 572/1000
[reader] generated 574/1000
[reader] generated 576/1000
[reader] generated 578/1000
[reader] generated 580/1000
[reader] generated 582/1000
[reader] generated 584/1000
[reader] generated 586/1000
[reader] generated 588/1000
[reader] generated 590/1000
[reader] generated 592/1000
[reader] generated 594/1000
[reader] generated 596/1000
[reader] generated 598/1000
[reader] generated 600/1000
[reader] generated 602/1000
[reader] generated 604/1000
[reader] generated 606/1000
[reader] generated 608/1000
[reader] generated 610/1000
[reader] generated 612/1000
[reader] generated 614/1000
[reader] generated 616/1000
[reader] generated 618/1000
[reader] generated 620/1000
[reader] generated 622/1000
[reader] generated 624/1000
[reader] generated 626/1000
[reader] generated 628/1000
[reader] generated 630/1000
[reader] generated 632/1000
[reader] generated 634/1000
[reader] generated 636/1000
[reader] generated 638/1000
[reader] generated 640/1000
[reader] generated 642/1000
[reader] generated 644/1000
[reader] generated 646/1000
[reader] generated 648/1000
[reader] generated 650/1000
[reader] generated 652/1000
[reader] generated 654/1000
[reader] generated 656/1000
[reader] generated 658/1000
[reader] generated 660/1000
[reader] generated 662/1000
[reader] generated 664/1000
[reader] generated 666/1000
[reader] generated 668/1000
[reader] generated 670/1000
[reader] generated 672/1000
[reader] generated 674/1000
[reader] generated 676/1000
[reader] generated 678/1000
[reader] generated 680/1000
[reader] generated 682/1000
[reader] generated 684/1000
[reader] generated 686/1000
[reader] generated 688/1000
[reader] generated 690/1000
[reader] generated 692/1000
[reader] generated 694/1000
[reader] generated 696/1000
[reader] generated 698/1000
[reader] generated 700/1000
[reader] generated 702/1000
[reader] generated 704/1000
[reader] generated 706/1000
[reader] generated 708/1000
[reader] generated 710/1000
[reader] generated 712/1000
[reader] generated 714/1000
[reader] generated 716/1000
[reader] generated 718/1000
[reader] generated 720/1000
[reader] generated 722/1000
[reader] generated 724/1000
[reader] generated 726/1000
[reader] generated 728/1000
[reader] generated 730/1000
[reader] generated 732/1000
[reader] generated 734/1000
[reader] generated 736/1000
[reader] generated 738/1000
[reader] generated 740/1000
[reader] generated 742/1000
[reader] generated 744/1000
[reader] generated 746/1000
[reader] generated 748/1000
[reader] generated 750/1000
[reader] generated 752/1000
[reader] generated 754/1000
[reader] generated 756/1000
[reader] generated 758/1000
[reader] generated 760/1000
[reader] generated 762/1000
[reader] generated 764/1000
[reader] generated 766/1000
[reader] generated 768/1000
[reader] generated 770/1000
[reader] generated 772/1000
[reader] generated 774/1000
[reader] generated 776/1000
[reader] generated 778/1000
[reader] generated 780/1000
[reader] generated 782/1000
[reader] generated 784/1000
[reader] generated 786/1000
[reader] generated 788/1000
[reader] generated 790/1000
[reader] generated 792/1000
[reader] generated 794/1000
[reader] generated 796/1000
[reader] generated 798/1000
[reader] generated 800/1000
[reader] generated 802/1000
[reader] generated 804/1000
[reader] generated 806/1000
[reader] generated 808/1000
[reader] generated 810/1000
[reader] generated 812/1000
[reader] generated 814/1000
[reader] generated 816/1000
[reader] generated 818/1000
[reader] generated 820/1000
[reader] generated 822/1000
[reader] generated 824/1000
[reader] generated 826/1000
[reader] generated 828/1000
[reader] generated 830/1000
[reader] generated 832/1000
[reader] generated 834/1000
[reader] generated 836/1000
[reader] generated 838/1000
[reader] generated 840/1000
[reader] generated 842/1000
[reader] generated 844/1000
[reader] generated 846/1000
[reader] generated 848/1000
[reader] generated 850/1000
[reader] generated 852/1000
[reader] generated 854/1000
[reader] generated 856/1000
[reader] generated 858/1000
[reader] generated 860/1000
[reader] generated 862/1000
[reader] generated 864/1000
[reader] generated 866/1000
[reader] generated 868/1000
[reader] generated 870/1000
[reader] generated 872/1000
[reader] generated 874/1000
[reader] generated 876/1000
[reader] generated 878/1000
[reader] generated 880/1000
[reader] generated 882/1000
[reader] generated 884/1000
[reader] generated 886/1000
[reader] generated 888/1000
[reader] generated 890/1000
[reader] generated 892/1000
[reader] generated 894/1000
[reader] generated 896/1000
[reader] generated 898/1000
[reader] generated 900/1000
[reader] generated 902/1000
[reader] generated 904/1000
[reader] generated 906/1000
[reader] generated 908/1000
[reader] generated 910/1000
[reader] generated 912/1000
[reader] generated 914/1000
[reader] generated 916/1000
[reader] generated 918/1000
[reader] generated 920/1000
[reader] generated 922/1000
[reader] generated 924/1000
[reader] generated 926/1000
[reader] generated 928/1000
[reader] generated 930/1000
[reader] generated 932/1000
[reader] generated 934/1000
[reader] generated 936/1000
[reader] generated 938/1000
[reader] generated 940/1000
[reader] generated 942/1000
[reader] generated 944/1000
[reader] generated 946/1000
[reader] generated 948/1000
[reader] generated 950/1000
[reader] generated 952/1000
[reader] generated 954/1000
[reader] generated 956/1000
[reader] generated 958/1000
[reader] generated 960/1000
[reader] generated 962/1000
[reader] generated 964/1000
[reader] generated 966/1000
[reader] generated 968/1000
[reader] generated 970/1000
[reader] generated 972/1000
[reader] generated 974/1000
[reader] generated 976/1000
[reader] generated 978/1000
[reader] generated 980/1000
[reader] generated 982/1000
[reader] generated 984/1000
[reader] generated 986/1000
[reader] generated 988/1000
[reader] generated 990/1000
[reader] generated 992/1000
[reader] generated 994/1000
[reader] generated 996/1000
[reader] generated 998/1000
[reader] generated 1000/1000
[stage3] policy=ace_focused_220, router_type=fixed, method=ace_graph, reader_context=focused_packed, reader_model=Qwen/Qwen2.5-3B-Instruct, ace_retriever=standard, compressor=truncate:320, hybrid_alpha=, packed_token_budget=220, candidate_policies=, selection_counts=, recall@1=0.4135, all_gold@1=0.0, recall@2=0.6485, all_gold@2=0.376, recall@5=0.8225, all_gold@5=0.674, qwen_em=0.347, qwen_f1=0.4456, avg_reader_evidence_tokens=208.45
[stage3] policy=router_rule, router_type=rule, method=adaptive_router, reader_context=routed, reader_model=Qwen/Qwen2.5-3B-Instruct, ace_retriever=, compressor=, hybrid_alpha=, packed_token_budget=, candidate_policies=chunk_packed_220|ace_packed_220|ace_focused_220, selection_counts={"ace_focused_220": 2, "ace_packed_220": 542, "chunk_packed_220": 456}, recall@1=0.343, all_gold@1=0.0, recall@2=0.5265, all_gold@2=0.211, recall@5=0.8115, all_gold@5=0.649, qwen_em=0.344, qwen_f1=0.4394, avg_reader_evidence_tokens=210.04
[stage3] policy=router_oracle, router_type=oracle, method=adaptive_router, reader_context=routed, reader_model=Qwen/Qwen2.5-3B-Instruct, ace_retriever=, compressor=, hybrid_alpha=, packed_token_budget=, candidate_policies=chunk_packed_220|ace_packed_220|ace_focused_220, selection_counts={"ace_focused_220": 328, "ace_packed_220": 341, "chunk_packed_220": 331}, recall@1=0.3415, all_gold@1=0.0, recall@2=0.55, all_gold@2=0.246, recall@5=0.807, all_gold@5=0.647, qwen_em=0.443, qwen_f1=0.5535, avg_reader_evidence_tokens=204.24
wrote /kaggle/working/colab_results/stage3_hotpotqa_budget220_seed13_limit1000_qwen3b/hotpotqa_stage3_router_standard_limit1000_metrics.csv
wrote /kaggle/working/colab_results/stage3_hotpotqa_budget220_seed13_limit1000_qwen3b/hotpotqa_stage3_router_standard_limit1000_predictions.jsonl
wrote /kaggle/working/colab_results/stage3_hotpotqa_budget220_seed13_limit1000_qwen3b/hotpotqa_stage3_router_standard_limit1000_router_features.csv
[done] stage3_hotpotqa_budget220_seed13_limit1000_qwen3b
=== control/main.py done ===
