qid,policy,representation,packer,em,f1,ans_in_context,gold_token_density,gold_doc_reader_cov,context_tokens,base_recall@5,base_all_gold@5
5add1d575542992c1e3a2540,chunk_packed_224,chunk,packed,0.0,0.0,0.0,0.183,0.5,224.0,0.5,0.0
5ac55ea55542993e66e82377,chunk_packed_224,chunk,packed,0.0,0.0,1.0,0.2192,0.5,219.0,1.0,1.0
5ac3a76e554299741d48a2be,chunk_packed_224,chunk,packed,1.0,1.0,1.0,0.5238,1.0,210.0,1.0,1.0
5a7133565542994082a3e65c,chunk_packed_224,chunk,packed,0.0,0.6667,1.0,0.4753,1.0,223.0,1.0,1.0
5ac1a4745542991316484b82,chunk_packed_224,chunk,packed,1.0,1.0,1.0,0.3202,1.0,203.0,1.0,1.0
5adc597d55429947ff17392f,chunk_packed_224,chunk,packed,0.0,0.0,0.0,0.1872,0.5,203.0,0.5,0.0
5ac55e835542993e66e82375,chunk_packed_224,chunk,packed,0.0,0.6667,1.0,0.5405,1.0,222.0,1.0,1.0
5a8d9e0f554299441c6ba015,chunk_packed_224,chunk,packed,0.0,0.0,0.0,0.2202,0.5,218.0,0.5,0.0
5ae70ed7554299572ea546a1,chunk_packed_224,chunk,packed,0.0,0.0,1.0,0.4764,1.0,212.0,1.0,1.0
5a74a8fa55429929fddd8497,chunk_packed_224,chunk,packed,0.0,0.0,0.0,0.25,0.5,204.0,0.5,0.0
5a7cb94f554299683c1c6353,chunk_packed_224,chunk,packed,0.0,0.0,0.0,0.1509,0.5,212.0,0.5,0.0
5ab874ba5542990e739ec904,chunk_packed_224,chunk,packed,0.0,0.0,1.0,0.4888,1.0,223.0,1.0,1.0
5ae3a8985542992f92d82329,chunk_packed_224,chunk,packed,0.0,0.6667,1.0,0.1216,0.5,222.0,0.5,0.0
5ac39f7b554299218029dbe7,chunk_packed_224,chunk,packed,0.0,0.0,1.0,0.4587,1.0,218.0,1.0,1.0
5ae27b535542996483e649b6,chunk_packed_224,chunk,packed,1.0,1.0,1.0,0.4104,1.0,212.0,1.0,1.0
5a7331de5542994cef4bc4a8,chunk_packed_224,chunk,packed,0.0,0.129,1.0,0.5049,1.0,206.0,1.0,1.0
5ac15de55542991316484afb,chunk_packed_224,chunk,packed,0.0,0.0,0.0,0.47,1.0,217.0,1.0,1.0
5a7c6c9d554299683c1c6302,chunk_packed_224,chunk,packed,0.0,0.0,0.0,0.0714,0.5,224.0,0.5,0.0
5ae6363b55429929b0807af0,chunk_packed_224,chunk,packed,0.0,0.0,0.0,0.1905,0.5,168.0,0.5,0.0
5a8cea40554299441c6b9f76,chunk_packed_224,chunk,packed,1.0,1.0,1.0,0.5591,1.0,220.0,1.0,1.0
5ab5ecd75542992aa134a3e6,chunk_packed_224,chunk,packed,1.0,1.0,1.0,0.3846,1.0,221.0,1.0,1.0
5a84c5545542991dd0999dee,chunk_packed_224,chunk,packed,0.0,0.0,0.0,0.3971,0.5,209.0,0.5,0.0
5adeacf955429975fa854f66,chunk_packed_224,chunk,packed,0.0,0.0,0.0,0.3925,0.5,214.0,0.5,0.0
5a8ce15d554299653c1aa12f,chunk_packed_224,chunk,packed,0.0,0.0,0.0,0.2376,0.5,202.0,1.0,1.0
5ade4da055429939a52fe878,chunk_packed_224,chunk,packed,0.0,0.0,0.0,0.5143,1.0,210.0,1.0,1.0
5ab2a186554299295394677b,chunk_packed_224,chunk,packed,1.0,1.0,1.0,0.5421,1.0,214.0,1.0,1.0
5ade66e1554299728e26c713,chunk_packed_224,chunk,packed,0.0,0.0,0.0,0.2922,0.5,219.0,1.0,1.0
5a7c634c55429907fabeef79,chunk_packed_224,chunk,packed,1.0,1.0,1.0,0.5405,1.0,222.0,1.0,1.0
5ae13f3c5542997b2ef7d168,chunk_packed_224,chunk,packed,0.0,0.0,0.0,0.2202,0.5,218.0,0.5,0.0
5ae17cd055429901ffe4aea3,chunk_packed_224,chunk,packed,1.0,1.0,1.0,0.3091,1.0,220.0,1.0,1.0
5ae7940c55429952e35ea984,chunk_packed_224,chunk,packed,0.0,0.5,0.0,0.1937,0.5,222.0,0.5,0.0
5a7296815542991f9a20c515,chunk_packed_224,chunk,packed,1.0,1.0,1.0,0.3438,1.0,224.0,1.0,1.0
5ab2e8ad554299340b525562,chunk_packed_224,chunk,packed,1.0,1.0,1.0,0.4455,1.0,211.0,1.0,1.0
5a89b1de5542992e4fca8378,chunk_packed_224,chunk,packed,0.0,0.0,1.0,0.495,1.0,200.0,1.0,1.0
5ab78edc5542995dae37e95c,chunk_packed_224,chunk,packed,0.0,0.1538,0.0,0.2752,0.5,218.0,0.5,0.0
5ae73acb5542991e8301cc07,chunk_packed_224,chunk,packed,1.0,1.0,1.0,0.6119,1.0,219.0,1.0,1.0
5a8257fa55429940e5e1a866,chunk_packed_224,chunk,packed,1.0,1.0,1.0,0.6923,1.0,208.0,1.0,1.0
5a8d8e4f5542994ba4e3dca7,chunk_packed_224,chunk,packed,0.0,0.0,0.0,0.2289,0.5,201.0,1.0,1.0
5a8a07725542992d82986e5b,chunk_packed_224,chunk,packed,0.0,0.0,0.0,0.1928,0.5,223.0,0.5,0.0
5a79fac85542996c55b2dcc1,chunk_packed_224,chunk,packed,1.0,1.0,1.0,0.4907,1.0,216.0,1.0,1.0
5a81537355429926c1cdad20,chunk_packed_224,chunk,packed,0.0,0.3077,1.0,0.6991,1.0,216.0,1.0,1.0
5a721d5a55429971e9dc9283,chunk_packed_224,chunk,packed,0.0,0.4444,1.0,0.426,1.0,223.0,1.0,1.0
5a7aa2a255429941d65f270e,chunk_packed_224,chunk,packed,0.0,0.8,1.0,0.3775,1.0,204.0,1.0,1.0
5abe6f8455429965af743f03,chunk_packed_224,chunk,packed,0.0,0.0,1.0,0.4333,1.0,210.0,1.0,1.0
5ae7257a554299572ea54731,chunk_packed_224,chunk,packed,1.0,1.0,1.0,0.4375,1.0,224.0,1.0,1.0
5ac0e0e25542997d64295a6f,chunk_packed_224,chunk,packed,0.0,0.0,0.0,0.2617,0.5,214.0,0.5,0.0
5a72688c5542997f827839b2,chunk_packed_224,chunk,packed,1.0,1.0,1.0,0.5258,1.0,213.0,1.0,1.0
5adea0c5554299728e26c776,chunk_packed_224,chunk,packed,0.0,0.0,0.0,0.586,1.0,186.0,1.0,1.0
5ab8372255429919ba4e226b,chunk_packed_224,chunk,packed,1.0,1.0,1.0,0.4238,1.0,210.0,1.0,1.0
5ac0e064554299012d1db64e,chunk_packed_224,chunk,packed,0.0,0.0,0.0,0.0,0.0,213.0,0.5,0.0
5a8574945542997b5ce3fffb,chunk_packed_224,chunk,packed,1.0,1.0,1.0,0.4218,1.0,211.0,1.0,1.0
5a8704f8554299211dda2ba4,chunk_packed_224,chunk,packed,0.0,0.5,0.0,0.1961,0.5,204.0,1.0,1.0
5a81d1f0554299676cceb0ee,chunk_packed_224,chunk,packed,1.0,1.0,1.0,0.3699,0.5,219.0,1.0,1.0
5a7bf84b5542996dd594b875,chunk_packed_224,chunk,packed,1.0,1.0,1.0,0.4135,1.0,208.0,1.0,1.0
5ab69e4f554299710c8d1eee,chunk_packed_224,chunk,packed,1.0,1.0,1.0,0.6129,1.0,217.0,1.0,1.0
5ae64ad25542995703ce8b4f,chunk_packed_224,chunk,packed,0.0,0.0,0.0,0.0,0.0,217.0,0.0,0.0
5a7571135542992d0ec05f98,chunk_packed_224,chunk,packed,1.0,1.0,1.0,0.2636,1.0,220.0,1.0,1.0
5a8f2fed55429918e830d1c7,chunk_packed_224,chunk,packed,0.0,0.0,1.0,0.3139,0.5,223.0,1.0,1.0
5ab596d95542992aa134a371,chunk_packed_224,chunk,packed,0.0,0.0,1.0,0.4375,1.0,208.0,1.0,1.0
5a71214d5542994082a3e5b9,chunk_packed_224,chunk,packed,0.0,0.0,0.0,0.23,0.5,213.0,1.0,1.0
5ac298f9554299657fa28fc9,chunk_packed_224,chunk,packed,0.0,0.125,1.0,0.5417,1.0,216.0,1.0,1.0
5ae35e8c5542990afbd1e120,chunk_packed_224,chunk,packed,0.0,0.0,0.0,0.3529,0.5,221.0,0.5,0.0
5ae616ce5542992663a4f259,chunk_packed_224,chunk,packed,0.0,0.3333,0.0,0.267,0.5,221.0,0.5,0.0
5abbc3a955429931dba144f9,chunk_packed_224,chunk,packed,0.0,0.0,0.0,0.243,0.5,214.0,0.5,0.0
5adfe6c455429906c02daa85,chunk_packed_224,chunk,packed,0.0,0.0,1.0,0.1751,0.5,217.0,0.5,0.0
5a7f924c55429969796c1aba,chunk_packed_224,chunk,packed,0.0,0.0,0.0,0.2009,0.5,219.0,0.5,0.0
5ab938fb554299131ca422ce,chunk_packed_224,chunk,packed,0.0,0.0,0.0,0.2991,1.0,224.0,1.0,1.0
5ae1e80b5542997f29b3c197,chunk_packed_224,chunk,packed,0.0,0.0,0.0,0.1422,0.5,211.0,0.5,0.0
5a89e3995542992e4fca844d,chunk_packed_224,chunk,packed,0.0,0.5,0.0,0.2074,0.5,217.0,0.5,0.0
5ab8919655429934fafe6e13,chunk_packed_224,chunk,packed,1.0,1.0,1.0,0.3348,0.5,224.0,0.5,0.0
5add18345542994ed6169c7e,chunk_packed_224,chunk,packed,1.0,1.0,1.0,0.4072,1.0,221.0,1.0,1.0
5a825b0e55429954d2e2eb0c,chunk_packed_224,chunk,packed,0.0,0.0,0.0,0.3935,0.5,216.0,0.5,0.0
5ab54056554299488d4d9923,chunk_packed_224,chunk,packed,0.0,0.0,0.0,0.0691,0.5,217.0,0.5,0.0
5a8a416955429930ff3c0d2b,chunk_packed_224,chunk,packed,1.0,1.0,1.0,0.3442,1.0,215.0,1.0,1.0
5a729fe55542991f9a20c53b,chunk_packed_224,chunk,packed,0.0,0.0,0.0,0.1553,0.5,219.0,1.0,1.0
5abee41a5542993fe9a41d79,chunk_packed_224,chunk,packed,1.0,1.0,1.0,0.4558,1.0,215.0,1.0,1.0
5a8327fd5542990548d0b1a3,chunk_packed_224,chunk,packed,1.0,1.0,1.0,0.3445,1.0,209.0,1.0,1.0
5a7264ed5542990c210a411a,chunk_packed_224,chunk,packed,0.0,0.0,0.0,0.2636,0.5,220.0,1.0,1.0
5a74cfc75542996c70cfadfe,chunk_packed_224,chunk,packed,1.0,1.0,1.0,0.484,1.0,219.0,1.0,1.0
5abe3c7555429965af743ea5,chunk_packed_224,chunk,packed,0.0,0.0,1.0,0.4664,1.0,223.0,1.0,1.0
5a88a5645542997e5c09a679,chunk_packed_224,chunk,packed,1.0,1.0,0.0,0.3722,1.0,223.0,1.0,1.0
5a8756aa5542994846c1cd69,chunk_packed_224,chunk,packed,0.0,0.5,1.0,0.4118,1.0,221.0,1.0,1.0
5a83ab355542990548d0b218,chunk_packed_224,chunk,packed,1.0,1.0,1.0,0.4977,1.0,215.0,1.0,1.0
5abe407155429976d4830ab4,chunk_packed_224,chunk,packed,1.0,1.0,0.0,0.2387,0.5,222.0,1.0,1.0
5a769b115542993569682c51,chunk_packed_224,chunk,packed,0.0,0.0,1.0,0.0,0.0,221.0,0.0,0.0
5abb8a9b5542996cc5e4a016,chunk_packed_224,chunk,packed,0.0,0.0,1.0,0.3516,1.0,219.0,1.0,1.0
5adf4b335542993a75d264a5,chunk_packed_224,chunk,packed,0.0,0.4,1.0,0.2767,0.5,206.0,1.0,1.0
5a8a19c45542992e4fca8501,chunk_packed_224,chunk,packed,0.0,0.0,0.0,0.3722,1.0,223.0,1.0,1.0
5ac2f34455429921a00ab0b6,chunk_packed_224,chunk,packed,0.0,0.0,1.0,0.3486,1.0,218.0,1.0,1.0
5a7e040f5542990b8f503b13,chunk_packed_224,chunk,packed,1.0,1.0,1.0,0.1935,1.0,217.0,1.0,1.0
5a8f186055429918e830d186,chunk_packed_224,chunk,packed,0.0,0.0,1.0,0.6184,1.0,207.0,1.0,1.0
5ac4fbe255429924173fb53b,chunk_packed_224,chunk,packed,0.0,0.0,0.0,0.2422,0.5,223.0,0.5,0.0
5a8591715542994c784ddb27,chunk_packed_224,chunk,packed,0.0,0.0,0.0,0.276,0.5,221.0,1.0,1.0
5a8ee3a755429917b4a5be02,chunk_packed_224,chunk,packed,0.0,0.5714,0.0,0.2627,0.5,217.0,0.5,0.0
5ab985eb554299131ca42360,chunk_packed_224,chunk,packed,1.0,1.0,1.0,0.2379,1.0,206.0,1.0,1.0
5ab431d855429942dd415ed2,chunk_packed_224,chunk,packed,0.0,0.0,1.0,0.3876,0.5,209.0,0.5,0.0
5a771ead55429966f1a36c7c,chunk_packed_224,chunk,packed,0.0,0.0,0.0,0.3288,0.5,219.0,1.0,1.0
5ac46a8b5542991943173980,chunk_packed_224,chunk,packed,1.0,1.0,1.0,0.4717,1.0,212.0,1.0,1.0
5abda2b755429933744ab80f,chunk_packed_224,chunk,packed,0.0,0.0,1.0,0.2601,0.5,223.0,1.0,1.0
5adc02445542994650320c4e,chunk_packed_224,chunk,packed,1.0,1.0,1.0,0.4314,1.0,204.0,1.0,1.0
5a8b128455429971feec463b,chunk_packed_224,chunk,packed,0.0,0.0,0.0,0.4038,0.5,208.0,0.5,0.0
5a803ed45542996402f6a496,chunk_packed_224,chunk,packed,0.0,0.0,1.0,0.5471,1.0,223.0,1.0,1.0
5a74c85055429916b0164218,chunk_packed_224,chunk,packed,0.0,0.6667,1.0,0.3687,1.0,198.0,1.0,1.0
5ac288a95542990b17b153e5,chunk_packed_224,chunk,packed,0.0,0.0,0.0,0.0977,0.5,215.0,0.5,0.0
5ab2123155429970612095b9,chunk_packed_224,chunk,packed,0.0,0.0,1.0,0.1429,0.5,217.0,0.5,0.0
5a82edae55429966c78a6a9f,chunk_packed_224,chunk,packed,1.0,1.0,1.0,0.4338,1.0,219.0,1.0,1.0
5ae22b8d554299234fd0440f,chunk_packed_224,chunk,packed,0.0,0.0,1.0,0.514,1.0,214.0,1.0,1.0
5adbda2755429944faac2385,chunk_packed_224,chunk,packed,1.0,1.0,1.0,0.6018,1.0,221.0,1.0,1.0
5ae1d1a55542997f29b3c138,chunk_packed_224,chunk,packed,0.0,0.0,1.0,0.4036,1.0,223.0,1.0,1.0
5ac3a2f35542993915413856,chunk_packed_224,chunk,packed,0.0,0.0,0.0,0.3455,0.5,220.0,0.5,0.0
5a7647b85542992d0ec0608a,chunk_packed_224,chunk,packed,1.0,1.0,1.0,0.5223,1.0,224.0,1.0,1.0
5ac49a1c5542996feb3fe905,chunk_packed_224,chunk,packed,0.0,0.0,0.0,0.0,0.0,212.0,0.0,0.0
5ae60484554299546bf8301a,chunk_packed_224,chunk,packed,0.0,0.0,0.0,0.6063,1.0,221.0,1.0,1.0
5a84cf175542992a431d1aa2,chunk_packed_224,chunk,packed,0.0,0.0,1.0,0.3876,1.0,209.0,1.0,1.0
5a81b2505542995ce29dcc32,chunk_packed_224,chunk,packed,1.0,1.0,1.0,0.6095,1.0,210.0,1.0,1.0
5ab568af554299494045efaf,chunk_packed_224,chunk,packed,1.0,1.0,1.0,0.4773,1.0,220.0,1.0,1.0
5a8f7a135542992414482adc,chunk_packed_224,chunk,packed,0.0,0.0,0.0,0.14,0.5,200.0,1.0,1.0
5ab2be71554299166977408c,chunk_packed_224,chunk,packed,0.0,0.0,1.0,0.6306,1.0,222.0,1.0,1.0
5ae537e45542990ba0bbb235,chunk_packed_224,chunk,packed,1.0,1.0,1.0,0.4755,1.0,204.0,1.0,1.0
5ac2546a554299636651997b,chunk_packed_224,chunk,packed,0.0,0.0,1.0,0.3964,1.0,222.0,1.0,1.0
5ae356045542990afbd1e10d,chunk_packed_224,chunk,packed,0.0,0.2667,1.0,0.2547,0.5,212.0,0.5,0.0
5ae1e6d95542997283cd22c3,chunk_packed_224,chunk,packed,0.0,0.5714,1.0,0.1611,0.5,211.0,0.5,0.0
5a8b8f5b55429949d91db5e1,chunk_packed_224,chunk,packed,0.0,0.0,1.0,0.4107,1.0,224.0,1.0,1.0
5ab3460055429976abd1bc80,chunk_packed_224,chunk,packed,1.0,1.0,1.0,0.2624,1.0,221.0,1.0,1.0
5a7d2afb554299452d57bb41,chunk_packed_224,chunk,packed,1.0,1.0,1.0,0.4093,1.0,215.0,1.0,1.0
5adea95055429939a52fe931,chunk_packed_224,chunk,packed,0.0,0.6667,1.0,0.3041,1.0,217.0,1.0,1.0
5ab7d33d5542992aa3b8c859,chunk_packed_224,chunk,packed,0.0,0.0,0.0,0.4208,1.0,221.0,1.0,1.0
5a893f305542993b751ca91e,chunk_packed_224,chunk,packed,1.0,1.0,1.0,0.2396,0.5,217.0,0.5,0.0
5adea83b55429975fa854f53,chunk_packed_224,chunk,packed,0.0,0.0,1.0,0.2248,1.0,218.0,1.0,1.0
5ae1d32a554299492dc91b9c,chunk_packed_224,chunk,packed,0.0,0.0,1.0,0.3607,1.0,219.0,1.0,1.0
5a82accd55429966c78a6a78,chunk_packed_224,chunk,packed,1.0,1.0,0.0,0.4507,1.0,213.0,1.0,1.0
5a90ba1b55429933b8a205c6,chunk_packed_224,chunk,packed,0.0,0.0,1.0,0.6967,1.0,211.0,1.0,1.0
5adcb6875542994ed6169bcb,chunk_packed_224,chunk,packed,0.0,0.0,1.0,0.4107,1.0,224.0,1.0,1.0
5a7f95685542995d8a8ddeaa,chunk_packed_224,chunk,packed,0.0,0.0,0.0,0.0,0.0,199.0,0.0,0.0
5a78b386554299148911f949,chunk_packed_224,chunk,packed,0.0,0.0,0.0,0.2698,0.5,215.0,0.5,0.0
5a8c781c554299653c1aa083,chunk_packed_224,chunk,packed,1.0,1.0,1.0,0.3378,1.0,222.0,1.0,1.0
5a80ae105542992bc0c4a7a2,chunk_packed_224,chunk,packed,0.0,0.0,1.0,0.4081,1.0,223.0,1.0,1.0
5a84992e5542992a431d1a6d,chunk_packed_224,chunk,packed,0.0,0.0,0.0,0.2217,0.5,221.0,0.5,0.0
5a8f2cc855429918e830d1be,chunk_packed_224,chunk,packed,0.0,0.0,0.0,0.0762,0.5,210.0,0.5,0.0
5a8841ee5542994846c1ce6b,chunk_packed_224,chunk,packed,0.0,0.0,1.0,0.3059,1.0,219.0,1.0,1.0
5adf85e05542993344016cba,chunk_packed_224,chunk,packed,1.0,1.0,1.0,0.5166,1.0,211.0,1.0,1.0
5a77415b55429966f1a36cd2,chunk_packed_224,chunk,packed,0.0,0.8,1.0,0.2237,1.0,219.0,1.0,1.0
5a72fc865542991f9a20c5e9,chunk_packed_224,chunk,packed,1.0,1.0,1.0,0.451,1.0,204.0,1.0,1.0
5ac4e13f554299076e296e2d,chunk_packed_224,chunk,packed,1.0,1.0,1.0,0.2534,1.0,221.0,1.0,1.0
5a7796e05542992a6e59df0f,chunk_packed_224,chunk,packed,0.0,0.0,1.0,0.4699,1.0,183.0,1.0,1.0
5ae3eabc5542995dadf2424f,chunk_packed_224,chunk,packed,1.0,1.0,1.0,0.2556,1.0,223.0,1.0,1.0
5ae3c71f5542991a06ce9a22,chunk_packed_224,chunk,packed,0.0,0.6667,1.0,0.2029,0.5,207.0,1.0,1.0
5ae25d2b554299495565da46,chunk_packed_224,chunk,packed,0.0,0.0,1.0,0.6239,1.0,218.0,1.0,1.0
5ab8179f5542990e739ec817,chunk_packed_224,chunk,packed,0.0,0.0,1.0,0.3981,1.0,206.0,1.0,1.0
5adc411f5542994650320cbc,chunk_packed_224,chunk,packed,0.0,0.0,1.0,0.4312,1.0,218.0,1.0,1.0
5aba6f3e55429955dce3ee21,chunk_packed_224,chunk,packed,0.0,0.0,0.0,0.53,1.0,200.0,1.0,1.0
5add2dae5542992c1e3a2558,chunk_packed_224,chunk,packed,1.0,1.0,0.0,0.4862,1.0,218.0,1.0,1.0
5ae14b0655429920d52343a6,chunk_packed_224,chunk,packed,0.0,0.0,1.0,0.1927,0.5,218.0,1.0,1.0
5a730a6b5542992359bc3210,chunk_packed_224,chunk,packed,1.0,1.0,1.0,0.295,1.0,200.0,1.0,1.0
5a75fa14554299109176e5dc,chunk_packed_224,chunk,packed,0.0,0.6667,0.0,0.4359,0.5,195.0,1.0,1.0
5ac35a7e554299741d48a257,chunk_packed_224,chunk,packed,0.0,0.6667,1.0,0.2791,1.0,215.0,1.0,1.0
5a8651185542994775f60752,chunk_packed_224,chunk,packed,0.0,0.0,0.0,0.25,1.0,212.0,1.0,1.0
5a79fe3b5542994f819ef119,chunk_packed_224,chunk,packed,1.0,1.0,1.0,0.4601,1.0,213.0,1.0,1.0
5a8268215542995ce29dccfb,chunk_packed_224,chunk,packed,0.0,0.0,0.0,0.1043,0.5,211.0,1.0,1.0
5a7605f85542994ccc91868d,chunk_packed_224,chunk,packed,1.0,1.0,1.0,0.5116,1.0,215.0,1.0,1.0
5adf74075542992d7e9f937c,chunk_packed_224,chunk,packed,1.0,1.0,1.0,0.4558,1.0,215.0,1.0,1.0
5abe2b0155429976d4830a83,chunk_packed_224,chunk,packed,0.0,0.0,0.0,0.2431,0.5,218.0,1.0,1.0
5a849c1b5542997175ce1ef9,chunk_packed_224,chunk,packed,0.0,0.6667,1.0,0.2091,1.0,220.0,1.0,1.0
5a81108855429926c1cdace2,chunk_packed_224,chunk,packed,0.0,0.0,1.0,0.5339,1.0,221.0,1.0,1.0
5a8e06785542995085b37383,chunk_packed_224,chunk,packed,1.0,1.0,1.0,0.2909,1.0,220.0,1.0,1.0
5adbfa38554299438c868d00,chunk_packed_224,chunk,packed,0.0,0.3333,1.0,0.4579,1.0,214.0,1.0,1.0
5a73b1855542992d56e7e388,chunk_packed_224,chunk,packed,0.0,0.8,0.0,0.4208,1.0,221.0,1.0,1.0
5ab94fa25542996be2020474,chunk_packed_224,chunk,packed,0.0,0.0,1.0,0.3226,0.5,217.0,1.0,1.0
5a7e7d4655429934daa2fc2e,chunk_packed_224,chunk,packed,1.0,1.0,1.0,0.25,0.5,224.0,1.0,1.0
5a75d9c05542992db94736f6,chunk_packed_224,chunk,packed,0.0,0.0,0.0,0.1794,0.5,223.0,0.5,0.0
5adf33965542993344016c20,chunk_packed_224,chunk,packed,1.0,1.0,1.0,0.7658,1.0,222.0,1.0,1.0
5a8f979255429918e830d288,chunk_packed_224,chunk,packed,0.0,0.3333,0.0,0.2045,0.5,220.0,0.5,0.0
5a8a17685542993b751ca9f3,chunk_packed_224,chunk,packed,0.0,0.0,1.0,0.4955,1.0,222.0,1.0,1.0
5abd56355542993062266c58,chunk_packed_224,chunk,packed,0.0,0.0,1.0,0.3819,0.5,199.0,1.0,1.0
5ab91f98554299753720f70d,chunk_packed_224,chunk,packed,0.0,0.0,1.0,0.317,1.0,224.0,1.0,1.0
5a811152554299260e20a22e,chunk_packed_224,chunk,packed,0.0,0.8,1.0,0.2969,1.0,192.0,1.0,1.0
5a7a1f795542996c55b2dd1b,chunk_packed_224,chunk,packed,1.0,1.0,1.0,0.4505,1.0,222.0,1.0,1.0
5a7324e055429901807daf8f,chunk_packed_224,chunk,packed,1.0,1.0,1.0,0.5023,1.0,215.0,1.0,1.0
5ab9618f554299743d22eb28,chunk_packed_224,chunk,packed,0.0,0.0,0.0,0.1065,0.5,216.0,0.5,0.0
5abffafe5542997d64295988,chunk_packed_224,chunk,packed,0.0,0.3333,1.0,0.3288,1.0,222.0,1.0,1.0
5a8cee9b554299441c6b9f87,chunk_packed_224,chunk,packed,0.0,0.0,1.0,0.4444,1.0,216.0,1.0,1.0
5a7270395542992359bc30a8,chunk_packed_224,chunk,packed,0.0,0.0,0.0,0.1538,0.5,221.0,0.5,0.0
5ac14d0c5542991316484ae2,chunk_packed_224,chunk,packed,1.0,1.0,1.0,0.465,1.0,200.0,1.0,1.0
5a75a76b5542992db9473697,chunk_packed_224,chunk,packed,1.0,1.0,1.0,0.3318,0.5,220.0,1.0,1.0
5ab55455554299488d4d993b,chunk_packed_224,chunk,packed,0.0,0.0,0.0,0.2837,1.0,215.0,1.0,1.0
5a7f48e15542992e7d278ce6,chunk_packed_224,chunk,packed,0.0,0.0,0.0,0.3653,0.5,219.0,0.5,0.0
5ab7f0995542995dae37e9fb,chunk_packed_224,chunk,packed,1.0,1.0,1.0,0.4507,1.0,213.0,1.0,1.0
5aba89fb5542994dbf019933,chunk_packed_224,chunk,packed,1.0,1.0,1.0,0.4928,1.0,209.0,1.0,1.0
5a7621bb554299109176e650,chunk_packed_224,chunk,packed,1.0,1.0,1.0,0.5799,1.0,219.0,1.0,1.0
5a70f0e75542994082a3e408,chunk_packed_224,chunk,packed,0.0,0.0,1.0,0.2902,1.0,224.0,1.0,1.0
5a773ec45542994aec3b7245,chunk_packed_224,chunk,packed,1.0,1.0,1.0,0.4036,1.0,223.0,1.0,1.0
5a802b595542995d8a8ddf51,chunk_packed_224,chunk,packed,0.0,0.0,1.0,0.0,0.0,191.0,0.5,0.0
5a8de7c65542995085b37353,chunk_packed_224,chunk,packed,1.0,1.0,1.0,0.491,1.0,222.0,1.0,1.0
5ab5b6c1554299637185c5e5,chunk_packed_224,chunk,packed,1.0,1.0,1.0,0.2986,0.5,221.0,0.5,0.0
5abb8e2d554299642a094aa4,chunk_packed_224,chunk,packed,0.0,0.0,1.0,0.4326,1.0,215.0,1.0,1.0
5a7642f7554299109176e6e8,chunk_packed_224,chunk,packed,1.0,1.0,1.0,0.2642,1.0,212.0,1.0,1.0
5a756b175542996c70cfaef7,chunk_packed_224,chunk,packed,0.0,0.0,1.0,0.3099,0.5,213.0,1.0,1.0
5a83161555429940e5e1a958,chunk_packed_224,chunk,packed,0.0,0.0,0.0,0.4545,1.0,220.0,1.0,1.0
5ab3eac5554299753aec59ec,chunk_packed_224,chunk,packed,0.0,0.0,1.0,0.4775,1.0,222.0,1.0,1.0
5a73090455429901807daf6e,chunk_packed_224,chunk,packed,1.0,1.0,1.0,0.277,1.0,213.0,1.0,1.0
5a8c8502554299585d9e36d0,chunk_packed_224,chunk,packed,1.0,1.0,1.0,0.6188,1.0,223.0,1.0,1.0
5a7d598d5542995f4f402262,chunk_packed_224,chunk,packed,1.0,1.0,1.0,0.278,1.0,223.0,1.0,1.0
5a77f4755542992a6e59e01f,chunk_packed_224,chunk,packed,1.0,1.0,1.0,0.3818,1.0,220.0,1.0,1.0
5abcf14f55429959677d6b5b,chunk_packed_224,chunk,packed,0.0,0.4444,0.0,0.507,1.0,213.0,1.0,1.0
5a8d8eb5554299068b959d3a,chunk_packed_224,chunk,packed,1.0,1.0,1.0,0.6332,1.0,199.0,1.0,1.0
5a7e7ed05542991319bc94c2,chunk_packed_224,chunk,packed,0.0,0.0,1.0,0.4305,1.0,223.0,1.0,1.0
5ae236445542992decbdcc69,chunk_packed_224,chunk,packed,0.0,0.4,1.0,0.6798,1.0,203.0,1.0,1.0
5a750de95542993748c897ac,chunk_packed_224,chunk,packed,0.0,0.3333,0.0,0.3379,1.0,219.0,1.0,1.0
5a7fc03d5542992097ad2fbc,chunk_packed_224,chunk,packed,0.0,0.0,1.0,0.5708,1.0,212.0,1.0,1.0
5a7172105542994082a3e837,chunk_packed_224,chunk,packed,1.0,1.0,1.0,0.4234,1.0,222.0,1.0,1.0
5a847edd554299123d8c2272,chunk_packed_224,chunk,packed,0.0,0.0,0.0,0.43,1.0,207.0,1.0,1.0
5ab761d955429928e1fe3856,chunk_packed_224,chunk,packed,1.0,1.0,1.0,0.2545,1.0,224.0,1.0,1.0
5a7a2dac5542990198eaf0b6,chunk_packed_224,chunk,packed,0.0,0.0,1.0,0.3868,1.0,212.0,1.0,1.0
5ae530e355429908b6326561,chunk_packed_224,chunk,packed,1.0,1.0,1.0,0.4843,1.0,223.0,1.0,1.0
5abcff225542993a06baf9ea,chunk_packed_224,chunk,packed,1.0,1.0,1.0,0.4574,1.0,223.0,1.0,1.0
5abe9f7d5542997ec76fd331,chunk_packed_224,chunk,packed,0.0,0.0,0.0,0.1376,0.5,218.0,0.5,0.0
5a8db42f5542994ba4e3dd11,chunk_packed_224,chunk,packed,1.0,1.0,1.0,0.1848,1.0,211.0,1.0,1.0
5ae658855542992ae0d162e3,chunk_packed_224,chunk,packed,0.0,0.0,1.0,0.283,0.5,212.0,0.5,0.0
5a8c6d4e5542996e8ac88aa6,chunk_packed_224,chunk,packed,0.0,0.0,1.0,0.2959,1.0,196.0,1.0,1.0
5aba65a055429939ce03dcd2,chunk_packed_224,chunk,packed,1.0,1.0,1.0,0.5787,1.0,197.0,1.0,1.0
5ae199305542997b2ef7d20e,chunk_packed_224,chunk,packed,0.0,0.0,1.0,0.3175,1.0,211.0,1.0,1.0
5a806aca5542996402f6a503,chunk_packed_224,chunk,packed,0.0,0.0,0.0,0.1925,0.5,213.0,0.5,0.0
5ae336495542990afbd1e0e1,chunk_packed_224,chunk,packed,0.0,0.8,0.0,0.2886,0.5,201.0,1.0,1.0
5a8198565542995ce29dcc13,chunk_packed_224,chunk,packed,0.0,0.0,0.0,0.4305,1.0,223.0,1.0,1.0
5a9068075542990a9849361a,chunk_packed_224,chunk,packed,0.0,0.0,1.0,0.6298,1.0,208.0,1.0,1.0
5a7a2be25542996a35c17118,chunk_packed_224,chunk,packed,1.0,1.0,1.0,0.5919,1.0,223.0,1.0,1.0
5a7562045542992db947364f,chunk_packed_224,chunk,packed,1.0,1.0,1.0,0.6019,1.0,216.0,1.0,1.0
5ac2a55b55429921a00ab018,chunk_packed_224,chunk,packed,0.0,0.0,1.0,0.3821,0.5,212.0,1.0,1.0
5abccf6755429965836004ab,chunk_packed_224,chunk,packed,0.0,0.0,0.0,0.4253,1.0,221.0,1.0,1.0
5a7c8ae855429935c91b5207,chunk_packed_224,chunk,packed,0.0,0.8,1.0,0.5253,1.0,217.0,1.0,1.0
5ab30ebf554299753aec592c,chunk_packed_224,chunk,packed,0.0,0.0,1.0,0.2677,0.5,198.0,0.5,0.0
5ab2b95c5542991669774072,chunk_packed_224,chunk,packed,1.0,1.0,1.0,0.555,1.0,200.0,1.0,1.0
5ac2a10e554299657fa28fec,chunk_packed_224,chunk,packed,1.0,1.0,1.0,0.202,0.5,198.0,0.5,0.0
5abb02fe554299232ef4a39f,chunk_packed_224,chunk,packed,1.0,1.0,1.0,0.5714,1.0,217.0,1.0,1.0
5a8eb4d65542990e94052b82,chunk_packed_224,chunk,packed,1.0,1.0,1.0,0.3284,1.0,201.0,1.0,1.0
5a8ba60b554299240d9c205b,chunk_packed_224,chunk,packed,1.0,1.0,1.0,0.5225,1.0,222.0,1.0,1.0
5a807ca5554299485f598613,chunk_packed_224,chunk,packed,0.0,0.25,0.0,0.2294,0.5,218.0,1.0,1.0
5a7c0dab5542997c3ec972d2,chunk_packed_224,chunk,packed,0.0,0.5,1.0,0.2679,1.0,224.0,1.0,1.0
5a89019a5542995153361259,chunk_packed_224,chunk,packed,0.0,0.0,1.0,0.3018,0.5,222.0,0.5,0.0
5a7f00b455429930675135f1,chunk_packed_224,chunk,packed,1.0,1.0,1.0,0.4931,1.0,217.0,1.0,1.0
5a8220db5542995ce29dccc1,chunk_packed_224,chunk,packed,1.0,1.0,1.0,0.3182,1.0,220.0,1.0,1.0
5ab510cb5542996a3a96a00f,chunk_packed_224,chunk,packed,0.0,0.0,0.0,0.2511,0.5,223.0,1.0,1.0
5a80a25d5542995d8a8ddfb7,chunk_packed_224,chunk,packed,0.0,0.0,0.0,0.0574,0.5,209.0,0.5,0.0
5adf5cd25542992d7e9f9320,chunk_packed_224,chunk,packed,0.0,0.0,1.0,0.1952,0.5,210.0,0.5,0.0
5a75ebfc5542992d0ec06018,chunk_packed_224,chunk,packed,0.0,0.0,0.0,0.3364,0.5,214.0,1.0,1.0
5ab29caa554299545a2cf9d3,chunk_packed_224,chunk,packed,1.0,1.0,1.0,0.6161,1.0,224.0,1.0,1.0
5ae0536755429924de1b70a6,chunk_packed_224,chunk,packed,0.0,0.0,0.0,0.2883,1.0,222.0,1.0,1.0
5ae17a9b5542990adbacf7a2,chunk_packed_224,chunk,packed,0.0,0.0,0.0,0.3562,1.0,219.0,1.0,1.0
5a8f503c5542992414482a34,chunk_packed_224,chunk,packed,0.0,0.0,1.0,0.3874,0.5,222.0,0.5,0.0
5ae0159855429925eb1afc09,chunk_packed_224,chunk,packed,1.0,1.0,1.0,0.1757,0.5,222.0,1.0,1.0
5a8b2f2b5542995d1e6f12fa,chunk_packed_224,chunk,packed,0.0,0.0,1.0,0.197,1.0,203.0,1.0,1.0
5a90386455429916514e7435,chunk_packed_224,chunk,packed,0.0,0.0,1.0,0.3037,1.0,214.0,1.0,1.0
5ab43179554299233955004d,chunk_packed_224,chunk,packed,0.0,0.0,0.0,0.1667,0.5,198.0,0.5,0.0
5a8b42be55429949d91db515,chunk_packed_224,chunk,packed,0.0,0.5,1.0,0.5263,1.0,209.0,1.0,1.0
5a8d6d4e554299441c6b9fdb,chunk_packed_224,chunk,packed,0.0,0.5,1.0,0.4143,1.0,210.0,1.0,1.0
5ae40a2955429970de88d8a3,chunk_packed_224,chunk,packed,0.0,0.0,0.0,0.0981,0.5,214.0,0.5,0.0
5adcfebe5542992c1e3a24f3,chunk_packed_224,chunk,packed,0.0,0.0,1.0,0.3545,1.0,220.0,1.0,1.0
5ab5a3fb5542997d4ad1f19b,chunk_packed_224,chunk,packed,0.0,0.8,0.0,0.4709,1.0,223.0,1.0,1.0
5ac2ffbd554299677310267b,chunk_packed_224,chunk,packed,0.0,0.0,1.0,0.4638,1.0,207.0,1.0,1.0
5a7133fa5542994082a3e660,chunk_packed_224,chunk,packed,0.0,0.0,1.0,0.4464,1.0,224.0,1.0,1.0
5abea7c25542990832d3a068,chunk_packed_224,chunk,packed,1.0,1.0,1.0,0.4866,1.0,224.0,1.0,1.0
5a8a09765542992d82986e67,chunk_packed_224,chunk,packed,0.0,0.8,0.0,0.3094,1.0,223.0,1.0,1.0
5a72a51355429901807daf21,chunk_packed_224,chunk,packed,1.0,1.0,1.0,0.5294,1.0,221.0,1.0,1.0
5aba72d75542994dbf019912,chunk_packed_224,chunk,packed,1.0,1.0,1.0,0.257,0.5,214.0,1.0,1.0
5adcd9fe5542990d50227d46,chunk_packed_224,chunk,packed,0.0,0.0,1.0,0.3119,1.0,218.0,1.0,1.0
5ae5c212554299546bf82f4b,chunk_packed_224,chunk,packed,0.0,0.0,1.0,0.2396,1.0,217.0,1.0,1.0
5a7320565542991f9a20c61d,chunk_packed_224,chunk,packed,0.0,0.0,1.0,0.6701,1.0,197.0,1.0,1.0
5add596f5542990dbb2f7e4d,chunk_packed_224,chunk,packed,0.0,0.0,1.0,0.3767,1.0,215.0,1.0,1.0
5adfb60655429942ec259b08,chunk_packed_224,chunk,packed,0.0,0.3333,0.0,0.2227,0.5,220.0,0.5,0.0
5a74adb455429916b01641c6,chunk_packed_224,chunk,packed,0.0,0.0,1.0,0.1765,0.5,221.0,1.0,1.0
5ae27df25542992decbdcd2a,chunk_packed_224,chunk,packed,0.0,0.0,0.0,0.2991,1.0,214.0,1.0,1.0
5a8baf4b5542996e8ac889c5,chunk_packed_224,chunk,packed,0.0,0.0,1.0,0.2679,1.0,224.0,1.0,1.0
5ae352285542994393b9e685,chunk_packed_224,chunk,packed,1.0,1.0,1.0,0.4121,1.0,199.0,1.0,1.0
5a8e0a005542995085b373a1,chunk_packed_224,chunk,packed,0.0,0.0,0.0,0.1509,0.5,212.0,0.5,0.0
5ab639e65542995eadeeff7f,chunk_packed_224,chunk,packed,0.0,0.0,0.0,0.2386,0.5,197.0,1.0,1.0
5ade99295542992fa25da7d8,chunk_packed_224,chunk,packed,0.0,0.0,1.0,0.4091,0.5,198.0,1.0,1.0
5ac26b7f55429951e9e685ae,chunk_packed_224,chunk,packed,0.0,0.0,0.0,0.3301,0.5,206.0,0.5,0.0
5ae351405542994393b9e67f,chunk_packed_224,chunk,packed,0.0,0.0,1.0,0.4775,1.0,222.0,1.0,1.0
5a7f6f4b5542994857a76740,chunk_packed_224,chunk,packed,0.0,0.8,1.0,0.3538,1.0,212.0,1.0,1.0
5a81346055429926c1cdad13,chunk_packed_224,chunk,packed,0.0,0.1818,1.0,0.4147,1.0,217.0,1.0,1.0
5a716f575542994082a3e82f,chunk_packed_224,chunk,packed,0.0,0.0,1.0,0.3155,1.0,206.0,1.0,1.0
5a812d0555429938b61422e1,chunk_packed_224,chunk,packed,1.0,1.0,1.0,0.3982,1.0,221.0,1.0,1.0
5a826d2f5542995ce29dcd05,chunk_packed_224,chunk,packed,0.0,0.0,1.0,0.7277,1.0,213.0,1.0,1.0
5ab67c3f55429954757d32f9,chunk_packed_224,chunk,packed,1.0,1.0,0.0,0.338,1.0,213.0,1.0,1.0
5ae20e265542994d89d5b325,chunk_packed_224,chunk,packed,0.0,0.0,0.0,0.4409,1.0,220.0,1.0,1.0
5ae7eed8554299540e5a56b5,chunk_packed_224,chunk,packed,0.0,0.6667,1.0,0.3224,1.0,214.0,1.0,1.0
5a7555215542996c70cfaee1,chunk_packed_224,chunk,packed,1.0,1.0,1.0,0.3274,1.0,223.0,1.0,1.0
5ab9b29c554299743d22ebae,chunk_packed_224,chunk,packed,1.0,1.0,0.0,0.5045,1.0,224.0,1.0,1.0
5ae2c696554299495565db32,chunk_packed_224,chunk,packed,0.0,0.8333,1.0,0.3861,0.5,202.0,1.0,1.0
5a832f9d5542993344745fe4,chunk_packed_224,chunk,packed,0.0,0.0,0.0,0.0,0.0,206.0,0.5,0.0
5a79e3925542994bb9457130,chunk_packed_224,chunk,packed,0.0,0.2857,1.0,0.5,1.0,212.0,1.0,1.0
5ae713af554299572ea546bb,chunk_packed_224,chunk,packed,0.0,0.0,1.0,0.5116,1.0,215.0,1.0,1.0
5ade450b5542997c77adedc5,chunk_packed_224,chunk,packed,0.0,0.8,1.0,0.3615,0.5,213.0,1.0,1.0
5ab3cecd5542992ade7c6eae,chunk_packed_224,chunk,packed,0.0,0.0,0.0,0.2791,0.5,215.0,1.0,1.0
5ae4be5c5542995ad6573e3a,chunk_packed_224,chunk,packed,0.0,0.0,1.0,0.2703,0.5,222.0,0.5,0.0
5a8d5ec2554299585d9e37c4,chunk_packed_224,chunk,packed,0.0,0.0,0.0,0.5049,1.0,206.0,1.0,1.0
5ae765185542995703ce8c0f,chunk_packed_224,chunk,packed,0.0,0.0,1.0,0.3252,1.0,206.0,1.0,1.0
5ab2c6a955429916697740c2,chunk_packed_224,chunk,packed,0.0,0.0,1.0,0.414,1.0,215.0,1.0,1.0
5ab6369655429953192ad2a1,chunk_packed_224,chunk,packed,1.0,1.0,1.0,0.4167,1.0,216.0,1.0,1.0
5a7b220855429931da12c9e5,chunk_packed_224,chunk,packed,1.0,1.0,1.0,0.2269,1.0,216.0,1.0,1.0
5a81d92f554299676cceb0f9,chunk_packed_224,chunk,packed,0.0,0.0,1.0,0.3091,0.5,220.0,1.0,1.0
5a7b735c5542997c3ec9718a,chunk_packed_224,chunk,packed,0.0,0.0,1.0,0.2243,0.5,214.0,1.0,1.0
5a724a2b5542990c210a40bc,chunk_packed_224,chunk,packed,0.0,0.6667,1.0,0.3146,1.0,213.0,1.0,1.0
5ae5db98554299546bf82fa6,chunk_packed_224,chunk,packed,0.0,0.5,0.0,0.4332,1.0,217.0,1.0,1.0
5a7344e95542991f9a20c6ce,chunk_packed_224,chunk,packed,0.0,0.0,0.0,0.0,0.0,218.0,0.5,0.0
5ab6dbc15542995eadef00cd,chunk_packed_224,chunk,packed,0.0,0.0,0.0,0.3653,1.0,219.0,1.0,1.0
5a88016b5542997e5c09a58a,chunk_packed_224,chunk,packed,0.0,0.0,1.0,0.4062,1.0,224.0,1.0,1.0
5ab5e024554299494045f097,chunk_packed_224,chunk,packed,0.0,0.0,0.0,0.4953,1.0,212.0,1.0,1.0
5ac44629554299194317395d,chunk_packed_224,chunk,packed,0.0,0.0,1.0,0.5187,1.0,214.0,1.0,1.0
5a7afdc85542992d025e672e,chunk_packed_224,chunk,packed,0.0,0.8,1.0,0.505,1.0,202.0,1.0,1.0
5ae834e95542997ec272776a,chunk_packed_224,chunk,packed,0.0,0.0,1.0,0.5556,1.0,216.0,1.0,1.0
5abbdb335542992ccd8e7fc1,chunk_packed_224,chunk,packed,0.0,0.0,0.0,0.5926,1.0,216.0,1.0,1.0
5a79c9cc554299148911fa53,chunk_packed_224,chunk,packed,1.0,1.0,1.0,0.4045,1.0,220.0,1.0,1.0
5ac38c0755429939154137bb,chunk_packed_224,chunk,packed,0.0,0.4,1.0,0.4375,1.0,224.0,1.0,1.0
5a8b7cb95542995d1e6f13bb,chunk_packed_224,chunk,packed,0.0,0.0,0.0,0.1306,0.5,222.0,0.5,0.0
5addfdfa5542997dc790710b,chunk_packed_224,chunk,packed,0.0,0.0,0.0,0.3167,0.5,221.0,1.0,1.0
5a88d745554299206df2b378,chunk_packed_224,chunk,packed,0.0,0.0,1.0,0.2304,1.0,204.0,1.0,1.0
5ae6940e5542991bbc97613f,chunk_packed_224,chunk,packed,0.0,0.6667,1.0,0.3039,1.0,181.0,1.0,1.0
5abe3abb55429965af743ea1,chunk_packed_224,chunk,packed,0.0,0.5,0.0,0.2679,0.5,224.0,0.5,0.0
5a8ba9d255429971feec4759,chunk_packed_224,chunk,packed,0.0,0.0,0.0,0.2422,0.5,223.0,0.5,0.0
5ab2b6fb5542992953946848,chunk_packed_224,chunk,packed,0.0,0.0,0.0,0.1106,0.5,217.0,1.0,1.0
5adfd2f255429925eb1afaa5,chunk_packed_224,chunk,packed,0.0,0.0,1.0,0.4459,1.0,222.0,1.0,1.0
5a7a33a35542994f819ef14c,chunk_packed_224,chunk,packed,0.0,0.0,1.0,0.4619,1.0,210.0,1.0,1.0
5a8ba07d5542996e8ac88985,chunk_packed_224,chunk,packed,0.0,0.0,1.0,0.4545,1.0,220.0,1.0,1.0
5ab8f57b5542991b5579f097,chunk_packed_224,chunk,packed,0.0,0.0,0.0,0.2664,1.0,214.0,1.0,1.0
5abfb3425542990832d3a1c0,chunk_packed_224,chunk,packed,1.0,1.0,1.0,0.2146,0.5,219.0,0.5,0.0
5ab5ac345542992aa134a37f,chunk_packed_224,chunk,packed,1.0,1.0,1.0,0.5616,1.0,219.0,1.0,1.0
5a8e63d65542995085b37421,chunk_packed_224,chunk,packed,1.0,1.0,0.0,0.2963,1.0,216.0,1.0,1.0
5a89706055429951533612f9,chunk_packed_224,chunk,packed,1.0,1.0,1.0,0.37,1.0,200.0,1.0,1.0
5a8e612b5542995085b3741b,chunk_packed_224,chunk,packed,0.0,0.0,1.0,0.3478,1.0,207.0,1.0,1.0
5a738fb4554299623ed4abf9,chunk_packed_224,chunk,packed,1.0,1.0,1.0,0.56,1.0,200.0,1.0,1.0
5a8bc29a5542995d1e6f1446,chunk_packed_224,chunk,packed,0.0,0.0,0.0,0.2977,0.5,215.0,0.5,0.0
5abfe2a15542997d6429591c,chunk_packed_224,chunk,packed,0.0,0.3333,1.0,0.3884,1.0,224.0,1.0,1.0
5a868ca055429960ec39b6be,chunk_packed_224,chunk,packed,0.0,0.0,0.0,0.1553,0.5,219.0,0.5,0.0
5a820f2c55429926c1cdae17,chunk_packed_224,chunk,packed,0.0,0.0,0.0,0.1705,0.5,217.0,1.0,1.0
5ae5a4e5554299546bf82f01,chunk_packed_224,chunk,packed,0.0,0.75,1.0,0.4597,1.0,211.0,1.0,1.0
5a8d0c74554299585d9e37a1,chunk_packed_224,chunk,packed,1.0,1.0,1.0,0.5343,1.0,204.0,1.0,1.0
5ab9d7e4554299232ef4a21f,chunk_packed_224,chunk,packed,0.0,0.0,1.0,0.4279,1.0,201.0,1.0,1.0
5a7148d25542994082a3e766,chunk_packed_224,chunk,packed,0.0,0.0,1.0,0.5275,1.0,218.0,1.0,1.0
5ae6233c5542992ae0d1623e,chunk_packed_224,chunk,packed,0.0,0.0,0.0,0.4144,1.0,222.0,1.0,1.0
5adff2aa554299603e4183d0,chunk_packed_224,chunk,packed,0.0,0.0,1.0,0.3922,1.0,204.0,1.0,1.0
5ade7fa3554299728e26c727,chunk_packed_224,chunk,packed,0.0,0.0,0.0,0.1786,0.5,224.0,0.5,0.0
5a8f38fa55429924144829f5,chunk_packed_224,chunk,packed,0.0,0.6667,1.0,0.213,0.5,216.0,1.0,1.0
5a8f51695542992414482a3e,chunk_packed_224,chunk,packed,0.0,0.0,0.0,0.1,0.5,220.0,0.5,0.0
5a88db445542993b751ca88a,chunk_packed_224,chunk,packed,1.0,1.0,1.0,0.3665,1.0,221.0,1.0,1.0
5a7ef6b35542994959419a94,chunk_packed_224,chunk,packed,0.0,0.0,1.0,0.3252,1.0,206.0,1.0,1.0
5a8e494e5542995a26add4c8,chunk_packed_224,chunk,packed,0.0,0.5,0.0,0.1345,0.5,223.0,1.0,1.0
5ab5d43f5542997d4ad1f1f6,chunk_packed_224,chunk,packed,0.0,0.0,1.0,0.4579,1.0,214.0,1.0,1.0
5a7905ca554299148911f9c8,chunk_packed_224,chunk,packed,0.0,0.0,0.0,0.0,0.0,206.0,0.5,0.0
5ab30f9a554299233954fef2,chunk_packed_224,chunk,packed,1.0,1.0,1.0,0.5507,1.0,207.0,1.0,1.0
5ab3849a55429969a97a8170,chunk_packed_224,chunk,packed,1.0,1.0,1.0,0.2105,0.5,209.0,0.5,0.0
5a7bc5f255429927d897c03e,chunk_packed_224,chunk,packed,1.0,1.0,1.0,0.2466,1.0,219.0,1.0,1.0
5a7f22005542993067513657,chunk_packed_224,chunk,packed,1.0,1.0,1.0,0.3881,1.0,219.0,1.0,1.0
5ab925fd554299131ca42281,chunk_packed_224,chunk,packed,0.0,0.0,1.0,0.5586,1.0,222.0,1.0,1.0
5a76244c554299109176e65d,chunk_packed_224,chunk,packed,0.0,0.0,0.0,0.1912,0.5,204.0,0.5,0.0
5ab53bee554299637185c526,chunk_packed_224,chunk,packed,0.0,0.0,0.0,0.2192,0.5,219.0,0.5,0.0
5ab6aa4c55429953192ad359,chunk_packed_224,chunk,packed,0.0,0.0,0.0,0.0,0.0,222.0,0.5,0.0
5abe832a55429965af743f29,chunk_packed_224,chunk,packed,0.0,0.0,0.0,0.2857,0.5,224.0,0.5,0.0
5ab5b732554299494045f03c,chunk_packed_224,chunk,packed,1.0,1.0,1.0,0.493,1.0,213.0,1.0,1.0
5adffb4655429925eb1afbbf,chunk_packed_224,chunk,packed,0.0,0.0,0.0,0.3814,0.5,215.0,0.5,0.0
5ae6d3345542996d980e7c85,chunk_packed_224,chunk,packed,0.0,0.0,1.0,0.5138,1.0,218.0,1.0,1.0
5ab878ba55429916710eb06c,chunk_packed_224,chunk,packed,0.0,0.0,1.0,0.3394,0.5,221.0,1.0,1.0
5a7509175542993748c897a3,chunk_packed_224,chunk,packed,1.0,1.0,1.0,0.2091,0.5,220.0,0.5,0.0
5a8ac38855429970aeb70300,chunk_packed_224,chunk,packed,1.0,1.0,1.0,0.5047,1.0,212.0,1.0,1.0
5a8bc03d5542996e8ac88a0b,chunk_packed_224,chunk,packed,0.0,0.0,1.0,0.2321,0.5,224.0,0.5,0.0
5ae4ad375542995dadf243a4,chunk_packed_224,chunk,packed,0.0,0.0,0.0,0.157,0.5,223.0,0.5,0.0
5a7da0de5542990b8f5039d7,chunk_packed_224,chunk,packed,0.0,0.8,1.0,0.4081,1.0,223.0,1.0,1.0
5a8af0a355429950cd6afc1c,chunk_packed_224,chunk,packed,0.0,0.0,1.0,0.2404,0.5,183.0,1.0,1.0
5a73522d5542994cef4bc541,chunk_packed_224,chunk,packed,1.0,1.0,1.0,0.4252,1.0,214.0,1.0,1.0
5ab3a83d5542992ade7c6e08,chunk_packed_224,chunk,packed,0.0,0.0,1.0,0.5,1.0,212.0,1.0,1.0
5ab84d5a55429916710eb028,chunk_packed_224,chunk,packed,0.0,0.0,0.0,0.4884,1.0,215.0,1.0,1.0
5a7f57a45542992097ad2f29,chunk_packed_224,chunk,packed,0.0,0.0,1.0,0.2315,0.5,216.0,0.5,0.0
5ae764a85542997b22f6a720,chunk_packed_224,chunk,packed,0.0,0.5,1.0,0.5471,1.0,223.0,1.0,1.0
5a7b1023554299042af8f6c2,chunk_packed_224,chunk,packed,1.0,1.0,1.0,0.3632,1.0,223.0,1.0,1.0
5a80707e5542992bc0c4a70e,chunk_packed_224,chunk,packed,0.0,0.0,0.0,0.7972,1.0,212.0,1.0,1.0
5a8e16a5554299068b959e58,chunk_packed_224,chunk,packed,1.0,1.0,1.0,0.4828,1.0,203.0,1.0,1.0
5a875cd65542996e4f30879d,chunk_packed_224,chunk,packed,0.0,0.8,1.0,0.3981,1.0,206.0,1.0,1.0
5a78d16455429974737f78bb,chunk_packed_224,chunk,packed,0.0,0.8,1.0,0.202,1.0,198.0,1.0,1.0
5a895f6155429946c8d6e914,chunk_packed_224,chunk,packed,0.0,0.5,1.0,0.4509,1.0,224.0,1.0,1.0
5a84f8555542997175ce1f3a,chunk_packed_224,chunk,packed,0.0,0.0,1.0,0.2755,0.5,196.0,1.0,1.0
5ab31adc554299233954ff0a,chunk_packed_224,chunk,packed,0.0,0.0,0.0,0.2396,0.5,217.0,1.0,1.0
5ac3ba1855429939154138f3,chunk_packed_224,chunk,packed,0.0,0.0,0.0,0.5,1.0,198.0,1.0,1.0
5a7380b955429908901be2d4,chunk_packed_224,chunk,packed,0.0,0.0,1.0,0.4955,1.0,224.0,1.0,1.0
5a8f92fb55429918e830d271,chunk_packed_224,chunk,packed,1.0,1.0,1.0,0.3732,0.5,209.0,1.0,1.0
5a88082055429938390d3ed2,chunk_packed_224,chunk,packed,1.0,1.0,1.0,0.505,1.0,200.0,1.0,1.0
5a7d22dc5542995ed0d16600,chunk_packed_224,chunk,packed,1.0,1.0,1.0,0.6396,1.0,222.0,1.0,1.0
5ae291bb5542996483e649f6,chunk_packed_224,chunk,packed,0.0,0.0,1.0,0.6037,1.0,217.0,1.0,1.0
5abfde655542997719eab6f2,chunk_packed_224,chunk,packed,0.0,0.0,1.0,0.5124,1.0,201.0,1.0,1.0
5ae67fad5542991bbc976100,chunk_packed_224,chunk,packed,0.0,0.0,0.0,0.2864,0.5,213.0,0.5,0.0
5ab2a1f35542997061209677,chunk_packed_224,chunk,packed,1.0,1.0,1.0,0.6897,1.0,203.0,1.0,1.0
5a74ab6055429916b01641b9,chunk_packed_224,chunk,packed,1.0,1.0,1.0,0.4583,1.0,216.0,1.0,1.0
5a8b97485542995d1e6f140f,chunk_packed_224,chunk,packed,0.0,0.0,1.0,0.3871,1.0,217.0,1.0,1.0
5adcdc6c5542992c1e3a2437,chunk_packed_224,chunk,packed,0.0,0.0,0.0,0.3192,0.5,213.0,0.5,0.0
5ae73ddb554299572ea5478d,chunk_packed_224,chunk,packed,1.0,1.0,1.0,0.3224,1.0,214.0,1.0,1.0
5ade618e554299728e26c700,chunk_packed_224,chunk,packed,0.0,0.0,1.0,0.4018,1.0,224.0,1.0,1.0
5a76404b5542994ccc91873d,chunk_packed_224,chunk,packed,1.0,1.0,1.0,0.2878,0.5,205.0,1.0,1.0
5ac44b47554299194317396c,chunk_packed_224,chunk,packed,0.0,0.1818,0.0,0.2018,0.5,218.0,1.0,1.0
5ac27afa5542990b17b153b5,chunk_packed_224,chunk,packed,0.0,0.0,0.0,0.0,0.0,222.0,0.5,0.0
5ac2c4fe554299218029db3b,chunk_packed_224,chunk,packed,0.0,0.0,0.0,0.4813,1.0,214.0,1.0,1.0
5ae49b705542995ad6573dbc,chunk_packed_224,chunk,packed,0.0,0.25,1.0,0.2535,1.0,213.0,1.0,1.0
5ae5fc345542993aec5ec1f8,chunk_packed_224,chunk,packed,1.0,1.0,1.0,0.5136,1.0,220.0,1.0,1.0
5a8d651955429941ae14dfaf,chunk_packed_224,chunk,packed,1.0,1.0,1.0,0.3058,1.0,206.0,1.0,1.0
5a839cb9554299123d8c2169,chunk_packed_224,chunk,packed,1.0,1.0,0.0,0.4318,1.0,220.0,1.0,1.0
5adbe1b355429944faac23a0,chunk_packed_224,chunk,packed,1.0,1.0,1.0,0.3498,1.0,223.0,1.0,1.0
5ac29cf8554299218029dac2,chunk_packed_224,chunk,packed,0.0,0.0,0.0,0.0,0.0,216.0,0.0,0.0
5ae21ef35542994d89d5b35d,chunk_packed_224,chunk,packed,1.0,1.0,1.0,0.6507,1.0,209.0,1.0,1.0
5ae1ebf95542997283cd22f2,chunk_packed_224,chunk,packed,0.0,0.0,1.0,0.5164,1.0,213.0,1.0,1.0
5a8b98665542995d1e6f1413,chunk_packed_224,chunk,packed,1.0,1.0,1.0,0.19,1.0,221.0,1.0,1.0
5ae3d67f5542992f92d8238f,chunk_packed_224,chunk,packed,0.0,0.0,0.0,0.1441,0.5,222.0,0.5,0.0
5a8cb4b2554299585d9e372a,chunk_packed_224,chunk,packed,0.0,0.0,1.0,0.1951,0.5,205.0,0.5,0.0
5ae30aa05542992decbdcdd7,chunk_packed_224,chunk,packed,0.0,0.0,1.0,0.4252,1.0,214.0,1.0,1.0
5adcaa7f5542990d50227cdb,chunk_packed_224,chunk,packed,0.0,0.0,0.0,0.289,1.0,218.0,1.0,1.0
5a8d40715542994ba4e3dc3a,chunk_packed_224,chunk,packed,0.0,0.0,1.0,0.4554,1.0,224.0,1.0,1.0
5ae4f2595542990ba0bbb1a8,chunk_packed_224,chunk,packed,0.0,0.0,0.0,0.415,0.5,200.0,0.5,0.0
5ac507725542994611c8b32a,chunk_packed_224,chunk,packed,0.0,0.0,0.0,0.2132,0.5,197.0,0.5,0.0
5a8f5bb45542992414482a77,chunk_packed_224,chunk,packed,0.0,0.0,0.0,0.0529,0.5,208.0,0.5,0.0
5ae1f2d4554299234fd04358,chunk_packed_224,chunk,packed,0.0,0.0,0.0,0.3108,0.5,222.0,0.5,0.0
5ae2fca555429928c423958a,chunk_packed_224,chunk,packed,0.0,0.0,0.0,0.1806,0.5,216.0,0.5,0.0
5adc0f8d55429947ff1738ef,chunk_packed_224,chunk,packed,0.0,0.0,1.0,0.455,1.0,222.0,1.0,1.0
5add64065542995b365fab25,chunk_packed_224,chunk,packed,0.0,0.0,1.0,0.3364,1.0,220.0,1.0,1.0
5a7d26bd554299452d57bb28,chunk_packed_224,chunk,packed,0.0,0.0,1.0,0.5611,1.0,221.0,1.0,1.0
5abba581554299642a094af9,chunk_packed_224,chunk,packed,0.0,0.0,0.0,0.4612,1.0,219.0,1.0,1.0
5a7f89c75542994857a76775,chunk_packed_224,chunk,packed,1.0,1.0,1.0,0.4727,1.0,220.0,1.0,1.0
5ae531695542990ba0bbb1fb,chunk_packed_224,chunk,packed,0.0,0.0,0.0,0.3209,0.5,215.0,0.5,0.0
5a8d5f16554299585d9e37c5,chunk_packed_224,chunk,packed,1.0,1.0,1.0,0.2654,0.5,211.0,1.0,1.0
5ade1f1c55429939a52fe82d,chunk_packed_224,chunk,packed,0.0,0.0,1.0,0.3951,1.0,205.0,1.0,1.0
5a70f4c45542994082a3e437,chunk_packed_224,chunk,packed,1.0,1.0,1.0,0.4698,1.0,215.0,1.0,1.0
5a8a07af55429970aeb70222,chunk_packed_224,chunk,packed,1.0,1.0,1.0,0.4018,1.0,224.0,1.0,1.0
5abd332e5542993062266bdd,chunk_packed_224,chunk,packed,0.0,0.2857,1.0,0.2322,0.5,211.0,0.5,0.0
5ae4869755429970de88d99a,chunk_packed_224,chunk,packed,0.0,0.0,1.0,0.5024,1.0,209.0,1.0,1.0
5a8d841955429941ae14dfe6,chunk_packed_224,chunk,packed,0.0,0.0,1.0,0.1486,0.5,222.0,0.5,0.0
5a87c0945542996e4f30890b,chunk_packed_224,chunk,packed,1.0,1.0,0.0,0.4865,1.0,222.0,1.0,1.0
5a8a9bc15542996c9b8d5f36,chunk_packed_224,chunk,packed,1.0,1.0,1.0,0.412,1.0,216.0,1.0,1.0
5adc93a4554299438c868e01,chunk_packed_224,chunk,packed,0.0,0.0,0.0,0.1741,0.5,224.0,0.5,0.0
5ae564a155429960a22e02e4,chunk_packed_224,chunk,packed,0.0,0.0,1.0,0.397,1.0,199.0,1.0,1.0
5ab56b9b5542997d4ad1f113,chunk_packed_224,chunk,packed,0.0,0.0,1.0,0.3788,1.0,198.0,1.0,1.0
5a74d9c555429929fddd84fb,chunk_packed_224,chunk,packed,1.0,1.0,1.0,0.0854,0.5,199.0,1.0,1.0
5a8af56855429950cd6afc2f,chunk_packed_224,chunk,packed,0.0,0.0,0.0,0.3812,1.0,223.0,1.0,1.0
5ab3c470554299233954ffa1,chunk_packed_224,chunk,packed,1.0,1.0,1.0,0.4589,1.0,207.0,1.0,1.0
5ae20c465542997283cd236a,chunk_packed_224,chunk,packed,0.0,0.0,0.0,0.2896,0.5,221.0,0.5,0.0
5ab5b701554299637185c5e7,chunk_packed_224,chunk,packed,0.0,0.0,1.0,0.2242,0.5,223.0,0.5,0.0
5ae829ea5542997ec2727738,chunk_packed_224,chunk,packed,0.0,0.3333,0.0,0.5859,0.5,198.0,0.5,0.0
5ac546975542993e66e8229a,chunk_packed_224,chunk,packed,1.0,1.0,1.0,0.4273,1.0,220.0,1.0,1.0
5a81a63c5542990a1d231e45,chunk_packed_224,chunk,packed,0.0,0.5,0.0,0.2072,0.5,222.0,1.0,1.0
5a72af155542992359bc316c,chunk_packed_224,chunk,packed,1.0,1.0,1.0,0.4773,1.0,220.0,1.0,1.0
5abd6f0855429933744ab7d5,chunk_packed_224,chunk,packed,0.0,0.0,0.0,0.1591,0.5,220.0,1.0,1.0
5adefcf15542995ec70e8f4c,chunk_packed_224,chunk,packed,0.0,0.0,1.0,0.6121,1.0,214.0,1.0,1.0
5ae15ae25542990adbacf767,chunk_packed_224,chunk,packed,1.0,1.0,1.0,0.2321,0.5,224.0,1.0,1.0
5abbf43d5542993f40c73c2f,chunk_packed_224,chunk,packed,1.0,1.0,1.0,0.2877,0.5,212.0,1.0,1.0
5a7ab1b055429927d897bef4,chunk_packed_224,chunk,packed,1.0,1.0,1.0,0.23,1.0,213.0,1.0,1.0
5a7d2afd5542995f4f402221,chunk_packed_224,chunk,packed,1.0,1.0,1.0,0.662,1.0,216.0,1.0,1.0
5a84c0765542991dd0999dd9,chunk_packed_224,chunk,packed,0.0,0.0,0.0,0.157,0.5,223.0,0.5,0.0
5ae0bc185542993d6555ec29,chunk_packed_224,chunk,packed,0.0,0.0,0.0,0.1964,0.5,224.0,0.5,0.0
5a7cef5d55429909bec768ac,chunk_packed_224,chunk,packed,0.0,0.0,1.0,0.4369,1.0,222.0,1.0,1.0
5a899f4955429946c8d6e971,chunk_packed_224,chunk,packed,1.0,1.0,1.0,0.4601,1.0,213.0,1.0,1.0
5a8ed7b455429917b4a5bdd1,chunk_packed_224,chunk,packed,1.0,1.0,1.0,0.534,1.0,206.0,1.0,1.0
5a835a265542992ef85e2281,chunk_packed_224,chunk,packed,0.0,0.5,1.0,0.4839,1.0,217.0,1.0,1.0
5a8c52685542995e66a475bb,chunk_packed_224,chunk,packed,0.0,0.0,0.0,0.1741,0.5,224.0,0.5,0.0
5ab4e48655429942dd415f9c,chunk_packed_224,chunk,packed,0.0,0.0,0.0,0.1951,0.5,205.0,0.5,0.0
5ae67dba55429908198fa5f0,chunk_packed_224,chunk,packed,0.0,0.0,0.0,0.25,0.5,220.0,0.5,0.0
5ae13c5155429920d5234336,chunk_packed_224,chunk,packed,0.0,0.0,0.0,0.1972,0.5,218.0,1.0,1.0
5ab2b7405542991669774069,chunk_packed_224,chunk,packed,0.0,0.0,0.0,0.2136,0.5,220.0,1.0,1.0
5ab1c693554299722f9b4c66,chunk_packed_224,chunk,packed,1.0,1.0,1.0,0.1721,0.5,215.0,0.5,0.0
5ae692e35542996d980e7c0e,chunk_packed_224,chunk,packed,0.0,0.0,0.0,0.1931,0.5,202.0,1.0,1.0
5a7f74975542992097ad2f77,chunk_packed_224,chunk,packed,0.0,0.0,0.0,0.276,0.5,221.0,0.5,0.0
5a7e30b255429934daa2fbeb,chunk_packed_224,chunk,packed,1.0,1.0,1.0,0.5182,1.0,220.0,1.0,1.0
5a7ca95b55429935c91b5287,chunk_packed_224,chunk,packed,1.0,1.0,1.0,0.6502,1.0,223.0,1.0,1.0
5abfa18f5542990832d3a176,chunk_packed_224,chunk,packed,1.0,1.0,1.0,0.4439,1.0,214.0,1.0,1.0
5a8a39b355429930ff3c0d13,chunk_packed_224,chunk,packed,1.0,1.0,1.0,0.3092,0.5,207.0,0.5,0.0
5ab2958c554299449642c912,chunk_packed_224,chunk,packed,0.0,0.0,0.0,0.0,0.0,213.0,0.5,0.0
5ae7eaf65542994a481bbe1d,chunk_packed_224,chunk,packed,1.0,1.0,1.0,0.3835,1.0,206.0,1.0,1.0
5aba916c55429901930fa83b,chunk_packed_224,chunk,packed,1.0,1.0,1.0,0.1719,0.5,221.0,0.5,0.0
5ac0d981554299012d1db646,chunk_packed_224,chunk,packed,0.0,0.5,0.0,0.6047,1.0,215.0,1.0,1.0
5ade653f55429975fa854ebb,chunk_packed_224,chunk,packed,0.0,0.75,1.0,0.4476,1.0,210.0,1.0,1.0
5ab54e145542992aa134a2a1,chunk_packed_224,chunk,packed,0.0,0.8571,1.0,0.5352,1.0,213.0,1.0,1.0
5a8518a75542994c784ddaf7,chunk_packed_224,chunk,packed,0.0,0.0,1.0,0.3661,1.0,224.0,1.0,1.0
5ac175635542994ab5c67d4b,chunk_packed_224,chunk,packed,0.0,0.0,1.0,0.4045,1.0,220.0,1.0,1.0
5abd889f55429924427fd046,chunk_packed_224,chunk,packed,0.0,0.0,1.0,0.5161,1.0,217.0,1.0,1.0
5a772c925542993735360208,chunk_packed_224,chunk,packed,0.0,0.0,1.0,0.5938,1.0,224.0,1.0,1.0
5ab492155542991779162ce3,chunk_packed_224,chunk,packed,0.0,0.25,0.0,0.1893,0.5,206.0,0.5,0.0
5ae5ef105542996de7b71a72,chunk_packed_224,chunk,packed,0.0,0.0,1.0,0.6526,1.0,213.0,1.0,1.0
5a8ad2f3554299515336138d,chunk_packed_224,chunk,packed,1.0,1.0,1.0,0.4095,1.0,210.0,1.0,1.0
5a7d07a455429907fabef0ae,chunk_packed_224,chunk,packed,0.0,0.0,1.0,0.3088,1.0,217.0,1.0,1.0
5aba89d555429901930fa816,chunk_packed_224,chunk,packed,0.0,0.5,0.0,0.7612,1.0,201.0,1.0,1.0
5a8c7623554299653c1aa07a,chunk_packed_224,chunk,packed,1.0,1.0,1.0,0.3891,1.0,221.0,1.0,1.0
5a79ecd05542996c55b2dca1,chunk_packed_224,chunk,packed,0.0,0.0,0.0,0.2844,0.5,211.0,0.5,0.0
5adec4695542992fa25da83a,chunk_packed_224,chunk,packed,1.0,1.0,1.0,0.6897,1.0,203.0,1.0,1.0
5ae608f2554299546bf83026,chunk_packed_224,chunk,packed,1.0,1.0,1.0,0.3019,1.0,212.0,1.0,1.0
5abfd5c45542994516f4550e,chunk_packed_224,chunk,packed,0.0,0.0,0.0,0.0,0.0,205.0,0.5,0.0
5adce12e5542990d50227d4f,chunk_packed_224,chunk,packed,0.0,0.0,1.0,0.1796,0.5,206.0,0.5,0.0
5a851b0d5542997175ce1f7f,chunk_packed_224,chunk,packed,0.0,0.0,0.0,0.3673,1.0,196.0,1.0,1.0
5ae164cf5542997b2ef7d1cd,chunk_packed_224,chunk,packed,1.0,1.0,1.0,0.1339,0.5,224.0,0.5,0.0
5a8c493e554299653c1aa020,chunk_packed_224,chunk,packed,0.0,0.0,0.0,0.1741,0.5,224.0,0.5,0.0
5a89dbec554299669944a5d6,chunk_packed_224,chunk,packed,0.0,0.0,1.0,0.7028,1.0,212.0,1.0,1.0
5ae1389655429901ffe4ae05,chunk_packed_224,chunk,packed,1.0,1.0,1.0,0.7581,1.0,215.0,1.0,1.0
5adc6a3b55429947ff173953,chunk_packed_224,chunk,packed,1.0,1.0,1.0,0.3897,1.0,213.0,1.0,1.0
5ac02880554299012d1db5c0,chunk_packed_224,chunk,packed,1.0,1.0,1.0,0.4099,1.0,222.0,1.0,1.0
5aba0c2655429955dce3edb7,chunk_packed_224,chunk,packed,0.0,0.0,1.0,0.186,0.5,215.0,0.5,0.0
5add44c25542997545bbbd0a,chunk_packed_224,chunk,packed,0.0,0.2857,0.0,0.4252,1.0,214.0,1.0,1.0
5a7616755542992d0ec06028,chunk_packed_224,chunk,packed,0.0,0.6667,1.0,0.4883,1.0,213.0,1.0,1.0
5add1d575542992c1e3a2540,chunk_focused_224,chunk,focused,0.0,0.0,0.0,0.211,0.5,218.0,0.5,0.0
5ac55ea55542993e66e82377,chunk_focused_224,chunk,focused,0.0,0.0,0.0,0.1468,0.5,218.0,1.0,1.0
5ac3a76e554299741d48a2be,chunk_focused_224,chunk,focused,1.0,1.0,1.0,0.7489,1.0,219.0,1.0,1.0
5a7133565542994082a3e65c,chunk_focused_224,chunk,focused,1.0,1.0,1.0,0.7309,1.0,223.0,1.0,1.0
5ac1a4745542991316484b82,chunk_focused_224,chunk,focused,1.0,1.0,1.0,0.4101,1.0,217.0,1.0,1.0
5adc597d55429947ff17392f,chunk_focused_224,chunk,focused,0.0,0.0,0.0,0.2353,0.5,221.0,0.5,0.0
5ac55e835542993e66e82375,chunk_focused_224,chunk,focused,1.0,1.0,1.0,0.9091,1.0,220.0,1.0,1.0
5a8d9e0f554299441c6ba015,chunk_focused_224,chunk,focused,0.0,0.0,0.0,0.2589,0.5,224.0,0.5,0.0
5ae70ed7554299572ea546a1,chunk_focused_224,chunk,focused,0.0,0.6667,1.0,0.7157,1.0,204.0,1.0,1.0
5a74a8fa55429929fddd8497,chunk_focused_224,chunk,focused,0.0,0.0,0.0,0.2488,0.5,205.0,0.5,0.0
5a7cb94f554299683c1c6353,chunk_focused_224,chunk,focused,0.0,0.0,0.0,0.1971,0.5,208.0,0.5,0.0
5ab874ba5542990e739ec904,chunk_focused_224,chunk,focused,1.0,1.0,1.0,0.7808,1.0,219.0,1.0,1.0
5ae3a8985542992f92d82329,chunk_focused_224,chunk,focused,0.0,0.6667,1.0,0.135,0.5,200.0,0.5,0.0
5ac39f7b554299218029dbe7,chunk_focused_224,chunk,focused,1.0,1.0,1.0,0.4587,1.0,218.0,1.0,1.0
5ae27b535542996483e649b6,chunk_focused_224,chunk,focused,1.0,1.0,1.0,0.4104,1.0,212.0,1.0,1.0
5a7331de5542994cef4bc4a8,chunk_focused_224,chunk,focused,0.0,0.129,1.0,0.8552,1.0,221.0,1.0,1.0
5ac15de55542991316484afb,chunk_focused_224,chunk,focused,1.0,1.0,0.0,0.4658,1.0,219.0,1.0,1.0
5a7c6c9d554299683c1c6302,chunk_focused_224,chunk,focused,0.0,0.0,0.0,0.0737,0.5,217.0,0.5,0.0
5ae6363b55429929b0807af0,chunk_focused_224,chunk,focused,0.0,0.0,0.0,0.1905,0.5,168.0,0.5,0.0
5a8cea40554299441c6b9f76,chunk_focused_224,chunk,focused,1.0,1.0,1.0,0.8136,1.0,220.0,1.0,1.0
5ab5ecd75542992aa134a3e6,chunk_focused_224,chunk,focused,1.0,1.0,1.0,0.4194,1.0,217.0,1.0,1.0
5a84c5545542991dd0999dee,chunk_focused_224,chunk,focused,0.0,0.0,0.0,0.6168,0.5,214.0,0.5,0.0
5adeacf955429975fa854f66,chunk_focused_224,chunk,focused,0.0,0.0,0.0,0.3981,0.5,211.0,0.5,0.0
5a8ce15d554299653c1aa12f,chunk_focused_224,chunk,focused,0.0,0.0,0.0,0.5951,1.0,205.0,1.0,1.0
5ade4da055429939a52fe878,chunk_focused_224,chunk,focused,1.0,1.0,1.0,0.6205,1.0,224.0,1.0,1.0
5ab2a186554299295394677b,chunk_focused_224,chunk,focused,0.0,0.0,1.0,0.6333,1.0,210.0,1.0,1.0
5ade66e1554299728e26c713,chunk_focused_224,chunk,focused,1.0,1.0,1.0,0.7085,1.0,223.0,1.0,1.0
5a7c634c55429907fabeef79,chunk_focused_224,chunk,focused,1.0,1.0,1.0,0.7435,1.0,191.0,1.0,1.0
5ae13f3c5542997b2ef7d168,chunk_focused_224,chunk,focused,0.0,0.0,0.0,0.2192,0.5,219.0,0.5,0.0
5ae17cd055429901ffe4aea3,chunk_focused_224,chunk,focused,1.0,1.0,1.0,0.3119,1.0,218.0,1.0,1.0
5ae7940c55429952e35ea984,chunk_focused_224,chunk,focused,0.0,0.5,1.0,0.2723,0.5,224.0,0.5,0.0
5a7296815542991f9a20c515,chunk_focused_224,chunk,focused,1.0,1.0,1.0,0.527,1.0,222.0,1.0,1.0
5ab2e8ad554299340b525562,chunk_focused_224,chunk,focused,1.0,1.0,1.0,0.445,1.0,218.0,1.0,1.0
5a89b1de5542992e4fca8378,chunk_focused_224,chunk,focused,1.0,1.0,1.0,0.45,1.0,220.0,1.0,1.0
5ab78edc5542995dae37e95c,chunk_focused_224,chunk,focused,0.0,0.0,0.0,0.2727,0.5,220.0,0.5,0.0
5ae73acb5542991e8301cc07,chunk_focused_224,chunk,focused,0.0,0.0,1.0,0.7612,1.0,201.0,1.0,1.0
5a8257fa55429940e5e1a866,chunk_focused_224,chunk,focused,1.0,1.0,1.0,0.6697,1.0,218.0,1.0,1.0
5a8d8e4f5542994ba4e3dca7,chunk_focused_224,chunk,focused,0.0,0.5,1.0,0.6425,1.0,207.0,1.0,1.0
5a8a07725542992d82986e5b,chunk_focused_224,chunk,focused,0.0,0.0,0.0,0.3942,0.5,208.0,0.5,0.0
5a79fac85542996c55b2dcc1,chunk_focused_224,chunk,focused,0.0,0.5,0.0,0.3905,0.5,210.0,1.0,1.0
5a81537355429926c1cdad20,chunk_focused_224,chunk,focused,0.0,0.3077,1.0,0.6881,1.0,218.0,1.0,1.0
5a721d5a55429971e9dc9283,chunk_focused_224,chunk,focused,0.0,0.4444,1.0,0.4378,1.0,217.0,1.0,1.0
5a7aa2a255429941d65f270e,chunk_focused_224,chunk,focused,0.0,0.8,1.0,0.3756,1.0,205.0,1.0,1.0
5abe6f8455429965af743f03,chunk_focused_224,chunk,focused,0.0,0.0,1.0,0.4333,1.0,210.0,1.0,1.0
5ae7257a554299572ea54731,chunk_focused_224,chunk,focused,0.0,0.0,1.0,0.5682,1.0,220.0,1.0,1.0
5ac0e0e25542997d64295a6f,chunk_focused_224,chunk,focused,0.0,0.0,0.0,0.2818,0.5,220.0,0.5,0.0
5a72688c5542997f827839b2,chunk_focused_224,chunk,focused,1.0,1.0,1.0,0.5258,1.0,213.0,1.0,1.0
5adea0c5554299728e26c776,chunk_focused_224,chunk,focused,0.0,0.0,0.0,0.5157,1.0,159.0,1.0,1.0
5ab8372255429919ba4e226b,chunk_focused_224,chunk,focused,1.0,1.0,1.0,0.6816,1.0,223.0,1.0,1.0
5ac0e064554299012d1db64e,chunk_focused_224,chunk,focused,0.0,0.0,0.0,0.0,0.0,212.0,0.5,0.0
5a8574945542997b5ce3fffb,chunk_focused_224,chunk,focused,1.0,1.0,1.0,0.522,1.0,205.0,1.0,1.0
5a8704f8554299211dda2ba4,chunk_focused_224,chunk,focused,0.0,0.5,0.0,0.0,0.0,205.0,1.0,1.0
5a81d1f0554299676cceb0ee,chunk_focused_224,chunk,focused,1.0,1.0,1.0,0.2111,0.5,199.0,1.0,1.0
5a7bf84b5542996dd594b875,chunk_focused_224,chunk,focused,1.0,1.0,1.0,0.4505,1.0,222.0,1.0,1.0
5ab69e4f554299710c8d1eee,chunk_focused_224,chunk,focused,1.0,1.0,1.0,0.6215,1.0,214.0,1.0,1.0
5ae64ad25542995703ce8b4f,chunk_focused_224,chunk,focused,0.0,0.0,0.0,0.0,0.0,217.0,0.0,0.0
5a7571135542992d0ec05f98,chunk_focused_224,chunk,focused,1.0,1.0,1.0,0.2636,1.0,220.0,1.0,1.0
5a8f2fed55429918e830d1c7,chunk_focused_224,chunk,focused,0.0,0.0,1.0,0.7358,1.0,212.0,1.0,1.0
5ab596d95542992aa134a371,chunk_focused_224,chunk,focused,0.0,0.0,1.0,0.6486,1.0,222.0,1.0,1.0
5a71214d5542994082a3e5b9,chunk_focused_224,chunk,focused,0.0,0.0,0.0,0.6261,1.0,222.0,1.0,1.0
5ac298f9554299657fa28fc9,chunk_focused_224,chunk,focused,0.0,0.125,1.0,0.5374,1.0,214.0,1.0,1.0
5ae35e8c5542990afbd1e120,chunk_focused_224,chunk,focused,0.0,0.25,0.0,0.3628,0.5,215.0,0.5,0.0
5ae616ce5542992663a4f259,chunk_focused_224,chunk,focused,0.0,0.3333,0.0,0.2909,0.5,220.0,0.5,0.0
5abbc3a955429931dba144f9,chunk_focused_224,chunk,focused,0.0,0.0,0.0,0.3857,0.5,223.0,0.5,0.0
5adfe6c455429906c02daa85,chunk_focused_224,chunk,focused,1.0,1.0,1.0,0.1767,0.5,215.0,0.5,0.0
5a7f924c55429969796c1aba,chunk_focused_224,chunk,focused,0.0,0.5,0.0,0.5045,0.5,224.0,0.5,0.0
5ab938fb554299131ca422ce,chunk_focused_224,chunk,focused,0.0,0.0,1.0,0.4346,1.0,214.0,1.0,1.0
5ae1e80b5542997f29b3c197,chunk_focused_224,chunk,focused,0.0,0.0,0.0,0.1357,0.5,221.0,0.5,0.0
5a89e3995542992e4fca844d,chunk_focused_224,chunk,focused,0.0,0.0,0.0,0.2258,0.5,217.0,0.5,0.0
5ab8919655429934fafe6e13,chunk_focused_224,chunk,focused,1.0,1.0,1.0,0.3014,0.5,209.0,0.5,0.0
5add18345542994ed6169c7e,chunk_focused_224,chunk,focused,1.0,1.0,1.0,0.6462,1.0,212.0,1.0,1.0
5a825b0e55429954d2e2eb0c,chunk_focused_224,chunk,focused,0.0,0.0,0.0,0.0,0.0,212.0,0.5,0.0
5ab54056554299488d4d9923,chunk_focused_224,chunk,focused,0.0,0.0,0.0,0.067,0.5,224.0,0.5,0.0
5a8a416955429930ff3c0d2b,chunk_focused_224,chunk,focused,1.0,1.0,1.0,0.3182,1.0,220.0,1.0,1.0
5a729fe55542991f9a20c53b,chunk_focused_224,chunk,focused,0.0,0.0,0.0,0.1538,0.5,221.0,1.0,1.0
5abee41a5542993fe9a41d79,chunk_focused_224,chunk,focused,1.0,1.0,1.0,0.5721,1.0,208.0,1.0,1.0
5a8327fd5542990548d0b1a3,chunk_focused_224,chunk,focused,1.0,1.0,1.0,0.3795,1.0,224.0,1.0,1.0
5a7264ed5542990c210a411a,chunk_focused_224,chunk,focused,0.0,0.0,0.0,0.75,0.5,184.0,1.0,1.0
5a74cfc75542996c70cfadfe,chunk_focused_224,chunk,focused,0.0,0.75,1.0,0.7885,1.0,208.0,1.0,1.0
5abe3c7555429965af743ea5,chunk_focused_224,chunk,focused,0.0,0.0,1.0,0.5625,1.0,224.0,1.0,1.0
5a88a5645542997e5c09a679,chunk_focused_224,chunk,focused,1.0,1.0,0.0,0.3722,1.0,223.0,1.0,1.0
5a8756aa5542994846c1cd69,chunk_focused_224,chunk,focused,0.0,0.5,1.0,0.6422,1.0,218.0,1.0,1.0
5a83ab355542990548d0b218,chunk_focused_224,chunk,focused,1.0,1.0,1.0,0.3659,0.5,205.0,1.0,1.0
5abe407155429976d4830ab4,chunk_focused_224,chunk,focused,0.0,0.0,0.0,0.4608,1.0,217.0,1.0,1.0
5a769b115542993569682c51,chunk_focused_224,chunk,focused,1.0,1.0,1.0,0.0,0.0,218.0,0.0,0.0
5abb8a9b5542996cc5e4a016,chunk_focused_224,chunk,focused,0.0,0.0,1.0,0.35,1.0,220.0,1.0,1.0
5adf4b335542993a75d264a5,chunk_focused_224,chunk,focused,0.0,0.4,1.0,0.2591,0.5,220.0,1.0,1.0
5a8a19c45542992e4fca8501,chunk_focused_224,chunk,focused,0.0,0.0,0.0,0.0491,0.5,224.0,1.0,1.0
5ac2f34455429921a00ab0b6,chunk_focused_224,chunk,focused,0.0,0.0,1.0,0.2792,0.5,197.0,1.0,1.0
5a7e040f5542990b8f503b13,chunk_focused_224,chunk,focused,1.0,1.0,1.0,0.2373,1.0,177.0,1.0,1.0
5a8f186055429918e830d186,chunk_focused_224,chunk,focused,0.0,0.0,0.0,1.0,1.0,222.0,1.0,1.0
5ac4fbe255429924173fb53b,chunk_focused_224,chunk,focused,0.0,0.0,0.0,0.3136,0.5,220.0,0.5,0.0
5a8591715542994c784ddb27,chunk_focused_224,chunk,focused,0.0,0.0,1.0,0.638,1.0,221.0,1.0,1.0
5a8ee3a755429917b4a5be02,chunk_focused_224,chunk,focused,0.0,0.5714,0.0,0.3211,0.5,218.0,0.5,0.0
5ab985eb554299131ca42360,chunk_focused_224,chunk,focused,0.0,0.0,1.0,0.3349,1.0,209.0,1.0,1.0
5ab431d855429942dd415ed2,chunk_focused_224,chunk,focused,0.0,0.75,1.0,0.3865,0.5,207.0,0.5,0.0
5a771ead55429966f1a36c7c,chunk_focused_224,chunk,focused,0.0,0.0,0.0,0.3445,0.5,209.0,1.0,1.0
5ac46a8b5542991943173980,chunk_focused_224,chunk,focused,1.0,1.0,1.0,0.237,0.5,211.0,1.0,1.0
5abda2b755429933744ab80f,chunk_focused_224,chunk,focused,0.0,0.0,1.0,0.3606,0.5,208.0,1.0,1.0
5adc02445542994650320c4e,chunk_focused_224,chunk,focused,1.0,1.0,1.0,0.4314,1.0,204.0,1.0,1.0
5a8b128455429971feec463b,chunk_focused_224,chunk,focused,0.0,0.0,0.0,0.4098,0.5,205.0,0.5,0.0
5a803ed45542996402f6a496,chunk_focused_224,chunk,focused,0.0,0.0,1.0,0.5471,1.0,223.0,1.0,1.0
5a74c85055429916b0164218,chunk_focused_224,chunk,focused,0.0,0.6667,1.0,0.4091,1.0,220.0,1.0,1.0
5ac288a95542990b17b153e5,chunk_focused_224,chunk,focused,0.0,0.0,0.0,0.0972,0.5,216.0,0.5,0.0
5ab2123155429970612095b9,chunk_focused_224,chunk,focused,0.0,0.5,1.0,0.3028,0.5,218.0,0.5,0.0
5a82edae55429966c78a6a9f,chunk_focused_224,chunk,focused,0.0,0.0,1.0,0.3832,1.0,214.0,1.0,1.0
5ae22b8d554299234fd0440f,chunk_focused_224,chunk,focused,0.0,0.0,1.0,0.5213,1.0,211.0,1.0,1.0
5adbda2755429944faac2385,chunk_focused_224,chunk,focused,1.0,1.0,1.0,0.5762,1.0,210.0,1.0,1.0
5ae1d1a55542997f29b3c138,chunk_focused_224,chunk,focused,0.0,0.0,1.0,0.4018,1.0,224.0,1.0,1.0
5ac3a2f35542993915413856,chunk_focused_224,chunk,focused,0.0,0.0,0.0,0.3408,0.5,223.0,0.5,0.0
5a7647b85542992d0ec0608a,chunk_focused_224,chunk,focused,1.0,1.0,1.0,0.2591,0.5,220.0,1.0,1.0
5ac49a1c5542996feb3fe905,chunk_focused_224,chunk,focused,0.0,0.0,0.0,0.0,0.0,220.0,0.0,0.0
5ae60484554299546bf8301a,chunk_focused_224,chunk,focused,0.0,0.2857,0.0,0.5938,1.0,224.0,1.0,1.0
5a84cf175542992a431d1aa2,chunk_focused_224,chunk,focused,0.0,0.0,1.0,0.3911,1.0,202.0,1.0,1.0
5a81b2505542995ce29dcc32,chunk_focused_224,chunk,focused,1.0,1.0,1.0,0.5714,1.0,224.0,1.0,1.0
5ab568af554299494045efaf,chunk_focused_224,chunk,focused,1.0,1.0,1.0,0.4861,1.0,216.0,1.0,1.0
5a8f7a135542992414482adc,chunk_focused_224,chunk,focused,0.0,0.0,1.0,0.7402,1.0,204.0,1.0,1.0
5ab2be71554299166977408c,chunk_focused_224,chunk,focused,0.0,0.0,1.0,0.7415,1.0,205.0,1.0,1.0
5ae537e45542990ba0bbb235,chunk_focused_224,chunk,focused,1.0,1.0,1.0,0.481,1.0,210.0,1.0,1.0
5ac2546a554299636651997b,chunk_focused_224,chunk,focused,1.0,1.0,1.0,0.3456,1.0,217.0,1.0,1.0
5ae356045542990afbd1e10d,chunk_focused_224,chunk,focused,0.0,0.0,1.0,0.2535,0.5,213.0,0.5,0.0
5ae1e6d95542997283cd22c3,chunk_focused_224,chunk,focused,0.0,0.5714,1.0,0.1553,0.5,219.0,0.5,0.0
5a8b8f5b55429949d91db5e1,chunk_focused_224,chunk,focused,0.0,0.0,1.0,0.5136,1.0,220.0,1.0,1.0
5ab3460055429976abd1bc80,chunk_focused_224,chunk,focused,1.0,1.0,1.0,0.2685,1.0,216.0,1.0,1.0
5a7d2afb554299452d57bb41,chunk_focused_224,chunk,focused,1.0,1.0,1.0,0.4636,1.0,220.0,1.0,1.0
5adea95055429939a52fe931,chunk_focused_224,chunk,focused,0.0,0.0,1.0,0.4661,1.0,221.0,1.0,1.0
5ab7d33d5542992aa3b8c859,chunk_focused_224,chunk,focused,0.0,0.4,1.0,0.7946,1.0,224.0,1.0,1.0
5a893f305542993b751ca91e,chunk_focused_224,chunk,focused,0.0,0.0,0.0,0.2844,0.5,211.0,0.5,0.0
5adea83b55429975fa854f53,chunk_focused_224,chunk,focused,0.0,0.0,1.0,0.2915,1.0,223.0,1.0,1.0
5ae1d32a554299492dc91b9c,chunk_focused_224,chunk,focused,1.0,1.0,1.0,0.317,1.0,224.0,1.0,1.0
5a82accd55429966c78a6a78,chunk_focused_224,chunk,focused,0.0,0.0,0.0,0.4507,1.0,213.0,1.0,1.0
5a90ba1b55429933b8a205c6,chunk_focused_224,chunk,focused,0.0,0.0,1.0,0.7143,1.0,224.0,1.0,1.0
5adcb6875542994ed6169bcb,chunk_focused_224,chunk,focused,0.0,0.0,1.0,0.4464,1.0,224.0,1.0,1.0
5a7f95685542995d8a8ddeaa,chunk_focused_224,chunk,focused,0.0,0.0,0.0,0.0,0.0,223.0,0.0,0.0
5a78b386554299148911f949,chunk_focused_224,chunk,focused,0.0,0.1429,0.0,0.0,0.0,222.0,0.5,0.0
5a8c781c554299653c1aa083,chunk_focused_224,chunk,focused,0.0,0.0,1.0,0.6095,1.0,210.0,1.0,1.0
5a80ae105542992bc0c4a7a2,chunk_focused_224,chunk,focused,1.0,1.0,1.0,0.3243,1.0,222.0,1.0,1.0
5a84992e5542992a431d1a6d,chunk_focused_224,chunk,focused,0.0,0.0,0.0,0.2188,0.5,224.0,0.5,0.0
5a8f2cc855429918e830d1be,chunk_focused_224,chunk,focused,0.0,0.0,0.0,0.0714,0.5,224.0,0.5,0.0
5a8841ee5542994846c1ce6b,chunk_focused_224,chunk,focused,0.0,0.0,1.0,0.509,1.0,222.0,1.0,1.0
5adf85e05542993344016cba,chunk_focused_224,chunk,focused,1.0,1.0,1.0,0.4344,1.0,221.0,1.0,1.0
5a77415b55429966f1a36cd2,chunk_focused_224,chunk,focused,0.0,0.8,1.0,0.2237,1.0,219.0,1.0,1.0
5a72fc865542991f9a20c5e9,chunk_focused_224,chunk,focused,0.0,0.0,0.0,0.4238,0.5,210.0,1.0,1.0
5ac4e13f554299076e296e2d,chunk_focused_224,chunk,focused,0.0,0.0,1.0,0.4505,1.0,222.0,1.0,1.0
5a7796e05542992a6e59df0f,chunk_focused_224,chunk,focused,1.0,1.0,1.0,0.5467,1.0,214.0,1.0,1.0
5ae3eabc5542995dadf2424f,chunk_focused_224,chunk,focused,1.0,1.0,1.0,0.3578,1.0,218.0,1.0,1.0
5ae3c71f5542991a06ce9a22,chunk_focused_224,chunk,focused,0.0,0.6667,1.0,0.6039,1.0,207.0,1.0,1.0
5ae25d2b554299495565da46,chunk_focused_224,chunk,focused,0.0,0.0,1.0,0.5385,1.0,221.0,1.0,1.0
5ab8179f5542990e739ec817,chunk_focused_224,chunk,focused,1.0,1.0,1.0,0.3796,1.0,216.0,1.0,1.0
5adc411f5542994650320cbc,chunk_focused_224,chunk,focused,0.0,0.0,1.0,0.7182,1.0,220.0,1.0,1.0
5aba6f3e55429955dce3ee21,chunk_focused_224,chunk,focused,1.0,1.0,1.0,0.6376,1.0,218.0,1.0,1.0
5add2dae5542992c1e3a2558,chunk_focused_224,chunk,focused,1.0,1.0,0.0,0.4862,1.0,218.0,1.0,1.0
5ae14b0655429920d52343a6,chunk_focused_224,chunk,focused,0.0,0.5,1.0,0.6901,1.0,213.0,1.0,1.0
5a730a6b5542992359bc3210,chunk_focused_224,chunk,focused,1.0,1.0,1.0,0.267,1.0,221.0,1.0,1.0
5a75fa14554299109176e5dc,chunk_focused_224,chunk,focused,0.0,0.6,0.0,0.4359,0.5,195.0,1.0,1.0
5ac35a7e554299741d48a257,chunk_focused_224,chunk,focused,0.0,0.6667,1.0,0.3213,1.0,221.0,1.0,1.0
5a8651185542994775f60752,chunk_focused_224,chunk,focused,0.0,0.0,0.0,0.2834,1.0,187.0,1.0,1.0
5a79fe3b5542994f819ef119,chunk_focused_224,chunk,focused,1.0,1.0,1.0,0.5437,1.0,206.0,1.0,1.0
5a8268215542995ce29dccfb,chunk_focused_224,chunk,focused,1.0,1.0,1.0,0.2374,1.0,219.0,1.0,1.0
5a7605f85542994ccc91868d,chunk_focused_224,chunk,focused,1.0,1.0,1.0,0.6822,1.0,214.0,1.0,1.0
5adf74075542992d7e9f937c,chunk_focused_224,chunk,focused,1.0,1.0,1.0,0.8019,1.0,212.0,1.0,1.0
5abe2b0155429976d4830a83,chunk_focused_224,chunk,focused,0.0,0.0,0.0,0.2683,0.5,205.0,1.0,1.0
5a849c1b5542997175ce1ef9,chunk_focused_224,chunk,focused,0.0,0.6667,1.0,0.2233,1.0,206.0,1.0,1.0
5a81108855429926c1cdace2,chunk_focused_224,chunk,focused,0.0,0.0,1.0,0.5315,1.0,222.0,1.0,1.0
5a8e06785542995085b37383,chunk_focused_224,chunk,focused,1.0,1.0,1.0,0.3165,1.0,218.0,1.0,1.0
5adbfa38554299438c868d00,chunk_focused_224,chunk,focused,0.0,0.0,1.0,0.4579,1.0,214.0,1.0,1.0
5a73b1855542992d56e7e388,chunk_focused_224,chunk,focused,1.0,1.0,1.0,0.5091,1.0,220.0,1.0,1.0
5ab94fa25542996be2020474,chunk_focused_224,chunk,focused,1.0,1.0,1.0,0.6635,1.0,211.0,1.0,1.0
5a7e7d4655429934daa2fc2e,chunk_focused_224,chunk,focused,0.0,0.0,1.0,0.1914,0.5,209.0,1.0,1.0
5a75d9c05542992db94736f6,chunk_focused_224,chunk,focused,0.0,0.0,0.0,0.2277,0.5,224.0,0.5,0.0
5adf33965542993344016c20,chunk_focused_224,chunk,focused,1.0,1.0,1.0,0.3795,0.5,224.0,1.0,1.0
5a8f979255429918e830d288,chunk_focused_224,chunk,focused,0.0,0.3333,0.0,0.2593,0.5,216.0,0.5,0.0
5a8a17685542993b751ca9f3,chunk_focused_224,chunk,focused,0.0,0.0,1.0,0.4978,1.0,223.0,1.0,1.0
5abd56355542993062266c58,chunk_focused_224,chunk,focused,0.0,0.0,1.0,0.6368,1.0,212.0,1.0,1.0
5ab91f98554299753720f70d,chunk_focused_224,chunk,focused,0.0,0.0,1.0,0.4883,1.0,213.0,1.0,1.0
5a811152554299260e20a22e,chunk_focused_224,chunk,focused,0.0,0.8,1.0,0.2836,1.0,201.0,1.0,1.0
5a7a1f795542996c55b2dd1b,chunk_focused_224,chunk,focused,1.0,1.0,1.0,0.5158,1.0,221.0,1.0,1.0
5a7324e055429901807daf8f,chunk_focused_224,chunk,focused,0.0,0.8,1.0,0.4977,1.0,217.0,1.0,1.0
5ab9618f554299743d22eb28,chunk_focused_224,chunk,focused,0.0,0.0,0.0,0.3456,0.5,217.0,0.5,0.0
5abffafe5542997d64295988,chunk_focused_224,chunk,focused,1.0,1.0,1.0,0.5023,1.0,219.0,1.0,1.0
5a8cee9b554299441c6b9f87,chunk_focused_224,chunk,focused,0.0,0.0,1.0,0.6516,1.0,221.0,1.0,1.0
5a7270395542992359bc30a8,chunk_focused_224,chunk,focused,0.0,0.0,0.0,0.3378,0.5,222.0,0.5,0.0
5ac14d0c5542991316484ae2,chunk_focused_224,chunk,focused,1.0,1.0,1.0,0.4286,1.0,217.0,1.0,1.0
5a75a76b5542992db9473697,chunk_focused_224,chunk,focused,0.0,0.0,1.0,0.6256,1.0,219.0,1.0,1.0
5ab55455554299488d4d993b,chunk_focused_224,chunk,focused,0.0,0.0,0.0,0.2794,0.5,204.0,1.0,1.0
5a7f48e15542992e7d278ce6,chunk_focused_224,chunk,focused,0.0,0.0,0.0,0.3721,0.5,215.0,0.5,0.0
5ab7f0995542995dae37e9fb,chunk_focused_224,chunk,focused,1.0,1.0,0.0,0.4887,1.0,221.0,1.0,1.0
5aba89fb5542994dbf019933,chunk_focused_224,chunk,focused,0.0,0.5714,1.0,0.4928,1.0,209.0,1.0,1.0
5a7621bb554299109176e650,chunk_focused_224,chunk,focused,1.0,1.0,1.0,0.567,1.0,224.0,1.0,1.0
5a70f0e75542994082a3e408,chunk_focused_224,chunk,focused,0.0,0.0,1.0,0.1553,0.5,219.0,1.0,1.0
5a773ec45542994aec3b7245,chunk_focused_224,chunk,focused,1.0,1.0,1.0,0.4147,1.0,217.0,1.0,1.0
5a802b595542995d8a8ddf51,chunk_focused_224,chunk,focused,0.0,0.0,1.0,0.0,0.0,224.0,0.5,0.0
5a8de7c65542995085b37353,chunk_focused_224,chunk,focused,1.0,1.0,1.0,0.5625,1.0,224.0,1.0,1.0
5ab5b6c1554299637185c5e5,chunk_focused_224,chunk,focused,1.0,1.0,1.0,0.3636,0.5,220.0,0.5,0.0
5abb8e2d554299642a094aa4,chunk_focused_224,chunk,focused,0.0,0.0,1.0,0.3532,1.0,218.0,1.0,1.0
5a7642f7554299109176e6e8,chunk_focused_224,chunk,focused,1.0,1.0,1.0,0.3116,1.0,215.0,1.0,1.0
5a756b175542996c70cfaef7,chunk_focused_224,chunk,focused,0.0,0.0,1.0,0.5374,1.0,214.0,1.0,1.0
5a83161555429940e5e1a958,chunk_focused_224,chunk,focused,1.0,1.0,1.0,0.4475,1.0,219.0,1.0,1.0
5ab3eac5554299753aec59ec,chunk_focused_224,chunk,focused,0.0,0.0,0.0,0.371,0.5,221.0,1.0,1.0
5a73090455429901807daf6e,chunk_focused_224,chunk,focused,1.0,1.0,1.0,0.5323,1.0,201.0,1.0,1.0
5a8c8502554299585d9e36d0,chunk_focused_224,chunk,focused,1.0,1.0,1.0,0.7419,1.0,217.0,1.0,1.0
5a7d598d5542995f4f402262,chunk_focused_224,chunk,focused,1.0,1.0,1.0,0.2465,1.0,215.0,1.0,1.0
5a77f4755542992a6e59e01f,chunk_focused_224,chunk,focused,1.0,1.0,1.0,0.5905,1.0,210.0,1.0,1.0
5abcf14f55429959677d6b5b,chunk_focused_224,chunk,focused,0.0,0.4444,1.0,0.5024,1.0,211.0,1.0,1.0
5a8d8eb5554299068b959d3a,chunk_focused_224,chunk,focused,1.0,1.0,1.0,0.6332,1.0,199.0,1.0,1.0
5a7e7ed05542991319bc94c2,chunk_focused_224,chunk,focused,0.0,0.0,1.0,0.7252,1.0,222.0,1.0,1.0
5ae236445542992decbdcc69,chunk_focused_224,chunk,focused,0.0,0.6667,0.0,0.3791,0.5,211.0,1.0,1.0
5a750de95542993748c897ac,chunk_focused_224,chunk,focused,0.0,0.3333,1.0,0.4769,1.0,216.0,1.0,1.0
5a7fc03d5542992097ad2fbc,chunk_focused_224,chunk,focused,0.0,0.0,1.0,0.3302,0.5,212.0,1.0,1.0
5a7172105542994082a3e837,chunk_focused_224,chunk,focused,1.0,1.0,1.0,0.4654,1.0,217.0,1.0,1.0
5a847edd554299123d8c2272,chunk_focused_224,chunk,focused,0.0,0.0,0.0,0.43,1.0,207.0,1.0,1.0
5ab761d955429928e1fe3856,chunk_focused_224,chunk,focused,1.0,1.0,1.0,0.274,1.0,208.0,1.0,1.0
5a7a2dac5542990198eaf0b6,chunk_focused_224,chunk,focused,1.0,1.0,1.0,0.4455,1.0,220.0,1.0,1.0
5ae530e355429908b6326561,chunk_focused_224,chunk,focused,1.0,1.0,1.0,0.5247,1.0,223.0,1.0,1.0
5abcff225542993a06baf9ea,chunk_focused_224,chunk,focused,1.0,1.0,1.0,0.5263,1.0,209.0,1.0,1.0
5abe9f7d5542997ec76fd331,chunk_focused_224,chunk,focused,0.0,0.0,0.0,0.2796,0.5,211.0,0.5,0.0
5a8db42f5542994ba4e3dd11,chunk_focused_224,chunk,focused,1.0,1.0,1.0,0.1781,1.0,219.0,1.0,1.0
5ae658855542992ae0d162e3,chunk_focused_224,chunk,focused,0.0,0.0,1.0,0.3868,0.5,212.0,0.5,0.0
5a8c6d4e5542996e8ac88aa6,chunk_focused_224,chunk,focused,0.0,0.0,1.0,0.3395,1.0,215.0,1.0,1.0
5aba65a055429939ce03dcd2,chunk_focused_224,chunk,focused,0.0,0.0,1.0,0.7466,1.0,221.0,1.0,1.0
5ae199305542997b2ef7d20e,chunk_focused_224,chunk,focused,0.0,0.0,1.0,0.3284,1.0,204.0,1.0,1.0
5a806aca5542996402f6a503,chunk_focused_224,chunk,focused,0.0,0.5,0.0,0.2676,0.5,213.0,0.5,0.0
5ae336495542990afbd1e0e1,chunk_focused_224,chunk,focused,0.0,0.8,0.0,0.2886,0.5,201.0,1.0,1.0
5a8198565542995ce29dcc13,chunk_focused_224,chunk,focused,0.0,0.0,0.0,0.518,1.0,222.0,1.0,1.0
5a9068075542990a9849361a,chunk_focused_224,chunk,focused,0.0,0.0,1.0,0.6298,1.0,208.0,1.0,1.0
5a7a2be25542996a35c17118,chunk_focused_224,chunk,focused,0.0,0.0,1.0,0.5864,1.0,220.0,1.0,1.0
5a7562045542992db947364f,chunk_focused_224,chunk,focused,1.0,1.0,1.0,0.35,0.5,220.0,1.0,1.0
5ac2a55b55429921a00ab018,chunk_focused_224,chunk,focused,1.0,1.0,1.0,0.3665,0.5,221.0,1.0,1.0
5abccf6755429965836004ab,chunk_focused_224,chunk,focused,0.0,0.0,1.0,0.3814,1.0,215.0,1.0,1.0
5a7c8ae855429935c91b5207,chunk_focused_224,chunk,focused,0.0,0.8,1.0,0.5205,1.0,219.0,1.0,1.0
5ab30ebf554299753aec592c,chunk_focused_224,chunk,focused,0.0,0.0,1.0,0.2611,0.5,203.0,0.5,0.0
5ab2b95c5542991669774072,chunk_focused_224,chunk,focused,1.0,1.0,1.0,0.7861,1.0,201.0,1.0,1.0
5ac2a10e554299657fa28fec,chunk_focused_224,chunk,focused,1.0,1.0,1.0,0.202,0.5,198.0,0.5,0.0
5abb02fe554299232ef4a39f,chunk_focused_224,chunk,focused,1.0,1.0,1.0,0.656,1.0,218.0,1.0,1.0
5a8eb4d65542990e94052b82,chunk_focused_224,chunk,focused,1.0,1.0,1.0,0.307,1.0,215.0,1.0,1.0
5a8ba60b554299240d9c205b,chunk_focused_224,chunk,focused,1.0,1.0,1.0,0.5225,1.0,222.0,1.0,1.0
5a807ca5554299485f598613,chunk_focused_224,chunk,focused,0.0,0.0,0.0,0.2326,0.5,215.0,1.0,1.0
5a7c0dab5542997c3ec972d2,chunk_focused_224,chunk,focused,0.0,0.0,1.0,0.6376,1.0,218.0,1.0,1.0
5a89019a5542995153361259,chunk_focused_224,chunk,focused,0.0,0.0,1.0,0.5516,0.5,223.0,0.5,0.0
5a7f00b455429930675135f1,chunk_focused_224,chunk,focused,1.0,1.0,1.0,0.4931,1.0,217.0,1.0,1.0
5a8220db5542995ce29dccc1,chunk_focused_224,chunk,focused,1.0,1.0,1.0,0.317,1.0,224.0,1.0,1.0
5ab510cb5542996a3a96a00f,chunk_focused_224,chunk,focused,0.0,0.0,0.0,0.2511,0.5,223.0,1.0,1.0
5a80a25d5542995d8a8ddfb7,chunk_focused_224,chunk,focused,0.0,0.0,0.0,0.1794,0.5,223.0,0.5,0.0
5adf5cd25542992d7e9f9320,chunk_focused_224,chunk,focused,0.0,0.0,1.0,0.25,0.5,224.0,0.5,0.0
5a75ebfc5542992d0ec06018,chunk_focused_224,chunk,focused,1.0,1.0,1.0,0.7703,1.0,222.0,1.0,1.0
5ab29caa554299545a2cf9d3,chunk_focused_224,chunk,focused,1.0,1.0,1.0,0.7671,1.0,219.0,1.0,1.0
5ae0536755429924de1b70a6,chunk_focused_224,chunk,focused,0.0,0.0,0.0,0.2297,1.0,209.0,1.0,1.0
5ae17a9b5542990adbacf7a2,chunk_focused_224,chunk,focused,0.0,0.0,0.0,0.3498,1.0,223.0,1.0,1.0
5a8f503c5542992414482a34,chunk_focused_224,chunk,focused,0.0,0.0,1.0,0.7381,0.5,210.0,0.5,0.0
5ae0159855429925eb1afc09,chunk_focused_224,chunk,focused,1.0,1.0,1.0,0.599,1.0,197.0,1.0,1.0
5a8b2f2b5542995d1e6f12fa,chunk_focused_224,chunk,focused,0.0,0.0,1.0,0.1826,1.0,219.0,1.0,1.0
5a90386455429916514e7435,chunk_focused_224,chunk,focused,0.0,0.0,1.0,0.4952,1.0,210.0,1.0,1.0
5ab43179554299233955004d,chunk_focused_224,chunk,focused,0.0,0.0,0.0,0.1667,0.5,198.0,0.5,0.0
5a8b42be55429949d91db515,chunk_focused_224,chunk,focused,0.0,0.0,1.0,0.4955,1.0,222.0,1.0,1.0
5a8d6d4e554299441c6b9fdb,chunk_focused_224,chunk,focused,1.0,1.0,1.0,0.3587,1.0,223.0,1.0,1.0
5ae40a2955429970de88d8a3,chunk_focused_224,chunk,focused,0.0,0.0,0.0,0.0972,0.5,216.0,0.5,0.0
5adcfebe5542992c1e3a24f3,chunk_focused_224,chunk,focused,0.0,0.0,1.0,0.4931,1.0,217.0,1.0,1.0
5ab5a3fb5542997d4ad1f19b,chunk_focused_224,chunk,focused,0.0,0.8,1.0,0.5247,1.0,223.0,1.0,1.0
5ac2ffbd554299677310267b,chunk_focused_224,chunk,focused,0.0,0.5,1.0,0.4305,1.0,223.0,1.0,1.0
5a7133fa5542994082a3e660,chunk_focused_224,chunk,focused,0.0,0.0,0.0,0.0917,0.5,218.0,1.0,1.0
5abea7c25542990832d3a068,chunk_focused_224,chunk,focused,1.0,1.0,1.0,0.4524,1.0,210.0,1.0,1.0
5a8a09765542992d82986e67,chunk_focused_224,chunk,focused,0.0,0.0,0.0,0.2523,1.0,218.0,1.0,1.0
5a72a51355429901807daf21,chunk_focused_224,chunk,focused,1.0,1.0,1.0,0.507,1.0,215.0,1.0,1.0
5aba72d75542994dbf019912,chunk_focused_224,chunk,focused,1.0,1.0,1.0,0.3439,1.0,221.0,1.0,1.0
5adcd9fe5542990d50227d46,chunk_focused_224,chunk,focused,0.0,0.0,1.0,0.5046,1.0,216.0,1.0,1.0
5ae5c212554299546bf82f4b,chunk_focused_224,chunk,focused,1.0,1.0,1.0,0.2377,1.0,223.0,1.0,1.0
5a7320565542991f9a20c61d,chunk_focused_224,chunk,focused,1.0,1.0,1.0,0.6991,1.0,216.0,1.0,1.0
5add596f5542990dbb2f7e4d,chunk_focused_224,chunk,focused,0.0,0.0,1.0,0.5727,1.0,220.0,1.0,1.0
5adfb60655429942ec259b08,chunk_focused_224,chunk,focused,0.0,0.0,0.0,0.4481,0.5,212.0,0.5,0.0
5a74adb455429916b01641c6,chunk_focused_224,chunk,focused,0.0,0.0,1.0,0.638,1.0,221.0,1.0,1.0
5ae27df25542992decbdcd2a,chunk_focused_224,chunk,focused,0.0,0.0,0.0,0.3874,1.0,222.0,1.0,1.0
5a8baf4b5542996e8ac889c5,chunk_focused_224,chunk,focused,1.0,1.0,1.0,0.0917,0.5,218.0,1.0,1.0
5ae352285542994393b9e685,chunk_focused_224,chunk,focused,1.0,1.0,1.0,0.2523,1.0,218.0,1.0,1.0
5a8e0a005542995085b373a1,chunk_focused_224,chunk,focused,0.0,0.0,0.0,0.1524,0.5,210.0,0.5,0.0
5ab639e65542995eadeeff7f,chunk_focused_224,chunk,focused,0.0,0.8,0.0,0.6919,1.0,198.0,1.0,1.0
5ade99295542992fa25da7d8,chunk_focused_224,chunk,focused,0.0,0.0,1.0,0.4091,0.5,198.0,1.0,1.0
5ac26b7f55429951e9e685ae,chunk_focused_224,chunk,focused,0.0,0.0,0.0,0.3301,0.5,206.0,0.5,0.0
5ae351405542994393b9e67f,chunk_focused_224,chunk,focused,0.0,0.0,1.0,0.536,1.0,222.0,1.0,1.0
5a7f6f4b5542994857a76740,chunk_focused_224,chunk,focused,0.0,0.8,1.0,0.277,1.0,213.0,1.0,1.0
5a81346055429926c1cdad13,chunk_focused_224,chunk,focused,0.0,0.1818,1.0,0.4147,1.0,217.0,1.0,1.0
5a716f575542994082a3e82f,chunk_focused_224,chunk,focused,0.0,0.8,0.0,0.446,1.0,213.0,1.0,1.0
5a812d0555429938b61422e1,chunk_focused_224,chunk,focused,1.0,1.0,1.0,0.4194,1.0,217.0,1.0,1.0
5a826d2f5542995ce29dcd05,chunk_focused_224,chunk,focused,0.0,0.0,1.0,0.6199,1.0,221.0,1.0,1.0
5ab67c3f55429954757d32f9,chunk_focused_224,chunk,focused,1.0,1.0,0.0,0.3258,1.0,221.0,1.0,1.0
5ae20e265542994d89d5b325,chunk_focused_224,chunk,focused,0.0,0.0,1.0,0.6473,1.0,224.0,1.0,1.0
5ae7eed8554299540e5a56b5,chunk_focused_224,chunk,focused,0.0,0.6667,1.0,0.6308,1.0,214.0,1.0,1.0
5a7555215542996c70cfaee1,chunk_focused_224,chunk,focused,1.0,1.0,1.0,0.0938,0.5,224.0,1.0,1.0
5ab9b29c554299743d22ebae,chunk_focused_224,chunk,focused,1.0,1.0,1.0,0.5766,1.0,222.0,1.0,1.0
5ae2c696554299495565db32,chunk_focused_224,chunk,focused,0.0,0.8333,0.0,0.3657,0.5,216.0,1.0,1.0
5a832f9d5542993344745fe4,chunk_focused_224,chunk,focused,0.0,0.0,0.0,0.0,0.0,219.0,0.5,0.0
5a79e3925542994bb9457130,chunk_focused_224,chunk,focused,0.0,0.2857,1.0,0.6078,1.0,204.0,1.0,1.0
5ae713af554299572ea546bb,chunk_focused_224,chunk,focused,0.0,0.0,1.0,0.5046,1.0,218.0,1.0,1.0
5ade450b5542997c77adedc5,chunk_focused_224,chunk,focused,0.0,0.1538,1.0,0.3615,0.5,213.0,1.0,1.0
5ab3cecd5542992ade7c6eae,chunk_focused_224,chunk,focused,0.0,0.0,0.0,0.3587,0.5,223.0,1.0,1.0
5ae4be5c5542995ad6573e3a,chunk_focused_224,chunk,focused,0.0,0.0,1.0,0.274,0.5,219.0,0.5,0.0
5a8d5ec2554299585d9e37c4,chunk_focused_224,chunk,focused,0.0,0.0,0.0,0.7455,1.0,220.0,1.0,1.0
5ae765185542995703ce8c0f,chunk_focused_224,chunk,focused,1.0,1.0,1.0,0.8027,1.0,223.0,1.0,1.0
5ab2c6a955429916697740c2,chunk_focused_224,chunk,focused,0.0,0.0,1.0,0.1403,0.5,221.0,1.0,1.0
5ab6369655429953192ad2a1,chunk_focused_224,chunk,focused,1.0,1.0,1.0,0.5413,1.0,218.0,1.0,1.0
5a7b220855429931da12c9e5,chunk_focused_224,chunk,focused,0.0,0.5,1.0,0.6991,1.0,216.0,1.0,1.0
5a81d92f554299676cceb0f9,chunk_focused_224,chunk,focused,0.0,0.0,1.0,0.6697,1.0,218.0,1.0,1.0
5a7b735c5542997c3ec9718a,chunk_focused_224,chunk,focused,1.0,1.0,1.0,0.6114,1.0,211.0,1.0,1.0
5a724a2b5542990c210a40bc,chunk_focused_224,chunk,focused,0.0,0.6667,1.0,0.2946,1.0,224.0,1.0,1.0
5ae5db98554299546bf82fa6,chunk_focused_224,chunk,focused,1.0,1.0,1.0,0.4664,1.0,223.0,1.0,1.0
5a7344e95542991f9a20c6ce,chunk_focused_224,chunk,focused,0.0,0.0,0.0,0.0,0.0,206.0,0.5,0.0
5ab6dbc15542995eadef00cd,chunk_focused_224,chunk,focused,0.0,0.0,1.0,0.5093,1.0,214.0,1.0,1.0
5a88016b5542997e5c09a58a,chunk_focused_224,chunk,focused,0.0,0.0,1.0,0.6335,1.0,221.0,1.0,1.0
5ab5e024554299494045f097,chunk_focused_224,chunk,focused,0.0,0.0,0.0,0.4953,1.0,212.0,1.0,1.0
5ac44629554299194317395d,chunk_focused_224,chunk,focused,0.0,0.0,1.0,0.558,1.0,224.0,1.0,1.0
5a7afdc85542992d025e672e,chunk_focused_224,chunk,focused,0.0,0.8,0.0,0.2374,0.5,198.0,1.0,1.0
5ae834e95542997ec272776a,chunk_focused_224,chunk,focused,1.0,1.0,1.0,0.3594,0.5,217.0,1.0,1.0
5abbdb335542992ccd8e7fc1,chunk_focused_224,chunk,focused,0.0,0.0,0.0,0.5165,1.0,182.0,1.0,1.0
5a79c9cc554299148911fa53,chunk_focused_224,chunk,focused,1.0,1.0,1.0,0.4541,1.0,196.0,1.0,1.0
5ac38c0755429939154137bb,chunk_focused_224,chunk,focused,0.0,0.4,1.0,0.6106,1.0,208.0,1.0,1.0
5a8b7cb95542995d1e6f13bb,chunk_focused_224,chunk,focused,0.0,0.0,0.0,0.133,0.5,218.0,0.5,0.0
5addfdfa5542997dc790710b,chunk_focused_224,chunk,focused,0.0,0.1538,1.0,0.5536,1.0,224.0,1.0,1.0
5a88d745554299206df2b378,chunk_focused_224,chunk,focused,1.0,1.0,1.0,0.4286,1.0,210.0,1.0,1.0
5ae6940e5542991bbc97613f,chunk_focused_224,chunk,focused,0.0,0.6667,1.0,0.2619,1.0,210.0,1.0,1.0
5abe3abb55429965af743ea1,chunk_focused_224,chunk,focused,0.0,0.0,0.0,0.2804,0.5,214.0,0.5,0.0
5a8ba9d255429971feec4759,chunk_focused_224,chunk,focused,0.0,0.0,0.0,0.4305,0.5,223.0,0.5,0.0
5ab2b6fb5542992953946848,chunk_focused_224,chunk,focused,1.0,1.0,1.0,0.6422,1.0,218.0,1.0,1.0
5adfd2f255429925eb1afaa5,chunk_focused_224,chunk,focused,1.0,1.0,1.0,0.5803,1.0,193.0,1.0,1.0
5a7a33a35542994f819ef14c,chunk_focused_224,chunk,focused,0.0,0.0,1.0,0.0788,0.5,203.0,1.0,1.0
5a8ba07d5542996e8ac88985,chunk_focused_224,chunk,focused,1.0,1.0,1.0,0.5229,1.0,218.0,1.0,1.0
5ab8f57b5542991b5579f097,chunk_focused_224,chunk,focused,1.0,1.0,0.0,0.2579,1.0,221.0,1.0,1.0
5abfb3425542990832d3a1c0,chunk_focused_224,chunk,focused,1.0,1.0,1.0,0.2108,0.5,223.0,0.5,0.0
5ab5ac345542992aa134a37f,chunk_focused_224,chunk,focused,0.0,0.5556,1.0,0.5616,1.0,219.0,1.0,1.0
5a8e63d65542995085b37421,chunk_focused_224,chunk,focused,1.0,1.0,0.0,0.3137,1.0,204.0,1.0,1.0
5a89706055429951533612f9,chunk_focused_224,chunk,focused,0.0,0.0,0.0,0.5409,0.5,220.0,1.0,1.0
5a8e612b5542995085b3741b,chunk_focused_224,chunk,focused,0.0,0.0,1.0,0.3946,1.0,223.0,1.0,1.0
5a738fb4554299623ed4abf9,chunk_focused_224,chunk,focused,1.0,1.0,1.0,0.5849,1.0,212.0,1.0,1.0
5a8bc29a5542995d1e6f1446,chunk_focused_224,chunk,focused,0.0,0.0,0.0,0.2883,0.5,222.0,0.5,0.0
5abfe2a15542997d6429591c,chunk_focused_224,chunk,focused,1.0,1.0,1.0,0.414,1.0,215.0,1.0,1.0
5a868ca055429960ec39b6be,chunk_focused_224,chunk,focused,0.0,0.0,0.0,0.0,0.0,220.0,0.5,0.0
5a820f2c55429926c1cdae17,chunk_focused_224,chunk,focused,0.0,0.0,0.0,0.1705,0.5,217.0,1.0,1.0
5ae5a4e5554299546bf82f01,chunk_focused_224,chunk,focused,0.0,0.75,1.0,0.6164,1.0,219.0,1.0,1.0
5a8d0c74554299585d9e37a1,chunk_focused_224,chunk,focused,0.0,0.0,1.0,0.5117,1.0,213.0,1.0,1.0
5ab9d7e4554299232ef4a21f,chunk_focused_224,chunk,focused,0.0,0.0,1.0,0.8186,1.0,215.0,1.0,1.0
5a7148d25542994082a3e766,chunk_focused_224,chunk,focused,0.0,0.0,1.0,0.4605,1.0,215.0,1.0,1.0
5ae6233c5542992ae0d1623e,chunk_focused_224,chunk,focused,0.0,0.1429,1.0,0.5275,1.0,218.0,1.0,1.0
5adff2aa554299603e4183d0,chunk_focused_224,chunk,focused,0.0,0.0,1.0,0.3587,1.0,223.0,1.0,1.0
5ade7fa3554299728e26c727,chunk_focused_224,chunk,focused,0.0,0.0,0.0,0.242,0.5,219.0,0.5,0.0
5a8f38fa55429924144829f5,chunk_focused_224,chunk,focused,0.0,0.6667,1.0,0.4626,1.0,214.0,1.0,1.0
5a8f51695542992414482a3e,chunk_focused_224,chunk,focused,0.0,0.0,0.0,0.0987,0.5,223.0,0.5,0.0
5a88db445542993b751ca88a,chunk_focused_224,chunk,focused,1.0,1.0,1.0,0.3616,1.0,224.0,1.0,1.0
5a7ef6b35542994959419a94,chunk_focused_224,chunk,focused,0.0,0.0,1.0,0.3384,1.0,198.0,1.0,1.0
5a8e494e5542995a26add4c8,chunk_focused_224,chunk,focused,0.0,0.5,1.0,0.4048,1.0,210.0,1.0,1.0
5ab5d43f5542997d4ad1f1f6,chunk_focused_224,chunk,focused,0.0,0.0,1.0,0.3791,1.0,211.0,1.0,1.0
5a7905ca554299148911f9c8,chunk_focused_224,chunk,focused,0.0,0.0,0.0,0.0,0.0,206.0,0.5,0.0
5ab30f9a554299233954fef2,chunk_focused_224,chunk,focused,0.0,0.0,1.0,0.6419,1.0,215.0,1.0,1.0
5ab3849a55429969a97a8170,chunk_focused_224,chunk,focused,1.0,1.0,1.0,0.2245,0.5,196.0,0.5,0.0
5a7bc5f255429927d897c03e,chunk_focused_224,chunk,focused,1.0,1.0,1.0,0.335,1.0,206.0,1.0,1.0
5a7f22005542993067513657,chunk_focused_224,chunk,focused,1.0,1.0,1.0,0.6009,1.0,213.0,1.0,1.0
5ab925fd554299131ca42281,chunk_focused_224,chunk,focused,0.0,0.0,1.0,0.689,1.0,209.0,1.0,1.0
5a76244c554299109176e65d,chunk_focused_224,chunk,focused,0.0,0.0,0.0,0.2367,0.5,207.0,0.5,0.0
5ab53bee554299637185c526,chunk_focused_224,chunk,focused,0.0,0.0,0.0,0.2353,0.5,204.0,0.5,0.0
5ab6aa4c55429953192ad359,chunk_focused_224,chunk,focused,0.0,0.0,0.0,0.3587,0.5,223.0,0.5,0.0
5abe832a55429965af743f29,chunk_focused_224,chunk,focused,1.0,1.0,1.0,0.1973,0.5,223.0,0.5,0.0
5ab5b732554299494045f03c,chunk_focused_224,chunk,focused,1.0,1.0,1.0,0.4882,1.0,211.0,1.0,1.0
5adffb4655429925eb1afbbf,chunk_focused_224,chunk,focused,1.0,1.0,1.0,0.2443,0.5,221.0,0.5,0.0
5ae6d3345542996d980e7c85,chunk_focused_224,chunk,focused,0.0,0.0,1.0,0.5182,1.0,220.0,1.0,1.0
5ab878ba55429916710eb06c,chunk_focused_224,chunk,focused,0.0,0.0,1.0,0.6763,1.0,207.0,1.0,1.0
5a7509175542993748c897a3,chunk_focused_224,chunk,focused,1.0,1.0,1.0,0.2054,0.5,224.0,0.5,0.0
5a8ac38855429970aeb70300,chunk_focused_224,chunk,focused,1.0,1.0,1.0,0.509,1.0,222.0,1.0,1.0
5a8bc03d5542996e8ac88a0b,chunk_focused_224,chunk,focused,0.0,0.0,1.0,0.3213,0.5,221.0,0.5,0.0
5ae4ad375542995dadf243a4,chunk_focused_224,chunk,focused,0.0,0.0,0.0,0.2933,0.5,208.0,0.5,0.0
5a7da0de5542990b8f5039d7,chunk_focused_224,chunk,focused,0.0,0.8,1.0,0.6562,1.0,224.0,1.0,1.0
5a8af0a355429950cd6afc1c,chunk_focused_224,chunk,focused,0.0,0.0,1.0,0.6885,1.0,183.0,1.0,1.0
5a73522d5542994cef4bc541,chunk_focused_224,chunk,focused,0.0,0.0,1.0,0.4201,1.0,219.0,1.0,1.0
5ab3a83d5542992ade7c6e08,chunk_focused_224,chunk,focused,0.0,0.0,1.0,0.717,1.0,212.0,1.0,1.0
5ab84d5a55429916710eb028,chunk_focused_224,chunk,focused,1.0,1.0,1.0,0.6396,1.0,222.0,1.0,1.0
5a7f57a45542992097ad2f29,chunk_focused_224,chunk,focused,0.0,0.6667,1.0,0.2315,0.5,216.0,0.5,0.0
5ae764a85542997b22f6a720,chunk_focused_224,chunk,focused,0.0,0.0,0.0,0.3902,0.5,205.0,1.0,1.0
5a7b1023554299042af8f6c2,chunk_focused_224,chunk,focused,1.0,1.0,1.0,0.3682,1.0,220.0,1.0,1.0
5a80707e5542992bc0c4a70e,chunk_focused_224,chunk,focused,0.0,0.5333,1.0,0.7689,1.0,212.0,1.0,1.0
5a8e16a5554299068b959e58,chunk_focused_224,chunk,focused,1.0,1.0,1.0,0.4541,1.0,218.0,1.0,1.0
5a875cd65542996e4f30879d,chunk_focused_224,chunk,focused,0.0,0.0,0.0,0.2938,0.5,211.0,1.0,1.0
5a78d16455429974737f78bb,chunk_focused_224,chunk,focused,0.0,0.8,1.0,0.206,1.0,199.0,1.0,1.0
5a895f6155429946c8d6e914,chunk_focused_224,chunk,focused,0.0,0.5,0.0,0.278,0.5,223.0,1.0,1.0
5a84f8555542997175ce1f3a,chunk_focused_224,chunk,focused,0.0,0.0,1.0,0.6233,1.0,223.0,1.0,1.0
5ab31adc554299233954ff0a,chunk_focused_224,chunk,focused,0.0,0.0,0.0,0.2396,0.5,217.0,1.0,1.0
5ac3ba1855429939154138f3,chunk_focused_224,chunk,focused,0.0,0.0,0.0,0.4605,1.0,215.0,1.0,1.0
5a7380b955429908901be2d4,chunk_focused_224,chunk,focused,0.0,0.0,1.0,0.5586,1.0,222.0,1.0,1.0
5a8f92fb55429918e830d271,chunk_focused_224,chunk,focused,0.0,0.0,1.0,0.3732,0.5,209.0,1.0,1.0
5a88082055429938390d3ed2,chunk_focused_224,chunk,focused,1.0,1.0,1.0,0.5438,1.0,217.0,1.0,1.0
5a7d22dc5542995ed0d16600,chunk_focused_224,chunk,focused,1.0,1.0,1.0,0.6455,1.0,220.0,1.0,1.0
5ae291bb5542996483e649f6,chunk_focused_224,chunk,focused,0.0,0.0,1.0,0.6091,1.0,220.0,1.0,1.0
5abfde655542997719eab6f2,chunk_focused_224,chunk,focused,0.0,0.0,1.0,0.5459,1.0,218.0,1.0,1.0
5ae67fad5542991bbc976100,chunk_focused_224,chunk,focused,0.0,0.0,0.0,0.3194,0.5,216.0,0.5,0.0
5ab2a1f35542997061209677,chunk_focused_224,chunk,focused,1.0,1.0,1.0,0.6897,1.0,203.0,1.0,1.0
5a74ab6055429916b01641b9,chunk_focused_224,chunk,focused,1.0,1.0,1.0,0.7175,1.0,223.0,1.0,1.0
5a8b97485542995d1e6f140f,chunk_focused_224,chunk,focused,0.0,0.0,1.0,0.3907,1.0,215.0,1.0,1.0
5adcdc6c5542992c1e3a2437,chunk_focused_224,chunk,focused,0.0,0.0,0.0,0.3439,0.5,221.0,0.5,0.0
5ae73ddb554299572ea5478d,chunk_focused_224,chunk,focused,1.0,1.0,1.0,0.3761,1.0,218.0,1.0,1.0
5ade618e554299728e26c700,chunk_focused_224,chunk,focused,0.0,0.0,1.0,0.493,1.0,213.0,1.0,1.0
5a76404b5542994ccc91873d,chunk_focused_224,chunk,focused,0.0,0.0,1.0,0.7762,1.0,210.0,1.0,1.0
5ac44b47554299194317396c,chunk_focused_224,chunk,focused,0.0,0.1818,0.0,0.536,1.0,222.0,1.0,1.0
5ac27afa5542990b17b153b5,chunk_focused_224,chunk,focused,0.0,0.0,0.0,0.3665,0.5,221.0,0.5,0.0
5ac2c4fe554299218029db3b,chunk_focused_224,chunk,focused,0.0,0.1818,1.0,0.5336,1.0,223.0,1.0,1.0
5ae49b705542995ad6573dbc,chunk_focused_224,chunk,focused,0.0,0.25,1.0,0.2687,1.0,201.0,1.0,1.0
5ae5fc345542993aec5ec1f8,chunk_focused_224,chunk,focused,1.0,1.0,1.0,0.5136,1.0,220.0,1.0,1.0
5a8d651955429941ae14dfaf,chunk_focused_224,chunk,focused,1.0,1.0,1.0,0.4953,0.5,214.0,1.0,1.0
5a839cb9554299123d8c2169,chunk_focused_224,chunk,focused,1.0,1.0,0.0,0.2864,0.5,206.0,1.0,1.0
5adbe1b355429944faac23a0,chunk_focused_224,chunk,focused,1.0,1.0,1.0,0.4955,1.0,220.0,1.0,1.0
5ac29cf8554299218029dac2,chunk_focused_224,chunk,focused,0.0,0.0,0.0,0.0,0.0,205.0,0.0,0.0
5ae21ef35542994d89d5b35d,chunk_focused_224,chunk,focused,1.0,1.0,1.0,0.6507,1.0,209.0,1.0,1.0
5ae1ebf95542997283cd22f2,chunk_focused_224,chunk,focused,1.0,1.0,1.0,0.7857,1.0,224.0,1.0,1.0
5a8b98665542995d1e6f1413,chunk_focused_224,chunk,focused,1.0,1.0,1.0,0.1944,1.0,216.0,1.0,1.0
5ae3d67f5542992f92d8238f,chunk_focused_224,chunk,focused,0.0,0.0,0.0,0.1441,0.5,222.0,0.5,0.0
5a8cb4b2554299585d9e372a,chunk_focused_224,chunk,focused,0.0,0.0,1.0,0.2545,0.5,220.0,0.5,0.0
5ae30aa05542992decbdcdd7,chunk_focused_224,chunk,focused,0.0,0.0,1.0,0.4439,1.0,205.0,1.0,1.0
5adcaa7f5542990d50227cdb,chunk_focused_224,chunk,focused,1.0,1.0,1.0,0.5848,1.0,224.0,1.0,1.0
5a8d40715542994ba4e3dc3a,chunk_focused_224,chunk,focused,0.0,0.0,1.0,0.7731,1.0,216.0,1.0,1.0
5ae4f2595542990ba0bbb1a8,chunk_focused_224,chunk,focused,1.0,1.0,1.0,0.3971,0.5,209.0,0.5,0.0
5ac507725542994611c8b32a,chunk_focused_224,chunk,focused,0.0,0.0,0.0,0.1981,0.5,212.0,0.5,0.0
5a8f5bb45542992414482a77,chunk_focused_224,chunk,focused,0.0,0.0,0.0,0.0524,0.5,210.0,0.5,0.0
5ae1f2d4554299234fd04358,chunk_focused_224,chunk,focused,0.0,0.0,0.0,0.1402,0.5,214.0,0.5,0.0
5ae2fca555429928c423958a,chunk_focused_224,chunk,focused,0.0,0.0,0.0,0.3864,0.5,220.0,0.5,0.0
5adc0f8d55429947ff1738ef,chunk_focused_224,chunk,focused,0.0,0.0,1.0,0.6591,1.0,220.0,1.0,1.0
5add64065542995b365fab25,chunk_focused_224,chunk,focused,0.0,0.0,1.0,0.4554,1.0,224.0,1.0,1.0
5a7d26bd554299452d57bb28,chunk_focused_224,chunk,focused,0.0,0.0,1.0,0.4928,1.0,207.0,1.0,1.0
5abba581554299642a094af9,chunk_focused_224,chunk,focused,0.0,0.0,0.0,0.316,0.5,212.0,1.0,1.0
5a7f89c75542994857a76775,chunk_focused_224,chunk,focused,0.0,0.0,0.0,0.381,0.5,210.0,1.0,1.0
5ae531695542990ba0bbb1fb,chunk_focused_224,chunk,focused,0.0,0.0,0.0,0.5136,0.5,220.0,0.5,0.0
5a8d5f16554299585d9e37c5,chunk_focused_224,chunk,focused,1.0,1.0,1.0,0.2511,0.5,223.0,1.0,1.0
5ade1f1c55429939a52fe82d,chunk_focused_224,chunk,focused,0.0,0.0,1.0,0.5773,1.0,220.0,1.0,1.0
5a70f4c45542994082a3e437,chunk_focused_224,chunk,focused,1.0,1.0,1.0,0.5939,1.0,197.0,1.0,1.0
5a8a07af55429970aeb70222,chunk_focused_224,chunk,focused,0.0,0.3333,1.0,0.6018,1.0,221.0,1.0,1.0
5abd332e5542993062266bdd,chunk_focused_224,chunk,focused,0.0,0.2857,1.0,0.3538,0.5,195.0,0.5,0.0
5ae4869755429970de88d99a,chunk_focused_224,chunk,focused,0.0,0.0,1.0,0.657,1.0,207.0,1.0,1.0
5a8d841955429941ae14dfe6,chunk_focused_224,chunk,focused,0.0,0.0,1.0,0.148,0.5,223.0,0.5,0.0
5a87c0945542996e4f30890b,chunk_focused_224,chunk,focused,1.0,1.0,0.0,0.417,0.5,223.0,1.0,1.0
5a8a9bc15542996c9b8d5f36,chunk_focused_224,chunk,focused,1.0,1.0,1.0,0.4144,1.0,222.0,1.0,1.0
5adc93a4554299438c868e01,chunk_focused_224,chunk,focused,0.0,0.0,0.0,0.5023,0.5,221.0,0.5,0.0
5ae564a155429960a22e02e4,chunk_focused_224,chunk,focused,0.0,0.4,1.0,0.4836,1.0,213.0,1.0,1.0
5ab56b9b5542997d4ad1f113,chunk_focused_224,chunk,focused,0.0,0.0,1.0,0.3555,1.0,211.0,1.0,1.0
5a74d9c555429929fddd84fb,chunk_focused_224,chunk,focused,1.0,1.0,1.0,0.4848,1.0,198.0,1.0,1.0
5a8af56855429950cd6afc2f,chunk_focused_224,chunk,focused,1.0,1.0,1.0,0.7418,1.0,213.0,1.0,1.0
5ab3c470554299233954ffa1,chunk_focused_224,chunk,focused,1.0,1.0,0.0,0.2694,0.5,219.0,1.0,1.0
5ae20c465542997283cd236a,chunk_focused_224,chunk,focused,0.0,0.0,0.0,0.4196,0.5,224.0,0.5,0.0
5ab5b701554299637185c5e7,chunk_focused_224,chunk,focused,0.0,0.0,1.0,0.2242,0.5,223.0,0.5,0.0
5ae829ea5542997ec2727738,chunk_focused_224,chunk,focused,0.0,0.3333,0.0,0.5417,0.5,144.0,0.5,0.0
5ac546975542993e66e8229a,chunk_focused_224,chunk,focused,1.0,1.0,1.0,0.4563,1.0,206.0,1.0,1.0
5a81a63c5542990a1d231e45,chunk_focused_224,chunk,focused,0.0,0.5,0.0,0.3829,0.5,222.0,1.0,1.0
5a72af155542992359bc316c,chunk_focused_224,chunk,focused,1.0,1.0,1.0,0.473,1.0,222.0,1.0,1.0
5abd6f0855429933744ab7d5,chunk_focused_224,chunk,focused,0.0,0.0,0.0,0.3005,0.5,213.0,1.0,1.0
5adefcf15542995ec70e8f4c,chunk_focused_224,chunk,focused,0.0,0.0,1.0,0.6037,1.0,217.0,1.0,1.0
5ae15ae25542990adbacf767,chunk_focused_224,chunk,focused,0.0,0.0,0.0,0.2374,0.5,219.0,1.0,1.0
5abbf43d5542993f40c73c2f,chunk_focused_224,chunk,focused,1.0,1.0,1.0,0.3619,0.5,210.0,1.0,1.0
5a7ab1b055429927d897bef4,chunk_focused_224,chunk,focused,1.0,1.0,1.0,0.2367,1.0,207.0,1.0,1.0
5a7d2afd5542995f4f402221,chunk_focused_224,chunk,focused,1.0,1.0,1.0,0.6682,1.0,220.0,1.0,1.0
5a84c0765542991dd0999dd9,chunk_focused_224,chunk,focused,0.0,0.0,0.0,0.1636,0.5,214.0,0.5,0.0
5ae0bc185542993d6555ec29,chunk_focused_224,chunk,focused,0.0,0.0,0.0,0.1973,0.5,223.0,0.5,0.0
5a7cef5d55429909bec768ac,chunk_focused_224,chunk,focused,0.0,0.0,1.0,0.6906,1.0,223.0,1.0,1.0
5a899f4955429946c8d6e971,chunk_focused_224,chunk,focused,1.0,1.0,1.0,0.6313,1.0,217.0,1.0,1.0
5a8ed7b455429917b4a5bdd1,chunk_focused_224,chunk,focused,0.0,0.8,1.0,0.7175,1.0,223.0,1.0,1.0
5a835a265542992ef85e2281,chunk_focused_224,chunk,focused,0.0,0.5,1.0,0.455,1.0,200.0,1.0,1.0
5a8c52685542995e66a475bb,chunk_focused_224,chunk,focused,0.0,0.0,0.0,0.4734,0.5,207.0,0.5,0.0
5ab4e48655429942dd415f9c,chunk_focused_224,chunk,focused,0.0,0.0,0.0,0.1852,0.5,216.0,0.5,0.0
5ae67dba55429908198fa5f0,chunk_focused_224,chunk,focused,0.0,0.0,0.0,0.2455,0.5,224.0,0.5,0.0
5ae13c5155429920d5234336,chunk_focused_224,chunk,focused,1.0,1.0,1.0,0.411,1.0,219.0,1.0,1.0
5ab2b7405542991669774069,chunk_focused_224,chunk,focused,0.0,0.0,0.0,0.3636,1.0,220.0,1.0,1.0
5ab1c693554299722f9b4c66,chunk_focused_224,chunk,focused,1.0,1.0,1.0,0.2098,0.5,224.0,0.5,0.0
5ae692e35542996d980e7c0e,chunk_focused_224,chunk,focused,0.0,0.0,1.0,0.593,1.0,199.0,1.0,1.0
5a7f74975542992097ad2f77,chunk_focused_224,chunk,focused,0.0,0.0,0.0,0.4955,0.5,224.0,0.5,0.0
5a7e30b255429934daa2fbeb,chunk_focused_224,chunk,focused,0.0,0.0,1.0,0.7523,1.0,218.0,1.0,1.0
5a7ca95b55429935c91b5287,chunk_focused_224,chunk,focused,1.0,1.0,1.0,0.615,1.0,213.0,1.0,1.0
5abfa18f5542990832d3a176,chunk_focused_224,chunk,focused,1.0,1.0,1.0,0.6759,1.0,216.0,1.0,1.0
5a8a39b355429930ff3c0d13,chunk_focused_224,chunk,focused,1.0,1.0,1.0,0.3092,0.5,207.0,0.5,0.0
5ab2958c554299449642c912,chunk_focused_224,chunk,focused,0.0,0.0,0.0,0.0,0.0,223.0,0.5,0.0
5ae7eaf65542994a481bbe1d,chunk_focused_224,chunk,focused,1.0,1.0,1.0,0.3767,1.0,215.0,1.0,1.0
5aba916c55429901930fa83b,chunk_focused_224,chunk,focused,1.0,1.0,1.0,0.1696,0.5,224.0,0.5,0.0
5ac0d981554299012d1db646,chunk_focused_224,chunk,focused,0.0,0.5,0.0,0.6518,1.0,224.0,1.0,1.0
5ade653f55429975fa854ebb,chunk_focused_224,chunk,focused,0.0,0.75,1.0,0.4751,1.0,221.0,1.0,1.0
5ab54e145542992aa134a2a1,chunk_focused_224,chunk,focused,0.0,0.8571,1.0,0.5089,1.0,224.0,1.0,1.0
5a8518a75542994c784ddaf7,chunk_focused_224,chunk,focused,0.0,0.0,1.0,0.3818,1.0,220.0,1.0,1.0
5ac175635542994ab5c67d4b,chunk_focused_224,chunk,focused,1.0,1.0,1.0,0.5251,1.0,219.0,1.0,1.0
5abd889f55429924427fd046,chunk_focused_224,chunk,focused,1.0,1.0,1.0,0.8386,1.0,223.0,1.0,1.0
5a772c925542993735360208,chunk_focused_224,chunk,focused,0.0,0.0,1.0,0.5268,1.0,224.0,1.0,1.0
5ab492155542991779162ce3,chunk_focused_224,chunk,focused,0.0,0.25,0.0,0.1741,0.5,224.0,0.5,0.0
5ae5ef105542996de7b71a72,chunk_focused_224,chunk,focused,0.0,0.0,1.0,0.2783,0.5,212.0,1.0,1.0
5a8ad2f3554299515336138d,chunk_focused_224,chunk,focused,1.0,1.0,1.0,0.5519,0.5,212.0,1.0,1.0
5a7d07a455429907fabef0ae,chunk_focused_224,chunk,focused,0.0,0.5,1.0,0.3045,1.0,220.0,1.0,1.0
5aba89d555429901930fa816,chunk_focused_224,chunk,focused,0.0,0.6667,0.0,0.7674,1.0,215.0,1.0,1.0
5a8c7623554299653c1aa07a,chunk_focused_224,chunk,focused,1.0,1.0,1.0,0.2318,0.5,220.0,1.0,1.0
5a79ecd05542996c55b2dca1,chunk_focused_224,chunk,focused,0.0,0.6667,0.0,0.2956,0.5,203.0,0.5,0.0
5adec4695542992fa25da83a,chunk_focused_224,chunk,focused,1.0,1.0,1.0,0.6897,1.0,203.0,1.0,1.0
5ae608f2554299546bf83026,chunk_focused_224,chunk,focused,0.0,0.0,1.0,0.3661,1.0,224.0,1.0,1.0
5abfd5c45542994516f4550e,chunk_focused_224,chunk,focused,0.0,0.0,0.0,0.2589,0.5,224.0,0.5,0.0
5adce12e5542990d50227d4f,chunk_focused_224,chunk,focused,0.0,0.0,1.0,0.1779,0.5,208.0,0.5,0.0
5a851b0d5542997175ce1f7f,chunk_focused_224,chunk,focused,0.0,0.0,0.0,0.3243,1.0,222.0,1.0,1.0
5ae164cf5542997b2ef7d1cd,chunk_focused_224,chunk,focused,0.0,0.0,0.0,0.3571,0.5,224.0,0.5,0.0
5a8c493e554299653c1aa020,chunk_focused_224,chunk,focused,0.0,0.0,0.0,0.195,0.5,200.0,0.5,0.0
5a89dbec554299669944a5d6,chunk_focused_224,chunk,focused,0.0,0.0,1.0,0.6278,1.0,223.0,1.0,1.0
5ae1389655429901ffe4ae05,chunk_focused_224,chunk,focused,1.0,1.0,1.0,0.7443,1.0,219.0,1.0,1.0
5adc6a3b55429947ff173953,chunk_focused_224,chunk,focused,1.0,1.0,1.0,0.6296,1.0,216.0,1.0,1.0
5ac02880554299012d1db5c0,chunk_focused_224,chunk,focused,1.0,1.0,1.0,0.527,1.0,222.0,1.0,1.0
5aba0c2655429955dce3edb7,chunk_focused_224,chunk,focused,0.0,0.0,1.0,0.3056,0.5,216.0,0.5,0.0
5add44c25542997545bbbd0a,chunk_focused_224,chunk,focused,0.0,0.2857,1.0,0.4977,1.0,221.0,1.0,1.0
5a7616755542992d0ec06028,chunk_focused_224,chunk,focused,0.0,0.6667,1.0,0.3438,1.0,224.0,1.0,1.0
5add1d575542992c1e3a2540,chunk_mmr_224,chunk,mmr,0.0,0.0,0.0,0.211,0.5,218.0,0.5,0.0
5ac55ea55542993e66e82377,chunk_mmr_224,chunk,mmr,0.0,0.0,0.0,0.1468,0.5,218.0,1.0,1.0
5ac3a76e554299741d48a2be,chunk_mmr_224,chunk,mmr,1.0,1.0,1.0,0.7489,1.0,219.0,1.0,1.0
5a7133565542994082a3e65c,chunk_mmr_224,chunk,mmr,0.0,0.6667,1.0,0.4409,0.5,220.0,1.0,1.0
5ac1a4745542991316484b82,chunk_mmr_224,chunk,mmr,1.0,1.0,1.0,0.5587,1.0,213.0,1.0,1.0
5adc597d55429947ff17392f,chunk_mmr_224,chunk,mmr,0.0,0.0,0.0,0.4348,0.5,207.0,0.5,0.0
5ac55e835542993e66e82375,chunk_mmr_224,chunk,mmr,1.0,1.0,1.0,1.0,1.0,218.0,1.0,1.0
5a8d9e0f554299441c6ba015,chunk_mmr_224,chunk,mmr,0.0,0.0,0.0,0.2589,0.5,224.0,0.5,0.0
5ae70ed7554299572ea546a1,chunk_mmr_224,chunk,mmr,0.0,0.6667,1.0,0.7251,1.0,211.0,1.0,1.0
5a74a8fa55429929fddd8497,chunk_mmr_224,chunk,mmr,0.0,0.0,0.0,0.2383,0.5,214.0,0.5,0.0
5a7cb94f554299683c1c6353,chunk_mmr_224,chunk,mmr,0.0,0.0,0.0,0.4476,0.5,210.0,0.5,0.0
5ab874ba5542990e739ec904,chunk_mmr_224,chunk,mmr,1.0,1.0,1.0,0.7808,1.0,219.0,1.0,1.0
5ae3a8985542992f92d82329,chunk_mmr_224,chunk,mmr,0.0,0.6667,1.0,0.135,0.5,200.0,0.5,0.0
5ac39f7b554299218029dbe7,chunk_mmr_224,chunk,mmr,1.0,1.0,1.0,0.6473,1.0,224.0,1.0,1.0
5ae27b535542996483e649b6,chunk_mmr_224,chunk,mmr,1.0,1.0,1.0,0.4104,1.0,212.0,1.0,1.0
5a7331de5542994cef4bc4a8,chunk_mmr_224,chunk,mmr,0.0,0.129,1.0,0.5049,1.0,206.0,1.0,1.0
5ac15de55542991316484afb,chunk_mmr_224,chunk,mmr,0.0,0.0,0.0,0.4574,1.0,223.0,1.0,1.0
5a7c6c9d554299683c1c6302,chunk_mmr_224,chunk,mmr,0.0,0.0,0.0,0.0737,0.5,217.0,0.5,0.0
5ae6363b55429929b0807af0,chunk_mmr_224,chunk,mmr,0.0,0.0,0.0,0.1905,0.5,168.0,0.5,0.0
5a8cea40554299441c6b9f76,chunk_mmr_224,chunk,mmr,1.0,1.0,1.0,0.8136,1.0,220.0,1.0,1.0
5ab5ecd75542992aa134a3e6,chunk_mmr_224,chunk,mmr,0.0,0.0,1.0,0.5695,1.0,223.0,1.0,1.0
5a84c5545542991dd0999dee,chunk_mmr_224,chunk,mmr,0.0,0.0,0.0,0.6168,0.5,214.0,0.5,0.0
5adeacf955429975fa854f66,chunk_mmr_224,chunk,mmr,0.0,0.0,0.0,0.3981,0.5,211.0,0.5,0.0
5a8ce15d554299653c1aa12f,chunk_mmr_224,chunk,mmr,0.0,0.0,0.0,0.601,1.0,203.0,1.0,1.0
5ade4da055429939a52fe878,chunk_mmr_224,chunk,mmr,1.0,1.0,1.0,0.6205,1.0,224.0,1.0,1.0
5ab2a186554299295394677b,chunk_mmr_224,chunk,mmr,0.0,0.0,1.0,0.8095,1.0,210.0,1.0,1.0
5ade66e1554299728e26c713,chunk_mmr_224,chunk,mmr,1.0,1.0,1.0,1.0,1.0,222.0,1.0,1.0
5a7c634c55429907fabeef79,chunk_mmr_224,chunk,mmr,1.0,1.0,1.0,0.7435,1.0,191.0,1.0,1.0
5ae13f3c5542997b2ef7d168,chunk_mmr_224,chunk,mmr,0.0,0.0,0.0,0.2202,0.5,218.0,0.5,0.0
5ae17cd055429901ffe4aea3,chunk_mmr_224,chunk,mmr,1.0,1.0,1.0,0.3119,1.0,218.0,1.0,1.0
5ae7940c55429952e35ea984,chunk_mmr_224,chunk,mmr,0.0,0.5,0.0,0.2735,0.5,223.0,0.5,0.0
5a7296815542991f9a20c515,chunk_mmr_224,chunk,mmr,1.0,1.0,1.0,0.686,1.0,207.0,1.0,1.0
5ab2e8ad554299340b525562,chunk_mmr_224,chunk,mmr,1.0,1.0,1.0,0.4369,1.0,222.0,1.0,1.0
5a89b1de5542992e4fca8378,chunk_mmr_224,chunk,mmr,1.0,1.0,1.0,0.45,1.0,220.0,1.0,1.0
5ab78edc5542995dae37e95c,chunk_mmr_224,chunk,mmr,0.0,0.0,0.0,0.2727,0.5,220.0,0.5,0.0
5ae73acb5542991e8301cc07,chunk_mmr_224,chunk,mmr,1.0,1.0,1.0,0.7612,1.0,201.0,1.0,1.0
5a8257fa55429940e5e1a866,chunk_mmr_224,chunk,mmr,1.0,1.0,1.0,0.2857,0.5,217.0,1.0,1.0
5a8d8e4f5542994ba4e3dca7,chunk_mmr_224,chunk,mmr,0.0,0.5,1.0,0.6157,1.0,216.0,1.0,1.0
5a8a07725542992d82986e5b,chunk_mmr_224,chunk,mmr,0.0,0.0,0.0,0.0,0.0,215.0,0.5,0.0
5a79fac85542996c55b2dcc1,chunk_mmr_224,chunk,mmr,1.0,1.0,1.0,0.7745,1.0,204.0,1.0,1.0
5a81537355429926c1cdad20,chunk_mmr_224,chunk,mmr,0.0,0.5,1.0,0.2991,0.5,224.0,1.0,1.0
5a721d5a55429971e9dc9283,chunk_mmr_224,chunk,mmr,0.0,0.4444,1.0,0.4378,1.0,217.0,1.0,1.0
5a7aa2a255429941d65f270e,chunk_mmr_224,chunk,mmr,0.0,0.8,1.0,0.3702,1.0,208.0,1.0,1.0
5abe6f8455429965af743f03,chunk_mmr_224,chunk,mmr,0.0,0.0,1.0,0.6637,1.0,223.0,1.0,1.0
5ae7257a554299572ea54731,chunk_mmr_224,chunk,mmr,0.0,0.0,1.0,0.5682,1.0,220.0,1.0,1.0
5ac0e0e25542997d64295a6f,chunk_mmr_224,chunk,mmr,0.0,0.0,0.0,0.473,0.5,222.0,0.5,0.0
5a72688c5542997f827839b2,chunk_mmr_224,chunk,mmr,1.0,1.0,1.0,0.5258,1.0,213.0,1.0,1.0
5adea0c5554299728e26c776,chunk_mmr_224,chunk,mmr,0.0,0.0,0.0,0.586,1.0,186.0,1.0,1.0
5ab8372255429919ba4e226b,chunk_mmr_224,chunk,mmr,1.0,1.0,1.0,0.6816,1.0,223.0,1.0,1.0
5ac0e064554299012d1db64e,chunk_mmr_224,chunk,mmr,0.0,0.0,0.0,0.0,0.0,223.0,0.5,0.0
5a8574945542997b5ce3fffb,chunk_mmr_224,chunk,mmr,1.0,1.0,1.0,0.522,1.0,205.0,1.0,1.0
5a8704f8554299211dda2ba4,chunk_mmr_224,chunk,mmr,0.0,0.5,0.0,0.0,0.0,197.0,1.0,1.0
5a81d1f0554299676cceb0ee,chunk_mmr_224,chunk,mmr,1.0,1.0,1.0,0.6181,0.5,199.0,1.0,1.0
5a7bf84b5542996dd594b875,chunk_mmr_224,chunk,mmr,1.0,1.0,1.0,0.4505,1.0,222.0,1.0,1.0
5ab69e4f554299710c8d1eee,chunk_mmr_224,chunk,mmr,1.0,1.0,1.0,0.6215,1.0,214.0,1.0,1.0
5ae64ad25542995703ce8b4f,chunk_mmr_224,chunk,mmr,0.0,0.0,0.0,0.0,0.0,215.0,0.0,0.0
5a7571135542992d0ec05f98,chunk_mmr_224,chunk,mmr,1.0,1.0,1.0,0.2636,1.0,220.0,1.0,1.0
5a8f2fed55429918e830d1c7,chunk_mmr_224,chunk,mmr,0.0,0.0,1.0,0.7358,1.0,212.0,1.0,1.0
5ab596d95542992aa134a371,chunk_mmr_224,chunk,mmr,0.0,0.0,1.0,0.6486,1.0,222.0,1.0,1.0
5a71214d5542994082a3e5b9,chunk_mmr_224,chunk,mmr,0.0,0.0,0.0,0.6261,1.0,222.0,1.0,1.0
5ac298f9554299657fa28fc9,chunk_mmr_224,chunk,mmr,0.0,0.125,1.0,0.5374,1.0,214.0,1.0,1.0
5ae35e8c5542990afbd1e120,chunk_mmr_224,chunk,mmr,0.0,0.25,0.0,0.3628,0.5,215.0,0.5,0.0
5ae616ce5542992663a4f259,chunk_mmr_224,chunk,mmr,0.0,0.3333,0.0,0.5668,0.5,217.0,0.5,0.0
5abbc3a955429931dba144f9,chunk_mmr_224,chunk,mmr,0.0,0.0,0.0,0.2838,0.5,222.0,0.5,0.0
5adfe6c455429906c02daa85,chunk_mmr_224,chunk,mmr,1.0,1.0,1.0,0.1767,0.5,215.0,0.5,0.0
5a7f924c55429969796c1aba,chunk_mmr_224,chunk,mmr,0.0,0.5,0.0,0.5045,0.5,224.0,0.5,0.0
5ab938fb554299131ca422ce,chunk_mmr_224,chunk,mmr,0.0,0.0,1.0,0.4346,1.0,214.0,1.0,1.0
5ae1e80b5542997f29b3c197,chunk_mmr_224,chunk,mmr,0.0,0.0,0.0,0.1429,0.5,210.0,0.5,0.0
5a89e3995542992e4fca844d,chunk_mmr_224,chunk,mmr,0.0,0.0,0.0,0.4866,0.5,224.0,0.5,0.0
5ab8919655429934fafe6e13,chunk_mmr_224,chunk,mmr,1.0,1.0,1.0,0.58,0.5,200.0,0.5,0.0
5add18345542994ed6169c7e,chunk_mmr_224,chunk,mmr,1.0,1.0,1.0,0.6256,1.0,219.0,1.0,1.0
5a825b0e55429954d2e2eb0c,chunk_mmr_224,chunk,mmr,0.0,0.0,0.0,0.0,0.0,213.0,0.5,0.0
5ab54056554299488d4d9923,chunk_mmr_224,chunk,mmr,0.0,0.0,0.0,0.0708,0.5,212.0,0.5,0.0
5a8a416955429930ff3c0d2b,chunk_mmr_224,chunk,mmr,1.0,1.0,1.0,0.4885,1.0,217.0,1.0,1.0
5a729fe55542991f9a20c53b,chunk_mmr_224,chunk,mmr,0.0,0.5,0.0,0.1611,0.5,211.0,1.0,1.0
5abee41a5542993fe9a41d79,chunk_mmr_224,chunk,mmr,1.0,1.0,1.0,0.592,1.0,201.0,1.0,1.0
5a8327fd5542990548d0b1a3,chunk_mmr_224,chunk,mmr,1.0,1.0,1.0,0.3812,1.0,223.0,1.0,1.0
5a7264ed5542990c210a411a,chunk_mmr_224,chunk,mmr,0.0,0.0,0.0,0.75,0.5,184.0,1.0,1.0
5a74cfc75542996c70cfadfe,chunk_mmr_224,chunk,mmr,1.0,1.0,1.0,0.6542,1.0,214.0,1.0,1.0
5abe3c7555429965af743ea5,chunk_mmr_224,chunk,mmr,0.0,0.0,1.0,0.7175,1.0,223.0,1.0,1.0
5a88a5645542997e5c09a679,chunk_mmr_224,chunk,mmr,1.0,1.0,0.0,0.3722,1.0,223.0,1.0,1.0
5a8756aa5542994846c1cd69,chunk_mmr_224,chunk,mmr,0.0,0.5,1.0,0.6422,1.0,218.0,1.0,1.0
5a83ab355542990548d0b218,chunk_mmr_224,chunk,mmr,1.0,1.0,1.0,0.3659,0.5,205.0,1.0,1.0
5abe407155429976d4830ab4,chunk_mmr_224,chunk,mmr,0.0,0.0,0.0,0.7525,1.0,198.0,1.0,1.0
5a769b115542993569682c51,chunk_mmr_224,chunk,mmr,0.0,0.0,0.0,0.0,0.0,213.0,0.0,0.0
5abb8a9b5542996cc5e4a016,chunk_mmr_224,chunk,mmr,0.0,0.0,1.0,0.35,1.0,220.0,1.0,1.0
5adf4b335542993a75d264a5,chunk_mmr_224,chunk,mmr,0.0,0.4,1.0,0.4861,0.5,216.0,1.0,1.0
5a8a19c45542992e4fca8501,chunk_mmr_224,chunk,mmr,0.0,0.0,0.0,0.0491,0.5,224.0,1.0,1.0
5ac2f34455429921a00ab0b6,chunk_mmr_224,chunk,mmr,0.0,0.25,1.0,0.2792,0.5,197.0,1.0,1.0
5a7e040f5542990b8f503b13,chunk_mmr_224,chunk,mmr,1.0,1.0,1.0,0.1935,1.0,217.0,1.0,1.0
5a8f186055429918e830d186,chunk_mmr_224,chunk,mmr,0.0,0.0,0.0,1.0,1.0,222.0,1.0,1.0
5ac4fbe255429924173fb53b,chunk_mmr_224,chunk,mmr,0.0,0.0,0.0,0.3136,0.5,220.0,0.5,0.0
5a8591715542994c784ddb27,chunk_mmr_224,chunk,mmr,0.0,0.0,1.0,0.638,1.0,221.0,1.0,1.0
5a8ee3a755429917b4a5be02,chunk_mmr_224,chunk,mmr,0.0,0.5714,0.0,0.3211,0.5,218.0,0.5,0.0
5ab985eb554299131ca42360,chunk_mmr_224,chunk,mmr,1.0,1.0,1.0,0.3153,1.0,222.0,1.0,1.0
5ab431d855429942dd415ed2,chunk_mmr_224,chunk,mmr,0.0,0.0,0.0,0.0,0.0,221.0,0.5,0.0
5a771ead55429966f1a36c7c,chunk_mmr_224,chunk,mmr,0.0,0.0,0.0,0.3445,0.5,209.0,1.0,1.0
5ac46a8b5542991943173980,chunk_mmr_224,chunk,mmr,1.0,1.0,1.0,0.4717,1.0,212.0,1.0,1.0
5abda2b755429933744ab80f,chunk_mmr_224,chunk,mmr,0.0,0.0,1.0,0.6425,0.5,207.0,1.0,1.0
5adc02445542994650320c4e,chunk_mmr_224,chunk,mmr,1.0,1.0,1.0,0.6471,1.0,221.0,1.0,1.0
5a8b128455429971feec463b,chunk_mmr_224,chunk,mmr,0.0,0.0,0.0,0.6667,0.5,216.0,0.5,0.0
5a803ed45542996402f6a496,chunk_mmr_224,chunk,mmr,0.0,0.0,1.0,0.5471,1.0,223.0,1.0,1.0
5a74c85055429916b0164218,chunk_mmr_224,chunk,mmr,0.0,0.6667,1.0,0.4091,1.0,220.0,1.0,1.0
5ac288a95542990b17b153e5,chunk_mmr_224,chunk,mmr,0.0,0.0,0.0,0.0972,0.5,216.0,0.5,0.0
5ab2123155429970612095b9,chunk_mmr_224,chunk,mmr,0.0,0.5,1.0,0.3056,0.5,216.0,0.5,0.0
5a82edae55429966c78a6a9f,chunk_mmr_224,chunk,mmr,0.0,0.0,1.0,0.3889,1.0,216.0,1.0,1.0
5ae22b8d554299234fd0440f,chunk_mmr_224,chunk,mmr,0.0,0.0,1.0,0.5213,1.0,211.0,1.0,1.0
5adbda2755429944faac2385,chunk_mmr_224,chunk,mmr,1.0,1.0,0.0,0.5982,1.0,219.0,1.0,1.0
5ae1d1a55542997f29b3c138,chunk_mmr_224,chunk,mmr,0.0,0.0,1.0,0.4128,1.0,218.0,1.0,1.0
5ac3a2f35542993915413856,chunk_mmr_224,chunk,mmr,0.0,0.0,0.0,0.3455,0.5,220.0,0.5,0.0
5a7647b85542992d0ec0608a,chunk_mmr_224,chunk,mmr,1.0,1.0,1.0,0.2591,0.5,220.0,1.0,1.0
5ac49a1c5542996feb3fe905,chunk_mmr_224,chunk,mmr,0.0,0.0,0.0,0.0,0.0,219.0,0.0,0.0
5ae60484554299546bf8301a,chunk_mmr_224,chunk,mmr,0.0,0.2857,0.0,0.4318,0.5,220.0,1.0,1.0
5a84cf175542992a431d1aa2,chunk_mmr_224,chunk,mmr,0.0,0.0,1.0,0.3911,1.0,202.0,1.0,1.0
5a81b2505542995ce29dcc32,chunk_mmr_224,chunk,mmr,1.0,1.0,1.0,0.5714,1.0,224.0,1.0,1.0
5ab568af554299494045efaf,chunk_mmr_224,chunk,mmr,1.0,1.0,1.0,0.6699,1.0,209.0,1.0,1.0
5a8f7a135542992414482adc,chunk_mmr_224,chunk,mmr,0.0,0.0,1.0,0.755,1.0,200.0,1.0,1.0
5ab2be71554299166977408c,chunk_mmr_224,chunk,mmr,0.0,0.0,1.0,0.6372,1.0,215.0,1.0,1.0
5ae537e45542990ba0bbb235,chunk_mmr_224,chunk,mmr,1.0,1.0,1.0,0.6869,1.0,214.0,1.0,1.0
5ac2546a554299636651997b,chunk_mmr_224,chunk,mmr,1.0,1.0,1.0,0.3333,0.5,213.0,1.0,1.0
5ae356045542990afbd1e10d,chunk_mmr_224,chunk,mmr,0.0,0.0,1.0,0.2535,0.5,213.0,0.5,0.0
5ae1e6d95542997283cd22c3,chunk_mmr_224,chunk,mmr,0.0,0.5714,1.0,0.1553,0.5,219.0,0.5,0.0
5a8b8f5b55429949d91db5e1,chunk_mmr_224,chunk,mmr,0.0,0.0,1.0,0.715,1.0,214.0,1.0,1.0
5ab3460055429976abd1bc80,chunk_mmr_224,chunk,mmr,1.0,1.0,1.0,0.2685,1.0,216.0,1.0,1.0
5a7d2afb554299452d57bb41,chunk_mmr_224,chunk,mmr,1.0,1.0,1.0,0.4636,1.0,220.0,1.0,1.0
5adea95055429939a52fe931,chunk_mmr_224,chunk,mmr,0.0,0.6667,1.0,0.7613,1.0,222.0,1.0,1.0
5ab7d33d5542992aa3b8c859,chunk_mmr_224,chunk,mmr,0.0,0.4,1.0,0.6773,1.0,220.0,1.0,1.0
5a893f305542993b751ca91e,chunk_mmr_224,chunk,mmr,1.0,1.0,1.0,0.5135,0.5,222.0,0.5,0.0
5adea83b55429975fa854f53,chunk_mmr_224,chunk,mmr,0.0,0.0,1.0,0.467,1.0,212.0,1.0,1.0
5ae1d32a554299492dc91b9c,chunk_mmr_224,chunk,mmr,1.0,1.0,1.0,0.3641,1.0,217.0,1.0,1.0
5a82accd55429966c78a6a78,chunk_mmr_224,chunk,mmr,0.0,0.0,0.0,0.4507,1.0,213.0,1.0,1.0
5a90ba1b55429933b8a205c6,chunk_mmr_224,chunk,mmr,0.0,0.0,1.0,0.4706,0.5,221.0,1.0,1.0
5adcb6875542994ed6169bcb,chunk_mmr_224,chunk,mmr,0.0,0.0,1.0,0.4505,1.0,222.0,1.0,1.0
5a7f95685542995d8a8ddeaa,chunk_mmr_224,chunk,mmr,0.0,0.0,0.0,0.0,0.0,223.0,0.0,0.0
5a78b386554299148911f949,chunk_mmr_224,chunk,mmr,0.0,0.0,0.0,0.0,0.0,215.0,0.5,0.0
5a8c781c554299653c1aa083,chunk_mmr_224,chunk,mmr,0.0,0.0,1.0,0.6095,1.0,210.0,1.0,1.0
5a80ae105542992bc0c4a7a2,chunk_mmr_224,chunk,mmr,1.0,1.0,1.0,0.3243,1.0,222.0,1.0,1.0
5a84992e5542992a431d1a6d,chunk_mmr_224,chunk,mmr,0.0,0.0,0.0,0.2188,0.5,224.0,0.5,0.0
5a8f2cc855429918e830d1be,chunk_mmr_224,chunk,mmr,0.0,0.0,0.0,0.0714,0.5,224.0,0.5,0.0
5a8841ee5542994846c1ce6b,chunk_mmr_224,chunk,mmr,0.0,0.0,1.0,0.2958,0.5,213.0,1.0,1.0
5adf85e05542993344016cba,chunk_mmr_224,chunk,mmr,1.0,1.0,1.0,0.4344,1.0,221.0,1.0,1.0
5a77415b55429966f1a36cd2,chunk_mmr_224,chunk,mmr,0.0,0.8,1.0,0.2237,1.0,219.0,1.0,1.0
5a72fc865542991f9a20c5e9,chunk_mmr_224,chunk,mmr,0.0,0.0,0.0,0.5888,0.5,214.0,1.0,1.0
5ac4e13f554299076e296e2d,chunk_mmr_224,chunk,mmr,0.0,0.0,1.0,0.4505,1.0,222.0,1.0,1.0
5a7796e05542992a6e59df0f,chunk_mmr_224,chunk,mmr,0.0,0.0,1.0,0.5467,1.0,214.0,1.0,1.0
5ae3eabc5542995dadf2424f,chunk_mmr_224,chunk,mmr,1.0,1.0,1.0,0.3578,1.0,218.0,1.0,1.0
5ae3c71f5542991a06ce9a22,chunk_mmr_224,chunk,mmr,0.0,0.6667,1.0,0.1991,0.5,211.0,1.0,1.0
5ae25d2b554299495565da46,chunk_mmr_224,chunk,mmr,0.0,0.0,1.0,0.8182,1.0,220.0,1.0,1.0
5ab8179f5542990e739ec817,chunk_mmr_224,chunk,mmr,1.0,1.0,1.0,0.3796,1.0,216.0,1.0,1.0
5adc411f5542994650320cbc,chunk_mmr_224,chunk,mmr,1.0,1.0,0.0,0.5955,1.0,220.0,1.0,1.0
5aba6f3e55429955dce3ee21,chunk_mmr_224,chunk,mmr,1.0,1.0,1.0,0.6376,1.0,218.0,1.0,1.0
5add2dae5542992c1e3a2558,chunk_mmr_224,chunk,mmr,1.0,1.0,0.0,0.7442,1.0,215.0,1.0,1.0
5ae14b0655429920d52343a6,chunk_mmr_224,chunk,mmr,0.0,0.5,1.0,0.6901,1.0,213.0,1.0,1.0
5a730a6b5542992359bc3210,chunk_mmr_224,chunk,mmr,1.0,1.0,1.0,0.2646,1.0,223.0,1.0,1.0
5a75fa14554299109176e5dc,chunk_mmr_224,chunk,mmr,0.0,0.6667,0.0,0.4359,0.5,195.0,1.0,1.0
5ac35a7e554299741d48a257,chunk_mmr_224,chunk,mmr,0.0,0.6667,1.0,0.4444,1.0,207.0,1.0,1.0
5a8651185542994775f60752,chunk_mmr_224,chunk,mmr,0.0,0.0,0.0,0.2387,1.0,222.0,1.0,1.0
5a79fe3b5542994f819ef119,chunk_mmr_224,chunk,mmr,1.0,1.0,1.0,0.5437,1.0,206.0,1.0,1.0
5a8268215542995ce29dccfb,chunk_mmr_224,chunk,mmr,1.0,1.0,1.0,0.422,1.0,218.0,1.0,1.0
5a7605f85542994ccc91868d,chunk_mmr_224,chunk,mmr,1.0,1.0,1.0,0.6822,1.0,214.0,1.0,1.0
5adf74075542992d7e9f937c,chunk_mmr_224,chunk,mmr,1.0,1.0,1.0,0.4208,0.5,202.0,1.0,1.0
5abe2b0155429976d4830a83,chunk_mmr_224,chunk,mmr,0.0,0.0,0.0,0.2683,0.5,205.0,1.0,1.0
5a849c1b5542997175ce1ef9,chunk_mmr_224,chunk,mmr,0.0,0.6667,1.0,0.212,1.0,217.0,1.0,1.0
5a81108855429926c1cdace2,chunk_mmr_224,chunk,mmr,0.0,0.0,1.0,0.5315,1.0,222.0,1.0,1.0
5a8e06785542995085b37383,chunk_mmr_224,chunk,mmr,1.0,1.0,1.0,0.6794,1.0,209.0,1.0,1.0
5adbfa38554299438c868d00,chunk_mmr_224,chunk,mmr,0.0,0.3333,1.0,0.4579,1.0,214.0,1.0,1.0
5a73b1855542992d56e7e388,chunk_mmr_224,chunk,mmr,1.0,1.0,1.0,0.5091,1.0,220.0,1.0,1.0
5ab94fa25542996be2020474,chunk_mmr_224,chunk,mmr,0.0,0.0,0.0,0.6468,0.5,201.0,1.0,1.0
5a7e7d4655429934daa2fc2e,chunk_mmr_224,chunk,mmr,0.0,0.0,1.0,0.445,0.5,218.0,1.0,1.0
5a75d9c05542992db94736f6,chunk_mmr_224,chunk,mmr,0.0,0.0,0.0,0.0,0.0,218.0,0.5,0.0
5adf33965542993344016c20,chunk_mmr_224,chunk,mmr,1.0,1.0,1.0,0.3795,0.5,224.0,1.0,1.0
5a8f979255429918e830d288,chunk_mmr_224,chunk,mmr,0.0,0.3333,0.0,0.2617,0.5,214.0,0.5,0.0
5a8a17685542993b751ca9f3,chunk_mmr_224,chunk,mmr,0.0,0.0,1.0,0.5663,1.0,196.0,1.0,1.0
5abd56355542993062266c58,chunk_mmr_224,chunk,mmr,0.0,0.0,0.0,0.3301,0.5,209.0,1.0,1.0
5ab91f98554299753720f70d,chunk_mmr_224,chunk,mmr,0.0,0.0,1.0,0.4883,1.0,213.0,1.0,1.0
5a811152554299260e20a22e,chunk_mmr_224,chunk,mmr,0.0,0.8,1.0,0.3032,1.0,188.0,1.0,1.0
5a7a1f795542996c55b2dd1b,chunk_mmr_224,chunk,mmr,1.0,1.0,1.0,0.6459,1.0,209.0,1.0,1.0
5a7324e055429901807daf8f,chunk_mmr_224,chunk,mmr,1.0,1.0,1.0,0.5,1.0,218.0,1.0,1.0
5ab9618f554299743d22eb28,chunk_mmr_224,chunk,mmr,0.0,0.0,0.0,0.3456,0.5,217.0,0.5,0.0
5abffafe5542997d64295988,chunk_mmr_224,chunk,mmr,1.0,1.0,1.0,0.509,1.0,222.0,1.0,1.0
5a8cee9b554299441c6b9f87,chunk_mmr_224,chunk,mmr,0.0,0.0,1.0,0.6516,1.0,221.0,1.0,1.0
5a7270395542992359bc30a8,chunk_mmr_224,chunk,mmr,0.0,0.0,0.0,0.3378,0.5,222.0,0.5,0.0
5ac14d0c5542991316484ae2,chunk_mmr_224,chunk,mmr,1.0,1.0,1.0,0.4286,1.0,217.0,1.0,1.0
5a75a76b5542992db9473697,chunk_mmr_224,chunk,mmr,0.0,0.0,1.0,0.6256,1.0,219.0,1.0,1.0
5ab55455554299488d4d993b,chunk_mmr_224,chunk,mmr,0.0,0.0,0.0,0.2794,0.5,204.0,1.0,1.0
5a7f48e15542992e7d278ce6,chunk_mmr_224,chunk,mmr,0.0,0.0,0.0,0.3571,0.5,224.0,0.5,0.0
5ab7f0995542995dae37e9fb,chunk_mmr_224,chunk,mmr,1.0,1.0,0.0,0.4887,1.0,221.0,1.0,1.0
5aba89fb5542994dbf019933,chunk_mmr_224,chunk,mmr,0.0,0.5714,1.0,0.4928,1.0,209.0,1.0,1.0
5a7621bb554299109176e650,chunk_mmr_224,chunk,mmr,1.0,1.0,1.0,0.8807,1.0,218.0,1.0,1.0
5a70f0e75542994082a3e408,chunk_mmr_224,chunk,mmr,0.0,0.0,1.0,0.1553,0.5,219.0,1.0,1.0
5a773ec45542994aec3b7245,chunk_mmr_224,chunk,mmr,1.0,1.0,1.0,0.3,1.0,220.0,1.0,1.0
5a802b595542995d8a8ddf51,chunk_mmr_224,chunk,mmr,1.0,1.0,1.0,0.3024,0.5,205.0,0.5,0.0
5a8de7c65542995085b37353,chunk_mmr_224,chunk,mmr,0.0,0.0,1.0,0.4509,1.0,224.0,1.0,1.0
5ab5b6c1554299637185c5e5,chunk_mmr_224,chunk,mmr,1.0,1.0,1.0,0.3636,0.5,220.0,0.5,0.0
5abb8e2d554299642a094aa4,chunk_mmr_224,chunk,mmr,0.0,0.3333,1.0,0.3532,1.0,218.0,1.0,1.0
5a7642f7554299109176e6e8,chunk_mmr_224,chunk,mmr,1.0,1.0,1.0,0.4598,1.0,224.0,1.0,1.0
5a756b175542996c70cfaef7,chunk_mmr_224,chunk,mmr,0.0,0.0,1.0,0.6018,1.0,221.0,1.0,1.0
5a83161555429940e5e1a958,chunk_mmr_224,chunk,mmr,1.0,1.0,1.0,0.4455,1.0,220.0,1.0,1.0
5ab3eac5554299753aec59ec,chunk_mmr_224,chunk,mmr,0.0,0.0,1.0,0.5248,1.0,202.0,1.0,1.0
5a73090455429901807daf6e,chunk_mmr_224,chunk,mmr,1.0,1.0,1.0,0.5587,1.0,213.0,1.0,1.0
5a8c8502554299585d9e36d0,chunk_mmr_224,chunk,mmr,0.0,0.4,1.0,0.8919,1.0,222.0,1.0,1.0
5a7d598d5542995f4f402262,chunk_mmr_224,chunk,mmr,1.0,1.0,1.0,0.2465,1.0,215.0,1.0,1.0
5a77f4755542992a6e59e01f,chunk_mmr_224,chunk,mmr,1.0,1.0,1.0,0.5905,1.0,210.0,1.0,1.0
5abcf14f55429959677d6b5b,chunk_mmr_224,chunk,mmr,0.0,0.4444,1.0,0.5024,1.0,211.0,1.0,1.0
5a8d8eb5554299068b959d3a,chunk_mmr_224,chunk,mmr,1.0,1.0,1.0,0.6332,1.0,199.0,1.0,1.0
5a7e7ed05542991319bc94c2,chunk_mmr_224,chunk,mmr,0.0,0.0,1.0,1.0,1.0,214.0,1.0,1.0
5ae236445542992decbdcc69,chunk_mmr_224,chunk,mmr,1.0,1.0,1.0,0.3762,0.5,210.0,1.0,1.0
5a750de95542993748c897ac,chunk_mmr_224,chunk,mmr,0.0,0.3333,1.0,0.625,1.0,216.0,1.0,1.0
5a7fc03d5542992097ad2fbc,chunk_mmr_224,chunk,mmr,0.0,0.0,1.0,0.3302,0.5,212.0,1.0,1.0
5a7172105542994082a3e837,chunk_mmr_224,chunk,mmr,1.0,1.0,1.0,0.629,1.0,221.0,1.0,1.0
5a847edd554299123d8c2272,chunk_mmr_224,chunk,mmr,0.0,0.0,0.0,0.43,1.0,207.0,1.0,1.0
5ab761d955429928e1fe3856,chunk_mmr_224,chunk,mmr,1.0,1.0,1.0,0.2615,1.0,218.0,1.0,1.0
5a7a2dac5542990198eaf0b6,chunk_mmr_224,chunk,mmr,0.0,0.0,1.0,0.4299,0.5,214.0,1.0,1.0
5ae530e355429908b6326561,chunk_mmr_224,chunk,mmr,1.0,1.0,1.0,0.7455,1.0,224.0,1.0,1.0
5abcff225542993a06baf9ea,chunk_mmr_224,chunk,mmr,1.0,1.0,1.0,0.7015,1.0,201.0,1.0,1.0
5abe9f7d5542997ec76fd331,chunk_mmr_224,chunk,mmr,0.0,0.0,0.0,0.3318,0.5,217.0,0.5,0.0
5a8db42f5542994ba4e3dd11,chunk_mmr_224,chunk,mmr,1.0,1.0,1.0,0.1781,1.0,219.0,1.0,1.0
5ae658855542992ae0d162e3,chunk_mmr_224,chunk,mmr,0.0,0.0,1.0,0.3868,0.5,212.0,0.5,0.0
5a8c6d4e5542996e8ac88aa6,chunk_mmr_224,chunk,mmr,0.0,0.0,1.0,0.3395,1.0,215.0,1.0,1.0
5aba65a055429939ce03dcd2,chunk_mmr_224,chunk,mmr,0.0,0.0,1.0,0.7466,1.0,221.0,1.0,1.0
5ae199305542997b2ef7d20e,chunk_mmr_224,chunk,mmr,0.0,0.0,1.0,0.3284,1.0,204.0,1.0,1.0
5a806aca5542996402f6a503,chunk_mmr_224,chunk,mmr,0.0,0.5,0.0,0.2676,0.5,213.0,0.5,0.0
5ae336495542990afbd1e0e1,chunk_mmr_224,chunk,mmr,0.0,0.8,0.0,0.2886,0.5,201.0,1.0,1.0
5a8198565542995ce29dcc13,chunk_mmr_224,chunk,mmr,0.0,0.0,0.0,0.8525,1.0,217.0,1.0,1.0
5a9068075542990a9849361a,chunk_mmr_224,chunk,mmr,0.0,0.0,1.0,0.6298,1.0,208.0,1.0,1.0
5a7a2be25542996a35c17118,chunk_mmr_224,chunk,mmr,0.0,0.0,1.0,0.5864,1.0,220.0,1.0,1.0
5a7562045542992db947364f,chunk_mmr_224,chunk,mmr,1.0,1.0,1.0,0.35,0.5,220.0,1.0,1.0
5ac2a55b55429921a00ab018,chunk_mmr_224,chunk,mmr,0.0,0.0,1.0,0.3665,0.5,221.0,1.0,1.0
5abccf6755429965836004ab,chunk_mmr_224,chunk,mmr,0.0,0.5,1.0,0.3482,1.0,224.0,1.0,1.0
5a7c8ae855429935c91b5207,chunk_mmr_224,chunk,mmr,0.0,0.8,1.0,0.5158,1.0,221.0,1.0,1.0
5ab30ebf554299753aec592c,chunk_mmr_224,chunk,mmr,0.0,0.0,1.0,0.2366,0.5,224.0,0.5,0.0
5ab2b95c5542991669774072,chunk_mmr_224,chunk,mmr,1.0,1.0,1.0,0.7902,1.0,205.0,1.0,1.0
5ac2a10e554299657fa28fec,chunk_mmr_224,chunk,mmr,1.0,1.0,1.0,0.201,0.5,199.0,0.5,0.0
5abb02fe554299232ef4a39f,chunk_mmr_224,chunk,mmr,0.0,0.0,1.0,0.3178,0.5,214.0,1.0,1.0
5a8eb4d65542990e94052b82,chunk_mmr_224,chunk,mmr,1.0,1.0,1.0,0.307,1.0,215.0,1.0,1.0
5a8ba60b554299240d9c205b,chunk_mmr_224,chunk,mmr,1.0,1.0,1.0,0.5225,1.0,222.0,1.0,1.0
5a807ca5554299485f598613,chunk_mmr_224,chunk,mmr,0.0,0.25,0.0,0.2326,0.5,215.0,1.0,1.0
5a7c0dab5542997c3ec972d2,chunk_mmr_224,chunk,mmr,0.0,0.5,1.0,0.7763,1.0,219.0,1.0,1.0
5a89019a5542995153361259,chunk_mmr_224,chunk,mmr,0.0,0.0,1.0,0.5516,0.5,223.0,0.5,0.0
5a7f00b455429930675135f1,chunk_mmr_224,chunk,mmr,1.0,1.0,1.0,0.4931,1.0,217.0,1.0,1.0
5a8220db5542995ce29dccc1,chunk_mmr_224,chunk,mmr,1.0,1.0,1.0,0.5426,1.0,223.0,1.0,1.0
5ab510cb5542996a3a96a00f,chunk_mmr_224,chunk,mmr,0.0,0.0,0.0,0.2511,0.5,223.0,1.0,1.0
5a80a25d5542995d8a8ddfb7,chunk_mmr_224,chunk,mmr,0.0,0.0,0.0,0.1794,0.5,223.0,0.5,0.0
5adf5cd25542992d7e9f9320,chunk_mmr_224,chunk,mmr,0.0,0.0,1.0,0.25,0.5,224.0,0.5,0.0
5a75ebfc5542992d0ec06018,chunk_mmr_224,chunk,mmr,1.0,1.0,1.0,0.7703,1.0,222.0,1.0,1.0
5ab29caa554299545a2cf9d3,chunk_mmr_224,chunk,mmr,1.0,1.0,1.0,1.0,1.0,208.0,1.0,1.0
5ae0536755429924de1b70a6,chunk_mmr_224,chunk,mmr,1.0,1.0,0.0,0.4424,1.0,217.0,1.0,1.0
5ae17a9b5542990adbacf7a2,chunk_mmr_224,chunk,mmr,0.0,0.0,0.0,0.5525,1.0,219.0,1.0,1.0
5a8f503c5542992414482a34,chunk_mmr_224,chunk,mmr,0.0,0.0,1.0,0.3937,0.5,221.0,0.5,0.0
5ae0159855429925eb1afc09,chunk_mmr_224,chunk,mmr,1.0,1.0,1.0,0.599,1.0,197.0,1.0,1.0
5a8b2f2b5542995d1e6f12fa,chunk_mmr_224,chunk,mmr,0.0,0.0,1.0,0.1826,1.0,219.0,1.0,1.0
5a90386455429916514e7435,chunk_mmr_224,chunk,mmr,0.0,0.0,1.0,0.6749,1.0,203.0,1.0,1.0
5ab43179554299233955004d,chunk_mmr_224,chunk,mmr,0.0,0.0,0.0,0.1667,0.5,198.0,0.5,0.0
5a8b42be55429949d91db515,chunk_mmr_224,chunk,mmr,0.0,0.5,1.0,0.4911,1.0,224.0,1.0,1.0
5a8d6d4e554299441c6b9fdb,chunk_mmr_224,chunk,mmr,1.0,1.0,1.0,0.3587,1.0,223.0,1.0,1.0
5ae40a2955429970de88d8a3,chunk_mmr_224,chunk,mmr,0.0,0.0,0.0,0.0972,0.5,216.0,0.5,0.0
5adcfebe5542992c1e3a24f3,chunk_mmr_224,chunk,mmr,0.0,0.0,1.0,0.4777,1.0,224.0,1.0,1.0
5ab5a3fb5542997d4ad1f19b,chunk_mmr_224,chunk,mmr,0.0,0.8,1.0,0.6864,1.0,220.0,1.0,1.0
5ac2ffbd554299677310267b,chunk_mmr_224,chunk,mmr,0.0,0.5,1.0,0.4305,1.0,223.0,1.0,1.0
5a7133fa5542994082a3e660,chunk_mmr_224,chunk,mmr,0.0,0.0,0.0,0.0962,0.5,208.0,1.0,1.0
5abea7c25542990832d3a068,chunk_mmr_224,chunk,mmr,1.0,1.0,1.0,0.7536,1.0,207.0,1.0,1.0
5a8a09765542992d82986e67,chunk_mmr_224,chunk,mmr,0.0,0.8,0.0,0.5253,1.0,217.0,1.0,1.0
5a72a51355429901807daf21,chunk_mmr_224,chunk,mmr,1.0,1.0,1.0,0.4955,1.0,220.0,1.0,1.0
5aba72d75542994dbf019912,chunk_mmr_224,chunk,mmr,1.0,1.0,1.0,0.3439,1.0,221.0,1.0,1.0
5adcd9fe5542990d50227d46,chunk_mmr_224,chunk,mmr,0.0,0.0,1.0,0.6667,1.0,219.0,1.0,1.0
5ae5c212554299546bf82f4b,chunk_mmr_224,chunk,mmr,1.0,1.0,1.0,0.3744,1.0,203.0,1.0,1.0
5a7320565542991f9a20c61d,chunk_mmr_224,chunk,mmr,0.0,0.0,1.0,0.7098,1.0,224.0,1.0,1.0
5add596f5542990dbb2f7e4d,chunk_mmr_224,chunk,mmr,1.0,1.0,1.0,0.4727,1.0,220.0,1.0,1.0
5adfb60655429942ec259b08,chunk_mmr_224,chunk,mmr,0.0,0.3333,0.0,0.4481,0.5,212.0,0.5,0.0
5a74adb455429916b01641c6,chunk_mmr_224,chunk,mmr,0.0,0.0,0.0,0.2844,0.5,211.0,1.0,1.0
5ae27df25542992decbdcd2a,chunk_mmr_224,chunk,mmr,0.0,0.0,0.0,0.2248,1.0,218.0,1.0,1.0
5a8baf4b5542996e8ac889c5,chunk_mmr_224,chunk,mmr,1.0,1.0,1.0,0.0917,0.5,218.0,1.0,1.0
5ae352285542994393b9e685,chunk_mmr_224,chunk,mmr,1.0,1.0,1.0,0.5278,1.0,216.0,1.0,1.0
5a8e0a005542995085b373a1,chunk_mmr_224,chunk,mmr,0.0,0.0,0.0,0.1524,0.5,210.0,0.5,0.0
5ab639e65542995eadeeff7f,chunk_mmr_224,chunk,mmr,0.0,0.8,1.0,0.7163,1.0,215.0,1.0,1.0
5ade99295542992fa25da7d8,chunk_mmr_224,chunk,mmr,0.0,0.0,1.0,0.4091,0.5,198.0,1.0,1.0
5ac26b7f55429951e9e685ae,chunk_mmr_224,chunk,mmr,0.0,0.0,0.0,0.3434,0.5,198.0,0.5,0.0
5ae351405542994393b9e67f,chunk_mmr_224,chunk,mmr,0.0,0.0,1.0,0.536,1.0,222.0,1.0,1.0
5a7f6f4b5542994857a76740,chunk_mmr_224,chunk,mmr,0.0,0.8,1.0,0.5541,1.0,222.0,1.0,1.0
5a81346055429926c1cdad13,chunk_mmr_224,chunk,mmr,0.0,0.1818,1.0,0.411,1.0,219.0,1.0,1.0
5a716f575542994082a3e82f,chunk_mmr_224,chunk,mmr,0.0,0.0,0.0,0.1306,0.5,222.0,1.0,1.0
5a812d0555429938b61422e1,chunk_mmr_224,chunk,mmr,1.0,1.0,0.0,0.3226,0.5,217.0,1.0,1.0
5a826d2f5542995ce29dcd05,chunk_mmr_224,chunk,mmr,0.0,0.0,1.0,0.7718,1.0,206.0,1.0,1.0
5ab67c3f55429954757d32f9,chunk_mmr_224,chunk,mmr,1.0,1.0,0.0,0.3258,1.0,221.0,1.0,1.0
5ae20e265542994d89d5b325,chunk_mmr_224,chunk,mmr,0.0,0.5,0.0,0.7089,1.0,213.0,1.0,1.0
5ae7eed8554299540e5a56b5,chunk_mmr_224,chunk,mmr,0.0,0.6667,1.0,0.704,1.0,223.0,1.0,1.0
5a7555215542996c70cfaee1,chunk_mmr_224,chunk,mmr,1.0,1.0,1.0,0.0938,0.5,224.0,1.0,1.0
5ab9b29c554299743d22ebae,chunk_mmr_224,chunk,mmr,1.0,1.0,1.0,1.0,1.0,221.0,1.0,1.0
5ae2c696554299495565db32,chunk_mmr_224,chunk,mmr,0.0,0.8333,0.0,0.3657,0.5,216.0,1.0,1.0
5a832f9d5542993344745fe4,chunk_mmr_224,chunk,mmr,0.0,0.0,0.0,0.0,0.0,220.0,0.5,0.0
5a79e3925542994bb9457130,chunk_mmr_224,chunk,mmr,0.0,0.2857,1.0,0.6078,1.0,204.0,1.0,1.0
5ae713af554299572ea546bb,chunk_mmr_224,chunk,mmr,0.0,0.0,1.0,0.5046,1.0,218.0,1.0,1.0
5ade450b5542997c77adedc5,chunk_mmr_224,chunk,mmr,0.0,0.9565,1.0,0.6481,1.0,216.0,1.0,1.0
5ab3cecd5542992ade7c6eae,chunk_mmr_224,chunk,mmr,0.0,0.0,0.0,0.3587,0.5,223.0,1.0,1.0
5ae4be5c5542995ad6573e3a,chunk_mmr_224,chunk,mmr,0.0,0.0,1.0,0.274,0.5,219.0,0.5,0.0
5a8d5ec2554299585d9e37c4,chunk_mmr_224,chunk,mmr,0.0,0.0,0.0,0.7455,1.0,220.0,1.0,1.0
5ae765185542995703ce8c0f,chunk_mmr_224,chunk,mmr,1.0,1.0,1.0,0.6875,1.0,224.0,1.0,1.0
5ab2c6a955429916697740c2,chunk_mmr_224,chunk,mmr,0.0,0.0,1.0,0.1416,0.5,219.0,1.0,1.0
5ab6369655429953192ad2a1,chunk_mmr_224,chunk,mmr,1.0,1.0,1.0,0.5413,1.0,218.0,1.0,1.0
5a7b220855429931da12c9e5,chunk_mmr_224,chunk,mmr,1.0,1.0,1.0,1.0,1.0,219.0,1.0,1.0
5a81d92f554299676cceb0f9,chunk_mmr_224,chunk,mmr,0.0,0.0,1.0,0.6697,1.0,218.0,1.0,1.0
5a7b735c5542997c3ec9718a,chunk_mmr_224,chunk,mmr,0.0,0.0,1.0,0.6058,0.5,208.0,1.0,1.0
5a724a2b5542990c210a40bc,chunk_mmr_224,chunk,mmr,0.0,0.6667,1.0,0.2946,1.0,224.0,1.0,1.0
5ae5db98554299546bf82fa6,chunk_mmr_224,chunk,mmr,1.0,1.0,1.0,0.6442,1.0,208.0,1.0,1.0
5a7344e95542991f9a20c6ce,chunk_mmr_224,chunk,mmr,0.0,0.0,0.0,0.0,0.0,204.0,0.5,0.0
5ab6dbc15542995eadef00cd,chunk_mmr_224,chunk,mmr,0.0,0.0,1.0,0.7157,1.0,204.0,1.0,1.0
5a88016b5542997e5c09a58a,chunk_mmr_224,chunk,mmr,0.0,0.0,1.0,0.6335,1.0,221.0,1.0,1.0
5ab5e024554299494045f097,chunk_mmr_224,chunk,mmr,0.0,0.0,0.0,0.3036,0.5,224.0,1.0,1.0
5ac44629554299194317395d,chunk_mmr_224,chunk,mmr,0.0,0.0,1.0,0.6682,1.0,220.0,1.0,1.0
5a7afdc85542992d025e672e,chunk_mmr_224,chunk,mmr,0.0,0.8,0.0,0.2374,0.5,198.0,1.0,1.0
5ae834e95542997ec272776a,chunk_mmr_224,chunk,mmr,1.0,1.0,1.0,0.3482,0.5,224.0,1.0,1.0
5abbdb335542992ccd8e7fc1,chunk_mmr_224,chunk,mmr,0.0,0.0,0.0,0.4312,1.0,218.0,1.0,1.0
5a79c9cc554299148911fa53,chunk_mmr_224,chunk,mmr,1.0,1.0,1.0,0.4541,1.0,196.0,1.0,1.0
5ac38c0755429939154137bb,chunk_mmr_224,chunk,mmr,0.0,0.4,1.0,0.6106,1.0,208.0,1.0,1.0
5a8b7cb95542995d1e6f13bb,chunk_mmr_224,chunk,mmr,0.0,0.0,0.0,0.1318,0.5,220.0,0.5,0.0
5addfdfa5542997dc790710b,chunk_mmr_224,chunk,mmr,0.0,0.0,0.0,0.622,0.5,209.0,1.0,1.0
5a88d745554299206df2b378,chunk_mmr_224,chunk,mmr,1.0,1.0,1.0,0.4286,1.0,210.0,1.0,1.0
5ae6940e5542991bbc97613f,chunk_mmr_224,chunk,mmr,0.0,0.6667,1.0,0.2792,1.0,197.0,1.0,1.0
5abe3abb55429965af743ea1,chunk_mmr_224,chunk,mmr,0.0,0.0,0.0,0.2679,0.5,224.0,0.5,0.0
5a8ba9d255429971feec4759,chunk_mmr_224,chunk,mmr,0.0,0.0,0.0,0.4305,0.5,223.0,0.5,0.0
5ab2b6fb5542992953946848,chunk_mmr_224,chunk,mmr,1.0,1.0,1.0,0.3125,0.5,224.0,1.0,1.0
5adfd2f255429925eb1afaa5,chunk_mmr_224,chunk,mmr,1.0,1.0,1.0,0.5803,1.0,193.0,1.0,1.0
5a7a33a35542994f819ef14c,chunk_mmr_224,chunk,mmr,0.0,0.0,1.0,0.0788,0.5,203.0,1.0,1.0
5a8ba07d5542996e8ac88985,chunk_mmr_224,chunk,mmr,0.0,0.0,1.0,0.5229,1.0,218.0,1.0,1.0
5ab8f57b5542991b5579f097,chunk_mmr_224,chunk,mmr,1.0,1.0,0.0,0.2639,1.0,216.0,1.0,1.0
5abfb3425542990832d3a1c0,chunk_mmr_224,chunk,mmr,1.0,1.0,1.0,0.2098,0.5,224.0,0.5,0.0
5ab5ac345542992aa134a37f,chunk_mmr_224,chunk,mmr,0.0,0.5556,1.0,0.5616,1.0,219.0,1.0,1.0
5a8e63d65542995085b37421,chunk_mmr_224,chunk,mmr,1.0,1.0,0.0,0.3137,1.0,204.0,1.0,1.0
5a89706055429951533612f9,chunk_mmr_224,chunk,mmr,0.0,0.0,0.0,0.5409,0.5,220.0,1.0,1.0
5a8e612b5542995085b3741b,chunk_mmr_224,chunk,mmr,0.0,0.0,1.0,0.4211,1.0,209.0,1.0,1.0
5a738fb4554299623ed4abf9,chunk_mmr_224,chunk,mmr,1.0,1.0,1.0,0.5849,1.0,212.0,1.0,1.0
5a8bc29a5542995d1e6f1446,chunk_mmr_224,chunk,mmr,0.0,0.0,0.0,0.2857,0.5,224.0,0.5,0.0
5abfe2a15542997d6429591c,chunk_mmr_224,chunk,mmr,1.0,1.0,1.0,0.4159,1.0,214.0,1.0,1.0
5a868ca055429960ec39b6be,chunk_mmr_224,chunk,mmr,0.0,0.0,0.0,0.0,0.0,221.0,0.5,0.0
5a820f2c55429926c1cdae17,chunk_mmr_224,chunk,mmr,0.0,0.0,0.0,0.1705,0.5,217.0,1.0,1.0
5ae5a4e5554299546bf82f01,chunk_mmr_224,chunk,mmr,0.0,0.75,1.0,0.6081,1.0,222.0,1.0,1.0
5a8d0c74554299585d9e37a1,chunk_mmr_224,chunk,mmr,0.0,0.0,0.0,0.1982,0.5,217.0,1.0,1.0
5ab9d7e4554299232ef4a21f,chunk_mmr_224,chunk,mmr,0.0,0.0,1.0,0.8186,1.0,215.0,1.0,1.0
5a7148d25542994082a3e766,chunk_mmr_224,chunk,mmr,0.0,0.0,1.0,0.4605,1.0,215.0,1.0,1.0
5ae6233c5542992ae0d1623e,chunk_mmr_224,chunk,mmr,0.0,0.1429,1.0,0.5275,1.0,218.0,1.0,1.0
5adff2aa554299603e4183d0,chunk_mmr_224,chunk,mmr,0.0,0.0,1.0,0.3587,1.0,223.0,1.0,1.0
5ade7fa3554299728e26c727,chunk_mmr_224,chunk,mmr,0.0,0.0,0.0,0.242,0.5,219.0,0.5,0.0
5a8f38fa55429924144829f5,chunk_mmr_224,chunk,mmr,0.0,0.6667,1.0,0.4725,0.5,218.0,1.0,1.0
5a8f51695542992414482a3e,chunk_mmr_224,chunk,mmr,0.0,0.0,0.0,0.1063,0.5,207.0,0.5,0.0
5a88db445542993b751ca88a,chunk_mmr_224,chunk,mmr,1.0,1.0,1.0,0.3616,1.0,224.0,1.0,1.0
5a7ef6b35542994959419a94,chunk_mmr_224,chunk,mmr,0.0,0.0,1.0,0.3384,1.0,198.0,1.0,1.0
5a8e494e5542995a26add4c8,chunk_mmr_224,chunk,mmr,0.0,0.5,1.0,0.4048,1.0,210.0,1.0,1.0
5ab5d43f5542997d4ad1f1f6,chunk_mmr_224,chunk,mmr,0.0,0.0,1.0,0.733,1.0,221.0,1.0,1.0
5a7905ca554299148911f9c8,chunk_mmr_224,chunk,mmr,0.0,0.0,0.0,0.0,0.0,206.0,0.5,0.0
5ab30f9a554299233954fef2,chunk_mmr_224,chunk,mmr,1.0,1.0,1.0,0.6798,1.0,203.0,1.0,1.0
5ab3849a55429969a97a8170,chunk_mmr_224,chunk,mmr,1.0,1.0,1.0,0.1964,0.5,224.0,0.5,0.0
5a7bc5f255429927d897c03e,chunk_mmr_224,chunk,mmr,1.0,1.0,1.0,0.335,1.0,206.0,1.0,1.0
5a7f22005542993067513657,chunk_mmr_224,chunk,mmr,1.0,1.0,1.0,0.4955,0.5,220.0,1.0,1.0
5ab925fd554299131ca42281,chunk_mmr_224,chunk,mmr,0.0,0.0,1.0,0.6977,0.5,215.0,1.0,1.0
5a76244c554299109176e65d,chunk_mmr_224,chunk,mmr,0.0,0.0,0.0,0.4378,0.5,201.0,0.5,0.0
5ab53bee554299637185c526,chunk_mmr_224,chunk,mmr,0.0,0.0,0.0,0.2353,0.5,204.0,0.5,0.0
5ab6aa4c55429953192ad359,chunk_mmr_224,chunk,mmr,0.0,0.0,0.0,0.3587,0.5,223.0,0.5,0.0
5abe832a55429965af743f29,chunk_mmr_224,chunk,mmr,0.0,0.0,0.0,0.0,0.0,222.0,0.5,0.0
5ab5b732554299494045f03c,chunk_mmr_224,chunk,mmr,1.0,1.0,1.0,0.2642,0.5,212.0,1.0,1.0
5adffb4655429925eb1afbbf,chunk_mmr_224,chunk,mmr,0.0,0.0,0.0,0.3814,0.5,215.0,0.5,0.0
5ae6d3345542996d980e7c85,chunk_mmr_224,chunk,mmr,0.0,0.0,1.0,0.5182,1.0,220.0,1.0,1.0
5ab878ba55429916710eb06c,chunk_mmr_224,chunk,mmr,0.0,0.0,1.0,0.6763,1.0,207.0,1.0,1.0
5a7509175542993748c897a3,chunk_mmr_224,chunk,mmr,1.0,1.0,1.0,0.212,0.5,217.0,0.5,0.0
5a8ac38855429970aeb70300,chunk_mmr_224,chunk,mmr,1.0,1.0,1.0,0.509,1.0,222.0,1.0,1.0
5a8bc03d5542996e8ac88a0b,chunk_mmr_224,chunk,mmr,0.0,0.0,1.0,0.3213,0.5,221.0,0.5,0.0
5ae4ad375542995dadf243a4,chunk_mmr_224,chunk,mmr,0.0,0.0,0.0,0.3144,0.5,194.0,0.5,0.0
5a7da0de5542990b8f5039d7,chunk_mmr_224,chunk,mmr,0.0,0.8,1.0,0.7972,1.0,217.0,1.0,1.0
5a8af0a355429950cd6afc1c,chunk_mmr_224,chunk,mmr,0.0,0.0,1.0,0.6885,1.0,183.0,1.0,1.0
5a73522d5542994cef4bc541,chunk_mmr_224,chunk,mmr,1.0,1.0,1.0,0.4201,1.0,219.0,1.0,1.0
5ab3a83d5542992ade7c6e08,chunk_mmr_224,chunk,mmr,0.0,0.0,1.0,0.726,1.0,219.0,1.0,1.0
5ab84d5a55429916710eb028,chunk_mmr_224,chunk,mmr,1.0,1.0,1.0,0.6396,1.0,222.0,1.0,1.0
5a7f57a45542992097ad2f29,chunk_mmr_224,chunk,mmr,0.0,0.6667,1.0,0.2336,0.5,214.0,0.5,0.0
5ae764a85542997b22f6a720,chunk_mmr_224,chunk,mmr,0.0,0.0,0.0,0.3902,0.5,205.0,1.0,1.0
5a7b1023554299042af8f6c2,chunk_mmr_224,chunk,mmr,1.0,1.0,1.0,0.3733,1.0,217.0,1.0,1.0
5a80707e5542992bc0c4a70e,chunk_mmr_224,chunk,mmr,0.0,0.5333,1.0,0.7689,1.0,212.0,1.0,1.0
5a8e16a5554299068b959e58,chunk_mmr_224,chunk,mmr,1.0,1.0,1.0,0.4541,1.0,218.0,1.0,1.0
5a875cd65542996e4f30879d,chunk_mmr_224,chunk,mmr,1.0,1.0,1.0,0.3886,1.0,211.0,1.0,1.0
5a78d16455429974737f78bb,chunk_mmr_224,chunk,mmr,0.0,0.8,1.0,0.2547,1.0,212.0,1.0,1.0
5a895f6155429946c8d6e914,chunk_mmr_224,chunk,mmr,0.0,0.5,0.0,0.1652,0.5,224.0,1.0,1.0
5a84f8555542997175ce1f3a,chunk_mmr_224,chunk,mmr,0.0,0.0,1.0,0.6233,1.0,223.0,1.0,1.0
5ab31adc554299233954ff0a,chunk_mmr_224,chunk,mmr,0.0,0.0,0.0,0.2396,0.5,217.0,1.0,1.0
5ac3ba1855429939154138f3,chunk_mmr_224,chunk,mmr,0.0,0.0,0.0,0.4605,1.0,215.0,1.0,1.0
5a7380b955429908901be2d4,chunk_mmr_224,chunk,mmr,0.0,0.0,1.0,0.3594,0.5,217.0,1.0,1.0
5a8f92fb55429918e830d271,chunk_mmr_224,chunk,mmr,1.0,1.0,1.0,0.3732,0.5,209.0,1.0,1.0
5a88082055429938390d3ed2,chunk_mmr_224,chunk,mmr,0.0,0.2857,0.0,0.4519,0.5,208.0,1.0,1.0
5a7d22dc5542995ed0d16600,chunk_mmr_224,chunk,mmr,1.0,1.0,1.0,0.6425,1.0,221.0,1.0,1.0
5ae291bb5542996483e649f6,chunk_mmr_224,chunk,mmr,0.0,0.0,1.0,0.5865,1.0,208.0,1.0,1.0
5abfde655542997719eab6f2,chunk_mmr_224,chunk,mmr,0.0,0.0,1.0,0.5459,1.0,218.0,1.0,1.0
5ae67fad5542991bbc976100,chunk_mmr_224,chunk,mmr,0.0,0.0,0.0,0.3194,0.5,216.0,0.5,0.0
5ab2a1f35542997061209677,chunk_mmr_224,chunk,mmr,1.0,1.0,1.0,0.6897,1.0,203.0,1.0,1.0
5a74ab6055429916b01641b9,chunk_mmr_224,chunk,mmr,1.0,1.0,1.0,0.7162,1.0,222.0,1.0,1.0
5a8b97485542995d1e6f140f,chunk_mmr_224,chunk,mmr,0.0,0.0,1.0,0.3907,1.0,215.0,1.0,1.0
5adcdc6c5542992c1e3a2437,chunk_mmr_224,chunk,mmr,0.0,0.0,0.0,0.3408,0.5,223.0,0.5,0.0
5ae73ddb554299572ea5478d,chunk_mmr_224,chunk,mmr,1.0,1.0,1.0,0.3761,1.0,218.0,1.0,1.0
5ade618e554299728e26c700,chunk_mmr_224,chunk,mmr,0.0,0.0,1.0,0.3559,1.0,222.0,1.0,1.0
5a76404b5542994ccc91873d,chunk_mmr_224,chunk,mmr,1.0,1.0,0.0,0.4109,0.5,202.0,1.0,1.0
5ac44b47554299194317396c,chunk_mmr_224,chunk,mmr,0.0,0.2,0.0,0.2037,0.5,216.0,1.0,1.0
5ac27afa5542990b17b153b5,chunk_mmr_224,chunk,mmr,0.0,0.0,0.0,0.3665,0.5,221.0,0.5,0.0
5ac2c4fe554299218029db3b,chunk_mmr_224,chunk,mmr,0.0,0.0,0.0,0.4955,0.5,224.0,1.0,1.0
5ae49b705542995ad6573dbc,chunk_mmr_224,chunk,mmr,0.0,0.25,1.0,0.2455,1.0,220.0,1.0,1.0
5ae5fc345542993aec5ec1f8,chunk_mmr_224,chunk,mmr,1.0,1.0,1.0,0.5136,1.0,220.0,1.0,1.0
5a8d651955429941ae14dfaf,chunk_mmr_224,chunk,mmr,1.0,1.0,1.0,0.4808,0.5,208.0,1.0,1.0
5a839cb9554299123d8c2169,chunk_mmr_224,chunk,mmr,1.0,1.0,0.0,0.2864,0.5,206.0,1.0,1.0
5adbe1b355429944faac23a0,chunk_mmr_224,chunk,mmr,1.0,1.0,1.0,0.4955,1.0,220.0,1.0,1.0
5ac29cf8554299218029dac2,chunk_mmr_224,chunk,mmr,0.0,0.0,0.0,0.0,0.0,221.0,0.0,0.0
5ae21ef35542994d89d5b35d,chunk_mmr_224,chunk,mmr,1.0,1.0,1.0,0.635,1.0,200.0,1.0,1.0
5ae1ebf95542997283cd22f2,chunk_mmr_224,chunk,mmr,0.0,0.0,1.0,0.8643,1.0,221.0,1.0,1.0
5a8b98665542995d1e6f1413,chunk_mmr_224,chunk,mmr,1.0,1.0,1.0,0.2019,1.0,208.0,1.0,1.0
5ae3d67f5542992f92d8238f,chunk_mmr_224,chunk,mmr,0.0,0.0,0.0,0.1441,0.5,222.0,0.5,0.0
5a8cb4b2554299585d9e372a,chunk_mmr_224,chunk,mmr,0.0,0.8,1.0,0.2511,0.5,223.0,0.5,0.0
5ae30aa05542992decbdcdd7,chunk_mmr_224,chunk,mmr,0.0,0.0,1.0,0.4439,1.0,205.0,1.0,1.0
5adcaa7f5542990d50227cdb,chunk_mmr_224,chunk,mmr,1.0,1.0,1.0,0.5848,1.0,224.0,1.0,1.0
5a8d40715542994ba4e3dc3a,chunk_mmr_224,chunk,mmr,0.0,0.0,1.0,1.0,1.0,221.0,1.0,1.0
5ae4f2595542990ba0bbb1a8,chunk_mmr_224,chunk,mmr,1.0,1.0,1.0,0.3971,0.5,209.0,0.5,0.0
5ac507725542994611c8b32a,chunk_mmr_224,chunk,mmr,0.0,0.0,0.0,0.1972,0.5,213.0,0.5,0.0
5a8f5bb45542992414482a77,chunk_mmr_224,chunk,mmr,0.0,0.0,0.0,0.0534,0.5,206.0,0.5,0.0
5ae1f2d4554299234fd04358,chunk_mmr_224,chunk,mmr,0.0,0.0,0.0,0.1402,0.5,214.0,0.5,0.0
5ae2fca555429928c423958a,chunk_mmr_224,chunk,mmr,0.0,0.0,0.0,0.3881,0.5,219.0,0.5,0.0
5adc0f8d55429947ff1738ef,chunk_mmr_224,chunk,mmr,1.0,1.0,1.0,0.6591,1.0,220.0,1.0,1.0
5add64065542995b365fab25,chunk_mmr_224,chunk,mmr,0.0,0.0,1.0,0.4554,1.0,224.0,1.0,1.0
5a7d26bd554299452d57bb28,chunk_mmr_224,chunk,mmr,1.0,1.0,1.0,0.4766,1.0,214.0,1.0,1.0
5abba581554299642a094af9,chunk_mmr_224,chunk,mmr,0.0,0.0,0.0,0.5479,0.5,219.0,1.0,1.0
5a7f89c75542994857a76775,chunk_mmr_224,chunk,mmr,0.0,0.0,0.0,0.7688,0.5,199.0,1.0,1.0
5ae531695542990ba0bbb1fb,chunk_mmr_224,chunk,mmr,0.0,0.0,0.0,0.5136,0.5,220.0,0.5,0.0
5a8d5f16554299585d9e37c5,chunk_mmr_224,chunk,mmr,1.0,1.0,1.0,0.2511,0.5,223.0,1.0,1.0
5ade1f1c55429939a52fe82d,chunk_mmr_224,chunk,mmr,1.0,1.0,1.0,0.7703,1.0,222.0,1.0,1.0
5a70f4c45542994082a3e437,chunk_mmr_224,chunk,mmr,1.0,1.0,1.0,0.5939,1.0,197.0,1.0,1.0
5a8a07af55429970aeb70222,chunk_mmr_224,chunk,mmr,1.0,1.0,1.0,0.6244,1.0,213.0,1.0,1.0
5abd332e5542993062266bdd,chunk_mmr_224,chunk,mmr,0.0,0.2857,1.0,0.3538,0.5,195.0,0.5,0.0
5ae4869755429970de88d99a,chunk_mmr_224,chunk,mmr,0.0,0.0,1.0,0.657,1.0,207.0,1.0,1.0
5a8d841955429941ae14dfe6,chunk_mmr_224,chunk,mmr,0.0,0.0,1.0,0.148,0.5,223.0,0.5,0.0
5a87c0945542996e4f30890b,chunk_mmr_224,chunk,mmr,1.0,1.0,0.0,0.6878,1.0,205.0,1.0,1.0
5a8a9bc15542996c9b8d5f36,chunk_mmr_224,chunk,mmr,1.0,1.0,1.0,0.7854,1.0,219.0,1.0,1.0
5adc93a4554299438c868e01,chunk_mmr_224,chunk,mmr,0.0,0.0,0.0,0.5023,0.5,221.0,0.5,0.0
5ae564a155429960a22e02e4,chunk_mmr_224,chunk,mmr,0.0,0.4,1.0,0.4836,1.0,213.0,1.0,1.0
5ab56b9b5542997d4ad1f113,chunk_mmr_224,chunk,mmr,0.0,0.0,1.0,0.3555,1.0,211.0,1.0,1.0
5a74d9c555429929fddd84fb,chunk_mmr_224,chunk,mmr,0.0,0.0,1.0,0.4848,1.0,198.0,1.0,1.0
5a8af56855429950cd6afc2f,chunk_mmr_224,chunk,mmr,1.0,1.0,1.0,0.7418,1.0,213.0,1.0,1.0
5ab3c470554299233954ffa1,chunk_mmr_224,chunk,mmr,1.0,1.0,0.0,0.2694,0.5,219.0,1.0,1.0
5ae20c465542997283cd236a,chunk_mmr_224,chunk,mmr,0.0,0.0,0.0,0.6683,0.5,205.0,0.5,0.0
5ab5b701554299637185c5e7,chunk_mmr_224,chunk,mmr,0.0,0.0,1.0,0.2242,0.5,223.0,0.5,0.0
5ae829ea5542997ec2727738,chunk_mmr_224,chunk,mmr,0.0,0.3333,0.0,0.5859,0.5,198.0,0.5,0.0
5ac546975542993e66e8229a,chunk_mmr_224,chunk,mmr,1.0,1.0,1.0,0.4724,1.0,199.0,1.0,1.0
5a81a63c5542990a1d231e45,chunk_mmr_224,chunk,mmr,0.0,0.5,0.0,0.3829,0.5,222.0,1.0,1.0
5a72af155542992359bc316c,chunk_mmr_224,chunk,mmr,1.0,1.0,1.0,0.5048,1.0,208.0,1.0,1.0
5abd6f0855429933744ab7d5,chunk_mmr_224,chunk,mmr,0.0,0.0,0.0,0.3005,0.5,213.0,1.0,1.0
5adefcf15542995ec70e8f4c,chunk_mmr_224,chunk,mmr,0.0,0.0,1.0,0.6037,1.0,217.0,1.0,1.0
5ae15ae25542990adbacf767,chunk_mmr_224,chunk,mmr,0.0,0.0,0.0,0.2374,0.5,219.0,1.0,1.0
5abbf43d5542993f40c73c2f,chunk_mmr_224,chunk,mmr,1.0,1.0,1.0,0.3519,0.5,216.0,1.0,1.0
5a7ab1b055429927d897bef4,chunk_mmr_224,chunk,mmr,1.0,1.0,1.0,0.2367,1.0,207.0,1.0,1.0
5a7d2afd5542995f4f402221,chunk_mmr_224,chunk,mmr,1.0,1.0,1.0,0.6682,1.0,220.0,1.0,1.0
5a84c0765542991dd0999dd9,chunk_mmr_224,chunk,mmr,0.0,0.0,0.0,0.1562,0.5,224.0,0.5,0.0
5ae0bc185542993d6555ec29,chunk_mmr_224,chunk,mmr,0.0,0.0,0.0,0.3442,0.5,215.0,0.5,0.0
5a7cef5d55429909bec768ac,chunk_mmr_224,chunk,mmr,0.0,0.0,1.0,0.6205,1.0,224.0,1.0,1.0
5a899f4955429946c8d6e971,chunk_mmr_224,chunk,mmr,1.0,1.0,1.0,1.0,1.0,209.0,1.0,1.0
5a8ed7b455429917b4a5bdd1,chunk_mmr_224,chunk,mmr,0.0,0.0,1.0,0.5893,0.5,224.0,1.0,1.0
5a835a265542992ef85e2281,chunk_mmr_224,chunk,mmr,0.0,0.5,1.0,0.455,1.0,200.0,1.0,1.0
5a8c52685542995e66a475bb,chunk_mmr_224,chunk,mmr,0.0,0.0,0.0,0.4516,0.5,217.0,0.5,0.0
5ab4e48655429942dd415f9c,chunk_mmr_224,chunk,mmr,0.0,0.0,0.0,0.1843,0.5,217.0,0.5,0.0
5ae67dba55429908198fa5f0,chunk_mmr_224,chunk,mmr,0.0,0.0,0.0,0.2455,0.5,224.0,0.5,0.0
5ae13c5155429920d5234336,chunk_mmr_224,chunk,mmr,1.0,1.0,1.0,0.411,1.0,219.0,1.0,1.0
5ab2b7405542991669774069,chunk_mmr_224,chunk,mmr,0.0,0.0,0.0,0.3538,1.0,212.0,1.0,1.0
5ab1c693554299722f9b4c66,chunk_mmr_224,chunk,mmr,1.0,1.0,1.0,0.2098,0.5,224.0,0.5,0.0
5ae692e35542996d980e7c0e,chunk_mmr_224,chunk,mmr,0.0,0.0,1.0,0.593,1.0,199.0,1.0,1.0
5a7f74975542992097ad2f77,chunk_mmr_224,chunk,mmr,0.0,0.0,0.0,0.3365,0.5,211.0,0.5,0.0
5a7e30b255429934daa2fbeb,chunk_mmr_224,chunk,mmr,0.0,0.0,1.0,0.75,1.0,216.0,1.0,1.0
5a7ca95b55429935c91b5287,chunk_mmr_224,chunk,mmr,1.0,1.0,1.0,0.7838,1.0,222.0,1.0,1.0
5abfa18f5542990832d3a176,chunk_mmr_224,chunk,mmr,1.0,1.0,1.0,0.6875,1.0,224.0,1.0,1.0
5a8a39b355429930ff3c0d13,chunk_mmr_224,chunk,mmr,1.0,1.0,1.0,0.3092,0.5,207.0,0.5,0.0
5ab2958c554299449642c912,chunk_mmr_224,chunk,mmr,0.0,0.0,0.0,0.0,0.0,212.0,0.5,0.0
5ae7eaf65542994a481bbe1d,chunk_mmr_224,chunk,mmr,1.0,1.0,1.0,0.6368,1.0,201.0,1.0,1.0
5aba916c55429901930fa83b,chunk_mmr_224,chunk,mmr,1.0,1.0,1.0,0.1836,0.5,207.0,0.5,0.0
5ac0d981554299012d1db646,chunk_mmr_224,chunk,mmr,0.0,0.5,0.0,0.6518,1.0,224.0,1.0,1.0
5ade653f55429975fa854ebb,chunk_mmr_224,chunk,mmr,0.0,0.75,1.0,0.4751,1.0,221.0,1.0,1.0
5ab54e145542992aa134a2a1,chunk_mmr_224,chunk,mmr,0.0,0.8571,1.0,0.4977,1.0,219.0,1.0,1.0
5a8518a75542994c784ddaf7,chunk_mmr_224,chunk,mmr,0.0,0.0,1.0,0.3818,1.0,220.0,1.0,1.0
5ac175635542994ab5c67d4b,chunk_mmr_224,chunk,mmr,0.0,0.0,1.0,0.6951,1.0,223.0,1.0,1.0
5abd889f55429924427fd046,chunk_mmr_224,chunk,mmr,1.0,1.0,1.0,0.8386,1.0,223.0,1.0,1.0
5a772c925542993735360208,chunk_mmr_224,chunk,mmr,0.0,0.0,1.0,0.5268,1.0,224.0,1.0,1.0
5ab492155542991779162ce3,chunk_mmr_224,chunk,mmr,0.0,0.25,0.0,0.1749,0.5,223.0,0.5,0.0
5ae5ef105542996de7b71a72,chunk_mmr_224,chunk,mmr,0.0,0.0,1.0,0.2995,0.5,197.0,1.0,1.0
5a8ad2f3554299515336138d,chunk_mmr_224,chunk,mmr,1.0,1.0,1.0,0.6802,0.5,222.0,1.0,1.0
5a7d07a455429907fabef0ae,chunk_mmr_224,chunk,mmr,0.0,0.5,1.0,0.1937,0.5,222.0,1.0,1.0
5aba89d555429901930fa816,chunk_mmr_224,chunk,mmr,0.0,0.6667,0.0,0.7674,1.0,215.0,1.0,1.0
5a8c7623554299653c1aa07a,chunk_mmr_224,chunk,mmr,1.0,1.0,1.0,0.4104,0.5,212.0,1.0,1.0
5a79ecd05542996c55b2dca1,chunk_mmr_224,chunk,mmr,0.0,0.0,0.0,0.5792,0.5,202.0,0.5,0.0
5adec4695542992fa25da83a,chunk_mmr_224,chunk,mmr,1.0,1.0,1.0,0.6897,1.0,203.0,1.0,1.0
5ae608f2554299546bf83026,chunk_mmr_224,chunk,mmr,0.0,0.0,1.0,0.6413,1.0,223.0,1.0,1.0
5abfd5c45542994516f4550e,chunk_mmr_224,chunk,mmr,0.0,0.0,0.0,0.0,0.0,201.0,0.5,0.0
5adce12e5542990d50227d4f,chunk_mmr_224,chunk,mmr,0.0,0.0,1.0,0.1652,0.5,224.0,0.5,0.0
5a851b0d5542997175ce1f7f,chunk_mmr_224,chunk,mmr,0.0,0.0,0.0,0.3243,1.0,222.0,1.0,1.0
5ae164cf5542997b2ef7d1cd,chunk_mmr_224,chunk,mmr,0.0,0.0,1.0,0.3571,0.5,224.0,0.5,0.0
5a8c493e554299653c1aa020,chunk_mmr_224,chunk,mmr,0.0,0.0,0.0,0.0,0.0,203.0,0.5,0.0
5a89dbec554299669944a5d6,chunk_mmr_224,chunk,mmr,0.0,0.0,1.0,0.6278,1.0,223.0,1.0,1.0
5ae1389655429901ffe4ae05,chunk_mmr_224,chunk,mmr,1.0,1.0,1.0,0.7443,1.0,219.0,1.0,1.0
5adc6a3b55429947ff173953,chunk_mmr_224,chunk,mmr,1.0,1.0,1.0,0.6296,1.0,216.0,1.0,1.0
5ac02880554299012d1db5c0,chunk_mmr_224,chunk,mmr,1.0,1.0,1.0,0.5223,1.0,224.0,1.0,1.0
5aba0c2655429955dce3edb7,chunk_mmr_224,chunk,mmr,0.0,0.0,1.0,0.3099,0.5,213.0,0.5,0.0
5add44c25542997545bbbd0a,chunk_mmr_224,chunk,mmr,0.0,0.2857,1.0,0.4977,1.0,221.0,1.0,1.0
5a7616755542992d0ec06028,chunk_mmr_224,chunk,mmr,0.0,0.6667,1.0,0.4591,1.0,220.0,1.0,1.0
5add1d575542992c1e3a2540,chunk_submod_224,chunk,submod,0.0,0.0,0.0,0.1075,0.5,214.0,0.5,0.0
5ac55ea55542993e66e82377,chunk_submod_224,chunk,submod,0.0,0.8,0.0,0.5771,1.0,201.0,1.0,1.0
5ac3a76e554299741d48a2be,chunk_submod_224,chunk,submod,1.0,1.0,1.0,0.5312,1.0,192.0,1.0,1.0
5a7133565542994082a3e65c,chunk_submod_224,chunk,submod,0.0,0.6667,1.0,0.2961,1.0,152.0,1.0,1.0
5ac1a4745542991316484b82,chunk_submod_224,chunk,submod,1.0,1.0,1.0,0.5392,1.0,217.0,1.0,1.0
5adc597d55429947ff17392f,chunk_submod_224,chunk,submod,0.0,0.0,0.0,0.3717,0.5,191.0,0.5,0.0
5ac55e835542993e66e82375,chunk_submod_224,chunk,submod,1.0,1.0,1.0,0.7306,1.0,219.0,1.0,1.0
5a8d9e0f554299441c6ba015,chunk_submod_224,chunk,submod,0.0,0.0,0.0,0.1005,0.5,189.0,0.5,0.0
5ae70ed7554299572ea546a1,chunk_submod_224,chunk,submod,0.0,0.5,1.0,0.4903,1.0,206.0,1.0,1.0
5a74a8fa55429929fddd8497,chunk_submod_224,chunk,submod,0.0,0.0,0.0,0.2727,0.5,187.0,0.5,0.0
5a7cb94f554299683c1c6353,chunk_submod_224,chunk,submod,0.0,0.0,0.0,0.4352,0.5,216.0,0.5,0.0
5ab874ba5542990e739ec904,chunk_submod_224,chunk,submod,1.0,1.0,1.0,0.4844,1.0,192.0,1.0,1.0
5ae3a8985542992f92d82329,chunk_submod_224,chunk,submod,0.0,0.6667,1.0,0.133,0.5,203.0,0.5,0.0
5ac39f7b554299218029dbe7,chunk_submod_224,chunk,submod,0.0,0.0,1.0,0.5138,1.0,218.0,1.0,1.0
5ae27b535542996483e649b6,chunk_submod_224,chunk,submod,1.0,1.0,1.0,0.5838,1.0,197.0,1.0,1.0
5a7331de5542994cef4bc4a8,chunk_submod_224,chunk,submod,0.0,0.129,1.0,0.5049,1.0,206.0,1.0,1.0
5ac15de55542991316484afb,chunk_submod_224,chunk,submod,1.0,1.0,1.0,0.1802,0.5,222.0,1.0,1.0
5a7c6c9d554299683c1c6302,chunk_submod_224,chunk,submod,0.0,0.0,0.0,0.0792,0.5,202.0,0.5,0.0
5ae6363b55429929b0807af0,chunk_submod_224,chunk,submod,0.0,0.0,0.0,0.1905,0.5,168.0,0.5,0.0
5a8cea40554299441c6b9f76,chunk_submod_224,chunk,submod,1.0,1.0,1.0,0.5885,1.0,209.0,1.0,1.0
5ab5ecd75542992aa134a3e6,chunk_submod_224,chunk,submod,1.0,1.0,1.0,0.4352,1.0,216.0,1.0,1.0
5a84c5545542991dd0999dee,chunk_submod_224,chunk,submod,0.0,0.0,0.0,0.4129,0.5,201.0,0.5,0.0
5adeacf955429975fa854f66,chunk_submod_224,chunk,submod,0.0,0.0,0.0,0.4038,0.5,208.0,0.5,0.0
5a8ce15d554299653c1aa12f,chunk_submod_224,chunk,submod,0.0,0.0,0.0,0.5891,1.0,202.0,1.0,1.0
5ade4da055429939a52fe878,chunk_submod_224,chunk,submod,1.0,1.0,1.0,0.5224,1.0,201.0,1.0,1.0
5ab2a186554299295394677b,chunk_submod_224,chunk,submod,1.0,1.0,1.0,0.3272,0.5,217.0,1.0,1.0
5ade66e1554299728e26c713,chunk_submod_224,chunk,submod,1.0,1.0,1.0,0.4146,1.0,205.0,1.0,1.0
5a7c634c55429907fabeef79,chunk_submod_224,chunk,submod,1.0,1.0,1.0,0.4451,1.0,182.0,1.0,1.0
5ae13f3c5542997b2ef7d168,chunk_submod_224,chunk,submod,0.0,0.0,0.0,0.2513,0.5,191.0,0.5,0.0
5ae17cd055429901ffe4aea3,chunk_submod_224,chunk,submod,1.0,1.0,1.0,0.3192,1.0,213.0,1.0,1.0
5ae7940c55429952e35ea984,chunk_submod_224,chunk,submod,0.0,0.5714,0.0,0.3662,0.5,213.0,0.5,0.0
5a7296815542991f9a20c515,chunk_submod_224,chunk,submod,1.0,1.0,1.0,0.3702,1.0,208.0,1.0,1.0
5ab2e8ad554299340b525562,chunk_submod_224,chunk,submod,1.0,1.0,1.0,0.4375,1.0,208.0,1.0,1.0
5a89b1de5542992e4fca8378,chunk_submod_224,chunk,submod,1.0,1.0,1.0,0.3655,1.0,197.0,1.0,1.0
5ab78edc5542995dae37e95c,chunk_submod_224,chunk,submod,0.0,0.0,0.0,0.2121,0.5,198.0,0.5,0.0
5ae73acb5542991e8301cc07,chunk_submod_224,chunk,submod,0.0,0.0,1.0,0.6083,1.0,217.0,1.0,1.0
5a8257fa55429940e5e1a866,chunk_submod_224,chunk,submod,1.0,1.0,1.0,0.4694,1.0,196.0,1.0,1.0
5a8d8e4f5542994ba4e3dca7,chunk_submod_224,chunk,submod,0.0,0.5,1.0,0.7477,1.0,222.0,1.0,1.0
5a8a07725542992d82986e5b,chunk_submod_224,chunk,submod,1.0,1.0,0.0,0.3026,0.5,195.0,0.5,0.0
5a79fac85542996c55b2dcc1,chunk_submod_224,chunk,submod,1.0,1.0,1.0,0.6204,1.0,216.0,1.0,1.0
5a81537355429926c1cdad20,chunk_submod_224,chunk,submod,0.0,0.3077,1.0,0.5535,1.0,215.0,1.0,1.0
5a721d5a55429971e9dc9283,chunk_submod_224,chunk,submod,0.0,0.4444,1.0,0.475,1.0,200.0,1.0,1.0
5a7aa2a255429941d65f270e,chunk_submod_224,chunk,submod,0.0,0.8,1.0,0.3615,1.0,213.0,1.0,1.0
5abe6f8455429965af743f03,chunk_submod_224,chunk,submod,0.0,0.0,1.0,0.3116,1.0,199.0,1.0,1.0
5ae7257a554299572ea54731,chunk_submod_224,chunk,submod,1.0,1.0,1.0,0.5158,1.0,190.0,1.0,1.0
5ac0e0e25542997d64295a6f,chunk_submod_224,chunk,submod,0.0,0.0,0.0,0.2692,0.5,208.0,0.5,0.0
5a72688c5542997f827839b2,chunk_submod_224,chunk,submod,1.0,1.0,1.0,0.5359,1.0,209.0,1.0,1.0
5adea0c5554299728e26c776,chunk_submod_224,chunk,submod,0.0,0.0,0.0,0.586,1.0,186.0,1.0,1.0
5ab8372255429919ba4e226b,chunk_submod_224,chunk,submod,1.0,1.0,1.0,0.5616,1.0,203.0,1.0,1.0
5ac0e064554299012d1db64e,chunk_submod_224,chunk,submod,0.0,0.0,1.0,0.2294,0.5,218.0,0.5,0.0
5a8574945542997b5ce3fffb,chunk_submod_224,chunk,submod,1.0,1.0,1.0,0.6332,1.0,199.0,1.0,1.0
5a8704f8554299211dda2ba4,chunk_submod_224,chunk,submod,0.0,0.5,0.0,0.1835,0.5,218.0,1.0,1.0
5a81d1f0554299676cceb0ee,chunk_submod_224,chunk,submod,0.0,0.0,0.0,0.536,1.0,222.0,1.0,1.0
5a7bf84b5542996dd594b875,chunk_submod_224,chunk,submod,1.0,1.0,1.0,0.5781,1.0,192.0,1.0,1.0
5ab69e4f554299710c8d1eee,chunk_submod_224,chunk,submod,1.0,1.0,1.0,0.5349,1.0,215.0,1.0,1.0
5ae64ad25542995703ce8b4f,chunk_submod_224,chunk,submod,0.0,0.0,0.0,0.0,0.0,197.0,0.0,0.0
5a7571135542992d0ec05f98,chunk_submod_224,chunk,submod,1.0,1.0,1.0,0.3021,1.0,192.0,1.0,1.0
5a8f2fed55429918e830d1c7,chunk_submod_224,chunk,submod,0.0,0.0,1.0,0.5094,1.0,212.0,1.0,1.0
5ab596d95542992aa134a371,chunk_submod_224,chunk,submod,0.0,0.0,1.0,0.3842,1.0,190.0,1.0,1.0
5a71214d5542994082a3e5b9,chunk_submod_224,chunk,submod,0.0,0.0,1.0,0.787,1.0,216.0,1.0,1.0
5ac298f9554299657fa28fc9,chunk_submod_224,chunk,submod,0.0,0.125,0.0,0.3761,1.0,218.0,1.0,1.0
5ae35e8c5542990afbd1e120,chunk_submod_224,chunk,submod,0.0,0.25,0.0,0.5413,0.5,218.0,0.5,0.0
5ae616ce5542992663a4f259,chunk_submod_224,chunk,submod,0.0,0.3333,0.0,0.2744,0.5,215.0,0.5,0.0
5abbc3a955429931dba144f9,chunk_submod_224,chunk,submod,0.0,0.0,0.0,0.375,0.5,200.0,0.5,0.0
5adfe6c455429906c02daa85,chunk_submod_224,chunk,submod,0.0,0.0,1.0,0.1872,0.5,203.0,0.5,0.0
5a7f924c55429969796c1aba,chunk_submod_224,chunk,submod,0.0,0.0,0.0,0.2431,0.5,181.0,0.5,0.0
5ab938fb554299131ca422ce,chunk_submod_224,chunk,submod,0.0,0.0,1.0,0.375,1.0,224.0,1.0,1.0
5ae1e80b5542997f29b3c197,chunk_submod_224,chunk,submod,0.0,0.0,0.0,0.1515,0.5,198.0,0.5,0.0
5a89e3995542992e4fca844d,chunk_submod_224,chunk,submod,0.0,0.0,0.0,0.533,0.5,197.0,0.5,0.0
5ab8919655429934fafe6e13,chunk_submod_224,chunk,submod,1.0,1.0,1.0,0.3641,0.5,206.0,0.5,0.0
5add18345542994ed6169c7e,chunk_submod_224,chunk,submod,1.0,1.0,1.0,0.4091,1.0,220.0,1.0,1.0
5a825b0e55429954d2e2eb0c,chunk_submod_224,chunk,submod,0.0,0.0,0.0,0.2642,0.5,212.0,0.5,0.0
5ab54056554299488d4d9923,chunk_submod_224,chunk,submod,0.0,0.0,0.0,0.0735,0.5,204.0,0.5,0.0
5a8a416955429930ff3c0d2b,chunk_submod_224,chunk,submod,1.0,1.0,1.0,0.5023,1.0,219.0,1.0,1.0
5a729fe55542991f9a20c53b,chunk_submod_224,chunk,submod,0.0,0.5,0.0,0.3578,1.0,218.0,1.0,1.0
5abee41a5542993fe9a41d79,chunk_submod_224,chunk,submod,1.0,1.0,1.0,0.7097,1.0,217.0,1.0,1.0
5a8327fd5542990548d0b1a3,chunk_submod_224,chunk,submod,1.0,1.0,1.0,0.5152,1.0,198.0,1.0,1.0
5a7264ed5542990c210a411a,chunk_submod_224,chunk,submod,0.0,0.0,0.0,0.2929,0.5,198.0,1.0,1.0
5a74cfc75542996c70cfadfe,chunk_submod_224,chunk,submod,1.0,1.0,1.0,0.5297,1.0,219.0,1.0,1.0
5abe3c7555429965af743ea5,chunk_submod_224,chunk,submod,0.0,0.0,1.0,0.125,0.5,160.0,1.0,1.0
5a88a5645542997e5c09a679,chunk_submod_224,chunk,submod,0.0,0.0,1.0,0.4306,1.0,209.0,1.0,1.0
5a8756aa5542994846c1cd69,chunk_submod_224,chunk,submod,0.0,0.5,1.0,0.672,1.0,186.0,1.0,1.0
5a83ab355542990548d0b218,chunk_submod_224,chunk,submod,1.0,1.0,1.0,0.3037,1.0,191.0,1.0,1.0
5abe407155429976d4830ab4,chunk_submod_224,chunk,submod,1.0,1.0,0.0,0.5364,1.0,220.0,1.0,1.0
5a769b115542993569682c51,chunk_submod_224,chunk,submod,1.0,1.0,1.0,0.0,0.0,201.0,0.0,0.0
5abb8a9b5542996cc5e4a016,chunk_submod_224,chunk,submod,0.0,0.0,1.0,0.35,1.0,220.0,1.0,1.0
5adf4b335542993a75d264a5,chunk_submod_224,chunk,submod,0.0,0.4,1.0,0.407,1.0,199.0,1.0,1.0
5a8a19c45542992e4fca8501,chunk_submod_224,chunk,submod,0.0,0.0,0.0,0.4632,1.0,190.0,1.0,1.0
5ac2f34455429921a00ab0b6,chunk_submod_224,chunk,submod,0.0,0.25,1.0,0.7032,1.0,219.0,1.0,1.0
5a7e040f5542990b8f503b13,chunk_submod_224,chunk,submod,1.0,1.0,1.0,0.1935,1.0,217.0,1.0,1.0
5a8f186055429918e830d186,chunk_submod_224,chunk,submod,0.0,0.0,1.0,0.457,1.0,221.0,1.0,1.0
5ac4fbe255429924173fb53b,chunk_submod_224,chunk,submod,0.0,0.0,0.0,0.2021,0.5,188.0,0.5,0.0
5a8591715542994c784ddb27,chunk_submod_224,chunk,submod,0.0,0.0,1.0,0.4862,1.0,218.0,1.0,1.0
5a8ee3a755429917b4a5be02,chunk_submod_224,chunk,submod,0.0,0.0,0.0,0.1991,0.5,211.0,0.5,0.0
5ab985eb554299131ca42360,chunk_submod_224,chunk,submod,1.0,1.0,1.0,0.4398,1.0,191.0,1.0,1.0
5ab431d855429942dd415ed2,chunk_submod_224,chunk,submod,0.0,0.75,1.0,0.3212,0.5,193.0,0.5,0.0
5a771ead55429966f1a36c7c,chunk_submod_224,chunk,submod,0.0,0.0,0.0,0.3582,0.5,201.0,1.0,1.0
5ac46a8b5542991943173980,chunk_submod_224,chunk,submod,0.0,0.0,1.0,0.2551,0.5,196.0,1.0,1.0
5abda2b755429933744ab80f,chunk_submod_224,chunk,submod,0.0,0.0,0.0,0.4306,0.5,216.0,1.0,1.0
5adc02445542994650320c4e,chunk_submod_224,chunk,submod,1.0,1.0,1.0,0.383,1.0,188.0,1.0,1.0
5a8b128455429971feec463b,chunk_submod_224,chunk,submod,0.0,0.0,0.0,0.2791,0.5,215.0,0.5,0.0
5a803ed45542996402f6a496,chunk_submod_224,chunk,submod,1.0,1.0,1.0,0.4098,0.5,205.0,1.0,1.0
5a74c85055429916b0164218,chunk_submod_224,chunk,submod,0.0,0.6667,1.0,0.2594,1.0,212.0,1.0,1.0
5ac288a95542990b17b153e5,chunk_submod_224,chunk,submod,0.0,0.0,0.0,0.1029,0.5,204.0,0.5,0.0
5ab2123155429970612095b9,chunk_submod_224,chunk,submod,0.0,0.4,1.0,0.4703,0.5,219.0,0.5,0.0
5a82edae55429966c78a6a9f,chunk_submod_224,chunk,submod,0.0,0.0,1.0,0.0893,0.5,224.0,1.0,1.0
5ae22b8d554299234fd0440f,chunk_submod_224,chunk,submod,0.0,0.0,1.0,0.4911,1.0,224.0,1.0,1.0
5adbda2755429944faac2385,chunk_submod_224,chunk,submod,1.0,1.0,1.0,0.3033,1.0,211.0,1.0,1.0
5ae1d1a55542997f29b3c138,chunk_submod_224,chunk,submod,0.0,0.0,1.0,0.4369,1.0,206.0,1.0,1.0
5ac3a2f35542993915413856,chunk_submod_224,chunk,submod,0.0,0.0,0.0,0.2452,0.5,208.0,0.5,0.0
5a7647b85542992d0ec0608a,chunk_submod_224,chunk,submod,1.0,1.0,1.0,0.6432,1.0,199.0,1.0,1.0
5ac49a1c5542996feb3fe905,chunk_submod_224,chunk,submod,0.0,0.0,0.0,0.0,0.0,194.0,0.0,0.0
5ae60484554299546bf8301a,chunk_submod_224,chunk,submod,0.0,0.0,1.0,0.2387,1.0,222.0,1.0,1.0
5a84cf175542992a431d1aa2,chunk_submod_224,chunk,submod,1.0,1.0,1.0,0.2273,1.0,220.0,1.0,1.0
5a81b2505542995ce29dcc32,chunk_submod_224,chunk,submod,1.0,1.0,1.0,0.6368,1.0,201.0,1.0,1.0
5ab568af554299494045efaf,chunk_submod_224,chunk,submod,1.0,1.0,1.0,0.5403,1.0,211.0,1.0,1.0
5a8f7a135542992414482adc,chunk_submod_224,chunk,submod,0.0,0.0,1.0,0.495,1.0,202.0,1.0,1.0
5ab2be71554299166977408c,chunk_submod_224,chunk,submod,0.0,0.0,0.0,0.3915,0.5,212.0,1.0,1.0
5ae537e45542990ba0bbb235,chunk_submod_224,chunk,submod,1.0,1.0,1.0,0.4951,1.0,204.0,1.0,1.0
5ac2546a554299636651997b,chunk_submod_224,chunk,submod,1.0,1.0,1.0,0.5864,1.0,191.0,1.0,1.0
5ae356045542990afbd1e10d,chunk_submod_224,chunk,submod,0.0,0.2667,1.0,0.1651,0.5,218.0,0.5,0.0
5ae1e6d95542997283cd22c3,chunk_submod_224,chunk,submod,0.0,0.5714,1.0,0.3598,0.5,214.0,0.5,0.0
5a8b8f5b55429949d91db5e1,chunk_submod_224,chunk,submod,0.0,0.0,1.0,0.4834,1.0,211.0,1.0,1.0
5ab3460055429976abd1bc80,chunk_submod_224,chunk,submod,1.0,1.0,1.0,0.299,1.0,194.0,1.0,1.0
5a7d2afb554299452d57bb41,chunk_submod_224,chunk,submod,1.0,1.0,1.0,0.536,1.0,222.0,1.0,1.0
5adea95055429939a52fe931,chunk_submod_224,chunk,submod,0.0,0.6667,1.0,0.6294,1.0,197.0,1.0,1.0
5ab7d33d5542992aa3b8c859,chunk_submod_224,chunk,submod,0.0,0.4,1.0,0.6573,1.0,213.0,1.0,1.0
5a893f305542993b751ca91e,chunk_submod_224,chunk,submod,1.0,1.0,1.0,0.1373,0.5,204.0,0.5,0.0
5adea83b55429975fa854f53,chunk_submod_224,chunk,submod,0.0,0.0,1.0,0.4192,1.0,198.0,1.0,1.0
5ae1d32a554299492dc91b9c,chunk_submod_224,chunk,submod,1.0,1.0,1.0,0.375,1.0,128.0,1.0,1.0
5a82accd55429966c78a6a78,chunk_submod_224,chunk,submod,0.0,0.0,0.0,0.3538,1.0,195.0,1.0,1.0
5a90ba1b55429933b8a205c6,chunk_submod_224,chunk,submod,1.0,1.0,1.0,0.5656,1.0,221.0,1.0,1.0
5adcb6875542994ed6169bcb,chunk_submod_224,chunk,submod,0.0,0.0,1.0,0.2235,1.0,170.0,1.0,1.0
5a7f95685542995d8a8ddeaa,chunk_submod_224,chunk,submod,0.0,0.0,0.0,0.0,0.0,201.0,0.0,0.0
5a78b386554299148911f949,chunk_submod_224,chunk,submod,0.0,0.1429,0.0,0.1598,0.5,219.0,0.5,0.0
5a8c781c554299653c1aa083,chunk_submod_224,chunk,submod,0.0,0.2857,1.0,0.4791,1.0,215.0,1.0,1.0
5a80ae105542992bc0c4a7a2,chunk_submod_224,chunk,submod,1.0,1.0,1.0,0.4194,1.0,217.0,1.0,1.0
5a84992e5542992a431d1a6d,chunk_submod_224,chunk,submod,0.0,0.0,0.0,0.2539,0.5,193.0,0.5,0.0
5a8f2cc855429918e830d1be,chunk_submod_224,chunk,submod,0.0,0.0,0.0,0.0904,0.5,177.0,0.5,0.0
5a8841ee5542994846c1ce6b,chunk_submod_224,chunk,submod,0.0,0.0,1.0,0.625,1.0,168.0,1.0,1.0
5adf85e05542993344016cba,chunk_submod_224,chunk,submod,1.0,1.0,1.0,0.5737,1.0,190.0,1.0,1.0
5a77415b55429966f1a36cd2,chunk_submod_224,chunk,submod,0.0,0.8,1.0,0.2237,1.0,219.0,1.0,1.0
5a72fc865542991f9a20c5e9,chunk_submod_224,chunk,submod,0.0,0.0,0.0,0.4491,1.0,216.0,1.0,1.0
5ac4e13f554299076e296e2d,chunk_submod_224,chunk,submod,1.0,1.0,1.0,0.4272,1.0,213.0,1.0,1.0
5a7796e05542992a6e59df0f,chunk_submod_224,chunk,submod,0.0,0.0,1.0,0.4699,1.0,183.0,1.0,1.0
5ae3eabc5542995dadf2424f,chunk_submod_224,chunk,submod,1.0,1.0,1.0,0.3779,1.0,217.0,1.0,1.0
5ae3c71f5542991a06ce9a22,chunk_submod_224,chunk,submod,0.0,0.6667,1.0,0.5729,1.0,192.0,1.0,1.0
5ae25d2b554299495565da46,chunk_submod_224,chunk,submod,0.0,0.0,1.0,0.4806,1.0,206.0,1.0,1.0
5ab8179f5542990e739ec817,chunk_submod_224,chunk,submod,0.0,0.0,1.0,0.4,1.0,205.0,1.0,1.0
5adc411f5542994650320cbc,chunk_submod_224,chunk,submod,0.0,0.0,1.0,0.6587,1.0,208.0,1.0,1.0
5aba6f3e55429955dce3ee21,chunk_submod_224,chunk,submod,1.0,1.0,1.0,0.4278,1.0,180.0,1.0,1.0
5add2dae5542992c1e3a2558,chunk_submod_224,chunk,submod,1.0,1.0,1.0,0.7561,1.0,164.0,1.0,1.0
5ae14b0655429920d52343a6,chunk_submod_224,chunk,submod,0.0,0.0,1.0,0.3923,1.0,209.0,1.0,1.0
5a730a6b5542992359bc3210,chunk_submod_224,chunk,submod,1.0,1.0,1.0,0.3242,1.0,182.0,1.0,1.0
5a75fa14554299109176e5dc,chunk_submod_224,chunk,submod,0.0,0.75,0.0,0.5907,1.0,215.0,1.0,1.0
5ac35a7e554299741d48a257,chunk_submod_224,chunk,submod,0.0,0.6667,1.0,0.4451,1.0,182.0,1.0,1.0
5a8651185542994775f60752,chunk_submod_224,chunk,submod,0.0,0.0,0.0,0.2488,1.0,213.0,1.0,1.0
5a79fe3b5542994f819ef119,chunk_submod_224,chunk,submod,1.0,1.0,1.0,0.5104,1.0,192.0,1.0,1.0
5a8268215542995ce29dccfb,chunk_submod_224,chunk,submod,1.0,1.0,1.0,0.6507,1.0,209.0,1.0,1.0
5a7605f85542994ccc91868d,chunk_submod_224,chunk,submod,1.0,1.0,1.0,0.7991,1.0,224.0,1.0,1.0
5adf74075542992d7e9f937c,chunk_submod_224,chunk,submod,1.0,1.0,1.0,0.6667,1.0,216.0,1.0,1.0
5abe2b0155429976d4830a83,chunk_submod_224,chunk,submod,0.0,0.6667,1.0,0.5748,1.0,214.0,1.0,1.0
5a849c1b5542997175ce1ef9,chunk_submod_224,chunk,submod,0.0,0.6667,1.0,0.2359,1.0,195.0,1.0,1.0
5a81108855429926c1cdace2,chunk_submod_224,chunk,submod,0.0,0.0,1.0,0.4657,1.0,204.0,1.0,1.0
5a8e06785542995085b37383,chunk_submod_224,chunk,submod,1.0,1.0,1.0,0.7887,1.0,194.0,1.0,1.0
5adbfa38554299438c868d00,chunk_submod_224,chunk,submod,0.0,0.0,1.0,0.338,1.0,213.0,1.0,1.0
5a73b1855542992d56e7e388,chunk_submod_224,chunk,submod,1.0,1.0,1.0,0.5673,1.0,208.0,1.0,1.0
5ab94fa25542996be2020474,chunk_submod_224,chunk,submod,1.0,1.0,1.0,0.6054,1.0,185.0,1.0,1.0
5a7e7d4655429934daa2fc2e,chunk_submod_224,chunk,submod,0.0,0.0,1.0,0.5885,1.0,192.0,1.0,1.0
5a75d9c05542992db94736f6,chunk_submod_224,chunk,submod,0.0,0.0,0.0,0.1802,0.5,222.0,0.5,0.0
5adf33965542993344016c20,chunk_submod_224,chunk,submod,1.0,1.0,1.0,0.6816,1.0,179.0,1.0,1.0
5a8f979255429918e830d288,chunk_submod_224,chunk,submod,0.0,0.3333,0.0,0.3005,0.5,213.0,0.5,0.0
5a8a17685542993b751ca9f3,chunk_submod_224,chunk,submod,0.0,0.0,1.0,0.3846,1.0,208.0,1.0,1.0
5abd56355542993062266c58,chunk_submod_224,chunk,submod,0.0,0.0,1.0,0.5046,1.0,216.0,1.0,1.0
5ab91f98554299753720f70d,chunk_submod_224,chunk,submod,0.0,0.5,1.0,0.5268,1.0,205.0,1.0,1.0
5a811152554299260e20a22e,chunk_submod_224,chunk,submod,0.0,0.8,1.0,0.3149,1.0,181.0,1.0,1.0
5a7a1f795542996c55b2dd1b,chunk_submod_224,chunk,submod,1.0,1.0,1.0,0.4898,1.0,196.0,1.0,1.0
5a7324e055429901807daf8f,chunk_submod_224,chunk,submod,1.0,1.0,1.0,0.7461,1.0,193.0,1.0,1.0
5ab9618f554299743d22eb28,chunk_submod_224,chunk,submod,0.0,0.0,0.0,0.3927,0.5,191.0,0.5,0.0
5abffafe5542997d64295988,chunk_submod_224,chunk,submod,1.0,1.0,1.0,1.0,1.0,127.0,1.0,1.0
5a8cee9b554299441c6b9f87,chunk_submod_224,chunk,submod,0.0,0.0,1.0,0.6065,1.0,216.0,1.0,1.0
5a7270395542992359bc30a8,chunk_submod_224,chunk,submod,0.0,0.0,0.0,0.3096,0.5,197.0,0.5,0.0
5ac14d0c5542991316484ae2,chunk_submod_224,chunk,submod,1.0,1.0,1.0,0.4844,1.0,192.0,1.0,1.0
5a75a76b5542992db9473697,chunk_submod_224,chunk,submod,0.0,0.0,1.0,0.5312,1.0,224.0,1.0,1.0
5ab55455554299488d4d993b,chunk_submod_224,chunk,submod,0.0,0.0,0.0,0.2748,1.0,222.0,1.0,1.0
5a7f48e15542992e7d278ce6,chunk_submod_224,chunk,submod,0.0,0.0,0.0,0.3636,0.5,220.0,0.5,0.0
5ab7f0995542995dae37e9fb,chunk_submod_224,chunk,submod,0.0,0.0,0.0,0.3982,1.0,221.0,1.0,1.0
5aba89fb5542994dbf019933,chunk_submod_224,chunk,submod,0.0,0.5714,1.0,0.4928,1.0,209.0,1.0,1.0
5a7621bb554299109176e650,chunk_submod_224,chunk,submod,1.0,1.0,1.0,0.5441,1.0,204.0,1.0,1.0
5a70f0e75542994082a3e408,chunk_submod_224,chunk,submod,0.0,0.0,1.0,0.2941,1.0,221.0,1.0,1.0
5a773ec45542994aec3b7245,chunk_submod_224,chunk,submod,1.0,1.0,1.0,0.4824,1.0,199.0,1.0,1.0
5a802b595542995d8a8ddf51,chunk_submod_224,chunk,submod,1.0,1.0,1.0,0.2081,0.5,221.0,0.5,0.0
5a8de7c65542995085b37353,chunk_submod_224,chunk,submod,0.0,0.0,1.0,0.3084,1.0,214.0,1.0,1.0
5ab5b6c1554299637185c5e5,chunk_submod_224,chunk,submod,1.0,1.0,1.0,0.1781,0.5,219.0,0.5,0.0
5abb8e2d554299642a094aa4,chunk_submod_224,chunk,submod,0.0,0.0,1.0,0.555,1.0,218.0,1.0,1.0
5a7642f7554299109176e6e8,chunk_submod_224,chunk,submod,1.0,1.0,1.0,0.6714,1.0,210.0,1.0,1.0
5a756b175542996c70cfaef7,chunk_submod_224,chunk,submod,0.0,0.0,1.0,0.4667,1.0,210.0,1.0,1.0
5a83161555429940e5e1a958,chunk_submod_224,chunk,submod,1.0,1.0,1.0,0.2864,1.0,213.0,1.0,1.0
5ab3eac5554299753aec59ec,chunk_submod_224,chunk,submod,0.0,0.3333,1.0,0.42,1.0,200.0,1.0,1.0
5a73090455429901807daf6e,chunk_submod_224,chunk,submod,1.0,1.0,1.0,0.2513,1.0,187.0,1.0,1.0
5a8c8502554299585d9e36d0,chunk_submod_224,chunk,submod,1.0,1.0,1.0,0.4344,1.0,221.0,1.0,1.0
5a7d598d5542995f4f402262,chunk_submod_224,chunk,submod,1.0,1.0,1.0,0.3732,1.0,209.0,1.0,1.0
5a77f4755542992a6e59e01f,chunk_submod_224,chunk,submod,1.0,1.0,1.0,0.6995,1.0,193.0,1.0,1.0
5abcf14f55429959677d6b5b,chunk_submod_224,chunk,submod,0.0,0.4444,1.0,0.3716,1.0,218.0,1.0,1.0
5a8d8eb5554299068b959d3a,chunk_submod_224,chunk,submod,1.0,1.0,1.0,0.2157,0.5,204.0,1.0,1.0
5a7e7ed05542991319bc94c2,chunk_submod_224,chunk,submod,0.0,0.0,1.0,0.6045,1.0,177.0,1.0,1.0
5ae236445542992decbdcc69,chunk_submod_224,chunk,submod,0.0,0.4,1.0,0.7085,1.0,199.0,1.0,1.0
5a750de95542993748c897ac,chunk_submod_224,chunk,submod,0.0,0.3333,0.0,0.484,1.0,219.0,1.0,1.0
5a7fc03d5542992097ad2fbc,chunk_submod_224,chunk,submod,0.0,0.0,1.0,0.1792,0.5,212.0,1.0,1.0
5a7172105542994082a3e837,chunk_submod_224,chunk,submod,1.0,1.0,1.0,0.3472,1.0,216.0,1.0,1.0
5a847edd554299123d8c2272,chunk_submod_224,chunk,submod,0.0,0.0,0.0,0.445,1.0,200.0,1.0,1.0
5ab761d955429928e1fe3856,chunk_submod_224,chunk,submod,1.0,1.0,1.0,0.2864,1.0,199.0,1.0,1.0
5a7a2dac5542990198eaf0b6,chunk_submod_224,chunk,submod,1.0,1.0,1.0,0.4829,1.0,205.0,1.0,1.0
5ae530e355429908b6326561,chunk_submod_224,chunk,submod,1.0,1.0,1.0,0.5191,1.0,183.0,1.0,1.0
5abcff225542993a06baf9ea,chunk_submod_224,chunk,submod,1.0,1.0,1.0,0.2941,1.0,204.0,1.0,1.0
5abe9f7d5542997ec76fd331,chunk_submod_224,chunk,submod,0.0,0.0,0.0,0.4495,0.5,198.0,0.5,0.0
5a8db42f5542994ba4e3dd11,chunk_submod_224,chunk,submod,1.0,1.0,1.0,0.199,1.0,196.0,1.0,1.0
5ae658855542992ae0d162e3,chunk_submod_224,chunk,submod,0.0,0.0,0.0,0.0,0.0,210.0,0.5,0.0
5a8c6d4e5542996e8ac88aa6,chunk_submod_224,chunk,submod,0.0,0.0,1.0,0.5225,1.0,178.0,1.0,1.0
5aba65a055429939ce03dcd2,chunk_submod_224,chunk,submod,1.0,1.0,1.0,0.6227,1.0,220.0,1.0,1.0
5ae199305542997b2ef7d20e,chunk_submod_224,chunk,submod,0.0,0.0,1.0,0.2991,1.0,224.0,1.0,1.0
5a806aca5542996402f6a503,chunk_submod_224,chunk,submod,0.0,0.5,1.0,0.375,0.5,200.0,0.5,0.0
5ae336495542990afbd1e0e1,chunk_submod_224,chunk,submod,1.0,1.0,1.0,0.3024,0.5,205.0,1.0,1.0
5a8198565542995ce29dcc13,chunk_submod_224,chunk,submod,0.0,0.0,0.0,0.4384,1.0,219.0,1.0,1.0
5a9068075542990a9849361a,chunk_submod_224,chunk,submod,0.0,0.0,1.0,0.7158,1.0,183.0,1.0,1.0
5a7a2be25542996a35c17118,chunk_submod_224,chunk,submod,0.0,0.0,1.0,0.466,1.0,206.0,1.0,1.0
5a7562045542992db947364f,chunk_submod_224,chunk,submod,0.0,0.2857,1.0,0.4927,1.0,205.0,1.0,1.0
5ac2a55b55429921a00ab018,chunk_submod_224,chunk,submod,0.0,0.0,0.0,0.3724,0.5,196.0,1.0,1.0
5abccf6755429965836004ab,chunk_submod_224,chunk,submod,0.0,0.5,1.0,0.6686,1.0,169.0,1.0,1.0
5a7c8ae855429935c91b5207,chunk_submod_224,chunk,submod,0.0,0.8,1.0,0.5403,1.0,211.0,1.0,1.0
5ab30ebf554299753aec592c,chunk_submod_224,chunk,submod,0.0,0.0,1.0,0.2804,0.5,189.0,0.5,0.0
5ab2b95c5542991669774072,chunk_submod_224,chunk,submod,1.0,1.0,1.0,0.5842,1.0,202.0,1.0,1.0
5ac2a10e554299657fa28fec,chunk_submod_224,chunk,submod,1.0,1.0,1.0,0.1818,0.5,220.0,0.5,0.0
5abb02fe554299232ef4a39f,chunk_submod_224,chunk,submod,1.0,1.0,1.0,0.6667,1.0,186.0,1.0,1.0
5a8eb4d65542990e94052b82,chunk_submod_224,chunk,submod,1.0,1.0,1.0,0.3402,1.0,194.0,1.0,1.0
5a8ba60b554299240d9c205b,chunk_submod_224,chunk,submod,1.0,1.0,1.0,0.5494,1.0,162.0,1.0,1.0
5a807ca5554299485f598613,chunk_submod_224,chunk,submod,0.0,0.0,0.0,0.2646,0.5,189.0,1.0,1.0
5a7c0dab5542997c3ec972d2,chunk_submod_224,chunk,submod,0.0,0.5,1.0,0.9333,1.0,180.0,1.0,1.0
5a89019a5542995153361259,chunk_submod_224,chunk,submod,0.0,0.0,1.0,0.3116,0.5,215.0,0.5,0.0
5a7f00b455429930675135f1,chunk_submod_224,chunk,submod,1.0,1.0,1.0,0.2511,1.0,223.0,1.0,1.0
5a8220db5542995ce29dccc1,chunk_submod_224,chunk,submod,1.0,1.0,1.0,0.7473,1.0,186.0,1.0,1.0
5ab510cb5542996a3a96a00f,chunk_submod_224,chunk,submod,0.0,0.0,0.0,0.7768,1.0,224.0,1.0,1.0
5a80a25d5542995d8a8ddfb7,chunk_submod_224,chunk,submod,0.0,0.0,0.0,0.2823,0.5,209.0,0.5,0.0
5adf5cd25542992d7e9f9320,chunk_submod_224,chunk,submod,0.0,0.0,1.0,0.1296,0.5,216.0,0.5,0.0
5a75ebfc5542992d0ec06018,chunk_submod_224,chunk,submod,1.0,1.0,1.0,0.6154,1.0,221.0,1.0,1.0
5ab29caa554299545a2cf9d3,chunk_submod_224,chunk,submod,1.0,1.0,1.0,0.4794,1.0,194.0,1.0,1.0
5ae0536755429924de1b70a6,chunk_submod_224,chunk,submod,0.0,0.0,0.0,0.5079,1.0,189.0,1.0,1.0
5ae17a9b5542990adbacf7a2,chunk_submod_224,chunk,submod,0.0,0.0,0.0,0.4885,1.0,217.0,1.0,1.0
5a8f503c5542992414482a34,chunk_submod_224,chunk,submod,0.0,0.0,1.0,0.4451,0.5,182.0,0.5,0.0
5ae0159855429925eb1afc09,chunk_submod_224,chunk,submod,1.0,1.0,1.0,0.4271,1.0,199.0,1.0,1.0
5a8b2f2b5542995d1e6f12fa,chunk_submod_224,chunk,submod,0.0,0.0,1.0,0.2139,1.0,187.0,1.0,1.0
5a90386455429916514e7435,chunk_submod_224,chunk,submod,0.0,0.0,1.0,0.685,1.0,200.0,1.0,1.0
5ab43179554299233955004d,chunk_submod_224,chunk,submod,0.0,0.0,0.0,0.1535,0.5,215.0,0.5,0.0
5a8b42be55429949d91db515,chunk_submod_224,chunk,submod,0.0,0.0,1.0,0.4789,1.0,190.0,1.0,1.0
5a8d6d4e554299441c6b9fdb,chunk_submod_224,chunk,submod,1.0,1.0,1.0,0.396,1.0,202.0,1.0,1.0
5ae40a2955429970de88d8a3,chunk_submod_224,chunk,submod,0.0,0.0,0.0,0.104,0.5,202.0,0.5,0.0
5adcfebe5542992c1e3a24f3,chunk_submod_224,chunk,submod,0.0,0.0,1.0,0.3786,1.0,206.0,1.0,1.0
5ab5a3fb5542997d4ad1f19b,chunk_submod_224,chunk,submod,0.0,0.8,1.0,0.5047,1.0,212.0,1.0,1.0
5ac2ffbd554299677310267b,chunk_submod_224,chunk,submod,0.0,0.5,1.0,0.3973,1.0,219.0,1.0,1.0
5a7133fa5542994082a3e660,chunk_submod_224,chunk,submod,0.0,0.0,1.0,0.3791,1.0,211.0,1.0,1.0
5abea7c25542990832d3a068,chunk_submod_224,chunk,submod,1.0,1.0,1.0,0.5767,1.0,189.0,1.0,1.0
5a8a09765542992d82986e67,chunk_submod_224,chunk,submod,0.0,0.8,0.0,0.2736,1.0,201.0,1.0,1.0
5a72a51355429901807daf21,chunk_submod_224,chunk,submod,1.0,1.0,1.0,0.3333,1.0,216.0,1.0,1.0
5aba72d75542994dbf019912,chunk_submod_224,chunk,submod,1.0,1.0,1.0,0.34,1.0,200.0,1.0,1.0
5adcd9fe5542990d50227d46,chunk_submod_224,chunk,submod,0.0,0.0,1.0,0.4899,1.0,198.0,1.0,1.0
5ae5c212554299546bf82f4b,chunk_submod_224,chunk,submod,1.0,1.0,1.0,0.347,1.0,219.0,1.0,1.0
5a7320565542991f9a20c61d,chunk_submod_224,chunk,submod,0.0,0.0,1.0,0.7072,1.0,222.0,1.0,1.0
5add596f5542990dbb2f7e4d,chunk_submod_224,chunk,submod,0.0,0.0,1.0,0.4476,1.0,210.0,1.0,1.0
5adfb60655429942ec259b08,chunk_submod_224,chunk,submod,0.0,0.3333,0.0,0.1818,0.5,187.0,0.5,0.0
5a74adb455429916b01641c6,chunk_submod_224,chunk,submod,1.0,1.0,1.0,0.5545,1.0,220.0,1.0,1.0
5ae27df25542992decbdcd2a,chunk_submod_224,chunk,submod,0.0,0.0,0.0,0.6238,1.0,202.0,1.0,1.0
5a8baf4b5542996e8ac889c5,chunk_submod_224,chunk,submod,0.0,0.0,1.0,0.3575,1.0,221.0,1.0,1.0
5ae352285542994393b9e685,chunk_submod_224,chunk,submod,1.0,1.0,1.0,0.7059,1.0,136.0,1.0,1.0
5a8e0a005542995085b373a1,chunk_submod_224,chunk,submod,0.0,0.0,0.0,0.1584,0.5,202.0,0.5,0.0
5ab639e65542995eadeeff7f,chunk_submod_224,chunk,submod,0.0,0.8,1.0,0.558,1.0,224.0,1.0,1.0
5ade99295542992fa25da7d8,chunk_submod_224,chunk,submod,0.0,0.0,0.0,0.4753,1.0,223.0,1.0,1.0
5ac26b7f55429951e9e685ae,chunk_submod_224,chunk,submod,0.0,0.0,0.0,0.2324,0.5,185.0,0.5,0.0
5ae351405542994393b9e67f,chunk_submod_224,chunk,submod,0.0,0.0,1.0,0.665,1.0,206.0,1.0,1.0
5a7f6f4b5542994857a76740,chunk_submod_224,chunk,submod,0.0,0.5,1.0,0.4851,1.0,202.0,1.0,1.0
5a81346055429926c1cdad13,chunk_submod_224,chunk,submod,0.0,0.1818,1.0,0.4147,1.0,217.0,1.0,1.0
5a716f575542994082a3e82f,chunk_submod_224,chunk,submod,0.0,0.8,1.0,0.5,1.0,200.0,1.0,1.0
5a812d0555429938b61422e1,chunk_submod_224,chunk,submod,1.0,1.0,1.0,0.7591,1.0,220.0,1.0,1.0
5a826d2f5542995ce29dcd05,chunk_submod_224,chunk,submod,0.0,0.0,0.0,0.1038,0.5,212.0,1.0,1.0
5ab67c3f55429954757d32f9,chunk_submod_224,chunk,submod,1.0,1.0,0.0,0.2737,1.0,190.0,1.0,1.0
5ae20e265542994d89d5b325,chunk_submod_224,chunk,submod,0.0,0.0,1.0,0.8341,1.0,217.0,1.0,1.0
5ae7eed8554299540e5a56b5,chunk_submod_224,chunk,submod,0.0,0.6667,1.0,0.5789,1.0,209.0,1.0,1.0
5a7555215542996c70cfaee1,chunk_submod_224,chunk,submod,1.0,1.0,1.0,0.4906,1.0,212.0,1.0,1.0
5ab9b29c554299743d22ebae,chunk_submod_224,chunk,submod,1.0,1.0,1.0,0.7127,1.0,181.0,1.0,1.0
5ae2c696554299495565db32,chunk_submod_224,chunk,submod,0.0,0.2222,0.0,0.4819,0.5,193.0,1.0,1.0
5a832f9d5542993344745fe4,chunk_submod_224,chunk,submod,0.0,0.0,0.0,0.2683,0.5,205.0,0.5,0.0
5a79e3925542994bb9457130,chunk_submod_224,chunk,submod,0.0,0.2857,1.0,0.53,1.0,200.0,1.0,1.0
5ae713af554299572ea546bb,chunk_submod_224,chunk,submod,0.0,0.0,1.0,0.5419,1.0,203.0,1.0,1.0
5ade450b5542997c77adedc5,chunk_submod_224,chunk,submod,0.0,0.1538,1.0,0.5613,1.0,212.0,1.0,1.0
5ab3cecd5542992ade7c6eae,chunk_submod_224,chunk,submod,0.0,0.0,0.0,0.5127,1.0,197.0,1.0,1.0
5ae4be5c5542995ad6573e3a,chunk_submod_224,chunk,submod,0.0,0.0,0.0,0.0,0.0,195.0,0.5,0.0
5a8d5ec2554299585d9e37c4,chunk_submod_224,chunk,submod,0.0,0.0,0.0,0.6172,1.0,209.0,1.0,1.0
5ae765185542995703ce8c0f,chunk_submod_224,chunk,submod,1.0,1.0,1.0,0.5402,1.0,224.0,1.0,1.0
5ab2c6a955429916697740c2,chunk_submod_224,chunk,submod,0.0,0.0,1.0,0.3255,1.0,212.0,1.0,1.0
5ab6369655429953192ad2a1,chunk_submod_224,chunk,submod,0.0,0.0,1.0,0.55,1.0,200.0,1.0,1.0
5a7b220855429931da12c9e5,chunk_submod_224,chunk,submod,1.0,1.0,1.0,0.8396,1.0,212.0,1.0,1.0
5a81d92f554299676cceb0f9,chunk_submod_224,chunk,submod,0.0,0.0,1.0,0.66,1.0,200.0,1.0,1.0
5a7b735c5542997c3ec9718a,chunk_submod_224,chunk,submod,1.0,1.0,1.0,0.8495,1.0,186.0,1.0,1.0
5a724a2b5542990c210a40bc,chunk_submod_224,chunk,submod,0.0,0.6667,1.0,0.4461,1.0,204.0,1.0,1.0
5ae5db98554299546bf82fa6,chunk_submod_224,chunk,submod,1.0,1.0,1.0,0.5288,1.0,208.0,1.0,1.0
5a7344e95542991f9a20c6ce,chunk_submod_224,chunk,submod,0.0,0.0,0.0,0.1546,0.5,194.0,0.5,0.0
5ab6dbc15542995eadef00cd,chunk_submod_224,chunk,submod,0.0,0.0,1.0,0.7079,1.0,202.0,1.0,1.0
5a88016b5542997e5c09a58a,chunk_submod_224,chunk,submod,0.0,0.0,1.0,0.5803,1.0,193.0,1.0,1.0
5ab5e024554299494045f097,chunk_submod_224,chunk,submod,0.0,0.0,0.0,0.5556,1.0,189.0,1.0,1.0
5ac44629554299194317395d,chunk_submod_224,chunk,submod,0.0,0.0,1.0,0.491,1.0,222.0,1.0,1.0
5a7afdc85542992d025e672e,chunk_submod_224,chunk,submod,1.0,1.0,1.0,0.5455,1.0,187.0,1.0,1.0
5ae834e95542997ec272776a,chunk_submod_224,chunk,submod,1.0,1.0,1.0,0.2,0.5,210.0,1.0,1.0
5abbdb335542992ccd8e7fc1,chunk_submod_224,chunk,submod,1.0,1.0,0.0,0.4417,1.0,206.0,1.0,1.0
5a79c9cc554299148911fa53,chunk_submod_224,chunk,submod,1.0,1.0,1.0,0.3302,1.0,215.0,1.0,1.0
5ac38c0755429939154137bb,chunk_submod_224,chunk,submod,0.0,0.0,0.0,0.3944,1.0,213.0,1.0,1.0
5a8b7cb95542995d1e6f13bb,chunk_submod_224,chunk,submod,0.0,0.0,0.0,0.1324,0.5,219.0,0.5,0.0
5addfdfa5542997dc790710b,chunk_submod_224,chunk,submod,0.0,0.1538,1.0,0.6261,1.0,222.0,1.0,1.0
5a88d745554299206df2b378,chunk_submod_224,chunk,submod,0.0,0.0,1.0,0.6082,1.0,194.0,1.0,1.0
5ae6940e5542991bbc97613f,chunk_submod_224,chunk,submod,0.0,0.6667,1.0,0.3143,1.0,175.0,1.0,1.0
5abe3abb55429965af743ea1,chunk_submod_224,chunk,submod,0.0,0.0,0.0,0.0,0.0,200.0,0.5,0.0
5a8ba9d255429971feec4759,chunk_submod_224,chunk,submod,0.0,0.0,0.0,0.5631,0.5,206.0,0.5,0.0
5ab2b6fb5542992953946848,chunk_submod_224,chunk,submod,1.0,1.0,1.0,0.6154,1.0,195.0,1.0,1.0
5adfd2f255429925eb1afaa5,chunk_submod_224,chunk,submod,1.0,1.0,1.0,0.5077,1.0,195.0,1.0,1.0
5a7a33a35542994f819ef14c,chunk_submod_224,chunk,submod,0.0,0.0,1.0,0.3397,1.0,209.0,1.0,1.0
5a8ba07d5542996e8ac88985,chunk_submod_224,chunk,submod,1.0,1.0,1.0,0.1872,0.5,203.0,1.0,1.0
5ab8f57b5542991b5579f097,chunk_submod_224,chunk,submod,0.0,0.0,0.0,0.2923,1.0,195.0,1.0,1.0
5abfb3425542990832d3a1c0,chunk_submod_224,chunk,submod,1.0,1.0,1.0,0.2304,0.5,204.0,0.5,0.0
5ab5ac345542992aa134a37f,chunk_submod_224,chunk,submod,0.0,0.5556,1.0,0.3946,1.0,223.0,1.0,1.0
5a8e63d65542995085b37421,chunk_submod_224,chunk,submod,1.0,1.0,0.0,0.2963,1.0,216.0,1.0,1.0
5a89706055429951533612f9,chunk_submod_224,chunk,submod,0.0,0.8,1.0,0.4817,1.0,218.0,1.0,1.0
5a8e612b5542995085b3741b,chunk_submod_224,chunk,submod,0.0,0.6667,1.0,0.4928,1.0,209.0,1.0,1.0
5a738fb4554299623ed4abf9,chunk_submod_224,chunk,submod,1.0,1.0,1.0,0.56,1.0,200.0,1.0,1.0
5a8bc29a5542995d1e6f1446,chunk_submod_224,chunk,submod,0.0,0.0,0.0,0.3122,0.5,205.0,0.5,0.0
5abfe2a15542997d6429591c,chunk_submod_224,chunk,submod,1.0,1.0,1.0,0.3116,1.0,215.0,1.0,1.0
5a868ca055429960ec39b6be,chunk_submod_224,chunk,submod,0.0,0.0,1.0,0.3645,0.5,203.0,0.5,0.0
5a820f2c55429926c1cdae17,chunk_submod_224,chunk,submod,0.0,0.0,0.0,0.422,1.0,218.0,1.0,1.0
5ae5a4e5554299546bf82f01,chunk_submod_224,chunk,submod,0.0,0.75,1.0,0.433,1.0,224.0,1.0,1.0
5a8d0c74554299585d9e37a1,chunk_submod_224,chunk,submod,0.0,0.0,0.0,0.1946,0.5,221.0,1.0,1.0
5ab9d7e4554299232ef4a21f,chunk_submod_224,chunk,submod,0.0,0.0,1.0,0.6105,1.0,190.0,1.0,1.0
5a7148d25542994082a3e766,chunk_submod_224,chunk,submod,0.0,0.0,1.0,0.3925,1.0,186.0,1.0,1.0
5ae6233c5542992ae0d1623e,chunk_submod_224,chunk,submod,0.0,0.1429,1.0,0.3095,0.5,210.0,1.0,1.0
5adff2aa554299603e4183d0,chunk_submod_224,chunk,submod,0.0,0.0,1.0,0.404,1.0,198.0,1.0,1.0
5ade7fa3554299728e26c727,chunk_submod_224,chunk,submod,0.0,0.0,0.0,0.3,0.5,220.0,0.5,0.0
5a8f38fa55429924144829f5,chunk_submod_224,chunk,submod,0.0,0.0,0.0,0.4182,1.0,220.0,1.0,1.0
5a8f51695542992414482a3e,chunk_submod_224,chunk,submod,0.0,0.0,0.0,0.1,0.5,220.0,0.5,0.0
5a88db445542993b751ca88a,chunk_submod_224,chunk,submod,1.0,1.0,1.0,0.3616,1.0,224.0,1.0,1.0
5a7ef6b35542994959419a94,chunk_submod_224,chunk,submod,0.0,0.0,1.0,0.3681,1.0,182.0,1.0,1.0
5a8e494e5542995a26add4c8,chunk_submod_224,chunk,submod,0.0,0.5,1.0,0.5161,1.0,186.0,1.0,1.0
5ab5d43f5542997d4ad1f1f6,chunk_submod_224,chunk,submod,0.0,0.0,1.0,0.733,1.0,221.0,1.0,1.0
5a7905ca554299148911f9c8,chunk_submod_224,chunk,submod,0.0,0.0,0.0,0.1981,0.5,207.0,0.5,0.0
5ab30f9a554299233954fef2,chunk_submod_224,chunk,submod,0.0,0.0,1.0,0.6064,1.0,188.0,1.0,1.0
5ab3849a55429969a97a8170,chunk_submod_224,chunk,submod,1.0,1.0,1.0,0.2047,0.5,215.0,0.5,0.0
5a7bc5f255429927d897c03e,chunk_submod_224,chunk,submod,1.0,1.0,1.0,0.3959,1.0,197.0,1.0,1.0
5a7f22005542993067513657,chunk_submod_224,chunk,submod,1.0,1.0,1.0,0.7844,1.0,218.0,1.0,1.0
5ab925fd554299131ca42281,chunk_submod_224,chunk,submod,0.0,0.0,1.0,0.6972,1.0,218.0,1.0,1.0
5a76244c554299109176e65d,chunk_submod_224,chunk,submod,0.0,0.0,0.0,0.35,0.5,200.0,0.5,0.0
5ab53bee554299637185c526,chunk_submod_224,chunk,submod,0.0,0.0,0.0,0.2162,0.5,222.0,0.5,0.0
5ab6aa4c55429953192ad359,chunk_submod_224,chunk,submod,0.0,0.0,0.0,0.3833,0.5,180.0,0.5,0.0
5abe832a55429965af743f29,chunk_submod_224,chunk,submod,0.0,0.6,0.0,0.1611,0.5,211.0,0.5,0.0
5ab5b732554299494045f03c,chunk_submod_224,chunk,submod,1.0,1.0,1.0,0.5258,1.0,194.0,1.0,1.0
5adffb4655429925eb1afbbf,chunk_submod_224,chunk,submod,1.0,1.0,1.0,0.2432,0.5,222.0,0.5,0.0
5ae6d3345542996d980e7c85,chunk_submod_224,chunk,submod,1.0,1.0,1.0,0.3578,1.0,204.0,1.0,1.0
5ab878ba55429916710eb06c,chunk_submod_224,chunk,submod,0.0,0.0,1.0,0.4278,1.0,187.0,1.0,1.0
5a7509175542993748c897a3,chunk_submod_224,chunk,submod,1.0,1.0,1.0,0.219,0.5,210.0,0.5,0.0
5a8ac38855429970aeb70300,chunk_submod_224,chunk,submod,1.0,1.0,1.0,0.6364,1.0,209.0,1.0,1.0
5a8bc03d5542996e8ac88a0b,chunk_submod_224,chunk,submod,0.0,0.0,0.0,0.4055,0.5,217.0,0.5,0.0
5ae4ad375542995dadf243a4,chunk_submod_224,chunk,submod,0.0,0.0,0.0,0.1562,0.5,224.0,0.5,0.0
5a7da0de5542990b8f5039d7,chunk_submod_224,chunk,submod,0.0,0.0,0.0,0.2798,1.0,218.0,1.0,1.0
5a8af0a355429950cd6afc1c,chunk_submod_224,chunk,submod,0.0,0.0,1.0,0.4749,1.0,219.0,1.0,1.0
5a73522d5542994cef4bc541,chunk_submod_224,chunk,submod,0.0,0.0,1.0,0.3113,1.0,212.0,1.0,1.0
5ab3a83d5542992ade7c6e08,chunk_submod_224,chunk,submod,1.0,1.0,1.0,0.5901,1.0,222.0,1.0,1.0
5ab84d5a55429916710eb028,chunk_submod_224,chunk,submod,1.0,1.0,1.0,0.4858,1.0,212.0,1.0,1.0
5a7f57a45542992097ad2f29,chunk_submod_224,chunk,submod,0.0,0.0,1.0,0.2976,0.5,168.0,0.5,0.0
5ae764a85542997b22f6a720,chunk_submod_224,chunk,submod,0.0,0.0,0.0,0.3899,1.0,218.0,1.0,1.0
5a7b1023554299042af8f6c2,chunk_submod_224,chunk,submod,1.0,1.0,1.0,0.3894,1.0,208.0,1.0,1.0
5a80707e5542992bc0c4a70e,chunk_submod_224,chunk,submod,0.0,0.5333,1.0,0.5529,1.0,208.0,1.0,1.0
5a8e16a5554299068b959e58,chunk_submod_224,chunk,submod,1.0,1.0,1.0,0.4714,1.0,210.0,1.0,1.0
5a875cd65542996e4f30879d,chunk_submod_224,chunk,submod,0.0,0.8,1.0,0.4141,1.0,198.0,1.0,1.0
5a78d16455429974737f78bb,chunk_submod_224,chunk,submod,0.0,0.8,1.0,0.3478,1.0,161.0,1.0,1.0
5a895f6155429946c8d6e914,chunk_submod_224,chunk,submod,0.0,0.5,1.0,0.381,1.0,210.0,1.0,1.0
5a84f8555542997175ce1f3a,chunk_submod_224,chunk,submod,0.0,0.0,1.0,0.7267,1.0,172.0,1.0,1.0
5ab31adc554299233954ff0a,chunk_submod_224,chunk,submod,0.0,0.0,0.0,0.4,1.0,205.0,1.0,1.0
5ac3ba1855429939154138f3,chunk_submod_224,chunk,submod,0.0,0.0,0.0,0.467,1.0,212.0,1.0,1.0
5a7380b955429908901be2d4,chunk_submod_224,chunk,submod,0.0,0.0,1.0,0.4028,1.0,216.0,1.0,1.0
5a8f92fb55429918e830d271,chunk_submod_224,chunk,submod,1.0,1.0,1.0,0.2915,0.5,223.0,1.0,1.0
5a88082055429938390d3ed2,chunk_submod_224,chunk,submod,0.0,0.2857,1.0,0.7526,1.0,190.0,1.0,1.0
5a7d22dc5542995ed0d16600,chunk_submod_224,chunk,submod,0.0,0.0,1.0,0.2562,1.0,160.0,1.0,1.0
5ae291bb5542996483e649f6,chunk_submod_224,chunk,submod,0.0,0.0,1.0,0.6091,1.0,220.0,1.0,1.0
5abfde655542997719eab6f2,chunk_submod_224,chunk,submod,0.0,0.0,1.0,0.4121,1.0,199.0,1.0,1.0
5ae67fad5542991bbc976100,chunk_submod_224,chunk,submod,0.0,0.0,0.0,0.4171,0.5,187.0,0.5,0.0
5ab2a1f35542997061209677,chunk_submod_224,chunk,submod,0.0,0.8,0.0,0.3138,0.5,188.0,1.0,1.0
5a74ab6055429916b01641b9,chunk_submod_224,chunk,submod,1.0,1.0,1.0,0.5529,1.0,208.0,1.0,1.0
5a8b97485542995d1e6f140f,chunk_submod_224,chunk,submod,0.0,0.0,1.0,0.2321,1.0,224.0,1.0,1.0
5adcdc6c5542992c1e3a2437,chunk_submod_224,chunk,submod,0.0,0.0,0.0,0.226,0.5,208.0,0.5,0.0
5ae73ddb554299572ea5478d,chunk_submod_224,chunk,submod,1.0,1.0,1.0,0.6284,1.0,183.0,1.0,1.0
5ade618e554299728e26c700,chunk_submod_224,chunk,submod,0.0,0.0,1.0,0.2922,1.0,219.0,1.0,1.0
5a76404b5542994ccc91873d,chunk_submod_224,chunk,submod,1.0,1.0,1.0,0.6095,1.0,210.0,1.0,1.0
5ac44b47554299194317396c,chunk_submod_224,chunk,submod,0.0,0.2,0.0,0.3978,1.0,186.0,1.0,1.0
5ac27afa5542990b17b153b5,chunk_submod_224,chunk,submod,0.0,0.0,0.0,0.5093,0.5,216.0,0.5,0.0
5ac2c4fe554299218029db3b,chunk_submod_224,chunk,submod,0.0,0.0,0.0,0.5491,1.0,224.0,1.0,1.0
5ae49b705542995ad6573dbc,chunk_submod_224,chunk,submod,0.0,0.25,1.0,0.3051,1.0,177.0,1.0,1.0
5ae5fc345542993aec5ec1f8,chunk_submod_224,chunk,submod,1.0,1.0,1.0,0.5736,1.0,197.0,1.0,1.0
5a8d651955429941ae14dfaf,chunk_submod_224,chunk,submod,1.0,1.0,1.0,0.5393,1.0,178.0,1.0,1.0
5a839cb9554299123d8c2169,chunk_submod_224,chunk,submod,1.0,1.0,0.0,0.3171,1.0,205.0,1.0,1.0
5adbe1b355429944faac23a0,chunk_submod_224,chunk,submod,1.0,1.0,1.0,0.6507,1.0,209.0,1.0,1.0
5ac29cf8554299218029dac2,chunk_submod_224,chunk,submod,0.0,0.0,0.0,0.0,0.0,223.0,0.0,0.0
5ae21ef35542994d89d5b35d,chunk_submod_224,chunk,submod,1.0,1.0,1.0,0.6138,1.0,189.0,1.0,1.0
5ae1ebf95542997283cd22f2,chunk_submod_224,chunk,submod,1.0,1.0,1.0,0.3099,1.0,171.0,1.0,1.0
5a8b98665542995d1e6f1413,chunk_submod_224,chunk,submod,1.0,1.0,1.0,0.1927,1.0,218.0,1.0,1.0
5ae3d67f5542992f92d8238f,chunk_submod_224,chunk,submod,0.0,0.0,0.0,0.1693,0.5,189.0,0.5,0.0
5a8cb4b2554299585d9e372a,chunk_submod_224,chunk,submod,0.0,0.8,1.0,0.1571,0.5,210.0,0.5,0.0
5ae30aa05542992decbdcdd7,chunk_submod_224,chunk,submod,0.0,0.0,1.0,0.3555,1.0,211.0,1.0,1.0
5adcaa7f5542990d50227cdb,chunk_submod_224,chunk,submod,0.0,0.0,0.0,0.4259,1.0,108.0,1.0,1.0
5a8d40715542994ba4e3dc3a,chunk_submod_224,chunk,submod,0.0,0.0,1.0,0.5556,1.0,216.0,1.0,1.0
5ae4f2595542990ba0bbb1a8,chunk_submod_224,chunk,submod,1.0,1.0,1.0,0.1327,0.5,196.0,0.5,0.0
5ac507725542994611c8b32a,chunk_submod_224,chunk,submod,0.0,0.0,0.0,0.1963,0.5,214.0,0.5,0.0
5a8f5bb45542992414482a77,chunk_submod_224,chunk,submod,0.0,0.0,0.0,0.0498,0.5,221.0,0.5,0.0
5ae1f2d4554299234fd04358,chunk_submod_224,chunk,submod,0.0,0.0,0.0,0.3682,0.5,201.0,0.5,0.0
5ae2fca555429928c423958a,chunk_submod_224,chunk,submod,0.0,0.0,0.0,0.2267,0.5,172.0,0.5,0.0
5adc0f8d55429947ff1738ef,chunk_submod_224,chunk,submod,1.0,1.0,0.0,0.41,1.0,200.0,1.0,1.0
5add64065542995b365fab25,chunk_submod_224,chunk,submod,0.0,0.0,1.0,0.3558,1.0,208.0,1.0,1.0
5a7d26bd554299452d57bb28,chunk_submod_224,chunk,submod,0.0,0.0,1.0,0.4932,1.0,219.0,1.0,1.0
5abba581554299642a094af9,chunk_submod_224,chunk,submod,0.0,0.0,0.0,0.8218,1.0,202.0,1.0,1.0
5a7f89c75542994857a76775,chunk_submod_224,chunk,submod,1.0,1.0,1.0,0.4749,1.0,219.0,1.0,1.0
5ae531695542990ba0bbb1fb,chunk_submod_224,chunk,submod,0.0,0.0,0.0,0.2292,0.5,192.0,0.5,0.0
5a8d5f16554299585d9e37c5,chunk_submod_224,chunk,submod,1.0,1.0,1.0,0.7387,1.0,199.0,1.0,1.0
5ade1f1c55429939a52fe82d,chunk_submod_224,chunk,submod,1.0,1.0,1.0,0.5415,1.0,205.0,1.0,1.0
5a70f4c45542994082a3e437,chunk_submod_224,chunk,submod,1.0,1.0,1.0,0.564,1.0,211.0,1.0,1.0
5a8a07af55429970aeb70222,chunk_submod_224,chunk,submod,1.0,1.0,1.0,0.544,1.0,193.0,1.0,1.0
5abd332e5542993062266bdd,chunk_submod_224,chunk,submod,0.0,0.0,0.0,0.2238,0.5,210.0,0.5,0.0
5ae4869755429970de88d99a,chunk_submod_224,chunk,submod,0.0,0.0,1.0,0.6308,1.0,195.0,1.0,1.0
5a8d841955429941ae14dfe6,chunk_submod_224,chunk,submod,0.0,0.0,1.0,0.1602,0.5,206.0,0.5,0.0
5a87c0945542996e4f30890b,chunk_submod_224,chunk,submod,1.0,1.0,0.0,0.5327,1.0,214.0,1.0,1.0
5a8a9bc15542996c9b8d5f36,chunk_submod_224,chunk,submod,1.0,1.0,1.0,0.256,1.0,207.0,1.0,1.0
5adc93a4554299438c868e01,chunk_submod_224,chunk,submod,0.0,0.0,0.0,0.2694,0.5,219.0,0.5,0.0
5ae564a155429960a22e02e4,chunk_submod_224,chunk,submod,0.0,0.4,1.0,0.3692,1.0,214.0,1.0,1.0
5ab56b9b5542997d4ad1f113,chunk_submod_224,chunk,submod,0.0,0.0,1.0,0.3378,1.0,222.0,1.0,1.0
5a74d9c555429929fddd84fb,chunk_submod_224,chunk,submod,1.0,1.0,1.0,0.5648,1.0,193.0,1.0,1.0
5a8af56855429950cd6afc2f,chunk_submod_224,chunk,submod,1.0,1.0,1.0,0.524,1.0,208.0,1.0,1.0
5ab3c470554299233954ffa1,chunk_submod_224,chunk,submod,1.0,1.0,1.0,0.8018,1.0,222.0,1.0,1.0
5ae20c465542997283cd236a,chunk_submod_224,chunk,submod,0.0,0.0,0.0,0.0986,0.5,213.0,0.5,0.0
5ab5b701554299637185c5e7,chunk_submod_224,chunk,submod,0.0,0.0,1.0,0.2475,0.5,202.0,0.5,0.0
5ae829ea5542997ec2727738,chunk_submod_224,chunk,submod,0.0,0.3333,0.0,0.5859,0.5,198.0,0.5,0.0
5ac546975542993e66e8229a,chunk_submod_224,chunk,submod,1.0,1.0,1.0,0.487,1.0,193.0,1.0,1.0
5a81a63c5542990a1d231e45,chunk_submod_224,chunk,submod,0.0,0.5,0.0,0.2605,0.5,215.0,1.0,1.0
5a72af155542992359bc316c,chunk_submod_224,chunk,submod,1.0,1.0,1.0,0.5833,1.0,180.0,1.0,1.0
5abd6f0855429933744ab7d5,chunk_submod_224,chunk,submod,0.0,0.0,0.0,0.3738,1.0,206.0,1.0,1.0
5adefcf15542995ec70e8f4c,chunk_submod_224,chunk,submod,0.0,0.0,0.0,0.2365,0.5,203.0,1.0,1.0
5ae15ae25542990adbacf767,chunk_submod_224,chunk,submod,1.0,1.0,1.0,0.4333,1.0,210.0,1.0,1.0
5abbf43d5542993f40c73c2f,chunk_submod_224,chunk,submod,1.0,1.0,1.0,0.2947,0.5,207.0,1.0,1.0
5a7ab1b055429927d897bef4,chunk_submod_224,chunk,submod,1.0,1.0,1.0,0.239,1.0,205.0,1.0,1.0
5a7d2afd5542995f4f402221,chunk_submod_224,chunk,submod,1.0,1.0,1.0,0.6682,1.0,220.0,1.0,1.0
5a84c0765542991dd0999dd9,chunk_submod_224,chunk,submod,0.0,0.0,0.0,0.1613,0.5,217.0,0.5,0.0
5ae0bc185542993d6555ec29,chunk_submod_224,chunk,submod,0.0,0.0,0.0,0.2903,0.5,217.0,0.5,0.0
5a7cef5d55429909bec768ac,chunk_submod_224,chunk,submod,0.0,0.0,0.0,0.6119,1.0,201.0,1.0,1.0
5a899f4955429946c8d6e971,chunk_submod_224,chunk,submod,1.0,1.0,1.0,0.704,1.0,223.0,1.0,1.0
5a8ed7b455429917b4a5bdd1,chunk_submod_224,chunk,submod,1.0,1.0,1.0,0.6296,1.0,216.0,1.0,1.0
5a835a265542992ef85e2281,chunk_submod_224,chunk,submod,0.0,0.5,1.0,0.3474,1.0,190.0,1.0,1.0
5a8c52685542995e66a475bb,chunk_submod_224,chunk,submod,0.0,0.0,0.0,0.198,0.5,197.0,0.5,0.0
5ab4e48655429942dd415f9c,chunk_submod_224,chunk,submod,0.0,0.0,0.0,0.2198,0.5,182.0,0.5,0.0
5ae67dba55429908198fa5f0,chunk_submod_224,chunk,submod,0.0,0.0,0.0,0.2792,0.5,197.0,0.5,0.0
5ae13c5155429920d5234336,chunk_submod_224,chunk,submod,1.0,1.0,1.0,0.5728,1.0,213.0,1.0,1.0
5ab2b7405542991669774069,chunk_submod_224,chunk,submod,0.0,0.0,0.0,0.6047,1.0,215.0,1.0,1.0
5ab1c693554299722f9b4c66,chunk_submod_224,chunk,submod,0.0,0.0,1.0,0.2715,0.5,221.0,0.5,0.0
5ae692e35542996d980e7c0e,chunk_submod_224,chunk,submod,0.0,0.0,0.0,0.7629,1.0,194.0,1.0,1.0
5a7f74975542992097ad2f77,chunk_submod_224,chunk,submod,0.0,0.0,0.0,0.199,0.5,201.0,0.5,0.0
5a7e30b255429934daa2fbeb,chunk_submod_224,chunk,submod,0.0,0.0,1.0,0.4523,0.5,199.0,1.0,1.0
5a7ca95b55429935c91b5287,chunk_submod_224,chunk,submod,1.0,1.0,1.0,0.5491,1.0,173.0,1.0,1.0
5abfa18f5542990832d3a176,chunk_submod_224,chunk,submod,1.0,1.0,1.0,0.6753,1.0,194.0,1.0,1.0
5a8a39b355429930ff3c0d13,chunk_submod_224,chunk,submod,1.0,1.0,1.0,0.3092,0.5,207.0,0.5,0.0
5ab2958c554299449642c912,chunk_submod_224,chunk,submod,0.0,0.6667,1.0,0.3731,0.5,201.0,0.5,0.0
5ae7eaf65542994a481bbe1d,chunk_submod_224,chunk,submod,1.0,1.0,1.0,0.6396,1.0,222.0,1.0,1.0
5aba916c55429901930fa83b,chunk_submod_224,chunk,submod,1.0,1.0,1.0,0.2,0.5,190.0,0.5,0.0
5ac0d981554299012d1db646,chunk_submod_224,chunk,submod,1.0,1.0,1.0,0.3738,0.5,206.0,1.0,1.0
5ade653f55429975fa854ebb,chunk_submod_224,chunk,submod,0.0,0.75,1.0,0.4703,1.0,219.0,1.0,1.0
5ab54e145542992aa134a2a1,chunk_submod_224,chunk,submod,0.0,0.8571,1.0,0.3298,1.0,191.0,1.0,1.0
5a8518a75542994c784ddaf7,chunk_submod_224,chunk,submod,0.0,0.0,1.0,0.6697,1.0,221.0,1.0,1.0
5ac175635542994ab5c67d4b,chunk_submod_224,chunk,submod,1.0,1.0,1.0,0.5023,1.0,221.0,1.0,1.0
5abd889f55429924427fd046,chunk_submod_224,chunk,submod,0.0,0.0,1.0,0.472,1.0,214.0,1.0,1.0
5a772c925542993735360208,chunk_submod_224,chunk,submod,1.0,1.0,1.0,0.6039,1.0,207.0,1.0,1.0
5ab492155542991779162ce3,chunk_submod_224,chunk,submod,0.0,0.25,0.0,0.184,0.5,212.0,0.5,0.0
5ae5ef105542996de7b71a72,chunk_submod_224,chunk,submod,0.0,0.0,1.0,0.2837,0.5,208.0,1.0,1.0
5a8ad2f3554299515336138d,chunk_submod_224,chunk,submod,1.0,1.0,1.0,0.3646,0.5,192.0,1.0,1.0
5a7d07a455429907fabef0ae,chunk_submod_224,chunk,submod,0.0,0.0,1.0,0.3583,1.0,187.0,1.0,1.0
5aba89d555429901930fa816,chunk_submod_224,chunk,submod,1.0,1.0,1.0,0.1788,0.5,179.0,1.0,1.0
5a8c7623554299653c1aa07a,chunk_submod_224,chunk,submod,1.0,1.0,1.0,0.4766,1.0,214.0,1.0,1.0
5a79ecd05542996c55b2dca1,chunk_submod_224,chunk,submod,0.0,0.4,0.0,0.3846,0.5,195.0,0.5,0.0
5adec4695542992fa25da83a,chunk_submod_224,chunk,submod,0.0,0.0,1.0,0.4767,0.5,193.0,1.0,1.0
5ae608f2554299546bf83026,chunk_submod_224,chunk,submod,0.0,0.0,1.0,0.5327,1.0,214.0,1.0,1.0
5abfd5c45542994516f4550e,chunk_submod_224,chunk,submod,0.0,0.0,0.0,0.1658,0.5,199.0,0.5,0.0
5adce12e5542990d50227d4f,chunk_submod_224,chunk,submod,1.0,1.0,1.0,0.1907,0.5,194.0,0.5,0.0
5a851b0d5542997175ce1f7f,chunk_submod_224,chunk,submod,0.0,0.0,0.0,0.385,1.0,187.0,1.0,1.0
5ae164cf5542997b2ef7d1cd,chunk_submod_224,chunk,submod,1.0,1.0,1.0,0.4375,0.5,224.0,0.5,0.0
5a8c493e554299653c1aa020,chunk_submod_224,chunk,submod,0.0,0.0,0.0,0.1781,0.5,219.0,0.5,0.0
5a89dbec554299669944a5d6,chunk_submod_224,chunk,submod,0.0,0.0,0.0,0.2613,0.5,222.0,1.0,1.0
5ae1389655429901ffe4ae05,chunk_submod_224,chunk,submod,0.0,0.8,1.0,0.7757,1.0,214.0,1.0,1.0
5adc6a3b55429947ff173953,chunk_submod_224,chunk,submod,1.0,1.0,1.0,0.5888,1.0,197.0,1.0,1.0
5ac02880554299012d1db5c0,chunk_submod_224,chunk,submod,1.0,1.0,1.0,0.439,1.0,205.0,1.0,1.0
5aba0c2655429955dce3edb7,chunk_submod_224,chunk,submod,0.0,0.0,1.0,0.3873,0.5,204.0,0.5,0.0
5add44c25542997545bbbd0a,chunk_submod_224,chunk,submod,0.0,0.2857,1.0,0.3476,1.0,210.0,1.0,1.0
5a7616755542992d0ec06028,chunk_submod_224,chunk,submod,0.0,0.0,0.0,0.4091,1.0,176.0,1.0,1.0
5add1d575542992c1e3a2540,ace_focused_224,ace,focused,0.0,0.0,0.0,0.3094,0.5,223.0,0.5,0.0
5ac55ea55542993e66e82377,ace_focused_224,ace,focused,0.0,0.8,1.0,0.4714,1.0,210.0,1.0,1.0
5ac3a76e554299741d48a2be,ace_focused_224,ace,focused,1.0,1.0,1.0,0.3211,1.0,218.0,1.0,1.0
5a7133565542994082a3e65c,ace_focused_224,ace,focused,0.0,0.6667,1.0,0.7037,1.0,216.0,1.0,1.0
5ac1a4745542991316484b82,ace_focused_224,ace,focused,0.0,0.0,0.0,0.1456,0.5,206.0,0.5,0.0
5adc597d55429947ff17392f,ace_focused_224,ace,focused,0.0,0.0,0.0,0.1704,0.5,223.0,0.5,0.0
5ac55e835542993e66e82375,ace_focused_224,ace,focused,1.0,1.0,1.0,0.7512,1.0,209.0,1.0,1.0
5a8d9e0f554299441c6ba015,ace_focused_224,ace,focused,0.0,0.0,0.0,0.2192,0.5,219.0,0.5,0.0
5ae70ed7554299572ea546a1,ace_focused_224,ace,focused,1.0,1.0,1.0,0.4591,1.0,220.0,1.0,1.0
5a74a8fa55429929fddd8497,ace_focused_224,ace,focused,0.0,0.0,0.0,0.4135,1.0,208.0,1.0,1.0
5a7cb94f554299683c1c6353,ace_focused_224,ace,focused,0.0,0.0,0.0,0.2465,0.5,215.0,0.5,0.0
5ab874ba5542990e739ec904,ace_focused_224,ace,focused,0.0,0.0,1.0,0.3005,1.0,203.0,1.0,1.0
5ae3a8985542992f92d82329,ace_focused_224,ace,focused,0.0,0.6667,1.0,0.3304,1.0,224.0,1.0,1.0
5ac39f7b554299218029dbe7,ace_focused_224,ace,focused,0.0,0.0,1.0,0.4505,1.0,222.0,1.0,1.0
5ae27b535542996483e649b6,ace_focused_224,ace,focused,1.0,1.0,0.0,0.133,0.5,218.0,1.0,1.0
5a7331de5542994cef4bc4a8,ace_focused_224,ace,focused,0.0,0.129,1.0,0.6262,1.0,206.0,1.0,1.0
5ac15de55542991316484afb,ace_focused_224,ace,focused,0.0,0.0,0.0,0.4574,1.0,223.0,1.0,1.0
5a7c6c9d554299683c1c6302,ace_focused_224,ace,focused,0.0,0.0,0.0,0.0899,0.5,178.0,0.5,0.0
5ae6363b55429929b0807af0,ace_focused_224,ace,focused,0.0,0.0,0.0,0.1928,0.5,166.0,0.5,0.0
5a8cea40554299441c6b9f76,ace_focused_224,ace,focused,0.0,0.0,1.0,0.3379,1.0,219.0,1.0,1.0
5ab5ecd75542992aa134a3e6,ace_focused_224,ace,focused,0.0,0.8571,1.0,0.1964,0.5,224.0,0.5,0.0
5a84c5545542991dd0999dee,ace_focused_224,ace,focused,0.0,0.0,0.0,0.5735,0.5,211.0,0.5,0.0
5adeacf955429975fa854f66,ace_focused_224,ace,focused,0.0,0.0,0.0,0.3889,0.5,216.0,0.5,0.0
5a8ce15d554299653c1aa12f,ace_focused_224,ace,focused,0.0,0.0,0.0,0.3687,1.0,217.0,1.0,1.0
5ade4da055429939a52fe878,ace_focused_224,ace,focused,0.0,0.0,0.0,0.4048,1.0,210.0,1.0,1.0
5ab2a186554299295394677b,ace_focused_224,ace,focused,0.0,0.0,1.0,0.482,1.0,222.0,1.0,1.0
5ade66e1554299728e26c713,ace_focused_224,ace,focused,1.0,1.0,1.0,0.5045,1.0,224.0,1.0,1.0
5a7c634c55429907fabeef79,ace_focused_224,ace,focused,1.0,1.0,1.0,0.4789,1.0,190.0,1.0,1.0
5ae13f3c5542997b2ef7d168,ace_focused_224,ace,focused,0.0,0.0,0.0,0.2192,0.5,219.0,0.5,0.0
5ae17cd055429901ffe4aea3,ace_focused_224,ace,focused,1.0,1.0,1.0,0.3301,1.0,206.0,1.0,1.0
5ae7940c55429952e35ea984,ace_focused_224,ace,focused,0.0,0.5,0.0,0.1244,0.5,209.0,0.5,0.0
5a7296815542991f9a20c515,ace_focused_224,ace,focused,1.0,1.0,1.0,0.6368,1.0,223.0,1.0,1.0
5ab2e8ad554299340b525562,ace_focused_224,ace,focused,1.0,1.0,1.0,0.3381,1.0,210.0,1.0,1.0
5a89b1de5542992e4fca8378,ace_focused_224,ace,focused,1.0,1.0,1.0,0.3318,1.0,217.0,1.0,1.0
5ab78edc5542995dae37e95c,ace_focused_224,ace,focused,0.0,0.4,0.0,0.4047,0.5,215.0,0.5,0.0
5ae73acb5542991e8301cc07,ace_focused_224,ace,focused,0.0,0.0,1.0,0.5253,1.0,198.0,1.0,1.0
5a8257fa55429940e5e1a866,ace_focused_224,ace,focused,1.0,1.0,1.0,0.434,1.0,212.0,1.0,1.0
5a8d8e4f5542994ba4e3dca7,ace_focused_224,ace,focused,0.0,0.5,1.0,0.5825,1.0,194.0,1.0,1.0
5a8a07725542992d82986e5b,ace_focused_224,ace,focused,0.0,0.0,0.0,0.2906,0.5,203.0,0.5,0.0
5a79fac85542996c55b2dcc1,ace_focused_224,ace,focused,1.0,1.0,1.0,0.5312,0.5,224.0,0.5,0.0
5a81537355429926c1cdad20,ace_focused_224,ace,focused,0.0,0.0,1.0,0.3237,1.0,207.0,1.0,1.0
5a721d5a55429971e9dc9283,ace_focused_224,ace,focused,0.0,0.4444,1.0,0.4439,1.0,214.0,1.0,1.0
5a7aa2a255429941d65f270e,ace_focused_224,ace,focused,0.0,0.8,1.0,0.3468,1.0,222.0,1.0,1.0
5abe6f8455429965af743f03,ace_focused_224,ace,focused,0.0,0.0,1.0,1.0,1.0,220.0,1.0,1.0
5ae7257a554299572ea54731,ace_focused_224,ace,focused,0.0,0.0,1.0,0.4516,1.0,217.0,1.0,1.0
5ac0e0e25542997d64295a6f,ace_focused_224,ace,focused,0.0,0.0,0.0,0.2511,0.5,223.0,0.5,0.0
5a72688c5542997f827839b2,ace_focused_224,ace,focused,1.0,1.0,1.0,0.5258,1.0,213.0,1.0,1.0
5adea0c5554299728e26c776,ace_focused_224,ace,focused,1.0,1.0,0.0,0.5157,1.0,159.0,1.0,1.0
5ab8372255429919ba4e226b,ace_focused_224,ace,focused,1.0,1.0,1.0,0.4428,1.0,201.0,1.0,1.0
5ac0e064554299012d1db64e,ace_focused_224,ace,focused,0.0,0.0,1.0,0.4664,1.0,223.0,1.0,1.0
5a8574945542997b5ce3fffb,ace_focused_224,ace,focused,1.0,1.0,1.0,0.8342,1.0,193.0,1.0,1.0
5a8704f8554299211dda2ba4,ace_focused_224,ace,focused,0.0,0.1667,1.0,0.3922,1.0,204.0,1.0,1.0
5a81d1f0554299676cceb0ee,ace_focused_224,ace,focused,0.0,0.5,1.0,0.19,0.5,221.0,1.0,1.0
5a7bf84b5542996dd594b875,ace_focused_224,ace,focused,1.0,1.0,1.0,0.6036,1.0,222.0,1.0,1.0
5ab69e4f554299710c8d1eee,ace_focused_224,ace,focused,1.0,1.0,1.0,0.5324,1.0,216.0,1.0,1.0
5ae64ad25542995703ce8b4f,ace_focused_224,ace,focused,0.0,0.0,0.0,0.1221,0.5,213.0,0.5,0.0
5a7571135542992d0ec05f98,ace_focused_224,ace,focused,1.0,1.0,1.0,0.2749,1.0,211.0,1.0,1.0
5a8f2fed55429918e830d1c7,ace_focused_224,ace,focused,0.0,0.0,1.0,0.5373,1.0,201.0,1.0,1.0
5ab596d95542992aa134a371,ace_focused_224,ace,focused,0.0,0.0,1.0,0.4069,1.0,204.0,1.0,1.0
5a71214d5542994082a3e5b9,ace_focused_224,ace,focused,0.0,0.0,1.0,0.4266,0.5,218.0,1.0,1.0
5ac298f9554299657fa28fc9,ace_focused_224,ace,focused,0.0,0.125,0.0,0.3727,1.0,220.0,1.0,1.0
5ae35e8c5542990afbd1e120,ace_focused_224,ace,focused,0.0,0.25,0.0,0.5673,0.5,208.0,0.5,0.0
5ae616ce5542992663a4f259,ace_focused_224,ace,focused,0.0,0.3333,0.0,0.2921,0.5,202.0,0.5,0.0
5abbc3a955429931dba144f9,ace_focused_224,ace,focused,0.0,0.0,0.0,0.2453,0.5,212.0,0.5,0.0
5adfe6c455429906c02daa85,ace_focused_224,ace,focused,0.0,0.0,1.0,0.181,0.5,210.0,0.5,0.0
5a7f924c55429969796c1aba,ace_focused_224,ace,focused,0.0,0.0,0.0,0.2115,0.5,208.0,0.5,0.0
5ab938fb554299131ca422ce,ace_focused_224,ace,focused,0.0,0.0,1.0,0.6667,1.0,222.0,1.0,1.0
5ae1e80b5542997f29b3c197,ace_focused_224,ace,focused,0.0,0.0,0.0,0.1382,0.5,217.0,0.5,0.0
5a89e3995542992e4fca844d,ace_focused_224,ace,focused,0.0,0.0,0.0,0.2545,0.5,220.0,0.5,0.0
5ab8919655429934fafe6e13,ace_focused_224,ace,focused,0.0,0.0,1.0,0.3555,0.5,211.0,0.5,0.0
5add18345542994ed6169c7e,ace_focused_224,ace,focused,1.0,1.0,1.0,0.4036,1.0,223.0,1.0,1.0
5a825b0e55429954d2e2eb0c,ace_focused_224,ace,focused,0.0,0.0,0.0,0.0829,0.5,217.0,0.5,0.0
5ab54056554299488d4d9923,ace_focused_224,ace,focused,0.0,0.0,1.0,0.0758,0.5,198.0,0.5,0.0
5a8a416955429930ff3c0d2b,ace_focused_224,ace,focused,1.0,1.0,1.0,0.385,1.0,213.0,1.0,1.0
5a729fe55542991f9a20c53b,ace_focused_224,ace,focused,0.0,0.5,0.0,0.3732,1.0,209.0,1.0,1.0
5abee41a5542993fe9a41d79,ace_focused_224,ace,focused,1.0,1.0,1.0,0.4558,1.0,215.0,1.0,1.0
5a8327fd5542990548d0b1a3,ace_focused_224,ace,focused,1.0,1.0,1.0,0.3258,1.0,221.0,1.0,1.0
5a7264ed5542990c210a411a,ace_focused_224,ace,focused,0.0,0.3333,0.0,0.2648,0.5,219.0,1.0,1.0
5a74cfc75542996c70cfadfe,ace_focused_224,ace,focused,1.0,1.0,1.0,0.5321,1.0,218.0,1.0,1.0
5abe3c7555429965af743ea5,ace_focused_224,ace,focused,0.0,0.0,1.0,0.3532,1.0,218.0,1.0,1.0
5a88a5645542997e5c09a679,ace_focused_224,ace,focused,1.0,1.0,1.0,0.6825,1.0,211.0,1.0,1.0
5a8756aa5542994846c1cd69,ace_focused_224,ace,focused,0.0,0.5,1.0,0.4505,1.0,202.0,1.0,1.0
5a83ab355542990548d0b218,ace_focused_224,ace,focused,1.0,1.0,1.0,0.5222,1.0,203.0,1.0,1.0
5abe407155429976d4830ab4,ace_focused_224,ace,focused,0.0,0.0,0.0,0.5413,1.0,218.0,1.0,1.0
5a769b115542993569682c51,ace_focused_224,ace,focused,1.0,1.0,1.0,0.2216,0.5,194.0,0.5,0.0
5abb8a9b5542996cc5e4a016,ace_focused_224,ace,focused,0.0,0.0,1.0,0.4185,1.0,184.0,1.0,1.0
5adf4b335542993a75d264a5,ace_focused_224,ace,focused,0.0,0.4,1.0,0.15,0.5,220.0,0.5,0.0
5a8a19c45542992e4fca8501,ace_focused_224,ace,focused,0.0,0.0,0.0,0.2277,1.0,224.0,1.0,1.0
5ac2f34455429921a00ab0b6,ace_focused_224,ace,focused,0.0,0.25,1.0,0.5417,1.0,216.0,1.0,1.0
5a7e040f5542990b8f503b13,ace_focused_224,ace,focused,1.0,1.0,1.0,0.232,1.0,181.0,1.0,1.0
5a8f186055429918e830d186,ace_focused_224,ace,focused,0.0,0.0,1.0,0.4879,1.0,207.0,1.0,1.0
5ac4fbe255429924173fb53b,ace_focused_224,ace,focused,0.0,0.6667,1.0,0.2946,0.5,224.0,1.0,1.0
5a8591715542994c784ddb27,ace_focused_224,ace,focused,0.0,0.0,0.0,0.1883,0.5,223.0,0.5,0.0
5a8ee3a755429917b4a5be02,ace_focused_224,ace,focused,0.0,0.5714,0.0,0.2615,0.5,218.0,0.5,0.0
5ab985eb554299131ca42360,ace_focused_224,ace,focused,1.0,1.0,1.0,0.2197,1.0,223.0,1.0,1.0
5ab431d855429942dd415ed2,ace_focused_224,ace,focused,0.0,0.75,1.0,0.3039,0.5,204.0,0.5,0.0
5a771ead55429966f1a36c7c,ace_focused_224,ace,focused,0.0,0.0,1.0,0.2366,0.5,224.0,0.5,0.0
5ac46a8b5542991943173980,ace_focused_224,ace,focused,0.0,0.0,1.0,0.6686,1.0,175.0,1.0,1.0
5abda2b755429933744ab80f,ace_focused_224,ace,focused,1.0,1.0,1.0,0.5463,1.0,216.0,1.0,1.0
5adc02445542994650320c4e,ace_focused_224,ace,focused,1.0,1.0,1.0,0.5962,1.0,213.0,1.0,1.0
5a8b128455429971feec463b,ace_focused_224,ace,focused,0.0,0.0,0.0,0.6804,0.5,219.0,0.5,0.0
5a803ed45542996402f6a496,ace_focused_224,ace,focused,1.0,1.0,1.0,0.5215,1.0,209.0,1.0,1.0
5a74c85055429916b0164218,ace_focused_224,ace,focused,0.0,0.0,0.0,0.1697,0.5,218.0,0.5,0.0
5ac288a95542990b17b153e5,ace_focused_224,ace,focused,0.0,0.0,0.0,0.1005,0.5,209.0,0.5,0.0
5ab2123155429970612095b9,ace_focused_224,ace,focused,0.0,0.4,1.0,0.3853,0.5,218.0,0.5,0.0
5a82edae55429966c78a6a9f,ace_focused_224,ace,focused,1.0,1.0,1.0,0.3981,1.0,206.0,1.0,1.0
5ae22b8d554299234fd0440f,ace_focused_224,ace,focused,0.0,0.0,1.0,0.5213,1.0,211.0,1.0,1.0
5adbda2755429944faac2385,ace_focused_224,ace,focused,1.0,1.0,1.0,0.2963,1.0,216.0,1.0,1.0
5ae1d1a55542997f29b3c138,ace_focused_224,ace,focused,0.0,0.8889,1.0,0.4206,1.0,214.0,1.0,1.0
5ac3a2f35542993915413856,ace_focused_224,ace,focused,0.0,0.4,1.0,0.4045,1.0,220.0,1.0,1.0
5a7647b85542992d0ec0608a,ace_focused_224,ace,focused,1.0,1.0,1.0,0.5482,1.0,197.0,1.0,1.0
5ac49a1c5542996feb3fe905,ace_focused_224,ace,focused,0.0,0.0,0.0,0.4223,0.5,206.0,0.5,0.0
5ae60484554299546bf8301a,ace_focused_224,ace,focused,0.0,0.0,0.0,0.1847,0.5,222.0,0.5,0.0
5a84cf175542992a431d1aa2,ace_focused_224,ace,focused,0.0,0.0,1.0,0.2283,1.0,219.0,1.0,1.0
5a81b2505542995ce29dcc32,ace_focused_224,ace,focused,1.0,1.0,1.0,0.5953,1.0,215.0,1.0,1.0
5ab568af554299494045efaf,ace_focused_224,ace,focused,1.0,1.0,1.0,0.5089,1.0,224.0,1.0,1.0
5a8f7a135542992414482adc,ace_focused_224,ace,focused,0.0,0.0,0.0,0.346,0.5,211.0,0.5,0.0
5ab2be71554299166977408c,ace_focused_224,ace,focused,0.0,0.0,1.0,0.6699,1.0,209.0,1.0,1.0
5ae537e45542990ba0bbb235,ace_focused_224,ace,focused,1.0,1.0,1.0,0.599,1.0,202.0,1.0,1.0
5ac2546a554299636651997b,ace_focused_224,ace,focused,0.0,0.0,1.0,0.0849,0.5,212.0,1.0,1.0
5ae356045542990afbd1e10d,ace_focused_224,ace,focused,0.0,0.0,1.0,0.1651,0.5,218.0,0.5,0.0
5ae1e6d95542997283cd22c3,ace_focused_224,ace,focused,0.0,0.5714,1.0,0.3684,0.5,209.0,0.5,0.0
5a8b8f5b55429949d91db5e1,ace_focused_224,ace,focused,0.0,0.0,1.0,0.2897,1.0,214.0,1.0,1.0
5ab3460055429976abd1bc80,ace_focused_224,ace,focused,1.0,1.0,1.0,0.2843,1.0,204.0,1.0,1.0
5a7d2afb554299452d57bb41,ace_focused_224,ace,focused,1.0,1.0,1.0,0.3964,1.0,222.0,1.0,1.0
5adea95055429939a52fe931,ace_focused_224,ace,focused,0.0,0.6667,1.0,0.5,1.0,224.0,1.0,1.0
5ab7d33d5542992aa3b8c859,ace_focused_224,ace,focused,0.0,0.4,0.0,0.552,1.0,221.0,1.0,1.0
5a893f305542993b751ca91e,ace_focused_224,ace,focused,0.0,0.0,1.0,0.2192,1.0,219.0,1.0,1.0
5adea83b55429975fa854f53,ace_focused_224,ace,focused,0.0,0.0,1.0,0.0679,0.5,221.0,0.5,0.0
5ae1d32a554299492dc91b9c,ace_focused_224,ace,focused,1.0,1.0,1.0,0.2511,0.5,219.0,0.5,0.0
5a82accd55429966c78a6a78,ace_focused_224,ace,focused,0.0,0.0,0.0,0.1691,0.5,207.0,0.5,0.0
5a90ba1b55429933b8a205c6,ace_focused_224,ace,focused,1.0,1.0,1.0,0.5766,1.0,222.0,1.0,1.0
5adcb6875542994ed6169bcb,ace_focused_224,ace,focused,0.0,0.0,1.0,0.422,1.0,218.0,1.0,1.0
5a7f95685542995d8a8ddeaa,ace_focused_224,ace,focused,1.0,1.0,1.0,0.5204,1.0,196.0,1.0,1.0
5a78b386554299148911f949,ace_focused_224,ace,focused,0.0,0.0,0.0,0.1606,0.5,218.0,0.5,0.0
5a8c781c554299653c1aa083,ace_focused_224,ace,focused,0.0,0.2857,1.0,0.3378,1.0,222.0,1.0,1.0
5a80ae105542992bc0c4a7a2,ace_focused_224,ace,focused,0.0,0.0,1.0,0.2383,1.0,214.0,1.0,1.0
5a84992e5542992a431d1a6d,ace_focused_224,ace,focused,1.0,1.0,1.0,0.3192,1.0,213.0,1.0,1.0
5a8f2cc855429918e830d1be,ace_focused_224,ace,focused,0.0,0.0,0.0,0.0904,0.5,177.0,0.5,0.0
5a8841ee5542994846c1ce6b,ace_focused_224,ace,focused,0.0,0.0,1.0,0.5516,1.0,223.0,1.0,1.0
5adf85e05542993344016cba,ace_focused_224,ace,focused,0.0,0.0,1.0,0.3532,1.0,218.0,1.0,1.0
5a77415b55429966f1a36cd2,ace_focused_224,ace,focused,0.0,0.8,1.0,0.2269,1.0,216.0,1.0,1.0
5a72fc865542991f9a20c5e9,ace_focused_224,ace,focused,1.0,1.0,1.0,0.6422,1.0,204.0,1.0,1.0
5ac4e13f554299076e296e2d,ace_focused_224,ace,focused,1.0,1.0,1.0,0.4395,1.0,223.0,1.0,1.0
5a7796e05542992a6e59df0f,ace_focused_224,ace,focused,1.0,1.0,1.0,0.7524,1.0,210.0,1.0,1.0
5ae3eabc5542995dadf2424f,ace_focused_224,ace,focused,1.0,1.0,1.0,0.522,1.0,205.0,1.0,1.0
5ae3c71f5542991a06ce9a22,ace_focused_224,ace,focused,0.0,0.6667,1.0,0.6039,1.0,207.0,1.0,1.0
5ae25d2b554299495565da46,ace_focused_224,ace,focused,0.0,0.0,1.0,0.5046,1.0,216.0,1.0,1.0
5ab8179f5542990e739ec817,ace_focused_224,ace,focused,1.0,1.0,1.0,0.3661,1.0,224.0,1.0,1.0
5adc411f5542994650320cbc,ace_focused_224,ace,focused,0.0,0.0,1.0,0.4273,1.0,220.0,1.0,1.0
5aba6f3e55429955dce3ee21,ace_focused_224,ace,focused,1.0,1.0,1.0,0.3831,1.0,201.0,1.0,1.0
5add2dae5542992c1e3a2558,ace_focused_224,ace,focused,0.0,0.0,1.0,0.4645,1.0,211.0,1.0,1.0
5ae14b0655429920d52343a6,ace_focused_224,ace,focused,0.0,0.5,1.0,0.5045,1.0,224.0,1.0,1.0
5a730a6b5542992359bc3210,ace_focused_224,ace,focused,0.0,0.0,1.0,0.2823,1.0,209.0,1.0,1.0
5a75fa14554299109176e5dc,ace_focused_224,ace,focused,0.0,0.2222,0.0,0.588,1.0,216.0,1.0,1.0
5ac35a7e554299741d48a257,ace_focused_224,ace,focused,0.0,0.0,1.0,0.0955,0.5,220.0,0.5,0.0
5a8651185542994775f60752,ace_focused_224,ace,focused,0.0,0.0,0.0,0.2431,1.0,218.0,1.0,1.0
5a79fe3b5542994f819ef119,ace_focused_224,ace,focused,1.0,1.0,1.0,0.3381,1.0,210.0,1.0,1.0
5a8268215542995ce29dccfb,ace_focused_224,ace,focused,1.0,1.0,1.0,0.5681,1.0,213.0,1.0,1.0
5a7605f85542994ccc91868d,ace_focused_224,ace,focused,1.0,1.0,1.0,0.5473,1.0,201.0,1.0,1.0
5adf74075542992d7e9f937c,ace_focused_224,ace,focused,1.0,1.0,1.0,0.4954,1.0,218.0,1.0,1.0
5abe2b0155429976d4830a83,ace_focused_224,ace,focused,0.0,0.0,0.0,0.5023,1.0,215.0,1.0,1.0
5a849c1b5542997175ce1ef9,ace_focused_224,ace,focused,0.0,0.6667,1.0,0.2289,1.0,201.0,1.0,1.0
5a81108855429926c1cdace2,ace_focused_224,ace,focused,0.0,0.0,0.0,0.2186,0.5,215.0,0.5,0.0
5a8e06785542995085b37383,ace_focused_224,ace,focused,1.0,1.0,1.0,0.5,1.0,202.0,1.0,1.0
5adbfa38554299438c868d00,ace_focused_224,ace,focused,0.0,0.6667,1.0,0.3364,1.0,214.0,1.0,1.0
5a73b1855542992d56e7e388,ace_focused_224,ace,focused,1.0,1.0,1.0,0.5114,1.0,219.0,1.0,1.0
5ab94fa25542996be2020474,ace_focused_224,ace,focused,0.0,0.0,0.0,0.3125,0.5,224.0,1.0,1.0
5a7e7d4655429934daa2fc2e,ace_focused_224,ace,focused,0.0,0.0,1.0,0.6165,1.0,206.0,1.0,1.0
5a75d9c05542992db94736f6,ace_focused_224,ace,focused,0.0,0.0,0.0,0.1932,0.5,207.0,0.5,0.0
5adf33965542993344016c20,ace_focused_224,ace,focused,1.0,1.0,1.0,0.2719,0.5,217.0,1.0,1.0
5a8f979255429918e830d288,ace_focused_224,ace,focused,0.0,0.3333,0.0,0.0,0.0,218.0,0.0,0.0
5a8a17685542993b751ca9f3,ace_focused_224,ace,focused,1.0,1.0,1.0,0.3303,1.0,218.0,1.0,1.0
5abd56355542993062266c58,ace_focused_224,ace,focused,0.0,0.0,1.0,0.7265,1.0,223.0,1.0,1.0
5ab91f98554299753720f70d,ace_focused_224,ace,focused,0.0,0.0,1.0,0.4048,1.0,210.0,1.0,1.0
5a811152554299260e20a22e,ace_focused_224,ace,focused,0.0,0.8,1.0,0.2568,1.0,222.0,1.0,1.0
5a7a1f795542996c55b2dd1b,ace_focused_224,ace,focused,0.0,0.0,1.0,0.4305,1.0,223.0,1.0,1.0
5a7324e055429901807daf8f,ace_focused_224,ace,focused,0.0,0.8,0.0,0.446,1.0,213.0,1.0,1.0
5ab9618f554299743d22eb28,ace_focused_224,ace,focused,0.0,0.8,0.0,0.5324,1.0,216.0,1.0,1.0
5abffafe5542997d64295988,ace_focused_224,ace,focused,0.0,0.8,1.0,0.2196,0.5,214.0,0.5,0.0
5a8cee9b554299441c6b9f87,ace_focused_224,ace,focused,0.0,0.0,1.0,0.5928,1.0,221.0,1.0,1.0
5a7270395542992359bc30a8,ace_focused_224,ace,focused,0.0,0.0,0.0,0.3814,0.5,215.0,0.5,0.0
5ac14d0c5542991316484ae2,ace_focused_224,ace,focused,1.0,1.0,1.0,0.4266,1.0,218.0,1.0,1.0
5a75a76b5542992db9473697,ace_focused_224,ace,focused,0.0,0.0,1.0,0.4414,1.0,222.0,1.0,1.0
5ab55455554299488d4d993b,ace_focused_224,ace,focused,0.0,0.0,0.0,0.4211,0.5,209.0,1.0,1.0
5a7f48e15542992e7d278ce6,ace_focused_224,ace,focused,0.0,0.0,0.0,0.3571,0.5,224.0,0.5,0.0
5ab7f0995542995dae37e9fb,ace_focused_224,ace,focused,1.0,1.0,0.0,0.4593,1.0,209.0,1.0,1.0
5aba89fb5542994dbf019933,ace_focused_224,ace,focused,0.0,0.5714,1.0,0.4928,1.0,209.0,1.0,1.0
5a7621bb554299109176e650,ace_focused_224,ace,focused,1.0,1.0,1.0,0.5234,1.0,214.0,1.0,1.0
5a70f0e75542994082a3e408,ace_focused_224,ace,focused,0.0,0.0,1.0,0.4864,1.0,220.0,1.0,1.0
5a773ec45542994aec3b7245,ace_focused_224,ace,focused,1.0,1.0,1.0,0.565,1.0,223.0,1.0,1.0
5a802b595542995d8a8ddf51,ace_focused_224,ace,focused,1.0,1.0,1.0,0.215,0.5,214.0,0.5,0.0
5a8de7c65542995085b37353,ace_focused_224,ace,focused,1.0,1.0,1.0,0.4493,1.0,207.0,1.0,1.0
5ab5b6c1554299637185c5e5,ace_focused_224,ace,focused,1.0,1.0,1.0,0.4358,1.0,218.0,1.0,1.0
5abb8e2d554299642a094aa4,ace_focused_224,ace,focused,1.0,1.0,1.0,0.3915,1.0,212.0,1.0,1.0
5a7642f7554299109176e6e8,ace_focused_224,ace,focused,1.0,1.0,1.0,0.3439,1.0,221.0,1.0,1.0
5a756b175542996c70cfaef7,ace_focused_224,ace,focused,1.0,1.0,1.0,0.4537,1.0,216.0,1.0,1.0
5a83161555429940e5e1a958,ace_focused_224,ace,focused,0.0,0.0,1.0,0.4516,1.0,217.0,1.0,1.0
5ab3eac5554299753aec59ec,ace_focused_224,ace,focused,0.0,0.0,0.0,0.6332,0.5,199.0,1.0,1.0
5a73090455429901807daf6e,ace_focused_224,ace,focused,1.0,1.0,1.0,0.4545,1.0,209.0,1.0,1.0
5a8c8502554299585d9e36d0,ace_focused_224,ace,focused,0.0,0.0,1.0,0.6393,1.0,219.0,1.0,1.0
5a7d598d5542995f4f402262,ace_focused_224,ace,focused,1.0,1.0,1.0,0.2398,1.0,221.0,1.0,1.0
5a77f4755542992a6e59e01f,ace_focused_224,ace,focused,1.0,1.0,1.0,0.4251,1.0,207.0,1.0,1.0
5abcf14f55429959677d6b5b,ace_focused_224,ace,focused,0.0,0.4444,1.0,0.4355,1.0,186.0,1.0,1.0
5a8d8eb5554299068b959d3a,ace_focused_224,ace,focused,1.0,1.0,0.0,0.3886,0.5,211.0,1.0,1.0
5a7e7ed05542991319bc94c2,ace_focused_224,ace,focused,0.0,0.2222,1.0,0.3722,1.0,223.0,1.0,1.0
5ae236445542992decbdcc69,ace_focused_224,ace,focused,0.0,0.4,0.0,0.5225,1.0,222.0,1.0,1.0
5a750de95542993748c897ac,ace_focused_224,ace,focused,0.0,0.3333,0.0,0.3524,1.0,210.0,1.0,1.0
5a7fc03d5542992097ad2fbc,ace_focused_224,ace,focused,0.0,0.0,1.0,0.6712,1.0,219.0,1.0,1.0
5a7172105542994082a3e837,ace_focused_224,ace,focused,1.0,1.0,1.0,0.3538,1.0,212.0,1.0,1.0
5a847edd554299123d8c2272,ace_focused_224,ace,focused,0.0,0.0,0.0,0.4258,1.0,209.0,1.0,1.0
5ab761d955429928e1fe3856,ace_focused_224,ace,focused,1.0,1.0,1.0,0.2545,1.0,224.0,1.0,1.0
5a7a2dac5542990198eaf0b6,ace_focused_224,ace,focused,0.0,0.0,1.0,0.6667,1.0,216.0,1.0,1.0
5ae530e355429908b6326561,ace_focused_224,ace,focused,0.0,0.0,0.0,0.2703,0.5,222.0,0.5,0.0
5abcff225542993a06baf9ea,ace_focused_224,ace,focused,1.0,1.0,1.0,0.2804,1.0,214.0,1.0,1.0
5abe9f7d5542997ec76fd331,ace_focused_224,ace,focused,0.0,0.0,0.0,0.2271,0.5,207.0,0.5,0.0
5a8db42f5542994ba4e3dd11,ace_focused_224,ace,focused,1.0,1.0,1.0,0.2108,1.0,185.0,1.0,1.0
5ae658855542992ae0d162e3,ace_focused_224,ace,focused,0.0,0.0,1.0,0.2703,0.5,222.0,0.5,0.0
5a8c6d4e5542996e8ac88aa6,ace_focused_224,ace,focused,0.0,0.0,1.0,0.3614,1.0,202.0,1.0,1.0
5aba65a055429939ce03dcd2,ace_focused_224,ace,focused,0.0,0.5,1.0,0.7371,1.0,213.0,1.0,1.0
5ae199305542997b2ef7d20e,ace_focused_224,ace,focused,0.0,0.0,0.0,0.1883,0.5,223.0,0.5,0.0
5a806aca5542996402f6a503,ace_focused_224,ace,focused,0.0,0.5,1.0,0.4233,0.5,215.0,0.5,0.0
5ae336495542990afbd1e0e1,ace_focused_224,ace,focused,1.0,1.0,1.0,0.576,1.0,217.0,1.0,1.0
5a8198565542995ce29dcc13,ace_focused_224,ace,focused,1.0,1.0,0.0,0.5571,1.0,219.0,1.0,1.0
5a9068075542990a9849361a,ace_focused_224,ace,focused,0.0,0.0,1.0,0.6788,1.0,193.0,1.0,1.0
5a7a2be25542996a35c17118,ace_focused_224,ace,focused,0.0,0.0,1.0,0.4417,1.0,206.0,1.0,1.0
5a7562045542992db947364f,ace_focused_224,ace,focused,0.0,0.2857,1.0,0.4676,1.0,216.0,1.0,1.0
5ac2a55b55429921a00ab018,ace_focused_224,ace,focused,0.0,0.5,1.0,0.5907,1.0,215.0,1.0,1.0
5abccf6755429965836004ab,ace_focused_224,ace,focused,0.0,0.5,1.0,0.3482,1.0,224.0,1.0,1.0
5a7c8ae855429935c91b5207,ace_focused_224,ace,focused,0.0,0.8,1.0,0.5352,1.0,213.0,1.0,1.0
5ab30ebf554299753aec592c,ace_focused_224,ace,focused,0.0,0.0,1.0,0.2611,0.5,203.0,0.5,0.0
5ab2b95c5542991669774072,ace_focused_224,ace,focused,1.0,1.0,1.0,0.4842,1.0,221.0,1.0,1.0
5ac2a10e554299657fa28fec,ace_focused_224,ace,focused,1.0,1.0,1.0,0.346,1.0,211.0,1.0,1.0
5abb02fe554299232ef4a39f,ace_focused_224,ace,focused,1.0,1.0,1.0,0.6049,1.0,205.0,1.0,1.0
5a8eb4d65542990e94052b82,ace_focused_224,ace,focused,1.0,1.0,1.0,0.3143,1.0,210.0,1.0,1.0
5a8ba60b554299240d9c205b,ace_focused_224,ace,focused,1.0,1.0,1.0,0.6,1.0,220.0,1.0,1.0
5a807ca5554299485f598613,ace_focused_224,ace,focused,0.0,0.0,0.0,0.2427,0.5,206.0,1.0,1.0
5a7c0dab5542997c3ec972d2,ace_focused_224,ace,focused,0.0,0.0,1.0,0.3105,1.0,219.0,1.0,1.0
5a89019a5542995153361259,ace_focused_224,ace,focused,0.0,0.0,1.0,0.4439,0.5,223.0,0.5,0.0
5a7f00b455429930675135f1,ace_focused_224,ace,focused,1.0,1.0,1.0,0.42,1.0,200.0,1.0,1.0
5a8220db5542995ce29dccc1,ace_focused_224,ace,focused,1.0,1.0,1.0,0.4101,1.0,217.0,1.0,1.0
5ab510cb5542996a3a96a00f,ace_focused_224,ace,focused,0.0,0.0,0.0,0.6239,1.0,218.0,1.0,1.0
5a80a25d5542995d8a8ddfb7,ace_focused_224,ace,focused,0.0,0.0,0.0,0.2823,0.5,209.0,0.5,0.0
5adf5cd25542992d7e9f9320,ace_focused_224,ace,focused,0.0,0.0,1.0,0.1934,0.5,212.0,0.5,0.0
5a75ebfc5542992d0ec06018,ace_focused_224,ace,focused,1.0,1.0,1.0,0.5072,1.0,207.0,1.0,1.0
5ab29caa554299545a2cf9d3,ace_focused_224,ace,focused,1.0,1.0,1.0,0.4227,1.0,220.0,1.0,1.0
5ae0536755429924de1b70a6,ace_focused_224,ace,focused,0.0,0.0,0.0,0.1991,1.0,221.0,1.0,1.0
5ae17a9b5542990adbacf7a2,ace_focused_224,ace,focused,0.0,0.0,0.0,0.3272,1.0,217.0,1.0,1.0
5a8f503c5542992414482a34,ace_focused_224,ace,focused,0.0,0.0,0.0,0.1345,0.5,223.0,0.5,0.0
5ae0159855429925eb1afc09,ace_focused_224,ace,focused,1.0,1.0,1.0,0.476,1.0,208.0,1.0,1.0
5a8b2f2b5542995d1e6f12fa,ace_focused_224,ace,focused,0.0,0.0,1.0,0.2,1.0,200.0,1.0,1.0
5a90386455429916514e7435,ace_focused_224,ace,focused,0.0,0.0,1.0,0.3316,1.0,196.0,1.0,1.0
5ab43179554299233955004d,ace_focused_224,ace,focused,0.0,0.0,0.0,0.1626,0.5,203.0,0.5,0.0
5a8b42be55429949d91db515,ace_focused_224,ace,focused,0.0,0.0,1.0,0.4667,1.0,195.0,1.0,1.0
5a8d6d4e554299441c6b9fdb,ace_focused_224,ace,focused,1.0,1.0,1.0,0.3941,1.0,203.0,1.0,1.0
5ae40a2955429970de88d8a3,ace_focused_224,ace,focused,0.0,0.0,0.0,0.095,0.5,221.0,0.5,0.0
5adcfebe5542992c1e3a24f3,ace_focused_224,ace,focused,0.0,0.0,0.0,0.2018,0.5,223.0,1.0,1.0
5ab5a3fb5542997d4ad1f19b,ace_focused_224,ace,focused,0.0,0.8,0.0,0.6484,1.0,219.0,1.0,1.0
5ac2ffbd554299677310267b,ace_focused_224,ace,focused,0.0,0.5,1.0,0.4223,1.0,206.0,1.0,1.0
5a7133fa5542994082a3e660,ace_focused_224,ace,focused,1.0,1.0,1.0,0.7342,1.0,222.0,1.0,1.0
5abea7c25542990832d3a068,ace_focused_224,ace,focused,1.0,1.0,1.0,0.4866,1.0,224.0,1.0,1.0
5a8a09765542992d82986e67,ace_focused_224,ace,focused,0.0,0.8,0.0,0.7523,1.0,222.0,1.0,1.0
5a72a51355429901807daf21,ace_focused_224,ace,focused,0.0,0.5,0.0,0.0896,0.5,212.0,0.5,0.0
5aba72d75542994dbf019912,ace_focused_224,ace,focused,1.0,1.0,1.0,0.4977,1.0,219.0,1.0,1.0
5adcd9fe5542990d50227d46,ace_focused_224,ace,focused,0.0,0.0,1.0,0.4932,1.0,221.0,1.0,1.0
5ae5c212554299546bf82f4b,ace_focused_224,ace,focused,1.0,1.0,1.0,0.2453,1.0,212.0,1.0,1.0
5a7320565542991f9a20c61d,ace_focused_224,ace,focused,0.0,0.0,1.0,0.5766,1.0,222.0,1.0,1.0
5add596f5542990dbb2f7e4d,ace_focused_224,ace,focused,0.0,0.0,0.0,0.3925,0.5,214.0,0.5,0.0
5adfb60655429942ec259b08,ace_focused_224,ace,focused,0.0,0.3333,0.0,0.2227,0.5,220.0,0.5,0.0
5a74adb455429916b01641c6,ace_focused_224,ace,focused,1.0,1.0,1.0,0.4815,1.0,216.0,1.0,1.0
5ae27df25542992decbdcd2a,ace_focused_224,ace,focused,0.0,0.0,0.0,0.2857,1.0,224.0,1.0,1.0
5a8baf4b5542996e8ac889c5,ace_focused_224,ace,focused,1.0,1.0,1.0,0.1757,1.0,222.0,1.0,1.0
5ae352285542994393b9e685,ace_focused_224,ace,focused,0.0,0.0,1.0,0.3598,1.0,164.0,1.0,1.0
5a8e0a005542995085b373a1,ace_focused_224,ace,focused,0.0,0.0,0.0,0.1502,0.5,213.0,0.5,0.0
5ab639e65542995eadeeff7f,ace_focused_224,ace,focused,0.0,0.8,0.0,0.3303,1.0,221.0,1.0,1.0
5ade99295542992fa25da7d8,ace_focused_224,ace,focused,0.0,0.0,1.0,0.4091,0.5,198.0,1.0,1.0
5ac26b7f55429951e9e685ae,ace_focused_224,ace,focused,0.0,0.0,1.0,0.1963,0.5,219.0,0.5,0.0
5ae351405542994393b9e67f,ace_focused_224,ace,focused,0.0,0.0,1.0,0.433,1.0,224.0,1.0,1.0
5a7f6f4b5542994857a76740,ace_focused_224,ace,focused,0.0,0.5,1.0,0.3665,1.0,221.0,1.0,1.0
5a81346055429926c1cdad13,ace_focused_224,ace,focused,0.0,0.1818,1.0,0.4128,1.0,218.0,1.0,1.0
5a716f575542994082a3e82f,ace_focused_224,ace,focused,0.0,0.8,1.0,0.463,1.0,216.0,1.0,1.0
5a812d0555429938b61422e1,ace_focused_224,ace,focused,1.0,1.0,1.0,0.8009,1.0,221.0,1.0,1.0
5a826d2f5542995ce29dcd05,ace_focused_224,ace,focused,0.0,0.0,0.0,0.341,0.5,217.0,1.0,1.0
5ab67c3f55429954757d32f9,ace_focused_224,ace,focused,1.0,1.0,0.0,0.435,1.0,223.0,1.0,1.0
5ae20e265542994d89d5b325,ace_focused_224,ace,focused,0.0,0.0,0.0,0.0,0.0,210.0,0.0,0.0
5ae7eed8554299540e5a56b5,ace_focused_224,ace,focused,0.0,0.6667,1.0,0.5402,1.0,224.0,1.0,1.0
5a7555215542996c70cfaee1,ace_focused_224,ace,focused,1.0,1.0,1.0,0.1719,1.0,221.0,1.0,1.0
5ab9b29c554299743d22ebae,ace_focused_224,ace,focused,1.0,1.0,1.0,0.6577,1.0,222.0,1.0,1.0
5ae2c696554299495565db32,ace_focused_224,ace,focused,0.0,0.8333,1.0,0.6425,1.0,221.0,1.0,1.0
5a832f9d5542993344745fe4,ace_focused_224,ace,focused,0.0,0.0,0.0,0.0,0.0,222.0,0.5,0.0
5a79e3925542994bb9457130,ace_focused_224,ace,focused,0.0,0.6667,1.0,0.5,1.0,212.0,1.0,1.0
5ae713af554299572ea546bb,ace_focused_224,ace,focused,0.0,0.0,1.0,0.5116,1.0,215.0,1.0,1.0
5ade450b5542997c77adedc5,ace_focused_224,ace,focused,0.0,0.9565,1.0,0.5459,1.0,218.0,1.0,1.0
5ab3cecd5542992ade7c6eae,ace_focused_224,ace,focused,0.0,0.0,0.0,0.3964,1.0,222.0,1.0,1.0
5ae4be5c5542995ad6573e3a,ace_focused_224,ace,focused,0.0,0.0,1.0,0.2899,0.5,207.0,0.5,0.0
5a8d5ec2554299585d9e37c4,ace_focused_224,ace,focused,0.0,0.0,0.0,0.5,1.0,210.0,1.0,1.0
5ae765185542995703ce8c0f,ace_focused_224,ace,focused,0.0,0.0,1.0,0.6422,1.0,218.0,1.0,1.0
5ab2c6a955429916697740c2,ace_focused_224,ace,focused,0.0,0.0,1.0,0.4279,1.0,208.0,1.0,1.0
5ab6369655429953192ad2a1,ace_focused_224,ace,focused,1.0,1.0,1.0,0.4643,1.0,224.0,1.0,1.0
5a7b220855429931da12c9e5,ace_focused_224,ace,focused,1.0,1.0,1.0,0.6323,1.0,223.0,1.0,1.0
5a81d92f554299676cceb0f9,ace_focused_224,ace,focused,0.0,0.0,1.0,0.3208,0.5,212.0,1.0,1.0
5a7b735c5542997c3ec9718a,ace_focused_224,ace,focused,1.0,1.0,1.0,0.5625,1.0,224.0,1.0,1.0
5a724a2b5542990c210a40bc,ace_focused_224,ace,focused,0.0,0.6667,1.0,0.1274,0.5,212.0,0.5,0.0
5ae5db98554299546bf82fa6,ace_focused_224,ace,focused,1.0,1.0,1.0,0.5164,1.0,213.0,1.0,1.0
5a7344e95542991f9a20c6ce,ace_focused_224,ace,focused,0.0,0.0,0.0,0.2048,0.5,210.0,0.5,0.0
5ab6dbc15542995eadef00cd,ace_focused_224,ace,focused,0.0,0.5,1.0,0.4775,1.0,222.0,1.0,1.0
5a88016b5542997e5c09a58a,ace_focused_224,ace,focused,0.0,0.0,1.0,0.4194,1.0,217.0,1.0,1.0
5ab5e024554299494045f097,ace_focused_224,ace,focused,0.0,0.0,0.0,0.4688,1.0,224.0,1.0,1.0
5ac44629554299194317395d,ace_focused_224,ace,focused,0.0,0.0,0.0,0.6435,0.5,216.0,0.5,0.0
5a7afdc85542992d025e672e,ace_focused_224,ace,focused,0.0,0.0,0.0,0.3301,0.5,206.0,0.5,0.0
5ae834e95542997ec272776a,ace_focused_224,ace,focused,1.0,1.0,1.0,0.5505,1.0,218.0,1.0,1.0
5abbdb335542992ccd8e7fc1,ace_focused_224,ace,focused,0.0,0.0,0.0,0.2794,1.0,204.0,1.0,1.0
5a79c9cc554299148911fa53,ace_focused_224,ace,focused,1.0,1.0,1.0,0.1562,0.5,224.0,0.5,0.0
5ac38c0755429939154137bb,ace_focused_224,ace,focused,0.0,0.0,0.0,0.2435,0.5,193.0,1.0,1.0
5a8b7cb95542995d1e6f13bb,ace_focused_224,ace,focused,0.0,0.0,0.0,0.0,0.0,224.0,0.0,0.0
5addfdfa5542997dc790710b,ace_focused_224,ace,focused,0.0,0.0,0.0,0.2956,0.5,203.0,1.0,1.0
5a88d745554299206df2b378,ace_focused_224,ace,focused,1.0,1.0,1.0,0.5756,1.0,205.0,1.0,1.0
5ae6940e5542991bbc97613f,ace_focused_224,ace,focused,0.0,0.6667,1.0,0.3143,1.0,175.0,1.0,1.0
5abe3abb55429965af743ea1,ace_focused_224,ace,focused,0.0,0.5,0.0,0.3077,0.5,195.0,0.5,0.0
5a8ba9d255429971feec4759,ace_focused_224,ace,focused,0.0,0.0,1.0,0.6239,1.0,218.0,1.0,1.0
5ab2b6fb5542992953946848,ace_focused_224,ace,focused,1.0,1.0,1.0,0.4717,1.0,212.0,1.0,1.0
5adfd2f255429925eb1afaa5,ace_focused_224,ace,focused,0.0,0.0,0.0,0.1667,0.5,204.0,0.5,0.0
5a7a33a35542994f819ef14c,ace_focused_224,ace,focused,0.0,0.0,1.0,0.4811,1.0,212.0,1.0,1.0
5a8ba07d5542996e8ac88985,ace_focused_224,ace,focused,0.0,0.0,1.0,0.275,0.5,200.0,0.5,0.0
5ab8f57b5542991b5579f097,ace_focused_224,ace,focused,0.0,0.0,0.0,0.0868,0.5,219.0,0.5,0.0
5abfb3425542990832d3a1c0,ace_focused_224,ace,focused,1.0,1.0,1.0,0.2156,0.5,218.0,0.5,0.0
5ab5ac345542992aa134a37f,ace_focused_224,ace,focused,0.0,0.5556,1.0,0.5274,1.0,201.0,1.0,1.0
5a8e63d65542995085b37421,ace_focused_224,ace,focused,1.0,1.0,0.0,0.2909,1.0,220.0,1.0,1.0
5a89706055429951533612f9,ace_focused_224,ace,focused,0.0,0.0,1.0,0.4562,1.0,217.0,1.0,1.0
5a8e612b5542995085b3741b,ace_focused_224,ace,focused,0.0,0.0,1.0,0.3673,1.0,196.0,1.0,1.0
5a738fb4554299623ed4abf9,ace_focused_224,ace,focused,1.0,1.0,1.0,0.375,1.0,224.0,1.0,1.0
5a8bc29a5542995d1e6f1446,ace_focused_224,ace,focused,0.0,0.0,0.0,0.3077,0.5,208.0,0.5,0.0
5abfe2a15542997d6429591c,ace_focused_224,ace,focused,1.0,1.0,1.0,0.2523,1.0,214.0,1.0,1.0
5a868ca055429960ec39b6be,ace_focused_224,ace,focused,1.0,1.0,1.0,0.1826,0.5,219.0,0.5,0.0
5a820f2c55429926c1cdae17,ace_focused_224,ace,focused,0.0,0.0,0.0,0.5367,1.0,218.0,1.0,1.0
5ae5a4e5554299546bf82f01,ace_focused_224,ace,focused,0.0,0.75,1.0,0.447,1.0,217.0,1.0,1.0
5a8d0c74554299585d9e37a1,ace_focused_224,ace,focused,0.0,0.0,1.0,0.4955,1.0,220.0,1.0,1.0
5ab9d7e4554299232ef4a21f,ace_focused_224,ace,focused,0.0,0.0,1.0,0.6442,1.0,208.0,1.0,1.0
5a7148d25542994082a3e766,ace_focused_224,ace,focused,0.0,0.0,1.0,0.3395,1.0,215.0,1.0,1.0
5ae6233c5542992ae0d1623e,ace_focused_224,ace,focused,0.0,0.0,1.0,0.2377,0.5,223.0,1.0,1.0
5adff2aa554299603e4183d0,ace_focused_224,ace,focused,0.0,0.0,1.0,0.381,1.0,210.0,1.0,1.0
5ade7fa3554299728e26c727,ace_focused_224,ace,focused,0.0,0.0,0.0,0.476,1.0,208.0,1.0,1.0
5a8f38fa55429924144829f5,ace_focused_224,ace,focused,0.0,0.0,0.0,0.1429,0.5,224.0,0.5,0.0
5a8f51695542992414482a3e,ace_focused_224,ace,focused,0.0,0.0,0.0,0.1128,0.5,195.0,0.5,0.0
5a88db445542993b751ca88a,ace_focused_224,ace,focused,1.0,1.0,1.0,0.3971,1.0,204.0,1.0,1.0
5a7ef6b35542994959419a94,ace_focused_224,ace,focused,0.0,0.6667,1.0,0.3384,1.0,198.0,1.0,1.0
5a8e494e5542995a26add4c8,ace_focused_224,ace,focused,0.0,0.5,1.0,0.3148,1.0,216.0,1.0,1.0
5ab5d43f5542997d4ad1f1f6,ace_focused_224,ace,focused,0.0,0.0,1.0,0.7714,1.0,210.0,1.0,1.0
5a7905ca554299148911f9c8,ace_focused_224,ace,focused,0.0,0.0,0.0,0.1855,0.5,221.0,0.5,0.0
5ab30f9a554299233954fef2,ace_focused_224,ace,focused,0.0,0.0,1.0,0.5352,1.0,213.0,1.0,1.0
5ab3849a55429969a97a8170,ace_focused_224,ace,focused,1.0,1.0,1.0,0.1964,0.5,224.0,0.5,0.0
5a7bc5f255429927d897c03e,ace_focused_224,ace,focused,1.0,1.0,1.0,0.5701,1.0,221.0,1.0,1.0
5a7f22005542993067513657,ace_focused_224,ace,focused,1.0,1.0,1.0,0.4753,1.0,223.0,1.0,1.0
5ab925fd554299131ca42281,ace_focused_224,ace,focused,0.0,0.0,1.0,0.6909,1.0,220.0,1.0,1.0
5a76244c554299109176e65d,ace_focused_224,ace,focused,0.0,0.0,0.0,0.2513,0.5,195.0,0.5,0.0
5ab53bee554299637185c526,ace_focused_224,ace,focused,0.0,0.0,0.0,0.2264,0.5,212.0,0.5,0.0
5ab6aa4c55429953192ad359,ace_focused_224,ace,focused,0.0,0.0,0.0,0.3317,0.5,208.0,0.5,0.0
5abe832a55429965af743f29,ace_focused_224,ace,focused,0.0,0.3636,1.0,0.1875,0.5,224.0,0.5,0.0
5ab5b732554299494045f03c,ace_focused_224,ace,focused,1.0,1.0,1.0,0.5837,1.0,221.0,1.0,1.0
5adffb4655429925eb1afbbf,ace_focused_224,ace,focused,1.0,1.0,1.0,0.2411,0.5,224.0,0.5,0.0
5ae6d3345542996d980e7c85,ace_focused_224,ace,focused,0.0,0.0,1.0,0.338,1.0,216.0,1.0,1.0
5ab878ba55429916710eb06c,ace_focused_224,ace,focused,0.0,0.0,1.0,0.638,1.0,221.0,1.0,1.0
5a7509175542993748c897a3,ace_focused_224,ace,focused,1.0,1.0,1.0,0.3564,1.0,202.0,1.0,1.0
5a8ac38855429970aeb70300,ace_focused_224,ace,focused,1.0,1.0,1.0,0.4579,1.0,214.0,1.0,1.0
5a8bc03d5542996e8ac88a0b,ace_focused_224,ace,focused,0.0,0.0,1.0,0.2441,0.5,213.0,1.0,1.0
5ae4ad375542995dadf243a4,ace_focused_224,ace,focused,0.0,0.0,0.0,0.157,0.5,223.0,0.5,0.0
5a7da0de5542990b8f5039d7,ace_focused_224,ace,focused,0.0,0.4,1.0,0.4612,1.0,219.0,1.0,1.0
5a8af0a355429950cd6afc1c,ace_focused_224,ace,focused,0.0,0.0,1.0,0.4706,1.0,221.0,1.0,1.0
5a73522d5542994cef4bc541,ace_focused_224,ace,focused,0.0,0.0,1.0,0.3041,1.0,217.0,1.0,1.0
5ab3a83d5542992ade7c6e08,ace_focused_224,ace,focused,0.0,0.0,1.0,0.791,1.0,201.0,1.0,1.0
5ab84d5a55429916710eb028,ace_focused_224,ace,focused,0.0,0.0,1.0,0.4858,1.0,212.0,1.0,1.0
5a7f57a45542992097ad2f29,ace_focused_224,ace,focused,0.0,0.8,1.0,0.5112,1.0,223.0,1.0,1.0
5ae764a85542997b22f6a720,ace_focused_224,ace,focused,0.0,0.5,1.0,0.4292,1.0,219.0,1.0,1.0
5a7b1023554299042af8f6c2,ace_focused_224,ace,focused,1.0,1.0,1.0,0.3857,1.0,210.0,1.0,1.0
5a80707e5542992bc0c4a70e,ace_focused_224,ace,focused,0.0,0.1,1.0,0.5324,1.0,216.0,1.0,1.0
5a8e16a5554299068b959e58,ace_focused_224,ace,focused,1.0,1.0,1.0,0.6028,1.0,214.0,1.0,1.0
5a875cd65542996e4f30879d,ace_focused_224,ace,focused,1.0,1.0,1.0,0.4141,1.0,198.0,1.0,1.0
5a78d16455429974737f78bb,ace_focused_224,ace,focused,0.0,0.8,1.0,0.202,1.0,198.0,1.0,1.0
5a895f6155429946c8d6e914,ace_focused_224,ace,focused,0.0,0.5,0.0,0.0676,0.5,222.0,0.5,0.0
5a84f8555542997175ce1f3a,ace_focused_224,ace,focused,0.0,0.0,0.0,0.0,0.0,206.0,1.0,1.0
5ab31adc554299233954ff0a,ace_focused_224,ace,focused,0.0,0.0,0.0,0.3616,0.5,224.0,1.0,1.0
5ac3ba1855429939154138f3,ace_focused_224,ace,focused,0.0,0.0,0.0,0.2765,0.5,217.0,0.5,0.0
5a7380b955429908901be2d4,ace_focused_224,ace,focused,0.0,0.0,1.0,0.3204,1.0,206.0,1.0,1.0
5a8f92fb55429918e830d271,ace_focused_224,ace,focused,1.0,1.0,1.0,0.65,1.0,220.0,1.0,1.0
5a88082055429938390d3ed2,ace_focused_224,ace,focused,0.0,0.2857,1.0,0.4742,1.0,213.0,1.0,1.0
5a7d22dc5542995ed0d16600,ace_focused_224,ace,focused,1.0,1.0,1.0,0.4215,1.0,223.0,1.0,1.0
5ae291bb5542996483e649f6,ace_focused_224,ace,focused,0.0,0.0,1.0,0.2049,0.5,205.0,0.5,0.0
5abfde655542997719eab6f2,ace_focused_224,ace,focused,0.0,0.0,1.0,0.4375,1.0,208.0,1.0,1.0
5ae67fad5542991bbc976100,ace_focused_224,ace,focused,0.0,0.0,0.0,0.7907,0.5,215.0,0.5,0.0
5ab2a1f35542997061209677,ace_focused_224,ace,focused,0.0,0.8,0.0,0.2744,0.5,215.0,1.0,1.0
5a74ab6055429916b01641b9,ace_focused_224,ace,focused,1.0,1.0,1.0,0.191,0.5,199.0,0.5,0.0
5a8b97485542995d1e6f140f,ace_focused_224,ace,focused,0.0,0.0,1.0,0.5734,1.0,218.0,1.0,1.0
5adcdc6c5542992c1e3a2437,ace_focused_224,ace,focused,0.0,0.0,0.0,0.3077,0.5,221.0,0.5,0.0
5ae73ddb554299572ea5478d,ace_focused_224,ace,focused,1.0,1.0,1.0,0.2883,1.0,222.0,1.0,1.0
5ade618e554299728e26c700,ace_focused_224,ace,focused,0.0,0.0,1.0,0.4171,1.0,211.0,1.0,1.0
5a76404b5542994ccc91873d,ace_focused_224,ace,focused,1.0,1.0,1.0,0.4778,1.0,203.0,1.0,1.0
5ac44b47554299194317396c,ace_focused_224,ace,focused,0.0,0.1818,1.0,0.5588,1.0,204.0,1.0,1.0
5ac27afa5542990b17b153b5,ace_focused_224,ace,focused,0.0,0.0,0.0,0.3876,0.5,209.0,0.5,0.0
5ac2c4fe554299218029db3b,ace_focused_224,ace,focused,0.0,0.3333,1.0,0.553,1.0,217.0,1.0,1.0
5ae49b705542995ad6573dbc,ace_focused_224,ace,focused,0.0,0.25,1.0,0.2673,1.0,202.0,1.0,1.0
5ae5fc345542993aec5ec1f8,ace_focused_224,ace,focused,1.0,1.0,1.0,0.528,1.0,214.0,1.0,1.0
5a8d651955429941ae14dfaf,ace_focused_224,ace,focused,1.0,1.0,1.0,0.2864,1.0,220.0,1.0,1.0
5a839cb9554299123d8c2169,ace_focused_224,ace,focused,1.0,1.0,0.0,0.2883,0.5,222.0,0.5,0.0
5adbe1b355429944faac23a0,ace_focused_224,ace,focused,1.0,1.0,1.0,0.2703,0.5,222.0,0.5,0.0
5ac29cf8554299218029dac2,ace_focused_224,ace,focused,0.0,0.0,1.0,0.3045,0.5,220.0,0.5,0.0
5ae21ef35542994d89d5b35d,ace_focused_224,ace,focused,1.0,1.0,1.0,0.6138,1.0,189.0,1.0,1.0
5ae1ebf95542997283cd22f2,ace_focused_224,ace,focused,0.0,0.0,1.0,0.6513,1.0,195.0,1.0,1.0
5a8b98665542995d1e6f1413,ace_focused_224,ace,focused,1.0,1.0,1.0,0.2079,1.0,202.0,1.0,1.0
5ae3d67f5542992f92d8238f,ace_focused_224,ace,focused,0.0,0.0,0.0,0.1509,0.5,212.0,0.5,0.0
5a8cb4b2554299585d9e372a,ace_focused_224,ace,focused,0.0,0.0,1.0,0.2556,1.0,223.0,1.0,1.0
5ae30aa05542992decbdcdd7,ace_focused_224,ace,focused,0.0,0.0,1.0,0.3394,1.0,221.0,1.0,1.0
5adcaa7f5542990d50227cdb,ace_focused_224,ace,focused,0.0,0.0,0.0,0.5134,1.0,224.0,1.0,1.0
5a8d40715542994ba4e3dc3a,ace_focused_224,ace,focused,1.0,1.0,1.0,0.639,1.0,205.0,1.0,1.0
5ae4f2595542990ba0bbb1a8,ace_focused_224,ace,focused,1.0,1.0,1.0,0.5317,0.5,205.0,0.5,0.0
5ac507725542994611c8b32a,ace_focused_224,ace,focused,0.0,0.0,0.0,0.2111,0.5,199.0,0.5,0.0
5a8f5bb45542992414482a77,ace_focused_224,ace,focused,1.0,1.0,1.0,0.19,1.0,221.0,1.0,1.0
5ae1f2d4554299234fd04358,ace_focused_224,ace,focused,0.0,0.0,0.0,0.1351,0.5,222.0,0.5,0.0
5ae2fca555429928c423958a,ace_focused_224,ace,focused,0.0,0.0,0.0,0.1848,0.5,211.0,0.5,0.0
5adc0f8d55429947ff1738ef,ace_focused_224,ace,focused,1.0,1.0,1.0,0.4211,1.0,209.0,1.0,1.0
5add64065542995b365fab25,ace_focused_224,ace,focused,0.0,0.0,1.0,0.3558,1.0,208.0,1.0,1.0
5a7d26bd554299452d57bb28,ace_focused_224,ace,focused,0.0,0.0,1.0,0.3857,1.0,223.0,1.0,1.0
5abba581554299642a094af9,ace_focused_224,ace,focused,0.0,0.0,0.0,0.0591,0.5,220.0,0.5,0.0
5a7f89c75542994857a76775,ace_focused_224,ace,focused,0.0,0.0,0.0,0.3395,0.5,215.0,0.5,0.0
5ae531695542990ba0bbb1fb,ace_focused_224,ace,focused,0.0,0.0,0.0,0.4389,0.5,221.0,0.5,0.0
5a8d5f16554299585d9e37c5,ace_focused_224,ace,focused,1.0,1.0,1.0,0.4545,1.0,209.0,1.0,1.0
5ade1f1c55429939a52fe82d,ace_focused_224,ace,focused,1.0,1.0,1.0,0.3932,1.0,206.0,1.0,1.0
5a70f4c45542994082a3e437,ace_focused_224,ace,focused,1.0,1.0,1.0,0.5613,1.0,212.0,1.0,1.0
5a8a07af55429970aeb70222,ace_focused_224,ace,focused,0.0,0.3333,1.0,0.3575,1.0,221.0,1.0,1.0
5abd332e5542993062266bdd,ace_focused_224,ace,focused,0.0,0.0,0.0,0.0,0.0,217.0,0.0,0.0
5ae4869755429970de88d99a,ace_focused_224,ace,focused,0.0,0.0,1.0,0.4143,1.0,210.0,1.0,1.0
5a8d841955429941ae14dfe6,ace_focused_224,ace,focused,0.0,0.0,1.0,0.1521,0.5,217.0,1.0,1.0
5a87c0945542996e4f30890b,ace_focused_224,ace,focused,1.0,1.0,0.0,0.5421,1.0,214.0,1.0,1.0
5a8a9bc15542996c9b8d5f36,ace_focused_224,ace,focused,1.0,1.0,1.0,0.5023,1.0,215.0,1.0,1.0
5adc93a4554299438c868e01,ace_focused_224,ace,focused,0.0,0.0,0.0,0.4375,0.5,208.0,0.5,0.0
5ae564a155429960a22e02e4,ace_focused_224,ace,focused,0.0,0.4,1.0,0.3641,1.0,217.0,1.0,1.0
5ab56b9b5542997d4ad1f113,ace_focused_224,ace,focused,0.0,0.0,1.0,0.3521,1.0,213.0,1.0,1.0
5a74d9c555429929fddd84fb,ace_focused_224,ace,focused,1.0,1.0,1.0,0.4866,1.0,224.0,1.0,1.0
5a8af56855429950cd6afc2f,ace_focused_224,ace,focused,0.0,0.0,0.0,0.0968,0.5,217.0,0.5,0.0
5ab3c470554299233954ffa1,ace_focused_224,ace,focused,1.0,1.0,1.0,0.4481,1.0,212.0,1.0,1.0
5ae20c465542997283cd236a,ace_focused_224,ace,focused,0.0,0.0,0.0,0.2949,0.5,217.0,0.5,0.0
5ab5b701554299637185c5e7,ace_focused_224,ace,focused,0.0,0.0,0.0,0.2273,0.5,220.0,0.5,0.0
5ae829ea5542997ec2727738,ace_focused_224,ace,focused,0.0,0.3333,0.0,0.5417,0.5,144.0,0.5,0.0
5ac546975542993e66e8229a,ace_focused_224,ace,focused,1.0,1.0,1.0,0.4921,1.0,191.0,1.0,1.0
5a81a63c5542990a1d231e45,ace_focused_224,ace,focused,0.0,0.5,0.0,0.3812,0.5,223.0,1.0,1.0
5a72af155542992359bc316c,ace_focused_224,ace,focused,1.0,1.0,1.0,0.4773,1.0,220.0,1.0,1.0
5abd6f0855429933744ab7d5,ace_focused_224,ace,focused,0.0,0.0,0.0,0.3468,1.0,222.0,1.0,1.0
5adefcf15542995ec70e8f4c,ace_focused_224,ace,focused,0.0,0.0,1.0,0.6453,1.0,203.0,1.0,1.0
5ae15ae25542990adbacf767,ace_focused_224,ace,focused,1.0,1.0,1.0,0.4118,1.0,221.0,1.0,1.0
5abbf43d5542993f40c73c2f,ace_focused_224,ace,focused,1.0,1.0,1.0,0.5784,1.0,204.0,1.0,1.0
5a7ab1b055429927d897bef4,ace_focused_224,ace,focused,1.0,1.0,1.0,0.2311,1.0,212.0,1.0,1.0
5a7d2afd5542995f4f402221,ace_focused_224,ace,focused,1.0,1.0,1.0,0.5781,1.0,192.0,1.0,1.0
5a84c0765542991dd0999dd9,ace_focused_224,ace,focused,0.0,0.0,0.0,0.1613,0.5,217.0,0.5,0.0
5ae0bc185542993d6555ec29,ace_focused_224,ace,focused,0.0,0.0,0.0,0.3379,0.5,219.0,0.5,0.0
5a7cef5d55429909bec768ac,ace_focused_224,ace,focused,0.0,0.0,1.0,0.6018,1.0,221.0,1.0,1.0
5a899f4955429946c8d6e971,ace_focused_224,ace,focused,1.0,1.0,1.0,0.3288,0.5,222.0,0.5,0.0
5a8ed7b455429917b4a5bdd1,ace_focused_224,ace,focused,0.0,0.8,1.0,0.5392,1.0,204.0,1.0,1.0
5a835a265542992ef85e2281,ace_focused_224,ace,focused,0.0,0.5,1.0,0.5,1.0,210.0,1.0,1.0
5a8c52685542995e66a475bb,ace_focused_224,ace,focused,0.0,0.4,1.0,0.5682,1.0,220.0,1.0,1.0
5ab4e48655429942dd415f9c,ace_focused_224,ace,focused,0.0,0.0,0.0,0.181,0.5,221.0,0.5,0.0
5ae67dba55429908198fa5f0,ace_focused_224,ace,focused,0.0,0.0,1.0,0.3108,0.5,222.0,0.5,0.0
5ae13c5155429920d5234336,ace_focused_224,ace,focused,0.0,0.3333,1.0,0.4536,1.0,194.0,1.0,1.0
5ab2b7405542991669774069,ace_focused_224,ace,focused,0.0,0.0,0.0,0.518,1.0,222.0,1.0,1.0
5ab1c693554299722f9b4c66,ace_focused_224,ace,focused,1.0,1.0,1.0,0.3545,1.0,220.0,1.0,1.0
5ae692e35542996d980e7c0e,ace_focused_224,ace,focused,0.0,0.0,1.0,0.4905,1.0,210.0,1.0,1.0
5a7f74975542992097ad2f77,ace_focused_224,ace,focused,0.0,0.0,0.0,0.4455,0.5,211.0,0.5,0.0
5a7e30b255429934daa2fbeb,ace_focused_224,ace,focused,0.0,0.0,1.0,0.3818,0.5,220.0,1.0,1.0
5a7ca95b55429935c91b5287,ace_focused_224,ace,focused,1.0,1.0,1.0,0.2654,0.5,211.0,0.5,0.0
5abfa18f5542990832d3a176,ace_focused_224,ace,focused,1.0,1.0,1.0,0.5874,1.0,223.0,1.0,1.0
5a8a39b355429930ff3c0d13,ace_focused_224,ace,focused,1.0,1.0,1.0,0.2936,0.5,218.0,0.5,0.0
5ab2958c554299449642c912,ace_focused_224,ace,focused,0.0,0.6667,1.0,0.6457,1.0,223.0,1.0,1.0
5ae7eaf65542994a481bbe1d,ace_focused_224,ace,focused,1.0,1.0,1.0,0.3474,1.0,190.0,1.0,1.0
5aba916c55429901930fa83b,ace_focused_224,ace,focused,1.0,1.0,1.0,0.1801,0.5,211.0,0.5,0.0
5ac0d981554299012d1db646,ace_focused_224,ace,focused,1.0,1.0,1.0,0.7103,1.0,214.0,1.0,1.0
5ade653f55429975fa854ebb,ace_focused_224,ace,focused,0.0,0.75,1.0,0.3973,0.5,224.0,0.5,0.0
5ab54e145542992aa134a2a1,ace_focused_224,ace,focused,0.0,0.8571,1.0,0.6604,1.0,212.0,1.0,1.0
5a8518a75542994c784ddaf7,ace_focused_224,ace,focused,0.0,0.0,1.0,0.3814,1.0,215.0,1.0,1.0
5ac175635542994ab5c67d4b,ace_focused_224,ace,focused,0.0,0.0,0.0,0.3136,0.5,220.0,0.5,0.0
5abd889f55429924427fd046,ace_focused_224,ace,focused,1.0,1.0,1.0,0.472,1.0,214.0,1.0,1.0
5a772c925542993735360208,ace_focused_224,ace,focused,1.0,1.0,1.0,0.4769,1.0,216.0,1.0,1.0
5ab492155542991779162ce3,ace_focused_224,ace,focused,0.0,0.25,0.0,0.1902,0.5,205.0,0.5,0.0
5ae5ef105542996de7b71a72,ace_focused_224,ace,focused,0.0,0.6667,1.0,0.6233,1.0,215.0,1.0,1.0
5a8ad2f3554299515336138d,ace_focused_224,ace,focused,1.0,1.0,1.0,0.5481,1.0,208.0,1.0,1.0
5a7d07a455429907fabef0ae,ace_focused_224,ace,focused,0.0,0.5,1.0,0.3583,1.0,187.0,1.0,1.0
5aba89d555429901930fa816,ace_focused_224,ace,focused,0.0,0.0,0.0,0.338,0.5,213.0,1.0,1.0
5a8c7623554299653c1aa07a,ace_focused_224,ace,focused,1.0,1.0,1.0,0.3333,1.0,216.0,1.0,1.0
5a79ecd05542996c55b2dca1,ace_focused_224,ace,focused,0.0,0.0,0.0,0.1644,0.5,219.0,0.5,0.0
5adec4695542992fa25da83a,ace_focused_224,ace,focused,1.0,1.0,1.0,0.6863,1.0,204.0,1.0,1.0
5ae608f2554299546bf83026,ace_focused_224,ace,focused,0.0,0.0,1.0,0.2909,1.0,220.0,1.0,1.0
5abfd5c45542994516f4550e,ace_focused_224,ace,focused,1.0,1.0,1.0,0.5045,1.0,220.0,1.0,1.0
5adce12e5542990d50227d4f,ace_focused_224,ace,focused,1.0,1.0,1.0,0.3702,1.0,208.0,1.0,1.0
5a851b0d5542997175ce1f7f,ace_focused_224,ace,focused,0.0,0.0,0.0,0.1675,0.5,197.0,1.0,1.0
5ae164cf5542997b2ef7d1cd,ace_focused_224,ace,focused,1.0,1.0,1.0,0.5023,1.0,221.0,1.0,1.0
5a8c493e554299653c1aa020,ace_focused_224,ace,focused,0.0,0.0,0.0,0.1797,0.5,217.0,0.5,0.0
5a89dbec554299669944a5d6,ace_focused_224,ace,focused,0.0,0.0,0.0,0.5,1.0,222.0,1.0,1.0
5ae1389655429901ffe4ae05,ace_focused_224,ace,focused,0.0,0.8,1.0,0.7477,1.0,222.0,1.0,1.0
5adc6a3b55429947ff173953,ace_focused_224,ace,focused,1.0,1.0,1.0,0.5918,1.0,196.0,1.0,1.0
5ac02880554299012d1db5c0,ace_focused_224,ace,focused,1.0,1.0,1.0,0.568,1.0,206.0,1.0,1.0
5aba0c2655429955dce3edb7,ace_focused_224,ace,focused,0.0,0.0,1.0,0.1887,0.5,212.0,0.5,0.0
5add44c25542997545bbbd0a,ace_focused_224,ace,focused,0.0,0.2857,1.0,0.3303,1.0,221.0,1.0,1.0
5a7616755542992d0ec06028,ace_focused_224,ace,focused,0.0,0.0,0.0,0.2857,1.0,189.0,1.0,1.0
5add1d575542992c1e3a2540,ace_mmr_224,ace,mmr,0.0,0.0,0.0,0.3094,0.5,223.0,0.5,0.0
5ac55ea55542993e66e82377,ace_mmr_224,ace,mmr,0.0,0.8,1.0,0.4714,1.0,210.0,1.0,1.0
5ac3a76e554299741d48a2be,ace_mmr_224,ace,mmr,1.0,1.0,1.0,0.5749,1.0,207.0,1.0,1.0
5a7133565542994082a3e65c,ace_mmr_224,ace,mmr,0.0,0.6667,1.0,0.8443,1.0,212.0,1.0,1.0
5ac1a4745542991316484b82,ace_mmr_224,ace,mmr,0.0,0.0,0.0,0.3333,0.5,213.0,0.5,0.0
5adc597d55429947ff17392f,ace_mmr_224,ace,mmr,0.0,0.0,0.0,0.3447,0.5,206.0,0.5,0.0
5ac55e835542993e66e82375,ace_mmr_224,ace,mmr,0.0,0.6667,1.0,0.4251,1.0,207.0,1.0,1.0
5a8d9e0f554299441c6ba015,ace_mmr_224,ace,mmr,0.0,0.0,0.0,0.2192,0.5,219.0,0.5,0.0
5ae70ed7554299572ea546a1,ace_mmr_224,ace,mmr,0.0,0.6667,1.0,0.4167,1.0,204.0,1.0,1.0
5a74a8fa55429929fddd8497,ace_mmr_224,ace,mmr,0.0,0.0,0.0,0.4057,1.0,212.0,1.0,1.0
5a7cb94f554299683c1c6353,ace_mmr_224,ace,mmr,0.0,0.0,0.0,0.3427,0.5,213.0,0.5,0.0
5ab874ba5542990e739ec904,ace_mmr_224,ace,mmr,0.0,0.0,1.0,0.3005,1.0,203.0,1.0,1.0
5ae3a8985542992f92d82329,ace_mmr_224,ace,mmr,0.0,0.6667,1.0,0.2917,1.0,216.0,1.0,1.0
5ac39f7b554299218029dbe7,ace_mmr_224,ace,mmr,1.0,1.0,1.0,0.419,1.0,210.0,1.0,1.0
5ae27b535542996483e649b6,ace_mmr_224,ace,mmr,1.0,1.0,0.0,0.133,0.5,218.0,1.0,1.0
5a7331de5542994cef4bc4a8,ace_mmr_224,ace,mmr,0.0,0.129,1.0,0.6262,1.0,206.0,1.0,1.0
5ac15de55542991316484afb,ace_mmr_224,ace,mmr,0.0,0.0,0.0,0.4574,1.0,223.0,1.0,1.0
5a7c6c9d554299683c1c6302,ace_mmr_224,ace,mmr,0.0,0.0,0.0,0.106,0.5,151.0,0.5,0.0
5ae6363b55429929b0807af0,ace_mmr_224,ace,mmr,0.0,0.0,0.0,0.1928,0.5,166.0,0.5,0.0
5a8cea40554299441c6b9f76,ace_mmr_224,ace,mmr,0.0,0.0,1.0,0.5516,1.0,223.0,1.0,1.0
5ab5ecd75542992aa134a3e6,ace_mmr_224,ace,mmr,0.0,0.8571,1.0,0.1964,0.5,224.0,0.5,0.0
5a84c5545542991dd0999dee,ace_mmr_224,ace,mmr,0.0,0.0,0.0,0.5735,0.5,211.0,0.5,0.0
5adeacf955429975fa854f66,ace_mmr_224,ace,mmr,0.0,0.0,0.0,0.3889,0.5,216.0,0.5,0.0
5a8ce15d554299653c1aa12f,ace_mmr_224,ace,mmr,0.0,0.0,0.0,0.3687,1.0,217.0,1.0,1.0
5ade4da055429939a52fe878,ace_mmr_224,ace,mmr,0.0,0.0,0.0,0.4048,1.0,210.0,1.0,1.0
5ab2a186554299295394677b,ace_mmr_224,ace,mmr,0.0,0.0,1.0,0.1729,0.5,214.0,1.0,1.0
5ade66e1554299728e26c713,ace_mmr_224,ace,mmr,1.0,1.0,1.0,0.5045,1.0,224.0,1.0,1.0
5a7c634c55429907fabeef79,ace_mmr_224,ace,mmr,1.0,1.0,1.0,0.4789,1.0,190.0,1.0,1.0
5ae13f3c5542997b2ef7d168,ace_mmr_224,ace,mmr,0.0,0.0,0.0,0.2192,0.5,219.0,0.5,0.0
5ae17cd055429901ffe4aea3,ace_mmr_224,ace,mmr,1.0,1.0,1.0,0.3134,1.0,217.0,1.0,1.0
5ae7940c55429952e35ea984,ace_mmr_224,ace,mmr,0.0,0.5,0.0,0.2864,0.5,213.0,0.5,0.0
5a7296815542991f9a20c515,ace_mmr_224,ace,mmr,1.0,1.0,1.0,0.3581,1.0,215.0,1.0,1.0
5ab2e8ad554299340b525562,ace_mmr_224,ace,mmr,1.0,1.0,1.0,0.3381,1.0,210.0,1.0,1.0
5a89b1de5542992e4fca8378,ace_mmr_224,ace,mmr,0.0,0.0,0.0,0.2927,1.0,205.0,1.0,1.0
5ab78edc5542995dae37e95c,ace_mmr_224,ace,mmr,0.0,0.25,0.0,0.4047,0.5,215.0,0.5,0.0
5ae73acb5542991e8301cc07,ace_mmr_224,ace,mmr,0.0,0.0,1.0,0.3632,0.5,212.0,1.0,1.0
5a8257fa55429940e5e1a866,ace_mmr_224,ace,mmr,1.0,1.0,1.0,0.434,1.0,212.0,1.0,1.0
5a8d8e4f5542994ba4e3dca7,ace_mmr_224,ace,mmr,0.0,0.5,1.0,0.5825,1.0,194.0,1.0,1.0
5a8a07725542992d82986e5b,ace_mmr_224,ace,mmr,0.0,0.0,0.0,0.2906,0.5,203.0,0.5,0.0
5a79fac85542996c55b2dcc1,ace_mmr_224,ace,mmr,1.0,1.0,1.0,0.5312,0.5,224.0,0.5,0.0
5a81537355429926c1cdad20,ace_mmr_224,ace,mmr,0.0,0.0,1.0,0.3237,1.0,207.0,1.0,1.0
5a721d5a55429971e9dc9283,ace_mmr_224,ace,mmr,0.0,0.4444,1.0,0.4439,1.0,214.0,1.0,1.0
5a7aa2a255429941d65f270e,ace_mmr_224,ace,mmr,0.0,0.8,1.0,0.3468,1.0,222.0,1.0,1.0
5abe6f8455429965af743f03,ace_mmr_224,ace,mmr,0.0,0.0,1.0,0.6601,1.0,203.0,1.0,1.0
5ae7257a554299572ea54731,ace_mmr_224,ace,mmr,1.0,1.0,1.0,0.4395,1.0,223.0,1.0,1.0
5ac0e0e25542997d64295a6f,ace_mmr_224,ace,mmr,0.0,0.0,0.0,0.4688,0.5,224.0,0.5,0.0
5a72688c5542997f827839b2,ace_mmr_224,ace,mmr,1.0,1.0,1.0,0.5091,1.0,220.0,1.0,1.0
5adea0c5554299728e26c776,ace_mmr_224,ace,mmr,0.0,0.0,0.0,0.586,1.0,186.0,1.0,1.0
5ab8372255429919ba4e226b,ace_mmr_224,ace,mmr,1.0,1.0,1.0,0.6986,1.0,219.0,1.0,1.0
5ac0e064554299012d1db64e,ace_mmr_224,ace,mmr,0.0,0.0,1.0,0.4664,1.0,223.0,1.0,1.0
5a8574945542997b5ce3fffb,ace_mmr_224,ace,mmr,1.0,1.0,1.0,0.8342,1.0,193.0,1.0,1.0
5a8704f8554299211dda2ba4,ace_mmr_224,ace,mmr,0.0,0.25,1.0,0.6553,1.0,206.0,1.0,1.0
5a81d1f0554299676cceb0ee,ace_mmr_224,ace,mmr,0.0,0.5,0.0,0.4027,0.5,221.0,1.0,1.0
5a7bf84b5542996dd594b875,ace_mmr_224,ace,mmr,1.0,1.0,1.0,0.6036,1.0,222.0,1.0,1.0
5ab69e4f554299710c8d1eee,ace_mmr_224,ace,mmr,1.0,1.0,1.0,0.5721,1.0,201.0,1.0,1.0
5ae64ad25542995703ce8b4f,ace_mmr_224,ace,mmr,0.0,0.0,0.0,0.1221,0.5,213.0,0.5,0.0
5a7571135542992d0ec05f98,ace_mmr_224,ace,mmr,1.0,1.0,1.0,0.2749,1.0,211.0,1.0,1.0
5a8f2fed55429918e830d1c7,ace_mmr_224,ace,mmr,0.0,0.0,1.0,0.5373,1.0,201.0,1.0,1.0
5ab596d95542992aa134a371,ace_mmr_224,ace,mmr,0.0,0.0,1.0,0.6029,1.0,209.0,1.0,1.0
5a71214d5542994082a3e5b9,ace_mmr_224,ace,mmr,0.0,0.0,1.0,0.6697,1.0,218.0,1.0,1.0
5ac298f9554299657fa28fc9,ace_mmr_224,ace,mmr,0.0,0.125,0.0,0.3905,1.0,210.0,1.0,1.0
5ae35e8c5542990afbd1e120,ace_mmr_224,ace,mmr,0.0,0.25,0.0,0.5673,0.5,208.0,0.5,0.0
5ae616ce5542992663a4f259,ace_mmr_224,ace,mmr,0.0,0.3333,0.0,0.5668,0.5,217.0,0.5,0.0
5abbc3a955429931dba144f9,ace_mmr_224,ace,mmr,0.0,0.0,0.0,0.5134,0.5,224.0,0.5,0.0
5adfe6c455429906c02daa85,ace_mmr_224,ace,mmr,0.0,0.0,1.0,0.181,0.5,210.0,0.5,0.0
5a7f924c55429969796c1aba,ace_mmr_224,ace,mmr,0.0,0.0,0.0,0.2189,0.5,201.0,0.5,0.0
5ab938fb554299131ca422ce,ace_mmr_224,ace,mmr,0.0,0.0,1.0,0.6667,1.0,222.0,1.0,1.0
5ae1e80b5542997f29b3c197,ace_mmr_224,ace,mmr,0.0,0.0,0.0,0.1604,0.5,187.0,0.5,0.0
5a89e3995542992e4fca844d,ace_mmr_224,ace,mmr,0.0,0.0,0.0,0.2831,0.5,219.0,0.5,0.0
5ab8919655429934fafe6e13,ace_mmr_224,ace,mmr,0.0,0.0,1.0,0.3555,0.5,211.0,0.5,0.0
5add18345542994ed6169c7e,ace_mmr_224,ace,mmr,1.0,1.0,1.0,0.4036,1.0,223.0,1.0,1.0
5a825b0e55429954d2e2eb0c,ace_mmr_224,ace,mmr,0.0,0.0,0.0,0.2629,0.5,213.0,0.5,0.0
5ab54056554299488d4d9923,ace_mmr_224,ace,mmr,0.0,0.0,1.0,0.0758,0.5,198.0,0.5,0.0
5a8a416955429930ff3c0d2b,ace_mmr_224,ace,mmr,1.0,1.0,1.0,0.385,1.0,213.0,1.0,1.0
5a729fe55542991f9a20c53b,ace_mmr_224,ace,mmr,0.0,0.0,0.0,0.3732,1.0,209.0,1.0,1.0
5abee41a5542993fe9a41d79,ace_mmr_224,ace,mmr,1.0,1.0,1.0,0.7097,1.0,217.0,1.0,1.0
5a8327fd5542990548d0b1a3,ace_mmr_224,ace,mmr,1.0,1.0,1.0,0.3303,1.0,218.0,1.0,1.0
5a7264ed5542990c210a411a,ace_mmr_224,ace,mmr,0.0,0.3333,0.0,0.2648,0.5,219.0,1.0,1.0
5a74cfc75542996c70cfadfe,ace_mmr_224,ace,mmr,0.0,0.75,1.0,0.2392,0.5,209.0,1.0,1.0
5abe3c7555429965af743ea5,ace_mmr_224,ace,mmr,1.0,1.0,1.0,0.5894,1.0,207.0,1.0,1.0
5a88a5645542997e5c09a679,ace_mmr_224,ace,mmr,1.0,1.0,1.0,0.6825,1.0,211.0,1.0,1.0
5a8756aa5542994846c1cd69,ace_mmr_224,ace,mmr,0.0,0.5,1.0,0.7772,1.0,202.0,1.0,1.0
5a83ab355542990548d0b218,ace_mmr_224,ace,mmr,1.0,1.0,1.0,0.5222,1.0,203.0,1.0,1.0
5abe407155429976d4830ab4,ace_mmr_224,ace,mmr,0.0,0.0,0.0,0.3829,1.0,222.0,1.0,1.0
5a769b115542993569682c51,ace_mmr_224,ace,mmr,0.0,0.0,1.0,0.2048,0.5,210.0,0.5,0.0
5abb8a9b5542996cc5e4a016,ace_mmr_224,ace,mmr,0.0,0.0,1.0,0.4185,1.0,184.0,1.0,1.0
5adf4b335542993a75d264a5,ace_mmr_224,ace,mmr,0.0,0.4,1.0,0.15,0.5,220.0,0.5,0.0
5a8a19c45542992e4fca8501,ace_mmr_224,ace,mmr,0.0,0.0,0.0,0.2277,1.0,224.0,1.0,1.0
5ac2f34455429921a00ab0b6,ace_mmr_224,ace,mmr,0.0,0.25,0.0,0.5561,1.0,223.0,1.0,1.0
5a7e040f5542990b8f503b13,ace_mmr_224,ace,mmr,1.0,1.0,1.0,0.232,1.0,181.0,1.0,1.0
5a8f186055429918e830d186,ace_mmr_224,ace,mmr,0.0,0.0,1.0,0.4879,1.0,207.0,1.0,1.0
5ac4fbe255429924173fb53b,ace_mmr_224,ace,mmr,0.0,0.0,0.0,0.1759,0.5,216.0,1.0,1.0
5a8591715542994c784ddb27,ace_mmr_224,ace,mmr,0.0,0.0,0.0,0.1918,0.5,219.0,0.5,0.0
5a8ee3a755429917b4a5be02,ace_mmr_224,ace,mmr,0.0,0.5714,0.0,0.274,0.5,208.0,0.5,0.0
5ab985eb554299131ca42360,ace_mmr_224,ace,mmr,1.0,1.0,1.0,0.2197,1.0,223.0,1.0,1.0
5ab431d855429942dd415ed2,ace_mmr_224,ace,mmr,0.0,0.75,1.0,0.3039,0.5,204.0,0.5,0.0
5a771ead55429966f1a36c7c,ace_mmr_224,ace,mmr,0.0,0.0,1.0,0.2366,0.5,224.0,0.5,0.0
5ac46a8b5542991943173980,ace_mmr_224,ace,mmr,0.0,0.0,1.0,0.6686,1.0,175.0,1.0,1.0
5abda2b755429933744ab80f,ace_mmr_224,ace,mmr,1.0,1.0,1.0,1.0,1.0,193.0,1.0,1.0
5adc02445542994650320c4e,ace_mmr_224,ace,mmr,1.0,1.0,1.0,0.5962,1.0,213.0,1.0,1.0
5a8b128455429971feec463b,ace_mmr_224,ace,mmr,0.0,0.0,0.0,0.641,0.5,195.0,0.5,0.0
5a803ed45542996402f6a496,ace_mmr_224,ace,mmr,1.0,1.0,1.0,0.5215,1.0,209.0,1.0,1.0
5a74c85055429916b0164218,ace_mmr_224,ace,mmr,0.0,0.0,0.0,0.1659,0.5,223.0,0.5,0.0
5ac288a95542990b17b153e5,ace_mmr_224,ace,mmr,0.0,0.0,0.0,0.1005,0.5,209.0,0.5,0.0
5ab2123155429970612095b9,ace_mmr_224,ace,mmr,0.0,0.4,1.0,0.3853,0.5,218.0,0.5,0.0
5a82edae55429966c78a6a9f,ace_mmr_224,ace,mmr,1.0,1.0,1.0,0.3981,1.0,206.0,1.0,1.0
5ae22b8d554299234fd0440f,ace_mmr_224,ace,mmr,0.0,0.0,0.0,0.1875,0.5,224.0,1.0,1.0
5adbda2755429944faac2385,ace_mmr_224,ace,mmr,1.0,1.0,1.0,0.5342,1.0,219.0,1.0,1.0
5ae1d1a55542997f29b3c138,ace_mmr_224,ace,mmr,0.0,0.3333,1.0,0.4206,1.0,214.0,1.0,1.0
5ac3a2f35542993915413856,ace_mmr_224,ace,mmr,0.0,0.4,1.0,0.6384,1.0,224.0,1.0,1.0
5a7647b85542992d0ec0608a,ace_mmr_224,ace,mmr,1.0,1.0,1.0,0.532,1.0,203.0,1.0,1.0
5ac49a1c5542996feb3fe905,ace_mmr_224,ace,mmr,0.0,0.0,0.0,0.4223,0.5,206.0,0.5,0.0
5ae60484554299546bf8301a,ace_mmr_224,ace,mmr,0.0,0.25,0.0,0.1847,0.5,222.0,0.5,0.0
5a84cf175542992a431d1aa2,ace_mmr_224,ace,mmr,0.0,0.0,1.0,0.2326,1.0,215.0,1.0,1.0
5a81b2505542995ce29dcc32,ace_mmr_224,ace,mmr,1.0,1.0,1.0,0.5953,1.0,215.0,1.0,1.0
5ab568af554299494045efaf,ace_mmr_224,ace,mmr,1.0,1.0,1.0,0.6364,1.0,220.0,1.0,1.0
5a8f7a135542992414482adc,ace_mmr_224,ace,mmr,0.0,0.0,0.0,0.365,0.5,200.0,0.5,0.0
5ab2be71554299166977408c,ace_mmr_224,ace,mmr,0.0,0.0,1.0,0.6699,1.0,209.0,1.0,1.0
5ae537e45542990ba0bbb235,ace_mmr_224,ace,mmr,1.0,1.0,1.0,0.3575,1.0,207.0,1.0,1.0
5ac2546a554299636651997b,ace_mmr_224,ace,mmr,0.0,0.0,1.0,0.0837,0.5,215.0,1.0,1.0
5ae356045542990afbd1e10d,ace_mmr_224,ace,mmr,0.0,0.0,1.0,0.1614,0.5,223.0,0.5,0.0
5ae1e6d95542997283cd22c3,ace_mmr_224,ace,mmr,0.0,0.5714,1.0,0.3684,0.5,209.0,0.5,0.0
5a8b8f5b55429949d91db5e1,ace_mmr_224,ace,mmr,1.0,1.0,1.0,0.1651,0.5,218.0,1.0,1.0
5ab3460055429976abd1bc80,ace_mmr_224,ace,mmr,1.0,1.0,1.0,0.2843,1.0,204.0,1.0,1.0
5a7d2afb554299452d57bb41,ace_mmr_224,ace,mmr,1.0,1.0,1.0,0.4018,1.0,219.0,1.0,1.0
5adea95055429939a52fe931,ace_mmr_224,ace,mmr,0.0,0.6667,1.0,0.4717,1.0,212.0,1.0,1.0
5ab7d33d5542992aa3b8c859,ace_mmr_224,ace,mmr,0.0,0.4,0.0,0.6018,1.0,221.0,1.0,1.0
5a893f305542993b751ca91e,ace_mmr_224,ace,mmr,0.0,0.0,1.0,0.2192,1.0,219.0,1.0,1.0
5adea83b55429975fa854f53,ace_mmr_224,ace,mmr,0.0,0.0,1.0,0.0679,0.5,221.0,0.5,0.0
5ae1d32a554299492dc91b9c,ace_mmr_224,ace,mmr,1.0,1.0,1.0,0.2594,0.5,212.0,0.5,0.0
5a82accd55429966c78a6a78,ace_mmr_224,ace,mmr,0.0,0.0,0.0,0.1636,0.5,214.0,0.5,0.0
5a90ba1b55429933b8a205c6,ace_mmr_224,ace,mmr,1.0,1.0,1.0,0.5628,1.0,215.0,1.0,1.0
5adcb6875542994ed6169bcb,ace_mmr_224,ace,mmr,0.0,0.0,1.0,0.422,1.0,218.0,1.0,1.0
5a7f95685542995d8a8ddeaa,ace_mmr_224,ace,mmr,0.0,0.0,1.0,0.2857,0.5,203.0,1.0,1.0
5a78b386554299148911f949,ace_mmr_224,ace,mmr,0.0,0.0,0.0,0.4286,0.5,196.0,0.5,0.0
5a8c781c554299653c1aa083,ace_mmr_224,ace,mmr,0.0,0.2857,1.0,0.3378,1.0,222.0,1.0,1.0
5a80ae105542992bc0c4a7a2,ace_mmr_224,ace,mmr,0.0,0.0,1.0,0.2383,1.0,214.0,1.0,1.0
5a84992e5542992a431d1a6d,ace_mmr_224,ace,mmr,1.0,1.0,1.0,0.3192,1.0,213.0,1.0,1.0
5a8f2cc855429918e830d1be,ace_mmr_224,ace,mmr,0.0,0.0,0.0,0.0904,0.5,177.0,0.5,0.0
5a8841ee5542994846c1ce6b,ace_mmr_224,ace,mmr,0.0,0.0,1.0,0.6512,1.0,215.0,1.0,1.0
5adf85e05542993344016cba,ace_mmr_224,ace,mmr,0.0,0.0,1.0,0.3532,1.0,218.0,1.0,1.0
5a77415b55429966f1a36cd2,ace_mmr_224,ace,mmr,0.0,0.8,1.0,0.2269,1.0,216.0,1.0,1.0
5a72fc865542991f9a20c5e9,ace_mmr_224,ace,mmr,1.0,1.0,1.0,0.6453,1.0,203.0,1.0,1.0
5ac4e13f554299076e296e2d,ace_mmr_224,ace,mmr,0.0,0.0,1.0,0.5117,1.0,213.0,1.0,1.0
5a7796e05542992a6e59df0f,ace_mmr_224,ace,mmr,1.0,1.0,1.0,0.7524,1.0,210.0,1.0,1.0
5ae3eabc5542995dadf2424f,ace_mmr_224,ace,mmr,0.0,0.0,1.0,0.2615,1.0,218.0,1.0,1.0
5ae3c71f5542991a06ce9a22,ace_mmr_224,ace,mmr,0.0,0.0,1.0,0.6039,1.0,207.0,1.0,1.0
5ae25d2b554299495565da46,ace_mmr_224,ace,mmr,0.0,0.0,1.0,0.8104,1.0,211.0,1.0,1.0
5ab8179f5542990e739ec817,ace_mmr_224,ace,mmr,1.0,1.0,1.0,0.3661,1.0,224.0,1.0,1.0
5adc411f5542994650320cbc,ace_mmr_224,ace,mmr,1.0,1.0,1.0,0.4273,1.0,220.0,1.0,1.0
5aba6f3e55429955dce3ee21,ace_mmr_224,ace,mmr,1.0,1.0,1.0,0.3831,1.0,201.0,1.0,1.0
5add2dae5542992c1e3a2558,ace_mmr_224,ace,mmr,1.0,1.0,1.0,0.4817,1.0,218.0,1.0,1.0
5ae14b0655429920d52343a6,ace_mmr_224,ace,mmr,0.0,0.5,1.0,0.5045,1.0,224.0,1.0,1.0
5a730a6b5542992359bc3210,ace_mmr_224,ace,mmr,0.0,0.0,1.0,0.2706,1.0,218.0,1.0,1.0
5a75fa14554299109176e5dc,ace_mmr_224,ace,mmr,0.0,0.2222,0.0,0.588,1.0,216.0,1.0,1.0
5ac35a7e554299741d48a257,ace_mmr_224,ace,mmr,0.0,0.0,1.0,0.0955,0.5,220.0,0.5,0.0
5a8651185542994775f60752,ace_mmr_224,ace,mmr,0.0,0.0,0.0,0.2431,1.0,218.0,1.0,1.0
5a79fe3b5542994f819ef119,ace_mmr_224,ace,mmr,1.0,1.0,1.0,0.3381,1.0,210.0,1.0,1.0
5a8268215542995ce29dccfb,ace_mmr_224,ace,mmr,1.0,1.0,1.0,0.8019,1.0,207.0,1.0,1.0
5a7605f85542994ccc91868d,ace_mmr_224,ace,mmr,1.0,1.0,1.0,0.85,1.0,220.0,1.0,1.0
5adf74075542992d7e9f937c,ace_mmr_224,ace,mmr,1.0,1.0,1.0,0.4954,1.0,218.0,1.0,1.0
5abe2b0155429976d4830a83,ace_mmr_224,ace,mmr,0.0,0.0,0.0,0.5023,1.0,215.0,1.0,1.0
5a849c1b5542997175ce1ef9,ace_mmr_224,ace,mmr,0.0,0.6667,1.0,0.2289,1.0,201.0,1.0,1.0
5a81108855429926c1cdace2,ace_mmr_224,ace,mmr,0.0,0.0,0.0,0.2186,0.5,215.0,0.5,0.0
5a8e06785542995085b37383,ace_mmr_224,ace,mmr,1.0,1.0,1.0,0.5,1.0,202.0,1.0,1.0
5adbfa38554299438c868d00,ace_mmr_224,ace,mmr,0.0,0.6667,1.0,0.3364,1.0,214.0,1.0,1.0
5a73b1855542992d56e7e388,ace_mmr_224,ace,mmr,1.0,1.0,1.0,0.5388,1.0,219.0,1.0,1.0
5ab94fa25542996be2020474,ace_mmr_224,ace,mmr,0.0,0.0,0.0,0.1267,0.5,221.0,1.0,1.0
5a7e7d4655429934daa2fc2e,ace_mmr_224,ace,mmr,1.0,1.0,1.0,0.7915,1.0,211.0,1.0,1.0
5a75d9c05542992db94736f6,ace_mmr_224,ace,mmr,0.0,0.0,0.0,0.1932,0.5,207.0,0.5,0.0
5adf33965542993344016c20,ace_mmr_224,ace,mmr,1.0,1.0,1.0,1.0,1.0,196.0,1.0,1.0
5a8f979255429918e830d288,ace_mmr_224,ace,mmr,0.0,0.3333,0.0,0.0,0.0,209.0,0.0,0.0
5a8a17685542993b751ca9f3,ace_mmr_224,ace,mmr,1.0,1.0,1.0,0.3303,1.0,218.0,1.0,1.0
5abd56355542993062266c58,ace_mmr_224,ace,mmr,0.0,0.0,1.0,0.4977,1.0,219.0,1.0,1.0
5ab91f98554299753720f70d,ace_mmr_224,ace,mmr,0.0,0.0,1.0,0.4048,1.0,210.0,1.0,1.0
5a811152554299260e20a22e,ace_mmr_224,ace,mmr,0.0,0.8,1.0,0.2545,1.0,224.0,1.0,1.0
5a7a1f795542996c55b2dd1b,ace_mmr_224,ace,mmr,1.0,1.0,1.0,0.4729,1.0,203.0,1.0,1.0
5a7324e055429901807daf8f,ace_mmr_224,ace,mmr,0.0,0.8,0.0,0.446,1.0,213.0,1.0,1.0
5ab9618f554299743d22eb28,ace_mmr_224,ace,mmr,1.0,1.0,1.0,0.5888,1.0,214.0,1.0,1.0
5abffafe5542997d64295988,ace_mmr_224,ace,mmr,0.0,0.8,1.0,0.2196,0.5,214.0,0.5,0.0
5a8cee9b554299441c6b9f87,ace_mmr_224,ace,mmr,0.0,0.0,1.0,0.5928,1.0,221.0,1.0,1.0
5a7270395542992359bc30a8,ace_mmr_224,ace,mmr,0.0,0.0,0.0,0.3814,0.5,215.0,0.5,0.0
5ac14d0c5542991316484ae2,ace_mmr_224,ace,mmr,1.0,1.0,1.0,0.4266,1.0,218.0,1.0,1.0
5a75a76b5542992db9473697,ace_mmr_224,ace,mmr,0.0,0.0,1.0,0.3139,1.0,223.0,1.0,1.0
5ab55455554299488d4d993b,ace_mmr_224,ace,mmr,0.0,0.0,0.0,0.1455,0.5,213.0,1.0,1.0
5a7f48e15542992e7d278ce6,ace_mmr_224,ace,mmr,0.0,0.0,0.0,0.3571,0.5,224.0,0.5,0.0
5ab7f0995542995dae37e9fb,ace_mmr_224,ace,mmr,1.0,1.0,0.0,0.7196,1.0,214.0,1.0,1.0
5aba89fb5542994dbf019933,ace_mmr_224,ace,mmr,0.0,0.8889,1.0,0.25,0.5,220.0,1.0,1.0
5a7621bb554299109176e650,ace_mmr_224,ace,mmr,0.0,0.0,0.0,0.3125,0.5,208.0,1.0,1.0
5a70f0e75542994082a3e408,ace_mmr_224,ace,mmr,0.0,0.0,1.0,0.4864,1.0,220.0,1.0,1.0
5a773ec45542994aec3b7245,ace_mmr_224,ace,mmr,1.0,1.0,1.0,0.4344,1.0,221.0,1.0,1.0
5a802b595542995d8a8ddf51,ace_mmr_224,ace,mmr,1.0,1.0,1.0,0.215,0.5,214.0,0.5,0.0
5a8de7c65542995085b37353,ace_mmr_224,ace,mmr,0.0,0.0,1.0,0.3056,1.0,216.0,1.0,1.0
5ab5b6c1554299637185c5e5,ace_mmr_224,ace,mmr,1.0,1.0,1.0,0.4358,1.0,218.0,1.0,1.0
5abb8e2d554299642a094aa4,ace_mmr_224,ace,mmr,0.0,0.0,1.0,0.3915,1.0,212.0,1.0,1.0
5a7642f7554299109176e6e8,ace_mmr_224,ace,mmr,1.0,1.0,1.0,0.3409,1.0,220.0,1.0,1.0
5a756b175542996c70cfaef7,ace_mmr_224,ace,mmr,0.0,0.0,1.0,0.4512,1.0,215.0,1.0,1.0
5a83161555429940e5e1a958,ace_mmr_224,ace,mmr,1.0,1.0,1.0,0.6714,1.0,213.0,1.0,1.0
5ab3eac5554299753aec59ec,ace_mmr_224,ace,mmr,0.0,0.0,1.0,0.6726,1.0,223.0,1.0,1.0
5a73090455429901807daf6e,ace_mmr_224,ace,mmr,1.0,1.0,1.0,0.4545,1.0,209.0,1.0,1.0
5a8c8502554299585d9e36d0,ace_mmr_224,ace,mmr,1.0,1.0,0.0,0.4216,1.0,204.0,1.0,1.0
5a7d598d5542995f4f402262,ace_mmr_224,ace,mmr,1.0,1.0,1.0,0.3611,1.0,216.0,1.0,1.0
5a77f4755542992a6e59e01f,ace_mmr_224,ace,mmr,1.0,1.0,1.0,0.4251,1.0,207.0,1.0,1.0
5abcf14f55429959677d6b5b,ace_mmr_224,ace,mmr,0.0,0.4444,1.0,0.4355,1.0,186.0,1.0,1.0
5a8d8eb5554299068b959d3a,ace_mmr_224,ace,mmr,1.0,1.0,0.0,0.3886,0.5,211.0,1.0,1.0
5a7e7ed05542991319bc94c2,ace_mmr_224,ace,mmr,0.0,0.0,1.0,0.3722,1.0,223.0,1.0,1.0
5ae236445542992decbdcc69,ace_mmr_224,ace,mmr,0.0,0.4,1.0,0.6498,1.0,217.0,1.0,1.0
5a750de95542993748c897ac,ace_mmr_224,ace,mmr,0.0,0.3333,0.0,0.3524,1.0,210.0,1.0,1.0
5a7fc03d5542992097ad2fbc,ace_mmr_224,ace,mmr,0.0,0.0,1.0,0.6712,1.0,219.0,1.0,1.0
5a7172105542994082a3e837,ace_mmr_224,ace,mmr,1.0,1.0,1.0,0.3606,1.0,208.0,1.0,1.0
5a847edd554299123d8c2272,ace_mmr_224,ace,mmr,0.0,0.0,0.0,0.4258,1.0,209.0,1.0,1.0
5ab761d955429928e1fe3856,ace_mmr_224,ace,mmr,1.0,1.0,1.0,0.2545,1.0,224.0,1.0,1.0
5a7a2dac5542990198eaf0b6,ace_mmr_224,ace,mmr,0.0,0.0,1.0,0.6727,1.0,220.0,1.0,1.0
5ae530e355429908b6326561,ace_mmr_224,ace,mmr,0.0,0.0,0.0,0.5312,0.5,224.0,0.5,0.0
5abcff225542993a06baf9ea,ace_mmr_224,ace,mmr,1.0,1.0,1.0,0.2804,1.0,214.0,1.0,1.0
5abe9f7d5542997ec76fd331,ace_mmr_224,ace,mmr,0.0,0.0,0.0,0.4406,0.5,202.0,0.5,0.0
5a8db42f5542994ba4e3dd11,ace_mmr_224,ace,mmr,1.0,1.0,1.0,0.2108,1.0,185.0,1.0,1.0
5ae658855542992ae0d162e3,ace_mmr_224,ace,mmr,0.0,0.0,1.0,0.2804,0.5,214.0,0.5,0.0
5a8c6d4e5542996e8ac88aa6,ace_mmr_224,ace,mmr,0.0,0.0,1.0,0.3724,1.0,196.0,1.0,1.0
5aba65a055429939ce03dcd2,ace_mmr_224,ace,mmr,1.0,1.0,1.0,0.4241,1.0,191.0,1.0,1.0
5ae199305542997b2ef7d20e,ace_mmr_224,ace,mmr,0.0,0.0,0.0,0.1953,0.5,215.0,0.5,0.0
5a806aca5542996402f6a503,ace_mmr_224,ace,mmr,0.0,0.5,1.0,0.3769,0.5,199.0,0.5,0.0
5ae336495542990afbd1e0e1,ace_mmr_224,ace,mmr,0.0,0.8,1.0,0.5818,1.0,220.0,1.0,1.0
5a8198565542995ce29dcc13,ace_mmr_224,ace,mmr,1.0,1.0,0.0,0.5571,1.0,219.0,1.0,1.0
5a9068075542990a9849361a,ace_mmr_224,ace,mmr,0.0,0.0,1.0,0.5928,1.0,221.0,1.0,1.0
5a7a2be25542996a35c17118,ace_mmr_224,ace,mmr,0.0,0.0,1.0,0.4417,1.0,206.0,1.0,1.0
5a7562045542992db947364f,ace_mmr_224,ace,mmr,0.0,0.2857,1.0,0.4676,1.0,216.0,1.0,1.0
5ac2a55b55429921a00ab018,ace_mmr_224,ace,mmr,0.0,0.5,1.0,0.7488,1.0,215.0,1.0,1.0
5abccf6755429965836004ab,ace_mmr_224,ace,mmr,0.0,0.5,1.0,0.4593,1.0,209.0,1.0,1.0
5a7c8ae855429935c91b5207,ace_mmr_224,ace,mmr,0.0,0.8,1.0,0.5302,1.0,215.0,1.0,1.0
5ab30ebf554299753aec592c,ace_mmr_224,ace,mmr,0.0,0.0,1.0,0.2677,0.5,198.0,0.5,0.0
5ab2b95c5542991669774072,ace_mmr_224,ace,mmr,1.0,1.0,1.0,0.6553,1.0,206.0,1.0,1.0
5ac2a10e554299657fa28fec,ace_mmr_224,ace,mmr,1.0,1.0,1.0,0.3782,1.0,193.0,1.0,1.0
5abb02fe554299232ef4a39f,ace_mmr_224,ace,mmr,1.0,1.0,1.0,0.5737,0.5,190.0,1.0,1.0
5a8eb4d65542990e94052b82,ace_mmr_224,ace,mmr,1.0,1.0,1.0,0.3143,1.0,210.0,1.0,1.0
5a8ba60b554299240d9c205b,ace_mmr_224,ace,mmr,1.0,1.0,1.0,0.6,1.0,220.0,1.0,1.0
5a807ca5554299485f598613,ace_mmr_224,ace,mmr,0.0,0.0,0.0,0.2427,0.5,206.0,1.0,1.0
5a7c0dab5542997c3ec972d2,ace_mmr_224,ace,mmr,0.0,0.5,1.0,0.7763,1.0,219.0,1.0,1.0
5a89019a5542995153361259,ace_mmr_224,ace,mmr,0.0,0.0,1.0,0.4439,0.5,223.0,0.5,0.0
5a7f00b455429930675135f1,ace_mmr_224,ace,mmr,1.0,1.0,1.0,0.6453,1.0,172.0,1.0,1.0
5a8220db5542995ce29dccc1,ace_mmr_224,ace,mmr,1.0,1.0,1.0,0.6435,1.0,216.0,1.0,1.0
5ab510cb5542996a3a96a00f,ace_mmr_224,ace,mmr,0.0,0.0,0.0,0.3773,1.0,220.0,1.0,1.0
5a80a25d5542995d8a8ddfb7,ace_mmr_224,ace,mmr,0.0,0.0,0.0,0.2823,0.5,209.0,0.5,0.0
5adf5cd25542992d7e9f9320,ace_mmr_224,ace,mmr,0.0,0.0,1.0,0.1934,0.5,212.0,0.5,0.0
5a75ebfc5542992d0ec06018,ace_mmr_224,ace,mmr,1.0,1.0,1.0,0.5072,1.0,207.0,1.0,1.0
5ab29caa554299545a2cf9d3,ace_mmr_224,ace,mmr,1.0,1.0,1.0,0.6806,1.0,216.0,1.0,1.0
5ae0536755429924de1b70a6,ace_mmr_224,ace,mmr,0.0,0.0,0.0,0.3455,1.0,220.0,1.0,1.0
5ae17a9b5542990adbacf7a2,ace_mmr_224,ace,mmr,0.0,0.0,0.0,0.3272,1.0,217.0,1.0,1.0
5a8f503c5542992414482a34,ace_mmr_224,ace,mmr,0.0,0.0,0.0,0.1909,0.5,220.0,0.5,0.0
5ae0159855429925eb1afc09,ace_mmr_224,ace,mmr,1.0,1.0,1.0,0.476,1.0,208.0,1.0,1.0
5a8b2f2b5542995d1e6f12fa,ace_mmr_224,ace,mmr,0.0,0.0,1.0,0.2,1.0,200.0,1.0,1.0
5a90386455429916514e7435,ace_mmr_224,ace,mmr,0.0,0.0,1.0,0.6462,1.0,212.0,1.0,1.0
5ab43179554299233955004d,ace_mmr_224,ace,mmr,0.0,0.0,0.0,0.1626,0.5,203.0,0.5,0.0
5a8b42be55429949d91db515,ace_mmr_224,ace,mmr,0.0,0.0,1.0,0.4667,1.0,195.0,1.0,1.0
5a8d6d4e554299441c6b9fdb,ace_mmr_224,ace,mmr,1.0,1.0,1.0,0.3941,1.0,203.0,1.0,1.0
5ae40a2955429970de88d8a3,ace_mmr_224,ace,mmr,0.0,0.0,0.0,0.095,0.5,221.0,0.5,0.0
5adcfebe5542992c1e3a24f3,ace_mmr_224,ace,mmr,0.0,0.0,0.0,0.2018,0.5,223.0,1.0,1.0
5ab5a3fb5542997d4ad1f19b,ace_mmr_224,ace,mmr,0.0,0.8,0.0,0.6425,1.0,221.0,1.0,1.0
5ac2ffbd554299677310267b,ace_mmr_224,ace,mmr,0.0,0.5,1.0,0.4223,1.0,206.0,1.0,1.0
5a7133fa5542994082a3e660,ace_mmr_224,ace,mmr,0.0,0.0,1.0,0.7342,1.0,222.0,1.0,1.0
5abea7c25542990832d3a068,ace_mmr_224,ace,mmr,1.0,1.0,1.0,0.7536,1.0,207.0,1.0,1.0
5a8a09765542992d82986e67,ace_mmr_224,ace,mmr,0.0,0.8,0.0,0.7523,1.0,222.0,1.0,1.0
5a72a51355429901807daf21,ace_mmr_224,ace,mmr,0.0,0.5,0.0,0.2883,0.5,222.0,0.5,0.0
5aba72d75542994dbf019912,ace_mmr_224,ace,mmr,1.0,1.0,0.0,0.0,0.0,217.0,1.0,1.0
5adcd9fe5542990d50227d46,ace_mmr_224,ace,mmr,0.0,0.0,1.0,0.2703,1.0,222.0,1.0,1.0
5ae5c212554299546bf82f4b,ace_mmr_224,ace,mmr,1.0,1.0,1.0,0.3502,1.0,217.0,1.0,1.0
5a7320565542991f9a20c61d,ace_mmr_224,ace,mmr,0.0,0.0,1.0,0.6233,1.0,223.0,1.0,1.0
5add596f5542990dbb2f7e4d,ace_mmr_224,ace,mmr,0.0,0.0,0.0,0.1478,0.5,203.0,0.5,0.0
5adfb60655429942ec259b08,ace_mmr_224,ace,mmr,0.0,0.3333,0.0,0.2227,0.5,220.0,0.5,0.0
5a74adb455429916b01641c6,ace_mmr_224,ace,mmr,1.0,1.0,1.0,0.7198,1.0,207.0,1.0,1.0
5ae27df25542992decbdcd2a,ace_mmr_224,ace,mmr,0.0,0.0,0.0,0.4306,1.0,216.0,1.0,1.0
5a8baf4b5542996e8ac889c5,ace_mmr_224,ace,mmr,0.0,0.0,1.0,0.3175,1.0,211.0,1.0,1.0
5ae352285542994393b9e685,ace_mmr_224,ace,mmr,1.0,1.0,1.0,0.3598,1.0,164.0,1.0,1.0
5a8e0a005542995085b373a1,ace_mmr_224,ace,mmr,0.0,0.0,0.0,0.1502,0.5,213.0,0.5,0.0
5ab639e65542995eadeeff7f,ace_mmr_224,ace,mmr,0.0,0.8,1.0,0.625,1.0,200.0,1.0,1.0
5ade99295542992fa25da7d8,ace_mmr_224,ace,mmr,0.0,0.0,1.0,0.4091,0.5,198.0,1.0,1.0
5ac26b7f55429951e9e685ae,ace_mmr_224,ace,mmr,0.0,0.0,1.0,0.1963,0.5,219.0,0.5,0.0
5ae351405542994393b9e67f,ace_mmr_224,ace,mmr,0.0,0.0,1.0,0.433,1.0,224.0,1.0,1.0
5a7f6f4b5542994857a76740,ace_mmr_224,ace,mmr,0.0,0.0,1.0,0.3665,1.0,221.0,1.0,1.0
5a81346055429926c1cdad13,ace_mmr_224,ace,mmr,0.0,0.1818,1.0,0.4128,1.0,218.0,1.0,1.0
5a716f575542994082a3e82f,ace_mmr_224,ace,mmr,0.0,0.8,1.0,0.463,1.0,216.0,1.0,1.0
5a812d0555429938b61422e1,ace_mmr_224,ace,mmr,1.0,1.0,1.0,1.0,1.0,222.0,1.0,1.0
5a826d2f5542995ce29dcd05,ace_mmr_224,ace,mmr,0.0,0.0,1.0,0.6887,1.0,212.0,1.0,1.0
5ab67c3f55429954757d32f9,ace_mmr_224,ace,mmr,1.0,1.0,0.0,0.7476,1.0,206.0,1.0,1.0
5ae20e265542994d89d5b325,ace_mmr_224,ace,mmr,0.0,0.0,0.0,0.0,0.0,210.0,0.0,0.0
5ae7eed8554299540e5a56b5,ace_mmr_224,ace,mmr,0.0,0.6667,1.0,0.5402,1.0,224.0,1.0,1.0
5a7555215542996c70cfaee1,ace_mmr_224,ace,mmr,1.0,1.0,1.0,0.1719,1.0,221.0,1.0,1.0
5ab9b29c554299743d22ebae,ace_mmr_224,ace,mmr,1.0,1.0,1.0,0.6376,1.0,218.0,1.0,1.0
5ae2c696554299495565db32,ace_mmr_224,ace,mmr,0.0,0.8333,1.0,0.6238,1.0,210.0,1.0,1.0
5a832f9d5542993344745fe4,ace_mmr_224,ace,mmr,0.0,0.0,0.0,0.0,0.0,218.0,0.5,0.0
5a79e3925542994bb9457130,ace_mmr_224,ace,mmr,0.0,0.6667,1.0,0.5,1.0,212.0,1.0,1.0
5ae713af554299572ea546bb,ace_mmr_224,ace,mmr,0.0,0.0,1.0,0.5238,1.0,210.0,1.0,1.0
5ade450b5542997c77adedc5,ace_mmr_224,ace,mmr,0.0,0.1538,1.0,0.564,1.0,211.0,1.0,1.0
5ab3cecd5542992ade7c6eae,ace_mmr_224,ace,mmr,0.0,0.0,0.0,0.3964,1.0,222.0,1.0,1.0
5ae4be5c5542995ad6573e3a,ace_mmr_224,ace,mmr,0.0,0.0,1.0,0.2899,0.5,207.0,0.5,0.0
5a8d5ec2554299585d9e37c4,ace_mmr_224,ace,mmr,0.0,0.0,0.0,0.5,1.0,210.0,1.0,1.0
5ae765185542995703ce8c0f,ace_mmr_224,ace,mmr,0.0,0.0,1.0,0.6422,1.0,218.0,1.0,1.0
5ab2c6a955429916697740c2,ace_mmr_224,ace,mmr,0.0,0.0,1.0,0.4218,1.0,211.0,1.0,1.0
5ab6369655429953192ad2a1,ace_mmr_224,ace,mmr,0.0,0.0,1.0,0.6786,1.0,224.0,1.0,1.0
5a7b220855429931da12c9e5,ace_mmr_224,ace,mmr,1.0,1.0,1.0,0.6323,1.0,223.0,1.0,1.0
5a81d92f554299676cceb0f9,ace_mmr_224,ace,mmr,0.0,0.0,0.0,0.3455,0.5,220.0,1.0,1.0
5a7b735c5542997c3ec9718a,ace_mmr_224,ace,mmr,0.0,0.0,1.0,0.5263,1.0,209.0,1.0,1.0
5a724a2b5542990c210a40bc,ace_mmr_224,ace,mmr,0.0,0.6667,1.0,0.1274,0.5,212.0,0.5,0.0
5ae5db98554299546bf82fa6,ace_mmr_224,ace,mmr,1.0,1.0,1.0,0.5164,1.0,213.0,1.0,1.0
5a7344e95542991f9a20c6ce,ace_mmr_224,ace,mmr,0.0,0.0,0.0,0.2048,0.5,210.0,0.5,0.0
5ab6dbc15542995eadef00cd,ace_mmr_224,ace,mmr,0.0,0.5,1.0,0.4775,1.0,222.0,1.0,1.0
5a88016b5542997e5c09a58a,ace_mmr_224,ace,mmr,0.0,0.0,1.0,0.4194,1.0,217.0,1.0,1.0
5ab5e024554299494045f097,ace_mmr_224,ace,mmr,0.0,0.0,0.0,0.4439,0.5,214.0,1.0,1.0
5ac44629554299194317395d,ace_mmr_224,ace,mmr,0.0,0.0,0.0,0.5238,0.5,210.0,0.5,0.0
5a7afdc85542992d025e672e,ace_mmr_224,ace,mmr,0.0,0.0,0.0,0.3301,0.5,206.0,0.5,0.0
5ae834e95542997ec272776a,ace_mmr_224,ace,mmr,1.0,1.0,1.0,0.5505,1.0,218.0,1.0,1.0
5abbdb335542992ccd8e7fc1,ace_mmr_224,ace,mmr,0.0,0.0,0.0,0.2794,1.0,204.0,1.0,1.0
5a79c9cc554299148911fa53,ace_mmr_224,ace,mmr,1.0,1.0,1.0,0.1675,0.5,209.0,0.5,0.0
5ac38c0755429939154137bb,ace_mmr_224,ace,mmr,0.0,0.0,0.0,0.2435,0.5,193.0,1.0,1.0
5a8b7cb95542995d1e6f13bb,ace_mmr_224,ace,mmr,0.0,0.0,0.0,0.0,0.0,224.0,0.0,0.0
5addfdfa5542997dc790710b,ace_mmr_224,ace,mmr,0.0,0.1538,1.0,0.3559,1.0,222.0,1.0,1.0
5a88d745554299206df2b378,ace_mmr_224,ace,mmr,1.0,1.0,1.0,0.5756,1.0,205.0,1.0,1.0
5ae6940e5542991bbc97613f,ace_mmr_224,ace,mmr,0.0,0.6667,1.0,0.3143,1.0,175.0,1.0,1.0
5abe3abb55429965af743ea1,ace_mmr_224,ace,mmr,0.0,0.0,0.0,0.3077,0.5,195.0,0.5,0.0
5a8ba9d255429971feec4759,ace_mmr_224,ace,mmr,0.0,0.0,1.0,0.6256,1.0,219.0,1.0,1.0
5ab2b6fb5542992953946848,ace_mmr_224,ace,mmr,1.0,1.0,1.0,0.6186,1.0,194.0,1.0,1.0
5adfd2f255429925eb1afaa5,ace_mmr_224,ace,mmr,0.0,0.0,0.0,0.1525,0.5,223.0,0.5,0.0
5a7a33a35542994f819ef14c,ace_mmr_224,ace,mmr,0.0,0.0,1.0,0.47,1.0,217.0,1.0,1.0
5a8ba07d5542996e8ac88985,ace_mmr_224,ace,mmr,0.0,0.0,0.0,0.2792,0.5,197.0,0.5,0.0
5ab8f57b5542991b5579f097,ace_mmr_224,ace,mmr,0.0,0.0,0.0,0.086,0.5,221.0,0.5,0.0
5abfb3425542990832d3a1c0,ace_mmr_224,ace,mmr,1.0,1.0,1.0,0.2156,0.5,218.0,0.5,0.0
5ab5ac345542992aa134a37f,ace_mmr_224,ace,mmr,0.0,0.5556,1.0,0.5274,1.0,201.0,1.0,1.0
5a8e63d65542995085b37421,ace_mmr_224,ace,mmr,1.0,1.0,0.0,0.2936,1.0,218.0,1.0,1.0
5a89706055429951533612f9,ace_mmr_224,ace,mmr,0.0,0.0,1.0,0.4714,1.0,210.0,1.0,1.0
5a8e612b5542995085b3741b,ace_mmr_224,ace,mmr,0.0,0.0,1.0,0.3673,1.0,196.0,1.0,1.0
5a738fb4554299623ed4abf9,ace_mmr_224,ace,mmr,1.0,1.0,1.0,0.6587,1.0,208.0,1.0,1.0
5a8bc29a5542995d1e6f1446,ace_mmr_224,ace,mmr,0.0,0.0,0.0,0.2857,0.5,224.0,0.5,0.0
5abfe2a15542997d6429591c,ace_mmr_224,ace,mmr,0.0,0.3333,1.0,0.2523,1.0,214.0,1.0,1.0
5a868ca055429960ec39b6be,ace_mmr_224,ace,mmr,1.0,1.0,1.0,0.1905,0.5,210.0,0.5,0.0
5a820f2c55429926c1cdae17,ace_mmr_224,ace,mmr,0.0,0.0,0.0,0.5367,1.0,218.0,1.0,1.0
5ae5a4e5554299546bf82f01,ace_mmr_224,ace,mmr,0.0,0.75,1.0,0.447,1.0,217.0,1.0,1.0
5a8d0c74554299585d9e37a1,ace_mmr_224,ace,mmr,0.0,0.0,1.0,0.4955,1.0,220.0,1.0,1.0
5ab9d7e4554299232ef4a21f,ace_mmr_224,ace,mmr,0.0,0.0,1.0,0.6442,1.0,208.0,1.0,1.0
5a7148d25542994082a3e766,ace_mmr_224,ace,mmr,1.0,1.0,1.0,0.3395,1.0,215.0,1.0,1.0
5ae6233c5542992ae0d1623e,ace_mmr_224,ace,mmr,0.0,0.0,1.0,0.2377,0.5,223.0,1.0,1.0
5adff2aa554299603e4183d0,ace_mmr_224,ace,mmr,0.0,0.0,1.0,0.381,1.0,210.0,1.0,1.0
5ade7fa3554299728e26c727,ace_mmr_224,ace,mmr,0.0,0.0,0.0,0.7238,1.0,210.0,1.0,1.0
5a8f38fa55429924144829f5,ace_mmr_224,ace,mmr,0.0,0.0,0.0,0.0,0.0,223.0,0.5,0.0
5a8f51695542992414482a3e,ace_mmr_224,ace,mmr,0.0,0.0,0.0,0.1128,0.5,195.0,0.5,0.0
5a88db445542993b751ca88a,ace_mmr_224,ace,mmr,1.0,1.0,1.0,0.3971,1.0,204.0,1.0,1.0
5a7ef6b35542994959419a94,ace_mmr_224,ace,mmr,0.0,0.6667,1.0,0.3384,1.0,198.0,1.0,1.0
5a8e494e5542995a26add4c8,ace_mmr_224,ace,mmr,0.0,0.5,1.0,0.6409,1.0,220.0,1.0,1.0
5ab5d43f5542997d4ad1f1f6,ace_mmr_224,ace,mmr,0.0,0.0,1.0,0.7714,1.0,210.0,1.0,1.0
5a7905ca554299148911f9c8,ace_mmr_224,ace,mmr,0.0,0.0,0.0,0.1839,0.5,223.0,0.5,0.0
5ab30f9a554299233954fef2,ace_mmr_224,ace,mmr,0.0,0.8,0.0,0.3069,0.5,189.0,1.0,1.0
5ab3849a55429969a97a8170,ace_mmr_224,ace,mmr,1.0,1.0,1.0,0.2178,0.5,202.0,0.5,0.0
5a7bc5f255429927d897c03e,ace_mmr_224,ace,mmr,1.0,1.0,1.0,0.3628,1.0,215.0,1.0,1.0
5a7f22005542993067513657,ace_mmr_224,ace,mmr,1.0,1.0,1.0,0.8091,1.0,220.0,1.0,1.0
5ab925fd554299131ca42281,ace_mmr_224,ace,mmr,0.0,0.0,1.0,0.6909,1.0,220.0,1.0,1.0
5a76244c554299109176e65d,ace_mmr_224,ace,mmr,0.0,0.0,0.0,0.5312,0.5,224.0,0.5,0.0
5ab53bee554299637185c526,ace_mmr_224,ace,mmr,0.0,0.0,0.0,0.2264,0.5,212.0,0.5,0.0
5ab6aa4c55429953192ad359,ace_mmr_224,ace,mmr,0.0,0.0,0.0,0.3317,0.5,208.0,0.5,0.0
5abe832a55429965af743f29,ace_mmr_224,ace,mmr,0.0,0.3636,1.0,0.4101,0.5,217.0,0.5,0.0
5ab5b732554299494045f03c,ace_mmr_224,ace,mmr,1.0,1.0,1.0,0.5721,1.0,215.0,1.0,1.0
5adffb4655429925eb1afbbf,ace_mmr_224,ace,mmr,1.0,1.0,1.0,0.2443,0.5,221.0,0.5,0.0
5ae6d3345542996d980e7c85,ace_mmr_224,ace,mmr,0.0,0.0,1.0,0.338,1.0,216.0,1.0,1.0
5ab878ba55429916710eb06c,ace_mmr_224,ace,mmr,0.0,0.0,1.0,0.3636,1.0,220.0,1.0,1.0
5a7509175542993748c897a3,ace_mmr_224,ace,mmr,1.0,1.0,1.0,0.3564,1.0,202.0,1.0,1.0
5a8ac38855429970aeb70300,ace_mmr_224,ace,mmr,1.0,1.0,1.0,0.4579,1.0,214.0,1.0,1.0
5a8bc03d5542996e8ac88a0b,ace_mmr_224,ace,mmr,0.0,0.0,1.0,0.4037,0.5,218.0,1.0,1.0
5ae4ad375542995dadf243a4,ace_mmr_224,ace,mmr,0.0,0.0,0.0,0.1691,0.5,207.0,0.5,0.0
5a7da0de5542990b8f5039d7,ace_mmr_224,ace,mmr,0.0,0.8,1.0,0.4698,1.0,215.0,1.0,1.0
5a8af0a355429950cd6afc1c,ace_mmr_224,ace,mmr,0.0,0.0,0.0,0.5288,1.0,208.0,1.0,1.0
5a73522d5542994cef4bc541,ace_mmr_224,ace,mmr,0.0,0.0,1.0,0.3041,1.0,217.0,1.0,1.0
5ab3a83d5542992ade7c6e08,ace_mmr_224,ace,mmr,0.0,0.0,1.0,0.791,1.0,201.0,1.0,1.0
5ab84d5a55429916710eb028,ace_mmr_224,ace,mmr,0.0,0.0,0.0,0.6346,0.5,208.0,1.0,1.0
5a7f57a45542992097ad2f29,ace_mmr_224,ace,mmr,0.0,0.8,1.0,0.5112,1.0,223.0,1.0,1.0
5ae764a85542997b22f6a720,ace_mmr_224,ace,mmr,0.0,0.5,1.0,0.5826,1.0,218.0,1.0,1.0
5a7b1023554299042af8f6c2,ace_mmr_224,ace,mmr,1.0,1.0,1.0,0.3857,1.0,210.0,1.0,1.0
5a80707e5542992bc0c4a70e,ace_mmr_224,ace,mmr,0.0,0.2667,0.0,0.1659,0.5,217.0,1.0,1.0
5a8e16a5554299068b959e58,ace_mmr_224,ace,mmr,1.0,1.0,1.0,0.7837,1.0,208.0,1.0,1.0
5a875cd65542996e4f30879d,ace_mmr_224,ace,mmr,1.0,1.0,1.0,0.4039,1.0,203.0,1.0,1.0
5a78d16455429974737f78bb,ace_mmr_224,ace,mmr,0.0,0.8,1.0,0.3218,1.0,174.0,1.0,1.0
5a895f6155429946c8d6e914,ace_mmr_224,ace,mmr,0.0,0.5,0.0,0.067,0.5,224.0,0.5,0.0
5a84f8555542997175ce1f3a,ace_mmr_224,ace,mmr,0.0,0.0,0.0,0.0,0.0,206.0,1.0,1.0
5ab31adc554299233954ff0a,ace_mmr_224,ace,mmr,0.0,0.0,0.0,0.5872,1.0,218.0,1.0,1.0
5ac3ba1855429939154138f3,ace_mmr_224,ace,mmr,0.0,0.0,0.0,0.2679,0.5,224.0,0.5,0.0
5a7380b955429908901be2d4,ace_mmr_224,ace,mmr,0.0,0.0,1.0,0.4265,1.0,204.0,1.0,1.0
5a8f92fb55429918e830d271,ace_mmr_224,ace,mmr,1.0,1.0,1.0,0.875,1.0,200.0,1.0,1.0
5a88082055429938390d3ed2,ace_mmr_224,ace,mmr,0.0,0.2857,0.0,0.4563,0.5,206.0,1.0,1.0
5a7d22dc5542995ed0d16600,ace_mmr_224,ace,mmr,1.0,1.0,1.0,0.4554,1.0,224.0,1.0,1.0
5ae291bb5542996483e649f6,ace_mmr_224,ace,mmr,0.0,0.0,1.0,0.2049,0.5,205.0,0.5,0.0
5abfde655542997719eab6f2,ace_mmr_224,ace,mmr,0.0,0.0,1.0,0.4354,1.0,209.0,1.0,1.0
5ae67fad5542991bbc976100,ace_mmr_224,ace,mmr,0.0,0.0,0.0,0.4888,0.5,223.0,0.5,0.0
5ab2a1f35542997061209677,ace_mmr_224,ace,mmr,0.0,0.8,0.0,0.2744,0.5,215.0,1.0,1.0
5a74ab6055429916b01641b9,ace_mmr_224,ace,mmr,1.0,1.0,1.0,0.4123,0.5,211.0,0.5,0.0
5a8b97485542995d1e6f140f,ace_mmr_224,ace,mmr,0.0,0.0,1.0,0.5734,1.0,218.0,1.0,1.0
5adcdc6c5542992c1e3a2437,ace_mmr_224,ace,mmr,0.0,0.0,0.0,0.5157,0.5,223.0,0.5,0.0
5ae73ddb554299572ea5478d,ace_mmr_224,ace,mmr,1.0,1.0,1.0,0.2883,1.0,222.0,1.0,1.0
5ade618e554299728e26c700,ace_mmr_224,ace,mmr,0.0,0.0,1.0,0.3422,1.0,187.0,1.0,1.0
5a76404b5542994ccc91873d,ace_mmr_224,ace,mmr,0.0,0.0,1.0,0.4778,1.0,203.0,1.0,1.0
5ac44b47554299194317396c,ace_mmr_224,ace,mmr,0.0,0.1818,1.0,0.6792,1.0,212.0,1.0,1.0
5ac27afa5542990b17b153b5,ace_mmr_224,ace,mmr,0.0,0.0,0.0,0.3469,0.5,196.0,0.5,0.0
5ac2c4fe554299218029db3b,ace_mmr_224,ace,mmr,0.0,0.0,1.0,0.3641,1.0,217.0,1.0,1.0
5ae49b705542995ad6573dbc,ace_mmr_224,ace,mmr,0.0,0.25,1.0,0.2596,1.0,208.0,1.0,1.0
5ae5fc345542993aec5ec1f8,ace_mmr_224,ace,mmr,1.0,1.0,1.0,0.5485,1.0,206.0,1.0,1.0
5a8d651955429941ae14dfaf,ace_mmr_224,ace,mmr,1.0,1.0,0.0,0.845,1.0,200.0,1.0,1.0
5a839cb9554299123d8c2169,ace_mmr_224,ace,mmr,1.0,1.0,0.0,0.2883,0.5,222.0,0.5,0.0
5adbe1b355429944faac23a0,ace_mmr_224,ace,mmr,1.0,1.0,1.0,0.2703,0.5,222.0,0.5,0.0
5ac29cf8554299218029dac2,ace_mmr_224,ace,mmr,0.0,0.0,1.0,0.3045,0.5,220.0,0.5,0.0
5ae21ef35542994d89d5b35d,ace_mmr_224,ace,mmr,0.0,0.0,0.0,0.6589,0.5,214.0,1.0,1.0
5ae1ebf95542997283cd22f2,ace_mmr_224,ace,mmr,1.0,1.0,1.0,0.6382,1.0,199.0,1.0,1.0
5a8b98665542995d1e6f1413,ace_mmr_224,ace,mmr,1.0,1.0,1.0,0.2079,1.0,202.0,1.0,1.0
5ae3d67f5542992f92d8238f,ace_mmr_224,ace,mmr,0.0,0.0,0.0,0.1455,0.5,220.0,0.5,0.0
5a8cb4b2554299585d9e372a,ace_mmr_224,ace,mmr,0.0,0.4444,1.0,0.2556,1.0,223.0,1.0,1.0
5ae30aa05542992decbdcdd7,ace_mmr_224,ace,mmr,0.0,0.0,1.0,0.3676,1.0,204.0,1.0,1.0
5adcaa7f5542990d50227cdb,ace_mmr_224,ace,mmr,0.0,0.0,0.0,0.446,1.0,213.0,1.0,1.0
5a8d40715542994ba4e3dc3a,ace_mmr_224,ace,mmr,1.0,1.0,1.0,0.639,1.0,205.0,1.0,1.0
5ae4f2595542990ba0bbb1a8,ace_mmr_224,ace,mmr,1.0,1.0,1.0,0.5317,0.5,205.0,0.5,0.0
5ac507725542994611c8b32a,ace_mmr_224,ace,mmr,0.0,0.0,0.0,0.2111,0.5,199.0,0.5,0.0
5a8f5bb45542992414482a77,ace_mmr_224,ace,mmr,0.0,0.0,1.0,0.1883,1.0,223.0,1.0,1.0
5ae1f2d4554299234fd04358,ace_mmr_224,ace,mmr,0.0,0.0,0.0,0.1351,0.5,222.0,0.5,0.0
5ae2fca555429928c423958a,ace_mmr_224,ace,mmr,0.0,0.0,0.0,0.1814,0.5,215.0,0.5,0.0
5adc0f8d55429947ff1738ef,ace_mmr_224,ace,mmr,1.0,1.0,1.0,0.4272,1.0,206.0,1.0,1.0
5add64065542995b365fab25,ace_mmr_224,ace,mmr,0.0,0.0,1.0,0.3558,1.0,208.0,1.0,1.0
5a7d26bd554299452d57bb28,ace_mmr_224,ace,mmr,0.0,0.0,1.0,0.4887,1.0,221.0,1.0,1.0
5abba581554299642a094af9,ace_mmr_224,ace,mmr,0.0,0.0,0.0,0.0591,0.5,220.0,0.5,0.0
5a7f89c75542994857a76775,ace_mmr_224,ace,mmr,0.0,0.0,0.0,0.3395,0.5,215.0,0.5,0.0
5ae531695542990ba0bbb1fb,ace_mmr_224,ace,mmr,0.0,0.0,0.0,0.4409,0.5,220.0,0.5,0.0
5a8d5f16554299585d9e37c5,ace_mmr_224,ace,mmr,1.0,1.0,1.0,0.4545,1.0,209.0,1.0,1.0
5ade1f1c55429939a52fe82d,ace_mmr_224,ace,mmr,1.0,1.0,1.0,0.6409,1.0,220.0,1.0,1.0
5a70f4c45542994082a3e437,ace_mmr_224,ace,mmr,1.0,1.0,1.0,0.5613,1.0,212.0,1.0,1.0
5a8a07af55429970aeb70222,ace_mmr_224,ace,mmr,0.0,0.3333,1.0,0.2477,1.0,218.0,1.0,1.0
5abd332e5542993062266bdd,ace_mmr_224,ace,mmr,0.0,0.0,0.0,0.0,0.0,215.0,0.0,0.0
5ae4869755429970de88d99a,ace_mmr_224,ace,mmr,0.0,0.0,1.0,0.4143,1.0,210.0,1.0,1.0
5a8d841955429941ae14dfe6,ace_mmr_224,ace,mmr,0.0,0.0,1.0,0.1521,0.5,217.0,1.0,1.0
5a87c0945542996e4f30890b,ace_mmr_224,ace,mmr,1.0,1.0,0.0,0.5421,1.0,214.0,1.0,1.0
5a8a9bc15542996c9b8d5f36,ace_mmr_224,ace,mmr,1.0,1.0,1.0,0.5023,1.0,215.0,1.0,1.0
5adc93a4554299438c868e01,ace_mmr_224,ace,mmr,0.0,0.0,0.0,0.4375,0.5,208.0,0.5,0.0
5ae564a155429960a22e02e4,ace_mmr_224,ace,mmr,0.0,0.4,1.0,0.3641,1.0,217.0,1.0,1.0
5ab56b9b5542997d4ad1f113,ace_mmr_224,ace,mmr,0.0,0.0,1.0,0.3521,1.0,213.0,1.0,1.0
5a74d9c555429929fddd84fb,ace_mmr_224,ace,mmr,1.0,1.0,1.0,0.4866,1.0,224.0,1.0,1.0
5a8af56855429950cd6afc2f,ace_mmr_224,ace,mmr,0.0,0.0,0.0,0.0968,0.5,217.0,0.5,0.0
5ab3c470554299233954ffa1,ace_mmr_224,ace,mmr,1.0,1.0,1.0,0.4589,1.0,207.0,1.0,1.0
5ae20c465542997283cd236a,ace_mmr_224,ace,mmr,0.0,0.0,0.0,0.2949,0.5,217.0,0.5,0.0
5ab5b701554299637185c5e7,ace_mmr_224,ace,mmr,0.0,0.0,1.0,0.0,0.0,215.0,0.5,0.0
5ae829ea5542997ec2727738,ace_mmr_224,ace,mmr,0.0,0.3333,0.0,0.5859,0.5,198.0,0.5,0.0
5ac546975542993e66e8229a,ace_mmr_224,ace,mmr,1.0,1.0,1.0,0.4921,1.0,191.0,1.0,1.0
5a81a63c5542990a1d231e45,ace_mmr_224,ace,mmr,0.0,0.5,1.0,0.6036,1.0,222.0,1.0,1.0
5a72af155542992359bc316c,ace_mmr_224,ace,mmr,1.0,1.0,1.0,0.2308,0.5,221.0,1.0,1.0
5abd6f0855429933744ab7d5,ace_mmr_224,ace,mmr,0.0,0.0,0.0,0.3468,1.0,222.0,1.0,1.0
5adefcf15542995ec70e8f4c,ace_mmr_224,ace,mmr,0.0,0.0,1.0,0.5,1.0,216.0,1.0,1.0
5ae15ae25542990adbacf767,ace_mmr_224,ace,mmr,1.0,1.0,1.0,0.4118,1.0,221.0,1.0,1.0
5abbf43d5542993f40c73c2f,ace_mmr_224,ace,mmr,1.0,1.0,1.0,0.5784,1.0,204.0,1.0,1.0
5a7ab1b055429927d897bef4,ace_mmr_224,ace,mmr,1.0,1.0,1.0,0.2207,1.0,222.0,1.0,1.0
5a7d2afd5542995f4f402221,ace_mmr_224,ace,mmr,1.0,1.0,1.0,0.5781,1.0,192.0,1.0,1.0
5a84c0765542991dd0999dd9,ace_mmr_224,ace,mmr,0.0,0.0,0.0,0.1613,0.5,217.0,0.5,0.0
5ae0bc185542993d6555ec29,ace_mmr_224,ace,mmr,0.0,0.0,0.0,0.1339,0.5,224.0,0.5,0.0
5a7cef5d55429909bec768ac,ace_mmr_224,ace,mmr,0.0,0.0,1.0,0.6018,1.0,221.0,1.0,1.0
5a899f4955429946c8d6e971,ace_mmr_224,ace,mmr,1.0,1.0,1.0,0.522,0.5,205.0,0.5,0.0
5a8ed7b455429917b4a5bdd1,ace_mmr_224,ace,mmr,0.0,0.8,1.0,0.5392,1.0,204.0,1.0,1.0
5a835a265542992ef85e2281,ace_mmr_224,ace,mmr,0.0,0.5,1.0,0.5,1.0,210.0,1.0,1.0
5a8c52685542995e66a475bb,ace_mmr_224,ace,mmr,0.0,0.6667,1.0,0.3173,1.0,208.0,1.0,1.0
5ab4e48655429942dd415f9c,ace_mmr_224,ace,mmr,0.0,0.0,0.0,0.1869,0.5,214.0,0.5,0.0
5ae67dba55429908198fa5f0,ace_mmr_224,ace,mmr,0.0,0.0,1.0,0.3108,0.5,222.0,0.5,0.0
5ae13c5155429920d5234336,ace_mmr_224,ace,mmr,1.0,1.0,1.0,0.4904,1.0,208.0,1.0,1.0
5ab2b7405542991669774069,ace_mmr_224,ace,mmr,0.0,0.0,0.0,0.518,1.0,222.0,1.0,1.0
5ab1c693554299722f9b4c66,ace_mmr_224,ace,mmr,1.0,1.0,1.0,0.5682,1.0,220.0,1.0,1.0
5ae692e35542996d980e7c0e,ace_mmr_224,ace,mmr,0.0,0.0,1.0,0.4905,1.0,210.0,1.0,1.0
5a7f74975542992097ad2f77,ace_mmr_224,ace,mmr,0.0,0.0,0.0,0.4234,0.5,222.0,0.5,0.0
5a7e30b255429934daa2fbeb,ace_mmr_224,ace,mmr,0.0,0.0,1.0,0.3818,0.5,220.0,1.0,1.0
5a7ca95b55429935c91b5287,ace_mmr_224,ace,mmr,1.0,1.0,1.0,0.3165,0.5,218.0,0.5,0.0
5abfa18f5542990832d3a176,ace_mmr_224,ace,mmr,1.0,1.0,1.0,0.5874,1.0,223.0,1.0,1.0
5a8a39b355429930ff3c0d13,ace_mmr_224,ace,mmr,1.0,1.0,1.0,0.2963,0.5,216.0,0.5,0.0
5ab2958c554299449642c912,ace_mmr_224,ace,mmr,0.0,0.6667,1.0,0.7383,1.0,214.0,1.0,1.0
5ae7eaf65542994a481bbe1d,ace_mmr_224,ace,mmr,1.0,1.0,1.0,0.335,1.0,197.0,1.0,1.0
5aba916c55429901930fa83b,ace_mmr_224,ace,mmr,1.0,1.0,1.0,0.1801,0.5,211.0,0.5,0.0
5ac0d981554299012d1db646,ace_mmr_224,ace,mmr,1.0,1.0,1.0,0.8733,1.0,221.0,1.0,1.0
5ade653f55429975fa854ebb,ace_mmr_224,ace,mmr,0.0,0.75,1.0,0.3973,0.5,224.0,0.5,0.0
5ab54e145542992aa134a2a1,ace_mmr_224,ace,mmr,0.0,0.4,1.0,0.8682,1.0,220.0,1.0,1.0
5a8518a75542994c784ddaf7,ace_mmr_224,ace,mmr,0.0,0.0,1.0,0.5773,1.0,220.0,1.0,1.0
5ac175635542994ab5c67d4b,ace_mmr_224,ace,mmr,0.0,0.0,0.0,0.3094,0.5,223.0,0.5,0.0
5abd889f55429924427fd046,ace_mmr_224,ace,mmr,1.0,1.0,1.0,0.472,1.0,214.0,1.0,1.0
5a772c925542993735360208,ace_mmr_224,ace,mmr,1.0,1.0,1.0,0.5721,1.0,222.0,1.0,1.0
5ab492155542991779162ce3,ace_mmr_224,ace,mmr,0.0,0.25,0.0,0.196,0.5,199.0,0.5,0.0
5ae5ef105542996de7b71a72,ace_mmr_224,ace,mmr,0.0,0.6667,1.0,0.2744,0.5,215.0,1.0,1.0
5a8ad2f3554299515336138d,ace_mmr_224,ace,mmr,1.0,1.0,1.0,0.7059,1.0,221.0,1.0,1.0
5a7d07a455429907fabef0ae,ace_mmr_224,ace,mmr,0.0,0.5,1.0,0.3583,1.0,187.0,1.0,1.0
5aba89d555429901930fa816,ace_mmr_224,ace,mmr,0.0,0.0,0.0,0.338,0.5,213.0,1.0,1.0
5a8c7623554299653c1aa07a,ace_mmr_224,ace,mmr,1.0,1.0,1.0,0.5427,1.0,199.0,1.0,1.0
5a79ecd05542996c55b2dca1,ace_mmr_224,ace,mmr,0.0,0.0,0.0,0.1644,0.5,219.0,0.5,0.0
5adec4695542992fa25da83a,ace_mmr_224,ace,mmr,1.0,1.0,1.0,0.5882,1.0,221.0,1.0,1.0
5ae608f2554299546bf83026,ace_mmr_224,ace,mmr,0.0,0.0,1.0,0.2909,1.0,220.0,1.0,1.0
5abfd5c45542994516f4550e,ace_mmr_224,ace,mmr,0.0,0.0,0.0,0.2936,0.5,218.0,1.0,1.0
5adce12e5542990d50227d4f,ace_mmr_224,ace,mmr,1.0,1.0,1.0,0.3702,1.0,208.0,1.0,1.0
5a851b0d5542997175ce1f7f,ace_mmr_224,ace,mmr,0.0,0.0,0.0,0.1675,0.5,197.0,1.0,1.0
5ae164cf5542997b2ef7d1cd,ace_mmr_224,ace,mmr,1.0,1.0,1.0,0.5566,1.0,221.0,1.0,1.0
5a8c493e554299653c1aa020,ace_mmr_224,ace,mmr,0.0,0.0,0.0,0.1749,0.5,223.0,0.5,0.0
5a89dbec554299669944a5d6,ace_mmr_224,ace,mmr,0.0,0.0,0.0,0.5,1.0,222.0,1.0,1.0
5ae1389655429901ffe4ae05,ace_mmr_224,ace,mmr,0.0,0.0,1.0,0.7477,1.0,222.0,1.0,1.0
5adc6a3b55429947ff173953,ace_mmr_224,ace,mmr,1.0,1.0,1.0,0.5918,1.0,196.0,1.0,1.0
5ac02880554299012d1db5c0,ace_mmr_224,ace,mmr,1.0,1.0,1.0,0.568,1.0,206.0,1.0,1.0
5aba0c2655429955dce3edb7,ace_mmr_224,ace,mmr,0.0,0.0,1.0,0.1887,0.5,212.0,0.5,0.0
5add44c25542997545bbbd0a,ace_mmr_224,ace,mmr,0.0,0.2857,1.0,0.3303,1.0,221.0,1.0,1.0
5a7616755542992d0ec06028,ace_mmr_224,ace,mmr,0.0,0.0,0.0,0.3043,0.5,184.0,1.0,1.0
5add1d575542992c1e3a2540,ace_submod_224,ace,submod,0.0,0.0,0.0,0.1075,0.5,214.0,0.5,0.0
5ac55ea55542993e66e82377,ace_submod_224,ace,submod,0.0,0.8,1.0,0.6872,1.0,211.0,1.0,1.0
5ac3a76e554299741d48a2be,ace_submod_224,ace,submod,1.0,1.0,1.0,0.3627,1.0,193.0,1.0,1.0
5a7133565542994082a3e65c,ace_submod_224,ace,submod,0.0,0.6667,1.0,0.5217,1.0,184.0,1.0,1.0
5ac1a4745542991316484b82,ace_submod_224,ace,submod,0.0,0.0,0.0,0.4318,0.5,220.0,0.5,0.0
5adc597d55429947ff17392f,ace_submod_224,ace,submod,0.0,0.0,0.0,0.3397,0.5,209.0,0.5,0.0
5ac55e835542993e66e82375,ace_submod_224,ace,submod,1.0,1.0,1.0,0.6073,1.0,219.0,1.0,1.0
5a8d9e0f554299441c6ba015,ace_submod_224,ace,submod,0.0,0.0,0.0,0.2991,0.5,224.0,0.5,0.0
5ae70ed7554299572ea546a1,ace_submod_224,ace,submod,1.0,1.0,1.0,0.3864,1.0,220.0,1.0,1.0
5a74a8fa55429929fddd8497,ace_submod_224,ace,submod,0.0,0.0,0.0,0.4,1.0,215.0,1.0,1.0
5a7cb94f554299683c1c6353,ace_submod_224,ace,submod,0.0,0.0,0.0,0.1441,0.5,222.0,0.5,0.0
5ab874ba5542990e739ec904,ace_submod_224,ace,submod,0.0,0.0,1.0,0.3005,1.0,203.0,1.0,1.0
5ae3a8985542992f92d82329,ace_submod_224,ace,submod,0.0,0.6667,1.0,0.411,1.0,219.0,1.0,1.0
5ac39f7b554299218029dbe7,ace_submod_224,ace,submod,1.0,1.0,1.0,0.5022,1.0,223.0,1.0,1.0
5ae27b535542996483e649b6,ace_submod_224,ace,submod,1.0,1.0,1.0,0.5425,1.0,212.0,1.0,1.0
5a7331de5542994cef4bc4a8,ace_submod_224,ace,submod,0.0,0.129,1.0,0.4749,1.0,219.0,1.0,1.0
5ac15de55542991316484afb,ace_submod_224,ace,submod,0.0,0.0,0.0,0.1835,0.5,218.0,1.0,1.0
5a7c6c9d554299683c1c6302,ace_submod_224,ace,submod,0.0,0.0,0.0,0.124,0.5,129.0,0.5,0.0
5ae6363b55429929b0807af0,ace_submod_224,ace,submod,0.0,0.0,0.0,0.1928,0.5,166.0,0.5,0.0
5a8cea40554299441c6b9f76,ace_submod_224,ace,submod,0.0,0.0,1.0,0.3379,1.0,219.0,1.0,1.0
5ab5ecd75542992aa134a3e6,ace_submod_224,ace,submod,0.0,0.8571,1.0,0.1964,0.5,224.0,0.5,0.0
5a84c5545542991dd0999dee,ace_submod_224,ace,submod,0.0,0.0,0.0,0.4085,0.5,213.0,0.5,0.0
5adeacf955429975fa854f66,ace_submod_224,ace,submod,0.0,0.0,0.0,0.3889,0.5,216.0,0.5,0.0
5a8ce15d554299653c1aa12f,ace_submod_224,ace,submod,0.0,0.0,0.0,0.362,1.0,221.0,1.0,1.0
5ade4da055429939a52fe878,ace_submod_224,ace,submod,1.0,1.0,0.0,0.4764,1.0,212.0,1.0,1.0
5ab2a186554299295394677b,ace_submod_224,ace,submod,0.0,0.0,1.0,0.482,1.0,222.0,1.0,1.0
5ade66e1554299728e26c713,ace_submod_224,ace,submod,1.0,1.0,1.0,0.5381,1.0,210.0,1.0,1.0
5a7c634c55429907fabeef79,ace_submod_224,ace,submod,1.0,1.0,1.0,0.4789,1.0,190.0,1.0,1.0
5ae13f3c5542997b2ef7d168,ace_submod_224,ace,submod,0.0,0.0,0.0,0.2192,0.5,219.0,0.5,0.0
5ae17cd055429901ffe4aea3,ace_submod_224,ace,submod,1.0,1.0,1.0,0.3301,1.0,206.0,1.0,1.0
5ae7940c55429952e35ea984,ace_submod_224,ace,submod,0.0,0.5,0.0,0.1937,0.5,222.0,0.5,0.0
5a7296815542991f9a20c515,ace_submod_224,ace,submod,1.0,1.0,1.0,0.3581,1.0,215.0,1.0,1.0
5ab2e8ad554299340b525562,ace_submod_224,ace,submod,1.0,1.0,1.0,0.4233,1.0,215.0,1.0,1.0
5a89b1de5542992e4fca8378,ace_submod_224,ace,submod,1.0,1.0,1.0,0.5693,1.0,202.0,1.0,1.0
5ab78edc5542995dae37e95c,ace_submod_224,ace,submod,0.0,0.0,0.0,0.1883,0.5,223.0,0.5,0.0
5ae73acb5542991e8301cc07,ace_submod_224,ace,submod,0.0,0.0,1.0,0.7135,1.0,185.0,1.0,1.0
5a8257fa55429940e5e1a866,ace_submod_224,ace,submod,1.0,1.0,1.0,0.434,1.0,212.0,1.0,1.0
5a8d8e4f5542994ba4e3dca7,ace_submod_224,ace,submod,0.0,0.5,1.0,0.6043,1.0,187.0,1.0,1.0
5a8a07725542992d82986e5b,ace_submod_224,ace,submod,1.0,1.0,0.0,0.2892,0.5,204.0,0.5,0.0
5a79fac85542996c55b2dcc1,ace_submod_224,ace,submod,0.0,0.5,0.0,0.4474,0.5,190.0,0.5,0.0
5a81537355429926c1cdad20,ace_submod_224,ace,submod,0.0,0.3077,1.0,0.3384,1.0,198.0,1.0,1.0
5a721d5a55429971e9dc9283,ace_submod_224,ace,submod,0.0,0.4444,1.0,0.4439,1.0,214.0,1.0,1.0
5a7aa2a255429941d65f270e,ace_submod_224,ace,submod,0.0,0.8,1.0,0.3468,1.0,222.0,1.0,1.0
5abe6f8455429965af743f03,ace_submod_224,ace,submod,0.0,0.0,1.0,0.5381,1.0,210.0,1.0,1.0
5ae7257a554299572ea54731,ace_submod_224,ace,submod,1.0,1.0,1.0,0.5052,1.0,194.0,1.0,1.0
5ac0e0e25542997d64295a6f,ace_submod_224,ace,submod,0.0,0.0,0.0,0.2995,0.5,187.0,0.5,0.0
5a72688c5542997f827839b2,ace_submod_224,ace,submod,1.0,1.0,1.0,0.5091,1.0,220.0,1.0,1.0
5adea0c5554299728e26c776,ace_submod_224,ace,submod,0.0,0.0,0.0,0.586,1.0,186.0,1.0,1.0
5ab8372255429919ba4e226b,ace_submod_224,ace,submod,1.0,1.0,1.0,0.5089,1.0,224.0,1.0,1.0
5ac0e064554299012d1db64e,ace_submod_224,ace,submod,0.0,0.0,1.0,0.5098,1.0,204.0,1.0,1.0
5a8574945542997b5ce3fffb,ace_submod_224,ace,submod,1.0,1.0,1.0,0.6332,1.0,199.0,1.0,1.0
5a8704f8554299211dda2ba4,ace_submod_224,ace,submod,0.0,0.5,0.0,0.3604,1.0,222.0,1.0,1.0
5a81d1f0554299676cceb0ee,ace_submod_224,ace,submod,0.0,0.0,0.0,0.3889,1.0,216.0,1.0,1.0
5a7bf84b5542996dd594b875,ace_submod_224,ace,submod,1.0,1.0,1.0,0.4038,1.0,213.0,1.0,1.0
5ab69e4f554299710c8d1eee,ace_submod_224,ace,submod,1.0,1.0,1.0,0.5721,1.0,201.0,1.0,1.0
5ae64ad25542995703ce8b4f,ace_submod_224,ace,submod,0.0,0.0,0.0,0.1209,0.5,215.0,0.5,0.0
5a7571135542992d0ec05f98,ace_submod_224,ace,submod,1.0,1.0,1.0,0.2601,1.0,223.0,1.0,1.0
5a8f2fed55429918e830d1c7,ace_submod_224,ace,submod,0.0,0.0,1.0,0.5,1.0,216.0,1.0,1.0
5ab596d95542992aa134a371,ace_submod_224,ace,submod,0.0,0.0,1.0,0.3763,1.0,194.0,1.0,1.0
5a71214d5542994082a3e5b9,ace_submod_224,ace,submod,0.0,0.0,1.0,0.4299,0.5,214.0,1.0,1.0
5ac298f9554299657fa28fc9,ace_submod_224,ace,submod,0.0,0.125,1.0,0.589,1.0,219.0,1.0,1.0
5ae35e8c5542990afbd1e120,ace_submod_224,ace,submod,0.0,0.25,0.0,0.5291,0.5,223.0,0.5,0.0
5ae616ce5542992663a4f259,ace_submod_224,ace,submod,0.0,0.3333,0.0,0.2731,0.5,216.0,0.5,0.0
5abbc3a955429931dba144f9,ace_submod_224,ace,submod,0.0,0.0,0.0,0.2562,0.5,203.0,0.5,0.0
5adfe6c455429906c02daa85,ace_submod_224,ace,submod,0.0,0.0,1.0,0.1767,0.5,215.0,0.5,0.0
5a7f924c55429969796c1aba,ace_submod_224,ace,submod,0.0,0.0,0.0,0.2075,0.5,212.0,0.5,0.0
5ab938fb554299131ca422ce,ace_submod_224,ace,submod,0.0,0.0,1.0,0.4078,1.0,206.0,1.0,1.0
5ae1e80b5542997f29b3c197,ace_submod_224,ace,submod,0.0,0.0,0.0,0.1604,0.5,187.0,0.5,0.0
5a89e3995542992e4fca844d,ace_submod_224,ace,submod,0.0,0.0,0.0,0.4127,0.5,189.0,0.5,0.0
5ab8919655429934fafe6e13,ace_submod_224,ace,submod,1.0,1.0,1.0,0.3589,0.5,209.0,0.5,0.0
5add18345542994ed6169c7e,ace_submod_224,ace,submod,1.0,1.0,1.0,0.4036,1.0,223.0,1.0,1.0
5a825b0e55429954d2e2eb0c,ace_submod_224,ace,submod,0.0,0.0,0.0,0.2629,0.5,213.0,0.5,0.0
5ab54056554299488d4d9923,ace_submod_224,ace,submod,0.0,0.0,1.0,0.0758,0.5,198.0,0.5,0.0
5a8a416955429930ff3c0d2b,ace_submod_224,ace,submod,1.0,1.0,1.0,0.3761,1.0,218.0,1.0,1.0
5a729fe55542991f9a20c53b,ace_submod_224,ace,submod,0.0,0.5,0.0,0.3514,1.0,222.0,1.0,1.0
5abee41a5542993fe9a41d79,ace_submod_224,ace,submod,1.0,1.0,1.0,0.7097,1.0,217.0,1.0,1.0
5a8327fd5542990548d0b1a3,ace_submod_224,ace,submod,1.0,1.0,1.0,0.47,1.0,217.0,1.0,1.0
5a7264ed5542990c210a411a,ace_submod_224,ace,submod,0.0,0.0,0.0,0.2648,0.5,219.0,1.0,1.0
5a74cfc75542996c70cfadfe,ace_submod_224,ace,submod,0.0,0.75,1.0,0.4423,1.0,208.0,1.0,1.0
5abe3c7555429965af743ea5,ace_submod_224,ace,submod,0.0,0.0,1.0,0.4409,1.0,220.0,1.0,1.0
5a88a5645542997e5c09a679,ace_submod_224,ace,submod,0.0,0.0,1.0,0.6996,1.0,223.0,1.0,1.0
5a8756aa5542994846c1cd69,ace_submod_224,ace,submod,0.0,0.5,1.0,0.6219,1.0,201.0,1.0,1.0
5a83ab355542990548d0b218,ace_submod_224,ace,submod,1.0,1.0,1.0,0.5327,1.0,199.0,1.0,1.0
5abe407155429976d4830ab4,ace_submod_224,ace,submod,0.0,0.0,0.0,0.425,1.0,200.0,1.0,1.0
5a769b115542993569682c51,ace_submod_224,ace,submod,1.0,1.0,1.0,0.2216,0.5,194.0,0.5,0.0
5abb8a9b5542996cc5e4a016,ace_submod_224,ace,submod,0.0,0.0,1.0,0.4185,1.0,184.0,1.0,1.0
5adf4b335542993a75d264a5,ace_submod_224,ace,submod,0.0,0.4,1.0,0.15,0.5,220.0,0.5,0.0
5a8a19c45542992e4fca8501,ace_submod_224,ace,submod,0.0,0.0,0.0,0.4293,1.0,205.0,1.0,1.0
5ac2f34455429921a00ab0b6,ace_submod_224,ace,submod,0.0,0.25,1.0,0.533,1.0,212.0,1.0,1.0
5a7e040f5542990b8f503b13,ace_submod_224,ace,submod,1.0,1.0,1.0,0.232,1.0,181.0,1.0,1.0
5a8f186055429918e830d186,ace_submod_224,ace,submod,0.0,0.0,1.0,0.5101,1.0,198.0,1.0,1.0
5ac4fbe255429924173fb53b,ace_submod_224,ace,submod,0.0,0.0,0.0,0.2838,1.0,222.0,1.0,1.0
5a8591715542994c784ddb27,ace_submod_224,ace,submod,0.0,0.0,0.0,0.2059,0.5,204.0,0.5,0.0
5a8ee3a755429917b4a5be02,ace_submod_224,ace,submod,0.0,0.5714,0.0,0.274,0.5,208.0,0.5,0.0
5ab985eb554299131ca42360,ace_submod_224,ace,submod,1.0,1.0,1.0,0.2311,1.0,212.0,1.0,1.0
5ab431d855429942dd415ed2,ace_submod_224,ace,submod,0.0,0.75,1.0,0.3316,0.5,187.0,0.5,0.0
5a771ead55429966f1a36c7c,ace_submod_224,ace,submod,0.0,0.0,1.0,0.2598,0.5,204.0,0.5,0.0
5ac46a8b5542991943173980,ace_submod_224,ace,submod,0.0,0.0,1.0,0.2283,0.5,219.0,1.0,1.0
5abda2b755429933744ab80f,ace_submod_224,ace,submod,1.0,1.0,1.0,0.593,1.0,199.0,1.0,1.0
5adc02445542994650320c4e,ace_submod_224,ace,submod,1.0,1.0,1.0,0.3636,1.0,198.0,1.0,1.0
5a8b128455429971feec463b,ace_submod_224,ace,submod,0.0,0.0,0.0,0.2703,0.5,222.0,0.5,0.0
5a803ed45542996402f6a496,ace_submod_224,ace,submod,1.0,1.0,1.0,0.5305,0.5,213.0,1.0,1.0
5a74c85055429916b0164218,ace_submod_224,ace,submod,0.0,0.0,0.0,0.1869,0.5,198.0,0.5,0.0
5ac288a95542990b17b153e5,ace_submod_224,ace,submod,0.0,0.0,0.0,0.1005,0.5,209.0,0.5,0.0
5ab2123155429970612095b9,ace_submod_224,ace,submod,0.0,0.4,1.0,0.3198,0.5,197.0,0.5,0.0
5a82edae55429966c78a6a9f,ace_submod_224,ace,submod,0.0,0.0,1.0,0.093,0.5,215.0,1.0,1.0
5ae22b8d554299234fd0440f,ace_submod_224,ace,submod,0.0,0.0,0.0,0.1944,0.5,216.0,1.0,1.0
5adbda2755429944faac2385,ace_submod_224,ace,submod,1.0,1.0,1.0,0.457,1.0,221.0,1.0,1.0
5ae1d1a55542997f29b3c138,ace_submod_224,ace,submod,0.0,0.8889,1.0,0.4206,1.0,214.0,1.0,1.0
5ac3a2f35542993915413856,ace_submod_224,ace,submod,0.0,0.0,1.0,0.4045,1.0,220.0,1.0,1.0
5a7647b85542992d0ec0608a,ace_submod_224,ace,submod,1.0,1.0,1.0,0.4054,1.0,222.0,1.0,1.0
5ac49a1c5542996feb3fe905,ace_submod_224,ace,submod,0.0,0.0,0.0,0.3178,0.5,214.0,0.5,0.0
5ae60484554299546bf8301a,ace_submod_224,ace,submod,0.0,0.0,0.0,0.1889,0.5,217.0,0.5,0.0
5a84cf175542992a431d1aa2,ace_submod_224,ace,submod,0.0,0.0,1.0,0.2326,1.0,215.0,1.0,1.0
5a81b2505542995ce29dcc32,ace_submod_224,ace,submod,1.0,1.0,1.0,0.5953,1.0,215.0,1.0,1.0
5ab568af554299494045efaf,ace_submod_224,ace,submod,1.0,1.0,1.0,0.5089,1.0,224.0,1.0,1.0
5a8f7a135542992414482adc,ace_submod_224,ace,submod,0.0,0.0,0.0,0.25,0.5,216.0,0.5,0.0
5ab2be71554299166977408c,ace_submod_224,ace,submod,0.0,0.4,0.0,0.399,0.5,208.0,1.0,1.0
5ae537e45542990ba0bbb235,ace_submod_224,ace,submod,1.0,1.0,1.0,0.4529,1.0,223.0,1.0,1.0
5ac2546a554299636651997b,ace_submod_224,ace,submod,1.0,1.0,1.0,0.5,1.0,224.0,1.0,1.0
5ae356045542990afbd1e10d,ace_submod_224,ace,submod,0.0,0.2667,1.0,0.1614,0.5,223.0,0.5,0.0
5ae1e6d95542997283cd22c3,ace_submod_224,ace,submod,0.0,0.5714,1.0,0.3684,0.5,209.0,0.5,0.0
5a8b8f5b55429949d91db5e1,ace_submod_224,ace,submod,0.0,0.0,1.0,0.2897,1.0,214.0,1.0,1.0
5ab3460055429976abd1bc80,ace_submod_224,ace,submod,1.0,1.0,1.0,0.271,1.0,214.0,1.0,1.0
5a7d2afb554299452d57bb41,ace_submod_224,ace,submod,1.0,1.0,1.0,0.5561,1.0,214.0,1.0,1.0
5adea95055429939a52fe931,ace_submod_224,ace,submod,0.0,0.6667,1.0,0.3364,1.0,220.0,1.0,1.0
5ab7d33d5542992aa3b8c859,ace_submod_224,ace,submod,1.0,1.0,1.0,0.5163,1.0,215.0,1.0,1.0
5a893f305542993b751ca91e,ace_submod_224,ace,submod,0.0,0.0,1.0,0.3782,1.0,156.0,1.0,1.0
5adea83b55429975fa854f53,ace_submod_224,ace,submod,0.0,0.0,1.0,0.0679,0.5,221.0,0.5,0.0
5ae1d32a554299492dc91b9c,ace_submod_224,ace,submod,1.0,1.0,1.0,0.3286,0.5,140.0,0.5,0.0
5a82accd55429966c78a6a78,ace_submod_224,ace,submod,0.0,0.0,0.0,0.157,0.5,223.0,0.5,0.0
5a90ba1b55429933b8a205c6,ace_submod_224,ace,submod,1.0,1.0,1.0,0.5392,1.0,204.0,1.0,1.0
5adcb6875542994ed6169bcb,ace_submod_224,ace,submod,0.0,0.0,1.0,0.2088,1.0,182.0,1.0,1.0
5a7f95685542995d8a8ddeaa,ace_submod_224,ace,submod,1.0,1.0,1.0,0.5397,1.0,189.0,1.0,1.0
5a78b386554299148911f949,ace_submod_224,ace,submod,0.0,0.1429,0.0,0.157,0.5,223.0,0.5,0.0
5a8c781c554299653c1aa083,ace_submod_224,ace,submod,0.0,0.2857,1.0,0.4661,1.0,221.0,1.0,1.0
5a80ae105542992bc0c4a7a2,ace_submod_224,ace,submod,1.0,1.0,1.0,0.2383,1.0,214.0,1.0,1.0
5a84992e5542992a431d1a6d,ace_submod_224,ace,submod,1.0,1.0,1.0,0.4951,1.0,206.0,1.0,1.0
5a8f2cc855429918e830d1be,ace_submod_224,ace,submod,0.0,0.0,0.0,0.0904,0.5,177.0,0.5,0.0
5a8841ee5542994846c1ce6b,ace_submod_224,ace,submod,0.0,0.0,1.0,0.5192,1.0,208.0,1.0,1.0
5adf85e05542993344016cba,ace_submod_224,ace,submod,1.0,1.0,1.0,0.385,1.0,200.0,1.0,1.0
5a77415b55429966f1a36cd2,ace_submod_224,ace,submod,0.0,0.8,1.0,0.2269,1.0,216.0,1.0,1.0
5a72fc865542991f9a20c5e9,ace_submod_224,ace,submod,1.0,1.0,1.0,0.6233,1.0,223.0,1.0,1.0
5ac4e13f554299076e296e2d,ace_submod_224,ace,submod,1.0,1.0,1.0,0.4623,1.0,212.0,1.0,1.0
5a7796e05542992a6e59df0f,ace_submod_224,ace,submod,1.0,1.0,1.0,0.4503,1.0,191.0,1.0,1.0
5ae3eabc5542995dadf2424f,ace_submod_224,ace,submod,0.0,0.0,1.0,0.3744,1.0,219.0,1.0,1.0
5ae3c71f5542991a06ce9a22,ace_submod_224,ace,submod,0.0,0.6667,1.0,0.6039,1.0,207.0,1.0,1.0
5ae25d2b554299495565da46,ace_submod_224,ace,submod,0.0,0.0,1.0,0.7027,1.0,222.0,1.0,1.0
5ab8179f5542990e739ec817,ace_submod_224,ace,submod,1.0,1.0,1.0,0.3661,1.0,224.0,1.0,1.0
5adc411f5542994650320cbc,ace_submod_224,ace,submod,0.0,0.0,1.0,0.4273,1.0,220.0,1.0,1.0
5aba6f3e55429955dce3ee21,ace_submod_224,ace,submod,1.0,1.0,1.0,0.3831,1.0,201.0,1.0,1.0
5add2dae5542992c1e3a2558,ace_submod_224,ace,submod,1.0,1.0,1.0,0.775,1.0,160.0,1.0,1.0
5ae14b0655429920d52343a6,ace_submod_224,ace,submod,0.0,0.0,1.0,0.2019,0.5,208.0,1.0,1.0
5a730a6b5542992359bc3210,ace_submod_224,ace,submod,1.0,1.0,1.0,0.2706,1.0,218.0,1.0,1.0
5a75fa14554299109176e5dc,ace_submod_224,ace,submod,0.0,0.6667,0.0,0.588,1.0,216.0,1.0,1.0
5ac35a7e554299741d48a257,ace_submod_224,ace,submod,0.0,0.0,1.0,0.2735,0.5,223.0,0.5,0.0
5a8651185542994775f60752,ace_submod_224,ace,submod,0.0,0.0,0.0,0.2431,1.0,218.0,1.0,1.0
5a79fe3b5542994f819ef119,ace_submod_224,ace,submod,0.0,0.4,1.0,0.5022,1.0,223.0,1.0,1.0
5a8268215542995ce29dccfb,ace_submod_224,ace,submod,1.0,1.0,1.0,0.6965,1.0,201.0,1.0,1.0
5a7605f85542994ccc91868d,ace_submod_224,ace,submod,1.0,1.0,1.0,0.6193,1.0,218.0,1.0,1.0
5adf74075542992d7e9f937c,ace_submod_224,ace,submod,1.0,1.0,1.0,0.4954,1.0,218.0,1.0,1.0
5abe2b0155429976d4830a83,ace_submod_224,ace,submod,0.0,1.0,1.0,0.4372,1.0,215.0,1.0,1.0
5a849c1b5542997175ce1ef9,ace_submod_224,ace,submod,0.0,0.6667,1.0,0.2289,1.0,201.0,1.0,1.0
5a81108855429926c1cdace2,ace_submod_224,ace,submod,0.0,0.0,0.0,0.2186,0.5,215.0,0.5,0.0
5a8e06785542995085b37383,ace_submod_224,ace,submod,0.0,0.0,1.0,0.817,1.0,224.0,1.0,1.0
5adbfa38554299438c868d00,ace_submod_224,ace,submod,0.0,0.0,1.0,0.4866,1.0,224.0,1.0,1.0
5a73b1855542992d56e7e388,ace_submod_224,ace,submod,0.0,0.8,0.0,0.4806,1.0,206.0,1.0,1.0
5ab94fa25542996be2020474,ace_submod_224,ace,submod,0.0,0.0,0.0,0.2766,0.5,188.0,1.0,1.0
5a7e7d4655429934daa2fc2e,ace_submod_224,ace,submod,0.0,0.0,1.0,0.5885,1.0,192.0,1.0,1.0
5a75d9c05542992db94736f6,ace_submod_224,ace,submod,0.0,0.0,0.0,0.1932,0.5,207.0,0.5,0.0
5adf33965542993344016c20,ace_submod_224,ace,submod,1.0,1.0,1.0,0.2719,0.5,217.0,1.0,1.0
5a8f979255429918e830d288,ace_submod_224,ace,submod,0.0,0.3333,0.0,0.0,0.0,210.0,0.0,0.0
5a8a17685542993b751ca9f3,ace_submod_224,ace,submod,1.0,1.0,1.0,0.338,1.0,213.0,1.0,1.0
5abd56355542993062266c58,ace_submod_224,ace,submod,0.0,0.0,1.0,0.7265,1.0,223.0,1.0,1.0
5ab91f98554299753720f70d,ace_submod_224,ace,submod,0.0,0.5,1.0,0.5192,1.0,208.0,1.0,1.0
5a811152554299260e20a22e,ace_submod_224,ace,submod,0.0,0.8,1.0,0.2664,1.0,214.0,1.0,1.0
5a7a1f795542996c55b2dd1b,ace_submod_224,ace,submod,1.0,1.0,1.0,0.4729,1.0,203.0,1.0,1.0
5a7324e055429901807daf8f,ace_submod_224,ace,submod,0.0,0.8,0.0,0.446,1.0,213.0,1.0,1.0
5ab9618f554299743d22eb28,ace_submod_224,ace,submod,1.0,1.0,1.0,0.5727,1.0,220.0,1.0,1.0
5abffafe5542997d64295988,ace_submod_224,ace,submod,0.0,0.8,1.0,0.3874,0.5,222.0,0.5,0.0
5a8cee9b554299441c6b9f87,ace_submod_224,ace,submod,0.0,0.0,1.0,0.4019,1.0,209.0,1.0,1.0
5a7270395542992359bc30a8,ace_submod_224,ace,submod,0.0,0.0,0.0,0.276,0.5,221.0,0.5,0.0
5ac14d0c5542991316484ae2,ace_submod_224,ace,submod,0.0,0.0,1.0,0.1381,0.5,210.0,1.0,1.0
5a75a76b5542992db9473697,ace_submod_224,ace,submod,0.0,0.0,1.0,0.3139,1.0,223.0,1.0,1.0
5ab55455554299488d4d993b,ace_submod_224,ace,submod,0.0,0.0,0.0,0.2735,1.0,223.0,1.0,1.0
5a7f48e15542992e7d278ce6,ace_submod_224,ace,submod,0.0,0.0,0.0,0.3756,0.5,213.0,0.5,0.0
5ab7f0995542995dae37e9fb,ace_submod_224,ace,submod,0.0,0.0,0.0,0.419,1.0,210.0,1.0,1.0
5aba89fb5542994dbf019933,ace_submod_224,ace,submod,0.0,0.5714,1.0,0.4928,1.0,209.0,1.0,1.0
5a7621bb554299109176e650,ace_submod_224,ace,submod,0.0,0.0,0.0,0.2968,0.5,219.0,1.0,1.0
5a70f0e75542994082a3e408,ace_submod_224,ace,submod,0.0,0.0,1.0,0.4842,1.0,221.0,1.0,1.0
5a773ec45542994aec3b7245,ace_submod_224,ace,submod,1.0,1.0,1.0,0.4344,1.0,221.0,1.0,1.0
5a802b595542995d8a8ddf51,ace_submod_224,ace,submod,1.0,1.0,1.0,0.215,0.5,214.0,0.5,0.0
5a8de7c65542995085b37353,ace_submod_224,ace,submod,0.0,0.0,1.0,0.3251,1.0,203.0,1.0,1.0
5ab5b6c1554299637185c5e5,ace_submod_224,ace,submod,1.0,1.0,1.0,0.4434,1.0,221.0,1.0,1.0
5abb8e2d554299642a094aa4,ace_submod_224,ace,submod,1.0,1.0,1.0,0.3915,1.0,212.0,1.0,1.0
5a7642f7554299109176e6e8,ace_submod_224,ace,submod,1.0,1.0,1.0,0.3409,1.0,220.0,1.0,1.0
5a756b175542996c70cfaef7,ace_submod_224,ace,submod,1.0,1.0,1.0,0.6182,1.0,220.0,1.0,1.0
5a83161555429940e5e1a958,ace_submod_224,ace,submod,1.0,1.0,1.0,0.2773,1.0,220.0,1.0,1.0
5ab3eac5554299753aec59ec,ace_submod_224,ace,submod,0.0,0.0,1.0,0.4118,1.0,204.0,1.0,1.0
5a73090455429901807daf6e,ace_submod_224,ace,submod,1.0,1.0,1.0,0.4545,1.0,209.0,1.0,1.0
5a8c8502554299585d9e36d0,ace_submod_224,ace,submod,0.0,0.0,0.0,0.2182,1.0,220.0,1.0,1.0
5a7d598d5542995f4f402262,ace_submod_224,ace,submod,1.0,1.0,1.0,0.4382,1.0,178.0,1.0,1.0
5a77f4755542992a6e59e01f,ace_submod_224,ace,submod,1.0,1.0,1.0,0.6279,1.0,215.0,1.0,1.0
5abcf14f55429959677d6b5b,ace_submod_224,ace,submod,0.0,0.4444,1.0,0.3716,1.0,218.0,1.0,1.0
5a8d8eb5554299068b959d3a,ace_submod_224,ace,submod,1.0,1.0,1.0,0.2157,0.5,204.0,1.0,1.0
5a7e7ed05542991319bc94c2,ace_submod_224,ace,submod,0.0,0.2222,1.0,0.4777,1.0,224.0,1.0,1.0
5ae236445542992decbdcc69,ace_submod_224,ace,submod,0.0,0.4,0.0,0.4184,1.0,196.0,1.0,1.0
5a750de95542993748c897ac,ace_submod_224,ace,submod,0.0,0.3333,0.0,0.3524,1.0,210.0,1.0,1.0
5a7fc03d5542992097ad2fbc,ace_submod_224,ace,submod,0.0,0.0,1.0,0.426,1.0,223.0,1.0,1.0
5a7172105542994082a3e837,ace_submod_224,ace,submod,0.0,0.0,0.0,0.0872,0.5,218.0,1.0,1.0
5a847edd554299123d8c2272,ace_submod_224,ace,submod,0.0,0.0,0.0,0.4258,1.0,209.0,1.0,1.0
5ab761d955429928e1fe3856,ace_submod_224,ace,submod,1.0,1.0,1.0,0.2545,1.0,224.0,1.0,1.0
5a7a2dac5542990198eaf0b6,ace_submod_224,ace,submod,0.0,0.0,1.0,0.6727,1.0,220.0,1.0,1.0
5ae530e355429908b6326561,ace_submod_224,ace,submod,0.0,0.0,0.0,0.5434,0.5,219.0,0.5,0.0
5abcff225542993a06baf9ea,ace_submod_224,ace,submod,1.0,1.0,1.0,0.2765,1.0,217.0,1.0,1.0
5abe9f7d5542997ec76fd331,ace_submod_224,ace,submod,0.0,0.0,0.0,0.2271,0.5,207.0,0.5,0.0
5a8db42f5542994ba4e3dd11,ace_submod_224,ace,submod,1.0,1.0,1.0,0.2108,1.0,185.0,1.0,1.0
5ae658855542992ae0d162e3,ace_submod_224,ace,submod,0.0,0.0,0.0,0.0,0.0,205.0,0.5,0.0
5a8c6d4e5542996e8ac88aa6,ace_submod_224,ace,submod,0.0,0.0,1.0,0.3989,1.0,183.0,1.0,1.0
5aba65a055429939ce03dcd2,ace_submod_224,ace,submod,1.0,1.0,1.0,0.4241,1.0,191.0,1.0,1.0
5ae199305542997b2ef7d20e,ace_submod_224,ace,submod,0.0,0.0,0.0,0.1953,0.5,215.0,0.5,0.0
5a806aca5542996402f6a503,ace_submod_224,ace,submod,0.0,0.5,1.0,0.3769,0.5,199.0,0.5,0.0
5ae336495542990afbd1e0e1,ace_submod_224,ace,submod,1.0,1.0,1.0,0.5818,1.0,220.0,1.0,1.0
5a8198565542995ce29dcc13,ace_submod_224,ace,submod,0.0,0.0,0.0,0.3063,1.0,222.0,1.0,1.0
5a9068075542990a9849361a,ace_submod_224,ace,submod,0.0,0.0,1.0,0.5928,1.0,221.0,1.0,1.0
5a7a2be25542996a35c17118,ace_submod_224,ace,submod,1.0,1.0,1.0,0.2896,1.0,221.0,1.0,1.0
5a7562045542992db947364f,ace_submod_224,ace,submod,0.0,0.6667,1.0,0.1071,0.5,224.0,1.0,1.0
5ac2a55b55429921a00ab018,ace_submod_224,ace,submod,1.0,1.0,1.0,0.6197,1.0,213.0,1.0,1.0
5abccf6755429965836004ab,ace_submod_224,ace,submod,0.0,0.0,1.0,0.5517,1.0,174.0,1.0,1.0
5a7c8ae855429935c91b5207,ace_submod_224,ace,submod,0.0,0.8,1.0,0.5403,1.0,211.0,1.0,1.0
5ab30ebf554299753aec592c,ace_submod_224,ace,submod,0.0,0.0,1.0,0.2677,0.5,198.0,0.5,0.0
5ab2b95c5542991669774072,ace_submod_224,ace,submod,1.0,1.0,1.0,0.4242,1.0,198.0,1.0,1.0
5ac2a10e554299657fa28fec,ace_submod_224,ace,submod,1.0,1.0,1.0,0.3782,1.0,193.0,1.0,1.0
5abb02fe554299232ef4a39f,ace_submod_224,ace,submod,1.0,1.0,1.0,0.677,0.5,161.0,1.0,1.0
5a8eb4d65542990e94052b82,ace_submod_224,ace,submod,1.0,1.0,1.0,0.3143,1.0,210.0,1.0,1.0
5a8ba60b554299240d9c205b,ace_submod_224,ace,submod,1.0,1.0,1.0,0.5028,1.0,177.0,1.0,1.0
5a807ca5554299485f598613,ace_submod_224,ace,submod,0.0,0.0,0.0,0.266,0.5,188.0,1.0,1.0
5a7c0dab5542997c3ec972d2,ace_submod_224,ace,submod,0.0,0.0,1.0,0.7742,1.0,217.0,1.0,1.0
5a89019a5542995153361259,ace_submod_224,ace,submod,0.0,0.0,1.0,0.3221,0.5,208.0,0.5,0.0
5a7f00b455429930675135f1,ace_submod_224,ace,submod,1.0,1.0,1.0,0.3256,1.0,172.0,1.0,1.0
5a8220db5542995ce29dccc1,ace_submod_224,ace,submod,1.0,1.0,1.0,0.6435,1.0,216.0,1.0,1.0
5ab510cb5542996a3a96a00f,ace_submod_224,ace,submod,0.0,0.0,0.0,0.712,1.0,191.0,1.0,1.0
5a80a25d5542995d8a8ddfb7,ace_submod_224,ace,submod,0.0,0.0,0.0,0.2823,0.5,209.0,0.5,0.0
5adf5cd25542992d7e9f9320,ace_submod_224,ace,submod,0.0,0.0,1.0,0.199,0.5,206.0,0.5,0.0
5a75ebfc5542992d0ec06018,ace_submod_224,ace,submod,1.0,1.0,1.0,0.5097,1.0,206.0,1.0,1.0
5ab29caa554299545a2cf9d3,ace_submod_224,ace,submod,1.0,1.0,1.0,0.4581,1.0,203.0,1.0,1.0
5ae0536755429924de1b70a6,ace_submod_224,ace,submod,1.0,1.0,0.0,0.4706,1.0,204.0,1.0,1.0
5ae17a9b5542990adbacf7a2,ace_submod_224,ace,submod,0.0,0.0,0.0,0.3717,1.0,191.0,1.0,1.0
5a8f503c5542992414482a34,ace_submod_224,ace,submod,0.0,0.0,0.0,0.2059,0.5,204.0,0.5,0.0
5ae0159855429925eb1afc09,ace_submod_224,ace,submod,1.0,1.0,1.0,0.6651,1.0,218.0,1.0,1.0
5a8b2f2b5542995d1e6f12fa,ace_submod_224,ace,submod,0.0,0.0,1.0,0.2,1.0,200.0,1.0,1.0
5a90386455429916514e7435,ace_submod_224,ace,submod,0.0,0.0,1.0,0.6462,1.0,212.0,1.0,1.0
5ab43179554299233955004d,ace_submod_224,ace,submod,0.0,0.0,0.0,0.1634,0.5,202.0,0.5,0.0
5a8b42be55429949d91db515,ace_submod_224,ace,submod,0.0,0.5,1.0,0.4667,1.0,195.0,1.0,1.0
5a8d6d4e554299441c6b9fdb,ace_submod_224,ace,submod,1.0,1.0,1.0,0.3828,1.0,209.0,1.0,1.0
5ae40a2955429970de88d8a3,ace_submod_224,ace,submod,0.0,0.0,0.0,0.1061,0.5,198.0,0.5,0.0
5adcfebe5542992c1e3a24f3,ace_submod_224,ace,submod,0.0,0.0,1.0,0.3529,1.0,221.0,1.0,1.0
5ab5a3fb5542997d4ad1f19b,ace_submod_224,ace,submod,0.0,0.8,1.0,0.5047,1.0,212.0,1.0,1.0
5ac2ffbd554299677310267b,ace_submod_224,ace,submod,0.0,0.4,1.0,0.4223,1.0,206.0,1.0,1.0
5a7133fa5542994082a3e660,ace_submod_224,ace,submod,0.0,0.0,1.0,0.381,1.0,210.0,1.0,1.0
5abea7c25542990832d3a068,ace_submod_224,ace,submod,1.0,1.0,1.0,0.5767,1.0,189.0,1.0,1.0
5a8a09765542992d82986e67,ace_submod_224,ace,submod,0.0,0.8,0.0,0.4954,1.0,218.0,1.0,1.0
5a72a51355429901807daf21,ace_submod_224,ace,submod,0.0,0.5,0.0,0.1044,0.5,182.0,0.5,0.0
5aba72d75542994dbf019912,ace_submod_224,ace,submod,1.0,1.0,1.0,0.5317,1.0,205.0,1.0,1.0
5adcd9fe5542990d50227d46,ace_submod_224,ace,submod,0.0,0.0,1.0,0.2871,1.0,209.0,1.0,1.0
5ae5c212554299546bf82f4b,ace_submod_224,ace,submod,1.0,1.0,1.0,0.3502,1.0,217.0,1.0,1.0
5a7320565542991f9a20c61d,ace_submod_224,ace,submod,0.0,0.0,1.0,0.58,1.0,200.0,1.0,1.0
5add596f5542990dbb2f7e4d,ace_submod_224,ace,submod,0.0,0.0,0.0,0.1596,0.5,188.0,0.5,0.0
5adfb60655429942ec259b08,ace_submod_224,ace,submod,0.0,0.3333,0.0,0.1659,0.5,205.0,0.5,0.0
5a74adb455429916b01641c6,ace_submod_224,ace,submod,1.0,1.0,1.0,0.7568,1.0,222.0,1.0,1.0
5ae27df25542992decbdcd2a,ace_submod_224,ace,submod,0.0,0.0,0.0,0.4306,1.0,216.0,1.0,1.0
5a8baf4b5542996e8ac889c5,ace_submod_224,ace,submod,0.0,0.0,1.0,0.3175,1.0,211.0,1.0,1.0
5ae352285542994393b9e685,ace_submod_224,ace,submod,1.0,1.0,1.0,0.4683,1.0,126.0,1.0,1.0
5a8e0a005542995085b373a1,ace_submod_224,ace,submod,0.0,0.0,0.0,0.1502,0.5,213.0,0.5,0.0
5ab639e65542995eadeeff7f,ace_submod_224,ace,submod,0.0,0.8,0.0,0.3395,1.0,215.0,1.0,1.0
5ade99295542992fa25da7d8,ace_submod_224,ace,submod,0.0,0.0,0.0,0.4753,1.0,223.0,1.0,1.0
5ac26b7f55429951e9e685ae,ace_submod_224,ace,submod,0.0,0.0,0.0,0.1982,0.5,217.0,0.5,0.0
5ae351405542994393b9e67f,ace_submod_224,ace,submod,0.0,0.0,1.0,0.4491,1.0,216.0,1.0,1.0
5a7f6f4b5542994857a76740,ace_submod_224,ace,submod,0.0,0.5,1.0,0.652,1.0,204.0,1.0,1.0
5a81346055429926c1cdad13,ace_submod_224,ace,submod,0.0,0.2,1.0,0.4128,1.0,218.0,1.0,1.0
5a716f575542994082a3e82f,ace_submod_224,ace,submod,0.0,0.8,1.0,0.463,1.0,216.0,1.0,1.0
5a812d0555429938b61422e1,ace_submod_224,ace,submod,1.0,1.0,1.0,0.8204,1.0,206.0,1.0,1.0
5a826d2f5542995ce29dcd05,ace_submod_224,ace,submod,0.0,0.0,0.0,0.341,0.5,217.0,1.0,1.0
5ab67c3f55429954757d32f9,ace_submod_224,ace,submod,1.0,1.0,0.0,0.435,1.0,223.0,1.0,1.0
5ae20e265542994d89d5b325,ace_submod_224,ace,submod,0.0,0.0,0.0,0.0,0.0,210.0,0.0,0.0
5ae7eed8554299540e5a56b5,ace_submod_224,ace,submod,0.0,0.6667,1.0,0.4099,1.0,222.0,1.0,1.0
5a7555215542996c70cfaee1,ace_submod_224,ace,submod,1.0,1.0,1.0,0.3465,1.0,202.0,1.0,1.0
5ab9b29c554299743d22ebae,ace_submod_224,ace,submod,1.0,1.0,1.0,0.4049,1.0,163.0,1.0,1.0
5ae2c696554299495565db32,ace_submod_224,ace,submod,0.0,0.8333,1.0,1.0,1.0,213.0,1.0,1.0
5a832f9d5542993344745fe4,ace_submod_224,ace,submod,0.0,0.0,0.0,0.267,0.5,206.0,0.5,0.0
5a79e3925542994bb9457130,ace_submod_224,ace,submod,0.0,0.6667,1.0,0.5,1.0,212.0,1.0,1.0
5ae713af554299572ea546bb,ace_submod_224,ace,submod,0.0,0.0,1.0,0.4911,1.0,224.0,1.0,1.0
5ade450b5542997c77adedc5,ace_submod_224,ace,submod,0.0,0.6667,0.0,0.4241,0.5,224.0,1.0,1.0
5ab3cecd5542992ade7c6eae,ace_submod_224,ace,submod,0.0,0.0,0.0,0.3964,1.0,222.0,1.0,1.0
5ae4be5c5542995ad6573e3a,ace_submod_224,ace,submod,0.0,0.0,1.0,0.2913,0.5,206.0,0.5,0.0
5a8d5ec2554299585d9e37c4,ace_submod_224,ace,submod,0.0,0.0,0.0,0.5,1.0,210.0,1.0,1.0
5ae765185542995703ce8c0f,ace_submod_224,ace,submod,1.0,1.0,1.0,0.6111,1.0,198.0,1.0,1.0
5ab2c6a955429916697740c2,ace_submod_224,ace,submod,0.0,0.0,1.0,0.4564,1.0,195.0,1.0,1.0
5ab6369655429953192ad2a1,ace_submod_224,ace,submod,0.0,0.0,1.0,0.4916,1.0,179.0,1.0,1.0
5a7b220855429931da12c9e5,ace_submod_224,ace,submod,1.0,1.0,1.0,0.9189,1.0,222.0,1.0,1.0
5a81d92f554299676cceb0f9,ace_submod_224,ace,submod,0.0,0.0,1.0,0.6,1.0,220.0,1.0,1.0
5a7b735c5542997c3ec9718a,ace_submod_224,ace,submod,1.0,1.0,1.0,0.601,1.0,208.0,1.0,1.0
5a724a2b5542990c210a40bc,ace_submod_224,ace,submod,0.0,0.6667,1.0,0.1211,0.5,223.0,0.5,0.0
5ae5db98554299546bf82fa6,ace_submod_224,ace,submod,1.0,1.0,1.0,0.5046,1.0,218.0,1.0,1.0
5a7344e95542991f9a20c6ce,ace_submod_224,ace,submod,0.0,0.0,0.0,0.0,0.0,217.0,0.5,0.0
5ab6dbc15542995eadef00cd,ace_submod_224,ace,submod,0.0,0.0,1.0,0.5672,1.0,201.0,1.0,1.0
5a88016b5542997e5c09a58a,ace_submod_224,ace,submod,0.0,0.0,1.0,0.5091,1.0,220.0,1.0,1.0
5ab5e024554299494045f097,ace_submod_224,ace,submod,0.0,0.0,0.0,0.1659,0.5,223.0,1.0,1.0
5ac44629554299194317395d,ace_submod_224,ace,submod,0.0,0.0,0.0,0.3218,0.5,174.0,0.5,0.0
5a7afdc85542992d025e672e,ace_submod_224,ace,submod,1.0,1.0,1.0,0.285,0.5,193.0,0.5,0.0
5ae834e95542997ec272776a,ace_submod_224,ace,submod,1.0,1.0,1.0,0.1918,0.5,219.0,1.0,1.0
5abbdb335542992ccd8e7fc1,ace_submod_224,ace,submod,1.0,1.0,0.0,0.2794,1.0,204.0,1.0,1.0
5a79c9cc554299148911fa53,ace_submod_224,ace,submod,1.0,1.0,1.0,0.1562,0.5,224.0,0.5,0.0
5ac38c0755429939154137bb,ace_submod_224,ace,submod,0.0,0.0,0.0,0.2435,0.5,193.0,1.0,1.0
5a8b7cb95542995d1e6f13bb,ace_submod_224,ace,submod,0.0,0.0,0.0,0.0,0.0,201.0,0.0,0.0
5addfdfa5542997dc790710b,ace_submod_224,ace,submod,0.0,0.1538,1.0,0.5349,1.0,215.0,1.0,1.0
5a88d745554299206df2b378,ace_submod_224,ace,submod,0.0,0.0,1.0,0.3348,1.0,224.0,1.0,1.0
5ae6940e5542991bbc97613f,ace_submod_224,ace,submod,0.0,0.6667,1.0,0.3143,1.0,175.0,1.0,1.0
5abe3abb55429965af743ea1,ace_submod_224,ace,submod,0.0,0.0,0.0,0.3261,0.5,184.0,0.5,0.0
5a8ba9d255429971feec4759,ace_submod_224,ace,submod,0.0,0.0,0.0,0.509,0.5,222.0,1.0,1.0
5ab2b6fb5542992953946848,ace_submod_224,ace,submod,1.0,1.0,1.0,0.5381,1.0,223.0,1.0,1.0
5adfd2f255429925eb1afaa5,ace_submod_224,ace,submod,0.0,0.0,0.0,0.3182,0.5,220.0,0.5,0.0
5a7a33a35542994f819ef14c,ace_submod_224,ace,submod,0.0,0.0,1.0,0.3535,1.0,198.0,1.0,1.0
5a8ba07d5542996e8ac88985,ace_submod_224,ace,submod,1.0,1.0,1.0,0.275,0.5,200.0,0.5,0.0
5ab8f57b5542991b5579f097,ace_submod_224,ace,submod,0.0,0.0,0.0,0.086,0.5,221.0,0.5,0.0
5abfb3425542990832d3a1c0,ace_submod_224,ace,submod,1.0,1.0,1.0,0.2098,0.5,224.0,0.5,0.0
5ab5ac345542992aa134a37f,ace_submod_224,ace,submod,0.0,0.5556,1.0,0.5274,1.0,201.0,1.0,1.0
5a8e63d65542995085b37421,ace_submod_224,ace,submod,1.0,1.0,0.0,0.2909,1.0,220.0,1.0,1.0
5a89706055429951533612f9,ace_submod_224,ace,submod,0.0,0.8,1.0,0.4028,1.0,211.0,1.0,1.0
5a8e612b5542995085b3741b,ace_submod_224,ace,submod,0.0,0.6667,1.0,0.3673,1.0,196.0,1.0,1.0
5a738fb4554299623ed4abf9,ace_submod_224,ace,submod,1.0,1.0,1.0,0.5185,1.0,216.0,1.0,1.0
5a8bc29a5542995d1e6f1446,ace_submod_224,ace,submod,0.0,0.0,0.0,0.2991,0.5,214.0,0.5,0.0
5abfe2a15542997d6429591c,ace_submod_224,ace,submod,1.0,1.0,1.0,0.3526,1.0,190.0,1.0,1.0
5a868ca055429960ec39b6be,ace_submod_224,ace,submod,0.0,0.0,0.0,0.178,0.5,191.0,0.5,0.0
5a820f2c55429926c1cdae17,ace_submod_224,ace,submod,0.0,0.0,0.0,0.4488,1.0,205.0,1.0,1.0
5ae5a4e5554299546bf82f01,ace_submod_224,ace,submod,0.0,0.75,1.0,0.5079,1.0,191.0,1.0,1.0
5a8d0c74554299585d9e37a1,ace_submod_224,ace,submod,0.0,0.0,0.0,0.1982,0.5,217.0,1.0,1.0
5ab9d7e4554299232ef4a21f,ace_submod_224,ace,submod,0.0,0.0,1.0,0.6442,1.0,208.0,1.0,1.0
5a7148d25542994082a3e766,ace_submod_224,ace,submod,0.0,0.0,1.0,0.3288,1.0,222.0,1.0,1.0
5ae6233c5542992ae0d1623e,ace_submod_224,ace,submod,0.0,0.0,1.0,0.2928,0.5,222.0,1.0,1.0
5adff2aa554299603e4183d0,ace_submod_224,ace,submod,0.0,0.0,1.0,0.381,1.0,210.0,1.0,1.0
5ade7fa3554299728e26c727,ace_submod_224,ace,submod,0.0,0.0,0.0,0.476,1.0,208.0,1.0,1.0
5a8f38fa55429924144829f5,ace_submod_224,ace,submod,0.0,0.0,0.0,0.1641,0.5,195.0,0.5,0.0
5a8f51695542992414482a3e,ace_submod_224,ace,submod,0.0,0.0,0.0,0.11,0.5,200.0,0.5,0.0
5a88db445542993b751ca88a,ace_submod_224,ace,submod,1.0,1.0,1.0,0.4332,1.0,187.0,1.0,1.0
5a7ef6b35542994959419a94,ace_submod_224,ace,submod,0.0,0.6667,1.0,0.3146,1.0,213.0,1.0,1.0
5a8e494e5542995a26add4c8,ace_submod_224,ace,submod,0.0,0.5,1.0,0.6409,1.0,220.0,1.0,1.0
5ab5d43f5542997d4ad1f1f6,ace_submod_224,ace,submod,0.0,0.0,1.0,0.7714,1.0,210.0,1.0,1.0
5a7905ca554299148911f9c8,ace_submod_224,ace,submod,0.0,0.0,0.0,0.1847,0.5,222.0,0.5,0.0
5ab30f9a554299233954fef2,ace_submod_224,ace,submod,0.0,0.0,1.0,0.5352,1.0,213.0,1.0,1.0
5ab3849a55429969a97a8170,ace_submod_224,ace,submod,1.0,1.0,1.0,0.2178,0.5,202.0,0.5,0.0
5a7bc5f255429927d897c03e,ace_submod_224,ace,submod,1.0,1.0,1.0,0.4789,1.0,213.0,1.0,1.0
5a7f22005542993067513657,ace_submod_224,ace,submod,1.0,1.0,1.0,0.6157,1.0,216.0,1.0,1.0
5ab925fd554299131ca42281,ace_submod_224,ace,submod,0.0,0.0,1.0,0.6972,1.0,218.0,1.0,1.0
5a76244c554299109176e65d,ace_submod_224,ace,submod,0.0,0.0,0.0,0.3241,0.5,216.0,0.5,0.0
5ab53bee554299637185c526,ace_submod_224,ace,submod,0.0,0.0,0.0,0.2172,0.5,221.0,0.5,0.0
5ab6aa4c55429953192ad359,ace_submod_224,ace,submod,0.0,0.0,0.0,0.3833,0.5,180.0,0.5,0.0
5abe832a55429965af743f29,ace_submod_224,ace,submod,0.0,0.3636,1.0,0.3725,0.5,204.0,0.5,0.0
5ab5b732554299494045f03c,ace_submod_224,ace,submod,1.0,1.0,1.0,0.5258,1.0,194.0,1.0,1.0
5adffb4655429925eb1afbbf,ace_submod_224,ace,submod,1.0,1.0,1.0,0.2547,0.5,212.0,0.5,0.0
5ae6d3345542996d980e7c85,ace_submod_224,ace,submod,0.0,0.0,1.0,0.338,1.0,216.0,1.0,1.0
5ab878ba55429916710eb06c,ace_submod_224,ace,submod,0.0,0.0,1.0,0.4145,1.0,193.0,1.0,1.0
5a7509175542993748c897a3,ace_submod_224,ace,submod,1.0,1.0,1.0,0.3564,1.0,202.0,1.0,1.0
5a8ac38855429970aeb70300,ace_submod_224,ace,submod,1.0,1.0,1.0,0.4579,1.0,214.0,1.0,1.0
5a8bc03d5542996e8ac88a0b,ace_submod_224,ace,submod,0.0,0.0,1.0,0.2419,0.5,215.0,1.0,1.0
5ae4ad375542995dadf243a4,ace_submod_224,ace,submod,0.0,0.0,0.0,0.1683,0.5,208.0,0.5,0.0
5a7da0de5542990b8f5039d7,ace_submod_224,ace,submod,0.0,0.0,0.0,0.285,1.0,214.0,1.0,1.0
5a8af0a355429950cd6afc1c,ace_submod_224,ace,submod,0.0,0.0,0.0,0.5149,1.0,202.0,1.0,1.0
5a73522d5542994cef4bc541,ace_submod_224,ace,submod,0.0,0.0,1.0,0.33,1.0,200.0,1.0,1.0
5ab3a83d5542992ade7c6e08,ace_submod_224,ace,submod,1.0,1.0,1.0,0.8082,1.0,219.0,1.0,1.0
5ab84d5a55429916710eb028,ace_submod_224,ace,submod,1.0,1.0,1.0,0.6415,1.0,212.0,1.0,1.0
5a7f57a45542992097ad2f29,ace_submod_224,ace,submod,0.0,0.6667,1.0,0.5258,1.0,194.0,1.0,1.0
5ae764a85542997b22f6a720,ace_submod_224,ace,submod,0.0,0.5,1.0,0.4292,1.0,219.0,1.0,1.0
5a7b1023554299042af8f6c2,ace_submod_224,ace,submod,1.0,1.0,1.0,0.4355,1.0,186.0,1.0,1.0
5a80707e5542992bc0c4a70e,ace_submod_224,ace,submod,0.0,0.0,0.0,0.1614,0.5,223.0,1.0,1.0
5a8e16a5554299068b959e58,ace_submod_224,ace,submod,1.0,1.0,1.0,0.5972,1.0,211.0,1.0,1.0
5a875cd65542996e4f30879d,ace_submod_224,ace,submod,1.0,1.0,1.0,0.4481,1.0,183.0,1.0,1.0
5a78d16455429974737f78bb,ace_submod_224,ace,submod,1.0,1.0,1.0,0.3218,1.0,174.0,1.0,1.0
5a895f6155429946c8d6e914,ace_submod_224,ace,submod,0.0,0.5,0.0,0.1284,0.5,148.0,0.5,0.0
5a84f8555542997175ce1f3a,ace_submod_224,ace,submod,0.0,0.0,1.0,0.4078,1.0,206.0,1.0,1.0
5ab31adc554299233954ff0a,ace_submod_224,ace,submod,0.0,0.0,0.0,0.5541,1.0,222.0,1.0,1.0
5ac3ba1855429939154138f3,ace_submod_224,ace,submod,0.0,0.0,0.0,0.2765,0.5,217.0,0.5,0.0
5a7380b955429908901be2d4,ace_submod_224,ace,submod,0.0,0.0,1.0,0.4833,1.0,180.0,1.0,1.0
5a8f92fb55429918e830d271,ace_submod_224,ace,submod,0.0,0.0,0.0,0.1733,0.5,202.0,1.0,1.0
5a88082055429938390d3ed2,ace_submod_224,ace,submod,0.0,0.2857,1.0,0.7333,1.0,195.0,1.0,1.0
5a7d22dc5542995ed0d16600,ace_submod_224,ace,submod,0.0,0.0,1.0,0.2562,1.0,160.0,1.0,1.0
5ae291bb5542996483e649f6,ace_submod_224,ace,submod,0.0,0.0,1.0,0.2079,0.5,202.0,0.5,0.0
5abfde655542997719eab6f2,ace_submod_224,ace,submod,0.0,0.0,1.0,0.1883,0.5,223.0,1.0,1.0
5ae67fad5542991bbc976100,ace_submod_224,ace,submod,0.0,0.0,0.0,0.3662,0.5,213.0,0.5,0.0
5ab2a1f35542997061209677,ace_submod_224,ace,submod,0.0,0.8,0.0,0.2744,0.5,215.0,1.0,1.0
5a74ab6055429916b01641b9,ace_submod_224,ace,submod,1.0,1.0,1.0,0.191,0.5,199.0,0.5,0.0
5a8b97485542995d1e6f140f,ace_submod_224,ace,submod,0.0,0.0,1.0,0.3333,1.0,156.0,1.0,1.0
5adcdc6c5542992c1e3a2437,ace_submod_224,ace,submod,0.0,0.0,0.0,0.226,0.5,208.0,0.5,0.0
5ae73ddb554299572ea5478d,ace_submod_224,ace,submod,1.0,1.0,1.0,0.4286,1.0,217.0,1.0,1.0
5ade618e554299728e26c700,ace_submod_224,ace,submod,0.0,0.0,1.0,0.3422,1.0,187.0,1.0,1.0
5a76404b5542994ccc91873d,ace_submod_224,ace,submod,1.0,1.0,1.0,0.3433,1.0,201.0,1.0,1.0
5ac44b47554299194317396c,ace_submod_224,ace,submod,0.0,0.2,0.0,0.6243,1.0,181.0,1.0,1.0
5ac27afa5542990b17b153b5,ace_submod_224,ace,submod,0.0,0.0,0.0,0.5069,0.5,217.0,0.5,0.0
5ac2c4fe554299218029db3b,ace_submod_224,ace,submod,0.0,0.1818,1.0,0.543,1.0,221.0,1.0,1.0
5ae49b705542995ad6573dbc,ace_submod_224,ace,submod,0.0,0.25,1.0,0.2673,1.0,202.0,1.0,1.0
5ae5fc345542993aec5ec1f8,ace_submod_224,ace,submod,1.0,1.0,1.0,0.5485,1.0,206.0,1.0,1.0
5a8d651955429941ae14dfaf,ace_submod_224,ace,submod,1.0,1.0,1.0,0.7214,1.0,201.0,1.0,1.0
5a839cb9554299123d8c2169,ace_submod_224,ace,submod,1.0,1.0,0.0,0.125,0.5,224.0,0.5,0.0
5adbe1b355429944faac23a0,ace_submod_224,ace,submod,1.0,1.0,1.0,0.2703,0.5,222.0,0.5,0.0
5ac29cf8554299218029dac2,ace_submod_224,ace,submod,0.0,0.0,1.0,0.3045,0.5,220.0,0.5,0.0
5ae21ef35542994d89d5b35d,ace_submod_224,ace,submod,0.0,0.0,1.0,0.6138,1.0,189.0,1.0,1.0
5ae1ebf95542997283cd22f2,ace_submod_224,ace,submod,1.0,1.0,1.0,0.3464,1.0,153.0,1.0,1.0
5a8b98665542995d1e6f1413,ace_submod_224,ace,submod,1.0,1.0,1.0,0.1918,1.0,219.0,1.0,1.0
5ae3d67f5542992f92d8238f,ace_submod_224,ace,submod,0.0,0.0,0.0,0.1461,0.5,219.0,0.5,0.0
5a8cb4b2554299585d9e372a,ace_submod_224,ace,submod,0.0,0.8,1.0,0.2627,1.0,217.0,1.0,1.0
5ae30aa05542992decbdcdd7,ace_submod_224,ace,submod,0.0,0.0,1.0,0.3676,1.0,204.0,1.0,1.0
5adcaa7f5542990d50227cdb,ace_submod_224,ace,submod,0.0,0.0,0.0,0.4593,1.0,172.0,1.0,1.0
5a8d40715542994ba4e3dc3a,ace_submod_224,ace,submod,1.0,1.0,1.0,0.5455,1.0,220.0,1.0,1.0
5ae4f2595542990ba0bbb1a8,ace_submod_224,ace,submod,1.0,1.0,1.0,0.1281,0.5,203.0,0.5,0.0
5ac507725542994611c8b32a,ace_submod_224,ace,submod,0.0,0.0,0.0,0.2111,0.5,199.0,0.5,0.0
5a8f5bb45542992414482a77,ace_submod_224,ace,submod,1.0,1.0,1.0,0.1883,1.0,223.0,1.0,1.0
5ae1f2d4554299234fd04358,ace_submod_224,ace,submod,0.0,0.0,0.0,0.3541,0.5,209.0,0.5,0.0
5ae2fca555429928c423958a,ace_submod_224,ace,submod,0.0,0.0,0.0,0.1765,0.5,221.0,0.5,0.0
5adc0f8d55429947ff1738ef,ace_submod_224,ace,submod,1.0,1.0,1.0,0.4272,1.0,206.0,1.0,1.0
5add64065542995b365fab25,ace_submod_224,ace,submod,0.0,0.0,1.0,0.3558,1.0,208.0,1.0,1.0
5a7d26bd554299452d57bb28,ace_submod_224,ace,submod,0.0,0.0,1.0,0.5023,1.0,215.0,1.0,1.0
5abba581554299642a094af9,ace_submod_224,ace,submod,0.0,0.0,0.0,0.058,0.5,224.0,0.5,0.0
5a7f89c75542994857a76775,ace_submod_224,ace,submod,0.0,0.0,0.0,0.3395,0.5,215.0,0.5,0.0
5ae531695542990ba0bbb1fb,ace_submod_224,ace,submod,0.0,0.0,0.0,0.1991,0.5,221.0,0.5,0.0
5a8d5f16554299585d9e37c5,ace_submod_224,ace,submod,1.0,1.0,1.0,0.4358,1.0,218.0,1.0,1.0
5ade1f1c55429939a52fe82d,ace_submod_224,ace,submod,1.0,1.0,1.0,0.5068,1.0,219.0,1.0,1.0
5a70f4c45542994082a3e437,ace_submod_224,ace,submod,1.0,1.0,1.0,0.5613,1.0,212.0,1.0,1.0
5a8a07af55429970aeb70222,ace_submod_224,ace,submod,1.0,1.0,1.0,0.4839,1.0,217.0,1.0,1.0
5abd332e5542993062266bdd,ace_submod_224,ace,submod,0.0,0.0,0.0,0.0,0.0,220.0,0.0,0.0
5ae4869755429970de88d99a,ace_submod_224,ace,submod,0.0,0.0,1.0,0.5642,1.0,218.0,1.0,1.0
5a8d841955429941ae14dfe6,ace_submod_224,ace,submod,0.0,0.0,1.0,0.2986,1.0,211.0,1.0,1.0
5a87c0945542996e4f30890b,ace_submod_224,ace,submod,1.0,1.0,0.0,0.5421,1.0,214.0,1.0,1.0
5a8a9bc15542996c9b8d5f36,ace_submod_224,ace,submod,0.0,0.0,1.0,0.2746,1.0,193.0,1.0,1.0
5adc93a4554299438c868e01,ace_submod_224,ace,submod,0.0,0.0,0.0,0.2796,0.5,211.0,0.5,0.0
5ae564a155429960a22e02e4,ace_submod_224,ace,submod,0.0,0.4,1.0,0.3641,1.0,217.0,1.0,1.0
5ab56b9b5542997d4ad1f113,ace_submod_224,ace,submod,0.0,0.0,1.0,0.3521,1.0,213.0,1.0,1.0
5a74d9c555429929fddd84fb,ace_submod_224,ace,submod,1.0,1.0,1.0,0.4866,1.0,224.0,1.0,1.0
5a8af56855429950cd6afc2f,ace_submod_224,ace,submod,0.0,0.2857,0.0,0.0968,0.5,217.0,0.5,0.0
5ab3c470554299233954ffa1,ace_submod_224,ace,submod,1.0,1.0,1.0,0.4589,1.0,207.0,1.0,1.0
5ae20c465542997283cd236a,ace_submod_224,ace,submod,0.0,0.0,0.0,0.2949,0.5,217.0,0.5,0.0
5ab5b701554299637185c5e7,ace_submod_224,ace,submod,0.0,0.0,0.0,0.2273,0.5,220.0,0.5,0.0
5ae829ea5542997ec2727738,ace_submod_224,ace,submod,0.0,0.3333,0.0,0.5859,0.5,198.0,0.5,0.0
5ac546975542993e66e8229a,ace_submod_224,ace,submod,1.0,1.0,1.0,0.4413,1.0,213.0,1.0,1.0
5a81a63c5542990a1d231e45,ace_submod_224,ace,submod,0.0,0.5,0.0,0.25,0.5,224.0,1.0,1.0
5a72af155542992359bc316c,ace_submod_224,ace,submod,1.0,1.0,1.0,0.2308,0.5,221.0,1.0,1.0
5abd6f0855429933744ab7d5,ace_submod_224,ace,submod,0.0,0.0,0.0,0.3468,1.0,222.0,1.0,1.0
5adefcf15542995ec70e8f4c,ace_submod_224,ace,submod,0.0,0.0,0.0,0.2275,0.5,211.0,1.0,1.0
5ae15ae25542990adbacf767,ace_submod_224,ace,submod,1.0,1.0,1.0,0.4333,1.0,210.0,1.0,1.0
5abbf43d5542993f40c73c2f,ace_submod_224,ace,submod,1.0,1.0,1.0,0.3112,0.5,196.0,1.0,1.0
5a7ab1b055429927d897bef4,ace_submod_224,ace,submod,1.0,1.0,1.0,0.2333,1.0,210.0,1.0,1.0
5a7d2afd5542995f4f402221,ace_submod_224,ace,submod,1.0,1.0,1.0,0.5781,1.0,192.0,1.0,1.0
5a84c0765542991dd0999dd9,ace_submod_224,ace,submod,0.0,0.0,0.0,0.1562,0.5,224.0,0.5,0.0
5ae0bc185542993d6555ec29,ace_submod_224,ace,submod,0.0,0.0,0.0,0.1339,0.5,224.0,0.5,0.0
5a7cef5d55429909bec768ac,ace_submod_224,ace,submod,0.0,0.0,0.0,0.3807,0.5,197.0,1.0,1.0
5a899f4955429946c8d6e971,ace_submod_224,ace,submod,1.0,1.0,1.0,0.3923,0.5,209.0,0.5,0.0
5a8ed7b455429917b4a5bdd1,ace_submod_224,ace,submod,0.0,0.8,1.0,0.5392,1.0,204.0,1.0,1.0
5a835a265542992ef85e2281,ace_submod_224,ace,submod,0.0,0.5,1.0,0.5,1.0,210.0,1.0,1.0
5a8c52685542995e66a475bb,ace_submod_224,ace,submod,0.0,0.0,1.0,0.3173,1.0,208.0,1.0,1.0
5ab4e48655429942dd415f9c,ace_submod_224,ace,submod,0.0,0.0,0.0,0.1869,0.5,214.0,0.5,0.0
5ae67dba55429908198fa5f0,ace_submod_224,ace,submod,0.0,0.0,1.0,0.4554,0.5,224.0,0.5,0.0
5ae13c5155429920d5234336,ace_submod_224,ace,submod,1.0,1.0,1.0,0.8095,1.0,189.0,1.0,1.0
5ab2b7405542991669774069,ace_submod_224,ace,submod,0.0,0.0,0.0,0.474,1.0,192.0,1.0,1.0
5ab1c693554299722f9b4c66,ace_submod_224,ace,submod,0.0,0.0,1.0,0.4833,1.0,209.0,1.0,1.0
5ae692e35542996d980e7c0e,ace_submod_224,ace,submod,0.0,0.0,0.0,0.5317,1.0,205.0,1.0,1.0
5a7f74975542992097ad2f77,ace_submod_224,ace,submod,0.0,0.0,0.0,0.2083,0.5,192.0,0.5,0.0
5a7e30b255429934daa2fbeb,ace_submod_224,ace,submod,0.0,0.0,1.0,0.4865,0.5,222.0,1.0,1.0
5a7ca95b55429935c91b5287,ace_submod_224,ace,submod,1.0,1.0,1.0,0.2116,0.5,189.0,0.5,0.0
5abfa18f5542990832d3a176,ace_submod_224,ace,submod,1.0,1.0,1.0,0.4328,1.0,201.0,1.0,1.0
5a8a39b355429930ff3c0d13,ace_submod_224,ace,submod,1.0,1.0,1.0,0.0,0.0,213.0,0.5,0.0
5ab2958c554299449642c912,ace_submod_224,ace,submod,0.0,0.6667,1.0,0.4425,1.0,174.0,1.0,1.0
5ae7eaf65542994a481bbe1d,ace_submod_224,ace,submod,1.0,1.0,1.0,0.3474,1.0,190.0,1.0,1.0
5aba916c55429901930fa83b,ace_submod_224,ace,submod,1.0,1.0,1.0,0.1801,0.5,211.0,0.5,0.0
5ac0d981554299012d1db646,ace_submod_224,ace,submod,1.0,1.0,1.0,0.6337,1.0,202.0,1.0,1.0
5ade653f55429975fa854ebb,ace_submod_224,ace,submod,0.0,0.75,1.0,0.3973,0.5,224.0,0.5,0.0
5ab54e145542992aa134a2a1,ace_submod_224,ace,submod,0.0,0.8571,1.0,0.3298,1.0,191.0,1.0,1.0
5a8518a75542994c784ddaf7,ace_submod_224,ace,submod,0.0,0.0,1.0,0.7143,1.0,217.0,1.0,1.0
5ac175635542994ab5c67d4b,ace_submod_224,ace,submod,0.0,0.0,0.0,0.3136,0.5,220.0,0.5,0.0
5abd889f55429924427fd046,ace_submod_224,ace,submod,1.0,1.0,1.0,0.472,1.0,214.0,1.0,1.0
5a772c925542993735360208,ace_submod_224,ace,submod,1.0,1.0,1.0,0.4433,1.0,203.0,1.0,1.0
5ab492155542991779162ce3,ace_submod_224,ace,submod,0.0,0.25,0.0,0.194,0.5,201.0,0.5,0.0
5ae5ef105542996de7b71a72,ace_submod_224,ace,submod,0.0,0.0,1.0,0.2906,0.5,203.0,1.0,1.0
5a8ad2f3554299515336138d,ace_submod_224,ace,submod,1.0,1.0,1.0,0.4888,1.0,223.0,1.0,1.0
5a7d07a455429907fabef0ae,ace_submod_224,ace,submod,0.0,0.5,1.0,0.3583,1.0,187.0,1.0,1.0
5aba89d555429901930fa816,ace_submod_224,ace,submod,1.0,1.0,1.0,0.4306,1.0,216.0,1.0,1.0
5a8c7623554299653c1aa07a,ace_submod_224,ace,submod,1.0,1.0,1.0,0.5192,1.0,208.0,1.0,1.0
5a79ecd05542996c55b2dca1,ace_submod_224,ace,submod,0.0,0.0,1.0,0.3524,0.5,210.0,0.5,0.0
5adec4695542992fa25da83a,ace_submod_224,ace,submod,1.0,1.0,1.0,0.4516,1.0,217.0,1.0,1.0
5ae608f2554299546bf83026,ace_submod_224,ace,submod,0.0,0.5,1.0,0.2909,1.0,220.0,1.0,1.0
5abfd5c45542994516f4550e,ace_submod_224,ace,submod,0.0,0.0,0.0,0.4709,1.0,206.0,1.0,1.0
5adce12e5542990d50227d4f,ace_submod_224,ace,submod,1.0,1.0,1.0,0.3702,1.0,208.0,1.0,1.0
5a851b0d5542997175ce1f7f,ace_submod_224,ace,submod,0.0,0.0,0.0,0.3512,1.0,205.0,1.0,1.0
5ae164cf5542997b2ef7d1cd,ace_submod_224,ace,submod,1.0,1.0,1.0,0.787,1.0,216.0,1.0,1.0
5a8c493e554299653c1aa020,ace_submod_224,ace,submod,0.0,0.0,0.0,0.1757,0.5,222.0,0.5,0.0
5a89dbec554299669944a5d6,ace_submod_224,ace,submod,0.0,0.0,0.0,0.4352,1.0,216.0,1.0,1.0
5ae1389655429901ffe4ae05,ace_submod_224,ace,submod,0.0,0.0,1.0,0.4651,1.0,215.0,1.0,1.0
5adc6a3b55429947ff173953,ace_submod_224,ace,submod,1.0,1.0,1.0,0.5714,1.0,203.0,1.0,1.0
5ac02880554299012d1db5c0,ace_submod_224,ace,submod,1.0,1.0,1.0,0.5802,1.0,212.0,1.0,1.0
5aba0c2655429955dce3edb7,ace_submod_224,ace,submod,0.0,0.0,1.0,0.181,0.5,221.0,0.5,0.0
5add44c25542997545bbbd0a,ace_submod_224,ace,submod,0.0,0.2857,1.0,0.3259,1.0,224.0,1.0,1.0
5a7616755542992d0ec06028,ace_submod_224,ace,submod,0.0,0.0,0.0,0.3234,1.0,167.0,1.0,1.0
