=== control/main.py: Stage-6 budget curve + MuSiQue (stage6-budgetcurve-musique-v1) ===
Copied extracted project /kaggle/input/datasets/anantonayan/dataset12 to /kaggle/working/ace_rag_research_v13_analysis
$ /usr/bin/python3 -m pip install -q -r requirements-cloud.txt
     ━━━━━━━━━━━━━━━━━━━━━━━━━━━━━━━━━━━━━━━━ 44.0/44.0 kB 2.5 MB/s eta 0:00:00
   ━━━━━━━━━━━━━━━━━━━━━━━━━━━━━━━━━━━━━━━━ 566.4/566.4 kB 12.7 MB/s eta 0:00:00
   ━━━━━━━━━━━━━━━━━━━━━━━━━━━━━━━━━━━━━━━━ 12.0/12.0 MB 91.1 MB/s eta 0:00:00
   ━━━━━━━━━━━━━━━━━━━━━━━━━━━━━━━━━━━━━━━━ 12.2/12.2 MB 93.7 MB/s eta 0:00:00
ERROR: pip's dependency resolver does not currently take into account all the packages that are installed. This behaviour is the source of the following dependency conflicts.
dask-cuda 26.2.0 requires cuda-core==0.3.*, but you have cuda-core 1.0.1 which is incompatible.
dask-cuda 26.2.0 requires numba-cuda<0.23.0,>=0.22.1, but you have numba-cuda 0.30.2 which is incompatible.
distributed-ucxx-cu12 0.48.0 requires numba-cuda[cu12]<0.23.0,>=0.22.1, but you have numba-cuda 0.30.2 which is incompatible.
cuml-cu12 26.2.0 requires numba<0.62.0,>=0.60.0, but you have numba 0.65.1 which is incompatible.
cuml-cu12 26.2.0 requires numba-cuda[cu12]<0.23.0,>=0.22.1, but you have numba-cuda 0.30.2 which is incompatible.
ucxx-cu12 0.48.0 requires numba-cuda[cu12]<0.23.0,>=0.22.1, but you have numba-cuda 0.30.2 which is incompatible.
cudf-cu12 26.2.1 requires numba<0.62.0,>=0.60.0, but you have numba 0.65.1 which is incompatible.
cudf-cu12 26.2.1 requires numba-cuda[cu12]<0.23.0,>=0.22.2, but you have numba-cuda 0.30.2 which is incompatible.
[overlay] applied 3 file(s) to /kaggle/working/ace_rag_research_v13_analysis: ['ace_rag/context_quality.py', 'ace_rag/evidence_packer.py', 'experiments/run_density_router.py']
--- hotpotqa budget 96 ---
$ /usr/bin/python3 -m experiments.run_density_router --dataset hotpotqa --split validation --seed 42 --limit 500 --ace-retriever standard --embedder sentence-transformers --embedding-model BAAI/bge-small-en-v1.5 --embed-device cuda --compressor truncate --compress-dims 320 --top-k-nodes 48 --max-expanded-docs 5 --reader-backend hf --reader-model Qwen/Qwen2.5-3B-Instruct --reader-device cuda --reader-batch-size 2 --mmr-lambda 0.7 --budget 96 --out-dir /kaggle/working/colab_results/stage6_density_packer_hotpotqa_seed42_budget96_limit500_qwen3b

Generating train split:   0%|          | 0/90447 [00:00<?, ? examples/s]
Generating train split:   1%|          | 1000/90447 [00:00<00:13, 6576.17 examples/s]
Generating train split:   7%|▋         | 6000/90447 [00:00<00:03, 24725.22 examples/s]
Generating train split:  13%|█▎        | 12000/90447 [00:00<00:02, 30908.00 examples/s]
Generating train split:  20%|█▉        | 18000/90447 [00:00<00:02, 32842.03 examples/s]
Generating train split:  27%|██▋       | 24000/90447 [00:00<00:01, 37284.73 examples/s]
Generating train split:  33%|███▎      | 30000/90447 [00:00<00:01, 37827.08 examples/s]
Generating train split:  40%|███▉      | 36000/90447 [00:01<00:01, 38845.74 examples/s]
Generating train split:  45%|████▌     | 41000/90447 [00:01<00:01, 38982.48 examples/s]
Generating train split:  51%|█████     | 46224/90447 [00:01<00:01, 36212.47 examples/s]
Generating train split:  58%|█████▊    | 52224/90447 [00:01<00:01, 38140.89 examples/s]
Generating train split:  63%|██████▎   | 57224/90447 [00:01<00:00, 37345.98 examples/s]
Generating train split:  70%|██████▉   | 63224/90447 [00:01<00:00, 38694.68 examples/s]
Generating train split:  77%|███████▋  | 69224/90447 [00:01<00:00, 40041.26 examples/s]
Generating train split:  83%|████████▎ | 75224/90447 [00:02<00:00, 39558.27 examples/s]
Generating train split:  90%|████████▉ | 81224/90447 [00:02<00:00, 39703.68 examples/s]
Generating train split:  95%|█████████▌| 86224/90447 [00:02<00:00, 40448.61 examples/s]
Generating train split: 100%|██████████| 90447/90447 [00:02<00:00, 37634.89 examples/s]

Generating validation split:   0%|          | 0/7405 [00:00<?, ? examples/s]
Generating validation split:  54%|█████▍    | 4000/7405 [00:00<00:00, 29670.92 examples/s]
Generating validation split: 100%|██████████| 7405/7405 [00:00<00:00, 35792.11 examples/s]
hotpotqa[hf:validation:500]: 4933 docs, 500 questions, 2.00 gold docs/question
[density] retrieving chunk baseline
2026-06-28 13:01:58.635922: E external/local_xla/xla/stream_executor/cuda/cuda_fft.cc:467] Unable to register cuFFT factory: Attempting to register factory for plugin cuFFT when one has already been registered
WARNING: All log messages before absl::InitializeLog() is called are written to STDERR
E0000 00:00:1782651718.861952     129 cuda_dnn.cc:8579] Unable to register cuDNN factory: Attempting to register factory for plugin cuDNN when one has already been registered
E0000 00:00:1782651718.927179     129 cuda_blas.cc:1407] Unable to register cuBLAS factory: Attempting to register factory for plugin cuBLAS when one has already been registered
W0000 00:00:1782651719.479123     129 computation_placer.cc:177] computation placer already registered. Please check linkage and avoid linking the same target more than once.
W0000 00:00:1782651719.479175     129 computation_placer.cc:177] computation placer already registered. Please check linkage and avoid linking the same target more than once.
W0000 00:00:1782651719.479179     129 computation_placer.cc:177] computation placer already registered. Please check linkage and avoid linking the same target more than once.
W0000 00:00:1782651719.479183     129 computation_placer.cc:177] computation placer already registered. Please check linkage and avoid linking the same target more than once.
[chunk] fitting/indexing
[embed] encoding 4933 texts on device=cuda:0

Batches:   0%|          | 0/78 [00:00<?, ?it/s]
Batches:   1%|▏         | 1/78 [00:01<01:32,  1.19s/it]
Batches:   3%|▎         | 2/78 [00:01<00:55,  1.37it/s]
Batches:   4%|▍         | 3/78 [00:01<00:41,  1.82it/s]
Batches:   5%|▌         | 4/78 [00:02<00:36,  2.05it/s]
Batches:   6%|▋         | 5/78 [00:02<00:30,  2.36it/s]
Batches:   8%|▊         | 6/78 [00:02<00:27,  2.64it/s]
Batches:   9%|▉         | 7/78 [00:03<00:24,  2.88it/s]
Batches:  10%|█         | 8/78 [00:03<00:22,  3.06it/s]
Batches:  12%|█▏        | 9/78 [00:03<00:21,  3.19it/s]
Batches:  13%|█▎        | 10/78 [00:04<00:19,  3.40it/s]
Batches:  14%|█▍        | 11/78 [00:04<00:18,  3.60it/s]
Batches:  15%|█▌        | 12/78 [00:04<00:17,  3.76it/s]
Batches:  17%|█▋        | 13/78 [00:04<00:16,  3.88it/s]
Batches:  18%|█▊        | 14/78 [00:04<00:16,  3.95it/s]
Batches:  19%|█▉        | 15/78 [00:05<00:15,  4.13it/s]
Batches:  21%|██        | 16/78 [00:05<00:14,  4.26it/s]
Batches:  22%|██▏       | 17/78 [00:05<00:14,  4.30it/s]
Batches:  23%|██▎       | 18/78 [00:05<00:13,  4.43it/s]
Batches:  24%|██▍       | 19/78 [00:06<00:12,  4.70it/s]
Batches:  26%|██▌       | 20/78 [00:06<00:11,  4.95it/s]
Batches:  27%|██▋       | 21/78 [00:06<00:11,  4.88it/s]
Batches:  28%|██▊       | 22/78 [00:06<00:11,  4.97it/s]
Batches:  29%|██▉       | 23/78 [00:06<00:11,  4.92it/s]
Batches:  31%|███       | 24/78 [00:06<00:10,  5.27it/s]
Batches:  32%|███▏      | 25/78 [00:07<00:10,  5.25it/s]
Batches:  33%|███▎      | 26/78 [00:07<00:09,  5.38it/s]
Batches:  35%|███▍      | 27/78 [00:07<00:09,  5.43it/s]
Batches:  36%|███▌      | 28/78 [00:07<00:09,  5.41it/s]
Batches:  37%|███▋      | 29/78 [00:07<00:08,  5.53it/s]
Batches:  38%|███▊      | 30/78 [00:08<00:08,  5.49it/s]
Batches:  40%|███▉      | 31/78 [00:08<00:08,  5.72it/s]
Batches:  41%|████      | 32/78 [00:08<00:08,  5.74it/s]
Batches:  42%|████▏     | 33/78 [00:08<00:07,  5.83it/s]
Batches:  44%|████▎     | 34/78 [00:08<00:07,  5.77it/s]
Batches:  45%|████▍     | 35/78 [00:08<00:07,  5.94it/s]
Batches:  46%|████▌     | 36/78 [00:09<00:06,  6.07it/s]
Batches:  47%|████▋     | 37/78 [00:09<00:07,  5.84it/s]
Batches:  49%|████▊     | 38/78 [00:09<00:06,  6.14it/s]
Batches:  50%|█████     | 39/78 [00:09<00:06,  6.47it/s]
Batches:  51%|█████▏    | 40/78 [00:09<00:05,  6.56it/s]
Batches:  53%|█████▎    | 41/78 [00:09<00:05,  6.93it/s]
Batches:  54%|█████▍    | 42/78 [00:09<00:05,  6.94it/s]
Batches:  55%|█████▌    | 43/78 [00:10<00:05,  6.91it/s]
Batches:  56%|█████▋    | 44/78 [00:10<00:04,  6.83it/s]
Batches:  58%|█████▊    | 45/78 [00:10<00:04,  7.06it/s]
Batches:  59%|█████▉    | 46/78 [00:10<00:04,  7.39it/s]
Batches:  60%|██████    | 47/78 [00:10<00:04,  7.74it/s]
Batches:  62%|██████▏   | 48/78 [00:10<00:03,  7.66it/s]
Batches:  63%|██████▎   | 49/78 [00:10<00:03,  8.01it/s]
Batches:  64%|██████▍   | 50/78 [00:10<00:03,  8.31it/s]
Batches:  65%|██████▌   | 51/78 [00:11<00:03,  8.56it/s]
Batches:  67%|██████▋   | 52/78 [00:11<00:03,  8.63it/s]
Batches:  68%|██████▊   | 53/78 [00:11<00:02,  8.70it/s]
Batches:  69%|██████▉   | 54/78 [00:11<00:02,  8.73it/s]
Batches:  71%|███████   | 55/78 [00:11<00:02,  9.02it/s]
Batches:  72%|███████▏  | 56/78 [00:11<00:02,  9.26it/s]
Batches:  73%|███████▎  | 57/78 [00:11<00:02,  8.97it/s]
Batches:  76%|███████▌  | 59/78 [00:11<00:01,  9.64it/s]
Batches:  77%|███████▋  | 60/78 [00:12<00:01,  9.69it/s]
Batches:  79%|███████▉  | 62/78 [00:12<00:01, 10.10it/s]
Batches:  82%|████████▏ | 64/78 [00:12<00:01, 10.44it/s]
Batches:  85%|████████▍ | 66/78 [00:12<00:01, 10.83it/s]
Batches:  87%|████████▋ | 68/78 [00:12<00:00, 11.37it/s]
Batches:  90%|████████▉ | 70/78 [00:12<00:00, 11.88it/s]
Batches:  92%|█████████▏| 72/78 [00:13<00:00, 12.60it/s]
Batches:  95%|█████████▍| 74/78 [00:13<00:00, 13.82it/s]
Batches:  99%|█████████▊| 77/78 [00:13<00:00, 16.31it/s]
Batches: 100%|██████████| 78/78 [00:13<00:00,  5.87it/s]
[chunk] retrieving
[embed] encoding 500 texts on device=cuda:0

Batches:   0%|          | 0/8 [00:00<?, ?it/s]
Batches:  38%|███▊      | 3/8 [00:00<00:00, 28.18it/s]
Batches:  88%|████████▊ | 7/8 [00:00<00:00, 33.67it/s]
Batches: 100%|██████████| 8/8 [00:00<00:00, 34.46it/s]
[density] retrieving ACE graph
[ace] building evidence graph
[ace] graph built: nodes=49827 edges=76647
[ace] fitting/indexing embeddings
[embed] encoding 44894 texts on device=cuda:0

Batches:   0%|          | 0/702 [00:00<?, ?it/s]
Batches:   0%|          | 1/702 [00:00<05:38,  2.07it/s]
Batches:   0%|          | 2/702 [00:00<03:23,  3.44it/s]
Batches:   0%|          | 3/702 [00:00<02:26,  4.76it/s]
Batches:   1%|          | 4/702 [00:00<01:57,  5.92it/s]
Batches:   1%|          | 6/702 [00:01<01:32,  7.52it/s]
Batches:   1%|          | 7/702 [00:01<01:27,  7.96it/s]
Batches:   1%|▏         | 9/702 [00:01<01:17,  8.96it/s]
Batches:   1%|▏         | 10/702 [00:01<01:15,  9.17it/s]
Batches:   2%|▏         | 12/702 [00:01<01:13,  9.42it/s]
Batches:   2%|▏         | 14/702 [00:01<01:09,  9.90it/s]
Batches:   2%|▏         | 16/702 [00:02<01:05, 10.41it/s]
Batches:   3%|▎         | 18/702 [00:02<01:01, 11.09it/s]
Batches:   3%|▎         | 20/702 [00:02<00:59, 11.44it/s]
Batches:   3%|▎         | 22/702 [00:02<00:56, 12.12it/s]
Batches:   3%|▎         | 24/702 [00:02<00:54, 12.40it/s]
Batches:   4%|▎         | 26/702 [00:02<00:53, 12.61it/s]
Batches:   4%|▍         | 28/702 [00:02<00:55, 12.20it/s]
Batches:   4%|▍         | 30/702 [00:03<00:51, 12.94it/s]
Batches:   5%|▍         | 32/702 [00:03<00:51, 13.02it/s]
Batches:   5%|▍         | 34/702 [00:03<00:52, 12.79it/s]
Batches:   5%|▌         | 36/702 [00:03<00:51, 12.94it/s]
Batches:   5%|▌         | 38/702 [00:03<00:49, 13.43it/s]
Batches:   6%|▌         | 40/702 [00:03<00:48, 13.58it/s]
Batches:   6%|▌         | 42/702 [00:03<00:47, 13.88it/s]
Batches:   6%|▋         | 44/702 [00:04<00:44, 14.72it/s]
Batches:   7%|▋         | 46/702 [00:04<00:44, 14.71it/s]
Batches:   7%|▋         | 48/702 [00:04<00:42, 15.32it/s]
Batches:   7%|▋         | 50/702 [00:04<00:42, 15.46it/s]
Batches:   7%|▋         | 52/702 [00:04<00:40, 15.88it/s]
Batches:   8%|▊         | 54/702 [00:04<00:39, 16.31it/s]
Batches:   8%|▊         | 56/702 [00:04<00:39, 16.54it/s]
Batches:   8%|▊         | 58/702 [00:04<00:39, 16.46it/s]
Batches:   9%|▊         | 60/702 [00:05<00:38, 16.71it/s]
Batches:   9%|▉         | 62/702 [00:05<00:36, 17.30it/s]
Batches:   9%|▉         | 64/702 [00:05<00:36, 17.27it/s]
Batches:   9%|▉         | 66/702 [00:05<00:35, 17.97it/s]
Batches:  10%|▉         | 68/702 [00:05<00:35, 18.09it/s]
Batches:  10%|▉         | 70/702 [00:05<00:35, 18.04it/s]
Batches:  10%|█         | 72/702 [00:05<00:34, 18.46it/s]
Batches:  11%|█         | 74/702 [00:05<00:33, 18.81it/s]
Batches:  11%|█         | 76/702 [00:05<00:34, 18.15it/s]
Batches:  11%|█         | 78/702 [00:06<00:35, 17.55it/s]
Batches:  11%|█▏        | 80/702 [00:06<00:36, 17.26it/s]
Batches:  12%|█▏        | 82/702 [00:06<00:34, 17.92it/s]
Batches:  12%|█▏        | 84/702 [00:06<00:33, 18.27it/s]
Batches:  12%|█▏        | 87/702 [00:06<00:31, 19.52it/s]
Batches:  13%|█▎        | 89/702 [00:06<00:31, 19.43it/s]
Batches:  13%|█▎        | 91/702 [00:06<00:32, 19.06it/s]
Batches:  13%|█▎        | 94/702 [00:06<00:30, 19.63it/s]
Batches:  14%|█▎        | 96/702 [00:06<00:32, 18.85it/s]
Batches:  14%|█▍        | 99/702 [00:07<00:30, 19.64it/s]
Batches:  14%|█▍        | 101/702 [00:07<00:30, 19.68it/s]
Batches:  15%|█▍        | 104/702 [00:07<00:29, 20.40it/s]
Batches:  15%|█▌        | 107/702 [00:07<00:28, 20.83it/s]
Batches:  16%|█▌        | 110/702 [00:07<00:28, 20.61it/s]
Batches:  16%|█▌        | 113/702 [00:07<00:29, 20.12it/s]
Batches:  17%|█▋        | 116/702 [00:07<00:28, 20.57it/s]
Batches:  17%|█▋        | 119/702 [00:08<00:27, 21.05it/s]
Batches:  17%|█▋        | 122/702 [00:08<00:27, 21.04it/s]
Batches:  18%|█▊        | 125/702 [00:08<00:26, 21.81it/s]
Batches:  18%|█▊        | 128/702 [00:08<00:26, 21.86it/s]
Batches:  19%|█▊        | 131/702 [00:08<00:25, 22.27it/s]
Batches:  19%|█▉        | 134/702 [00:08<00:24, 22.81it/s]
Batches:  20%|█▉        | 137/702 [00:08<00:24, 22.77it/s]
Batches:  20%|█▉        | 140/702 [00:09<00:24, 22.55it/s]
Batches:  20%|██        | 143/702 [00:09<00:25, 22.31it/s]
Batches:  21%|██        | 146/702 [00:09<00:24, 22.51it/s]
Batches:  21%|██        | 149/702 [00:09<00:24, 22.66it/s]
Batches:  22%|██▏       | 152/702 [00:09<00:23, 23.06it/s]
Batches:  22%|██▏       | 155/702 [00:09<00:23, 23.08it/s]
Batches:  23%|██▎       | 158/702 [00:09<00:23, 23.34it/s]
Batches:  23%|██▎       | 161/702 [00:09<00:22, 24.16it/s]
Batches:  23%|██▎       | 164/702 [00:10<00:21, 25.15it/s]
Batches:  24%|██▍       | 167/702 [00:10<00:21, 25.27it/s]
Batches:  24%|██▍       | 170/702 [00:10<00:21, 24.78it/s]
Batches:  25%|██▍       | 173/702 [00:10<00:21, 24.66it/s]
Batches:  25%|██▌       | 176/702 [00:10<00:21, 24.96it/s]
Batches:  25%|██▌       | 179/702 [00:10<00:21, 24.87it/s]
Batches:  26%|██▌       | 182/702 [00:10<00:20, 25.11it/s]
Batches:  26%|██▋       | 185/702 [00:10<00:20, 25.83it/s]
Batches:  27%|██▋       | 188/702 [00:10<00:19, 26.56it/s]
Batches:  27%|██▋       | 191/702 [00:11<00:19, 25.84it/s]
Batches:  28%|██▊       | 194/702 [00:11<00:19, 26.26it/s]
Batches:  28%|██▊       | 197/702 [00:11<00:18, 26.83it/s]
Batches:  28%|██▊       | 200/702 [00:11<00:18, 26.44it/s]
Batches:  29%|██▉       | 203/702 [00:11<00:18, 26.56it/s]
Batches:  29%|██▉       | 206/702 [00:11<00:18, 27.42it/s]
Batches:  30%|██▉       | 210/702 [00:11<00:17, 27.82it/s]
Batches:  30%|███       | 213/702 [00:11<00:17, 27.33it/s]
Batches:  31%|███       | 216/702 [00:11<00:17, 27.15it/s]
Batches:  31%|███       | 219/702 [00:12<00:17, 27.60it/s]
Batches:  32%|███▏      | 223/702 [00:12<00:16, 28.50it/s]
Batches:  32%|███▏      | 226/702 [00:12<00:16, 28.53it/s]
Batches:  33%|███▎      | 229/702 [00:12<00:16, 28.90it/s]
Batches:  33%|███▎      | 233/702 [00:12<00:15, 29.41it/s]
Batches:  34%|███▍      | 237/702 [00:12<00:15, 30.36it/s]
Batches:  34%|███▍      | 241/702 [00:12<00:15, 30.65it/s]
Batches:  35%|███▍      | 245/702 [00:12<00:14, 31.33it/s]
Batches:  35%|███▌      | 249/702 [00:13<00:14, 31.22it/s]
Batches:  36%|███▌      | 253/702 [00:13<00:14, 31.95it/s]
Batches:  37%|███▋      | 257/702 [00:13<00:13, 32.43it/s]
Batches:  37%|███▋      | 261/702 [00:13<00:13, 33.52it/s]
Batches:  38%|███▊      | 265/702 [00:13<00:13, 33.25it/s]
Batches:  38%|███▊      | 269/702 [00:13<00:13, 32.85it/s]
Batches:  39%|███▉      | 273/702 [00:13<00:12, 33.02it/s]
Batches:  39%|███▉      | 277/702 [00:13<00:12, 34.54it/s]
Batches:  40%|████      | 281/702 [00:13<00:11, 35.24it/s]
Batches:  41%|████      | 285/702 [00:14<00:11, 35.25it/s]
Batches:  41%|████      | 289/702 [00:14<00:11, 36.05it/s]
Batches:  42%|████▏     | 293/702 [00:14<00:11, 36.84it/s]
Batches:  42%|████▏     | 298/702 [00:14<00:10, 39.17it/s]
Batches:  43%|████▎     | 303/702 [00:14<00:10, 39.72it/s]
Batches:  44%|████▍     | 309/702 [00:14<00:09, 43.27it/s]
Batches:  45%|████▍     | 314/702 [00:14<00:08, 44.41it/s]
Batches:  46%|████▌     | 320/702 [00:14<00:08, 46.74it/s]
Batches:  46%|████▋     | 325/702 [00:14<00:08, 46.89it/s]
Batches:  47%|████▋     | 331/702 [00:15<00:07, 50.44it/s]
Batches:  48%|████▊     | 338/702 [00:15<00:06, 53.94it/s]
Batches:  49%|████▉     | 345/702 [00:15<00:06, 57.31it/s]
Batches:  50%|█████     | 352/702 [00:15<00:05, 60.84it/s]
Batches:  51%|█████▏    | 360/702 [00:15<00:05, 64.03it/s]
Batches:  52%|█████▏    | 368/702 [00:15<00:04, 67.87it/s]
Batches:  54%|█████▎    | 376/702 [00:15<00:04, 69.85it/s]
Batches:  55%|█████▍    | 384/702 [00:15<00:04, 71.62it/s]
Batches:  56%|█████▌    | 392/702 [00:15<00:04, 72.69it/s]
Batches:  57%|█████▋    | 400/702 [00:16<00:04, 73.76it/s]
Batches:  58%|█████▊    | 409/702 [00:16<00:03, 76.01it/s]
Batches:  60%|█████▉    | 418/702 [00:16<00:03, 78.08it/s]
Batches:  61%|██████    | 427/702 [00:16<00:03, 78.89it/s]
Batches:  62%|██████▏   | 436/702 [00:16<00:03, 79.34it/s]
Batches:  63%|██████▎   | 445/702 [00:16<00:03, 81.14it/s]
Batches:  65%|██████▍   | 454/702 [00:16<00:03, 80.77it/s]
Batches:  66%|██████▌   | 463/702 [00:16<00:02, 81.66it/s]
Batches:  67%|██████▋   | 472/702 [00:16<00:02, 81.50it/s]
Batches:  69%|██████▊   | 481/702 [00:17<00:02, 82.41it/s]
Batches:  70%|██████▉   | 490/702 [00:17<00:02, 83.11it/s]
Batches:  71%|███████   | 499/702 [00:17<00:02, 82.90it/s]
Batches:  72%|███████▏  | 508/702 [00:17<00:02, 82.16it/s]
Batches:  74%|███████▎  | 517/702 [00:17<00:02, 83.20it/s]
Batches:  75%|███████▍  | 526/702 [00:17<00:02, 84.88it/s]
Batches:  76%|███████▌  | 535/702 [00:17<00:01, 85.76it/s]
Batches:  78%|███████▊  | 545/702 [00:17<00:01, 87.43it/s]
Batches:  79%|███████▉  | 555/702 [00:17<00:01, 88.72it/s]
Batches:  80%|████████  | 565/702 [00:18<00:01, 89.98it/s]
Batches:  82%|████████▏ | 575/702 [00:18<00:01, 91.08it/s]
Batches:  83%|████████▎ | 585/702 [00:18<00:01, 89.15it/s]
Batches:  85%|████████▍ | 594/702 [00:18<00:01, 87.18it/s]
Batches:  86%|████████▌ | 603/702 [00:18<00:01, 87.36it/s]
Batches:  87%|████████▋ | 612/702 [00:18<00:01, 87.14it/s]
Batches:  89%|████████▊ | 622/702 [00:18<00:00, 88.49it/s]
Batches:  90%|█████████ | 632/702 [00:18<00:00, 89.24it/s]
Batches:  91%|█████████▏| 641/702 [00:18<00:00, 89.35it/s]
Batches:  93%|█████████▎| 651/702 [00:18<00:00, 89.93it/s]
Batches:  94%|█████████▍| 660/702 [00:19<00:00, 89.86it/s]
Batches:  95%|█████████▌| 669/702 [00:19<00:00, 89.89it/s]
Batches:  97%|█████████▋| 678/702 [00:19<00:00, 88.84it/s]
Batches:  98%|█████████▊| 687/702 [00:19<00:00, 87.86it/s]
Batches:  99%|█████████▉| 696/702 [00:19<00:00, 88.05it/s]
Batches: 100%|██████████| 702/702 [00:19<00:00, 35.91it/s]
[ace] retrieving
[embed] encoding 500 texts on device=cuda:0

Batches:   0%|          | 0/8 [00:00<?, ?it/s]
Batches:  38%|███▊      | 3/8 [00:00<00:00, 26.99it/s]
Batches:  88%|████████▊ | 7/8 [00:00<00:00, 31.75it/s]
Batches: 100%|██████████| 8/8 [00:00<00:00, 32.73it/s]
[density] loading reader once
`torch_dtype` is deprecated! Use `dtype` instead!

Fetching 2 files:   0%|          | 0/2 [00:00<?, ?it/s]
Fetching 2 files:  50%|█████     | 1/2 [00:25<00:25, 25.80s/it]
Fetching 2 files: 100%|██████████| 2/2 [00:25<00:00, 12.90s/it]

Loading checkpoint shards:   0%|          | 0/2 [00:00<?, ?it/s]
Loading checkpoint shards:  50%|█████     | 1/2 [00:02<00:02,  2.66s/it]
Loading checkpoint shards: 100%|██████████| 2/2 [00:04<00:00,  2.06s/it]
Loading checkpoint shards: 100%|██████████| 2/2 [00:04<00:00,  2.15s/it]
[reader] loaded Qwen/Qwen2.5-3B-Instruct on cuda:0
[density] materializing policy=chunk_packed_96
[density] generating policy=chunk_packed_96
The following generation flags are not valid and may be ignored: ['temperature', 'top_p', 'top_k']. Set `TRANSFORMERS_VERBOSITY=info` for more details.
[reader] generated 2/500
[reader] generated 4/500
[reader] generated 6/500
[reader] generated 8/500
[reader] generated 10/500
[reader] generated 12/500
[reader] generated 14/500
[reader] generated 16/500
[reader] generated 18/500
[reader] generated 20/500
[reader] generated 22/500
[reader] generated 24/500
[reader] generated 26/500
[reader] generated 28/500
[reader] generated 30/500
[reader] generated 32/500
[reader] generated 34/500
[reader] generated 36/500
[reader] generated 38/500
[reader] generated 40/500
[reader] generated 42/500
[reader] generated 44/500
[reader] generated 46/500
[reader] generated 48/500
[reader] generated 50/500
[reader] generated 52/500
[reader] generated 54/500
[reader] generated 56/500
[reader] generated 58/500
[reader] generated 60/500
[reader] generated 62/500
[reader] generated 64/500
[reader] generated 66/500
[reader] generated 68/500
[reader] generated 70/500
[reader] generated 72/500
[reader] generated 74/500
[reader] generated 76/500
[reader] generated 78/500
[reader] generated 80/500
[reader] generated 82/500
[reader] generated 84/500
[reader] generated 86/500
[reader] generated 88/500
[reader] generated 90/500
[reader] generated 92/500
[reader] generated 94/500
[reader] generated 96/500
[reader] generated 98/500
[reader] generated 100/500
[reader] generated 102/500
[reader] generated 104/500
[reader] generated 106/500
[reader] generated 108/500
[reader] generated 110/500
[reader] generated 112/500
[reader] generated 114/500
[reader] generated 116/500
[reader] generated 118/500
[reader] generated 120/500
[reader] generated 122/500
[reader] generated 124/500
[reader] generated 126/500
[reader] generated 128/500
[reader] generated 130/500
[reader] generated 132/500
[reader] generated 134/500
[reader] generated 136/500
[reader] generated 138/500
[reader] generated 140/500
[reader] generated 142/500
[reader] generated 144/500
[reader] generated 146/500
[reader] generated 148/500
[reader] generated 150/500
[reader] generated 152/500
[reader] generated 154/500
[reader] generated 156/500
[reader] generated 158/500
[reader] generated 160/500
[reader] generated 162/500
[reader] generated 164/500
[reader] generated 166/500
[reader] generated 168/500
[reader] generated 170/500
[reader] generated 172/500
[reader] generated 174/500
[reader] generated 176/500
[reader] generated 178/500
[reader] generated 180/500
[reader] generated 182/500
[reader] generated 184/500
[reader] generated 186/500
[reader] generated 188/500
[reader] generated 190/500
[reader] generated 192/500
[reader] generated 194/500
[reader] generated 196/500
[reader] generated 198/500
[reader] generated 200/500
[reader] generated 202/500
[reader] generated 204/500
[reader] generated 206/500
[reader] generated 208/500
[reader] generated 210/500
[reader] generated 212/500
[reader] generated 214/500
[reader] generated 216/500
[reader] generated 218/500
[reader] generated 220/500
[reader] generated 222/500
[reader] generated 224/500
[reader] generated 226/500
[reader] generated 228/500
[reader] generated 230/500
[reader] generated 232/500
[reader] generated 234/500
[reader] generated 236/500
[reader] generated 238/500
[reader] generated 240/500
[reader] generated 242/500
[reader] generated 244/500
[reader] generated 246/500
[reader] generated 248/500
[reader] generated 250/500
[reader] generated 252/500
[reader] generated 254/500
[reader] generated 256/500
[reader] generated 258/500
[reader] generated 260/500
[reader] generated 262/500
[reader] generated 264/500
[reader] generated 266/500
[reader] generated 268/500
[reader] generated 270/500
[reader] generated 272/500
[reader] generated 274/500
[reader] generated 276/500
[reader] generated 278/500
[reader] generated 280/500
[reader] generated 282/500
[reader] generated 284/500
[reader] generated 286/500
[reader] generated 288/500
[reader] generated 290/500
[reader] generated 292/500
[reader] generated 294/500
[reader] generated 296/500
[reader] generated 298/500
[reader] generated 300/500
[reader] generated 302/500
[reader] generated 304/500
[reader] generated 306/500
[reader] generated 308/500
[reader] generated 310/500
[reader] generated 312/500
[reader] generated 314/500
[reader] generated 316/500
[reader] generated 318/500
[reader] generated 320/500
[reader] generated 322/500
[reader] generated 324/500
[reader] generated 326/500
[reader] generated 328/500
[reader] generated 330/500
[reader] generated 332/500
[reader] generated 334/500
[reader] generated 336/500
[reader] generated 338/500
[reader] generated 340/500
[reader] generated 342/500
[reader] generated 344/500
[reader] generated 346/500
[reader] generated 348/500
[reader] generated 350/500
[reader] generated 352/500
[reader] generated 354/500
[reader] generated 356/500
[reader] generated 358/500
[reader] generated 360/500
[reader] generated 362/500
[reader] generated 364/500
[reader] generated 366/500
[reader] generated 368/500
[reader] generated 370/500
[reader] generated 372/500
[reader] generated 374/500
[reader] generated 376/500
[reader] generated 378/500
[reader] generated 380/500
[reader] generated 382/500
[reader] generated 384/500
[reader] generated 386/500
[reader] generated 388/500
[reader] generated 390/500
[reader] generated 392/500
[reader] generated 394/500
[reader] generated 396/500
[reader] generated 398/500
[reader] generated 400/500
[reader] generated 402/500
[reader] generated 404/500
[reader] generated 406/500
[reader] generated 408/500
[reader] generated 410/500
[reader] generated 412/500
[reader] generated 414/500
[reader] generated 416/500
[reader] generated 418/500
[reader] generated 420/500
[reader] generated 422/500
[reader] generated 424/500
[reader] generated 426/500
[reader] generated 428/500
[reader] generated 430/500
[reader] generated 432/500
[reader] generated 434/500
[reader] generated 436/500
[reader] generated 438/500
[reader] generated 440/500
[reader] generated 442/500
[reader] generated 444/500
[reader] generated 446/500
[reader] generated 448/500
[reader] generated 450/500
[reader] generated 452/500
[reader] generated 454/500
[reader] generated 456/500
[reader] generated 458/500
[reader] generated 460/500
[reader] generated 462/500
[reader] generated 464/500
[reader] generated 466/500
[reader] generated 468/500
[reader] generated 470/500
[reader] generated 472/500
[reader] generated 474/500
[reader] generated 476/500
[reader] generated 478/500
[reader] generated 480/500
[reader] generated 482/500
[reader] generated 484/500
[reader] generated 486/500
[reader] generated 488/500
[reader] generated 490/500
[reader] generated 492/500
[reader] generated 494/500
[reader] generated 496/500
[reader] generated 498/500
[reader] generated 500/500
[density] policy=chunk_packed_96, router_type=fixed, representation=chunk, packer=packed, reader_model=Qwen/Qwen2.5-3B-Instruct, packed_token_budget=96, recall@1=0.438, all_gold@1=0.0, recall@2=0.723, all_gold@2=0.498, recall@5=0.874, all_gold@5=0.758, qwen_em=0.254, qwen_f1=0.3293, avg_reader_evidence_tokens=87.23, mean_ans_in_context=0.464, mean_gold_token_density=0.444, mean_gold_doc_reader_cov=0.498, mean_all_gold_reader=0.214, mean_distractor_docs=1.276, mean_context_tokens=87.234, mean_n_snippets=2.332
[density] materializing policy=chunk_focused_96
[density] generating policy=chunk_focused_96
[reader] generated 2/500
[reader] generated 4/500
[reader] generated 6/500
[reader] generated 8/500
[reader] generated 10/500
[reader] generated 12/500
[reader] generated 14/500
[reader] generated 16/500
[reader] generated 18/500
[reader] generated 20/500
[reader] generated 22/500
[reader] generated 24/500
[reader] generated 26/500
[reader] generated 28/500
[reader] generated 30/500
[reader] generated 32/500
[reader] generated 34/500
[reader] generated 36/500
[reader] generated 38/500
[reader] generated 40/500
[reader] generated 42/500
[reader] generated 44/500
[reader] generated 46/500
[reader] generated 48/500
[reader] generated 50/500
[reader] generated 52/500
[reader] generated 54/500
[reader] generated 56/500
[reader] generated 58/500
[reader] generated 60/500
[reader] generated 62/500
[reader] generated 64/500
[reader] generated 66/500
[reader] generated 68/500
[reader] generated 70/500
[reader] generated 72/500
[reader] generated 74/500
[reader] generated 76/500
[reader] generated 78/500
[reader] generated 80/500
[reader] generated 82/500
[reader] generated 84/500
[reader] generated 86/500
[reader] generated 88/500
[reader] generated 90/500
[reader] generated 92/500
[reader] generated 94/500
[reader] generated 96/500
[reader] generated 98/500
[reader] generated 100/500
[reader] generated 102/500
[reader] generated 104/500
[reader] generated 106/500
[reader] generated 108/500
[reader] generated 110/500
[reader] generated 112/500
[reader] generated 114/500
[reader] generated 116/500
[reader] generated 118/500
[reader] generated 120/500
[reader] generated 122/500
[reader] generated 124/500
[reader] generated 126/500
[reader] generated 128/500
[reader] generated 130/500
[reader] generated 132/500
[reader] generated 134/500
[reader] generated 136/500
[reader] generated 138/500
[reader] generated 140/500
[reader] generated 142/500
[reader] generated 144/500
[reader] generated 146/500
[reader] generated 148/500
[reader] generated 150/500
[reader] generated 152/500
[reader] generated 154/500
[reader] generated 156/500
[reader] generated 158/500
[reader] generated 160/500
[reader] generated 162/500
[reader] generated 164/500
[reader] generated 166/500
[reader] generated 168/500
[reader] generated 170/500
[reader] generated 172/500
[reader] generated 174/500
[reader] generated 176/500
[reader] generated 178/500
[reader] generated 180/500
[reader] generated 182/500
[reader] generated 184/500
[reader] generated 186/500
[reader] generated 188/500
[reader] generated 190/500
[reader] generated 192/500
[reader] generated 194/500
[reader] generated 196/500
[reader] generated 198/500
[reader] generated 200/500
[reader] generated 202/500
[reader] generated 204/500
[reader] generated 206/500
[reader] generated 208/500
[reader] generated 210/500
[reader] generated 212/500
[reader] generated 214/500
[reader] generated 216/500
[reader] generated 218/500
[reader] generated 220/500
[reader] generated 222/500
[reader] generated 224/500
[reader] generated 226/500
[reader] generated 228/500
[reader] generated 230/500
[reader] generated 232/500
[reader] generated 234/500
[reader] generated 236/500
[reader] generated 238/500
[reader] generated 240/500
[reader] generated 242/500
[reader] generated 244/500
[reader] generated 246/500
[reader] generated 248/500
[reader] generated 250/500
[reader] generated 252/500
[reader] generated 254/500
[reader] generated 256/500
[reader] generated 258/500
[reader] generated 260/500
[reader] generated 262/500
[reader] generated 264/500
[reader] generated 266/500
[reader] generated 268/500
[reader] generated 270/500
[reader] generated 272/500
[reader] generated 274/500
[reader] generated 276/500
[reader] generated 278/500
[reader] generated 280/500
[reader] generated 282/500
[reader] generated 284/500
[reader] generated 286/500
[reader] generated 288/500
[reader] generated 290/500
[reader] generated 292/500
[reader] generated 294/500
[reader] generated 296/500
[reader] generated 298/500
[reader] generated 300/500
[reader] generated 302/500
[reader] generated 304/500
[reader] generated 306/500
[reader] generated 308/500
[reader] generated 310/500
[reader] generated 312/500
[reader] generated 314/500
[reader] generated 316/500
[reader] generated 318/500
[reader] generated 320/500
[reader] generated 322/500
[reader] generated 324/500
[reader] generated 326/500
[reader] generated 328/500
[reader] generated 330/500
[reader] generated 332/500
[reader] generated 334/500
[reader] generated 336/500
[reader] generated 338/500
[reader] generated 340/500
[reader] generated 342/500
[reader] generated 344/500
[reader] generated 346/500
[reader] generated 348/500
[reader] generated 350/500
[reader] generated 352/500
[reader] generated 354/500
[reader] generated 356/500
[reader] generated 358/500
[reader] generated 360/500
[reader] generated 362/500
[reader] generated 364/500
[reader] generated 366/500
[reader] generated 368/500
[reader] generated 370/500
[reader] generated 372/500
[reader] generated 374/500
[reader] generated 376/500
[reader] generated 378/500
[reader] generated 380/500
[reader] generated 382/500
[reader] generated 384/500
[reader] generated 386/500
[reader] generated 388/500
[reader] generated 390/500
[reader] generated 392/500
[reader] generated 394/500
[reader] generated 396/500
[reader] generated 398/500
[reader] generated 400/500
[reader] generated 402/500
[reader] generated 404/500
[reader] generated 406/500
[reader] generated 408/500
[reader] generated 410/500
[reader] generated 412/500
[reader] generated 414/500
[reader] generated 416/500
[reader] generated 418/500
[reader] generated 420/500
[reader] generated 422/500
[reader] generated 424/500
[reader] generated 426/500
[reader] generated 428/500
[reader] generated 430/500
[reader] generated 432/500
[reader] generated 434/500
[reader] generated 436/500
[reader] generated 438/500
[reader] generated 440/500
[reader] generated 442/500
[reader] generated 444/500
[reader] generated 446/500
[reader] generated 448/500
[reader] generated 450/500
[reader] generated 452/500
[reader] generated 454/500
[reader] generated 456/500
[reader] generated 458/500
[reader] generated 460/500
[reader] generated 462/500
[reader] generated 464/500
[reader] generated 466/500
[reader] generated 468/500
[reader] generated 470/500
[reader] generated 472/500
[reader] generated 474/500
[reader] generated 476/500
[reader] generated 478/500
[reader] generated 480/500
[reader] generated 482/500
[reader] generated 484/500
[reader] generated 486/500
[reader] generated 488/500
[reader] generated 490/500
[reader] generated 492/500
[reader] generated 494/500
[reader] generated 496/500
[reader] generated 498/500
[reader] generated 500/500
[density] policy=chunk_focused_96, router_type=fixed, representation=chunk, packer=focused, reader_model=Qwen/Qwen2.5-3B-Instruct, packed_token_budget=96, recall@1=0.438, all_gold@1=0.0, recall@2=0.723, all_gold@2=0.498, recall@5=0.874, all_gold@5=0.758, qwen_em=0.288, qwen_f1=0.3686, avg_reader_evidence_tokens=87.22, mean_ans_in_context=0.53, mean_gold_token_density=0.6212, mean_gold_doc_reader_cov=0.585, mean_all_gold_reader=0.302, mean_distractor_docs=0.882, mean_context_tokens=87.22, mean_n_snippets=2.16
[density] materializing policy=chunk_mmr_96
[density] generating policy=chunk_mmr_96
[reader] generated 2/500
[reader] generated 4/500
[reader] generated 6/500
[reader] generated 8/500
[reader] generated 10/500
[reader] generated 12/500
[reader] generated 14/500
[reader] generated 16/500
[reader] generated 18/500
[reader] generated 20/500
[reader] generated 22/500
[reader] generated 24/500
[reader] generated 26/500
[reader] generated 28/500
[reader] generated 30/500
[reader] generated 32/500
[reader] generated 34/500
[reader] generated 36/500
[reader] generated 38/500
[reader] generated 40/500
[reader] generated 42/500
[reader] generated 44/500
[reader] generated 46/500
[reader] generated 48/500
[reader] generated 50/500
[reader] generated 52/500
[reader] generated 54/500
[reader] generated 56/500
[reader] generated 58/500
[reader] generated 60/500
[reader] generated 62/500
[reader] generated 64/500
[reader] generated 66/500
[reader] generated 68/500
[reader] generated 70/500
[reader] generated 72/500
[reader] generated 74/500
[reader] generated 76/500
[reader] generated 78/500
[reader] generated 80/500
[reader] generated 82/500
[reader] generated 84/500
[reader] generated 86/500
[reader] generated 88/500
[reader] generated 90/500
[reader] generated 92/500
[reader] generated 94/500
[reader] generated 96/500
[reader] generated 98/500
[reader] generated 100/500
[reader] generated 102/500
[reader] generated 104/500
[reader] generated 106/500
[reader] generated 108/500
[reader] generated 110/500
[reader] generated 112/500
[reader] generated 114/500
[reader] generated 116/500
[reader] generated 118/500
[reader] generated 120/500
[reader] generated 122/500
[reader] generated 124/500
[reader] generated 126/500
[reader] generated 128/500
[reader] generated 130/500
[reader] generated 132/500
[reader] generated 134/500
[reader] generated 136/500
[reader] generated 138/500
[reader] generated 140/500
[reader] generated 142/500
[reader] generated 144/500
[reader] generated 146/500
[reader] generated 148/500
[reader] generated 150/500
[reader] generated 152/500
[reader] generated 154/500
[reader] generated 156/500
[reader] generated 158/500
[reader] generated 160/500
[reader] generated 162/500
[reader] generated 164/500
[reader] generated 166/500
[reader] generated 168/500
[reader] generated 170/500
[reader] generated 172/500
[reader] generated 174/500
[reader] generated 176/500
[reader] generated 178/500
[reader] generated 180/500
[reader] generated 182/500
[reader] generated 184/500
[reader] generated 186/500
[reader] generated 188/500
[reader] generated 190/500
[reader] generated 192/500
[reader] generated 194/500
[reader] generated 196/500
[reader] generated 198/500
[reader] generated 200/500
[reader] generated 202/500
[reader] generated 204/500
[reader] generated 206/500
[reader] generated 208/500
[reader] generated 210/500
[reader] generated 212/500
[reader] generated 214/500
[reader] generated 216/500
[reader] generated 218/500
[reader] generated 220/500
[reader] generated 222/500
[reader] generated 224/500
[reader] generated 226/500
[reader] generated 228/500
[reader] generated 230/500
[reader] generated 232/500
[reader] generated 234/500
[reader] generated 236/500
[reader] generated 238/500
[reader] generated 240/500
[reader] generated 242/500
[reader] generated 244/500
[reader] generated 246/500
[reader] generated 248/500
[reader] generated 250/500
[reader] generated 252/500
[reader] generated 254/500
[reader] generated 256/500
[reader] generated 258/500
[reader] generated 260/500
[reader] generated 262/500
[reader] generated 264/500
[reader] generated 266/500
[reader] generated 268/500
[reader] generated 270/500
[reader] generated 272/500
[reader] generated 274/500
[reader] generated 276/500
[reader] generated 278/500
[reader] generated 280/500
[reader] generated 282/500
[reader] generated 284/500
[reader] generated 286/500
[reader] generated 288/500
[reader] generated 290/500
[reader] generated 292/500
[reader] generated 294/500
[reader] generated 296/500
[reader] generated 298/500
[reader] generated 300/500
[reader] generated 302/500
[reader] generated 304/500
[reader] generated 306/500
[reader] generated 308/500
[reader] generated 310/500
[reader] generated 312/500
[reader] generated 314/500
[reader] generated 316/500
[reader] generated 318/500
[reader] generated 320/500
[reader] generated 322/500
[reader] generated 324/500
[reader] generated 326/500
[reader] generated 328/500
[reader] generated 330/500
[reader] generated 332/500
[reader] generated 334/500
[reader] generated 336/500
[reader] generated 338/500
[reader] generated 340/500
[reader] generated 342/500
[reader] generated 344/500
[reader] generated 346/500
[reader] generated 348/500
[reader] generated 350/500
[reader] generated 352/500
[reader] generated 354/500
[reader] generated 356/500
[reader] generated 358/500
[reader] generated 360/500
[reader] generated 362/500
[reader] generated 364/500
[reader] generated 366/500
[reader] generated 368/500
[reader] generated 370/500
[reader] generated 372/500
[reader] generated 374/500
[reader] generated 376/500
[reader] generated 378/500
[reader] generated 380/500
[reader] generated 382/500
[reader] generated 384/500
[reader] generated 386/500
[reader] generated 388/500
[reader] generated 390/500
[reader] generated 392/500
[reader] generated 394/500
[reader] generated 396/500
[reader] generated 398/500
[reader] generated 400/500
[reader] generated 402/500
[reader] generated 404/500
[reader] generated 406/500
[reader] generated 408/500
[reader] generated 410/500
[reader] generated 412/500
[reader] generated 414/500
[reader] generated 416/500
[reader] generated 418/500
[reader] generated 420/500
[reader] generated 422/500
[reader] generated 424/500
[reader] generated 426/500
[reader] generated 428/500
[reader] generated 430/500
[reader] generated 432/500
[reader] generated 434/500
[reader] generated 436/500
[reader] generated 438/500
[reader] generated 440/500
[reader] generated 442/500
[reader] generated 444/500
[reader] generated 446/500
[reader] generated 448/500
[reader] generated 450/500
[reader] generated 452/500
[reader] generated 454/500
[reader] generated 456/500
[reader] generated 458/500
[reader] generated 460/500
[reader] generated 462/500
[reader] generated 464/500
[reader] generated 466/500
[reader] generated 468/500
[reader] generated 470/500
[reader] generated 472/500
[reader] generated 474/500
[reader] generated 476/500
[reader] generated 478/500
[reader] generated 480/500
[reader] generated 482/500
[reader] generated 484/500
[reader] generated 486/500
[reader] generated 488/500
[reader] generated 490/500
[reader] generated 492/500
[reader] generated 494/500
[reader] generated 496/500
[reader] generated 498/500
[reader] generated 500/500
[density] policy=chunk_mmr_96, router_type=fixed, representation=chunk, packer=mmr, reader_model=Qwen/Qwen2.5-3B-Instruct, packed_token_budget=96, recall@1=0.438, all_gold@1=0.0, recall@2=0.723, all_gold@2=0.498, recall@5=0.874, all_gold@5=0.758, qwen_em=0.252, qwen_f1=0.33, avg_reader_evidence_tokens=87.14, mean_ans_in_context=0.5, mean_gold_token_density=0.5629, mean_gold_doc_reader_cov=0.537, mean_all_gold_reader=0.24, mean_distractor_docs=0.992, mean_context_tokens=87.14, mean_n_snippets=2.244
[density] materializing policy=chunk_submod_96
[density] generating policy=chunk_submod_96
[reader] generated 2/500
[reader] generated 4/500
[reader] generated 6/500
[reader] generated 8/500
[reader] generated 10/500
[reader] generated 12/500
[reader] generated 14/500
[reader] generated 16/500
[reader] generated 18/500
[reader] generated 20/500
[reader] generated 22/500
[reader] generated 24/500
[reader] generated 26/500
[reader] generated 28/500
[reader] generated 30/500
[reader] generated 32/500
[reader] generated 34/500
[reader] generated 36/500
[reader] generated 38/500
[reader] generated 40/500
[reader] generated 42/500
[reader] generated 44/500
[reader] generated 46/500
[reader] generated 48/500
[reader] generated 50/500
[reader] generated 52/500
[reader] generated 54/500
[reader] generated 56/500
[reader] generated 58/500
[reader] generated 60/500
[reader] generated 62/500
[reader] generated 64/500
[reader] generated 66/500
[reader] generated 68/500
[reader] generated 70/500
[reader] generated 72/500
[reader] generated 74/500
[reader] generated 76/500
[reader] generated 78/500
[reader] generated 80/500
[reader] generated 82/500
[reader] generated 84/500
[reader] generated 86/500
[reader] generated 88/500
[reader] generated 90/500
[reader] generated 92/500
[reader] generated 94/500
[reader] generated 96/500
[reader] generated 98/500
[reader] generated 100/500
[reader] generated 102/500
[reader] generated 104/500
[reader] generated 106/500
[reader] generated 108/500
[reader] generated 110/500
[reader] generated 112/500
[reader] generated 114/500
[reader] generated 116/500
[reader] generated 118/500
[reader] generated 120/500
[reader] generated 122/500
[reader] generated 124/500
[reader] generated 126/500
[reader] generated 128/500
[reader] generated 130/500
[reader] generated 132/500
[reader] generated 134/500
[reader] generated 136/500
[reader] generated 138/500
[reader] generated 140/500
[reader] generated 142/500
[reader] generated 144/500
[reader] generated 146/500
[reader] generated 148/500
[reader] generated 150/500
[reader] generated 152/500
[reader] generated 154/500
[reader] generated 156/500
[reader] generated 158/500
[reader] generated 160/500
[reader] generated 162/500
[reader] generated 164/500
[reader] generated 166/500
[reader] generated 168/500
[reader] generated 170/500
[reader] generated 172/500
[reader] generated 174/500
[reader] generated 176/500
[reader] generated 178/500
[reader] generated 180/500
[reader] generated 182/500
[reader] generated 184/500
[reader] generated 186/500
[reader] generated 188/500
[reader] generated 190/500
[reader] generated 192/500
[reader] generated 194/500
[reader] generated 196/500
[reader] generated 198/500
[reader] generated 200/500
[reader] generated 202/500
[reader] generated 204/500
[reader] generated 206/500
[reader] generated 208/500
[reader] generated 210/500
[reader] generated 212/500
[reader] generated 214/500
[reader] generated 216/500
[reader] generated 218/500
[reader] generated 220/500
[reader] generated 222/500
[reader] generated 224/500
[reader] generated 226/500
[reader] generated 228/500
[reader] generated 230/500
[reader] generated 232/500
[reader] generated 234/500
[reader] generated 236/500
[reader] generated 238/500
[reader] generated 240/500
[reader] generated 242/500
[reader] generated 244/500
[reader] generated 246/500
[reader] generated 248/500
[reader] generated 250/500
[reader] generated 252/500
[reader] generated 254/500
[reader] generated 256/500
[reader] generated 258/500
[reader] generated 260/500
[reader] generated 262/500
[reader] generated 264/500
[reader] generated 266/500
[reader] generated 268/500
[reader] generated 270/500
[reader] generated 272/500
[reader] generated 274/500
[reader] generated 276/500
[reader] generated 278/500
[reader] generated 280/500
[reader] generated 282/500
[reader] generated 284/500
[reader] generated 286/500
[reader] generated 288/500
[reader] generated 290/500
[reader] generated 292/500
[reader] generated 294/500
[reader] generated 296/500
[reader] generated 298/500
[reader] generated 300/500
[reader] generated 302/500
[reader] generated 304/500
[reader] generated 306/500
[reader] generated 308/500
[reader] generated 310/500
[reader] generated 312/500
[reader] generated 314/500
[reader] generated 316/500
[reader] generated 318/500
[reader] generated 320/500
[reader] generated 322/500
[reader] generated 324/500
[reader] generated 326/500
[reader] generated 328/500
[reader] generated 330/500
[reader] generated 332/500
[reader] generated 334/500
[reader] generated 336/500
[reader] generated 338/500
[reader] generated 340/500
[reader] generated 342/500
[reader] generated 344/500
[reader] generated 346/500
[reader] generated 348/500
[reader] generated 350/500
[reader] generated 352/500
[reader] generated 354/500
[reader] generated 356/500
[reader] generated 358/500
[reader] generated 360/500
[reader] generated 362/500
[reader] generated 364/500
[reader] generated 366/500
[reader] generated 368/500
[reader] generated 370/500
[reader] generated 372/500
[reader] generated 374/500
[reader] generated 376/500
[reader] generated 378/500
[reader] generated 380/500
[reader] generated 382/500
[reader] generated 384/500
[reader] generated 386/500
[reader] generated 388/500
[reader] generated 390/500
[reader] generated 392/500
[reader] generated 394/500
[reader] generated 396/500
[reader] generated 398/500
[reader] generated 400/500
[reader] generated 402/500
[reader] generated 404/500
[reader] generated 406/500
[reader] generated 408/500
[reader] generated 410/500
[reader] generated 412/500
[reader] generated 414/500
[reader] generated 416/500
[reader] generated 418/500
[reader] generated 420/500
[reader] generated 422/500
[reader] generated 424/500
[reader] generated 426/500
[reader] generated 428/500
[reader] generated 430/500
[reader] generated 432/500
[reader] generated 434/500
[reader] generated 436/500
[reader] generated 438/500
[reader] generated 440/500
[reader] generated 442/500
[reader] generated 444/500
[reader] generated 446/500
[reader] generated 448/500
[reader] generated 450/500
[reader] generated 452/500
[reader] generated 454/500
[reader] generated 456/500
[reader] generated 458/500
[reader] generated 460/500
[reader] generated 462/500
[reader] generated 464/500
[reader] generated 466/500
[reader] generated 468/500
[reader] generated 470/500
[reader] generated 472/500
[reader] generated 474/500
[reader] generated 476/500
[reader] generated 478/500
[reader] generated 480/500
[reader] generated 482/500
[reader] generated 484/500
[reader] generated 486/500
[reader] generated 488/500
[reader] generated 490/500
[reader] generated 492/500
[reader] generated 494/500
[reader] generated 496/500
[reader] generated 498/500
[reader] generated 500/500
[density] policy=chunk_submod_96, router_type=fixed, representation=chunk, packer=submod, reader_model=Qwen/Qwen2.5-3B-Instruct, packed_token_budget=96, recall@1=0.438, all_gold@1=0.0, recall@2=0.723, all_gold@2=0.498, recall@5=0.874, all_gold@5=0.758, qwen_em=0.286, qwen_f1=0.3729, avg_reader_evidence_tokens=83.2, mean_ans_in_context=0.536, mean_gold_token_density=0.539, mean_gold_doc_reader_cov=0.626, mean_all_gold_reader=0.336, mean_distractor_docs=1.342, mean_context_tokens=83.196, mean_n_snippets=2.914
[density] materializing policy=ace_focused_96
[density] generating policy=ace_focused_96
[reader] generated 2/500
[reader] generated 4/500
[reader] generated 6/500
[reader] generated 8/500
[reader] generated 10/500
[reader] generated 12/500
[reader] generated 14/500
[reader] generated 16/500
[reader] generated 18/500
[reader] generated 20/500
[reader] generated 22/500
[reader] generated 24/500
[reader] generated 26/500
[reader] generated 28/500
[reader] generated 30/500
[reader] generated 32/500
[reader] generated 34/500
[reader] generated 36/500
[reader] generated 38/500
[reader] generated 40/500
[reader] generated 42/500
[reader] generated 44/500
[reader] generated 46/500
[reader] generated 48/500
[reader] generated 50/500
[reader] generated 52/500
[reader] generated 54/500
[reader] generated 56/500
[reader] generated 58/500
[reader] generated 60/500
[reader] generated 62/500
[reader] generated 64/500
[reader] generated 66/500
[reader] generated 68/500
[reader] generated 70/500
[reader] generated 72/500
[reader] generated 74/500
[reader] generated 76/500
[reader] generated 78/500
[reader] generated 80/500
[reader] generated 82/500
[reader] generated 84/500
[reader] generated 86/500
[reader] generated 88/500
[reader] generated 90/500
[reader] generated 92/500
[reader] generated 94/500
[reader] generated 96/500
[reader] generated 98/500
[reader] generated 100/500
[reader] generated 102/500
[reader] generated 104/500
[reader] generated 106/500
[reader] generated 108/500
[reader] generated 110/500
[reader] generated 112/500
[reader] generated 114/500
[reader] generated 116/500
[reader] generated 118/500
[reader] generated 120/500
[reader] generated 122/500
[reader] generated 124/500
[reader] generated 126/500
[reader] generated 128/500
[reader] generated 130/500
[reader] generated 132/500
[reader] generated 134/500
[reader] generated 136/500
[reader] generated 138/500
[reader] generated 140/500
[reader] generated 142/500
[reader] generated 144/500
[reader] generated 146/500
[reader] generated 148/500
[reader] generated 150/500
[reader] generated 152/500
[reader] generated 154/500
[reader] generated 156/500
[reader] generated 158/500
[reader] generated 160/500
[reader] generated 162/500
[reader] generated 164/500
[reader] generated 166/500
[reader] generated 168/500
[reader] generated 170/500
[reader] generated 172/500
[reader] generated 174/500
[reader] generated 176/500
[reader] generated 178/500
[reader] generated 180/500
[reader] generated 182/500
[reader] generated 184/500
[reader] generated 186/500
[reader] generated 188/500
[reader] generated 190/500
[reader] generated 192/500
[reader] generated 194/500
[reader] generated 196/500
[reader] generated 198/500
[reader] generated 200/500
[reader] generated 202/500
[reader] generated 204/500
[reader] generated 206/500
[reader] generated 208/500
[reader] generated 210/500
[reader] generated 212/500
[reader] generated 214/500
[reader] generated 216/500
[reader] generated 218/500
[reader] generated 220/500
[reader] generated 222/500
[reader] generated 224/500
[reader] generated 226/500
[reader] generated 228/500
[reader] generated 230/500
[reader] generated 232/500
[reader] generated 234/500
[reader] generated 236/500
[reader] generated 238/500
[reader] generated 240/500
[reader] generated 242/500
[reader] generated 244/500
[reader] generated 246/500
[reader] generated 248/500
[reader] generated 250/500
[reader] generated 252/500
[reader] generated 254/500
[reader] generated 256/500
[reader] generated 258/500
[reader] generated 260/500
[reader] generated 262/500
[reader] generated 264/500
[reader] generated 266/500
[reader] generated 268/500
[reader] generated 270/500
[reader] generated 272/500
[reader] generated 274/500
[reader] generated 276/500
[reader] generated 278/500
[reader] generated 280/500
[reader] generated 282/500
[reader] generated 284/500
[reader] generated 286/500
[reader] generated 288/500
[reader] generated 290/500
[reader] generated 292/500
[reader] generated 294/500
[reader] generated 296/500
[reader] generated 298/500
[reader] generated 300/500
[reader] generated 302/500
[reader] generated 304/500
[reader] generated 306/500
[reader] generated 308/500
[reader] generated 310/500
[reader] generated 312/500
[reader] generated 314/500
[reader] generated 316/500
[reader] generated 318/500
[reader] generated 320/500
[reader] generated 322/500
[reader] generated 324/500
[reader] generated 326/500
[reader] generated 328/500
[reader] generated 330/500
[reader] generated 332/500
[reader] generated 334/500
[reader] generated 336/500
[reader] generated 338/500
[reader] generated 340/500
[reader] generated 342/500
[reader] generated 344/500
[reader] generated 346/500
[reader] generated 348/500
[reader] generated 350/500
[reader] generated 352/500
[reader] generated 354/500
[reader] generated 356/500
[reader] generated 358/500
[reader] generated 360/500
[reader] generated 362/500
[reader] generated 364/500
[reader] generated 366/500
[reader] generated 368/500
[reader] generated 370/500
[reader] generated 372/500
[reader] generated 374/500
[reader] generated 376/500
[reader] generated 378/500
[reader] generated 380/500
[reader] generated 382/500
[reader] generated 384/500
[reader] generated 386/500
[reader] generated 388/500
[reader] generated 390/500
[reader] generated 392/500
[reader] generated 394/500
[reader] generated 396/500
[reader] generated 398/500
[reader] generated 400/500
[reader] generated 402/500
[reader] generated 404/500
[reader] generated 406/500
[reader] generated 408/500
[reader] generated 410/500
[reader] generated 412/500
[reader] generated 414/500
[reader] generated 416/500
[reader] generated 418/500
[reader] generated 420/500
[reader] generated 422/500
[reader] generated 424/500
[reader] generated 426/500
[reader] generated 428/500
[reader] generated 430/500
[reader] generated 432/500
[reader] generated 434/500
[reader] generated 436/500
[reader] generated 438/500
[reader] generated 440/500
[reader] generated 442/500
[reader] generated 444/500
[reader] generated 446/500
[reader] generated 448/500
[reader] generated 450/500
[reader] generated 452/500
[reader] generated 454/500
[reader] generated 456/500
[reader] generated 458/500
[reader] generated 460/500
[reader] generated 462/500
[reader] generated 464/500
[reader] generated 466/500
[reader] generated 468/500
[reader] generated 470/500
[reader] generated 472/500
[reader] generated 474/500
[reader] generated 476/500
[reader] generated 478/500
[reader] generated 480/500
[reader] generated 482/500
[reader] generated 484/500
[reader] generated 486/500
[reader] generated 488/500
[reader] generated 490/500
[reader] generated 492/500
[reader] generated 494/500
[reader] generated 496/500
[reader] generated 498/500
[reader] generated 500/500
[density] policy=ace_focused_96, router_type=fixed, representation=ace, packer=focused, reader_model=Qwen/Qwen2.5-3B-Instruct, packed_token_budget=96, recall@1=0.419, all_gold@1=0.0, recall@2=0.677, all_gold@2=0.422, recall@5=0.859, all_gold@5=0.726, qwen_em=0.274, qwen_f1=0.3571, avg_reader_evidence_tokens=86.87, mean_ans_in_context=0.504, mean_gold_token_density=0.5546, mean_gold_doc_reader_cov=0.611, mean_all_gold_reader=0.316, mean_distractor_docs=1.182, mean_context_tokens=86.868, mean_n_snippets=2.576
[density] materializing policy=ace_mmr_96
[density] generating policy=ace_mmr_96
[reader] generated 2/500
[reader] generated 4/500
[reader] generated 6/500
[reader] generated 8/500
[reader] generated 10/500
[reader] generated 12/500
[reader] generated 14/500
[reader] generated 16/500
[reader] generated 18/500
[reader] generated 20/500
[reader] generated 22/500
[reader] generated 24/500
[reader] generated 26/500
[reader] generated 28/500
[reader] generated 30/500
[reader] generated 32/500
[reader] generated 34/500
[reader] generated 36/500
[reader] generated 38/500
[reader] generated 40/500
[reader] generated 42/500
[reader] generated 44/500
[reader] generated 46/500
[reader] generated 48/500
[reader] generated 50/500
[reader] generated 52/500
[reader] generated 54/500
[reader] generated 56/500
[reader] generated 58/500
[reader] generated 60/500
[reader] generated 62/500
[reader] generated 64/500
[reader] generated 66/500
[reader] generated 68/500
[reader] generated 70/500
[reader] generated 72/500
[reader] generated 74/500
[reader] generated 76/500
[reader] generated 78/500
[reader] generated 80/500
[reader] generated 82/500
[reader] generated 84/500
[reader] generated 86/500
[reader] generated 88/500
[reader] generated 90/500
[reader] generated 92/500
[reader] generated 94/500
[reader] generated 96/500
[reader] generated 98/500
[reader] generated 100/500
[reader] generated 102/500
[reader] generated 104/500
[reader] generated 106/500
[reader] generated 108/500
[reader] generated 110/500
[reader] generated 112/500
[reader] generated 114/500
[reader] generated 116/500
[reader] generated 118/500
[reader] generated 120/500
[reader] generated 122/500
[reader] generated 124/500
[reader] generated 126/500
[reader] generated 128/500
[reader] generated 130/500
[reader] generated 132/500
[reader] generated 134/500
[reader] generated 136/500
[reader] generated 138/500
[reader] generated 140/500
[reader] generated 142/500
[reader] generated 144/500
[reader] generated 146/500
[reader] generated 148/500
[reader] generated 150/500
[reader] generated 152/500
[reader] generated 154/500
[reader] generated 156/500
[reader] generated 158/500
[reader] generated 160/500
[reader] generated 162/500
[reader] generated 164/500
[reader] generated 166/500
[reader] generated 168/500
[reader] generated 170/500
[reader] generated 172/500
[reader] generated 174/500
[reader] generated 176/500
[reader] generated 178/500
[reader] generated 180/500
[reader] generated 182/500
[reader] generated 184/500
[reader] generated 186/500
[reader] generated 188/500
[reader] generated 190/500
[reader] generated 192/500
[reader] generated 194/500
[reader] generated 196/500
[reader] generated 198/500
[reader] generated 200/500
[reader] generated 202/500
[reader] generated 204/500
[reader] generated 206/500
[reader] generated 208/500
[reader] generated 210/500
[reader] generated 212/500
[reader] generated 214/500
[reader] generated 216/500
[reader] generated 218/500
[reader] generated 220/500
[reader] generated 222/500
[reader] generated 224/500
[reader] generated 226/500
[reader] generated 228/500
[reader] generated 230/500
[reader] generated 232/500
[reader] generated 234/500
[reader] generated 236/500
[reader] generated 238/500
[reader] generated 240/500
[reader] generated 242/500
[reader] generated 244/500
[reader] generated 246/500
[reader] generated 248/500
[reader] generated 250/500
[reader] generated 252/500
[reader] generated 254/500
[reader] generated 256/500
[reader] generated 258/500
[reader] generated 260/500
[reader] generated 262/500
[reader] generated 264/500
[reader] generated 266/500
[reader] generated 268/500
[reader] generated 270/500
[reader] generated 272/500
[reader] generated 274/500
[reader] generated 276/500
[reader] generated 278/500
[reader] generated 280/500
[reader] generated 282/500
[reader] generated 284/500
[reader] generated 286/500
[reader] generated 288/500
[reader] generated 290/500
[reader] generated 292/500
[reader] generated 294/500
[reader] generated 296/500
[reader] generated 298/500
[reader] generated 300/500
[reader] generated 302/500
[reader] generated 304/500
[reader] generated 306/500
[reader] generated 308/500
[reader] generated 310/500
[reader] generated 312/500
[reader] generated 314/500
[reader] generated 316/500
[reader] generated 318/500
[reader] generated 320/500
[reader] generated 322/500
[reader] generated 324/500
[reader] generated 326/500
[reader] generated 328/500
[reader] generated 330/500
[reader] generated 332/500
[reader] generated 334/500
[reader] generated 336/500
[reader] generated 338/500
[reader] generated 340/500
[reader] generated 342/500
[reader] generated 344/500
[reader] generated 346/500
[reader] generated 348/500
[reader] generated 350/500
[reader] generated 352/500
[reader] generated 354/500
[reader] generated 356/500
[reader] generated 358/500
[reader] generated 360/500
[reader] generated 362/500
[reader] generated 364/500
[reader] generated 366/500
[reader] generated 368/500
[reader] generated 370/500
[reader] generated 372/500
[reader] generated 374/500
[reader] generated 376/500
[reader] generated 378/500
[reader] generated 380/500
[reader] generated 382/500
[reader] generated 384/500
[reader] generated 386/500
[reader] generated 388/500
[reader] generated 390/500
[reader] generated 392/500
[reader] generated 394/500
[reader] generated 396/500
[reader] generated 398/500
[reader] generated 400/500
[reader] generated 402/500
[reader] generated 404/500
[reader] generated 406/500
[reader] generated 408/500
[reader] generated 410/500
[reader] generated 412/500
[reader] generated 414/500
[reader] generated 416/500
[reader] generated 418/500
[reader] generated 420/500
[reader] generated 422/500
[reader] generated 424/500
[reader] generated 426/500
[reader] generated 428/500
[reader] generated 430/500
[reader] generated 432/500
[reader] generated 434/500
[reader] generated 436/500
[reader] generated 438/500
[reader] generated 440/500
[reader] generated 442/500
[reader] generated 444/500
[reader] generated 446/500
[reader] generated 448/500
[reader] generated 450/500
[reader] generated 452/500
[reader] generated 454/500
[reader] generated 456/500
[reader] generated 458/500
[reader] generated 460/500
[reader] generated 462/500
[reader] generated 464/500
[reader] generated 466/500
[reader] generated 468/500
[reader] generated 470/500
[reader] generated 472/500
[reader] generated 474/500
[reader] generated 476/500
[reader] generated 478/500
[reader] generated 480/500
[reader] generated 482/500
[reader] generated 484/500
[reader] generated 486/500
[reader] generated 488/500
[reader] generated 490/500
[reader] generated 492/500
[reader] generated 494/500
[reader] generated 496/500
[reader] generated 498/500
[reader] generated 500/500
[density] policy=ace_mmr_96, router_type=fixed, representation=ace, packer=mmr, reader_model=Qwen/Qwen2.5-3B-Instruct, packed_token_budget=96, recall@1=0.419, all_gold@1=0.0, recall@2=0.677, all_gold@2=0.422, recall@5=0.859, all_gold@5=0.726, qwen_em=0.272, qwen_f1=0.3569, avg_reader_evidence_tokens=86.12, mean_ans_in_context=0.472, mean_gold_token_density=0.4901, mean_gold_doc_reader_cov=0.556, mean_all_gold_reader=0.248, mean_distractor_docs=1.288, mean_context_tokens=86.124, mean_n_snippets=2.64
[density] materializing policy=ace_submod_96
[density] generating policy=ace_submod_96
[reader] generated 2/500
[reader] generated 4/500
[reader] generated 6/500
[reader] generated 8/500
[reader] generated 10/500
[reader] generated 12/500
[reader] generated 14/500
[reader] generated 16/500
[reader] generated 18/500
[reader] generated 20/500
[reader] generated 22/500
[reader] generated 24/500
[reader] generated 26/500
[reader] generated 28/500
[reader] generated 30/500
[reader] generated 32/500
[reader] generated 34/500
[reader] generated 36/500
[reader] generated 38/500
[reader] generated 40/500
[reader] generated 42/500
[reader] generated 44/500
[reader] generated 46/500
[reader] generated 48/500
[reader] generated 50/500
[reader] generated 52/500
[reader] generated 54/500
[reader] generated 56/500
[reader] generated 58/500
[reader] generated 60/500
[reader] generated 62/500
[reader] generated 64/500
[reader] generated 66/500
[reader] generated 68/500
[reader] generated 70/500
[reader] generated 72/500
[reader] generated 74/500
[reader] generated 76/500
[reader] generated 78/500
[reader] generated 80/500
[reader] generated 82/500
[reader] generated 84/500
[reader] generated 86/500
[reader] generated 88/500
[reader] generated 90/500
[reader] generated 92/500
[reader] generated 94/500
[reader] generated 96/500
[reader] generated 98/500
[reader] generated 100/500
[reader] generated 102/500
[reader] generated 104/500
[reader] generated 106/500
[reader] generated 108/500
[reader] generated 110/500
[reader] generated 112/500
[reader] generated 114/500
[reader] generated 116/500
[reader] generated 118/500
[reader] generated 120/500
[reader] generated 122/500
[reader] generated 124/500
[reader] generated 126/500
[reader] generated 128/500
[reader] generated 130/500
[reader] generated 132/500
[reader] generated 134/500
[reader] generated 136/500
[reader] generated 138/500
[reader] generated 140/500
[reader] generated 142/500
[reader] generated 144/500
[reader] generated 146/500
[reader] generated 148/500
[reader] generated 150/500
[reader] generated 152/500
[reader] generated 154/500
[reader] generated 156/500
[reader] generated 158/500
[reader] generated 160/500
[reader] generated 162/500
[reader] generated 164/500
[reader] generated 166/500
[reader] generated 168/500
[reader] generated 170/500
[reader] generated 172/500
[reader] generated 174/500
[reader] generated 176/500
[reader] generated 178/500
[reader] generated 180/500
[reader] generated 182/500
[reader] generated 184/500
[reader] generated 186/500
[reader] generated 188/500
[reader] generated 190/500
[reader] generated 192/500
[reader] generated 194/500
[reader] generated 196/500
[reader] generated 198/500
[reader] generated 200/500
[reader] generated 202/500
[reader] generated 204/500
[reader] generated 206/500
[reader] generated 208/500
[reader] generated 210/500
[reader] generated 212/500
[reader] generated 214/500
[reader] generated 216/500
[reader] generated 218/500
[reader] generated 220/500
[reader] generated 222/500
[reader] generated 224/500
[reader] generated 226/500
[reader] generated 228/500
[reader] generated 230/500
[reader] generated 232/500
[reader] generated 234/500
[reader] generated 236/500
[reader] generated 238/500
[reader] generated 240/500
[reader] generated 242/500
[reader] generated 244/500
[reader] generated 246/500
[reader] generated 248/500
[reader] generated 250/500
[reader] generated 252/500
[reader] generated 254/500
[reader] generated 256/500
[reader] generated 258/500
[reader] generated 260/500
[reader] generated 262/500
[reader] generated 264/500
[reader] generated 266/500
[reader] generated 268/500
[reader] generated 270/500
[reader] generated 272/500
[reader] generated 274/500
[reader] generated 276/500
[reader] generated 278/500
[reader] generated 280/500
[reader] generated 282/500
[reader] generated 284/500
[reader] generated 286/500
[reader] generated 288/500
[reader] generated 290/500
[reader] generated 292/500
[reader] generated 294/500
[reader] generated 296/500
[reader] generated 298/500
[reader] generated 300/500
[reader] generated 302/500
[reader] generated 304/500
[reader] generated 306/500
[reader] generated 308/500
[reader] generated 310/500
[reader] generated 312/500
[reader] generated 314/500
[reader] generated 316/500
[reader] generated 318/500
[reader] generated 320/500
[reader] generated 322/500
[reader] generated 324/500
[reader] generated 326/500
[reader] generated 328/500
[reader] generated 330/500
[reader] generated 332/500
[reader] generated 334/500
[reader] generated 336/500
[reader] generated 338/500
[reader] generated 340/500
[reader] generated 342/500
[reader] generated 344/500
[reader] generated 346/500
[reader] generated 348/500
[reader] generated 350/500
[reader] generated 352/500
[reader] generated 354/500
[reader] generated 356/500
[reader] generated 358/500
[reader] generated 360/500
[reader] generated 362/500
[reader] generated 364/500
[reader] generated 366/500
[reader] generated 368/500
[reader] generated 370/500
[reader] generated 372/500
[reader] generated 374/500
[reader] generated 376/500
[reader] generated 378/500
[reader] generated 380/500
[reader] generated 382/500
[reader] generated 384/500
[reader] generated 386/500
[reader] generated 388/500
[reader] generated 390/500
[reader] generated 392/500
[reader] generated 394/500
[reader] generated 396/500
[reader] generated 398/500
[reader] generated 400/500
[reader] generated 402/500
[reader] generated 404/500
[reader] generated 406/500
[reader] generated 408/500
[reader] generated 410/500
[reader] generated 412/500
[reader] generated 414/500
[reader] generated 416/500
[reader] generated 418/500
[reader] generated 420/500
[reader] generated 422/500
[reader] generated 424/500
[reader] generated 426/500
[reader] generated 428/500
[reader] generated 430/500
[reader] generated 432/500
[reader] generated 434/500
[reader] generated 436/500
[reader] generated 438/500
[reader] generated 440/500
[reader] generated 442/500
[reader] generated 444/500
[reader] generated 446/500
[reader] generated 448/500
[reader] generated 450/500
[reader] generated 452/500
[reader] generated 454/500
[reader] generated 456/500
[reader] generated 458/500
[reader] generated 460/500
[reader] generated 462/500
[reader] generated 464/500
[reader] generated 466/500
[reader] generated 468/500
[reader] generated 470/500
[reader] generated 472/500
[reader] generated 474/500
[reader] generated 476/500
[reader] generated 478/500
[reader] generated 480/500
[reader] generated 482/500
[reader] generated 484/500
[reader] generated 486/500
[reader] generated 488/500
[reader] generated 490/500
[reader] generated 492/500
[reader] generated 494/500
[reader] generated 496/500
[reader] generated 498/500
[reader] generated 500/500
[density] policy=ace_submod_96, router_type=fixed, representation=ace, packer=submod, reader_model=Qwen/Qwen2.5-3B-Instruct, packed_token_budget=96, recall@1=0.419, all_gold@1=0.0, recall@2=0.677, all_gold@2=0.422, recall@5=0.859, all_gold@5=0.726, qwen_em=0.272, qwen_f1=0.3537, avg_reader_evidence_tokens=85.04, mean_ans_in_context=0.498, mean_gold_token_density=0.4891, mean_gold_doc_reader_cov=0.59, mean_all_gold_reader=0.29, mean_distractor_docs=1.474, mean_context_tokens=85.036, mean_n_snippets=3.04
[density] policy=router_oracle_packer, router_type=oracle, representation=mixed, packer=oracle, reader_model=Qwen/Qwen2.5-3B-Instruct, packed_token_budget=96, selection_counts={"ace_focused_96": 75, "ace_mmr_96": 44, "ace_submod_96": 42, "chunk_focused_96": 137, "chunk_mmr_96": 25, "chunk_submod_96": 177}, qwen_em=0.426, qwen_f1=0.5416, avg_reader_evidence_tokens=79.88, mean_ans_in_context=0.612, mean_gold_token_density=0.5992, mean_gold_doc_reader_cov=0.616, mean_all_gold_reader=0.32, mean_distractor_docs=1.036, mean_context_tokens=79.882, mean_n_snippets=2.486
wrote /kaggle/working/colab_results/stage6_density_packer_hotpotqa_seed42_budget96_limit500_qwen3b/hotpotqa_density_standard_budget96_limit500_metrics.csv
wrote /kaggle/working/colab_results/stage6_density_packer_hotpotqa_seed42_budget96_limit500_qwen3b/hotpotqa_density_standard_budget96_limit500_per_question.csv
--- hotpotqa budget 128 ---
$ /usr/bin/python3 -m experiments.run_density_router --dataset hotpotqa --split validation --seed 42 --limit 500 --ace-retriever standard --embedder sentence-transformers --embedding-model BAAI/bge-small-en-v1.5 --embed-device cuda --compressor truncate --compress-dims 320 --top-k-nodes 48 --max-expanded-docs 5 --reader-backend hf --reader-model Qwen/Qwen2.5-3B-Instruct --reader-device cuda --reader-batch-size 2 --mmr-lambda 0.7 --budget 128 --out-dir /kaggle/working/colab_results/stage6_density_packer_hotpotqa_seed42_budget128_limit500_qwen3b
hotpotqa[hf:validation:500]: 4933 docs, 500 questions, 2.00 gold docs/question
[density] retrieving chunk baseline
2026-06-28 13:17:04.558105: E external/local_xla/xla/stream_executor/cuda/cuda_fft.cc:467] Unable to register cuFFT factory: Attempting to register factory for plugin cuFFT when one has already been registered
WARNING: All log messages before absl::InitializeLog() is called are written to STDERR
E0000 00:00:1782652624.583861     201 cuda_dnn.cc:8579] Unable to register cuDNN factory: Attempting to register factory for plugin cuDNN when one has already been registered
E0000 00:00:1782652624.592337     201 cuda_blas.cc:1407] Unable to register cuBLAS factory: Attempting to register factory for plugin cuBLAS when one has already been registered
W0000 00:00:1782652624.613469     201 computation_placer.cc:177] computation placer already registered. Please check linkage and avoid linking the same target more than once.
W0000 00:00:1782652624.613517     201 computation_placer.cc:177] computation placer already registered. Please check linkage and avoid linking the same target more than once.
W0000 00:00:1782652624.613520     201 computation_placer.cc:177] computation placer already registered. Please check linkage and avoid linking the same target more than once.
W0000 00:00:1782652624.613522     201 computation_placer.cc:177] computation placer already registered. Please check linkage and avoid linking the same target more than once.
[chunk] fitting/indexing
[embed] encoding 4933 texts on device=cuda:0

Batches:   0%|          | 0/78 [00:00<?, ?it/s]
Batches:   1%|▏         | 1/78 [00:01<01:19,  1.04s/it]
Batches:   3%|▎         | 2/78 [00:01<00:53,  1.42it/s]
Batches:   4%|▍         | 3/78 [00:01<00:41,  1.79it/s]
Batches:   5%|▌         | 4/78 [00:02<00:38,  1.93it/s]
Batches:   6%|▋         | 5/78 [00:02<00:33,  2.16it/s]
Batches:   8%|▊         | 6/78 [00:03<00:30,  2.37it/s]
Batches:   9%|▉         | 7/78 [00:03<00:27,  2.55it/s]
Batches:  10%|█         | 8/78 [00:03<00:26,  2.67it/s]
Batches:  12%|█▏        | 9/78 [00:04<00:24,  2.76it/s]
Batches:  13%|█▎        | 10/78 [00:04<00:23,  2.94it/s]
Batches:  14%|█▍        | 11/78 [00:04<00:21,  3.11it/s]
Batches:  15%|█▌        | 12/78 [00:04<00:20,  3.24it/s]
Batches:  17%|█▋        | 13/78 [00:05<00:19,  3.34it/s]
Batches:  18%|█▊        | 14/78 [00:05<00:18,  3.43it/s]
Batches:  19%|█▉        | 15/78 [00:05<00:17,  3.58it/s]
Batches:  21%|██        | 16/78 [00:05<00:17,  3.64it/s]
Batches:  22%|██▏       | 17/78 [00:06<00:16,  3.67it/s]
Batches:  23%|██▎       | 18/78 [00:06<00:16,  3.74it/s]
Batches:  24%|██▍       | 19/78 [00:06<00:14,  3.95it/s]
Batches:  26%|██▌       | 20/78 [00:06<00:14,  4.13it/s]
Batches:  27%|██▋       | 21/78 [00:07<00:14,  4.06it/s]
Batches:  28%|██▊       | 22/78 [00:07<00:13,  4.11it/s]
Batches:  29%|██▉       | 23/78 [00:07<00:13,  4.09it/s]
Batches:  31%|███       | 24/78 [00:07<00:12,  4.39it/s]
Batches:  32%|███▏      | 25/78 [00:08<00:12,  4.38it/s]
Batches:  33%|███▎      | 26/78 [00:08<00:11,  4.51it/s]
Batches:  35%|███▍      | 27/78 [00:08<00:11,  4.54it/s]
Batches:  36%|███▌      | 28/78 [00:08<00:10,  4.58it/s]
Batches:  37%|███▋      | 29/78 [00:08<00:10,  4.83it/s]
Batches:  38%|███▊      | 30/78 [00:09<00:10,  4.72it/s]
Batches:  40%|███▉      | 31/78 [00:09<00:09,  4.89it/s]
Batches:  41%|████      | 32/78 [00:09<00:09,  4.90it/s]
Batches:  42%|████▏     | 33/78 [00:09<00:09,  4.95it/s]
Batches:  44%|████▎     | 34/78 [00:09<00:09,  4.85it/s]
Batches:  45%|████▍     | 35/78 [00:10<00:08,  5.00it/s]
Batches:  46%|████▌     | 36/78 [00:10<00:08,  5.12it/s]
Batches:  47%|████▋     | 37/78 [00:10<00:08,  4.96it/s]
Batches:  49%|████▊     | 38/78 [00:10<00:07,  5.18it/s]
Batches:  50%|█████     | 39/78 [00:10<00:07,  5.51it/s]
Batches:  51%|█████▏    | 40/78 [00:11<00:06,  5.57it/s]
Batches:  53%|█████▎    | 41/78 [00:11<00:06,  5.92it/s]
Batches:  54%|█████▍    | 42/78 [00:11<00:06,  5.95it/s]
Batches:  55%|█████▌    | 43/78 [00:11<00:05,  5.90it/s]
Batches:  56%|█████▋    | 44/78 [00:11<00:05,  5.78it/s]
Batches:  58%|█████▊    | 45/78 [00:11<00:05,  5.96it/s]
Batches:  59%|█████▉    | 46/78 [00:11<00:05,  6.26it/s]
Batches:  60%|██████    | 47/78 [00:12<00:04,  6.54it/s]
Batches:  62%|██████▏   | 48/78 [00:12<00:04,  6.50it/s]
Batches:  63%|██████▎   | 49/78 [00:12<00:04,  6.72it/s]
Batches:  64%|██████▍   | 50/78 [00:12<00:04,  6.97it/s]
Batches:  65%|██████▌   | 51/78 [00:12<00:03,  7.16it/s]
Batches:  67%|██████▋   | 52/78 [00:12<00:03,  7.19it/s]
Batches:  68%|██████▊   | 53/78 [00:12<00:03,  7.24it/s]
Batches:  69%|██████▉   | 54/78 [00:13<00:03,  7.30it/s]
Batches:  71%|███████   | 55/78 [00:13<00:03,  7.57it/s]
Batches:  72%|███████▏  | 56/78 [00:13<00:02,  7.81it/s]
Batches:  73%|███████▎  | 57/78 [00:13<00:02,  7.54it/s]
Batches:  74%|███████▍  | 58/78 [00:13<00:02,  7.76it/s]
Batches:  76%|███████▌  | 59/78 [00:13<00:02,  8.07it/s]
Batches:  77%|███████▋  | 60/78 [00:13<00:02,  8.20it/s]
Batches:  78%|███████▊  | 61/78 [00:13<00:01,  8.57it/s]
Batches:  79%|███████▉  | 62/78 [00:14<00:01,  8.60it/s]
Batches:  81%|████████  | 63/78 [00:14<00:01,  8.95it/s]
Batches:  82%|████████▏ | 64/78 [00:14<00:01,  8.90it/s]
Batches:  85%|████████▍ | 66/78 [00:14<00:01,  9.35it/s]
Batches:  87%|████████▋ | 68/78 [00:14<00:01,  9.81it/s]
Batches:  88%|████████▊ | 69/78 [00:14<00:00,  9.70it/s]
Batches:  91%|█████████ | 71/78 [00:14<00:00, 10.68it/s]
Batches:  94%|█████████▎| 73/78 [00:15<00:00, 11.36it/s]
Batches:  96%|█████████▌| 75/78 [00:15<00:00, 12.62it/s]
Batches: 100%|██████████| 78/78 [00:15<00:00, 16.30it/s]
Batches: 100%|██████████| 78/78 [00:15<00:00,  5.10it/s]
[chunk] retrieving
[embed] encoding 500 texts on device=cuda:0

Batches:   0%|          | 0/8 [00:00<?, ?it/s]
Batches:  38%|███▊      | 3/8 [00:00<00:00, 25.15it/s]
Batches:  88%|████████▊ | 7/8 [00:00<00:00, 29.69it/s]
Batches: 100%|██████████| 8/8 [00:00<00:00, 30.39it/s]
[density] retrieving ACE graph
[ace] building evidence graph
[ace] graph built: nodes=49827 edges=76647
[ace] fitting/indexing embeddings
[embed] encoding 44894 texts on device=cuda:0

Batches:   0%|          | 0/702 [00:00<?, ?it/s]
Batches:   0%|          | 1/702 [00:00<06:21,  1.84it/s]
Batches:   0%|          | 2/702 [00:00<03:51,  3.02it/s]
Batches:   0%|          | 3/702 [00:00<02:46,  4.19it/s]
Batches:   1%|          | 4/702 [00:00<02:13,  5.23it/s]
Batches:   1%|          | 5/702 [00:01<01:53,  6.12it/s]
Batches:   1%|          | 6/702 [00:01<01:42,  6.79it/s]
Batches:   1%|          | 7/702 [00:01<01:34,  7.33it/s]
Batches:   1%|          | 8/702 [00:01<01:27,  7.92it/s]
Batches:   1%|▏         | 9/702 [00:01<01:25,  8.09it/s]
Batches:   1%|▏         | 10/702 [00:01<01:24,  8.23it/s]
Batches:   2%|▏         | 11/702 [00:01<01:20,  8.57it/s]
Batches:   2%|▏         | 12/702 [00:01<01:23,  8.27it/s]
Batches:   2%|▏         | 13/702 [00:01<01:19,  8.63it/s]
Batches:   2%|▏         | 14/702 [00:02<01:18,  8.73it/s]
Batches:   2%|▏         | 15/702 [00:02<01:18,  8.77it/s]
Batches:   2%|▏         | 17/702 [00:02<01:10,  9.69it/s]
Batches:   3%|▎         | 19/702 [00:02<01:08,  9.96it/s]
Batches:   3%|▎         | 21/702 [00:02<01:04, 10.54it/s]
Batches:   3%|▎         | 23/702 [00:02<01:02, 10.87it/s]
Batches:   4%|▎         | 25/702 [00:03<01:01, 11.06it/s]
Batches:   4%|▍         | 27/702 [00:03<01:01, 10.97it/s]
Batches:   4%|▍         | 29/702 [00:03<01:01, 10.98it/s]
Batches:   4%|▍         | 31/702 [00:03<00:59, 11.28it/s]
Batches:   5%|▍         | 33/702 [00:03<01:00, 11.15it/s]
Batches:   5%|▍         | 35/702 [00:03<00:58, 11.41it/s]
Batches:   5%|▌         | 37/702 [00:04<00:59, 11.21it/s]
Batches:   6%|▌         | 39/702 [00:04<00:55, 11.84it/s]
Batches:   6%|▌         | 41/702 [00:04<00:56, 11.77it/s]
Batches:   6%|▌         | 43/702 [00:04<00:53, 12.41it/s]
Batches:   6%|▋         | 45/702 [00:04<00:52, 12.56it/s]
Batches:   7%|▋         | 47/702 [00:04<00:49, 13.20it/s]
Batches:   7%|▋         | 49/702 [00:05<00:47, 13.65it/s]
Batches:   7%|▋         | 51/702 [00:05<00:47, 13.61it/s]
Batches:   8%|▊         | 53/702 [00:05<00:46, 13.87it/s]
Batches:   8%|▊         | 55/702 [00:05<00:45, 14.19it/s]
Batches:   8%|▊         | 57/702 [00:05<00:46, 13.94it/s]
Batches:   8%|▊         | 59/702 [00:05<00:44, 14.30it/s]
Batches:   9%|▊         | 61/702 [00:05<00:43, 14.76it/s]
Batches:   9%|▉         | 63/702 [00:06<00:42, 14.93it/s]
Batches:   9%|▉         | 65/702 [00:06<00:41, 15.18it/s]
Batches:  10%|▉         | 67/702 [00:06<00:41, 15.41it/s]
Batches:  10%|▉         | 69/702 [00:06<00:40, 15.49it/s]
Batches:  10%|█         | 71/702 [00:06<00:39, 15.91it/s]
Batches:  10%|█         | 73/702 [00:06<00:38, 16.20it/s]
Batches:  11%|█         | 75/702 [00:06<00:39, 15.70it/s]
Batches:  11%|█         | 77/702 [00:06<00:41, 14.99it/s]
Batches:  11%|█▏        | 79/702 [00:07<00:43, 14.41it/s]
Batches:  12%|█▏        | 81/702 [00:07<00:40, 15.39it/s]
Batches:  12%|█▏        | 83/702 [00:07<00:40, 15.27it/s]
Batches:  12%|█▏        | 85/702 [00:07<00:38, 16.16it/s]
Batches:  12%|█▏        | 87/702 [00:07<00:36, 16.98it/s]
Batches:  13%|█▎        | 89/702 [00:07<00:36, 16.76it/s]
Batches:  13%|█▎        | 91/702 [00:07<00:37, 16.46it/s]
Batches:  13%|█▎        | 93/702 [00:07<00:35, 17.04it/s]
Batches:  14%|█▎        | 95/702 [00:07<00:35, 17.17it/s]
Batches:  14%|█▍        | 97/702 [00:08<00:37, 16.28it/s]
Batches:  14%|█▍        | 99/702 [00:08<00:35, 16.88it/s]
Batches:  14%|█▍        | 101/702 [00:08<00:35, 17.02it/s]
Batches:  15%|█▍        | 103/702 [00:08<00:34, 17.58it/s]
Batches:  15%|█▍        | 105/702 [00:08<00:33, 17.89it/s]
Batches:  15%|█▌        | 107/702 [00:08<00:32, 18.15it/s]
Batches:  16%|█▌        | 109/702 [00:08<00:33, 17.54it/s]
Batches:  16%|█▌        | 111/702 [00:08<00:32, 17.92it/s]
Batches:  16%|█▌        | 113/702 [00:09<00:34, 17.03it/s]
Batches:  17%|█▋        | 116/702 [00:09<00:32, 17.88it/s]
Batches:  17%|█▋        | 118/702 [00:09<00:32, 17.97it/s]
Batches:  17%|█▋        | 120/702 [00:09<00:32, 18.17it/s]
Batches:  17%|█▋        | 122/702 [00:09<00:31, 18.32it/s]
Batches:  18%|█▊        | 125/702 [00:09<00:30, 18.96it/s]
Batches:  18%|█▊        | 127/702 [00:09<00:30, 18.93it/s]
Batches:  18%|█▊        | 129/702 [00:09<00:30, 19.03it/s]
Batches:  19%|█▊        | 131/702 [00:09<00:29, 19.20it/s]
Batches:  19%|█▉        | 134/702 [00:10<00:29, 19.54it/s]
Batches:  19%|█▉        | 136/702 [00:10<00:28, 19.61it/s]
Batches:  20%|█▉        | 138/702 [00:10<00:28, 19.46it/s]
Batches:  20%|█▉        | 140/702 [00:10<00:29, 19.18it/s]
Batches:  20%|██        | 143/702 [00:10<00:29, 19.17it/s]
Batches:  21%|██        | 146/702 [00:10<00:28, 19.54it/s]
Batches:  21%|██        | 149/702 [00:10<00:28, 19.69it/s]
Batches:  22%|██▏       | 151/702 [00:10<00:28, 19.50it/s]
Batches:  22%|██▏       | 154/702 [00:11<00:27, 19.71it/s]
Batches:  22%|██▏       | 157/702 [00:11<00:26, 20.21it/s]
Batches:  23%|██▎       | 160/702 [00:11<00:26, 20.43it/s]
Batches:  23%|██▎       | 163/702 [00:11<00:24, 21.57it/s]
Batches:  24%|██▎       | 166/702 [00:11<00:24, 22.17it/s]
Batches:  24%|██▍       | 169/702 [00:11<00:24, 21.40it/s]
Batches:  25%|██▍       | 172/702 [00:11<00:24, 21.78it/s]
Batches:  25%|██▍       | 175/702 [00:12<00:24, 21.84it/s]
Batches:  25%|██▌       | 178/702 [00:12<00:23, 22.10it/s]
Batches:  26%|██▌       | 181/702 [00:12<00:23, 21.95it/s]
Batches:  26%|██▌       | 184/702 [00:12<00:23, 22.16it/s]
Batches:  27%|██▋       | 187/702 [00:12<00:22, 22.92it/s]
Batches:  27%|██▋       | 190/702 [00:12<00:22, 23.17it/s]
Batches:  27%|██▋       | 193/702 [00:12<00:22, 22.91it/s]
Batches:  28%|██▊       | 196/702 [00:13<00:21, 23.52it/s]
Batches:  28%|██▊       | 199/702 [00:13<00:21, 23.67it/s]
Batches:  29%|██▉       | 202/702 [00:13<00:21, 22.73it/s]
Batches:  29%|██▉       | 205/702 [00:13<00:21, 23.46it/s]
Batches:  30%|██▉       | 208/702 [00:13<00:20, 24.44it/s]
Batches:  30%|███       | 211/702 [00:13<00:20, 23.82it/s]
Batches:  30%|███       | 214/702 [00:13<00:20, 24.09it/s]
Batches:  31%|███       | 217/702 [00:13<00:20, 23.71it/s]
Batches:  31%|███▏      | 220/702 [00:14<00:20, 23.88it/s]
Batches:  32%|███▏      | 223/702 [00:14<00:19, 24.22it/s]
Batches:  32%|███▏      | 226/702 [00:14<00:19, 24.07it/s]
Batches:  33%|███▎      | 229/702 [00:14<00:19, 24.53it/s]
Batches:  33%|███▎      | 232/702 [00:14<00:19, 24.42it/s]
Batches:  33%|███▎      | 235/702 [00:14<00:18, 24.86it/s]
Batches:  34%|███▍      | 238/702 [00:14<00:17, 25.88it/s]
Batches:  34%|███▍      | 241/702 [00:14<00:17, 25.79it/s]
Batches:  35%|███▍      | 244/702 [00:14<00:17, 26.47it/s]
Batches:  35%|███▌      | 248/702 [00:15<00:16, 27.39it/s]
Batches:  36%|███▌      | 251/702 [00:15<00:16, 27.34it/s]
Batches:  36%|███▌      | 254/702 [00:15<00:16, 27.99it/s]
Batches:  37%|███▋      | 257/702 [00:15<00:15, 28.06it/s]
Batches:  37%|███▋      | 261/702 [00:15<00:15, 29.02it/s]
Batches:  38%|███▊      | 264/702 [00:15<00:15, 28.86it/s]
Batches:  38%|███▊      | 267/702 [00:15<00:15, 28.68it/s]
Batches:  38%|███▊      | 270/702 [00:15<00:15, 27.50it/s]
Batches:  39%|███▉      | 274/702 [00:15<00:15, 28.44it/s]
Batches:  40%|███▉      | 278/702 [00:16<00:13, 30.39it/s]
Batches:  40%|████      | 282/702 [00:16<00:13, 31.03it/s]
Batches:  41%|████      | 286/702 [00:16<00:13, 31.19it/s]
Batches:  41%|████▏     | 290/702 [00:16<00:12, 31.73it/s]
Batches:  42%|████▏     | 294/702 [00:16<00:12, 32.25it/s]
Batches:  43%|████▎     | 299/702 [00:16<00:11, 35.06it/s]
Batches:  43%|████▎     | 303/702 [00:16<00:11, 34.95it/s]
Batches:  44%|████▍     | 308/702 [00:16<00:10, 37.61it/s]
Batches:  45%|████▍     | 313/702 [00:17<00:09, 39.18it/s]
Batches:  45%|████▌     | 318/702 [00:17<00:09, 40.98it/s]
Batches:  46%|████▌     | 323/702 [00:17<00:09, 42.04it/s]
Batches:  47%|████▋     | 328/702 [00:17<00:08, 42.86it/s]
Batches:  48%|████▊     | 334/702 [00:17<00:07, 46.28it/s]
Batches:  48%|████▊     | 340/702 [00:17<00:07, 49.43it/s]
Batches:  49%|████▉     | 347/702 [00:17<00:06, 53.30it/s]
Batches:  50%|█████     | 354/702 [00:17<00:06, 56.19it/s]
Batches:  51%|█████▏    | 361/702 [00:17<00:05, 59.18it/s]
Batches:  52%|█████▏    | 368/702 [00:18<00:05, 61.85it/s]
Batches:  53%|█████▎    | 375/702 [00:18<00:05, 63.89it/s]
Batches:  54%|█████▍    | 382/702 [00:18<00:04, 65.59it/s]
Batches:  55%|█████▌    | 389/702 [00:18<00:04, 65.52it/s]
Batches:  56%|█████▋    | 396/702 [00:18<00:04, 66.69it/s]
Batches:  57%|█████▋    | 403/702 [00:18<00:04, 67.21it/s]
Batches:  59%|█████▊    | 411/702 [00:18<00:04, 69.38it/s]
Batches:  60%|█████▉    | 419/702 [00:18<00:03, 70.96it/s]
Batches:  61%|██████    | 427/702 [00:18<00:03, 71.83it/s]
Batches:  62%|██████▏   | 435/702 [00:18<00:03, 72.68it/s]
Batches:  63%|██████▎   | 443/702 [00:19<00:03, 74.62it/s]
Batches:  64%|██████▍   | 451/702 [00:19<00:03, 75.68it/s]
Batches:  65%|██████▌   | 459/702 [00:19<00:03, 75.37it/s]
Batches:  67%|██████▋   | 467/702 [00:19<00:03, 75.26it/s]
Batches:  68%|██████▊   | 475/702 [00:19<00:02, 75.75it/s]
Batches:  69%|██████▉   | 483/702 [00:19<00:02, 76.89it/s]
Batches:  70%|███████   | 492/702 [00:19<00:02, 78.86it/s]
Batches:  71%|███████▏  | 501/702 [00:19<00:02, 79.66it/s]
Batches:  73%|███████▎  | 510/702 [00:19<00:02, 81.09it/s]
Batches:  74%|███████▍  | 519/702 [00:20<00:02, 81.96it/s]
Batches:  75%|███████▌  | 528/702 [00:20<00:02, 83.24it/s]
Batches:  76%|███████▋  | 537/702 [00:20<00:01, 83.65it/s]
Batches:  78%|███████▊  | 546/702 [00:20<00:01, 85.12it/s]
Batches:  79%|███████▉  | 556/702 [00:20<00:01, 87.34it/s]
Batches:  80%|████████  | 565/702 [00:20<00:01, 87.35it/s]
Batches:  82%|████████▏ | 575/702 [00:20<00:01, 89.25it/s]
Batches:  83%|████████▎ | 584/702 [00:20<00:01, 88.01it/s]
Batches:  84%|████████▍ | 593/702 [00:20<00:01, 88.52it/s]
Batches:  86%|████████▌ | 602/702 [00:20<00:01, 88.76it/s]
Batches:  87%|████████▋ | 611/702 [00:21<00:01, 87.48it/s]
Batches:  88%|████████▊ | 621/702 [00:21<00:00, 89.02it/s]
Batches:  90%|████████▉ | 631/702 [00:21<00:00, 91.15it/s]
Batches:  91%|█████████▏| 641/702 [00:21<00:00, 93.13it/s]
Batches:  93%|█████████▎| 651/702 [00:21<00:00, 93.98it/s]
Batches:  94%|█████████▍| 661/702 [00:21<00:00, 94.20it/s]
Batches:  96%|█████████▌| 671/702 [00:21<00:00, 94.94it/s]
Batches:  97%|█████████▋| 681/702 [00:21<00:00, 94.69it/s]
Batches:  98%|█████████▊| 691/702 [00:21<00:00, 95.35it/s]
Batches: 100%|█████████▉| 701/702 [00:22<00:00, 95.40it/s]
Batches: 100%|██████████| 702/702 [00:22<00:00, 31.86it/s]
[ace] retrieving
[embed] encoding 500 texts on device=cuda:0

Batches:   0%|          | 0/8 [00:00<?, ?it/s]
Batches:  38%|███▊      | 3/8 [00:00<00:00, 23.94it/s]
Batches:  75%|███████▌  | 6/8 [00:00<00:00, 26.86it/s]
Batches: 100%|██████████| 8/8 [00:00<00:00, 28.72it/s]
[density] loading reader once
`torch_dtype` is deprecated! Use `dtype` instead!

Loading checkpoint shards:   0%|          | 0/2 [00:00<?, ?it/s]
Loading checkpoint shards:  50%|█████     | 1/2 [00:02<00:02,  2.86s/it]
Loading checkpoint shards: 100%|██████████| 2/2 [00:04<00:00,  2.11s/it]
Loading checkpoint shards: 100%|██████████| 2/2 [00:04<00:00,  2.22s/it]
[reader] loaded Qwen/Qwen2.5-3B-Instruct on cuda:0
[density] materializing policy=chunk_packed_128
[density] generating policy=chunk_packed_128
The following generation flags are not valid and may be ignored: ['temperature', 'top_p', 'top_k']. Set `TRANSFORMERS_VERBOSITY=info` for more details.
[reader] generated 2/500
[reader] generated 4/500
[reader] generated 6/500
[reader] generated 8/500
[reader] generated 10/500
[reader] generated 12/500
[reader] generated 14/500
[reader] generated 16/500
[reader] generated 18/500
[reader] generated 20/500
[reader] generated 22/500
[reader] generated 24/500
[reader] generated 26/500
[reader] generated 28/500
[reader] generated 30/500
[reader] generated 32/500
[reader] generated 34/500
[reader] generated 36/500
[reader] generated 38/500
[reader] generated 40/500
[reader] generated 42/500
[reader] generated 44/500
[reader] generated 46/500
[reader] generated 48/500
[reader] generated 50/500
[reader] generated 52/500
[reader] generated 54/500
[reader] generated 56/500
[reader] generated 58/500
[reader] generated 60/500
[reader] generated 62/500
[reader] generated 64/500
[reader] generated 66/500
[reader] generated 68/500
[reader] generated 70/500
[reader] generated 72/500
[reader] generated 74/500
[reader] generated 76/500
[reader] generated 78/500
[reader] generated 80/500
[reader] generated 82/500
[reader] generated 84/500
[reader] generated 86/500
[reader] generated 88/500
[reader] generated 90/500
[reader] generated 92/500
[reader] generated 94/500
[reader] generated 96/500
[reader] generated 98/500
[reader] generated 100/500
[reader] generated 102/500
[reader] generated 104/500
[reader] generated 106/500
[reader] generated 108/500
[reader] generated 110/500
[reader] generated 112/500
[reader] generated 114/500
[reader] generated 116/500
[reader] generated 118/500
[reader] generated 120/500
[reader] generated 122/500
[reader] generated 124/500
[reader] generated 126/500
[reader] generated 128/500
[reader] generated 130/500
[reader] generated 132/500
[reader] generated 134/500
[reader] generated 136/500
[reader] generated 138/500
[reader] generated 140/500
[reader] generated 142/500
[reader] generated 144/500
[reader] generated 146/500
[reader] generated 148/500
[reader] generated 150/500
[reader] generated 152/500
[reader] generated 154/500
[reader] generated 156/500
[reader] generated 158/500
[reader] generated 160/500
[reader] generated 162/500
[reader] generated 164/500
[reader] generated 166/500
[reader] generated 168/500
[reader] generated 170/500
[reader] generated 172/500
[reader] generated 174/500
[reader] generated 176/500
[reader] generated 178/500
[reader] generated 180/500
[reader] generated 182/500
[reader] generated 184/500
[reader] generated 186/500
[reader] generated 188/500
[reader] generated 190/500
[reader] generated 192/500
[reader] generated 194/500
[reader] generated 196/500
[reader] generated 198/500
[reader] generated 200/500
[reader] generated 202/500
[reader] generated 204/500
[reader] generated 206/500
[reader] generated 208/500
[reader] generated 210/500
[reader] generated 212/500
[reader] generated 214/500
[reader] generated 216/500
[reader] generated 218/500
[reader] generated 220/500
[reader] generated 222/500
[reader] generated 224/500
[reader] generated 226/500
[reader] generated 228/500
[reader] generated 230/500
[reader] generated 232/500
[reader] generated 234/500
[reader] generated 236/500
[reader] generated 238/500
[reader] generated 240/500
[reader] generated 242/500
[reader] generated 244/500
[reader] generated 246/500
[reader] generated 248/500
[reader] generated 250/500
[reader] generated 252/500
[reader] generated 254/500
[reader] generated 256/500
[reader] generated 258/500
[reader] generated 260/500
[reader] generated 262/500
[reader] generated 264/500
[reader] generated 266/500
[reader] generated 268/500
[reader] generated 270/500
[reader] generated 272/500
[reader] generated 274/500
[reader] generated 276/500
[reader] generated 278/500
[reader] generated 280/500
[reader] generated 282/500
[reader] generated 284/500
[reader] generated 286/500
[reader] generated 288/500
[reader] generated 290/500
[reader] generated 292/500
[reader] generated 294/500
[reader] generated 296/500
[reader] generated 298/500
[reader] generated 300/500
[reader] generated 302/500
[reader] generated 304/500
[reader] generated 306/500
[reader] generated 308/500
[reader] generated 310/500
[reader] generated 312/500
[reader] generated 314/500
[reader] generated 316/500
[reader] generated 318/500
[reader] generated 320/500
[reader] generated 322/500
[reader] generated 324/500
[reader] generated 326/500
[reader] generated 328/500
[reader] generated 330/500
[reader] generated 332/500
[reader] generated 334/500
[reader] generated 336/500
[reader] generated 338/500
[reader] generated 340/500
[reader] generated 342/500
[reader] generated 344/500
[reader] generated 346/500
[reader] generated 348/500
[reader] generated 350/500
[reader] generated 352/500
[reader] generated 354/500
[reader] generated 356/500
[reader] generated 358/500
[reader] generated 360/500
[reader] generated 362/500
[reader] generated 364/500
[reader] generated 366/500
[reader] generated 368/500
[reader] generated 370/500
[reader] generated 372/500
[reader] generated 374/500
[reader] generated 376/500
[reader] generated 378/500
[reader] generated 380/500
[reader] generated 382/500
[reader] generated 384/500
[reader] generated 386/500
[reader] generated 388/500
[reader] generated 390/500
[reader] generated 392/500
[reader] generated 394/500
[reader] generated 396/500
[reader] generated 398/500
[reader] generated 400/500
[reader] generated 402/500
[reader] generated 404/500
[reader] generated 406/500
[reader] generated 408/500
[reader] generated 410/500
[reader] generated 412/500
[reader] generated 414/500
[reader] generated 416/500
[reader] generated 418/500
[reader] generated 420/500
[reader] generated 422/500
[reader] generated 424/500
[reader] generated 426/500
[reader] generated 428/500
[reader] generated 430/500
[reader] generated 432/500
[reader] generated 434/500
[reader] generated 436/500
[reader] generated 438/500
[reader] generated 440/500
[reader] generated 442/500
[reader] generated 444/500
[reader] generated 446/500
[reader] generated 448/500
[reader] generated 450/500
[reader] generated 452/500
[reader] generated 454/500
[reader] generated 456/500
[reader] generated 458/500
[reader] generated 460/500
[reader] generated 462/500
[reader] generated 464/500
[reader] generated 466/500
[reader] generated 468/500
[reader] generated 470/500
[reader] generated 472/500
[reader] generated 474/500
[reader] generated 476/500
[reader] generated 478/500
[reader] generated 480/500
[reader] generated 482/500
[reader] generated 484/500
[reader] generated 486/500
[reader] generated 488/500
[reader] generated 490/500
[reader] generated 492/500
[reader] generated 494/500
[reader] generated 496/500
[reader] generated 498/500
[reader] generated 500/500
[density] policy=chunk_packed_128, router_type=fixed, representation=chunk, packer=packed, reader_model=Qwen/Qwen2.5-3B-Instruct, packed_token_budget=128, recall@1=0.438, all_gold@1=0.0, recall@2=0.723, all_gold@2=0.498, recall@5=0.874, all_gold@5=0.758, qwen_em=0.292, qwen_f1=0.374, avg_reader_evidence_tokens=118.8, mean_ans_in_context=0.544, mean_gold_token_density=0.414, mean_gold_doc_reader_cov=0.59, mean_all_gold_reader=0.314, mean_distractor_docs=1.642, mean_context_tokens=118.798, mean_n_snippets=2.924
[density] materializing policy=chunk_focused_128
[density] generating policy=chunk_focused_128
[reader] generated 2/500
[reader] generated 4/500
[reader] generated 6/500
[reader] generated 8/500
[reader] generated 10/500
[reader] generated 12/500
[reader] generated 14/500
[reader] generated 16/500
[reader] generated 18/500
[reader] generated 20/500
[reader] generated 22/500
[reader] generated 24/500
[reader] generated 26/500
[reader] generated 28/500
[reader] generated 30/500
[reader] generated 32/500
[reader] generated 34/500
[reader] generated 36/500
[reader] generated 38/500
[reader] generated 40/500
[reader] generated 42/500
[reader] generated 44/500
[reader] generated 46/500
[reader] generated 48/500
[reader] generated 50/500
[reader] generated 52/500
[reader] generated 54/500
[reader] generated 56/500
[reader] generated 58/500
[reader] generated 60/500
[reader] generated 62/500
[reader] generated 64/500
[reader] generated 66/500
[reader] generated 68/500
[reader] generated 70/500
[reader] generated 72/500
[reader] generated 74/500
[reader] generated 76/500
[reader] generated 78/500
[reader] generated 80/500
[reader] generated 82/500
[reader] generated 84/500
[reader] generated 86/500
[reader] generated 88/500
[reader] generated 90/500
[reader] generated 92/500
[reader] generated 94/500
[reader] generated 96/500
[reader] generated 98/500
[reader] generated 100/500
[reader] generated 102/500
[reader] generated 104/500
[reader] generated 106/500
[reader] generated 108/500
[reader] generated 110/500
[reader] generated 112/500
[reader] generated 114/500
[reader] generated 116/500
[reader] generated 118/500
[reader] generated 120/500
[reader] generated 122/500
[reader] generated 124/500
[reader] generated 126/500
[reader] generated 128/500
[reader] generated 130/500
[reader] generated 132/500
[reader] generated 134/500
[reader] generated 136/500
[reader] generated 138/500
[reader] generated 140/500
[reader] generated 142/500
[reader] generated 144/500
[reader] generated 146/500
[reader] generated 148/500
[reader] generated 150/500
[reader] generated 152/500
[reader] generated 154/500
[reader] generated 156/500
[reader] generated 158/500
[reader] generated 160/500
[reader] generated 162/500
[reader] generated 164/500
[reader] generated 166/500
[reader] generated 168/500
[reader] generated 170/500
[reader] generated 172/500
[reader] generated 174/500
[reader] generated 176/500
[reader] generated 178/500
[reader] generated 180/500
[reader] generated 182/500
[reader] generated 184/500
[reader] generated 186/500
[reader] generated 188/500
[reader] generated 190/500
[reader] generated 192/500
[reader] generated 194/500
[reader] generated 196/500
[reader] generated 198/500
[reader] generated 200/500
[reader] generated 202/500
[reader] generated 204/500
[reader] generated 206/500
[reader] generated 208/500
[reader] generated 210/500
[reader] generated 212/500
[reader] generated 214/500
[reader] generated 216/500
[reader] generated 218/500
[reader] generated 220/500
[reader] generated 222/500
[reader] generated 224/500
[reader] generated 226/500
[reader] generated 228/500
[reader] generated 230/500
[reader] generated 232/500
[reader] generated 234/500
[reader] generated 236/500
[reader] generated 238/500
[reader] generated 240/500
[reader] generated 242/500
[reader] generated 244/500
[reader] generated 246/500
[reader] generated 248/500
[reader] generated 250/500
[reader] generated 252/500
[reader] generated 254/500
[reader] generated 256/500
[reader] generated 258/500
[reader] generated 260/500
[reader] generated 262/500
[reader] generated 264/500
[reader] generated 266/500
[reader] generated 268/500
[reader] generated 270/500
[reader] generated 272/500
[reader] generated 274/500
[reader] generated 276/500
[reader] generated 278/500
[reader] generated 280/500
[reader] generated 282/500
[reader] generated 284/500
[reader] generated 286/500
[reader] generated 288/500
[reader] generated 290/500
[reader] generated 292/500
[reader] generated 294/500
[reader] generated 296/500
[reader] generated 298/500
[reader] generated 300/500
[reader] generated 302/500
[reader] generated 304/500
[reader] generated 306/500
[reader] generated 308/500
[reader] generated 310/500
[reader] generated 312/500
[reader] generated 314/500
[reader] generated 316/500
[reader] generated 318/500
[reader] generated 320/500
[reader] generated 322/500
[reader] generated 324/500
[reader] generated 326/500
[reader] generated 328/500
[reader] generated 330/500
[reader] generated 332/500
[reader] generated 334/500
[reader] generated 336/500
[reader] generated 338/500
[reader] generated 340/500
[reader] generated 342/500
[reader] generated 344/500
[reader] generated 346/500
[reader] generated 348/500
[reader] generated 350/500
[reader] generated 352/500
[reader] generated 354/500
[reader] generated 356/500
[reader] generated 358/500
[reader] generated 360/500
[reader] generated 362/500
[reader] generated 364/500
[reader] generated 366/500
[reader] generated 368/500
[reader] generated 370/500
[reader] generated 372/500
[reader] generated 374/500
[reader] generated 376/500
[reader] generated 378/500
[reader] generated 380/500
[reader] generated 382/500
[reader] generated 384/500
[reader] generated 386/500
[reader] generated 388/500
[reader] generated 390/500
[reader] generated 392/500
[reader] generated 394/500
[reader] generated 396/500
[reader] generated 398/500
[reader] generated 400/500
[reader] generated 402/500
[reader] generated 404/500
[reader] generated 406/500
[reader] generated 408/500
[reader] generated 410/500
[reader] generated 412/500
[reader] generated 414/500
[reader] generated 416/500
[reader] generated 418/500
[reader] generated 420/500
[reader] generated 422/500
[reader] generated 424/500
[reader] generated 426/500
[reader] generated 428/500
[reader] generated 430/500
[reader] generated 432/500
[reader] generated 434/500
[reader] generated 436/500
[reader] generated 438/500
[reader] generated 440/500
[reader] generated 442/500
[reader] generated 444/500
[reader] generated 446/500
[reader] generated 448/500
[reader] generated 450/500
[reader] generated 452/500
[reader] generated 454/500
[reader] generated 456/500
[reader] generated 458/500
[reader] generated 460/500
[reader] generated 462/500
[reader] generated 464/500
[reader] generated 466/500
[reader] generated 468/500
[reader] generated 470/500
[reader] generated 472/500
[reader] generated 474/500
[reader] generated 476/500
[reader] generated 478/500
[reader] generated 480/500
[reader] generated 482/500
[reader] generated 484/500
[reader] generated 486/500
[reader] generated 488/500
[reader] generated 490/500
[reader] generated 492/500
[reader] generated 494/500
[reader] generated 496/500
[reader] generated 498/500
[reader] generated 500/500
[density] policy=chunk_focused_128, router_type=fixed, representation=chunk, packer=focused, reader_model=Qwen/Qwen2.5-3B-Instruct, packed_token_budget=128, recall@1=0.438, all_gold@1=0.0, recall@2=0.723, all_gold@2=0.498, recall@5=0.874, all_gold@5=0.758, qwen_em=0.318, qwen_f1=0.4108, avg_reader_evidence_tokens=119.3, mean_ans_in_context=0.61, mean_gold_token_density=0.5594, mean_gold_doc_reader_cov=0.671, mean_all_gold_reader=0.404, mean_distractor_docs=1.24, mean_context_tokens=119.3, mean_n_snippets=2.718
[density] materializing policy=chunk_mmr_128
[density] generating policy=chunk_mmr_128
[reader] generated 2/500
[reader] generated 4/500
[reader] generated 6/500
[reader] generated 8/500
[reader] generated 10/500
[reader] generated 12/500
[reader] generated 14/500
[reader] generated 16/500
[reader] generated 18/500
[reader] generated 20/500
[reader] generated 22/500
[reader] generated 24/500
[reader] generated 26/500
[reader] generated 28/500
[reader] generated 30/500
[reader] generated 32/500
[reader] generated 34/500
[reader] generated 36/500
[reader] generated 38/500
[reader] generated 40/500
[reader] generated 42/500
[reader] generated 44/500
[reader] generated 46/500
[reader] generated 48/500
[reader] generated 50/500
[reader] generated 52/500
[reader] generated 54/500
[reader] generated 56/500
[reader] generated 58/500
[reader] generated 60/500
[reader] generated 62/500
[reader] generated 64/500
[reader] generated 66/500
[reader] generated 68/500
[reader] generated 70/500
[reader] generated 72/500
[reader] generated 74/500
[reader] generated 76/500
[reader] generated 78/500
[reader] generated 80/500
[reader] generated 82/500
[reader] generated 84/500
[reader] generated 86/500
[reader] generated 88/500
[reader] generated 90/500
[reader] generated 92/500
[reader] generated 94/500
[reader] generated 96/500
[reader] generated 98/500
[reader] generated 100/500
[reader] generated 102/500
[reader] generated 104/500
[reader] generated 106/500
[reader] generated 108/500
[reader] generated 110/500
[reader] generated 112/500
[reader] generated 114/500
[reader] generated 116/500
[reader] generated 118/500
[reader] generated 120/500
[reader] generated 122/500
[reader] generated 124/500
[reader] generated 126/500
[reader] generated 128/500
[reader] generated 130/500
[reader] generated 132/500
[reader] generated 134/500
[reader] generated 136/500
[reader] generated 138/500
[reader] generated 140/500
[reader] generated 142/500
[reader] generated 144/500
[reader] generated 146/500
[reader] generated 148/500
[reader] generated 150/500
[reader] generated 152/500
[reader] generated 154/500
[reader] generated 156/500
[reader] generated 158/500
[reader] generated 160/500
[reader] generated 162/500
[reader] generated 164/500
[reader] generated 166/500
[reader] generated 168/500
[reader] generated 170/500
[reader] generated 172/500
[reader] generated 174/500
[reader] generated 176/500
[reader] generated 178/500
[reader] generated 180/500
[reader] generated 182/500
[reader] generated 184/500
[reader] generated 186/500
[reader] generated 188/500
[reader] generated 190/500
[reader] generated 192/500
[reader] generated 194/500
[reader] generated 196/500
[reader] generated 198/500
[reader] generated 200/500
[reader] generated 202/500
[reader] generated 204/500
[reader] generated 206/500
[reader] generated 208/500
[reader] generated 210/500
[reader] generated 212/500
[reader] generated 214/500
[reader] generated 216/500
[reader] generated 218/500
[reader] generated 220/500
[reader] generated 222/500
[reader] generated 224/500
[reader] generated 226/500
[reader] generated 228/500
[reader] generated 230/500
[reader] generated 232/500
[reader] generated 234/500
[reader] generated 236/500
[reader] generated 238/500
[reader] generated 240/500
[reader] generated 242/500
[reader] generated 244/500
[reader] generated 246/500
[reader] generated 248/500
[reader] generated 250/500
[reader] generated 252/500
[reader] generated 254/500
[reader] generated 256/500
[reader] generated 258/500
[reader] generated 260/500
[reader] generated 262/500
[reader] generated 264/500
[reader] generated 266/500
[reader] generated 268/500
[reader] generated 270/500
[reader] generated 272/500
[reader] generated 274/500
[reader] generated 276/500
[reader] generated 278/500
[reader] generated 280/500
[reader] generated 282/500
[reader] generated 284/500
[reader] generated 286/500
[reader] generated 288/500
[reader] generated 290/500
[reader] generated 292/500
[reader] generated 294/500
[reader] generated 296/500
[reader] generated 298/500
[reader] generated 300/500
[reader] generated 302/500
[reader] generated 304/500
[reader] generated 306/500
[reader] generated 308/500
[reader] generated 310/500
[reader] generated 312/500
[reader] generated 314/500
[reader] generated 316/500
[reader] generated 318/500
[reader] generated 320/500
[reader] generated 322/500
[reader] generated 324/500
[reader] generated 326/500
[reader] generated 328/500
[reader] generated 330/500
[reader] generated 332/500
[reader] generated 334/500
[reader] generated 336/500
[reader] generated 338/500
[reader] generated 340/500
[reader] generated 342/500
[reader] generated 344/500
[reader] generated 346/500
[reader] generated 348/500
[reader] generated 350/500
[reader] generated 352/500
[reader] generated 354/500
[reader] generated 356/500
[reader] generated 358/500
[reader] generated 360/500
[reader] generated 362/500
[reader] generated 364/500
[reader] generated 366/500
[reader] generated 368/500
[reader] generated 370/500
[reader] generated 372/500
[reader] generated 374/500
[reader] generated 376/500
[reader] generated 378/500
[reader] generated 380/500
[reader] generated 382/500
[reader] generated 384/500
[reader] generated 386/500
[reader] generated 388/500
[reader] generated 390/500
[reader] generated 392/500
[reader] generated 394/500
[reader] generated 396/500
[reader] generated 398/500
[reader] generated 400/500
[reader] generated 402/500
[reader] generated 404/500
[reader] generated 406/500
[reader] generated 408/500
[reader] generated 410/500
[reader] generated 412/500
[reader] generated 414/500
[reader] generated 416/500
[reader] generated 418/500
[reader] generated 420/500
[reader] generated 422/500
[reader] generated 424/500
[reader] generated 426/500
[reader] generated 428/500
[reader] generated 430/500
[reader] generated 432/500
[reader] generated 434/500
[reader] generated 436/500
[reader] generated 438/500
[reader] generated 440/500
[reader] generated 442/500
[reader] generated 444/500
[reader] generated 446/500
[reader] generated 448/500
[reader] generated 450/500
[reader] generated 452/500
[reader] generated 454/500
[reader] generated 456/500
[reader] generated 458/500
[reader] generated 460/500
[reader] generated 462/500
[reader] generated 464/500
[reader] generated 466/500
[reader] generated 468/500
[reader] generated 470/500
[reader] generated 472/500
[reader] generated 474/500
[reader] generated 476/500
[reader] generated 478/500
[reader] generated 480/500
[reader] generated 482/500
[reader] generated 484/500
[reader] generated 486/500
[reader] generated 488/500
[reader] generated 490/500
[reader] generated 492/500
[reader] generated 494/500
[reader] generated 496/500
[reader] generated 498/500
[reader] generated 500/500
[density] policy=chunk_mmr_128, router_type=fixed, representation=chunk, packer=mmr, reader_model=Qwen/Qwen2.5-3B-Instruct, packed_token_budget=128, recall@1=0.438, all_gold@1=0.0, recall@2=0.723, all_gold@2=0.498, recall@5=0.874, all_gold@5=0.758, qwen_em=0.3, qwen_f1=0.3862, avg_reader_evidence_tokens=119.58, mean_ans_in_context=0.566, mean_gold_token_density=0.5291, mean_gold_doc_reader_cov=0.628, mean_all_gold_reader=0.334, mean_distractor_docs=1.262, mean_context_tokens=119.576, mean_n_snippets=2.762
[density] materializing policy=chunk_submod_128
[density] generating policy=chunk_submod_128
[reader] generated 2/500
[reader] generated 4/500
[reader] generated 6/500
[reader] generated 8/500
[reader] generated 10/500
[reader] generated 12/500
[reader] generated 14/500
[reader] generated 16/500
[reader] generated 18/500
[reader] generated 20/500
[reader] generated 22/500
[reader] generated 24/500
[reader] generated 26/500
[reader] generated 28/500
[reader] generated 30/500
[reader] generated 32/500
[reader] generated 34/500
[reader] generated 36/500
[reader] generated 38/500
[reader] generated 40/500
[reader] generated 42/500
[reader] generated 44/500
[reader] generated 46/500
[reader] generated 48/500
[reader] generated 50/500
[reader] generated 52/500
[reader] generated 54/500
[reader] generated 56/500
[reader] generated 58/500
[reader] generated 60/500
[reader] generated 62/500
[reader] generated 64/500
[reader] generated 66/500
[reader] generated 68/500
[reader] generated 70/500
[reader] generated 72/500
[reader] generated 74/500
[reader] generated 76/500
[reader] generated 78/500
[reader] generated 80/500
[reader] generated 82/500
[reader] generated 84/500
[reader] generated 86/500
[reader] generated 88/500
[reader] generated 90/500
[reader] generated 92/500
[reader] generated 94/500
[reader] generated 96/500
[reader] generated 98/500
[reader] generated 100/500
[reader] generated 102/500
[reader] generated 104/500
[reader] generated 106/500
[reader] generated 108/500
[reader] generated 110/500
[reader] generated 112/500
[reader] generated 114/500
[reader] generated 116/500
[reader] generated 118/500
[reader] generated 120/500
[reader] generated 122/500
[reader] generated 124/500
[reader] generated 126/500
[reader] generated 128/500
[reader] generated 130/500
[reader] generated 132/500
[reader] generated 134/500
[reader] generated 136/500
[reader] generated 138/500
[reader] generated 140/500
[reader] generated 142/500
[reader] generated 144/500
[reader] generated 146/500
[reader] generated 148/500
[reader] generated 150/500
[reader] generated 152/500
[reader] generated 154/500
[reader] generated 156/500
[reader] generated 158/500
[reader] generated 160/500
[reader] generated 162/500
[reader] generated 164/500
[reader] generated 166/500
[reader] generated 168/500
[reader] generated 170/500
[reader] generated 172/500
[reader] generated 174/500
[reader] generated 176/500
[reader] generated 178/500
[reader] generated 180/500
[reader] generated 182/500
[reader] generated 184/500
[reader] generated 186/500
[reader] generated 188/500
[reader] generated 190/500
[reader] generated 192/500
[reader] generated 194/500
[reader] generated 196/500
[reader] generated 198/500
[reader] generated 200/500
[reader] generated 202/500
[reader] generated 204/500
[reader] generated 206/500
[reader] generated 208/500
[reader] generated 210/500
[reader] generated 212/500
[reader] generated 214/500
[reader] generated 216/500
[reader] generated 218/500
[reader] generated 220/500
[reader] generated 222/500
[reader] generated 224/500
[reader] generated 226/500
[reader] generated 228/500
[reader] generated 230/500
[reader] generated 232/500
[reader] generated 234/500
[reader] generated 236/500
[reader] generated 238/500
[reader] generated 240/500
[reader] generated 242/500
[reader] generated 244/500
[reader] generated 246/500
[reader] generated 248/500
[reader] generated 250/500
[reader] generated 252/500
[reader] generated 254/500
[reader] generated 256/500
[reader] generated 258/500
[reader] generated 260/500
[reader] generated 262/500
[reader] generated 264/500
[reader] generated 266/500
[reader] generated 268/500
[reader] generated 270/500
[reader] generated 272/500
[reader] generated 274/500
[reader] generated 276/500
[reader] generated 278/500
[reader] generated 280/500
[reader] generated 282/500
[reader] generated 284/500
[reader] generated 286/500
[reader] generated 288/500
[reader] generated 290/500
[reader] generated 292/500
[reader] generated 294/500
[reader] generated 296/500
[reader] generated 298/500
[reader] generated 300/500
[reader] generated 302/500
[reader] generated 304/500
[reader] generated 306/500
[reader] generated 308/500
[reader] generated 310/500
[reader] generated 312/500
[reader] generated 314/500
[reader] generated 316/500
[reader] generated 318/500
[reader] generated 320/500
[reader] generated 322/500
[reader] generated 324/500
[reader] generated 326/500
[reader] generated 328/500
[reader] generated 330/500
[reader] generated 332/500
[reader] generated 334/500
[reader] generated 336/500
[reader] generated 338/500
[reader] generated 340/500
[reader] generated 342/500
[reader] generated 344/500
[reader] generated 346/500
[reader] generated 348/500
[reader] generated 350/500
[reader] generated 352/500
[reader] generated 354/500
[reader] generated 356/500
[reader] generated 358/500
[reader] generated 360/500
[reader] generated 362/500
[reader] generated 364/500
[reader] generated 366/500
[reader] generated 368/500
[reader] generated 370/500
[reader] generated 372/500
[reader] generated 374/500
[reader] generated 376/500
[reader] generated 378/500
[reader] generated 380/500
[reader] generated 382/500
[reader] generated 384/500
[reader] generated 386/500
[reader] generated 388/500
[reader] generated 390/500
[reader] generated 392/500
[reader] generated 394/500
[reader] generated 396/500
[reader] generated 398/500
[reader] generated 400/500
[reader] generated 402/500
[reader] generated 404/500
[reader] generated 406/500
[reader] generated 408/500
[reader] generated 410/500
[reader] generated 412/500
[reader] generated 414/500
[reader] generated 416/500
[reader] generated 418/500
[reader] generated 420/500
[reader] generated 422/500
[reader] generated 424/500
[reader] generated 426/500
[reader] generated 428/500
[reader] generated 430/500
[reader] generated 432/500
[reader] generated 434/500
[reader] generated 436/500
[reader] generated 438/500
[reader] generated 440/500
[reader] generated 442/500
[reader] generated 444/500
[reader] generated 446/500
[reader] generated 448/500
[reader] generated 450/500
[reader] generated 452/500
[reader] generated 454/500
[reader] generated 456/500
[reader] generated 458/500
[reader] generated 460/500
[reader] generated 462/500
[reader] generated 464/500
[reader] generated 466/500
[reader] generated 468/500
[reader] generated 470/500
[reader] generated 472/500
[reader] generated 474/500
[reader] generated 476/500
[reader] generated 478/500
[reader] generated 480/500
[reader] generated 482/500
[reader] generated 484/500
[reader] generated 486/500
[reader] generated 488/500
[reader] generated 490/500
[reader] generated 492/500
[reader] generated 494/500
[reader] generated 496/500
[reader] generated 498/500
[reader] generated 500/500
[density] policy=chunk_submod_128, router_type=fixed, representation=chunk, packer=submod, reader_model=Qwen/Qwen2.5-3B-Instruct, packed_token_budget=128, recall@1=0.438, all_gold@1=0.0, recall@2=0.723, all_gold@2=0.498, recall@5=0.874, all_gold@5=0.758, qwen_em=0.338, qwen_f1=0.4247, avg_reader_evidence_tokens=114.56, mean_ans_in_context=0.6, mean_gold_token_density=0.4943, mean_gold_doc_reader_cov=0.718, mean_all_gold_reader=0.482, mean_distractor_docs=1.784, mean_context_tokens=114.564, mean_n_snippets=3.812
[density] materializing policy=ace_focused_128
[density] generating policy=ace_focused_128
[reader] generated 2/500
[reader] generated 4/500
[reader] generated 6/500
[reader] generated 8/500
[reader] generated 10/500
[reader] generated 12/500
[reader] generated 14/500
[reader] generated 16/500
[reader] generated 18/500
[reader] generated 20/500
[reader] generated 22/500
[reader] generated 24/500
[reader] generated 26/500
[reader] generated 28/500
[reader] generated 30/500
[reader] generated 32/500
[reader] generated 34/500
[reader] generated 36/500
[reader] generated 38/500
[reader] generated 40/500
[reader] generated 42/500
[reader] generated 44/500
[reader] generated 46/500
[reader] generated 48/500
[reader] generated 50/500
[reader] generated 52/500
[reader] generated 54/500
[reader] generated 56/500
[reader] generated 58/500
[reader] generated 60/500
[reader] generated 62/500
[reader] generated 64/500
[reader] generated 66/500
[reader] generated 68/500
[reader] generated 70/500
[reader] generated 72/500
[reader] generated 74/500
[reader] generated 76/500
[reader] generated 78/500
[reader] generated 80/500
[reader] generated 82/500
[reader] generated 84/500
[reader] generated 86/500
[reader] generated 88/500
[reader] generated 90/500
[reader] generated 92/500
[reader] generated 94/500
[reader] generated 96/500
[reader] generated 98/500
[reader] generated 100/500
[reader] generated 102/500
[reader] generated 104/500
[reader] generated 106/500
[reader] generated 108/500
[reader] generated 110/500
[reader] generated 112/500
[reader] generated 114/500
[reader] generated 116/500
[reader] generated 118/500
[reader] generated 120/500
[reader] generated 122/500
[reader] generated 124/500
[reader] generated 126/500
[reader] generated 128/500
[reader] generated 130/500
[reader] generated 132/500
[reader] generated 134/500
[reader] generated 136/500
[reader] generated 138/500
[reader] generated 140/500
[reader] generated 142/500
[reader] generated 144/500
[reader] generated 146/500
[reader] generated 148/500
[reader] generated 150/500
[reader] generated 152/500
[reader] generated 154/500
[reader] generated 156/500
[reader] generated 158/500
[reader] generated 160/500
[reader] generated 162/500
[reader] generated 164/500
[reader] generated 166/500
[reader] generated 168/500
[reader] generated 170/500
[reader] generated 172/500
[reader] generated 174/500
[reader] generated 176/500
[reader] generated 178/500
[reader] generated 180/500
[reader] generated 182/500
[reader] generated 184/500
[reader] generated 186/500
[reader] generated 188/500
[reader] generated 190/500
[reader] generated 192/500
[reader] generated 194/500
[reader] generated 196/500
[reader] generated 198/500
[reader] generated 200/500
[reader] generated 202/500
[reader] generated 204/500
[reader] generated 206/500
[reader] generated 208/500
[reader] generated 210/500
[reader] generated 212/500
[reader] generated 214/500
[reader] generated 216/500
[reader] generated 218/500
[reader] generated 220/500
[reader] generated 222/500
[reader] generated 224/500
[reader] generated 226/500
[reader] generated 228/500
[reader] generated 230/500
[reader] generated 232/500
[reader] generated 234/500
[reader] generated 236/500
[reader] generated 238/500
[reader] generated 240/500
[reader] generated 242/500
[reader] generated 244/500
[reader] generated 246/500
[reader] generated 248/500
[reader] generated 250/500
[reader] generated 252/500
[reader] generated 254/500
[reader] generated 256/500
[reader] generated 258/500
[reader] generated 260/500
[reader] generated 262/500
[reader] generated 264/500
[reader] generated 266/500
[reader] generated 268/500
[reader] generated 270/500
[reader] generated 272/500
[reader] generated 274/500
[reader] generated 276/500
[reader] generated 278/500
[reader] generated 280/500
[reader] generated 282/500
[reader] generated 284/500
[reader] generated 286/500
[reader] generated 288/500
[reader] generated 290/500
[reader] generated 292/500
[reader] generated 294/500
[reader] generated 296/500
[reader] generated 298/500
[reader] generated 300/500
[reader] generated 302/500
[reader] generated 304/500
[reader] generated 306/500
[reader] generated 308/500
[reader] generated 310/500
[reader] generated 312/500
[reader] generated 314/500
[reader] generated 316/500
[reader] generated 318/500
[reader] generated 320/500
[reader] generated 322/500
[reader] generated 324/500
[reader] generated 326/500
[reader] generated 328/500
[reader] generated 330/500
[reader] generated 332/500
[reader] generated 334/500
[reader] generated 336/500
[reader] generated 338/500
[reader] generated 340/500
[reader] generated 342/500
[reader] generated 344/500
[reader] generated 346/500
[reader] generated 348/500
[reader] generated 350/500
[reader] generated 352/500
[reader] generated 354/500
[reader] generated 356/500
[reader] generated 358/500
[reader] generated 360/500
[reader] generated 362/500
[reader] generated 364/500
[reader] generated 366/500
[reader] generated 368/500
[reader] generated 370/500
[reader] generated 372/500
[reader] generated 374/500
[reader] generated 376/500
[reader] generated 378/500
[reader] generated 380/500
[reader] generated 382/500
[reader] generated 384/500
[reader] generated 386/500
[reader] generated 388/500
[reader] generated 390/500
[reader] generated 392/500
[reader] generated 394/500
[reader] generated 396/500
[reader] generated 398/500
[reader] generated 400/500
[reader] generated 402/500
[reader] generated 404/500
[reader] generated 406/500
[reader] generated 408/500
[reader] generated 410/500
[reader] generated 412/500
[reader] generated 414/500
[reader] generated 416/500
[reader] generated 418/500
[reader] generated 420/500
[reader] generated 422/500
[reader] generated 424/500
[reader] generated 426/500
[reader] generated 428/500
[reader] generated 430/500
[reader] generated 432/500
[reader] generated 434/500
[reader] generated 436/500
[reader] generated 438/500
[reader] generated 440/500
[reader] generated 442/500
[reader] generated 444/500
[reader] generated 446/500
[reader] generated 448/500
[reader] generated 450/500
[reader] generated 452/500
[reader] generated 454/500
[reader] generated 456/500
[reader] generated 458/500
[reader] generated 460/500
[reader] generated 462/500
[reader] generated 464/500
[reader] generated 466/500
[reader] generated 468/500
[reader] generated 470/500
[reader] generated 472/500
[reader] generated 474/500
[reader] generated 476/500
[reader] generated 478/500
[reader] generated 480/500
[reader] generated 482/500
[reader] generated 484/500
[reader] generated 486/500
[reader] generated 488/500
[reader] generated 490/500
[reader] generated 492/500
[reader] generated 494/500
[reader] generated 496/500
[reader] generated 498/500
[reader] generated 500/500
[density] policy=ace_focused_128, router_type=fixed, representation=ace, packer=focused, reader_model=Qwen/Qwen2.5-3B-Instruct, packed_token_budget=128, recall@1=0.419, all_gold@1=0.0, recall@2=0.677, all_gold@2=0.422, recall@5=0.859, all_gold@5=0.726, qwen_em=0.308, qwen_f1=0.3975, avg_reader_evidence_tokens=117.63, mean_ans_in_context=0.61, mean_gold_token_density=0.5177, mean_gold_doc_reader_cov=0.725, mean_all_gold_reader=0.492, mean_distractor_docs=1.594, mean_context_tokens=117.626, mean_n_snippets=3.322
[density] materializing policy=ace_mmr_128
[density] generating policy=ace_mmr_128
[reader] generated 2/500
[reader] generated 4/500
[reader] generated 6/500
[reader] generated 8/500
[reader] generated 10/500
[reader] generated 12/500
[reader] generated 14/500
[reader] generated 16/500
[reader] generated 18/500
[reader] generated 20/500
[reader] generated 22/500
[reader] generated 24/500
[reader] generated 26/500
[reader] generated 28/500
[reader] generated 30/500
[reader] generated 32/500
[reader] generated 34/500
[reader] generated 36/500
[reader] generated 38/500
[reader] generated 40/500
[reader] generated 42/500
[reader] generated 44/500
[reader] generated 46/500
[reader] generated 48/500
[reader] generated 50/500
[reader] generated 52/500
[reader] generated 54/500
[reader] generated 56/500
[reader] generated 58/500
[reader] generated 60/500
[reader] generated 62/500
[reader] generated 64/500
[reader] generated 66/500
[reader] generated 68/500
[reader] generated 70/500
[reader] generated 72/500
[reader] generated 74/500
[reader] generated 76/500
[reader] generated 78/500
[reader] generated 80/500
[reader] generated 82/500
[reader] generated 84/500
[reader] generated 86/500
[reader] generated 88/500
[reader] generated 90/500
[reader] generated 92/500
[reader] generated 94/500
[reader] generated 96/500
[reader] generated 98/500
[reader] generated 100/500
[reader] generated 102/500
[reader] generated 104/500
[reader] generated 106/500
[reader] generated 108/500
[reader] generated 110/500
[reader] generated 112/500
[reader] generated 114/500
[reader] generated 116/500
[reader] generated 118/500
[reader] generated 120/500
[reader] generated 122/500
[reader] generated 124/500
[reader] generated 126/500
[reader] generated 128/500
[reader] generated 130/500
[reader] generated 132/500
[reader] generated 134/500
[reader] generated 136/500
[reader] generated 138/500
[reader] generated 140/500
[reader] generated 142/500
[reader] generated 144/500
[reader] generated 146/500
[reader] generated 148/500
[reader] generated 150/500
[reader] generated 152/500
[reader] generated 154/500
[reader] generated 156/500
[reader] generated 158/500
[reader] generated 160/500
[reader] generated 162/500
[reader] generated 164/500
[reader] generated 166/500
[reader] generated 168/500
[reader] generated 170/500
[reader] generated 172/500
[reader] generated 174/500
[reader] generated 176/500
[reader] generated 178/500
[reader] generated 180/500
[reader] generated 182/500
[reader] generated 184/500
[reader] generated 186/500
[reader] generated 188/500
[reader] generated 190/500
[reader] generated 192/500
[reader] generated 194/500
[reader] generated 196/500
[reader] generated 198/500
[reader] generated 200/500
[reader] generated 202/500
[reader] generated 204/500
[reader] generated 206/500
[reader] generated 208/500
[reader] generated 210/500
[reader] generated 212/500
[reader] generated 214/500
[reader] generated 216/500
[reader] generated 218/500
[reader] generated 220/500
[reader] generated 222/500
[reader] generated 224/500
[reader] generated 226/500
[reader] generated 228/500
[reader] generated 230/500
[reader] generated 232/500
[reader] generated 234/500
[reader] generated 236/500
[reader] generated 238/500
[reader] generated 240/500
[reader] generated 242/500
[reader] generated 244/500
[reader] generated 246/500
[reader] generated 248/500
[reader] generated 250/500
[reader] generated 252/500
[reader] generated 254/500
[reader] generated 256/500
[reader] generated 258/500
[reader] generated 260/500
[reader] generated 262/500
[reader] generated 264/500
[reader] generated 266/500
[reader] generated 268/500
[reader] generated 270/500
[reader] generated 272/500
[reader] generated 274/500
[reader] generated 276/500
[reader] generated 278/500
[reader] generated 280/500
[reader] generated 282/500
[reader] generated 284/500
[reader] generated 286/500
[reader] generated 288/500
[reader] generated 290/500
[reader] generated 292/500
[reader] generated 294/500
[reader] generated 296/500
[reader] generated 298/500
[reader] generated 300/500
[reader] generated 302/500
[reader] generated 304/500
[reader] generated 306/500
[reader] generated 308/500
[reader] generated 310/500
[reader] generated 312/500
[reader] generated 314/500
[reader] generated 316/500
[reader] generated 318/500
[reader] generated 320/500
[reader] generated 322/500
[reader] generated 324/500
[reader] generated 326/500
[reader] generated 328/500
[reader] generated 330/500
[reader] generated 332/500
[reader] generated 334/500
[reader] generated 336/500
[reader] generated 338/500
[reader] generated 340/500
[reader] generated 342/500
[reader] generated 344/500
[reader] generated 346/500
[reader] generated 348/500
[reader] generated 350/500
[reader] generated 352/500
[reader] generated 354/500
[reader] generated 356/500
[reader] generated 358/500
[reader] generated 360/500
[reader] generated 362/500
[reader] generated 364/500
[reader] generated 366/500
[reader] generated 368/500
[reader] generated 370/500
[reader] generated 372/500
[reader] generated 374/500
[reader] generated 376/500
[reader] generated 378/500
[reader] generated 380/500
[reader] generated 382/500
[reader] generated 384/500
[reader] generated 386/500
[reader] generated 388/500
[reader] generated 390/500
[reader] generated 392/500
[reader] generated 394/500
[reader] generated 396/500
[reader] generated 398/500
[reader] generated 400/500
[reader] generated 402/500
[reader] generated 404/500
[reader] generated 406/500
[reader] generated 408/500
[reader] generated 410/500
[reader] generated 412/500
[reader] generated 414/500
[reader] generated 416/500
[reader] generated 418/500
[reader] generated 420/500
[reader] generated 422/500
[reader] generated 424/500
[reader] generated 426/500
[reader] generated 428/500
[reader] generated 430/500
[reader] generated 432/500
[reader] generated 434/500
[reader] generated 436/500
[reader] generated 438/500
[reader] generated 440/500
[reader] generated 442/500
[reader] generated 444/500
[reader] generated 446/500
[reader] generated 448/500
[reader] generated 450/500
[reader] generated 452/500
[reader] generated 454/500
[reader] generated 456/500
[reader] generated 458/500
[reader] generated 460/500
[reader] generated 462/500
[reader] generated 464/500
[reader] generated 466/500
[reader] generated 468/500
[reader] generated 470/500
[reader] generated 472/500
[reader] generated 474/500
[reader] generated 476/500
[reader] generated 478/500
[reader] generated 480/500
[reader] generated 482/500
[reader] generated 484/500
[reader] generated 486/500
[reader] generated 488/500
[reader] generated 490/500
[reader] generated 492/500
[reader] generated 494/500
[reader] generated 496/500
[reader] generated 498/500
[reader] generated 500/500
[density] policy=ace_mmr_128, router_type=fixed, representation=ace, packer=mmr, reader_model=Qwen/Qwen2.5-3B-Instruct, packed_token_budget=128, recall@1=0.419, all_gold@1=0.0, recall@2=0.677, all_gold@2=0.422, recall@5=0.859, all_gold@5=0.726, qwen_em=0.292, qwen_f1=0.3809, avg_reader_evidence_tokens=117.44, mean_ans_in_context=0.546, mean_gold_token_density=0.4668, mean_gold_doc_reader_cov=0.652, mean_all_gold_reader=0.378, mean_distractor_docs=1.688, mean_context_tokens=117.436, mean_n_snippets=3.394
[density] materializing policy=ace_submod_128
[density] generating policy=ace_submod_128
[reader] generated 2/500
[reader] generated 4/500
[reader] generated 6/500
[reader] generated 8/500
[reader] generated 10/500
[reader] generated 12/500
[reader] generated 14/500
[reader] generated 16/500
[reader] generated 18/500
[reader] generated 20/500
[reader] generated 22/500
[reader] generated 24/500
[reader] generated 26/500
[reader] generated 28/500
[reader] generated 30/500
[reader] generated 32/500
[reader] generated 34/500
[reader] generated 36/500
[reader] generated 38/500
[reader] generated 40/500
[reader] generated 42/500
[reader] generated 44/500
[reader] generated 46/500
[reader] generated 48/500
[reader] generated 50/500
[reader] generated 52/500
[reader] generated 54/500
[reader] generated 56/500
[reader] generated 58/500
[reader] generated 60/500
[reader] generated 62/500
[reader] generated 64/500
[reader] generated 66/500
[reader] generated 68/500
[reader] generated 70/500
[reader] generated 72/500
[reader] generated 74/500
[reader] generated 76/500
[reader] generated 78/500
[reader] generated 80/500
[reader] generated 82/500
[reader] generated 84/500
[reader] generated 86/500
[reader] generated 88/500
[reader] generated 90/500
[reader] generated 92/500
[reader] generated 94/500
[reader] generated 96/500
[reader] generated 98/500
[reader] generated 100/500
[reader] generated 102/500
[reader] generated 104/500
[reader] generated 106/500
[reader] generated 108/500
[reader] generated 110/500
[reader] generated 112/500
[reader] generated 114/500
[reader] generated 116/500
[reader] generated 118/500
[reader] generated 120/500
[reader] generated 122/500
[reader] generated 124/500
[reader] generated 126/500
[reader] generated 128/500
[reader] generated 130/500
[reader] generated 132/500
[reader] generated 134/500
[reader] generated 136/500
[reader] generated 138/500
[reader] generated 140/500
[reader] generated 142/500
[reader] generated 144/500
[reader] generated 146/500
[reader] generated 148/500
[reader] generated 150/500
[reader] generated 152/500
[reader] generated 154/500
[reader] generated 156/500
[reader] generated 158/500
[reader] generated 160/500
[reader] generated 162/500
[reader] generated 164/500
[reader] generated 166/500
[reader] generated 168/500
[reader] generated 170/500
[reader] generated 172/500
[reader] generated 174/500
[reader] generated 176/500
[reader] generated 178/500
[reader] generated 180/500
[reader] generated 182/500
[reader] generated 184/500
[reader] generated 186/500
[reader] generated 188/500
[reader] generated 190/500
[reader] generated 192/500
[reader] generated 194/500
[reader] generated 196/500
[reader] generated 198/500
[reader] generated 200/500
[reader] generated 202/500
[reader] generated 204/500
[reader] generated 206/500
[reader] generated 208/500
[reader] generated 210/500
[reader] generated 212/500
[reader] generated 214/500
[reader] generated 216/500
[reader] generated 218/500
[reader] generated 220/500
[reader] generated 222/500
[reader] generated 224/500
[reader] generated 226/500
[reader] generated 228/500
[reader] generated 230/500
[reader] generated 232/500
[reader] generated 234/500
[reader] generated 236/500
[reader] generated 238/500
[reader] generated 240/500
[reader] generated 242/500
[reader] generated 244/500
[reader] generated 246/500
[reader] generated 248/500
[reader] generated 250/500
[reader] generated 252/500
[reader] generated 254/500
[reader] generated 256/500
[reader] generated 258/500
[reader] generated 260/500
[reader] generated 262/500
[reader] generated 264/500
[reader] generated 266/500
[reader] generated 268/500
[reader] generated 270/500
[reader] generated 272/500
[reader] generated 274/500
[reader] generated 276/500
[reader] generated 278/500
[reader] generated 280/500
[reader] generated 282/500
[reader] generated 284/500
[reader] generated 286/500
[reader] generated 288/500
[reader] generated 290/500
[reader] generated 292/500
[reader] generated 294/500
[reader] generated 296/500
[reader] generated 298/500
[reader] generated 300/500
[reader] generated 302/500
[reader] generated 304/500
[reader] generated 306/500
[reader] generated 308/500
[reader] generated 310/500
[reader] generated 312/500
[reader] generated 314/500
[reader] generated 316/500
[reader] generated 318/500
[reader] generated 320/500
[reader] generated 322/500
[reader] generated 324/500
[reader] generated 326/500
[reader] generated 328/500
[reader] generated 330/500
[reader] generated 332/500
[reader] generated 334/500
[reader] generated 336/500
[reader] generated 338/500
[reader] generated 340/500
[reader] generated 342/500
[reader] generated 344/500
[reader] generated 346/500
[reader] generated 348/500
[reader] generated 350/500
[reader] generated 352/500
[reader] generated 354/500
[reader] generated 356/500
[reader] generated 358/500
[reader] generated 360/500
[reader] generated 362/500
[reader] generated 364/500
[reader] generated 366/500
[reader] generated 368/500
[reader] generated 370/500
[reader] generated 372/500
[reader] generated 374/500
[reader] generated 376/500
[reader] generated 378/500
[reader] generated 380/500
[reader] generated 382/500
[reader] generated 384/500
[reader] generated 386/500
[reader] generated 388/500
[reader] generated 390/500
[reader] generated 392/500
[reader] generated 394/500
[reader] generated 396/500
[reader] generated 398/500
[reader] generated 400/500
[reader] generated 402/500
[reader] generated 404/500
[reader] generated 406/500
[reader] generated 408/500
[reader] generated 410/500
[reader] generated 412/500
[reader] generated 414/500
[reader] generated 416/500
[reader] generated 418/500
[reader] generated 420/500
[reader] generated 422/500
[reader] generated 424/500
[reader] generated 426/500
[reader] generated 428/500
[reader] generated 430/500
[reader] generated 432/500
[reader] generated 434/500
[reader] generated 436/500
[reader] generated 438/500
[reader] generated 440/500
[reader] generated 442/500
[reader] generated 444/500
[reader] generated 446/500
[reader] generated 448/500
[reader] generated 450/500
[reader] generated 452/500
[reader] generated 454/500
[reader] generated 456/500
[reader] generated 458/500
[reader] generated 460/500
[reader] generated 462/500
[reader] generated 464/500
[reader] generated 466/500
[reader] generated 468/500
[reader] generated 470/500
[reader] generated 472/500
[reader] generated 474/500
[reader] generated 476/500
[reader] generated 478/500
[reader] generated 480/500
[reader] generated 482/500
[reader] generated 484/500
[reader] generated 486/500
[reader] generated 488/500
[reader] generated 490/500
[reader] generated 492/500
[reader] generated 494/500
[reader] generated 496/500
[reader] generated 498/500
[reader] generated 500/500
[density] policy=ace_submod_128, router_type=fixed, representation=ace, packer=submod, reader_model=Qwen/Qwen2.5-3B-Instruct, packed_token_budget=128, recall@1=0.419, all_gold@1=0.0, recall@2=0.677, all_gold@2=0.422, recall@5=0.859, all_gold@5=0.726, qwen_em=0.292, qwen_f1=0.3804, avg_reader_evidence_tokens=114.98, mean_ans_in_context=0.564, mean_gold_token_density=0.4608, mean_gold_doc_reader_cov=0.688, mean_all_gold_reader=0.436, mean_distractor_docs=1.898, mean_context_tokens=114.978, mean_n_snippets=3.878
[density] policy=router_oracle_packer, router_type=oracle, representation=mixed, packer=oracle, reader_model=Qwen/Qwen2.5-3B-Instruct, packed_token_budget=128, selection_counts={"ace_focused_128": 84, "ace_mmr_128": 34, "ace_submod_128": 64, "chunk_focused_128": 113, "chunk_mmr_128": 30, "chunk_submod_128": 175}, qwen_em=0.464, qwen_f1=0.5864, avg_reader_evidence_tokens=110.4, mean_ans_in_context=0.684, mean_gold_token_density=0.5495, mean_gold_doc_reader_cov=0.719, mean_all_gold_reader=0.486, mean_distractor_docs=1.464, mean_context_tokens=110.398, mean_n_snippets=3.246
wrote /kaggle/working/colab_results/stage6_density_packer_hotpotqa_seed42_budget128_limit500_qwen3b/hotpotqa_density_standard_budget128_limit500_metrics.csv
wrote /kaggle/working/colab_results/stage6_density_packer_hotpotqa_seed42_budget128_limit500_qwen3b/hotpotqa_density_standard_budget128_limit500_per_question.csv
--- hotpotqa budget 224 ---
$ /usr/bin/python3 -m experiments.run_density_router --dataset hotpotqa --split validation --seed 42 --limit 500 --ace-retriever standard --embedder sentence-transformers --embedding-model BAAI/bge-small-en-v1.5 --embed-device cuda --compressor truncate --compress-dims 320 --top-k-nodes 48 --max-expanded-docs 5 --reader-backend hf --reader-model Qwen/Qwen2.5-3B-Instruct --reader-device cuda --reader-batch-size 2 --mmr-lambda 0.7 --budget 224 --out-dir /kaggle/working/colab_results/stage6_density_packer_hotpotqa_seed42_budget224_limit500_qwen3b
hotpotqa[hf:validation:500]: 4933 docs, 500 questions, 2.00 gold docs/question
[density] retrieving chunk baseline
2026-06-28 13:32:42.235217: E external/local_xla/xla/stream_executor/cuda/cuda_fft.cc:467] Unable to register cuFFT factory: Attempting to register factory for plugin cuFFT when one has already been registered
WARNING: All log messages before absl::InitializeLog() is called are written to STDERR
E0000 00:00:1782653562.259903     237 cuda_dnn.cc:8579] Unable to register cuDNN factory: Attempting to register factory for plugin cuDNN when one has already been registered
E0000 00:00:1782653562.269060     237 cuda_blas.cc:1407] Unable to register cuBLAS factory: Attempting to register factory for plugin cuBLAS when one has already been registered
W0000 00:00:1782653562.290490     237 computation_placer.cc:177] computation placer already registered. Please check linkage and avoid linking the same target more than once.
W0000 00:00:1782653562.290518     237 computation_placer.cc:177] computation placer already registered. Please check linkage and avoid linking the same target more than once.
W0000 00:00:1782653562.290520     237 computation_placer.cc:177] computation placer already registered. Please check linkage and avoid linking the same target more than once.
W0000 00:00:1782653562.290523     237 computation_placer.cc:177] computation placer already registered. Please check linkage and avoid linking the same target more than once.
[chunk] fitting/indexing
[embed] encoding 4933 texts on device=cuda:0

Batches:   0%|          | 0/78 [00:00<?, ?it/s]
Batches:   1%|▏         | 1/78 [00:01<01:17,  1.01s/it]
Batches:   3%|▎         | 2/78 [00:01<00:52,  1.44it/s]
Batches:   4%|▍         | 3/78 [00:01<00:41,  1.80it/s]
Batches:   5%|▌         | 4/78 [00:02<00:38,  1.92it/s]
Batches:   6%|▋         | 5/78 [00:02<00:33,  2.15it/s]
Batches:   8%|▊         | 6/78 [00:03<00:30,  2.37it/s]
Batches:   9%|▉         | 7/78 [00:03<00:27,  2.54it/s]
Batches:  10%|█         | 8/78 [00:03<00:26,  2.61it/s]
Batches:  12%|█▏        | 9/78 [00:04<00:25,  2.70it/s]
Batches:  13%|█▎        | 10/78 [00:04<00:23,  2.88it/s]
Batches:  14%|█▍        | 11/78 [00:04<00:21,  3.07it/s]
Batches:  15%|█▌        | 12/78 [00:04<00:20,  3.20it/s]
Batches:  17%|█▋        | 13/78 [00:05<00:19,  3.30it/s]
Batches:  18%|█▊        | 14/78 [00:05<00:18,  3.37it/s]
Batches:  19%|█▉        | 15/78 [00:05<00:17,  3.51it/s]
Batches:  21%|██        | 16/78 [00:05<00:16,  3.74it/s]
Batches:  22%|██▏       | 17/78 [00:06<00:16,  3.75it/s]
Batches:  23%|██▎       | 18/78 [00:06<00:15,  3.80it/s]
Batches:  24%|██▍       | 19/78 [00:06<00:14,  4.00it/s]
Batches:  26%|██▌       | 20/78 [00:06<00:13,  4.18it/s]
Batches:  27%|██▋       | 21/78 [00:07<00:13,  4.08it/s]
Batches:  28%|██▊       | 22/78 [00:07<00:13,  4.14it/s]
Batches:  29%|██▉       | 23/78 [00:07<00:13,  4.10it/s]
Batches:  31%|███       | 24/78 [00:07<00:12,  4.40it/s]
Batches:  32%|███▏      | 25/78 [00:08<00:12,  4.38it/s]
Batches:  33%|███▎      | 26/78 [00:08<00:11,  4.52it/s]
Batches:  35%|███▍      | 27/78 [00:08<00:11,  4.55it/s]
Batches:  36%|███▌      | 28/78 [00:08<00:10,  4.60it/s]
Batches:  37%|███▋      | 29/78 [00:08<00:10,  4.66it/s]
Batches:  38%|███▊      | 30/78 [00:09<00:10,  4.58it/s]
Batches:  40%|███▉      | 31/78 [00:09<00:09,  4.77it/s]
Batches:  41%|████      | 32/78 [00:09<00:09,  4.81it/s]
Batches:  42%|████▏     | 33/78 [00:09<00:09,  4.85it/s]
Batches:  44%|████▎     | 34/78 [00:09<00:09,  4.76it/s]
Batches:  45%|████▍     | 35/78 [00:10<00:08,  4.92it/s]
Batches:  46%|████▌     | 36/78 [00:10<00:08,  5.04it/s]
Batches:  47%|████▋     | 37/78 [00:10<00:08,  4.90it/s]
Batches:  49%|████▊     | 38/78 [00:10<00:07,  5.13it/s]
Batches:  50%|█████     | 39/78 [00:10<00:07,  5.45it/s]
Batches:  51%|█████▏    | 40/78 [00:11<00:06,  5.49it/s]
Batches:  53%|█████▎    | 41/78 [00:11<00:06,  5.81it/s]
Batches:  54%|█████▍    | 42/78 [00:11<00:06,  5.82it/s]
Batches:  55%|█████▌    | 43/78 [00:11<00:06,  5.77it/s]
Batches:  56%|█████▋    | 44/78 [00:11<00:06,  5.66it/s]
Batches:  58%|█████▊    | 45/78 [00:11<00:05,  5.83it/s]
Batches:  59%|█████▉    | 46/78 [00:12<00:05,  6.10it/s]
Batches:  60%|██████    | 47/78 [00:12<00:04,  6.38it/s]
Batches:  62%|██████▏   | 48/78 [00:12<00:04,  6.37it/s]
Batches:  63%|██████▎   | 49/78 [00:12<00:04,  6.65it/s]
Batches:  64%|██████▍   | 50/78 [00:12<00:04,  6.91it/s]
Batches:  65%|██████▌   | 51/78 [00:12<00:03,  7.08it/s]
Batches:  67%|██████▋   | 52/78 [00:12<00:03,  7.13it/s]
Batches:  68%|██████▊   | 53/78 [00:13<00:03,  7.19it/s]
Batches:  69%|██████▉   | 54/78 [00:13<00:03,  7.19it/s]
Batches:  71%|███████   | 55/78 [00:13<00:03,  7.43it/s]
Batches:  72%|███████▏  | 56/78 [00:13<00:02,  7.62it/s]
Batches:  73%|███████▎  | 57/78 [00:13<00:02,  7.35it/s]
Batches:  74%|███████▍  | 58/78 [00:13<00:02,  7.60it/s]
Batches:  76%|███████▌  | 59/78 [00:13<00:02,  7.95it/s]
Batches:  77%|███████▋  | 60/78 [00:13<00:02,  8.01it/s]
Batches:  78%|███████▊  | 61/78 [00:14<00:02,  8.29it/s]
Batches:  79%|███████▉  | 62/78 [00:14<00:01,  8.38it/s]
Batches:  81%|████████  | 63/78 [00:14<00:01,  8.74it/s]
Batches:  82%|████████▏ | 64/78 [00:14<00:01,  8.70it/s]
Batches:  83%|████████▎ | 65/78 [00:14<00:01,  8.95it/s]
Batches:  85%|████████▍ | 66/78 [00:14<00:01,  9.09it/s]
Batches:  87%|████████▋ | 68/78 [00:14<00:01,  9.75it/s]
Batches:  88%|████████▊ | 69/78 [00:14<00:00,  9.65it/s]
Batches:  91%|█████████ | 71/78 [00:15<00:00, 10.74it/s]
Batches:  94%|█████████▎| 73/78 [00:15<00:00, 11.50it/s]
Batches:  96%|█████████▌| 75/78 [00:15<00:00, 12.66it/s]
Batches:  99%|█████████▊| 77/78 [00:15<00:00, 14.41it/s]
Batches: 100%|██████████| 78/78 [00:15<00:00,  5.05it/s]
[chunk] retrieving
[embed] encoding 500 texts on device=cuda:0

Batches:   0%|          | 0/8 [00:00<?, ?it/s]
Batches:  38%|███▊      | 3/8 [00:00<00:00, 24.87it/s]
Batches:  88%|████████▊ | 7/8 [00:00<00:00, 29.05it/s]
Batches: 100%|██████████| 8/8 [00:00<00:00, 29.79it/s]
[density] retrieving ACE graph
[ace] building evidence graph
[ace] graph built: nodes=49827 edges=76647
[ace] fitting/indexing embeddings
[embed] encoding 44894 texts on device=cuda:0

Batches:   0%|          | 0/702 [00:00<?, ?it/s]
Batches:   0%|          | 1/702 [00:00<06:03,  1.93it/s]
Batches:   0%|          | 2/702 [00:00<03:46,  3.10it/s]
Batches:   0%|          | 3/702 [00:00<02:45,  4.23it/s]
Batches:   1%|          | 4/702 [00:00<02:14,  5.21it/s]
Batches:   1%|          | 5/702 [00:01<01:55,  6.02it/s]
Batches:   1%|          | 6/702 [00:01<01:44,  6.65it/s]
Batches:   1%|          | 7/702 [00:01<01:36,  7.17it/s]
Batches:   1%|          | 8/702 [00:01<01:29,  7.78it/s]
Batches:   1%|▏         | 9/702 [00:01<01:27,  7.94it/s]
Batches:   1%|▏         | 10/702 [00:01<01:26,  8.03it/s]
Batches:   2%|▏         | 11/702 [00:01<01:22,  8.38it/s]
Batches:   2%|▏         | 12/702 [00:01<01:26,  8.00it/s]
Batches:   2%|▏         | 13/702 [00:02<01:22,  8.37it/s]
Batches:   2%|▏         | 14/702 [00:02<01:21,  8.46it/s]
Batches:   2%|▏         | 15/702 [00:02<01:21,  8.43it/s]
Batches:   2%|▏         | 17/702 [00:02<01:12,  9.40it/s]
Batches:   3%|▎         | 19/702 [00:02<01:10,  9.67it/s]
Batches:   3%|▎         | 21/702 [00:02<01:05, 10.33it/s]
Batches:   3%|▎         | 23/702 [00:02<01:03, 10.63it/s]
Batches:   4%|▎         | 25/702 [00:03<01:03, 10.74it/s]
Batches:   4%|▍         | 27/702 [00:03<01:03, 10.66it/s]
Batches:   4%|▍         | 29/702 [00:03<01:03, 10.65it/s]
Batches:   4%|▍         | 31/702 [00:03<01:00, 11.04it/s]
Batches:   5%|▍         | 33/702 [00:03<01:01, 10.82it/s]
Batches:   5%|▍         | 35/702 [00:04<01:00, 11.06it/s]
Batches:   5%|▌         | 37/702 [00:04<01:00, 10.90it/s]
Batches:   6%|▌         | 39/702 [00:04<00:57, 11.51it/s]
Batches:   6%|▌         | 41/702 [00:04<00:57, 11.42it/s]
Batches:   6%|▌         | 43/702 [00:04<00:54, 12.05it/s]
Batches:   6%|▋         | 45/702 [00:04<00:53, 12.25it/s]
Batches:   7%|▋         | 47/702 [00:05<00:50, 12.88it/s]
Batches:   7%|▋         | 49/702 [00:05<00:49, 13.32it/s]
Batches:   7%|▋         | 51/702 [00:05<00:49, 13.19it/s]
Batches:   8%|▊         | 53/702 [00:05<00:48, 13.41it/s]
Batches:   8%|▊         | 55/702 [00:05<00:47, 13.56it/s]
Batches:   8%|▊         | 57/702 [00:05<00:48, 13.35it/s]
Batches:   8%|▊         | 59/702 [00:05<00:46, 13.72it/s]
Batches:   9%|▊         | 61/702 [00:06<00:45, 14.18it/s]
Batches:   9%|▉         | 63/702 [00:06<00:44, 14.48it/s]
Batches:   9%|▉         | 65/702 [00:06<00:43, 14.68it/s]
Batches:  10%|▉         | 67/702 [00:06<00:42, 15.01it/s]
Batches:  10%|▉         | 69/702 [00:06<00:42, 15.03it/s]
Batches:  10%|█         | 71/702 [00:06<00:41, 15.23it/s]
Batches:  10%|█         | 73/702 [00:06<00:40, 15.68it/s]
Batches:  11%|█         | 75/702 [00:06<00:41, 15.19it/s]
Batches:  11%|█         | 77/702 [00:07<00:42, 14.61it/s]
Batches:  11%|█▏        | 79/702 [00:07<00:44, 14.08it/s]
Batches:  12%|█▏        | 81/702 [00:07<00:41, 14.90it/s]
Batches:  12%|█▏        | 83/702 [00:07<00:41, 14.79it/s]
Batches:  12%|█▏        | 85/702 [00:07<00:39, 15.69it/s]
Batches:  12%|█▏        | 87/702 [00:07<00:37, 16.48it/s]
Batches:  13%|█▎        | 89/702 [00:07<00:37, 16.33it/s]
Batches:  13%|█▎        | 91/702 [00:07<00:38, 15.99it/s]
Batches:  13%|█▎        | 93/702 [00:08<00:36, 16.58it/s]
Batches:  14%|█▎        | 95/702 [00:08<00:36, 16.64it/s]
Batches:  14%|█▍        | 97/702 [00:08<00:38, 15.89it/s]
Batches:  14%|█▍        | 99/702 [00:08<00:36, 16.31it/s]
Batches:  14%|█▍        | 101/702 [00:08<00:36, 16.34it/s]
Batches:  15%|█▍        | 103/702 [00:08<00:35, 16.88it/s]
Batches:  15%|█▍        | 105/702 [00:08<00:34, 17.24it/s]
Batches:  15%|█▌        | 107/702 [00:08<00:33, 17.57it/s]
Batches:  16%|█▌        | 109/702 [00:09<00:34, 16.98it/s]
Batches:  16%|█▌        | 111/702 [00:09<00:34, 17.21it/s]
Batches:  16%|█▌        | 113/702 [00:09<00:35, 16.42it/s]
Batches:  16%|█▋        | 115/702 [00:09<00:33, 17.30it/s]
Batches:  17%|█▋        | 117/702 [00:09<00:33, 17.42it/s]
Batches:  17%|█▋        | 119/702 [00:09<00:33, 17.52it/s]
Batches:  17%|█▋        | 121/702 [00:09<00:32, 17.68it/s]
Batches:  18%|█▊        | 123/702 [00:09<00:31, 18.11it/s]
Batches:  18%|█▊        | 125/702 [00:09<00:31, 18.24it/s]
Batches:  18%|█▊        | 127/702 [00:10<00:31, 18.32it/s]
Batches:  18%|█▊        | 129/702 [00:10<00:31, 18.37it/s]
Batches:  19%|█▊        | 131/702 [00:10<00:31, 18.36it/s]
Batches:  19%|█▉        | 133/702 [00:10<00:30, 18.76it/s]
Batches:  19%|█▉        | 135/702 [00:10<00:30, 18.57it/s]
Batches:  20%|█▉        | 138/702 [00:10<00:29, 18.83it/s]
Batches:  20%|█▉        | 140/702 [00:10<00:30, 18.66it/s]
Batches:  20%|██        | 143/702 [00:10<00:30, 18.56it/s]
Batches:  21%|██        | 145/702 [00:10<00:29, 18.78it/s]
Batches:  21%|██        | 147/702 [00:11<00:30, 18.41it/s]
Batches:  21%|██        | 149/702 [00:11<00:29, 18.81it/s]
Batches:  22%|██▏       | 151/702 [00:11<00:29, 18.48it/s]
Batches:  22%|██▏       | 154/702 [00:11<00:29, 18.81it/s]
Batches:  22%|██▏       | 157/702 [00:11<00:28, 19.28it/s]
Batches:  23%|██▎       | 159/702 [00:11<00:28, 19.05it/s]
Batches:  23%|██▎       | 162/702 [00:11<00:26, 20.56it/s]
Batches:  24%|██▎       | 165/702 [00:11<00:25, 21.12it/s]
Batches:  24%|██▍       | 168/702 [00:12<00:25, 20.89it/s]
Batches:  24%|██▍       | 171/702 [00:12<00:25, 21.02it/s]
Batches:  25%|██▍       | 174/702 [00:12<00:25, 20.57it/s]
Batches:  25%|██▌       | 177/702 [00:12<00:24, 21.14it/s]
Batches:  26%|██▌       | 180/702 [00:12<00:24, 21.14it/s]
Batches:  26%|██▌       | 183/702 [00:12<00:24, 21.25it/s]
Batches:  26%|██▋       | 186/702 [00:12<00:23, 21.54it/s]
Batches:  27%|██▋       | 189/702 [00:13<00:22, 22.32it/s]
Batches:  27%|██▋       | 192/702 [00:13<00:23, 22.14it/s]
Batches:  28%|██▊       | 195/702 [00:13<00:22, 22.45it/s]
Batches:  28%|██▊       | 198/702 [00:13<00:22, 22.90it/s]
Batches:  29%|██▊       | 201/702 [00:13<00:22, 22.52it/s]
Batches:  29%|██▉       | 204/702 [00:13<00:22, 22.27it/s]
Batches:  29%|██▉       | 207/702 [00:13<00:21, 23.18it/s]
Batches:  30%|██▉       | 210/702 [00:14<00:21, 23.14it/s]
Batches:  30%|███       | 213/702 [00:14<00:21, 22.78it/s]
Batches:  31%|███       | 216/702 [00:14<00:21, 22.66it/s]
Batches:  31%|███       | 219/702 [00:14<00:20, 23.07it/s]
Batches:  32%|███▏      | 222/702 [00:14<00:20, 23.58it/s]
Batches:  32%|███▏      | 225/702 [00:14<00:20, 23.76it/s]
Batches:  32%|███▏      | 228/702 [00:14<00:19, 23.96it/s]
Batches:  33%|███▎      | 231/702 [00:14<00:19, 24.49it/s]
Batches:  33%|███▎      | 234/702 [00:15<00:19, 24.61it/s]
Batches:  34%|███▍      | 237/702 [00:15<00:18, 24.99it/s]
Batches:  34%|███▍      | 240/702 [00:15<00:18, 25.47it/s]
Batches:  35%|███▍      | 243/702 [00:15<00:17, 25.61it/s]
Batches:  35%|███▌      | 246/702 [00:15<00:17, 26.07it/s]
Batches:  35%|███▌      | 249/702 [00:15<00:17, 25.74it/s]
Batches:  36%|███▌      | 252/702 [00:15<00:16, 26.54it/s]
Batches:  36%|███▋      | 255/702 [00:15<00:16, 26.65it/s]
Batches:  37%|███▋      | 258/702 [00:15<00:16, 27.36it/s]
Batches:  37%|███▋      | 261/702 [00:16<00:15, 28.09it/s]
Batches:  38%|███▊      | 264/702 [00:16<00:15, 27.39it/s]
Batches:  38%|███▊      | 267/702 [00:16<00:15, 27.73it/s]
Batches:  38%|███▊      | 270/702 [00:16<00:16, 26.32it/s]
Batches:  39%|███▉      | 274/702 [00:16<00:15, 27.38it/s]
Batches:  40%|███▉      | 278/702 [00:16<00:14, 28.86it/s]
Batches:  40%|████      | 282/702 [00:16<00:14, 29.30it/s]
Batches:  41%|████      | 285/702 [00:16<00:14, 29.33it/s]
Batches:  41%|████      | 289/702 [00:16<00:13, 30.39it/s]
Batches:  42%|████▏     | 293/702 [00:17<00:13, 31.27it/s]
Batches:  42%|████▏     | 297/702 [00:17<00:12, 33.18it/s]
Batches:  43%|████▎     | 301/702 [00:17<00:11, 34.53it/s]
Batches:  43%|████▎     | 305/702 [00:17<00:11, 35.00it/s]
Batches:  44%|████▍     | 310/702 [00:17<00:10, 38.01it/s]
Batches:  45%|████▍     | 314/702 [00:17<00:10, 38.54it/s]
Batches:  45%|████▌     | 319/702 [00:17<00:09, 39.85it/s]
Batches:  46%|████▌     | 324/702 [00:17<00:09, 41.53it/s]
Batches:  47%|████▋     | 330/702 [00:17<00:08, 43.96it/s]
Batches:  48%|████▊     | 336/702 [00:18<00:07, 46.54it/s]
Batches:  49%|████▊     | 342/702 [00:18<00:07, 49.92it/s]
Batches:  50%|████▉     | 349/702 [00:18<00:06, 53.36it/s]
Batches:  51%|█████     | 356/702 [00:18<00:06, 56.17it/s]
Batches:  52%|█████▏    | 363/702 [00:18<00:05, 58.43it/s]
Batches:  53%|█████▎    | 370/702 [00:18<00:05, 61.01it/s]
Batches:  54%|█████▎    | 377/702 [00:18<00:05, 62.91it/s]
Batches:  55%|█████▍    | 385/702 [00:18<00:04, 65.28it/s]
Batches:  56%|█████▌    | 392/702 [00:18<00:04, 65.60it/s]
Batches:  57%|█████▋    | 399/702 [00:19<00:04, 66.39it/s]
Batches:  58%|█████▊    | 406/702 [00:19<00:04, 67.35it/s]
Batches:  59%|█████▉    | 414/702 [00:19<00:04, 69.90it/s]
Batches:  60%|██████    | 422/702 [00:19<00:03, 70.49it/s]
Batches:  61%|██████▏   | 430/702 [00:19<00:03, 71.06it/s]
Batches:  62%|██████▏   | 438/702 [00:19<00:03, 72.29it/s]
Batches:  64%|██████▎   | 446/702 [00:19<00:03, 73.66it/s]
Batches:  65%|██████▍   | 454/702 [00:19<00:03, 74.03it/s]
Batches:  66%|██████▌   | 462/702 [00:19<00:03, 74.53it/s]
Batches:  67%|██████▋   | 470/702 [00:20<00:03, 73.73it/s]
Batches:  68%|██████▊   | 478/702 [00:20<00:02, 75.14it/s]
Batches:  69%|██████▉   | 487/702 [00:20<00:02, 76.94it/s]
Batches:  71%|███████   | 496/702 [00:20<00:02, 78.18it/s]
Batches:  72%|███████▏  | 505/702 [00:20<00:02, 80.69it/s]
Batches:  73%|███████▎  | 514/702 [00:20<00:02, 81.62it/s]
Batches:  75%|███████▍  | 523/702 [00:20<00:02, 81.79it/s]
Batches:  76%|███████▌  | 532/702 [00:20<00:02, 81.83it/s]
Batches:  77%|███████▋  | 541/702 [00:20<00:01, 83.77it/s]
Batches:  78%|███████▊  | 550/702 [00:20<00:01, 84.80it/s]
Batches:  80%|███████▉  | 560/702 [00:21<00:01, 87.37it/s]
Batches:  81%|████████  | 569/702 [00:21<00:01, 87.88it/s]
Batches:  82%|████████▏ | 579/702 [00:21<00:01, 89.93it/s]
Batches:  84%|████████▍ | 588/702 [00:21<00:01, 89.06it/s]
Batches:  85%|████████▌ | 598/702 [00:21<00:01, 91.93it/s]
Batches:  87%|████████▋ | 608/702 [00:21<00:01, 92.45it/s]
Batches:  88%|████████▊ | 618/702 [00:21<00:00, 93.30it/s]
Batches:  89%|████████▉ | 628/702 [00:21<00:00, 94.90it/s]
Batches:  91%|█████████ | 638/702 [00:21<00:00, 96.06it/s]
Batches:  92%|█████████▏| 648/702 [00:22<00:00, 96.57it/s]
Batches:  94%|█████████▎| 658/702 [00:22<00:00, 97.00it/s]
Batches:  95%|█████████▌| 668/702 [00:22<00:00, 96.82it/s]
Batches:  97%|█████████▋| 678/702 [00:22<00:00, 94.58it/s]
Batches:  98%|█████████▊| 688/702 [00:22<00:00, 93.08it/s]
Batches:  99%|█████████▉| 698/702 [00:22<00:00, 93.41it/s]
Batches: 100%|██████████| 702/702 [00:22<00:00, 31.06it/s]
[ace] retrieving
[embed] encoding 500 texts on device=cuda:0

Batches:   0%|          | 0/8 [00:00<?, ?it/s]
Batches:  38%|███▊      | 3/8 [00:00<00:00, 23.05it/s]
Batches:  75%|███████▌  | 6/8 [00:00<00:00, 25.82it/s]
Batches: 100%|██████████| 8/8 [00:00<00:00, 27.81it/s]
[density] loading reader once
`torch_dtype` is deprecated! Use `dtype` instead!

Loading checkpoint shards:   0%|          | 0/2 [00:00<?, ?it/s]
Loading checkpoint shards:  50%|█████     | 1/2 [00:02<00:02,  2.59s/it]
Loading checkpoint shards: 100%|██████████| 2/2 [00:04<00:00,  1.93s/it]
Loading checkpoint shards: 100%|██████████| 2/2 [00:04<00:00,  2.03s/it]
[reader] loaded Qwen/Qwen2.5-3B-Instruct on cuda:0
[density] materializing policy=chunk_packed_224
[density] generating policy=chunk_packed_224
The following generation flags are not valid and may be ignored: ['temperature', 'top_p', 'top_k']. Set `TRANSFORMERS_VERBOSITY=info` for more details.
[reader] generated 2/500
[reader] generated 4/500
[reader] generated 6/500
[reader] generated 8/500
[reader] generated 10/500
[reader] generated 12/500
[reader] generated 14/500
[reader] generated 16/500
[reader] generated 18/500
[reader] generated 20/500
[reader] generated 22/500
[reader] generated 24/500
[reader] generated 26/500
[reader] generated 28/500
[reader] generated 30/500
[reader] generated 32/500
[reader] generated 34/500
[reader] generated 36/500
[reader] generated 38/500
[reader] generated 40/500
[reader] generated 42/500
[reader] generated 44/500
[reader] generated 46/500
[reader] generated 48/500
[reader] generated 50/500
[reader] generated 52/500
[reader] generated 54/500
[reader] generated 56/500
[reader] generated 58/500
[reader] generated 60/500
[reader] generated 62/500
[reader] generated 64/500
[reader] generated 66/500
[reader] generated 68/500
[reader] generated 70/500
[reader] generated 72/500
[reader] generated 74/500
[reader] generated 76/500
[reader] generated 78/500
[reader] generated 80/500
[reader] generated 82/500
[reader] generated 84/500
[reader] generated 86/500
[reader] generated 88/500
[reader] generated 90/500
[reader] generated 92/500
[reader] generated 94/500
[reader] generated 96/500
[reader] generated 98/500
[reader] generated 100/500
[reader] generated 102/500
[reader] generated 104/500
[reader] generated 106/500
[reader] generated 108/500
[reader] generated 110/500
[reader] generated 112/500
[reader] generated 114/500
[reader] generated 116/500
[reader] generated 118/500
[reader] generated 120/500
[reader] generated 122/500
[reader] generated 124/500
[reader] generated 126/500
[reader] generated 128/500
[reader] generated 130/500
[reader] generated 132/500
[reader] generated 134/500
[reader] generated 136/500
[reader] generated 138/500
[reader] generated 140/500
[reader] generated 142/500
[reader] generated 144/500
[reader] generated 146/500
[reader] generated 148/500
[reader] generated 150/500
[reader] generated 152/500
[reader] generated 154/500
[reader] generated 156/500
[reader] generated 158/500
[reader] generated 160/500
[reader] generated 162/500
[reader] generated 164/500
[reader] generated 166/500
[reader] generated 168/500
[reader] generated 170/500
[reader] generated 172/500
[reader] generated 174/500
[reader] generated 176/500
[reader] generated 178/500
[reader] generated 180/500
[reader] generated 182/500
[reader] generated 184/500
[reader] generated 186/500
[reader] generated 188/500
[reader] generated 190/500
[reader] generated 192/500
[reader] generated 194/500
[reader] generated 196/500
[reader] generated 198/500
[reader] generated 200/500
[reader] generated 202/500
[reader] generated 204/500
[reader] generated 206/500
[reader] generated 208/500
[reader] generated 210/500
[reader] generated 212/500
[reader] generated 214/500
[reader] generated 216/500
[reader] generated 218/500
[reader] generated 220/500
[reader] generated 222/500
[reader] generated 224/500
[reader] generated 226/500
[reader] generated 228/500
[reader] generated 230/500
[reader] generated 232/500
[reader] generated 234/500
[reader] generated 236/500
[reader] generated 238/500
[reader] generated 240/500
[reader] generated 242/500
[reader] generated 244/500
[reader] generated 246/500
[reader] generated 248/500
[reader] generated 250/500
[reader] generated 252/500
[reader] generated 254/500
[reader] generated 256/500
[reader] generated 258/500
[reader] generated 260/500
[reader] generated 262/500
[reader] generated 264/500
[reader] generated 266/500
[reader] generated 268/500
[reader] generated 270/500
[reader] generated 272/500
[reader] generated 274/500
[reader] generated 276/500
[reader] generated 278/500
[reader] generated 280/500
[reader] generated 282/500
[reader] generated 284/500
[reader] generated 286/500
[reader] generated 288/500
[reader] generated 290/500
[reader] generated 292/500
[reader] generated 294/500
[reader] generated 296/500
[reader] generated 298/500
[reader] generated 300/500
[reader] generated 302/500
[reader] generated 304/500
[reader] generated 306/500
[reader] generated 308/500
[reader] generated 310/500
[reader] generated 312/500
[reader] generated 314/500
[reader] generated 316/500
[reader] generated 318/500
[reader] generated 320/500
[reader] generated 322/500
[reader] generated 324/500
[reader] generated 326/500
[reader] generated 328/500
[reader] generated 330/500
[reader] generated 332/500
[reader] generated 334/500
[reader] generated 336/500
[reader] generated 338/500
[reader] generated 340/500
[reader] generated 342/500
[reader] generated 344/500
[reader] generated 346/500
[reader] generated 348/500
[reader] generated 350/500
[reader] generated 352/500
[reader] generated 354/500
[reader] generated 356/500
[reader] generated 358/500
[reader] generated 360/500
[reader] generated 362/500
[reader] generated 364/500
[reader] generated 366/500
[reader] generated 368/500
[reader] generated 370/500
[reader] generated 372/500
[reader] generated 374/500
[reader] generated 376/500
[reader] generated 378/500
[reader] generated 380/500
[reader] generated 382/500
[reader] generated 384/500
[reader] generated 386/500
[reader] generated 388/500
[reader] generated 390/500
[reader] generated 392/500
[reader] generated 394/500
[reader] generated 396/500
[reader] generated 398/500
[reader] generated 400/500
[reader] generated 402/500
[reader] generated 404/500
[reader] generated 406/500
[reader] generated 408/500
[reader] generated 410/500
[reader] generated 412/500
[reader] generated 414/500
[reader] generated 416/500
[reader] generated 418/500
[reader] generated 420/500
[reader] generated 422/500
[reader] generated 424/500
[reader] generated 426/500
[reader] generated 428/500
[reader] generated 430/500
[reader] generated 432/500
[reader] generated 434/500
[reader] generated 436/500
[reader] generated 438/500
[reader] generated 440/500
[reader] generated 442/500
[reader] generated 444/500
[reader] generated 446/500
[reader] generated 448/500
[reader] generated 450/500
[reader] generated 452/500
[reader] generated 454/500
[reader] generated 456/500
[reader] generated 458/500
[reader] generated 460/500
[reader] generated 462/500
[reader] generated 464/500
[reader] generated 466/500
[reader] generated 468/500
[reader] generated 470/500
[reader] generated 472/500
[reader] generated 474/500
[reader] generated 476/500
[reader] generated 478/500
[reader] generated 480/500
[reader] generated 482/500
[reader] generated 484/500
[reader] generated 486/500
[reader] generated 488/500
[reader] generated 490/500
[reader] generated 492/500
[reader] generated 494/500
[reader] generated 496/500
[reader] generated 498/500
[reader] generated 500/500
[density] policy=chunk_packed_224, router_type=fixed, representation=chunk, packer=packed, reader_model=Qwen/Qwen2.5-3B-Instruct, packed_token_budget=224, recall@1=0.438, all_gold@1=0.0, recall@2=0.723, all_gold@2=0.498, recall@5=0.874, all_gold@5=0.758, qwen_em=0.324, qwen_f1=0.4052, avg_reader_evidence_tokens=214.53, mean_ans_in_context=0.664, mean_gold_token_density=0.3604, mean_gold_doc_reader_cov=0.803, mean_all_gold_reader=0.634, mean_distractor_docs=2.724, mean_context_tokens=214.526, mean_n_snippets=4.668
[density] materializing policy=chunk_focused_224
[density] generating policy=chunk_focused_224
[reader] generated 2/500
[reader] generated 4/500
[reader] generated 6/500
[reader] generated 8/500
[reader] generated 10/500
[reader] generated 12/500
[reader] generated 14/500
[reader] generated 16/500
[reader] generated 18/500
[reader] generated 20/500
[reader] generated 22/500
[reader] generated 24/500
[reader] generated 26/500
[reader] generated 28/500
[reader] generated 30/500
[reader] generated 32/500
[reader] generated 34/500
[reader] generated 36/500
[reader] generated 38/500
[reader] generated 40/500
[reader] generated 42/500
[reader] generated 44/500
[reader] generated 46/500
[reader] generated 48/500
[reader] generated 50/500
[reader] generated 52/500
[reader] generated 54/500
[reader] generated 56/500
[reader] generated 58/500
[reader] generated 60/500
[reader] generated 62/500
[reader] generated 64/500
[reader] generated 66/500
[reader] generated 68/500
[reader] generated 70/500
[reader] generated 72/500
[reader] generated 74/500
[reader] generated 76/500
[reader] generated 78/500
[reader] generated 80/500
[reader] generated 82/500
[reader] generated 84/500
[reader] generated 86/500
[reader] generated 88/500
[reader] generated 90/500
[reader] generated 92/500
[reader] generated 94/500
[reader] generated 96/500
[reader] generated 98/500
[reader] generated 100/500
[reader] generated 102/500
[reader] generated 104/500
[reader] generated 106/500
[reader] generated 108/500
[reader] generated 110/500
[reader] generated 112/500
[reader] generated 114/500
[reader] generated 116/500
[reader] generated 118/500
[reader] generated 120/500
[reader] generated 122/500
[reader] generated 124/500
[reader] generated 126/500
[reader] generated 128/500
[reader] generated 130/500
[reader] generated 132/500
[reader] generated 134/500
[reader] generated 136/500
[reader] generated 138/500
[reader] generated 140/500
[reader] generated 142/500
[reader] generated 144/500
[reader] generated 146/500
[reader] generated 148/500
[reader] generated 150/500
[reader] generated 152/500
[reader] generated 154/500
[reader] generated 156/500
[reader] generated 158/500
[reader] generated 160/500
[reader] generated 162/500
[reader] generated 164/500
[reader] generated 166/500
[reader] generated 168/500
[reader] generated 170/500
[reader] generated 172/500
[reader] generated 174/500
[reader] generated 176/500
[reader] generated 178/500
[reader] generated 180/500
[reader] generated 182/500
[reader] generated 184/500
[reader] generated 186/500
[reader] generated 188/500
[reader] generated 190/500
[reader] generated 192/500
[reader] generated 194/500
[reader] generated 196/500
[reader] generated 198/500
[reader] generated 200/500
[reader] generated 202/500
[reader] generated 204/500
[reader] generated 206/500
[reader] generated 208/500
[reader] generated 210/500
[reader] generated 212/500
[reader] generated 214/500
[reader] generated 216/500
[reader] generated 218/500
[reader] generated 220/500
[reader] generated 222/500
[reader] generated 224/500
[reader] generated 226/500
[reader] generated 228/500
[reader] generated 230/500
[reader] generated 232/500
[reader] generated 234/500
[reader] generated 236/500
[reader] generated 238/500
[reader] generated 240/500
[reader] generated 242/500
[reader] generated 244/500
[reader] generated 246/500
[reader] generated 248/500
[reader] generated 250/500
[reader] generated 252/500
[reader] generated 254/500
[reader] generated 256/500
[reader] generated 258/500
[reader] generated 260/500
[reader] generated 262/500
[reader] generated 264/500
[reader] generated 266/500
[reader] generated 268/500
[reader] generated 270/500
[reader] generated 272/500
[reader] generated 274/500
[reader] generated 276/500
[reader] generated 278/500
[reader] generated 280/500
[reader] generated 282/500
[reader] generated 284/500
[reader] generated 286/500
[reader] generated 288/500
[reader] generated 290/500
[reader] generated 292/500
[reader] generated 294/500
[reader] generated 296/500
[reader] generated 298/500
[reader] generated 300/500
[reader] generated 302/500
[reader] generated 304/500
[reader] generated 306/500
[reader] generated 308/500
[reader] generated 310/500
[reader] generated 312/500
[reader] generated 314/500
[reader] generated 316/500
[reader] generated 318/500
[reader] generated 320/500
[reader] generated 322/500
[reader] generated 324/500
[reader] generated 326/500
[reader] generated 328/500
[reader] generated 330/500
[reader] generated 332/500
[reader] generated 334/500
[reader] generated 336/500
[reader] generated 338/500
[reader] generated 340/500
[reader] generated 342/500
[reader] generated 344/500
[reader] generated 346/500
[reader] generated 348/500
[reader] generated 350/500
[reader] generated 352/500
[reader] generated 354/500
[reader] generated 356/500
[reader] generated 358/500
[reader] generated 360/500
[reader] generated 362/500
[reader] generated 364/500
[reader] generated 366/500
[reader] generated 368/500
[reader] generated 370/500
[reader] generated 372/500
[reader] generated 374/500
[reader] generated 376/500
[reader] generated 378/500
[reader] generated 380/500
[reader] generated 382/500
[reader] generated 384/500
[reader] generated 386/500
[reader] generated 388/500
[reader] generated 390/500
[reader] generated 392/500
[reader] generated 394/500
[reader] generated 396/500
[reader] generated 398/500
[reader] generated 400/500
[reader] generated 402/500
[reader] generated 404/500
[reader] generated 406/500
[reader] generated 408/500
[reader] generated 410/500
[reader] generated 412/500
[reader] generated 414/500
[reader] generated 416/500
[reader] generated 418/500
[reader] generated 420/500
[reader] generated 422/500
[reader] generated 424/500
[reader] generated 426/500
[reader] generated 428/500
[reader] generated 430/500
[reader] generated 432/500
[reader] generated 434/500
[reader] generated 436/500
[reader] generated 438/500
[reader] generated 440/500
[reader] generated 442/500
[reader] generated 444/500
[reader] generated 446/500
[reader] generated 448/500
[reader] generated 450/500
[reader] generated 452/500
[reader] generated 454/500
[reader] generated 456/500
[reader] generated 458/500
[reader] generated 460/500
[reader] generated 462/500
[reader] generated 464/500
[reader] generated 466/500
[reader] generated 468/500
[reader] generated 470/500
[reader] generated 472/500
[reader] generated 474/500
[reader] generated 476/500
[reader] generated 478/500
[reader] generated 480/500
[reader] generated 482/500
[reader] generated 484/500
[reader] generated 486/500
[reader] generated 488/500
[reader] generated 490/500
[reader] generated 492/500
[reader] generated 494/500
[reader] generated 496/500
[reader] generated 498/500
[reader] generated 500/500
[density] policy=chunk_focused_224, router_type=fixed, representation=chunk, packer=focused, reader_model=Qwen/Qwen2.5-3B-Instruct, packed_token_budget=224, recall@1=0.438, all_gold@1=0.0, recall@2=0.723, all_gold@2=0.498, recall@5=0.874, all_gold@5=0.758, qwen_em=0.352, qwen_f1=0.4431, avg_reader_evidence_tokens=215.01, mean_ans_in_context=0.696, mean_gold_token_density=0.4268, mean_gold_doc_reader_cov=0.803, mean_all_gold_reader=0.636, mean_distractor_docs=2.266, mean_context_tokens=215.01, mean_n_snippets=4.382
[density] materializing policy=chunk_mmr_224
[density] generating policy=chunk_mmr_224
[reader] generated 2/500
[reader] generated 4/500
[reader] generated 6/500
[reader] generated 8/500
[reader] generated 10/500
[reader] generated 12/500
[reader] generated 14/500
[reader] generated 16/500
[reader] generated 18/500
[reader] generated 20/500
[reader] generated 22/500
[reader] generated 24/500
[reader] generated 26/500
[reader] generated 28/500
[reader] generated 30/500
[reader] generated 32/500
[reader] generated 34/500
[reader] generated 36/500
[reader] generated 38/500
[reader] generated 40/500
[reader] generated 42/500
[reader] generated 44/500
[reader] generated 46/500
[reader] generated 48/500
[reader] generated 50/500
[reader] generated 52/500
[reader] generated 54/500
[reader] generated 56/500
[reader] generated 58/500
[reader] generated 60/500
[reader] generated 62/500
[reader] generated 64/500
[reader] generated 66/500
[reader] generated 68/500
[reader] generated 70/500
[reader] generated 72/500
[reader] generated 74/500
[reader] generated 76/500
[reader] generated 78/500
[reader] generated 80/500
[reader] generated 82/500
[reader] generated 84/500
[reader] generated 86/500
[reader] generated 88/500
[reader] generated 90/500
[reader] generated 92/500
[reader] generated 94/500
[reader] generated 96/500
[reader] generated 98/500
[reader] generated 100/500
[reader] generated 102/500
[reader] generated 104/500
[reader] generated 106/500
[reader] generated 108/500
[reader] generated 110/500
[reader] generated 112/500
[reader] generated 114/500
[reader] generated 116/500
[reader] generated 118/500
[reader] generated 120/500
[reader] generated 122/500
[reader] generated 124/500
[reader] generated 126/500
[reader] generated 128/500
[reader] generated 130/500
[reader] generated 132/500
[reader] generated 134/500
[reader] generated 136/500
[reader] generated 138/500
[reader] generated 140/500
[reader] generated 142/500
[reader] generated 144/500
[reader] generated 146/500
[reader] generated 148/500
[reader] generated 150/500
[reader] generated 152/500
[reader] generated 154/500
[reader] generated 156/500
[reader] generated 158/500
[reader] generated 160/500
[reader] generated 162/500
[reader] generated 164/500
[reader] generated 166/500
[reader] generated 168/500
[reader] generated 170/500
[reader] generated 172/500
[reader] generated 174/500
[reader] generated 176/500
[reader] generated 178/500
[reader] generated 180/500
[reader] generated 182/500
[reader] generated 184/500
[reader] generated 186/500
[reader] generated 188/500
[reader] generated 190/500
[reader] generated 192/500
[reader] generated 194/500
[reader] generated 196/500
[reader] generated 198/500
[reader] generated 200/500
[reader] generated 202/500
[reader] generated 204/500
[reader] generated 206/500
[reader] generated 208/500
[reader] generated 210/500
[reader] generated 212/500
[reader] generated 214/500
[reader] generated 216/500
[reader] generated 218/500
[reader] generated 220/500
[reader] generated 222/500
[reader] generated 224/500
[reader] generated 226/500
[reader] generated 228/500
[reader] generated 230/500
[reader] generated 232/500
[reader] generated 234/500
[reader] generated 236/500
[reader] generated 238/500
[reader] generated 240/500
[reader] generated 242/500
[reader] generated 244/500
[reader] generated 246/500
[reader] generated 248/500
[reader] generated 250/500
[reader] generated 252/500
[reader] generated 254/500
[reader] generated 256/500
[reader] generated 258/500
[reader] generated 260/500
[reader] generated 262/500
[reader] generated 264/500
[reader] generated 266/500
[reader] generated 268/500
[reader] generated 270/500
[reader] generated 272/500
[reader] generated 274/500
[reader] generated 276/500
[reader] generated 278/500
[reader] generated 280/500
[reader] generated 282/500
[reader] generated 284/500
[reader] generated 286/500
[reader] generated 288/500
[reader] generated 290/500
[reader] generated 292/500
[reader] generated 294/500
[reader] generated 296/500
[reader] generated 298/500
[reader] generated 300/500
[reader] generated 302/500
[reader] generated 304/500
[reader] generated 306/500
[reader] generated 308/500
[reader] generated 310/500
[reader] generated 312/500
[reader] generated 314/500
[reader] generated 316/500
[reader] generated 318/500
[reader] generated 320/500
[reader] generated 322/500
[reader] generated 324/500
[reader] generated 326/500
[reader] generated 328/500
[reader] generated 330/500
[reader] generated 332/500
[reader] generated 334/500
[reader] generated 336/500
[reader] generated 338/500
[reader] generated 340/500
[reader] generated 342/500
[reader] generated 344/500
[reader] generated 346/500
[reader] generated 348/500
[reader] generated 350/500
[reader] generated 352/500
[reader] generated 354/500
[reader] generated 356/500
[reader] generated 358/500
[reader] generated 360/500
[reader] generated 362/500
[reader] generated 364/500
[reader] generated 366/500
[reader] generated 368/500
[reader] generated 370/500
[reader] generated 372/500
[reader] generated 374/500
[reader] generated 376/500
[reader] generated 378/500
[reader] generated 380/500
[reader] generated 382/500
[reader] generated 384/500
[reader] generated 386/500
[reader] generated 388/500
[reader] generated 390/500
[reader] generated 392/500
[reader] generated 394/500
[reader] generated 396/500
[reader] generated 398/500
[reader] generated 400/500
[reader] generated 402/500
[reader] generated 404/500
[reader] generated 406/500
[reader] generated 408/500
[reader] generated 410/500
[reader] generated 412/500
[reader] generated 414/500
[reader] generated 416/500
[reader] generated 418/500
[reader] generated 420/500
[reader] generated 422/500
[reader] generated 424/500
[reader] generated 426/500
[reader] generated 428/500
[reader] generated 430/500
[reader] generated 432/500
[reader] generated 434/500
[reader] generated 436/500
[reader] generated 438/500
[reader] generated 440/500
[reader] generated 442/500
[reader] generated 444/500
[reader] generated 446/500
[reader] generated 448/500
[reader] generated 450/500
[reader] generated 452/500
[reader] generated 454/500
[reader] generated 456/500
[reader] generated 458/500
[reader] generated 460/500
[reader] generated 462/500
[reader] generated 464/500
[reader] generated 466/500
[reader] generated 468/500
[reader] generated 470/500
[reader] generated 472/500
[reader] generated 474/500
[reader] generated 476/500
[reader] generated 478/500
[reader] generated 480/500
[reader] generated 482/500
[reader] generated 484/500
[reader] generated 486/500
[reader] generated 488/500
[reader] generated 490/500
[reader] generated 492/500
[reader] generated 494/500
[reader] generated 496/500
[reader] generated 498/500
[reader] generated 500/500
[density] policy=chunk_mmr_224, router_type=fixed, representation=chunk, packer=mmr, reader_model=Qwen/Qwen2.5-3B-Instruct, packed_token_budget=224, recall@1=0.438, all_gold@1=0.0, recall@2=0.723, all_gold@2=0.498, recall@5=0.874, all_gold@5=0.758, qwen_em=0.354, qwen_f1=0.4484, avg_reader_evidence_tokens=214.85, mean_ans_in_context=0.676, mean_gold_token_density=0.4478, mean_gold_doc_reader_cov=0.772, mean_all_gold_reader=0.584, mean_distractor_docs=2.08, mean_context_tokens=214.852, mean_n_snippets=4.46
[density] materializing policy=chunk_submod_224
[density] generating policy=chunk_submod_224
[reader] generated 2/500
[reader] generated 4/500
[reader] generated 6/500
[reader] generated 8/500
[reader] generated 10/500
[reader] generated 12/500
[reader] generated 14/500
[reader] generated 16/500
[reader] generated 18/500
[reader] generated 20/500
[reader] generated 22/500
[reader] generated 24/500
[reader] generated 26/500
[reader] generated 28/500
[reader] generated 30/500
[reader] generated 32/500
[reader] generated 34/500
[reader] generated 36/500
[reader] generated 38/500
[reader] generated 40/500
[reader] generated 42/500
[reader] generated 44/500
[reader] generated 46/500
[reader] generated 48/500
[reader] generated 50/500
[reader] generated 52/500
[reader] generated 54/500
[reader] generated 56/500
[reader] generated 58/500
[reader] generated 60/500
[reader] generated 62/500
[reader] generated 64/500
[reader] generated 66/500
[reader] generated 68/500
[reader] generated 70/500
[reader] generated 72/500
[reader] generated 74/500
[reader] generated 76/500
[reader] generated 78/500
[reader] generated 80/500
[reader] generated 82/500
[reader] generated 84/500
[reader] generated 86/500
[reader] generated 88/500
[reader] generated 90/500
[reader] generated 92/500
[reader] generated 94/500
[reader] generated 96/500
[reader] generated 98/500
[reader] generated 100/500
[reader] generated 102/500
[reader] generated 104/500
[reader] generated 106/500
[reader] generated 108/500
[reader] generated 110/500
[reader] generated 112/500
[reader] generated 114/500
[reader] generated 116/500
[reader] generated 118/500
[reader] generated 120/500
[reader] generated 122/500
[reader] generated 124/500
[reader] generated 126/500
[reader] generated 128/500
[reader] generated 130/500
[reader] generated 132/500
[reader] generated 134/500
[reader] generated 136/500
[reader] generated 138/500
[reader] generated 140/500
[reader] generated 142/500
[reader] generated 144/500
[reader] generated 146/500
[reader] generated 148/500
[reader] generated 150/500
[reader] generated 152/500
[reader] generated 154/500
[reader] generated 156/500
[reader] generated 158/500
[reader] generated 160/500
[reader] generated 162/500
[reader] generated 164/500
[reader] generated 166/500
[reader] generated 168/500
[reader] generated 170/500
[reader] generated 172/500
[reader] generated 174/500
[reader] generated 176/500
[reader] generated 178/500
[reader] generated 180/500
[reader] generated 182/500
[reader] generated 184/500
[reader] generated 186/500
[reader] generated 188/500
[reader] generated 190/500
[reader] generated 192/500
[reader] generated 194/500
[reader] generated 196/500
[reader] generated 198/500
[reader] generated 200/500
[reader] generated 202/500
[reader] generated 204/500
[reader] generated 206/500
[reader] generated 208/500
[reader] generated 210/500
[reader] generated 212/500
[reader] generated 214/500
[reader] generated 216/500
[reader] generated 218/500
[reader] generated 220/500
[reader] generated 222/500
[reader] generated 224/500
[reader] generated 226/500
[reader] generated 228/500
[reader] generated 230/500
[reader] generated 232/500
[reader] generated 234/500
[reader] generated 236/500
[reader] generated 238/500
[reader] generated 240/500
[reader] generated 242/500
[reader] generated 244/500
[reader] generated 246/500
[reader] generated 248/500
[reader] generated 250/500
[reader] generated 252/500
[reader] generated 254/500
[reader] generated 256/500
[reader] generated 258/500
[reader] generated 260/500
[reader] generated 262/500
[reader] generated 264/500
[reader] generated 266/500
[reader] generated 268/500
[reader] generated 270/500
[reader] generated 272/500
[reader] generated 274/500
[reader] generated 276/500
[reader] generated 278/500
[reader] generated 280/500
[reader] generated 282/500
[reader] generated 284/500
[reader] generated 286/500
[reader] generated 288/500
[reader] generated 290/500
[reader] generated 292/500
[reader] generated 294/500
[reader] generated 296/500
[reader] generated 298/500
[reader] generated 300/500
[reader] generated 302/500
[reader] generated 304/500
[reader] generated 306/500
[reader] generated 308/500
[reader] generated 310/500
[reader] generated 312/500
[reader] generated 314/500
[reader] generated 316/500
[reader] generated 318/500
[reader] generated 320/500
[reader] generated 322/500
[reader] generated 324/500
[reader] generated 326/500
[reader] generated 328/500
[reader] generated 330/500
[reader] generated 332/500
[reader] generated 334/500
[reader] generated 336/500
[reader] generated 338/500
[reader] generated 340/500
[reader] generated 342/500
[reader] generated 344/500
[reader] generated 346/500
[reader] generated 348/500
[reader] generated 350/500
[reader] generated 352/500
[reader] generated 354/500
[reader] generated 356/500
[reader] generated 358/500
[reader] generated 360/500
[reader] generated 362/500
[reader] generated 364/500
[reader] generated 366/500
[reader] generated 368/500
[reader] generated 370/500
[reader] generated 372/500
[reader] generated 374/500
[reader] generated 376/500
[reader] generated 378/500
[reader] generated 380/500
[reader] generated 382/500
[reader] generated 384/500
[reader] generated 386/500
[reader] generated 388/500
[reader] generated 390/500
[reader] generated 392/500
[reader] generated 394/500
[reader] generated 396/500
[reader] generated 398/500
[reader] generated 400/500
[reader] generated 402/500
[reader] generated 404/500
[reader] generated 406/500
[reader] generated 408/500
[reader] generated 410/500
[reader] generated 412/500
[reader] generated 414/500
[reader] generated 416/500
[reader] generated 418/500
[reader] generated 420/500
[reader] generated 422/500
[reader] generated 424/500
[reader] generated 426/500
[reader] generated 428/500
[reader] generated 430/500
[reader] generated 432/500
[reader] generated 434/500
[reader] generated 436/500
[reader] generated 438/500
[reader] generated 440/500
[reader] generated 442/500
[reader] generated 444/500
[reader] generated 446/500
[reader] generated 448/500
[reader] generated 450/500
[reader] generated 452/500
[reader] generated 454/500
[reader] generated 456/500
[reader] generated 458/500
[reader] generated 460/500
[reader] generated 462/500
[reader] generated 464/500
[reader] generated 466/500
[reader] generated 468/500
[reader] generated 470/500
[reader] generated 472/500
[reader] generated 474/500
[reader] generated 476/500
[reader] generated 478/500
[reader] generated 480/500
[reader] generated 482/500
[reader] generated 484/500
[reader] generated 486/500
[reader] generated 488/500
[reader] generated 490/500
[reader] generated 492/500
[reader] generated 494/500
[reader] generated 496/500
[reader] generated 498/500
[reader] generated 500/500
[density] policy=chunk_submod_224, router_type=fixed, representation=chunk, packer=submod, reader_model=Qwen/Qwen2.5-3B-Instruct, packed_token_budget=224, recall@1=0.438, all_gold@1=0.0, recall@2=0.723, all_gold@2=0.498, recall@5=0.874, all_gold@5=0.758, qwen_em=0.37, qwen_f1=0.4603, avg_reader_evidence_tokens=203.7, mean_ans_in_context=0.7, mean_gold_token_density=0.4197, mean_gold_doc_reader_cov=0.837, mean_all_gold_reader=0.69, mean_distractor_docs=2.738, mean_context_tokens=203.704, mean_n_snippets=6.044
[density] materializing policy=ace_focused_224
[density] generating policy=ace_focused_224
[reader] generated 2/500
[reader] generated 4/500
[reader] generated 6/500
[reader] generated 8/500
[reader] generated 10/500
[reader] generated 12/500
[reader] generated 14/500
[reader] generated 16/500
[reader] generated 18/500
[reader] generated 20/500
[reader] generated 22/500
[reader] generated 24/500
[reader] generated 26/500
[reader] generated 28/500
[reader] generated 30/500
[reader] generated 32/500
[reader] generated 34/500
[reader] generated 36/500
[reader] generated 38/500
[reader] generated 40/500
[reader] generated 42/500
[reader] generated 44/500
[reader] generated 46/500
[reader] generated 48/500
[reader] generated 50/500
[reader] generated 52/500
[reader] generated 54/500
[reader] generated 56/500
[reader] generated 58/500
[reader] generated 60/500
[reader] generated 62/500
[reader] generated 64/500
[reader] generated 66/500
[reader] generated 68/500
[reader] generated 70/500
[reader] generated 72/500
[reader] generated 74/500
[reader] generated 76/500
[reader] generated 78/500
[reader] generated 80/500
[reader] generated 82/500
[reader] generated 84/500
[reader] generated 86/500
[reader] generated 88/500
[reader] generated 90/500
[reader] generated 92/500
[reader] generated 94/500
[reader] generated 96/500
[reader] generated 98/500
[reader] generated 100/500
[reader] generated 102/500
[reader] generated 104/500
[reader] generated 106/500
[reader] generated 108/500
[reader] generated 110/500
[reader] generated 112/500
[reader] generated 114/500
[reader] generated 116/500
[reader] generated 118/500
[reader] generated 120/500
[reader] generated 122/500
[reader] generated 124/500
[reader] generated 126/500
[reader] generated 128/500
[reader] generated 130/500
[reader] generated 132/500
[reader] generated 134/500
[reader] generated 136/500
[reader] generated 138/500
[reader] generated 140/500
[reader] generated 142/500
[reader] generated 144/500
[reader] generated 146/500
[reader] generated 148/500
[reader] generated 150/500
[reader] generated 152/500
[reader] generated 154/500
[reader] generated 156/500
[reader] generated 158/500
[reader] generated 160/500
[reader] generated 162/500
[reader] generated 164/500
[reader] generated 166/500
[reader] generated 168/500
[reader] generated 170/500
[reader] generated 172/500
[reader] generated 174/500
[reader] generated 176/500
[reader] generated 178/500
[reader] generated 180/500
[reader] generated 182/500
[reader] generated 184/500
[reader] generated 186/500
[reader] generated 188/500
[reader] generated 190/500
[reader] generated 192/500
[reader] generated 194/500
[reader] generated 196/500
[reader] generated 198/500
[reader] generated 200/500
[reader] generated 202/500
[reader] generated 204/500
[reader] generated 206/500
[reader] generated 208/500
[reader] generated 210/500
[reader] generated 212/500
[reader] generated 214/500
[reader] generated 216/500
[reader] generated 218/500
[reader] generated 220/500
[reader] generated 222/500
[reader] generated 224/500
[reader] generated 226/500
[reader] generated 228/500
[reader] generated 230/500
[reader] generated 232/500
[reader] generated 234/500
[reader] generated 236/500
[reader] generated 238/500
[reader] generated 240/500
[reader] generated 242/500
[reader] generated 244/500
[reader] generated 246/500
[reader] generated 248/500
[reader] generated 250/500
[reader] generated 252/500
[reader] generated 254/500
[reader] generated 256/500
[reader] generated 258/500
[reader] generated 260/500
[reader] generated 262/500
[reader] generated 264/500
[reader] generated 266/500
[reader] generated 268/500
[reader] generated 270/500
[reader] generated 272/500
[reader] generated 274/500
[reader] generated 276/500
[reader] generated 278/500
[reader] generated 280/500
[reader] generated 282/500
[reader] generated 284/500
[reader] generated 286/500
[reader] generated 288/500
[reader] generated 290/500
[reader] generated 292/500
[reader] generated 294/500
[reader] generated 296/500
[reader] generated 298/500
[reader] generated 300/500
[reader] generated 302/500
[reader] generated 304/500
[reader] generated 306/500
[reader] generated 308/500
[reader] generated 310/500
[reader] generated 312/500
[reader] generated 314/500
[reader] generated 316/500
[reader] generated 318/500
[reader] generated 320/500
[reader] generated 322/500
[reader] generated 324/500
[reader] generated 326/500
[reader] generated 328/500
[reader] generated 330/500
[reader] generated 332/500
[reader] generated 334/500
[reader] generated 336/500
[reader] generated 338/500
[reader] generated 340/500
[reader] generated 342/500
[reader] generated 344/500
[reader] generated 346/500
[reader] generated 348/500
[reader] generated 350/500
[reader] generated 352/500
[reader] generated 354/500
[reader] generated 356/500
[reader] generated 358/500
[reader] generated 360/500
[reader] generated 362/500
[reader] generated 364/500
[reader] generated 366/500
[reader] generated 368/500
[reader] generated 370/500
[reader] generated 372/500
[reader] generated 374/500
[reader] generated 376/500
[reader] generated 378/500
[reader] generated 380/500
[reader] generated 382/500
[reader] generated 384/500
[reader] generated 386/500
[reader] generated 388/500
[reader] generated 390/500
[reader] generated 392/500
[reader] generated 394/500
[reader] generated 396/500
[reader] generated 398/500
[reader] generated 400/500
[reader] generated 402/500
[reader] generated 404/500
[reader] generated 406/500
[reader] generated 408/500
[reader] generated 410/500
[reader] generated 412/500
[reader] generated 414/500
[reader] generated 416/500
[reader] generated 418/500
[reader] generated 420/500
[reader] generated 422/500
[reader] generated 424/500
[reader] generated 426/500
[reader] generated 428/500
[reader] generated 430/500
[reader] generated 432/500
[reader] generated 434/500
[reader] generated 436/500
[reader] generated 438/500
[reader] generated 440/500
[reader] generated 442/500
[reader] generated 444/500
[reader] generated 446/500
[reader] generated 448/500
[reader] generated 450/500
[reader] generated 452/500
[reader] generated 454/500
[reader] generated 456/500
[reader] generated 458/500
[reader] generated 460/500
[reader] generated 462/500
[reader] generated 464/500
[reader] generated 466/500
[reader] generated 468/500
[reader] generated 470/500
[reader] generated 472/500
[reader] generated 474/500
[reader] generated 476/500
[reader] generated 478/500
[reader] generated 480/500
[reader] generated 482/500
[reader] generated 484/500
[reader] generated 486/500
[reader] generated 488/500
[reader] generated 490/500
[reader] generated 492/500
[reader] generated 494/500
[reader] generated 496/500
[reader] generated 498/500
[reader] generated 500/500
[density] policy=ace_focused_224, router_type=fixed, representation=ace, packer=focused, reader_model=Qwen/Qwen2.5-3B-Instruct, packed_token_budget=224, recall@1=0.419, all_gold@1=0.0, recall@2=0.677, all_gold@2=0.422, recall@5=0.859, all_gold@5=0.726, qwen_em=0.338, qwen_f1=0.4453, avg_reader_evidence_tokens=212.89, mean_ans_in_context=0.698, mean_gold_token_density=0.3932, mean_gold_doc_reader_cov=0.829, mean_all_gold_reader=0.67, mean_distractor_docs=2.818, mean_context_tokens=212.892, mean_n_snippets=5.466
[density] materializing policy=ace_mmr_224
[density] generating policy=ace_mmr_224
[reader] generated 2/500
[reader] generated 4/500
[reader] generated 6/500
[reader] generated 8/500
[reader] generated 10/500
[reader] generated 12/500
[reader] generated 14/500
[reader] generated 16/500
[reader] generated 18/500
[reader] generated 20/500
[reader] generated 22/500
[reader] generated 24/500
[reader] generated 26/500
[reader] generated 28/500
[reader] generated 30/500
[reader] generated 32/500
[reader] generated 34/500
[reader] generated 36/500
[reader] generated 38/500
[reader] generated 40/500
[reader] generated 42/500
[reader] generated 44/500
[reader] generated 46/500
[reader] generated 48/500
[reader] generated 50/500
[reader] generated 52/500
[reader] generated 54/500
[reader] generated 56/500
[reader] generated 58/500
[reader] generated 60/500
[reader] generated 62/500
[reader] generated 64/500
[reader] generated 66/500
[reader] generated 68/500
[reader] generated 70/500
[reader] generated 72/500
[reader] generated 74/500
[reader] generated 76/500
[reader] generated 78/500
[reader] generated 80/500
[reader] generated 82/500
[reader] generated 84/500
[reader] generated 86/500
[reader] generated 88/500
[reader] generated 90/500
[reader] generated 92/500
[reader] generated 94/500
[reader] generated 96/500
[reader] generated 98/500
[reader] generated 100/500
[reader] generated 102/500
[reader] generated 104/500
[reader] generated 106/500
[reader] generated 108/500
[reader] generated 110/500
[reader] generated 112/500
[reader] generated 114/500
[reader] generated 116/500
[reader] generated 118/500
[reader] generated 120/500
[reader] generated 122/500
[reader] generated 124/500
[reader] generated 126/500
[reader] generated 128/500
[reader] generated 130/500
[reader] generated 132/500
[reader] generated 134/500
[reader] generated 136/500
[reader] generated 138/500
[reader] generated 140/500
[reader] generated 142/500
[reader] generated 144/500
[reader] generated 146/500
[reader] generated 148/500
[reader] generated 150/500
[reader] generated 152/500
[reader] generated 154/500
[reader] generated 156/500
[reader] generated 158/500
[reader] generated 160/500
[reader] generated 162/500
[reader] generated 164/500
[reader] generated 166/500
[reader] generated 168/500
[reader] generated 170/500
[reader] generated 172/500
[reader] generated 174/500
[reader] generated 176/500
[reader] generated 178/500
[reader] generated 180/500
[reader] generated 182/500
[reader] generated 184/500
[reader] generated 186/500
[reader] generated 188/500
[reader] generated 190/500
[reader] generated 192/500
[reader] generated 194/500
[reader] generated 196/500
[reader] generated 198/500
[reader] generated 200/500
[reader] generated 202/500
[reader] generated 204/500
[reader] generated 206/500
[reader] generated 208/500
[reader] generated 210/500
[reader] generated 212/500
[reader] generated 214/500
[reader] generated 216/500
[reader] generated 218/500
[reader] generated 220/500
[reader] generated 222/500
[reader] generated 224/500
[reader] generated 226/500
[reader] generated 228/500
[reader] generated 230/500
[reader] generated 232/500
[reader] generated 234/500
[reader] generated 236/500
[reader] generated 238/500
[reader] generated 240/500
[reader] generated 242/500
[reader] generated 244/500
[reader] generated 246/500
[reader] generated 248/500
[reader] generated 250/500
[reader] generated 252/500
[reader] generated 254/500
[reader] generated 256/500
[reader] generated 258/500
[reader] generated 260/500
[reader] generated 262/500
[reader] generated 264/500
[reader] generated 266/500
[reader] generated 268/500
[reader] generated 270/500
[reader] generated 272/500
[reader] generated 274/500
[reader] generated 276/500
[reader] generated 278/500
[reader] generated 280/500
[reader] generated 282/500
[reader] generated 284/500
[reader] generated 286/500
[reader] generated 288/500
[reader] generated 290/500
[reader] generated 292/500
[reader] generated 294/500
[reader] generated 296/500
[reader] generated 298/500
[reader] generated 300/500
[reader] generated 302/500
[reader] generated 304/500
[reader] generated 306/500
[reader] generated 308/500
[reader] generated 310/500
[reader] generated 312/500
[reader] generated 314/500
[reader] generated 316/500
[reader] generated 318/500
[reader] generated 320/500
[reader] generated 322/500
[reader] generated 324/500
[reader] generated 326/500
[reader] generated 328/500
[reader] generated 330/500
[reader] generated 332/500
[reader] generated 334/500
[reader] generated 336/500
[reader] generated 338/500
[reader] generated 340/500
[reader] generated 342/500
[reader] generated 344/500
[reader] generated 346/500
[reader] generated 348/500
[reader] generated 350/500
[reader] generated 352/500
[reader] generated 354/500
[reader] generated 356/500
[reader] generated 358/500
[reader] generated 360/500
[reader] generated 362/500
[reader] generated 364/500
[reader] generated 366/500
[reader] generated 368/500
[reader] generated 370/500
[reader] generated 372/500
[reader] generated 374/500
[reader] generated 376/500
[reader] generated 378/500
[reader] generated 380/500
[reader] generated 382/500
[reader] generated 384/500
[reader] generated 386/500
[reader] generated 388/500
[reader] generated 390/500
[reader] generated 392/500
[reader] generated 394/500
[reader] generated 396/500
[reader] generated 398/500
[reader] generated 400/500
[reader] generated 402/500
[reader] generated 404/500
[reader] generated 406/500
[reader] generated 408/500
[reader] generated 410/500
[reader] generated 412/500
[reader] generated 414/500
[reader] generated 416/500
[reader] generated 418/500
[reader] generated 420/500
[reader] generated 422/500
[reader] generated 424/500
[reader] generated 426/500
[reader] generated 428/500
[reader] generated 430/500
[reader] generated 432/500
[reader] generated 434/500
[reader] generated 436/500
[reader] generated 438/500
[reader] generated 440/500
[reader] generated 442/500
[reader] generated 444/500
[reader] generated 446/500
[reader] generated 448/500
[reader] generated 450/500
[reader] generated 452/500
[reader] generated 454/500
[reader] generated 456/500
[reader] generated 458/500
[reader] generated 460/500
[reader] generated 462/500
[reader] generated 464/500
[reader] generated 466/500
[reader] generated 468/500
[reader] generated 470/500
[reader] generated 472/500
[reader] generated 474/500
[reader] generated 476/500
[reader] generated 478/500
[reader] generated 480/500
[reader] generated 482/500
[reader] generated 484/500
[reader] generated 486/500
[reader] generated 488/500
[reader] generated 490/500
[reader] generated 492/500
[reader] generated 494/500
[reader] generated 496/500
[reader] generated 498/500
[reader] generated 500/500
[density] policy=ace_mmr_224, router_type=fixed, representation=ace, packer=mmr, reader_model=Qwen/Qwen2.5-3B-Instruct, packed_token_budget=224, recall@1=0.419, all_gold@1=0.0, recall@2=0.677, all_gold@2=0.422, recall@5=0.859, all_gold@5=0.726, qwen_em=0.324, qwen_f1=0.429, avg_reader_evidence_tokens=211.99, mean_ans_in_context=0.678, mean_gold_token_density=0.4126, mean_gold_doc_reader_cov=0.813, mean_all_gold_reader=0.644, mean_distractor_docs=2.658, mean_context_tokens=211.992, mean_n_snippets=5.516
[density] materializing policy=ace_submod_224
[density] generating policy=ace_submod_224
[reader] generated 2/500
[reader] generated 4/500
[reader] generated 6/500
[reader] generated 8/500
[reader] generated 10/500
[reader] generated 12/500
[reader] generated 14/500
[reader] generated 16/500
[reader] generated 18/500
[reader] generated 20/500
[reader] generated 22/500
[reader] generated 24/500
[reader] generated 26/500
[reader] generated 28/500
[reader] generated 30/500
[reader] generated 32/500
[reader] generated 34/500
[reader] generated 36/500
[reader] generated 38/500
[reader] generated 40/500
[reader] generated 42/500
[reader] generated 44/500
[reader] generated 46/500
[reader] generated 48/500
[reader] generated 50/500
[reader] generated 52/500
[reader] generated 54/500
[reader] generated 56/500
[reader] generated 58/500
[reader] generated 60/500
[reader] generated 62/500
[reader] generated 64/500
[reader] generated 66/500
[reader] generated 68/500
[reader] generated 70/500
[reader] generated 72/500
[reader] generated 74/500
[reader] generated 76/500
[reader] generated 78/500
[reader] generated 80/500
[reader] generated 82/500
[reader] generated 84/500
[reader] generated 86/500
[reader] generated 88/500
[reader] generated 90/500
[reader] generated 92/500
[reader] generated 94/500
[reader] generated 96/500
[reader] generated 98/500
[reader] generated 100/500
[reader] generated 102/500
[reader] generated 104/500
[reader] generated 106/500
[reader] generated 108/500
[reader] generated 110/500
[reader] generated 112/500
[reader] generated 114/500
[reader] generated 116/500
[reader] generated 118/500
[reader] generated 120/500
[reader] generated 122/500
[reader] generated 124/500
[reader] generated 126/500
[reader] generated 128/500
[reader] generated 130/500
[reader] generated 132/500
[reader] generated 134/500
[reader] generated 136/500
[reader] generated 138/500
[reader] generated 140/500
[reader] generated 142/500
[reader] generated 144/500
[reader] generated 146/500
[reader] generated 148/500
[reader] generated 150/500
[reader] generated 152/500
[reader] generated 154/500
[reader] generated 156/500
[reader] generated 158/500
[reader] generated 160/500
[reader] generated 162/500
[reader] generated 164/500
[reader] generated 166/500
[reader] generated 168/500
[reader] generated 170/500
[reader] generated 172/500
[reader] generated 174/500
[reader] generated 176/500
[reader] generated 178/500
[reader] generated 180/500
[reader] generated 182/500
[reader] generated 184/500
[reader] generated 186/500
[reader] generated 188/500
[reader] generated 190/500
[reader] generated 192/500
[reader] generated 194/500
[reader] generated 196/500
[reader] generated 198/500
[reader] generated 200/500
[reader] generated 202/500
[reader] generated 204/500
[reader] generated 206/500
[reader] generated 208/500
[reader] generated 210/500
[reader] generated 212/500
[reader] generated 214/500
[reader] generated 216/500
[reader] generated 218/500
[reader] generated 220/500
[reader] generated 222/500
[reader] generated 224/500
[reader] generated 226/500
[reader] generated 228/500
[reader] generated 230/500
[reader] generated 232/500
[reader] generated 234/500
[reader] generated 236/500
[reader] generated 238/500
[reader] generated 240/500
[reader] generated 242/500
[reader] generated 244/500
[reader] generated 246/500
[reader] generated 248/500
[reader] generated 250/500
[reader] generated 252/500
[reader] generated 254/500
[reader] generated 256/500
[reader] generated 258/500
[reader] generated 260/500
[reader] generated 262/500
[reader] generated 264/500
[reader] generated 266/500
[reader] generated 268/500
[reader] generated 270/500
[reader] generated 272/500
[reader] generated 274/500
[reader] generated 276/500
[reader] generated 278/500
[reader] generated 280/500
[reader] generated 282/500
[reader] generated 284/500
[reader] generated 286/500
[reader] generated 288/500
[reader] generated 290/500
[reader] generated 292/500
[reader] generated 294/500
[reader] generated 296/500
[reader] generated 298/500
[reader] generated 300/500
[reader] generated 302/500
[reader] generated 304/500
[reader] generated 306/500
[reader] generated 308/500
[reader] generated 310/500
[reader] generated 312/500
[reader] generated 314/500
[reader] generated 316/500
[reader] generated 318/500
[reader] generated 320/500
[reader] generated 322/500
[reader] generated 324/500
[reader] generated 326/500
[reader] generated 328/500
[reader] generated 330/500
[reader] generated 332/500
[reader] generated 334/500
[reader] generated 336/500
[reader] generated 338/500
[reader] generated 340/500
[reader] generated 342/500
[reader] generated 344/500
[reader] generated 346/500
[reader] generated 348/500
[reader] generated 350/500
[reader] generated 352/500
[reader] generated 354/500
[reader] generated 356/500
[reader] generated 358/500
[reader] generated 360/500
[reader] generated 362/500
[reader] generated 364/500
[reader] generated 366/500
[reader] generated 368/500
[reader] generated 370/500
[reader] generated 372/500
[reader] generated 374/500
[reader] generated 376/500
[reader] generated 378/500
[reader] generated 380/500
[reader] generated 382/500
[reader] generated 384/500
[reader] generated 386/500
[reader] generated 388/500
[reader] generated 390/500
[reader] generated 392/500
[reader] generated 394/500
[reader] generated 396/500
[reader] generated 398/500
[reader] generated 400/500
[reader] generated 402/500
[reader] generated 404/500
[reader] generated 406/500
[reader] generated 408/500
[reader] generated 410/500
[reader] generated 412/500
[reader] generated 414/500
[reader] generated 416/500
[reader] generated 418/500
[reader] generated 420/500
[reader] generated 422/500
[reader] generated 424/500
[reader] generated 426/500
[reader] generated 428/500
[reader] generated 430/500
[reader] generated 432/500
[reader] generated 434/500
[reader] generated 436/500
[reader] generated 438/500
[reader] generated 440/500
[reader] generated 442/500
[reader] generated 444/500
[reader] generated 446/500
[reader] generated 448/500
[reader] generated 450/500
[reader] generated 452/500
[reader] generated 454/500
[reader] generated 456/500
[reader] generated 458/500
[reader] generated 460/500
[reader] generated 462/500
[reader] generated 464/500
[reader] generated 466/500
[reader] generated 468/500
[reader] generated 470/500
[reader] generated 472/500
[reader] generated 474/500
[reader] generated 476/500
[reader] generated 478/500
[reader] generated 480/500
[reader] generated 482/500
[reader] generated 484/500
[reader] generated 486/500
[reader] generated 488/500
[reader] generated 490/500
[reader] generated 492/500
[reader] generated 494/500
[reader] generated 496/500
[reader] generated 498/500
[reader] generated 500/500
[density] policy=ace_submod_224, router_type=fixed, representation=ace, packer=submod, reader_model=Qwen/Qwen2.5-3B-Instruct, packed_token_budget=224, recall@1=0.419, all_gold@1=0.0, recall@2=0.677, all_gold@2=0.422, recall@5=0.859, all_gold@5=0.726, qwen_em=0.346, qwen_f1=0.4499, avg_reader_evidence_tokens=208.01, mean_ans_in_context=0.674, mean_gold_token_density=0.3848, mean_gold_doc_reader_cov=0.818, mean_all_gold_reader=0.65, mean_distractor_docs=2.834, mean_context_tokens=208.01, mean_n_snippets=6.082
[density] policy=router_oracle_packer, router_type=oracle, representation=mixed, packer=oracle, reader_model=Qwen/Qwen2.5-3B-Instruct, packed_token_budget=224, selection_counts={"ace_focused_224": 73, "ace_mmr_224": 37, "ace_submod_224": 81, "chunk_focused_224": 63, "chunk_mmr_224": 37, "chunk_submod_224": 209}, qwen_em=0.488, qwen_f1=0.6034, avg_reader_evidence_tokens=200.36, mean_ans_in_context=0.736, mean_gold_token_density=0.4363, mean_gold_doc_reader_cov=0.843, mean_all_gold_reader=0.706, mean_distractor_docs=2.514, mean_context_tokens=200.36, mean_n_snippets=5.412
wrote /kaggle/working/colab_results/stage6_density_packer_hotpotqa_seed42_budget224_limit500_qwen3b/hotpotqa_density_standard_budget224_limit500_metrics.csv
wrote /kaggle/working/colab_results/stage6_density_packer_hotpotqa_seed42_budget224_limit500_qwen3b/hotpotqa_density_standard_budget224_limit500_per_question.csv
[musique] no MuSiQue mount found under /kaggle/input; skipping (budget curve still ran)
=== control/main.py done: stage6 budgetcurve+musique; ok=['hotpotqa_b96', 'hotpotqa_b128', 'hotpotqa_b224'] failed=[] ===
