=== control/main.py: Stage-11 HotpotQA reader-scale ladder (stage11-hotpotqa-reader-ladder-14b-v1) ===
--- rungs=['reader7b_4bit', 'reader14b_4bit'] budget=160 limit=500 seeds=[42, 13] ---
Copied extracted project /kaggle/input/datasets/nandininandita/mydata/archive (3) to /kaggle/working/ace_rag_research_v13_analysis
$ /usr/bin/python3 -m pip install -q -r requirements-cloud.txt
     ━━━━━━━━━━━━━━━━━━━━━━━━━━━━━━━━━━━━━━━━ 44.0/44.0 kB 2.8 MB/s eta 0:00:00
   ━━━━━━━━━━━━━━━━━━━━━━━━━━━━━━━━━━━━━━━━ 566.4/566.4 kB 13.2 MB/s eta 0:00:00
   ━━━━━━━━━━━━━━━━━━━━━━━━━━━━━━━━━━━━━━━━ 12.0/12.0 MB 89.6 MB/s eta 0:00:00
   ━━━━━━━━━━━━━━━━━━━━━━━━━━━━━━━━━━━━━━━━ 12.2/12.2 MB 103.1 MB/s eta 0:00:00
ERROR: pip's dependency resolver does not currently take into account all the packages that are installed. This behaviour is the source of the following dependency conflicts.
dask-cuda 26.2.0 requires cuda-core==0.3.*, but you have cuda-core 1.0.1 which is incompatible.
dask-cuda 26.2.0 requires numba-cuda<0.23.0,>=0.22.1, but you have numba-cuda 0.30.2 which is incompatible.
distributed-ucxx-cu12 0.48.0 requires numba-cuda[cu12]<0.23.0,>=0.22.1, but you have numba-cuda 0.30.2 which is incompatible.
cuml-cu12 26.2.0 requires numba<0.62.0,>=0.60.0, but you have numba 0.65.1 which is incompatible.
cuml-cu12 26.2.0 requires numba-cuda[cu12]<0.23.0,>=0.22.1, but you have numba-cuda 0.30.2 which is incompatible.
ucxx-cu12 0.48.0 requires numba-cuda[cu12]<0.23.0,>=0.22.1, but you have numba-cuda 0.30.2 which is incompatible.
cudf-cu12 26.2.1 requires numba<0.62.0,>=0.60.0, but you have numba 0.65.1 which is incompatible.
cudf-cu12 26.2.1 requires numba-cuda[cu12]<0.23.0,>=0.22.2, but you have numba-cuda 0.30.2 which is incompatible.
$ /usr/bin/python3 -m pip install -q bitsandbytes>=0.43.0
   ━━━━━━━━━━━━━━━━━━━━━━━━━━━━━━━━━━━━━━━━ 60.7/60.7 MB 32.3 MB/s eta 0:00:00
[overlay] applied 5 file(s) to /kaggle/working/ace_rag_research_v13_analysis: ['ace_rag/context_quality.py', 'ace_rag/datasets.py', 'ace_rag/evidence_packer.py', 'ace_rag/generator.py', 'experiments/run_density_router.py']
--- ladder reader7b_4bit (Qwen/Qwen2.5-7B-Instruct) seed 42 ---
$ /usr/bin/python3 -m experiments.run_density_router --dataset hotpotqa --split validation --limit 500 --seed 42 --ace-retriever standard --top-k 5 --top-k-nodes 48 --max-expanded-docs 5 --embedder sentence-transformers --embedding-model BAAI/bge-small-en-v1.5 --embed-device cuda --compressor truncate --compress-dims 320 --reader-backend hf --reader-model Qwen/Qwen2.5-7B-Instruct --reader-device cuda --reader-load-4bit --reader-batch-size 2 --mmr-lambda 0.7 --budget 160 --out-dir /kaggle/working/colab_results/stage11_density_packer_hotpotqa_reader7b_4bit_budget160_limit500_seed42

Generating train split:   0%|          | 0/90447 [00:00<?, ? examples/s]
Generating train split:   1%|          | 1000/90447 [00:00<00:20, 4399.06 examples/s]
Generating train split:   7%|▋         | 6000/90447 [00:00<00:04, 18920.87 examples/s]
Generating train split:  11%|█         | 10000/90447 [00:00<00:03, 23969.02 examples/s]
Generating train split:  18%|█▊        | 16000/90447 [00:00<00:02, 31209.47 examples/s]
Generating train split:  23%|██▎       | 21000/90447 [00:00<00:02, 34644.64 examples/s]
Generating train split:  30%|██▉       | 27000/90447 [00:00<00:01, 36733.87 examples/s]
Generating train split:  36%|███▋      | 33000/90447 [00:01<00:01, 41008.20 examples/s]
Generating train split:  43%|████▎     | 39000/90447 [00:01<00:01, 41990.83 examples/s]
Generating train split:  49%|████▊     | 44000/90447 [00:01<00:01, 42075.31 examples/s]
Generating train split:  54%|█████▍    | 49224/90447 [00:01<00:01, 39686.36 examples/s]
Generating train split:  60%|█████▉    | 54224/90447 [00:01<00:00, 39731.09 examples/s]
Generating train split:  67%|██████▋   | 60224/90447 [00:01<00:00, 42131.32 examples/s]
Generating train split:  73%|███████▎  | 66224/90447 [00:01<00:00, 42123.85 examples/s]
Generating train split:  79%|███████▊  | 71224/90447 [00:01<00:00, 42435.86 examples/s]
Generating train split:  84%|████████▍ | 76224/90447 [00:02<00:00, 42455.86 examples/s]
Generating train split:  90%|████████▉ | 81224/90447 [00:02<00:00, 41459.11 examples/s]
Generating train split:  96%|█████████▋| 87224/90447 [00:02<00:00, 43669.05 examples/s]
Generating train split: 100%|██████████| 90447/90447 [00:02<00:00, 38472.82 examples/s]

Generating validation split:   0%|          | 0/7405 [00:00<?, ? examples/s]
Generating validation split:  54%|█████▍    | 4000/7405 [00:00<00:00, 34242.50 examples/s]
Generating validation split: 100%|██████████| 7405/7405 [00:00<00:00, 43231.04 examples/s]
hotpotqa[hf:validation:500]: 4933 docs, 500 questions, 2.00 gold docs/question
[density] retrieving chunk baseline
2026-06-29 09:56:59.052432: E external/local_xla/xla/stream_executor/cuda/cuda_fft.cc:467] Unable to register cuFFT factory: Attempting to register factory for plugin cuFFT when one has already been registered
WARNING: All log messages before absl::InitializeLog() is called are written to STDERR
E0000 00:00:1782727019.276278     137 cuda_dnn.cc:8579] Unable to register cuDNN factory: Attempting to register factory for plugin cuDNN when one has already been registered
E0000 00:00:1782727019.344642     137 cuda_blas.cc:1407] Unable to register cuBLAS factory: Attempting to register factory for plugin cuBLAS when one has already been registered
W0000 00:00:1782727019.969103     137 computation_placer.cc:177] computation placer already registered. Please check linkage and avoid linking the same target more than once.
W0000 00:00:1782727019.969173     137 computation_placer.cc:177] computation placer already registered. Please check linkage and avoid linking the same target more than once.
W0000 00:00:1782727019.969180     137 computation_placer.cc:177] computation placer already registered. Please check linkage and avoid linking the same target more than once.
W0000 00:00:1782727019.969185     137 computation_placer.cc:177] computation placer already registered. Please check linkage and avoid linking the same target more than once.
[chunk] fitting/indexing
[embed] encoding 4933 texts on device=cuda:0

Batches:   0%|          | 0/78 [00:00<?, ?it/s]
Batches:   1%|▏         | 1/78 [00:01<01:42,  1.32s/it]
Batches:   3%|▎         | 2/78 [00:01<00:59,  1.27it/s]
Batches:   4%|▍         | 3/78 [00:02<00:43,  1.72it/s]
Batches:   5%|▌         | 4/78 [00:02<00:37,  1.97it/s]
Batches:   6%|▋         | 5/78 [00:02<00:32,  2.28it/s]
Batches:   8%|▊         | 6/78 [00:03<00:27,  2.58it/s]
Batches:   9%|▉         | 7/78 [00:03<00:25,  2.82it/s]
Batches:  10%|█         | 8/78 [00:03<00:23,  3.02it/s]
Batches:  12%|█▏        | 9/78 [00:03<00:21,  3.16it/s]
Batches:  13%|█▎        | 10/78 [00:04<00:20,  3.38it/s]
Batches:  14%|█▍        | 11/78 [00:04<00:18,  3.58it/s]
Batches:  15%|█▌        | 12/78 [00:04<00:17,  3.75it/s]
Batches:  17%|█▋        | 13/78 [00:04<00:16,  3.86it/s]
Batches:  18%|█▊        | 14/78 [00:05<00:16,  3.94it/s]
Batches:  19%|█▉        | 15/78 [00:05<00:15,  4.11it/s]
Batches:  21%|██        | 16/78 [00:05<00:14,  4.24it/s]
Batches:  22%|██▏       | 17/78 [00:05<00:14,  4.28it/s]
Batches:  23%|██▎       | 18/78 [00:06<00:13,  4.41it/s]
Batches:  24%|██▍       | 19/78 [00:06<00:12,  4.68it/s]
Batches:  26%|██▌       | 20/78 [00:06<00:11,  4.91it/s]
Batches:  27%|██▋       | 21/78 [00:06<00:11,  4.79it/s]
Batches:  28%|██▊       | 22/78 [00:06<00:11,  4.89it/s]
Batches:  29%|██▉       | 23/78 [00:07<00:11,  4.83it/s]
Batches:  31%|███       | 24/78 [00:07<00:10,  5.21it/s]
Batches:  32%|███▏      | 25/78 [00:07<00:10,  5.19it/s]
Batches:  33%|███▎      | 26/78 [00:07<00:09,  5.33it/s]
Batches:  35%|███▍      | 27/78 [00:07<00:09,  5.39it/s]
Batches:  36%|███▌      | 28/78 [00:07<00:09,  5.45it/s]
Batches:  37%|███▋      | 29/78 [00:08<00:08,  5.55it/s]
Batches:  38%|███▊      | 30/78 [00:08<00:08,  5.48it/s]
Batches:  40%|███▉      | 31/78 [00:08<00:08,  5.69it/s]
Batches:  41%|████      | 32/78 [00:08<00:08,  5.71it/s]
Batches:  42%|████▏     | 33/78 [00:08<00:07,  5.74it/s]
Batches:  44%|████▎     | 34/78 [00:08<00:07,  5.67it/s]
Batches:  45%|████▍     | 35/78 [00:09<00:07,  5.86it/s]
Batches:  46%|████▌     | 36/78 [00:09<00:07,  5.99it/s]
Batches:  47%|████▋     | 37/78 [00:09<00:07,  5.82it/s]
Batches:  49%|████▊     | 38/78 [00:09<00:06,  6.08it/s]
Batches:  50%|█████     | 39/78 [00:09<00:06,  6.41it/s]
Batches:  51%|█████▏    | 40/78 [00:09<00:05,  6.52it/s]
Batches:  53%|█████▎    | 41/78 [00:09<00:05,  6.90it/s]
Batches:  54%|█████▍    | 42/78 [00:10<00:05,  6.86it/s]
Batches:  55%|█████▌    | 43/78 [00:10<00:05,  6.87it/s]
Batches:  56%|█████▋    | 44/78 [00:10<00:05,  6.74it/s]
Batches:  58%|█████▊    | 45/78 [00:10<00:04,  6.95it/s]
Batches:  59%|█████▉    | 46/78 [00:10<00:04,  7.31it/s]
Batches:  60%|██████    | 47/78 [00:10<00:04,  7.65it/s]
Batches:  62%|██████▏   | 48/78 [00:10<00:03,  7.58it/s]
Batches:  63%|██████▎   | 49/78 [00:11<00:03,  7.89it/s]
Batches:  64%|██████▍   | 50/78 [00:11<00:03,  8.21it/s]
Batches:  65%|██████▌   | 51/78 [00:11<00:03,  8.41it/s]
Batches:  67%|██████▋   | 52/78 [00:11<00:03,  8.48it/s]
Batches:  68%|██████▊   | 53/78 [00:11<00:02,  8.60it/s]
Batches:  69%|██████▉   | 54/78 [00:11<00:02,  8.63it/s]
Batches:  71%|███████   | 55/78 [00:11<00:02,  8.89it/s]
Batches:  72%|███████▏  | 56/78 [00:11<00:02,  9.10it/s]
Batches:  73%|███████▎  | 57/78 [00:11<00:02,  8.80it/s]
Batches:  74%|███████▍  | 58/78 [00:12<00:02,  9.06it/s]
Batches:  77%|███████▋  | 60/78 [00:12<00:01,  9.56it/s]
Batches:  79%|███████▉  | 62/78 [00:12<00:01,  9.95it/s]
Batches:  82%|████████▏ | 64/78 [00:12<00:01, 10.28it/s]
Batches:  85%|████████▍ | 66/78 [00:12<00:01, 10.70it/s]
Batches:  87%|████████▋ | 68/78 [00:12<00:00, 11.23it/s]
Batches:  90%|████████▉ | 70/78 [00:13<00:00, 11.57it/s]
Batches:  92%|█████████▏| 72/78 [00:13<00:00, 12.31it/s]
Batches:  95%|█████████▍| 74/78 [00:13<00:00, 13.44it/s]
Batches:  99%|█████████▊| 77/78 [00:13<00:00, 16.03it/s]
Batches: 100%|██████████| 78/78 [00:13<00:00,  5.76it/s]
[chunk] retrieving
[embed] encoding 500 texts on device=cuda:0

Batches:   0%|          | 0/8 [00:00<?, ?it/s]
Batches:  38%|███▊      | 3/8 [00:00<00:00, 27.56it/s]
Batches:  88%|████████▊ | 7/8 [00:00<00:00, 33.22it/s]
Batches: 100%|██████████| 8/8 [00:00<00:00, 34.15it/s]
[density] retrieving ACE graph
[ace] building evidence graph
[ace] graph built: nodes=49827 edges=76647
[ace] fitting/indexing embeddings
[embed] encoding 44894 texts on device=cuda:0

Batches:   0%|          | 0/702 [00:00<?, ?it/s]
Batches:   0%|          | 1/702 [00:00<05:46,  2.02it/s]
Batches:   0%|          | 2/702 [00:00<03:27,  3.37it/s]
Batches:   0%|          | 3/702 [00:00<02:28,  4.70it/s]
Batches:   1%|          | 4/702 [00:00<01:59,  5.86it/s]
Batches:   1%|          | 6/702 [00:01<01:33,  7.41it/s]
Batches:   1%|          | 8/702 [00:01<01:21,  8.50it/s]
Batches:   1%|▏         | 9/702 [00:01<01:19,  8.76it/s]
Batches:   1%|▏         | 10/702 [00:01<01:16,  9.01it/s]
Batches:   2%|▏         | 12/702 [00:01<01:15,  9.18it/s]
Batches:   2%|▏         | 14/702 [00:01<01:10,  9.70it/s]
Batches:   2%|▏         | 15/702 [00:01<01:10,  9.75it/s]
Batches:   2%|▏         | 17/702 [00:02<01:04, 10.70it/s]
Batches:   3%|▎         | 19/702 [00:02<01:01, 11.05it/s]
Batches:   3%|▎         | 21/702 [00:02<00:57, 11.80it/s]
Batches:   3%|▎         | 23/702 [00:02<00:55, 12.20it/s]
Batches:   4%|▎         | 25/702 [00:02<00:54, 12.33it/s]
Batches:   4%|▍         | 27/702 [00:02<00:54, 12.28it/s]
Batches:   4%|▍         | 29/702 [00:03<00:54, 12.34it/s]
Batches:   4%|▍         | 31/702 [00:03<00:52, 12.75it/s]
Batches:   5%|▍         | 33/702 [00:03<00:53, 12.53it/s]
Batches:   5%|▍         | 35/702 [00:03<00:52, 12.80it/s]
Batches:   5%|▌         | 37/702 [00:03<00:52, 12.62it/s]
Batches:   6%|▌         | 39/702 [00:03<00:49, 13.45it/s]
Batches:   6%|▌         | 41/702 [00:03<00:49, 13.30it/s]
Batches:   6%|▌         | 43/702 [00:04<00:46, 14.10it/s]
Batches:   6%|▋         | 45/702 [00:04<00:46, 14.28it/s]
Batches:   7%|▋         | 47/702 [00:04<00:43, 14.92it/s]
Batches:   7%|▋         | 49/702 [00:04<00:42, 15.44it/s]
Batches:   7%|▋         | 51/702 [00:04<00:42, 15.47it/s]
Batches:   8%|▊         | 53/702 [00:04<00:40, 15.86it/s]
Batches:   8%|▊         | 55/702 [00:04<00:40, 16.11it/s]
Batches:   8%|▊         | 57/702 [00:04<00:40, 15.83it/s]
Batches:   8%|▊         | 59/702 [00:05<00:39, 16.25it/s]
Batches:   9%|▊         | 61/702 [00:05<00:38, 16.77it/s]
Batches:   9%|▉         | 63/702 [00:05<00:37, 17.10it/s]
Batches:   9%|▉         | 65/702 [00:05<00:36, 17.29it/s]
Batches:  10%|▉         | 67/702 [00:05<00:35, 17.66it/s]
Batches:  10%|▉         | 69/702 [00:05<00:35, 17.75it/s]
Batches:  10%|█         | 71/702 [00:05<00:34, 18.04it/s]
Batches:  10%|█         | 73/702 [00:05<00:33, 18.51it/s]
Batches:  11%|█         | 75/702 [00:05<00:34, 18.13it/s]
Batches:  11%|█         | 77/702 [00:06<00:35, 17.37it/s]
Batches:  11%|█▏        | 79/702 [00:06<00:37, 16.77it/s]
Batches:  12%|█▏        | 82/702 [00:06<00:34, 17.91it/s]
Batches:  12%|█▏        | 84/702 [00:06<00:34, 18.05it/s]
Batches:  12%|█▏        | 87/702 [00:06<00:31, 19.26it/s]
Batches:  13%|█▎        | 89/702 [00:06<00:32, 19.16it/s]
Batches:  13%|█▎        | 91/702 [00:06<00:32, 18.95it/s]
Batches:  13%|█▎        | 94/702 [00:06<00:31, 19.30it/s]
Batches:  14%|█▎        | 96/702 [00:07<00:32, 18.51it/s]
Batches:  14%|█▍        | 99/702 [00:07<00:31, 19.24it/s]
Batches:  14%|█▍        | 101/702 [00:07<00:31, 19.29it/s]
Batches:  15%|█▍        | 104/702 [00:07<00:29, 19.99it/s]
Batches:  15%|█▌        | 107/702 [00:07<00:28, 20.55it/s]
Batches:  16%|█▌        | 110/702 [00:07<00:29, 20.31it/s]
Batches:  16%|█▌        | 113/702 [00:07<00:29, 19.94it/s]
Batches:  17%|█▋        | 116/702 [00:08<00:28, 20.51it/s]
Batches:  17%|█▋        | 119/702 [00:08<00:27, 20.95it/s]
Batches:  17%|█▋        | 122/702 [00:08<00:27, 20.88it/s]
Batches:  18%|█▊        | 125/702 [00:08<00:26, 21.42it/s]
Batches:  18%|█▊        | 128/702 [00:08<00:26, 21.43it/s]
Batches:  19%|█▊        | 131/702 [00:08<00:26, 21.93it/s]
Batches:  19%|█▉        | 134/702 [00:08<00:25, 22.27it/s]
Batches:  20%|█▉        | 137/702 [00:09<00:25, 22.45it/s]
Batches:  20%|█▉        | 140/702 [00:09<00:25, 22.16it/s]
Batches:  20%|██        | 143/702 [00:09<00:25, 22.24it/s]
Batches:  21%|██        | 146/702 [00:09<00:24, 22.46it/s]
Batches:  21%|██        | 149/702 [00:09<00:24, 22.62it/s]
Batches:  22%|██▏       | 152/702 [00:09<00:24, 22.77it/s]
Batches:  22%|██▏       | 155/702 [00:09<00:23, 22.96it/s]
Batches:  23%|██▎       | 158/702 [00:09<00:23, 23.33it/s]
Batches:  23%|██▎       | 161/702 [00:10<00:22, 23.95it/s]
Batches:  23%|██▎       | 164/702 [00:10<00:21, 24.61it/s]
Batches:  24%|██▍       | 167/702 [00:10<00:21, 24.69it/s]
Batches:  24%|██▍       | 170/702 [00:10<00:21, 24.26it/s]
Batches:  25%|██▍       | 173/702 [00:10<00:21, 24.21it/s]
Batches:  25%|██▌       | 176/702 [00:10<00:21, 24.73it/s]
Batches:  25%|██▌       | 179/702 [00:10<00:21, 24.44it/s]
Batches:  26%|██▌       | 182/702 [00:10<00:20, 24.79it/s]
Batches:  26%|██▋       | 185/702 [00:11<00:20, 25.05it/s]
Batches:  27%|██▋       | 188/702 [00:11<00:19, 25.89it/s]
Batches:  27%|██▋       | 191/702 [00:11<00:20, 25.27it/s]
Batches:  28%|██▊       | 194/702 [00:11<00:19, 25.90it/s]
Batches:  28%|██▊       | 197/702 [00:11<00:19, 26.36it/s]
Batches:  28%|██▊       | 200/702 [00:11<00:19, 26.17it/s]
Batches:  29%|██▉       | 203/702 [00:11<00:19, 26.23it/s]
Batches:  29%|██▉       | 206/702 [00:11<00:18, 27.17it/s]
Batches:  30%|██▉       | 210/702 [00:11<00:17, 27.47it/s]
Batches:  30%|███       | 213/702 [00:12<00:18, 27.12it/s]
Batches:  31%|███       | 216/702 [00:12<00:18, 26.93it/s]
Batches:  31%|███       | 219/702 [00:12<00:17, 27.46it/s]
Batches:  32%|███▏      | 223/702 [00:12<00:16, 28.33it/s]
Batches:  32%|███▏      | 226/702 [00:12<00:16, 28.33it/s]
Batches:  33%|███▎      | 229/702 [00:12<00:16, 28.69it/s]
Batches:  33%|███▎      | 232/702 [00:12<00:16, 28.90it/s]
Batches:  34%|███▎      | 236/702 [00:12<00:15, 29.62it/s]
Batches:  34%|███▍      | 240/702 [00:12<00:15, 30.18it/s]
Batches:  35%|███▍      | 244/702 [00:13<00:14, 30.60it/s]
Batches:  35%|███▌      | 248/702 [00:13<00:14, 31.16it/s]
Batches:  36%|███▌      | 252/702 [00:13<00:14, 31.03it/s]
Batches:  36%|███▋      | 256/702 [00:13<00:14, 31.40it/s]
Batches:  37%|███▋      | 260/702 [00:13<00:13, 33.18it/s]
Batches:  38%|███▊      | 264/702 [00:13<00:13, 33.04it/s]
Batches:  38%|███▊      | 268/702 [00:13<00:13, 32.42it/s]
Batches:  39%|███▊      | 272/702 [00:13<00:13, 32.24it/s]
Batches:  39%|███▉      | 276/702 [00:14<00:12, 33.60it/s]
Batches:  40%|███▉      | 280/702 [00:14<00:12, 34.31it/s]
Batches:  40%|████      | 284/702 [00:14<00:11, 34.85it/s]
Batches:  41%|████      | 288/702 [00:14<00:11, 35.64it/s]
Batches:  42%|████▏     | 292/702 [00:14<00:11, 35.89it/s]
Batches:  42%|████▏     | 297/702 [00:14<00:10, 37.74it/s]
Batches:  43%|████▎     | 302/702 [00:14<00:10, 39.29it/s]
Batches:  44%|████▎     | 307/702 [00:14<00:09, 40.95it/s]
Batches:  44%|████▍     | 312/702 [00:14<00:09, 43.27it/s]
Batches:  45%|████▌     | 317/702 [00:15<00:08, 44.88it/s]
Batches:  46%|████▌     | 323/702 [00:15<00:08, 47.00it/s]
Batches:  47%|████▋     | 329/702 [00:15<00:07, 48.95it/s]
Batches:  48%|████▊     | 335/702 [00:15<00:07, 51.95it/s]
Batches:  49%|████▊     | 342/702 [00:15<00:06, 55.51it/s]
Batches:  50%|████▉     | 349/702 [00:15<00:05, 59.17it/s]
Batches:  51%|█████     | 357/702 [00:15<00:05, 62.62it/s]
Batches:  52%|█████▏    | 365/702 [00:15<00:05, 65.27it/s]
Batches:  53%|█████▎    | 373/702 [00:15<00:04, 68.31it/s]
Batches:  54%|█████▍    | 381/702 [00:16<00:04, 71.42it/s]
Batches:  55%|█████▌    | 389/702 [00:16<00:04, 72.11it/s]
Batches:  57%|█████▋    | 397/702 [00:16<00:04, 72.93it/s]
Batches:  58%|█████▊    | 405/702 [00:16<00:04, 74.09it/s]
Batches:  59%|█████▉    | 414/702 [00:16<00:03, 77.08it/s]
Batches:  60%|██████    | 422/702 [00:16<00:03, 77.68it/s]
Batches:  61%|██████▏   | 431/702 [00:16<00:03, 78.72it/s]
Batches:  63%|██████▎   | 440/702 [00:16<00:03, 80.25it/s]
Batches:  64%|██████▍   | 449/702 [00:16<00:03, 82.04it/s]
Batches:  65%|██████▌   | 458/702 [00:16<00:02, 82.57it/s]
Batches:  67%|██████▋   | 467/702 [00:17<00:02, 82.26it/s]
Batches:  68%|██████▊   | 476/702 [00:17<00:02, 82.92it/s]
Batches:  69%|██████▉   | 485/702 [00:17<00:02, 84.58it/s]
Batches:  70%|███████   | 494/702 [00:17<00:02, 85.85it/s]
Batches:  72%|███████▏  | 504/702 [00:17<00:02, 87.49it/s]
Batches:  73%|███████▎  | 513/702 [00:17<00:02, 87.66it/s]
Batches:  75%|███████▍  | 523/702 [00:17<00:02, 88.98it/s]
Batches:  76%|███████▌  | 533/702 [00:17<00:01, 89.80it/s]
Batches:  77%|███████▋  | 543/702 [00:17<00:01, 90.86it/s]
Batches:  79%|███████▉  | 553/702 [00:18<00:01, 92.36it/s]
Batches:  80%|████████  | 563/702 [00:18<00:01, 92.95it/s]
Batches:  82%|████████▏ | 573/702 [00:18<00:01, 93.45it/s]
Batches:  83%|████████▎ | 583/702 [00:18<00:01, 93.12it/s]
Batches:  84%|████████▍ | 593/702 [00:18<00:01, 94.54it/s]
Batches:  86%|████████▌ | 603/702 [00:18<00:01, 95.03it/s]
Batches:  87%|████████▋ | 613/702 [00:18<00:00, 95.98it/s]
Batches:  89%|████████▊ | 623/702 [00:18<00:00, 96.02it/s]
Batches:  90%|█████████ | 633/702 [00:18<00:00, 96.11it/s]
Batches:  92%|█████████▏| 643/702 [00:18<00:00, 96.69it/s]
Batches:  93%|█████████▎| 653/702 [00:19<00:00, 95.98it/s]
Batches:  94%|█████████▍| 663/702 [00:19<00:00, 96.38it/s]
Batches:  96%|█████████▌| 673/702 [00:19<00:00, 96.37it/s]
Batches:  97%|█████████▋| 683/702 [00:19<00:00, 94.82it/s]
Batches:  99%|█████████▊| 693/702 [00:19<00:00, 94.67it/s]
Batches: 100%|██████████| 702/702 [00:19<00:00, 35.80it/s]
[ace] retrieving
[embed] encoding 500 texts on device=cuda:0

Batches:   0%|          | 0/8 [00:00<?, ?it/s]
Batches:  38%|███▊      | 3/8 [00:00<00:00, 27.51it/s]
Batches:  88%|████████▊ | 7/8 [00:00<00:00, 32.64it/s]
Batches: 100%|██████████| 8/8 [00:00<00:00, 33.60it/s]
[density] loading reader once
`torch_dtype` is deprecated! Use `dtype` instead!

Fetching 4 files:   0%|          | 0/4 [00:00<?, ?it/s]
Fetching 4 files:  25%|██▌       | 1/4 [01:02<03:08, 62.99s/it]
Fetching 4 files: 100%|██████████| 4/4 [01:02<00:00, 15.75s/it]

Loading checkpoint shards:   0%|          | 0/4 [00:00<?, ?it/s]
Loading checkpoint shards:  25%|██▌       | 1/4 [00:06<00:19,  6.55s/it]
Loading checkpoint shards:  50%|█████     | 2/4 [00:13<00:14,  7.01s/it]
Loading checkpoint shards:  75%|███████▌  | 3/4 [00:22<00:07,  7.62s/it]
Loading checkpoint shards: 100%|██████████| 4/4 [00:32<00:00,  8.47s/it]
Loading checkpoint shards: 100%|██████████| 4/4 [00:32<00:00,  8.00s/it]
[reader] loaded Qwen/Qwen2.5-7B-Instruct (device_map=auto, 4bit=True) entry=cuda:0
[density] materializing policy=chunk_packed_160
[density] generating policy=chunk_packed_160
The following generation flags are not valid and may be ignored: ['temperature', 'top_p', 'top_k']. Set `TRANSFORMERS_VERBOSITY=info` for more details.
[reader] generated 2/500
[reader] generated 4/500
[reader] generated 6/500
[reader] generated 8/500
[reader] generated 10/500
[reader] generated 12/500
[reader] generated 14/500
[reader] generated 16/500
[reader] generated 18/500
[reader] generated 20/500
[reader] generated 22/500
[reader] generated 24/500
[reader] generated 26/500
[reader] generated 28/500
[reader] generated 30/500
[reader] generated 32/500
[reader] generated 34/500
[reader] generated 36/500
[reader] generated 38/500
[reader] generated 40/500
[reader] generated 42/500
[reader] generated 44/500
[reader] generated 46/500
[reader] generated 48/500
[reader] generated 50/500
[reader] generated 52/500
[reader] generated 54/500
[reader] generated 56/500
[reader] generated 58/500
[reader] generated 60/500
[reader] generated 62/500
[reader] generated 64/500
[reader] generated 66/500
[reader] generated 68/500
[reader] generated 70/500
[reader] generated 72/500
[reader] generated 74/500
[reader] generated 76/500
[reader] generated 78/500
[reader] generated 80/500
[reader] generated 82/500
[reader] generated 84/500
[reader] generated 86/500
[reader] generated 88/500
[reader] generated 90/500
[reader] generated 92/500
[reader] generated 94/500
[reader] generated 96/500
[reader] generated 98/500
[reader] generated 100/500
[reader] generated 102/500
[reader] generated 104/500
[reader] generated 106/500
[reader] generated 108/500
[reader] generated 110/500
[reader] generated 112/500
[reader] generated 114/500
[reader] generated 116/500
[reader] generated 118/500
[reader] generated 120/500
[reader] generated 122/500
[reader] generated 124/500
[reader] generated 126/500
[reader] generated 128/500
[reader] generated 130/500
[reader] generated 132/500
[reader] generated 134/500
[reader] generated 136/500
[reader] generated 138/500
[reader] generated 140/500
[reader] generated 142/500
[reader] generated 144/500
[reader] generated 146/500
[reader] generated 148/500
[reader] generated 150/500
[reader] generated 152/500
[reader] generated 154/500
[reader] generated 156/500
[reader] generated 158/500
[reader] generated 160/500
[reader] generated 162/500
[reader] generated 164/500
[reader] generated 166/500
[reader] generated 168/500
[reader] generated 170/500
[reader] generated 172/500
[reader] generated 174/500
[reader] generated 176/500
[reader] generated 178/500
[reader] generated 180/500
[reader] generated 182/500
[reader] generated 184/500
[reader] generated 186/500
[reader] generated 188/500
[reader] generated 190/500
[reader] generated 192/500
[reader] generated 194/500
[reader] generated 196/500
[reader] generated 198/500
[reader] generated 200/500
[reader] generated 202/500
[reader] generated 204/500
[reader] generated 206/500
[reader] generated 208/500
[reader] generated 210/500
[reader] generated 212/500
[reader] generated 214/500
[reader] generated 216/500
[reader] generated 218/500
[reader] generated 220/500
[reader] generated 222/500
[reader] generated 224/500
[reader] generated 226/500
[reader] generated 228/500
[reader] generated 230/500
[reader] generated 232/500
[reader] generated 234/500
[reader] generated 236/500
[reader] generated 238/500
[reader] generated 240/500
[reader] generated 242/500
[reader] generated 244/500
[reader] generated 246/500
[reader] generated 248/500
[reader] generated 250/500
[reader] generated 252/500
[reader] generated 254/500
[reader] generated 256/500
[reader] generated 258/500
[reader] generated 260/500
[reader] generated 262/500
[reader] generated 264/500
[reader] generated 266/500
[reader] generated 268/500
[reader] generated 270/500
[reader] generated 272/500
[reader] generated 274/500
[reader] generated 276/500
[reader] generated 278/500
[reader] generated 280/500
[reader] generated 282/500
[reader] generated 284/500
[reader] generated 286/500
[reader] generated 288/500
[reader] generated 290/500
[reader] generated 292/500
[reader] generated 294/500
[reader] generated 296/500
[reader] generated 298/500
[reader] generated 300/500
[reader] generated 302/500
[reader] generated 304/500
[reader] generated 306/500
[reader] generated 308/500
[reader] generated 310/500
[reader] generated 312/500
[reader] generated 314/500
[reader] generated 316/500
[reader] generated 318/500
[reader] generated 320/500
[reader] generated 322/500
[reader] generated 324/500
[reader] generated 326/500
[reader] generated 328/500
[reader] generated 330/500
[reader] generated 332/500
[reader] generated 334/500
[reader] generated 336/500
[reader] generated 338/500
[reader] generated 340/500
[reader] generated 342/500
[reader] generated 344/500
[reader] generated 346/500
[reader] generated 348/500
[reader] generated 350/500
[reader] generated 352/500
[reader] generated 354/500
[reader] generated 356/500
[reader] generated 358/500
[reader] generated 360/500
[reader] generated 362/500
[reader] generated 364/500
[reader] generated 366/500
[reader] generated 368/500
[reader] generated 370/500
[reader] generated 372/500
[reader] generated 374/500
[reader] generated 376/500
[reader] generated 378/500
[reader] generated 380/500
[reader] generated 382/500
[reader] generated 384/500
[reader] generated 386/500
[reader] generated 388/500
[reader] generated 390/500
[reader] generated 392/500
[reader] generated 394/500
[reader] generated 396/500
[reader] generated 398/500
[reader] generated 400/500
[reader] generated 402/500
[reader] generated 404/500
[reader] generated 406/500
[reader] generated 408/500
[reader] generated 410/500
[reader] generated 412/500
[reader] generated 414/500
[reader] generated 416/500
[reader] generated 418/500
[reader] generated 420/500
[reader] generated 422/500
[reader] generated 424/500
[reader] generated 426/500
[reader] generated 428/500
[reader] generated 430/500
[reader] generated 432/500
[reader] generated 434/500
[reader] generated 436/500
[reader] generated 438/500
[reader] generated 440/500
[reader] generated 442/500
[reader] generated 444/500
[reader] generated 446/500
[reader] generated 448/500
[reader] generated 450/500
[reader] generated 452/500
[reader] generated 454/500
[reader] generated 456/500
[reader] generated 458/500
[reader] generated 460/500
[reader] generated 462/500
[reader] generated 464/500
[reader] generated 466/500
[reader] generated 468/500
[reader] generated 470/500
[reader] generated 472/500
[reader] generated 474/500
[reader] generated 476/500
[reader] generated 478/500
[reader] generated 480/500
[reader] generated 482/500
[reader] generated 484/500
[reader] generated 486/500
[reader] generated 488/500
[reader] generated 490/500
[reader] generated 492/500
[reader] generated 494/500
[reader] generated 496/500
[reader] generated 498/500
[reader] generated 500/500
[density] policy=chunk_packed_160, router_type=fixed, representation=chunk, packer=packed, reader_model=Qwen/Qwen2.5-7B-Instruct, packed_token_budget=160, recall@1=0.438, all_gold@1=0.0, recall@2=0.723, all_gold@2=0.498, recall@5=0.874, all_gold@5=0.758, qwen_em=0.268, qwen_f1=0.3326, avg_reader_evidence_tokens=151.31, mean_ans_in_context=0.59, mean_gold_token_density=0.4001, mean_gold_doc_reader_cov=0.685, mean_all_gold_reader=0.448, mean_distractor_docs=2.006, mean_context_tokens=151.314, mean_n_snippets=3.484
[density] materializing policy=chunk_focused_160
[density] generating policy=chunk_focused_160
[reader] generated 2/500
[reader] generated 4/500
[reader] generated 6/500
[reader] generated 8/500
[reader] generated 10/500
[reader] generated 12/500
[reader] generated 14/500
[reader] generated 16/500
[reader] generated 18/500
[reader] generated 20/500
[reader] generated 22/500
[reader] generated 24/500
[reader] generated 26/500
[reader] generated 28/500
[reader] generated 30/500
[reader] generated 32/500
[reader] generated 34/500
[reader] generated 36/500
[reader] generated 38/500
[reader] generated 40/500
[reader] generated 42/500
[reader] generated 44/500
[reader] generated 46/500
[reader] generated 48/500
[reader] generated 50/500
[reader] generated 52/500
[reader] generated 54/500
[reader] generated 56/500
[reader] generated 58/500
[reader] generated 60/500
[reader] generated 62/500
[reader] generated 64/500
[reader] generated 66/500
[reader] generated 68/500
[reader] generated 70/500
[reader] generated 72/500
[reader] generated 74/500
[reader] generated 76/500
[reader] generated 78/500
[reader] generated 80/500
[reader] generated 82/500
[reader] generated 84/500
[reader] generated 86/500
[reader] generated 88/500
[reader] generated 90/500
[reader] generated 92/500
[reader] generated 94/500
[reader] generated 96/500
[reader] generated 98/500
[reader] generated 100/500
[reader] generated 102/500
[reader] generated 104/500
[reader] generated 106/500
[reader] generated 108/500
[reader] generated 110/500
[reader] generated 112/500
[reader] generated 114/500
[reader] generated 116/500
[reader] generated 118/500
[reader] generated 120/500
[reader] generated 122/500
[reader] generated 124/500
[reader] generated 126/500
[reader] generated 128/500
[reader] generated 130/500
[reader] generated 132/500
[reader] generated 134/500
[reader] generated 136/500
[reader] generated 138/500
[reader] generated 140/500
[reader] generated 142/500
[reader] generated 144/500
[reader] generated 146/500
[reader] generated 148/500
[reader] generated 150/500
[reader] generated 152/500
[reader] generated 154/500
[reader] generated 156/500
[reader] generated 158/500
[reader] generated 160/500
[reader] generated 162/500
[reader] generated 164/500
[reader] generated 166/500
[reader] generated 168/500
[reader] generated 170/500
[reader] generated 172/500
[reader] generated 174/500
[reader] generated 176/500
[reader] generated 178/500
[reader] generated 180/500
[reader] generated 182/500
[reader] generated 184/500
[reader] generated 186/500
[reader] generated 188/500
[reader] generated 190/500
[reader] generated 192/500
[reader] generated 194/500
[reader] generated 196/500
[reader] generated 198/500
[reader] generated 200/500
[reader] generated 202/500
[reader] generated 204/500
[reader] generated 206/500
[reader] generated 208/500
[reader] generated 210/500
[reader] generated 212/500
[reader] generated 214/500
[reader] generated 216/500
[reader] generated 218/500
[reader] generated 220/500
[reader] generated 222/500
[reader] generated 224/500
[reader] generated 226/500
[reader] generated 228/500
[reader] generated 230/500
[reader] generated 232/500
[reader] generated 234/500
[reader] generated 236/500
[reader] generated 238/500
[reader] generated 240/500
[reader] generated 242/500
[reader] generated 244/500
[reader] generated 246/500
[reader] generated 248/500
[reader] generated 250/500
[reader] generated 252/500
[reader] generated 254/500
[reader] generated 256/500
[reader] generated 258/500
[reader] generated 260/500
[reader] generated 262/500
[reader] generated 264/500
[reader] generated 266/500
[reader] generated 268/500
[reader] generated 270/500
[reader] generated 272/500
[reader] generated 274/500
[reader] generated 276/500
[reader] generated 278/500
[reader] generated 280/500
[reader] generated 282/500
[reader] generated 284/500
[reader] generated 286/500
[reader] generated 288/500
[reader] generated 290/500
[reader] generated 292/500
[reader] generated 294/500
[reader] generated 296/500
[reader] generated 298/500
[reader] generated 300/500
[reader] generated 302/500
[reader] generated 304/500
[reader] generated 306/500
[reader] generated 308/500
[reader] generated 310/500
[reader] generated 312/500
[reader] generated 314/500
[reader] generated 316/500
[reader] generated 318/500
[reader] generated 320/500
[reader] generated 322/500
[reader] generated 324/500
[reader] generated 326/500
[reader] generated 328/500
[reader] generated 330/500
[reader] generated 332/500
[reader] generated 334/500
[reader] generated 336/500
[reader] generated 338/500
[reader] generated 340/500
[reader] generated 342/500
[reader] generated 344/500
[reader] generated 346/500
[reader] generated 348/500
[reader] generated 350/500
[reader] generated 352/500
[reader] generated 354/500
[reader] generated 356/500
[reader] generated 358/500
[reader] generated 360/500
[reader] generated 362/500
[reader] generated 364/500
[reader] generated 366/500
[reader] generated 368/500
[reader] generated 370/500
[reader] generated 372/500
[reader] generated 374/500
[reader] generated 376/500
[reader] generated 378/500
[reader] generated 380/500
[reader] generated 382/500
[reader] generated 384/500
[reader] generated 386/500
[reader] generated 388/500
[reader] generated 390/500
[reader] generated 392/500
[reader] generated 394/500
[reader] generated 396/500
[reader] generated 398/500
[reader] generated 400/500
[reader] generated 402/500
[reader] generated 404/500
[reader] generated 406/500
[reader] generated 408/500
[reader] generated 410/500
[reader] generated 412/500
[reader] generated 414/500
[reader] generated 416/500
[reader] generated 418/500
[reader] generated 420/500
[reader] generated 422/500
[reader] generated 424/500
[reader] generated 426/500
[reader] generated 428/500
[reader] generated 430/500
[reader] generated 432/500
[reader] generated 434/500
[reader] generated 436/500
[reader] generated 438/500
[reader] generated 440/500
[reader] generated 442/500
[reader] generated 444/500
[reader] generated 446/500
[reader] generated 448/500
[reader] generated 450/500
[reader] generated 452/500
[reader] generated 454/500
[reader] generated 456/500
[reader] generated 458/500
[reader] generated 460/500
[reader] generated 462/500
[reader] generated 464/500
[reader] generated 466/500
[reader] generated 468/500
[reader] generated 470/500
[reader] generated 472/500
[reader] generated 474/500
[reader] generated 476/500
[reader] generated 478/500
[reader] generated 480/500
[reader] generated 482/500
[reader] generated 484/500
[reader] generated 486/500
[reader] generated 488/500
[reader] generated 490/500
[reader] generated 492/500
[reader] generated 494/500
[reader] generated 496/500
[reader] generated 498/500
[reader] generated 500/500
[density] policy=chunk_focused_160, router_type=fixed, representation=chunk, packer=focused, reader_model=Qwen/Qwen2.5-7B-Instruct, packed_token_budget=160, recall@1=0.438, all_gold@1=0.0, recall@2=0.723, all_gold@2=0.498, recall@5=0.874, all_gold@5=0.758, qwen_em=0.31, qwen_f1=0.3856, avg_reader_evidence_tokens=152.28, mean_ans_in_context=0.632, mean_gold_token_density=0.5094, mean_gold_doc_reader_cov=0.733, mean_all_gold_reader=0.512, mean_distractor_docs=1.596, mean_context_tokens=152.282, mean_n_snippets=3.318
[density] materializing policy=chunk_mmr_160
[density] generating policy=chunk_mmr_160
[reader] generated 2/500
[reader] generated 4/500
[reader] generated 6/500
[reader] generated 8/500
[reader] generated 10/500
[reader] generated 12/500
[reader] generated 14/500
[reader] generated 16/500
[reader] generated 18/500
[reader] generated 20/500
[reader] generated 22/500
[reader] generated 24/500
[reader] generated 26/500
[reader] generated 28/500
[reader] generated 30/500
[reader] generated 32/500
[reader] generated 34/500
[reader] generated 36/500
[reader] generated 38/500
[reader] generated 40/500
[reader] generated 42/500
[reader] generated 44/500
[reader] generated 46/500
[reader] generated 48/500
[reader] generated 50/500
[reader] generated 52/500
[reader] generated 54/500
[reader] generated 56/500
[reader] generated 58/500
[reader] generated 60/500
[reader] generated 62/500
[reader] generated 64/500
[reader] generated 66/500
[reader] generated 68/500
[reader] generated 70/500
[reader] generated 72/500
[reader] generated 74/500
[reader] generated 76/500
[reader] generated 78/500
[reader] generated 80/500
[reader] generated 82/500
[reader] generated 84/500
[reader] generated 86/500
[reader] generated 88/500
[reader] generated 90/500
[reader] generated 92/500
[reader] generated 94/500
[reader] generated 96/500
[reader] generated 98/500
[reader] generated 100/500
[reader] generated 102/500
[reader] generated 104/500
[reader] generated 106/500
[reader] generated 108/500
[reader] generated 110/500
[reader] generated 112/500
[reader] generated 114/500
[reader] generated 116/500
[reader] generated 118/500
[reader] generated 120/500
[reader] generated 122/500
[reader] generated 124/500
[reader] generated 126/500
[reader] generated 128/500
[reader] generated 130/500
[reader] generated 132/500
[reader] generated 134/500
[reader] generated 136/500
[reader] generated 138/500
[reader] generated 140/500
[reader] generated 142/500
[reader] generated 144/500
[reader] generated 146/500
[reader] generated 148/500
[reader] generated 150/500
[reader] generated 152/500
[reader] generated 154/500
[reader] generated 156/500
[reader] generated 158/500
[reader] generated 160/500
[reader] generated 162/500
[reader] generated 164/500
[reader] generated 166/500
[reader] generated 168/500
[reader] generated 170/500
[reader] generated 172/500
[reader] generated 174/500
[reader] generated 176/500
[reader] generated 178/500
[reader] generated 180/500
[reader] generated 182/500
[reader] generated 184/500
[reader] generated 186/500
[reader] generated 188/500
[reader] generated 190/500
[reader] generated 192/500
[reader] generated 194/500
[reader] generated 196/500
[reader] generated 198/500
[reader] generated 200/500
[reader] generated 202/500
[reader] generated 204/500
[reader] generated 206/500
[reader] generated 208/500
[reader] generated 210/500
[reader] generated 212/500
[reader] generated 214/500
[reader] generated 216/500
[reader] generated 218/500
[reader] generated 220/500
[reader] generated 222/500
[reader] generated 224/500
[reader] generated 226/500
[reader] generated 228/500
[reader] generated 230/500
[reader] generated 232/500
[reader] generated 234/500
[reader] generated 236/500
[reader] generated 238/500
[reader] generated 240/500
[reader] generated 242/500
[reader] generated 244/500
[reader] generated 246/500
[reader] generated 248/500
[reader] generated 250/500
[reader] generated 252/500
[reader] generated 254/500
[reader] generated 256/500
[reader] generated 258/500
[reader] generated 260/500
[reader] generated 262/500
[reader] generated 264/500
[reader] generated 266/500
[reader] generated 268/500
[reader] generated 270/500
[reader] generated 272/500
[reader] generated 274/500
[reader] generated 276/500
[reader] generated 278/500
[reader] generated 280/500
[reader] generated 282/500
[reader] generated 284/500
[reader] generated 286/500
[reader] generated 288/500
[reader] generated 290/500
[reader] generated 292/500
[reader] generated 294/500
[reader] generated 296/500
[reader] generated 298/500
[reader] generated 300/500
[reader] generated 302/500
[reader] generated 304/500
[reader] generated 306/500
[reader] generated 308/500
[reader] generated 310/500
[reader] generated 312/500
[reader] generated 314/500
[reader] generated 316/500
[reader] generated 318/500
[reader] generated 320/500
[reader] generated 322/500
[reader] generated 324/500
[reader] generated 326/500
[reader] generated 328/500
[reader] generated 330/500
[reader] generated 332/500
[reader] generated 334/500
[reader] generated 336/500
[reader] generated 338/500
[reader] generated 340/500
[reader] generated 342/500
[reader] generated 344/500
[reader] generated 346/500
[reader] generated 348/500
[reader] generated 350/500
[reader] generated 352/500
[reader] generated 354/500
[reader] generated 356/500
[reader] generated 358/500
[reader] generated 360/500
[reader] generated 362/500
[reader] generated 364/500
[reader] generated 366/500
[reader] generated 368/500
[reader] generated 370/500
[reader] generated 372/500
[reader] generated 374/500
[reader] generated 376/500
[reader] generated 378/500
[reader] generated 380/500
[reader] generated 382/500
[reader] generated 384/500
[reader] generated 386/500
[reader] generated 388/500
[reader] generated 390/500
[reader] generated 392/500
[reader] generated 394/500
[reader] generated 396/500
[reader] generated 398/500
[reader] generated 400/500
[reader] generated 402/500
[reader] generated 404/500
[reader] generated 406/500
[reader] generated 408/500
[reader] generated 410/500
[reader] generated 412/500
[reader] generated 414/500
[reader] generated 416/500
[reader] generated 418/500
[reader] generated 420/500
[reader] generated 422/500
[reader] generated 424/500
[reader] generated 426/500
[reader] generated 428/500
[reader] generated 430/500
[reader] generated 432/500
[reader] generated 434/500
[reader] generated 436/500
[reader] generated 438/500
[reader] generated 440/500
[reader] generated 442/500
[reader] generated 444/500
[reader] generated 446/500
[reader] generated 448/500
[reader] generated 450/500
[reader] generated 452/500
[reader] generated 454/500
[reader] generated 456/500
[reader] generated 458/500
[reader] generated 460/500
[reader] generated 462/500
[reader] generated 464/500
[reader] generated 466/500
[reader] generated 468/500
[reader] generated 470/500
[reader] generated 472/500
[reader] generated 474/500
[reader] generated 476/500
[reader] generated 478/500
[reader] generated 480/500
[reader] generated 482/500
[reader] generated 484/500
[reader] generated 486/500
[reader] generated 488/500
[reader] generated 490/500
[reader] generated 492/500
[reader] generated 494/500
[reader] generated 496/500
[reader] generated 498/500
[reader] generated 500/500
[density] policy=chunk_mmr_160, router_type=fixed, representation=chunk, packer=mmr, reader_model=Qwen/Qwen2.5-7B-Instruct, packed_token_budget=160, recall@1=0.438, all_gold@1=0.0, recall@2=0.723, all_gold@2=0.498, recall@5=0.874, all_gold@5=0.758, qwen_em=0.272, qwen_f1=0.346, avg_reader_evidence_tokens=151.87, mean_ans_in_context=0.592, mean_gold_token_density=0.4927, mean_gold_doc_reader_cov=0.68, mean_all_gold_reader=0.418, mean_distractor_docs=1.57, mean_context_tokens=151.874, mean_n_snippets=3.354
[density] materializing policy=chunk_submod_160
[density] generating policy=chunk_submod_160
[reader] generated 2/500
[reader] generated 4/500
[reader] generated 6/500
[reader] generated 8/500
[reader] generated 10/500
[reader] generated 12/500
[reader] generated 14/500
[reader] generated 16/500
[reader] generated 18/500
[reader] generated 20/500
[reader] generated 22/500
[reader] generated 24/500
[reader] generated 26/500
[reader] generated 28/500
[reader] generated 30/500
[reader] generated 32/500
[reader] generated 34/500
[reader] generated 36/500
[reader] generated 38/500
[reader] generated 40/500
[reader] generated 42/500
[reader] generated 44/500
[reader] generated 46/500
[reader] generated 48/500
[reader] generated 50/500
[reader] generated 52/500
[reader] generated 54/500
[reader] generated 56/500
[reader] generated 58/500
[reader] generated 60/500
[reader] generated 62/500
[reader] generated 64/500
[reader] generated 66/500
[reader] generated 68/500
[reader] generated 70/500
[reader] generated 72/500
[reader] generated 74/500
[reader] generated 76/500
[reader] generated 78/500
[reader] generated 80/500
[reader] generated 82/500
[reader] generated 84/500
[reader] generated 86/500
[reader] generated 88/500
[reader] generated 90/500
[reader] generated 92/500
[reader] generated 94/500
[reader] generated 96/500
[reader] generated 98/500
[reader] generated 100/500
[reader] generated 102/500
[reader] generated 104/500
[reader] generated 106/500
[reader] generated 108/500
[reader] generated 110/500
[reader] generated 112/500
[reader] generated 114/500
[reader] generated 116/500
[reader] generated 118/500
[reader] generated 120/500
[reader] generated 122/500
[reader] generated 124/500
[reader] generated 126/500
[reader] generated 128/500
[reader] generated 130/500
[reader] generated 132/500
[reader] generated 134/500
[reader] generated 136/500
[reader] generated 138/500
[reader] generated 140/500
[reader] generated 142/500
[reader] generated 144/500
[reader] generated 146/500
[reader] generated 148/500
[reader] generated 150/500
[reader] generated 152/500
[reader] generated 154/500
[reader] generated 156/500
[reader] generated 158/500
[reader] generated 160/500
[reader] generated 162/500
[reader] generated 164/500
[reader] generated 166/500
[reader] generated 168/500
[reader] generated 170/500
[reader] generated 172/500
[reader] generated 174/500
[reader] generated 176/500
[reader] generated 178/500
[reader] generated 180/500
[reader] generated 182/500
[reader] generated 184/500
[reader] generated 186/500
[reader] generated 188/500
[reader] generated 190/500
[reader] generated 192/500
[reader] generated 194/500
[reader] generated 196/500
[reader] generated 198/500
[reader] generated 200/500
[reader] generated 202/500
[reader] generated 204/500
[reader] generated 206/500
[reader] generated 208/500
[reader] generated 210/500
[reader] generated 212/500
[reader] generated 214/500
[reader] generated 216/500
[reader] generated 218/500
[reader] generated 220/500
[reader] generated 222/500
[reader] generated 224/500
[reader] generated 226/500
[reader] generated 228/500
[reader] generated 230/500
[reader] generated 232/500
[reader] generated 234/500
[reader] generated 236/500
[reader] generated 238/500
[reader] generated 240/500
[reader] generated 242/500
[reader] generated 244/500
[reader] generated 246/500
[reader] generated 248/500
[reader] generated 250/500
[reader] generated 252/500
[reader] generated 254/500
[reader] generated 256/500
[reader] generated 258/500
[reader] generated 260/500
[reader] generated 262/500
[reader] generated 264/500
[reader] generated 266/500
[reader] generated 268/500
[reader] generated 270/500
[reader] generated 272/500
[reader] generated 274/500
[reader] generated 276/500
[reader] generated 278/500
[reader] generated 280/500
[reader] generated 282/500
[reader] generated 284/500
[reader] generated 286/500
[reader] generated 288/500
[reader] generated 290/500
[reader] generated 292/500
[reader] generated 294/500
[reader] generated 296/500
[reader] generated 298/500
[reader] generated 300/500
[reader] generated 302/500
[reader] generated 304/500
[reader] generated 306/500
[reader] generated 308/500
[reader] generated 310/500
[reader] generated 312/500
[reader] generated 314/500
[reader] generated 316/500
[reader] generated 318/500
[reader] generated 320/500
[reader] generated 322/500
[reader] generated 324/500
[reader] generated 326/500
[reader] generated 328/500
[reader] generated 330/500
[reader] generated 332/500
[reader] generated 334/500
[reader] generated 336/500
[reader] generated 338/500
[reader] generated 340/500
[reader] generated 342/500
[reader] generated 344/500
[reader] generated 346/500
[reader] generated 348/500
[reader] generated 350/500
[reader] generated 352/500
[reader] generated 354/500
[reader] generated 356/500
[reader] generated 358/500
[reader] generated 360/500
[reader] generated 362/500
[reader] generated 364/500
[reader] generated 366/500
[reader] generated 368/500
[reader] generated 370/500
[reader] generated 372/500
[reader] generated 374/500
[reader] generated 376/500
[reader] generated 378/500
[reader] generated 380/500
[reader] generated 382/500
[reader] generated 384/500
[reader] generated 386/500
[reader] generated 388/500
[reader] generated 390/500
[reader] generated 392/500
[reader] generated 394/500
[reader] generated 396/500
[reader] generated 398/500
[reader] generated 400/500
[reader] generated 402/500
[reader] generated 404/500
[reader] generated 406/500
[reader] generated 408/500
[reader] generated 410/500
[reader] generated 412/500
[reader] generated 414/500
[reader] generated 416/500
[reader] generated 418/500
[reader] generated 420/500
[reader] generated 422/500
[reader] generated 424/500
[reader] generated 426/500
[reader] generated 428/500
[reader] generated 430/500
[reader] generated 432/500
[reader] generated 434/500
[reader] generated 436/500
[reader] generated 438/500
[reader] generated 440/500
[reader] generated 442/500
[reader] generated 444/500
[reader] generated 446/500
[reader] generated 448/500
[reader] generated 450/500
[reader] generated 452/500
[reader] generated 454/500
[reader] generated 456/500
[reader] generated 458/500
[reader] generated 460/500
[reader] generated 462/500
[reader] generated 464/500
[reader] generated 466/500
[reader] generated 468/500
[reader] generated 470/500
[reader] generated 472/500
[reader] generated 474/500
[reader] generated 476/500
[reader] generated 478/500
[reader] generated 480/500
[reader] generated 482/500
[reader] generated 484/500
[reader] generated 486/500
[reader] generated 488/500
[reader] generated 490/500
[reader] generated 492/500
[reader] generated 494/500
[reader] generated 496/500
[reader] generated 498/500
[reader] generated 500/500
[density] policy=chunk_submod_160, router_type=fixed, representation=chunk, packer=submod, reader_model=Qwen/Qwen2.5-7B-Instruct, packed_token_budget=160, recall@1=0.438, all_gold@1=0.0, recall@2=0.723, all_gold@2=0.498, recall@5=0.874, all_gold@5=0.758, qwen_em=0.302, qwen_f1=0.3748, avg_reader_evidence_tokens=145.4, mean_ans_in_context=0.64, mean_gold_token_density=0.4574, mean_gold_doc_reader_cov=0.779, mean_all_gold_reader=0.578, mean_distractor_docs=2.204, mean_context_tokens=145.398, mean_n_snippets=4.616
[density] materializing policy=ace_focused_160
[density] generating policy=ace_focused_160
[reader] generated 2/500
[reader] generated 4/500
[reader] generated 6/500
[reader] generated 8/500
[reader] generated 10/500
[reader] generated 12/500
[reader] generated 14/500
[reader] generated 16/500
[reader] generated 18/500
[reader] generated 20/500
[reader] generated 22/500
[reader] generated 24/500
[reader] generated 26/500
[reader] generated 28/500
[reader] generated 30/500
[reader] generated 32/500
[reader] generated 34/500
[reader] generated 36/500
[reader] generated 38/500
[reader] generated 40/500
[reader] generated 42/500
[reader] generated 44/500
[reader] generated 46/500
[reader] generated 48/500
[reader] generated 50/500
[reader] generated 52/500
[reader] generated 54/500
[reader] generated 56/500
[reader] generated 58/500
[reader] generated 60/500
[reader] generated 62/500
[reader] generated 64/500
[reader] generated 66/500
[reader] generated 68/500
[reader] generated 70/500
[reader] generated 72/500
[reader] generated 74/500
[reader] generated 76/500
[reader] generated 78/500
[reader] generated 80/500
[reader] generated 82/500
[reader] generated 84/500
[reader] generated 86/500
[reader] generated 88/500
[reader] generated 90/500
[reader] generated 92/500
[reader] generated 94/500
[reader] generated 96/500
[reader] generated 98/500
[reader] generated 100/500
[reader] generated 102/500
[reader] generated 104/500
[reader] generated 106/500
[reader] generated 108/500
[reader] generated 110/500
[reader] generated 112/500
[reader] generated 114/500
[reader] generated 116/500
[reader] generated 118/500
[reader] generated 120/500
[reader] generated 122/500
[reader] generated 124/500
[reader] generated 126/500
[reader] generated 128/500
[reader] generated 130/500
[reader] generated 132/500
[reader] generated 134/500
[reader] generated 136/500
[reader] generated 138/500
[reader] generated 140/500
[reader] generated 142/500
[reader] generated 144/500
[reader] generated 146/500
[reader] generated 148/500
[reader] generated 150/500
[reader] generated 152/500
[reader] generated 154/500
[reader] generated 156/500
[reader] generated 158/500
[reader] generated 160/500
[reader] generated 162/500
[reader] generated 164/500
[reader] generated 166/500
[reader] generated 168/500
[reader] generated 170/500
[reader] generated 172/500
[reader] generated 174/500
[reader] generated 176/500
[reader] generated 178/500
[reader] generated 180/500
[reader] generated 182/500
[reader] generated 184/500
[reader] generated 186/500
[reader] generated 188/500
[reader] generated 190/500
[reader] generated 192/500
[reader] generated 194/500
[reader] generated 196/500
[reader] generated 198/500
[reader] generated 200/500
[reader] generated 202/500
[reader] generated 204/500
[reader] generated 206/500
[reader] generated 208/500
[reader] generated 210/500
[reader] generated 212/500
[reader] generated 214/500
[reader] generated 216/500
[reader] generated 218/500
[reader] generated 220/500
[reader] generated 222/500
[reader] generated 224/500
[reader] generated 226/500
[reader] generated 228/500
[reader] generated 230/500
[reader] generated 232/500
[reader] generated 234/500
[reader] generated 236/500
[reader] generated 238/500
[reader] generated 240/500
[reader] generated 242/500
[reader] generated 244/500
[reader] generated 246/500
[reader] generated 248/500
[reader] generated 250/500
[reader] generated 252/500
[reader] generated 254/500
[reader] generated 256/500
[reader] generated 258/500
[reader] generated 260/500
[reader] generated 262/500
[reader] generated 264/500
[reader] generated 266/500
[reader] generated 268/500
[reader] generated 270/500
[reader] generated 272/500
[reader] generated 274/500
[reader] generated 276/500
[reader] generated 278/500
[reader] generated 280/500
[reader] generated 282/500
[reader] generated 284/500
[reader] generated 286/500
[reader] generated 288/500
[reader] generated 290/500
[reader] generated 292/500
[reader] generated 294/500
[reader] generated 296/500
[reader] generated 298/500
[reader] generated 300/500
[reader] generated 302/500
[reader] generated 304/500
[reader] generated 306/500
[reader] generated 308/500
[reader] generated 310/500
[reader] generated 312/500
[reader] generated 314/500
[reader] generated 316/500
[reader] generated 318/500
[reader] generated 320/500
[reader] generated 322/500
[reader] generated 324/500
[reader] generated 326/500
[reader] generated 328/500
[reader] generated 330/500
[reader] generated 332/500
[reader] generated 334/500
[reader] generated 336/500
[reader] generated 338/500
[reader] generated 340/500
[reader] generated 342/500
[reader] generated 344/500
[reader] generated 346/500
[reader] generated 348/500
[reader] generated 350/500
[reader] generated 352/500
[reader] generated 354/500
[reader] generated 356/500
[reader] generated 358/500
[reader] generated 360/500
[reader] generated 362/500
[reader] generated 364/500
[reader] generated 366/500
[reader] generated 368/500
[reader] generated 370/500
[reader] generated 372/500
[reader] generated 374/500
[reader] generated 376/500
[reader] generated 378/500
[reader] generated 380/500
[reader] generated 382/500
[reader] generated 384/500
[reader] generated 386/500
[reader] generated 388/500
[reader] generated 390/500
[reader] generated 392/500
[reader] generated 394/500
[reader] generated 396/500
[reader] generated 398/500
[reader] generated 400/500
[reader] generated 402/500
[reader] generated 404/500
[reader] generated 406/500
[reader] generated 408/500
[reader] generated 410/500
[reader] generated 412/500
[reader] generated 414/500
[reader] generated 416/500
[reader] generated 418/500
[reader] generated 420/500
[reader] generated 422/500
[reader] generated 424/500
[reader] generated 426/500
[reader] generated 428/500
[reader] generated 430/500
[reader] generated 432/500
[reader] generated 434/500
[reader] generated 436/500
[reader] generated 438/500
[reader] generated 440/500
[reader] generated 442/500
[reader] generated 444/500
[reader] generated 446/500
[reader] generated 448/500
[reader] generated 450/500
[reader] generated 452/500
[reader] generated 454/500
[reader] generated 456/500
[reader] generated 458/500
[reader] generated 460/500
[reader] generated 462/500
[reader] generated 464/500
[reader] generated 466/500
[reader] generated 468/500
[reader] generated 470/500
[reader] generated 472/500
[reader] generated 474/500
[reader] generated 476/500
[reader] generated 478/500
[reader] generated 480/500
[reader] generated 482/500
[reader] generated 484/500
[reader] generated 486/500
[reader] generated 488/500
[reader] generated 490/500
[reader] generated 492/500
[reader] generated 494/500
[reader] generated 496/500
[reader] generated 498/500
[reader] generated 500/500
[density] policy=ace_focused_160, router_type=fixed, representation=ace, packer=focused, reader_model=Qwen/Qwen2.5-7B-Instruct, packed_token_budget=160, recall@1=0.419, all_gold@1=0.0, recall@2=0.677, all_gold@2=0.422, recall@5=0.859, all_gold@5=0.726, qwen_em=0.304, qwen_f1=0.3834, avg_reader_evidence_tokens=150.04, mean_ans_in_context=0.63, mean_gold_token_density=0.4516, mean_gold_doc_reader_cov=0.768, mean_all_gold_reader=0.562, mean_distractor_docs=2.134, mean_context_tokens=150.042, mean_n_snippets=4.108
[density] materializing policy=ace_mmr_160
[density] generating policy=ace_mmr_160
[reader] generated 2/500
[reader] generated 4/500
[reader] generated 6/500
[reader] generated 8/500
[reader] generated 10/500
[reader] generated 12/500
[reader] generated 14/500
[reader] generated 16/500
[reader] generated 18/500
[reader] generated 20/500
[reader] generated 22/500
[reader] generated 24/500
[reader] generated 26/500
[reader] generated 28/500
[reader] generated 30/500
[reader] generated 32/500
[reader] generated 34/500
[reader] generated 36/500
[reader] generated 38/500
[reader] generated 40/500
[reader] generated 42/500
[reader] generated 44/500
[reader] generated 46/500
[reader] generated 48/500
[reader] generated 50/500
[reader] generated 52/500
[reader] generated 54/500
[reader] generated 56/500
[reader] generated 58/500
[reader] generated 60/500
[reader] generated 62/500
[reader] generated 64/500
[reader] generated 66/500
[reader] generated 68/500
[reader] generated 70/500
[reader] generated 72/500
[reader] generated 74/500
[reader] generated 76/500
[reader] generated 78/500
[reader] generated 80/500
[reader] generated 82/500
[reader] generated 84/500
[reader] generated 86/500
[reader] generated 88/500
[reader] generated 90/500
[reader] generated 92/500
[reader] generated 94/500
[reader] generated 96/500
[reader] generated 98/500
[reader] generated 100/500
[reader] generated 102/500
[reader] generated 104/500
[reader] generated 106/500
[reader] generated 108/500
[reader] generated 110/500
[reader] generated 112/500
[reader] generated 114/500
[reader] generated 116/500
[reader] generated 118/500
[reader] generated 120/500
[reader] generated 122/500
[reader] generated 124/500
[reader] generated 126/500
[reader] generated 128/500
[reader] generated 130/500
[reader] generated 132/500
[reader] generated 134/500
[reader] generated 136/500
[reader] generated 138/500
[reader] generated 140/500
[reader] generated 142/500
[reader] generated 144/500
[reader] generated 146/500
[reader] generated 148/500
[reader] generated 150/500
[reader] generated 152/500
[reader] generated 154/500
[reader] generated 156/500
[reader] generated 158/500
[reader] generated 160/500
[reader] generated 162/500
[reader] generated 164/500
[reader] generated 166/500
[reader] generated 168/500
[reader] generated 170/500
[reader] generated 172/500
[reader] generated 174/500
[reader] generated 176/500
[reader] generated 178/500
[reader] generated 180/500
[reader] generated 182/500
[reader] generated 184/500
[reader] generated 186/500
[reader] generated 188/500
[reader] generated 190/500
[reader] generated 192/500
[reader] generated 194/500
[reader] generated 196/500
[reader] generated 198/500
[reader] generated 200/500
[reader] generated 202/500
[reader] generated 204/500
[reader] generated 206/500
[reader] generated 208/500
[reader] generated 210/500
[reader] generated 212/500
[reader] generated 214/500
[reader] generated 216/500
[reader] generated 218/500
[reader] generated 220/500
[reader] generated 222/500
[reader] generated 224/500
[reader] generated 226/500
[reader] generated 228/500
[reader] generated 230/500
[reader] generated 232/500
[reader] generated 234/500
[reader] generated 236/500
[reader] generated 238/500
[reader] generated 240/500
[reader] generated 242/500
[reader] generated 244/500
[reader] generated 246/500
[reader] generated 248/500
[reader] generated 250/500
[reader] generated 252/500
[reader] generated 254/500
[reader] generated 256/500
[reader] generated 258/500
[reader] generated 260/500
[reader] generated 262/500
[reader] generated 264/500
[reader] generated 266/500
[reader] generated 268/500
[reader] generated 270/500
[reader] generated 272/500
[reader] generated 274/500
[reader] generated 276/500
[reader] generated 278/500
[reader] generated 280/500
[reader] generated 282/500
[reader] generated 284/500
[reader] generated 286/500
[reader] generated 288/500
[reader] generated 290/500
[reader] generated 292/500
[reader] generated 294/500
[reader] generated 296/500
[reader] generated 298/500
[reader] generated 300/500
[reader] generated 302/500
[reader] generated 304/500
[reader] generated 306/500
[reader] generated 308/500
[reader] generated 310/500
[reader] generated 312/500
[reader] generated 314/500
[reader] generated 316/500
[reader] generated 318/500
[reader] generated 320/500
[reader] generated 322/500
[reader] generated 324/500
[reader] generated 326/500
[reader] generated 328/500
[reader] generated 330/500
[reader] generated 332/500
[reader] generated 334/500
[reader] generated 336/500
[reader] generated 338/500
[reader] generated 340/500
[reader] generated 342/500
[reader] generated 344/500
[reader] generated 346/500
[reader] generated 348/500
[reader] generated 350/500
[reader] generated 352/500
[reader] generated 354/500
[reader] generated 356/500
[reader] generated 358/500
[reader] generated 360/500
[reader] generated 362/500
[reader] generated 364/500
[reader] generated 366/500
[reader] generated 368/500
[reader] generated 370/500
[reader] generated 372/500
[reader] generated 374/500
[reader] generated 376/500
[reader] generated 378/500
[reader] generated 380/500
[reader] generated 382/500
[reader] generated 384/500
[reader] generated 386/500
[reader] generated 388/500
[reader] generated 390/500
[reader] generated 392/500
[reader] generated 394/500
[reader] generated 396/500
[reader] generated 398/500
[reader] generated 400/500
[reader] generated 402/500
[reader] generated 404/500
[reader] generated 406/500
[reader] generated 408/500
[reader] generated 410/500
[reader] generated 412/500
[reader] generated 414/500
[reader] generated 416/500
[reader] generated 418/500
[reader] generated 420/500
[reader] generated 422/500
[reader] generated 424/500
[reader] generated 426/500
[reader] generated 428/500
[reader] generated 430/500
[reader] generated 432/500
[reader] generated 434/500
[reader] generated 436/500
[reader] generated 438/500
[reader] generated 440/500
[reader] generated 442/500
[reader] generated 444/500
[reader] generated 446/500
[reader] generated 448/500
[reader] generated 450/500
[reader] generated 452/500
[reader] generated 454/500
[reader] generated 456/500
[reader] generated 458/500
[reader] generated 460/500
[reader] generated 462/500
[reader] generated 464/500
[reader] generated 466/500
[reader] generated 468/500
[reader] generated 470/500
[reader] generated 472/500
[reader] generated 474/500
[reader] generated 476/500
[reader] generated 478/500
[reader] generated 480/500
[reader] generated 482/500
[reader] generated 484/500
[reader] generated 486/500
[reader] generated 488/500
[reader] generated 490/500
[reader] generated 492/500
[reader] generated 494/500
[reader] generated 496/500
[reader] generated 498/500
[reader] generated 500/500
[density] policy=ace_mmr_160, router_type=fixed, representation=ace, packer=mmr, reader_model=Qwen/Qwen2.5-7B-Instruct, packed_token_budget=160, recall@1=0.419, all_gold@1=0.0, recall@2=0.677, all_gold@2=0.422, recall@5=0.859, all_gold@5=0.726, qwen_em=0.29, qwen_f1=0.3559, avg_reader_evidence_tokens=149.78, mean_ans_in_context=0.61, mean_gold_token_density=0.4421, mean_gold_doc_reader_cov=0.726, mean_all_gold_reader=0.496, mean_distractor_docs=2.072, mean_context_tokens=149.78, mean_n_snippets=4.15
[density] materializing policy=ace_submod_160
[density] generating policy=ace_submod_160
[reader] generated 2/500
[reader] generated 4/500
[reader] generated 6/500
[reader] generated 8/500
[reader] generated 10/500
[reader] generated 12/500
[reader] generated 14/500
[reader] generated 16/500
[reader] generated 18/500
[reader] generated 20/500
[reader] generated 22/500
[reader] generated 24/500
[reader] generated 26/500
[reader] generated 28/500
[reader] generated 30/500
[reader] generated 32/500
[reader] generated 34/500
[reader] generated 36/500
[reader] generated 38/500
[reader] generated 40/500
[reader] generated 42/500
[reader] generated 44/500
[reader] generated 46/500
[reader] generated 48/500
[reader] generated 50/500
[reader] generated 52/500
[reader] generated 54/500
[reader] generated 56/500
[reader] generated 58/500
[reader] generated 60/500
[reader] generated 62/500
[reader] generated 64/500
[reader] generated 66/500
[reader] generated 68/500
[reader] generated 70/500
[reader] generated 72/500
[reader] generated 74/500
[reader] generated 76/500
[reader] generated 78/500
[reader] generated 80/500
[reader] generated 82/500
[reader] generated 84/500
[reader] generated 86/500
[reader] generated 88/500
[reader] generated 90/500
[reader] generated 92/500
[reader] generated 94/500
[reader] generated 96/500
[reader] generated 98/500
[reader] generated 100/500
[reader] generated 102/500
[reader] generated 104/500
[reader] generated 106/500
[reader] generated 108/500
[reader] generated 110/500
[reader] generated 112/500
[reader] generated 114/500
[reader] generated 116/500
[reader] generated 118/500
[reader] generated 120/500
[reader] generated 122/500
[reader] generated 124/500
[reader] generated 126/500
[reader] generated 128/500
[reader] generated 130/500
[reader] generated 132/500
[reader] generated 134/500
[reader] generated 136/500
[reader] generated 138/500
[reader] generated 140/500
[reader] generated 142/500
[reader] generated 144/500
[reader] generated 146/500
[reader] generated 148/500
[reader] generated 150/500
[reader] generated 152/500
[reader] generated 154/500
[reader] generated 156/500
[reader] generated 158/500
[reader] generated 160/500
[reader] generated 162/500
[reader] generated 164/500
[reader] generated 166/500
[reader] generated 168/500
[reader] generated 170/500
[reader] generated 172/500
[reader] generated 174/500
[reader] generated 176/500
[reader] generated 178/500
[reader] generated 180/500
[reader] generated 182/500
[reader] generated 184/500
[reader] generated 186/500
[reader] generated 188/500
[reader] generated 190/500
[reader] generated 192/500
[reader] generated 194/500
[reader] generated 196/500
[reader] generated 198/500
[reader] generated 200/500
[reader] generated 202/500
[reader] generated 204/500
[reader] generated 206/500
[reader] generated 208/500
[reader] generated 210/500
[reader] generated 212/500
[reader] generated 214/500
[reader] generated 216/500
[reader] generated 218/500
[reader] generated 220/500
[reader] generated 222/500
[reader] generated 224/500
[reader] generated 226/500
[reader] generated 228/500
[reader] generated 230/500
[reader] generated 232/500
[reader] generated 234/500
[reader] generated 236/500
[reader] generated 238/500
[reader] generated 240/500
[reader] generated 242/500
[reader] generated 244/500
[reader] generated 246/500
[reader] generated 248/500
[reader] generated 250/500
[reader] generated 252/500
[reader] generated 254/500
[reader] generated 256/500
[reader] generated 258/500
[reader] generated 260/500
[reader] generated 262/500
[reader] generated 264/500
[reader] generated 266/500
[reader] generated 268/500
[reader] generated 270/500
[reader] generated 272/500
[reader] generated 274/500
[reader] generated 276/500
[reader] generated 278/500
[reader] generated 280/500
[reader] generated 282/500
[reader] generated 284/500
[reader] generated 286/500
[reader] generated 288/500
[reader] generated 290/500
[reader] generated 292/500
[reader] generated 294/500
[reader] generated 296/500
[reader] generated 298/500
[reader] generated 300/500
[reader] generated 302/500
[reader] generated 304/500
[reader] generated 306/500
[reader] generated 308/500
[reader] generated 310/500
[reader] generated 312/500
[reader] generated 314/500
[reader] generated 316/500
[reader] generated 318/500
[reader] generated 320/500
[reader] generated 322/500
[reader] generated 324/500
[reader] generated 326/500
[reader] generated 328/500
[reader] generated 330/500
[reader] generated 332/500
[reader] generated 334/500
[reader] generated 336/500
[reader] generated 338/500
[reader] generated 340/500
[reader] generated 342/500
[reader] generated 344/500
[reader] generated 346/500
[reader] generated 348/500
[reader] generated 350/500
[reader] generated 352/500
[reader] generated 354/500
[reader] generated 356/500
[reader] generated 358/500
[reader] generated 360/500
[reader] generated 362/500
[reader] generated 364/500
[reader] generated 366/500
[reader] generated 368/500
[reader] generated 370/500
[reader] generated 372/500
[reader] generated 374/500
[reader] generated 376/500
[reader] generated 378/500
[reader] generated 380/500
[reader] generated 382/500
[reader] generated 384/500
[reader] generated 386/500
[reader] generated 388/500
[reader] generated 390/500
[reader] generated 392/500
[reader] generated 394/500
[reader] generated 396/500
[reader] generated 398/500
[reader] generated 400/500
[reader] generated 402/500
[reader] generated 404/500
[reader] generated 406/500
[reader] generated 408/500
[reader] generated 410/500
[reader] generated 412/500
[reader] generated 414/500
[reader] generated 416/500
[reader] generated 418/500
[reader] generated 420/500
[reader] generated 422/500
[reader] generated 424/500
[reader] generated 426/500
[reader] generated 428/500
[reader] generated 430/500
[reader] generated 432/500
[reader] generated 434/500
[reader] generated 436/500
[reader] generated 438/500
[reader] generated 440/500
[reader] generated 442/500
[reader] generated 444/500
[reader] generated 446/500
[reader] generated 448/500
[reader] generated 450/500
[reader] generated 452/500
[reader] generated 454/500
[reader] generated 456/500
[reader] generated 458/500
[reader] generated 460/500
[reader] generated 462/500
[reader] generated 464/500
[reader] generated 466/500
[reader] generated 468/500
[reader] generated 470/500
[reader] generated 472/500
[reader] generated 474/500
[reader] generated 476/500
[reader] generated 478/500
[reader] generated 480/500
[reader] generated 482/500
[reader] generated 484/500
[reader] generated 486/500
[reader] generated 488/500
[reader] generated 490/500
[reader] generated 492/500
[reader] generated 494/500
[reader] generated 496/500
[reader] generated 498/500
[reader] generated 500/500
[density] policy=ace_submod_160, router_type=fixed, representation=ace, packer=submod, reader_model=Qwen/Qwen2.5-7B-Instruct, packed_token_budget=160, recall@1=0.419, all_gold@1=0.0, recall@2=0.677, all_gold@2=0.422, recall@5=0.859, all_gold@5=0.726, qwen_em=0.268, qwen_f1=0.3439, avg_reader_evidence_tokens=147.4, mean_ans_in_context=0.612, mean_gold_token_density=0.4277, mean_gold_doc_reader_cov=0.758, mean_all_gold_reader=0.55, mean_distractor_docs=2.306, mean_context_tokens=147.398, mean_n_snippets=4.686
[density] policy=router_oracle_packer, router_type=oracle, representation=mixed, packer=oracle, reader_model=Qwen/Qwen2.5-7B-Instruct, packed_token_budget=160, selection_counts={"ace_focused_160": 96, "ace_mmr_160": 40, "ace_submod_160": 87, "chunk_focused_160": 76, "chunk_mmr_160": 27, "chunk_submod_160": 174}, qwen_em=0.448, qwen_f1=0.5559, avg_reader_evidence_tokens=141.68, mean_ans_in_context=0.696, mean_gold_token_density=0.5001, mean_gold_doc_reader_cov=0.78, mean_all_gold_reader=0.584, mean_distractor_docs=1.886, mean_context_tokens=141.676, mean_n_snippets=4.054
wrote /kaggle/working/colab_results/stage11_density_packer_hotpotqa_reader7b_4bit_budget160_limit500_seed42/hotpotqa_density_standard_budget160_limit500_metrics.csv
wrote /kaggle/working/colab_results/stage11_density_packer_hotpotqa_reader7b_4bit_budget160_limit500_seed42/hotpotqa_density_standard_budget160_limit500_per_question.csv
--- ladder reader7b_4bit (Qwen/Qwen2.5-7B-Instruct) seed 13 ---
$ /usr/bin/python3 -m experiments.run_density_router --dataset hotpotqa --split validation --limit 500 --seed 13 --ace-retriever standard --top-k 5 --top-k-nodes 48 --max-expanded-docs 5 --embedder sentence-transformers --embedding-model BAAI/bge-small-en-v1.5 --embed-device cuda --compressor truncate --compress-dims 320 --reader-backend hf --reader-model Qwen/Qwen2.5-7B-Instruct --reader-device cuda --reader-load-4bit --reader-batch-size 2 --mmr-lambda 0.7 --budget 160 --out-dir /kaggle/working/colab_results/stage11_density_packer_hotpotqa_reader7b_4bit_budget160_limit500_seed13
Using the latest cached version of the dataset since hotpotqa/hotpot_qa couldn't be found on the Hugging Face Hub
Found the latest cached dataset configuration 'distractor' at /root/.cache/huggingface/datasets/hotpotqa___hotpot_qa/distractor/0.0.0/1908d6afbbead072334abe2965f91bd2709910ab (last modified on Mon Jun 29 09:56:45 2026).
hotpotqa[hf:validation:500]: 4933 docs, 500 questions, 2.00 gold docs/question
[density] retrieving chunk baseline
2026-06-29 10:43:55.502922: E external/local_xla/xla/stream_executor/cuda/cuda_fft.cc:467] Unable to register cuFFT factory: Attempting to register factory for plugin cuFFT when one has already been registered
WARNING: All log messages before absl::InitializeLog() is called are written to STDERR
E0000 00:00:1782729835.527528     236 cuda_dnn.cc:8579] Unable to register cuDNN factory: Attempting to register factory for plugin cuDNN when one has already been registered
E0000 00:00:1782729835.535796     236 cuda_blas.cc:1407] Unable to register cuBLAS factory: Attempting to register factory for plugin cuBLAS when one has already been registered
W0000 00:00:1782729835.556636     236 computation_placer.cc:177] computation placer already registered. Please check linkage and avoid linking the same target more than once.
W0000 00:00:1782729835.556687     236 computation_placer.cc:177] computation placer already registered. Please check linkage and avoid linking the same target more than once.
W0000 00:00:1782729835.556693     236 computation_placer.cc:177] computation placer already registered. Please check linkage and avoid linking the same target more than once.
W0000 00:00:1782729835.556698     236 computation_placer.cc:177] computation placer already registered. Please check linkage and avoid linking the same target more than once.
[chunk] fitting/indexing
[embed] encoding 4933 texts on device=cuda:0

Batches:   0%|          | 0/78 [00:00<?, ?it/s]
Batches:   1%|▏         | 1/78 [00:00<01:11,  1.08it/s]
Batches:   3%|▎         | 2/78 [00:01<00:51,  1.47it/s]
Batches:   4%|▍         | 3/78 [00:01<00:41,  1.80it/s]
Batches:   5%|▌         | 4/78 [00:02<00:36,  2.03it/s]
Batches:   6%|▋         | 5/78 [00:02<00:31,  2.29it/s]
Batches:   8%|▊         | 6/78 [00:02<00:28,  2.56it/s]
Batches:   9%|▉         | 7/78 [00:03<00:26,  2.73it/s]
Batches:  10%|█         | 8/78 [00:03<00:24,  2.90it/s]
Batches:  12%|█▏        | 9/78 [00:03<00:23,  2.97it/s]
Batches:  13%|█▎        | 10/78 [00:04<00:21,  3.11it/s]
Batches:  14%|█▍        | 11/78 [00:04<00:20,  3.28it/s]
Batches:  15%|█▌        | 12/78 [00:04<00:19,  3.45it/s]
Batches:  17%|█▋        | 13/78 [00:04<00:17,  3.64it/s]
Batches:  18%|█▊        | 14/78 [00:05<00:16,  3.77it/s]
Batches:  19%|█▉        | 15/78 [00:05<00:16,  3.91it/s]
Batches:  21%|██        | 16/78 [00:05<00:15,  4.01it/s]
Batches:  22%|██▏       | 17/78 [00:05<00:14,  4.15it/s]
Batches:  23%|██▎       | 18/78 [00:06<00:14,  4.13it/s]
Batches:  24%|██▍       | 19/78 [00:06<00:13,  4.28it/s]
Batches:  26%|██▌       | 20/78 [00:06<00:12,  4.62it/s]
Batches:  27%|██▋       | 21/78 [00:06<00:11,  4.76it/s]
Batches:  28%|██▊       | 22/78 [00:06<00:11,  4.86it/s]
Batches:  29%|██▉       | 23/78 [00:07<00:11,  4.92it/s]
Batches:  31%|███       | 24/78 [00:07<00:10,  4.97it/s]
Batches:  32%|███▏      | 25/78 [00:07<00:10,  5.09it/s]
Batches:  33%|███▎      | 26/78 [00:07<00:10,  5.19it/s]
Batches:  35%|███▍      | 27/78 [00:07<00:09,  5.32it/s]
Batches:  36%|███▌      | 28/78 [00:07<00:09,  5.55it/s]
Batches:  37%|███▋      | 29/78 [00:08<00:08,  5.56it/s]
Batches:  38%|███▊      | 30/78 [00:08<00:08,  5.45it/s]
Batches:  40%|███▉      | 31/78 [00:08<00:08,  5.54it/s]
Batches:  41%|████      | 32/78 [00:08<00:08,  5.51it/s]
Batches:  42%|████▏     | 33/78 [00:08<00:07,  5.70it/s]
Batches:  44%|████▎     | 34/78 [00:08<00:07,  5.90it/s]
Batches:  45%|████▍     | 35/78 [00:09<00:06,  6.16it/s]
Batches:  46%|████▌     | 36/78 [00:09<00:06,  6.22it/s]
Batches:  47%|████▋     | 37/78 [00:09<00:06,  6.37it/s]
Batches:  49%|████▊     | 38/78 [00:09<00:06,  6.39it/s]
Batches:  50%|█████     | 39/78 [00:09<00:05,  6.66it/s]
Batches:  51%|█████▏    | 40/78 [00:09<00:05,  6.57it/s]
Batches:  53%|█████▎    | 41/78 [00:10<00:05,  6.65it/s]
Batches:  54%|█████▍    | 42/78 [00:10<00:05,  6.69it/s]
Batches:  55%|█████▌    | 43/78 [00:10<00:05,  6.58it/s]
Batches:  56%|█████▋    | 44/78 [00:10<00:04,  6.95it/s]
Batches:  58%|█████▊    | 45/78 [00:10<00:05,  6.52it/s]
Batches:  59%|█████▉    | 46/78 [00:10<00:04,  6.62it/s]
Batches:  60%|██████    | 47/78 [00:10<00:04,  6.81it/s]
Batches:  62%|██████▏   | 48/78 [00:11<00:04,  7.15it/s]
Batches:  63%|██████▎   | 49/78 [00:11<00:03,  7.51it/s]
Batches:  64%|██████▍   | 50/78 [00:11<00:03,  7.62it/s]
Batches:  65%|██████▌   | 51/78 [00:11<00:03,  7.87it/s]
Batches:  67%|██████▋   | 52/78 [00:11<00:03,  8.15it/s]
Batches:  68%|██████▊   | 53/78 [00:11<00:02,  8.39it/s]
Batches:  69%|██████▉   | 54/78 [00:11<00:02,  8.76it/s]
Batches:  71%|███████   | 55/78 [00:11<00:02,  8.98it/s]
Batches:  72%|███████▏  | 56/78 [00:11<00:02,  9.12it/s]
Batches:  73%|███████▎  | 57/78 [00:12<00:02,  9.22it/s]
Batches:  74%|███████▍  | 58/78 [00:12<00:02,  9.39it/s]
Batches:  76%|███████▌  | 59/78 [00:12<00:02,  9.31it/s]
Batches:  77%|███████▋  | 60/78 [00:12<00:01,  9.48it/s]
Batches:  79%|███████▉  | 62/78 [00:12<00:01, 10.21it/s]
Batches:  82%|████████▏ | 64/78 [00:12<00:01, 10.54it/s]
Batches:  85%|████████▍ | 66/78 [00:12<00:01, 10.78it/s]
Batches:  87%|████████▋ | 68/78 [00:13<00:00, 11.12it/s]
Batches:  90%|████████▉ | 70/78 [00:13<00:00, 11.79it/s]
Batches:  92%|█████████▏| 72/78 [00:13<00:00, 12.25it/s]
Batches:  95%|█████████▍| 74/78 [00:13<00:00, 13.43it/s]
Batches:  99%|█████████▊| 77/78 [00:13<00:00, 16.22it/s]
Batches: 100%|██████████| 78/78 [00:13<00:00,  5.73it/s]
[chunk] retrieving
[embed] encoding 500 texts on device=cuda:0

Batches:   0%|          | 0/8 [00:00<?, ?it/s]
Batches:  38%|███▊      | 3/8 [00:00<00:00, 28.11it/s]
Batches:  88%|████████▊ | 7/8 [00:00<00:00, 33.12it/s]
Batches: 100%|██████████| 8/8 [00:00<00:00, 34.17it/s]
[density] retrieving ACE graph
[ace] building evidence graph
[ace] graph built: nodes=50334 edges=77031
[ace] fitting/indexing embeddings
[embed] encoding 45401 texts on device=cuda:0

Batches:   0%|          | 0/710 [00:00<?, ?it/s]
Batches:   0%|          | 1/710 [00:00<05:45,  2.05it/s]
Batches:   0%|          | 2/710 [00:00<03:31,  3.35it/s]
Batches:   0%|          | 3/710 [00:00<02:32,  4.64it/s]
Batches:   1%|          | 4/710 [00:00<02:05,  5.64it/s]
Batches:   1%|          | 5/710 [00:00<01:45,  6.65it/s]
Batches:   1%|          | 6/710 [00:01<01:34,  7.46it/s]
Batches:   1%|          | 8/710 [00:01<01:23,  8.42it/s]
Batches:   1%|▏         | 9/710 [00:01<01:20,  8.74it/s]
Batches:   2%|▏         | 11/710 [00:01<01:15,  9.30it/s]
Batches:   2%|▏         | 13/710 [00:01<01:10,  9.94it/s]
Batches:   2%|▏         | 15/710 [00:01<01:10,  9.92it/s]
Batches:   2%|▏         | 17/710 [00:02<01:06, 10.44it/s]
Batches:   3%|▎         | 19/710 [00:02<01:04, 10.80it/s]
Batches:   3%|▎         | 21/710 [00:02<01:01, 11.25it/s]
Batches:   3%|▎         | 23/710 [00:02<00:59, 11.58it/s]
Batches:   4%|▎         | 25/710 [00:02<00:58, 11.72it/s]
Batches:   4%|▍         | 27/710 [00:02<00:55, 12.36it/s]
Batches:   4%|▍         | 29/710 [00:03<00:54, 12.49it/s]
Batches:   4%|▍         | 31/710 [00:03<00:56, 12.02it/s]
Batches:   5%|▍         | 33/710 [00:03<00:54, 12.45it/s]
Batches:   5%|▍         | 35/710 [00:03<00:52, 12.97it/s]
Batches:   5%|▌         | 37/710 [00:03<00:50, 13.30it/s]
Batches:   5%|▌         | 39/710 [00:03<00:49, 13.66it/s]
Batches:   6%|▌         | 41/710 [00:03<00:45, 14.59it/s]
Batches:   6%|▌         | 43/710 [00:04<00:47, 13.97it/s]
Batches:   6%|▋         | 45/710 [00:04<00:46, 14.25it/s]
Batches:   7%|▋         | 47/710 [00:04<00:47, 13.87it/s]
Batches:   7%|▋         | 49/710 [00:04<00:46, 14.16it/s]
Batches:   7%|▋         | 51/710 [00:04<00:44, 14.70it/s]
Batches:   7%|▋         | 53/710 [00:04<00:44, 14.63it/s]
Batches:   8%|▊         | 55/710 [00:04<00:44, 14.68it/s]
Batches:   8%|▊         | 57/710 [00:05<00:42, 15.46it/s]
Batches:   8%|▊         | 59/710 [00:05<00:40, 16.18it/s]
Batches:   9%|▊         | 61/710 [00:05<00:42, 15.33it/s]
Batches:   9%|▉         | 63/710 [00:05<00:40, 15.89it/s]
Batches:   9%|▉         | 65/710 [00:05<00:38, 16.57it/s]
Batches:   9%|▉         | 67/710 [00:05<00:39, 16.13it/s]
Batches:  10%|▉         | 69/710 [00:05<00:38, 16.70it/s]
Batches:  10%|█         | 71/710 [00:05<00:37, 17.10it/s]
Batches:  10%|█         | 73/710 [00:06<00:36, 17.34it/s]
Batches:  11%|█         | 75/710 [00:06<00:37, 16.75it/s]
Batches:  11%|█         | 77/710 [00:06<00:37, 17.01it/s]
Batches:  11%|█         | 79/710 [00:06<00:36, 17.07it/s]
Batches:  11%|█▏        | 81/710 [00:06<00:36, 17.20it/s]
Batches:  12%|█▏        | 83/710 [00:06<00:35, 17.64it/s]
Batches:  12%|█▏        | 85/710 [00:06<00:35, 17.49it/s]
Batches:  12%|█▏        | 87/710 [00:06<00:36, 17.11it/s]
Batches:  13%|█▎        | 89/710 [00:06<00:35, 17.42it/s]
Batches:  13%|█▎        | 91/710 [00:07<00:34, 17.76it/s]
Batches:  13%|█▎        | 93/710 [00:07<00:34, 17.94it/s]
Batches:  14%|█▎        | 96/710 [00:07<00:32, 18.88it/s]
Batches:  14%|█▍        | 99/710 [00:07<00:31, 19.64it/s]
Batches:  14%|█▍        | 102/710 [00:07<00:31, 19.51it/s]
Batches:  15%|█▍        | 104/710 [00:07<00:31, 19.34it/s]
Batches:  15%|█▍        | 106/710 [00:07<00:31, 19.07it/s]
Batches:  15%|█▌        | 109/710 [00:07<00:30, 19.54it/s]
Batches:  16%|█▌        | 112/710 [00:08<00:29, 20.24it/s]
Batches:  16%|█▌        | 115/710 [00:08<00:29, 20.49it/s]
Batches:  17%|█▋        | 118/710 [00:08<00:29, 20.37it/s]
Batches:  17%|█▋        | 121/710 [00:08<00:27, 21.07it/s]
Batches:  17%|█▋        | 124/710 [00:08<00:28, 20.81it/s]
Batches:  18%|█▊        | 127/710 [00:08<00:27, 21.45it/s]
Batches:  18%|█▊        | 130/710 [00:08<00:27, 21.29it/s]
Batches:  19%|█▊        | 133/710 [00:09<00:26, 21.63it/s]
Batches:  19%|█▉        | 136/710 [00:09<00:26, 21.54it/s]
Batches:  20%|█▉        | 139/710 [00:09<00:26, 21.26it/s]
Batches:  20%|██        | 142/710 [00:09<00:26, 21.16it/s]
Batches:  20%|██        | 145/710 [00:09<00:26, 21.63it/s]
Batches:  21%|██        | 148/710 [00:09<00:26, 21.06it/s]
Batches:  21%|██▏       | 151/710 [00:09<00:26, 21.41it/s]
Batches:  22%|██▏       | 154/710 [00:10<00:25, 22.08it/s]
Batches:  22%|██▏       | 157/710 [00:10<00:24, 22.79it/s]
Batches:  23%|██▎       | 160/710 [00:10<00:23, 23.57it/s]
Batches:  23%|██▎       | 163/710 [00:10<00:23, 22.98it/s]
Batches:  23%|██▎       | 166/710 [00:10<00:23, 23.34it/s]
Batches:  24%|██▍       | 169/710 [00:10<00:22, 23.66it/s]
Batches:  24%|██▍       | 172/710 [00:10<00:22, 23.85it/s]
Batches:  25%|██▍       | 175/710 [00:10<00:22, 23.64it/s]
Batches:  25%|██▌       | 178/710 [00:11<00:21, 24.49it/s]
Batches:  25%|██▌       | 181/710 [00:11<00:21, 24.35it/s]
Batches:  26%|██▌       | 184/710 [00:11<00:21, 24.64it/s]
Batches:  26%|██▋       | 187/710 [00:11<00:21, 24.73it/s]
Batches:  27%|██▋       | 190/710 [00:11<00:20, 25.18it/s]
Batches:  27%|██▋       | 193/710 [00:11<00:19, 25.86it/s]
Batches:  28%|██▊       | 196/710 [00:11<00:19, 26.01it/s]
Batches:  28%|██▊       | 199/710 [00:11<00:19, 26.56it/s]
Batches:  28%|██▊       | 202/710 [00:11<00:18, 26.83it/s]
Batches:  29%|██▉       | 205/710 [00:12<00:18, 27.21it/s]
Batches:  29%|██▉       | 208/710 [00:12<00:18, 27.22it/s]
Batches:  30%|██▉       | 211/710 [00:12<00:18, 27.17it/s]
Batches:  30%|███       | 214/710 [00:12<00:18, 27.50it/s]
Batches:  31%|███       | 217/710 [00:12<00:17, 27.96it/s]
Batches:  31%|███       | 220/710 [00:12<00:18, 26.64it/s]
Batches:  31%|███▏      | 223/710 [00:12<00:17, 27.52it/s]
Batches:  32%|███▏      | 227/710 [00:12<00:17, 28.28it/s]
Batches:  32%|███▏      | 230/710 [00:12<00:16, 28.72it/s]
Batches:  33%|███▎      | 233/710 [00:13<00:18, 25.82it/s]
Batches:  33%|███▎      | 236/710 [00:13<00:17, 26.68it/s]
Batches:  34%|███▍      | 240/710 [00:13<00:16, 27.94it/s]
Batches:  34%|███▍      | 243/710 [00:13<00:16, 28.41it/s]
Batches:  35%|███▍      | 247/710 [00:13<00:15, 29.50it/s]
Batches:  35%|███▌      | 251/710 [00:13<00:15, 30.09it/s]
Batches:  36%|███▌      | 255/710 [00:13<00:15, 30.10it/s]
Batches:  36%|███▋      | 259/710 [00:13<00:14, 30.65it/s]
Batches:  37%|███▋      | 263/710 [00:14<00:14, 30.98it/s]
Batches:  38%|███▊      | 267/710 [00:14<00:13, 31.66it/s]
Batches:  38%|███▊      | 271/710 [00:14<00:13, 31.42it/s]
Batches:  39%|███▊      | 275/710 [00:14<00:13, 32.15it/s]
Batches:  39%|███▉      | 279/710 [00:14<00:12, 33.20it/s]
Batches:  40%|███▉      | 283/710 [00:14<00:12, 34.09it/s]
Batches:  40%|████      | 287/710 [00:14<00:12, 33.64it/s]
Batches:  41%|████      | 291/710 [00:14<00:12, 34.23it/s]
Batches:  42%|████▏     | 295/710 [00:14<00:11, 35.61it/s]
Batches:  42%|████▏     | 299/710 [00:15<00:11, 36.67it/s]
Batches:  43%|████▎     | 303/710 [00:15<00:11, 36.87it/s]
Batches:  43%|████▎     | 307/710 [00:15<00:10, 37.33it/s]
Batches:  44%|████▍     | 311/710 [00:15<00:10, 37.85it/s]
Batches:  45%|████▍     | 316/710 [00:15<00:10, 39.17it/s]
Batches:  45%|████▌     | 321/710 [00:15<00:09, 41.28it/s]
Batches:  46%|████▌     | 326/710 [00:15<00:08, 43.31it/s]
Batches:  47%|████▋     | 332/710 [00:15<00:08, 45.65it/s]
Batches:  48%|████▊     | 338/710 [00:15<00:07, 48.35it/s]
Batches:  48%|████▊     | 344/710 [00:16<00:07, 51.01it/s]
Batches:  49%|████▉     | 351/710 [00:16<00:06, 54.74it/s]
Batches:  50%|█████     | 358/710 [00:16<00:06, 57.64it/s]
Batches:  51%|█████▏    | 365/710 [00:16<00:05, 60.52it/s]
Batches:  53%|█████▎    | 373/710 [00:16<00:05, 63.85it/s]
Batches:  54%|█████▎    | 380/710 [00:16<00:05, 65.12it/s]
Batches:  55%|█████▍    | 387/710 [00:16<00:04, 66.39it/s]
Batches:  56%|█████▌    | 395/710 [00:16<00:04, 69.13it/s]
Batches:  57%|█████▋    | 402/710 [00:16<00:04, 69.37it/s]
Batches:  58%|█████▊    | 410/710 [00:17<00:04, 72.37it/s]
Batches:  59%|█████▉    | 418/710 [00:17<00:03, 73.94it/s]
Batches:  60%|██████    | 426/710 [00:17<00:03, 74.97it/s]
Batches:  61%|██████▏   | 435/710 [00:17<00:03, 76.68it/s]
Batches:  62%|██████▏   | 443/710 [00:17<00:03, 77.49it/s]
Batches:  64%|██████▎   | 452/710 [00:17<00:03, 79.57it/s]
Batches:  65%|██████▍   | 461/710 [00:17<00:03, 81.15it/s]
Batches:  66%|██████▌   | 470/710 [00:17<00:03, 79.78it/s]
Batches:  67%|██████▋   | 479/710 [00:17<00:02, 81.81it/s]
Batches:  69%|██████▊   | 488/710 [00:17<00:02, 82.11it/s]
Batches:  70%|███████   | 497/710 [00:18<00:02, 83.32it/s]
Batches:  71%|███████▏  | 506/710 [00:18<00:02, 84.11it/s]
Batches:  73%|███████▎  | 515/710 [00:18<00:02, 85.50it/s]
Batches:  74%|███████▍  | 525/710 [00:18<00:02, 87.28it/s]
Batches:  75%|███████▌  | 535/710 [00:18<00:01, 88.68it/s]
Batches:  77%|███████▋  | 545/710 [00:18<00:01, 89.09it/s]
Batches:  78%|███████▊  | 554/710 [00:18<00:01, 88.56it/s]
Batches:  79%|███████▉  | 564/710 [00:18<00:01, 90.68it/s]
Batches:  81%|████████  | 574/710 [00:18<00:01, 91.77it/s]
Batches:  82%|████████▏ | 584/710 [00:19<00:01, 92.77it/s]
Batches:  84%|████████▎ | 594/710 [00:19<00:01, 93.47it/s]
Batches:  85%|████████▌ | 604/710 [00:19<00:01, 94.78it/s]
Batches:  86%|████████▋ | 614/710 [00:19<00:01, 95.23it/s]
Batches:  88%|████████▊ | 624/710 [00:19<00:00, 95.96it/s]
Batches:  89%|████████▉ | 634/710 [00:19<00:00, 95.96it/s]
Batches:  91%|█████████ | 644/710 [00:19<00:00, 96.11it/s]
Batches:  92%|█████████▏| 654/710 [00:19<00:00, 95.85it/s]
Batches:  94%|█████████▎| 664/710 [00:19<00:00, 96.42it/s]
Batches:  95%|█████████▍| 674/710 [00:19<00:00, 93.39it/s]
Batches:  96%|█████████▋| 684/710 [00:20<00:00, 88.78it/s]
Batches:  98%|█████████▊| 694/710 [00:20<00:00, 91.00it/s]
Batches:  99%|█████████▉| 704/710 [00:20<00:00, 92.60it/s]
Batches: 100%|██████████| 710/710 [00:20<00:00, 34.86it/s]
[ace] retrieving
[embed] encoding 500 texts on device=cuda:0

Batches:   0%|          | 0/8 [00:00<?, ?it/s]
Batches:  38%|███▊      | 3/8 [00:00<00:00, 27.19it/s]
Batches:  88%|████████▊ | 7/8 [00:00<00:00, 31.60it/s]
Batches: 100%|██████████| 8/8 [00:00<00:00, 32.65it/s]
[density] loading reader once
`torch_dtype` is deprecated! Use `dtype` instead!

Loading checkpoint shards:   0%|          | 0/4 [00:00<?, ?it/s]
Loading checkpoint shards:  25%|██▌       | 1/4 [00:04<00:12,  4.28s/it]
Loading checkpoint shards:  50%|█████     | 2/4 [00:12<00:13,  6.78s/it]
Loading checkpoint shards:  75%|███████▌  | 3/4 [00:31<00:12, 12.25s/it]
Loading checkpoint shards: 100%|██████████| 4/4 [00:35<00:00,  8.84s/it]
Loading checkpoint shards: 100%|██████████| 4/4 [00:35<00:00,  8.80s/it]
[reader] loaded Qwen/Qwen2.5-7B-Instruct (device_map=auto, 4bit=True) entry=cuda:0
[density] materializing policy=chunk_packed_160
[density] generating policy=chunk_packed_160
The following generation flags are not valid and may be ignored: ['temperature', 'top_p', 'top_k']. Set `TRANSFORMERS_VERBOSITY=info` for more details.
[reader] generated 2/500
[reader] generated 4/500
[reader] generated 6/500
[reader] generated 8/500
[reader] generated 10/500
[reader] generated 12/500
[reader] generated 14/500
[reader] generated 16/500
[reader] generated 18/500
[reader] generated 20/500
[reader] generated 22/500
[reader] generated 24/500
[reader] generated 26/500
[reader] generated 28/500
[reader] generated 30/500
[reader] generated 32/500
[reader] generated 34/500
[reader] generated 36/500
[reader] generated 38/500
[reader] generated 40/500
[reader] generated 42/500
[reader] generated 44/500
[reader] generated 46/500
[reader] generated 48/500
[reader] generated 50/500
[reader] generated 52/500
[reader] generated 54/500
[reader] generated 56/500
[reader] generated 58/500
[reader] generated 60/500
[reader] generated 62/500
[reader] generated 64/500
[reader] generated 66/500
[reader] generated 68/500
[reader] generated 70/500
[reader] generated 72/500
[reader] generated 74/500
[reader] generated 76/500
[reader] generated 78/500
[reader] generated 80/500
[reader] generated 82/500
[reader] generated 84/500
[reader] generated 86/500
[reader] generated 88/500
[reader] generated 90/500
[reader] generated 92/500
[reader] generated 94/500
[reader] generated 96/500
[reader] generated 98/500
[reader] generated 100/500
[reader] generated 102/500
[reader] generated 104/500
[reader] generated 106/500
[reader] generated 108/500
[reader] generated 110/500
[reader] generated 112/500
[reader] generated 114/500
[reader] generated 116/500
[reader] generated 118/500
[reader] generated 120/500
[reader] generated 122/500
[reader] generated 124/500
[reader] generated 126/500
[reader] generated 128/500
[reader] generated 130/500
[reader] generated 132/500
[reader] generated 134/500
[reader] generated 136/500
[reader] generated 138/500
[reader] generated 140/500
[reader] generated 142/500
[reader] generated 144/500
[reader] generated 146/500
[reader] generated 148/500
[reader] generated 150/500
[reader] generated 152/500
[reader] generated 154/500
[reader] generated 156/500
[reader] generated 158/500
[reader] generated 160/500
[reader] generated 162/500
[reader] generated 164/500
[reader] generated 166/500
[reader] generated 168/500
[reader] generated 170/500
[reader] generated 172/500
[reader] generated 174/500
[reader] generated 176/500
[reader] generated 178/500
[reader] generated 180/500
[reader] generated 182/500
[reader] generated 184/500
[reader] generated 186/500
[reader] generated 188/500
[reader] generated 190/500
[reader] generated 192/500
[reader] generated 194/500
[reader] generated 196/500
[reader] generated 198/500
[reader] generated 200/500
[reader] generated 202/500
[reader] generated 204/500
[reader] generated 206/500
[reader] generated 208/500
[reader] generated 210/500
[reader] generated 212/500
[reader] generated 214/500
[reader] generated 216/500
[reader] generated 218/500
[reader] generated 220/500
[reader] generated 222/500
[reader] generated 224/500
[reader] generated 226/500
[reader] generated 228/500
[reader] generated 230/500
[reader] generated 232/500
[reader] generated 234/500
[reader] generated 236/500
[reader] generated 238/500
[reader] generated 240/500
[reader] generated 242/500
[reader] generated 244/500
[reader] generated 246/500
[reader] generated 248/500
[reader] generated 250/500
[reader] generated 252/500
[reader] generated 254/500
[reader] generated 256/500
[reader] generated 258/500
[reader] generated 260/500
[reader] generated 262/500
[reader] generated 264/500
[reader] generated 266/500
[reader] generated 268/500
[reader] generated 270/500
[reader] generated 272/500
[reader] generated 274/500
[reader] generated 276/500
[reader] generated 278/500
[reader] generated 280/500
[reader] generated 282/500
[reader] generated 284/500
[reader] generated 286/500
[reader] generated 288/500
[reader] generated 290/500
[reader] generated 292/500
[reader] generated 294/500
[reader] generated 296/500
[reader] generated 298/500
[reader] generated 300/500
[reader] generated 302/500
[reader] generated 304/500
[reader] generated 306/500
[reader] generated 308/500
[reader] generated 310/500
[reader] generated 312/500
[reader] generated 314/500
[reader] generated 316/500
[reader] generated 318/500
[reader] generated 320/500
[reader] generated 322/500
[reader] generated 324/500
[reader] generated 326/500
[reader] generated 328/500
[reader] generated 330/500
[reader] generated 332/500
[reader] generated 334/500
[reader] generated 336/500
[reader] generated 338/500
[reader] generated 340/500
[reader] generated 342/500
[reader] generated 344/500
[reader] generated 346/500
[reader] generated 348/500
[reader] generated 350/500
[reader] generated 352/500
[reader] generated 354/500
[reader] generated 356/500
[reader] generated 358/500
[reader] generated 360/500
[reader] generated 362/500
[reader] generated 364/500
[reader] generated 366/500
[reader] generated 368/500
[reader] generated 370/500
[reader] generated 372/500
[reader] generated 374/500
[reader] generated 376/500
[reader] generated 378/500
[reader] generated 380/500
[reader] generated 382/500
[reader] generated 384/500
[reader] generated 386/500
[reader] generated 388/500
[reader] generated 390/500
[reader] generated 392/500
[reader] generated 394/500
[reader] generated 396/500
[reader] generated 398/500
[reader] generated 400/500
[reader] generated 402/500
[reader] generated 404/500
[reader] generated 406/500
[reader] generated 408/500
[reader] generated 410/500
[reader] generated 412/500
[reader] generated 414/500
[reader] generated 416/500
[reader] generated 418/500
[reader] generated 420/500
[reader] generated 422/500
[reader] generated 424/500
[reader] generated 426/500
[reader] generated 428/500
[reader] generated 430/500
[reader] generated 432/500
[reader] generated 434/500
[reader] generated 436/500
[reader] generated 438/500
[reader] generated 440/500
[reader] generated 442/500
[reader] generated 444/500
[reader] generated 446/500
[reader] generated 448/500
[reader] generated 450/500
[reader] generated 452/500
[reader] generated 454/500
[reader] generated 456/500
[reader] generated 458/500
[reader] generated 460/500
[reader] generated 462/500
[reader] generated 464/500
[reader] generated 466/500
[reader] generated 468/500
[reader] generated 470/500
[reader] generated 472/500
[reader] generated 474/500
[reader] generated 476/500
[reader] generated 478/500
[reader] generated 480/500
[reader] generated 482/500
[reader] generated 484/500
[reader] generated 486/500
[reader] generated 488/500
[reader] generated 490/500
[reader] generated 492/500
[reader] generated 494/500
[reader] generated 496/500
[reader] generated 498/500
[reader] generated 500/500
[density] policy=chunk_packed_160, router_type=fixed, representation=chunk, packer=packed, reader_model=Qwen/Qwen2.5-7B-Instruct, packed_token_budget=160, recall@1=0.437, all_gold@1=0.0, recall@2=0.718, all_gold@2=0.496, recall@5=0.875, all_gold@5=0.762, qwen_em=0.23, qwen_f1=0.3012, avg_reader_evidence_tokens=150.79, mean_ans_in_context=0.576, mean_gold_token_density=0.408, mean_gold_doc_reader_cov=0.685, mean_all_gold_reader=0.446, mean_distractor_docs=1.984, mean_context_tokens=150.786, mean_n_snippets=3.502
[density] materializing policy=chunk_focused_160
[density] generating policy=chunk_focused_160
[reader] generated 2/500
[reader] generated 4/500
[reader] generated 6/500
[reader] generated 8/500
[reader] generated 10/500
[reader] generated 12/500
[reader] generated 14/500
[reader] generated 16/500
[reader] generated 18/500
[reader] generated 20/500
[reader] generated 22/500
[reader] generated 24/500
[reader] generated 26/500
[reader] generated 28/500
[reader] generated 30/500
[reader] generated 32/500
[reader] generated 34/500
[reader] generated 36/500
[reader] generated 38/500
[reader] generated 40/500
[reader] generated 42/500
[reader] generated 44/500
[reader] generated 46/500
[reader] generated 48/500
[reader] generated 50/500
[reader] generated 52/500
[reader] generated 54/500
[reader] generated 56/500
[reader] generated 58/500
[reader] generated 60/500
[reader] generated 62/500
[reader] generated 64/500
[reader] generated 66/500
[reader] generated 68/500
[reader] generated 70/500
[reader] generated 72/500
[reader] generated 74/500
[reader] generated 76/500
[reader] generated 78/500
[reader] generated 80/500
[reader] generated 82/500
[reader] generated 84/500
[reader] generated 86/500
[reader] generated 88/500
[reader] generated 90/500
[reader] generated 92/500
[reader] generated 94/500
[reader] generated 96/500
[reader] generated 98/500
[reader] generated 100/500
[reader] generated 102/500
[reader] generated 104/500
[reader] generated 106/500
[reader] generated 108/500
[reader] generated 110/500
[reader] generated 112/500
[reader] generated 114/500
[reader] generated 116/500
[reader] generated 118/500
[reader] generated 120/500
[reader] generated 122/500
[reader] generated 124/500
[reader] generated 126/500
[reader] generated 128/500
[reader] generated 130/500
[reader] generated 132/500
[reader] generated 134/500
[reader] generated 136/500
[reader] generated 138/500
[reader] generated 140/500
[reader] generated 142/500
[reader] generated 144/500
[reader] generated 146/500
[reader] generated 148/500
[reader] generated 150/500
[reader] generated 152/500
[reader] generated 154/500
[reader] generated 156/500
[reader] generated 158/500
[reader] generated 160/500
[reader] generated 162/500
[reader] generated 164/500
[reader] generated 166/500
[reader] generated 168/500
[reader] generated 170/500
[reader] generated 172/500
[reader] generated 174/500
[reader] generated 176/500
[reader] generated 178/500
[reader] generated 180/500
[reader] generated 182/500
[reader] generated 184/500
[reader] generated 186/500
[reader] generated 188/500
[reader] generated 190/500
[reader] generated 192/500
[reader] generated 194/500
[reader] generated 196/500
[reader] generated 198/500
[reader] generated 200/500
[reader] generated 202/500
[reader] generated 204/500
[reader] generated 206/500
[reader] generated 208/500
[reader] generated 210/500
[reader] generated 212/500
[reader] generated 214/500
[reader] generated 216/500
[reader] generated 218/500
[reader] generated 220/500
[reader] generated 222/500
[reader] generated 224/500
[reader] generated 226/500
[reader] generated 228/500
[reader] generated 230/500
[reader] generated 232/500
[reader] generated 234/500
[reader] generated 236/500
[reader] generated 238/500
[reader] generated 240/500
[reader] generated 242/500
[reader] generated 244/500
[reader] generated 246/500
[reader] generated 248/500
[reader] generated 250/500
[reader] generated 252/500
[reader] generated 254/500
[reader] generated 256/500
[reader] generated 258/500
[reader] generated 260/500
[reader] generated 262/500
[reader] generated 264/500
[reader] generated 266/500
[reader] generated 268/500
[reader] generated 270/500
[reader] generated 272/500
[reader] generated 274/500
[reader] generated 276/500
[reader] generated 278/500
[reader] generated 280/500
[reader] generated 282/500
[reader] generated 284/500
[reader] generated 286/500
[reader] generated 288/500
[reader] generated 290/500
[reader] generated 292/500
[reader] generated 294/500
[reader] generated 296/500
[reader] generated 298/500
[reader] generated 300/500
[reader] generated 302/500
[reader] generated 304/500
[reader] generated 306/500
[reader] generated 308/500
[reader] generated 310/500
[reader] generated 312/500
[reader] generated 314/500
[reader] generated 316/500
[reader] generated 318/500
[reader] generated 320/500
[reader] generated 322/500
[reader] generated 324/500
[reader] generated 326/500
[reader] generated 328/500
[reader] generated 330/500
[reader] generated 332/500
[reader] generated 334/500
[reader] generated 336/500
[reader] generated 338/500
[reader] generated 340/500
[reader] generated 342/500
[reader] generated 344/500
[reader] generated 346/500
[reader] generated 348/500
[reader] generated 350/500
[reader] generated 352/500
[reader] generated 354/500
[reader] generated 356/500
[reader] generated 358/500
[reader] generated 360/500
[reader] generated 362/500
[reader] generated 364/500
[reader] generated 366/500
[reader] generated 368/500
[reader] generated 370/500
[reader] generated 372/500
[reader] generated 374/500
[reader] generated 376/500
[reader] generated 378/500
[reader] generated 380/500
[reader] generated 382/500
[reader] generated 384/500
[reader] generated 386/500
[reader] generated 388/500
[reader] generated 390/500
[reader] generated 392/500
[reader] generated 394/500
[reader] generated 396/500
[reader] generated 398/500
[reader] generated 400/500
[reader] generated 402/500
[reader] generated 404/500
[reader] generated 406/500
[reader] generated 408/500
[reader] generated 410/500
[reader] generated 412/500
[reader] generated 414/500
[reader] generated 416/500
[reader] generated 418/500
[reader] generated 420/500
[reader] generated 422/500
[reader] generated 424/500
[reader] generated 426/500
[reader] generated 428/500
[reader] generated 430/500
[reader] generated 432/500
[reader] generated 434/500
[reader] generated 436/500
[reader] generated 438/500
[reader] generated 440/500
[reader] generated 442/500
[reader] generated 444/500
[reader] generated 446/500
[reader] generated 448/500
[reader] generated 450/500
[reader] generated 452/500
[reader] generated 454/500
[reader] generated 456/500
[reader] generated 458/500
[reader] generated 460/500
[reader] generated 462/500
[reader] generated 464/500
[reader] generated 466/500
[reader] generated 468/500
[reader] generated 470/500
[reader] generated 472/500
[reader] generated 474/500
[reader] generated 476/500
[reader] generated 478/500
[reader] generated 480/500
[reader] generated 482/500
[reader] generated 484/500
[reader] generated 486/500
[reader] generated 488/500
[reader] generated 490/500
[reader] generated 492/500
[reader] generated 494/500
[reader] generated 496/500
[reader] generated 498/500
[reader] generated 500/500
[density] policy=chunk_focused_160, router_type=fixed, representation=chunk, packer=focused, reader_model=Qwen/Qwen2.5-7B-Instruct, packed_token_budget=160, recall@1=0.437, all_gold@1=0.0, recall@2=0.718, all_gold@2=0.496, recall@5=0.875, all_gold@5=0.762, qwen_em=0.282, qwen_f1=0.3729, avg_reader_evidence_tokens=151.89, mean_ans_in_context=0.644, mean_gold_token_density=0.5325, mean_gold_doc_reader_cov=0.748, mean_all_gold_reader=0.54, mean_distractor_docs=1.536, mean_context_tokens=151.888, mean_n_snippets=3.236
[density] materializing policy=chunk_mmr_160
[density] generating policy=chunk_mmr_160
[reader] generated 2/500
[reader] generated 4/500
[reader] generated 6/500
[reader] generated 8/500
[reader] generated 10/500
[reader] generated 12/500
[reader] generated 14/500
[reader] generated 16/500
[reader] generated 18/500
[reader] generated 20/500
[reader] generated 22/500
[reader] generated 24/500
[reader] generated 26/500
[reader] generated 28/500
[reader] generated 30/500
[reader] generated 32/500
[reader] generated 34/500
[reader] generated 36/500
[reader] generated 38/500
[reader] generated 40/500
[reader] generated 42/500
[reader] generated 44/500
[reader] generated 46/500
[reader] generated 48/500
[reader] generated 50/500
[reader] generated 52/500
[reader] generated 54/500
[reader] generated 56/500
[reader] generated 58/500
[reader] generated 60/500
[reader] generated 62/500
[reader] generated 64/500
[reader] generated 66/500
[reader] generated 68/500
[reader] generated 70/500
[reader] generated 72/500
[reader] generated 74/500
[reader] generated 76/500
[reader] generated 78/500
[reader] generated 80/500
[reader] generated 82/500
[reader] generated 84/500
[reader] generated 86/500
[reader] generated 88/500
[reader] generated 90/500
[reader] generated 92/500
[reader] generated 94/500
[reader] generated 96/500
[reader] generated 98/500
[reader] generated 100/500
[reader] generated 102/500
[reader] generated 104/500
[reader] generated 106/500
[reader] generated 108/500
[reader] generated 110/500
[reader] generated 112/500
[reader] generated 114/500
[reader] generated 116/500
[reader] generated 118/500
[reader] generated 120/500
[reader] generated 122/500
[reader] generated 124/500
[reader] generated 126/500
[reader] generated 128/500
[reader] generated 130/500
[reader] generated 132/500
[reader] generated 134/500
[reader] generated 136/500
[reader] generated 138/500
[reader] generated 140/500
[reader] generated 142/500
[reader] generated 144/500
[reader] generated 146/500
[reader] generated 148/500
[reader] generated 150/500
[reader] generated 152/500
[reader] generated 154/500
[reader] generated 156/500
[reader] generated 158/500
[reader] generated 160/500
[reader] generated 162/500
[reader] generated 164/500
[reader] generated 166/500
[reader] generated 168/500
[reader] generated 170/500
[reader] generated 172/500
[reader] generated 174/500
[reader] generated 176/500
[reader] generated 178/500
[reader] generated 180/500
[reader] generated 182/500
[reader] generated 184/500
[reader] generated 186/500
[reader] generated 188/500
[reader] generated 190/500
[reader] generated 192/500
[reader] generated 194/500
[reader] generated 196/500
[reader] generated 198/500
[reader] generated 200/500
[reader] generated 202/500
[reader] generated 204/500
[reader] generated 206/500
[reader] generated 208/500
[reader] generated 210/500
[reader] generated 212/500
[reader] generated 214/500
[reader] generated 216/500
[reader] generated 218/500
[reader] generated 220/500
[reader] generated 222/500
[reader] generated 224/500
[reader] generated 226/500
[reader] generated 228/500
[reader] generated 230/500
[reader] generated 232/500
[reader] generated 234/500
[reader] generated 236/500
[reader] generated 238/500
[reader] generated 240/500
[reader] generated 242/500
[reader] generated 244/500
[reader] generated 246/500
[reader] generated 248/500
[reader] generated 250/500
[reader] generated 252/500
[reader] generated 254/500
[reader] generated 256/500
[reader] generated 258/500
[reader] generated 260/500
[reader] generated 262/500
[reader] generated 264/500
[reader] generated 266/500
[reader] generated 268/500
[reader] generated 270/500
[reader] generated 272/500
[reader] generated 274/500
[reader] generated 276/500
[reader] generated 278/500
[reader] generated 280/500
[reader] generated 282/500
[reader] generated 284/500
[reader] generated 286/500
[reader] generated 288/500
[reader] generated 290/500
[reader] generated 292/500
[reader] generated 294/500
[reader] generated 296/500
[reader] generated 298/500
[reader] generated 300/500
[reader] generated 302/500
[reader] generated 304/500
[reader] generated 306/500
[reader] generated 308/500
[reader] generated 310/500
[reader] generated 312/500
[reader] generated 314/500
[reader] generated 316/500
[reader] generated 318/500
[reader] generated 320/500
[reader] generated 322/500
[reader] generated 324/500
[reader] generated 326/500
[reader] generated 328/500
[reader] generated 330/500
[reader] generated 332/500
[reader] generated 334/500
[reader] generated 336/500
[reader] generated 338/500
[reader] generated 340/500
[reader] generated 342/500
[reader] generated 344/500
[reader] generated 346/500
[reader] generated 348/500
[reader] generated 350/500
[reader] generated 352/500
[reader] generated 354/500
[reader] generated 356/500
[reader] generated 358/500
[reader] generated 360/500
[reader] generated 362/500
[reader] generated 364/500
[reader] generated 366/500
[reader] generated 368/500
[reader] generated 370/500
[reader] generated 372/500
[reader] generated 374/500
[reader] generated 376/500
[reader] generated 378/500
[reader] generated 380/500
[reader] generated 382/500
[reader] generated 384/500
[reader] generated 386/500
[reader] generated 388/500
[reader] generated 390/500
[reader] generated 392/500
[reader] generated 394/500
[reader] generated 396/500
[reader] generated 398/500
[reader] generated 400/500
[reader] generated 402/500
[reader] generated 404/500
[reader] generated 406/500
[reader] generated 408/500
[reader] generated 410/500
[reader] generated 412/500
[reader] generated 414/500
[reader] generated 416/500
[reader] generated 418/500
[reader] generated 420/500
[reader] generated 422/500
[reader] generated 424/500
[reader] generated 426/500
[reader] generated 428/500
[reader] generated 430/500
[reader] generated 432/500
[reader] generated 434/500
[reader] generated 436/500
[reader] generated 438/500
[reader] generated 440/500
[reader] generated 442/500
[reader] generated 444/500
[reader] generated 446/500
[reader] generated 448/500
[reader] generated 450/500
[reader] generated 452/500
[reader] generated 454/500
[reader] generated 456/500
[reader] generated 458/500
[reader] generated 460/500
[reader] generated 462/500
[reader] generated 464/500
[reader] generated 466/500
[reader] generated 468/500
[reader] generated 470/500
[reader] generated 472/500
[reader] generated 474/500
[reader] generated 476/500
[reader] generated 478/500
[reader] generated 480/500
[reader] generated 482/500
[reader] generated 484/500
[reader] generated 486/500
[reader] generated 488/500
[reader] generated 490/500
[reader] generated 492/500
[reader] generated 494/500
[reader] generated 496/500
[reader] generated 498/500
[reader] generated 500/500
[density] policy=chunk_mmr_160, router_type=fixed, representation=chunk, packer=mmr, reader_model=Qwen/Qwen2.5-7B-Instruct, packed_token_budget=160, recall@1=0.437, all_gold@1=0.0, recall@2=0.718, all_gold@2=0.496, recall@5=0.875, all_gold@5=0.762, qwen_em=0.268, qwen_f1=0.3496, avg_reader_evidence_tokens=151.48, mean_ans_in_context=0.602, mean_gold_token_density=0.5096, mean_gold_doc_reader_cov=0.68, mean_all_gold_reader=0.422, mean_distractor_docs=1.538, mean_context_tokens=151.482, mean_n_snippets=3.308
[density] materializing policy=chunk_submod_160
[density] generating policy=chunk_submod_160
[reader] generated 2/500
[reader] generated 4/500
[reader] generated 6/500
[reader] generated 8/500
[reader] generated 10/500
[reader] generated 12/500
[reader] generated 14/500
[reader] generated 16/500
[reader] generated 18/500
[reader] generated 20/500
[reader] generated 22/500
[reader] generated 24/500
[reader] generated 26/500
[reader] generated 28/500
[reader] generated 30/500
[reader] generated 32/500
[reader] generated 34/500
[reader] generated 36/500
[reader] generated 38/500
[reader] generated 40/500
[reader] generated 42/500
[reader] generated 44/500
[reader] generated 46/500
[reader] generated 48/500
[reader] generated 50/500
[reader] generated 52/500
[reader] generated 54/500
[reader] generated 56/500
[reader] generated 58/500
[reader] generated 60/500
[reader] generated 62/500
[reader] generated 64/500
[reader] generated 66/500
[reader] generated 68/500
[reader] generated 70/500
[reader] generated 72/500
[reader] generated 74/500
[reader] generated 76/500
[reader] generated 78/500
[reader] generated 80/500
[reader] generated 82/500
[reader] generated 84/500
[reader] generated 86/500
[reader] generated 88/500
[reader] generated 90/500
[reader] generated 92/500
[reader] generated 94/500
[reader] generated 96/500
[reader] generated 98/500
[reader] generated 100/500
[reader] generated 102/500
[reader] generated 104/500
[reader] generated 106/500
[reader] generated 108/500
[reader] generated 110/500
[reader] generated 112/500
[reader] generated 114/500
[reader] generated 116/500
[reader] generated 118/500
[reader] generated 120/500
[reader] generated 122/500
[reader] generated 124/500
[reader] generated 126/500
[reader] generated 128/500
[reader] generated 130/500
[reader] generated 132/500
[reader] generated 134/500
[reader] generated 136/500
[reader] generated 138/500
[reader] generated 140/500
[reader] generated 142/500
[reader] generated 144/500
[reader] generated 146/500
[reader] generated 148/500
[reader] generated 150/500
[reader] generated 152/500
[reader] generated 154/500
[reader] generated 156/500
[reader] generated 158/500
[reader] generated 160/500
[reader] generated 162/500
[reader] generated 164/500
[reader] generated 166/500
[reader] generated 168/500
[reader] generated 170/500
[reader] generated 172/500
[reader] generated 174/500
[reader] generated 176/500
[reader] generated 178/500
[reader] generated 180/500
[reader] generated 182/500
[reader] generated 184/500
[reader] generated 186/500
[reader] generated 188/500
[reader] generated 190/500
[reader] generated 192/500
[reader] generated 194/500
[reader] generated 196/500
[reader] generated 198/500
[reader] generated 200/500
[reader] generated 202/500
[reader] generated 204/500
[reader] generated 206/500
[reader] generated 208/500
[reader] generated 210/500
[reader] generated 212/500
[reader] generated 214/500
[reader] generated 216/500
[reader] generated 218/500
[reader] generated 220/500
[reader] generated 222/500
[reader] generated 224/500
[reader] generated 226/500
[reader] generated 228/500
[reader] generated 230/500
[reader] generated 232/500
[reader] generated 234/500
[reader] generated 236/500
[reader] generated 238/500
[reader] generated 240/500
[reader] generated 242/500
[reader] generated 244/500
[reader] generated 246/500
[reader] generated 248/500
[reader] generated 250/500
[reader] generated 252/500
[reader] generated 254/500
[reader] generated 256/500
[reader] generated 258/500
[reader] generated 260/500
[reader] generated 262/500
[reader] generated 264/500
[reader] generated 266/500
[reader] generated 268/500
[reader] generated 270/500
[reader] generated 272/500
[reader] generated 274/500
[reader] generated 276/500
[reader] generated 278/500
[reader] generated 280/500
[reader] generated 282/500
[reader] generated 284/500
[reader] generated 286/500
[reader] generated 288/500
[reader] generated 290/500
[reader] generated 292/500
[reader] generated 294/500
[reader] generated 296/500
[reader] generated 298/500
[reader] generated 300/500
[reader] generated 302/500
[reader] generated 304/500
[reader] generated 306/500
[reader] generated 308/500
[reader] generated 310/500
[reader] generated 312/500
[reader] generated 314/500
[reader] generated 316/500
[reader] generated 318/500
[reader] generated 320/500
[reader] generated 322/500
[reader] generated 324/500
[reader] generated 326/500
[reader] generated 328/500
[reader] generated 330/500
[reader] generated 332/500
[reader] generated 334/500
[reader] generated 336/500
[reader] generated 338/500
[reader] generated 340/500
[reader] generated 342/500
[reader] generated 344/500
[reader] generated 346/500
[reader] generated 348/500
[reader] generated 350/500
[reader] generated 352/500
[reader] generated 354/500
[reader] generated 356/500
[reader] generated 358/500
[reader] generated 360/500
[reader] generated 362/500
[reader] generated 364/500
[reader] generated 366/500
[reader] generated 368/500
[reader] generated 370/500
[reader] generated 372/500
[reader] generated 374/500
[reader] generated 376/500
[reader] generated 378/500
[reader] generated 380/500
[reader] generated 382/500
[reader] generated 384/500
[reader] generated 386/500
[reader] generated 388/500
[reader] generated 390/500
[reader] generated 392/500
[reader] generated 394/500
[reader] generated 396/500
[reader] generated 398/500
[reader] generated 400/500
[reader] generated 402/500
[reader] generated 404/500
[reader] generated 406/500
[reader] generated 408/500
[reader] generated 410/500
[reader] generated 412/500
[reader] generated 414/500
[reader] generated 416/500
[reader] generated 418/500
[reader] generated 420/500
[reader] generated 422/500
[reader] generated 424/500
[reader] generated 426/500
[reader] generated 428/500
[reader] generated 430/500
[reader] generated 432/500
[reader] generated 434/500
[reader] generated 436/500
[reader] generated 438/500
[reader] generated 440/500
[reader] generated 442/500
[reader] generated 444/500
[reader] generated 446/500
[reader] generated 448/500
[reader] generated 450/500
[reader] generated 452/500
[reader] generated 454/500
[reader] generated 456/500
[reader] generated 458/500
[reader] generated 460/500
[reader] generated 462/500
[reader] generated 464/500
[reader] generated 466/500
[reader] generated 468/500
[reader] generated 470/500
[reader] generated 472/500
[reader] generated 474/500
[reader] generated 476/500
[reader] generated 478/500
[reader] generated 480/500
[reader] generated 482/500
[reader] generated 484/500
[reader] generated 486/500
[reader] generated 488/500
[reader] generated 490/500
[reader] generated 492/500
[reader] generated 494/500
[reader] generated 496/500
[reader] generated 498/500
[reader] generated 500/500
[density] policy=chunk_submod_160, router_type=fixed, representation=chunk, packer=submod, reader_model=Qwen/Qwen2.5-7B-Instruct, packed_token_budget=160, recall@1=0.437, all_gold@1=0.0, recall@2=0.718, all_gold@2=0.496, recall@5=0.875, all_gold@5=0.762, qwen_em=0.278, qwen_f1=0.3685, avg_reader_evidence_tokens=145.52, mean_ans_in_context=0.628, mean_gold_token_density=0.4565, mean_gold_doc_reader_cov=0.778, mean_all_gold_reader=0.586, mean_distractor_docs=2.236, mean_context_tokens=145.52, mean_n_snippets=4.57
[density] materializing policy=ace_focused_160
[density] generating policy=ace_focused_160
[reader] generated 2/500
[reader] generated 4/500
[reader] generated 6/500
[reader] generated 8/500
[reader] generated 10/500
[reader] generated 12/500
[reader] generated 14/500
[reader] generated 16/500
[reader] generated 18/500
[reader] generated 20/500
[reader] generated 22/500
[reader] generated 24/500
[reader] generated 26/500
[reader] generated 28/500
[reader] generated 30/500
[reader] generated 32/500
[reader] generated 34/500
[reader] generated 36/500
[reader] generated 38/500
[reader] generated 40/500
[reader] generated 42/500
[reader] generated 44/500
[reader] generated 46/500
[reader] generated 48/500
[reader] generated 50/500
[reader] generated 52/500
[reader] generated 54/500
[reader] generated 56/500
[reader] generated 58/500
[reader] generated 60/500
[reader] generated 62/500
[reader] generated 64/500
[reader] generated 66/500
[reader] generated 68/500
[reader] generated 70/500
[reader] generated 72/500
[reader] generated 74/500
[reader] generated 76/500
[reader] generated 78/500
[reader] generated 80/500
[reader] generated 82/500
[reader] generated 84/500
[reader] generated 86/500
[reader] generated 88/500
[reader] generated 90/500
[reader] generated 92/500
[reader] generated 94/500
[reader] generated 96/500
[reader] generated 98/500
[reader] generated 100/500
[reader] generated 102/500
[reader] generated 104/500
[reader] generated 106/500
[reader] generated 108/500
[reader] generated 110/500
[reader] generated 112/500
[reader] generated 114/500
[reader] generated 116/500
[reader] generated 118/500
[reader] generated 120/500
[reader] generated 122/500
[reader] generated 124/500
[reader] generated 126/500
[reader] generated 128/500
[reader] generated 130/500
[reader] generated 132/500
[reader] generated 134/500
[reader] generated 136/500
[reader] generated 138/500
[reader] generated 140/500
[reader] generated 142/500
[reader] generated 144/500
[reader] generated 146/500
[reader] generated 148/500
[reader] generated 150/500
[reader] generated 152/500
[reader] generated 154/500
[reader] generated 156/500
[reader] generated 158/500
[reader] generated 160/500
[reader] generated 162/500
[reader] generated 164/500
[reader] generated 166/500
[reader] generated 168/500
[reader] generated 170/500
[reader] generated 172/500
[reader] generated 174/500
[reader] generated 176/500
[reader] generated 178/500
[reader] generated 180/500
[reader] generated 182/500
[reader] generated 184/500
[reader] generated 186/500
[reader] generated 188/500
[reader] generated 190/500
[reader] generated 192/500
[reader] generated 194/500
[reader] generated 196/500
[reader] generated 198/500
[reader] generated 200/500
[reader] generated 202/500
[reader] generated 204/500
[reader] generated 206/500
[reader] generated 208/500
[reader] generated 210/500
[reader] generated 212/500
[reader] generated 214/500
[reader] generated 216/500
[reader] generated 218/500
[reader] generated 220/500
[reader] generated 222/500
[reader] generated 224/500
[reader] generated 226/500
[reader] generated 228/500
[reader] generated 230/500
[reader] generated 232/500
[reader] generated 234/500
[reader] generated 236/500
[reader] generated 238/500
[reader] generated 240/500
[reader] generated 242/500
[reader] generated 244/500
[reader] generated 246/500
[reader] generated 248/500
[reader] generated 250/500
[reader] generated 252/500
[reader] generated 254/500
[reader] generated 256/500
[reader] generated 258/500
[reader] generated 260/500
[reader] generated 262/500
[reader] generated 264/500
[reader] generated 266/500
[reader] generated 268/500
[reader] generated 270/500
[reader] generated 272/500
[reader] generated 274/500
[reader] generated 276/500
[reader] generated 278/500
[reader] generated 280/500
[reader] generated 282/500
[reader] generated 284/500
[reader] generated 286/500
[reader] generated 288/500
[reader] generated 290/500
[reader] generated 292/500
[reader] generated 294/500
[reader] generated 296/500
[reader] generated 298/500
[reader] generated 300/500
[reader] generated 302/500
[reader] generated 304/500
[reader] generated 306/500
[reader] generated 308/500
[reader] generated 310/500
[reader] generated 312/500
[reader] generated 314/500
[reader] generated 316/500
[reader] generated 318/500
[reader] generated 320/500
[reader] generated 322/500
[reader] generated 324/500
[reader] generated 326/500
[reader] generated 328/500
[reader] generated 330/500
[reader] generated 332/500
[reader] generated 334/500
[reader] generated 336/500
[reader] generated 338/500
[reader] generated 340/500
[reader] generated 342/500
[reader] generated 344/500
[reader] generated 346/500
[reader] generated 348/500
[reader] generated 350/500
[reader] generated 352/500
[reader] generated 354/500
[reader] generated 356/500
[reader] generated 358/500
[reader] generated 360/500
[reader] generated 362/500
[reader] generated 364/500
[reader] generated 366/500
[reader] generated 368/500
[reader] generated 370/500
[reader] generated 372/500
[reader] generated 374/500
[reader] generated 376/500
[reader] generated 378/500
[reader] generated 380/500
[reader] generated 382/500
[reader] generated 384/500
[reader] generated 386/500
[reader] generated 388/500
[reader] generated 390/500
[reader] generated 392/500
[reader] generated 394/500
[reader] generated 396/500
[reader] generated 398/500
[reader] generated 400/500
[reader] generated 402/500
[reader] generated 404/500
[reader] generated 406/500
[reader] generated 408/500
[reader] generated 410/500
[reader] generated 412/500
[reader] generated 414/500
[reader] generated 416/500
[reader] generated 418/500
[reader] generated 420/500
[reader] generated 422/500
[reader] generated 424/500
[reader] generated 426/500
[reader] generated 428/500
[reader] generated 430/500
[reader] generated 432/500
[reader] generated 434/500
[reader] generated 436/500
[reader] generated 438/500
[reader] generated 440/500
[reader] generated 442/500
[reader] generated 444/500
[reader] generated 446/500
[reader] generated 448/500
[reader] generated 450/500
[reader] generated 452/500
[reader] generated 454/500
[reader] generated 456/500
[reader] generated 458/500
[reader] generated 460/500
[reader] generated 462/500
[reader] generated 464/500
[reader] generated 466/500
[reader] generated 468/500
[reader] generated 470/500
[reader] generated 472/500
[reader] generated 474/500
[reader] generated 476/500
[reader] generated 478/500
[reader] generated 480/500
[reader] generated 482/500
[reader] generated 484/500
[reader] generated 486/500
[reader] generated 488/500
[reader] generated 490/500
[reader] generated 492/500
[reader] generated 494/500
[reader] generated 496/500
[reader] generated 498/500
[reader] generated 500/500
[density] policy=ace_focused_160, router_type=fixed, representation=ace, packer=focused, reader_model=Qwen/Qwen2.5-7B-Instruct, packed_token_budget=160, recall@1=0.409, all_gold@1=0.0, recall@2=0.665, all_gold@2=0.406, recall@5=0.847, all_gold@5=0.718, qwen_em=0.268, qwen_f1=0.3641, avg_reader_evidence_tokens=150.08, mean_ans_in_context=0.618, mean_gold_token_density=0.4566, mean_gold_doc_reader_cov=0.751, mean_all_gold_reader=0.544, mean_distractor_docs=2.128, mean_context_tokens=150.078, mean_n_snippets=4.046
[density] materializing policy=ace_mmr_160
[density] generating policy=ace_mmr_160
[reader] generated 2/500
[reader] generated 4/500
[reader] generated 6/500
[reader] generated 8/500
[reader] generated 10/500
[reader] generated 12/500
[reader] generated 14/500
[reader] generated 16/500
[reader] generated 18/500
[reader] generated 20/500
[reader] generated 22/500
[reader] generated 24/500
[reader] generated 26/500
[reader] generated 28/500
[reader] generated 30/500
[reader] generated 32/500
[reader] generated 34/500
[reader] generated 36/500
[reader] generated 38/500
[reader] generated 40/500
[reader] generated 42/500
[reader] generated 44/500
[reader] generated 46/500
[reader] generated 48/500
[reader] generated 50/500
[reader] generated 52/500
[reader] generated 54/500
[reader] generated 56/500
[reader] generated 58/500
[reader] generated 60/500
[reader] generated 62/500
[reader] generated 64/500
[reader] generated 66/500
[reader] generated 68/500
[reader] generated 70/500
[reader] generated 72/500
[reader] generated 74/500
[reader] generated 76/500
[reader] generated 78/500
[reader] generated 80/500
[reader] generated 82/500
[reader] generated 84/500
[reader] generated 86/500
[reader] generated 88/500
[reader] generated 90/500
[reader] generated 92/500
[reader] generated 94/500
[reader] generated 96/500
[reader] generated 98/500
[reader] generated 100/500
[reader] generated 102/500
[reader] generated 104/500
[reader] generated 106/500
[reader] generated 108/500
[reader] generated 110/500
[reader] generated 112/500
[reader] generated 114/500
[reader] generated 116/500
[reader] generated 118/500
[reader] generated 120/500
[reader] generated 122/500
[reader] generated 124/500
[reader] generated 126/500
[reader] generated 128/500
[reader] generated 130/500
[reader] generated 132/500
[reader] generated 134/500
[reader] generated 136/500
[reader] generated 138/500
[reader] generated 140/500
[reader] generated 142/500
[reader] generated 144/500
[reader] generated 146/500
[reader] generated 148/500
[reader] generated 150/500
[reader] generated 152/500
[reader] generated 154/500
[reader] generated 156/500
[reader] generated 158/500
[reader] generated 160/500
[reader] generated 162/500
[reader] generated 164/500
[reader] generated 166/500
[reader] generated 168/500
[reader] generated 170/500
[reader] generated 172/500
[reader] generated 174/500
[reader] generated 176/500
[reader] generated 178/500
[reader] generated 180/500
[reader] generated 182/500
[reader] generated 184/500
[reader] generated 186/500
[reader] generated 188/500
[reader] generated 190/500
[reader] generated 192/500
[reader] generated 194/500
[reader] generated 196/500
[reader] generated 198/500
[reader] generated 200/500
[reader] generated 202/500
[reader] generated 204/500
[reader] generated 206/500
[reader] generated 208/500
[reader] generated 210/500
[reader] generated 212/500
[reader] generated 214/500
[reader] generated 216/500
[reader] generated 218/500
[reader] generated 220/500
[reader] generated 222/500
[reader] generated 224/500
[reader] generated 226/500
[reader] generated 228/500
[reader] generated 230/500
[reader] generated 232/500
[reader] generated 234/500
[reader] generated 236/500
[reader] generated 238/500
[reader] generated 240/500
[reader] generated 242/500
[reader] generated 244/500
[reader] generated 246/500
[reader] generated 248/500
[reader] generated 250/500
[reader] generated 252/500
[reader] generated 254/500
[reader] generated 256/500
[reader] generated 258/500
[reader] generated 260/500
[reader] generated 262/500
[reader] generated 264/500
[reader] generated 266/500
[reader] generated 268/500
[reader] generated 270/500
[reader] generated 272/500
[reader] generated 274/500
[reader] generated 276/500
[reader] generated 278/500
[reader] generated 280/500
[reader] generated 282/500
[reader] generated 284/500
[reader] generated 286/500
[reader] generated 288/500
[reader] generated 290/500
[reader] generated 292/500
[reader] generated 294/500
[reader] generated 296/500
[reader] generated 298/500
[reader] generated 300/500
[reader] generated 302/500
[reader] generated 304/500
[reader] generated 306/500
[reader] generated 308/500
[reader] generated 310/500
[reader] generated 312/500
[reader] generated 314/500
[reader] generated 316/500
[reader] generated 318/500
[reader] generated 320/500
[reader] generated 322/500
[reader] generated 324/500
[reader] generated 326/500
[reader] generated 328/500
[reader] generated 330/500
[reader] generated 332/500
[reader] generated 334/500
[reader] generated 336/500
[reader] generated 338/500
[reader] generated 340/500
[reader] generated 342/500
[reader] generated 344/500
[reader] generated 346/500
[reader] generated 348/500
[reader] generated 350/500
[reader] generated 352/500
[reader] generated 354/500
[reader] generated 356/500
[reader] generated 358/500
[reader] generated 360/500
[reader] generated 362/500
[reader] generated 364/500
[reader] generated 366/500
[reader] generated 368/500
[reader] generated 370/500
[reader] generated 372/500
[reader] generated 374/500
[reader] generated 376/500
[reader] generated 378/500
[reader] generated 380/500
[reader] generated 382/500
[reader] generated 384/500
[reader] generated 386/500
[reader] generated 388/500
[reader] generated 390/500
[reader] generated 392/500
[reader] generated 394/500
[reader] generated 396/500
[reader] generated 398/500
[reader] generated 400/500
[reader] generated 402/500
[reader] generated 404/500
[reader] generated 406/500
[reader] generated 408/500
[reader] generated 410/500
[reader] generated 412/500
[reader] generated 414/500
[reader] generated 416/500
[reader] generated 418/500
[reader] generated 420/500
[reader] generated 422/500
[reader] generated 424/500
[reader] generated 426/500
[reader] generated 428/500
[reader] generated 430/500
[reader] generated 432/500
[reader] generated 434/500
[reader] generated 436/500
[reader] generated 438/500
[reader] generated 440/500
[reader] generated 442/500
[reader] generated 444/500
[reader] generated 446/500
[reader] generated 448/500
[reader] generated 450/500
[reader] generated 452/500
[reader] generated 454/500
[reader] generated 456/500
[reader] generated 458/500
[reader] generated 460/500
[reader] generated 462/500
[reader] generated 464/500
[reader] generated 466/500
[reader] generated 468/500
[reader] generated 470/500
[reader] generated 472/500
[reader] generated 474/500
[reader] generated 476/500
[reader] generated 478/500
[reader] generated 480/500
[reader] generated 482/500
[reader] generated 484/500
[reader] generated 486/500
[reader] generated 488/500
[reader] generated 490/500
[reader] generated 492/500
[reader] generated 494/500
[reader] generated 496/500
[reader] generated 498/500
[reader] generated 500/500
[density] policy=ace_mmr_160, router_type=fixed, representation=ace, packer=mmr, reader_model=Qwen/Qwen2.5-7B-Instruct, packed_token_budget=160, recall@1=0.409, all_gold@1=0.0, recall@2=0.665, all_gold@2=0.406, recall@5=0.847, all_gold@5=0.718, qwen_em=0.262, qwen_f1=0.346, avg_reader_evidence_tokens=150.05, mean_ans_in_context=0.59, mean_gold_token_density=0.456, mean_gold_doc_reader_cov=0.711, mean_all_gold_reader=0.478, mean_distractor_docs=2.078, mean_context_tokens=150.052, mean_n_snippets=4.1
[density] materializing policy=ace_submod_160
[density] generating policy=ace_submod_160
[reader] generated 2/500
[reader] generated 4/500
[reader] generated 6/500
[reader] generated 8/500
[reader] generated 10/500
[reader] generated 12/500
[reader] generated 14/500
[reader] generated 16/500
[reader] generated 18/500
[reader] generated 20/500
[reader] generated 22/500
[reader] generated 24/500
[reader] generated 26/500
[reader] generated 28/500
[reader] generated 30/500
[reader] generated 32/500
[reader] generated 34/500
[reader] generated 36/500
[reader] generated 38/500
[reader] generated 40/500
[reader] generated 42/500
[reader] generated 44/500
[reader] generated 46/500
[reader] generated 48/500
[reader] generated 50/500
[reader] generated 52/500
[reader] generated 54/500
[reader] generated 56/500
[reader] generated 58/500
[reader] generated 60/500
[reader] generated 62/500
[reader] generated 64/500
[reader] generated 66/500
[reader] generated 68/500
[reader] generated 70/500
[reader] generated 72/500
[reader] generated 74/500
[reader] generated 76/500
[reader] generated 78/500
[reader] generated 80/500
[reader] generated 82/500
[reader] generated 84/500
[reader] generated 86/500
[reader] generated 88/500
[reader] generated 90/500
[reader] generated 92/500
[reader] generated 94/500
[reader] generated 96/500
[reader] generated 98/500
[reader] generated 100/500
[reader] generated 102/500
[reader] generated 104/500
[reader] generated 106/500
[reader] generated 108/500
[reader] generated 110/500
[reader] generated 112/500
[reader] generated 114/500
[reader] generated 116/500
[reader] generated 118/500
[reader] generated 120/500
[reader] generated 122/500
[reader] generated 124/500
[reader] generated 126/500
[reader] generated 128/500
[reader] generated 130/500
[reader] generated 132/500
[reader] generated 134/500
[reader] generated 136/500
[reader] generated 138/500
[reader] generated 140/500
[reader] generated 142/500
[reader] generated 144/500
[reader] generated 146/500
[reader] generated 148/500
[reader] generated 150/500
[reader] generated 152/500
[reader] generated 154/500
[reader] generated 156/500
[reader] generated 158/500
[reader] generated 160/500
[reader] generated 162/500
[reader] generated 164/500
[reader] generated 166/500
[reader] generated 168/500
[reader] generated 170/500
[reader] generated 172/500
[reader] generated 174/500
[reader] generated 176/500
[reader] generated 178/500
[reader] generated 180/500
[reader] generated 182/500
[reader] generated 184/500
[reader] generated 186/500
[reader] generated 188/500
[reader] generated 190/500
[reader] generated 192/500
[reader] generated 194/500
[reader] generated 196/500
[reader] generated 198/500
[reader] generated 200/500
[reader] generated 202/500
[reader] generated 204/500
[reader] generated 206/500
[reader] generated 208/500
[reader] generated 210/500
[reader] generated 212/500
[reader] generated 214/500
[reader] generated 216/500
[reader] generated 218/500
[reader] generated 220/500
[reader] generated 222/500
[reader] generated 224/500
[reader] generated 226/500
[reader] generated 228/500
[reader] generated 230/500
[reader] generated 232/500
[reader] generated 234/500
[reader] generated 236/500
[reader] generated 238/500
[reader] generated 240/500
[reader] generated 242/500
[reader] generated 244/500
[reader] generated 246/500
[reader] generated 248/500
[reader] generated 250/500
[reader] generated 252/500
[reader] generated 254/500
[reader] generated 256/500
[reader] generated 258/500
[reader] generated 260/500
[reader] generated 262/500
[reader] generated 264/500
[reader] generated 266/500
[reader] generated 268/500
[reader] generated 270/500
[reader] generated 272/500
[reader] generated 274/500
[reader] generated 276/500
[reader] generated 278/500
[reader] generated 280/500
[reader] generated 282/500
[reader] generated 284/500
[reader] generated 286/500
[reader] generated 288/500
[reader] generated 290/500
[reader] generated 292/500
[reader] generated 294/500
[reader] generated 296/500
[reader] generated 298/500
[reader] generated 300/500
[reader] generated 302/500
[reader] generated 304/500
[reader] generated 306/500
[reader] generated 308/500
[reader] generated 310/500
[reader] generated 312/500
[reader] generated 314/500
[reader] generated 316/500
[reader] generated 318/500
[reader] generated 320/500
[reader] generated 322/500
[reader] generated 324/500
[reader] generated 326/500
[reader] generated 328/500
[reader] generated 330/500
[reader] generated 332/500
[reader] generated 334/500
[reader] generated 336/500
[reader] generated 338/500
[reader] generated 340/500
[reader] generated 342/500
[reader] generated 344/500
[reader] generated 346/500
[reader] generated 348/500
[reader] generated 350/500
[reader] generated 352/500
[reader] generated 354/500
[reader] generated 356/500
[reader] generated 358/500
[reader] generated 360/500
[reader] generated 362/500
[reader] generated 364/500
[reader] generated 366/500
[reader] generated 368/500
[reader] generated 370/500
[reader] generated 372/500
[reader] generated 374/500
[reader] generated 376/500
[reader] generated 378/500
[reader] generated 380/500
[reader] generated 382/500
[reader] generated 384/500
[reader] generated 386/500
[reader] generated 388/500
[reader] generated 390/500
[reader] generated 392/500
[reader] generated 394/500
[reader] generated 396/500
[reader] generated 398/500
[reader] generated 400/500
[reader] generated 402/500
[reader] generated 404/500
[reader] generated 406/500
[reader] generated 408/500
[reader] generated 410/500
[reader] generated 412/500
[reader] generated 414/500
[reader] generated 416/500
[reader] generated 418/500
[reader] generated 420/500
[reader] generated 422/500
[reader] generated 424/500
[reader] generated 426/500
[reader] generated 428/500
[reader] generated 430/500
[reader] generated 432/500
[reader] generated 434/500
[reader] generated 436/500
[reader] generated 438/500
[reader] generated 440/500
[reader] generated 442/500
[reader] generated 444/500
[reader] generated 446/500
[reader] generated 448/500
[reader] generated 450/500
[reader] generated 452/500
[reader] generated 454/500
[reader] generated 456/500
[reader] generated 458/500
[reader] generated 460/500
[reader] generated 462/500
[reader] generated 464/500
[reader] generated 466/500
[reader] generated 468/500
[reader] generated 470/500
[reader] generated 472/500
[reader] generated 474/500
[reader] generated 476/500
[reader] generated 478/500
[reader] generated 480/500
[reader] generated 482/500
[reader] generated 484/500
[reader] generated 486/500
[reader] generated 488/500
[reader] generated 490/500
[reader] generated 492/500
[reader] generated 494/500
[reader] generated 496/500
[reader] generated 498/500
[reader] generated 500/500
[density] policy=ace_submod_160, router_type=fixed, representation=ace, packer=submod, reader_model=Qwen/Qwen2.5-7B-Instruct, packed_token_budget=160, recall@1=0.409, all_gold@1=0.0, recall@2=0.665, all_gold@2=0.406, recall@5=0.847, all_gold@5=0.718, qwen_em=0.266, qwen_f1=0.3637, avg_reader_evidence_tokens=147.5, mean_ans_in_context=0.608, mean_gold_token_density=0.4286, mean_gold_doc_reader_cov=0.741, mean_all_gold_reader=0.532, mean_distractor_docs=2.33, mean_context_tokens=147.496, mean_n_snippets=4.586
[density] policy=router_oracle_packer, router_type=oracle, representation=mixed, packer=oracle, reader_model=Qwen/Qwen2.5-7B-Instruct, packed_token_budget=160, selection_counts={"ace_focused_160": 86, "ace_mmr_160": 36, "ace_submod_160": 71, "chunk_focused_160": 75, "chunk_mmr_160": 42, "chunk_submod_160": 190}, qwen_em=0.436, qwen_f1=0.5477, avg_reader_evidence_tokens=141.51, mean_ans_in_context=0.702, mean_gold_token_density=0.5134, mean_gold_doc_reader_cov=0.771, mean_all_gold_reader=0.578, mean_distractor_docs=1.85, mean_context_tokens=141.506, mean_n_snippets=3.94
wrote /kaggle/working/colab_results/stage11_density_packer_hotpotqa_reader7b_4bit_budget160_limit500_seed13/hotpotqa_density_standard_budget160_limit500_metrics.csv
wrote /kaggle/working/colab_results/stage11_density_packer_hotpotqa_reader7b_4bit_budget160_limit500_seed13/hotpotqa_density_standard_budget160_limit500_per_question.csv
--- ladder reader14b_4bit (Qwen/Qwen2.5-14B-Instruct) seed 42 ---
$ /usr/bin/python3 -m experiments.run_density_router --dataset hotpotqa --split validation --limit 500 --seed 42 --ace-retriever standard --top-k 5 --top-k-nodes 48 --max-expanded-docs 5 --embedder sentence-transformers --embedding-model BAAI/bge-small-en-v1.5 --embed-device cuda --compressor truncate --compress-dims 320 --reader-backend hf --reader-model Qwen/Qwen2.5-14B-Instruct --reader-device cuda --reader-load-4bit --reader-batch-size 1 --mmr-lambda 0.7 --budget 160 --out-dir /kaggle/working/colab_results/stage11_density_packer_hotpotqa_reader14b_4bit_budget160_limit500_seed42
hotpotqa[hf:validation:500]: 4933 docs, 500 questions, 2.00 gold docs/question
[density] retrieving chunk baseline
2026-06-29 11:26:15.527222: E external/local_xla/xla/stream_executor/cuda/cuda_fft.cc:467] Unable to register cuFFT factory: Attempting to register factory for plugin cuFFT when one has already been registered
WARNING: All log messages before absl::InitializeLog() is called are written to STDERR
E0000 00:00:1782732375.552078     281 cuda_dnn.cc:8579] Unable to register cuDNN factory: Attempting to register factory for plugin cuDNN when one has already been registered
E0000 00:00:1782732375.561495     281 cuda_blas.cc:1407] Unable to register cuBLAS factory: Attempting to register factory for plugin cuBLAS when one has already been registered
W0000 00:00:1782732375.582606     281 computation_placer.cc:177] computation placer already registered. Please check linkage and avoid linking the same target more than once.
W0000 00:00:1782732375.582631     281 computation_placer.cc:177] computation placer already registered. Please check linkage and avoid linking the same target more than once.
W0000 00:00:1782732375.582634     281 computation_placer.cc:177] computation placer already registered. Please check linkage and avoid linking the same target more than once.
W0000 00:00:1782732375.582636     281 computation_placer.cc:177] computation placer already registered. Please check linkage and avoid linking the same target more than once.
[chunk] fitting/indexing
[embed] encoding 4933 texts on device=cuda:0

Batches:   0%|          | 0/78 [00:00<?, ?it/s]
Batches:   1%|▏         | 1/78 [00:00<01:11,  1.07it/s]
Batches:   3%|▎         | 2/78 [00:01<00:47,  1.59it/s]
Batches:   4%|▍         | 3/78 [00:01<00:37,  2.00it/s]
Batches:   5%|▌         | 4/78 [00:02<00:34,  2.17it/s]
Batches:   6%|▋         | 5/78 [00:02<00:29,  2.44it/s]
Batches:   8%|▊         | 6/78 [00:02<00:26,  2.68it/s]
Batches:   9%|▉         | 7/78 [00:03<00:24,  2.86it/s]
Batches:  10%|█         | 8/78 [00:03<00:23,  2.99it/s]
Batches:  12%|█▏        | 9/78 [00:03<00:22,  3.11it/s]
Batches:  13%|█▎        | 10/78 [00:03<00:20,  3.33it/s]
Batches:  14%|█▍        | 11/78 [00:04<00:19,  3.48it/s]
Batches:  15%|█▌        | 12/78 [00:04<00:18,  3.64it/s]
Batches:  17%|█▋        | 13/78 [00:04<00:17,  3.77it/s]
Batches:  18%|█▊        | 14/78 [00:04<00:16,  3.84it/s]
Batches:  19%|█▉        | 15/78 [00:05<00:15,  4.00it/s]
Batches:  21%|██        | 16/78 [00:05<00:15,  4.11it/s]
Batches:  22%|██▏       | 17/78 [00:05<00:14,  4.12it/s]
Batches:  23%|██▎       | 18/78 [00:05<00:14,  4.25it/s]
Batches:  24%|██▍       | 19/78 [00:05<00:13,  4.50it/s]
Batches:  26%|██▌       | 20/78 [00:06<00:12,  4.74it/s]
Batches:  27%|██▋       | 21/78 [00:06<00:12,  4.64it/s]
Batches:  28%|██▊       | 22/78 [00:06<00:11,  4.74it/s]
Batches:  29%|██▉       | 23/78 [00:06<00:11,  4.68it/s]
Batches:  31%|███       | 24/78 [00:06<00:10,  5.01it/s]
Batches:  32%|███▏      | 25/78 [00:07<00:10,  5.02it/s]
Batches:  33%|███▎      | 26/78 [00:07<00:10,  5.18it/s]
Batches:  35%|███▍      | 27/78 [00:07<00:09,  5.26it/s]
Batches:  36%|███▌      | 28/78 [00:07<00:09,  5.32it/s]
Batches:  37%|███▋      | 29/78 [00:07<00:09,  5.41it/s]
Batches:  38%|███▊      | 30/78 [00:08<00:08,  5.35it/s]
Batches:  40%|███▉      | 31/78 [00:08<00:08,  5.56it/s]
Batches:  41%|████      | 32/78 [00:08<00:08,  5.57it/s]
Batches:  42%|████▏     | 33/78 [00:08<00:07,  5.63it/s]
Batches:  44%|████▎     | 34/78 [00:08<00:07,  5.57it/s]
Batches:  45%|████▍     | 35/78 [00:08<00:07,  5.74it/s]
Batches:  46%|████▌     | 36/78 [00:09<00:07,  5.87it/s]
Batches:  47%|████▋     | 37/78 [00:09<00:07,  5.71it/s]
Batches:  49%|████▊     | 38/78 [00:09<00:06,  5.97it/s]
Batches:  50%|█████     | 39/78 [00:09<00:06,  6.29it/s]
Batches:  51%|█████▏    | 40/78 [00:09<00:05,  6.36it/s]
Batches:  53%|█████▎    | 41/78 [00:09<00:05,  6.75it/s]
Batches:  54%|█████▍    | 42/78 [00:10<00:05,  6.76it/s]
Batches:  55%|█████▌    | 43/78 [00:10<00:05,  6.65it/s]
Batches:  56%|█████▋    | 44/78 [00:10<00:05,  6.52it/s]
Batches:  58%|█████▊    | 45/78 [00:10<00:04,  6.67it/s]
Batches:  59%|█████▉    | 46/78 [00:10<00:04,  7.00it/s]
Batches:  60%|██████    | 47/78 [00:10<00:04,  7.31it/s]
Batches:  62%|██████▏   | 48/78 [00:10<00:04,  7.24it/s]
Batches:  63%|██████▎   | 49/78 [00:10<00:03,  7.58it/s]
Batches:  64%|██████▍   | 50/78 [00:11<00:03,  7.91it/s]
Batches:  65%|██████▌   | 51/78 [00:11<00:03,  8.15it/s]
Batches:  67%|██████▋   | 52/78 [00:11<00:03,  8.22it/s]
Batches:  68%|██████▊   | 53/78 [00:11<00:03,  8.29it/s]
Batches:  69%|██████▉   | 54/78 [00:11<00:02,  8.36it/s]
Batches:  71%|███████   | 55/78 [00:11<00:02,  8.69it/s]
Batches:  72%|███████▏  | 56/78 [00:11<00:02,  8.90it/s]
Batches:  73%|███████▎  | 57/78 [00:11<00:02,  8.58it/s]
Batches:  74%|███████▍  | 58/78 [00:11<00:02,  8.82it/s]
Batches:  77%|███████▋  | 60/78 [00:12<00:01,  9.32it/s]
Batches:  79%|███████▉  | 62/78 [00:12<00:01,  9.65it/s]
Batches:  82%|████████▏ | 64/78 [00:12<00:01,  9.84it/s]
Batches:  85%|████████▍ | 66/78 [00:12<00:01, 10.25it/s]
Batches:  87%|████████▋ | 68/78 [00:12<00:00, 10.77it/s]
Batches:  90%|████████▉ | 70/78 [00:13<00:00, 11.21it/s]
Batches:  92%|█████████▏| 72/78 [00:13<00:00, 11.90it/s]
Batches:  95%|█████████▍| 74/78 [00:13<00:00, 13.13it/s]
Batches:  97%|█████████▋| 76/78 [00:13<00:00, 14.60it/s]
Batches: 100%|██████████| 78/78 [00:13<00:00,  5.77it/s]
[chunk] retrieving
[embed] encoding 500 texts on device=cuda:0

Batches:   0%|          | 0/8 [00:00<?, ?it/s]
Batches:  38%|███▊      | 3/8 [00:00<00:00, 26.97it/s]
Batches:  88%|████████▊ | 7/8 [00:00<00:00, 32.38it/s]
Batches: 100%|██████████| 8/8 [00:00<00:00, 33.09it/s]
[density] retrieving ACE graph
[ace] building evidence graph
[ace] graph built: nodes=49827 edges=76647
[ace] fitting/indexing embeddings
[embed] encoding 44894 texts on device=cuda:0

Batches:   0%|          | 0/702 [00:00<?, ?it/s]
Batches:   0%|          | 1/702 [00:00<05:38,  2.07it/s]
Batches:   0%|          | 2/702 [00:00<03:26,  3.39it/s]
Batches:   0%|          | 3/702 [00:00<02:29,  4.68it/s]
Batches:   1%|          | 4/702 [00:00<02:00,  5.79it/s]
Batches:   1%|          | 5/702 [00:00<01:43,  6.75it/s]
Batches:   1%|          | 6/702 [00:01<01:32,  7.53it/s]
Batches:   1%|          | 7/702 [00:01<01:25,  8.15it/s]
Batches:   1%|▏         | 9/702 [00:01<01:17,  8.93it/s]
Batches:   1%|▏         | 10/702 [00:01<01:16,  9.09it/s]
Batches:   2%|▏         | 12/702 [00:01<01:13,  9.43it/s]
Batches:   2%|▏         | 14/702 [00:01<01:10,  9.72it/s]
Batches:   2%|▏         | 15/702 [00:01<01:11,  9.66it/s]
Batches:   2%|▏         | 17/702 [00:02<01:05, 10.51it/s]
Batches:   3%|▎         | 19/702 [00:02<01:03, 10.82it/s]
Batches:   3%|▎         | 21/702 [00:02<00:59, 11.50it/s]
Batches:   3%|▎         | 23/702 [00:02<00:57, 11.89it/s]
Batches:   4%|▎         | 25/702 [00:02<00:56, 12.01it/s]
Batches:   4%|▍         | 27/702 [00:02<00:56, 11.96it/s]
Batches:   4%|▍         | 29/702 [00:03<00:56, 11.96it/s]
Batches:   4%|▍         | 31/702 [00:03<00:54, 12.38it/s]
Batches:   5%|▍         | 33/702 [00:03<00:54, 12.17it/s]
Batches:   5%|▍         | 35/702 [00:03<00:53, 12.50it/s]
Batches:   5%|▌         | 37/702 [00:03<00:54, 12.30it/s]
Batches:   6%|▌         | 39/702 [00:03<00:51, 12.99it/s]
Batches:   6%|▌         | 41/702 [00:04<00:51, 12.88it/s]
Batches:   6%|▌         | 43/702 [00:04<00:48, 13.63it/s]
Batches:   6%|▋         | 45/702 [00:04<00:47, 13.74it/s]
Batches:   7%|▋         | 47/702 [00:04<00:45, 14.37it/s]
Batches:   7%|▋         | 49/702 [00:04<00:43, 14.89it/s]
Batches:   7%|▋         | 51/702 [00:04<00:43, 14.85it/s]
Batches:   8%|▊         | 53/702 [00:04<00:42, 15.17it/s]
Batches:   8%|▊         | 55/702 [00:04<00:42, 15.35it/s]
Batches:   8%|▊         | 57/702 [00:05<00:42, 15.13it/s]
Batches:   8%|▊         | 59/702 [00:05<00:41, 15.47it/s]
Batches:   9%|▊         | 61/702 [00:05<00:40, 15.81it/s]
Batches:   9%|▉         | 63/702 [00:05<00:39, 16.06it/s]
Batches:   9%|▉         | 65/702 [00:05<00:38, 16.43it/s]
Batches:  10%|▉         | 67/702 [00:05<00:37, 16.81it/s]
Batches:  10%|▉         | 69/702 [00:05<00:37, 17.09it/s]
Batches:  10%|█         | 71/702 [00:05<00:36, 17.47it/s]
Batches:  10%|█         | 73/702 [00:06<00:35, 17.77it/s]
Batches:  11%|█         | 75/702 [00:06<00:36, 17.24it/s]
Batches:  11%|█         | 77/702 [00:06<00:37, 16.64it/s]
Batches:  11%|█▏        | 79/702 [00:06<00:38, 16.09it/s]
Batches:  12%|█▏        | 82/702 [00:06<00:36, 17.18it/s]
Batches:  12%|█▏        | 84/702 [00:06<00:35, 17.25it/s]
Batches:  12%|█▏        | 87/702 [00:06<00:33, 18.44it/s]
Batches:  13%|█▎        | 89/702 [00:06<00:33, 18.44it/s]
Batches:  13%|█▎        | 91/702 [00:07<00:33, 18.10it/s]
Batches:  13%|█▎        | 94/702 [00:07<00:32, 18.59it/s]
Batches:  14%|█▎        | 96/702 [00:07<00:34, 17.80it/s]
Batches:  14%|█▍        | 98/702 [00:07<00:32, 18.31it/s]
Batches:  14%|█▍        | 100/702 [00:07<00:32, 18.49it/s]
Batches:  15%|█▍        | 103/702 [00:07<00:31, 19.26it/s]
Batches:  15%|█▌        | 106/702 [00:07<00:30, 19.62it/s]
Batches:  15%|█▌        | 108/702 [00:07<00:30, 19.23it/s]
Batches:  16%|█▌        | 111/702 [00:08<00:29, 19.74it/s]
Batches:  16%|█▌        | 113/702 [00:08<00:31, 18.99it/s]
Batches:  17%|█▋        | 116/702 [00:08<00:29, 19.58it/s]
Batches:  17%|█▋        | 119/702 [00:08<00:28, 20.11it/s]
Batches:  17%|█▋        | 122/702 [00:08<00:28, 20.16it/s]
Batches:  18%|█▊        | 125/702 [00:08<00:27, 20.77it/s]
Batches:  18%|█▊        | 128/702 [00:08<00:27, 20.87it/s]
Batches:  19%|█▊        | 131/702 [00:09<00:27, 21.05it/s]
Batches:  19%|█▉        | 134/702 [00:09<00:26, 21.55it/s]
Batches:  20%|█▉        | 137/702 [00:09<00:26, 21.63it/s]
Batches:  20%|█▉        | 140/702 [00:09<00:26, 21.22it/s]
Batches:  20%|██        | 143/702 [00:09<00:26, 21.20it/s]
Batches:  21%|██        | 146/702 [00:09<00:25, 21.60it/s]
Batches:  21%|██        | 149/702 [00:09<00:25, 21.63it/s]
Batches:  22%|██▏       | 152/702 [00:10<00:25, 21.87it/s]
Batches:  22%|██▏       | 155/702 [00:10<00:24, 21.94it/s]
Batches:  23%|██▎       | 158/702 [00:10<00:24, 22.04it/s]
Batches:  23%|██▎       | 161/702 [00:10<00:24, 22.52it/s]
Batches:  23%|██▎       | 164/702 [00:10<00:22, 23.53it/s]
Batches:  24%|██▍       | 167/702 [00:10<00:22, 23.77it/s]
Batches:  24%|██▍       | 170/702 [00:10<00:22, 23.51it/s]
Batches:  25%|██▍       | 173/702 [00:10<00:22, 23.63it/s]
Batches:  25%|██▌       | 176/702 [00:11<00:22, 23.84it/s]
Batches:  25%|██▌       | 179/702 [00:11<00:22, 23.57it/s]
Batches:  26%|██▌       | 182/702 [00:11<00:21, 23.99it/s]
Batches:  26%|██▋       | 185/702 [00:11<00:21, 24.53it/s]
Batches:  27%|██▋       | 188/702 [00:11<00:20, 25.35it/s]
Batches:  27%|██▋       | 191/702 [00:11<00:20, 25.00it/s]
Batches:  28%|██▊       | 194/702 [00:11<00:19, 25.46it/s]
Batches:  28%|██▊       | 197/702 [00:11<00:19, 25.44it/s]
Batches:  28%|██▊       | 200/702 [00:11<00:20, 24.95it/s]
Batches:  29%|██▉       | 203/702 [00:12<00:20, 24.73it/s]
Batches:  29%|██▉       | 206/702 [00:12<00:19, 25.65it/s]
Batches:  30%|██▉       | 209/702 [00:12<00:18, 26.80it/s]
Batches:  30%|███       | 212/702 [00:12<00:18, 26.23it/s]
Batches:  31%|███       | 215/702 [00:12<00:18, 26.54it/s]
Batches:  31%|███       | 218/702 [00:12<00:18, 25.85it/s]
Batches:  31%|███▏      | 221/702 [00:12<00:17, 26.79it/s]
Batches:  32%|███▏      | 224/702 [00:12<00:17, 27.35it/s]
Batches:  32%|███▏      | 227/702 [00:12<00:17, 27.03it/s]
Batches:  33%|███▎      | 230/702 [00:13<00:17, 27.52it/s]
Batches:  33%|███▎      | 233/702 [00:13<00:16, 28.00it/s]
Batches:  34%|███▍      | 237/702 [00:13<00:16, 29.00it/s]
Batches:  34%|███▍      | 240/702 [00:13<00:15, 28.96it/s]
Batches:  35%|███▍      | 244/702 [00:13<00:15, 29.61it/s]
Batches:  35%|███▌      | 248/702 [00:13<00:15, 30.01it/s]
Batches:  36%|███▌      | 251/702 [00:13<00:15, 29.77it/s]
Batches:  36%|███▋      | 255/702 [00:13<00:14, 30.36it/s]
Batches:  37%|███▋      | 259/702 [00:14<00:13, 31.73it/s]
Batches:  37%|███▋      | 263/702 [00:14<00:13, 31.52it/s]
Batches:  38%|███▊      | 267/702 [00:14<00:13, 31.70it/s]
Batches:  39%|███▊      | 271/702 [00:14<00:14, 30.62it/s]
Batches:  39%|███▉      | 275/702 [00:14<00:13, 31.84it/s]
Batches:  40%|███▉      | 279/702 [00:14<00:12, 32.55it/s]
Batches:  40%|████      | 283/702 [00:14<00:12, 33.64it/s]
Batches:  41%|████      | 287/702 [00:14<00:12, 33.70it/s]
Batches:  41%|████▏     | 291/702 [00:15<00:12, 33.94it/s]
Batches:  42%|████▏     | 295/702 [00:15<00:11, 34.94it/s]
Batches:  43%|████▎     | 300/702 [00:15<00:10, 37.46it/s]
Batches:  43%|████▎     | 304/702 [00:15<00:10, 37.23it/s]
Batches:  44%|████▍     | 309/702 [00:15<00:09, 40.26it/s]
Batches:  45%|████▍     | 314/702 [00:15<00:09, 42.14it/s]
Batches:  46%|████▌     | 320/702 [00:15<00:08, 45.14it/s]
Batches:  46%|████▋     | 325/702 [00:15<00:08, 45.51it/s]
Batches:  47%|████▋     | 331/702 [00:15<00:07, 48.90it/s]
Batches:  48%|████▊     | 337/702 [00:15<00:07, 51.69it/s]
Batches:  49%|████▉     | 344/702 [00:16<00:06, 55.13it/s]
Batches:  50%|█████     | 351/702 [00:16<00:06, 57.71it/s]
Batches:  51%|█████     | 358/702 [00:16<00:05, 60.63it/s]
Batches:  52%|█████▏    | 365/702 [00:16<00:05, 63.24it/s]
Batches:  53%|█████▎    | 373/702 [00:16<00:04, 65.92it/s]
Batches:  54%|█████▍    | 381/702 [00:16<00:04, 68.97it/s]
Batches:  55%|█████▌    | 388/702 [00:16<00:04, 69.03it/s]
Batches:  56%|█████▋    | 396/702 [00:16<00:04, 70.02it/s]
Batches:  58%|█████▊    | 404/702 [00:16<00:04, 72.04it/s]
Batches:  59%|█████▊    | 412/702 [00:17<00:03, 74.23it/s]
Batches:  60%|█████▉    | 421/702 [00:17<00:03, 75.96it/s]
Batches:  61%|██████    | 429/702 [00:17<00:03, 76.50it/s]
Batches:  62%|██████▏   | 437/702 [00:17<00:03, 77.25it/s]
Batches:  64%|██████▎   | 446/702 [00:17<00:03, 79.29it/s]
Batches:  65%|██████▍   | 454/702 [00:17<00:03, 79.42it/s]
Batches:  66%|██████▌   | 463/702 [00:17<00:02, 79.80it/s]
Batches:  67%|██████▋   | 472/702 [00:17<00:02, 79.93it/s]
Batches:  69%|██████▊   | 481/702 [00:17<00:02, 81.62it/s]
Batches:  70%|██████▉   | 490/702 [00:17<00:02, 82.45it/s]
Batches:  71%|███████   | 499/702 [00:18<00:02, 83.84it/s]
Batches:  72%|███████▏  | 508/702 [00:18<00:02, 85.20it/s]
Batches:  74%|███████▎  | 517/702 [00:18<00:02, 85.82it/s]
Batches:  75%|███████▍  | 526/702 [00:18<00:02, 87.02it/s]
Batches:  76%|███████▌  | 535/702 [00:18<00:01, 87.69it/s]
Batches:  78%|███████▊  | 545/702 [00:18<00:01, 88.78it/s]
Batches:  79%|███████▉  | 555/702 [00:18<00:01, 90.70it/s]
Batches:  80%|████████  | 565/702 [00:18<00:01, 92.76it/s]
Batches:  82%|████████▏ | 575/702 [00:18<00:01, 93.72it/s]
Batches:  83%|████████▎ | 585/702 [00:19<00:01, 92.63it/s]
Batches:  85%|████████▍ | 595/702 [00:19<00:01, 94.12it/s]
Batches:  86%|████████▌ | 605/702 [00:19<00:01, 94.79it/s]
Batches:  88%|████████▊ | 615/702 [00:19<00:00, 95.12it/s]
Batches:  89%|████████▉ | 625/702 [00:19<00:00, 95.18it/s]
Batches:  90%|█████████ | 635/702 [00:19<00:00, 95.85it/s]
Batches:  92%|█████████▏| 645/702 [00:19<00:00, 94.94it/s]
Batches:  93%|█████████▎| 655/702 [00:19<00:00, 95.52it/s]
Batches:  95%|█████████▍| 665/702 [00:19<00:00, 95.80it/s]
Batches:  96%|█████████▌| 675/702 [00:19<00:00, 94.39it/s]
Batches:  98%|█████████▊| 685/702 [00:20<00:00, 93.26it/s]
Batches:  99%|█████████▉| 695/702 [00:20<00:00, 92.40it/s]
Batches: 100%|██████████| 702/702 [00:20<00:00, 34.62it/s]
[ace] retrieving
[embed] encoding 500 texts on device=cuda:0

Batches:   0%|          | 0/8 [00:00<?, ?it/s]
Batches:  38%|███▊      | 3/8 [00:00<00:00, 25.92it/s]
Batches:  88%|████████▊ | 7/8 [00:00<00:00, 30.44it/s]
Batches: 100%|██████████| 8/8 [00:00<00:00, 31.43it/s]
[density] loading reader once
`torch_dtype` is deprecated! Use `dtype` instead!

Fetching 8 files:   0%|          | 0/8 [00:00<?, ?it/s]
Fetching 8 files:  12%|█▎        | 1/8 [01:56<13:33, 116.22s/it]
Fetching 8 files:  25%|██▌       | 2/8 [02:07<05:27, 54.56s/it]
Fetching 8 files:  75%|███████▌  | 6/8 [02:08<00:25, 12.74s/it]
Fetching 8 files: 100%|██████████| 8/8 [02:08<00:00, 16.10s/it]

Loading checkpoint shards:   0%|          | 0/8 [00:00<?, ?it/s]
Loading checkpoint shards:  12%|█▎        | 1/8 [00:23<02:41, 23.06s/it]
Loading checkpoint shards:  25%|██▌       | 2/8 [01:04<03:23, 33.99s/it]
Loading checkpoint shards:  38%|███▊      | 3/8 [01:33<02:37, 31.57s/it]
Loading checkpoint shards:  50%|█████     | 4/8 [02:04<02:05, 31.45s/it]
Loading checkpoint shards:  62%|██████▎   | 5/8 [02:31<01:29, 29.82s/it]
Loading checkpoint shards:  75%|███████▌  | 6/8 [03:10<01:05, 32.85s/it]
Loading checkpoint shards:  88%|████████▊ | 7/8 [03:37<00:30, 30.94s/it]
Loading checkpoint shards: 100%|██████████| 8/8 [03:47<00:00, 24.35s/it]
Loading checkpoint shards: 100%|██████████| 8/8 [03:47<00:00, 28.45s/it]
[reader] loaded Qwen/Qwen2.5-14B-Instruct (device_map=auto, 4bit=True) entry=cuda:0
[density] materializing policy=chunk_packed_160
[density] generating policy=chunk_packed_160
The following generation flags are not valid and may be ignored: ['temperature', 'top_p', 'top_k']. Set `TRANSFORMERS_VERBOSITY=info` for more details.
[reader] generated 1/500
[reader] generated 2/500
[reader] generated 3/500
[reader] generated 4/500
[reader] generated 5/500
[reader] generated 6/500
[reader] generated 7/500
[reader] generated 8/500
[reader] generated 9/500
[reader] generated 10/500
[reader] generated 11/500
[reader] generated 12/500
[reader] generated 13/500
[reader] generated 14/500
[reader] generated 15/500
[reader] generated 16/500
[reader] generated 17/500
[reader] generated 18/500
[reader] generated 19/500
[reader] generated 20/500
[reader] generated 21/500
[reader] generated 22/500
[reader] generated 23/500
[reader] generated 24/500
[reader] generated 25/500
[reader] generated 26/500
[reader] generated 27/500
[reader] generated 28/500
[reader] generated 29/500
[reader] generated 30/500
[reader] generated 31/500
[reader] generated 32/500
[reader] generated 33/500
[reader] generated 34/500
[reader] generated 35/500
[reader] generated 36/500
[reader] generated 37/500
[reader] generated 38/500
[reader] generated 39/500
[reader] generated 40/500
[reader] generated 41/500
[reader] generated 42/500
[reader] generated 43/500
[reader] generated 44/500
[reader] generated 45/500
[reader] generated 46/500
[reader] generated 47/500
[reader] generated 48/500
[reader] generated 49/500
[reader] generated 50/500
[reader] generated 51/500
[reader] generated 52/500
[reader] generated 53/500
[reader] generated 54/500
[reader] generated 55/500
[reader] generated 56/500
[reader] generated 57/500
[reader] generated 58/500
[reader] generated 59/500
[reader] generated 60/500
[reader] generated 61/500
[reader] generated 62/500
[reader] generated 63/500
[reader] generated 64/500
[reader] generated 65/500
[reader] generated 66/500
[reader] generated 67/500
[reader] generated 68/500
[reader] generated 69/500
[reader] generated 70/500
[reader] generated 71/500
[reader] generated 72/500
[reader] generated 73/500
[reader] generated 74/500
[reader] generated 75/500
[reader] generated 76/500
[reader] generated 77/500
[reader] generated 78/500
[reader] generated 79/500
[reader] generated 80/500
[reader] generated 81/500
[reader] generated 82/500
[reader] generated 83/500
[reader] generated 84/500
[reader] generated 85/500
[reader] generated 86/500
[reader] generated 87/500
[reader] generated 88/500
[reader] generated 89/500
[reader] generated 90/500
[reader] generated 91/500
[reader] generated 92/500
[reader] generated 93/500
[reader] generated 94/500
[reader] generated 95/500
[reader] generated 96/500
[reader] generated 97/500
[reader] generated 98/500
[reader] generated 99/500
[reader] generated 100/500
[reader] generated 101/500
[reader] generated 102/500
[reader] generated 103/500
[reader] generated 104/500
[reader] generated 105/500
[reader] generated 106/500
[reader] generated 107/500
[reader] generated 108/500
[reader] generated 109/500
[reader] generated 110/500
[reader] generated 111/500
[reader] generated 112/500
[reader] generated 113/500
[reader] generated 114/500
[reader] generated 115/500
[reader] generated 116/500
[reader] generated 117/500
[reader] generated 118/500
[reader] generated 119/500
[reader] generated 120/500
[reader] generated 121/500
[reader] generated 122/500
[reader] generated 123/500
[reader] generated 124/500
[reader] generated 125/500
[reader] generated 126/500
[reader] generated 127/500
[reader] generated 128/500
[reader] generated 129/500
[reader] generated 130/500
[reader] generated 131/500
[reader] generated 132/500
[reader] generated 133/500
[reader] generated 134/500
[reader] generated 135/500
[reader] generated 136/500
[reader] generated 137/500
[reader] generated 138/500
[reader] generated 139/500
[reader] generated 140/500
[reader] generated 141/500
[reader] generated 142/500
[reader] generated 143/500
[reader] generated 144/500
[reader] generated 145/500
[reader] generated 146/500
[reader] generated 147/500
[reader] generated 148/500
[reader] generated 149/500
[reader] generated 150/500
[reader] generated 151/500
[reader] generated 152/500
[reader] generated 153/500
[reader] generated 154/500
[reader] generated 155/500
[reader] generated 156/500
[reader] generated 157/500
[reader] generated 158/500
[reader] generated 159/500
[reader] generated 160/500
[reader] generated 161/500
[reader] generated 162/500
[reader] generated 163/500
[reader] generated 164/500
[reader] generated 165/500
[reader] generated 166/500
[reader] generated 167/500
[reader] generated 168/500
[reader] generated 169/500
[reader] generated 170/500
[reader] generated 171/500
[reader] generated 172/500
[reader] generated 173/500
[reader] generated 174/500
[reader] generated 175/500
[reader] generated 176/500
[reader] generated 177/500
[reader] generated 178/500
[reader] generated 179/500
[reader] generated 180/500
[reader] generated 181/500
[reader] generated 182/500
[reader] generated 183/500
[reader] generated 184/500
[reader] generated 185/500
[reader] generated 186/500
[reader] generated 187/500
[reader] generated 188/500
[reader] generated 189/500
[reader] generated 190/500
[reader] generated 191/500
[reader] generated 192/500
[reader] generated 193/500
[reader] generated 194/500
[reader] generated 195/500
[reader] generated 196/500
[reader] generated 197/500
[reader] generated 198/500
[reader] generated 199/500
[reader] generated 200/500
[reader] generated 201/500
[reader] generated 202/500
[reader] generated 203/500
[reader] generated 204/500
[reader] generated 205/500
[reader] generated 206/500
[reader] generated 207/500
[reader] generated 208/500
[reader] generated 209/500
[reader] generated 210/500
[reader] generated 211/500
[reader] generated 212/500
[reader] generated 213/500
[reader] generated 214/500
[reader] generated 215/500
[reader] generated 216/500
[reader] generated 217/500
[reader] generated 218/500
[reader] generated 219/500
[reader] generated 220/500
[reader] generated 221/500
[reader] generated 222/500
[reader] generated 223/500
[reader] generated 224/500
[reader] generated 225/500
[reader] generated 226/500
[reader] generated 227/500
[reader] generated 228/500
[reader] generated 229/500
[reader] generated 230/500
[reader] generated 231/500
[reader] generated 232/500
[reader] generated 233/500
[reader] generated 234/500
[reader] generated 235/500
[reader] generated 236/500
[reader] generated 237/500
[reader] generated 238/500
[reader] generated 239/500
[reader] generated 240/500
[reader] generated 241/500
[reader] generated 242/500
[reader] generated 243/500
[reader] generated 244/500
[reader] generated 245/500
[reader] generated 246/500
[reader] generated 247/500
[reader] generated 248/500
[reader] generated 249/500
[reader] generated 250/500
[reader] generated 251/500
[reader] generated 252/500
[reader] generated 253/500
[reader] generated 254/500
[reader] generated 255/500
[reader] generated 256/500
[reader] generated 257/500
[reader] generated 258/500
[reader] generated 259/500
[reader] generated 260/500
[reader] generated 261/500
[reader] generated 262/500
[reader] generated 263/500
[reader] generated 264/500
[reader] generated 265/500
[reader] generated 266/500
[reader] generated 267/500
[reader] generated 268/500
[reader] generated 269/500
[reader] generated 270/500
[reader] generated 271/500
[reader] generated 272/500
[reader] generated 273/500
[reader] generated 274/500
[reader] generated 275/500
[reader] generated 276/500
[reader] generated 277/500
[reader] generated 278/500
[reader] generated 279/500
[reader] generated 280/500
[reader] generated 281/500
[reader] generated 282/500
[reader] generated 283/500
[reader] generated 284/500
[reader] generated 285/500
[reader] generated 286/500
[reader] generated 287/500
[reader] generated 288/500
[reader] generated 289/500
[reader] generated 290/500
[reader] generated 291/500
[reader] generated 292/500
[reader] generated 293/500
[reader] generated 294/500
[reader] generated 295/500
[reader] generated 296/500
[reader] generated 297/500
[reader] generated 298/500
[reader] generated 299/500
[reader] generated 300/500
[reader] generated 301/500
[reader] generated 302/500
[reader] generated 303/500
[reader] generated 304/500
[reader] generated 305/500
[reader] generated 306/500
[reader] generated 307/500
[reader] generated 308/500
[reader] generated 309/500
[reader] generated 310/500
[reader] generated 311/500
[reader] generated 312/500
[reader] generated 313/500
[reader] generated 314/500
[reader] generated 315/500
[reader] generated 316/500
[reader] generated 317/500
[reader] generated 318/500
[reader] generated 319/500
[reader] generated 320/500
[reader] generated 321/500
[reader] generated 322/500
[reader] generated 323/500
[reader] generated 324/500
[reader] generated 325/500
[reader] generated 326/500
[reader] generated 327/500
[reader] generated 328/500
[reader] generated 329/500
[reader] generated 330/500
[reader] generated 331/500
[reader] generated 332/500
[reader] generated 333/500
[reader] generated 334/500
[reader] generated 335/500
[reader] generated 336/500
[reader] generated 337/500
[reader] generated 338/500
[reader] generated 339/500
[reader] generated 340/500
[reader] generated 341/500
[reader] generated 342/500
[reader] generated 343/500
[reader] generated 344/500
[reader] generated 345/500
[reader] generated 346/500
[reader] generated 347/500
[reader] generated 348/500
[reader] generated 349/500
[reader] generated 350/500
[reader] generated 351/500
[reader] generated 352/500
[reader] generated 353/500
[reader] generated 354/500
[reader] generated 355/500
[reader] generated 356/500
[reader] generated 357/500
[reader] generated 358/500
[reader] generated 359/500
[reader] generated 360/500
[reader] generated 361/500
[reader] generated 362/500
[reader] generated 363/500
[reader] generated 364/500
[reader] generated 365/500
[reader] generated 366/500
[reader] generated 367/500
[reader] generated 368/500
[reader] generated 369/500
[reader] generated 370/500
[reader] generated 371/500
[reader] generated 372/500
[reader] generated 373/500
[reader] generated 374/500
[reader] generated 375/500
[reader] generated 376/500
[reader] generated 377/500
[reader] generated 378/500
[reader] generated 379/500
[reader] generated 380/500
[reader] generated 381/500
[reader] generated 382/500
[reader] generated 383/500
[reader] generated 384/500
[reader] generated 385/500
[reader] generated 386/500
[reader] generated 387/500
[reader] generated 388/500
[reader] generated 389/500
[reader] generated 390/500
[reader] generated 391/500
[reader] generated 392/500
[reader] generated 393/500
[reader] generated 394/500
[reader] generated 395/500
[reader] generated 396/500
[reader] generated 397/500
[reader] generated 398/500
[reader] generated 399/500
[reader] generated 400/500
[reader] generated 401/500
[reader] generated 402/500
[reader] generated 403/500
[reader] generated 404/500
[reader] generated 405/500
[reader] generated 406/500
[reader] generated 407/500
[reader] generated 408/500
[reader] generated 409/500
[reader] generated 410/500
[reader] generated 411/500
[reader] generated 412/500
[reader] generated 413/500
[reader] generated 414/500
[reader] generated 415/500
[reader] generated 416/500
[reader] generated 417/500
[reader] generated 418/500
[reader] generated 419/500
[reader] generated 420/500
[reader] generated 421/500
[reader] generated 422/500
[reader] generated 423/500
[reader] generated 424/500
[reader] generated 425/500
[reader] generated 426/500
[reader] generated 427/500
[reader] generated 428/500
[reader] generated 429/500
[reader] generated 430/500
[reader] generated 431/500
[reader] generated 432/500
[reader] generated 433/500
[reader] generated 434/500
[reader] generated 435/500
[reader] generated 436/500
[reader] generated 437/500
[reader] generated 438/500
[reader] generated 439/500
[reader] generated 440/500
[reader] generated 441/500
[reader] generated 442/500
[reader] generated 443/500
[reader] generated 444/500
[reader] generated 445/500
[reader] generated 446/500
[reader] generated 447/500
[reader] generated 448/500
[reader] generated 449/500
[reader] generated 450/500
[reader] generated 451/500
[reader] generated 452/500
[reader] generated 453/500
[reader] generated 454/500
[reader] generated 455/500
[reader] generated 456/500
[reader] generated 457/500
[reader] generated 458/500
[reader] generated 459/500
[reader] generated 460/500
[reader] generated 461/500
[reader] generated 462/500
[reader] generated 463/500
[reader] generated 464/500
[reader] generated 465/500
[reader] generated 466/500
[reader] generated 467/500
[reader] generated 468/500
[reader] generated 469/500
[reader] generated 470/500
[reader] generated 471/500
[reader] generated 472/500
[reader] generated 473/500
[reader] generated 474/500
[reader] generated 475/500
[reader] generated 476/500
[reader] generated 477/500
[reader] generated 478/500
[reader] generated 479/500
[reader] generated 480/500
[reader] generated 481/500
[reader] generated 482/500
[reader] generated 483/500
[reader] generated 484/500
[reader] generated 485/500
[reader] generated 486/500
[reader] generated 487/500
[reader] generated 488/500
[reader] generated 489/500
[reader] generated 490/500
[reader] generated 491/500
[reader] generated 492/500
[reader] generated 493/500
[reader] generated 494/500
[reader] generated 495/500
[reader] generated 496/500
[reader] generated 497/500
[reader] generated 498/500
[reader] generated 499/500
[reader] generated 500/500
[density] policy=chunk_packed_160, router_type=fixed, representation=chunk, packer=packed, reader_model=Qwen/Qwen2.5-14B-Instruct, packed_token_budget=160, recall@1=0.438, all_gold@1=0.0, recall@2=0.723, all_gold@2=0.498, recall@5=0.874, all_gold@5=0.758, qwen_em=0.294, qwen_f1=0.3867, avg_reader_evidence_tokens=151.31, mean_ans_in_context=0.59, mean_gold_token_density=0.4001, mean_gold_doc_reader_cov=0.685, mean_all_gold_reader=0.448, mean_distractor_docs=2.006, mean_context_tokens=151.314, mean_n_snippets=3.484
[density] materializing policy=chunk_focused_160
[density] generating policy=chunk_focused_160
[reader] generated 1/500
[reader] generated 2/500
[reader] generated 3/500
[reader] generated 4/500
[reader] generated 5/500
[reader] generated 6/500
[reader] generated 7/500
[reader] generated 8/500
[reader] generated 9/500
[reader] generated 10/500
[reader] generated 11/500
[reader] generated 12/500
[reader] generated 13/500
[reader] generated 14/500
[reader] generated 15/500
[reader] generated 16/500
[reader] generated 17/500
[reader] generated 18/500
[reader] generated 19/500
[reader] generated 20/500
[reader] generated 21/500
[reader] generated 22/500
[reader] generated 23/500
[reader] generated 24/500
[reader] generated 25/500
[reader] generated 26/500
[reader] generated 27/500
[reader] generated 28/500
[reader] generated 29/500
[reader] generated 30/500
[reader] generated 31/500
[reader] generated 32/500
[reader] generated 33/500
[reader] generated 34/500
[reader] generated 35/500
[reader] generated 36/500
[reader] generated 37/500
[reader] generated 38/500
[reader] generated 39/500
[reader] generated 40/500
[reader] generated 41/500
[reader] generated 42/500
[reader] generated 43/500
[reader] generated 44/500
[reader] generated 45/500
[reader] generated 46/500
[reader] generated 47/500
[reader] generated 48/500
[reader] generated 49/500
[reader] generated 50/500
[reader] generated 51/500
[reader] generated 52/500
[reader] generated 53/500
[reader] generated 54/500
[reader] generated 55/500
[reader] generated 56/500
[reader] generated 57/500
[reader] generated 58/500
[reader] generated 59/500
[reader] generated 60/500
[reader] generated 61/500
[reader] generated 62/500
[reader] generated 63/500
[reader] generated 64/500
[reader] generated 65/500
[reader] generated 66/500
[reader] generated 67/500
[reader] generated 68/500
[reader] generated 69/500
[reader] generated 70/500
[reader] generated 71/500
[reader] generated 72/500
[reader] generated 73/500
[reader] generated 74/500
[reader] generated 75/500
[reader] generated 76/500
[reader] generated 77/500
[reader] generated 78/500
[reader] generated 79/500
[reader] generated 80/500
[reader] generated 81/500
[reader] generated 82/500
[reader] generated 83/500
[reader] generated 84/500
[reader] generated 85/500
[reader] generated 86/500
[reader] generated 87/500
[reader] generated 88/500
[reader] generated 89/500
[reader] generated 90/500
[reader] generated 91/500
[reader] generated 92/500
[reader] generated 93/500
[reader] generated 94/500
[reader] generated 95/500
[reader] generated 96/500
[reader] generated 97/500
[reader] generated 98/500
[reader] generated 99/500
[reader] generated 100/500
[reader] generated 101/500
[reader] generated 102/500
[reader] generated 103/500
[reader] generated 104/500
[reader] generated 105/500
[reader] generated 106/500
[reader] generated 107/500
[reader] generated 108/500
[reader] generated 109/500
[reader] generated 110/500
[reader] generated 111/500
[reader] generated 112/500
[reader] generated 113/500
[reader] generated 114/500
[reader] generated 115/500
[reader] generated 116/500
[reader] generated 117/500
[reader] generated 118/500
[reader] generated 119/500
[reader] generated 120/500
[reader] generated 121/500
[reader] generated 122/500
[reader] generated 123/500
[reader] generated 124/500
[reader] generated 125/500
[reader] generated 126/500
[reader] generated 127/500
[reader] generated 128/500
[reader] generated 129/500
[reader] generated 130/500
[reader] generated 131/500
[reader] generated 132/500
[reader] generated 133/500
[reader] generated 134/500
[reader] generated 135/500
[reader] generated 136/500
[reader] generated 137/500
[reader] generated 138/500
[reader] generated 139/500
[reader] generated 140/500
[reader] generated 141/500
[reader] generated 142/500
[reader] generated 143/500
[reader] generated 144/500
[reader] generated 145/500
[reader] generated 146/500
[reader] generated 147/500
[reader] generated 148/500
[reader] generated 149/500
[reader] generated 150/500
[reader] generated 151/500
[reader] generated 152/500
[reader] generated 153/500
[reader] generated 154/500
[reader] generated 155/500
[reader] generated 156/500
[reader] generated 157/500
[reader] generated 158/500
[reader] generated 159/500
[reader] generated 160/500
[reader] generated 161/500
[reader] generated 162/500
[reader] generated 163/500
[reader] generated 164/500
[reader] generated 165/500
[reader] generated 166/500
[reader] generated 167/500
[reader] generated 168/500
[reader] generated 169/500
[reader] generated 170/500
[reader] generated 171/500
[reader] generated 172/500
[reader] generated 173/500
[reader] generated 174/500
[reader] generated 175/500
[reader] generated 176/500
[reader] generated 177/500
[reader] generated 178/500
[reader] generated 179/500
[reader] generated 180/500
[reader] generated 181/500
[reader] generated 182/500
[reader] generated 183/500
[reader] generated 184/500
[reader] generated 185/500
[reader] generated 186/500
[reader] generated 187/500
[reader] generated 188/500
[reader] generated 189/500
[reader] generated 190/500
[reader] generated 191/500
[reader] generated 192/500
[reader] generated 193/500
[reader] generated 194/500
[reader] generated 195/500
[reader] generated 196/500
[reader] generated 197/500
[reader] generated 198/500
[reader] generated 199/500
[reader] generated 200/500
[reader] generated 201/500
[reader] generated 202/500
[reader] generated 203/500
[reader] generated 204/500
[reader] generated 205/500
[reader] generated 206/500
[reader] generated 207/500
[reader] generated 208/500
[reader] generated 209/500
[reader] generated 210/500
[reader] generated 211/500
[reader] generated 212/500
[reader] generated 213/500
[reader] generated 214/500
[reader] generated 215/500
[reader] generated 216/500
[reader] generated 217/500
[reader] generated 218/500
[reader] generated 219/500
[reader] generated 220/500
[reader] generated 221/500
[reader] generated 222/500
[reader] generated 223/500
[reader] generated 224/500
[reader] generated 225/500
[reader] generated 226/500
[reader] generated 227/500
[reader] generated 228/500
[reader] generated 229/500
[reader] generated 230/500
[reader] generated 231/500
[reader] generated 232/500
[reader] generated 233/500
[reader] generated 234/500
[reader] generated 235/500
[reader] generated 236/500
[reader] generated 237/500
[reader] generated 238/500
[reader] generated 239/500
[reader] generated 240/500
[reader] generated 241/500
[reader] generated 242/500
[reader] generated 243/500
[reader] generated 244/500
[reader] generated 245/500
[reader] generated 246/500
[reader] generated 247/500
[reader] generated 248/500
[reader] generated 249/500
[reader] generated 250/500
[reader] generated 251/500
[reader] generated 252/500
[reader] generated 253/500
[reader] generated 254/500
[reader] generated 255/500
[reader] generated 256/500
[reader] generated 257/500
[reader] generated 258/500
[reader] generated 259/500
[reader] generated 260/500
[reader] generated 261/500
[reader] generated 262/500
[reader] generated 263/500
[reader] generated 264/500
[reader] generated 265/500
[reader] generated 266/500
[reader] generated 267/500
[reader] generated 268/500
[reader] generated 269/500
[reader] generated 270/500
[reader] generated 271/500
[reader] generated 272/500
[reader] generated 273/500
[reader] generated 274/500
[reader] generated 275/500
[reader] generated 276/500
[reader] generated 277/500
[reader] generated 278/500
[reader] generated 279/500
[reader] generated 280/500
[reader] generated 281/500
[reader] generated 282/500
[reader] generated 283/500
[reader] generated 284/500
[reader] generated 285/500
[reader] generated 286/500
[reader] generated 287/500
[reader] generated 288/500
[reader] generated 289/500
[reader] generated 290/500
[reader] generated 291/500
[reader] generated 292/500
[reader] generated 293/500
[reader] generated 294/500
[reader] generated 295/500
[reader] generated 296/500
[reader] generated 297/500
[reader] generated 298/500
[reader] generated 299/500
[reader] generated 300/500
[reader] generated 301/500
[reader] generated 302/500
[reader] generated 303/500
[reader] generated 304/500
[reader] generated 305/500
[reader] generated 306/500
[reader] generated 307/500
[reader] generated 308/500
[reader] generated 309/500
[reader] generated 310/500
[reader] generated 311/500
[reader] generated 312/500
[reader] generated 313/500
[reader] generated 314/500
[reader] generated 315/500
[reader] generated 316/500
[reader] generated 317/500
[reader] generated 318/500
[reader] generated 319/500
[reader] generated 320/500
[reader] generated 321/500
[reader] generated 322/500
[reader] generated 323/500
[reader] generated 324/500
[reader] generated 325/500
[reader] generated 326/500
[reader] generated 327/500
[reader] generated 328/500
[reader] generated 329/500
[reader] generated 330/500
[reader] generated 331/500
[reader] generated 332/500
[reader] generated 333/500
[reader] generated 334/500
[reader] generated 335/500
[reader] generated 336/500
[reader] generated 337/500
[reader] generated 338/500
[reader] generated 339/500
[reader] generated 340/500
[reader] generated 341/500
[reader] generated 342/500
[reader] generated 343/500
[reader] generated 344/500
[reader] generated 345/500
[reader] generated 346/500
[reader] generated 347/500
[reader] generated 348/500
[reader] generated 349/500
[reader] generated 350/500
[reader] generated 351/500
[reader] generated 352/500
[reader] generated 353/500
[reader] generated 354/500
[reader] generated 355/500
[reader] generated 356/500
[reader] generated 357/500
[reader] generated 358/500
[reader] generated 359/500
[reader] generated 360/500
[reader] generated 361/500
[reader] generated 362/500
[reader] generated 363/500
[reader] generated 364/500
[reader] generated 365/500
[reader] generated 366/500
[reader] generated 367/500
[reader] generated 368/500
[reader] generated 369/500
[reader] generated 370/500
[reader] generated 371/500
[reader] generated 372/500
[reader] generated 373/500
[reader] generated 374/500
[reader] generated 375/500
[reader] generated 376/500
[reader] generated 377/500
[reader] generated 378/500
[reader] generated 379/500
[reader] generated 380/500
[reader] generated 381/500
[reader] generated 382/500
[reader] generated 383/500
[reader] generated 384/500
[reader] generated 385/500
[reader] generated 386/500
[reader] generated 387/500
[reader] generated 388/500
[reader] generated 389/500
[reader] generated 390/500
[reader] generated 391/500
[reader] generated 392/500
[reader] generated 393/500
[reader] generated 394/500
[reader] generated 395/500
[reader] generated 396/500
[reader] generated 397/500
[reader] generated 398/500
[reader] generated 399/500
[reader] generated 400/500
[reader] generated 401/500
[reader] generated 402/500
[reader] generated 403/500
[reader] generated 404/500
[reader] generated 405/500
[reader] generated 406/500
[reader] generated 407/500
[reader] generated 408/500
[reader] generated 409/500
[reader] generated 410/500
[reader] generated 411/500
[reader] generated 412/500
[reader] generated 413/500
[reader] generated 414/500
[reader] generated 415/500
[reader] generated 416/500
[reader] generated 417/500
[reader] generated 418/500
[reader] generated 419/500
[reader] generated 420/500
[reader] generated 421/500
[reader] generated 422/500
[reader] generated 423/500
[reader] generated 424/500
[reader] generated 425/500
[reader] generated 426/500
[reader] generated 427/500
[reader] generated 428/500
[reader] generated 429/500
[reader] generated 430/500
[reader] generated 431/500
[reader] generated 432/500
[reader] generated 433/500
[reader] generated 434/500
[reader] generated 435/500
[reader] generated 436/500
[reader] generated 437/500
[reader] generated 438/500
[reader] generated 439/500
[reader] generated 440/500
[reader] generated 441/500
[reader] generated 442/500
[reader] generated 443/500
[reader] generated 444/500
[reader] generated 445/500
[reader] generated 446/500
[reader] generated 447/500
[reader] generated 448/500
[reader] generated 449/500
[reader] generated 450/500
[reader] generated 451/500
[reader] generated 452/500
[reader] generated 453/500
[reader] generated 454/500
[reader] generated 455/500
[reader] generated 456/500
[reader] generated 457/500
[reader] generated 458/500
[reader] generated 459/500
[reader] generated 460/500
[reader] generated 461/500
[reader] generated 462/500
[reader] generated 463/500
[reader] generated 464/500
[reader] generated 465/500
[reader] generated 466/500
[reader] generated 467/500
[reader] generated 468/500
[reader] generated 469/500
[reader] generated 470/500
[reader] generated 471/500
[reader] generated 472/500
[reader] generated 473/500
[reader] generated 474/500
[reader] generated 475/500
[reader] generated 476/500
[reader] generated 477/500
[reader] generated 478/500
[reader] generated 479/500
[reader] generated 480/500
[reader] generated 481/500
[reader] generated 482/500
[reader] generated 483/500
[reader] generated 484/500
[reader] generated 485/500
[reader] generated 486/500
[reader] generated 487/500
[reader] generated 488/500
[reader] generated 489/500
[reader] generated 490/500
[reader] generated 491/500
[reader] generated 492/500
[reader] generated 493/500
[reader] generated 494/500
[reader] generated 495/500
[reader] generated 496/500
[reader] generated 497/500
[reader] generated 498/500
[reader] generated 499/500
[reader] generated 500/500
[density] policy=chunk_focused_160, router_type=fixed, representation=chunk, packer=focused, reader_model=Qwen/Qwen2.5-14B-Instruct, packed_token_budget=160, recall@1=0.438, all_gold@1=0.0, recall@2=0.723, all_gold@2=0.498, recall@5=0.874, all_gold@5=0.758, qwen_em=0.356, qwen_f1=0.4588, avg_reader_evidence_tokens=152.28, mean_ans_in_context=0.632, mean_gold_token_density=0.5094, mean_gold_doc_reader_cov=0.733, mean_all_gold_reader=0.512, mean_distractor_docs=1.596, mean_context_tokens=152.282, mean_n_snippets=3.318
[density] materializing policy=chunk_mmr_160
[density] generating policy=chunk_mmr_160
[reader] generated 1/500
[reader] generated 2/500
[reader] generated 3/500
[reader] generated 4/500
[reader] generated 5/500
[reader] generated 6/500
[reader] generated 7/500
[reader] generated 8/500
[reader] generated 9/500
[reader] generated 10/500
[reader] generated 11/500
[reader] generated 12/500
[reader] generated 13/500
[reader] generated 14/500
[reader] generated 15/500
[reader] generated 16/500
[reader] generated 17/500
[reader] generated 18/500
[reader] generated 19/500
[reader] generated 20/500
[reader] generated 21/500
[reader] generated 22/500
[reader] generated 23/500
[reader] generated 24/500
[reader] generated 25/500
[reader] generated 26/500
[reader] generated 27/500
[reader] generated 28/500
[reader] generated 29/500
[reader] generated 30/500
[reader] generated 31/500
[reader] generated 32/500
[reader] generated 33/500
[reader] generated 34/500
[reader] generated 35/500
[reader] generated 36/500
[reader] generated 37/500
[reader] generated 38/500
[reader] generated 39/500
[reader] generated 40/500
[reader] generated 41/500
[reader] generated 42/500
[reader] generated 43/500
[reader] generated 44/500
[reader] generated 45/500
[reader] generated 46/500
[reader] generated 47/500
[reader] generated 48/500
[reader] generated 49/500
[reader] generated 50/500
[reader] generated 51/500
[reader] generated 52/500
[reader] generated 53/500
[reader] generated 54/500
[reader] generated 55/500
[reader] generated 56/500
[reader] generated 57/500
[reader] generated 58/500
[reader] generated 59/500
[reader] generated 60/500
[reader] generated 61/500
[reader] generated 62/500
[reader] generated 63/500
[reader] generated 64/500
[reader] generated 65/500
[reader] generated 66/500
[reader] generated 67/500
[reader] generated 68/500
[reader] generated 69/500
[reader] generated 70/500
[reader] generated 71/500
[reader] generated 72/500
[reader] generated 73/500
[reader] generated 74/500
[reader] generated 75/500
[reader] generated 76/500
[reader] generated 77/500
[reader] generated 78/500
[reader] generated 79/500
[reader] generated 80/500
[reader] generated 81/500
[reader] generated 82/500
[reader] generated 83/500
[reader] generated 84/500
[reader] generated 85/500
[reader] generated 86/500
[reader] generated 87/500
[reader] generated 88/500
[reader] generated 89/500
[reader] generated 90/500
[reader] generated 91/500
[reader] generated 92/500
[reader] generated 93/500
[reader] generated 94/500
[reader] generated 95/500
[reader] generated 96/500
[reader] generated 97/500
[reader] generated 98/500
[reader] generated 99/500
[reader] generated 100/500
[reader] generated 101/500
[reader] generated 102/500
[reader] generated 103/500
[reader] generated 104/500
[reader] generated 105/500
[reader] generated 106/500
[reader] generated 107/500
[reader] generated 108/500
[reader] generated 109/500
[reader] generated 110/500
[reader] generated 111/500
[reader] generated 112/500
[reader] generated 113/500
[reader] generated 114/500
[reader] generated 115/500
[reader] generated 116/500
[reader] generated 117/500
[reader] generated 118/500
[reader] generated 119/500
[reader] generated 120/500
[reader] generated 121/500
[reader] generated 122/500
[reader] generated 123/500
[reader] generated 124/500
[reader] generated 125/500
[reader] generated 126/500
[reader] generated 127/500
[reader] generated 128/500
[reader] generated 129/500
[reader] generated 130/500
[reader] generated 131/500
[reader] generated 132/500
[reader] generated 133/500
[reader] generated 134/500
[reader] generated 135/500
[reader] generated 136/500
[reader] generated 137/500
[reader] generated 138/500
[reader] generated 139/500
[reader] generated 140/500
[reader] generated 141/500
[reader] generated 142/500
[reader] generated 143/500
[reader] generated 144/500
[reader] generated 145/500
[reader] generated 146/500
[reader] generated 147/500
[reader] generated 148/500
[reader] generated 149/500
[reader] generated 150/500
[reader] generated 151/500
[reader] generated 152/500
[reader] generated 153/500
[reader] generated 154/500
[reader] generated 155/500
[reader] generated 156/500
[reader] generated 157/500
[reader] generated 158/500
[reader] generated 159/500
[reader] generated 160/500
[reader] generated 161/500
[reader] generated 162/500
[reader] generated 163/500
[reader] generated 164/500
[reader] generated 165/500
[reader] generated 166/500
[reader] generated 167/500
[reader] generated 168/500
[reader] generated 169/500
[reader] generated 170/500
[reader] generated 171/500
[reader] generated 172/500
[reader] generated 173/500
[reader] generated 174/500
[reader] generated 175/500
[reader] generated 176/500
[reader] generated 177/500
[reader] generated 178/500
[reader] generated 179/500
[reader] generated 180/500
[reader] generated 181/500
[reader] generated 182/500
[reader] generated 183/500
[reader] generated 184/500
[reader] generated 185/500
[reader] generated 186/500
[reader] generated 187/500
[reader] generated 188/500
[reader] generated 189/500
[reader] generated 190/500
[reader] generated 191/500
[reader] generated 192/500
[reader] generated 193/500
[reader] generated 194/500
[reader] generated 195/500
[reader] generated 196/500
[reader] generated 197/500
[reader] generated 198/500
[reader] generated 199/500
[reader] generated 200/500
[reader] generated 201/500
[reader] generated 202/500
[reader] generated 203/500
[reader] generated 204/500
[reader] generated 205/500
[reader] generated 206/500
[reader] generated 207/500
[reader] generated 208/500
[reader] generated 209/500
[reader] generated 210/500
[reader] generated 211/500
[reader] generated 212/500
[reader] generated 213/500
[reader] generated 214/500
[reader] generated 215/500
[reader] generated 216/500
[reader] generated 217/500
[reader] generated 218/500
[reader] generated 219/500
[reader] generated 220/500
[reader] generated 221/500
[reader] generated 222/500
[reader] generated 223/500
[reader] generated 224/500
[reader] generated 225/500
[reader] generated 226/500
[reader] generated 227/500
[reader] generated 228/500
[reader] generated 229/500
[reader] generated 230/500
[reader] generated 231/500
[reader] generated 232/500
[reader] generated 233/500
[reader] generated 234/500
[reader] generated 235/500
[reader] generated 236/500
[reader] generated 237/500
[reader] generated 238/500
[reader] generated 239/500
[reader] generated 240/500
[reader] generated 241/500
[reader] generated 242/500
[reader] generated 243/500
[reader] generated 244/500
[reader] generated 245/500
[reader] generated 246/500
[reader] generated 247/500
[reader] generated 248/500
[reader] generated 249/500
[reader] generated 250/500
[reader] generated 251/500
[reader] generated 252/500
[reader] generated 253/500
[reader] generated 254/500
[reader] generated 255/500
[reader] generated 256/500
[reader] generated 257/500
[reader] generated 258/500
[reader] generated 259/500
[reader] generated 260/500
[reader] generated 261/500
[reader] generated 262/500
[reader] generated 263/500
[reader] generated 264/500
[reader] generated 265/500
[reader] generated 266/500
[reader] generated 267/500
[reader] generated 268/500
[reader] generated 269/500
[reader] generated 270/500
[reader] generated 271/500
[reader] generated 272/500
[reader] generated 273/500
[reader] generated 274/500
[reader] generated 275/500
[reader] generated 276/500
[reader] generated 277/500
[reader] generated 278/500
[reader] generated 279/500
[reader] generated 280/500
[reader] generated 281/500
[reader] generated 282/500
[reader] generated 283/500
[reader] generated 284/500
[reader] generated 285/500
[reader] generated 286/500
[reader] generated 287/500
[reader] generated 288/500
[reader] generated 289/500
[reader] generated 290/500
[reader] generated 291/500
[reader] generated 292/500
[reader] generated 293/500
[reader] generated 294/500
[reader] generated 295/500
[reader] generated 296/500
[reader] generated 297/500
[reader] generated 298/500
[reader] generated 299/500
[reader] generated 300/500
[reader] generated 301/500
[reader] generated 302/500
[reader] generated 303/500
[reader] generated 304/500
[reader] generated 305/500
[reader] generated 306/500
[reader] generated 307/500
[reader] generated 308/500
[reader] generated 309/500
[reader] generated 310/500
[reader] generated 311/500
[reader] generated 312/500
[reader] generated 313/500
[reader] generated 314/500
[reader] generated 315/500
[reader] generated 316/500
[reader] generated 317/500
[reader] generated 318/500
[reader] generated 319/500
[reader] generated 320/500
[reader] generated 321/500
[reader] generated 322/500
[reader] generated 323/500
[reader] generated 324/500
[reader] generated 325/500
[reader] generated 326/500
[reader] generated 327/500
[reader] generated 328/500
[reader] generated 329/500
[reader] generated 330/500
[reader] generated 331/500
[reader] generated 332/500
[reader] generated 333/500
[reader] generated 334/500
[reader] generated 335/500
[reader] generated 336/500
[reader] generated 337/500
[reader] generated 338/500
[reader] generated 339/500
[reader] generated 340/500
[reader] generated 341/500
[reader] generated 342/500
[reader] generated 343/500
[reader] generated 344/500
[reader] generated 345/500
[reader] generated 346/500
[reader] generated 347/500
[reader] generated 348/500
[reader] generated 349/500
[reader] generated 350/500
[reader] generated 351/500
[reader] generated 352/500
[reader] generated 353/500
[reader] generated 354/500
[reader] generated 355/500
[reader] generated 356/500
[reader] generated 357/500
[reader] generated 358/500
[reader] generated 359/500
[reader] generated 360/500
[reader] generated 361/500
[reader] generated 362/500
[reader] generated 363/500
[reader] generated 364/500
[reader] generated 365/500
[reader] generated 366/500
[reader] generated 367/500
[reader] generated 368/500
[reader] generated 369/500
[reader] generated 370/500
[reader] generated 371/500
[reader] generated 372/500
[reader] generated 373/500
[reader] generated 374/500
[reader] generated 375/500
[reader] generated 376/500
[reader] generated 377/500
[reader] generated 378/500
[reader] generated 379/500
[reader] generated 380/500
[reader] generated 381/500
[reader] generated 382/500
[reader] generated 383/500
[reader] generated 384/500
[reader] generated 385/500
[reader] generated 386/500
[reader] generated 387/500
[reader] generated 388/500
[reader] generated 389/500
[reader] generated 390/500
[reader] generated 391/500
[reader] generated 392/500
[reader] generated 393/500
[reader] generated 394/500
[reader] generated 395/500
[reader] generated 396/500
[reader] generated 397/500
[reader] generated 398/500
[reader] generated 399/500
[reader] generated 400/500
[reader] generated 401/500
[reader] generated 402/500
[reader] generated 403/500
[reader] generated 404/500
[reader] generated 405/500
[reader] generated 406/500
[reader] generated 407/500
[reader] generated 408/500
[reader] generated 409/500
[reader] generated 410/500
[reader] generated 411/500
[reader] generated 412/500
[reader] generated 413/500
[reader] generated 414/500
[reader] generated 415/500
[reader] generated 416/500
[reader] generated 417/500
[reader] generated 418/500
[reader] generated 419/500
[reader] generated 420/500
[reader] generated 421/500
[reader] generated 422/500
[reader] generated 423/500
[reader] generated 424/500
[reader] generated 425/500
[reader] generated 426/500
[reader] generated 427/500
[reader] generated 428/500
[reader] generated 429/500
[reader] generated 430/500
[reader] generated 431/500
[reader] generated 432/500
[reader] generated 433/500
[reader] generated 434/500
[reader] generated 435/500
[reader] generated 436/500
[reader] generated 437/500
[reader] generated 438/500
[reader] generated 439/500
[reader] generated 440/500
[reader] generated 441/500
[reader] generated 442/500
[reader] generated 443/500
[reader] generated 444/500
[reader] generated 445/500
[reader] generated 446/500
[reader] generated 447/500
[reader] generated 448/500
[reader] generated 449/500
[reader] generated 450/500
[reader] generated 451/500
[reader] generated 452/500
[reader] generated 453/500
[reader] generated 454/500
[reader] generated 455/500
[reader] generated 456/500
[reader] generated 457/500
[reader] generated 458/500
[reader] generated 459/500
[reader] generated 460/500
[reader] generated 461/500
[reader] generated 462/500
[reader] generated 463/500
[reader] generated 464/500
[reader] generated 465/500
[reader] generated 466/500
[reader] generated 467/500
[reader] generated 468/500
[reader] generated 469/500
[reader] generated 470/500
[reader] generated 471/500
[reader] generated 472/500
[reader] generated 473/500
[reader] generated 474/500
[reader] generated 475/500
[reader] generated 476/500
[reader] generated 477/500
[reader] generated 478/500
[reader] generated 479/500
[reader] generated 480/500
[reader] generated 481/500
[reader] generated 482/500
[reader] generated 483/500
[reader] generated 484/500
[reader] generated 485/500
[reader] generated 486/500
[reader] generated 487/500
[reader] generated 488/500
[reader] generated 489/500
[reader] generated 490/500
[reader] generated 491/500
[reader] generated 492/500
[reader] generated 493/500
[reader] generated 494/500
[reader] generated 495/500
[reader] generated 496/500
[reader] generated 497/500
[reader] generated 498/500
[reader] generated 499/500
[reader] generated 500/500
[density] policy=chunk_mmr_160, router_type=fixed, representation=chunk, packer=mmr, reader_model=Qwen/Qwen2.5-14B-Instruct, packed_token_budget=160, recall@1=0.438, all_gold@1=0.0, recall@2=0.723, all_gold@2=0.498, recall@5=0.874, all_gold@5=0.758, qwen_em=0.31, qwen_f1=0.4049, avg_reader_evidence_tokens=151.87, mean_ans_in_context=0.592, mean_gold_token_density=0.4927, mean_gold_doc_reader_cov=0.68, mean_all_gold_reader=0.418, mean_distractor_docs=1.57, mean_context_tokens=151.874, mean_n_snippets=3.354
[density] materializing policy=chunk_submod_160
[density] generating policy=chunk_submod_160
[reader] generated 1/500
[reader] generated 2/500
[reader] generated 3/500
[reader] generated 4/500
[reader] generated 5/500
[reader] generated 6/500
[reader] generated 7/500
[reader] generated 8/500
[reader] generated 9/500
[reader] generated 10/500
[reader] generated 11/500
[reader] generated 12/500
[reader] generated 13/500
[reader] generated 14/500
[reader] generated 15/500
[reader] generated 16/500
[reader] generated 17/500
[reader] generated 18/500
[reader] generated 19/500
[reader] generated 20/500
[reader] generated 21/500
[reader] generated 22/500
[reader] generated 23/500
[reader] generated 24/500
[reader] generated 25/500
[reader] generated 26/500
[reader] generated 27/500
[reader] generated 28/500
[reader] generated 29/500
[reader] generated 30/500
[reader] generated 31/500
[reader] generated 32/500
[reader] generated 33/500
[reader] generated 34/500
[reader] generated 35/500
[reader] generated 36/500
[reader] generated 37/500
[reader] generated 38/500
[reader] generated 39/500
[reader] generated 40/500
[reader] generated 41/500
[reader] generated 42/500
[reader] generated 43/500
[reader] generated 44/500
[reader] generated 45/500
[reader] generated 46/500
[reader] generated 47/500
[reader] generated 48/500
[reader] generated 49/500
[reader] generated 50/500
[reader] generated 51/500
[reader] generated 52/500
[reader] generated 53/500
[reader] generated 54/500
[reader] generated 55/500
[reader] generated 56/500
[reader] generated 57/500
[reader] generated 58/500
[reader] generated 59/500
[reader] generated 60/500
[reader] generated 61/500
[reader] generated 62/500
[reader] generated 63/500
[reader] generated 64/500
[reader] generated 65/500
[reader] generated 66/500
[reader] generated 67/500
[reader] generated 68/500
[reader] generated 69/500
[reader] generated 70/500
[reader] generated 71/500
[reader] generated 72/500
[reader] generated 73/500
[reader] generated 74/500
[reader] generated 75/500
[reader] generated 76/500
[reader] generated 77/500
[reader] generated 78/500
[reader] generated 79/500
[reader] generated 80/500
[reader] generated 81/500
[reader] generated 82/500
[reader] generated 83/500
[reader] generated 84/500
[reader] generated 85/500
[reader] generated 86/500
[reader] generated 87/500
[reader] generated 88/500
[reader] generated 89/500
[reader] generated 90/500
[reader] generated 91/500
[reader] generated 92/500
[reader] generated 93/500
[reader] generated 94/500
[reader] generated 95/500
[reader] generated 96/500
[reader] generated 97/500
[reader] generated 98/500
[reader] generated 99/500
[reader] generated 100/500
[reader] generated 101/500
[reader] generated 102/500
[reader] generated 103/500
[reader] generated 104/500
[reader] generated 105/500
[reader] generated 106/500
[reader] generated 107/500
[reader] generated 108/500
[reader] generated 109/500
[reader] generated 110/500
[reader] generated 111/500
[reader] generated 112/500
[reader] generated 113/500
[reader] generated 114/500
[reader] generated 115/500
[reader] generated 116/500
[reader] generated 117/500
[reader] generated 118/500
[reader] generated 119/500
[reader] generated 120/500
[reader] generated 121/500
[reader] generated 122/500
[reader] generated 123/500
[reader] generated 124/500
[reader] generated 125/500
[reader] generated 126/500
[reader] generated 127/500
[reader] generated 128/500
[reader] generated 129/500
[reader] generated 130/500
[reader] generated 131/500
[reader] generated 132/500
[reader] generated 133/500
[reader] generated 134/500
[reader] generated 135/500
[reader] generated 136/500
[reader] generated 137/500
[reader] generated 138/500
[reader] generated 139/500
[reader] generated 140/500
[reader] generated 141/500
[reader] generated 142/500
[reader] generated 143/500
[reader] generated 144/500
[reader] generated 145/500
[reader] generated 146/500
[reader] generated 147/500
[reader] generated 148/500
[reader] generated 149/500
[reader] generated 150/500
[reader] generated 151/500
[reader] generated 152/500
[reader] generated 153/500
[reader] generated 154/500
[reader] generated 155/500
[reader] generated 156/500
[reader] generated 157/500
[reader] generated 158/500
[reader] generated 159/500
[reader] generated 160/500
[reader] generated 161/500
[reader] generated 162/500
[reader] generated 163/500
[reader] generated 164/500
[reader] generated 165/500
[reader] generated 166/500
[reader] generated 167/500
[reader] generated 168/500
[reader] generated 169/500
[reader] generated 170/500
[reader] generated 171/500
[reader] generated 172/500
[reader] generated 173/500
[reader] generated 174/500
[reader] generated 175/500
[reader] generated 176/500
[reader] generated 177/500
[reader] generated 178/500
[reader] generated 179/500
[reader] generated 180/500
[reader] generated 181/500
[reader] generated 182/500
[reader] generated 183/500
[reader] generated 184/500
[reader] generated 185/500
[reader] generated 186/500
[reader] generated 187/500
[reader] generated 188/500
[reader] generated 189/500
[reader] generated 190/500
[reader] generated 191/500
[reader] generated 192/500
[reader] generated 193/500
[reader] generated 194/500
[reader] generated 195/500
[reader] generated 196/500
[reader] generated 197/500
[reader] generated 198/500
[reader] generated 199/500
[reader] generated 200/500
[reader] generated 201/500
[reader] generated 202/500
[reader] generated 203/500
[reader] generated 204/500
[reader] generated 205/500
[reader] generated 206/500
[reader] generated 207/500
[reader] generated 208/500
[reader] generated 209/500
[reader] generated 210/500
[reader] generated 211/500
[reader] generated 212/500
[reader] generated 213/500
[reader] generated 214/500
[reader] generated 215/500
[reader] generated 216/500
[reader] generated 217/500
[reader] generated 218/500
[reader] generated 219/500
[reader] generated 220/500
[reader] generated 221/500
[reader] generated 222/500
[reader] generated 223/500
[reader] generated 224/500
[reader] generated 225/500
[reader] generated 226/500
[reader] generated 227/500
[reader] generated 228/500
[reader] generated 229/500
[reader] generated 230/500
[reader] generated 231/500
[reader] generated 232/500
[reader] generated 233/500
[reader] generated 234/500
[reader] generated 235/500
[reader] generated 236/500
[reader] generated 237/500
[reader] generated 238/500
[reader] generated 239/500
[reader] generated 240/500
[reader] generated 241/500
[reader] generated 242/500
[reader] generated 243/500
[reader] generated 244/500
[reader] generated 245/500
[reader] generated 246/500
[reader] generated 247/500
[reader] generated 248/500
[reader] generated 249/500
[reader] generated 250/500
[reader] generated 251/500
[reader] generated 252/500
[reader] generated 253/500
[reader] generated 254/500
[reader] generated 255/500
[reader] generated 256/500
[reader] generated 257/500
[reader] generated 258/500
[reader] generated 259/500
[reader] generated 260/500
[reader] generated 261/500
[reader] generated 262/500
[reader] generated 263/500
[reader] generated 264/500
[reader] generated 265/500
[reader] generated 266/500
[reader] generated 267/500
[reader] generated 268/500
[reader] generated 269/500
[reader] generated 270/500
[reader] generated 271/500
[reader] generated 272/500
[reader] generated 273/500
[reader] generated 274/500
[reader] generated 275/500
[reader] generated 276/500
[reader] generated 277/500
[reader] generated 278/500
[reader] generated 279/500
[reader] generated 280/500
[reader] generated 281/500
[reader] generated 282/500
[reader] generated 283/500
[reader] generated 284/500
[reader] generated 285/500
[reader] generated 286/500
[reader] generated 287/500
[reader] generated 288/500
[reader] generated 289/500
[reader] generated 290/500
[reader] generated 291/500
[reader] generated 292/500
[reader] generated 293/500
[reader] generated 294/500
[reader] generated 295/500
[reader] generated 296/500
[reader] generated 297/500
[reader] generated 298/500
[reader] generated 299/500
[reader] generated 300/500
[reader] generated 301/500
[reader] generated 302/500
[reader] generated 303/500
[reader] generated 304/500
[reader] generated 305/500
[reader] generated 306/500
[reader] generated 307/500
[reader] generated 308/500
[reader] generated 309/500
[reader] generated 310/500
[reader] generated 311/500
[reader] generated 312/500
[reader] generated 313/500
[reader] generated 314/500
[reader] generated 315/500
[reader] generated 316/500
[reader] generated 317/500
[reader] generated 318/500
[reader] generated 319/500
[reader] generated 320/500
[reader] generated 321/500
[reader] generated 322/500
[reader] generated 323/500
[reader] generated 324/500
[reader] generated 325/500
[reader] generated 326/500
[reader] generated 327/500
[reader] generated 328/500
[reader] generated 329/500
[reader] generated 330/500
[reader] generated 331/500
[reader] generated 332/500
[reader] generated 333/500
[reader] generated 334/500
[reader] generated 335/500
[reader] generated 336/500
[reader] generated 337/500
[reader] generated 338/500
[reader] generated 339/500
[reader] generated 340/500
[reader] generated 341/500
[reader] generated 342/500
[reader] generated 343/500
[reader] generated 344/500
[reader] generated 345/500
[reader] generated 346/500
[reader] generated 347/500
[reader] generated 348/500
[reader] generated 349/500
[reader] generated 350/500
[reader] generated 351/500
[reader] generated 352/500
[reader] generated 353/500
[reader] generated 354/500
[reader] generated 355/500
[reader] generated 356/500
[reader] generated 357/500
[reader] generated 358/500
[reader] generated 359/500
[reader] generated 360/500
[reader] generated 361/500
[reader] generated 362/500
[reader] generated 363/500
[reader] generated 364/500
[reader] generated 365/500
[reader] generated 366/500
[reader] generated 367/500
[reader] generated 368/500
[reader] generated 369/500
[reader] generated 370/500
[reader] generated 371/500
[reader] generated 372/500
[reader] generated 373/500
[reader] generated 374/500
[reader] generated 375/500
[reader] generated 376/500
[reader] generated 377/500
[reader] generated 378/500
[reader] generated 379/500
[reader] generated 380/500
[reader] generated 381/500
[reader] generated 382/500
[reader] generated 383/500
[reader] generated 384/500
[reader] generated 385/500
[reader] generated 386/500
[reader] generated 387/500
[reader] generated 388/500
[reader] generated 389/500
[reader] generated 390/500
[reader] generated 391/500
[reader] generated 392/500
[reader] generated 393/500
[reader] generated 394/500
[reader] generated 395/500
[reader] generated 396/500
[reader] generated 397/500
[reader] generated 398/500
[reader] generated 399/500
[reader] generated 400/500
[reader] generated 401/500
[reader] generated 402/500
[reader] generated 403/500
[reader] generated 404/500
[reader] generated 405/500
[reader] generated 406/500
[reader] generated 407/500
[reader] generated 408/500
[reader] generated 409/500
[reader] generated 410/500
[reader] generated 411/500
[reader] generated 412/500
[reader] generated 413/500
[reader] generated 414/500
[reader] generated 415/500
[reader] generated 416/500
[reader] generated 417/500
[reader] generated 418/500
[reader] generated 419/500
[reader] generated 420/500
[reader] generated 421/500
[reader] generated 422/500
[reader] generated 423/500
[reader] generated 424/500
[reader] generated 425/500
[reader] generated 426/500
[reader] generated 427/500
[reader] generated 428/500
[reader] generated 429/500
[reader] generated 430/500
[reader] generated 431/500
[reader] generated 432/500
[reader] generated 433/500
[reader] generated 434/500
[reader] generated 435/500
[reader] generated 436/500
[reader] generated 437/500
[reader] generated 438/500
[reader] generated 439/500
[reader] generated 440/500
[reader] generated 441/500
[reader] generated 442/500
[reader] generated 443/500
[reader] generated 444/500
[reader] generated 445/500
[reader] generated 446/500
[reader] generated 447/500
[reader] generated 448/500
[reader] generated 449/500
[reader] generated 450/500
[reader] generated 451/500
[reader] generated 452/500
[reader] generated 453/500
[reader] generated 454/500
[reader] generated 455/500
[reader] generated 456/500
[reader] generated 457/500
[reader] generated 458/500
[reader] generated 459/500
[reader] generated 460/500
[reader] generated 461/500
[reader] generated 462/500
[reader] generated 463/500
[reader] generated 464/500
[reader] generated 465/500
[reader] generated 466/500
[reader] generated 467/500
[reader] generated 468/500
[reader] generated 469/500
[reader] generated 470/500
[reader] generated 471/500
[reader] generated 472/500
[reader] generated 473/500
[reader] generated 474/500
[reader] generated 475/500
[reader] generated 476/500
[reader] generated 477/500
[reader] generated 478/500
[reader] generated 479/500
[reader] generated 480/500
[reader] generated 481/500
[reader] generated 482/500
[reader] generated 483/500
[reader] generated 484/500
[reader] generated 485/500
[reader] generated 486/500
[reader] generated 487/500
[reader] generated 488/500
[reader] generated 489/500
[reader] generated 490/500
[reader] generated 491/500
[reader] generated 492/500
[reader] generated 493/500
[reader] generated 494/500
[reader] generated 495/500
[reader] generated 496/500
[reader] generated 497/500
[reader] generated 498/500
[reader] generated 499/500
[reader] generated 500/500
[density] policy=chunk_submod_160, router_type=fixed, representation=chunk, packer=submod, reader_model=Qwen/Qwen2.5-14B-Instruct, packed_token_budget=160, recall@1=0.438, all_gold@1=0.0, recall@2=0.723, all_gold@2=0.498, recall@5=0.874, all_gold@5=0.758, qwen_em=0.344, qwen_f1=0.4412, avg_reader_evidence_tokens=145.4, mean_ans_in_context=0.64, mean_gold_token_density=0.4574, mean_gold_doc_reader_cov=0.779, mean_all_gold_reader=0.578, mean_distractor_docs=2.204, mean_context_tokens=145.398, mean_n_snippets=4.616
[density] materializing policy=ace_focused_160
[density] generating policy=ace_focused_160
[reader] generated 1/500
[reader] generated 2/500
[reader] generated 3/500
[reader] generated 4/500
[reader] generated 5/500
[reader] generated 6/500
[reader] generated 7/500
[reader] generated 8/500
[reader] generated 9/500
[reader] generated 10/500
[reader] generated 11/500
[reader] generated 12/500
[reader] generated 13/500
[reader] generated 14/500
[reader] generated 15/500
[reader] generated 16/500
[reader] generated 17/500
[reader] generated 18/500
[reader] generated 19/500
[reader] generated 20/500
[reader] generated 21/500
[reader] generated 22/500
[reader] generated 23/500
[reader] generated 24/500
[reader] generated 25/500
[reader] generated 26/500
[reader] generated 27/500
[reader] generated 28/500
[reader] generated 29/500
[reader] generated 30/500
[reader] generated 31/500
[reader] generated 32/500
[reader] generated 33/500
[reader] generated 34/500
[reader] generated 35/500
[reader] generated 36/500
[reader] generated 37/500
[reader] generated 38/500
[reader] generated 39/500
[reader] generated 40/500
[reader] generated 41/500
[reader] generated 42/500
[reader] generated 43/500
[reader] generated 44/500
[reader] generated 45/500
[reader] generated 46/500
[reader] generated 47/500
[reader] generated 48/500
[reader] generated 49/500
[reader] generated 50/500
[reader] generated 51/500
[reader] generated 52/500
[reader] generated 53/500
[reader] generated 54/500
[reader] generated 55/500
[reader] generated 56/500
[reader] generated 57/500
[reader] generated 58/500
[reader] generated 59/500
[reader] generated 60/500
[reader] generated 61/500
[reader] generated 62/500
[reader] generated 63/500
[reader] generated 64/500
[reader] generated 65/500
[reader] generated 66/500
[reader] generated 67/500
[reader] generated 68/500
[reader] generated 69/500
[reader] generated 70/500
[reader] generated 71/500
[reader] generated 72/500
[reader] generated 73/500
[reader] generated 74/500
[reader] generated 75/500
[reader] generated 76/500
[reader] generated 77/500
[reader] generated 78/500
[reader] generated 79/500
[reader] generated 80/500
[reader] generated 81/500
[reader] generated 82/500
[reader] generated 83/500
[reader] generated 84/500
[reader] generated 85/500
[reader] generated 86/500
[reader] generated 87/500
[reader] generated 88/500
[reader] generated 89/500
[reader] generated 90/500
[reader] generated 91/500
[reader] generated 92/500
[reader] generated 93/500
[reader] generated 94/500
[reader] generated 95/500
[reader] generated 96/500
[reader] generated 97/500
[reader] generated 98/500
[reader] generated 99/500
[reader] generated 100/500
[reader] generated 101/500
[reader] generated 102/500
[reader] generated 103/500
[reader] generated 104/500
[reader] generated 105/500
[reader] generated 106/500
[reader] generated 107/500
[reader] generated 108/500
[reader] generated 109/500
[reader] generated 110/500
[reader] generated 111/500
[reader] generated 112/500
[reader] generated 113/500
[reader] generated 114/500
[reader] generated 115/500
[reader] generated 116/500
[reader] generated 117/500
[reader] generated 118/500
[reader] generated 119/500
[reader] generated 120/500
[reader] generated 121/500
[reader] generated 122/500
[reader] generated 123/500
[reader] generated 124/500
[reader] generated 125/500
[reader] generated 126/500
[reader] generated 127/500
[reader] generated 128/500
[reader] generated 129/500
[reader] generated 130/500
[reader] generated 131/500
[reader] generated 132/500
[reader] generated 133/500
[reader] generated 134/500
[reader] generated 135/500
[reader] generated 136/500
[reader] generated 137/500
[reader] generated 138/500
[reader] generated 139/500
[reader] generated 140/500
[reader] generated 141/500
[reader] generated 142/500
[reader] generated 143/500
[reader] generated 144/500
[reader] generated 145/500
[reader] generated 146/500
[reader] generated 147/500
[reader] generated 148/500
[reader] generated 149/500
[reader] generated 150/500
[reader] generated 151/500
[reader] generated 152/500
[reader] generated 153/500
[reader] generated 154/500
[reader] generated 155/500
[reader] generated 156/500
[reader] generated 157/500
[reader] generated 158/500
[reader] generated 159/500
[reader] generated 160/500
[reader] generated 161/500
[reader] generated 162/500
[reader] generated 163/500
[reader] generated 164/500
[reader] generated 165/500
[reader] generated 166/500
[reader] generated 167/500
[reader] generated 168/500
[reader] generated 169/500
[reader] generated 170/500
[reader] generated 171/500
[reader] generated 172/500
[reader] generated 173/500
[reader] generated 174/500
[reader] generated 175/500
[reader] generated 176/500
[reader] generated 177/500
[reader] generated 178/500
[reader] generated 179/500
[reader] generated 180/500
[reader] generated 181/500
[reader] generated 182/500
[reader] generated 183/500
[reader] generated 184/500
[reader] generated 185/500
[reader] generated 186/500
[reader] generated 187/500
[reader] generated 188/500
[reader] generated 189/500
[reader] generated 190/500
[reader] generated 191/500
[reader] generated 192/500
[reader] generated 193/500
[reader] generated 194/500
[reader] generated 195/500
[reader] generated 196/500
[reader] generated 197/500
[reader] generated 198/500
[reader] generated 199/500
[reader] generated 200/500
[reader] generated 201/500
[reader] generated 202/500
[reader] generated 203/500
[reader] generated 204/500
[reader] generated 205/500
[reader] generated 206/500
[reader] generated 207/500
[reader] generated 208/500
[reader] generated 209/500
[reader] generated 210/500
[reader] generated 211/500
[reader] generated 212/500
[reader] generated 213/500
[reader] generated 214/500
[reader] generated 215/500
[reader] generated 216/500
[reader] generated 217/500
[reader] generated 218/500
[reader] generated 219/500
[reader] generated 220/500
[reader] generated 221/500
[reader] generated 222/500
[reader] generated 223/500
[reader] generated 224/500
[reader] generated 225/500
[reader] generated 226/500
[reader] generated 227/500
[reader] generated 228/500
[reader] generated 229/500
[reader] generated 230/500
[reader] generated 231/500
[reader] generated 232/500
[reader] generated 233/500
[reader] generated 234/500
[reader] generated 235/500
[reader] generated 236/500
[reader] generated 237/500
[reader] generated 238/500
[reader] generated 239/500
[reader] generated 240/500
[reader] generated 241/500
[reader] generated 242/500
[reader] generated 243/500
[reader] generated 244/500
[reader] generated 245/500
[reader] generated 246/500
[reader] generated 247/500
[reader] generated 248/500
[reader] generated 249/500
[reader] generated 250/500
[reader] generated 251/500
[reader] generated 252/500
[reader] generated 253/500
[reader] generated 254/500
[reader] generated 255/500
[reader] generated 256/500
[reader] generated 257/500
[reader] generated 258/500
[reader] generated 259/500
[reader] generated 260/500
[reader] generated 261/500
[reader] generated 262/500
[reader] generated 263/500
[reader] generated 264/500
[reader] generated 265/500
[reader] generated 266/500
[reader] generated 267/500
[reader] generated 268/500
[reader] generated 269/500
[reader] generated 270/500
[reader] generated 271/500
[reader] generated 272/500
[reader] generated 273/500
[reader] generated 274/500
[reader] generated 275/500
[reader] generated 276/500
[reader] generated 277/500
[reader] generated 278/500
[reader] generated 279/500
[reader] generated 280/500
[reader] generated 281/500
[reader] generated 282/500
[reader] generated 283/500
[reader] generated 284/500
[reader] generated 285/500
[reader] generated 286/500
[reader] generated 287/500
[reader] generated 288/500
[reader] generated 289/500
[reader] generated 290/500
[reader] generated 291/500
[reader] generated 292/500
[reader] generated 293/500
[reader] generated 294/500
[reader] generated 295/500
[reader] generated 296/500
[reader] generated 297/500
[reader] generated 298/500
[reader] generated 299/500
[reader] generated 300/500
[reader] generated 301/500
[reader] generated 302/500
[reader] generated 303/500
[reader] generated 304/500
[reader] generated 305/500
[reader] generated 306/500
[reader] generated 307/500
[reader] generated 308/500
[reader] generated 309/500
[reader] generated 310/500
[reader] generated 311/500
[reader] generated 312/500
[reader] generated 313/500
[reader] generated 314/500
[reader] generated 315/500
[reader] generated 316/500
[reader] generated 317/500
[reader] generated 318/500
[reader] generated 319/500
[reader] generated 320/500
[reader] generated 321/500
[reader] generated 322/500
[reader] generated 323/500
[reader] generated 324/500
[reader] generated 325/500
[reader] generated 326/500
[reader] generated 327/500
[reader] generated 328/500
[reader] generated 329/500
[reader] generated 330/500
[reader] generated 331/500
[reader] generated 332/500
[reader] generated 333/500
[reader] generated 334/500
[reader] generated 335/500
[reader] generated 336/500
[reader] generated 337/500
[reader] generated 338/500
[reader] generated 339/500
[reader] generated 340/500
[reader] generated 341/500
[reader] generated 342/500
[reader] generated 343/500
[reader] generated 344/500
[reader] generated 345/500
[reader] generated 346/500
[reader] generated 347/500
[reader] generated 348/500
[reader] generated 349/500
[reader] generated 350/500
[reader] generated 351/500
[reader] generated 352/500
[reader] generated 353/500
[reader] generated 354/500
[reader] generated 355/500
[reader] generated 356/500
[reader] generated 357/500
[reader] generated 358/500
[reader] generated 359/500
[reader] generated 360/500
[reader] generated 361/500
[reader] generated 362/500
[reader] generated 363/500
[reader] generated 364/500
[reader] generated 365/500
[reader] generated 366/500
[reader] generated 367/500
[reader] generated 368/500
[reader] generated 369/500
[reader] generated 370/500
[reader] generated 371/500
[reader] generated 372/500
[reader] generated 373/500
[reader] generated 374/500
[reader] generated 375/500
[reader] generated 376/500
[reader] generated 377/500
[reader] generated 378/500
[reader] generated 379/500
[reader] generated 380/500
[reader] generated 381/500
[reader] generated 382/500
[reader] generated 383/500
[reader] generated 384/500
[reader] generated 385/500
[reader] generated 386/500
[reader] generated 387/500
[reader] generated 388/500
[reader] generated 389/500
[reader] generated 390/500
[reader] generated 391/500
[reader] generated 392/500
[reader] generated 393/500
[reader] generated 394/500
[reader] generated 395/500
[reader] generated 396/500
[reader] generated 397/500
[reader] generated 398/500
[reader] generated 399/500
[reader] generated 400/500
[reader] generated 401/500
[reader] generated 402/500
[reader] generated 403/500
[reader] generated 404/500
[reader] generated 405/500
[reader] generated 406/500
[reader] generated 407/500
[reader] generated 408/500
[reader] generated 409/500
[reader] generated 410/500
[reader] generated 411/500
[reader] generated 412/500
[reader] generated 413/500
[reader] generated 414/500
[reader] generated 415/500
[reader] generated 416/500
[reader] generated 417/500
[reader] generated 418/500
[reader] generated 419/500
[reader] generated 420/500
[reader] generated 421/500
[reader] generated 422/500
[reader] generated 423/500
[reader] generated 424/500
[reader] generated 425/500
[reader] generated 426/500
[reader] generated 427/500
[reader] generated 428/500
[reader] generated 429/500
[reader] generated 430/500
[reader] generated 431/500
[reader] generated 432/500
[reader] generated 433/500
[reader] generated 434/500
[reader] generated 435/500
[reader] generated 436/500
[reader] generated 437/500
[reader] generated 438/500
[reader] generated 439/500
[reader] generated 440/500
[reader] generated 441/500
[reader] generated 442/500
[reader] generated 443/500
[reader] generated 444/500
[reader] generated 445/500
[reader] generated 446/500
[reader] generated 447/500
[reader] generated 448/500
[reader] generated 449/500
[reader] generated 450/500
[reader] generated 451/500
[reader] generated 452/500
[reader] generated 453/500
[reader] generated 454/500
[reader] generated 455/500
[reader] generated 456/500
[reader] generated 457/500
[reader] generated 458/500
[reader] generated 459/500
[reader] generated 460/500
[reader] generated 461/500
[reader] generated 462/500
[reader] generated 463/500
[reader] generated 464/500
[reader] generated 465/500
[reader] generated 466/500
[reader] generated 467/500
[reader] generated 468/500
[reader] generated 469/500
[reader] generated 470/500
[reader] generated 471/500
[reader] generated 472/500
[reader] generated 473/500
[reader] generated 474/500
[reader] generated 475/500
[reader] generated 476/500
[reader] generated 477/500
[reader] generated 478/500
[reader] generated 479/500
[reader] generated 480/500
[reader] generated 481/500
[reader] generated 482/500
[reader] generated 483/500
[reader] generated 484/500
[reader] generated 485/500
[reader] generated 486/500
[reader] generated 487/500
[reader] generated 488/500
[reader] generated 489/500
[reader] generated 490/500
[reader] generated 491/500
[reader] generated 492/500
[reader] generated 493/500
[reader] generated 494/500
[reader] generated 495/500
[reader] generated 496/500
[reader] generated 497/500
[reader] generated 498/500
[reader] generated 499/500
[reader] generated 500/500
[density] policy=ace_focused_160, router_type=fixed, representation=ace, packer=focused, reader_model=Qwen/Qwen2.5-14B-Instruct, packed_token_budget=160, recall@1=0.419, all_gold@1=0.0, recall@2=0.677, all_gold@2=0.422, recall@5=0.859, all_gold@5=0.726, qwen_em=0.36, qwen_f1=0.4665, avg_reader_evidence_tokens=150.04, mean_ans_in_context=0.63, mean_gold_token_density=0.4516, mean_gold_doc_reader_cov=0.768, mean_all_gold_reader=0.562, mean_distractor_docs=2.134, mean_context_tokens=150.042, mean_n_snippets=4.108
[density] materializing policy=ace_mmr_160
[density] generating policy=ace_mmr_160
[reader] generated 1/500
[reader] generated 2/500
[reader] generated 3/500
[reader] generated 4/500
[reader] generated 5/500
[reader] generated 6/500
[reader] generated 7/500
[reader] generated 8/500
[reader] generated 9/500
[reader] generated 10/500
[reader] generated 11/500
[reader] generated 12/500
[reader] generated 13/500
[reader] generated 14/500
[reader] generated 15/500
[reader] generated 16/500
[reader] generated 17/500
[reader] generated 18/500
[reader] generated 19/500
[reader] generated 20/500
[reader] generated 21/500
[reader] generated 22/500
[reader] generated 23/500
[reader] generated 24/500
[reader] generated 25/500
[reader] generated 26/500
[reader] generated 27/500
[reader] generated 28/500
[reader] generated 29/500
[reader] generated 30/500
[reader] generated 31/500
[reader] generated 32/500
[reader] generated 33/500
[reader] generated 34/500
[reader] generated 35/500
[reader] generated 36/500
[reader] generated 37/500
[reader] generated 38/500
[reader] generated 39/500
[reader] generated 40/500
[reader] generated 41/500
[reader] generated 42/500
[reader] generated 43/500
[reader] generated 44/500
[reader] generated 45/500
[reader] generated 46/500
[reader] generated 47/500
[reader] generated 48/500
[reader] generated 49/500
[reader] generated 50/500
[reader] generated 51/500
[reader] generated 52/500
[reader] generated 53/500
[reader] generated 54/500
[reader] generated 55/500
[reader] generated 56/500
[reader] generated 57/500
[reader] generated 58/500
[reader] generated 59/500
[reader] generated 60/500
[reader] generated 61/500
[reader] generated 62/500
[reader] generated 63/500
[reader] generated 64/500
[reader] generated 65/500
[reader] generated 66/500
[reader] generated 67/500
[reader] generated 68/500
[reader] generated 69/500
[reader] generated 70/500
[reader] generated 71/500
[reader] generated 72/500
[reader] generated 73/500
[reader] generated 74/500
[reader] generated 75/500
[reader] generated 76/500
[reader] generated 77/500
[reader] generated 78/500
[reader] generated 79/500
[reader] generated 80/500
[reader] generated 81/500
[reader] generated 82/500
[reader] generated 83/500
[reader] generated 84/500
[reader] generated 85/500
[reader] generated 86/500
[reader] generated 87/500
[reader] generated 88/500
[reader] generated 89/500
[reader] generated 90/500
[reader] generated 91/500
[reader] generated 92/500
[reader] generated 93/500
[reader] generated 94/500
[reader] generated 95/500
[reader] generated 96/500
[reader] generated 97/500
[reader] generated 98/500
[reader] generated 99/500
[reader] generated 100/500
[reader] generated 101/500
[reader] generated 102/500
[reader] generated 103/500
[reader] generated 104/500
[reader] generated 105/500
[reader] generated 106/500
[reader] generated 107/500
[reader] generated 108/500
[reader] generated 109/500
[reader] generated 110/500
[reader] generated 111/500
[reader] generated 112/500
[reader] generated 113/500
[reader] generated 114/500
[reader] generated 115/500
[reader] generated 116/500
[reader] generated 117/500
[reader] generated 118/500
[reader] generated 119/500
[reader] generated 120/500
[reader] generated 121/500
[reader] generated 122/500
[reader] generated 123/500
[reader] generated 124/500
[reader] generated 125/500
[reader] generated 126/500
[reader] generated 127/500
[reader] generated 128/500
[reader] generated 129/500
[reader] generated 130/500
[reader] generated 131/500
[reader] generated 132/500
[reader] generated 133/500
[reader] generated 134/500
[reader] generated 135/500
[reader] generated 136/500
[reader] generated 137/500
[reader] generated 138/500
[reader] generated 139/500
[reader] generated 140/500
[reader] generated 141/500
[reader] generated 142/500
[reader] generated 143/500
[reader] generated 144/500
[reader] generated 145/500
[reader] generated 146/500
[reader] generated 147/500
[reader] generated 148/500
[reader] generated 149/500
[reader] generated 150/500
[reader] generated 151/500
[reader] generated 152/500
[reader] generated 153/500
[reader] generated 154/500
[reader] generated 155/500
[reader] generated 156/500
[reader] generated 157/500
[reader] generated 158/500
[reader] generated 159/500
[reader] generated 160/500
[reader] generated 161/500
[reader] generated 162/500
[reader] generated 163/500
[reader] generated 164/500
[reader] generated 165/500
[reader] generated 166/500
[reader] generated 167/500
[reader] generated 168/500
[reader] generated 169/500
[reader] generated 170/500
[reader] generated 171/500
[reader] generated 172/500
[reader] generated 173/500
[reader] generated 174/500
[reader] generated 175/500
[reader] generated 176/500
[reader] generated 177/500
[reader] generated 178/500
[reader] generated 179/500
[reader] generated 180/500
[reader] generated 181/500
[reader] generated 182/500
[reader] generated 183/500
[reader] generated 184/500
[reader] generated 185/500
[reader] generated 186/500
[reader] generated 187/500
[reader] generated 188/500
[reader] generated 189/500
[reader] generated 190/500
[reader] generated 191/500
[reader] generated 192/500
[reader] generated 193/500
[reader] generated 194/500
[reader] generated 195/500
[reader] generated 196/500
[reader] generated 197/500
[reader] generated 198/500
[reader] generated 199/500
[reader] generated 200/500
[reader] generated 201/500
[reader] generated 202/500
[reader] generated 203/500
[reader] generated 204/500
[reader] generated 205/500
[reader] generated 206/500
[reader] generated 207/500
[reader] generated 208/500
[reader] generated 209/500
[reader] generated 210/500
[reader] generated 211/500
[reader] generated 212/500
[reader] generated 213/500
[reader] generated 214/500
[reader] generated 215/500
[reader] generated 216/500
[reader] generated 217/500
[reader] generated 218/500
[reader] generated 219/500
[reader] generated 220/500
[reader] generated 221/500
[reader] generated 222/500
[reader] generated 223/500
[reader] generated 224/500
[reader] generated 225/500
[reader] generated 226/500
[reader] generated 227/500
[reader] generated 228/500
[reader] generated 229/500
[reader] generated 230/500
[reader] generated 231/500
[reader] generated 232/500
[reader] generated 233/500
[reader] generated 234/500
[reader] generated 235/500
[reader] generated 236/500
[reader] generated 237/500
[reader] generated 238/500
[reader] generated 239/500
[reader] generated 240/500
[reader] generated 241/500
[reader] generated 242/500
[reader] generated 243/500
[reader] generated 244/500
[reader] generated 245/500
[reader] generated 246/500
[reader] generated 247/500
[reader] generated 248/500
[reader] generated 249/500
[reader] generated 250/500
[reader] generated 251/500
[reader] generated 252/500
[reader] generated 253/500
[reader] generated 254/500
[reader] generated 255/500
[reader] generated 256/500
[reader] generated 257/500
[reader] generated 258/500
[reader] generated 259/500
[reader] generated 260/500
[reader] generated 261/500
[reader] generated 262/500
[reader] generated 263/500
[reader] generated 264/500
[reader] generated 265/500
[reader] generated 266/500
[reader] generated 267/500
[reader] generated 268/500
[reader] generated 269/500
[reader] generated 270/500
[reader] generated 271/500
[reader] generated 272/500
[reader] generated 273/500
[reader] generated 274/500
[reader] generated 275/500
[reader] generated 276/500
[reader] generated 277/500
[reader] generated 278/500
[reader] generated 279/500
[reader] generated 280/500
[reader] generated 281/500
[reader] generated 282/500
[reader] generated 283/500
[reader] generated 284/500
[reader] generated 285/500
[reader] generated 286/500
[reader] generated 287/500
[reader] generated 288/500
[reader] generated 289/500
[reader] generated 290/500
[reader] generated 291/500
[reader] generated 292/500
[reader] generated 293/500
[reader] generated 294/500
[reader] generated 295/500
[reader] generated 296/500
[reader] generated 297/500
[reader] generated 298/500
[reader] generated 299/500
[reader] generated 300/500
[reader] generated 301/500
[reader] generated 302/500
[reader] generated 303/500
[reader] generated 304/500
[reader] generated 305/500
[reader] generated 306/500
[reader] generated 307/500
[reader] generated 308/500
[reader] generated 309/500
[reader] generated 310/500
[reader] generated 311/500
[reader] generated 312/500
[reader] generated 313/500
[reader] generated 314/500
[reader] generated 315/500
[reader] generated 316/500
[reader] generated 317/500
[reader] generated 318/500
[reader] generated 319/500
[reader] generated 320/500
[reader] generated 321/500
[reader] generated 322/500
[reader] generated 323/500
[reader] generated 324/500
[reader] generated 325/500
[reader] generated 326/500
[reader] generated 327/500
[reader] generated 328/500
[reader] generated 329/500
[reader] generated 330/500
[reader] generated 331/500
[reader] generated 332/500
[reader] generated 333/500
[reader] generated 334/500
[reader] generated 335/500
[reader] generated 336/500
[reader] generated 337/500
[reader] generated 338/500
[reader] generated 339/500
[reader] generated 340/500
[reader] generated 341/500
[reader] generated 342/500
[reader] generated 343/500
[reader] generated 344/500
[reader] generated 345/500
[reader] generated 346/500
[reader] generated 347/500
[reader] generated 348/500
[reader] generated 349/500
[reader] generated 350/500
[reader] generated 351/500
[reader] generated 352/500
[reader] generated 353/500
[reader] generated 354/500
[reader] generated 355/500
[reader] generated 356/500
[reader] generated 357/500
[reader] generated 358/500
[reader] generated 359/500
[reader] generated 360/500
[reader] generated 361/500
[reader] generated 362/500
[reader] generated 363/500
[reader] generated 364/500
[reader] generated 365/500
[reader] generated 366/500
[reader] generated 367/500
[reader] generated 368/500
[reader] generated 369/500
[reader] generated 370/500
[reader] generated 371/500
[reader] generated 372/500
[reader] generated 373/500
[reader] generated 374/500
[reader] generated 375/500
[reader] generated 376/500
[reader] generated 377/500
[reader] generated 378/500
[reader] generated 379/500
[reader] generated 380/500
[reader] generated 381/500
[reader] generated 382/500
[reader] generated 383/500
[reader] generated 384/500
[reader] generated 385/500
[reader] generated 386/500
[reader] generated 387/500
[reader] generated 388/500
[reader] generated 389/500
[reader] generated 390/500
[reader] generated 391/500
[reader] generated 392/500
[reader] generated 393/500
[reader] generated 394/500
[reader] generated 395/500
[reader] generated 396/500
[reader] generated 397/500
[reader] generated 398/500
[reader] generated 399/500
[reader] generated 400/500
[reader] generated 401/500
[reader] generated 402/500
[reader] generated 403/500
[reader] generated 404/500
[reader] generated 405/500
[reader] generated 406/500
[reader] generated 407/500
[reader] generated 408/500
[reader] generated 409/500
[reader] generated 410/500
[reader] generated 411/500
[reader] generated 412/500
[reader] generated 413/500
[reader] generated 414/500
[reader] generated 415/500
[reader] generated 416/500
[reader] generated 417/500
[reader] generated 418/500
[reader] generated 419/500
[reader] generated 420/500
[reader] generated 421/500
[reader] generated 422/500
[reader] generated 423/500
[reader] generated 424/500
[reader] generated 425/500
[reader] generated 426/500
[reader] generated 427/500
[reader] generated 428/500
[reader] generated 429/500
[reader] generated 430/500
[reader] generated 431/500
[reader] generated 432/500
[reader] generated 433/500
[reader] generated 434/500
[reader] generated 435/500
[reader] generated 436/500
[reader] generated 437/500
[reader] generated 438/500
[reader] generated 439/500
[reader] generated 440/500
[reader] generated 441/500
[reader] generated 442/500
[reader] generated 443/500
[reader] generated 444/500
[reader] generated 445/500
[reader] generated 446/500
[reader] generated 447/500
[reader] generated 448/500
[reader] generated 449/500
[reader] generated 450/500
[reader] generated 451/500
[reader] generated 452/500
[reader] generated 453/500
[reader] generated 454/500
[reader] generated 455/500
[reader] generated 456/500
[reader] generated 457/500
[reader] generated 458/500
[reader] generated 459/500
[reader] generated 460/500
[reader] generated 461/500
[reader] generated 462/500
[reader] generated 463/500
[reader] generated 464/500
[reader] generated 465/500
[reader] generated 466/500
[reader] generated 467/500
[reader] generated 468/500
[reader] generated 469/500
[reader] generated 470/500
[reader] generated 471/500
[reader] generated 472/500
[reader] generated 473/500
[reader] generated 474/500
[reader] generated 475/500
[reader] generated 476/500
[reader] generated 477/500
[reader] generated 478/500
[reader] generated 479/500
[reader] generated 480/500
[reader] generated 481/500
[reader] generated 482/500
[reader] generated 483/500
[reader] generated 484/500
[reader] generated 485/500
[reader] generated 486/500
[reader] generated 487/500
[reader] generated 488/500
[reader] generated 489/500
[reader] generated 490/500
[reader] generated 491/500
[reader] generated 492/500
[reader] generated 493/500
[reader] generated 494/500
[reader] generated 495/500
[reader] generated 496/500
[reader] generated 497/500
[reader] generated 498/500
[reader] generated 499/500
[reader] generated 500/500
[density] policy=ace_mmr_160, router_type=fixed, representation=ace, packer=mmr, reader_model=Qwen/Qwen2.5-14B-Instruct, packed_token_budget=160, recall@1=0.419, all_gold@1=0.0, recall@2=0.677, all_gold@2=0.422, recall@5=0.859, all_gold@5=0.726, qwen_em=0.334, qwen_f1=0.4311, avg_reader_evidence_tokens=149.78, mean_ans_in_context=0.61, mean_gold_token_density=0.4421, mean_gold_doc_reader_cov=0.726, mean_all_gold_reader=0.496, mean_distractor_docs=2.072, mean_context_tokens=149.78, mean_n_snippets=4.15
[density] materializing policy=ace_submod_160
[density] generating policy=ace_submod_160
[reader] generated 1/500
[reader] generated 2/500
[reader] generated 3/500
[reader] generated 4/500
[reader] generated 5/500
[reader] generated 6/500
[reader] generated 7/500
[reader] generated 8/500
[reader] generated 9/500
[reader] generated 10/500
[reader] generated 11/500
[reader] generated 12/500
[reader] generated 13/500
[reader] generated 14/500
[reader] generated 15/500
[reader] generated 16/500
[reader] generated 17/500
[reader] generated 18/500
[reader] generated 19/500
[reader] generated 20/500
[reader] generated 21/500
[reader] generated 22/500
[reader] generated 23/500
[reader] generated 24/500
[reader] generated 25/500
[reader] generated 26/500
[reader] generated 27/500
[reader] generated 28/500
[reader] generated 29/500
[reader] generated 30/500
[reader] generated 31/500
[reader] generated 32/500
[reader] generated 33/500
[reader] generated 34/500
[reader] generated 35/500
[reader] generated 36/500
[reader] generated 37/500
[reader] generated 38/500
[reader] generated 39/500
[reader] generated 40/500
[reader] generated 41/500
[reader] generated 42/500
[reader] generated 43/500
[reader] generated 44/500
[reader] generated 45/500
[reader] generated 46/500
[reader] generated 47/500
[reader] generated 48/500
[reader] generated 49/500
[reader] generated 50/500
[reader] generated 51/500
[reader] generated 52/500
[reader] generated 53/500
[reader] generated 54/500
[reader] generated 55/500
[reader] generated 56/500
[reader] generated 57/500
[reader] generated 58/500
[reader] generated 59/500
[reader] generated 60/500
[reader] generated 61/500
[reader] generated 62/500
[reader] generated 63/500
[reader] generated 64/500
[reader] generated 65/500
[reader] generated 66/500
[reader] generated 67/500
[reader] generated 68/500
[reader] generated 69/500
[reader] generated 70/500
[reader] generated 71/500
[reader] generated 72/500
[reader] generated 73/500
[reader] generated 74/500
[reader] generated 75/500
[reader] generated 76/500
[reader] generated 77/500
[reader] generated 78/500
[reader] generated 79/500
[reader] generated 80/500
[reader] generated 81/500
[reader] generated 82/500
[reader] generated 83/500
[reader] generated 84/500
[reader] generated 85/500
[reader] generated 86/500
[reader] generated 87/500
[reader] generated 88/500
[reader] generated 89/500
[reader] generated 90/500
[reader] generated 91/500
[reader] generated 92/500
[reader] generated 93/500
[reader] generated 94/500
[reader] generated 95/500
[reader] generated 96/500
[reader] generated 97/500
[reader] generated 98/500
[reader] generated 99/500
[reader] generated 100/500
[reader] generated 101/500
[reader] generated 102/500
[reader] generated 103/500
[reader] generated 104/500
[reader] generated 105/500
[reader] generated 106/500
[reader] generated 107/500
[reader] generated 108/500
[reader] generated 109/500
[reader] generated 110/500
[reader] generated 111/500
[reader] generated 112/500
[reader] generated 113/500
[reader] generated 114/500
[reader] generated 115/500
[reader] generated 116/500
[reader] generated 117/500
[reader] generated 118/500
[reader] generated 119/500
[reader] generated 120/500
[reader] generated 121/500
[reader] generated 122/500
[reader] generated 123/500
[reader] generated 124/500
[reader] generated 125/500
[reader] generated 126/500
[reader] generated 127/500
[reader] generated 128/500
[reader] generated 129/500
[reader] generated 130/500
[reader] generated 131/500
[reader] generated 132/500
[reader] generated 133/500
[reader] generated 134/500
[reader] generated 135/500
[reader] generated 136/500
[reader] generated 137/500
[reader] generated 138/500
[reader] generated 139/500
[reader] generated 140/500
[reader] generated 141/500
[reader] generated 142/500
[reader] generated 143/500
[reader] generated 144/500
[reader] generated 145/500
[reader] generated 146/500
[reader] generated 147/500
[reader] generated 148/500
[reader] generated 149/500
[reader] generated 150/500
[reader] generated 151/500
[reader] generated 152/500
[reader] generated 153/500
[reader] generated 154/500
[reader] generated 155/500
[reader] generated 156/500
[reader] generated 157/500
[reader] generated 158/500
[reader] generated 159/500
[reader] generated 160/500
[reader] generated 161/500
[reader] generated 162/500
[reader] generated 163/500
[reader] generated 164/500
[reader] generated 165/500
[reader] generated 166/500
[reader] generated 167/500
[reader] generated 168/500
[reader] generated 169/500
[reader] generated 170/500
[reader] generated 171/500
[reader] generated 172/500
[reader] generated 173/500
[reader] generated 174/500
[reader] generated 175/500
[reader] generated 176/500
[reader] generated 177/500
[reader] generated 178/500
[reader] generated 179/500
[reader] generated 180/500
[reader] generated 181/500
[reader] generated 182/500
[reader] generated 183/500
[reader] generated 184/500
[reader] generated 185/500
[reader] generated 186/500
[reader] generated 187/500
[reader] generated 188/500
[reader] generated 189/500
[reader] generated 190/500
[reader] generated 191/500
[reader] generated 192/500
[reader] generated 193/500
[reader] generated 194/500
[reader] generated 195/500
[reader] generated 196/500
[reader] generated 197/500
[reader] generated 198/500
[reader] generated 199/500
[reader] generated 200/500
[reader] generated 201/500
[reader] generated 202/500
[reader] generated 203/500
[reader] generated 204/500
[reader] generated 205/500
[reader] generated 206/500
[reader] generated 207/500
[reader] generated 208/500
[reader] generated 209/500
[reader] generated 210/500
[reader] generated 211/500
[reader] generated 212/500
[reader] generated 213/500
[reader] generated 214/500
[reader] generated 215/500
[reader] generated 216/500
[reader] generated 217/500
[reader] generated 218/500
[reader] generated 219/500
[reader] generated 220/500
[reader] generated 221/500
[reader] generated 222/500
[reader] generated 223/500
[reader] generated 224/500
[reader] generated 225/500
[reader] generated 226/500
[reader] generated 227/500
[reader] generated 228/500
[reader] generated 229/500
[reader] generated 230/500
[reader] generated 231/500
[reader] generated 232/500
[reader] generated 233/500
[reader] generated 234/500
[reader] generated 235/500
[reader] generated 236/500
[reader] generated 237/500
[reader] generated 238/500
[reader] generated 239/500
[reader] generated 240/500
[reader] generated 241/500
[reader] generated 242/500
[reader] generated 243/500
[reader] generated 244/500
[reader] generated 245/500
[reader] generated 246/500
[reader] generated 247/500
[reader] generated 248/500
[reader] generated 249/500
[reader] generated 250/500
[reader] generated 251/500
[reader] generated 252/500
[reader] generated 253/500
[reader] generated 254/500
[reader] generated 255/500
[reader] generated 256/500
[reader] generated 257/500
[reader] generated 258/500
[reader] generated 259/500
[reader] generated 260/500
[reader] generated 261/500
[reader] generated 262/500
[reader] generated 263/500
[reader] generated 264/500
[reader] generated 265/500
[reader] generated 266/500
[reader] generated 267/500
[reader] generated 268/500
[reader] generated 269/500
[reader] generated 270/500
[reader] generated 271/500
[reader] generated 272/500
[reader] generated 273/500
[reader] generated 274/500
[reader] generated 275/500
[reader] generated 276/500
[reader] generated 277/500
[reader] generated 278/500
[reader] generated 279/500
[reader] generated 280/500
[reader] generated 281/500
[reader] generated 282/500
[reader] generated 283/500
[reader] generated 284/500
[reader] generated 285/500
[reader] generated 286/500
[reader] generated 287/500
[reader] generated 288/500
[reader] generated 289/500
[reader] generated 290/500
[reader] generated 291/500
[reader] generated 292/500
[reader] generated 293/500
[reader] generated 294/500
[reader] generated 295/500
[reader] generated 296/500
[reader] generated 297/500
[reader] generated 298/500
[reader] generated 299/500
[reader] generated 300/500
[reader] generated 301/500
[reader] generated 302/500
[reader] generated 303/500
[reader] generated 304/500
[reader] generated 305/500
[reader] generated 306/500
[reader] generated 307/500
[reader] generated 308/500
[reader] generated 309/500
[reader] generated 310/500
[reader] generated 311/500
[reader] generated 312/500
[reader] generated 313/500
[reader] generated 314/500
[reader] generated 315/500
[reader] generated 316/500
[reader] generated 317/500
[reader] generated 318/500
[reader] generated 319/500
[reader] generated 320/500
[reader] generated 321/500
[reader] generated 322/500
[reader] generated 323/500
[reader] generated 324/500
[reader] generated 325/500
[reader] generated 326/500
[reader] generated 327/500
[reader] generated 328/500
[reader] generated 329/500
[reader] generated 330/500
[reader] generated 331/500
[reader] generated 332/500
[reader] generated 333/500
[reader] generated 334/500
[reader] generated 335/500
[reader] generated 336/500
[reader] generated 337/500
[reader] generated 338/500
[reader] generated 339/500
[reader] generated 340/500
[reader] generated 341/500
[reader] generated 342/500
[reader] generated 343/500
[reader] generated 344/500
[reader] generated 345/500
[reader] generated 346/500
[reader] generated 347/500
[reader] generated 348/500
[reader] generated 349/500
[reader] generated 350/500
[reader] generated 351/500
[reader] generated 352/500
[reader] generated 353/500
[reader] generated 354/500
[reader] generated 355/500
[reader] generated 356/500
[reader] generated 357/500
[reader] generated 358/500
[reader] generated 359/500
[reader] generated 360/500
[reader] generated 361/500
[reader] generated 362/500
[reader] generated 363/500
[reader] generated 364/500
[reader] generated 365/500
[reader] generated 366/500
[reader] generated 367/500
[reader] generated 368/500
[reader] generated 369/500
[reader] generated 370/500
[reader] generated 371/500
[reader] generated 372/500
[reader] generated 373/500
[reader] generated 374/500
[reader] generated 375/500
[reader] generated 376/500
[reader] generated 377/500
[reader] generated 378/500
[reader] generated 379/500
[reader] generated 380/500
[reader] generated 381/500
[reader] generated 382/500
[reader] generated 383/500
[reader] generated 384/500
[reader] generated 385/500
[reader] generated 386/500
[reader] generated 387/500
[reader] generated 388/500
[reader] generated 389/500
[reader] generated 390/500
[reader] generated 391/500
[reader] generated 392/500
[reader] generated 393/500
[reader] generated 394/500
[reader] generated 395/500
[reader] generated 396/500
[reader] generated 397/500
[reader] generated 398/500
[reader] generated 399/500
[reader] generated 400/500
[reader] generated 401/500
[reader] generated 402/500
[reader] generated 403/500
[reader] generated 404/500
[reader] generated 405/500
[reader] generated 406/500
[reader] generated 407/500
[reader] generated 408/500
[reader] generated 409/500
[reader] generated 410/500
[reader] generated 411/500
[reader] generated 412/500
[reader] generated 413/500
[reader] generated 414/500
[reader] generated 415/500
[reader] generated 416/500
[reader] generated 417/500
[reader] generated 418/500
[reader] generated 419/500
[reader] generated 420/500
[reader] generated 421/500
[reader] generated 422/500
[reader] generated 423/500
[reader] generated 424/500
[reader] generated 425/500
[reader] generated 426/500
[reader] generated 427/500
[reader] generated 428/500
[reader] generated 429/500
[reader] generated 430/500
[reader] generated 431/500
[reader] generated 432/500
[reader] generated 433/500
[reader] generated 434/500
[reader] generated 435/500
[reader] generated 436/500
[reader] generated 437/500
[reader] generated 438/500
[reader] generated 439/500
[reader] generated 440/500
[reader] generated 441/500
[reader] generated 442/500
[reader] generated 443/500
[reader] generated 444/500
[reader] generated 445/500
[reader] generated 446/500
[reader] generated 447/500
[reader] generated 448/500
[reader] generated 449/500
[reader] generated 450/500
[reader] generated 451/500
[reader] generated 452/500
[reader] generated 453/500
[reader] generated 454/500
[reader] generated 455/500
[reader] generated 456/500
[reader] generated 457/500
[reader] generated 458/500
[reader] generated 459/500
[reader] generated 460/500
[reader] generated 461/500
[reader] generated 462/500
[reader] generated 463/500
[reader] generated 464/500
[reader] generated 465/500
[reader] generated 466/500
[reader] generated 467/500
[reader] generated 468/500
[reader] generated 469/500
[reader] generated 470/500
[reader] generated 471/500
[reader] generated 472/500
[reader] generated 473/500
[reader] generated 474/500
[reader] generated 475/500
[reader] generated 476/500
[reader] generated 477/500
[reader] generated 478/500
[reader] generated 479/500
[reader] generated 480/500
[reader] generated 481/500
[reader] generated 482/500
[reader] generated 483/500
[reader] generated 484/500
[reader] generated 485/500
[reader] generated 486/500
[reader] generated 487/500
[reader] generated 488/500
[reader] generated 489/500
[reader] generated 490/500
[reader] generated 491/500
[reader] generated 492/500
[reader] generated 493/500
[reader] generated 494/500
[reader] generated 495/500
[reader] generated 496/500
[reader] generated 497/500
[reader] generated 498/500
[reader] generated 499/500
[reader] generated 500/500
[density] policy=ace_submod_160, router_type=fixed, representation=ace, packer=submod, reader_model=Qwen/Qwen2.5-14B-Instruct, packed_token_budget=160, recall@1=0.419, all_gold@1=0.0, recall@2=0.677, all_gold@2=0.422, recall@5=0.859, all_gold@5=0.726, qwen_em=0.328, qwen_f1=0.4201, avg_reader_evidence_tokens=147.4, mean_ans_in_context=0.612, mean_gold_token_density=0.4277, mean_gold_doc_reader_cov=0.758, mean_all_gold_reader=0.55, mean_distractor_docs=2.306, mean_context_tokens=147.398, mean_n_snippets=4.686
[density] policy=router_oracle_packer, router_type=oracle, representation=mixed, packer=oracle, reader_model=Qwen/Qwen2.5-14B-Instruct, packed_token_budget=160, selection_counts={"ace_focused_160": 98, "ace_mmr_160": 31, "ace_submod_160": 87, "chunk_focused_160": 86, "chunk_mmr_160": 21, "chunk_submod_160": 177}, qwen_em=0.486, qwen_f1=0.5998, avg_reader_evidence_tokens=141.92, mean_ans_in_context=0.702, mean_gold_token_density=0.5114, mean_gold_doc_reader_cov=0.791, mean_all_gold_reader=0.602, mean_distractor_docs=1.88, mean_context_tokens=141.916, mean_n_snippets=4.056
wrote /kaggle/working/colab_results/stage11_density_packer_hotpotqa_reader14b_4bit_budget160_limit500_seed42/hotpotqa_density_standard_budget160_limit500_metrics.csv
wrote /kaggle/working/colab_results/stage11_density_packer_hotpotqa_reader14b_4bit_budget160_limit500_seed42/hotpotqa_density_standard_budget160_limit500_per_question.csv
--- ladder reader14b_4bit (Qwen/Qwen2.5-14B-Instruct) seed 13 ---
$ /usr/bin/python3 -m experiments.run_density_router --dataset hotpotqa --split validation --limit 500 --seed 13 --ace-retriever standard --top-k 5 --top-k-nodes 48 --max-expanded-docs 5 --embedder sentence-transformers --embedding-model BAAI/bge-small-en-v1.5 --embed-device cuda --compressor truncate --compress-dims 320 --reader-backend hf --reader-model Qwen/Qwen2.5-14B-Instruct --reader-device cuda --reader-load-4bit --reader-batch-size 1 --mmr-lambda 0.7 --budget 160 --out-dir /kaggle/working/colab_results/stage11_density_packer_hotpotqa_reader14b_4bit_budget160_limit500_seed13
hotpotqa[hf:validation:500]: 4933 docs, 500 questions, 2.00 gold docs/question
[density] retrieving chunk baseline
2026-06-29 13:04:26.658590: E external/local_xla/xla/stream_executor/cuda/cuda_fft.cc:467] Unable to register cuFFT factory: Attempting to register factory for plugin cuFFT when one has already been registered
WARNING: All log messages before absl::InitializeLog() is called are written to STDERR
E0000 00:00:1782738266.687367     360 cuda_dnn.cc:8579] Unable to register cuDNN factory: Attempting to register factory for plugin cuDNN when one has already been registered
E0000 00:00:1782738266.697169     360 cuda_blas.cc:1407] Unable to register cuBLAS factory: Attempting to register factory for plugin cuBLAS when one has already been registered
W0000 00:00:1782738266.721786     360 computation_placer.cc:177] computation placer already registered. Please check linkage and avoid linking the same target more than once.
W0000 00:00:1782738266.721842     360 computation_placer.cc:177] computation placer already registered. Please check linkage and avoid linking the same target more than once.
W0000 00:00:1782738266.721848     360 computation_placer.cc:177] computation placer already registered. Please check linkage and avoid linking the same target more than once.
W0000 00:00:1782738266.721852     360 computation_placer.cc:177] computation placer already registered. Please check linkage and avoid linking the same target more than once.
[chunk] fitting/indexing
[embed] encoding 4933 texts on device=cuda:0

Batches:   0%|          | 0/78 [00:00<?, ?it/s]
Batches:   1%|▏         | 1/78 [00:01<01:17,  1.00s/it]
Batches:   3%|▎         | 2/78 [00:01<00:55,  1.38it/s]
Batches:   4%|▍         | 3/78 [00:01<00:43,  1.73it/s]
Batches:   5%|▌         | 4/78 [00:02<00:37,  1.96it/s]
Batches:   6%|▋         | 5/78 [00:02<00:33,  2.21it/s]
Batches:   8%|▊         | 6/78 [00:03<00:29,  2.47it/s]
Batches:   9%|▉         | 7/78 [00:03<00:27,  2.60it/s]
Batches:  10%|█         | 8/78 [00:03<00:25,  2.78it/s]
Batches:  12%|█▏        | 9/78 [00:03<00:23,  2.89it/s]
Batches:  13%|█▎        | 10/78 [00:04<00:22,  3.02it/s]
Batches:  14%|█▍        | 11/78 [00:04<00:20,  3.20it/s]
Batches:  15%|█▌        | 12/78 [00:04<00:19,  3.38it/s]
Batches:  17%|█▋        | 13/78 [00:05<00:18,  3.57it/s]
Batches:  18%|█▊        | 14/78 [00:05<00:17,  3.66it/s]
Batches:  19%|█▉        | 15/78 [00:05<00:16,  3.80it/s]
Batches:  21%|██        | 16/78 [00:05<00:15,  3.88it/s]
Batches:  22%|██▏       | 17/78 [00:06<00:15,  4.01it/s]
Batches:  23%|██▎       | 18/78 [00:06<00:14,  4.02it/s]
Batches:  24%|██▍       | 19/78 [00:06<00:14,  4.17it/s]
Batches:  26%|██▌       | 20/78 [00:06<00:12,  4.51it/s]
Batches:  27%|██▋       | 21/78 [00:06<00:12,  4.63it/s]
Batches:  28%|██▊       | 22/78 [00:07<00:11,  4.72it/s]
Batches:  29%|██▉       | 23/78 [00:07<00:11,  4.81it/s]
Batches:  31%|███       | 24/78 [00:07<00:11,  4.87it/s]
Batches:  32%|███▏      | 25/78 [00:07<00:10,  4.97it/s]
Batches:  33%|███▎      | 26/78 [00:07<00:10,  5.07it/s]
Batches:  35%|███▍      | 27/78 [00:08<00:09,  5.13it/s]
Batches:  36%|███▌      | 28/78 [00:08<00:09,  5.35it/s]
Batches:  37%|███▋      | 29/78 [00:08<00:09,  5.38it/s]
Batches:  38%|███▊      | 30/78 [00:08<00:09,  5.25it/s]
Batches:  40%|███▉      | 31/78 [00:08<00:08,  5.35it/s]
Batches:  41%|████      | 32/78 [00:08<00:08,  5.33it/s]
Batches:  42%|████▏     | 33/78 [00:09<00:08,  5.49it/s]
Batches:  44%|████▎     | 34/78 [00:09<00:07,  5.69it/s]
Batches:  45%|████▍     | 35/78 [00:09<00:07,  5.81it/s]
Batches:  46%|████▌     | 36/78 [00:09<00:07,  5.85it/s]
Batches:  47%|████▋     | 37/78 [00:09<00:06,  6.01it/s]
Batches:  49%|████▊     | 38/78 [00:09<00:06,  6.08it/s]
Batches:  50%|█████     | 39/78 [00:10<00:06,  6.37it/s]
Batches:  51%|█████▏    | 40/78 [00:10<00:06,  6.29it/s]
Batches:  53%|█████▎    | 41/78 [00:10<00:05,  6.42it/s]
Batches:  54%|█████▍    | 42/78 [00:10<00:05,  6.44it/s]
Batches:  55%|█████▌    | 43/78 [00:10<00:05,  6.38it/s]
Batches:  56%|█████▋    | 44/78 [00:10<00:05,  6.76it/s]
Batches:  58%|█████▊    | 45/78 [00:11<00:05,  6.33it/s]
Batches:  59%|█████▉    | 46/78 [00:11<00:04,  6.48it/s]
Batches:  60%|██████    | 47/78 [00:11<00:04,  6.63it/s]
Batches:  62%|██████▏   | 48/78 [00:11<00:04,  6.93it/s]
Batches:  63%|██████▎   | 49/78 [00:11<00:03,  7.27it/s]
Batches:  64%|██████▍   | 50/78 [00:11<00:03,  7.38it/s]
Batches:  65%|██████▌   | 51/78 [00:11<00:03,  7.65it/s]
Batches:  67%|██████▋   | 52/78 [00:11<00:03,  7.94it/s]
Batches:  68%|██████▊   | 53/78 [00:12<00:03,  8.13it/s]
Batches:  69%|██████▉   | 54/78 [00:12<00:02,  8.46it/s]
Batches:  71%|███████   | 55/78 [00:12<00:02,  8.74it/s]
Batches:  72%|███████▏  | 56/78 [00:12<00:02,  8.90it/s]
Batches:  73%|███████▎  | 57/78 [00:12<00:02,  9.03it/s]
Batches:  74%|███████▍  | 58/78 [00:12<00:02,  9.13it/s]
Batches:  76%|███████▌  | 59/78 [00:12<00:02,  8.99it/s]
Batches:  77%|███████▋  | 60/78 [00:12<00:01,  9.09it/s]
Batches:  79%|███████▉  | 62/78 [00:12<00:01,  9.81it/s]
Batches:  82%|████████▏ | 64/78 [00:13<00:01, 10.15it/s]
Batches:  83%|████████▎ | 65/78 [00:13<00:01, 10.02it/s]
Batches:  86%|████████▌ | 67/78 [00:13<00:01, 10.55it/s]
Batches:  88%|████████▊ | 69/78 [00:13<00:00, 11.16it/s]
Batches:  91%|█████████ | 71/78 [00:13<00:00, 11.69it/s]
Batches:  94%|█████████▎| 73/78 [00:13<00:00, 12.63it/s]
Batches:  96%|█████████▌| 75/78 [00:13<00:00, 13.91it/s]
Batches: 100%|██████████| 78/78 [00:14<00:00,  5.54it/s]
[chunk] retrieving
[embed] encoding 500 texts on device=cuda:0

Batches:   0%|          | 0/8 [00:00<?, ?it/s]
Batches:  38%|███▊      | 3/8 [00:00<00:00, 27.99it/s]
Batches:  88%|████████▊ | 7/8 [00:00<00:00, 32.44it/s]
Batches: 100%|██████████| 8/8 [00:00<00:00, 33.50it/s]
[density] retrieving ACE graph
[ace] building evidence graph
[ace] graph built: nodes=50334 edges=77031
[ace] fitting/indexing embeddings
[embed] encoding 45401 texts on device=cuda:0

Batches:   0%|          | 0/710 [00:00<?, ?it/s]
Batches:   0%|          | 1/710 [00:00<05:36,  2.11it/s]
Batches:   0%|          | 2/710 [00:00<03:27,  3.41it/s]
Batches:   0%|          | 3/710 [00:00<02:32,  4.63it/s]
Batches:   1%|          | 4/710 [00:00<02:06,  5.57it/s]
Batches:   1%|          | 5/710 [00:00<01:47,  6.54it/s]
Batches:   1%|          | 6/710 [00:01<01:36,  7.29it/s]
Batches:   1%|          | 8/710 [00:01<01:26,  8.16it/s]
Batches:   1%|▏         | 9/710 [00:01<01:22,  8.49it/s]
Batches:   2%|▏         | 11/710 [00:01<01:17,  9.04it/s]
Batches:   2%|▏         | 13/710 [00:01<01:12,  9.57it/s]
Batches:   2%|▏         | 14/710 [00:01<01:13,  9.52it/s]
Batches:   2%|▏         | 15/710 [00:02<01:13,  9.51it/s]
Batches:   2%|▏         | 17/710 [00:02<01:08, 10.06it/s]
Batches:   3%|▎         | 19/710 [00:02<01:05, 10.48it/s]
Batches:   3%|▎         | 21/710 [00:02<01:02, 10.96it/s]
Batches:   3%|▎         | 23/710 [00:02<01:00, 11.30it/s]
Batches:   4%|▎         | 25/710 [00:02<01:00, 11.40it/s]
Batches:   4%|▍         | 27/710 [00:03<00:56, 12.02it/s]
Batches:   4%|▍         | 29/710 [00:03<00:56, 12.05it/s]
Batches:   4%|▍         | 31/710 [00:03<00:58, 11.57it/s]
Batches:   5%|▍         | 33/710 [00:03<00:56, 11.99it/s]
Batches:   5%|▍         | 35/710 [00:03<00:54, 12.49it/s]
Batches:   5%|▌         | 37/710 [00:03<00:52, 12.81it/s]
Batches:   5%|▌         | 39/710 [00:03<00:50, 13.24it/s]
Batches:   6%|▌         | 41/710 [00:04<00:47, 14.03it/s]
Batches:   6%|▌         | 43/710 [00:04<00:49, 13.44it/s]
Batches:   6%|▋         | 45/710 [00:04<00:48, 13.75it/s]
Batches:   7%|▋         | 47/710 [00:04<00:50, 13.24it/s]
Batches:   7%|▋         | 49/710 [00:04<00:48, 13.58it/s]
Batches:   7%|▋         | 51/710 [00:04<00:46, 14.18it/s]
Batches:   7%|▋         | 53/710 [00:04<00:46, 14.04it/s]
Batches:   8%|▊         | 55/710 [00:05<00:46, 14.06it/s]
Batches:   8%|▊         | 57/710 [00:05<00:44, 14.81it/s]
Batches:   8%|▊         | 59/710 [00:05<00:41, 15.62it/s]
Batches:   9%|▊         | 61/710 [00:05<00:43, 14.93it/s]
Batches:   9%|▉         | 63/710 [00:05<00:41, 15.44it/s]
Batches:   9%|▉         | 65/710 [00:05<00:39, 16.17it/s]
Batches:   9%|▉         | 67/710 [00:05<00:41, 15.52it/s]
Batches:  10%|▉         | 69/710 [00:05<00:39, 16.12it/s]
Batches:  10%|█         | 71/710 [00:06<00:38, 16.58it/s]
Batches:  10%|█         | 73/710 [00:06<00:37, 16.81it/s]
Batches:  11%|█         | 75/710 [00:06<00:38, 16.29it/s]
Batches:  11%|█         | 77/710 [00:06<00:38, 16.56it/s]
Batches:  11%|█         | 79/710 [00:06<00:38, 16.43it/s]
Batches:  11%|█▏        | 81/710 [00:06<00:37, 16.68it/s]
Batches:  12%|█▏        | 83/710 [00:06<00:37, 16.83it/s]
Batches:  12%|█▏        | 85/710 [00:06<00:36, 17.04it/s]
Batches:  12%|█▏        | 87/710 [00:07<00:37, 16.58it/s]
Batches:  13%|█▎        | 89/710 [00:07<00:36, 16.95it/s]
Batches:  13%|█▎        | 91/710 [00:07<00:35, 17.23it/s]
Batches:  13%|█▎        | 93/710 [00:07<00:35, 17.43it/s]
Batches:  13%|█▎        | 95/710 [00:07<00:34, 18.01it/s]
Batches:  14%|█▍        | 98/710 [00:07<00:32, 18.77it/s]
Batches:  14%|█▍        | 101/710 [00:07<00:31, 19.36it/s]
Batches:  15%|█▍        | 103/710 [00:07<00:32, 18.62it/s]
Batches:  15%|█▍        | 105/710 [00:08<00:32, 18.86it/s]
Batches:  15%|█▌        | 107/710 [00:08<00:32, 18.75it/s]
Batches:  15%|█▌        | 109/710 [00:08<00:31, 18.97it/s]
Batches:  16%|█▌        | 112/710 [00:08<00:30, 19.64it/s]
Batches:  16%|█▌        | 114/710 [00:08<00:30, 19.66it/s]
Batches:  16%|█▋        | 117/710 [00:08<00:30, 19.39it/s]
Batches:  17%|█▋        | 120/710 [00:08<00:28, 20.45it/s]
Batches:  17%|█▋        | 123/710 [00:08<00:29, 19.93it/s]
Batches:  18%|█▊        | 126/710 [00:09<00:28, 20.51it/s]
Batches:  18%|█▊        | 129/710 [00:09<00:28, 20.10it/s]
Batches:  19%|█▊        | 132/710 [00:09<00:28, 20.52it/s]
Batches:  19%|█▉        | 135/710 [00:09<00:28, 20.52it/s]
Batches:  19%|█▉        | 138/710 [00:09<00:27, 20.63it/s]
Batches:  20%|█▉        | 141/710 [00:09<00:27, 20.74it/s]
Batches:  20%|██        | 144/710 [00:09<00:27, 20.78it/s]
Batches:  21%|██        | 147/710 [00:10<00:26, 21.08it/s]
Batches:  21%|██        | 150/710 [00:10<00:27, 20.16it/s]
Batches:  22%|██▏       | 153/710 [00:10<00:26, 20.85it/s]
Batches:  22%|██▏       | 156/710 [00:10<00:25, 21.73it/s]
Batches:  22%|██▏       | 159/710 [00:10<00:24, 22.57it/s]
Batches:  23%|██▎       | 162/710 [00:10<00:24, 22.60it/s]
Batches:  23%|██▎       | 165/710 [00:10<00:24, 22.49it/s]
Batches:  24%|██▎       | 168/710 [00:10<00:23, 22.85it/s]
Batches:  24%|██▍       | 171/710 [00:11<00:23, 22.73it/s]
Batches:  25%|██▍       | 174/710 [00:11<00:23, 23.14it/s]
Batches:  25%|██▍       | 177/710 [00:11<00:22, 23.19it/s]
Batches:  25%|██▌       | 180/710 [00:11<00:22, 23.47it/s]
Batches:  26%|██▌       | 183/710 [00:11<00:22, 23.19it/s]
Batches:  26%|██▌       | 186/710 [00:11<00:22, 23.38it/s]
Batches:  27%|██▋       | 189/710 [00:11<00:21, 24.35it/s]
Batches:  27%|██▋       | 192/710 [00:11<00:20, 24.79it/s]
Batches:  27%|██▋       | 195/710 [00:12<00:20, 24.60it/s]
Batches:  28%|██▊       | 198/710 [00:12<00:20, 25.28it/s]
Batches:  28%|██▊       | 201/710 [00:12<00:19, 25.72it/s]
Batches:  29%|██▊       | 204/710 [00:12<00:19, 25.84it/s]
Batches:  29%|██▉       | 207/710 [00:12<00:19, 26.28it/s]
Batches:  30%|██▉       | 210/710 [00:12<00:18, 26.36it/s]
Batches:  30%|███       | 213/710 [00:12<00:18, 26.73it/s]
Batches:  30%|███       | 216/710 [00:12<00:18, 26.96it/s]
Batches:  31%|███       | 219/710 [00:13<00:18, 26.22it/s]
Batches:  31%|███▏      | 222/710 [00:13<00:18, 26.47it/s]
Batches:  32%|███▏      | 225/710 [00:13<00:17, 27.19it/s]
Batches:  32%|███▏      | 228/710 [00:13<00:17, 27.55it/s]
Batches:  33%|███▎      | 231/710 [00:13<00:19, 25.11it/s]
Batches:  33%|███▎      | 234/710 [00:13<00:18, 25.51it/s]
Batches:  33%|███▎      | 237/710 [00:13<00:17, 26.59it/s]
Batches:  34%|███▍      | 240/710 [00:13<00:17, 27.36it/s]
Batches:  34%|███▍      | 243/710 [00:13<00:16, 27.83it/s]
Batches:  35%|███▍      | 247/710 [00:14<00:15, 29.11it/s]
Batches:  35%|███▌      | 251/710 [00:14<00:15, 29.34it/s]
Batches:  36%|███▌      | 255/710 [00:14<00:15, 29.45it/s]
Batches:  36%|███▋      | 259/710 [00:14<00:15, 29.97it/s]
Batches:  37%|███▋      | 263/710 [00:14<00:14, 30.08it/s]
Batches:  38%|███▊      | 267/710 [00:14<00:14, 30.70it/s]
Batches:  38%|███▊      | 271/710 [00:14<00:14, 30.46it/s]
Batches:  39%|███▊      | 275/710 [00:14<00:13, 31.17it/s]
Batches:  39%|███▉      | 279/710 [00:15<00:13, 32.06it/s]
Batches:  40%|███▉      | 283/710 [00:15<00:12, 32.96it/s]
Batches:  40%|████      | 287/710 [00:15<00:13, 32.32it/s]
Batches:  41%|████      | 291/710 [00:15<00:12, 33.15it/s]
Batches:  42%|████▏     | 295/710 [00:15<00:11, 34.62it/s]
Batches:  42%|████▏     | 299/710 [00:15<00:11, 35.39it/s]
Batches:  43%|████▎     | 303/710 [00:15<00:11, 36.20it/s]
Batches:  43%|████▎     | 307/710 [00:15<00:11, 36.23it/s]
Batches:  44%|████▍     | 311/710 [00:15<00:10, 36.59it/s]
Batches:  45%|████▍     | 316/710 [00:16<00:10, 37.99it/s]
Batches:  45%|████▌     | 321/710 [00:16<00:09, 40.66it/s]
Batches:  46%|████▌     | 326/710 [00:16<00:09, 42.21it/s]
Batches:  47%|████▋     | 331/710 [00:16<00:08, 44.22it/s]
Batches:  47%|████▋     | 337/710 [00:16<00:07, 47.01it/s]
Batches:  48%|████▊     | 343/710 [00:16<00:07, 50.04it/s]
Batches:  49%|████▉     | 349/710 [00:16<00:06, 52.43it/s]
Batches:  50%|█████     | 356/710 [00:16<00:06, 55.08it/s]
Batches:  51%|█████     | 363/710 [00:16<00:06, 57.63it/s]
Batches:  52%|█████▏    | 370/710 [00:17<00:05, 60.80it/s]
Batches:  53%|█████▎    | 377/710 [00:17<00:05, 62.55it/s]
Batches:  54%|█████▍    | 384/710 [00:17<00:05, 63.90it/s]
Batches:  55%|█████▌    | 392/710 [00:17<00:04, 66.89it/s]
Batches:  56%|█████▌    | 399/710 [00:17<00:04, 67.76it/s]
Batches:  57%|█████▋    | 407/710 [00:17<00:04, 70.18it/s]
Batches:  58%|█████▊    | 415/710 [00:17<00:04, 72.41it/s]
Batches:  60%|█████▉    | 424/710 [00:17<00:03, 74.77it/s]
Batches:  61%|██████    | 432/710 [00:17<00:03, 75.47it/s]
Batches:  62%|██████▏   | 441/710 [00:17<00:03, 76.71it/s]
Batches:  63%|██████▎   | 449/710 [00:18<00:03, 77.17it/s]
Batches:  65%|██████▍   | 458/710 [00:18<00:03, 79.15it/s]
Batches:  66%|██████▌   | 466/710 [00:18<00:03, 78.02it/s]
Batches:  67%|██████▋   | 475/710 [00:18<00:02, 79.18it/s]
Batches:  68%|██████▊   | 484/710 [00:18<00:02, 80.51it/s]
Batches:  69%|██████▉   | 493/710 [00:18<00:02, 81.07it/s]
Batches:  71%|███████   | 502/710 [00:18<00:02, 82.75it/s]
Batches:  72%|███████▏  | 511/710 [00:18<00:02, 83.74it/s]
Batches:  73%|███████▎  | 520/710 [00:18<00:02, 84.61it/s]
Batches:  75%|███████▍  | 530/710 [00:19<00:02, 86.34it/s]
Batches:  76%|███████▌  | 539/710 [00:19<00:01, 86.34it/s]
Batches:  77%|███████▋  | 548/710 [00:19<00:01, 86.94it/s]
Batches:  78%|███████▊  | 557/710 [00:19<00:01, 87.32it/s]
Batches:  80%|███████▉  | 567/710 [00:19<00:01, 89.70it/s]
Batches:  81%|████████▏ | 577/710 [00:19<00:01, 90.60it/s]
Batches:  83%|████████▎ | 587/710 [00:19<00:01, 91.23it/s]
Batches:  84%|████████▍ | 597/710 [00:19<00:01, 92.35it/s]
Batches:  85%|████████▌ | 607/710 [00:19<00:01, 93.38it/s]
Batches:  87%|████████▋ | 617/710 [00:19<00:00, 93.73it/s]
Batches:  88%|████████▊ | 627/710 [00:20<00:00, 95.15it/s]
Batches:  90%|████████▉ | 637/710 [00:20<00:00, 95.51it/s]
Batches:  91%|█████████ | 647/710 [00:20<00:00, 96.68it/s]
Batches:  93%|█████████▎| 657/710 [00:20<00:00, 96.54it/s]
Batches:  94%|█████████▍| 668/710 [00:20<00:00, 97.63it/s]
Batches:  96%|█████████▌| 679/710 [00:20<00:00, 98.79it/s]
Batches:  97%|█████████▋| 689/710 [00:20<00:00, 97.47it/s]
Batches:  98%|█████████▊| 699/710 [00:20<00:00, 95.84it/s]
Batches: 100%|█████████▉| 709/710 [00:20<00:00, 96.26it/s]
Batches: 100%|██████████| 710/710 [00:20<00:00, 33.91it/s]
[ace] retrieving
[embed] encoding 500 texts on device=cuda:0

Batches:   0%|          | 0/8 [00:00<?, ?it/s]
Batches:  38%|███▊      | 3/8 [00:00<00:00, 26.63it/s]
Batches:  88%|████████▊ | 7/8 [00:00<00:00, 30.44it/s]
Batches: 100%|██████████| 8/8 [00:00<00:00, 31.39it/s]
[density] loading reader once
`torch_dtype` is deprecated! Use `dtype` instead!

Loading checkpoint shards:   0%|          | 0/8 [00:00<?, ?it/s]
Loading checkpoint shards:  12%|█▎        | 1/8 [00:12<01:30, 13.00s/it]
Loading checkpoint shards:  25%|██▌       | 2/8 [00:25<01:16, 12.70s/it]
Loading checkpoint shards:  38%|███▊      | 3/8 [00:42<01:14, 14.88s/it]
Loading checkpoint shards:  50%|█████     | 4/8 [01:06<01:13, 18.34s/it]
Loading checkpoint shards:  62%|██████▎   | 5/8 [01:29<00:59, 20.00s/it]
Loading checkpoint shards:  75%|███████▌  | 6/8 [02:01<00:47, 23.98s/it]
Loading checkpoint shards:  88%|████████▊ | 7/8 [02:23<00:23, 23.40s/it]
Loading checkpoint shards: 100%|██████████| 8/8 [02:32<00:00, 18.87s/it]
Loading checkpoint shards: 100%|██████████| 8/8 [02:32<00:00, 19.08s/it]
[reader] loaded Qwen/Qwen2.5-14B-Instruct (device_map=auto, 4bit=True) entry=cuda:0
[density] materializing policy=chunk_packed_160
[density] generating policy=chunk_packed_160
The following generation flags are not valid and may be ignored: ['temperature', 'top_p', 'top_k']. Set `TRANSFORMERS_VERBOSITY=info` for more details.
[reader] generated 1/500
[reader] generated 2/500
[reader] generated 3/500
[reader] generated 4/500
[reader] generated 5/500
[reader] generated 6/500
[reader] generated 7/500
[reader] generated 8/500
[reader] generated 9/500
[reader] generated 10/500
[reader] generated 11/500
[reader] generated 12/500
[reader] generated 13/500
[reader] generated 14/500
[reader] generated 15/500
[reader] generated 16/500
[reader] generated 17/500
[reader] generated 18/500
[reader] generated 19/500
[reader] generated 20/500
[reader] generated 21/500
[reader] generated 22/500
[reader] generated 23/500
[reader] generated 24/500
[reader] generated 25/500
[reader] generated 26/500
[reader] generated 27/500
[reader] generated 28/500
[reader] generated 29/500
[reader] generated 30/500
[reader] generated 31/500
[reader] generated 32/500
[reader] generated 33/500
[reader] generated 34/500
[reader] generated 35/500
[reader] generated 36/500
[reader] generated 37/500
[reader] generated 38/500
[reader] generated 39/500
[reader] generated 40/500
[reader] generated 41/500
[reader] generated 42/500
[reader] generated 43/500
[reader] generated 44/500
[reader] generated 45/500
[reader] generated 46/500
[reader] generated 47/500
[reader] generated 48/500
[reader] generated 49/500
[reader] generated 50/500
[reader] generated 51/500
[reader] generated 52/500
[reader] generated 53/500
[reader] generated 54/500
[reader] generated 55/500
[reader] generated 56/500
[reader] generated 57/500
[reader] generated 58/500
[reader] generated 59/500
[reader] generated 60/500
[reader] generated 61/500
[reader] generated 62/500
[reader] generated 63/500
[reader] generated 64/500
[reader] generated 65/500
[reader] generated 66/500
[reader] generated 67/500
[reader] generated 68/500
[reader] generated 69/500
[reader] generated 70/500
[reader] generated 71/500
[reader] generated 72/500
[reader] generated 73/500
[reader] generated 74/500
[reader] generated 75/500
[reader] generated 76/500
[reader] generated 77/500
[reader] generated 78/500
[reader] generated 79/500
[reader] generated 80/500
[reader] generated 81/500
[reader] generated 82/500
[reader] generated 83/500
[reader] generated 84/500
[reader] generated 85/500
[reader] generated 86/500
[reader] generated 87/500
[reader] generated 88/500
[reader] generated 89/500
[reader] generated 90/500
[reader] generated 91/500
[reader] generated 92/500
[reader] generated 93/500
[reader] generated 94/500
[reader] generated 95/500
[reader] generated 96/500
[reader] generated 97/500
[reader] generated 98/500
[reader] generated 99/500
[reader] generated 100/500
[reader] generated 101/500
[reader] generated 102/500
[reader] generated 103/500
[reader] generated 104/500
[reader] generated 105/500
[reader] generated 106/500
[reader] generated 107/500
[reader] generated 108/500
[reader] generated 109/500
[reader] generated 110/500
[reader] generated 111/500
[reader] generated 112/500
[reader] generated 113/500
[reader] generated 114/500
[reader] generated 115/500
[reader] generated 116/500
[reader] generated 117/500
[reader] generated 118/500
[reader] generated 119/500
[reader] generated 120/500
[reader] generated 121/500
[reader] generated 122/500
[reader] generated 123/500
[reader] generated 124/500
[reader] generated 125/500
[reader] generated 126/500
[reader] generated 127/500
[reader] generated 128/500
[reader] generated 129/500
[reader] generated 130/500
[reader] generated 131/500
[reader] generated 132/500
[reader] generated 133/500
[reader] generated 134/500
[reader] generated 135/500
[reader] generated 136/500
[reader] generated 137/500
[reader] generated 138/500
[reader] generated 139/500
[reader] generated 140/500
[reader] generated 141/500
[reader] generated 142/500
[reader] generated 143/500
[reader] generated 144/500
[reader] generated 145/500
[reader] generated 146/500
[reader] generated 147/500
[reader] generated 148/500
[reader] generated 149/500
[reader] generated 150/500
[reader] generated 151/500
[reader] generated 152/500
[reader] generated 153/500
[reader] generated 154/500
[reader] generated 155/500
[reader] generated 156/500
[reader] generated 157/500
[reader] generated 158/500
[reader] generated 159/500
[reader] generated 160/500
[reader] generated 161/500
[reader] generated 162/500
[reader] generated 163/500
[reader] generated 164/500
[reader] generated 165/500
[reader] generated 166/500
[reader] generated 167/500
[reader] generated 168/500
[reader] generated 169/500
[reader] generated 170/500
[reader] generated 171/500
[reader] generated 172/500
[reader] generated 173/500
[reader] generated 174/500
[reader] generated 175/500
[reader] generated 176/500
[reader] generated 177/500
[reader] generated 178/500
[reader] generated 179/500
[reader] generated 180/500
[reader] generated 181/500
[reader] generated 182/500
[reader] generated 183/500
[reader] generated 184/500
[reader] generated 185/500
[reader] generated 186/500
[reader] generated 187/500
[reader] generated 188/500
[reader] generated 189/500
[reader] generated 190/500
[reader] generated 191/500
[reader] generated 192/500
[reader] generated 193/500
[reader] generated 194/500
[reader] generated 195/500
[reader] generated 196/500
[reader] generated 197/500
[reader] generated 198/500
[reader] generated 199/500
[reader] generated 200/500
[reader] generated 201/500
[reader] generated 202/500
[reader] generated 203/500
[reader] generated 204/500
[reader] generated 205/500
[reader] generated 206/500
[reader] generated 207/500
[reader] generated 208/500
[reader] generated 209/500
[reader] generated 210/500
[reader] generated 211/500
[reader] generated 212/500
[reader] generated 213/500
[reader] generated 214/500
[reader] generated 215/500
[reader] generated 216/500
[reader] generated 217/500
[reader] generated 218/500
[reader] generated 219/500
[reader] generated 220/500
[reader] generated 221/500
[reader] generated 222/500
[reader] generated 223/500
[reader] generated 224/500
[reader] generated 225/500
[reader] generated 226/500
[reader] generated 227/500
[reader] generated 228/500
[reader] generated 229/500
[reader] generated 230/500
[reader] generated 231/500
[reader] generated 232/500
[reader] generated 233/500
[reader] generated 234/500
[reader] generated 235/500
[reader] generated 236/500
[reader] generated 237/500
[reader] generated 238/500
[reader] generated 239/500
[reader] generated 240/500
[reader] generated 241/500
[reader] generated 242/500
[reader] generated 243/500
[reader] generated 244/500
[reader] generated 245/500
[reader] generated 246/500
[reader] generated 247/500
[reader] generated 248/500
[reader] generated 249/500
[reader] generated 250/500
[reader] generated 251/500
[reader] generated 252/500
[reader] generated 253/500
[reader] generated 254/500
[reader] generated 255/500
[reader] generated 256/500
[reader] generated 257/500
[reader] generated 258/500
[reader] generated 259/500
[reader] generated 260/500
[reader] generated 261/500
[reader] generated 262/500
[reader] generated 263/500
[reader] generated 264/500
[reader] generated 265/500
[reader] generated 266/500
[reader] generated 267/500
[reader] generated 268/500
[reader] generated 269/500
[reader] generated 270/500
[reader] generated 271/500
[reader] generated 272/500
[reader] generated 273/500
[reader] generated 274/500
[reader] generated 275/500
[reader] generated 276/500
[reader] generated 277/500
[reader] generated 278/500
[reader] generated 279/500
[reader] generated 280/500
[reader] generated 281/500
[reader] generated 282/500
[reader] generated 283/500
[reader] generated 284/500
[reader] generated 285/500
[reader] generated 286/500
[reader] generated 287/500
[reader] generated 288/500
[reader] generated 289/500
[reader] generated 290/500
[reader] generated 291/500
[reader] generated 292/500
[reader] generated 293/500
[reader] generated 294/500
[reader] generated 295/500
[reader] generated 296/500
[reader] generated 297/500
[reader] generated 298/500
[reader] generated 299/500
[reader] generated 300/500
[reader] generated 301/500
[reader] generated 302/500
[reader] generated 303/500
[reader] generated 304/500
[reader] generated 305/500
[reader] generated 306/500
[reader] generated 307/500
[reader] generated 308/500
[reader] generated 309/500
[reader] generated 310/500
[reader] generated 311/500
[reader] generated 312/500
[reader] generated 313/500
[reader] generated 314/500
[reader] generated 315/500
[reader] generated 316/500
[reader] generated 317/500
[reader] generated 318/500
[reader] generated 319/500
[reader] generated 320/500
[reader] generated 321/500
[reader] generated 322/500
[reader] generated 323/500
[reader] generated 324/500
[reader] generated 325/500
[reader] generated 326/500
[reader] generated 327/500
[reader] generated 328/500
[reader] generated 329/500
[reader] generated 330/500
[reader] generated 331/500
[reader] generated 332/500
[reader] generated 333/500
[reader] generated 334/500
[reader] generated 335/500
[reader] generated 336/500
[reader] generated 337/500
[reader] generated 338/500
[reader] generated 339/500
[reader] generated 340/500
[reader] generated 341/500
[reader] generated 342/500
[reader] generated 343/500
[reader] generated 344/500
[reader] generated 345/500
[reader] generated 346/500
[reader] generated 347/500
[reader] generated 348/500
[reader] generated 349/500
[reader] generated 350/500
[reader] generated 351/500
[reader] generated 352/500
[reader] generated 353/500
[reader] generated 354/500
[reader] generated 355/500
[reader] generated 356/500
[reader] generated 357/500
[reader] generated 358/500
[reader] generated 359/500
[reader] generated 360/500
[reader] generated 361/500
[reader] generated 362/500
[reader] generated 363/500
[reader] generated 364/500
[reader] generated 365/500
[reader] generated 366/500
[reader] generated 367/500
[reader] generated 368/500
[reader] generated 369/500
[reader] generated 370/500
[reader] generated 371/500
[reader] generated 372/500
[reader] generated 373/500
[reader] generated 374/500
[reader] generated 375/500
[reader] generated 376/500
[reader] generated 377/500
[reader] generated 378/500
[reader] generated 379/500
[reader] generated 380/500
[reader] generated 381/500
[reader] generated 382/500
[reader] generated 383/500
[reader] generated 384/500
[reader] generated 385/500
[reader] generated 386/500
[reader] generated 387/500
[reader] generated 388/500
[reader] generated 389/500
[reader] generated 390/500
[reader] generated 391/500
[reader] generated 392/500
[reader] generated 393/500
[reader] generated 394/500
[reader] generated 395/500
[reader] generated 396/500
[reader] generated 397/500
[reader] generated 398/500
[reader] generated 399/500
[reader] generated 400/500
[reader] generated 401/500
[reader] generated 402/500
[reader] generated 403/500
[reader] generated 404/500
[reader] generated 405/500
[reader] generated 406/500
[reader] generated 407/500
[reader] generated 408/500
[reader] generated 409/500
[reader] generated 410/500
[reader] generated 411/500
[reader] generated 412/500
[reader] generated 413/500
[reader] generated 414/500
[reader] generated 415/500
[reader] generated 416/500
[reader] generated 417/500
[reader] generated 418/500
[reader] generated 419/500
[reader] generated 420/500
[reader] generated 421/500
[reader] generated 422/500
[reader] generated 423/500
[reader] generated 424/500
[reader] generated 425/500
[reader] generated 426/500
[reader] generated 427/500
[reader] generated 428/500
[reader] generated 429/500
[reader] generated 430/500
[reader] generated 431/500
[reader] generated 432/500
[reader] generated 433/500
[reader] generated 434/500
[reader] generated 435/500
[reader] generated 436/500
[reader] generated 437/500
[reader] generated 438/500
[reader] generated 439/500
[reader] generated 440/500
[reader] generated 441/500
[reader] generated 442/500
[reader] generated 443/500
[reader] generated 444/500
[reader] generated 445/500
[reader] generated 446/500
[reader] generated 447/500
[reader] generated 448/500
[reader] generated 449/500
[reader] generated 450/500
[reader] generated 451/500
[reader] generated 452/500
[reader] generated 453/500
[reader] generated 454/500
[reader] generated 455/500
[reader] generated 456/500
[reader] generated 457/500
[reader] generated 458/500
[reader] generated 459/500
[reader] generated 460/500
[reader] generated 461/500
[reader] generated 462/500
[reader] generated 463/500
[reader] generated 464/500
[reader] generated 465/500
[reader] generated 466/500
[reader] generated 467/500
[reader] generated 468/500
[reader] generated 469/500
[reader] generated 470/500
[reader] generated 471/500
[reader] generated 472/500
[reader] generated 473/500
[reader] generated 474/500
[reader] generated 475/500
[reader] generated 476/500
[reader] generated 477/500
[reader] generated 478/500
[reader] generated 479/500
[reader] generated 480/500
[reader] generated 481/500
[reader] generated 482/500
[reader] generated 483/500
[reader] generated 484/500
[reader] generated 485/500
[reader] generated 486/500
[reader] generated 487/500
[reader] generated 488/500
[reader] generated 489/500
[reader] generated 490/500
[reader] generated 491/500
[reader] generated 492/500
[reader] generated 493/500
[reader] generated 494/500
[reader] generated 495/500
[reader] generated 496/500
[reader] generated 497/500
[reader] generated 498/500
[reader] generated 499/500
[reader] generated 500/500
[density] policy=chunk_packed_160, router_type=fixed, representation=chunk, packer=packed, reader_model=Qwen/Qwen2.5-14B-Instruct, packed_token_budget=160, recall@1=0.437, all_gold@1=0.0, recall@2=0.718, all_gold@2=0.496, recall@5=0.875, all_gold@5=0.762, qwen_em=0.296, qwen_f1=0.3861, avg_reader_evidence_tokens=150.79, mean_ans_in_context=0.576, mean_gold_token_density=0.408, mean_gold_doc_reader_cov=0.685, mean_all_gold_reader=0.446, mean_distractor_docs=1.984, mean_context_tokens=150.786, mean_n_snippets=3.502
[density] materializing policy=chunk_focused_160
[density] generating policy=chunk_focused_160
[reader] generated 1/500
[reader] generated 2/500
[reader] generated 3/500
[reader] generated 4/500
[reader] generated 5/500
[reader] generated 6/500
[reader] generated 7/500
[reader] generated 8/500
[reader] generated 9/500
[reader] generated 10/500
[reader] generated 11/500
[reader] generated 12/500
[reader] generated 13/500
[reader] generated 14/500
[reader] generated 15/500
[reader] generated 16/500
[reader] generated 17/500
[reader] generated 18/500
[reader] generated 19/500
[reader] generated 20/500
[reader] generated 21/500
[reader] generated 22/500
[reader] generated 23/500
[reader] generated 24/500
[reader] generated 25/500
[reader] generated 26/500
[reader] generated 27/500
[reader] generated 28/500
[reader] generated 29/500
[reader] generated 30/500
[reader] generated 31/500
[reader] generated 32/500
[reader] generated 33/500
[reader] generated 34/500
[reader] generated 35/500
[reader] generated 36/500
[reader] generated 37/500
[reader] generated 38/500
[reader] generated 39/500
[reader] generated 40/500
[reader] generated 41/500
[reader] generated 42/500
[reader] generated 43/500
[reader] generated 44/500
[reader] generated 45/500
[reader] generated 46/500
[reader] generated 47/500
[reader] generated 48/500
[reader] generated 49/500
[reader] generated 50/500
[reader] generated 51/500
[reader] generated 52/500
[reader] generated 53/500
[reader] generated 54/500
[reader] generated 55/500
[reader] generated 56/500
[reader] generated 57/500
[reader] generated 58/500
[reader] generated 59/500
[reader] generated 60/500
[reader] generated 61/500
[reader] generated 62/500
[reader] generated 63/500
[reader] generated 64/500
[reader] generated 65/500
[reader] generated 66/500
[reader] generated 67/500
[reader] generated 68/500
[reader] generated 69/500
[reader] generated 70/500
[reader] generated 71/500
[reader] generated 72/500
[reader] generated 73/500
[reader] generated 74/500
[reader] generated 75/500
[reader] generated 76/500
[reader] generated 77/500
[reader] generated 78/500
[reader] generated 79/500
[reader] generated 80/500
[reader] generated 81/500
[reader] generated 82/500
[reader] generated 83/500
[reader] generated 84/500
[reader] generated 85/500
[reader] generated 86/500
[reader] generated 87/500
[reader] generated 88/500
[reader] generated 89/500
[reader] generated 90/500
[reader] generated 91/500
[reader] generated 92/500
[reader] generated 93/500
[reader] generated 94/500
[reader] generated 95/500
[reader] generated 96/500
[reader] generated 97/500
[reader] generated 98/500
[reader] generated 99/500
[reader] generated 100/500
[reader] generated 101/500
[reader] generated 102/500
[reader] generated 103/500
[reader] generated 104/500
[reader] generated 105/500
[reader] generated 106/500
[reader] generated 107/500
[reader] generated 108/500
[reader] generated 109/500
[reader] generated 110/500
[reader] generated 111/500
[reader] generated 112/500
[reader] generated 113/500
[reader] generated 114/500
[reader] generated 115/500
[reader] generated 116/500
[reader] generated 117/500
[reader] generated 118/500
[reader] generated 119/500
[reader] generated 120/500
[reader] generated 121/500
[reader] generated 122/500
[reader] generated 123/500
[reader] generated 124/500
[reader] generated 125/500
[reader] generated 126/500
[reader] generated 127/500
[reader] generated 128/500
[reader] generated 129/500
[reader] generated 130/500
[reader] generated 131/500
[reader] generated 132/500
[reader] generated 133/500
[reader] generated 134/500
[reader] generated 135/500
[reader] generated 136/500
[reader] generated 137/500
[reader] generated 138/500
[reader] generated 139/500
[reader] generated 140/500
[reader] generated 141/500
[reader] generated 142/500
[reader] generated 143/500
[reader] generated 144/500
[reader] generated 145/500
[reader] generated 146/500
[reader] generated 147/500
[reader] generated 148/500
[reader] generated 149/500
[reader] generated 150/500
[reader] generated 151/500
[reader] generated 152/500
[reader] generated 153/500
[reader] generated 154/500
[reader] generated 155/500
[reader] generated 156/500
[reader] generated 157/500
[reader] generated 158/500
[reader] generated 159/500
[reader] generated 160/500
[reader] generated 161/500
[reader] generated 162/500
[reader] generated 163/500
[reader] generated 164/500
[reader] generated 165/500
[reader] generated 166/500
[reader] generated 167/500
[reader] generated 168/500
[reader] generated 169/500
[reader] generated 170/500
[reader] generated 171/500
[reader] generated 172/500
[reader] generated 173/500
[reader] generated 174/500
[reader] generated 175/500
[reader] generated 176/500
[reader] generated 177/500
[reader] generated 178/500
[reader] generated 179/500
[reader] generated 180/500
[reader] generated 181/500
[reader] generated 182/500
[reader] generated 183/500
[reader] generated 184/500
[reader] generated 185/500
[reader] generated 186/500
[reader] generated 187/500
[reader] generated 188/500
[reader] generated 189/500
[reader] generated 190/500
[reader] generated 191/500
[reader] generated 192/500
[reader] generated 193/500
[reader] generated 194/500
[reader] generated 195/500
[reader] generated 196/500
[reader] generated 197/500
[reader] generated 198/500
[reader] generated 199/500
[reader] generated 200/500
[reader] generated 201/500
[reader] generated 202/500
[reader] generated 203/500
[reader] generated 204/500
[reader] generated 205/500
[reader] generated 206/500
[reader] generated 207/500
[reader] generated 208/500
[reader] generated 209/500
[reader] generated 210/500
[reader] generated 211/500
[reader] generated 212/500
[reader] generated 213/500
[reader] generated 214/500
[reader] generated 215/500
[reader] generated 216/500
[reader] generated 217/500
[reader] generated 218/500
[reader] generated 219/500
[reader] generated 220/500
[reader] generated 221/500
[reader] generated 222/500
[reader] generated 223/500
[reader] generated 224/500
[reader] generated 225/500
[reader] generated 226/500
[reader] generated 227/500
[reader] generated 228/500
[reader] generated 229/500
[reader] generated 230/500
[reader] generated 231/500
[reader] generated 232/500
[reader] generated 233/500
[reader] generated 234/500
[reader] generated 235/500
[reader] generated 236/500
[reader] generated 237/500
[reader] generated 238/500
[reader] generated 239/500
[reader] generated 240/500
[reader] generated 241/500
[reader] generated 242/500
[reader] generated 243/500
[reader] generated 244/500
[reader] generated 245/500
[reader] generated 246/500
[reader] generated 247/500
[reader] generated 248/500
[reader] generated 249/500
[reader] generated 250/500
[reader] generated 251/500
[reader] generated 252/500
[reader] generated 253/500
[reader] generated 254/500
[reader] generated 255/500
[reader] generated 256/500
[reader] generated 257/500
[reader] generated 258/500
[reader] generated 259/500
[reader] generated 260/500
[reader] generated 261/500
[reader] generated 262/500
[reader] generated 263/500
[reader] generated 264/500
[reader] generated 265/500
[reader] generated 266/500
[reader] generated 267/500
[reader] generated 268/500
[reader] generated 269/500
[reader] generated 270/500
[reader] generated 271/500
[reader] generated 272/500
[reader] generated 273/500
[reader] generated 274/500
[reader] generated 275/500
[reader] generated 276/500
[reader] generated 277/500
[reader] generated 278/500
[reader] generated 279/500
[reader] generated 280/500
[reader] generated 281/500
[reader] generated 282/500
[reader] generated 283/500
[reader] generated 284/500
[reader] generated 285/500
[reader] generated 286/500
[reader] generated 287/500
[reader] generated 288/500
[reader] generated 289/500
[reader] generated 290/500
[reader] generated 291/500
[reader] generated 292/500
[reader] generated 293/500
[reader] generated 294/500
[reader] generated 295/500
[reader] generated 296/500
[reader] generated 297/500
[reader] generated 298/500
[reader] generated 299/500
[reader] generated 300/500
[reader] generated 301/500
[reader] generated 302/500
[reader] generated 303/500
[reader] generated 304/500
[reader] generated 305/500
[reader] generated 306/500
[reader] generated 307/500
[reader] generated 308/500
[reader] generated 309/500
[reader] generated 310/500
[reader] generated 311/500
[reader] generated 312/500
[reader] generated 313/500
[reader] generated 314/500
[reader] generated 315/500
[reader] generated 316/500
[reader] generated 317/500
[reader] generated 318/500
[reader] generated 319/500
[reader] generated 320/500
[reader] generated 321/500
[reader] generated 322/500
[reader] generated 323/500
[reader] generated 324/500
[reader] generated 325/500
[reader] generated 326/500
[reader] generated 327/500
[reader] generated 328/500
[reader] generated 329/500
[reader] generated 330/500
[reader] generated 331/500
[reader] generated 332/500
[reader] generated 333/500
[reader] generated 334/500
[reader] generated 335/500
[reader] generated 336/500
[reader] generated 337/500
[reader] generated 338/500
[reader] generated 339/500
[reader] generated 340/500
[reader] generated 341/500
[reader] generated 342/500
[reader] generated 343/500
[reader] generated 344/500
[reader] generated 345/500
[reader] generated 346/500
[reader] generated 347/500
[reader] generated 348/500
[reader] generated 349/500
[reader] generated 350/500
[reader] generated 351/500
[reader] generated 352/500
[reader] generated 353/500
[reader] generated 354/500
[reader] generated 355/500
[reader] generated 356/500
[reader] generated 357/500
[reader] generated 358/500
[reader] generated 359/500
[reader] generated 360/500
[reader] generated 361/500
[reader] generated 362/500
[reader] generated 363/500
[reader] generated 364/500
[reader] generated 365/500
[reader] generated 366/500
[reader] generated 367/500
[reader] generated 368/500
[reader] generated 369/500
[reader] generated 370/500
[reader] generated 371/500
[reader] generated 372/500
[reader] generated 373/500
[reader] generated 374/500
[reader] generated 375/500
[reader] generated 376/500
[reader] generated 377/500
[reader] generated 378/500
[reader] generated 379/500
[reader] generated 380/500
[reader] generated 381/500
[reader] generated 382/500
[reader] generated 383/500
[reader] generated 384/500
[reader] generated 385/500
[reader] generated 386/500
[reader] generated 387/500
[reader] generated 388/500
[reader] generated 389/500
[reader] generated 390/500
[reader] generated 391/500
[reader] generated 392/500
[reader] generated 393/500
[reader] generated 394/500
[reader] generated 395/500
[reader] generated 396/500
[reader] generated 397/500
[reader] generated 398/500
[reader] generated 399/500
[reader] generated 400/500
[reader] generated 401/500
[reader] generated 402/500
[reader] generated 403/500
[reader] generated 404/500
[reader] generated 405/500
[reader] generated 406/500
[reader] generated 407/500
[reader] generated 408/500
[reader] generated 409/500
[reader] generated 410/500
[reader] generated 411/500
[reader] generated 412/500
[reader] generated 413/500
[reader] generated 414/500
[reader] generated 415/500
[reader] generated 416/500
[reader] generated 417/500
[reader] generated 418/500
[reader] generated 419/500
[reader] generated 420/500
[reader] generated 421/500
[reader] generated 422/500
[reader] generated 423/500
[reader] generated 424/500
[reader] generated 425/500
[reader] generated 426/500
[reader] generated 427/500
[reader] generated 428/500
[reader] generated 429/500
[reader] generated 430/500
[reader] generated 431/500
[reader] generated 432/500
[reader] generated 433/500
[reader] generated 434/500
[reader] generated 435/500
[reader] generated 436/500
[reader] generated 437/500
[reader] generated 438/500
[reader] generated 439/500
[reader] generated 440/500
[reader] generated 441/500
[reader] generated 442/500
[reader] generated 443/500
[reader] generated 444/500
[reader] generated 445/500
[reader] generated 446/500
[reader] generated 447/500
[reader] generated 448/500
[reader] generated 449/500
[reader] generated 450/500
[reader] generated 451/500
[reader] generated 452/500
[reader] generated 453/500
[reader] generated 454/500
[reader] generated 455/500
[reader] generated 456/500
[reader] generated 457/500
[reader] generated 458/500
[reader] generated 459/500
[reader] generated 460/500
[reader] generated 461/500
[reader] generated 462/500
[reader] generated 463/500
[reader] generated 464/500
[reader] generated 465/500
[reader] generated 466/500
[reader] generated 467/500
[reader] generated 468/500
[reader] generated 469/500
[reader] generated 470/500
[reader] generated 471/500
[reader] generated 472/500
[reader] generated 473/500
[reader] generated 474/500
[reader] generated 475/500
[reader] generated 476/500
[reader] generated 477/500
[reader] generated 478/500
[reader] generated 479/500
[reader] generated 480/500
[reader] generated 481/500
[reader] generated 482/500
[reader] generated 483/500
[reader] generated 484/500
[reader] generated 485/500
[reader] generated 486/500
[reader] generated 487/500
[reader] generated 488/500
[reader] generated 489/500
[reader] generated 490/500
[reader] generated 491/500
[reader] generated 492/500
[reader] generated 493/500
[reader] generated 494/500
[reader] generated 495/500
[reader] generated 496/500
[reader] generated 497/500
[reader] generated 498/500
[reader] generated 499/500
[reader] generated 500/500
[density] policy=chunk_focused_160, router_type=fixed, representation=chunk, packer=focused, reader_model=Qwen/Qwen2.5-14B-Instruct, packed_token_budget=160, recall@1=0.437, all_gold@1=0.0, recall@2=0.718, all_gold@2=0.496, recall@5=0.875, all_gold@5=0.762, qwen_em=0.356, qwen_f1=0.4613, avg_reader_evidence_tokens=151.89, mean_ans_in_context=0.644, mean_gold_token_density=0.5325, mean_gold_doc_reader_cov=0.748, mean_all_gold_reader=0.54, mean_distractor_docs=1.536, mean_context_tokens=151.888, mean_n_snippets=3.236
[density] materializing policy=chunk_mmr_160
[density] generating policy=chunk_mmr_160
[reader] generated 1/500
[reader] generated 2/500
[reader] generated 3/500
[reader] generated 4/500
[reader] generated 5/500
[reader] generated 6/500
[reader] generated 7/500
[reader] generated 8/500
[reader] generated 9/500
[reader] generated 10/500
[reader] generated 11/500
[reader] generated 12/500
[reader] generated 13/500
[reader] generated 14/500
[reader] generated 15/500
[reader] generated 16/500
[reader] generated 17/500
[reader] generated 18/500
[reader] generated 19/500
[reader] generated 20/500
[reader] generated 21/500
[reader] generated 22/500
[reader] generated 23/500
[reader] generated 24/500
[reader] generated 25/500
[reader] generated 26/500
[reader] generated 27/500
[reader] generated 28/500
[reader] generated 29/500
[reader] generated 30/500
[reader] generated 31/500
[reader] generated 32/500
[reader] generated 33/500
[reader] generated 34/500
[reader] generated 35/500
[reader] generated 36/500
[reader] generated 37/500
[reader] generated 38/500
[reader] generated 39/500
[reader] generated 40/500
[reader] generated 41/500
[reader] generated 42/500
[reader] generated 43/500
[reader] generated 44/500
[reader] generated 45/500
[reader] generated 46/500
[reader] generated 47/500
[reader] generated 48/500
[reader] generated 49/500
[reader] generated 50/500
[reader] generated 51/500
[reader] generated 52/500
[reader] generated 53/500
[reader] generated 54/500
[reader] generated 55/500
[reader] generated 56/500
[reader] generated 57/500
[reader] generated 58/500
[reader] generated 59/500
[reader] generated 60/500
[reader] generated 61/500
[reader] generated 62/500
[reader] generated 63/500
[reader] generated 64/500
[reader] generated 65/500
[reader] generated 66/500
[reader] generated 67/500
[reader] generated 68/500
[reader] generated 69/500
[reader] generated 70/500
[reader] generated 71/500
[reader] generated 72/500
[reader] generated 73/500
[reader] generated 74/500
[reader] generated 75/500
[reader] generated 76/500
[reader] generated 77/500
[reader] generated 78/500
[reader] generated 79/500
[reader] generated 80/500
[reader] generated 81/500
[reader] generated 82/500
[reader] generated 83/500
[reader] generated 84/500
[reader] generated 85/500
[reader] generated 86/500
[reader] generated 87/500
[reader] generated 88/500
[reader] generated 89/500
[reader] generated 90/500
[reader] generated 91/500
[reader] generated 92/500
[reader] generated 93/500
[reader] generated 94/500
[reader] generated 95/500
[reader] generated 96/500
[reader] generated 97/500
[reader] generated 98/500
[reader] generated 99/500
[reader] generated 100/500
[reader] generated 101/500
[reader] generated 102/500
[reader] generated 103/500
[reader] generated 104/500
[reader] generated 105/500
[reader] generated 106/500
[reader] generated 107/500
[reader] generated 108/500
[reader] generated 109/500
[reader] generated 110/500
[reader] generated 111/500
[reader] generated 112/500
[reader] generated 113/500
[reader] generated 114/500
[reader] generated 115/500
[reader] generated 116/500
[reader] generated 117/500
[reader] generated 118/500
[reader] generated 119/500
[reader] generated 120/500
[reader] generated 121/500
[reader] generated 122/500
[reader] generated 123/500
[reader] generated 124/500
[reader] generated 125/500
[reader] generated 126/500
[reader] generated 127/500
[reader] generated 128/500
[reader] generated 129/500
[reader] generated 130/500
[reader] generated 131/500
[reader] generated 132/500
[reader] generated 133/500
[reader] generated 134/500
[reader] generated 135/500
[reader] generated 136/500
[reader] generated 137/500
[reader] generated 138/500
[reader] generated 139/500
[reader] generated 140/500
[reader] generated 141/500
[reader] generated 142/500
[reader] generated 143/500
[reader] generated 144/500
[reader] generated 145/500
[reader] generated 146/500
[reader] generated 147/500
[reader] generated 148/500
[reader] generated 149/500
[reader] generated 150/500
[reader] generated 151/500
[reader] generated 152/500
[reader] generated 153/500
[reader] generated 154/500
[reader] generated 155/500
[reader] generated 156/500
[reader] generated 157/500
[reader] generated 158/500
[reader] generated 159/500
[reader] generated 160/500
[reader] generated 161/500
[reader] generated 162/500
[reader] generated 163/500
[reader] generated 164/500
[reader] generated 165/500
[reader] generated 166/500
[reader] generated 167/500
[reader] generated 168/500
[reader] generated 169/500
[reader] generated 170/500
[reader] generated 171/500
[reader] generated 172/500
[reader] generated 173/500
[reader] generated 174/500
[reader] generated 175/500
[reader] generated 176/500
[reader] generated 177/500
[reader] generated 178/500
[reader] generated 179/500
[reader] generated 180/500
[reader] generated 181/500
[reader] generated 182/500
[reader] generated 183/500
[reader] generated 184/500
[reader] generated 185/500
[reader] generated 186/500
[reader] generated 187/500
[reader] generated 188/500
[reader] generated 189/500
[reader] generated 190/500
[reader] generated 191/500
[reader] generated 192/500
[reader] generated 193/500
[reader] generated 194/500
[reader] generated 195/500
[reader] generated 196/500
[reader] generated 197/500
[reader] generated 198/500
[reader] generated 199/500
[reader] generated 200/500
[reader] generated 201/500
[reader] generated 202/500
[reader] generated 203/500
[reader] generated 204/500
[reader] generated 205/500
[reader] generated 206/500
[reader] generated 207/500
[reader] generated 208/500
[reader] generated 209/500
[reader] generated 210/500
[reader] generated 211/500
[reader] generated 212/500
[reader] generated 213/500
[reader] generated 214/500
[reader] generated 215/500
[reader] generated 216/500
[reader] generated 217/500
[reader] generated 218/500
[reader] generated 219/500
[reader] generated 220/500
[reader] generated 221/500
[reader] generated 222/500
[reader] generated 223/500
[reader] generated 224/500
[reader] generated 225/500
[reader] generated 226/500
[reader] generated 227/500
[reader] generated 228/500
[reader] generated 229/500
[reader] generated 230/500
[reader] generated 231/500
[reader] generated 232/500
[reader] generated 233/500
[reader] generated 234/500
[reader] generated 235/500
[reader] generated 236/500
[reader] generated 237/500
[reader] generated 238/500
[reader] generated 239/500
[reader] generated 240/500
[reader] generated 241/500
[reader] generated 242/500
[reader] generated 243/500
[reader] generated 244/500
[reader] generated 245/500
[reader] generated 246/500
[reader] generated 247/500
[reader] generated 248/500
[reader] generated 249/500
[reader] generated 250/500
[reader] generated 251/500
[reader] generated 252/500
[reader] generated 253/500
[reader] generated 254/500
[reader] generated 255/500
[reader] generated 256/500
[reader] generated 257/500
[reader] generated 258/500
[reader] generated 259/500
[reader] generated 260/500
[reader] generated 261/500
[reader] generated 262/500
[reader] generated 263/500
[reader] generated 264/500
[reader] generated 265/500
[reader] generated 266/500
[reader] generated 267/500
[reader] generated 268/500
[reader] generated 269/500
[reader] generated 270/500
[reader] generated 271/500
[reader] generated 272/500
[reader] generated 273/500
[reader] generated 274/500
[reader] generated 275/500
[reader] generated 276/500
[reader] generated 277/500
[reader] generated 278/500
[reader] generated 279/500
[reader] generated 280/500
[reader] generated 281/500
[reader] generated 282/500
[reader] generated 283/500
[reader] generated 284/500
[reader] generated 285/500
[reader] generated 286/500
[reader] generated 287/500
[reader] generated 288/500
[reader] generated 289/500
[reader] generated 290/500
[reader] generated 291/500
[reader] generated 292/500
[reader] generated 293/500
[reader] generated 294/500
[reader] generated 295/500
[reader] generated 296/500
[reader] generated 297/500
[reader] generated 298/500
[reader] generated 299/500
[reader] generated 300/500
[reader] generated 301/500
[reader] generated 302/500
[reader] generated 303/500
[reader] generated 304/500
[reader] generated 305/500
[reader] generated 306/500
[reader] generated 307/500
[reader] generated 308/500
[reader] generated 309/500
[reader] generated 310/500
[reader] generated 311/500
[reader] generated 312/500
[reader] generated 313/500
[reader] generated 314/500
[reader] generated 315/500
[reader] generated 316/500
[reader] generated 317/500
[reader] generated 318/500
[reader] generated 319/500
[reader] generated 320/500
[reader] generated 321/500
[reader] generated 322/500
[reader] generated 323/500
[reader] generated 324/500
[reader] generated 325/500
[reader] generated 326/500
[reader] generated 327/500
[reader] generated 328/500
[reader] generated 329/500
[reader] generated 330/500
[reader] generated 331/500
[reader] generated 332/500
[reader] generated 333/500
[reader] generated 334/500
[reader] generated 335/500
[reader] generated 336/500
[reader] generated 337/500
[reader] generated 338/500
[reader] generated 339/500
[reader] generated 340/500
[reader] generated 341/500
[reader] generated 342/500
[reader] generated 343/500
[reader] generated 344/500
[reader] generated 345/500
[reader] generated 346/500
[reader] generated 347/500
[reader] generated 348/500
[reader] generated 349/500
[reader] generated 350/500
[reader] generated 351/500
[reader] generated 352/500
[reader] generated 353/500
[reader] generated 354/500
[reader] generated 355/500
[reader] generated 356/500
[reader] generated 357/500
[reader] generated 358/500
[reader] generated 359/500
[reader] generated 360/500
[reader] generated 361/500
[reader] generated 362/500
[reader] generated 363/500
[reader] generated 364/500
[reader] generated 365/500
[reader] generated 366/500
[reader] generated 367/500
[reader] generated 368/500
[reader] generated 369/500
[reader] generated 370/500
[reader] generated 371/500
[reader] generated 372/500
[reader] generated 373/500
[reader] generated 374/500
[reader] generated 375/500
[reader] generated 376/500
[reader] generated 377/500
[reader] generated 378/500
[reader] generated 379/500
[reader] generated 380/500
[reader] generated 381/500
[reader] generated 382/500
[reader] generated 383/500
[reader] generated 384/500
[reader] generated 385/500
[reader] generated 386/500
[reader] generated 387/500
[reader] generated 388/500
[reader] generated 389/500
[reader] generated 390/500
[reader] generated 391/500
[reader] generated 392/500
[reader] generated 393/500
[reader] generated 394/500
[reader] generated 395/500
[reader] generated 396/500
[reader] generated 397/500
[reader] generated 398/500
[reader] generated 399/500
[reader] generated 400/500
[reader] generated 401/500
[reader] generated 402/500
[reader] generated 403/500
[reader] generated 404/500
[reader] generated 405/500
[reader] generated 406/500
[reader] generated 407/500
[reader] generated 408/500
[reader] generated 409/500
[reader] generated 410/500
[reader] generated 411/500
[reader] generated 412/500
[reader] generated 413/500
[reader] generated 414/500
[reader] generated 415/500
[reader] generated 416/500
[reader] generated 417/500
[reader] generated 418/500
[reader] generated 419/500
[reader] generated 420/500
[reader] generated 421/500
[reader] generated 422/500
[reader] generated 423/500
[reader] generated 424/500
[reader] generated 425/500
[reader] generated 426/500
[reader] generated 427/500
[reader] generated 428/500
[reader] generated 429/500
[reader] generated 430/500
[reader] generated 431/500
[reader] generated 432/500
[reader] generated 433/500
[reader] generated 434/500
[reader] generated 435/500
[reader] generated 436/500
[reader] generated 437/500
[reader] generated 438/500
[reader] generated 439/500
[reader] generated 440/500
[reader] generated 441/500
[reader] generated 442/500
[reader] generated 443/500
[reader] generated 444/500
[reader] generated 445/500
[reader] generated 446/500
[reader] generated 447/500
[reader] generated 448/500
[reader] generated 449/500
[reader] generated 450/500
[reader] generated 451/500
[reader] generated 452/500
[reader] generated 453/500
[reader] generated 454/500
[reader] generated 455/500
[reader] generated 456/500
[reader] generated 457/500
[reader] generated 458/500
[reader] generated 459/500
[reader] generated 460/500
[reader] generated 461/500
[reader] generated 462/500
[reader] generated 463/500
[reader] generated 464/500
[reader] generated 465/500
[reader] generated 466/500
[reader] generated 467/500
[reader] generated 468/500
[reader] generated 469/500
[reader] generated 470/500
[reader] generated 471/500
[reader] generated 472/500
[reader] generated 473/500
[reader] generated 474/500
[reader] generated 475/500
[reader] generated 476/500
[reader] generated 477/500
[reader] generated 478/500
[reader] generated 479/500
[reader] generated 480/500
[reader] generated 481/500
[reader] generated 482/500
[reader] generated 483/500
[reader] generated 484/500
[reader] generated 485/500
[reader] generated 486/500
[reader] generated 487/500
[reader] generated 488/500
[reader] generated 489/500
[reader] generated 490/500
[reader] generated 491/500
[reader] generated 492/500
[reader] generated 493/500
[reader] generated 494/500
[reader] generated 495/500
[reader] generated 496/500
[reader] generated 497/500
[reader] generated 498/500
[reader] generated 499/500
[reader] generated 500/500
[density] policy=chunk_mmr_160, router_type=fixed, representation=chunk, packer=mmr, reader_model=Qwen/Qwen2.5-14B-Instruct, packed_token_budget=160, recall@1=0.437, all_gold@1=0.0, recall@2=0.718, all_gold@2=0.496, recall@5=0.875, all_gold@5=0.762, qwen_em=0.312, qwen_f1=0.4208, avg_reader_evidence_tokens=151.48, mean_ans_in_context=0.602, mean_gold_token_density=0.5096, mean_gold_doc_reader_cov=0.68, mean_all_gold_reader=0.422, mean_distractor_docs=1.538, mean_context_tokens=151.482, mean_n_snippets=3.308
[density] materializing policy=chunk_submod_160
[density] generating policy=chunk_submod_160
[reader] generated 1/500
[reader] generated 2/500
[reader] generated 3/500
[reader] generated 4/500
[reader] generated 5/500
[reader] generated 6/500
[reader] generated 7/500
[reader] generated 8/500
[reader] generated 9/500
[reader] generated 10/500
[reader] generated 11/500
[reader] generated 12/500
[reader] generated 13/500
[reader] generated 14/500
[reader] generated 15/500
[reader] generated 16/500
[reader] generated 17/500
[reader] generated 18/500
[reader] generated 19/500
[reader] generated 20/500
[reader] generated 21/500
[reader] generated 22/500
[reader] generated 23/500
[reader] generated 24/500
[reader] generated 25/500
[reader] generated 26/500
[reader] generated 27/500
[reader] generated 28/500
[reader] generated 29/500
[reader] generated 30/500
[reader] generated 31/500
[reader] generated 32/500
[reader] generated 33/500
[reader] generated 34/500
[reader] generated 35/500
[reader] generated 36/500
[reader] generated 37/500
[reader] generated 38/500
[reader] generated 39/500
[reader] generated 40/500
[reader] generated 41/500
[reader] generated 42/500
[reader] generated 43/500
[reader] generated 44/500
[reader] generated 45/500
[reader] generated 46/500
[reader] generated 47/500
[reader] generated 48/500
[reader] generated 49/500
[reader] generated 50/500
[reader] generated 51/500
[reader] generated 52/500
[reader] generated 53/500
[reader] generated 54/500
[reader] generated 55/500
[reader] generated 56/500
[reader] generated 57/500
[reader] generated 58/500
[reader] generated 59/500
[reader] generated 60/500
[reader] generated 61/500
[reader] generated 62/500
[reader] generated 63/500
[reader] generated 64/500
[reader] generated 65/500
[reader] generated 66/500
[reader] generated 67/500
[reader] generated 68/500
[reader] generated 69/500
[reader] generated 70/500
[reader] generated 71/500
[reader] generated 72/500
[reader] generated 73/500
[reader] generated 74/500
[reader] generated 75/500
[reader] generated 76/500
[reader] generated 77/500
[reader] generated 78/500
[reader] generated 79/500
[reader] generated 80/500
[reader] generated 81/500
[reader] generated 82/500
[reader] generated 83/500
[reader] generated 84/500
[reader] generated 85/500
[reader] generated 86/500
[reader] generated 87/500
[reader] generated 88/500
[reader] generated 89/500
[reader] generated 90/500
[reader] generated 91/500
[reader] generated 92/500
[reader] generated 93/500
[reader] generated 94/500
[reader] generated 95/500
[reader] generated 96/500
[reader] generated 97/500
[reader] generated 98/500
[reader] generated 99/500
[reader] generated 100/500
[reader] generated 101/500
[reader] generated 102/500
[reader] generated 103/500
[reader] generated 104/500
[reader] generated 105/500
[reader] generated 106/500
[reader] generated 107/500
[reader] generated 108/500
[reader] generated 109/500
[reader] generated 110/500
[reader] generated 111/500
[reader] generated 112/500
[reader] generated 113/500
[reader] generated 114/500
[reader] generated 115/500
[reader] generated 116/500
[reader] generated 117/500
[reader] generated 118/500
[reader] generated 119/500
[reader] generated 120/500
[reader] generated 121/500
[reader] generated 122/500
[reader] generated 123/500
[reader] generated 124/500
[reader] generated 125/500
[reader] generated 126/500
[reader] generated 127/500
[reader] generated 128/500
[reader] generated 129/500
[reader] generated 130/500
[reader] generated 131/500
[reader] generated 132/500
[reader] generated 133/500
[reader] generated 134/500
[reader] generated 135/500
[reader] generated 136/500
[reader] generated 137/500
[reader] generated 138/500
[reader] generated 139/500
[reader] generated 140/500
[reader] generated 141/500
[reader] generated 142/500
[reader] generated 143/500
[reader] generated 144/500
[reader] generated 145/500
[reader] generated 146/500
[reader] generated 147/500
[reader] generated 148/500
[reader] generated 149/500
[reader] generated 150/500
[reader] generated 151/500
[reader] generated 152/500
[reader] generated 153/500
[reader] generated 154/500
[reader] generated 155/500
[reader] generated 156/500
[reader] generated 157/500
[reader] generated 158/500
[reader] generated 159/500
[reader] generated 160/500
[reader] generated 161/500
[reader] generated 162/500
[reader] generated 163/500
[reader] generated 164/500
[reader] generated 165/500
[reader] generated 166/500
[reader] generated 167/500
[reader] generated 168/500
[reader] generated 169/500
[reader] generated 170/500
[reader] generated 171/500
[reader] generated 172/500
[reader] generated 173/500
[reader] generated 174/500
[reader] generated 175/500
[reader] generated 176/500
[reader] generated 177/500
[reader] generated 178/500
[reader] generated 179/500
[reader] generated 180/500
[reader] generated 181/500
[reader] generated 182/500
[reader] generated 183/500
[reader] generated 184/500
[reader] generated 185/500
[reader] generated 186/500
[reader] generated 187/500
[reader] generated 188/500
[reader] generated 189/500
[reader] generated 190/500
[reader] generated 191/500
[reader] generated 192/500
[reader] generated 193/500
[reader] generated 194/500
[reader] generated 195/500
[reader] generated 196/500
[reader] generated 197/500
[reader] generated 198/500
[reader] generated 199/500
[reader] generated 200/500
[reader] generated 201/500
[reader] generated 202/500
[reader] generated 203/500
[reader] generated 204/500
[reader] generated 205/500
[reader] generated 206/500
[reader] generated 207/500
[reader] generated 208/500
[reader] generated 209/500
[reader] generated 210/500
[reader] generated 211/500
[reader] generated 212/500
[reader] generated 213/500
[reader] generated 214/500
[reader] generated 215/500
[reader] generated 216/500
[reader] generated 217/500
[reader] generated 218/500
[reader] generated 219/500
[reader] generated 220/500
[reader] generated 221/500
[reader] generated 222/500
[reader] generated 223/500
[reader] generated 224/500
[reader] generated 225/500
[reader] generated 226/500
[reader] generated 227/500
[reader] generated 228/500
[reader] generated 229/500
[reader] generated 230/500
[reader] generated 231/500
[reader] generated 232/500
[reader] generated 233/500
[reader] generated 234/500
[reader] generated 235/500
[reader] generated 236/500
[reader] generated 237/500
[reader] generated 238/500
[reader] generated 239/500
[reader] generated 240/500
[reader] generated 241/500
[reader] generated 242/500
[reader] generated 243/500
[reader] generated 244/500
[reader] generated 245/500
[reader] generated 246/500
[reader] generated 247/500
[reader] generated 248/500
[reader] generated 249/500
[reader] generated 250/500
[reader] generated 251/500
[reader] generated 252/500
[reader] generated 253/500
[reader] generated 254/500
[reader] generated 255/500
[reader] generated 256/500
[reader] generated 257/500
[reader] generated 258/500
[reader] generated 259/500
[reader] generated 260/500
[reader] generated 261/500
[reader] generated 262/500
[reader] generated 263/500
[reader] generated 264/500
[reader] generated 265/500
[reader] generated 266/500
[reader] generated 267/500
[reader] generated 268/500
[reader] generated 269/500
[reader] generated 270/500
[reader] generated 271/500
[reader] generated 272/500
[reader] generated 273/500
[reader] generated 274/500
[reader] generated 275/500
[reader] generated 276/500
[reader] generated 277/500
[reader] generated 278/500
[reader] generated 279/500
[reader] generated 280/500
[reader] generated 281/500
[reader] generated 282/500
[reader] generated 283/500
[reader] generated 284/500
[reader] generated 285/500
[reader] generated 286/500
[reader] generated 287/500
[reader] generated 288/500
[reader] generated 289/500
[reader] generated 290/500
[reader] generated 291/500
[reader] generated 292/500
[reader] generated 293/500
[reader] generated 294/500
[reader] generated 295/500
[reader] generated 296/500
[reader] generated 297/500
[reader] generated 298/500
[reader] generated 299/500
[reader] generated 300/500
[reader] generated 301/500
[reader] generated 302/500
[reader] generated 303/500
[reader] generated 304/500
[reader] generated 305/500
[reader] generated 306/500
[reader] generated 307/500
[reader] generated 308/500
[reader] generated 309/500
[reader] generated 310/500
[reader] generated 311/500
[reader] generated 312/500
[reader] generated 313/500
[reader] generated 314/500
[reader] generated 315/500
[reader] generated 316/500
[reader] generated 317/500
[reader] generated 318/500
[reader] generated 319/500
[reader] generated 320/500
[reader] generated 321/500
[reader] generated 322/500
[reader] generated 323/500
[reader] generated 324/500
[reader] generated 325/500
[reader] generated 326/500
[reader] generated 327/500
[reader] generated 328/500
[reader] generated 329/500
[reader] generated 330/500
[reader] generated 331/500
[reader] generated 332/500
[reader] generated 333/500
[reader] generated 334/500
[reader] generated 335/500
[reader] generated 336/500
[reader] generated 337/500
[reader] generated 338/500
[reader] generated 339/500
[reader] generated 340/500
[reader] generated 341/500
[reader] generated 342/500
[reader] generated 343/500
[reader] generated 344/500
[reader] generated 345/500
[reader] generated 346/500
[reader] generated 347/500
[reader] generated 348/500
[reader] generated 349/500
[reader] generated 350/500
[reader] generated 351/500
[reader] generated 352/500
[reader] generated 353/500
[reader] generated 354/500
[reader] generated 355/500
[reader] generated 356/500
[reader] generated 357/500
[reader] generated 358/500
[reader] generated 359/500
[reader] generated 360/500
[reader] generated 361/500
[reader] generated 362/500
[reader] generated 363/500
[reader] generated 364/500
[reader] generated 365/500
[reader] generated 366/500
[reader] generated 367/500
[reader] generated 368/500
[reader] generated 369/500
[reader] generated 370/500
[reader] generated 371/500
[reader] generated 372/500
[reader] generated 373/500
[reader] generated 374/500
[reader] generated 375/500
[reader] generated 376/500
[reader] generated 377/500
[reader] generated 378/500
[reader] generated 379/500
[reader] generated 380/500
[reader] generated 381/500
[reader] generated 382/500
[reader] generated 383/500
[reader] generated 384/500
[reader] generated 385/500
[reader] generated 386/500
[reader] generated 387/500
[reader] generated 388/500
[reader] generated 389/500
[reader] generated 390/500
[reader] generated 391/500
[reader] generated 392/500
[reader] generated 393/500
[reader] generated 394/500
[reader] generated 395/500
[reader] generated 396/500
[reader] generated 397/500
[reader] generated 398/500
[reader] generated 399/500
[reader] generated 400/500
[reader] generated 401/500
[reader] generated 402/500
[reader] generated 403/500
[reader] generated 404/500
[reader] generated 405/500
[reader] generated 406/500
[reader] generated 407/500
[reader] generated 408/500
[reader] generated 409/500
[reader] generated 410/500
[reader] generated 411/500
[reader] generated 412/500
[reader] generated 413/500
[reader] generated 414/500
[reader] generated 415/500
[reader] generated 416/500
[reader] generated 417/500
[reader] generated 418/500
[reader] generated 419/500
[reader] generated 420/500
[reader] generated 421/500
[reader] generated 422/500
[reader] generated 423/500
[reader] generated 424/500
[reader] generated 425/500
[reader] generated 426/500
[reader] generated 427/500
[reader] generated 428/500
[reader] generated 429/500
[reader] generated 430/500
[reader] generated 431/500
[reader] generated 432/500
[reader] generated 433/500
[reader] generated 434/500
[reader] generated 435/500
[reader] generated 436/500
[reader] generated 437/500
[reader] generated 438/500
[reader] generated 439/500
[reader] generated 440/500
[reader] generated 441/500
[reader] generated 442/500
[reader] generated 443/500
[reader] generated 444/500
[reader] generated 445/500
[reader] generated 446/500
[reader] generated 447/500
[reader] generated 448/500
[reader] generated 449/500
[reader] generated 450/500
[reader] generated 451/500
[reader] generated 452/500
[reader] generated 453/500
[reader] generated 454/500
[reader] generated 455/500
[reader] generated 456/500
[reader] generated 457/500
[reader] generated 458/500
[reader] generated 459/500
[reader] generated 460/500
[reader] generated 461/500
[reader] generated 462/500
[reader] generated 463/500
[reader] generated 464/500
[reader] generated 465/500
[reader] generated 466/500
[reader] generated 467/500
[reader] generated 468/500
[reader] generated 469/500
[reader] generated 470/500
[reader] generated 471/500
[reader] generated 472/500
[reader] generated 473/500
[reader] generated 474/500
[reader] generated 475/500
[reader] generated 476/500
[reader] generated 477/500
[reader] generated 478/500
[reader] generated 479/500
[reader] generated 480/500
[reader] generated 481/500
[reader] generated 482/500
[reader] generated 483/500
[reader] generated 484/500
[reader] generated 485/500
[reader] generated 486/500
[reader] generated 487/500
[reader] generated 488/500
[reader] generated 489/500
[reader] generated 490/500
[reader] generated 491/500
[reader] generated 492/500
[reader] generated 493/500
[reader] generated 494/500
[reader] generated 495/500
[reader] generated 496/500
[reader] generated 497/500
[reader] generated 498/500
[reader] generated 499/500
[reader] generated 500/500
[density] policy=chunk_submod_160, router_type=fixed, representation=chunk, packer=submod, reader_model=Qwen/Qwen2.5-14B-Instruct, packed_token_budget=160, recall@1=0.437, all_gold@1=0.0, recall@2=0.718, all_gold@2=0.496, recall@5=0.875, all_gold@5=0.762, qwen_em=0.314, qwen_f1=0.4204, avg_reader_evidence_tokens=145.52, mean_ans_in_context=0.628, mean_gold_token_density=0.4565, mean_gold_doc_reader_cov=0.778, mean_all_gold_reader=0.586, mean_distractor_docs=2.236, mean_context_tokens=145.52, mean_n_snippets=4.57
[density] materializing policy=ace_focused_160
[density] generating policy=ace_focused_160
[reader] generated 1/500
[reader] generated 2/500
[reader] generated 3/500
[reader] generated 4/500
[reader] generated 5/500
[reader] generated 6/500
[reader] generated 7/500
[reader] generated 8/500
[reader] generated 9/500
[reader] generated 10/500
[reader] generated 11/500
[reader] generated 12/500
[reader] generated 13/500
[reader] generated 14/500
[reader] generated 15/500
[reader] generated 16/500
[reader] generated 17/500
[reader] generated 18/500
[reader] generated 19/500
[reader] generated 20/500
[reader] generated 21/500
[reader] generated 22/500
[reader] generated 23/500
[reader] generated 24/500
[reader] generated 25/500
[reader] generated 26/500
[reader] generated 27/500
[reader] generated 28/500
[reader] generated 29/500
[reader] generated 30/500
[reader] generated 31/500
[reader] generated 32/500
[reader] generated 33/500
[reader] generated 34/500
[reader] generated 35/500
[reader] generated 36/500
[reader] generated 37/500
[reader] generated 38/500
[reader] generated 39/500
[reader] generated 40/500
[reader] generated 41/500
[reader] generated 42/500
[reader] generated 43/500
[reader] generated 44/500
[reader] generated 45/500
[reader] generated 46/500
[reader] generated 47/500
[reader] generated 48/500
[reader] generated 49/500
[reader] generated 50/500
[reader] generated 51/500
[reader] generated 52/500
[reader] generated 53/500
[reader] generated 54/500
[reader] generated 55/500
[reader] generated 56/500
[reader] generated 57/500
[reader] generated 58/500
[reader] generated 59/500
[reader] generated 60/500
[reader] generated 61/500
[reader] generated 62/500
[reader] generated 63/500
[reader] generated 64/500
[reader] generated 65/500
[reader] generated 66/500
[reader] generated 67/500
[reader] generated 68/500
[reader] generated 69/500
[reader] generated 70/500
[reader] generated 71/500
[reader] generated 72/500
[reader] generated 73/500
[reader] generated 74/500
[reader] generated 75/500
[reader] generated 76/500
[reader] generated 77/500
[reader] generated 78/500
[reader] generated 79/500
[reader] generated 80/500
[reader] generated 81/500
[reader] generated 82/500
[reader] generated 83/500
[reader] generated 84/500
[reader] generated 85/500
[reader] generated 86/500
[reader] generated 87/500
[reader] generated 88/500
[reader] generated 89/500
[reader] generated 90/500
[reader] generated 91/500
[reader] generated 92/500
[reader] generated 93/500
[reader] generated 94/500
[reader] generated 95/500
[reader] generated 96/500
[reader] generated 97/500
[reader] generated 98/500
[reader] generated 99/500
[reader] generated 100/500
[reader] generated 101/500
[reader] generated 102/500
[reader] generated 103/500
[reader] generated 104/500
[reader] generated 105/500
[reader] generated 106/500
[reader] generated 107/500
[reader] generated 108/500
[reader] generated 109/500
[reader] generated 110/500
[reader] generated 111/500
[reader] generated 112/500
[reader] generated 113/500
[reader] generated 114/500
[reader] generated 115/500
[reader] generated 116/500
[reader] generated 117/500
[reader] generated 118/500
[reader] generated 119/500
[reader] generated 120/500
[reader] generated 121/500
[reader] generated 122/500
[reader] generated 123/500
[reader] generated 124/500
[reader] generated 125/500
[reader] generated 126/500
[reader] generated 127/500
[reader] generated 128/500
[reader] generated 129/500
[reader] generated 130/500
[reader] generated 131/500
[reader] generated 132/500
[reader] generated 133/500
[reader] generated 134/500
[reader] generated 135/500
[reader] generated 136/500
[reader] generated 137/500
[reader] generated 138/500
[reader] generated 139/500
[reader] generated 140/500
[reader] generated 141/500
[reader] generated 142/500
[reader] generated 143/500
[reader] generated 144/500
[reader] generated 145/500
[reader] generated 146/500
[reader] generated 147/500
[reader] generated 148/500
[reader] generated 149/500
[reader] generated 150/500
[reader] generated 151/500
[reader] generated 152/500
[reader] generated 153/500
[reader] generated 154/500
[reader] generated 155/500
[reader] generated 156/500
[reader] generated 157/500
[reader] generated 158/500
[reader] generated 159/500
[reader] generated 160/500
[reader] generated 161/500
[reader] generated 162/500
[reader] generated 163/500
[reader] generated 164/500
[reader] generated 165/500
[reader] generated 166/500
[reader] generated 167/500
[reader] generated 168/500
[reader] generated 169/500
[reader] generated 170/500
[reader] generated 171/500
[reader] generated 172/500
[reader] generated 173/500
[reader] generated 174/500
[reader] generated 175/500
[reader] generated 176/500
[reader] generated 177/500
[reader] generated 178/500
[reader] generated 179/500
[reader] generated 180/500
[reader] generated 181/500
[reader] generated 182/500
[reader] generated 183/500
[reader] generated 184/500
[reader] generated 185/500
[reader] generated 186/500
[reader] generated 187/500
[reader] generated 188/500
[reader] generated 189/500
[reader] generated 190/500
[reader] generated 191/500
[reader] generated 192/500
[reader] generated 193/500
[reader] generated 194/500
[reader] generated 195/500
[reader] generated 196/500
[reader] generated 197/500
[reader] generated 198/500
[reader] generated 199/500
[reader] generated 200/500
[reader] generated 201/500
[reader] generated 202/500
[reader] generated 203/500
[reader] generated 204/500
[reader] generated 205/500
[reader] generated 206/500
[reader] generated 207/500
[reader] generated 208/500
[reader] generated 209/500
[reader] generated 210/500
[reader] generated 211/500
[reader] generated 212/500
[reader] generated 213/500
[reader] generated 214/500
[reader] generated 215/500
[reader] generated 216/500
[reader] generated 217/500
[reader] generated 218/500
[reader] generated 219/500
[reader] generated 220/500
[reader] generated 221/500
[reader] generated 222/500
[reader] generated 223/500
[reader] generated 224/500
[reader] generated 225/500
[reader] generated 226/500
[reader] generated 227/500
[reader] generated 228/500
[reader] generated 229/500
[reader] generated 230/500
[reader] generated 231/500
[reader] generated 232/500
[reader] generated 233/500
[reader] generated 234/500
[reader] generated 235/500
[reader] generated 236/500
[reader] generated 237/500
[reader] generated 238/500
[reader] generated 239/500
[reader] generated 240/500
[reader] generated 241/500
[reader] generated 242/500
[reader] generated 243/500
[reader] generated 244/500
[reader] generated 245/500
[reader] generated 246/500
[reader] generated 247/500
[reader] generated 248/500
[reader] generated 249/500
[reader] generated 250/500
[reader] generated 251/500
[reader] generated 252/500
[reader] generated 253/500
[reader] generated 254/500
[reader] generated 255/500
[reader] generated 256/500
[reader] generated 257/500
[reader] generated 258/500
[reader] generated 259/500
[reader] generated 260/500
[reader] generated 261/500
[reader] generated 262/500
[reader] generated 263/500
[reader] generated 264/500
[reader] generated 265/500
[reader] generated 266/500
[reader] generated 267/500
[reader] generated 268/500
[reader] generated 269/500
[reader] generated 270/500
[reader] generated 271/500
[reader] generated 272/500
[reader] generated 273/500
[reader] generated 274/500
[reader] generated 275/500
[reader] generated 276/500
[reader] generated 277/500
[reader] generated 278/500
[reader] generated 279/500
[reader] generated 280/500
[reader] generated 281/500
[reader] generated 282/500
[reader] generated 283/500
[reader] generated 284/500
[reader] generated 285/500
[reader] generated 286/500
[reader] generated 287/500
[reader] generated 288/500
[reader] generated 289/500
[reader] generated 290/500
[reader] generated 291/500
[reader] generated 292/500
[reader] generated 293/500
[reader] generated 294/500
[reader] generated 295/500
[reader] generated 296/500
[reader] generated 297/500
[reader] generated 298/500
[reader] generated 299/500
[reader] generated 300/500
[reader] generated 301/500
[reader] generated 302/500
[reader] generated 303/500
[reader] generated 304/500
[reader] generated 305/500
[reader] generated 306/500
[reader] generated 307/500
[reader] generated 308/500
[reader] generated 309/500
[reader] generated 310/500
[reader] generated 311/500
[reader] generated 312/500
[reader] generated 313/500
[reader] generated 314/500
[reader] generated 315/500
[reader] generated 316/500
[reader] generated 317/500
[reader] generated 318/500
[reader] generated 319/500
[reader] generated 320/500
[reader] generated 321/500
[reader] generated 322/500
[reader] generated 323/500
[reader] generated 324/500
[reader] generated 325/500
[reader] generated 326/500
[reader] generated 327/500
[reader] generated 328/500
[reader] generated 329/500
[reader] generated 330/500
[reader] generated 331/500
[reader] generated 332/500
[reader] generated 333/500
[reader] generated 334/500
[reader] generated 335/500
[reader] generated 336/500
[reader] generated 337/500
[reader] generated 338/500
[reader] generated 339/500
[reader] generated 340/500
[reader] generated 341/500
[reader] generated 342/500
[reader] generated 343/500
[reader] generated 344/500
[reader] generated 345/500
[reader] generated 346/500
[reader] generated 347/500
[reader] generated 348/500
[reader] generated 349/500
[reader] generated 350/500
[reader] generated 351/500
[reader] generated 352/500
[reader] generated 353/500
[reader] generated 354/500
[reader] generated 355/500
[reader] generated 356/500
[reader] generated 357/500
[reader] generated 358/500
[reader] generated 359/500
[reader] generated 360/500
[reader] generated 361/500
[reader] generated 362/500
[reader] generated 363/500
[reader] generated 364/500
[reader] generated 365/500
[reader] generated 366/500
[reader] generated 367/500
[reader] generated 368/500
[reader] generated 369/500
[reader] generated 370/500
[reader] generated 371/500
[reader] generated 372/500
[reader] generated 373/500
[reader] generated 374/500
[reader] generated 375/500
[reader] generated 376/500
[reader] generated 377/500
[reader] generated 378/500
[reader] generated 379/500
[reader] generated 380/500
[reader] generated 381/500
[reader] generated 382/500
[reader] generated 383/500
[reader] generated 384/500
[reader] generated 385/500
[reader] generated 386/500
[reader] generated 387/500
[reader] generated 388/500
[reader] generated 389/500
[reader] generated 390/500
[reader] generated 391/500
[reader] generated 392/500
[reader] generated 393/500
[reader] generated 394/500
[reader] generated 395/500
[reader] generated 396/500
[reader] generated 397/500
[reader] generated 398/500
[reader] generated 399/500
[reader] generated 400/500
[reader] generated 401/500
[reader] generated 402/500
[reader] generated 403/500
[reader] generated 404/500
[reader] generated 405/500
[reader] generated 406/500
[reader] generated 407/500
[reader] generated 408/500
[reader] generated 409/500
[reader] generated 410/500
[reader] generated 411/500
[reader] generated 412/500
[reader] generated 413/500
[reader] generated 414/500
[reader] generated 415/500
[reader] generated 416/500
[reader] generated 417/500
[reader] generated 418/500
[reader] generated 419/500
[reader] generated 420/500
[reader] generated 421/500
[reader] generated 422/500
[reader] generated 423/500
[reader] generated 424/500
[reader] generated 425/500
[reader] generated 426/500
[reader] generated 427/500
[reader] generated 428/500
[reader] generated 429/500
[reader] generated 430/500
[reader] generated 431/500
[reader] generated 432/500
[reader] generated 433/500
[reader] generated 434/500
[reader] generated 435/500
[reader] generated 436/500
[reader] generated 437/500
[reader] generated 438/500
[reader] generated 439/500
[reader] generated 440/500
[reader] generated 441/500
[reader] generated 442/500
[reader] generated 443/500
[reader] generated 444/500
[reader] generated 445/500
[reader] generated 446/500
[reader] generated 447/500
[reader] generated 448/500
[reader] generated 449/500
[reader] generated 450/500
[reader] generated 451/500
[reader] generated 452/500
[reader] generated 453/500
[reader] generated 454/500
[reader] generated 455/500
[reader] generated 456/500
[reader] generated 457/500
[reader] generated 458/500
[reader] generated 459/500
[reader] generated 460/500
[reader] generated 461/500
[reader] generated 462/500
[reader] generated 463/500
[reader] generated 464/500
[reader] generated 465/500
[reader] generated 466/500
[reader] generated 467/500
[reader] generated 468/500
[reader] generated 469/500
[reader] generated 470/500
[reader] generated 471/500
[reader] generated 472/500
[reader] generated 473/500
[reader] generated 474/500
[reader] generated 475/500
[reader] generated 476/500
[reader] generated 477/500
[reader] generated 478/500
[reader] generated 479/500
[reader] generated 480/500
[reader] generated 481/500
[reader] generated 482/500
[reader] generated 483/500
[reader] generated 484/500
[reader] generated 485/500
[reader] generated 486/500
[reader] generated 487/500
[reader] generated 488/500
[reader] generated 489/500
[reader] generated 490/500
[reader] generated 491/500
[reader] generated 492/500
[reader] generated 493/500
[reader] generated 494/500
[reader] generated 495/500
[reader] generated 496/500
[reader] generated 497/500
[reader] generated 498/500
[reader] generated 499/500
[reader] generated 500/500
[density] policy=ace_focused_160, router_type=fixed, representation=ace, packer=focused, reader_model=Qwen/Qwen2.5-14B-Instruct, packed_token_budget=160, recall@1=0.409, all_gold@1=0.0, recall@2=0.665, all_gold@2=0.406, recall@5=0.847, all_gold@5=0.718, qwen_em=0.346, qwen_f1=0.4482, avg_reader_evidence_tokens=150.08, mean_ans_in_context=0.618, mean_gold_token_density=0.4566, mean_gold_doc_reader_cov=0.751, mean_all_gold_reader=0.544, mean_distractor_docs=2.128, mean_context_tokens=150.078, mean_n_snippets=4.046
[density] materializing policy=ace_mmr_160
[density] generating policy=ace_mmr_160
[reader] generated 1/500
[reader] generated 2/500
[reader] generated 3/500
[reader] generated 4/500
[reader] generated 5/500
[reader] generated 6/500
[reader] generated 7/500
[reader] generated 8/500
[reader] generated 9/500
[reader] generated 10/500
[reader] generated 11/500
[reader] generated 12/500
[reader] generated 13/500
[reader] generated 14/500
[reader] generated 15/500
[reader] generated 16/500
[reader] generated 17/500
[reader] generated 18/500
[reader] generated 19/500
[reader] generated 20/500
[reader] generated 21/500
[reader] generated 22/500
[reader] generated 23/500
[reader] generated 24/500
[reader] generated 25/500
[reader] generated 26/500
[reader] generated 27/500
[reader] generated 28/500
[reader] generated 29/500
[reader] generated 30/500
[reader] generated 31/500
[reader] generated 32/500
[reader] generated 33/500
[reader] generated 34/500
[reader] generated 35/500
[reader] generated 36/500
[reader] generated 37/500
[reader] generated 38/500
[reader] generated 39/500
[reader] generated 40/500
[reader] generated 41/500
[reader] generated 42/500
[reader] generated 43/500
[reader] generated 44/500
[reader] generated 45/500
[reader] generated 46/500
[reader] generated 47/500
[reader] generated 48/500
[reader] generated 49/500
[reader] generated 50/500
[reader] generated 51/500
[reader] generated 52/500
[reader] generated 53/500
[reader] generated 54/500
[reader] generated 55/500
[reader] generated 56/500
[reader] generated 57/500
[reader] generated 58/500
[reader] generated 59/500
[reader] generated 60/500
[reader] generated 61/500
[reader] generated 62/500
[reader] generated 63/500
[reader] generated 64/500
[reader] generated 65/500
[reader] generated 66/500
[reader] generated 67/500
[reader] generated 68/500
[reader] generated 69/500
[reader] generated 70/500
[reader] generated 71/500
[reader] generated 72/500
[reader] generated 73/500
[reader] generated 74/500
[reader] generated 75/500
[reader] generated 76/500
[reader] generated 77/500
[reader] generated 78/500
[reader] generated 79/500
[reader] generated 80/500
[reader] generated 81/500
[reader] generated 82/500
[reader] generated 83/500
[reader] generated 84/500
[reader] generated 85/500
[reader] generated 86/500
[reader] generated 87/500
[reader] generated 88/500
[reader] generated 89/500
[reader] generated 90/500
[reader] generated 91/500
[reader] generated 92/500
[reader] generated 93/500
[reader] generated 94/500
[reader] generated 95/500
[reader] generated 96/500
[reader] generated 97/500
[reader] generated 98/500
[reader] generated 99/500
[reader] generated 100/500
[reader] generated 101/500
[reader] generated 102/500
[reader] generated 103/500
[reader] generated 104/500
[reader] generated 105/500
[reader] generated 106/500
[reader] generated 107/500
[reader] generated 108/500
[reader] generated 109/500
[reader] generated 110/500
[reader] generated 111/500
[reader] generated 112/500
[reader] generated 113/500
[reader] generated 114/500
[reader] generated 115/500
[reader] generated 116/500
[reader] generated 117/500
[reader] generated 118/500
[reader] generated 119/500
[reader] generated 120/500
[reader] generated 121/500
[reader] generated 122/500
[reader] generated 123/500
[reader] generated 124/500
[reader] generated 125/500
[reader] generated 126/500
[reader] generated 127/500
[reader] generated 128/500
[reader] generated 129/500
[reader] generated 130/500
[reader] generated 131/500
[reader] generated 132/500
[reader] generated 133/500
[reader] generated 134/500
[reader] generated 135/500
[reader] generated 136/500
[reader] generated 137/500
[reader] generated 138/500
[reader] generated 139/500
[reader] generated 140/500
[reader] generated 141/500
[reader] generated 142/500
[reader] generated 143/500
[reader] generated 144/500
[reader] generated 145/500
[reader] generated 146/500
[reader] generated 147/500
[reader] generated 148/500
[reader] generated 149/500
[reader] generated 150/500
[reader] generated 151/500
[reader] generated 152/500
[reader] generated 153/500
[reader] generated 154/500
[reader] generated 155/500
[reader] generated 156/500
[reader] generated 157/500
[reader] generated 158/500
[reader] generated 159/500
[reader] generated 160/500
[reader] generated 161/500
[reader] generated 162/500
[reader] generated 163/500
[reader] generated 164/500
[reader] generated 165/500
[reader] generated 166/500
[reader] generated 167/500
[reader] generated 168/500
[reader] generated 169/500
[reader] generated 170/500
[reader] generated 171/500
[reader] generated 172/500
[reader] generated 173/500
[reader] generated 174/500
[reader] generated 175/500
[reader] generated 176/500
[reader] generated 177/500
[reader] generated 178/500
[reader] generated 179/500
[reader] generated 180/500
[reader] generated 181/500
[reader] generated 182/500
[reader] generated 183/500
[reader] generated 184/500
[reader] generated 185/500
[reader] generated 186/500
[reader] generated 187/500
[reader] generated 188/500
[reader] generated 189/500
[reader] generated 190/500
[reader] generated 191/500
[reader] generated 192/500
[reader] generated 193/500
[reader] generated 194/500
[reader] generated 195/500
[reader] generated 196/500
[reader] generated 197/500
[reader] generated 198/500
[reader] generated 199/500
[reader] generated 200/500
[reader] generated 201/500
[reader] generated 202/500
[reader] generated 203/500
[reader] generated 204/500
[reader] generated 205/500
[reader] generated 206/500
[reader] generated 207/500
[reader] generated 208/500
[reader] generated 209/500
[reader] generated 210/500
[reader] generated 211/500
[reader] generated 212/500
[reader] generated 213/500
[reader] generated 214/500
[reader] generated 215/500
[reader] generated 216/500
[reader] generated 217/500
[reader] generated 218/500
[reader] generated 219/500
[reader] generated 220/500
[reader] generated 221/500
[reader] generated 222/500
[reader] generated 223/500
[reader] generated 224/500
[reader] generated 225/500
[reader] generated 226/500
[reader] generated 227/500
[reader] generated 228/500
[reader] generated 229/500
[reader] generated 230/500
[reader] generated 231/500
[reader] generated 232/500
[reader] generated 233/500
[reader] generated 234/500
[reader] generated 235/500
[reader] generated 236/500
[reader] generated 237/500
[reader] generated 238/500
[reader] generated 239/500
[reader] generated 240/500
[reader] generated 241/500
[reader] generated 242/500
[reader] generated 243/500
[reader] generated 244/500
[reader] generated 245/500
[reader] generated 246/500
[reader] generated 247/500
[reader] generated 248/500
[reader] generated 249/500
[reader] generated 250/500
[reader] generated 251/500
[reader] generated 252/500
[reader] generated 253/500
[reader] generated 254/500
[reader] generated 255/500
[reader] generated 256/500
[reader] generated 257/500
[reader] generated 258/500
[reader] generated 259/500
[reader] generated 260/500
[reader] generated 261/500
[reader] generated 262/500
[reader] generated 263/500
[reader] generated 264/500
[reader] generated 265/500
[reader] generated 266/500
[reader] generated 267/500
[reader] generated 268/500
[reader] generated 269/500
[reader] generated 270/500
[reader] generated 271/500
[reader] generated 272/500
[reader] generated 273/500
[reader] generated 274/500
[reader] generated 275/500
[reader] generated 276/500
[reader] generated 277/500
[reader] generated 278/500
[reader] generated 279/500
[reader] generated 280/500
[reader] generated 281/500
[reader] generated 282/500
[reader] generated 283/500
[reader] generated 284/500
[reader] generated 285/500
[reader] generated 286/500
[reader] generated 287/500
[reader] generated 288/500
[reader] generated 289/500
[reader] generated 290/500
[reader] generated 291/500
[reader] generated 292/500
[reader] generated 293/500
[reader] generated 294/500
[reader] generated 295/500
[reader] generated 296/500
[reader] generated 297/500
[reader] generated 298/500
[reader] generated 299/500
[reader] generated 300/500
[reader] generated 301/500
[reader] generated 302/500
[reader] generated 303/500
[reader] generated 304/500
[reader] generated 305/500
[reader] generated 306/500
[reader] generated 307/500
[reader] generated 308/500
[reader] generated 309/500
[reader] generated 310/500
[reader] generated 311/500
[reader] generated 312/500
[reader] generated 313/500
[reader] generated 314/500
[reader] generated 315/500
[reader] generated 316/500
[reader] generated 317/500
[reader] generated 318/500
[reader] generated 319/500
[reader] generated 320/500
[reader] generated 321/500
[reader] generated 322/500
[reader] generated 323/500
[reader] generated 324/500
[reader] generated 325/500
[reader] generated 326/500
[reader] generated 327/500
[reader] generated 328/500
[reader] generated 329/500
[reader] generated 330/500
[reader] generated 331/500
[reader] generated 332/500
[reader] generated 333/500
[reader] generated 334/500
[reader] generated 335/500
[reader] generated 336/500
[reader] generated 337/500
[reader] generated 338/500
[reader] generated 339/500
[reader] generated 340/500
[reader] generated 341/500
[reader] generated 342/500
[reader] generated 343/500
[reader] generated 344/500
[reader] generated 345/500
[reader] generated 346/500
[reader] generated 347/500
[reader] generated 348/500
[reader] generated 349/500
[reader] generated 350/500
[reader] generated 351/500
[reader] generated 352/500
[reader] generated 353/500
[reader] generated 354/500
[reader] generated 355/500
[reader] generated 356/500
[reader] generated 357/500
[reader] generated 358/500
[reader] generated 359/500
[reader] generated 360/500
[reader] generated 361/500
[reader] generated 362/500
[reader] generated 363/500
[reader] generated 364/500
[reader] generated 365/500
[reader] generated 366/500
[reader] generated 367/500
[reader] generated 368/500
[reader] generated 369/500
[reader] generated 370/500
[reader] generated 371/500
[reader] generated 372/500
[reader] generated 373/500
[reader] generated 374/500
[reader] generated 375/500
[reader] generated 376/500
[reader] generated 377/500
[reader] generated 378/500
[reader] generated 379/500
[reader] generated 380/500
[reader] generated 381/500
[reader] generated 382/500
[reader] generated 383/500
[reader] generated 384/500
[reader] generated 385/500
[reader] generated 386/500
[reader] generated 387/500
[reader] generated 388/500
[reader] generated 389/500
[reader] generated 390/500
[reader] generated 391/500
[reader] generated 392/500
[reader] generated 393/500
[reader] generated 394/500
[reader] generated 395/500
[reader] generated 396/500
[reader] generated 397/500
[reader] generated 398/500
[reader] generated 399/500
[reader] generated 400/500
[reader] generated 401/500
[reader] generated 402/500
[reader] generated 403/500
[reader] generated 404/500
[reader] generated 405/500
[reader] generated 406/500
[reader] generated 407/500
[reader] generated 408/500
[reader] generated 409/500
[reader] generated 410/500
[reader] generated 411/500
[reader] generated 412/500
[reader] generated 413/500
[reader] generated 414/500
[reader] generated 415/500
[reader] generated 416/500
[reader] generated 417/500
[reader] generated 418/500
[reader] generated 419/500
[reader] generated 420/500
[reader] generated 421/500
[reader] generated 422/500
[reader] generated 423/500
[reader] generated 424/500
[reader] generated 425/500
[reader] generated 426/500
[reader] generated 427/500
[reader] generated 428/500
[reader] generated 429/500
[reader] generated 430/500
[reader] generated 431/500
[reader] generated 432/500
[reader] generated 433/500
[reader] generated 434/500
[reader] generated 435/500
[reader] generated 436/500
[reader] generated 437/500
[reader] generated 438/500
[reader] generated 439/500
[reader] generated 440/500
[reader] generated 441/500
[reader] generated 442/500
[reader] generated 443/500
[reader] generated 444/500
[reader] generated 445/500
[reader] generated 446/500
[reader] generated 447/500
[reader] generated 448/500
[reader] generated 449/500
[reader] generated 450/500
[reader] generated 451/500
[reader] generated 452/500
[reader] generated 453/500
[reader] generated 454/500
[reader] generated 455/500
[reader] generated 456/500
[reader] generated 457/500
[reader] generated 458/500
[reader] generated 459/500
[reader] generated 460/500
[reader] generated 461/500
[reader] generated 462/500
[reader] generated 463/500
[reader] generated 464/500
[reader] generated 465/500
[reader] generated 466/500
[reader] generated 467/500
[reader] generated 468/500
[reader] generated 469/500
[reader] generated 470/500
[reader] generated 471/500
[reader] generated 472/500
[reader] generated 473/500
[reader] generated 474/500
[reader] generated 475/500
[reader] generated 476/500
[reader] generated 477/500
[reader] generated 478/500
[reader] generated 479/500
[reader] generated 480/500
[reader] generated 481/500
[reader] generated 482/500
[reader] generated 483/500
[reader] generated 484/500
[reader] generated 485/500
[reader] generated 486/500
[reader] generated 487/500
[reader] generated 488/500
[reader] generated 489/500
[reader] generated 490/500
[reader] generated 491/500
[reader] generated 492/500
[reader] generated 493/500
[reader] generated 494/500
[reader] generated 495/500
[reader] generated 496/500
[reader] generated 497/500
[reader] generated 498/500
[reader] generated 499/500
[reader] generated 500/500
[density] policy=ace_mmr_160, router_type=fixed, representation=ace, packer=mmr, reader_model=Qwen/Qwen2.5-14B-Instruct, packed_token_budget=160, recall@1=0.409, all_gold@1=0.0, recall@2=0.665, all_gold@2=0.406, recall@5=0.847, all_gold@5=0.718, qwen_em=0.302, qwen_f1=0.4007, avg_reader_evidence_tokens=150.05, mean_ans_in_context=0.59, mean_gold_token_density=0.456, mean_gold_doc_reader_cov=0.711, mean_all_gold_reader=0.478, mean_distractor_docs=2.078, mean_context_tokens=150.052, mean_n_snippets=4.1
[density] materializing policy=ace_submod_160
[density] generating policy=ace_submod_160
[reader] generated 1/500
[reader] generated 2/500
[reader] generated 3/500
[reader] generated 4/500
[reader] generated 5/500
[reader] generated 6/500
[reader] generated 7/500
[reader] generated 8/500
[reader] generated 9/500
[reader] generated 10/500
[reader] generated 11/500
[reader] generated 12/500
[reader] generated 13/500
[reader] generated 14/500
[reader] generated 15/500
[reader] generated 16/500
[reader] generated 17/500
[reader] generated 18/500
[reader] generated 19/500
[reader] generated 20/500
[reader] generated 21/500
[reader] generated 22/500
[reader] generated 23/500
[reader] generated 24/500
[reader] generated 25/500
[reader] generated 26/500
[reader] generated 27/500
[reader] generated 28/500
[reader] generated 29/500
[reader] generated 30/500
[reader] generated 31/500
[reader] generated 32/500
[reader] generated 33/500
[reader] generated 34/500
[reader] generated 35/500
[reader] generated 36/500
[reader] generated 37/500
[reader] generated 38/500
[reader] generated 39/500
[reader] generated 40/500
[reader] generated 41/500
[reader] generated 42/500
[reader] generated 43/500
[reader] generated 44/500
[reader] generated 45/500
[reader] generated 46/500
[reader] generated 47/500
[reader] generated 48/500
[reader] generated 49/500
[reader] generated 50/500
[reader] generated 51/500
[reader] generated 52/500
[reader] generated 53/500
[reader] generated 54/500
[reader] generated 55/500
[reader] generated 56/500
[reader] generated 57/500
[reader] generated 58/500
[reader] generated 59/500
[reader] generated 60/500
[reader] generated 61/500
[reader] generated 62/500
[reader] generated 63/500
[reader] generated 64/500
[reader] generated 65/500
[reader] generated 66/500
[reader] generated 67/500
[reader] generated 68/500
[reader] generated 69/500
[reader] generated 70/500
[reader] generated 71/500
[reader] generated 72/500
[reader] generated 73/500
[reader] generated 74/500
[reader] generated 75/500
[reader] generated 76/500
[reader] generated 77/500
[reader] generated 78/500
[reader] generated 79/500
[reader] generated 80/500
[reader] generated 81/500
[reader] generated 82/500
[reader] generated 83/500
[reader] generated 84/500
[reader] generated 85/500
[reader] generated 86/500
[reader] generated 87/500
[reader] generated 88/500
[reader] generated 89/500
[reader] generated 90/500
[reader] generated 91/500
[reader] generated 92/500
[reader] generated 93/500
[reader] generated 94/500
[reader] generated 95/500
[reader] generated 96/500
[reader] generated 97/500
[reader] generated 98/500
[reader] generated 99/500
[reader] generated 100/500
[reader] generated 101/500
[reader] generated 102/500
[reader] generated 103/500
[reader] generated 104/500
[reader] generated 105/500
[reader] generated 106/500
[reader] generated 107/500
[reader] generated 108/500
[reader] generated 109/500
[reader] generated 110/500
[reader] generated 111/500
[reader] generated 112/500
[reader] generated 113/500
[reader] generated 114/500
[reader] generated 115/500
[reader] generated 116/500
[reader] generated 117/500
[reader] generated 118/500
[reader] generated 119/500
[reader] generated 120/500
[reader] generated 121/500
[reader] generated 122/500
[reader] generated 123/500
[reader] generated 124/500
[reader] generated 125/500
[reader] generated 126/500
[reader] generated 127/500
[reader] generated 128/500
[reader] generated 129/500
[reader] generated 130/500
[reader] generated 131/500
[reader] generated 132/500
[reader] generated 133/500
[reader] generated 134/500
[reader] generated 135/500
[reader] generated 136/500
[reader] generated 137/500
[reader] generated 138/500
[reader] generated 139/500
[reader] generated 140/500
[reader] generated 141/500
[reader] generated 142/500
[reader] generated 143/500
[reader] generated 144/500
[reader] generated 145/500
[reader] generated 146/500
[reader] generated 147/500
[reader] generated 148/500
[reader] generated 149/500
[reader] generated 150/500
[reader] generated 151/500
[reader] generated 152/500
[reader] generated 153/500
[reader] generated 154/500
[reader] generated 155/500
[reader] generated 156/500
[reader] generated 157/500
[reader] generated 158/500
[reader] generated 159/500
[reader] generated 160/500
[reader] generated 161/500
[reader] generated 162/500
[reader] generated 163/500
[reader] generated 164/500
[reader] generated 165/500
[reader] generated 166/500
[reader] generated 167/500
[reader] generated 168/500
[reader] generated 169/500
[reader] generated 170/500
[reader] generated 171/500
[reader] generated 172/500
[reader] generated 173/500
[reader] generated 174/500
[reader] generated 175/500
[reader] generated 176/500
[reader] generated 177/500
[reader] generated 178/500
[reader] generated 179/500
[reader] generated 180/500
[reader] generated 181/500
[reader] generated 182/500
[reader] generated 183/500
[reader] generated 184/500
[reader] generated 185/500
[reader] generated 186/500
[reader] generated 187/500
[reader] generated 188/500
[reader] generated 189/500
[reader] generated 190/500
[reader] generated 191/500
[reader] generated 192/500
[reader] generated 193/500
[reader] generated 194/500
[reader] generated 195/500
[reader] generated 196/500
[reader] generated 197/500
[reader] generated 198/500
[reader] generated 199/500
[reader] generated 200/500
[reader] generated 201/500
[reader] generated 202/500
[reader] generated 203/500
[reader] generated 204/500
[reader] generated 205/500
[reader] generated 206/500
[reader] generated 207/500
[reader] generated 208/500
[reader] generated 209/500
[reader] generated 210/500
[reader] generated 211/500
[reader] generated 212/500
[reader] generated 213/500
[reader] generated 214/500
[reader] generated 215/500
[reader] generated 216/500
[reader] generated 217/500
[reader] generated 218/500
[reader] generated 219/500
[reader] generated 220/500
[reader] generated 221/500
[reader] generated 222/500
[reader] generated 223/500
[reader] generated 224/500
[reader] generated 225/500
[reader] generated 226/500
[reader] generated 227/500
[reader] generated 228/500
[reader] generated 229/500
[reader] generated 230/500
[reader] generated 231/500
[reader] generated 232/500
[reader] generated 233/500
[reader] generated 234/500
[reader] generated 235/500
[reader] generated 236/500
[reader] generated 237/500
[reader] generated 238/500
[reader] generated 239/500
[reader] generated 240/500
[reader] generated 241/500
[reader] generated 242/500
[reader] generated 243/500
[reader] generated 244/500
[reader] generated 245/500
[reader] generated 246/500
[reader] generated 247/500
[reader] generated 248/500
[reader] generated 249/500
[reader] generated 250/500
[reader] generated 251/500
[reader] generated 252/500
[reader] generated 253/500
[reader] generated 254/500
[reader] generated 255/500
[reader] generated 256/500
[reader] generated 257/500
[reader] generated 258/500
[reader] generated 259/500
[reader] generated 260/500
[reader] generated 261/500
[reader] generated 262/500
[reader] generated 263/500
[reader] generated 264/500
[reader] generated 265/500
[reader] generated 266/500
[reader] generated 267/500
[reader] generated 268/500
[reader] generated 269/500
[reader] generated 270/500
[reader] generated 271/500
[reader] generated 272/500
[reader] generated 273/500
[reader] generated 274/500
[reader] generated 275/500
[reader] generated 276/500
[reader] generated 277/500
[reader] generated 278/500
[reader] generated 279/500
[reader] generated 280/500
[reader] generated 281/500
[reader] generated 282/500
[reader] generated 283/500
[reader] generated 284/500
[reader] generated 285/500
[reader] generated 286/500
[reader] generated 287/500
[reader] generated 288/500
[reader] generated 289/500
[reader] generated 290/500
[reader] generated 291/500
[reader] generated 292/500
[reader] generated 293/500
[reader] generated 294/500
[reader] generated 295/500
[reader] generated 296/500
[reader] generated 297/500
[reader] generated 298/500
[reader] generated 299/500
[reader] generated 300/500
[reader] generated 301/500
[reader] generated 302/500
[reader] generated 303/500
[reader] generated 304/500
[reader] generated 305/500
[reader] generated 306/500
[reader] generated 307/500
[reader] generated 308/500
[reader] generated 309/500
[reader] generated 310/500
[reader] generated 311/500
[reader] generated 312/500
[reader] generated 313/500
[reader] generated 314/500
[reader] generated 315/500
[reader] generated 316/500
[reader] generated 317/500
[reader] generated 318/500
[reader] generated 319/500
[reader] generated 320/500
[reader] generated 321/500
[reader] generated 322/500
[reader] generated 323/500
[reader] generated 324/500
[reader] generated 325/500
[reader] generated 326/500
[reader] generated 327/500
[reader] generated 328/500
[reader] generated 329/500
[reader] generated 330/500
[reader] generated 331/500
[reader] generated 332/500
[reader] generated 333/500
[reader] generated 334/500
[reader] generated 335/500
[reader] generated 336/500
[reader] generated 337/500
[reader] generated 338/500
[reader] generated 339/500
[reader] generated 340/500
[reader] generated 341/500
[reader] generated 342/500
[reader] generated 343/500
[reader] generated 344/500
[reader] generated 345/500
[reader] generated 346/500
[reader] generated 347/500
[reader] generated 348/500
[reader] generated 349/500
[reader] generated 350/500
[reader] generated 351/500
[reader] generated 352/500
[reader] generated 353/500
[reader] generated 354/500
[reader] generated 355/500
[reader] generated 356/500
[reader] generated 357/500
[reader] generated 358/500
[reader] generated 359/500
[reader] generated 360/500
[reader] generated 361/500
[reader] generated 362/500
[reader] generated 363/500
[reader] generated 364/500
[reader] generated 365/500
[reader] generated 366/500
[reader] generated 367/500
[reader] generated 368/500
[reader] generated 369/500
[reader] generated 370/500
[reader] generated 371/500
[reader] generated 372/500
[reader] generated 373/500
[reader] generated 374/500
[reader] generated 375/500
[reader] generated 376/500
[reader] generated 377/500
[reader] generated 378/500
[reader] generated 379/500
[reader] generated 380/500
[reader] generated 381/500
[reader] generated 382/500
[reader] generated 383/500
[reader] generated 384/500
[reader] generated 385/500
[reader] generated 386/500
[reader] generated 387/500
[reader] generated 388/500
[reader] generated 389/500
[reader] generated 390/500
[reader] generated 391/500
[reader] generated 392/500
[reader] generated 393/500
[reader] generated 394/500
[reader] generated 395/500
[reader] generated 396/500
[reader] generated 397/500
[reader] generated 398/500
[reader] generated 399/500
[reader] generated 400/500
[reader] generated 401/500
[reader] generated 402/500
[reader] generated 403/500
[reader] generated 404/500
[reader] generated 405/500
[reader] generated 406/500
[reader] generated 407/500
[reader] generated 408/500
[reader] generated 409/500
[reader] generated 410/500
[reader] generated 411/500
[reader] generated 412/500
[reader] generated 413/500
[reader] generated 414/500
[reader] generated 415/500
[reader] generated 416/500
[reader] generated 417/500
[reader] generated 418/500
[reader] generated 419/500
[reader] generated 420/500
[reader] generated 421/500
[reader] generated 422/500
[reader] generated 423/500
[reader] generated 424/500
[reader] generated 425/500
[reader] generated 426/500
[reader] generated 427/500
[reader] generated 428/500
[reader] generated 429/500
[reader] generated 430/500
[reader] generated 431/500
[reader] generated 432/500
[reader] generated 433/500
[reader] generated 434/500
[reader] generated 435/500
[reader] generated 436/500
[reader] generated 437/500
[reader] generated 438/500
[reader] generated 439/500
[reader] generated 440/500
[reader] generated 441/500
[reader] generated 442/500
[reader] generated 443/500
[reader] generated 444/500
[reader] generated 445/500
[reader] generated 446/500
[reader] generated 447/500
[reader] generated 448/500
[reader] generated 449/500
[reader] generated 450/500
[reader] generated 451/500
[reader] generated 452/500
[reader] generated 453/500
[reader] generated 454/500
[reader] generated 455/500
[reader] generated 456/500
[reader] generated 457/500
[reader] generated 458/500
[reader] generated 459/500
[reader] generated 460/500
[reader] generated 461/500
[reader] generated 462/500
[reader] generated 463/500
[reader] generated 464/500
[reader] generated 465/500
[reader] generated 466/500
[reader] generated 467/500
[reader] generated 468/500
[reader] generated 469/500
[reader] generated 470/500
[reader] generated 471/500
[reader] generated 472/500
[reader] generated 473/500
[reader] generated 474/500
[reader] generated 475/500
[reader] generated 476/500
[reader] generated 477/500
[reader] generated 478/500
[reader] generated 479/500
[reader] generated 480/500
[reader] generated 481/500
[reader] generated 482/500
[reader] generated 483/500
[reader] generated 484/500
[reader] generated 485/500
[reader] generated 486/500
[reader] generated 487/500
[reader] generated 488/500
[reader] generated 489/500
[reader] generated 490/500
[reader] generated 491/500
[reader] generated 492/500
[reader] generated 493/500
[reader] generated 494/500
[reader] generated 495/500
[reader] generated 496/500
[reader] generated 497/500
[reader] generated 498/500
[reader] generated 499/500
[reader] generated 500/500
[density] policy=ace_submod_160, router_type=fixed, representation=ace, packer=submod, reader_model=Qwen/Qwen2.5-14B-Instruct, packed_token_budget=160, recall@1=0.409, all_gold@1=0.0, recall@2=0.665, all_gold@2=0.406, recall@5=0.847, all_gold@5=0.718, qwen_em=0.318, qwen_f1=0.4129, avg_reader_evidence_tokens=147.5, mean_ans_in_context=0.608, mean_gold_token_density=0.4286, mean_gold_doc_reader_cov=0.741, mean_all_gold_reader=0.532, mean_distractor_docs=2.33, mean_context_tokens=147.496, mean_n_snippets=4.586
[density] policy=router_oracle_packer, router_type=oracle, representation=mixed, packer=oracle, reader_model=Qwen/Qwen2.5-14B-Instruct, packed_token_budget=160, selection_counts={"ace_focused_160": 98, "ace_mmr_160": 28, "ace_submod_160": 76, "chunk_focused_160": 87, "chunk_mmr_160": 40, "chunk_submod_160": 171}, qwen_em=0.474, qwen_f1=0.5982, avg_reader_evidence_tokens=141.62, mean_ans_in_context=0.702, mean_gold_token_density=0.5275, mean_gold_doc_reader_cov=0.778, mean_all_gold_reader=0.59, mean_distractor_docs=1.816, mean_context_tokens=141.622, mean_n_snippets=3.924
wrote /kaggle/working/colab_results/stage11_density_packer_hotpotqa_reader14b_4bit_budget160_limit500_seed13/hotpotqa_density_standard_budget160_limit500_metrics.csv
wrote /kaggle/working/colab_results/stage11_density_packer_hotpotqa_reader14b_4bit_budget160_limit500_seed13/hotpotqa_density_standard_budget160_limit500_per_question.csv
=== control/main.py done: stage11 reader ladder; ok=['reader7b_4bit_seed42', 'reader7b_4bit_seed13', 'reader14b_4bit_seed42', 'reader14b_4bit_seed13'] failed=[] ===
