=== control/main.py: stage15-semantic-aic (stage15-semantic-aic-v1) ===
Copied extracted project /kaggle/input/datasets/anantonayan/dataset12 to /kaggle/working/ace_rag_research_v13_analysis
$ /usr/bin/python3 -m pip install -q -r requirements-cloud.txt
$ /usr/bin/python3 -m pip install -q bitsandbytes>=0.43.0
[overlay] applied 5 file(s) to /kaggle/working/ace_rag_research_v13_analysis: ['ace_rag/context_quality.py', 'ace_rag/datasets.py', 'ace_rag/evidence_packer.py', 'ace_rag/generator.py', 'experiments/run_density_router.py']
--- semantic AiC expertqa seed 42 ---
$ /usr/bin/python3 -m experiments.run_density_router --dataset ragbench --limit 500 --seed 42 --ace-retriever standard --top-k 5 --top-k-nodes 48 --max-expanded-docs 5 --embedder sentence-transformers --embedding-model BAAI/bge-small-en-v1.5 --embed-device cuda --compressor truncate --compress-dims 320 --reader-backend hf --reader-model Qwen/Qwen2.5-3B-Instruct --reader-device cuda --reader-batch-size 2 --mmr-lambda 0.7 --budget 160 --out-dir /kaggle/working/colab_results/stage15_semanticaic_expertqa_qwen3b_budget160_seed42 --split test --ragbench-subset expertqa --semantic-aic --nli-model cross-encoder/nli-deberta-v3-small --nli-batch-size 32

Generating train split:   0%|          | 0/1621 [00:00<?, ? examples/s]
Generating train split:  62%|██████▏   | 1000/1621 [00:00<00:00, 7525.66 examples/s]
Generating train split: 100%|██████████| 1621/1621 [00:00<00:00, 11176.59 examples/s]

Generating validation split:   0%|          | 0/203 [00:00<?, ? examples/s]
Generating validation split: 100%|██████████| 203/203 [00:00<00:00, 10872.04 examples/s]

Generating test split:   0%|          | 0/203 [00:00<?, ? examples/s]
Generating test split: 100%|██████████| 203/203 [00:00<00:00, 9877.42 examples/s]
ragbench[test:203]: 814 docs, 203 questions, 4.01 gold docs/question
[density] retrieving chunk baseline
[chunk] fitting/indexing
[embed] encoding 814 texts on device=cuda:0

Batches:   0%|          | 0/13 [00:00<?, ?it/s]
Batches:   8%|▊         | 1/13 [00:01<00:13,  1.15s/it]
Batches:  15%|█▌        | 2/13 [00:01<00:09,  1.12it/s]
Batches:  23%|██▎       | 3/13 [00:02<00:07,  1.34it/s]
Batches:  31%|███       | 4/13 [00:02<00:05,  1.73it/s]
Batches:  38%|███▊      | 5/13 [00:03<00:04,  1.95it/s]
Batches:  46%|████▌     | 6/13 [00:03<00:03,  2.29it/s]
Batches:  54%|█████▍    | 7/13 [00:03<00:02,  2.39it/s]
Batches:  62%|██████▏   | 8/13 [00:04<00:01,  2.77it/s]
Batches:  69%|██████▉   | 9/13 [00:04<00:01,  3.14it/s]
Batches:  77%|███████▋  | 10/13 [00:04<00:00,  3.48it/s]
Batches:  85%|████████▍ | 11/13 [00:04<00:00,  3.78it/s]
Batches:  92%|█████████▏| 12/13 [00:04<00:00,  4.22it/s]
Batches: 100%|██████████| 13/13 [00:05<00:00,  4.97it/s]
Batches: 100%|██████████| 13/13 [00:05<00:00,  2.60it/s]
[chunk] retrieving
[embed] encoding 203 texts on device=cuda:0

Batches:   0%|          | 0/4 [00:00<?, ?it/s]
Batches:  50%|█████     | 2/4 [00:00<00:00, 17.75it/s]
Batches: 100%|██████████| 4/4 [00:00<00:00, 26.85it/s]
[density] retrieving ACE graph
[ace] building evidence graph
[ace] graph built: nodes=22817 edges=32553
[ace] fitting/indexing embeddings
[embed] encoding 22003 texts on device=cuda:0

Batches:   0%|          | 0/344 [00:00<?, ?it/s]
Batches:   0%|          | 1/344 [00:00<03:51,  1.48it/s]
Batches:   1%|          | 2/344 [00:01<02:45,  2.07it/s]
Batches:   1%|          | 3/344 [00:01<02:04,  2.75it/s]
Batches:   1%|          | 4/344 [00:01<01:43,  3.30it/s]
Batches:   1%|▏         | 5/344 [00:01<01:30,  3.73it/s]
Batches:   2%|▏         | 6/344 [00:01<01:19,  4.24it/s]
Batches:   2%|▏         | 7/344 [00:01<01:10,  4.76it/s]
Batches:   2%|▏         | 8/344 [00:02<01:04,  5.24it/s]
Batches:   3%|▎         | 9/344 [00:02<00:59,  5.64it/s]
Batches:   3%|▎         | 10/344 [00:02<00:54,  6.10it/s]
Batches:   3%|▎         | 11/344 [00:02<00:48,  6.83it/s]
Batches:   3%|▎         | 12/344 [00:02<00:45,  7.29it/s]
Batches:   4%|▍         | 13/344 [00:02<00:42,  7.82it/s]
Batches:   4%|▍         | 14/344 [00:02<00:40,  8.17it/s]
Batches:   4%|▍         | 15/344 [00:02<00:38,  8.46it/s]
Batches:   5%|▍         | 16/344 [00:03<00:37,  8.75it/s]
Batches:   5%|▌         | 18/344 [00:03<00:34,  9.43it/s]
Batches:   6%|▌         | 20/344 [00:03<00:31, 10.24it/s]
Batches:   6%|▋         | 22/344 [00:03<00:30, 10.47it/s]
Batches:   7%|▋         | 24/344 [00:03<00:29, 10.75it/s]
Batches:   8%|▊         | 26/344 [00:03<00:29, 10.89it/s]
Batches:   8%|▊         | 28/344 [00:04<00:26, 11.85it/s]
Batches:   9%|▊         | 30/344 [00:04<00:26, 12.00it/s]
Batches:   9%|▉         | 32/344 [00:04<00:24, 12.54it/s]
Batches:  10%|▉         | 34/344 [00:04<00:24, 12.46it/s]
Batches:  10%|█         | 36/344 [00:04<00:22, 13.61it/s]
Batches:  11%|█         | 38/344 [00:04<00:22, 13.77it/s]
Batches:  12%|█▏        | 40/344 [00:04<00:22, 13.56it/s]
Batches:  12%|█▏        | 42/344 [00:05<00:21, 13.79it/s]
Batches:  13%|█▎        | 44/344 [00:05<00:20, 14.46it/s]
Batches:  13%|█▎        | 46/344 [00:05<00:20, 14.62it/s]
Batches:  14%|█▍        | 48/344 [00:05<00:19, 15.06it/s]
Batches:  15%|█▍        | 50/344 [00:05<00:18, 15.49it/s]
Batches:  15%|█▌        | 52/344 [00:05<00:17, 16.35it/s]
Batches:  16%|█▌        | 54/344 [00:05<00:17, 16.40it/s]
Batches:  16%|█▋        | 56/344 [00:05<00:18, 15.83it/s]
Batches:  17%|█▋        | 58/344 [00:06<00:17, 16.68it/s]
Batches:  17%|█▋        | 60/344 [00:06<00:16, 16.79it/s]
Batches:  18%|█▊        | 62/344 [00:06<00:16, 17.33it/s]
Batches:  19%|█▊        | 64/344 [00:06<00:15, 17.67it/s]
Batches:  19%|█▉        | 66/344 [00:06<00:15, 18.00it/s]
Batches:  20%|█▉        | 68/344 [00:06<00:15, 17.73it/s]
Batches:  20%|██        | 70/344 [00:06<00:15, 18.00it/s]
Batches:  21%|██        | 73/344 [00:06<00:14, 18.76it/s]
Batches:  22%|██▏       | 75/344 [00:07<00:14, 18.44it/s]
Batches:  23%|██▎       | 78/344 [00:07<00:13, 19.52it/s]
Batches:  24%|██▎       | 81/344 [00:07<00:13, 19.54it/s]
Batches:  24%|██▍       | 83/344 [00:07<00:13, 19.33it/s]
Batches:  25%|██▌       | 86/344 [00:07<00:12, 20.52it/s]
Batches:  26%|██▌       | 89/344 [00:07<00:12, 19.91it/s]
Batches:  27%|██▋       | 92/344 [00:07<00:12, 20.91it/s]
Batches:  28%|██▊       | 95/344 [00:07<00:11, 21.37it/s]
Batches:  28%|██▊       | 98/344 [00:08<00:11, 21.21it/s]
Batches:  29%|██▉       | 101/344 [00:08<00:10, 22.62it/s]
Batches:  30%|███       | 104/344 [00:08<00:10, 23.19it/s]
Batches:  31%|███       | 107/344 [00:08<00:10, 23.04it/s]
Batches:  32%|███▏      | 110/344 [00:08<00:09, 23.68it/s]
Batches:  33%|███▎      | 113/344 [00:08<00:10, 22.91it/s]
Batches:  34%|███▎      | 116/344 [00:08<00:09, 23.29it/s]
Batches:  35%|███▍      | 119/344 [00:08<00:09, 23.35it/s]
Batches:  35%|███▌      | 122/344 [00:09<00:09, 24.17it/s]
Batches:  36%|███▋      | 125/344 [00:09<00:08, 25.29it/s]
Batches:  37%|███▋      | 128/344 [00:09<00:08, 25.43it/s]
Batches:  38%|███▊      | 131/344 [00:09<00:08, 25.50it/s]
Batches:  39%|███▉      | 134/344 [00:09<00:08, 24.34it/s]
Batches:  40%|███▉      | 137/344 [00:09<00:08, 23.12it/s]
Batches:  41%|████      | 140/344 [00:09<00:08, 22.94it/s]
Batches:  42%|████▏     | 143/344 [00:09<00:08, 24.44it/s]
Batches:  42%|████▏     | 146/344 [00:10<00:07, 25.46it/s]
Batches:  44%|████▎     | 150/344 [00:10<00:06, 27.76it/s]
Batches:  44%|████▍     | 153/344 [00:10<00:06, 28.04it/s]
Batches:  45%|████▌     | 156/344 [00:10<00:06, 27.93it/s]
Batches:  47%|████▋     | 160/344 [00:10<00:06, 28.99it/s]
Batches:  48%|████▊     | 164/344 [00:10<00:06, 29.57it/s]
Batches:  49%|████▉     | 168/344 [00:10<00:05, 30.53it/s]
Batches:  50%|█████     | 172/344 [00:10<00:05, 32.63it/s]
Batches:  51%|█████     | 176/344 [00:11<00:05, 31.43it/s]
Batches:  52%|█████▏    | 180/344 [00:11<00:05, 31.16it/s]
Batches:  53%|█████▎    | 184/344 [00:11<00:04, 33.41it/s]
Batches:  55%|█████▍    | 188/344 [00:11<00:04, 32.84it/s]
Batches:  56%|█████▌    | 193/344 [00:11<00:04, 35.19it/s]
Batches:  58%|█████▊    | 198/344 [00:11<00:03, 37.58it/s]
Batches:  59%|█████▉    | 203/344 [00:11<00:03, 40.62it/s]
Batches:  61%|██████    | 209/344 [00:11<00:03, 43.78it/s]
Batches:  62%|██████▎   | 215/344 [00:11<00:02, 47.37it/s]
Batches:  65%|██████▍   | 222/344 [00:12<00:02, 52.19it/s]
Batches:  67%|██████▋   | 229/344 [00:12<00:02, 56.40it/s]
Batches:  69%|██████▉   | 237/344 [00:12<00:01, 62.14it/s]
Batches:  71%|███████   | 245/344 [00:12<00:01, 66.68it/s]
Batches:  74%|███████▍  | 254/344 [00:12<00:01, 71.69it/s]
Batches:  76%|███████▋  | 263/344 [00:12<00:01, 76.51it/s]
Batches:  79%|███████▉  | 272/344 [00:12<00:00, 80.35it/s]
Batches:  82%|████████▏ | 282/344 [00:12<00:00, 84.64it/s]
Batches:  85%|████████▍ | 292/344 [00:12<00:00, 87.73it/s]
Batches:  88%|████████▊ | 302/344 [00:12<00:00, 91.20it/s]
Batches:  91%|█████████ | 312/344 [00:13<00:00, 93.21it/s]
Batches:  94%|█████████▎| 322/344 [00:13<00:00, 94.26it/s]
Batches:  97%|█████████▋| 332/344 [00:13<00:00, 94.65it/s]
Batches:  99%|█████████▉| 342/344 [00:13<00:00, 94.47it/s]
Batches: 100%|██████████| 344/344 [00:13<00:00, 25.60it/s]
[ace] retrieving
[embed] encoding 203 texts on device=cuda:0

Batches:   0%|          | 0/4 [00:00<?, ?it/s]
Batches:  50%|█████     | 2/4 [00:00<00:00, 18.02it/s]
Batches: 100%|██████████| 4/4 [00:00<00:00, 27.15it/s]
[density] loading reader once
`torch_dtype` is deprecated! Use `dtype` instead!

Loading checkpoint shards:   0%|          | 0/2 [00:00<?, ?it/s]
Loading checkpoint shards:  50%|█████     | 1/2 [00:02<00:02,  2.47s/it]
Loading checkpoint shards: 100%|██████████| 2/2 [00:03<00:00,  1.83s/it]
Loading checkpoint shards: 100%|██████████| 2/2 [00:03<00:00,  1.92s/it]
[reader] loaded Qwen/Qwen2.5-3B-Instruct (device_map=None, 4bit=False) entry=cuda:0
[density] materializing policy=chunk_packed_160
[density] generating policy=chunk_packed_160
The following generation flags are not valid and may be ignored: ['temperature', 'top_p', 'top_k']. Set `TRANSFORMERS_VERBOSITY=info` for more details.
[reader] generated 2/203
[reader] generated 4/203
[reader] generated 6/203
[reader] generated 8/203
[reader] generated 10/203
[reader] generated 12/203
[reader] generated 14/203
[reader] generated 16/203
[reader] generated 18/203
[reader] generated 20/203
[reader] generated 22/203
[reader] generated 24/203
[reader] generated 26/203
[reader] generated 28/203
[reader] generated 30/203
[reader] generated 32/203
[reader] generated 34/203
[reader] generated 36/203
[reader] generated 38/203
[reader] generated 40/203
[reader] generated 42/203
[reader] generated 44/203
[reader] generated 46/203
[reader] generated 48/203
[reader] generated 50/203
[reader] generated 52/203
[reader] generated 54/203
[reader] generated 56/203
[reader] generated 58/203
[reader] generated 60/203
[reader] generated 62/203
[reader] generated 64/203
[reader] generated 66/203
[reader] generated 68/203
[reader] generated 70/203
[reader] generated 72/203
[reader] generated 74/203
[reader] generated 76/203
[reader] generated 78/203
[reader] generated 80/203
[reader] generated 82/203
[reader] generated 84/203
[reader] generated 86/203
[reader] generated 88/203
[reader] generated 90/203
[reader] generated 92/203
[reader] generated 94/203
[reader] generated 96/203
[reader] generated 98/203
[reader] generated 100/203
[reader] generated 102/203
[reader] generated 104/203
[reader] generated 106/203
[reader] generated 108/203
[reader] generated 110/203
[reader] generated 112/203
[reader] generated 114/203
[reader] generated 116/203
[reader] generated 118/203
[reader] generated 120/203
[reader] generated 122/203
[reader] generated 124/203
[reader] generated 126/203
[reader] generated 128/203
[reader] generated 130/203
[reader] generated 132/203
[reader] generated 134/203
[reader] generated 136/203
[reader] generated 138/203
[reader] generated 140/203
[reader] generated 142/203
[reader] generated 144/203
[reader] generated 146/203
[reader] generated 148/203
[reader] generated 150/203
[reader] generated 152/203
[reader] generated 154/203
[reader] generated 156/203
[reader] generated 158/203
[reader] generated 160/203
[reader] generated 162/203
[reader] generated 164/203
[reader] generated 166/203
[reader] generated 168/203
[reader] generated 170/203
[reader] generated 172/203
[reader] generated 174/203
[reader] generated 176/203
[reader] generated 178/203
[reader] generated 180/203
[reader] generated 182/203
[reader] generated 184/203
[reader] generated 186/203
[reader] generated 188/203
[reader] generated 190/203
[reader] generated 192/203
[reader] generated 194/203
[reader] generated 196/203
[reader] generated 198/203
[reader] generated 200/203
[reader] generated 202/203
[reader] generated 203/203
[density] policy=chunk_packed_160, router_type=fixed, representation=chunk, packer=packed, reader_model=Qwen/Qwen2.5-3B-Instruct, packed_token_budget=160, recall@1=0.3219, all_gold@1=0.0887, recall@2=0.5385, all_gold@2=0.197, recall@5=0.7838, all_gold@5=0.5714, qwen_em=0.0, qwen_f1=0.0233, avg_reader_evidence_tokens=153.09, mean_ans_in_context=0.0, mean_ans_in_context_soft=0.2575, mean_gold_token_density=0.5868, mean_gold_doc_reader_cov=0.416, mean_all_gold_reader=0.0837, mean_distractor_docs=1.0443, mean_context_tokens=153.0936, mean_n_snippets=2.601
[density] materializing policy=chunk_focused_160
[density] generating policy=chunk_focused_160
[reader] generated 2/203
[reader] generated 4/203
[reader] generated 6/203
[reader] generated 8/203
[reader] generated 10/203
[reader] generated 12/203
[reader] generated 14/203
[reader] generated 16/203
[reader] generated 18/203
[reader] generated 20/203
[reader] generated 22/203
[reader] generated 24/203
[reader] generated 26/203
[reader] generated 28/203
[reader] generated 30/203
[reader] generated 32/203
[reader] generated 34/203
[reader] generated 36/203
[reader] generated 38/203
[reader] generated 40/203
[reader] generated 42/203
[reader] generated 44/203
[reader] generated 46/203
[reader] generated 48/203
[reader] generated 50/203
[reader] generated 52/203
[reader] generated 54/203
[reader] generated 56/203
[reader] generated 58/203
[reader] generated 60/203
[reader] generated 62/203
[reader] generated 64/203
[reader] generated 66/203
[reader] generated 68/203
[reader] generated 70/203
[reader] generated 72/203
[reader] generated 74/203
[reader] generated 76/203
[reader] generated 78/203
[reader] generated 80/203
[reader] generated 82/203
[reader] generated 84/203
[reader] generated 86/203
[reader] generated 88/203
[reader] generated 90/203
[reader] generated 92/203
[reader] generated 94/203
[reader] generated 96/203
[reader] generated 98/203
[reader] generated 100/203
[reader] generated 102/203
[reader] generated 104/203
[reader] generated 106/203
[reader] generated 108/203
[reader] generated 110/203
[reader] generated 112/203
[reader] generated 114/203
[reader] generated 116/203
[reader] generated 118/203
[reader] generated 120/203
[reader] generated 122/203
[reader] generated 124/203
[reader] generated 126/203
[reader] generated 128/203
[reader] generated 130/203
[reader] generated 132/203
[reader] generated 134/203
[reader] generated 136/203
[reader] generated 138/203
[reader] generated 140/203
[reader] generated 142/203
[reader] generated 144/203
[reader] generated 146/203
[reader] generated 148/203
[reader] generated 150/203
[reader] generated 152/203
[reader] generated 154/203
[reader] generated 156/203
[reader] generated 158/203
[reader] generated 160/203
[reader] generated 162/203
[reader] generated 164/203
[reader] generated 166/203
[reader] generated 168/203
[reader] generated 170/203
[reader] generated 172/203
[reader] generated 174/203
[reader] generated 176/203
[reader] generated 178/203
[reader] generated 180/203
[reader] generated 182/203
[reader] generated 184/203
[reader] generated 186/203
[reader] generated 188/203
[reader] generated 190/203
[reader] generated 192/203
[reader] generated 194/203
[reader] generated 196/203
[reader] generated 198/203
[reader] generated 200/203
[reader] generated 202/203
[reader] generated 203/203
[density] policy=chunk_focused_160, router_type=fixed, representation=chunk, packer=focused, reader_model=Qwen/Qwen2.5-3B-Instruct, packed_token_budget=160, recall@1=0.3219, all_gold@1=0.0887, recall@2=0.5385, all_gold@2=0.197, recall@5=0.7838, all_gold@5=0.5714, qwen_em=0.0, qwen_f1=0.0304, avg_reader_evidence_tokens=154.53, mean_ans_in_context=0.0, mean_ans_in_context_soft=0.2877, mean_gold_token_density=0.6687, mean_gold_doc_reader_cov=0.4651, mean_all_gold_reader=0.1379, mean_distractor_docs=0.7833, mean_context_tokens=154.5271, mean_n_snippets=2.4532
[density] materializing policy=chunk_mmr_160
[density] generating policy=chunk_mmr_160
[reader] generated 2/203
[reader] generated 4/203
[reader] generated 6/203
[reader] generated 8/203
[reader] generated 10/203
[reader] generated 12/203
[reader] generated 14/203
[reader] generated 16/203
[reader] generated 18/203
[reader] generated 20/203
[reader] generated 22/203
[reader] generated 24/203
[reader] generated 26/203
[reader] generated 28/203
[reader] generated 30/203
[reader] generated 32/203
[reader] generated 34/203
[reader] generated 36/203
[reader] generated 38/203
[reader] generated 40/203
[reader] generated 42/203
[reader] generated 44/203
[reader] generated 46/203
[reader] generated 48/203
[reader] generated 50/203
[reader] generated 52/203
[reader] generated 54/203
[reader] generated 56/203
[reader] generated 58/203
[reader] generated 60/203
[reader] generated 62/203
[reader] generated 64/203
[reader] generated 66/203
[reader] generated 68/203
[reader] generated 70/203
[reader] generated 72/203
[reader] generated 74/203
[reader] generated 76/203
[reader] generated 78/203
[reader] generated 80/203
[reader] generated 82/203
[reader] generated 84/203
[reader] generated 86/203
[reader] generated 88/203
[reader] generated 90/203
[reader] generated 92/203
[reader] generated 94/203
[reader] generated 96/203
[reader] generated 98/203
[reader] generated 100/203
[reader] generated 102/203
[reader] generated 104/203
[reader] generated 106/203
[reader] generated 108/203
[reader] generated 110/203
[reader] generated 112/203
[reader] generated 114/203
[reader] generated 116/203
[reader] generated 118/203
[reader] generated 120/203
[reader] generated 122/203
[reader] generated 124/203
[reader] generated 126/203
[reader] generated 128/203
[reader] generated 130/203
[reader] generated 132/203
[reader] generated 134/203
[reader] generated 136/203
[reader] generated 138/203
[reader] generated 140/203
[reader] generated 142/203
[reader] generated 144/203
[reader] generated 146/203
[reader] generated 148/203
[reader] generated 150/203
[reader] generated 152/203
[reader] generated 154/203
[reader] generated 156/203
[reader] generated 158/203
[reader] generated 160/203
[reader] generated 162/203
[reader] generated 164/203
[reader] generated 166/203
[reader] generated 168/203
[reader] generated 170/203
[reader] generated 172/203
[reader] generated 174/203
[reader] generated 176/203
[reader] generated 178/203
[reader] generated 180/203
[reader] generated 182/203
[reader] generated 184/203
[reader] generated 186/203
[reader] generated 188/203
[reader] generated 190/203
[reader] generated 192/203
[reader] generated 194/203
[reader] generated 196/203
[reader] generated 198/203
[reader] generated 200/203
[reader] generated 202/203
[reader] generated 203/203
[density] policy=chunk_mmr_160, router_type=fixed, representation=chunk, packer=mmr, reader_model=Qwen/Qwen2.5-3B-Instruct, packed_token_budget=160, recall@1=0.3219, all_gold@1=0.0887, recall@2=0.5385, all_gold@2=0.197, recall@5=0.7838, all_gold@5=0.5714, qwen_em=0.0, qwen_f1=0.0261, avg_reader_evidence_tokens=153.75, mean_ans_in_context=0.0, mean_ans_in_context_soft=0.2644, mean_gold_token_density=0.6097, mean_gold_doc_reader_cov=0.3542, mean_all_gold_reader=0.0739, mean_distractor_docs=0.7882, mean_context_tokens=153.7537, mean_n_snippets=2.3744
[density] materializing policy=chunk_submod_160
[density] generating policy=chunk_submod_160
[reader] generated 2/203
[reader] generated 4/203
[reader] generated 6/203
[reader] generated 8/203
[reader] generated 10/203
[reader] generated 12/203
[reader] generated 14/203
[reader] generated 16/203
[reader] generated 18/203
[reader] generated 20/203
[reader] generated 22/203
[reader] generated 24/203
[reader] generated 26/203
[reader] generated 28/203
[reader] generated 30/203
[reader] generated 32/203
[reader] generated 34/203
[reader] generated 36/203
[reader] generated 38/203
[reader] generated 40/203
[reader] generated 42/203
[reader] generated 44/203
[reader] generated 46/203
[reader] generated 48/203
[reader] generated 50/203
[reader] generated 52/203
[reader] generated 54/203
[reader] generated 56/203
[reader] generated 58/203
[reader] generated 60/203
[reader] generated 62/203
[reader] generated 64/203
[reader] generated 66/203
[reader] generated 68/203
[reader] generated 70/203
[reader] generated 72/203
[reader] generated 74/203
[reader] generated 76/203
[reader] generated 78/203
[reader] generated 80/203
[reader] generated 82/203
[reader] generated 84/203
[reader] generated 86/203
[reader] generated 88/203
[reader] generated 90/203
[reader] generated 92/203
[reader] generated 94/203
[reader] generated 96/203
[reader] generated 98/203
[reader] generated 100/203
[reader] generated 102/203
[reader] generated 104/203
[reader] generated 106/203
[reader] generated 108/203
[reader] generated 110/203
[reader] generated 112/203
[reader] generated 114/203
[reader] generated 116/203
[reader] generated 118/203
[reader] generated 120/203
[reader] generated 122/203
[reader] generated 124/203
[reader] generated 126/203
[reader] generated 128/203
[reader] generated 130/203
[reader] generated 132/203
[reader] generated 134/203
[reader] generated 136/203
[reader] generated 138/203
[reader] generated 140/203
[reader] generated 142/203
[reader] generated 144/203
[reader] generated 146/203
[reader] generated 148/203
[reader] generated 150/203
[reader] generated 152/203
[reader] generated 154/203
[reader] generated 156/203
[reader] generated 158/203
[reader] generated 160/203
[reader] generated 162/203
[reader] generated 164/203
[reader] generated 166/203
[reader] generated 168/203
[reader] generated 170/203
[reader] generated 172/203
[reader] generated 174/203
[reader] generated 176/203
[reader] generated 178/203
[reader] generated 180/203
[reader] generated 182/203
[reader] generated 184/203
[reader] generated 186/203
[reader] generated 188/203
[reader] generated 190/203
[reader] generated 192/203
[reader] generated 194/203
[reader] generated 196/203
[reader] generated 198/203
[reader] generated 200/203
[reader] generated 202/203
[reader] generated 203/203
[density] policy=chunk_submod_160, router_type=fixed, representation=chunk, packer=submod, reader_model=Qwen/Qwen2.5-3B-Instruct, packed_token_budget=160, recall@1=0.3219, all_gold@1=0.0887, recall@2=0.5385, all_gold@2=0.197, recall@5=0.7838, all_gold@5=0.5714, qwen_em=0.0, qwen_f1=0.0358, avg_reader_evidence_tokens=148.13, mean_ans_in_context=0.0, mean_ans_in_context_soft=0.2705, mean_gold_token_density=0.6553, mean_gold_doc_reader_cov=0.596, mean_all_gold_reader=0.2414, mean_distractor_docs=1.3399, mean_context_tokens=148.133, mean_n_snippets=4.5764
[density] materializing policy=ace_focused_160
[density] generating policy=ace_focused_160
[reader] generated 2/203
[reader] generated 4/203
[reader] generated 6/203
[reader] generated 8/203
[reader] generated 10/203
[reader] generated 12/203
[reader] generated 14/203
[reader] generated 16/203
[reader] generated 18/203
[reader] generated 20/203
[reader] generated 22/203
[reader] generated 24/203
[reader] generated 26/203
[reader] generated 28/203
[reader] generated 30/203
[reader] generated 32/203
[reader] generated 34/203
[reader] generated 36/203
[reader] generated 38/203
[reader] generated 40/203
[reader] generated 42/203
[reader] generated 44/203
[reader] generated 46/203
[reader] generated 48/203
[reader] generated 50/203
[reader] generated 52/203
[reader] generated 54/203
[reader] generated 56/203
[reader] generated 58/203
[reader] generated 60/203
[reader] generated 62/203
[reader] generated 64/203
[reader] generated 66/203
[reader] generated 68/203
[reader] generated 70/203
[reader] generated 72/203
[reader] generated 74/203
[reader] generated 76/203
[reader] generated 78/203
[reader] generated 80/203
[reader] generated 82/203
[reader] generated 84/203
[reader] generated 86/203
[reader] generated 88/203
[reader] generated 90/203
[reader] generated 92/203
[reader] generated 94/203
[reader] generated 96/203
[reader] generated 98/203
[reader] generated 100/203
[reader] generated 102/203
[reader] generated 104/203
[reader] generated 106/203
[reader] generated 108/203
[reader] generated 110/203
[reader] generated 112/203
[reader] generated 114/203
[reader] generated 116/203
[reader] generated 118/203
[reader] generated 120/203
[reader] generated 122/203
[reader] generated 124/203
[reader] generated 126/203
[reader] generated 128/203
[reader] generated 130/203
[reader] generated 132/203
[reader] generated 134/203
[reader] generated 136/203
[reader] generated 138/203
[reader] generated 140/203
[reader] generated 142/203
[reader] generated 144/203
[reader] generated 146/203
[reader] generated 148/203
[reader] generated 150/203
[reader] generated 152/203
[reader] generated 154/203
[reader] generated 156/203
[reader] generated 158/203
[reader] generated 160/203
[reader] generated 162/203
[reader] generated 164/203
[reader] generated 166/203
[reader] generated 168/203
[reader] generated 170/203
[reader] generated 172/203
[reader] generated 174/203
[reader] generated 176/203
[reader] generated 178/203
[reader] generated 180/203
[reader] generated 182/203
[reader] generated 184/203
[reader] generated 186/203
[reader] generated 188/203
[reader] generated 190/203
[reader] generated 192/203
[reader] generated 194/203
[reader] generated 196/203
[reader] generated 198/203
[reader] generated 200/203
[reader] generated 202/203
[reader] generated 203/203
[density] policy=ace_focused_160, router_type=fixed, representation=ace, packer=focused, reader_model=Qwen/Qwen2.5-3B-Instruct, packed_token_budget=160, recall@1=0.3011, all_gold@1=0.0788, recall@2=0.4819, all_gold@2=0.1527, recall@5=0.7196, all_gold@5=0.4778, qwen_em=0.0, qwen_f1=0.0339, avg_reader_evidence_tokens=154.98, mean_ans_in_context=0.0, mean_ans_in_context_soft=0.2917, mean_gold_token_density=0.6892, mean_gold_doc_reader_cov=0.5398, mean_all_gold_reader=0.1872, mean_distractor_docs=1.197, mean_context_tokens=154.9803, mean_n_snippets=3.7291
[density] materializing policy=ace_mmr_160
[density] generating policy=ace_mmr_160
[reader] generated 2/203
[reader] generated 4/203
[reader] generated 6/203
[reader] generated 8/203
[reader] generated 10/203
[reader] generated 12/203
[reader] generated 14/203
[reader] generated 16/203
[reader] generated 18/203
[reader] generated 20/203
[reader] generated 22/203
[reader] generated 24/203
[reader] generated 26/203
[reader] generated 28/203
[reader] generated 30/203
[reader] generated 32/203
[reader] generated 34/203
[reader] generated 36/203
[reader] generated 38/203
[reader] generated 40/203
[reader] generated 42/203
[reader] generated 44/203
[reader] generated 46/203
[reader] generated 48/203
[reader] generated 50/203
[reader] generated 52/203
[reader] generated 54/203
[reader] generated 56/203
[reader] generated 58/203
[reader] generated 60/203
[reader] generated 62/203
[reader] generated 64/203
[reader] generated 66/203
[reader] generated 68/203
[reader] generated 70/203
[reader] generated 72/203
[reader] generated 74/203
[reader] generated 76/203
[reader] generated 78/203
[reader] generated 80/203
[reader] generated 82/203
[reader] generated 84/203
[reader] generated 86/203
[reader] generated 88/203
[reader] generated 90/203
[reader] generated 92/203
[reader] generated 94/203
[reader] generated 96/203
[reader] generated 98/203
[reader] generated 100/203
[reader] generated 102/203
[reader] generated 104/203
[reader] generated 106/203
[reader] generated 108/203
[reader] generated 110/203
[reader] generated 112/203
[reader] generated 114/203
[reader] generated 116/203
[reader] generated 118/203
[reader] generated 120/203
[reader] generated 122/203
[reader] generated 124/203
[reader] generated 126/203
[reader] generated 128/203
[reader] generated 130/203
[reader] generated 132/203
[reader] generated 134/203
[reader] generated 136/203
[reader] generated 138/203
[reader] generated 140/203
[reader] generated 142/203
[reader] generated 144/203
[reader] generated 146/203
[reader] generated 148/203
[reader] generated 150/203
[reader] generated 152/203
[reader] generated 154/203
[reader] generated 156/203
[reader] generated 158/203
[reader] generated 160/203
[reader] generated 162/203
[reader] generated 164/203
[reader] generated 166/203
[reader] generated 168/203
[reader] generated 170/203
[reader] generated 172/203
[reader] generated 174/203
[reader] generated 176/203
[reader] generated 178/203
[reader] generated 180/203
[reader] generated 182/203
[reader] generated 184/203
[reader] generated 186/203
[reader] generated 188/203
[reader] generated 190/203
[reader] generated 192/203
[reader] generated 194/203
[reader] generated 196/203
[reader] generated 198/203
[reader] generated 200/203
[reader] generated 202/203
[reader] generated 203/203
[density] policy=ace_mmr_160, router_type=fixed, representation=ace, packer=mmr, reader_model=Qwen/Qwen2.5-3B-Instruct, packed_token_budget=160, recall@1=0.3011, all_gold@1=0.0788, recall@2=0.4819, all_gold@2=0.1527, recall@5=0.7196, all_gold@5=0.4778, qwen_em=0.0, qwen_f1=0.0351, avg_reader_evidence_tokens=153.8, mean_ans_in_context=0.0, mean_ans_in_context_soft=0.2838, mean_gold_token_density=0.7092, mean_gold_doc_reader_cov=0.5002, mean_all_gold_reader=0.1724, mean_distractor_docs=1.0, mean_context_tokens=153.803, mean_n_snippets=3.7783
[density] materializing policy=ace_submod_160
[density] generating policy=ace_submod_160
[reader] generated 2/203
[reader] generated 4/203
[reader] generated 6/203
[reader] generated 8/203
[reader] generated 10/203
[reader] generated 12/203
[reader] generated 14/203
[reader] generated 16/203
[reader] generated 18/203
[reader] generated 20/203
[reader] generated 22/203
[reader] generated 24/203
[reader] generated 26/203
[reader] generated 28/203
[reader] generated 30/203
[reader] generated 32/203
[reader] generated 34/203
[reader] generated 36/203
[reader] generated 38/203
[reader] generated 40/203
[reader] generated 42/203
[reader] generated 44/203
[reader] generated 46/203
[reader] generated 48/203
[reader] generated 50/203
[reader] generated 52/203
[reader] generated 54/203
[reader] generated 56/203
[reader] generated 58/203
[reader] generated 60/203
[reader] generated 62/203
[reader] generated 64/203
[reader] generated 66/203
[reader] generated 68/203
[reader] generated 70/203
[reader] generated 72/203
[reader] generated 74/203
[reader] generated 76/203
[reader] generated 78/203
[reader] generated 80/203
[reader] generated 82/203
[reader] generated 84/203
[reader] generated 86/203
[reader] generated 88/203
[reader] generated 90/203
[reader] generated 92/203
[reader] generated 94/203
[reader] generated 96/203
[reader] generated 98/203
[reader] generated 100/203
[reader] generated 102/203
[reader] generated 104/203
[reader] generated 106/203
[reader] generated 108/203
[reader] generated 110/203
[reader] generated 112/203
[reader] generated 114/203
[reader] generated 116/203
[reader] generated 118/203
[reader] generated 120/203
[reader] generated 122/203
[reader] generated 124/203
[reader] generated 126/203
[reader] generated 128/203
[reader] generated 130/203
[reader] generated 132/203
[reader] generated 134/203
[reader] generated 136/203
[reader] generated 138/203
[reader] generated 140/203
[reader] generated 142/203
[reader] generated 144/203
[reader] generated 146/203
[reader] generated 148/203
[reader] generated 150/203
[reader] generated 152/203
[reader] generated 154/203
[reader] generated 156/203
[reader] generated 158/203
[reader] generated 160/203
[reader] generated 162/203
[reader] generated 164/203
[reader] generated 166/203
[reader] generated 168/203
[reader] generated 170/203
[reader] generated 172/203
[reader] generated 174/203
[reader] generated 176/203
[reader] generated 178/203
[reader] generated 180/203
[reader] generated 182/203
[reader] generated 184/203
[reader] generated 186/203
[reader] generated 188/203
[reader] generated 190/203
[reader] generated 192/203
[reader] generated 194/203
[reader] generated 196/203
[reader] generated 198/203
[reader] generated 200/203
[reader] generated 202/203
[reader] generated 203/203
[density] policy=ace_submod_160, router_type=fixed, representation=ace, packer=submod, reader_model=Qwen/Qwen2.5-3B-Instruct, packed_token_budget=160, recall@1=0.3011, all_gold@1=0.0788, recall@2=0.4819, all_gold@2=0.1527, recall@5=0.7196, all_gold@5=0.4778, qwen_em=0.0, qwen_f1=0.0351, avg_reader_evidence_tokens=148.02, mean_ans_in_context=0.0, mean_ans_in_context_soft=0.2731, mean_gold_token_density=0.6021, mean_gold_doc_reader_cov=0.5328, mean_all_gold_reader=0.1872, mean_distractor_docs=1.5764, mean_context_tokens=148.0197, mean_n_snippets=5.1429
[density] policy=router_oracle_packer, router_type=oracle, representation=mixed, packer=oracle, reader_model=Qwen/Qwen2.5-3B-Instruct, packed_token_budget=160, selection_counts={"ace_focused_160": 20, "ace_mmr_160": 28, "ace_submod_160": 45, "chunk_focused_160": 27, "chunk_mmr_160": 23, "chunk_submod_160": 60}, qwen_em=0.0, qwen_f1=0.0689, avg_reader_evidence_tokens=147.94, mean_ans_in_context=0.0, mean_ans_in_context_soft=0.2852, mean_gold_token_density=0.7086, mean_gold_doc_reader_cov=0.5402, mean_all_gold_reader=0.1724, mean_distractor_docs=1.0296, mean_context_tokens=147.9409, mean_n_snippets=3.9064
[density] freeing reader before NLI (1421 pairs)
[nli] scored 32/1421
[nli] scored 64/1421
[nli] scored 96/1421
[nli] scored 128/1421
[nli] scored 160/1421
[nli] scored 192/1421
[nli] scored 224/1421
[nli] scored 256/1421
[nli] scored 288/1421
[nli] scored 320/1421
[nli] scored 352/1421
[nli] scored 384/1421
[nli] scored 416/1421
[nli] scored 448/1421
[nli] scored 480/1421
[nli] scored 512/1421
[nli] scored 544/1421
[nli] scored 576/1421
[nli] scored 608/1421
[nli] scored 640/1421
[nli] scored 672/1421
[nli] scored 704/1421
[nli] scored 736/1421
[nli] scored 768/1421
[nli] scored 800/1421
[nli] scored 832/1421
[nli] scored 864/1421
[nli] scored 896/1421
[nli] scored 928/1421
[nli] scored 960/1421
[nli] scored 992/1421
[nli] scored 1024/1421
[nli] scored 1056/1421
[nli] scored 1088/1421
[nli] scored 1120/1421
[nli] scored 1152/1421
[nli] scored 1184/1421
[nli] scored 1216/1421
[nli] scored 1248/1421
[nli] scored 1280/1421
[nli] scored 1312/1421
[nli] scored 1344/1421
[nli] scored 1376/1421
[nli] scored 1408/1421
[nli] scored 1421/1421
wrote /kaggle/working/colab_results/stage15_semanticaic_expertqa_qwen3b_budget160_seed42/ragbench_density_standard_budget160_limit500_metrics.csv
wrote /kaggle/working/colab_results/stage15_semanticaic_expertqa_qwen3b_budget160_seed42/ragbench_density_standard_budget160_limit500_per_question.csv
--- semantic AiC expertqa seed 13 ---
$ /usr/bin/python3 -m experiments.run_density_router --dataset ragbench --limit 500 --seed 13 --ace-retriever standard --top-k 5 --top-k-nodes 48 --max-expanded-docs 5 --embedder sentence-transformers --embedding-model BAAI/bge-small-en-v1.5 --embed-device cuda --compressor truncate --compress-dims 320 --reader-backend hf --reader-model Qwen/Qwen2.5-3B-Instruct --reader-device cuda --reader-batch-size 2 --mmr-lambda 0.7 --budget 160 --out-dir /kaggle/working/colab_results/stage15_semanticaic_expertqa_qwen3b_budget160_seed13 --split test --ragbench-subset expertqa --semantic-aic --nli-model cross-encoder/nli-deberta-v3-small --nli-batch-size 32
ragbench[test:203]: 814 docs, 203 questions, 4.01 gold docs/question
[density] retrieving chunk baseline
[chunk] fitting/indexing
[embed] encoding 814 texts on device=cuda:0

Batches:   0%|          | 0/13 [00:00<?, ?it/s]
Batches:   8%|▊         | 1/13 [00:01<00:14,  1.19s/it]
Batches:  15%|█▌        | 2/13 [00:01<00:10,  1.07it/s]
Batches:  23%|██▎       | 3/13 [00:02<00:08,  1.24it/s]
Batches:  31%|███       | 4/13 [00:02<00:05,  1.60it/s]
Batches:  38%|███▊      | 5/13 [00:03<00:04,  1.78it/s]
Batches:  46%|████▌     | 6/13 [00:03<00:03,  2.08it/s]
Batches:  54%|█████▍    | 7/13 [00:04<00:02,  2.17it/s]
Batches:  62%|██████▏   | 8/13 [00:04<00:01,  2.51it/s]
Batches:  69%|██████▉   | 9/13 [00:04<00:01,  2.83it/s]
Batches:  77%|███████▋  | 10/13 [00:04<00:00,  3.14it/s]
Batches:  85%|████████▍ | 11/13 [00:05<00:00,  3.41it/s]
Batches:  92%|█████████▏| 12/13 [00:05<00:00,  3.81it/s]
Batches: 100%|██████████| 13/13 [00:05<00:00,  4.48it/s]
Batches: 100%|██████████| 13/13 [00:05<00:00,  2.38it/s]
[chunk] retrieving
[embed] encoding 203 texts on device=cuda:0

Batches:   0%|          | 0/4 [00:00<?, ?it/s]
Batches:  50%|█████     | 2/4 [00:00<00:00, 16.22it/s]
Batches: 100%|██████████| 4/4 [00:00<00:00, 24.57it/s]
[density] retrieving ACE graph
[ace] building evidence graph
[ace] graph built: nodes=22817 edges=32553
[ace] fitting/indexing embeddings
[embed] encoding 22003 texts on device=cuda:0

Batches:   0%|          | 0/344 [00:00<?, ?it/s]
Batches:   0%|          | 1/344 [00:00<04:05,  1.40it/s]
Batches:   1%|          | 2/344 [00:01<02:59,  1.91it/s]
Batches:   1%|          | 3/344 [00:01<02:15,  2.52it/s]
Batches:   1%|          | 4/344 [00:01<01:52,  3.01it/s]
Batches:   1%|▏         | 5/344 [00:01<01:39,  3.42it/s]
Batches:   2%|▏         | 6/344 [00:01<01:27,  3.88it/s]
Batches:   2%|▏         | 7/344 [00:02<01:17,  4.33it/s]
Batches:   2%|▏         | 8/344 [00:02<01:10,  4.75it/s]
Batches:   3%|▎         | 9/344 [00:02<01:05,  5.08it/s]
Batches:   3%|▎         | 10/344 [00:02<01:00,  5.49it/s]
Batches:   3%|▎         | 11/344 [00:02<00:54,  6.14it/s]
Batches:   3%|▎         | 12/344 [00:02<00:50,  6.57it/s]
Batches:   4%|▍         | 13/344 [00:03<00:46,  7.06it/s]
Batches:   4%|▍         | 14/344 [00:03<00:44,  7.40it/s]
Batches:   4%|▍         | 15/344 [00:03<00:42,  7.70it/s]
Batches:   5%|▍         | 16/344 [00:03<00:41,  7.92it/s]
Batches:   5%|▌         | 18/344 [00:03<00:38,  8.55it/s]
Batches:   6%|▌         | 20/344 [00:03<00:35,  9.26it/s]
Batches:   6%|▌         | 21/344 [00:03<00:34,  9.38it/s]
Batches:   6%|▋         | 22/344 [00:03<00:33,  9.47it/s]
Batches:   7%|▋         | 24/344 [00:04<00:32,  9.78it/s]
Batches:   8%|▊         | 26/344 [00:04<00:32,  9.92it/s]
Batches:   8%|▊         | 28/344 [00:04<00:29, 10.73it/s]
Batches:   9%|▊         | 30/344 [00:04<00:29, 10.83it/s]
Batches:   9%|▉         | 32/344 [00:04<00:27, 11.25it/s]
Batches:  10%|▉         | 34/344 [00:05<00:27, 11.20it/s]
Batches:  10%|█         | 36/344 [00:05<00:24, 12.33it/s]
Batches:  11%|█         | 38/344 [00:05<00:24, 12.49it/s]
Batches:  12%|█▏        | 40/344 [00:05<00:24, 12.27it/s]
Batches:  12%|█▏        | 42/344 [00:05<00:24, 12.40it/s]
Batches:  13%|█▎        | 44/344 [00:05<00:23, 13.02it/s]
Batches:  13%|█▎        | 46/344 [00:05<00:22, 13.04it/s]
Batches:  14%|█▍        | 48/344 [00:06<00:22, 13.40it/s]
Batches:  15%|█▍        | 50/344 [00:06<00:21, 13.85it/s]
Batches:  15%|█▌        | 52/344 [00:06<00:20, 14.59it/s]
Batches:  16%|█▌        | 54/344 [00:06<00:19, 14.62it/s]
Batches:  16%|█▋        | 56/344 [00:06<00:20, 14.15it/s]
Batches:  17%|█▋        | 58/344 [00:06<00:19, 14.96it/s]
Batches:  17%|█▋        | 60/344 [00:06<00:18, 15.18it/s]
Batches:  18%|█▊        | 62/344 [00:06<00:18, 15.57it/s]
Batches:  19%|█▊        | 64/344 [00:07<00:17, 15.94it/s]
Batches:  19%|█▉        | 66/344 [00:07<00:17, 16.27it/s]
Batches:  20%|█▉        | 68/344 [00:07<00:17, 15.79it/s]
Batches:  20%|██        | 70/344 [00:07<00:17, 16.12it/s]
Batches:  21%|██        | 72/344 [00:07<00:16, 16.72it/s]
Batches:  22%|██▏       | 74/344 [00:07<00:16, 16.85it/s]
Batches:  22%|██▏       | 76/344 [00:07<00:15, 17.19it/s]
Batches:  23%|██▎       | 78/344 [00:07<00:14, 17.80it/s]
Batches:  23%|██▎       | 80/344 [00:08<00:14, 18.09it/s]
Batches:  24%|██▍       | 82/344 [00:08<00:15, 17.36it/s]
Batches:  24%|██▍       | 84/344 [00:08<00:14, 17.72it/s]
Batches:  25%|██▌       | 87/344 [00:08<00:13, 18.90it/s]
Batches:  26%|██▌       | 89/344 [00:08<00:14, 17.75it/s]
Batches:  27%|██▋       | 92/344 [00:08<00:13, 18.79it/s]
Batches:  28%|██▊       | 95/344 [00:08<00:12, 19.33it/s]
Batches:  28%|██▊       | 97/344 [00:08<00:12, 19.19it/s]
Batches:  29%|██▉       | 100/344 [00:09<00:12, 19.97it/s]
Batches:  30%|██▉       | 103/344 [00:09<00:11, 20.95it/s]
Batches:  31%|███       | 106/344 [00:09<00:11, 21.57it/s]
Batches:  32%|███▏      | 109/344 [00:09<00:10, 21.64it/s]
Batches:  33%|███▎      | 112/344 [00:09<00:11, 20.85it/s]
Batches:  33%|███▎      | 115/344 [00:09<00:10, 21.01it/s]
Batches:  34%|███▍      | 118/344 [00:09<00:10, 21.20it/s]
Batches:  35%|███▌      | 121/344 [00:10<00:10, 21.69it/s]
Batches:  36%|███▌      | 124/344 [00:10<00:09, 22.24it/s]
Batches:  37%|███▋      | 127/344 [00:10<00:09, 22.79it/s]
Batches:  38%|███▊      | 130/344 [00:10<00:09, 22.60it/s]
Batches:  39%|███▊      | 133/344 [00:10<00:08, 23.74it/s]
Batches:  40%|███▉      | 136/344 [00:10<00:10, 20.17it/s]
Batches:  40%|████      | 139/344 [00:10<00:09, 21.89it/s]
Batches:  41%|████▏     | 142/344 [00:10<00:09, 21.13it/s]
Batches:  42%|████▏     | 145/344 [00:11<00:08, 22.25it/s]
Batches:  43%|████▎     | 148/344 [00:11<00:08, 23.56it/s]
Batches:  44%|████▍     | 151/344 [00:11<00:07, 24.26it/s]
Batches:  45%|████▍     | 154/344 [00:11<00:07, 25.02it/s]
Batches:  46%|████▌     | 157/344 [00:11<00:07, 25.23it/s]
Batches:  47%|████▋     | 160/344 [00:11<00:06, 26.32it/s]
Batches:  47%|████▋     | 163/344 [00:11<00:06, 26.44it/s]
Batches:  48%|████▊     | 166/344 [00:11<00:06, 27.00it/s]
Batches:  49%|████▉     | 170/344 [00:12<00:06, 28.59it/s]
Batches:  51%|█████     | 174/344 [00:12<00:05, 29.27it/s]
Batches:  51%|█████▏    | 177/344 [00:12<00:05, 28.36it/s]
Batches:  52%|█████▏    | 180/344 [00:12<00:06, 27.20it/s]
Batches:  53%|█████▎    | 184/344 [00:12<00:05, 29.74it/s]
Batches:  54%|█████▍    | 187/344 [00:12<00:05, 29.42it/s]
Batches:  56%|█████▌    | 191/344 [00:12<00:04, 31.61it/s]
Batches:  57%|█████▋    | 195/344 [00:12<00:04, 32.83it/s]
Batches:  58%|█████▊    | 200/344 [00:12<00:04, 35.49it/s]
Batches:  60%|█████▉    | 205/344 [00:13<00:03, 38.75it/s]
Batches:  61%|██████    | 210/344 [00:13<00:03, 40.79it/s]
Batches:  63%|██████▎   | 216/344 [00:13<00:02, 44.30it/s]
Batches:  65%|██████▍   | 222/344 [00:13<00:02, 48.17it/s]
Batches:  67%|██████▋   | 229/344 [00:13<00:02, 52.01it/s]
Batches:  69%|██████▊   | 236/344 [00:13<00:01, 56.34it/s]
Batches:  71%|███████   | 244/344 [00:13<00:01, 61.09it/s]
Batches:  73%|███████▎  | 252/344 [00:13<00:01, 65.36it/s]
Batches:  76%|███████▌  | 261/344 [00:13<00:01, 70.15it/s]
Batches:  78%|███████▊  | 270/344 [00:14<00:00, 74.72it/s]
Batches:  81%|████████  | 279/344 [00:14<00:00, 78.89it/s]
Batches:  84%|████████▎ | 288/344 [00:14<00:00, 81.92it/s]
Batches:  87%|████████▋ | 298/344 [00:14<00:00, 86.92it/s]
Batches:  90%|████████▉ | 308/344 [00:14<00:00, 90.00it/s]
Batches:  92%|█████████▏| 318/344 [00:14<00:00, 91.91it/s]
Batches:  95%|█████████▌| 328/344 [00:14<00:00, 92.05it/s]
Batches:  99%|█████████▊| 339/344 [00:14<00:00, 94.97it/s]
Batches: 100%|██████████| 344/344 [00:14<00:00, 23.24it/s]
[ace] retrieving
[embed] encoding 203 texts on device=cuda:0

Batches:   0%|          | 0/4 [00:00<?, ?it/s]
Batches:  50%|█████     | 2/4 [00:00<00:00, 16.10it/s]
Batches: 100%|██████████| 4/4 [00:00<00:00, 24.79it/s]
[density] loading reader once
`torch_dtype` is deprecated! Use `dtype` instead!

Loading checkpoint shards:   0%|          | 0/2 [00:00<?, ?it/s]
Loading checkpoint shards:  50%|█████     | 1/2 [00:02<00:02,  2.54s/it]
Loading checkpoint shards: 100%|██████████| 2/2 [00:03<00:00,  1.87s/it]
Loading checkpoint shards: 100%|██████████| 2/2 [00:03<00:00,  1.97s/it]
[reader] loaded Qwen/Qwen2.5-3B-Instruct (device_map=None, 4bit=False) entry=cuda:0
[density] materializing policy=chunk_packed_160
[density] generating policy=chunk_packed_160
The following generation flags are not valid and may be ignored: ['temperature', 'top_p', 'top_k']. Set `TRANSFORMERS_VERBOSITY=info` for more details.
[reader] generated 2/203
[reader] generated 4/203
[reader] generated 6/203
[reader] generated 8/203
[reader] generated 10/203
[reader] generated 12/203
[reader] generated 14/203
[reader] generated 16/203
[reader] generated 18/203
[reader] generated 20/203
[reader] generated 22/203
[reader] generated 24/203
[reader] generated 26/203
[reader] generated 28/203
[reader] generated 30/203
[reader] generated 32/203
[reader] generated 34/203
[reader] generated 36/203
[reader] generated 38/203
[reader] generated 40/203
[reader] generated 42/203
[reader] generated 44/203
[reader] generated 46/203
[reader] generated 48/203
[reader] generated 50/203
[reader] generated 52/203
[reader] generated 54/203
[reader] generated 56/203
[reader] generated 58/203
[reader] generated 60/203
[reader] generated 62/203
[reader] generated 64/203
[reader] generated 66/203
[reader] generated 68/203
[reader] generated 70/203
[reader] generated 72/203
[reader] generated 74/203
[reader] generated 76/203
[reader] generated 78/203
[reader] generated 80/203
[reader] generated 82/203
[reader] generated 84/203
[reader] generated 86/203
[reader] generated 88/203
[reader] generated 90/203
[reader] generated 92/203
[reader] generated 94/203
[reader] generated 96/203
[reader] generated 98/203
[reader] generated 100/203
[reader] generated 102/203
[reader] generated 104/203
[reader] generated 106/203
[reader] generated 108/203
[reader] generated 110/203
[reader] generated 112/203
[reader] generated 114/203
[reader] generated 116/203
[reader] generated 118/203
[reader] generated 120/203
[reader] generated 122/203
[reader] generated 124/203
[reader] generated 126/203
[reader] generated 128/203
[reader] generated 130/203
[reader] generated 132/203
[reader] generated 134/203
[reader] generated 136/203
[reader] generated 138/203
[reader] generated 140/203
[reader] generated 142/203
[reader] generated 144/203
[reader] generated 146/203
[reader] generated 148/203
[reader] generated 150/203
[reader] generated 152/203
[reader] generated 154/203
[reader] generated 156/203
[reader] generated 158/203
[reader] generated 160/203
[reader] generated 162/203
[reader] generated 164/203
[reader] generated 166/203
[reader] generated 168/203
[reader] generated 170/203
[reader] generated 172/203
[reader] generated 174/203
[reader] generated 176/203
[reader] generated 178/203
[reader] generated 180/203
[reader] generated 182/203
[reader] generated 184/203
[reader] generated 186/203
[reader] generated 188/203
[reader] generated 190/203
[reader] generated 192/203
[reader] generated 194/203
[reader] generated 196/203
[reader] generated 198/203
[reader] generated 200/203
[reader] generated 202/203
[reader] generated 203/203
[density] policy=chunk_packed_160, router_type=fixed, representation=chunk, packer=packed, reader_model=Qwen/Qwen2.5-3B-Instruct, packed_token_budget=160, recall@1=0.3219, all_gold@1=0.0887, recall@2=0.5385, all_gold@2=0.197, recall@5=0.7838, all_gold@5=0.5714, qwen_em=0.0, qwen_f1=0.0233, avg_reader_evidence_tokens=153.09, mean_ans_in_context=0.0, mean_ans_in_context_soft=0.2575, mean_gold_token_density=0.5868, mean_gold_doc_reader_cov=0.416, mean_all_gold_reader=0.0837, mean_distractor_docs=1.0443, mean_context_tokens=153.0936, mean_n_snippets=2.601
[density] materializing policy=chunk_focused_160
[density] generating policy=chunk_focused_160
[reader] generated 2/203
[reader] generated 4/203
[reader] generated 6/203
[reader] generated 8/203
[reader] generated 10/203
[reader] generated 12/203
[reader] generated 14/203
[reader] generated 16/203
[reader] generated 18/203
[reader] generated 20/203
[reader] generated 22/203
[reader] generated 24/203
[reader] generated 26/203
[reader] generated 28/203
[reader] generated 30/203
[reader] generated 32/203
[reader] generated 34/203
[reader] generated 36/203
[reader] generated 38/203
[reader] generated 40/203
[reader] generated 42/203
[reader] generated 44/203
[reader] generated 46/203
[reader] generated 48/203
[reader] generated 50/203
[reader] generated 52/203
[reader] generated 54/203
[reader] generated 56/203
[reader] generated 58/203
[reader] generated 60/203
[reader] generated 62/203
[reader] generated 64/203
[reader] generated 66/203
[reader] generated 68/203
[reader] generated 70/203
[reader] generated 72/203
[reader] generated 74/203
[reader] generated 76/203
[reader] generated 78/203
[reader] generated 80/203
[reader] generated 82/203
[reader] generated 84/203
[reader] generated 86/203
[reader] generated 88/203
[reader] generated 90/203
[reader] generated 92/203
[reader] generated 94/203
[reader] generated 96/203
[reader] generated 98/203
[reader] generated 100/203
[reader] generated 102/203
[reader] generated 104/203
[reader] generated 106/203
[reader] generated 108/203
[reader] generated 110/203
[reader] generated 112/203
[reader] generated 114/203
[reader] generated 116/203
[reader] generated 118/203
[reader] generated 120/203
[reader] generated 122/203
[reader] generated 124/203
[reader] generated 126/203
[reader] generated 128/203
[reader] generated 130/203
[reader] generated 132/203
[reader] generated 134/203
[reader] generated 136/203
[reader] generated 138/203
[reader] generated 140/203
[reader] generated 142/203
[reader] generated 144/203
[reader] generated 146/203
[reader] generated 148/203
[reader] generated 150/203
[reader] generated 152/203
[reader] generated 154/203
[reader] generated 156/203
[reader] generated 158/203
[reader] generated 160/203
[reader] generated 162/203
[reader] generated 164/203
[reader] generated 166/203
[reader] generated 168/203
[reader] generated 170/203
[reader] generated 172/203
[reader] generated 174/203
[reader] generated 176/203
[reader] generated 178/203
[reader] generated 180/203
[reader] generated 182/203
[reader] generated 184/203
[reader] generated 186/203
[reader] generated 188/203
[reader] generated 190/203
[reader] generated 192/203
[reader] generated 194/203
[reader] generated 196/203
[reader] generated 198/203
[reader] generated 200/203
[reader] generated 202/203
[reader] generated 203/203
[density] policy=chunk_focused_160, router_type=fixed, representation=chunk, packer=focused, reader_model=Qwen/Qwen2.5-3B-Instruct, packed_token_budget=160, recall@1=0.3219, all_gold@1=0.0887, recall@2=0.5385, all_gold@2=0.197, recall@5=0.7838, all_gold@5=0.5714, qwen_em=0.0, qwen_f1=0.0304, avg_reader_evidence_tokens=154.53, mean_ans_in_context=0.0, mean_ans_in_context_soft=0.2877, mean_gold_token_density=0.6687, mean_gold_doc_reader_cov=0.4651, mean_all_gold_reader=0.1379, mean_distractor_docs=0.7833, mean_context_tokens=154.5271, mean_n_snippets=2.4532
[density] materializing policy=chunk_mmr_160
[density] generating policy=chunk_mmr_160
[reader] generated 2/203
[reader] generated 4/203
[reader] generated 6/203
[reader] generated 8/203
[reader] generated 10/203
[reader] generated 12/203
[reader] generated 14/203
[reader] generated 16/203
[reader] generated 18/203
[reader] generated 20/203
[reader] generated 22/203
[reader] generated 24/203
[reader] generated 26/203
[reader] generated 28/203
[reader] generated 30/203
[reader] generated 32/203
[reader] generated 34/203
[reader] generated 36/203
[reader] generated 38/203
[reader] generated 40/203
[reader] generated 42/203
[reader] generated 44/203
[reader] generated 46/203
[reader] generated 48/203
[reader] generated 50/203
[reader] generated 52/203
[reader] generated 54/203
[reader] generated 56/203
[reader] generated 58/203
[reader] generated 60/203
[reader] generated 62/203
[reader] generated 64/203
[reader] generated 66/203
[reader] generated 68/203
[reader] generated 70/203
[reader] generated 72/203
[reader] generated 74/203
[reader] generated 76/203
[reader] generated 78/203
[reader] generated 80/203
[reader] generated 82/203
[reader] generated 84/203
[reader] generated 86/203
[reader] generated 88/203
[reader] generated 90/203
[reader] generated 92/203
[reader] generated 94/203
[reader] generated 96/203
[reader] generated 98/203
[reader] generated 100/203
[reader] generated 102/203
[reader] generated 104/203
[reader] generated 106/203
[reader] generated 108/203
[reader] generated 110/203
[reader] generated 112/203
[reader] generated 114/203
[reader] generated 116/203
[reader] generated 118/203
[reader] generated 120/203
[reader] generated 122/203
[reader] generated 124/203
[reader] generated 126/203
[reader] generated 128/203
[reader] generated 130/203
[reader] generated 132/203
[reader] generated 134/203
[reader] generated 136/203
[reader] generated 138/203
[reader] generated 140/203
[reader] generated 142/203
[reader] generated 144/203
[reader] generated 146/203
[reader] generated 148/203
[reader] generated 150/203
[reader] generated 152/203
[reader] generated 154/203
[reader] generated 156/203
[reader] generated 158/203
[reader] generated 160/203
[reader] generated 162/203
[reader] generated 164/203
[reader] generated 166/203
[reader] generated 168/203
[reader] generated 170/203
[reader] generated 172/203
[reader] generated 174/203
[reader] generated 176/203
[reader] generated 178/203
[reader] generated 180/203
[reader] generated 182/203
[reader] generated 184/203
[reader] generated 186/203
[reader] generated 188/203
[reader] generated 190/203
[reader] generated 192/203
[reader] generated 194/203
[reader] generated 196/203
[reader] generated 198/203
[reader] generated 200/203
[reader] generated 202/203
[reader] generated 203/203
[density] policy=chunk_mmr_160, router_type=fixed, representation=chunk, packer=mmr, reader_model=Qwen/Qwen2.5-3B-Instruct, packed_token_budget=160, recall@1=0.3219, all_gold@1=0.0887, recall@2=0.5385, all_gold@2=0.197, recall@5=0.7838, all_gold@5=0.5714, qwen_em=0.0, qwen_f1=0.0261, avg_reader_evidence_tokens=153.75, mean_ans_in_context=0.0, mean_ans_in_context_soft=0.2644, mean_gold_token_density=0.6097, mean_gold_doc_reader_cov=0.3542, mean_all_gold_reader=0.0739, mean_distractor_docs=0.7882, mean_context_tokens=153.7537, mean_n_snippets=2.3744
[density] materializing policy=chunk_submod_160
[density] generating policy=chunk_submod_160
[reader] generated 2/203
[reader] generated 4/203
[reader] generated 6/203
[reader] generated 8/203
[reader] generated 10/203
[reader] generated 12/203
[reader] generated 14/203
[reader] generated 16/203
[reader] generated 18/203
[reader] generated 20/203
[reader] generated 22/203
[reader] generated 24/203
[reader] generated 26/203
[reader] generated 28/203
[reader] generated 30/203
[reader] generated 32/203
[reader] generated 34/203
[reader] generated 36/203
[reader] generated 38/203
[reader] generated 40/203
[reader] generated 42/203
[reader] generated 44/203
[reader] generated 46/203
[reader] generated 48/203
[reader] generated 50/203
[reader] generated 52/203
[reader] generated 54/203
[reader] generated 56/203
[reader] generated 58/203
[reader] generated 60/203
[reader] generated 62/203
[reader] generated 64/203
[reader] generated 66/203
[reader] generated 68/203
[reader] generated 70/203
[reader] generated 72/203
[reader] generated 74/203
[reader] generated 76/203
[reader] generated 78/203
[reader] generated 80/203
[reader] generated 82/203
[reader] generated 84/203
[reader] generated 86/203
[reader] generated 88/203
[reader] generated 90/203
[reader] generated 92/203
[reader] generated 94/203
[reader] generated 96/203
[reader] generated 98/203
[reader] generated 100/203
[reader] generated 102/203
[reader] generated 104/203
[reader] generated 106/203
[reader] generated 108/203
[reader] generated 110/203
[reader] generated 112/203
[reader] generated 114/203
[reader] generated 116/203
[reader] generated 118/203
[reader] generated 120/203
[reader] generated 122/203
[reader] generated 124/203
[reader] generated 126/203
[reader] generated 128/203
[reader] generated 130/203
[reader] generated 132/203
[reader] generated 134/203
[reader] generated 136/203
[reader] generated 138/203
[reader] generated 140/203
[reader] generated 142/203
[reader] generated 144/203
[reader] generated 146/203
[reader] generated 148/203
[reader] generated 150/203
[reader] generated 152/203
[reader] generated 154/203
[reader] generated 156/203
[reader] generated 158/203
[reader] generated 160/203
[reader] generated 162/203
[reader] generated 164/203
[reader] generated 166/203
[reader] generated 168/203
[reader] generated 170/203
[reader] generated 172/203
[reader] generated 174/203
[reader] generated 176/203
[reader] generated 178/203
[reader] generated 180/203
[reader] generated 182/203
[reader] generated 184/203
[reader] generated 186/203
[reader] generated 188/203
[reader] generated 190/203
[reader] generated 192/203
[reader] generated 194/203
[reader] generated 196/203
[reader] generated 198/203
[reader] generated 200/203
[reader] generated 202/203
[reader] generated 203/203
[density] policy=chunk_submod_160, router_type=fixed, representation=chunk, packer=submod, reader_model=Qwen/Qwen2.5-3B-Instruct, packed_token_budget=160, recall@1=0.3219, all_gold@1=0.0887, recall@2=0.5385, all_gold@2=0.197, recall@5=0.7838, all_gold@5=0.5714, qwen_em=0.0, qwen_f1=0.0358, avg_reader_evidence_tokens=148.13, mean_ans_in_context=0.0, mean_ans_in_context_soft=0.2705, mean_gold_token_density=0.6553, mean_gold_doc_reader_cov=0.596, mean_all_gold_reader=0.2414, mean_distractor_docs=1.3399, mean_context_tokens=148.133, mean_n_snippets=4.5764
[density] materializing policy=ace_focused_160
[density] generating policy=ace_focused_160
[reader] generated 2/203
[reader] generated 4/203
[reader] generated 6/203
[reader] generated 8/203
[reader] generated 10/203
[reader] generated 12/203
[reader] generated 14/203
[reader] generated 16/203
[reader] generated 18/203
[reader] generated 20/203
[reader] generated 22/203
[reader] generated 24/203
[reader] generated 26/203
[reader] generated 28/203
[reader] generated 30/203
[reader] generated 32/203
[reader] generated 34/203
[reader] generated 36/203
[reader] generated 38/203
[reader] generated 40/203
[reader] generated 42/203
[reader] generated 44/203
[reader] generated 46/203
[reader] generated 48/203
[reader] generated 50/203
[reader] generated 52/203
[reader] generated 54/203
[reader] generated 56/203
[reader] generated 58/203
[reader] generated 60/203
[reader] generated 62/203
[reader] generated 64/203
[reader] generated 66/203
[reader] generated 68/203
[reader] generated 70/203
[reader] generated 72/203
[reader] generated 74/203
[reader] generated 76/203
[reader] generated 78/203
[reader] generated 80/203
[reader] generated 82/203
[reader] generated 84/203
[reader] generated 86/203
[reader] generated 88/203
[reader] generated 90/203
[reader] generated 92/203
[reader] generated 94/203
[reader] generated 96/203
[reader] generated 98/203
[reader] generated 100/203
[reader] generated 102/203
[reader] generated 104/203
[reader] generated 106/203
[reader] generated 108/203
[reader] generated 110/203
[reader] generated 112/203
[reader] generated 114/203
[reader] generated 116/203
[reader] generated 118/203
[reader] generated 120/203
[reader] generated 122/203
[reader] generated 124/203
[reader] generated 126/203
[reader] generated 128/203
[reader] generated 130/203
[reader] generated 132/203
[reader] generated 134/203
[reader] generated 136/203
[reader] generated 138/203
[reader] generated 140/203
[reader] generated 142/203
[reader] generated 144/203
[reader] generated 146/203
[reader] generated 148/203
[reader] generated 150/203
[reader] generated 152/203
[reader] generated 154/203
[reader] generated 156/203
[reader] generated 158/203
[reader] generated 160/203
[reader] generated 162/203
[reader] generated 164/203
[reader] generated 166/203
[reader] generated 168/203
[reader] generated 170/203
[reader] generated 172/203
[reader] generated 174/203
[reader] generated 176/203
[reader] generated 178/203
[reader] generated 180/203
[reader] generated 182/203
[reader] generated 184/203
[reader] generated 186/203
[reader] generated 188/203
[reader] generated 190/203
[reader] generated 192/203
[reader] generated 194/203
[reader] generated 196/203
[reader] generated 198/203
[reader] generated 200/203
[reader] generated 202/203
[reader] generated 203/203
[density] policy=ace_focused_160, router_type=fixed, representation=ace, packer=focused, reader_model=Qwen/Qwen2.5-3B-Instruct, packed_token_budget=160, recall@1=0.3011, all_gold@1=0.0788, recall@2=0.4819, all_gold@2=0.1527, recall@5=0.7196, all_gold@5=0.4778, qwen_em=0.0, qwen_f1=0.0339, avg_reader_evidence_tokens=154.98, mean_ans_in_context=0.0, mean_ans_in_context_soft=0.2917, mean_gold_token_density=0.6892, mean_gold_doc_reader_cov=0.5398, mean_all_gold_reader=0.1872, mean_distractor_docs=1.197, mean_context_tokens=154.9803, mean_n_snippets=3.7291
[density] materializing policy=ace_mmr_160
[density] generating policy=ace_mmr_160
[reader] generated 2/203
[reader] generated 4/203
[reader] generated 6/203
[reader] generated 8/203
[reader] generated 10/203
[reader] generated 12/203
[reader] generated 14/203
[reader] generated 16/203
[reader] generated 18/203
[reader] generated 20/203
[reader] generated 22/203
[reader] generated 24/203
[reader] generated 26/203
[reader] generated 28/203
[reader] generated 30/203
[reader] generated 32/203
[reader] generated 34/203
[reader] generated 36/203
[reader] generated 38/203
[reader] generated 40/203
[reader] generated 42/203
[reader] generated 44/203
[reader] generated 46/203
[reader] generated 48/203
[reader] generated 50/203
[reader] generated 52/203
[reader] generated 54/203
[reader] generated 56/203
[reader] generated 58/203
[reader] generated 60/203
[reader] generated 62/203
[reader] generated 64/203
[reader] generated 66/203
[reader] generated 68/203
[reader] generated 70/203
[reader] generated 72/203
[reader] generated 74/203
[reader] generated 76/203
[reader] generated 78/203
[reader] generated 80/203
[reader] generated 82/203
[reader] generated 84/203
[reader] generated 86/203
[reader] generated 88/203
[reader] generated 90/203
[reader] generated 92/203
[reader] generated 94/203
[reader] generated 96/203
[reader] generated 98/203
[reader] generated 100/203
[reader] generated 102/203
[reader] generated 104/203
[reader] generated 106/203
[reader] generated 108/203
[reader] generated 110/203
[reader] generated 112/203
[reader] generated 114/203
[reader] generated 116/203
[reader] generated 118/203
[reader] generated 120/203
[reader] generated 122/203
[reader] generated 124/203
[reader] generated 126/203
[reader] generated 128/203
[reader] generated 130/203
[reader] generated 132/203
[reader] generated 134/203
[reader] generated 136/203
[reader] generated 138/203
[reader] generated 140/203
[reader] generated 142/203
[reader] generated 144/203
[reader] generated 146/203
[reader] generated 148/203
[reader] generated 150/203
[reader] generated 152/203
[reader] generated 154/203
[reader] generated 156/203
[reader] generated 158/203
[reader] generated 160/203
[reader] generated 162/203
[reader] generated 164/203
[reader] generated 166/203
[reader] generated 168/203
[reader] generated 170/203
[reader] generated 172/203
[reader] generated 174/203
[reader] generated 176/203
[reader] generated 178/203
[reader] generated 180/203
[reader] generated 182/203
[reader] generated 184/203
[reader] generated 186/203
[reader] generated 188/203
[reader] generated 190/203
[reader] generated 192/203
[reader] generated 194/203
[reader] generated 196/203
[reader] generated 198/203
[reader] generated 200/203
[reader] generated 202/203
[reader] generated 203/203
[density] policy=ace_mmr_160, router_type=fixed, representation=ace, packer=mmr, reader_model=Qwen/Qwen2.5-3B-Instruct, packed_token_budget=160, recall@1=0.3011, all_gold@1=0.0788, recall@2=0.4819, all_gold@2=0.1527, recall@5=0.7196, all_gold@5=0.4778, qwen_em=0.0, qwen_f1=0.0351, avg_reader_evidence_tokens=153.8, mean_ans_in_context=0.0, mean_ans_in_context_soft=0.2838, mean_gold_token_density=0.7092, mean_gold_doc_reader_cov=0.5002, mean_all_gold_reader=0.1724, mean_distractor_docs=1.0, mean_context_tokens=153.803, mean_n_snippets=3.7783
[density] materializing policy=ace_submod_160
[density] generating policy=ace_submod_160
[reader] generated 2/203
[reader] generated 4/203
[reader] generated 6/203
[reader] generated 8/203
[reader] generated 10/203
[reader] generated 12/203
[reader] generated 14/203
[reader] generated 16/203
[reader] generated 18/203
[reader] generated 20/203
[reader] generated 22/203
[reader] generated 24/203
[reader] generated 26/203
[reader] generated 28/203
[reader] generated 30/203
[reader] generated 32/203
[reader] generated 34/203
[reader] generated 36/203
[reader] generated 38/203
[reader] generated 40/203
[reader] generated 42/203
[reader] generated 44/203
[reader] generated 46/203
[reader] generated 48/203
[reader] generated 50/203
[reader] generated 52/203
[reader] generated 54/203
[reader] generated 56/203
[reader] generated 58/203
[reader] generated 60/203
[reader] generated 62/203
[reader] generated 64/203
[reader] generated 66/203
[reader] generated 68/203
[reader] generated 70/203
[reader] generated 72/203
[reader] generated 74/203
[reader] generated 76/203
[reader] generated 78/203
[reader] generated 80/203
[reader] generated 82/203
[reader] generated 84/203
[reader] generated 86/203
[reader] generated 88/203
[reader] generated 90/203
[reader] generated 92/203
[reader] generated 94/203
[reader] generated 96/203
[reader] generated 98/203
[reader] generated 100/203
[reader] generated 102/203
[reader] generated 104/203
[reader] generated 106/203
[reader] generated 108/203
[reader] generated 110/203
[reader] generated 112/203
[reader] generated 114/203
[reader] generated 116/203
[reader] generated 118/203
[reader] generated 120/203
[reader] generated 122/203
[reader] generated 124/203
[reader] generated 126/203
[reader] generated 128/203
[reader] generated 130/203
[reader] generated 132/203
[reader] generated 134/203
[reader] generated 136/203
[reader] generated 138/203
[reader] generated 140/203
[reader] generated 142/203
[reader] generated 144/203
[reader] generated 146/203
[reader] generated 148/203
[reader] generated 150/203
[reader] generated 152/203
[reader] generated 154/203
[reader] generated 156/203
[reader] generated 158/203
[reader] generated 160/203
[reader] generated 162/203
[reader] generated 164/203
[reader] generated 166/203
[reader] generated 168/203
[reader] generated 170/203
[reader] generated 172/203
[reader] generated 174/203
[reader] generated 176/203
[reader] generated 178/203
[reader] generated 180/203
[reader] generated 182/203
[reader] generated 184/203
[reader] generated 186/203
[reader] generated 188/203
[reader] generated 190/203
[reader] generated 192/203
[reader] generated 194/203
[reader] generated 196/203
[reader] generated 198/203
[reader] generated 200/203
[reader] generated 202/203
[reader] generated 203/203
[density] policy=ace_submod_160, router_type=fixed, representation=ace, packer=submod, reader_model=Qwen/Qwen2.5-3B-Instruct, packed_token_budget=160, recall@1=0.3011, all_gold@1=0.0788, recall@2=0.4819, all_gold@2=0.1527, recall@5=0.7196, all_gold@5=0.4778, qwen_em=0.0, qwen_f1=0.0351, avg_reader_evidence_tokens=148.02, mean_ans_in_context=0.0, mean_ans_in_context_soft=0.2731, mean_gold_token_density=0.6021, mean_gold_doc_reader_cov=0.5328, mean_all_gold_reader=0.1872, mean_distractor_docs=1.5764, mean_context_tokens=148.0197, mean_n_snippets=5.1429
[density] policy=router_oracle_packer, router_type=oracle, representation=mixed, packer=oracle, reader_model=Qwen/Qwen2.5-3B-Instruct, packed_token_budget=160, selection_counts={"ace_focused_160": 20, "ace_mmr_160": 28, "ace_submod_160": 45, "chunk_focused_160": 27, "chunk_mmr_160": 23, "chunk_submod_160": 60}, qwen_em=0.0, qwen_f1=0.0689, avg_reader_evidence_tokens=147.94, mean_ans_in_context=0.0, mean_ans_in_context_soft=0.2852, mean_gold_token_density=0.7086, mean_gold_doc_reader_cov=0.5402, mean_all_gold_reader=0.1724, mean_distractor_docs=1.0296, mean_context_tokens=147.9409, mean_n_snippets=3.9064
[density] freeing reader before NLI (1421 pairs)
[nli] scored 32/1421
[nli] scored 64/1421
[nli] scored 96/1421
[nli] scored 128/1421
[nli] scored 160/1421
[nli] scored 192/1421
[nli] scored 224/1421
[nli] scored 256/1421
[nli] scored 288/1421
[nli] scored 320/1421
[nli] scored 352/1421
[nli] scored 384/1421
[nli] scored 416/1421
[nli] scored 448/1421
[nli] scored 480/1421
[nli] scored 512/1421
[nli] scored 544/1421
[nli] scored 576/1421
[nli] scored 608/1421
[nli] scored 640/1421
[nli] scored 672/1421
[nli] scored 704/1421
[nli] scored 736/1421
[nli] scored 768/1421
[nli] scored 800/1421
[nli] scored 832/1421
[nli] scored 864/1421
[nli] scored 896/1421
[nli] scored 928/1421
[nli] scored 960/1421
[nli] scored 992/1421
[nli] scored 1024/1421
[nli] scored 1056/1421
[nli] scored 1088/1421
[nli] scored 1120/1421
[nli] scored 1152/1421
[nli] scored 1184/1421
[nli] scored 1216/1421
[nli] scored 1248/1421
[nli] scored 1280/1421
[nli] scored 1312/1421
[nli] scored 1344/1421
[nli] scored 1376/1421
[nli] scored 1408/1421
[nli] scored 1421/1421
wrote /kaggle/working/colab_results/stage15_semanticaic_expertqa_qwen3b_budget160_seed13/ragbench_density_standard_budget160_limit500_metrics.csv
wrote /kaggle/working/colab_results/stage15_semanticaic_expertqa_qwen3b_budget160_seed13/ragbench_density_standard_budget160_limit500_per_question.csv
--- semantic AiC covidqa seed 42 ---
$ /usr/bin/python3 -m experiments.run_density_router --dataset ragbench --limit 500 --seed 42 --ace-retriever standard --top-k 5 --top-k-nodes 48 --max-expanded-docs 5 --embedder sentence-transformers --embedding-model BAAI/bge-small-en-v1.5 --embed-device cuda --compressor truncate --compress-dims 320 --reader-backend hf --reader-model Qwen/Qwen2.5-3B-Instruct --reader-device cuda --reader-batch-size 2 --mmr-lambda 0.7 --budget 160 --out-dir /kaggle/working/colab_results/stage15_semanticaic_covidqa_qwen3b_budget160_seed42 --split test --ragbench-subset covidqa --semantic-aic --nli-model cross-encoder/nli-deberta-v3-small --nli-batch-size 32

Generating train split:   0%|          | 0/1252 [00:00<?, ? examples/s]
Generating train split: 100%|██████████| 1252/1252 [00:00<00:00, 24261.56 examples/s]

Generating test split:   0%|          | 0/246 [00:00<?, ? examples/s]
Generating test split: 100%|██████████| 246/246 [00:00<00:00, 15703.98 examples/s]

Generating validation split:   0%|          | 0/267 [00:00<?, ? examples/s]
Generating validation split: 100%|██████████| 267/267 [00:00<00:00, 23171.51 examples/s]
ragbench[test:246]: 984 docs, 246 questions, 4.00 gold docs/question
[density] retrieving chunk baseline
[chunk] fitting/indexing
[embed] encoding 984 texts on device=cuda:0

Batches:   0%|          | 0/16 [00:00<?, ?it/s]
Batches:   6%|▋         | 1/16 [00:00<00:08,  1.71it/s]
Batches:  12%|█▎        | 2/16 [00:00<00:05,  2.55it/s]
Batches:  19%|█▉        | 3/16 [00:01<00:04,  3.14it/s]
Batches:  25%|██▌       | 4/16 [00:01<00:03,  3.55it/s]
Batches:  31%|███▏      | 5/16 [00:01<00:02,  3.95it/s]
Batches:  38%|███▊      | 6/16 [00:01<00:02,  4.00it/s]
Batches:  44%|████▍     | 7/16 [00:01<00:02,  3.98it/s]
Batches:  50%|█████     | 8/16 [00:02<00:01,  4.14it/s]
Batches:  56%|█████▋    | 9/16 [00:02<00:01,  4.44it/s]
Batches:  62%|██████▎   | 10/16 [00:02<00:01,  4.86it/s]
Batches:  69%|██████▉   | 11/16 [00:02<00:00,  5.17it/s]
Batches:  75%|███████▌  | 12/16 [00:02<00:00,  5.60it/s]
Batches:  81%|████████▏ | 13/16 [00:02<00:00,  6.42it/s]
Batches:  94%|█████████▍| 15/16 [00:03<00:00,  8.55it/s]
Batches: 100%|██████████| 16/16 [00:03<00:00,  5.09it/s]
[chunk] retrieving
[embed] encoding 246 texts on device=cuda:0

Batches:   0%|          | 0/4 [00:00<?, ?it/s]
Batches: 100%|██████████| 4/4 [00:00<00:00, 43.26it/s]
[density] retrieving ACE graph
[ace] building evidence graph
[ace] graph built: nodes=6611 edges=8620
[ace] fitting/indexing embeddings
[embed] encoding 5627 texts on device=cuda:0

Batches:   0%|          | 0/88 [00:00<?, ?it/s]
Batches:   1%|          | 1/88 [00:00<00:14,  5.87it/s]
Batches:   3%|▎         | 3/88 [00:00<00:09,  8.74it/s]
Batches:   5%|▍         | 4/88 [00:00<00:09,  8.99it/s]
Batches:   7%|▋         | 6/88 [00:00<00:08, 10.11it/s]
Batches:   9%|▉         | 8/88 [00:00<00:07, 10.84it/s]
Batches:  11%|█▏        | 10/88 [00:00<00:06, 11.88it/s]
Batches:  14%|█▎        | 12/88 [00:01<00:06, 12.08it/s]
Batches:  16%|█▌        | 14/88 [00:01<00:05, 12.90it/s]
Batches:  18%|█▊        | 16/88 [00:01<00:05, 13.87it/s]
Batches:  20%|██        | 18/88 [00:01<00:04, 14.57it/s]
Batches:  23%|██▎       | 20/88 [00:01<00:04, 15.40it/s]
Batches:  25%|██▌       | 22/88 [00:01<00:04, 16.42it/s]
Batches:  28%|██▊       | 25/88 [00:01<00:03, 17.95it/s]
Batches:  32%|███▏      | 28/88 [00:01<00:03, 18.99it/s]
Batches:  35%|███▌      | 31/88 [00:02<00:02, 19.74it/s]
Batches:  39%|███▊      | 34/88 [00:02<00:02, 20.72it/s]
Batches:  42%|████▏     | 37/88 [00:02<00:02, 21.76it/s]
Batches:  45%|████▌     | 40/88 [00:02<00:02, 22.49it/s]
Batches:  49%|████▉     | 43/88 [00:02<00:01, 23.67it/s]
Batches:  52%|█████▏    | 46/88 [00:02<00:01, 25.15it/s]
Batches:  56%|█████▌    | 49/88 [00:02<00:01, 26.37it/s]
Batches:  60%|██████    | 53/88 [00:02<00:01, 28.58it/s]
Batches:  66%|██████▌   | 58/88 [00:03<00:00, 33.28it/s]
Batches:  75%|███████▌  | 66/88 [00:03<00:00, 44.74it/s]
Batches:  86%|████████▋ | 76/88 [00:03<00:00, 58.77it/s]
Batches:  99%|█████████▉| 87/88 [00:03<00:00, 71.31it/s]
Batches: 100%|██████████| 88/88 [00:03<00:00, 25.98it/s]
[ace] retrieving
[embed] encoding 246 texts on device=cuda:0

Batches:   0%|          | 0/4 [00:00<?, ?it/s]
Batches: 100%|██████████| 4/4 [00:00<00:00, 44.43it/s]
[density] loading reader once
`torch_dtype` is deprecated! Use `dtype` instead!

Loading checkpoint shards:   0%|          | 0/2 [00:00<?, ?it/s]
Loading checkpoint shards:  50%|█████     | 1/2 [00:02<00:02,  2.47s/it]
Loading checkpoint shards: 100%|██████████| 2/2 [00:03<00:00,  1.83s/it]
Loading checkpoint shards: 100%|██████████| 2/2 [00:03<00:00,  1.93s/it]
[reader] loaded Qwen/Qwen2.5-3B-Instruct (device_map=None, 4bit=False) entry=cuda:0
[density] materializing policy=chunk_packed_160
[density] generating policy=chunk_packed_160
The following generation flags are not valid and may be ignored: ['temperature', 'top_p', 'top_k']. Set `TRANSFORMERS_VERBOSITY=info` for more details.
[reader] generated 2/246
[reader] generated 4/246
[reader] generated 6/246
[reader] generated 8/246
[reader] generated 10/246
[reader] generated 12/246
[reader] generated 14/246
[reader] generated 16/246
[reader] generated 18/246
[reader] generated 20/246
[reader] generated 22/246
[reader] generated 24/246
[reader] generated 26/246
[reader] generated 28/246
[reader] generated 30/246
[reader] generated 32/246
[reader] generated 34/246
[reader] generated 36/246
[reader] generated 38/246
[reader] generated 40/246
[reader] generated 42/246
[reader] generated 44/246
[reader] generated 46/246
[reader] generated 48/246
[reader] generated 50/246
[reader] generated 52/246
[reader] generated 54/246
[reader] generated 56/246
[reader] generated 58/246
[reader] generated 60/246
[reader] generated 62/246
[reader] generated 64/246
[reader] generated 66/246
[reader] generated 68/246
[reader] generated 70/246
[reader] generated 72/246
[reader] generated 74/246
[reader] generated 76/246
[reader] generated 78/246
[reader] generated 80/246
[reader] generated 82/246
[reader] generated 84/246
[reader] generated 86/246
[reader] generated 88/246
[reader] generated 90/246
[reader] generated 92/246
[reader] generated 94/246
[reader] generated 96/246
[reader] generated 98/246
[reader] generated 100/246
[reader] generated 102/246
[reader] generated 104/246
[reader] generated 106/246
[reader] generated 108/246
[reader] generated 110/246
[reader] generated 112/246
[reader] generated 114/246
[reader] generated 116/246
[reader] generated 118/246
[reader] generated 120/246
[reader] generated 122/246
[reader] generated 124/246
[reader] generated 126/246
[reader] generated 128/246
[reader] generated 130/246
[reader] generated 132/246
[reader] generated 134/246
[reader] generated 136/246
[reader] generated 138/246
[reader] generated 140/246
[reader] generated 142/246
[reader] generated 144/246
[reader] generated 146/246
[reader] generated 148/246
[reader] generated 150/246
[reader] generated 152/246
[reader] generated 154/246
[reader] generated 156/246
[reader] generated 158/246
[reader] generated 160/246
[reader] generated 162/246
[reader] generated 164/246
[reader] generated 166/246
[reader] generated 168/246
[reader] generated 170/246
[reader] generated 172/246
[reader] generated 174/246
[reader] generated 176/246
[reader] generated 178/246
[reader] generated 180/246
[reader] generated 182/246
[reader] generated 184/246
[reader] generated 186/246
[reader] generated 188/246
[reader] generated 190/246
[reader] generated 192/246
[reader] generated 194/246
[reader] generated 196/246
[reader] generated 198/246
[reader] generated 200/246
[reader] generated 202/246
[reader] generated 204/246
[reader] generated 206/246
[reader] generated 208/246
[reader] generated 210/246
[reader] generated 212/246
[reader] generated 214/246
[reader] generated 216/246
[reader] generated 218/246
[reader] generated 220/246
[reader] generated 222/246
[reader] generated 224/246
[reader] generated 226/246
[reader] generated 228/246
[reader] generated 230/246
[reader] generated 232/246
[reader] generated 234/246
[reader] generated 236/246
[reader] generated 238/246
[reader] generated 240/246
[reader] generated 242/246
[reader] generated 244/246
[reader] generated 246/246
[density] policy=chunk_packed_160, router_type=fixed, representation=chunk, packer=packed, reader_model=Qwen/Qwen2.5-3B-Instruct, packed_token_budget=160, recall@1=0.1982, all_gold@1=0.0, recall@2=0.373, all_gold@2=0.0, recall@5=0.6982, all_gold@5=0.3618, qwen_em=0.0041, qwen_f1=0.1064, avg_reader_evidence_tokens=146.46, mean_ans_in_context=0.0244, mean_ans_in_context_soft=0.4999, mean_gold_token_density=0.6015, mean_gold_doc_reader_cov=0.4299, mean_all_gold_reader=0.0366, mean_distractor_docs=1.1504, mean_context_tokens=146.4634, mean_n_snippets=2.9593
[density] materializing policy=chunk_focused_160
[density] generating policy=chunk_focused_160
[reader] generated 2/246
[reader] generated 4/246
[reader] generated 6/246
[reader] generated 8/246
[reader] generated 10/246
[reader] generated 12/246
[reader] generated 14/246
[reader] generated 16/246
[reader] generated 18/246
[reader] generated 20/246
[reader] generated 22/246
[reader] generated 24/246
[reader] generated 26/246
[reader] generated 28/246
[reader] generated 30/246
[reader] generated 32/246
[reader] generated 34/246
[reader] generated 36/246
[reader] generated 38/246
[reader] generated 40/246
[reader] generated 42/246
[reader] generated 44/246
[reader] generated 46/246
[reader] generated 48/246
[reader] generated 50/246
[reader] generated 52/246
[reader] generated 54/246
[reader] generated 56/246
[reader] generated 58/246
[reader] generated 60/246
[reader] generated 62/246
[reader] generated 64/246
[reader] generated 66/246
[reader] generated 68/246
[reader] generated 70/246
[reader] generated 72/246
[reader] generated 74/246
[reader] generated 76/246
[reader] generated 78/246
[reader] generated 80/246
[reader] generated 82/246
[reader] generated 84/246
[reader] generated 86/246
[reader] generated 88/246
[reader] generated 90/246
[reader] generated 92/246
[reader] generated 94/246
[reader] generated 96/246
[reader] generated 98/246
[reader] generated 100/246
[reader] generated 102/246
[reader] generated 104/246
[reader] generated 106/246
[reader] generated 108/246
[reader] generated 110/246
[reader] generated 112/246
[reader] generated 114/246
[reader] generated 116/246
[reader] generated 118/246
[reader] generated 120/246
[reader] generated 122/246
[reader] generated 124/246
[reader] generated 126/246
[reader] generated 128/246
[reader] generated 130/246
[reader] generated 132/246
[reader] generated 134/246
[reader] generated 136/246
[reader] generated 138/246
[reader] generated 140/246
[reader] generated 142/246
[reader] generated 144/246
[reader] generated 146/246
[reader] generated 148/246
[reader] generated 150/246
[reader] generated 152/246
[reader] generated 154/246
[reader] generated 156/246
[reader] generated 158/246
[reader] generated 160/246
[reader] generated 162/246
[reader] generated 164/246
[reader] generated 166/246
[reader] generated 168/246
[reader] generated 170/246
[reader] generated 172/246
[reader] generated 174/246
[reader] generated 176/246
[reader] generated 178/246
[reader] generated 180/246
[reader] generated 182/246
[reader] generated 184/246
[reader] generated 186/246
[reader] generated 188/246
[reader] generated 190/246
[reader] generated 192/246
[reader] generated 194/246
[reader] generated 196/246
[reader] generated 198/246
[reader] generated 200/246
[reader] generated 202/246
[reader] generated 204/246
[reader] generated 206/246
[reader] generated 208/246
[reader] generated 210/246
[reader] generated 212/246
[reader] generated 214/246
[reader] generated 216/246
[reader] generated 218/246
[reader] generated 220/246
[reader] generated 222/246
[reader] generated 224/246
[reader] generated 226/246
[reader] generated 228/246
[reader] generated 230/246
[reader] generated 232/246
[reader] generated 234/246
[reader] generated 236/246
[reader] generated 238/246
[reader] generated 240/246
[reader] generated 242/246
[reader] generated 244/246
[reader] generated 246/246
[density] policy=chunk_focused_160, router_type=fixed, representation=chunk, packer=focused, reader_model=Qwen/Qwen2.5-3B-Instruct, packed_token_budget=160, recall@1=0.1982, all_gold@1=0.0, recall@2=0.373, all_gold@2=0.0, recall@5=0.6982, all_gold@5=0.3618, qwen_em=0.0041, qwen_f1=0.1263, avg_reader_evidence_tokens=147.37, mean_ans_in_context=0.0285, mean_ans_in_context_soft=0.539, mean_gold_token_density=0.6494, mean_gold_doc_reader_cov=0.4146, mean_all_gold_reader=0.0244, mean_distractor_docs=0.9675, mean_context_tokens=147.374, mean_n_snippets=2.7236
[density] materializing policy=chunk_mmr_160
[density] generating policy=chunk_mmr_160
[reader] generated 2/246
[reader] generated 4/246
[reader] generated 6/246
[reader] generated 8/246
[reader] generated 10/246
[reader] generated 12/246
[reader] generated 14/246
[reader] generated 16/246
[reader] generated 18/246
[reader] generated 20/246
[reader] generated 22/246
[reader] generated 24/246
[reader] generated 26/246
[reader] generated 28/246
[reader] generated 30/246
[reader] generated 32/246
[reader] generated 34/246
[reader] generated 36/246
[reader] generated 38/246
[reader] generated 40/246
[reader] generated 42/246
[reader] generated 44/246
[reader] generated 46/246
[reader] generated 48/246
[reader] generated 50/246
[reader] generated 52/246
[reader] generated 54/246
[reader] generated 56/246
[reader] generated 58/246
[reader] generated 60/246
[reader] generated 62/246
[reader] generated 64/246
[reader] generated 66/246
[reader] generated 68/246
[reader] generated 70/246
[reader] generated 72/246
[reader] generated 74/246
[reader] generated 76/246
[reader] generated 78/246
[reader] generated 80/246
[reader] generated 82/246
[reader] generated 84/246
[reader] generated 86/246
[reader] generated 88/246
[reader] generated 90/246
[reader] generated 92/246
[reader] generated 94/246
[reader] generated 96/246
[reader] generated 98/246
[reader] generated 100/246
[reader] generated 102/246
[reader] generated 104/246
[reader] generated 106/246
[reader] generated 108/246
[reader] generated 110/246
[reader] generated 112/246
[reader] generated 114/246
[reader] generated 116/246
[reader] generated 118/246
[reader] generated 120/246
[reader] generated 122/246
[reader] generated 124/246
[reader] generated 126/246
[reader] generated 128/246
[reader] generated 130/246
[reader] generated 132/246
[reader] generated 134/246
[reader] generated 136/246
[reader] generated 138/246
[reader] generated 140/246
[reader] generated 142/246
[reader] generated 144/246
[reader] generated 146/246
[reader] generated 148/246
[reader] generated 150/246
[reader] generated 152/246
[reader] generated 154/246
[reader] generated 156/246
[reader] generated 158/246
[reader] generated 160/246
[reader] generated 162/246
[reader] generated 164/246
[reader] generated 166/246
[reader] generated 168/246
[reader] generated 170/246
[reader] generated 172/246
[reader] generated 174/246
[reader] generated 176/246
[reader] generated 178/246
[reader] generated 180/246
[reader] generated 182/246
[reader] generated 184/246
[reader] generated 186/246
[reader] generated 188/246
[reader] generated 190/246
[reader] generated 192/246
[reader] generated 194/246
[reader] generated 196/246
[reader] generated 198/246
[reader] generated 200/246
[reader] generated 202/246
[reader] generated 204/246
[reader] generated 206/246
[reader] generated 208/246
[reader] generated 210/246
[reader] generated 212/246
[reader] generated 214/246
[reader] generated 216/246
[reader] generated 218/246
[reader] generated 220/246
[reader] generated 222/246
[reader] generated 224/246
[reader] generated 226/246
[reader] generated 228/246
[reader] generated 230/246
[reader] generated 232/246
[reader] generated 234/246
[reader] generated 236/246
[reader] generated 238/246
[reader] generated 240/246
[reader] generated 242/246
[reader] generated 244/246
[reader] generated 246/246
[density] policy=chunk_mmr_160, router_type=fixed, representation=chunk, packer=mmr, reader_model=Qwen/Qwen2.5-3B-Instruct, packed_token_budget=160, recall@1=0.1982, all_gold@1=0.0, recall@2=0.373, all_gold@2=0.0, recall@5=0.6982, all_gold@5=0.3618, qwen_em=0.0041, qwen_f1=0.1141, avg_reader_evidence_tokens=147.47, mean_ans_in_context=0.0285, mean_ans_in_context_soft=0.5113, mean_gold_token_density=0.6209, mean_gold_doc_reader_cov=0.3821, mean_all_gold_reader=0.0285, mean_distractor_docs=1.0122, mean_context_tokens=147.4715, mean_n_snippets=2.7073
[density] materializing policy=chunk_submod_160
[density] generating policy=chunk_submod_160
[reader] generated 2/246
[reader] generated 4/246
[reader] generated 6/246
[reader] generated 8/246
[reader] generated 10/246
[reader] generated 12/246
[reader] generated 14/246
[reader] generated 16/246
[reader] generated 18/246
[reader] generated 20/246
[reader] generated 22/246
[reader] generated 24/246
[reader] generated 26/246
[reader] generated 28/246
[reader] generated 30/246
[reader] generated 32/246
[reader] generated 34/246
[reader] generated 36/246
[reader] generated 38/246
[reader] generated 40/246
[reader] generated 42/246
[reader] generated 44/246
[reader] generated 46/246
[reader] generated 48/246
[reader] generated 50/246
[reader] generated 52/246
[reader] generated 54/246
[reader] generated 56/246
[reader] generated 58/246
[reader] generated 60/246
[reader] generated 62/246
[reader] generated 64/246
[reader] generated 66/246
[reader] generated 68/246
[reader] generated 70/246
[reader] generated 72/246
[reader] generated 74/246
[reader] generated 76/246
[reader] generated 78/246
[reader] generated 80/246
[reader] generated 82/246
[reader] generated 84/246
[reader] generated 86/246
[reader] generated 88/246
[reader] generated 90/246
[reader] generated 92/246
[reader] generated 94/246
[reader] generated 96/246
[reader] generated 98/246
[reader] generated 100/246
[reader] generated 102/246
[reader] generated 104/246
[reader] generated 106/246
[reader] generated 108/246
[reader] generated 110/246
[reader] generated 112/246
[reader] generated 114/246
[reader] generated 116/246
[reader] generated 118/246
[reader] generated 120/246
[reader] generated 122/246
[reader] generated 124/246
[reader] generated 126/246
[reader] generated 128/246
[reader] generated 130/246
[reader] generated 132/246
[reader] generated 134/246
[reader] generated 136/246
[reader] generated 138/246
[reader] generated 140/246
[reader] generated 142/246
[reader] generated 144/246
[reader] generated 146/246
[reader] generated 148/246
[reader] generated 150/246
[reader] generated 152/246
[reader] generated 154/246
[reader] generated 156/246
[reader] generated 158/246
[reader] generated 160/246
[reader] generated 162/246
[reader] generated 164/246
[reader] generated 166/246
[reader] generated 168/246
[reader] generated 170/246
[reader] generated 172/246
[reader] generated 174/246
[reader] generated 176/246
[reader] generated 178/246
[reader] generated 180/246
[reader] generated 182/246
[reader] generated 184/246
[reader] generated 186/246
[reader] generated 188/246
[reader] generated 190/246
[reader] generated 192/246
[reader] generated 194/246
[reader] generated 196/246
[reader] generated 198/246
[reader] generated 200/246
[reader] generated 202/246
[reader] generated 204/246
[reader] generated 206/246
[reader] generated 208/246
[reader] generated 210/246
[reader] generated 212/246
[reader] generated 214/246
[reader] generated 216/246
[reader] generated 218/246
[reader] generated 220/246
[reader] generated 222/246
[reader] generated 224/246
[reader] generated 226/246
[reader] generated 228/246
[reader] generated 230/246
[reader] generated 232/246
[reader] generated 234/246
[reader] generated 236/246
[reader] generated 238/246
[reader] generated 240/246
[reader] generated 242/246
[reader] generated 244/246
[reader] generated 246/246
[density] policy=chunk_submod_160, router_type=fixed, representation=chunk, packer=submod, reader_model=Qwen/Qwen2.5-3B-Instruct, packed_token_budget=160, recall@1=0.1982, all_gold@1=0.0, recall@2=0.373, all_gold@2=0.0, recall@5=0.6982, all_gold@5=0.3618, qwen_em=0.0041, qwen_f1=0.1162, avg_reader_evidence_tokens=140.13, mean_ans_in_context=0.0203, mean_ans_in_context_soft=0.5004, mean_gold_token_density=0.615, mean_gold_doc_reader_cov=0.5183, mean_all_gold_reader=0.0854, mean_distractor_docs=1.3984, mean_context_tokens=140.1341, mean_n_snippets=4.0691
[density] materializing policy=ace_focused_160
[density] generating policy=ace_focused_160
[reader] generated 2/246
[reader] generated 4/246
[reader] generated 6/246
[reader] generated 8/246
[reader] generated 10/246
[reader] generated 12/246
[reader] generated 14/246
[reader] generated 16/246
[reader] generated 18/246
[reader] generated 20/246
[reader] generated 22/246
[reader] generated 24/246
[reader] generated 26/246
[reader] generated 28/246
[reader] generated 30/246
[reader] generated 32/246
[reader] generated 34/246
[reader] generated 36/246
[reader] generated 38/246
[reader] generated 40/246
[reader] generated 42/246
[reader] generated 44/246
[reader] generated 46/246
[reader] generated 48/246
[reader] generated 50/246
[reader] generated 52/246
[reader] generated 54/246
[reader] generated 56/246
[reader] generated 58/246
[reader] generated 60/246
[reader] generated 62/246
[reader] generated 64/246
[reader] generated 66/246
[reader] generated 68/246
[reader] generated 70/246
[reader] generated 72/246
[reader] generated 74/246
[reader] generated 76/246
[reader] generated 78/246
[reader] generated 80/246
[reader] generated 82/246
[reader] generated 84/246
[reader] generated 86/246
[reader] generated 88/246
[reader] generated 90/246
[reader] generated 92/246
[reader] generated 94/246
[reader] generated 96/246
[reader] generated 98/246
[reader] generated 100/246
[reader] generated 102/246
[reader] generated 104/246
[reader] generated 106/246
[reader] generated 108/246
[reader] generated 110/246
[reader] generated 112/246
[reader] generated 114/246
[reader] generated 116/246
[reader] generated 118/246
[reader] generated 120/246
[reader] generated 122/246
[reader] generated 124/246
[reader] generated 126/246
[reader] generated 128/246
[reader] generated 130/246
[reader] generated 132/246
[reader] generated 134/246
[reader] generated 136/246
[reader] generated 138/246
[reader] generated 140/246
[reader] generated 142/246
[reader] generated 144/246
[reader] generated 146/246
[reader] generated 148/246
[reader] generated 150/246
[reader] generated 152/246
[reader] generated 154/246
[reader] generated 156/246
[reader] generated 158/246
[reader] generated 160/246
[reader] generated 162/246
[reader] generated 164/246
[reader] generated 166/246
[reader] generated 168/246
[reader] generated 170/246
[reader] generated 172/246
[reader] generated 174/246
[reader] generated 176/246
[reader] generated 178/246
[reader] generated 180/246
[reader] generated 182/246
[reader] generated 184/246
[reader] generated 186/246
[reader] generated 188/246
[reader] generated 190/246
[reader] generated 192/246
[reader] generated 194/246
[reader] generated 196/246
[reader] generated 198/246
[reader] generated 200/246
[reader] generated 202/246
[reader] generated 204/246
[reader] generated 206/246
[reader] generated 208/246
[reader] generated 210/246
[reader] generated 212/246
[reader] generated 214/246
[reader] generated 216/246
[reader] generated 218/246
[reader] generated 220/246
[reader] generated 222/246
[reader] generated 224/246
[reader] generated 226/246
[reader] generated 228/246
[reader] generated 230/246
[reader] generated 232/246
[reader] generated 234/246
[reader] generated 236/246
[reader] generated 238/246
[reader] generated 240/246
[reader] generated 242/246
[reader] generated 244/246
[reader] generated 246/246
[density] policy=ace_focused_160, router_type=fixed, representation=ace, packer=focused, reader_model=Qwen/Qwen2.5-3B-Instruct, packed_token_budget=160, recall@1=0.1646, all_gold@1=0.0, recall@2=0.3069, all_gold@2=0.0, recall@5=0.5854, all_gold@5=0.2195, qwen_em=0.0041, qwen_f1=0.134, avg_reader_evidence_tokens=147.94, mean_ans_in_context=0.0325, mean_ans_in_context_soft=0.5394, mean_gold_token_density=0.5875, mean_gold_doc_reader_cov=0.436, mean_all_gold_reader=0.0203, mean_distractor_docs=1.5813, mean_context_tokens=147.939, mean_n_snippets=3.561
[density] materializing policy=ace_mmr_160
[density] generating policy=ace_mmr_160
[reader] generated 2/246
[reader] generated 4/246
[reader] generated 6/246
[reader] generated 8/246
[reader] generated 10/246
[reader] generated 12/246
[reader] generated 14/246
[reader] generated 16/246
[reader] generated 18/246
[reader] generated 20/246
[reader] generated 22/246
[reader] generated 24/246
[reader] generated 26/246
[reader] generated 28/246
[reader] generated 30/246
[reader] generated 32/246
[reader] generated 34/246
[reader] generated 36/246
[reader] generated 38/246
[reader] generated 40/246
[reader] generated 42/246
[reader] generated 44/246
[reader] generated 46/246
[reader] generated 48/246
[reader] generated 50/246
[reader] generated 52/246
[reader] generated 54/246
[reader] generated 56/246
[reader] generated 58/246
[reader] generated 60/246
[reader] generated 62/246
[reader] generated 64/246
[reader] generated 66/246
[reader] generated 68/246
[reader] generated 70/246
[reader] generated 72/246
[reader] generated 74/246
[reader] generated 76/246
[reader] generated 78/246
[reader] generated 80/246
[reader] generated 82/246
[reader] generated 84/246
[reader] generated 86/246
[reader] generated 88/246
[reader] generated 90/246
[reader] generated 92/246
[reader] generated 94/246
[reader] generated 96/246
[reader] generated 98/246
[reader] generated 100/246
[reader] generated 102/246
[reader] generated 104/246
[reader] generated 106/246
[reader] generated 108/246
[reader] generated 110/246
[reader] generated 112/246
[reader] generated 114/246
[reader] generated 116/246
[reader] generated 118/246
[reader] generated 120/246
[reader] generated 122/246
[reader] generated 124/246
[reader] generated 126/246
[reader] generated 128/246
[reader] generated 130/246
[reader] generated 132/246
[reader] generated 134/246
[reader] generated 136/246
[reader] generated 138/246
[reader] generated 140/246
[reader] generated 142/246
[reader] generated 144/246
[reader] generated 146/246
[reader] generated 148/246
[reader] generated 150/246
[reader] generated 152/246
[reader] generated 154/246
[reader] generated 156/246
[reader] generated 158/246
[reader] generated 160/246
[reader] generated 162/246
[reader] generated 164/246
[reader] generated 166/246
[reader] generated 168/246
[reader] generated 170/246
[reader] generated 172/246
[reader] generated 174/246
[reader] generated 176/246
[reader] generated 178/246
[reader] generated 180/246
[reader] generated 182/246
[reader] generated 184/246
[reader] generated 186/246
[reader] generated 188/246
[reader] generated 190/246
[reader] generated 192/246
[reader] generated 194/246
[reader] generated 196/246
[reader] generated 198/246
[reader] generated 200/246
[reader] generated 202/246
[reader] generated 204/246
[reader] generated 206/246
[reader] generated 208/246
[reader] generated 210/246
[reader] generated 212/246
[reader] generated 214/246
[reader] generated 216/246
[reader] generated 218/246
[reader] generated 220/246
[reader] generated 222/246
[reader] generated 224/246
[reader] generated 226/246
[reader] generated 228/246
[reader] generated 230/246
[reader] generated 232/246
[reader] generated 234/246
[reader] generated 236/246
[reader] generated 238/246
[reader] generated 240/246
[reader] generated 242/246
[reader] generated 244/246
[reader] generated 246/246
[density] policy=ace_mmr_160, router_type=fixed, representation=ace, packer=mmr, reader_model=Qwen/Qwen2.5-3B-Instruct, packed_token_budget=160, recall@1=0.1646, all_gold@1=0.0, recall@2=0.3069, all_gold@2=0.0, recall@5=0.5854, all_gold@5=0.2195, qwen_em=0.0041, qwen_f1=0.1342, avg_reader_evidence_tokens=146.59, mean_ans_in_context=0.0285, mean_ans_in_context_soft=0.5197, mean_gold_token_density=0.5717, mean_gold_doc_reader_cov=0.3994, mean_all_gold_reader=0.0081, mean_distractor_docs=1.4715, mean_context_tokens=146.5894, mean_n_snippets=3.5854
[density] materializing policy=ace_submod_160
[density] generating policy=ace_submod_160
[reader] generated 2/246
[reader] generated 4/246
[reader] generated 6/246
[reader] generated 8/246
[reader] generated 10/246
[reader] generated 12/246
[reader] generated 14/246
[reader] generated 16/246
[reader] generated 18/246
[reader] generated 20/246
[reader] generated 22/246
[reader] generated 24/246
[reader] generated 26/246
[reader] generated 28/246
[reader] generated 30/246
[reader] generated 32/246
[reader] generated 34/246
[reader] generated 36/246
[reader] generated 38/246
[reader] generated 40/246
[reader] generated 42/246
[reader] generated 44/246
[reader] generated 46/246
[reader] generated 48/246
[reader] generated 50/246
[reader] generated 52/246
[reader] generated 54/246
[reader] generated 56/246
[reader] generated 58/246
[reader] generated 60/246
[reader] generated 62/246
[reader] generated 64/246
[reader] generated 66/246
[reader] generated 68/246
[reader] generated 70/246
[reader] generated 72/246
[reader] generated 74/246
[reader] generated 76/246
[reader] generated 78/246
[reader] generated 80/246
[reader] generated 82/246
[reader] generated 84/246
[reader] generated 86/246
[reader] generated 88/246
[reader] generated 90/246
[reader] generated 92/246
[reader] generated 94/246
[reader] generated 96/246
[reader] generated 98/246
[reader] generated 100/246
[reader] generated 102/246
[reader] generated 104/246
[reader] generated 106/246
[reader] generated 108/246
[reader] generated 110/246
[reader] generated 112/246
[reader] generated 114/246
[reader] generated 116/246
[reader] generated 118/246
[reader] generated 120/246
[reader] generated 122/246
[reader] generated 124/246
[reader] generated 126/246
[reader] generated 128/246
[reader] generated 130/246
[reader] generated 132/246
[reader] generated 134/246
[reader] generated 136/246
[reader] generated 138/246
[reader] generated 140/246
[reader] generated 142/246
[reader] generated 144/246
[reader] generated 146/246
[reader] generated 148/246
[reader] generated 150/246
[reader] generated 152/246
[reader] generated 154/246
[reader] generated 156/246
[reader] generated 158/246
[reader] generated 160/246
[reader] generated 162/246
[reader] generated 164/246
[reader] generated 166/246
[reader] generated 168/246
[reader] generated 170/246
[reader] generated 172/246
[reader] generated 174/246
[reader] generated 176/246
[reader] generated 178/246
[reader] generated 180/246
[reader] generated 182/246
[reader] generated 184/246
[reader] generated 186/246
[reader] generated 188/246
[reader] generated 190/246
[reader] generated 192/246
[reader] generated 194/246
[reader] generated 196/246
[reader] generated 198/246
[reader] generated 200/246
[reader] generated 202/246
[reader] generated 204/246
[reader] generated 206/246
[reader] generated 208/246
[reader] generated 210/246
[reader] generated 212/246
[reader] generated 214/246
[reader] generated 216/246
[reader] generated 218/246
[reader] generated 220/246
[reader] generated 222/246
[reader] generated 224/246
[reader] generated 226/246
[reader] generated 228/246
[reader] generated 230/246
[reader] generated 232/246
[reader] generated 234/246
[reader] generated 236/246
[reader] generated 238/246
[reader] generated 240/246
[reader] generated 242/246
[reader] generated 244/246
[reader] generated 246/246
[density] policy=ace_submod_160, router_type=fixed, representation=ace, packer=submod, reader_model=Qwen/Qwen2.5-3B-Instruct, packed_token_budget=160, recall@1=0.1646, all_gold@1=0.0, recall@2=0.3069, all_gold@2=0.0, recall@5=0.5854, all_gold@5=0.2195, qwen_em=0.0041, qwen_f1=0.1325, avg_reader_evidence_tokens=144.78, mean_ans_in_context=0.0366, mean_ans_in_context_soft=0.5103, mean_gold_token_density=0.5051, mean_gold_doc_reader_cov=0.4065, mean_all_gold_reader=0.0366, mean_distractor_docs=1.7927, mean_context_tokens=144.7805, mean_n_snippets=4.2073
[density] policy=router_oracle_packer, router_type=oracle, representation=mixed, packer=oracle, reader_model=Qwen/Qwen2.5-3B-Instruct, packed_token_budget=160, selection_counts={"ace_focused_160": 44, "ace_mmr_160": 28, "ace_submod_160": 41, "chunk_focused_160": 57, "chunk_mmr_160": 14, "chunk_submod_160": 62}, qwen_em=0.0041, qwen_f1=0.2139, avg_reader_evidence_tokens=139.91, mean_ans_in_context=0.0366, mean_ans_in_context_soft=0.5481, mean_gold_token_density=0.6184, mean_gold_doc_reader_cov=0.4431, mean_all_gold_reader=0.0325, mean_distractor_docs=1.3211, mean_context_tokens=139.9106, mean_n_snippets=3.4756
[density] freeing reader before NLI (1722 pairs)
[nli] scored 32/1722
[nli] scored 64/1722
[nli] scored 96/1722
[nli] scored 128/1722
[nli] scored 160/1722
[nli] scored 192/1722
[nli] scored 224/1722
[nli] scored 256/1722
[nli] scored 288/1722
[nli] scored 320/1722
[nli] scored 352/1722
[nli] scored 384/1722
[nli] scored 416/1722
[nli] scored 448/1722
[nli] scored 480/1722
[nli] scored 512/1722
[nli] scored 544/1722
[nli] scored 576/1722
[nli] scored 608/1722
[nli] scored 640/1722
[nli] scored 672/1722
[nli] scored 704/1722
[nli] scored 736/1722
[nli] scored 768/1722
[nli] scored 800/1722
[nli] scored 832/1722
[nli] scored 864/1722
[nli] scored 896/1722
[nli] scored 928/1722
[nli] scored 960/1722
[nli] scored 992/1722
[nli] scored 1024/1722
[nli] scored 1056/1722
[nli] scored 1088/1722
[nli] scored 1120/1722
[nli] scored 1152/1722
[nli] scored 1184/1722
[nli] scored 1216/1722
[nli] scored 1248/1722
[nli] scored 1280/1722
[nli] scored 1312/1722
[nli] scored 1344/1722
[nli] scored 1376/1722
[nli] scored 1408/1722
[nli] scored 1440/1722
[nli] scored 1472/1722
[nli] scored 1504/1722
[nli] scored 1536/1722
[nli] scored 1568/1722
[nli] scored 1600/1722
[nli] scored 1632/1722
[nli] scored 1664/1722
[nli] scored 1696/1722
[nli] scored 1722/1722
wrote /kaggle/working/colab_results/stage15_semanticaic_covidqa_qwen3b_budget160_seed42/ragbench_density_standard_budget160_limit500_metrics.csv
wrote /kaggle/working/colab_results/stage15_semanticaic_covidqa_qwen3b_budget160_seed42/ragbench_density_standard_budget160_limit500_per_question.csv
--- semantic AiC covidqa seed 13 ---
$ /usr/bin/python3 -m experiments.run_density_router --dataset ragbench --limit 500 --seed 13 --ace-retriever standard --top-k 5 --top-k-nodes 48 --max-expanded-docs 5 --embedder sentence-transformers --embedding-model BAAI/bge-small-en-v1.5 --embed-device cuda --compressor truncate --compress-dims 320 --reader-backend hf --reader-model Qwen/Qwen2.5-3B-Instruct --reader-device cuda --reader-batch-size 2 --mmr-lambda 0.7 --budget 160 --out-dir /kaggle/working/colab_results/stage15_semanticaic_covidqa_qwen3b_budget160_seed13 --split test --ragbench-subset covidqa --semantic-aic --nli-model cross-encoder/nli-deberta-v3-small --nli-batch-size 32
ragbench[test:246]: 984 docs, 246 questions, 4.00 gold docs/question
[density] retrieving chunk baseline
[chunk] fitting/indexing
[embed] encoding 984 texts on device=cuda:0

Batches:   0%|          | 0/16 [00:00<?, ?it/s]
Batches:   6%|▋         | 1/16 [00:00<00:08,  1.74it/s]
Batches:  12%|█▎        | 2/16 [00:00<00:05,  2.63it/s]
Batches:  19%|█▉        | 3/16 [00:01<00:04,  3.21it/s]
Batches:  25%|██▌       | 4/16 [00:01<00:03,  3.60it/s]
Batches:  31%|███▏      | 5/16 [00:01<00:02,  4.01it/s]
Batches:  38%|███▊      | 6/16 [00:01<00:02,  4.05it/s]
Batches:  44%|████▍     | 7/16 [00:01<00:02,  4.02it/s]
Batches:  50%|█████     | 8/16 [00:02<00:01,  4.17it/s]
Batches:  56%|█████▋    | 9/16 [00:02<00:01,  4.46it/s]
Batches:  62%|██████▎   | 10/16 [00:02<00:01,  4.87it/s]
Batches:  69%|██████▉   | 11/16 [00:02<00:00,  5.18it/s]
Batches:  75%|███████▌  | 12/16 [00:02<00:00,  5.60it/s]
Batches:  81%|████████▏ | 13/16 [00:02<00:00,  6.42it/s]
Batches:  94%|█████████▍| 15/16 [00:03<00:00,  8.53it/s]
Batches: 100%|██████████| 16/16 [00:03<00:00,  5.13it/s]
[chunk] retrieving
[embed] encoding 246 texts on device=cuda:0

Batches:   0%|          | 0/4 [00:00<?, ?it/s]
Batches: 100%|██████████| 4/4 [00:00<00:00, 39.90it/s]
Batches: 100%|██████████| 4/4 [00:00<00:00, 39.78it/s]
[density] retrieving ACE graph
[ace] building evidence graph
[ace] graph built: nodes=6611 edges=8620
[ace] fitting/indexing embeddings
[embed] encoding 5627 texts on device=cuda:0

Batches:   0%|          | 0/88 [00:00<?, ?it/s]
Batches:   1%|          | 1/88 [00:00<00:14,  5.88it/s]
Batches:   3%|▎         | 3/88 [00:00<00:09,  8.73it/s]
Batches:   5%|▍         | 4/88 [00:00<00:09,  9.06it/s]
Batches:   7%|▋         | 6/88 [00:00<00:08, 10.22it/s]
Batches:   9%|▉         | 8/88 [00:00<00:07, 10.90it/s]
Batches:  11%|█▏        | 10/88 [00:00<00:06, 11.99it/s]
Batches:  14%|█▎        | 12/88 [00:01<00:06, 12.17it/s]
Batches:  16%|█▌        | 14/88 [00:01<00:05, 12.91it/s]
Batches:  18%|█▊        | 16/88 [00:01<00:05, 14.01it/s]
Batches:  20%|██        | 18/88 [00:01<00:04, 14.82it/s]
Batches:  23%|██▎       | 20/88 [00:01<00:04, 15.74it/s]
Batches:  25%|██▌       | 22/88 [00:01<00:03, 16.77it/s]
Batches:  28%|██▊       | 25/88 [00:01<00:03, 18.21it/s]
Batches:  32%|███▏      | 28/88 [00:01<00:03, 19.27it/s]
Batches:  35%|███▌      | 31/88 [00:02<00:02, 19.89it/s]
Batches:  39%|███▊      | 34/88 [00:02<00:02, 20.81it/s]
Batches:  42%|████▏     | 37/88 [00:02<00:02, 21.88it/s]
Batches:  45%|████▌     | 40/88 [00:02<00:02, 22.60it/s]
Batches:  49%|████▉     | 43/88 [00:02<00:01, 23.81it/s]
Batches:  52%|█████▏    | 46/88 [00:02<00:01, 25.29it/s]
Batches:  56%|█████▌    | 49/88 [00:02<00:01, 26.56it/s]
Batches:  60%|██████    | 53/88 [00:02<00:01, 28.75it/s]
Batches:  66%|██████▌   | 58/88 [00:03<00:00, 33.37it/s]
Batches:  74%|███████▍  | 65/88 [00:03<00:00, 43.04it/s]
Batches:  84%|████████▍ | 74/88 [00:03<00:00, 55.74it/s]
Batches:  95%|█████████▌| 84/88 [00:03<00:00, 66.91it/s]
Batches: 100%|██████████| 88/88 [00:03<00:00, 26.05it/s]
[ace] retrieving
[embed] encoding 246 texts on device=cuda:0

Batches:   0%|          | 0/4 [00:00<?, ?it/s]
Batches: 100%|██████████| 4/4 [00:00<00:00, 43.35it/s]
[density] loading reader once
`torch_dtype` is deprecated! Use `dtype` instead!

Loading checkpoint shards:   0%|          | 0/2 [00:00<?, ?it/s]
Loading checkpoint shards:  50%|█████     | 1/2 [00:02<00:02,  2.51s/it]
Loading checkpoint shards: 100%|██████████| 2/2 [00:03<00:00,  1.86s/it]
Loading checkpoint shards: 100%|██████████| 2/2 [00:03<00:00,  1.96s/it]
[reader] loaded Qwen/Qwen2.5-3B-Instruct (device_map=None, 4bit=False) entry=cuda:0
[density] materializing policy=chunk_packed_160
[density] generating policy=chunk_packed_160
The following generation flags are not valid and may be ignored: ['temperature', 'top_p', 'top_k']. Set `TRANSFORMERS_VERBOSITY=info` for more details.
[reader] generated 2/246
[reader] generated 4/246
[reader] generated 6/246
[reader] generated 8/246
[reader] generated 10/246
[reader] generated 12/246
[reader] generated 14/246
[reader] generated 16/246
[reader] generated 18/246
[reader] generated 20/246
[reader] generated 22/246
[reader] generated 24/246
[reader] generated 26/246
[reader] generated 28/246
[reader] generated 30/246
[reader] generated 32/246
[reader] generated 34/246
[reader] generated 36/246
[reader] generated 38/246
[reader] generated 40/246
[reader] generated 42/246
[reader] generated 44/246
[reader] generated 46/246
[reader] generated 48/246
[reader] generated 50/246
[reader] generated 52/246
[reader] generated 54/246
[reader] generated 56/246
[reader] generated 58/246
[reader] generated 60/246
[reader] generated 62/246
[reader] generated 64/246
[reader] generated 66/246
[reader] generated 68/246
[reader] generated 70/246
[reader] generated 72/246
[reader] generated 74/246
[reader] generated 76/246
[reader] generated 78/246
[reader] generated 80/246
[reader] generated 82/246
[reader] generated 84/246
[reader] generated 86/246
[reader] generated 88/246
[reader] generated 90/246
[reader] generated 92/246
[reader] generated 94/246
[reader] generated 96/246
[reader] generated 98/246
[reader] generated 100/246
[reader] generated 102/246
[reader] generated 104/246
[reader] generated 106/246
[reader] generated 108/246
[reader] generated 110/246
[reader] generated 112/246
[reader] generated 114/246
[reader] generated 116/246
[reader] generated 118/246
[reader] generated 120/246
[reader] generated 122/246
[reader] generated 124/246
[reader] generated 126/246
[reader] generated 128/246
[reader] generated 130/246
[reader] generated 132/246
[reader] generated 134/246
[reader] generated 136/246
[reader] generated 138/246
[reader] generated 140/246
[reader] generated 142/246
[reader] generated 144/246
[reader] generated 146/246
[reader] generated 148/246
[reader] generated 150/246
[reader] generated 152/246
[reader] generated 154/246
[reader] generated 156/246
[reader] generated 158/246
[reader] generated 160/246
[reader] generated 162/246
[reader] generated 164/246
[reader] generated 166/246
[reader] generated 168/246
[reader] generated 170/246
[reader] generated 172/246
[reader] generated 174/246
[reader] generated 176/246
[reader] generated 178/246
[reader] generated 180/246
[reader] generated 182/246
[reader] generated 184/246
[reader] generated 186/246
[reader] generated 188/246
[reader] generated 190/246
[reader] generated 192/246
[reader] generated 194/246
[reader] generated 196/246
[reader] generated 198/246
[reader] generated 200/246
[reader] generated 202/246
[reader] generated 204/246
[reader] generated 206/246
[reader] generated 208/246
[reader] generated 210/246
[reader] generated 212/246
[reader] generated 214/246
[reader] generated 216/246
[reader] generated 218/246
[reader] generated 220/246
[reader] generated 222/246
[reader] generated 224/246
[reader] generated 226/246
[reader] generated 228/246
[reader] generated 230/246
[reader] generated 232/246
[reader] generated 234/246
[reader] generated 236/246
[reader] generated 238/246
[reader] generated 240/246
[reader] generated 242/246
[reader] generated 244/246
[reader] generated 246/246
[density] policy=chunk_packed_160, router_type=fixed, representation=chunk, packer=packed, reader_model=Qwen/Qwen2.5-3B-Instruct, packed_token_budget=160, recall@1=0.1982, all_gold@1=0.0, recall@2=0.373, all_gold@2=0.0, recall@5=0.6982, all_gold@5=0.3618, qwen_em=0.0041, qwen_f1=0.1064, avg_reader_evidence_tokens=146.46, mean_ans_in_context=0.0244, mean_ans_in_context_soft=0.4999, mean_gold_token_density=0.6015, mean_gold_doc_reader_cov=0.4299, mean_all_gold_reader=0.0366, mean_distractor_docs=1.1504, mean_context_tokens=146.4634, mean_n_snippets=2.9593
[density] materializing policy=chunk_focused_160
[density] generating policy=chunk_focused_160
[reader] generated 2/246
[reader] generated 4/246
[reader] generated 6/246
[reader] generated 8/246
[reader] generated 10/246
[reader] generated 12/246
[reader] generated 14/246
[reader] generated 16/246
[reader] generated 18/246
[reader] generated 20/246
[reader] generated 22/246
[reader] generated 24/246
[reader] generated 26/246
[reader] generated 28/246
[reader] generated 30/246
[reader] generated 32/246
[reader] generated 34/246
[reader] generated 36/246
[reader] generated 38/246
[reader] generated 40/246
[reader] generated 42/246
[reader] generated 44/246
[reader] generated 46/246
[reader] generated 48/246
[reader] generated 50/246
[reader] generated 52/246
[reader] generated 54/246
[reader] generated 56/246
[reader] generated 58/246
[reader] generated 60/246
[reader] generated 62/246
[reader] generated 64/246
[reader] generated 66/246
[reader] generated 68/246
[reader] generated 70/246
[reader] generated 72/246
[reader] generated 74/246
[reader] generated 76/246
[reader] generated 78/246
[reader] generated 80/246
[reader] generated 82/246
[reader] generated 84/246
[reader] generated 86/246
[reader] generated 88/246
[reader] generated 90/246
[reader] generated 92/246
[reader] generated 94/246
[reader] generated 96/246
[reader] generated 98/246
[reader] generated 100/246
[reader] generated 102/246
[reader] generated 104/246
[reader] generated 106/246
[reader] generated 108/246
[reader] generated 110/246
[reader] generated 112/246
[reader] generated 114/246
[reader] generated 116/246
[reader] generated 118/246
[reader] generated 120/246
[reader] generated 122/246
[reader] generated 124/246
[reader] generated 126/246
[reader] generated 128/246
[reader] generated 130/246
[reader] generated 132/246
[reader] generated 134/246
[reader] generated 136/246
[reader] generated 138/246
[reader] generated 140/246
[reader] generated 142/246
[reader] generated 144/246
[reader] generated 146/246
[reader] generated 148/246
[reader] generated 150/246
[reader] generated 152/246
[reader] generated 154/246
[reader] generated 156/246
[reader] generated 158/246
[reader] generated 160/246
[reader] generated 162/246
[reader] generated 164/246
[reader] generated 166/246
[reader] generated 168/246
[reader] generated 170/246
[reader] generated 172/246
[reader] generated 174/246
[reader] generated 176/246
[reader] generated 178/246
[reader] generated 180/246
[reader] generated 182/246
[reader] generated 184/246
[reader] generated 186/246
[reader] generated 188/246
[reader] generated 190/246
[reader] generated 192/246
[reader] generated 194/246
[reader] generated 196/246
[reader] generated 198/246
[reader] generated 200/246
[reader] generated 202/246
[reader] generated 204/246
[reader] generated 206/246
[reader] generated 208/246
[reader] generated 210/246
[reader] generated 212/246
[reader] generated 214/246
[reader] generated 216/246
[reader] generated 218/246
[reader] generated 220/246
[reader] generated 222/246
[reader] generated 224/246
[reader] generated 226/246
[reader] generated 228/246
[reader] generated 230/246
[reader] generated 232/246
[reader] generated 234/246
[reader] generated 236/246
[reader] generated 238/246
[reader] generated 240/246
[reader] generated 242/246
[reader] generated 244/246
[reader] generated 246/246
[density] policy=chunk_focused_160, router_type=fixed, representation=chunk, packer=focused, reader_model=Qwen/Qwen2.5-3B-Instruct, packed_token_budget=160, recall@1=0.1982, all_gold@1=0.0, recall@2=0.373, all_gold@2=0.0, recall@5=0.6982, all_gold@5=0.3618, qwen_em=0.0041, qwen_f1=0.1263, avg_reader_evidence_tokens=147.37, mean_ans_in_context=0.0285, mean_ans_in_context_soft=0.539, mean_gold_token_density=0.6494, mean_gold_doc_reader_cov=0.4146, mean_all_gold_reader=0.0244, mean_distractor_docs=0.9675, mean_context_tokens=147.374, mean_n_snippets=2.7236
[density] materializing policy=chunk_mmr_160
[density] generating policy=chunk_mmr_160
[reader] generated 2/246
[reader] generated 4/246
[reader] generated 6/246
[reader] generated 8/246
[reader] generated 10/246
[reader] generated 12/246
[reader] generated 14/246
[reader] generated 16/246
[reader] generated 18/246
[reader] generated 20/246
[reader] generated 22/246
[reader] generated 24/246
[reader] generated 26/246
[reader] generated 28/246
[reader] generated 30/246
[reader] generated 32/246
[reader] generated 34/246
[reader] generated 36/246
[reader] generated 38/246
[reader] generated 40/246
[reader] generated 42/246
[reader] generated 44/246
[reader] generated 46/246
[reader] generated 48/246
[reader] generated 50/246
[reader] generated 52/246
[reader] generated 54/246
[reader] generated 56/246
[reader] generated 58/246
[reader] generated 60/246
[reader] generated 62/246
[reader] generated 64/246
[reader] generated 66/246
[reader] generated 68/246
[reader] generated 70/246
[reader] generated 72/246
[reader] generated 74/246
[reader] generated 76/246
[reader] generated 78/246
[reader] generated 80/246
[reader] generated 82/246
[reader] generated 84/246
[reader] generated 86/246
[reader] generated 88/246
[reader] generated 90/246
[reader] generated 92/246
[reader] generated 94/246
[reader] generated 96/246
[reader] generated 98/246
[reader] generated 100/246
[reader] generated 102/246
[reader] generated 104/246
[reader] generated 106/246
[reader] generated 108/246
[reader] generated 110/246
[reader] generated 112/246
[reader] generated 114/246
[reader] generated 116/246
[reader] generated 118/246
[reader] generated 120/246
[reader] generated 122/246
[reader] generated 124/246
[reader] generated 126/246
[reader] generated 128/246
[reader] generated 130/246
[reader] generated 132/246
[reader] generated 134/246
[reader] generated 136/246
[reader] generated 138/246
[reader] generated 140/246
[reader] generated 142/246
[reader] generated 144/246
[reader] generated 146/246
[reader] generated 148/246
[reader] generated 150/246
[reader] generated 152/246
[reader] generated 154/246
[reader] generated 156/246
[reader] generated 158/246
[reader] generated 160/246
[reader] generated 162/246
[reader] generated 164/246
[reader] generated 166/246
[reader] generated 168/246
[reader] generated 170/246
[reader] generated 172/246
[reader] generated 174/246
[reader] generated 176/246
[reader] generated 178/246
[reader] generated 180/246
[reader] generated 182/246
[reader] generated 184/246
[reader] generated 186/246
[reader] generated 188/246
[reader] generated 190/246
[reader] generated 192/246
[reader] generated 194/246
[reader] generated 196/246
[reader] generated 198/246
[reader] generated 200/246
[reader] generated 202/246
[reader] generated 204/246
[reader] generated 206/246
[reader] generated 208/246
[reader] generated 210/246
[reader] generated 212/246
[reader] generated 214/246
[reader] generated 216/246
[reader] generated 218/246
[reader] generated 220/246
[reader] generated 222/246
[reader] generated 224/246
[reader] generated 226/246
[reader] generated 228/246
[reader] generated 230/246
[reader] generated 232/246
[reader] generated 234/246
[reader] generated 236/246
[reader] generated 238/246
[reader] generated 240/246
[reader] generated 242/246
[reader] generated 244/246
[reader] generated 246/246
[density] policy=chunk_mmr_160, router_type=fixed, representation=chunk, packer=mmr, reader_model=Qwen/Qwen2.5-3B-Instruct, packed_token_budget=160, recall@1=0.1982, all_gold@1=0.0, recall@2=0.373, all_gold@2=0.0, recall@5=0.6982, all_gold@5=0.3618, qwen_em=0.0041, qwen_f1=0.1141, avg_reader_evidence_tokens=147.47, mean_ans_in_context=0.0285, mean_ans_in_context_soft=0.5113, mean_gold_token_density=0.6209, mean_gold_doc_reader_cov=0.3821, mean_all_gold_reader=0.0285, mean_distractor_docs=1.0122, mean_context_tokens=147.4715, mean_n_snippets=2.7073
[density] materializing policy=chunk_submod_160
[density] generating policy=chunk_submod_160
[reader] generated 2/246
[reader] generated 4/246
[reader] generated 6/246
[reader] generated 8/246
[reader] generated 10/246
[reader] generated 12/246
[reader] generated 14/246
[reader] generated 16/246
[reader] generated 18/246
[reader] generated 20/246
[reader] generated 22/246
[reader] generated 24/246
[reader] generated 26/246
[reader] generated 28/246
[reader] generated 30/246
[reader] generated 32/246
[reader] generated 34/246
[reader] generated 36/246
[reader] generated 38/246
[reader] generated 40/246
[reader] generated 42/246
[reader] generated 44/246
[reader] generated 46/246
[reader] generated 48/246
[reader] generated 50/246
[reader] generated 52/246
[reader] generated 54/246
[reader] generated 56/246
[reader] generated 58/246
[reader] generated 60/246
[reader] generated 62/246
[reader] generated 64/246
[reader] generated 66/246
[reader] generated 68/246
[reader] generated 70/246
[reader] generated 72/246
[reader] generated 74/246
[reader] generated 76/246
[reader] generated 78/246
[reader] generated 80/246
[reader] generated 82/246
[reader] generated 84/246
[reader] generated 86/246
[reader] generated 88/246
[reader] generated 90/246
[reader] generated 92/246
[reader] generated 94/246
[reader] generated 96/246
[reader] generated 98/246
[reader] generated 100/246
[reader] generated 102/246
[reader] generated 104/246
[reader] generated 106/246
[reader] generated 108/246
[reader] generated 110/246
[reader] generated 112/246
[reader] generated 114/246
[reader] generated 116/246
[reader] generated 118/246
[reader] generated 120/246
[reader] generated 122/246
[reader] generated 124/246
[reader] generated 126/246
[reader] generated 128/246
[reader] generated 130/246
[reader] generated 132/246
[reader] generated 134/246
[reader] generated 136/246
[reader] generated 138/246
[reader] generated 140/246
[reader] generated 142/246
[reader] generated 144/246
[reader] generated 146/246
[reader] generated 148/246
[reader] generated 150/246
[reader] generated 152/246
[reader] generated 154/246
[reader] generated 156/246
[reader] generated 158/246
[reader] generated 160/246
[reader] generated 162/246
[reader] generated 164/246
[reader] generated 166/246
[reader] generated 168/246
[reader] generated 170/246
[reader] generated 172/246
[reader] generated 174/246
[reader] generated 176/246
[reader] generated 178/246
[reader] generated 180/246
[reader] generated 182/246
[reader] generated 184/246
[reader] generated 186/246
[reader] generated 188/246
[reader] generated 190/246
[reader] generated 192/246
[reader] generated 194/246
[reader] generated 196/246
[reader] generated 198/246
[reader] generated 200/246
[reader] generated 202/246
[reader] generated 204/246
[reader] generated 206/246
[reader] generated 208/246
[reader] generated 210/246
[reader] generated 212/246
[reader] generated 214/246
[reader] generated 216/246
[reader] generated 218/246
[reader] generated 220/246
[reader] generated 222/246
[reader] generated 224/246
[reader] generated 226/246
[reader] generated 228/246
[reader] generated 230/246
[reader] generated 232/246
[reader] generated 234/246
[reader] generated 236/246
[reader] generated 238/246
[reader] generated 240/246
[reader] generated 242/246
[reader] generated 244/246
[reader] generated 246/246
[density] policy=chunk_submod_160, router_type=fixed, representation=chunk, packer=submod, reader_model=Qwen/Qwen2.5-3B-Instruct, packed_token_budget=160, recall@1=0.1982, all_gold@1=0.0, recall@2=0.373, all_gold@2=0.0, recall@5=0.6982, all_gold@5=0.3618, qwen_em=0.0041, qwen_f1=0.1162, avg_reader_evidence_tokens=140.13, mean_ans_in_context=0.0203, mean_ans_in_context_soft=0.5004, mean_gold_token_density=0.615, mean_gold_doc_reader_cov=0.5183, mean_all_gold_reader=0.0854, mean_distractor_docs=1.3984, mean_context_tokens=140.1341, mean_n_snippets=4.0691
[density] materializing policy=ace_focused_160
[density] generating policy=ace_focused_160
[reader] generated 2/246
[reader] generated 4/246
[reader] generated 6/246
[reader] generated 8/246
[reader] generated 10/246
[reader] generated 12/246
[reader] generated 14/246
[reader] generated 16/246
[reader] generated 18/246
[reader] generated 20/246
[reader] generated 22/246
[reader] generated 24/246
[reader] generated 26/246
[reader] generated 28/246
[reader] generated 30/246
[reader] generated 32/246
[reader] generated 34/246
[reader] generated 36/246
[reader] generated 38/246
[reader] generated 40/246
[reader] generated 42/246
[reader] generated 44/246
[reader] generated 46/246
[reader] generated 48/246
[reader] generated 50/246
[reader] generated 52/246
[reader] generated 54/246
[reader] generated 56/246
[reader] generated 58/246
[reader] generated 60/246
[reader] generated 62/246
[reader] generated 64/246
[reader] generated 66/246
[reader] generated 68/246
[reader] generated 70/246
[reader] generated 72/246
[reader] generated 74/246
[reader] generated 76/246
[reader] generated 78/246
[reader] generated 80/246
[reader] generated 82/246
[reader] generated 84/246
[reader] generated 86/246
[reader] generated 88/246
[reader] generated 90/246
[reader] generated 92/246
[reader] generated 94/246
[reader] generated 96/246
[reader] generated 98/246
[reader] generated 100/246
[reader] generated 102/246
[reader] generated 104/246
[reader] generated 106/246
[reader] generated 108/246
[reader] generated 110/246
[reader] generated 112/246
[reader] generated 114/246
[reader] generated 116/246
[reader] generated 118/246
[reader] generated 120/246
[reader] generated 122/246
[reader] generated 124/246
[reader] generated 126/246
[reader] generated 128/246
[reader] generated 130/246
[reader] generated 132/246
[reader] generated 134/246
[reader] generated 136/246
[reader] generated 138/246
[reader] generated 140/246
[reader] generated 142/246
[reader] generated 144/246
[reader] generated 146/246
[reader] generated 148/246
[reader] generated 150/246
[reader] generated 152/246
[reader] generated 154/246
[reader] generated 156/246
[reader] generated 158/246
[reader] generated 160/246
[reader] generated 162/246
[reader] generated 164/246
[reader] generated 166/246
[reader] generated 168/246
[reader] generated 170/246
[reader] generated 172/246
[reader] generated 174/246
[reader] generated 176/246
[reader] generated 178/246
[reader] generated 180/246
[reader] generated 182/246
[reader] generated 184/246
[reader] generated 186/246
[reader] generated 188/246
[reader] generated 190/246
[reader] generated 192/246
[reader] generated 194/246
[reader] generated 196/246
[reader] generated 198/246
[reader] generated 200/246
[reader] generated 202/246
[reader] generated 204/246
[reader] generated 206/246
[reader] generated 208/246
[reader] generated 210/246
[reader] generated 212/246
[reader] generated 214/246
[reader] generated 216/246
[reader] generated 218/246
[reader] generated 220/246
[reader] generated 222/246
[reader] generated 224/246
[reader] generated 226/246
[reader] generated 228/246
[reader] generated 230/246
[reader] generated 232/246
[reader] generated 234/246
[reader] generated 236/246
[reader] generated 238/246
[reader] generated 240/246
[reader] generated 242/246
[reader] generated 244/246
[reader] generated 246/246
[density] policy=ace_focused_160, router_type=fixed, representation=ace, packer=focused, reader_model=Qwen/Qwen2.5-3B-Instruct, packed_token_budget=160, recall@1=0.1646, all_gold@1=0.0, recall@2=0.3069, all_gold@2=0.0, recall@5=0.5854, all_gold@5=0.2195, qwen_em=0.0041, qwen_f1=0.134, avg_reader_evidence_tokens=147.94, mean_ans_in_context=0.0325, mean_ans_in_context_soft=0.5394, mean_gold_token_density=0.5875, mean_gold_doc_reader_cov=0.436, mean_all_gold_reader=0.0203, mean_distractor_docs=1.5813, mean_context_tokens=147.939, mean_n_snippets=3.561
[density] materializing policy=ace_mmr_160
[density] generating policy=ace_mmr_160
[reader] generated 2/246
[reader] generated 4/246
[reader] generated 6/246
[reader] generated 8/246
[reader] generated 10/246
[reader] generated 12/246
[reader] generated 14/246
[reader] generated 16/246
[reader] generated 18/246
[reader] generated 20/246
[reader] generated 22/246
[reader] generated 24/246
[reader] generated 26/246
[reader] generated 28/246
[reader] generated 30/246
[reader] generated 32/246
[reader] generated 34/246
[reader] generated 36/246
[reader] generated 38/246
[reader] generated 40/246
[reader] generated 42/246
[reader] generated 44/246
[reader] generated 46/246
[reader] generated 48/246
[reader] generated 50/246
[reader] generated 52/246
[reader] generated 54/246
[reader] generated 56/246
[reader] generated 58/246
[reader] generated 60/246
[reader] generated 62/246
[reader] generated 64/246
[reader] generated 66/246
[reader] generated 68/246
[reader] generated 70/246
[reader] generated 72/246
[reader] generated 74/246
[reader] generated 76/246
[reader] generated 78/246
[reader] generated 80/246
[reader] generated 82/246
[reader] generated 84/246
[reader] generated 86/246
[reader] generated 88/246
[reader] generated 90/246
[reader] generated 92/246
[reader] generated 94/246
[reader] generated 96/246
[reader] generated 98/246
[reader] generated 100/246
[reader] generated 102/246
[reader] generated 104/246
[reader] generated 106/246
[reader] generated 108/246
[reader] generated 110/246
[reader] generated 112/246
[reader] generated 114/246
[reader] generated 116/246
[reader] generated 118/246
[reader] generated 120/246
[reader] generated 122/246
[reader] generated 124/246
[reader] generated 126/246
[reader] generated 128/246
[reader] generated 130/246
[reader] generated 132/246
[reader] generated 134/246
[reader] generated 136/246
[reader] generated 138/246
[reader] generated 140/246
[reader] generated 142/246
[reader] generated 144/246
[reader] generated 146/246
[reader] generated 148/246
[reader] generated 150/246
[reader] generated 152/246
[reader] generated 154/246
[reader] generated 156/246
[reader] generated 158/246
[reader] generated 160/246
[reader] generated 162/246
[reader] generated 164/246
[reader] generated 166/246
[reader] generated 168/246
[reader] generated 170/246
[reader] generated 172/246
[reader] generated 174/246
[reader] generated 176/246
[reader] generated 178/246
[reader] generated 180/246
[reader] generated 182/246
[reader] generated 184/246
[reader] generated 186/246
[reader] generated 188/246
[reader] generated 190/246
[reader] generated 192/246
[reader] generated 194/246
[reader] generated 196/246
[reader] generated 198/246
[reader] generated 200/246
[reader] generated 202/246
[reader] generated 204/246
[reader] generated 206/246
[reader] generated 208/246
[reader] generated 210/246
[reader] generated 212/246
[reader] generated 214/246
[reader] generated 216/246
[reader] generated 218/246
[reader] generated 220/246
[reader] generated 222/246
[reader] generated 224/246
[reader] generated 226/246
[reader] generated 228/246
[reader] generated 230/246
[reader] generated 232/246
[reader] generated 234/246
[reader] generated 236/246
[reader] generated 238/246
[reader] generated 240/246
[reader] generated 242/246
[reader] generated 244/246
[reader] generated 246/246
[density] policy=ace_mmr_160, router_type=fixed, representation=ace, packer=mmr, reader_model=Qwen/Qwen2.5-3B-Instruct, packed_token_budget=160, recall@1=0.1646, all_gold@1=0.0, recall@2=0.3069, all_gold@2=0.0, recall@5=0.5854, all_gold@5=0.2195, qwen_em=0.0041, qwen_f1=0.1342, avg_reader_evidence_tokens=146.59, mean_ans_in_context=0.0285, mean_ans_in_context_soft=0.5197, mean_gold_token_density=0.5717, mean_gold_doc_reader_cov=0.3994, mean_all_gold_reader=0.0081, mean_distractor_docs=1.4715, mean_context_tokens=146.5894, mean_n_snippets=3.5854
[density] materializing policy=ace_submod_160
[density] generating policy=ace_submod_160
[reader] generated 2/246
[reader] generated 4/246
[reader] generated 6/246
[reader] generated 8/246
[reader] generated 10/246
[reader] generated 12/246
[reader] generated 14/246
[reader] generated 16/246
[reader] generated 18/246
[reader] generated 20/246
[reader] generated 22/246
[reader] generated 24/246
[reader] generated 26/246
[reader] generated 28/246
[reader] generated 30/246
[reader] generated 32/246
[reader] generated 34/246
[reader] generated 36/246
[reader] generated 38/246
[reader] generated 40/246
[reader] generated 42/246
[reader] generated 44/246
[reader] generated 46/246
[reader] generated 48/246
[reader] generated 50/246
[reader] generated 52/246
[reader] generated 54/246
[reader] generated 56/246
[reader] generated 58/246
[reader] generated 60/246
[reader] generated 62/246
[reader] generated 64/246
[reader] generated 66/246
[reader] generated 68/246
[reader] generated 70/246
[reader] generated 72/246
[reader] generated 74/246
[reader] generated 76/246
[reader] generated 78/246
[reader] generated 80/246
[reader] generated 82/246
[reader] generated 84/246
[reader] generated 86/246
[reader] generated 88/246
[reader] generated 90/246
[reader] generated 92/246
[reader] generated 94/246
[reader] generated 96/246
[reader] generated 98/246
[reader] generated 100/246
[reader] generated 102/246
[reader] generated 104/246
[reader] generated 106/246
[reader] generated 108/246
[reader] generated 110/246
[reader] generated 112/246
[reader] generated 114/246
[reader] generated 116/246
[reader] generated 118/246
[reader] generated 120/246
[reader] generated 122/246
[reader] generated 124/246
[reader] generated 126/246
[reader] generated 128/246
[reader] generated 130/246
[reader] generated 132/246
[reader] generated 134/246
[reader] generated 136/246
[reader] generated 138/246
[reader] generated 140/246
[reader] generated 142/246
[reader] generated 144/246
[reader] generated 146/246
[reader] generated 148/246
[reader] generated 150/246
[reader] generated 152/246
[reader] generated 154/246
[reader] generated 156/246
[reader] generated 158/246
[reader] generated 160/246
[reader] generated 162/246
[reader] generated 164/246
[reader] generated 166/246
[reader] generated 168/246
[reader] generated 170/246
[reader] generated 172/246
[reader] generated 174/246
[reader] generated 176/246
[reader] generated 178/246
[reader] generated 180/246
[reader] generated 182/246
[reader] generated 184/246
[reader] generated 186/246
[reader] generated 188/246
[reader] generated 190/246
[reader] generated 192/246
[reader] generated 194/246
[reader] generated 196/246
[reader] generated 198/246
[reader] generated 200/246
[reader] generated 202/246
[reader] generated 204/246
[reader] generated 206/246
[reader] generated 208/246
[reader] generated 210/246
[reader] generated 212/246
[reader] generated 214/246
[reader] generated 216/246
[reader] generated 218/246
[reader] generated 220/246
[reader] generated 222/246
[reader] generated 224/246
[reader] generated 226/246
[reader] generated 228/246
[reader] generated 230/246
[reader] generated 232/246
[reader] generated 234/246
[reader] generated 236/246
[reader] generated 238/246
[reader] generated 240/246
[reader] generated 242/246
[reader] generated 244/246
[reader] generated 246/246
[density] policy=ace_submod_160, router_type=fixed, representation=ace, packer=submod, reader_model=Qwen/Qwen2.5-3B-Instruct, packed_token_budget=160, recall@1=0.1646, all_gold@1=0.0, recall@2=0.3069, all_gold@2=0.0, recall@5=0.5854, all_gold@5=0.2195, qwen_em=0.0041, qwen_f1=0.1325, avg_reader_evidence_tokens=144.78, mean_ans_in_context=0.0366, mean_ans_in_context_soft=0.5103, mean_gold_token_density=0.5051, mean_gold_doc_reader_cov=0.4065, mean_all_gold_reader=0.0366, mean_distractor_docs=1.7927, mean_context_tokens=144.7805, mean_n_snippets=4.2073
[density] policy=router_oracle_packer, router_type=oracle, representation=mixed, packer=oracle, reader_model=Qwen/Qwen2.5-3B-Instruct, packed_token_budget=160, selection_counts={"ace_focused_160": 44, "ace_mmr_160": 28, "ace_submod_160": 41, "chunk_focused_160": 57, "chunk_mmr_160": 14, "chunk_submod_160": 62}, qwen_em=0.0041, qwen_f1=0.2139, avg_reader_evidence_tokens=139.91, mean_ans_in_context=0.0366, mean_ans_in_context_soft=0.5481, mean_gold_token_density=0.6184, mean_gold_doc_reader_cov=0.4431, mean_all_gold_reader=0.0325, mean_distractor_docs=1.3211, mean_context_tokens=139.9106, mean_n_snippets=3.4756
[density] freeing reader before NLI (1722 pairs)
[nli] scored 32/1722
[nli] scored 64/1722
[nli] scored 96/1722
[nli] scored 128/1722
[nli] scored 160/1722
[nli] scored 192/1722
[nli] scored 224/1722
[nli] scored 256/1722
[nli] scored 288/1722
[nli] scored 320/1722
[nli] scored 352/1722
[nli] scored 384/1722
[nli] scored 416/1722
[nli] scored 448/1722
[nli] scored 480/1722
[nli] scored 512/1722
[nli] scored 544/1722
[nli] scored 576/1722
[nli] scored 608/1722
[nli] scored 640/1722
[nli] scored 672/1722
[nli] scored 704/1722
[nli] scored 736/1722
[nli] scored 768/1722
[nli] scored 800/1722
[nli] scored 832/1722
[nli] scored 864/1722
[nli] scored 896/1722
[nli] scored 928/1722
[nli] scored 960/1722
[nli] scored 992/1722
[nli] scored 1024/1722
[nli] scored 1056/1722
[nli] scored 1088/1722
[nli] scored 1120/1722
[nli] scored 1152/1722
[nli] scored 1184/1722
[nli] scored 1216/1722
[nli] scored 1248/1722
[nli] scored 1280/1722
[nli] scored 1312/1722
[nli] scored 1344/1722
[nli] scored 1376/1722
[nli] scored 1408/1722
[nli] scored 1440/1722
[nli] scored 1472/1722
[nli] scored 1504/1722
[nli] scored 1536/1722
[nli] scored 1568/1722
[nli] scored 1600/1722
[nli] scored 1632/1722
[nli] scored 1664/1722
[nli] scored 1696/1722
[nli] scored 1722/1722
wrote /kaggle/working/colab_results/stage15_semanticaic_covidqa_qwen3b_budget160_seed13/ragbench_density_standard_budget160_limit500_metrics.csv
wrote /kaggle/working/colab_results/stage15_semanticaic_covidqa_qwen3b_budget160_seed13/ragbench_density_standard_budget160_limit500_per_question.csv
--- semantic AiC hotpotqa seed 42 ---
$ /usr/bin/python3 -m experiments.run_density_router --dataset hotpotqa --limit 500 --seed 42 --ace-retriever standard --top-k 5 --top-k-nodes 48 --max-expanded-docs 5 --embedder sentence-transformers --embedding-model BAAI/bge-small-en-v1.5 --embed-device cuda --compressor truncate --compress-dims 320 --reader-backend hf --reader-model Qwen/Qwen2.5-3B-Instruct --reader-device cuda --reader-batch-size 2 --mmr-lambda 0.7 --budget 160 --out-dir /kaggle/working/colab_results/stage15_semanticaic_hotpotqa_qwen3b_budget160_seed42 --split validation --semantic-aic --nli-model cross-encoder/nli-deberta-v3-small --nli-batch-size 32
hotpotqa[hf:validation:500]: 4933 docs, 500 questions, 2.00 gold docs/question
[density] retrieving chunk baseline
[chunk] fitting/indexing
[embed] encoding 4933 texts on device=cuda:0

Batches:   0%|          | 0/78 [00:00<?, ?it/s]
Batches:   1%|▏         | 1/78 [00:00<01:14,  1.03it/s]
Batches:   3%|▎         | 2/78 [00:01<00:49,  1.55it/s]
Batches:   4%|▍         | 3/78 [00:01<00:38,  1.96it/s]
Batches:   5%|▌         | 4/78 [00:02<00:34,  2.11it/s]
Batches:   6%|▋         | 5/78 [00:02<00:30,  2.37it/s]
Batches:   8%|▊         | 6/78 [00:02<00:27,  2.62it/s]
Batches:   9%|▉         | 7/78 [00:03<00:25,  2.81it/s]
Batches:  10%|█         | 8/78 [00:03<00:23,  2.95it/s]
Batches:  12%|█▏        | 9/78 [00:03<00:22,  3.05it/s]
Batches:  13%|█▎        | 10/78 [00:03<00:20,  3.26it/s]
Batches:  14%|█▍        | 11/78 [00:04<00:19,  3.44it/s]
Batches:  15%|█▌        | 12/78 [00:04<00:18,  3.61it/s]
Batches:  17%|█▋        | 13/78 [00:04<00:17,  3.73it/s]
Batches:  18%|█▊        | 14/78 [00:04<00:17,  3.76it/s]
Batches:  19%|█▉        | 15/78 [00:05<00:16,  3.93it/s]
Batches:  21%|██        | 16/78 [00:05<00:15,  4.05it/s]
Batches:  22%|██▏       | 17/78 [00:05<00:15,  4.07it/s]
Batches:  23%|██▎       | 18/78 [00:05<00:14,  4.19it/s]
Batches:  24%|██▍       | 19/78 [00:06<00:13,  4.44it/s]
Batches:  26%|██▌       | 20/78 [00:06<00:12,  4.69it/s]
Batches:  27%|██▋       | 21/78 [00:06<00:12,  4.59it/s]
Batches:  28%|██▊       | 22/78 [00:06<00:11,  4.70it/s]
Batches:  29%|██▉       | 23/78 [00:06<00:11,  4.63it/s]
Batches:  31%|███       | 24/78 [00:07<00:10,  4.98it/s]
Batches:  32%|███▏      | 25/78 [00:07<00:10,  4.97it/s]
Batches:  33%|███▎      | 26/78 [00:07<00:10,  5.13it/s]
Batches:  35%|███▍      | 27/78 [00:07<00:09,  5.17it/s]
Batches:  36%|███▌      | 28/78 [00:07<00:09,  5.22it/s]
Batches:  37%|███▋      | 29/78 [00:08<00:09,  5.32it/s]
Batches:  38%|███▊      | 30/78 [00:08<00:09,  5.25it/s]
Batches:  40%|███▉      | 31/78 [00:08<00:08,  5.44it/s]
Batches:  41%|████      | 32/78 [00:08<00:08,  5.47it/s]
Batches:  42%|████▏     | 33/78 [00:08<00:08,  5.53it/s]
Batches:  44%|████▎     | 34/78 [00:08<00:08,  5.46it/s]
Batches:  45%|████▍     | 35/78 [00:09<00:07,  5.61it/s]
Batches:  46%|████▌     | 36/78 [00:09<00:07,  5.70it/s]
Batches:  47%|████▋     | 37/78 [00:09<00:07,  5.62it/s]
Batches:  49%|████▊     | 38/78 [00:09<00:06,  5.86it/s]
Batches:  50%|█████     | 39/78 [00:09<00:06,  6.17it/s]
Batches:  51%|█████▏    | 40/78 [00:09<00:06,  6.27it/s]
Batches:  53%|█████▎    | 41/78 [00:10<00:05,  6.66it/s]
Batches:  54%|█████▍    | 42/78 [00:10<00:05,  6.66it/s]
Batches:  55%|█████▌    | 43/78 [00:10<00:05,  6.65it/s]
Batches:  56%|█████▋    | 44/78 [00:10<00:05,  6.49it/s]
Batches:  58%|█████▊    | 45/78 [00:10<00:04,  6.67it/s]
Batches:  59%|█████▉    | 46/78 [00:10<00:04,  7.01it/s]
Batches:  60%|██████    | 47/78 [00:10<00:04,  7.32it/s]
Batches:  62%|██████▏   | 48/78 [00:11<00:04,  7.22it/s]
Batches:  63%|██████▎   | 49/78 [00:11<00:03,  7.53it/s]
Batches:  64%|██████▍   | 50/78 [00:11<00:03,  7.79it/s]
Batches:  65%|██████▌   | 51/78 [00:11<00:03,  8.02it/s]
Batches:  67%|██████▋   | 52/78 [00:11<00:03,  8.14it/s]
Batches:  68%|██████▊   | 53/78 [00:11<00:03,  8.21it/s]
Batches:  69%|██████▉   | 54/78 [00:11<00:02,  8.28it/s]
Batches:  71%|███████   | 55/78 [00:11<00:02,  8.53it/s]
Batches:  72%|███████▏  | 56/78 [00:11<00:02,  8.77it/s]
Batches:  73%|███████▎  | 57/78 [00:12<00:02,  8.46it/s]
Batches:  74%|███████▍  | 58/78 [00:12<00:02,  8.67it/s]
Batches:  77%|███████▋  | 60/78 [00:12<00:01,  9.15it/s]
Batches:  79%|███████▉  | 62/78 [00:12<00:01,  9.51it/s]
Batches:  82%|████████▏ | 64/78 [00:12<00:01,  9.84it/s]
Batches:  85%|████████▍ | 66/78 [00:12<00:01, 10.24it/s]
Batches:  87%|████████▋ | 68/78 [00:13<00:00, 10.78it/s]
Batches:  90%|████████▉ | 70/78 [00:13<00:00, 11.18it/s]
Batches:  92%|█████████▏| 72/78 [00:13<00:00, 11.83it/s]
Batches:  95%|█████████▍| 74/78 [00:13<00:00, 12.93it/s]
Batches:  97%|█████████▋| 76/78 [00:13<00:00, 14.43it/s]
Batches: 100%|██████████| 78/78 [00:13<00:00,  5.68it/s]
[chunk] retrieving
[embed] encoding 500 texts on device=cuda:0

Batches:   0%|          | 0/8 [00:00<?, ?it/s]
Batches:  38%|███▊      | 3/8 [00:00<00:00, 26.98it/s]
Batches:  88%|████████▊ | 7/8 [00:00<00:00, 32.64it/s]
Batches: 100%|██████████| 8/8 [00:00<00:00, 33.43it/s]
[density] retrieving ACE graph
[ace] building evidence graph
[ace] graph built: nodes=49827 edges=76647
[ace] fitting/indexing embeddings
[embed] encoding 44894 texts on device=cuda:0

Batches:   0%|          | 0/702 [00:00<?, ?it/s]
Batches:   0%|          | 1/702 [00:00<05:41,  2.05it/s]
Batches:   0%|          | 2/702 [00:00<03:27,  3.38it/s]
Batches:   0%|          | 3/702 [00:00<02:28,  4.69it/s]
Batches:   1%|          | 4/702 [00:00<02:00,  5.79it/s]
Batches:   1%|          | 5/702 [00:00<01:43,  6.75it/s]
Batches:   1%|          | 6/702 [00:01<01:33,  7.48it/s]
Batches:   1%|          | 7/702 [00:01<01:25,  8.11it/s]
Batches:   1%|▏         | 9/702 [00:01<01:17,  8.99it/s]
Batches:   1%|▏         | 10/702 [00:01<01:16,  9.10it/s]
Batches:   2%|▏         | 12/702 [00:01<01:14,  9.20it/s]
Batches:   2%|▏         | 14/702 [00:01<01:11,  9.64it/s]
Batches:   2%|▏         | 15/702 [00:01<01:11,  9.65it/s]
Batches:   2%|▏         | 17/702 [00:02<01:05, 10.51it/s]
Batches:   3%|▎         | 19/702 [00:02<01:03, 10.84it/s]
Batches:   3%|▎         | 21/702 [00:02<00:59, 11.53it/s]
Batches:   3%|▎         | 23/702 [00:02<00:57, 11.88it/s]
Batches:   4%|▎         | 25/702 [00:02<00:56, 12.02it/s]
Batches:   4%|▍         | 27/702 [00:02<00:56, 11.94it/s]
Batches:   4%|▍         | 29/702 [00:03<00:55, 12.02it/s]
Batches:   4%|▍         | 31/702 [00:03<00:54, 12.42it/s]
Batches:   5%|▍         | 33/702 [00:03<00:54, 12.23it/s]
Batches:   5%|▍         | 35/702 [00:03<00:53, 12.52it/s]
Batches:   5%|▌         | 37/702 [00:03<00:54, 12.29it/s]
Batches:   6%|▌         | 39/702 [00:03<00:50, 13.02it/s]
Batches:   6%|▌         | 41/702 [00:04<00:51, 12.93it/s]
Batches:   6%|▌         | 43/702 [00:04<00:47, 13.74it/s]
Batches:   6%|▋         | 45/702 [00:04<00:46, 13.99it/s]
Batches:   7%|▋         | 47/702 [00:04<00:44, 14.64it/s]
Batches:   7%|▋         | 49/702 [00:04<00:42, 15.24it/s]
Batches:   7%|▋         | 51/702 [00:04<00:43, 15.12it/s]
Batches:   8%|▊         | 53/702 [00:04<00:42, 15.40it/s]
Batches:   8%|▊         | 55/702 [00:04<00:41, 15.61it/s]
Batches:   8%|▊         | 57/702 [00:05<00:42, 15.34it/s]
Batches:   8%|▊         | 59/702 [00:05<00:40, 15.78it/s]
Batches:   9%|▊         | 61/702 [00:05<00:38, 16.48it/s]
Batches:   9%|▉         | 63/702 [00:05<00:38, 16.59it/s]
Batches:   9%|▉         | 65/702 [00:05<00:37, 16.97it/s]
Batches:  10%|▉         | 67/702 [00:05<00:36, 17.21it/s]
Batches:  10%|▉         | 69/702 [00:05<00:36, 17.53it/s]
Batches:  10%|█         | 71/702 [00:05<00:35, 17.63it/s]
Batches:  10%|█         | 73/702 [00:05<00:34, 18.08it/s]
Batches:  11%|█         | 75/702 [00:06<00:35, 17.64it/s]
Batches:  11%|█         | 77/702 [00:06<00:36, 16.91it/s]
Batches:  11%|█▏        | 79/702 [00:06<00:38, 16.15it/s]
Batches:  12%|█▏        | 82/702 [00:06<00:35, 17.23it/s]
Batches:  12%|█▏        | 84/702 [00:06<00:35, 17.55it/s]
Batches:  12%|█▏        | 87/702 [00:06<00:32, 18.72it/s]
Batches:  13%|█▎        | 89/702 [00:06<00:33, 18.57it/s]
Batches:  13%|█▎        | 91/702 [00:06<00:33, 18.36it/s]
Batches:  13%|█▎        | 94/702 [00:07<00:32, 18.84it/s]
Batches:  14%|█▎        | 96/702 [00:07<00:33, 18.07it/s]
Batches:  14%|█▍        | 99/702 [00:07<00:31, 18.86it/s]
Batches:  14%|█▍        | 101/702 [00:07<00:31, 19.02it/s]
Batches:  15%|█▍        | 104/702 [00:07<00:30, 19.65it/s]
Batches:  15%|█▌        | 107/702 [00:07<00:29, 20.12it/s]
Batches:  16%|█▌        | 110/702 [00:07<00:30, 19.70it/s]
Batches:  16%|█▌        | 112/702 [00:08<00:30, 19.52it/s]
Batches:  16%|█▌        | 114/702 [00:08<00:30, 19.59it/s]
Batches:  17%|█▋        | 116/702 [00:08<00:29, 19.63it/s]
Batches:  17%|█▋        | 119/702 [00:08<00:28, 20.17it/s]
Batches:  17%|█▋        | 122/702 [00:08<00:28, 20.31it/s]
Batches:  18%|█▊        | 125/702 [00:08<00:27, 20.96it/s]
Batches:  18%|█▊        | 128/702 [00:08<00:27, 21.03it/s]
Batches:  19%|█▊        | 131/702 [00:08<00:26, 21.27it/s]
Batches:  19%|█▉        | 134/702 [00:09<00:26, 21.80it/s]
Batches:  20%|█▉        | 137/702 [00:09<00:25, 21.78it/s]
Batches:  20%|█▉        | 140/702 [00:09<00:26, 21.53it/s]
Batches:  20%|██        | 143/702 [00:09<00:25, 21.53it/s]
Batches:  21%|██        | 146/702 [00:09<00:25, 21.99it/s]
Batches:  21%|██        | 149/702 [00:09<00:25, 21.98it/s]
Batches:  22%|██▏       | 152/702 [00:09<00:24, 22.08it/s]
Batches:  22%|██▏       | 155/702 [00:10<00:24, 22.19it/s]
Batches:  23%|██▎       | 158/702 [00:10<00:24, 22.25it/s]
Batches:  23%|██▎       | 161/702 [00:10<00:23, 23.08it/s]
Batches:  23%|██▎       | 164/702 [00:10<00:22, 23.90it/s]
Batches:  24%|██▍       | 167/702 [00:10<00:22, 23.95it/s]
Batches:  24%|██▍       | 170/702 [00:10<00:22, 23.62it/s]
Batches:  25%|██▍       | 173/702 [00:10<00:22, 23.72it/s]
Batches:  25%|██▌       | 176/702 [00:10<00:21, 24.40it/s]
Batches:  25%|██▌       | 179/702 [00:11<00:21, 24.31it/s]
Batches:  26%|██▌       | 182/702 [00:11<00:21, 24.52it/s]
Batches:  26%|██▋       | 185/702 [00:11<00:20, 25.03it/s]
Batches:  27%|██▋       | 188/702 [00:11<00:19, 25.80it/s]
Batches:  27%|██▋       | 191/702 [00:11<00:20, 25.25it/s]
Batches:  28%|██▊       | 194/702 [00:11<00:19, 25.69it/s]
Batches:  28%|██▊       | 197/702 [00:11<00:19, 25.60it/s]
Batches:  28%|██▊       | 200/702 [00:11<00:19, 25.13it/s]
Batches:  29%|██▉       | 203/702 [00:11<00:19, 24.95it/s]
Batches:  29%|██▉       | 206/702 [00:12<00:19, 25.80it/s]
Batches:  30%|██▉       | 210/702 [00:12<00:18, 26.47it/s]
Batches:  30%|███       | 213/702 [00:12<00:18, 26.34it/s]
Batches:  31%|███       | 216/702 [00:12<00:18, 25.80it/s]
Batches:  31%|███       | 219/702 [00:12<00:18, 26.32it/s]
Batches:  32%|███▏      | 222/702 [00:12<00:17, 27.12it/s]
Batches:  32%|███▏      | 225/702 [00:12<00:17, 27.36it/s]
Batches:  32%|███▏      | 228/702 [00:12<00:17, 27.53it/s]
Batches:  33%|███▎      | 231/702 [00:13<00:16, 28.18it/s]
Batches:  33%|███▎      | 234/702 [00:13<00:16, 28.33it/s]
Batches:  34%|███▍      | 238/702 [00:13<00:15, 29.25it/s]
Batches:  34%|███▍      | 242/702 [00:13<00:15, 29.70it/s]
Batches:  35%|███▌      | 246/702 [00:13<00:14, 30.47it/s]
Batches:  36%|███▌      | 250/702 [00:13<00:15, 30.02it/s]
Batches:  36%|███▌      | 254/702 [00:13<00:14, 30.62it/s]
Batches:  37%|███▋      | 258/702 [00:13<00:14, 31.37it/s]
Batches:  37%|███▋      | 262/702 [00:14<00:13, 31.67it/s]
Batches:  38%|███▊      | 266/702 [00:14<00:13, 31.57it/s]
Batches:  38%|███▊      | 270/702 [00:14<00:14, 30.75it/s]
Batches:  39%|███▉      | 274/702 [00:14<00:13, 31.68it/s]
Batches:  40%|███▉      | 278/702 [00:14<00:12, 33.01it/s]
Batches:  40%|████      | 282/702 [00:14<00:12, 33.75it/s]
Batches:  41%|████      | 286/702 [00:14<00:12, 33.94it/s]
Batches:  41%|████▏     | 290/702 [00:14<00:11, 34.69it/s]
Batches:  42%|████▏     | 294/702 [00:14<00:11, 35.25it/s]
Batches:  43%|████▎     | 299/702 [00:15<00:10, 38.74it/s]
Batches:  43%|████▎     | 303/702 [00:15<00:10, 38.26it/s]
Batches:  44%|████▍     | 308/702 [00:15<00:09, 40.47it/s]
Batches:  45%|████▍     | 313/702 [00:15<00:09, 42.23it/s]
Batches:  45%|████▌     | 319/702 [00:15<00:08, 45.04it/s]
Batches:  46%|████▌     | 324/702 [00:15<00:08, 45.45it/s]
Batches:  47%|████▋     | 330/702 [00:15<00:07, 49.11it/s]
Batches:  48%|████▊     | 336/702 [00:15<00:07, 51.61it/s]
Batches:  49%|████▉     | 343/702 [00:15<00:06, 55.48it/s]
Batches:  50%|████▉     | 350/702 [00:16<00:06, 58.57it/s]
Batches:  51%|█████     | 358/702 [00:16<00:05, 62.86it/s]
Batches:  52%|█████▏    | 366/702 [00:16<00:05, 65.35it/s]
Batches:  53%|█████▎    | 374/702 [00:16<00:04, 68.00it/s]
Batches:  54%|█████▍    | 382/702 [00:16<00:04, 70.41it/s]
Batches:  56%|█████▌    | 390/702 [00:16<00:04, 70.01it/s]
Batches:  57%|█████▋    | 398/702 [00:16<00:04, 70.59it/s]
Batches:  58%|█████▊    | 406/702 [00:16<00:04, 72.71it/s]
Batches:  59%|█████▉    | 415/702 [00:16<00:03, 75.31it/s]
Batches:  60%|██████    | 424/702 [00:17<00:03, 76.71it/s]
Batches:  62%|██████▏   | 432/702 [00:17<00:03, 76.99it/s]
Batches:  63%|██████▎   | 441/702 [00:17<00:03, 79.55it/s]
Batches:  64%|██████▍   | 450/702 [00:17<00:03, 80.90it/s]
Batches:  65%|██████▌   | 459/702 [00:17<00:03, 80.62it/s]
Batches:  67%|██████▋   | 468/702 [00:17<00:02, 80.73it/s]
Batches:  68%|██████▊   | 477/702 [00:17<00:02, 81.38it/s]
Batches:  69%|██████▉   | 486/702 [00:17<00:02, 83.00it/s]
Batches:  71%|███████   | 496/702 [00:17<00:02, 85.14it/s]
Batches:  72%|███████▏  | 506/702 [00:17<00:02, 87.53it/s]
Batches:  73%|███████▎  | 515/702 [00:18<00:02, 88.21it/s]
Batches:  75%|███████▍  | 525/702 [00:18<00:01, 89.49it/s]
Batches:  76%|███████▌  | 534/702 [00:18<00:01, 88.93it/s]
Batches:  77%|███████▋  | 544/702 [00:18<00:01, 90.43it/s]
Batches:  79%|███████▉  | 554/702 [00:18<00:01, 92.78it/s]
Batches:  80%|████████  | 564/702 [00:18<00:01, 94.61it/s]
Batches:  82%|████████▏ | 574/702 [00:18<00:01, 95.45it/s]
Batches:  83%|████████▎ | 584/702 [00:18<00:01, 95.93it/s]
Batches:  85%|████████▍ | 594/702 [00:18<00:01, 96.48it/s]
Batches:  86%|████████▌ | 605/702 [00:19<00:00, 97.72it/s]
Batches:  88%|████████▊ | 615/702 [00:19<00:00, 93.20it/s]
Batches:  89%|████████▉ | 625/702 [00:19<00:00, 94.19it/s]
Batches:  91%|█████████ | 636/702 [00:19<00:00, 96.72it/s]
Batches:  92%|█████████▏| 647/702 [00:19<00:00, 97.93it/s]
Batches:  94%|█████████▎| 658/702 [00:19<00:00, 99.02it/s]
Batches:  95%|█████████▌| 669/702 [00:19<00:00, 99.48it/s]
Batches:  97%|█████████▋| 680/702 [00:19<00:00, 99.76it/s]
Batches:  98%|█████████▊| 690/702 [00:19<00:00, 98.69it/s]
Batches: 100%|█████████▉| 700/702 [00:19<00:00, 97.49it/s]
Batches: 100%|██████████| 702/702 [00:20<00:00, 35.08it/s]
[ace] retrieving
[embed] encoding 500 texts on device=cuda:0

Batches:   0%|          | 0/8 [00:00<?, ?it/s]
Batches:  38%|███▊      | 3/8 [00:00<00:00, 27.15it/s]
Batches:  88%|████████▊ | 7/8 [00:00<00:00, 31.37it/s]
Batches: 100%|██████████| 8/8 [00:00<00:00, 32.28it/s]
[density] loading reader once
`torch_dtype` is deprecated! Use `dtype` instead!

Loading checkpoint shards:   0%|          | 0/2 [00:00<?, ?it/s]
Loading checkpoint shards:  50%|█████     | 1/2 [00:02<00:02,  2.53s/it]
Loading checkpoint shards: 100%|██████████| 2/2 [00:03<00:00,  1.86s/it]
Loading checkpoint shards: 100%|██████████| 2/2 [00:03<00:00,  1.96s/it]
[reader] loaded Qwen/Qwen2.5-3B-Instruct (device_map=None, 4bit=False) entry=cuda:0
[density] materializing policy=chunk_packed_160
[density] generating policy=chunk_packed_160
The following generation flags are not valid and may be ignored: ['temperature', 'top_p', 'top_k']. Set `TRANSFORMERS_VERBOSITY=info` for more details.
[reader] generated 2/500
[reader] generated 4/500
[reader] generated 6/500
[reader] generated 8/500
[reader] generated 10/500
[reader] generated 12/500
[reader] generated 14/500
[reader] generated 16/500
[reader] generated 18/500
[reader] generated 20/500
[reader] generated 22/500
[reader] generated 24/500
[reader] generated 26/500
[reader] generated 28/500
[reader] generated 30/500
[reader] generated 32/500
[reader] generated 34/500
[reader] generated 36/500
[reader] generated 38/500
[reader] generated 40/500
[reader] generated 42/500
[reader] generated 44/500
[reader] generated 46/500
[reader] generated 48/500
[reader] generated 50/500
[reader] generated 52/500
[reader] generated 54/500
[reader] generated 56/500
[reader] generated 58/500
[reader] generated 60/500
[reader] generated 62/500
[reader] generated 64/500
[reader] generated 66/500
[reader] generated 68/500
[reader] generated 70/500
[reader] generated 72/500
[reader] generated 74/500
[reader] generated 76/500
[reader] generated 78/500
[reader] generated 80/500
[reader] generated 82/500
[reader] generated 84/500
[reader] generated 86/500
[reader] generated 88/500
[reader] generated 90/500
[reader] generated 92/500
[reader] generated 94/500
[reader] generated 96/500
[reader] generated 98/500
[reader] generated 100/500
[reader] generated 102/500
[reader] generated 104/500
[reader] generated 106/500
[reader] generated 108/500
[reader] generated 110/500
[reader] generated 112/500
[reader] generated 114/500
[reader] generated 116/500
[reader] generated 118/500
[reader] generated 120/500
[reader] generated 122/500
[reader] generated 124/500
[reader] generated 126/500
[reader] generated 128/500
[reader] generated 130/500
[reader] generated 132/500
[reader] generated 134/500
[reader] generated 136/500
[reader] generated 138/500
[reader] generated 140/500
[reader] generated 142/500
[reader] generated 144/500
[reader] generated 146/500
[reader] generated 148/500
[reader] generated 150/500
[reader] generated 152/500
[reader] generated 154/500
[reader] generated 156/500
[reader] generated 158/500
[reader] generated 160/500
[reader] generated 162/500
[reader] generated 164/500
[reader] generated 166/500
[reader] generated 168/500
[reader] generated 170/500
[reader] generated 172/500
[reader] generated 174/500
[reader] generated 176/500
[reader] generated 178/500
[reader] generated 180/500
[reader] generated 182/500
[reader] generated 184/500
[reader] generated 186/500
[reader] generated 188/500
[reader] generated 190/500
[reader] generated 192/500
[reader] generated 194/500
[reader] generated 196/500
[reader] generated 198/500
[reader] generated 200/500
[reader] generated 202/500
[reader] generated 204/500
[reader] generated 206/500
[reader] generated 208/500
[reader] generated 210/500
[reader] generated 212/500
[reader] generated 214/500
[reader] generated 216/500
[reader] generated 218/500
[reader] generated 220/500
[reader] generated 222/500
[reader] generated 224/500
[reader] generated 226/500
[reader] generated 228/500
[reader] generated 230/500
[reader] generated 232/500
[reader] generated 234/500
[reader] generated 236/500
[reader] generated 238/500
[reader] generated 240/500
[reader] generated 242/500
[reader] generated 244/500
[reader] generated 246/500
[reader] generated 248/500
[reader] generated 250/500
[reader] generated 252/500
[reader] generated 254/500
[reader] generated 256/500
[reader] generated 258/500
[reader] generated 260/500
[reader] generated 262/500
[reader] generated 264/500
[reader] generated 266/500
[reader] generated 268/500
[reader] generated 270/500
[reader] generated 272/500
[reader] generated 274/500
[reader] generated 276/500
[reader] generated 278/500
[reader] generated 280/500
[reader] generated 282/500
[reader] generated 284/500
[reader] generated 286/500
[reader] generated 288/500
[reader] generated 290/500
[reader] generated 292/500
[reader] generated 294/500
[reader] generated 296/500
[reader] generated 298/500
[reader] generated 300/500
[reader] generated 302/500
[reader] generated 304/500
[reader] generated 306/500
[reader] generated 308/500
[reader] generated 310/500
[reader] generated 312/500
[reader] generated 314/500
[reader] generated 316/500
[reader] generated 318/500
[reader] generated 320/500
[reader] generated 322/500
[reader] generated 324/500
[reader] generated 326/500
[reader] generated 328/500
[reader] generated 330/500
[reader] generated 332/500
[reader] generated 334/500
[reader] generated 336/500
[reader] generated 338/500
[reader] generated 340/500
[reader] generated 342/500
[reader] generated 344/500
[reader] generated 346/500
[reader] generated 348/500
[reader] generated 350/500
[reader] generated 352/500
[reader] generated 354/500
[reader] generated 356/500
[reader] generated 358/500
[reader] generated 360/500
[reader] generated 362/500
[reader] generated 364/500
[reader] generated 366/500
[reader] generated 368/500
[reader] generated 370/500
[reader] generated 372/500
[reader] generated 374/500
[reader] generated 376/500
[reader] generated 378/500
[reader] generated 380/500
[reader] generated 382/500
[reader] generated 384/500
[reader] generated 386/500
[reader] generated 388/500
[reader] generated 390/500
[reader] generated 392/500
[reader] generated 394/500
[reader] generated 396/500
[reader] generated 398/500
[reader] generated 400/500
[reader] generated 402/500
[reader] generated 404/500
[reader] generated 406/500
[reader] generated 408/500
[reader] generated 410/500
[reader] generated 412/500
[reader] generated 414/500
[reader] generated 416/500
[reader] generated 418/500
[reader] generated 420/500
[reader] generated 422/500
[reader] generated 424/500
[reader] generated 426/500
[reader] generated 428/500
[reader] generated 430/500
[reader] generated 432/500
[reader] generated 434/500
[reader] generated 436/500
[reader] generated 438/500
[reader] generated 440/500
[reader] generated 442/500
[reader] generated 444/500
[reader] generated 446/500
[reader] generated 448/500
[reader] generated 450/500
[reader] generated 452/500
[reader] generated 454/500
[reader] generated 456/500
[reader] generated 458/500
[reader] generated 460/500
[reader] generated 462/500
[reader] generated 464/500
[reader] generated 466/500
[reader] generated 468/500
[reader] generated 470/500
[reader] generated 472/500
[reader] generated 474/500
[reader] generated 476/500
[reader] generated 478/500
[reader] generated 480/500
[reader] generated 482/500
[reader] generated 484/500
[reader] generated 486/500
[reader] generated 488/500
[reader] generated 490/500
[reader] generated 492/500
[reader] generated 494/500
[reader] generated 496/500
[reader] generated 498/500
[reader] generated 500/500
[density] policy=chunk_packed_160, router_type=fixed, representation=chunk, packer=packed, reader_model=Qwen/Qwen2.5-3B-Instruct, packed_token_budget=160, recall@1=0.438, all_gold@1=0.0, recall@2=0.723, all_gold@2=0.498, recall@5=0.874, all_gold@5=0.758, qwen_em=0.316, qwen_f1=0.4007, avg_reader_evidence_tokens=151.31, mean_ans_in_context=0.59, mean_ans_in_context_soft=0.6674, mean_gold_token_density=0.4001, mean_gold_doc_reader_cov=0.685, mean_all_gold_reader=0.448, mean_distractor_docs=2.006, mean_context_tokens=151.314, mean_n_snippets=3.484
[density] materializing policy=chunk_focused_160
[density] generating policy=chunk_focused_160
[reader] generated 2/500
[reader] generated 4/500
[reader] generated 6/500
[reader] generated 8/500
[reader] generated 10/500
[reader] generated 12/500
[reader] generated 14/500
[reader] generated 16/500
[reader] generated 18/500
[reader] generated 20/500
[reader] generated 22/500
[reader] generated 24/500
[reader] generated 26/500
[reader] generated 28/500
[reader] generated 30/500
[reader] generated 32/500
[reader] generated 34/500
[reader] generated 36/500
[reader] generated 38/500
[reader] generated 40/500
[reader] generated 42/500
[reader] generated 44/500
[reader] generated 46/500
[reader] generated 48/500
[reader] generated 50/500
[reader] generated 52/500
[reader] generated 54/500
[reader] generated 56/500
[reader] generated 58/500
[reader] generated 60/500
[reader] generated 62/500
[reader] generated 64/500
[reader] generated 66/500
[reader] generated 68/500
[reader] generated 70/500
[reader] generated 72/500
[reader] generated 74/500
[reader] generated 76/500
[reader] generated 78/500
[reader] generated 80/500
[reader] generated 82/500
[reader] generated 84/500
[reader] generated 86/500
[reader] generated 88/500
[reader] generated 90/500
[reader] generated 92/500
[reader] generated 94/500
[reader] generated 96/500
[reader] generated 98/500
[reader] generated 100/500
[reader] generated 102/500
[reader] generated 104/500
[reader] generated 106/500
[reader] generated 108/500
[reader] generated 110/500
[reader] generated 112/500
[reader] generated 114/500
[reader] generated 116/500
[reader] generated 118/500
[reader] generated 120/500
[reader] generated 122/500
[reader] generated 124/500
[reader] generated 126/500
[reader] generated 128/500
[reader] generated 130/500
[reader] generated 132/500
[reader] generated 134/500
[reader] generated 136/500
[reader] generated 138/500
[reader] generated 140/500
[reader] generated 142/500
[reader] generated 144/500
[reader] generated 146/500
[reader] generated 148/500
[reader] generated 150/500
[reader] generated 152/500
[reader] generated 154/500
[reader] generated 156/500
[reader] generated 158/500
[reader] generated 160/500
[reader] generated 162/500
[reader] generated 164/500
[reader] generated 166/500
[reader] generated 168/500
[reader] generated 170/500
[reader] generated 172/500
[reader] generated 174/500
[reader] generated 176/500
[reader] generated 178/500
[reader] generated 180/500
[reader] generated 182/500
[reader] generated 184/500
[reader] generated 186/500
[reader] generated 188/500
[reader] generated 190/500
[reader] generated 192/500
[reader] generated 194/500
[reader] generated 196/500
[reader] generated 198/500
[reader] generated 200/500
[reader] generated 202/500
[reader] generated 204/500
[reader] generated 206/500
[reader] generated 208/500
[reader] generated 210/500
[reader] generated 212/500
[reader] generated 214/500
[reader] generated 216/500
[reader] generated 218/500
[reader] generated 220/500
[reader] generated 222/500
[reader] generated 224/500
[reader] generated 226/500
[reader] generated 228/500
[reader] generated 230/500
[reader] generated 232/500
[reader] generated 234/500
[reader] generated 236/500
[reader] generated 238/500
[reader] generated 240/500
[reader] generated 242/500
[reader] generated 244/500
[reader] generated 246/500
[reader] generated 248/500
[reader] generated 250/500
[reader] generated 252/500
[reader] generated 254/500
[reader] generated 256/500
[reader] generated 258/500
[reader] generated 260/500
[reader] generated 262/500
[reader] generated 264/500
[reader] generated 266/500
[reader] generated 268/500
[reader] generated 270/500
[reader] generated 272/500
[reader] generated 274/500
[reader] generated 276/500
[reader] generated 278/500
[reader] generated 280/500
[reader] generated 282/500
[reader] generated 284/500
[reader] generated 286/500
[reader] generated 288/500
[reader] generated 290/500
[reader] generated 292/500
[reader] generated 294/500
[reader] generated 296/500
[reader] generated 298/500
[reader] generated 300/500
[reader] generated 302/500
[reader] generated 304/500
[reader] generated 306/500
[reader] generated 308/500
[reader] generated 310/500
[reader] generated 312/500
[reader] generated 314/500
[reader] generated 316/500
[reader] generated 318/500
[reader] generated 320/500
[reader] generated 322/500
[reader] generated 324/500
[reader] generated 326/500
[reader] generated 328/500
[reader] generated 330/500
[reader] generated 332/500
[reader] generated 334/500
[reader] generated 336/500
[reader] generated 338/500
[reader] generated 340/500
[reader] generated 342/500
[reader] generated 344/500
[reader] generated 346/500
[reader] generated 348/500
[reader] generated 350/500
[reader] generated 352/500
[reader] generated 354/500
[reader] generated 356/500
[reader] generated 358/500
[reader] generated 360/500
[reader] generated 362/500
[reader] generated 364/500
[reader] generated 366/500
[reader] generated 368/500
[reader] generated 370/500
[reader] generated 372/500
[reader] generated 374/500
[reader] generated 376/500
[reader] generated 378/500
[reader] generated 380/500
[reader] generated 382/500
[reader] generated 384/500
[reader] generated 386/500
[reader] generated 388/500
[reader] generated 390/500
[reader] generated 392/500
[reader] generated 394/500
[reader] generated 396/500
[reader] generated 398/500
[reader] generated 400/500
[reader] generated 402/500
[reader] generated 404/500
[reader] generated 406/500
[reader] generated 408/500
[reader] generated 410/500
[reader] generated 412/500
[reader] generated 414/500
[reader] generated 416/500
[reader] generated 418/500
[reader] generated 420/500
[reader] generated 422/500
[reader] generated 424/500
[reader] generated 426/500
[reader] generated 428/500
[reader] generated 430/500
[reader] generated 432/500
[reader] generated 434/500
[reader] generated 436/500
[reader] generated 438/500
[reader] generated 440/500
[reader] generated 442/500
[reader] generated 444/500
[reader] generated 446/500
[reader] generated 448/500
[reader] generated 450/500
[reader] generated 452/500
[reader] generated 454/500
[reader] generated 456/500
[reader] generated 458/500
[reader] generated 460/500
[reader] generated 462/500
[reader] generated 464/500
[reader] generated 466/500
[reader] generated 468/500
[reader] generated 470/500
[reader] generated 472/500
[reader] generated 474/500
[reader] generated 476/500
[reader] generated 478/500
[reader] generated 480/500
[reader] generated 482/500
[reader] generated 484/500
[reader] generated 486/500
[reader] generated 488/500
[reader] generated 490/500
[reader] generated 492/500
[reader] generated 494/500
[reader] generated 496/500
[reader] generated 498/500
[reader] generated 500/500
[density] policy=chunk_focused_160, router_type=fixed, representation=chunk, packer=focused, reader_model=Qwen/Qwen2.5-3B-Instruct, packed_token_budget=160, recall@1=0.438, all_gold@1=0.0, recall@2=0.723, all_gold@2=0.498, recall@5=0.874, all_gold@5=0.758, qwen_em=0.322, qwen_f1=0.4124, avg_reader_evidence_tokens=152.28, mean_ans_in_context=0.632, mean_ans_in_context_soft=0.7033, mean_gold_token_density=0.5094, mean_gold_doc_reader_cov=0.733, mean_all_gold_reader=0.512, mean_distractor_docs=1.596, mean_context_tokens=152.282, mean_n_snippets=3.318
[density] materializing policy=chunk_mmr_160
[density] generating policy=chunk_mmr_160
[reader] generated 2/500
[reader] generated 4/500
[reader] generated 6/500
[reader] generated 8/500
[reader] generated 10/500
[reader] generated 12/500
[reader] generated 14/500
[reader] generated 16/500
[reader] generated 18/500
[reader] generated 20/500
[reader] generated 22/500
[reader] generated 24/500
[reader] generated 26/500
[reader] generated 28/500
[reader] generated 30/500
[reader] generated 32/500
[reader] generated 34/500
[reader] generated 36/500
[reader] generated 38/500
[reader] generated 40/500
[reader] generated 42/500
[reader] generated 44/500
[reader] generated 46/500
[reader] generated 48/500
[reader] generated 50/500
[reader] generated 52/500
[reader] generated 54/500
[reader] generated 56/500
[reader] generated 58/500
[reader] generated 60/500
[reader] generated 62/500
[reader] generated 64/500
[reader] generated 66/500
[reader] generated 68/500
[reader] generated 70/500
[reader] generated 72/500
[reader] generated 74/500
[reader] generated 76/500
[reader] generated 78/500
[reader] generated 80/500
[reader] generated 82/500
[reader] generated 84/500
[reader] generated 86/500
[reader] generated 88/500
[reader] generated 90/500
[reader] generated 92/500
[reader] generated 94/500
[reader] generated 96/500
[reader] generated 98/500
[reader] generated 100/500
[reader] generated 102/500
[reader] generated 104/500
[reader] generated 106/500
[reader] generated 108/500
[reader] generated 110/500
[reader] generated 112/500
[reader] generated 114/500
[reader] generated 116/500
[reader] generated 118/500
[reader] generated 120/500
[reader] generated 122/500
[reader] generated 124/500
[reader] generated 126/500
[reader] generated 128/500
[reader] generated 130/500
[reader] generated 132/500
[reader] generated 134/500
[reader] generated 136/500
[reader] generated 138/500
[reader] generated 140/500
[reader] generated 142/500
[reader] generated 144/500
[reader] generated 146/500
[reader] generated 148/500
[reader] generated 150/500
[reader] generated 152/500
[reader] generated 154/500
[reader] generated 156/500
[reader] generated 158/500
[reader] generated 160/500
[reader] generated 162/500
[reader] generated 164/500
[reader] generated 166/500
[reader] generated 168/500
[reader] generated 170/500
[reader] generated 172/500
[reader] generated 174/500
[reader] generated 176/500
[reader] generated 178/500
[reader] generated 180/500
[reader] generated 182/500
[reader] generated 184/500
[reader] generated 186/500
[reader] generated 188/500
[reader] generated 190/500
[reader] generated 192/500
[reader] generated 194/500
[reader] generated 196/500
[reader] generated 198/500
[reader] generated 200/500
[reader] generated 202/500
[reader] generated 204/500
[reader] generated 206/500
[reader] generated 208/500
[reader] generated 210/500
[reader] generated 212/500
[reader] generated 214/500
[reader] generated 216/500
[reader] generated 218/500
[reader] generated 220/500
[reader] generated 222/500
[reader] generated 224/500
[reader] generated 226/500
[reader] generated 228/500
[reader] generated 230/500
[reader] generated 232/500
[reader] generated 234/500
[reader] generated 236/500
[reader] generated 238/500
[reader] generated 240/500
[reader] generated 242/500
[reader] generated 244/500
[reader] generated 246/500
[reader] generated 248/500
[reader] generated 250/500
[reader] generated 252/500
[reader] generated 254/500
[reader] generated 256/500
[reader] generated 258/500
[reader] generated 260/500
[reader] generated 262/500
[reader] generated 264/500
[reader] generated 266/500
[reader] generated 268/500
[reader] generated 270/500
[reader] generated 272/500
[reader] generated 274/500
[reader] generated 276/500
[reader] generated 278/500
[reader] generated 280/500
[reader] generated 282/500
[reader] generated 284/500
[reader] generated 286/500
[reader] generated 288/500
[reader] generated 290/500
[reader] generated 292/500
[reader] generated 294/500
[reader] generated 296/500
[reader] generated 298/500
[reader] generated 300/500
[reader] generated 302/500
[reader] generated 304/500
[reader] generated 306/500
[reader] generated 308/500
[reader] generated 310/500
[reader] generated 312/500
[reader] generated 314/500
[reader] generated 316/500
[reader] generated 318/500
[reader] generated 320/500
[reader] generated 322/500
[reader] generated 324/500
[reader] generated 326/500
[reader] generated 328/500
[reader] generated 330/500
[reader] generated 332/500
[reader] generated 334/500
[reader] generated 336/500
[reader] generated 338/500
[reader] generated 340/500
[reader] generated 342/500
[reader] generated 344/500
[reader] generated 346/500
[reader] generated 348/500
[reader] generated 350/500
[reader] generated 352/500
[reader] generated 354/500
[reader] generated 356/500
[reader] generated 358/500
[reader] generated 360/500
[reader] generated 362/500
[reader] generated 364/500
[reader] generated 366/500
[reader] generated 368/500
[reader] generated 370/500
[reader] generated 372/500
[reader] generated 374/500
[reader] generated 376/500
[reader] generated 378/500
[reader] generated 380/500
[reader] generated 382/500
[reader] generated 384/500
[reader] generated 386/500
[reader] generated 388/500
[reader] generated 390/500
[reader] generated 392/500
[reader] generated 394/500
[reader] generated 396/500
[reader] generated 398/500
[reader] generated 400/500
[reader] generated 402/500
[reader] generated 404/500
[reader] generated 406/500
[reader] generated 408/500
[reader] generated 410/500
[reader] generated 412/500
[reader] generated 414/500
[reader] generated 416/500
[reader] generated 418/500
[reader] generated 420/500
[reader] generated 422/500
[reader] generated 424/500
[reader] generated 426/500
[reader] generated 428/500
[reader] generated 430/500
[reader] generated 432/500
[reader] generated 434/500
[reader] generated 436/500
[reader] generated 438/500
[reader] generated 440/500
[reader] generated 442/500
[reader] generated 444/500
[reader] generated 446/500
[reader] generated 448/500
[reader] generated 450/500
[reader] generated 452/500
[reader] generated 454/500
[reader] generated 456/500
[reader] generated 458/500
[reader] generated 460/500
[reader] generated 462/500
[reader] generated 464/500
[reader] generated 466/500
[reader] generated 468/500
[reader] generated 470/500
[reader] generated 472/500
[reader] generated 474/500
[reader] generated 476/500
[reader] generated 478/500
[reader] generated 480/500
[reader] generated 482/500
[reader] generated 484/500
[reader] generated 486/500
[reader] generated 488/500
[reader] generated 490/500
[reader] generated 492/500
[reader] generated 494/500
[reader] generated 496/500
[reader] generated 498/500
[reader] generated 500/500
[density] policy=chunk_mmr_160, router_type=fixed, representation=chunk, packer=mmr, reader_model=Qwen/Qwen2.5-3B-Instruct, packed_token_budget=160, recall@1=0.438, all_gold@1=0.0, recall@2=0.723, all_gold@2=0.498, recall@5=0.874, all_gold@5=0.758, qwen_em=0.298, qwen_f1=0.3898, avg_reader_evidence_tokens=151.87, mean_ans_in_context=0.592, mean_ans_in_context_soft=0.6685, mean_gold_token_density=0.4927, mean_gold_doc_reader_cov=0.68, mean_all_gold_reader=0.418, mean_distractor_docs=1.57, mean_context_tokens=151.874, mean_n_snippets=3.354
[density] materializing policy=chunk_submod_160
[density] generating policy=chunk_submod_160
[reader] generated 2/500
[reader] generated 4/500
[reader] generated 6/500
[reader] generated 8/500
[reader] generated 10/500
[reader] generated 12/500
[reader] generated 14/500
[reader] generated 16/500
[reader] generated 18/500
[reader] generated 20/500
[reader] generated 22/500
[reader] generated 24/500
[reader] generated 26/500
[reader] generated 28/500
[reader] generated 30/500
[reader] generated 32/500
[reader] generated 34/500
[reader] generated 36/500
[reader] generated 38/500
[reader] generated 40/500
[reader] generated 42/500
[reader] generated 44/500
[reader] generated 46/500
[reader] generated 48/500
[reader] generated 50/500
[reader] generated 52/500
[reader] generated 54/500
[reader] generated 56/500
[reader] generated 58/500
[reader] generated 60/500
[reader] generated 62/500
[reader] generated 64/500
[reader] generated 66/500
[reader] generated 68/500
[reader] generated 70/500
[reader] generated 72/500
[reader] generated 74/500
[reader] generated 76/500
[reader] generated 78/500
[reader] generated 80/500
[reader] generated 82/500
[reader] generated 84/500
[reader] generated 86/500
[reader] generated 88/500
[reader] generated 90/500
[reader] generated 92/500
[reader] generated 94/500
[reader] generated 96/500
[reader] generated 98/500
[reader] generated 100/500
[reader] generated 102/500
[reader] generated 104/500
[reader] generated 106/500
[reader] generated 108/500
[reader] generated 110/500
[reader] generated 112/500
[reader] generated 114/500
[reader] generated 116/500
[reader] generated 118/500
[reader] generated 120/500
[reader] generated 122/500
[reader] generated 124/500
[reader] generated 126/500
[reader] generated 128/500
[reader] generated 130/500
[reader] generated 132/500
[reader] generated 134/500
[reader] generated 136/500
[reader] generated 138/500
[reader] generated 140/500
[reader] generated 142/500
[reader] generated 144/500
[reader] generated 146/500
[reader] generated 148/500
[reader] generated 150/500
[reader] generated 152/500
[reader] generated 154/500
[reader] generated 156/500
[reader] generated 158/500
[reader] generated 160/500
[reader] generated 162/500
[reader] generated 164/500
[reader] generated 166/500
[reader] generated 168/500
[reader] generated 170/500
[reader] generated 172/500
[reader] generated 174/500
[reader] generated 176/500
[reader] generated 178/500
[reader] generated 180/500
[reader] generated 182/500
[reader] generated 184/500
[reader] generated 186/500
[reader] generated 188/500
[reader] generated 190/500
[reader] generated 192/500
[reader] generated 194/500
[reader] generated 196/500
[reader] generated 198/500
[reader] generated 200/500
[reader] generated 202/500
[reader] generated 204/500
[reader] generated 206/500
[reader] generated 208/500
[reader] generated 210/500
[reader] generated 212/500
[reader] generated 214/500
[reader] generated 216/500
[reader] generated 218/500
[reader] generated 220/500
[reader] generated 222/500
[reader] generated 224/500
[reader] generated 226/500
[reader] generated 228/500
[reader] generated 230/500
[reader] generated 232/500
[reader] generated 234/500
[reader] generated 236/500
[reader] generated 238/500
[reader] generated 240/500
[reader] generated 242/500
[reader] generated 244/500
[reader] generated 246/500
[reader] generated 248/500
[reader] generated 250/500
[reader] generated 252/500
[reader] generated 254/500
[reader] generated 256/500
[reader] generated 258/500
[reader] generated 260/500
[reader] generated 262/500
[reader] generated 264/500
[reader] generated 266/500
[reader] generated 268/500
[reader] generated 270/500
[reader] generated 272/500
[reader] generated 274/500
[reader] generated 276/500
[reader] generated 278/500
[reader] generated 280/500
[reader] generated 282/500
[reader] generated 284/500
[reader] generated 286/500
[reader] generated 288/500
[reader] generated 290/500
[reader] generated 292/500
[reader] generated 294/500
[reader] generated 296/500
[reader] generated 298/500
[reader] generated 300/500
[reader] generated 302/500
[reader] generated 304/500
[reader] generated 306/500
[reader] generated 308/500
[reader] generated 310/500
[reader] generated 312/500
[reader] generated 314/500
[reader] generated 316/500
[reader] generated 318/500
[reader] generated 320/500
[reader] generated 322/500
[reader] generated 324/500
[reader] generated 326/500
[reader] generated 328/500
[reader] generated 330/500
[reader] generated 332/500
[reader] generated 334/500
[reader] generated 336/500
[reader] generated 338/500
[reader] generated 340/500
[reader] generated 342/500
[reader] generated 344/500
[reader] generated 346/500
[reader] generated 348/500
[reader] generated 350/500
[reader] generated 352/500
[reader] generated 354/500
[reader] generated 356/500
[reader] generated 358/500
[reader] generated 360/500
[reader] generated 362/500
[reader] generated 364/500
[reader] generated 366/500
[reader] generated 368/500
[reader] generated 370/500
[reader] generated 372/500
[reader] generated 374/500
[reader] generated 376/500
[reader] generated 378/500
[reader] generated 380/500
[reader] generated 382/500
[reader] generated 384/500
[reader] generated 386/500
[reader] generated 388/500
[reader] generated 390/500
[reader] generated 392/500
[reader] generated 394/500
[reader] generated 396/500
[reader] generated 398/500
[reader] generated 400/500
[reader] generated 402/500
[reader] generated 404/500
[reader] generated 406/500
[reader] generated 408/500
[reader] generated 410/500
[reader] generated 412/500
[reader] generated 414/500
[reader] generated 416/500
[reader] generated 418/500
[reader] generated 420/500
[reader] generated 422/500
[reader] generated 424/500
[reader] generated 426/500
[reader] generated 428/500
[reader] generated 430/500
[reader] generated 432/500
[reader] generated 434/500
[reader] generated 436/500
[reader] generated 438/500
[reader] generated 440/500
[reader] generated 442/500
[reader] generated 444/500
[reader] generated 446/500
[reader] generated 448/500
[reader] generated 450/500
[reader] generated 452/500
[reader] generated 454/500
[reader] generated 456/500
[reader] generated 458/500
[reader] generated 460/500
[reader] generated 462/500
[reader] generated 464/500
[reader] generated 466/500
[reader] generated 468/500
[reader] generated 470/500
[reader] generated 472/500
[reader] generated 474/500
[reader] generated 476/500
[reader] generated 478/500
[reader] generated 480/500
[reader] generated 482/500
[reader] generated 484/500
[reader] generated 486/500
[reader] generated 488/500
[reader] generated 490/500
[reader] generated 492/500
[reader] generated 494/500
[reader] generated 496/500
[reader] generated 498/500
[reader] generated 500/500
[density] policy=chunk_submod_160, router_type=fixed, representation=chunk, packer=submod, reader_model=Qwen/Qwen2.5-3B-Instruct, packed_token_budget=160, recall@1=0.438, all_gold@1=0.0, recall@2=0.723, all_gold@2=0.498, recall@5=0.874, all_gold@5=0.758, qwen_em=0.37, qwen_f1=0.4477, avg_reader_evidence_tokens=145.4, mean_ans_in_context=0.64, mean_ans_in_context_soft=0.7088, mean_gold_token_density=0.4574, mean_gold_doc_reader_cov=0.779, mean_all_gold_reader=0.578, mean_distractor_docs=2.204, mean_context_tokens=145.398, mean_n_snippets=4.616
[density] materializing policy=ace_focused_160
[density] generating policy=ace_focused_160
[reader] generated 2/500
[reader] generated 4/500
[reader] generated 6/500
[reader] generated 8/500
[reader] generated 10/500
[reader] generated 12/500
[reader] generated 14/500
[reader] generated 16/500
[reader] generated 18/500
[reader] generated 20/500
[reader] generated 22/500
[reader] generated 24/500
[reader] generated 26/500
[reader] generated 28/500
[reader] generated 30/500
[reader] generated 32/500
[reader] generated 34/500
[reader] generated 36/500
[reader] generated 38/500
[reader] generated 40/500
[reader] generated 42/500
[reader] generated 44/500
[reader] generated 46/500
[reader] generated 48/500
[reader] generated 50/500
[reader] generated 52/500
[reader] generated 54/500
[reader] generated 56/500
[reader] generated 58/500
[reader] generated 60/500
[reader] generated 62/500
[reader] generated 64/500
[reader] generated 66/500
[reader] generated 68/500
[reader] generated 70/500
[reader] generated 72/500
[reader] generated 74/500
[reader] generated 76/500
[reader] generated 78/500
[reader] generated 80/500
[reader] generated 82/500
[reader] generated 84/500
[reader] generated 86/500
[reader] generated 88/500
[reader] generated 90/500
[reader] generated 92/500
[reader] generated 94/500
[reader] generated 96/500
[reader] generated 98/500
[reader] generated 100/500
[reader] generated 102/500
[reader] generated 104/500
[reader] generated 106/500
[reader] generated 108/500
[reader] generated 110/500
[reader] generated 112/500
[reader] generated 114/500
[reader] generated 116/500
[reader] generated 118/500
[reader] generated 120/500
[reader] generated 122/500
[reader] generated 124/500
[reader] generated 126/500
[reader] generated 128/500
[reader] generated 130/500
[reader] generated 132/500
[reader] generated 134/500
[reader] generated 136/500
[reader] generated 138/500
[reader] generated 140/500
[reader] generated 142/500
[reader] generated 144/500
[reader] generated 146/500
[reader] generated 148/500
[reader] generated 150/500
[reader] generated 152/500
[reader] generated 154/500
[reader] generated 156/500
[reader] generated 158/500
[reader] generated 160/500
[reader] generated 162/500
[reader] generated 164/500
[reader] generated 166/500
[reader] generated 168/500
[reader] generated 170/500
[reader] generated 172/500
[reader] generated 174/500
[reader] generated 176/500
[reader] generated 178/500
[reader] generated 180/500
[reader] generated 182/500
[reader] generated 184/500
[reader] generated 186/500
[reader] generated 188/500
[reader] generated 190/500
[reader] generated 192/500
[reader] generated 194/500
[reader] generated 196/500
[reader] generated 198/500
[reader] generated 200/500
[reader] generated 202/500
[reader] generated 204/500
[reader] generated 206/500
[reader] generated 208/500
[reader] generated 210/500
[reader] generated 212/500
[reader] generated 214/500
[reader] generated 216/500
[reader] generated 218/500
[reader] generated 220/500
[reader] generated 222/500
[reader] generated 224/500
[reader] generated 226/500
[reader] generated 228/500
[reader] generated 230/500
[reader] generated 232/500
[reader] generated 234/500
[reader] generated 236/500
[reader] generated 238/500
[reader] generated 240/500
[reader] generated 242/500
[reader] generated 244/500
[reader] generated 246/500
[reader] generated 248/500
[reader] generated 250/500
[reader] generated 252/500
[reader] generated 254/500
[reader] generated 256/500
[reader] generated 258/500
[reader] generated 260/500
[reader] generated 262/500
[reader] generated 264/500
[reader] generated 266/500
[reader] generated 268/500
[reader] generated 270/500
[reader] generated 272/500
[reader] generated 274/500
[reader] generated 276/500
[reader] generated 278/500
[reader] generated 280/500
[reader] generated 282/500
[reader] generated 284/500
[reader] generated 286/500
[reader] generated 288/500
[reader] generated 290/500
[reader] generated 292/500
[reader] generated 294/500
[reader] generated 296/500
[reader] generated 298/500
[reader] generated 300/500
[reader] generated 302/500
[reader] generated 304/500
[reader] generated 306/500
[reader] generated 308/500
[reader] generated 310/500
[reader] generated 312/500
[reader] generated 314/500
[reader] generated 316/500
[reader] generated 318/500
[reader] generated 320/500
[reader] generated 322/500
[reader] generated 324/500
[reader] generated 326/500
[reader] generated 328/500
[reader] generated 330/500
[reader] generated 332/500
[reader] generated 334/500
[reader] generated 336/500
[reader] generated 338/500
[reader] generated 340/500
[reader] generated 342/500
[reader] generated 344/500
[reader] generated 346/500
[reader] generated 348/500
[reader] generated 350/500
[reader] generated 352/500
[reader] generated 354/500
[reader] generated 356/500
[reader] generated 358/500
[reader] generated 360/500
[reader] generated 362/500
[reader] generated 364/500
[reader] generated 366/500
[reader] generated 368/500
[reader] generated 370/500
[reader] generated 372/500
[reader] generated 374/500
[reader] generated 376/500
[reader] generated 378/500
[reader] generated 380/500
[reader] generated 382/500
[reader] generated 384/500
[reader] generated 386/500
[reader] generated 388/500
[reader] generated 390/500
[reader] generated 392/500
[reader] generated 394/500
[reader] generated 396/500
[reader] generated 398/500
[reader] generated 400/500
[reader] generated 402/500
[reader] generated 404/500
[reader] generated 406/500
[reader] generated 408/500
[reader] generated 410/500
[reader] generated 412/500
[reader] generated 414/500
[reader] generated 416/500
[reader] generated 418/500
[reader] generated 420/500
[reader] generated 422/500
[reader] generated 424/500
[reader] generated 426/500
[reader] generated 428/500
[reader] generated 430/500
[reader] generated 432/500
[reader] generated 434/500
[reader] generated 436/500
[reader] generated 438/500
[reader] generated 440/500
[reader] generated 442/500
[reader] generated 444/500
[reader] generated 446/500
[reader] generated 448/500
[reader] generated 450/500
[reader] generated 452/500
[reader] generated 454/500
[reader] generated 456/500
[reader] generated 458/500
[reader] generated 460/500
[reader] generated 462/500
[reader] generated 464/500
[reader] generated 466/500
[reader] generated 468/500
[reader] generated 470/500
[reader] generated 472/500
[reader] generated 474/500
[reader] generated 476/500
[reader] generated 478/500
[reader] generated 480/500
[reader] generated 482/500
[reader] generated 484/500
[reader] generated 486/500
[reader] generated 488/500
[reader] generated 490/500
[reader] generated 492/500
[reader] generated 494/500
[reader] generated 496/500
[reader] generated 498/500
[reader] generated 500/500
[density] policy=ace_focused_160, router_type=fixed, representation=ace, packer=focused, reader_model=Qwen/Qwen2.5-3B-Instruct, packed_token_budget=160, recall@1=0.419, all_gold@1=0.0, recall@2=0.677, all_gold@2=0.422, recall@5=0.859, all_gold@5=0.726, qwen_em=0.32, qwen_f1=0.4211, avg_reader_evidence_tokens=150.04, mean_ans_in_context=0.63, mean_ans_in_context_soft=0.7031, mean_gold_token_density=0.4516, mean_gold_doc_reader_cov=0.768, mean_all_gold_reader=0.562, mean_distractor_docs=2.134, mean_context_tokens=150.042, mean_n_snippets=4.108
[density] materializing policy=ace_mmr_160
[density] generating policy=ace_mmr_160
[reader] generated 2/500
[reader] generated 4/500
[reader] generated 6/500
[reader] generated 8/500
[reader] generated 10/500
[reader] generated 12/500
[reader] generated 14/500
[reader] generated 16/500
[reader] generated 18/500
[reader] generated 20/500
[reader] generated 22/500
[reader] generated 24/500
[reader] generated 26/500
[reader] generated 28/500
[reader] generated 30/500
[reader] generated 32/500
[reader] generated 34/500
[reader] generated 36/500
[reader] generated 38/500
[reader] generated 40/500
[reader] generated 42/500
[reader] generated 44/500
[reader] generated 46/500
[reader] generated 48/500
[reader] generated 50/500
[reader] generated 52/500
[reader] generated 54/500
[reader] generated 56/500
[reader] generated 58/500
[reader] generated 60/500
[reader] generated 62/500
[reader] generated 64/500
[reader] generated 66/500
[reader] generated 68/500
[reader] generated 70/500
[reader] generated 72/500
[reader] generated 74/500
[reader] generated 76/500
[reader] generated 78/500
[reader] generated 80/500
[reader] generated 82/500
[reader] generated 84/500
[reader] generated 86/500
[reader] generated 88/500
[reader] generated 90/500
[reader] generated 92/500
[reader] generated 94/500
[reader] generated 96/500
[reader] generated 98/500
[reader] generated 100/500
[reader] generated 102/500
[reader] generated 104/500
[reader] generated 106/500
[reader] generated 108/500
[reader] generated 110/500
[reader] generated 112/500
[reader] generated 114/500
[reader] generated 116/500
[reader] generated 118/500
[reader] generated 120/500
[reader] generated 122/500
[reader] generated 124/500
[reader] generated 126/500
[reader] generated 128/500
[reader] generated 130/500
[reader] generated 132/500
[reader] generated 134/500
[reader] generated 136/500
[reader] generated 138/500
[reader] generated 140/500
[reader] generated 142/500
[reader] generated 144/500
[reader] generated 146/500
[reader] generated 148/500
[reader] generated 150/500
[reader] generated 152/500
[reader] generated 154/500
[reader] generated 156/500
[reader] generated 158/500
[reader] generated 160/500
[reader] generated 162/500
[reader] generated 164/500
[reader] generated 166/500
[reader] generated 168/500
[reader] generated 170/500
[reader] generated 172/500
[reader] generated 174/500
[reader] generated 176/500
[reader] generated 178/500
[reader] generated 180/500
[reader] generated 182/500
[reader] generated 184/500
[reader] generated 186/500
[reader] generated 188/500
[reader] generated 190/500
[reader] generated 192/500
[reader] generated 194/500
[reader] generated 196/500
[reader] generated 198/500
[reader] generated 200/500
[reader] generated 202/500
[reader] generated 204/500
[reader] generated 206/500
[reader] generated 208/500
[reader] generated 210/500
[reader] generated 212/500
[reader] generated 214/500
[reader] generated 216/500
[reader] generated 218/500
[reader] generated 220/500
[reader] generated 222/500
[reader] generated 224/500
[reader] generated 226/500
[reader] generated 228/500
[reader] generated 230/500
[reader] generated 232/500
[reader] generated 234/500
[reader] generated 236/500
[reader] generated 238/500
[reader] generated 240/500
[reader] generated 242/500
[reader] generated 244/500
[reader] generated 246/500
[reader] generated 248/500
[reader] generated 250/500
[reader] generated 252/500
[reader] generated 254/500
[reader] generated 256/500
[reader] generated 258/500
[reader] generated 260/500
[reader] generated 262/500
[reader] generated 264/500
[reader] generated 266/500
[reader] generated 268/500
[reader] generated 270/500
[reader] generated 272/500
[reader] generated 274/500
[reader] generated 276/500
[reader] generated 278/500
[reader] generated 280/500
[reader] generated 282/500
[reader] generated 284/500
[reader] generated 286/500
[reader] generated 288/500
[reader] generated 290/500
[reader] generated 292/500
[reader] generated 294/500
[reader] generated 296/500
[reader] generated 298/500
[reader] generated 300/500
[reader] generated 302/500
[reader] generated 304/500
[reader] generated 306/500
[reader] generated 308/500
[reader] generated 310/500
[reader] generated 312/500
[reader] generated 314/500
[reader] generated 316/500
[reader] generated 318/500
[reader] generated 320/500
[reader] generated 322/500
[reader] generated 324/500
[reader] generated 326/500
[reader] generated 328/500
[reader] generated 330/500
[reader] generated 332/500
[reader] generated 334/500
[reader] generated 336/500
[reader] generated 338/500
[reader] generated 340/500
[reader] generated 342/500
[reader] generated 344/500
[reader] generated 346/500
[reader] generated 348/500
[reader] generated 350/500
[reader] generated 352/500
[reader] generated 354/500
[reader] generated 356/500
[reader] generated 358/500
[reader] generated 360/500
[reader] generated 362/500
[reader] generated 364/500
[reader] generated 366/500
[reader] generated 368/500
[reader] generated 370/500
[reader] generated 372/500
[reader] generated 374/500
[reader] generated 376/500
[reader] generated 378/500
[reader] generated 380/500
[reader] generated 382/500
[reader] generated 384/500
[reader] generated 386/500
[reader] generated 388/500
[reader] generated 390/500
[reader] generated 392/500
[reader] generated 394/500
[reader] generated 396/500
[reader] generated 398/500
[reader] generated 400/500
[reader] generated 402/500
[reader] generated 404/500
[reader] generated 406/500
[reader] generated 408/500
[reader] generated 410/500
[reader] generated 412/500
[reader] generated 414/500
[reader] generated 416/500
[reader] generated 418/500
[reader] generated 420/500
[reader] generated 422/500
[reader] generated 424/500
[reader] generated 426/500
[reader] generated 428/500
[reader] generated 430/500
[reader] generated 432/500
[reader] generated 434/500
[reader] generated 436/500
[reader] generated 438/500
[reader] generated 440/500
[reader] generated 442/500
[reader] generated 444/500
[reader] generated 446/500
[reader] generated 448/500
[reader] generated 450/500
[reader] generated 452/500
[reader] generated 454/500
[reader] generated 456/500
[reader] generated 458/500
[reader] generated 460/500
[reader] generated 462/500
[reader] generated 464/500
[reader] generated 466/500
[reader] generated 468/500
[reader] generated 470/500
[reader] generated 472/500
[reader] generated 474/500
[reader] generated 476/500
[reader] generated 478/500
[reader] generated 480/500
[reader] generated 482/500
[reader] generated 484/500
[reader] generated 486/500
[reader] generated 488/500
[reader] generated 490/500
[reader] generated 492/500
[reader] generated 494/500
[reader] generated 496/500
[reader] generated 498/500
[reader] generated 500/500
[density] policy=ace_mmr_160, router_type=fixed, representation=ace, packer=mmr, reader_model=Qwen/Qwen2.5-3B-Instruct, packed_token_budget=160, recall@1=0.419, all_gold@1=0.0, recall@2=0.677, all_gold@2=0.422, recall@5=0.859, all_gold@5=0.726, qwen_em=0.316, qwen_f1=0.4078, avg_reader_evidence_tokens=149.78, mean_ans_in_context=0.61, mean_ans_in_context_soft=0.6817, mean_gold_token_density=0.4421, mean_gold_doc_reader_cov=0.726, mean_all_gold_reader=0.496, mean_distractor_docs=2.072, mean_context_tokens=149.78, mean_n_snippets=4.15
[density] materializing policy=ace_submod_160
[density] generating policy=ace_submod_160
[reader] generated 2/500
[reader] generated 4/500
[reader] generated 6/500
[reader] generated 8/500
[reader] generated 10/500
[reader] generated 12/500
[reader] generated 14/500
[reader] generated 16/500
[reader] generated 18/500
[reader] generated 20/500
[reader] generated 22/500
[reader] generated 24/500
[reader] generated 26/500
[reader] generated 28/500
[reader] generated 30/500
[reader] generated 32/500
[reader] generated 34/500
[reader] generated 36/500
[reader] generated 38/500
[reader] generated 40/500
[reader] generated 42/500
[reader] generated 44/500
[reader] generated 46/500
[reader] generated 48/500
[reader] generated 50/500
[reader] generated 52/500
[reader] generated 54/500
[reader] generated 56/500
[reader] generated 58/500
[reader] generated 60/500
[reader] generated 62/500
[reader] generated 64/500
[reader] generated 66/500
[reader] generated 68/500
[reader] generated 70/500
[reader] generated 72/500
[reader] generated 74/500
[reader] generated 76/500
[reader] generated 78/500
[reader] generated 80/500
[reader] generated 82/500
[reader] generated 84/500
[reader] generated 86/500
[reader] generated 88/500
[reader] generated 90/500
[reader] generated 92/500
[reader] generated 94/500
[reader] generated 96/500
[reader] generated 98/500
[reader] generated 100/500
[reader] generated 102/500
[reader] generated 104/500
[reader] generated 106/500
[reader] generated 108/500
[reader] generated 110/500
[reader] generated 112/500
[reader] generated 114/500
[reader] generated 116/500
[reader] generated 118/500
[reader] generated 120/500
[reader] generated 122/500
[reader] generated 124/500
[reader] generated 126/500
[reader] generated 128/500
[reader] generated 130/500
[reader] generated 132/500
[reader] generated 134/500
[reader] generated 136/500
[reader] generated 138/500
[reader] generated 140/500
[reader] generated 142/500
[reader] generated 144/500
[reader] generated 146/500
[reader] generated 148/500
[reader] generated 150/500
[reader] generated 152/500
[reader] generated 154/500
[reader] generated 156/500
[reader] generated 158/500
[reader] generated 160/500
[reader] generated 162/500
[reader] generated 164/500
[reader] generated 166/500
[reader] generated 168/500
[reader] generated 170/500
[reader] generated 172/500
[reader] generated 174/500
[reader] generated 176/500
[reader] generated 178/500
[reader] generated 180/500
[reader] generated 182/500
[reader] generated 184/500
[reader] generated 186/500
[reader] generated 188/500
[reader] generated 190/500
[reader] generated 192/500
[reader] generated 194/500
[reader] generated 196/500
[reader] generated 198/500
[reader] generated 200/500
[reader] generated 202/500
[reader] generated 204/500
[reader] generated 206/500
[reader] generated 208/500
[reader] generated 210/500
[reader] generated 212/500
[reader] generated 214/500
[reader] generated 216/500
[reader] generated 218/500
[reader] generated 220/500
[reader] generated 222/500
[reader] generated 224/500
[reader] generated 226/500
[reader] generated 228/500
[reader] generated 230/500
[reader] generated 232/500
[reader] generated 234/500
[reader] generated 236/500
[reader] generated 238/500
[reader] generated 240/500
[reader] generated 242/500
[reader] generated 244/500
[reader] generated 246/500
[reader] generated 248/500
[reader] generated 250/500
[reader] generated 252/500
[reader] generated 254/500
[reader] generated 256/500
[reader] generated 258/500
[reader] generated 260/500
[reader] generated 262/500
[reader] generated 264/500
[reader] generated 266/500
[reader] generated 268/500
[reader] generated 270/500
[reader] generated 272/500
[reader] generated 274/500
[reader] generated 276/500
[reader] generated 278/500
[reader] generated 280/500
[reader] generated 282/500
[reader] generated 284/500
[reader] generated 286/500
[reader] generated 288/500
[reader] generated 290/500
[reader] generated 292/500
[reader] generated 294/500
[reader] generated 296/500
[reader] generated 298/500
[reader] generated 300/500
[reader] generated 302/500
[reader] generated 304/500
[reader] generated 306/500
[reader] generated 308/500
[reader] generated 310/500
[reader] generated 312/500
[reader] generated 314/500
[reader] generated 316/500
[reader] generated 318/500
[reader] generated 320/500
[reader] generated 322/500
[reader] generated 324/500
[reader] generated 326/500
[reader] generated 328/500
[reader] generated 330/500
[reader] generated 332/500
[reader] generated 334/500
[reader] generated 336/500
[reader] generated 338/500
[reader] generated 340/500
[reader] generated 342/500
[reader] generated 344/500
[reader] generated 346/500
[reader] generated 348/500
[reader] generated 350/500
[reader] generated 352/500
[reader] generated 354/500
[reader] generated 356/500
[reader] generated 358/500
[reader] generated 360/500
[reader] generated 362/500
[reader] generated 364/500
[reader] generated 366/500
[reader] generated 368/500
[reader] generated 370/500
[reader] generated 372/500
[reader] generated 374/500
[reader] generated 376/500
[reader] generated 378/500
[reader] generated 380/500
[reader] generated 382/500
[reader] generated 384/500
[reader] generated 386/500
[reader] generated 388/500
[reader] generated 390/500
[reader] generated 392/500
[reader] generated 394/500
[reader] generated 396/500
[reader] generated 398/500
[reader] generated 400/500
[reader] generated 402/500
[reader] generated 404/500
[reader] generated 406/500
[reader] generated 408/500
[reader] generated 410/500
[reader] generated 412/500
[reader] generated 414/500
[reader] generated 416/500
[reader] generated 418/500
[reader] generated 420/500
[reader] generated 422/500
[reader] generated 424/500
[reader] generated 426/500
[reader] generated 428/500
[reader] generated 430/500
[reader] generated 432/500
[reader] generated 434/500
[reader] generated 436/500
[reader] generated 438/500
[reader] generated 440/500
[reader] generated 442/500
[reader] generated 444/500
[reader] generated 446/500
[reader] generated 448/500
[reader] generated 450/500
[reader] generated 452/500
[reader] generated 454/500
[reader] generated 456/500
[reader] generated 458/500
[reader] generated 460/500
[reader] generated 462/500
[reader] generated 464/500
[reader] generated 466/500
[reader] generated 468/500
[reader] generated 470/500
[reader] generated 472/500
[reader] generated 474/500
[reader] generated 476/500
[reader] generated 478/500
[reader] generated 480/500
[reader] generated 482/500
[reader] generated 484/500
[reader] generated 486/500
[reader] generated 488/500
[reader] generated 490/500
[reader] generated 492/500
[reader] generated 494/500
[reader] generated 496/500
[reader] generated 498/500
[reader] generated 500/500
[density] policy=ace_submod_160, router_type=fixed, representation=ace, packer=submod, reader_model=Qwen/Qwen2.5-3B-Instruct, packed_token_budget=160, recall@1=0.419, all_gold@1=0.0, recall@2=0.677, all_gold@2=0.422, recall@5=0.859, all_gold@5=0.726, qwen_em=0.308, qwen_f1=0.4007, avg_reader_evidence_tokens=147.4, mean_ans_in_context=0.612, mean_ans_in_context_soft=0.6817, mean_gold_token_density=0.4277, mean_gold_doc_reader_cov=0.758, mean_all_gold_reader=0.55, mean_distractor_docs=2.306, mean_context_tokens=147.398, mean_n_snippets=4.686
[density] policy=router_oracle_packer, router_type=oracle, representation=mixed, packer=oracle, reader_model=Qwen/Qwen2.5-3B-Instruct, packed_token_budget=160, selection_counts={"ace_focused_160": 90, "ace_mmr_160": 36, "ace_submod_160": 82, "chunk_focused_160": 78, "chunk_mmr_160": 28, "chunk_submod_160": 186}, qwen_em=0.484, qwen_f1=0.5979, avg_reader_evidence_tokens=142.0, mean_ans_in_context=0.692, mean_ans_in_context_soft=0.7502, mean_gold_token_density=0.4958, mean_gold_doc_reader_cov=0.779, mean_all_gold_reader=0.58, mean_distractor_docs=1.912, mean_context_tokens=142.002, mean_n_snippets=4.096
[density] freeing reader before NLI (3500 pairs)
[nli] scored 32/3500
[nli] scored 64/3500
[nli] scored 96/3500
[nli] scored 128/3500
[nli] scored 160/3500
[nli] scored 192/3500
[nli] scored 224/3500
[nli] scored 256/3500
[nli] scored 288/3500
[nli] scored 320/3500
[nli] scored 352/3500
[nli] scored 384/3500
[nli] scored 416/3500
[nli] scored 448/3500
[nli] scored 480/3500
[nli] scored 512/3500
[nli] scored 544/3500
[nli] scored 576/3500
[nli] scored 608/3500
[nli] scored 640/3500
[nli] scored 672/3500
[nli] scored 704/3500
[nli] scored 736/3500
[nli] scored 768/3500
[nli] scored 800/3500
[nli] scored 832/3500
[nli] scored 864/3500
[nli] scored 896/3500
[nli] scored 928/3500
[nli] scored 960/3500
[nli] scored 992/3500
[nli] scored 1024/3500
[nli] scored 1056/3500
[nli] scored 1088/3500
[nli] scored 1120/3500
[nli] scored 1152/3500
[nli] scored 1184/3500
[nli] scored 1216/3500
[nli] scored 1248/3500
[nli] scored 1280/3500
[nli] scored 1312/3500
[nli] scored 1344/3500
[nli] scored 1376/3500
[nli] scored 1408/3500
[nli] scored 1440/3500
[nli] scored 1472/3500
[nli] scored 1504/3500
[nli] scored 1536/3500
[nli] scored 1568/3500
[nli] scored 1600/3500
[nli] scored 1632/3500
[nli] scored 1664/3500
[nli] scored 1696/3500
[nli] scored 1728/3500
[nli] scored 1760/3500
[nli] scored 1792/3500
[nli] scored 1824/3500
[nli] scored 1856/3500
[nli] scored 1888/3500
[nli] scored 1920/3500
[nli] scored 1952/3500
[nli] scored 1984/3500
[nli] scored 2016/3500
[nli] scored 2048/3500
[nli] scored 2080/3500
[nli] scored 2112/3500
[nli] scored 2144/3500
[nli] scored 2176/3500
[nli] scored 2208/3500
[nli] scored 2240/3500
[nli] scored 2272/3500
[nli] scored 2304/3500
[nli] scored 2336/3500
[nli] scored 2368/3500
[nli] scored 2400/3500
[nli] scored 2432/3500
[nli] scored 2464/3500
[nli] scored 2496/3500
[nli] scored 2528/3500
[nli] scored 2560/3500
[nli] scored 2592/3500
[nli] scored 2624/3500
[nli] scored 2656/3500
[nli] scored 2688/3500
[nli] scored 2720/3500
[nli] scored 2752/3500
[nli] scored 2784/3500
[nli] scored 2816/3500
[nli] scored 2848/3500
[nli] scored 2880/3500
[nli] scored 2912/3500
[nli] scored 2944/3500
[nli] scored 2976/3500
[nli] scored 3008/3500
[nli] scored 3040/3500
[nli] scored 3072/3500
[nli] scored 3104/3500
[nli] scored 3136/3500
[nli] scored 3168/3500
[nli] scored 3200/3500
[nli] scored 3232/3500
[nli] scored 3264/3500
[nli] scored 3296/3500
[nli] scored 3328/3500
[nli] scored 3360/3500
[nli] scored 3392/3500
[nli] scored 3424/3500
[nli] scored 3456/3500
[nli] scored 3488/3500
[nli] scored 3500/3500
wrote /kaggle/working/colab_results/stage15_semanticaic_hotpotqa_qwen3b_budget160_seed42/hotpotqa_density_standard_budget160_limit500_metrics.csv
wrote /kaggle/working/colab_results/stage15_semanticaic_hotpotqa_qwen3b_budget160_seed42/hotpotqa_density_standard_budget160_limit500_per_question.csv
--- semantic AiC hotpotqa seed 13 ---
$ /usr/bin/python3 -m experiments.run_density_router --dataset hotpotqa --limit 500 --seed 13 --ace-retriever standard --top-k 5 --top-k-nodes 48 --max-expanded-docs 5 --embedder sentence-transformers --embedding-model BAAI/bge-small-en-v1.5 --embed-device cuda --compressor truncate --compress-dims 320 --reader-backend hf --reader-model Qwen/Qwen2.5-3B-Instruct --reader-device cuda --reader-batch-size 2 --mmr-lambda 0.7 --budget 160 --out-dir /kaggle/working/colab_results/stage15_semanticaic_hotpotqa_qwen3b_budget160_seed13 --split validation --semantic-aic --nli-model cross-encoder/nli-deberta-v3-small --nli-batch-size 32
hotpotqa[hf:validation:500]: 4933 docs, 500 questions, 2.00 gold docs/question
[density] retrieving chunk baseline
[chunk] fitting/indexing
[embed] encoding 4933 texts on device=cuda:0

Batches:   0%|          | 0/78 [00:00<?, ?it/s]
Batches:   1%|▏         | 1/78 [00:00<01:15,  1.02it/s]
Batches:   3%|▎         | 2/78 [00:01<00:54,  1.40it/s]
Batches:   4%|▍         | 3/78 [00:01<00:42,  1.76it/s]
Batches:   5%|▌         | 4/78 [00:02<00:37,  1.98it/s]
Batches:   6%|▋         | 5/78 [00:02<00:32,  2.24it/s]
Batches:   8%|▊         | 6/78 [00:02<00:28,  2.50it/s]
Batches:   9%|▉         | 7/78 [00:03<00:27,  2.62it/s]
Batches:  10%|█         | 8/78 [00:03<00:24,  2.81it/s]
Batches:  12%|█▏        | 9/78 [00:03<00:23,  2.91it/s]
Batches:  13%|█▎        | 10/78 [00:04<00:22,  3.04it/s]
Batches:  14%|█▍        | 11/78 [00:04<00:20,  3.20it/s]
Batches:  15%|█▌        | 12/78 [00:04<00:19,  3.39it/s]
Batches:  17%|█▋        | 13/78 [00:04<00:18,  3.58it/s]
Batches:  18%|█▊        | 14/78 [00:05<00:17,  3.71it/s]
Batches:  19%|█▉        | 15/78 [00:05<00:16,  3.85it/s]
Batches:  21%|██        | 16/78 [00:05<00:15,  3.92it/s]
Batches:  22%|██▏       | 17/78 [00:05<00:15,  4.04it/s]
Batches:  23%|██▎       | 18/78 [00:06<00:14,  4.03it/s]
Batches:  24%|██▍       | 19/78 [00:06<00:14,  4.14it/s]
Batches:  26%|██▌       | 20/78 [00:06<00:12,  4.47it/s]
Batches:  27%|██▋       | 21/78 [00:06<00:12,  4.63it/s]
Batches:  28%|██▊       | 22/78 [00:07<00:11,  4.75it/s]
Batches:  29%|██▉       | 23/78 [00:07<00:11,  4.84it/s]
Batches:  31%|███       | 24/78 [00:07<00:11,  4.90it/s]
Batches:  32%|███▏      | 25/78 [00:07<00:10,  5.01it/s]
Batches:  33%|███▎      | 26/78 [00:07<00:10,  5.10it/s]
Batches:  35%|███▍      | 27/78 [00:07<00:09,  5.24it/s]
Batches:  36%|███▌      | 28/78 [00:08<00:09,  5.44it/s]
Batches:  37%|███▋      | 29/78 [00:08<00:08,  5.46it/s]
Batches:  38%|███▊      | 30/78 [00:08<00:09,  5.33it/s]
Batches:  40%|███▉      | 31/78 [00:08<00:08,  5.42it/s]
Batches:  41%|████      | 32/78 [00:08<00:08,  5.40it/s]
Batches:  42%|████▏     | 33/78 [00:09<00:08,  5.57it/s]
Batches:  44%|████▎     | 34/78 [00:09<00:07,  5.76it/s]
Batches:  45%|████▍     | 35/78 [00:09<00:07,  5.84it/s]
Batches:  46%|████▌     | 36/78 [00:09<00:07,  5.97it/s]
Batches:  47%|████▋     | 37/78 [00:09<00:06,  6.13it/s]
Batches:  49%|████▊     | 38/78 [00:09<00:06,  6.15it/s]
Batches:  50%|█████     | 39/78 [00:09<00:06,  6.38it/s]
Batches:  51%|█████▏    | 40/78 [00:10<00:05,  6.35it/s]
Batches:  53%|█████▎    | 41/78 [00:10<00:05,  6.45it/s]
Batches:  54%|█████▍    | 42/78 [00:10<00:05,  6.44it/s]
Batches:  55%|█████▌    | 43/78 [00:10<00:05,  6.31it/s]
Batches:  56%|█████▋    | 44/78 [00:10<00:05,  6.72it/s]
Batches:  58%|█████▊    | 45/78 [00:10<00:05,  6.24it/s]
Batches:  59%|█████▉    | 46/78 [00:11<00:05,  6.40it/s]
Batches:  60%|██████    | 47/78 [00:11<00:04,  6.63it/s]
Batches:  62%|██████▏   | 48/78 [00:11<00:04,  6.92it/s]
Batches:  63%|██████▎   | 49/78 [00:11<00:03,  7.28it/s]
Batches:  64%|██████▍   | 50/78 [00:11<00:03,  7.40it/s]
Batches:  65%|██████▌   | 51/78 [00:11<00:03,  7.68it/s]
Batches:  67%|██████▋   | 52/78 [00:11<00:03,  7.94it/s]
Batches:  68%|██████▊   | 53/78 [00:11<00:03,  8.19it/s]
Batches:  69%|██████▉   | 54/78 [00:12<00:02,  8.55it/s]
Batches:  71%|███████   | 55/78 [00:12<00:02,  8.76it/s]
Batches:  72%|███████▏  | 56/78 [00:12<00:02,  8.93it/s]
Batches:  73%|███████▎  | 57/78 [00:12<00:02,  9.02it/s]
Batches:  74%|███████▍  | 58/78 [00:12<00:02,  9.20it/s]
Batches:  76%|███████▌  | 59/78 [00:12<00:02,  9.07it/s]
Batches:  77%|███████▋  | 60/78 [00:12<00:01,  9.17it/s]
Batches:  79%|███████▉  | 62/78 [00:12<00:01,  9.95it/s]
Batches:  82%|████████▏ | 64/78 [00:13<00:01, 10.37it/s]
Batches:  85%|████████▍ | 66/78 [00:13<00:01, 10.53it/s]
Batches:  87%|████████▋ | 68/78 [00:13<00:00, 10.76it/s]
Batches:  90%|████████▉ | 70/78 [00:13<00:00, 11.43it/s]
Batches:  92%|█████████▏| 72/78 [00:13<00:00, 11.90it/s]
Batches:  95%|█████████▍| 74/78 [00:13<00:00, 13.07it/s]
Batches:  99%|█████████▊| 77/78 [00:13<00:00, 15.80it/s]
Batches: 100%|██████████| 78/78 [00:13<00:00,  5.58it/s]
[chunk] retrieving
[embed] encoding 500 texts on device=cuda:0

Batches:   0%|          | 0/8 [00:00<?, ?it/s]
Batches:  38%|███▊      | 3/8 [00:00<00:00, 28.59it/s]
Batches:  88%|████████▊ | 7/8 [00:00<00:00, 32.61it/s]
Batches: 100%|██████████| 8/8 [00:00<00:00, 33.45it/s]
[density] retrieving ACE graph
[ace] building evidence graph
[ace] graph built: nodes=50334 edges=77031
[ace] fitting/indexing embeddings
[embed] encoding 45401 texts on device=cuda:0

Batches:   0%|          | 0/710 [00:00<?, ?it/s]
Batches:   0%|          | 1/710 [00:00<05:31,  2.14it/s]
Batches:   0%|          | 2/710 [00:00<03:24,  3.46it/s]
Batches:   0%|          | 3/710 [00:00<02:28,  4.76it/s]
Batches:   1%|          | 4/710 [00:00<02:02,  5.74it/s]
Batches:   1%|          | 5/710 [00:00<01:45,  6.70it/s]
Batches:   1%|          | 6/710 [00:01<01:34,  7.47it/s]
Batches:   1%|          | 8/710 [00:01<01:24,  8.34it/s]
Batches:   1%|▏         | 9/710 [00:01<01:21,  8.64it/s]
Batches:   2%|▏         | 11/710 [00:01<01:16,  9.10it/s]
Batches:   2%|▏         | 13/710 [00:01<01:12,  9.67it/s]
Batches:   2%|▏         | 14/710 [00:01<01:12,  9.63it/s]
Batches:   2%|▏         | 15/710 [00:01<01:11,  9.69it/s]
Batches:   2%|▏         | 17/710 [00:02<01:07, 10.31it/s]
Batches:   3%|▎         | 19/710 [00:02<01:04, 10.72it/s]
Batches:   3%|▎         | 21/710 [00:02<01:01, 11.24it/s]
Batches:   3%|▎         | 23/710 [00:02<00:59, 11.62it/s]
Batches:   4%|▎         | 25/710 [00:02<00:58, 11.68it/s]
Batches:   4%|▍         | 27/710 [00:02<00:55, 12.27it/s]
Batches:   4%|▍         | 29/710 [00:03<00:54, 12.39it/s]
Batches:   4%|▍         | 31/710 [00:03<00:56, 11.93it/s]
Batches:   5%|▍         | 33/710 [00:03<00:54, 12.34it/s]
Batches:   5%|▍         | 35/710 [00:03<00:52, 12.86it/s]
Batches:   5%|▌         | 37/710 [00:03<00:51, 13.15it/s]
Batches:   5%|▌         | 39/710 [00:03<00:49, 13.53it/s]
Batches:   6%|▌         | 41/710 [00:04<00:46, 14.26it/s]
Batches:   6%|▌         | 43/710 [00:04<00:48, 13.66it/s]
Batches:   6%|▋         | 45/710 [00:04<00:47, 14.04it/s]
Batches:   7%|▋         | 47/710 [00:04<00:48, 13.63it/s]
Batches:   7%|▋         | 49/710 [00:04<00:47, 13.92it/s]
Batches:   7%|▋         | 51/710 [00:04<00:45, 14.51it/s]
Batches:   7%|▋         | 53/710 [00:04<00:45, 14.46it/s]
Batches:   8%|▊         | 55/710 [00:04<00:45, 14.44it/s]
Batches:   8%|▊         | 57/710 [00:05<00:42, 15.21it/s]
Batches:   8%|▊         | 59/710 [00:05<00:40, 16.06it/s]
Batches:   9%|▊         | 61/710 [00:05<00:42, 15.31it/s]
Batches:   9%|▉         | 63/710 [00:05<00:41, 15.71it/s]
Batches:   9%|▉         | 65/710 [00:05<00:39, 16.45it/s]
Batches:   9%|▉         | 67/710 [00:05<00:40, 15.85it/s]
Batches:  10%|▉         | 69/710 [00:05<00:38, 16.48it/s]
Batches:  10%|█         | 71/710 [00:05<00:37, 16.87it/s]
Batches:  10%|█         | 73/710 [00:06<00:36, 17.24it/s]
Batches:  11%|█         | 75/710 [00:06<00:38, 16.56it/s]
Batches:  11%|█         | 77/710 [00:06<00:37, 16.87it/s]
Batches:  11%|█         | 79/710 [00:06<00:37, 16.95it/s]
Batches:  11%|█▏        | 81/710 [00:06<00:36, 17.09it/s]
Batches:  12%|█▏        | 83/710 [00:06<00:35, 17.56it/s]
Batches:  12%|█▏        | 85/710 [00:06<00:35, 17.46it/s]
Batches:  12%|█▏        | 87/710 [00:06<00:36, 17.12it/s]
Batches:  13%|█▎        | 89/710 [00:06<00:35, 17.34it/s]
Batches:  13%|█▎        | 91/710 [00:07<00:34, 17.74it/s]
Batches:  13%|█▎        | 93/710 [00:07<00:34, 17.79it/s]
Batches:  13%|█▎        | 95/710 [00:07<00:33, 18.39it/s]
Batches:  14%|█▍        | 98/710 [00:07<00:32, 19.09it/s]
Batches:  14%|█▍        | 101/710 [00:07<00:30, 19.74it/s]
Batches:  15%|█▍        | 103/710 [00:07<00:32, 18.94it/s]
Batches:  15%|█▍        | 106/710 [00:07<00:32, 18.87it/s]
Batches:  15%|█▌        | 109/710 [00:08<00:31, 19.30it/s]
Batches:  16%|█▌        | 112/710 [00:08<00:29, 20.00it/s]
Batches:  16%|█▌        | 115/710 [00:08<00:29, 20.11it/s]
Batches:  17%|█▋        | 118/710 [00:08<00:29, 19.99it/s]
Batches:  17%|█▋        | 121/710 [00:08<00:28, 20.54it/s]
Batches:  17%|█▋        | 124/710 [00:08<00:28, 20.53it/s]
Batches:  18%|█▊        | 127/710 [00:08<00:27, 20.87it/s]
Batches:  18%|█▊        | 130/710 [00:09<00:27, 20.83it/s]
Batches:  19%|█▊        | 133/710 [00:09<00:27, 21.07it/s]
Batches:  19%|█▉        | 136/710 [00:09<00:27, 21.07it/s]
Batches:  20%|█▉        | 139/710 [00:09<00:27, 20.97it/s]
Batches:  20%|██        | 142/710 [00:09<00:27, 20.90it/s]
Batches:  20%|██        | 145/710 [00:09<00:26, 21.31it/s]
Batches:  21%|██        | 148/710 [00:09<00:27, 20.80it/s]
Batches:  21%|██▏       | 151/710 [00:10<00:26, 21.24it/s]
Batches:  22%|██▏       | 154/710 [00:10<00:25, 21.90it/s]
Batches:  22%|██▏       | 157/710 [00:10<00:24, 22.55it/s]
Batches:  23%|██▎       | 160/710 [00:10<00:23, 23.39it/s]
Batches:  23%|██▎       | 163/710 [00:10<00:24, 22.77it/s]
Batches:  23%|██▎       | 166/710 [00:10<00:23, 23.43it/s]
Batches:  24%|██▍       | 169/710 [00:10<00:22, 23.77it/s]
Batches:  24%|██▍       | 172/710 [00:10<00:22, 23.79it/s]
Batches:  25%|██▍       | 175/710 [00:11<00:22, 23.64it/s]
Batches:  25%|██▌       | 178/710 [00:11<00:22, 23.98it/s]
Batches:  25%|██▌       | 181/710 [00:11<00:22, 23.84it/s]
Batches:  26%|██▌       | 184/710 [00:11<00:21, 23.91it/s]
Batches:  26%|██▋       | 187/710 [00:11<00:21, 24.02it/s]
Batches:  27%|██▋       | 190/710 [00:11<00:21, 24.44it/s]
Batches:  27%|██▋       | 193/710 [00:11<00:20, 24.81it/s]
Batches:  28%|██▊       | 196/710 [00:11<00:20, 25.22it/s]
Batches:  28%|██▊       | 199/710 [00:11<00:19, 25.77it/s]
Batches:  28%|██▊       | 202/710 [00:12<00:19, 26.25it/s]
Batches:  29%|██▉       | 205/710 [00:12<00:18, 26.62it/s]
Batches:  29%|██▉       | 208/710 [00:12<00:18, 26.68it/s]
Batches:  30%|██▉       | 211/710 [00:12<00:18, 26.64it/s]
Batches:  30%|███       | 214/710 [00:12<00:18, 27.09it/s]
Batches:  31%|███       | 217/710 [00:12<00:17, 27.49it/s]
Batches:  31%|███       | 220/710 [00:12<00:18, 26.66it/s]
Batches:  31%|███▏      | 223/710 [00:12<00:17, 27.42it/s]
Batches:  32%|███▏      | 226/710 [00:12<00:17, 28.08it/s]
Batches:  32%|███▏      | 229/710 [00:13<00:17, 28.09it/s]
Batches:  33%|███▎      | 232/710 [00:13<00:18, 25.22it/s]
Batches:  33%|███▎      | 235/710 [00:13<00:18, 26.24it/s]
Batches:  34%|███▎      | 239/710 [00:13<00:17, 27.57it/s]
Batches:  34%|███▍      | 243/710 [00:13<00:16, 28.20it/s]
Batches:  35%|███▍      | 247/710 [00:13<00:15, 29.38it/s]
Batches:  35%|███▌      | 251/710 [00:13<00:15, 29.89it/s]
Batches:  36%|███▌      | 255/710 [00:13<00:15, 29.89it/s]
Batches:  36%|███▋      | 259/710 [00:14<00:14, 30.61it/s]
Batches:  37%|███▋      | 263/710 [00:14<00:14, 30.99it/s]
Batches:  38%|███▊      | 267/710 [00:14<00:13, 31.71it/s]
Batches:  38%|███▊      | 271/710 [00:14<00:14, 30.99it/s]
Batches:  39%|███▊      | 275/710 [00:14<00:13, 31.84it/s]
Batches:  39%|███▉      | 279/710 [00:14<00:13, 33.08it/s]
Batches:  40%|███▉      | 283/710 [00:14<00:12, 33.80it/s]
Batches:  40%|████      | 287/710 [00:14<00:12, 33.31it/s]
Batches:  41%|████      | 291/710 [00:15<00:12, 33.90it/s]
Batches:  42%|████▏     | 295/710 [00:15<00:11, 35.37it/s]
Batches:  42%|████▏     | 299/710 [00:15<00:11, 36.30it/s]
Batches:  43%|████▎     | 303/710 [00:15<00:10, 37.05it/s]
Batches:  43%|████▎     | 307/710 [00:15<00:10, 36.98it/s]
Batches:  44%|████▍     | 311/710 [00:15<00:10, 37.53it/s]
Batches:  44%|████▍     | 315/710 [00:15<00:10, 38.23it/s]
Batches:  45%|████▌     | 320/710 [00:15<00:09, 39.91it/s]
Batches:  46%|████▌     | 325/710 [00:15<00:09, 42.69it/s]
Batches:  47%|████▋     | 331/710 [00:16<00:08, 45.64it/s]
Batches:  47%|████▋     | 337/710 [00:16<00:07, 48.03it/s]
Batches:  48%|████▊     | 343/710 [00:16<00:07, 50.83it/s]
Batches:  49%|████▉     | 350/710 [00:16<00:06, 53.95it/s]
Batches:  50%|█████     | 357/710 [00:16<00:06, 57.33it/s]
Batches:  51%|█████▏    | 364/710 [00:16<00:05, 59.50it/s]
Batches:  52%|█████▏    | 372/710 [00:16<00:05, 63.41it/s]
Batches:  54%|█████▎    | 380/710 [00:16<00:05, 65.63it/s]
Batches:  55%|█████▍    | 388/710 [00:16<00:04, 67.31it/s]
Batches:  56%|█████▌    | 396/710 [00:16<00:04, 69.70it/s]
Batches:  57%|█████▋    | 403/710 [00:17<00:04, 68.70it/s]
Batches:  58%|█████▊    | 411/710 [00:17<00:04, 71.60it/s]
Batches:  59%|█████▉    | 419/710 [00:17<00:03, 73.60it/s]
Batches:  60%|██████    | 427/710 [00:17<00:03, 74.83it/s]
Batches:  61%|██████▏   | 435/710 [00:17<00:03, 75.83it/s]
Batches:  62%|██████▏   | 443/710 [00:17<00:03, 76.40it/s]
Batches:  64%|██████▎   | 452/710 [00:17<00:03, 78.14it/s]
Batches:  65%|██████▍   | 461/710 [00:17<00:03, 80.17it/s]
Batches:  66%|██████▌   | 470/710 [00:17<00:03, 78.93it/s]
Batches:  67%|██████▋   | 479/710 [00:18<00:02, 81.19it/s]
Batches:  69%|██████▊   | 488/710 [00:18<00:02, 81.70it/s]
Batches:  70%|███████   | 497/710 [00:18<00:02, 83.84it/s]
Batches:  71%|███████▏  | 506/710 [00:18<00:02, 85.31it/s]
Batches:  73%|███████▎  | 515/710 [00:18<00:02, 86.48it/s]
Batches:  74%|███████▍  | 525/710 [00:18<00:02, 88.32it/s]
Batches:  75%|███████▌  | 535/710 [00:18<00:01, 89.53it/s]
Batches:  77%|███████▋  | 544/710 [00:18<00:01, 89.07it/s]
Batches:  78%|███████▊  | 554/710 [00:18<00:01, 89.78it/s]
Batches:  79%|███████▉  | 564/710 [00:18<00:01, 91.55it/s]
Batches:  81%|████████  | 574/710 [00:19<00:01, 93.60it/s]
Batches:  82%|████████▏ | 584/710 [00:19<00:01, 94.13it/s]
Batches:  84%|████████▎ | 594/710 [00:19<00:01, 95.11it/s]
Batches:  85%|████████▌ | 605/710 [00:19<00:01, 96.80it/s]
Batches:  87%|████████▋ | 616/710 [00:19<00:00, 98.44it/s]
Batches:  88%|████████▊ | 627/710 [00:19<00:00, 100.61it/s]
Batches:  90%|████████▉ | 638/710 [00:19<00:00, 101.84it/s]
Batches:  91%|█████████▏| 649/710 [00:19<00:00, 102.70it/s]
Batches:  93%|█████████▎| 660/710 [00:19<00:00, 102.07it/s]
Batches:  95%|█████████▍| 671/710 [00:20<00:00, 102.98it/s]
Batches:  96%|█████████▌| 682/710 [00:20<00:00, 103.93it/s]
Batches:  98%|█████████▊| 693/710 [00:20<00:00, 103.87it/s]
Batches:  99%|█████████▉| 704/710 [00:20<00:00, 104.53it/s]
Batches: 100%|██████████| 710/710 [00:20<00:00, 34.77it/s]
[ace] retrieving
[embed] encoding 500 texts on device=cuda:0

Batches:   0%|          | 0/8 [00:00<?, ?it/s]
Batches:  38%|███▊      | 3/8 [00:00<00:00, 28.00it/s]
Batches:  88%|████████▊ | 7/8 [00:00<00:00, 32.03it/s]
Batches: 100%|██████████| 8/8 [00:00<00:00, 32.86it/s]
[density] loading reader once
`torch_dtype` is deprecated! Use `dtype` instead!

Loading checkpoint shards:   0%|          | 0/2 [00:00<?, ?it/s]
Loading checkpoint shards:  50%|█████     | 1/2 [00:02<00:02,  2.45s/it]
Loading checkpoint shards: 100%|██████████| 2/2 [00:03<00:00,  1.83s/it]
Loading checkpoint shards: 100%|██████████| 2/2 [00:03<00:00,  1.93s/it]
[reader] loaded Qwen/Qwen2.5-3B-Instruct (device_map=None, 4bit=False) entry=cuda:0
[density] materializing policy=chunk_packed_160
[density] generating policy=chunk_packed_160
The following generation flags are not valid and may be ignored: ['temperature', 'top_p', 'top_k']. Set `TRANSFORMERS_VERBOSITY=info` for more details.
[reader] generated 2/500
[reader] generated 4/500
[reader] generated 6/500
[reader] generated 8/500
[reader] generated 10/500
[reader] generated 12/500
[reader] generated 14/500
[reader] generated 16/500
[reader] generated 18/500
[reader] generated 20/500
[reader] generated 22/500
[reader] generated 24/500
[reader] generated 26/500
[reader] generated 28/500
[reader] generated 30/500
[reader] generated 32/500
[reader] generated 34/500
[reader] generated 36/500
[reader] generated 38/500
[reader] generated 40/500
[reader] generated 42/500
[reader] generated 44/500
[reader] generated 46/500
[reader] generated 48/500
[reader] generated 50/500
[reader] generated 52/500
[reader] generated 54/500
[reader] generated 56/500
[reader] generated 58/500
[reader] generated 60/500
[reader] generated 62/500
[reader] generated 64/500
[reader] generated 66/500
[reader] generated 68/500
[reader] generated 70/500
[reader] generated 72/500
[reader] generated 74/500
[reader] generated 76/500
[reader] generated 78/500
[reader] generated 80/500
[reader] generated 82/500
[reader] generated 84/500
[reader] generated 86/500
[reader] generated 88/500
[reader] generated 90/500
[reader] generated 92/500
[reader] generated 94/500
[reader] generated 96/500
[reader] generated 98/500
[reader] generated 100/500
[reader] generated 102/500
[reader] generated 104/500
[reader] generated 106/500
[reader] generated 108/500
[reader] generated 110/500
[reader] generated 112/500
[reader] generated 114/500
[reader] generated 116/500
[reader] generated 118/500
[reader] generated 120/500
[reader] generated 122/500
[reader] generated 124/500
[reader] generated 126/500
[reader] generated 128/500
[reader] generated 130/500
[reader] generated 132/500
[reader] generated 134/500
[reader] generated 136/500
[reader] generated 138/500
[reader] generated 140/500
[reader] generated 142/500
[reader] generated 144/500
[reader] generated 146/500
[reader] generated 148/500
[reader] generated 150/500
[reader] generated 152/500
[reader] generated 154/500
[reader] generated 156/500
[reader] generated 158/500
[reader] generated 160/500
[reader] generated 162/500
[reader] generated 164/500
[reader] generated 166/500
[reader] generated 168/500
[reader] generated 170/500
[reader] generated 172/500
[reader] generated 174/500
[reader] generated 176/500
[reader] generated 178/500
[reader] generated 180/500
[reader] generated 182/500
[reader] generated 184/500
[reader] generated 186/500
[reader] generated 188/500
[reader] generated 190/500
[reader] generated 192/500
[reader] generated 194/500
[reader] generated 196/500
[reader] generated 198/500
[reader] generated 200/500
[reader] generated 202/500
[reader] generated 204/500
[reader] generated 206/500
[reader] generated 208/500
[reader] generated 210/500
[reader] generated 212/500
[reader] generated 214/500
[reader] generated 216/500
[reader] generated 218/500
[reader] generated 220/500
[reader] generated 222/500
[reader] generated 224/500
[reader] generated 226/500
[reader] generated 228/500
[reader] generated 230/500
[reader] generated 232/500
[reader] generated 234/500
[reader] generated 236/500
[reader] generated 238/500
[reader] generated 240/500
[reader] generated 242/500
[reader] generated 244/500
[reader] generated 246/500
[reader] generated 248/500
[reader] generated 250/500
[reader] generated 252/500
[reader] generated 254/500
[reader] generated 256/500
[reader] generated 258/500
[reader] generated 260/500
[reader] generated 262/500
[reader] generated 264/500
[reader] generated 266/500
[reader] generated 268/500
[reader] generated 270/500
[reader] generated 272/500
[reader] generated 274/500
[reader] generated 276/500
[reader] generated 278/500
[reader] generated 280/500
[reader] generated 282/500
[reader] generated 284/500
[reader] generated 286/500
[reader] generated 288/500
[reader] generated 290/500
[reader] generated 292/500
[reader] generated 294/500
[reader] generated 296/500
[reader] generated 298/500
[reader] generated 300/500
[reader] generated 302/500
[reader] generated 304/500
[reader] generated 306/500
[reader] generated 308/500
[reader] generated 310/500
[reader] generated 312/500
[reader] generated 314/500
[reader] generated 316/500
[reader] generated 318/500
[reader] generated 320/500
[reader] generated 322/500
[reader] generated 324/500
[reader] generated 326/500
[reader] generated 328/500
[reader] generated 330/500
[reader] generated 332/500
[reader] generated 334/500
[reader] generated 336/500
[reader] generated 338/500
[reader] generated 340/500
[reader] generated 342/500
[reader] generated 344/500
[reader] generated 346/500
[reader] generated 348/500
[reader] generated 350/500
[reader] generated 352/500
[reader] generated 354/500
[reader] generated 356/500
[reader] generated 358/500
[reader] generated 360/500
[reader] generated 362/500
[reader] generated 364/500
[reader] generated 366/500
[reader] generated 368/500
[reader] generated 370/500
[reader] generated 372/500
[reader] generated 374/500
[reader] generated 376/500
[reader] generated 378/500
[reader] generated 380/500
[reader] generated 382/500
[reader] generated 384/500
[reader] generated 386/500
[reader] generated 388/500
[reader] generated 390/500
[reader] generated 392/500
[reader] generated 394/500
[reader] generated 396/500
[reader] generated 398/500
[reader] generated 400/500
[reader] generated 402/500
[reader] generated 404/500
[reader] generated 406/500
[reader] generated 408/500
[reader] generated 410/500
[reader] generated 412/500
[reader] generated 414/500
[reader] generated 416/500
[reader] generated 418/500
[reader] generated 420/500
[reader] generated 422/500
[reader] generated 424/500
[reader] generated 426/500
[reader] generated 428/500
[reader] generated 430/500
[reader] generated 432/500
[reader] generated 434/500
[reader] generated 436/500
[reader] generated 438/500
[reader] generated 440/500
[reader] generated 442/500
[reader] generated 444/500
[reader] generated 446/500
[reader] generated 448/500
[reader] generated 450/500
[reader] generated 452/500
[reader] generated 454/500
[reader] generated 456/500
[reader] generated 458/500
[reader] generated 460/500
[reader] generated 462/500
[reader] generated 464/500
[reader] generated 466/500
[reader] generated 468/500
[reader] generated 470/500
[reader] generated 472/500
[reader] generated 474/500
[reader] generated 476/500
[reader] generated 478/500
[reader] generated 480/500
[reader] generated 482/500
[reader] generated 484/500
[reader] generated 486/500
[reader] generated 488/500
[reader] generated 490/500
[reader] generated 492/500
[reader] generated 494/500
[reader] generated 496/500
[reader] generated 498/500
[reader] generated 500/500
[density] policy=chunk_packed_160, router_type=fixed, representation=chunk, packer=packed, reader_model=Qwen/Qwen2.5-3B-Instruct, packed_token_budget=160, recall@1=0.437, all_gold@1=0.0, recall@2=0.718, all_gold@2=0.496, recall@5=0.875, all_gold@5=0.762, qwen_em=0.3, qwen_f1=0.4069, avg_reader_evidence_tokens=150.79, mean_ans_in_context=0.576, mean_ans_in_context_soft=0.6453, mean_gold_token_density=0.408, mean_gold_doc_reader_cov=0.685, mean_all_gold_reader=0.446, mean_distractor_docs=1.984, mean_context_tokens=150.786, mean_n_snippets=3.502
[density] materializing policy=chunk_focused_160
[density] generating policy=chunk_focused_160
[reader] generated 2/500
[reader] generated 4/500
[reader] generated 6/500
[reader] generated 8/500
[reader] generated 10/500
[reader] generated 12/500
[reader] generated 14/500
[reader] generated 16/500
[reader] generated 18/500
[reader] generated 20/500
[reader] generated 22/500
[reader] generated 24/500
[reader] generated 26/500
[reader] generated 28/500
[reader] generated 30/500
[reader] generated 32/500
[reader] generated 34/500
[reader] generated 36/500
[reader] generated 38/500
[reader] generated 40/500
[reader] generated 42/500
[reader] generated 44/500
[reader] generated 46/500
[reader] generated 48/500
[reader] generated 50/500
[reader] generated 52/500
[reader] generated 54/500
[reader] generated 56/500
[reader] generated 58/500
[reader] generated 60/500
[reader] generated 62/500
[reader] generated 64/500
[reader] generated 66/500
[reader] generated 68/500
[reader] generated 70/500
[reader] generated 72/500
[reader] generated 74/500
[reader] generated 76/500
[reader] generated 78/500
[reader] generated 80/500
[reader] generated 82/500
[reader] generated 84/500
[reader] generated 86/500
[reader] generated 88/500
[reader] generated 90/500
[reader] generated 92/500
[reader] generated 94/500
[reader] generated 96/500
[reader] generated 98/500
[reader] generated 100/500
[reader] generated 102/500
[reader] generated 104/500
[reader] generated 106/500
[reader] generated 108/500
[reader] generated 110/500
[reader] generated 112/500
[reader] generated 114/500
[reader] generated 116/500
[reader] generated 118/500
[reader] generated 120/500
[reader] generated 122/500
[reader] generated 124/500
[reader] generated 126/500
[reader] generated 128/500
[reader] generated 130/500
[reader] generated 132/500
[reader] generated 134/500
[reader] generated 136/500
[reader] generated 138/500
[reader] generated 140/500
[reader] generated 142/500
[reader] generated 144/500
[reader] generated 146/500
[reader] generated 148/500
[reader] generated 150/500
[reader] generated 152/500
[reader] generated 154/500
[reader] generated 156/500
[reader] generated 158/500
[reader] generated 160/500
[reader] generated 162/500
[reader] generated 164/500
[reader] generated 166/500
[reader] generated 168/500
[reader] generated 170/500
[reader] generated 172/500
[reader] generated 174/500
[reader] generated 176/500
[reader] generated 178/500
[reader] generated 180/500
[reader] generated 182/500
[reader] generated 184/500
[reader] generated 186/500
[reader] generated 188/500
[reader] generated 190/500
[reader] generated 192/500
[reader] generated 194/500
[reader] generated 196/500
[reader] generated 198/500
[reader] generated 200/500
[reader] generated 202/500
[reader] generated 204/500
[reader] generated 206/500
[reader] generated 208/500
[reader] generated 210/500
[reader] generated 212/500
[reader] generated 214/500
[reader] generated 216/500
[reader] generated 218/500
[reader] generated 220/500
[reader] generated 222/500
[reader] generated 224/500
[reader] generated 226/500
[reader] generated 228/500
[reader] generated 230/500
[reader] generated 232/500
[reader] generated 234/500
[reader] generated 236/500
[reader] generated 238/500
[reader] generated 240/500
[reader] generated 242/500
[reader] generated 244/500
[reader] generated 246/500
[reader] generated 248/500
[reader] generated 250/500
[reader] generated 252/500
[reader] generated 254/500
[reader] generated 256/500
[reader] generated 258/500
[reader] generated 260/500
[reader] generated 262/500
[reader] generated 264/500
[reader] generated 266/500
[reader] generated 268/500
[reader] generated 270/500
[reader] generated 272/500
[reader] generated 274/500
[reader] generated 276/500
[reader] generated 278/500
[reader] generated 280/500
[reader] generated 282/500
[reader] generated 284/500
[reader] generated 286/500
[reader] generated 288/500
[reader] generated 290/500
[reader] generated 292/500
[reader] generated 294/500
[reader] generated 296/500
[reader] generated 298/500
[reader] generated 300/500
[reader] generated 302/500
[reader] generated 304/500
[reader] generated 306/500
[reader] generated 308/500
[reader] generated 310/500
[reader] generated 312/500
[reader] generated 314/500
[reader] generated 316/500
[reader] generated 318/500
[reader] generated 320/500
[reader] generated 322/500
[reader] generated 324/500
[reader] generated 326/500
[reader] generated 328/500
[reader] generated 330/500
[reader] generated 332/500
[reader] generated 334/500
[reader] generated 336/500
[reader] generated 338/500
[reader] generated 340/500
[reader] generated 342/500
[reader] generated 344/500
[reader] generated 346/500
[reader] generated 348/500
[reader] generated 350/500
[reader] generated 352/500
[reader] generated 354/500
[reader] generated 356/500
[reader] generated 358/500
[reader] generated 360/500
[reader] generated 362/500
[reader] generated 364/500
[reader] generated 366/500
[reader] generated 368/500
[reader] generated 370/500
[reader] generated 372/500
[reader] generated 374/500
[reader] generated 376/500
[reader] generated 378/500
[reader] generated 380/500
[reader] generated 382/500
[reader] generated 384/500
[reader] generated 386/500
[reader] generated 388/500
[reader] generated 390/500
[reader] generated 392/500
[reader] generated 394/500
[reader] generated 396/500
[reader] generated 398/500
[reader] generated 400/500
[reader] generated 402/500
[reader] generated 404/500
[reader] generated 406/500
[reader] generated 408/500
[reader] generated 410/500
[reader] generated 412/500
[reader] generated 414/500
[reader] generated 416/500
[reader] generated 418/500
[reader] generated 420/500
[reader] generated 422/500
[reader] generated 424/500
[reader] generated 426/500
[reader] generated 428/500
[reader] generated 430/500
[reader] generated 432/500
[reader] generated 434/500
[reader] generated 436/500
[reader] generated 438/500
[reader] generated 440/500
[reader] generated 442/500
[reader] generated 444/500
[reader] generated 446/500
[reader] generated 448/500
[reader] generated 450/500
[reader] generated 452/500
[reader] generated 454/500
[reader] generated 456/500
[reader] generated 458/500
[reader] generated 460/500
[reader] generated 462/500
[reader] generated 464/500
[reader] generated 466/500
[reader] generated 468/500
[reader] generated 470/500
[reader] generated 472/500
[reader] generated 474/500
[reader] generated 476/500
[reader] generated 478/500
[reader] generated 480/500
[reader] generated 482/500
[reader] generated 484/500
[reader] generated 486/500
[reader] generated 488/500
[reader] generated 490/500
[reader] generated 492/500
[reader] generated 494/500
[reader] generated 496/500
[reader] generated 498/500
[reader] generated 500/500
[density] policy=chunk_focused_160, router_type=fixed, representation=chunk, packer=focused, reader_model=Qwen/Qwen2.5-3B-Instruct, packed_token_budget=160, recall@1=0.437, all_gold@1=0.0, recall@2=0.718, all_gold@2=0.496, recall@5=0.875, all_gold@5=0.762, qwen_em=0.32, qwen_f1=0.4312, avg_reader_evidence_tokens=151.89, mean_ans_in_context=0.644, mean_ans_in_context_soft=0.7113, mean_gold_token_density=0.5325, mean_gold_doc_reader_cov=0.748, mean_all_gold_reader=0.54, mean_distractor_docs=1.536, mean_context_tokens=151.888, mean_n_snippets=3.236
[density] materializing policy=chunk_mmr_160
[density] generating policy=chunk_mmr_160
[reader] generated 2/500
[reader] generated 4/500
[reader] generated 6/500
[reader] generated 8/500
[reader] generated 10/500
[reader] generated 12/500
[reader] generated 14/500
[reader] generated 16/500
[reader] generated 18/500
[reader] generated 20/500
[reader] generated 22/500
[reader] generated 24/500
[reader] generated 26/500
[reader] generated 28/500
[reader] generated 30/500
[reader] generated 32/500
[reader] generated 34/500
[reader] generated 36/500
[reader] generated 38/500
[reader] generated 40/500
[reader] generated 42/500
[reader] generated 44/500
[reader] generated 46/500
[reader] generated 48/500
[reader] generated 50/500
[reader] generated 52/500
[reader] generated 54/500
[reader] generated 56/500
[reader] generated 58/500
[reader] generated 60/500
[reader] generated 62/500
[reader] generated 64/500
[reader] generated 66/500
[reader] generated 68/500
[reader] generated 70/500
[reader] generated 72/500
[reader] generated 74/500
[reader] generated 76/500
[reader] generated 78/500
[reader] generated 80/500
[reader] generated 82/500
[reader] generated 84/500
[reader] generated 86/500
[reader] generated 88/500
[reader] generated 90/500
[reader] generated 92/500
[reader] generated 94/500
[reader] generated 96/500
[reader] generated 98/500
[reader] generated 100/500
[reader] generated 102/500
[reader] generated 104/500
[reader] generated 106/500
[reader] generated 108/500
[reader] generated 110/500
[reader] generated 112/500
[reader] generated 114/500
[reader] generated 116/500
[reader] generated 118/500
[reader] generated 120/500
[reader] generated 122/500
[reader] generated 124/500
[reader] generated 126/500
[reader] generated 128/500
[reader] generated 130/500
[reader] generated 132/500
[reader] generated 134/500
[reader] generated 136/500
[reader] generated 138/500
[reader] generated 140/500
[reader] generated 142/500
[reader] generated 144/500
[reader] generated 146/500
[reader] generated 148/500
[reader] generated 150/500
[reader] generated 152/500
[reader] generated 154/500
[reader] generated 156/500
[reader] generated 158/500
[reader] generated 160/500
[reader] generated 162/500
[reader] generated 164/500
[reader] generated 166/500
[reader] generated 168/500
[reader] generated 170/500
[reader] generated 172/500
[reader] generated 174/500
[reader] generated 176/500
[reader] generated 178/500
[reader] generated 180/500
[reader] generated 182/500
[reader] generated 184/500
[reader] generated 186/500
[reader] generated 188/500
[reader] generated 190/500
[reader] generated 192/500
[reader] generated 194/500
[reader] generated 196/500
[reader] generated 198/500
[reader] generated 200/500
[reader] generated 202/500
[reader] generated 204/500
[reader] generated 206/500
[reader] generated 208/500
[reader] generated 210/500
[reader] generated 212/500
[reader] generated 214/500
[reader] generated 216/500
[reader] generated 218/500
[reader] generated 220/500
[reader] generated 222/500
[reader] generated 224/500
[reader] generated 226/500
[reader] generated 228/500
[reader] generated 230/500
[reader] generated 232/500
[reader] generated 234/500
[reader] generated 236/500
[reader] generated 238/500
[reader] generated 240/500
[reader] generated 242/500
[reader] generated 244/500
[reader] generated 246/500
[reader] generated 248/500
[reader] generated 250/500
[reader] generated 252/500
[reader] generated 254/500
[reader] generated 256/500
[reader] generated 258/500
[reader] generated 260/500
[reader] generated 262/500
[reader] generated 264/500
[reader] generated 266/500
[reader] generated 268/500
[reader] generated 270/500
[reader] generated 272/500
[reader] generated 274/500
[reader] generated 276/500
[reader] generated 278/500
[reader] generated 280/500
[reader] generated 282/500
[reader] generated 284/500
[reader] generated 286/500
[reader] generated 288/500
[reader] generated 290/500
[reader] generated 292/500
[reader] generated 294/500
[reader] generated 296/500
[reader] generated 298/500
[reader] generated 300/500
[reader] generated 302/500
[reader] generated 304/500
[reader] generated 306/500
[reader] generated 308/500
[reader] generated 310/500
[reader] generated 312/500
[reader] generated 314/500
[reader] generated 316/500
[reader] generated 318/500
[reader] generated 320/500
[reader] generated 322/500
[reader] generated 324/500
[reader] generated 326/500
[reader] generated 328/500
[reader] generated 330/500
[reader] generated 332/500
[reader] generated 334/500
[reader] generated 336/500
[reader] generated 338/500
[reader] generated 340/500
[reader] generated 342/500
[reader] generated 344/500
[reader] generated 346/500
[reader] generated 348/500
[reader] generated 350/500
[reader] generated 352/500
[reader] generated 354/500
[reader] generated 356/500
[reader] generated 358/500
[reader] generated 360/500
[reader] generated 362/500
[reader] generated 364/500
[reader] generated 366/500
[reader] generated 368/500
[reader] generated 370/500
[reader] generated 372/500
[reader] generated 374/500
[reader] generated 376/500
[reader] generated 378/500
[reader] generated 380/500
[reader] generated 382/500
[reader] generated 384/500
[reader] generated 386/500
[reader] generated 388/500
[reader] generated 390/500
[reader] generated 392/500
[reader] generated 394/500
[reader] generated 396/500
[reader] generated 398/500
[reader] generated 400/500
[reader] generated 402/500
[reader] generated 404/500
[reader] generated 406/500
[reader] generated 408/500
[reader] generated 410/500
[reader] generated 412/500
[reader] generated 414/500
[reader] generated 416/500
[reader] generated 418/500
[reader] generated 420/500
[reader] generated 422/500
[reader] generated 424/500
[reader] generated 426/500
[reader] generated 428/500
[reader] generated 430/500
[reader] generated 432/500
[reader] generated 434/500
[reader] generated 436/500
[reader] generated 438/500
[reader] generated 440/500
[reader] generated 442/500
[reader] generated 444/500
[reader] generated 446/500
[reader] generated 448/500
[reader] generated 450/500
[reader] generated 452/500
[reader] generated 454/500
[reader] generated 456/500
[reader] generated 458/500
[reader] generated 460/500
[reader] generated 462/500
[reader] generated 464/500
[reader] generated 466/500
[reader] generated 468/500
[reader] generated 470/500
[reader] generated 472/500
[reader] generated 474/500
[reader] generated 476/500
[reader] generated 478/500
[reader] generated 480/500
[reader] generated 482/500
[reader] generated 484/500
[reader] generated 486/500
[reader] generated 488/500
[reader] generated 490/500
[reader] generated 492/500
[reader] generated 494/500
[reader] generated 496/500
[reader] generated 498/500
[reader] generated 500/500
[density] policy=chunk_mmr_160, router_type=fixed, representation=chunk, packer=mmr, reader_model=Qwen/Qwen2.5-3B-Instruct, packed_token_budget=160, recall@1=0.437, all_gold@1=0.0, recall@2=0.718, all_gold@2=0.496, recall@5=0.875, all_gold@5=0.762, qwen_em=0.312, qwen_f1=0.4247, avg_reader_evidence_tokens=151.48, mean_ans_in_context=0.602, mean_ans_in_context_soft=0.668, mean_gold_token_density=0.5096, mean_gold_doc_reader_cov=0.68, mean_all_gold_reader=0.422, mean_distractor_docs=1.538, mean_context_tokens=151.482, mean_n_snippets=3.308
[density] materializing policy=chunk_submod_160
[density] generating policy=chunk_submod_160
[reader] generated 2/500
[reader] generated 4/500
[reader] generated 6/500
[reader] generated 8/500
[reader] generated 10/500
[reader] generated 12/500
[reader] generated 14/500
[reader] generated 16/500
[reader] generated 18/500
[reader] generated 20/500
[reader] generated 22/500
[reader] generated 24/500
[reader] generated 26/500
[reader] generated 28/500
[reader] generated 30/500
[reader] generated 32/500
[reader] generated 34/500
[reader] generated 36/500
[reader] generated 38/500
[reader] generated 40/500
[reader] generated 42/500
[reader] generated 44/500
[reader] generated 46/500
[reader] generated 48/500
[reader] generated 50/500
[reader] generated 52/500
[reader] generated 54/500
[reader] generated 56/500
[reader] generated 58/500
[reader] generated 60/500
[reader] generated 62/500
[reader] generated 64/500
[reader] generated 66/500
[reader] generated 68/500
[reader] generated 70/500
[reader] generated 72/500
[reader] generated 74/500
[reader] generated 76/500
[reader] generated 78/500
[reader] generated 80/500
[reader] generated 82/500
[reader] generated 84/500
[reader] generated 86/500
[reader] generated 88/500
[reader] generated 90/500
[reader] generated 92/500
[reader] generated 94/500
[reader] generated 96/500
[reader] generated 98/500
[reader] generated 100/500
[reader] generated 102/500
[reader] generated 104/500
[reader] generated 106/500
[reader] generated 108/500
[reader] generated 110/500
[reader] generated 112/500
[reader] generated 114/500
[reader] generated 116/500
[reader] generated 118/500
[reader] generated 120/500
[reader] generated 122/500
[reader] generated 124/500
[reader] generated 126/500
[reader] generated 128/500
[reader] generated 130/500
[reader] generated 132/500
[reader] generated 134/500
[reader] generated 136/500
[reader] generated 138/500
[reader] generated 140/500
[reader] generated 142/500
[reader] generated 144/500
[reader] generated 146/500
[reader] generated 148/500
[reader] generated 150/500
[reader] generated 152/500
[reader] generated 154/500
[reader] generated 156/500
[reader] generated 158/500
[reader] generated 160/500
[reader] generated 162/500
[reader] generated 164/500
[reader] generated 166/500
[reader] generated 168/500
[reader] generated 170/500
[reader] generated 172/500
[reader] generated 174/500
[reader] generated 176/500
[reader] generated 178/500
[reader] generated 180/500
[reader] generated 182/500
[reader] generated 184/500
[reader] generated 186/500
[reader] generated 188/500
[reader] generated 190/500
[reader] generated 192/500
[reader] generated 194/500
[reader] generated 196/500
[reader] generated 198/500
[reader] generated 200/500
[reader] generated 202/500
[reader] generated 204/500
[reader] generated 206/500
[reader] generated 208/500
[reader] generated 210/500
[reader] generated 212/500
[reader] generated 214/500
[reader] generated 216/500
[reader] generated 218/500
[reader] generated 220/500
[reader] generated 222/500
[reader] generated 224/500
[reader] generated 226/500
[reader] generated 228/500
[reader] generated 230/500
[reader] generated 232/500
[reader] generated 234/500
[reader] generated 236/500
[reader] generated 238/500
[reader] generated 240/500
[reader] generated 242/500
[reader] generated 244/500
[reader] generated 246/500
[reader] generated 248/500
[reader] generated 250/500
[reader] generated 252/500
[reader] generated 254/500
[reader] generated 256/500
[reader] generated 258/500
[reader] generated 260/500
[reader] generated 262/500
[reader] generated 264/500
[reader] generated 266/500
[reader] generated 268/500
[reader] generated 270/500
[reader] generated 272/500
[reader] generated 274/500
[reader] generated 276/500
[reader] generated 278/500
[reader] generated 280/500
[reader] generated 282/500
[reader] generated 284/500
[reader] generated 286/500
[reader] generated 288/500
[reader] generated 290/500
[reader] generated 292/500
[reader] generated 294/500
[reader] generated 296/500
[reader] generated 298/500
[reader] generated 300/500
[reader] generated 302/500
[reader] generated 304/500
[reader] generated 306/500
[reader] generated 308/500
[reader] generated 310/500
[reader] generated 312/500
[reader] generated 314/500
[reader] generated 316/500
[reader] generated 318/500
[reader] generated 320/500
[reader] generated 322/500
[reader] generated 324/500
[reader] generated 326/500
[reader] generated 328/500
[reader] generated 330/500
[reader] generated 332/500
[reader] generated 334/500
[reader] generated 336/500
[reader] generated 338/500
[reader] generated 340/500
[reader] generated 342/500
[reader] generated 344/500
[reader] generated 346/500
[reader] generated 348/500
[reader] generated 350/500
[reader] generated 352/500
[reader] generated 354/500
[reader] generated 356/500
[reader] generated 358/500
[reader] generated 360/500
[reader] generated 362/500
[reader] generated 364/500
[reader] generated 366/500
[reader] generated 368/500
[reader] generated 370/500
[reader] generated 372/500
[reader] generated 374/500
[reader] generated 376/500
[reader] generated 378/500
[reader] generated 380/500
[reader] generated 382/500
[reader] generated 384/500
[reader] generated 386/500
[reader] generated 388/500
[reader] generated 390/500
[reader] generated 392/500
[reader] generated 394/500
[reader] generated 396/500
[reader] generated 398/500
[reader] generated 400/500
[reader] generated 402/500
[reader] generated 404/500
[reader] generated 406/500
[reader] generated 408/500
[reader] generated 410/500
[reader] generated 412/500
[reader] generated 414/500
[reader] generated 416/500
[reader] generated 418/500
[reader] generated 420/500
[reader] generated 422/500
[reader] generated 424/500
[reader] generated 426/500
[reader] generated 428/500
[reader] generated 430/500
[reader] generated 432/500
[reader] generated 434/500
[reader] generated 436/500
[reader] generated 438/500
[reader] generated 440/500
[reader] generated 442/500
[reader] generated 444/500
[reader] generated 446/500
[reader] generated 448/500
[reader] generated 450/500
[reader] generated 452/500
[reader] generated 454/500
[reader] generated 456/500
[reader] generated 458/500
[reader] generated 460/500
[reader] generated 462/500
[reader] generated 464/500
[reader] generated 466/500
[reader] generated 468/500
[reader] generated 470/500
[reader] generated 472/500
[reader] generated 474/500
[reader] generated 476/500
[reader] generated 478/500
[reader] generated 480/500
[reader] generated 482/500
[reader] generated 484/500
[reader] generated 486/500
[reader] generated 488/500
[reader] generated 490/500
[reader] generated 492/500
[reader] generated 494/500
[reader] generated 496/500
[reader] generated 498/500
[reader] generated 500/500
[density] policy=chunk_submod_160, router_type=fixed, representation=chunk, packer=submod, reader_model=Qwen/Qwen2.5-3B-Instruct, packed_token_budget=160, recall@1=0.437, all_gold@1=0.0, recall@2=0.718, all_gold@2=0.496, recall@5=0.875, all_gold@5=0.762, qwen_em=0.354, qwen_f1=0.4548, avg_reader_evidence_tokens=145.52, mean_ans_in_context=0.628, mean_ans_in_context_soft=0.6913, mean_gold_token_density=0.4565, mean_gold_doc_reader_cov=0.778, mean_all_gold_reader=0.586, mean_distractor_docs=2.236, mean_context_tokens=145.52, mean_n_snippets=4.57
[density] materializing policy=ace_focused_160
[density] generating policy=ace_focused_160
[reader] generated 2/500
[reader] generated 4/500
[reader] generated 6/500
[reader] generated 8/500
[reader] generated 10/500
[reader] generated 12/500
[reader] generated 14/500
[reader] generated 16/500
[reader] generated 18/500
[reader] generated 20/500
[reader] generated 22/500
[reader] generated 24/500
[reader] generated 26/500
[reader] generated 28/500
[reader] generated 30/500
[reader] generated 32/500
[reader] generated 34/500
[reader] generated 36/500
[reader] generated 38/500
[reader] generated 40/500
[reader] generated 42/500
[reader] generated 44/500
[reader] generated 46/500
[reader] generated 48/500
[reader] generated 50/500
[reader] generated 52/500
[reader] generated 54/500
[reader] generated 56/500
[reader] generated 58/500
[reader] generated 60/500
[reader] generated 62/500
[reader] generated 64/500
[reader] generated 66/500
[reader] generated 68/500
[reader] generated 70/500
[reader] generated 72/500
[reader] generated 74/500
[reader] generated 76/500
[reader] generated 78/500
[reader] generated 80/500
[reader] generated 82/500
[reader] generated 84/500
[reader] generated 86/500
[reader] generated 88/500
[reader] generated 90/500
[reader] generated 92/500
[reader] generated 94/500
[reader] generated 96/500
[reader] generated 98/500
[reader] generated 100/500
[reader] generated 102/500
[reader] generated 104/500
[reader] generated 106/500
[reader] generated 108/500
[reader] generated 110/500
[reader] generated 112/500
[reader] generated 114/500
[reader] generated 116/500
[reader] generated 118/500
[reader] generated 120/500
[reader] generated 122/500
[reader] generated 124/500
[reader] generated 126/500
[reader] generated 128/500
[reader] generated 130/500
[reader] generated 132/500
[reader] generated 134/500
[reader] generated 136/500
[reader] generated 138/500
[reader] generated 140/500
[reader] generated 142/500
[reader] generated 144/500
[reader] generated 146/500
[reader] generated 148/500
[reader] generated 150/500
[reader] generated 152/500
[reader] generated 154/500
[reader] generated 156/500
[reader] generated 158/500
[reader] generated 160/500
[reader] generated 162/500
[reader] generated 164/500
[reader] generated 166/500
[reader] generated 168/500
[reader] generated 170/500
[reader] generated 172/500
[reader] generated 174/500
[reader] generated 176/500
[reader] generated 178/500
[reader] generated 180/500
[reader] generated 182/500
[reader] generated 184/500
[reader] generated 186/500
[reader] generated 188/500
[reader] generated 190/500
[reader] generated 192/500
[reader] generated 194/500
[reader] generated 196/500
[reader] generated 198/500
[reader] generated 200/500
[reader] generated 202/500
[reader] generated 204/500
[reader] generated 206/500
[reader] generated 208/500
[reader] generated 210/500
[reader] generated 212/500
[reader] generated 214/500
[reader] generated 216/500
[reader] generated 218/500
[reader] generated 220/500
[reader] generated 222/500
[reader] generated 224/500
[reader] generated 226/500
[reader] generated 228/500
[reader] generated 230/500
[reader] generated 232/500
[reader] generated 234/500
[reader] generated 236/500
[reader] generated 238/500
[reader] generated 240/500
[reader] generated 242/500
[reader] generated 244/500
[reader] generated 246/500
[reader] generated 248/500
[reader] generated 250/500
[reader] generated 252/500
[reader] generated 254/500
[reader] generated 256/500
[reader] generated 258/500
[reader] generated 260/500
[reader] generated 262/500
[reader] generated 264/500
[reader] generated 266/500
[reader] generated 268/500
[reader] generated 270/500
[reader] generated 272/500
[reader] generated 274/500
[reader] generated 276/500
[reader] generated 278/500
[reader] generated 280/500
[reader] generated 282/500
[reader] generated 284/500
[reader] generated 286/500
[reader] generated 288/500
[reader] generated 290/500
[reader] generated 292/500
[reader] generated 294/500
[reader] generated 296/500
[reader] generated 298/500
[reader] generated 300/500
[reader] generated 302/500
[reader] generated 304/500
[reader] generated 306/500
[reader] generated 308/500
[reader] generated 310/500
[reader] generated 312/500
[reader] generated 314/500
[reader] generated 316/500
[reader] generated 318/500
[reader] generated 320/500
[reader] generated 322/500
[reader] generated 324/500
[reader] generated 326/500
[reader] generated 328/500
[reader] generated 330/500
[reader] generated 332/500
[reader] generated 334/500
[reader] generated 336/500
[reader] generated 338/500
[reader] generated 340/500
[reader] generated 342/500
[reader] generated 344/500
[reader] generated 346/500
[reader] generated 348/500
[reader] generated 350/500
[reader] generated 352/500
[reader] generated 354/500
[reader] generated 356/500
[reader] generated 358/500
[reader] generated 360/500
[reader] generated 362/500
[reader] generated 364/500
[reader] generated 366/500
[reader] generated 368/500
[reader] generated 370/500
[reader] generated 372/500
[reader] generated 374/500
[reader] generated 376/500
[reader] generated 378/500
[reader] generated 380/500
[reader] generated 382/500
[reader] generated 384/500
[reader] generated 386/500
[reader] generated 388/500
[reader] generated 390/500
[reader] generated 392/500
[reader] generated 394/500
[reader] generated 396/500
[reader] generated 398/500
[reader] generated 400/500
[reader] generated 402/500
[reader] generated 404/500
[reader] generated 406/500
[reader] generated 408/500
[reader] generated 410/500
[reader] generated 412/500
[reader] generated 414/500
[reader] generated 416/500
[reader] generated 418/500
[reader] generated 420/500
[reader] generated 422/500
[reader] generated 424/500
[reader] generated 426/500
[reader] generated 428/500
[reader] generated 430/500
[reader] generated 432/500
[reader] generated 434/500
[reader] generated 436/500
[reader] generated 438/500
[reader] generated 440/500
[reader] generated 442/500
[reader] generated 444/500
[reader] generated 446/500
[reader] generated 448/500
[reader] generated 450/500
[reader] generated 452/500
[reader] generated 454/500
[reader] generated 456/500
[reader] generated 458/500
[reader] generated 460/500
[reader] generated 462/500
[reader] generated 464/500
[reader] generated 466/500
[reader] generated 468/500
[reader] generated 470/500
[reader] generated 472/500
[reader] generated 474/500
[reader] generated 476/500
[reader] generated 478/500
[reader] generated 480/500
[reader] generated 482/500
[reader] generated 484/500
[reader] generated 486/500
[reader] generated 488/500
[reader] generated 490/500
[reader] generated 492/500
[reader] generated 494/500
[reader] generated 496/500
[reader] generated 498/500
[reader] generated 500/500
[density] policy=ace_focused_160, router_type=fixed, representation=ace, packer=focused, reader_model=Qwen/Qwen2.5-3B-Instruct, packed_token_budget=160, recall@1=0.409, all_gold@1=0.0, recall@2=0.665, all_gold@2=0.406, recall@5=0.847, all_gold@5=0.718, qwen_em=0.318, qwen_f1=0.4317, avg_reader_evidence_tokens=150.08, mean_ans_in_context=0.618, mean_ans_in_context_soft=0.6897, mean_gold_token_density=0.4566, mean_gold_doc_reader_cov=0.751, mean_all_gold_reader=0.544, mean_distractor_docs=2.128, mean_context_tokens=150.078, mean_n_snippets=4.046
[density] materializing policy=ace_mmr_160
[density] generating policy=ace_mmr_160
[reader] generated 2/500
[reader] generated 4/500
[reader] generated 6/500
[reader] generated 8/500
[reader] generated 10/500
[reader] generated 12/500
[reader] generated 14/500
[reader] generated 16/500
[reader] generated 18/500
[reader] generated 20/500
[reader] generated 22/500
[reader] generated 24/500
[reader] generated 26/500
[reader] generated 28/500
[reader] generated 30/500
[reader] generated 32/500
[reader] generated 34/500
[reader] generated 36/500
[reader] generated 38/500
[reader] generated 40/500
[reader] generated 42/500
[reader] generated 44/500
[reader] generated 46/500
[reader] generated 48/500
[reader] generated 50/500
[reader] generated 52/500
[reader] generated 54/500
[reader] generated 56/500
[reader] generated 58/500
[reader] generated 60/500
[reader] generated 62/500
[reader] generated 64/500
[reader] generated 66/500
[reader] generated 68/500
[reader] generated 70/500
[reader] generated 72/500
[reader] generated 74/500
[reader] generated 76/500
[reader] generated 78/500
[reader] generated 80/500
[reader] generated 82/500
[reader] generated 84/500
[reader] generated 86/500
[reader] generated 88/500
[reader] generated 90/500
[reader] generated 92/500
[reader] generated 94/500
[reader] generated 96/500
[reader] generated 98/500
[reader] generated 100/500
[reader] generated 102/500
[reader] generated 104/500
[reader] generated 106/500
[reader] generated 108/500
[reader] generated 110/500
[reader] generated 112/500
[reader] generated 114/500
[reader] generated 116/500
[reader] generated 118/500
[reader] generated 120/500
[reader] generated 122/500
[reader] generated 124/500
[reader] generated 126/500
[reader] generated 128/500
[reader] generated 130/500
[reader] generated 132/500
[reader] generated 134/500
[reader] generated 136/500
[reader] generated 138/500
[reader] generated 140/500
[reader] generated 142/500
[reader] generated 144/500
[reader] generated 146/500
[reader] generated 148/500
[reader] generated 150/500
[reader] generated 152/500
[reader] generated 154/500
[reader] generated 156/500
[reader] generated 158/500
[reader] generated 160/500
[reader] generated 162/500
[reader] generated 164/500
[reader] generated 166/500
[reader] generated 168/500
[reader] generated 170/500
[reader] generated 172/500
[reader] generated 174/500
[reader] generated 176/500
[reader] generated 178/500
[reader] generated 180/500
[reader] generated 182/500
[reader] generated 184/500
[reader] generated 186/500
[reader] generated 188/500
[reader] generated 190/500
[reader] generated 192/500
[reader] generated 194/500
[reader] generated 196/500
[reader] generated 198/500
[reader] generated 200/500
[reader] generated 202/500
[reader] generated 204/500
[reader] generated 206/500
[reader] generated 208/500
[reader] generated 210/500
[reader] generated 212/500
[reader] generated 214/500
[reader] generated 216/500
[reader] generated 218/500
[reader] generated 220/500
[reader] generated 222/500
[reader] generated 224/500
[reader] generated 226/500
[reader] generated 228/500
[reader] generated 230/500
[reader] generated 232/500
[reader] generated 234/500
[reader] generated 236/500
[reader] generated 238/500
[reader] generated 240/500
[reader] generated 242/500
[reader] generated 244/500
[reader] generated 246/500
[reader] generated 248/500
[reader] generated 250/500
[reader] generated 252/500
[reader] generated 254/500
[reader] generated 256/500
[reader] generated 258/500
[reader] generated 260/500
[reader] generated 262/500
[reader] generated 264/500
[reader] generated 266/500
[reader] generated 268/500
[reader] generated 270/500
[reader] generated 272/500
[reader] generated 274/500
[reader] generated 276/500
[reader] generated 278/500
[reader] generated 280/500
[reader] generated 282/500
[reader] generated 284/500
[reader] generated 286/500
[reader] generated 288/500
[reader] generated 290/500
[reader] generated 292/500
[reader] generated 294/500
[reader] generated 296/500
[reader] generated 298/500
[reader] generated 300/500
[reader] generated 302/500
[reader] generated 304/500
[reader] generated 306/500
[reader] generated 308/500
[reader] generated 310/500
[reader] generated 312/500
[reader] generated 314/500
[reader] generated 316/500
[reader] generated 318/500
[reader] generated 320/500
[reader] generated 322/500
[reader] generated 324/500
[reader] generated 326/500
[reader] generated 328/500
[reader] generated 330/500
[reader] generated 332/500
[reader] generated 334/500
[reader] generated 336/500
[reader] generated 338/500
[reader] generated 340/500
[reader] generated 342/500
[reader] generated 344/500
[reader] generated 346/500
[reader] generated 348/500
[reader] generated 350/500
[reader] generated 352/500
[reader] generated 354/500
[reader] generated 356/500
[reader] generated 358/500
[reader] generated 360/500
[reader] generated 362/500
[reader] generated 364/500
[reader] generated 366/500
[reader] generated 368/500
[reader] generated 370/500
[reader] generated 372/500
[reader] generated 374/500
[reader] generated 376/500
[reader] generated 378/500
[reader] generated 380/500
[reader] generated 382/500
[reader] generated 384/500
[reader] generated 386/500
[reader] generated 388/500
[reader] generated 390/500
[reader] generated 392/500
[reader] generated 394/500
[reader] generated 396/500
[reader] generated 398/500
[reader] generated 400/500
[reader] generated 402/500
[reader] generated 404/500
[reader] generated 406/500
[reader] generated 408/500
[reader] generated 410/500
[reader] generated 412/500
[reader] generated 414/500
[reader] generated 416/500
[reader] generated 418/500
[reader] generated 420/500
[reader] generated 422/500
[reader] generated 424/500
[reader] generated 426/500
[reader] generated 428/500
[reader] generated 430/500
[reader] generated 432/500
[reader] generated 434/500
[reader] generated 436/500
[reader] generated 438/500
[reader] generated 440/500
[reader] generated 442/500
[reader] generated 444/500
[reader] generated 446/500
[reader] generated 448/500
[reader] generated 450/500
[reader] generated 452/500
[reader] generated 454/500
[reader] generated 456/500
[reader] generated 458/500
[reader] generated 460/500
[reader] generated 462/500
[reader] generated 464/500
[reader] generated 466/500
[reader] generated 468/500
[reader] generated 470/500
[reader] generated 472/500
[reader] generated 474/500
[reader] generated 476/500
[reader] generated 478/500
[reader] generated 480/500
[reader] generated 482/500
[reader] generated 484/500
[reader] generated 486/500
[reader] generated 488/500
[reader] generated 490/500
[reader] generated 492/500
[reader] generated 494/500
[reader] generated 496/500
[reader] generated 498/500
[reader] generated 500/500
[density] policy=ace_mmr_160, router_type=fixed, representation=ace, packer=mmr, reader_model=Qwen/Qwen2.5-3B-Instruct, packed_token_budget=160, recall@1=0.409, all_gold@1=0.0, recall@2=0.665, all_gold@2=0.406, recall@5=0.847, all_gold@5=0.718, qwen_em=0.302, qwen_f1=0.399, avg_reader_evidence_tokens=150.05, mean_ans_in_context=0.59, mean_ans_in_context_soft=0.6589, mean_gold_token_density=0.456, mean_gold_doc_reader_cov=0.711, mean_all_gold_reader=0.478, mean_distractor_docs=2.078, mean_context_tokens=150.052, mean_n_snippets=4.1
[density] materializing policy=ace_submod_160
[density] generating policy=ace_submod_160
[reader] generated 2/500
[reader] generated 4/500
[reader] generated 6/500
[reader] generated 8/500
[reader] generated 10/500
[reader] generated 12/500
[reader] generated 14/500
[reader] generated 16/500
[reader] generated 18/500
[reader] generated 20/500
[reader] generated 22/500
[reader] generated 24/500
[reader] generated 26/500
[reader] generated 28/500
[reader] generated 30/500
[reader] generated 32/500
[reader] generated 34/500
[reader] generated 36/500
[reader] generated 38/500
[reader] generated 40/500
[reader] generated 42/500
[reader] generated 44/500
[reader] generated 46/500
[reader] generated 48/500
[reader] generated 50/500
[reader] generated 52/500
[reader] generated 54/500
[reader] generated 56/500
[reader] generated 58/500
[reader] generated 60/500
[reader] generated 62/500
[reader] generated 64/500
[reader] generated 66/500
[reader] generated 68/500
[reader] generated 70/500
[reader] generated 72/500
[reader] generated 74/500
[reader] generated 76/500
[reader] generated 78/500
[reader] generated 80/500
[reader] generated 82/500
[reader] generated 84/500
[reader] generated 86/500
[reader] generated 88/500
[reader] generated 90/500
[reader] generated 92/500
[reader] generated 94/500
[reader] generated 96/500
[reader] generated 98/500
[reader] generated 100/500
[reader] generated 102/500
[reader] generated 104/500
[reader] generated 106/500
[reader] generated 108/500
[reader] generated 110/500
[reader] generated 112/500
[reader] generated 114/500
[reader] generated 116/500
[reader] generated 118/500
[reader] generated 120/500
[reader] generated 122/500
[reader] generated 124/500
[reader] generated 126/500
[reader] generated 128/500
[reader] generated 130/500
[reader] generated 132/500
[reader] generated 134/500
[reader] generated 136/500
[reader] generated 138/500
[reader] generated 140/500
[reader] generated 142/500
[reader] generated 144/500
[reader] generated 146/500
[reader] generated 148/500
[reader] generated 150/500
[reader] generated 152/500
[reader] generated 154/500
[reader] generated 156/500
[reader] generated 158/500
[reader] generated 160/500
[reader] generated 162/500
[reader] generated 164/500
[reader] generated 166/500
[reader] generated 168/500
[reader] generated 170/500
[reader] generated 172/500
[reader] generated 174/500
[reader] generated 176/500
[reader] generated 178/500
[reader] generated 180/500
[reader] generated 182/500
[reader] generated 184/500
[reader] generated 186/500
[reader] generated 188/500
[reader] generated 190/500
[reader] generated 192/500
[reader] generated 194/500
[reader] generated 196/500
[reader] generated 198/500
[reader] generated 200/500
[reader] generated 202/500
[reader] generated 204/500
[reader] generated 206/500
[reader] generated 208/500
[reader] generated 210/500
[reader] generated 212/500
[reader] generated 214/500
[reader] generated 216/500
[reader] generated 218/500
[reader] generated 220/500
[reader] generated 222/500
[reader] generated 224/500
[reader] generated 226/500
[reader] generated 228/500
[reader] generated 230/500
[reader] generated 232/500
[reader] generated 234/500
[reader] generated 236/500
[reader] generated 238/500
[reader] generated 240/500
[reader] generated 242/500
[reader] generated 244/500
[reader] generated 246/500
[reader] generated 248/500
[reader] generated 250/500
[reader] generated 252/500
[reader] generated 254/500
[reader] generated 256/500
[reader] generated 258/500
[reader] generated 260/500
[reader] generated 262/500
[reader] generated 264/500
[reader] generated 266/500
[reader] generated 268/500
[reader] generated 270/500
[reader] generated 272/500
[reader] generated 274/500
[reader] generated 276/500
[reader] generated 278/500
[reader] generated 280/500
[reader] generated 282/500
[reader] generated 284/500
[reader] generated 286/500
[reader] generated 288/500
[reader] generated 290/500
[reader] generated 292/500
[reader] generated 294/500
[reader] generated 296/500
[reader] generated 298/500
[reader] generated 300/500
[reader] generated 302/500
[reader] generated 304/500
[reader] generated 306/500
[reader] generated 308/500
[reader] generated 310/500
[reader] generated 312/500
[reader] generated 314/500
[reader] generated 316/500
[reader] generated 318/500
[reader] generated 320/500
[reader] generated 322/500
[reader] generated 324/500
[reader] generated 326/500
[reader] generated 328/500
[reader] generated 330/500
[reader] generated 332/500
[reader] generated 334/500
[reader] generated 336/500
[reader] generated 338/500
[reader] generated 340/500
[reader] generated 342/500
[reader] generated 344/500
[reader] generated 346/500
[reader] generated 348/500
[reader] generated 350/500
[reader] generated 352/500
[reader] generated 354/500
[reader] generated 356/500
[reader] generated 358/500
[reader] generated 360/500
[reader] generated 362/500
[reader] generated 364/500
[reader] generated 366/500
[reader] generated 368/500
[reader] generated 370/500
[reader] generated 372/500
[reader] generated 374/500
[reader] generated 376/500
[reader] generated 378/500
[reader] generated 380/500
[reader] generated 382/500
[reader] generated 384/500
[reader] generated 386/500
[reader] generated 388/500
[reader] generated 390/500
[reader] generated 392/500
[reader] generated 394/500
[reader] generated 396/500
[reader] generated 398/500
[reader] generated 400/500
[reader] generated 402/500
[reader] generated 404/500
[reader] generated 406/500
[reader] generated 408/500
[reader] generated 410/500
[reader] generated 412/500
[reader] generated 414/500
[reader] generated 416/500
[reader] generated 418/500
[reader] generated 420/500
[reader] generated 422/500
[reader] generated 424/500
[reader] generated 426/500
[reader] generated 428/500
[reader] generated 430/500
[reader] generated 432/500
[reader] generated 434/500
[reader] generated 436/500
[reader] generated 438/500
[reader] generated 440/500
[reader] generated 442/500
[reader] generated 444/500
[reader] generated 446/500
[reader] generated 448/500
[reader] generated 450/500
[reader] generated 452/500
[reader] generated 454/500
[reader] generated 456/500
[reader] generated 458/500
[reader] generated 460/500
[reader] generated 462/500
[reader] generated 464/500
[reader] generated 466/500
[reader] generated 468/500
[reader] generated 470/500
[reader] generated 472/500
[reader] generated 474/500
[reader] generated 476/500
[reader] generated 478/500
[reader] generated 480/500
[reader] generated 482/500
[reader] generated 484/500
[reader] generated 486/500
[reader] generated 488/500
[reader] generated 490/500
[reader] generated 492/500
[reader] generated 494/500
[reader] generated 496/500
[reader] generated 498/500
[reader] generated 500/500
[density] policy=ace_submod_160, router_type=fixed, representation=ace, packer=submod, reader_model=Qwen/Qwen2.5-3B-Instruct, packed_token_budget=160, recall@1=0.409, all_gold@1=0.0, recall@2=0.665, all_gold@2=0.406, recall@5=0.847, all_gold@5=0.718, qwen_em=0.316, qwen_f1=0.3985, avg_reader_evidence_tokens=147.5, mean_ans_in_context=0.608, mean_ans_in_context_soft=0.6852, mean_gold_token_density=0.4286, mean_gold_doc_reader_cov=0.741, mean_all_gold_reader=0.532, mean_distractor_docs=2.33, mean_context_tokens=147.496, mean_n_snippets=4.586
[density] policy=router_oracle_packer, router_type=oracle, representation=mixed, packer=oracle, reader_model=Qwen/Qwen2.5-3B-Instruct, packed_token_budget=160, selection_counts={"ace_focused_160": 90, "ace_mmr_160": 28, "ace_submod_160": 80, "chunk_focused_160": 71, "chunk_mmr_160": 36, "chunk_submod_160": 195}, qwen_em=0.486, qwen_f1=0.6094, avg_reader_evidence_tokens=141.28, mean_ans_in_context=0.71, mean_ans_in_context_soft=0.7658, mean_gold_token_density=0.5082, mean_gold_doc_reader_cov=0.773, mean_all_gold_reader=0.584, mean_distractor_docs=1.88, mean_context_tokens=141.282, mean_n_snippets=3.974
[density] freeing reader before NLI (3500 pairs)
[nli] scored 32/3500
[nli] scored 64/3500
[nli] scored 96/3500
[nli] scored 128/3500
[nli] scored 160/3500
[nli] scored 192/3500
[nli] scored 224/3500
[nli] scored 256/3500
[nli] scored 288/3500
[nli] scored 320/3500
[nli] scored 352/3500
[nli] scored 384/3500
[nli] scored 416/3500
[nli] scored 448/3500
[nli] scored 480/3500
[nli] scored 512/3500
[nli] scored 544/3500
[nli] scored 576/3500
[nli] scored 608/3500
[nli] scored 640/3500
[nli] scored 672/3500
[nli] scored 704/3500
[nli] scored 736/3500
[nli] scored 768/3500
[nli] scored 800/3500
[nli] scored 832/3500
[nli] scored 864/3500
[nli] scored 896/3500
[nli] scored 928/3500
[nli] scored 960/3500
[nli] scored 992/3500
[nli] scored 1024/3500
[nli] scored 1056/3500
[nli] scored 1088/3500
[nli] scored 1120/3500
[nli] scored 1152/3500
[nli] scored 1184/3500
[nli] scored 1216/3500
[nli] scored 1248/3500
[nli] scored 1280/3500
[nli] scored 1312/3500
[nli] scored 1344/3500
[nli] scored 1376/3500
[nli] scored 1408/3500
[nli] scored 1440/3500
[nli] scored 1472/3500
[nli] scored 1504/3500
[nli] scored 1536/3500
[nli] scored 1568/3500
[nli] scored 1600/3500
[nli] scored 1632/3500
[nli] scored 1664/3500
[nli] scored 1696/3500
[nli] scored 1728/3500
[nli] scored 1760/3500
[nli] scored 1792/3500
[nli] scored 1824/3500
[nli] scored 1856/3500
[nli] scored 1888/3500
[nli] scored 1920/3500
[nli] scored 1952/3500
[nli] scored 1984/3500
[nli] scored 2016/3500
[nli] scored 2048/3500
[nli] scored 2080/3500
[nli] scored 2112/3500
[nli] scored 2144/3500
[nli] scored 2176/3500
[nli] scored 2208/3500
[nli] scored 2240/3500
[nli] scored 2272/3500
[nli] scored 2304/3500
[nli] scored 2336/3500
[nli] scored 2368/3500
[nli] scored 2400/3500
[nli] scored 2432/3500
[nli] scored 2464/3500
[nli] scored 2496/3500
[nli] scored 2528/3500
[nli] scored 2560/3500
[nli] scored 2592/3500
[nli] scored 2624/3500
[nli] scored 2656/3500
[nli] scored 2688/3500
[nli] scored 2720/3500
[nli] scored 2752/3500
[nli] scored 2784/3500
[nli] scored 2816/3500
[nli] scored 2848/3500
[nli] scored 2880/3500
[nli] scored 2912/3500
[nli] scored 2944/3500
[nli] scored 2976/3500
[nli] scored 3008/3500
[nli] scored 3040/3500
[nli] scored 3072/3500
[nli] scored 3104/3500
[nli] scored 3136/3500
[nli] scored 3168/3500
[nli] scored 3200/3500
[nli] scored 3232/3500
[nli] scored 3264/3500
[nli] scored 3296/3500
[nli] scored 3328/3500
[nli] scored 3360/3500
[nli] scored 3392/3500
[nli] scored 3424/3500
[nli] scored 3456/3500
[nli] scored 3488/3500
[nli] scored 3500/3500
wrote /kaggle/working/colab_results/stage15_semanticaic_hotpotqa_qwen3b_budget160_seed13/hotpotqa_density_standard_budget160_limit500_metrics.csv
wrote /kaggle/working/colab_results/stage15_semanticaic_hotpotqa_qwen3b_budget160_seed13/hotpotqa_density_standard_budget160_limit500_per_question.csv
=== control/main.py done: stage15-semantic-aic; ok=['expertqa_seed42', 'expertqa_seed13', 'covidqa_seed42', 'covidqa_seed13', 'hotpotqa_seed42', 'hotpotqa_seed13'] failed=[] ===
