qid,policy,representation,packer,em,f1,ans_in_context,ans_in_context_soft,gold_token_density,gold_doc_reader_cov,context_tokens,base_recall@5,base_all_gold@5
ad193b1808b411ebbd88ac1f6bf848b6,chunk_packed_128,chunk,packed,1.0,1.0,1.0,1.0,0.3828,0.5,128.0,0.5,0.0
5b168cd8089811ebbd77ac1f6bf848b6,chunk_packed_128,chunk,packed,1.0,1.0,1.0,1.0,0.6727,1.0,110.0,1.0,1.0
b23a2b360baf11ebab90acde48001122,chunk_packed_128,chunk,packed,0.0,0.0,0.0,0.0,0.4019,0.5,107.0,1.0,1.0
c5ffa16a0bdb11eba7f7acde48001122,chunk_packed_128,chunk,packed,0.0,0.0,0.0,0.0,0.3197,0.5,122.0,0.5,0.0
eb3ff1900baf11ebab90acde48001122,chunk_packed_128,chunk,packed,0.0,0.0,0.0,0.4,0.4113,0.5,124.0,1.0,1.0
59a16ade0baf11ebab90acde48001122,chunk_packed_128,chunk,packed,0.0,0.0,0.0,0.0,0.0,0.0,127.0,0.5,0.0
5c9ef1d80bdd11eba7f7acde48001122,chunk_packed_128,chunk,packed,0.0,0.0,0.0,0.0,0.4141,0.5,128.0,0.5,0.0
a537c442086d11ebbd62ac1f6bf848b6,chunk_packed_128,chunk,packed,1.0,1.0,1.0,1.0,0.5741,0.5,108.0,0.5,0.0
01588f7208be11ebbd8aac1f6bf848b6,chunk_packed_128,chunk,packed,1.0,1.0,1.0,1.0,0.6142,0.5,127.0,0.5,0.0
6b55ac320bdb11eba7f7acde48001122,chunk_packed_128,chunk,packed,0.0,0.0,0.0,0.0,0.5085,0.5,118.0,1.0,1.0
fde95590089c11ebbd78ac1f6bf848b6,chunk_packed_128,chunk,packed,0.0,0.0,0.0,0.0,0.0,0.0,119.0,1.0,1.0
1f8a41b60bde11eba7f7acde48001122,chunk_packed_128,chunk,packed,0.0,0.0,0.0,0.0,0.2623,0.5,122.0,1.0,1.0
50008e080bda11eba7f7acde48001122,chunk_packed_128,chunk,packed,0.0,0.0,0.0,0.0,0.0,0.0,120.0,0.5,0.0
9f62be2008ac11ebbd83ac1f6bf848b6,chunk_packed_128,chunk,packed,0.0,0.0,0.0,0.0,0.4576,0.5,118.0,1.0,1.0
6bb800f00bde11eba7f7acde48001122,chunk_packed_128,chunk,packed,0.0,0.0,0.0,0.0,0.4727,0.5,110.0,1.0,1.0
1822cbb4089111ebbd72ac1f6bf848b6,chunk_packed_128,chunk,packed,1.0,1.0,1.0,1.0,0.4921,0.5,126.0,0.5,0.0
87154f1e0bda11eba7f7acde48001122,chunk_packed_128,chunk,packed,0.0,0.0,0.0,0.0,0.2459,0.5,122.0,0.5,0.0
709430f20bda11eba7f7acde48001122,chunk_packed_128,chunk,packed,0.0,0.0,0.0,0.0,0.5583,1.0,120.0,1.0,1.0
1aecfdf608a011ebbd78ac1f6bf848b6,chunk_packed_128,chunk,packed,1.0,1.0,0.0,0.6667,0.6612,1.0,121.0,1.0,1.0
03d68971096e11ebbdb0ac1f6bf848b6,chunk_packed_128,chunk,packed,0.0,0.0,0.0,0.0,0.2778,0.5,126.0,1.0,1.0
8a6eec600bda11eba7f7acde48001122,chunk_packed_128,chunk,packed,0.0,0.0,0.0,0.0,0.5,0.5,108.0,1.0,1.0
3497795008bb11ebbd88ac1f6bf848b6,chunk_packed_128,chunk,packed,0.0,0.0,0.0,0.3333,0.4918,0.25,122.0,0.5,0.0
305e54500bde11eba7f7acde48001122,chunk_packed_128,chunk,packed,0.0,0.0,0.0,0.0,0.4091,0.5,110.0,0.5,0.0
6aa8edb5086411ebbd5eac1f6bf848b6,chunk_packed_128,chunk,packed,1.0,1.0,1.0,1.0,0.4545,0.5,121.0,1.0,1.0
4a8d58f0085811ebbd5aac1f6bf848b6,chunk_packed_128,chunk,packed,0.0,0.0,0.0,0.0,0.377,0.25,122.0,0.5,0.0
00ce250d095f11ebbdafac1f6bf848b6,chunk_packed_128,chunk,packed,1.0,1.0,1.0,1.0,0.5984,1.0,122.0,1.0,1.0
c6128932093b11ebbdaeac1f6bf848b6,chunk_packed_128,chunk,packed,0.0,0.0,0.0,0.0,0.7025,1.0,121.0,1.0,1.0
d6c5f2680bdd11eba7f7acde48001122,chunk_packed_128,chunk,packed,0.0,0.0,1.0,1.0,0.2,0.5,125.0,0.5,0.0
07626317086e11ebbd62ac1f6bf848b6,chunk_packed_128,chunk,packed,0.0,0.0,0.0,0.0,0.3579,0.25,95.0,0.75,0.0
61f9bff8089711ebbd77ac1f6bf848b6,chunk_packed_128,chunk,packed,1.0,1.0,1.0,1.0,0.584,0.5,125.0,0.5,0.0
c3e1ad9e090d11ebbdadac1f6bf848b6,chunk_packed_128,chunk,packed,0.0,0.0,1.0,1.0,0.72,1.0,100.0,1.0,1.0
093fcf360bdc11eba7f7acde48001122,chunk_packed_128,chunk,packed,0.0,0.0,0.0,0.0,0.0,0.0,120.0,0.5,0.0
6a419ba2087611ebbd67ac1f6bf848b6,chunk_packed_128,chunk,packed,1.0,1.0,1.0,1.0,0.416,0.5,125.0,0.5,0.0
9bd0c7e60bdd11eba7f7acde48001122,chunk_packed_128,chunk,packed,0.0,0.0,0.0,0.0,0.0,0.0,126.0,0.5,0.0
fdbb770408da11ebbd9cac1f6bf848b6,chunk_packed_128,chunk,packed,0.0,0.0,0.0,0.0,0.2105,0.25,114.0,0.5,0.0
3cc74fb60bda11eba7f7acde48001122,chunk_packed_128,chunk,packed,0.0,0.0,0.0,0.0,0.232,0.5,125.0,0.5,0.0
234c4f060bde11eba7f7acde48001122,chunk_packed_128,chunk,packed,0.0,0.0,1.0,1.0,0.6953,1.0,128.0,1.0,1.0
c807422a0bda11eba7f7acde48001122,chunk_packed_128,chunk,packed,0.0,0.0,0.0,0.0,0.189,0.5,127.0,0.5,0.0
77119398087411ebbd67ac1f6bf848b6,chunk_packed_128,chunk,packed,1.0,1.0,1.0,1.0,0.4882,1.0,127.0,1.0,1.0
922587b80bdd11eba7f7acde48001122,chunk_packed_128,chunk,packed,0.0,0.0,0.0,0.0,0.3571,0.5,112.0,0.5,0.0
7de9188c088b11ebbd6fac1f6bf848b6,chunk_packed_128,chunk,packed,0.0,0.5714,0.0,0.5,0.3659,0.5,82.0,0.5,0.0
ba3380fe0bdb11eba7f7acde48001122,chunk_packed_128,chunk,packed,0.0,0.0,0.0,0.25,0.4425,0.5,113.0,0.5,0.0
710d0e740bde11eba7f7acde48001122,chunk_packed_128,chunk,packed,0.0,0.0,0.0,0.0,0.3906,0.5,128.0,0.5,0.0
562aab540baf11ebab90acde48001122,chunk_packed_128,chunk,packed,0.0,0.2222,1.0,1.0,0.5118,1.0,127.0,1.0,1.0
9ab545800bdd11eba7f7acde48001122,chunk_packed_128,chunk,packed,0.0,0.0,0.0,0.0,0.3361,0.5,119.0,0.5,0.0
61456758085411ebbd59ac1f6bf848b6,chunk_packed_128,chunk,packed,1.0,1.0,1.0,1.0,0.2778,0.25,126.0,0.5,0.0
26f25e9d089c11ebbd78ac1f6bf848b6,chunk_packed_128,chunk,packed,0.0,0.0,1.0,1.0,0.4333,0.5,120.0,1.0,1.0
ce5bfc90086c11ebbd61ac1f6bf848b6,chunk_packed_128,chunk,packed,0.0,0.0,0.0,0.0,0.3571,0.25,126.0,0.5,0.0
f893967608a811ebbd7fac1f6bf848b6,chunk_packed_128,chunk,packed,1.0,1.0,1.0,1.0,0.5289,1.0,121.0,1.0,1.0
346a41b4084e11ebbd56ac1f6bf848b6,chunk_packed_128,chunk,packed,1.0,1.0,1.0,1.0,0.2459,0.5,122.0,0.5,0.0
bcbd76e608a111ebbd79ac1f6bf848b6,chunk_packed_128,chunk,packed,0.0,0.0,1.0,1.0,0.2205,0.25,127.0,0.5,0.0
f26542c808c511ebbd8fac1f6bf848b6,chunk_packed_128,chunk,packed,0.0,0.0,1.0,1.0,0.4173,0.5,127.0,0.5,0.0
5b1e1f240bdc11eba7f7acde48001122,chunk_packed_128,chunk,packed,0.0,0.0,0.0,0.3333,0.2735,0.5,117.0,0.5,0.0
b146f47c0bda11eba7f7acde48001122,chunk_packed_128,chunk,packed,0.0,0.0,0.0,0.0,0.0,0.0,111.0,1.0,1.0
9c996f860bdb11eba7f7acde48001122,chunk_packed_128,chunk,packed,0.0,0.0,0.0,0.0,0.0,0.0,103.0,1.0,1.0
f491b33e0bda11eba7f7acde48001122,chunk_packed_128,chunk,packed,0.0,0.0,0.0,0.0,0.3802,0.5,121.0,0.5,0.0
21d2a107091911ebbdaeac1f6bf848b6,chunk_packed_128,chunk,packed,1.0,1.0,1.0,1.0,0.7414,1.0,116.0,1.0,1.0
10e63c10087211ebbd64ac1f6bf848b6,chunk_packed_128,chunk,packed,1.0,1.0,1.0,1.0,0.5328,0.5,122.0,0.5,0.0
5c7ce15a0bde11eba7f7acde48001122,chunk_packed_128,chunk,packed,0.0,0.0,0.0,0.5,0.0,0.0,113.0,0.5,0.0
b0e112940bdd11eba7f7acde48001122,chunk_packed_128,chunk,packed,0.0,0.0,0.0,0.0,0.2047,0.5,127.0,0.5,0.0
e6a74e020bdd11eba7f7acde48001122,chunk_packed_128,chunk,packed,0.0,0.0,0.0,0.0,0.2344,0.5,128.0,0.5,0.0
0963c8b80bdd11eba7f7acde48001122,chunk_packed_128,chunk,packed,0.0,0.0,0.0,0.5,0.4153,0.5,118.0,0.5,0.0
09beb233086d11ebbd61ac1f6bf848b6,chunk_packed_128,chunk,packed,0.0,0.0,0.0,0.0,0.7863,1.0,117.0,1.0,1.0
963fffd60bdd11eba7f7acde48001122,chunk_packed_128,chunk,packed,1.0,1.0,1.0,1.0,0.2846,1.0,123.0,1.0,1.0
f0d6f50c08eb11ebbda7ac1f6bf848b6,chunk_packed_128,chunk,packed,0.0,0.0,0.0,0.5,0.2083,0.5,120.0,1.0,1.0
33d1a6d60bda11eba7f7acde48001122,chunk_packed_128,chunk,packed,0.0,0.0,0.0,0.0,0.1328,0.5,128.0,1.0,1.0
f31afa16094511ebbdaeac1f6bf848b6,chunk_packed_128,chunk,packed,0.0,0.0,1.0,1.0,0.281,0.5,121.0,1.0,1.0
3654974a08df11ebbda0ac1f6bf848b6,chunk_packed_128,chunk,packed,0.0,0.0,1.0,1.0,0.6134,0.5,119.0,0.75,0.0
2d2fdefe085311ebbd59ac1f6bf848b6,chunk_packed_128,chunk,packed,0.0,0.0,0.0,0.5,0.0,0.0,128.0,1.0,1.0
7a01a52a089c11ebbd78ac1f6bf848b6,chunk_packed_128,chunk,packed,0.0,0.0,1.0,1.0,0.5078,0.5,128.0,0.5,0.0
d8a00ed40bdd11eba7f7acde48001122,chunk_packed_128,chunk,packed,0.0,0.0,0.0,0.3333,0.2677,0.5,127.0,0.5,0.0
c37f944e08e611ebbda5ac1f6bf848b6,chunk_packed_128,chunk,packed,0.0,0.0,1.0,1.0,0.5669,1.0,127.0,1.0,1.0
b670607d08b611ebbd88ac1f6bf848b6,chunk_packed_128,chunk,packed,0.0,0.25,1.0,1.0,0.537,0.25,108.0,0.75,0.0
62a0531e0bde11eba7f7acde48001122,chunk_packed_128,chunk,packed,0.0,0.0,0.0,0.0,0.3934,0.5,122.0,0.5,0.0
03f2846e0bb011ebab90acde48001122,chunk_packed_128,chunk,packed,0.0,0.0,0.0,0.6,0.4545,0.5,110.0,1.0,1.0
98da1bb608d411ebbd96ac1f6bf848b6,chunk_packed_128,chunk,packed,1.0,1.0,1.0,1.0,1.0,0.75,122.0,0.75,0.0
bb792556091811ebbdaeac1f6bf848b6,chunk_packed_128,chunk,packed,1.0,1.0,0.0,0.6667,0.6796,1.0,103.0,1.0,1.0
46e99a3d094111ebbdaeac1f6bf848b6,chunk_packed_128,chunk,packed,1.0,1.0,1.0,1.0,0.3659,1.0,123.0,1.0,1.0
2f6aa3ba0bb011ebab90acde48001122,chunk_packed_128,chunk,packed,0.0,0.1818,0.0,0.6,0.5547,0.5,128.0,1.0,1.0
41b295500bb011ebab90acde48001122,chunk_packed_128,chunk,packed,0.0,0.0,0.0,0.0,0.0,0.0,111.0,1.0,1.0
132a5430085d11ebbd5cac1f6bf848b6,chunk_packed_128,chunk,packed,0.0,0.0,0.0,0.0,0.5678,1.0,118.0,1.0,1.0
08e7eb340bde11eba7f7acde48001122,chunk_packed_128,chunk,packed,0.0,0.0,0.0,0.0,0.0,0.0,114.0,0.5,0.0
91ec5b380bdc11eba7f7acde48001122,chunk_packed_128,chunk,packed,0.0,0.0,0.0,0.0,0.3673,0.5,98.0,0.5,0.0
bf5c81fa0bdd11eba7f7acde48001122,chunk_packed_128,chunk,packed,0.0,0.0,0.0,0.0,0.3361,0.5,119.0,0.5,0.0
cf9a08f608c911ebbd92ac1f6bf848b6,chunk_packed_128,chunk,packed,0.0,0.0,0.0,0.25,0.25,0.25,112.0,0.5,0.0
0e5e54c908c211ebbd8bac1f6bf848b6,chunk_packed_128,chunk,packed,0.0,0.0,0.0,0.0,0.9291,1.0,127.0,1.0,1.0
af1ee605093511ebbdaeac1f6bf848b6,chunk_packed_128,chunk,packed,1.0,1.0,1.0,1.0,0.2683,1.0,123.0,1.0,1.0
3e0cebde0bd911eba7f7acde48001122,chunk_packed_128,chunk,packed,0.0,0.0,0.0,0.0,0.25,0.5,112.0,0.5,0.0
0518615a0bde11eba7f7acde48001122,chunk_packed_128,chunk,packed,0.0,0.0,0.0,0.0,0.7297,0.5,111.0,1.0,1.0
3d22de280bb011ebab90acde48001122,chunk_packed_128,chunk,packed,0.0,0.2222,0.0,0.5,0.0,0.0,107.0,0.5,0.0
b6afbad60bdd11eba7f7acde48001122,chunk_packed_128,chunk,packed,0.0,0.0,0.0,0.0,0.2339,0.5,124.0,1.0,1.0
0b91d3200bdb11eba7f7acde48001122,chunk_packed_128,chunk,packed,0.0,0.0,0.0,0.0,0.3362,0.5,116.0,0.5,0.0
1621c01108f011ebbda8ac1f6bf848b6,chunk_packed_128,chunk,packed,0.0,0.0,1.0,1.0,1.0,1.0,98.0,1.0,1.0
8b5f752e0bdd11eba7f7acde48001122,chunk_packed_128,chunk,packed,0.0,0.0,0.0,0.0,0.096,0.5,125.0,0.5,0.0
5e02b99208b811ebbd88ac1f6bf848b6,chunk_packed_128,chunk,packed,0.0,0.0,1.0,1.0,0.5789,0.5,114.0,0.5,0.0
a809d3720bdd11eba7f7acde48001122,chunk_packed_128,chunk,packed,0.0,0.0,0.0,0.0,0.0,0.0,115.0,0.5,0.0
ade9a5980baf11ebab90acde48001122,chunk_packed_128,chunk,packed,0.0,0.0,0.0,0.0,0.1496,0.5,127.0,1.0,1.0
8012a1e008af11ebbd83ac1f6bf848b6,chunk_packed_128,chunk,packed,0.0,0.0,0.0,0.0,0.719,0.5,121.0,0.5,0.0
d19a4bb80bdd11eba7f7acde48001122,chunk_packed_128,chunk,packed,0.0,0.0,0.0,0.0,0.0,0.0,120.0,0.5,0.0
b6b306fa0bdd11eba7f7acde48001122,chunk_packed_128,chunk,packed,0.0,0.0,0.0,0.5,0.2581,0.5,124.0,0.5,0.0
d71f453b085811ebbd5bac1f6bf848b6,chunk_packed_128,chunk,packed,0.0,0.0,0.0,0.0,0.672,0.5,125.0,0.5,0.0
2de71a8a0bda11eba7f7acde48001122,chunk_packed_128,chunk,packed,0.0,0.0,0.0,0.0,0.3619,0.5,105.0,0.5,0.0
cee7790e08cc11ebbd93ac1f6bf848b6,chunk_packed_128,chunk,packed,0.0,0.0,0.0,0.0,0.4922,0.25,128.0,0.5,0.0
623ea4080bb011ebab90acde48001122,chunk_packed_128,chunk,packed,0.0,0.0,0.0,0.5714,0.0,0.0,110.0,0.5,0.0
8d9bf1c80bb011ebab90acde48001122,chunk_packed_128,chunk,packed,0.0,0.2222,0.0,0.5,0.0,0.0,89.0,0.5,0.0
572c3827088311ebbd6dac1f6bf848b6,chunk_packed_128,chunk,packed,0.0,0.0,0.0,0.5,0.7603,0.5,121.0,0.5,0.0
b1e64cc60bd911eba7f7acde48001122,chunk_packed_128,chunk,packed,0.0,0.0,0.0,0.0,0.2101,0.5,119.0,1.0,1.0
0b9a520108c211ebbd8bac1f6bf848b6,chunk_packed_128,chunk,packed,0.0,0.0,1.0,1.0,1.0,0.5,123.0,0.5,0.0
04e9521d088b11ebbd6fac1f6bf848b6,chunk_packed_128,chunk,packed,0.0,0.0,0.0,0.0,0.178,0.5,118.0,1.0,1.0
8522d9b2092011ebbdaeac1f6bf848b6,chunk_packed_128,chunk,packed,0.0,0.0,0.0,0.0,0.7064,1.0,109.0,1.0,1.0
ec697d900bda11eba7f7acde48001122,chunk_packed_128,chunk,packed,0.0,0.0,0.0,0.3333,0.3113,0.5,106.0,0.5,0.0
950bd11a090f11ebbdadac1f6bf848b6,chunk_packed_128,chunk,packed,0.0,0.0,1.0,1.0,0.2302,0.5,126.0,1.0,1.0
c1b9c0ac0bdd11eba7f7acde48001122,chunk_packed_128,chunk,packed,0.0,0.0,0.0,0.3333,0.1653,0.5,121.0,0.5,0.0
d2c47e1008df11ebbda1ac1f6bf848b6,chunk_packed_128,chunk,packed,0.0,0.0,1.0,1.0,0.3613,0.5,119.0,0.5,0.0
7b2bf8fc0bd911eba7f7acde48001122,chunk_packed_128,chunk,packed,0.0,0.0,0.0,0.0,0.6694,0.5,124.0,1.0,1.0
b5ccab240bdd11eba7f7acde48001122,chunk_packed_128,chunk,packed,0.0,0.0,0.0,0.3333,0.5081,0.5,124.0,0.5,0.0
6a70f6f80bb011ebab90acde48001122,chunk_packed_128,chunk,packed,0.0,0.0,0.0,0.0,0.3772,0.5,114.0,0.5,0.0
1f9e4658084f11ebbd56ac1f6bf848b6,chunk_packed_128,chunk,packed,0.0,0.0,1.0,1.0,0.2188,0.25,128.0,0.5,0.0
5caef2f8096411ebbdafac1f6bf848b6,chunk_packed_128,chunk,packed,0.0,0.0,1.0,1.0,0.5433,1.0,127.0,1.0,1.0
b081e08408e111ebbda3ac1f6bf848b6,chunk_packed_128,chunk,packed,0.0,0.0,1.0,1.0,0.405,0.25,121.0,0.5,0.0
f113f24e08ad11ebbd83ac1f6bf848b6,chunk_packed_128,chunk,packed,0.0,0.0,1.0,1.0,0.71,0.75,100.0,0.75,0.0
a6d397ea0bdd11eba7f7acde48001122,chunk_packed_128,chunk,packed,0.0,0.0,0.0,0.0,0.3651,0.5,126.0,0.5,0.0
04a065a60bde11eba7f7acde48001122,chunk_packed_128,chunk,packed,0.0,0.0,0.0,0.0,0.0,0.0,128.0,0.5,0.0
534fbfd00bd911eba7f7acde48001122,chunk_packed_128,chunk,packed,0.0,0.0,0.0,0.0,0.0,0.0,117.0,1.0,1.0
286461f808ba11ebbd88ac1f6bf848b6,chunk_packed_128,chunk,packed,1.0,1.0,1.0,1.0,0.6486,1.0,111.0,1.0,1.0
2fa40dae0bdc11eba7f7acde48001122,chunk_packed_128,chunk,packed,0.0,0.0,0.0,0.0,0.181,0.5,116.0,0.5,0.0
a19ca5c80bdd11eba7f7acde48001122,chunk_packed_128,chunk,packed,0.0,0.0,1.0,1.0,0.4874,0.5,119.0,0.5,0.0
6a807fc40bb011ebab90acde48001122,chunk_packed_128,chunk,packed,0.0,0.0,0.0,0.6,0.0,0.0,106.0,0.5,0.0
1118315c0bdd11eba7f7acde48001122,chunk_packed_128,chunk,packed,0.0,0.0,0.0,0.0,0.352,0.5,125.0,0.5,0.0
185a906e0bdc11eba7f7acde48001122,chunk_packed_128,chunk,packed,0.0,0.0,0.0,0.5,0.1949,0.5,118.0,0.5,0.0
77f4e0140bb011ebab90acde48001122,chunk_packed_128,chunk,packed,0.0,0.0,0.0,0.0,0.224,0.5,125.0,0.5,0.0
2a98df6408d111ebbd95ac1f6bf848b6,chunk_packed_128,chunk,packed,0.0,0.0,0.0,0.0,0.646,1.0,113.0,1.0,1.0
025359200bde11eba7f7acde48001122,chunk_packed_128,chunk,packed,0.0,0.0,0.0,0.0,0.2202,0.5,109.0,0.5,0.0
bd34477e0baf11ebab90acde48001122,chunk_packed_128,chunk,packed,0.0,0.0,0.0,0.8333,0.4144,0.5,111.0,1.0,1.0
6a8a71280bb011ebab90acde48001122,chunk_packed_128,chunk,packed,0.0,0.5,1.0,1.0,0.4766,0.5,128.0,1.0,1.0
ef9cbeca0bdd11eba7f7acde48001122,chunk_packed_128,chunk,packed,0.0,0.5,1.0,1.0,0.6614,1.0,127.0,1.0,1.0
c218a802090711ebbdadac1f6bf848b6,chunk_packed_128,chunk,packed,1.0,1.0,1.0,1.0,0.5667,1.0,120.0,1.0,1.0
f94832c408b811ebbd88ac1f6bf848b6,chunk_packed_128,chunk,packed,1.0,1.0,1.0,1.0,0.3365,0.25,104.0,0.5,0.0
8d2382e0085811ebbd5aac1f6bf848b6,chunk_packed_128,chunk,packed,0.0,0.0,1.0,1.0,0.4876,1.0,121.0,1.0,1.0
86fb31260bdd11eba7f7acde48001122,chunk_packed_128,chunk,packed,0.0,0.0,0.0,0.3333,0.152,0.5,125.0,1.0,1.0
18c0ccb1086911ebbd5eac1f6bf848b6,chunk_packed_128,chunk,packed,1.0,1.0,1.0,1.0,0.2807,0.5,114.0,1.0,1.0
e6f8d00a089611ebbd76ac1f6bf848b6,chunk_packed_128,chunk,packed,0.0,0.0,0.0,0.0,0.595,1.0,121.0,1.0,1.0
8919fb50085311ebbd59ac1f6bf848b6,chunk_packed_128,chunk,packed,0.0,0.0,0.0,0.5,0.472,1.0,125.0,1.0,1.0
d5a61878086b11ebbd60ac1f6bf848b6,chunk_packed_128,chunk,packed,1.0,1.0,1.0,1.0,0.6207,1.0,116.0,1.0,1.0
f6973183085a11ebbd5cac1f6bf848b6,chunk_packed_128,chunk,packed,0.0,0.0,1.0,1.0,0.5703,0.5,128.0,0.5,0.0
fc031d360baf11ebab90acde48001122,chunk_packed_128,chunk,packed,0.0,0.0,0.0,0.2,0.0,0.0,126.0,0.5,0.0
e5c738900bdc11eba7f7acde48001122,chunk_packed_128,chunk,packed,0.0,0.0,0.0,0.0,0.0873,0.5,126.0,0.5,0.0
6b466508097711ebbdb0ac1f6bf848b6,chunk_packed_128,chunk,packed,1.0,1.0,1.0,1.0,0.7016,1.0,124.0,1.0,1.0
46bd0bd6087511ebbd67ac1f6bf848b6,chunk_packed_128,chunk,packed,1.0,1.0,1.0,1.0,0.1939,0.25,98.0,0.5,0.0
d1bdbdbe087711ebbd67ac1f6bf848b6,chunk_packed_128,chunk,packed,0.0,0.0,0.0,0.0,0.7638,0.5,127.0,0.75,0.0
6152f66c08df11ebbda0ac1f6bf848b6,chunk_packed_128,chunk,packed,1.0,1.0,0.0,0.0,0.3866,0.25,119.0,0.5,0.0
98a3e5e9089111ebbd73ac1f6bf848b6,chunk_packed_128,chunk,packed,1.0,1.0,1.0,1.0,0.2903,0.5,124.0,0.5,0.0
6946f8d20baf11ebab90acde48001122,chunk_packed_128,chunk,packed,0.0,0.2222,0.0,0.3333,0.0,0.0,126.0,0.5,0.0
3d4662300bb011ebab90acde48001122,chunk_packed_128,chunk,packed,0.0,0.0,0.0,0.6667,0.0,0.0,104.0,0.5,0.0
c504923408fe11ebbdadac1f6bf848b6,chunk_packed_128,chunk,packed,0.0,0.0,1.0,1.0,0.3361,1.0,119.0,1.0,1.0
922a629c0bb011ebab90acde48001122,chunk_packed_128,chunk,packed,0.0,0.0,0.0,0.6,0.2833,0.5,120.0,0.5,0.0
0e967bac08a711ebbd7fac1f6bf848b6,chunk_packed_128,chunk,packed,1.0,1.0,1.0,1.0,0.375,0.5,120.0,0.5,0.0
c1aa9b640bdc11eba7f7acde48001122,chunk_packed_128,chunk,packed,0.0,0.0,0.0,0.0,0.3839,0.5,112.0,1.0,1.0
dba424900baf11ebab90acde48001122,chunk_packed_128,chunk,packed,0.0,0.0,0.0,0.3333,0.256,0.5,125.0,0.5,0.0
f4cc9d4908b311ebbd86ac1f6bf848b6,chunk_packed_128,chunk,packed,0.0,0.0,1.0,1.0,0.6471,0.5,102.0,0.5,0.0
6b850e0e0baf11ebab90acde48001122,chunk_packed_128,chunk,packed,0.0,0.2857,1.0,1.0,0.7951,1.0,122.0,1.0,1.0
abce7ee208b111ebbd85ac1f6bf848b6,chunk_packed_128,chunk,packed,1.0,1.0,0.0,0.5,0.3277,0.5,119.0,0.5,0.0
6615041e0bb011ebab90acde48001122,chunk_packed_128,chunk,packed,0.0,0.0,0.0,0.3333,0.1984,0.5,126.0,0.5,0.0
dc4754a80bdc11eba7f7acde48001122,chunk_packed_128,chunk,packed,0.0,0.0,0.0,0.0,0.4917,0.5,120.0,0.5,0.0
6bd86dd4087f11ebbd6bac1f6bf848b6,chunk_packed_128,chunk,packed,0.0,0.0,0.0,0.0,0.3279,0.25,122.0,0.5,0.0
98ab6cfe08c411ebbd8eac1f6bf848b6,chunk_packed_128,chunk,packed,1.0,1.0,1.0,1.0,1.0,0.5,115.0,0.5,0.0
c30b9f8108b211ebbd85ac1f6bf848b6,chunk_packed_128,chunk,packed,1.0,1.0,0.0,0.5,0.0,0.0,99.0,1.0,1.0
49e0153808ac11ebbd82ac1f6bf848b6,chunk_packed_128,chunk,packed,1.0,1.0,1.0,1.0,0.6694,0.5,124.0,0.5,0.0
2fcc3e3e0bda11eba7f7acde48001122,chunk_packed_128,chunk,packed,0.0,0.0,1.0,1.0,0.0,0.0,96.0,1.0,1.0
8a6610400bda11eba7f7acde48001122,chunk_packed_128,chunk,packed,0.0,0.0,0.0,0.0,0.3529,0.5,119.0,0.5,0.0
e172d3b20baf11ebab90acde48001122,chunk_packed_128,chunk,packed,0.0,0.0,0.0,0.0,0.2821,0.5,117.0,1.0,1.0
c365be0608ae11ebbd83ac1f6bf848b6,chunk_packed_128,chunk,packed,1.0,1.0,1.0,1.0,1.0,1.0,122.0,1.0,1.0
a9406286088d11ebbd70ac1f6bf848b6,chunk_packed_128,chunk,packed,0.0,0.0,1.0,1.0,0.2727,0.25,121.0,0.5,0.0
6b84004a0baf11ebab90acde48001122,chunk_packed_128,chunk,packed,0.0,0.0,0.0,0.4,0.4369,0.5,103.0,0.5,0.0
caa0a77908ac11ebbd83ac1f6bf848b6,chunk_packed_128,chunk,packed,1.0,1.0,1.0,1.0,0.6299,0.5,127.0,0.5,0.0
63a51a37096711ebbdafac1f6bf848b6,chunk_packed_128,chunk,packed,1.0,1.0,1.0,1.0,0.4274,1.0,117.0,1.0,1.0
647eba07088f11ebbd72ac1f6bf848b6,chunk_packed_128,chunk,packed,0.0,0.0,1.0,1.0,0.8189,1.0,127.0,1.0,1.0
6e765ee508f611ebbdaaac1f6bf848b6,chunk_packed_128,chunk,packed,1.0,1.0,1.0,1.0,0.3125,1.0,128.0,1.0,1.0
dc6e054e0baf11ebab90acde48001122,chunk_packed_128,chunk,packed,0.0,0.0,0.0,0.0,0.2835,0.5,127.0,0.5,0.0
5c82bfe20bdb11eba7f7acde48001122,chunk_packed_128,chunk,packed,0.0,0.0,0.0,0.3333,0.2456,0.5,114.0,1.0,1.0
47a59362091411ebbdadac1f6bf848b6,chunk_packed_128,chunk,packed,1.0,1.0,1.0,1.0,0.3651,1.0,126.0,1.0,1.0
5bab48ec0bda11eba7f7acde48001122,chunk_packed_128,chunk,packed,0.0,0.0,0.0,0.0,0.339,0.5,118.0,0.5,0.0
d3c779240bdd11eba7f7acde48001122,chunk_packed_128,chunk,packed,0.0,0.0,0.0,0.0,0.2647,0.5,102.0,1.0,1.0
57e0ae020bb011ebab90acde48001122,chunk_packed_128,chunk,packed,0.0,0.6154,0.0,0.7143,0.4375,0.5,112.0,1.0,1.0
9e2fc7ef08c711ebbd91ac1f6bf848b6,chunk_packed_128,chunk,packed,0.0,0.0,0.0,0.0,0.3984,0.5,128.0,0.5,0.0
be9369c80bdd11eba7f7acde48001122,chunk_packed_128,chunk,packed,0.0,0.0,0.0,0.0,0.2047,0.5,127.0,0.5,0.0
abaff0940bdb11eba7f7acde48001122,chunk_packed_128,chunk,packed,0.0,0.0,0.0,0.0,0.176,0.5,125.0,0.5,0.0
09aa4e1a0bdc11eba7f7acde48001122,chunk_packed_128,chunk,packed,0.0,0.0,0.0,0.0,0.0,0.0,110.0,0.5,0.0
e4e02a240bda11eba7f7acde48001122,chunk_packed_128,chunk,packed,0.0,0.0,0.0,0.5,0.1774,0.5,124.0,0.5,0.0
fc9d859008a011ebbd78ac1f6bf848b6,chunk_packed_128,chunk,packed,1.0,1.0,1.0,1.0,0.4016,1.0,127.0,1.0,1.0
3c3204c8084d11ebbd56ac1f6bf848b6,chunk_packed_128,chunk,packed,0.0,0.0,1.0,1.0,0.4032,0.5,124.0,0.5,0.0
d5bf657c0bdb11eba7f7acde48001122,chunk_packed_128,chunk,packed,0.0,0.0,1.0,1.0,0.4262,0.5,122.0,1.0,1.0
f4aa6595093611ebbdaeac1f6bf848b6,chunk_packed_128,chunk,packed,0.0,0.6667,1.0,1.0,0.626,1.0,123.0,1.0,1.0
5a34b04e0bd911eba7f7acde48001122,chunk_packed_128,chunk,packed,0.0,0.0,0.0,0.0,0.0,0.0,111.0,0.5,0.0
1a3bb74508dc11ebbd9cac1f6bf848b6,chunk_packed_128,chunk,packed,0.0,0.0,1.0,1.0,0.7982,0.5,114.0,0.75,0.0
8031698e0bdb11eba7f7acde48001122,chunk_packed_128,chunk,packed,0.0,0.0,0.0,0.0,0.4516,0.5,124.0,1.0,1.0
637434540bde11eba7f7acde48001122,chunk_packed_128,chunk,packed,1.0,1.0,1.0,1.0,0.2213,0.5,122.0,0.5,0.0
943b50b20bda11eba7f7acde48001122,chunk_packed_128,chunk,packed,0.0,0.0,0.0,0.0,0.3509,0.5,114.0,0.5,0.0
736afe9e0baf11ebab90acde48001122,chunk_packed_128,chunk,packed,0.0,0.0,0.0,0.5,0.3947,0.5,114.0,0.5,0.0
fb6ff1e20bdb11eba7f7acde48001122,chunk_packed_128,chunk,packed,0.0,0.0,0.0,0.0,0.2787,0.5,122.0,0.5,0.0
42dac74c089311ebbd74ac1f6bf848b6,chunk_packed_128,chunk,packed,0.0,0.0,1.0,1.0,0.6719,0.5,128.0,0.5,0.0
1407903b089d11ebbd78ac1f6bf848b6,chunk_packed_128,chunk,packed,0.0,0.0,0.0,0.5,0.6727,1.0,110.0,1.0,1.0
c4fd6fe80bdd11eba7f7acde48001122,chunk_packed_128,chunk,packed,0.0,0.0,0.0,0.0,0.0,0.0,111.0,0.5,0.0
4de007f40bdd11eba7f7acde48001122,chunk_packed_128,chunk,packed,0.0,0.0,0.0,0.6667,0.3305,0.5,118.0,0.5,0.0
5ead80ee0baf11ebab90acde48001122,chunk_packed_128,chunk,packed,0.0,0.4,0.0,0.5,0.0,0.0,126.0,1.0,1.0
a27849740bd911eba7f7acde48001122,chunk_packed_128,chunk,packed,0.0,0.0,0.0,0.0,0.472,0.5,125.0,0.5,0.0
2b871cac0bdc11eba7f7acde48001122,chunk_packed_128,chunk,packed,0.0,0.0,0.0,0.0,0.4444,0.5,126.0,0.5,0.0
e2e9a9560bdb11eba7f7acde48001122,chunk_packed_128,chunk,packed,0.0,0.0,0.0,0.0,0.1008,0.5,119.0,0.5,0.0
ffee28d80bae11ebab90acde48001122,chunk_packed_128,chunk,packed,0.0,0.0,0.0,0.3333,0.6186,0.5,118.0,0.5,0.0
972ecece08ef11ebbda8ac1f6bf848b6,chunk_packed_128,chunk,packed,1.0,1.0,1.0,1.0,0.4872,1.0,117.0,1.0,1.0
1948b12e0bda11eba7f7acde48001122,chunk_packed_128,chunk,packed,0.0,0.0,0.0,0.0,1.0,1.0,115.0,1.0,1.0
406a4ee00bb011ebab90acde48001122,chunk_packed_128,chunk,packed,0.0,0.0,0.0,0.0,0.0,0.0,128.0,0.5,0.0
3d1200fc0bde11eba7f7acde48001122,chunk_packed_128,chunk,packed,0.0,0.0,0.0,0.0,0.0,0.0,116.0,0.5,0.0
d1c8b2a00bdd11eba7f7acde48001122,chunk_packed_128,chunk,packed,0.0,0.0,0.0,0.0,0.0,0.0,93.0,0.5,0.0
c400306a0bda11eba7f7acde48001122,chunk_packed_128,chunk,packed,0.0,0.0,0.0,0.5,0.2188,0.5,128.0,0.5,0.0
315872d20bde11eba7f7acde48001122,chunk_packed_128,chunk,packed,0.0,0.0,0.0,0.0,0.2177,0.5,124.0,0.5,0.0
f6e759da0bdb11eba7f7acde48001122,chunk_packed_128,chunk,packed,0.0,0.0,0.0,0.0,0.0,0.0,119.0,0.5,0.0
c0409500088f11ebbd72ac1f6bf848b6,chunk_packed_128,chunk,packed,0.0,0.0,0.0,0.0,0.187,0.5,123.0,1.0,1.0
138a34f80bdd11eba7f7acde48001122,chunk_packed_128,chunk,packed,0.0,0.0,0.0,0.0,0.371,0.5,124.0,0.5,0.0
2d94661c0bdc11eba7f7acde48001122,chunk_packed_128,chunk,packed,0.0,0.0,0.0,0.0,0.3362,0.5,116.0,0.5,0.0
aa72cb6a0baf11ebab90acde48001122,chunk_packed_128,chunk,packed,0.0,0.0,1.0,1.0,0.1875,0.5,128.0,1.0,1.0
e6998c7e08de11ebbd9fac1f6bf848b6,chunk_packed_128,chunk,packed,1.0,1.0,1.0,1.0,0.1455,0.25,110.0,0.5,0.0
eded9bbf08de11ebbd9fac1f6bf848b6,chunk_packed_128,chunk,packed,1.0,1.0,1.0,1.0,0.6514,0.5,109.0,0.5,0.0
6ae076e40bde11eba7f7acde48001122,chunk_packed_128,chunk,packed,0.0,0.0,0.0,0.0,0.3782,0.5,119.0,1.0,1.0
a380ab7c08b911ebbd88ac1f6bf848b6,chunk_packed_128,chunk,packed,1.0,1.0,1.0,1.0,0.6389,1.0,108.0,1.0,1.0
df3ab4560bdd11eba7f7acde48001122,chunk_packed_128,chunk,packed,0.0,0.0,0.0,0.0,0.4062,0.5,128.0,1.0,1.0
df4b96e7087111ebbd63ac1f6bf848b6,chunk_packed_128,chunk,packed,0.0,0.0,1.0,1.0,0.5714,0.5,119.0,0.5,0.0
faedda9a0bdb11eba7f7acde48001122,chunk_packed_128,chunk,packed,0.0,0.0,0.0,0.5,0.6179,1.0,123.0,1.0,1.0
50bd90820bdc11eba7f7acde48001122,chunk_packed_128,chunk,packed,0.0,0.0,0.0,0.0,0.1694,0.5,124.0,0.5,0.0
c01738e20bdd11eba7f7acde48001122,chunk_packed_128,chunk,packed,0.0,0.0,0.0,0.0,0.0865,0.5,104.0,1.0,1.0
3c0091600bde11eba7f7acde48001122,chunk_packed_128,chunk,packed,0.0,0.0,0.0,0.5,0.3077,0.5,117.0,1.0,1.0
1b9c91660bda11eba7f7acde48001122,chunk_packed_128,chunk,packed,0.0,0.0,0.0,0.0,0.4019,0.5,107.0,1.0,1.0
bd4901b0085e11ebbd5cac1f6bf848b6,chunk_packed_128,chunk,packed,0.0,0.0,1.0,1.0,0.2301,0.5,113.0,1.0,1.0
a7419bf3092e11ebbdaeac1f6bf848b6,chunk_packed_128,chunk,packed,0.0,0.0,1.0,1.0,0.5806,1.0,124.0,1.0,1.0
fa960b58085911ebbd5bac1f6bf848b6,chunk_packed_128,chunk,packed,0.0,0.0,0.0,0.0,0.3252,1.0,123.0,1.0,1.0
582deca408bc11ebbd88ac1f6bf848b6,chunk_packed_128,chunk,packed,0.0,0.0,0.0,0.0,0.368,0.5,125.0,0.5,0.0
a5bd56fc0bdd11eba7f7acde48001122,chunk_packed_128,chunk,packed,0.0,0.0,0.0,0.0,0.36,0.5,100.0,1.0,1.0
6d392be40bdd11eba7f7acde48001122,chunk_packed_128,chunk,packed,0.0,0.0,1.0,1.0,0.1652,0.5,115.0,1.0,1.0
33d4446c087511ebbd67ac1f6bf848b6,chunk_packed_128,chunk,packed,0.0,0.0,0.0,0.0,0.8571,0.75,126.0,1.0,1.0
881866100baf11ebab90acde48001122,chunk_packed_128,chunk,packed,0.0,0.0,0.0,0.0,0.2174,0.5,115.0,0.5,0.0
7d88d84d08bc11ebbd88ac1f6bf848b6,chunk_packed_128,chunk,packed,0.0,0.0,1.0,1.0,0.5039,0.5,127.0,0.5,0.0
4d3c252e0bda11eba7f7acde48001122,chunk_packed_128,chunk,packed,1.0,1.0,1.0,1.0,0.0,0.0,115.0,1.0,1.0
9e0009f60baf11ebab90acde48001122,chunk_packed_128,chunk,packed,0.0,0.0,0.0,0.0,0.0,0.0,126.0,0.5,0.0
b8133a100bdd11eba7f7acde48001122,chunk_packed_128,chunk,packed,0.0,0.0,0.0,0.0,0.4597,0.5,124.0,1.0,1.0
61082d440bdc11eba7f7acde48001122,chunk_packed_128,chunk,packed,0.0,0.0,0.0,0.0,0.2893,0.5,121.0,0.5,0.0
6ea141020baf11ebab90acde48001122,chunk_packed_128,chunk,packed,0.0,0.0,0.0,0.5,0.0,0.0,127.0,0.5,0.0
d759ab480bdd11eba7f7acde48001122,chunk_packed_128,chunk,packed,0.0,0.0,0.0,0.0,0.0,0.0,125.0,1.0,1.0
2e7a589e085211ebbd58ac1f6bf848b6,chunk_packed_128,chunk,packed,0.0,0.0,0.0,0.0,0.7436,0.5,117.0,0.5,0.0
e85d87f4095111ebbdaeac1f6bf848b6,chunk_packed_128,chunk,packed,0.0,0.0,1.0,1.0,0.4758,0.5,124.0,1.0,1.0
9a339d60099011ebbdb0ac1f6bf848b6,chunk_packed_128,chunk,packed,0.0,0.0,0.0,0.0,0.3089,0.5,123.0,1.0,1.0
5d6e00200bda11eba7f7acde48001122,chunk_packed_128,chunk,packed,0.0,0.0,0.0,0.0,0.0508,0.5,118.0,1.0,1.0
2efc2c3b08bf11ebbd8aac1f6bf848b6,chunk_packed_128,chunk,packed,1.0,1.0,1.0,1.0,0.568,0.5,125.0,0.5,0.0
0926667308d011ebbd95ac1f6bf848b6,chunk_packed_128,chunk,packed,0.0,0.0,0.0,0.0,0.2712,1.0,118.0,1.0,1.0
8f3945d8098111ebbdb0ac1f6bf848b6,chunk_packed_128,chunk,packed,1.0,1.0,1.0,1.0,0.678,1.0,118.0,1.0,1.0
5e8240ea0bdd11eba7f7acde48001122,chunk_packed_128,chunk,packed,0.0,0.0,0.0,0.0,0.2205,0.5,127.0,0.5,0.0
36ec2b3a086411ebbd5eac1f6bf848b6,chunk_packed_128,chunk,packed,1.0,1.0,1.0,1.0,0.469,0.5,113.0,0.5,0.0
53175e86086b11ebbd5fac1f6bf848b6,chunk_packed_128,chunk,packed,0.0,0.0,0.0,0.3333,0.4878,0.5,123.0,1.0,1.0
66d8f7560bde11eba7f7acde48001122,chunk_packed_128,chunk,packed,0.0,0.0,0.0,0.0,0.375,0.5,112.0,0.5,0.0
a9755ea508a711ebbd7fac1f6bf848b6,chunk_packed_128,chunk,packed,1.0,1.0,1.0,1.0,0.7812,0.5,128.0,0.5,0.0
6a8b28c00bb011ebab90acde48001122,chunk_packed_128,chunk,packed,0.0,0.0,1.0,1.0,0.7787,1.0,122.0,1.0,1.0
43a949ae0bdc11eba7f7acde48001122,chunk_packed_128,chunk,packed,0.0,0.0,0.0,0.0,0.2114,0.5,123.0,0.5,0.0
b9cb67da092b11ebbdaeac1f6bf848b6,chunk_packed_128,chunk,packed,0.0,0.0,1.0,1.0,0.4783,1.0,115.0,1.0,1.0
5390f39c086d11ebbd61ac1f6bf848b6,chunk_packed_128,chunk,packed,1.0,1.0,0.0,0.0,0.3008,0.5,123.0,1.0,1.0
d370f0b0085711ebbd5aac1f6bf848b6,chunk_packed_128,chunk,packed,1.0,1.0,1.0,1.0,0.626,0.5,123.0,0.5,0.0
adcdb9440bd911eba7f7acde48001122,chunk_packed_128,chunk,packed,0.0,0.0,0.0,0.0,0.42,0.5,100.0,0.5,0.0
1db17ce108a711ebbd7fac1f6bf848b6,chunk_packed_128,chunk,packed,0.0,0.0,1.0,1.0,0.3622,0.5,127.0,0.5,0.0
177e0eda0bde11eba7f7acde48001122,chunk_packed_128,chunk,packed,0.0,0.0,0.0,0.0,0.5043,0.5,115.0,0.5,0.0
9da14ff1086311ebbd5eac1f6bf848b6,chunk_packed_128,chunk,packed,0.0,0.0,0.0,0.0,0.1508,0.5,126.0,1.0,1.0
2f10177608d911ebbd9cac1f6bf848b6,chunk_packed_128,chunk,packed,1.0,1.0,1.0,1.0,0.6585,1.0,123.0,1.0,1.0
b52a4d7e0bd911eba7f7acde48001122,chunk_packed_128,chunk,packed,0.0,0.0,0.0,0.0,0.4841,1.0,126.0,1.0,1.0
6dd9acf20bda11eba7f7acde48001122,chunk_packed_128,chunk,packed,0.0,0.0,0.0,0.0,0.112,0.5,125.0,0.5,0.0
3f635554096511ebbdafac1f6bf848b6,chunk_packed_128,chunk,packed,0.0,0.0,0.0,0.0,0.3016,0.5,126.0,1.0,1.0
8c12ceba0bda11eba7f7acde48001122,chunk_packed_128,chunk,packed,0.0,0.0,0.0,0.0,0.0,0.0,126.0,0.5,0.0
8c1162a5086111ebbd5dac1f6bf848b6,chunk_packed_128,chunk,packed,1.0,1.0,1.0,1.0,0.3083,0.5,120.0,1.0,1.0
0585c9aa087f11ebbd6bac1f6bf848b6,chunk_packed_128,chunk,packed,1.0,1.0,0.0,0.0,0.6581,0.5,117.0,0.5,0.0
b8407b060bdd11eba7f7acde48001122,chunk_packed_128,chunk,packed,0.0,0.0,0.0,0.0,0.6378,0.5,127.0,0.5,0.0
07b62dea0baf11ebab90acde48001122,chunk_packed_128,chunk,packed,0.0,0.0,0.0,0.5,0.5481,0.5,104.0,1.0,1.0
fb95c0000bdd11eba7f7acde48001122,chunk_packed_128,chunk,packed,0.0,0.0,0.0,0.0,0.3217,0.5,115.0,0.5,0.0
e1abbba9098a11ebbdb0ac1f6bf848b6,chunk_packed_128,chunk,packed,0.0,0.0,0.0,0.0,0.0,0.0,126.0,1.0,1.0
fbf8fd9e0bda11eba7f7acde48001122,chunk_packed_128,chunk,packed,0.0,0.0,0.0,0.0,0.688,0.5,125.0,1.0,1.0
636fc8380bde11eba7f7acde48001122,chunk_packed_128,chunk,packed,0.0,0.0,0.0,0.3333,0.4762,0.5,126.0,0.5,0.0
0c97f4720bde11eba7f7acde48001122,chunk_packed_128,chunk,packed,0.0,0.0,0.0,0.0,0.2,0.5,125.0,1.0,1.0
36787917086811ebbd5eac1f6bf848b6,chunk_packed_128,chunk,packed,0.0,0.0,0.0,0.6667,0.3465,0.5,127.0,1.0,1.0
519aee780baf11ebab90acde48001122,chunk_packed_128,chunk,packed,0.0,0.0,0.0,0.25,0.0,0.0,128.0,0.5,0.0
6a81117708f311ebbdaaac1f6bf848b6,chunk_packed_128,chunk,packed,0.0,0.0,1.0,1.0,0.8629,1.0,124.0,1.0,1.0
0105676c0bdd11eba7f7acde48001122,chunk_packed_128,chunk,packed,1.0,1.0,1.0,1.0,0.8261,1.0,115.0,1.0,1.0
73c53c9809a111ebbdb0ac1f6bf848b6,chunk_packed_128,chunk,packed,0.0,0.0,0.0,0.75,0.6167,1.0,120.0,1.0,1.0
7416106b090f11ebbdadac1f6bf848b6,chunk_packed_128,chunk,packed,1.0,1.0,1.0,1.0,0.4138,1.0,116.0,1.0,1.0
3a1dbb720bdc11eba7f7acde48001122,chunk_packed_128,chunk,packed,0.0,0.0,0.0,0.0,0.25,0.5,124.0,0.5,0.0
ebbf5ec608da11ebbd9cac1f6bf848b6,chunk_packed_128,chunk,packed,1.0,1.0,1.0,1.0,0.315,0.5,127.0,1.0,1.0
3972d2b60baf11ebab90acde48001122,chunk_packed_128,chunk,packed,0.0,0.0,0.0,0.0,0.0,0.0,125.0,0.5,0.0
3adb8a740bde11eba7f7acde48001122,chunk_packed_128,chunk,packed,1.0,1.0,1.0,1.0,0.304,0.5,125.0,1.0,1.0
13e2f86c0bde11eba7f7acde48001122,chunk_packed_128,chunk,packed,0.0,0.0,0.0,0.0,0.688,1.0,125.0,1.0,1.0
d7af391708bb11ebbd88ac1f6bf848b6,chunk_packed_128,chunk,packed,0.0,0.0,0.0,0.0,0.6339,0.5,112.0,0.5,0.0
c2b303ae08c411ebbd8eac1f6bf848b6,chunk_packed_128,chunk,packed,0.0,0.0,0.0,0.0,0.2895,0.25,114.0,0.5,0.0
db10aea20bd911eba7f7acde48001122,chunk_packed_128,chunk,packed,0.0,0.0,0.0,0.0,0.4016,0.5,122.0,0.5,0.0
7a93fcee0bdb11eba7f7acde48001122,chunk_packed_128,chunk,packed,0.0,0.0,0.0,0.0,0.1654,0.5,127.0,0.5,0.0
05be9a0c0bde11eba7f7acde48001122,chunk_packed_128,chunk,packed,0.0,0.0,0.0,0.0,0.2645,0.5,121.0,0.5,0.0
091c13b20bdb11eba7f7acde48001122,chunk_packed_128,chunk,packed,1.0,1.0,1.0,1.0,0.7419,1.0,124.0,1.0,1.0
09b198a80bde11eba7f7acde48001122,chunk_packed_128,chunk,packed,0.0,0.0,0.0,0.0,0.0,0.0,123.0,1.0,1.0
c827468a0bdd11eba7f7acde48001122,chunk_packed_128,chunk,packed,0.0,0.0,0.0,0.3333,0.0,0.0,122.0,0.5,0.0
70f54a060bb011ebab90acde48001122,chunk_packed_128,chunk,packed,0.0,0.0,1.0,1.0,0.2583,0.5,120.0,1.0,1.0
30e19d9008d611ebbd98ac1f6bf848b6,chunk_packed_128,chunk,packed,1.0,1.0,0.0,0.0,0.7734,1.0,128.0,1.0,1.0
43208df60bde11eba7f7acde48001122,chunk_packed_128,chunk,packed,0.0,0.0,0.0,0.0,0.0,0.0,128.0,0.5,0.0
5d0eadd80bde11eba7f7acde48001122,chunk_packed_128,chunk,packed,0.0,0.0,0.0,0.0,0.4286,0.5,126.0,1.0,1.0
9284e77d08f811ebbdaaac1f6bf848b6,chunk_packed_128,chunk,packed,0.0,0.0,0.0,0.5,0.4803,0.5,127.0,1.0,1.0
94eba4ce0bdc11eba7f7acde48001122,chunk_packed_128,chunk,packed,0.0,0.0,0.0,0.0,0.2937,0.5,126.0,0.5,0.0
29427eea0bdd11eba7f7acde48001122,chunk_packed_128,chunk,packed,0.0,0.0,0.0,0.0,0.2677,0.5,127.0,1.0,1.0
62a9691e0bb011ebab90acde48001122,chunk_packed_128,chunk,packed,0.0,0.0,1.0,1.0,0.3898,0.5,118.0,1.0,1.0
cfc0d3e80bdd11eba7f7acde48001122,chunk_packed_128,chunk,packed,0.0,0.0,1.0,1.0,0.4016,0.5,122.0,1.0,1.0
76708e6a08b211ebbd85ac1f6bf848b6,chunk_packed_128,chunk,packed,0.0,0.0,0.0,0.0,0.281,0.5,121.0,1.0,1.0
819dbb7a08d811ebbd9cac1f6bf848b6,chunk_packed_128,chunk,packed,0.0,0.0,1.0,1.0,0.3413,0.5,126.0,0.5,0.0
2fee043809b111ebbdb0ac1f6bf848b6,chunk_packed_128,chunk,packed,0.0,0.0,0.0,0.0,0.325,0.5,120.0,1.0,1.0
39d43b7d08ae11ebbd83ac1f6bf848b6,chunk_packed_128,chunk,packed,1.0,1.0,1.0,1.0,0.4435,0.5,124.0,0.5,0.0
aef6771208b311ebbd86ac1f6bf848b6,chunk_packed_128,chunk,packed,0.0,0.0,1.0,1.0,0.7034,0.75,118.0,0.75,0.0
0cc33f200bdd11eba7f7acde48001122,chunk_packed_128,chunk,packed,0.0,0.0,0.0,0.0,0.1525,0.5,118.0,0.5,0.0
8d1e4c000bdd11eba7f7acde48001122,chunk_packed_128,chunk,packed,0.0,0.0,0.0,0.0,0.3475,0.5,118.0,1.0,1.0
d61d3fd20bd911eba7f7acde48001122,chunk_packed_128,chunk,packed,0.0,0.0,0.0,0.5,0.1654,0.5,127.0,0.5,0.0
0db2574e0bde11eba7f7acde48001122,chunk_packed_128,chunk,packed,0.0,0.0,0.0,0.0,0.161,0.5,118.0,0.5,0.0
48b1e7660bb011ebab90acde48001122,chunk_packed_128,chunk,packed,0.0,0.0,0.0,0.0,0.0,0.0,123.0,1.0,1.0
004430780bde11eba7f7acde48001122,chunk_packed_128,chunk,packed,0.0,0.0,0.0,0.0,0.6814,0.5,113.0,1.0,1.0
fd4096540bd911eba7f7acde48001122,chunk_packed_128,chunk,packed,0.0,0.0,0.0,0.0,0.4355,0.5,124.0,0.5,0.0
1e4d9f2008ff11ebbdadac1f6bf848b6,chunk_packed_128,chunk,packed,0.0,0.0,0.0,0.0,0.2602,0.5,123.0,1.0,1.0
0e161d6c084e11ebbd56ac1f6bf848b6,chunk_packed_128,chunk,packed,0.0,0.0,0.0,0.0,0.1143,0.25,105.0,0.5,0.0
fe41a8aa0bdd11eba7f7acde48001122,chunk_packed_128,chunk,packed,0.0,0.0,0.0,0.0,0.4841,0.5,126.0,0.5,0.0
db371cbb088011ebbd6dac1f6bf848b6,chunk_packed_128,chunk,packed,0.0,0.0,0.0,0.0,0.4331,1.0,127.0,1.0,1.0
505a04cc0baf11ebab90acde48001122,chunk_packed_128,chunk,packed,0.0,0.0,0.0,0.5,0.45,0.5,120.0,0.5,0.0
5cd6974c0bdc11eba7f7acde48001122,chunk_packed_128,chunk,packed,0.0,0.0,0.0,0.0,0.4322,0.5,118.0,0.5,0.0
c6fe0968091111ebbdadac1f6bf848b6,chunk_packed_128,chunk,packed,0.0,0.0,0.0,0.0,0.0,0.0,128.0,1.0,1.0
aaaeeb220baf11ebab90acde48001122,chunk_packed_128,chunk,packed,0.0,0.0,0.0,0.25,0.6186,0.5,118.0,0.5,0.0
5029152e085d11ebbd5cac1f6bf848b6,chunk_packed_128,chunk,packed,1.0,1.0,1.0,1.0,0.32,0.5,125.0,1.0,1.0
beaf107f089a11ebbd77ac1f6bf848b6,chunk_packed_128,chunk,packed,0.0,0.0,0.0,0.0,0.2105,0.5,114.0,1.0,1.0
0961bb2808c611ebbd90ac1f6bf848b6,chunk_packed_128,chunk,packed,0.0,0.0,0.0,0.8333,0.5583,0.5,120.0,0.5,0.0
8854559c08b911ebbd88ac1f6bf848b6,chunk_packed_128,chunk,packed,1.0,1.0,1.0,1.0,0.2258,1.0,124.0,1.0,1.0
09c3e79c0bde11eba7f7acde48001122,chunk_packed_128,chunk,packed,0.0,0.0,0.0,0.0,0.5566,0.5,106.0,0.5,0.0
59603ef00bdd11eba7f7acde48001122,chunk_packed_128,chunk,packed,0.0,0.0,0.0,0.0,0.1964,0.5,112.0,0.5,0.0
13c15658087311ebbd66ac1f6bf848b6,chunk_packed_128,chunk,packed,1.0,1.0,1.0,1.0,0.7402,0.5,127.0,0.75,0.0
3de5f3d60bdd11eba7f7acde48001122,chunk_packed_128,chunk,packed,0.0,0.0,0.0,0.0,0.2339,0.5,124.0,0.5,0.0
08ceb92e0bda11eba7f7acde48001122,chunk_packed_128,chunk,packed,0.0,0.0,0.0,0.0,0.1484,0.5,128.0,0.5,0.0
1b053aca0bdd11eba7f7acde48001122,chunk_packed_128,chunk,packed,0.0,0.0,0.0,0.0,0.2213,0.5,122.0,0.5,0.0
dfee66b608c911ebbd92ac1f6bf848b6,chunk_packed_128,chunk,packed,0.0,0.0,0.0,0.0,0.25,0.5,124.0,1.0,1.0
23ae34720bda11eba7f7acde48001122,chunk_packed_128,chunk,packed,0.0,0.0,0.0,0.0,0.0,0.0,106.0,0.5,0.0
91f8aeb508b811ebbd88ac1f6bf848b6,chunk_packed_128,chunk,packed,1.0,1.0,1.0,1.0,0.616,0.5,125.0,0.5,0.0
84b2e1e708ce11ebbd94ac1f6bf848b6,chunk_packed_128,chunk,packed,0.0,0.0,1.0,1.0,0.3571,0.5,126.0,1.0,1.0
9c1de1cf08b111ebbd85ac1f6bf848b6,chunk_packed_128,chunk,packed,0.0,0.0,1.0,1.0,0.6612,1.0,121.0,1.0,1.0
4bc286620bde11eba7f7acde48001122,chunk_packed_128,chunk,packed,0.0,0.0,0.0,0.0,0.0,0.0,117.0,1.0,1.0
b4f63414088511ebbd6dac1f6bf848b6,chunk_packed_128,chunk,packed,0.0,0.0,0.0,0.0,0.8061,1.0,98.0,1.0,1.0
5cc7e4f20bd911eba7f7acde48001122,chunk_packed_128,chunk,packed,0.0,0.0,0.0,0.0,0.252,0.5,127.0,0.5,0.0
7d8986360bda11eba7f7acde48001122,chunk_packed_128,chunk,packed,0.0,0.2222,0.0,0.5,0.0,0.0,118.0,0.5,0.0
d3493f98086611ebbd5eac1f6bf848b6,chunk_packed_128,chunk,packed,1.0,1.0,1.0,1.0,0.7869,1.0,122.0,1.0,1.0
29306dfc0bda11eba7f7acde48001122,chunk_packed_128,chunk,packed,0.0,0.0,0.0,0.5,0.6339,0.5,112.0,0.5,0.0
d105363b086e11ebbd62ac1f6bf848b6,chunk_packed_128,chunk,packed,0.0,0.1818,0.0,0.8,0.3047,1.0,128.0,1.0,1.0
350112e4085b11ebbd5cac1f6bf848b6,chunk_packed_128,chunk,packed,0.0,0.0,0.0,0.0,0.2959,0.25,98.0,0.5,0.0
27e926ca0bb011ebab90acde48001122,chunk_packed_128,chunk,packed,0.0,0.0,0.0,0.5,0.1176,0.5,119.0,0.5,0.0
650ee40e0bdd11eba7f7acde48001122,chunk_packed_128,chunk,packed,0.0,0.0,0.0,0.0,0.0,0.0,91.0,0.5,0.0
43765d20087411ebbd67ac1f6bf848b6,chunk_packed_128,chunk,packed,0.0,0.0,0.0,0.0,0.2054,0.25,112.0,0.5,0.0
ab5beae00bda11eba7f7acde48001122,chunk_packed_128,chunk,packed,0.0,0.0,0.0,0.0,0.0,0.0,103.0,0.5,0.0
95c505f4097f11ebbdb0ac1f6bf848b6,chunk_packed_128,chunk,packed,1.0,1.0,1.0,1.0,0.189,0.5,127.0,1.0,1.0
fb9a9b0c089011ebbd72ac1f6bf848b6,chunk_packed_128,chunk,packed,0.0,0.0,0.0,0.5,0.0,0.0,101.0,1.0,1.0
d4708a220bd911eba7f7acde48001122,chunk_packed_128,chunk,packed,0.0,0.0,0.0,0.0,0.2979,0.5,94.0,0.5,0.0
b2a1b19e096e11ebbdb0ac1f6bf848b6,chunk_packed_128,chunk,packed,0.0,0.0,0.0,0.0,0.8529,1.0,102.0,1.0,1.0
0c3675d40bda11eba7f7acde48001122,chunk_packed_128,chunk,packed,0.0,0.0,0.0,0.0,0.64,0.5,125.0,0.5,0.0
19cae67d097711ebbdb0ac1f6bf848b6,chunk_packed_128,chunk,packed,1.0,1.0,1.0,1.0,0.2566,0.5,113.0,1.0,1.0
7257a60608cb11ebbd92ac1f6bf848b6,chunk_packed_128,chunk,packed,0.0,0.0,0.0,0.0,0.0,0.0,127.0,0.5,0.0
3f1b7d3b086c11ebbd61ac1f6bf848b6,chunk_packed_128,chunk,packed,0.0,0.0,0.0,0.0,0.7714,0.5,105.0,0.75,0.0
8d8c678b085911ebbd5bac1f6bf848b6,chunk_packed_128,chunk,packed,1.0,1.0,1.0,1.0,0.376,0.5,125.0,0.5,0.0
e5bc717c0bdb11eba7f7acde48001122,chunk_packed_128,chunk,packed,0.0,0.0,0.0,0.0,0.8426,1.0,108.0,1.0,1.0
57dabdf1091c11ebbdaeac1f6bf848b6,chunk_packed_128,chunk,packed,0.0,0.0,0.0,0.0,0.1496,0.5,127.0,1.0,1.0
60bb44320bd911eba7f7acde48001122,chunk_packed_128,chunk,packed,0.0,0.0,0.0,0.0,0.0,0.0,127.0,1.0,1.0
d428aedc08a011ebbd78ac1f6bf848b6,chunk_packed_128,chunk,packed,1.0,1.0,1.0,1.0,0.6885,0.5,122.0,0.5,0.0
4ef0d0c80bde11eba7f7acde48001122,chunk_packed_128,chunk,packed,0.0,0.0,1.0,1.0,0.4754,0.5,122.0,1.0,1.0
1ebbc9b20bde11eba7f7acde48001122,chunk_packed_128,chunk,packed,0.0,0.0,0.0,0.0,0.0,0.0,123.0,0.5,0.0
958dc314091911ebbdaeac1f6bf848b6,chunk_packed_128,chunk,packed,0.0,0.0,0.0,0.0,0.4355,1.0,124.0,1.0,1.0
3e75a2b908bf11ebbd8aac1f6bf848b6,chunk_packed_128,chunk,packed,1.0,1.0,1.0,1.0,0.3186,0.5,113.0,1.0,1.0
c3f2f69a094411ebbdaeac1f6bf848b6,chunk_packed_128,chunk,packed,0.0,0.0,1.0,1.0,0.4054,0.5,111.0,1.0,1.0
66eefd9e0bde11eba7f7acde48001122,chunk_packed_128,chunk,packed,0.0,0.0,0.0,0.0,0.2047,0.5,127.0,0.5,0.0
658f9a300bd911eba7f7acde48001122,chunk_packed_128,chunk,packed,0.0,0.0,0.0,0.0,0.0,0.0,125.0,0.5,0.0
5ff9cc8c0baf11ebab90acde48001122,chunk_packed_128,chunk,packed,0.0,0.0,0.0,0.8,0.3906,1.0,128.0,1.0,1.0
cc19962c0bdc11eba7f7acde48001122,chunk_packed_128,chunk,packed,0.0,0.0,0.0,0.0,0.2419,0.5,124.0,0.5,0.0
774fa4e20bdc11eba7f7acde48001122,chunk_packed_128,chunk,packed,0.0,0.0,1.0,1.0,0.44,0.5,125.0,1.0,1.0
284e2815085811ebbd5aac1f6bf848b6,chunk_packed_128,chunk,packed,0.0,0.0,1.0,1.0,0.4961,0.5,127.0,0.5,0.0
5cd23bea0bda11eba7f7acde48001122,chunk_packed_128,chunk,packed,0.0,0.0,0.0,0.0,0.4762,0.5,126.0,0.5,0.0
b9687149089811ebbd77ac1f6bf848b6,chunk_packed_128,chunk,packed,0.0,0.0,0.0,0.0,0.1102,0.25,127.0,0.25,0.0
318ebd55087f11ebbd6bac1f6bf848b6,chunk_packed_128,chunk,packed,0.0,0.0,1.0,1.0,0.4463,0.5,121.0,0.5,0.0
60814b660bb011ebab90acde48001122,chunk_packed_128,chunk,packed,0.0,0.0,0.0,0.3333,0.5091,0.5,110.0,0.5,0.0
6c7f03240bdb11eba7f7acde48001122,chunk_packed_128,chunk,packed,0.0,0.0,0.0,0.0,0.2844,0.5,109.0,0.5,0.0
b68527e40bdd11eba7f7acde48001122,chunk_packed_128,chunk,packed,0.0,0.0,0.0,0.0,0.246,0.5,126.0,0.5,0.0
eb9a4b7c0bdc11eba7f7acde48001122,chunk_packed_128,chunk,packed,0.0,0.0,0.0,0.0,0.246,0.5,126.0,1.0,1.0
63ccce2308cb11ebbd92ac1f6bf848b6,chunk_packed_128,chunk,packed,1.0,1.0,1.0,1.0,0.6218,1.0,119.0,1.0,1.0
4a6714f608d011ebbd95ac1f6bf848b6,chunk_packed_128,chunk,packed,1.0,1.0,1.0,1.0,0.6094,0.5,128.0,0.5,0.0
251db78c0bdb11eba7f7acde48001122,chunk_packed_128,chunk,packed,0.0,0.0,0.0,0.0,0.296,0.5,125.0,0.5,0.0
cc6b0e9e084e11ebbd56ac1f6bf848b6,chunk_packed_128,chunk,packed,1.0,1.0,1.0,1.0,0.5856,0.5,111.0,0.75,0.0
b16d1ab40bdd11eba7f7acde48001122,chunk_packed_128,chunk,packed,0.0,0.0,1.0,1.0,0.3008,1.0,123.0,1.0,1.0
e171d29a0bdd11eba7f7acde48001122,chunk_packed_128,chunk,packed,0.0,0.0,0.0,0.3333,0.0,0.0,112.0,0.5,0.0
901658be084d11ebbd56ac1f6bf848b6,chunk_packed_128,chunk,packed,1.0,1.0,1.0,1.0,0.5172,0.5,116.0,0.75,0.0
042bf49e0bdb11eba7f7acde48001122,chunk_packed_128,chunk,packed,0.0,0.0,0.0,0.0,0.0,0.0,122.0,0.5,0.0
4d559f400bda11eba7f7acde48001122,chunk_packed_128,chunk,packed,0.0,0.0,0.0,0.0,0.3274,0.5,113.0,0.5,0.0
0d232356091511ebbdadac1f6bf848b6,chunk_packed_128,chunk,packed,0.0,0.0,0.0,0.0,0.6174,0.5,115.0,1.0,1.0
1ed79b0a087411ebbd67ac1f6bf848b6,chunk_packed_128,chunk,packed,0.0,0.0,0.0,0.5,0.2541,0.5,122.0,1.0,1.0
f21ab6980bdd11eba7f7acde48001122,chunk_packed_128,chunk,packed,0.0,0.0,0.0,0.0,0.3051,0.5,118.0,0.5,0.0
1c593ac008ae11ebbd83ac1f6bf848b6,chunk_packed_128,chunk,packed,0.0,0.0,0.0,0.0,0.592,0.5,125.0,0.5,0.0
eb18a27a0baf11ebab90acde48001122,chunk_packed_128,chunk,packed,0.0,0.0,0.0,0.5,0.189,0.5,127.0,0.5,0.0
bedf588e0baf11ebab90acde48001122,chunk_packed_128,chunk,packed,0.0,0.0,0.0,0.0,0.0,0.0,101.0,0.5,0.0
fffc59fc088f11ebbd72ac1f6bf848b6,chunk_packed_128,chunk,packed,0.0,0.0,1.0,1.0,0.5081,0.5,124.0,0.5,0.0
e2cadf420bdd11eba7f7acde48001122,chunk_packed_128,chunk,packed,0.0,0.0,0.0,0.0,0.514,0.5,107.0,1.0,1.0
337c710c08b511ebbd88ac1f6bf848b6,chunk_packed_128,chunk,packed,1.0,1.0,0.0,0.3333,0.8487,1.0,119.0,1.0,1.0
62df628e0bde11eba7f7acde48001122,chunk_packed_128,chunk,packed,0.0,0.0,0.0,0.0,0.5122,0.5,123.0,1.0,1.0
a1f532760bdb11eba7f7acde48001122,chunk_packed_128,chunk,packed,0.0,0.0,1.0,1.0,0.256,0.5,125.0,1.0,1.0
5dea5497089b11ebbd78ac1f6bf848b6,chunk_packed_128,chunk,packed,0.0,0.0,0.0,0.3333,0.475,0.25,120.0,0.25,0.0
c6d520840bda11eba7f7acde48001122,chunk_packed_128,chunk,packed,0.0,0.0,1.0,1.0,0.125,0.5,128.0,1.0,1.0
66c00bf60bde11eba7f7acde48001122,chunk_packed_128,chunk,packed,0.0,0.0,0.0,0.0,0.4741,0.5,116.0,0.5,0.0
95ab4cac0bdc11eba7f7acde48001122,chunk_packed_128,chunk,packed,0.0,0.0,1.0,1.0,0.1719,0.5,128.0,1.0,1.0
27b8af06088e11ebbd70ac1f6bf848b6,chunk_packed_128,chunk,packed,0.0,0.0,0.0,0.0,0.3252,0.25,123.0,0.75,0.0
50f1350208af11ebbd83ac1f6bf848b6,chunk_packed_128,chunk,packed,0.0,0.0,0.0,0.0,0.7755,0.25,98.0,0.5,0.0
68a60785087511ebbd67ac1f6bf848b6,chunk_packed_128,chunk,packed,0.0,0.0,0.0,0.8333,0.127,0.5,126.0,1.0,1.0
9e68b794091311ebbdadac1f6bf848b6,chunk_packed_128,chunk,packed,0.0,0.0,0.0,0.0,0.2598,0.5,127.0,1.0,1.0
d922570808dc11ebbd9dac1f6bf848b6,chunk_packed_128,chunk,packed,0.0,0.0,0.0,0.0,0.0,0.0,110.0,1.0,1.0
fd5a8ea0086711ebbd5eac1f6bf848b6,chunk_packed_128,chunk,packed,1.0,1.0,1.0,1.0,0.6344,1.0,93.0,1.0,1.0
dff7c3b60bdd11eba7f7acde48001122,chunk_packed_128,chunk,packed,1.0,1.0,0.0,0.0,0.2936,0.5,109.0,0.5,0.0
75c64fb00bda11eba7f7acde48001122,chunk_packed_128,chunk,packed,0.0,0.0,0.0,0.3333,0.1966,0.5,117.0,0.5,0.0
43acd28e0bde11eba7f7acde48001122,chunk_packed_128,chunk,packed,0.0,0.0,0.0,0.0,0.0,0.0,113.0,0.5,0.0
86afde360bda11eba7f7acde48001122,chunk_packed_128,chunk,packed,0.0,0.0,0.0,0.0,0.0,0.0,123.0,0.5,0.0
2a7d95fc0bdc11eba7f7acde48001122,chunk_packed_128,chunk,packed,0.0,0.0,0.0,0.0,0.2975,0.5,121.0,0.5,0.0
7de481100baf11ebab90acde48001122,chunk_packed_128,chunk,packed,0.0,0.0,0.0,0.3333,0.3937,0.5,127.0,0.5,0.0
d8df66240bdd11eba7f7acde48001122,chunk_packed_128,chunk,packed,0.0,0.0,0.0,0.5,0.272,0.5,125.0,1.0,1.0
2e925d6a0bde11eba7f7acde48001122,chunk_packed_128,chunk,packed,0.0,0.0,0.0,0.0,0.0,0.0,123.0,1.0,1.0
4b879bd6087a11ebbd67ac1f6bf848b6,chunk_packed_128,chunk,packed,1.0,1.0,1.0,1.0,0.4876,0.5,121.0,0.5,0.0
eb30f33c086611ebbd5eac1f6bf848b6,chunk_packed_128,chunk,packed,0.0,0.0,0.0,0.0,0.6161,1.0,112.0,1.0,1.0
59f0b4d608b211ebbd85ac1f6bf848b6,chunk_packed_128,chunk,packed,1.0,1.0,1.0,1.0,0.605,1.0,119.0,1.0,1.0
ef48a3720baf11ebab90acde48001122,chunk_packed_128,chunk,packed,0.0,0.0,0.0,0.75,0.0,0.0,105.0,0.5,0.0
39c32aa2086411ebbd5eac1f6bf848b6,chunk_packed_128,chunk,packed,0.0,0.0,1.0,1.0,0.5714,1.0,112.0,1.0,1.0
4b11ef0808cf11ebbd95ac1f6bf848b6,chunk_packed_128,chunk,packed,0.0,0.0,1.0,1.0,0.5755,0.5,106.0,0.5,0.0
354ab1c408e211ebbda3ac1f6bf848b6,chunk_packed_128,chunk,packed,1.0,1.0,1.0,1.0,0.6549,0.5,113.0,0.5,0.0
4293552c0bb011ebab90acde48001122,chunk_packed_128,chunk,packed,0.0,0.0,0.0,0.3333,0.0,0.0,113.0,1.0,1.0
2a234d2d089911ebbd77ac1f6bf848b6,chunk_packed_128,chunk,packed,0.0,0.4,0.0,0.3333,0.4696,0.5,115.0,1.0,1.0
565785740bb011ebab90acde48001122,chunk_packed_128,chunk,packed,0.0,0.0,0.0,0.0,0.0,0.0,126.0,0.5,0.0
511af4e80baf11ebab90acde48001122,chunk_packed_128,chunk,packed,0.0,0.0,0.0,0.6,0.6807,0.5,119.0,0.5,0.0
227adf2c086c11ebbd60ac1f6bf848b6,chunk_packed_128,chunk,packed,0.0,0.0,0.0,0.0,0.4,0.25,100.0,0.5,0.0
bac99ab40bd911eba7f7acde48001122,chunk_packed_128,chunk,packed,0.0,0.0,0.0,0.25,0.0,0.0,124.0,0.5,0.0
c001b9b40bdc11eba7f7acde48001122,chunk_packed_128,chunk,packed,0.0,0.0,0.0,0.0,0.0,0.0,118.0,0.5,0.0
c31b2d920bdc11eba7f7acde48001122,chunk_packed_128,chunk,packed,0.0,0.0,0.0,0.0,0.2581,0.5,124.0,0.5,0.0
13288e3a090b11ebbdadac1f6bf848b6,chunk_packed_128,chunk,packed,0.0,0.0,1.0,1.0,0.3443,0.5,122.0,0.5,0.0
f62ae4f9096911ebbdafac1f6bf848b6,chunk_packed_128,chunk,packed,1.0,1.0,1.0,1.0,0.371,1.0,124.0,1.0,1.0
4bb64b540bde11eba7f7acde48001122,chunk_packed_128,chunk,packed,0.0,0.0,0.0,0.25,0.2857,0.5,119.0,0.5,0.0
4facc3320bd911eba7f7acde48001122,chunk_packed_128,chunk,packed,0.0,0.0,0.0,0.5,0.2823,0.5,124.0,0.5,0.0
af07336e0bdc11eba7f7acde48001122,chunk_packed_128,chunk,packed,0.0,0.0,0.0,0.0,0.0,0.0,105.0,0.5,0.0
06ceba5e0bb011ebab90acde48001122,chunk_packed_128,chunk,packed,0.0,0.0,0.0,0.6667,0.5042,0.5,119.0,0.5,0.0
5a7f3e9d08e711ebbda6ac1f6bf848b6,chunk_packed_128,chunk,packed,0.0,0.0,0.0,0.0,0.6855,1.0,124.0,1.0,1.0
eee1f0af085911ebbd5bac1f6bf848b6,chunk_packed_128,chunk,packed,1.0,1.0,1.0,1.0,0.5159,1.0,126.0,1.0,1.0
7019886b093511ebbdaeac1f6bf848b6,chunk_packed_128,chunk,packed,1.0,1.0,1.0,1.0,0.4375,1.0,128.0,1.0,1.0
8326634a08a111ebbd79ac1f6bf848b6,chunk_packed_128,chunk,packed,0.0,0.0,0.0,0.0,0.1404,0.5,114.0,1.0,1.0
c74ed73b088d11ebbd70ac1f6bf848b6,chunk_packed_128,chunk,packed,1.0,1.0,1.0,1.0,0.8898,0.5,127.0,0.5,0.0
2f3c0934087b11ebbd67ac1f6bf848b6,chunk_packed_128,chunk,packed,0.0,0.0,0.0,0.0,0.7541,0.5,122.0,0.5,0.0
0ccfc77808c611ebbd90ac1f6bf848b6,chunk_packed_128,chunk,packed,1.0,1.0,1.0,1.0,0.096,0.25,125.0,0.5,0.0
5136616008b211ebbd85ac1f6bf848b6,chunk_packed_128,chunk,packed,1.0,1.0,1.0,1.0,0.8583,0.5,127.0,0.5,0.0
afcff22e0bda11eba7f7acde48001122,chunk_packed_128,chunk,packed,0.0,0.0,0.0,0.0,0.3016,0.5,126.0,0.5,0.0
986625bc0bdb11eba7f7acde48001122,chunk_packed_128,chunk,packed,0.0,0.0,0.0,0.0,0.0,0.0,117.0,0.5,0.0
290458a20bda11eba7f7acde48001122,chunk_packed_128,chunk,packed,0.0,0.0,0.0,0.0,0.0,0.0,112.0,0.5,0.0
7eeba090088d11ebbd70ac1f6bf848b6,chunk_packed_128,chunk,packed,1.0,1.0,1.0,1.0,0.2617,1.0,107.0,1.0,1.0
56c3a6c20bd911eba7f7acde48001122,chunk_packed_128,chunk,packed,0.0,0.0,0.0,0.0,0.464,0.5,125.0,1.0,1.0
0d118fb00bdb11eba7f7acde48001122,chunk_packed_128,chunk,packed,0.0,0.0,0.0,0.0,0.4262,0.5,122.0,0.5,0.0
07fce4900bde11eba7f7acde48001122,chunk_packed_128,chunk,packed,1.0,1.0,0.0,0.0,0.3858,0.5,127.0,0.5,0.0
9ff14fea0baf11ebab90acde48001122,chunk_packed_128,chunk,packed,0.0,0.0,0.0,0.0,0.2124,0.5,113.0,0.5,0.0
955ddc6a0bdc11eba7f7acde48001122,chunk_packed_128,chunk,packed,0.0,0.0,0.0,0.0,0.2424,0.5,99.0,0.5,0.0
50b9582c0bb011ebab90acde48001122,chunk_packed_128,chunk,packed,0.0,0.0,0.0,0.6667,0.1885,0.5,122.0,1.0,1.0
1b7752be0bdc11eba7f7acde48001122,chunk_packed_128,chunk,packed,0.0,0.0,0.0,0.0,0.4444,0.5,126.0,0.5,0.0
f31d38460bdc11eba7f7acde48001122,chunk_packed_128,chunk,packed,0.0,0.0,0.0,0.0,0.0,0.0,127.0,1.0,1.0
dd01c8180bd911eba7f7acde48001122,chunk_packed_128,chunk,packed,0.0,0.0,0.0,0.0,0.2778,0.5,126.0,1.0,1.0
afc6b59708b611ebbd88ac1f6bf848b6,chunk_packed_128,chunk,packed,1.0,1.0,1.0,1.0,0.1579,0.25,114.0,0.5,0.0
df66ea220bdc11eba7f7acde48001122,chunk_packed_128,chunk,packed,0.0,0.0,0.0,0.0,0.3663,0.5,101.0,1.0,1.0
a84ba2780bda11eba7f7acde48001122,chunk_packed_128,chunk,packed,0.0,0.0,0.0,0.0,0.0,0.0,111.0,0.0,0.0
c418fa2408e811ebbda6ac1f6bf848b6,chunk_packed_128,chunk,packed,0.0,0.0,0.0,0.6667,0.0,0.0,121.0,0.5,0.0
96beb0b3086111ebbd5dac1f6bf848b6,chunk_packed_128,chunk,packed,1.0,1.0,1.0,1.0,0.7652,1.0,115.0,1.0,1.0
74b171780bde11eba7f7acde48001122,chunk_packed_128,chunk,packed,0.0,0.0,0.0,0.0,0.1797,0.5,128.0,0.5,0.0
8930ad3c0bdc11eba7f7acde48001122,chunk_packed_128,chunk,packed,0.0,0.0,0.0,0.0,0.3228,0.5,127.0,0.5,0.0
51a08d5308ac11ebbd82ac1f6bf848b6,chunk_packed_128,chunk,packed,1.0,1.0,1.0,1.0,0.2602,0.5,123.0,1.0,1.0
b4254d4c0bda11eba7f7acde48001122,chunk_packed_128,chunk,packed,0.0,0.0,0.0,0.0,0.3729,0.5,118.0,0.5,0.0
f77f95da0bd911eba7f7acde48001122,chunk_packed_128,chunk,packed,0.0,0.0,0.0,0.0,0.1641,0.5,128.0,0.5,0.0
3581ccec0bdd11eba7f7acde48001122,chunk_packed_128,chunk,packed,0.0,0.0,0.0,0.0,0.0,0.0,119.0,0.0,0.0
20058aec0bde11eba7f7acde48001122,chunk_packed_128,chunk,packed,0.0,0.0,0.0,0.0,0.0,0.0,118.0,1.0,1.0
f4a66ac60bae11ebab90acde48001122,chunk_packed_128,chunk,packed,0.0,0.2,0.0,0.6667,0.534,0.5,103.0,0.5,0.0
001ad110086911ebbd5eac1f6bf848b6,chunk_packed_128,chunk,packed,1.0,1.0,0.0,0.0,0.0,0.0,119.0,0.5,0.0
b3c4b3a80bdd11eba7f7acde48001122,chunk_packed_128,chunk,packed,0.0,0.0,0.0,0.0,0.3761,0.5,117.0,0.5,0.0
38fdf5420bda11eba7f7acde48001122,chunk_packed_128,chunk,packed,0.0,0.0,0.0,0.0,0.0,0.0,119.0,0.5,0.0
6a53eb53089b11ebbd78ac1f6bf848b6,chunk_packed_128,chunk,packed,0.0,0.0,0.0,0.0,0.2241,0.5,116.0,1.0,1.0
4c319d400bde11eba7f7acde48001122,chunk_packed_128,chunk,packed,0.0,0.0,1.0,1.0,0.5354,1.0,127.0,1.0,1.0
998f8786089711ebbd77ac1f6bf848b6,chunk_packed_128,chunk,packed,1.0,1.0,1.0,1.0,0.3228,0.25,127.0,0.5,0.0
0b78b1e9087411ebbd67ac1f6bf848b6,chunk_packed_128,chunk,packed,0.0,0.0,0.0,0.0,0.625,1.0,112.0,1.0,1.0
632fcc82085611ebbd59ac1f6bf848b6,chunk_packed_128,chunk,packed,0.0,0.0,1.0,1.0,0.5288,1.0,104.0,1.0,1.0
272062fc088c11ebbd6fac1f6bf848b6,chunk_packed_128,chunk,packed,0.0,0.0,0.0,0.0,0.2598,0.25,127.0,0.25,0.0
241a9d0c0bde11eba7f7acde48001122,chunk_packed_128,chunk,packed,0.0,0.0,0.0,0.0,0.4286,0.5,98.0,0.5,0.0
c6c492e008bb11ebbd88ac1f6bf848b6,chunk_packed_128,chunk,packed,0.0,0.0,1.0,1.0,0.4694,1.0,98.0,1.0,1.0
b67ef6380bda11eba7f7acde48001122,chunk_packed_128,chunk,packed,0.0,0.0,0.0,0.0,0.0,0.0,127.0,0.5,0.0
4a3edf720bdc11eba7f7acde48001122,chunk_packed_128,chunk,packed,0.0,0.0,0.0,0.3333,0.0,0.0,120.0,0.5,0.0
b21084c2097c11ebbdb0ac1f6bf848b6,chunk_packed_128,chunk,packed,0.0,0.0,0.0,0.0,0.4921,1.0,126.0,1.0,1.0
f5c9a3f2086111ebbd5dac1f6bf848b6,chunk_packed_128,chunk,packed,1.0,1.0,1.0,1.0,0.2097,0.5,124.0,1.0,1.0
1a344858086711ebbd5eac1f6bf848b6,chunk_packed_128,chunk,packed,1.0,1.0,1.0,1.0,0.7398,0.5,123.0,0.5,0.0
dac1f66e0bdd11eba7f7acde48001122,chunk_packed_128,chunk,packed,0.0,0.0,0.0,0.0,0.449,0.5,98.0,1.0,1.0
141636ac0bdc11eba7f7acde48001122,chunk_packed_128,chunk,packed,0.0,0.0,0.0,0.0,0.3009,0.5,113.0,1.0,1.0
48b07de00bb011ebab90acde48001122,chunk_packed_128,chunk,packed,0.0,0.0,0.0,0.8571,0.2381,0.5,126.0,1.0,1.0
ad193b1808b411ebbd88ac1f6bf848b6,chunk_focused_128,chunk,focused,1.0,1.0,1.0,1.0,1.0,0.5,128.0,0.5,0.0
5b168cd8089811ebbd77ac1f6bf848b6,chunk_focused_128,chunk,focused,1.0,1.0,1.0,1.0,0.6727,1.0,110.0,1.0,1.0
b23a2b360baf11ebab90acde48001122,chunk_focused_128,chunk,focused,0.0,0.0,0.0,0.0,0.4711,0.5,121.0,1.0,1.0
c5ffa16a0bdb11eba7f7acde48001122,chunk_focused_128,chunk,focused,0.0,0.0,0.0,0.0,0.504,0.5,125.0,0.5,0.0
eb3ff1900baf11ebab90acde48001122,chunk_focused_128,chunk,focused,0.0,0.0,0.0,0.6,0.386,0.5,114.0,1.0,1.0
59a16ade0baf11ebab90acde48001122,chunk_focused_128,chunk,focused,0.0,0.0,0.0,0.0,0.6667,0.5,123.0,0.5,0.0
5c9ef1d80bdd11eba7f7acde48001122,chunk_focused_128,chunk,focused,0.0,0.0,0.0,0.0,0.0,0.0,114.0,0.5,0.0
a537c442086d11ebbd62ac1f6bf848b6,chunk_focused_128,chunk,focused,0.0,0.0,1.0,1.0,1.0,0.5,111.0,0.5,0.0
01588f7208be11ebbd8aac1f6bf848b6,chunk_focused_128,chunk,focused,1.0,1.0,1.0,1.0,0.9609,0.5,128.0,0.5,0.0
6b55ac320bdb11eba7f7acde48001122,chunk_focused_128,chunk,focused,0.0,0.0,0.0,0.0,0.5085,0.5,118.0,1.0,1.0
fde95590089c11ebbd78ac1f6bf848b6,chunk_focused_128,chunk,focused,1.0,1.0,0.0,0.0,0.72,0.5,125.0,1.0,1.0
1f8a41b60bde11eba7f7acde48001122,chunk_focused_128,chunk,focused,0.0,0.0,0.0,0.0,0.2602,0.5,123.0,1.0,1.0
50008e080bda11eba7f7acde48001122,chunk_focused_128,chunk,focused,0.0,0.0,0.0,0.0,0.1545,0.5,110.0,0.5,0.0
9f62be2008ac11ebbd83ac1f6bf848b6,chunk_focused_128,chunk,focused,0.0,0.0,0.0,0.0,0.4576,0.5,118.0,1.0,1.0
6bb800f00bde11eba7f7acde48001122,chunk_focused_128,chunk,focused,0.0,0.0,1.0,1.0,1.0,1.0,120.0,1.0,1.0
1822cbb4089111ebbd72ac1f6bf848b6,chunk_focused_128,chunk,focused,1.0,1.0,1.0,1.0,0.8692,0.5,107.0,0.5,0.0
87154f1e0bda11eba7f7acde48001122,chunk_focused_128,chunk,focused,0.0,0.0,0.0,0.0,0.2459,0.5,122.0,0.5,0.0
709430f20bda11eba7f7acde48001122,chunk_focused_128,chunk,focused,0.0,0.0,0.0,0.0,0.1721,0.5,122.0,1.0,1.0
1aecfdf608a011ebbd78ac1f6bf848b6,chunk_focused_128,chunk,focused,0.0,0.0,0.0,0.3333,1.0,1.0,113.0,1.0,1.0
03d68971096e11ebbdb0ac1f6bf848b6,chunk_focused_128,chunk,focused,0.0,0.0,0.0,0.0,0.5984,1.0,127.0,1.0,1.0
8a6eec600bda11eba7f7acde48001122,chunk_focused_128,chunk,focused,0.0,0.0,0.0,0.0,0.5574,0.5,122.0,1.0,1.0
3497795008bb11ebbd88ac1f6bf848b6,chunk_focused_128,chunk,focused,1.0,1.0,0.0,0.3333,0.504,0.25,125.0,0.5,0.0
305e54500bde11eba7f7acde48001122,chunk_focused_128,chunk,focused,0.0,0.0,0.0,0.0,0.4091,0.5,110.0,0.5,0.0
6aa8edb5086411ebbd5eac1f6bf848b6,chunk_focused_128,chunk,focused,1.0,1.0,1.0,1.0,0.5246,0.5,122.0,1.0,1.0
4a8d58f0085811ebbd5aac1f6bf848b6,chunk_focused_128,chunk,focused,1.0,1.0,1.0,1.0,0.7143,0.5,126.0,0.5,0.0
00ce250d095f11ebbdafac1f6bf848b6,chunk_focused_128,chunk,focused,1.0,1.0,1.0,1.0,0.7664,1.0,107.0,1.0,1.0
c6128932093b11ebbdaeac1f6bf848b6,chunk_focused_128,chunk,focused,1.0,1.0,1.0,1.0,1.0,1.0,124.0,1.0,1.0
d6c5f2680bdd11eba7f7acde48001122,chunk_focused_128,chunk,focused,0.0,0.0,1.0,1.0,0.2,0.5,125.0,0.5,0.0
07626317086e11ebbd62ac1f6bf848b6,chunk_focused_128,chunk,focused,0.0,0.0,1.0,1.0,1.0,0.5,117.0,0.75,0.0
61f9bff8089711ebbd77ac1f6bf848b6,chunk_focused_128,chunk,focused,0.0,0.0,1.0,1.0,0.5,0.5,126.0,0.5,0.0
c3e1ad9e090d11ebbdadac1f6bf848b6,chunk_focused_128,chunk,focused,1.0,1.0,1.0,1.0,0.576,1.0,125.0,1.0,1.0
093fcf360bdc11eba7f7acde48001122,chunk_focused_128,chunk,focused,0.0,0.0,0.0,0.0,0.374,0.5,123.0,0.5,0.0
6a419ba2087611ebbd67ac1f6bf848b6,chunk_focused_128,chunk,focused,1.0,1.0,1.0,1.0,0.4094,0.5,127.0,0.5,0.0
9bd0c7e60bdd11eba7f7acde48001122,chunk_focused_128,chunk,focused,0.0,0.0,0.0,0.0,0.0,0.0,123.0,0.5,0.0
fdbb770408da11ebbd9cac1f6bf848b6,chunk_focused_128,chunk,focused,1.0,1.0,0.0,0.0,0.2105,0.25,114.0,0.5,0.0
3cc74fb60bda11eba7f7acde48001122,chunk_focused_128,chunk,focused,0.0,0.0,0.0,0.0,0.6032,0.5,126.0,0.5,0.0
234c4f060bde11eba7f7acde48001122,chunk_focused_128,chunk,focused,0.0,0.0,1.0,1.0,1.0,1.0,110.0,1.0,1.0
c807422a0bda11eba7f7acde48001122,chunk_focused_128,chunk,focused,0.0,0.0,0.0,0.0,0.189,0.5,127.0,0.5,0.0
77119398087411ebbd67ac1f6bf848b6,chunk_focused_128,chunk,focused,0.0,0.0,0.0,0.0,0.3248,0.5,117.0,1.0,1.0
922587b80bdd11eba7f7acde48001122,chunk_focused_128,chunk,focused,1.0,1.0,1.0,1.0,0.0,0.0,127.0,0.5,0.0
7de9188c088b11ebbd6fac1f6bf848b6,chunk_focused_128,chunk,focused,0.0,0.5714,0.0,0.5,0.2459,0.5,122.0,0.5,0.0
ba3380fe0bdb11eba7f7acde48001122,chunk_focused_128,chunk,focused,0.0,0.0,0.0,0.0,0.0,0.0,109.0,0.5,0.0
710d0e740bde11eba7f7acde48001122,chunk_focused_128,chunk,focused,0.0,0.0,0.0,0.0,0.3906,0.5,128.0,0.5,0.0
562aab540baf11ebab90acde48001122,chunk_focused_128,chunk,focused,0.0,0.0,0.0,0.2,0.0,0.0,124.0,1.0,1.0
9ab545800bdd11eba7f7acde48001122,chunk_focused_128,chunk,focused,0.0,0.0,0.0,0.0,0.4298,0.5,121.0,0.5,0.0
61456758085411ebbd59ac1f6bf848b6,chunk_focused_128,chunk,focused,1.0,1.0,1.0,1.0,0.3622,0.25,127.0,0.5,0.0
26f25e9d089c11ebbd78ac1f6bf848b6,chunk_focused_128,chunk,focused,1.0,1.0,1.0,1.0,0.5403,1.0,124.0,1.0,1.0
ce5bfc90086c11ebbd61ac1f6bf848b6,chunk_focused_128,chunk,focused,0.0,0.0,0.0,0.0,0.3571,0.25,126.0,0.5,0.0
f893967608a811ebbd7fac1f6bf848b6,chunk_focused_128,chunk,focused,1.0,1.0,1.0,1.0,1.0,1.0,126.0,1.0,1.0
346a41b4084e11ebbd56ac1f6bf848b6,chunk_focused_128,chunk,focused,1.0,1.0,1.0,1.0,0.6693,0.5,127.0,0.5,0.0
bcbd76e608a111ebbd79ac1f6bf848b6,chunk_focused_128,chunk,focused,0.0,0.0,1.0,1.0,0.3281,0.5,128.0,0.5,0.0
f26542c808c511ebbd8fac1f6bf848b6,chunk_focused_128,chunk,focused,0.0,0.0,1.0,1.0,0.6182,0.5,110.0,0.5,0.0
5b1e1f240bdc11eba7f7acde48001122,chunk_focused_128,chunk,focused,0.0,0.2857,0.0,0.3333,0.2667,0.5,120.0,0.5,0.0
b146f47c0bda11eba7f7acde48001122,chunk_focused_128,chunk,focused,0.0,0.0,0.0,0.0,0.0,0.0,121.0,1.0,1.0
9c996f860bdb11eba7f7acde48001122,chunk_focused_128,chunk,focused,0.0,0.0,0.0,0.0,0.664,0.5,125.0,1.0,1.0
f491b33e0bda11eba7f7acde48001122,chunk_focused_128,chunk,focused,0.0,0.0,0.0,0.0,0.488,0.5,125.0,0.5,0.0
21d2a107091911ebbdaeac1f6bf848b6,chunk_focused_128,chunk,focused,1.0,1.0,1.0,1.0,1.0,1.0,115.0,1.0,1.0
10e63c10087211ebbd64ac1f6bf848b6,chunk_focused_128,chunk,focused,1.0,1.0,1.0,1.0,0.5366,0.5,123.0,0.5,0.0
5c7ce15a0bde11eba7f7acde48001122,chunk_focused_128,chunk,focused,0.0,0.0,0.0,0.0,0.5238,0.5,105.0,0.5,0.0
b0e112940bdd11eba7f7acde48001122,chunk_focused_128,chunk,focused,0.0,0.0,0.0,0.0,0.2167,0.5,120.0,0.5,0.0
e6a74e020bdd11eba7f7acde48001122,chunk_focused_128,chunk,focused,0.0,0.0,0.0,0.0,0.2362,0.5,127.0,0.5,0.0
0963c8b80bdd11eba7f7acde48001122,chunk_focused_128,chunk,focused,0.0,0.0,0.0,0.5,0.4153,0.5,118.0,0.5,0.0
09beb233086d11ebbd61ac1f6bf848b6,chunk_focused_128,chunk,focused,0.0,0.0,1.0,1.0,0.856,1.0,125.0,1.0,1.0
963fffd60bdd11eba7f7acde48001122,chunk_focused_128,chunk,focused,1.0,1.0,1.0,1.0,0.1138,0.5,123.0,1.0,1.0
f0d6f50c08eb11ebbda7ac1f6bf848b6,chunk_focused_128,chunk,focused,0.0,0.0,0.0,0.5,0.2083,0.5,120.0,1.0,1.0
33d1a6d60bda11eba7f7acde48001122,chunk_focused_128,chunk,focused,0.0,0.0,0.0,0.3333,0.4683,1.0,126.0,1.0,1.0
f31afa16094511ebbdaeac1f6bf848b6,chunk_focused_128,chunk,focused,0.0,0.0,1.0,1.0,0.7742,1.0,124.0,1.0,1.0
3654974a08df11ebbda0ac1f6bf848b6,chunk_focused_128,chunk,focused,1.0,1.0,1.0,1.0,0.6134,0.5,119.0,0.75,0.0
2d2fdefe085311ebbd59ac1f6bf848b6,chunk_focused_128,chunk,focused,0.0,0.0,0.0,0.5,0.0,0.0,128.0,1.0,1.0
7a01a52a089c11ebbd78ac1f6bf848b6,chunk_focused_128,chunk,focused,0.0,0.0,1.0,1.0,0.5078,0.5,128.0,0.5,0.0
d8a00ed40bdd11eba7f7acde48001122,chunk_focused_128,chunk,focused,0.0,0.0,0.0,0.3333,0.28,0.5,125.0,0.5,0.0
c37f944e08e611ebbda5ac1f6bf848b6,chunk_focused_128,chunk,focused,1.0,1.0,1.0,1.0,0.8016,1.0,126.0,1.0,1.0
b670607d08b611ebbd88ac1f6bf848b6,chunk_focused_128,chunk,focused,1.0,1.0,1.0,1.0,1.0,0.5,120.0,0.75,0.0
62a0531e0bde11eba7f7acde48001122,chunk_focused_128,chunk,focused,0.0,0.0,0.0,0.0,0.5833,0.5,120.0,0.5,0.0
03f2846e0bb011ebab90acde48001122,chunk_focused_128,chunk,focused,0.0,0.5,0.0,0.6,0.7459,1.0,122.0,1.0,1.0
98da1bb608d411ebbd96ac1f6bf848b6,chunk_focused_128,chunk,focused,1.0,1.0,1.0,1.0,1.0,0.75,122.0,0.75,0.0
bb792556091811ebbdaeac1f6bf848b6,chunk_focused_128,chunk,focused,1.0,1.0,0.0,0.6667,0.6796,1.0,103.0,1.0,1.0
46e99a3d094111ebbdaeac1f6bf848b6,chunk_focused_128,chunk,focused,1.0,1.0,1.0,1.0,0.3516,1.0,128.0,1.0,1.0
2f6aa3ba0bb011ebab90acde48001122,chunk_focused_128,chunk,focused,0.0,0.1818,0.0,0.2,0.0,0.0,123.0,1.0,1.0
41b295500bb011ebab90acde48001122,chunk_focused_128,chunk,focused,0.0,0.0,0.0,0.0,0.4397,0.5,116.0,1.0,1.0
132a5430085d11ebbd5cac1f6bf848b6,chunk_focused_128,chunk,focused,0.0,0.0,0.0,0.0,0.6016,1.0,128.0,1.0,1.0
08e7eb340bde11eba7f7acde48001122,chunk_focused_128,chunk,focused,0.0,0.0,0.0,0.0,0.0,0.0,115.0,0.5,0.0
91ec5b380bdc11eba7f7acde48001122,chunk_focused_128,chunk,focused,0.0,0.0,0.0,0.0,0.3186,0.5,113.0,0.5,0.0
bf5c81fa0bdd11eba7f7acde48001122,chunk_focused_128,chunk,focused,0.0,0.0,0.0,0.0,0.3125,0.5,128.0,0.5,0.0
cf9a08f608c911ebbd92ac1f6bf848b6,chunk_focused_128,chunk,focused,0.0,0.0,1.0,1.0,0.2727,0.25,121.0,0.5,0.0
0e5e54c908c211ebbd8bac1f6bf848b6,chunk_focused_128,chunk,focused,0.0,0.0,0.0,0.0,0.9262,0.5,122.0,1.0,1.0
af1ee605093511ebbdaeac1f6bf848b6,chunk_focused_128,chunk,focused,1.0,1.0,1.0,1.0,0.4839,1.0,124.0,1.0,1.0
3e0cebde0bd911eba7f7acde48001122,chunk_focused_128,chunk,focused,0.0,0.0,0.0,0.0,0.6378,0.5,127.0,0.5,0.0
0518615a0bde11eba7f7acde48001122,chunk_focused_128,chunk,focused,0.0,0.0,0.0,0.0,0.6983,0.5,116.0,1.0,1.0
3d22de280bb011ebab90acde48001122,chunk_focused_128,chunk,focused,0.0,0.2222,0.0,0.5,0.0,0.0,107.0,0.5,0.0
b6afbad60bdd11eba7f7acde48001122,chunk_focused_128,chunk,focused,0.0,0.0,0.0,0.0,0.3962,0.5,106.0,1.0,1.0
0b91d3200bdb11eba7f7acde48001122,chunk_focused_128,chunk,focused,0.0,0.0,0.0,0.0,0.4087,0.5,115.0,0.5,0.0
1621c01108f011ebbda8ac1f6bf848b6,chunk_focused_128,chunk,focused,1.0,1.0,1.0,1.0,1.0,1.0,113.0,1.0,1.0
8b5f752e0bdd11eba7f7acde48001122,chunk_focused_128,chunk,focused,0.0,0.0,0.0,0.0,0.0952,0.5,126.0,0.5,0.0
5e02b99208b811ebbd88ac1f6bf848b6,chunk_focused_128,chunk,focused,1.0,1.0,1.0,1.0,0.5789,0.5,114.0,0.5,0.0
a809d3720bdd11eba7f7acde48001122,chunk_focused_128,chunk,focused,0.0,0.0,0.0,0.0,0.6496,0.5,117.0,0.5,0.0
ade9a5980baf11ebab90acde48001122,chunk_focused_128,chunk,focused,0.0,0.0,0.0,0.0,0.2126,0.5,127.0,1.0,1.0
8012a1e008af11ebbd83ac1f6bf848b6,chunk_focused_128,chunk,focused,0.0,0.0,0.0,0.0,0.1429,0.25,126.0,0.5,0.0
d19a4bb80bdd11eba7f7acde48001122,chunk_focused_128,chunk,focused,0.0,0.0,0.0,0.0,0.2308,0.5,117.0,0.5,0.0
b6b306fa0bdd11eba7f7acde48001122,chunk_focused_128,chunk,focused,0.0,0.0,0.0,0.0,0.0,0.0,116.0,0.5,0.0
d71f453b085811ebbd5bac1f6bf848b6,chunk_focused_128,chunk,focused,0.0,0.0,0.0,0.0,0.6612,0.25,121.0,0.5,0.0
2de71a8a0bda11eba7f7acde48001122,chunk_focused_128,chunk,focused,0.0,0.0,0.0,0.0,0.4417,0.5,120.0,0.5,0.0
cee7790e08cc11ebbd93ac1f6bf848b6,chunk_focused_128,chunk,focused,0.0,0.0,0.0,0.0,0.6909,0.25,110.0,0.5,0.0
623ea4080bb011ebab90acde48001122,chunk_focused_128,chunk,focused,0.0,0.2,0.0,0.5714,0.0,0.0,121.0,0.5,0.0
8d9bf1c80bb011ebab90acde48001122,chunk_focused_128,chunk,focused,0.0,0.2222,0.0,0.5,0.0,0.0,89.0,0.5,0.0
572c3827088311ebbd6dac1f6bf848b6,chunk_focused_128,chunk,focused,0.0,0.0,0.0,0.5,0.7603,0.5,121.0,0.5,0.0
b1e64cc60bd911eba7f7acde48001122,chunk_focused_128,chunk,focused,0.0,0.0,0.0,0.0,0.4331,0.5,127.0,1.0,1.0
0b9a520108c211ebbd8bac1f6bf848b6,chunk_focused_128,chunk,focused,0.0,0.0,1.0,1.0,1.0,0.5,124.0,0.5,0.0
04e9521d088b11ebbd6fac1f6bf848b6,chunk_focused_128,chunk,focused,1.0,1.0,1.0,1.0,1.0,1.0,97.0,1.0,1.0
8522d9b2092011ebbdaeac1f6bf848b6,chunk_focused_128,chunk,focused,0.0,0.0,1.0,1.0,0.6991,1.0,113.0,1.0,1.0
ec697d900bda11eba7f7acde48001122,chunk_focused_128,chunk,focused,0.0,0.0,0.0,0.0,0.5217,0.5,115.0,0.5,0.0
950bd11a090f11ebbdadac1f6bf848b6,chunk_focused_128,chunk,focused,0.0,0.0,1.0,1.0,1.0,1.0,120.0,1.0,1.0
c1b9c0ac0bdd11eba7f7acde48001122,chunk_focused_128,chunk,focused,0.0,0.0,0.0,0.3333,0.0,0.0,126.0,0.5,0.0
d2c47e1008df11ebbda1ac1f6bf848b6,chunk_focused_128,chunk,focused,1.0,1.0,1.0,1.0,0.3359,0.5,128.0,0.5,0.0
7b2bf8fc0bd911eba7f7acde48001122,chunk_focused_128,chunk,focused,0.0,0.0,0.0,0.0,0.6694,0.5,124.0,1.0,1.0
b5ccab240bdd11eba7f7acde48001122,chunk_focused_128,chunk,focused,0.0,0.5,0.0,0.3333,0.5938,0.5,128.0,0.5,0.0
6a70f6f80bb011ebab90acde48001122,chunk_focused_128,chunk,focused,0.0,0.0,0.0,0.0,0.4531,0.5,128.0,0.5,0.0
1f9e4658084f11ebbd56ac1f6bf848b6,chunk_focused_128,chunk,focused,0.0,0.0,1.0,1.0,0.418,0.25,122.0,0.5,0.0
5caef2f8096411ebbdafac1f6bf848b6,chunk_focused_128,chunk,focused,1.0,1.0,1.0,1.0,0.5433,1.0,127.0,1.0,1.0
b081e08408e111ebbda3ac1f6bf848b6,chunk_focused_128,chunk,focused,1.0,1.0,1.0,1.0,0.3852,0.25,122.0,0.5,0.0
f113f24e08ad11ebbd83ac1f6bf848b6,chunk_focused_128,chunk,focused,0.0,0.0,1.0,1.0,0.7661,0.75,124.0,0.75,0.0
a6d397ea0bdd11eba7f7acde48001122,chunk_focused_128,chunk,focused,0.0,0.0,0.0,0.0,0.576,0.5,125.0,0.5,0.0
04a065a60bde11eba7f7acde48001122,chunk_focused_128,chunk,focused,0.0,0.0,0.0,0.0,0.648,0.5,125.0,0.5,0.0
534fbfd00bd911eba7f7acde48001122,chunk_focused_128,chunk,focused,0.0,0.6667,1.0,1.0,0.6829,1.0,123.0,1.0,1.0
286461f808ba11ebbd88ac1f6bf848b6,chunk_focused_128,chunk,focused,1.0,1.0,1.0,1.0,0.8103,1.0,116.0,1.0,1.0
2fa40dae0bdc11eba7f7acde48001122,chunk_focused_128,chunk,focused,0.0,0.0,0.0,0.0,0.1795,0.5,117.0,0.5,0.0
a19ca5c80bdd11eba7f7acde48001122,chunk_focused_128,chunk,focused,0.0,0.0,1.0,1.0,0.5935,0.5,123.0,0.5,0.0
6a807fc40bb011ebab90acde48001122,chunk_focused_128,chunk,focused,0.0,0.0,0.0,0.4,0.7983,0.5,119.0,0.5,0.0
1118315c0bdd11eba7f7acde48001122,chunk_focused_128,chunk,focused,0.0,0.0,0.0,0.0,0.3577,0.5,123.0,0.5,0.0
185a906e0bdc11eba7f7acde48001122,chunk_focused_128,chunk,focused,0.0,0.0,0.0,0.5,0.1825,0.5,126.0,0.5,0.0
77f4e0140bb011ebab90acde48001122,chunk_focused_128,chunk,focused,0.0,0.0,0.0,0.0,0.0,0.0,127.0,0.5,0.0
2a98df6408d111ebbd95ac1f6bf848b6,chunk_focused_128,chunk,focused,0.0,0.0,0.0,0.0,0.8911,1.0,101.0,1.0,1.0
025359200bde11eba7f7acde48001122,chunk_focused_128,chunk,focused,0.0,0.0,0.0,0.0,0.2975,0.5,121.0,0.5,0.0
bd34477e0baf11ebab90acde48001122,chunk_focused_128,chunk,focused,0.0,0.8333,0.0,0.8333,0.4144,0.5,111.0,1.0,1.0
6a8a71280bb011ebab90acde48001122,chunk_focused_128,chunk,focused,0.0,0.2857,0.0,0.5,0.0,0.0,114.0,1.0,1.0
ef9cbeca0bdd11eba7f7acde48001122,chunk_focused_128,chunk,focused,0.0,0.5,1.0,1.0,0.6719,1.0,128.0,1.0,1.0
c218a802090711ebbdadac1f6bf848b6,chunk_focused_128,chunk,focused,1.0,1.0,0.0,0.0,0.5299,0.5,117.0,1.0,1.0
f94832c408b811ebbd88ac1f6bf848b6,chunk_focused_128,chunk,focused,0.0,0.0,1.0,1.0,0.3365,0.25,104.0,0.5,0.0
8d2382e0085811ebbd5aac1f6bf848b6,chunk_focused_128,chunk,focused,0.0,0.0,1.0,1.0,0.4876,1.0,121.0,1.0,1.0
86fb31260bdd11eba7f7acde48001122,chunk_focused_128,chunk,focused,0.0,0.0,0.0,0.3333,0.152,0.5,125.0,1.0,1.0
18c0ccb1086911ebbd5eac1f6bf848b6,chunk_focused_128,chunk,focused,1.0,1.0,1.0,1.0,0.6393,1.0,122.0,1.0,1.0
e6f8d00a089611ebbd76ac1f6bf848b6,chunk_focused_128,chunk,focused,0.0,0.0,0.0,0.0,0.3333,0.5,126.0,1.0,1.0
8919fb50085311ebbd59ac1f6bf848b6,chunk_focused_128,chunk,focused,0.0,0.0,0.0,1.0,0.5397,1.0,126.0,1.0,1.0
d5a61878086b11ebbd60ac1f6bf848b6,chunk_focused_128,chunk,focused,1.0,1.0,1.0,1.0,0.6207,1.0,116.0,1.0,1.0
f6973183085a11ebbd5cac1f6bf848b6,chunk_focused_128,chunk,focused,0.0,0.0,1.0,1.0,0.5703,0.5,128.0,0.5,0.0
fc031d360baf11ebab90acde48001122,chunk_focused_128,chunk,focused,0.0,0.2222,0.0,0.2,0.6636,0.5,110.0,0.5,0.0
e5c738900bdc11eba7f7acde48001122,chunk_focused_128,chunk,focused,0.0,0.0,0.0,0.0,0.664,0.5,125.0,0.5,0.0
6b466508097711ebbdb0ac1f6bf848b6,chunk_focused_128,chunk,focused,1.0,1.0,1.0,1.0,0.6992,1.0,123.0,1.0,1.0
46bd0bd6087511ebbd67ac1f6bf848b6,chunk_focused_128,chunk,focused,0.0,0.0,1.0,1.0,0.1508,0.25,126.0,0.5,0.0
d1bdbdbe087711ebbd67ac1f6bf848b6,chunk_focused_128,chunk,focused,0.0,0.0,0.0,0.0,0.7561,0.25,123.0,0.75,0.0
6152f66c08df11ebbda0ac1f6bf848b6,chunk_focused_128,chunk,focused,1.0,1.0,1.0,1.0,0.768,0.5,125.0,0.5,0.0
98a3e5e9089111ebbd73ac1f6bf848b6,chunk_focused_128,chunk,focused,1.0,1.0,1.0,1.0,0.3651,0.5,126.0,0.5,0.0
6946f8d20baf11ebab90acde48001122,chunk_focused_128,chunk,focused,0.0,0.0,0.0,0.3333,0.6581,0.5,117.0,0.5,0.0
3d4662300bb011ebab90acde48001122,chunk_focused_128,chunk,focused,0.0,0.3333,1.0,1.0,0.2583,0.5,120.0,0.5,0.0
c504923408fe11ebbdadac1f6bf848b6,chunk_focused_128,chunk,focused,1.0,1.0,1.0,1.0,0.6063,1.0,127.0,1.0,1.0
922a629c0bb011ebab90acde48001122,chunk_focused_128,chunk,focused,0.0,0.0,0.0,0.6,0.6724,0.5,116.0,0.5,0.0
0e967bac08a711ebbd7fac1f6bf848b6,chunk_focused_128,chunk,focused,1.0,1.0,1.0,1.0,0.8793,0.5,116.0,0.5,0.0
c1aa9b640bdc11eba7f7acde48001122,chunk_focused_128,chunk,focused,0.0,0.0,0.0,0.0,0.3386,0.5,127.0,1.0,1.0
dba424900baf11ebab90acde48001122,chunk_focused_128,chunk,focused,0.0,0.0,0.0,0.3333,0.256,0.5,125.0,0.5,0.0
f4cc9d4908b311ebbd86ac1f6bf848b6,chunk_focused_128,chunk,focused,0.0,0.0,1.0,1.0,0.528,0.5,125.0,0.5,0.0
6b850e0e0baf11ebab90acde48001122,chunk_focused_128,chunk,focused,0.0,0.2857,1.0,1.0,0.7951,1.0,122.0,1.0,1.0
abce7ee208b111ebbd85ac1f6bf848b6,chunk_focused_128,chunk,focused,1.0,1.0,1.0,1.0,0.6378,0.5,127.0,0.5,0.0
6615041e0bb011ebab90acde48001122,chunk_focused_128,chunk,focused,0.0,0.0,0.0,0.3333,0.4,0.5,110.0,0.5,0.0
dc4754a80bdc11eba7f7acde48001122,chunk_focused_128,chunk,focused,0.0,0.0,0.0,0.0,0.6719,0.5,128.0,0.5,0.0
6bd86dd4087f11ebbd6bac1f6bf848b6,chunk_focused_128,chunk,focused,1.0,1.0,1.0,1.0,0.7812,0.5,128.0,0.5,0.0
98ab6cfe08c411ebbd8eac1f6bf848b6,chunk_focused_128,chunk,focused,0.0,0.0,1.0,1.0,1.0,0.5,128.0,0.5,0.0
c30b9f8108b211ebbd85ac1f6bf848b6,chunk_focused_128,chunk,focused,1.0,1.0,0.0,0.5,0.5397,0.5,126.0,1.0,1.0
49e0153808ac11ebbd82ac1f6bf848b6,chunk_focused_128,chunk,focused,1.0,1.0,1.0,1.0,0.6694,0.5,124.0,0.5,0.0
2fcc3e3e0bda11eba7f7acde48001122,chunk_focused_128,chunk,focused,0.0,0.0,0.0,0.0,0.6633,0.5,98.0,1.0,1.0
8a6610400bda11eba7f7acde48001122,chunk_focused_128,chunk,focused,0.0,0.0,0.0,0.0,0.3559,0.5,118.0,0.5,0.0
e172d3b20baf11ebab90acde48001122,chunk_focused_128,chunk,focused,0.0,0.0,0.0,0.0,1.0,0.5,112.0,1.0,1.0
c365be0608ae11ebbd83ac1f6bf848b6,chunk_focused_128,chunk,focused,1.0,1.0,1.0,1.0,1.0,1.0,122.0,1.0,1.0
a9406286088d11ebbd70ac1f6bf848b6,chunk_focused_128,chunk,focused,1.0,1.0,1.0,1.0,0.664,0.5,125.0,0.5,0.0
6b84004a0baf11ebab90acde48001122,chunk_focused_128,chunk,focused,0.0,0.0,0.0,0.4,0.4128,0.5,109.0,0.5,0.0
caa0a77908ac11ebbd83ac1f6bf848b6,chunk_focused_128,chunk,focused,0.0,0.0,1.0,1.0,1.0,0.5,121.0,0.5,0.0
63a51a37096711ebbdafac1f6bf848b6,chunk_focused_128,chunk,focused,1.0,1.0,1.0,1.0,0.4854,1.0,103.0,1.0,1.0
647eba07088f11ebbd72ac1f6bf848b6,chunk_focused_128,chunk,focused,0.0,0.0,1.0,1.0,1.0,1.0,119.0,1.0,1.0
6e765ee508f611ebbdaaac1f6bf848b6,chunk_focused_128,chunk,focused,1.0,1.0,1.0,1.0,0.7232,1.0,112.0,1.0,1.0
dc6e054e0baf11ebab90acde48001122,chunk_focused_128,chunk,focused,0.0,0.0,0.0,0.0,0.4464,0.5,112.0,0.5,0.0
5c82bfe20bdb11eba7f7acde48001122,chunk_focused_128,chunk,focused,0.0,0.0,0.0,0.0,0.5156,0.5,128.0,1.0,1.0
47a59362091411ebbdadac1f6bf848b6,chunk_focused_128,chunk,focused,1.0,1.0,1.0,1.0,0.4215,1.0,121.0,1.0,1.0
5bab48ec0bda11eba7f7acde48001122,chunk_focused_128,chunk,focused,0.0,0.0,0.0,0.0,0.3607,0.5,122.0,0.5,0.0
d3c779240bdd11eba7f7acde48001122,chunk_focused_128,chunk,focused,0.0,0.0,0.0,0.0,0.2647,0.5,102.0,1.0,1.0
57e0ae020bb011ebab90acde48001122,chunk_focused_128,chunk,focused,0.0,0.6154,0.0,0.7143,0.4375,0.5,112.0,1.0,1.0
9e2fc7ef08c711ebbd91ac1f6bf848b6,chunk_focused_128,chunk,focused,0.0,0.0,0.0,0.0,0.2578,0.25,128.0,0.5,0.0
be9369c80bdd11eba7f7acde48001122,chunk_focused_128,chunk,focused,0.0,0.0,0.0,0.0,0.2047,0.5,127.0,0.5,0.0
abaff0940bdb11eba7f7acde48001122,chunk_focused_128,chunk,focused,0.0,0.0,0.0,0.0,0.2906,0.5,117.0,0.5,0.0
09aa4e1a0bdc11eba7f7acde48001122,chunk_focused_128,chunk,focused,0.0,0.0,0.0,0.0,0.5968,0.5,124.0,0.5,0.0
e4e02a240bda11eba7f7acde48001122,chunk_focused_128,chunk,focused,0.0,0.0,0.0,0.5,0.2075,0.5,106.0,0.5,0.0
fc9d859008a011ebbd78ac1f6bf848b6,chunk_focused_128,chunk,focused,1.0,1.0,1.0,1.0,0.6514,1.0,109.0,1.0,1.0
3c3204c8084d11ebbd56ac1f6bf848b6,chunk_focused_128,chunk,focused,0.0,0.0,1.0,1.0,0.4032,0.5,124.0,0.5,0.0
d5bf657c0bdb11eba7f7acde48001122,chunk_focused_128,chunk,focused,0.0,0.0,1.0,1.0,0.4309,0.5,123.0,1.0,1.0
f4aa6595093611ebbdaeac1f6bf848b6,chunk_focused_128,chunk,focused,1.0,1.0,1.0,1.0,0.6378,1.0,127.0,1.0,1.0
5a34b04e0bd911eba7f7acde48001122,chunk_focused_128,chunk,focused,0.0,0.0,0.0,0.0,0.0,0.0,111.0,0.5,0.0
1a3bb74508dc11ebbd9cac1f6bf848b6,chunk_focused_128,chunk,focused,0.0,0.0,1.0,1.0,0.8115,0.5,122.0,0.75,0.0
8031698e0bdb11eba7f7acde48001122,chunk_focused_128,chunk,focused,0.0,0.0,0.0,0.0,0.4516,0.5,124.0,1.0,1.0
637434540bde11eba7f7acde48001122,chunk_focused_128,chunk,focused,0.0,0.0,1.0,1.0,0.5948,0.5,116.0,0.5,0.0
943b50b20bda11eba7f7acde48001122,chunk_focused_128,chunk,focused,0.0,0.0,0.0,0.0,0.3509,0.5,114.0,0.5,0.0
736afe9e0baf11ebab90acde48001122,chunk_focused_128,chunk,focused,0.0,0.0,0.0,0.5,0.6423,0.5,123.0,0.5,0.0
fb6ff1e20bdb11eba7f7acde48001122,chunk_focused_128,chunk,focused,0.0,0.0,0.0,0.0,0.561,0.5,123.0,0.5,0.0
42dac74c089311ebbd74ac1f6bf848b6,chunk_focused_128,chunk,focused,0.0,0.0,1.0,1.0,1.0,0.5,110.0,0.5,0.0
1407903b089d11ebbd78ac1f6bf848b6,chunk_focused_128,chunk,focused,1.0,1.0,1.0,1.0,0.9134,1.0,127.0,1.0,1.0
c4fd6fe80bdd11eba7f7acde48001122,chunk_focused_128,chunk,focused,0.0,0.0,0.0,0.0,0.6406,0.5,128.0,0.5,0.0
4de007f40bdd11eba7f7acde48001122,chunk_focused_128,chunk,focused,0.0,0.0,0.0,0.0,0.3197,0.5,122.0,0.5,0.0
5ead80ee0baf11ebab90acde48001122,chunk_focused_128,chunk,focused,0.0,0.4,0.0,0.5,0.0,0.0,126.0,1.0,1.0
a27849740bd911eba7f7acde48001122,chunk_focused_128,chunk,focused,0.0,0.0,0.0,0.0,0.6733,0.5,101.0,0.5,0.0
2b871cac0bdc11eba7f7acde48001122,chunk_focused_128,chunk,focused,0.0,0.0,0.0,0.0,0.4444,0.5,126.0,0.5,0.0
e2e9a9560bdb11eba7f7acde48001122,chunk_focused_128,chunk,focused,0.0,0.0,0.0,0.0,0.0984,0.5,122.0,0.5,0.0
ffee28d80bae11ebab90acde48001122,chunk_focused_128,chunk,focused,0.0,0.0,0.0,0.3333,0.6186,0.5,118.0,0.5,0.0
972ecece08ef11ebbda8ac1f6bf848b6,chunk_focused_128,chunk,focused,1.0,1.0,0.0,0.0,0.1376,0.5,109.0,1.0,1.0
1948b12e0bda11eba7f7acde48001122,chunk_focused_128,chunk,focused,0.0,0.0,0.0,0.0,1.0,0.5,118.0,1.0,1.0
406a4ee00bb011ebab90acde48001122,chunk_focused_128,chunk,focused,0.0,0.0,0.0,0.3333,0.5469,0.5,128.0,0.5,0.0
3d1200fc0bde11eba7f7acde48001122,chunk_focused_128,chunk,focused,0.0,0.0,0.0,0.0,0.3417,0.5,120.0,0.5,0.0
d1c8b2a00bdd11eba7f7acde48001122,chunk_focused_128,chunk,focused,0.0,0.0,0.0,0.0,0.5856,0.5,111.0,0.5,0.0
c400306a0bda11eba7f7acde48001122,chunk_focused_128,chunk,focused,0.0,0.0,0.0,0.5,0.3821,0.5,123.0,0.5,0.0
315872d20bde11eba7f7acde48001122,chunk_focused_128,chunk,focused,0.0,0.0,0.0,0.0,0.0,0.0,111.0,0.5,0.0
f6e759da0bdb11eba7f7acde48001122,chunk_focused_128,chunk,focused,0.0,0.0,0.0,0.0,0.378,0.5,127.0,0.5,0.0
c0409500088f11ebbd72ac1f6bf848b6,chunk_focused_128,chunk,focused,0.0,0.0,0.0,0.0,0.4435,0.5,115.0,1.0,1.0
138a34f80bdd11eba7f7acde48001122,chunk_focused_128,chunk,focused,0.0,0.0,0.0,0.0,0.5,0.5,120.0,0.5,0.0
2d94661c0bdc11eba7f7acde48001122,chunk_focused_128,chunk,focused,0.0,0.0,0.0,0.0,0.4825,0.5,114.0,0.5,0.0
aa72cb6a0baf11ebab90acde48001122,chunk_focused_128,chunk,focused,0.0,0.0,0.0,0.3333,0.4754,0.5,122.0,1.0,1.0
e6998c7e08de11ebbd9fac1f6bf848b6,chunk_focused_128,chunk,focused,1.0,1.0,1.0,1.0,0.5439,0.5,114.0,0.5,0.0
eded9bbf08de11ebbd9fac1f6bf848b6,chunk_focused_128,chunk,focused,1.0,1.0,1.0,1.0,0.5547,0.5,128.0,0.5,0.0
6ae076e40bde11eba7f7acde48001122,chunk_focused_128,chunk,focused,0.0,0.0,0.0,0.0,0.3884,0.5,121.0,1.0,1.0
a380ab7c08b911ebbd88ac1f6bf848b6,chunk_focused_128,chunk,focused,1.0,1.0,1.0,1.0,0.5565,1.0,124.0,1.0,1.0
df3ab4560bdd11eba7f7acde48001122,chunk_focused_128,chunk,focused,0.0,0.0,1.0,1.0,0.3492,0.5,126.0,1.0,1.0
df4b96e7087111ebbd63ac1f6bf848b6,chunk_focused_128,chunk,focused,0.0,0.0,1.0,1.0,0.7812,0.5,128.0,0.5,0.0
faedda9a0bdb11eba7f7acde48001122,chunk_focused_128,chunk,focused,0.0,0.0,0.0,0.5,0.5841,0.5,113.0,1.0,1.0
50bd90820bdc11eba7f7acde48001122,chunk_focused_128,chunk,focused,0.0,0.0,0.0,0.0,0.1694,0.5,124.0,0.5,0.0
c01738e20bdd11eba7f7acde48001122,chunk_focused_128,chunk,focused,0.0,0.0,0.0,0.0,0.0796,0.5,113.0,1.0,1.0
3c0091600bde11eba7f7acde48001122,chunk_focused_128,chunk,focused,0.0,0.0,0.0,0.5,0.6613,0.5,124.0,1.0,1.0
1b9c91660bda11eba7f7acde48001122,chunk_focused_128,chunk,focused,0.0,0.0,0.0,0.0,0.4019,0.5,107.0,1.0,1.0
bd4901b0085e11ebbd5cac1f6bf848b6,chunk_focused_128,chunk,focused,1.0,1.0,1.0,1.0,0.5556,0.5,117.0,1.0,1.0
a7419bf3092e11ebbdaeac1f6bf848b6,chunk_focused_128,chunk,focused,0.0,0.0,1.0,1.0,0.5873,1.0,126.0,1.0,1.0
fa960b58085911ebbd5bac1f6bf848b6,chunk_focused_128,chunk,focused,0.0,0.0,0.0,0.0,0.5859,1.0,128.0,1.0,1.0
582deca408bc11ebbd88ac1f6bf848b6,chunk_focused_128,chunk,focused,0.0,0.0,1.0,1.0,0.52,0.5,125.0,0.5,0.0
a5bd56fc0bdd11eba7f7acde48001122,chunk_focused_128,chunk,focused,0.0,0.0,0.0,0.0,0.313,0.5,115.0,1.0,1.0
6d392be40bdd11eba7f7acde48001122,chunk_focused_128,chunk,focused,1.0,1.0,1.0,1.0,0.6752,1.0,117.0,1.0,1.0
33d4446c087511ebbd67ac1f6bf848b6,chunk_focused_128,chunk,focused,0.0,0.0,0.0,0.0,0.8349,0.75,109.0,1.0,1.0
881866100baf11ebab90acde48001122,chunk_focused_128,chunk,focused,0.0,0.0,0.0,0.0,0.2049,0.5,122.0,0.5,0.0
7d88d84d08bc11ebbd88ac1f6bf848b6,chunk_focused_128,chunk,focused,0.0,0.0,1.0,1.0,0.7984,0.5,124.0,0.5,0.0
4d3c252e0bda11eba7f7acde48001122,chunk_focused_128,chunk,focused,0.0,0.0,1.0,1.0,0.3273,0.5,110.0,1.0,1.0
9e0009f60baf11ebab90acde48001122,chunk_focused_128,chunk,focused,0.0,0.0,0.0,0.0,0.0,0.0,101.0,0.5,0.0
b8133a100bdd11eba7f7acde48001122,chunk_focused_128,chunk,focused,0.0,0.0,0.0,0.0,0.7431,0.5,109.0,1.0,1.0
61082d440bdc11eba7f7acde48001122,chunk_focused_128,chunk,focused,0.0,0.0,0.0,0.0,0.2893,0.5,121.0,0.5,0.0
6ea141020baf11ebab90acde48001122,chunk_focused_128,chunk,focused,0.0,0.0,0.0,0.5,0.0,0.0,126.0,0.5,0.0
d759ab480bdd11eba7f7acde48001122,chunk_focused_128,chunk,focused,0.0,0.0,0.0,0.0,0.7193,0.5,114.0,1.0,1.0
2e7a589e085211ebbd58ac1f6bf848b6,chunk_focused_128,chunk,focused,0.0,0.0,0.0,0.0,0.4554,0.5,112.0,0.5,0.0
e85d87f4095111ebbdaeac1f6bf848b6,chunk_focused_128,chunk,focused,0.0,0.0,1.0,1.0,0.4048,0.5,126.0,1.0,1.0
9a339d60099011ebbdb0ac1f6bf848b6,chunk_focused_128,chunk,focused,0.0,0.0,0.0,0.0,0.5385,1.0,104.0,1.0,1.0
5d6e00200bda11eba7f7acde48001122,chunk_focused_128,chunk,focused,1.0,1.0,1.0,1.0,0.4634,1.0,123.0,1.0,1.0
2efc2c3b08bf11ebbd8aac1f6bf848b6,chunk_focused_128,chunk,focused,0.0,0.0,1.0,1.0,0.55,0.5,120.0,0.5,0.0
0926667308d011ebbd95ac1f6bf848b6,chunk_focused_128,chunk,focused,0.0,0.0,0.0,0.0,0.1339,0.5,127.0,1.0,1.0
8f3945d8098111ebbdb0ac1f6bf848b6,chunk_focused_128,chunk,focused,1.0,1.0,1.0,1.0,0.6911,1.0,123.0,1.0,1.0
5e8240ea0bdd11eba7f7acde48001122,chunk_focused_128,chunk,focused,0.0,0.0,0.0,0.0,0.2205,0.5,127.0,0.5,0.0
36ec2b3a086411ebbd5eac1f6bf848b6,chunk_focused_128,chunk,focused,0.0,0.0,1.0,1.0,0.5508,0.5,118.0,0.5,0.0
53175e86086b11ebbd5fac1f6bf848b6,chunk_focused_128,chunk,focused,0.0,0.0,0.0,0.6667,0.3387,1.0,124.0,1.0,1.0
66d8f7560bde11eba7f7acde48001122,chunk_focused_128,chunk,focused,0.0,0.0,0.0,0.0,0.5965,0.5,114.0,0.5,0.0
a9755ea508a711ebbd7fac1f6bf848b6,chunk_focused_128,chunk,focused,0.0,0.0,1.0,1.0,0.7795,0.5,127.0,0.5,0.0
6a8b28c00bb011ebab90acde48001122,chunk_focused_128,chunk,focused,1.0,1.0,1.0,1.0,0.4286,0.5,126.0,1.0,1.0
43a949ae0bdc11eba7f7acde48001122,chunk_focused_128,chunk,focused,0.0,0.0,0.0,0.0,0.2114,0.5,123.0,0.5,0.0
b9cb67da092b11ebbdaeac1f6bf848b6,chunk_focused_128,chunk,focused,0.0,0.0,1.0,1.0,0.5433,1.0,127.0,1.0,1.0
5390f39c086d11ebbd61ac1f6bf848b6,chunk_focused_128,chunk,focused,1.0,1.0,1.0,1.0,0.55,1.0,120.0,1.0,1.0
d370f0b0085711ebbd5aac1f6bf848b6,chunk_focused_128,chunk,focused,1.0,1.0,1.0,1.0,0.626,0.5,123.0,0.5,0.0
adcdb9440bd911eba7f7acde48001122,chunk_focused_128,chunk,focused,0.0,0.0,0.0,0.0,0.3621,0.5,116.0,0.5,0.0
1db17ce108a711ebbd7fac1f6bf848b6,chunk_focused_128,chunk,focused,0.0,0.0,1.0,1.0,0.4597,0.5,124.0,0.5,0.0
177e0eda0bde11eba7f7acde48001122,chunk_focused_128,chunk,focused,0.0,0.0,0.0,0.0,0.5476,0.5,126.0,0.5,0.0
9da14ff1086311ebbd5eac1f6bf848b6,chunk_focused_128,chunk,focused,0.0,0.0,0.0,0.5,0.9196,1.0,112.0,1.0,1.0
2f10177608d911ebbd9cac1f6bf848b6,chunk_focused_128,chunk,focused,1.0,1.0,1.0,1.0,0.8205,1.0,117.0,1.0,1.0
b52a4d7e0bd911eba7f7acde48001122,chunk_focused_128,chunk,focused,0.0,0.0,0.0,0.0,0.2174,0.5,115.0,1.0,1.0
6dd9acf20bda11eba7f7acde48001122,chunk_focused_128,chunk,focused,0.0,0.0,0.0,0.0,0.1148,0.5,122.0,0.5,0.0
3f635554096511ebbdafac1f6bf848b6,chunk_focused_128,chunk,focused,1.0,1.0,0.0,0.0,1.0,1.0,118.0,1.0,1.0
8c12ceba0bda11eba7f7acde48001122,chunk_focused_128,chunk,focused,0.0,0.0,0.0,0.0,0.4483,0.5,116.0,0.5,0.0
8c1162a5086111ebbd5dac1f6bf848b6,chunk_focused_128,chunk,focused,1.0,1.0,1.0,1.0,0.3083,0.5,120.0,1.0,1.0
0585c9aa087f11ebbd6bac1f6bf848b6,chunk_focused_128,chunk,focused,0.0,0.0,1.0,1.0,0.6581,0.5,117.0,0.5,0.0
b8407b060bdd11eba7f7acde48001122,chunk_focused_128,chunk,focused,0.0,0.0,0.0,0.0,0.6532,0.5,124.0,0.5,0.0
07b62dea0baf11ebab90acde48001122,chunk_focused_128,chunk,focused,0.0,0.0,0.0,0.5,0.5727,0.5,110.0,1.0,1.0
fb95c0000bdd11eba7f7acde48001122,chunk_focused_128,chunk,focused,0.0,0.0,0.0,0.0,0.3109,0.5,119.0,0.5,0.0
e1abbba9098a11ebbdb0ac1f6bf848b6,chunk_focused_128,chunk,focused,0.0,0.0,0.0,0.0,0.392,1.0,125.0,1.0,1.0
fbf8fd9e0bda11eba7f7acde48001122,chunk_focused_128,chunk,focused,0.0,0.0,0.0,0.0,0.688,0.5,125.0,1.0,1.0
636fc8380bde11eba7f7acde48001122,chunk_focused_128,chunk,focused,0.0,0.0,0.0,0.3333,0.6396,0.5,111.0,0.5,0.0
0c97f4720bde11eba7f7acde48001122,chunk_focused_128,chunk,focused,0.0,0.0,0.0,0.0,0.2,0.5,125.0,1.0,1.0
36787917086811ebbd5eac1f6bf848b6,chunk_focused_128,chunk,focused,0.0,0.0,0.0,0.6667,0.3465,0.5,127.0,1.0,1.0
519aee780baf11ebab90acde48001122,chunk_focused_128,chunk,focused,0.0,0.0,0.0,0.25,0.6452,0.5,124.0,0.5,0.0
6a81117708f311ebbdaaac1f6bf848b6,chunk_focused_128,chunk,focused,0.0,0.0,1.0,1.0,0.8629,1.0,124.0,1.0,1.0
0105676c0bdd11eba7f7acde48001122,chunk_focused_128,chunk,focused,1.0,1.0,1.0,1.0,0.8438,1.0,128.0,1.0,1.0
73c53c9809a111ebbdb0ac1f6bf848b6,chunk_focused_128,chunk,focused,1.0,1.0,1.0,1.0,0.8974,1.0,117.0,1.0,1.0
7416106b090f11ebbdadac1f6bf848b6,chunk_focused_128,chunk,focused,1.0,1.0,1.0,1.0,0.4472,1.0,123.0,1.0,1.0
3a1dbb720bdc11eba7f7acde48001122,chunk_focused_128,chunk,focused,0.0,0.0,0.0,0.0,0.605,0.5,119.0,0.5,0.0
ebbf5ec608da11ebbd9cac1f6bf848b6,chunk_focused_128,chunk,focused,1.0,1.0,1.0,1.0,0.5818,1.0,110.0,1.0,1.0
3972d2b60baf11ebab90acde48001122,chunk_focused_128,chunk,focused,0.0,0.0,0.0,0.0,0.784,0.5,125.0,0.5,0.0
3adb8a740bde11eba7f7acde48001122,chunk_focused_128,chunk,focused,0.0,0.0,0.0,0.5,0.6552,0.5,116.0,1.0,1.0
13e2f86c0bde11eba7f7acde48001122,chunk_focused_128,chunk,focused,0.0,0.0,1.0,1.0,0.6148,0.5,122.0,1.0,1.0
d7af391708bb11ebbd88ac1f6bf848b6,chunk_focused_128,chunk,focused,0.0,0.0,0.0,0.0,0.568,0.5,125.0,0.5,0.0
c2b303ae08c411ebbd8eac1f6bf848b6,chunk_focused_128,chunk,focused,0.0,0.0,0.0,0.0,0.3028,0.25,109.0,0.5,0.0
db10aea20bd911eba7f7acde48001122,chunk_focused_128,chunk,focused,0.0,0.0,0.0,0.0,0.4455,0.5,110.0,0.5,0.0
7a93fcee0bdb11eba7f7acde48001122,chunk_focused_128,chunk,focused,0.0,0.0,0.0,0.5,0.4634,0.5,123.0,0.5,0.0
05be9a0c0bde11eba7f7acde48001122,chunk_focused_128,chunk,focused,0.0,0.0,0.0,0.0,0.256,0.5,125.0,0.5,0.0
091c13b20bdb11eba7f7acde48001122,chunk_focused_128,chunk,focused,0.0,0.0,0.0,0.0,0.371,0.5,124.0,1.0,1.0
09b198a80bde11eba7f7acde48001122,chunk_focused_128,chunk,focused,0.0,0.0,0.0,0.0,0.0,0.0,111.0,1.0,1.0
c827468a0bdd11eba7f7acde48001122,chunk_focused_128,chunk,focused,0.0,0.0,0.0,0.6667,0.3525,0.5,122.0,0.5,0.0
70f54a060bb011ebab90acde48001122,chunk_focused_128,chunk,focused,1.0,1.0,1.0,1.0,0.4622,0.5,119.0,1.0,1.0
30e19d9008d611ebbd98ac1f6bf848b6,chunk_focused_128,chunk,focused,1.0,1.0,0.0,0.0,0.7734,1.0,128.0,1.0,1.0
43208df60bde11eba7f7acde48001122,chunk_focused_128,chunk,focused,0.0,0.0,0.0,0.0,0.0,0.0,123.0,0.5,0.0
5d0eadd80bde11eba7f7acde48001122,chunk_focused_128,chunk,focused,0.0,0.0,0.0,0.0,0.0,0.0,122.0,1.0,1.0
9284e77d08f811ebbdaaac1f6bf848b6,chunk_focused_128,chunk,focused,1.0,1.0,1.0,1.0,0.6838,0.5,117.0,1.0,1.0
94eba4ce0bdc11eba7f7acde48001122,chunk_focused_128,chunk,focused,0.0,0.0,0.0,0.0,0.0,0.0,111.0,0.5,0.0
29427eea0bdd11eba7f7acde48001122,chunk_focused_128,chunk,focused,0.0,0.0,0.0,0.0,0.2677,0.5,127.0,1.0,1.0
62a9691e0bb011ebab90acde48001122,chunk_focused_128,chunk,focused,0.0,0.0,1.0,1.0,0.7724,1.0,123.0,1.0,1.0
cfc0d3e80bdd11eba7f7acde48001122,chunk_focused_128,chunk,focused,0.0,0.0,1.0,1.0,0.75,1.0,128.0,1.0,1.0
76708e6a08b211ebbd85ac1f6bf848b6,chunk_focused_128,chunk,focused,0.0,0.0,0.0,0.0,0.272,0.5,125.0,1.0,1.0
819dbb7a08d811ebbd9cac1f6bf848b6,chunk_focused_128,chunk,focused,1.0,1.0,1.0,1.0,0.3413,0.5,126.0,0.5,0.0
2fee043809b111ebbdb0ac1f6bf848b6,chunk_focused_128,chunk,focused,1.0,1.0,0.0,0.0,0.3672,0.5,128.0,1.0,1.0
39d43b7d08ae11ebbd83ac1f6bf848b6,chunk_focused_128,chunk,focused,1.0,1.0,1.0,1.0,0.8065,0.5,124.0,0.5,0.0
aef6771208b311ebbd86ac1f6bf848b6,chunk_focused_128,chunk,focused,1.0,1.0,1.0,1.0,0.7266,0.75,128.0,0.75,0.0
0cc33f200bdd11eba7f7acde48001122,chunk_focused_128,chunk,focused,0.0,0.0,0.0,0.0,0.0,0.0,127.0,0.5,0.0
8d1e4c000bdd11eba7f7acde48001122,chunk_focused_128,chunk,focused,0.0,0.0,0.0,0.0,0.3361,0.5,122.0,1.0,1.0
d61d3fd20bd911eba7f7acde48001122,chunk_focused_128,chunk,focused,0.0,0.0,0.0,0.5,0.1654,0.5,127.0,0.5,0.0
0db2574e0bde11eba7f7acde48001122,chunk_focused_128,chunk,focused,0.0,0.0,0.0,0.0,0.2283,0.5,127.0,0.5,0.0
48b1e7660bb011ebab90acde48001122,chunk_focused_128,chunk,focused,0.0,0.0,0.0,0.25,0.432,0.5,125.0,1.0,1.0
004430780bde11eba7f7acde48001122,chunk_focused_128,chunk,focused,0.0,0.0,1.0,1.0,0.6429,0.5,126.0,1.0,1.0
fd4096540bd911eba7f7acde48001122,chunk_focused_128,chunk,focused,0.0,0.0,0.0,0.0,0.4821,0.5,112.0,0.5,0.0
1e4d9f2008ff11ebbdadac1f6bf848b6,chunk_focused_128,chunk,focused,0.0,0.0,1.0,1.0,0.6723,1.0,119.0,1.0,1.0
0e161d6c084e11ebbd56ac1f6bf848b6,chunk_focused_128,chunk,focused,0.0,0.0,0.0,0.0,0.1143,0.25,105.0,0.5,0.0
fe41a8aa0bdd11eba7f7acde48001122,chunk_focused_128,chunk,focused,0.0,0.0,0.0,0.0,0.7327,0.5,101.0,0.5,0.0
db371cbb088011ebbd6dac1f6bf848b6,chunk_focused_128,chunk,focused,0.0,0.0,0.0,0.0,0.4286,0.5,126.0,1.0,1.0
505a04cc0baf11ebab90acde48001122,chunk_focused_128,chunk,focused,0.0,0.0,0.0,0.5,0.4844,0.5,128.0,0.5,0.0
5cd6974c0bdc11eba7f7acde48001122,chunk_focused_128,chunk,focused,0.0,0.0,0.0,0.0,0.5636,0.5,110.0,0.5,0.0
c6fe0968091111ebbdadac1f6bf848b6,chunk_focused_128,chunk,focused,0.0,0.0,0.0,0.0,0.0,0.0,123.0,1.0,1.0
aaaeeb220baf11ebab90acde48001122,chunk_focused_128,chunk,focused,0.0,0.0,0.0,0.25,0.6186,0.5,118.0,0.5,0.0
5029152e085d11ebbd5cac1f6bf848b6,chunk_focused_128,chunk,focused,1.0,1.0,1.0,1.0,0.3333,0.5,120.0,1.0,1.0
beaf107f089a11ebbd77ac1f6bf848b6,chunk_focused_128,chunk,focused,0.0,0.0,0.0,0.0,0.7788,1.0,113.0,1.0,1.0
0961bb2808c611ebbd90ac1f6bf848b6,chunk_focused_128,chunk,focused,0.0,0.0,0.0,0.8333,0.6855,0.5,124.0,0.5,0.0
8854559c08b911ebbd88ac1f6bf848b6,chunk_focused_128,chunk,focused,1.0,1.0,1.0,1.0,0.2478,1.0,113.0,1.0,1.0
09c3e79c0bde11eba7f7acde48001122,chunk_focused_128,chunk,focused,0.0,0.0,0.0,0.0,0.5948,0.5,116.0,0.5,0.0
59603ef00bdd11eba7f7acde48001122,chunk_focused_128,chunk,focused,0.0,0.0,0.0,0.0,0.1496,0.5,127.0,0.5,0.0
13c15658087311ebbd66ac1f6bf848b6,chunk_focused_128,chunk,focused,1.0,1.0,1.0,1.0,1.0,0.5,127.0,0.75,0.0
3de5f3d60bdd11eba7f7acde48001122,chunk_focused_128,chunk,focused,1.0,1.0,0.0,0.0,0.2283,0.5,127.0,0.5,0.0
08ceb92e0bda11eba7f7acde48001122,chunk_focused_128,chunk,focused,0.0,0.0,0.0,0.0,0.7656,0.5,128.0,0.5,0.0
1b053aca0bdd11eba7f7acde48001122,chunk_focused_128,chunk,focused,0.0,0.0,0.0,0.0,0.2547,0.5,106.0,0.5,0.0
dfee66b608c911ebbd92ac1f6bf848b6,chunk_focused_128,chunk,focused,0.0,0.0,0.0,0.0,0.4196,0.5,112.0,1.0,1.0
23ae34720bda11eba7f7acde48001122,chunk_focused_128,chunk,focused,0.0,0.0,0.0,0.0,0.0,0.0,106.0,0.5,0.0
91f8aeb508b811ebbd88ac1f6bf848b6,chunk_focused_128,chunk,focused,1.0,1.0,1.0,1.0,0.9083,0.5,120.0,0.5,0.0
84b2e1e708ce11ebbd94ac1f6bf848b6,chunk_focused_128,chunk,focused,0.0,0.0,1.0,1.0,0.5366,0.5,123.0,1.0,1.0
9c1de1cf08b111ebbd85ac1f6bf848b6,chunk_focused_128,chunk,focused,1.0,1.0,1.0,1.0,0.8583,1.0,120.0,1.0,1.0
4bc286620bde11eba7f7acde48001122,chunk_focused_128,chunk,focused,0.0,0.0,0.0,0.0,0.0,0.0,122.0,1.0,1.0
b4f63414088511ebbd6dac1f6bf848b6,chunk_focused_128,chunk,focused,0.0,0.0,0.0,0.0,0.275,0.5,80.0,1.0,1.0
5cc7e4f20bd911eba7f7acde48001122,chunk_focused_128,chunk,focused,0.0,0.0,0.0,0.0,0.252,0.5,127.0,0.5,0.0
7d8986360bda11eba7f7acde48001122,chunk_focused_128,chunk,focused,0.0,0.0,0.0,0.5,0.5726,0.5,117.0,0.5,0.0
d3493f98086611ebbd5eac1f6bf848b6,chunk_focused_128,chunk,focused,1.0,1.0,1.0,1.0,0.7869,1.0,122.0,1.0,1.0
29306dfc0bda11eba7f7acde48001122,chunk_focused_128,chunk,focused,0.0,0.0,0.0,0.5,0.6694,0.5,124.0,0.5,0.0
d105363b086e11ebbd62ac1f6bf848b6,chunk_focused_128,chunk,focused,0.0,0.1818,0.0,0.2,0.1488,0.5,121.0,1.0,1.0
350112e4085b11ebbd5cac1f6bf848b6,chunk_focused_128,chunk,focused,0.0,0.0,0.0,0.0,0.9737,0.5,114.0,0.5,0.0
27e926ca0bb011ebab90acde48001122,chunk_focused_128,chunk,focused,0.0,0.0,0.0,0.5,0.5086,0.5,116.0,0.5,0.0
650ee40e0bdd11eba7f7acde48001122,chunk_focused_128,chunk,focused,0.0,0.0,0.0,0.0,0.0,0.0,103.0,0.5,0.0
43765d20087411ebbd67ac1f6bf848b6,chunk_focused_128,chunk,focused,0.0,0.0,0.0,0.0,0.184,0.25,125.0,0.5,0.0
ab5beae00bda11eba7f7acde48001122,chunk_focused_128,chunk,focused,0.0,0.0,0.0,0.0,0.0,0.0,103.0,0.5,0.0
95c505f4097f11ebbdb0ac1f6bf848b6,chunk_focused_128,chunk,focused,0.0,0.0,1.0,1.0,0.2696,0.5,115.0,1.0,1.0
fb9a9b0c089011ebbd72ac1f6bf848b6,chunk_focused_128,chunk,focused,1.0,1.0,1.0,1.0,1.0,1.0,123.0,1.0,1.0
d4708a220bd911eba7f7acde48001122,chunk_focused_128,chunk,focused,0.0,0.0,0.0,0.0,0.2979,0.5,94.0,0.5,0.0
b2a1b19e096e11ebbdb0ac1f6bf848b6,chunk_focused_128,chunk,focused,0.0,0.0,0.0,0.0,0.8529,1.0,102.0,1.0,1.0
0c3675d40bda11eba7f7acde48001122,chunk_focused_128,chunk,focused,0.0,0.0,0.0,0.0,0.64,0.5,125.0,0.5,0.0
19cae67d097711ebbdb0ac1f6bf848b6,chunk_focused_128,chunk,focused,1.0,1.0,1.0,1.0,0.681,1.0,116.0,1.0,1.0
7257a60608cb11ebbd92ac1f6bf848b6,chunk_focused_128,chunk,focused,0.0,0.0,1.0,1.0,1.0,0.5,120.0,0.5,0.0
3f1b7d3b086c11ebbd61ac1f6bf848b6,chunk_focused_128,chunk,focused,0.0,0.0,0.0,0.0,0.7895,0.5,114.0,0.75,0.0
8d8c678b085911ebbd5bac1f6bf848b6,chunk_focused_128,chunk,focused,1.0,1.0,1.0,1.0,0.375,0.5,128.0,0.5,0.0
e5bc717c0bdb11eba7f7acde48001122,chunk_focused_128,chunk,focused,0.0,0.0,0.0,0.0,0.8496,0.5,113.0,1.0,1.0
57dabdf1091c11ebbdaeac1f6bf848b6,chunk_focused_128,chunk,focused,0.0,0.0,0.0,0.0,0.7008,1.0,127.0,1.0,1.0
60bb44320bd911eba7f7acde48001122,chunk_focused_128,chunk,focused,0.0,0.0,0.0,0.5,0.6349,1.0,126.0,1.0,1.0
d428aedc08a011ebbd78ac1f6bf848b6,chunk_focused_128,chunk,focused,1.0,1.0,1.0,1.0,0.7,0.5,120.0,0.5,0.0
4ef0d0c80bde11eba7f7acde48001122,chunk_focused_128,chunk,focused,0.0,0.0,0.0,0.0,0.378,0.5,127.0,1.0,1.0
1ebbc9b20bde11eba7f7acde48001122,chunk_focused_128,chunk,focused,0.0,0.0,0.0,0.0,0.0,0.0,127.0,0.5,0.0
958dc314091911ebbdaeac1f6bf848b6,chunk_focused_128,chunk,focused,0.0,0.0,0.0,0.0,0.4355,1.0,124.0,1.0,1.0
3e75a2b908bf11ebbd8aac1f6bf848b6,chunk_focused_128,chunk,focused,1.0,1.0,1.0,1.0,0.3889,0.5,126.0,1.0,1.0
c3f2f69a094411ebbdaeac1f6bf848b6,chunk_focused_128,chunk,focused,1.0,1.0,0.0,0.6667,0.2903,0.5,124.0,1.0,1.0
66eefd9e0bde11eba7f7acde48001122,chunk_focused_128,chunk,focused,0.0,0.0,0.0,0.0,0.2063,0.5,126.0,0.5,0.0
658f9a300bd911eba7f7acde48001122,chunk_focused_128,chunk,focused,0.0,0.0,0.0,0.0,0.5748,0.5,127.0,0.5,0.0
5ff9cc8c0baf11ebab90acde48001122,chunk_focused_128,chunk,focused,0.0,0.1818,0.0,0.8,0.187,0.5,123.0,1.0,1.0
cc19962c0bdc11eba7f7acde48001122,chunk_focused_128,chunk,focused,0.0,0.0,0.0,0.0,0.2727,0.5,110.0,0.5,0.0
774fa4e20bdc11eba7f7acde48001122,chunk_focused_128,chunk,focused,0.0,0.0,1.0,1.0,0.6,0.5,120.0,1.0,1.0
284e2815085811ebbd5aac1f6bf848b6,chunk_focused_128,chunk,focused,0.0,0.0,1.0,1.0,0.5,0.5,128.0,0.5,0.0
5cd23bea0bda11eba7f7acde48001122,chunk_focused_128,chunk,focused,0.0,0.0,0.0,0.0,0.5042,0.5,119.0,0.5,0.0
b9687149089811ebbd77ac1f6bf848b6,chunk_focused_128,chunk,focused,0.0,0.0,0.0,0.0,0.1239,0.25,113.0,0.25,0.0
318ebd55087f11ebbd6bac1f6bf848b6,chunk_focused_128,chunk,focused,1.0,1.0,1.0,1.0,0.5289,0.5,121.0,0.5,0.0
60814b660bb011ebab90acde48001122,chunk_focused_128,chunk,focused,0.0,0.0,0.0,0.3333,0.5304,0.5,115.0,0.5,0.0
6c7f03240bdb11eba7f7acde48001122,chunk_focused_128,chunk,focused,0.0,0.0,0.0,0.0,0.2844,0.5,109.0,0.5,0.0
b68527e40bdd11eba7f7acde48001122,chunk_focused_128,chunk,focused,0.0,0.0,0.0,0.0,0.0,0.0,119.0,0.5,0.0
eb9a4b7c0bdc11eba7f7acde48001122,chunk_focused_128,chunk,focused,0.0,0.0,0.0,0.0,0.287,0.5,108.0,1.0,1.0
63ccce2308cb11ebbd92ac1f6bf848b6,chunk_focused_128,chunk,focused,1.0,1.0,1.0,1.0,0.8692,1.0,107.0,1.0,1.0
4a6714f608d011ebbd95ac1f6bf848b6,chunk_focused_128,chunk,focused,1.0,1.0,1.0,1.0,0.6016,0.5,128.0,0.5,0.0
251db78c0bdb11eba7f7acde48001122,chunk_focused_128,chunk,focused,0.0,0.0,0.0,0.0,0.5,0.5,116.0,0.5,0.0
cc6b0e9e084e11ebbd56ac1f6bf848b6,chunk_focused_128,chunk,focused,1.0,1.0,1.0,1.0,0.5856,0.5,111.0,0.75,0.0
b16d1ab40bdd11eba7f7acde48001122,chunk_focused_128,chunk,focused,0.0,0.0,1.0,1.0,0.5469,1.0,128.0,1.0,1.0
e171d29a0bdd11eba7f7acde48001122,chunk_focused_128,chunk,focused,0.0,0.0,0.0,0.3333,0.88,0.5,125.0,0.5,0.0
901658be084d11ebbd56ac1f6bf848b6,chunk_focused_128,chunk,focused,1.0,1.0,1.0,1.0,0.925,0.5,120.0,0.75,0.0
042bf49e0bdb11eba7f7acde48001122,chunk_focused_128,chunk,focused,0.0,0.0,0.0,0.0,0.3529,0.5,119.0,0.5,0.0
4d559f400bda11eba7f7acde48001122,chunk_focused_128,chunk,focused,0.0,0.0,0.0,0.5,0.4188,0.5,117.0,0.5,0.0
0d232356091511ebbdadac1f6bf848b6,chunk_focused_128,chunk,focused,0.0,0.0,0.0,0.0,0.8211,1.0,123.0,1.0,1.0
1ed79b0a087411ebbd67ac1f6bf848b6,chunk_focused_128,chunk,focused,0.0,0.0,0.0,0.5,0.7909,0.5,110.0,1.0,1.0
f21ab6980bdd11eba7f7acde48001122,chunk_focused_128,chunk,focused,0.0,0.0,0.0,0.0,0.3543,0.5,127.0,0.5,0.0
1c593ac008ae11ebbd83ac1f6bf848b6,chunk_focused_128,chunk,focused,0.0,0.0,0.0,0.0,0.6016,0.5,123.0,0.5,0.0
eb18a27a0baf11ebab90acde48001122,chunk_focused_128,chunk,focused,0.0,0.0,0.0,0.5,0.4453,0.5,128.0,0.5,0.0
bedf588e0baf11ebab90acde48001122,chunk_focused_128,chunk,focused,0.0,0.0,0.0,0.0,0.0,0.0,111.0,0.5,0.0
fffc59fc088f11ebbd72ac1f6bf848b6,chunk_focused_128,chunk,focused,0.0,0.0,1.0,1.0,0.789,0.5,109.0,0.5,0.0
e2cadf420bdd11eba7f7acde48001122,chunk_focused_128,chunk,focused,0.0,0.0,0.0,0.0,0.514,0.5,107.0,1.0,1.0
337c710c08b511ebbd88ac1f6bf848b6,chunk_focused_128,chunk,focused,0.0,0.3333,1.0,1.0,0.8594,1.0,128.0,1.0,1.0
62df628e0bde11eba7f7acde48001122,chunk_focused_128,chunk,focused,0.0,0.0,0.0,0.0,0.4567,0.5,127.0,1.0,1.0
a1f532760bdb11eba7f7acde48001122,chunk_focused_128,chunk,focused,0.0,0.0,1.0,1.0,1.0,1.0,121.0,1.0,1.0
5dea5497089b11ebbd78ac1f6bf848b6,chunk_focused_128,chunk,focused,0.0,0.0,1.0,1.0,0.6585,0.25,123.0,0.25,0.0
c6d520840bda11eba7f7acde48001122,chunk_focused_128,chunk,focused,0.0,0.0,1.0,1.0,0.6864,1.0,118.0,1.0,1.0
66c00bf60bde11eba7f7acde48001122,chunk_focused_128,chunk,focused,0.0,0.0,0.0,0.0,0.4583,0.5,120.0,0.5,0.0
95ab4cac0bdc11eba7f7acde48001122,chunk_focused_128,chunk,focused,0.0,0.0,0.0,0.0,0.0,0.0,128.0,1.0,1.0
27b8af06088e11ebbd70ac1f6bf848b6,chunk_focused_128,chunk,focused,0.0,0.0,0.0,0.0,0.3252,0.25,123.0,0.75,0.0
50f1350208af11ebbd83ac1f6bf848b6,chunk_focused_128,chunk,focused,0.0,0.0,0.0,0.0,0.6909,0.25,110.0,0.5,0.0
68a60785087511ebbd67ac1f6bf848b6,chunk_focused_128,chunk,focused,0.0,0.0,0.0,0.8333,0.127,0.5,126.0,1.0,1.0
9e68b794091311ebbdadac1f6bf848b6,chunk_focused_128,chunk,focused,0.0,0.0,0.0,0.0,0.3465,0.5,127.0,1.0,1.0
d922570808dc11ebbd9dac1f6bf848b6,chunk_focused_128,chunk,focused,0.0,0.0,0.0,0.0,0.8189,1.0,127.0,1.0,1.0
fd5a8ea0086711ebbd5eac1f6bf848b6,chunk_focused_128,chunk,focused,1.0,1.0,1.0,1.0,0.6344,1.0,93.0,1.0,1.0
dff7c3b60bdd11eba7f7acde48001122,chunk_focused_128,chunk,focused,0.0,0.0,0.0,0.0,0.6832,0.5,101.0,0.5,0.0
75c64fb00bda11eba7f7acde48001122,chunk_focused_128,chunk,focused,0.0,0.0,0.0,0.3333,0.1797,0.5,128.0,0.5,0.0
43acd28e0bde11eba7f7acde48001122,chunk_focused_128,chunk,focused,0.0,0.0,0.0,0.0,0.6721,0.5,122.0,0.5,0.0
86afde360bda11eba7f7acde48001122,chunk_focused_128,chunk,focused,0.0,0.0,0.0,0.0,0.5124,0.5,121.0,0.5,0.0
2a7d95fc0bdc11eba7f7acde48001122,chunk_focused_128,chunk,focused,0.0,0.0,0.0,0.0,0.5161,0.5,124.0,0.5,0.0
7de481100baf11ebab90acde48001122,chunk_focused_128,chunk,focused,0.0,0.0,0.0,0.3333,0.3937,0.5,127.0,0.5,0.0
d8df66240bdd11eba7f7acde48001122,chunk_focused_128,chunk,focused,0.0,0.0,0.0,0.5,0.272,0.5,125.0,1.0,1.0
2e925d6a0bde11eba7f7acde48001122,chunk_focused_128,chunk,focused,0.0,0.0,0.0,0.0,0.0,0.0,123.0,1.0,1.0
4b879bd6087a11ebbd67ac1f6bf848b6,chunk_focused_128,chunk,focused,1.0,1.0,0.0,0.0,0.3303,0.25,109.0,0.5,0.0
eb30f33c086611ebbd5eac1f6bf848b6,chunk_focused_128,chunk,focused,0.0,0.0,0.0,0.0,0.4783,0.5,115.0,1.0,1.0
59f0b4d608b211ebbd85ac1f6bf848b6,chunk_focused_128,chunk,focused,1.0,1.0,1.0,1.0,0.685,1.0,127.0,1.0,1.0
ef48a3720baf11ebab90acde48001122,chunk_focused_128,chunk,focused,0.0,0.6667,0.0,0.75,0.25,0.5,124.0,0.5,0.0
39c32aa2086411ebbd5eac1f6bf848b6,chunk_focused_128,chunk,focused,0.0,0.0,1.0,1.0,0.622,1.0,127.0,1.0,1.0
4b11ef0808cf11ebbd95ac1f6bf848b6,chunk_focused_128,chunk,focused,1.0,1.0,1.0,1.0,0.6341,0.5,123.0,0.5,0.0
354ab1c408e211ebbda3ac1f6bf848b6,chunk_focused_128,chunk,focused,1.0,1.0,1.0,1.0,0.7619,0.5,126.0,0.5,0.0
4293552c0bb011ebab90acde48001122,chunk_focused_128,chunk,focused,0.0,0.0,0.0,0.3333,0.0,0.0,113.0,1.0,1.0
2a234d2d089911ebbd77ac1f6bf848b6,chunk_focused_128,chunk,focused,1.0,1.0,1.0,1.0,0.7232,1.0,112.0,1.0,1.0
565785740bb011ebab90acde48001122,chunk_focused_128,chunk,focused,0.0,0.0,0.0,0.0,0.0,0.0,108.0,0.5,0.0
511af4e80baf11ebab90acde48001122,chunk_focused_128,chunk,focused,0.0,0.0,0.0,0.6,0.648,0.5,125.0,0.5,0.0
227adf2c086c11ebbd60ac1f6bf848b6,chunk_focused_128,chunk,focused,1.0,1.0,0.0,0.0,0.4,0.25,100.0,0.5,0.0
bac99ab40bd911eba7f7acde48001122,chunk_focused_128,chunk,focused,0.0,0.0,0.0,0.25,0.0,0.0,123.0,0.5,0.0
c001b9b40bdc11eba7f7acde48001122,chunk_focused_128,chunk,focused,0.0,0.0,0.0,0.0,0.0,0.0,127.0,0.5,0.0
c31b2d920bdc11eba7f7acde48001122,chunk_focused_128,chunk,focused,0.0,0.0,0.0,0.0,0.2581,0.5,124.0,0.5,0.0
13288e3a090b11ebbdadac1f6bf848b6,chunk_focused_128,chunk,focused,0.0,0.0,1.0,1.0,0.2661,0.5,124.0,0.5,0.0
f62ae4f9096911ebbdafac1f6bf848b6,chunk_focused_128,chunk,focused,1.0,1.0,1.0,1.0,0.4107,1.0,112.0,1.0,1.0
4bb64b540bde11eba7f7acde48001122,chunk_focused_128,chunk,focused,0.0,0.0,0.0,0.25,0.3089,0.5,123.0,0.5,0.0
4facc3320bd911eba7f7acde48001122,chunk_focused_128,chunk,focused,0.0,0.0,0.0,0.0,0.616,0.5,125.0,0.5,0.0
af07336e0bdc11eba7f7acde48001122,chunk_focused_128,chunk,focused,0.0,0.0,0.0,0.0,0.5315,0.5,111.0,0.5,0.0
06ceba5e0bb011ebab90acde48001122,chunk_focused_128,chunk,focused,0.0,0.0,0.0,0.6667,0.4779,0.5,113.0,0.5,0.0
5a7f3e9d08e711ebbda6ac1f6bf848b6,chunk_focused_128,chunk,focused,0.0,0.0,0.0,0.0,0.8099,1.0,121.0,1.0,1.0
eee1f0af085911ebbd5bac1f6bf848b6,chunk_focused_128,chunk,focused,1.0,1.0,1.0,1.0,0.5508,1.0,118.0,1.0,1.0
7019886b093511ebbdaeac1f6bf848b6,chunk_focused_128,chunk,focused,1.0,1.0,1.0,1.0,0.4603,0.5,126.0,1.0,1.0
8326634a08a111ebbd79ac1f6bf848b6,chunk_focused_128,chunk,focused,0.0,0.0,0.0,0.0,0.4538,1.0,119.0,1.0,1.0
c74ed73b088d11ebbd70ac1f6bf848b6,chunk_focused_128,chunk,focused,1.0,1.0,1.0,1.0,0.8814,0.5,118.0,0.5,0.0
2f3c0934087b11ebbd67ac1f6bf848b6,chunk_focused_128,chunk,focused,0.0,0.0,0.0,0.0,0.816,0.5,125.0,0.5,0.0
0ccfc77808c611ebbd90ac1f6bf848b6,chunk_focused_128,chunk,focused,0.0,0.0,1.0,1.0,0.3906,0.5,128.0,0.5,0.0
5136616008b211ebbd85ac1f6bf848b6,chunk_focused_128,chunk,focused,1.0,1.0,1.0,1.0,0.85,0.5,120.0,0.5,0.0
afcff22e0bda11eba7f7acde48001122,chunk_focused_128,chunk,focused,0.0,0.0,0.0,0.0,0.4016,0.5,127.0,0.5,0.0
986625bc0bdb11eba7f7acde48001122,chunk_focused_128,chunk,focused,0.0,0.0,0.0,0.0,0.6911,0.5,123.0,0.5,0.0
290458a20bda11eba7f7acde48001122,chunk_focused_128,chunk,focused,0.0,0.0,0.0,0.0,0.0,0.0,112.0,0.5,0.0
7eeba090088d11ebbd70ac1f6bf848b6,chunk_focused_128,chunk,focused,1.0,1.0,1.0,1.0,0.2617,1.0,107.0,1.0,1.0
56c3a6c20bd911eba7f7acde48001122,chunk_focused_128,chunk,focused,0.0,0.0,0.0,0.0,0.4793,0.5,121.0,1.0,1.0
0d118fb00bdb11eba7f7acde48001122,chunk_focused_128,chunk,focused,0.0,0.0,0.0,0.0,0.4228,0.5,123.0,0.5,0.0
07fce4900bde11eba7f7acde48001122,chunk_focused_128,chunk,focused,1.0,1.0,0.0,0.0,0.8361,0.5,122.0,0.5,0.0
9ff14fea0baf11ebab90acde48001122,chunk_focused_128,chunk,focused,0.0,0.0,0.0,0.0,0.189,0.5,127.0,0.5,0.0
955ddc6a0bdc11eba7f7acde48001122,chunk_focused_128,chunk,focused,0.0,0.0,0.0,0.0,0.2069,0.5,116.0,0.5,0.0
50b9582c0bb011ebab90acde48001122,chunk_focused_128,chunk,focused,0.0,0.4,1.0,1.0,0.5041,1.0,123.0,1.0,1.0
1b7752be0bdc11eba7f7acde48001122,chunk_focused_128,chunk,focused,0.0,0.0,0.0,0.0,0.4444,0.5,126.0,0.5,0.0
f31d38460bdc11eba7f7acde48001122,chunk_focused_128,chunk,focused,0.0,0.0,0.0,0.0,0.3423,0.5,111.0,1.0,1.0
dd01c8180bd911eba7f7acde48001122,chunk_focused_128,chunk,focused,0.0,0.0,0.0,0.0,0.0,0.0,109.0,1.0,1.0
afc6b59708b611ebbd88ac1f6bf848b6,chunk_focused_128,chunk,focused,1.0,1.0,1.0,1.0,0.3103,0.25,116.0,0.5,0.0
df66ea220bdc11eba7f7acde48001122,chunk_focused_128,chunk,focused,0.0,0.0,0.0,0.0,0.4286,0.5,112.0,1.0,1.0
a84ba2780bda11eba7f7acde48001122,chunk_focused_128,chunk,focused,0.0,0.0,0.0,0.0,0.0,0.0,127.0,0.0,0.0
c418fa2408e811ebbda6ac1f6bf848b6,chunk_focused_128,chunk,focused,0.0,0.0,0.0,0.6667,0.0,0.0,127.0,0.5,0.0
96beb0b3086111ebbd5dac1f6bf848b6,chunk_focused_128,chunk,focused,1.0,1.0,1.0,1.0,0.7823,1.0,124.0,1.0,1.0
74b171780bde11eba7f7acde48001122,chunk_focused_128,chunk,focused,0.0,0.0,0.0,0.0,0.1797,0.5,128.0,0.5,0.0
8930ad3c0bdc11eba7f7acde48001122,chunk_focused_128,chunk,focused,0.0,0.0,0.0,0.0,0.5167,0.5,120.0,0.5,0.0
51a08d5308ac11ebbd82ac1f6bf848b6,chunk_focused_128,chunk,focused,1.0,1.0,1.0,1.0,0.2735,0.5,117.0,1.0,1.0
b4254d4c0bda11eba7f7acde48001122,chunk_focused_128,chunk,focused,0.0,0.0,0.0,0.0,0.3729,0.5,118.0,0.5,0.0
f77f95da0bd911eba7f7acde48001122,chunk_focused_128,chunk,focused,0.0,0.0,0.0,0.0,0.1694,0.5,124.0,0.5,0.0
3581ccec0bdd11eba7f7acde48001122,chunk_focused_128,chunk,focused,0.0,0.0,0.0,0.0,0.0,0.0,128.0,0.0,0.0
20058aec0bde11eba7f7acde48001122,chunk_focused_128,chunk,focused,0.0,0.0,0.0,0.0,0.4921,0.5,126.0,1.0,1.0
f4a66ac60bae11ebab90acde48001122,chunk_focused_128,chunk,focused,0.0,0.2,0.0,0.6667,0.5862,0.5,116.0,0.5,0.0
001ad110086911ebbd5eac1f6bf848b6,chunk_focused_128,chunk,focused,0.0,0.0,0.0,0.0,0.0,0.0,115.0,0.5,0.0
b3c4b3a80bdd11eba7f7acde48001122,chunk_focused_128,chunk,focused,0.0,0.0,0.0,0.0,0.352,0.5,125.0,0.5,0.0
38fdf5420bda11eba7f7acde48001122,chunk_focused_128,chunk,focused,0.0,0.0,0.0,0.0,0.7069,0.5,116.0,0.5,0.0
6a53eb53089b11ebbd78ac1f6bf848b6,chunk_focused_128,chunk,focused,0.0,0.0,0.0,0.0,0.2241,0.5,116.0,1.0,1.0
4c319d400bde11eba7f7acde48001122,chunk_focused_128,chunk,focused,0.0,0.0,0.0,0.0,0.5935,0.5,123.0,1.0,1.0
998f8786089711ebbd77ac1f6bf848b6,chunk_focused_128,chunk,focused,1.0,1.0,1.0,1.0,0.3203,0.25,128.0,0.5,0.0
0b78b1e9087411ebbd67ac1f6bf848b6,chunk_focused_128,chunk,focused,0.0,0.0,0.0,0.0,0.625,0.5,112.0,1.0,1.0
632fcc82085611ebbd59ac1f6bf848b6,chunk_focused_128,chunk,focused,1.0,1.0,1.0,1.0,0.6111,1.0,126.0,1.0,1.0
272062fc088c11ebbd6fac1f6bf848b6,chunk_focused_128,chunk,focused,0.0,0.0,0.0,0.0,0.2619,0.25,126.0,0.25,0.0
241a9d0c0bde11eba7f7acde48001122,chunk_focused_128,chunk,focused,0.0,0.6667,0.0,0.0,0.4286,0.5,98.0,0.5,0.0
c6c492e008bb11ebbd88ac1f6bf848b6,chunk_focused_128,chunk,focused,0.0,0.0,1.0,1.0,0.563,1.0,119.0,1.0,1.0
b67ef6380bda11eba7f7acde48001122,chunk_focused_128,chunk,focused,0.0,0.0,0.0,0.0,0.0,0.0,127.0,0.5,0.0
4a3edf720bdc11eba7f7acde48001122,chunk_focused_128,chunk,focused,0.0,0.0,0.0,0.3333,0.3386,0.5,127.0,0.5,0.0
b21084c2097c11ebbdb0ac1f6bf848b6,chunk_focused_128,chunk,focused,1.0,1.0,1.0,1.0,0.4803,1.0,127.0,1.0,1.0
f5c9a3f2086111ebbd5dac1f6bf848b6,chunk_focused_128,chunk,focused,1.0,1.0,1.0,1.0,0.6172,1.0,128.0,1.0,1.0
1a344858086711ebbd5eac1f6bf848b6,chunk_focused_128,chunk,focused,1.0,1.0,1.0,1.0,0.75,0.5,128.0,0.5,0.0
dac1f66e0bdd11eba7f7acde48001122,chunk_focused_128,chunk,focused,1.0,1.0,0.0,0.0,0.449,0.5,98.0,1.0,1.0
141636ac0bdc11eba7f7acde48001122,chunk_focused_128,chunk,focused,0.0,0.0,0.0,0.0,0.5804,0.5,112.0,1.0,1.0
48b07de00bb011ebab90acde48001122,chunk_focused_128,chunk,focused,0.0,0.2,0.0,0.7143,0.303,0.5,99.0,1.0,1.0
ad193b1808b411ebbd88ac1f6bf848b6,chunk_mmr_128,chunk,mmr,1.0,1.0,1.0,1.0,1.0,0.5,128.0,0.5,0.0
5b168cd8089811ebbd77ac1f6bf848b6,chunk_mmr_128,chunk,mmr,1.0,1.0,1.0,1.0,0.6727,1.0,110.0,1.0,1.0
b23a2b360baf11ebab90acde48001122,chunk_mmr_128,chunk,mmr,0.0,0.0,0.0,0.0,1.0,0.5,122.0,1.0,1.0
c5ffa16a0bdb11eba7f7acde48001122,chunk_mmr_128,chunk,mmr,0.0,0.0,0.0,0.0,0.504,0.5,125.0,0.5,0.0
eb3ff1900baf11ebab90acde48001122,chunk_mmr_128,chunk,mmr,0.0,0.0,0.0,0.6,0.4531,0.5,128.0,1.0,1.0
59a16ade0baf11ebab90acde48001122,chunk_mmr_128,chunk,mmr,0.0,0.0,0.0,0.0,0.6667,0.5,123.0,0.5,0.0
5c9ef1d80bdd11eba7f7acde48001122,chunk_mmr_128,chunk,mmr,0.0,0.0,0.0,0.0,0.0,0.0,115.0,0.5,0.0
a537c442086d11ebbd62ac1f6bf848b6,chunk_mmr_128,chunk,mmr,1.0,1.0,1.0,1.0,0.8594,0.5,128.0,0.5,0.0
01588f7208be11ebbd8aac1f6bf848b6,chunk_mmr_128,chunk,mmr,1.0,1.0,1.0,1.0,1.0,0.5,125.0,0.5,0.0
6b55ac320bdb11eba7f7acde48001122,chunk_mmr_128,chunk,mmr,0.0,0.0,0.0,0.0,0.5085,0.5,118.0,1.0,1.0
fde95590089c11ebbd78ac1f6bf848b6,chunk_mmr_128,chunk,mmr,1.0,1.0,0.0,0.0,0.72,0.5,125.0,1.0,1.0
1f8a41b60bde11eba7f7acde48001122,chunk_mmr_128,chunk,mmr,0.0,0.0,0.0,0.0,0.2602,0.5,123.0,1.0,1.0
50008e080bda11eba7f7acde48001122,chunk_mmr_128,chunk,mmr,0.0,0.0,0.0,0.0,0.1417,0.5,120.0,0.5,0.0
9f62be2008ac11ebbd83ac1f6bf848b6,chunk_mmr_128,chunk,mmr,0.0,0.0,0.0,0.0,0.4576,0.5,118.0,1.0,1.0
6bb800f00bde11eba7f7acde48001122,chunk_mmr_128,chunk,mmr,0.0,0.0,1.0,1.0,1.0,0.5,118.0,1.0,1.0
1822cbb4089111ebbd72ac1f6bf848b6,chunk_mmr_128,chunk,mmr,1.0,1.0,1.0,1.0,0.8761,0.5,113.0,0.5,0.0
87154f1e0bda11eba7f7acde48001122,chunk_mmr_128,chunk,mmr,0.0,0.0,0.0,0.0,0.3333,0.5,90.0,0.5,0.0
709430f20bda11eba7f7acde48001122,chunk_mmr_128,chunk,mmr,0.0,0.0,0.0,0.0,0.1641,0.5,128.0,1.0,1.0
1aecfdf608a011ebbd78ac1f6bf848b6,chunk_mmr_128,chunk,mmr,0.0,0.0,0.0,0.3333,1.0,1.0,113.0,1.0,1.0
03d68971096e11ebbdb0ac1f6bf848b6,chunk_mmr_128,chunk,mmr,0.0,0.0,0.0,0.0,0.536,1.0,125.0,1.0,1.0
8a6eec600bda11eba7f7acde48001122,chunk_mmr_128,chunk,mmr,0.0,0.0,0.0,0.0,0.5574,0.5,122.0,1.0,1.0
3497795008bb11ebbd88ac1f6bf848b6,chunk_mmr_128,chunk,mmr,0.0,0.0,0.0,0.3333,0.504,0.25,125.0,0.5,0.0
305e54500bde11eba7f7acde48001122,chunk_mmr_128,chunk,mmr,0.0,0.0,0.0,0.0,0.4091,0.5,110.0,0.5,0.0
6aa8edb5086411ebbd5eac1f6bf848b6,chunk_mmr_128,chunk,mmr,1.0,1.0,1.0,1.0,0.5246,0.5,122.0,1.0,1.0
4a8d58f0085811ebbd5aac1f6bf848b6,chunk_mmr_128,chunk,mmr,1.0,1.0,1.0,1.0,0.6694,0.5,121.0,0.5,0.0
00ce250d095f11ebbdafac1f6bf848b6,chunk_mmr_128,chunk,mmr,1.0,1.0,1.0,1.0,0.7664,1.0,107.0,1.0,1.0
c6128932093b11ebbdaeac1f6bf848b6,chunk_mmr_128,chunk,mmr,0.0,0.0,1.0,1.0,1.0,1.0,124.0,1.0,1.0
d6c5f2680bdd11eba7f7acde48001122,chunk_mmr_128,chunk,mmr,0.0,0.0,1.0,1.0,0.2,0.5,125.0,0.5,0.0
07626317086e11ebbd62ac1f6bf848b6,chunk_mmr_128,chunk,mmr,1.0,1.0,0.0,0.0,0.6931,0.5,101.0,0.75,0.0
61f9bff8089711ebbd77ac1f6bf848b6,chunk_mmr_128,chunk,mmr,0.0,0.0,1.0,1.0,0.5,0.5,126.0,0.5,0.0
c3e1ad9e090d11ebbdadac1f6bf848b6,chunk_mmr_128,chunk,mmr,1.0,1.0,1.0,1.0,0.576,1.0,125.0,1.0,1.0
093fcf360bdc11eba7f7acde48001122,chunk_mmr_128,chunk,mmr,0.0,0.0,0.0,0.0,0.0,0.0,115.0,0.5,0.0
6a419ba2087611ebbd67ac1f6bf848b6,chunk_mmr_128,chunk,mmr,1.0,1.0,1.0,1.0,0.4094,0.5,127.0,0.5,0.0
9bd0c7e60bdd11eba7f7acde48001122,chunk_mmr_128,chunk,mmr,0.0,0.0,0.0,0.0,0.0,0.0,126.0,0.5,0.0
fdbb770408da11ebbd9cac1f6bf848b6,chunk_mmr_128,chunk,mmr,1.0,1.0,0.0,0.0,0.2105,0.25,114.0,0.5,0.0
3cc74fb60bda11eba7f7acde48001122,chunk_mmr_128,chunk,mmr,0.0,0.0,0.0,0.0,0.2131,0.5,122.0,0.5,0.0
234c4f060bde11eba7f7acde48001122,chunk_mmr_128,chunk,mmr,0.0,0.0,1.0,1.0,0.4836,0.5,122.0,1.0,1.0
c807422a0bda11eba7f7acde48001122,chunk_mmr_128,chunk,mmr,0.0,0.0,0.0,0.0,0.189,0.5,127.0,0.5,0.0
77119398087411ebbd67ac1f6bf848b6,chunk_mmr_128,chunk,mmr,0.0,0.0,0.0,0.0,0.3248,0.5,117.0,1.0,1.0
922587b80bdd11eba7f7acde48001122,chunk_mmr_128,chunk,mmr,0.0,0.0,0.0,0.0,0.0,0.0,102.0,0.5,0.0
7de9188c088b11ebbd6fac1f6bf848b6,chunk_mmr_128,chunk,mmr,0.0,0.5714,0.0,0.5,0.3659,0.5,82.0,0.5,0.0
ba3380fe0bdb11eba7f7acde48001122,chunk_mmr_128,chunk,mmr,0.0,0.0,0.0,0.0,0.0,0.0,109.0,0.5,0.0
710d0e740bde11eba7f7acde48001122,chunk_mmr_128,chunk,mmr,0.0,0.0,0.0,0.0,0.3906,0.5,128.0,0.5,0.0
562aab540baf11ebab90acde48001122,chunk_mmr_128,chunk,mmr,0.0,0.2222,1.0,1.0,0.5118,1.0,127.0,1.0,1.0
9ab545800bdd11eba7f7acde48001122,chunk_mmr_128,chunk,mmr,0.0,0.0,0.0,0.0,0.3361,0.5,119.0,0.5,0.0
61456758085411ebbd59ac1f6bf848b6,chunk_mmr_128,chunk,mmr,0.0,0.3333,1.0,1.0,0.675,0.25,120.0,0.5,0.0
26f25e9d089c11ebbd78ac1f6bf848b6,chunk_mmr_128,chunk,mmr,1.0,1.0,1.0,1.0,0.5403,1.0,124.0,1.0,1.0
ce5bfc90086c11ebbd61ac1f6bf848b6,chunk_mmr_128,chunk,mmr,0.0,0.0,0.0,0.0,0.3571,0.25,126.0,0.5,0.0
f893967608a811ebbd7fac1f6bf848b6,chunk_mmr_128,chunk,mmr,1.0,1.0,1.0,1.0,1.0,1.0,126.0,1.0,1.0
346a41b4084e11ebbd56ac1f6bf848b6,chunk_mmr_128,chunk,mmr,1.0,1.0,1.0,1.0,0.6719,0.5,128.0,0.5,0.0
bcbd76e608a111ebbd79ac1f6bf848b6,chunk_mmr_128,chunk,mmr,1.0,1.0,1.0,1.0,0.1562,0.25,128.0,0.5,0.0
f26542c808c511ebbd8fac1f6bf848b6,chunk_mmr_128,chunk,mmr,0.0,0.0,1.0,1.0,0.6182,0.5,110.0,0.5,0.0
5b1e1f240bdc11eba7f7acde48001122,chunk_mmr_128,chunk,mmr,0.0,0.0,0.0,0.3333,0.2667,0.5,120.0,0.5,0.0
b146f47c0bda11eba7f7acde48001122,chunk_mmr_128,chunk,mmr,0.0,0.0,0.0,0.0,0.0,0.0,121.0,1.0,1.0
9c996f860bdb11eba7f7acde48001122,chunk_mmr_128,chunk,mmr,0.0,0.0,0.0,0.0,0.0,0.0,124.0,1.0,1.0
f491b33e0bda11eba7f7acde48001122,chunk_mmr_128,chunk,mmr,0.0,0.0,0.0,0.0,0.377,0.5,122.0,0.5,0.0
21d2a107091911ebbdaeac1f6bf848b6,chunk_mmr_128,chunk,mmr,1.0,1.0,1.0,1.0,0.4609,1.0,128.0,1.0,1.0
10e63c10087211ebbd64ac1f6bf848b6,chunk_mmr_128,chunk,mmr,1.0,1.0,0.0,0.0,0.5,0.25,114.0,0.5,0.0
5c7ce15a0bde11eba7f7acde48001122,chunk_mmr_128,chunk,mmr,0.0,0.0,0.0,0.0,0.5238,0.5,105.0,0.5,0.0
b0e112940bdd11eba7f7acde48001122,chunk_mmr_128,chunk,mmr,0.0,0.0,0.0,0.0,0.2149,0.5,121.0,0.5,0.0
e6a74e020bdd11eba7f7acde48001122,chunk_mmr_128,chunk,mmr,0.0,0.0,0.0,0.0,0.2362,0.5,127.0,0.5,0.0
0963c8b80bdd11eba7f7acde48001122,chunk_mmr_128,chunk,mmr,0.0,0.0,0.0,0.5,0.4153,0.5,118.0,0.5,0.0
09beb233086d11ebbd61ac1f6bf848b6,chunk_mmr_128,chunk,mmr,0.0,0.0,1.0,1.0,0.856,1.0,125.0,1.0,1.0
963fffd60bdd11eba7f7acde48001122,chunk_mmr_128,chunk,mmr,1.0,1.0,1.0,1.0,0.2846,1.0,123.0,1.0,1.0
f0d6f50c08eb11ebbda7ac1f6bf848b6,chunk_mmr_128,chunk,mmr,0.0,0.0,0.0,0.5,0.2083,0.5,120.0,1.0,1.0
33d1a6d60bda11eba7f7acde48001122,chunk_mmr_128,chunk,mmr,0.0,0.0,0.0,0.0,0.4683,0.5,126.0,1.0,1.0
f31afa16094511ebbdaeac1f6bf848b6,chunk_mmr_128,chunk,mmr,0.0,0.0,1.0,1.0,0.7742,1.0,124.0,1.0,1.0
3654974a08df11ebbda0ac1f6bf848b6,chunk_mmr_128,chunk,mmr,0.0,0.0,1.0,1.0,0.6134,0.5,119.0,0.75,0.0
2d2fdefe085311ebbd59ac1f6bf848b6,chunk_mmr_128,chunk,mmr,0.0,0.0,0.0,0.5,0.0,0.0,128.0,1.0,1.0
7a01a52a089c11ebbd78ac1f6bf848b6,chunk_mmr_128,chunk,mmr,0.0,0.0,1.0,1.0,0.5078,0.5,128.0,0.5,0.0
d8a00ed40bdd11eba7f7acde48001122,chunk_mmr_128,chunk,mmr,0.0,0.0,0.0,0.0,0.5078,0.5,128.0,0.5,0.0
c37f944e08e611ebbda5ac1f6bf848b6,chunk_mmr_128,chunk,mmr,1.0,1.0,1.0,1.0,0.8016,1.0,126.0,1.0,1.0
b670607d08b611ebbd88ac1f6bf848b6,chunk_mmr_128,chunk,mmr,1.0,1.0,1.0,1.0,1.0,0.5,120.0,0.75,0.0
62a0531e0bde11eba7f7acde48001122,chunk_mmr_128,chunk,mmr,0.0,0.0,0.0,0.0,0.5833,0.5,120.0,0.5,0.0
03f2846e0bb011ebab90acde48001122,chunk_mmr_128,chunk,mmr,0.0,0.2857,0.0,0.6,0.7459,1.0,122.0,1.0,1.0
98da1bb608d411ebbd96ac1f6bf848b6,chunk_mmr_128,chunk,mmr,1.0,1.0,1.0,1.0,1.0,0.75,122.0,0.75,0.0
bb792556091811ebbdaeac1f6bf848b6,chunk_mmr_128,chunk,mmr,1.0,1.0,0.0,0.6667,0.6796,1.0,103.0,1.0,1.0
46e99a3d094111ebbdaeac1f6bf848b6,chunk_mmr_128,chunk,mmr,1.0,1.0,1.0,1.0,0.3516,1.0,128.0,1.0,1.0
2f6aa3ba0bb011ebab90acde48001122,chunk_mmr_128,chunk,mmr,0.0,0.1818,0.0,0.2,0.0,0.0,123.0,1.0,1.0
41b295500bb011ebab90acde48001122,chunk_mmr_128,chunk,mmr,0.0,0.0,0.0,0.0,0.4397,0.5,116.0,1.0,1.0
132a5430085d11ebbd5cac1f6bf848b6,chunk_mmr_128,chunk,mmr,0.0,0.0,0.0,0.0,0.6016,1.0,128.0,1.0,1.0
08e7eb340bde11eba7f7acde48001122,chunk_mmr_128,chunk,mmr,0.0,0.0,0.0,0.0,0.0,0.0,114.0,0.5,0.0
91ec5b380bdc11eba7f7acde48001122,chunk_mmr_128,chunk,mmr,0.0,0.0,0.0,0.0,0.3186,0.5,113.0,0.5,0.0
bf5c81fa0bdd11eba7f7acde48001122,chunk_mmr_128,chunk,mmr,0.0,0.0,0.0,0.0,0.3226,0.5,124.0,0.5,0.0
cf9a08f608c911ebbd92ac1f6bf848b6,chunk_mmr_128,chunk,mmr,0.0,0.0,1.0,1.0,0.2727,0.25,121.0,0.5,0.0
0e5e54c908c211ebbd8bac1f6bf848b6,chunk_mmr_128,chunk,mmr,0.0,0.0,0.0,0.0,0.9262,0.5,122.0,1.0,1.0
af1ee605093511ebbdaeac1f6bf848b6,chunk_mmr_128,chunk,mmr,1.0,1.0,1.0,1.0,0.4839,1.0,124.0,1.0,1.0
3e0cebde0bd911eba7f7acde48001122,chunk_mmr_128,chunk,mmr,0.0,0.0,0.0,0.0,0.6378,0.5,127.0,0.5,0.0
0518615a0bde11eba7f7acde48001122,chunk_mmr_128,chunk,mmr,0.0,0.0,0.0,0.0,0.6957,0.5,115.0,1.0,1.0
3d22de280bb011ebab90acde48001122,chunk_mmr_128,chunk,mmr,0.0,0.0,0.0,0.5,0.0,0.0,107.0,0.5,0.0
b6afbad60bdd11eba7f7acde48001122,chunk_mmr_128,chunk,mmr,0.0,0.0,0.0,0.0,0.3962,0.5,106.0,1.0,1.0
0b91d3200bdb11eba7f7acde48001122,chunk_mmr_128,chunk,mmr,0.0,0.0,0.0,0.0,0.4087,0.5,115.0,0.5,0.0
1621c01108f011ebbda8ac1f6bf848b6,chunk_mmr_128,chunk,mmr,1.0,1.0,1.0,1.0,1.0,1.0,113.0,1.0,1.0
8b5f752e0bdd11eba7f7acde48001122,chunk_mmr_128,chunk,mmr,0.0,0.0,0.0,0.0,0.0976,0.5,123.0,0.5,0.0
5e02b99208b811ebbd88ac1f6bf848b6,chunk_mmr_128,chunk,mmr,1.0,1.0,1.0,1.0,0.5789,0.5,114.0,0.5,0.0
a809d3720bdd11eba7f7acde48001122,chunk_mmr_128,chunk,mmr,0.0,0.0,0.0,0.0,0.6496,0.5,117.0,0.5,0.0
ade9a5980baf11ebab90acde48001122,chunk_mmr_128,chunk,mmr,0.0,0.0,0.0,0.0,0.1508,0.5,126.0,1.0,1.0
8012a1e008af11ebbd83ac1f6bf848b6,chunk_mmr_128,chunk,mmr,0.0,0.0,0.0,0.0,0.1429,0.25,126.0,0.5,0.0
d19a4bb80bdd11eba7f7acde48001122,chunk_mmr_128,chunk,mmr,0.0,0.0,0.0,0.0,0.6937,0.5,111.0,0.5,0.0
b6b306fa0bdd11eba7f7acde48001122,chunk_mmr_128,chunk,mmr,0.0,0.0,0.0,0.0,0.0,0.0,116.0,0.5,0.0
d71f453b085811ebbd5bac1f6bf848b6,chunk_mmr_128,chunk,mmr,0.0,0.0,0.0,0.0,0.6772,0.25,127.0,0.5,0.0
2de71a8a0bda11eba7f7acde48001122,chunk_mmr_128,chunk,mmr,0.0,0.0,0.0,0.0,0.7521,0.5,121.0,0.5,0.0
cee7790e08cc11ebbd93ac1f6bf848b6,chunk_mmr_128,chunk,mmr,0.0,0.0,0.0,0.0,0.6909,0.25,110.0,0.5,0.0
623ea4080bb011ebab90acde48001122,chunk_mmr_128,chunk,mmr,0.0,0.0,0.0,0.2857,0.4959,0.5,123.0,0.5,0.0
8d9bf1c80bb011ebab90acde48001122,chunk_mmr_128,chunk,mmr,0.0,0.2222,0.0,0.5,0.0,0.0,89.0,0.5,0.0
572c3827088311ebbd6dac1f6bf848b6,chunk_mmr_128,chunk,mmr,0.0,0.0,0.0,0.5,0.7603,0.5,121.0,0.5,0.0
b1e64cc60bd911eba7f7acde48001122,chunk_mmr_128,chunk,mmr,0.0,0.0,0.0,0.0,0.8515,0.5,101.0,1.0,1.0
0b9a520108c211ebbd8bac1f6bf848b6,chunk_mmr_128,chunk,mmr,0.0,0.0,1.0,1.0,0.3443,0.25,122.0,0.5,0.0
04e9521d088b11ebbd6fac1f6bf848b6,chunk_mmr_128,chunk,mmr,0.0,0.0,0.0,0.0,0.2079,0.5,101.0,1.0,1.0
8522d9b2092011ebbdaeac1f6bf848b6,chunk_mmr_128,chunk,mmr,0.0,0.0,1.0,1.0,0.6991,1.0,113.0,1.0,1.0
ec697d900bda11eba7f7acde48001122,chunk_mmr_128,chunk,mmr,0.0,0.0,0.0,0.3333,0.7561,0.5,123.0,0.5,0.0
950bd11a090f11ebbdadac1f6bf848b6,chunk_mmr_128,chunk,mmr,0.0,0.0,1.0,1.0,0.568,0.5,125.0,1.0,1.0
c1b9c0ac0bdd11eba7f7acde48001122,chunk_mmr_128,chunk,mmr,0.0,0.0,0.0,0.3333,0.0,0.0,126.0,0.5,0.0
d2c47e1008df11ebbda1ac1f6bf848b6,chunk_mmr_128,chunk,mmr,1.0,1.0,1.0,1.0,0.3359,0.5,128.0,0.5,0.0
7b2bf8fc0bd911eba7f7acde48001122,chunk_mmr_128,chunk,mmr,0.0,0.0,0.0,0.0,0.6694,0.5,124.0,1.0,1.0
b5ccab240bdd11eba7f7acde48001122,chunk_mmr_128,chunk,mmr,0.0,0.0,0.0,0.3333,0.5081,0.5,124.0,0.5,0.0
6a70f6f80bb011ebab90acde48001122,chunk_mmr_128,chunk,mmr,0.0,0.0,0.0,0.0,0.4531,0.5,128.0,0.5,0.0
1f9e4658084f11ebbd56ac1f6bf848b6,chunk_mmr_128,chunk,mmr,0.0,0.0,1.0,1.0,0.418,0.25,122.0,0.5,0.0
5caef2f8096411ebbdafac1f6bf848b6,chunk_mmr_128,chunk,mmr,0.0,0.0,1.0,1.0,0.5433,1.0,127.0,1.0,1.0
b081e08408e111ebbda3ac1f6bf848b6,chunk_mmr_128,chunk,mmr,0.0,0.0,1.0,1.0,0.7619,0.25,126.0,0.5,0.0
f113f24e08ad11ebbd83ac1f6bf848b6,chunk_mmr_128,chunk,mmr,0.0,0.0,1.0,1.0,1.0,0.75,126.0,0.75,0.0
a6d397ea0bdd11eba7f7acde48001122,chunk_mmr_128,chunk,mmr,0.0,0.0,0.0,0.0,0.562,0.5,121.0,0.5,0.0
04a065a60bde11eba7f7acde48001122,chunk_mmr_128,chunk,mmr,0.0,0.0,0.0,0.0,0.6429,0.5,126.0,0.5,0.0
534fbfd00bd911eba7f7acde48001122,chunk_mmr_128,chunk,mmr,0.0,0.0,0.0,0.0,0.6855,0.5,124.0,1.0,1.0
286461f808ba11ebbd88ac1f6bf848b6,chunk_mmr_128,chunk,mmr,1.0,1.0,1.0,1.0,0.6486,1.0,111.0,1.0,1.0
2fa40dae0bdc11eba7f7acde48001122,chunk_mmr_128,chunk,mmr,0.0,0.0,0.0,0.0,0.1795,0.5,117.0,0.5,0.0
a19ca5c80bdd11eba7f7acde48001122,chunk_mmr_128,chunk,mmr,0.0,0.0,1.0,1.0,0.5935,0.5,123.0,0.5,0.0
6a807fc40bb011ebab90acde48001122,chunk_mmr_128,chunk,mmr,0.0,0.0,0.0,0.4,0.7983,0.5,119.0,0.5,0.0
1118315c0bdd11eba7f7acde48001122,chunk_mmr_128,chunk,mmr,0.0,0.0,0.0,0.0,0.352,0.5,125.0,0.5,0.0
185a906e0bdc11eba7f7acde48001122,chunk_mmr_128,chunk,mmr,0.0,0.0,0.0,0.5,0.1825,0.5,126.0,0.5,0.0
77f4e0140bb011ebab90acde48001122,chunk_mmr_128,chunk,mmr,0.0,0.0,0.0,0.0,0.0,0.0,120.0,0.5,0.0
2a98df6408d111ebbd95ac1f6bf848b6,chunk_mmr_128,chunk,mmr,0.0,0.0,0.0,0.0,0.8911,1.0,101.0,1.0,1.0
025359200bde11eba7f7acde48001122,chunk_mmr_128,chunk,mmr,0.0,0.0,0.0,0.0,0.2975,0.5,121.0,0.5,0.0
bd34477e0baf11ebab90acde48001122,chunk_mmr_128,chunk,mmr,0.0,0.8333,0.0,0.8333,0.4144,0.5,111.0,1.0,1.0
6a8a71280bb011ebab90acde48001122,chunk_mmr_128,chunk,mmr,0.0,0.2857,0.0,0.5,0.0,0.0,122.0,1.0,1.0
ef9cbeca0bdd11eba7f7acde48001122,chunk_mmr_128,chunk,mmr,0.0,0.5,1.0,1.0,0.3571,1.0,126.0,1.0,1.0
c218a802090711ebbdadac1f6bf848b6,chunk_mmr_128,chunk,mmr,1.0,1.0,0.0,0.0,0.5299,0.5,117.0,1.0,1.0
f94832c408b811ebbd88ac1f6bf848b6,chunk_mmr_128,chunk,mmr,0.0,0.0,1.0,1.0,0.3365,0.25,104.0,0.5,0.0
8d2382e0085811ebbd5aac1f6bf848b6,chunk_mmr_128,chunk,mmr,0.0,0.0,1.0,1.0,0.4876,1.0,121.0,1.0,1.0
86fb31260bdd11eba7f7acde48001122,chunk_mmr_128,chunk,mmr,0.0,0.0,0.0,0.3333,0.152,0.5,125.0,1.0,1.0
18c0ccb1086911ebbd5eac1f6bf848b6,chunk_mmr_128,chunk,mmr,1.0,1.0,1.0,1.0,0.2807,0.5,114.0,1.0,1.0
e6f8d00a089611ebbd76ac1f6bf848b6,chunk_mmr_128,chunk,mmr,0.0,0.0,0.0,0.0,0.3333,0.5,126.0,1.0,1.0
8919fb50085311ebbd59ac1f6bf848b6,chunk_mmr_128,chunk,mmr,0.0,0.0,1.0,1.0,0.7165,1.0,127.0,1.0,1.0
d5a61878086b11ebbd60ac1f6bf848b6,chunk_mmr_128,chunk,mmr,1.0,1.0,1.0,1.0,0.6207,1.0,116.0,1.0,1.0
f6973183085a11ebbd5cac1f6bf848b6,chunk_mmr_128,chunk,mmr,0.0,0.0,1.0,1.0,0.5703,0.5,128.0,0.5,0.0
fc031d360baf11ebab90acde48001122,chunk_mmr_128,chunk,mmr,0.0,0.0,0.0,0.2,0.2698,0.5,126.0,0.5,0.0
e5c738900bdc11eba7f7acde48001122,chunk_mmr_128,chunk,mmr,0.0,0.0,0.0,0.0,0.664,0.5,125.0,0.5,0.0
6b466508097711ebbdb0ac1f6bf848b6,chunk_mmr_128,chunk,mmr,1.0,1.0,1.0,1.0,0.7109,0.5,128.0,1.0,1.0
46bd0bd6087511ebbd67ac1f6bf848b6,chunk_mmr_128,chunk,mmr,0.0,0.0,1.0,1.0,0.1508,0.25,126.0,0.5,0.0
d1bdbdbe087711ebbd67ac1f6bf848b6,chunk_mmr_128,chunk,mmr,0.0,0.0,0.0,0.0,0.7561,0.25,123.0,0.75,0.0
6152f66c08df11ebbda0ac1f6bf848b6,chunk_mmr_128,chunk,mmr,0.0,0.0,1.0,1.0,1.0,0.5,124.0,0.5,0.0
98a3e5e9089111ebbd73ac1f6bf848b6,chunk_mmr_128,chunk,mmr,1.0,1.0,1.0,1.0,0.3651,0.5,126.0,0.5,0.0
6946f8d20baf11ebab90acde48001122,chunk_mmr_128,chunk,mmr,0.0,0.0,0.0,0.3333,0.6581,0.5,117.0,0.5,0.0
3d4662300bb011ebab90acde48001122,chunk_mmr_128,chunk,mmr,1.0,1.0,1.0,1.0,0.0,0.0,114.0,0.5,0.0
c504923408fe11ebbdadac1f6bf848b6,chunk_mmr_128,chunk,mmr,1.0,1.0,1.0,1.0,0.6063,1.0,127.0,1.0,1.0
922a629c0bb011ebab90acde48001122,chunk_mmr_128,chunk,mmr,0.0,0.0,0.0,0.6,0.6724,0.5,116.0,0.5,0.0
0e967bac08a711ebbd7fac1f6bf848b6,chunk_mmr_128,chunk,mmr,1.0,1.0,1.0,1.0,0.375,0.5,120.0,0.5,0.0
c1aa9b640bdc11eba7f7acde48001122,chunk_mmr_128,chunk,mmr,0.0,0.0,0.0,0.0,0.3386,0.5,127.0,1.0,1.0
dba424900baf11ebab90acde48001122,chunk_mmr_128,chunk,mmr,0.0,0.0,0.0,0.3333,0.256,0.5,125.0,0.5,0.0
f4cc9d4908b311ebbd86ac1f6bf848b6,chunk_mmr_128,chunk,mmr,0.0,0.0,1.0,1.0,0.528,0.5,125.0,0.5,0.0
6b850e0e0baf11ebab90acde48001122,chunk_mmr_128,chunk,mmr,0.0,0.2857,1.0,1.0,0.7951,1.0,122.0,1.0,1.0
abce7ee208b111ebbd85ac1f6bf848b6,chunk_mmr_128,chunk,mmr,1.0,1.0,1.0,1.0,0.375,0.25,128.0,0.5,0.0
6615041e0bb011ebab90acde48001122,chunk_mmr_128,chunk,mmr,0.0,0.0,0.0,0.3333,0.1984,0.5,126.0,0.5,0.0
dc4754a80bdc11eba7f7acde48001122,chunk_mmr_128,chunk,mmr,0.0,0.0,0.0,0.0,0.6719,0.5,128.0,0.5,0.0
6bd86dd4087f11ebbd6bac1f6bf848b6,chunk_mmr_128,chunk,mmr,0.0,0.0,0.0,0.0,0.3871,0.25,124.0,0.5,0.0
98ab6cfe08c411ebbd8eac1f6bf848b6,chunk_mmr_128,chunk,mmr,1.0,1.0,1.0,1.0,1.0,0.5,122.0,0.5,0.0
c30b9f8108b211ebbd85ac1f6bf848b6,chunk_mmr_128,chunk,mmr,1.0,1.0,0.0,0.5,0.5397,0.5,126.0,1.0,1.0
49e0153808ac11ebbd82ac1f6bf848b6,chunk_mmr_128,chunk,mmr,1.0,1.0,1.0,1.0,0.6694,0.5,124.0,0.5,0.0
2fcc3e3e0bda11eba7f7acde48001122,chunk_mmr_128,chunk,mmr,0.0,0.0,0.0,0.0,0.9435,0.5,124.0,1.0,1.0
8a6610400bda11eba7f7acde48001122,chunk_mmr_128,chunk,mmr,0.0,0.0,0.0,0.0,0.3559,0.5,118.0,0.5,0.0
e172d3b20baf11ebab90acde48001122,chunk_mmr_128,chunk,mmr,0.0,0.0,0.0,0.0,1.0,0.5,112.0,1.0,1.0
c365be0608ae11ebbd83ac1f6bf848b6,chunk_mmr_128,chunk,mmr,1.0,1.0,1.0,1.0,1.0,1.0,122.0,1.0,1.0
a9406286088d11ebbd70ac1f6bf848b6,chunk_mmr_128,chunk,mmr,1.0,1.0,1.0,1.0,0.2727,0.25,121.0,0.5,0.0
6b84004a0baf11ebab90acde48001122,chunk_mmr_128,chunk,mmr,0.0,0.0,0.0,0.4,0.4369,0.5,103.0,0.5,0.0
caa0a77908ac11ebbd83ac1f6bf848b6,chunk_mmr_128,chunk,mmr,1.0,1.0,1.0,1.0,1.0,0.5,125.0,0.5,0.0
63a51a37096711ebbdafac1f6bf848b6,chunk_mmr_128,chunk,mmr,1.0,1.0,1.0,1.0,0.4274,1.0,117.0,1.0,1.0
647eba07088f11ebbd72ac1f6bf848b6,chunk_mmr_128,chunk,mmr,0.0,0.0,1.0,1.0,1.0,1.0,119.0,1.0,1.0
6e765ee508f611ebbdaaac1f6bf848b6,chunk_mmr_128,chunk,mmr,1.0,1.0,1.0,1.0,0.7232,1.0,112.0,1.0,1.0
dc6e054e0baf11ebab90acde48001122,chunk_mmr_128,chunk,mmr,0.0,0.0,0.0,0.5,0.0,0.0,113.0,0.5,0.0
5c82bfe20bdb11eba7f7acde48001122,chunk_mmr_128,chunk,mmr,0.0,0.0,0.0,0.0,0.3492,0.5,126.0,1.0,1.0
47a59362091411ebbdadac1f6bf848b6,chunk_mmr_128,chunk,mmr,1.0,1.0,1.0,1.0,0.7165,1.0,127.0,1.0,1.0
5bab48ec0bda11eba7f7acde48001122,chunk_mmr_128,chunk,mmr,0.0,0.0,0.0,0.0,0.3607,0.5,122.0,0.5,0.0
d3c779240bdd11eba7f7acde48001122,chunk_mmr_128,chunk,mmr,0.0,0.0,0.0,0.0,0.3034,0.5,89.0,1.0,1.0
57e0ae020bb011ebab90acde48001122,chunk_mmr_128,chunk,mmr,0.0,0.6154,0.0,0.7143,0.4375,0.5,112.0,1.0,1.0
9e2fc7ef08c711ebbd91ac1f6bf848b6,chunk_mmr_128,chunk,mmr,0.0,0.0,0.0,0.0,0.2578,0.25,128.0,0.5,0.0
be9369c80bdd11eba7f7acde48001122,chunk_mmr_128,chunk,mmr,0.0,0.0,0.0,0.0,0.2385,0.5,109.0,0.5,0.0
abaff0940bdb11eba7f7acde48001122,chunk_mmr_128,chunk,mmr,0.0,0.0,0.0,0.0,0.6491,0.5,114.0,0.5,0.0
09aa4e1a0bdc11eba7f7acde48001122,chunk_mmr_128,chunk,mmr,0.0,0.0,0.0,0.0,0.5968,0.5,124.0,0.5,0.0
e4e02a240bda11eba7f7acde48001122,chunk_mmr_128,chunk,mmr,0.0,0.0,0.0,0.5,0.22,0.5,100.0,0.5,0.0
fc9d859008a011ebbd78ac1f6bf848b6,chunk_mmr_128,chunk,mmr,1.0,1.0,1.0,1.0,0.6121,1.0,116.0,1.0,1.0
3c3204c8084d11ebbd56ac1f6bf848b6,chunk_mmr_128,chunk,mmr,0.0,0.0,1.0,1.0,0.4032,0.5,124.0,0.5,0.0
d5bf657c0bdb11eba7f7acde48001122,chunk_mmr_128,chunk,mmr,0.0,0.0,0.0,0.0,0.0,0.0,126.0,1.0,1.0
f4aa6595093611ebbdaeac1f6bf848b6,chunk_mmr_128,chunk,mmr,0.0,0.6667,1.0,1.0,0.6378,1.0,127.0,1.0,1.0
5a34b04e0bd911eba7f7acde48001122,chunk_mmr_128,chunk,mmr,0.0,0.0,0.0,0.0,0.0,0.0,111.0,0.5,0.0
1a3bb74508dc11ebbd9cac1f6bf848b6,chunk_mmr_128,chunk,mmr,0.0,0.0,1.0,1.0,0.8115,0.5,122.0,0.75,0.0
8031698e0bdb11eba7f7acde48001122,chunk_mmr_128,chunk,mmr,0.0,0.0,0.0,0.0,0.4516,0.5,124.0,1.0,1.0
637434540bde11eba7f7acde48001122,chunk_mmr_128,chunk,mmr,1.0,1.0,1.0,1.0,0.5948,0.5,116.0,0.5,0.0
943b50b20bda11eba7f7acde48001122,chunk_mmr_128,chunk,mmr,0.0,0.0,0.0,0.0,0.32,0.5,125.0,0.5,0.0
736afe9e0baf11ebab90acde48001122,chunk_mmr_128,chunk,mmr,0.0,0.0,0.0,0.5,0.3947,0.5,114.0,0.5,0.0
fb6ff1e20bdb11eba7f7acde48001122,chunk_mmr_128,chunk,mmr,0.0,0.0,0.0,0.0,0.561,0.5,123.0,0.5,0.0
42dac74c089311ebbd74ac1f6bf848b6,chunk_mmr_128,chunk,mmr,0.0,0.0,1.0,1.0,1.0,0.5,110.0,0.5,0.0
1407903b089d11ebbd78ac1f6bf848b6,chunk_mmr_128,chunk,mmr,0.0,0.0,0.0,0.0,0.4783,0.5,115.0,1.0,1.0
c4fd6fe80bdd11eba7f7acde48001122,chunk_mmr_128,chunk,mmr,0.0,0.0,0.0,0.0,0.0,0.0,111.0,0.5,0.0
4de007f40bdd11eba7f7acde48001122,chunk_mmr_128,chunk,mmr,0.0,0.0,0.0,0.0,0.3197,0.5,122.0,0.5,0.0
5ead80ee0baf11ebab90acde48001122,chunk_mmr_128,chunk,mmr,0.0,0.4,0.0,0.5,0.0,0.0,126.0,1.0,1.0
a27849740bd911eba7f7acde48001122,chunk_mmr_128,chunk,mmr,0.0,0.0,0.0,0.0,0.6733,0.5,101.0,0.5,0.0
2b871cac0bdc11eba7f7acde48001122,chunk_mmr_128,chunk,mmr,0.0,0.0,0.0,0.0,0.4444,0.5,126.0,0.5,0.0
e2e9a9560bdb11eba7f7acde48001122,chunk_mmr_128,chunk,mmr,0.0,0.0,0.0,0.0,0.0984,0.5,122.0,0.5,0.0
ffee28d80bae11ebab90acde48001122,chunk_mmr_128,chunk,mmr,0.0,0.0,0.0,0.3333,0.6186,0.5,118.0,0.5,0.0
972ecece08ef11ebbda8ac1f6bf848b6,chunk_mmr_128,chunk,mmr,1.0,1.0,0.0,0.0,0.1376,0.5,109.0,1.0,1.0
1948b12e0bda11eba7f7acde48001122,chunk_mmr_128,chunk,mmr,0.0,0.0,0.0,0.0,1.0,0.5,118.0,1.0,1.0
406a4ee00bb011ebab90acde48001122,chunk_mmr_128,chunk,mmr,0.0,0.0,0.0,0.0,0.0,0.0,122.0,0.5,0.0
3d1200fc0bde11eba7f7acde48001122,chunk_mmr_128,chunk,mmr,0.0,0.0,0.0,0.0,0.0,0.0,117.0,0.5,0.0
d1c8b2a00bdd11eba7f7acde48001122,chunk_mmr_128,chunk,mmr,0.0,0.0,0.0,0.0,0.5804,0.5,112.0,0.5,0.0
c400306a0bda11eba7f7acde48001122,chunk_mmr_128,chunk,mmr,0.0,0.0,0.0,0.5,0.2188,0.5,128.0,0.5,0.0
315872d20bde11eba7f7acde48001122,chunk_mmr_128,chunk,mmr,0.0,0.0,0.0,0.0,0.0,0.0,111.0,0.5,0.0
f6e759da0bdb11eba7f7acde48001122,chunk_mmr_128,chunk,mmr,0.0,0.0,0.0,0.0,0.378,0.5,127.0,0.5,0.0
c0409500088f11ebbd72ac1f6bf848b6,chunk_mmr_128,chunk,mmr,0.0,0.0,0.0,0.0,0.0,0.0,124.0,1.0,1.0
138a34f80bdd11eba7f7acde48001122,chunk_mmr_128,chunk,mmr,0.0,0.0,0.0,0.0,0.8629,0.5,124.0,0.5,0.0
2d94661c0bdc11eba7f7acde48001122,chunk_mmr_128,chunk,mmr,0.0,0.0,0.0,0.0,0.4825,0.5,114.0,0.5,0.0
aa72cb6a0baf11ebab90acde48001122,chunk_mmr_128,chunk,mmr,0.0,0.0,1.0,1.0,0.1875,0.5,128.0,1.0,1.0
e6998c7e08de11ebbd9fac1f6bf848b6,chunk_mmr_128,chunk,mmr,1.0,1.0,1.0,1.0,0.1455,0.25,110.0,0.5,0.0
eded9bbf08de11ebbd9fac1f6bf848b6,chunk_mmr_128,chunk,mmr,1.0,1.0,1.0,1.0,0.5547,0.5,128.0,0.5,0.0
6ae076e40bde11eba7f7acde48001122,chunk_mmr_128,chunk,mmr,0.0,0.0,0.0,0.0,0.3884,0.5,121.0,1.0,1.0
a380ab7c08b911ebbd88ac1f6bf848b6,chunk_mmr_128,chunk,mmr,1.0,1.0,1.0,1.0,0.5565,1.0,124.0,1.0,1.0
df3ab4560bdd11eba7f7acde48001122,chunk_mmr_128,chunk,mmr,0.0,0.0,1.0,1.0,0.5968,0.5,124.0,1.0,1.0
df4b96e7087111ebbd63ac1f6bf848b6,chunk_mmr_128,chunk,mmr,0.0,0.0,1.0,1.0,0.7812,0.5,128.0,0.5,0.0
faedda9a0bdb11eba7f7acde48001122,chunk_mmr_128,chunk,mmr,0.0,0.0,0.0,0.5,0.5841,0.5,113.0,1.0,1.0
50bd90820bdc11eba7f7acde48001122,chunk_mmr_128,chunk,mmr,0.0,0.0,0.0,0.0,0.1694,0.5,124.0,0.5,0.0
c01738e20bdd11eba7f7acde48001122,chunk_mmr_128,chunk,mmr,0.0,0.0,0.0,0.3333,0.6696,1.0,112.0,1.0,1.0
3c0091600bde11eba7f7acde48001122,chunk_mmr_128,chunk,mmr,0.0,0.6667,0.0,0.5,0.6613,0.5,124.0,1.0,1.0
1b9c91660bda11eba7f7acde48001122,chunk_mmr_128,chunk,mmr,1.0,1.0,1.0,1.0,1.0,1.0,125.0,1.0,1.0
bd4901b0085e11ebbd5cac1f6bf848b6,chunk_mmr_128,chunk,mmr,1.0,1.0,1.0,1.0,0.5556,0.5,117.0,1.0,1.0
a7419bf3092e11ebbdaeac1f6bf848b6,chunk_mmr_128,chunk,mmr,0.0,0.0,1.0,1.0,0.5873,1.0,126.0,1.0,1.0
fa960b58085911ebbd5bac1f6bf848b6,chunk_mmr_128,chunk,mmr,0.0,0.0,0.0,0.0,0.1967,0.5,122.0,1.0,1.0
582deca408bc11ebbd88ac1f6bf848b6,chunk_mmr_128,chunk,mmr,1.0,1.0,1.0,1.0,0.8537,0.5,123.0,0.5,0.0
a5bd56fc0bdd11eba7f7acde48001122,chunk_mmr_128,chunk,mmr,0.0,0.0,0.0,0.0,0.313,0.5,115.0,1.0,1.0
6d392be40bdd11eba7f7acde48001122,chunk_mmr_128,chunk,mmr,0.0,0.0,1.0,1.0,0.1652,0.5,115.0,1.0,1.0
33d4446c087511ebbd67ac1f6bf848b6,chunk_mmr_128,chunk,mmr,0.0,0.0,0.0,0.0,0.8349,0.75,109.0,1.0,1.0
881866100baf11ebab90acde48001122,chunk_mmr_128,chunk,mmr,0.0,0.0,0.0,0.0,0.2033,0.5,123.0,0.5,0.0
7d88d84d08bc11ebbd88ac1f6bf848b6,chunk_mmr_128,chunk,mmr,0.0,0.0,1.0,1.0,0.7984,0.5,124.0,0.5,0.0
4d3c252e0bda11eba7f7acde48001122,chunk_mmr_128,chunk,mmr,0.0,0.0,1.0,1.0,0.0,0.0,115.0,1.0,1.0
9e0009f60baf11ebab90acde48001122,chunk_mmr_128,chunk,mmr,0.0,0.0,0.0,0.0,0.0,0.0,101.0,0.5,0.0
b8133a100bdd11eba7f7acde48001122,chunk_mmr_128,chunk,mmr,0.0,0.0,0.0,0.0,0.7431,0.5,109.0,1.0,1.0
61082d440bdc11eba7f7acde48001122,chunk_mmr_128,chunk,mmr,0.0,0.0,0.0,0.0,0.2893,0.5,121.0,0.5,0.0
6ea141020baf11ebab90acde48001122,chunk_mmr_128,chunk,mmr,0.0,0.0,0.0,0.5,0.0,0.0,126.0,0.5,0.0
d759ab480bdd11eba7f7acde48001122,chunk_mmr_128,chunk,mmr,0.0,0.0,0.0,0.0,0.0,0.0,115.0,1.0,1.0
2e7a589e085211ebbd58ac1f6bf848b6,chunk_mmr_128,chunk,mmr,0.0,0.0,0.0,0.0,0.7479,0.5,119.0,0.5,0.0
e85d87f4095111ebbdaeac1f6bf848b6,chunk_mmr_128,chunk,mmr,0.0,0.0,1.0,1.0,0.3534,0.5,116.0,1.0,1.0
9a339d60099011ebbdb0ac1f6bf848b6,chunk_mmr_128,chunk,mmr,0.0,0.0,0.0,0.0,0.5385,1.0,104.0,1.0,1.0
5d6e00200bda11eba7f7acde48001122,chunk_mmr_128,chunk,mmr,0.0,0.0,1.0,1.0,0.2756,0.5,127.0,1.0,1.0
2efc2c3b08bf11ebbd8aac1f6bf848b6,chunk_mmr_128,chunk,mmr,0.0,0.0,1.0,1.0,0.55,0.5,120.0,0.5,0.0
0926667308d011ebbd95ac1f6bf848b6,chunk_mmr_128,chunk,mmr,0.0,0.0,0.0,0.0,0.1339,0.5,127.0,1.0,1.0
8f3945d8098111ebbdb0ac1f6bf848b6,chunk_mmr_128,chunk,mmr,1.0,1.0,1.0,1.0,0.6911,1.0,123.0,1.0,1.0
5e8240ea0bdd11eba7f7acde48001122,chunk_mmr_128,chunk,mmr,0.0,0.0,0.0,0.0,0.2205,0.5,127.0,0.5,0.0
36ec2b3a086411ebbd5eac1f6bf848b6,chunk_mmr_128,chunk,mmr,0.0,0.0,1.0,1.0,0.5508,0.5,118.0,0.5,0.0
53175e86086b11ebbd5fac1f6bf848b6,chunk_mmr_128,chunk,mmr,0.0,0.0,0.0,0.6667,0.5873,0.5,126.0,1.0,1.0
66d8f7560bde11eba7f7acde48001122,chunk_mmr_128,chunk,mmr,0.0,0.0,0.0,0.0,0.5965,0.5,114.0,0.5,0.0
a9755ea508a711ebbd7fac1f6bf848b6,chunk_mmr_128,chunk,mmr,1.0,1.0,0.0,0.0,0.776,0.25,125.0,0.5,0.0
6a8b28c00bb011ebab90acde48001122,chunk_mmr_128,chunk,mmr,1.0,1.0,1.0,1.0,0.432,0.5,125.0,1.0,1.0
43a949ae0bdc11eba7f7acde48001122,chunk_mmr_128,chunk,mmr,0.0,0.0,0.0,0.0,0.2114,0.5,123.0,0.5,0.0
b9cb67da092b11ebbdaeac1f6bf848b6,chunk_mmr_128,chunk,mmr,0.0,0.0,1.0,1.0,0.5433,1.0,127.0,1.0,1.0
5390f39c086d11ebbd61ac1f6bf848b6,chunk_mmr_128,chunk,mmr,1.0,1.0,0.0,0.0,0.3008,0.5,123.0,1.0,1.0
d370f0b0085711ebbd5aac1f6bf848b6,chunk_mmr_128,chunk,mmr,1.0,1.0,1.0,1.0,0.626,0.5,123.0,0.5,0.0
adcdb9440bd911eba7f7acde48001122,chunk_mmr_128,chunk,mmr,0.0,0.0,0.0,0.0,0.3621,0.5,116.0,0.5,0.0
1db17ce108a711ebbd7fac1f6bf848b6,chunk_mmr_128,chunk,mmr,0.0,0.0,1.0,1.0,0.4597,0.5,124.0,0.5,0.0
177e0eda0bde11eba7f7acde48001122,chunk_mmr_128,chunk,mmr,0.0,0.0,0.0,0.0,0.5476,0.5,126.0,0.5,0.0
9da14ff1086311ebbd5eac1f6bf848b6,chunk_mmr_128,chunk,mmr,0.0,0.0,0.0,0.0,0.1727,0.5,110.0,1.0,1.0
2f10177608d911ebbd9cac1f6bf848b6,chunk_mmr_128,chunk,mmr,1.0,1.0,1.0,1.0,0.8205,1.0,117.0,1.0,1.0
b52a4d7e0bd911eba7f7acde48001122,chunk_mmr_128,chunk,mmr,0.0,0.0,0.0,0.0,0.2381,0.5,105.0,1.0,1.0
6dd9acf20bda11eba7f7acde48001122,chunk_mmr_128,chunk,mmr,0.0,0.0,0.0,0.0,0.1148,0.5,122.0,0.5,0.0
3f635554096511ebbdafac1f6bf848b6,chunk_mmr_128,chunk,mmr,0.0,0.0,0.0,0.0,0.5263,0.5,114.0,1.0,1.0
8c12ceba0bda11eba7f7acde48001122,chunk_mmr_128,chunk,mmr,0.0,0.0,0.0,0.0,0.4483,0.5,116.0,0.5,0.0
8c1162a5086111ebbd5dac1f6bf848b6,chunk_mmr_128,chunk,mmr,1.0,1.0,1.0,1.0,0.3083,0.5,120.0,1.0,1.0
0585c9aa087f11ebbd6bac1f6bf848b6,chunk_mmr_128,chunk,mmr,0.0,0.0,1.0,1.0,0.6581,0.5,117.0,0.5,0.0
b8407b060bdd11eba7f7acde48001122,chunk_mmr_128,chunk,mmr,0.0,0.0,0.0,0.0,0.6532,0.5,124.0,0.5,0.0
07b62dea0baf11ebab90acde48001122,chunk_mmr_128,chunk,mmr,0.0,0.0,0.0,0.5,0.5727,0.5,110.0,1.0,1.0
fb95c0000bdd11eba7f7acde48001122,chunk_mmr_128,chunk,mmr,0.0,0.0,0.0,0.0,0.2913,0.5,127.0,0.5,0.0
e1abbba9098a11ebbdb0ac1f6bf848b6,chunk_mmr_128,chunk,mmr,0.0,0.0,0.0,0.0,0.5469,1.0,128.0,1.0,1.0
fbf8fd9e0bda11eba7f7acde48001122,chunk_mmr_128,chunk,mmr,0.0,0.0,0.0,0.0,0.688,0.5,125.0,1.0,1.0
636fc8380bde11eba7f7acde48001122,chunk_mmr_128,chunk,mmr,0.0,0.0,0.0,0.3333,0.6396,0.5,111.0,0.5,0.0
0c97f4720bde11eba7f7acde48001122,chunk_mmr_128,chunk,mmr,0.0,0.0,0.0,0.0,0.2,0.5,125.0,1.0,1.0
36787917086811ebbd5eac1f6bf848b6,chunk_mmr_128,chunk,mmr,0.0,0.0,0.0,0.6667,0.3465,0.5,127.0,1.0,1.0
519aee780baf11ebab90acde48001122,chunk_mmr_128,chunk,mmr,0.0,0.0,0.0,0.25,0.6452,0.5,124.0,0.5,0.0
6a81117708f311ebbdaaac1f6bf848b6,chunk_mmr_128,chunk,mmr,1.0,1.0,1.0,1.0,0.8629,1.0,124.0,1.0,1.0
0105676c0bdd11eba7f7acde48001122,chunk_mmr_128,chunk,mmr,1.0,1.0,1.0,1.0,0.8438,1.0,128.0,1.0,1.0
73c53c9809a111ebbdb0ac1f6bf848b6,chunk_mmr_128,chunk,mmr,0.0,0.0,0.0,0.5,0.6167,1.0,120.0,1.0,1.0
7416106b090f11ebbdadac1f6bf848b6,chunk_mmr_128,chunk,mmr,1.0,1.0,1.0,1.0,0.4472,1.0,123.0,1.0,1.0
3a1dbb720bdc11eba7f7acde48001122,chunk_mmr_128,chunk,mmr,0.0,0.0,0.0,0.0,0.25,0.5,124.0,0.5,0.0
ebbf5ec608da11ebbd9cac1f6bf848b6,chunk_mmr_128,chunk,mmr,1.0,1.0,1.0,1.0,0.5818,1.0,110.0,1.0,1.0
3972d2b60baf11ebab90acde48001122,chunk_mmr_128,chunk,mmr,0.0,0.0,0.0,0.0,0.0,0.0,125.0,0.5,0.0
3adb8a740bde11eba7f7acde48001122,chunk_mmr_128,chunk,mmr,0.0,0.0,0.0,0.0,0.304,0.5,125.0,1.0,1.0
13e2f86c0bde11eba7f7acde48001122,chunk_mmr_128,chunk,mmr,0.0,0.0,1.0,1.0,0.6148,0.5,122.0,1.0,1.0
d7af391708bb11ebbd88ac1f6bf848b6,chunk_mmr_128,chunk,mmr,0.0,0.0,0.0,0.0,0.568,0.5,125.0,0.5,0.0
c2b303ae08c411ebbd8eac1f6bf848b6,chunk_mmr_128,chunk,mmr,0.0,0.0,0.0,0.0,0.3028,0.25,109.0,0.5,0.0
db10aea20bd911eba7f7acde48001122,chunk_mmr_128,chunk,mmr,0.0,0.0,0.0,0.0,0.4455,0.5,110.0,0.5,0.0
7a93fcee0bdb11eba7f7acde48001122,chunk_mmr_128,chunk,mmr,0.0,0.0,0.0,0.5,0.4219,0.5,128.0,0.5,0.0
05be9a0c0bde11eba7f7acde48001122,chunk_mmr_128,chunk,mmr,0.0,0.0,1.0,1.0,0.2712,0.5,118.0,0.5,0.0
091c13b20bdb11eba7f7acde48001122,chunk_mmr_128,chunk,mmr,0.0,0.0,0.0,0.0,0.5,0.5,118.0,1.0,1.0
09b198a80bde11eba7f7acde48001122,chunk_mmr_128,chunk,mmr,0.0,0.0,0.0,0.0,0.0,0.0,123.0,1.0,1.0
c827468a0bdd11eba7f7acde48001122,chunk_mmr_128,chunk,mmr,0.0,0.0,0.0,0.3333,0.0,0.0,103.0,0.5,0.0
70f54a060bb011ebab90acde48001122,chunk_mmr_128,chunk,mmr,0.0,0.0,0.0,1.0,0.5,0.5,128.0,1.0,1.0
30e19d9008d611ebbd98ac1f6bf848b6,chunk_mmr_128,chunk,mmr,1.0,1.0,0.0,0.0,0.7734,1.0,128.0,1.0,1.0
43208df60bde11eba7f7acde48001122,chunk_mmr_128,chunk,mmr,0.0,0.0,0.0,0.0,0.0,0.0,123.0,0.5,0.0
5d0eadd80bde11eba7f7acde48001122,chunk_mmr_128,chunk,mmr,0.0,0.0,0.0,0.0,0.0,0.0,122.0,1.0,1.0
9284e77d08f811ebbdaaac1f6bf848b6,chunk_mmr_128,chunk,mmr,1.0,1.0,1.0,1.0,0.6838,0.5,117.0,1.0,1.0
94eba4ce0bdc11eba7f7acde48001122,chunk_mmr_128,chunk,mmr,0.0,0.0,0.0,0.0,0.0,0.0,111.0,0.5,0.0
29427eea0bdd11eba7f7acde48001122,chunk_mmr_128,chunk,mmr,0.0,0.0,0.0,0.0,0.2677,0.5,127.0,1.0,1.0
62a9691e0bb011ebab90acde48001122,chunk_mmr_128,chunk,mmr,0.0,0.0,1.0,1.0,0.7724,1.0,123.0,1.0,1.0
cfc0d3e80bdd11eba7f7acde48001122,chunk_mmr_128,chunk,mmr,0.0,0.0,0.0,0.0,0.6529,0.5,121.0,1.0,1.0
76708e6a08b211ebbd85ac1f6bf848b6,chunk_mmr_128,chunk,mmr,0.0,0.0,0.0,0.0,0.1032,0.5,126.0,1.0,1.0
819dbb7a08d811ebbd9cac1f6bf848b6,chunk_mmr_128,chunk,mmr,1.0,1.0,1.0,1.0,0.3874,0.5,111.0,0.5,0.0
2fee043809b111ebbdb0ac1f6bf848b6,chunk_mmr_128,chunk,mmr,1.0,1.0,0.0,0.0,0.0,0.0,123.0,1.0,1.0
39d43b7d08ae11ebbd83ac1f6bf848b6,chunk_mmr_128,chunk,mmr,1.0,1.0,1.0,1.0,0.8065,0.5,124.0,0.5,0.0
aef6771208b311ebbd86ac1f6bf848b6,chunk_mmr_128,chunk,mmr,1.0,1.0,1.0,1.0,0.7266,0.75,128.0,0.75,0.0
0cc33f200bdd11eba7f7acde48001122,chunk_mmr_128,chunk,mmr,0.0,0.0,0.0,0.0,0.0,0.0,127.0,0.5,0.0
8d1e4c000bdd11eba7f7acde48001122,chunk_mmr_128,chunk,mmr,0.0,0.0,0.0,0.0,0.3361,0.5,122.0,1.0,1.0
d61d3fd20bd911eba7f7acde48001122,chunk_mmr_128,chunk,mmr,0.0,0.0,0.0,0.5,0.1654,0.5,127.0,0.5,0.0
0db2574e0bde11eba7f7acde48001122,chunk_mmr_128,chunk,mmr,0.0,0.0,0.0,0.0,0.232,0.5,125.0,0.5,0.0
48b1e7660bb011ebab90acde48001122,chunk_mmr_128,chunk,mmr,0.0,0.0,0.0,0.25,0.432,0.5,125.0,1.0,1.0
004430780bde11eba7f7acde48001122,chunk_mmr_128,chunk,mmr,0.0,0.0,1.0,1.0,0.6429,0.5,126.0,1.0,1.0
fd4096540bd911eba7f7acde48001122,chunk_mmr_128,chunk,mmr,0.0,0.0,0.0,0.0,0.4821,0.5,112.0,0.5,0.0
1e4d9f2008ff11ebbdadac1f6bf848b6,chunk_mmr_128,chunk,mmr,1.0,1.0,1.0,1.0,0.6723,1.0,119.0,1.0,1.0
0e161d6c084e11ebbd56ac1f6bf848b6,chunk_mmr_128,chunk,mmr,0.0,0.0,0.0,0.0,0.1143,0.25,105.0,0.5,0.0
fe41a8aa0bdd11eba7f7acde48001122,chunk_mmr_128,chunk,mmr,0.0,0.0,0.0,0.0,0.7327,0.5,101.0,0.5,0.0
db371cbb088011ebbd6dac1f6bf848b6,chunk_mmr_128,chunk,mmr,0.0,0.0,0.0,0.0,0.4286,0.5,126.0,1.0,1.0
505a04cc0baf11ebab90acde48001122,chunk_mmr_128,chunk,mmr,0.0,0.0,0.0,0.5,0.4844,0.5,128.0,0.5,0.0
5cd6974c0bdc11eba7f7acde48001122,chunk_mmr_128,chunk,mmr,0.0,0.0,0.0,0.0,1.0,0.5,113.0,0.5,0.0
c6fe0968091111ebbdadac1f6bf848b6,chunk_mmr_128,chunk,mmr,0.0,0.0,0.0,0.0,0.0,0.0,123.0,1.0,1.0
aaaeeb220baf11ebab90acde48001122,chunk_mmr_128,chunk,mmr,0.0,0.0,0.0,0.25,0.6186,0.5,118.0,0.5,0.0
5029152e085d11ebbd5cac1f6bf848b6,chunk_mmr_128,chunk,mmr,1.0,1.0,1.0,1.0,0.5859,1.0,128.0,1.0,1.0
beaf107f089a11ebbd77ac1f6bf848b6,chunk_mmr_128,chunk,mmr,0.0,0.0,0.0,0.0,0.8,1.0,125.0,1.0,1.0
0961bb2808c611ebbd90ac1f6bf848b6,chunk_mmr_128,chunk,mmr,0.0,0.0,0.0,0.8333,0.6855,0.5,124.0,0.5,0.0
8854559c08b911ebbd88ac1f6bf848b6,chunk_mmr_128,chunk,mmr,1.0,1.0,1.0,1.0,0.2478,1.0,113.0,1.0,1.0
09c3e79c0bde11eba7f7acde48001122,chunk_mmr_128,chunk,mmr,0.0,0.0,0.0,0.0,0.624,0.5,125.0,0.5,0.0
59603ef00bdd11eba7f7acde48001122,chunk_mmr_128,chunk,mmr,0.0,0.0,0.0,0.0,0.7661,0.5,124.0,0.5,0.0
13c15658087311ebbd66ac1f6bf848b6,chunk_mmr_128,chunk,mmr,1.0,1.0,1.0,1.0,0.7422,0.5,128.0,0.75,0.0
3de5f3d60bdd11eba7f7acde48001122,chunk_mmr_128,chunk,mmr,1.0,1.0,0.0,0.0,0.2339,0.5,124.0,0.5,0.0
08ceb92e0bda11eba7f7acde48001122,chunk_mmr_128,chunk,mmr,0.0,0.0,0.0,0.0,0.7656,0.5,128.0,0.5,0.0
1b053aca0bdd11eba7f7acde48001122,chunk_mmr_128,chunk,mmr,0.0,0.0,0.0,0.0,0.2547,0.5,106.0,0.5,0.0
dfee66b608c911ebbd92ac1f6bf848b6,chunk_mmr_128,chunk,mmr,0.0,0.0,0.0,0.0,0.4196,0.5,112.0,1.0,1.0
23ae34720bda11eba7f7acde48001122,chunk_mmr_128,chunk,mmr,0.0,0.0,0.0,0.0,0.0,0.0,106.0,0.5,0.0
91f8aeb508b811ebbd88ac1f6bf848b6,chunk_mmr_128,chunk,mmr,1.0,1.0,1.0,1.0,0.9127,0.5,126.0,0.5,0.0
84b2e1e708ce11ebbd94ac1f6bf848b6,chunk_mmr_128,chunk,mmr,0.0,0.0,1.0,1.0,0.5323,0.5,124.0,1.0,1.0
9c1de1cf08b111ebbd85ac1f6bf848b6,chunk_mmr_128,chunk,mmr,1.0,1.0,0.0,0.0,0.3361,0.5,122.0,1.0,1.0
4bc286620bde11eba7f7acde48001122,chunk_mmr_128,chunk,mmr,0.0,0.0,0.0,0.0,0.0,0.0,122.0,1.0,1.0
b4f63414088511ebbd6dac1f6bf848b6,chunk_mmr_128,chunk,mmr,0.0,0.0,0.0,0.0,0.275,0.5,80.0,1.0,1.0
5cc7e4f20bd911eba7f7acde48001122,chunk_mmr_128,chunk,mmr,0.0,0.0,0.0,0.0,0.252,0.5,127.0,0.5,0.0
7d8986360bda11eba7f7acde48001122,chunk_mmr_128,chunk,mmr,0.0,0.0,0.0,0.0,0.7528,0.5,89.0,0.5,0.0
d3493f98086611ebbd5eac1f6bf848b6,chunk_mmr_128,chunk,mmr,1.0,1.0,1.0,1.0,0.7869,1.0,122.0,1.0,1.0
29306dfc0bda11eba7f7acde48001122,chunk_mmr_128,chunk,mmr,0.0,0.5,0.0,0.5,0.6694,0.5,124.0,0.5,0.0
d105363b086e11ebbd62ac1f6bf848b6,chunk_mmr_128,chunk,mmr,0.0,0.1818,0.0,0.2,0.1488,0.5,121.0,1.0,1.0
350112e4085b11ebbd5cac1f6bf848b6,chunk_mmr_128,chunk,mmr,0.0,0.0,0.0,0.0,0.29,0.25,100.0,0.5,0.0
27e926ca0bb011ebab90acde48001122,chunk_mmr_128,chunk,mmr,0.0,0.0,0.0,0.5,0.1724,0.5,116.0,0.5,0.0
650ee40e0bdd11eba7f7acde48001122,chunk_mmr_128,chunk,mmr,0.0,0.0,0.0,0.0,0.0,0.0,91.0,0.5,0.0
43765d20087411ebbd67ac1f6bf848b6,chunk_mmr_128,chunk,mmr,0.0,0.0,0.0,0.0,0.184,0.25,125.0,0.5,0.0
ab5beae00bda11eba7f7acde48001122,chunk_mmr_128,chunk,mmr,0.0,0.0,0.0,0.0,0.0,0.0,103.0,0.5,0.0
95c505f4097f11ebbdb0ac1f6bf848b6,chunk_mmr_128,chunk,mmr,1.0,1.0,1.0,1.0,0.2696,0.5,115.0,1.0,1.0
fb9a9b0c089011ebbd72ac1f6bf848b6,chunk_mmr_128,chunk,mmr,0.0,0.0,1.0,1.0,0.5044,0.5,113.0,1.0,1.0
d4708a220bd911eba7f7acde48001122,chunk_mmr_128,chunk,mmr,0.0,0.0,0.0,0.0,0.2979,0.5,94.0,0.5,0.0
b2a1b19e096e11ebbdb0ac1f6bf848b6,chunk_mmr_128,chunk,mmr,0.0,0.0,0.0,0.0,0.8529,1.0,102.0,1.0,1.0
0c3675d40bda11eba7f7acde48001122,chunk_mmr_128,chunk,mmr,0.0,0.0,0.0,0.0,0.64,0.5,125.0,0.5,0.0
19cae67d097711ebbdb0ac1f6bf848b6,chunk_mmr_128,chunk,mmr,1.0,1.0,1.0,1.0,0.2566,0.5,113.0,1.0,1.0
7257a60608cb11ebbd92ac1f6bf848b6,chunk_mmr_128,chunk,mmr,0.0,0.0,1.0,1.0,0.4609,0.25,128.0,0.5,0.0
3f1b7d3b086c11ebbd61ac1f6bf848b6,chunk_mmr_128,chunk,mmr,0.0,0.0,0.0,0.0,0.8033,0.5,122.0,0.75,0.0
8d8c678b085911ebbd5bac1f6bf848b6,chunk_mmr_128,chunk,mmr,1.0,1.0,1.0,1.0,0.375,0.5,128.0,0.5,0.0
e5bc717c0bdb11eba7f7acde48001122,chunk_mmr_128,chunk,mmr,0.0,0.0,1.0,1.0,0.8583,1.0,120.0,1.0,1.0
57dabdf1091c11ebbdaeac1f6bf848b6,chunk_mmr_128,chunk,mmr,0.0,0.0,0.0,0.0,0.7008,1.0,127.0,1.0,1.0
60bb44320bd911eba7f7acde48001122,chunk_mmr_128,chunk,mmr,0.0,0.0,0.0,0.5,0.6797,0.5,128.0,1.0,1.0
d428aedc08a011ebbd78ac1f6bf848b6,chunk_mmr_128,chunk,mmr,1.0,1.0,1.0,1.0,1.0,0.5,128.0,0.5,0.0
4ef0d0c80bde11eba7f7acde48001122,chunk_mmr_128,chunk,mmr,0.0,0.0,1.0,1.0,0.4793,0.5,121.0,1.0,1.0
1ebbc9b20bde11eba7f7acde48001122,chunk_mmr_128,chunk,mmr,0.0,0.0,0.0,0.0,0.0,0.0,126.0,0.5,0.0
958dc314091911ebbdaeac1f6bf848b6,chunk_mmr_128,chunk,mmr,0.0,0.0,0.0,0.0,0.4355,1.0,124.0,1.0,1.0
3e75a2b908bf11ebbd8aac1f6bf848b6,chunk_mmr_128,chunk,mmr,1.0,1.0,1.0,1.0,0.6641,0.5,128.0,1.0,1.0
c3f2f69a094411ebbdaeac1f6bf848b6,chunk_mmr_128,chunk,mmr,0.0,0.0,0.0,0.6667,0.0,0.0,126.0,1.0,1.0
66eefd9e0bde11eba7f7acde48001122,chunk_mmr_128,chunk,mmr,0.0,0.0,0.0,0.0,0.5827,0.5,127.0,0.5,0.0
658f9a300bd911eba7f7acde48001122,chunk_mmr_128,chunk,mmr,0.0,0.0,0.0,0.0,0.0,0.0,115.0,0.5,0.0
5ff9cc8c0baf11ebab90acde48001122,chunk_mmr_128,chunk,mmr,0.0,0.0,0.0,0.8,0.187,0.5,123.0,1.0,1.0
cc19962c0bdc11eba7f7acde48001122,chunk_mmr_128,chunk,mmr,0.0,0.0,0.0,0.0,0.2727,0.5,110.0,0.5,0.0
774fa4e20bdc11eba7f7acde48001122,chunk_mmr_128,chunk,mmr,0.0,0.0,0.0,0.3333,0.0,0.0,122.0,1.0,1.0
284e2815085811ebbd5aac1f6bf848b6,chunk_mmr_128,chunk,mmr,0.0,0.0,1.0,1.0,0.5,0.5,128.0,0.5,0.0
5cd23bea0bda11eba7f7acde48001122,chunk_mmr_128,chunk,mmr,0.0,0.0,0.0,0.0,0.5042,0.5,119.0,0.5,0.0
b9687149089811ebbd77ac1f6bf848b6,chunk_mmr_128,chunk,mmr,0.0,0.0,0.0,0.0,0.1197,0.25,117.0,0.25,0.0
318ebd55087f11ebbd6bac1f6bf848b6,chunk_mmr_128,chunk,mmr,1.0,1.0,1.0,1.0,0.5333,0.5,120.0,0.5,0.0
60814b660bb011ebab90acde48001122,chunk_mmr_128,chunk,mmr,0.0,0.0,0.0,0.3333,0.5304,0.5,115.0,0.5,0.0
6c7f03240bdb11eba7f7acde48001122,chunk_mmr_128,chunk,mmr,0.0,0.0,0.0,0.0,0.2844,0.5,109.0,0.5,0.0
b68527e40bdd11eba7f7acde48001122,chunk_mmr_128,chunk,mmr,0.0,0.0,0.0,0.0,0.0,0.0,119.0,0.5,0.0
eb9a4b7c0bdc11eba7f7acde48001122,chunk_mmr_128,chunk,mmr,0.0,0.0,0.0,0.0,0.287,0.5,108.0,1.0,1.0
63ccce2308cb11ebbd92ac1f6bf848b6,chunk_mmr_128,chunk,mmr,1.0,1.0,1.0,1.0,0.8692,1.0,107.0,1.0,1.0
4a6714f608d011ebbd95ac1f6bf848b6,chunk_mmr_128,chunk,mmr,1.0,1.0,1.0,1.0,0.6016,0.5,128.0,0.5,0.0
251db78c0bdb11eba7f7acde48001122,chunk_mmr_128,chunk,mmr,0.0,0.0,0.0,0.0,0.5,0.5,116.0,0.5,0.0
cc6b0e9e084e11ebbd56ac1f6bf848b6,chunk_mmr_128,chunk,mmr,1.0,1.0,1.0,1.0,0.5856,0.5,111.0,0.75,0.0
b16d1ab40bdd11eba7f7acde48001122,chunk_mmr_128,chunk,mmr,0.0,0.0,1.0,1.0,0.1641,0.5,128.0,1.0,1.0
e171d29a0bdd11eba7f7acde48001122,chunk_mmr_128,chunk,mmr,0.0,0.0,0.0,0.3333,0.88,0.5,125.0,0.5,0.0
901658be084d11ebbd56ac1f6bf848b6,chunk_mmr_128,chunk,mmr,1.0,1.0,1.0,1.0,0.925,0.5,120.0,0.75,0.0
042bf49e0bdb11eba7f7acde48001122,chunk_mmr_128,chunk,mmr,0.0,0.0,0.0,0.0,0.1607,0.5,112.0,0.5,0.0
4d559f400bda11eba7f7acde48001122,chunk_mmr_128,chunk,mmr,0.0,0.0,0.0,0.5,0.4188,0.5,117.0,0.5,0.0
0d232356091511ebbdadac1f6bf848b6,chunk_mmr_128,chunk,mmr,0.0,0.0,0.0,0.0,0.8211,1.0,123.0,1.0,1.0
1ed79b0a087411ebbd67ac1f6bf848b6,chunk_mmr_128,chunk,mmr,0.0,0.0,0.0,0.5,0.0,0.0,119.0,1.0,1.0
f21ab6980bdd11eba7f7acde48001122,chunk_mmr_128,chunk,mmr,0.0,0.0,0.0,0.0,0.3571,0.5,126.0,0.5,0.0
1c593ac008ae11ebbd83ac1f6bf848b6,chunk_mmr_128,chunk,mmr,0.0,0.0,0.0,0.0,0.6016,0.5,123.0,0.5,0.0
eb18a27a0baf11ebab90acde48001122,chunk_mmr_128,chunk,mmr,0.0,0.0,0.0,0.5,0.55,0.5,120.0,0.5,0.0
bedf588e0baf11ebab90acde48001122,chunk_mmr_128,chunk,mmr,0.0,0.0,0.0,0.0,0.0,0.0,101.0,0.5,0.0
fffc59fc088f11ebbd72ac1f6bf848b6,chunk_mmr_128,chunk,mmr,1.0,1.0,1.0,1.0,0.5081,0.5,124.0,0.5,0.0
e2cadf420bdd11eba7f7acde48001122,chunk_mmr_128,chunk,mmr,0.0,0.0,0.0,0.0,0.4472,0.5,123.0,1.0,1.0
337c710c08b511ebbd88ac1f6bf848b6,chunk_mmr_128,chunk,mmr,0.0,0.0,1.0,1.0,0.8594,1.0,128.0,1.0,1.0
62df628e0bde11eba7f7acde48001122,chunk_mmr_128,chunk,mmr,0.0,0.0,0.0,0.0,0.0,0.0,113.0,1.0,1.0
a1f532760bdb11eba7f7acde48001122,chunk_mmr_128,chunk,mmr,0.0,0.0,1.0,1.0,1.0,1.0,121.0,1.0,1.0
5dea5497089b11ebbd78ac1f6bf848b6,chunk_mmr_128,chunk,mmr,0.0,0.0,1.0,1.0,0.6585,0.25,123.0,0.25,0.0
c6d520840bda11eba7f7acde48001122,chunk_mmr_128,chunk,mmr,0.0,0.0,1.0,1.0,0.6864,1.0,118.0,1.0,1.0
66c00bf60bde11eba7f7acde48001122,chunk_mmr_128,chunk,mmr,0.0,0.0,0.0,0.0,0.4583,0.5,120.0,0.5,0.0
95ab4cac0bdc11eba7f7acde48001122,chunk_mmr_128,chunk,mmr,0.0,0.0,1.0,1.0,0.1719,0.5,128.0,1.0,1.0
27b8af06088e11ebbd70ac1f6bf848b6,chunk_mmr_128,chunk,mmr,0.0,0.0,0.0,0.0,0.3252,0.25,123.0,0.75,0.0
50f1350208af11ebbd83ac1f6bf848b6,chunk_mmr_128,chunk,mmr,0.0,0.0,0.0,0.0,0.7755,0.25,98.0,0.5,0.0
68a60785087511ebbd67ac1f6bf848b6,chunk_mmr_128,chunk,mmr,0.0,0.0,0.0,0.8333,0.127,0.5,126.0,1.0,1.0
9e68b794091311ebbdadac1f6bf848b6,chunk_mmr_128,chunk,mmr,0.0,0.0,0.0,0.0,0.5812,0.5,117.0,1.0,1.0
d922570808dc11ebbd9dac1f6bf848b6,chunk_mmr_128,chunk,mmr,0.0,0.0,0.0,0.0,0.6087,0.5,115.0,1.0,1.0
fd5a8ea0086711ebbd5eac1f6bf848b6,chunk_mmr_128,chunk,mmr,1.0,1.0,1.0,1.0,0.6344,1.0,93.0,1.0,1.0
dff7c3b60bdd11eba7f7acde48001122,chunk_mmr_128,chunk,mmr,0.0,0.0,0.0,0.0,0.6832,0.5,101.0,0.5,0.0
75c64fb00bda11eba7f7acde48001122,chunk_mmr_128,chunk,mmr,0.0,0.0,0.0,0.3333,0.1797,0.5,128.0,0.5,0.0
43acd28e0bde11eba7f7acde48001122,chunk_mmr_128,chunk,mmr,0.0,0.0,0.0,0.0,0.0,0.0,113.0,0.5,0.0
86afde360bda11eba7f7acde48001122,chunk_mmr_128,chunk,mmr,0.0,0.0,0.0,0.0,0.5124,0.5,121.0,0.5,0.0
2a7d95fc0bdc11eba7f7acde48001122,chunk_mmr_128,chunk,mmr,0.0,0.0,0.0,0.0,0.2903,0.5,124.0,0.5,0.0
7de481100baf11ebab90acde48001122,chunk_mmr_128,chunk,mmr,0.0,0.0,0.0,0.3333,0.3937,0.5,127.0,0.5,0.0
d8df66240bdd11eba7f7acde48001122,chunk_mmr_128,chunk,mmr,0.0,0.0,0.0,0.5,0.272,0.5,125.0,1.0,1.0
2e925d6a0bde11eba7f7acde48001122,chunk_mmr_128,chunk,mmr,0.0,0.5,0.0,0.5,0.0,0.0,124.0,1.0,1.0
4b879bd6087a11ebbd67ac1f6bf848b6,chunk_mmr_128,chunk,mmr,1.0,1.0,0.0,0.0,0.3303,0.25,109.0,0.5,0.0
eb30f33c086611ebbd5eac1f6bf848b6,chunk_mmr_128,chunk,mmr,0.0,0.0,0.0,0.0,0.4472,0.5,123.0,1.0,1.0
59f0b4d608b211ebbd85ac1f6bf848b6,chunk_mmr_128,chunk,mmr,1.0,1.0,1.0,1.0,0.685,1.0,127.0,1.0,1.0
ef48a3720baf11ebab90acde48001122,chunk_mmr_128,chunk,mmr,0.0,0.6667,0.0,0.75,0.0,0.0,110.0,0.5,0.0
39c32aa2086411ebbd5eac1f6bf848b6,chunk_mmr_128,chunk,mmr,0.0,0.0,1.0,1.0,0.622,1.0,127.0,1.0,1.0
4b11ef0808cf11ebbd95ac1f6bf848b6,chunk_mmr_128,chunk,mmr,1.0,1.0,1.0,1.0,0.6341,0.5,123.0,0.5,0.0
354ab1c408e211ebbda3ac1f6bf848b6,chunk_mmr_128,chunk,mmr,0.0,0.0,0.0,0.0,0.4775,0.25,111.0,0.5,0.0
4293552c0bb011ebab90acde48001122,chunk_mmr_128,chunk,mmr,0.0,0.0,0.0,0.3333,0.0,0.0,113.0,1.0,1.0
2a234d2d089911ebbd77ac1f6bf848b6,chunk_mmr_128,chunk,mmr,0.0,0.0,0.0,0.3333,0.4696,0.5,115.0,1.0,1.0
565785740bb011ebab90acde48001122,chunk_mmr_128,chunk,mmr,0.0,0.0,0.0,0.0,0.0,0.0,105.0,0.5,0.0
511af4e80baf11ebab90acde48001122,chunk_mmr_128,chunk,mmr,0.0,0.0,0.0,0.6,0.6807,0.5,119.0,0.5,0.0
227adf2c086c11ebbd60ac1f6bf848b6,chunk_mmr_128,chunk,mmr,1.0,1.0,0.0,0.0,0.4,0.25,100.0,0.5,0.0
bac99ab40bd911eba7f7acde48001122,chunk_mmr_128,chunk,mmr,0.0,0.0,0.0,0.25,0.1682,0.5,107.0,0.5,0.0
c001b9b40bdc11eba7f7acde48001122,chunk_mmr_128,chunk,mmr,0.0,0.0,0.0,0.0,0.0,0.0,127.0,0.5,0.0
c31b2d920bdc11eba7f7acde48001122,chunk_mmr_128,chunk,mmr,0.0,0.0,0.0,0.0,0.4922,0.5,128.0,0.5,0.0
13288e3a090b11ebbdadac1f6bf848b6,chunk_mmr_128,chunk,mmr,0.0,0.0,1.0,1.0,0.2661,0.5,124.0,0.5,0.0
f62ae4f9096911ebbdafac1f6bf848b6,chunk_mmr_128,chunk,mmr,1.0,1.0,1.0,1.0,0.4107,1.0,112.0,1.0,1.0
4bb64b540bde11eba7f7acde48001122,chunk_mmr_128,chunk,mmr,0.0,0.0,0.0,0.25,0.3089,0.5,123.0,0.5,0.0
4facc3320bd911eba7f7acde48001122,chunk_mmr_128,chunk,mmr,0.0,0.0,0.0,0.5,0.288,0.5,125.0,0.5,0.0
af07336e0bdc11eba7f7acde48001122,chunk_mmr_128,chunk,mmr,0.0,0.0,0.0,0.0,0.563,0.5,119.0,0.5,0.0
06ceba5e0bb011ebab90acde48001122,chunk_mmr_128,chunk,mmr,0.0,0.0,0.0,0.6667,0.5042,0.5,119.0,0.5,0.0
5a7f3e9d08e711ebbda6ac1f6bf848b6,chunk_mmr_128,chunk,mmr,0.0,0.0,0.0,0.0,0.8099,1.0,121.0,1.0,1.0
eee1f0af085911ebbd5bac1f6bf848b6,chunk_mmr_128,chunk,mmr,1.0,1.0,1.0,1.0,0.5508,1.0,118.0,1.0,1.0
7019886b093511ebbdaeac1f6bf848b6,chunk_mmr_128,chunk,mmr,1.0,1.0,1.0,1.0,0.4603,0.5,126.0,1.0,1.0
8326634a08a111ebbd79ac1f6bf848b6,chunk_mmr_128,chunk,mmr,0.0,0.0,0.0,0.0,0.1404,0.5,114.0,1.0,1.0
c74ed73b088d11ebbd70ac1f6bf848b6,chunk_mmr_128,chunk,mmr,1.0,1.0,1.0,1.0,0.8814,0.5,118.0,0.5,0.0
2f3c0934087b11ebbd67ac1f6bf848b6,chunk_mmr_128,chunk,mmr,0.0,0.0,0.0,0.0,0.7541,0.5,122.0,0.5,0.0
0ccfc77808c611ebbd90ac1f6bf848b6,chunk_mmr_128,chunk,mmr,0.0,0.0,1.0,1.0,0.3906,0.5,128.0,0.5,0.0
5136616008b211ebbd85ac1f6bf848b6,chunk_mmr_128,chunk,mmr,0.0,0.0,1.0,1.0,0.8407,0.5,113.0,0.5,0.0
afcff22e0bda11eba7f7acde48001122,chunk_mmr_128,chunk,mmr,0.0,0.0,0.0,0.0,0.4016,0.5,127.0,0.5,0.0
986625bc0bdb11eba7f7acde48001122,chunk_mmr_128,chunk,mmr,0.0,0.0,0.0,0.0,0.0,0.0,118.0,0.5,0.0
290458a20bda11eba7f7acde48001122,chunk_mmr_128,chunk,mmr,0.0,0.0,0.0,0.0,0.0,0.0,112.0,0.5,0.0
7eeba090088d11ebbd70ac1f6bf848b6,chunk_mmr_128,chunk,mmr,1.0,1.0,1.0,1.0,0.2617,1.0,107.0,1.0,1.0
56c3a6c20bd911eba7f7acde48001122,chunk_mmr_128,chunk,mmr,0.0,0.0,0.0,0.0,0.464,0.5,125.0,1.0,1.0
0d118fb00bdb11eba7f7acde48001122,chunk_mmr_128,chunk,mmr,0.0,0.0,0.0,0.0,0.4228,0.5,123.0,0.5,0.0
07fce4900bde11eba7f7acde48001122,chunk_mmr_128,chunk,mmr,1.0,1.0,0.0,0.0,0.8361,0.5,122.0,0.5,0.0
9ff14fea0baf11ebab90acde48001122,chunk_mmr_128,chunk,mmr,0.0,0.0,0.0,0.0,0.189,0.5,127.0,0.5,0.0
955ddc6a0bdc11eba7f7acde48001122,chunk_mmr_128,chunk,mmr,0.0,0.0,0.0,0.0,0.2069,0.5,116.0,0.5,0.0
50b9582c0bb011ebab90acde48001122,chunk_mmr_128,chunk,mmr,0.0,0.6667,0.0,0.6667,0.4696,1.0,115.0,1.0,1.0
1b7752be0bdc11eba7f7acde48001122,chunk_mmr_128,chunk,mmr,0.0,0.0,0.0,0.0,0.4444,0.5,126.0,0.5,0.0
f31d38460bdc11eba7f7acde48001122,chunk_mmr_128,chunk,mmr,0.0,0.0,0.0,0.0,0.0,0.0,123.0,1.0,1.0
dd01c8180bd911eba7f7acde48001122,chunk_mmr_128,chunk,mmr,0.0,0.0,0.0,0.0,0.0,0.0,109.0,1.0,1.0
afc6b59708b611ebbd88ac1f6bf848b6,chunk_mmr_128,chunk,mmr,1.0,1.0,1.0,1.0,0.3103,0.25,116.0,0.5,0.0
df66ea220bdc11eba7f7acde48001122,chunk_mmr_128,chunk,mmr,0.0,0.0,0.0,0.0,0.8252,0.5,103.0,1.0,1.0
a84ba2780bda11eba7f7acde48001122,chunk_mmr_128,chunk,mmr,0.0,0.0,0.0,0.0,0.0,0.0,127.0,0.0,0.0
c418fa2408e811ebbda6ac1f6bf848b6,chunk_mmr_128,chunk,mmr,0.0,0.0,0.0,0.6667,0.0,0.0,127.0,0.5,0.0
96beb0b3086111ebbd5dac1f6bf848b6,chunk_mmr_128,chunk,mmr,1.0,1.0,1.0,1.0,0.7823,1.0,124.0,1.0,1.0
74b171780bde11eba7f7acde48001122,chunk_mmr_128,chunk,mmr,0.0,0.0,0.0,0.0,0.1797,0.5,128.0,0.5,0.0
8930ad3c0bdc11eba7f7acde48001122,chunk_mmr_128,chunk,mmr,0.0,0.0,0.0,0.0,1.0,0.5,112.0,0.5,0.0
51a08d5308ac11ebbd82ac1f6bf848b6,chunk_mmr_128,chunk,mmr,1.0,1.0,1.0,1.0,0.2735,0.5,117.0,1.0,1.0
b4254d4c0bda11eba7f7acde48001122,chunk_mmr_128,chunk,mmr,0.0,0.0,0.0,0.0,0.386,0.5,114.0,0.5,0.0
f77f95da0bd911eba7f7acde48001122,chunk_mmr_128,chunk,mmr,0.0,0.0,0.0,0.0,0.175,0.5,120.0,0.5,0.0
3581ccec0bdd11eba7f7acde48001122,chunk_mmr_128,chunk,mmr,0.0,0.0,0.0,0.0,0.0,0.0,128.0,0.0,0.0
20058aec0bde11eba7f7acde48001122,chunk_mmr_128,chunk,mmr,0.0,0.0,0.0,0.0,0.5345,0.5,116.0,1.0,1.0
f4a66ac60bae11ebab90acde48001122,chunk_mmr_128,chunk,mmr,0.0,0.2,0.0,0.6667,0.5862,0.5,116.0,0.5,0.0
001ad110086911ebbd5eac1f6bf848b6,chunk_mmr_128,chunk,mmr,0.0,0.0,0.0,0.0,0.0,0.0,115.0,0.5,0.0
b3c4b3a80bdd11eba7f7acde48001122,chunk_mmr_128,chunk,mmr,0.0,0.0,0.0,0.0,0.3761,0.5,117.0,0.5,0.0
38fdf5420bda11eba7f7acde48001122,chunk_mmr_128,chunk,mmr,0.0,0.0,0.0,0.0,0.7069,0.5,116.0,0.5,0.0
6a53eb53089b11ebbd78ac1f6bf848b6,chunk_mmr_128,chunk,mmr,0.0,0.0,0.0,0.0,0.2241,0.5,116.0,1.0,1.0
4c319d400bde11eba7f7acde48001122,chunk_mmr_128,chunk,mmr,0.0,0.0,0.0,0.0,0.5935,0.5,123.0,1.0,1.0
998f8786089711ebbd77ac1f6bf848b6,chunk_mmr_128,chunk,mmr,1.0,1.0,1.0,1.0,0.3203,0.25,128.0,0.5,0.0
0b78b1e9087411ebbd67ac1f6bf848b6,chunk_mmr_128,chunk,mmr,0.0,0.0,0.0,0.0,0.625,0.5,112.0,1.0,1.0
632fcc82085611ebbd59ac1f6bf848b6,chunk_mmr_128,chunk,mmr,1.0,1.0,1.0,1.0,0.6111,1.0,126.0,1.0,1.0
272062fc088c11ebbd6fac1f6bf848b6,chunk_mmr_128,chunk,mmr,0.0,0.0,0.0,0.0,0.2619,0.25,126.0,0.25,0.0
241a9d0c0bde11eba7f7acde48001122,chunk_mmr_128,chunk,mmr,0.0,0.6667,0.0,0.0,0.4286,0.5,98.0,0.5,0.0
c6c492e008bb11ebbd88ac1f6bf848b6,chunk_mmr_128,chunk,mmr,0.0,0.0,1.0,1.0,0.563,1.0,119.0,1.0,1.0
b67ef6380bda11eba7f7acde48001122,chunk_mmr_128,chunk,mmr,0.0,0.0,0.0,0.0,0.0,0.0,127.0,0.5,0.0
4a3edf720bdc11eba7f7acde48001122,chunk_mmr_128,chunk,mmr,0.0,0.0,0.0,0.3333,0.3386,0.5,127.0,0.5,0.0
b21084c2097c11ebbdb0ac1f6bf848b6,chunk_mmr_128,chunk,mmr,1.0,1.0,1.0,1.0,0.4803,1.0,127.0,1.0,1.0
f5c9a3f2086111ebbd5dac1f6bf848b6,chunk_mmr_128,chunk,mmr,0.0,0.0,1.0,1.0,0.6172,1.0,128.0,1.0,1.0
1a344858086711ebbd5eac1f6bf848b6,chunk_mmr_128,chunk,mmr,1.0,1.0,1.0,1.0,0.75,0.5,128.0,0.5,0.0
dac1f66e0bdd11eba7f7acde48001122,chunk_mmr_128,chunk,mmr,1.0,1.0,0.0,0.0,0.449,0.5,98.0,1.0,1.0
141636ac0bdc11eba7f7acde48001122,chunk_mmr_128,chunk,mmr,0.0,0.0,0.0,0.0,0.0,0.0,126.0,1.0,1.0
48b07de00bb011ebab90acde48001122,chunk_mmr_128,chunk,mmr,0.0,0.2,0.0,0.7143,0.303,0.5,99.0,1.0,1.0
ad193b1808b411ebbd88ac1f6bf848b6,chunk_submod_128,chunk,submod,1.0,1.0,1.0,1.0,0.6167,0.5,120.0,0.5,0.0
5b168cd8089811ebbd77ac1f6bf848b6,chunk_submod_128,chunk,submod,0.0,0.0,1.0,1.0,0.6727,1.0,110.0,1.0,1.0
b23a2b360baf11ebab90acde48001122,chunk_submod_128,chunk,submod,0.0,0.0,0.0,0.0,0.6436,0.5,101.0,1.0,1.0
c5ffa16a0bdb11eba7f7acde48001122,chunk_submod_128,chunk,submod,0.0,0.0,0.0,0.0,0.3861,0.5,101.0,0.5,0.0
eb3ff1900baf11ebab90acde48001122,chunk_submod_128,chunk,submod,0.0,0.0,0.0,0.2,0.5094,1.0,106.0,1.0,1.0
59a16ade0baf11ebab90acde48001122,chunk_submod_128,chunk,submod,0.0,0.0,0.0,0.0,0.3196,0.5,97.0,0.5,0.0
5c9ef1d80bdd11eba7f7acde48001122,chunk_submod_128,chunk,submod,0.0,0.0,0.0,0.0,0.4141,0.5,128.0,0.5,0.0
a537c442086d11ebbd62ac1f6bf848b6,chunk_submod_128,chunk,submod,1.0,1.0,1.0,1.0,0.5741,0.5,108.0,0.5,0.0
01588f7208be11ebbd8aac1f6bf848b6,chunk_submod_128,chunk,submod,0.0,0.0,0.0,0.5,0.304,0.25,125.0,0.5,0.0
6b55ac320bdb11eba7f7acde48001122,chunk_submod_128,chunk,submod,0.0,0.0,0.0,0.0,0.5085,0.5,118.0,1.0,1.0
fde95590089c11ebbd78ac1f6bf848b6,chunk_submod_128,chunk,submod,1.0,1.0,1.0,1.0,0.7154,1.0,123.0,1.0,1.0
1f8a41b60bde11eba7f7acde48001122,chunk_submod_128,chunk,submod,0.0,0.0,0.0,0.0,0.3107,0.5,103.0,1.0,1.0
50008e080bda11eba7f7acde48001122,chunk_submod_128,chunk,submod,0.0,0.0,0.0,0.0,0.4909,0.5,110.0,0.5,0.0
9f62be2008ac11ebbd83ac1f6bf848b6,chunk_submod_128,chunk,submod,0.0,0.0,0.0,0.0,0.0,0.0,128.0,1.0,1.0
6bb800f00bde11eba7f7acde48001122,chunk_submod_128,chunk,submod,0.0,0.0,0.0,0.0,0.451,0.5,102.0,1.0,1.0
1822cbb4089111ebbd72ac1f6bf848b6,chunk_submod_128,chunk,submod,1.0,1.0,1.0,1.0,0.6614,0.5,127.0,0.5,0.0
87154f1e0bda11eba7f7acde48001122,chunk_submod_128,chunk,submod,0.0,0.0,0.0,0.0,0.2655,0.5,113.0,0.5,0.0
709430f20bda11eba7f7acde48001122,chunk_submod_128,chunk,submod,0.0,0.0,0.0,0.0,0.3307,1.0,127.0,1.0,1.0
1aecfdf608a011ebbd78ac1f6bf848b6,chunk_submod_128,chunk,submod,0.0,0.0,0.0,0.3333,0.6339,1.0,112.0,1.0,1.0
03d68971096e11ebbdb0ac1f6bf848b6,chunk_submod_128,chunk,submod,0.0,0.0,0.0,0.0,0.5982,1.0,112.0,1.0,1.0
8a6eec600bda11eba7f7acde48001122,chunk_submod_128,chunk,submod,0.0,0.0,0.0,0.0,0.5,0.5,108.0,1.0,1.0
3497795008bb11ebbd88ac1f6bf848b6,chunk_submod_128,chunk,submod,1.0,1.0,1.0,1.0,0.8609,0.5,115.0,0.5,0.0
305e54500bde11eba7f7acde48001122,chunk_submod_128,chunk,submod,0.0,0.0,0.0,0.0,0.4412,0.5,102.0,0.5,0.0
6aa8edb5086411ebbd5eac1f6bf848b6,chunk_submod_128,chunk,submod,1.0,1.0,1.0,1.0,0.4286,1.0,119.0,1.0,1.0
4a8d58f0085811ebbd5aac1f6bf848b6,chunk_submod_128,chunk,submod,1.0,1.0,0.0,0.0,0.7049,0.5,122.0,0.5,0.0
00ce250d095f11ebbdafac1f6bf848b6,chunk_submod_128,chunk,submod,1.0,1.0,1.0,1.0,0.5984,1.0,122.0,1.0,1.0
c6128932093b11ebbdaeac1f6bf848b6,chunk_submod_128,chunk,submod,1.0,1.0,1.0,1.0,0.5868,1.0,121.0,1.0,1.0
d6c5f2680bdd11eba7f7acde48001122,chunk_submod_128,chunk,submod,0.0,0.0,0.0,0.0,0.4779,0.5,113.0,0.5,0.0
07626317086e11ebbd62ac1f6bf848b6,chunk_submod_128,chunk,submod,0.0,0.0,0.0,0.0,0.3579,0.25,95.0,0.75,0.0
61f9bff8089711ebbd77ac1f6bf848b6,chunk_submod_128,chunk,submod,0.0,0.0,1.0,1.0,0.6134,0.5,119.0,0.5,0.0
c3e1ad9e090d11ebbdadac1f6bf848b6,chunk_submod_128,chunk,submod,1.0,1.0,1.0,1.0,0.72,1.0,100.0,1.0,1.0
093fcf360bdc11eba7f7acde48001122,chunk_submod_128,chunk,submod,0.0,0.0,0.0,0.0,0.1917,0.5,120.0,0.5,0.0
6a419ba2087611ebbd67ac1f6bf848b6,chunk_submod_128,chunk,submod,1.0,1.0,1.0,1.0,0.416,0.5,125.0,0.5,0.0
9bd0c7e60bdd11eba7f7acde48001122,chunk_submod_128,chunk,submod,0.0,0.0,0.0,0.0,0.0,0.0,108.0,0.5,0.0
fdbb770408da11ebbd9cac1f6bf848b6,chunk_submod_128,chunk,submod,0.0,0.0,0.0,0.0,0.5197,0.5,127.0,0.5,0.0
3cc74fb60bda11eba7f7acde48001122,chunk_submod_128,chunk,submod,0.0,0.0,0.0,0.0,0.5763,0.5,118.0,0.5,0.0
234c4f060bde11eba7f7acde48001122,chunk_submod_128,chunk,submod,0.0,0.0,1.0,1.0,0.6339,1.0,112.0,1.0,1.0
c807422a0bda11eba7f7acde48001122,chunk_submod_128,chunk,submod,0.0,0.0,0.0,0.0,0.2087,0.5,115.0,0.5,0.0
77119398087411ebbd67ac1f6bf848b6,chunk_submod_128,chunk,submod,1.0,1.0,1.0,1.0,0.728,1.0,125.0,1.0,1.0
922587b80bdd11eba7f7acde48001122,chunk_submod_128,chunk,submod,1.0,1.0,1.0,1.0,0.3571,0.5,112.0,0.5,0.0
7de9188c088b11ebbd6fac1f6bf848b6,chunk_submod_128,chunk,submod,0.0,0.0,0.0,0.5,0.3659,0.5,82.0,0.5,0.0
ba3380fe0bdb11eba7f7acde48001122,chunk_submod_128,chunk,submod,0.0,0.0,0.0,0.0,0.0,0.0,109.0,0.5,0.0
710d0e740bde11eba7f7acde48001122,chunk_submod_128,chunk,submod,0.0,0.0,0.0,0.0,0.0,0.0,119.0,0.5,0.0
562aab540baf11ebab90acde48001122,chunk_submod_128,chunk,submod,0.0,0.0,0.0,0.2,0.4016,0.5,127.0,1.0,1.0
9ab545800bdd11eba7f7acde48001122,chunk_submod_128,chunk,submod,0.0,0.0,0.0,0.0,0.3361,0.5,119.0,0.5,0.0
61456758085411ebbd59ac1f6bf848b6,chunk_submod_128,chunk,submod,1.0,1.0,1.0,1.0,0.6321,0.5,106.0,0.5,0.0
26f25e9d089c11ebbd78ac1f6bf848b6,chunk_submod_128,chunk,submod,0.0,0.0,0.0,0.5,0.521,0.5,119.0,1.0,1.0
ce5bfc90086c11ebbd61ac1f6bf848b6,chunk_submod_128,chunk,submod,0.0,0.0,0.0,0.0,0.3571,0.25,126.0,0.5,0.0
f893967608a811ebbd7fac1f6bf848b6,chunk_submod_128,chunk,submod,1.0,1.0,1.0,1.0,0.5714,1.0,112.0,1.0,1.0
346a41b4084e11ebbd56ac1f6bf848b6,chunk_submod_128,chunk,submod,1.0,1.0,1.0,1.0,0.7838,0.5,111.0,0.5,0.0
bcbd76e608a111ebbd79ac1f6bf848b6,chunk_submod_128,chunk,submod,0.0,0.0,1.0,1.0,0.7333,0.5,105.0,0.5,0.0
f26542c808c511ebbd8fac1f6bf848b6,chunk_submod_128,chunk,submod,0.0,0.0,1.0,1.0,0.4173,0.5,127.0,0.5,0.0
5b1e1f240bdc11eba7f7acde48001122,chunk_submod_128,chunk,submod,0.0,0.0,0.0,0.3333,0.3019,0.5,106.0,0.5,0.0
b146f47c0bda11eba7f7acde48001122,chunk_submod_128,chunk,submod,0.0,0.0,0.0,0.0,0.2727,0.5,121.0,1.0,1.0
9c996f860bdb11eba7f7acde48001122,chunk_submod_128,chunk,submod,0.0,0.0,0.0,0.0,0.3482,0.5,112.0,1.0,1.0
f491b33e0bda11eba7f7acde48001122,chunk_submod_128,chunk,submod,0.0,0.2857,0.0,0.25,0.2727,0.5,121.0,0.5,0.0
21d2a107091911ebbdaeac1f6bf848b6,chunk_submod_128,chunk,submod,0.0,0.0,1.0,1.0,0.5175,1.0,114.0,1.0,1.0
10e63c10087211ebbd64ac1f6bf848b6,chunk_submod_128,chunk,submod,1.0,1.0,0.0,0.0,0.3043,0.25,115.0,0.5,0.0
5c7ce15a0bde11eba7f7acde48001122,chunk_submod_128,chunk,submod,0.0,0.0,0.0,0.0,0.5093,0.5,108.0,0.5,0.0
b0e112940bdd11eba7f7acde48001122,chunk_submod_128,chunk,submod,0.0,0.0,0.0,0.0,0.2031,0.5,128.0,0.5,0.0
e6a74e020bdd11eba7f7acde48001122,chunk_submod_128,chunk,submod,0.0,0.0,0.0,0.0,0.3125,0.5,96.0,0.5,0.0
0963c8b80bdd11eba7f7acde48001122,chunk_submod_128,chunk,submod,0.0,0.0,0.0,0.5,0.4153,0.5,118.0,0.5,0.0
09beb233086d11ebbd61ac1f6bf848b6,chunk_submod_128,chunk,submod,1.0,1.0,1.0,1.0,0.4286,1.0,126.0,1.0,1.0
963fffd60bdd11eba7f7acde48001122,chunk_submod_128,chunk,submod,1.0,1.0,1.0,1.0,0.2846,1.0,123.0,1.0,1.0
f0d6f50c08eb11ebbda7ac1f6bf848b6,chunk_submod_128,chunk,submod,0.0,0.0,1.0,1.0,0.7368,1.0,114.0,1.0,1.0
33d1a6d60bda11eba7f7acde48001122,chunk_submod_128,chunk,submod,0.0,0.0,0.0,0.3333,0.95,1.0,80.0,1.0,1.0
f31afa16094511ebbdaeac1f6bf848b6,chunk_submod_128,chunk,submod,0.0,0.0,0.0,0.5,0.7778,1.0,126.0,1.0,1.0
3654974a08df11ebbda0ac1f6bf848b6,chunk_submod_128,chunk,submod,0.0,0.0,1.0,1.0,0.6134,0.5,119.0,0.75,0.0
2d2fdefe085311ebbd59ac1f6bf848b6,chunk_submod_128,chunk,submod,0.0,0.0,1.0,1.0,0.4127,1.0,126.0,1.0,1.0
7a01a52a089c11ebbd78ac1f6bf848b6,chunk_submod_128,chunk,submod,1.0,1.0,1.0,1.0,0.5078,0.5,128.0,0.5,0.0
d8a00ed40bdd11eba7f7acde48001122,chunk_submod_128,chunk,submod,0.0,0.4,0.0,0.3333,0.4434,0.5,106.0,0.5,0.0
c37f944e08e611ebbda5ac1f6bf848b6,chunk_submod_128,chunk,submod,1.0,1.0,1.0,1.0,0.5669,1.0,127.0,1.0,1.0
b670607d08b611ebbd88ac1f6bf848b6,chunk_submod_128,chunk,submod,1.0,1.0,1.0,1.0,0.2605,0.25,119.0,0.75,0.0
62a0531e0bde11eba7f7acde48001122,chunk_submod_128,chunk,submod,0.0,0.0,0.0,0.0,0.0,0.0,97.0,0.5,0.0
03f2846e0bb011ebab90acde48001122,chunk_submod_128,chunk,submod,0.0,0.25,0.0,0.6,0.6931,1.0,101.0,1.0,1.0
98da1bb608d411ebbd96ac1f6bf848b6,chunk_submod_128,chunk,submod,1.0,1.0,1.0,1.0,1.0,0.75,108.0,0.75,0.0
bb792556091811ebbdaeac1f6bf848b6,chunk_submod_128,chunk,submod,1.0,1.0,0.0,0.6667,0.1463,0.5,123.0,1.0,1.0
46e99a3d094111ebbdaeac1f6bf848b6,chunk_submod_128,chunk,submod,1.0,1.0,1.0,1.0,0.3879,1.0,116.0,1.0,1.0
2f6aa3ba0bb011ebab90acde48001122,chunk_submod_128,chunk,submod,1.0,1.0,1.0,1.0,0.5417,1.0,120.0,1.0,1.0
41b295500bb011ebab90acde48001122,chunk_submod_128,chunk,submod,0.0,0.0,0.0,0.0,0.4215,0.5,121.0,1.0,1.0
132a5430085d11ebbd5cac1f6bf848b6,chunk_submod_128,chunk,submod,0.0,0.0,0.0,0.0,0.6098,1.0,123.0,1.0,1.0
08e7eb340bde11eba7f7acde48001122,chunk_submod_128,chunk,submod,0.0,0.0,0.0,0.0,0.431,0.5,116.0,0.5,0.0
91ec5b380bdc11eba7f7acde48001122,chunk_submod_128,chunk,submod,0.0,0.0,0.0,0.0,0.3673,0.5,98.0,0.5,0.0
bf5c81fa0bdd11eba7f7acde48001122,chunk_submod_128,chunk,submod,0.0,0.0,0.0,0.0,0.3226,0.5,124.0,0.5,0.0
cf9a08f608c911ebbd92ac1f6bf848b6,chunk_submod_128,chunk,submod,0.0,0.0,1.0,1.0,0.4138,0.5,116.0,0.5,0.0
0e5e54c908c211ebbd8bac1f6bf848b6,chunk_submod_128,chunk,submod,0.0,0.0,0.0,0.0,0.708,1.0,113.0,1.0,1.0
af1ee605093511ebbdaeac1f6bf848b6,chunk_submod_128,chunk,submod,1.0,1.0,1.0,1.0,0.5545,1.0,110.0,1.0,1.0
3e0cebde0bd911eba7f7acde48001122,chunk_submod_128,chunk,submod,0.0,0.0,0.0,0.0,0.5856,0.5,111.0,0.5,0.0
0518615a0bde11eba7f7acde48001122,chunk_submod_128,chunk,submod,0.0,0.6667,1.0,1.0,0.6066,1.0,122.0,1.0,1.0
3d22de280bb011ebab90acde48001122,chunk_submod_128,chunk,submod,0.0,0.0,0.0,0.5,0.3854,0.5,96.0,0.5,0.0
b6afbad60bdd11eba7f7acde48001122,chunk_submod_128,chunk,submod,0.0,0.0,0.0,0.0,0.54,0.5,100.0,1.0,1.0
0b91d3200bdb11eba7f7acde48001122,chunk_submod_128,chunk,submod,0.0,0.0,0.0,0.0,0.4646,0.5,127.0,0.5,0.0
1621c01108f011ebbda8ac1f6bf848b6,chunk_submod_128,chunk,submod,0.0,0.0,1.0,1.0,1.0,1.0,98.0,1.0,1.0
8b5f752e0bdd11eba7f7acde48001122,chunk_submod_128,chunk,submod,0.0,0.0,0.0,0.0,0.0976,0.5,123.0,0.5,0.0
5e02b99208b811ebbd88ac1f6bf848b6,chunk_submod_128,chunk,submod,1.0,1.0,1.0,1.0,0.5789,0.5,114.0,0.5,0.0
a809d3720bdd11eba7f7acde48001122,chunk_submod_128,chunk,submod,0.0,0.0,0.0,0.0,0.7193,0.5,114.0,0.5,0.0
ade9a5980baf11ebab90acde48001122,chunk_submod_128,chunk,submod,0.0,0.0,0.0,0.0,0.5385,0.5,117.0,1.0,1.0
8012a1e008af11ebbd83ac1f6bf848b6,chunk_submod_128,chunk,submod,0.0,0.0,0.0,0.0,0.1452,0.25,124.0,0.5,0.0
d19a4bb80bdd11eba7f7acde48001122,chunk_submod_128,chunk,submod,0.0,0.0,0.0,0.0,0.225,0.5,120.0,0.5,0.0
b6b306fa0bdd11eba7f7acde48001122,chunk_submod_128,chunk,submod,0.0,0.0,0.0,0.5,0.2991,0.5,107.0,0.5,0.0
d71f453b085811ebbd5bac1f6bf848b6,chunk_submod_128,chunk,submod,0.0,0.0,0.0,0.0,0.6612,0.5,121.0,0.5,0.0
2de71a8a0bda11eba7f7acde48001122,chunk_submod_128,chunk,submod,0.0,0.0,0.0,0.0,0.3232,0.5,99.0,0.5,0.0
cee7790e08cc11ebbd93ac1f6bf848b6,chunk_submod_128,chunk,submod,0.0,0.0,0.0,0.0,0.6381,0.25,105.0,0.5,0.0
623ea4080bb011ebab90acde48001122,chunk_submod_128,chunk,submod,0.0,0.0,0.0,0.4286,0.0,0.0,91.0,0.5,0.0
8d9bf1c80bb011ebab90acde48001122,chunk_submod_128,chunk,submod,0.0,0.2222,0.0,0.5,0.0,0.0,89.0,0.5,0.0
572c3827088311ebbd6dac1f6bf848b6,chunk_submod_128,chunk,submod,1.0,1.0,0.0,0.5,0.7244,0.5,127.0,0.5,0.0
b1e64cc60bd911eba7f7acde48001122,chunk_submod_128,chunk,submod,0.0,0.0,1.0,1.0,0.4909,1.0,110.0,1.0,1.0
0b9a520108c211ebbd8bac1f6bf848b6,chunk_submod_128,chunk,submod,0.0,0.0,1.0,1.0,0.42,0.25,100.0,0.5,0.0
04e9521d088b11ebbd6fac1f6bf848b6,chunk_submod_128,chunk,submod,0.0,0.0,1.0,1.0,0.6957,1.0,115.0,1.0,1.0
8522d9b2092011ebbdaeac1f6bf848b6,chunk_submod_128,chunk,submod,1.0,1.0,1.0,1.0,0.598,1.0,102.0,1.0,1.0
ec697d900bda11eba7f7acde48001122,chunk_submod_128,chunk,submod,0.0,0.0,0.0,0.0,0.2286,0.5,105.0,0.5,0.0
950bd11a090f11ebbdadac1f6bf848b6,chunk_submod_128,chunk,submod,0.0,0.0,1.0,1.0,0.6429,1.0,112.0,1.0,1.0
c1b9c0ac0bdd11eba7f7acde48001122,chunk_submod_128,chunk,submod,0.0,0.0,0.0,0.0,0.1923,0.5,104.0,0.5,0.0
d2c47e1008df11ebbda1ac1f6bf848b6,chunk_submod_128,chunk,submod,1.0,1.0,1.0,1.0,0.3413,0.5,126.0,0.5,0.0
7b2bf8fc0bd911eba7f7acde48001122,chunk_submod_128,chunk,submod,0.0,0.0,0.0,0.0,0.3596,0.5,114.0,1.0,1.0
b5ccab240bdd11eba7f7acde48001122,chunk_submod_128,chunk,submod,0.0,0.0,0.0,0.3333,0.5625,0.5,112.0,0.5,0.0
6a70f6f80bb011ebab90acde48001122,chunk_submod_128,chunk,submod,0.0,0.0,0.0,0.0,0.2182,0.5,110.0,0.5,0.0
1f9e4658084f11ebbd56ac1f6bf848b6,chunk_submod_128,chunk,submod,0.0,0.0,1.0,1.0,0.464,0.25,125.0,0.5,0.0
5caef2f8096411ebbdafac1f6bf848b6,chunk_submod_128,chunk,submod,1.0,1.0,1.0,1.0,0.5433,1.0,127.0,1.0,1.0
b081e08408e111ebbda3ac1f6bf848b6,chunk_submod_128,chunk,submod,1.0,1.0,1.0,1.0,0.3047,0.5,128.0,0.5,0.0
f113f24e08ad11ebbd83ac1f6bf848b6,chunk_submod_128,chunk,submod,0.0,0.0,1.0,1.0,0.71,0.75,100.0,0.75,0.0
a6d397ea0bdd11eba7f7acde48001122,chunk_submod_128,chunk,submod,0.0,0.0,0.0,0.0,0.2328,0.5,116.0,0.5,0.0
04a065a60bde11eba7f7acde48001122,chunk_submod_128,chunk,submod,0.0,0.0,0.0,0.0,0.0,0.0,113.0,0.5,0.0
534fbfd00bd911eba7f7acde48001122,chunk_submod_128,chunk,submod,0.0,0.0,1.0,1.0,0.602,1.0,98.0,1.0,1.0
286461f808ba11ebbd88ac1f6bf848b6,chunk_submod_128,chunk,submod,1.0,1.0,1.0,1.0,0.6486,1.0,111.0,1.0,1.0
2fa40dae0bdc11eba7f7acde48001122,chunk_submod_128,chunk,submod,0.0,0.0,0.0,0.0,0.181,0.5,116.0,0.5,0.0
a19ca5c80bdd11eba7f7acde48001122,chunk_submod_128,chunk,submod,0.0,0.0,1.0,1.0,0.1897,0.5,116.0,0.5,0.0
6a807fc40bb011ebab90acde48001122,chunk_submod_128,chunk,submod,0.0,0.0,0.0,0.4,0.4561,0.5,114.0,0.5,0.0
1118315c0bdd11eba7f7acde48001122,chunk_submod_128,chunk,submod,0.0,0.0,0.0,0.0,0.3929,0.5,112.0,0.5,0.0
185a906e0bdc11eba7f7acde48001122,chunk_submod_128,chunk,submod,0.0,0.0,0.0,0.5,0.2018,0.5,114.0,0.5,0.0
77f4e0140bb011ebab90acde48001122,chunk_submod_128,chunk,submod,0.0,0.0,0.0,0.0,0.0,0.0,127.0,0.5,0.0
2a98df6408d111ebbd95ac1f6bf848b6,chunk_submod_128,chunk,submod,0.0,0.0,0.0,0.0,0.6296,1.0,108.0,1.0,1.0
025359200bde11eba7f7acde48001122,chunk_submod_128,chunk,submod,0.0,0.0,0.0,0.0,0.6535,0.5,127.0,0.5,0.0
bd34477e0baf11ebab90acde48001122,chunk_submod_128,chunk,submod,0.0,0.0,0.0,0.8333,0.0,0.0,90.0,1.0,1.0
6a8a71280bb011ebab90acde48001122,chunk_submod_128,chunk,submod,0.0,0.1667,0.0,0.5,0.2314,0.5,121.0,1.0,1.0
ef9cbeca0bdd11eba7f7acde48001122,chunk_submod_128,chunk,submod,0.0,0.5,1.0,1.0,0.5246,1.0,122.0,1.0,1.0
c218a802090711ebbdadac1f6bf848b6,chunk_submod_128,chunk,submod,1.0,1.0,1.0,1.0,0.1855,0.5,124.0,1.0,1.0
f94832c408b811ebbd88ac1f6bf848b6,chunk_submod_128,chunk,submod,1.0,1.0,1.0,1.0,0.5478,0.5,115.0,0.5,0.0
8d2382e0085811ebbd5aac1f6bf848b6,chunk_submod_128,chunk,submod,0.0,0.0,1.0,1.0,0.4876,1.0,121.0,1.0,1.0
86fb31260bdd11eba7f7acde48001122,chunk_submod_128,chunk,submod,0.0,0.0,0.0,0.0,0.6393,1.0,122.0,1.0,1.0
18c0ccb1086911ebbd5eac1f6bf848b6,chunk_submod_128,chunk,submod,1.0,1.0,1.0,1.0,0.5882,1.0,119.0,1.0,1.0
e6f8d00a089611ebbd76ac1f6bf848b6,chunk_submod_128,chunk,submod,0.0,0.0,0.0,0.0,0.6606,1.0,109.0,1.0,1.0
8919fb50085311ebbd59ac1f6bf848b6,chunk_submod_128,chunk,submod,0.0,0.0,1.0,1.0,0.3858,1.0,127.0,1.0,1.0
d5a61878086b11ebbd60ac1f6bf848b6,chunk_submod_128,chunk,submod,1.0,1.0,1.0,1.0,0.2424,0.5,99.0,1.0,1.0
f6973183085a11ebbd5cac1f6bf848b6,chunk_submod_128,chunk,submod,1.0,1.0,1.0,1.0,0.4762,0.5,105.0,0.5,0.0
fc031d360baf11ebab90acde48001122,chunk_submod_128,chunk,submod,0.0,0.0,0.0,0.2,0.3208,0.5,106.0,0.5,0.0
e5c738900bdc11eba7f7acde48001122,chunk_submod_128,chunk,submod,0.0,0.0,0.0,0.0,0.4298,0.5,114.0,0.5,0.0
6b466508097711ebbdb0ac1f6bf848b6,chunk_submod_128,chunk,submod,1.0,1.0,1.0,1.0,0.9174,1.0,121.0,1.0,1.0
46bd0bd6087511ebbd67ac1f6bf848b6,chunk_submod_128,chunk,submod,1.0,1.0,1.0,1.0,0.1939,0.25,98.0,0.5,0.0
d1bdbdbe087711ebbd67ac1f6bf848b6,chunk_submod_128,chunk,submod,1.0,1.0,0.0,0.0,0.7656,0.5,128.0,0.75,0.0
6152f66c08df11ebbda0ac1f6bf848b6,chunk_submod_128,chunk,submod,1.0,1.0,1.0,1.0,0.5827,0.5,127.0,0.5,0.0
98a3e5e9089111ebbd73ac1f6bf848b6,chunk_submod_128,chunk,submod,1.0,1.0,1.0,1.0,0.7355,0.5,121.0,0.5,0.0
6946f8d20baf11ebab90acde48001122,chunk_submod_128,chunk,submod,0.0,0.0,0.0,0.3333,0.4255,0.5,94.0,0.5,0.0
3d4662300bb011ebab90acde48001122,chunk_submod_128,chunk,submod,1.0,1.0,1.0,1.0,0.2422,0.5,128.0,0.5,0.0
c504923408fe11ebbdadac1f6bf848b6,chunk_submod_128,chunk,submod,0.0,0.0,1.0,1.0,0.3448,1.0,116.0,1.0,1.0
922a629c0bb011ebab90acde48001122,chunk_submod_128,chunk,submod,0.0,0.0,0.0,0.6,0.6752,0.5,117.0,0.5,0.0
0e967bac08a711ebbd7fac1f6bf848b6,chunk_submod_128,chunk,submod,1.0,1.0,1.0,1.0,0.8511,0.5,94.0,0.5,0.0
c1aa9b640bdc11eba7f7acde48001122,chunk_submod_128,chunk,submod,0.0,0.0,0.0,0.0,0.0,0.0,115.0,1.0,1.0
dba424900baf11ebab90acde48001122,chunk_submod_128,chunk,submod,0.0,0.0,0.0,0.3333,0.2689,0.5,119.0,0.5,0.0
f4cc9d4908b311ebbd86ac1f6bf848b6,chunk_submod_128,chunk,submod,0.0,0.0,1.0,1.0,0.6471,0.5,102.0,0.5,0.0
6b850e0e0baf11ebab90acde48001122,chunk_submod_128,chunk,submod,0.0,0.2857,1.0,1.0,0.7951,1.0,122.0,1.0,1.0
abce7ee208b111ebbd85ac1f6bf848b6,chunk_submod_128,chunk,submod,1.0,1.0,1.0,1.0,0.28,0.5,125.0,0.5,0.0
6615041e0bb011ebab90acde48001122,chunk_submod_128,chunk,submod,0.0,0.0,0.0,0.3333,0.1984,0.5,126.0,0.5,0.0
dc4754a80bdc11eba7f7acde48001122,chunk_submod_128,chunk,submod,0.0,0.0,0.0,0.0,0.4576,0.5,118.0,0.5,0.0
6bd86dd4087f11ebbd6bac1f6bf848b6,chunk_submod_128,chunk,submod,1.0,1.0,1.0,1.0,0.5938,0.5,128.0,0.5,0.0
98ab6cfe08c411ebbd8eac1f6bf848b6,chunk_submod_128,chunk,submod,1.0,1.0,1.0,1.0,0.4957,0.5,115.0,0.5,0.0
c30b9f8108b211ebbd85ac1f6bf848b6,chunk_submod_128,chunk,submod,1.0,1.0,1.0,1.0,0.5323,1.0,124.0,1.0,1.0
49e0153808ac11ebbd82ac1f6bf848b6,chunk_submod_128,chunk,submod,1.0,1.0,1.0,1.0,0.6694,0.5,124.0,0.5,0.0
2fcc3e3e0bda11eba7f7acde48001122,chunk_submod_128,chunk,submod,0.0,0.0,0.0,0.0,0.708,1.0,113.0,1.0,1.0
8a6610400bda11eba7f7acde48001122,chunk_submod_128,chunk,submod,0.0,0.0,0.0,0.0,0.4286,0.5,98.0,0.5,0.0
e172d3b20baf11ebab90acde48001122,chunk_submod_128,chunk,submod,0.0,0.0,0.0,0.0,0.6579,1.0,114.0,1.0,1.0
c365be0608ae11ebbd83ac1f6bf848b6,chunk_submod_128,chunk,submod,1.0,1.0,0.0,0.0,0.4107,0.5,112.0,1.0,1.0
a9406286088d11ebbd70ac1f6bf848b6,chunk_submod_128,chunk,submod,0.0,0.0,1.0,1.0,0.8033,0.5,122.0,0.5,0.0
6b84004a0baf11ebab90acde48001122,chunk_submod_128,chunk,submod,0.0,0.0,0.0,0.4,0.4369,0.5,103.0,0.5,0.0
caa0a77908ac11ebbd83ac1f6bf848b6,chunk_submod_128,chunk,submod,1.0,1.0,1.0,1.0,1.0,0.5,121.0,0.5,0.0
63a51a37096711ebbdafac1f6bf848b6,chunk_submod_128,chunk,submod,1.0,1.0,1.0,1.0,0.4902,1.0,102.0,1.0,1.0
647eba07088f11ebbd72ac1f6bf848b6,chunk_submod_128,chunk,submod,0.0,0.0,0.0,0.5,0.7946,1.0,112.0,1.0,1.0
6e765ee508f611ebbdaaac1f6bf848b6,chunk_submod_128,chunk,submod,1.0,1.0,1.0,1.0,0.7232,1.0,112.0,1.0,1.0
dc6e054e0baf11ebab90acde48001122,chunk_submod_128,chunk,submod,0.0,0.0,0.0,0.0,0.7717,0.5,127.0,0.5,0.0
5c82bfe20bdb11eba7f7acde48001122,chunk_submod_128,chunk,submod,0.0,0.0,0.0,0.0,0.5745,0.5,94.0,1.0,1.0
47a59362091411ebbdadac1f6bf848b6,chunk_submod_128,chunk,submod,1.0,1.0,1.0,1.0,0.4259,1.0,108.0,1.0,1.0
5bab48ec0bda11eba7f7acde48001122,chunk_submod_128,chunk,submod,0.0,0.0,0.0,0.0,0.1789,0.5,95.0,0.5,0.0
d3c779240bdd11eba7f7acde48001122,chunk_submod_128,chunk,submod,0.0,0.0,0.0,0.0,0.3034,0.5,89.0,1.0,1.0
57e0ae020bb011ebab90acde48001122,chunk_submod_128,chunk,submod,0.0,0.6154,0.0,0.7143,0.6471,1.0,102.0,1.0,1.0
9e2fc7ef08c711ebbd91ac1f6bf848b6,chunk_submod_128,chunk,submod,0.0,0.0,0.0,0.0,0.6,0.5,80.0,0.5,0.0
be9369c80bdd11eba7f7acde48001122,chunk_submod_128,chunk,submod,0.0,0.0,0.0,0.0,0.2281,0.5,114.0,0.5,0.0
abaff0940bdb11eba7f7acde48001122,chunk_submod_128,chunk,submod,0.0,0.0,0.0,0.0,0.459,0.5,122.0,0.5,0.0
09aa4e1a0bdc11eba7f7acde48001122,chunk_submod_128,chunk,submod,0.0,0.0,0.0,0.0,0.0,0.0,110.0,0.5,0.0
e4e02a240bda11eba7f7acde48001122,chunk_submod_128,chunk,submod,0.0,0.0,0.0,0.5,0.1746,0.5,126.0,0.5,0.0
fc9d859008a011ebbd78ac1f6bf848b6,chunk_submod_128,chunk,submod,1.0,1.0,1.0,1.0,0.7109,1.0,128.0,1.0,1.0
3c3204c8084d11ebbd56ac1f6bf848b6,chunk_submod_128,chunk,submod,0.0,0.0,1.0,1.0,0.4032,0.5,124.0,0.5,0.0
d5bf657c0bdb11eba7f7acde48001122,chunk_submod_128,chunk,submod,0.0,0.0,1.0,1.0,0.7156,1.0,109.0,1.0,1.0
f4aa6595093611ebbdaeac1f6bf848b6,chunk_submod_128,chunk,submod,1.0,1.0,1.0,1.0,0.8796,1.0,108.0,1.0,1.0
5a34b04e0bd911eba7f7acde48001122,chunk_submod_128,chunk,submod,0.0,0.0,0.0,0.0,0.213,0.5,108.0,0.5,0.0
1a3bb74508dc11ebbd9cac1f6bf848b6,chunk_submod_128,chunk,submod,0.0,0.0,1.0,1.0,0.7982,0.5,114.0,0.75,0.0
8031698e0bdb11eba7f7acde48001122,chunk_submod_128,chunk,submod,0.0,0.0,0.0,0.0,0.4375,0.5,128.0,1.0,1.0
637434540bde11eba7f7acde48001122,chunk_submod_128,chunk,submod,1.0,1.0,1.0,1.0,0.2213,0.5,122.0,0.5,0.0
943b50b20bda11eba7f7acde48001122,chunk_submod_128,chunk,submod,0.0,0.0,0.0,0.0,0.315,0.5,127.0,0.5,0.0
736afe9e0baf11ebab90acde48001122,chunk_submod_128,chunk,submod,0.0,0.0,0.0,0.5,0.0,0.0,124.0,0.5,0.0
fb6ff1e20bdb11eba7f7acde48001122,chunk_submod_128,chunk,submod,0.0,0.0,0.0,0.0,0.3016,0.5,126.0,0.5,0.0
42dac74c089311ebbd74ac1f6bf848b6,chunk_submod_128,chunk,submod,0.0,0.2,0.0,0.25,0.5818,0.5,110.0,0.5,0.0
1407903b089d11ebbd78ac1f6bf848b6,chunk_submod_128,chunk,submod,1.0,1.0,0.0,0.5,0.6727,1.0,110.0,1.0,1.0
c4fd6fe80bdd11eba7f7acde48001122,chunk_submod_128,chunk,submod,0.0,0.0,0.0,0.0,0.5534,0.5,103.0,0.5,0.0
4de007f40bdd11eba7f7acde48001122,chunk_submod_128,chunk,submod,0.0,0.0,0.0,0.0,0.3714,0.5,105.0,0.5,0.0
5ead80ee0baf11ebab90acde48001122,chunk_submod_128,chunk,submod,0.0,0.4,0.0,0.5,0.2846,0.5,123.0,1.0,1.0
a27849740bd911eba7f7acde48001122,chunk_submod_128,chunk,submod,0.0,0.0,0.0,0.0,0.4211,0.5,114.0,0.5,0.0
2b871cac0bdc11eba7f7acde48001122,chunk_submod_128,chunk,submod,0.0,0.0,0.0,0.0,0.4444,0.5,126.0,0.5,0.0
e2e9a9560bdb11eba7f7acde48001122,chunk_submod_128,chunk,submod,0.0,0.0,0.0,0.0,0.0992,0.5,121.0,0.5,0.0
ffee28d80bae11ebab90acde48001122,chunk_submod_128,chunk,submod,0.0,0.0,0.0,0.3333,0.0,0.0,123.0,0.5,0.0
972ecece08ef11ebbda8ac1f6bf848b6,chunk_submod_128,chunk,submod,1.0,1.0,1.0,1.0,0.4872,1.0,117.0,1.0,1.0
1948b12e0bda11eba7f7acde48001122,chunk_submod_128,chunk,submod,0.0,0.0,0.0,0.0,0.5397,1.0,126.0,1.0,1.0
406a4ee00bb011ebab90acde48001122,chunk_submod_128,chunk,submod,0.0,0.0,0.0,0.0,0.2712,0.5,118.0,0.5,0.0
3d1200fc0bde11eba7f7acde48001122,chunk_submod_128,chunk,submod,0.0,0.0,0.0,0.0,0.4882,0.5,127.0,0.5,0.0
d1c8b2a00bdd11eba7f7acde48001122,chunk_submod_128,chunk,submod,0.0,0.0,0.0,0.0,0.5,0.5,94.0,0.5,0.0
c400306a0bda11eba7f7acde48001122,chunk_submod_128,chunk,submod,0.0,0.0,0.0,0.5,0.4922,0.5,128.0,0.5,0.0
315872d20bde11eba7f7acde48001122,chunk_submod_128,chunk,submod,0.0,0.0,0.0,0.0,0.2177,0.5,124.0,0.5,0.0
f6e759da0bdb11eba7f7acde48001122,chunk_submod_128,chunk,submod,0.0,0.0,0.0,0.0,0.3902,0.5,123.0,0.5,0.0
c0409500088f11ebbd72ac1f6bf848b6,chunk_submod_128,chunk,submod,0.0,0.0,0.0,0.0,0.187,0.5,123.0,1.0,1.0
138a34f80bdd11eba7f7acde48001122,chunk_submod_128,chunk,submod,0.0,0.0,0.0,0.0,0.4945,0.5,91.0,0.5,0.0
2d94661c0bdc11eba7f7acde48001122,chunk_submod_128,chunk,submod,0.0,0.0,0.0,0.0,0.2451,0.5,102.0,0.5,0.0
aa72cb6a0baf11ebab90acde48001122,chunk_submod_128,chunk,submod,0.0,0.0,1.0,1.0,0.6929,1.0,127.0,1.0,1.0
e6998c7e08de11ebbd9fac1f6bf848b6,chunk_submod_128,chunk,submod,0.0,0.0,1.0,1.0,0.5738,0.5,122.0,0.5,0.0
eded9bbf08de11ebbd9fac1f6bf848b6,chunk_submod_128,chunk,submod,1.0,1.0,1.0,1.0,0.5966,0.5,119.0,0.5,0.0
6ae076e40bde11eba7f7acde48001122,chunk_submod_128,chunk,submod,0.0,0.0,0.0,0.0,0.2449,0.5,98.0,1.0,1.0
a380ab7c08b911ebbd88ac1f6bf848b6,chunk_submod_128,chunk,submod,1.0,1.0,1.0,1.0,0.561,1.0,123.0,1.0,1.0
df3ab4560bdd11eba7f7acde48001122,chunk_submod_128,chunk,submod,0.0,0.0,0.0,0.0,0.2857,0.5,119.0,1.0,1.0
df4b96e7087111ebbd63ac1f6bf848b6,chunk_submod_128,chunk,submod,0.0,0.0,0.0,0.3333,0.7565,0.25,115.0,0.5,0.0
faedda9a0bdb11eba7f7acde48001122,chunk_submod_128,chunk,submod,0.0,0.0,0.0,0.5,0.5766,1.0,111.0,1.0,1.0
50bd90820bdc11eba7f7acde48001122,chunk_submod_128,chunk,submod,0.0,0.0,0.0,0.0,0.236,0.5,89.0,0.5,0.0
c01738e20bdd11eba7f7acde48001122,chunk_submod_128,chunk,submod,0.0,0.0,0.0,0.0,0.6337,1.0,101.0,1.0,1.0
3c0091600bde11eba7f7acde48001122,chunk_submod_128,chunk,submod,0.0,0.0,0.0,0.0,0.6182,1.0,110.0,1.0,1.0
1b9c91660bda11eba7f7acde48001122,chunk_submod_128,chunk,submod,1.0,1.0,1.0,1.0,0.6525,1.0,118.0,1.0,1.0
bd4901b0085e11ebbd5cac1f6bf848b6,chunk_submod_128,chunk,submod,0.0,0.0,1.0,1.0,0.6372,1.0,113.0,1.0,1.0
a7419bf3092e11ebbdaeac1f6bf848b6,chunk_submod_128,chunk,submod,0.0,0.0,1.0,1.0,0.5478,1.0,115.0,1.0,1.0
fa960b58085911ebbd5bac1f6bf848b6,chunk_submod_128,chunk,submod,0.0,0.0,0.0,0.0,0.3883,1.0,103.0,1.0,1.0
582deca408bc11ebbd88ac1f6bf848b6,chunk_submod_128,chunk,submod,0.0,0.0,1.0,1.0,0.5047,0.5,107.0,0.5,0.0
a5bd56fc0bdd11eba7f7acde48001122,chunk_submod_128,chunk,submod,0.0,0.0,0.0,0.0,0.3243,0.5,111.0,1.0,1.0
6d392be40bdd11eba7f7acde48001122,chunk_submod_128,chunk,submod,1.0,1.0,1.0,1.0,0.4528,1.0,106.0,1.0,1.0
33d4446c087511ebbd67ac1f6bf848b6,chunk_submod_128,chunk,submod,1.0,1.0,0.0,0.0,0.8571,0.75,126.0,1.0,1.0
881866100baf11ebab90acde48001122,chunk_submod_128,chunk,submod,0.0,0.0,0.0,0.0,0.2016,0.5,124.0,0.5,0.0
7d88d84d08bc11ebbd88ac1f6bf848b6,chunk_submod_128,chunk,submod,0.0,0.0,1.0,1.0,0.5039,0.5,127.0,0.5,0.0
4d3c252e0bda11eba7f7acde48001122,chunk_submod_128,chunk,submod,0.0,0.0,0.0,0.0,0.2745,0.5,102.0,1.0,1.0
9e0009f60baf11ebab90acde48001122,chunk_submod_128,chunk,submod,0.0,0.0,0.0,0.0,0.0,0.0,119.0,0.5,0.0
b8133a100bdd11eba7f7acde48001122,chunk_submod_128,chunk,submod,0.0,0.0,0.0,0.0,0.0,0.0,127.0,1.0,1.0
61082d440bdc11eba7f7acde48001122,chunk_submod_128,chunk,submod,0.0,0.0,0.0,0.0,0.3097,0.5,113.0,0.5,0.0
6ea141020baf11ebab90acde48001122,chunk_submod_128,chunk,submod,0.0,0.0,0.0,0.5,0.2258,0.5,124.0,0.5,0.0
d759ab480bdd11eba7f7acde48001122,chunk_submod_128,chunk,submod,0.0,0.0,0.0,0.0,0.5652,1.0,115.0,1.0,1.0
2e7a589e085211ebbd58ac1f6bf848b6,chunk_submod_128,chunk,submod,0.0,0.0,0.0,0.0,0.7521,0.5,121.0,0.5,0.0
e85d87f4095111ebbdaeac1f6bf848b6,chunk_submod_128,chunk,submod,0.0,0.0,1.0,1.0,0.48,1.0,125.0,1.0,1.0
9a339d60099011ebbdb0ac1f6bf848b6,chunk_submod_128,chunk,submod,0.0,0.0,0.0,0.0,0.5385,1.0,104.0,1.0,1.0
5d6e00200bda11eba7f7acde48001122,chunk_submod_128,chunk,submod,0.0,0.0,0.0,0.0,0.5221,1.0,113.0,1.0,1.0
2efc2c3b08bf11ebbd8aac1f6bf848b6,chunk_submod_128,chunk,submod,1.0,1.0,1.0,1.0,0.5547,0.5,128.0,0.5,0.0
0926667308d011ebbd95ac1f6bf848b6,chunk_submod_128,chunk,submod,1.0,1.0,1.0,1.0,0.7241,1.0,116.0,1.0,1.0
8f3945d8098111ebbdb0ac1f6bf848b6,chunk_submod_128,chunk,submod,1.0,1.0,0.0,0.6667,0.4955,0.5,111.0,1.0,1.0
5e8240ea0bdd11eba7f7acde48001122,chunk_submod_128,chunk,submod,0.0,0.0,0.0,0.0,0.2205,0.5,127.0,0.5,0.0
36ec2b3a086411ebbd5eac1f6bf848b6,chunk_submod_128,chunk,submod,0.0,0.0,1.0,1.0,0.7009,0.5,107.0,0.5,0.0
53175e86086b11ebbd5fac1f6bf848b6,chunk_submod_128,chunk,submod,1.0,1.0,0.0,0.6667,0.3333,1.0,126.0,1.0,1.0
66d8f7560bde11eba7f7acde48001122,chunk_submod_128,chunk,submod,0.0,0.0,0.0,0.0,0.1707,0.5,123.0,0.5,0.0
a9755ea508a711ebbd7fac1f6bf848b6,chunk_submod_128,chunk,submod,1.0,1.0,1.0,1.0,0.7812,0.5,128.0,0.5,0.0
6a8b28c00bb011ebab90acde48001122,chunk_submod_128,chunk,submod,0.0,0.2857,0.0,0.25,0.0,0.0,106.0,1.0,1.0
43a949ae0bdc11eba7f7acde48001122,chunk_submod_128,chunk,submod,0.0,0.0,0.0,0.0,0.6,0.5,110.0,0.5,0.0
b9cb67da092b11ebbdaeac1f6bf848b6,chunk_submod_128,chunk,submod,0.0,0.0,1.0,1.0,0.4261,1.0,115.0,1.0,1.0
5390f39c086d11ebbd61ac1f6bf848b6,chunk_submod_128,chunk,submod,1.0,1.0,1.0,1.0,0.5462,1.0,119.0,1.0,1.0
d370f0b0085711ebbd5aac1f6bf848b6,chunk_submod_128,chunk,submod,1.0,1.0,0.0,0.6,0.1875,0.25,128.0,0.5,0.0
adcdb9440bd911eba7f7acde48001122,chunk_submod_128,chunk,submod,0.0,0.0,0.0,0.0,0.42,0.5,100.0,0.5,0.0
1db17ce108a711ebbd7fac1f6bf848b6,chunk_submod_128,chunk,submod,0.0,0.0,1.0,1.0,0.3594,0.5,128.0,0.5,0.0
177e0eda0bde11eba7f7acde48001122,chunk_submod_128,chunk,submod,0.0,0.0,0.0,0.0,0.4793,0.5,121.0,0.5,0.0
9da14ff1086311ebbd5eac1f6bf848b6,chunk_submod_128,chunk,submod,0.0,0.0,1.0,1.0,0.4536,1.0,97.0,1.0,1.0
2f10177608d911ebbd9cac1f6bf848b6,chunk_submod_128,chunk,submod,1.0,1.0,1.0,1.0,0.2051,0.5,117.0,1.0,1.0
b52a4d7e0bd911eba7f7acde48001122,chunk_submod_128,chunk,submod,0.0,0.0,0.0,0.0,0.2174,0.5,115.0,1.0,1.0
6dd9acf20bda11eba7f7acde48001122,chunk_submod_128,chunk,submod,0.0,0.0,0.0,0.0,0.125,0.5,112.0,0.5,0.0
3f635554096511ebbdafac1f6bf848b6,chunk_submod_128,chunk,submod,0.0,0.0,0.0,0.0,0.5818,1.0,110.0,1.0,1.0
8c12ceba0bda11eba7f7acde48001122,chunk_submod_128,chunk,submod,0.0,0.0,0.0,0.0,0.272,0.5,125.0,0.5,0.0
8c1162a5086111ebbd5dac1f6bf848b6,chunk_submod_128,chunk,submod,1.0,1.0,1.0,1.0,0.5487,1.0,113.0,1.0,1.0
0585c9aa087f11ebbd6bac1f6bf848b6,chunk_submod_128,chunk,submod,0.0,0.0,1.0,1.0,0.4576,0.5,118.0,0.5,0.0
b8407b060bdd11eba7f7acde48001122,chunk_submod_128,chunk,submod,0.0,0.0,0.0,0.0,0.5439,0.5,114.0,0.5,0.0
07b62dea0baf11ebab90acde48001122,chunk_submod_128,chunk,submod,0.0,0.0,0.0,0.5,0.6632,1.0,95.0,1.0,1.0
fb95c0000bdd11eba7f7acde48001122,chunk_submod_128,chunk,submod,0.0,0.0,0.0,0.0,0.3058,0.5,121.0,0.5,0.0
e1abbba9098a11ebbdb0ac1f6bf848b6,chunk_submod_128,chunk,submod,0.0,0.0,0.0,0.0,1.0,1.0,113.0,1.0,1.0
fbf8fd9e0bda11eba7f7acde48001122,chunk_submod_128,chunk,submod,0.0,0.0,1.0,1.0,0.3445,0.5,119.0,1.0,1.0
636fc8380bde11eba7f7acde48001122,chunk_submod_128,chunk,submod,0.0,0.0,0.0,0.0,0.0,0.0,109.0,0.5,0.0
0c97f4720bde11eba7f7acde48001122,chunk_submod_128,chunk,submod,0.0,0.0,0.0,0.0,0.2,0.5,125.0,1.0,1.0
36787917086811ebbd5eac1f6bf848b6,chunk_submod_128,chunk,submod,1.0,1.0,0.0,0.6667,0.3577,0.5,123.0,1.0,1.0
519aee780baf11ebab90acde48001122,chunk_submod_128,chunk,submod,0.0,0.0,0.0,0.5,0.3136,0.5,118.0,0.5,0.0
6a81117708f311ebbdaaac1f6bf848b6,chunk_submod_128,chunk,submod,0.0,0.0,1.0,1.0,0.6695,1.0,118.0,1.0,1.0
0105676c0bdd11eba7f7acde48001122,chunk_submod_128,chunk,submod,0.0,0.0,0.0,0.0,0.2623,0.5,122.0,1.0,1.0
73c53c9809a111ebbdb0ac1f6bf848b6,chunk_submod_128,chunk,submod,0.0,0.0,0.0,0.5,0.6349,1.0,126.0,1.0,1.0
7416106b090f11ebbdadac1f6bf848b6,chunk_submod_128,chunk,submod,1.0,1.0,1.0,1.0,0.6349,1.0,126.0,1.0,1.0
3a1dbb720bdc11eba7f7acde48001122,chunk_submod_128,chunk,submod,0.0,0.0,0.0,0.0,0.5437,0.5,103.0,0.5,0.0
ebbf5ec608da11ebbd9cac1f6bf848b6,chunk_submod_128,chunk,submod,1.0,1.0,1.0,1.0,0.6095,1.0,105.0,1.0,1.0
3972d2b60baf11ebab90acde48001122,chunk_submod_128,chunk,submod,0.0,0.0,0.0,0.0,0.3571,0.5,112.0,0.5,0.0
3adb8a740bde11eba7f7acde48001122,chunk_submod_128,chunk,submod,0.0,0.0,0.0,0.0,0.3922,1.0,102.0,1.0,1.0
13e2f86c0bde11eba7f7acde48001122,chunk_submod_128,chunk,submod,0.0,0.0,0.0,0.0,0.425,1.0,120.0,1.0,1.0
d7af391708bb11ebbd88ac1f6bf848b6,chunk_submod_128,chunk,submod,0.0,0.0,0.0,0.0,0.6762,0.5,105.0,0.5,0.0
c2b303ae08c411ebbd8eac1f6bf848b6,chunk_submod_128,chunk,submod,0.0,0.0,1.0,1.0,0.4173,0.5,127.0,0.5,0.0
db10aea20bd911eba7f7acde48001122,chunk_submod_128,chunk,submod,0.0,0.0,0.0,0.0,0.4455,0.5,110.0,0.5,0.0
7a93fcee0bdb11eba7f7acde48001122,chunk_submod_128,chunk,submod,0.0,0.0,0.0,0.0,1.0,0.5,78.0,0.5,0.0
05be9a0c0bde11eba7f7acde48001122,chunk_submod_128,chunk,submod,0.0,0.0,1.0,1.0,0.3048,0.5,105.0,0.5,0.0
091c13b20bdb11eba7f7acde48001122,chunk_submod_128,chunk,submod,0.0,0.0,0.0,0.0,0.5364,0.5,110.0,1.0,1.0
09b198a80bde11eba7f7acde48001122,chunk_submod_128,chunk,submod,0.0,0.0,0.0,0.0,0.32,0.5,125.0,1.0,1.0
c827468a0bdd11eba7f7acde48001122,chunk_submod_128,chunk,submod,0.0,0.0,0.0,0.3333,0.0,0.0,113.0,0.5,0.0
70f54a060bb011ebab90acde48001122,chunk_submod_128,chunk,submod,0.0,0.0,1.0,1.0,0.512,1.0,125.0,1.0,1.0
30e19d9008d611ebbd98ac1f6bf848b6,chunk_submod_128,chunk,submod,0.0,0.0,0.0,0.0,0.2276,0.5,123.0,1.0,1.0
43208df60bde11eba7f7acde48001122,chunk_submod_128,chunk,submod,0.0,0.0,0.0,0.0,0.0,0.0,126.0,0.5,0.0
5d0eadd80bde11eba7f7acde48001122,chunk_submod_128,chunk,submod,0.0,0.0,0.0,0.0,1.0,0.5,115.0,1.0,1.0
9284e77d08f811ebbdaaac1f6bf848b6,chunk_submod_128,chunk,submod,1.0,1.0,1.0,1.0,0.3529,0.5,102.0,1.0,1.0
94eba4ce0bdc11eba7f7acde48001122,chunk_submod_128,chunk,submod,0.0,0.0,0.0,0.0,0.6772,0.5,127.0,0.5,0.0
29427eea0bdd11eba7f7acde48001122,chunk_submod_128,chunk,submod,0.0,0.0,0.0,0.0,0.2677,0.5,127.0,1.0,1.0
62a9691e0bb011ebab90acde48001122,chunk_submod_128,chunk,submod,0.0,0.0,1.0,1.0,0.8716,1.0,109.0,1.0,1.0
cfc0d3e80bdd11eba7f7acde48001122,chunk_submod_128,chunk,submod,0.0,0.0,0.0,0.0,0.1714,0.5,105.0,1.0,1.0
76708e6a08b211ebbd85ac1f6bf848b6,chunk_submod_128,chunk,submod,0.0,0.0,0.0,0.0,0.3475,1.0,118.0,1.0,1.0
819dbb7a08d811ebbd9cac1f6bf848b6,chunk_submod_128,chunk,submod,0.0,0.0,1.0,1.0,0.3413,0.5,126.0,0.5,0.0
2fee043809b111ebbdb0ac1f6bf848b6,chunk_submod_128,chunk,submod,0.0,0.0,1.0,1.0,0.4273,1.0,110.0,1.0,1.0
39d43b7d08ae11ebbd83ac1f6bf848b6,chunk_submod_128,chunk,submod,0.0,0.0,1.0,1.0,0.8065,0.5,124.0,0.5,0.0
aef6771208b311ebbd86ac1f6bf848b6,chunk_submod_128,chunk,submod,1.0,1.0,1.0,1.0,0.7034,0.75,118.0,0.75,0.0
0cc33f200bdd11eba7f7acde48001122,chunk_submod_128,chunk,submod,0.0,0.0,0.0,0.3333,0.4602,0.5,113.0,0.5,0.0
8d1e4c000bdd11eba7f7acde48001122,chunk_submod_128,chunk,submod,0.0,0.0,0.0,0.0,0.52,1.0,125.0,1.0,1.0
d61d3fd20bd911eba7f7acde48001122,chunk_submod_128,chunk,submod,0.0,0.0,0.0,0.5,0.1654,0.5,127.0,0.5,0.0
0db2574e0bde11eba7f7acde48001122,chunk_submod_128,chunk,submod,0.0,0.0,0.0,0.0,0.4754,0.5,122.0,0.5,0.0
48b1e7660bb011ebab90acde48001122,chunk_submod_128,chunk,submod,0.0,0.0,0.0,0.25,0.3281,0.5,128.0,1.0,1.0
004430780bde11eba7f7acde48001122,chunk_submod_128,chunk,submod,0.0,0.0,0.0,0.0,1.0,1.0,113.0,1.0,1.0
fd4096540bd911eba7f7acde48001122,chunk_submod_128,chunk,submod,0.0,0.0,0.0,0.0,0.4538,0.5,119.0,0.5,0.0
1e4d9f2008ff11ebbdadac1f6bf848b6,chunk_submod_128,chunk,submod,1.0,1.0,1.0,1.0,0.487,1.0,115.0,1.0,1.0
0e161d6c084e11ebbd56ac1f6bf848b6,chunk_submod_128,chunk,submod,0.0,0.0,0.0,0.0,0.4327,0.5,104.0,0.5,0.0
fe41a8aa0bdd11eba7f7acde48001122,chunk_submod_128,chunk,submod,0.0,0.0,0.0,0.0,0.5169,0.5,118.0,0.5,0.0
db371cbb088011ebbd6dac1f6bf848b6,chunk_submod_128,chunk,submod,0.0,0.0,0.0,0.0,0.544,1.0,125.0,1.0,1.0
505a04cc0baf11ebab90acde48001122,chunk_submod_128,chunk,submod,0.0,0.0,0.0,0.5,0.7885,0.5,104.0,0.5,0.0
5cd6974c0bdc11eba7f7acde48001122,chunk_submod_128,chunk,submod,0.0,0.0,0.0,0.0,0.5906,0.5,127.0,0.5,0.0
c6fe0968091111ebbdadac1f6bf848b6,chunk_submod_128,chunk,submod,1.0,1.0,1.0,1.0,0.4098,1.0,122.0,1.0,1.0
aaaeeb220baf11ebab90acde48001122,chunk_submod_128,chunk,submod,0.0,0.0,0.0,0.5,0.0,0.0,116.0,0.5,0.0
5029152e085d11ebbd5cac1f6bf848b6,chunk_submod_128,chunk,submod,1.0,1.0,1.0,1.0,0.8016,1.0,126.0,1.0,1.0
beaf107f089a11ebbd77ac1f6bf848b6,chunk_submod_128,chunk,submod,0.0,0.0,0.0,0.0,0.7619,1.0,105.0,1.0,1.0
0961bb2808c611ebbd90ac1f6bf848b6,chunk_submod_128,chunk,submod,0.0,0.0,0.0,0.8333,0.6505,0.5,103.0,0.5,0.0
8854559c08b911ebbd88ac1f6bf848b6,chunk_submod_128,chunk,submod,1.0,1.0,1.0,1.0,0.2478,1.0,113.0,1.0,1.0
09c3e79c0bde11eba7f7acde48001122,chunk_submod_128,chunk,submod,0.0,0.0,0.0,0.0,0.2294,0.5,109.0,0.5,0.0
59603ef00bdd11eba7f7acde48001122,chunk_submod_128,chunk,submod,1.0,1.0,0.0,0.0,0.5476,0.5,126.0,0.5,0.0
13c15658087311ebbd66ac1f6bf848b6,chunk_submod_128,chunk,submod,1.0,1.0,1.0,1.0,0.6598,0.5,97.0,0.75,0.0
3de5f3d60bdd11eba7f7acde48001122,chunk_submod_128,chunk,submod,0.0,0.0,0.0,0.0,0.2283,0.5,127.0,0.5,0.0
08ceb92e0bda11eba7f7acde48001122,chunk_submod_128,chunk,submod,0.0,0.0,0.0,0.0,0.4574,0.5,94.0,0.5,0.0
1b053aca0bdd11eba7f7acde48001122,chunk_submod_128,chunk,submod,0.0,0.0,0.0,0.0,0.2143,0.5,126.0,0.5,0.0
dfee66b608c911ebbd92ac1f6bf848b6,chunk_submod_128,chunk,submod,0.0,0.0,0.0,0.0,0.4426,0.5,122.0,1.0,1.0
23ae34720bda11eba7f7acde48001122,chunk_submod_128,chunk,submod,0.0,0.0,0.0,0.0,0.0,0.0,106.0,0.5,0.0
91f8aeb508b811ebbd88ac1f6bf848b6,chunk_submod_128,chunk,submod,0.0,0.0,1.0,1.0,0.568,0.5,125.0,0.5,0.0
84b2e1e708ce11ebbd94ac1f6bf848b6,chunk_submod_128,chunk,submod,0.0,0.0,1.0,1.0,0.6984,1.0,126.0,1.0,1.0
9c1de1cf08b111ebbd85ac1f6bf848b6,chunk_submod_128,chunk,submod,0.0,0.0,1.0,1.0,0.3824,0.5,102.0,1.0,1.0
4bc286620bde11eba7f7acde48001122,chunk_submod_128,chunk,submod,0.0,0.0,0.0,0.0,0.4,0.5,100.0,1.0,1.0
b4f63414088511ebbd6dac1f6bf848b6,chunk_submod_128,chunk,submod,0.0,0.0,0.0,0.0,0.275,0.5,80.0,1.0,1.0
5cc7e4f20bd911eba7f7acde48001122,chunk_submod_128,chunk,submod,0.0,0.0,0.0,0.0,0.2602,0.5,123.0,0.5,0.0
7d8986360bda11eba7f7acde48001122,chunk_submod_128,chunk,submod,0.0,0.0,0.0,0.0,0.3818,0.5,110.0,0.5,0.0
d3493f98086611ebbd5eac1f6bf848b6,chunk_submod_128,chunk,submod,0.0,0.0,0.0,0.5,0.1795,0.5,78.0,1.0,1.0
29306dfc0bda11eba7f7acde48001122,chunk_submod_128,chunk,submod,0.0,0.0,0.0,0.0,0.3939,0.5,99.0,0.5,0.0
d105363b086e11ebbd62ac1f6bf848b6,chunk_submod_128,chunk,submod,0.0,0.1818,1.0,1.0,0.5596,1.0,109.0,1.0,1.0
350112e4085b11ebbd5cac1f6bf848b6,chunk_submod_128,chunk,submod,0.0,0.0,0.0,0.0,0.2959,0.25,98.0,0.5,0.0
27e926ca0bb011ebab90acde48001122,chunk_submod_128,chunk,submod,0.0,0.0,0.0,0.5,0.5512,0.5,127.0,0.5,0.0
650ee40e0bdd11eba7f7acde48001122,chunk_submod_128,chunk,submod,0.0,0.0,0.0,0.0,0.4146,0.5,123.0,0.5,0.0
43765d20087411ebbd67ac1f6bf848b6,chunk_submod_128,chunk,submod,0.0,0.0,0.0,0.0,0.4706,0.5,102.0,0.5,0.0
ab5beae00bda11eba7f7acde48001122,chunk_submod_128,chunk,submod,0.0,0.0,0.0,0.0,0.5575,0.5,113.0,0.5,0.0
95c505f4097f11ebbdb0ac1f6bf848b6,chunk_submod_128,chunk,submod,0.0,0.0,1.0,1.0,0.1983,0.5,121.0,1.0,1.0
fb9a9b0c089011ebbd72ac1f6bf848b6,chunk_submod_128,chunk,submod,0.0,0.0,1.0,1.0,0.7404,1.0,104.0,1.0,1.0
d4708a220bd911eba7f7acde48001122,chunk_submod_128,chunk,submod,0.0,0.0,0.0,0.0,0.2979,0.5,94.0,0.5,0.0
b2a1b19e096e11ebbdb0ac1f6bf848b6,chunk_submod_128,chunk,submod,0.0,0.0,0.0,0.0,0.8529,1.0,102.0,1.0,1.0
0c3675d40bda11eba7f7acde48001122,chunk_submod_128,chunk,submod,0.0,0.0,0.0,0.0,0.0,0.0,114.0,0.5,0.0
19cae67d097711ebbdb0ac1f6bf848b6,chunk_submod_128,chunk,submod,1.0,1.0,1.0,1.0,0.4472,1.0,123.0,1.0,1.0
7257a60608cb11ebbd92ac1f6bf848b6,chunk_submod_128,chunk,submod,0.0,0.0,1.0,1.0,0.767,0.5,103.0,0.5,0.0
3f1b7d3b086c11ebbd61ac1f6bf848b6,chunk_submod_128,chunk,submod,0.0,0.0,0.0,0.0,0.7895,0.5,114.0,0.75,0.0
8d8c678b085911ebbd5bac1f6bf848b6,chunk_submod_128,chunk,submod,1.0,1.0,1.0,1.0,0.6148,0.5,122.0,0.5,0.0
e5bc717c0bdb11eba7f7acde48001122,chunk_submod_128,chunk,submod,0.0,0.0,0.0,0.0,0.623,1.0,122.0,1.0,1.0
57dabdf1091c11ebbdaeac1f6bf848b6,chunk_submod_128,chunk,submod,0.0,0.0,0.0,0.0,0.1939,0.5,98.0,1.0,1.0
60bb44320bd911eba7f7acde48001122,chunk_submod_128,chunk,submod,0.0,0.0,0.0,0.5,0.4597,1.0,124.0,1.0,1.0
d428aedc08a011ebbd78ac1f6bf848b6,chunk_submod_128,chunk,submod,1.0,1.0,1.0,1.0,0.6949,0.5,118.0,0.5,0.0
4ef0d0c80bde11eba7f7acde48001122,chunk_submod_128,chunk,submod,0.0,0.0,0.0,0.0,0.4483,0.5,116.0,1.0,1.0
1ebbc9b20bde11eba7f7acde48001122,chunk_submod_128,chunk,submod,0.0,0.0,0.0,0.0,0.0,0.0,121.0,0.5,0.0
958dc314091911ebbdaeac1f6bf848b6,chunk_submod_128,chunk,submod,0.0,0.0,0.0,0.0,0.4576,1.0,118.0,1.0,1.0
3e75a2b908bf11ebbd8aac1f6bf848b6,chunk_submod_128,chunk,submod,1.0,1.0,1.0,1.0,0.9118,1.0,102.0,1.0,1.0
c3f2f69a094411ebbdaeac1f6bf848b6,chunk_submod_128,chunk,submod,0.0,0.0,0.0,0.6667,0.563,1.0,119.0,1.0,1.0
66eefd9e0bde11eba7f7acde48001122,chunk_submod_128,chunk,submod,0.0,0.0,0.0,0.0,0.3672,0.5,128.0,0.5,0.0
658f9a300bd911eba7f7acde48001122,chunk_submod_128,chunk,submod,0.0,0.0,0.0,0.0,0.2422,0.5,128.0,0.5,0.0
5ff9cc8c0baf11ebab90acde48001122,chunk_submod_128,chunk,submod,0.0,0.0,0.0,0.8,0.4135,1.0,104.0,1.0,1.0
cc19962c0bdc11eba7f7acde48001122,chunk_submod_128,chunk,submod,0.0,0.0,0.0,0.0,0.2913,0.5,103.0,0.5,0.0
774fa4e20bdc11eba7f7acde48001122,chunk_submod_128,chunk,submod,0.0,0.0,0.0,0.3333,0.252,0.5,127.0,1.0,1.0
284e2815085811ebbd5aac1f6bf848b6,chunk_submod_128,chunk,submod,0.0,0.0,1.0,1.0,0.6333,0.5,120.0,0.5,0.0
5cd23bea0bda11eba7f7acde48001122,chunk_submod_128,chunk,submod,0.0,0.0,0.0,0.0,0.566,0.5,106.0,0.5,0.0
b9687149089811ebbd77ac1f6bf848b6,chunk_submod_128,chunk,submod,0.0,0.0,0.0,0.0,0.1273,0.25,110.0,0.25,0.0
318ebd55087f11ebbd6bac1f6bf848b6,chunk_submod_128,chunk,submod,0.0,0.0,1.0,1.0,0.4219,0.5,128.0,0.5,0.0
60814b660bb011ebab90acde48001122,chunk_submod_128,chunk,submod,0.0,0.0,0.0,0.3333,0.2759,0.5,116.0,0.5,0.0
6c7f03240bdb11eba7f7acde48001122,chunk_submod_128,chunk,submod,0.0,0.0,0.0,0.0,0.2844,0.5,109.0,0.5,0.0
b68527e40bdd11eba7f7acde48001122,chunk_submod_128,chunk,submod,0.0,0.0,0.0,0.0,0.6607,0.5,112.0,0.5,0.0
eb9a4b7c0bdc11eba7f7acde48001122,chunk_submod_128,chunk,submod,0.0,0.0,0.0,0.0,0.4569,1.0,116.0,1.0,1.0
63ccce2308cb11ebbd92ac1f6bf848b6,chunk_submod_128,chunk,submod,1.0,1.0,0.0,0.5,0.5455,1.0,99.0,1.0,1.0
4a6714f608d011ebbd95ac1f6bf848b6,chunk_submod_128,chunk,submod,1.0,1.0,1.0,1.0,0.3307,0.25,127.0,0.5,0.0
251db78c0bdb11eba7f7acde48001122,chunk_submod_128,chunk,submod,0.0,0.0,0.0,0.0,0.296,0.5,125.0,0.5,0.0
cc6b0e9e084e11ebbd56ac1f6bf848b6,chunk_submod_128,chunk,submod,1.0,1.0,1.0,1.0,0.6034,0.5,116.0,0.75,0.0
b16d1ab40bdd11eba7f7acde48001122,chunk_submod_128,chunk,submod,0.0,0.0,1.0,1.0,0.7227,1.0,119.0,1.0,1.0
e171d29a0bdd11eba7f7acde48001122,chunk_submod_128,chunk,submod,0.0,0.0,0.0,0.3333,0.4737,0.5,95.0,0.5,0.0
901658be084d11ebbd56ac1f6bf848b6,chunk_submod_128,chunk,submod,1.0,1.0,1.0,1.0,0.744,0.75,125.0,0.75,0.0
042bf49e0bdb11eba7f7acde48001122,chunk_submod_128,chunk,submod,0.0,0.0,0.0,0.0,0.1463,0.5,123.0,0.5,0.0
4d559f400bda11eba7f7acde48001122,chunk_submod_128,chunk,submod,0.0,0.0,0.0,0.5,0.5179,0.5,112.0,0.5,0.0
0d232356091511ebbdadac1f6bf848b6,chunk_submod_128,chunk,submod,0.0,0.0,0.0,0.0,0.5636,0.5,110.0,1.0,1.0
1ed79b0a087411ebbd67ac1f6bf848b6,chunk_submod_128,chunk,submod,0.0,0.8571,1.0,1.0,0.35,0.5,120.0,1.0,1.0
f21ab6980bdd11eba7f7acde48001122,chunk_submod_128,chunk,submod,0.0,0.0,0.0,0.0,0.48,0.5,125.0,0.5,0.0
1c593ac008ae11ebbd83ac1f6bf848b6,chunk_submod_128,chunk,submod,0.0,0.0,0.0,0.0,0.2692,0.25,104.0,0.5,0.0
eb18a27a0baf11ebab90acde48001122,chunk_submod_128,chunk,submod,0.0,0.0,0.0,0.5,0.1905,0.5,126.0,0.5,0.0
bedf588e0baf11ebab90acde48001122,chunk_submod_128,chunk,submod,0.0,0.0,0.0,0.0,0.3214,0.5,112.0,0.5,0.0
fffc59fc088f11ebbd72ac1f6bf848b6,chunk_submod_128,chunk,submod,1.0,1.0,1.0,1.0,0.5081,0.5,124.0,0.5,0.0
e2cadf420bdd11eba7f7acde48001122,chunk_submod_128,chunk,submod,0.0,0.0,1.0,1.0,0.568,1.0,125.0,1.0,1.0
337c710c08b511ebbd88ac1f6bf848b6,chunk_submod_128,chunk,submod,0.0,0.0,1.0,1.0,0.6911,1.0,123.0,1.0,1.0
62df628e0bde11eba7f7acde48001122,chunk_submod_128,chunk,submod,0.0,0.0,0.0,0.0,0.5472,0.5,106.0,1.0,1.0
a1f532760bdb11eba7f7acde48001122,chunk_submod_128,chunk,submod,0.0,0.0,1.0,1.0,0.7583,1.0,120.0,1.0,1.0
5dea5497089b11ebbd78ac1f6bf848b6,chunk_submod_128,chunk,submod,1.0,1.0,1.0,1.0,0.2812,0.25,128.0,0.25,0.0
c6d520840bda11eba7f7acde48001122,chunk_submod_128,chunk,submod,0.0,0.0,1.0,1.0,0.3228,1.0,127.0,1.0,1.0
66c00bf60bde11eba7f7acde48001122,chunk_submod_128,chunk,submod,0.0,0.0,0.0,0.0,0.4583,0.5,120.0,0.5,0.0
95ab4cac0bdc11eba7f7acde48001122,chunk_submod_128,chunk,submod,1.0,1.0,1.0,1.0,0.4324,1.0,111.0,1.0,1.0
27b8af06088e11ebbd70ac1f6bf848b6,chunk_submod_128,chunk,submod,0.0,0.0,0.0,0.0,0.3252,0.25,123.0,0.75,0.0
50f1350208af11ebbd83ac1f6bf848b6,chunk_submod_128,chunk,submod,0.0,0.0,0.0,0.0,0.541,0.25,122.0,0.5,0.0
68a60785087511ebbd67ac1f6bf848b6,chunk_submod_128,chunk,submod,0.0,0.0,0.0,0.8333,0.1616,0.5,99.0,1.0,1.0
9e68b794091311ebbdadac1f6bf848b6,chunk_submod_128,chunk,submod,0.0,0.0,0.0,0.0,0.4298,0.5,121.0,1.0,1.0
d922570808dc11ebbd9dac1f6bf848b6,chunk_submod_128,chunk,submod,0.0,0.0,0.0,0.0,0.6341,1.0,123.0,1.0,1.0
fd5a8ea0086711ebbd5eac1f6bf848b6,chunk_submod_128,chunk,submod,1.0,1.0,1.0,1.0,0.6344,1.0,93.0,1.0,1.0
dff7c3b60bdd11eba7f7acde48001122,chunk_submod_128,chunk,submod,0.0,0.0,0.0,0.0,0.7333,0.5,120.0,0.5,0.0
75c64fb00bda11eba7f7acde48001122,chunk_submod_128,chunk,submod,0.0,0.0,0.0,0.3333,0.215,0.5,107.0,0.5,0.0
43acd28e0bde11eba7f7acde48001122,chunk_submod_128,chunk,submod,0.0,0.0,0.0,0.0,0.6078,0.5,102.0,0.5,0.0
86afde360bda11eba7f7acde48001122,chunk_submod_128,chunk,submod,0.0,0.0,0.0,0.0,0.3543,0.5,127.0,0.5,0.0
2a7d95fc0bdc11eba7f7acde48001122,chunk_submod_128,chunk,submod,0.0,0.0,0.0,0.0,0.2295,0.5,122.0,0.5,0.0
7de481100baf11ebab90acde48001122,chunk_submod_128,chunk,submod,0.0,0.0,0.0,0.3333,0.3125,0.5,112.0,0.5,0.0
d8df66240bdd11eba7f7acde48001122,chunk_submod_128,chunk,submod,0.0,0.0,0.0,0.1667,1.0,1.0,125.0,1.0,1.0
2e925d6a0bde11eba7f7acde48001122,chunk_submod_128,chunk,submod,0.0,0.5,0.0,0.5,0.375,0.5,120.0,1.0,1.0
4b879bd6087a11ebbd67ac1f6bf848b6,chunk_submod_128,chunk,submod,1.0,1.0,1.0,1.0,0.5625,0.5,112.0,0.5,0.0
eb30f33c086611ebbd5eac1f6bf848b6,chunk_submod_128,chunk,submod,0.0,0.0,0.0,0.0,0.3274,0.5,113.0,1.0,1.0
59f0b4d608b211ebbd85ac1f6bf848b6,chunk_submod_128,chunk,submod,1.0,1.0,1.0,1.0,0.6,1.0,120.0,1.0,1.0
ef48a3720baf11ebab90acde48001122,chunk_submod_128,chunk,submod,0.0,0.0,0.0,0.75,0.5476,0.5,126.0,0.5,0.0
39c32aa2086411ebbd5eac1f6bf848b6,chunk_submod_128,chunk,submod,0.0,0.0,1.0,1.0,0.75,1.0,120.0,1.0,1.0
4b11ef0808cf11ebbd95ac1f6bf848b6,chunk_submod_128,chunk,submod,0.0,0.0,1.0,1.0,0.5755,0.5,106.0,0.5,0.0
354ab1c408e211ebbda3ac1f6bf848b6,chunk_submod_128,chunk,submod,1.0,1.0,1.0,1.0,0.7402,0.5,127.0,0.5,0.0
4293552c0bb011ebab90acde48001122,chunk_submod_128,chunk,submod,0.0,0.0,0.0,0.3333,0.3258,0.5,89.0,1.0,1.0
2a234d2d089911ebbd77ac1f6bf848b6,chunk_submod_128,chunk,submod,1.0,1.0,1.0,1.0,0.7232,1.0,112.0,1.0,1.0
565785740bb011ebab90acde48001122,chunk_submod_128,chunk,submod,0.0,0.0,0.0,0.0,0.0,0.0,126.0,0.5,0.0
511af4e80baf11ebab90acde48001122,chunk_submod_128,chunk,submod,0.0,0.0,0.0,0.6,0.0,0.0,102.0,0.5,0.0
227adf2c086c11ebbd60ac1f6bf848b6,chunk_submod_128,chunk,submod,0.0,0.0,1.0,1.0,0.5,0.5,120.0,0.5,0.0
bac99ab40bd911eba7f7acde48001122,chunk_submod_128,chunk,submod,0.0,0.0,0.0,0.25,0.1731,0.5,104.0,0.5,0.0
c001b9b40bdc11eba7f7acde48001122,chunk_submod_128,chunk,submod,0.0,0.0,0.0,0.0,0.0,0.0,106.0,0.5,0.0
c31b2d920bdc11eba7f7acde48001122,chunk_submod_128,chunk,submod,0.0,0.0,0.0,0.0,0.4571,0.5,105.0,0.5,0.0
13288e3a090b11ebbdadac1f6bf848b6,chunk_submod_128,chunk,submod,0.0,0.0,1.0,1.0,0.0,0.0,107.0,0.5,0.0
f62ae4f9096911ebbdafac1f6bf848b6,chunk_submod_128,chunk,submod,1.0,1.0,1.0,1.0,0.451,1.0,102.0,1.0,1.0
4bb64b540bde11eba7f7acde48001122,chunk_submod_128,chunk,submod,0.0,0.0,0.0,0.25,0.4537,0.5,108.0,0.5,0.0
4facc3320bd911eba7f7acde48001122,chunk_submod_128,chunk,submod,0.0,0.0,0.0,0.5,0.3583,0.5,120.0,0.5,0.0
af07336e0bdc11eba7f7acde48001122,chunk_submod_128,chunk,submod,0.0,0.0,0.0,0.0,0.5315,0.5,111.0,0.5,0.0
06ceba5e0bb011ebab90acde48001122,chunk_submod_128,chunk,submod,0.0,0.0,0.0,0.6667,0.4272,0.5,103.0,0.5,0.0
5a7f3e9d08e711ebbda6ac1f6bf848b6,chunk_submod_128,chunk,submod,0.0,0.0,0.0,0.0,0.1273,0.5,110.0,1.0,1.0
eee1f0af085911ebbd5bac1f6bf848b6,chunk_submod_128,chunk,submod,1.0,1.0,1.0,1.0,0.5508,1.0,118.0,1.0,1.0
7019886b093511ebbdaeac1f6bf848b6,chunk_submod_128,chunk,submod,0.0,0.0,1.0,1.0,0.4375,1.0,128.0,1.0,1.0
8326634a08a111ebbd79ac1f6bf848b6,chunk_submod_128,chunk,submod,0.0,0.0,0.0,0.0,0.6299,1.0,127.0,1.0,1.0
c74ed73b088d11ebbd70ac1f6bf848b6,chunk_submod_128,chunk,submod,1.0,1.0,1.0,1.0,0.8761,0.5,113.0,0.5,0.0
2f3c0934087b11ebbd67ac1f6bf848b6,chunk_submod_128,chunk,submod,0.0,0.0,0.0,0.0,0.5726,0.5,124.0,0.5,0.0
0ccfc77808c611ebbd90ac1f6bf848b6,chunk_submod_128,chunk,submod,0.0,0.0,1.0,1.0,0.4274,0.5,117.0,0.5,0.0
5136616008b211ebbd85ac1f6bf848b6,chunk_submod_128,chunk,submod,0.0,0.0,0.0,0.3333,0.549,0.25,102.0,0.5,0.0
afcff22e0bda11eba7f7acde48001122,chunk_submod_128,chunk,submod,0.0,0.0,0.0,0.0,0.3167,0.5,120.0,0.5,0.0
986625bc0bdb11eba7f7acde48001122,chunk_submod_128,chunk,submod,0.0,0.0,0.0,0.0,0.4314,0.5,102.0,0.5,0.0
290458a20bda11eba7f7acde48001122,chunk_submod_128,chunk,submod,0.0,0.0,0.0,0.0,0.0,0.0,102.0,0.5,0.0
7eeba090088d11ebbd70ac1f6bf848b6,chunk_submod_128,chunk,submod,1.0,1.0,1.0,1.0,0.2333,1.0,120.0,1.0,1.0
56c3a6c20bd911eba7f7acde48001122,chunk_submod_128,chunk,submod,0.0,0.5714,1.0,1.0,0.68,1.0,125.0,1.0,1.0
0d118fb00bdb11eba7f7acde48001122,chunk_submod_128,chunk,submod,0.0,0.0,0.0,0.0,0.416,0.5,125.0,0.5,0.0
07fce4900bde11eba7f7acde48001122,chunk_submod_128,chunk,submod,1.0,1.0,0.0,0.0,0.3858,0.5,127.0,0.5,0.0
9ff14fea0baf11ebab90acde48001122,chunk_submod_128,chunk,submod,0.0,0.0,0.0,0.0,0.189,0.5,127.0,0.5,0.0
955ddc6a0bdc11eba7f7acde48001122,chunk_submod_128,chunk,submod,0.0,0.0,0.0,0.0,0.2759,0.5,87.0,0.5,0.0
50b9582c0bb011ebab90acde48001122,chunk_submod_128,chunk,submod,1.0,1.0,1.0,1.0,0.4508,1.0,122.0,1.0,1.0
1b7752be0bdc11eba7f7acde48001122,chunk_submod_128,chunk,submod,0.0,0.0,0.0,0.0,0.4444,0.5,126.0,0.5,0.0
f31d38460bdc11eba7f7acde48001122,chunk_submod_128,chunk,submod,0.0,0.0,1.0,1.0,0.6017,1.0,118.0,1.0,1.0
dd01c8180bd911eba7f7acde48001122,chunk_submod_128,chunk,submod,0.0,0.0,0.0,0.0,0.4825,1.0,114.0,1.0,1.0
afc6b59708b611ebbd88ac1f6bf848b6,chunk_submod_128,chunk,submod,1.0,1.0,1.0,1.0,0.62,0.5,100.0,0.5,0.0
df66ea220bdc11eba7f7acde48001122,chunk_submod_128,chunk,submod,0.0,0.0,0.0,0.0,0.8487,1.0,119.0,1.0,1.0
a84ba2780bda11eba7f7acde48001122,chunk_submod_128,chunk,submod,0.0,0.0,0.0,0.0,0.0,0.0,126.0,0.0,0.0
c418fa2408e811ebbda6ac1f6bf848b6,chunk_submod_128,chunk,submod,1.0,1.0,0.0,0.6667,0.1028,0.5,107.0,0.5,0.0
96beb0b3086111ebbd5dac1f6bf848b6,chunk_submod_128,chunk,submod,0.0,0.0,1.0,1.0,0.7379,1.0,103.0,1.0,1.0
74b171780bde11eba7f7acde48001122,chunk_submod_128,chunk,submod,0.0,0.0,0.0,0.0,0.1811,0.5,127.0,0.5,0.0
8930ad3c0bdc11eba7f7acde48001122,chunk_submod_128,chunk,submod,0.0,0.0,0.0,0.0,0.6148,0.5,122.0,0.5,0.0
51a08d5308ac11ebbd82ac1f6bf848b6,chunk_submod_128,chunk,submod,1.0,1.0,1.0,1.0,0.3404,0.5,94.0,1.0,1.0
b4254d4c0bda11eba7f7acde48001122,chunk_submod_128,chunk,submod,0.0,0.0,0.0,0.0,0.419,0.5,105.0,0.5,0.0
f77f95da0bd911eba7f7acde48001122,chunk_submod_128,chunk,submod,0.0,0.0,0.0,0.0,0.1641,0.5,128.0,0.5,0.0
3581ccec0bdd11eba7f7acde48001122,chunk_submod_128,chunk,submod,0.0,0.0,0.0,0.0,0.0,0.0,122.0,0.0,0.0
20058aec0bde11eba7f7acde48001122,chunk_submod_128,chunk,submod,0.0,0.0,0.0,0.0,0.4375,0.5,96.0,1.0,1.0
f4a66ac60bae11ebab90acde48001122,chunk_submod_128,chunk,submod,0.0,0.0,0.0,0.3333,0.2946,0.5,112.0,0.5,0.0
001ad110086911ebbd5eac1f6bf848b6,chunk_submod_128,chunk,submod,0.0,0.0,0.0,0.0,0.0,0.0,121.0,0.5,0.0
b3c4b3a80bdd11eba7f7acde48001122,chunk_submod_128,chunk,submod,0.0,0.0,0.0,0.0,0.4356,0.5,101.0,0.5,0.0
38fdf5420bda11eba7f7acde48001122,chunk_submod_128,chunk,submod,0.0,0.0,0.0,0.0,0.2883,0.5,111.0,0.5,0.0
6a53eb53089b11ebbd78ac1f6bf848b6,chunk_submod_128,chunk,submod,0.0,0.0,1.0,1.0,0.6495,1.0,97.0,1.0,1.0
4c319d400bde11eba7f7acde48001122,chunk_submod_128,chunk,submod,0.0,0.0,1.0,1.0,0.3033,1.0,122.0,1.0,1.0
998f8786089711ebbd77ac1f6bf848b6,chunk_submod_128,chunk,submod,1.0,1.0,1.0,1.0,0.5294,0.5,119.0,0.5,0.0
0b78b1e9087411ebbd67ac1f6bf848b6,chunk_submod_128,chunk,submod,0.0,0.0,0.0,0.0,0.4646,1.0,127.0,1.0,1.0
632fcc82085611ebbd59ac1f6bf848b6,chunk_submod_128,chunk,submod,0.0,0.0,1.0,1.0,0.5288,1.0,104.0,1.0,1.0
272062fc088c11ebbd6fac1f6bf848b6,chunk_submod_128,chunk,submod,1.0,1.0,0.0,0.0,0.2598,0.25,127.0,0.25,0.0
241a9d0c0bde11eba7f7acde48001122,chunk_submod_128,chunk,submod,0.0,0.0,0.0,0.0,0.4286,0.5,98.0,0.5,0.0
c6c492e008bb11ebbd88ac1f6bf848b6,chunk_submod_128,chunk,submod,1.0,1.0,1.0,1.0,0.4694,1.0,98.0,1.0,1.0
b67ef6380bda11eba7f7acde48001122,chunk_submod_128,chunk,submod,0.0,0.0,0.0,0.0,0.0,0.0,123.0,0.5,0.0
4a3edf720bdc11eba7f7acde48001122,chunk_submod_128,chunk,submod,0.0,0.3333,0.0,0.3333,0.16,0.5,100.0,0.5,0.0
b21084c2097c11ebbdb0ac1f6bf848b6,chunk_submod_128,chunk,submod,1.0,1.0,1.0,1.0,0.7686,1.0,121.0,1.0,1.0
f5c9a3f2086111ebbd5dac1f6bf848b6,chunk_submod_128,chunk,submod,0.0,0.0,1.0,1.0,0.6019,1.0,103.0,1.0,1.0
1a344858086711ebbd5eac1f6bf848b6,chunk_submod_128,chunk,submod,1.0,1.0,1.0,1.0,0.525,0.5,120.0,0.5,0.0
dac1f66e0bdd11eba7f7acde48001122,chunk_submod_128,chunk,submod,0.0,0.0,0.0,0.0,0.449,0.5,98.0,1.0,1.0
141636ac0bdc11eba7f7acde48001122,chunk_submod_128,chunk,submod,0.0,0.0,0.0,0.0,0.75,1.0,116.0,1.0,1.0
48b07de00bb011ebab90acde48001122,chunk_submod_128,chunk,submod,0.0,0.2,0.0,0.7143,0.2703,0.5,111.0,1.0,1.0
ad193b1808b411ebbd88ac1f6bf848b6,ace_focused_128,ace,focused,1.0,1.0,1.0,1.0,0.4336,0.5,113.0,0.5,0.0
5b168cd8089811ebbd77ac1f6bf848b6,ace_focused_128,ace,focused,1.0,1.0,1.0,1.0,0.6116,1.0,121.0,1.0,1.0
b23a2b360baf11ebab90acde48001122,ace_focused_128,ace,focused,0.0,0.2,0.0,0.6,0.5752,0.5,113.0,1.0,1.0
c5ffa16a0bdb11eba7f7acde48001122,ace_focused_128,ace,focused,0.0,0.0,0.0,0.0,0.3333,0.5,117.0,0.5,0.0
eb3ff1900baf11ebab90acde48001122,ace_focused_128,ace,focused,0.0,0.2857,0.0,0.6,0.5276,1.0,127.0,1.0,1.0
59a16ade0baf11ebab90acde48001122,ace_focused_128,ace,focused,0.0,0.0,0.0,0.0,0.6111,0.5,126.0,0.5,0.0
5c9ef1d80bdd11eba7f7acde48001122,ace_focused_128,ace,focused,0.0,0.0,0.0,0.0,0.4173,0.5,127.0,0.5,0.0
a537c442086d11ebbd62ac1f6bf848b6,ace_focused_128,ace,focused,0.0,0.0,1.0,1.0,0.5741,0.5,108.0,0.5,0.0
01588f7208be11ebbd8aac1f6bf848b6,ace_focused_128,ace,focused,1.0,1.0,1.0,1.0,0.6142,0.5,127.0,0.5,0.0
6b55ac320bdb11eba7f7acde48001122,ace_focused_128,ace,focused,0.0,0.0,0.0,0.0,0.5085,0.5,118.0,1.0,1.0
fde95590089c11ebbd78ac1f6bf848b6,ace_focused_128,ace,focused,0.0,0.0,1.0,1.0,0.8333,1.0,126.0,1.0,1.0
1f8a41b60bde11eba7f7acde48001122,ace_focused_128,ace,focused,0.0,0.0,0.0,0.0,0.2807,0.5,114.0,0.5,0.0
50008e080bda11eba7f7acde48001122,ace_focused_128,ace,focused,0.0,0.0,0.0,0.0,0.3083,0.5,120.0,0.5,0.0
9f62be2008ac11ebbd83ac1f6bf848b6,ace_focused_128,ace,focused,0.0,0.0,0.0,0.0,0.4696,0.5,115.0,1.0,1.0
6bb800f00bde11eba7f7acde48001122,ace_focused_128,ace,focused,0.0,0.0,0.0,0.0,0.4,0.5,115.0,1.0,1.0
1822cbb4089111ebbd72ac1f6bf848b6,ace_focused_128,ace,focused,1.0,1.0,1.0,1.0,0.6667,0.5,126.0,0.5,0.0
87154f1e0bda11eba7f7acde48001122,ace_focused_128,ace,focused,0.0,0.0,0.0,0.0,0.2564,0.5,117.0,0.5,0.0
709430f20bda11eba7f7acde48001122,ace_focused_128,ace,focused,0.0,0.0,0.0,0.0,0.656,1.0,125.0,1.0,1.0
1aecfdf608a011ebbd78ac1f6bf848b6,ace_focused_128,ace,focused,1.0,1.0,0.0,0.6667,0.6612,1.0,121.0,1.0,1.0
03d68971096e11ebbdb0ac1f6bf848b6,ace_focused_128,ace,focused,0.0,0.0,0.0,0.0,0.9402,1.0,117.0,1.0,1.0
8a6eec600bda11eba7f7acde48001122,ace_focused_128,ace,focused,0.0,0.0,0.0,0.0,0.4655,0.5,116.0,0.5,0.0
3497795008bb11ebbd88ac1f6bf848b6,ace_focused_128,ace,focused,0.0,0.0,1.0,1.0,0.6068,0.5,117.0,0.75,0.0
305e54500bde11eba7f7acde48001122,ace_focused_128,ace,focused,0.0,0.0,0.0,0.0,0.4412,0.5,102.0,0.5,0.0
6aa8edb5086411ebbd5eac1f6bf848b6,ace_focused_128,ace,focused,1.0,1.0,1.0,1.0,0.688,1.0,125.0,1.0,1.0
4a8d58f0085811ebbd5aac1f6bf848b6,ace_focused_128,ace,focused,0.0,0.0,1.0,1.0,0.6721,0.5,122.0,0.75,0.0
00ce250d095f11ebbdafac1f6bf848b6,ace_focused_128,ace,focused,1.0,1.0,1.0,1.0,0.5984,1.0,122.0,1.0,1.0
c6128932093b11ebbdaeac1f6bf848b6,ace_focused_128,ace,focused,1.0,1.0,1.0,1.0,0.6762,1.0,105.0,1.0,1.0
d6c5f2680bdd11eba7f7acde48001122,ace_focused_128,ace,focused,0.0,0.0,0.0,0.0,0.2294,0.5,109.0,0.5,0.0
07626317086e11ebbd62ac1f6bf848b6,ace_focused_128,ace,focused,0.0,0.0,1.0,1.0,0.5565,0.25,115.0,0.5,0.0
61f9bff8089711ebbd77ac1f6bf848b6,ace_focused_128,ace,focused,0.0,0.0,1.0,1.0,0.5703,0.5,128.0,0.5,0.0
c3e1ad9e090d11ebbdadac1f6bf848b6,ace_focused_128,ace,focused,1.0,1.0,1.0,1.0,0.72,1.0,100.0,1.0,1.0
093fcf360bdc11eba7f7acde48001122,ace_focused_128,ace,focused,0.0,0.0,0.0,0.0,0.5476,0.5,126.0,0.5,0.0
6a419ba2087611ebbd67ac1f6bf848b6,ace_focused_128,ace,focused,1.0,1.0,1.0,1.0,0.4906,0.5,106.0,0.5,0.0
9bd0c7e60bdd11eba7f7acde48001122,ace_focused_128,ace,focused,0.0,0.0,0.0,0.0,0.0,0.0,117.0,0.5,0.0
fdbb770408da11ebbd9cac1f6bf848b6,ace_focused_128,ace,focused,1.0,1.0,1.0,1.0,0.7368,0.5,114.0,0.5,0.0
3cc74fb60bda11eba7f7acde48001122,ace_focused_128,ace,focused,0.0,0.0,0.0,0.0,0.3482,0.5,112.0,0.5,0.0
234c4f060bde11eba7f7acde48001122,ace_focused_128,ace,focused,0.0,0.0,1.0,1.0,0.4754,1.0,122.0,1.0,1.0
c807422a0bda11eba7f7acde48001122,ace_focused_128,ace,focused,0.0,0.0,0.0,0.0,0.2087,0.5,115.0,0.5,0.0
77119398087411ebbd67ac1f6bf848b6,ace_focused_128,ace,focused,1.0,1.0,1.0,1.0,0.5439,1.0,114.0,1.0,1.0
922587b80bdd11eba7f7acde48001122,ace_focused_128,ace,focused,1.0,1.0,1.0,1.0,0.3509,0.5,114.0,0.5,0.0
7de9188c088b11ebbd6fac1f6bf848b6,ace_focused_128,ace,focused,0.0,0.5714,0.0,0.5,0.2344,0.5,128.0,0.5,0.0
ba3380fe0bdb11eba7f7acde48001122,ace_focused_128,ace,focused,0.0,0.0,0.0,0.25,0.0,0.0,128.0,0.5,0.0
710d0e740bde11eba7f7acde48001122,ace_focused_128,ace,focused,0.0,0.0,0.0,0.0,0.3937,0.5,127.0,0.5,0.0
562aab540baf11ebab90acde48001122,ace_focused_128,ace,focused,0.0,0.0,0.0,0.6,0.3471,0.5,121.0,0.5,0.0
9ab545800bdd11eba7f7acde48001122,ace_focused_128,ace,focused,0.0,0.0,0.0,0.0,0.3252,0.5,123.0,0.5,0.0
61456758085411ebbd59ac1f6bf848b6,ace_focused_128,ace,focused,1.0,1.0,1.0,1.0,0.6929,0.5,127.0,0.75,0.0
26f25e9d089c11ebbd78ac1f6bf848b6,ace_focused_128,ace,focused,1.0,1.0,1.0,1.0,0.5403,1.0,124.0,1.0,1.0
ce5bfc90086c11ebbd61ac1f6bf848b6,ace_focused_128,ace,focused,0.0,0.0,0.0,0.0,0.3571,0.25,126.0,0.5,0.0
f893967608a811ebbd7fac1f6bf848b6,ace_focused_128,ace,focused,0.0,0.0,1.0,1.0,0.5818,1.0,110.0,1.0,1.0
346a41b4084e11ebbd56ac1f6bf848b6,ace_focused_128,ace,focused,0.0,0.0,1.0,1.0,0.2344,0.5,128.0,0.5,0.0
bcbd76e608a111ebbd79ac1f6bf848b6,ace_focused_128,ace,focused,0.0,0.0,1.0,1.0,0.378,0.5,127.0,0.5,0.0
f26542c808c511ebbd8fac1f6bf848b6,ace_focused_128,ace,focused,1.0,1.0,1.0,1.0,0.6471,0.5,119.0,0.5,0.0
5b1e1f240bdc11eba7f7acde48001122,ace_focused_128,ace,focused,0.0,0.0,0.0,0.3333,0.2909,0.5,110.0,0.5,0.0
b146f47c0bda11eba7f7acde48001122,ace_focused_128,ace,focused,0.0,0.0,0.0,0.0,0.531,0.5,113.0,1.0,1.0
9c996f860bdb11eba7f7acde48001122,ace_focused_128,ace,focused,0.0,0.0,0.0,0.0,1.0,0.5,113.0,0.5,0.0
f491b33e0bda11eba7f7acde48001122,ace_focused_128,ace,focused,0.0,0.0,0.0,0.0,0.3802,0.5,121.0,0.5,0.0
21d2a107091911ebbdaeac1f6bf848b6,ace_focused_128,ace,focused,0.0,0.0,0.0,0.0,0.6475,0.5,122.0,1.0,1.0
10e63c10087211ebbd64ac1f6bf848b6,ace_focused_128,ace,focused,1.0,1.0,1.0,1.0,0.6,0.5,125.0,0.5,0.0
5c7ce15a0bde11eba7f7acde48001122,ace_focused_128,ace,focused,0.0,0.0,0.0,0.0,0.5238,0.5,105.0,0.5,0.0
b0e112940bdd11eba7f7acde48001122,ace_focused_128,ace,focused,0.0,0.0,0.0,0.0,0.2131,0.5,122.0,0.5,0.0
e6a74e020bdd11eba7f7acde48001122,ace_focused_128,ace,focused,0.0,0.0,0.0,0.0,0.25,0.5,120.0,0.5,0.0
0963c8b80bdd11eba7f7acde48001122,ace_focused_128,ace,focused,0.0,0.0,0.0,0.0,0.392,0.5,125.0,0.5,0.0
09beb233086d11ebbd61ac1f6bf848b6,ace_focused_128,ace,focused,1.0,1.0,0.0,0.0,0.5347,1.0,101.0,1.0,1.0
963fffd60bdd11eba7f7acde48001122,ace_focused_128,ace,focused,1.0,1.0,1.0,1.0,0.4444,1.0,108.0,1.0,1.0
f0d6f50c08eb11ebbda7ac1f6bf848b6,ace_focused_128,ace,focused,0.0,0.0,1.0,1.0,0.6614,1.0,127.0,1.0,1.0
33d1a6d60bda11eba7f7acde48001122,ace_focused_128,ace,focused,0.0,0.0,0.0,0.0,0.3071,0.5,127.0,0.5,0.0
f31afa16094511ebbdaeac1f6bf848b6,ace_focused_128,ace,focused,0.0,0.0,1.0,1.0,0.2906,0.5,117.0,1.0,1.0
3654974a08df11ebbda0ac1f6bf848b6,ace_focused_128,ace,focused,1.0,1.0,1.0,1.0,0.6348,0.5,115.0,0.75,0.0
2d2fdefe085311ebbd59ac1f6bf848b6,ace_focused_128,ace,focused,0.0,0.0,1.0,1.0,1.0,1.0,121.0,1.0,1.0
7a01a52a089c11ebbd78ac1f6bf848b6,ace_focused_128,ace,focused,0.0,0.0,1.0,1.0,0.5372,0.5,121.0,0.5,0.0
d8a00ed40bdd11eba7f7acde48001122,ace_focused_128,ace,focused,0.0,0.0,0.0,0.3333,0.2787,0.5,122.0,0.5,0.0
c37f944e08e611ebbda5ac1f6bf848b6,ace_focused_128,ace,focused,1.0,1.0,1.0,1.0,0.6545,1.0,110.0,1.0,1.0
b670607d08b611ebbd88ac1f6bf848b6,ace_focused_128,ace,focused,1.0,1.0,1.0,1.0,1.0,0.5,128.0,0.75,0.0
62a0531e0bde11eba7f7acde48001122,ace_focused_128,ace,focused,0.0,0.0,0.0,0.0,0.3782,0.5,119.0,0.5,0.0
03f2846e0bb011ebab90acde48001122,ace_focused_128,ace,focused,0.0,0.25,0.0,0.6,0.7563,1.0,119.0,1.0,1.0
98da1bb608d411ebbd96ac1f6bf848b6,ace_focused_128,ace,focused,1.0,1.0,1.0,1.0,0.5952,0.5,126.0,0.75,0.0
bb792556091811ebbdaeac1f6bf848b6,ace_focused_128,ace,focused,1.0,1.0,0.0,0.6667,0.7,1.0,100.0,1.0,1.0
46e99a3d094111ebbdaeac1f6bf848b6,ace_focused_128,ace,focused,1.0,1.0,1.0,1.0,0.3659,1.0,123.0,1.0,1.0
2f6aa3ba0bb011ebab90acde48001122,ace_focused_128,ace,focused,0.0,0.2222,0.0,0.4,0.2302,0.5,126.0,0.5,0.0
41b295500bb011ebab90acde48001122,ace_focused_128,ace,focused,0.0,0.0,0.0,0.0,0.425,0.5,120.0,0.5,0.0
132a5430085d11ebbd5cac1f6bf848b6,ace_focused_128,ace,focused,0.0,0.0,0.0,0.0,0.4123,0.5,114.0,1.0,1.0
08e7eb340bde11eba7f7acde48001122,ace_focused_128,ace,focused,0.0,0.0,0.0,0.0,0.432,0.5,125.0,0.5,0.0
91ec5b380bdc11eba7f7acde48001122,ace_focused_128,ace,focused,0.0,0.0,0.0,0.0,0.0,0.0,123.0,0.0,0.0
bf5c81fa0bdd11eba7f7acde48001122,ace_focused_128,ace,focused,0.0,0.0,0.0,0.0,0.4124,0.5,97.0,0.5,0.0
cf9a08f608c911ebbd92ac1f6bf848b6,ace_focused_128,ace,focused,0.0,0.0,0.0,0.5,0.2569,0.25,109.0,0.5,0.0
0e5e54c908c211ebbd8bac1f6bf848b6,ace_focused_128,ace,focused,0.0,0.0,0.0,0.0,0.6557,1.0,122.0,1.0,1.0
af1ee605093511ebbdaeac1f6bf848b6,ace_focused_128,ace,focused,1.0,1.0,1.0,1.0,0.785,1.0,107.0,1.0,1.0
3e0cebde0bd911eba7f7acde48001122,ace_focused_128,ace,focused,0.0,0.0,0.0,0.0,0.2569,0.5,109.0,0.5,0.0
0518615a0bde11eba7f7acde48001122,ace_focused_128,ace,focused,0.0,0.0,0.0,0.0,0.6532,0.5,124.0,1.0,1.0
3d22de280bb011ebab90acde48001122,ace_focused_128,ace,focused,0.0,0.0,1.0,1.0,0.6975,1.0,119.0,1.0,1.0
b6afbad60bdd11eba7f7acde48001122,ace_focused_128,ace,focused,0.0,0.0,0.0,0.0,0.2273,0.5,110.0,0.5,0.0
0b91d3200bdb11eba7f7acde48001122,ace_focused_128,ace,focused,0.0,0.0,0.0,0.0,0.3362,0.5,116.0,0.5,0.0
1621c01108f011ebbda8ac1f6bf848b6,ace_focused_128,ace,focused,1.0,1.0,1.0,1.0,0.8522,1.0,115.0,1.0,1.0
8b5f752e0bdd11eba7f7acde48001122,ace_focused_128,ace,focused,0.0,0.0,0.0,0.0,0.0952,0.5,126.0,0.5,0.0
5e02b99208b811ebbd88ac1f6bf848b6,ace_focused_128,ace,focused,0.0,0.0,1.0,1.0,0.5238,0.5,126.0,0.5,0.0
a809d3720bdd11eba7f7acde48001122,ace_focused_128,ace,focused,0.0,0.0,0.0,0.0,1.0,0.5,124.0,1.0,1.0
ade9a5980baf11ebab90acde48001122,ace_focused_128,ace,focused,0.0,0.0,0.0,0.0,0.3898,0.5,118.0,1.0,1.0
8012a1e008af11ebbd83ac1f6bf848b6,ace_focused_128,ace,focused,0.0,0.0,0.0,0.0,0.7073,0.5,123.0,0.5,0.0
d19a4bb80bdd11eba7f7acde48001122,ace_focused_128,ace,focused,0.0,0.0,0.0,0.0,0.2143,0.5,126.0,0.5,0.0
b6b306fa0bdd11eba7f7acde48001122,ace_focused_128,ace,focused,0.0,0.0,0.0,0.5,0.25,0.5,128.0,0.5,0.0
d71f453b085811ebbd5bac1f6bf848b6,ace_focused_128,ace,focused,0.0,0.0,0.0,0.0,0.6957,0.5,115.0,0.5,0.0
2de71a8a0bda11eba7f7acde48001122,ace_focused_128,ace,focused,0.0,0.0,0.0,0.0,0.3878,0.5,98.0,0.5,0.0
cee7790e08cc11ebbd93ac1f6bf848b6,ace_focused_128,ace,focused,0.0,0.0,0.0,0.0,0.7578,0.5,128.0,0.5,0.0
623ea4080bb011ebab90acde48001122,ace_focused_128,ace,focused,0.0,0.0,0.0,0.2857,0.5701,0.5,107.0,0.5,0.0
8d9bf1c80bb011ebab90acde48001122,ace_focused_128,ace,focused,0.0,0.0,0.0,0.5,0.52,0.5,100.0,0.5,0.0
572c3827088311ebbd6dac1f6bf848b6,ace_focused_128,ace,focused,0.0,0.0,0.0,0.5,0.7244,0.5,127.0,0.5,0.0
b1e64cc60bd911eba7f7acde48001122,ace_focused_128,ace,focused,0.0,0.0,0.0,0.0,0.2632,0.5,95.0,0.5,0.0
0b9a520108c211ebbd8bac1f6bf848b6,ace_focused_128,ace,focused,0.0,0.0,1.0,1.0,0.336,0.25,125.0,0.5,0.0
04e9521d088b11ebbd6fac1f6bf848b6,ace_focused_128,ace,focused,0.0,0.0,1.0,1.0,0.6957,1.0,115.0,1.0,1.0
8522d9b2092011ebbdaeac1f6bf848b6,ace_focused_128,ace,focused,1.0,1.0,1.0,1.0,0.5446,1.0,112.0,1.0,1.0
ec697d900bda11eba7f7acde48001122,ace_focused_128,ace,focused,0.0,0.4,0.0,0.3333,0.5439,0.5,114.0,0.5,0.0
950bd11a090f11ebbdadac1f6bf848b6,ace_focused_128,ace,focused,0.0,0.0,1.0,1.0,0.7719,1.0,114.0,1.0,1.0
c1b9c0ac0bdd11eba7f7acde48001122,ace_focused_128,ace,focused,0.0,0.0,0.0,0.0,0.7615,0.5,109.0,0.5,0.0
d2c47e1008df11ebbda1ac1f6bf848b6,ace_focused_128,ace,focused,1.0,1.0,1.0,1.0,0.3386,0.5,127.0,0.5,0.0
7b2bf8fc0bd911eba7f7acde48001122,ace_focused_128,ace,focused,0.0,0.0,0.0,0.0,0.6694,0.5,124.0,1.0,1.0
b5ccab240bdd11eba7f7acde48001122,ace_focused_128,ace,focused,0.0,0.0,0.0,0.3333,0.5081,0.5,124.0,0.5,0.0
6a70f6f80bb011ebab90acde48001122,ace_focused_128,ace,focused,0.0,0.0,0.0,0.0,0.4677,0.5,124.0,0.5,0.0
1f9e4658084f11ebbd56ac1f6bf848b6,ace_focused_128,ace,focused,0.0,0.0,1.0,1.0,0.5385,0.5,117.0,0.5,0.0
5caef2f8096411ebbdafac1f6bf848b6,ace_focused_128,ace,focused,0.0,0.0,1.0,1.0,0.5656,1.0,122.0,1.0,1.0
b081e08408e111ebbda3ac1f6bf848b6,ace_focused_128,ace,focused,1.0,1.0,1.0,1.0,0.5312,0.5,128.0,0.5,0.0
f113f24e08ad11ebbd83ac1f6bf848b6,ace_focused_128,ace,focused,0.0,0.0,1.0,1.0,0.6283,0.75,113.0,0.75,0.0
a6d397ea0bdd11eba7f7acde48001122,ace_focused_128,ace,focused,0.0,0.0,0.0,0.0,0.2328,0.5,116.0,0.5,0.0
04a065a60bde11eba7f7acde48001122,ace_focused_128,ace,focused,0.0,0.6667,1.0,1.0,0.7797,1.0,118.0,1.0,1.0
534fbfd00bd911eba7f7acde48001122,ace_focused_128,ace,focused,0.0,0.0,1.0,1.0,0.9344,1.0,122.0,1.0,1.0
286461f808ba11ebbd88ac1f6bf848b6,ace_focused_128,ace,focused,1.0,1.0,1.0,1.0,0.6667,1.0,108.0,1.0,1.0
2fa40dae0bdc11eba7f7acde48001122,ace_focused_128,ace,focused,0.0,0.0,0.0,0.0,0.2143,0.5,98.0,0.5,0.0
a19ca5c80bdd11eba7f7acde48001122,ace_focused_128,ace,focused,0.0,0.0,1.0,1.0,0.1803,0.5,122.0,0.5,0.0
6a807fc40bb011ebab90acde48001122,ace_focused_128,ace,focused,0.0,0.0,0.0,0.4,0.7526,0.5,97.0,0.5,0.0
1118315c0bdd11eba7f7acde48001122,ace_focused_128,ace,focused,0.0,0.0,0.0,0.0,0.0,0.0,118.0,0.5,0.0
185a906e0bdc11eba7f7acde48001122,ace_focused_128,ace,focused,0.0,0.0,0.0,0.5,0.2421,0.5,95.0,0.5,0.0
77f4e0140bb011ebab90acde48001122,ace_focused_128,ace,focused,0.0,0.0,0.0,0.0,0.3071,0.5,127.0,0.5,0.0
2a98df6408d111ebbd95ac1f6bf848b6,ace_focused_128,ace,focused,0.0,0.0,0.0,0.0,0.6296,1.0,108.0,1.0,1.0
025359200bde11eba7f7acde48001122,ace_focused_128,ace,focused,0.0,0.0,0.0,0.0,0.2222,0.5,108.0,0.5,0.0
bd34477e0baf11ebab90acde48001122,ace_focused_128,ace,focused,0.0,0.0,0.0,0.8333,0.4144,0.5,111.0,1.0,1.0
6a8a71280bb011ebab90acde48001122,ace_focused_128,ace,focused,0.0,0.2857,0.0,0.5,0.3492,0.5,126.0,0.5,0.0
ef9cbeca0bdd11eba7f7acde48001122,ace_focused_128,ace,focused,0.0,0.5,1.0,1.0,0.6095,1.0,105.0,1.0,1.0
c218a802090711ebbdadac1f6bf848b6,ace_focused_128,ace,focused,1.0,1.0,1.0,1.0,0.5397,1.0,126.0,1.0,1.0
f94832c408b811ebbd88ac1f6bf848b6,ace_focused_128,ace,focused,1.0,1.0,1.0,1.0,0.2991,0.25,117.0,0.25,0.0
8d2382e0085811ebbd5aac1f6bf848b6,ace_focused_128,ace,focused,0.0,0.0,1.0,1.0,0.6629,1.0,89.0,1.0,1.0
86fb31260bdd11eba7f7acde48001122,ace_focused_128,ace,focused,0.0,0.0,0.0,0.0,0.3852,0.5,122.0,1.0,1.0
18c0ccb1086911ebbd5eac1f6bf848b6,ace_focused_128,ace,focused,1.0,1.0,1.0,1.0,0.5738,1.0,122.0,1.0,1.0
e6f8d00a089611ebbd76ac1f6bf848b6,ace_focused_128,ace,focused,0.0,0.0,0.0,0.0,0.6261,1.0,115.0,1.0,1.0
8919fb50085311ebbd59ac1f6bf848b6,ace_focused_128,ace,focused,0.0,0.0,1.0,1.0,0.4224,1.0,116.0,1.0,1.0
d5a61878086b11ebbd60ac1f6bf848b6,ace_focused_128,ace,focused,1.0,1.0,1.0,1.0,0.6207,1.0,116.0,1.0,1.0
f6973183085a11ebbd5cac1f6bf848b6,ace_focused_128,ace,focused,0.0,0.0,1.0,1.0,0.5703,0.5,128.0,0.5,0.0
fc031d360baf11ebab90acde48001122,ace_focused_128,ace,focused,0.0,0.2,0.0,0.2,0.2742,0.5,124.0,0.5,0.0
e5c738900bdc11eba7f7acde48001122,ace_focused_128,ace,focused,0.0,0.6667,1.0,1.0,0.6583,1.0,120.0,1.0,1.0
6b466508097711ebbdb0ac1f6bf848b6,ace_focused_128,ace,focused,1.0,1.0,1.0,1.0,0.7016,1.0,124.0,1.0,1.0
46bd0bd6087511ebbd67ac1f6bf848b6,ace_focused_128,ace,focused,0.0,0.0,1.0,1.0,0.7255,0.5,102.0,0.5,0.0
d1bdbdbe087711ebbd67ac1f6bf848b6,ace_focused_128,ace,focused,0.0,0.0,0.0,0.0,0.6271,0.25,118.0,0.5,0.0
6152f66c08df11ebbda0ac1f6bf848b6,ace_focused_128,ace,focused,0.0,0.0,1.0,1.0,0.6916,0.5,107.0,0.5,0.0
98a3e5e9089111ebbd73ac1f6bf848b6,ace_focused_128,ace,focused,0.0,0.0,1.0,1.0,0.2951,0.5,122.0,0.5,0.0
6946f8d20baf11ebab90acde48001122,ace_focused_128,ace,focused,0.0,0.0,0.0,0.3333,0.5,0.5,120.0,0.5,0.0
3d4662300bb011ebab90acde48001122,ace_focused_128,ace,focused,0.0,0.2857,1.0,1.0,0.537,0.5,108.0,0.5,0.0
c504923408fe11ebbdadac1f6bf848b6,ace_focused_128,ace,focused,0.0,0.0,1.0,1.0,0.6667,1.0,117.0,1.0,1.0
922a629c0bb011ebab90acde48001122,ace_focused_128,ace,focused,0.0,0.0,0.0,0.6,0.3629,0.5,124.0,0.5,0.0
0e967bac08a711ebbd7fac1f6bf848b6,ace_focused_128,ace,focused,0.0,0.0,1.0,1.0,0.375,0.5,120.0,0.5,0.0
c1aa9b640bdc11eba7f7acde48001122,ace_focused_128,ace,focused,0.0,0.0,0.0,0.0,0.0,0.0,121.0,0.5,0.0
dba424900baf11ebab90acde48001122,ace_focused_128,ace,focused,0.0,0.0,0.0,0.3333,0.256,0.5,125.0,0.5,0.0
f4cc9d4908b311ebbd86ac1f6bf848b6,ace_focused_128,ace,focused,0.0,0.0,1.0,1.0,0.5739,0.5,115.0,0.5,0.0
6b850e0e0baf11ebab90acde48001122,ace_focused_128,ace,focused,0.0,0.2857,1.0,1.0,0.7951,1.0,122.0,1.0,1.0
abce7ee208b111ebbd85ac1f6bf848b6,ace_focused_128,ace,focused,0.0,0.0,1.0,1.0,0.4426,0.5,122.0,0.5,0.0
6615041e0bb011ebab90acde48001122,ace_focused_128,ace,focused,0.0,0.0,0.0,0.3333,0.2315,0.5,108.0,0.5,0.0
dc4754a80bdc11eba7f7acde48001122,ace_focused_128,ace,focused,0.0,0.0,0.0,0.0,1.0,0.5,113.0,1.0,1.0
6bd86dd4087f11ebbd6bac1f6bf848b6,ace_focused_128,ace,focused,1.0,1.0,1.0,1.0,0.5214,0.5,117.0,0.5,0.0
98ab6cfe08c411ebbd8eac1f6bf848b6,ace_focused_128,ace,focused,0.0,0.0,1.0,1.0,0.475,0.5,120.0,0.5,0.0
c30b9f8108b211ebbd85ac1f6bf848b6,ace_focused_128,ace,focused,1.0,1.0,1.0,1.0,0.569,1.0,116.0,1.0,1.0
49e0153808ac11ebbd82ac1f6bf848b6,ace_focused_128,ace,focused,0.0,0.0,1.0,1.0,0.6484,0.5,128.0,0.5,0.0
2fcc3e3e0bda11eba7f7acde48001122,ace_focused_128,ace,focused,0.0,0.0,0.0,0.0,0.708,1.0,113.0,1.0,1.0
8a6610400bda11eba7f7acde48001122,ace_focused_128,ace,focused,0.0,0.0,0.0,0.0,0.3684,0.5,114.0,0.5,0.0
e172d3b20baf11ebab90acde48001122,ace_focused_128,ace,focused,0.0,0.0,0.0,0.0,0.378,1.0,127.0,1.0,1.0
c365be0608ae11ebbd83ac1f6bf848b6,ace_focused_128,ace,focused,1.0,1.0,1.0,1.0,0.9167,1.0,120.0,1.0,1.0
a9406286088d11ebbd70ac1f6bf848b6,ace_focused_128,ace,focused,1.0,1.0,1.0,1.0,0.5703,0.5,128.0,0.5,0.0
6b84004a0baf11ebab90acde48001122,ace_focused_128,ace,focused,0.0,0.0,0.0,0.4,0.4128,0.5,109.0,0.5,0.0
caa0a77908ac11ebbd83ac1f6bf848b6,ace_focused_128,ace,focused,1.0,1.0,1.0,1.0,0.6299,0.5,127.0,0.5,0.0
63a51a37096711ebbdafac1f6bf848b6,ace_focused_128,ace,focused,1.0,1.0,1.0,1.0,0.4902,1.0,102.0,1.0,1.0
647eba07088f11ebbd72ac1f6bf848b6,ace_focused_128,ace,focused,0.0,0.0,1.0,1.0,1.0,1.0,104.0,1.0,1.0
6e765ee508f611ebbdaaac1f6bf848b6,ace_focused_128,ace,focused,1.0,1.0,1.0,1.0,0.5156,1.0,128.0,1.0,1.0
dc6e054e0baf11ebab90acde48001122,ace_focused_128,ace,focused,0.0,0.0,0.0,0.0,0.2812,0.5,128.0,0.5,0.0
5c82bfe20bdb11eba7f7acde48001122,ace_focused_128,ace,focused,0.0,0.0,0.0,0.0,0.8583,1.0,120.0,1.0,1.0
47a59362091411ebbdadac1f6bf848b6,ace_focused_128,ace,focused,1.0,1.0,1.0,1.0,0.371,1.0,124.0,1.0,1.0
5bab48ec0bda11eba7f7acde48001122,ace_focused_128,ace,focused,0.0,0.0,0.0,0.0,0.354,0.5,113.0,0.5,0.0
d3c779240bdd11eba7f7acde48001122,ace_focused_128,ace,focused,0.0,0.0,0.0,0.0,0.2308,0.5,117.0,1.0,1.0
57e0ae020bb011ebab90acde48001122,ace_focused_128,ace,focused,0.0,0.6154,0.0,0.7143,0.4375,0.5,112.0,1.0,1.0
9e2fc7ef08c711ebbd91ac1f6bf848b6,ace_focused_128,ace,focused,0.0,0.0,0.0,0.0,0.312,0.5,125.0,0.5,0.0
be9369c80bdd11eba7f7acde48001122,ace_focused_128,ace,focused,0.0,0.0,0.0,0.0,0.2241,0.5,116.0,0.5,0.0
abaff0940bdb11eba7f7acde48001122,ace_focused_128,ace,focused,0.0,0.0,0.0,0.0,0.4444,0.5,126.0,0.5,0.0
09aa4e1a0bdc11eba7f7acde48001122,ace_focused_128,ace,focused,0.0,0.0,0.0,0.0,0.424,0.5,125.0,0.5,0.0
e4e02a240bda11eba7f7acde48001122,ace_focused_128,ace,focused,0.0,0.0,0.0,0.5,0.1982,0.5,111.0,0.5,0.0
fc9d859008a011ebbd78ac1f6bf848b6,ace_focused_128,ace,focused,0.0,0.0,1.0,1.0,0.5565,1.0,124.0,1.0,1.0
3c3204c8084d11ebbd56ac1f6bf848b6,ace_focused_128,ace,focused,0.0,0.0,1.0,1.0,0.4237,0.5,118.0,0.5,0.0
d5bf657c0bdb11eba7f7acde48001122,ace_focused_128,ace,focused,1.0,1.0,1.0,1.0,0.72,1.0,125.0,1.0,1.0
f4aa6595093611ebbdaeac1f6bf848b6,ace_focused_128,ace,focused,0.0,0.6667,1.0,1.0,0.626,1.0,123.0,1.0,1.0
5a34b04e0bd911eba7f7acde48001122,ace_focused_128,ace,focused,0.0,0.0,0.0,0.0,0.3667,0.5,120.0,0.5,0.0
1a3bb74508dc11ebbd9cac1f6bf848b6,ace_focused_128,ace,focused,0.0,0.0,1.0,1.0,0.8115,0.5,122.0,0.75,0.0
8031698e0bdb11eba7f7acde48001122,ace_focused_128,ace,focused,0.0,0.0,0.0,0.0,0.4516,0.5,124.0,1.0,1.0
637434540bde11eba7f7acde48001122,ace_focused_128,ace,focused,0.0,0.0,1.0,1.0,0.5648,0.5,108.0,0.5,0.0
943b50b20bda11eba7f7acde48001122,ace_focused_128,ace,focused,0.0,0.0,0.0,0.0,0.4,0.5,100.0,0.5,0.0
736afe9e0baf11ebab90acde48001122,ace_focused_128,ace,focused,0.0,0.0,0.0,0.5,0.5926,0.5,108.0,0.5,0.0
fb6ff1e20bdb11eba7f7acde48001122,ace_focused_128,ace,focused,0.0,0.0,0.0,0.0,0.2742,0.5,124.0,0.5,0.0
42dac74c089311ebbd74ac1f6bf848b6,ace_focused_128,ace,focused,1.0,1.0,1.0,1.0,0.6719,0.5,128.0,0.5,0.0
1407903b089d11ebbd78ac1f6bf848b6,ace_focused_128,ace,focused,1.0,1.0,1.0,1.0,0.7642,1.0,123.0,1.0,1.0
c4fd6fe80bdd11eba7f7acde48001122,ace_focused_128,ace,focused,0.0,0.0,0.0,0.0,0.0,0.0,98.0,0.5,0.0
4de007f40bdd11eba7f7acde48001122,ace_focused_128,ace,focused,0.0,0.0,0.0,0.3333,0.3277,0.5,119.0,0.5,0.0
5ead80ee0baf11ebab90acde48001122,ace_focused_128,ace,focused,1.0,1.0,0.0,0.5,0.35,0.5,100.0,1.0,1.0
a27849740bd911eba7f7acde48001122,ace_focused_128,ace,focused,0.0,0.0,0.0,0.0,0.4174,0.5,115.0,0.5,0.0
2b871cac0bdc11eba7f7acde48001122,ace_focused_128,ace,focused,0.0,0.0,0.0,0.0,0.4444,0.5,126.0,0.5,0.0
e2e9a9560bdb11eba7f7acde48001122,ace_focused_128,ace,focused,0.0,0.0,0.0,0.0,0.0945,0.5,127.0,0.5,0.0
ffee28d80bae11ebab90acde48001122,ace_focused_128,ace,focused,0.0,0.0,0.0,0.3333,0.521,0.5,119.0,1.0,1.0
972ecece08ef11ebbda8ac1f6bf848b6,ace_focused_128,ace,focused,1.0,1.0,0.0,0.0,0.4219,1.0,128.0,1.0,1.0
1948b12e0bda11eba7f7acde48001122,ace_focused_128,ace,focused,0.0,0.0,0.0,0.0,1.0,0.5,118.0,0.5,0.0
406a4ee00bb011ebab90acde48001122,ace_focused_128,ace,focused,0.0,0.0,0.0,0.0,0.3077,0.5,104.0,1.0,1.0
3d1200fc0bde11eba7f7acde48001122,ace_focused_128,ace,focused,0.0,0.0,0.0,0.0,0.1345,0.5,119.0,0.5,0.0
d1c8b2a00bdd11eba7f7acde48001122,ace_focused_128,ace,focused,0.0,0.0,0.0,0.0,0.4159,0.5,113.0,0.5,0.0
c400306a0bda11eba7f7acde48001122,ace_focused_128,ace,focused,0.0,0.0,0.0,0.5,0.2393,0.5,117.0,0.5,0.0
315872d20bde11eba7f7acde48001122,ace_focused_128,ace,focused,0.0,0.0,0.0,0.0,0.2755,0.5,98.0,0.5,0.0
f6e759da0bdb11eba7f7acde48001122,ace_focused_128,ace,focused,0.0,0.0,0.0,0.0,0.3934,0.5,122.0,0.5,0.0
c0409500088f11ebbd72ac1f6bf848b6,ace_focused_128,ace,focused,0.0,0.0,0.0,0.0,0.6286,1.0,105.0,1.0,1.0
138a34f80bdd11eba7f7acde48001122,ace_focused_128,ace,focused,0.0,0.0,0.0,0.0,0.3833,0.5,120.0,0.5,0.0
2d94661c0bdc11eba7f7acde48001122,ace_focused_128,ace,focused,0.0,0.0,0.0,0.0,0.5,0.5,128.0,0.5,0.0
aa72cb6a0baf11ebab90acde48001122,ace_focused_128,ace,focused,0.0,0.2857,0.0,0.3333,0.4,0.5,120.0,0.5,0.0
e6998c7e08de11ebbd9fac1f6bf848b6,ace_focused_128,ace,focused,0.0,0.0,1.0,1.0,0.3689,0.5,122.0,0.5,0.0
eded9bbf08de11ebbd9fac1f6bf848b6,ace_focused_128,ace,focused,0.0,0.0,0.0,0.3333,0.1513,0.25,119.0,0.25,0.0
6ae076e40bde11eba7f7acde48001122,ace_focused_128,ace,focused,0.0,0.0,0.0,0.0,0.6562,1.0,128.0,1.0,1.0
a380ab7c08b911ebbd88ac1f6bf848b6,ace_focused_128,ace,focused,1.0,1.0,1.0,1.0,0.561,1.0,123.0,1.0,1.0
df3ab4560bdd11eba7f7acde48001122,ace_focused_128,ace,focused,0.0,0.0,0.0,0.0,0.648,0.5,125.0,1.0,1.0
df4b96e7087111ebbd63ac1f6bf848b6,ace_focused_128,ace,focused,0.0,0.0,0.0,0.3333,0.2797,0.25,118.0,0.25,0.0
faedda9a0bdb11eba7f7acde48001122,ace_focused_128,ace,focused,0.0,0.0,0.0,0.5,0.6179,1.0,123.0,1.0,1.0
50bd90820bdc11eba7f7acde48001122,ace_focused_128,ace,focused,0.0,0.0,1.0,1.0,0.7426,1.0,101.0,1.0,1.0
c01738e20bdd11eba7f7acde48001122,ace_focused_128,ace,focused,0.0,0.0,0.0,0.0,0.075,0.5,120.0,1.0,1.0
3c0091600bde11eba7f7acde48001122,ace_focused_128,ace,focused,0.0,0.0,0.0,0.0,0.464,1.0,125.0,1.0,1.0
1b9c91660bda11eba7f7acde48001122,ace_focused_128,ace,focused,0.0,0.0,0.0,0.0,0.4019,0.5,107.0,1.0,1.0
bd4901b0085e11ebbd5cac1f6bf848b6,ace_focused_128,ace,focused,1.0,1.0,1.0,1.0,0.4595,1.0,111.0,1.0,1.0
a7419bf3092e11ebbdaeac1f6bf848b6,ace_focused_128,ace,focused,1.0,1.0,1.0,1.0,0.3438,1.0,128.0,1.0,1.0
fa960b58085911ebbd5bac1f6bf848b6,ace_focused_128,ace,focused,0.0,0.0,0.0,0.0,0.189,0.5,127.0,1.0,1.0
582deca408bc11ebbd88ac1f6bf848b6,ace_focused_128,ace,focused,0.0,0.0,1.0,1.0,0.439,0.5,123.0,0.5,0.0
a5bd56fc0bdd11eba7f7acde48001122,ace_focused_128,ace,focused,0.0,0.0,0.0,0.0,0.6126,1.0,111.0,1.0,1.0
6d392be40bdd11eba7f7acde48001122,ace_focused_128,ace,focused,1.0,1.0,1.0,1.0,0.568,1.0,125.0,1.0,1.0
33d4446c087511ebbd67ac1f6bf848b6,ace_focused_128,ace,focused,0.0,0.0,0.0,0.0,0.3934,0.5,122.0,0.5,0.0
881866100baf11ebab90acde48001122,ace_focused_128,ace,focused,0.0,0.0,0.0,0.0,0.1969,0.5,127.0,0.5,0.0
7d88d84d08bc11ebbd88ac1f6bf848b6,ace_focused_128,ace,focused,0.0,0.0,1.0,1.0,0.5378,0.5,119.0,0.5,0.0
4d3c252e0bda11eba7f7acde48001122,ace_focused_128,ace,focused,0.0,0.0,1.0,1.0,0.5424,1.0,118.0,1.0,1.0
9e0009f60baf11ebab90acde48001122,ace_focused_128,ace,focused,0.0,0.0,0.0,0.3333,0.0,0.0,104.0,0.5,0.0
b8133a100bdd11eba7f7acde48001122,ace_focused_128,ace,focused,0.0,0.0,0.0,0.0,0.475,0.5,120.0,1.0,1.0
61082d440bdc11eba7f7acde48001122,ace_focused_128,ace,focused,0.0,0.0,0.0,0.0,0.3465,0.5,101.0,0.5,0.0
6ea141020baf11ebab90acde48001122,ace_focused_128,ace,focused,0.0,0.0,0.0,0.5,0.395,0.5,119.0,0.5,0.0
d759ab480bdd11eba7f7acde48001122,ace_focused_128,ace,focused,0.0,0.0,0.0,0.0,1.0,0.5,122.0,1.0,1.0
2e7a589e085211ebbd58ac1f6bf848b6,ace_focused_128,ace,focused,0.0,0.0,0.0,0.0,0.7479,0.5,119.0,0.5,0.0
e85d87f4095111ebbdaeac1f6bf848b6,ace_focused_128,ace,focused,0.0,0.0,1.0,1.0,0.6613,1.0,124.0,1.0,1.0
9a339d60099011ebbdb0ac1f6bf848b6,ace_focused_128,ace,focused,0.0,0.0,0.0,0.0,0.4516,1.0,124.0,1.0,1.0
5d6e00200bda11eba7f7acde48001122,ace_focused_128,ace,focused,1.0,1.0,1.0,1.0,0.4,1.0,120.0,1.0,1.0
2efc2c3b08bf11ebbd8aac1f6bf848b6,ace_focused_128,ace,focused,1.0,1.0,1.0,1.0,0.4146,0.5,123.0,0.5,0.0
0926667308d011ebbd95ac1f6bf848b6,ace_focused_128,ace,focused,1.0,1.0,1.0,1.0,0.5847,1.0,118.0,1.0,1.0
8f3945d8098111ebbdb0ac1f6bf848b6,ace_focused_128,ace,focused,1.0,1.0,1.0,1.0,0.678,1.0,118.0,1.0,1.0
5e8240ea0bdd11eba7f7acde48001122,ace_focused_128,ace,focused,0.0,0.0,0.0,0.0,0.224,0.5,125.0,0.5,0.0
36ec2b3a086411ebbd5eac1f6bf848b6,ace_focused_128,ace,focused,0.0,0.0,1.0,1.0,0.469,0.5,113.0,0.5,0.0
53175e86086b11ebbd5fac1f6bf848b6,ace_focused_128,ace,focused,0.0,0.0,1.0,1.0,0.75,1.0,128.0,1.0,1.0
66d8f7560bde11eba7f7acde48001122,ace_focused_128,ace,focused,0.0,0.0,0.0,0.0,0.168,0.5,125.0,0.5,0.0
a9755ea508a711ebbd7fac1f6bf848b6,ace_focused_128,ace,focused,0.0,0.0,1.0,1.0,0.6406,0.5,128.0,0.5,0.0
6a8b28c00bb011ebab90acde48001122,ace_focused_128,ace,focused,0.0,0.2857,1.0,1.0,0.7422,1.0,128.0,1.0,1.0
43a949ae0bdc11eba7f7acde48001122,ace_focused_128,ace,focused,0.0,0.0,0.0,0.0,0.4215,0.5,121.0,0.5,0.0
b9cb67da092b11ebbdaeac1f6bf848b6,ace_focused_128,ace,focused,0.0,0.0,1.0,1.0,0.4783,1.0,115.0,1.0,1.0
5390f39c086d11ebbd61ac1f6bf848b6,ace_focused_128,ace,focused,1.0,1.0,1.0,1.0,0.5417,1.0,120.0,1.0,1.0
d370f0b0085711ebbd5aac1f6bf848b6,ace_focused_128,ace,focused,1.0,1.0,1.0,1.0,0.7264,0.5,106.0,0.5,0.0
adcdb9440bd911eba7f7acde48001122,ace_focused_128,ace,focused,0.0,0.0,0.0,0.0,0.3415,0.5,123.0,1.0,1.0
1db17ce108a711ebbd7fac1f6bf848b6,ace_focused_128,ace,focused,1.0,1.0,1.0,1.0,0.7049,0.5,122.0,0.5,0.0
177e0eda0bde11eba7f7acde48001122,ace_focused_128,ace,focused,0.0,0.0,0.0,0.0,0.4531,0.5,128.0,0.5,0.0
9da14ff1086311ebbd5eac1f6bf848b6,ace_focused_128,ace,focused,0.0,0.0,0.0,0.5,0.8047,1.0,128.0,1.0,1.0
2f10177608d911ebbd9cac1f6bf848b6,ace_focused_128,ace,focused,1.0,1.0,1.0,1.0,0.6532,1.0,124.0,1.0,1.0
b52a4d7e0bd911eba7f7acde48001122,ace_focused_128,ace,focused,0.0,0.0,0.0,0.0,0.2174,0.5,115.0,1.0,1.0
6dd9acf20bda11eba7f7acde48001122,ace_focused_128,ace,focused,0.0,0.0,0.0,0.0,0.1111,0.5,126.0,0.5,0.0
3f635554096511ebbdafac1f6bf848b6,ace_focused_128,ace,focused,0.0,0.0,0.0,0.0,0.5079,1.0,126.0,1.0,1.0
8c12ceba0bda11eba7f7acde48001122,ace_focused_128,ace,focused,0.0,0.0,0.0,0.0,0.3277,0.5,119.0,0.5,0.0
8c1162a5086111ebbd5dac1f6bf848b6,ace_focused_128,ace,focused,1.0,1.0,0.0,0.0,0.359,0.5,117.0,1.0,1.0
0585c9aa087f11ebbd6bac1f6bf848b6,ace_focused_128,ace,focused,1.0,1.0,1.0,1.0,0.5047,0.5,107.0,0.5,0.0
b8407b060bdd11eba7f7acde48001122,ace_focused_128,ace,focused,0.0,0.0,0.0,0.0,0.5345,0.5,116.0,0.5,0.0
07b62dea0baf11ebab90acde48001122,ace_focused_128,ace,focused,0.0,0.4444,1.0,1.0,0.6696,1.0,115.0,1.0,1.0
fb95c0000bdd11eba7f7acde48001122,ace_focused_128,ace,focused,0.0,0.0,0.0,0.0,0.2913,0.5,127.0,0.5,0.0
e1abbba9098a11ebbdb0ac1f6bf848b6,ace_focused_128,ace,focused,0.0,0.0,0.0,0.0,0.3417,1.0,120.0,1.0,1.0
fbf8fd9e0bda11eba7f7acde48001122,ace_focused_128,ace,focused,0.0,0.0,0.0,0.0,0.6935,0.5,124.0,1.0,1.0
636fc8380bde11eba7f7acde48001122,ace_focused_128,ace,focused,0.0,0.0,0.0,0.6667,0.5556,0.5,108.0,0.5,0.0
0c97f4720bde11eba7f7acde48001122,ace_focused_128,ace,focused,0.0,0.0,0.0,0.0,0.2101,0.5,119.0,1.0,1.0
36787917086811ebbd5eac1f6bf848b6,ace_focused_128,ace,focused,0.0,0.0,1.0,1.0,0.6905,1.0,126.0,1.0,1.0
519aee780baf11ebab90acde48001122,ace_focused_128,ace,focused,0.0,0.0,0.0,0.25,0.3333,0.5,111.0,0.5,0.0
6a81117708f311ebbdaaac1f6bf848b6,ace_focused_128,ace,focused,1.0,1.0,1.0,1.0,0.6695,1.0,118.0,1.0,1.0
0105676c0bdd11eba7f7acde48001122,ace_focused_128,ace,focused,0.0,0.0,0.0,0.0,0.823,0.5,113.0,1.0,1.0
73c53c9809a111ebbdb0ac1f6bf848b6,ace_focused_128,ace,focused,0.0,0.0,1.0,1.0,0.7016,1.0,124.0,1.0,1.0
7416106b090f11ebbdadac1f6bf848b6,ace_focused_128,ace,focused,1.0,1.0,1.0,1.0,0.4103,1.0,117.0,1.0,1.0
3a1dbb720bdc11eba7f7acde48001122,ace_focused_128,ace,focused,0.0,0.0,0.0,0.3333,0.2422,0.5,128.0,0.5,0.0
ebbf5ec608da11ebbd9cac1f6bf848b6,ace_focused_128,ace,focused,0.0,0.0,1.0,1.0,0.547,1.0,117.0,1.0,1.0
3972d2b60baf11ebab90acde48001122,ace_focused_128,ace,focused,0.0,0.0,0.0,0.0,0.3333,0.5,120.0,0.5,0.0
3adb8a740bde11eba7f7acde48001122,ace_focused_128,ace,focused,1.0,1.0,1.0,1.0,0.5128,1.0,117.0,1.0,1.0
13e2f86c0bde11eba7f7acde48001122,ace_focused_128,ace,focused,0.0,0.0,0.0,0.0,0.368,0.5,125.0,0.5,0.0
d7af391708bb11ebbd88ac1f6bf848b6,ace_focused_128,ace,focused,0.0,0.0,0.0,0.0,0.5726,0.5,124.0,0.5,0.0
c2b303ae08c411ebbd8eac1f6bf848b6,ace_focused_128,ace,focused,1.0,1.0,1.0,1.0,0.4818,0.5,110.0,0.5,0.0
db10aea20bd911eba7f7acde48001122,ace_focused_128,ace,focused,0.0,0.0,0.0,0.0,0.392,0.5,125.0,0.5,0.0
7a93fcee0bdb11eba7f7acde48001122,ace_focused_128,ace,focused,0.0,0.0,0.0,0.0,0.4173,0.5,127.0,0.5,0.0
05be9a0c0bde11eba7f7acde48001122,ace_focused_128,ace,focused,0.0,0.0,0.0,0.0,0.2623,0.5,122.0,0.5,0.0
091c13b20bdb11eba7f7acde48001122,ace_focused_128,ace,focused,0.0,0.0,0.0,0.0,0.4646,0.5,127.0,0.5,0.0
09b198a80bde11eba7f7acde48001122,ace_focused_128,ace,focused,0.0,0.5,1.0,1.0,1.0,1.0,125.0,1.0,1.0
c827468a0bdd11eba7f7acde48001122,ace_focused_128,ace,focused,0.0,0.0,0.0,0.6667,0.3874,0.5,111.0,0.5,0.0
70f54a060bb011ebab90acde48001122,ace_focused_128,ace,focused,1.0,1.0,1.0,1.0,0.5,1.0,128.0,1.0,1.0
30e19d9008d611ebbd98ac1f6bf848b6,ace_focused_128,ace,focused,1.0,1.0,0.0,0.0,0.7734,1.0,128.0,1.0,1.0
43208df60bde11eba7f7acde48001122,ace_focused_128,ace,focused,0.0,0.0,0.0,0.0,0.5091,0.5,110.0,0.5,0.0
5d0eadd80bde11eba7f7acde48001122,ace_focused_128,ace,focused,0.0,0.0,0.0,0.0,1.0,0.5,128.0,1.0,1.0
9284e77d08f811ebbdaaac1f6bf848b6,ace_focused_128,ace,focused,0.0,0.0,1.0,1.0,0.7521,1.0,117.0,1.0,1.0
94eba4ce0bdc11eba7f7acde48001122,ace_focused_128,ace,focused,0.0,0.0,0.0,0.0,0.2937,0.5,126.0,0.5,0.0
29427eea0bdd11eba7f7acde48001122,ace_focused_128,ace,focused,1.0,1.0,0.0,0.0,1.0,1.0,121.0,1.0,1.0
62a9691e0bb011ebab90acde48001122,ace_focused_128,ace,focused,0.0,0.0,0.0,0.4,0.392,0.5,125.0,0.5,0.0
cfc0d3e80bdd11eba7f7acde48001122,ace_focused_128,ace,focused,0.0,0.0,1.0,1.0,0.5276,1.0,127.0,1.0,1.0
76708e6a08b211ebbd85ac1f6bf848b6,ace_focused_128,ace,focused,0.0,0.0,0.0,0.0,0.3701,0.5,127.0,1.0,1.0
819dbb7a08d811ebbd9cac1f6bf848b6,ace_focused_128,ace,focused,0.0,0.0,1.0,1.0,0.3496,0.5,123.0,0.5,0.0
2fee043809b111ebbdb0ac1f6bf848b6,ace_focused_128,ace,focused,0.0,0.0,1.0,1.0,0.3984,1.0,128.0,1.0,1.0
39d43b7d08ae11ebbd83ac1f6bf848b6,ace_focused_128,ace,focused,1.0,1.0,1.0,1.0,0.576,0.5,125.0,0.5,0.0
aef6771208b311ebbd86ac1f6bf848b6,ace_focused_128,ace,focused,1.0,1.0,1.0,1.0,0.7222,0.5,126.0,0.5,0.0
0cc33f200bdd11eba7f7acde48001122,ace_focused_128,ace,focused,0.0,0.0,0.0,0.3333,0.4444,0.5,117.0,0.5,0.0
8d1e4c000bdd11eba7f7acde48001122,ace_focused_128,ace,focused,1.0,1.0,1.0,1.0,0.5868,0.5,121.0,1.0,1.0
d61d3fd20bd911eba7f7acde48001122,ace_focused_128,ace,focused,0.0,0.0,0.0,0.0,0.168,0.5,125.0,0.5,0.0
0db2574e0bde11eba7f7acde48001122,ace_focused_128,ace,focused,0.0,0.0,0.0,0.0,0.4068,0.5,118.0,0.5,0.0
48b1e7660bb011ebab90acde48001122,ace_focused_128,ace,focused,0.0,0.0,0.0,0.25,0.8359,1.0,128.0,1.0,1.0
004430780bde11eba7f7acde48001122,ace_focused_128,ace,focused,0.0,0.0,0.0,0.0,1.0,1.0,113.0,1.0,1.0
fd4096540bd911eba7f7acde48001122,ace_focused_128,ace,focused,0.0,0.0,0.0,0.0,0.5143,0.5,105.0,0.5,0.0
1e4d9f2008ff11ebbdadac1f6bf848b6,ace_focused_128,ace,focused,0.0,0.0,1.0,1.0,0.5469,1.0,128.0,1.0,1.0
0e161d6c084e11ebbd56ac1f6bf848b6,ace_focused_128,ace,focused,0.0,0.0,0.0,0.0,0.4952,0.5,105.0,0.5,0.0
fe41a8aa0bdd11eba7f7acde48001122,ace_focused_128,ace,focused,0.0,0.0,0.0,0.0,0.5169,0.5,118.0,0.5,0.0
db371cbb088011ebbd6dac1f6bf848b6,ace_focused_128,ace,focused,0.0,0.0,0.0,0.0,0.2797,1.0,118.0,1.0,1.0
505a04cc0baf11ebab90acde48001122,ace_focused_128,ace,focused,0.0,0.0,0.0,0.5,0.45,0.5,120.0,1.0,1.0
5cd6974c0bdc11eba7f7acde48001122,ace_focused_128,ace,focused,0.0,0.0,0.0,0.0,0.4766,0.5,107.0,0.5,0.0
c6fe0968091111ebbdadac1f6bf848b6,ace_focused_128,ace,focused,0.0,0.0,1.0,1.0,0.5667,0.5,120.0,1.0,1.0
aaaeeb220baf11ebab90acde48001122,ace_focused_128,ace,focused,0.0,0.2857,0.0,0.5,0.6378,0.5,127.0,1.0,1.0
5029152e085d11ebbd5cac1f6bf848b6,ace_focused_128,ace,focused,1.0,1.0,1.0,1.0,0.625,1.0,120.0,1.0,1.0
beaf107f089a11ebbd77ac1f6bf848b6,ace_focused_128,ace,focused,0.0,0.0,0.0,0.0,0.5043,1.0,115.0,1.0,1.0
0961bb2808c611ebbd90ac1f6bf848b6,ace_focused_128,ace,focused,1.0,1.0,0.0,0.8333,0.5234,0.5,128.0,0.5,0.0
8854559c08b911ebbd88ac1f6bf848b6,ace_focused_128,ace,focused,1.0,1.0,1.0,1.0,0.25,1.0,112.0,1.0,1.0
09c3e79c0bde11eba7f7acde48001122,ace_focused_128,ace,focused,0.0,0.0,0.0,0.0,0.1953,0.5,128.0,0.5,0.0
59603ef00bdd11eba7f7acde48001122,ace_focused_128,ace,focused,0.0,0.0,0.0,0.0,0.3228,0.5,127.0,0.5,0.0
13c15658087311ebbd66ac1f6bf848b6,ace_focused_128,ace,focused,0.0,0.0,1.0,1.0,0.8704,0.5,108.0,0.5,0.0
3de5f3d60bdd11eba7f7acde48001122,ace_focused_128,ace,focused,1.0,1.0,0.0,0.0,0.29,0.5,100.0,0.5,0.0
08ceb92e0bda11eba7f7acde48001122,ace_focused_128,ace,focused,0.0,0.0,0.0,0.0,0.0,0.0,124.0,0.0,0.0
1b053aca0bdd11eba7f7acde48001122,ace_focused_128,ace,focused,0.0,0.0,0.0,0.0,0.216,0.5,125.0,0.5,0.0
dfee66b608c911ebbd92ac1f6bf848b6,ace_focused_128,ace,focused,0.0,0.0,0.0,0.0,0.6111,1.0,126.0,1.0,1.0
23ae34720bda11eba7f7acde48001122,ace_focused_128,ace,focused,0.0,0.0,0.0,0.0,0.4286,0.5,119.0,0.5,0.0
91f8aeb508b811ebbd88ac1f6bf848b6,ace_focused_128,ace,focused,0.0,0.0,1.0,1.0,0.4083,0.25,120.0,0.25,0.0
84b2e1e708ce11ebbd94ac1f6bf848b6,ace_focused_128,ace,focused,0.0,0.0,1.0,1.0,0.7154,1.0,123.0,1.0,1.0
9c1de1cf08b111ebbd85ac1f6bf848b6,ace_focused_128,ace,focused,0.0,0.0,1.0,1.0,0.6349,1.0,126.0,1.0,1.0
4bc286620bde11eba7f7acde48001122,ace_focused_128,ace,focused,0.0,0.0,0.0,0.0,1.0,1.0,114.0,1.0,1.0
b4f63414088511ebbd6dac1f6bf848b6,ace_focused_128,ace,focused,0.0,0.0,0.0,0.0,0.188,0.5,117.0,1.0,1.0
5cc7e4f20bd911eba7f7acde48001122,ace_focused_128,ace,focused,0.0,0.0,0.0,0.0,0.2623,0.5,122.0,0.5,0.0
7d8986360bda11eba7f7acde48001122,ace_focused_128,ace,focused,0.0,0.0,0.0,0.0,0.3333,0.5,126.0,0.5,0.0
d3493f98086611ebbd5eac1f6bf848b6,ace_focused_128,ace,focused,1.0,1.0,1.0,1.0,0.7805,1.0,123.0,1.0,1.0
29306dfc0bda11eba7f7acde48001122,ace_focused_128,ace,focused,0.0,0.0,0.0,0.5,0.7172,0.5,99.0,0.5,0.0
d105363b086e11ebbd62ac1f6bf848b6,ace_focused_128,ace,focused,0.0,0.1818,1.0,1.0,0.5,1.0,122.0,1.0,1.0
350112e4085b11ebbd5cac1f6bf848b6,ace_focused_128,ace,focused,0.0,0.0,0.0,0.0,0.2589,0.25,112.0,0.5,0.0
27e926ca0bb011ebab90acde48001122,ace_focused_128,ace,focused,0.0,0.0,0.0,0.0,0.4553,0.5,123.0,0.5,0.0
650ee40e0bdd11eba7f7acde48001122,ace_focused_128,ace,focused,0.0,0.0,0.0,0.0,0.4048,0.5,126.0,0.5,0.0
43765d20087411ebbd67ac1f6bf848b6,ace_focused_128,ace,focused,0.0,0.0,0.0,0.0,0.5517,0.5,116.0,0.5,0.0
ab5beae00bda11eba7f7acde48001122,ace_focused_128,ace,focused,0.0,0.0,0.0,0.0,0.0,0.0,126.0,0.5,0.0
95c505f4097f11ebbdb0ac1f6bf848b6,ace_focused_128,ace,focused,0.0,0.0,1.0,1.0,0.6529,1.0,121.0,1.0,1.0
fb9a9b0c089011ebbd72ac1f6bf848b6,ace_focused_128,ace,focused,0.0,0.0,1.0,1.0,0.6471,1.0,119.0,1.0,1.0
d4708a220bd911eba7f7acde48001122,ace_focused_128,ace,focused,0.0,0.0,0.0,0.0,0.25,0.5,112.0,0.5,0.0
b2a1b19e096e11ebbdb0ac1f6bf848b6,ace_focused_128,ace,focused,0.0,0.0,0.0,0.0,0.3874,0.5,111.0,1.0,1.0
0c3675d40bda11eba7f7acde48001122,ace_focused_128,ace,focused,0.0,0.0,0.0,0.0,0.0,0.0,111.0,0.0,0.0
19cae67d097711ebbdb0ac1f6bf848b6,ace_focused_128,ace,focused,1.0,1.0,1.0,1.0,0.6179,1.0,123.0,1.0,1.0
7257a60608cb11ebbd92ac1f6bf848b6,ace_focused_128,ace,focused,0.0,0.0,0.0,0.0,0.3492,0.25,126.0,0.5,0.0
3f1b7d3b086c11ebbd61ac1f6bf848b6,ace_focused_128,ace,focused,0.0,0.0,0.0,0.0,0.8049,0.5,123.0,0.75,0.0
8d8c678b085911ebbd5bac1f6bf848b6,ace_focused_128,ace,focused,1.0,1.0,1.0,1.0,0.5812,0.5,117.0,0.5,0.0
e5bc717c0bdb11eba7f7acde48001122,ace_focused_128,ace,focused,0.0,0.0,0.0,0.0,0.1833,0.5,120.0,0.5,0.0
57dabdf1091c11ebbdaeac1f6bf848b6,ace_focused_128,ace,focused,0.0,0.0,0.0,0.0,0.7417,1.0,120.0,1.0,1.0
60bb44320bd911eba7f7acde48001122,ace_focused_128,ace,focused,0.0,0.0,0.0,0.5,0.2593,0.5,108.0,0.5,0.0
d428aedc08a011ebbd78ac1f6bf848b6,ace_focused_128,ace,focused,1.0,1.0,1.0,1.0,0.5772,0.5,123.0,0.5,0.0
4ef0d0c80bde11eba7f7acde48001122,ace_focused_128,ace,focused,0.0,0.0,0.0,0.0,0.5859,0.5,128.0,1.0,1.0
1ebbc9b20bde11eba7f7acde48001122,ace_focused_128,ace,focused,0.0,0.0,0.0,0.0,0.3091,0.5,110.0,1.0,1.0
958dc314091911ebbdaeac1f6bf848b6,ace_focused_128,ace,focused,0.0,0.0,0.0,0.0,0.4355,1.0,124.0,1.0,1.0
3e75a2b908bf11ebbd8aac1f6bf848b6,ace_focused_128,ace,focused,1.0,1.0,1.0,1.0,0.5909,1.0,110.0,1.0,1.0
c3f2f69a094411ebbdaeac1f6bf848b6,ace_focused_128,ace,focused,1.0,1.0,1.0,1.0,0.9032,1.0,124.0,1.0,1.0
66eefd9e0bde11eba7f7acde48001122,ace_focused_128,ace,focused,0.0,0.0,0.0,0.0,0.0,0.0,103.0,0.0,0.0
658f9a300bd911eba7f7acde48001122,ace_focused_128,ace,focused,0.0,0.0,0.0,0.0,0.8031,0.5,127.0,0.5,0.0
5ff9cc8c0baf11ebab90acde48001122,ace_focused_128,ace,focused,0.0,0.5,0.0,1.0,0.75,1.0,120.0,1.0,1.0
cc19962c0bdc11eba7f7acde48001122,ace_focused_128,ace,focused,0.0,0.0,0.0,0.0,0.2344,0.5,128.0,0.5,0.0
774fa4e20bdc11eba7f7acde48001122,ace_focused_128,ace,focused,0.0,0.0,0.0,0.0,0.2623,0.5,122.0,1.0,1.0
284e2815085811ebbd5aac1f6bf848b6,ace_focused_128,ace,focused,0.0,0.0,1.0,1.0,0.5938,0.5,128.0,0.5,0.0
5cd23bea0bda11eba7f7acde48001122,ace_focused_128,ace,focused,0.0,0.0,0.0,0.0,0.48,0.5,125.0,0.5,0.0
b9687149089811ebbd77ac1f6bf848b6,ace_focused_128,ace,focused,0.0,0.0,0.0,0.0,0.1197,0.25,117.0,0.25,0.0
318ebd55087f11ebbd6bac1f6bf848b6,ace_focused_128,ace,focused,0.0,0.0,1.0,1.0,0.7705,0.5,122.0,0.5,0.0
60814b660bb011ebab90acde48001122,ace_focused_128,ace,focused,0.0,0.0,0.0,0.3333,0.4516,0.5,124.0,1.0,1.0
6c7f03240bdb11eba7f7acde48001122,ace_focused_128,ace,focused,0.0,0.0,0.0,0.0,0.3069,0.5,101.0,0.5,0.0
b68527e40bdd11eba7f7acde48001122,ace_focused_128,ace,focused,0.0,0.0,0.0,0.0,0.4234,0.5,111.0,1.0,1.0
eb9a4b7c0bdc11eba7f7acde48001122,ace_focused_128,ace,focused,0.0,0.0,0.0,0.0,0.6641,1.0,128.0,1.0,1.0
63ccce2308cb11ebbd92ac1f6bf848b6,ace_focused_128,ace,focused,1.0,1.0,1.0,1.0,0.5873,1.0,126.0,1.0,1.0
4a6714f608d011ebbd95ac1f6bf848b6,ace_focused_128,ace,focused,1.0,1.0,1.0,1.0,1.0,0.5,108.0,0.75,0.0
251db78c0bdb11eba7f7acde48001122,ace_focused_128,ace,focused,0.0,0.0,0.0,0.0,0.3458,0.5,107.0,0.5,0.0
cc6b0e9e084e11ebbd56ac1f6bf848b6,ace_focused_128,ace,focused,1.0,1.0,1.0,1.0,1.0,0.75,110.0,0.75,0.0
b16d1ab40bdd11eba7f7acde48001122,ace_focused_128,ace,focused,0.0,0.0,0.0,0.5,0.6142,1.0,127.0,1.0,1.0
e171d29a0bdd11eba7f7acde48001122,ace_focused_128,ace,focused,0.0,0.0,0.0,0.3333,0.3659,0.5,123.0,0.5,0.0
901658be084d11ebbd56ac1f6bf848b6,ace_focused_128,ace,focused,1.0,1.0,1.0,1.0,0.4409,0.5,127.0,0.75,0.0
042bf49e0bdb11eba7f7acde48001122,ace_focused_128,ace,focused,0.0,0.0,0.0,0.0,0.1731,0.5,104.0,0.5,0.0
4d559f400bda11eba7f7acde48001122,ace_focused_128,ace,focused,0.0,0.0,0.0,0.5,0.1667,0.5,126.0,0.5,0.0
0d232356091511ebbdadac1f6bf848b6,ace_focused_128,ace,focused,0.0,0.0,0.0,0.0,0.9048,1.0,126.0,1.0,1.0
1ed79b0a087411ebbd67ac1f6bf848b6,ace_focused_128,ace,focused,0.0,0.8571,1.0,1.0,1.0,1.0,115.0,1.0,1.0
f21ab6980bdd11eba7f7acde48001122,ace_focused_128,ace,focused,0.0,0.0,0.0,0.0,0.6111,1.0,126.0,1.0,1.0
1c593ac008ae11ebbd83ac1f6bf848b6,ace_focused_128,ace,focused,0.0,0.0,0.0,0.0,0.6066,0.5,122.0,0.5,0.0
eb18a27a0baf11ebab90acde48001122,ace_focused_128,ace,focused,0.0,0.0,0.0,0.5,0.4711,0.5,121.0,0.5,0.0
bedf588e0baf11ebab90acde48001122,ace_focused_128,ace,focused,0.0,0.0,0.0,0.5,0.5431,0.5,116.0,0.5,0.0
fffc59fc088f11ebbd72ac1f6bf848b6,ace_focused_128,ace,focused,0.0,0.0,1.0,1.0,0.5081,0.5,124.0,0.5,0.0
e2cadf420bdd11eba7f7acde48001122,ace_focused_128,ace,focused,0.0,0.0,1.0,1.0,0.7778,1.0,108.0,1.0,1.0
337c710c08b511ebbd88ac1f6bf848b6,ace_focused_128,ace,focused,0.0,0.6667,1.0,1.0,0.6911,1.0,123.0,1.0,1.0
62df628e0bde11eba7f7acde48001122,ace_focused_128,ace,focused,0.0,0.0,0.0,0.0,0.5574,0.5,122.0,1.0,1.0
a1f532760bdb11eba7f7acde48001122,ace_focused_128,ace,focused,0.0,0.0,0.0,0.5,0.375,0.5,112.0,1.0,1.0
5dea5497089b11ebbd78ac1f6bf848b6,ace_focused_128,ace,focused,1.0,1.0,1.0,1.0,0.6379,0.5,116.0,0.5,0.0
c6d520840bda11eba7f7acde48001122,ace_focused_128,ace,focused,0.0,0.0,1.0,1.0,0.1368,0.5,117.0,1.0,1.0
66c00bf60bde11eba7f7acde48001122,ace_focused_128,ace,focused,0.0,0.0,0.0,0.0,0.4622,0.5,119.0,0.5,0.0
95ab4cac0bdc11eba7f7acde48001122,ace_focused_128,ace,focused,1.0,1.0,1.0,1.0,0.4921,1.0,126.0,1.0,1.0
27b8af06088e11ebbd70ac1f6bf848b6,ace_focused_128,ace,focused,0.0,0.0,0.0,0.0,0.3333,0.25,120.0,0.5,0.0
50f1350208af11ebbd83ac1f6bf848b6,ace_focused_128,ace,focused,0.0,0.0,0.0,0.0,0.7755,0.25,98.0,0.5,0.0
68a60785087511ebbd67ac1f6bf848b6,ace_focused_128,ace,focused,0.0,0.0,1.0,1.0,0.5702,1.0,121.0,1.0,1.0
9e68b794091311ebbdadac1f6bf848b6,ace_focused_128,ace,focused,0.0,0.0,0.0,0.0,0.2661,0.5,124.0,1.0,1.0
d922570808dc11ebbd9dac1f6bf848b6,ace_focused_128,ace,focused,0.0,0.0,0.0,0.0,0.5234,0.5,107.0,1.0,1.0
fd5a8ea0086711ebbd5eac1f6bf848b6,ace_focused_128,ace,focused,1.0,1.0,1.0,1.0,0.4836,1.0,122.0,1.0,1.0
dff7c3b60bdd11eba7f7acde48001122,ace_focused_128,ace,focused,1.0,1.0,0.0,0.0,0.2735,0.5,117.0,0.5,0.0
75c64fb00bda11eba7f7acde48001122,ace_focused_128,ace,focused,0.0,0.25,0.0,0.3333,0.2072,0.5,111.0,0.5,0.0
43acd28e0bde11eba7f7acde48001122,ace_focused_128,ace,focused,0.0,0.0,0.0,0.0,0.6078,0.5,102.0,1.0,1.0
86afde360bda11eba7f7acde48001122,ace_focused_128,ace,focused,0.0,0.0,0.0,0.0,0.3543,0.5,127.0,0.5,0.0
2a7d95fc0bdc11eba7f7acde48001122,ace_focused_128,ace,focused,0.0,0.0,0.0,0.0,0.2314,0.5,121.0,0.5,0.0
7de481100baf11ebab90acde48001122,ace_focused_128,ace,focused,0.0,0.0,0.0,0.3333,0.3125,0.5,112.0,1.0,1.0
d8df66240bdd11eba7f7acde48001122,ace_focused_128,ace,focused,0.0,0.0,0.0,0.3333,0.531,0.5,113.0,1.0,1.0
2e925d6a0bde11eba7f7acde48001122,ace_focused_128,ace,focused,0.0,0.0,1.0,1.0,1.0,1.0,107.0,1.0,1.0
4b879bd6087a11ebbd67ac1f6bf848b6,ace_focused_128,ace,focused,1.0,1.0,1.0,1.0,0.504,0.5,125.0,0.5,0.0
eb30f33c086611ebbd5eac1f6bf848b6,ace_focused_128,ace,focused,0.0,0.0,0.0,0.0,0.1094,0.5,128.0,0.5,0.0
59f0b4d608b211ebbd85ac1f6bf848b6,ace_focused_128,ace,focused,1.0,1.0,1.0,1.0,0.5806,1.0,124.0,1.0,1.0
ef48a3720baf11ebab90acde48001122,ace_focused_128,ace,focused,0.0,0.0,0.0,0.75,0.6417,0.5,120.0,1.0,1.0
39c32aa2086411ebbd5eac1f6bf848b6,ace_focused_128,ace,focused,0.0,0.0,1.0,1.0,0.5714,1.0,112.0,1.0,1.0
4b11ef0808cf11ebbd95ac1f6bf848b6,ace_focused_128,ace,focused,1.0,1.0,1.0,1.0,0.7982,0.25,114.0,0.5,0.0
354ab1c408e211ebbda3ac1f6bf848b6,ace_focused_128,ace,focused,1.0,1.0,1.0,1.0,0.5781,0.5,128.0,0.5,0.0
4293552c0bb011ebab90acde48001122,ace_focused_128,ace,focused,0.0,0.0,0.0,0.3333,0.378,0.5,127.0,1.0,1.0
2a234d2d089911ebbd77ac1f6bf848b6,ace_focused_128,ace,focused,0.0,0.0,1.0,1.0,0.7297,1.0,111.0,1.0,1.0
565785740bb011ebab90acde48001122,ace_focused_128,ace,focused,0.0,0.0,0.0,0.0,0.2542,0.5,118.0,0.5,0.0
511af4e80baf11ebab90acde48001122,ace_focused_128,ace,focused,0.0,0.0,0.0,0.6,0.6807,0.5,119.0,0.5,0.0
227adf2c086c11ebbd60ac1f6bf848b6,ace_focused_128,ace,focused,0.0,0.0,0.0,0.5,0.0,0.0,108.0,0.5,0.0
bac99ab40bd911eba7f7acde48001122,ace_focused_128,ace,focused,0.0,0.0,0.0,0.5,0.381,0.5,126.0,0.5,0.0
c001b9b40bdc11eba7f7acde48001122,ace_focused_128,ace,focused,0.0,0.0,0.0,0.0,0.0,0.0,118.0,0.5,0.0
c31b2d920bdc11eba7f7acde48001122,ace_focused_128,ace,focused,0.0,0.0,0.0,0.0,0.0,0.0,128.0,0.0,0.0
13288e3a090b11ebbdadac1f6bf848b6,ace_focused_128,ace,focused,1.0,1.0,1.0,1.0,0.8482,1.0,112.0,1.0,1.0
f62ae4f9096911ebbdafac1f6bf848b6,ace_focused_128,ace,focused,1.0,1.0,1.0,1.0,0.377,1.0,122.0,1.0,1.0
4bb64b540bde11eba7f7acde48001122,ace_focused_128,ace,focused,0.0,0.0,0.0,0.25,0.2698,0.5,126.0,0.5,0.0
4facc3320bd911eba7f7acde48001122,ace_focused_128,ace,focused,0.0,0.0,0.0,0.5,0.2328,0.5,116.0,0.5,0.0
af07336e0bdc11eba7f7acde48001122,ace_focused_128,ace,focused,0.0,0.0,0.0,0.0,0.0,0.0,110.0,1.0,1.0
06ceba5e0bb011ebab90acde48001122,ace_focused_128,ace,focused,0.0,0.0,0.0,0.6667,0.386,0.5,114.0,0.5,0.0
5a7f3e9d08e711ebbda6ac1f6bf848b6,ace_focused_128,ace,focused,0.0,0.0,0.0,0.0,0.4528,0.5,106.0,1.0,1.0
eee1f0af085911ebbd5bac1f6bf848b6,ace_focused_128,ace,focused,1.0,1.0,1.0,1.0,0.5462,1.0,119.0,1.0,1.0
7019886b093511ebbdaeac1f6bf848b6,ace_focused_128,ace,focused,1.0,1.0,1.0,1.0,0.4375,1.0,128.0,1.0,1.0
8326634a08a111ebbd79ac1f6bf848b6,ace_focused_128,ace,focused,0.0,0.0,0.0,0.0,0.45,1.0,120.0,1.0,1.0
c74ed73b088d11ebbd70ac1f6bf848b6,ace_focused_128,ace,focused,1.0,1.0,1.0,1.0,0.6581,0.5,117.0,0.5,0.0
2f3c0934087b11ebbd67ac1f6bf848b6,ace_focused_128,ace,focused,0.0,0.0,0.0,0.0,0.3828,0.25,128.0,0.25,0.0
0ccfc77808c611ebbd90ac1f6bf848b6,ace_focused_128,ace,focused,1.0,1.0,1.0,1.0,0.4808,0.5,104.0,0.5,0.0
5136616008b211ebbd85ac1f6bf848b6,ace_focused_128,ace,focused,1.0,1.0,1.0,1.0,0.6905,0.5,126.0,0.5,0.0
afcff22e0bda11eba7f7acde48001122,ace_focused_128,ace,focused,0.0,0.0,0.0,0.0,0.2992,0.5,127.0,0.5,0.0
986625bc0bdb11eba7f7acde48001122,ace_focused_128,ace,focused,0.0,0.0,0.0,0.0,0.5317,0.5,126.0,0.5,0.0
290458a20bda11eba7f7acde48001122,ace_focused_128,ace,focused,0.0,0.0,0.0,0.0,0.5,0.5,108.0,0.5,0.0
7eeba090088d11ebbd70ac1f6bf848b6,ace_focused_128,ace,focused,1.0,1.0,1.0,1.0,0.3457,1.0,81.0,1.0,1.0
56c3a6c20bd911eba7f7acde48001122,ace_focused_128,ace,focused,0.0,0.0,0.0,0.0,0.2846,0.5,123.0,1.0,1.0
0d118fb00bdb11eba7f7acde48001122,ace_focused_128,ace,focused,0.0,0.0,0.0,0.0,0.4727,0.5,110.0,0.5,0.0
07fce4900bde11eba7f7acde48001122,ace_focused_128,ace,focused,1.0,1.0,0.0,0.0,0.6797,0.5,128.0,0.5,0.0
9ff14fea0baf11ebab90acde48001122,ace_focused_128,ace,focused,0.0,0.0,0.0,0.0,0.1875,0.5,128.0,0.5,0.0
955ddc6a0bdc11eba7f7acde48001122,ace_focused_128,ace,focused,0.0,0.0,0.0,0.0,0.2308,0.5,104.0,0.5,0.0
50b9582c0bb011ebab90acde48001122,ace_focused_128,ace,focused,0.0,0.0,1.0,1.0,0.4472,1.0,123.0,1.0,1.0
1b7752be0bdc11eba7f7acde48001122,ace_focused_128,ace,focused,0.0,0.0,0.0,0.0,0.5185,0.5,108.0,0.5,0.0
f31d38460bdc11eba7f7acde48001122,ace_focused_128,ace,focused,0.0,0.0,0.0,0.0,1.0,0.5,112.0,1.0,1.0
dd01c8180bd911eba7f7acde48001122,ace_focused_128,ace,focused,0.0,0.0,0.0,0.0,0.2778,0.5,126.0,1.0,1.0
afc6b59708b611ebbd88ac1f6bf848b6,ace_focused_128,ace,focused,1.0,1.0,1.0,1.0,0.5487,0.5,113.0,0.5,0.0
df66ea220bdc11eba7f7acde48001122,ace_focused_128,ace,focused,1.0,1.0,1.0,1.0,0.7,1.0,110.0,1.0,1.0
a84ba2780bda11eba7f7acde48001122,ace_focused_128,ace,focused,0.0,0.0,0.0,0.0,0.0,0.0,127.0,0.0,0.0
c418fa2408e811ebbda6ac1f6bf848b6,ace_focused_128,ace,focused,0.0,0.0,1.0,1.0,0.3814,0.5,118.0,0.5,0.0
96beb0b3086111ebbd5dac1f6bf848b6,ace_focused_128,ace,focused,1.0,1.0,1.0,1.0,0.7652,1.0,115.0,1.0,1.0
74b171780bde11eba7f7acde48001122,ace_focused_128,ace,focused,0.0,0.0,0.0,0.5,0.4522,0.5,115.0,0.5,0.0
8930ad3c0bdc11eba7f7acde48001122,ace_focused_128,ace,focused,0.0,0.0,0.0,0.0,0.5906,0.5,127.0,0.5,0.0
51a08d5308ac11ebbd82ac1f6bf848b6,ace_focused_128,ace,focused,1.0,1.0,1.0,1.0,0.2832,0.5,113.0,1.0,1.0
b4254d4c0bda11eba7f7acde48001122,ace_focused_128,ace,focused,0.0,0.0,0.0,0.0,0.6607,1.0,112.0,1.0,1.0
f77f95da0bd911eba7f7acde48001122,ace_focused_128,ace,focused,0.0,0.0,0.0,0.0,0.1667,0.5,126.0,0.5,0.0
3581ccec0bdd11eba7f7acde48001122,ace_focused_128,ace,focused,0.0,0.0,0.0,0.0,0.0,0.0,98.0,0.0,0.0
20058aec0bde11eba7f7acde48001122,ace_focused_128,ace,focused,0.0,0.0,0.0,0.0,0.3415,0.5,123.0,1.0,1.0
f4a66ac60bae11ebab90acde48001122,ace_focused_128,ace,focused,0.0,0.6667,0.0,0.6667,0.4661,0.5,118.0,0.5,0.0
001ad110086911ebbd5eac1f6bf848b6,ace_focused_128,ace,focused,0.0,0.0,0.0,0.0,0.4603,0.5,126.0,0.5,0.0
b3c4b3a80bdd11eba7f7acde48001122,ace_focused_128,ace,focused,0.0,0.0,0.0,0.0,0.3548,0.5,124.0,0.5,0.0
38fdf5420bda11eba7f7acde48001122,ace_focused_128,ace,focused,0.0,0.0,0.0,0.0,0.25,0.5,128.0,0.5,0.0
6a53eb53089b11ebbd78ac1f6bf848b6,ace_focused_128,ace,focused,0.0,0.0,1.0,1.0,0.243,0.5,107.0,1.0,1.0
4c319d400bde11eba7f7acde48001122,ace_focused_128,ace,focused,0.0,0.0,0.0,0.0,0.4035,0.5,114.0,0.5,0.0
998f8786089711ebbd77ac1f6bf848b6,ace_focused_128,ace,focused,1.0,1.0,1.0,1.0,0.6058,0.5,104.0,0.5,0.0
0b78b1e9087411ebbd67ac1f6bf848b6,ace_focused_128,ace,focused,0.0,0.0,0.0,0.0,0.8281,1.0,128.0,1.0,1.0
632fcc82085611ebbd59ac1f6bf848b6,ace_focused_128,ace,focused,0.0,0.0,1.0,1.0,0.339,1.0,118.0,1.0,1.0
272062fc088c11ebbd6fac1f6bf848b6,ace_focused_128,ace,focused,1.0,1.0,0.0,0.0,0.2895,0.25,114.0,0.25,0.0
241a9d0c0bde11eba7f7acde48001122,ace_focused_128,ace,focused,0.0,0.6667,0.0,0.0,0.3471,0.5,121.0,0.5,0.0
c6c492e008bb11ebbd88ac1f6bf848b6,ace_focused_128,ace,focused,1.0,1.0,1.0,1.0,0.434,1.0,106.0,1.0,1.0
b67ef6380bda11eba7f7acde48001122,ace_focused_128,ace,focused,1.0,1.0,1.0,1.0,1.0,1.0,121.0,1.0,1.0
4a3edf720bdc11eba7f7acde48001122,ace_focused_128,ace,focused,0.0,0.3333,0.0,0.3333,0.5238,0.5,126.0,0.5,0.0
b21084c2097c11ebbdb0ac1f6bf848b6,ace_focused_128,ace,focused,1.0,1.0,1.0,1.0,0.4793,1.0,121.0,1.0,1.0
f5c9a3f2086111ebbd5dac1f6bf848b6,ace_focused_128,ace,focused,0.0,0.0,1.0,1.0,0.5586,1.0,111.0,1.0,1.0
1a344858086711ebbd5eac1f6bf848b6,ace_focused_128,ace,focused,1.0,1.0,1.0,1.0,0.7391,0.75,115.0,0.75,0.0
dac1f66e0bdd11eba7f7acde48001122,ace_focused_128,ace,focused,1.0,1.0,0.0,0.0,0.7623,1.0,122.0,1.0,1.0
141636ac0bdc11eba7f7acde48001122,ace_focused_128,ace,focused,0.0,0.0,0.0,0.0,0.4649,0.5,114.0,0.5,0.0
48b07de00bb011ebab90acde48001122,ace_focused_128,ace,focused,0.0,0.2222,0.0,0.8571,0.3448,0.5,87.0,1.0,1.0
ad193b1808b411ebbd88ac1f6bf848b6,ace_mmr_128,ace,mmr,1.0,1.0,1.0,1.0,0.4336,0.5,113.0,0.5,0.0
5b168cd8089811ebbd77ac1f6bf848b6,ace_mmr_128,ace,mmr,1.0,1.0,1.0,1.0,0.6116,1.0,121.0,1.0,1.0
b23a2b360baf11ebab90acde48001122,ace_mmr_128,ace,mmr,0.0,0.0,0.0,0.6,0.8,0.5,125.0,1.0,1.0
c5ffa16a0bdb11eba7f7acde48001122,ace_mmr_128,ace,mmr,0.0,0.0,0.0,0.0,0.3333,0.5,117.0,0.5,0.0
eb3ff1900baf11ebab90acde48001122,ace_mmr_128,ace,mmr,0.0,0.5714,1.0,1.0,0.4921,0.5,126.0,1.0,1.0
59a16ade0baf11ebab90acde48001122,ace_mmr_128,ace,mmr,0.0,0.0,0.0,0.0,0.6111,0.5,126.0,0.5,0.0
5c9ef1d80bdd11eba7f7acde48001122,ace_mmr_128,ace,mmr,0.0,0.0,0.0,0.0,0.4173,0.5,127.0,0.5,0.0
a537c442086d11ebbd62ac1f6bf848b6,ace_mmr_128,ace,mmr,0.0,0.0,1.0,1.0,0.5741,0.5,108.0,0.5,0.0
01588f7208be11ebbd8aac1f6bf848b6,ace_mmr_128,ace,mmr,1.0,1.0,1.0,1.0,0.6142,0.5,127.0,0.5,0.0
6b55ac320bdb11eba7f7acde48001122,ace_mmr_128,ace,mmr,0.0,0.0,0.0,0.0,0.5085,0.5,118.0,1.0,1.0
fde95590089c11ebbd78ac1f6bf848b6,ace_mmr_128,ace,mmr,0.0,0.0,0.0,0.0,0.371,0.5,124.0,1.0,1.0
1f8a41b60bde11eba7f7acde48001122,ace_mmr_128,ace,mmr,0.0,0.0,0.0,0.0,0.2807,0.5,114.0,0.5,0.0
50008e080bda11eba7f7acde48001122,ace_mmr_128,ace,mmr,0.0,0.0,0.0,0.0,0.3083,0.5,120.0,0.5,0.0
9f62be2008ac11ebbd83ac1f6bf848b6,ace_mmr_128,ace,mmr,0.0,0.0,0.0,0.0,0.4696,0.5,115.0,1.0,1.0
6bb800f00bde11eba7f7acde48001122,ace_mmr_128,ace,mmr,0.0,0.0,0.0,0.0,0.8281,0.5,128.0,1.0,1.0
1822cbb4089111ebbd72ac1f6bf848b6,ace_mmr_128,ace,mmr,1.0,1.0,1.0,1.0,0.4417,0.5,120.0,0.5,0.0
87154f1e0bda11eba7f7acde48001122,ace_mmr_128,ace,mmr,0.0,0.0,0.0,0.0,0.2362,0.5,127.0,0.5,0.0
709430f20bda11eba7f7acde48001122,ace_mmr_128,ace,mmr,0.0,0.0,0.0,0.0,0.656,1.0,125.0,1.0,1.0
1aecfdf608a011ebbd78ac1f6bf848b6,ace_mmr_128,ace,mmr,0.0,0.0,0.0,0.6667,0.6612,1.0,121.0,1.0,1.0
03d68971096e11ebbdb0ac1f6bf848b6,ace_mmr_128,ace,mmr,0.0,0.0,0.0,0.0,0.9386,1.0,114.0,1.0,1.0
8a6eec600bda11eba7f7acde48001122,ace_mmr_128,ace,mmr,0.0,0.0,0.0,0.0,0.3333,0.5,120.0,0.5,0.0
3497795008bb11ebbd88ac1f6bf848b6,ace_mmr_128,ace,mmr,0.0,0.0,1.0,1.0,0.6068,0.5,117.0,0.75,0.0
305e54500bde11eba7f7acde48001122,ace_mmr_128,ace,mmr,0.0,0.0,0.0,0.0,0.3814,0.5,118.0,0.5,0.0
6aa8edb5086411ebbd5eac1f6bf848b6,ace_mmr_128,ace,mmr,1.0,1.0,1.0,1.0,0.688,1.0,125.0,1.0,1.0
4a8d58f0085811ebbd5aac1f6bf848b6,ace_mmr_128,ace,mmr,1.0,1.0,0.0,0.0,0.6748,0.5,123.0,0.75,0.0
00ce250d095f11ebbdafac1f6bf848b6,ace_mmr_128,ace,mmr,0.0,0.0,0.0,0.0,0.2205,0.5,127.0,1.0,1.0
c6128932093b11ebbdaeac1f6bf848b6,ace_mmr_128,ace,mmr,0.0,0.0,1.0,1.0,0.7069,0.5,116.0,1.0,1.0
d6c5f2680bdd11eba7f7acde48001122,ace_mmr_128,ace,mmr,0.0,0.0,0.0,0.0,0.2294,0.5,109.0,0.5,0.0
07626317086e11ebbd62ac1f6bf848b6,ace_mmr_128,ace,mmr,0.0,0.0,1.0,1.0,0.5565,0.25,115.0,0.5,0.0
61f9bff8089711ebbd77ac1f6bf848b6,ace_mmr_128,ace,mmr,0.0,0.0,1.0,1.0,0.5703,0.5,128.0,0.5,0.0
c3e1ad9e090d11ebbdadac1f6bf848b6,ace_mmr_128,ace,mmr,1.0,1.0,1.0,1.0,0.576,1.0,125.0,1.0,1.0
093fcf360bdc11eba7f7acde48001122,ace_mmr_128,ace,mmr,0.0,0.0,0.0,0.0,0.5476,0.5,126.0,0.5,0.0
6a419ba2087611ebbd67ac1f6bf848b6,ace_mmr_128,ace,mmr,1.0,1.0,1.0,1.0,0.4906,0.5,106.0,0.5,0.0
9bd0c7e60bdd11eba7f7acde48001122,ace_mmr_128,ace,mmr,0.0,0.0,0.0,0.0,0.0,0.0,117.0,0.5,0.0
fdbb770408da11ebbd9cac1f6bf848b6,ace_mmr_128,ace,mmr,0.0,0.0,0.0,0.0,0.5354,0.5,127.0,0.5,0.0
3cc74fb60bda11eba7f7acde48001122,ace_mmr_128,ace,mmr,0.0,0.0,0.0,0.0,0.3482,0.5,112.0,0.5,0.0
234c4f060bde11eba7f7acde48001122,ace_mmr_128,ace,mmr,0.0,0.0,1.0,1.0,0.4754,1.0,122.0,1.0,1.0
c807422a0bda11eba7f7acde48001122,ace_mmr_128,ace,mmr,0.0,0.0,0.0,0.0,0.2087,0.5,115.0,0.5,0.0
77119398087411ebbd67ac1f6bf848b6,ace_mmr_128,ace,mmr,1.0,1.0,0.0,0.0,0.0,0.0,112.0,1.0,1.0
922587b80bdd11eba7f7acde48001122,ace_mmr_128,ace,mmr,1.0,1.0,1.0,1.0,0.3509,0.5,114.0,0.5,0.0
7de9188c088b11ebbd6fac1f6bf848b6,ace_mmr_128,ace,mmr,0.0,0.5714,0.0,0.5,0.2344,0.5,128.0,0.5,0.0
ba3380fe0bdb11eba7f7acde48001122,ace_mmr_128,ace,mmr,0.0,0.0,0.0,0.0,0.418,0.5,122.0,0.5,0.0
710d0e740bde11eba7f7acde48001122,ace_mmr_128,ace,mmr,0.0,0.0,0.0,0.0,0.3937,0.5,127.0,0.5,0.0
562aab540baf11ebab90acde48001122,ace_mmr_128,ace,mmr,0.0,0.0,0.0,0.2,0.744,0.5,125.0,0.5,0.0
9ab545800bdd11eba7f7acde48001122,ace_mmr_128,ace,mmr,0.0,0.0,0.0,0.0,0.315,0.5,127.0,0.5,0.0
61456758085411ebbd59ac1f6bf848b6,ace_mmr_128,ace,mmr,1.0,1.0,1.0,1.0,0.6929,0.5,127.0,0.75,0.0
26f25e9d089c11ebbd78ac1f6bf848b6,ace_mmr_128,ace,mmr,1.0,1.0,1.0,1.0,0.5403,1.0,124.0,1.0,1.0
ce5bfc90086c11ebbd61ac1f6bf848b6,ace_mmr_128,ace,mmr,0.0,0.0,0.0,0.0,0.0,0.0,109.0,0.5,0.0
f893967608a811ebbd7fac1f6bf848b6,ace_mmr_128,ace,mmr,1.0,1.0,1.0,1.0,0.2109,0.5,128.0,1.0,1.0
346a41b4084e11ebbd56ac1f6bf848b6,ace_mmr_128,ace,mmr,1.0,1.0,1.0,1.0,0.2344,0.5,128.0,0.5,0.0
bcbd76e608a111ebbd79ac1f6bf848b6,ace_mmr_128,ace,mmr,0.0,0.0,1.0,1.0,0.3828,0.5,128.0,0.5,0.0
f26542c808c511ebbd8fac1f6bf848b6,ace_mmr_128,ace,mmr,1.0,1.0,1.0,1.0,0.6471,0.5,119.0,0.5,0.0
5b1e1f240bdc11eba7f7acde48001122,ace_mmr_128,ace,mmr,0.0,0.0,0.0,0.3333,0.2909,0.5,110.0,0.5,0.0
b146f47c0bda11eba7f7acde48001122,ace_mmr_128,ace,mmr,0.0,0.0,0.0,0.0,0.531,0.5,113.0,1.0,1.0
9c996f860bdb11eba7f7acde48001122,ace_mmr_128,ace,mmr,0.0,0.0,0.0,0.0,1.0,0.5,113.0,0.5,0.0
f491b33e0bda11eba7f7acde48001122,ace_mmr_128,ace,mmr,0.0,0.0,0.0,0.0,0.374,0.5,123.0,0.5,0.0
21d2a107091911ebbdaeac1f6bf848b6,ace_mmr_128,ace,mmr,0.0,0.0,0.0,0.0,0.6475,0.5,122.0,1.0,1.0
10e63c10087211ebbd64ac1f6bf848b6,ace_mmr_128,ace,mmr,1.0,1.0,0.0,0.0,0.6094,0.25,128.0,0.5,0.0
5c7ce15a0bde11eba7f7acde48001122,ace_mmr_128,ace,mmr,0.0,0.0,0.0,0.0,0.5093,0.5,108.0,0.5,0.0
b0e112940bdd11eba7f7acde48001122,ace_mmr_128,ace,mmr,0.0,0.0,0.0,0.0,0.2131,0.5,122.0,0.5,0.0
e6a74e020bdd11eba7f7acde48001122,ace_mmr_128,ace,mmr,0.0,0.0,0.0,0.0,0.3,0.5,100.0,0.5,0.0
0963c8b80bdd11eba7f7acde48001122,ace_mmr_128,ace,mmr,0.0,0.0,0.0,0.0,0.392,0.5,125.0,0.5,0.0
09beb233086d11ebbd61ac1f6bf848b6,ace_mmr_128,ace,mmr,0.0,0.0,0.0,0.0,1.0,1.0,103.0,1.0,1.0
963fffd60bdd11eba7f7acde48001122,ace_mmr_128,ace,mmr,1.0,1.0,1.0,1.0,0.3465,1.0,101.0,1.0,1.0
f0d6f50c08eb11ebbda7ac1f6bf848b6,ace_mmr_128,ace,mmr,0.0,0.0,1.0,1.0,0.6614,1.0,127.0,1.0,1.0
33d1a6d60bda11eba7f7acde48001122,ace_mmr_128,ace,mmr,0.0,0.0,0.0,0.0,0.315,0.5,127.0,0.5,0.0
f31afa16094511ebbdaeac1f6bf848b6,ace_mmr_128,ace,mmr,0.0,0.0,1.0,1.0,0.2906,0.5,117.0,1.0,1.0
3654974a08df11ebbda0ac1f6bf848b6,ace_mmr_128,ace,mmr,0.0,0.0,1.0,1.0,0.6348,0.5,115.0,0.75,0.0
2d2fdefe085311ebbd59ac1f6bf848b6,ace_mmr_128,ace,mmr,0.0,0.0,1.0,1.0,0.7521,1.0,121.0,1.0,1.0
7a01a52a089c11ebbd78ac1f6bf848b6,ace_mmr_128,ace,mmr,0.0,0.0,1.0,1.0,0.5372,0.5,121.0,0.5,0.0
d8a00ed40bdd11eba7f7acde48001122,ace_mmr_128,ace,mmr,0.0,0.0,0.0,0.3333,0.2787,0.5,122.0,0.5,0.0
c37f944e08e611ebbda5ac1f6bf848b6,ace_mmr_128,ace,mmr,1.0,1.0,1.0,1.0,0.6923,1.0,104.0,1.0,1.0
b670607d08b611ebbd88ac1f6bf848b6,ace_mmr_128,ace,mmr,1.0,1.0,1.0,1.0,1.0,0.5,128.0,0.75,0.0
62a0531e0bde11eba7f7acde48001122,ace_mmr_128,ace,mmr,0.0,0.0,0.0,0.0,0.3782,0.5,119.0,0.5,0.0
03f2846e0bb011ebab90acde48001122,ace_mmr_128,ace,mmr,0.0,0.5,0.0,0.6,0.7563,1.0,119.0,1.0,1.0
98da1bb608d411ebbd96ac1f6bf848b6,ace_mmr_128,ace,mmr,1.0,1.0,1.0,1.0,0.5952,0.5,126.0,0.75,0.0
bb792556091811ebbdaeac1f6bf848b6,ace_mmr_128,ace,mmr,1.0,1.0,0.0,0.6667,0.1607,0.5,112.0,1.0,1.0
46e99a3d094111ebbdaeac1f6bf848b6,ace_mmr_128,ace,mmr,1.0,1.0,1.0,1.0,0.3659,1.0,123.0,1.0,1.0
2f6aa3ba0bb011ebab90acde48001122,ace_mmr_128,ace,mmr,0.0,0.2222,0.0,0.4,0.2302,0.5,126.0,0.5,0.0
41b295500bb011ebab90acde48001122,ace_mmr_128,ace,mmr,0.0,0.0,0.0,0.0,0.425,0.5,120.0,0.5,0.0
132a5430085d11ebbd5cac1f6bf848b6,ace_mmr_128,ace,mmr,0.0,0.0,0.0,0.0,0.4123,0.5,114.0,1.0,1.0
08e7eb340bde11eba7f7acde48001122,ace_mmr_128,ace,mmr,0.0,0.0,0.0,0.0,0.4426,0.5,122.0,0.5,0.0
91ec5b380bdc11eba7f7acde48001122,ace_mmr_128,ace,mmr,0.0,0.0,0.0,0.0,0.0,0.0,123.0,0.0,0.0
bf5c81fa0bdd11eba7f7acde48001122,ace_mmr_128,ace,mmr,0.0,0.0,0.0,0.0,0.4124,0.5,97.0,0.5,0.0
cf9a08f608c911ebbd92ac1f6bf848b6,ace_mmr_128,ace,mmr,0.0,0.0,1.0,1.0,0.4444,0.5,108.0,0.5,0.0
0e5e54c908c211ebbd8bac1f6bf848b6,ace_mmr_128,ace,mmr,0.0,0.0,0.0,0.0,0.6557,1.0,122.0,1.0,1.0
af1ee605093511ebbdaeac1f6bf848b6,ace_mmr_128,ace,mmr,1.0,1.0,1.0,1.0,0.785,1.0,107.0,1.0,1.0
3e0cebde0bd911eba7f7acde48001122,ace_mmr_128,ace,mmr,0.0,0.0,0.0,0.0,0.2569,0.5,109.0,0.5,0.0
0518615a0bde11eba7f7acde48001122,ace_mmr_128,ace,mmr,0.0,0.0,0.0,0.0,0.6864,0.5,118.0,1.0,1.0
3d22de280bb011ebab90acde48001122,ace_mmr_128,ace,mmr,0.0,0.0,0.0,0.6667,0.3058,0.5,121.0,1.0,1.0
b6afbad60bdd11eba7f7acde48001122,ace_mmr_128,ace,mmr,0.0,0.0,0.0,0.0,0.2273,0.5,110.0,0.5,0.0
0b91d3200bdb11eba7f7acde48001122,ace_mmr_128,ace,mmr,0.0,0.0,0.0,0.0,0.3362,0.5,116.0,0.5,0.0
1621c01108f011ebbda8ac1f6bf848b6,ace_mmr_128,ace,mmr,0.0,0.0,0.0,0.25,0.248,0.5,125.0,1.0,1.0
8b5f752e0bdd11eba7f7acde48001122,ace_mmr_128,ace,mmr,0.0,0.0,0.0,0.0,0.0976,0.5,123.0,0.5,0.0
5e02b99208b811ebbd88ac1f6bf848b6,ace_mmr_128,ace,mmr,0.0,0.0,1.0,1.0,0.5238,0.5,126.0,0.5,0.0
a809d3720bdd11eba7f7acde48001122,ace_mmr_128,ace,mmr,0.0,0.0,1.0,1.0,1.0,1.0,128.0,1.0,1.0
ade9a5980baf11ebab90acde48001122,ace_mmr_128,ace,mmr,0.0,0.0,0.0,0.0,0.3898,0.5,118.0,1.0,1.0
8012a1e008af11ebbd83ac1f6bf848b6,ace_mmr_128,ace,mmr,0.0,0.0,0.0,0.0,0.7073,0.5,123.0,0.5,0.0
d19a4bb80bdd11eba7f7acde48001122,ace_mmr_128,ace,mmr,0.0,0.0,0.0,0.0,0.2368,0.5,114.0,0.5,0.0
b6b306fa0bdd11eba7f7acde48001122,ace_mmr_128,ace,mmr,0.0,0.0,0.0,0.5,0.25,0.5,128.0,0.5,0.0
d71f453b085811ebbd5bac1f6bf848b6,ace_mmr_128,ace,mmr,0.0,0.0,0.0,0.0,0.6957,0.5,115.0,0.5,0.0
2de71a8a0bda11eba7f7acde48001122,ace_mmr_128,ace,mmr,0.0,0.0,0.0,0.0,0.3878,0.5,98.0,0.5,0.0
cee7790e08cc11ebbd93ac1f6bf848b6,ace_mmr_128,ace,mmr,0.0,0.0,0.0,0.0,0.7578,0.5,128.0,0.5,0.0
623ea4080bb011ebab90acde48001122,ace_mmr_128,ace,mmr,0.0,0.0,0.0,0.4286,0.5755,0.5,106.0,0.5,0.0
8d9bf1c80bb011ebab90acde48001122,ace_mmr_128,ace,mmr,0.0,0.0,0.0,0.5,0.5514,0.5,107.0,0.5,0.0
572c3827088311ebbd6dac1f6bf848b6,ace_mmr_128,ace,mmr,1.0,1.0,0.0,0.5,0.7244,0.5,127.0,0.5,0.0
b1e64cc60bd911eba7f7acde48001122,ace_mmr_128,ace,mmr,0.0,0.0,0.0,0.0,0.2632,0.5,95.0,0.5,0.0
0b9a520108c211ebbd8bac1f6bf848b6,ace_mmr_128,ace,mmr,1.0,1.0,1.0,1.0,0.336,0.25,125.0,0.5,0.0
04e9521d088b11ebbd6fac1f6bf848b6,ace_mmr_128,ace,mmr,0.0,0.0,1.0,1.0,0.6349,1.0,126.0,1.0,1.0
8522d9b2092011ebbdaeac1f6bf848b6,ace_mmr_128,ace,mmr,1.0,1.0,1.0,1.0,0.5446,1.0,112.0,1.0,1.0
ec697d900bda11eba7f7acde48001122,ace_mmr_128,ace,mmr,0.0,0.4,0.0,0.3333,0.5044,0.5,113.0,0.5,0.0
950bd11a090f11ebbdadac1f6bf848b6,ace_mmr_128,ace,mmr,0.0,0.0,1.0,1.0,0.7719,1.0,114.0,1.0,1.0
c1b9c0ac0bdd11eba7f7acde48001122,ace_mmr_128,ace,mmr,0.0,0.5,0.0,0.0,0.7615,0.5,109.0,0.5,0.0
d2c47e1008df11ebbda1ac1f6bf848b6,ace_mmr_128,ace,mmr,1.0,1.0,1.0,1.0,0.3386,0.5,127.0,0.5,0.0
7b2bf8fc0bd911eba7f7acde48001122,ace_mmr_128,ace,mmr,0.0,0.0,0.0,0.0,0.7217,0.5,115.0,1.0,1.0
b5ccab240bdd11eba7f7acde48001122,ace_mmr_128,ace,mmr,0.0,0.5,0.0,0.3333,0.5081,0.5,124.0,0.5,0.0
6a70f6f80bb011ebab90acde48001122,ace_mmr_128,ace,mmr,0.0,0.0,0.0,0.0,0.3945,0.5,109.0,0.5,0.0
1f9e4658084f11ebbd56ac1f6bf848b6,ace_mmr_128,ace,mmr,0.0,0.0,1.0,1.0,0.5385,0.5,117.0,0.5,0.0
5caef2f8096411ebbdafac1f6bf848b6,ace_mmr_128,ace,mmr,0.0,0.0,1.0,1.0,0.6273,1.0,110.0,1.0,1.0
b081e08408e111ebbda3ac1f6bf848b6,ace_mmr_128,ace,mmr,1.0,1.0,1.0,1.0,0.5312,0.5,128.0,0.5,0.0
f113f24e08ad11ebbd83ac1f6bf848b6,ace_mmr_128,ace,mmr,0.0,0.0,1.0,1.0,0.65,0.5,120.0,0.75,0.0
a6d397ea0bdd11eba7f7acde48001122,ace_mmr_128,ace,mmr,0.0,0.0,0.0,0.0,0.0,0.0,125.0,0.5,0.0
04a065a60bde11eba7f7acde48001122,ace_mmr_128,ace,mmr,0.0,0.6667,1.0,1.0,0.7188,1.0,128.0,1.0,1.0
534fbfd00bd911eba7f7acde48001122,ace_mmr_128,ace,mmr,0.0,0.0,0.0,0.0,0.2586,0.5,116.0,1.0,1.0
286461f808ba11ebbd88ac1f6bf848b6,ace_mmr_128,ace,mmr,0.0,0.0,1.0,1.0,0.6667,1.0,108.0,1.0,1.0
2fa40dae0bdc11eba7f7acde48001122,ace_mmr_128,ace,mmr,0.0,0.0,0.0,0.0,0.2143,0.5,98.0,0.5,0.0
a19ca5c80bdd11eba7f7acde48001122,ace_mmr_128,ace,mmr,0.0,0.0,1.0,1.0,0.1803,0.5,122.0,0.5,0.0
6a807fc40bb011ebab90acde48001122,ace_mmr_128,ace,mmr,0.0,0.0,0.0,0.4,0.7526,0.5,97.0,0.5,0.0
1118315c0bdd11eba7f7acde48001122,ace_mmr_128,ace,mmr,0.0,0.0,0.0,0.0,0.4037,0.5,109.0,0.5,0.0
185a906e0bdc11eba7f7acde48001122,ace_mmr_128,ace,mmr,0.0,0.0,0.0,0.5,0.2421,0.5,95.0,0.5,0.0
77f4e0140bb011ebab90acde48001122,ace_mmr_128,ace,mmr,0.0,0.0,0.0,0.0,0.3071,0.5,127.0,0.5,0.0
2a98df6408d111ebbd95ac1f6bf848b6,ace_mmr_128,ace,mmr,0.0,0.0,0.0,0.0,0.6296,1.0,108.0,1.0,1.0
025359200bde11eba7f7acde48001122,ace_mmr_128,ace,mmr,0.0,0.0,0.0,0.0,0.2222,0.5,108.0,0.5,0.0
bd34477e0baf11ebab90acde48001122,ace_mmr_128,ace,mmr,0.0,0.0,0.0,0.8333,0.4144,0.5,111.0,1.0,1.0
6a8a71280bb011ebab90acde48001122,ace_mmr_128,ace,mmr,0.0,0.2857,0.0,0.5,0.3492,0.5,126.0,0.5,0.0
ef9cbeca0bdd11eba7f7acde48001122,ace_mmr_128,ace,mmr,0.0,0.5,1.0,1.0,0.7559,1.0,127.0,1.0,1.0
c218a802090711ebbdadac1f6bf848b6,ace_mmr_128,ace,mmr,0.0,0.0,0.0,0.0,0.6378,0.5,127.0,1.0,1.0
f94832c408b811ebbd88ac1f6bf848b6,ace_mmr_128,ace,mmr,1.0,1.0,1.0,1.0,0.2869,0.25,122.0,0.25,0.0
8d2382e0085811ebbd5aac1f6bf848b6,ace_mmr_128,ace,mmr,0.0,0.0,1.0,1.0,0.2294,0.5,109.0,1.0,1.0
86fb31260bdd11eba7f7acde48001122,ace_mmr_128,ace,mmr,0.0,0.0,0.0,0.0,0.3852,0.5,122.0,1.0,1.0
18c0ccb1086911ebbd5eac1f6bf848b6,ace_mmr_128,ace,mmr,1.0,1.0,1.0,1.0,0.5738,1.0,122.0,1.0,1.0
e6f8d00a089611ebbd76ac1f6bf848b6,ace_mmr_128,ace,mmr,0.0,0.0,0.0,0.0,0.6261,1.0,115.0,1.0,1.0
8919fb50085311ebbd59ac1f6bf848b6,ace_mmr_128,ace,mmr,0.0,0.0,1.0,1.0,0.7377,1.0,122.0,1.0,1.0
d5a61878086b11ebbd60ac1f6bf848b6,ace_mmr_128,ace,mmr,1.0,1.0,1.0,1.0,0.6207,1.0,116.0,1.0,1.0
f6973183085a11ebbd5cac1f6bf848b6,ace_mmr_128,ace,mmr,0.0,0.0,1.0,1.0,0.5703,0.5,128.0,0.5,0.0
fc031d360baf11ebab90acde48001122,ace_mmr_128,ace,mmr,0.0,0.2,0.0,0.2,0.2742,0.5,124.0,0.5,0.0
e5c738900bdc11eba7f7acde48001122,ace_mmr_128,ace,mmr,0.0,0.6667,1.0,1.0,0.6583,1.0,120.0,1.0,1.0
6b466508097711ebbdb0ac1f6bf848b6,ace_mmr_128,ace,mmr,0.0,0.0,0.0,0.0,0.7087,1.0,127.0,1.0,1.0
46bd0bd6087511ebbd67ac1f6bf848b6,ace_mmr_128,ace,mmr,1.0,1.0,1.0,1.0,0.7255,0.5,102.0,0.5,0.0
d1bdbdbe087711ebbd67ac1f6bf848b6,ace_mmr_128,ace,mmr,0.0,0.0,0.0,0.0,0.6271,0.25,118.0,0.5,0.0
6152f66c08df11ebbda0ac1f6bf848b6,ace_mmr_128,ace,mmr,1.0,1.0,0.0,0.0,0.4182,0.25,110.0,0.5,0.0
98a3e5e9089111ebbd73ac1f6bf848b6,ace_mmr_128,ace,mmr,1.0,1.0,0.0,0.0,0.1048,0.25,124.0,0.5,0.0
6946f8d20baf11ebab90acde48001122,ace_mmr_128,ace,mmr,0.0,0.0,0.0,0.3333,0.5,0.5,120.0,0.5,0.0
3d4662300bb011ebab90acde48001122,ace_mmr_128,ace,mmr,0.0,0.2857,1.0,1.0,0.537,0.5,108.0,0.5,0.0
c504923408fe11ebbdadac1f6bf848b6,ace_mmr_128,ace,mmr,0.0,0.6667,1.0,1.0,0.6667,1.0,117.0,1.0,1.0
922a629c0bb011ebab90acde48001122,ace_mmr_128,ace,mmr,0.0,0.0,0.0,0.6,0.3629,0.5,124.0,0.5,0.0
0e967bac08a711ebbd7fac1f6bf848b6,ace_mmr_128,ace,mmr,0.0,0.2857,1.0,1.0,0.375,0.5,120.0,0.5,0.0
c1aa9b640bdc11eba7f7acde48001122,ace_mmr_128,ace,mmr,0.0,0.0,0.0,0.0,0.3772,0.5,114.0,0.5,0.0
dba424900baf11ebab90acde48001122,ace_mmr_128,ace,mmr,0.0,0.0,0.0,0.3333,0.256,0.5,125.0,0.5,0.0
f4cc9d4908b311ebbd86ac1f6bf848b6,ace_mmr_128,ace,mmr,0.0,0.0,1.0,1.0,0.5739,0.5,115.0,0.5,0.0
6b850e0e0baf11ebab90acde48001122,ace_mmr_128,ace,mmr,0.0,0.2857,1.0,1.0,0.7951,1.0,122.0,1.0,1.0
abce7ee208b111ebbd85ac1f6bf848b6,ace_mmr_128,ace,mmr,1.0,1.0,1.0,1.0,0.4426,0.5,122.0,0.5,0.0
6615041e0bb011ebab90acde48001122,ace_mmr_128,ace,mmr,0.0,0.0,0.0,0.3333,0.2315,0.5,108.0,0.5,0.0
dc4754a80bdc11eba7f7acde48001122,ace_mmr_128,ace,mmr,0.0,0.0,0.0,0.0,1.0,0.5,113.0,1.0,1.0
6bd86dd4087f11ebbd6bac1f6bf848b6,ace_mmr_128,ace,mmr,1.0,1.0,0.0,0.0,0.5088,0.25,114.0,0.5,0.0
98ab6cfe08c411ebbd8eac1f6bf848b6,ace_mmr_128,ace,mmr,0.0,0.0,1.0,1.0,0.475,0.5,120.0,0.5,0.0
c30b9f8108b211ebbd85ac1f6bf848b6,ace_mmr_128,ace,mmr,1.0,1.0,1.0,1.0,0.569,1.0,116.0,1.0,1.0
49e0153808ac11ebbd82ac1f6bf848b6,ace_mmr_128,ace,mmr,0.0,0.0,0.0,0.0,0.2368,0.25,114.0,0.5,0.0
2fcc3e3e0bda11eba7f7acde48001122,ace_mmr_128,ace,mmr,0.0,0.0,0.0,0.0,0.708,1.0,113.0,1.0,1.0
8a6610400bda11eba7f7acde48001122,ace_mmr_128,ace,mmr,0.0,0.0,0.0,0.0,0.3684,0.5,114.0,0.5,0.0
e172d3b20baf11ebab90acde48001122,ace_mmr_128,ace,mmr,0.0,0.0,0.0,0.0,0.3828,0.5,128.0,1.0,1.0
c365be0608ae11ebbd83ac1f6bf848b6,ace_mmr_128,ace,mmr,1.0,1.0,0.0,0.0,0.3866,0.5,119.0,1.0,1.0
a9406286088d11ebbd70ac1f6bf848b6,ace_mmr_128,ace,mmr,1.0,1.0,1.0,1.0,0.5703,0.5,128.0,0.5,0.0
6b84004a0baf11ebab90acde48001122,ace_mmr_128,ace,mmr,0.0,0.0,0.0,0.4,0.4412,0.5,102.0,0.5,0.0
caa0a77908ac11ebbd83ac1f6bf848b6,ace_mmr_128,ace,mmr,1.0,1.0,0.0,0.0,0.6328,0.25,128.0,0.5,0.0
63a51a37096711ebbdafac1f6bf848b6,ace_mmr_128,ace,mmr,1.0,1.0,1.0,1.0,0.4274,1.0,117.0,1.0,1.0
647eba07088f11ebbd72ac1f6bf848b6,ace_mmr_128,ace,mmr,0.0,0.0,1.0,1.0,0.6373,0.5,102.0,1.0,1.0
6e765ee508f611ebbdaaac1f6bf848b6,ace_mmr_128,ace,mmr,1.0,1.0,1.0,1.0,0.5156,1.0,128.0,1.0,1.0
dc6e054e0baf11ebab90acde48001122,ace_mmr_128,ace,mmr,0.0,0.0,0.0,0.0,0.2812,0.5,128.0,0.5,0.0
5c82bfe20bdb11eba7f7acde48001122,ace_mmr_128,ace,mmr,0.0,0.0,0.0,0.0,0.8583,1.0,120.0,1.0,1.0
47a59362091411ebbdadac1f6bf848b6,ace_mmr_128,ace,mmr,1.0,1.0,1.0,1.0,0.371,1.0,124.0,1.0,1.0
5bab48ec0bda11eba7f7acde48001122,ace_mmr_128,ace,mmr,0.0,0.0,0.0,0.0,0.354,0.5,113.0,0.5,0.0
d3c779240bdd11eba7f7acde48001122,ace_mmr_128,ace,mmr,0.0,0.0,0.0,0.0,0.25,0.5,108.0,1.0,1.0
57e0ae020bb011ebab90acde48001122,ace_mmr_128,ace,mmr,0.0,0.6154,0.0,0.7143,0.4375,0.5,112.0,1.0,1.0
9e2fc7ef08c711ebbd91ac1f6bf848b6,ace_mmr_128,ace,mmr,0.0,0.0,0.0,0.0,0.312,0.5,125.0,0.5,0.0
be9369c80bdd11eba7f7acde48001122,ace_mmr_128,ace,mmr,0.0,0.0,0.0,0.0,0.2708,0.5,96.0,0.5,0.0
abaff0940bdb11eba7f7acde48001122,ace_mmr_128,ace,mmr,0.0,0.0,0.0,0.0,0.4706,0.5,119.0,0.5,0.0
09aa4e1a0bdc11eba7f7acde48001122,ace_mmr_128,ace,mmr,0.0,0.0,0.0,0.0,0.424,0.5,125.0,0.5,0.0
e4e02a240bda11eba7f7acde48001122,ace_mmr_128,ace,mmr,0.0,0.0,0.0,0.5,0.1982,0.5,111.0,0.5,0.0
fc9d859008a011ebbd78ac1f6bf848b6,ace_mmr_128,ace,mmr,0.0,0.0,1.0,1.0,0.5565,1.0,124.0,1.0,1.0
3c3204c8084d11ebbd56ac1f6bf848b6,ace_mmr_128,ace,mmr,0.0,0.0,1.0,1.0,0.4237,0.5,118.0,0.5,0.0
d5bf657c0bdb11eba7f7acde48001122,ace_mmr_128,ace,mmr,1.0,1.0,1.0,1.0,0.72,1.0,125.0,1.0,1.0
f4aa6595093611ebbdaeac1f6bf848b6,ace_mmr_128,ace,mmr,0.0,0.0,0.0,0.3333,0.1811,0.5,127.0,1.0,1.0
5a34b04e0bd911eba7f7acde48001122,ace_mmr_128,ace,mmr,0.0,0.0,0.0,0.0,0.3667,0.5,120.0,0.5,0.0
1a3bb74508dc11ebbd9cac1f6bf848b6,ace_mmr_128,ace,mmr,0.0,0.0,1.0,1.0,0.7982,0.5,114.0,0.75,0.0
8031698e0bdb11eba7f7acde48001122,ace_mmr_128,ace,mmr,0.0,0.0,0.0,0.0,0.438,0.5,121.0,1.0,1.0
637434540bde11eba7f7acde48001122,ace_mmr_128,ace,mmr,1.0,1.0,1.0,1.0,0.2213,0.5,122.0,0.5,0.0
943b50b20bda11eba7f7acde48001122,ace_mmr_128,ace,mmr,0.0,0.0,0.0,0.0,0.4,0.5,100.0,0.5,0.0
736afe9e0baf11ebab90acde48001122,ace_mmr_128,ace,mmr,0.0,0.0,0.0,0.5,0.3947,0.5,114.0,0.5,0.0
fb6ff1e20bdb11eba7f7acde48001122,ace_mmr_128,ace,mmr,0.0,0.0,0.0,0.0,0.2742,0.5,124.0,0.5,0.0
42dac74c089311ebbd74ac1f6bf848b6,ace_mmr_128,ace,mmr,0.0,0.2,1.0,1.0,0.6719,0.5,128.0,0.5,0.0
1407903b089d11ebbd78ac1f6bf848b6,ace_mmr_128,ace,mmr,1.0,1.0,1.0,1.0,0.3984,0.5,128.0,1.0,1.0
c4fd6fe80bdd11eba7f7acde48001122,ace_mmr_128,ace,mmr,0.0,0.0,0.0,0.0,0.0,0.0,98.0,0.5,0.0
4de007f40bdd11eba7f7acde48001122,ace_mmr_128,ace,mmr,0.0,0.0,0.0,0.6667,0.3171,0.5,123.0,0.5,0.0
5ead80ee0baf11ebab90acde48001122,ace_mmr_128,ace,mmr,0.0,0.4,0.0,0.5,0.3097,0.5,113.0,1.0,1.0
a27849740bd911eba7f7acde48001122,ace_mmr_128,ace,mmr,0.0,0.0,0.0,0.0,0.0,0.0,99.0,0.5,0.0
2b871cac0bdc11eba7f7acde48001122,ace_mmr_128,ace,mmr,0.0,0.0,0.0,0.0,0.4444,0.5,126.0,0.5,0.0
e2e9a9560bdb11eba7f7acde48001122,ace_mmr_128,ace,mmr,0.0,0.0,0.0,0.0,0.0945,0.5,127.0,0.5,0.0
ffee28d80bae11ebab90acde48001122,ace_mmr_128,ace,mmr,0.0,0.0,0.0,0.3333,0.521,0.5,119.0,1.0,1.0
972ecece08ef11ebbda8ac1f6bf848b6,ace_mmr_128,ace,mmr,1.0,1.0,0.0,0.0,0.4219,1.0,128.0,1.0,1.0
1948b12e0bda11eba7f7acde48001122,ace_mmr_128,ace,mmr,0.0,0.0,0.0,0.0,1.0,0.5,118.0,0.5,0.0
406a4ee00bb011ebab90acde48001122,ace_mmr_128,ace,mmr,0.0,0.0,0.0,0.0,0.3077,0.5,104.0,1.0,1.0
3d1200fc0bde11eba7f7acde48001122,ace_mmr_128,ace,mmr,0.0,0.0,0.0,0.0,0.127,0.5,126.0,0.5,0.0
d1c8b2a00bdd11eba7f7acde48001122,ace_mmr_128,ace,mmr,0.0,0.0,0.0,0.0,0.4159,0.5,113.0,0.5,0.0
c400306a0bda11eba7f7acde48001122,ace_mmr_128,ace,mmr,0.0,0.5,0.0,0.5,0.3543,0.5,127.0,0.5,0.0
315872d20bde11eba7f7acde48001122,ace_mmr_128,ace,mmr,0.0,0.0,0.0,0.0,0.2755,0.5,98.0,0.5,0.0
f6e759da0bdb11eba7f7acde48001122,ace_mmr_128,ace,mmr,0.0,0.0,0.0,0.0,0.0,0.0,124.0,0.5,0.0
c0409500088f11ebbd72ac1f6bf848b6,ace_mmr_128,ace,mmr,0.0,0.0,0.0,0.0,0.6286,1.0,105.0,1.0,1.0
138a34f80bdd11eba7f7acde48001122,ace_mmr_128,ace,mmr,0.0,0.0,0.0,0.0,0.3833,0.5,120.0,0.5,0.0
2d94661c0bdc11eba7f7acde48001122,ace_mmr_128,ace,mmr,0.0,0.0,0.0,0.0,0.5,0.5,128.0,0.5,0.0
aa72cb6a0baf11ebab90acde48001122,ace_mmr_128,ace,mmr,0.0,0.2857,0.0,0.3333,0.4,0.5,120.0,0.5,0.0
e6998c7e08de11ebbd9fac1f6bf848b6,ace_mmr_128,ace,mmr,1.0,1.0,1.0,1.0,0.3689,0.5,122.0,0.5,0.0
eded9bbf08de11ebbd9fac1f6bf848b6,ace_mmr_128,ace,mmr,0.0,0.0,0.0,0.3333,0.1513,0.25,119.0,0.25,0.0
6ae076e40bde11eba7f7acde48001122,ace_mmr_128,ace,mmr,0.0,0.0,0.0,0.0,0.6106,1.0,113.0,1.0,1.0
a380ab7c08b911ebbd88ac1f6bf848b6,ace_mmr_128,ace,mmr,1.0,1.0,1.0,1.0,0.561,1.0,123.0,1.0,1.0
df3ab4560bdd11eba7f7acde48001122,ace_mmr_128,ace,mmr,0.0,0.0,0.0,0.0,0.6639,0.5,122.0,1.0,1.0
df4b96e7087111ebbd63ac1f6bf848b6,ace_mmr_128,ace,mmr,0.0,0.0,0.0,0.3333,0.2895,0.25,114.0,0.25,0.0
faedda9a0bdb11eba7f7acde48001122,ace_mmr_128,ace,mmr,0.0,0.0,0.0,0.5,0.624,0.5,125.0,1.0,1.0
50bd90820bdc11eba7f7acde48001122,ace_mmr_128,ace,mmr,0.0,0.0,1.0,1.0,0.7426,1.0,101.0,1.0,1.0
c01738e20bdd11eba7f7acde48001122,ace_mmr_128,ace,mmr,0.0,0.0,0.0,0.0,0.075,0.5,120.0,1.0,1.0
3c0091600bde11eba7f7acde48001122,ace_mmr_128,ace,mmr,0.0,0.0,0.0,0.0,0.464,1.0,125.0,1.0,1.0
1b9c91660bda11eba7f7acde48001122,ace_mmr_128,ace,mmr,1.0,1.0,1.0,1.0,0.6525,1.0,118.0,1.0,1.0
bd4901b0085e11ebbd5cac1f6bf848b6,ace_mmr_128,ace,mmr,1.0,1.0,1.0,1.0,0.8273,1.0,110.0,1.0,1.0
a7419bf3092e11ebbdaeac1f6bf848b6,ace_mmr_128,ace,mmr,1.0,1.0,1.0,1.0,0.3438,1.0,128.0,1.0,1.0
fa960b58085911ebbd5bac1f6bf848b6,ace_mmr_128,ace,mmr,0.0,0.0,0.0,0.0,0.189,0.5,127.0,1.0,1.0
582deca408bc11ebbd88ac1f6bf848b6,ace_mmr_128,ace,mmr,0.0,0.0,1.0,1.0,0.4435,0.5,124.0,0.5,0.0
a5bd56fc0bdd11eba7f7acde48001122,ace_mmr_128,ace,mmr,0.0,0.0,0.0,0.0,0.6126,1.0,111.0,1.0,1.0
6d392be40bdd11eba7f7acde48001122,ace_mmr_128,ace,mmr,1.0,1.0,1.0,1.0,0.719,1.0,121.0,1.0,1.0
33d4446c087511ebbd67ac1f6bf848b6,ace_mmr_128,ace,mmr,0.0,0.0,0.0,0.0,0.2185,0.25,119.0,0.5,0.0
881866100baf11ebab90acde48001122,ace_mmr_128,ace,mmr,0.0,0.0,0.0,0.0,0.2232,0.5,112.0,0.5,0.0
7d88d84d08bc11ebbd88ac1f6bf848b6,ace_mmr_128,ace,mmr,0.0,0.0,1.0,1.0,0.5378,0.5,119.0,0.5,0.0
4d3c252e0bda11eba7f7acde48001122,ace_mmr_128,ace,mmr,0.0,0.0,0.0,0.0,0.5424,0.5,118.0,1.0,1.0
9e0009f60baf11ebab90acde48001122,ace_mmr_128,ace,mmr,0.0,0.0,0.0,0.3333,0.0,0.0,108.0,0.5,0.0
b8133a100bdd11eba7f7acde48001122,ace_mmr_128,ace,mmr,0.0,0.0,0.0,0.0,0.475,0.5,120.0,1.0,1.0
61082d440bdc11eba7f7acde48001122,ace_mmr_128,ace,mmr,0.0,0.0,0.0,0.0,0.3465,0.5,101.0,0.5,0.0
6ea141020baf11ebab90acde48001122,ace_mmr_128,ace,mmr,0.0,0.0,0.0,0.5,0.395,0.5,119.0,0.5,0.0
d759ab480bdd11eba7f7acde48001122,ace_mmr_128,ace,mmr,0.0,0.0,0.0,0.0,1.0,0.5,122.0,1.0,1.0
2e7a589e085211ebbd58ac1f6bf848b6,ace_mmr_128,ace,mmr,0.0,0.0,0.0,0.0,0.7479,0.5,119.0,0.5,0.0
e85d87f4095111ebbdaeac1f6bf848b6,ace_mmr_128,ace,mmr,0.0,0.0,1.0,1.0,0.6667,1.0,126.0,1.0,1.0
9a339d60099011ebbdb0ac1f6bf848b6,ace_mmr_128,ace,mmr,0.0,0.0,0.0,0.0,0.4409,1.0,127.0,1.0,1.0
5d6e00200bda11eba7f7acde48001122,ace_mmr_128,ace,mmr,1.0,1.0,1.0,1.0,0.4,1.0,120.0,1.0,1.0
2efc2c3b08bf11ebbd8aac1f6bf848b6,ace_mmr_128,ace,mmr,1.0,1.0,1.0,1.0,0.4146,0.5,123.0,0.5,0.0
0926667308d011ebbd95ac1f6bf848b6,ace_mmr_128,ace,mmr,1.0,1.0,1.0,1.0,0.5847,1.0,118.0,1.0,1.0
8f3945d8098111ebbdb0ac1f6bf848b6,ace_mmr_128,ace,mmr,1.0,1.0,1.0,1.0,0.678,1.0,118.0,1.0,1.0
5e8240ea0bdd11eba7f7acde48001122,ace_mmr_128,ace,mmr,0.0,0.0,0.0,0.0,0.224,0.5,125.0,0.5,0.0
36ec2b3a086411ebbd5eac1f6bf848b6,ace_mmr_128,ace,mmr,1.0,1.0,1.0,1.0,0.469,0.5,113.0,0.5,0.0
53175e86086b11ebbd5fac1f6bf848b6,ace_mmr_128,ace,mmr,0.0,0.0,0.0,0.3333,0.0826,0.5,121.0,1.0,1.0
66d8f7560bde11eba7f7acde48001122,ace_mmr_128,ace,mmr,0.0,0.0,0.0,0.0,0.168,0.5,125.0,0.5,0.0
a9755ea508a711ebbd7fac1f6bf848b6,ace_mmr_128,ace,mmr,0.0,0.0,1.0,1.0,1.0,0.5,128.0,0.5,0.0
6a8b28c00bb011ebab90acde48001122,ace_mmr_128,ace,mmr,1.0,1.0,1.0,1.0,1.0,1.0,122.0,1.0,1.0
43a949ae0bdc11eba7f7acde48001122,ace_mmr_128,ace,mmr,0.0,0.0,0.0,0.0,0.4215,0.5,121.0,0.5,0.0
b9cb67da092b11ebbdaeac1f6bf848b6,ace_mmr_128,ace,mmr,0.0,0.0,1.0,1.0,0.4783,1.0,115.0,1.0,1.0
5390f39c086d11ebbd61ac1f6bf848b6,ace_mmr_128,ace,mmr,1.0,1.0,1.0,1.0,1.0,1.0,122.0,1.0,1.0
d370f0b0085711ebbd5aac1f6bf848b6,ace_mmr_128,ace,mmr,1.0,1.0,1.0,1.0,0.7264,0.5,106.0,0.5,0.0
adcdb9440bd911eba7f7acde48001122,ace_mmr_128,ace,mmr,1.0,1.0,1.0,1.0,0.6897,1.0,116.0,1.0,1.0
1db17ce108a711ebbd7fac1f6bf848b6,ace_mmr_128,ace,mmr,1.0,1.0,1.0,1.0,0.3966,0.5,116.0,0.5,0.0
177e0eda0bde11eba7f7acde48001122,ace_mmr_128,ace,mmr,0.0,0.0,0.0,0.0,0.464,0.5,125.0,0.5,0.0
9da14ff1086311ebbd5eac1f6bf848b6,ace_mmr_128,ace,mmr,0.0,0.0,0.0,0.5,0.8047,1.0,128.0,1.0,1.0
2f10177608d911ebbd9cac1f6bf848b6,ace_mmr_128,ace,mmr,1.0,1.0,1.0,1.0,0.6532,1.0,124.0,1.0,1.0
b52a4d7e0bd911eba7f7acde48001122,ace_mmr_128,ace,mmr,0.0,0.0,0.0,0.0,0.2174,0.5,115.0,1.0,1.0
6dd9acf20bda11eba7f7acde48001122,ace_mmr_128,ace,mmr,0.0,0.0,0.0,0.0,0.1443,0.5,97.0,0.5,0.0
3f635554096511ebbdafac1f6bf848b6,ace_mmr_128,ace,mmr,0.0,0.0,0.0,0.0,0.3089,0.5,123.0,1.0,1.0
8c12ceba0bda11eba7f7acde48001122,ace_mmr_128,ace,mmr,0.0,0.0,0.0,0.0,0.272,0.5,125.0,0.5,0.0
8c1162a5086111ebbd5dac1f6bf848b6,ace_mmr_128,ace,mmr,1.0,1.0,0.0,0.0,0.359,0.5,117.0,1.0,1.0
0585c9aa087f11ebbd6bac1f6bf848b6,ace_mmr_128,ace,mmr,0.0,0.0,1.0,1.0,0.1797,0.25,128.0,0.5,0.0
b8407b060bdd11eba7f7acde48001122,ace_mmr_128,ace,mmr,0.0,0.0,0.0,0.0,0.5586,0.5,111.0,0.5,0.0
07b62dea0baf11ebab90acde48001122,ace_mmr_128,ace,mmr,0.0,0.4444,0.0,0.5,0.7008,0.5,127.0,1.0,1.0
fb95c0000bdd11eba7f7acde48001122,ace_mmr_128,ace,mmr,0.0,0.0,0.0,0.0,0.3008,0.5,123.0,0.5,0.0
e1abbba9098a11ebbdb0ac1f6bf848b6,ace_mmr_128,ace,mmr,0.0,0.0,0.0,0.0,0.3417,1.0,120.0,1.0,1.0
fbf8fd9e0bda11eba7f7acde48001122,ace_mmr_128,ace,mmr,0.0,0.0,1.0,1.0,0.3203,0.5,128.0,1.0,1.0
636fc8380bde11eba7f7acde48001122,ace_mmr_128,ace,mmr,0.0,0.0,0.0,0.3333,0.5505,0.5,109.0,0.5,0.0
0c97f4720bde11eba7f7acde48001122,ace_mmr_128,ace,mmr,0.0,0.0,0.0,0.0,0.2101,0.5,119.0,1.0,1.0
36787917086811ebbd5eac1f6bf848b6,ace_mmr_128,ace,mmr,1.0,1.0,1.0,1.0,0.6905,1.0,126.0,1.0,1.0
519aee780baf11ebab90acde48001122,ace_mmr_128,ace,mmr,0.0,0.0,0.0,0.25,0.3333,0.5,111.0,0.5,0.0
6a81117708f311ebbdaaac1f6bf848b6,ace_mmr_128,ace,mmr,1.0,1.0,1.0,1.0,0.25,0.5,124.0,1.0,1.0
0105676c0bdd11eba7f7acde48001122,ace_mmr_128,ace,mmr,0.0,0.0,0.0,0.0,0.4103,0.5,117.0,1.0,1.0
73c53c9809a111ebbdb0ac1f6bf848b6,ace_mmr_128,ace,mmr,0.0,0.0,1.0,1.0,0.7016,1.0,124.0,1.0,1.0
7416106b090f11ebbdadac1f6bf848b6,ace_mmr_128,ace,mmr,1.0,1.0,1.0,1.0,0.4103,1.0,117.0,1.0,1.0
3a1dbb720bdc11eba7f7acde48001122,ace_mmr_128,ace,mmr,0.0,0.0,0.0,0.3333,0.2422,0.5,128.0,0.5,0.0
ebbf5ec608da11ebbd9cac1f6bf848b6,ace_mmr_128,ace,mmr,1.0,1.0,1.0,1.0,0.547,1.0,117.0,1.0,1.0
3972d2b60baf11ebab90acde48001122,ace_mmr_128,ace,mmr,0.0,0.0,0.0,0.0,0.3333,0.5,120.0,0.5,0.0
3adb8a740bde11eba7f7acde48001122,ace_mmr_128,ace,mmr,0.0,0.0,0.0,0.0,0.4956,0.5,113.0,1.0,1.0
13e2f86c0bde11eba7f7acde48001122,ace_mmr_128,ace,mmr,0.0,0.0,0.0,0.0,0.368,0.5,125.0,0.5,0.0
d7af391708bb11ebbd88ac1f6bf848b6,ace_mmr_128,ace,mmr,0.0,0.0,0.0,0.0,0.5726,0.5,124.0,0.5,0.0
c2b303ae08c411ebbd8eac1f6bf848b6,ace_mmr_128,ace,mmr,1.0,1.0,1.0,1.0,0.4818,0.5,110.0,0.5,0.0
db10aea20bd911eba7f7acde48001122,ace_mmr_128,ace,mmr,0.0,0.0,0.0,0.0,0.392,0.5,125.0,0.5,0.0
7a93fcee0bdb11eba7f7acde48001122,ace_mmr_128,ace,mmr,0.0,0.0,0.0,0.0,0.4219,0.5,128.0,0.5,0.0
05be9a0c0bde11eba7f7acde48001122,ace_mmr_128,ace,mmr,0.0,0.0,0.0,0.0,0.2623,0.5,122.0,0.5,0.0
091c13b20bdb11eba7f7acde48001122,ace_mmr_128,ace,mmr,0.0,0.0,0.0,0.0,0.3898,0.5,118.0,0.5,0.0
09b198a80bde11eba7f7acde48001122,ace_mmr_128,ace,mmr,0.0,0.5,1.0,1.0,1.0,1.0,125.0,1.0,1.0
c827468a0bdd11eba7f7acde48001122,ace_mmr_128,ace,mmr,0.0,0.0,0.0,0.6667,0.3874,0.5,111.0,0.5,0.0
70f54a060bb011ebab90acde48001122,ace_mmr_128,ace,mmr,0.0,0.0,1.0,1.0,0.5,1.0,128.0,1.0,1.0
30e19d9008d611ebbd98ac1f6bf848b6,ace_mmr_128,ace,mmr,1.0,1.0,0.0,0.0,0.7734,1.0,128.0,1.0,1.0
43208df60bde11eba7f7acde48001122,ace_mmr_128,ace,mmr,0.0,0.0,0.0,0.0,0.5091,0.5,110.0,0.5,0.0
5d0eadd80bde11eba7f7acde48001122,ace_mmr_128,ace,mmr,0.0,0.0,0.0,0.0,0.8067,1.0,119.0,1.0,1.0
9284e77d08f811ebbdaaac1f6bf848b6,ace_mmr_128,ace,mmr,1.0,1.0,0.0,0.5,0.7642,0.5,123.0,1.0,1.0
94eba4ce0bdc11eba7f7acde48001122,ace_mmr_128,ace,mmr,0.0,0.0,0.0,0.0,0.4677,0.5,124.0,0.5,0.0
29427eea0bdd11eba7f7acde48001122,ace_mmr_128,ace,mmr,1.0,1.0,0.0,0.0,1.0,1.0,121.0,1.0,1.0
62a9691e0bb011ebab90acde48001122,ace_mmr_128,ace,mmr,0.0,0.0,0.0,0.4,0.392,0.5,125.0,0.5,0.0
cfc0d3e80bdd11eba7f7acde48001122,ace_mmr_128,ace,mmr,0.0,0.0,1.0,1.0,0.5276,1.0,127.0,1.0,1.0
76708e6a08b211ebbd85ac1f6bf848b6,ace_mmr_128,ace,mmr,0.0,0.0,0.0,0.0,0.5041,0.5,123.0,1.0,1.0
819dbb7a08d811ebbd9cac1f6bf848b6,ace_mmr_128,ace,mmr,1.0,1.0,1.0,1.0,0.3496,0.5,123.0,0.5,0.0
2fee043809b111ebbdb0ac1f6bf848b6,ace_mmr_128,ace,mmr,0.0,0.0,1.0,1.0,0.5854,1.0,123.0,1.0,1.0
39d43b7d08ae11ebbd83ac1f6bf848b6,ace_mmr_128,ace,mmr,1.0,1.0,1.0,1.0,0.576,0.5,125.0,0.5,0.0
aef6771208b311ebbd86ac1f6bf848b6,ace_mmr_128,ace,mmr,1.0,1.0,1.0,1.0,0.7222,0.5,126.0,0.5,0.0
0cc33f200bdd11eba7f7acde48001122,ace_mmr_128,ace,mmr,0.0,0.0,0.0,0.3333,0.3036,0.5,112.0,0.5,0.0
8d1e4c000bdd11eba7f7acde48001122,ace_mmr_128,ace,mmr,1.0,1.0,1.0,1.0,0.3984,0.5,123.0,1.0,1.0
d61d3fd20bd911eba7f7acde48001122,ace_mmr_128,ace,mmr,0.0,0.0,0.0,0.0,0.168,0.5,125.0,0.5,0.0
0db2574e0bde11eba7f7acde48001122,ace_mmr_128,ace,mmr,0.0,0.0,0.0,0.0,0.4068,0.5,118.0,0.5,0.0
48b1e7660bb011ebab90acde48001122,ace_mmr_128,ace,mmr,0.0,0.0,0.0,0.25,0.8359,1.0,128.0,1.0,1.0
004430780bde11eba7f7acde48001122,ace_mmr_128,ace,mmr,1.0,1.0,1.0,1.0,0.469,0.5,113.0,1.0,1.0
fd4096540bd911eba7f7acde48001122,ace_mmr_128,ace,mmr,0.0,0.0,0.0,0.0,0.4655,0.5,116.0,0.5,0.0
1e4d9f2008ff11ebbdadac1f6bf848b6,ace_mmr_128,ace,mmr,0.0,0.0,1.0,1.0,0.5469,1.0,128.0,1.0,1.0
0e161d6c084e11ebbd56ac1f6bf848b6,ace_mmr_128,ace,mmr,0.0,0.0,0.0,0.0,0.4952,0.5,105.0,0.5,0.0
fe41a8aa0bdd11eba7f7acde48001122,ace_mmr_128,ace,mmr,0.0,0.0,0.0,0.0,0.0,0.0,126.0,0.5,0.0
db371cbb088011ebbd6dac1f6bf848b6,ace_mmr_128,ace,mmr,0.0,0.0,0.0,0.0,0.2797,1.0,118.0,1.0,1.0
505a04cc0baf11ebab90acde48001122,ace_mmr_128,ace,mmr,0.0,0.0,0.0,0.5,0.45,0.5,120.0,1.0,1.0
5cd6974c0bdc11eba7f7acde48001122,ace_mmr_128,ace,mmr,0.0,0.0,0.0,0.0,0.4766,0.5,107.0,0.5,0.0
c6fe0968091111ebbdadac1f6bf848b6,ace_mmr_128,ace,mmr,0.0,0.0,1.0,1.0,0.5667,0.5,120.0,1.0,1.0
aaaeeb220baf11ebab90acde48001122,ace_mmr_128,ace,mmr,0.0,0.0,0.0,0.25,0.5741,0.5,108.0,1.0,1.0
5029152e085d11ebbd5cac1f6bf848b6,ace_mmr_128,ace,mmr,1.0,1.0,1.0,1.0,0.6466,1.0,116.0,1.0,1.0
beaf107f089a11ebbd77ac1f6bf848b6,ace_mmr_128,ace,mmr,0.0,0.0,0.0,0.0,0.5043,1.0,115.0,1.0,1.0
0961bb2808c611ebbd90ac1f6bf848b6,ace_mmr_128,ace,mmr,0.0,0.0,0.0,0.8333,0.5403,0.5,124.0,0.5,0.0
8854559c08b911ebbd88ac1f6bf848b6,ace_mmr_128,ace,mmr,1.0,1.0,1.0,1.0,0.25,1.0,112.0,1.0,1.0
09c3e79c0bde11eba7f7acde48001122,ace_mmr_128,ace,mmr,0.0,0.0,0.0,0.0,0.2,0.5,125.0,0.5,0.0
59603ef00bdd11eba7f7acde48001122,ace_mmr_128,ace,mmr,0.0,0.0,0.0,0.0,0.7016,0.5,124.0,0.5,0.0
13c15658087311ebbd66ac1f6bf848b6,ace_mmr_128,ace,mmr,1.0,1.0,1.0,1.0,0.8704,0.5,108.0,0.5,0.0
3de5f3d60bdd11eba7f7acde48001122,ace_mmr_128,ace,mmr,1.0,1.0,0.0,0.0,0.29,0.5,100.0,0.5,0.0
08ceb92e0bda11eba7f7acde48001122,ace_mmr_128,ace,mmr,0.0,0.0,0.0,0.0,0.0,0.0,119.0,0.0,0.0
1b053aca0bdd11eba7f7acde48001122,ace_mmr_128,ace,mmr,0.0,0.0,0.0,0.0,0.2109,0.5,128.0,0.5,0.0
dfee66b608c911ebbd92ac1f6bf848b6,ace_mmr_128,ace,mmr,0.0,0.0,0.0,0.0,0.6142,0.5,127.0,1.0,1.0
23ae34720bda11eba7f7acde48001122,ace_mmr_128,ace,mmr,0.0,0.0,0.0,0.0,0.4016,0.5,127.0,0.5,0.0
91f8aeb508b811ebbd88ac1f6bf848b6,ace_mmr_128,ace,mmr,0.0,0.0,1.0,1.0,0.4083,0.25,120.0,0.25,0.0
84b2e1e708ce11ebbd94ac1f6bf848b6,ace_mmr_128,ace,mmr,0.0,0.0,1.0,1.0,0.3689,0.5,122.0,1.0,1.0
9c1de1cf08b111ebbd85ac1f6bf848b6,ace_mmr_128,ace,mmr,0.0,0.0,1.0,1.0,0.6349,1.0,126.0,1.0,1.0
4bc286620bde11eba7f7acde48001122,ace_mmr_128,ace,mmr,0.0,0.0,0.0,0.0,0.5893,0.5,112.0,1.0,1.0
b4f63414088511ebbd6dac1f6bf848b6,ace_mmr_128,ace,mmr,0.0,0.0,0.0,0.0,0.1803,0.5,122.0,1.0,1.0
5cc7e4f20bd911eba7f7acde48001122,ace_mmr_128,ace,mmr,0.0,0.0,0.0,0.0,0.2623,0.5,122.0,0.5,0.0
7d8986360bda11eba7f7acde48001122,ace_mmr_128,ace,mmr,0.0,0.0,0.0,0.0,0.3333,0.5,126.0,0.5,0.0
d3493f98086611ebbd5eac1f6bf848b6,ace_mmr_128,ace,mmr,1.0,1.0,1.0,1.0,0.7805,1.0,123.0,1.0,1.0
29306dfc0bda11eba7f7acde48001122,ace_mmr_128,ace,mmr,0.0,0.5,0.0,0.5,1.0,0.5,110.0,0.5,0.0
d105363b086e11ebbd62ac1f6bf848b6,ace_mmr_128,ace,mmr,0.0,0.1818,1.0,1.0,0.696,1.0,125.0,1.0,1.0
350112e4085b11ebbd5cac1f6bf848b6,ace_mmr_128,ace,mmr,0.0,0.0,0.0,0.0,0.2479,0.25,117.0,0.5,0.0
27e926ca0bb011ebab90acde48001122,ace_mmr_128,ace,mmr,0.0,0.0,0.0,0.0,0.3058,0.5,121.0,0.5,0.0
650ee40e0bdd11eba7f7acde48001122,ace_mmr_128,ace,mmr,0.0,0.0,0.0,0.0,0.4048,0.5,126.0,0.5,0.0
43765d20087411ebbd67ac1f6bf848b6,ace_mmr_128,ace,mmr,0.0,0.0,0.0,0.0,0.5517,0.5,116.0,0.5,0.0
ab5beae00bda11eba7f7acde48001122,ace_mmr_128,ace,mmr,0.0,0.0,0.0,0.0,0.0,0.0,126.0,0.5,0.0
95c505f4097f11ebbdb0ac1f6bf848b6,ace_mmr_128,ace,mmr,1.0,1.0,1.0,1.0,0.44,0.5,125.0,1.0,1.0
fb9a9b0c089011ebbd72ac1f6bf848b6,ace_mmr_128,ace,mmr,0.0,0.0,1.0,1.0,0.6111,1.0,126.0,1.0,1.0
d4708a220bd911eba7f7acde48001122,ace_mmr_128,ace,mmr,0.0,0.0,0.0,0.0,0.25,0.5,112.0,0.5,0.0
b2a1b19e096e11ebbdb0ac1f6bf848b6,ace_mmr_128,ace,mmr,0.0,0.0,0.0,0.0,0.4356,0.5,101.0,1.0,1.0
0c3675d40bda11eba7f7acde48001122,ace_mmr_128,ace,mmr,0.0,0.0,0.0,0.0,0.0,0.0,122.0,0.0,0.0
19cae67d097711ebbdb0ac1f6bf848b6,ace_mmr_128,ace,mmr,1.0,1.0,1.0,1.0,0.6179,1.0,123.0,1.0,1.0
7257a60608cb11ebbd92ac1f6bf848b6,ace_mmr_128,ace,mmr,0.0,0.0,0.0,0.0,0.3492,0.25,126.0,0.5,0.0
3f1b7d3b086c11ebbd61ac1f6bf848b6,ace_mmr_128,ace,mmr,0.0,0.0,0.0,0.0,0.8049,0.5,123.0,0.75,0.0
8d8c678b085911ebbd5bac1f6bf848b6,ace_mmr_128,ace,mmr,1.0,1.0,1.0,1.0,0.6111,0.5,126.0,0.5,0.0
e5bc717c0bdb11eba7f7acde48001122,ace_mmr_128,ace,mmr,0.0,0.0,0.0,0.0,0.1833,0.5,120.0,0.5,0.0
57dabdf1091c11ebbdaeac1f6bf848b6,ace_mmr_128,ace,mmr,0.0,0.0,0.0,0.0,0.7417,1.0,120.0,1.0,1.0
60bb44320bd911eba7f7acde48001122,ace_mmr_128,ace,mmr,0.0,0.0,0.0,0.0,0.0,0.0,114.0,0.5,0.0
d428aedc08a011ebbd78ac1f6bf848b6,ace_mmr_128,ace,mmr,0.0,0.0,1.0,1.0,0.5806,0.5,124.0,0.5,0.0
4ef0d0c80bde11eba7f7acde48001122,ace_mmr_128,ace,mmr,0.0,0.0,0.0,0.0,0.5859,0.5,128.0,1.0,1.0
1ebbc9b20bde11eba7f7acde48001122,ace_mmr_128,ace,mmr,0.0,0.0,0.0,0.0,0.3091,0.5,110.0,1.0,1.0
958dc314091911ebbdaeac1f6bf848b6,ace_mmr_128,ace,mmr,0.0,0.0,0.0,0.0,0.4355,1.0,124.0,1.0,1.0
3e75a2b908bf11ebbd8aac1f6bf848b6,ace_mmr_128,ace,mmr,1.0,1.0,1.0,1.0,0.313,0.5,115.0,1.0,1.0
c3f2f69a094411ebbdaeac1f6bf848b6,ace_mmr_128,ace,mmr,0.0,0.0,1.0,1.0,0.8947,1.0,114.0,1.0,1.0
66eefd9e0bde11eba7f7acde48001122,ace_mmr_128,ace,mmr,0.0,0.0,0.0,0.0,0.0,0.0,103.0,0.0,0.0
658f9a300bd911eba7f7acde48001122,ace_mmr_128,ace,mmr,0.0,0.0,0.0,0.0,1.0,0.5,122.0,0.5,0.0
5ff9cc8c0baf11ebab90acde48001122,ace_mmr_128,ace,mmr,0.0,0.6,0.0,0.8,0.75,1.0,120.0,1.0,1.0
cc19962c0bdc11eba7f7acde48001122,ace_mmr_128,ace,mmr,0.0,0.0,0.0,0.0,0.2344,0.5,128.0,0.5,0.0
774fa4e20bdc11eba7f7acde48001122,ace_mmr_128,ace,mmr,0.0,0.0,0.0,0.0,0.2623,0.5,122.0,1.0,1.0
284e2815085811ebbd5aac1f6bf848b6,ace_mmr_128,ace,mmr,0.0,0.0,1.0,1.0,0.5938,0.5,128.0,0.5,0.0
5cd23bea0bda11eba7f7acde48001122,ace_mmr_128,ace,mmr,0.0,0.0,0.0,0.0,0.0,0.0,122.0,0.5,0.0
b9687149089811ebbd77ac1f6bf848b6,ace_mmr_128,ace,mmr,0.0,0.0,0.0,0.0,0.1148,0.25,122.0,0.25,0.0
318ebd55087f11ebbd6bac1f6bf848b6,ace_mmr_128,ace,mmr,0.0,0.0,1.0,1.0,0.4655,0.5,116.0,0.5,0.0
60814b660bb011ebab90acde48001122,ace_mmr_128,ace,mmr,0.0,0.0,0.0,0.3333,0.4516,0.5,124.0,1.0,1.0
6c7f03240bdb11eba7f7acde48001122,ace_mmr_128,ace,mmr,0.0,0.0,0.0,0.0,0.3069,0.5,101.0,0.5,0.0
b68527e40bdd11eba7f7acde48001122,ace_mmr_128,ace,mmr,0.0,0.0,0.0,0.0,0.4234,0.5,111.0,1.0,1.0
eb9a4b7c0bdc11eba7f7acde48001122,ace_mmr_128,ace,mmr,0.0,0.0,0.0,0.0,0.8359,1.0,128.0,1.0,1.0
63ccce2308cb11ebbd92ac1f6bf848b6,ace_mmr_128,ace,mmr,1.0,1.0,1.0,1.0,0.5873,1.0,126.0,1.0,1.0
4a6714f608d011ebbd95ac1f6bf848b6,ace_mmr_128,ace,mmr,0.0,0.0,1.0,1.0,0.6875,0.5,112.0,0.75,0.0
251db78c0bdb11eba7f7acde48001122,ace_mmr_128,ace,mmr,0.0,0.0,0.0,0.0,0.3458,0.5,107.0,0.5,0.0
cc6b0e9e084e11ebbd56ac1f6bf848b6,ace_mmr_128,ace,mmr,1.0,1.0,1.0,1.0,0.5556,0.5,126.0,0.75,0.0
b16d1ab40bdd11eba7f7acde48001122,ace_mmr_128,ace,mmr,0.0,0.8,1.0,1.0,1.0,1.0,124.0,1.0,1.0
e171d29a0bdd11eba7f7acde48001122,ace_mmr_128,ace,mmr,0.0,0.0,0.0,0.3333,0.3659,0.5,123.0,0.5,0.0
901658be084d11ebbd56ac1f6bf848b6,ace_mmr_128,ace,mmr,1.0,1.0,0.0,0.0,0.5378,0.25,119.0,0.75,0.0
042bf49e0bdb11eba7f7acde48001122,ace_mmr_128,ace,mmr,0.0,0.0,0.0,0.0,0.18,0.5,100.0,0.5,0.0
4d559f400bda11eba7f7acde48001122,ace_mmr_128,ace,mmr,0.0,0.0,0.0,0.5,0.1667,0.5,126.0,0.5,0.0
0d232356091511ebbdadac1f6bf848b6,ace_mmr_128,ace,mmr,0.0,0.0,0.0,0.0,0.7258,1.0,124.0,1.0,1.0
1ed79b0a087411ebbd67ac1f6bf848b6,ace_mmr_128,ace,mmr,0.0,0.8571,1.0,1.0,0.3443,0.5,122.0,1.0,1.0
f21ab6980bdd11eba7f7acde48001122,ace_mmr_128,ace,mmr,0.0,0.0,0.0,0.0,0.6172,0.5,128.0,1.0,1.0
1c593ac008ae11ebbd83ac1f6bf848b6,ace_mmr_128,ace,mmr,0.0,0.0,0.0,0.0,0.6066,0.5,122.0,0.5,0.0
eb18a27a0baf11ebab90acde48001122,ace_mmr_128,ace,mmr,0.0,0.0,0.0,0.5,0.4524,0.5,126.0,0.5,0.0
bedf588e0baf11ebab90acde48001122,ace_mmr_128,ace,mmr,0.0,0.0,0.0,0.5,0.5431,0.5,116.0,0.5,0.0
fffc59fc088f11ebbd72ac1f6bf848b6,ace_mmr_128,ace,mmr,0.0,0.0,1.0,1.0,0.5081,0.5,124.0,0.5,0.0
e2cadf420bdd11eba7f7acde48001122,ace_mmr_128,ace,mmr,0.0,0.0,1.0,1.0,0.2397,0.5,121.0,1.0,1.0
337c710c08b511ebbd88ac1f6bf848b6,ace_mmr_128,ace,mmr,0.0,0.6667,1.0,1.0,0.6911,1.0,123.0,1.0,1.0
62df628e0bde11eba7f7acde48001122,ace_mmr_128,ace,mmr,0.0,0.0,0.0,0.0,0.5574,0.5,122.0,1.0,1.0
a1f532760bdb11eba7f7acde48001122,ace_mmr_128,ace,mmr,0.0,0.0,0.0,0.5,0.375,0.5,112.0,1.0,1.0
5dea5497089b11ebbd78ac1f6bf848b6,ace_mmr_128,ace,mmr,1.0,1.0,1.0,1.0,0.6379,0.5,116.0,0.5,0.0
c6d520840bda11eba7f7acde48001122,ace_mmr_128,ace,mmr,0.0,0.0,1.0,1.0,0.3832,1.0,107.0,1.0,1.0
66c00bf60bde11eba7f7acde48001122,ace_mmr_128,ace,mmr,0.0,0.0,0.0,0.0,0.4622,0.5,119.0,0.5,0.0
95ab4cac0bdc11eba7f7acde48001122,ace_mmr_128,ace,mmr,1.0,1.0,1.0,1.0,0.4921,1.0,126.0,1.0,1.0
27b8af06088e11ebbd70ac1f6bf848b6,ace_mmr_128,ace,mmr,0.0,0.0,0.0,0.0,0.3333,0.25,120.0,0.5,0.0
50f1350208af11ebbd83ac1f6bf848b6,ace_mmr_128,ace,mmr,0.0,0.0,0.0,0.0,0.7755,0.25,98.0,0.5,0.0
68a60785087511ebbd67ac1f6bf848b6,ace_mmr_128,ace,mmr,0.0,0.0,1.0,1.0,0.5702,1.0,121.0,1.0,1.0
9e68b794091311ebbdadac1f6bf848b6,ace_mmr_128,ace,mmr,0.0,0.0,0.0,0.0,0.2661,0.5,124.0,1.0,1.0
d922570808dc11ebbd9dac1f6bf848b6,ace_mmr_128,ace,mmr,0.0,0.0,0.0,0.0,0.0,0.0,122.0,1.0,1.0
fd5a8ea0086711ebbd5eac1f6bf848b6,ace_mmr_128,ace,mmr,1.0,1.0,1.0,1.0,0.4836,1.0,122.0,1.0,1.0
dff7c3b60bdd11eba7f7acde48001122,ace_mmr_128,ace,mmr,1.0,1.0,0.0,0.0,0.2735,0.5,117.0,0.5,0.0
75c64fb00bda11eba7f7acde48001122,ace_mmr_128,ace,mmr,0.0,0.25,0.0,0.3333,0.2072,0.5,111.0,0.5,0.0
43acd28e0bde11eba7f7acde48001122,ace_mmr_128,ace,mmr,0.0,0.0,0.0,0.0,0.813,0.5,123.0,1.0,1.0
86afde360bda11eba7f7acde48001122,ace_mmr_128,ace,mmr,0.0,0.0,0.0,0.0,0.3543,0.5,127.0,0.5,0.0
2a7d95fc0bdc11eba7f7acde48001122,ace_mmr_128,ace,mmr,0.0,0.0,0.0,0.0,0.0,0.0,124.0,0.5,0.0
7de481100baf11ebab90acde48001122,ace_mmr_128,ace,mmr,0.0,0.0,0.0,0.3333,0.3125,0.5,112.0,1.0,1.0
d8df66240bdd11eba7f7acde48001122,ace_mmr_128,ace,mmr,0.0,0.0,0.0,0.3333,0.531,0.5,113.0,1.0,1.0
2e925d6a0bde11eba7f7acde48001122,ace_mmr_128,ace,mmr,0.0,0.0,0.0,0.0,0.8095,0.5,126.0,1.0,1.0
4b879bd6087a11ebbd67ac1f6bf848b6,ace_mmr_128,ace,mmr,1.0,1.0,1.0,1.0,0.85,0.5,120.0,0.5,0.0
eb30f33c086611ebbd5eac1f6bf848b6,ace_mmr_128,ace,mmr,0.0,0.0,0.0,0.0,0.1094,0.5,128.0,0.5,0.0
59f0b4d608b211ebbd85ac1f6bf848b6,ace_mmr_128,ace,mmr,1.0,1.0,1.0,1.0,0.5806,1.0,124.0,1.0,1.0
ef48a3720baf11ebab90acde48001122,ace_mmr_128,ace,mmr,0.0,0.0,0.0,0.75,0.6417,0.5,120.0,1.0,1.0
39c32aa2086411ebbd5eac1f6bf848b6,ace_mmr_128,ace,mmr,0.0,0.0,1.0,1.0,1.0,1.0,99.0,1.0,1.0
4b11ef0808cf11ebbd95ac1f6bf848b6,ace_mmr_128,ace,mmr,1.0,1.0,1.0,1.0,0.7982,0.25,114.0,0.5,0.0
354ab1c408e211ebbda3ac1f6bf848b6,ace_mmr_128,ace,mmr,0.0,0.0,0.0,0.0,0.35,0.25,120.0,0.5,0.0
4293552c0bb011ebab90acde48001122,ace_mmr_128,ace,mmr,0.0,0.0,0.0,0.3333,0.378,0.5,127.0,1.0,1.0
2a234d2d089911ebbd77ac1f6bf848b6,ace_mmr_128,ace,mmr,0.0,0.0,1.0,1.0,0.2195,0.5,123.0,1.0,1.0
565785740bb011ebab90acde48001122,ace_mmr_128,ace,mmr,0.0,0.0,0.0,0.0,0.2542,0.5,118.0,0.5,0.0
511af4e80baf11ebab90acde48001122,ace_mmr_128,ace,mmr,0.0,0.0,0.0,0.6,0.6807,0.5,119.0,0.5,0.0
227adf2c086c11ebbd60ac1f6bf848b6,ace_mmr_128,ace,mmr,0.0,0.0,0.0,0.5,0.0,0.0,108.0,0.5,0.0
bac99ab40bd911eba7f7acde48001122,ace_mmr_128,ace,mmr,0.0,0.0,0.0,0.75,0.4333,0.5,120.0,0.5,0.0
c001b9b40bdc11eba7f7acde48001122,ace_mmr_128,ace,mmr,0.0,0.0,0.0,0.0,0.0,0.0,118.0,0.5,0.0
c31b2d920bdc11eba7f7acde48001122,ace_mmr_128,ace,mmr,0.0,0.0,0.0,0.0,0.0,0.0,128.0,0.0,0.0
13288e3a090b11ebbdadac1f6bf848b6,ace_mmr_128,ace,mmr,1.0,1.0,1.0,1.0,0.8482,1.0,112.0,1.0,1.0
f62ae4f9096911ebbdafac1f6bf848b6,ace_mmr_128,ace,mmr,1.0,1.0,1.0,1.0,0.377,1.0,122.0,1.0,1.0
4bb64b540bde11eba7f7acde48001122,ace_mmr_128,ace,mmr,0.0,0.0,0.0,0.25,0.595,0.5,121.0,0.5,0.0
4facc3320bd911eba7f7acde48001122,ace_mmr_128,ace,mmr,0.0,0.0,0.0,0.0,0.525,0.5,120.0,0.5,0.0
af07336e0bdc11eba7f7acde48001122,ace_mmr_128,ace,mmr,0.0,0.0,0.0,0.0,0.0,0.0,110.0,1.0,1.0
06ceba5e0bb011ebab90acde48001122,ace_mmr_128,ace,mmr,0.0,0.0,0.0,0.6667,0.6423,0.5,123.0,0.5,0.0
5a7f3e9d08e711ebbda6ac1f6bf848b6,ace_mmr_128,ace,mmr,0.0,0.0,0.0,0.0,0.4528,0.5,106.0,1.0,1.0
eee1f0af085911ebbd5bac1f6bf848b6,ace_mmr_128,ace,mmr,1.0,1.0,1.0,1.0,0.5328,1.0,122.0,1.0,1.0
7019886b093511ebbdaeac1f6bf848b6,ace_mmr_128,ace,mmr,1.0,1.0,1.0,1.0,0.4375,1.0,128.0,1.0,1.0
8326634a08a111ebbd79ac1f6bf848b6,ace_mmr_128,ace,mmr,0.0,0.0,0.0,0.0,0.5806,1.0,124.0,1.0,1.0
c74ed73b088d11ebbd70ac1f6bf848b6,ace_mmr_128,ace,mmr,1.0,1.0,1.0,1.0,0.5714,0.5,126.0,0.5,0.0
2f3c0934087b11ebbd67ac1f6bf848b6,ace_mmr_128,ace,mmr,0.0,0.0,0.0,0.0,0.2541,0.25,122.0,0.25,0.0
0ccfc77808c611ebbd90ac1f6bf848b6,ace_mmr_128,ace,mmr,1.0,1.0,1.0,1.0,0.4808,0.5,104.0,0.5,0.0
5136616008b211ebbd85ac1f6bf848b6,ace_mmr_128,ace,mmr,1.0,1.0,1.0,1.0,0.6905,0.5,126.0,0.5,0.0
afcff22e0bda11eba7f7acde48001122,ace_mmr_128,ace,mmr,0.0,0.0,0.0,0.0,0.3333,0.5,114.0,0.5,0.0
986625bc0bdb11eba7f7acde48001122,ace_mmr_128,ace,mmr,0.0,0.0,0.0,0.0,0.5317,0.5,126.0,0.5,0.0
290458a20bda11eba7f7acde48001122,ace_mmr_128,ace,mmr,0.0,0.0,0.0,0.0,0.5,0.5,108.0,0.5,0.0
7eeba090088d11ebbd70ac1f6bf848b6,ace_mmr_128,ace,mmr,1.0,1.0,1.0,1.0,0.3457,1.0,81.0,1.0,1.0
56c3a6c20bd911eba7f7acde48001122,ace_mmr_128,ace,mmr,0.0,0.0,0.0,0.0,0.2846,0.5,123.0,1.0,1.0
0d118fb00bdb11eba7f7acde48001122,ace_mmr_128,ace,mmr,0.0,0.0,0.0,0.0,0.4727,0.5,110.0,0.5,0.0
07fce4900bde11eba7f7acde48001122,ace_mmr_128,ace,mmr,1.0,1.0,0.0,0.0,0.6797,0.5,128.0,0.5,0.0
9ff14fea0baf11ebab90acde48001122,ace_mmr_128,ace,mmr,0.0,0.0,0.0,0.0,0.1951,0.5,123.0,0.5,0.0
955ddc6a0bdc11eba7f7acde48001122,ace_mmr_128,ace,mmr,0.0,0.0,0.0,0.0,0.2308,0.5,104.0,0.5,0.0
50b9582c0bb011ebab90acde48001122,ace_mmr_128,ace,mmr,0.0,0.6667,1.0,1.0,0.4472,1.0,123.0,1.0,1.0
1b7752be0bdc11eba7f7acde48001122,ace_mmr_128,ace,mmr,0.0,0.0,0.0,0.0,0.5185,0.5,108.0,0.5,0.0
f31d38460bdc11eba7f7acde48001122,ace_mmr_128,ace,mmr,0.0,0.0,0.0,0.0,1.0,0.5,112.0,1.0,1.0
dd01c8180bd911eba7f7acde48001122,ace_mmr_128,ace,mmr,0.0,0.0,0.0,0.0,0.2778,0.5,126.0,1.0,1.0
afc6b59708b611ebbd88ac1f6bf848b6,ace_mmr_128,ace,mmr,1.0,1.0,1.0,1.0,0.5487,0.5,113.0,0.5,0.0
df66ea220bdc11eba7f7acde48001122,ace_mmr_128,ace,mmr,1.0,1.0,1.0,1.0,0.7,1.0,110.0,1.0,1.0
a84ba2780bda11eba7f7acde48001122,ace_mmr_128,ace,mmr,0.0,0.0,0.0,0.0,0.0,0.0,127.0,0.0,0.0
c418fa2408e811ebbda6ac1f6bf848b6,ace_mmr_128,ace,mmr,0.0,0.0,1.0,1.0,0.3814,0.5,118.0,0.5,0.0
96beb0b3086111ebbd5dac1f6bf848b6,ace_mmr_128,ace,mmr,1.0,1.0,1.0,1.0,0.7874,1.0,127.0,1.0,1.0
74b171780bde11eba7f7acde48001122,ace_mmr_128,ace,mmr,0.0,0.0,0.0,0.5,0.4522,0.5,115.0,0.5,0.0
8930ad3c0bdc11eba7f7acde48001122,ace_mmr_128,ace,mmr,0.0,0.0,0.0,0.0,0.5906,0.5,127.0,0.5,0.0
51a08d5308ac11ebbd82ac1f6bf848b6,ace_mmr_128,ace,mmr,1.0,1.0,1.0,1.0,0.2832,0.5,113.0,1.0,1.0
b4254d4c0bda11eba7f7acde48001122,ace_mmr_128,ace,mmr,0.0,0.0,0.0,0.0,0.6607,1.0,112.0,1.0,1.0
f77f95da0bd911eba7f7acde48001122,ace_mmr_128,ace,mmr,0.0,0.0,0.0,0.0,0.1667,0.5,126.0,0.5,0.0
3581ccec0bdd11eba7f7acde48001122,ace_mmr_128,ace,mmr,0.0,0.0,0.0,0.0,0.0,0.0,98.0,0.0,0.0
20058aec0bde11eba7f7acde48001122,ace_mmr_128,ace,mmr,0.0,0.0,0.0,0.0,0.3415,0.5,123.0,1.0,1.0
f4a66ac60bae11ebab90acde48001122,ace_mmr_128,ace,mmr,0.0,0.0,0.0,0.5,0.7395,0.5,119.0,0.5,0.0
001ad110086911ebbd5eac1f6bf848b6,ace_mmr_128,ace,mmr,0.0,0.0,0.0,0.0,0.4603,0.5,126.0,0.5,0.0
b3c4b3a80bdd11eba7f7acde48001122,ace_mmr_128,ace,mmr,0.0,0.0,0.0,0.0,0.3548,0.5,124.0,0.5,0.0
38fdf5420bda11eba7f7acde48001122,ace_mmr_128,ace,mmr,0.0,0.0,0.0,0.0,0.2857,0.5,112.0,0.5,0.0
6a53eb53089b11ebbd78ac1f6bf848b6,ace_mmr_128,ace,mmr,0.0,0.0,1.0,1.0,0.5478,1.0,115.0,1.0,1.0
4c319d400bde11eba7f7acde48001122,ace_mmr_128,ace,mmr,0.0,0.0,0.0,0.0,0.4035,0.5,114.0,0.5,0.0
998f8786089711ebbd77ac1f6bf848b6,ace_mmr_128,ace,mmr,1.0,1.0,1.0,1.0,0.3565,0.25,115.0,0.5,0.0
0b78b1e9087411ebbd67ac1f6bf848b6,ace_mmr_128,ace,mmr,0.0,0.0,0.0,0.0,1.0,1.0,113.0,1.0,1.0
632fcc82085611ebbd59ac1f6bf848b6,ace_mmr_128,ace,mmr,0.0,0.0,1.0,1.0,0.339,1.0,118.0,1.0,1.0
272062fc088c11ebbd6fac1f6bf848b6,ace_mmr_128,ace,mmr,1.0,1.0,0.0,0.0,0.2895,0.25,114.0,0.25,0.0
241a9d0c0bde11eba7f7acde48001122,ace_mmr_128,ace,mmr,0.0,0.0,0.0,0.0,0.3471,0.5,121.0,0.5,0.0
c6c492e008bb11ebbd88ac1f6bf848b6,ace_mmr_128,ace,mmr,1.0,1.0,1.0,1.0,0.434,1.0,106.0,1.0,1.0
b67ef6380bda11eba7f7acde48001122,ace_mmr_128,ace,mmr,1.0,1.0,1.0,1.0,1.0,1.0,121.0,1.0,1.0
4a3edf720bdc11eba7f7acde48001122,ace_mmr_128,ace,mmr,0.0,0.0,0.0,0.3333,0.5238,0.5,126.0,0.5,0.0
b21084c2097c11ebbdb0ac1f6bf848b6,ace_mmr_128,ace,mmr,1.0,1.0,1.0,1.0,0.7323,1.0,127.0,1.0,1.0
f5c9a3f2086111ebbd5dac1f6bf848b6,ace_mmr_128,ace,mmr,0.0,0.0,1.0,1.0,0.5586,1.0,111.0,1.0,1.0
1a344858086711ebbd5eac1f6bf848b6,ace_mmr_128,ace,mmr,1.0,1.0,1.0,1.0,0.7391,0.75,115.0,0.75,0.0
dac1f66e0bdd11eba7f7acde48001122,ace_mmr_128,ace,mmr,1.0,1.0,0.0,0.0,0.7623,1.0,122.0,1.0,1.0
141636ac0bdc11eba7f7acde48001122,ace_mmr_128,ace,mmr,0.0,0.0,0.0,0.0,0.4649,0.5,114.0,0.5,0.0
48b07de00bb011ebab90acde48001122,ace_mmr_128,ace,mmr,0.0,0.2222,0.0,0.8571,0.3448,0.5,87.0,1.0,1.0
ad193b1808b411ebbd88ac1f6bf848b6,ace_submod_128,ace,submod,1.0,1.0,1.0,1.0,0.4336,0.5,113.0,0.5,0.0
5b168cd8089811ebbd77ac1f6bf848b6,ace_submod_128,ace,submod,1.0,1.0,1.0,1.0,0.6116,1.0,121.0,1.0,1.0
b23a2b360baf11ebab90acde48001122,ace_submod_128,ace,submod,0.0,0.2,0.0,0.6,0.5752,0.5,113.0,1.0,1.0
c5ffa16a0bdb11eba7f7acde48001122,ace_submod_128,ace,submod,0.0,0.0,0.0,0.0,0.39,0.5,100.0,0.5,0.0
eb3ff1900baf11ebab90acde48001122,ace_submod_128,ace,submod,0.0,0.0,0.0,0.6,0.536,1.0,125.0,1.0,1.0
59a16ade0baf11ebab90acde48001122,ace_submod_128,ace,submod,0.0,0.0,0.0,0.0,0.2981,0.5,104.0,0.5,0.0
5c9ef1d80bdd11eba7f7acde48001122,ace_submod_128,ace,submod,0.0,0.0,0.0,0.0,0.4649,0.5,114.0,0.5,0.0
a537c442086d11ebbd62ac1f6bf848b6,ace_submod_128,ace,submod,1.0,1.0,1.0,1.0,0.5741,0.5,108.0,0.5,0.0
01588f7208be11ebbd8aac1f6bf848b6,ace_submod_128,ace,submod,1.0,1.0,1.0,1.0,0.6142,0.5,127.0,0.5,0.0
6b55ac320bdb11eba7f7acde48001122,ace_submod_128,ace,submod,0.0,0.0,0.0,0.0,0.5085,0.5,118.0,1.0,1.0
fde95590089c11ebbd78ac1f6bf848b6,ace_submod_128,ace,submod,0.0,0.0,1.0,1.0,0.8537,1.0,123.0,1.0,1.0
1f8a41b60bde11eba7f7acde48001122,ace_submod_128,ace,submod,0.0,0.0,0.0,0.0,0.2667,0.5,120.0,0.5,0.0
50008e080bda11eba7f7acde48001122,ace_submod_128,ace,submod,0.0,0.0,0.0,0.0,0.1453,0.5,117.0,0.5,0.0
9f62be2008ac11ebbd83ac1f6bf848b6,ace_submod_128,ace,submod,0.0,0.0,0.0,0.0,0.0,0.0,128.0,1.0,1.0
6bb800f00bde11eba7f7acde48001122,ace_submod_128,ace,submod,0.0,0.0,0.0,0.0,0.4,0.5,115.0,1.0,1.0
1822cbb4089111ebbd72ac1f6bf848b6,ace_submod_128,ace,submod,1.0,1.0,1.0,1.0,0.6667,0.5,126.0,0.5,0.0
87154f1e0bda11eba7f7acde48001122,ace_submod_128,ace,submod,0.0,0.0,0.0,0.0,0.283,0.5,106.0,0.5,0.0
709430f20bda11eba7f7acde48001122,ace_submod_128,ace,submod,0.0,0.0,0.0,0.0,0.1826,0.5,115.0,1.0,1.0
1aecfdf608a011ebbd78ac1f6bf848b6,ace_submod_128,ace,submod,0.0,0.0,0.0,0.6667,0.6612,1.0,121.0,1.0,1.0
03d68971096e11ebbdb0ac1f6bf848b6,ace_submod_128,ace,submod,0.0,0.0,0.0,0.0,0.7812,1.0,128.0,1.0,1.0
8a6eec600bda11eba7f7acde48001122,ace_submod_128,ace,submod,0.0,0.0,0.0,0.0,0.4655,0.5,116.0,0.5,0.0
3497795008bb11ebbd88ac1f6bf848b6,ace_submod_128,ace,submod,0.0,0.0,1.0,1.0,0.6068,0.5,117.0,0.75,0.0
305e54500bde11eba7f7acde48001122,ace_submod_128,ace,submod,0.0,0.0,0.0,0.0,0.0,0.0,128.0,0.5,0.0
6aa8edb5086411ebbd5eac1f6bf848b6,ace_submod_128,ace,submod,1.0,1.0,1.0,1.0,0.246,0.5,126.0,1.0,1.0
4a8d58f0085811ebbd5aac1f6bf848b6,ace_submod_128,ace,submod,1.0,1.0,0.0,0.0,0.7049,0.5,122.0,0.75,0.0
00ce250d095f11ebbdafac1f6bf848b6,ace_submod_128,ace,submod,0.0,0.0,0.0,0.0,0.2205,0.5,127.0,1.0,1.0
c6128932093b11ebbdaeac1f6bf848b6,ace_submod_128,ace,submod,1.0,1.0,1.0,1.0,0.6762,1.0,105.0,1.0,1.0
d6c5f2680bdd11eba7f7acde48001122,ace_submod_128,ace,submod,0.0,0.0,0.0,0.0,0.2294,0.5,109.0,0.5,0.0
07626317086e11ebbd62ac1f6bf848b6,ace_submod_128,ace,submod,0.0,0.0,0.0,0.0,0.2833,0.25,120.0,0.5,0.0
61f9bff8089711ebbd77ac1f6bf848b6,ace_submod_128,ace,submod,0.0,0.0,1.0,1.0,0.6562,0.5,128.0,0.5,0.0
c3e1ad9e090d11ebbdadac1f6bf848b6,ace_submod_128,ace,submod,1.0,1.0,1.0,1.0,0.72,1.0,100.0,1.0,1.0
093fcf360bdc11eba7f7acde48001122,ace_submod_128,ace,submod,0.0,0.0,0.0,0.0,0.1811,0.5,127.0,0.5,0.0
6a419ba2087611ebbd67ac1f6bf848b6,ace_submod_128,ace,submod,1.0,1.0,1.0,1.0,0.4906,0.5,106.0,0.5,0.0
9bd0c7e60bdd11eba7f7acde48001122,ace_submod_128,ace,submod,0.0,0.0,0.0,0.0,0.0,0.0,121.0,0.5,0.0
fdbb770408da11ebbd9cac1f6bf848b6,ace_submod_128,ace,submod,0.0,0.0,0.0,0.0,0.528,0.5,125.0,0.5,0.0
3cc74fb60bda11eba7f7acde48001122,ace_submod_128,ace,submod,0.0,0.0,0.0,0.0,0.3047,0.5,128.0,0.5,0.0
234c4f060bde11eba7f7acde48001122,ace_submod_128,ace,submod,0.0,0.0,1.0,1.0,0.8182,1.0,121.0,1.0,1.0
c807422a0bda11eba7f7acde48001122,ace_submod_128,ace,submod,0.0,0.0,0.0,0.0,0.1967,0.5,122.0,0.5,0.0
77119398087411ebbd67ac1f6bf848b6,ace_submod_128,ace,submod,1.0,1.0,1.0,1.0,0.5439,1.0,114.0,1.0,1.0
922587b80bdd11eba7f7acde48001122,ace_submod_128,ace,submod,1.0,1.0,1.0,1.0,0.3509,0.5,114.0,0.5,0.0
7de9188c088b11ebbd6fac1f6bf848b6,ace_submod_128,ace,submod,0.0,0.0,0.0,0.5,0.2703,0.5,111.0,0.5,0.0
ba3380fe0bdb11eba7f7acde48001122,ace_submod_128,ace,submod,1.0,1.0,1.0,1.0,0.0,0.0,121.0,0.5,0.0
710d0e740bde11eba7f7acde48001122,ace_submod_128,ace,submod,0.0,0.0,0.0,0.0,0.3968,0.5,126.0,0.5,0.0
562aab540baf11ebab90acde48001122,ace_submod_128,ace,submod,0.0,0.0,0.0,0.2,0.408,0.5,125.0,0.5,0.0
9ab545800bdd11eba7f7acde48001122,ace_submod_128,ace,submod,0.0,0.0,0.0,0.0,0.3604,0.5,111.0,0.5,0.0
61456758085411ebbd59ac1f6bf848b6,ace_submod_128,ace,submod,1.0,1.0,1.0,1.0,0.6321,0.5,106.0,0.75,0.0
26f25e9d089c11ebbd78ac1f6bf848b6,ace_submod_128,ace,submod,1.0,1.0,1.0,1.0,0.8304,1.0,112.0,1.0,1.0
ce5bfc90086c11ebbd61ac1f6bf848b6,ace_submod_128,ace,submod,0.0,0.0,0.0,0.0,0.3982,0.25,113.0,0.5,0.0
f893967608a811ebbd7fac1f6bf848b6,ace_submod_128,ace,submod,1.0,1.0,1.0,1.0,0.5378,1.0,119.0,1.0,1.0
346a41b4084e11ebbd56ac1f6bf848b6,ace_submod_128,ace,submod,1.0,1.0,1.0,1.0,0.5254,0.5,118.0,0.5,0.0
bcbd76e608a111ebbd79ac1f6bf848b6,ace_submod_128,ace,submod,0.0,0.0,1.0,1.0,0.7339,0.5,109.0,0.5,0.0
f26542c808c511ebbd8fac1f6bf848b6,ace_submod_128,ace,submod,1.0,1.0,1.0,1.0,0.6471,0.5,119.0,0.5,0.0
5b1e1f240bdc11eba7f7acde48001122,ace_submod_128,ace,submod,0.0,0.0,0.0,0.3333,0.2909,0.5,110.0,0.5,0.0
b146f47c0bda11eba7f7acde48001122,ace_submod_128,ace,submod,0.0,0.0,0.0,0.0,0.5726,1.0,124.0,1.0,1.0
9c996f860bdb11eba7f7acde48001122,ace_submod_128,ace,submod,0.0,0.0,0.0,0.0,0.5645,0.5,124.0,0.5,0.0
f491b33e0bda11eba7f7acde48001122,ace_submod_128,ace,submod,0.0,0.0,0.0,0.0,0.374,0.5,123.0,0.5,0.0
21d2a107091911ebbdaeac1f6bf848b6,ace_submod_128,ace,submod,0.0,0.0,1.0,1.0,0.4646,1.0,127.0,1.0,1.0
10e63c10087211ebbd64ac1f6bf848b6,ace_submod_128,ace,submod,1.0,1.0,1.0,1.0,0.6,0.5,125.0,0.5,0.0
5c7ce15a0bde11eba7f7acde48001122,ace_submod_128,ace,submod,0.0,0.0,0.0,0.0,0.5093,0.5,108.0,0.5,0.0
b0e112940bdd11eba7f7acde48001122,ace_submod_128,ace,submod,0.0,0.0,0.0,0.0,0.2185,0.5,119.0,0.5,0.0
e6a74e020bdd11eba7f7acde48001122,ace_submod_128,ace,submod,0.0,0.0,0.0,0.0,0.3,0.5,100.0,0.5,0.0
0963c8b80bdd11eba7f7acde48001122,ace_submod_128,ace,submod,0.0,0.0,0.0,0.0,0.5052,0.5,97.0,0.5,0.0
09beb233086d11ebbd61ac1f6bf848b6,ace_submod_128,ace,submod,1.0,1.0,0.0,0.0,0.5347,1.0,101.0,1.0,1.0
963fffd60bdd11eba7f7acde48001122,ace_submod_128,ace,submod,1.0,1.0,1.0,1.0,0.3211,1.0,109.0,1.0,1.0
f0d6f50c08eb11ebbda7ac1f6bf848b6,ace_submod_128,ace,submod,0.0,0.0,1.0,1.0,0.6614,1.0,127.0,1.0,1.0
33d1a6d60bda11eba7f7acde48001122,ace_submod_128,ace,submod,0.0,0.0,0.0,0.0,0.32,0.5,125.0,0.5,0.0
f31afa16094511ebbdaeac1f6bf848b6,ace_submod_128,ace,submod,0.0,0.0,1.0,1.0,0.8211,1.0,123.0,1.0,1.0
3654974a08df11ebbda0ac1f6bf848b6,ace_submod_128,ace,submod,0.0,0.0,1.0,1.0,0.6348,0.5,115.0,0.75,0.0
2d2fdefe085311ebbd59ac1f6bf848b6,ace_submod_128,ace,submod,0.0,0.0,1.0,1.0,0.4159,0.5,113.0,1.0,1.0
7a01a52a089c11ebbd78ac1f6bf848b6,ace_submod_128,ace,submod,0.0,0.0,1.0,1.0,0.5372,0.5,121.0,0.5,0.0
d8a00ed40bdd11eba7f7acde48001122,ace_submod_128,ace,submod,0.0,0.4,0.0,0.6667,0.3821,0.5,123.0,0.5,0.0
c37f944e08e611ebbda5ac1f6bf848b6,ace_submod_128,ace,submod,1.0,1.0,1.0,1.0,0.6923,1.0,104.0,1.0,1.0
b670607d08b611ebbd88ac1f6bf848b6,ace_submod_128,ace,submod,0.0,0.25,1.0,1.0,0.4655,0.25,116.0,0.75,0.0
62a0531e0bde11eba7f7acde48001122,ace_submod_128,ace,submod,0.0,0.0,0.0,0.0,0.0,0.0,121.0,0.5,0.0
03f2846e0bb011ebab90acde48001122,ace_submod_128,ace,submod,0.0,0.5,0.0,0.6,0.5691,1.0,123.0,1.0,1.0
98da1bb608d411ebbd96ac1f6bf848b6,ace_submod_128,ace,submod,1.0,1.0,1.0,1.0,0.7317,0.5,123.0,0.75,0.0
bb792556091811ebbdaeac1f6bf848b6,ace_submod_128,ace,submod,1.0,1.0,0.0,0.6667,0.7,1.0,100.0,1.0,1.0
46e99a3d094111ebbdaeac1f6bf848b6,ace_submod_128,ace,submod,1.0,1.0,1.0,1.0,0.375,1.0,120.0,1.0,1.0
2f6aa3ba0bb011ebab90acde48001122,ace_submod_128,ace,submod,0.0,0.3636,0.0,0.4,0.25,0.5,116.0,0.5,0.0
41b295500bb011ebab90acde48001122,ace_submod_128,ace,submod,0.0,0.0,0.0,0.0,0.0,0.0,126.0,0.5,0.0
132a5430085d11ebbd5cac1f6bf848b6,ace_submod_128,ace,submod,0.0,0.0,0.0,0.0,0.437,1.0,119.0,1.0,1.0
08e7eb340bde11eba7f7acde48001122,ace_submod_128,ace,submod,0.0,0.0,0.0,0.0,0.4954,0.5,109.0,0.5,0.0
91ec5b380bdc11eba7f7acde48001122,ace_submod_128,ace,submod,0.0,0.0,0.0,0.0,0.0,0.0,126.0,0.0,0.0
bf5c81fa0bdd11eba7f7acde48001122,ace_submod_128,ace,submod,0.0,0.0,0.0,0.0,0.4124,0.5,97.0,0.5,0.0
cf9a08f608c911ebbd92ac1f6bf848b6,ace_submod_128,ace,submod,0.0,0.0,1.0,1.0,0.4444,0.5,108.0,0.5,0.0
0e5e54c908c211ebbd8bac1f6bf848b6,ace_submod_128,ace,submod,0.0,0.0,0.0,0.0,0.6557,1.0,122.0,1.0,1.0
af1ee605093511ebbdaeac1f6bf848b6,ace_submod_128,ace,submod,1.0,1.0,1.0,1.0,0.2821,1.0,117.0,1.0,1.0
3e0cebde0bd911eba7f7acde48001122,ace_submod_128,ace,submod,0.0,0.0,0.0,0.0,0.2569,0.5,109.0,0.5,0.0
0518615a0bde11eba7f7acde48001122,ace_submod_128,ace,submod,0.0,0.6667,1.0,1.0,0.6325,1.0,117.0,1.0,1.0
3d22de280bb011ebab90acde48001122,ace_submod_128,ace,submod,0.0,0.0,1.0,1.0,0.6975,1.0,119.0,1.0,1.0
b6afbad60bdd11eba7f7acde48001122,ace_submod_128,ace,submod,0.0,0.0,0.0,0.0,0.2294,0.5,109.0,0.5,0.0
0b91d3200bdb11eba7f7acde48001122,ace_submod_128,ace,submod,0.0,0.0,0.0,0.0,0.1695,0.5,118.0,0.5,0.0
1621c01108f011ebbda8ac1f6bf848b6,ace_submod_128,ace,submod,0.0,0.0,1.0,1.0,0.8522,1.0,115.0,1.0,1.0
8b5f752e0bdd11eba7f7acde48001122,ace_submod_128,ace,submod,0.0,0.0,0.0,0.0,0.0945,0.5,127.0,0.5,0.0
5e02b99208b811ebbd88ac1f6bf848b6,ace_submod_128,ace,submod,1.0,1.0,1.0,1.0,0.6471,0.5,102.0,0.5,0.0
a809d3720bdd11eba7f7acde48001122,ace_submod_128,ace,submod,0.0,0.0,0.0,0.0,0.5315,1.0,111.0,1.0,1.0
ade9a5980baf11ebab90acde48001122,ace_submod_128,ace,submod,0.0,0.0,0.0,0.0,0.6129,1.0,124.0,1.0,1.0
8012a1e008af11ebbd83ac1f6bf848b6,ace_submod_128,ace,submod,0.0,0.0,0.0,0.0,0.4472,0.5,123.0,0.5,0.0
d19a4bb80bdd11eba7f7acde48001122,ace_submod_128,ace,submod,0.0,0.0,0.0,0.0,0.225,0.5,120.0,0.5,0.0
b6b306fa0bdd11eba7f7acde48001122,ace_submod_128,ace,submod,0.0,0.0,0.0,0.5,0.2602,0.5,123.0,0.5,0.0
d71f453b085811ebbd5bac1f6bf848b6,ace_submod_128,ace,submod,0.0,0.0,0.0,0.0,1.0,0.5,100.0,0.5,0.0
2de71a8a0bda11eba7f7acde48001122,ace_submod_128,ace,submod,0.0,0.0,0.0,0.0,0.3878,0.5,98.0,0.5,0.0
cee7790e08cc11ebbd93ac1f6bf848b6,ace_submod_128,ace,submod,0.0,0.0,0.0,0.0,0.6262,0.25,107.0,0.5,0.0
623ea4080bb011ebab90acde48001122,ace_submod_128,ace,submod,0.0,0.0,0.0,0.4286,0.0,0.0,91.0,0.5,0.0
8d9bf1c80bb011ebab90acde48001122,ace_submod_128,ace,submod,0.0,0.2222,0.0,0.5,0.0,0.0,89.0,0.5,0.0
572c3827088311ebbd6dac1f6bf848b6,ace_submod_128,ace,submod,1.0,1.0,0.0,0.5,0.7244,0.5,127.0,0.5,0.0
b1e64cc60bd911eba7f7acde48001122,ace_submod_128,ace,submod,0.0,0.0,0.0,0.0,0.2632,0.5,95.0,0.5,0.0
0b9a520108c211ebbd8bac1f6bf848b6,ace_submod_128,ace,submod,0.0,0.0,1.0,1.0,0.336,0.25,125.0,0.5,0.0
04e9521d088b11ebbd6fac1f6bf848b6,ace_submod_128,ace,submod,0.0,0.0,1.0,1.0,0.6957,1.0,115.0,1.0,1.0
8522d9b2092011ebbdaeac1f6bf848b6,ace_submod_128,ace,submod,1.0,1.0,1.0,1.0,0.5545,1.0,110.0,1.0,1.0
ec697d900bda11eba7f7acde48001122,ace_submod_128,ace,submod,0.0,0.0,0.0,0.0,0.381,0.5,126.0,0.5,0.0
950bd11a090f11ebbdadac1f6bf848b6,ace_submod_128,ace,submod,0.0,0.0,1.0,1.0,0.7719,1.0,114.0,1.0,1.0
c1b9c0ac0bdd11eba7f7acde48001122,ace_submod_128,ace,submod,0.0,0.0,0.0,0.0,0.1802,0.5,111.0,0.5,0.0
d2c47e1008df11ebbda1ac1f6bf848b6,ace_submod_128,ace,submod,1.0,1.0,1.0,1.0,0.3386,0.5,127.0,0.5,0.0
7b2bf8fc0bd911eba7f7acde48001122,ace_submod_128,ace,submod,0.0,0.0,0.0,0.0,0.7217,0.5,115.0,1.0,1.0
b5ccab240bdd11eba7f7acde48001122,ace_submod_128,ace,submod,0.0,0.0,0.0,0.3333,0.4922,0.5,128.0,0.5,0.0
6a70f6f80bb011ebab90acde48001122,ace_submod_128,ace,submod,0.0,0.0,0.0,0.0,0.2182,0.5,110.0,0.5,0.0
1f9e4658084f11ebbd56ac1f6bf848b6,ace_submod_128,ace,submod,1.0,1.0,1.0,1.0,0.5385,0.5,117.0,0.5,0.0
5caef2f8096411ebbdafac1f6bf848b6,ace_submod_128,ace,submod,1.0,1.0,1.0,1.0,0.6273,1.0,110.0,1.0,1.0
b081e08408e111ebbda3ac1f6bf848b6,ace_submod_128,ace,submod,1.0,1.0,1.0,1.0,0.325,0.5,120.0,0.5,0.0
f113f24e08ad11ebbd83ac1f6bf848b6,ace_submod_128,ace,submod,0.0,0.0,1.0,1.0,0.6283,0.75,113.0,0.75,0.0
a6d397ea0bdd11eba7f7acde48001122,ace_submod_128,ace,submod,0.0,0.0,0.0,0.0,0.2177,0.5,124.0,0.5,0.0
04a065a60bde11eba7f7acde48001122,ace_submod_128,ace,submod,1.0,1.0,1.0,1.0,0.2266,0.5,128.0,1.0,1.0
534fbfd00bd911eba7f7acde48001122,ace_submod_128,ace,submod,0.0,0.0,1.0,1.0,0.9266,1.0,109.0,1.0,1.0
286461f808ba11ebbd88ac1f6bf848b6,ace_submod_128,ace,submod,1.0,1.0,1.0,1.0,0.6667,1.0,108.0,1.0,1.0
2fa40dae0bdc11eba7f7acde48001122,ace_submod_128,ace,submod,0.0,0.0,0.0,0.0,0.2143,0.5,98.0,0.5,0.0
a19ca5c80bdd11eba7f7acde48001122,ace_submod_128,ace,submod,0.0,0.0,1.0,1.0,0.1849,0.5,119.0,0.5,0.0
6a807fc40bb011ebab90acde48001122,ace_submod_128,ace,submod,0.0,0.2222,0.0,0.4,0.0,0.0,128.0,0.5,0.0
1118315c0bdd11eba7f7acde48001122,ace_submod_128,ace,submod,0.0,0.0,0.0,0.0,0.0,0.0,117.0,0.5,0.0
185a906e0bdc11eba7f7acde48001122,ace_submod_128,ace,submod,0.0,0.0,0.0,0.5,0.2421,0.5,95.0,0.5,0.0
77f4e0140bb011ebab90acde48001122,ace_submod_128,ace,submod,0.0,0.0,0.0,0.0,0.312,0.5,125.0,0.5,0.0
2a98df6408d111ebbd95ac1f6bf848b6,ace_submod_128,ace,submod,0.0,0.0,0.0,0.0,0.6296,1.0,108.0,1.0,1.0
025359200bde11eba7f7acde48001122,ace_submod_128,ace,submod,0.0,0.0,0.0,0.0,0.2222,0.5,108.0,0.5,0.0
bd34477e0baf11ebab90acde48001122,ace_submod_128,ace,submod,0.0,0.0,0.0,0.8333,0.0,0.0,90.0,1.0,1.0
6a8a71280bb011ebab90acde48001122,ace_submod_128,ace,submod,0.0,0.5,0.0,0.5,0.2222,0.5,126.0,0.5,0.0
ef9cbeca0bdd11eba7f7acde48001122,ace_submod_128,ace,submod,0.0,0.0,1.0,1.0,0.6095,1.0,105.0,1.0,1.0
c218a802090711ebbdadac1f6bf848b6,ace_submod_128,ace,submod,1.0,1.0,1.0,1.0,0.472,1.0,125.0,1.0,1.0
f94832c408b811ebbd88ac1f6bf848b6,ace_submod_128,ace,submod,1.0,1.0,1.0,1.0,0.2991,0.25,117.0,0.25,0.0
8d2382e0085811ebbd5aac1f6bf848b6,ace_submod_128,ace,submod,0.0,0.0,1.0,1.0,0.6629,1.0,89.0,1.0,1.0
86fb31260bdd11eba7f7acde48001122,ace_submod_128,ace,submod,0.0,0.0,0.0,0.0,0.3852,0.5,122.0,1.0,1.0
18c0ccb1086911ebbd5eac1f6bf848b6,ace_submod_128,ace,submod,1.0,1.0,1.0,1.0,0.9062,1.0,128.0,1.0,1.0
e6f8d00a089611ebbd76ac1f6bf848b6,ace_submod_128,ace,submod,0.0,0.0,0.0,0.0,0.6261,1.0,115.0,1.0,1.0
8919fb50085311ebbd59ac1f6bf848b6,ace_submod_128,ace,submod,0.0,0.0,1.0,1.0,0.4224,1.0,116.0,1.0,1.0
d5a61878086b11ebbd60ac1f6bf848b6,ace_submod_128,ace,submod,1.0,1.0,1.0,1.0,0.6207,1.0,116.0,1.0,1.0
f6973183085a11ebbd5cac1f6bf848b6,ace_submod_128,ace,submod,1.0,1.0,1.0,1.0,0.4762,0.5,105.0,0.5,0.0
fc031d360baf11ebab90acde48001122,ace_submod_128,ace,submod,0.0,0.2,0.0,0.2,0.3119,0.5,109.0,0.5,0.0
e5c738900bdc11eba7f7acde48001122,ace_submod_128,ace,submod,0.0,0.0,0.0,0.0,0.5039,1.0,127.0,1.0,1.0
6b466508097711ebbdb0ac1f6bf848b6,ace_submod_128,ace,submod,1.0,1.0,1.0,1.0,0.3846,1.0,117.0,1.0,1.0
46bd0bd6087511ebbd67ac1f6bf848b6,ace_submod_128,ace,submod,1.0,1.0,1.0,1.0,0.431,0.25,116.0,0.5,0.0
d1bdbdbe087711ebbd67ac1f6bf848b6,ace_submod_128,ace,submod,0.0,0.0,0.0,0.0,0.6364,0.5,121.0,0.5,0.0
6152f66c08df11ebbda0ac1f6bf848b6,ace_submod_128,ace,submod,1.0,1.0,1.0,1.0,0.6916,0.5,107.0,0.5,0.0
98a3e5e9089111ebbd73ac1f6bf848b6,ace_submod_128,ace,submod,1.0,1.0,1.0,1.0,0.3214,0.5,112.0,0.5,0.0
6946f8d20baf11ebab90acde48001122,ace_submod_128,ace,submod,0.0,0.2222,0.0,0.3333,0.3279,0.5,122.0,0.5,0.0
3d4662300bb011ebab90acde48001122,ace_submod_128,ace,submod,0.0,0.2857,1.0,1.0,0.2844,0.5,109.0,0.5,0.0
c504923408fe11ebbdadac1f6bf848b6,ace_submod_128,ace,submod,0.0,0.0,1.0,1.0,0.6667,1.0,117.0,1.0,1.0
922a629c0bb011ebab90acde48001122,ace_submod_128,ace,submod,0.0,0.0,0.0,0.6,0.3846,0.5,117.0,0.5,0.0
0e967bac08a711ebbd7fac1f6bf848b6,ace_submod_128,ace,submod,0.0,0.2857,1.0,1.0,0.625,0.5,128.0,0.5,0.0
c1aa9b640bdc11eba7f7acde48001122,ace_submod_128,ace,submod,0.0,0.0,0.0,0.0,0.3772,0.5,114.0,0.5,0.0
dba424900baf11ebab90acde48001122,ace_submod_128,ace,submod,0.0,0.0,0.0,0.3333,0.2857,0.5,112.0,0.5,0.0
f4cc9d4908b311ebbd86ac1f6bf848b6,ace_submod_128,ace,submod,0.0,0.0,1.0,1.0,0.6471,0.5,102.0,0.5,0.0
6b850e0e0baf11ebab90acde48001122,ace_submod_128,ace,submod,0.0,0.2857,0.0,0.6667,0.505,0.5,101.0,1.0,1.0
abce7ee208b111ebbd85ac1f6bf848b6,ace_submod_128,ace,submod,1.0,1.0,1.0,1.0,0.4426,0.5,122.0,0.5,0.0
6615041e0bb011ebab90acde48001122,ace_submod_128,ace,submod,0.0,0.0,0.0,0.3333,0.6106,0.5,113.0,0.5,0.0
dc4754a80bdc11eba7f7acde48001122,ace_submod_128,ace,submod,0.0,0.0,0.0,0.0,0.4219,0.5,128.0,1.0,1.0
6bd86dd4087f11ebbd6bac1f6bf848b6,ace_submod_128,ace,submod,1.0,1.0,1.0,1.0,0.5214,0.5,117.0,0.5,0.0
98ab6cfe08c411ebbd8eac1f6bf848b6,ace_submod_128,ace,submod,1.0,1.0,1.0,1.0,0.4872,0.5,117.0,0.5,0.0
c30b9f8108b211ebbd85ac1f6bf848b6,ace_submod_128,ace,submod,1.0,1.0,1.0,1.0,0.569,1.0,116.0,1.0,1.0
49e0153808ac11ebbd82ac1f6bf848b6,ace_submod_128,ace,submod,1.0,1.0,1.0,1.0,0.6484,0.5,128.0,0.5,0.0
2fcc3e3e0bda11eba7f7acde48001122,ace_submod_128,ace,submod,0.0,0.0,0.0,0.0,0.708,1.0,113.0,1.0,1.0
8a6610400bda11eba7f7acde48001122,ace_submod_128,ace,submod,0.0,0.0,0.0,0.0,0.3684,0.5,114.0,0.5,0.0
e172d3b20baf11ebab90acde48001122,ace_submod_128,ace,submod,0.0,0.0,0.0,0.0,0.6579,1.0,114.0,1.0,1.0
c365be0608ae11ebbd83ac1f6bf848b6,ace_submod_128,ace,submod,1.0,1.0,0.0,0.0,0.3898,0.5,118.0,1.0,1.0
a9406286088d11ebbd70ac1f6bf848b6,ace_submod_128,ace,submod,1.0,1.0,1.0,1.0,0.5887,0.5,124.0,0.5,0.0
6b84004a0baf11ebab90acde48001122,ace_submod_128,ace,submod,0.0,0.4,0.0,0.6,0.36,0.5,125.0,0.5,0.0
caa0a77908ac11ebbd83ac1f6bf848b6,ace_submod_128,ace,submod,1.0,1.0,1.0,1.0,0.7295,0.5,122.0,0.5,0.0
63a51a37096711ebbdafac1f6bf848b6,ace_submod_128,ace,submod,1.0,1.0,1.0,1.0,0.4902,1.0,102.0,1.0,1.0
647eba07088f11ebbd72ac1f6bf848b6,ace_submod_128,ace,submod,0.0,0.0,1.0,1.0,0.3333,0.5,117.0,1.0,1.0
6e765ee508f611ebbdaaac1f6bf848b6,ace_submod_128,ace,submod,1.0,1.0,1.0,1.0,0.4545,1.0,121.0,1.0,1.0
dc6e054e0baf11ebab90acde48001122,ace_submod_128,ace,submod,0.0,0.0,0.0,0.0,0.2812,0.5,128.0,0.5,0.0
5c82bfe20bdb11eba7f7acde48001122,ace_submod_128,ace,submod,0.0,0.0,0.0,0.0,0.4696,0.5,115.0,1.0,1.0
47a59362091411ebbdadac1f6bf848b6,ace_submod_128,ace,submod,1.0,1.0,1.0,1.0,0.371,1.0,124.0,1.0,1.0
5bab48ec0bda11eba7f7acde48001122,ace_submod_128,ace,submod,0.0,0.0,0.0,0.0,0.1532,0.5,111.0,0.5,0.0
d3c779240bdd11eba7f7acde48001122,ace_submod_128,ace,submod,0.0,0.0,0.0,0.0,0.2368,0.5,114.0,1.0,1.0
57e0ae020bb011ebab90acde48001122,ace_submod_128,ace,submod,0.0,0.6154,0.0,0.7143,0.6471,1.0,102.0,1.0,1.0
9e2fc7ef08c711ebbd91ac1f6bf848b6,ace_submod_128,ace,submod,0.0,0.0,0.0,0.0,0.6975,0.5,119.0,0.5,0.0
be9369c80bdd11eba7f7acde48001122,ace_submod_128,ace,submod,0.0,0.0,0.0,0.0,0.2708,0.5,96.0,0.5,0.0
abaff0940bdb11eba7f7acde48001122,ace_submod_128,ace,submod,0.0,0.0,0.0,0.0,0.4706,0.5,119.0,0.5,0.0
09aa4e1a0bdc11eba7f7acde48001122,ace_submod_128,ace,submod,0.0,0.0,0.0,0.0,0.4274,0.5,124.0,0.5,0.0
e4e02a240bda11eba7f7acde48001122,ace_submod_128,ace,submod,0.0,0.0,0.0,0.5,0.22,0.5,100.0,0.5,0.0
fc9d859008a011ebbd78ac1f6bf848b6,ace_submod_128,ace,submod,0.0,0.0,1.0,1.0,0.5565,1.0,124.0,1.0,1.0
3c3204c8084d11ebbd56ac1f6bf848b6,ace_submod_128,ace,submod,0.0,0.0,1.0,1.0,0.4237,0.5,118.0,0.5,0.0
d5bf657c0bdb11eba7f7acde48001122,ace_submod_128,ace,submod,1.0,1.0,1.0,1.0,1.0,1.0,120.0,1.0,1.0
f4aa6595093611ebbdaeac1f6bf848b6,ace_submod_128,ace,submod,0.0,0.6667,1.0,1.0,0.626,1.0,123.0,1.0,1.0
5a34b04e0bd911eba7f7acde48001122,ace_submod_128,ace,submod,0.0,0.0,0.0,0.0,0.4151,0.5,106.0,0.5,0.0
1a3bb74508dc11ebbd9cac1f6bf848b6,ace_submod_128,ace,submod,0.0,0.0,1.0,1.0,0.7982,0.5,114.0,0.75,0.0
8031698e0bdb11eba7f7acde48001122,ace_submod_128,ace,submod,0.0,0.0,0.0,0.0,0.4516,0.5,124.0,1.0,1.0
637434540bde11eba7f7acde48001122,ace_submod_128,ace,submod,1.0,1.0,1.0,1.0,0.2213,0.5,122.0,0.5,0.0
943b50b20bda11eba7f7acde48001122,ace_submod_128,ace,submod,0.0,0.0,0.0,0.0,0.3252,0.5,123.0,0.5,0.0
736afe9e0baf11ebab90acde48001122,ace_submod_128,ace,submod,0.0,0.0,0.0,0.5,0.0,0.0,124.0,0.5,0.0
fb6ff1e20bdb11eba7f7acde48001122,ace_submod_128,ace,submod,0.0,0.0,0.0,0.0,0.2969,0.5,128.0,0.5,0.0
42dac74c089311ebbd74ac1f6bf848b6,ace_submod_128,ace,submod,0.0,0.2,0.0,0.25,0.5289,0.5,121.0,0.5,0.0
1407903b089d11ebbd78ac1f6bf848b6,ace_submod_128,ace,submod,0.0,0.0,0.0,0.5,0.6607,1.0,112.0,1.0,1.0
c4fd6fe80bdd11eba7f7acde48001122,ace_submod_128,ace,submod,0.0,0.0,0.0,0.0,0.3306,0.5,121.0,0.5,0.0
4de007f40bdd11eba7f7acde48001122,ace_submod_128,ace,submod,0.0,0.0,0.0,0.3333,0.3545,0.5,110.0,0.5,0.0
5ead80ee0baf11ebab90acde48001122,ace_submod_128,ace,submod,0.0,0.0,0.0,0.5,0.3097,0.5,113.0,1.0,1.0
a27849740bd911eba7f7acde48001122,ace_submod_128,ace,submod,0.0,0.0,0.0,0.0,0.4174,0.5,115.0,0.5,0.0
2b871cac0bdc11eba7f7acde48001122,ace_submod_128,ace,submod,0.0,0.0,0.0,0.0,0.4444,0.5,126.0,0.5,0.0
e2e9a9560bdb11eba7f7acde48001122,ace_submod_128,ace,submod,0.0,0.0,0.0,0.0,0.1132,0.5,106.0,0.5,0.0
ffee28d80bae11ebab90acde48001122,ace_submod_128,ace,submod,0.0,0.0,0.0,0.3333,0.0,0.0,126.0,1.0,1.0
972ecece08ef11ebbda8ac1f6bf848b6,ace_submod_128,ace,submod,1.0,1.0,1.0,1.0,0.5644,1.0,101.0,1.0,1.0
1948b12e0bda11eba7f7acde48001122,ace_submod_128,ace,submod,0.0,0.0,0.0,0.0,0.3364,0.5,110.0,0.5,0.0
406a4ee00bb011ebab90acde48001122,ace_submod_128,ace,submod,0.0,0.0,0.0,0.0,0.3077,0.5,104.0,1.0,1.0
3d1200fc0bde11eba7f7acde48001122,ace_submod_128,ace,submod,0.0,0.0,0.0,0.0,0.1379,0.5,116.0,0.5,0.0
d1c8b2a00bdd11eba7f7acde48001122,ace_submod_128,ace,submod,0.0,0.0,0.0,0.0,0.4159,0.5,113.0,0.5,0.0
c400306a0bda11eba7f7acde48001122,ace_submod_128,ace,submod,0.0,0.0,0.0,0.5,0.3947,0.5,114.0,0.5,0.0
315872d20bde11eba7f7acde48001122,ace_submod_128,ace,submod,0.0,0.0,0.0,0.0,0.2755,0.5,98.0,0.5,0.0
f6e759da0bdb11eba7f7acde48001122,ace_submod_128,ace,submod,0.0,0.0,0.0,0.0,0.4364,0.5,110.0,0.5,0.0
c0409500088f11ebbd72ac1f6bf848b6,ace_submod_128,ace,submod,0.0,0.0,0.0,0.0,0.1797,0.5,128.0,1.0,1.0
138a34f80bdd11eba7f7acde48001122,ace_submod_128,ace,submod,0.0,0.0,0.0,0.0,0.3833,0.5,120.0,0.5,0.0
2d94661c0bdc11eba7f7acde48001122,ace_submod_128,ace,submod,0.0,0.0,0.0,0.0,0.2066,0.5,121.0,0.5,0.0
aa72cb6a0baf11ebab90acde48001122,ace_submod_128,ace,submod,0.0,0.2857,1.0,1.0,0.2571,0.5,105.0,0.5,0.0
e6998c7e08de11ebbd9fac1f6bf848b6,ace_submod_128,ace,submod,0.0,0.0,1.0,1.0,0.3782,0.5,119.0,0.5,0.0
eded9bbf08de11ebbd9fac1f6bf848b6,ace_submod_128,ace,submod,1.0,1.0,0.0,0.3333,0.1513,0.25,119.0,0.25,0.0
6ae076e40bde11eba7f7acde48001122,ace_submod_128,ace,submod,0.0,0.0,0.0,0.0,0.6422,0.5,109.0,1.0,1.0
a380ab7c08b911ebbd88ac1f6bf848b6,ace_submod_128,ace,submod,0.0,0.0,1.0,1.0,0.561,1.0,123.0,1.0,1.0
df3ab4560bdd11eba7f7acde48001122,ace_submod_128,ace,submod,0.0,0.0,0.0,0.0,0.2857,0.5,119.0,1.0,1.0
df4b96e7087111ebbd63ac1f6bf848b6,ace_submod_128,ace,submod,0.0,0.0,0.0,0.3333,0.7073,0.25,123.0,0.25,0.0
faedda9a0bdb11eba7f7acde48001122,ace_submod_128,ace,submod,0.0,0.0,0.0,0.5,0.5766,1.0,111.0,1.0,1.0
50bd90820bdc11eba7f7acde48001122,ace_submod_128,ace,submod,0.0,0.0,0.0,0.0,0.1736,0.5,121.0,1.0,1.0
c01738e20bdd11eba7f7acde48001122,ace_submod_128,ace,submod,0.0,0.0,0.0,0.0,0.0744,0.5,121.0,1.0,1.0
3c0091600bde11eba7f7acde48001122,ace_submod_128,ace,submod,0.0,0.0,0.0,0.0,0.3083,1.0,120.0,1.0,1.0
1b9c91660bda11eba7f7acde48001122,ace_submod_128,ace,submod,1.0,1.0,1.0,1.0,0.6525,1.0,118.0,1.0,1.0
bd4901b0085e11ebbd5cac1f6bf848b6,ace_submod_128,ace,submod,1.0,1.0,1.0,1.0,0.4595,1.0,111.0,1.0,1.0
a7419bf3092e11ebbdaeac1f6bf848b6,ace_submod_128,ace,submod,1.0,1.0,1.0,1.0,0.5478,1.0,115.0,1.0,1.0
fa960b58085911ebbd5bac1f6bf848b6,ace_submod_128,ace,submod,0.0,0.0,0.0,0.0,0.625,1.0,120.0,1.0,1.0
582deca408bc11ebbd88ac1f6bf848b6,ace_submod_128,ace,submod,1.0,1.0,1.0,1.0,0.4355,0.5,124.0,0.5,0.0
a5bd56fc0bdd11eba7f7acde48001122,ace_submod_128,ace,submod,0.0,0.0,0.0,0.0,0.6018,1.0,113.0,1.0,1.0
6d392be40bdd11eba7f7acde48001122,ace_submod_128,ace,submod,1.0,1.0,1.0,1.0,0.568,1.0,125.0,1.0,1.0
33d4446c087511ebbd67ac1f6bf848b6,ace_submod_128,ace,submod,0.0,0.0,0.0,0.0,0.4138,0.5,116.0,0.5,0.0
881866100baf11ebab90acde48001122,ace_submod_128,ace,submod,0.0,0.0,0.0,0.0,0.1953,0.5,128.0,0.5,0.0
7d88d84d08bc11ebbd88ac1f6bf848b6,ace_submod_128,ace,submod,0.0,0.0,1.0,1.0,0.5378,0.5,119.0,0.5,0.0
4d3c252e0bda11eba7f7acde48001122,ace_submod_128,ace,submod,0.0,0.0,1.0,1.0,0.5424,1.0,118.0,1.0,1.0
9e0009f60baf11ebab90acde48001122,ace_submod_128,ace,submod,0.0,0.0,0.0,0.3333,0.0,0.0,121.0,0.5,0.0
b8133a100bdd11eba7f7acde48001122,ace_submod_128,ace,submod,0.0,0.0,0.0,0.0,0.3607,0.5,122.0,1.0,1.0
61082d440bdc11eba7f7acde48001122,ace_submod_128,ace,submod,0.0,0.0,0.0,0.0,0.3465,0.5,101.0,0.5,0.0
6ea141020baf11ebab90acde48001122,ace_submod_128,ace,submod,0.0,0.0,0.0,0.5,0.2222,0.5,126.0,0.5,0.0
d759ab480bdd11eba7f7acde48001122,ace_submod_128,ace,submod,0.0,0.0,1.0,1.0,0.5234,1.0,128.0,1.0,1.0
2e7a589e085211ebbd58ac1f6bf848b6,ace_submod_128,ace,submod,1.0,1.0,0.0,0.0,0.7521,0.5,121.0,0.5,0.0
e85d87f4095111ebbdaeac1f6bf848b6,ace_submod_128,ace,submod,0.0,0.0,1.0,1.0,0.4492,1.0,118.0,1.0,1.0
9a339d60099011ebbdb0ac1f6bf848b6,ace_submod_128,ace,submod,0.0,0.0,0.0,0.0,0.5045,1.0,111.0,1.0,1.0
5d6e00200bda11eba7f7acde48001122,ace_submod_128,ace,submod,1.0,1.0,1.0,1.0,0.4,1.0,120.0,1.0,1.0
2efc2c3b08bf11ebbd8aac1f6bf848b6,ace_submod_128,ace,submod,1.0,1.0,1.0,1.0,0.5635,0.5,126.0,0.5,0.0
0926667308d011ebbd95ac1f6bf848b6,ace_submod_128,ace,submod,1.0,1.0,1.0,1.0,0.6614,1.0,127.0,1.0,1.0
8f3945d8098111ebbdb0ac1f6bf848b6,ace_submod_128,ace,submod,1.0,1.0,0.0,0.6667,0.3451,0.5,113.0,1.0,1.0
5e8240ea0bdd11eba7f7acde48001122,ace_submod_128,ace,submod,0.0,0.0,0.0,0.0,0.2523,0.5,111.0,0.5,0.0
36ec2b3a086411ebbd5eac1f6bf848b6,ace_submod_128,ace,submod,0.0,0.0,1.0,1.0,0.469,0.5,113.0,0.5,0.0
53175e86086b11ebbd5fac1f6bf848b6,ace_submod_128,ace,submod,0.0,0.0,0.0,0.6667,0.6735,1.0,98.0,1.0,1.0
66d8f7560bde11eba7f7acde48001122,ace_submod_128,ace,submod,0.0,0.0,0.0,0.0,0.1694,0.5,124.0,0.5,0.0
a9755ea508a711ebbd7fac1f6bf848b6,ace_submod_128,ace,submod,1.0,1.0,1.0,1.0,1.0,0.5,122.0,0.5,0.0
6a8b28c00bb011ebab90acde48001122,ace_submod_128,ace,submod,0.0,0.2857,0.0,0.25,0.3565,0.5,115.0,1.0,1.0
43a949ae0bdc11eba7f7acde48001122,ace_submod_128,ace,submod,0.0,0.0,0.0,0.0,0.5455,0.5,121.0,0.5,0.0
b9cb67da092b11ebbdaeac1f6bf848b6,ace_submod_128,ace,submod,0.0,0.0,1.0,1.0,0.4661,1.0,118.0,1.0,1.0
5390f39c086d11ebbd61ac1f6bf848b6,ace_submod_128,ace,submod,1.0,1.0,1.0,1.0,0.7966,1.0,118.0,1.0,1.0
d370f0b0085711ebbd5aac1f6bf848b6,ace_submod_128,ace,submod,1.0,1.0,0.0,0.6,0.2264,0.25,106.0,0.5,0.0
adcdb9440bd911eba7f7acde48001122,ace_submod_128,ace,submod,0.0,0.0,0.0,0.0,0.3017,0.5,116.0,1.0,1.0
1db17ce108a711ebbd7fac1f6bf848b6,ace_submod_128,ace,submod,1.0,1.0,1.0,1.0,0.7049,0.5,122.0,0.5,0.0
177e0eda0bde11eba7f7acde48001122,ace_submod_128,ace,submod,0.0,0.0,0.0,0.0,0.4677,0.5,124.0,0.5,0.0
9da14ff1086311ebbd5eac1f6bf848b6,ace_submod_128,ace,submod,0.0,0.0,1.0,1.0,0.3636,1.0,121.0,1.0,1.0
2f10177608d911ebbd9cac1f6bf848b6,ace_submod_128,ace,submod,1.0,1.0,1.0,1.0,0.2034,0.5,118.0,1.0,1.0
b52a4d7e0bd911eba7f7acde48001122,ace_submod_128,ace,submod,0.0,0.0,0.0,0.0,0.64,1.0,100.0,1.0,1.0
6dd9acf20bda11eba7f7acde48001122,ace_submod_128,ace,submod,0.0,0.0,0.0,0.0,0.1094,0.5,128.0,0.5,0.0
3f635554096511ebbdafac1f6bf848b6,ace_submod_128,ace,submod,0.0,0.0,0.0,0.0,0.5818,1.0,110.0,1.0,1.0
8c12ceba0bda11eba7f7acde48001122,ace_submod_128,ace,submod,0.0,0.0,0.0,0.0,0.2982,0.5,114.0,0.5,0.0
8c1162a5086111ebbd5dac1f6bf848b6,ace_submod_128,ace,submod,1.0,1.0,1.0,1.0,0.5,1.0,124.0,1.0,1.0
0585c9aa087f11ebbd6bac1f6bf848b6,ace_submod_128,ace,submod,0.0,0.0,1.0,1.0,0.5047,0.5,107.0,0.5,0.0
b8407b060bdd11eba7f7acde48001122,ace_submod_128,ace,submod,0.0,0.0,1.0,1.0,0.62,0.5,100.0,0.5,0.0
07b62dea0baf11ebab90acde48001122,ace_submod_128,ace,submod,0.0,0.4444,0.0,0.5,0.3396,0.5,106.0,1.0,1.0
fb95c0000bdd11eba7f7acde48001122,ace_submod_128,ace,submod,0.0,0.0,0.0,0.0,0.3008,0.5,123.0,0.5,0.0
e1abbba9098a11ebbdb0ac1f6bf848b6,ace_submod_128,ace,submod,0.0,0.0,0.0,0.0,0.6333,1.0,120.0,1.0,1.0
fbf8fd9e0bda11eba7f7acde48001122,ace_submod_128,ace,submod,0.0,0.0,1.0,1.0,1.0,1.0,127.0,1.0,1.0
636fc8380bde11eba7f7acde48001122,ace_submod_128,ace,submod,0.0,0.0,0.0,0.3333,0.4762,0.5,126.0,0.5,0.0
0c97f4720bde11eba7f7acde48001122,ace_submod_128,ace,submod,0.0,0.0,0.0,0.0,0.2212,0.5,113.0,1.0,1.0
36787917086811ebbd5eac1f6bf848b6,ace_submod_128,ace,submod,1.0,1.0,1.0,1.0,0.6905,1.0,126.0,1.0,1.0
519aee780baf11ebab90acde48001122,ace_submod_128,ace,submod,0.0,0.0,0.0,0.25,0.3333,0.5,111.0,0.5,0.0
6a81117708f311ebbdaaac1f6bf848b6,ace_submod_128,ace,submod,0.0,0.0,1.0,1.0,0.6695,1.0,118.0,1.0,1.0
0105676c0bdd11eba7f7acde48001122,ace_submod_128,ace,submod,0.0,0.0,0.0,0.0,0.2623,0.5,122.0,1.0,1.0
73c53c9809a111ebbdb0ac1f6bf848b6,ace_submod_128,ace,submod,0.0,0.0,1.0,1.0,0.7016,1.0,124.0,1.0,1.0
7416106b090f11ebbdadac1f6bf848b6,ace_submod_128,ace,submod,1.0,1.0,1.0,1.0,0.625,1.0,128.0,1.0,1.0
3a1dbb720bdc11eba7f7acde48001122,ace_submod_128,ace,submod,0.0,0.0,0.0,0.3333,0.2422,0.5,128.0,0.5,0.0
ebbf5ec608da11ebbd9cac1f6bf848b6,ace_submod_128,ace,submod,1.0,1.0,1.0,1.0,0.547,1.0,117.0,1.0,1.0
3972d2b60baf11ebab90acde48001122,ace_submod_128,ace,submod,0.0,0.0,0.0,0.0,0.3571,0.5,112.0,0.5,0.0
3adb8a740bde11eba7f7acde48001122,ace_submod_128,ace,submod,1.0,1.0,1.0,1.0,0.6121,1.0,116.0,1.0,1.0
13e2f86c0bde11eba7f7acde48001122,ace_submod_128,ace,submod,0.0,0.0,0.0,0.0,0.2269,0.5,119.0,0.5,0.0
d7af391708bb11ebbd88ac1f6bf848b6,ace_submod_128,ace,submod,0.0,0.0,0.0,0.0,0.5726,0.5,124.0,0.5,0.0
c2b303ae08c411ebbd8eac1f6bf848b6,ace_submod_128,ace,submod,1.0,1.0,1.0,1.0,0.4818,0.5,110.0,0.5,0.0
db10aea20bd911eba7f7acde48001122,ace_submod_128,ace,submod,0.0,0.0,0.0,0.0,0.405,0.5,121.0,0.5,0.0
7a93fcee0bdb11eba7f7acde48001122,ace_submod_128,ace,submod,0.0,0.0,0.0,0.0,0.7363,0.5,91.0,0.5,0.0
05be9a0c0bde11eba7f7acde48001122,ace_submod_128,ace,submod,0.0,0.0,0.0,0.0,0.2602,0.5,123.0,0.5,0.0
091c13b20bdb11eba7f7acde48001122,ace_submod_128,ace,submod,0.0,0.0,0.0,0.0,0.4646,0.5,127.0,0.5,0.0
09b198a80bde11eba7f7acde48001122,ace_submod_128,ace,submod,0.0,0.0,0.0,0.0,0.614,0.5,114.0,1.0,1.0
c827468a0bdd11eba7f7acde48001122,ace_submod_128,ace,submod,0.0,0.0,0.0,0.3333,0.4516,0.5,124.0,0.5,0.0
70f54a060bb011ebab90acde48001122,ace_submod_128,ace,submod,0.0,0.0,1.0,1.0,0.6154,1.0,104.0,1.0,1.0
30e19d9008d611ebbd98ac1f6bf848b6,ace_submod_128,ace,submod,0.0,0.0,0.0,0.0,0.8319,1.0,119.0,1.0,1.0
43208df60bde11eba7f7acde48001122,ace_submod_128,ace,submod,0.0,0.0,0.0,0.0,0.0,0.0,111.0,0.5,0.0
5d0eadd80bde11eba7f7acde48001122,ace_submod_128,ace,submod,0.0,0.0,0.0,0.0,0.432,0.5,125.0,1.0,1.0
9284e77d08f811ebbdaaac1f6bf848b6,ace_submod_128,ace,submod,0.0,0.0,1.0,1.0,0.6555,1.0,119.0,1.0,1.0
94eba4ce0bdc11eba7f7acde48001122,ace_submod_128,ace,submod,0.0,0.0,0.0,0.0,0.4261,0.5,115.0,0.5,0.0
29427eea0bdd11eba7f7acde48001122,ace_submod_128,ace,submod,1.0,1.0,0.0,0.0,0.7411,1.0,112.0,1.0,1.0
62a9691e0bb011ebab90acde48001122,ace_submod_128,ace,submod,0.0,0.0,0.0,0.4,0.392,0.5,125.0,0.5,0.0
cfc0d3e80bdd11eba7f7acde48001122,ace_submod_128,ace,submod,0.0,0.0,0.0,0.0,0.1406,0.5,128.0,1.0,1.0
76708e6a08b211ebbd85ac1f6bf848b6,ace_submod_128,ace,submod,0.0,0.0,0.0,0.0,0.3388,1.0,121.0,1.0,1.0
819dbb7a08d811ebbd9cac1f6bf848b6,ace_submod_128,ace,submod,0.0,0.0,1.0,1.0,0.3496,0.5,123.0,0.5,0.0
2fee043809b111ebbdb0ac1f6bf848b6,ace_submod_128,ace,submod,0.0,0.0,1.0,1.0,0.6825,1.0,126.0,1.0,1.0
39d43b7d08ae11ebbd83ac1f6bf848b6,ace_submod_128,ace,submod,0.0,0.0,1.0,1.0,0.576,0.5,125.0,0.5,0.0
aef6771208b311ebbd86ac1f6bf848b6,ace_submod_128,ace,submod,1.0,1.0,1.0,1.0,0.7222,0.5,126.0,0.5,0.0
0cc33f200bdd11eba7f7acde48001122,ace_submod_128,ace,submod,0.0,0.0,0.0,0.3333,0.4444,0.5,117.0,0.5,0.0
8d1e4c000bdd11eba7f7acde48001122,ace_submod_128,ace,submod,0.0,0.0,0.0,0.0,0.5652,1.0,115.0,1.0,1.0
d61d3fd20bd911eba7f7acde48001122,ace_submod_128,ace,submod,0.0,0.0,0.0,0.0,0.1667,0.5,126.0,0.5,0.0
0db2574e0bde11eba7f7acde48001122,ace_submod_128,ace,submod,0.0,0.0,0.0,0.0,0.7768,0.5,112.0,0.5,0.0
48b1e7660bb011ebab90acde48001122,ace_submod_128,ace,submod,0.0,0.0,0.0,0.25,0.6609,1.0,115.0,1.0,1.0
004430780bde11eba7f7acde48001122,ace_submod_128,ace,submod,1.0,1.0,1.0,1.0,0.469,0.5,113.0,1.0,1.0
fd4096540bd911eba7f7acde48001122,ace_submod_128,ace,submod,0.0,0.0,0.0,0.0,0.0,0.0,103.0,0.5,0.0
1e4d9f2008ff11ebbdadac1f6bf848b6,ace_submod_128,ace,submod,1.0,1.0,1.0,1.0,0.4828,1.0,116.0,1.0,1.0
0e161d6c084e11ebbd56ac1f6bf848b6,ace_submod_128,ace,submod,0.0,0.0,0.0,0.0,0.4952,0.5,105.0,0.5,0.0
fe41a8aa0bdd11eba7f7acde48001122,ace_submod_128,ace,submod,0.0,0.0,0.0,0.0,0.5169,0.5,118.0,0.5,0.0
db371cbb088011ebbd6dac1f6bf848b6,ace_submod_128,ace,submod,0.0,0.0,0.0,0.0,0.7266,1.0,128.0,1.0,1.0
505a04cc0baf11ebab90acde48001122,ace_submod_128,ace,submod,0.0,0.0,0.0,0.5,0.45,0.5,120.0,1.0,1.0
5cd6974c0bdc11eba7f7acde48001122,ace_submod_128,ace,submod,0.0,0.0,0.0,0.0,0.7143,0.5,105.0,0.5,0.0
c6fe0968091111ebbdadac1f6bf848b6,ace_submod_128,ace,submod,1.0,1.0,1.0,1.0,0.4098,1.0,122.0,1.0,1.0
aaaeeb220baf11ebab90acde48001122,ace_submod_128,ace,submod,0.0,0.0,0.0,0.25,0.5741,0.5,108.0,1.0,1.0
5029152e085d11ebbd5cac1f6bf848b6,ace_submod_128,ace,submod,1.0,1.0,1.0,1.0,0.8016,1.0,126.0,1.0,1.0
beaf107f089a11ebbd77ac1f6bf848b6,ace_submod_128,ace,submod,0.0,0.0,0.0,0.0,0.5043,1.0,115.0,1.0,1.0
0961bb2808c611ebbd90ac1f6bf848b6,ace_submod_128,ace,submod,0.0,0.0,0.0,0.8333,0.563,0.5,119.0,0.5,0.0
8854559c08b911ebbd88ac1f6bf848b6,ace_submod_128,ace,submod,1.0,1.0,1.0,1.0,0.25,1.0,112.0,1.0,1.0
09c3e79c0bde11eba7f7acde48001122,ace_submod_128,ace,submod,0.0,0.0,0.0,0.0,0.2,0.5,125.0,0.5,0.0
59603ef00bdd11eba7f7acde48001122,ace_submod_128,ace,submod,1.0,1.0,0.0,0.0,0.6542,0.5,107.0,0.5,0.0
13c15658087311ebbd66ac1f6bf848b6,ace_submod_128,ace,submod,1.0,1.0,1.0,1.0,0.6789,0.5,109.0,0.5,0.0
3de5f3d60bdd11eba7f7acde48001122,ace_submod_128,ace,submod,1.0,1.0,0.0,0.0,0.29,0.5,100.0,0.5,0.0
08ceb92e0bda11eba7f7acde48001122,ace_submod_128,ace,submod,0.0,0.0,0.0,0.0,0.0,0.0,119.0,0.0,0.0
1b053aca0bdd11eba7f7acde48001122,ace_submod_128,ace,submod,0.0,0.0,0.0,0.0,0.2177,0.5,124.0,0.5,0.0
dfee66b608c911ebbd92ac1f6bf848b6,ace_submod_128,ace,submod,0.0,0.0,0.0,0.0,0.6937,1.0,111.0,1.0,1.0
23ae34720bda11eba7f7acde48001122,ace_submod_128,ace,submod,0.0,0.0,0.0,0.0,0.0,0.0,128.0,0.5,0.0
91f8aeb508b811ebbd88ac1f6bf848b6,ace_submod_128,ace,submod,0.0,0.0,1.0,1.0,0.4083,0.25,120.0,0.25,0.0
84b2e1e708ce11ebbd94ac1f6bf848b6,ace_submod_128,ace,submod,0.0,0.0,1.0,1.0,0.7154,1.0,123.0,1.0,1.0
9c1de1cf08b111ebbd85ac1f6bf848b6,ace_submod_128,ace,submod,0.0,0.0,1.0,1.0,0.3824,0.5,102.0,1.0,1.0
4bc286620bde11eba7f7acde48001122,ace_submod_128,ace,submod,0.0,0.0,0.0,0.0,0.3571,0.5,112.0,1.0,1.0
b4f63414088511ebbd6dac1f6bf848b6,ace_submod_128,ace,submod,0.0,0.0,0.0,0.0,0.188,0.5,117.0,1.0,1.0
5cc7e4f20bd911eba7f7acde48001122,ace_submod_128,ace,submod,0.0,0.0,0.0,0.0,0.2832,0.5,113.0,0.5,0.0
7d8986360bda11eba7f7acde48001122,ace_submod_128,ace,submod,0.0,0.0,0.0,0.0,0.3333,0.5,126.0,0.5,0.0
d3493f98086611ebbd5eac1f6bf848b6,ace_submod_128,ace,submod,1.0,1.0,0.0,0.5,0.1239,0.5,113.0,1.0,1.0
29306dfc0bda11eba7f7acde48001122,ace_submod_128,ace,submod,0.0,0.0,0.0,0.0,0.3333,0.5,117.0,0.5,0.0
d105363b086e11ebbd62ac1f6bf848b6,ace_submod_128,ace,submod,0.0,0.1818,1.0,1.0,0.725,1.0,120.0,1.0,1.0
350112e4085b11ebbd5cac1f6bf848b6,ace_submod_128,ace,submod,0.0,0.0,0.0,0.0,0.2589,0.25,112.0,0.5,0.0
27e926ca0bb011ebab90acde48001122,ace_submod_128,ace,submod,0.0,0.0,0.0,0.0,0.4322,0.5,118.0,0.5,0.0
650ee40e0bdd11eba7f7acde48001122,ace_submod_128,ace,submod,0.0,0.0,0.0,0.0,0.4322,0.5,118.0,0.5,0.0
43765d20087411ebbd67ac1f6bf848b6,ace_submod_128,ace,submod,0.0,0.0,0.0,0.0,0.384,0.5,125.0,0.5,0.0
ab5beae00bda11eba7f7acde48001122,ace_submod_128,ace,submod,0.0,0.0,0.0,0.0,0.2843,0.5,102.0,0.5,0.0
95c505f4097f11ebbdb0ac1f6bf848b6,ace_submod_128,ace,submod,0.0,0.0,1.0,1.0,0.1967,0.5,122.0,1.0,1.0
fb9a9b0c089011ebbd72ac1f6bf848b6,ace_submod_128,ace,submod,0.0,0.0,1.0,1.0,0.6471,1.0,119.0,1.0,1.0
d4708a220bd911eba7f7acde48001122,ace_submod_128,ace,submod,0.0,0.0,0.0,0.0,0.2917,0.5,96.0,0.5,0.0
b2a1b19e096e11ebbdb0ac1f6bf848b6,ace_submod_128,ace,submod,0.0,0.0,0.0,0.0,0.4356,0.5,101.0,1.0,1.0
0c3675d40bda11eba7f7acde48001122,ace_submod_128,ace,submod,0.0,0.0,0.0,0.0,0.0,0.0,111.0,0.0,0.0
19cae67d097711ebbdb0ac1f6bf848b6,ace_submod_128,ace,submod,1.0,1.0,1.0,1.0,0.5093,1.0,108.0,1.0,1.0
7257a60608cb11ebbd92ac1f6bf848b6,ace_submod_128,ace,submod,0.0,0.0,1.0,1.0,0.767,0.5,103.0,0.5,0.0
3f1b7d3b086c11ebbd61ac1f6bf848b6,ace_submod_128,ace,submod,0.0,0.0,0.0,0.0,0.8049,0.5,123.0,0.75,0.0
8d8c678b085911ebbd5bac1f6bf848b6,ace_submod_128,ace,submod,1.0,1.0,1.0,1.0,0.9032,0.5,124.0,0.5,0.0
e5bc717c0bdb11eba7f7acde48001122,ace_submod_128,ace,submod,0.0,0.0,0.0,0.0,0.5421,0.5,107.0,0.5,0.0
57dabdf1091c11ebbdaeac1f6bf848b6,ace_submod_128,ace,submod,0.0,0.0,0.0,0.0,0.1496,0.5,127.0,1.0,1.0
60bb44320bd911eba7f7acde48001122,ace_submod_128,ace,submod,0.0,0.0,0.0,0.5,0.2205,0.5,127.0,0.5,0.0
d428aedc08a011ebbd78ac1f6bf848b6,ace_submod_128,ace,submod,1.0,1.0,1.0,1.0,0.9055,0.5,127.0,0.5,0.0
4ef0d0c80bde11eba7f7acde48001122,ace_submod_128,ace,submod,0.0,0.0,0.0,0.0,0.4483,0.5,116.0,1.0,1.0
1ebbc9b20bde11eba7f7acde48001122,ace_submod_128,ace,submod,0.0,0.0,1.0,1.0,0.5512,1.0,127.0,1.0,1.0
958dc314091911ebbdaeac1f6bf848b6,ace_submod_128,ace,submod,0.0,0.0,0.0,0.0,0.4576,1.0,118.0,1.0,1.0
3e75a2b908bf11ebbd8aac1f6bf848b6,ace_submod_128,ace,submod,1.0,1.0,1.0,1.0,0.5909,1.0,110.0,1.0,1.0
c3f2f69a094411ebbdaeac1f6bf848b6,ace_submod_128,ace,submod,0.0,0.0,0.0,0.6667,0.5537,1.0,121.0,1.0,1.0
66eefd9e0bde11eba7f7acde48001122,ace_submod_128,ace,submod,0.0,0.0,0.0,0.0,0.0,0.0,103.0,0.0,0.0
658f9a300bd911eba7f7acde48001122,ace_submod_128,ace,submod,0.0,0.0,0.0,0.0,0.4435,0.5,115.0,0.5,0.0
5ff9cc8c0baf11ebab90acde48001122,ace_submod_128,ace,submod,0.0,0.5,0.0,0.8,0.7115,1.0,104.0,1.0,1.0
cc19962c0bdc11eba7f7acde48001122,ace_submod_128,ace,submod,0.0,0.0,0.0,0.0,0.2344,0.5,128.0,0.5,0.0
774fa4e20bdc11eba7f7acde48001122,ace_submod_128,ace,submod,0.0,0.0,0.0,0.0,0.256,0.5,125.0,1.0,1.0
284e2815085811ebbd5aac1f6bf848b6,ace_submod_128,ace,submod,1.0,1.0,1.0,1.0,1.0,0.5,112.0,0.5,0.0
5cd23bea0bda11eba7f7acde48001122,ace_submod_128,ace,submod,0.0,0.0,0.0,0.0,0.5042,0.5,119.0,0.5,0.0
b9687149089811ebbd77ac1f6bf848b6,ace_submod_128,ace,submod,0.0,0.0,0.0,0.0,0.1197,0.25,117.0,0.25,0.0
318ebd55087f11ebbd6bac1f6bf848b6,ace_submod_128,ace,submod,1.0,1.0,1.0,1.0,0.4219,0.5,128.0,0.5,0.0
60814b660bb011ebab90acde48001122,ace_submod_128,ace,submod,0.0,0.0,0.0,0.3333,0.438,1.0,121.0,1.0,1.0
6c7f03240bdb11eba7f7acde48001122,ace_submod_128,ace,submod,0.0,0.0,0.0,0.0,0.3069,0.5,101.0,0.5,0.0
b68527e40bdd11eba7f7acde48001122,ace_submod_128,ace,submod,0.0,0.0,0.0,0.0,0.4918,1.0,122.0,1.0,1.0
eb9a4b7c0bdc11eba7f7acde48001122,ace_submod_128,ace,submod,0.0,0.0,0.0,0.0,0.438,1.0,121.0,1.0,1.0
63ccce2308cb11ebbd92ac1f6bf848b6,ace_submod_128,ace,submod,0.0,0.8,1.0,1.0,0.6218,1.0,119.0,1.0,1.0
4a6714f608d011ebbd95ac1f6bf848b6,ace_submod_128,ace,submod,0.0,0.0,1.0,1.0,0.626,0.5,123.0,0.75,0.0
251db78c0bdb11eba7f7acde48001122,ace_submod_128,ace,submod,0.0,0.0,0.0,0.0,0.3458,0.5,107.0,0.5,0.0
cc6b0e9e084e11ebbd56ac1f6bf848b6,ace_submod_128,ace,submod,1.0,1.0,1.0,1.0,0.6604,0.5,106.0,0.75,0.0
b16d1ab40bdd11eba7f7acde48001122,ace_submod_128,ace,submod,0.0,0.0,1.0,1.0,0.7414,1.0,116.0,1.0,1.0
e171d29a0bdd11eba7f7acde48001122,ace_submod_128,ace,submod,0.0,0.0,0.0,0.3333,0.3659,0.5,123.0,0.5,0.0
901658be084d11ebbd56ac1f6bf848b6,ace_submod_128,ace,submod,1.0,1.0,1.0,1.0,0.7323,0.75,127.0,0.75,0.0
042bf49e0bdb11eba7f7acde48001122,ace_submod_128,ace,submod,0.0,0.0,0.0,0.0,0.1731,0.5,104.0,0.5,0.0
4d559f400bda11eba7f7acde48001122,ace_submod_128,ace,submod,0.0,0.0,0.0,0.5,0.1667,0.5,126.0,0.5,0.0
0d232356091511ebbdadac1f6bf848b6,ace_submod_128,ace,submod,0.0,0.0,0.0,0.0,0.6458,0.5,96.0,1.0,1.0
1ed79b0a087411ebbd67ac1f6bf848b6,ace_submod_128,ace,submod,0.0,0.8571,1.0,1.0,0.5614,0.5,114.0,1.0,1.0
f21ab6980bdd11eba7f7acde48001122,ace_submod_128,ace,submod,0.0,0.0,0.0,0.0,0.9,1.0,120.0,1.0,1.0
1c593ac008ae11ebbd83ac1f6bf848b6,ace_submod_128,ace,submod,0.0,0.0,0.0,0.0,0.2478,0.25,113.0,0.5,0.0
eb18a27a0baf11ebab90acde48001122,ace_submod_128,ace,submod,0.0,0.0,0.0,0.5,0.2051,0.5,117.0,0.5,0.0
bedf588e0baf11ebab90acde48001122,ace_submod_128,ace,submod,0.0,0.0,0.0,0.0,0.2975,0.5,121.0,0.5,0.0
fffc59fc088f11ebbd72ac1f6bf848b6,ace_submod_128,ace,submod,1.0,1.0,1.0,1.0,0.5081,0.5,124.0,0.5,0.0
e2cadf420bdd11eba7f7acde48001122,ace_submod_128,ace,submod,0.0,0.0,1.0,1.0,0.568,1.0,125.0,1.0,1.0
337c710c08b511ebbd88ac1f6bf848b6,ace_submod_128,ace,submod,0.0,0.0,1.0,1.0,0.6911,1.0,123.0,1.0,1.0
62df628e0bde11eba7f7acde48001122,ace_submod_128,ace,submod,0.0,0.0,0.0,0.0,0.5179,0.5,112.0,1.0,1.0
a1f532760bdb11eba7f7acde48001122,ace_submod_128,ace,submod,0.0,0.0,0.0,0.5,0.5043,1.0,117.0,1.0,1.0
5dea5497089b11ebbd78ac1f6bf848b6,ace_submod_128,ace,submod,0.0,0.0,1.0,1.0,0.6379,0.5,116.0,0.5,0.0
c6d520840bda11eba7f7acde48001122,ace_submod_128,ace,submod,0.0,0.0,1.0,1.0,0.3228,1.0,127.0,1.0,1.0
66c00bf60bde11eba7f7acde48001122,ace_submod_128,ace,submod,0.0,0.0,0.0,0.0,0.5093,0.5,108.0,0.5,0.0
95ab4cac0bdc11eba7f7acde48001122,ace_submod_128,ace,submod,1.0,1.0,1.0,1.0,0.4324,1.0,111.0,1.0,1.0
27b8af06088e11ebbd70ac1f6bf848b6,ace_submod_128,ace,submod,0.0,0.0,0.0,0.0,0.3333,0.25,120.0,0.5,0.0
50f1350208af11ebbd83ac1f6bf848b6,ace_submod_128,ace,submod,0.0,0.0,0.0,0.0,0.3119,0.25,109.0,0.5,0.0
68a60785087511ebbd67ac1f6bf848b6,ace_submod_128,ace,submod,0.0,0.0,1.0,1.0,0.4298,1.0,121.0,1.0,1.0
9e68b794091311ebbdadac1f6bf848b6,ace_submod_128,ace,submod,0.0,0.0,0.0,0.0,0.2598,0.5,127.0,1.0,1.0
d922570808dc11ebbd9dac1f6bf848b6,ace_submod_128,ace,submod,0.0,0.0,0.0,0.0,0.7156,1.0,109.0,1.0,1.0
fd5a8ea0086711ebbd5eac1f6bf848b6,ace_submod_128,ace,submod,1.0,1.0,1.0,1.0,0.6344,1.0,93.0,1.0,1.0
dff7c3b60bdd11eba7f7acde48001122,ace_submod_128,ace,submod,1.0,1.0,0.0,0.0,0.3077,0.5,104.0,0.5,0.0
75c64fb00bda11eba7f7acde48001122,ace_submod_128,ace,submod,0.0,0.0,0.0,0.3333,0.1885,0.5,122.0,0.5,0.0
43acd28e0bde11eba7f7acde48001122,ace_submod_128,ace,submod,0.0,0.0,1.0,1.0,0.6825,1.0,126.0,1.0,1.0
86afde360bda11eba7f7acde48001122,ace_submod_128,ace,submod,0.0,0.0,0.0,0.0,0.3543,0.5,127.0,0.5,0.0
2a7d95fc0bdc11eba7f7acde48001122,ace_submod_128,ace,submod,0.0,0.0,0.0,0.0,0.2456,0.5,114.0,0.5,0.0
7de481100baf11ebab90acde48001122,ace_submod_128,ace,submod,0.0,0.0,0.0,0.3333,0.7647,1.0,119.0,1.0,1.0
d8df66240bdd11eba7f7acde48001122,ace_submod_128,ace,submod,0.0,0.0,0.0,0.1667,0.7778,1.0,126.0,1.0,1.0
2e925d6a0bde11eba7f7acde48001122,ace_submod_128,ace,submod,0.0,0.5,1.0,1.0,0.3659,0.5,123.0,1.0,1.0
4b879bd6087a11ebbd67ac1f6bf848b6,ace_submod_128,ace,submod,1.0,1.0,1.0,1.0,0.504,0.5,125.0,0.5,0.0
eb30f33c086611ebbd5eac1f6bf848b6,ace_submod_128,ace,submod,0.0,0.0,0.0,0.0,0.2913,0.5,127.0,0.5,0.0
59f0b4d608b211ebbd85ac1f6bf848b6,ace_submod_128,ace,submod,1.0,1.0,1.0,1.0,0.8017,1.0,121.0,1.0,1.0
ef48a3720baf11ebab90acde48001122,ace_submod_128,ace,submod,0.0,0.0,0.0,0.75,0.3211,0.5,109.0,1.0,1.0
39c32aa2086411ebbd5eac1f6bf848b6,ace_submod_128,ace,submod,0.0,0.0,1.0,1.0,0.7438,1.0,121.0,1.0,1.0
4b11ef0808cf11ebbd95ac1f6bf848b6,ace_submod_128,ace,submod,1.0,1.0,1.0,1.0,0.5446,0.5,112.0,0.5,0.0
354ab1c408e211ebbda3ac1f6bf848b6,ace_submod_128,ace,submod,0.0,0.0,1.0,1.0,0.592,0.5,125.0,0.5,0.0
4293552c0bb011ebab90acde48001122,ace_submod_128,ace,submod,0.0,0.0,0.0,0.3333,0.0,0.0,122.0,1.0,1.0
2a234d2d089911ebbd77ac1f6bf848b6,ace_submod_128,ace,submod,0.0,0.0,1.0,1.0,0.7297,1.0,111.0,1.0,1.0
565785740bb011ebab90acde48001122,ace_submod_128,ace,submod,0.0,0.0,0.0,0.0,0.2913,0.5,103.0,0.5,0.0
511af4e80baf11ebab90acde48001122,ace_submod_128,ace,submod,0.0,0.0,0.0,0.6,0.0,0.0,116.0,0.5,0.0
227adf2c086c11ebbd60ac1f6bf848b6,ace_submod_128,ace,submod,1.0,1.0,1.0,1.0,0.4918,0.5,122.0,0.5,0.0
bac99ab40bd911eba7f7acde48001122,ace_submod_128,ace,submod,0.0,0.0,0.0,0.25,0.15,0.5,120.0,0.5,0.0
c001b9b40bdc11eba7f7acde48001122,ace_submod_128,ace,submod,0.0,0.0,0.0,0.0,0.0,0.0,118.0,0.5,0.0
c31b2d920bdc11eba7f7acde48001122,ace_submod_128,ace,submod,0.0,0.0,0.0,0.0,0.0,0.0,128.0,0.0,0.0
13288e3a090b11ebbdadac1f6bf848b6,ace_submod_128,ace,submod,0.0,0.0,1.0,1.0,0.6935,1.0,124.0,1.0,1.0
f62ae4f9096911ebbdafac1f6bf848b6,ace_submod_128,ace,submod,1.0,1.0,1.0,1.0,0.46,1.0,100.0,1.0,1.0
4bb64b540bde11eba7f7acde48001122,ace_submod_128,ace,submod,0.0,0.0,0.0,0.25,0.4537,0.5,108.0,0.5,0.0
4facc3320bd911eba7f7acde48001122,ace_submod_128,ace,submod,0.0,0.0,0.0,0.5,0.6583,0.5,120.0,0.5,0.0
af07336e0bdc11eba7f7acde48001122,ace_submod_128,ace,submod,0.0,0.0,0.0,0.0,0.4956,0.5,113.0,1.0,1.0
06ceba5e0bb011ebab90acde48001122,ace_submod_128,ace,submod,0.0,0.0,0.0,0.6667,0.7117,0.5,111.0,0.5,0.0
5a7f3e9d08e711ebbda6ac1f6bf848b6,ace_submod_128,ace,submod,0.0,0.0,0.0,0.0,0.4528,0.5,106.0,1.0,1.0
eee1f0af085911ebbd5bac1f6bf848b6,ace_submod_128,ace,submod,1.0,1.0,1.0,1.0,0.5462,1.0,119.0,1.0,1.0
7019886b093511ebbdaeac1f6bf848b6,ace_submod_128,ace,submod,0.0,0.0,1.0,1.0,0.4375,1.0,128.0,1.0,1.0
8326634a08a111ebbd79ac1f6bf848b6,ace_submod_128,ace,submod,0.0,0.0,0.0,0.0,0.5094,1.0,106.0,1.0,1.0
c74ed73b088d11ebbd70ac1f6bf848b6,ace_submod_128,ace,submod,1.0,1.0,1.0,1.0,0.8761,0.5,113.0,0.5,0.0
2f3c0934087b11ebbd67ac1f6bf848b6,ace_submod_128,ace,submod,0.0,0.0,0.0,0.0,0.392,0.25,125.0,0.25,0.0
0ccfc77808c611ebbd90ac1f6bf848b6,ace_submod_128,ace,submod,1.0,1.0,1.0,1.0,0.4808,0.5,104.0,0.5,0.0
5136616008b211ebbd85ac1f6bf848b6,ace_submod_128,ace,submod,0.0,0.0,1.0,1.0,0.6905,0.5,126.0,0.5,0.0
afcff22e0bda11eba7f7acde48001122,ace_submod_128,ace,submod,0.0,0.0,0.0,0.0,0.5433,0.5,127.0,0.5,0.0
986625bc0bdb11eba7f7acde48001122,ace_submod_128,ace,submod,0.0,0.0,0.0,0.0,0.3577,0.5,123.0,0.5,0.0
290458a20bda11eba7f7acde48001122,ace_submod_128,ace,submod,0.0,0.0,0.0,0.0,0.2718,0.5,103.0,0.5,0.0
7eeba090088d11ebbd70ac1f6bf848b6,ace_submod_128,ace,submod,1.0,1.0,1.0,1.0,0.3457,1.0,81.0,1.0,1.0
56c3a6c20bd911eba7f7acde48001122,ace_submod_128,ace,submod,0.0,0.4,0.0,0.5,0.3271,0.5,107.0,1.0,1.0
0d118fb00bdb11eba7f7acde48001122,ace_submod_128,ace,submod,0.0,0.0,0.0,0.0,0.4727,0.5,110.0,0.5,0.0
07fce4900bde11eba7f7acde48001122,ace_submod_128,ace,submod,1.0,1.0,0.0,0.0,0.4224,0.5,116.0,0.5,0.0
9ff14fea0baf11ebab90acde48001122,ace_submod_128,ace,submod,0.0,0.0,0.0,0.0,0.1875,0.5,128.0,0.5,0.0
955ddc6a0bdc11eba7f7acde48001122,ace_submod_128,ace,submod,0.0,0.0,0.0,0.0,0.2308,0.5,104.0,0.5,0.0
50b9582c0bb011ebab90acde48001122,ace_submod_128,ace,submod,0.0,0.0,1.0,1.0,0.4472,1.0,123.0,1.0,1.0
1b7752be0bdc11eba7f7acde48001122,ace_submod_128,ace,submod,0.0,0.0,0.0,0.0,0.5185,0.5,108.0,0.5,0.0
f31d38460bdc11eba7f7acde48001122,ace_submod_128,ace,submod,0.0,0.6667,1.0,1.0,1.0,1.0,108.0,1.0,1.0
dd01c8180bd911eba7f7acde48001122,ace_submod_128,ace,submod,0.0,0.0,0.0,0.0,0.44,1.0,125.0,1.0,1.0
afc6b59708b611ebbd88ac1f6bf848b6,ace_submod_128,ace,submod,1.0,1.0,1.0,1.0,0.5487,0.5,113.0,0.5,0.0
df66ea220bdc11eba7f7acde48001122,ace_submod_128,ace,submod,0.0,0.0,0.0,0.0,0.6765,1.0,102.0,1.0,1.0
a84ba2780bda11eba7f7acde48001122,ace_submod_128,ace,submod,0.0,0.0,0.0,0.0,0.0,0.0,116.0,0.0,0.0
c418fa2408e811ebbda6ac1f6bf848b6,ace_submod_128,ace,submod,1.0,1.0,1.0,1.0,0.1019,0.5,108.0,0.5,0.0
96beb0b3086111ebbd5dac1f6bf848b6,ace_submod_128,ace,submod,1.0,1.0,1.0,1.0,0.7874,1.0,127.0,1.0,1.0
74b171780bde11eba7f7acde48001122,ace_submod_128,ace,submod,0.0,0.0,0.0,0.0,0.215,0.5,107.0,0.5,0.0
8930ad3c0bdc11eba7f7acde48001122,ace_submod_128,ace,submod,0.0,0.0,0.0,0.0,0.5906,0.5,127.0,0.5,0.0
51a08d5308ac11ebbd82ac1f6bf848b6,ace_submod_128,ace,submod,1.0,1.0,1.0,1.0,0.2832,0.5,113.0,1.0,1.0
b4254d4c0bda11eba7f7acde48001122,ace_submod_128,ace,submod,0.0,0.0,0.0,0.0,0.6607,1.0,112.0,1.0,1.0
f77f95da0bd911eba7f7acde48001122,ace_submod_128,ace,submod,0.0,0.0,0.0,0.0,0.1654,0.5,127.0,0.5,0.0
3581ccec0bdd11eba7f7acde48001122,ace_submod_128,ace,submod,0.0,0.0,0.0,0.0,0.0,0.0,98.0,0.0,0.0
20058aec0bde11eba7f7acde48001122,ace_submod_128,ace,submod,0.0,0.0,0.0,0.0,0.3415,0.5,123.0,1.0,1.0
f4a66ac60bae11ebab90acde48001122,ace_submod_128,ace,submod,0.0,0.0,0.0,0.5,0.7395,0.5,119.0,0.5,0.0
001ad110086911ebbd5eac1f6bf848b6,ace_submod_128,ace,submod,0.0,0.0,0.0,0.0,0.0,0.0,117.0,0.5,0.0
b3c4b3a80bdd11eba7f7acde48001122,ace_submod_128,ace,submod,0.0,0.0,0.0,0.0,0.3761,0.5,117.0,0.5,0.0
38fdf5420bda11eba7f7acde48001122,ace_submod_128,ace,submod,0.0,0.0,0.0,0.0,0.2857,0.5,112.0,0.5,0.0
6a53eb53089b11ebbd78ac1f6bf848b6,ace_submod_128,ace,submod,0.0,0.0,1.0,1.0,0.5478,1.0,115.0,1.0,1.0
4c319d400bde11eba7f7acde48001122,ace_submod_128,ace,submod,0.0,0.0,0.0,0.0,0.4035,0.5,114.0,0.5,0.0
998f8786089711ebbd77ac1f6bf848b6,ace_submod_128,ace,submod,1.0,1.0,1.0,1.0,0.6117,0.5,103.0,0.5,0.0
0b78b1e9087411ebbd67ac1f6bf848b6,ace_submod_128,ace,submod,0.0,0.0,0.0,0.0,0.5625,1.0,112.0,1.0,1.0
632fcc82085611ebbd59ac1f6bf848b6,ace_submod_128,ace,submod,0.0,0.0,1.0,1.0,0.6111,1.0,126.0,1.0,1.0
272062fc088c11ebbd6fac1f6bf848b6,ace_submod_128,ace,submod,1.0,1.0,0.0,0.0,0.2683,0.25,123.0,0.25,0.0
241a9d0c0bde11eba7f7acde48001122,ace_submod_128,ace,submod,0.0,0.0,0.0,0.0,0.3471,0.5,121.0,0.5,0.0
c6c492e008bb11ebbd88ac1f6bf848b6,ace_submod_128,ace,submod,1.0,1.0,1.0,1.0,0.434,1.0,106.0,1.0,1.0
b67ef6380bda11eba7f7acde48001122,ace_submod_128,ace,submod,0.0,0.0,1.0,1.0,0.1513,0.5,119.0,1.0,1.0
4a3edf720bdc11eba7f7acde48001122,ace_submod_128,ace,submod,0.0,0.3333,0.0,0.3333,0.16,0.5,100.0,0.5,0.0
b21084c2097c11ebbdb0ac1f6bf848b6,ace_submod_128,ace,submod,1.0,1.0,1.0,1.0,0.7323,1.0,127.0,1.0,1.0
f5c9a3f2086111ebbd5dac1f6bf848b6,ace_submod_128,ace,submod,0.0,0.0,1.0,1.0,0.5586,1.0,111.0,1.0,1.0
1a344858086711ebbd5eac1f6bf848b6,ace_submod_128,ace,submod,1.0,1.0,1.0,1.0,0.7391,0.75,115.0,0.75,0.0
dac1f66e0bdd11eba7f7acde48001122,ace_submod_128,ace,submod,1.0,1.0,0.0,0.0,0.7623,1.0,122.0,1.0,1.0
141636ac0bdc11eba7f7acde48001122,ace_submod_128,ace,submod,0.0,0.0,0.0,0.0,0.4417,0.5,120.0,0.5,0.0
48b07de00bb011ebab90acde48001122,ace_submod_128,ace,submod,0.0,0.2,0.0,0.7143,0.2521,0.5,119.0,1.0,1.0
