qid,question,rule_policy,oracle_policy,chunk_confidence,bm25_confidence,hybrid_confidence,ace_confidence,ace_chunk_doc_jaccard,chunk_packed_280_tokens,chunk_packed_280_doc_count,chunk_packed_280_em,chunk_packed_280_f1,bm25_packed_280_tokens,bm25_packed_280_doc_count,bm25_packed_280_em,bm25_packed_280_f1,hybrid_packed_280_tokens,hybrid_packed_280_doc_count,hybrid_packed_280_em,hybrid_packed_280_f1,ace_packed_280_tokens,ace_packed_280_doc_count,ace_packed_280_em,ace_packed_280_f1,ace_focused_220_tokens,ace_focused_220_doc_count,ace_focused_220_em,ace_focused_220_f1
5aba926f55429901930fa83e,Which Formula One World Champion had a teammate named Richie Ginther?,ace_focused_220,ace_focused_220,0.28175769538274975,0.24910480179824274,0.27839116698212596,0.35937371349989855,0.6666666666666666,255,4,0.0,0.0,274,5,0.0,0.0,261,4,0.0,0.0,280,5,0.0,0.0,193,5,0.0,0.0
5ae1fced5542997283cd230e,"Which writer won the Nobel Prize, William H. Gass or Naguib Mahfouz?",chunk_packed_280,ace_focused_220,0.31184845954727936,0.28066743464591387,0.27904854283029357,0.32691031136091775,1.0,260,5,1.0,1.0,275,5,1.0,1.0,275,5,1.0,1.0,280,5,1.0,1.0,205,4,1.0,1.0
5a890b895542995153361278,The first person to reach both poles named a glacier after which person? ,ace_focused_220,ace_focused_220,0.274273364023577,0.3076918456228461,0.278803079622701,0.31954063187048376,0.6666666666666666,274,5,0.0,0.6666666666666666,278,4,0.0,0.0,270,5,0.0,0.0,279,5,0.0,0.0,217,5,0.0,0.6666666666666666
5a90b2175542990a984936ae,"Which tennis player is South African, Mariaan de Swardt or Kateryna Bondarenko?",ace_focused_220,ace_focused_220,0.2979732395840643,0.30037421630108896,0.3076923226224654,0.34397151772276724,1.0,244,5,1.0,1.0,244,5,1.0,1.0,244,5,1.0,1.0,254,6,1.0,1.0,201,6,1.0,1.0
5a881cbb55429938390d3ee7,St. John of the Cross Episcopal Church has a rectory that was in a style that was a product of what earlier style?,chunk_packed_280,ace_focused_220,0.3644031458324427,0.36876920380746075,0.3739269343631489,0.38188473248661986,0.42857142857142855,276,5,0.0,0.0,279,5,0.0,0.0,279,5,0.0,0.0,269,5,0.0,0.0,217,4,0.0,0.0
5a764c0b55429976ec32bd89,What criteria subjectively qualifies the Houston Astrodome to be called the Eighth Wonder of the World?,chunk_packed_280,ace_packed_280,0.33524413365045846,0.36172079874639496,0.34858497638919944,0.33649771415382135,0.6666666666666666,275,5,0.0,0.16666666666666666,269,5,0.0,0.16666666666666666,269,5,0.0,0.16666666666666666,243,5,0.0,0.42857142857142855,199,4,0.0,0.0
5ac2da27554299657fa2909f,Which town was home to a forward for the Western New York Flash? ,ace_focused_220,ace_focused_220,0.31097659381088816,0.31128121460860025,0.31311137023531965,0.39267886704248517,0.6666666666666666,251,4,0.0,0.0,251,4,0.0,0.0,251,4,0.0,0.0,274,4,0.0,0.0,208,4,0.0,0.0
5ac26ac15542992f1f2b38bc,Who is the film dedicated to that Paramount Classics and MTV Films co-purchased the rights to?,ace_focused_220,ace_focused_220,0.2583694928867781,0.29780670845114354,0.2678988175008775,0.34846086798396836,0.42857142857142855,278,5,0.0,0.0,277,5,0.0,0.0,273,5,0.0,0.0,261,5,0.0,0.0,217,3,0.0,0.0
5a8a521d5542992d82986f15,For which team does Mads Bødker player that is controlled by Danmarks Ishockey Union?,ace_focused_220,ace_focused_220,0.29429180437532104,0.2962611913576926,0.2978063619944723,0.4001473421665871,1.0,265,5,0.0,0.0,265,5,0.0,0.0,265,5,0.0,0.0,280,5,0.0,0.0,186,5,0.0,0.0
5ae650fb55429929b0807b2e,Christopher Oscar Pena was recognized by an entertainment-industry brand aimed at what?,chunk_packed_280,hybrid_packed_280,0.27761630507680823,0.279511027158594,0.280170763736462,0.27313098260734675,0.6666666666666666,277,5,0.0,0.7272727272727273,264,5,0.0,0.0,258,5,0.0,0.7272727272727273,272,5,0.0,0.7272727272727273,219,4,0.0,0.0
5a8bc1b85542997f31a41db8,Which one between Milium and Eucommia lives more widely spread across the world?,chunk_packed_280,ace_focused_220,0.22334365130267098,0.22477716485171761,0.230837177164499,0.2203276556652486,0.6666666666666666,277,5,0.0,0.0,266,4,0.0,0.0,279,5,0.0,0.0,251,5,0.0,0.0,199,5,0.0,0.0
5ab209ec554299722f9b4ca2,What video game character did the voice actress in the animated film Alpha and Omega voice?,ace_focused_220,ace_focused_220,0.2931693286327427,0.31901986566982965,0.29852704772931404,0.32465994339294546,1.0,251,4,0.0,0.0,279,5,0.0,0.0,251,4,0.0,0.0,252,4,0.0,0.0,210,4,0.0,0.0
5a8bb90f5542996e8ac88a02,"What Canadian actor starred in a film released on June 14th,2011?",ace_focused_220,hybrid_packed_280,0.22648587241968485,0.2203837136817959,0.22537291938664297,0.30089198770675535,0.1111111111111111,272,5,0.0,0.0,267,5,0.0,0.0,258,5,0.0,0.5,278,5,0.0,0.0,179,4,0.0,0.0
5ac31b0a554299741d48a1f0,"Who directed the film to which "" A Perfect Murder"" was a modern remake? ",chunk_packed_280,ace_focused_220,0.3230435919278479,0.3244079973188112,0.34864704068621366,0.346279799051444,1.0,271,5,0.0,0.0,280,5,0.0,0.0,280,5,0.0,0.0,271,5,0.0,0.0,218,5,0.0,0.0
5adf3e355542993a75d26440,"How long is the bridge in the Öresund Region that connect Copenhagen, Denmark and Malmo, Sweden?",chunk_packed_280,bm25_packed_280,0.2697977955591555,0.2704935720055158,0.2670250581122985,0.2973366708289126,0.6666666666666666,266,5,0.0,0.0,278,5,1.0,1.0,266,5,0.0,0.0,261,5,0.0,0.0,210,4,0.0,0.0
5abd245555429924427fcf0f,"Under which ring name does the wrestler who participated in a taser match with Bam Bam Bigelow, associate himself with in the World Wrestling Federation?",chunk_packed_280,ace_focused_220,0.2786628215392486,0.26329335450023356,0.2637886489377639,0.2865406607406161,0.6666666666666666,254,5,1.0,1.0,279,5,0.0,0.0,266,5,1.0,1.0,279,5,0.0,0.0,214,4,1.0,1.0
5a84b5975542991dd0999da3,In what ecclesiastical province is Stephen Conway currently part of?,ace_focused_220,chunk_packed_280,0.28083790798807434,0.29155711785959004,0.30429169218343854,0.3386935246441869,0.42857142857142855,271,5,1.0,1.0,278,4,0.0,0.0,278,4,0.0,0.0,267,5,0.0,0.0,220,5,0.0,0.8571428571428571
5a8ba3ff55429971feec4744,Stokely Webster has paintings can be found at the official residence of whom?,chunk_packed_280,ace_focused_220,0.2980553866248066,0.31994179810654133,0.31566014465013303,0.2917940363437757,1.0,265,5,0.0,0.0,261,5,0.0,0.0,261,5,0.0,0.0,274,5,0.0,0.0,190,4,0.0,0.0
5a8303c255429954d2e2ec01,The Plymouth fury produced from 1955 to 1989  was replaced by what for police and fleet applications?,ace_focused_220,ace_focused_220,0.26878346407695386,0.2675696267698264,0.2837552092642477,0.3858275943457506,0.42857142857142855,261,5,0.0,0.0,279,5,0.0,0.0,279,5,0.0,0.0,269,5,0.0,0.0,217,4,0.0,0.0
5a7b374c5542995eb53be8cc,Which city was the man who is known for a science humor story based on the tongue-in-cheek combination of two adages born in?,hybrid_packed_280,ace_focused_220,0.34342985487138383,0.42404383392743406,0.3930766612056379,0.3474682975597049,0.6666666666666666,277,5,0.0,0.7499999999999999,279,5,0.0,0.7499999999999999,274,5,0.0,0.7499999999999999,262,5,0.0,0.7499999999999999,217,5,0.0,0.7499999999999999
5a7b63eb55429931da12ca7e,What city does Paul Clyne and David Soares have in common?,ace_focused_220,ace_focused_220,0.23691454932862824,0.2498779439879787,0.2625181791923431,0.2792105263267216,0.25,268,5,0.0,0.0,279,4,0.0,0.0,267,5,0.0,0.0,268,5,0.0,0.0,187,4,0.0,0.0
5a90492655429933b8a204d8,Garth Richardson is the son of the producer who worked for which group that evolved from The Iveys?,chunk_packed_280,ace_focused_220,0.2484442862648661,0.2656855943625787,0.2647954384189344,0.27104806456138264,0.42857142857142855,262,5,1.0,1.0,264,4,1.0,1.0,270,5,1.0,1.0,276,5,1.0,1.0,220,4,1.0,1.0
5a8a502b5542996c9b8d5ea6,Who wrote the lyrics to the theme song that was used by the Western film series Range Busters?,chunk_packed_280,chunk_packed_280,0.3109227614614972,0.312492627479554,0.32481588189365485,0.2900360614615918,0.6666666666666666,224,5,0.0,0.8571428571428571,267,5,0.0,0.0,263,5,0.0,0.4,220,5,0.0,0.6666666666666666,209,5,0.0,0.4
5ae5a4e5554299546bf82f01,"Which writer of ""Rewrite This Story"" are an American songwriting duo and composing team for musical theater, films, and television?",ace_focused_220,ace_focused_220,0.31318705426195176,0.3247062322734885,0.30317289939392267,0.4159360956156948,0.6666666666666666,278,5,0.0,0.7499999999999999,278,5,0.0,0.7499999999999999,278,5,0.0,0.7499999999999999,276,5,0.0,0.7499999999999999,206,5,0.0,0.7499999999999999
5a78e3b955429974737f78f1,"Who was born first, Javier Frana or Sherwood Stewart?",chunk_packed_280,chunk_packed_280,0.30738030517179915,0.3058562376805821,0.29605142477314694,0.3084602064140996,0.6666666666666666,197,5,1.0,1.0,208,5,1.0,1.0,203,5,1.0,1.0,238,5,1.0,1.0,210,5,1.0,1.0
5a85cd295542997175ce202b,Who was the military commander of the last active ruler of the Ptolemaic Kingdom of Egypt?,ace_focused_220,ace_focused_220,0.2914071603833675,0.29933816217670833,0.30918306421713027,0.3222038962395069,1.0,273,5,0.0,0.0,262,5,0.0,0.0,273,5,0.0,0.0,259,5,0.0,0.0,202,4,0.0,0.0
5add6cf45542992ae4cec55f,What is the current occupation of the footballer replaced by Zdenek Zeman at the beginning of the 2012-13 A. S. Roma season?  ,chunk_packed_280,ace_focused_220,0.31236098895045084,0.31527863745229334,0.32010470457178297,0.3350696520714344,0.42857142857142855,279,4,0.0,0.0,279,4,0.0,0.0,279,4,0.0,0.0,267,5,0.0,0.0,212,4,0.0,0.0
5a86fde6554299211dda2b7f, Pramod Bhasin was the former CEO of a company that provided what kind of services?,chunk_packed_280,ace_focused_220,0.28014366758913034,0.2704235823010533,0.2887048095681135,0.258378270208077,0.25,280,5,0.0,0.0,271,5,0.0,0.0,271,5,0.0,0.0,264,5,0.0,0.0,193,5,0.0,0.0
5a8198565542995ce29dcc13,Are Ranger Rick and Tennis both sports magazines?,ace_packed_280,ace_focused_220,0.27170615943304804,0.29303370964583125,0.2942574165803617,0.32932707324353283,0.42857142857142855,250,5,0.0,0.0,270,5,0.0,0.0,274,5,1.0,1.0,264,5,1.0,1.0,220,4,1.0,1.0
5a79332555429907847277e7,"Who died first, Bryce Courtenay or Juan Carlos Onetti?",ace_focused_220,ace_focused_220,0.3090269119134468,0.3277046278166675,0.30740482449905926,0.37058291310826846,0.6666666666666666,261,5,1.0,1.0,259,5,1.0,1.0,273,5,1.0,1.0,280,5,1.0,1.0,197,5,1.0,1.0
5ac31602554299741d48a1bf,"Which of the actress starred in  Zombie Night appeared in the 1998 erotic thriller ""Wild Things""?",ace_focused_220,ace_packed_280,0.3112866606471944,0.296125748555249,0.2977341609812596,0.45639943808810723,1.0,256,5,1.0,1.0,270,5,1.0,1.0,256,5,1.0,1.0,245,5,1.0,1.0,201,5,0.0,0.0
5ae4a2e25542996836b02cee,"The county that the community of Milltown, Montana is part of was founded in which year?",ace_focused_220,ace_focused_220,0.30757263472425656,0.3019779935835251,0.3098455934941311,0.3694188587215217,0.6666666666666666,260,5,0.0,0.0,265,5,0.0,0.0,260,5,0.0,0.0,279,5,1.0,1.0,219,4,1.0,1.0
5a8192045542995ce29dcc04,"Inserra Supermarkets is a supermarket chain that is a member of what cooperative that was founded in 1946 and based in Keasbey, New Jersey?",chunk_packed_280,ace_focused_220,0.3331566724330348,0.3454990714294394,0.33470736588693606,0.33781540728354453,0.6666666666666666,272,5,1.0,1.0,270,5,1.0,1.0,270,5,1.0,1.0,269,5,1.0,1.0,217,5,1.0,1.0
5a817d8c55429903bc27b974,Jim Jeffcoat is currently an assistant football coach in a university that was founded how many month before Colorado was admitted to the Union ?,ace_focused_220,ace_focused_220,0.3065521351685202,0.31423452444905275,0.30297663319556567,0.3444155432524738,0.42857142857142855,275,5,0.0,0.0,278,5,0.0,0.0,274,5,0.0,0.0,277,5,0.0,0.0,214,5,0.0,0.0
5adf0ae45542992d7e9f9286,"Where was the film set in which the daughter of Shashi Kapoor, along side Sarat Pujari and Navni Parihar, set?",ace_focused_220,ace_packed_280,0.271185813286548,0.3019124979981803,0.27968377605447997,0.3522511982798149,0.25,279,5,0.0,0.6666666666666666,278,5,0.0,0.6666666666666666,271,5,0.0,0.6666666666666666,266,5,0.0,0.6666666666666666,213,5,0.0,0.0
5a7309a15542992359bc320c,"Which writer of the song ""Money, Money, Money"" by pop group ABBA was born on 16 December 1946 ?",chunk_packed_280,ace_focused_220,0.2783396212195991,0.25469528380251594,0.27342373748565385,0.28855330653797273,0.42857142857142855,265,5,1.0,1.0,273,5,0.0,0.0,279,5,1.0,1.0,258,5,1.0,1.0,199,4,1.0,1.0
5ac54f8d5542993e66e822f5,"When did the author of ""Computing Machinery and Intelligence"" die?",ace_focused_220,ace_focused_220,0.32191355485032713,0.3229672957962725,0.34403620465670726,0.37912207535910647,0.6666666666666666,273,5,0.0,0.5,276,5,0.0,0.0,275,5,0.0,0.0,277,5,0.0,0.0,212,5,0.0,0.5
5ae5cf625542996de7b71a22,What sports team included both of the brothers Case McCoy and Colt McCoy during different years?,chunk_packed_280,ace_focused_220,0.24856499886481215,0.27609722658109936,0.2686987741181516,0.26334123806831006,0.42857142857142855,274,5,0.0,0.0,274,5,0.0,0.8571428571428571,274,5,0.0,0.8571428571428571,279,5,0.0,0.6666666666666666,202,5,0.0,0.8571428571428571
5ae1d5a3554299234fd04319,"Which football player that topped the 10,000-yard career rushing mark has played for the New England Patriots?",ace_focused_220,chunk_packed_280,0.26531765133425367,0.2802749959005322,0.2695799853839492,0.2991502162356181,0.42857142857142855,261,4,1.0,1.0,256,4,0.0,0.0,275,5,0.0,0.0,279,5,0.0,0.8571428571428571,216,5,0.0,0.8571428571428571
5ab6390f5542995eadeeff7a,Where was the maker of Cougar bourbon whiskey headquartered before its acquisition by Anheuser-Busch InBev?,ace_focused_220,ace_focused_220,0.24635525207724582,0.2565770399857563,0.2538577265808146,0.28978087455304335,0.42857142857142855,277,5,0.0,0.0,263,4,0.0,0.0,263,4,0.0,0.0,280,5,0.0,0.6666666666666666,197,4,0.0,0.6666666666666666
5a7344e95542991f9a20c6ce,What song was number 4 on the charts when a song from FutureSex/LoveSounds was number 1?,chunk_packed_280,ace_focused_220,0.23663413061964844,0.23769600224258022,0.26086949728434955,0.23710231967800052,0.25,260,4,0.0,0.0,279,5,0.0,0.0,280,5,0.0,0.0,279,5,0.0,0.0,220,5,0.0,0.0
5ac2ed41554299218029db96,"Which genus has more species, Monstera or Cercis?",chunk_packed_280,ace_focused_220,0.22704171252978256,0.2644076651827426,0.26027948482351876,0.23855397580729587,0.42857142857142855,266,5,1.0,1.0,266,5,1.0,1.0,266,5,1.0,1.0,267,5,1.0,1.0,212,4,1.0,1.0
5ae0536755429924de1b70a6,"Are both genera Silphium and Heliotropium, genera of flowering plants ?",ace_focused_220,ace_focused_220,0.2511119013901344,0.2191269785414512,0.24601788433357474,0.2889461579457937,0.42857142857142855,276,5,0.0,0.0,278,5,0.0,0.0,273,5,0.0,0.0,237,5,0.0,0.0,205,5,0.0,0.0
5aba7cb455429901930fa7eb,What honor has been received by both a former NASA Astronaut and the Founder of FlightSafety International?,chunk_packed_280,chunk_packed_280,0.21486476131581997,0.22412771553729605,0.22521724037193547,0.24185941404241795,0.42857142857142855,275,5,1.0,1.0,276,5,0.0,0.25,275,5,0.0,0.25,257,5,0.0,0.0,198,5,0.0,0.0
5ac083b0554299294b21900d,What kind of beverage does Planter's Punch and Black Velvet have in common?,chunk_packed_280,ace_focused_220,0.29164949458351375,0.31175175375070296,0.3166762745090431,0.28714281426547417,0.42857142857142855,272,5,0.0,0.0,275,5,0.0,0.0,267,5,0.0,0.0,273,5,0.0,0.0,219,5,0.0,0.0
5a7d1bf65542995ed0d165f0,What year was the midfielder who shot the winning goal in the 2009 DFB-Pokal Final born?,ace_focused_220,ace_focused_220,0.2772917993873174,0.30132283460466414,0.30175576755334566,0.32219185004626416,0.42857142857142855,273,5,1.0,1.0,279,5,0.0,0.0,265,5,0.0,0.0,251,5,0.0,0.0,217,5,1.0,1.0
5a81a2705542990a1d231e30,"Which is farther north, Wynantskill, New York or Hannaford Brothers Company?",ace_focused_220,ace_focused_220,0.281726653404608,0.27779242462140574,0.28150571165493987,0.35639894467657673,0.42857142857142855,275,5,0.0,0.0,272,5,0.0,0.0,272,5,0.0,0.0,271,5,0.0,0.5,211,3,0.0,0.5
5a82626655429966c78a6a08,"Who has been a member of more music bands, Ian MacKaye or Brody Dalle?",chunk_packed_280,ace_focused_220,0.2281797518644732,0.22994540580812134,0.2360499251985543,0.2512417942433004,1.0,271,4,0.0,0.6666666666666666,262,4,0.0,0.0,267,4,0.0,0.6666666666666666,270,5,0.0,0.6666666666666666,214,5,0.0,0.6666666666666666
5a88a23f5542997e5c09a652,"Which director, Chris O'Dea or Lucky McKee,  is a Master of Fine Arts graduate of the UCLA School of Theater, Film and Television?",ace_focused_220,ace_focused_220,0.36666690757190146,0.3656161007139501,0.40901726549492234,0.46766855595114787,0.42857142857142855,276,5,0.0,0.0,276,4,0.0,0.0,250,4,0.0,0.0,260,5,0.0,0.0,208,5,0.0,0.0
5ae518ae5542993aec5ec13c,Were the documentaries  One Big Hapa Family and A Film Unfinished directed by the same person?,chunk_packed_280,ace_focused_220,0.35120363209277583,0.36967037812935477,0.3668142431664779,0.3688985025953061,0.42857142857142855,276,5,0.0,0.0,280,5,0.0,0.0,270,5,0.0,0.0,277,5,0.0,0.0,195,4,0.0,0.0
5a8d227a554299585d9e37b1, What annual event occurs on a property co-founded by an American who was the best-selling recording artist of the 20th century?,chunk_packed_280,ace_focused_220,0.24729786287906985,0.2530633773385268,0.25514373522841405,0.23578051208569786,0.0,278,5,0.0,0.0,279,5,0.0,0.0,265,5,0.0,0.0,243,3,0.0,0.0,201,3,0.0,0.0
5ae5dae2554299546bf82fa4,"Faruk Halibegovic was born in what city that is the capital and largest city of Bosnia and Herzegovina with a population of 275,524?",ace_focused_220,ace_focused_220,0.3350338831636448,0.31049200611488137,0.34683537305963336,0.4267362973133262,0.6666666666666666,278,5,1.0,1.0,259,5,1.0,1.0,257,5,1.0,1.0,277,5,1.0,1.0,217,4,1.0,1.0
5ac0e0c75542997d64295a6e,Reggaetón Lento is a song by the boy band formed on which date?,ace_focused_220,ace_focused_220,0.27827356189222874,0.27667832253409197,0.2789431575747142,0.43497047899448116,0.6666666666666666,272,5,1.0,1.0,279,5,1.0,1.0,271,5,1.0,1.0,251,5,0.0,0.0,210,4,1.0,1.0
5a8268aa55429940e5e1a8aa,Hugo Rodríguez Romero is a Spanish footballer who plays for a team in the autonomous community of what?,chunk_packed_280,ace_focused_220,0.3859369248839867,0.4088771812566536,0.4009971371970664,0.3864324849308085,0.42857142857142855,277,5,0.0,0.0,265,5,1.0,1.0,267,5,0.0,0.0,272,5,0.0,0.0,218,5,1.0,1.0
5a79c1095542996c55b2dc62,"Who died first, Chester Erskine or Sam Taylor?",ace_packed_280,ace_focused_220,0.2722478049095068,0.2591310361579346,0.27620768430555176,0.33814564084813303,0.42857142857142855,231,5,1.0,1.0,252,5,0.0,0.0,258,5,1.0,1.0,270,5,1.0,1.0,216,5,1.0,1.0
5ae18d615542997283cd2229,To what sport does the Atomweight class belong?,ace_focused_220,ace_focused_220,0.2557105845242029,0.24815218483487095,0.2473462780470485,0.31080950612555447,0.6666666666666666,275,5,1.0,1.0,272,5,1.0,1.0,278,5,1.0,1.0,274,5,1.0,1.0,200,5,1.0,1.0
5ae0156455429942ec259c15,What is the name of the fashion label that the founder of the Faena Arts Center founded in 1985?,ace_focused_220,ace_focused_220,0.2874051165956061,0.3070041251380743,0.30132059561040553,0.32533883710757805,0.6666666666666666,274,5,1.0,1.0,277,5,1.0,1.0,268,5,1.0,1.0,266,5,0.0,0.0,219,4,1.0,1.0
5a876f785542993e715abf42,"Which person, William Blake Herron or John Carpenter, held more diverse roles in the movie industry?",chunk_packed_280,ace_focused_220,0.25510539538080557,0.2635946211723009,0.263776140797916,0.2826960675220059,0.6666666666666666,275,5,0.0,0.0,273,5,0.0,0.0,271,5,0.0,0.0,260,5,0.0,0.0,207,5,0.0,0.0
5ae25d2b554299495565da46,"Who has more singles titles, Brian Gottfried or Peter Fleming?",chunk_packed_280,ace_focused_220,0.3020477243302624,0.32316465148322915,0.31381510875998114,0.3055251604902172,0.6666666666666666,280,5,0.0,0.0,279,5,0.0,0.0,269,5,0.0,0.0,255,5,0.0,0.0,216,5,0.0,0.0
5a9068f85542990a98493623,What was the nickname of the 76er who was drafted 3rd in the 2014 draft? ,ace_focused_220,ace_focused_220,0.21726582896130023,0.2205547612687663,0.22723177417515295,0.2907630884916217,0.42857142857142855,275,4,1.0,1.0,278,4,0.0,0.0,276,4,1.0,1.0,278,5,1.0,1.0,210,4,1.0,1.0
5a772c395542993735360207,What else was Baghdad known as during the Abbasid Caliphate?,ace_focused_220,ace_focused_220,0.21061907383320447,0.23605160840763456,0.21419298695997596,0.26583152320686254,1.0,263,4,0.0,0.0,279,4,0.0,0.0,263,4,0.0,0.0,273,4,0.0,0.0,205,3,0.0,0.0
5a80522b5542996402f6a4c1,What population ranking is the Oklahoma city located south of a wilderness area spanning over 5000 acres?,ace_focused_220,ace_focused_220,0.2608308328165797,0.2669196925930277,0.2749800524346787,0.28970045288551605,0.6666666666666666,280,5,0.0,0.0,272,4,0.0,0.0,269,4,0.0,0.0,280,5,0.0,0.0,208,4,0.0,0.0
5add60905542995b365fab1d,What do Victor Salva and Emilio Fernández have in common?,ace_focused_220,ace_focused_220,0.27235710379555605,0.29320352933637983,0.29841766511300616,0.30635301265346815,0.6666666666666666,272,5,0.0,0.0,274,5,0.0,0.0,275,5,0.0,0.0,279,5,0.0,0.0,205,5,0.0,0.0
5a75092b55429916b0164242,What third film in a franchise did Camile Delamarre edit?,chunk_packed_280,ace_focused_220,0.2299037103513901,0.21832758852473724,0.21608312475193026,0.22733899061365723,0.1111111111111111,265,5,1.0,1.0,279,5,0.0,0.5,259,5,1.0,1.0,279,5,1.0,1.0,208,5,1.0,1.0
5adf8ade5542993344016ce8,"Dutch-born American businessman, Harry Koch, fathered a son born in 1900 that founded which oil refinery firm?",chunk_packed_280,bm25_packed_280,0.30879257201884724,0.3100558071808204,0.2991270746476282,0.32498475682464156,0.25,278,5,1.0,1.0,268,5,1.0,1.0,268,5,1.0,1.0,275,5,1.0,1.0,218,4,0.0,0.0
5ae25e835542992decbdccd1,"A British sports, health and leisure business hosted the World Games on what dates?",chunk_packed_280,ace_focused_220,0.3256737132882813,0.39144634619944685,0.3588690679094602,0.3229061733238157,0.6666666666666666,257,5,0.0,0.4000000000000001,272,5,0.0,0.0,269,5,0.0,0.4000000000000001,263,5,0.0,0.4000000000000001,213,4,0.0,0.4000000000000001
5a8013e45542995d8a8ddf41,"Cowie Castle at Stonehaven, and Allardice Castle near Inverbervie, are part of a coastal chain of castles in Scotland overlooking which sea?",ace_focused_220,ace_focused_220,0.27544469461062204,0.3154146546957523,0.3008410840717658,0.3158402162506344,1.0,278,5,1.0,1.0,279,5,1.0,1.0,278,5,1.0,1.0,272,5,1.0,1.0,216,5,1.0,1.0
5a871a5e5542996432c5721e,"What character did James Byron Dean play in his final lead role, which earned him his second Academy Award?",ace_focused_220,ace_focused_220,0.25996592838369315,0.2211668859373414,0.24039763691584526,0.2896234584812449,0.6666666666666666,279,4,0.0,0.0,268,4,0.0,0.0,272,4,0.0,0.0,247,4,0.0,0.0,201,4,0.0,0.0
5ae0c9dd5542993d6555ec69,Are Rob Parissi and Robert Pollard both musicians,ace_focused_220,ace_focused_220,0.26354350311888625,0.2738388047498022,0.27213165193163646,0.33084144133760407,0.6666666666666666,262,5,0.0,0.0,278,5,0.0,0.0,262,5,0.0,0.0,269,5,0.0,0.0,211,5,0.0,0.0
5abd8c295542992ac4f382ab, The Minnesota State High School Mathematics League was founded by a professor at a private coeducational liberal arts college founded in what year? ,chunk_packed_280,ace_focused_220,0.3857388460983422,0.4077187990621587,0.39751658903356446,0.38060565586241163,1.0,280,5,0.0,0.0,279,5,0.0,0.0,279,5,1.0,1.0,279,5,1.0,1.0,220,5,1.0,1.0
5a8b8b3a5542995d1e6f13e5,What is the relationship between the singers on the album Tales of Old Grand Daddy?,ace_focused_220,ace_focused_220,0.36601466360919266,0.38214378223136414,0.3829754402113583,0.4068825250232876,1.0,277,5,0.0,0.0,276,5,0.0,0.0,260,5,0.0,0.0,273,5,0.0,0.0,212,5,0.0,0.0
5ae6363b55429929b0807af0,When was the defending titlist of 2009–10 Biathlon World Cup – Pursuit Men born? ,chunk_packed_280,ace_packed_280,0.4388150026699724,0.4409974843351224,0.44272106941149236,0.4229320282913409,0.6666666666666666,168,5,0.0,0.0,168,5,0.0,0.0,168,5,0.0,0.0,166,5,0.0,0.0,166,5,0.0,0.0
5ac0b8395542996f0d89cc21,"In which European language is ""Olympischerer"" an adjective?",chunk_packed_280,ace_focused_220,0.23854395134795947,0.2890992060760225,0.2760417703853024,0.18971710637601355,0.4,272,4,1.0,1.0,266,5,0.0,0.0,270,4,1.0,1.0,274,2,1.0,1.0,203,2,1.0,1.0
5adf3e835542993a75d26442,Which comic series involves characters such as Nick Fury and Baron von Strucker?,chunk_packed_280,ace_focused_220,0.2779682476037698,0.3216850729721702,0.2943628247969534,0.28762811475786354,1.0,279,5,0.0,0.0,270,5,0.0,0.0,270,5,0.0,0.0,273,5,0.0,0.0,213,5,0.0,0.0
5a731a635542994cef4bc458,What series has Smith worked on that is based on a novel by Margaret Atwood?,chunk_packed_280,ace_focused_220,0.26814760223331857,0.2523069786424413,0.25586039224241447,0.29183324875082506,0.6666666666666666,257,5,0.0,0.0,254,5,1.0,1.0,262,5,0.0,0.0,250,5,0.0,0.0,201,5,1.0,1.0
5adcc90c5542990d50227d1b,Who was an important leader of the Democratic-Republican Party?,ace_focused_220,ace_focused_220,0.3128718332616316,0.3198431140415363,0.30327105517360264,0.41061781751211734,0.42857142857142855,278,5,1.0,1.0,276,5,1.0,1.0,265,4,1.0,1.0,270,5,1.0,1.0,217,5,1.0,1.0
5ae402085542995dadf242ca,W41AP is a station owned by the daily newspaper serving what nearby city in Erie County?,chunk_packed_280,ace_focused_220,0.3126797963389063,0.3133563702972339,0.30723449086259336,0.30961139763279333,1.0,278,5,0.0,0.0,274,5,0.0,0.0,274,5,0.0,0.0,266,5,0.0,0.0,216,5,0.0,0.0
5a81d19b55429926c1cdad90,"Tryon D. Lewis is a lawyer from Odessa, Texas which is located in what county?",ace_focused_220,ace_focused_220,0.31441718557416765,0.2952015479856779,0.3093533944962598,0.385119726391532,0.6666666666666666,267,5,0.0,0.6666666666666666,267,5,0.0,0.6666666666666666,267,5,0.0,0.6666666666666666,276,5,0.0,0.6666666666666666,218,5,0.0,0.6666666666666666
5a77174f55429966f1a36c4c,Simone de Beauvoir partnered with the person whose journal would be called what?,ace_focused_220,ace_focused_220,0.25546878307680654,0.25563504492689776,0.2602779236216062,0.3002944268423935,0.6666666666666666,275,5,0.0,0.0,276,5,0.0,0.0,276,5,0.0,0.0,276,5,0.0,0.0,207,3,0.0,0.0
5a79395455429970f5fffe7d,"What was the name of the lead character in the 1960s sitcom ""Get Smart"", which also featured an American actress born in 1933?",chunk_packed_280,ace_focused_220,0.3230680614509445,0.3647629204641737,0.33878213088108167,0.2882837169190128,0.42857142857142855,261,5,0.0,0.0,279,5,0.0,0.0,279,5,0.0,0.0,279,5,0.0,0.0,201,4,0.0,0.0
5a886886554299206df2b258,"What is the international football competition for women that Liu Ailing played in the 1991,1995, 1999 editions?",ace_packed_280,ace_focused_220,0.30401680550204135,0.3479654024784883,0.3289467003802019,0.34271112726195385,0.42857142857142855,254,5,0.0,0.0,269,5,0.0,0.0,254,5,0.0,0.0,266,5,0.0,0.0,216,4,0.0,0.0
5adfb10855429942ec259af9,Raiffeisen Zentralbank is the central institution of one a group of co-operative banks in Austria. What is the name of the other group?,ace_focused_220,ace_focused_220,0.3205568680576327,0.32185480259054267,0.31758326911996615,0.3496362321770628,1.0,258,5,1.0,1.0,263,5,0.0,0.0,278,5,1.0,1.0,280,5,1.0,1.0,189,5,1.0,1.0
5ae0d7315542990adbacf678,Which avant-garde Japanese composer studied with John Cage and wrote Music for Electric Metronomes?,chunk_packed_280,ace_focused_220,0.3830108713709408,0.423373042444665,0.39149292995943,0.3513218761432129,1.0,280,5,1.0,1.0,266,5,1.0,1.0,268,5,1.0,1.0,280,5,1.0,1.0,213,4,1.0,1.0
5a790f5e55429970f5fffe40,What date did the movement Hans Knirsch was an activist for officially gain traction?,chunk_packed_280,ace_focused_220,0.2701816750104041,0.26652752869026364,0.2974154001538894,0.2860825908325062,0.42857142857142855,279,5,1.0,1.0,258,5,0.0,0.0,275,5,0.0,0.0,279,5,0.0,0.0,218,4,1.0,1.0
5ae1b2b9554299422ee99684,Who did President Franklin Roosevelt appoint that was responsible to transmit votes of the Electoral College to Congress?,ace_focused_220,ace_focused_220,0.21043719389037585,0.23915288076183722,0.21422110910230344,0.3198603952362943,0.25,271,5,0.0,0.0,272,4,0.0,0.0,270,4,0.0,0.0,266,5,0.0,0.0,211,5,0.0,0.0
5a792ad055429907847277d1,What 4-D film attraction at Walt Disney World is based off a 2004 computer-animated Christmas movie? ,ace_focused_220,ace_focused_220,0.2527235043103121,0.2488074570160729,0.24029295888698915,0.30666709219656496,0.42857142857142855,270,5,0.0,0.3333333333333333,279,4,0.0,0.3333333333333333,272,5,0.0,0.3333333333333333,280,5,0.0,0.3333333333333333,216,5,0.0,0.3333333333333333
5a8ce851554299441c6b9f6c,"The actor that plays Phileas Fogg in ""Around the World in 80 Days"", co-starred with Gary Cooper in a 1939 Goldwyn Productions film based on a novel by what author?",ace_focused_220,ace_focused_220,0.29027343416608276,0.2881193538887506,0.28679660870213314,0.3397458192923575,0.6666666666666666,279,5,0.0,0.0,272,4,0.0,0.0,279,5,0.0,0.0,278,4,0.0,0.0,197,4,0.0,0.0
5add67915542992200553af8,What was the nickname of the hitman hired by an Italian American Criminal Organization?,ace_focused_220,ace_packed_280,0.20373279316984122,0.2515916852234018,0.23791421914066035,0.2683819253183552,0.6666666666666666,265,4,1.0,1.0,265,5,0.0,0.0,280,5,1.0,1.0,264,5,1.0,1.0,206,4,0.0,0.0
5ab90fdd55429916710eb0fc,Wheelock Whitney is just one member of the Whitney Family. Where did this American family originate from?,chunk_packed_280,hybrid_packed_280,0.33455164871487064,0.35256842492994767,0.35159152644587044,0.326664188912208,0.6666666666666666,267,5,1.0,1.0,251,5,0.0,0.0,172,5,1.0,1.0,265,5,1.0,1.0,209,5,1.0,1.0
5ae55b8255429908b63265ef,What chef is the owner of a Japanese restaurant in the Tribeca neighborhood and also owns two Bar Masas in New York and Nevada?,ace_focused_220,ace_focused_220,0.32314884866032434,0.3299968229803152,0.32436609069339,0.3813240029245917,0.42857142857142855,278,5,1.0,1.0,274,5,1.0,1.0,278,5,1.0,1.0,266,5,0.0,0.8,202,4,1.0,1.0
5ac213805542992f1f2b37e7,"When did the animated series Kent Scott wrote end after beginning in September of 2002 on ""Nick on CBS""?",ace_focused_220,ace_focused_220,0.23610787226753588,0.2546728256311562,0.25230356803719894,0.2965918803048027,0.6666666666666666,274,5,0.0,0.0,276,4,0.0,0.6666666666666666,280,5,0.0,0.6666666666666666,278,5,0.0,0.6666666666666666,215,4,0.0,0.6666666666666666
5adce88b5542992c1e3a249a,"How long did the state exist whose army ransacked and looted the city, Halebidu, twice in the 14th century ?",ace_focused_220,chunk_packed_280,0.23876695279848859,0.25627581820955886,0.24987691312716676,0.28696090488961745,1.0,268,5,0.0,0.5,279,5,0.0,0.5,268,5,0.0,0.5,268,5,0.0,0.5,205,4,0.0,0.0
5ac403c45542997ea680c9b5,Where does Tiko's Spanish football club hold home games at?,ace_focused_220,ace_focused_220,0.22533570089982075,0.24617425739482968,0.2497791683595241,0.2645531817275484,0.42857142857142855,270,5,0.0,0.0,258,5,0.0,0.0,237,5,0.0,0.0,254,5,0.0,0.0,206,5,0.0,0.0
5adcd2435542992c1e3a241b,"Which eight-time Academy Award nominee was Tennessee Williams's choice to play a leading role in his play ""Clothes for a Summer Hotel""?",ace_focused_220,ace_focused_220,0.29581969626414817,0.32294191864711486,0.3128932940223761,0.3451620253106291,0.25,268,4,1.0,1.0,279,4,1.0,1.0,279,5,1.0,1.0,280,5,1.0,1.0,217,3,1.0,1.0
5a8078d85542995d8a8ddf78,Which of the following rock bands is from Chicago: Kill Hannah or Louis XIV?,chunk_packed_280,ace_focused_220,0.3655377927076928,0.4051127379123943,0.3746857669297914,0.3652243145706704,1.0,278,5,1.0,1.0,255,5,1.0,1.0,262,5,1.0,1.0,262,5,1.0,1.0,199,5,1.0,1.0
5a85dfcc5542994775f60673,"What South Korean actor was a member of the pop duo TVXQ and stared in Heading to the Ground, a 2009 MBC television series?",chunk_packed_280,chunk_packed_280,0.3240969726304407,0.3081912674950007,0.31909036397283774,0.3508793475089168,0.42857142857142855,261,5,0.0,0.6666666666666666,275,5,0.0,0.6666666666666666,261,5,0.0,0.6666666666666666,280,5,0.0,0.6666666666666666,217,4,0.0,0.0
5abd1b6e55429933744ab729,"Which of the following cities is a county-level city, Jingzhou or Zixing?",chunk_packed_280,ace_focused_220,0.35025487961217705,0.35050338410165915,0.3611186116053121,0.33858156657081273,0.6666666666666666,252,5,0.0,0.0,273,5,0.0,0.0,276,5,0.0,0.0,266,5,1.0,1.0,208,5,1.0,1.0
5ae33a3b5542992f92d8224a,Viking: The Ultimate Obstacle Course was a game show that aired in Europe with the British presenter who was an Olympic participant in what sport?,ace_focused_220,ace_focused_220,0.2859076114832174,0.3023265160678599,0.30170268355241714,0.3407517150237296,0.25,274,5,0.0,0.0,271,5,0.0,0.0,272,5,0.0,0.0,279,5,0.0,0.0,206,4,0.0,0.0
5a899bf955429946c8d6e959,When was the New Orleans Pelicans player featured on the NBA 2K16 cover first drafted?,ace_focused_220,bm25_packed_280,0.2570388974559584,0.2527766222927231,0.2580607499067834,0.3442765992697932,0.42857142857142855,279,4,1.0,1.0,267,5,1.0,1.0,267,5,1.0,1.0,265,5,0.0,0.0,193,5,0.0,0.0
5a78bd515542990784727749,The show featuring a young boy named Gerald Bald Z premiered on what TV channel? ,ace_focused_220,ace_focused_220,0.2623586987494757,0.3292892636675052,0.3075052854272029,0.3305925652811449,0.25,266,5,1.0,1.0,280,5,1.0,1.0,269,5,1.0,1.0,278,5,1.0,1.0,217,5,1.0,1.0
5a8f155e554299458435d54c,The Kellock-Taschereau Commission was appointed by a prime minister who served how long in office?,chunk_packed_280,ace_focused_220,0.30278956928647754,0.3196565622842761,0.33000712302510365,0.30488971635799184,0.42857142857142855,277,4,0.0,0.0,279,5,0.0,0.0,274,4,0.0,0.0,272,5,0.0,0.28571428571428575,207,4,0.0,0.28571428571428575
5a7bd25a554299294a54ab13,"Which director lived longer, Lowell Sherman or Jonathan Kaplan?",ace_focused_220,ace_focused_220,0.23865650313760436,0.25952518270605923,0.2510154135700139,0.30655468149721543,0.42857142857142855,276,5,0.0,0.0,267,5,1.0,1.0,267,5,1.0,1.0,261,5,0.0,0.0,216,5,1.0,1.0
5ac458f8554299204fd21f2a,What is the relationship of Yeshahework Yilma's mother to the man who was Ethiopia's emperor from 1930 to 1974? ,chunk_packed_280,ace_focused_220,0.27385907889111183,0.2554630902511159,0.2674815509696038,0.2989413240568719,1.0,269,4,1.0,1.0,256,4,1.0,1.0,256,4,1.0,1.0,271,5,1.0,1.0,212,4,1.0,1.0
5a801f215542992bc0c4a6b2,the first woman to be the chef de mission of an Australian Olympic team won gold medal in which winter Olympics ?,chunk_packed_280,hybrid_packed_280,0.3538796337308756,0.3523916768756731,0.36978962562930606,0.366444744217294,0.42857142857142855,258,5,0.0,0.0,275,5,0.0,0.5,271,5,0.0,0.5,280,5,0.0,0.0,211,4,0.0,0.0
5a8b91d25542995d1e6f13fc,What occupation have Carly Gullickson and Francesca Schiavone both held?,chunk_packed_280,hybrid_packed_280,0.264579845433565,0.20432563153209587,0.26773938496547045,0.29410522850076726,0.42857142857142855,246,5,0.0,0.8,172,5,0.0,0.0,148,5,0.0,0.8,276,5,0.0,0.8,204,5,0.0,0.8
5a863ff0554299211dda2ac6,Are both Bird Talk and Decibel monthly magazines about birds?,ace_focused_220,ace_focused_220,0.26737410011525575,0.2621942209070976,0.27840260228199765,0.29766408709845943,0.6666666666666666,275,5,1.0,1.0,271,5,1.0,1.0,280,5,1.0,1.0,276,5,1.0,1.0,211,5,1.0,1.0
5a80abec5542996402f6a5e1,Grafton and Carroll counties as well as the Pratt Family Camps border what lake in New Hampshire?,ace_focused_220,ace_focused_220,0.29729467728207193,0.30751685523928246,0.30339642071455386,0.3304303845394799,0.6666666666666666,279,5,1.0,1.0,274,5,1.0,1.0,274,5,1.0,1.0,268,5,1.0,1.0,203,5,1.0,1.0
5a734acf5542991f9a20c6ec,"Which singer is younger, Shirley Manson or Jim Kerr?",ace_focused_220,ace_packed_280,0.2498137231830801,0.25225827062593725,0.2531664946879362,0.3115408098901088,0.6666666666666666,274,5,0.0,0.0,279,5,0.0,0.0,279,5,0.0,0.0,264,5,0.0,0.8,212,5,0.0,0.0
5a7647b85542992d0ec0608a,What street was the adult entertainment district of the Liberty Tree District centered on?,ace_focused_220,ace_focused_220,0.31996261335104337,0.30633429754650243,0.31827699468276394,0.3737319223279862,0.42857142857142855,276,4,1.0,1.0,273,4,1.0,1.0,276,4,1.0,1.0,262,5,1.0,1.0,217,4,1.0,1.0
5abc8d00554299700f9d78fd,Matthew Butturini was born in a town on the Tweed River how many km north-east of Sydney?,ace_focused_220,ace_focused_220,0.28478629450163334,0.32863858224907716,0.33059640304468824,0.34001877414761417,1.0,263,5,1.0,1.0,274,5,0.0,0.0,277,5,1.0,1.0,265,5,1.0,1.0,214,5,1.0,1.0
5a8089dc5542992bc0c4a765,The current coach of the Los Angeles Clippers was signed as a free agent to the San Antonio Spurs during what season?,ace_focused_220,ace_focused_220,0.27751123474343364,0.2677300619318022,0.27349150977613723,0.38690223305102023,0.42857142857142855,280,4,0.0,0.0,276,4,0.0,0.0,269,4,0.0,0.0,276,5,0.0,0.0,220,5,0.0,0.0
5a8ab6be5542992d82986f5f,"In which city was this band formed, whose rhythm guitarist featured in ""Cupid's Chokehold?""",ace_focused_220,ace_focused_220,0.2495198619889608,0.21698495712684884,0.21600747464662656,0.33790251966802437,0.25,280,5,0.0,0.0,278,5,0.0,0.0,279,4,0.0,0.0,274,5,0.0,0.0,210,4,0.0,0.0
5a72429355429971e9dc9375,What machine has the same name as another machine created by Ludwig Boltzmann?,ace_focused_220,ace_packed_280,0.26190317886538933,0.2582087557046728,0.2611078943206465,0.2955201196544917,0.42857142857142855,274,5,1.0,1.0,255,5,1.0,1.0,252,5,1.0,1.0,198,5,1.0,1.0,198,5,1.0,1.0
5ac4f2e755429924173fb503,Chiang Chungcheng was involved involved in what battle in 1942?,ace_focused_220,ace_focused_220,0.28266142580066594,0.2813134177614054,0.2909211173982004,0.31672787437304895,0.6666666666666666,249,5,0.0,0.6666666666666666,261,5,1.0,1.0,261,5,1.0,1.0,254,5,1.0,1.0,210,4,1.0,1.0
5ab6ecd85542991d322236cf,The Carnaval del Pueblo is Eurpoe's largest celebration of what expression of the people of Latin America?,chunk_packed_280,ace_focused_220,0.3892366177201866,0.42516409960277635,0.4136007575046079,0.38705685689738967,0.42857142857142855,280,5,1.0,1.0,265,5,1.0,1.0,265,5,1.0,1.0,274,5,1.0,1.0,210,5,1.0,1.0
5adf85e05542993344016cba,What football league did John Moncur belong to during his time at Ipswich Town F.C.?,ace_focused_220,hybrid_packed_280,0.2804268468222324,0.3090482019744575,0.31111228700795607,0.3285513622651497,0.6666666666666666,268,5,1.0,1.0,273,5,0.0,0.5,266,5,1.0,1.0,276,5,1.0,1.0,218,4,0.0,0.0
5a7455eb55429979e2882908,"Which Avalanche happened first, Rigopiano avalanche or 1999 Galtür avalanche ?",ace_focused_220,ace_focused_220,0.33091647602572005,0.3471279708841327,0.33473016518887155,0.3713836079054387,0.6666666666666666,269,5,0.0,0.4,271,5,0.0,0.4,271,5,0.0,0.4,262,5,0.0,0.4,219,5,0.0,0.8571428571428571
5ac385f8554299741d48a279,The memorial commemorating a 1941 Japanese surprise attack was designed by whom?,ace_focused_220,hybrid_packed_280,0.24223863862257494,0.24137454402278458,0.24887601430556394,0.28313054704688795,0.6666666666666666,276,5,1.0,1.0,275,5,1.0,1.0,271,5,1.0,1.0,250,4,0.0,0.0,203,3,0.0,0.0
5ac0a18a5542992a796ded41,"What genre did the writer whose novel was based on ""I'll Take Manhattan"" writes?",ace_focused_220,ace_focused_220,0.2646045210025455,0.29625277332700506,0.3137402140069253,0.31870865288371814,0.42857142857142855,277,5,0.0,0.0,275,5,0.0,0.0,269,5,0.0,0.6666666666666666,251,5,0.0,0.0,195,4,0.0,0.6666666666666666
5ae3606b5542991a06ce99a8,"Philip Carlo, the author of the biography of the mob assasin Richard Kuklinsk, died of which diease?i, ",ace_focused_220,ace_focused_220,0.23272058231383927,0.23961769150785026,0.24967339579112963,0.2658107117992939,0.6666666666666666,263,4,0.0,0.0,274,5,0.0,0.0,278,5,0.0,0.0,269,5,0.0,0.0,217,4,0.0,0.0
5a71231a5542994082a3e5c4,"What edible, juicy fruit is grown on a deciduous tree called 'pesco' in Italian?",ace_focused_220,chunk_packed_280,0.2657416798298904,0.24854447402333069,0.25344805245915103,0.2976230435577087,0.42857142857142855,270,5,1.0,1.0,279,5,1.0,1.0,279,5,1.0,1.0,276,5,1.0,1.0,219,4,0.0,0.0
5a7d19d85542995ed0d165e8,The Tennessee Volunteers football team plays as a member for a conference in what city?,ace_focused_220,chunk_packed_280,0.2791444429303299,0.305463979604232,0.30124571004811307,0.3491565109271001,0.42857142857142855,277,5,0.0,0.6666666666666666,276,5,0.0,0.0,280,4,0.0,0.0,271,5,0.0,0.0,210,5,0.0,0.0
5ae791245542997b22f6a7a3,Nikhil Nanda is the son of the insurance advisor in what business?,ace_focused_220,ace_focused_220,0.24836819744772437,0.26853331292417004,0.24544727498652527,0.32006935561726146,0.25,280,5,0.0,0.0,278,5,0.0,0.0,262,4,0.0,0.0,264,5,0.0,0.0,193,4,1.0,1.0
5a7d2afb554299452d57bb41,The Story of Them Featuring Van Morrison is a compilation album recorded by what Northern Irish band formed in Belfast in April 1964?,chunk_packed_280,ace_focused_220,0.42166205402133417,0.43379710451422926,0.4281483549304659,0.4306701183853393,0.6666666666666666,259,5,1.0,1.0,259,5,1.0,1.0,259,5,1.0,1.0,262,5,1.0,1.0,204,5,1.0,1.0
5abcfa6f5542993a06baf9c7,Both Hatter and March Hare are characters in which book?,ace_focused_220,ace_focused_220,0.2788642752014656,0.28884208400406985,0.29568971008276357,0.31573822429479065,0.6666666666666666,269,5,1.0,1.0,280,5,1.0,1.0,280,5,1.0,1.0,253,5,1.0,1.0,209,3,1.0,1.0
5a7c00a55542996dd594b87e,"San Jose Secondary Educational Center, is located on the cost of what sea? ",ace_focused_220,chunk_packed_280,0.33619070702135434,0.33737229629513554,0.3244675724010119,0.39975343014632536,0.6666666666666666,273,4,1.0,1.0,274,4,0.0,0.0,275,4,0.0,0.0,275,5,0.0,0.0,212,3,0.0,0.0
5ae64ba755429929b0807b25,What team that is a member of the America East Conference played in the championship game in 2009?,ace_focused_220,ace_focused_220,0.2833519707726523,0.29797327751521674,0.28843300704703123,0.3697414784655869,0.42857142857142855,258,5,0.0,0.0,271,5,0.0,0.0,270,5,0.0,0.0,263,5,0.0,0.7499999999999999,216,4,0.0,0.7499999999999999
5adfc11e55429942ec259b3a,"Which of the role of Cindy Robinson was an anime adaptation of the ""Blue Dragon"" video game series?",chunk_packed_280,ace_focused_220,0.47492341427865437,0.47967383884734216,0.4763663057610369,0.47106754347856583,1.0,259,5,0.0,0.0,262,5,0.0,0.0,265,5,0.0,0.0,258,5,0.0,0.0,212,4,0.0,0.0
5ab596d95542992aa134a371,WHere are both Sanming and Jiutai District located?,ace_focused_220,ace_focused_220,0.24861585576572914,0.2706314583875158,0.2761480750981634,0.28552657875500415,0.42857142857142855,245,5,0.0,0.0,277,5,0.0,0.0,276,5,0.0,0.0,280,5,0.0,0.0,193,4,0.0,0.0
5ae206c45542994d89d5b311,"Through which Tv series, one of the stars of Whats up korean film Kim Ji-won gained attention?",chunk_packed_280,bm25_packed_280,0.29849027094464275,0.34557052567676744,0.3294712943976066,0.28757615848092005,1.0,280,5,0.0,0.0,278,5,0.0,0.6666666666666666,280,5,0.0,0.6666666666666666,273,5,0.0,0.0,205,5,0.0,0.0
5ae544d75542990ba0bbb249, Arena Essex Raceway is built alongside an out-of-town shopping centre constructed on the site of a former what?,chunk_packed_280,ace_focused_220,0.3518328741644201,0.35565462997422836,0.3574511167458858,0.30549263410299987,0.6666666666666666,275,5,1.0,1.0,278,5,1.0,1.0,278,5,1.0,1.0,249,5,1.0,1.0,207,4,1.0,1.0
5abbb116554299642a094b1d,Which university - the University of Rochester or the University of Colorado - is located further east?,ace_focused_220,bm25_packed_280,0.31801723492332556,0.31392259679026757,0.31627575037890054,0.36013329080480716,0.6666666666666666,259,5,1.0,1.0,256,5,1.0,1.0,273,5,0.0,0.6666666666666666,272,5,1.0,1.0,202,4,0.0,0.6666666666666666
5a7759fc5542993569682d60,Where are Teide National Park and Garajonay National Park located?,ace_focused_220,ace_focused_220,0.3420942218416487,0.3493155191471996,0.3463621179342512,0.41654064757631926,0.42857142857142855,272,5,0.0,0.0,265,5,0.0,0.6,277,5,0.0,0.0,262,5,0.0,0.6,220,5,0.0,0.6
5a7b89a3554299294a54a9e3,A Big Daddy is a fictional character in a series that has sold more than how many copies? ,ace_focused_220,ace_focused_220,0.23751551521464134,0.22502623304852937,0.23788902009434965,0.3525009330758132,0.25,273,5,0.0,0.0,266,5,0.0,0.0,279,4,0.0,0.0,275,5,0.0,0.4,203,4,0.0,0.4
5a8a09ff5542992d82986e6b,When did the husband of William Roper bornj who was also the father of  Margaret Roper?,chunk_packed_280,ace_focused_220,0.2924716979157518,0.28386211467429556,0.2906325467448593,0.31291498250330574,1.0,278,5,0.0,0.0,276,5,0.0,0.0,273,5,0.0,0.0,276,5,0.0,0.0,218,5,0.0,0.0
5ade747555429939a52fe8c5,What is the character of fictional character Claire Fraser in a British-American television drama series developed by Ronald D. Moore ?,ace_focused_220,ace_focused_220,0.2907954728376657,0.29015862352057464,0.2902148278070382,0.3863029884476257,1.0,276,5,0.0,0.0,280,5,0.0,0.8333333333333333,280,5,0.0,0.8333333333333333,258,5,0.0,0.0,206,5,0.0,0.8333333333333333
5ab808b85542991d3222380d,Umi-a-Liloa inherited authority of a kind which is a belief in what?,ace_packed_280,ace_packed_280,0.282831945138778,0.32138465082264667,0.3226681976838185,0.32408701484497926,0.6666666666666666,255,4,0.0,0.0,272,4,0.0,0.4444444444444444,276,4,0.0,0.0,252,5,0.0,0.4444444444444444,219,2,0.0,0.0
5ae5be475542990ba0bbb2c6,Which ground force of the Austro-Hungarian Dual Monarchy did Jan Romer joined ,ace_focused_220,ace_focused_220,0.2733256591901625,0.2893172910897696,0.28756488657422064,0.31442800215764855,0.6666666666666666,278,5,1.0,1.0,279,5,1.0,1.0,277,4,1.0,1.0,280,5,1.0,1.0,218,4,1.0,1.0
5a88ba465542993e715ac089,"Jessica Ashley has recorded her own songs and has also written songs for which singer known for her song ""Leave (Get Out)""?",chunk_packed_280,ace_focused_220,0.2640106970816548,0.28085273555745455,0.2757832413675212,0.2707305729180851,0.25,272,5,0.0,0.0,275,5,0.0,0.0,275,5,0.0,0.0,264,5,0.0,0.0,219,4,0.0,0.0
5ab2c6d955429916697740c3,Are Maki Nomiya and Conrad Lant both considered musicians?,ace_focused_220,ace_focused_220,0.27157111917988513,0.2577543845982761,0.2732563041012456,0.3086642293725548,0.6666666666666666,280,5,0.0,0.0,257,5,0.0,0.0,261,5,0.0,0.0,279,5,0.0,0.0,220,5,0.0,0.0
5a7c762d55429935c91b51c7,Mike Welch attended high school that serves how many students ?,ace_focused_220,bm25_packed_280,0.23025084879318014,0.2586671214351757,0.23724606012693072,0.28968354946056374,0.6666666666666666,261,5,0.0,0.0,273,5,0.0,0.6666666666666666,273,5,0.0,0.6666666666666666,270,5,0.0,0.0,220,4,0.0,0.0
5ac325495542995ef918c12e,Which region of Ghana was the city where Akrofuom is located? ,ace_focused_220,ace_focused_220,0.31989048593716995,0.32975642659389126,0.3294759553839182,0.3984732564341863,1.0,275,4,0.0,0.6666666666666666,276,5,0.0,0.6666666666666666,276,5,0.0,0.6666666666666666,276,5,0.0,0.6666666666666666,208,4,0.0,0.6666666666666666
5a8a833855429970aeb702fe,How many rooms are in the hotel that is home to the Cirque du Soleil show Mystere?,ace_focused_220,ace_packed_280,0.27235835580010964,0.27023031518645363,0.26567866208591717,0.33064585422210024,0.6666666666666666,272,5,0.0,0.0,275,5,0.0,0.0,264,5,0.0,0.0,258,5,1.0,1.0,219,4,0.0,0.0
5a8c7057554299653c1aa066,Both the 2010–11 UEFA Champions League knockout phase  and 011 UEFA Champions League Final were held at what London stadium?,ace_focused_220,ace_focused_220,0.3886229724138674,0.3842826990289464,0.39231864183698584,0.4408901078074774,0.6666666666666666,266,5,0.0,0.6666666666666666,266,5,0.0,0.6666666666666666,264,5,0.0,0.6666666666666666,261,5,0.0,0.6666666666666666,192,4,0.0,0.6666666666666666
5ae733dc5542991e8301cbd1,"This English indie pop band formed in 2005 consisting of Oliver Sims, and also inspired My Wicked Heart is from what city?",ace_focused_220,ace_focused_220,0.26998121003078734,0.284683547007224,0.282178963987454,0.3165849663841479,0.42857142857142855,265,4,0.0,0.6666666666666666,264,5,0.0,0.6666666666666666,267,5,0.0,0.6666666666666666,274,5,0.0,0.6666666666666666,198,4,0.0,0.6666666666666666
5a86ec9f55429960ec39b6d7,Does Erodium or Cymbidium include more species?,chunk_packed_280,bm25_packed_280,0.25046588110386214,0.24398019563508871,0.247049672622694,0.25816459141664944,0.6666666666666666,272,5,1.0,1.0,84,5,1.0,1.0,277,5,1.0,1.0,266,5,1.0,1.0,210,4,1.0,1.0
5ac3a0b25542993915413838,"Which of Mabel Keyes Babcock's distant relatives wrote ""Of Plymouth Plantation"" and served as Governor of the Plymouth Colony? ",chunk_packed_280,ace_focused_220,0.2939772296899217,0.31678549383317556,0.30424051996380974,0.31238949513014325,0.42857142857142855,277,5,1.0,1.0,278,5,1.0,1.0,277,5,1.0,1.0,266,5,1.0,1.0,217,5,1.0,1.0
5adfd30c55429906c02daa53,"What movie studio produced The Benchwarmers, which starred Rob Schneider and Napoleon Dynamites lead actor, Jon Heder?",chunk_packed_280,ace_packed_280,0.269548495600573,0.3067769448080184,0.2880187484084144,0.28870841167573336,0.6666666666666666,269,5,0.0,0.0,277,5,0.0,0.0,276,5,0.0,0.0,279,5,0.0,0.5,218,4,0.0,0.0
5a88f7bf5542997e5c09a6dd,What movie did Chris Duesterdiek work on that was directed by Seth Rogen and Evan Goldberg?,chunk_packed_280,chunk_packed_280,0.25580157983027846,0.23155529064450575,0.2270709879687629,0.2762474720270781,0.42857142857142855,270,5,1.0,1.0,270,5,0.0,0.0,270,5,0.0,0.0,279,5,0.0,0.0,203,4,0.0,0.0
5adfa22655429942ec259ac4,"How many total staff (including part-time, flexible, and fixed contract staff) does the broadcaster, who released HyperNormalisation, employ?",ace_focused_220,ace_focused_220,0.2582044342004578,0.32017793612432055,0.3000259549254375,0.32147566268353234,0.25,259,5,1.0,1.0,269,5,1.0,1.0,272,5,1.0,1.0,279,5,1.0,1.0,219,3,1.0,1.0
5ac31a73554299741d48a1e9,Ferdinand Zvonimir von Habsburg is the eldest son of the head of which House,ace_focused_220,ace_focused_220,0.36611071522494015,0.4266246075155534,0.3968447267665812,0.42396388440473887,0.42857142857142855,272,4,1.0,1.0,280,4,1.0,1.0,250,4,1.0,1.0,267,4,1.0,1.0,208,3,1.0,1.0
5a72634d5542997f82783994,what city will host the event in which marie gisele eleme asse won twoo medals in 2017,chunk_packed_280,ace_packed_280,0.2994818644131052,0.3436800339607379,0.3303902946148093,0.29746355428021676,1.0,267,5,1.0,1.0,266,5,0.0,0.0,280,5,0.0,0.0,264,5,1.0,1.0,209,4,0.0,0.0
5a85ea095542994775f606a8,"What science fantasy young adult series, told in first person, has a set of companion books narrating the stories of enslaved worlds and alien species?",chunk_packed_280,ace_focused_220,0.2700457502925763,0.3291384842336368,0.2957540490292595,0.28784075304437406,0.6666666666666666,275,5,1.0,1.0,280,5,1.0,1.0,279,4,1.0,1.0,279,5,1.0,1.0,218,5,1.0,1.0
5a81e8ea5542995ce29dcc73,Who played the role of Nettie Harris in the 1985 film directed by Steven Spielberg?,chunk_packed_280,ace_focused_220,0.33390521964907793,0.3325399478944587,0.3408973646893053,0.3357528869495535,0.42857142857142855,258,5,1.0,1.0,263,5,1.0,1.0,263,5,1.0,1.0,274,5,1.0,1.0,196,5,1.0,1.0
5ab2082f554299722f9b4c9f,What award did both Victor Heerman and Lloyd Corrigan win?,ace_focused_220,ace_focused_220,0.24928589208006005,0.24697592107067398,0.26125878292157534,0.29339068807070745,0.6666666666666666,278,5,0.0,0.0,279,5,0.0,0.0,280,5,0.0,0.0,268,5,0.0,0.0,200,4,0.0,0.8
5a7eb22655429930675135cb,Which current CBS NBA analyst played for the PORTLAND TRAILBLazers along with former UNLV teammate Stacey Augmon?,ace_focused_220,bm25_packed_280,0.21404093359290963,0.2591392741891776,0.23758861405049592,0.2640496739156598,0.42857142857142855,278,4,0.0,0.0,266,4,0.0,0.6666666666666666,266,4,0.0,0.6666666666666666,279,4,0.0,0.0,201,4,0.0,0.0
5a79cabc5542994f819ef0a1,Who was the final champion of the Thailand Masters that was from Hong Kong?,ace_focused_220,ace_focused_220,0.2805060082618015,0.2878886017542933,0.2900649598830485,0.3217155560678916,0.6666666666666666,280,5,1.0,1.0,276,4,1.0,1.0,275,5,1.0,1.0,264,5,1.0,1.0,207,4,1.0,1.0
5add6f975542992200553b18,"In what year did the brother-in-law of Ezzo, Count Palatine of Lotharingia, die?",chunk_packed_280,ace_focused_220,0.34224683219971785,0.36254734110320297,0.35545042849276687,0.3687370053620888,0.6666666666666666,252,5,0.0,0.0,250,5,0.0,0.0,250,5,0.0,0.0,263,5,0.0,0.0,210,5,0.0,0.0
5a74879255429974ef308c1d,"Which park is larger of the two, Doñana National Park or Timanfaya National Park?",ace_focused_220,ace_focused_220,0.3026706210641833,0.30452148985326466,0.3370778496775752,0.3834272297350244,0.42857142857142855,280,5,1.0,1.0,274,5,1.0,1.0,277,5,1.0,1.0,271,5,1.0,1.0,220,5,1.0,1.0
5a8ccea555429941ae14deeb,What was the name of the alum by the Scorpions that contained one of their most famous songs written by Klaus Meine and Herman Rarebell?,ace_focused_220,ace_focused_220,0.27596603095545547,0.2870558796663807,0.28334719427222665,0.32004200856704224,0.42857142857142855,280,5,0.0,0.0,278,5,0.0,0.0,272,5,0.0,0.0,268,5,0.0,0.0,209,5,0.0,0.0
5a8b56d655429949d91db557,"The remaining two seasons of Kenan & Kel were filmed at which stage facility located at 6230 Sunset Boulevard in Hollywood, California?",ace_focused_220,ace_packed_280,0.2827775336536221,0.30234631828095293,0.2923979597570372,0.32938078857527425,0.6666666666666666,272,5,0.0,0.6666666666666666,272,5,0.0,0.6666666666666666,272,5,0.0,0.6666666666666666,280,5,1.0,1.0,206,4,0.0,0.6666666666666666
5adc2b6255429947ff173901,"What nationality is the singer who recorded ""Who I Was Born to Be""?",ace_focused_220,hybrid_packed_280,0.3673324912316915,0.3867641890006113,0.4133991867442085,0.4156797716515993,0.42857142857142855,268,5,0.0,0.0,277,5,1.0,1.0,273,5,1.0,1.0,266,5,0.0,0.0,207,4,0.0,0.0
5ac440385542997ea680ca4e,Carl von Donop was a colonel of which German auxiliaries?,chunk_packed_280,ace_focused_220,0.3480716939815033,0.3460449777830864,0.3634154157404277,0.33662143932342836,0.6666666666666666,275,5,0.0,0.0,247,5,1.0,1.0,272,5,1.0,1.0,262,5,1.0,1.0,219,5,1.0,1.0
5a846da0554299334474611e,"Which bird-themed team did the baseball player, who frequented the Red Cedar Inn and was also known as Dizzy Dean, play for?",ace_focused_220,ace_focused_220,0.261448026934579,0.28055174049508047,0.25718862975284035,0.2933472450982613,0.6666666666666666,278,5,1.0,1.0,279,5,1.0,1.0,276,5,0.0,0.5714285714285715,276,5,1.0,1.0,204,5,1.0,1.0
5a7354d55542994cef4bc55a,Which of the three main psychedelic compounds found in the Psilocybin genus mushroom are converted to psilocin by the body?,ace_focused_220,ace_focused_220,0.3000111266198255,0.29351285789261417,0.28473906825297435,0.3559797574940934,1.0,265,5,1.0,1.0,271,5,1.0,1.0,271,5,1.0,1.0,271,5,1.0,1.0,206,4,1.0,1.0
5ac3a76e554299741d48a2be,"Who released the song ""With or Without You"" first, Jai McDowall or U2?",ace_focused_220,ace_focused_220,0.32807067272993373,0.34602843886183776,0.3201402928876269,0.41184026549332087,0.6666666666666666,261,5,1.0,1.0,278,5,1.0,1.0,252,5,1.0,1.0,254,5,1.0,1.0,190,5,1.0,1.0
5a8740ee5542994846c1cd35,Which KaBoom! Entertainment Inc. film is based on a story by Rudyard Kipling?,ace_focused_220,ace_focused_220,0.2792213360010145,0.2585133991513546,0.2873928415844763,0.36126755530044996,1.0,271,5,0.0,0.8,280,5,0.0,0.8,271,5,0.0,0.8,275,5,0.0,0.0,204,5,0.0,0.8
5a7c96765542990527d554d8,Which occupations did Ralph Smart and Trey Parker have in common?,chunk_packed_280,ace_focused_220,0.25338802429341367,0.2552362856628194,0.24860129889043775,0.28241238707399247,0.42857142857142855,275,5,0.0,0.0,280,5,0.0,0.0,280,5,0.0,0.0,266,5,0.0,0.0,210,5,0.0,0.0
5aba85335542994dbf01992d,Where operation Operation Dragoon and Battle of Cold Harbor fought during to different wars?,chunk_packed_280,ace_focused_220,0.33043254016932266,0.2916499134402635,0.32937087748143,0.35582017259860427,0.6666666666666666,276,5,0.0,0.0,279,5,0.0,0.0,274,5,0.0,0.0,278,5,0.0,0.0,216,5,0.0,0.0
5a849c1b5542997175ce1ef9,What sort of activist is the author of The Irrational Atheist? ,chunk_packed_280,ace_focused_220,0.3427608633244785,0.3513200323354083,0.3313109125671785,0.34801378392334303,0.6666666666666666,261,5,0.0,0.6666666666666666,267,5,0.0,0.0,263,5,0.0,0.0,279,5,0.0,0.6666666666666666,219,5,0.0,0.6666666666666666
5ab9b7d555429970cfb8eb7a,Which actor from the South Korean-Thai drama film Final Recipe debuted as a member of Super Junior-M in 2008?,ace_focused_220,ace_packed_280,0.2870649722064792,0.2730033668566774,0.2959019223161474,0.3881018854405697,0.25,267,5,0.0,0.0,270,5,0.0,0.0,277,5,0.0,0.0,275,5,1.0,1.0,209,4,0.0,0.0
5ac3e22d5542997ea680c976,"Michelle Lewis has written songs for which ""Lizzie McGuire"" actress? ",ace_focused_220,ace_focused_220,0.2604694377842939,0.24930856066183987,0.2556231216931797,0.2909365726772526,0.42857142857142855,271,5,1.0,1.0,278,5,1.0,1.0,280,5,1.0,1.0,263,5,1.0,1.0,213,5,1.0,1.0
5aba768c55429901930fa7e0,"Which of the songs that outperformed ""Drive"" was most successful in the United States?",hybrid_packed_280,ace_packed_280,0.24862124801300348,0.29334414189162866,0.2953660268556643,0.2438388089430736,0.1111111111111111,269,5,0.0,0.0,276,4,0.0,0.0,273,4,0.0,0.0,263,4,1.0,1.0,220,4,0.0,0.0
5addb1515542995b365fab60,In what year was the uprising that marred John P. Buchanan's term as governor ignited?,chunk_packed_280,ace_focused_220,0.3062087517716994,0.342040812211922,0.3314692071463554,0.3296461538330715,0.42857142857142855,270,5,1.0,1.0,277,5,1.0,1.0,253,5,1.0,1.0,275,5,1.0,1.0,199,3,1.0,1.0
5abe689a55429976d4830b16,Which Grand Slam singles tournament have Francesca Schiavone and Olga Morozova both been finalists in?,chunk_packed_280,ace_focused_220,0.2928972816783743,0.2958898894595564,0.28381004831324674,0.2840719297641328,0.6666666666666666,268,5,1.0,1.0,280,5,1.0,1.0,262,5,1.0,1.0,272,5,0.0,0.4444444444444445,214,5,1.0,1.0
5aded1595542995ec70e8f29,Juhi Parmar who appears in colors TV's high rated mythological show shani which premiered on November 7 2013 was born when?,ace_focused_220,ace_packed_280,0.2963250032592327,0.34610304925765645,0.32871145218255227,0.37117039028240817,0.6666666666666666,264,5,0.0,0.0,273,5,0.0,0.8571428571428571,264,5,0.0,0.0,248,5,0.0,0.8571428571428571,198,5,0.0,0.0
5ab89cc25542991b5579efc3,"Darryl Kubian's ""O for a Muse of Fire"" is based upon the events surrounding which historical battle? ",ace_focused_220,ace_focused_220,0.27128146790247265,0.2936290476208693,0.28285350118462027,0.312168054580218,0.42857142857142855,279,5,0.0,0.5714285714285715,258,5,0.0,0.18181818181818182,273,5,0.0,0.0,276,5,0.0,0.0,216,3,0.0,0.5714285714285715
5abe84a95542991f6610619b,"Which contributor to the CBS News program ""60 Minutes"" also contributed to The Great American Dream Machine?",ace_focused_220,chunk_packed_280,0.2951115315768613,0.24579864602514423,0.3059349595585029,0.38605754154780825,0.6666666666666666,265,4,0.0,0.6666666666666666,265,4,0.0,0.6666666666666666,265,4,0.0,0.6666666666666666,278,4,0.0,0.0,212,4,0.0,0.0
5add10ca5542994ed6169c59,Were Illinois Institute of Technology and Boise State University both bounded before 1950?,ace_focused_220,ace_focused_220,0.2883336181190478,0.32017469207433,0.31632031295875795,0.3335503454260318,0.42857142857142855,280,5,0.0,0.0,266,5,0.0,0.0,245,5,0.0,0.0,247,5,0.0,0.0,210,4,0.0,0.0
5a8849ac5542996e4f308932,What does the business Manny Cussins was chairman of make?,ace_focused_220,ace_focused_220,0.2887307228887978,0.3131079969269477,0.3079663880328955,0.3204679849329838,0.42857142857142855,270,5,0.0,0.6666666666666666,276,5,0.0,0.6666666666666666,277,5,0.0,0.0,270,5,0.0,0.0,210,4,0.0,0.6666666666666666
5ae0335655429925eb1afc28,"Who is the mother of Mary Robinson in Shakespeare's ""The Winter's Tale""",ace_focused_220,ace_focused_220,0.35975169804972573,0.35755388437462754,0.360917901237247,0.4130085093610403,0.25,274,5,0.0,0.0,277,5,0.0,0.0,264,5,0.0,0.0,230,5,0.0,0.0,215,5,0.0,0.0
5a7f6fd75542992e7d278cfa,"Which Canadian rock band released a song called ""Counterparts"" and had a drummer who was inducted into the Modern Drummer Hall of Fame?",chunk_packed_280,ace_focused_220,0.25204207152693364,0.25444293953676145,0.25352906242903656,0.26325440786219173,0.42857142857142855,276,5,1.0,1.0,259,4,0.0,0.0,276,4,0.0,0.0,280,5,1.0,1.0,207,5,1.0,1.0
5ade8bd955429975fa854f04,"What is the name of the genocidal mass slaughter of Tutsi Rwanda, in which Cyprian and Daphrose Rugamba were assassinated?",chunk_packed_280,ace_focused_220,0.3083730641178457,0.3146626456265404,0.3128745856064774,0.3371893368496867,1.0,258,4,1.0,1.0,261,4,1.0,1.0,278,5,1.0,1.0,276,4,1.0,1.0,212,3,1.0,1.0
5a7fb6625542994857a767cc,Ali Eren Balıkel started a restaurant which hosted a number of famous figures including an English actor who won three consecutive what?,hybrid_packed_280,hybrid_packed_280,0.25144349636209884,0.31230074886639114,0.29584806781754003,0.26815776172126826,0.6666666666666666,271,5,0.0,0.5714285714285715,258,4,0.0,0.0,269,5,0.0,0.5714285714285715,278,5,0.0,0.0,218,3,0.0,0.28571428571428575
5a7912f655429974737f796c,What is the birthday of the man who played Lex Luthor in Superman IV: The Quest for Peace?,chunk_packed_280,ace_focused_220,0.34429787027766456,0.37133945297939214,0.3649367111415017,0.371333997746226,0.6666666666666666,272,5,0.0,0.0,269,4,0.0,0.0,280,5,0.0,0.0,250,5,0.0,0.0,220,3,0.0,0.0
5ab868e755429919ba4e22e3,"Which company has more divisions within it, WPX Energy or Hewlett Packard Enterprise?",ace_packed_280,ace_focused_220,0.26943390671200845,0.2899090486782131,0.2898903777101153,0.3486277516634223,0.6666666666666666,244,5,0.0,0.8571428571428571,276,5,0.0,0.8571428571428571,276,5,0.0,0.8571428571428571,258,5,0.0,0.8571428571428571,209,4,0.0,0.8571428571428571
5ae1af14554299234fd042c4,Are both William Beaudine and Richard Benjamin American actors?,chunk_packed_280,chunk_packed_280,0.31598349370964574,0.30536174108651537,0.30049279293652886,0.31060700460011903,0.6666666666666666,266,5,1.0,1.0,277,5,0.0,0.0,268,5,1.0,1.0,246,5,0.0,0.0,216,5,0.0,0.0
5ab3c53955429969a97a81b9,Who won the special election in 2014 to replace Bill Young?,ace_focused_220,ace_focused_220,0.25137815355156956,0.24745929477056786,0.22832765518884612,0.34631493331257496,0.6666666666666666,278,5,1.0,1.0,280,5,0.0,0.0,280,5,0.0,0.0,275,5,1.0,1.0,208,4,1.0,1.0
5abe03635542991f661060a5,What is the middle name of the former Stanford Cardinals player who caught 57 passes for 1010 yards and 14 TDs?,chunk_packed_280,ace_focused_220,0.25509065086544813,0.28444868265987955,0.27538008967054795,0.28375962422170753,0.1111111111111111,278,4,0.0,0.0,269,5,0.0,0.0,277,5,0.0,0.0,279,5,0.0,0.0,217,3,0.0,0.0
5adc396155429944faac2479,Are both Stanley Elkin and Anne Lamott non-fiction writers? ,bm25_packed_280,ace_focused_220,0.32601906088474686,0.391205052369369,0.3445810961902179,0.3206094138175648,1.0,274,5,1.0,1.0,221,5,1.0,1.0,273,5,1.0,1.0,263,5,1.0,1.0,202,5,1.0,1.0
5ac42f42554299076e296d88,Who starred in My Dog Skip and Malcolm in the Middle?,chunk_packed_280,hybrid_packed_280,0.3219447620463177,0.32407365081671335,0.3177006512000986,0.3260016012898391,0.6666666666666666,277,5,1.0,1.0,268,5,0.0,0.5714285714285715,251,5,1.0,1.0,275,5,0.0,0.6666666666666666,220,5,0.0,0.5
5aba5c625542994dbf0198f2,Who founded Methodism along with the man who was also part of the revival movement in England and the Great Awakening in the United States?,ace_focused_220,ace_focused_220,0.2830466407948926,0.33306981504321675,0.3134714667261629,0.36492110730560995,0.6666666666666666,276,5,0.0,0.0,270,5,0.0,0.0,270,5,0.0,0.0,276,5,0.0,0.0,218,4,0.0,0.0
5a8ee7c95542990e94052bb1,What song originally released by an American rock band active in the late 1960's and early 1970's did The Reels do a cover of in 1986?,ace_focused_220,ace_focused_220,0.26710103755252523,0.314531391351751,0.28254032053597955,0.30258660196093123,0.42857142857142855,266,4,0.0,0.0,271,5,0.0,0.0,251,4,0.0,0.0,268,5,0.0,0.0,191,3,0.0,0.0
5a7b3a2455429927d897bf5c,A 1946 musical comedy starred a British actor who lived in what country throughout his adult life?,chunk_packed_280,ace_focused_220,0.2983896736382676,0.3008714665187191,0.32047346796629383,0.3057682588663991,0.25,278,5,1.0,1.0,273,5,1.0,1.0,266,5,1.0,1.0,259,5,1.0,1.0,212,4,1.0,1.0
5a7f7c285542994857a76746,California joined the Union due to the passage of a package of how many separate bills?,ace_focused_220,ace_focused_220,0.22332606717563824,0.23155656318026835,0.2258581845117073,0.3594355321290652,0.6666666666666666,279,5,1.0,1.0,270,4,1.0,1.0,280,4,1.0,1.0,277,5,0.0,0.0,217,4,1.0,1.0
5ae2ce505542996483e64a72,In which year was this public research university in which Brock Marion played college football founded?,chunk_packed_280,ace_focused_220,0.259418028598242,0.2513058305287408,0.2501812347113652,0.2501571743933841,0.6666666666666666,261,5,0.0,0.0,280,5,0.0,0.0,275,5,0.0,0.0,269,5,0.0,0.0,215,4,0.0,0.0
5ab8b02d5542991b5579efdb,"Are both, Boise State University and Syracuse University, public colleges?",ace_focused_220,ace_focused_220,0.30715844193519043,0.31190311610518384,0.3026968089961718,0.3861026188563167,0.42857142857142855,280,5,1.0,1.0,274,5,1.0,1.0,269,5,1.0,1.0,245,5,1.0,1.0,189,4,1.0,1.0
5ac50bca55429924173fb57f,Where was Nobel Laureate in Physics know for his contributions with Abdus Salam and Steven Weinberg a professor?,chunk_packed_280,bm25_packed_280,0.3657546517081971,0.38115558903642865,0.3762642602002656,0.3400809116341327,0.25,271,5,0.0,0.0,280,5,0.0,0.4,273,5,0.0,0.0,272,5,0.0,0.0,213,5,0.0,0.28571428571428575
5a78fe8155429970f5fffe11,"Who was born first, Steve Hogarth or Donnie Munro?",ace_focused_220,ace_focused_220,0.2619225199743265,0.2664880527351166,0.2686499103774352,0.3148885291502409,0.42857142857142855,252,5,1.0,1.0,268,5,1.0,1.0,262,5,1.0,1.0,260,5,1.0,1.0,206,5,1.0,1.0
5ab2383155429970612095c1,Are Denzel Washington and David Hewlett both actors?,ace_focused_220,ace_focused_220,0.24525127388777573,0.1892153684889963,0.24972126381320708,0.3293818511887625,0.6666666666666666,278,5,0.0,0.0,267,5,0.0,0.0,276,5,0.0,0.0,279,5,0.0,0.0,217,5,1.0,1.0
5abd7d0c55429924427fd010,Ciril Cvetko is the brother of a scholar who participates in what analysis of music?,chunk_packed_280,ace_focused_220,0.39265742082098976,0.3945112469089086,0.37620772585736656,0.3546562545470233,0.42857142857142855,276,5,1.0,1.0,274,5,1.0,1.0,278,5,1.0,1.0,254,5,1.0,1.0,208,5,1.0,1.0
5ac1a04e5542991316484b63,Are both Jim McBride and Neil Jordan American?,chunk_packed_280,ace_focused_220,0.3203729133051667,0.313505910228442,0.32589238947875543,0.3287060261232184,0.6666666666666666,278,5,1.0,1.0,255,5,1.0,1.0,252,5,1.0,1.0,278,5,1.0,1.0,212,5,1.0,1.0
5a75e06155429976ec32bc60,Who was the running mate of the man about whose candidacy the 2016 book Insane Clown President: Dispatches from the 2016 Circus documents?,ace_focused_220,ace_focused_220,0.302798084054685,0.3423830370600234,0.3340194537517862,0.3484402287918922,0.25,276,5,0.0,0.0,279,5,0.0,0.0,280,5,0.0,0.0,273,5,0.0,0.0,214,4,0.0,0.0
5ae564a155429960a22e02e4,What is part of an alternate title to a Three 6 Mafia song and is slang for a concoction which includes prescription-strength cough syrup also known as purple drank?,ace_focused_220,ace_focused_220,0.3038973196448589,0.3562693572315173,0.34347466022992745,0.3417023557867709,0.6666666666666666,278,5,0.0,0.4,279,5,0.0,0.4,279,5,0.0,0.4,266,5,0.0,0.4,217,5,0.0,0.4
5a7d2afd5542995f4f402221,"Who is older, Ferdi Taygan or Mahesh Bhupathi?",ace_focused_220,ace_focused_220,0.288900606126719,0.2896899620033213,0.28076808007523757,0.33680571180952623,0.25,265,5,0.0,0.0,229,5,1.0,1.0,229,5,1.0,1.0,254,5,1.0,1.0,192,5,1.0,1.0
5ac258cc554299636651998e,"Ray Roughler Jones single-handedly produced the magazine Roughler, but what Swedish singer-songwriter made contributions to the magazine?",hybrid_packed_280,chunk_packed_280,0.24692488362497328,0.3111271388134739,0.29093890315621973,0.24485119751602138,0.42857142857142855,269,5,1.0,1.0,270,4,0.0,0.0,263,4,0.0,0.0,263,5,0.0,0.0,209,4,0.0,0.0
5a8a573355429970aeb7029a,"The ""unofficial national anthem"" of Australia is the basis for the nickname of what soccer team?",chunk_packed_280,ace_focused_220,0.33386557629438174,0.3368259960742583,0.3451950396385428,0.3362620295709376,0.6666666666666666,265,5,0.0,0.0,266,4,0.0,0.0,266,4,0.0,0.0,254,5,0.0,0.0,192,4,0.0,0.0
5a8f799d55429918e830d22d,"Which genus has the most number of species, Myrsine or Styrax?",ace_focused_220,chunk_packed_280,0.2578274594960153,0.26567615495428343,0.27789872934979964,0.29983861620126195,0.42857142857142855,276,5,1.0,1.0,255,5,0.0,0.0,276,5,1.0,1.0,278,5,0.0,0.0,210,5,0.0,0.0
5ac4f04e5542995c82c4ad81,In which of the largest surviving medieval old towns in Europe is the Vilnius Cathedral located?,ace_focused_220,ace_packed_280,0.2905140205210327,0.2917460556935334,0.29653294498424454,0.34550715320586756,0.6666666666666666,276,5,1.0,1.0,274,5,1.0,1.0,276,5,1.0,1.0,273,5,1.0,1.0,210,4,0.0,0.4
5ac00278554299012d1db56b,What profession do Raj Kapoor and Mike Cahill share?,chunk_packed_280,chunk_packed_280,0.3109142902693143,0.27179450718351184,0.2965408640200148,0.30018570264042754,0.25,275,5,1.0,1.0,280,5,0.0,0.6666666666666666,278,5,0.0,0.0,274,5,0.0,0.0,206,5,0.0,0.6666666666666666
5a78bc6b554299148911f979,Woman's Era and Naj are what kind of magazines?,chunk_packed_280,ace_focused_220,0.2866856735511042,0.2556947324118608,0.28849421494060956,0.29700499814198267,0.42857142857142855,264,5,0.0,0.0,277,4,0.0,0.0,271,5,0.0,0.0,229,5,0.0,0.0,219,5,0.0,0.0
5a8d6d4e554299441c6b9fdb,"Lost Kingdom Adventure is a dark ride located at four Legoland theme parks, including which park, which is the original Legoland park, that was opened on June 7th, 1968?",ace_focused_220,ace_focused_220,0.3379565807513958,0.344559534515843,0.34639336706370644,0.39997973656086894,1.0,279,5,0.0,0.5,276,5,1.0,1.0,279,5,0.0,0.5,269,5,1.0,1.0,203,5,1.0,1.0
5add23d05542994734353871,What is the primary duty of the Austrian Pinscher and the Maremma Sheepdog?,ace_focused_220,ace_focused_220,0.24289934888878373,0.2606859700849761,0.25496537420858273,0.31874775972018915,0.25,278,4,0.0,0.0,273,4,0.0,0.0,250,4,0.0,0.0,279,5,0.0,0.0,217,5,0.0,0.0
5a7ca33f5542990527d554ee,"Which restaurant chain is based further south, Pizza Fusion or Imo's Pizza?",ace_packed_280,bm25_packed_280,0.33489985114877435,0.3280272493385449,0.32578990939751173,0.3840425314501379,1.0,222,5,0.0,0.5,199,5,1.0,1.0,223,5,0.0,0.5,220,5,1.0,1.0,211,5,1.0,1.0
5ae5c8cf554299546bf82f5f,"Fiske O'Hara was born in what city Knox County, Maine, that had a population of 2,297 as of the 2010 census?",chunk_packed_280,ace_packed_280,0.32061060300318817,0.36308367462327473,0.3344012442991183,0.3077647004793317,0.6666666666666666,277,5,1.0,1.0,239,5,1.0,1.0,244,5,1.0,1.0,197,5,1.0,1.0,210,5,1.0,1.0
5a81df4b55429903bc27b9f8,What mall was known as a twin of the mall located on I-45 on the Southeast side of Houston?,chunk_packed_280,ace_focused_220,0.36437563460872724,0.37724270964866347,0.3727033206192407,0.3846669188838816,0.6666666666666666,277,5,0.0,0.5,266,5,0.0,0.5,266,5,0.0,0.5,267,5,0.0,0.0,216,5,0.0,0.5
5ab4341c55429942dd415ede,The Shōgitai were an elite corps of which shogunate?,chunk_packed_280,ace_focused_220,0.3420685430565158,0.3810781844805784,0.36753193004415896,0.34313541779455703,0.6666666666666666,272,4,0.0,0.6666666666666666,275,5,0.0,0.6666666666666666,272,5,0.0,0.6666666666666666,273,4,0.0,0.6666666666666666,187,3,0.0,0.6666666666666666
5a7fa0d55542995d8a8dded3,What professional do both Marc Bolan and Ian MacKaye share?,ace_focused_220,hybrid_packed_280,0.23486405456304138,0.18585973474647982,0.23298349833571613,0.3117581578729789,0.42857142857142855,279,4,0.0,0.0,277,5,0.0,0.0,264,4,1.0,1.0,267,5,1.0,1.0,220,5,0.0,0.0
5ab7f22a5542991d322237d4,James Stuart became a specialist of a rhythmic pattern charecterised by what?,ace_focused_220,ace_focused_220,0.22704093860624114,0.22177576195354684,0.22431524764965144,0.26923671243930053,0.42857142857142855,261,4,0.0,0.0,268,4,0.0,0.0,268,4,0.0,0.0,264,4,0.0,0.0,208,3,0.0,0.0
5a84c5545542991dd0999dee,When did the car depicted on the cover of Pentastar: In the Style of Demons cease production?,ace_focused_220,ace_focused_220,0.32698334045674926,0.3714496923512609,0.359433184327462,0.37175265546023484,0.25,276,4,0.0,0.0,268,4,0.0,0.0,278,4,0.0,0.0,263,5,0.0,0.0,204,3,0.0,0.0
5aba454855429901930fa794,How many times has the author of Writing with Intent been shortlisted for the Booker Prize ? ,ace_focused_220,ace_focused_220,0.26620098008685344,0.2649835251609155,0.2648165980680842,0.3330130343523555,0.42857142857142855,280,5,0.0,0.0,263,5,0.0,0.6666666666666666,280,5,0.0,0.0,263,5,0.0,0.6666666666666666,206,4,0.0,0.6666666666666666
5a85d4ad5542997175ce2050,Jim Sharman and Ava DuVernay both share what title concerning their actions leading actors in film or stage?,chunk_packed_280,ace_focused_220,0.23693376220214055,0.2431353681652918,0.23869760430877346,0.2529153134866874,0.6666666666666666,278,5,1.0,1.0,280,5,0.0,0.0,278,5,1.0,1.0,270,5,1.0,1.0,210,4,1.0,1.0
5a74d92555429929fddd84fa,"What was the name of the bear promoted to corporal in the Polish army, and celebrated by an ongoing fundraising trust based in Scotland?",chunk_packed_280,ace_focused_220,0.2678053410538812,0.23684317603557775,0.2553731542293265,0.2716041904155746,0.6666666666666666,269,5,1.0,1.0,256,4,1.0,1.0,261,4,1.0,1.0,274,4,1.0,1.0,218,4,1.0,1.0
5ae64b1d55429929b0807b24,Who manages the Laboratory that ran the Aurora Generator Test?,ace_focused_220,ace_focused_220,0.30904842954972134,0.35116691209764683,0.3487061755584287,0.40538984715926785,0.6666666666666666,264,5,0.0,0.0,273,4,0.0,0.0,263,5,0.0,0.0,275,5,0.0,0.0,207,4,0.0,0.0
5ab9dd4c554299232ef4a22f,"Who was part of more music bands, Alison Mosshart or Ann Wilson?",ace_focused_220,ace_focused_220,0.236732154719488,0.2298791253449017,0.24601915365096336,0.26775731825535126,0.42857142857142855,280,4,0.0,0.8,271,5,0.0,0.8,260,5,0.0,0.0,258,5,0.0,0.8,210,4,0.0,0.8
5ab7bf3f5542991d322237a8,Edoardo Soleri is playing on loan from which Italian football club?,chunk_packed_280,ace_focused_220,0.34144475478961195,0.36381518313056654,0.3596602415931999,0.3458354002405578,1.0,251,5,1.0,1.0,243,5,1.0,1.0,259,5,1.0,1.0,271,5,1.0,1.0,209,5,1.0,1.0
5a721dfd55429971e9dc928b,Which of Kylian Hazard's older brothers plays for the German Bundesliga club Borussia Mönchengladbach and the Belgium national team.,chunk_packed_280,chunk_packed_280,0.3286277378117865,0.386697944304063,0.3639461775374647,0.336808350342387,0.6666666666666666,208,5,0.0,0.4,266,5,0.0,0.4,256,5,0.0,0.4,274,5,0.0,0.4,208,5,0.0,0.4
5a87bd4e5542996432c57279,Who does the minister at The First Church of Springfield help make teaching evolution illegal?,ace_focused_220,ace_packed_280,0.23151533550786674,0.2430903379302478,0.26881507138405514,0.3519376769933137,0.42857142857142855,273,5,0.0,0.0,272,4,1.0,1.0,272,4,1.0,1.0,270,5,1.0,1.0,198,4,0.0,0.0
5a87081755429960ec39b6fe,"Jessica Jones is a television series created for Netflix, the second in the series of the shows that lead to ""The Defenders"" miniseries after what show released on Netflix earlier?",chunk_packed_280,ace_focused_220,0.33061661213428195,0.3404420877263732,0.3364191056733521,0.3162167812329029,1.0,267,4,1.0,1.0,267,4,1.0,1.0,267,4,1.0,1.0,254,4,1.0,1.0,195,3,1.0,1.0
5ae0e0125542993d6555ec79,Ross Pople worked with this French dominant figure of the post-war classical music world.,ace_focused_220,ace_packed_280,0.3068140462409806,0.3042077770297672,0.33710401815858365,0.38748247093659494,0.42857142857142855,270,5,0.0,0.6666666666666666,266,5,0.0,0.6666666666666666,275,5,0.0,0.6666666666666666,265,5,1.0,1.0,194,5,0.0,0.6666666666666666
5ae409d955429970de88d89d,Greetings! We're The Monitors was the debut album by the band who had what soul and R&B singer as their lead?,ace_focused_220,ace_packed_280,0.3047887784958415,0.30272189003885697,0.31372215136283577,0.348507475849758,0.6666666666666666,271,4,0.0,0.0,273,5,0.0,0.0,276,5,0.0,0.0,277,5,1.0,1.0,196,4,0.0,0.8
5ac270025542990b17b15390,How many venues was in the complex at which Night of Joy was held? ,chunk_packed_280,ace_focused_220,0.28866657036359955,0.32083100846266466,0.3209415788509828,0.2997463178329022,0.25,257,5,0.0,0.0,275,5,0.0,0.0,248,4,0.0,0.6666666666666666,266,5,0.0,0.6666666666666666,214,3,0.0,0.6666666666666666
5adc459255429944faac24ad,Which member of the research project conducted by the Creation Research Society and the Institute for Creation Research between 1997 and 2005 was Kevin R. Henke most critical of? ,ace_focused_220,ace_focused_220,0.29584146284842694,0.3195942033700774,0.2960426185978054,0.3754774635331135,1.0,277,5,0.0,0.0,277,5,0.0,0.0,277,5,0.0,0.0,277,5,0.0,0.0,218,5,0.0,0.0
5ade1c9e55429939a52fe822,Where did Henri Christophe and other slaves hold an uprising from 1791 to 1804 that led to the founding of a state which was both free from slavery and ruled by non-whites and former captives?,ace_focused_220,ace_focused_220,0.320144772736877,0.39008364736521317,0.3623951522274079,0.455326167755858,0.6666666666666666,258,4,0.0,0.0,266,4,0.0,0.0,258,4,0.0,0.0,263,4,0.0,0.0,218,2,1.0,1.0
5ac270e05542992f1f2b38c9,"What is the highest peak in the mountain range in which Elk Valley, Tennessee is located in?",chunk_packed_280,hybrid_packed_280,0.31561567902346455,0.27426736478552693,0.30227101576545595,0.33796623517991387,0.6666666666666666,269,5,1.0,1.0,264,5,1.0,1.0,262,5,1.0,1.0,265,5,0.0,0.0,209,5,0.0,0.0
5a7363465542991f29ee2dd5,Which athlete was an American tennis player: Henri Kontinen or Melanie Oudin?,chunk_packed_280,chunk_packed_280,0.2897615084891907,0.2950818902793092,0.2885079272344178,0.2900902372300588,0.42857142857142855,199,5,1.0,1.0,264,5,1.0,1.0,264,5,1.0,1.0,244,5,1.0,1.0,220,5,1.0,1.0
5add43335542995b365faae1, What term was used in the North-West Derby  to disparge their rivals?,chunk_packed_280,ace_focused_220,0.27871022392142664,0.24630182773053877,0.24981313769750219,0.29277339323293766,0.6666666666666666,278,5,0.0,0.0,270,4,0.0,0.8,259,4,0.0,0.0,263,5,1.0,1.0,202,5,1.0,1.0
5ae67dba55429908198fa5f0,The Memphis Hustle are based in a suburb of a city with a population of what in 2010?,chunk_packed_280,bm25_packed_280,0.3505232419731408,0.34781886568762443,0.35472238732885364,0.3157269652238265,0.42857142857142855,264,5,0.0,0.0,261,5,1.0,1.0,261,5,1.0,1.0,272,5,1.0,1.0,196,4,0.0,0.0
5a8a6b625542996c9b8d5ed9,In which town was the amusement park that is operated by Britannia Jinky Jersey Ltd located where the first  Tomorrow's Parties Festival was held?.,chunk_packed_280,hybrid_packed_280,0.2815028496870037,0.3159183656736061,0.3067344001700518,0.2911020278496379,0.25,273,5,0.0,0.0,252,5,0.0,0.0,249,5,1.0,1.0,262,5,0.0,0.8,208,5,0.0,0.0
5ade86b255429939a52fe8e0,Where is the ice hockey team based that Zdeno Chára currently serving as captain of?,ace_focused_220,ace_focused_220,0.3411139817567015,0.37527507869282917,0.37286932287208807,0.39832638051985925,1.0,277,5,0.0,0.6666666666666666,257,5,0.0,0.5,257,5,0.0,0.6666666666666666,276,5,0.0,0.6666666666666666,197,5,0.0,0.6666666666666666
5ac007cc5542996f0d89cb0b,Who was attempting to regain the British throne until the Raids on Lachaber and Shiramore shut down his operations?,ace_focused_220,ace_focused_220,0.26091379983132856,0.2653136325330492,0.27690324757330376,0.30979179717033906,0.6666666666666666,265,4,0.0,0.0,274,5,1.0,1.0,277,5,1.0,1.0,255,5,1.0,1.0,219,4,1.0,1.0
5adea9ea55429939a52fe934,"What was the name of the fanzine that interviewed the Sex Pistols bassist when he was in the band ""The Flowers of Romance?""",chunk_packed_280,ace_focused_220,0.3083873029076122,0.32367393765866703,0.32306730529633954,0.31598202338104797,0.6666666666666666,225,4,0.0,0.0,280,4,0.0,0.0,276,5,0.0,0.0,265,4,0.0,0.0,196,4,0.0,0.0
5a8393665542990548d0b1ea,Are Nikolaschka and White Russian made of beer?,chunk_packed_280,ace_focused_220,0.3057736919133014,0.28026199880182745,0.2875579168887886,0.3194599411389585,0.6666666666666666,278,5,1.0,1.0,275,5,0.0,0.0,268,5,1.0,1.0,276,5,1.0,1.0,213,5,1.0,1.0
5ae3fd2c5542995dadf2428f,Are Ian Brown and Dee Snider both actors?,ace_focused_220,ace_focused_220,0.25628217882434534,0.24347930315045507,0.25615045708026857,0.3290621513668002,0.6666666666666666,264,5,0.0,0.0,261,5,0.0,0.0,276,5,0.0,0.0,266,5,1.0,1.0,196,5,1.0,1.0
5ab2b630554299545a2cfa17,Are the films Gasland from 2010 and Pumping Iron from 1977 both documentaries?,ace_focused_220,ace_focused_220,0.2692496131023389,0.2612434219855755,0.2582205852607753,0.2916995917037406,0.6666666666666666,274,5,0.0,0.0,266,5,0.0,0.0,264,5,0.0,0.0,278,5,0.0,0.0,205,5,0.0,0.0
5a7aa5e75542992d025e66d9,Ho Iat Seng  is a member of a legislative assembly that has how many members ?,ace_focused_220,ace_focused_220,0.31360826944966674,0.3338682507992775,0.3385135165806865,0.422479605811964,0.42857142857142855,276,5,0.0,0.0,277,5,0.0,0.0,264,5,0.0,0.0,268,5,0.0,0.0,219,4,0.0,0.0
5abe34095542993f32c2a088,"How long did The Shire of Flinders, which encompassed the extremity of the Mornington Peninsula located south-east of Melbourne, Australia, exist?",ace_focused_220,ace_packed_280,0.3141583615874386,0.31464104381532826,0.31559787387327065,0.40060192163379416,1.0,267,5,0.0,0.0,268,5,0.0,0.0,268,5,0.0,0.0,273,5,0.0,0.8,205,5,0.0,0.0
5ac373195542995ef918c199,The Bay Plaza Shopping Center contains a store that headquartered where? ,ace_focused_220,ace_focused_220,0.2956185225663299,0.28464065683985657,0.30283969988330917,0.44610684464957207,0.6666666666666666,272,4,0.0,0.0,276,5,0.0,0.0,260,4,0.0,0.0,280,4,0.0,0.0,211,4,1.0,1.0
5a82bb3c55429966c78a6a86,Live at Radio City is a live Album recorded in what City?,chunk_packed_280,ace_focused_220,0.38648511575059263,0.3781057269529257,0.38895499782674087,0.40736015677236137,0.42857142857142855,269,5,1.0,1.0,275,5,0.0,0.0,275,5,0.0,0.0,268,5,1.0,1.0,211,5,1.0,1.0
5a8080365542992097ad2fed,"A vehicle that uses hydrogen as its onboard fuel for motive power is cosidered which, Flex-fuel or Bi-fuel?",ace_focused_220,ace_focused_220,0.3115478976967577,0.30064137228123866,0.2994911768469531,0.5182588369497892,0.6666666666666666,277,4,0.0,0.6666666666666666,264,5,0.0,0.6666666666666666,277,4,0.0,0.6666666666666666,264,5,0.0,0.6666666666666666,214,5,0.0,0.6666666666666666
5a8f8e4d55429918e830d260,What is the setting for the animated sitcom which Michael Polcino's brother Dominc works on?,chunk_packed_280,chunk_packed_280,0.30448929904627775,0.3054797678094488,0.3169183660815706,0.322136488129495,0.42857142857142855,261,5,0.0,0.2857142857142857,269,5,0.0,0.0,265,5,0.0,0.0,280,5,0.0,0.0,220,5,0.0,0.0
5ac3bff15542995ef918c213,Alexander S. Wadsworth served during the war that was faught between which two countries?,ace_packed_280,ace_focused_220,0.2776128177605975,0.2646906348711799,0.2794507073480895,0.3261158054283718,0.42857142857142855,243,4,0.0,0.5,270,5,0.0,0.7692307692307693,277,5,0.0,0.7692307692307693,280,5,0.0,0.375,208,5,0.0,0.7692307692307693
5a7456ec55429979e288290f,"which film came out first, African Cats or Fun and Fancy Free ?",ace_focused_220,ace_focused_220,0.27540241548814376,0.27051985092745734,0.26908913113472777,0.31797699871528806,0.6666666666666666,272,5,1.0,1.0,276,5,1.0,1.0,276,5,1.0,1.0,267,5,1.0,1.0,205,4,1.0,1.0
5a8f1adc554299458435d577, John DiMaggio voices the character Shnitzel on Cartoon Network series created by who?,ace_focused_220,chunk_packed_280,0.25858722970629605,0.23429651211247057,0.24430192363267694,0.3647911929330577,0.25,277,5,1.0,1.0,273,4,0.0,0.0,266,4,0.0,0.0,279,5,0.0,0.0,213,4,0.0,0.0
5ac29da5554299218029dac3,Which band My Darkest Days or Human Drama had only one constant member?,ace_focused_220,ace_focused_220,0.2621784202037682,0.2585886203532384,0.2600660035317075,0.315353470267355,1.0,271,5,1.0,1.0,278,5,1.0,1.0,271,5,1.0,1.0,271,5,1.0,1.0,205,5,1.0,1.0
5ae0d52e554299603e418469,"The actress that played the leading role in the independent film ""A Perfect Ending"" also stars with John Bregar in a 2008 film directed by who?",ace_focused_220,hybrid_packed_280,0.2783354079333695,0.2798255875889023,0.30435359700235276,0.3621157968693206,0.42857142857142855,275,5,0.0,0.0,266,5,1.0,1.0,252,4,1.0,1.0,247,5,0.0,0.0,213,5,0.0,0.0
5a80b52f554299485f5986d6,What prominent director worked with Orion Pictures and was born in December of 1935?,chunk_packed_280,ace_focused_220,0.25607847604849415,0.2829261472780316,0.29320477392621336,0.28479492102044196,0.25,269,5,0.0,0.8,275,5,0.0,0.0,264,5,0.0,0.0,279,5,0.0,0.0,206,5,0.0,0.8
5a807b44554299485f59860a,Who conceived the rapid transit system that Klemzig Interchange is a part of?,chunk_packed_280,hybrid_packed_280,0.3179489215891955,0.32950718886724906,0.3178156856647551,0.3378329209486088,0.42857142857142855,280,5,1.0,1.0,280,5,0.0,0.0,262,5,1.0,1.0,261,5,0.0,0.0,193,5,0.0,0.0
5a74ce9655429974ef308c6c,"What retailer in ABQ Uptown is headquarted in Poole, Dorset, United Kingdom?",ace_focused_220,ace_focused_220,0.2766205897702436,0.32303401045364966,0.32890608734791915,0.42586146576035144,0.42857142857142855,276,5,1.0,1.0,277,5,1.0,1.0,267,5,1.0,1.0,272,5,1.0,1.0,201,4,1.0,1.0
5a776a7055429966f1a36d32,What was the nationality and profession of the person responsible for the concept of a dimensionless number in physics and engineering?,ace_focused_220,ace_packed_280,0.2044987879377481,0.29637185101000285,0.23200105235527174,0.28393465636996384,0.1111111111111111,261,5,0.0,0.0,272,4,0.0,0.0,262,4,0.0,0.0,261,5,0.0,0.4,220,5,0.0,0.0
5ac13f425542991316484a96,"Which airport is used for both public and military, Shenandoah Valley Regional Airport or Louisville International Airport?",ace_focused_220,ace_focused_220,0.2846126623345936,0.29483391317398155,0.2856429969170167,0.3491269413876809,0.6666666666666666,260,5,1.0,1.0,271,5,1.0,1.0,260,5,1.0,1.0,267,5,1.0,1.0,211,4,1.0,1.0
5a74547755429979e2882900,"the head football coach at the University of Houston from 2007 to 2011, is the current team coach of which football team ?",ace_focused_220,ace_focused_220,0.3515860105861288,0.3237100910440578,0.337545600766451,0.4454054033204089,0.42857142857142855,280,5,0.0,0.5714285714285715,277,5,0.0,0.5714285714285715,277,5,0.0,0.5714285714285715,279,5,0.0,0.5714285714285715,214,4,0.0,0.5714285714285715
5a7d72bb5542990b8f50398e,John E. EchoHawk is a leading member in a social movement that wants to reverse what ?,chunk_packed_280,chunk_packed_280,0.3381379430921375,0.35350636644065836,0.35352046533614356,0.2959328326277594,0.25,279,5,0.0,0.4444444444444445,261,5,0.0,0.0,261,5,0.0,0.0,270,5,0.0,0.0,207,4,0.0,0.0
5abdb8ba5542993f32c2a015,Maggie May is a musical based on a folk song about a prostitute who robbed whom?,chunk_packed_280,ace_focused_220,0.39107329922655054,0.43004839815611673,0.4118166702375149,0.40178124361928325,0.6666666666666666,275,5,0.0,0.0,254,5,0.0,0.0,254,5,0.0,0.0,259,5,0.0,0.0,220,4,0.0,0.0
5a75da235542992db94736f9,"One of the signatories of the Chicago Statement on Biblical Inerrancy was which Presbyterian pastor, known for taking a more presuppositional approach to apologetics?",chunk_packed_280,chunk_packed_280,0.3283049435550893,0.32437172670767844,0.32307137496341437,0.30511052055739074,0.42857142857142855,280,5,1.0,1.0,280,5,1.0,1.0,280,5,1.0,1.0,278,5,0.0,0.0,216,4,0.0,0.8
5adcf48e5542992c1e3a24d4,What Polish pioneer in watchmaking was an associate of Wincenty Gostkowski?,chunk_packed_280,ace_focused_220,0.303741348214316,0.30859367672007265,0.30822982232438856,0.29956219211287916,0.6666666666666666,266,5,1.0,1.0,269,5,1.0,1.0,260,5,1.0,1.0,273,5,1.0,1.0,218,5,1.0,1.0
5ac3d1d9554299204fd21e8a,"How many albums had been recorded by Talking Heads by November, 1980?",chunk_packed_280,ace_focused_220,0.23769463567301358,0.23907486071076678,0.2359923149693204,0.25834308214794754,1.0,273,5,0.0,0.0,262,5,0.0,0.0,273,5,0.0,0.0,273,5,0.0,0.0,215,4,0.0,0.0
5a8dafbd554299068b959da0,How many episodes were made for the science fiction series with Gus Birney?,ace_focused_220,ace_focused_220,0.2426678573294631,0.2681367412688865,0.2728641441269697,0.29145008298400665,0.1111111111111111,280,5,0.0,0.0,262,5,0.0,0.0,280,5,0.0,0.0,255,4,0.0,0.0,219,5,0.0,0.0
5a8eb4d65542990e94052b82,"Jacques Mathou starred in Delicatessen, the 1991 French movie in the style of which celebrated American animator?",chunk_packed_280,ace_focused_220,0.2983098612214021,0.32041863409989546,0.3156596174452425,0.2984637647290721,0.42857142857142855,268,5,1.0,1.0,270,5,1.0,1.0,279,5,1.0,1.0,278,5,0.0,0.0,217,5,1.0,1.0
5a8f55f9554299458435d5bd,What profession did Willi Forst and Elmer Clifton share?,ace_focused_220,ace_focused_220,0.26053072064839833,0.2007398760760632,0.2717281173599476,0.30935197889418675,1.0,252,5,0.0,0.0,280,5,0.0,0.0,271,5,0.0,0.0,257,5,0.0,0.0,205,5,0.0,0.0
5ac1846d55429964131be20b,In which city were the olympic games held in which Willi Meurer competed in the individual and team road race events?,chunk_packed_280,bm25_packed_280,0.37605131704685296,0.3653262847234655,0.3773063524159391,0.28845786382280925,0.6666666666666666,279,5,0.0,0.6666666666666666,254,5,0.0,0.6666666666666666,280,5,0.0,0.0,265,5,0.0,0.0,213,4,0.0,0.0
5a9073405542995b442420bb,What multinational telecommunications company did Robert Orr work for?,ace_focused_220,chunk_packed_280,0.23481893775344073,0.21554335997183738,0.21066682762121958,0.3159232761452798,0.6666666666666666,277,5,0.0,0.6666666666666666,267,5,0.0,0.0,267,5,0.0,0.0,271,5,0.0,0.0,214,5,0.0,0.0
5ade9c9c5542997c77adee8c,What screenplay was worked on by both Edward Carfagno and Miklos Rozsa?,chunk_packed_280,ace_focused_220,0.24709560707293968,0.24641166784003532,0.26236603530015645,0.268126190645366,0.6666666666666666,267,4,0.0,0.0,277,5,0.0,0.0,277,5,0.0,0.0,266,5,0.0,0.0,220,4,0.0,0.0
5ae151985542990adbacf74d,"Which music group has the most members, DC Talk, or Manchester Orchestra?",ace_focused_220,ace_focused_220,0.24667220252111355,0.2572903332135631,0.25084512265198355,0.3117063947536613,0.6666666666666666,275,5,1.0,1.0,263,5,1.0,1.0,275,5,1.0,1.0,272,5,1.0,1.0,220,5,1.0,1.0
5ac1436f5542991316484aad,Kevin Short had a role as the Jailer in which three-act French opera?,chunk_packed_280,ace_focused_220,0.2608298885828974,0.24334276557026713,0.25484157244296035,0.2636042274631053,0.42857142857142855,265,4,0.0,0.0,251,4,0.0,0.0,251,4,0.0,0.0,280,5,0.0,0.28571428571428575,186,4,0.0,0.28571428571428575
5ae269955542992decbdccf3,Who died in the battle located near the River Boyne in Ireland?,ace_focused_220,ace_focused_220,0.3080730298947052,0.3605606828419853,0.3163092793997152,0.3797222091699918,0.42857142857142855,254,4,0.0,0.0,262,5,0.0,0.0,254,4,0.0,0.0,265,5,0.0,0.0,185,3,0.0,0.0
5a803d695542996402f6a494,What is the main difference between the game Plateau and the game Colt Express?,chunk_packed_280,ace_focused_220,0.2690564757178854,0.23086823598467965,0.27455032771058097,0.2862155897979969,0.42857142857142855,275,5,0.0,0.0,251,4,0.0,0.0,267,5,0.0,0.0,268,5,0.0,0.0,216,4,0.0,0.0
5a7b493855429931da12ca58,The Good Dinosaur features the voice of what Canadian-born New Zealand actress?,ace_focused_220,chunk_packed_280,0.28908331353772815,0.2773523643155915,0.27851674563839224,0.325945279706924,0.6666666666666666,261,5,1.0,1.0,280,5,0.0,0.0,266,5,0.0,0.8,266,5,1.0,1.0,219,4,0.0,0.0
5a78d16455429974737f78bb,"Between two scientists Ernst Messerschmid and Philippe Perrin, who is older?",chunk_packed_280,ace_focused_220,0.29789765855819944,0.2854573618029025,0.29766224507520644,0.2925741495329327,1.0,222,5,0.0,0.8,261,5,0.0,0.8,275,5,0.0,0.8,222,5,0.0,0.8,158,5,0.0,0.8
5ae78f3b554299540e5a5608,Mr. & Mrs. Mxyzptlk is an episode of the superhero TV series that originally aired on what network?,chunk_packed_280,ace_focused_220,0.37006766681634373,0.39592319250174,0.3974611797887576,0.3338948227030007,1.0,265,5,0.0,0.0,258,5,0.0,0.0,267,5,0.0,0.0,267,5,0.0,0.0,213,4,0.0,0.0
5a80c79155429938b61421da,"How many seasons has a popular tv show had, in which one of the episodes is called Moho House?",chunk_packed_280,ace_focused_220,0.27203106126283294,0.26399261983599964,0.2920555782217375,0.26786809031834724,0.1111111111111111,264,5,1.0,1.0,273,5,0.0,0.0,268,5,1.0,1.0,267,5,1.0,1.0,220,5,1.0,1.0
5a7100435542994082a3e4a3, Are Finding Kraftland and Shikashika both frozen drinks?,ace_focused_220,ace_focused_220,0.2674222345668392,0.25597396464145783,0.2556299986967277,0.33540792327634883,0.42857142857142855,268,5,0.0,0.0,272,5,0.0,0.0,268,5,0.0,0.0,279,5,0.0,0.0,192,5,0.0,0.0
5a8f08c2554299458435d531,"Giuseppina Tuissi played a role in the execution of a National Fasict Party leader, as well as what female associated with the leader?",chunk_packed_280,ace_focused_220,0.26513750990075957,0.25697265797480945,0.27590941950868814,0.2446371026380217,0.25,254,4,1.0,1.0,258,4,0.0,0.0,267,4,1.0,1.0,280,5,1.0,1.0,213,4,1.0,1.0
5adca8215542994ed6169bbc,"Which American actor tries to make his long distance relationship with Priya work in ""The Infestation Hypothesis""  ",hybrid_packed_280,ace_focused_220,0.302279511879891,0.368886106988974,0.3593692591038393,0.3551496339966587,0.25,268,4,0.0,0.4,278,5,0.0,0.0,279,4,0.0,0.4,279,5,0.0,0.0,212,4,0.0,0.4
5add6b595542992200553b0c,"Where was the artist behind ""Shit"" born and raised?",chunk_packed_280,hybrid_packed_280,0.21792562995274598,0.23246960432768066,0.23836239161279987,0.2296520703646734,0.42857142857142855,272,5,0.0,0.0,280,5,0.0,0.0,269,5,1.0,1.0,269,5,0.0,0.0,207,5,0.0,0.0
5a8ef2a75542995a26add583,Seven Brief Lessons on Physics was written by an Italian physicist that has worked in France since what year?,chunk_packed_280,ace_focused_220,0.3442525170738492,0.37836695425766453,0.36601634576328435,0.3719827206611076,0.6666666666666666,260,5,1.0,1.0,278,5,1.0,1.0,274,5,1.0,1.0,265,5,1.0,1.0,207,4,1.0,1.0
5a74684655429929fddd8410,"Which American music star appeared as a guest in a Will & Grace episode called ""Back Up, Dancer""?",chunk_packed_280,ace_focused_220,0.3114490573439786,0.3347808171520503,0.33748558071333756,0.33239217675660404,0.25,273,4,0.0,0.6666666666666666,272,5,0.0,0.0,275,4,0.0,0.0,257,5,0.0,0.0,214,3,0.0,0.6666666666666666
5ae635505542992ae0d16282,Where was the comedian from And There's More born? ,chunk_packed_280,ace_focused_220,0.3360928168853634,0.24463754680560512,0.24257661268295017,0.24566574224503585,0.1111111111111111,259,5,0.0,0.0,274,5,0.0,0.0,270,5,0.0,0.0,280,5,0.0,0.0,216,4,0.0,0.0
5a7b55375542995eb53be91f,"Who did the player nicknamed ""The Human Highlight Film"" play for after he left the Atlanta Hawks?",chunk_packed_280,ace_focused_220,0.2606488432279366,0.28641127307356673,0.2771732798034933,0.2713739332621631,0.6666666666666666,273,5,0.0,0.0,279,5,0.0,0.0,262,4,0.0,0.0,266,5,0.0,0.0,202,4,0.0,0.0
5ae3263455429928c4239634,"On November 2, 2010, John Spratt lost to an AMerican politician who served in the South Carolina General Assembly from 2007 until when?",chunk_packed_280,ace_focused_220,0.32192865216971567,0.3063406805942791,0.3191039220911702,0.3222006861458103,0.6666666666666666,272,5,1.0,1.0,274,5,1.0,1.0,274,5,1.0,1.0,278,5,1.0,1.0,205,5,1.0,1.0
5a719bf25542994082a3e891,The astronomer who formulated the theory of stellar nucleosynthesis co-authored what landmark paper?,ace_focused_220,hybrid_packed_280,0.2579937182719926,0.30925857781177335,0.2854362317487925,0.32918696751252574,1.0,275,5,0.0,0.0,280,5,1.0,1.0,260,5,1.0,1.0,268,5,0.0,0.0,218,4,0.0,0.0
5ae618325542996de7b71b56,"Gerald Grosvenor, 6th Duke of Westminster was succeeded by the British aristocrat who is estimated to be worth how much?",chunk_packed_280,ace_packed_280,0.33638054886714186,0.35448444543927055,0.3465106909138723,0.34462688282515086,1.0,267,5,0.0,0.0,267,5,0.0,0.0,267,5,0.0,0.0,277,5,0.0,0.5,205,5,0.0,0.0
5ab7f0015542992aa3b8c88b,Who did the Star and Dagger bass player marry?,ace_focused_220,ace_focused_220,0.19764844272376816,0.25105756396029555,0.255119120081019,0.3349058523065285,0.25,280,5,0.0,0.0,273,5,0.0,0.0,273,5,0.0,0.0,269,5,0.0,0.0,208,5,0.0,0.0
5a7dafe15542991319bc93f3,What was the breakthrough role for the English Actor starring in Feed the Beast,chunk_packed_280,ace_focused_220,0.2715874422887485,0.2725635657397786,0.3034895574726414,0.2902745784853986,0.25,267,4,0.0,0.0,269,5,0.0,0.0,261,5,0.0,0.0,272,5,0.0,0.0,213,5,0.0,0.0
5a90c8165542995651fb51ee,What uprising did Sean Heuston take part in and executed at Kilmainham Gaol for?,chunk_packed_280,ace_focused_220,0.2627575654280201,0.2784361660411796,0.27799236921238746,0.27147285534583127,0.6666666666666666,263,5,0.0,0.6666666666666666,273,5,0.0,0.6666666666666666,268,5,0.0,0.6666666666666666,264,5,0.0,0.6666666666666666,208,5,0.0,0.6666666666666666
5ab47e0a5542990594ba9c32,Who is the current governor of the state where former wrestler Stephen Cepello painted the Governor's Mansion?,chunk_packed_280,ace_focused_220,0.31174099879015416,0.32600781068376383,0.32907854527848096,0.32105619135329544,0.6666666666666666,277,5,0.0,0.0,277,5,0.0,0.0,269,5,0.0,0.0,265,5,0.0,0.0,209,4,0.0,0.0
5a88abf75542997e5c09a6a1,"In what city was the second bowl game to air on all the ""big four"" television networks played?",ace_focused_220,ace_focused_220,0.23702527946322996,0.2884752050244541,0.2697188927443248,0.35023698207701115,0.25,267,5,0.0,0.0,273,5,0.0,0.0,280,5,0.0,0.0,270,5,0.0,0.0,214,4,0.0,0.0
5a8e41735542995085b37406,"What is the county seat of the county in which Keokuk Falls, Oklahoma is loated?",ace_focused_220,chunk_packed_280,0.33432867170688685,0.3259707948237478,0.34121683583941737,0.42582814188916907,0.6666666666666666,265,5,1.0,1.0,276,5,0.0,0.0,267,5,0.0,0.0,241,5,0.0,0.0,209,5,0.0,0.0
5ae0968955429924de1b7105,When was the rock band to which Pre-Creedence name was changed active? ,chunk_packed_280,ace_focused_220,0.33194425314796006,0.3495123310362309,0.334438716588618,0.32812911758904817,0.25,273,5,0.0,0.0,275,5,0.0,0.0,275,5,0.0,0.0,278,5,0.0,0.0,210,5,0.0,0.0
5ac0d9a35542992a796ded90,Are Hungry Hungry Hippos and Parcheesi both published by Parker Brothers?,chunk_packed_280,ace_packed_280,0.3126745266682238,0.31400556148654307,0.32022345945970954,0.3065734158472705,0.6666666666666666,263,4,0.0,0.0,261,5,0.0,0.0,261,5,0.0,0.0,277,5,1.0,1.0,209,5,0.0,0.0
5adf4b335542993a75d264a5,Paul DeBoy is known for an appearance in the Western action-adventure game developed by which company?,chunk_packed_280,hybrid_packed_280,0.28679367855647553,0.27474372367860644,0.2809183666793179,0.2923373938357071,0.6666666666666666,273,5,0.0,0.4,273,5,1.0,1.0,267,5,1.0,1.0,259,5,0.0,0.4,212,5,0.0,0.4
5a7a8a9c554299042af8f666,The lamp used in many lighthouses is similiar to this type of lamp patented in 1780 by Aimé Argand?,ace_focused_220,chunk_packed_280,0.2985304588040568,0.3124443298661332,0.30663928626739,0.3674027812571944,1.0,260,5,1.0,1.0,267,5,0.0,0.5,277,5,0.0,0.5,250,5,0.0,0.5,217,5,0.0,0.5
5ae6914755429908198fa627,Brian Olsen was the lst WEC heavyweight champion before the promotion company founded in what month purchased the organization?,chunk_packed_280,hybrid_packed_280,0.3243928169090896,0.37101748270230145,0.35899582334125896,0.347938401473644,1.0,277,5,0.0,0.6666666666666666,268,5,0.0,0.0,273,5,0.0,0.6666666666666666,278,5,0.0,0.6666666666666666,208,4,0.0,0.0
5a85f8665542994775f606ce,"Runaway Scrape events of the Texas Revolution, culminating in this Battle, was a fight that lasted how long?",chunk_packed_280,chunk_packed_280,0.2806877301416127,0.30051811642619686,0.2858441480546313,0.30866393824136806,1.0,275,4,1.0,1.0,280,4,1.0,1.0,280,5,1.0,1.0,277,5,1.0,1.0,219,4,0.0,0.0
5a8135cc55429903bc27b943,"In the USA, gun powder is used in conjunction with this to start the Boomershot.",chunk_packed_280,ace_focused_220,0.2529199486138161,0.25313362400143036,0.2543135626239893,0.2687058762169301,0.6666666666666666,262,4,0.0,0.5,267,4,0.0,0.5,276,5,0.0,0.5,259,5,0.0,0.5,198,4,0.0,0.6666666666666666
5a738b855542992d56e7e363,"Which hospital opened first, St. Elizabeths Hospital or Providence Hospital?",ace_focused_220,ace_focused_220,0.296112321588593,0.2930110375780802,0.29679529217795586,0.36074674445369304,0.42857142857142855,275,5,1.0,1.0,270,5,1.0,1.0,279,5,1.0,1.0,260,5,1.0,1.0,196,5,1.0,1.0
5ade0fb95542997545bbbe39,How long is the river for which Frenchmans Creek is a tributary?,ace_focused_220,ace_focused_220,0.30583694535809935,0.30547534066647375,0.30309721513390575,0.3655889295041471,1.0,246,5,0.0,0.5,279,5,0.0,0.0,276,5,0.0,0.5,246,5,0.0,0.5,204,5,0.0,0.5
5adf715b5542992d7e9f9354,The Minister for Defence Industry is currently the member of the Australian House of Representatives from what city?,ace_focused_220,ace_focused_220,0.340916978091544,0.251285874480229,0.33082848982360274,0.435822639251927,1.0,277,5,0.0,0.0,275,5,0.0,0.0,279,5,0.0,0.0,270,5,0.0,0.0,211,5,0.0,0.0
5ae07c6255429924de1b70d6,"What is the top speed of the faster roller coaster, between The Riddler's Revenge and Green Lantern ?",ace_focused_220,ace_focused_220,0.2981795385452577,0.30014243844252736,0.300894854090909,0.3454391809467074,0.6666666666666666,278,5,0.0,0.0,267,5,0.0,0.0,278,5,0.0,0.0,276,5,0.0,0.5,213,4,0.0,0.5
5ab42d5755429942dd415eaf,"""Lost!"" is a song by a British rock band formed in what year?",ace_focused_220,ace_focused_220,0.24376893174804976,0.24940847014360548,0.2566272711480217,0.4638664540442846,0.6666666666666666,274,5,1.0,1.0,274,5,0.0,0.0,269,5,0.0,0.0,245,5,1.0,1.0,202,5,1.0,1.0
5abc0ba05542996583600409,"Of all the teams John Nyskohus played for, which team was known as ""the Black and Whites?""",chunk_packed_280,hybrid_packed_280,0.25417241288551234,0.24279889091287998,0.27085836465669894,0.254241614626467,0.25,276,5,0.0,0.0,272,4,0.0,0.0,261,4,1.0,1.0,261,4,1.0,1.0,197,4,0.0,0.0
5ae8164d5542994a481bbeb6,Emily Beecham is best known for her role in a televsion series whose second season premiered on what date?,chunk_packed_280,ace_focused_220,0.3151646085781834,0.35310606429857494,0.33940928335133924,0.25803827440849686,0.25,274,5,0.0,0.0,259,5,0.0,0.0,278,5,0.0,0.0,280,5,0.0,0.0,216,5,0.0,0.0
5a84f4c75542997175ce1f31,Which Italian composer was known for his long-flowing melodic lines and was included in the repertoire of Maria Callas?,chunk_packed_280,ace_focused_220,0.33924216175180544,0.3553436504503266,0.36904040231351,0.34812326204685773,1.0,236,5,0.0,0.33333333333333337,264,5,0.0,0.33333333333333337,243,5,0.0,0.33333333333333337,236,5,0.0,0.33333333333333337,184,4,0.0,0.33333333333333337
5adfb4b8554299603e418381,What do Káťa Kabanovát and Der ferne Klang have in common?,chunk_packed_280,ace_focused_220,0.27512798994924237,0.3038610190635125,0.29751497390259224,0.2656808260155821,0.42857142857142855,267,5,0.0,0.0,271,5,0.0,0.0,280,5,0.0,0.0,269,5,0.0,0.0,200,5,0.0,0.0
5ab51dae5542991779162d82,Are both Elko Regional Airport and Gerald R. Ford International Airport located in Michigan?,ace_focused_220,ace_focused_220,0.33323357133925524,0.31479895161251914,0.33569663473463174,0.3568037212323151,1.0,278,5,1.0,1.0,257,5,1.0,1.0,268,5,1.0,1.0,280,5,1.0,1.0,192,4,1.0,1.0
5a774e415542994aec3b7280,Who fills in occasionally for the meteorologist who replaced  Ginger Zee ?,ace_focused_220,ace_focused_220,0.2783861176570725,0.26626109028445166,0.28242751758579043,0.3009666168453411,0.6666666666666666,268,5,1.0,1.0,264,5,1.0,1.0,268,5,1.0,1.0,278,5,1.0,1.0,191,4,1.0,1.0
5ab84c6955429916710eb021,What genre of composers were both Claudio Monteverdi and Georges Bizet? ,ace_focused_220,hybrid_packed_280,0.2522272500800677,0.24385914410360365,0.24534416054665653,0.28314760966831515,1.0,280,4,1.0,1.0,265,5,0.0,0.0,279,5,1.0,1.0,277,5,0.0,0.0,213,4,0.0,0.0
5a7339c85542991f9a20c6a2,What is the nickname of the county in Northern Ireland where the Tandragee killings took place?,ace_focused_220,ace_focused_220,0.26040523115610137,0.26606536902943345,0.2680983321850847,0.34425784882842714,0.6666666666666666,248,5,0.0,0.5,266,5,0.0,0.5,275,5,0.0,0.5,252,5,0.0,0.5,207,5,0.0,0.5
5ab97b27554299131ca4233c,What characteristics do Rosario Castellanos and Arthur Hailey  share?,ace_focused_220,ace_focused_220,0.25929091185788633,0.21499329099119763,0.2619243997266042,0.3113056611180657,1.0,272,5,0.0,0.0,268,5,0.0,0.0,272,5,0.0,0.0,267,5,0.0,0.0,208,5,0.0,0.0
5adcdf455542994ed6169c11,What where both Hawker Hurricane and No. 1455 Flight apart of?,chunk_packed_280,ace_packed_280,0.29305302770040653,0.28386788936868756,0.297019106356785,0.29723370246891434,0.6666666666666666,274,5,0.0,0.0,279,5,0.0,0.0,278,4,0.0,0.0,269,5,1.0,1.0,218,3,0.0,0.0
5aba74ad55429955dce3ee35,"Are Ural Federal University and California State Polytechnic University, Pomona both public universities?",chunk_packed_280,ace_focused_220,0.3595234450458323,0.36181195636685504,0.3630366963213568,0.3864178871664907,0.42857142857142855,271,5,0.0,0.0,273,5,0.0,0.0,274,5,0.0,0.0,252,5,0.0,0.0,194,4,0.0,0.0
5a83316b5542993344745fe5,What is the name of the show that the man that was drafted eighth overall in the 1995 NFL Draft co-hosts?,ace_focused_220,ace_focused_220,0.2280492770383829,0.25104474535441434,0.23698333475849767,0.27051772375689154,0.42857142857142855,266,5,0.0,0.0,269,5,0.0,0.0,266,5,0.0,0.0,268,5,0.0,0.0,210,3,0.0,0.0
5ae7ee41554299540e5a56b0,Paul Maynard became Rail Minister after the entrance of the Prime Minister who took office in what year?,chunk_packed_280,ace_focused_220,0.313983334709571,0.28891130286785305,0.3173776728854242,0.3182609256117912,0.6666666666666666,278,5,1.0,1.0,265,5,1.0,1.0,264,4,1.0,1.0,280,5,1.0,1.0,216,4,1.0,1.0
5ab9379a554299753720f79d,"Which University, University of New South Wales or Purbanchal University was established first ?",ace_focused_220,ace_focused_220,0.34671117089323095,0.34496876315704905,0.3460463837722146,0.3963110751041838,0.6666666666666666,273,5,0.0,0.28571428571428575,275,5,0.0,0.28571428571428575,279,5,0.0,0.28571428571428575,273,5,0.0,0.28571428571428575,214,5,1.0,1.0
5adf21bc5542993344016bf4,Lost in Time includes the theme song for a French/Japanese anime series that was created by who?,chunk_packed_280,ace_focused_220,0.2829216260123902,0.23388015150796262,0.27494653887204046,0.27191864614776695,0.6666666666666666,269,5,0.0,0.0,267,5,0.0,0.0,271,5,0.0,0.0,277,5,0.0,0.0,211,5,0.0,0.0
5a8e3ed7554299068b959e82,"Which band did this American businessman, music publisher, writers' representative, filmmaker and record label executive manage while simultaneously managing this group of the album ""More Hot Rocks?""",ace_focused_220,ace_focused_220,0.2408959824687665,0.29096568673377865,0.26497739318121694,0.29364620416381754,0.6666666666666666,268,4,0.0,0.0,263,4,0.0,0.0,268,4,0.0,0.0,276,5,0.0,0.0,210,4,0.0,0.0
5a7d2b5755429907fabef0c2,To what team was the 2014 NBA Rookie of the Year traded in October 2016? ,ace_focused_220,ace_focused_220,0.2523111482804443,0.2671675242998453,0.26400833348684966,0.31674162966912434,0.42857142857142855,260,4,0.0,0.0,270,5,0.0,0.0,267,5,0.0,0.0,280,5,0.0,0.0,211,5,0.0,0.0
5a74c3f455429979e2882a0a,What product by FLEXcon represents data by geometric patterns?,chunk_packed_280,ace_focused_220,0.2227598504927819,0.21956867149608902,0.22928324686283197,0.23815712099848824,0.6666666666666666,260,5,0.0,0.0,279,5,0.0,0.0,258,5,0.0,0.0,269,5,0.0,0.0,216,5,0.0,0.0
5a7a06525542990198eaf04f,Who was born first David Draiman or Terry Kath?,ace_focused_220,ace_focused_220,0.2362348890507167,0.254652495184703,0.2534541378347714,0.3106681750107092,0.42857142857142855,268,5,0.0,0.0,279,5,0.0,0.0,279,5,0.0,0.0,267,5,0.0,0.0,216,4,0.0,0.0
5ab2ce27554299545a2cfa98,The project that Jeder Rappen zählt is inspired by began in what year?,hybrid_packed_280,ace_focused_220,0.34794117876667374,0.41498606737051,0.3947505877310843,0.33901901313237415,0.42857142857142855,262,5,0.0,0.0,274,5,0.0,0.0,256,5,0.0,0.0,263,5,0.0,0.0,212,5,0.0,0.0
5a810506554299260e20a202,"What is the birth date of this American composer, who composed the Ghost Quartet?",chunk_packed_280,ace_focused_220,0.2653601888475392,0.272832428533443,0.2613546701446532,0.23755370370711051,0.1111111111111111,261,5,1.0,1.0,264,5,1.0,1.0,277,5,1.0,1.0,268,5,1.0,1.0,198,3,1.0,1.0
5ab2999a554299194fa9342f,Huell Howser provided the voice of Backson in Disney's what numbered animated film?,ace_focused_220,ace_focused_220,0.2427241063559663,0.26598465148579425,0.271386049946999,0.2857969242792623,0.42857142857142855,272,5,0.0,0.0,278,5,0.0,0.0,278,5,0.0,0.0,265,5,0.0,0.0,210,4,0.0,0.0
5ab9d6ef5542994dbf01985b,What country of origin does  Dana Ivey and Two Weeks Notice have in common?,ace_focused_220,ace_focused_220,0.26145075539559226,0.2673167773320623,0.28444587182544784,0.3015905582613827,0.6666666666666666,247,4,0.0,0.0,280,4,0.0,0.0,276,5,0.0,0.0,255,5,0.0,0.0,200,4,0.0,0.0
5a7ba4765542995eb53be976,Who played a lead role in Dhool and has been awarded an Honorary Doctorate by the People's University of Milan?,chunk_packed_280,ace_focused_220,0.2924273115395609,0.3044481127339722,0.3137536311989172,0.28563924289678955,0.42857142857142855,263,5,1.0,1.0,269,5,1.0,1.0,277,5,1.0,1.0,261,5,1.0,1.0,211,5,1.0,1.0
5ac294b955429921a00aafd0,"Which magazine was created first, Macworld or Soaps In Depth?",ace_focused_220,ace_focused_220,0.2817212347408941,0.3029734126103255,0.3078875011495867,0.36983080118552336,0.6666666666666666,269,4,1.0,1.0,262,4,0.0,0.0,274,4,1.0,1.0,269,5,1.0,1.0,201,3,1.0,1.0
5a773d8955429966f1a36cc4,What is the first year that the second largest university in Alabama fielded a football team?,ace_focused_220,ace_focused_220,0.2713142118268235,0.3106650618752971,0.2898664979898335,0.3380277996890851,0.42857142857142855,277,5,0.0,0.0,276,5,0.0,0.0,277,5,1.0,1.0,274,5,0.0,0.0,206,4,1.0,1.0
5ae0f5fc554299422ee9957c,Who did Neleus of Scepsis study under in addition to Theophrastus in the Peripatetic school?,ace_focused_220,chunk_packed_280,0.2637052904101149,0.2810298522436795,0.2728629335866462,0.32250394968399243,0.6666666666666666,275,5,1.0,1.0,278,5,0.0,0.0,279,5,1.0,1.0,278,5,0.0,0.0,220,4,0.0,0.0
5a8edb7f55429917b4a5bdeb,Is 4 World Trade Center or Trump Palace Condominiums higher?,ace_focused_220,ace_packed_280,0.29383240023290624,0.28917656939276015,0.29248906567501765,0.39948424152070644,0.42857142857142855,275,5,0.0,0.75,277,5,1.0,1.0,277,5,0.0,0.0,257,5,1.0,1.0,212,5,0.0,0.0
5ae612f3554299546bf83065,Which musician who first became famous in the late 1960s and early 1970s is Inner Secrets  the ninth studio album by,ace_focused_220,ace_focused_220,0.2653570873782648,0.27772755285147854,0.2958651794458485,0.37469278352963525,0.42857142857142855,266,4,1.0,1.0,253,4,1.0,1.0,250,4,1.0,1.0,267,4,1.0,1.0,201,3,1.0,1.0
5a88db445542993b751ca88a,"Which Italian classical composer, conductor, and teacher born in 1750 composed this four-movement serenade in B-flat major for five instruments (2 oboes, 2 horns and 1 bassoon)?",hybrid_packed_280,ace_focused_220,0.3599674323378911,0.42057665619682816,0.40020164883327025,0.3564006773155556,0.6666666666666666,249,5,1.0,1.0,278,5,1.0,1.0,275,5,1.0,1.0,257,5,1.0,1.0,185,5,1.0,1.0
5a7a33a35542994f819ef14c,What is the middle name of the female MSNBC journalist critiqued on the Daily Howler?,ace_focused_220,chunk_packed_280,0.25797424824215653,0.26123904698365075,0.2711524411005092,0.31162183451539194,0.42857142857142855,272,5,1.0,1.0,276,5,0.0,0.0,280,5,0.0,0.0,273,5,0.0,0.0,200,5,0.0,0.0
5ab8ae585542991b5579efd8,"In which year was the choreographer for ""Best Foot Forward"" born?",ace_focused_220,chunk_packed_280,0.2659237658677749,0.26969125538769656,0.2663853580311033,0.33645224815226027,0.6666666666666666,260,5,1.0,1.0,263,5,0.0,0.0,265,5,0.0,0.0,263,5,0.0,0.0,214,4,0.0,0.0
5ab9535a5542996be202047e,"How many episodes were in the season of ""Rick and Morty"" that featured an episode called ""The Ricks Must Be Crazy""?",ace_focused_220,ace_focused_220,0.33340980053876335,0.3736120893315458,0.35999652476048133,0.4100561751059323,0.6666666666666666,279,5,0.0,0.0,265,5,0.0,0.0,279,5,0.0,0.0,267,5,0.0,0.0,205,5,0.0,0.0
5adeffa85542992d7e9f926f,What genre of music was played by both Tappi Tíkarrass and INXS?,ace_focused_220,ace_focused_220,0.2985393077337674,0.3019972218935034,0.3054573031097785,0.32440162448973164,0.6666666666666666,266,5,0.0,0.0,269,5,0.0,0.0,268,5,0.0,0.0,273,5,0.0,0.0,189,5,0.0,0.0
5abcfc365542993a06baf9d6,"What year did the series on CBS, starring the actor who known for his role in ""Rebel Without a Cause,"" air?",ace_focused_220,ace_focused_220,0.23787900879291998,0.2402923975918898,0.24376125144531433,0.2885658408075696,0.6666666666666666,277,5,0.0,0.0,270,5,0.0,0.0,277,5,0.0,0.0,269,5,0.0,0.0,198,5,0.0,0.0
5a8b3de95542997f31a41cc3,In what year was the most famous statute at Po Lin Monastery built?,ace_focused_220,ace_focused_220,0.2660209792979292,0.300397412338822,0.28082339487036334,0.3168646199004813,0.6666666666666666,273,5,0.0,0.0,280,5,0.0,0.0,280,5,0.0,0.0,274,5,0.0,0.0,220,5,0.0,0.0
5a8587dd5542997b5ce40000,What program did this Basham brother who appeared with World Wrestling Entertainment between 2002 and 2007 participated in 2007?,chunk_packed_280,hybrid_packed_280,0.28643357386626545,0.3000823685345536,0.2989674316108008,0.2969504375843679,0.6666666666666666,258,5,0.0,0.0,270,5,0.0,0.2,276,5,0.0,0.22222222222222224,271,5,0.0,0.0,199,4,0.0,0.0
5ae55e6855429960a22e02d0,"When was the coach of ""2008 Texas Tech Red Raiders football team"" born? ",ace_focused_220,hybrid_packed_280,0.427971770600584,0.41822421287610234,0.4233569827071939,0.46962072786323605,0.42857142857142855,280,5,0.0,0.0,278,5,1.0,1.0,257,5,1.0,1.0,274,5,1.0,1.0,207,5,0.0,0.0
5a80c74f554299260e20a158,"Who else besides ""The Golden Jet"" was born in Point Anne, Ontario?",ace_focused_220,ace_focused_220,0.2506397395696348,0.28589140039245253,0.266374554813434,0.3468830288398872,0.25,274,5,0.0,0.0,267,5,0.0,0.18181818181818182,280,5,0.0,0.16666666666666666,273,5,0.0,0.2,217,5,0.0,0.4
5a7543d555429916b01642ce,"Who was born more recently, Flula Borg, or Dirk Nowitzki?",ace_focused_220,ace_focused_220,0.2589899647530722,0.30985111287073996,0.2911172779951463,0.2912030415432053,0.42857142857142855,275,5,1.0,1.0,238,5,0.0,0.0,254,5,1.0,1.0,278,5,1.0,1.0,220,5,1.0,1.0
5a831af855429954d2e2ec1e,Are the 1908 Ex parte Young and 1948 McCollum v. Board of Education United States Supreme Court cases related to each other in any way?,chunk_packed_280,ace_focused_220,0.3372893977690695,0.34051803242565837,0.3488539880882039,0.304234698679437,0.42857142857142855,280,5,0.0,0.0,280,5,0.0,0.0,280,5,0.0,0.0,279,5,0.0,0.0,215,5,0.0,0.0
5ae7909f5542994a481bbda6,Which of the teams for which Colin Kolles is the former team principal and managing director was sold and renamed Force India at the end of the 2007?,ace_focused_220,ace_focused_220,0.2985662422421239,0.3155982042888511,0.31477701712045747,0.4102659382242452,0.6666666666666666,273,4,0.0,0.0,271,4,0.0,0.0,271,4,0.0,0.0,272,5,0.0,0.0,207,4,0.0,0.0
5a89d26b5542992e4fca83d1,Leo A. Harris was also known for his handshake deal with Walt Disney that permitted the University of Oregon to use the likeness of what cartoon character created in 1934 at Walt Disney Productions?,ace_focused_220,ace_focused_220,0.3506055171211996,0.3782671436932949,0.36852968033457045,0.4038327638744026,0.6666666666666666,269,4,1.0,1.0,266,4,1.0,1.0,269,4,1.0,1.0,276,5,1.0,1.0,220,4,1.0,1.0
5ade279e5542992fa25da6fa,Kent Dairy Round Barn is near the city in what Montana county?,ace_focused_220,ace_focused_220,0.3261482675929924,0.3579268752333349,0.3530395945314988,0.43237155700297847,0.6666666666666666,274,5,1.0,1.0,279,5,0.0,0.0,278,5,0.0,0.0,275,5,1.0,1.0,206,4,1.0,1.0
5adc5b875542996e68525328,In which St. Louis Cardinal season did a player born in 1972 blow ten saves before undergoing season-ending hip surgery?,chunk_packed_280,ace_focused_220,0.2482006272219325,0.291240574506185,0.2729523395864808,0.1976865531725151,0.0,268,5,0.0,0.0,268,5,0.0,0.0,268,5,0.0,0.0,279,5,0.0,0.0,211,5,0.0,0.0
5ae686535542996d980e7bdc,The Black Belly of the Tarantula starred an actress who married what former member of the Beatles?,ace_focused_220,bm25_packed_280,0.32241021899620015,0.3276089300127053,0.33669840226032294,0.388715308311137,0.42857142857142855,278,5,1.0,1.0,255,5,1.0,1.0,258,5,0.0,0.0,276,5,1.0,1.0,194,4,0.0,0.0
5a7c25035542997c3ec972e5,"Qazi is a Kashmiri singer that won ""Fame Gurukul"" along with a singer born where?",ace_packed_280,ace_focused_220,0.3381878767101071,0.36701442452864164,0.362065105722971,0.4053412870988018,1.0,248,5,1.0,1.0,278,5,1.0,1.0,278,5,1.0,1.0,266,5,1.0,1.0,214,4,1.0,1.0
5adebc51554299728e26c799,What band did both Delores Holmes and an inductee to the Rock and Roll Hall of Fame sing in?,ace_focused_220,ace_focused_220,0.2737191940198406,0.2966132643170988,0.25650274786700994,0.31812176537862097,0.25,280,5,0.0,0.0,264,5,0.0,0.4,280,5,0.0,0.0,267,5,0.0,0.0,213,5,0.0,0.4
5a88a19a5542997e5c09a64b,The American Sweetgum is the hostplant of what kind of bug?,ace_focused_220,ace_focused_220,0.2109381126620476,0.2588638451204013,0.24415843281947905,0.2414025275309244,1.0,271,5,0.0,0.0,280,5,0.0,0.0,277,5,0.0,0.0,255,5,0.0,0.0,207,5,0.0,0.0
5a81346055429926c1cdad13,"What organization is known for having a president who was convicted of felony charges that was harbored by his brother, another high ranking member?",chunk_packed_280,bm25_packed_280,0.2491483266576151,0.23916161640854422,0.24957159075252952,0.24581638769781733,0.6666666666666666,279,5,0.0,0.1818181818181818,279,5,0.0,0.2,276,5,0.0,0.1818181818181818,276,5,0.0,0.1818181818181818,216,5,0.0,0.1818181818181818
5aded04755429975fa854fa7,What team won the XLII super bowl in their 48th overall season?,chunk_packed_280,ace_packed_280,0.29158301546749743,0.2544219893859534,0.2636133502817985,0.32096035144984547,0.42857142857142855,264,5,0.0,0.28571428571428575,270,4,0.0,0.0,280,4,0.0,0.0,257,4,0.0,0.8571428571428571,208,3,0.0,0.28571428571428575
5a85f4ec5542994775f606c6,"The technique 'panenka' was first used by a player of what nationality against ""Die Katze von Anzing""? ",chunk_packed_280,ace_focused_220,0.2428216729319714,0.25776069998843104,0.23786003402216593,0.25250674302419923,0.6666666666666666,265,5,1.0,1.0,277,5,1.0,1.0,274,4,1.0,1.0,267,5,1.0,1.0,215,3,1.0,1.0
5a7cdd6b55429909bec76858,"Which band formed earlier, Edward Sharpe and the Magnetic Zeros or Louis XIV?",ace_focused_220,ace_focused_220,0.3923139425632834,0.3851520321048467,0.387386042681073,0.432778252191912,0.6666666666666666,272,5,1.0,1.0,273,5,0.0,0.0,272,5,1.0,1.0,255,5,0.0,0.0,185,4,1.0,1.0
5a832e715542990548d0b1bf,What annual gathering that inlcudes David Starfire takes place at Black Rock City?,ace_focused_220,ace_focused_220,0.28532973402125694,0.3318056190125246,0.3222966958304386,0.38020569397349524,0.6666666666666666,274,5,1.0,1.0,279,5,1.0,1.0,271,5,1.0,1.0,279,5,1.0,1.0,212,4,1.0,1.0
5adf73a45542992d7e9f9378,Philip Despencer's brother was a favorite of which king who was deposed in January of 1327?,ace_focused_220,ace_focused_220,0.25671340579683066,0.26141296434197425,0.25532354644301003,0.3352925918222403,1.0,272,5,0.0,0.8,264,5,0.0,0.8,278,5,0.0,0.8,268,5,0.0,0.8,219,4,0.0,0.8
5ae328df55429928c423963c,"Dorothy Sarnoff's personal client list included what AMerican novelist, who has sold over 800 million copies of her books?",chunk_packed_280,ace_focused_220,0.26682902592459856,0.2601627084812399,0.2651893130495495,0.2879680129377673,0.42857142857142855,273,5,1.0,1.0,272,5,0.0,0.6666666666666666,272,5,0.0,0.6666666666666666,268,5,0.0,0.3333333333333333,212,5,1.0,1.0
5a8e0cb85542995085b373b2,"Which film was released first, The Celluloid Closet or Station to Station?",ace_focused_220,ace_focused_220,0.3056741611069803,0.299564755649258,0.3080153430770094,0.3457639308787575,0.6666666666666666,264,5,0.0,0.0,263,5,1.0,1.0,275,5,0.0,0.0,268,5,0.0,0.0,201,5,1.0,1.0
5abe94fd55429965af743f37,Were both Sinclair Research and the Wave Mate Bullet founded in the 1970s?,ace_focused_220,ace_focused_220,0.28071321327028464,0.3025682344442051,0.2850115518331741,0.36397805735817457,0.6666666666666666,275,5,0.0,0.0,274,4,0.0,0.0,275,5,0.0,0.0,275,5,0.0,0.0,218,4,0.0,0.0
5a7758895542994aec3b729c," Which American rock band, Sugar Ray or Against the Current gained mainstream fame in the 1990's?",ace_focused_220,ace_focused_220,0.28926591127028767,0.31673136136938773,0.30832903888611995,0.35556152125297097,0.6666666666666666,250,5,0.0,0.0,257,4,0.0,0.0,250,5,0.0,0.0,257,5,0.0,0.0,191,5,0.0,0.0
5abd09585542996e802b469b,What year did the musical premiere that was based on the 2007 Irish romantic musical film of the same name?,ace_focused_220,ace_focused_220,0.27393718552971225,0.30268436711466457,0.2783190008742267,0.36316659796334494,0.6666666666666666,274,5,0.0,0.0,279,5,0.0,0.0,266,5,0.0,0.0,276,5,0.0,0.0,220,5,0.0,0.0
5abc0bea554299658360040d, Sir Johnston Forbes-Robertson was considered the finest at playing a character who was the king of which country ?,chunk_packed_280,ace_focused_220,0.3418392932544794,0.3291873993840577,0.3397196112406198,0.3511824825779014,1.0,270,5,0.0,0.5,270,5,0.0,0.5,270,5,0.0,0.5,279,5,0.0,0.0,211,5,0.0,0.5
5ac0805f5542992a796ded29,"When was the author of ""Albert Speer: His Battle with Truth""  convicted? ",ace_focused_220,ace_focused_220,0.2728562352268832,0.3129766356863293,0.301288618567515,0.3372859301120162,0.6666666666666666,255,4,0.0,0.0,280,5,0.0,0.0,279,4,0.0,0.0,280,5,0.0,0.0,203,4,0.0,0.0
5a888fe6554299206df2b2f7,"""Black Maverick"" is a biography of what American civil rights leader, fraternal organization leader, entrepreneur and surgeon?",ace_focused_220,ace_focused_220,0.24791964101814787,0.25543606532565044,0.23414661970644546,0.4442553738087197,0.6666666666666666,275,5,0.0,0.8571428571428571,274,5,0.0,0.5714285714285715,274,5,0.0,0.5714285714285715,276,5,0.0,0.8571428571428571,216,5,1.0,1.0
5a7757215542993569682d58,"What 2016 film stars actor Xavier Samuel and an actress who portrayed Vasilisa Dragomir in the film ""Vampire Academy""?",ace_focused_220,bm25_packed_280,0.29616317166181266,0.30433885736280253,0.31196830690221533,0.32699750596965516,0.6666666666666666,280,5,0.0,0.0,276,5,0.0,0.6666666666666666,275,5,0.0,0.0,277,5,0.0,0.0,197,5,0.0,0.0
5a77a65b5542992a6e59df57,"when was the album that includes the song by Dustin Lynch released to country radio on February 17, 2017?",chunk_packed_280,ace_focused_220,0.3765714946149976,0.4011590225303079,0.3938380369661917,0.3075564687670285,0.42857142857142855,265,5,1.0,1.0,265,5,1.0,1.0,265,5,1.0,1.0,267,5,0.0,0.0,204,5,1.0,1.0
5ae12a4b55429920d52342df,Baraki Barak District is situated in the western part of a province whose capital is what?,ace_focused_220,ace_focused_220,0.3233248892798569,0.33509442542623613,0.3326610565921432,0.5070771268045735,0.6666666666666666,275,5,0.0,0.0,264,5,0.0,0.0,264,5,0.0,0.0,276,5,0.0,0.0,220,3,0.0,0.0
5a89f5815542993b751ca9c5,In which role did Caroline Carver played in a 1999 Hallmark Entertainment made-for-TV fantasy movie?,ace_focused_220,ace_focused_220,0.24467405523956642,0.29549925865081816,0.2783376188738941,0.36417589743129297,0.42857142857142855,260,5,1.0,1.0,267,5,1.0,1.0,267,5,1.0,1.0,276,5,1.0,1.0,205,5,1.0,1.0
5ae531a95542990ba0bbb1fc,"In what year was the actress who was starred in ""Streak"" with Rumer Willis born?",chunk_packed_280,ace_focused_220,0.25054672958159985,0.25813906199431863,0.2553883624586948,0.2705997232845524,0.6666666666666666,279,4,0.0,0.0,271,5,0.0,0.0,277,4,0.0,0.0,278,5,0.0,0.0,216,4,0.0,0.0
5a7b443c5542992d025e67ce,"Who was the director behind the Cirque du Soleil show in Las Vegas that was first performed on December 25, 1993?",ace_focused_220,ace_packed_280,0.2882593154912457,0.3078268341109019,0.3028509790200503,0.35629372969954254,0.42857142857142855,270,5,0.0,0.0,268,5,0.0,0.0,268,5,0.0,0.0,278,5,1.0,1.0,212,4,0.0,0.0
5abe436455429976d4830ac6,Which American actors and comedian played a New York City tailor in The Angel Levine?,hybrid_packed_280,bm25_packed_280,0.2920758526745208,0.342120231144045,0.34179251610749495,0.3111808320306175,0.25,260,4,0.0,0.6666666666666666,263,4,1.0,1.0,263,4,1.0,1.0,271,5,0.0,0.6666666666666666,218,4,0.0,0.6666666666666666
5ae5c74d554299546bf82f58,The Good Design movement is associated with what Danish furniture designer whose style is often described as Organic Functionality?,ace_focused_220,ace_focused_220,0.25297100170655523,0.26352060862087406,0.26539715849314927,0.3269245108471612,0.25,272,5,0.0,0.0,251,4,0.0,0.0,272,5,0.0,0.0,277,5,1.0,1.0,210,5,1.0,1.0
5ae3e5d05542994393b9e79f,The Devonshire Club was named in honor of which British landowner and politician?,ace_focused_220,ace_focused_220,0.28019032358381735,0.32550708001484885,0.32540900142409984,0.3428338716356857,1.0,275,5,1.0,1.0,275,5,1.0,1.0,267,5,1.0,1.0,276,5,1.0,1.0,208,5,1.0,1.0
5a72f74a55429901807daf59,"Which American comedian born on March 21, 1962, appeared in the movie ""Sleepless in Seattle?""",ace_focused_220,ace_packed_280,0.2672115842353059,0.2548313257325696,0.28343612195790846,0.3276683351405858,0.42857142857142855,269,5,0.0,0.0,274,5,0.0,0.0,276,5,1.0,1.0,271,5,1.0,1.0,218,4,0.0,0.0
5ae54eea5542993aec5ec19d,"Which band was formed first, Wavves or Social Code?",chunk_packed_280,ace_focused_220,0.30305729501164463,0.29447517988620175,0.28876927654168244,0.3068369229443341,1.0,268,5,1.0,1.0,270,5,0.0,0.0,280,5,1.0,1.0,280,5,0.0,0.0,215,5,1.0,1.0
5a8e32d35542995a26add480,"The Experts stars what actor known for ""Saturday Night Fever"" and ""Grease""?",ace_focused_220,ace_packed_280,0.2934552432505636,0.2815534254698401,0.2774876275850283,0.32464394722444756,0.6666666666666666,280,5,1.0,1.0,277,5,1.0,1.0,277,5,1.0,1.0,270,5,1.0,1.0,208,5,0.0,0.8
5a8230af554299676cceb227,Have filmmakers Enrico Cocozza and Mira Nair both been nominated for awards for their work?,ace_focused_220,ace_focused_220,0.22341005867921926,0.23869639902042922,0.24311402087657247,0.2559656685703423,0.6666666666666666,274,4,0.0,0.0,280,5,0.0,0.0,254,5,0.0,0.0,274,5,0.0,0.0,193,5,0.0,0.0
5ae7316e554299572ea5477e,Band-e-Amir Dragons is named after the lakes in which Afghan national park?,ace_focused_220,hybrid_packed_280,0.3652221581081942,0.3614058376823196,0.35608620436201593,0.43512224456088255,0.6666666666666666,274,5,1.0,1.0,247,5,0.0,0.0,270,5,1.0,1.0,250,5,0.0,0.0,219,4,0.0,0.0
5ac194db55429964131be23a,"What was the official religion of the lands of the husband of Dorothea of Denmark, Duchess of Prussia?",ace_focused_220,ace_focused_220,0.3619629060770759,0.36864541878247803,0.3673576396763242,0.3929360844098333,0.6666666666666666,274,5,0.0,0.0,265,4,0.0,0.0,263,4,0.0,0.0,272,5,0.0,0.0,211,4,0.0,0.0
5ab2979c554299449642c919,"Pawnography, featuring Richard Corey Harrison, is filmed in what shop and town?",chunk_packed_280,ace_focused_220,0.25307949895768994,0.25722106315937154,0.25594918854900106,0.26778167672738395,1.0,276,4,0.0,0.4444444444444445,276,4,0.0,0.4444444444444445,276,4,0.0,0.4444444444444445,269,4,0.0,0.4444444444444445,207,4,0.0,0.4444444444444445
5a86e6f65542994775f6077c,"How many Indians were killed in the massacre that ""kyáiyótokan"" was a survivor of?",ace_focused_220,ace_focused_220,0.25750475575168946,0.3017898091362889,0.26934866780727257,0.35420294472552094,0.42857142857142855,278,5,0.0,0.6666666666666666,280,5,0.0,0.6666666666666666,275,5,0.0,0.6666666666666666,268,5,0.0,0.6666666666666666,202,4,0.0,0.6666666666666666
5a85ee635542994775f606b4,"Which lake is located further south, Dal Lake or Waterton Lake?",ace_focused_220,ace_focused_220,0.2545159373560328,0.25738698417960226,0.25690769163303523,0.32024576510326885,0.6666666666666666,276,5,0.0,0.5,267,5,0.0,0.5,276,5,0.0,0.5,267,5,0.0,0.5,215,4,0.0,0.5
5abbfa8f55429965836003cc,"What is the English translation of the tier four league that TSV Schilksee was promoted to in 2014, following a league championship in the Schleswig-Holstein-Liga?",chunk_packed_280,bm25_packed_280,0.39816316540125163,0.43210698698425065,0.4209731406641466,0.3556310075385315,0.42857142857142855,278,5,0.0,0.0,277,5,0.0,0.6666666666666666,273,5,0.0,0.28571428571428575,274,5,0.0,0.0,211,5,0.0,0.0
5ae3789b5542992e3233c412,Riom Trial was headed by the French general who reached what distinction?,ace_focused_220,ace_focused_220,0.2637141339343068,0.29576900537359874,0.2867615157504933,0.31263275578802663,1.0,264,4,0.0,0.0,247,3,1.0,1.0,269,4,1.0,1.0,265,4,0.0,0.0,190,3,1.0,1.0
5ab344fc55429969a97a811e,Do Bloody Mary and Sidecar share any ingredients in common?,ace_focused_220,ace_focused_220,0.23617483715399548,0.24393632155865816,0.25597454597408037,0.2946685974428628,0.42857142857142855,279,5,1.0,1.0,270,5,0.0,0.0,273,5,0.0,0.0,272,5,1.0,1.0,211,5,1.0,1.0
5a7a88e455429941d65f268c,Where is the historic meeting venue built in a style taught at the Ecole des Beaux-Arts?,chunk_packed_280,ace_focused_220,0.27218445573105354,0.28110954334598737,0.2870162416809761,0.2819392298116974,0.14285714285714285,276,4,0.0,0.0,252,4,0.0,0.0,252,4,0.0,0.0,266,3,0.0,0.0,205,3,0.0,0.0
5a8634fe554299211dda2aac,What athletic conference did the conference that the Colgate Raiders women's ice hockey team play in used to be affiliated with?,ace_focused_220,bm25_packed_280,0.34242146789298455,0.3483552544441507,0.34295694129513377,0.4039522091229133,0.6666666666666666,280,5,1.0,1.0,273,5,1.0,1.0,280,5,1.0,1.0,265,5,0.0,0.0,197,4,0.0,0.0
5ae54b4f5542990ba0bbb261,What type of veterinary specialist is the star veterinarian of The Bionic Vet?,chunk_packed_280,chunk_packed_280,0.35450793024419863,0.3532154235710968,0.3610058476686736,0.3530099695309742,0.6666666666666666,178,5,1.0,1.0,184,5,0.0,0.0,204,5,0.0,0.0,265,5,0.0,0.0,220,5,1.0,1.0
5ac25fa955429951e9e6858c,what is the principal activity of the company  which holds that which  Robert Melville previously worked with,chunk_packed_280,chunk_packed_280,0.2794182102269571,0.2615960884519642,0.27935077241524797,0.26159372979056195,0.42857142857142855,270,5,0.0,0.25,277,5,0.0,0.0,271,5,0.0,0.0,263,5,0.0,0.0,203,3,0.0,0.0
5ab44cd555429942dd415f10,Rafael de Souza Pereira is a defensive midfielder for what organization that is the top level of the Mexican football league system?,ace_focused_220,ace_focused_220,0.2998482624138028,0.3222189894301191,0.30263853113051037,0.3704009407684169,0.6666666666666666,275,5,0.0,0.0,265,5,0.0,0.0,265,5,0.0,0.0,265,5,0.0,0.0,214,5,0.0,0.0
5a761e855542994ccc9186e0,Where are Catcha Lake and Hedley Mascot Mine located?,ace_focused_220,ace_focused_220,0.3006438087728312,0.2924901745128282,0.2986247811532997,0.3734564998678098,0.6666666666666666,276,5,0.0,0.0,280,5,0.0,0.0,266,5,0.0,0.0,265,5,0.0,0.0,212,3,0.0,0.25
5a87defa5542993e715abfec,"Nicholas Scibetta's hit man brother-in-law, who confessed to being involved in the murder of 19 people, helped prosecutors convict what Gambino family boss?",chunk_packed_280,chunk_packed_280,0.2768008755205605,0.2927557456397941,0.2800571812139673,0.28763487405528065,0.6666666666666666,263,5,1.0,1.0,265,5,0.0,0.0,279,5,0.0,0.0,276,5,0.0,0.0,206,4,0.0,0.0
5ab827a555429934fafe6cf5,This 2016 biographical sports comedy-drama film stars Taron Egerton as a skier who finished last in what events?,chunk_packed_280,ace_focused_220,0.28250090477397527,0.3298561473478957,0.3074473838969678,0.29476470982678804,0.6666666666666666,265,4,0.0,0.0,260,5,0.0,0.0,266,5,0.0,0.0,269,5,0.0,0.0,220,5,0.0,0.0
5ab5fcae554299110f2199ad,"Which son of Rick Barry was born first, Brent Robert Barry or Drew William Barry?",chunk_packed_280,ace_focused_220,0.29290168701653774,0.31380627026678404,0.30497455749647306,0.304808466756724,0.6666666666666666,257,5,1.0,1.0,275,5,1.0,1.0,257,5,1.0,1.0,270,5,1.0,1.0,215,5,1.0,1.0
5abd01205542992ac4f3819b,Mummulgum is a stop on the Bruxner Highway before reaching the town on the banks of which river?,chunk_packed_280,bm25_packed_280,0.29589420840141134,0.2856564510153806,0.3160174055463887,0.3121001046846901,0.42857142857142855,278,5,0.0,0.0,272,5,0.0,0.6666666666666666,280,5,0.0,0.6666666666666666,279,5,0.0,0.0,208,5,0.0,0.0
5ae3305c55429928c423965f,In Person is a 1935 film starring an actress born in what year?,ace_focused_220,ace_focused_220,0.33571433079088797,0.3143975171999024,0.35030236003442305,0.4748670388066022,0.25,275,5,0.0,0.0,261,5,0.0,0.0,268,5,0.0,0.0,253,5,0.0,0.0,209,5,0.0,0.0
5ac249bd55429951e9e68528,What flow of goods and services were managed and distributed by General Blood?,chunk_packed_280,ace_packed_280,0.262194463580157,0.24367372335492632,0.24283623326185863,0.2718109731844678,0.25,271,5,0.0,0.0,269,5,0.0,0.0,275,5,0.0,0.0,279,5,0.0,0.888888888888889,195,3,0.0,0.0
5adf98215542993344016d19,"In what London botanical garden can you find the fungus described by Elise Maud Wakefield as ""Lepiota""?",ace_focused_220,ace_focused_220,0.2501303020355624,0.2800615044194238,0.25478468686253586,0.28041600577917825,0.6666666666666666,262,4,1.0,1.0,278,5,1.0,1.0,280,5,1.0,1.0,276,5,1.0,1.0,216,3,1.0,1.0
5a745a6055429974ef308be4,"Which of the following works was completed first, Something Wicked This Way Comes or The Wind in the Willows?",ace_focused_220,ace_focused_220,0.3058484996138877,0.30887712728550837,0.3075171912916083,0.36395581481454486,1.0,255,5,1.0,1.0,271,4,1.0,1.0,276,5,1.0,1.0,278,5,1.0,1.0,193,4,1.0,1.0
5ab9d2e255429955dce3ed90,What was the estimated population of the city that Luis Villalta Aquino was from in 2012?,ace_focused_220,ace_focused_220,0.24446438962279404,0.26471039246888217,0.26651022282754505,0.33555543806181576,0.6666666666666666,254,5,0.0,0.0,271,5,0.0,0.0,271,5,0.0,0.0,270,5,0.0,0.0,187,5,0.0,0.0
5a8ea03e5542990e94052b81,Atlanta Zero Mile Post is located within a historic area opened in what year ?,ace_focused_220,ace_focused_220,0.302795791367906,0.32879121772648223,0.31690171458407945,0.35102243528395416,0.6666666666666666,266,5,0.0,0.0,273,4,0.0,0.0,266,5,0.0,0.0,269,5,0.0,0.0,210,5,0.0,0.0
5a9052765542995651fb513d,"Which author is an economist, Czesław Miłosz or Bhabananda Deka?",chunk_packed_280,ace_focused_220,0.2850654679137906,0.21841066700711792,0.20995799456489472,0.30876344660098226,0.6666666666666666,276,5,0.0,0.8,272,4,0.0,0.0,272,4,0.0,0.0,280,5,0.0,0.8,215,5,0.0,0.8
5adbd3405542994650320bf8,"Who was a member of ""Cheney"", who won 'Song of the Year' in 2009, Chris Cheney or Mikael Åkerfeldt?",ace_focused_220,ace_focused_220,0.24053245519871436,0.24345759332540456,0.2616924045226806,0.3092449124411163,0.42857142857142855,261,4,0.0,0.0,275,4,0.0,0.4,278,5,0.0,0.0,268,4,0.0,0.0,212,4,0.0,0.4
5ae1091055429920d523429b,The seventh largest inhabited island in Hawaii has what remote wild beach?,ace_focused_220,ace_packed_280,0.23312122756086082,0.2419126484205501,0.22604295143764713,0.3124560287741315,0.42857142857142855,279,5,0.0,0.0,272,5,0.0,0.0,265,5,0.0,0.0,275,5,1.0,1.0,195,5,0.0,0.0
5add7b0c5542992200553b39,The 2013 Oregon Ducks football team was led by which former American football coach who is currently a college football analyst for Fox Sports?,chunk_packed_280,ace_focused_220,0.3767271875244491,0.39861004647829656,0.3942055565564806,0.3889091911953876,0.6666666666666666,280,5,1.0,1.0,273,5,1.0,1.0,280,5,1.0,1.0,274,5,1.0,1.0,202,5,1.0,1.0
5ae236da5542994d89d5b397,"When was the American actor, film director which  Dana Brunetti is the president of his company born ",chunk_packed_280,ace_focused_220,0.31579798764860534,0.32711475619246355,0.33330446171248806,0.2999722245100527,0.42857142857142855,269,5,0.0,0.0,274,5,0.0,0.0,260,5,0.0,0.0,267,5,0.0,0.0,195,5,0.0,0.0
5abbd3ac55429931dba1458b,Are both Duke Energy and Affiliated Managers Group based in Massachusetts?,ace_focused_220,ace_focused_220,0.3074366383978278,0.3103858666365552,0.3267567948996972,0.34261833715358425,1.0,273,5,1.0,1.0,275,5,1.0,1.0,280,5,1.0,1.0,273,5,1.0,1.0,199,5,1.0,1.0
5abe535055429976d4830aea,Where is the transportation company that owns Talbot based in?,chunk_packed_280,hybrid_packed_280,0.35884443955133305,0.3577091071538395,0.36124239846647566,0.3614930055075911,0.6666666666666666,268,5,0.0,0.0,263,5,0.0,0.0,269,5,0.0,0.5,255,5,0.0,0.0,215,4,0.0,0.0
5ac3a2fa5542993915413857,This One's for the Children had lead vocals by the singer and songwriter of what nationality?,chunk_packed_280,ace_focused_220,0.3496256104607972,0.23478159979318364,0.3494290778274907,0.3584794055692965,0.25,269,5,1.0,1.0,270,4,0.0,0.0,276,5,1.0,1.0,264,5,1.0,1.0,199,5,1.0,1.0
5ab58f9a554299488d4d99da,"What is the birthday of this Anglo-Irish actress, courtean, and mistress, who was the mother to the illegitimate daughter of King William IV?",chunk_packed_280,ace_focused_220,0.27774179278134925,0.2997903928148974,0.29103647623016804,0.2821022785853756,0.42857142857142855,259,5,0.0,0.0,254,5,0.0,0.8,259,5,0.0,0.0,255,5,0.0,0.8,220,4,0.0,0.8
5abd0b6b5542996e802b46b4,Finally includes the song that peaked at what on the US Hot 100,ace_focused_220,bm25_packed_280,0.2580787474825712,0.2719328704820151,0.2690268070517875,0.3494482129387337,0.1111111111111111,272,4,0.0,0.6666666666666666,275,3,1.0,1.0,275,3,1.0,1.0,271,5,0.0,0.0,217,4,0.0,0.0
5ae76e615542997ec2727647,Alternative facts is a phrase use by this U.S. Counselor to the President born in what year?,ace_focused_220,ace_focused_220,0.28495377098487096,0.31275731135877805,0.3077025867093458,0.3840646091162605,0.6666666666666666,280,5,1.0,1.0,271,5,1.0,1.0,270,5,1.0,1.0,278,5,1.0,1.0,203,5,1.0,1.0
5a7d1868554299452d57bae2,The Shrewsbury & Newport Canals Trust promotes the restoration of what navigable canal in England?,chunk_packed_280,ace_focused_220,0.366086231054646,0.4054141240901433,0.3874159354992063,0.37630959919895424,1.0,271,5,0.0,0.4,271,5,0.0,0.4,271,5,0.0,0.4,261,5,0.0,0.4,195,4,0.0,0.4
5a8682755542996432c571cf,What is the official English name of the country in which Ain Timguenai is located?,ace_focused_220,ace_focused_220,0.2850163808985645,0.3309686532995133,0.313997654099718,0.3345615946611239,0.42857142857142855,278,5,0.0,0.5,275,5,0.0,0.5,273,5,0.0,0.5,270,5,0.0,0.5,220,5,0.0,0.5
5ac02d59554299294b218f3b,"The music composer of the film Angaaray, Aadesh Shrivastava died from what at age 51?",chunk_packed_280,ace_focused_220,0.2951758298228316,0.3013010237825904,0.3028765730345606,0.3059796568467503,0.42857142857142855,258,5,0.0,0.0,277,5,0.0,0.0,280,5,0.0,0.0,270,5,0.0,0.0,214,4,0.0,0.25
5aba71be5542994dbf01990c,Panic! at the Disco released their 5th studio album on what date?,chunk_packed_280,ace_focused_220,0.329115397766615,0.32773270625686474,0.33241451901009245,0.34213387893179303,0.42857142857142855,266,5,0.0,0.0,258,5,0.0,0.0,266,5,0.0,0.0,255,5,1.0,1.0,188,4,1.0,1.0
5a7b77d95542997c3ec971a5,The ninth The Desert Sessions LP was released by by what kind of band?,ace_focused_220,ace_focused_220,0.23708055173185186,0.23805120804475832,0.25261847448109287,0.2766056183450567,0.6666666666666666,269,5,0.0,0.4,274,5,0.0,0.0,274,5,0.0,0.4,259,5,0.0,0.3333333333333333,207,5,0.0,0.4
5aba9813554299232ef4a357,"Which is a choreographer, Yuen Woo-ping or Basil Dean?",chunk_packed_280,ace_focused_220,0.3136235642941382,0.29221938627136024,0.3158039216608698,0.31999816282861954,0.42857142857142855,274,5,1.0,1.0,276,5,1.0,1.0,271,5,1.0,1.0,272,5,0.0,0.0,204,5,1.0,1.0
5ab6993f554299110f219a2b,"What is name of the mountains near this autonomous community, in which Spanish politician Felipe Alcaraz was born?",chunk_packed_280,ace_focused_220,0.30282618323424765,0.3406877143877368,0.3320482013279754,0.3146308122176388,1.0,279,5,0.0,0.8,247,5,0.0,0.0,262,5,0.0,0.0,276,5,0.0,0.8,198,5,0.0,0.8
5adc7dbf5542994d58a2f618,What's the common ingredient to a Gimlet and Pink Gin?,ace_focused_220,ace_focused_220,0.2502222604559386,0.2714409545518359,0.2714495767116717,0.310546341614803,1.0,257,5,0.0,0.0,279,5,0.0,0.0,266,5,0.0,0.0,256,5,0.0,0.0,217,5,0.0,0.0
5a7c572655429935c91b5166,"Who lived longer, Tony Richardson or Giorgio Ferroni?",ace_focused_220,ace_focused_220,0.2664496365708756,0.26388057002755905,0.27596332379616983,0.3479834099054137,0.25,265,5,0.0,0.0,274,5,0.0,0.0,243,5,0.0,0.0,270,5,0.0,0.0,218,5,0.0,0.0
5ab746c8554299110f219aef,Are Angostura bitters and Springbokkie an alcoholic mixture?,hybrid_packed_280,ace_focused_220,0.28110062190943474,0.32922128761368336,0.33122675538674984,0.3076293951386625,0.6666666666666666,263,5,0.0,0.0,278,5,0.0,0.0,269,5,0.0,0.0,271,5,0.0,0.0,206,5,0.0,0.0
5ab262a4554299340b5254ac,What was Richard Connell's best known work The Hounds of Zaroff also published as?,ace_focused_220,ace_focused_220,0.2586447061719537,0.2656340539242119,0.27496309741214114,0.3418052815742756,0.42857142857142855,277,5,1.0,1.0,262,4,0.0,0.0,275,4,1.0,1.0,262,5,1.0,1.0,220,4,1.0,1.0
5ac38bf355429939154137ba,"William McGrath was a loyalist from Northern Ireland, and was known for opposing what? ",chunk_packed_280,ace_focused_220,0.27798153985411367,0.2745960970685601,0.2763303073082266,0.30515898094676863,0.6666666666666666,269,5,0.0,0.0,268,5,0.0,0.0,268,5,0.0,0.0,278,5,0.0,0.0,215,5,0.0,0.0
5adefdd75542995ec70e8f4e,How many times has the team Jack McKeon managed won the World Series?,chunk_packed_280,ace_focused_220,0.23291195172884713,0.22317883281008624,0.2540191999781839,0.2500000237212169,0.42857142857142855,263,5,0.0,0.0,276,5,0.0,0.0,269,5,0.0,0.0,278,5,0.0,0.0,220,5,0.0,0.0
5a85cead5542991dd0999ea9,What arcade game is named after the only player in major league history to have a 0.300 batting average for 7 consecutive seasons?,ace_focused_220,ace_focused_220,0.24853739005270667,0.28711058910858284,0.2854155536940356,0.28820259290248856,0.25,264,4,0.0,0.0,268,5,0.0,0.0,268,5,0.0,0.0,268,5,0.0,0.0,208,5,0.0,0.0
5a7e36815542995ed0d166d4,What two casinos border the hotel that hosted WrestleMania IX?,ace_focused_220,ace_focused_220,0.23478401933832316,0.23362065887312586,0.2472064888612459,0.25577316463657407,1.0,278,4,0.0,0.25,273,4,0.0,0.16666666666666666,273,4,0.0,0.16666666666666666,255,4,0.0,0.2,191,4,0.0,0.6666666666666666
5a713f395542994082a3e6ea,Where does the state legislature in which John Coffin Talbot served convene?,chunk_packed_280,bm25_packed_280,0.27496196799807204,0.3055221478705065,0.30341106320393074,0.3027892971601818,1.0,278,5,0.0,0.4,270,5,0.0,0.4,271,5,0.0,0.4,245,5,0.0,0.0,219,5,0.0,0.0
5ae1338d55429901ffe4ade1,The alcoholic drink that shares a name with Quintessentially Unreal's 1996 album is commonly reffered to in historical literature as what?,ace_focused_220,ace_focused_220,0.23495797839555022,0.2542383251042593,0.25649601736279953,0.28754565103621244,0.42857142857142855,263,5,0.0,0.0,279,5,0.0,0.0,278,5,0.0,0.0,257,5,0.0,0.0,220,5,0.0,0.0
5a75f7db5542994ccc918670,"Which breed of dog was first recognized by their country's official kennel club, the American Hairless Terrier or the Saint-Usuge Spaniel? ",chunk_packed_280,ace_focused_220,0.2909792161940653,0.2840848509045958,0.28975141806555166,0.30779621364546583,0.42857142857142855,255,4,1.0,1.0,255,4,1.0,1.0,255,4,1.0,1.0,261,5,1.0,1.0,217,4,1.0,1.0
5ab8f4ee5542991b5579f091,"Which genus has more species, Lantana or Silybum?",chunk_packed_280,ace_focused_220,0.2701133696535493,0.26367597753636374,0.27123940011559666,0.2537670362822666,0.42857142857142855,276,5,1.0,1.0,276,5,1.0,1.0,272,5,1.0,1.0,280,5,1.0,1.0,209,4,1.0,1.0
5abc0aba55429959677d6a00,Did Ed Sullivan ever work anywhere other than the New York Daily News?,ace_focused_220,ace_focused_220,0.28828111523225974,0.30808889846840004,0.29431779963051297,0.4040856595043908,1.0,277,5,0.0,0.0,274,5,0.0,0.0,276,5,0.0,0.0,271,5,0.0,0.0,214,5,0.0,0.0
5ae12d5355429920d52342eb,"When was the film containing the song ""I'm still Here (Jim's Theme)"" published?",ace_focused_220,ace_focused_220,0.4185994214302524,0.4575719374347068,0.4552678592547371,0.46044602587569805,0.25,263,5,0.0,0.0,276,5,0.0,0.0,257,5,0.0,0.0,273,5,0.0,0.0,220,4,0.0,0.0
5a7a276d5542996c55b2dd27,Who was Chamberlain and Colonel of the military staff of The Merrie Monarch?,ace_focused_220,ace_focused_220,0.2743176791772064,0.3266159085040501,0.2979053276590682,0.3287359294230755,0.42857142857142855,257,5,0.0,0.0,275,5,0.0,0.8571428571428571,268,5,0.0,0.0,271,5,0.0,0.8571428571428571,213,4,0.0,0.8571428571428571
5ab5744e554299494045efdf,The third solo album by David Gates of Bread shares a name with a 1977 film directed by who?,chunk_packed_280,bm25_packed_280,0.36909470621696205,0.36397015644652075,0.3735740764945862,0.39634847443981375,0.42857142857142855,176,5,0.0,0.0,152,5,0.0,0.0,187,5,0.0,0.0,218,5,0.0,0.0,207,5,0.0,0.0
5ab5c6e55542997d4ad1f1db,"Warren Gamaliel Harding had an affair with which American secretary born on November 9, 1896?",ace_focused_220,ace_focused_220,0.25211290033598355,0.26938407103416756,0.2544901135898978,0.3055351238658146,0.6666666666666666,279,5,0.0,0.4,279,5,0.0,0.4,279,5,0.0,0.4,269,5,0.0,0.4,220,5,0.0,0.4
5a74feb75542996c70cfae6d,"Which man, Ibn Tufail or Ali Qushji, is best known for the development of astronomical physics independent from natural philosophy?",ace_focused_220,ace_focused_220,0.26172732307617047,0.3066156177264327,0.3003312693736039,0.32228634946269485,0.42857142857142855,263,4,1.0,1.0,253,4,1.0,1.0,254,4,1.0,1.0,253,4,1.0,1.0,198,3,1.0,1.0
5ab56f7a554299637185c59a,"Not Richard, But Dick was an album by the band formed in what city?",ace_focused_220,ace_focused_220,0.32459917192713095,0.3301091356290642,0.33313350599815433,0.378336778143604,0.25,255,5,0.0,0.0,268,5,0.0,0.0,267,5,0.0,0.0,277,5,0.0,0.0,208,4,0.0,0.0
5abc5603554299700f9d7875,The Lisbon Traviata revolves around fans of the soprano who was of what nationality?,chunk_packed_280,ace_focused_220,0.31732804627921707,0.3481526012572532,0.34564311349175364,0.32575788160765395,1.0,267,5,0.0,0.0,269,5,0.0,0.0,260,5,0.0,0.0,273,5,0.0,0.0,201,4,0.0,0.0
5a8cacac554299585d9e3716,"The head coach for the defensive backs coach, Peter Giunta, led what professional football team to two Super Bowl victories against the New England Patriots?",chunk_packed_280,ace_focused_220,0.28393876226780124,0.25878018405920583,0.2743733087948653,0.3005527431424131,0.25,261,5,1.0,1.0,277,5,1.0,1.0,277,5,1.0,1.0,258,5,1.0,1.0,205,5,1.0,1.0
5a8a07725542992d82986e5b,"Along side Thomas Alan, which singer's first three albums were recorded at The Boarding House?",ace_focused_220,chunk_packed_280,0.2713706237620591,0.289862330568667,0.28645545259848093,0.29833809356886143,0.6666666666666666,275,5,1.0,1.0,277,5,0.0,0.0,277,5,0.0,0.0,266,5,0.0,0.0,197,5,0.0,0.0
5ae2c6bf554299492dc91c6c,"Which Austrian writer and journalist introduced the term ""Journaille """,chunk_packed_280,hybrid_packed_280,0.27974544854841915,0.28246705708010666,0.2880394452261474,0.2960009432015723,0.6666666666666666,272,5,0.0,0.0,263,5,0.0,0.0,276,5,1.0,1.0,280,5,1.0,1.0,214,5,0.0,0.0
5a903b7255429933b8a204ae,What Canadian filmmaker created a film about Bettie Page in 2005?,ace_focused_220,ace_focused_220,0.27289575896302154,0.26909616650387136,0.26909386547720304,0.31484933973942153,0.42857142857142855,263,5,0.0,0.5,280,5,0.0,0.5,277,5,0.0,0.5,274,5,0.0,0.5,203,5,0.0,0.5
5ab53bee554299637185c526,God Is Not Great is by a journalist which due to his actions made him what?,chunk_packed_280,ace_focused_220,0.32755204161226503,0.3533754574261906,0.35651358579350223,0.333446366189765,0.25,272,5,0.0,0.0,280,5,0.0,0.0,266,5,0.0,0.0,267,5,0.0,0.0,215,5,0.0,0.0
5ab8633c55429919ba4e22d6,"Q: Who had more solo albums, Marty Raybon or Greg Graffin?",ace_focused_220,ace_focused_220,0.2237026220760424,0.2386429715072643,0.2360415923923737,0.27946576771127246,0.42857142857142855,264,5,0.0,0.4,280,5,0.0,0.4,264,5,0.0,0.4,254,4,0.0,0.0,216,4,0.0,0.4
5a835a265542992ef85e2281,What industry does Edgar Selwyn and Chantal Akerman work in?,chunk_packed_280,ace_focused_220,0.2710933692824905,0.2715568946748754,0.2785256124893506,0.29590036311737444,1.0,269,5,0.0,0.5,277,5,0.0,0.4,258,5,0.0,0.5,269,5,0.0,0.5,210,5,0.0,0.5
5a74b55455429974ef308c39,what year was the writer of the blog Preposterous Universe born?,ace_focused_220,ace_focused_220,0.2176296128577433,0.2493107972051637,0.24810618854935396,0.254924687108914,0.42857142857142855,273,5,0.0,0.0,275,4,0.0,0.0,260,4,0.0,0.0,275,5,0.0,0.0,208,4,0.0,0.0
5ac002705542996f0d89cb05,"In what administrative category are the cities of Beitun, Xinjiang and Wafangdian?",ace_focused_220,ace_focused_220,0.27144871808759075,0.26640665046981027,0.2648263444859209,0.31600658508934587,0.6666666666666666,270,5,0.0,0.6666666666666666,279,4,0.0,0.6666666666666666,261,5,0.0,0.6666666666666666,276,5,0.0,0.6666666666666666,208,4,0.0,0.6666666666666666
5a883afc5542994846c1ce48,What city is the band that recorded Renegade from?,ace_focused_220,ace_focused_220,0.24671401211322053,0.2671897306279702,0.268504502426955,0.31025869610309725,0.42857142857142855,274,5,0.0,0.0,263,5,0.0,0.0,274,5,0.0,0.0,274,5,0.0,0.0,215,5,0.0,0.0
5add38355542990dbb2f7dd0,What is the nationality of the wrestler who sang on A Jingle with Jillian?,ace_focused_220,ace_focused_220,0.33689361079817776,0.34174533513386374,0.3446116156976319,0.3861953207129183,0.42857142857142855,272,5,1.0,1.0,273,5,0.0,0.0,265,5,0.0,0.0,262,5,0.0,0.0,200,4,1.0,1.0
5ac43530554299204fd21f0a,Annette Crosbie was nominated for the BAFTA Award for Best Actress in a Supporting Role for a 1976 film that is a retelling of what classic fairy tale?,ace_focused_220,ace_packed_280,0.31305337456819765,0.3369591188816582,0.3208073265839956,0.3621097496514947,0.42857142857142855,269,5,1.0,1.0,274,5,1.0,1.0,278,5,1.0,1.0,264,5,1.0,1.0,204,5,0.0,0.0
5a895f6155429946c8d6e914,What was the position in the United States Army of the Lieutenant general that Confederate General Robert E. Lee surrendered to?,ace_focused_220,ace_focused_220,0.2693180882684391,0.27320127137622935,0.26420470099228377,0.36194811625366385,0.42857142857142855,277,5,0.0,0.5,277,5,0.0,0.5,280,5,0.0,0.5,266,5,0.0,0.5,218,5,0.0,0.5
5a79c9c05542994bb94570a5,"This man who was born on April 25th, 1947, was a member of this lower house of the Hawaii State Legislature.",ace_focused_220,ace_focused_220,0.28813242906656134,0.3061726364772877,0.30406882894258436,0.353186807439576,1.0,276,4,0.0,0.0,277,5,0.0,0.0,276,4,0.0,0.0,270,5,1.0,1.0,211,3,1.0,1.0
5a8389445542996488c2e450,"Which is longer, Hampshire and Hampden Canal or Tennessee–Tombigbee Waterway?",ace_focused_220,ace_focused_220,0.3044406178472271,0.3171830545881838,0.3153378691213113,0.3424473771389996,1.0,270,5,1.0,1.0,264,5,1.0,1.0,274,5,1.0,1.0,277,5,1.0,1.0,200,5,1.0,1.0
5ab236645542993be8fa98c9,August R. Lindt served as chairman of a UN program from 1956 to 1960 that won how many noble prizes ?,chunk_packed_280,ace_focused_220,0.3281927190704985,0.37665414163294475,0.35853981147599534,0.30587285215684734,0.42857142857142855,273,5,0.0,0.0,271,5,0.0,0.0,270,5,0.0,0.0,280,5,0.0,0.0,190,3,0.0,0.0
5ac4f7e955429924173fb523,The English chef known for his back-to-basics philosphy has a sister named what?,chunk_packed_280,ace_focused_220,0.26065052111157966,0.29669373135454186,0.2963374755087441,0.2594057032113229,0.25,260,5,0.0,0.0,272,5,0.0,0.0,270,5,0.0,0.0,275,5,0.0,0.0,196,5,0.0,0.0
5ab1c2bf5542997061209558,Robin Pingeton replaced Cindy Stein as head coach of which university women's basketball team? ,chunk_packed_280,ace_focused_220,0.396750013617318,0.4173260445388016,0.40988231809957,0.3952347873092886,0.6666666666666666,274,5,1.0,1.0,264,5,1.0,1.0,280,5,1.0,1.0,266,5,1.0,1.0,213,5,1.0,1.0
5ade6fcd55429975fa854ecf,"Often seen at the Academy Awards pre-show, what is Robin Roberts's occupation?",chunk_packed_280,ace_focused_220,0.3141398030264085,0.3623994053198277,0.340719961973869,0.30349951967178523,1.0,277,5,0.0,0.8,265,5,0.0,0.8,278,5,0.0,0.8,246,5,0.0,0.4,217,4,0.0,0.8
5ab2b7c1554299166977406a,What was the name of the lawyer who took the main role in the report that helped land Pete Rose a lifetime suspension from baseball?,ace_focused_220,bm25_packed_280,0.2616477547722796,0.27727890781111675,0.2721845832603585,0.311104724239114,0.6666666666666666,274,5,0.0,0.8,277,5,1.0,1.0,278,5,1.0,1.0,274,5,0.0,0.8,216,5,0.0,0.8
5a74b4e555429929fddd84c2,Does MedStar Washington Hospital Center or Children's National Medical Center have more beds?,ace_focused_220,ace_focused_220,0.30451466154657725,0.2983591582012344,0.29644820864243615,0.36144687054360747,0.6666666666666666,274,5,1.0,1.0,275,5,1.0,1.0,274,5,1.0,1.0,263,5,1.0,1.0,205,4,1.0,1.0
5a84b5f05542991dd0999da5,"In the muti-sport games usually held every four years between nations around the Mediterranean Sea, Fatma Lanouar is best known for winning gold in which event?",ace_focused_220,ace_focused_220,0.313465153765885,0.3324568355917387,0.32350979256787804,0.3463365861583816,1.0,261,5,1.0,1.0,277,5,1.0,1.0,255,5,1.0,1.0,273,5,1.0,1.0,208,4,1.0,1.0
5a83ed9b55429933447460b8,Cistus and Stapelianthus are both forms of what?,chunk_packed_280,ace_focused_220,0.231207657545109,0.2334138323115207,0.23633093049306605,0.24190288128527804,0.42857142857142855,279,5,0.0,0.0,277,5,0.0,0.0,273,5,0.0,0.0,275,5,0.0,0.0,202,5,0.0,0.0
5ae491155542995ad6573da3,"When was the seven-time World and Olympic medalist on which ""Foxcatcher"" was based born? ",ace_focused_220,ace_focused_220,0.2675816138482832,0.280533152919046,0.2804968093953636,0.2889163151862134,0.6666666666666666,261,5,0.0,0.0,279,5,1.0,1.0,274,5,0.0,0.0,262,5,1.0,1.0,194,4,1.0,1.0
5ae00a27554299025d62a3bb,What Chinese company helped develop the aircraft that preceded the Chengdu J-7?,ace_focused_220,ace_focused_220,0.26413824928341284,0.2640233618225077,0.25820338073018634,0.30974441501375927,1.0,244,4,0.0,0.5714285714285715,252,4,0.0,0.0,244,4,0.0,0.5714285714285715,252,4,0.0,0.5714285714285715,184,3,0.0,0.8571428571428571
5a822a5e55429926c1cdae43,What occupations do Charles Burnett and Alan J. Pakula have in common?,chunk_packed_280,ace_focused_220,0.28109115276868935,0.24213043786403327,0.2761851244361547,0.2952301554868851,0.42857142857142855,276,5,0.0,0.5714285714285715,279,5,0.0,0.33333333333333337,269,5,0.0,0.5714285714285715,279,5,0.0,0.5714285714285715,210,5,0.0,0.5714285714285715
5ae641f65542992ae0d162a3,"What is the mononym of the Fillipino singer that released the album ""My Inspiration""?",ace_focused_220,ace_focused_220,0.22947737792996414,0.29453728928008005,0.28366841075682203,0.33389875402629976,0.25,260,5,0.0,0.0,272,5,0.0,0.0,272,5,0.0,0.0,280,5,1.0,1.0,212,5,1.0,1.0
5a77e96c5542995d8318132d,"Which super bowl that took place at the Miami Dolphins home stadium, featured the San Francisco 49ers defeating the San Diego Chargers?",ace_focused_220,ace_focused_220,0.30562701264732534,0.3136476746378937,0.3013823448342099,0.33734451039664887,1.0,275,5,1.0,1.0,272,5,1.0,1.0,272,5,1.0,1.0,275,5,1.0,1.0,204,4,1.0,1.0
5ab9d7e4554299232ef4a21f,What was need in order to diverge from the chinese ritual uniting spouses by pre-arrangement between families?,ace_focused_220,ace_focused_220,0.2750891825821946,0.32851956991778963,0.31505120936694586,0.31054765557987424,0.6666666666666666,271,4,0.0,0.0,279,5,0.0,0.0,271,5,0.0,0.0,276,5,0.0,0.0,198,4,0.0,0.0
5a902d5155429933b8a2048d,"Where is a television transmitter located in Topeka, KS?",ace_focused_220,ace_focused_220,0.19620465120533584,0.24559390614787,0.23573927498333008,0.28004731840410535,0.42857142857142855,279,4,0.0,0.923076923076923,273,4,0.0,0.923076923076923,273,4,0.0,0.923076923076923,267,5,0.0,0.0,216,4,0.0,0.923076923076923
5a83c9445542992ef85e2360,Viscount Yamaji Motoharu was a general in the early Imperial Japanese Army which belonged to which Empire?,ace_focused_220,bm25_packed_280,0.4105201979262393,0.41198089155492734,0.42631972446965294,0.46704413695448865,0.6666666666666666,257,5,1.0,1.0,115,5,1.0,1.0,257,5,1.0,1.0,258,5,1.0,1.0,177,5,1.0,1.0
5ae236b2554299495565da3e,When was the American economist to which Joseph A. Loftus worked as a communications assistant born? ,chunk_packed_280,ace_focused_220,0.326724419731376,0.361849850773004,0.35791867628927976,0.2534706993824282,0.42857142857142855,280,5,0.0,0.0,271,5,0.0,0.0,274,4,0.0,0.0,276,5,0.0,0.0,208,5,0.0,0.0
5ae2c4b8554299495565db31,What New York city is 60 miles northwest of the Glen Iris Inn?,ace_focused_220,ace_focused_220,0.2800220375511302,0.282791643026125,0.28464074690475144,0.34819767947112334,0.42857142857142855,271,5,0.0,0.0,272,5,0.0,0.0,272,5,0.0,0.0,251,5,0.0,0.0,216,5,0.0,0.0
5a78f8e555429970f5fffe01,The British diver featured in Splash! specializes in what event?,chunk_packed_280,chunk_packed_280,0.2430508758460732,0.2727065902995939,0.26786587791521904,0.22738207935111063,0.6666666666666666,268,5,0.0,0.8,249,5,0.0,0.3333333333333333,249,5,0.0,0.3333333333333333,279,5,0.0,0.0,220,5,0.0,0.3333333333333333
5a8c66db554299585d9e3683,"What year was the film ""Mom"" released, starring the voice of Shashaa Tirupati?",chunk_packed_280,chunk_packed_280,0.2635579285693669,0.2948550408660947,0.28798895378642264,0.2751260832369089,0.42857142857142855,273,5,1.0,1.0,276,5,0.0,0.0,279,5,1.0,1.0,278,5,1.0,1.0,211,4,0.0,0.0
5a83108d55429966c78a6b1e,"Which cocktail's name describes how the drink looks, Blue Hawaii or Baby Guinness?",ace_packed_280,ace_focused_220,0.2617141831816287,0.30269811837274896,0.28231745043270473,0.3001304808150043,0.6666666666666666,254,5,1.0,1.0,273,5,1.0,1.0,253,5,1.0,1.0,271,5,0.0,0.0,216,5,1.0,1.0
5a838fcd5542992ef85e2305,Finna Get Loose is a song by Puff Daddy and what American rapper who is also a record and film producer?,ace_focused_220,ace_focused_220,0.3284531931542449,0.3502632426360459,0.3502866295666153,0.42349087592483925,0.6666666666666666,279,5,0.0,0.8,279,5,0.0,0.8,277,5,0.0,0.8,280,5,0.0,0.0,208,5,0.0,0.8
5abc030e554299642a094bdc,The Distribution of Industry act was passed by a man who was prime minister when? ,ace_focused_220,ace_focused_220,0.3396297865346557,0.2778611280642961,0.34771074435050797,0.37534855612286777,0.42857142857142855,257,4,0.0,0.0,276,4,0.0,0.0,241,4,0.0,0.0,272,5,0.0,0.0,212,5,0.0,0.5
5abbb64455429931dba144b4,The Trans-Tasman Challenge winning car was based off which second generation North american Ford compact car?,ace_focused_220,ace_focused_220,0.2680556966575494,0.268015839009391,0.2688239586759767,0.3734393008875513,0.6666666666666666,263,4,0.0,0.5,263,4,0.0,0.5,263,4,0.0,0.5,280,4,1.0,1.0,188,4,1.0,1.0
5ae236445542992decbdcc69,Larry Porter was formerly assistant head coach under what  American coach that served as head coach at Louisiana State University from 2005 to 2016,ace_focused_220,hybrid_packed_280,0.2917284853250751,0.3106737061164271,0.3071842236008837,0.39863560113574514,0.6666666666666666,275,4,0.0,0.4,258,4,0.0,0.4,258,4,1.0,1.0,266,5,0.0,0.4,215,5,0.0,0.4
5ab844815542992aa3b8c8af,What county is Icknield Walk First School located in?,ace_focused_220,ace_focused_220,0.3610743232179885,0.3739877416181512,0.37704261848396137,0.462283106260059,0.42857142857142855,264,5,1.0,1.0,276,5,1.0,1.0,278,5,1.0,1.0,267,5,1.0,1.0,213,5,1.0,1.0
5a85b0c85542994c784ddb40,What institution does 2017 Texas Tech Red Raiders baseball team and Dan Law Field at Rip Griffin Park have in common?,ace_focused_220,ace_focused_220,0.3939918793378382,0.3872324989650834,0.38721220887066254,0.47531178822486386,1.0,278,5,1.0,1.0,272,5,1.0,1.0,278,5,1.0,1.0,261,5,1.0,1.0,204,5,1.0,1.0
5a8752955542994775f607d1,"What was the name of the team that represented an Arizona university in the conference that covers a broad expanse of the western United States, including Arizona, California, and New Mexico?",chunk_packed_280,ace_packed_280,0.3220722227869348,0.3279596166991789,0.3325839885273458,0.33555112907733486,0.25,267,5,0.0,0.28571428571428575,280,4,1.0,1.0,280,4,1.0,1.0,267,4,1.0,1.0,212,3,0.0,0.0
5a7f19eb55429934daa2fcdb,"Which band originated from the United States, Milky Chance or Stone Temple Pilots?",ace_focused_220,ace_focused_220,0.25502965267477534,0.25754488911199336,0.24830955445246744,0.34657632552287443,0.42857142857142855,269,5,1.0,1.0,279,5,1.0,1.0,255,4,1.0,1.0,274,5,1.0,1.0,209,5,1.0,1.0
5a72a9145542994cef4bc3c1,Which player signed to Bayern Munich before the 2012-2013 season was known mostly as a central defender?,ace_focused_220,ace_focused_220,0.27497882789238304,0.2595999734786554,0.2664689130201573,0.31747258438836723,0.6666666666666666,280,5,1.0,1.0,269,5,0.0,0.0,273,5,1.0,1.0,277,5,0.0,0.0,207,4,1.0,1.0
5ade1f1c55429939a52fe82d,"Len Wiseman directed ""Live Free or Die Hard"" which is the 4 installment in the Die Hard film franchise base on what character?",chunk_packed_280,ace_focused_220,0.34994741671749374,0.3765436213007035,0.3640840043571851,0.37731950061699604,1.0,263,5,0.0,0.0,256,5,0.0,0.5,263,5,0.0,0.0,270,5,1.0,1.0,206,4,1.0,1.0
5a89d3e15542992e4fca83d4,"Which musical group has released more albums, The Telescopes or Candlelight Red?",ace_focused_220,ace_focused_220,0.23242861398556253,0.24185543140009513,0.24489109852353852,0.2679872177976431,0.42857142857142855,275,5,0.0,0.0,263,5,0.0,0.0,272,5,0.0,0.0,280,5,0.0,0.0,204,4,0.0,0.0
5ab84dea55429934fafe6d4f,Were H. G. Wells and Rubén Darío both English?,chunk_packed_280,ace_focused_220,0.35286600831159304,0.3447226561030835,0.3496644766576763,0.3395167170733475,0.6666666666666666,273,5,0.0,0.0,254,5,1.0,1.0,214,5,0.0,0.0,179,5,0.0,0.0,194,5,1.0,1.0
5a83438955429966c78a6b61,The owner of radio station KWPW has the same name as an American character actor. What is it?,chunk_packed_280,ace_packed_280,0.2412932026338029,0.23776653262992617,0.24561985697387467,0.2532870756120682,0.25,261,4,0.0,0.0,278,5,0.0,0.0,280,5,0.0,0.0,251,5,1.0,1.0,214,5,0.0,0.0
5ae0ec48554299422ee9955a,"How was Ada Lovelace, the first computer programmer, related to Lord Byron in Childe Byron?",chunk_packed_280,ace_focused_220,0.3177403113667666,0.3389823957692881,0.32148195208762476,0.3177522763149202,0.42857142857142855,255,5,0.0,0.0,275,5,0.0,0.0,260,5,0.0,0.6666666666666666,273,5,0.0,0.0,214,4,0.0,0.6666666666666666
5ab474135542991751b4d77b,"At the 46th Grammy Awards, which award did the album by The White Stripes, which included the song Seven Nation Army, win?",ace_focused_220,chunk_packed_280,0.2866324948193761,0.2791186709796837,0.2858817246480102,0.3451279305927322,0.6666666666666666,258,5,1.0,1.0,279,5,1.0,1.0,258,5,1.0,1.0,255,5,0.0,0.0,196,4,0.0,0.0
5a8d838955429941ae14dfe5,Eleventh Dream Day and The Shins are both rock bands from where?,chunk_packed_280,ace_focused_220,0.32396994270255774,0.330804607705078,0.33151551062069506,0.33433235252350313,0.6666666666666666,264,5,0.0,0.0,269,5,0.0,0.0,270,5,0.0,0.0,274,5,0.0,0.0,208,5,0.0,0.0
