qid,policy,representation,packer,em,f1,ans_in_context,ans_in_context_soft,gold_token_density,gold_doc_reader_cov,context_tokens,base_recall@5,base_all_gold@5,ans_in_context_nli
expertqa_1081,chunk_packed_160,chunk,packed,0.0,0.0432,0.0,0.3333,1.0,1.0,152.0,1.0,1.0,0.725
expertqa_393,chunk_packed_160,chunk,packed,0.0,0.0164,0.0,0.4375,0.5,0.5,160.0,1.0,1.0,0.9829
expertqa_1162,chunk_packed_160,chunk,packed,0.0,0.0494,0.0,0.4167,1.0,0.6667,146.0,0.6667,0.0,0.0026
expertqa_1860,chunk_packed_160,chunk,packed,0.0,0.0,0.0,0.3043,0.4437,0.5,160.0,0.5,0.0,0.0028
expertqa_1460,chunk_packed_160,chunk,packed,0.0,0.086,0.0,0.2656,0.5789,0.5,152.0,1.0,1.0,0.0015
expertqa_2021,chunk_packed_160,chunk,packed,0.0,0.0872,0.0,0.2941,1.0,0.6,145.0,1.0,1.0,0.8416
expertqa_116,chunk_packed_160,chunk,packed,0.0,0.0,0.0,0.1408,0.1218,0.25,156.0,0.75,0.0,0.0008
expertqa_725,chunk_packed_160,chunk,packed,0.0,0.0719,0.0,0.1798,1.0,0.4,145.0,1.0,1.0,0.0148
expertqa_422,chunk_packed_160,chunk,packed,0.0,0.0,0.0,0.3023,0.1625,0.6667,160.0,1.0,1.0,0.0042
expertqa_809,chunk_packed_160,chunk,packed,0.0,0.0,0.0,0.3636,0.4522,0.5,157.0,1.0,1.0,0.973
expertqa_251,chunk_packed_160,chunk,packed,0.0,0.0652,0.0,0.3099,0.8333,0.75,156.0,0.75,0.0,0.0135
expertqa_67,chunk_packed_160,chunk,packed,0.0,0.0,0.0,0.25,0.4101,0.6667,139.0,1.0,1.0,0.0014
expertqa_1471,chunk_packed_160,chunk,packed,0.0,0.0822,0.0,0.28,0.8535,0.6667,157.0,0.6667,0.0,0.0009
expertqa_1452,chunk_packed_160,chunk,packed,0.0,0.0,0.0,0.1667,0.5,0.3333,160.0,1.0,1.0,0.0134
expertqa_1368,chunk_packed_160,chunk,packed,0.0,0.0108,0.0,0.1776,1.0,0.2222,155.0,0.4444,0.0,0.0129
expertqa_154,chunk_packed_160,chunk,packed,0.0,0.0,0.0,0.1392,0.0,0.0,159.0,0.3333,0.0,0.0243
expertqa_60,chunk_packed_160,chunk,packed,0.0,0.0,0.0,0.1333,1.0,0.1333,153.0,0.3333,0.0,0.1004
expertqa_1034,chunk_packed_160,chunk,packed,0.0,0.0,0.0,0.2533,1.0,0.4,159.0,0.6,0.0,0.001
expertqa_1401,chunk_packed_160,chunk,packed,0.0,0.1466,0.0,0.2973,0.4684,1.0,158.0,1.0,1.0,0.0822
expertqa_1974,chunk_packed_160,chunk,packed,0.0,0.0325,0.0,0.2651,0.4839,0.3333,155.0,1.0,1.0,0.8669
expertqa_494,chunk_packed_160,chunk,packed,0.0,0.0857,0.0,0.6222,0.3962,0.5,159.0,0.5,0.0,0.9545
expertqa_740,chunk_packed_160,chunk,packed,0.0,0.0241,0.0,0.1845,0.6306,0.6667,157.0,1.0,1.0,0.0005
expertqa_1027,chunk_packed_160,chunk,packed,0.0,0.0,0.0,0.2838,0.443,0.5,158.0,1.0,1.0,0.0009
expertqa_1661,chunk_packed_160,chunk,packed,0.0,0.0154,0.0,0.1647,0.0,0.0,153.0,1.0,1.0,0.076
expertqa_822,chunk_packed_160,chunk,packed,0.0,0.0408,0.0,0.25,0.539,0.6667,154.0,0.6667,0.0,0.0015
expertqa_533,chunk_packed_160,chunk,packed,0.0,0.0267,0.0,0.319,1.0,0.4,137.0,1.0,1.0,0.0086
expertqa_1047,chunk_packed_160,chunk,packed,0.0,0.0126,0.0,0.25,1.0,0.6667,144.0,1.0,1.0,0.0557
expertqa_168,chunk_packed_160,chunk,packed,0.0,0.0143,0.0,0.2117,1.0,0.1538,132.0,0.3846,0.0,0.0114
expertqa_1996,chunk_packed_160,chunk,packed,0.0,0.0118,0.0,0.4731,1.0,0.25,159.0,0.625,0.0,0.7609
expertqa_1872,chunk_packed_160,chunk,packed,0.0,0.0,0.0,0.2432,0.0,0.0,155.0,1.0,1.0,0.0063
expertqa_1090,chunk_packed_160,chunk,packed,0.0,0.0,0.0,0.3934,0.4873,0.4,158.0,0.8,0.0,0.0213
expertqa_86,chunk_packed_160,chunk,packed,0.0,0.0,0.0,0.2239,0.6711,0.5,152.0,1.0,1.0,0.006
expertqa_589,chunk_packed_160,chunk,packed,0.0,0.0,0.0,0.275,0.5125,1.0,160.0,1.0,1.0,0.0447
expertqa_1237,chunk_packed_160,chunk,packed,0.0,0.0,0.0,0.2,0.5894,0.3333,151.0,1.0,1.0,0.0006
expertqa_1792,chunk_packed_160,chunk,packed,0.0,0.0,0.0,0.2692,0.1709,0.5,158.0,0.5,0.0,0.0005
expertqa_1821,chunk_packed_160,chunk,packed,0.0,0.0395,0.0,0.2062,1.0,0.5,138.0,1.0,1.0,0.5356
expertqa_409,chunk_packed_160,chunk,packed,0.0,0.0241,0.0,0.3393,1.0,0.6667,141.0,1.0,1.0,0.0043
expertqa_728,chunk_packed_160,chunk,packed,0.0,0.036,0.0,0.2317,0.4313,0.5,160.0,0.5,0.0,0.0019
expertqa_66,chunk_packed_160,chunk,packed,0.0,0.0456,0.0,0.1553,0.981,0.25,158.0,0.5,0.0,0.0024
expertqa_944,chunk_packed_160,chunk,packed,0.0,0.0,0.0,0.2612,1.0,0.5,137.0,1.0,1.0,0.8285
expertqa_1407,chunk_packed_160,chunk,packed,0.0,0.0,0.0,0.2,0.4516,0.5,155.0,1.0,1.0,0.0007
expertqa_1886,chunk_packed_160,chunk,packed,0.0,0.0,0.0,0.1273,0.0375,0.3333,160.0,0.6667,0.0,0.001
expertqa_1810,chunk_packed_160,chunk,packed,0.0,0.0,0.0,0.1695,0.3933,0.1,150.0,0.2,0.0,0.0006
expertqa_70,chunk_packed_160,chunk,packed,0.0,0.02,0.0,0.2389,1.0,0.5,155.0,1.0,1.0,0.1388
expertqa_543,chunk_packed_160,chunk,packed,0.0,0.0,0.0,0.2308,0.5833,0.5,156.0,1.0,1.0,0.0185
expertqa_897,chunk_packed_160,chunk,packed,0.0,0.0887,0.0,0.3571,1.0,0.4,154.0,0.6,0.0,0.1165
expertqa_1732,chunk_packed_160,chunk,packed,0.0,0.01,0.0,0.3304,1.0,1.0,138.0,1.0,1.0,0.3407
expertqa_2030,chunk_packed_160,chunk,packed,0.0,0.0,0.0,0.3929,1.0,0.6,158.0,1.0,1.0,0.0116
expertqa_2027,chunk_packed_160,chunk,packed,0.0,0.018,0.0,0.1977,1.0,0.3333,139.0,0.8333,0.0,0.0011
expertqa_226,chunk_packed_160,chunk,packed,0.0,0.035,0.0,0.1872,0.4966,0.5,147.0,0.75,0.0,0.0061
expertqa_690,chunk_packed_160,chunk,packed,0.0,0.0,0.0,0.1758,0.0,0.0,152.0,1.0,1.0,0.0012
expertqa_1660,chunk_packed_160,chunk,packed,0.0,0.0,0.0,0.1373,0.4654,0.1667,159.0,0.1667,0.0,0.0017
expertqa_1155,chunk_packed_160,chunk,packed,0.0,0.0,0.0,0.2027,0.2994,0.3333,157.0,0.3333,0.0,0.0202
expertqa_584,chunk_packed_160,chunk,packed,0.0,0.0317,0.0,0.2841,1.0,0.75,152.0,0.75,0.0,0.3264
expertqa_787,chunk_packed_160,chunk,packed,0.0,0.1132,0.0,0.25,1.0,0.2857,159.0,0.7143,0.0,0.2952
expertqa_1686,chunk_packed_160,chunk,packed,0.0,0.1205,0.0,0.2796,1.0,0.6667,148.0,1.0,1.0,0.8203
expertqa_1647,chunk_packed_160,chunk,packed,0.0,0.0,0.0,0.1552,0.0,0.0,144.0,0.0,0.0,0.0013
expertqa_1271,chunk_packed_160,chunk,packed,0.0,0.0,0.0,0.2231,0.1384,0.2,159.0,0.6,0.0,0.0251
expertqa_1579,chunk_packed_160,chunk,packed,0.0,0.0,0.0,0.2381,0.3379,0.25,145.0,1.0,1.0,0.0012
expertqa_1651,chunk_packed_160,chunk,packed,0.0,0.1121,0.0,0.3108,1.0,0.6667,154.0,1.0,1.0,0.8277
expertqa_1409,chunk_packed_160,chunk,packed,0.0,0.0,0.0,0.1782,0.0,0.0,155.0,0.25,0.0,0.0025
expertqa_1098,chunk_packed_160,chunk,packed,0.0,0.0,0.0,0.1831,0.6536,0.25,153.0,0.5,0.0,0.0006
expertqa_1205,chunk_packed_160,chunk,packed,0.0,0.0237,0.0,0.1875,0.4313,0.1429,160.0,0.5714,0.0,0.973
expertqa_857,chunk_packed_160,chunk,packed,0.0,0.0,0.0,0.2436,1.0,0.6,157.0,1.0,1.0,0.0028
expertqa_1156,chunk_packed_160,chunk,packed,0.0,0.0,0.0,0.3735,1.0,0.5,151.0,0.75,0.0,0.0593
expertqa_490,chunk_packed_160,chunk,packed,0.0,0.0,0.0,0.1538,0.0,0.0,145.0,1.0,1.0,0.9146
expertqa_1948,chunk_packed_160,chunk,packed,0.0,0.0,0.0,0.1333,0.1562,0.3333,160.0,0.6667,0.0,0.0003
expertqa_2010,chunk_packed_160,chunk,packed,0.0,0.0,0.0,0.1092,0.0,0.0,156.0,0.2222,0.0,0.0031
expertqa_1456,chunk_packed_160,chunk,packed,0.0,0.04,0.0,0.25,0.0,0.0,155.0,1.0,1.0,0.0009
expertqa_206,chunk_packed_160,chunk,packed,0.0,0.0,0.0,0.1515,0.0943,0.1111,159.0,0.2222,0.0,0.004
expertqa_1146,chunk_packed_160,chunk,packed,0.0,0.0,0.0,0.2121,0.5375,1.0,160.0,1.0,1.0,0.0876
expertqa_573,chunk_packed_160,chunk,packed,0.0,0.0914,0.0,0.3109,1.0,0.5,148.0,1.0,1.0,0.6133
expertqa_218,chunk_packed_160,chunk,packed,0.0,0.0182,0.0,0.4,1.0,0.5,160.0,0.6667,0.0,0.9757
expertqa_314,chunk_packed_160,chunk,packed,0.0,0.064,0.0,0.1446,0.5548,0.5,155.0,1.0,1.0,0.0009
expertqa_1580,chunk_packed_160,chunk,packed,0.0,0.0,0.0,0.5806,1.0,0.6667,155.0,1.0,1.0,0.0527
expertqa_1010,chunk_packed_160,chunk,packed,0.0,0.0,0.0,0.1538,0.0,0.0,159.0,1.0,1.0,0.0074
expertqa_909,chunk_packed_160,chunk,packed,0.0,0.0147,0.0,0.31,1.0,0.5,151.0,0.75,0.0,0.0062
expertqa_1079,chunk_packed_160,chunk,packed,0.0,0.0,0.0,0.2949,0.48,0.3333,150.0,1.0,1.0,0.0017
expertqa_1381,chunk_packed_160,chunk,packed,0.0,0.0213,0.0,0.2687,0.0,0.0,158.0,0.3333,0.0,0.0017
expertqa_203,chunk_packed_160,chunk,packed,0.0,0.0,0.0,0.186,0.575,0.5,160.0,1.0,1.0,0.0004
expertqa_467,chunk_packed_160,chunk,packed,0.0,0.0261,0.0,0.2178,1.0,0.5,158.0,1.0,1.0,0.0062
expertqa_220,chunk_packed_160,chunk,packed,0.0,0.0,0.0,0.5385,0.4667,1.0,150.0,1.0,1.0,0.0007
expertqa_1359,chunk_packed_160,chunk,packed,0.0,0.0,0.0,0.2737,0.5031,0.3333,159.0,1.0,1.0,0.0929
expertqa_1629,chunk_packed_160,chunk,packed,0.0,0.046,0.0,0.3708,1.0,0.5,129.0,1.0,1.0,0.1517
expertqa_1674,chunk_packed_160,chunk,packed,0.0,0.0,0.0,0.2203,0.0,0.0,142.0,0.6667,0.0,0.001
expertqa_977,chunk_packed_160,chunk,packed,0.0,0.0,0.0,0.234,0.3438,1.0,160.0,1.0,1.0,0.0002
expertqa_922,chunk_packed_160,chunk,packed,0.0,0.0,0.0,0.3516,0.4875,0.5,160.0,1.0,1.0,0.4281
expertqa_130,chunk_packed_160,chunk,packed,0.0,0.0,0.0,0.2536,0.4054,0.25,148.0,0.75,0.0,0.0145
expertqa_1774,chunk_packed_160,chunk,packed,0.0,0.0,0.0,0.1458,0.0,0.0,144.0,1.0,1.0,0.0006
expertqa_1806,chunk_packed_160,chunk,packed,0.0,0.0952,0.0,0.434,1.0,0.75,158.0,1.0,1.0,0.3799
expertqa_810,chunk_packed_160,chunk,packed,0.0,0.0,0.0,0.28,0.0,0.0,158.0,1.0,1.0,0.0012
expertqa_1982,chunk_packed_160,chunk,packed,0.0,0.0,0.0,0.2368,0.6742,0.25,132.0,1.0,1.0,0.0012
expertqa_55,chunk_packed_160,chunk,packed,0.0,0.0266,0.0,0.2073,1.0,0.1818,154.0,0.4545,0.0,0.2053
expertqa_378,chunk_packed_160,chunk,packed,0.0,0.0,0.0,0.2308,1.0,0.3333,140.0,0.8333,0.0,0.0004
expertqa_493,chunk_packed_160,chunk,packed,0.0,0.0667,0.0,0.2647,0.3399,0.3333,153.0,1.0,1.0,0.0083
expertqa_150,chunk_packed_160,chunk,packed,0.0,0.0,0.0,0.2078,0.0,0.0,154.0,0.0,0.0,0.9866
expertqa_883,chunk_packed_160,chunk,packed,0.0,0.0,0.0,0.2652,1.0,0.4286,158.0,0.7143,0.0,0.0097
expertqa_1113,chunk_packed_160,chunk,packed,0.0,0.0297,0.0,0.3701,1.0,0.4,158.0,1.0,1.0,0.0011
expertqa_1631,chunk_packed_160,chunk,packed,0.0,0.0,0.0,0.184,0.4904,0.1429,157.0,0.1429,0.0,0.0266
expertqa_137,chunk_packed_160,chunk,packed,0.0,0.0,0.0,0.1809,1.0,0.125,151.0,0.3125,0.0,0.0789
expertqa_648,chunk_packed_160,chunk,packed,0.0,0.0,0.0,0.1316,0.0,0.0,146.0,1.0,1.0,0.0005
expertqa_42,chunk_packed_160,chunk,packed,0.0,0.0,0.0,0.1233,0.0,0.0,142.0,0.0,0.0,0.0008
expertqa_1789,chunk_packed_160,chunk,packed,0.0,0.2013,0.0,0.2529,1.0,0.75,159.0,0.75,0.0,0.195
expertqa_200,chunk_packed_160,chunk,packed,0.0,0.0157,0.0,0.1898,1.0,0.2727,154.0,0.3636,0.0,0.5558
expertqa_767,chunk_packed_160,chunk,packed,0.0,0.0094,0.0,0.2462,1.0,0.2222,159.0,0.5556,0.0,0.0975
expertqa_552,chunk_packed_160,chunk,packed,0.0,0.0367,0.0,0.2152,0.8491,0.6667,159.0,1.0,1.0,0.0005
expertqa_1625,chunk_packed_160,chunk,packed,0.0,0.0,0.0,0.2031,0.3623,0.25,138.0,0.75,0.0,0.0054
expertqa_1904,chunk_packed_160,chunk,packed,0.0,0.0,0.0,0.2759,0.8291,0.6667,158.0,1.0,1.0,0.0024
expertqa_54,chunk_packed_160,chunk,packed,0.0,0.0167,0.0,0.2716,0.7848,0.4,158.0,0.8,0.0,0.0006
expertqa_382,chunk_packed_160,chunk,packed,0.0,0.0227,0.0,0.1905,1.0,0.6,151.0,1.0,1.0,0.0004
expertqa_954,chunk_packed_160,chunk,packed,0.0,0.0098,0.0,0.2955,1.0,1.0,157.0,1.0,1.0,0.0148
expertqa_1866,chunk_packed_160,chunk,packed,0.0,0.0126,0.0,0.1754,0.4667,0.25,150.0,0.375,0.0,0.683
expertqa_1232,chunk_packed_160,chunk,packed,0.0,0.0,0.0,0.1,0.0,0.0,158.0,1.0,1.0,0.001
expertqa_379,chunk_packed_160,chunk,packed,0.0,0.0067,0.0,0.1491,0.4938,0.1818,160.0,0.1818,0.0,0.0008
expertqa_1374,chunk_packed_160,chunk,packed,0.0,0.0,0.0,0.1296,0.0,0.0,157.0,0.6667,0.0,0.0019
expertqa_231,chunk_packed_160,chunk,packed,0.0,0.0,0.0,0.6154,1.0,1.0,153.0,1.0,1.0,0.0013
expertqa_85,chunk_packed_160,chunk,packed,0.0,0.0667,0.0,0.119,0.0,0.0,154.0,1.0,1.0,0.0031
expertqa_1978,chunk_packed_160,chunk,packed,0.0,0.0,0.0,0.1481,0.0,0.0,148.0,1.0,1.0,0.0006
expertqa_669,chunk_packed_160,chunk,packed,0.0,0.0215,0.0,0.2192,0.8345,0.4,145.0,0.4,0.0,0.0025
expertqa_987,chunk_packed_160,chunk,packed,0.0,0.0,0.0,0.1694,1.0,0.2222,151.0,0.5556,0.0,0.9822
expertqa_927,chunk_packed_160,chunk,packed,0.0,0.0,0.0,0.3723,0.9563,1.0,160.0,1.0,1.0,0.001
expertqa_1682,chunk_packed_160,chunk,packed,0.0,0.0,0.0,0.2807,0.6282,0.3333,156.0,1.0,1.0,0.1075
expertqa_169,chunk_packed_160,chunk,packed,0.0,0.0,0.0,0.3,0.0,0.0,146.0,1.0,1.0,0.0019
expertqa_606,chunk_packed_160,chunk,packed,0.0,0.0146,0.0,0.3093,0.6968,0.6667,155.0,1.0,1.0,0.0148
expertqa_1124,chunk_packed_160,chunk,packed,0.0,0.0,0.0,0.1964,0.6118,0.75,152.0,1.0,1.0,0.0003
expertqa_554,chunk_packed_160,chunk,packed,0.0,0.0,0.0,0.25,0.4539,1.0,152.0,1.0,1.0,0.0004
expertqa_1394,chunk_packed_160,chunk,packed,0.0,0.0,0.0,0.2683,1.0,0.4,156.0,1.0,1.0,0.007
expertqa_1611,chunk_packed_160,chunk,packed,0.0,0.0,0.0,0.1739,0.4395,0.3333,157.0,1.0,1.0,0.0085
expertqa_1110,chunk_packed_160,chunk,packed,0.0,0.0,0.0,0.2151,0.0,0.0,159.0,0.0,0.0,0.0046
expertqa_1015,chunk_packed_160,chunk,packed,0.0,0.0333,0.0,0.2727,1.0,0.25,151.0,0.625,0.0,0.0066
expertqa_487,chunk_packed_160,chunk,packed,0.0,0.0095,0.0,0.1587,0.0,0.0,142.0,0.0,0.0,0.6797
expertqa_941,chunk_packed_160,chunk,packed,0.0,0.0,0.0,0.3472,0.4581,0.5,155.0,1.0,1.0,0.0012
expertqa_1160,chunk_packed_160,chunk,packed,0.0,0.0847,0.0,0.3765,1.0,0.6667,153.0,1.0,1.0,0.9217
expertqa_1568,chunk_packed_160,chunk,packed,0.0,0.0141,0.0,0.1949,1.0,1.0,158.0,1.0,1.0,0.0123
expertqa_1273,chunk_packed_160,chunk,packed,0.0,0.0,0.0,0.271,1.0,0.6667,156.0,1.0,1.0,0.0323
expertqa_65,chunk_packed_160,chunk,packed,0.0,0.0433,0.0,0.2036,1.0,0.375,159.0,0.5,0.0,0.05
expertqa_3,chunk_packed_160,chunk,packed,0.0,0.0072,0.0,0.1987,1.0,0.1818,158.0,0.4545,0.0,0.8031
expertqa_201,chunk_packed_160,chunk,packed,0.0,0.0,0.0,0.2073,1.0,0.2,151.0,0.3333,0.0,0.6455
expertqa_938,chunk_packed_160,chunk,packed,0.0,0.0,0.0,0.6429,1.0,0.6667,155.0,1.0,1.0,0.0113
expertqa_924,chunk_packed_160,chunk,packed,0.0,0.0,0.0,0.2791,0.1761,0.3333,159.0,1.0,1.0,0.0004
expertqa_376,chunk_packed_160,chunk,packed,0.0,0.0,0.0,0.3396,0.1709,0.25,158.0,0.5,0.0,0.0003
expertqa_2014,chunk_packed_160,chunk,packed,0.0,0.0079,0.0,0.1944,1.0,0.5,145.0,0.75,0.0,0.0122
expertqa_1569,chunk_packed_160,chunk,packed,0.0,0.0976,0.0,0.413,1.0,0.6667,149.0,1.0,1.0,0.0006
expertqa_1276,chunk_packed_160,chunk,packed,0.0,0.0,0.0,0.4103,0.6582,0.75,158.0,1.0,1.0,0.0014
expertqa_1001,chunk_packed_160,chunk,packed,0.0,0.1739,0.0,0.4211,0.9062,0.75,160.0,1.0,1.0,0.0061
expertqa_1031,chunk_packed_160,chunk,packed,0.0,0.1014,0.0,0.1852,0.2105,0.5,152.0,1.0,1.0,0.0061
expertqa_1998,chunk_packed_160,chunk,packed,0.0,0.0,0.0,0.2593,0.7055,0.25,146.0,0.25,0.0,0.0023
expertqa_1918,chunk_packed_160,chunk,packed,0.0,0.0221,0.0,0.2774,0.539,1.0,154.0,1.0,1.0,0.005
expertqa_1,chunk_packed_160,chunk,packed,0.0,0.055,0.0,0.3165,0.3469,0.3333,147.0,0.6667,0.0,0.0071
expertqa_926,chunk_packed_160,chunk,packed,0.0,0.0267,0.0,0.2812,0.3312,0.25,160.0,0.25,0.0,0.0008
expertqa_912,chunk_packed_160,chunk,packed,0.0,0.0,0.0,0.1296,0.0,0.0,152.0,1.0,1.0,0.0004
expertqa_1105,chunk_packed_160,chunk,packed,0.0,0.0,0.0,0.2321,0.1338,0.25,157.0,0.75,0.0,0.001
expertqa_1595,chunk_packed_160,chunk,packed,0.0,0.125,0.0,0.4688,1.0,0.6667,158.0,1.0,1.0,0.7821
expertqa_572,chunk_packed_160,chunk,packed,0.0,0.0,0.0,0.3,1.0,0.6667,160.0,1.0,1.0,0.0015
expertqa_1193,chunk_packed_160,chunk,packed,0.0,0.0,0.0,0.2211,0.5195,0.3333,154.0,1.0,1.0,0.0003
expertqa_738,chunk_packed_160,chunk,packed,0.0,0.0,0.0,0.225,0.526,0.2,154.0,0.2,0.0,0.0022
expertqa_61,chunk_packed_160,chunk,packed,0.0,0.0,0.0,0.102,0.0,0.0,156.0,0.0,0.0,0.007
expertqa_1382,chunk_packed_160,chunk,packed,0.0,0.0,0.0,0.3523,0.675,0.6667,160.0,0.6667,0.0,0.0061
expertqa_1317,chunk_packed_160,chunk,packed,0.0,0.0,0.0,0.1867,0.3375,0.25,160.0,0.25,0.0,0.0025
expertqa_31,chunk_packed_160,chunk,packed,0.0,0.0,0.0,0.1437,0.0,0.0,158.0,0.0769,0.0,0.0042
expertqa_1813,chunk_packed_160,chunk,packed,0.0,0.2258,0.0,0.4186,0.9119,1.0,159.0,1.0,1.0,0.0005
expertqa_1435,chunk_packed_160,chunk,packed,0.0,0.2182,0.0,0.5946,0.4873,0.6667,158.0,1.0,1.0,0.0177
expertqa_943,chunk_packed_160,chunk,packed,0.0,0.0,0.0,0.1739,0.5031,0.5,159.0,1.0,1.0,0.555
expertqa_8,chunk_packed_160,chunk,packed,0.0,0.0,0.0,0.2407,0.0,0.0,160.0,1.0,1.0,0.0022
expertqa_873,chunk_packed_160,chunk,packed,0.0,0.0159,0.0,0.2556,1.0,0.4,140.0,0.6,0.0,0.0041
expertqa_1850,chunk_packed_160,chunk,packed,0.0,0.0,0.0,0.4118,0.443,0.6667,149.0,1.0,1.0,0.0025
expertqa_705,chunk_packed_160,chunk,packed,0.0,0.0,0.0,0.2603,0.6809,0.3333,141.0,1.0,1.0,0.0016
expertqa_1731,chunk_packed_160,chunk,packed,0.0,0.0,0.0,0.1701,0.5563,0.3333,160.0,1.0,1.0,0.0064
expertqa_457,chunk_packed_160,chunk,packed,0.0,0.0101,0.0,0.2632,0.5646,0.6667,147.0,0.6667,0.0,0.0004
expertqa_636,chunk_packed_160,chunk,packed,0.0,0.0857,0.0,0.2353,0.0645,0.5,155.0,1.0,1.0,0.0013
expertqa_1197,chunk_packed_160,chunk,packed,0.0,0.0946,0.0,0.5,0.3857,1.0,140.0,1.0,1.0,0.0006
expertqa_614,chunk_packed_160,chunk,packed,0.0,0.101,0.0,0.1852,0.404,0.5,151.0,1.0,1.0,0.0009
expertqa_1830,chunk_packed_160,chunk,packed,0.0,0.0091,0.0,0.3566,1.0,0.5,160.0,1.0,1.0,0.0104
expertqa_354,chunk_packed_160,chunk,packed,0.0,0.0,0.0,0.3286,0.6547,0.5,139.0,1.0,1.0,0.001
expertqa_595,chunk_packed_160,chunk,packed,0.0,0.0471,0.0,0.18,0.4375,0.1667,160.0,0.3333,0.0,0.0012
expertqa_63,chunk_packed_160,chunk,packed,0.0,0.0,0.0,0.1818,0.0,0.0,143.0,0.5,0.0,0.4244
expertqa_1115,chunk_packed_160,chunk,packed,0.0,0.0,0.0,0.2019,0.0,0.0,148.0,0.75,0.0,0.0004
expertqa_1041,chunk_packed_160,chunk,packed,0.0,0.0284,0.0,0.2029,1.0,0.4,137.0,1.0,1.0,0.9822
expertqa_442,chunk_packed_160,chunk,packed,0.0,0.0,0.0,0.2462,0.0,0.0,140.0,1.0,1.0,0.0048
expertqa_1650,chunk_packed_160,chunk,packed,0.0,0.0,0.0,0.1622,0.044,0.3333,159.0,1.0,1.0,0.0164
expertqa_1268,chunk_packed_160,chunk,packed,0.0,0.0,0.0,0.2326,1.0,0.6667,157.0,1.0,1.0,0.0008
expertqa_865,chunk_packed_160,chunk,packed,0.0,0.0,0.0,0.1579,0.5871,0.25,155.0,0.75,0.0,0.0003
expertqa_1968,chunk_packed_160,chunk,packed,0.0,0.0,0.0,0.2526,1.0,0.2727,158.0,0.3636,0.0,0.023
expertqa_36,chunk_packed_160,chunk,packed,0.0,0.0294,0.0,0.2444,1.0,0.5,159.0,1.0,1.0,0.0006
expertqa_1510,chunk_packed_160,chunk,packed,0.0,0.0,0.0,0.2377,1.0,0.375,158.0,0.625,0.0,0.617
expertqa_1241,chunk_packed_160,chunk,packed,0.0,0.0,0.0,0.25,1.0,0.6667,142.0,1.0,1.0,0.0013
expertqa_1913,chunk_packed_160,chunk,packed,0.0,0.3043,0.0,0.25,0.6226,0.6667,159.0,1.0,1.0,0.0072
expertqa_4,chunk_packed_160,chunk,packed,0.0,0.0415,0.0,0.3203,1.0,0.5,158.0,1.0,1.0,0.9743
expertqa_1414,chunk_packed_160,chunk,packed,0.0,0.0,0.0,0.2316,0.5813,0.6667,160.0,1.0,1.0,0.0025
expertqa_882,chunk_packed_160,chunk,packed,0.0,0.0,0.0,0.1121,0.0,0.0,153.0,1.0,1.0,0.0739
expertqa_855,chunk_packed_160,chunk,packed,0.0,0.0,0.0,0.2833,0.6528,0.5,144.0,0.5,0.0,0.044
expertqa_270,chunk_packed_160,chunk,packed,0.0,0.0,0.0,0.2963,0.6346,0.3333,156.0,1.0,1.0,0.0039
expertqa_114,chunk_packed_160,chunk,packed,0.0,0.0,0.0,0.1691,0.6131,0.1667,137.0,0.5,0.0,0.0008
expertqa_95,chunk_packed_160,chunk,packed,0.0,0.0,0.0,0.1333,0.0392,1.0,153.0,1.0,1.0,0.0002
expertqa_167,chunk_packed_160,chunk,packed,0.0,0.0351,0.0,0.2937,1.0,0.5,158.0,1.0,1.0,0.8202
expertqa_702,chunk_packed_160,chunk,packed,0.0,0.0,0.0,0.1892,0.1187,0.3333,160.0,1.0,1.0,0.0003
expertqa_1641,chunk_packed_160,chunk,packed,0.0,0.0,0.0,0.4737,0.707,1.0,157.0,1.0,1.0,0.0008
expertqa_783,chunk_packed_160,chunk,packed,0.0,0.0,0.0,0.1222,0.0,0.0,146.0,1.0,1.0,0.0031
expertqa_1116,chunk_packed_160,chunk,packed,0.0,0.0,0.0,0.2069,0.9125,0.6667,160.0,1.0,1.0,0.2225
expertqa_816,chunk_packed_160,chunk,packed,0.0,0.0,0.0,0.3906,1.0,0.6667,158.0,1.0,1.0,0.0067
expertqa_1191,chunk_packed_160,chunk,packed,0.0,0.0,0.0,0.2931,1.0,0.75,159.0,0.75,0.0,0.0025
expertqa_1581,chunk_packed_160,chunk,packed,0.0,0.0198,0.0,0.2131,1.0,0.2222,150.0,0.5556,0.0,0.0036
expertqa_1486,chunk_packed_160,chunk,packed,0.0,0.0517,0.0,0.3012,0.3484,0.2,155.0,0.6,0.0,0.0022
expertqa_1081,chunk_focused_160,chunk,focused,0.0,0.0571,0.0,0.381,0.4452,0.3333,155.0,1.0,1.0,0.9822
expertqa_393,chunk_focused_160,chunk,focused,0.0,0.0164,0.0,0.525,0.6471,0.5,153.0,1.0,1.0,0.0348
expertqa_1162,chunk_focused_160,chunk,focused,0.0,0.0494,0.0,0.3167,0.5556,0.3333,144.0,0.6667,0.0,0.0018
expertqa_1860,chunk_focused_160,chunk,focused,0.0,0.0,0.0,0.2319,0.475,0.5,160.0,0.5,0.0,0.1083
expertqa_1460,chunk_focused_160,chunk,focused,0.0,0.0652,0.0,0.2656,0.5535,0.5,159.0,1.0,1.0,0.1399
expertqa_2021,chunk_focused_160,chunk,focused,0.0,0.1373,0.0,0.3,1.0,0.4,155.0,1.0,1.0,0.437
expertqa_116,chunk_focused_160,chunk,focused,0.0,0.0,0.0,0.1972,1.0,0.5,151.0,0.75,0.0,0.0006
expertqa_725,chunk_focused_160,chunk,focused,0.0,0.0299,0.0,0.3258,1.0,0.4,154.0,1.0,1.0,0.0211
expertqa_422,chunk_focused_160,chunk,focused,0.0,0.0,0.0,0.3023,0.55,0.6667,160.0,1.0,1.0,0.0006
expertqa_809,chunk_focused_160,chunk,focused,0.0,0.0,0.0,0.4318,0.4641,0.5,153.0,1.0,1.0,0.9871
expertqa_251,chunk_focused_160,chunk,focused,0.0,0.0652,0.0,0.2958,0.4797,0.25,148.0,0.75,0.0,0.6651
expertqa_67,chunk_focused_160,chunk,focused,0.0,0.0,0.0,0.2917,0.0187,0.3333,160.0,1.0,1.0,0.0008
expertqa_1471,chunk_focused_160,chunk,focused,0.0,0.0822,0.0,0.32,1.0,0.6667,159.0,0.6667,0.0,0.0009
expertqa_1452,chunk_focused_160,chunk,focused,0.0,0.0,0.0,0.2738,0.6382,0.6667,152.0,1.0,1.0,0.0034
expertqa_1368,chunk_focused_160,chunk,focused,0.0,0.0107,0.0,0.1869,0.4875,0.1111,160.0,0.4444,0.0,0.0083
expertqa_154,chunk_focused_160,chunk,focused,0.0,0.0327,0.0,0.2342,0.0,0.0,158.0,0.3333,0.0,0.0081
expertqa_60,chunk_focused_160,chunk,focused,0.0,0.0,0.0,0.1722,1.0,0.1333,155.0,0.3333,0.0,0.0036
expertqa_1034,chunk_focused_160,chunk,focused,0.0,0.0,0.0,0.2933,1.0,0.4,157.0,0.6,0.0,0.0034
expertqa_1401,chunk_focused_160,chunk,focused,0.0,0.0,0.0,0.2072,0.0,0.0,144.0,1.0,1.0,0.5593
expertqa_1974,chunk_focused_160,chunk,focused,0.0,0.2059,0.0,0.3855,1.0,0.6667,147.0,1.0,1.0,0.023
expertqa_494,chunk_focused_160,chunk,focused,0.0,0.0,0.0,0.3333,0.5405,0.5,148.0,0.5,0.0,0.0027
expertqa_740,chunk_focused_160,chunk,focused,0.0,0.0241,0.0,0.1553,0.1266,0.3333,158.0,1.0,1.0,0.0004
expertqa_1027,chunk_focused_160,chunk,focused,0.0,0.0,0.0,0.2703,0.4465,0.5,159.0,1.0,1.0,0.0006
expertqa_1661,chunk_focused_160,chunk,focused,0.0,0.0435,0.0,0.2,0.1812,1.0,160.0,1.0,1.0,0.0178
expertqa_822,chunk_focused_160,chunk,focused,0.0,0.0408,0.0,0.325,0.475,0.3333,160.0,0.6667,0.0,0.0122
expertqa_533,chunk_focused_160,chunk,focused,0.0,0.0267,0.0,0.4397,1.0,0.4,157.0,1.0,1.0,0.0183
expertqa_1047,chunk_focused_160,chunk,focused,0.0,0.0,0.0,0.5978,1.0,1.0,151.0,1.0,1.0,0.0883
expertqa_168,chunk_focused_160,chunk,focused,0.0,0.0143,0.0,0.2263,1.0,0.1538,140.0,0.3846,0.0,0.003
expertqa_1996,chunk_focused_160,chunk,focused,0.0,0.0353,0.0,0.4194,1.0,0.25,159.0,0.625,0.0,0.5406
expertqa_1872,chunk_focused_160,chunk,focused,0.0,0.1538,0.0,0.4054,0.4228,1.0,149.0,1.0,1.0,0.0052
expertqa_1090,chunk_focused_160,chunk,focused,0.0,0.0,0.0,0.3934,1.0,0.4,160.0,0.8,0.0,0.2898
expertqa_86,chunk_focused_160,chunk,focused,0.0,0.0,0.0,0.2836,0.9557,1.0,158.0,1.0,1.0,0.0029
expertqa_589,chunk_focused_160,chunk,focused,0.0,0.0946,0.0,0.275,0.5157,1.0,159.0,1.0,1.0,0.9855
expertqa_1237,chunk_focused_160,chunk,focused,0.0,0.0,0.0,0.2769,0.5094,0.3333,159.0,1.0,1.0,0.002
expertqa_1792,chunk_focused_160,chunk,focused,0.0,0.0,0.0,0.2115,0.6375,0.5,160.0,0.5,0.0,0.0002
expertqa_1821,chunk_focused_160,chunk,focused,0.0,0.0629,0.0,0.5052,1.0,0.5,153.0,1.0,1.0,0.5771
expertqa_409,chunk_focused_160,chunk,focused,0.0,0.0241,0.0,0.3125,1.0,0.6667,142.0,1.0,1.0,0.0243
expertqa_728,chunk_focused_160,chunk,focused,0.0,0.036,0.0,0.2927,0.5188,0.5,160.0,0.5,0.0,0.0011
expertqa_66,chunk_focused_160,chunk,focused,0.0,0.031,0.0,0.1845,0.981,0.25,158.0,0.5,0.0,0.0071
expertqa_944,chunk_focused_160,chunk,focused,0.0,0.019,0.0,0.291,1.0,0.5,146.0,1.0,1.0,0.9177
expertqa_1407,chunk_focused_160,chunk,focused,0.0,0.0,0.0,0.375,0.9097,1.0,155.0,1.0,1.0,0.0014
expertqa_1886,chunk_focused_160,chunk,focused,0.0,0.0,0.0,0.2182,0.4114,0.6667,158.0,0.6667,0.0,0.0008
expertqa_1810,chunk_focused_160,chunk,focused,0.0,0.0367,0.0,0.1864,1.0,0.2,151.0,0.2,0.0,0.7704
expertqa_70,chunk_focused_160,chunk,focused,0.0,0.0299,0.0,0.2743,1.0,0.5,140.0,1.0,1.0,0.059
expertqa_543,chunk_focused_160,chunk,focused,0.0,0.043,0.0,0.4,0.487,0.25,154.0,1.0,1.0,0.0192
expertqa_897,chunk_focused_160,chunk,focused,0.0,0.1143,0.0,0.4184,1.0,0.4,159.0,0.6,0.0,0.0135
expertqa_1732,chunk_focused_160,chunk,focused,0.0,0.049,0.0,0.3478,1.0,1.0,141.0,1.0,1.0,0.2355
expertqa_2030,chunk_focused_160,chunk,focused,0.0,0.0,0.0,0.3929,1.0,0.4,158.0,1.0,1.0,0.0019
expertqa_2027,chunk_focused_160,chunk,focused,0.0,0.018,0.0,0.2558,1.0,0.3333,142.0,0.8333,0.0,0.0019
expertqa_226,chunk_focused_160,chunk,focused,0.0,0.012,0.0,0.1576,0.7799,0.75,159.0,0.75,0.0,0.1123
expertqa_690,chunk_focused_160,chunk,focused,0.0,0.0,0.0,0.3187,0.6,1.0,160.0,1.0,1.0,0.0112
expertqa_1660,chunk_focused_160,chunk,focused,0.0,0.0,0.0,0.1961,0.5,0.1667,148.0,0.1667,0.0,0.003
expertqa_1155,chunk_focused_160,chunk,focused,0.0,0.0566,0.0,0.1486,0.4177,0.3333,158.0,0.3333,0.0,0.1085
expertqa_584,chunk_focused_160,chunk,focused,0.0,0.0317,0.0,0.3068,1.0,0.5,160.0,0.75,0.0,0.2612
expertqa_787,chunk_focused_160,chunk,focused,0.0,0.0,0.0,0.2583,1.0,0.2857,147.0,0.7143,0.0,0.5097
expertqa_1686,chunk_focused_160,chunk,focused,0.0,0.0339,0.0,0.2204,1.0,0.6667,141.0,1.0,1.0,0.0919
expertqa_1647,chunk_focused_160,chunk,focused,0.0,0.0,0.0,0.2069,0.0,0.0,155.0,0.0,0.0,0.0007
expertqa_1271,chunk_focused_160,chunk,focused,0.0,0.0,0.0,0.2231,0.4118,0.2,153.0,0.6,0.0,0.0078
expertqa_1579,chunk_focused_160,chunk,focused,0.0,0.0,0.0,0.2698,1.0,0.5,159.0,1.0,1.0,0.0031
expertqa_1651,chunk_focused_160,chunk,focused,0.0,0.1346,0.0,0.3378,1.0,0.6667,155.0,1.0,1.0,0.9812
expertqa_1409,chunk_focused_160,chunk,focused,0.0,0.0,0.0,0.2277,0.2848,0.25,158.0,0.25,0.0,0.0086
expertqa_1098,chunk_focused_160,chunk,focused,0.0,0.0,0.0,0.1972,1.0,0.5,154.0,0.5,0.0,0.0005
expertqa_1205,chunk_focused_160,chunk,focused,0.0,0.0,0.0,0.1625,0.4167,0.1429,156.0,0.5714,0.0,0.5591
expertqa_857,chunk_focused_160,chunk,focused,0.0,0.0,0.0,0.2692,1.0,0.4,149.0,1.0,1.0,0.0016
expertqa_1156,chunk_focused_160,chunk,focused,0.0,0.0348,0.0,0.3253,1.0,0.5,160.0,0.75,0.0,0.0084
expertqa_490,chunk_focused_160,chunk,focused,0.0,0.0195,0.0,0.2051,0.5346,1.0,159.0,1.0,1.0,0.1015
expertqa_1948,chunk_focused_160,chunk,focused,0.0,0.0,0.0,0.1167,0.1062,0.3333,160.0,0.6667,0.0,0.0004
expertqa_2010,chunk_focused_160,chunk,focused,0.0,0.0,0.0,0.1345,0.5094,0.1111,159.0,0.2222,0.0,0.0161
expertqa_1456,chunk_focused_160,chunk,focused,0.0,0.0,0.0,0.25,0.0,0.0,154.0,1.0,1.0,0.0003
expertqa_206,chunk_focused_160,chunk,focused,0.0,0.0,0.0,0.1212,0.0633,0.1111,158.0,0.2222,0.0,0.0031
expertqa_1146,chunk_focused_160,chunk,focused,0.0,0.024,0.0,0.3333,0.5099,1.0,151.0,1.0,1.0,0.0199
expertqa_573,chunk_focused_160,chunk,focused,0.0,0.1923,0.0,0.2353,1.0,0.5,142.0,1.0,1.0,0.4858
expertqa_218,chunk_focused_160,chunk,focused,0.0,0.0885,0.0,0.3467,1.0,0.3333,155.0,0.6667,0.0,0.2256
expertqa_314,chunk_focused_160,chunk,focused,0.0,0.0172,0.0,0.1807,0.6226,0.5,159.0,1.0,1.0,0.0006
expertqa_1580,chunk_focused_160,chunk,focused,0.0,0.0,0.0,0.4624,1.0,0.6667,160.0,1.0,1.0,0.0005
expertqa_1010,chunk_focused_160,chunk,focused,0.0,0.1205,0.0,0.2885,0.3774,0.5,159.0,1.0,1.0,0.0028
expertqa_909,chunk_focused_160,chunk,focused,0.0,0.0284,0.0,0.31,1.0,0.5,157.0,0.75,0.0,0.0015
expertqa_1079,chunk_focused_160,chunk,focused,0.0,0.0,0.0,0.3333,0.5987,0.3333,152.0,1.0,1.0,0.0081
expertqa_1381,chunk_focused_160,chunk,focused,0.0,0.0612,0.0,0.2388,0.0,0.0,156.0,0.3333,0.0,0.0025
expertqa_203,chunk_focused_160,chunk,focused,0.0,0.0,0.0,0.186,0.5032,0.25,157.0,1.0,1.0,0.0003
expertqa_467,chunk_focused_160,chunk,focused,0.0,0.0261,0.0,0.2376,1.0,0.5,155.0,1.0,1.0,0.0132
expertqa_220,chunk_focused_160,chunk,focused,0.0,0.2182,0.0,0.7436,0.5127,1.0,158.0,1.0,1.0,0.9659
expertqa_1359,chunk_focused_160,chunk,focused,0.0,0.0,0.0,0.2526,0.5696,0.3333,158.0,1.0,1.0,0.0135
expertqa_1629,chunk_focused_160,chunk,focused,0.0,0.0465,0.0,0.427,1.0,0.5,155.0,1.0,1.0,0.4155
expertqa_1674,chunk_focused_160,chunk,focused,0.0,0.058,0.0,0.1864,0.2994,0.3333,157.0,0.6667,0.0,0.0013
expertqa_977,chunk_focused_160,chunk,focused,0.0,0.0339,0.0,0.3404,0.4636,1.0,151.0,1.0,1.0,0.0034
expertqa_922,chunk_focused_160,chunk,focused,0.0,0.0,0.0,0.3407,0.5,0.5,156.0,1.0,1.0,0.0962
expertqa_130,chunk_focused_160,chunk,focused,0.0,0.0,0.0,0.2536,0.4054,0.25,148.0,0.75,0.0,0.0145
expertqa_1774,chunk_focused_160,chunk,focused,0.0,0.0,0.0,0.2083,0.0,0.0,159.0,1.0,1.0,0.0002
expertqa_1806,chunk_focused_160,chunk,focused,0.0,0.0678,0.0,0.5094,1.0,0.75,160.0,1.0,1.0,0.966
expertqa_810,chunk_focused_160,chunk,focused,0.0,0.0198,0.0,0.3333,0.4067,1.0,150.0,1.0,1.0,0.0043
expertqa_1982,chunk_focused_160,chunk,focused,0.0,0.0,0.0,0.3158,1.0,0.5,159.0,1.0,1.0,0.0018
expertqa_55,chunk_focused_160,chunk,focused,0.0,0.0,0.0,0.1707,1.0,0.1818,150.0,0.4545,0.0,0.0226
expertqa_378,chunk_focused_160,chunk,focused,0.0,0.0,0.0,0.1923,1.0,0.3333,132.0,0.8333,0.0,0.0008
expertqa_493,chunk_focused_160,chunk,focused,0.0,0.0889,0.0,0.4706,0.5526,0.3333,152.0,1.0,1.0,0.0017
expertqa_150,chunk_focused_160,chunk,focused,0.0,0.0,0.0,0.1688,0.0,0.0,148.0,0.0,0.0,0.0922
expertqa_883,chunk_focused_160,chunk,focused,0.0,0.0,0.0,0.2424,1.0,0.4286,160.0,0.7143,0.0,0.0386
expertqa_1113,chunk_focused_160,chunk,focused,0.0,0.0297,0.0,0.3701,1.0,0.4,158.0,1.0,1.0,0.0011
expertqa_1631,chunk_focused_160,chunk,focused,0.0,0.0,0.0,0.232,0.5541,0.1429,157.0,0.1429,0.0,0.0607
expertqa_137,chunk_focused_160,chunk,focused,0.0,0.0,0.0,0.206,1.0,0.125,144.0,0.3125,0.0,0.0037
expertqa_648,chunk_focused_160,chunk,focused,0.0,0.0,0.0,0.6579,0.3873,1.0,142.0,1.0,1.0,0.0042
expertqa_42,chunk_focused_160,chunk,focused,0.0,0.0,0.0,0.1781,0.0,0.0,156.0,0.0,0.0,0.0005
expertqa_1789,chunk_focused_160,chunk,focused,0.0,0.2331,0.0,0.2069,1.0,0.5,158.0,0.75,0.0,0.21
expertqa_200,chunk_focused_160,chunk,focused,0.0,0.0,0.0,0.2336,1.0,0.2727,158.0,0.3636,0.0,0.5857
expertqa_767,chunk_focused_160,chunk,focused,0.0,0.0,0.0,0.2,1.0,0.3333,160.0,0.5556,0.0,0.1853
expertqa_552,chunk_focused_160,chunk,focused,0.0,0.0,0.0,0.2911,0.6125,0.6667,160.0,1.0,1.0,0.0004
expertqa_1625,chunk_focused_160,chunk,focused,0.0,0.0,0.0,0.2188,0.4286,0.25,154.0,0.75,0.0,0.0403
expertqa_1904,chunk_focused_160,chunk,focused,0.0,0.0,0.0,0.3707,1.0,0.6667,157.0,1.0,1.0,0.0009
expertqa_54,chunk_focused_160,chunk,focused,0.0,0.0167,0.0,0.2963,1.0,0.6,159.0,0.8,0.0,0.001
expertqa_382,chunk_focused_160,chunk,focused,0.0,0.0674,0.0,0.254,1.0,0.6,159.0,1.0,1.0,0.0002
expertqa_954,chunk_focused_160,chunk,focused,0.0,0.0098,0.0,0.4091,1.0,1.0,159.0,1.0,1.0,0.1175
expertqa_1866,chunk_focused_160,chunk,focused,0.0,0.0126,0.0,0.117,0.4313,0.125,160.0,0.375,0.0,0.0602
expertqa_1232,chunk_focused_160,chunk,focused,0.0,0.0106,0.0,0.25,1.0,0.6667,159.0,1.0,1.0,0.0013
expertqa_379,chunk_focused_160,chunk,focused,0.0,0.0,0.0,0.1615,0.975,0.1818,160.0,0.1818,0.0,0.0675
expertqa_1374,chunk_focused_160,chunk,focused,0.0,0.0088,0.0,0.2037,0.6558,0.6667,154.0,0.6667,0.0,0.0012
expertqa_231,chunk_focused_160,chunk,focused,0.0,0.0,0.0,0.3846,1.0,1.0,155.0,1.0,1.0,0.0007
expertqa_85,chunk_focused_160,chunk,focused,0.0,0.0667,0.0,0.2143,0.0,0.0,160.0,1.0,1.0,0.0019
expertqa_1978,chunk_focused_160,chunk,focused,0.0,0.0513,0.0,0.2963,0.5897,1.0,156.0,1.0,1.0,0.0014
expertqa_669,chunk_focused_160,chunk,focused,0.0,0.0227,0.0,0.2877,0.4304,0.2,158.0,0.4,0.0,0.0009
expertqa_987,chunk_focused_160,chunk,focused,0.0,0.0,0.0,0.1694,1.0,0.2222,151.0,0.5556,0.0,0.9822
expertqa_927,chunk_focused_160,chunk,focused,0.0,0.0,0.0,0.3723,1.0,1.0,156.0,1.0,1.0,0.0116
expertqa_1682,chunk_focused_160,chunk,focused,0.0,0.0,0.0,0.3684,0.5338,0.3333,148.0,1.0,1.0,0.0032
expertqa_169,chunk_focused_160,chunk,focused,0.0,0.0,0.0,0.6,0.2956,1.0,159.0,1.0,1.0,0.0014
expertqa_606,chunk_focused_160,chunk,focused,0.0,0.029,0.0,0.3299,1.0,1.0,156.0,1.0,1.0,0.0049
expertqa_1124,chunk_focused_160,chunk,focused,0.0,0.1218,0.0,0.2143,0.4494,0.75,158.0,1.0,1.0,0.0005
expertqa_554,chunk_focused_160,chunk,focused,0.0,0.0,0.0,0.1875,0.0,0.0,157.0,1.0,1.0,0.0005
expertqa_1394,chunk_focused_160,chunk,focused,0.0,0.0,0.0,0.2602,1.0,0.4,144.0,1.0,1.0,0.01
expertqa_1611,chunk_focused_160,chunk,focused,0.0,0.0,0.0,0.4022,1.0,0.6667,159.0,1.0,1.0,0.3457
expertqa_1110,chunk_focused_160,chunk,focused,0.0,0.0,0.0,0.2043,0.0,0.0,141.0,0.0,0.0,0.0012
expertqa_1015,chunk_focused_160,chunk,focused,0.0,0.0447,0.0,0.2525,1.0,0.25,158.0,0.625,0.0,0.0024
expertqa_487,chunk_focused_160,chunk,focused,0.0,0.0,0.0,0.1667,0.0,0.0,159.0,0.0,0.0,0.5842
expertqa_941,chunk_focused_160,chunk,focused,0.0,0.0,0.0,0.3194,0.7722,1.0,158.0,1.0,1.0,0.0011
expertqa_1160,chunk_focused_160,chunk,focused,0.0,0.0847,0.0,0.3765,1.0,0.6667,153.0,1.0,1.0,0.9217
expertqa_1568,chunk_focused_160,chunk,focused,0.0,0.0141,0.0,0.2119,0.5625,0.5,160.0,1.0,1.0,0.0063
expertqa_1273,chunk_focused_160,chunk,focused,0.0,0.0256,0.0,0.2617,0.5,0.3333,152.0,1.0,1.0,0.0093
expertqa_65,chunk_focused_160,chunk,focused,0.0,0.0072,0.0,0.1677,1.0,0.375,149.0,0.5,0.0,0.0046
expertqa_3,chunk_focused_160,chunk,focused,0.0,0.0,0.0,0.2053,1.0,0.1818,158.0,0.4545,0.0,0.1463
expertqa_201,chunk_focused_160,chunk,focused,0.0,0.0,0.0,0.2439,1.0,0.2,160.0,0.3333,0.0,0.6556
expertqa_938,chunk_focused_160,chunk,focused,0.0,0.3662,0.0,0.631,1.0,0.6667,143.0,1.0,1.0,0.9779
expertqa_924,chunk_focused_160,chunk,focused,0.0,0.0,0.0,0.3488,0.4387,0.6667,155.0,1.0,1.0,0.0009
expertqa_376,chunk_focused_160,chunk,focused,0.0,0.0247,0.0,0.2642,0.0,0.0,157.0,0.5,0.0,0.0014
expertqa_2014,chunk_focused_160,chunk,focused,0.0,0.0159,0.0,0.25,1.0,0.5,155.0,0.75,0.0,0.0104
expertqa_1569,chunk_focused_160,chunk,focused,0.0,0.1579,0.0,0.3478,1.0,0.6667,160.0,1.0,1.0,0.0948
expertqa_1276,chunk_focused_160,chunk,focused,0.0,0.0,0.0,0.3333,0.5769,0.5,156.0,1.0,1.0,0.0053
expertqa_1001,chunk_focused_160,chunk,focused,0.0,0.1034,0.0,0.4211,1.0,0.75,158.0,1.0,1.0,0.0011
expertqa_1031,chunk_focused_160,chunk,focused,0.0,0.0611,0.0,0.1852,0.5714,1.0,154.0,1.0,1.0,0.0049
expertqa_1998,chunk_focused_160,chunk,focused,0.0,0.0806,0.0,0.2099,1.0,0.25,149.0,0.25,0.0,0.003
expertqa_1918,chunk_focused_160,chunk,focused,0.0,0.0221,0.0,0.2774,0.539,1.0,154.0,1.0,1.0,0.005
expertqa_1,chunk_focused_160,chunk,focused,0.0,0.055,0.0,0.2658,0.4,0.3333,160.0,0.6667,0.0,0.0089
expertqa_926,chunk_focused_160,chunk,focused,0.0,0.0267,0.0,0.2656,0.3354,0.25,158.0,0.25,0.0,0.0007
expertqa_912,chunk_focused_160,chunk,focused,0.0,0.0,0.0,0.1852,0.54,0.5,150.0,1.0,1.0,0.001
expertqa_1105,chunk_focused_160,chunk,focused,0.0,0.0,0.0,0.375,0.4717,0.25,159.0,0.75,0.0,0.0033
expertqa_1595,chunk_focused_160,chunk,focused,0.0,0.046,0.0,0.4688,1.0,0.6667,157.0,1.0,1.0,0.4656
expertqa_572,chunk_focused_160,chunk,focused,0.0,0.0,0.0,0.22,1.0,0.6667,157.0,1.0,1.0,0.0009
expertqa_1193,chunk_focused_160,chunk,focused,0.0,0.0,0.0,0.2947,0.5875,0.3333,160.0,1.0,1.0,0.0008
expertqa_738,chunk_focused_160,chunk,focused,0.0,0.0,0.0,0.225,0.5436,0.2,149.0,0.2,0.0,0.0023
expertqa_61,chunk_focused_160,chunk,focused,0.0,0.0,0.0,0.102,0.0,0.0,156.0,0.0,0.0,0.007
expertqa_1382,chunk_focused_160,chunk,focused,0.0,0.0,0.0,0.3523,0.6169,0.3333,154.0,0.6667,0.0,0.0482
expertqa_1317,chunk_focused_160,chunk,focused,0.0,0.0,0.0,0.2,0.4351,0.25,154.0,0.25,0.0,0.0016
expertqa_31,chunk_focused_160,chunk,focused,0.0,0.0,0.0,0.1562,0.3904,0.0769,146.0,0.0769,0.0,0.1301
expertqa_1813,chunk_focused_160,chunk,focused,0.0,0.1488,0.0,0.4302,0.9688,1.0,160.0,1.0,1.0,0.0008
expertqa_1435,chunk_focused_160,chunk,focused,0.0,0.0476,0.0,0.4865,1.0,0.3333,148.0,1.0,1.0,0.0461
expertqa_943,chunk_focused_160,chunk,focused,0.0,0.0,0.0,0.1957,0.3101,0.5,158.0,1.0,1.0,0.0077
expertqa_8,chunk_focused_160,chunk,focused,0.0,0.0282,0.0,0.2407,0.0,0.0,140.0,1.0,1.0,0.0024
expertqa_873,chunk_focused_160,chunk,focused,0.0,0.0159,0.0,0.2556,1.0,0.4,145.0,0.6,0.0,0.0125
expertqa_1850,chunk_focused_160,chunk,focused,0.0,0.0,0.0,0.4314,0.6753,0.6667,154.0,1.0,1.0,0.0012
expertqa_705,chunk_focused_160,chunk,focused,0.0,0.0,0.0,0.2877,1.0,0.6667,154.0,1.0,1.0,0.0007
expertqa_1731,chunk_focused_160,chunk,focused,0.0,0.0,0.0,0.2857,0.5455,0.3333,154.0,1.0,1.0,0.0011
expertqa_457,chunk_focused_160,chunk,focused,0.0,0.0101,0.0,0.2481,0.5563,0.6667,160.0,0.6667,0.0,0.001
expertqa_636,chunk_focused_160,chunk,focused,0.0,0.0857,0.0,0.2941,0.0641,0.5,156.0,1.0,1.0,0.0025
expertqa_1197,chunk_focused_160,chunk,focused,0.0,0.0548,0.0,0.25,0.5355,1.0,155.0,1.0,1.0,0.0006
expertqa_614,chunk_focused_160,chunk,focused,0.0,0.0513,0.0,0.4444,0.4837,0.5,153.0,1.0,1.0,0.0052
expertqa_1830,chunk_focused_160,chunk,focused,0.0,0.0789,0.0,0.3798,1.0,0.5,142.0,1.0,1.0,0.1608
expertqa_354,chunk_focused_160,chunk,focused,0.0,0.0,0.0,0.3,0.5325,0.5,154.0,1.0,1.0,0.0014
expertqa_595,chunk_focused_160,chunk,focused,0.0,0.046,0.0,0.22,0.4268,0.1667,157.0,0.3333,0.0,0.0043
expertqa_63,chunk_focused_160,chunk,focused,0.0,0.0,0.0,0.1545,0.5742,0.1667,155.0,0.5,0.0,0.554
expertqa_1115,chunk_focused_160,chunk,focused,0.0,0.0,0.0,0.2212,0.0,0.0,155.0,0.75,0.0,0.0004
expertqa_1041,chunk_focused_160,chunk,focused,0.0,0.0193,0.0,0.3623,1.0,0.4,160.0,1.0,1.0,0.9879
expertqa_442,chunk_focused_160,chunk,focused,0.0,0.0,0.0,0.1692,0.1477,1.0,149.0,1.0,1.0,0.0012
expertqa_1650,chunk_focused_160,chunk,focused,0.0,0.0,0.0,0.2432,0.4114,0.3333,158.0,1.0,1.0,0.0033
expertqa_1268,chunk_focused_160,chunk,focused,0.0,0.0,0.0,0.407,1.0,0.6667,151.0,1.0,1.0,0.0007
expertqa_865,chunk_focused_160,chunk,focused,0.0,0.0,0.0,0.193,1.0,0.5,152.0,0.75,0.0,0.0004
expertqa_1968,chunk_focused_160,chunk,focused,0.0,0.0098,0.0,0.2,1.0,0.2727,152.0,0.3636,0.0,0.0163
expertqa_36,chunk_focused_160,chunk,focused,0.0,0.0451,0.0,0.3556,1.0,0.5,154.0,1.0,1.0,0.0004
expertqa_1510,chunk_focused_160,chunk,focused,0.0,0.0,0.0,0.2541,1.0,0.25,159.0,0.625,0.0,0.0168
expertqa_1241,chunk_focused_160,chunk,focused,0.0,0.0,0.0,0.2206,0.6127,0.3333,142.0,1.0,1.0,0.0004
expertqa_1913,chunk_focused_160,chunk,focused,0.0,0.2273,0.0,0.2917,0.6125,0.6667,160.0,1.0,1.0,0.0034
expertqa_4,chunk_focused_160,chunk,focused,0.0,0.0,0.0,0.2891,1.0,0.5,155.0,1.0,1.0,0.6866
expertqa_1414,chunk_focused_160,chunk,focused,0.0,0.0,0.0,0.1789,0.5813,0.6667,160.0,1.0,1.0,0.0038
expertqa_882,chunk_focused_160,chunk,focused,0.0,0.0,0.0,0.2414,0.4258,0.3333,155.0,1.0,1.0,0.7039
expertqa_855,chunk_focused_160,chunk,focused,0.0,0.0,0.0,0.3,0.3618,0.5,152.0,0.5,0.0,0.0644
expertqa_270,chunk_focused_160,chunk,focused,0.0,0.0,0.0,0.2469,0.6144,0.3333,153.0,1.0,1.0,0.0016
expertqa_114,chunk_focused_160,chunk,focused,0.0,0.0,0.0,0.1838,1.0,0.3333,159.0,0.5,0.0,0.0002
expertqa_95,chunk_focused_160,chunk,focused,0.0,0.1739,0.0,0.3333,0.1938,1.0,160.0,1.0,1.0,0.0002
expertqa_167,chunk_focused_160,chunk,focused,0.0,0.0855,0.0,0.3147,1.0,0.5,149.0,1.0,1.0,0.897
expertqa_702,chunk_focused_160,chunk,focused,0.0,0.0,0.0,0.2703,0.4654,0.3333,159.0,1.0,1.0,0.0003
expertqa_1641,chunk_focused_160,chunk,focused,0.0,0.0,0.0,0.5088,0.6352,0.5,159.0,1.0,1.0,0.0009
expertqa_783,chunk_focused_160,chunk,focused,0.0,0.0,0.0,0.1333,0.0,0.0,160.0,1.0,1.0,0.0038
expertqa_1116,chunk_focused_160,chunk,focused,0.0,0.0,0.0,0.2897,1.0,0.6667,151.0,1.0,1.0,0.7601
expertqa_816,chunk_focused_160,chunk,focused,0.0,0.0,0.0,0.4219,1.0,1.0,157.0,1.0,1.0,0.0056
expertqa_1191,chunk_focused_160,chunk,focused,0.0,0.0,0.0,0.2586,1.0,0.5,157.0,0.75,0.0,0.0028
expertqa_1581,chunk_focused_160,chunk,focused,0.0,0.0198,0.0,0.2459,1.0,0.2222,153.0,0.5556,0.0,0.0085
expertqa_1486,chunk_focused_160,chunk,focused,0.0,0.1481,0.0,0.4578,1.0,0.4,157.0,0.6,0.0,0.0544
expertqa_1081,chunk_mmr_160,chunk,mmr,0.0,0.0979,0.0,0.2738,1.0,0.3333,141.0,1.0,1.0,0.9889
expertqa_393,chunk_mmr_160,chunk,mmr,0.0,0.0,0.0,0.15,0.0,0.0,144.0,1.0,1.0,0.0114
expertqa_1162,chunk_mmr_160,chunk,mmr,0.0,0.0494,0.0,0.3167,0.5556,0.3333,144.0,0.6667,0.0,0.0018
expertqa_1860,chunk_mmr_160,chunk,mmr,0.0,0.0,0.0,0.2464,0.475,0.5,160.0,0.5,0.0,0.0983
expertqa_1460,chunk_mmr_160,chunk,mmr,0.0,0.0652,0.0,0.2656,0.5535,0.5,159.0,1.0,1.0,0.1399
expertqa_2021,chunk_mmr_160,chunk,mmr,0.0,0.113,0.0,0.3118,1.0,0.6,146.0,1.0,1.0,0.7514
expertqa_116,chunk_mmr_160,chunk,mmr,0.0,0.0,0.0,0.1831,0.3631,0.25,157.0,0.75,0.0,0.0009
expertqa_725,chunk_mmr_160,chunk,mmr,0.0,0.1517,0.0,0.4494,1.0,0.4,159.0,1.0,1.0,0.0372
expertqa_422,chunk_mmr_160,chunk,mmr,0.0,0.0,0.0,0.3023,0.5325,0.3333,154.0,1.0,1.0,0.0008
expertqa_809,chunk_mmr_160,chunk,mmr,0.0,0.0,0.0,0.3182,0.4625,0.5,160.0,1.0,1.0,0.3641
expertqa_251,chunk_mmr_160,chunk,mmr,0.0,0.0652,0.0,0.2958,0.4797,0.25,148.0,0.75,0.0,0.6651
expertqa_67,chunk_mmr_160,chunk,mmr,0.0,0.0,0.0,0.2917,0.0187,0.3333,160.0,1.0,1.0,0.0008
expertqa_1471,chunk_mmr_160,chunk,mmr,0.0,0.0822,0.0,0.28,0.6913,0.6667,149.0,0.6667,0.0,0.0004
expertqa_1452,chunk_mmr_160,chunk,mmr,0.0,0.0,0.0,0.1786,0.0,0.0,157.0,1.0,1.0,0.0151
expertqa_1368,chunk_mmr_160,chunk,mmr,0.0,0.0216,0.0,0.2897,1.0,0.2222,151.0,0.4444,0.0,0.0095
expertqa_154,chunk_mmr_160,chunk,mmr,0.0,0.0327,0.0,0.2342,0.0,0.0,158.0,0.3333,0.0,0.0114
expertqa_60,chunk_mmr_160,chunk,mmr,0.0,0.0,0.0,0.1722,1.0,0.1333,155.0,0.3333,0.0,0.0036
expertqa_1034,chunk_mmr_160,chunk,mmr,0.0,0.0,0.0,0.2933,1.0,0.4,157.0,0.6,0.0,0.0034
expertqa_1401,chunk_mmr_160,chunk,mmr,0.0,0.0119,0.0,0.2793,0.4964,1.0,139.0,1.0,1.0,0.0934
expertqa_1974,chunk_mmr_160,chunk,mmr,0.0,0.0455,0.0,0.3855,0.3987,0.3333,158.0,1.0,1.0,0.0521
expertqa_494,chunk_mmr_160,chunk,mmr,0.0,0.0588,0.0,0.6222,0.3924,0.5,158.0,0.5,0.0,0.1341
expertqa_740,chunk_mmr_160,chunk,mmr,0.0,0.0241,0.0,0.1553,0.1266,0.3333,158.0,1.0,1.0,0.0004
expertqa_1027,chunk_mmr_160,chunk,mmr,0.0,0.0,0.0,0.1892,0.0,0.0,160.0,1.0,1.0,0.0015
expertqa_1661,chunk_mmr_160,chunk,mmr,0.0,0.0571,0.0,0.1882,0.0,0.0,156.0,1.0,1.0,0.0071
expertqa_822,chunk_mmr_160,chunk,mmr,0.0,0.0408,0.0,0.4,1.0,0.6667,147.0,0.6667,0.0,0.0045
expertqa_533,chunk_mmr_160,chunk,mmr,0.0,0.0267,0.0,0.4397,1.0,0.4,157.0,1.0,1.0,0.0183
expertqa_1047,chunk_mmr_160,chunk,mmr,0.0,0.0,0.0,0.3152,1.0,0.6667,142.0,1.0,1.0,0.0017
expertqa_168,chunk_mmr_160,chunk,mmr,0.0,0.0071,0.0,0.2117,1.0,0.0769,158.0,0.3846,0.0,0.0034
expertqa_1996,chunk_mmr_160,chunk,mmr,0.0,0.0353,0.0,0.4194,1.0,0.25,159.0,0.625,0.0,0.5406
expertqa_1872,chunk_mmr_160,chunk,mmr,0.0,0.1538,0.0,0.4054,0.4228,1.0,149.0,1.0,1.0,0.0052
expertqa_1090,chunk_mmr_160,chunk,mmr,0.0,0.0455,0.0,0.4918,1.0,0.4,152.0,0.8,0.0,0.003
expertqa_86,chunk_mmr_160,chunk,mmr,0.0,0.0,0.0,0.2836,0.9557,1.0,158.0,1.0,1.0,0.0029
expertqa_589,chunk_mmr_160,chunk,mmr,0.0,0.0946,0.0,0.275,0.5157,1.0,159.0,1.0,1.0,0.9855
expertqa_1237,chunk_mmr_160,chunk,mmr,0.0,0.0,0.0,0.2462,1.0,0.6667,144.0,1.0,1.0,0.0013
expertqa_1792,chunk_mmr_160,chunk,mmr,0.0,0.0,0.0,0.1923,1.0,0.5,153.0,0.5,0.0,0.0004
expertqa_1821,chunk_mmr_160,chunk,mmr,0.0,0.0629,0.0,0.5052,1.0,0.5,153.0,1.0,1.0,0.5771
expertqa_409,chunk_mmr_160,chunk,mmr,0.0,0.0241,0.0,0.2054,0.3791,0.3333,153.0,1.0,1.0,0.0127
expertqa_728,chunk_mmr_160,chunk,mmr,0.0,0.018,0.0,0.2927,0.3063,0.25,160.0,0.5,0.0,0.0007
expertqa_66,chunk_mmr_160,chunk,mmr,0.0,0.0456,0.0,0.1553,0.981,0.25,158.0,0.5,0.0,0.0024
expertqa_944,chunk_mmr_160,chunk,mmr,0.0,0.0,0.0,0.291,1.0,0.5,146.0,1.0,1.0,0.8798
expertqa_1407,chunk_mmr_160,chunk,mmr,0.0,0.0,0.0,0.3,0.3355,0.5,155.0,1.0,1.0,0.0018
expertqa_1886,chunk_mmr_160,chunk,mmr,0.0,0.0,0.0,0.1273,0.0,0.0,157.0,0.6667,0.0,0.0012
expertqa_1810,chunk_mmr_160,chunk,mmr,0.0,0.0188,0.0,0.1695,1.0,0.2,153.0,0.2,0.0,0.042
expertqa_70,chunk_mmr_160,chunk,mmr,0.0,0.0299,0.0,0.2743,1.0,0.5,140.0,1.0,1.0,0.059
expertqa_543,chunk_mmr_160,chunk,mmr,0.0,0.0,0.0,0.1538,0.1282,0.25,156.0,1.0,1.0,0.0081
expertqa_897,chunk_mmr_160,chunk,mmr,0.0,0.0887,0.0,0.3571,1.0,0.4,154.0,0.6,0.0,0.1165
expertqa_1732,chunk_mmr_160,chunk,mmr,0.0,0.0583,0.0,0.3391,1.0,0.5,140.0,1.0,1.0,0.1183
expertqa_2030,chunk_mmr_160,chunk,mmr,0.0,0.0,0.0,0.3929,1.0,0.4,158.0,1.0,1.0,0.0019
expertqa_2027,chunk_mmr_160,chunk,mmr,0.0,0.0357,0.0,0.3488,1.0,0.3333,155.0,0.8333,0.0,0.0036
expertqa_226,chunk_mmr_160,chunk,mmr,0.0,0.012,0.0,0.1576,0.7799,0.75,159.0,0.75,0.0,0.1123
expertqa_690,chunk_mmr_160,chunk,mmr,0.0,0.0,0.0,0.3187,0.6,1.0,160.0,1.0,1.0,0.0112
expertqa_1660,chunk_mmr_160,chunk,mmr,0.0,0.0134,0.0,0.1667,0.0,0.0,149.0,0.1667,0.0,0.0013
expertqa_1155,chunk_mmr_160,chunk,mmr,0.0,0.0,0.0,0.1486,0.4177,0.3333,158.0,0.3333,0.0,0.6635
expertqa_584,chunk_mmr_160,chunk,mmr,0.0,0.0317,0.0,0.3068,1.0,0.5,160.0,0.75,0.0,0.2612
expertqa_787,chunk_mmr_160,chunk,mmr,0.0,0.0,0.0,0.2583,1.0,0.2857,147.0,0.7143,0.0,0.5097
expertqa_1686,chunk_mmr_160,chunk,mmr,0.0,0.0552,0.0,0.2151,0.5188,0.3333,160.0,1.0,1.0,0.2297
expertqa_1647,chunk_mmr_160,chunk,mmr,0.0,0.0,0.0,0.1724,0.0,0.0,157.0,0.0,0.0,0.0007
expertqa_1271,chunk_mmr_160,chunk,mmr,0.0,0.0,0.0,0.2231,0.4118,0.2,153.0,0.6,0.0,0.0078
expertqa_1579,chunk_mmr_160,chunk,mmr,0.0,0.0,0.0,0.2857,1.0,0.5,156.0,1.0,1.0,0.0024
expertqa_1651,chunk_mmr_160,chunk,mmr,0.0,0.1346,0.0,0.3378,1.0,0.6667,155.0,1.0,1.0,0.9812
expertqa_1409,chunk_mmr_160,chunk,mmr,0.0,0.0,0.0,0.2277,0.4557,0.25,158.0,0.25,0.0,0.0177
expertqa_1098,chunk_mmr_160,chunk,mmr,0.0,0.0,0.0,0.1549,0.404,0.25,151.0,0.5,0.0,0.0083
expertqa_1205,chunk_mmr_160,chunk,mmr,0.0,0.0237,0.0,0.1875,0.4313,0.1429,160.0,0.5714,0.0,0.973
expertqa_857,chunk_mmr_160,chunk,mmr,0.0,0.0,0.0,0.2821,1.0,0.4,145.0,1.0,1.0,0.003
expertqa_1156,chunk_mmr_160,chunk,mmr,0.0,0.0177,0.0,0.3253,1.0,0.5,160.0,0.75,0.0,0.002
expertqa_490,chunk_mmr_160,chunk,mmr,0.0,0.0,0.0,0.1923,0.2215,1.0,158.0,1.0,1.0,0.9502
expertqa_1948,chunk_mmr_160,chunk,mmr,0.0,0.0,0.0,0.1167,0.1111,0.3333,153.0,0.6667,0.0,0.0003
expertqa_2010,chunk_mmr_160,chunk,mmr,0.0,0.0,0.0,0.1345,0.5094,0.1111,159.0,0.2222,0.0,0.0161
expertqa_1456,chunk_mmr_160,chunk,mmr,0.0,0.04,0.0,0.15,0.0,0.0,160.0,1.0,1.0,0.0006
expertqa_206,chunk_mmr_160,chunk,mmr,0.0,0.0,0.0,0.1091,0.0,0.0,149.0,0.2222,0.0,0.0013
expertqa_1146,chunk_mmr_160,chunk,mmr,0.0,0.1354,0.0,0.303,1.0,1.0,159.0,1.0,1.0,0.952
expertqa_573,chunk_mmr_160,chunk,mmr,0.0,0.1569,0.0,0.2521,1.0,0.5,136.0,1.0,1.0,0.2539
expertqa_218,chunk_mmr_160,chunk,mmr,0.0,0.0885,0.0,0.3467,1.0,0.3333,155.0,0.6667,0.0,0.2256
expertqa_314,chunk_mmr_160,chunk,mmr,0.0,0.0171,0.0,0.1205,0.0,0.0,154.0,1.0,1.0,0.0011
expertqa_1580,chunk_mmr_160,chunk,mmr,0.0,0.0,0.0,0.4194,1.0,0.6667,143.0,1.0,1.0,0.0006
expertqa_1010,chunk_mmr_160,chunk,mmr,0.0,0.0,0.0,0.2885,0.3774,0.5,159.0,1.0,1.0,0.0031
expertqa_909,chunk_mmr_160,chunk,mmr,0.0,0.0284,0.0,0.31,1.0,0.5,157.0,0.75,0.0,0.0015
expertqa_1079,chunk_mmr_160,chunk,mmr,0.0,0.0336,0.0,0.3846,1.0,0.6667,155.0,1.0,1.0,0.0013
expertqa_1381,chunk_mmr_160,chunk,mmr,0.0,0.0,0.0,0.1791,0.0,0.0,146.0,0.3333,0.0,0.0012
expertqa_203,chunk_mmr_160,chunk,mmr,0.0,0.0,0.0,0.093,0.0,0.0,146.0,1.0,1.0,0.0009
expertqa_467,chunk_mmr_160,chunk,mmr,0.0,0.0261,0.0,0.2277,0.9625,0.5,160.0,1.0,1.0,0.002
expertqa_220,chunk_mmr_160,chunk,mmr,0.0,0.0,0.0,0.1538,0.0,0.0,153.0,1.0,1.0,0.0004
expertqa_1359,chunk_mmr_160,chunk,mmr,0.0,0.1022,0.0,0.2632,1.0,0.6667,156.0,1.0,1.0,0.0384
expertqa_1629,chunk_mmr_160,chunk,mmr,0.0,0.0465,0.0,0.427,1.0,0.5,155.0,1.0,1.0,0.4155
expertqa_1674,chunk_mmr_160,chunk,mmr,0.0,0.058,0.0,0.2034,0.5263,0.3333,152.0,0.6667,0.0,0.0077
expertqa_977,chunk_mmr_160,chunk,mmr,0.0,0.0,0.0,0.2553,0.0,0.0,160.0,1.0,1.0,0.0006
expertqa_922,chunk_mmr_160,chunk,mmr,0.0,0.0,0.0,0.3407,0.5,0.5,156.0,1.0,1.0,0.0962
expertqa_130,chunk_mmr_160,chunk,mmr,0.0,0.0438,0.0,0.2681,1.0,0.5,153.0,0.75,0.0,0.0042
expertqa_1774,chunk_mmr_160,chunk,mmr,0.0,0.0,0.0,0.2083,0.0,0.0,159.0,1.0,1.0,0.0002
expertqa_1806,chunk_mmr_160,chunk,mmr,0.0,0.0,0.0,0.4528,1.0,0.5,148.0,1.0,1.0,0.9106
expertqa_810,chunk_mmr_160,chunk,mmr,0.0,0.0,0.0,0.2667,0.0,0.0,159.0,1.0,1.0,0.0012
expertqa_1982,chunk_mmr_160,chunk,mmr,0.0,0.0,0.0,0.3158,1.0,0.5,159.0,1.0,1.0,0.0017
expertqa_55,chunk_mmr_160,chunk,mmr,0.0,0.0266,0.0,0.1951,1.0,0.1818,159.0,0.4545,0.0,0.0038
expertqa_378,chunk_mmr_160,chunk,mmr,0.0,0.0,0.0,0.2308,1.0,0.1667,137.0,0.8333,0.0,0.001
expertqa_493,chunk_mmr_160,chunk,mmr,0.0,0.1569,0.0,0.3824,0.3267,0.3333,150.0,1.0,1.0,0.0015
expertqa_150,chunk_mmr_160,chunk,mmr,0.0,0.0,0.0,0.1883,0.0,0.0,144.0,0.0,0.0,0.2941
expertqa_883,chunk_mmr_160,chunk,mmr,0.0,0.0,0.0,0.2273,1.0,0.4286,156.0,0.7143,0.0,0.0194
expertqa_1113,chunk_mmr_160,chunk,mmr,0.0,0.0297,0.0,0.3701,1.0,0.4,158.0,1.0,1.0,0.0011
expertqa_1631,chunk_mmr_160,chunk,mmr,0.0,0.0,0.0,0.232,0.5541,0.1429,157.0,0.1429,0.0,0.0607
expertqa_137,chunk_mmr_160,chunk,mmr,0.0,0.0,0.0,0.206,1.0,0.125,144.0,0.3125,0.0,0.0037
expertqa_648,chunk_mmr_160,chunk,mmr,0.0,0.0,0.0,0.6579,0.3873,1.0,142.0,1.0,1.0,0.0168
expertqa_42,chunk_mmr_160,chunk,mmr,0.0,0.0,0.0,0.1644,0.0,0.0,141.0,0.0,0.0,0.0003
expertqa_1789,chunk_mmr_160,chunk,mmr,0.0,0.0704,0.0,0.2069,1.0,0.25,143.0,0.75,0.0,0.1245
expertqa_200,chunk_mmr_160,chunk,mmr,0.0,0.0,0.0,0.1971,1.0,0.2727,157.0,0.3636,0.0,0.0035
expertqa_767,chunk_mmr_160,chunk,mmr,0.0,0.0094,0.0,0.1923,1.0,0.2222,155.0,0.5556,0.0,0.0044
expertqa_552,chunk_mmr_160,chunk,mmr,0.0,0.0684,0.0,0.2785,0.5526,0.3333,152.0,1.0,1.0,0.0005
expertqa_1625,chunk_mmr_160,chunk,mmr,0.0,0.0,0.0,0.2188,0.4286,0.25,154.0,0.75,0.0,0.0403
expertqa_1904,chunk_mmr_160,chunk,mmr,0.0,0.0,0.0,0.3707,1.0,0.6667,157.0,1.0,1.0,0.0009
expertqa_54,chunk_mmr_160,chunk,mmr,0.0,0.0167,0.0,0.358,1.0,0.6,160.0,0.8,0.0,0.0006
expertqa_382,chunk_mmr_160,chunk,mmr,0.0,0.023,0.0,0.2698,1.0,0.6,158.0,1.0,1.0,0.001
expertqa_954,chunk_mmr_160,chunk,mmr,0.0,0.0098,0.0,0.3788,1.0,0.6667,154.0,1.0,1.0,0.0339
expertqa_1866,chunk_mmr_160,chunk,mmr,0.0,0.0126,0.0,0.117,0.4313,0.125,160.0,0.375,0.0,0.0602
expertqa_1232,chunk_mmr_160,chunk,mmr,0.0,0.0,0.0,0.2,0.4145,0.3333,152.0,1.0,1.0,0.0015
expertqa_379,chunk_mmr_160,chunk,mmr,0.0,0.0,0.0,0.118,1.0,0.0909,148.0,0.1818,0.0,0.8167
expertqa_1374,chunk_mmr_160,chunk,mmr,0.0,0.0088,0.0,0.1759,0.0506,0.3333,158.0,0.6667,0.0,0.0011
expertqa_231,chunk_mmr_160,chunk,mmr,0.0,0.0,0.0,0.3846,1.0,1.0,155.0,1.0,1.0,0.0007
expertqa_85,chunk_mmr_160,chunk,mmr,0.0,0.0667,0.0,0.2143,0.0,0.0,160.0,1.0,1.0,0.0019
expertqa_1978,chunk_mmr_160,chunk,mmr,0.0,0.0513,0.0,0.2963,0.5897,1.0,156.0,1.0,1.0,0.0014
expertqa_669,chunk_mmr_160,chunk,mmr,0.0,0.0225,0.0,0.274,0.5613,0.2,155.0,0.4,0.0,0.001
expertqa_987,chunk_mmr_160,chunk,mmr,0.0,0.0,0.0,0.1532,1.0,0.2222,160.0,0.5556,0.0,0.8256
expertqa_927,chunk_mmr_160,chunk,mmr,0.0,0.0,0.0,0.234,0.5563,0.5,160.0,1.0,1.0,0.0014
expertqa_1682,chunk_mmr_160,chunk,mmr,0.0,0.0,0.0,0.2105,0.0,0.0,158.0,1.0,1.0,0.0042
expertqa_169,chunk_mmr_160,chunk,mmr,0.0,0.0,0.0,0.3,0.0,0.0,152.0,1.0,1.0,0.0008
expertqa_606,chunk_mmr_160,chunk,mmr,0.0,0.029,0.0,0.3196,1.0,1.0,155.0,1.0,1.0,0.2764
expertqa_1124,chunk_mmr_160,chunk,mmr,0.0,0.0753,0.0,0.2054,0.4,0.5,145.0,1.0,1.0,0.0004
expertqa_554,chunk_mmr_160,chunk,mmr,0.0,0.0,0.0,0.1875,0.0,0.0,157.0,1.0,1.0,0.0005
expertqa_1394,chunk_mmr_160,chunk,mmr,0.0,0.0693,0.0,0.2602,1.0,0.4,149.0,1.0,1.0,0.0067
expertqa_1611,chunk_mmr_160,chunk,mmr,0.0,0.0,0.0,0.3261,0.6218,0.3333,156.0,1.0,1.0,0.0068
expertqa_1110,chunk_mmr_160,chunk,mmr,0.0,0.0,0.0,0.1828,0.0,0.0,155.0,0.0,0.0,0.0029
expertqa_1015,chunk_mmr_160,chunk,mmr,0.0,0.0447,0.0,0.2525,1.0,0.25,158.0,0.625,0.0,0.001
expertqa_487,chunk_mmr_160,chunk,mmr,0.0,0.0187,0.0,0.1429,0.0,0.0,143.0,0.0,0.0,0.9556
expertqa_941,chunk_mmr_160,chunk,mmr,0.0,0.0,0.0,0.3472,1.0,1.0,157.0,1.0,1.0,0.123
expertqa_1160,chunk_mmr_160,chunk,mmr,0.0,0.0862,0.0,0.3529,1.0,0.3333,154.0,1.0,1.0,0.089
expertqa_1568,chunk_mmr_160,chunk,mmr,0.0,0.0141,0.0,0.1949,1.0,1.0,158.0,1.0,1.0,0.0123
expertqa_1273,chunk_mmr_160,chunk,mmr,0.0,0.0128,0.0,0.2617,1.0,0.6667,159.0,1.0,1.0,0.0117
expertqa_65,chunk_mmr_160,chunk,mmr,0.0,0.0216,0.0,0.2156,1.0,0.25,151.0,0.5,0.0,0.0035
expertqa_3,chunk_mmr_160,chunk,mmr,0.0,0.0143,0.0,0.1523,1.0,0.1818,155.0,0.4545,0.0,0.0382
expertqa_201,chunk_mmr_160,chunk,mmr,0.0,0.0372,0.0,0.189,1.0,0.1333,158.0,0.3333,0.0,0.087
expertqa_938,chunk_mmr_160,chunk,mmr,0.0,0.0342,0.0,0.631,1.0,0.6667,143.0,1.0,1.0,0.9519
expertqa_924,chunk_mmr_160,chunk,mmr,0.0,0.0,0.0,0.2093,0.0,0.0,157.0,1.0,1.0,0.0006
expertqa_376,chunk_mmr_160,chunk,mmr,0.0,0.0,0.0,0.2075,0.0,0.0,148.0,0.5,0.0,0.0009
expertqa_2014,chunk_mmr_160,chunk,mmr,0.0,0.0159,0.0,0.25,1.0,0.5,155.0,0.75,0.0,0.0104
expertqa_1569,chunk_mmr_160,chunk,mmr,0.0,0.0541,0.0,0.2826,1.0,0.3333,143.0,1.0,1.0,0.0025
expertqa_1276,chunk_mmr_160,chunk,mmr,0.0,0.0,0.0,0.3718,0.6115,0.25,157.0,1.0,1.0,0.0051
expertqa_1001,chunk_mmr_160,chunk,mmr,0.0,0.2424,0.0,0.3684,0.898,0.5,147.0,1.0,1.0,0.1309
expertqa_1031,chunk_mmr_160,chunk,mmr,0.0,0.0,0.0,0.1605,0.0,0.0,153.0,1.0,1.0,0.0022
expertqa_1998,chunk_mmr_160,chunk,mmr,0.0,0.0,0.0,0.2099,0.6519,0.25,158.0,0.25,0.0,0.0022
expertqa_1918,chunk_mmr_160,chunk,mmr,0.0,0.0,0.0,0.1161,0.0,0.0,156.0,1.0,1.0,0.0011
expertqa_1,chunk_mmr_160,chunk,mmr,0.0,0.0,0.0,0.2658,0.0,0.0,148.0,0.6667,0.0,0.0016
expertqa_926,chunk_mmr_160,chunk,mmr,0.0,0.0267,0.0,0.1562,0.0,0.0,157.0,0.25,0.0,0.0011
expertqa_912,chunk_mmr_160,chunk,mmr,0.0,0.0,0.0,0.1667,0.0,0.0,158.0,1.0,1.0,0.0005
expertqa_1105,chunk_mmr_160,chunk,mmr,0.0,0.0,0.0,0.1607,0.0,0.0,155.0,0.75,0.0,0.0003
expertqa_1595,chunk_mmr_160,chunk,mmr,0.0,0.046,0.0,0.4688,1.0,0.6667,157.0,1.0,1.0,0.4656
expertqa_572,chunk_mmr_160,chunk,mmr,0.0,0.0,0.0,0.32,1.0,0.6667,159.0,1.0,1.0,0.0019
expertqa_1193,chunk_mmr_160,chunk,mmr,0.0,0.0137,0.0,0.3158,1.0,0.3333,158.0,1.0,1.0,0.0067
expertqa_738,chunk_mmr_160,chunk,mmr,0.0,0.0,0.0,0.225,0.5436,0.2,149.0,0.2,0.0,0.0023
expertqa_61,chunk_mmr_160,chunk,mmr,0.0,0.0,0.0,0.1224,0.0,0.0,141.0,0.0,0.0,0.0367
expertqa_1382,chunk_mmr_160,chunk,mmr,0.0,0.0,0.0,0.3523,0.6169,0.3333,154.0,0.6667,0.0,0.0482
expertqa_1317,chunk_mmr_160,chunk,mmr,0.0,0.0,0.0,0.2,0.4351,0.25,154.0,0.25,0.0,0.0028
expertqa_31,chunk_mmr_160,chunk,mmr,0.0,0.0,0.0,0.15,0.7233,0.0769,159.0,0.0769,0.0,0.3412
expertqa_1813,chunk_mmr_160,chunk,mmr,0.0,0.1488,0.0,0.4302,1.0,1.0,155.0,1.0,1.0,0.0014
expertqa_1435,chunk_mmr_160,chunk,mmr,0.0,0.0476,0.0,0.4865,1.0,0.3333,148.0,1.0,1.0,0.0461
expertqa_943,chunk_mmr_160,chunk,mmr,0.0,0.0662,0.0,0.2065,0.604,0.5,149.0,1.0,1.0,0.145
expertqa_8,chunk_mmr_160,chunk,mmr,0.0,0.0,0.0,0.2963,0.0,0.0,158.0,1.0,1.0,0.0016
expertqa_873,chunk_mmr_160,chunk,mmr,0.0,0.0159,0.0,0.2778,1.0,0.4,148.0,0.6,0.0,0.0059
expertqa_1850,chunk_mmr_160,chunk,mmr,0.0,0.0,0.0,0.4314,0.4211,0.3333,152.0,1.0,1.0,0.0013
expertqa_705,chunk_mmr_160,chunk,mmr,0.0,0.0187,0.0,0.3973,1.0,0.6667,160.0,1.0,1.0,0.0172
expertqa_1731,chunk_mmr_160,chunk,mmr,0.0,0.0,0.0,0.1769,0.5597,0.3333,159.0,1.0,1.0,0.0019
expertqa_457,chunk_mmr_160,chunk,mmr,0.0,0.0865,0.0,0.2556,0.5267,0.3333,150.0,0.6667,0.0,0.0006
expertqa_636,chunk_mmr_160,chunk,mmr,0.0,0.0,0.0,0.1961,0.0,0.0,157.0,1.0,1.0,0.0012
expertqa_1197,chunk_mmr_160,chunk,mmr,0.0,0.0423,0.0,0.3125,0.0,0.0,153.0,1.0,1.0,0.0008
expertqa_614,chunk_mmr_160,chunk,mmr,0.0,0.1591,0.0,0.3519,0.5125,0.5,160.0,1.0,1.0,0.005
expertqa_1830,chunk_mmr_160,chunk,mmr,0.0,0.0446,0.0,0.3411,1.0,0.5,149.0,1.0,1.0,0.006
expertqa_354,chunk_mmr_160,chunk,mmr,0.0,0.0,0.0,0.1571,0.0,0.0,158.0,1.0,1.0,0.0006
expertqa_595,chunk_mmr_160,chunk,mmr,0.0,0.0359,0.0,0.22,0.5924,0.3333,157.0,0.3333,0.0,0.0018
expertqa_63,chunk_mmr_160,chunk,mmr,0.0,0.0,0.0,0.1818,0.0,0.0,159.0,0.5,0.0,0.1996
expertqa_1115,chunk_mmr_160,chunk,mmr,0.0,0.0,0.0,0.2212,0.0,0.0,155.0,0.75,0.0,0.0004
expertqa_1041,chunk_mmr_160,chunk,mmr,0.0,0.0192,0.0,0.2246,1.0,0.4,148.0,1.0,1.0,0.9687
expertqa_442,chunk_mmr_160,chunk,mmr,0.0,0.0,0.0,0.2923,0.3904,1.0,146.0,1.0,1.0,0.0007
expertqa_1650,chunk_mmr_160,chunk,mmr,0.0,0.0,0.0,0.1892,0.0,0.0,157.0,1.0,1.0,0.0124
expertqa_1268,chunk_mmr_160,chunk,mmr,0.0,0.0,0.0,0.2326,1.0,0.6667,159.0,1.0,1.0,0.0008
expertqa_865,chunk_mmr_160,chunk,mmr,0.0,0.0,0.0,0.193,1.0,0.5,152.0,0.75,0.0,0.0004
expertqa_1968,chunk_mmr_160,chunk,mmr,0.0,0.0098,0.0,0.1684,1.0,0.1818,153.0,0.3636,0.0,0.0028
expertqa_36,chunk_mmr_160,chunk,mmr,0.0,0.0451,0.0,0.3556,1.0,0.5,154.0,1.0,1.0,0.0004
expertqa_1510,chunk_mmr_160,chunk,mmr,0.0,0.0,0.0,0.2541,1.0,0.25,159.0,0.625,0.0,0.0168
expertqa_1241,chunk_mmr_160,chunk,mmr,0.0,0.0,0.0,0.1912,0.0,0.0,159.0,1.0,1.0,0.0005
expertqa_1913,chunk_mmr_160,chunk,mmr,0.0,0.2,0.0,0.25,1.0,0.3333,150.0,1.0,1.0,0.0054
expertqa_4,chunk_mmr_160,chunk,mmr,0.0,0.0,0.0,0.2891,1.0,0.5,155.0,1.0,1.0,0.6866
expertqa_1414,chunk_mmr_160,chunk,mmr,0.0,0.0,0.0,0.1263,0.732,0.3333,153.0,1.0,1.0,0.1041
expertqa_882,chunk_mmr_160,chunk,mmr,0.0,0.0,0.0,0.2414,0.4258,0.3333,155.0,1.0,1.0,0.7039
expertqa_855,chunk_mmr_160,chunk,mmr,0.0,0.0,0.0,0.2833,0.5364,0.5,151.0,0.5,0.0,0.0425
expertqa_270,chunk_mmr_160,chunk,mmr,0.0,0.0,0.0,0.2469,0.6144,0.3333,153.0,1.0,1.0,0.001
expertqa_114,chunk_mmr_160,chunk,mmr,0.0,0.0,0.0,0.1838,1.0,0.3333,159.0,0.5,0.0,0.0002
expertqa_95,chunk_mmr_160,chunk,mmr,0.0,0.0,0.0,0.1333,0.0,0.0,152.0,1.0,1.0,0.0005
expertqa_167,chunk_mmr_160,chunk,mmr,0.0,0.0351,0.0,0.2517,1.0,0.5,151.0,1.0,1.0,0.9106
expertqa_702,chunk_mmr_160,chunk,mmr,0.0,0.0,0.0,0.2432,0.0705,0.3333,156.0,1.0,1.0,0.0003
expertqa_1641,chunk_mmr_160,chunk,mmr,0.0,0.0,0.0,0.5088,0.6352,0.5,159.0,1.0,1.0,0.0012
expertqa_783,chunk_mmr_160,chunk,mmr,0.0,0.0,0.0,0.1333,0.0,0.0,160.0,1.0,1.0,0.0038
expertqa_1116,chunk_mmr_160,chunk,mmr,0.0,0.0,0.0,0.2897,1.0,0.6667,151.0,1.0,1.0,0.7601
expertqa_816,chunk_mmr_160,chunk,mmr,0.0,0.0,0.0,0.3906,1.0,0.6667,158.0,1.0,1.0,0.0067
expertqa_1191,chunk_mmr_160,chunk,mmr,0.0,0.0,0.0,0.2586,1.0,0.5,157.0,0.75,0.0,0.0028
expertqa_1581,chunk_mmr_160,chunk,mmr,0.0,0.0198,0.0,0.2295,1.0,0.2222,142.0,0.5556,0.0,0.0038
expertqa_1486,chunk_mmr_160,chunk,mmr,0.0,0.1481,0.0,0.4578,1.0,0.4,157.0,0.6,0.0,0.0544
expertqa_1081,chunk_submod_160,chunk,submod,0.0,0.0979,0.0,0.3571,0.8497,1.0,153.0,1.0,1.0,0.2088
expertqa_393,chunk_submod_160,chunk,submod,0.0,0.0164,0.0,0.5125,0.4412,0.5,136.0,1.0,1.0,0.064
expertqa_1162,chunk_submod_160,chunk,submod,0.0,0.0732,0.0,0.3,0.3427,0.3333,143.0,0.6667,0.0,0.0004
expertqa_1860,chunk_submod_160,chunk,submod,0.0,0.0,0.0,0.2754,0.3875,0.5,160.0,0.5,0.0,0.6469
expertqa_1460,chunk_submod_160,chunk,submod,0.0,0.0659,0.0,0.2812,0.4129,0.5,155.0,1.0,1.0,0.0008
expertqa_2021,chunk_submod_160,chunk,submod,0.0,0.0483,0.0,0.1941,1.0,0.6,105.0,1.0,1.0,0.525
expertqa_116,chunk_submod_160,chunk,submod,0.0,0.0,0.0,0.2394,0.8854,0.75,157.0,0.75,0.0,0.0007
expertqa_725,chunk_submod_160,chunk,submod,0.0,0.2293,0.0,0.3708,1.0,0.6,123.0,1.0,1.0,0.0218
expertqa_422,chunk_submod_160,chunk,submod,0.0,0.2192,0.0,0.4884,1.0,0.6667,155.0,1.0,1.0,0.004
expertqa_809,chunk_submod_160,chunk,submod,0.0,0.0,0.0,0.3636,0.3,0.5,160.0,1.0,1.0,0.6287
expertqa_251,chunk_submod_160,chunk,submod,0.0,0.0652,0.0,0.3099,0.8015,0.75,131.0,0.75,0.0,0.1644
expertqa_67,chunk_submod_160,chunk,submod,0.0,0.0,0.0,0.3333,0.8367,1.0,147.0,1.0,1.0,0.0224
expertqa_1471,chunk_submod_160,chunk,submod,0.0,0.0,0.0,0.28,0.102,0.3333,147.0,0.6667,0.0,0.0003
expertqa_1452,chunk_submod_160,chunk,submod,0.0,0.0,0.0,0.2262,0.7067,0.6667,150.0,1.0,1.0,0.0063
expertqa_1368,chunk_submod_160,chunk,submod,0.0,0.0,0.0,0.2243,0.7484,0.3333,159.0,0.4444,0.0,0.008
expertqa_154,chunk_submod_160,chunk,submod,0.0,0.0327,0.0,0.2342,0.0,0.0,155.0,0.3333,0.0,0.1626
expertqa_60,chunk_submod_160,chunk,submod,0.0,0.0,0.0,0.1333,1.0,0.2,147.0,0.3333,0.0,0.0136
expertqa_1034,chunk_submod_160,chunk,submod,0.0,0.0,0.0,0.1733,0.2532,0.2,154.0,0.6,0.0,0.0009
expertqa_1401,chunk_submod_160,chunk,submod,0.0,0.0,0.0,0.2162,0.0,0.0,159.0,1.0,1.0,0.0752
expertqa_1974,chunk_submod_160,chunk,submod,0.0,0.0,0.0,0.4096,1.0,1.0,152.0,1.0,1.0,0.9006
expertqa_494,chunk_submod_160,chunk,submod,0.0,0.0923,0.0,0.4444,0.1757,0.5,148.0,0.5,0.0,0.0051
expertqa_740,chunk_submod_160,chunk,submod,0.0,0.0241,0.0,0.2524,0.7152,1.0,158.0,1.0,1.0,0.0003
expertqa_1027,chunk_submod_160,chunk,submod,0.0,0.0615,0.0,0.2162,0.8514,1.0,148.0,1.0,1.0,0.0007
expertqa_1661,chunk_submod_160,chunk,submod,0.0,0.0154,0.0,0.2235,0.3841,1.0,138.0,1.0,1.0,0.0116
expertqa_822,chunk_submod_160,chunk,submod,0.0,0.0,0.0,0.25,0.4221,0.6667,154.0,0.6667,0.0,0.0004
expertqa_533,chunk_submod_160,chunk,submod,0.0,0.0267,0.0,0.3707,1.0,0.8,150.0,1.0,1.0,0.0165
expertqa_1047,chunk_submod_160,chunk,submod,0.0,0.0,0.0,0.413,0.7634,1.0,131.0,1.0,1.0,0.0448
expertqa_168,chunk_submod_160,chunk,submod,0.0,0.0143,0.0,0.219,1.0,0.2308,159.0,0.3846,0.0,0.0074
expertqa_1996,chunk_submod_160,chunk,submod,0.0,0.0353,0.0,0.3871,1.0,0.5,150.0,0.625,0.0,0.1404
expertqa_1872,chunk_submod_160,chunk,submod,0.0,0.2075,0.0,0.3378,0.3481,1.0,158.0,1.0,1.0,0.0009
expertqa_1090,chunk_submod_160,chunk,submod,0.0,0.12,0.0,0.4098,1.0,0.8,158.0,0.8,0.0,0.0165
expertqa_86,chunk_submod_160,chunk,submod,0.0,0.0,0.0,0.2388,0.3063,0.5,160.0,1.0,1.0,0.004
expertqa_589,chunk_submod_160,chunk,submod,0.0,0.0825,0.0,0.2687,0.519,1.0,158.0,1.0,1.0,0.9882
expertqa_1237,chunk_submod_160,chunk,submod,0.0,0.0,0.0,0.2769,1.0,0.6667,147.0,1.0,1.0,0.0013
expertqa_1792,chunk_submod_160,chunk,submod,0.0,0.0,0.0,0.2115,0.3642,0.5,151.0,0.5,0.0,0.0002
expertqa_1821,chunk_submod_160,chunk,submod,0.0,0.0641,0.0,0.3402,1.0,0.75,137.0,1.0,1.0,0.4204
expertqa_409,chunk_submod_160,chunk,submod,0.0,0.0,0.0,0.3214,0.6991,0.3333,113.0,1.0,1.0,0.0034
expertqa_728,chunk_submod_160,chunk,submod,0.0,0.0345,0.0,0.2317,0.5166,0.5,151.0,0.5,0.0,0.0004
expertqa_66,chunk_submod_160,chunk,submod,0.0,0.0105,0.0,0.1602,0.5878,0.375,148.0,0.5,0.0,0.0013
expertqa_944,chunk_submod_160,chunk,submod,0.0,0.0737,0.0,0.2015,0.8264,0.75,144.0,1.0,1.0,0.0187
expertqa_1407,chunk_submod_160,chunk,submod,0.0,0.0,0.0,0.325,0.6395,1.0,147.0,1.0,1.0,0.0022
expertqa_1886,chunk_submod_160,chunk,submod,0.0,0.0,0.0,0.3818,0.6795,0.6667,156.0,0.6667,0.0,0.0015
expertqa_1810,chunk_submod_160,chunk,submod,0.0,0.0188,0.0,0.1695,0.2897,0.1,145.0,0.2,0.0,0.004
expertqa_70,chunk_submod_160,chunk,submod,0.0,0.0198,0.0,0.2566,1.0,0.5,123.0,1.0,1.0,0.6073
expertqa_543,chunk_submod_160,chunk,submod,0.0,0.0,0.0,0.3077,1.0,0.75,156.0,1.0,1.0,0.0009
expertqa_897,chunk_submod_160,chunk,submod,0.0,0.0205,0.0,0.3571,0.869,0.4,145.0,0.6,0.0,0.0188
expertqa_1732,chunk_submod_160,chunk,submod,0.0,0.0294,0.0,0.1913,0.5753,1.0,146.0,1.0,1.0,0.0035
expertqa_2030,chunk_submod_160,chunk,submod,0.0,0.0,0.0,0.3095,1.0,0.8,160.0,1.0,1.0,0.0021
expertqa_2027,chunk_submod_160,chunk,submod,0.0,0.018,0.0,0.2326,1.0,0.5,125.0,0.8333,0.0,0.0009
expertqa_226,chunk_submod_160,chunk,submod,0.0,0.0409,0.0,0.1773,0.7667,0.75,150.0,0.75,0.0,0.1057
expertqa_690,chunk_submod_160,chunk,submod,0.0,0.0,0.0,0.3077,0.5,1.0,156.0,1.0,1.0,0.0029
expertqa_1660,chunk_submod_160,chunk,submod,0.0,0.0263,0.0,0.1961,0.2215,0.1667,158.0,0.1667,0.0,0.0012
expertqa_1155,chunk_submod_160,chunk,submod,0.0,0.1525,0.0,0.1892,0.3786,0.3333,140.0,0.3333,0.0,0.0025
expertqa_584,chunk_submod_160,chunk,submod,0.0,0.0317,0.0,0.2841,0.4873,0.5,158.0,0.75,0.0,0.0082
expertqa_787,chunk_submod_160,chunk,submod,0.0,0.0935,0.0,0.275,1.0,0.4286,160.0,0.7143,0.0,0.358
expertqa_1686,chunk_submod_160,chunk,submod,0.0,0.0726,0.0,0.2312,0.8239,0.6667,159.0,1.0,1.0,0.013
expertqa_1647,chunk_submod_160,chunk,submod,0.0,0.0,0.0,0.1552,0.0,0.0,146.0,0.0,0.0,0.0005
expertqa_1271,chunk_submod_160,chunk,submod,0.0,0.0,0.0,0.2077,0.8278,0.6,151.0,0.6,0.0,0.0017
expertqa_1579,chunk_submod_160,chunk,submod,0.0,0.0,0.0,0.3968,1.0,0.75,139.0,1.0,1.0,0.0035
expertqa_1651,chunk_submod_160,chunk,submod,0.0,0.0777,0.0,0.2703,0.6329,1.0,158.0,1.0,1.0,0.0009
expertqa_1409,chunk_submod_160,chunk,submod,0.0,0.0,0.0,0.1881,0.3125,0.25,144.0,0.25,0.0,0.0106
expertqa_1098,chunk_submod_160,chunk,submod,0.0,0.0,0.0,0.169,0.6376,0.5,149.0,0.5,0.0,0.0006
expertqa_1205,chunk_submod_160,chunk,submod,0.0,0.0237,0.0,0.225,1.0,0.4286,158.0,0.5714,0.0,0.473
expertqa_857,chunk_submod_160,chunk,submod,0.0,0.0,0.0,0.2692,1.0,0.8,141.0,1.0,1.0,0.0004
expertqa_1156,chunk_submod_160,chunk,submod,0.0,0.0678,0.0,0.2289,0.8028,0.5,142.0,0.75,0.0,0.0025
expertqa_490,chunk_submod_160,chunk,submod,0.0,0.0195,0.0,0.1987,0.5912,1.0,137.0,1.0,1.0,0.0133
expertqa_1948,chunk_submod_160,chunk,submod,0.0,0.0,0.0,0.1667,0.5088,0.3333,114.0,0.6667,0.0,0.0004
expertqa_2010,chunk_submod_160,chunk,submod,0.0,0.0,0.0,0.1429,0.6338,0.1111,142.0,0.2222,0.0,0.0014
expertqa_1456,chunk_submod_160,chunk,submod,0.0,0.0,0.0,0.35,0.5161,1.0,155.0,1.0,1.0,0.0004
expertqa_206,chunk_submod_160,chunk,submod,0.0,0.0,0.0,0.2242,0.7233,0.1111,159.0,0.2222,0.0,0.0016
expertqa_1146,chunk_submod_160,chunk,submod,0.0,0.024,0.0,0.3232,0.2938,1.0,160.0,1.0,1.0,0.5759
expertqa_573,chunk_submod_160,chunk,submod,0.0,0.0615,0.0,0.2437,1.0,0.5,136.0,1.0,1.0,0.7564
expertqa_218,chunk_submod_160,chunk,submod,0.0,0.0885,0.0,0.36,1.0,0.5,156.0,0.6667,0.0,0.2312
expertqa_314,chunk_submod_160,chunk,submod,0.0,0.0,0.0,0.1446,0.8039,1.0,153.0,1.0,1.0,0.001
expertqa_1580,chunk_submod_160,chunk,submod,0.0,0.0,0.0,0.4624,0.6443,0.6667,149.0,1.0,1.0,0.9057
expertqa_1010,chunk_submod_160,chunk,submod,0.0,0.0745,0.0,0.2692,0.5125,0.5,160.0,1.0,1.0,0.0012
expertqa_909,chunk_submod_160,chunk,submod,0.0,0.0972,0.0,0.25,1.0,0.75,145.0,0.75,0.0,0.0008
expertqa_1079,chunk_submod_160,chunk,submod,0.0,0.0,0.0,0.2564,0.6857,1.0,140.0,1.0,1.0,0.0005
expertqa_1381,chunk_submod_160,chunk,submod,0.0,0.0545,0.0,0.2687,0.6478,0.3333,159.0,0.3333,0.0,0.0013
expertqa_203,chunk_submod_160,chunk,submod,0.0,0.032,0.0,0.2326,0.5584,0.75,154.0,1.0,1.0,0.0004
expertqa_467,chunk_submod_160,chunk,submod,0.0,0.0261,0.0,0.2277,0.9589,1.0,146.0,1.0,1.0,0.0035
expertqa_220,chunk_submod_160,chunk,submod,0.0,0.2182,0.0,0.5385,0.443,1.0,158.0,1.0,1.0,0.0006
expertqa_1359,chunk_submod_160,chunk,submod,0.0,0.08,0.0,0.2842,0.7383,0.6667,149.0,1.0,1.0,0.0015
expertqa_1629,chunk_submod_160,chunk,submod,0.0,0.0118,0.0,0.3708,1.0,0.75,136.0,1.0,1.0,0.0103
expertqa_1674,chunk_submod_160,chunk,submod,0.0,0.058,0.0,0.1356,0.4286,0.3333,147.0,0.6667,0.0,0.0024
expertqa_977,chunk_submod_160,chunk,submod,0.0,0.0,0.0,0.3617,0.2803,1.0,157.0,1.0,1.0,0.0003
expertqa_922,chunk_submod_160,chunk,submod,0.0,0.0,0.0,0.2967,0.4323,0.5,155.0,1.0,1.0,0.0022
expertqa_130,chunk_submod_160,chunk,submod,0.0,0.0,0.0,0.1957,0.5364,0.75,151.0,0.75,0.0,0.0056
expertqa_1774,chunk_submod_160,chunk,submod,0.0,0.0,0.0,0.1458,0.218,0.5,133.0,1.0,1.0,0.0004
expertqa_1806,chunk_submod_160,chunk,submod,0.0,0.0234,0.0,0.3679,1.0,1.0,146.0,1.0,1.0,0.5646
expertqa_810,chunk_submod_160,chunk,submod,0.0,0.0198,0.0,0.2667,0.271,1.0,155.0,1.0,1.0,0.0003
expertqa_1982,chunk_submod_160,chunk,submod,0.0,0.0,0.0,0.3026,0.7095,0.5,148.0,1.0,1.0,0.0006
expertqa_55,chunk_submod_160,chunk,submod,0.0,0.0,0.0,0.189,1.0,0.3636,159.0,0.4545,0.0,0.0014
expertqa_378,chunk_submod_160,chunk,submod,0.0,0.0,0.0,0.2692,1.0,0.3333,159.0,0.8333,0.0,0.0007
expertqa_493,chunk_submod_160,chunk,submod,0.0,0.1224,0.0,0.3529,0.6392,0.6667,158.0,1.0,1.0,0.0115
expertqa_150,chunk_submod_160,chunk,submod,0.0,0.0,0.0,0.1558,0.0,0.0,135.0,0.0,0.0,0.9698
expertqa_883,chunk_submod_160,chunk,submod,0.0,0.0,0.0,0.2424,1.0,0.5714,158.0,0.7143,0.0,0.6564
expertqa_1113,chunk_submod_160,chunk,submod,0.0,0.0493,0.0,0.2756,1.0,0.6,160.0,1.0,1.0,0.0076
expertqa_1631,chunk_submod_160,chunk,submod,0.0,0.0558,0.0,0.224,0.0,0.0,151.0,0.1429,0.0,0.0102
expertqa_137,chunk_submod_160,chunk,submod,0.0,0.0055,0.0,0.1809,1.0,0.1875,152.0,0.3125,0.0,0.3803
expertqa_648,chunk_submod_160,chunk,submod,0.0,0.4074,0.0,0.5263,0.3846,1.0,156.0,1.0,1.0,0.0004
expertqa_42,chunk_submod_160,chunk,submod,0.0,0.0,0.0,0.1781,0.0,0.0,156.0,0.0,0.0,0.0004
expertqa_1789,chunk_submod_160,chunk,submod,0.0,0.1358,0.0,0.2644,0.6883,0.5,154.0,0.75,0.0,0.0067
expertqa_200,chunk_submod_160,chunk,submod,0.0,0.0,0.0,0.2263,0.7188,0.1818,160.0,0.3636,0.0,0.0262
expertqa_767,chunk_submod_160,chunk,submod,0.0,0.0,0.0,0.2231,1.0,0.5556,157.0,0.5556,0.0,0.08
expertqa_552,chunk_submod_160,chunk,submod,0.0,0.0526,0.0,0.3165,0.7677,0.3333,155.0,1.0,1.0,0.0005
expertqa_1625,chunk_submod_160,chunk,submod,0.0,0.0,0.0,0.375,0.7462,0.75,130.0,0.75,0.0,0.003
expertqa_1904,chunk_submod_160,chunk,submod,0.0,0.0,0.0,0.2328,0.4028,0.3333,144.0,1.0,1.0,0.0015
expertqa_54,chunk_submod_160,chunk,submod,0.0,0.0165,0.0,0.2716,0.8766,0.6,154.0,0.8,0.0,0.0021
expertqa_382,chunk_submod_160,chunk,submod,0.0,0.046,0.0,0.2698,1.0,1.0,158.0,1.0,1.0,0.0003
expertqa_954,chunk_submod_160,chunk,submod,0.0,0.0,0.0,0.303,0.8291,1.0,158.0,1.0,1.0,0.1001
expertqa_1866,chunk_submod_160,chunk,submod,0.0,0.0,0.0,0.152,0.7984,0.25,129.0,0.375,0.0,0.5764
expertqa_1232,chunk_submod_160,chunk,submod,0.0,0.0,0.0,0.25,0.6226,0.6667,159.0,1.0,1.0,0.0033
expertqa_379,chunk_submod_160,chunk,submod,0.0,0.0,0.0,0.1925,0.4522,0.1818,157.0,0.1818,0.0,0.0076
expertqa_1374,chunk_submod_160,chunk,submod,0.0,0.0797,0.0,0.1667,0.5253,0.6667,158.0,0.6667,0.0,0.0021
expertqa_231,chunk_submod_160,chunk,submod,0.0,0.0,0.0,0.5128,0.7552,1.0,143.0,1.0,1.0,0.0013
expertqa_85,chunk_submod_160,chunk,submod,0.0,0.0667,0.0,0.2143,0.5894,1.0,151.0,1.0,1.0,0.0004
expertqa_1978,chunk_submod_160,chunk,submod,0.0,0.0,0.0,0.2963,0.586,1.0,157.0,1.0,1.0,0.002
expertqa_669,chunk_submod_160,chunk,submod,0.0,0.0227,0.0,0.274,0.6759,0.4,145.0,0.4,0.0,0.0015
expertqa_987,chunk_submod_160,chunk,submod,0.0,0.0084,0.0,0.2016,1.0,0.4444,140.0,0.5556,0.0,0.8569
expertqa_927,chunk_submod_160,chunk,submod,0.0,0.0,0.0,0.1702,0.6013,1.0,158.0,1.0,1.0,0.0005
expertqa_1682,chunk_submod_160,chunk,submod,0.0,0.0,0.0,0.2807,0.7651,0.6667,149.0,1.0,1.0,0.0009
expertqa_169,chunk_submod_160,chunk,submod,0.0,0.0,0.0,0.4,0.7067,1.0,150.0,1.0,1.0,0.0004
expertqa_606,chunk_submod_160,chunk,submod,0.0,0.0709,0.0,0.3196,1.0,1.0,139.0,1.0,1.0,0.1793
expertqa_1124,chunk_submod_160,chunk,submod,0.0,0.1134,0.0,0.2321,1.0,1.0,155.0,1.0,1.0,0.0003
expertqa_554,chunk_submod_160,chunk,submod,0.0,0.0,0.0,0.1875,0.0,0.0,152.0,1.0,1.0,0.0006
expertqa_1394,chunk_submod_160,chunk,submod,0.0,0.0495,0.0,0.2846,1.0,0.6,141.0,1.0,1.0,0.02
expertqa_1611,chunk_submod_160,chunk,submod,0.0,0.0,0.0,0.2174,0.6821,0.6667,151.0,1.0,1.0,0.1828
expertqa_1110,chunk_submod_160,chunk,submod,0.0,0.0146,0.0,0.2043,0.0,0.0,139.0,0.0,0.0,0.0032
expertqa_1015,chunk_submod_160,chunk,submod,0.0,0.0556,0.0,0.303,1.0,0.5,149.0,0.625,0.0,0.0322
expertqa_487,chunk_submod_160,chunk,submod,0.0,0.0,0.0,0.1508,0.0,0.0,137.0,0.0,0.0,0.8549
expertqa_941,chunk_submod_160,chunk,submod,0.0,0.0,0.0,0.3333,0.6943,1.0,157.0,1.0,1.0,0.726
expertqa_1160,chunk_submod_160,chunk,submod,0.0,0.2308,0.0,0.3294,0.838,0.6667,142.0,1.0,1.0,0.195
expertqa_1568,chunk_submod_160,chunk,submod,0.0,0.0141,0.0,0.1271,0.4928,0.5,138.0,1.0,1.0,0.0025
expertqa_1273,chunk_submod_160,chunk,submod,0.0,0.0,0.0,0.1215,0.3664,0.3333,131.0,1.0,1.0,0.001
expertqa_65,chunk_submod_160,chunk,submod,0.0,0.0772,0.0,0.1737,0.662,0.375,142.0,0.5,0.0,0.0028
expertqa_3,chunk_submod_160,chunk,submod,0.0,0.0,0.0,0.1258,1.0,0.4545,150.0,0.4545,0.0,0.0003
expertqa_201,chunk_submod_160,chunk,submod,0.0,0.0319,0.0,0.2378,1.0,0.2667,147.0,0.3333,0.0,0.1879
expertqa_938,chunk_submod_160,chunk,submod,0.0,0.2074,0.0,0.4524,1.0,1.0,158.0,1.0,1.0,0.0034
expertqa_924,chunk_submod_160,chunk,submod,0.0,0.0,0.0,0.3488,0.7857,0.6667,154.0,1.0,1.0,0.0003
expertqa_376,chunk_submod_160,chunk,submod,0.0,0.0,0.0,0.2453,0.6573,0.5,143.0,0.5,0.0,0.0008
expertqa_2014,chunk_submod_160,chunk,submod,0.0,0.0159,0.0,0.3194,0.7483,0.5,143.0,0.75,0.0,0.0318
expertqa_1569,chunk_submod_160,chunk,submod,0.0,0.0,0.0,0.3478,1.0,0.6667,149.0,1.0,1.0,0.0394
expertqa_1276,chunk_submod_160,chunk,submod,0.0,0.0,0.0,0.2949,0.6471,0.75,153.0,1.0,1.0,0.0016
expertqa_1001,chunk_submod_160,chunk,submod,0.0,0.1455,0.0,0.3158,0.8235,0.5,85.0,1.0,1.0,0.004
expertqa_1031,chunk_submod_160,chunk,submod,0.0,0.0611,0.0,0.2346,0.7847,1.0,144.0,1.0,1.0,0.0007
expertqa_1998,chunk_submod_160,chunk,submod,0.0,0.0,0.0,0.1235,0.4,0.25,125.0,0.25,0.0,0.003
expertqa_1918,chunk_submod_160,chunk,submod,0.0,0.0,0.0,0.1097,0.0,0.0,130.0,1.0,1.0,0.0016
expertqa_1,chunk_submod_160,chunk,submod,0.0,0.1034,0.0,0.3418,0.6438,0.6667,146.0,0.6667,0.0,0.0005
expertqa_926,chunk_submod_160,chunk,submod,0.0,0.0,0.0,0.3125,0.0,0.0,160.0,0.25,0.0,0.0014
expertqa_912,chunk_submod_160,chunk,submod,0.0,0.0,0.0,0.2037,0.2836,0.5,134.0,1.0,1.0,0.0021
expertqa_1105,chunk_submod_160,chunk,submod,0.0,0.0,0.0,0.3571,0.9067,0.5,150.0,0.75,0.0,0.0006
expertqa_1595,chunk_submod_160,chunk,submod,0.0,0.0465,0.0,0.4062,0.7386,0.6667,153.0,1.0,1.0,0.0009
expertqa_572,chunk_submod_160,chunk,submod,0.0,0.119,0.0,0.18,0.6474,0.6667,156.0,1.0,1.0,0.0008
expertqa_1193,chunk_submod_160,chunk,submod,0.0,0.0,0.0,0.2842,0.5686,1.0,153.0,1.0,1.0,0.0012
expertqa_738,chunk_submod_160,chunk,submod,0.0,0.0,0.0,0.1667,0.4296,0.2,142.0,0.2,0.0,0.0198
expertqa_61,chunk_submod_160,chunk,submod,0.0,0.0,0.0,0.0663,0.0,0.0,157.0,0.0,0.0,0.0028
expertqa_1382,chunk_submod_160,chunk,submod,0.0,0.0625,0.0,0.2386,0.15,0.3333,160.0,0.6667,0.0,0.0015
expertqa_1317,chunk_submod_160,chunk,submod,0.0,0.0,0.0,0.16,0.4823,0.25,141.0,0.25,0.0,0.0015
expertqa_31,chunk_submod_160,chunk,submod,0.0,0.0074,0.0,0.1688,0.3677,0.0769,155.0,0.0769,0.0,0.227
expertqa_1813,chunk_submod_160,chunk,submod,0.0,0.0,0.0,0.2093,0.6181,1.0,144.0,1.0,1.0,0.0004
expertqa_1435,chunk_submod_160,chunk,submod,0.0,0.1364,0.0,0.5405,1.0,1.0,134.0,1.0,1.0,0.0007
expertqa_943,chunk_submod_160,chunk,submod,0.0,0.0662,0.0,0.2065,0.7421,1.0,159.0,1.0,1.0,0.0015
expertqa_8,chunk_submod_160,chunk,submod,0.0,0.0556,0.0,0.3519,0.4648,1.0,142.0,1.0,1.0,0.0033
expertqa_873,chunk_submod_160,chunk,submod,0.0,0.0159,0.0,0.2556,1.0,0.4,140.0,0.6,0.0,0.0034
expertqa_1850,chunk_submod_160,chunk,submod,0.0,0.0,0.0,0.4118,0.671,1.0,155.0,1.0,1.0,0.0032
expertqa_705,chunk_submod_160,chunk,submod,0.0,0.0189,0.0,0.3151,0.4656,0.3333,131.0,1.0,1.0,0.0005
expertqa_1731,chunk_submod_160,chunk,submod,0.0,0.0,0.0,0.2517,0.6731,0.6667,156.0,1.0,1.0,0.0317
expertqa_457,chunk_submod_160,chunk,submod,0.0,0.0101,0.0,0.1729,0.4577,0.6667,142.0,0.6667,0.0,0.0015
expertqa_636,chunk_submod_160,chunk,submod,0.0,0.0857,0.0,0.4706,0.7279,0.5,147.0,1.0,1.0,0.0043
expertqa_1197,chunk_submod_160,chunk,submod,0.0,0.15,0.0,0.475,0.4545,1.0,154.0,1.0,1.0,0.0008
expertqa_614,chunk_submod_160,chunk,submod,0.0,0.0,0.0,0.2963,0.4654,0.5,159.0,1.0,1.0,0.0021
expertqa_1830,chunk_submod_160,chunk,submod,0.0,0.0444,0.0,0.3488,1.0,0.75,156.0,1.0,1.0,0.0104
expertqa_354,chunk_submod_160,chunk,submod,0.0,0.0,0.0,0.3429,0.5157,0.5,159.0,1.0,1.0,0.0009
expertqa_595,chunk_submod_160,chunk,submod,0.0,0.0121,0.0,0.18,0.5346,0.1667,159.0,0.3333,0.0,0.001
expertqa_63,chunk_submod_160,chunk,submod,0.0,0.0,0.0,0.1364,0.6765,0.3333,136.0,0.5,0.0,0.1551
expertqa_1115,chunk_submod_160,chunk,submod,0.0,0.0,0.0,0.1827,0.3881,0.5,134.0,0.75,0.0,0.0003
expertqa_1041,chunk_submod_160,chunk,submod,0.0,0.0193,0.0,0.3116,1.0,0.6,160.0,1.0,1.0,0.9903
expertqa_442,chunk_submod_160,chunk,submod,0.0,0.0,0.0,0.2462,0.1833,1.0,120.0,1.0,1.0,0.0023
expertqa_1650,chunk_submod_160,chunk,submod,0.0,0.1176,0.0,0.3243,1.0,0.6667,153.0,1.0,1.0,0.0022
expertqa_1268,chunk_submod_160,chunk,submod,0.0,0.0305,0.0,0.314,0.8503,0.6667,147.0,1.0,1.0,0.0005
expertqa_865,chunk_submod_160,chunk,submod,0.0,0.0,0.0,0.1579,0.4933,0.5,150.0,0.75,0.0,0.0009
expertqa_1968,chunk_submod_160,chunk,submod,0.0,0.0,0.0,0.2211,0.8562,0.3636,153.0,0.3636,0.0,0.0494
expertqa_36,chunk_submod_160,chunk,submod,0.0,0.0451,0.0,0.3667,1.0,0.75,142.0,1.0,1.0,0.0011
expertqa_1510,chunk_submod_160,chunk,submod,0.0,0.0,0.0,0.2623,1.0,0.25,140.0,0.625,0.0,0.2034
expertqa_1241,chunk_submod_160,chunk,submod,0.0,0.0,0.0,0.3088,0.5732,0.6667,157.0,1.0,1.0,0.0004
expertqa_1913,chunk_submod_160,chunk,submod,0.0,0.2,0.0,0.2083,0.5,0.6667,152.0,1.0,1.0,0.0019
expertqa_4,chunk_submod_160,chunk,submod,0.0,0.0,0.0,0.2969,0.6962,0.75,158.0,1.0,1.0,0.0473
expertqa_1414,chunk_submod_160,chunk,submod,0.0,0.0,0.0,0.2211,1.0,0.6667,158.0,1.0,1.0,0.0021
expertqa_882,chunk_submod_160,chunk,submod,0.0,0.0,0.0,0.181,0.7582,1.0,153.0,1.0,1.0,0.0042
expertqa_855,chunk_submod_160,chunk,submod,0.0,0.0,0.0,0.25,0.6296,0.5,135.0,0.5,0.0,0.0658
expertqa_270,chunk_submod_160,chunk,submod,0.0,0.0,0.0,0.2099,0.5899,0.3333,139.0,1.0,1.0,0.0008
expertqa_114,chunk_submod_160,chunk,submod,0.0,0.0,0.0,0.1838,0.7315,0.3333,149.0,0.5,0.0,0.0004
expertqa_95,chunk_submod_160,chunk,submod,0.0,0.1739,0.0,0.2667,0.1329,1.0,143.0,1.0,1.0,0.0005
expertqa_167,chunk_submod_160,chunk,submod,0.0,0.1008,0.0,0.3846,1.0,0.75,155.0,1.0,1.0,0.3238
expertqa_702,chunk_submod_160,chunk,submod,0.0,0.0,0.0,0.2162,0.5563,0.6667,160.0,1.0,1.0,0.0007
expertqa_1641,chunk_submod_160,chunk,submod,0.0,0.0241,0.0,0.4561,0.4214,1.0,159.0,1.0,1.0,0.0005
expertqa_783,chunk_submod_160,chunk,submod,0.0,0.0,0.0,0.2556,0.32,1.0,150.0,1.0,1.0,0.2874
expertqa_1116,chunk_submod_160,chunk,submod,0.0,0.0,0.0,0.2966,1.0,0.6667,152.0,1.0,1.0,0.9645
expertqa_816,chunk_submod_160,chunk,submod,0.0,0.0,0.0,0.3281,1.0,1.0,159.0,1.0,1.0,0.0052
expertqa_1191,chunk_submod_160,chunk,submod,0.0,0.0,0.0,0.2931,0.8188,0.5,149.0,0.75,0.0,0.0022
expertqa_1581,chunk_submod_160,chunk,submod,0.0,0.0198,0.0,0.2377,1.0,0.2222,130.0,0.5556,0.0,0.004
expertqa_1486,chunk_submod_160,chunk,submod,0.0,0.1538,0.0,0.3735,1.0,0.6,149.0,0.6,0.0,0.0042
expertqa_1081,ace_focused_160,ace,focused,0.0,0.0432,0.0,0.3214,1.0,1.0,160.0,1.0,1.0,0.9861
expertqa_393,ace_focused_160,ace,focused,0.0,0.0164,0.0,0.7125,0.8938,1.0,160.0,1.0,1.0,0.3983
expertqa_1162,ace_focused_160,ace,focused,0.0,0.0732,0.0,0.35,1.0,1.0,137.0,1.0,1.0,0.0026
expertqa_1860,ace_focused_160,ace,focused,0.0,0.0,0.0,0.2174,0.0,0.0,155.0,0.0,0.0,0.0009
expertqa_1460,ace_focused_160,ace,focused,0.0,0.0652,0.0,0.1719,0.3648,0.5,159.0,1.0,1.0,0.0031
expertqa_2021,ace_focused_160,ace,focused,0.0,0.1368,0.0,0.3059,1.0,0.4,146.0,1.0,1.0,0.1415
expertqa_116,ace_focused_160,ace,focused,0.0,0.0,0.0,0.1831,0.5063,0.5,158.0,0.5,0.0,0.0006
expertqa_725,ace_focused_160,ace,focused,0.0,0.0986,0.0,0.2809,1.0,0.6,151.0,0.8,0.0,0.0928
expertqa_422,ace_focused_160,ace,focused,0.0,0.1918,0.0,0.4651,1.0,0.6667,160.0,1.0,1.0,0.0025
expertqa_809,ace_focused_160,ace,focused,0.0,0.0,0.0,0.3864,0.6667,1.0,159.0,1.0,1.0,0.0112
expertqa_251,ace_focused_160,ace,focused,0.0,0.0652,0.0,0.3239,1.0,0.75,158.0,0.75,0.0,0.1009
expertqa_67,ace_focused_160,ace,focused,0.0,0.0,0.0,0.3611,1.0,0.6667,146.0,1.0,1.0,0.0065
expertqa_1471,ace_focused_160,ace,focused,0.0,0.0822,0.0,0.28,0.6478,0.6667,159.0,0.6667,0.0,0.0007
expertqa_1452,ace_focused_160,ace,focused,0.0,0.0,0.0,0.3214,1.0,0.6667,160.0,0.6667,0.0,0.015
expertqa_1368,ace_focused_160,ace,focused,0.0,0.0108,0.0,0.2243,0.4875,0.1111,160.0,0.1111,0.0,0.0018
expertqa_154,ace_focused_160,ace,focused,0.0,0.075,0.0,0.2405,0.3648,0.3333,159.0,0.3333,0.0,0.0687
expertqa_60,ace_focused_160,ace,focused,0.0,0.0,0.0,0.1222,0.3503,0.0667,157.0,0.2,0.0,0.0049
expertqa_1034,ace_focused_160,ace,focused,0.0,0.1345,0.0,0.2267,0.7375,0.4,160.0,0.6,0.0,0.0018
expertqa_1401,ace_focused_160,ace,focused,0.0,0.0119,0.0,0.2252,0.54,1.0,150.0,1.0,1.0,0.0545
expertqa_1974,ace_focused_160,ace,focused,0.0,0.0325,0.0,0.4578,0.775,0.6667,160.0,1.0,1.0,0.2206
expertqa_494,ace_focused_160,ace,focused,0.0,0.1818,0.0,0.5111,0.3885,0.5,157.0,0.5,0.0,0.0026
expertqa_740,ace_focused_160,ace,focused,0.0,0.0241,0.0,0.2621,0.956,1.0,159.0,1.0,1.0,0.5939
expertqa_1027,ace_focused_160,ace,focused,0.0,0.0175,0.0,0.2973,1.0,0.5,159.0,1.0,1.0,0.0009
expertqa_1661,ace_focused_160,ace,focused,0.0,0.0284,0.0,0.2353,0.5159,1.0,157.0,1.0,1.0,0.0011
expertqa_822,ace_focused_160,ace,focused,0.0,0.0408,0.0,0.375,0.6104,0.6667,154.0,0.6667,0.0,0.0016
expertqa_533,ace_focused_160,ace,focused,0.0,0.0267,0.0,0.3621,1.0,0.4,139.0,1.0,1.0,0.0069
expertqa_1047,ace_focused_160,ace,focused,0.0,0.0,0.0,0.5326,0.805,1.0,159.0,1.0,1.0,0.505
expertqa_168,ace_focused_160,ace,focused,0.0,0.0142,0.0,0.2117,1.0,0.1538,118.0,0.3846,0.0,0.0225
expertqa_1996,ace_focused_160,ace,focused,0.0,0.0353,0.0,0.4301,1.0,0.25,158.0,0.625,0.0,0.126
expertqa_1872,ace_focused_160,ace,focused,0.0,0.2069,0.0,0.3649,0.3526,1.0,156.0,1.0,1.0,0.0219
expertqa_1090,ace_focused_160,ace,focused,0.0,0.0449,0.0,0.4098,1.0,0.4,160.0,0.8,0.0,0.005
expertqa_86,ace_focused_160,ace,focused,0.0,0.0,0.0,0.2239,0.6623,0.5,154.0,1.0,1.0,0.0147
expertqa_589,ace_focused_160,ace,focused,0.0,0.0825,0.0,0.2875,0.5125,1.0,160.0,1.0,1.0,0.5776
expertqa_1237,ace_focused_160,ace,focused,0.0,0.0,0.0,0.2154,1.0,0.6667,157.0,0.6667,0.0,0.0006
expertqa_1792,ace_focused_160,ace,focused,0.0,0.0,0.0,0.2885,0.3529,0.5,136.0,0.5,0.0,0.0004
expertqa_1821,ace_focused_160,ace,focused,0.0,0.1384,0.0,0.4124,1.0,0.75,155.0,1.0,1.0,0.7733
expertqa_409,ace_focused_160,ace,focused,0.0,0.0476,0.0,0.3571,0.8571,0.6667,154.0,1.0,1.0,0.0049
expertqa_728,ace_focused_160,ace,focused,0.0,0.036,0.0,0.2927,0.9367,0.5,158.0,0.5,0.0,0.0038
expertqa_66,ace_focused_160,ace,focused,0.0,0.041,0.0,0.1748,0.9811,0.375,159.0,0.5,0.0,0.0011
expertqa_944,ace_focused_160,ace,focused,0.0,0.0093,0.0,0.2612,0.8839,0.5,155.0,1.0,1.0,0.5106
expertqa_1407,ace_focused_160,ace,focused,0.0,0.037,0.0,0.275,0.2994,0.5,157.0,1.0,1.0,0.1174
expertqa_1886,ace_focused_160,ace,focused,0.0,0.0471,0.0,0.3091,0.8302,0.6667,159.0,1.0,1.0,0.0017
expertqa_1810,ace_focused_160,ace,focused,0.0,0.0,0.0,0.1949,0.8,0.2,160.0,0.2,0.0,0.0012
expertqa_70,ace_focused_160,ace,focused,0.0,0.0296,0.0,0.3805,1.0,0.5,148.0,1.0,1.0,0.5587
expertqa_543,ace_focused_160,ace,focused,0.0,0.0571,0.0,0.3231,1.0,0.5,159.0,1.0,1.0,0.0005
expertqa_897,ace_focused_160,ace,focused,0.0,0.0205,0.0,0.4082,1.0,0.4,160.0,0.6,0.0,0.3436
expertqa_1732,ace_focused_160,ace,focused,0.0,0.0294,0.0,0.2348,0.8868,1.0,159.0,1.0,1.0,0.0004
expertqa_2030,ace_focused_160,ace,focused,0.0,0.0,0.0,0.4286,1.0,0.4,160.0,1.0,1.0,0.0069
expertqa_2027,ace_focused_160,ace,focused,0.0,0.018,0.0,0.2558,1.0,0.3333,133.0,0.8333,0.0,0.0013
expertqa_226,ace_focused_160,ace,focused,0.0,0.0237,0.0,0.1429,0.7742,0.5,155.0,0.5,0.0,0.0058
expertqa_690,ace_focused_160,ace,focused,0.0,0.0704,0.0,0.4396,1.0,1.0,159.0,1.0,1.0,0.0285
expertqa_1660,ace_focused_160,ace,focused,0.0,0.0,0.0,0.0882,0.0,0.0,160.0,0.0,0.0,0.0781
expertqa_1155,ace_focused_160,ace,focused,0.0,0.0561,0.0,0.2027,0.6645,0.6667,155.0,0.6667,0.0,0.2165
expertqa_584,ace_focused_160,ace,focused,0.0,0.0317,0.0,0.2955,0.4906,0.5,159.0,0.5,0.0,0.0145
expertqa_787,ace_focused_160,ace,focused,0.0,0.0,0.0,0.3167,1.0,0.4286,154.0,0.7143,0.0,0.0048
expertqa_1686,ace_focused_160,ace,focused,0.0,0.1087,0.0,0.2204,0.6209,0.6667,153.0,1.0,1.0,0.7566
expertqa_1647,ace_focused_160,ace,focused,0.0,0.0,0.0,0.3966,0.6918,1.0,159.0,1.0,1.0,0.0021
expertqa_1271,ace_focused_160,ace,focused,0.0,0.0,0.0,0.1923,1.0,0.4,160.0,0.4,0.0,0.0017
expertqa_1579,ace_focused_160,ace,focused,0.0,0.0,0.0,0.4286,0.8938,0.75,160.0,1.0,1.0,0.0011
expertqa_1651,ace_focused_160,ace,focused,0.0,0.0396,0.0,0.2027,0.5031,0.3333,159.0,0.6667,0.0,0.9599
expertqa_1409,ace_focused_160,ace,focused,0.0,0.0,0.0,0.2376,0.2885,0.25,156.0,0.25,0.0,0.0007
expertqa_1098,ace_focused_160,ace,focused,0.0,0.0,0.0,0.1549,0.0,0.0,151.0,0.0,0.0,0.0012
expertqa_1205,ace_focused_160,ace,focused,0.0,0.0,0.0,0.1875,0.8312,0.2857,154.0,0.5714,0.0,0.0003
expertqa_857,ace_focused_160,ace,focused,0.0,0.0,0.0,0.2821,1.0,0.4,160.0,0.8,0.0,0.0015
expertqa_1156,ace_focused_160,ace,focused,0.0,0.0351,0.0,0.3373,0.9091,0.75,154.0,0.75,0.0,0.001
expertqa_490,ace_focused_160,ace,focused,0.0,0.0065,0.0,0.25,0.1195,1.0,159.0,1.0,1.0,0.0007
expertqa_1948,ace_focused_160,ace,focused,0.0,0.0,0.0,0.15,0.4717,0.3333,159.0,0.6667,0.0,0.0004
expertqa_2010,ace_focused_160,ace,focused,0.0,0.0,0.0,0.1092,0.0,0.0,160.0,0.2222,0.0,0.024
expertqa_1456,ace_focused_160,ace,focused,0.0,0.0408,0.0,0.225,0.1161,1.0,155.0,1.0,1.0,0.0017
expertqa_206,ace_focused_160,ace,focused,0.0,0.0,0.0,0.1394,0.4528,0.2222,159.0,0.2222,0.0,0.0042
expertqa_1146,ace_focused_160,ace,focused,0.0,0.0,0.0,0.2222,0.0,0.0,153.0,0.0,0.0,0.0025
expertqa_573,ace_focused_160,ace,focused,0.0,0.1635,0.0,0.2521,0.6733,0.25,150.0,1.0,1.0,0.2563
expertqa_218,ace_focused_160,ace,focused,0.0,0.0885,0.0,0.2933,0.7785,0.5,158.0,0.5,0.0,0.7092
expertqa_314,ace_focused_160,ace,focused,0.0,0.0172,0.0,0.2048,1.0,0.75,160.0,1.0,1.0,0.0008
expertqa_1580,ace_focused_160,ace,focused,0.0,0.0,0.0,0.5484,1.0,0.6667,144.0,0.6667,0.0,0.0081
expertqa_1010,ace_focused_160,ace,focused,0.0,0.0128,0.0,0.3173,0.6519,1.0,158.0,1.0,1.0,0.7203
expertqa_909,ace_focused_160,ace,focused,0.0,0.0,0.0,0.29,0.7044,0.5,159.0,0.75,0.0,0.0005
expertqa_1079,ace_focused_160,ace,focused,0.0,0.0513,0.0,0.4103,0.7935,1.0,155.0,1.0,1.0,0.0004
expertqa_1381,ace_focused_160,ace,focused,0.0,0.0,0.0,0.3134,0.4304,0.6667,158.0,0.6667,0.0,0.003
expertqa_203,ace_focused_160,ace,focused,0.0,0.0323,0.0,0.3023,0.9187,0.75,160.0,1.0,1.0,0.0006
expertqa_467,ace_focused_160,ace,focused,0.0,0.0261,0.0,0.2376,0.5584,0.5,154.0,0.75,0.0,0.0129
expertqa_220,ace_focused_160,ace,focused,0.0,0.1509,0.0,0.7436,1.0,1.0,151.0,1.0,1.0,0.9668
expertqa_1359,ace_focused_160,ace,focused,0.0,0.0,0.0,0.2105,1.0,0.6667,154.0,1.0,1.0,0.0918
expertqa_1629,ace_focused_160,ace,focused,0.0,0.0118,0.0,0.4157,0.7862,0.5,159.0,1.0,1.0,0.0367
expertqa_1674,ace_focused_160,ace,focused,0.0,0.0282,0.0,0.1186,0.0,0.0,160.0,0.0,0.0,0.0018
expertqa_977,ace_focused_160,ace,focused,0.0,0.0667,0.0,0.2766,0.6883,1.0,154.0,1.0,1.0,0.0004
expertqa_922,ace_focused_160,ace,focused,0.0,0.0,0.0,0.3187,0.4906,0.5,159.0,1.0,1.0,0.8513
expertqa_130,ace_focused_160,ace,focused,0.0,0.0,0.0,0.2754,0.6562,0.75,160.0,0.75,0.0,0.0029
expertqa_1774,ace_focused_160,ace,focused,0.0,0.0,0.0,0.1458,0.0,0.0,144.0,1.0,1.0,0.0006
expertqa_1806,ace_focused_160,ace,focused,0.0,0.0349,0.0,0.3679,1.0,1.0,146.0,1.0,1.0,0.9773
expertqa_810,ace_focused_160,ace,focused,0.0,0.0,0.0,0.3067,0.2675,1.0,157.0,1.0,1.0,0.0007
expertqa_1982,ace_focused_160,ace,focused,0.0,0.0,0.0,0.3421,1.0,0.5,158.0,1.0,1.0,0.0009
expertqa_55,ace_focused_160,ace,focused,0.0,0.0067,0.0,0.1951,1.0,0.2727,136.0,0.4545,0.0,0.0029
expertqa_378,ace_focused_160,ace,focused,0.0,0.0,0.0,0.1538,1.0,0.3333,134.0,0.8333,0.0,0.0008
expertqa_493,ace_focused_160,ace,focused,0.0,0.1569,0.0,0.3824,0.8333,0.6667,156.0,1.0,1.0,0.0006
expertqa_150,ace_focused_160,ace,focused,0.0,0.0,0.0,0.1558,0.0,0.0,151.0,0.0,0.0,0.96
expertqa_883,ace_focused_160,ace,focused,0.0,0.0,0.0,0.25,1.0,0.5714,157.0,0.7143,0.0,0.0217
expertqa_1113,ace_focused_160,ace,focused,0.0,0.0297,0.0,0.3228,0.7179,0.4,156.0,0.8,0.0,0.0443
expertqa_1631,ace_focused_160,ace,focused,0.0,0.0374,0.0,0.224,0.1625,0.1429,160.0,0.1429,0.0,0.0161
expertqa_137,ace_focused_160,ace,focused,0.0,0.0,0.0,0.1658,1.0,0.125,158.0,0.3125,0.0,0.0034
expertqa_648,ace_focused_160,ace,focused,0.0,0.4074,0.0,0.5,0.2264,1.0,159.0,1.0,1.0,0.0025
expertqa_42,ace_focused_160,ace,focused,0.0,0.0,0.0,0.1781,0.5472,0.5,159.0,0.5,0.0,0.0031
expertqa_1789,ace_focused_160,ace,focused,0.0,0.0704,0.0,0.2529,0.9125,0.75,160.0,1.0,1.0,0.0026
expertqa_200,ace_focused_160,ace,focused,0.0,0.0,0.0,0.2336,0.8117,0.2727,154.0,0.2727,0.0,0.5092
expertqa_767,ace_focused_160,ace,focused,0.0,0.0188,0.0,0.3308,1.0,0.3333,159.0,0.5556,0.0,0.2067
expertqa_552,ace_focused_160,ace,focused,0.0,0.1379,0.0,0.2152,0.9812,0.6667,160.0,1.0,1.0,0.0004
expertqa_1625,ace_focused_160,ace,focused,0.0,0.0,0.0,0.375,0.8658,0.75,149.0,0.75,0.0,0.028
expertqa_1904,ace_focused_160,ace,focused,0.0,0.0,0.0,0.3362,0.5321,0.3333,156.0,1.0,1.0,0.001
expertqa_54,ace_focused_160,ace,focused,0.0,0.0,0.0,0.2593,1.0,0.4,152.0,0.8,0.0,0.0006
expertqa_382,ace_focused_160,ace,focused,0.0,0.0674,0.0,0.2063,1.0,0.6,154.0,1.0,1.0,0.0006
expertqa_954,ace_focused_160,ace,focused,0.0,0.0,0.0,0.2955,0.8291,0.6667,158.0,1.0,1.0,0.0009
expertqa_1866,ace_focused_160,ace,focused,0.0,0.0,0.0,0.1637,0.4459,0.25,148.0,0.25,0.0,0.6338
expertqa_1232,ace_focused_160,ace,focused,0.0,0.0106,0.0,0.2083,1.0,0.6667,149.0,1.0,1.0,0.0016
expertqa_379,ace_focused_160,ace,focused,0.0,0.0,0.0,0.1801,0.1938,0.0909,160.0,0.0909,0.0,0.0598
expertqa_1374,ace_focused_160,ace,focused,0.0,0.0088,0.0,0.1852,0.7643,0.6667,157.0,0.6667,0.0,0.0084
expertqa_231,ace_focused_160,ace,focused,0.0,0.0,0.0,0.4872,0.8269,1.0,156.0,1.0,1.0,0.0011
expertqa_85,ace_focused_160,ace,focused,0.0,0.0667,0.0,0.3095,0.4481,1.0,154.0,1.0,1.0,0.0003
expertqa_1978,ace_focused_160,ace,focused,0.0,0.0513,0.0,0.2593,0.6093,1.0,151.0,1.0,1.0,0.0021
expertqa_669,ace_focused_160,ace,focused,0.0,0.0,0.0,0.2329,0.7143,0.4,140.0,0.4,0.0,0.0009
expertqa_987,ace_focused_160,ace,focused,0.0,0.0,0.0,0.1774,0.8861,0.2222,158.0,0.4444,0.0,0.7643
expertqa_927,ace_focused_160,ace,focused,0.0,0.0,0.0,0.266,0.5375,0.5,160.0,0.5,0.0,0.0008
expertqa_1682,ace_focused_160,ace,focused,0.0,0.0,0.0,0.2807,0.6282,0.3333,156.0,1.0,1.0,0.1075
expertqa_169,ace_focused_160,ace,focused,0.0,0.0,0.0,0.4,1.0,1.0,160.0,1.0,1.0,0.0038
expertqa_606,ace_focused_160,ace,focused,0.0,0.029,0.0,0.2887,0.2658,0.3333,158.0,0.6667,0.0,0.018
expertqa_1124,ace_focused_160,ace,focused,0.0,0.0546,0.0,0.3125,1.0,0.75,160.0,0.75,0.0,0.0005
expertqa_554,ace_focused_160,ace,focused,0.0,0.0,0.0,0.1875,0.0,0.0,159.0,0.0,0.0,0.0005
expertqa_1394,ace_focused_160,ace,focused,0.0,0.0104,0.0,0.252,1.0,0.8,149.0,1.0,1.0,0.0359
expertqa_1611,ace_focused_160,ace,focused,0.0,0.0,0.0,0.2391,0.2676,0.3333,142.0,0.6667,0.0,0.0067
expertqa_1110,ace_focused_160,ace,focused,0.0,0.0,0.0,0.1935,0.0,0.0,158.0,0.0,0.0,0.0115
expertqa_1015,ace_focused_160,ace,focused,0.0,0.0335,0.0,0.3232,1.0,0.25,159.0,0.625,0.0,0.0027
expertqa_487,ace_focused_160,ace,focused,0.0,0.0094,0.0,0.1746,0.0,0.0,143.0,0.0,0.0,0.038
expertqa_941,ace_focused_160,ace,focused,0.0,0.0,0.0,0.3333,0.75,1.0,144.0,1.0,1.0,0.0017
expertqa_1160,ace_focused_160,ace,focused,0.0,0.0,0.0,0.2941,0.6101,0.3333,159.0,1.0,1.0,0.0113
expertqa_1568,ace_focused_160,ace,focused,0.0,0.035,0.0,0.2458,0.5342,0.5,146.0,1.0,1.0,0.9636
expertqa_1273,ace_focused_160,ace,focused,0.0,0.0,0.0,0.2617,1.0,0.6667,159.0,1.0,1.0,0.0186
expertqa_65,ace_focused_160,ace,focused,0.0,0.029,0.0,0.2216,1.0,0.5,151.0,0.625,0.0,0.0101
expertqa_3,ace_focused_160,ace,focused,0.0,0.0072,0.0,0.1921,0.5594,0.0909,143.0,0.2727,0.0,0.0794
expertqa_201,ace_focused_160,ace,focused,0.0,0.0,0.0,0.2378,0.7237,0.1333,152.0,0.2667,0.0,0.1032
expertqa_938,ace_focused_160,ace,focused,0.0,0.0,0.0,0.631,0.8608,0.6667,158.0,1.0,1.0,0.0497
expertqa_924,ace_focused_160,ace,focused,0.0,0.0,0.0,0.3488,0.8535,0.6667,157.0,1.0,1.0,0.0003
expertqa_376,ace_focused_160,ace,focused,0.0,0.0247,0.0,0.4151,0.478,0.25,159.0,0.75,0.0,0.0015
expertqa_2014,ace_focused_160,ace,focused,0.0,0.0545,0.0,0.3264,0.8438,0.75,160.0,0.75,0.0,0.006
expertqa_1569,ace_focused_160,ace,focused,0.0,0.0563,0.0,0.2826,0.9295,0.3333,156.0,1.0,1.0,0.0026
expertqa_1276,ace_focused_160,ace,focused,0.0,0.0,0.0,0.2949,1.0,0.75,154.0,1.0,1.0,0.0339
expertqa_1001,ace_focused_160,ace,focused,0.0,0.3889,0.0,0.4211,1.0,0.75,135.0,1.0,1.0,0.971
expertqa_1031,ace_focused_160,ace,focused,0.0,0.0465,0.0,0.321,0.9187,1.0,160.0,1.0,1.0,0.0047
expertqa_1998,ace_focused_160,ace,focused,0.0,0.0,0.0,0.284,0.5687,0.5,160.0,0.5,0.0,0.0684
expertqa_1918,ace_focused_160,ace,focused,0.0,0.0074,0.0,0.1613,0.3563,1.0,160.0,1.0,1.0,0.0435
expertqa_1,ace_focused_160,ace,focused,0.0,0.055,0.0,0.2658,0.4437,0.3333,151.0,0.6667,0.0,0.001
expertqa_926,ace_focused_160,ace,focused,0.0,0.0267,0.0,0.3594,0.2687,0.25,160.0,0.25,0.0,0.0073
expertqa_912,ace_focused_160,ace,focused,0.0,0.0,0.0,0.1852,0.5223,0.5,157.0,0.5,0.0,0.002
expertqa_1105,ace_focused_160,ace,focused,0.0,0.0,0.0,0.3393,1.0,0.75,158.0,0.75,0.0,0.0009
expertqa_1595,ace_focused_160,ace,focused,0.0,0.046,0.0,0.4219,0.8839,1.0,155.0,1.0,1.0,0.8735
expertqa_572,ace_focused_160,ace,focused,0.0,0.0,0.0,0.3,0.7451,0.6667,153.0,1.0,1.0,0.0005
expertqa_1193,ace_focused_160,ace,focused,0.0,0.1032,0.0,0.3474,0.8974,0.6667,156.0,1.0,1.0,0.0009
expertqa_738,ace_focused_160,ace,focused,0.0,0.0,0.0,0.2417,0.2303,0.2,152.0,0.2,0.0,0.9194
expertqa_61,ace_focused_160,ace,focused,0.0,0.0,0.0,0.0816,0.0,0.0,160.0,0.0,0.0,0.1035
expertqa_1382,ace_focused_160,ace,focused,0.0,0.0284,0.0,0.2614,0.3774,0.3333,159.0,0.6667,0.0,0.0009
expertqa_1317,ace_focused_160,ace,focused,0.0,0.0,0.0,0.1733,0.3375,0.25,160.0,0.25,0.0,0.0002
expertqa_31,ace_focused_160,ace,focused,0.0,0.0293,0.0,0.1625,0.1006,0.0769,159.0,0.1538,0.0,0.0028
expertqa_1813,ace_focused_160,ace,focused,0.0,0.0,0.0,0.186,0.5687,1.0,160.0,1.0,1.0,0.0024
expertqa_1435,ace_focused_160,ace,focused,0.0,0.0476,0.0,0.6216,1.0,1.0,158.0,1.0,1.0,0.0076
expertqa_943,ace_focused_160,ace,focused,0.0,0.0662,0.0,0.2065,0.7688,0.5,160.0,0.5,0.0,0.0026
expertqa_8,ace_focused_160,ace,focused,0.0,0.0,0.0,0.4074,0.6667,1.0,156.0,1.0,1.0,0.0012
expertqa_873,ace_focused_160,ace,focused,0.0,0.0159,0.0,0.2556,1.0,0.4,140.0,0.8,0.0,0.0041
expertqa_1850,ace_focused_160,ace,focused,0.0,0.0,0.0,0.3725,0.6497,0.3333,157.0,0.6667,0.0,0.0007
expertqa_705,ace_focused_160,ace,focused,0.0,0.0,0.0,0.4247,1.0,0.6667,145.0,1.0,1.0,0.0006
expertqa_1731,ace_focused_160,ace,focused,0.0,0.0,0.0,0.1701,0.7562,0.6667,160.0,1.0,1.0,0.002
expertqa_457,ace_focused_160,ace,focused,0.0,0.0101,0.0,0.2632,0.4937,0.6667,158.0,0.6667,0.0,0.8972
expertqa_636,ace_focused_160,ace,focused,0.0,0.058,0.0,0.4902,1.0,1.0,151.0,1.0,1.0,0.0035
expertqa_1197,ace_focused_160,ace,focused,0.0,0.1491,0.0,0.4875,0.4487,1.0,156.0,1.0,1.0,0.0011
expertqa_614,ace_focused_160,ace,focused,0.0,0.0879,0.0,0.1852,0.0,0.0,154.0,0.5,0.0,0.0069
expertqa_1830,ace_focused_160,ace,focused,0.0,0.0091,0.0,0.2558,0.7925,0.5,159.0,1.0,1.0,0.0296
expertqa_354,ace_focused_160,ace,focused,0.0,0.0,0.0,0.3143,0.5125,0.5,160.0,1.0,1.0,0.0006
expertqa_595,ace_focused_160,ace,focused,0.0,0.0465,0.0,0.2,1.0,0.5,156.0,0.5,0.0,0.0105
expertqa_63,ace_focused_160,ace,focused,0.0,0.0104,0.0,0.2545,0.8471,0.3333,157.0,0.5,0.0,0.0984
expertqa_1115,ace_focused_160,ace,focused,0.0,0.0,0.0,0.2692,1.0,0.75,159.0,0.75,0.0,0.0004
expertqa_1041,ace_focused_160,ace,focused,0.0,0.0829,0.0,0.2391,1.0,0.4,160.0,1.0,1.0,0.976
expertqa_442,ace_focused_160,ace,focused,0.0,0.0,0.0,0.2769,0.0,0.0,160.0,0.0,0.0,0.0106
expertqa_1650,ace_focused_160,ace,focused,0.0,0.0408,0.0,0.2432,0.8625,0.6667,160.0,1.0,1.0,0.0086
expertqa_1268,ace_focused_160,ace,focused,0.0,0.0,0.0,0.186,0.0,0.0,150.0,0.0,0.0,0.0006
expertqa_865,ace_focused_160,ace,focused,0.0,0.0,0.0,0.1754,0.1667,0.25,156.0,0.25,0.0,0.0011
expertqa_1968,ace_focused_160,ace,focused,0.0,0.0939,0.0,0.2316,1.0,0.2727,157.0,0.2727,0.0,0.0047
expertqa_36,ace_focused_160,ace,focused,0.0,0.0451,0.0,0.3556,1.0,0.5,154.0,1.0,1.0,0.0004
expertqa_1510,ace_focused_160,ace,focused,0.0,0.0,0.0,0.2787,1.0,0.25,160.0,0.5,0.0,0.1573
expertqa_1241,ace_focused_160,ace,focused,0.0,0.0,0.0,0.2941,0.5921,0.6667,152.0,1.0,1.0,0.0006
expertqa_1913,ace_focused_160,ace,focused,0.0,0.129,0.0,0.4583,0.8544,0.6667,158.0,1.0,1.0,0.0009
expertqa_4,ace_focused_160,ace,focused,0.0,0.0,0.0,0.3984,1.0,0.5,140.0,1.0,1.0,0.915
expertqa_1414,ace_focused_160,ace,focused,0.0,0.0,0.0,0.2632,0.6415,0.6667,159.0,0.6667,0.0,0.0563
expertqa_882,ace_focused_160,ace,focused,0.0,0.0,0.0,0.2241,0.3,0.3333,160.0,0.3333,0.0,0.0497
expertqa_855,ace_focused_160,ace,focused,0.0,0.0,0.0,0.1667,0.0,0.0,160.0,0.0,0.0,0.0011
expertqa_270,ace_focused_160,ace,focused,0.0,0.0,0.0,0.2469,1.0,0.6667,147.0,1.0,1.0,0.001
expertqa_114,ace_focused_160,ace,focused,0.0,0.0,0.0,0.1838,0.5125,0.1667,160.0,0.1667,0.0,0.0006
expertqa_95,ace_focused_160,ace,focused,0.0,0.1739,0.0,0.2667,0.6558,1.0,154.0,1.0,1.0,0.0003
expertqa_167,ace_focused_160,ace,focused,0.0,0.069,0.0,0.3636,1.0,0.75,141.0,1.0,1.0,0.5812
expertqa_702,ace_focused_160,ace,focused,0.0,0.0,0.0,0.3784,1.0,0.6667,154.0,1.0,1.0,0.0003
expertqa_1641,ace_focused_160,ace,focused,0.0,0.0,0.0,0.5088,0.7625,1.0,160.0,1.0,1.0,0.0015
expertqa_783,ace_focused_160,ace,focused,0.0,0.0,0.0,0.5667,0.7516,0.5,157.0,0.5,0.0,0.0034
expertqa_1116,ace_focused_160,ace,focused,0.0,0.0,0.0,0.2207,0.9108,0.6667,157.0,1.0,1.0,0.6874
expertqa_816,ace_focused_160,ace,focused,0.0,0.0,0.0,0.4219,1.0,1.0,155.0,1.0,1.0,0.0024
expertqa_1191,ace_focused_160,ace,focused,0.0,0.0,0.0,0.3276,0.3907,0.25,151.0,0.25,0.0,0.002
expertqa_1581,ace_focused_160,ace,focused,0.0,0.01,0.0,0.2213,1.0,0.2222,153.0,0.4444,0.0,0.0056
expertqa_1486,ace_focused_160,ace,focused,0.0,0.2482,0.0,0.3735,1.0,0.6,158.0,0.6,0.0,0.003
expertqa_1081,ace_mmr_160,ace,mmr,0.0,0.0571,0.0,0.4048,1.0,1.0,157.0,1.0,1.0,0.9827
expertqa_393,ace_mmr_160,ace,mmr,0.0,0.0164,0.0,0.7125,0.9051,1.0,158.0,1.0,1.0,0.8356
expertqa_1162,ace_mmr_160,ace,mmr,0.0,0.0732,0.0,0.2833,1.0,0.6667,142.0,1.0,1.0,0.0047
expertqa_1860,ace_mmr_160,ace,mmr,0.0,0.0,0.0,0.2174,0.0,0.0,155.0,0.0,0.0,0.0008
expertqa_1460,ace_mmr_160,ace,mmr,0.0,0.0652,0.0,0.1719,0.3648,0.5,159.0,1.0,1.0,0.0065
expertqa_2021,ace_mmr_160,ace,mmr,0.0,0.1368,0.0,0.3059,1.0,0.4,146.0,1.0,1.0,0.1415
expertqa_116,ace_mmr_160,ace,mmr,0.0,0.0,0.0,0.2254,0.8205,0.5,156.0,0.5,0.0,0.0004
expertqa_725,ace_mmr_160,ace,mmr,0.0,0.1007,0.0,0.3708,1.0,0.4,144.0,0.8,0.0,0.0166
expertqa_422,ace_mmr_160,ace,mmr,0.0,0.1842,0.0,0.4651,1.0,0.6667,160.0,1.0,1.0,0.001
expertqa_809,ace_mmr_160,ace,mmr,0.0,0.0,0.0,0.3864,0.6667,1.0,159.0,1.0,1.0,0.4521
expertqa_251,ace_mmr_160,ace,mmr,0.0,0.0652,0.0,0.3099,1.0,0.75,157.0,0.75,0.0,0.0086
expertqa_67,ace_mmr_160,ace,mmr,0.0,0.0,0.0,0.3611,1.0,0.6667,146.0,1.0,1.0,0.0065
expertqa_1471,ace_mmr_160,ace,mmr,0.0,0.0822,0.0,0.28,0.6438,0.6667,160.0,0.6667,0.0,0.0008
expertqa_1452,ace_mmr_160,ace,mmr,0.0,0.0429,0.0,0.3095,1.0,0.6667,153.0,0.6667,0.0,0.0009
expertqa_1368,ace_mmr_160,ace,mmr,0.0,0.0108,0.0,0.2523,0.5,0.1111,156.0,0.1111,0.0,0.0048
expertqa_154,ace_mmr_160,ace,mmr,0.0,0.0386,0.0,0.2152,0.0,0.0,160.0,0.3333,0.0,0.3078
expertqa_60,ace_mmr_160,ace,mmr,0.0,0.0,0.0,0.1222,0.3503,0.0667,157.0,0.2,0.0,0.0045
expertqa_1034,ace_mmr_160,ace,mmr,0.0,0.0,0.0,0.2267,0.7375,0.4,160.0,0.6,0.0,0.0017
expertqa_1401,ace_mmr_160,ace,mmr,0.0,0.0,0.0,0.1982,0.0,0.0,145.0,1.0,1.0,0.1284
expertqa_1974,ace_mmr_160,ace,mmr,0.0,0.0325,0.0,0.4217,0.6859,0.6667,156.0,1.0,1.0,0.0615
expertqa_494,ace_mmr_160,ace,mmr,0.0,0.1818,0.0,0.5111,0.3885,0.5,157.0,0.5,0.0,0.0009
expertqa_740,ace_mmr_160,ace,mmr,0.0,0.0241,0.0,0.2621,1.0,1.0,152.0,1.0,1.0,0.3946
expertqa_1027,ace_mmr_160,ace,mmr,0.0,0.0175,0.0,0.2973,1.0,0.5,159.0,1.0,1.0,0.0009
expertqa_1661,ace_mmr_160,ace,mmr,0.0,0.0145,0.0,0.2353,0.5827,1.0,139.0,1.0,1.0,0.0431
expertqa_822,ace_mmr_160,ace,mmr,0.0,0.0408,0.0,0.25,0.539,0.6667,154.0,0.6667,0.0,0.0006
expertqa_533,ace_mmr_160,ace,mmr,0.0,0.0267,0.0,0.3621,1.0,0.4,139.0,1.0,1.0,0.0069
expertqa_1047,ace_mmr_160,ace,mmr,0.0,0.0,0.0,0.3804,0.6646,1.0,158.0,1.0,1.0,0.0024
expertqa_168,ace_mmr_160,ace,mmr,0.0,0.0142,0.0,0.2117,1.0,0.0769,119.0,0.3846,0.0,0.035
expertqa_1996,ace_mmr_160,ace,mmr,0.0,0.0353,0.0,0.3441,1.0,0.25,156.0,0.625,0.0,0.0052
expertqa_1872,ace_mmr_160,ace,mmr,0.0,0.0,0.0,0.3243,0.268,1.0,153.0,1.0,1.0,0.0054
expertqa_1090,ace_mmr_160,ace,mmr,0.0,0.0449,0.0,0.3443,1.0,0.2,150.0,0.8,0.0,0.0019
expertqa_86,ace_mmr_160,ace,mmr,0.0,0.0,0.0,0.2239,0.6623,0.5,154.0,1.0,1.0,0.0147
expertqa_589,ace_mmr_160,ace,mmr,0.0,0.0141,0.0,0.2313,0.6122,1.0,147.0,1.0,1.0,0.9417
expertqa_1237,ace_mmr_160,ace,mmr,0.0,0.0,0.0,0.2154,1.0,0.6667,157.0,0.6667,0.0,0.0006
expertqa_1792,ace_mmr_160,ace,mmr,0.0,0.0,0.0,0.1923,0.9365,0.5,126.0,0.5,0.0,0.0006
expertqa_1821,ace_mmr_160,ace,mmr,0.0,0.1718,0.0,0.3814,1.0,0.75,155.0,1.0,1.0,0.0574
expertqa_409,ace_mmr_160,ace,mmr,0.0,0.0592,0.0,0.4107,0.8523,0.3333,149.0,1.0,1.0,0.0154
expertqa_728,ace_mmr_160,ace,mmr,0.0,0.036,0.0,0.2561,0.8,0.25,155.0,0.5,0.0,0.0032
expertqa_66,ace_mmr_160,ace,mmr,0.0,0.0,0.0,0.1748,0.9811,0.375,159.0,0.5,0.0,0.0026
expertqa_944,ace_mmr_160,ace,mmr,0.0,0.0093,0.0,0.2612,0.8839,0.5,155.0,1.0,1.0,0.5106
expertqa_1407,ace_mmr_160,ace,mmr,0.0,0.0,0.0,0.25,0.2994,1.0,157.0,1.0,1.0,0.007
expertqa_1886,ace_mmr_160,ace,mmr,0.0,0.0471,0.0,0.3091,0.8235,0.6667,153.0,1.0,1.0,0.0008
expertqa_1810,ace_mmr_160,ace,mmr,0.0,0.0804,0.0,0.2034,0.8205,0.2,156.0,0.2,0.0,0.0012
expertqa_70,ace_mmr_160,ace,mmr,0.0,0.0296,0.0,0.3805,1.0,0.5,148.0,1.0,1.0,0.5587
expertqa_543,ace_mmr_160,ace,mmr,0.0,0.0,0.0,0.2308,0.5159,0.25,157.0,1.0,1.0,0.0059
expertqa_897,ace_mmr_160,ace,mmr,0.0,0.0962,0.0,0.2857,1.0,0.4,160.0,0.6,0.0,0.042
expertqa_1732,ace_mmr_160,ace,mmr,0.0,0.0294,0.0,0.2348,0.8868,1.0,159.0,1.0,1.0,0.0006
expertqa_2030,ace_mmr_160,ace,mmr,0.0,0.0,0.0,0.4286,1.0,0.4,160.0,1.0,1.0,0.0069
expertqa_2027,ace_mmr_160,ace,mmr,0.0,0.0357,0.0,0.3256,1.0,0.3333,150.0,0.8333,0.0,0.0025
expertqa_226,ace_mmr_160,ace,mmr,0.0,0.012,0.0,0.1429,0.7742,0.5,155.0,0.5,0.0,0.011
expertqa_690,ace_mmr_160,ace,mmr,0.0,0.0,0.0,0.4396,1.0,1.0,159.0,1.0,1.0,0.1481
expertqa_1660,ace_mmr_160,ace,mmr,0.0,0.0,0.0,0.1373,0.0,0.0,156.0,0.0,0.0,0.0039
expertqa_1155,ace_mmr_160,ace,mmr,0.0,0.0748,0.0,0.2027,0.7562,0.6667,160.0,0.6667,0.0,0.0079
expertqa_584,ace_mmr_160,ace,mmr,0.0,0.0317,0.0,0.2841,0.4968,0.5,157.0,0.5,0.0,0.0235
expertqa_787,ace_mmr_160,ace,mmr,0.0,0.0485,0.0,0.275,1.0,0.2857,160.0,0.7143,0.0,0.1167
expertqa_1686,ace_mmr_160,ace,mmr,0.0,0.0,0.0,0.2742,0.9057,0.6667,159.0,1.0,1.0,0.2696
expertqa_1647,ace_mmr_160,ace,mmr,0.0,0.0244,0.0,0.3966,0.7651,1.0,149.0,1.0,1.0,0.0041
expertqa_1271,ace_mmr_160,ace,mmr,0.0,0.0,0.0,0.1923,1.0,0.4,160.0,0.4,0.0,0.0017
expertqa_1579,ace_mmr_160,ace,mmr,0.0,0.0,0.0,0.4444,1.0,0.75,145.0,1.0,1.0,0.0006
expertqa_1651,ace_mmr_160,ace,mmr,0.0,0.0396,0.0,0.1622,0.5063,0.3333,158.0,0.6667,0.0,0.9004
expertqa_1409,ace_mmr_160,ace,mmr,0.0,0.0,0.0,0.2079,0.7133,0.25,150.0,0.25,0.0,0.0183
expertqa_1098,ace_mmr_160,ace,mmr,0.0,0.0,0.0,0.1408,0.0,0.0,158.0,0.0,0.0,0.0046
expertqa_1205,ace_mmr_160,ace,mmr,0.0,0.0237,0.0,0.225,1.0,0.1429,149.0,0.5714,0.0,0.9539
expertqa_857,ace_mmr_160,ace,mmr,0.0,0.0,0.0,0.2821,1.0,0.4,160.0,0.8,0.0,0.0015
expertqa_1156,ace_mmr_160,ace,mmr,0.0,0.0177,0.0,0.3253,1.0,0.5,151.0,0.75,0.0,0.0014
expertqa_490,ace_mmr_160,ace,mmr,0.0,0.0568,0.0,0.25,0.1195,1.0,159.0,1.0,1.0,0.001
expertqa_1948,ace_mmr_160,ace,mmr,0.0,0.0,0.0,0.1167,1.0,0.3333,106.0,0.6667,0.0,0.0005
expertqa_2010,ace_mmr_160,ace,mmr,0.0,0.0,0.0,0.1092,0.0,0.0,160.0,0.2222,0.0,0.024
expertqa_1456,ace_mmr_160,ace,mmr,0.0,0.04,0.0,0.275,0.1161,1.0,155.0,1.0,1.0,0.0017
expertqa_206,ace_mmr_160,ace,mmr,0.0,0.0,0.0,0.1394,0.4528,0.2222,159.0,0.2222,0.0,0.0024
expertqa_1146,ace_mmr_160,ace,mmr,0.0,0.0,0.0,0.2222,0.0,0.0,153.0,0.0,0.0,0.0025
expertqa_573,ace_mmr_160,ace,mmr,0.0,0.0206,0.0,0.2521,0.6733,0.25,150.0,1.0,1.0,0.0818
expertqa_218,ace_mmr_160,ace,mmr,0.0,0.0536,0.0,0.2933,0.7785,0.5,158.0,0.5,0.0,0.5091
expertqa_314,ace_mmr_160,ace,mmr,0.0,0.0667,0.0,0.241,1.0,0.75,160.0,1.0,1.0,0.0011
expertqa_1580,ace_mmr_160,ace,mmr,0.0,0.0,0.0,0.5484,1.0,0.6667,144.0,0.6667,0.0,0.0081
expertqa_1010,ace_mmr_160,ace,mmr,0.0,0.0,0.0,0.4038,0.5687,0.5,160.0,1.0,1.0,0.0064
expertqa_909,ace_mmr_160,ace,mmr,0.0,0.0,0.0,0.29,0.7044,0.5,159.0,0.75,0.0,0.0005
expertqa_1079,ace_mmr_160,ace,mmr,0.0,0.1311,0.0,0.359,0.5159,0.6667,157.0,1.0,1.0,0.0058
expertqa_1381,ace_mmr_160,ace,mmr,0.0,0.0,0.0,0.3582,0.8333,0.6667,150.0,0.6667,0.0,0.0058
expertqa_203,ace_mmr_160,ace,mmr,0.0,0.0,0.0,0.1628,0.8889,0.5,153.0,1.0,1.0,0.0005
expertqa_467,ace_mmr_160,ace,mmr,0.0,0.0261,0.0,0.2178,0.7532,0.5,158.0,0.75,0.0,0.118
expertqa_220,ace_mmr_160,ace,mmr,0.0,0.1509,0.0,0.7436,1.0,1.0,151.0,1.0,1.0,0.9668
expertqa_1359,ace_mmr_160,ace,mmr,0.0,0.0,0.0,0.2105,1.0,0.6667,154.0,1.0,1.0,0.0918
expertqa_1629,ace_mmr_160,ace,mmr,0.0,0.0118,0.0,0.4157,0.7862,0.5,159.0,1.0,1.0,0.0367
expertqa_1674,ace_mmr_160,ace,mmr,0.0,0.0,0.0,0.1695,0.0,0.0,160.0,0.0,0.0,0.0015
expertqa_977,ace_mmr_160,ace,mmr,0.0,0.0667,0.0,0.2553,0.6883,1.0,154.0,1.0,1.0,0.0006
expertqa_922,ace_mmr_160,ace,mmr,0.0,0.0,0.0,0.3077,0.4906,0.5,159.0,1.0,1.0,0.3909
expertqa_130,ace_mmr_160,ace,mmr,0.0,0.022,0.0,0.2464,1.0,0.75,141.0,0.75,0.0,0.0044
expertqa_1774,ace_mmr_160,ace,mmr,0.0,0.0,0.0,0.2083,0.0,0.0,146.0,1.0,1.0,0.0003
expertqa_1806,ace_mmr_160,ace,mmr,0.0,0.0233,0.0,0.3585,1.0,1.0,148.0,1.0,1.0,0.8453
expertqa_810,ace_mmr_160,ace,mmr,0.0,0.0755,0.0,0.36,0.4832,1.0,149.0,1.0,1.0,0.0007
expertqa_1982,ace_mmr_160,ace,mmr,0.0,0.0,0.0,0.2632,1.0,0.5,150.0,1.0,1.0,0.0026
expertqa_55,ace_mmr_160,ace,mmr,0.0,0.0067,0.0,0.1951,1.0,0.2727,136.0,0.4545,0.0,0.0411
expertqa_378,ace_mmr_160,ace,mmr,0.0,0.0,0.0,0.1538,1.0,0.3333,146.0,0.8333,0.0,0.0007
expertqa_493,ace_mmr_160,ace,mmr,0.0,0.1569,0.0,0.3824,0.8333,0.6667,156.0,1.0,1.0,0.0006
expertqa_150,ace_mmr_160,ace,mmr,0.0,0.0,0.0,0.1558,0.0,0.0,151.0,0.0,0.0,0.9819
expertqa_883,ace_mmr_160,ace,mmr,0.0,0.0,0.0,0.2348,1.0,0.4286,153.0,0.7143,0.0,0.0155
expertqa_1113,ace_mmr_160,ace,mmr,0.0,0.0297,0.0,0.3071,0.7161,0.4,155.0,0.8,0.0,0.0046
expertqa_1631,ace_mmr_160,ace,mmr,0.0,0.0,0.0,0.208,0.1745,0.1429,149.0,0.1429,0.0,0.0036
expertqa_137,ace_mmr_160,ace,mmr,0.0,0.0,0.0,0.1658,1.0,0.125,152.0,0.3125,0.0,0.0136
expertqa_648,ace_mmr_160,ace,mmr,0.0,0.4074,0.0,0.5,0.2293,1.0,157.0,1.0,1.0,0.0024
expertqa_42,ace_mmr_160,ace,mmr,0.0,0.0,0.0,0.1781,0.5613,0.5,155.0,0.5,0.0,0.0018
expertqa_1789,ace_mmr_160,ace,mmr,0.0,0.0709,0.0,0.2529,0.4906,0.5,159.0,1.0,1.0,0.0039
expertqa_200,ace_mmr_160,ace,mmr,0.0,0.0,0.0,0.1898,0.5,0.1818,156.0,0.2727,0.0,0.0181
expertqa_767,ace_mmr_160,ace,mmr,0.0,0.0094,0.0,0.3308,1.0,0.3333,159.0,0.5556,0.0,0.1763
expertqa_552,ace_mmr_160,ace,mmr,0.0,0.1379,0.0,0.2152,1.0,0.6667,157.0,1.0,1.0,0.0005
expertqa_1625,ace_mmr_160,ace,mmr,0.0,0.0,0.0,0.375,0.8658,0.75,149.0,0.75,0.0,0.028
expertqa_1904,ace_mmr_160,ace,mmr,0.0,0.0,0.0,0.3017,0.5287,0.3333,157.0,1.0,1.0,0.0023
expertqa_54,ace_mmr_160,ace,mmr,0.0,0.0,0.0,0.284,1.0,0.4,160.0,0.8,0.0,0.0006
expertqa_382,ace_mmr_160,ace,mmr,0.0,0.069,0.0,0.1429,1.0,0.6,152.0,1.0,1.0,0.0021
expertqa_954,ace_mmr_160,ace,mmr,0.0,0.0,0.0,0.2727,1.0,0.6667,160.0,1.0,1.0,0.4619
expertqa_1866,ace_mmr_160,ace,mmr,0.0,0.0,0.0,0.1637,0.4459,0.25,148.0,0.25,0.0,0.1755
expertqa_1232,ace_mmr_160,ace,mmr,0.0,0.0106,0.0,0.2083,1.0,0.6667,149.0,1.0,1.0,0.0027
expertqa_379,ace_mmr_160,ace,mmr,0.0,0.0,0.0,0.1056,0.0,0.0,158.0,0.0909,0.0,0.0165
expertqa_1374,ace_mmr_160,ace,mmr,0.0,0.0088,0.0,0.1667,0.3962,0.3333,159.0,0.6667,0.0,0.0113
expertqa_231,ace_mmr_160,ace,mmr,0.0,0.0,0.0,0.6154,0.8269,1.0,156.0,1.0,1.0,0.0012
expertqa_85,ace_mmr_160,ace,mmr,0.0,0.0667,0.0,0.2381,0.7078,1.0,154.0,1.0,1.0,0.0418
expertqa_1978,ace_mmr_160,ace,mmr,0.0,0.0513,0.0,0.2593,0.6093,1.0,151.0,1.0,1.0,0.0021
expertqa_669,ace_mmr_160,ace,mmr,0.0,0.0833,0.0,0.2466,1.0,0.4,159.0,0.4,0.0,0.0022
expertqa_987,ace_mmr_160,ace,mmr,0.0,0.0,0.0,0.1774,0.8861,0.2222,158.0,0.4444,0.0,0.7643
expertqa_927,ace_mmr_160,ace,mmr,0.0,0.0,0.0,0.266,0.7812,0.5,160.0,0.5,0.0,0.0008
expertqa_1682,ace_mmr_160,ace,mmr,0.0,0.0,0.0,0.2807,0.6282,0.3333,156.0,1.0,1.0,0.1075
expertqa_169,ace_mmr_160,ace,mmr,0.0,0.0,0.0,0.4,1.0,1.0,147.0,1.0,1.0,0.0149
expertqa_606,ace_mmr_160,ace,mmr,0.0,0.0709,0.0,0.299,0.2838,0.3333,148.0,0.6667,0.0,0.0145
expertqa_1124,ace_mmr_160,ace,mmr,0.0,0.0546,0.0,0.3125,1.0,0.75,160.0,0.75,0.0,0.0005
expertqa_554,ace_mmr_160,ace,mmr,0.0,0.0,0.0,0.1875,0.0,0.0,155.0,0.0,0.0,0.0007
expertqa_1394,ace_mmr_160,ace,mmr,0.0,0.0,0.0,0.2683,1.0,0.6,155.0,1.0,1.0,0.0148
expertqa_1611,ace_mmr_160,ace,mmr,0.0,0.0,0.0,0.2391,0.2676,0.3333,142.0,0.6667,0.0,0.0067
expertqa_1110,ace_mmr_160,ace,mmr,0.0,0.0,0.0,0.1935,0.0,0.0,158.0,0.0,0.0,0.0115
expertqa_1015,ace_mmr_160,ace,mmr,0.0,0.0335,0.0,0.3232,1.0,0.25,159.0,0.625,0.0,0.0027
expertqa_487,ace_mmr_160,ace,mmr,0.0,0.0095,0.0,0.1984,0.0,0.0,160.0,0.0,0.0,0.005
expertqa_941,ace_mmr_160,ace,mmr,0.0,0.0331,0.0,0.3472,1.0,1.0,159.0,1.0,1.0,0.0105
expertqa_1160,ace_mmr_160,ace,mmr,0.0,0.0,0.0,0.3059,0.6424,0.3333,151.0,1.0,1.0,0.007
expertqa_1568,ace_mmr_160,ace,mmr,0.0,0.0748,0.0,0.2119,1.0,0.5,146.0,1.0,1.0,0.7037
expertqa_1273,ace_mmr_160,ace,mmr,0.0,0.0253,0.0,0.2617,1.0,0.3333,158.0,1.0,1.0,0.0347
expertqa_65,ace_mmr_160,ace,mmr,0.0,0.0498,0.0,0.2216,1.0,0.5,151.0,0.625,0.0,0.0064
expertqa_3,ace_mmr_160,ace,mmr,0.0,0.0143,0.0,0.1854,1.0,0.2727,158.0,0.2727,0.0,0.9673
expertqa_201,ace_mmr_160,ace,mmr,0.0,0.0,0.0,0.2317,1.0,0.2,160.0,0.2667,0.0,0.5373
expertqa_938,ace_mmr_160,ace,mmr,0.0,0.0342,0.0,0.5476,1.0,0.6667,157.0,1.0,1.0,0.0013
expertqa_924,ace_mmr_160,ace,mmr,0.0,0.0,0.0,0.4419,1.0,0.6667,157.0,1.0,1.0,0.0005
expertqa_376,ace_mmr_160,ace,mmr,0.0,0.0244,0.0,0.4151,0.4196,0.25,143.0,0.75,0.0,0.001
expertqa_2014,ace_mmr_160,ace,mmr,0.0,0.0545,0.0,0.3264,0.8438,0.75,160.0,0.75,0.0,0.006
expertqa_1569,ace_mmr_160,ace,mmr,0.0,0.0811,0.0,0.4348,1.0,0.6667,158.0,1.0,1.0,0.0019
expertqa_1276,ace_mmr_160,ace,mmr,0.0,0.0,0.0,0.2949,1.0,0.75,144.0,1.0,1.0,0.0323
expertqa_1001,ace_mmr_160,ace,mmr,0.0,0.4267,0.0,0.4211,1.0,0.75,151.0,1.0,1.0,0.4299
expertqa_1031,ace_mmr_160,ace,mmr,0.0,0.0435,0.0,0.3333,1.0,1.0,157.0,1.0,1.0,0.0061
expertqa_1998,ace_mmr_160,ace,mmr,0.0,0.0,0.0,0.2222,0.8491,0.5,159.0,0.5,0.0,0.0045
expertqa_1918,ace_mmr_160,ace,mmr,0.0,0.0288,0.0,0.1613,0.3677,1.0,155.0,1.0,1.0,0.0264
expertqa_1,ace_mmr_160,ace,mmr,0.0,0.055,0.0,0.2532,0.465,0.3333,157.0,0.6667,0.0,0.0035
expertqa_926,ace_mmr_160,ace,mmr,0.0,0.0267,0.0,0.4062,0.2792,0.25,154.0,0.25,0.0,0.0006
expertqa_912,ace_mmr_160,ace,mmr,0.0,0.0541,0.0,0.2037,1.0,0.5,157.0,0.5,0.0,0.0024
expertqa_1105,ace_mmr_160,ace,mmr,0.0,0.0,0.0,0.375,1.0,0.25,152.0,0.75,0.0,0.0006
expertqa_1595,ace_mmr_160,ace,mmr,0.0,0.046,0.0,0.3906,0.8776,1.0,147.0,1.0,1.0,0.0223
expertqa_572,ace_mmr_160,ace,mmr,0.0,0.0,0.0,0.28,1.0,1.0,159.0,1.0,1.0,0.0016
expertqa_1193,ace_mmr_160,ace,mmr,0.0,0.0137,0.0,0.2842,0.8904,0.3333,146.0,1.0,1.0,0.0007
expertqa_738,ace_mmr_160,ace,mmr,0.0,0.0,0.0,0.25,0.3962,0.2,159.0,0.2,0.0,0.0026
expertqa_61,ace_mmr_160,ace,mmr,0.0,0.0,0.0,0.0765,0.0,0.0,160.0,0.0,0.0,0.0061
expertqa_1382,ace_mmr_160,ace,mmr,0.0,0.0,0.0,0.2273,0.0,0.0,151.0,0.6667,0.0,0.0006
expertqa_1317,ace_mmr_160,ace,mmr,0.0,0.0,0.0,0.12,0.7532,0.25,158.0,0.25,0.0,0.0024
expertqa_31,ace_mmr_160,ace,mmr,0.0,0.0,0.0,0.1688,0.1119,0.0769,143.0,0.1538,0.0,0.2321
expertqa_1813,ace_mmr_160,ace,mmr,0.0,0.0,0.0,0.186,0.5687,1.0,160.0,1.0,1.0,0.0024
expertqa_1435,ace_mmr_160,ace,mmr,0.0,0.093,0.0,0.6757,1.0,1.0,158.0,1.0,1.0,0.1655
expertqa_943,ace_mmr_160,ace,mmr,0.0,0.0662,0.0,0.2065,0.7688,0.5,160.0,0.5,0.0,0.0026
expertqa_8,ace_mmr_160,ace,mmr,0.0,0.0,0.0,0.4074,1.0,1.0,147.0,1.0,1.0,0.0068
expertqa_873,ace_mmr_160,ace,mmr,0.0,0.0157,0.0,0.2222,1.0,0.4,154.0,0.8,0.0,0.4553
expertqa_1850,ace_mmr_160,ace,mmr,0.0,0.0,0.0,0.3333,0.4904,0.3333,157.0,0.6667,0.0,0.0006
expertqa_705,ace_mmr_160,ace,mmr,0.0,0.0,0.0,0.4247,1.0,0.6667,145.0,1.0,1.0,0.0006
expertqa_1731,ace_mmr_160,ace,mmr,0.0,0.0,0.0,0.1701,0.7562,0.6667,160.0,1.0,1.0,0.0023
expertqa_457,ace_mmr_160,ace,mmr,0.0,0.0101,0.0,0.218,0.4615,0.6667,156.0,0.6667,0.0,0.0021
expertqa_636,ace_mmr_160,ace,mmr,0.0,0.0845,0.0,0.4902,1.0,1.0,151.0,1.0,1.0,0.008
expertqa_1197,ace_mmr_160,ace,mmr,0.0,0.0429,0.0,0.2875,0.0,0.0,157.0,1.0,1.0,0.001
expertqa_614,ace_mmr_160,ace,mmr,0.0,0.0879,0.0,0.1852,0.0,0.0,154.0,0.5,0.0,0.0069
expertqa_1830,ace_mmr_160,ace,mmr,0.0,0.0091,0.0,0.2713,1.0,0.5,150.0,1.0,1.0,0.001
expertqa_354,ace_mmr_160,ace,mmr,0.0,0.0,0.0,0.3143,0.5359,0.5,153.0,1.0,1.0,0.0005
expertqa_595,ace_mmr_160,ace,mmr,0.0,0.0238,0.0,0.23,0.7308,0.3333,156.0,0.5,0.0,0.0212
expertqa_63,ace_mmr_160,ace,mmr,0.0,0.0104,0.0,0.2364,0.7124,0.3333,153.0,0.5,0.0,0.0476
expertqa_1115,ace_mmr_160,ace,mmr,0.0,0.0,0.0,0.1731,1.0,0.5,148.0,0.75,0.0,0.0003
expertqa_1041,ace_mmr_160,ace,mmr,0.0,0.0829,0.0,0.2391,1.0,0.4,160.0,1.0,1.0,0.976
expertqa_442,ace_mmr_160,ace,mmr,0.0,0.0,0.0,0.2462,0.0,0.0,155.0,0.0,0.0,0.0041
expertqa_1650,ace_mmr_160,ace,mmr,0.0,0.0408,0.0,0.2432,0.879,0.6667,157.0,1.0,1.0,0.0017
expertqa_1268,ace_mmr_160,ace,mmr,0.0,0.0,0.0,0.1744,0.0,0.0,155.0,0.0,0.0,0.0014
expertqa_865,ace_mmr_160,ace,mmr,0.0,0.0,0.0,0.1754,0.1667,0.25,156.0,0.25,0.0,0.0011
expertqa_1968,ace_mmr_160,ace,mmr,0.0,0.0283,0.0,0.1895,1.0,0.1818,158.0,0.2727,0.0,0.0407
expertqa_36,ace_mmr_160,ace,mmr,0.0,0.0741,0.0,0.3222,1.0,0.75,160.0,1.0,1.0,0.0104
expertqa_1510,ace_mmr_160,ace,mmr,0.0,0.0,0.0,0.2787,1.0,0.25,160.0,0.5,0.0,0.0475
expertqa_1241,ace_mmr_160,ace,mmr,0.0,0.0,0.0,0.2941,0.5921,0.6667,152.0,1.0,1.0,0.0006
expertqa_1913,ace_mmr_160,ace,mmr,0.0,0.32,0.0,0.4583,0.8544,0.3333,158.0,1.0,1.0,0.0033
expertqa_4,ace_mmr_160,ace,mmr,0.0,0.0,0.0,0.3984,1.0,0.5,153.0,1.0,1.0,0.2525
expertqa_1414,ace_mmr_160,ace,mmr,0.0,0.184,0.0,0.2211,1.0,0.6667,154.0,0.6667,0.0,0.1138
expertqa_882,ace_mmr_160,ace,mmr,0.0,0.0,0.0,0.1466,0.3,0.3333,160.0,0.3333,0.0,0.0391
expertqa_855,ace_mmr_160,ace,mmr,0.0,0.0,0.0,0.1667,0.0,0.0,159.0,0.0,0.0,0.0005
expertqa_270,ace_mmr_160,ace,mmr,0.0,0.0,0.0,0.3086,0.6556,0.3333,151.0,1.0,1.0,0.006
expertqa_114,ace_mmr_160,ace,mmr,0.0,0.0,0.0,0.1985,0.5157,0.1667,159.0,0.1667,0.0,0.0049
expertqa_95,ace_mmr_160,ace,mmr,0.0,0.3333,0.0,0.2667,0.6419,1.0,148.0,1.0,1.0,0.0004
expertqa_167,ace_mmr_160,ace,mmr,0.0,0.0593,0.0,0.3497,1.0,0.75,157.0,1.0,1.0,0.0237
expertqa_702,ace_mmr_160,ace,mmr,0.0,0.0,0.0,0.3784,1.0,0.6667,154.0,1.0,1.0,0.0003
expertqa_1641,ace_mmr_160,ace,mmr,0.0,0.0,0.0,0.5088,1.0,1.0,156.0,1.0,1.0,0.0008
expertqa_783,ace_mmr_160,ace,mmr,0.0,0.0,0.0,0.5667,0.7516,0.5,157.0,0.5,0.0,0.0034
expertqa_1116,ace_mmr_160,ace,mmr,0.0,0.0,0.0,0.1517,0.3205,0.3333,156.0,1.0,1.0,0.9539
expertqa_816,ace_mmr_160,ace,mmr,0.0,0.0,0.0,0.4062,1.0,1.0,150.0,1.0,1.0,0.024
expertqa_1191,ace_mmr_160,ace,mmr,0.0,0.0,0.0,0.2414,0.6776,0.25,152.0,0.25,0.0,0.0041
expertqa_1581,ace_mmr_160,ace,mmr,0.0,0.01,0.0,0.2213,1.0,0.2222,153.0,0.4444,0.0,0.0056
expertqa_1486,ace_mmr_160,ace,mmr,0.0,0.2482,0.0,0.3735,1.0,0.6,158.0,0.6,0.0,0.003
expertqa_1081,ace_submod_160,ace,submod,0.0,0.137,0.0,0.3333,1.0,1.0,160.0,1.0,1.0,0.002
expertqa_393,ace_submod_160,ace,submod,0.0,0.0164,0.0,0.4875,0.4839,0.5,124.0,1.0,1.0,0.9152
expertqa_1162,ace_submod_160,ace,submod,0.0,0.0732,0.0,0.3,1.0,1.0,139.0,1.0,1.0,0.0062
expertqa_1860,ace_submod_160,ace,submod,0.0,0.0,0.0,0.1884,0.0,0.0,160.0,0.0,0.0,0.0059
expertqa_1460,ace_submod_160,ace,submod,0.0,0.0,0.0,0.2031,0.2484,0.5,153.0,1.0,1.0,0.0005
expertqa_2021,ace_submod_160,ace,submod,0.0,0.0678,0.0,0.1941,1.0,0.6,105.0,1.0,1.0,0.501
expertqa_116,ace_submod_160,ace,submod,0.0,0.0,0.0,0.2394,0.1772,0.25,158.0,0.5,0.0,0.0006
expertqa_725,ace_submod_160,ace,submod,0.0,0.0588,0.0,0.382,0.8601,0.6,143.0,0.8,0.0,0.0824
expertqa_422,ace_submod_160,ace,submod,0.0,0.0606,0.0,0.4884,1.0,0.6667,153.0,1.0,1.0,0.0028
expertqa_809,ace_submod_160,ace,submod,0.0,0.0,0.0,0.2955,0.2201,0.5,159.0,1.0,1.0,0.001
expertqa_251,ace_submod_160,ace,submod,0.0,0.0652,0.0,0.3521,1.0,0.75,150.0,0.75,0.0,0.4711
expertqa_67,ace_submod_160,ace,submod,0.0,0.0,0.0,0.3056,1.0,0.6667,144.0,1.0,1.0,0.0063
expertqa_1471,ace_submod_160,ace,submod,0.0,0.0822,0.0,0.22,0.6867,0.6667,150.0,0.6667,0.0,0.0008
expertqa_1452,ace_submod_160,ace,submod,0.0,0.0,0.0,0.2738,0.7799,0.6667,159.0,0.6667,0.0,0.0009
expertqa_1368,ace_submod_160,ace,submod,0.0,0.0108,0.0,0.2336,0.2484,0.1111,157.0,0.1111,0.0,0.0064
expertqa_154,ace_submod_160,ace,submod,0.0,0.0197,0.0,0.2215,0.3063,0.3333,160.0,0.3333,0.0,0.6457
expertqa_60,ace_submod_160,ace,submod,0.0,0.0,0.0,0.1333,0.3503,0.0667,157.0,0.2,0.0,0.0012
expertqa_1034,ace_submod_160,ace,submod,0.0,0.0,0.0,0.16,0.2484,0.2,157.0,0.6,0.0,0.0225
expertqa_1401,ace_submod_160,ace,submod,0.0,0.012,0.0,0.2252,0.0,0.0,159.0,1.0,1.0,0.0182
expertqa_1974,ace_submod_160,ace,submod,0.0,0.0325,0.0,0.2771,0.4554,0.3333,101.0,1.0,1.0,0.8876
expertqa_494,ace_submod_160,ace,submod,0.0,0.3908,0.0,0.4444,0.1625,0.5,160.0,0.5,0.0,0.0006
expertqa_740,ace_submod_160,ace,submod,0.0,0.0241,0.0,0.2718,0.8187,1.0,160.0,1.0,1.0,0.6808
expertqa_1027,ace_submod_160,ace,submod,0.0,0.0,0.0,0.2568,0.8553,1.0,159.0,1.0,1.0,0.0003
expertqa_1661,ace_submod_160,ace,submod,0.0,0.0154,0.0,0.2471,0.6688,1.0,154.0,1.0,1.0,0.004
expertqa_822,ace_submod_160,ace,submod,0.0,0.0,0.0,0.3,0.2038,0.3333,157.0,0.6667,0.0,0.0003
expertqa_533,ace_submod_160,ace,submod,0.0,0.1097,0.0,0.3621,1.0,0.8,160.0,1.0,1.0,0.0099
expertqa_1047,ace_submod_160,ace,submod,0.0,0.0,0.0,0.413,0.6536,1.0,153.0,1.0,1.0,0.0172
expertqa_168,ace_submod_160,ace,submod,0.0,0.0143,0.0,0.2044,1.0,0.1538,159.0,0.3846,0.0,0.0024
expertqa_1996,ace_submod_160,ace,submod,0.0,0.0119,0.0,0.3441,1.0,0.375,159.0,0.625,0.0,0.0138
expertqa_1872,ace_submod_160,ace,submod,0.0,0.1905,0.0,0.3784,0.3548,1.0,155.0,1.0,1.0,0.0492
expertqa_1090,ace_submod_160,ace,submod,0.0,0.0444,0.0,0.3607,1.0,0.6,159.0,0.8,0.0,0.0325
expertqa_86,ace_submod_160,ace,submod,0.0,0.0,0.0,0.1791,0.0,0.0,157.0,1.0,1.0,0.0021
expertqa_589,ace_submod_160,ace,submod,0.0,0.0,0.0,0.1562,0.0,0.0,157.0,1.0,1.0,0.0095
expertqa_1237,ace_submod_160,ace,submod,0.0,0.0,0.0,0.3538,0.18,0.3333,150.0,0.6667,0.0,0.0005
expertqa_1792,ace_submod_160,ace,submod,0.0,0.0,0.0,0.1923,0.5342,0.5,73.0,0.5,0.0,0.0003
expertqa_1821,ace_submod_160,ace,submod,0.0,0.0641,0.0,0.3196,1.0,0.5,155.0,1.0,1.0,0.4785
expertqa_409,ace_submod_160,ace,submod,0.0,0.0592,0.0,0.4107,0.7987,0.3333,159.0,1.0,1.0,0.0044
expertqa_728,ace_submod_160,ace,submod,0.0,0.018,0.0,0.1829,0.4432,0.25,88.0,0.5,0.0,0.0005
expertqa_66,ace_submod_160,ace,submod,0.0,0.0104,0.0,0.165,0.7266,0.375,139.0,0.5,0.0,0.0052
expertqa_944,ace_submod_160,ace,submod,0.0,0.0095,0.0,0.2388,0.6797,0.75,153.0,1.0,1.0,0.0897
expertqa_1407,ace_submod_160,ace,submod,0.0,0.0,0.0,0.35,0.6351,1.0,148.0,1.0,1.0,0.0192
expertqa_1886,ace_submod_160,ace,submod,0.0,0.34,0.0,0.3455,0.8313,0.6667,160.0,1.0,1.0,0.0016
expertqa_1810,ace_submod_160,ace,submod,0.0,0.0,0.0,0.1949,0.413,0.1,138.0,0.2,0.0,0.0025
expertqa_70,ace_submod_160,ace,submod,0.0,0.0198,0.0,0.3097,0.8654,0.5,156.0,1.0,1.0,0.0095
expertqa_543,ace_submod_160,ace,submod,0.0,0.0,0.0,0.3077,1.0,0.75,156.0,1.0,1.0,0.0009
expertqa_897,ace_submod_160,ace,submod,0.0,0.0887,0.0,0.3571,0.717,0.4,159.0,0.6,0.0,0.0068
expertqa_1732,ace_submod_160,ace,submod,0.0,0.0,0.0,0.1913,0.5714,1.0,147.0,1.0,1.0,0.0008
expertqa_2030,ace_submod_160,ace,submod,0.0,0.0,0.0,0.3095,1.0,0.8,160.0,1.0,1.0,0.0024
expertqa_2027,ace_submod_160,ace,submod,0.0,0.0357,0.0,0.2442,1.0,0.5,140.0,0.8333,0.0,0.0015
expertqa_226,ace_submod_160,ace,submod,0.0,0.0692,0.0,0.1773,0.5094,0.5,159.0,0.5,0.0,0.0016
expertqa_690,ace_submod_160,ace,submod,0.0,0.0,0.0,0.2967,0.4906,1.0,159.0,1.0,1.0,0.0654
expertqa_1660,ace_submod_160,ace,submod,0.0,0.0134,0.0,0.1373,0.0,0.0,151.0,0.0,0.0,0.0018
expertqa_1155,ace_submod_160,ace,submod,0.0,0.0561,0.0,0.2432,0.8077,0.6667,156.0,0.6667,0.0,0.1515
expertqa_584,ace_submod_160,ace,submod,0.0,0.0317,0.0,0.3523,0.5,0.5,156.0,0.5,0.0,0.0046
expertqa_787,ace_submod_160,ace,submod,0.0,0.0935,0.0,0.225,1.0,0.5714,145.0,0.7143,0.0,0.0103
expertqa_1686,ace_submod_160,ace,submod,0.0,0.0877,0.0,0.2366,0.6376,0.6667,149.0,1.0,1.0,0.5478
expertqa_1647,ace_submod_160,ace,submod,0.0,0.0,0.0,0.3793,0.2625,1.0,160.0,1.0,1.0,0.0008
expertqa_1271,ace_submod_160,ace,submod,0.0,0.0,0.0,0.2077,0.8207,0.4,145.0,0.4,0.0,0.0034
expertqa_1579,ace_submod_160,ace,submod,0.0,0.0,0.0,0.3651,0.6133,0.75,150.0,1.0,1.0,0.0019
expertqa_1651,ace_submod_160,ace,submod,0.0,0.12,0.0,0.2568,0.5962,0.6667,156.0,0.6667,0.0,0.0156
expertqa_1409,ace_submod_160,ace,submod,0.0,0.0973,0.0,0.2376,0.4214,0.25,159.0,0.25,0.0,0.001
expertqa_1098,ace_submod_160,ace,submod,0.0,0.0,0.0,0.1408,0.0,0.0,160.0,0.0,0.0,0.0017
expertqa_1205,ace_submod_160,ace,submod,0.0,0.0237,0.0,0.225,0.8278,0.4286,151.0,0.5714,0.0,0.0012
expertqa_857,ace_submod_160,ace,submod,0.0,0.0,0.0,0.2821,0.7533,0.6,150.0,0.8,0.0,0.0011
expertqa_1156,ace_submod_160,ace,submod,0.0,0.0,0.0,0.2289,0.4562,0.5,160.0,0.75,0.0,0.0006
expertqa_490,ace_submod_160,ace,submod,0.0,0.0195,0.0,0.2308,0.5127,1.0,158.0,1.0,1.0,0.1827
expertqa_1948,ace_submod_160,ace,submod,0.0,0.0,0.0,0.1,1.0,0.3333,72.0,0.6667,0.0,0.0003
expertqa_2010,ace_submod_160,ace,submod,0.0,0.0,0.0,0.2101,0.5414,0.2222,157.0,0.2222,0.0,0.0051
expertqa_1456,ace_submod_160,ace,submod,0.0,0.04,0.0,0.3,0.6323,1.0,155.0,1.0,1.0,0.0006
expertqa_206,ace_submod_160,ace,submod,0.0,0.0,0.0,0.2121,1.0,0.2222,139.0,0.2222,0.0,0.0013
expertqa_1146,ace_submod_160,ace,submod,0.0,0.0765,0.0,0.1717,0.0,0.0,160.0,0.0,0.0,0.0029
expertqa_573,ace_submod_160,ace,submod,0.0,0.0305,0.0,0.2857,1.0,0.5,149.0,1.0,1.0,0.9252
expertqa_218,ace_submod_160,ace,submod,0.0,0.0885,0.0,0.3333,0.487,0.3333,154.0,0.5,0.0,0.0025
expertqa_314,ace_submod_160,ace,submod,0.0,0.0345,0.0,0.3012,1.0,1.0,156.0,1.0,1.0,0.0011
expertqa_1580,ace_submod_160,ace,submod,0.0,0.0,0.0,0.5484,1.0,0.6667,144.0,0.6667,0.0,0.0081
expertqa_1010,ace_submod_160,ace,submod,0.0,0.0745,0.0,0.2596,0.5125,0.5,160.0,1.0,1.0,0.0012
expertqa_909,ace_submod_160,ace,submod,0.0,0.2716,0.0,0.29,0.5096,0.75,157.0,0.75,0.0,0.0006
expertqa_1079,ace_submod_160,ace,submod,0.0,0.0333,0.0,0.359,0.6358,0.6667,151.0,1.0,1.0,0.0006
expertqa_1381,ace_submod_160,ace,submod,0.0,0.0,0.0,0.2388,0.5974,0.6667,154.0,0.6667,0.0,0.0117
expertqa_203,ace_submod_160,ace,submod,0.0,0.032,0.0,0.314,0.8987,1.0,158.0,1.0,1.0,0.0009
expertqa_467,ace_submod_160,ace,submod,0.0,0.0,0.0,0.1683,0.375,0.5,160.0,0.75,0.0,0.0015
expertqa_220,ace_submod_160,ace,submod,0.0,0.2182,0.0,0.5385,0.4795,1.0,146.0,1.0,1.0,0.0005
expertqa_1359,ace_submod_160,ace,submod,0.0,0.0,0.0,0.2,0.4065,0.3333,155.0,1.0,1.0,0.0007
expertqa_1629,ace_submod_160,ace,submod,0.0,0.0118,0.0,0.3258,0.5723,0.5,159.0,1.0,1.0,0.0092
expertqa_1674,ace_submod_160,ace,submod,0.0,0.0,0.0,0.2034,0.0,0.0,149.0,0.0,0.0,0.0011
expertqa_977,ace_submod_160,ace,submod,0.0,0.0,0.0,0.3404,0.2993,1.0,147.0,1.0,1.0,0.0007
expertqa_922,ace_submod_160,ace,submod,0.0,0.0,0.0,0.2637,0.4268,0.5,157.0,1.0,1.0,0.0011
expertqa_130,ace_submod_160,ace,submod,0.0,0.0,0.0,0.2319,0.6382,0.75,152.0,0.75,0.0,0.0042
expertqa_1774,ace_submod_160,ace,submod,0.0,0.0,0.0,0.2083,0.5909,1.0,154.0,1.0,1.0,0.0003
expertqa_1806,ace_submod_160,ace,submod,0.0,0.0234,0.0,0.3679,1.0,1.0,146.0,1.0,1.0,0.9585
expertqa_810,ace_submod_160,ace,submod,0.0,0.0198,0.0,0.3333,0.4706,1.0,153.0,1.0,1.0,0.0013
expertqa_1982,ace_submod_160,ace,submod,0.0,0.0,0.0,0.4079,1.0,0.75,157.0,1.0,1.0,0.0003
expertqa_55,ace_submod_160,ace,submod,0.0,0.0,0.0,0.2073,1.0,0.3636,152.0,0.4545,0.0,0.0014
expertqa_378,ace_submod_160,ace,submod,0.0,0.0,0.0,0.2436,1.0,0.5,142.0,0.8333,0.0,0.0007
expertqa_493,ace_submod_160,ace,submod,0.0,0.1695,0.0,0.4118,0.8333,0.6667,156.0,1.0,1.0,0.0006
expertqa_150,ace_submod_160,ace,submod,0.0,0.0,0.0,0.1883,0.0,0.0,142.0,0.0,0.0,0.9906
expertqa_883,ace_submod_160,ace,submod,0.0,0.0,0.0,0.1818,1.0,0.5714,159.0,0.7143,0.0,0.0182
expertqa_1113,ace_submod_160,ace,submod,0.0,0.0,0.0,0.252,0.8366,0.6,153.0,0.8,0.0,0.0078
expertqa_1631,ace_submod_160,ace,submod,0.0,0.0372,0.0,0.304,0.1635,0.1429,159.0,0.1429,0.0,0.02
expertqa_137,ace_submod_160,ace,submod,0.0,0.0,0.0,0.1608,1.0,0.1875,142.0,0.3125,0.0,0.0165
expertqa_648,ace_submod_160,ace,submod,0.0,0.0,0.0,0.4474,0.3913,1.0,92.0,1.0,1.0,0.0235
expertqa_42,ace_submod_160,ace,submod,0.0,0.0,0.0,0.1644,0.1013,0.5,158.0,0.5,0.0,0.001
expertqa_1789,ace_submod_160,ace,submod,0.0,0.0704,0.0,0.1724,0.6145,0.25,83.0,1.0,1.0,0.0179
expertqa_200,ace_submod_160,ace,submod,0.0,0.0,0.0,0.1898,0.6471,0.1818,153.0,0.2727,0.0,0.0007
expertqa_767,ace_submod_160,ace,submod,0.0,0.0,0.0,0.2462,1.0,0.4444,141.0,0.5556,0.0,0.0649
expertqa_552,ace_submod_160,ace,submod,0.0,0.0357,0.0,0.3291,0.9315,0.6667,146.0,1.0,1.0,0.0005
expertqa_1625,ace_submod_160,ace,submod,0.0,0.0,0.0,0.3594,0.6736,0.75,144.0,0.75,0.0,0.0039
expertqa_1904,ace_submod_160,ace,submod,0.0,0.0388,0.0,0.3276,0.5764,0.3333,144.0,1.0,1.0,0.0008
expertqa_54,ace_submod_160,ace,submod,0.0,0.0,0.0,0.2222,0.8591,0.6,149.0,0.8,0.0,0.0011
expertqa_382,ace_submod_160,ace,submod,0.0,0.0674,0.0,0.2381,1.0,0.6,147.0,1.0,1.0,0.0004
expertqa_954,ace_submod_160,ace,submod,0.0,0.0,0.0,0.25,0.7987,1.0,154.0,1.0,1.0,0.0092
expertqa_1866,ace_submod_160,ace,submod,0.0,0.0,0.0,0.1637,0.4681,0.25,141.0,0.25,0.0,0.7865
expertqa_1232,ace_submod_160,ace,submod,0.0,0.0,0.0,0.225,0.6471,0.6667,153.0,1.0,1.0,0.0017
expertqa_379,ace_submod_160,ace,submod,0.0,0.0,0.0,0.0932,0.3163,0.0909,98.0,0.0909,0.0,0.0497
expertqa_1374,ace_submod_160,ace,submod,0.0,0.0,0.0,0.1944,0.5137,0.3333,146.0,0.6667,0.0,0.002
expertqa_231,ace_submod_160,ace,submod,0.0,0.0,0.0,0.4872,0.2949,0.5,156.0,1.0,1.0,0.0014
expertqa_85,ace_submod_160,ace,submod,0.0,0.0667,0.0,0.3571,0.3642,1.0,151.0,1.0,1.0,0.0005
expertqa_1978,ace_submod_160,ace,submod,0.0,0.0513,0.0,0.3333,0.6133,1.0,150.0,1.0,1.0,0.0024
expertqa_669,ace_submod_160,ace,submod,0.0,0.0426,0.0,0.2603,0.8481,0.4,158.0,0.4,0.0,0.0022
expertqa_987,ace_submod_160,ace,submod,0.0,0.0,0.0,0.25,0.8354,0.3333,158.0,0.4444,0.0,0.2358
expertqa_927,ace_submod_160,ace,submod,0.0,0.0,0.0,0.1702,0.2868,0.5,136.0,0.5,0.0,0.0004
expertqa_1682,ace_submod_160,ace,submod,0.0,0.0,0.0,0.2807,0.4444,0.6667,144.0,1.0,1.0,0.0016
expertqa_169,ace_submod_160,ace,submod,0.0,0.1818,0.0,0.7,1.0,1.0,158.0,1.0,1.0,0.001
expertqa_606,ace_submod_160,ace,submod,0.0,0.029,0.0,0.2887,0.443,0.3333,158.0,0.6667,0.0,0.0006
expertqa_1124,ace_submod_160,ace,submod,0.0,0.0546,0.0,0.2321,1.0,0.75,151.0,0.75,0.0,0.0005
expertqa_554,ace_submod_160,ace,submod,0.0,0.0,0.0,0.2188,0.0,0.0,158.0,0.0,0.0,0.0007
expertqa_1394,ace_submod_160,ace,submod,0.0,0.0404,0.0,0.252,1.0,0.8,149.0,1.0,1.0,0.0239
expertqa_1611,ace_submod_160,ace,submod,0.0,0.0,0.0,0.2717,0.538,0.3333,158.0,0.6667,0.0,0.0092
expertqa_1110,ace_submod_160,ace,submod,0.0,0.0,0.0,0.2688,0.0,0.0,158.0,0.0,0.0,0.0016
expertqa_1015,ace_submod_160,ace,submod,0.0,0.0753,0.0,0.2828,1.0,0.375,145.0,0.625,0.0,0.0052
expertqa_487,ace_submod_160,ace,submod,0.0,0.0,0.0,0.1508,0.0,0.0,144.0,0.0,0.0,0.0093
expertqa_941,ace_submod_160,ace,submod,0.0,0.0,0.0,0.1806,0.4803,1.0,152.0,1.0,1.0,0.0163
expertqa_1160,ace_submod_160,ace,submod,0.0,0.0,0.0,0.2588,0.5786,0.3333,140.0,1.0,1.0,0.0772
expertqa_1568,ace_submod_160,ace,submod,0.0,0.0141,0.0,0.178,0.425,0.5,160.0,1.0,1.0,0.0019
expertqa_1273,ace_submod_160,ace,submod,0.0,0.0253,0.0,0.1589,0.3688,0.3333,160.0,1.0,1.0,0.0019
expertqa_65,ace_submod_160,ace,submod,0.0,0.0289,0.0,0.2275,1.0,0.5,157.0,0.625,0.0,0.002
expertqa_3,ace_submod_160,ace,submod,0.0,0.0,0.0,0.1987,0.5033,0.1818,153.0,0.2727,0.0,0.0439
expertqa_201,ace_submod_160,ace,submod,0.0,0.0,0.0,0.2073,0.7375,0.2,160.0,0.2667,0.0,0.0074
expertqa_938,ace_submod_160,ace,submod,0.0,0.1884,0.0,0.3929,0.5871,0.6667,155.0,1.0,1.0,0.0009
expertqa_924,ace_submod_160,ace,submod,0.0,0.0,0.0,0.3953,0.8425,1.0,146.0,1.0,1.0,0.0008
expertqa_376,ace_submod_160,ace,submod,0.0,0.0,0.0,0.3208,1.0,0.75,156.0,0.75,0.0,0.0008
expertqa_2014,ace_submod_160,ace,submod,0.0,0.0545,0.0,0.2986,0.6948,0.5,154.0,0.75,0.0,0.0216
expertqa_1569,ace_submod_160,ace,submod,0.0,0.1519,0.0,0.3696,0.7179,0.6667,156.0,1.0,1.0,0.0165
expertqa_1276,ace_submod_160,ace,submod,0.0,0.0,0.0,0.3077,1.0,0.75,146.0,1.0,1.0,0.0081
expertqa_1001,ace_submod_160,ace,submod,0.0,0.1455,0.0,0.2368,1.0,0.5,81.0,1.0,1.0,0.899
expertqa_1031,ace_submod_160,ace,submod,0.0,0.0611,0.0,0.2222,0.8986,1.0,148.0,1.0,1.0,0.0052
expertqa_1998,ace_submod_160,ace,submod,0.0,0.0,0.0,0.1235,0.7383,0.5,107.0,0.5,0.0,0.0045
expertqa_1918,ace_submod_160,ace,submod,0.0,0.0147,0.0,0.1097,0.0,0.0,150.0,1.0,1.0,0.0099
expertqa_1,ace_submod_160,ace,submod,0.0,0.0189,0.0,0.2911,0.7862,0.6667,159.0,0.6667,0.0,0.0008
expertqa_926,ace_submod_160,ace,submod,0.0,0.0267,0.0,0.3594,0.281,0.25,153.0,0.25,0.0,0.0023
expertqa_912,ace_submod_160,ace,submod,0.0,0.0,0.0,0.2593,0.5,0.5,150.0,0.5,0.0,0.0063
expertqa_1105,ace_submod_160,ace,submod,0.0,0.0,0.0,0.375,1.0,0.75,158.0,0.75,0.0,0.0005
expertqa_1595,ace_submod_160,ace,submod,0.0,0.046,0.0,0.4219,0.8831,0.6667,154.0,1.0,1.0,0.0358
expertqa_572,ace_submod_160,ace,submod,0.0,0.1096,0.0,0.28,0.8608,1.0,158.0,1.0,1.0,0.0137
expertqa_1193,ace_submod_160,ace,submod,0.0,0.0,0.0,0.3579,0.7115,1.0,156.0,1.0,1.0,0.0007
expertqa_738,ace_submod_160,ace,submod,0.0,0.0102,0.0,0.325,0.5159,0.2,157.0,0.2,0.0,0.0283
expertqa_61,ace_submod_160,ace,submod,0.0,0.0,0.0,0.0306,0.0,0.0,63.0,0.0,0.0,0.1845
expertqa_1382,ace_submod_160,ace,submod,0.0,0.0,0.0,0.3523,0.3576,0.3333,151.0,0.6667,0.0,0.0052
expertqa_1317,ace_submod_160,ace,submod,0.0,0.0,0.0,0.16,0.3087,0.25,149.0,0.25,0.0,0.0004
expertqa_31,ace_submod_160,ace,submod,0.0,0.0074,0.0,0.1875,0.462,0.1538,158.0,0.1538,0.0,0.0863
expertqa_1813,ace_submod_160,ace,submod,0.0,0.0,0.0,0.1977,0.6067,1.0,150.0,1.0,1.0,0.0006
expertqa_1435,ace_submod_160,ace,submod,0.0,0.0476,0.0,0.3243,0.6204,0.6667,137.0,1.0,1.0,0.0057
expertqa_943,ace_submod_160,ace,submod,0.0,0.0662,0.0,0.2174,0.2697,0.5,152.0,0.5,0.0,0.0011
expertqa_8,ace_submod_160,ace,submod,0.0,0.0556,0.0,0.3519,0.4204,1.0,157.0,1.0,1.0,0.0019
expertqa_873,ace_submod_160,ace,submod,0.0,0.0159,0.0,0.2556,1.0,0.4,140.0,0.8,0.0,0.0034
expertqa_1850,ace_submod_160,ace,submod,0.0,0.0,0.0,0.3333,0.6405,0.6667,153.0,0.6667,0.0,0.0015
expertqa_705,ace_submod_160,ace,submod,0.0,0.0,0.0,0.2877,0.8369,0.3333,141.0,1.0,1.0,0.0005
expertqa_1731,ace_submod_160,ace,submod,0.0,0.0,0.0,0.2109,0.7292,0.6667,144.0,1.0,1.0,0.0272
expertqa_457,ace_submod_160,ace,submod,0.0,0.0299,0.0,0.1955,0.6479,0.6667,142.0,0.6667,0.0,0.0004
expertqa_636,ace_submod_160,ace,submod,0.0,0.0857,0.0,0.4706,0.7312,1.0,160.0,1.0,1.0,0.0024
expertqa_1197,ace_submod_160,ace,submod,0.0,0.0694,0.0,0.4625,0.443,1.0,158.0,1.0,1.0,0.0008
expertqa_614,ace_submod_160,ace,submod,0.0,0.046,0.0,0.2593,0.3032,0.5,155.0,0.5,0.0,0.0128
expertqa_1830,ace_submod_160,ace,submod,0.0,0.0446,0.0,0.2558,0.7925,0.5,159.0,1.0,1.0,0.0121
expertqa_354,ace_submod_160,ace,submod,0.0,0.0,0.0,0.3429,0.5325,0.5,154.0,1.0,1.0,0.0018
expertqa_595,ace_submod_160,ace,submod,0.0,0.0791,0.0,0.25,0.8375,0.5,160.0,0.5,0.0,0.0157
expertqa_63,ace_submod_160,ace,submod,0.0,0.0,0.0,0.1455,0.2062,0.1667,160.0,0.5,0.0,0.0015
expertqa_1115,ace_submod_160,ace,submod,0.0,0.0,0.0,0.1923,0.4133,0.5,150.0,0.75,0.0,0.0005
expertqa_1041,ace_submod_160,ace,submod,0.0,0.0987,0.0,0.2246,1.0,0.6,149.0,1.0,1.0,0.985
expertqa_442,ace_submod_160,ace,submod,0.0,0.0,0.0,0.2308,0.0,0.0,157.0,0.0,0.0,0.0014
expertqa_1650,ace_submod_160,ace,submod,0.0,0.0,0.0,0.1081,0.7738,0.3333,84.0,1.0,1.0,0.0043
expertqa_1268,ace_submod_160,ace,submod,0.0,0.0,0.0,0.1744,0.0,0.0,149.0,0.0,0.0,0.0011
expertqa_865,ace_submod_160,ace,submod,0.0,0.0,0.0,0.2632,0.3899,0.25,159.0,0.25,0.0,0.0007
expertqa_1968,ace_submod_160,ace,submod,0.0,0.01,0.0,0.2105,0.6645,0.2727,155.0,0.2727,0.0,0.0109
expertqa_36,ace_submod_160,ace,submod,0.0,0.0451,0.0,0.2444,0.7785,0.5,149.0,1.0,1.0,0.0017
expertqa_1510,ace_submod_160,ace,submod,0.0,0.0,0.0,0.2705,0.9514,0.375,144.0,0.5,0.0,0.3867
expertqa_1241,ace_submod_160,ace,submod,0.0,0.0,0.0,0.2941,0.5921,0.6667,152.0,1.0,1.0,0.0005
expertqa_1913,ace_submod_160,ace,submod,0.0,0.0,0.0,0.5,0.6667,1.0,129.0,1.0,1.0,0.0156
expertqa_4,ace_submod_160,ace,submod,0.0,0.0084,0.0,0.2812,0.8071,0.5,140.0,1.0,1.0,0.9681
expertqa_1414,ace_submod_160,ace,submod,0.0,0.0,0.0,0.2737,0.6392,0.6667,158.0,0.6667,0.0,0.0055
expertqa_882,ace_submod_160,ace,submod,0.0,0.0,0.0,0.0431,0.0,0.0,65.0,0.3333,0.0,0.0312
expertqa_855,ace_submod_160,ace,submod,0.0,0.0,0.0,0.1167,0.0,0.0,119.0,0.0,0.0,0.0029
expertqa_270,ace_submod_160,ace,submod,0.0,0.0672,0.0,0.2222,0.5157,0.3333,159.0,1.0,1.0,0.0076
expertqa_114,ace_submod_160,ace,submod,0.0,0.0,0.0,0.1765,0.5359,0.1667,153.0,0.1667,0.0,0.0005
expertqa_95,ace_submod_160,ace,submod,0.0,0.5,0.0,0.2667,0.4388,1.0,139.0,1.0,1.0,0.0018
expertqa_167,ace_submod_160,ace,submod,0.0,0.1097,0.0,0.3846,1.0,0.75,155.0,1.0,1.0,0.0643
expertqa_702,ace_submod_160,ace,submod,0.0,0.0,0.0,0.5676,0.7871,0.6667,155.0,1.0,1.0,0.0003
expertqa_1641,ace_submod_160,ace,submod,0.0,0.05,0.0,0.4737,0.5163,1.0,153.0,1.0,1.0,0.0005
expertqa_783,ace_submod_160,ace,submod,0.0,0.0,0.0,0.3,0.1538,0.5,156.0,0.5,0.0,0.0008
expertqa_1116,ace_submod_160,ace,submod,0.0,0.0,0.0,0.2207,0.72,0.6667,150.0,1.0,1.0,0.9575
expertqa_816,ace_submod_160,ace,submod,0.0,0.0,0.0,0.3125,0.7895,1.0,152.0,1.0,1.0,0.0013
expertqa_1191,ace_submod_160,ace,submod,0.0,0.0,0.0,0.3276,0.551,0.25,147.0,0.25,0.0,0.0009
expertqa_1581,ace_submod_160,ace,submod,0.0,0.0198,0.0,0.2869,0.5789,0.2222,152.0,0.4444,0.0,0.0057
expertqa_1486,ace_submod_160,ace,submod,0.0,0.1538,0.0,0.3133,0.5938,0.4,160.0,0.6,0.0,0.0021
