=== control/main.py: stage12-cross-family (stage12-cross-family-v1) ===
Copied extracted project /kaggle/input/datasets/anantonayan/dataset12 to /kaggle/working/ace_rag_research_v13_analysis
$ /usr/bin/python3 -m pip install -q -r requirements-cloud.txt
$ /usr/bin/python3 -m pip install -q bitsandbytes>=0.43.0
[overlay] applied 5 file(s) to /kaggle/working/ace_rag_research_v13_analysis: ['ace_rag/context_quality.py', 'ace_rag/datasets.py', 'ace_rag/evidence_packer.py', 'ace_rag/generator.py', 'experiments/run_density_router.py']
[hf] no HF_TOKEN found; gated models (Llama) will be skipped
--- cross-family falcon3b (tiiuae/Falcon3-3B-Instruct) seed 42 ---
$ /usr/bin/python3 -m experiments.run_density_router --dataset hotpotqa --limit 500 --seed 42 --ace-retriever standard --top-k 5 --top-k-nodes 48 --max-expanded-docs 5 --embedder sentence-transformers --embedding-model BAAI/bge-small-en-v1.5 --embed-device cuda --compressor truncate --compress-dims 320 --reader-backend hf --reader-model tiiuae/Falcon3-3B-Instruct --reader-device cuda --reader-batch-size 2 --mmr-lambda 0.7 --budget 160 --out-dir /kaggle/working/colab_results/stage12_crossfamily_hotpotqa_falcon3b_budget160_limit500_seed42 --split validation
hotpotqa[hf:validation:500]: 4933 docs, 500 questions, 2.00 gold docs/question
[density] retrieving chunk baseline
[chunk] fitting/indexing
[embed] encoding 4933 texts on device=cuda:0

Batches:   0%|          | 0/78 [00:00<?, ?it/s]
Batches:   1%|▏         | 1/78 [00:01<01:24,  1.09s/it]
Batches:   3%|▎         | 2/78 [00:01<00:51,  1.47it/s]
Batches:   4%|▍         | 3/78 [00:01<00:38,  1.93it/s]
Batches:   5%|▌         | 4/78 [00:02<00:34,  2.16it/s]
Batches:   6%|▋         | 5/78 [00:02<00:29,  2.46it/s]
Batches:   8%|▊         | 6/78 [00:02<00:26,  2.74it/s]
Batches:   9%|▉         | 7/78 [00:03<00:23,  2.96it/s]
Batches:  10%|█         | 8/78 [00:03<00:22,  3.12it/s]
Batches:  12%|█▏        | 9/78 [00:03<00:21,  3.24it/s]
Batches:  13%|█▎        | 10/78 [00:03<00:19,  3.47it/s]
Batches:  14%|█▍        | 11/78 [00:04<00:18,  3.69it/s]
Batches:  15%|█▌        | 12/78 [00:04<00:17,  3.87it/s]
Batches:  17%|█▋        | 13/78 [00:04<00:16,  4.01it/s]
Batches:  18%|█▊        | 14/78 [00:04<00:15,  4.09it/s]
Batches:  19%|█▉        | 15/78 [00:05<00:14,  4.26it/s]
Batches:  21%|██        | 16/78 [00:05<00:14,  4.38it/s]
Batches:  22%|██▏       | 17/78 [00:05<00:13,  4.41it/s]
Batches:  23%|██▎       | 18/78 [00:05<00:13,  4.47it/s]
Batches:  24%|██▍       | 19/78 [00:05<00:12,  4.75it/s]
Batches:  26%|██▌       | 20/78 [00:06<00:11,  5.01it/s]
Batches:  27%|██▋       | 21/78 [00:06<00:11,  4.91it/s]
Batches:  28%|██▊       | 22/78 [00:06<00:11,  5.03it/s]
Batches:  29%|██▉       | 23/78 [00:06<00:11,  4.99it/s]
Batches:  31%|███       | 24/78 [00:06<00:10,  5.35it/s]
Batches:  32%|███▏      | 25/78 [00:06<00:09,  5.35it/s]
Batches:  33%|███▎      | 26/78 [00:07<00:09,  5.51it/s]
Batches:  35%|███▍      | 27/78 [00:07<00:09,  5.58it/s]
Batches:  36%|███▌      | 28/78 [00:07<00:08,  5.71it/s]
Batches:  37%|███▋      | 29/78 [00:07<00:08,  5.79it/s]
Batches:  38%|███▊      | 30/78 [00:07<00:08,  5.69it/s]
Batches:  40%|███▉      | 31/78 [00:07<00:07,  5.89it/s]
Batches:  41%|████      | 32/78 [00:08<00:07,  5.91it/s]
Batches:  42%|████▏     | 33/78 [00:08<00:07,  5.98it/s]
Batches:  44%|████▎     | 34/78 [00:08<00:07,  5.90it/s]
Batches:  45%|████▍     | 35/78 [00:08<00:07,  6.08it/s]
Batches:  46%|████▌     | 36/78 [00:08<00:06,  6.20it/s]
Batches:  47%|████▋     | 37/78 [00:08<00:06,  6.03it/s]
Batches:  49%|████▊     | 38/78 [00:09<00:06,  6.34it/s]
Batches:  50%|█████     | 39/78 [00:09<00:05,  6.71it/s]
Batches:  51%|█████▏    | 40/78 [00:09<00:05,  6.78it/s]
Batches:  53%|█████▎    | 41/78 [00:09<00:05,  7.16it/s]
Batches:  54%|█████▍    | 42/78 [00:09<00:05,  7.17it/s]
Batches:  55%|█████▌    | 43/78 [00:09<00:04,  7.16it/s]
Batches:  56%|█████▋    | 44/78 [00:09<00:04,  6.98it/s]
Batches:  58%|█████▊    | 45/78 [00:10<00:04,  7.13it/s]
Batches:  59%|█████▉    | 46/78 [00:10<00:04,  7.50it/s]
Batches:  60%|██████    | 47/78 [00:10<00:03,  7.87it/s]
Batches:  62%|██████▏   | 48/78 [00:10<00:03,  7.81it/s]
Batches:  63%|██████▎   | 49/78 [00:10<00:03,  8.20it/s]
Batches:  64%|██████▍   | 50/78 [00:10<00:03,  8.54it/s]
Batches:  65%|██████▌   | 51/78 [00:10<00:03,  8.78it/s]
Batches:  67%|██████▋   | 52/78 [00:10<00:02,  8.80it/s]
Batches:  68%|██████▊   | 53/78 [00:10<00:02,  8.87it/s]
Batches:  69%|██████▉   | 54/78 [00:11<00:02,  8.91it/s]
Batches:  72%|███████▏  | 56/78 [00:11<00:02,  9.42it/s]
Batches:  73%|███████▎  | 57/78 [00:11<00:02,  9.16it/s]
Batches:  76%|███████▌  | 59/78 [00:11<00:01,  9.72it/s]
Batches:  78%|███████▊  | 61/78 [00:11<00:01, 10.13it/s]
Batches:  81%|████████  | 63/78 [00:11<00:01, 10.53it/s]
Batches:  83%|████████▎ | 65/78 [00:12<00:01, 10.76it/s]
Batches:  86%|████████▌ | 67/78 [00:12<00:00, 11.30it/s]
Batches:  88%|████████▊ | 69/78 [00:12<00:00, 11.42it/s]
Batches:  91%|█████████ | 71/78 [00:12<00:00, 12.44it/s]
Batches:  94%|█████████▎| 73/78 [00:12<00:00, 13.30it/s]
Batches:  96%|█████████▌| 75/78 [00:12<00:00, 14.74it/s]
Batches: 100%|██████████| 78/78 [00:12<00:00, 18.18it/s]
Batches: 100%|██████████| 78/78 [00:12<00:00,  6.04it/s]
[chunk] retrieving
[embed] encoding 500 texts on device=cuda:0

Batches:   0%|          | 0/8 [00:00<?, ?it/s]
Batches:  38%|███▊      | 3/8 [00:00<00:00, 28.29it/s]
Batches:  88%|████████▊ | 7/8 [00:00<00:00, 34.22it/s]
Batches: 100%|██████████| 8/8 [00:00<00:00, 35.10it/s]
[density] retrieving ACE graph
[ace] building evidence graph
[ace] graph built: nodes=49827 edges=76647
[ace] fitting/indexing embeddings
[embed] encoding 44894 texts on device=cuda:0

Batches:   0%|          | 0/702 [00:00<?, ?it/s]
Batches:   0%|          | 1/702 [00:00<05:14,  2.23it/s]
Batches:   0%|          | 2/702 [00:00<03:11,  3.65it/s]
Batches:   0%|          | 3/702 [00:00<02:18,  5.06it/s]
Batches:   1%|          | 4/702 [00:00<01:51,  6.27it/s]
Batches:   1%|          | 6/702 [00:01<01:27,  7.94it/s]
Batches:   1%|          | 8/702 [00:01<01:16,  9.06it/s]
Batches:   1%|▏         | 9/702 [00:01<01:14,  9.26it/s]
Batches:   2%|▏         | 11/702 [00:01<01:10,  9.83it/s]
Batches:   2%|▏         | 13/702 [00:01<01:09,  9.92it/s]
Batches:   2%|▏         | 15/702 [00:01<01:07, 10.13it/s]
Batches:   2%|▏         | 17/702 [00:02<01:02, 11.03it/s]
Batches:   3%|▎         | 19/702 [00:02<00:59, 11.40it/s]
Batches:   3%|▎         | 21/702 [00:02<00:55, 12.17it/s]
Batches:   3%|▎         | 23/702 [00:02<00:53, 12.60it/s]
Batches:   4%|▎         | 25/702 [00:02<00:52, 12.82it/s]
Batches:   4%|▍         | 27/702 [00:02<00:52, 12.79it/s]
Batches:   4%|▍         | 29/702 [00:02<00:52, 12.94it/s]
Batches:   4%|▍         | 31/702 [00:03<00:50, 13.39it/s]
Batches:   5%|▍         | 33/702 [00:03<00:50, 13.26it/s]
Batches:   5%|▍         | 35/702 [00:03<00:49, 13.50it/s]
Batches:   5%|▌         | 37/702 [00:03<00:49, 13.31it/s]
Batches:   6%|▌         | 39/702 [00:03<00:46, 14.13it/s]
Batches:   6%|▌         | 41/702 [00:03<00:47, 13.94it/s]
Batches:   6%|▌         | 43/702 [00:03<00:44, 14.76it/s]
Batches:   6%|▋         | 45/702 [00:04<00:43, 14.98it/s]
Batches:   7%|▋         | 47/702 [00:04<00:41, 15.77it/s]
Batches:   7%|▋         | 49/702 [00:04<00:39, 16.36it/s]
Batches:   7%|▋         | 51/702 [00:04<00:39, 16.31it/s]
Batches:   8%|▊         | 53/702 [00:04<00:38, 16.72it/s]
Batches:   8%|▊         | 55/702 [00:04<00:37, 17.04it/s]
Batches:   8%|▊         | 57/702 [00:04<00:38, 16.72it/s]
Batches:   8%|▊         | 59/702 [00:04<00:37, 17.06it/s]
Batches:   9%|▊         | 61/702 [00:04<00:36, 17.68it/s]
Batches:   9%|▉         | 63/702 [00:05<00:35, 17.92it/s]
Batches:   9%|▉         | 65/702 [00:05<00:35, 18.17it/s]
Batches:  10%|▉         | 67/702 [00:05<00:34, 18.59it/s]
Batches:  10%|▉         | 69/702 [00:05<00:33, 18.84it/s]
Batches:  10%|█         | 71/702 [00:05<00:33, 18.95it/s]
Batches:  11%|█         | 74/702 [00:05<00:32, 19.35it/s]
Batches:  11%|█         | 76/702 [00:05<00:33, 18.86it/s]
Batches:  11%|█         | 78/702 [00:05<00:33, 18.36it/s]
Batches:  11%|█▏        | 80/702 [00:05<00:35, 17.61it/s]
Batches:  12%|█▏        | 83/702 [00:06<00:33, 18.27it/s]
Batches:  12%|█▏        | 86/702 [00:06<00:31, 19.40it/s]
Batches:  13%|█▎        | 89/702 [00:06<00:30, 19.91it/s]
Batches:  13%|█▎        | 91/702 [00:06<00:30, 19.72it/s]
Batches:  13%|█▎        | 94/702 [00:06<00:30, 20.17it/s]
Batches:  14%|█▍        | 97/702 [00:06<00:30, 19.61it/s]
Batches:  14%|█▍        | 100/702 [00:06<00:29, 20.11it/s]
Batches:  15%|█▍        | 103/702 [00:07<00:28, 20.82it/s]
Batches:  15%|█▌        | 106/702 [00:07<00:28, 21.22it/s]
Batches:  16%|█▌        | 109/702 [00:07<00:27, 21.21it/s]
Batches:  16%|█▌        | 112/702 [00:07<00:27, 21.26it/s]
Batches:  16%|█▋        | 115/702 [00:07<00:27, 21.34it/s]
Batches:  17%|█▋        | 118/702 [00:07<00:27, 21.61it/s]
Batches:  17%|█▋        | 121/702 [00:07<00:26, 21.85it/s]
Batches:  18%|█▊        | 124/702 [00:08<00:26, 22.21it/s]
Batches:  18%|█▊        | 127/702 [00:08<00:25, 22.35it/s]
Batches:  19%|█▊        | 130/702 [00:08<00:25, 22.86it/s]
Batches:  19%|█▉        | 133/702 [00:08<00:24, 23.56it/s]
Batches:  19%|█▉        | 136/702 [00:08<00:23, 23.78it/s]
Batches:  20%|█▉        | 139/702 [00:08<00:23, 23.68it/s]
Batches:  20%|██        | 142/702 [00:08<00:23, 23.55it/s]
Batches:  21%|██        | 145/702 [00:08<00:23, 23.56it/s]
Batches:  21%|██        | 148/702 [00:09<00:23, 23.68it/s]
Batches:  22%|██▏       | 151/702 [00:09<00:23, 23.81it/s]
Batches:  22%|██▏       | 154/702 [00:09<00:22, 24.11it/s]
Batches:  22%|██▏       | 157/702 [00:09<00:21, 24.83it/s]
Batches:  23%|██▎       | 160/702 [00:09<00:21, 24.95it/s]
Batches:  23%|██▎       | 163/702 [00:09<00:20, 25.86it/s]
Batches:  24%|██▎       | 166/702 [00:09<00:20, 26.41it/s]
Batches:  24%|██▍       | 169/702 [00:09<00:20, 25.81it/s]
Batches:  25%|██▍       | 172/702 [00:09<00:20, 26.11it/s]
Batches:  25%|██▍       | 175/702 [00:10<00:20, 26.05it/s]
Batches:  25%|██▌       | 178/702 [00:10<00:19, 26.46it/s]
Batches:  26%|██▌       | 181/702 [00:10<00:19, 26.40it/s]
Batches:  26%|██▌       | 184/702 [00:10<00:19, 26.62it/s]
Batches:  27%|██▋       | 187/702 [00:10<00:19, 27.07it/s]
Batches:  27%|██▋       | 190/702 [00:10<00:18, 27.38it/s]
Batches:  27%|██▋       | 193/702 [00:10<00:18, 27.25it/s]
Batches:  28%|██▊       | 196/702 [00:10<00:18, 27.67it/s]
Batches:  28%|██▊       | 199/702 [00:10<00:18, 27.78it/s]
Batches:  29%|██▉       | 202/702 [00:11<00:18, 27.20it/s]
Batches:  29%|██▉       | 205/702 [00:11<00:17, 27.95it/s]
Batches:  30%|██▉       | 209/702 [00:11<00:16, 29.14it/s]
Batches:  30%|███       | 212/702 [00:11<00:17, 28.36it/s]
Batches:  31%|███       | 215/702 [00:11<00:16, 28.75it/s]
Batches:  31%|███       | 218/702 [00:11<00:17, 28.17it/s]
Batches:  32%|███▏      | 222/702 [00:11<00:16, 29.26it/s]
Batches:  32%|███▏      | 226/702 [00:11<00:16, 29.27it/s]
Batches:  33%|███▎      | 230/702 [00:11<00:15, 30.12it/s]
Batches:  33%|███▎      | 234/702 [00:12<00:15, 30.54it/s]
Batches:  34%|███▍      | 238/702 [00:12<00:14, 31.42it/s]
Batches:  34%|███▍      | 242/702 [00:12<00:14, 31.87it/s]
Batches:  35%|███▌      | 246/702 [00:12<00:14, 32.52it/s]
Batches:  36%|███▌      | 250/702 [00:12<00:13, 32.30it/s]
Batches:  36%|███▌      | 254/702 [00:12<00:13, 32.98it/s]
Batches:  37%|███▋      | 258/702 [00:12<00:13, 33.89it/s]
Batches:  37%|███▋      | 262/702 [00:12<00:12, 34.24it/s]
Batches:  38%|███▊      | 266/702 [00:13<00:12, 34.17it/s]
Batches:  38%|███▊      | 270/702 [00:13<00:12, 33.30it/s]
Batches:  39%|███▉      | 274/702 [00:13<00:12, 34.07it/s]
Batches:  40%|███▉      | 279/702 [00:13<00:11, 35.69it/s]
Batches:  40%|████      | 284/702 [00:13<00:11, 36.78it/s]
Batches:  41%|████      | 288/702 [00:13<00:11, 37.41it/s]
Batches:  42%|████▏     | 292/702 [00:13<00:10, 37.75it/s]
Batches:  42%|████▏     | 297/702 [00:13<00:10, 39.70it/s]
Batches:  43%|████▎     | 302/702 [00:13<00:09, 41.75it/s]
Batches:  44%|████▎     | 307/702 [00:14<00:09, 42.91it/s]
Batches:  44%|████▍     | 312/702 [00:14<00:08, 44.85it/s]
Batches:  45%|████▌     | 317/702 [00:14<00:08, 46.01it/s]
Batches:  46%|████▌     | 323/702 [00:14<00:07, 47.76it/s]
Batches:  47%|████▋     | 329/702 [00:14<00:07, 49.69it/s]
Batches:  48%|████▊     | 336/702 [00:14<00:06, 53.33it/s]
Batches:  49%|████▉     | 343/702 [00:14<00:06, 57.36it/s]
Batches:  50%|████▉     | 350/702 [00:14<00:05, 60.46it/s]
Batches:  51%|█████     | 358/702 [00:14<00:05, 64.40it/s]
Batches:  52%|█████▏    | 366/702 [00:15<00:04, 67.68it/s]
Batches:  53%|█████▎    | 374/702 [00:15<00:04, 69.74it/s]
Batches:  54%|█████▍    | 382/702 [00:15<00:04, 72.48it/s]
Batches:  56%|█████▌    | 390/702 [00:15<00:04, 73.19it/s]
Batches:  57%|█████▋    | 398/702 [00:15<00:04, 73.32it/s]
Batches:  58%|█████▊    | 406/702 [00:15<00:03, 74.63it/s]
Batches:  59%|█████▉    | 415/702 [00:15<00:03, 77.20it/s]
Batches:  60%|██████    | 424/702 [00:15<00:03, 78.27it/s]
Batches:  62%|██████▏   | 432/702 [00:15<00:03, 74.26it/s]
Batches:  63%|██████▎   | 441/702 [00:16<00:03, 77.55it/s]
Batches:  64%|██████▍   | 450/702 [00:16<00:03, 80.07it/s]
Batches:  65%|██████▌   | 459/702 [00:16<00:03, 80.35it/s]
Batches:  67%|██████▋   | 468/702 [00:16<00:02, 82.10it/s]
Batches:  68%|██████▊   | 477/702 [00:16<00:02, 83.08it/s]
Batches:  69%|██████▉   | 486/702 [00:16<00:02, 84.21it/s]
Batches:  71%|███████   | 496/702 [00:16<00:02, 86.10it/s]
Batches:  72%|███████▏  | 506/702 [00:16<00:02, 87.40it/s]
Batches:  74%|███████▎  | 516/702 [00:16<00:02, 89.15it/s]
Batches:  75%|███████▍  | 526/702 [00:16<00:01, 90.29it/s]
Batches:  76%|███████▋  | 536/702 [00:17<00:01, 90.20it/s]
Batches:  78%|███████▊  | 546/702 [00:17<00:01, 91.08it/s]
Batches:  79%|███████▉  | 556/702 [00:17<00:01, 92.77it/s]
Batches:  81%|████████  | 566/702 [00:17<00:01, 91.91it/s]
Batches:  82%|████████▏ | 576/702 [00:17<00:01, 92.04it/s]
Batches:  83%|████████▎ | 586/702 [00:17<00:01, 90.62it/s]
Batches:  85%|████████▍ | 596/702 [00:17<00:01, 90.20it/s]
Batches:  86%|████████▋ | 606/702 [00:17<00:01, 89.95it/s]
Batches:  88%|████████▊ | 616/702 [00:17<00:00, 89.91it/s]
Batches:  89%|████████▉ | 626/702 [00:18<00:00, 90.02it/s]
Batches:  91%|█████████ | 636/702 [00:18<00:00, 92.25it/s]
Batches:  92%|█████████▏| 646/702 [00:18<00:00, 94.18it/s]
Batches:  93%|█████████▎| 656/702 [00:18<00:00, 95.30it/s]
Batches:  95%|█████████▍| 666/702 [00:18<00:00, 95.42it/s]
Batches:  96%|█████████▋| 676/702 [00:18<00:00, 93.97it/s]
Batches:  98%|█████████▊| 686/702 [00:18<00:00, 93.34it/s]
Batches:  99%|█████████▉| 696/702 [00:18<00:00, 93.11it/s]
Batches: 100%|██████████| 702/702 [00:18<00:00, 37.14it/s]
[ace] retrieving
[embed] encoding 500 texts on device=cuda:0

Batches:   0%|          | 0/8 [00:00<?, ?it/s]
Batches:  38%|███▊      | 3/8 [00:00<00:00, 27.45it/s]
Batches:  88%|████████▊ | 7/8 [00:00<00:00, 33.29it/s]
Batches: 100%|██████████| 8/8 [00:00<00:00, 34.15it/s]
[density] loading reader once
`torch_dtype` is deprecated! Use `dtype` instead!

Fetching 2 files:   0%|          | 0/2 [00:00<?, ?it/s]
Fetching 2 files:  50%|█████     | 1/2 [00:33<00:33, 33.78s/it]
Fetching 2 files: 100%|██████████| 2/2 [00:33<00:00, 16.89s/it]

Loading checkpoint shards:   0%|          | 0/2 [00:00<?, ?it/s]
Loading checkpoint shards:  50%|█████     | 1/2 [00:03<00:03,  3.41s/it]
Loading checkpoint shards: 100%|██████████| 2/2 [00:04<00:00,  2.02s/it]
Loading checkpoint shards: 100%|██████████| 2/2 [00:04<00:00,  2.23s/it]
[reader] loaded tiiuae/Falcon3-3B-Instruct (device_map=None, 4bit=False) entry=cuda:0
[density] materializing policy=chunk_packed_160
[density] generating policy=chunk_packed_160
[reader] generated 2/500
[reader] generated 4/500
[reader] generated 6/500
[reader] generated 8/500
[reader] generated 10/500
[reader] generated 12/500
[reader] generated 14/500
[reader] generated 16/500
[reader] generated 18/500
[reader] generated 20/500
[reader] generated 22/500
[reader] generated 24/500
[reader] generated 26/500
[reader] generated 28/500
[reader] generated 30/500
[reader] generated 32/500
[reader] generated 34/500
[reader] generated 36/500
[reader] generated 38/500
[reader] generated 40/500
[reader] generated 42/500
[reader] generated 44/500
[reader] generated 46/500
[reader] generated 48/500
[reader] generated 50/500
[reader] generated 52/500
[reader] generated 54/500
[reader] generated 56/500
[reader] generated 58/500
[reader] generated 60/500
[reader] generated 62/500
[reader] generated 64/500
[reader] generated 66/500
[reader] generated 68/500
[reader] generated 70/500
[reader] generated 72/500
[reader] generated 74/500
[reader] generated 76/500
[reader] generated 78/500
[reader] generated 80/500
[reader] generated 82/500
[reader] generated 84/500
[reader] generated 86/500
[reader] generated 88/500
[reader] generated 90/500
[reader] generated 92/500
[reader] generated 94/500
[reader] generated 96/500
[reader] generated 98/500
[reader] generated 100/500
[reader] generated 102/500
[reader] generated 104/500
[reader] generated 106/500
[reader] generated 108/500
[reader] generated 110/500
[reader] generated 112/500
[reader] generated 114/500
[reader] generated 116/500
[reader] generated 118/500
[reader] generated 120/500
[reader] generated 122/500
[reader] generated 124/500
[reader] generated 126/500
[reader] generated 128/500
[reader] generated 130/500
[reader] generated 132/500
[reader] generated 134/500
[reader] generated 136/500
[reader] generated 138/500
[reader] generated 140/500
[reader] generated 142/500
[reader] generated 144/500
[reader] generated 146/500
[reader] generated 148/500
[reader] generated 150/500
[reader] generated 152/500
[reader] generated 154/500
[reader] generated 156/500
[reader] generated 158/500
[reader] generated 160/500
[reader] generated 162/500
[reader] generated 164/500
[reader] generated 166/500
[reader] generated 168/500
[reader] generated 170/500
[reader] generated 172/500
[reader] generated 174/500
[reader] generated 176/500
[reader] generated 178/500
[reader] generated 180/500
[reader] generated 182/500
[reader] generated 184/500
[reader] generated 186/500
[reader] generated 188/500
[reader] generated 190/500
[reader] generated 192/500
[reader] generated 194/500
[reader] generated 196/500
[reader] generated 198/500
[reader] generated 200/500
[reader] generated 202/500
[reader] generated 204/500
[reader] generated 206/500
[reader] generated 208/500
[reader] generated 210/500
[reader] generated 212/500
[reader] generated 214/500
[reader] generated 216/500
[reader] generated 218/500
[reader] generated 220/500
[reader] generated 222/500
[reader] generated 224/500
[reader] generated 226/500
[reader] generated 228/500
[reader] generated 230/500
[reader] generated 232/500
[reader] generated 234/500
[reader] generated 236/500
[reader] generated 238/500
[reader] generated 240/500
[reader] generated 242/500
[reader] generated 244/500
[reader] generated 246/500
[reader] generated 248/500
[reader] generated 250/500
[reader] generated 252/500
[reader] generated 254/500
[reader] generated 256/500
[reader] generated 258/500
[reader] generated 260/500
[reader] generated 262/500
[reader] generated 264/500
[reader] generated 266/500
[reader] generated 268/500
[reader] generated 270/500
[reader] generated 272/500
[reader] generated 274/500
[reader] generated 276/500
[reader] generated 278/500
[reader] generated 280/500
[reader] generated 282/500
[reader] generated 284/500
[reader] generated 286/500
[reader] generated 288/500
[reader] generated 290/500
[reader] generated 292/500
[reader] generated 294/500
[reader] generated 296/500
[reader] generated 298/500
[reader] generated 300/500
[reader] generated 302/500
[reader] generated 304/500
[reader] generated 306/500
[reader] generated 308/500
[reader] generated 310/500
[reader] generated 312/500
[reader] generated 314/500
[reader] generated 316/500
[reader] generated 318/500
[reader] generated 320/500
[reader] generated 322/500
[reader] generated 324/500
[reader] generated 326/500
[reader] generated 328/500
[reader] generated 330/500
[reader] generated 332/500
[reader] generated 334/500
[reader] generated 336/500
[reader] generated 338/500
[reader] generated 340/500
[reader] generated 342/500
[reader] generated 344/500
[reader] generated 346/500
[reader] generated 348/500
[reader] generated 350/500
[reader] generated 352/500
[reader] generated 354/500
[reader] generated 356/500
[reader] generated 358/500
[reader] generated 360/500
[reader] generated 362/500
[reader] generated 364/500
[reader] generated 366/500
[reader] generated 368/500
[reader] generated 370/500
[reader] generated 372/500
[reader] generated 374/500
[reader] generated 376/500
[reader] generated 378/500
[reader] generated 380/500
[reader] generated 382/500
[reader] generated 384/500
[reader] generated 386/500
[reader] generated 388/500
[reader] generated 390/500
[reader] generated 392/500
[reader] generated 394/500
[reader] generated 396/500
[reader] generated 398/500
[reader] generated 400/500
[reader] generated 402/500
[reader] generated 404/500
[reader] generated 406/500
[reader] generated 408/500
[reader] generated 410/500
[reader] generated 412/500
[reader] generated 414/500
[reader] generated 416/500
[reader] generated 418/500
[reader] generated 420/500
[reader] generated 422/500
[reader] generated 424/500
[reader] generated 426/500
[reader] generated 428/500
[reader] generated 430/500
[reader] generated 432/500
[reader] generated 434/500
[reader] generated 436/500
[reader] generated 438/500
[reader] generated 440/500
[reader] generated 442/500
[reader] generated 444/500
[reader] generated 446/500
[reader] generated 448/500
[reader] generated 450/500
[reader] generated 452/500
[reader] generated 454/500
[reader] generated 456/500
[reader] generated 458/500
[reader] generated 460/500
[reader] generated 462/500
[reader] generated 464/500
[reader] generated 466/500
[reader] generated 468/500
[reader] generated 470/500
[reader] generated 472/500
[reader] generated 474/500
[reader] generated 476/500
[reader] generated 478/500
[reader] generated 480/500
[reader] generated 482/500
[reader] generated 484/500
[reader] generated 486/500
[reader] generated 488/500
[reader] generated 490/500
[reader] generated 492/500
[reader] generated 494/500
[reader] generated 496/500
[reader] generated 498/500
[reader] generated 500/500
[density] policy=chunk_packed_160, router_type=fixed, representation=chunk, packer=packed, reader_model=tiiuae/Falcon3-3B-Instruct, packed_token_budget=160, recall@1=0.438, all_gold@1=0.0, recall@2=0.723, all_gold@2=0.498, recall@5=0.874, all_gold@5=0.758, qwen_em=0.298, qwen_f1=0.408, avg_reader_evidence_tokens=151.31, mean_ans_in_context=0.59, mean_ans_in_context_soft=0.6674, mean_gold_token_density=0.4001, mean_gold_doc_reader_cov=0.685, mean_all_gold_reader=0.448, mean_distractor_docs=2.006, mean_context_tokens=151.314, mean_n_snippets=3.484
[density] materializing policy=chunk_focused_160
[density] generating policy=chunk_focused_160
[reader] generated 2/500
[reader] generated 4/500
[reader] generated 6/500
[reader] generated 8/500
[reader] generated 10/500
[reader] generated 12/500
[reader] generated 14/500
[reader] generated 16/500
[reader] generated 18/500
[reader] generated 20/500
[reader] generated 22/500
[reader] generated 24/500
[reader] generated 26/500
[reader] generated 28/500
[reader] generated 30/500
[reader] generated 32/500
[reader] generated 34/500
[reader] generated 36/500
[reader] generated 38/500
[reader] generated 40/500
[reader] generated 42/500
[reader] generated 44/500
[reader] generated 46/500
[reader] generated 48/500
[reader] generated 50/500
[reader] generated 52/500
[reader] generated 54/500
[reader] generated 56/500
[reader] generated 58/500
[reader] generated 60/500
[reader] generated 62/500
[reader] generated 64/500
[reader] generated 66/500
[reader] generated 68/500
[reader] generated 70/500
[reader] generated 72/500
[reader] generated 74/500
[reader] generated 76/500
[reader] generated 78/500
[reader] generated 80/500
[reader] generated 82/500
[reader] generated 84/500
[reader] generated 86/500
[reader] generated 88/500
[reader] generated 90/500
[reader] generated 92/500
[reader] generated 94/500
[reader] generated 96/500
[reader] generated 98/500
[reader] generated 100/500
[reader] generated 102/500
[reader] generated 104/500
[reader] generated 106/500
[reader] generated 108/500
[reader] generated 110/500
[reader] generated 112/500
[reader] generated 114/500
[reader] generated 116/500
[reader] generated 118/500
[reader] generated 120/500
[reader] generated 122/500
[reader] generated 124/500
[reader] generated 126/500
[reader] generated 128/500
[reader] generated 130/500
[reader] generated 132/500
[reader] generated 134/500
[reader] generated 136/500
[reader] generated 138/500
[reader] generated 140/500
[reader] generated 142/500
[reader] generated 144/500
[reader] generated 146/500
[reader] generated 148/500
[reader] generated 150/500
[reader] generated 152/500
[reader] generated 154/500
[reader] generated 156/500
[reader] generated 158/500
[reader] generated 160/500
[reader] generated 162/500
[reader] generated 164/500
[reader] generated 166/500
[reader] generated 168/500
[reader] generated 170/500
[reader] generated 172/500
[reader] generated 174/500
[reader] generated 176/500
[reader] generated 178/500
[reader] generated 180/500
[reader] generated 182/500
[reader] generated 184/500
[reader] generated 186/500
[reader] generated 188/500
[reader] generated 190/500
[reader] generated 192/500
[reader] generated 194/500
[reader] generated 196/500
[reader] generated 198/500
[reader] generated 200/500
[reader] generated 202/500
[reader] generated 204/500
[reader] generated 206/500
[reader] generated 208/500
[reader] generated 210/500
[reader] generated 212/500
[reader] generated 214/500
[reader] generated 216/500
[reader] generated 218/500
[reader] generated 220/500
[reader] generated 222/500
[reader] generated 224/500
[reader] generated 226/500
[reader] generated 228/500
[reader] generated 230/500
[reader] generated 232/500
[reader] generated 234/500
[reader] generated 236/500
[reader] generated 238/500
[reader] generated 240/500
[reader] generated 242/500
[reader] generated 244/500
[reader] generated 246/500
[reader] generated 248/500
[reader] generated 250/500
[reader] generated 252/500
[reader] generated 254/500
[reader] generated 256/500
[reader] generated 258/500
[reader] generated 260/500
[reader] generated 262/500
[reader] generated 264/500
[reader] generated 266/500
[reader] generated 268/500
[reader] generated 270/500
[reader] generated 272/500
[reader] generated 274/500
[reader] generated 276/500
[reader] generated 278/500
[reader] generated 280/500
[reader] generated 282/500
[reader] generated 284/500
[reader] generated 286/500
[reader] generated 288/500
[reader] generated 290/500
[reader] generated 292/500
[reader] generated 294/500
[reader] generated 296/500
[reader] generated 298/500
[reader] generated 300/500
[reader] generated 302/500
[reader] generated 304/500
[reader] generated 306/500
[reader] generated 308/500
[reader] generated 310/500
[reader] generated 312/500
[reader] generated 314/500
[reader] generated 316/500
[reader] generated 318/500
[reader] generated 320/500
[reader] generated 322/500
[reader] generated 324/500
[reader] generated 326/500
[reader] generated 328/500
[reader] generated 330/500
[reader] generated 332/500
[reader] generated 334/500
[reader] generated 336/500
[reader] generated 338/500
[reader] generated 340/500
[reader] generated 342/500
[reader] generated 344/500
[reader] generated 346/500
[reader] generated 348/500
[reader] generated 350/500
[reader] generated 352/500
[reader] generated 354/500
[reader] generated 356/500
[reader] generated 358/500
[reader] generated 360/500
[reader] generated 362/500
[reader] generated 364/500
[reader] generated 366/500
[reader] generated 368/500
[reader] generated 370/500
[reader] generated 372/500
[reader] generated 374/500
[reader] generated 376/500
[reader] generated 378/500
[reader] generated 380/500
[reader] generated 382/500
[reader] generated 384/500
[reader] generated 386/500
[reader] generated 388/500
[reader] generated 390/500
[reader] generated 392/500
[reader] generated 394/500
[reader] generated 396/500
[reader] generated 398/500
[reader] generated 400/500
[reader] generated 402/500
[reader] generated 404/500
[reader] generated 406/500
[reader] generated 408/500
[reader] generated 410/500
[reader] generated 412/500
[reader] generated 414/500
[reader] generated 416/500
[reader] generated 418/500
[reader] generated 420/500
[reader] generated 422/500
[reader] generated 424/500
[reader] generated 426/500
[reader] generated 428/500
[reader] generated 430/500
[reader] generated 432/500
[reader] generated 434/500
[reader] generated 436/500
[reader] generated 438/500
[reader] generated 440/500
[reader] generated 442/500
[reader] generated 444/500
[reader] generated 446/500
[reader] generated 448/500
[reader] generated 450/500
[reader] generated 452/500
[reader] generated 454/500
[reader] generated 456/500
[reader] generated 458/500
[reader] generated 460/500
[reader] generated 462/500
[reader] generated 464/500
[reader] generated 466/500
[reader] generated 468/500
[reader] generated 470/500
[reader] generated 472/500
[reader] generated 474/500
[reader] generated 476/500
[reader] generated 478/500
[reader] generated 480/500
[reader] generated 482/500
[reader] generated 484/500
[reader] generated 486/500
[reader] generated 488/500
[reader] generated 490/500
[reader] generated 492/500
[reader] generated 494/500
[reader] generated 496/500
[reader] generated 498/500
[reader] generated 500/500
[density] policy=chunk_focused_160, router_type=fixed, representation=chunk, packer=focused, reader_model=tiiuae/Falcon3-3B-Instruct, packed_token_budget=160, recall@1=0.438, all_gold@1=0.0, recall@2=0.723, all_gold@2=0.498, recall@5=0.874, all_gold@5=0.758, qwen_em=0.308, qwen_f1=0.4227, avg_reader_evidence_tokens=152.28, mean_ans_in_context=0.632, mean_ans_in_context_soft=0.7033, mean_gold_token_density=0.5094, mean_gold_doc_reader_cov=0.733, mean_all_gold_reader=0.512, mean_distractor_docs=1.596, mean_context_tokens=152.282, mean_n_snippets=3.318
[density] materializing policy=chunk_mmr_160
[density] generating policy=chunk_mmr_160
[reader] generated 2/500
[reader] generated 4/500
[reader] generated 6/500
[reader] generated 8/500
[reader] generated 10/500
[reader] generated 12/500
[reader] generated 14/500
[reader] generated 16/500
[reader] generated 18/500
[reader] generated 20/500
[reader] generated 22/500
[reader] generated 24/500
[reader] generated 26/500
[reader] generated 28/500
[reader] generated 30/500
[reader] generated 32/500
[reader] generated 34/500
[reader] generated 36/500
[reader] generated 38/500
[reader] generated 40/500
[reader] generated 42/500
[reader] generated 44/500
[reader] generated 46/500
[reader] generated 48/500
[reader] generated 50/500
[reader] generated 52/500
[reader] generated 54/500
[reader] generated 56/500
[reader] generated 58/500
[reader] generated 60/500
[reader] generated 62/500
[reader] generated 64/500
[reader] generated 66/500
[reader] generated 68/500
[reader] generated 70/500
[reader] generated 72/500
[reader] generated 74/500
[reader] generated 76/500
[reader] generated 78/500
[reader] generated 80/500
[reader] generated 82/500
[reader] generated 84/500
[reader] generated 86/500
[reader] generated 88/500
[reader] generated 90/500
[reader] generated 92/500
[reader] generated 94/500
[reader] generated 96/500
[reader] generated 98/500
[reader] generated 100/500
[reader] generated 102/500
[reader] generated 104/500
[reader] generated 106/500
[reader] generated 108/500
[reader] generated 110/500
[reader] generated 112/500
[reader] generated 114/500
[reader] generated 116/500
[reader] generated 118/500
[reader] generated 120/500
[reader] generated 122/500
[reader] generated 124/500
[reader] generated 126/500
[reader] generated 128/500
[reader] generated 130/500
[reader] generated 132/500
[reader] generated 134/500
[reader] generated 136/500
[reader] generated 138/500
[reader] generated 140/500
[reader] generated 142/500
[reader] generated 144/500
[reader] generated 146/500
[reader] generated 148/500
[reader] generated 150/500
[reader] generated 152/500
[reader] generated 154/500
[reader] generated 156/500
[reader] generated 158/500
[reader] generated 160/500
[reader] generated 162/500
[reader] generated 164/500
[reader] generated 166/500
[reader] generated 168/500
[reader] generated 170/500
[reader] generated 172/500
[reader] generated 174/500
[reader] generated 176/500
[reader] generated 178/500
[reader] generated 180/500
[reader] generated 182/500
[reader] generated 184/500
[reader] generated 186/500
[reader] generated 188/500
[reader] generated 190/500
[reader] generated 192/500
[reader] generated 194/500
[reader] generated 196/500
[reader] generated 198/500
[reader] generated 200/500
[reader] generated 202/500
[reader] generated 204/500
[reader] generated 206/500
[reader] generated 208/500
[reader] generated 210/500
[reader] generated 212/500
[reader] generated 214/500
[reader] generated 216/500
[reader] generated 218/500
[reader] generated 220/500
[reader] generated 222/500
[reader] generated 224/500
[reader] generated 226/500
[reader] generated 228/500
[reader] generated 230/500
[reader] generated 232/500
[reader] generated 234/500
[reader] generated 236/500
[reader] generated 238/500
[reader] generated 240/500
[reader] generated 242/500
[reader] generated 244/500
[reader] generated 246/500
[reader] generated 248/500
[reader] generated 250/500
[reader] generated 252/500
[reader] generated 254/500
[reader] generated 256/500
[reader] generated 258/500
[reader] generated 260/500
[reader] generated 262/500
[reader] generated 264/500
[reader] generated 266/500
[reader] generated 268/500
[reader] generated 270/500
[reader] generated 272/500
[reader] generated 274/500
[reader] generated 276/500
[reader] generated 278/500
[reader] generated 280/500
[reader] generated 282/500
[reader] generated 284/500
[reader] generated 286/500
[reader] generated 288/500
[reader] generated 290/500
[reader] generated 292/500
[reader] generated 294/500
[reader] generated 296/500
[reader] generated 298/500
[reader] generated 300/500
[reader] generated 302/500
[reader] generated 304/500
[reader] generated 306/500
[reader] generated 308/500
[reader] generated 310/500
[reader] generated 312/500
[reader] generated 314/500
[reader] generated 316/500
[reader] generated 318/500
[reader] generated 320/500
[reader] generated 322/500
[reader] generated 324/500
[reader] generated 326/500
[reader] generated 328/500
[reader] generated 330/500
[reader] generated 332/500
[reader] generated 334/500
[reader] generated 336/500
[reader] generated 338/500
[reader] generated 340/500
[reader] generated 342/500
[reader] generated 344/500
[reader] generated 346/500
[reader] generated 348/500
[reader] generated 350/500
[reader] generated 352/500
[reader] generated 354/500
[reader] generated 356/500
[reader] generated 358/500
[reader] generated 360/500
[reader] generated 362/500
[reader] generated 364/500
[reader] generated 366/500
[reader] generated 368/500
[reader] generated 370/500
[reader] generated 372/500
[reader] generated 374/500
[reader] generated 376/500
[reader] generated 378/500
[reader] generated 380/500
[reader] generated 382/500
[reader] generated 384/500
[reader] generated 386/500
[reader] generated 388/500
[reader] generated 390/500
[reader] generated 392/500
[reader] generated 394/500
[reader] generated 396/500
[reader] generated 398/500
[reader] generated 400/500
[reader] generated 402/500
[reader] generated 404/500
[reader] generated 406/500
[reader] generated 408/500
[reader] generated 410/500
[reader] generated 412/500
[reader] generated 414/500
[reader] generated 416/500
[reader] generated 418/500
[reader] generated 420/500
[reader] generated 422/500
[reader] generated 424/500
[reader] generated 426/500
[reader] generated 428/500
[reader] generated 430/500
[reader] generated 432/500
[reader] generated 434/500
[reader] generated 436/500
[reader] generated 438/500
[reader] generated 440/500
[reader] generated 442/500
[reader] generated 444/500
[reader] generated 446/500
[reader] generated 448/500
[reader] generated 450/500
[reader] generated 452/500
[reader] generated 454/500
[reader] generated 456/500
[reader] generated 458/500
[reader] generated 460/500
[reader] generated 462/500
[reader] generated 464/500
[reader] generated 466/500
[reader] generated 468/500
[reader] generated 470/500
[reader] generated 472/500
[reader] generated 474/500
[reader] generated 476/500
[reader] generated 478/500
[reader] generated 480/500
[reader] generated 482/500
[reader] generated 484/500
[reader] generated 486/500
[reader] generated 488/500
[reader] generated 490/500
[reader] generated 492/500
[reader] generated 494/500
[reader] generated 496/500
[reader] generated 498/500
[reader] generated 500/500
[density] policy=chunk_mmr_160, router_type=fixed, representation=chunk, packer=mmr, reader_model=tiiuae/Falcon3-3B-Instruct, packed_token_budget=160, recall@1=0.438, all_gold@1=0.0, recall@2=0.723, all_gold@2=0.498, recall@5=0.874, all_gold@5=0.758, qwen_em=0.296, qwen_f1=0.3966, avg_reader_evidence_tokens=151.87, mean_ans_in_context=0.592, mean_ans_in_context_soft=0.6685, mean_gold_token_density=0.4927, mean_gold_doc_reader_cov=0.68, mean_all_gold_reader=0.418, mean_distractor_docs=1.57, mean_context_tokens=151.874, mean_n_snippets=3.354
[density] materializing policy=chunk_submod_160
[density] generating policy=chunk_submod_160
[reader] generated 2/500
[reader] generated 4/500
[reader] generated 6/500
[reader] generated 8/500
[reader] generated 10/500
[reader] generated 12/500
[reader] generated 14/500
[reader] generated 16/500
[reader] generated 18/500
[reader] generated 20/500
[reader] generated 22/500
[reader] generated 24/500
[reader] generated 26/500
[reader] generated 28/500
[reader] generated 30/500
[reader] generated 32/500
[reader] generated 34/500
[reader] generated 36/500
[reader] generated 38/500
[reader] generated 40/500
[reader] generated 42/500
[reader] generated 44/500
[reader] generated 46/500
[reader] generated 48/500
[reader] generated 50/500
[reader] generated 52/500
[reader] generated 54/500
[reader] generated 56/500
[reader] generated 58/500
[reader] generated 60/500
[reader] generated 62/500
[reader] generated 64/500
[reader] generated 66/500
[reader] generated 68/500
[reader] generated 70/500
[reader] generated 72/500
[reader] generated 74/500
[reader] generated 76/500
[reader] generated 78/500
[reader] generated 80/500
[reader] generated 82/500
[reader] generated 84/500
[reader] generated 86/500
[reader] generated 88/500
[reader] generated 90/500
[reader] generated 92/500
[reader] generated 94/500
[reader] generated 96/500
[reader] generated 98/500
[reader] generated 100/500
[reader] generated 102/500
[reader] generated 104/500
[reader] generated 106/500
[reader] generated 108/500
[reader] generated 110/500
[reader] generated 112/500
[reader] generated 114/500
[reader] generated 116/500
[reader] generated 118/500
[reader] generated 120/500
[reader] generated 122/500
[reader] generated 124/500
[reader] generated 126/500
[reader] generated 128/500
[reader] generated 130/500
[reader] generated 132/500
[reader] generated 134/500
[reader] generated 136/500
[reader] generated 138/500
[reader] generated 140/500
[reader] generated 142/500
[reader] generated 144/500
[reader] generated 146/500
[reader] generated 148/500
[reader] generated 150/500
[reader] generated 152/500
[reader] generated 154/500
[reader] generated 156/500
[reader] generated 158/500
[reader] generated 160/500
[reader] generated 162/500
[reader] generated 164/500
[reader] generated 166/500
[reader] generated 168/500
[reader] generated 170/500
[reader] generated 172/500
[reader] generated 174/500
[reader] generated 176/500
[reader] generated 178/500
[reader] generated 180/500
[reader] generated 182/500
[reader] generated 184/500
[reader] generated 186/500
[reader] generated 188/500
[reader] generated 190/500
[reader] generated 192/500
[reader] generated 194/500
[reader] generated 196/500
[reader] generated 198/500
[reader] generated 200/500
[reader] generated 202/500
[reader] generated 204/500
[reader] generated 206/500
[reader] generated 208/500
[reader] generated 210/500
[reader] generated 212/500
[reader] generated 214/500
[reader] generated 216/500
[reader] generated 218/500
[reader] generated 220/500
[reader] generated 222/500
[reader] generated 224/500
[reader] generated 226/500
[reader] generated 228/500
[reader] generated 230/500
[reader] generated 232/500
[reader] generated 234/500
[reader] generated 236/500
[reader] generated 238/500
[reader] generated 240/500
[reader] generated 242/500
[reader] generated 244/500
[reader] generated 246/500
[reader] generated 248/500
[reader] generated 250/500
[reader] generated 252/500
[reader] generated 254/500
[reader] generated 256/500
[reader] generated 258/500
[reader] generated 260/500
[reader] generated 262/500
[reader] generated 264/500
[reader] generated 266/500
[reader] generated 268/500
[reader] generated 270/500
[reader] generated 272/500
[reader] generated 274/500
[reader] generated 276/500
[reader] generated 278/500
[reader] generated 280/500
[reader] generated 282/500
[reader] generated 284/500
[reader] generated 286/500
[reader] generated 288/500
[reader] generated 290/500
[reader] generated 292/500
[reader] generated 294/500
[reader] generated 296/500
[reader] generated 298/500
[reader] generated 300/500
[reader] generated 302/500
[reader] generated 304/500
[reader] generated 306/500
[reader] generated 308/500
[reader] generated 310/500
[reader] generated 312/500
[reader] generated 314/500
[reader] generated 316/500
[reader] generated 318/500
[reader] generated 320/500
[reader] generated 322/500
[reader] generated 324/500
[reader] generated 326/500
[reader] generated 328/500
[reader] generated 330/500
[reader] generated 332/500
[reader] generated 334/500
[reader] generated 336/500
[reader] generated 338/500
[reader] generated 340/500
[reader] generated 342/500
[reader] generated 344/500
[reader] generated 346/500
[reader] generated 348/500
[reader] generated 350/500
[reader] generated 352/500
[reader] generated 354/500
[reader] generated 356/500
[reader] generated 358/500
[reader] generated 360/500
[reader] generated 362/500
[reader] generated 364/500
[reader] generated 366/500
[reader] generated 368/500
[reader] generated 370/500
[reader] generated 372/500
[reader] generated 374/500
[reader] generated 376/500
[reader] generated 378/500
[reader] generated 380/500
[reader] generated 382/500
[reader] generated 384/500
[reader] generated 386/500
[reader] generated 388/500
[reader] generated 390/500
[reader] generated 392/500
[reader] generated 394/500
[reader] generated 396/500
[reader] generated 398/500
[reader] generated 400/500
[reader] generated 402/500
[reader] generated 404/500
[reader] generated 406/500
[reader] generated 408/500
[reader] generated 410/500
[reader] generated 412/500
[reader] generated 414/500
[reader] generated 416/500
[reader] generated 418/500
[reader] generated 420/500
[reader] generated 422/500
[reader] generated 424/500
[reader] generated 426/500
[reader] generated 428/500
[reader] generated 430/500
[reader] generated 432/500
[reader] generated 434/500
[reader] generated 436/500
[reader] generated 438/500
[reader] generated 440/500
[reader] generated 442/500
[reader] generated 444/500
[reader] generated 446/500
[reader] generated 448/500
[reader] generated 450/500
[reader] generated 452/500
[reader] generated 454/500
[reader] generated 456/500
[reader] generated 458/500
[reader] generated 460/500
[reader] generated 462/500
[reader] generated 464/500
[reader] generated 466/500
[reader] generated 468/500
[reader] generated 470/500
[reader] generated 472/500
[reader] generated 474/500
[reader] generated 476/500
[reader] generated 478/500
[reader] generated 480/500
[reader] generated 482/500
[reader] generated 484/500
[reader] generated 486/500
[reader] generated 488/500
[reader] generated 490/500
[reader] generated 492/500
[reader] generated 494/500
[reader] generated 496/500
[reader] generated 498/500
[reader] generated 500/500
[density] policy=chunk_submod_160, router_type=fixed, representation=chunk, packer=submod, reader_model=tiiuae/Falcon3-3B-Instruct, packed_token_budget=160, recall@1=0.438, all_gold@1=0.0, recall@2=0.723, all_gold@2=0.498, recall@5=0.874, all_gold@5=0.758, qwen_em=0.336, qwen_f1=0.4309, avg_reader_evidence_tokens=145.4, mean_ans_in_context=0.64, mean_ans_in_context_soft=0.7088, mean_gold_token_density=0.4574, mean_gold_doc_reader_cov=0.779, mean_all_gold_reader=0.578, mean_distractor_docs=2.204, mean_context_tokens=145.398, mean_n_snippets=4.616
[density] materializing policy=ace_focused_160
[density] generating policy=ace_focused_160
[reader] generated 2/500
[reader] generated 4/500
[reader] generated 6/500
[reader] generated 8/500
[reader] generated 10/500
[reader] generated 12/500
[reader] generated 14/500
[reader] generated 16/500
[reader] generated 18/500
[reader] generated 20/500
[reader] generated 22/500
[reader] generated 24/500
[reader] generated 26/500
[reader] generated 28/500
[reader] generated 30/500
[reader] generated 32/500
[reader] generated 34/500
[reader] generated 36/500
[reader] generated 38/500
[reader] generated 40/500
[reader] generated 42/500
[reader] generated 44/500
[reader] generated 46/500
[reader] generated 48/500
[reader] generated 50/500
[reader] generated 52/500
[reader] generated 54/500
[reader] generated 56/500
[reader] generated 58/500
[reader] generated 60/500
[reader] generated 62/500
[reader] generated 64/500
[reader] generated 66/500
[reader] generated 68/500
[reader] generated 70/500
[reader] generated 72/500
[reader] generated 74/500
[reader] generated 76/500
[reader] generated 78/500
[reader] generated 80/500
[reader] generated 82/500
[reader] generated 84/500
[reader] generated 86/500
[reader] generated 88/500
[reader] generated 90/500
[reader] generated 92/500
[reader] generated 94/500
[reader] generated 96/500
[reader] generated 98/500
[reader] generated 100/500
[reader] generated 102/500
[reader] generated 104/500
[reader] generated 106/500
[reader] generated 108/500
[reader] generated 110/500
[reader] generated 112/500
[reader] generated 114/500
[reader] generated 116/500
[reader] generated 118/500
[reader] generated 120/500
[reader] generated 122/500
[reader] generated 124/500
[reader] generated 126/500
[reader] generated 128/500
[reader] generated 130/500
[reader] generated 132/500
[reader] generated 134/500
[reader] generated 136/500
[reader] generated 138/500
[reader] generated 140/500
[reader] generated 142/500
[reader] generated 144/500
[reader] generated 146/500
[reader] generated 148/500
[reader] generated 150/500
[reader] generated 152/500
[reader] generated 154/500
[reader] generated 156/500
[reader] generated 158/500
[reader] generated 160/500
[reader] generated 162/500
[reader] generated 164/500
[reader] generated 166/500
[reader] generated 168/500
[reader] generated 170/500
[reader] generated 172/500
[reader] generated 174/500
[reader] generated 176/500
[reader] generated 178/500
[reader] generated 180/500
[reader] generated 182/500
[reader] generated 184/500
[reader] generated 186/500
[reader] generated 188/500
[reader] generated 190/500
[reader] generated 192/500
[reader] generated 194/500
[reader] generated 196/500
[reader] generated 198/500
[reader] generated 200/500
[reader] generated 202/500
[reader] generated 204/500
[reader] generated 206/500
[reader] generated 208/500
[reader] generated 210/500
[reader] generated 212/500
[reader] generated 214/500
[reader] generated 216/500
[reader] generated 218/500
[reader] generated 220/500
[reader] generated 222/500
[reader] generated 224/500
[reader] generated 226/500
[reader] generated 228/500
[reader] generated 230/500
[reader] generated 232/500
[reader] generated 234/500
[reader] generated 236/500
[reader] generated 238/500
[reader] generated 240/500
[reader] generated 242/500
[reader] generated 244/500
[reader] generated 246/500
[reader] generated 248/500
[reader] generated 250/500
[reader] generated 252/500
[reader] generated 254/500
[reader] generated 256/500
[reader] generated 258/500
[reader] generated 260/500
[reader] generated 262/500
[reader] generated 264/500
[reader] generated 266/500
[reader] generated 268/500
[reader] generated 270/500
[reader] generated 272/500
[reader] generated 274/500
[reader] generated 276/500
[reader] generated 278/500
[reader] generated 280/500
[reader] generated 282/500
[reader] generated 284/500
[reader] generated 286/500
[reader] generated 288/500
[reader] generated 290/500
[reader] generated 292/500
[reader] generated 294/500
[reader] generated 296/500
[reader] generated 298/500
[reader] generated 300/500
[reader] generated 302/500
[reader] generated 304/500
[reader] generated 306/500
[reader] generated 308/500
[reader] generated 310/500
[reader] generated 312/500
[reader] generated 314/500
[reader] generated 316/500
[reader] generated 318/500
[reader] generated 320/500
[reader] generated 322/500
[reader] generated 324/500
[reader] generated 326/500
[reader] generated 328/500
[reader] generated 330/500
[reader] generated 332/500
[reader] generated 334/500
[reader] generated 336/500
[reader] generated 338/500
[reader] generated 340/500
[reader] generated 342/500
[reader] generated 344/500
[reader] generated 346/500
[reader] generated 348/500
[reader] generated 350/500
[reader] generated 352/500
[reader] generated 354/500
[reader] generated 356/500
[reader] generated 358/500
[reader] generated 360/500
[reader] generated 362/500
[reader] generated 364/500
[reader] generated 366/500
[reader] generated 368/500
[reader] generated 370/500
[reader] generated 372/500
[reader] generated 374/500
[reader] generated 376/500
[reader] generated 378/500
[reader] generated 380/500
[reader] generated 382/500
[reader] generated 384/500
[reader] generated 386/500
[reader] generated 388/500
[reader] generated 390/500
[reader] generated 392/500
[reader] generated 394/500
[reader] generated 396/500
[reader] generated 398/500
[reader] generated 400/500
[reader] generated 402/500
[reader] generated 404/500
[reader] generated 406/500
[reader] generated 408/500
[reader] generated 410/500
[reader] generated 412/500
[reader] generated 414/500
[reader] generated 416/500
[reader] generated 418/500
[reader] generated 420/500
[reader] generated 422/500
[reader] generated 424/500
[reader] generated 426/500
[reader] generated 428/500
[reader] generated 430/500
[reader] generated 432/500
[reader] generated 434/500
[reader] generated 436/500
[reader] generated 438/500
[reader] generated 440/500
[reader] generated 442/500
[reader] generated 444/500
[reader] generated 446/500
[reader] generated 448/500
[reader] generated 450/500
[reader] generated 452/500
[reader] generated 454/500
[reader] generated 456/500
[reader] generated 458/500
[reader] generated 460/500
[reader] generated 462/500
[reader] generated 464/500
[reader] generated 466/500
[reader] generated 468/500
[reader] generated 470/500
[reader] generated 472/500
[reader] generated 474/500
[reader] generated 476/500
[reader] generated 478/500
[reader] generated 480/500
[reader] generated 482/500
[reader] generated 484/500
[reader] generated 486/500
[reader] generated 488/500
[reader] generated 490/500
[reader] generated 492/500
[reader] generated 494/500
[reader] generated 496/500
[reader] generated 498/500
[reader] generated 500/500
[density] policy=ace_focused_160, router_type=fixed, representation=ace, packer=focused, reader_model=tiiuae/Falcon3-3B-Instruct, packed_token_budget=160, recall@1=0.419, all_gold@1=0.0, recall@2=0.677, all_gold@2=0.422, recall@5=0.859, all_gold@5=0.726, qwen_em=0.29, qwen_f1=0.4097, avg_reader_evidence_tokens=150.04, mean_ans_in_context=0.63, mean_ans_in_context_soft=0.7031, mean_gold_token_density=0.4516, mean_gold_doc_reader_cov=0.768, mean_all_gold_reader=0.562, mean_distractor_docs=2.134, mean_context_tokens=150.042, mean_n_snippets=4.108
[density] materializing policy=ace_mmr_160
[density] generating policy=ace_mmr_160
[reader] generated 2/500
[reader] generated 4/500
[reader] generated 6/500
[reader] generated 8/500
[reader] generated 10/500
[reader] generated 12/500
[reader] generated 14/500
[reader] generated 16/500
[reader] generated 18/500
[reader] generated 20/500
[reader] generated 22/500
[reader] generated 24/500
[reader] generated 26/500
[reader] generated 28/500
[reader] generated 30/500
[reader] generated 32/500
[reader] generated 34/500
[reader] generated 36/500
[reader] generated 38/500
[reader] generated 40/500
[reader] generated 42/500
[reader] generated 44/500
[reader] generated 46/500
[reader] generated 48/500
[reader] generated 50/500
[reader] generated 52/500
[reader] generated 54/500
[reader] generated 56/500
[reader] generated 58/500
[reader] generated 60/500
[reader] generated 62/500
[reader] generated 64/500
[reader] generated 66/500
[reader] generated 68/500
[reader] generated 70/500
[reader] generated 72/500
[reader] generated 74/500
[reader] generated 76/500
[reader] generated 78/500
[reader] generated 80/500
[reader] generated 82/500
[reader] generated 84/500
[reader] generated 86/500
[reader] generated 88/500
[reader] generated 90/500
[reader] generated 92/500
[reader] generated 94/500
[reader] generated 96/500
[reader] generated 98/500
[reader] generated 100/500
[reader] generated 102/500
[reader] generated 104/500
[reader] generated 106/500
[reader] generated 108/500
[reader] generated 110/500
[reader] generated 112/500
[reader] generated 114/500
[reader] generated 116/500
[reader] generated 118/500
[reader] generated 120/500
[reader] generated 122/500
[reader] generated 124/500
[reader] generated 126/500
[reader] generated 128/500
[reader] generated 130/500
[reader] generated 132/500
[reader] generated 134/500
[reader] generated 136/500
[reader] generated 138/500
[reader] generated 140/500
[reader] generated 142/500
[reader] generated 144/500
[reader] generated 146/500
[reader] generated 148/500
[reader] generated 150/500
[reader] generated 152/500
[reader] generated 154/500
[reader] generated 156/500
[reader] generated 158/500
[reader] generated 160/500
[reader] generated 162/500
[reader] generated 164/500
[reader] generated 166/500
[reader] generated 168/500
[reader] generated 170/500
[reader] generated 172/500
[reader] generated 174/500
[reader] generated 176/500
[reader] generated 178/500
[reader] generated 180/500
[reader] generated 182/500
[reader] generated 184/500
[reader] generated 186/500
[reader] generated 188/500
[reader] generated 190/500
[reader] generated 192/500
[reader] generated 194/500
[reader] generated 196/500
[reader] generated 198/500
[reader] generated 200/500
[reader] generated 202/500
[reader] generated 204/500
[reader] generated 206/500
[reader] generated 208/500
[reader] generated 210/500
[reader] generated 212/500
[reader] generated 214/500
[reader] generated 216/500
[reader] generated 218/500
[reader] generated 220/500
[reader] generated 222/500
[reader] generated 224/500
[reader] generated 226/500
[reader] generated 228/500
[reader] generated 230/500
[reader] generated 232/500
[reader] generated 234/500
[reader] generated 236/500
[reader] generated 238/500
[reader] generated 240/500
[reader] generated 242/500
[reader] generated 244/500
[reader] generated 246/500
[reader] generated 248/500
[reader] generated 250/500
[reader] generated 252/500
[reader] generated 254/500
[reader] generated 256/500
[reader] generated 258/500
[reader] generated 260/500
[reader] generated 262/500
[reader] generated 264/500
[reader] generated 266/500
[reader] generated 268/500
[reader] generated 270/500
[reader] generated 272/500
[reader] generated 274/500
[reader] generated 276/500
[reader] generated 278/500
[reader] generated 280/500
[reader] generated 282/500
[reader] generated 284/500
[reader] generated 286/500
[reader] generated 288/500
[reader] generated 290/500
[reader] generated 292/500
[reader] generated 294/500
[reader] generated 296/500
[reader] generated 298/500
[reader] generated 300/500
[reader] generated 302/500
[reader] generated 304/500
[reader] generated 306/500
[reader] generated 308/500
[reader] generated 310/500
[reader] generated 312/500
[reader] generated 314/500
[reader] generated 316/500
[reader] generated 318/500
[reader] generated 320/500
[reader] generated 322/500
[reader] generated 324/500
[reader] generated 326/500
[reader] generated 328/500
[reader] generated 330/500
[reader] generated 332/500
[reader] generated 334/500
[reader] generated 336/500
[reader] generated 338/500
[reader] generated 340/500
[reader] generated 342/500
[reader] generated 344/500
[reader] generated 346/500
[reader] generated 348/500
[reader] generated 350/500
[reader] generated 352/500
[reader] generated 354/500
[reader] generated 356/500
[reader] generated 358/500
[reader] generated 360/500
[reader] generated 362/500
[reader] generated 364/500
[reader] generated 366/500
[reader] generated 368/500
[reader] generated 370/500
[reader] generated 372/500
[reader] generated 374/500
[reader] generated 376/500
[reader] generated 378/500
[reader] generated 380/500
[reader] generated 382/500
[reader] generated 384/500
[reader] generated 386/500
[reader] generated 388/500
[reader] generated 390/500
[reader] generated 392/500
[reader] generated 394/500
[reader] generated 396/500
[reader] generated 398/500
[reader] generated 400/500
[reader] generated 402/500
[reader] generated 404/500
[reader] generated 406/500
[reader] generated 408/500
[reader] generated 410/500
[reader] generated 412/500
[reader] generated 414/500
[reader] generated 416/500
[reader] generated 418/500
[reader] generated 420/500
[reader] generated 422/500
[reader] generated 424/500
[reader] generated 426/500
[reader] generated 428/500
[reader] generated 430/500
[reader] generated 432/500
[reader] generated 434/500
[reader] generated 436/500
[reader] generated 438/500
[reader] generated 440/500
[reader] generated 442/500
[reader] generated 444/500
[reader] generated 446/500
[reader] generated 448/500
[reader] generated 450/500
[reader] generated 452/500
[reader] generated 454/500
[reader] generated 456/500
[reader] generated 458/500
[reader] generated 460/500
[reader] generated 462/500
[reader] generated 464/500
[reader] generated 466/500
[reader] generated 468/500
[reader] generated 470/500
[reader] generated 472/500
[reader] generated 474/500
[reader] generated 476/500
[reader] generated 478/500
[reader] generated 480/500
[reader] generated 482/500
[reader] generated 484/500
[reader] generated 486/500
[reader] generated 488/500
[reader] generated 490/500
[reader] generated 492/500
[reader] generated 494/500
[reader] generated 496/500
[reader] generated 498/500
[reader] generated 500/500
[density] policy=ace_mmr_160, router_type=fixed, representation=ace, packer=mmr, reader_model=tiiuae/Falcon3-3B-Instruct, packed_token_budget=160, recall@1=0.419, all_gold@1=0.0, recall@2=0.677, all_gold@2=0.422, recall@5=0.859, all_gold@5=0.726, qwen_em=0.27, qwen_f1=0.39, avg_reader_evidence_tokens=149.78, mean_ans_in_context=0.61, mean_ans_in_context_soft=0.6817, mean_gold_token_density=0.4421, mean_gold_doc_reader_cov=0.726, mean_all_gold_reader=0.496, mean_distractor_docs=2.072, mean_context_tokens=149.78, mean_n_snippets=4.15
[density] materializing policy=ace_submod_160
[density] generating policy=ace_submod_160
[reader] generated 2/500
[reader] generated 4/500
[reader] generated 6/500
[reader] generated 8/500
[reader] generated 10/500
[reader] generated 12/500
[reader] generated 14/500
[reader] generated 16/500
[reader] generated 18/500
[reader] generated 20/500
[reader] generated 22/500
[reader] generated 24/500
[reader] generated 26/500
[reader] generated 28/500
[reader] generated 30/500
[reader] generated 32/500
[reader] generated 34/500
[reader] generated 36/500
[reader] generated 38/500
[reader] generated 40/500
[reader] generated 42/500
[reader] generated 44/500
[reader] generated 46/500
[reader] generated 48/500
[reader] generated 50/500
[reader] generated 52/500
[reader] generated 54/500
[reader] generated 56/500
[reader] generated 58/500
[reader] generated 60/500
[reader] generated 62/500
[reader] generated 64/500
[reader] generated 66/500
[reader] generated 68/500
[reader] generated 70/500
[reader] generated 72/500
[reader] generated 74/500
[reader] generated 76/500
[reader] generated 78/500
[reader] generated 80/500
[reader] generated 82/500
[reader] generated 84/500
[reader] generated 86/500
[reader] generated 88/500
[reader] generated 90/500
[reader] generated 92/500
[reader] generated 94/500
[reader] generated 96/500
[reader] generated 98/500
[reader] generated 100/500
[reader] generated 102/500
[reader] generated 104/500
[reader] generated 106/500
[reader] generated 108/500
[reader] generated 110/500
[reader] generated 112/500
[reader] generated 114/500
[reader] generated 116/500
[reader] generated 118/500
[reader] generated 120/500
[reader] generated 122/500
[reader] generated 124/500
[reader] generated 126/500
[reader] generated 128/500
[reader] generated 130/500
[reader] generated 132/500
[reader] generated 134/500
[reader] generated 136/500
[reader] generated 138/500
[reader] generated 140/500
[reader] generated 142/500
[reader] generated 144/500
[reader] generated 146/500
[reader] generated 148/500
[reader] generated 150/500
[reader] generated 152/500
[reader] generated 154/500
[reader] generated 156/500
[reader] generated 158/500
[reader] generated 160/500
[reader] generated 162/500
[reader] generated 164/500
[reader] generated 166/500
[reader] generated 168/500
[reader] generated 170/500
[reader] generated 172/500
[reader] generated 174/500
[reader] generated 176/500
[reader] generated 178/500
[reader] generated 180/500
[reader] generated 182/500
[reader] generated 184/500
[reader] generated 186/500
[reader] generated 188/500
[reader] generated 190/500
[reader] generated 192/500
[reader] generated 194/500
[reader] generated 196/500
[reader] generated 198/500
[reader] generated 200/500
[reader] generated 202/500
[reader] generated 204/500
[reader] generated 206/500
[reader] generated 208/500
[reader] generated 210/500
[reader] generated 212/500
[reader] generated 214/500
[reader] generated 216/500
[reader] generated 218/500
[reader] generated 220/500
[reader] generated 222/500
[reader] generated 224/500
[reader] generated 226/500
[reader] generated 228/500
[reader] generated 230/500
[reader] generated 232/500
[reader] generated 234/500
[reader] generated 236/500
[reader] generated 238/500
[reader] generated 240/500
[reader] generated 242/500
[reader] generated 244/500
[reader] generated 246/500
[reader] generated 248/500
[reader] generated 250/500
[reader] generated 252/500
[reader] generated 254/500
[reader] generated 256/500
[reader] generated 258/500
[reader] generated 260/500
[reader] generated 262/500
[reader] generated 264/500
[reader] generated 266/500
[reader] generated 268/500
[reader] generated 270/500
[reader] generated 272/500
[reader] generated 274/500
[reader] generated 276/500
[reader] generated 278/500
[reader] generated 280/500
[reader] generated 282/500
[reader] generated 284/500
[reader] generated 286/500
[reader] generated 288/500
[reader] generated 290/500
[reader] generated 292/500
[reader] generated 294/500
[reader] generated 296/500
[reader] generated 298/500
[reader] generated 300/500
[reader] generated 302/500
[reader] generated 304/500
[reader] generated 306/500
[reader] generated 308/500
[reader] generated 310/500
[reader] generated 312/500
[reader] generated 314/500
[reader] generated 316/500
[reader] generated 318/500
[reader] generated 320/500
[reader] generated 322/500
[reader] generated 324/500
[reader] generated 326/500
[reader] generated 328/500
[reader] generated 330/500
[reader] generated 332/500
[reader] generated 334/500
[reader] generated 336/500
[reader] generated 338/500
[reader] generated 340/500
[reader] generated 342/500
[reader] generated 344/500
[reader] generated 346/500
[reader] generated 348/500
[reader] generated 350/500
[reader] generated 352/500
[reader] generated 354/500
[reader] generated 356/500
[reader] generated 358/500
[reader] generated 360/500
[reader] generated 362/500
[reader] generated 364/500
[reader] generated 366/500
[reader] generated 368/500
[reader] generated 370/500
[reader] generated 372/500
[reader] generated 374/500
[reader] generated 376/500
[reader] generated 378/500
[reader] generated 380/500
[reader] generated 382/500
[reader] generated 384/500
[reader] generated 386/500
[reader] generated 388/500
[reader] generated 390/500
[reader] generated 392/500
[reader] generated 394/500
[reader] generated 396/500
[reader] generated 398/500
[reader] generated 400/500
[reader] generated 402/500
[reader] generated 404/500
[reader] generated 406/500
[reader] generated 408/500
[reader] generated 410/500
[reader] generated 412/500
[reader] generated 414/500
[reader] generated 416/500
[reader] generated 418/500
[reader] generated 420/500
[reader] generated 422/500
[reader] generated 424/500
[reader] generated 426/500
[reader] generated 428/500
[reader] generated 430/500
[reader] generated 432/500
[reader] generated 434/500
[reader] generated 436/500
[reader] generated 438/500
[reader] generated 440/500
[reader] generated 442/500
[reader] generated 444/500
[reader] generated 446/500
[reader] generated 448/500
[reader] generated 450/500
[reader] generated 452/500
[reader] generated 454/500
[reader] generated 456/500
[reader] generated 458/500
[reader] generated 460/500
[reader] generated 462/500
[reader] generated 464/500
[reader] generated 466/500
[reader] generated 468/500
[reader] generated 470/500
[reader] generated 472/500
[reader] generated 474/500
[reader] generated 476/500
[reader] generated 478/500
[reader] generated 480/500
[reader] generated 482/500
[reader] generated 484/500
[reader] generated 486/500
[reader] generated 488/500
[reader] generated 490/500
[reader] generated 492/500
[reader] generated 494/500
[reader] generated 496/500
[reader] generated 498/500
[reader] generated 500/500
[density] policy=ace_submod_160, router_type=fixed, representation=ace, packer=submod, reader_model=tiiuae/Falcon3-3B-Instruct, packed_token_budget=160, recall@1=0.419, all_gold@1=0.0, recall@2=0.677, all_gold@2=0.422, recall@5=0.859, all_gold@5=0.726, qwen_em=0.284, qwen_f1=0.3973, avg_reader_evidence_tokens=147.4, mean_ans_in_context=0.612, mean_ans_in_context_soft=0.6817, mean_gold_token_density=0.4277, mean_gold_doc_reader_cov=0.758, mean_all_gold_reader=0.55, mean_distractor_docs=2.306, mean_context_tokens=147.398, mean_n_snippets=4.686
[density] policy=router_oracle_packer, router_type=oracle, representation=mixed, packer=oracle, reader_model=tiiuae/Falcon3-3B-Instruct, packed_token_budget=160, selection_counts={"ace_focused_160": 95, "ace_mmr_160": 42, "ace_submod_160": 85, "chunk_focused_160": 78, "chunk_mmr_160": 24, "chunk_submod_160": 176}, qwen_em=0.472, qwen_f1=0.609, avg_reader_evidence_tokens=142.05, mean_ans_in_context=0.692, mean_ans_in_context_soft=0.7469, mean_gold_token_density=0.4993, mean_gold_doc_reader_cov=0.781, mean_all_gold_reader=0.586, mean_distractor_docs=1.898, mean_context_tokens=142.05, mean_n_snippets=4.08
wrote /kaggle/working/colab_results/stage12_crossfamily_hotpotqa_falcon3b_budget160_limit500_seed42/hotpotqa_density_standard_budget160_limit500_metrics.csv
wrote /kaggle/working/colab_results/stage12_crossfamily_hotpotqa_falcon3b_budget160_limit500_seed42/hotpotqa_density_standard_budget160_limit500_per_question.csv
--- cross-family falcon3b (tiiuae/Falcon3-3B-Instruct) seed 13 ---
$ /usr/bin/python3 -m experiments.run_density_router --dataset hotpotqa --limit 500 --seed 13 --ace-retriever standard --top-k 5 --top-k-nodes 48 --max-expanded-docs 5 --embedder sentence-transformers --embedding-model BAAI/bge-small-en-v1.5 --embed-device cuda --compressor truncate --compress-dims 320 --reader-backend hf --reader-model tiiuae/Falcon3-3B-Instruct --reader-device cuda --reader-batch-size 2 --mmr-lambda 0.7 --budget 160 --out-dir /kaggle/working/colab_results/stage12_crossfamily_hotpotqa_falcon3b_budget160_limit500_seed13 --split validation
hotpotqa[hf:validation:500]: 4933 docs, 500 questions, 2.00 gold docs/question
[density] retrieving chunk baseline
[chunk] fitting/indexing
[embed] encoding 4933 texts on device=cuda:0

Batches:   0%|          | 0/78 [00:00<?, ?it/s]
Batches:   1%|▏         | 1/78 [00:00<01:15,  1.02it/s]
Batches:   3%|▎         | 2/78 [00:01<00:54,  1.39it/s]
Batches:   4%|▍         | 3/78 [00:01<00:43,  1.73it/s]
Batches:   5%|▌         | 4/78 [00:02<00:38,  1.93it/s]
Batches:   6%|▋         | 5/78 [00:02<00:33,  2.18it/s]
Batches:   8%|▊         | 6/78 [00:03<00:29,  2.42it/s]
Batches:   9%|▉         | 7/78 [00:03<00:27,  2.54it/s]
Batches:  10%|█         | 8/78 [00:03<00:25,  2.72it/s]
Batches:  12%|█▏        | 9/78 [00:04<00:24,  2.82it/s]
Batches:  13%|█▎        | 10/78 [00:04<00:23,  2.93it/s]
Batches:  14%|█▍        | 11/78 [00:04<00:21,  3.11it/s]
Batches:  15%|█▌        | 12/78 [00:04<00:20,  3.29it/s]
Batches:  17%|█▋        | 13/78 [00:05<00:18,  3.53it/s]
Batches:  18%|█▊        | 14/78 [00:05<00:17,  3.61it/s]
Batches:  19%|█▉        | 15/78 [00:05<00:17,  3.70it/s]
Batches:  21%|██        | 16/78 [00:05<00:16,  3.77it/s]
Batches:  22%|██▏       | 17/78 [00:06<00:15,  3.83it/s]
Batches:  23%|██▎       | 18/78 [00:06<00:15,  3.86it/s]
Batches:  24%|██▍       | 19/78 [00:06<00:14,  3.99it/s]
Batches:  26%|██▌       | 20/78 [00:06<00:13,  4.32it/s]
Batches:  27%|██▋       | 21/78 [00:07<00:12,  4.45it/s]
Batches:  28%|██▊       | 22/78 [00:07<00:12,  4.55it/s]
Batches:  29%|██▉       | 23/78 [00:07<00:11,  4.65it/s]
Batches:  31%|███       | 24/78 [00:07<00:11,  4.70it/s]
Batches:  32%|███▏      | 25/78 [00:07<00:11,  4.81it/s]
Batches:  33%|███▎      | 26/78 [00:08<00:10,  4.90it/s]
Batches:  35%|███▍      | 27/78 [00:08<00:10,  5.02it/s]
Batches:  36%|███▌      | 28/78 [00:08<00:09,  5.21it/s]
Batches:  37%|███▋      | 29/78 [00:08<00:09,  5.21it/s]
Batches:  38%|███▊      | 30/78 [00:08<00:09,  5.08it/s]
Batches:  40%|███▉      | 31/78 [00:08<00:09,  5.18it/s]
Batches:  41%|████      | 32/78 [00:09<00:08,  5.15it/s]
Batches:  42%|████▏     | 33/78 [00:09<00:08,  5.34it/s]
Batches:  44%|████▎     | 34/78 [00:09<00:07,  5.51it/s]
Batches:  45%|████▍     | 35/78 [00:09<00:07,  5.60it/s]
Batches:  46%|████▌     | 36/78 [00:09<00:07,  5.69it/s]
Batches:  47%|████▋     | 37/78 [00:10<00:06,  5.88it/s]
Batches:  49%|████▊     | 38/78 [00:10<00:06,  5.90it/s]
Batches:  50%|█████     | 39/78 [00:10<00:06,  6.13it/s]
Batches:  51%|█████▏    | 40/78 [00:10<00:06,  6.08it/s]
Batches:  53%|█████▎    | 41/78 [00:10<00:05,  6.19it/s]
Batches:  54%|█████▍    | 42/78 [00:10<00:05,  6.26it/s]
Batches:  55%|█████▌    | 43/78 [00:10<00:05,  6.15it/s]
Batches:  56%|█████▋    | 44/78 [00:11<00:05,  6.53it/s]
Batches:  58%|█████▊    | 45/78 [00:11<00:05,  6.12it/s]
Batches:  59%|█████▉    | 46/78 [00:11<00:05,  6.20it/s]
Batches:  60%|██████    | 47/78 [00:11<00:04,  6.37it/s]
Batches:  62%|██████▏   | 48/78 [00:11<00:04,  6.66it/s]
Batches:  63%|██████▎   | 49/78 [00:11<00:04,  7.02it/s]
Batches:  64%|██████▍   | 50/78 [00:11<00:03,  7.15it/s]
Batches:  65%|██████▌   | 51/78 [00:12<00:03,  7.42it/s]
Batches:  67%|██████▋   | 52/78 [00:12<00:03,  7.69it/s]
Batches:  68%|██████▊   | 53/78 [00:12<00:03,  7.89it/s]
Batches:  69%|██████▉   | 54/78 [00:12<00:02,  8.19it/s]
Batches:  71%|███████   | 55/78 [00:12<00:02,  8.41it/s]
Batches:  72%|███████▏  | 56/78 [00:12<00:02,  8.57it/s]
Batches:  73%|███████▎  | 57/78 [00:12<00:02,  8.70it/s]
Batches:  74%|███████▍  | 58/78 [00:12<00:02,  8.84it/s]
Batches:  76%|███████▌  | 59/78 [00:13<00:02,  8.78it/s]
Batches:  77%|███████▋  | 60/78 [00:13<00:02,  8.92it/s]
Batches:  79%|███████▉  | 62/78 [00:13<00:01,  9.58it/s]
Batches:  82%|████████▏ | 64/78 [00:13<00:01,  9.84it/s]
Batches:  83%|████████▎ | 65/78 [00:13<00:01,  9.73it/s]
Batches:  86%|████████▌ | 67/78 [00:13<00:01, 10.13it/s]
Batches:  88%|████████▊ | 69/78 [00:13<00:00, 10.68it/s]
Batches:  91%|█████████ | 71/78 [00:14<00:00, 11.19it/s]
Batches:  94%|█████████▎| 73/78 [00:14<00:00, 12.02it/s]
Batches:  96%|█████████▌| 75/78 [00:14<00:00, 13.26it/s]
Batches: 100%|██████████| 78/78 [00:14<00:00,  5.39it/s]
[chunk] retrieving
[embed] encoding 500 texts on device=cuda:0

Batches:   0%|          | 0/8 [00:00<?, ?it/s]
Batches:  38%|███▊      | 3/8 [00:00<00:00, 25.44it/s]
Batches:  88%|████████▊ | 7/8 [00:00<00:00, 29.99it/s]
Batches: 100%|██████████| 8/8 [00:00<00:00, 30.86it/s]
[density] retrieving ACE graph
[ace] building evidence graph
[ace] graph built: nodes=50334 edges=77031
[ace] fitting/indexing embeddings
[embed] encoding 45401 texts on device=cuda:0

Batches:   0%|          | 0/710 [00:00<?, ?it/s]
Batches:   0%|          | 1/710 [00:00<05:55,  2.00it/s]
Batches:   0%|          | 2/710 [00:00<03:38,  3.24it/s]
Batches:   0%|          | 3/710 [00:00<02:38,  4.47it/s]
Batches:   1%|          | 4/710 [00:00<02:10,  5.40it/s]
Batches:   1%|          | 5/710 [00:01<01:51,  6.32it/s]
Batches:   1%|          | 6/710 [00:01<01:39,  7.06it/s]
Batches:   1%|          | 8/710 [00:01<01:28,  7.95it/s]
Batches:   1%|▏         | 9/710 [00:01<01:24,  8.29it/s]
Batches:   1%|▏         | 10/710 [00:01<01:20,  8.68it/s]
Batches:   2%|▏         | 11/710 [00:01<01:19,  8.80it/s]
Batches:   2%|▏         | 13/710 [00:01<01:14,  9.41it/s]
Batches:   2%|▏         | 14/710 [00:01<01:14,  9.34it/s]
Batches:   2%|▏         | 15/710 [00:02<01:14,  9.37it/s]
Batches:   2%|▏         | 17/710 [00:02<01:09,  9.96it/s]
Batches:   3%|▎         | 19/710 [00:02<01:06, 10.36it/s]
Batches:   3%|▎         | 21/710 [00:02<01:03, 10.89it/s]
Batches:   3%|▎         | 23/710 [00:02<01:01, 11.18it/s]
Batches:   4%|▎         | 25/710 [00:02<01:01, 11.18it/s]
Batches:   4%|▍         | 27/710 [00:03<00:58, 11.75it/s]
Batches:   4%|▍         | 29/710 [00:03<00:57, 11.90it/s]
Batches:   4%|▍         | 31/710 [00:03<00:59, 11.40it/s]
Batches:   5%|▍         | 33/710 [00:03<00:57, 11.73it/s]
Batches:   5%|▍         | 35/710 [00:03<00:55, 12.23it/s]
Batches:   5%|▌         | 37/710 [00:03<00:53, 12.50it/s]
Batches:   5%|▌         | 39/710 [00:04<00:51, 12.92it/s]
Batches:   6%|▌         | 41/710 [00:04<00:48, 13.73it/s]
Batches:   6%|▌         | 43/710 [00:04<00:50, 13.23it/s]
Batches:   6%|▋         | 45/710 [00:04<00:49, 13.56it/s]
Batches:   7%|▋         | 47/710 [00:04<00:50, 13.10it/s]
Batches:   7%|▋         | 49/710 [00:04<00:49, 13.39it/s]
Batches:   7%|▋         | 51/710 [00:04<00:46, 14.02it/s]
Batches:   7%|▋         | 53/710 [00:05<00:47, 13.89it/s]
Batches:   8%|▊         | 55/710 [00:05<00:47, 13.77it/s]
Batches:   8%|▊         | 57/710 [00:05<00:44, 14.60it/s]
Batches:   8%|▊         | 59/710 [00:05<00:42, 15.27it/s]
Batches:   9%|▊         | 61/710 [00:05<00:44, 14.51it/s]
Batches:   9%|▉         | 63/710 [00:05<00:43, 14.95it/s]
Batches:   9%|▉         | 65/710 [00:05<00:41, 15.67it/s]
Batches:   9%|▉         | 67/710 [00:05<00:42, 15.17it/s]
Batches:  10%|▉         | 69/710 [00:06<00:41, 15.60it/s]
Batches:  10%|█         | 71/710 [00:06<00:40, 15.87it/s]
Batches:  10%|█         | 73/710 [00:06<00:39, 16.21it/s]
Batches:  11%|█         | 75/710 [00:06<00:40, 15.53it/s]
Batches:  11%|█         | 77/710 [00:06<00:40, 15.72it/s]
Batches:  11%|█         | 79/710 [00:06<00:40, 15.74it/s]
Batches:  11%|█▏        | 81/710 [00:06<00:39, 15.96it/s]
Batches:  12%|█▏        | 83/710 [00:06<00:38, 16.29it/s]
Batches:  12%|█▏        | 85/710 [00:07<00:38, 16.17it/s]
Batches:  12%|█▏        | 87/710 [00:07<00:39, 15.77it/s]
Batches:  13%|█▎        | 89/710 [00:07<00:38, 16.02it/s]
Batches:  13%|█▎        | 91/710 [00:07<00:37, 16.51it/s]
Batches:  13%|█▎        | 93/710 [00:07<00:36, 16.70it/s]
Batches:  13%|█▎        | 95/710 [00:07<00:35, 17.29it/s]
Batches:  14%|█▎        | 97/710 [00:07<00:34, 17.89it/s]
Batches:  14%|█▍        | 99/710 [00:07<00:33, 18.44it/s]
Batches:  14%|█▍        | 101/710 [00:08<00:32, 18.64it/s]
Batches:  15%|█▍        | 103/710 [00:08<00:34, 17.84it/s]
Batches:  15%|█▍        | 105/710 [00:08<00:33, 18.07it/s]
Batches:  15%|█▌        | 107/710 [00:08<00:33, 17.90it/s]
Batches:  15%|█▌        | 109/710 [00:08<00:33, 18.12it/s]
Batches:  16%|█▌        | 112/710 [00:08<00:31, 18.93it/s]
Batches:  16%|█▌        | 114/710 [00:08<00:31, 18.98it/s]
Batches:  16%|█▋        | 116/710 [00:08<00:30, 19.19it/s]
Batches:  17%|█▋        | 118/710 [00:08<00:31, 18.67it/s]
Batches:  17%|█▋        | 121/710 [00:09<00:30, 19.40it/s]
Batches:  17%|█▋        | 123/710 [00:09<00:30, 19.00it/s]
Batches:  18%|█▊        | 126/710 [00:09<00:29, 19.56it/s]
Batches:  18%|█▊        | 128/710 [00:09<00:29, 19.40it/s]
Batches:  18%|█▊        | 130/710 [00:09<00:29, 19.51it/s]
Batches:  19%|█▊        | 133/710 [00:09<00:28, 20.00it/s]
Batches:  19%|█▉        | 135/710 [00:09<00:29, 19.75it/s]
Batches:  19%|█▉        | 137/710 [00:09<00:28, 19.77it/s]
Batches:  20%|█▉        | 139/710 [00:09<00:28, 19.74it/s]
Batches:  20%|█▉        | 141/710 [00:10<00:28, 19.76it/s]
Batches:  20%|██        | 143/710 [00:10<00:28, 19.78it/s]
Batches:  21%|██        | 146/710 [00:10<00:27, 20.37it/s]
Batches:  21%|██        | 149/710 [00:10<00:28, 19.58it/s]
Batches:  21%|██▏       | 152/710 [00:10<00:27, 20.15it/s]
Batches:  22%|██▏       | 155/710 [00:10<00:26, 20.77it/s]
Batches:  22%|██▏       | 158/710 [00:10<00:25, 21.38it/s]
Batches:  23%|██▎       | 161/710 [00:11<00:25, 21.62it/s]
Batches:  23%|██▎       | 164/710 [00:11<00:25, 21.39it/s]
Batches:  24%|██▎       | 167/710 [00:11<00:25, 21.32it/s]
Batches:  24%|██▍       | 170/710 [00:11<00:25, 21.45it/s]
Batches:  24%|██▍       | 173/710 [00:11<00:24, 22.00it/s]
Batches:  25%|██▍       | 176/710 [00:11<00:24, 22.05it/s]
Batches:  25%|██▌       | 179/710 [00:11<00:23, 22.71it/s]
Batches:  26%|██▌       | 182/710 [00:11<00:22, 22.96it/s]
Batches:  26%|██▌       | 185/710 [00:12<00:23, 22.78it/s]
Batches:  26%|██▋       | 188/710 [00:12<00:22, 23.22it/s]
Batches:  27%|██▋       | 191/710 [00:12<00:21, 23.90it/s]
Batches:  27%|██▋       | 194/710 [00:12<00:21, 23.76it/s]
Batches:  28%|██▊       | 197/710 [00:12<00:20, 24.68it/s]
Batches:  28%|██▊       | 200/710 [00:12<00:20, 24.52it/s]
Batches:  29%|██▊       | 203/710 [00:12<00:20, 24.58it/s]
Batches:  29%|██▉       | 206/710 [00:12<00:20, 25.18it/s]
Batches:  29%|██▉       | 209/710 [00:13<00:19, 25.23it/s]
Batches:  30%|██▉       | 212/710 [00:13<00:19, 25.62it/s]
Batches:  30%|███       | 215/710 [00:13<00:19, 25.41it/s]
Batches:  31%|███       | 218/710 [00:13<00:19, 25.37it/s]
Batches:  31%|███       | 221/710 [00:13<00:19, 25.47it/s]
Batches:  32%|███▏      | 224/710 [00:13<00:18, 26.11it/s]
Batches:  32%|███▏      | 227/710 [00:13<00:18, 26.59it/s]
Batches:  32%|███▏      | 230/710 [00:13<00:17, 26.83it/s]
Batches:  33%|███▎      | 233/710 [00:14<00:19, 24.18it/s]
Batches:  33%|███▎      | 236/710 [00:14<00:19, 24.78it/s]
Batches:  34%|███▎      | 239/710 [00:14<00:18, 25.79it/s]
Batches:  34%|███▍      | 242/710 [00:14<00:17, 26.46it/s]
Batches:  35%|███▍      | 245/710 [00:14<00:17, 26.99it/s]
Batches:  35%|███▍      | 248/710 [00:14<00:16, 27.62it/s]
Batches:  35%|███▌      | 251/710 [00:14<00:16, 28.15it/s]
Batches:  36%|███▌      | 254/710 [00:14<00:15, 28.52it/s]
Batches:  36%|███▌      | 257/710 [00:14<00:15, 28.76it/s]
Batches:  37%|███▋      | 260/710 [00:14<00:15, 28.91it/s]
Batches:  37%|███▋      | 263/710 [00:15<00:15, 28.74it/s]
Batches:  38%|███▊      | 267/710 [00:15<00:15, 29.43it/s]
Batches:  38%|███▊      | 270/710 [00:15<00:15, 28.54it/s]
Batches:  39%|███▊      | 274/710 [00:15<00:14, 29.62it/s]
Batches:  39%|███▉      | 278/710 [00:15<00:14, 30.57it/s]
Batches:  40%|███▉      | 282/710 [00:15<00:13, 31.25it/s]
Batches:  40%|████      | 286/710 [00:15<00:13, 31.42it/s]
Batches:  41%|████      | 290/710 [00:15<00:13, 31.72it/s]
Batches:  41%|████▏     | 294/710 [00:16<00:12, 33.09it/s]
Batches:  42%|████▏     | 298/710 [00:16<00:12, 34.09it/s]
Batches:  43%|████▎     | 302/710 [00:16<00:11, 34.16it/s]
Batches:  43%|████▎     | 306/710 [00:16<00:11, 34.87it/s]
Batches:  44%|████▎     | 310/710 [00:16<00:11, 34.75it/s]
Batches:  44%|████▍     | 314/710 [00:16<00:11, 35.65it/s]
Batches:  45%|████▍     | 319/710 [00:16<00:10, 37.61it/s]
Batches:  46%|████▌     | 324/710 [00:16<00:09, 39.23it/s]
Batches:  46%|████▋     | 330/710 [00:16<00:08, 42.65it/s]
Batches:  47%|████▋     | 336/710 [00:17<00:08, 45.30it/s]
Batches:  48%|████▊     | 342/710 [00:17<00:07, 47.42it/s]
Batches:  49%|████▉     | 348/710 [00:17<00:07, 50.35it/s]
Batches:  50%|█████     | 355/710 [00:17<00:06, 53.43it/s]
Batches:  51%|█████     | 361/710 [00:17<00:06, 54.90it/s]
Batches:  52%|█████▏    | 368/710 [00:17<00:05, 57.97it/s]
Batches:  53%|█████▎    | 375/710 [00:17<00:05, 59.85it/s]
Batches:  54%|█████▍    | 382/710 [00:17<00:05, 62.27it/s]
Batches:  55%|█████▍    | 389/710 [00:17<00:05, 64.00it/s]
Batches:  56%|█████▌    | 396/710 [00:18<00:04, 65.45it/s]
Batches:  57%|█████▋    | 403/710 [00:18<00:04, 65.33it/s]
Batches:  58%|█████▊    | 411/710 [00:18<00:04, 67.96it/s]
Batches:  59%|█████▉    | 419/710 [00:18<00:04, 69.31it/s]
Batches:  60%|██████    | 427/710 [00:18<00:03, 71.01it/s]
Batches:  61%|██████▏   | 435/710 [00:18<00:03, 73.09it/s]
Batches:  62%|██████▏   | 443/710 [00:18<00:03, 73.36it/s]
Batches:  64%|██████▎   | 451/710 [00:18<00:03, 74.23it/s]
Batches:  65%|██████▍   | 459/710 [00:18<00:03, 75.73it/s]
Batches:  66%|██████▌   | 467/710 [00:18<00:03, 74.01it/s]
Batches:  67%|██████▋   | 475/710 [00:19<00:03, 75.22it/s]
Batches:  68%|██████▊   | 483/710 [00:19<00:02, 76.59it/s]
Batches:  69%|██████▉   | 491/710 [00:19<00:02, 77.17it/s]
Batches:  70%|███████   | 500/710 [00:19<00:02, 78.91it/s]
Batches:  72%|███████▏  | 509/710 [00:19<00:02, 79.80it/s]
Batches:  73%|███████▎  | 518/710 [00:19<00:02, 80.89it/s]
Batches:  74%|███████▍  | 527/710 [00:19<00:02, 82.91it/s]
Batches:  75%|███████▌  | 536/710 [00:19<00:02, 82.50it/s]
Batches:  77%|███████▋  | 545/710 [00:19<00:01, 83.17it/s]
Batches:  78%|███████▊  | 554/710 [00:20<00:01, 83.69it/s]
Batches:  79%|███████▉  | 564/710 [00:20<00:01, 85.94it/s]
Batches:  81%|████████  | 574/710 [00:20<00:01, 87.21it/s]
Batches:  82%|████████▏ | 583/710 [00:20<00:01, 87.23it/s]
Batches:  83%|████████▎ | 592/710 [00:20<00:01, 87.85it/s]
Batches:  85%|████████▍ | 601/710 [00:20<00:01, 87.20it/s]
Batches:  86%|████████▌ | 610/710 [00:20<00:01, 86.97it/s]
Batches:  87%|████████▋ | 619/710 [00:20<00:01, 86.78it/s]
Batches:  88%|████████▊ | 628/710 [00:20<00:00, 86.31it/s]
Batches:  90%|████████▉ | 637/710 [00:20<00:00, 86.09it/s]
Batches:  91%|█████████ | 646/710 [00:21<00:00, 87.08it/s]
Batches:  92%|█████████▏| 655/710 [00:21<00:00, 87.54it/s]
Batches:  94%|█████████▎| 664/710 [00:21<00:00, 87.10it/s]
Batches:  95%|█████████▍| 673/710 [00:21<00:00, 87.40it/s]
Batches:  96%|█████████▌| 682/710 [00:21<00:00, 86.98it/s]
Batches:  97%|█████████▋| 691/710 [00:21<00:00, 87.46it/s]
Batches:  99%|█████████▊| 700/710 [00:21<00:00, 87.79it/s]
Batches: 100%|█████████▉| 709/710 [00:21<00:00, 87.99it/s]
Batches: 100%|██████████| 710/710 [00:21<00:00, 32.55it/s]
[ace] retrieving
[embed] encoding 500 texts on device=cuda:0

Batches:   0%|          | 0/8 [00:00<?, ?it/s]
Batches:  38%|███▊      | 3/8 [00:00<00:00, 26.14it/s]
Batches:  88%|████████▊ | 7/8 [00:00<00:00, 29.74it/s]
Batches: 100%|██████████| 8/8 [00:00<00:00, 30.66it/s]
[density] loading reader once
`torch_dtype` is deprecated! Use `dtype` instead!

Loading checkpoint shards:   0%|          | 0/2 [00:00<?, ?it/s]
Loading checkpoint shards:  50%|█████     | 1/2 [00:03<00:03,  3.67s/it]
Loading checkpoint shards: 100%|██████████| 2/2 [00:04<00:00,  2.17s/it]
Loading checkpoint shards: 100%|██████████| 2/2 [00:04<00:00,  2.40s/it]
[reader] loaded tiiuae/Falcon3-3B-Instruct (device_map=None, 4bit=False) entry=cuda:0
[density] materializing policy=chunk_packed_160
[density] generating policy=chunk_packed_160
[reader] generated 2/500
[reader] generated 4/500
[reader] generated 6/500
[reader] generated 8/500
[reader] generated 10/500
[reader] generated 12/500
[reader] generated 14/500
[reader] generated 16/500
[reader] generated 18/500
[reader] generated 20/500
[reader] generated 22/500
[reader] generated 24/500
[reader] generated 26/500
[reader] generated 28/500
[reader] generated 30/500
[reader] generated 32/500
[reader] generated 34/500
[reader] generated 36/500
[reader] generated 38/500
[reader] generated 40/500
[reader] generated 42/500
[reader] generated 44/500
[reader] generated 46/500
[reader] generated 48/500
[reader] generated 50/500
[reader] generated 52/500
[reader] generated 54/500
[reader] generated 56/500
[reader] generated 58/500
[reader] generated 60/500
[reader] generated 62/500
[reader] generated 64/500
[reader] generated 66/500
[reader] generated 68/500
[reader] generated 70/500
[reader] generated 72/500
[reader] generated 74/500
[reader] generated 76/500
[reader] generated 78/500
[reader] generated 80/500
[reader] generated 82/500
[reader] generated 84/500
[reader] generated 86/500
[reader] generated 88/500
[reader] generated 90/500
[reader] generated 92/500
[reader] generated 94/500
[reader] generated 96/500
[reader] generated 98/500
[reader] generated 100/500
[reader] generated 102/500
[reader] generated 104/500
[reader] generated 106/500
[reader] generated 108/500
[reader] generated 110/500
[reader] generated 112/500
[reader] generated 114/500
[reader] generated 116/500
[reader] generated 118/500
[reader] generated 120/500
[reader] generated 122/500
[reader] generated 124/500
[reader] generated 126/500
[reader] generated 128/500
[reader] generated 130/500
[reader] generated 132/500
[reader] generated 134/500
[reader] generated 136/500
[reader] generated 138/500
[reader] generated 140/500
[reader] generated 142/500
[reader] generated 144/500
[reader] generated 146/500
[reader] generated 148/500
[reader] generated 150/500
[reader] generated 152/500
[reader] generated 154/500
[reader] generated 156/500
[reader] generated 158/500
[reader] generated 160/500
[reader] generated 162/500
[reader] generated 164/500
[reader] generated 166/500
[reader] generated 168/500
[reader] generated 170/500
[reader] generated 172/500
[reader] generated 174/500
[reader] generated 176/500
[reader] generated 178/500
[reader] generated 180/500
[reader] generated 182/500
[reader] generated 184/500
[reader] generated 186/500
[reader] generated 188/500
[reader] generated 190/500
[reader] generated 192/500
[reader] generated 194/500
[reader] generated 196/500
[reader] generated 198/500
[reader] generated 200/500
[reader] generated 202/500
[reader] generated 204/500
[reader] generated 206/500
[reader] generated 208/500
[reader] generated 210/500
[reader] generated 212/500
[reader] generated 214/500
[reader] generated 216/500
[reader] generated 218/500
[reader] generated 220/500
[reader] generated 222/500
[reader] generated 224/500
[reader] generated 226/500
[reader] generated 228/500
[reader] generated 230/500
[reader] generated 232/500
[reader] generated 234/500
[reader] generated 236/500
[reader] generated 238/500
[reader] generated 240/500
[reader] generated 242/500
[reader] generated 244/500
[reader] generated 246/500
[reader] generated 248/500
[reader] generated 250/500
[reader] generated 252/500
[reader] generated 254/500
[reader] generated 256/500
[reader] generated 258/500
[reader] generated 260/500
[reader] generated 262/500
[reader] generated 264/500
[reader] generated 266/500
[reader] generated 268/500
[reader] generated 270/500
[reader] generated 272/500
[reader] generated 274/500
[reader] generated 276/500
[reader] generated 278/500
[reader] generated 280/500
[reader] generated 282/500
[reader] generated 284/500
[reader] generated 286/500
[reader] generated 288/500
[reader] generated 290/500
[reader] generated 292/500
[reader] generated 294/500
[reader] generated 296/500
[reader] generated 298/500
[reader] generated 300/500
[reader] generated 302/500
[reader] generated 304/500
[reader] generated 306/500
[reader] generated 308/500
[reader] generated 310/500
[reader] generated 312/500
[reader] generated 314/500
[reader] generated 316/500
[reader] generated 318/500
[reader] generated 320/500
[reader] generated 322/500
[reader] generated 324/500
[reader] generated 326/500
[reader] generated 328/500
[reader] generated 330/500
[reader] generated 332/500
[reader] generated 334/500
[reader] generated 336/500
[reader] generated 338/500
[reader] generated 340/500
[reader] generated 342/500
[reader] generated 344/500
[reader] generated 346/500
[reader] generated 348/500
[reader] generated 350/500
[reader] generated 352/500
[reader] generated 354/500
[reader] generated 356/500
[reader] generated 358/500
[reader] generated 360/500
[reader] generated 362/500
[reader] generated 364/500
[reader] generated 366/500
[reader] generated 368/500
[reader] generated 370/500
[reader] generated 372/500
[reader] generated 374/500
[reader] generated 376/500
[reader] generated 378/500
[reader] generated 380/500
[reader] generated 382/500
[reader] generated 384/500
[reader] generated 386/500
[reader] generated 388/500
[reader] generated 390/500
[reader] generated 392/500
[reader] generated 394/500
[reader] generated 396/500
[reader] generated 398/500
[reader] generated 400/500
[reader] generated 402/500
[reader] generated 404/500
[reader] generated 406/500
[reader] generated 408/500
[reader] generated 410/500
[reader] generated 412/500
[reader] generated 414/500
[reader] generated 416/500
[reader] generated 418/500
[reader] generated 420/500
[reader] generated 422/500
[reader] generated 424/500
[reader] generated 426/500
[reader] generated 428/500
[reader] generated 430/500
[reader] generated 432/500
[reader] generated 434/500
[reader] generated 436/500
[reader] generated 438/500
[reader] generated 440/500
[reader] generated 442/500
[reader] generated 444/500
[reader] generated 446/500
[reader] generated 448/500
[reader] generated 450/500
[reader] generated 452/500
[reader] generated 454/500
[reader] generated 456/500
[reader] generated 458/500
[reader] generated 460/500
[reader] generated 462/500
[reader] generated 464/500
[reader] generated 466/500
[reader] generated 468/500
[reader] generated 470/500
[reader] generated 472/500
[reader] generated 474/500
[reader] generated 476/500
[reader] generated 478/500
[reader] generated 480/500
[reader] generated 482/500
[reader] generated 484/500
[reader] generated 486/500
[reader] generated 488/500
[reader] generated 490/500
[reader] generated 492/500
[reader] generated 494/500
[reader] generated 496/500
[reader] generated 498/500
[reader] generated 500/500
[density] policy=chunk_packed_160, router_type=fixed, representation=chunk, packer=packed, reader_model=tiiuae/Falcon3-3B-Instruct, packed_token_budget=160, recall@1=0.437, all_gold@1=0.0, recall@2=0.718, all_gold@2=0.496, recall@5=0.875, all_gold@5=0.762, qwen_em=0.258, qwen_f1=0.371, avg_reader_evidence_tokens=150.79, mean_ans_in_context=0.576, mean_ans_in_context_soft=0.6453, mean_gold_token_density=0.408, mean_gold_doc_reader_cov=0.685, mean_all_gold_reader=0.446, mean_distractor_docs=1.984, mean_context_tokens=150.786, mean_n_snippets=3.502
[density] materializing policy=chunk_focused_160
[density] generating policy=chunk_focused_160
[reader] generated 2/500
[reader] generated 4/500
[reader] generated 6/500
[reader] generated 8/500
[reader] generated 10/500
[reader] generated 12/500
[reader] generated 14/500
[reader] generated 16/500
[reader] generated 18/500
[reader] generated 20/500
[reader] generated 22/500
[reader] generated 24/500
[reader] generated 26/500
[reader] generated 28/500
[reader] generated 30/500
[reader] generated 32/500
[reader] generated 34/500
[reader] generated 36/500
[reader] generated 38/500
[reader] generated 40/500
[reader] generated 42/500
[reader] generated 44/500
[reader] generated 46/500
[reader] generated 48/500
[reader] generated 50/500
[reader] generated 52/500
[reader] generated 54/500
[reader] generated 56/500
[reader] generated 58/500
[reader] generated 60/500
[reader] generated 62/500
[reader] generated 64/500
[reader] generated 66/500
[reader] generated 68/500
[reader] generated 70/500
[reader] generated 72/500
[reader] generated 74/500
[reader] generated 76/500
[reader] generated 78/500
[reader] generated 80/500
[reader] generated 82/500
[reader] generated 84/500
[reader] generated 86/500
[reader] generated 88/500
[reader] generated 90/500
[reader] generated 92/500
[reader] generated 94/500
[reader] generated 96/500
[reader] generated 98/500
[reader] generated 100/500
[reader] generated 102/500
[reader] generated 104/500
[reader] generated 106/500
[reader] generated 108/500
[reader] generated 110/500
[reader] generated 112/500
[reader] generated 114/500
[reader] generated 116/500
[reader] generated 118/500
[reader] generated 120/500
[reader] generated 122/500
[reader] generated 124/500
[reader] generated 126/500
[reader] generated 128/500
[reader] generated 130/500
[reader] generated 132/500
[reader] generated 134/500
[reader] generated 136/500
[reader] generated 138/500
[reader] generated 140/500
[reader] generated 142/500
[reader] generated 144/500
[reader] generated 146/500
[reader] generated 148/500
[reader] generated 150/500
[reader] generated 152/500
[reader] generated 154/500
[reader] generated 156/500
[reader] generated 158/500
[reader] generated 160/500
[reader] generated 162/500
[reader] generated 164/500
[reader] generated 166/500
[reader] generated 168/500
[reader] generated 170/500
[reader] generated 172/500
[reader] generated 174/500
[reader] generated 176/500
[reader] generated 178/500
[reader] generated 180/500
[reader] generated 182/500
[reader] generated 184/500
[reader] generated 186/500
[reader] generated 188/500
[reader] generated 190/500
[reader] generated 192/500
[reader] generated 194/500
[reader] generated 196/500
[reader] generated 198/500
[reader] generated 200/500
[reader] generated 202/500
[reader] generated 204/500
[reader] generated 206/500
[reader] generated 208/500
[reader] generated 210/500
[reader] generated 212/500
[reader] generated 214/500
[reader] generated 216/500
[reader] generated 218/500
[reader] generated 220/500
[reader] generated 222/500
[reader] generated 224/500
[reader] generated 226/500
[reader] generated 228/500
[reader] generated 230/500
[reader] generated 232/500
[reader] generated 234/500
[reader] generated 236/500
[reader] generated 238/500
[reader] generated 240/500
[reader] generated 242/500
[reader] generated 244/500
[reader] generated 246/500
[reader] generated 248/500
[reader] generated 250/500
[reader] generated 252/500
[reader] generated 254/500
[reader] generated 256/500
[reader] generated 258/500
[reader] generated 260/500
[reader] generated 262/500
[reader] generated 264/500
[reader] generated 266/500
[reader] generated 268/500
[reader] generated 270/500
[reader] generated 272/500
[reader] generated 274/500
[reader] generated 276/500
[reader] generated 278/500
[reader] generated 280/500
[reader] generated 282/500
[reader] generated 284/500
[reader] generated 286/500
[reader] generated 288/500
[reader] generated 290/500
[reader] generated 292/500
[reader] generated 294/500
[reader] generated 296/500
[reader] generated 298/500
[reader] generated 300/500
[reader] generated 302/500
[reader] generated 304/500
[reader] generated 306/500
[reader] generated 308/500
[reader] generated 310/500
[reader] generated 312/500
[reader] generated 314/500
[reader] generated 316/500
[reader] generated 318/500
[reader] generated 320/500
[reader] generated 322/500
[reader] generated 324/500
[reader] generated 326/500
[reader] generated 328/500
[reader] generated 330/500
[reader] generated 332/500
[reader] generated 334/500
[reader] generated 336/500
[reader] generated 338/500
[reader] generated 340/500
[reader] generated 342/500
[reader] generated 344/500
[reader] generated 346/500
[reader] generated 348/500
[reader] generated 350/500
[reader] generated 352/500
[reader] generated 354/500
[reader] generated 356/500
[reader] generated 358/500
[reader] generated 360/500
[reader] generated 362/500
[reader] generated 364/500
[reader] generated 366/500
[reader] generated 368/500
[reader] generated 370/500
[reader] generated 372/500
[reader] generated 374/500
[reader] generated 376/500
[reader] generated 378/500
[reader] generated 380/500
[reader] generated 382/500
[reader] generated 384/500
[reader] generated 386/500
[reader] generated 388/500
[reader] generated 390/500
[reader] generated 392/500
[reader] generated 394/500
[reader] generated 396/500
[reader] generated 398/500
[reader] generated 400/500
[reader] generated 402/500
[reader] generated 404/500
[reader] generated 406/500
[reader] generated 408/500
[reader] generated 410/500
[reader] generated 412/500
[reader] generated 414/500
[reader] generated 416/500
[reader] generated 418/500
[reader] generated 420/500
[reader] generated 422/500
[reader] generated 424/500
[reader] generated 426/500
[reader] generated 428/500
[reader] generated 430/500
[reader] generated 432/500
[reader] generated 434/500
[reader] generated 436/500
[reader] generated 438/500
[reader] generated 440/500
[reader] generated 442/500
[reader] generated 444/500
[reader] generated 446/500
[reader] generated 448/500
[reader] generated 450/500
[reader] generated 452/500
[reader] generated 454/500
[reader] generated 456/500
[reader] generated 458/500
[reader] generated 460/500
[reader] generated 462/500
[reader] generated 464/500
[reader] generated 466/500
[reader] generated 468/500
[reader] generated 470/500
[reader] generated 472/500
[reader] generated 474/500
[reader] generated 476/500
[reader] generated 478/500
[reader] generated 480/500
[reader] generated 482/500
[reader] generated 484/500
[reader] generated 486/500
[reader] generated 488/500
[reader] generated 490/500
[reader] generated 492/500
[reader] generated 494/500
[reader] generated 496/500
[reader] generated 498/500
[reader] generated 500/500
[density] policy=chunk_focused_160, router_type=fixed, representation=chunk, packer=focused, reader_model=tiiuae/Falcon3-3B-Instruct, packed_token_budget=160, recall@1=0.437, all_gold@1=0.0, recall@2=0.718, all_gold@2=0.496, recall@5=0.875, all_gold@5=0.762, qwen_em=0.302, qwen_f1=0.4046, avg_reader_evidence_tokens=151.89, mean_ans_in_context=0.644, mean_ans_in_context_soft=0.7113, mean_gold_token_density=0.5325, mean_gold_doc_reader_cov=0.748, mean_all_gold_reader=0.54, mean_distractor_docs=1.536, mean_context_tokens=151.888, mean_n_snippets=3.236
[density] materializing policy=chunk_mmr_160
[density] generating policy=chunk_mmr_160
[reader] generated 2/500
[reader] generated 4/500
[reader] generated 6/500
[reader] generated 8/500
[reader] generated 10/500
[reader] generated 12/500
[reader] generated 14/500
[reader] generated 16/500
[reader] generated 18/500
[reader] generated 20/500
[reader] generated 22/500
[reader] generated 24/500
[reader] generated 26/500
[reader] generated 28/500
[reader] generated 30/500
[reader] generated 32/500
[reader] generated 34/500
[reader] generated 36/500
[reader] generated 38/500
[reader] generated 40/500
[reader] generated 42/500
[reader] generated 44/500
[reader] generated 46/500
[reader] generated 48/500
[reader] generated 50/500
[reader] generated 52/500
[reader] generated 54/500
[reader] generated 56/500
[reader] generated 58/500
[reader] generated 60/500
[reader] generated 62/500
[reader] generated 64/500
[reader] generated 66/500
[reader] generated 68/500
[reader] generated 70/500
[reader] generated 72/500
[reader] generated 74/500
[reader] generated 76/500
[reader] generated 78/500
[reader] generated 80/500
[reader] generated 82/500
[reader] generated 84/500
[reader] generated 86/500
[reader] generated 88/500
[reader] generated 90/500
[reader] generated 92/500
[reader] generated 94/500
[reader] generated 96/500
[reader] generated 98/500
[reader] generated 100/500
[reader] generated 102/500
[reader] generated 104/500
[reader] generated 106/500
[reader] generated 108/500
[reader] generated 110/500
[reader] generated 112/500
[reader] generated 114/500
[reader] generated 116/500
[reader] generated 118/500
[reader] generated 120/500
[reader] generated 122/500
[reader] generated 124/500
[reader] generated 126/500
[reader] generated 128/500
[reader] generated 130/500
[reader] generated 132/500
[reader] generated 134/500
[reader] generated 136/500
[reader] generated 138/500
[reader] generated 140/500
[reader] generated 142/500
[reader] generated 144/500
[reader] generated 146/500
[reader] generated 148/500
[reader] generated 150/500
[reader] generated 152/500
[reader] generated 154/500
[reader] generated 156/500
[reader] generated 158/500
[reader] generated 160/500
[reader] generated 162/500
[reader] generated 164/500
[reader] generated 166/500
[reader] generated 168/500
[reader] generated 170/500
[reader] generated 172/500
[reader] generated 174/500
[reader] generated 176/500
[reader] generated 178/500
[reader] generated 180/500
[reader] generated 182/500
[reader] generated 184/500
[reader] generated 186/500
[reader] generated 188/500
[reader] generated 190/500
[reader] generated 192/500
[reader] generated 194/500
[reader] generated 196/500
[reader] generated 198/500
[reader] generated 200/500
[reader] generated 202/500
[reader] generated 204/500
[reader] generated 206/500
[reader] generated 208/500
[reader] generated 210/500
[reader] generated 212/500
[reader] generated 214/500
[reader] generated 216/500
[reader] generated 218/500
[reader] generated 220/500
[reader] generated 222/500
[reader] generated 224/500
[reader] generated 226/500
[reader] generated 228/500
[reader] generated 230/500
[reader] generated 232/500
[reader] generated 234/500
[reader] generated 236/500
[reader] generated 238/500
[reader] generated 240/500
[reader] generated 242/500
[reader] generated 244/500
[reader] generated 246/500
[reader] generated 248/500
[reader] generated 250/500
[reader] generated 252/500
[reader] generated 254/500
[reader] generated 256/500
[reader] generated 258/500
[reader] generated 260/500
[reader] generated 262/500
[reader] generated 264/500
[reader] generated 266/500
[reader] generated 268/500
[reader] generated 270/500
[reader] generated 272/500
[reader] generated 274/500
[reader] generated 276/500
[reader] generated 278/500
[reader] generated 280/500
[reader] generated 282/500
[reader] generated 284/500
[reader] generated 286/500
[reader] generated 288/500
[reader] generated 290/500
[reader] generated 292/500
[reader] generated 294/500
[reader] generated 296/500
[reader] generated 298/500
[reader] generated 300/500
[reader] generated 302/500
[reader] generated 304/500
[reader] generated 306/500
[reader] generated 308/500
[reader] generated 310/500
[reader] generated 312/500
[reader] generated 314/500
[reader] generated 316/500
[reader] generated 318/500
[reader] generated 320/500
[reader] generated 322/500
[reader] generated 324/500
[reader] generated 326/500
[reader] generated 328/500
[reader] generated 330/500
[reader] generated 332/500
[reader] generated 334/500
[reader] generated 336/500
[reader] generated 338/500
[reader] generated 340/500
[reader] generated 342/500
[reader] generated 344/500
[reader] generated 346/500
[reader] generated 348/500
[reader] generated 350/500
[reader] generated 352/500
[reader] generated 354/500
[reader] generated 356/500
[reader] generated 358/500
[reader] generated 360/500
[reader] generated 362/500
[reader] generated 364/500
[reader] generated 366/500
[reader] generated 368/500
[reader] generated 370/500
[reader] generated 372/500
[reader] generated 374/500
[reader] generated 376/500
[reader] generated 378/500
[reader] generated 380/500
[reader] generated 382/500
[reader] generated 384/500
[reader] generated 386/500
[reader] generated 388/500
[reader] generated 390/500
[reader] generated 392/500
[reader] generated 394/500
[reader] generated 396/500
[reader] generated 398/500
[reader] generated 400/500
[reader] generated 402/500
[reader] generated 404/500
[reader] generated 406/500
[reader] generated 408/500
[reader] generated 410/500
[reader] generated 412/500
[reader] generated 414/500
[reader] generated 416/500
[reader] generated 418/500
[reader] generated 420/500
[reader] generated 422/500
[reader] generated 424/500
[reader] generated 426/500
[reader] generated 428/500
[reader] generated 430/500
[reader] generated 432/500
[reader] generated 434/500
[reader] generated 436/500
[reader] generated 438/500
[reader] generated 440/500
[reader] generated 442/500
[reader] generated 444/500
[reader] generated 446/500
[reader] generated 448/500
[reader] generated 450/500
[reader] generated 452/500
[reader] generated 454/500
[reader] generated 456/500
[reader] generated 458/500
[reader] generated 460/500
[reader] generated 462/500
[reader] generated 464/500
[reader] generated 466/500
[reader] generated 468/500
[reader] generated 470/500
[reader] generated 472/500
[reader] generated 474/500
[reader] generated 476/500
[reader] generated 478/500
[reader] generated 480/500
[reader] generated 482/500
[reader] generated 484/500
[reader] generated 486/500
[reader] generated 488/500
[reader] generated 490/500
[reader] generated 492/500
[reader] generated 494/500
[reader] generated 496/500
[reader] generated 498/500
[reader] generated 500/500
[density] policy=chunk_mmr_160, router_type=fixed, representation=chunk, packer=mmr, reader_model=tiiuae/Falcon3-3B-Instruct, packed_token_budget=160, recall@1=0.437, all_gold@1=0.0, recall@2=0.718, all_gold@2=0.496, recall@5=0.875, all_gold@5=0.762, qwen_em=0.276, qwen_f1=0.3739, avg_reader_evidence_tokens=151.48, mean_ans_in_context=0.602, mean_ans_in_context_soft=0.668, mean_gold_token_density=0.5096, mean_gold_doc_reader_cov=0.68, mean_all_gold_reader=0.422, mean_distractor_docs=1.538, mean_context_tokens=151.482, mean_n_snippets=3.308
[density] materializing policy=chunk_submod_160
[density] generating policy=chunk_submod_160
[reader] generated 2/500
[reader] generated 4/500
[reader] generated 6/500
[reader] generated 8/500
[reader] generated 10/500
[reader] generated 12/500
[reader] generated 14/500
[reader] generated 16/500
[reader] generated 18/500
[reader] generated 20/500
[reader] generated 22/500
[reader] generated 24/500
[reader] generated 26/500
[reader] generated 28/500
[reader] generated 30/500
[reader] generated 32/500
[reader] generated 34/500
[reader] generated 36/500
[reader] generated 38/500
[reader] generated 40/500
[reader] generated 42/500
[reader] generated 44/500
[reader] generated 46/500
[reader] generated 48/500
[reader] generated 50/500
[reader] generated 52/500
[reader] generated 54/500
[reader] generated 56/500
[reader] generated 58/500
[reader] generated 60/500
[reader] generated 62/500
[reader] generated 64/500
[reader] generated 66/500
[reader] generated 68/500
[reader] generated 70/500
[reader] generated 72/500
[reader] generated 74/500
[reader] generated 76/500
[reader] generated 78/500
[reader] generated 80/500
[reader] generated 82/500
[reader] generated 84/500
[reader] generated 86/500
[reader] generated 88/500
[reader] generated 90/500
[reader] generated 92/500
[reader] generated 94/500
[reader] generated 96/500
[reader] generated 98/500
[reader] generated 100/500
[reader] generated 102/500
[reader] generated 104/500
[reader] generated 106/500
[reader] generated 108/500
[reader] generated 110/500
[reader] generated 112/500
[reader] generated 114/500
[reader] generated 116/500
[reader] generated 118/500
[reader] generated 120/500
[reader] generated 122/500
[reader] generated 124/500
[reader] generated 126/500
[reader] generated 128/500
[reader] generated 130/500
[reader] generated 132/500
[reader] generated 134/500
[reader] generated 136/500
[reader] generated 138/500
[reader] generated 140/500
[reader] generated 142/500
[reader] generated 144/500
[reader] generated 146/500
[reader] generated 148/500
[reader] generated 150/500
[reader] generated 152/500
[reader] generated 154/500
[reader] generated 156/500
[reader] generated 158/500
[reader] generated 160/500
[reader] generated 162/500
[reader] generated 164/500
[reader] generated 166/500
[reader] generated 168/500
[reader] generated 170/500
[reader] generated 172/500
[reader] generated 174/500
[reader] generated 176/500
[reader] generated 178/500
[reader] generated 180/500
[reader] generated 182/500
[reader] generated 184/500
[reader] generated 186/500
[reader] generated 188/500
[reader] generated 190/500
[reader] generated 192/500
[reader] generated 194/500
[reader] generated 196/500
[reader] generated 198/500
[reader] generated 200/500
[reader] generated 202/500
[reader] generated 204/500
[reader] generated 206/500
[reader] generated 208/500
[reader] generated 210/500
[reader] generated 212/500
[reader] generated 214/500
[reader] generated 216/500
[reader] generated 218/500
[reader] generated 220/500
[reader] generated 222/500
[reader] generated 224/500
[reader] generated 226/500
[reader] generated 228/500
[reader] generated 230/500
[reader] generated 232/500
[reader] generated 234/500
[reader] generated 236/500
[reader] generated 238/500
[reader] generated 240/500
[reader] generated 242/500
[reader] generated 244/500
[reader] generated 246/500
[reader] generated 248/500
[reader] generated 250/500
[reader] generated 252/500
[reader] generated 254/500
[reader] generated 256/500
[reader] generated 258/500
[reader] generated 260/500
[reader] generated 262/500
[reader] generated 264/500
[reader] generated 266/500
[reader] generated 268/500
[reader] generated 270/500
[reader] generated 272/500
[reader] generated 274/500
[reader] generated 276/500
[reader] generated 278/500
[reader] generated 280/500
[reader] generated 282/500
[reader] generated 284/500
[reader] generated 286/500
[reader] generated 288/500
[reader] generated 290/500
[reader] generated 292/500
[reader] generated 294/500
[reader] generated 296/500
[reader] generated 298/500
[reader] generated 300/500
[reader] generated 302/500
[reader] generated 304/500
[reader] generated 306/500
[reader] generated 308/500
[reader] generated 310/500
[reader] generated 312/500
[reader] generated 314/500
[reader] generated 316/500
[reader] generated 318/500
[reader] generated 320/500
[reader] generated 322/500
[reader] generated 324/500
[reader] generated 326/500
[reader] generated 328/500
[reader] generated 330/500
[reader] generated 332/500
[reader] generated 334/500
[reader] generated 336/500
[reader] generated 338/500
[reader] generated 340/500
[reader] generated 342/500
[reader] generated 344/500
[reader] generated 346/500
[reader] generated 348/500
[reader] generated 350/500
[reader] generated 352/500
[reader] generated 354/500
[reader] generated 356/500
[reader] generated 358/500
[reader] generated 360/500
[reader] generated 362/500
[reader] generated 364/500
[reader] generated 366/500
[reader] generated 368/500
[reader] generated 370/500
[reader] generated 372/500
[reader] generated 374/500
[reader] generated 376/500
[reader] generated 378/500
[reader] generated 380/500
[reader] generated 382/500
[reader] generated 384/500
[reader] generated 386/500
[reader] generated 388/500
[reader] generated 390/500
[reader] generated 392/500
[reader] generated 394/500
[reader] generated 396/500
[reader] generated 398/500
[reader] generated 400/500
[reader] generated 402/500
[reader] generated 404/500
[reader] generated 406/500
[reader] generated 408/500
[reader] generated 410/500
[reader] generated 412/500
[reader] generated 414/500
[reader] generated 416/500
[reader] generated 418/500
[reader] generated 420/500
[reader] generated 422/500
[reader] generated 424/500
[reader] generated 426/500
[reader] generated 428/500
[reader] generated 430/500
[reader] generated 432/500
[reader] generated 434/500
[reader] generated 436/500
[reader] generated 438/500
[reader] generated 440/500
[reader] generated 442/500
[reader] generated 444/500
[reader] generated 446/500
[reader] generated 448/500
[reader] generated 450/500
[reader] generated 452/500
[reader] generated 454/500
[reader] generated 456/500
[reader] generated 458/500
[reader] generated 460/500
[reader] generated 462/500
[reader] generated 464/500
[reader] generated 466/500
[reader] generated 468/500
[reader] generated 470/500
[reader] generated 472/500
[reader] generated 474/500
[reader] generated 476/500
[reader] generated 478/500
[reader] generated 480/500
[reader] generated 482/500
[reader] generated 484/500
[reader] generated 486/500
[reader] generated 488/500
[reader] generated 490/500
[reader] generated 492/500
[reader] generated 494/500
[reader] generated 496/500
[reader] generated 498/500
[reader] generated 500/500
[density] policy=chunk_submod_160, router_type=fixed, representation=chunk, packer=submod, reader_model=tiiuae/Falcon3-3B-Instruct, packed_token_budget=160, recall@1=0.437, all_gold@1=0.0, recall@2=0.718, all_gold@2=0.496, recall@5=0.875, all_gold@5=0.762, qwen_em=0.278, qwen_f1=0.39, avg_reader_evidence_tokens=145.52, mean_ans_in_context=0.628, mean_ans_in_context_soft=0.6913, mean_gold_token_density=0.4565, mean_gold_doc_reader_cov=0.778, mean_all_gold_reader=0.586, mean_distractor_docs=2.236, mean_context_tokens=145.52, mean_n_snippets=4.57
[density] materializing policy=ace_focused_160
[density] generating policy=ace_focused_160
[reader] generated 2/500
[reader] generated 4/500
[reader] generated 6/500
[reader] generated 8/500
[reader] generated 10/500
[reader] generated 12/500
[reader] generated 14/500
[reader] generated 16/500
[reader] generated 18/500
[reader] generated 20/500
[reader] generated 22/500
[reader] generated 24/500
[reader] generated 26/500
[reader] generated 28/500
[reader] generated 30/500
[reader] generated 32/500
[reader] generated 34/500
[reader] generated 36/500
[reader] generated 38/500
[reader] generated 40/500
[reader] generated 42/500
[reader] generated 44/500
[reader] generated 46/500
[reader] generated 48/500
[reader] generated 50/500
[reader] generated 52/500
[reader] generated 54/500
[reader] generated 56/500
[reader] generated 58/500
[reader] generated 60/500
[reader] generated 62/500
[reader] generated 64/500
[reader] generated 66/500
[reader] generated 68/500
[reader] generated 70/500
[reader] generated 72/500
[reader] generated 74/500
[reader] generated 76/500
[reader] generated 78/500
[reader] generated 80/500
[reader] generated 82/500
[reader] generated 84/500
[reader] generated 86/500
[reader] generated 88/500
[reader] generated 90/500
[reader] generated 92/500
[reader] generated 94/500
[reader] generated 96/500
[reader] generated 98/500
[reader] generated 100/500
[reader] generated 102/500
[reader] generated 104/500
[reader] generated 106/500
[reader] generated 108/500
[reader] generated 110/500
[reader] generated 112/500
[reader] generated 114/500
[reader] generated 116/500
[reader] generated 118/500
[reader] generated 120/500
[reader] generated 122/500
[reader] generated 124/500
[reader] generated 126/500
[reader] generated 128/500
[reader] generated 130/500
[reader] generated 132/500
[reader] generated 134/500
[reader] generated 136/500
[reader] generated 138/500
[reader] generated 140/500
[reader] generated 142/500
[reader] generated 144/500
[reader] generated 146/500
[reader] generated 148/500
[reader] generated 150/500
[reader] generated 152/500
[reader] generated 154/500
[reader] generated 156/500
[reader] generated 158/500
[reader] generated 160/500
[reader] generated 162/500
[reader] generated 164/500
[reader] generated 166/500
[reader] generated 168/500
[reader] generated 170/500
[reader] generated 172/500
[reader] generated 174/500
[reader] generated 176/500
[reader] generated 178/500
[reader] generated 180/500
[reader] generated 182/500
[reader] generated 184/500
[reader] generated 186/500
[reader] generated 188/500
[reader] generated 190/500
[reader] generated 192/500
[reader] generated 194/500
[reader] generated 196/500
[reader] generated 198/500
[reader] generated 200/500
[reader] generated 202/500
[reader] generated 204/500
[reader] generated 206/500
[reader] generated 208/500
[reader] generated 210/500
[reader] generated 212/500
[reader] generated 214/500
[reader] generated 216/500
[reader] generated 218/500
[reader] generated 220/500
[reader] generated 222/500
[reader] generated 224/500
[reader] generated 226/500
[reader] generated 228/500
[reader] generated 230/500
[reader] generated 232/500
[reader] generated 234/500
[reader] generated 236/500
[reader] generated 238/500
[reader] generated 240/500
[reader] generated 242/500
[reader] generated 244/500
[reader] generated 246/500
[reader] generated 248/500
[reader] generated 250/500
[reader] generated 252/500
[reader] generated 254/500
[reader] generated 256/500
[reader] generated 258/500
[reader] generated 260/500
[reader] generated 262/500
[reader] generated 264/500
[reader] generated 266/500
[reader] generated 268/500
[reader] generated 270/500
[reader] generated 272/500
[reader] generated 274/500
[reader] generated 276/500
[reader] generated 278/500
[reader] generated 280/500
[reader] generated 282/500
[reader] generated 284/500
[reader] generated 286/500
[reader] generated 288/500
[reader] generated 290/500
[reader] generated 292/500
[reader] generated 294/500
[reader] generated 296/500
[reader] generated 298/500
[reader] generated 300/500
[reader] generated 302/500
[reader] generated 304/500
[reader] generated 306/500
[reader] generated 308/500
[reader] generated 310/500
[reader] generated 312/500
[reader] generated 314/500
[reader] generated 316/500
[reader] generated 318/500
[reader] generated 320/500
[reader] generated 322/500
[reader] generated 324/500
[reader] generated 326/500
[reader] generated 328/500
[reader] generated 330/500
[reader] generated 332/500
[reader] generated 334/500
[reader] generated 336/500
[reader] generated 338/500
[reader] generated 340/500
[reader] generated 342/500
[reader] generated 344/500
[reader] generated 346/500
[reader] generated 348/500
[reader] generated 350/500
[reader] generated 352/500
[reader] generated 354/500
[reader] generated 356/500
[reader] generated 358/500
[reader] generated 360/500
[reader] generated 362/500
[reader] generated 364/500
[reader] generated 366/500
[reader] generated 368/500
[reader] generated 370/500
[reader] generated 372/500
[reader] generated 374/500
[reader] generated 376/500
[reader] generated 378/500
[reader] generated 380/500
[reader] generated 382/500
[reader] generated 384/500
[reader] generated 386/500
[reader] generated 388/500
[reader] generated 390/500
[reader] generated 392/500
[reader] generated 394/500
[reader] generated 396/500
[reader] generated 398/500
[reader] generated 400/500
[reader] generated 402/500
[reader] generated 404/500
[reader] generated 406/500
[reader] generated 408/500
[reader] generated 410/500
[reader] generated 412/500
[reader] generated 414/500
[reader] generated 416/500
[reader] generated 418/500
[reader] generated 420/500
[reader] generated 422/500
[reader] generated 424/500
[reader] generated 426/500
[reader] generated 428/500
[reader] generated 430/500
[reader] generated 432/500
[reader] generated 434/500
[reader] generated 436/500
[reader] generated 438/500
[reader] generated 440/500
[reader] generated 442/500
[reader] generated 444/500
[reader] generated 446/500
[reader] generated 448/500
[reader] generated 450/500
[reader] generated 452/500
[reader] generated 454/500
[reader] generated 456/500
[reader] generated 458/500
[reader] generated 460/500
[reader] generated 462/500
[reader] generated 464/500
[reader] generated 466/500
[reader] generated 468/500
[reader] generated 470/500
[reader] generated 472/500
[reader] generated 474/500
[reader] generated 476/500
[reader] generated 478/500
[reader] generated 480/500
[reader] generated 482/500
[reader] generated 484/500
[reader] generated 486/500
[reader] generated 488/500
[reader] generated 490/500
[reader] generated 492/500
[reader] generated 494/500
[reader] generated 496/500
[reader] generated 498/500
[reader] generated 500/500
[density] policy=ace_focused_160, router_type=fixed, representation=ace, packer=focused, reader_model=tiiuae/Falcon3-3B-Instruct, packed_token_budget=160, recall@1=0.409, all_gold@1=0.0, recall@2=0.665, all_gold@2=0.406, recall@5=0.847, all_gold@5=0.718, qwen_em=0.296, qwen_f1=0.3975, avg_reader_evidence_tokens=150.08, mean_ans_in_context=0.618, mean_ans_in_context_soft=0.6897, mean_gold_token_density=0.4566, mean_gold_doc_reader_cov=0.751, mean_all_gold_reader=0.544, mean_distractor_docs=2.128, mean_context_tokens=150.078, mean_n_snippets=4.046
[density] materializing policy=ace_mmr_160
[density] generating policy=ace_mmr_160
[reader] generated 2/500
[reader] generated 4/500
[reader] generated 6/500
[reader] generated 8/500
[reader] generated 10/500
[reader] generated 12/500
[reader] generated 14/500
[reader] generated 16/500
[reader] generated 18/500
[reader] generated 20/500
[reader] generated 22/500
[reader] generated 24/500
[reader] generated 26/500
[reader] generated 28/500
[reader] generated 30/500
[reader] generated 32/500
[reader] generated 34/500
[reader] generated 36/500
[reader] generated 38/500
[reader] generated 40/500
[reader] generated 42/500
[reader] generated 44/500
[reader] generated 46/500
[reader] generated 48/500
[reader] generated 50/500
[reader] generated 52/500
[reader] generated 54/500
[reader] generated 56/500
[reader] generated 58/500
[reader] generated 60/500
[reader] generated 62/500
[reader] generated 64/500
[reader] generated 66/500
[reader] generated 68/500
[reader] generated 70/500
[reader] generated 72/500
[reader] generated 74/500
[reader] generated 76/500
[reader] generated 78/500
[reader] generated 80/500
[reader] generated 82/500
[reader] generated 84/500
[reader] generated 86/500
[reader] generated 88/500
[reader] generated 90/500
[reader] generated 92/500
[reader] generated 94/500
[reader] generated 96/500
[reader] generated 98/500
[reader] generated 100/500
[reader] generated 102/500
[reader] generated 104/500
[reader] generated 106/500
[reader] generated 108/500
[reader] generated 110/500
[reader] generated 112/500
[reader] generated 114/500
[reader] generated 116/500
[reader] generated 118/500
[reader] generated 120/500
[reader] generated 122/500
[reader] generated 124/500
[reader] generated 126/500
[reader] generated 128/500
[reader] generated 130/500
[reader] generated 132/500
[reader] generated 134/500
[reader] generated 136/500
[reader] generated 138/500
[reader] generated 140/500
[reader] generated 142/500
[reader] generated 144/500
[reader] generated 146/500
[reader] generated 148/500
[reader] generated 150/500
[reader] generated 152/500
[reader] generated 154/500
[reader] generated 156/500
[reader] generated 158/500
[reader] generated 160/500
[reader] generated 162/500
[reader] generated 164/500
[reader] generated 166/500
[reader] generated 168/500
[reader] generated 170/500
[reader] generated 172/500
[reader] generated 174/500
[reader] generated 176/500
[reader] generated 178/500
[reader] generated 180/500
[reader] generated 182/500
[reader] generated 184/500
[reader] generated 186/500
[reader] generated 188/500
[reader] generated 190/500
[reader] generated 192/500
[reader] generated 194/500
[reader] generated 196/500
[reader] generated 198/500
[reader] generated 200/500
[reader] generated 202/500
[reader] generated 204/500
[reader] generated 206/500
[reader] generated 208/500
[reader] generated 210/500
[reader] generated 212/500
[reader] generated 214/500
[reader] generated 216/500
[reader] generated 218/500
[reader] generated 220/500
[reader] generated 222/500
[reader] generated 224/500
[reader] generated 226/500
[reader] generated 228/500
[reader] generated 230/500
[reader] generated 232/500
[reader] generated 234/500
[reader] generated 236/500
[reader] generated 238/500
[reader] generated 240/500
[reader] generated 242/500
[reader] generated 244/500
[reader] generated 246/500
[reader] generated 248/500
[reader] generated 250/500
[reader] generated 252/500
[reader] generated 254/500
[reader] generated 256/500
[reader] generated 258/500
[reader] generated 260/500
[reader] generated 262/500
[reader] generated 264/500
[reader] generated 266/500
[reader] generated 268/500
[reader] generated 270/500
[reader] generated 272/500
[reader] generated 274/500
[reader] generated 276/500
[reader] generated 278/500
[reader] generated 280/500
[reader] generated 282/500
[reader] generated 284/500
[reader] generated 286/500
[reader] generated 288/500
[reader] generated 290/500
[reader] generated 292/500
[reader] generated 294/500
[reader] generated 296/500
[reader] generated 298/500
[reader] generated 300/500
[reader] generated 302/500
[reader] generated 304/500
[reader] generated 306/500
[reader] generated 308/500
[reader] generated 310/500
[reader] generated 312/500
[reader] generated 314/500
[reader] generated 316/500
[reader] generated 318/500
[reader] generated 320/500
[reader] generated 322/500
[reader] generated 324/500
[reader] generated 326/500
[reader] generated 328/500
[reader] generated 330/500
[reader] generated 332/500
[reader] generated 334/500
[reader] generated 336/500
[reader] generated 338/500
[reader] generated 340/500
[reader] generated 342/500
[reader] generated 344/500
[reader] generated 346/500
[reader] generated 348/500
[reader] generated 350/500
[reader] generated 352/500
[reader] generated 354/500
[reader] generated 356/500
[reader] generated 358/500
[reader] generated 360/500
[reader] generated 362/500
[reader] generated 364/500
[reader] generated 366/500
[reader] generated 368/500
[reader] generated 370/500
[reader] generated 372/500
[reader] generated 374/500
[reader] generated 376/500
[reader] generated 378/500
[reader] generated 380/500
[reader] generated 382/500
[reader] generated 384/500
[reader] generated 386/500
[reader] generated 388/500
[reader] generated 390/500
[reader] generated 392/500
[reader] generated 394/500
[reader] generated 396/500
[reader] generated 398/500
[reader] generated 400/500
[reader] generated 402/500
[reader] generated 404/500
[reader] generated 406/500
[reader] generated 408/500
[reader] generated 410/500
[reader] generated 412/500
[reader] generated 414/500
[reader] generated 416/500
[reader] generated 418/500
[reader] generated 420/500
[reader] generated 422/500
[reader] generated 424/500
[reader] generated 426/500
[reader] generated 428/500
[reader] generated 430/500
[reader] generated 432/500
[reader] generated 434/500
[reader] generated 436/500
[reader] generated 438/500
[reader] generated 440/500
[reader] generated 442/500
[reader] generated 444/500
[reader] generated 446/500
[reader] generated 448/500
[reader] generated 450/500
[reader] generated 452/500
[reader] generated 454/500
[reader] generated 456/500
[reader] generated 458/500
[reader] generated 460/500
[reader] generated 462/500
[reader] generated 464/500
[reader] generated 466/500
[reader] generated 468/500
[reader] generated 470/500
[reader] generated 472/500
[reader] generated 474/500
[reader] generated 476/500
[reader] generated 478/500
[reader] generated 480/500
[reader] generated 482/500
[reader] generated 484/500
[reader] generated 486/500
[reader] generated 488/500
[reader] generated 490/500
[reader] generated 492/500
[reader] generated 494/500
[reader] generated 496/500
[reader] generated 498/500
[reader] generated 500/500
[density] policy=ace_mmr_160, router_type=fixed, representation=ace, packer=mmr, reader_model=tiiuae/Falcon3-3B-Instruct, packed_token_budget=160, recall@1=0.409, all_gold@1=0.0, recall@2=0.665, all_gold@2=0.406, recall@5=0.847, all_gold@5=0.718, qwen_em=0.286, qwen_f1=0.3838, avg_reader_evidence_tokens=150.05, mean_ans_in_context=0.59, mean_ans_in_context_soft=0.6589, mean_gold_token_density=0.456, mean_gold_doc_reader_cov=0.711, mean_all_gold_reader=0.478, mean_distractor_docs=2.078, mean_context_tokens=150.052, mean_n_snippets=4.1
[density] materializing policy=ace_submod_160
[density] generating policy=ace_submod_160
[reader] generated 2/500
[reader] generated 4/500
[reader] generated 6/500
[reader] generated 8/500
[reader] generated 10/500
[reader] generated 12/500
[reader] generated 14/500
[reader] generated 16/500
[reader] generated 18/500
[reader] generated 20/500
[reader] generated 22/500
[reader] generated 24/500
[reader] generated 26/500
[reader] generated 28/500
[reader] generated 30/500
[reader] generated 32/500
[reader] generated 34/500
[reader] generated 36/500
[reader] generated 38/500
[reader] generated 40/500
[reader] generated 42/500
[reader] generated 44/500
[reader] generated 46/500
[reader] generated 48/500
[reader] generated 50/500
[reader] generated 52/500
[reader] generated 54/500
[reader] generated 56/500
[reader] generated 58/500
[reader] generated 60/500
[reader] generated 62/500
[reader] generated 64/500
[reader] generated 66/500
[reader] generated 68/500
[reader] generated 70/500
[reader] generated 72/500
[reader] generated 74/500
[reader] generated 76/500
[reader] generated 78/500
[reader] generated 80/500
[reader] generated 82/500
[reader] generated 84/500
[reader] generated 86/500
[reader] generated 88/500
[reader] generated 90/500
[reader] generated 92/500
[reader] generated 94/500
[reader] generated 96/500
[reader] generated 98/500
[reader] generated 100/500
[reader] generated 102/500
[reader] generated 104/500
[reader] generated 106/500
[reader] generated 108/500
[reader] generated 110/500
[reader] generated 112/500
[reader] generated 114/500
[reader] generated 116/500
[reader] generated 118/500
[reader] generated 120/500
[reader] generated 122/500
[reader] generated 124/500
[reader] generated 126/500
[reader] generated 128/500
[reader] generated 130/500
[reader] generated 132/500
[reader] generated 134/500
[reader] generated 136/500
[reader] generated 138/500
[reader] generated 140/500
[reader] generated 142/500
[reader] generated 144/500
[reader] generated 146/500
[reader] generated 148/500
[reader] generated 150/500
[reader] generated 152/500
[reader] generated 154/500
[reader] generated 156/500
[reader] generated 158/500
[reader] generated 160/500
[reader] generated 162/500
[reader] generated 164/500
[reader] generated 166/500
[reader] generated 168/500
[reader] generated 170/500
[reader] generated 172/500
[reader] generated 174/500
[reader] generated 176/500
[reader] generated 178/500
[reader] generated 180/500
[reader] generated 182/500
[reader] generated 184/500
[reader] generated 186/500
[reader] generated 188/500
[reader] generated 190/500
[reader] generated 192/500
[reader] generated 194/500
[reader] generated 196/500
[reader] generated 198/500
[reader] generated 200/500
[reader] generated 202/500
[reader] generated 204/500
[reader] generated 206/500
[reader] generated 208/500
[reader] generated 210/500
[reader] generated 212/500
[reader] generated 214/500
[reader] generated 216/500
[reader] generated 218/500
[reader] generated 220/500
[reader] generated 222/500
[reader] generated 224/500
[reader] generated 226/500
[reader] generated 228/500
[reader] generated 230/500
[reader] generated 232/500
[reader] generated 234/500
[reader] generated 236/500
[reader] generated 238/500
[reader] generated 240/500
[reader] generated 242/500
[reader] generated 244/500
[reader] generated 246/500
[reader] generated 248/500
[reader] generated 250/500
[reader] generated 252/500
[reader] generated 254/500
[reader] generated 256/500
[reader] generated 258/500
[reader] generated 260/500
[reader] generated 262/500
[reader] generated 264/500
[reader] generated 266/500
[reader] generated 268/500
[reader] generated 270/500
[reader] generated 272/500
[reader] generated 274/500
[reader] generated 276/500
[reader] generated 278/500
[reader] generated 280/500
[reader] generated 282/500
[reader] generated 284/500
[reader] generated 286/500
[reader] generated 288/500
[reader] generated 290/500
[reader] generated 292/500
[reader] generated 294/500
[reader] generated 296/500
[reader] generated 298/500
[reader] generated 300/500
[reader] generated 302/500
[reader] generated 304/500
[reader] generated 306/500
[reader] generated 308/500
[reader] generated 310/500
[reader] generated 312/500
[reader] generated 314/500
[reader] generated 316/500
[reader] generated 318/500
[reader] generated 320/500
[reader] generated 322/500
[reader] generated 324/500
[reader] generated 326/500
[reader] generated 328/500
[reader] generated 330/500
[reader] generated 332/500
[reader] generated 334/500
[reader] generated 336/500
[reader] generated 338/500
[reader] generated 340/500
[reader] generated 342/500
[reader] generated 344/500
[reader] generated 346/500
[reader] generated 348/500
[reader] generated 350/500
[reader] generated 352/500
[reader] generated 354/500
[reader] generated 356/500
[reader] generated 358/500
[reader] generated 360/500
[reader] generated 362/500
[reader] generated 364/500
[reader] generated 366/500
[reader] generated 368/500
[reader] generated 370/500
[reader] generated 372/500
[reader] generated 374/500
[reader] generated 376/500
[reader] generated 378/500
[reader] generated 380/500
[reader] generated 382/500
[reader] generated 384/500
[reader] generated 386/500
[reader] generated 388/500
[reader] generated 390/500
[reader] generated 392/500
[reader] generated 394/500
[reader] generated 396/500
[reader] generated 398/500
[reader] generated 400/500
[reader] generated 402/500
[reader] generated 404/500
[reader] generated 406/500
[reader] generated 408/500
[reader] generated 410/500
[reader] generated 412/500
[reader] generated 414/500
[reader] generated 416/500
[reader] generated 418/500
[reader] generated 420/500
[reader] generated 422/500
[reader] generated 424/500
[reader] generated 426/500
[reader] generated 428/500
[reader] generated 430/500
[reader] generated 432/500
[reader] generated 434/500
[reader] generated 436/500
[reader] generated 438/500
[reader] generated 440/500
[reader] generated 442/500
[reader] generated 444/500
[reader] generated 446/500
[reader] generated 448/500
[reader] generated 450/500
[reader] generated 452/500
[reader] generated 454/500
[reader] generated 456/500
[reader] generated 458/500
[reader] generated 460/500
[reader] generated 462/500
[reader] generated 464/500
[reader] generated 466/500
[reader] generated 468/500
[reader] generated 470/500
[reader] generated 472/500
[reader] generated 474/500
[reader] generated 476/500
[reader] generated 478/500
[reader] generated 480/500
[reader] generated 482/500
[reader] generated 484/500
[reader] generated 486/500
[reader] generated 488/500
[reader] generated 490/500
[reader] generated 492/500
[reader] generated 494/500
[reader] generated 496/500
[reader] generated 498/500
[reader] generated 500/500
[density] policy=ace_submod_160, router_type=fixed, representation=ace, packer=submod, reader_model=tiiuae/Falcon3-3B-Instruct, packed_token_budget=160, recall@1=0.409, all_gold@1=0.0, recall@2=0.665, all_gold@2=0.406, recall@5=0.847, all_gold@5=0.718, qwen_em=0.28, qwen_f1=0.3916, avg_reader_evidence_tokens=147.5, mean_ans_in_context=0.608, mean_ans_in_context_soft=0.6852, mean_gold_token_density=0.4286, mean_gold_doc_reader_cov=0.741, mean_all_gold_reader=0.532, mean_distractor_docs=2.33, mean_context_tokens=147.496, mean_n_snippets=4.586
[density] policy=router_oracle_packer, router_type=oracle, representation=mixed, packer=oracle, reader_model=tiiuae/Falcon3-3B-Instruct, packed_token_budget=160, selection_counts={"ace_focused_160": 100, "ace_mmr_160": 36, "ace_submod_160": 87, "chunk_focused_160": 77, "chunk_mmr_160": 40, "chunk_submod_160": 160}, qwen_em=0.476, qwen_f1=0.5992, avg_reader_evidence_tokens=142.69, mean_ans_in_context=0.712, mean_ans_in_context_soft=0.7686, mean_gold_token_density=0.5073, mean_gold_doc_reader_cov=0.778, mean_all_gold_reader=0.594, mean_distractor_docs=1.902, mean_context_tokens=142.686, mean_n_snippets=3.998
wrote /kaggle/working/colab_results/stage12_crossfamily_hotpotqa_falcon3b_budget160_limit500_seed13/hotpotqa_density_standard_budget160_limit500_metrics.csv
wrote /kaggle/working/colab_results/stage12_crossfamily_hotpotqa_falcon3b_budget160_limit500_seed13/hotpotqa_density_standard_budget160_limit500_per_question.csv
--- cross-family falcon3b (tiiuae/Falcon3-3B-Instruct) seed 7 ---
$ /usr/bin/python3 -m experiments.run_density_router --dataset hotpotqa --limit 500 --seed 7 --ace-retriever standard --top-k 5 --top-k-nodes 48 --max-expanded-docs 5 --embedder sentence-transformers --embedding-model BAAI/bge-small-en-v1.5 --embed-device cuda --compressor truncate --compress-dims 320 --reader-backend hf --reader-model tiiuae/Falcon3-3B-Instruct --reader-device cuda --reader-batch-size 2 --mmr-lambda 0.7 --budget 160 --out-dir /kaggle/working/colab_results/stage12_crossfamily_hotpotqa_falcon3b_budget160_limit500_seed7 --split validation
hotpotqa[hf:validation:500]: 4948 docs, 500 questions, 2.00 gold docs/question
[density] retrieving chunk baseline
[chunk] fitting/indexing
[embed] encoding 4948 texts on device=cuda:0

Batches:   0%|          | 0/78 [00:00<?, ?it/s]
Batches:   1%|▏         | 1/78 [00:00<01:16,  1.01it/s]
Batches:   3%|▎         | 2/78 [00:01<00:52,  1.46it/s]
Batches:   4%|▍         | 3/78 [00:01<00:43,  1.72it/s]
Batches:   5%|▌         | 4/78 [00:02<00:36,  2.02it/s]
Batches:   6%|▋         | 5/78 [00:02<00:31,  2.30it/s]
Batches:   8%|▊         | 6/78 [00:02<00:29,  2.48it/s]
Batches:   9%|▉         | 7/78 [00:03<00:26,  2.67it/s]
Batches:  10%|█         | 8/78 [00:03<00:24,  2.90it/s]
Batches:  12%|█▏        | 9/78 [00:03<00:23,  2.93it/s]
Batches:  13%|█▎        | 10/78 [00:04<00:22,  3.01it/s]
Batches:  14%|█▍        | 11/78 [00:04<00:22,  3.02it/s]
Batches:  15%|█▌        | 12/78 [00:04<00:20,  3.26it/s]
Batches:  17%|█▋        | 13/78 [00:05<00:18,  3.43it/s]
Batches:  18%|█▊        | 14/78 [00:05<00:18,  3.49it/s]
Batches:  19%|█▉        | 15/78 [00:05<00:17,  3.64it/s]
Batches:  21%|██        | 16/78 [00:05<00:16,  3.78it/s]
Batches:  22%|██▏       | 17/78 [00:06<00:15,  3.95it/s]
Batches:  23%|██▎       | 18/78 [00:06<00:14,  4.15it/s]
Batches:  24%|██▍       | 19/78 [00:06<00:14,  4.07it/s]
Batches:  26%|██▌       | 20/78 [00:06<00:13,  4.16it/s]
Batches:  27%|██▋       | 21/78 [00:06<00:14,  4.06it/s]
Batches:  28%|██▊       | 22/78 [00:07<00:12,  4.33it/s]
Batches:  29%|██▉       | 23/78 [00:07<00:12,  4.53it/s]
Batches:  31%|███       | 24/78 [00:07<00:11,  4.75it/s]
Batches:  32%|███▏      | 25/78 [00:07<00:11,  4.81it/s]
Batches:  33%|███▎      | 26/78 [00:07<00:10,  4.95it/s]
Batches:  35%|███▍      | 27/78 [00:08<00:10,  5.01it/s]
Batches:  36%|███▌      | 28/78 [00:08<00:10,  4.63it/s]
Batches:  37%|███▋      | 29/78 [00:08<00:10,  4.87it/s]
Batches:  38%|███▊      | 30/78 [00:08<00:09,  4.92it/s]
Batches:  40%|███▉      | 31/78 [00:08<00:09,  5.08it/s]
Batches:  41%|████      | 32/78 [00:09<00:09,  5.08it/s]
Batches:  42%|████▏     | 33/78 [00:09<00:08,  5.28it/s]
Batches:  44%|████▎     | 34/78 [00:09<00:07,  5.56it/s]
Batches:  45%|████▍     | 35/78 [00:09<00:07,  5.71it/s]
Batches:  46%|████▌     | 36/78 [00:09<00:07,  5.72it/s]
Batches:  47%|████▋     | 37/78 [00:09<00:07,  5.76it/s]
Batches:  49%|████▊     | 38/78 [00:10<00:06,  5.90it/s]
Batches:  50%|█████     | 39/78 [00:10<00:06,  6.28it/s]
Batches:  51%|█████▏    | 40/78 [00:10<00:06,  6.32it/s]
Batches:  53%|█████▎    | 41/78 [00:10<00:05,  6.20it/s]
Batches:  54%|█████▍    | 42/78 [00:10<00:05,  6.24it/s]
Batches:  55%|█████▌    | 43/78 [00:10<00:05,  6.15it/s]
Batches:  56%|█████▋    | 44/78 [00:11<00:05,  6.33it/s]
Batches:  58%|█████▊    | 45/78 [00:11<00:05,  6.35it/s]
Batches:  59%|█████▉    | 46/78 [00:11<00:04,  6.47it/s]
Batches:  60%|██████    | 47/78 [00:11<00:04,  6.74it/s]
Batches:  62%|██████▏   | 48/78 [00:11<00:04,  7.18it/s]
Batches:  63%|██████▎   | 49/78 [00:11<00:03,  7.44it/s]
Batches:  64%|██████▍   | 50/78 [00:11<00:03,  7.84it/s]
Batches:  65%|██████▌   | 51/78 [00:12<00:03,  7.75it/s]
Batches:  67%|██████▋   | 52/78 [00:12<00:03,  7.80it/s]
Batches:  68%|██████▊   | 53/78 [00:12<00:03,  8.18it/s]
Batches:  69%|██████▉   | 54/78 [00:12<00:03,  7.58it/s]
Batches:  71%|███████   | 55/78 [00:12<00:02,  7.97it/s]
Batches:  72%|███████▏  | 56/78 [00:12<00:02,  8.37it/s]
Batches:  73%|███████▎  | 57/78 [00:12<00:02,  8.65it/s]
Batches:  74%|███████▍  | 58/78 [00:12<00:02,  8.83it/s]
Batches:  76%|███████▌  | 59/78 [00:12<00:02,  9.11it/s]
Batches:  78%|███████▊  | 61/78 [00:13<00:01,  9.74it/s]
Batches:  81%|████████  | 63/78 [00:13<00:01, 10.11it/s]
Batches:  83%|████████▎ | 65/78 [00:13<00:01, 10.73it/s]
Batches:  86%|████████▌ | 67/78 [00:13<00:01, 10.84it/s]
Batches:  88%|████████▊ | 69/78 [00:13<00:00, 11.31it/s]
Batches:  91%|█████████ | 71/78 [00:13<00:00, 11.96it/s]
Batches:  94%|█████████▎| 73/78 [00:14<00:00, 12.73it/s]
Batches:  96%|█████████▌| 75/78 [00:14<00:00, 13.99it/s]
Batches: 100%|██████████| 78/78 [00:14<00:00, 17.59it/s]
Batches: 100%|██████████| 78/78 [00:14<00:00,  5.45it/s]
[chunk] retrieving
[embed] encoding 500 texts on device=cuda:0

Batches:   0%|          | 0/8 [00:00<?, ?it/s]
Batches:  38%|███▊      | 3/8 [00:00<00:00, 25.44it/s]
Batches:  88%|████████▊ | 7/8 [00:00<00:00, 31.38it/s]
Batches: 100%|██████████| 8/8 [00:00<00:00, 32.15it/s]
[density] retrieving ACE graph
[ace] building evidence graph
[ace] graph built: nodes=49359 edges=75836
[ace] fitting/indexing embeddings
[embed] encoding 44411 texts on device=cuda:0

Batches:   0%|          | 0/694 [00:00<?, ?it/s]
Batches:   0%|          | 1/694 [00:00<04:15,  2.71it/s]
Batches:   0%|          | 2/694 [00:00<02:39,  4.33it/s]
Batches:   0%|          | 3/694 [00:00<02:23,  4.80it/s]
Batches:   1%|          | 4/694 [00:00<02:03,  5.58it/s]
Batches:   1%|          | 5/694 [00:00<01:48,  6.35it/s]
Batches:   1%|          | 6/694 [00:01<01:42,  6.72it/s]
Batches:   1%|          | 7/694 [00:01<01:36,  7.09it/s]
Batches:   1%|          | 8/694 [00:01<01:28,  7.78it/s]
Batches:   1%|▏         | 9/694 [00:01<01:24,  8.15it/s]
Batches:   1%|▏         | 10/694 [00:01<01:20,  8.47it/s]
Batches:   2%|▏         | 12/694 [00:01<01:12,  9.35it/s]
Batches:   2%|▏         | 14/694 [00:01<01:09,  9.83it/s]
Batches:   2%|▏         | 16/694 [00:02<01:07, 10.00it/s]
Batches:   3%|▎         | 18/694 [00:02<01:10,  9.60it/s]
Batches:   3%|▎         | 20/694 [00:02<01:05, 10.27it/s]
Batches:   3%|▎         | 22/694 [00:02<01:02, 10.75it/s]
Batches:   3%|▎         | 24/694 [00:02<01:00, 11.03it/s]
Batches:   4%|▎         | 26/694 [00:02<00:58, 11.47it/s]
Batches:   4%|▍         | 28/694 [00:03<00:55, 11.95it/s]
Batches:   4%|▍         | 30/694 [00:03<00:59, 11.20it/s]
Batches:   5%|▍         | 32/694 [00:03<00:56, 11.75it/s]
Batches:   5%|▍         | 34/694 [00:03<00:55, 11.86it/s]
Batches:   5%|▌         | 36/694 [00:03<00:54, 12.09it/s]
Batches:   5%|▌         | 38/694 [00:03<00:52, 12.55it/s]
Batches:   6%|▌         | 40/694 [00:04<00:49, 13.31it/s]
Batches:   6%|▌         | 42/694 [00:04<00:49, 13.29it/s]
Batches:   6%|▋         | 44/694 [00:04<00:47, 13.77it/s]
Batches:   7%|▋         | 46/694 [00:04<00:46, 13.94it/s]
Batches:   7%|▋         | 48/694 [00:04<00:44, 14.59it/s]
Batches:   7%|▋         | 50/694 [00:04<00:43, 14.91it/s]
Batches:   7%|▋         | 52/694 [00:04<00:44, 14.37it/s]
Batches:   8%|▊         | 54/694 [00:05<00:43, 14.80it/s]
Batches:   8%|▊         | 56/694 [00:05<00:42, 15.02it/s]
Batches:   8%|▊         | 58/694 [00:05<00:43, 14.63it/s]
Batches:   9%|▊         | 60/694 [00:05<00:43, 14.60it/s]
Batches:   9%|▉         | 62/694 [00:05<00:41, 15.14it/s]
Batches:   9%|▉         | 64/694 [00:05<00:39, 15.84it/s]
Batches:  10%|▉         | 66/694 [00:05<00:39, 15.86it/s]
Batches:  10%|▉         | 68/694 [00:05<00:38, 16.23it/s]
Batches:  10%|█         | 70/694 [00:06<00:37, 16.86it/s]
Batches:  10%|█         | 72/694 [00:06<00:35, 17.36it/s]
Batches:  11%|█         | 74/694 [00:06<00:34, 17.87it/s]
Batches:  11%|█         | 76/694 [00:06<00:34, 17.71it/s]
Batches:  11%|█         | 78/694 [00:06<00:35, 17.39it/s]
Batches:  12%|█▏        | 80/694 [00:06<00:35, 17.42it/s]
Batches:  12%|█▏        | 82/694 [00:06<00:35, 17.49it/s]
Batches:  12%|█▏        | 84/694 [00:06<00:35, 17.19it/s]
Batches:  12%|█▏        | 86/694 [00:06<00:35, 17.10it/s]
Batches:  13%|█▎        | 88/694 [00:07<00:34, 17.65it/s]
Batches:  13%|█▎        | 90/694 [00:07<00:34, 17.56it/s]
Batches:  13%|█▎        | 92/694 [00:07<00:33, 17.85it/s]
Batches:  14%|█▎        | 94/694 [00:07<00:32, 18.41it/s]
Batches:  14%|█▍        | 97/694 [00:07<00:31, 19.19it/s]
Batches:  14%|█▍        | 99/694 [00:07<00:33, 17.85it/s]
Batches:  15%|█▍        | 101/694 [00:07<00:33, 17.70it/s]
Batches:  15%|█▍        | 103/694 [00:07<00:32, 18.26it/s]
Batches:  15%|█▌        | 105/694 [00:07<00:31, 18.71it/s]
Batches:  15%|█▌        | 107/694 [00:08<00:32, 18.32it/s]
Batches:  16%|█▌        | 109/694 [00:08<00:34, 17.03it/s]
Batches:  16%|█▌        | 112/694 [00:08<00:32, 18.14it/s]
Batches:  16%|█▋        | 114/694 [00:08<00:31, 18.53it/s]
Batches:  17%|█▋        | 116/694 [00:08<00:30, 18.74it/s]
Batches:  17%|█▋        | 118/694 [00:08<00:30, 18.90it/s]
Batches:  17%|█▋        | 121/694 [00:08<00:29, 19.40it/s]
Batches:  18%|█▊        | 123/694 [00:08<00:29, 19.26it/s]
Batches:  18%|█▊        | 125/694 [00:09<00:29, 19.30it/s]
Batches:  18%|█▊        | 128/694 [00:09<00:28, 19.62it/s]
Batches:  19%|█▉        | 131/694 [00:09<00:28, 20.08it/s]
Batches:  19%|█▉        | 133/694 [00:09<00:28, 19.62it/s]
Batches:  19%|█▉        | 135/694 [00:09<00:28, 19.65it/s]
Batches:  20%|█▉        | 138/694 [00:09<00:27, 20.48it/s]
Batches:  20%|██        | 141/694 [00:09<00:27, 20.29it/s]
Batches:  21%|██        | 144/694 [00:09<00:26, 21.08it/s]
Batches:  21%|██        | 147/694 [00:10<00:26, 20.73it/s]
Batches:  22%|██▏       | 150/694 [00:10<00:26, 20.88it/s]
Batches:  22%|██▏       | 153/694 [00:10<00:25, 21.10it/s]
Batches:  22%|██▏       | 156/694 [00:10<00:24, 21.68it/s]
Batches:  23%|██▎       | 159/694 [00:10<00:24, 21.97it/s]
Batches:  23%|██▎       | 162/694 [00:10<00:23, 22.48it/s]
Batches:  24%|██▍       | 165/694 [00:10<00:23, 22.33it/s]
Batches:  24%|██▍       | 168/694 [00:11<00:24, 21.50it/s]
Batches:  25%|██▍       | 171/694 [00:11<00:23, 21.83it/s]
Batches:  25%|██▌       | 174/694 [00:11<00:23, 21.84it/s]
Batches:  26%|██▌       | 177/694 [00:11<00:23, 21.80it/s]
Batches:  26%|██▌       | 180/694 [00:11<00:23, 21.54it/s]
Batches:  26%|██▋       | 183/694 [00:11<00:22, 22.30it/s]
Batches:  27%|██▋       | 186/694 [00:11<00:22, 22.59it/s]
Batches:  27%|██▋       | 189/694 [00:11<00:22, 22.82it/s]
Batches:  28%|██▊       | 192/694 [00:12<00:21, 23.41it/s]
Batches:  28%|██▊       | 195/694 [00:12<00:21, 23.46it/s]
Batches:  29%|██▊       | 198/694 [00:12<00:20, 24.34it/s]
Batches:  29%|██▉       | 201/694 [00:12<00:20, 24.52it/s]
Batches:  29%|██▉       | 204/694 [00:12<00:19, 25.11it/s]
Batches:  30%|██▉       | 207/694 [00:12<00:18, 25.78it/s]
Batches:  30%|███       | 210/694 [00:12<00:18, 25.63it/s]
Batches:  31%|███       | 213/694 [00:12<00:18, 26.36it/s]
Batches:  31%|███       | 216/694 [00:13<00:18, 26.54it/s]
Batches:  32%|███▏      | 219/694 [00:13<00:17, 26.81it/s]
Batches:  32%|███▏      | 222/694 [00:13<00:17, 26.68it/s]
Batches:  32%|███▏      | 225/694 [00:13<00:17, 27.18it/s]
Batches:  33%|███▎      | 228/694 [00:13<00:16, 27.63it/s]
Batches:  33%|███▎      | 231/694 [00:13<00:16, 27.83it/s]
Batches:  34%|███▎      | 234/694 [00:13<00:16, 28.22it/s]
Batches:  34%|███▍      | 238/694 [00:13<00:15, 28.64it/s]
Batches:  35%|███▍      | 241/694 [00:13<00:15, 28.66it/s]
Batches:  35%|███▌      | 245/694 [00:14<00:15, 29.72it/s]
Batches:  36%|███▌      | 249/694 [00:14<00:14, 29.77it/s]
Batches:  36%|███▋      | 253/694 [00:14<00:14, 30.67it/s]
Batches:  37%|███▋      | 257/694 [00:14<00:14, 29.73it/s]
Batches:  38%|███▊      | 261/694 [00:14<00:14, 29.53it/s]
Batches:  38%|███▊      | 265/694 [00:14<00:14, 30.07it/s]
Batches:  39%|███▉      | 269/694 [00:14<00:13, 31.32it/s]
Batches:  39%|███▉      | 273/694 [00:14<00:13, 32.31it/s]
Batches:  40%|███▉      | 277/694 [00:15<00:12, 32.32it/s]
Batches:  40%|████      | 281/694 [00:15<00:12, 33.63it/s]
Batches:  41%|████      | 285/694 [00:15<00:11, 34.98it/s]
Batches:  42%|████▏     | 289/694 [00:15<00:11, 35.07it/s]
Batches:  42%|████▏     | 293/694 [00:15<00:11, 35.88it/s]
Batches:  43%|████▎     | 298/694 [00:15<00:10, 37.75it/s]
Batches:  44%|████▎     | 303/694 [00:15<00:10, 38.91it/s]
Batches:  44%|████▍     | 308/694 [00:15<00:09, 40.16it/s]
Batches:  45%|████▌     | 313/694 [00:15<00:09, 42.01it/s]
Batches:  46%|████▌     | 319/694 [00:16<00:08, 45.24it/s]
Batches:  47%|████▋     | 325/694 [00:16<00:07, 46.94it/s]
Batches:  48%|████▊     | 331/694 [00:16<00:07, 48.82it/s]
Batches:  49%|████▊     | 337/694 [00:16<00:06, 51.24it/s]
Batches:  49%|████▉     | 343/694 [00:16<00:06, 53.65it/s]
Batches:  50%|█████     | 349/694 [00:16<00:06, 54.96it/s]
Batches:  51%|█████▏    | 356/694 [00:16<00:05, 57.24it/s]
Batches:  52%|█████▏    | 363/694 [00:16<00:05, 60.14it/s]
Batches:  53%|█████▎    | 370/694 [00:16<00:05, 62.54it/s]
Batches:  54%|█████▍    | 378/694 [00:17<00:04, 65.14it/s]
Batches:  56%|█████▌    | 386/694 [00:17<00:04, 66.82it/s]
Batches:  57%|█████▋    | 394/694 [00:17<00:04, 68.48it/s]
Batches:  58%|█████▊    | 402/694 [00:17<00:04, 69.50it/s]
Batches:  59%|█████▉    | 410/694 [00:17<00:03, 71.73it/s]
Batches:  60%|██████    | 418/694 [00:17<00:03, 72.37it/s]
Batches:  61%|██████▏   | 426/694 [00:17<00:03, 73.96it/s]
Batches:  63%|██████▎   | 434/694 [00:17<00:03, 75.05it/s]
Batches:  64%|██████▍   | 443/694 [00:17<00:03, 77.19it/s]
Batches:  65%|██████▍   | 451/694 [00:17<00:03, 77.63it/s]
Batches:  66%|██████▋   | 460/694 [00:18<00:02, 79.22it/s]
Batches:  68%|██████▊   | 469/694 [00:18<00:02, 79.87it/s]
Batches:  69%|██████▉   | 478/694 [00:18<00:02, 80.32it/s]
Batches:  70%|███████   | 487/694 [00:18<00:02, 81.96it/s]
Batches:  71%|███████▏  | 496/694 [00:18<00:02, 82.59it/s]
Batches:  73%|███████▎  | 505/694 [00:18<00:02, 82.89it/s]
Batches:  74%|███████▍  | 514/694 [00:18<00:02, 83.70it/s]
Batches:  75%|███████▌  | 523/694 [00:18<00:02, 84.16it/s]
Batches:  77%|███████▋  | 532/694 [00:18<00:01, 84.98it/s]
Batches:  78%|███████▊  | 541/694 [00:19<00:01, 85.86it/s]
Batches:  79%|███████▉  | 550/694 [00:19<00:01, 86.68it/s]
Batches:  81%|████████  | 560/694 [00:19<00:01, 88.44it/s]
Batches:  82%|████████▏ | 569/694 [00:19<00:01, 88.52it/s]
Batches:  83%|████████▎ | 578/694 [00:19<00:01, 86.11it/s]
Batches:  85%|████████▍ | 587/694 [00:19<00:01, 85.81it/s]
Batches:  86%|████████▌ | 596/694 [00:19<00:01, 86.90it/s]
Batches:  87%|████████▋ | 605/694 [00:19<00:01, 80.25it/s]
Batches:  89%|████████▊ | 615/694 [00:19<00:00, 83.64it/s]
Batches:  90%|████████▉ | 624/694 [00:20<00:00, 85.16it/s]
Batches:  91%|█████████ | 633/694 [00:20<00:00, 86.22it/s]
Batches:  93%|█████████▎| 642/694 [00:20<00:00, 87.28it/s]
Batches:  94%|█████████▍| 652/694 [00:20<00:00, 89.01it/s]
Batches:  95%|█████████▌| 662/694 [00:20<00:00, 89.99it/s]
Batches:  97%|█████████▋| 672/694 [00:20<00:00, 91.20it/s]
Batches:  98%|█████████▊| 682/694 [00:20<00:00, 90.20it/s]
Batches: 100%|█████████▉| 692/694 [00:20<00:00, 89.96it/s]
Batches: 100%|██████████| 694/694 [00:20<00:00, 33.37it/s]
[ace] retrieving
[embed] encoding 500 texts on device=cuda:0

Batches:   0%|          | 0/8 [00:00<?, ?it/s]
Batches:  38%|███▊      | 3/8 [00:00<00:00, 24.81it/s]
Batches:  88%|████████▊ | 7/8 [00:00<00:00, 30.58it/s]
Batches: 100%|██████████| 8/8 [00:00<00:00, 31.26it/s]
[density] loading reader once
`torch_dtype` is deprecated! Use `dtype` instead!

Loading checkpoint shards:   0%|          | 0/2 [00:00<?, ?it/s]
Loading checkpoint shards:  50%|█████     | 1/2 [00:03<00:03,  3.46s/it]
Loading checkpoint shards: 100%|██████████| 2/2 [00:04<00:00,  2.01s/it]
Loading checkpoint shards: 100%|██████████| 2/2 [00:04<00:00,  2.23s/it]
[reader] loaded tiiuae/Falcon3-3B-Instruct (device_map=None, 4bit=False) entry=cuda:0
[density] materializing policy=chunk_packed_160
[density] generating policy=chunk_packed_160
[reader] generated 2/500
[reader] generated 4/500
[reader] generated 6/500
[reader] generated 8/500
[reader] generated 10/500
[reader] generated 12/500
[reader] generated 14/500
[reader] generated 16/500
[reader] generated 18/500
[reader] generated 20/500
[reader] generated 22/500
[reader] generated 24/500
[reader] generated 26/500
[reader] generated 28/500
[reader] generated 30/500
[reader] generated 32/500
[reader] generated 34/500
[reader] generated 36/500
[reader] generated 38/500
[reader] generated 40/500
[reader] generated 42/500
[reader] generated 44/500
[reader] generated 46/500
[reader] generated 48/500
[reader] generated 50/500
[reader] generated 52/500
[reader] generated 54/500
[reader] generated 56/500
[reader] generated 58/500
[reader] generated 60/500
[reader] generated 62/500
[reader] generated 64/500
[reader] generated 66/500
[reader] generated 68/500
[reader] generated 70/500
[reader] generated 72/500
[reader] generated 74/500
[reader] generated 76/500
[reader] generated 78/500
[reader] generated 80/500
[reader] generated 82/500
[reader] generated 84/500
[reader] generated 86/500
[reader] generated 88/500
[reader] generated 90/500
[reader] generated 92/500
[reader] generated 94/500
[reader] generated 96/500
[reader] generated 98/500
[reader] generated 100/500
[reader] generated 102/500
[reader] generated 104/500
[reader] generated 106/500
[reader] generated 108/500
[reader] generated 110/500
[reader] generated 112/500
[reader] generated 114/500
[reader] generated 116/500
[reader] generated 118/500
[reader] generated 120/500
[reader] generated 122/500
[reader] generated 124/500
[reader] generated 126/500
[reader] generated 128/500
[reader] generated 130/500
[reader] generated 132/500
[reader] generated 134/500
[reader] generated 136/500
[reader] generated 138/500
[reader] generated 140/500
[reader] generated 142/500
[reader] generated 144/500
[reader] generated 146/500
[reader] generated 148/500
[reader] generated 150/500
[reader] generated 152/500
[reader] generated 154/500
[reader] generated 156/500
[reader] generated 158/500
[reader] generated 160/500
[reader] generated 162/500
[reader] generated 164/500
[reader] generated 166/500
[reader] generated 168/500
[reader] generated 170/500
[reader] generated 172/500
[reader] generated 174/500
[reader] generated 176/500
[reader] generated 178/500
[reader] generated 180/500
[reader] generated 182/500
[reader] generated 184/500
[reader] generated 186/500
[reader] generated 188/500
[reader] generated 190/500
[reader] generated 192/500
[reader] generated 194/500
[reader] generated 196/500
[reader] generated 198/500
[reader] generated 200/500
[reader] generated 202/500
[reader] generated 204/500
[reader] generated 206/500
[reader] generated 208/500
[reader] generated 210/500
[reader] generated 212/500
[reader] generated 214/500
[reader] generated 216/500
[reader] generated 218/500
[reader] generated 220/500
[reader] generated 222/500
[reader] generated 224/500
[reader] generated 226/500
[reader] generated 228/500
[reader] generated 230/500
[reader] generated 232/500
[reader] generated 234/500
[reader] generated 236/500
[reader] generated 238/500
[reader] generated 240/500
[reader] generated 242/500
[reader] generated 244/500
[reader] generated 246/500
[reader] generated 248/500
[reader] generated 250/500
[reader] generated 252/500
[reader] generated 254/500
[reader] generated 256/500
[reader] generated 258/500
[reader] generated 260/500
[reader] generated 262/500
[reader] generated 264/500
[reader] generated 266/500
[reader] generated 268/500
[reader] generated 270/500
[reader] generated 272/500
[reader] generated 274/500
[reader] generated 276/500
[reader] generated 278/500
[reader] generated 280/500
[reader] generated 282/500
[reader] generated 284/500
[reader] generated 286/500
[reader] generated 288/500
[reader] generated 290/500
[reader] generated 292/500
[reader] generated 294/500
[reader] generated 296/500
[reader] generated 298/500
[reader] generated 300/500
[reader] generated 302/500
[reader] generated 304/500
[reader] generated 306/500
[reader] generated 308/500
[reader] generated 310/500
[reader] generated 312/500
[reader] generated 314/500
[reader] generated 316/500
[reader] generated 318/500
[reader] generated 320/500
[reader] generated 322/500
[reader] generated 324/500
[reader] generated 326/500
[reader] generated 328/500
[reader] generated 330/500
[reader] generated 332/500
[reader] generated 334/500
[reader] generated 336/500
[reader] generated 338/500
[reader] generated 340/500
[reader] generated 342/500
[reader] generated 344/500
[reader] generated 346/500
[reader] generated 348/500
[reader] generated 350/500
[reader] generated 352/500
[reader] generated 354/500
[reader] generated 356/500
[reader] generated 358/500
[reader] generated 360/500
[reader] generated 362/500
[reader] generated 364/500
[reader] generated 366/500
[reader] generated 368/500
[reader] generated 370/500
[reader] generated 372/500
[reader] generated 374/500
[reader] generated 376/500
[reader] generated 378/500
[reader] generated 380/500
[reader] generated 382/500
[reader] generated 384/500
[reader] generated 386/500
[reader] generated 388/500
[reader] generated 390/500
[reader] generated 392/500
[reader] generated 394/500
[reader] generated 396/500
[reader] generated 398/500
[reader] generated 400/500
[reader] generated 402/500
[reader] generated 404/500
[reader] generated 406/500
[reader] generated 408/500
[reader] generated 410/500
[reader] generated 412/500
[reader] generated 414/500
[reader] generated 416/500
[reader] generated 418/500
[reader] generated 420/500
[reader] generated 422/500
[reader] generated 424/500
[reader] generated 426/500
[reader] generated 428/500
[reader] generated 430/500
[reader] generated 432/500
[reader] generated 434/500
[reader] generated 436/500
[reader] generated 438/500
[reader] generated 440/500
[reader] generated 442/500
[reader] generated 444/500
[reader] generated 446/500
[reader] generated 448/500
[reader] generated 450/500
[reader] generated 452/500
[reader] generated 454/500
[reader] generated 456/500
[reader] generated 458/500
[reader] generated 460/500
[reader] generated 462/500
[reader] generated 464/500
[reader] generated 466/500
[reader] generated 468/500
[reader] generated 470/500
[reader] generated 472/500
[reader] generated 474/500
[reader] generated 476/500
[reader] generated 478/500
[reader] generated 480/500
[reader] generated 482/500
[reader] generated 484/500
[reader] generated 486/500
[reader] generated 488/500
[reader] generated 490/500
[reader] generated 492/500
[reader] generated 494/500
[reader] generated 496/500
[reader] generated 498/500
[reader] generated 500/500
[density] policy=chunk_packed_160, router_type=fixed, representation=chunk, packer=packed, reader_model=tiiuae/Falcon3-3B-Instruct, packed_token_budget=160, recall@1=0.438, all_gold@1=0.0, recall@2=0.712, all_gold@2=0.49, recall@5=0.876, all_gold@5=0.764, qwen_em=0.276, qwen_f1=0.3766, avg_reader_evidence_tokens=151.1, mean_ans_in_context=0.572, mean_ans_in_context_soft=0.6446, mean_gold_token_density=0.4055, mean_gold_doc_reader_cov=0.691, mean_all_gold_reader=0.444, mean_distractor_docs=1.972, mean_context_tokens=151.104, mean_n_snippets=3.498
[density] materializing policy=chunk_focused_160
[density] generating policy=chunk_focused_160
[reader] generated 2/500
[reader] generated 4/500
[reader] generated 6/500
[reader] generated 8/500
[reader] generated 10/500
[reader] generated 12/500
[reader] generated 14/500
[reader] generated 16/500
[reader] generated 18/500
[reader] generated 20/500
[reader] generated 22/500
[reader] generated 24/500
[reader] generated 26/500
[reader] generated 28/500
[reader] generated 30/500
[reader] generated 32/500
[reader] generated 34/500
[reader] generated 36/500
[reader] generated 38/500
[reader] generated 40/500
[reader] generated 42/500
[reader] generated 44/500
[reader] generated 46/500
[reader] generated 48/500
[reader] generated 50/500
[reader] generated 52/500
[reader] generated 54/500
[reader] generated 56/500
[reader] generated 58/500
[reader] generated 60/500
[reader] generated 62/500
[reader] generated 64/500
[reader] generated 66/500
[reader] generated 68/500
[reader] generated 70/500
[reader] generated 72/500
[reader] generated 74/500
[reader] generated 76/500
[reader] generated 78/500
[reader] generated 80/500
[reader] generated 82/500
[reader] generated 84/500
[reader] generated 86/500
[reader] generated 88/500
[reader] generated 90/500
[reader] generated 92/500
[reader] generated 94/500
[reader] generated 96/500
[reader] generated 98/500
[reader] generated 100/500
[reader] generated 102/500
[reader] generated 104/500
[reader] generated 106/500
[reader] generated 108/500
[reader] generated 110/500
[reader] generated 112/500
[reader] generated 114/500
[reader] generated 116/500
[reader] generated 118/500
[reader] generated 120/500
[reader] generated 122/500
[reader] generated 124/500
[reader] generated 126/500
[reader] generated 128/500
[reader] generated 130/500
[reader] generated 132/500
[reader] generated 134/500
[reader] generated 136/500
[reader] generated 138/500
[reader] generated 140/500
[reader] generated 142/500
[reader] generated 144/500
[reader] generated 146/500
[reader] generated 148/500
[reader] generated 150/500
[reader] generated 152/500
[reader] generated 154/500
[reader] generated 156/500
[reader] generated 158/500
[reader] generated 160/500
[reader] generated 162/500
[reader] generated 164/500
[reader] generated 166/500
[reader] generated 168/500
[reader] generated 170/500
[reader] generated 172/500
[reader] generated 174/500
[reader] generated 176/500
[reader] generated 178/500
[reader] generated 180/500
[reader] generated 182/500
[reader] generated 184/500
[reader] generated 186/500
[reader] generated 188/500
[reader] generated 190/500
[reader] generated 192/500
[reader] generated 194/500
[reader] generated 196/500
[reader] generated 198/500
[reader] generated 200/500
[reader] generated 202/500
[reader] generated 204/500
[reader] generated 206/500
[reader] generated 208/500
[reader] generated 210/500
[reader] generated 212/500
[reader] generated 214/500
[reader] generated 216/500
[reader] generated 218/500
[reader] generated 220/500
[reader] generated 222/500
[reader] generated 224/500
[reader] generated 226/500
[reader] generated 228/500
[reader] generated 230/500
[reader] generated 232/500
[reader] generated 234/500
[reader] generated 236/500
[reader] generated 238/500
[reader] generated 240/500
[reader] generated 242/500
[reader] generated 244/500
[reader] generated 246/500
[reader] generated 248/500
[reader] generated 250/500
[reader] generated 252/500
[reader] generated 254/500
[reader] generated 256/500
[reader] generated 258/500
[reader] generated 260/500
[reader] generated 262/500
[reader] generated 264/500
[reader] generated 266/500
[reader] generated 268/500
[reader] generated 270/500
[reader] generated 272/500
[reader] generated 274/500
[reader] generated 276/500
[reader] generated 278/500
[reader] generated 280/500
[reader] generated 282/500
[reader] generated 284/500
[reader] generated 286/500
[reader] generated 288/500
[reader] generated 290/500
[reader] generated 292/500
[reader] generated 294/500
[reader] generated 296/500
[reader] generated 298/500
[reader] generated 300/500
[reader] generated 302/500
[reader] generated 304/500
[reader] generated 306/500
[reader] generated 308/500
[reader] generated 310/500
[reader] generated 312/500
[reader] generated 314/500
[reader] generated 316/500
[reader] generated 318/500
[reader] generated 320/500
[reader] generated 322/500
[reader] generated 324/500
[reader] generated 326/500
[reader] generated 328/500
[reader] generated 330/500
[reader] generated 332/500
[reader] generated 334/500
[reader] generated 336/500
[reader] generated 338/500
[reader] generated 340/500
[reader] generated 342/500
[reader] generated 344/500
[reader] generated 346/500
[reader] generated 348/500
[reader] generated 350/500
[reader] generated 352/500
[reader] generated 354/500
[reader] generated 356/500
[reader] generated 358/500
[reader] generated 360/500
[reader] generated 362/500
[reader] generated 364/500
[reader] generated 366/500
[reader] generated 368/500
[reader] generated 370/500
[reader] generated 372/500
[reader] generated 374/500
[reader] generated 376/500
[reader] generated 378/500
[reader] generated 380/500
[reader] generated 382/500
[reader] generated 384/500
[reader] generated 386/500
[reader] generated 388/500
[reader] generated 390/500
[reader] generated 392/500
[reader] generated 394/500
[reader] generated 396/500
[reader] generated 398/500
[reader] generated 400/500
[reader] generated 402/500
[reader] generated 404/500
[reader] generated 406/500
[reader] generated 408/500
[reader] generated 410/500
[reader] generated 412/500
[reader] generated 414/500
[reader] generated 416/500
[reader] generated 418/500
[reader] generated 420/500
[reader] generated 422/500
[reader] generated 424/500
[reader] generated 426/500
[reader] generated 428/500
[reader] generated 430/500
[reader] generated 432/500
[reader] generated 434/500
[reader] generated 436/500
[reader] generated 438/500
[reader] generated 440/500
[reader] generated 442/500
[reader] generated 444/500
[reader] generated 446/500
[reader] generated 448/500
[reader] generated 450/500
[reader] generated 452/500
[reader] generated 454/500
[reader] generated 456/500
[reader] generated 458/500
[reader] generated 460/500
[reader] generated 462/500
[reader] generated 464/500
[reader] generated 466/500
[reader] generated 468/500
[reader] generated 470/500
[reader] generated 472/500
[reader] generated 474/500
[reader] generated 476/500
[reader] generated 478/500
[reader] generated 480/500
[reader] generated 482/500
[reader] generated 484/500
[reader] generated 486/500
[reader] generated 488/500
[reader] generated 490/500
[reader] generated 492/500
[reader] generated 494/500
[reader] generated 496/500
[reader] generated 498/500
[reader] generated 500/500
[density] policy=chunk_focused_160, router_type=fixed, representation=chunk, packer=focused, reader_model=tiiuae/Falcon3-3B-Instruct, packed_token_budget=160, recall@1=0.438, all_gold@1=0.0, recall@2=0.712, all_gold@2=0.49, recall@5=0.876, all_gold@5=0.764, qwen_em=0.314, qwen_f1=0.4275, avg_reader_evidence_tokens=151.7, mean_ans_in_context=0.644, mean_ans_in_context_soft=0.6993, mean_gold_token_density=0.5037, mean_gold_doc_reader_cov=0.726, mean_all_gold_reader=0.506, mean_distractor_docs=1.582, mean_context_tokens=151.7, mean_n_snippets=3.27
[density] materializing policy=chunk_mmr_160
[density] generating policy=chunk_mmr_160
[reader] generated 2/500
[reader] generated 4/500
[reader] generated 6/500
[reader] generated 8/500
[reader] generated 10/500
[reader] generated 12/500
[reader] generated 14/500
[reader] generated 16/500
[reader] generated 18/500
[reader] generated 20/500
[reader] generated 22/500
[reader] generated 24/500
[reader] generated 26/500
[reader] generated 28/500
[reader] generated 30/500
[reader] generated 32/500
[reader] generated 34/500
[reader] generated 36/500
[reader] generated 38/500
[reader] generated 40/500
[reader] generated 42/500
[reader] generated 44/500
[reader] generated 46/500
[reader] generated 48/500
[reader] generated 50/500
[reader] generated 52/500
[reader] generated 54/500
[reader] generated 56/500
[reader] generated 58/500
[reader] generated 60/500
[reader] generated 62/500
[reader] generated 64/500
[reader] generated 66/500
[reader] generated 68/500
[reader] generated 70/500
[reader] generated 72/500
[reader] generated 74/500
[reader] generated 76/500
[reader] generated 78/500
[reader] generated 80/500
[reader] generated 82/500
[reader] generated 84/500
[reader] generated 86/500
[reader] generated 88/500
[reader] generated 90/500
[reader] generated 92/500
[reader] generated 94/500
[reader] generated 96/500
[reader] generated 98/500
[reader] generated 100/500
[reader] generated 102/500
[reader] generated 104/500
[reader] generated 106/500
[reader] generated 108/500
[reader] generated 110/500
[reader] generated 112/500
[reader] generated 114/500
[reader] generated 116/500
[reader] generated 118/500
[reader] generated 120/500
[reader] generated 122/500
[reader] generated 124/500
[reader] generated 126/500
[reader] generated 128/500
[reader] generated 130/500
[reader] generated 132/500
[reader] generated 134/500
[reader] generated 136/500
[reader] generated 138/500
[reader] generated 140/500
[reader] generated 142/500
[reader] generated 144/500
[reader] generated 146/500
[reader] generated 148/500
[reader] generated 150/500
[reader] generated 152/500
[reader] generated 154/500
[reader] generated 156/500
[reader] generated 158/500
[reader] generated 160/500
[reader] generated 162/500
[reader] generated 164/500
[reader] generated 166/500
[reader] generated 168/500
[reader] generated 170/500
[reader] generated 172/500
[reader] generated 174/500
[reader] generated 176/500
[reader] generated 178/500
[reader] generated 180/500
[reader] generated 182/500
[reader] generated 184/500
[reader] generated 186/500
[reader] generated 188/500
[reader] generated 190/500
[reader] generated 192/500
[reader] generated 194/500
[reader] generated 196/500
[reader] generated 198/500
[reader] generated 200/500
[reader] generated 202/500
[reader] generated 204/500
[reader] generated 206/500
[reader] generated 208/500
[reader] generated 210/500
[reader] generated 212/500
[reader] generated 214/500
[reader] generated 216/500
[reader] generated 218/500
[reader] generated 220/500
[reader] generated 222/500
[reader] generated 224/500
[reader] generated 226/500
[reader] generated 228/500
[reader] generated 230/500
[reader] generated 232/500
[reader] generated 234/500
[reader] generated 236/500
[reader] generated 238/500
[reader] generated 240/500
[reader] generated 242/500
[reader] generated 244/500
[reader] generated 246/500
[reader] generated 248/500
[reader] generated 250/500
[reader] generated 252/500
[reader] generated 254/500
[reader] generated 256/500
[reader] generated 258/500
[reader] generated 260/500
[reader] generated 262/500
[reader] generated 264/500
[reader] generated 266/500
[reader] generated 268/500
[reader] generated 270/500
[reader] generated 272/500
[reader] generated 274/500
[reader] generated 276/500
[reader] generated 278/500
[reader] generated 280/500
[reader] generated 282/500
[reader] generated 284/500
[reader] generated 286/500
[reader] generated 288/500
[reader] generated 290/500
[reader] generated 292/500
[reader] generated 294/500
[reader] generated 296/500
[reader] generated 298/500
[reader] generated 300/500
[reader] generated 302/500
[reader] generated 304/500
[reader] generated 306/500
[reader] generated 308/500
[reader] generated 310/500
[reader] generated 312/500
[reader] generated 314/500
[reader] generated 316/500
[reader] generated 318/500
[reader] generated 320/500
[reader] generated 322/500
[reader] generated 324/500
[reader] generated 326/500
[reader] generated 328/500
[reader] generated 330/500
[reader] generated 332/500
[reader] generated 334/500
[reader] generated 336/500
[reader] generated 338/500
[reader] generated 340/500
[reader] generated 342/500
[reader] generated 344/500
[reader] generated 346/500
[reader] generated 348/500
[reader] generated 350/500
[reader] generated 352/500
[reader] generated 354/500
[reader] generated 356/500
[reader] generated 358/500
[reader] generated 360/500
[reader] generated 362/500
[reader] generated 364/500
[reader] generated 366/500
[reader] generated 368/500
[reader] generated 370/500
[reader] generated 372/500
[reader] generated 374/500
[reader] generated 376/500
[reader] generated 378/500
[reader] generated 380/500
[reader] generated 382/500
[reader] generated 384/500
[reader] generated 386/500
[reader] generated 388/500
[reader] generated 390/500
[reader] generated 392/500
[reader] generated 394/500
[reader] generated 396/500
[reader] generated 398/500
[reader] generated 400/500
[reader] generated 402/500
[reader] generated 404/500
[reader] generated 406/500
[reader] generated 408/500
[reader] generated 410/500
[reader] generated 412/500
[reader] generated 414/500
[reader] generated 416/500
[reader] generated 418/500
[reader] generated 420/500
[reader] generated 422/500
[reader] generated 424/500
[reader] generated 426/500
[reader] generated 428/500
[reader] generated 430/500
[reader] generated 432/500
[reader] generated 434/500
[reader] generated 436/500
[reader] generated 438/500
[reader] generated 440/500
[reader] generated 442/500
[reader] generated 444/500
[reader] generated 446/500
[reader] generated 448/500
[reader] generated 450/500
[reader] generated 452/500
[reader] generated 454/500
[reader] generated 456/500
[reader] generated 458/500
[reader] generated 460/500
[reader] generated 462/500
[reader] generated 464/500
[reader] generated 466/500
[reader] generated 468/500
[reader] generated 470/500
[reader] generated 472/500
[reader] generated 474/500
[reader] generated 476/500
[reader] generated 478/500
[reader] generated 480/500
[reader] generated 482/500
[reader] generated 484/500
[reader] generated 486/500
[reader] generated 488/500
[reader] generated 490/500
[reader] generated 492/500
[reader] generated 494/500
[reader] generated 496/500
[reader] generated 498/500
[reader] generated 500/500
[density] policy=chunk_mmr_160, router_type=fixed, representation=chunk, packer=mmr, reader_model=tiiuae/Falcon3-3B-Instruct, packed_token_budget=160, recall@1=0.438, all_gold@1=0.0, recall@2=0.712, all_gold@2=0.49, recall@5=0.876, all_gold@5=0.764, qwen_em=0.314, qwen_f1=0.4135, avg_reader_evidence_tokens=151.74, mean_ans_in_context=0.608, mean_ans_in_context_soft=0.667, mean_gold_token_density=0.4716, mean_gold_doc_reader_cov=0.664, mean_all_gold_reader=0.408, mean_distractor_docs=1.622, mean_context_tokens=151.738, mean_n_snippets=3.336
[density] materializing policy=chunk_submod_160
[density] generating policy=chunk_submod_160
[reader] generated 2/500
[reader] generated 4/500
[reader] generated 6/500
[reader] generated 8/500
[reader] generated 10/500
[reader] generated 12/500
[reader] generated 14/500
[reader] generated 16/500
[reader] generated 18/500
[reader] generated 20/500
[reader] generated 22/500
[reader] generated 24/500
[reader] generated 26/500
[reader] generated 28/500
[reader] generated 30/500
[reader] generated 32/500
[reader] generated 34/500
[reader] generated 36/500
[reader] generated 38/500
[reader] generated 40/500
[reader] generated 42/500
[reader] generated 44/500
[reader] generated 46/500
[reader] generated 48/500
[reader] generated 50/500
[reader] generated 52/500
[reader] generated 54/500
[reader] generated 56/500
[reader] generated 58/500
[reader] generated 60/500
[reader] generated 62/500
[reader] generated 64/500
[reader] generated 66/500
[reader] generated 68/500
[reader] generated 70/500
[reader] generated 72/500
[reader] generated 74/500
[reader] generated 76/500
[reader] generated 78/500
[reader] generated 80/500
[reader] generated 82/500
[reader] generated 84/500
[reader] generated 86/500
[reader] generated 88/500
[reader] generated 90/500
[reader] generated 92/500
[reader] generated 94/500
[reader] generated 96/500
[reader] generated 98/500
[reader] generated 100/500
[reader] generated 102/500
[reader] generated 104/500
[reader] generated 106/500
[reader] generated 108/500
[reader] generated 110/500
[reader] generated 112/500
[reader] generated 114/500
[reader] generated 116/500
[reader] generated 118/500
[reader] generated 120/500
[reader] generated 122/500
[reader] generated 124/500
[reader] generated 126/500
[reader] generated 128/500
[reader] generated 130/500
[reader] generated 132/500
[reader] generated 134/500
[reader] generated 136/500
[reader] generated 138/500
[reader] generated 140/500
[reader] generated 142/500
[reader] generated 144/500
[reader] generated 146/500
[reader] generated 148/500
[reader] generated 150/500
[reader] generated 152/500
[reader] generated 154/500
[reader] generated 156/500
[reader] generated 158/500
[reader] generated 160/500
[reader] generated 162/500
[reader] generated 164/500
[reader] generated 166/500
[reader] generated 168/500
[reader] generated 170/500
[reader] generated 172/500
[reader] generated 174/500
[reader] generated 176/500
[reader] generated 178/500
[reader] generated 180/500
[reader] generated 182/500
[reader] generated 184/500
[reader] generated 186/500
[reader] generated 188/500
[reader] generated 190/500
[reader] generated 192/500
[reader] generated 194/500
[reader] generated 196/500
[reader] generated 198/500
[reader] generated 200/500
[reader] generated 202/500
[reader] generated 204/500
[reader] generated 206/500
[reader] generated 208/500
[reader] generated 210/500
[reader] generated 212/500
[reader] generated 214/500
[reader] generated 216/500
[reader] generated 218/500
[reader] generated 220/500
[reader] generated 222/500
[reader] generated 224/500
[reader] generated 226/500
[reader] generated 228/500
[reader] generated 230/500
[reader] generated 232/500
[reader] generated 234/500
[reader] generated 236/500
[reader] generated 238/500
[reader] generated 240/500
[reader] generated 242/500
[reader] generated 244/500
[reader] generated 246/500
[reader] generated 248/500
[reader] generated 250/500
[reader] generated 252/500
[reader] generated 254/500
[reader] generated 256/500
[reader] generated 258/500
[reader] generated 260/500
[reader] generated 262/500
[reader] generated 264/500
[reader] generated 266/500
[reader] generated 268/500
[reader] generated 270/500
[reader] generated 272/500
[reader] generated 274/500
[reader] generated 276/500
[reader] generated 278/500
[reader] generated 280/500
[reader] generated 282/500
[reader] generated 284/500
[reader] generated 286/500
[reader] generated 288/500
[reader] generated 290/500
[reader] generated 292/500
[reader] generated 294/500
[reader] generated 296/500
[reader] generated 298/500
[reader] generated 300/500
[reader] generated 302/500
[reader] generated 304/500
[reader] generated 306/500
[reader] generated 308/500
[reader] generated 310/500
[reader] generated 312/500
[reader] generated 314/500
[reader] generated 316/500
[reader] generated 318/500
[reader] generated 320/500
[reader] generated 322/500
[reader] generated 324/500
[reader] generated 326/500
[reader] generated 328/500
[reader] generated 330/500
[reader] generated 332/500
[reader] generated 334/500
[reader] generated 336/500
[reader] generated 338/500
[reader] generated 340/500
[reader] generated 342/500
[reader] generated 344/500
[reader] generated 346/500
[reader] generated 348/500
[reader] generated 350/500
[reader] generated 352/500
[reader] generated 354/500
[reader] generated 356/500
[reader] generated 358/500
[reader] generated 360/500
[reader] generated 362/500
[reader] generated 364/500
[reader] generated 366/500
[reader] generated 368/500
[reader] generated 370/500
[reader] generated 372/500
[reader] generated 374/500
[reader] generated 376/500
[reader] generated 378/500
[reader] generated 380/500
[reader] generated 382/500
[reader] generated 384/500
[reader] generated 386/500
[reader] generated 388/500
[reader] generated 390/500
[reader] generated 392/500
[reader] generated 394/500
[reader] generated 396/500
[reader] generated 398/500
[reader] generated 400/500
[reader] generated 402/500
[reader] generated 404/500
[reader] generated 406/500
[reader] generated 408/500
[reader] generated 410/500
[reader] generated 412/500
[reader] generated 414/500
[reader] generated 416/500
[reader] generated 418/500
[reader] generated 420/500
[reader] generated 422/500
[reader] generated 424/500
[reader] generated 426/500
[reader] generated 428/500
[reader] generated 430/500
[reader] generated 432/500
[reader] generated 434/500
[reader] generated 436/500
[reader] generated 438/500
[reader] generated 440/500
[reader] generated 442/500
[reader] generated 444/500
[reader] generated 446/500
[reader] generated 448/500
[reader] generated 450/500
[reader] generated 452/500
[reader] generated 454/500
[reader] generated 456/500
[reader] generated 458/500
[reader] generated 460/500
[reader] generated 462/500
[reader] generated 464/500
[reader] generated 466/500
[reader] generated 468/500
[reader] generated 470/500
[reader] generated 472/500
[reader] generated 474/500
[reader] generated 476/500
[reader] generated 478/500
[reader] generated 480/500
[reader] generated 482/500
[reader] generated 484/500
[reader] generated 486/500
[reader] generated 488/500
[reader] generated 490/500
[reader] generated 492/500
[reader] generated 494/500
[reader] generated 496/500
[reader] generated 498/500
[reader] generated 500/500
[density] policy=chunk_submod_160, router_type=fixed, representation=chunk, packer=submod, reader_model=tiiuae/Falcon3-3B-Instruct, packed_token_budget=160, recall@1=0.438, all_gold@1=0.0, recall@2=0.712, all_gold@2=0.49, recall@5=0.876, all_gold@5=0.764, qwen_em=0.32, qwen_f1=0.4215, avg_reader_evidence_tokens=145.59, mean_ans_in_context=0.626, mean_ans_in_context_soft=0.6834, mean_gold_token_density=0.4502, mean_gold_doc_reader_cov=0.778, mean_all_gold_reader=0.584, mean_distractor_docs=2.224, mean_context_tokens=145.592, mean_n_snippets=4.646
[density] materializing policy=ace_focused_160
[density] generating policy=ace_focused_160
[reader] generated 2/500
[reader] generated 4/500
[reader] generated 6/500
[reader] generated 8/500
[reader] generated 10/500
[reader] generated 12/500
[reader] generated 14/500
[reader] generated 16/500
[reader] generated 18/500
[reader] generated 20/500
[reader] generated 22/500
[reader] generated 24/500
[reader] generated 26/500
[reader] generated 28/500
[reader] generated 30/500
[reader] generated 32/500
[reader] generated 34/500
[reader] generated 36/500
[reader] generated 38/500
[reader] generated 40/500
[reader] generated 42/500
[reader] generated 44/500
[reader] generated 46/500
[reader] generated 48/500
[reader] generated 50/500
[reader] generated 52/500
[reader] generated 54/500
[reader] generated 56/500
[reader] generated 58/500
[reader] generated 60/500
[reader] generated 62/500
[reader] generated 64/500
[reader] generated 66/500
[reader] generated 68/500
[reader] generated 70/500
[reader] generated 72/500
[reader] generated 74/500
[reader] generated 76/500
[reader] generated 78/500
[reader] generated 80/500
[reader] generated 82/500
[reader] generated 84/500
[reader] generated 86/500
[reader] generated 88/500
[reader] generated 90/500
[reader] generated 92/500
[reader] generated 94/500
[reader] generated 96/500
[reader] generated 98/500
[reader] generated 100/500
[reader] generated 102/500
[reader] generated 104/500
[reader] generated 106/500
[reader] generated 108/500
[reader] generated 110/500
[reader] generated 112/500
[reader] generated 114/500
[reader] generated 116/500
[reader] generated 118/500
[reader] generated 120/500
[reader] generated 122/500
[reader] generated 124/500
[reader] generated 126/500
[reader] generated 128/500
[reader] generated 130/500
[reader] generated 132/500
[reader] generated 134/500
[reader] generated 136/500
[reader] generated 138/500
[reader] generated 140/500
[reader] generated 142/500
[reader] generated 144/500
[reader] generated 146/500
[reader] generated 148/500
[reader] generated 150/500
[reader] generated 152/500
[reader] generated 154/500
[reader] generated 156/500
[reader] generated 158/500
[reader] generated 160/500
[reader] generated 162/500
[reader] generated 164/500
[reader] generated 166/500
[reader] generated 168/500
[reader] generated 170/500
[reader] generated 172/500
[reader] generated 174/500
[reader] generated 176/500
[reader] generated 178/500
[reader] generated 180/500
[reader] generated 182/500
[reader] generated 184/500
[reader] generated 186/500
[reader] generated 188/500
[reader] generated 190/500
[reader] generated 192/500
[reader] generated 194/500
[reader] generated 196/500
[reader] generated 198/500
[reader] generated 200/500
[reader] generated 202/500
[reader] generated 204/500
[reader] generated 206/500
[reader] generated 208/500
[reader] generated 210/500
[reader] generated 212/500
[reader] generated 214/500
[reader] generated 216/500
[reader] generated 218/500
[reader] generated 220/500
[reader] generated 222/500
[reader] generated 224/500
[reader] generated 226/500
[reader] generated 228/500
[reader] generated 230/500
[reader] generated 232/500
[reader] generated 234/500
[reader] generated 236/500
[reader] generated 238/500
[reader] generated 240/500
[reader] generated 242/500
[reader] generated 244/500
[reader] generated 246/500
[reader] generated 248/500
[reader] generated 250/500
[reader] generated 252/500
[reader] generated 254/500
[reader] generated 256/500
[reader] generated 258/500
[reader] generated 260/500
[reader] generated 262/500
[reader] generated 264/500
[reader] generated 266/500
[reader] generated 268/500
[reader] generated 270/500
[reader] generated 272/500
[reader] generated 274/500
[reader] generated 276/500
[reader] generated 278/500
[reader] generated 280/500
[reader] generated 282/500
[reader] generated 284/500
[reader] generated 286/500
[reader] generated 288/500
[reader] generated 290/500
[reader] generated 292/500
[reader] generated 294/500
[reader] generated 296/500
[reader] generated 298/500
[reader] generated 300/500
[reader] generated 302/500
[reader] generated 304/500
[reader] generated 306/500
[reader] generated 308/500
[reader] generated 310/500
[reader] generated 312/500
[reader] generated 314/500
[reader] generated 316/500
[reader] generated 318/500
[reader] generated 320/500
[reader] generated 322/500
[reader] generated 324/500
[reader] generated 326/500
[reader] generated 328/500
[reader] generated 330/500
[reader] generated 332/500
[reader] generated 334/500
[reader] generated 336/500
[reader] generated 338/500
[reader] generated 340/500
[reader] generated 342/500
[reader] generated 344/500
[reader] generated 346/500
[reader] generated 348/500
[reader] generated 350/500
[reader] generated 352/500
[reader] generated 354/500
[reader] generated 356/500
[reader] generated 358/500
[reader] generated 360/500
[reader] generated 362/500
[reader] generated 364/500
[reader] generated 366/500
[reader] generated 368/500
[reader] generated 370/500
[reader] generated 372/500
[reader] generated 374/500
[reader] generated 376/500
[reader] generated 378/500
[reader] generated 380/500
[reader] generated 382/500
[reader] generated 384/500
[reader] generated 386/500
[reader] generated 388/500
[reader] generated 390/500
[reader] generated 392/500
[reader] generated 394/500
[reader] generated 396/500
[reader] generated 398/500
[reader] generated 400/500
[reader] generated 402/500
[reader] generated 404/500
[reader] generated 406/500
[reader] generated 408/500
[reader] generated 410/500
[reader] generated 412/500
[reader] generated 414/500
[reader] generated 416/500
[reader] generated 418/500
[reader] generated 420/500
[reader] generated 422/500
[reader] generated 424/500
[reader] generated 426/500
[reader] generated 428/500
[reader] generated 430/500
[reader] generated 432/500
[reader] generated 434/500
[reader] generated 436/500
[reader] generated 438/500
[reader] generated 440/500
[reader] generated 442/500
[reader] generated 444/500
[reader] generated 446/500
[reader] generated 448/500
[reader] generated 450/500
[reader] generated 452/500
[reader] generated 454/500
[reader] generated 456/500
[reader] generated 458/500
[reader] generated 460/500
[reader] generated 462/500
[reader] generated 464/500
[reader] generated 466/500
[reader] generated 468/500
[reader] generated 470/500
[reader] generated 472/500
[reader] generated 474/500
[reader] generated 476/500
[reader] generated 478/500
[reader] generated 480/500
[reader] generated 482/500
[reader] generated 484/500
[reader] generated 486/500
[reader] generated 488/500
[reader] generated 490/500
[reader] generated 492/500
[reader] generated 494/500
[reader] generated 496/500
[reader] generated 498/500
[reader] generated 500/500
[density] policy=ace_focused_160, router_type=fixed, representation=ace, packer=focused, reader_model=tiiuae/Falcon3-3B-Instruct, packed_token_budget=160, recall@1=0.411, all_gold@1=0.0, recall@2=0.652, all_gold@2=0.392, recall@5=0.822, all_gold@5=0.67, qwen_em=0.314, qwen_f1=0.418, avg_reader_evidence_tokens=149.72, mean_ans_in_context=0.586, mean_ans_in_context_soft=0.6597, mean_gold_token_density=0.4274, mean_gold_doc_reader_cov=0.737, mean_all_gold_reader=0.528, mean_distractor_docs=2.228, mean_context_tokens=149.718, mean_n_snippets=4.104
[density] materializing policy=ace_mmr_160
[density] generating policy=ace_mmr_160
[reader] generated 2/500
[reader] generated 4/500
[reader] generated 6/500
[reader] generated 8/500
[reader] generated 10/500
[reader] generated 12/500
[reader] generated 14/500
[reader] generated 16/500
[reader] generated 18/500
[reader] generated 20/500
[reader] generated 22/500
[reader] generated 24/500
[reader] generated 26/500
[reader] generated 28/500
[reader] generated 30/500
[reader] generated 32/500
[reader] generated 34/500
[reader] generated 36/500
[reader] generated 38/500
[reader] generated 40/500
[reader] generated 42/500
[reader] generated 44/500
[reader] generated 46/500
[reader] generated 48/500
[reader] generated 50/500
[reader] generated 52/500
[reader] generated 54/500
[reader] generated 56/500
[reader] generated 58/500
[reader] generated 60/500
[reader] generated 62/500
[reader] generated 64/500
[reader] generated 66/500
[reader] generated 68/500
[reader] generated 70/500
[reader] generated 72/500
[reader] generated 74/500
[reader] generated 76/500
[reader] generated 78/500
[reader] generated 80/500
[reader] generated 82/500
[reader] generated 84/500
[reader] generated 86/500
[reader] generated 88/500
[reader] generated 90/500
[reader] generated 92/500
[reader] generated 94/500
[reader] generated 96/500
[reader] generated 98/500
[reader] generated 100/500
[reader] generated 102/500
[reader] generated 104/500
[reader] generated 106/500
[reader] generated 108/500
[reader] generated 110/500
[reader] generated 112/500
[reader] generated 114/500
[reader] generated 116/500
[reader] generated 118/500
[reader] generated 120/500
[reader] generated 122/500
[reader] generated 124/500
[reader] generated 126/500
[reader] generated 128/500
[reader] generated 130/500
[reader] generated 132/500
[reader] generated 134/500
[reader] generated 136/500
[reader] generated 138/500
[reader] generated 140/500
[reader] generated 142/500
[reader] generated 144/500
[reader] generated 146/500
[reader] generated 148/500
[reader] generated 150/500
[reader] generated 152/500
[reader] generated 154/500
[reader] generated 156/500
[reader] generated 158/500
[reader] generated 160/500
[reader] generated 162/500
[reader] generated 164/500
[reader] generated 166/500
[reader] generated 168/500
[reader] generated 170/500
[reader] generated 172/500
[reader] generated 174/500
[reader] generated 176/500
[reader] generated 178/500
[reader] generated 180/500
[reader] generated 182/500
[reader] generated 184/500
[reader] generated 186/500
[reader] generated 188/500
[reader] generated 190/500
[reader] generated 192/500
[reader] generated 194/500
[reader] generated 196/500
[reader] generated 198/500
[reader] generated 200/500
[reader] generated 202/500
[reader] generated 204/500
[reader] generated 206/500
[reader] generated 208/500
[reader] generated 210/500
[reader] generated 212/500
[reader] generated 214/500
[reader] generated 216/500
[reader] generated 218/500
[reader] generated 220/500
[reader] generated 222/500
[reader] generated 224/500
[reader] generated 226/500
[reader] generated 228/500
[reader] generated 230/500
[reader] generated 232/500
[reader] generated 234/500
[reader] generated 236/500
[reader] generated 238/500
[reader] generated 240/500
[reader] generated 242/500
[reader] generated 244/500
[reader] generated 246/500
[reader] generated 248/500
[reader] generated 250/500
[reader] generated 252/500
[reader] generated 254/500
[reader] generated 256/500
[reader] generated 258/500
[reader] generated 260/500
[reader] generated 262/500
[reader] generated 264/500
[reader] generated 266/500
[reader] generated 268/500
[reader] generated 270/500
[reader] generated 272/500
[reader] generated 274/500
[reader] generated 276/500
[reader] generated 278/500
[reader] generated 280/500
[reader] generated 282/500
[reader] generated 284/500
[reader] generated 286/500
[reader] generated 288/500
[reader] generated 290/500
[reader] generated 292/500
[reader] generated 294/500
[reader] generated 296/500
[reader] generated 298/500
[reader] generated 300/500
[reader] generated 302/500
[reader] generated 304/500
[reader] generated 306/500
[reader] generated 308/500
[reader] generated 310/500
[reader] generated 312/500
[reader] generated 314/500
[reader] generated 316/500
[reader] generated 318/500
[reader] generated 320/500
[reader] generated 322/500
[reader] generated 324/500
[reader] generated 326/500
[reader] generated 328/500
[reader] generated 330/500
[reader] generated 332/500
[reader] generated 334/500
[reader] generated 336/500
[reader] generated 338/500
[reader] generated 340/500
[reader] generated 342/500
[reader] generated 344/500
[reader] generated 346/500
[reader] generated 348/500
[reader] generated 350/500
[reader] generated 352/500
[reader] generated 354/500
[reader] generated 356/500
[reader] generated 358/500
[reader] generated 360/500
[reader] generated 362/500
[reader] generated 364/500
[reader] generated 366/500
[reader] generated 368/500
[reader] generated 370/500
[reader] generated 372/500
[reader] generated 374/500
[reader] generated 376/500
[reader] generated 378/500
[reader] generated 380/500
[reader] generated 382/500
[reader] generated 384/500
[reader] generated 386/500
[reader] generated 388/500
[reader] generated 390/500
[reader] generated 392/500
[reader] generated 394/500
[reader] generated 396/500
[reader] generated 398/500
[reader] generated 400/500
[reader] generated 402/500
[reader] generated 404/500
[reader] generated 406/500
[reader] generated 408/500
[reader] generated 410/500
[reader] generated 412/500
[reader] generated 414/500
[reader] generated 416/500
[reader] generated 418/500
[reader] generated 420/500
[reader] generated 422/500
[reader] generated 424/500
[reader] generated 426/500
[reader] generated 428/500
[reader] generated 430/500
[reader] generated 432/500
[reader] generated 434/500
[reader] generated 436/500
[reader] generated 438/500
[reader] generated 440/500
[reader] generated 442/500
[reader] generated 444/500
[reader] generated 446/500
[reader] generated 448/500
[reader] generated 450/500
[reader] generated 452/500
[reader] generated 454/500
[reader] generated 456/500
[reader] generated 458/500
[reader] generated 460/500
[reader] generated 462/500
[reader] generated 464/500
[reader] generated 466/500
[reader] generated 468/500
[reader] generated 470/500
[reader] generated 472/500
[reader] generated 474/500
[reader] generated 476/500
[reader] generated 478/500
[reader] generated 480/500
[reader] generated 482/500
[reader] generated 484/500
[reader] generated 486/500
[reader] generated 488/500
[reader] generated 490/500
[reader] generated 492/500
[reader] generated 494/500
[reader] generated 496/500
[reader] generated 498/500
[reader] generated 500/500
[density] policy=ace_mmr_160, router_type=fixed, representation=ace, packer=mmr, reader_model=tiiuae/Falcon3-3B-Instruct, packed_token_budget=160, recall@1=0.411, all_gold@1=0.0, recall@2=0.652, all_gold@2=0.392, recall@5=0.822, all_gold@5=0.67, qwen_em=0.286, qwen_f1=0.3855, avg_reader_evidence_tokens=149.7, mean_ans_in_context=0.568, mean_ans_in_context_soft=0.642, mean_gold_token_density=0.4306, mean_gold_doc_reader_cov=0.696, mean_all_gold_reader=0.46, mean_distractor_docs=2.132, mean_context_tokens=149.704, mean_n_snippets=4.138
[density] materializing policy=ace_submod_160
[density] generating policy=ace_submod_160
[reader] generated 2/500
[reader] generated 4/500
[reader] generated 6/500
[reader] generated 8/500
[reader] generated 10/500
[reader] generated 12/500
[reader] generated 14/500
[reader] generated 16/500
[reader] generated 18/500
[reader] generated 20/500
[reader] generated 22/500
[reader] generated 24/500
[reader] generated 26/500
[reader] generated 28/500
[reader] generated 30/500
[reader] generated 32/500
[reader] generated 34/500
[reader] generated 36/500
[reader] generated 38/500
[reader] generated 40/500
[reader] generated 42/500
[reader] generated 44/500
[reader] generated 46/500
[reader] generated 48/500
[reader] generated 50/500
[reader] generated 52/500
[reader] generated 54/500
[reader] generated 56/500
[reader] generated 58/500
[reader] generated 60/500
[reader] generated 62/500
[reader] generated 64/500
[reader] generated 66/500
[reader] generated 68/500
[reader] generated 70/500
[reader] generated 72/500
[reader] generated 74/500
[reader] generated 76/500
[reader] generated 78/500
[reader] generated 80/500
[reader] generated 82/500
[reader] generated 84/500
[reader] generated 86/500
[reader] generated 88/500
[reader] generated 90/500
[reader] generated 92/500
[reader] generated 94/500
[reader] generated 96/500
[reader] generated 98/500
[reader] generated 100/500
[reader] generated 102/500
[reader] generated 104/500
[reader] generated 106/500
[reader] generated 108/500
[reader] generated 110/500
[reader] generated 112/500
[reader] generated 114/500
[reader] generated 116/500
[reader] generated 118/500
[reader] generated 120/500
[reader] generated 122/500
[reader] generated 124/500
[reader] generated 126/500
[reader] generated 128/500
[reader] generated 130/500
[reader] generated 132/500
[reader] generated 134/500
[reader] generated 136/500
[reader] generated 138/500
[reader] generated 140/500
[reader] generated 142/500
[reader] generated 144/500
[reader] generated 146/500
[reader] generated 148/500
[reader] generated 150/500
[reader] generated 152/500
[reader] generated 154/500
[reader] generated 156/500
[reader] generated 158/500
[reader] generated 160/500
[reader] generated 162/500
[reader] generated 164/500
[reader] generated 166/500
[reader] generated 168/500
[reader] generated 170/500
[reader] generated 172/500
[reader] generated 174/500
[reader] generated 176/500
[reader] generated 178/500
[reader] generated 180/500
[reader] generated 182/500
[reader] generated 184/500
[reader] generated 186/500
[reader] generated 188/500
[reader] generated 190/500
[reader] generated 192/500
[reader] generated 194/500
[reader] generated 196/500
[reader] generated 198/500
[reader] generated 200/500
[reader] generated 202/500
[reader] generated 204/500
[reader] generated 206/500
[reader] generated 208/500
[reader] generated 210/500
[reader] generated 212/500
[reader] generated 214/500
[reader] generated 216/500
[reader] generated 218/500
[reader] generated 220/500
[reader] generated 222/500
[reader] generated 224/500
[reader] generated 226/500
[reader] generated 228/500
[reader] generated 230/500
[reader] generated 232/500
[reader] generated 234/500
[reader] generated 236/500
[reader] generated 238/500
[reader] generated 240/500
[reader] generated 242/500
[reader] generated 244/500
[reader] generated 246/500
[reader] generated 248/500
[reader] generated 250/500
[reader] generated 252/500
[reader] generated 254/500
[reader] generated 256/500
[reader] generated 258/500
[reader] generated 260/500
[reader] generated 262/500
[reader] generated 264/500
[reader] generated 266/500
[reader] generated 268/500
[reader] generated 270/500
[reader] generated 272/500
[reader] generated 274/500
[reader] generated 276/500
[reader] generated 278/500
[reader] generated 280/500
[reader] generated 282/500
[reader] generated 284/500
[reader] generated 286/500
[reader] generated 288/500
[reader] generated 290/500
[reader] generated 292/500
[reader] generated 294/500
[reader] generated 296/500
[reader] generated 298/500
[reader] generated 300/500
[reader] generated 302/500
[reader] generated 304/500
[reader] generated 306/500
[reader] generated 308/500
[reader] generated 310/500
[reader] generated 312/500
[reader] generated 314/500
[reader] generated 316/500
[reader] generated 318/500
[reader] generated 320/500
[reader] generated 322/500
[reader] generated 324/500
[reader] generated 326/500
[reader] generated 328/500
[reader] generated 330/500
[reader] generated 332/500
[reader] generated 334/500
[reader] generated 336/500
[reader] generated 338/500
[reader] generated 340/500
[reader] generated 342/500
[reader] generated 344/500
[reader] generated 346/500
[reader] generated 348/500
[reader] generated 350/500
[reader] generated 352/500
[reader] generated 354/500
[reader] generated 356/500
[reader] generated 358/500
[reader] generated 360/500
[reader] generated 362/500
[reader] generated 364/500
[reader] generated 366/500
[reader] generated 368/500
[reader] generated 370/500
[reader] generated 372/500
[reader] generated 374/500
[reader] generated 376/500
[reader] generated 378/500
[reader] generated 380/500
[reader] generated 382/500
[reader] generated 384/500
[reader] generated 386/500
[reader] generated 388/500
[reader] generated 390/500
[reader] generated 392/500
[reader] generated 394/500
[reader] generated 396/500
[reader] generated 398/500
[reader] generated 400/500
[reader] generated 402/500
[reader] generated 404/500
[reader] generated 406/500
[reader] generated 408/500
[reader] generated 410/500
[reader] generated 412/500
[reader] generated 414/500
[reader] generated 416/500
[reader] generated 418/500
[reader] generated 420/500
[reader] generated 422/500
[reader] generated 424/500
[reader] generated 426/500
[reader] generated 428/500
[reader] generated 430/500
[reader] generated 432/500
[reader] generated 434/500
[reader] generated 436/500
[reader] generated 438/500
[reader] generated 440/500
[reader] generated 442/500
[reader] generated 444/500
[reader] generated 446/500
[reader] generated 448/500
[reader] generated 450/500
[reader] generated 452/500
[reader] generated 454/500
[reader] generated 456/500
[reader] generated 458/500
[reader] generated 460/500
[reader] generated 462/500
[reader] generated 464/500
[reader] generated 466/500
[reader] generated 468/500
[reader] generated 470/500
[reader] generated 472/500
[reader] generated 474/500
[reader] generated 476/500
[reader] generated 478/500
[reader] generated 480/500
[reader] generated 482/500
[reader] generated 484/500
[reader] generated 486/500
[reader] generated 488/500
[reader] generated 490/500
[reader] generated 492/500
[reader] generated 494/500
[reader] generated 496/500
[reader] generated 498/500
[reader] generated 500/500
[density] policy=ace_submod_160, router_type=fixed, representation=ace, packer=submod, reader_model=tiiuae/Falcon3-3B-Instruct, packed_token_budget=160, recall@1=0.411, all_gold@1=0.0, recall@2=0.652, all_gold@2=0.392, recall@5=0.822, all_gold@5=0.67, qwen_em=0.296, qwen_f1=0.411, avg_reader_evidence_tokens=147.32, mean_ans_in_context=0.594, mean_ans_in_context_soft=0.6639, mean_gold_token_density=0.3943, mean_gold_doc_reader_cov=0.705, mean_all_gold_reader=0.48, mean_distractor_docs=2.44, mean_context_tokens=147.32, mean_n_snippets=4.74
[density] policy=router_oracle_packer, router_type=oracle, representation=mixed, packer=oracle, reader_model=tiiuae/Falcon3-3B-Instruct, packed_token_budget=160, selection_counts={"ace_focused_160": 87, "ace_mmr_160": 29, "ace_submod_160": 70, "chunk_focused_160": 94, "chunk_mmr_160": 37, "chunk_submod_160": 183}, qwen_em=0.482, qwen_f1=0.6096, avg_reader_evidence_tokens=142.07, mean_ans_in_context=0.676, mean_ans_in_context_soft=0.7298, mean_gold_token_density=0.4717, mean_gold_doc_reader_cov=0.741, mean_all_gold_reader=0.528, mean_distractor_docs=1.986, mean_context_tokens=142.066, mean_n_snippets=4.082
wrote /kaggle/working/colab_results/stage12_crossfamily_hotpotqa_falcon3b_budget160_limit500_seed7/hotpotqa_density_standard_budget160_limit500_metrics.csv
wrote /kaggle/working/colab_results/stage12_crossfamily_hotpotqa_falcon3b_budget160_limit500_seed7/hotpotqa_density_standard_budget160_limit500_per_question.csv
--- cross-family phi35mini (microsoft/Phi-3.5-mini-instruct) seed 42 ---
$ /usr/bin/python3 -m experiments.run_density_router --dataset hotpotqa --limit 500 --seed 42 --ace-retriever standard --top-k 5 --top-k-nodes 48 --max-expanded-docs 5 --embedder sentence-transformers --embedding-model BAAI/bge-small-en-v1.5 --embed-device cuda --compressor truncate --compress-dims 320 --reader-backend hf --reader-model microsoft/Phi-3.5-mini-instruct --reader-device cuda --reader-batch-size 2 --mmr-lambda 0.7 --budget 160 --out-dir /kaggle/working/colab_results/stage12_crossfamily_hotpotqa_phi35mini_budget160_limit500_seed42 --split validation
hotpotqa[hf:validation:500]: 4933 docs, 500 questions, 2.00 gold docs/question
[density] retrieving chunk baseline
[chunk] fitting/indexing
[embed] encoding 4933 texts on device=cuda:0

Batches:   0%|          | 0/78 [00:00<?, ?it/s]
Batches:   1%|▏         | 1/78 [00:00<01:16,  1.00it/s]
Batches:   3%|▎         | 2/78 [00:01<00:50,  1.50it/s]
Batches:   4%|▍         | 3/78 [00:01<00:39,  1.91it/s]
Batches:   5%|▌         | 4/78 [00:02<00:35,  2.06it/s]
Batches:   6%|▋         | 5/78 [00:02<00:31,  2.32it/s]
Batches:   8%|▊         | 6/78 [00:02<00:28,  2.55it/s]
Batches:   9%|▉         | 7/78 [00:03<00:25,  2.73it/s]
Batches:  10%|█         | 8/78 [00:03<00:24,  2.86it/s]
Batches:  12%|█▏        | 9/78 [00:03<00:23,  2.98it/s]
Batches:  13%|█▎        | 10/78 [00:04<00:21,  3.16it/s]
Batches:  14%|█▍        | 11/78 [00:04<00:20,  3.35it/s]
Batches:  15%|█▌        | 12/78 [00:04<00:18,  3.48it/s]
Batches:  17%|█▋        | 13/78 [00:04<00:18,  3.57it/s]
Batches:  18%|█▊        | 14/78 [00:05<00:17,  3.64it/s]
Batches:  19%|█▉        | 15/78 [00:05<00:16,  3.81it/s]
Batches:  21%|██        | 16/78 [00:05<00:15,  3.92it/s]
Batches:  22%|██▏       | 17/78 [00:05<00:15,  3.93it/s]
Batches:  23%|██▎       | 18/78 [00:06<00:14,  4.05it/s]
Batches:  24%|██▍       | 19/78 [00:06<00:13,  4.31it/s]
Batches:  26%|██▌       | 20/78 [00:06<00:12,  4.52it/s]
Batches:  27%|██▋       | 21/78 [00:06<00:12,  4.41it/s]
Batches:  28%|██▊       | 22/78 [00:06<00:12,  4.48it/s]
Batches:  29%|██▉       | 23/78 [00:07<00:12,  4.45it/s]
Batches:  31%|███       | 24/78 [00:07<00:11,  4.77it/s]
Batches:  32%|███▏      | 25/78 [00:07<00:11,  4.78it/s]
Batches:  33%|███▎      | 26/78 [00:07<00:10,  4.93it/s]
Batches:  35%|███▍      | 27/78 [00:07<00:10,  4.98it/s]
Batches:  36%|███▌      | 28/78 [00:08<00:09,  5.04it/s]
Batches:  37%|███▋      | 29/78 [00:08<00:09,  5.12it/s]
Batches:  38%|███▊      | 30/78 [00:08<00:09,  5.08it/s]
Batches:  40%|███▉      | 31/78 [00:08<00:08,  5.27it/s]
Batches:  41%|████      | 32/78 [00:08<00:08,  5.37it/s]
Batches:  42%|████▏     | 33/78 [00:09<00:08,  5.39it/s]
Batches:  44%|████▎     | 34/78 [00:09<00:08,  5.30it/s]
Batches:  45%|████▍     | 35/78 [00:09<00:07,  5.44it/s]
Batches:  46%|████▌     | 36/78 [00:09<00:07,  5.55it/s]
Batches:  47%|████▋     | 37/78 [00:09<00:07,  5.39it/s]
Batches:  49%|████▊     | 38/78 [00:09<00:07,  5.66it/s]
Batches:  50%|█████     | 39/78 [00:10<00:06,  5.96it/s]
Batches:  51%|█████▏    | 40/78 [00:10<00:06,  6.02it/s]
Batches:  53%|█████▎    | 41/78 [00:10<00:05,  6.38it/s]
Batches:  54%|█████▍    | 42/78 [00:10<00:05,  6.33it/s]
Batches:  55%|█████▌    | 43/78 [00:10<00:05,  6.27it/s]
Batches:  56%|█████▋    | 44/78 [00:10<00:05,  6.16it/s]
Batches:  58%|█████▊    | 45/78 [00:11<00:05,  6.32it/s]
Batches:  59%|█████▉    | 46/78 [00:11<00:04,  6.64it/s]
Batches:  60%|██████    | 47/78 [00:11<00:04,  6.97it/s]
Batches:  62%|██████▏   | 48/78 [00:11<00:04,  6.94it/s]
Batches:  63%|██████▎   | 49/78 [00:11<00:04,  7.24it/s]
Batches:  64%|██████▍   | 50/78 [00:11<00:03,  7.53it/s]
Batches:  65%|██████▌   | 51/78 [00:11<00:03,  7.74it/s]
Batches:  67%|██████▋   | 52/78 [00:11<00:03,  7.81it/s]
Batches:  68%|██████▊   | 53/78 [00:12<00:03,  7.90it/s]
Batches:  69%|██████▉   | 54/78 [00:12<00:03,  7.95it/s]
Batches:  71%|███████   | 55/78 [00:12<00:02,  8.21it/s]
Batches:  72%|███████▏  | 56/78 [00:12<00:02,  8.38it/s]
Batches:  73%|███████▎  | 57/78 [00:12<00:02,  8.09it/s]
Batches:  74%|███████▍  | 58/78 [00:12<00:02,  8.30it/s]
Batches:  76%|███████▌  | 59/78 [00:12<00:02,  8.66it/s]
Batches:  77%|███████▋  | 60/78 [00:12<00:02,  8.74it/s]
Batches:  79%|███████▉  | 62/78 [00:13<00:01,  9.17it/s]
Batches:  82%|████████▏ | 64/78 [00:13<00:01,  9.46it/s]
Batches:  85%|████████▍ | 66/78 [00:13<00:01,  9.81it/s]
Batches:  87%|████████▋ | 68/78 [00:13<00:00, 10.29it/s]
Batches:  90%|████████▉ | 70/78 [00:13<00:00, 10.75it/s]
Batches:  92%|█████████▏| 72/78 [00:13<00:00, 11.36it/s]
Batches:  95%|█████████▍| 74/78 [00:14<00:00, 12.57it/s]
Batches:  97%|█████████▋| 76/78 [00:14<00:00, 13.99it/s]
Batches: 100%|██████████| 78/78 [00:14<00:00,  5.48it/s]
[chunk] retrieving
[embed] encoding 500 texts on device=cuda:0

Batches:   0%|          | 0/8 [00:00<?, ?it/s]
Batches:  38%|███▊      | 3/8 [00:00<00:00, 26.23it/s]
Batches:  88%|████████▊ | 7/8 [00:00<00:00, 30.89it/s]
Batches: 100%|██████████| 8/8 [00:00<00:00, 31.67it/s]
[density] retrieving ACE graph
[ace] building evidence graph
[ace] graph built: nodes=49827 edges=76647
[ace] fitting/indexing embeddings
[embed] encoding 44894 texts on device=cuda:0

Batches:   0%|          | 0/702 [00:00<?, ?it/s]
Batches:   0%|          | 1/702 [00:00<05:34,  2.10it/s]
Batches:   0%|          | 2/702 [00:00<03:25,  3.40it/s]
Batches:   0%|          | 3/702 [00:00<02:28,  4.70it/s]
Batches:   1%|          | 4/702 [00:00<02:00,  5.80it/s]
Batches:   1%|          | 5/702 [00:00<01:42,  6.77it/s]
Batches:   1%|          | 6/702 [00:01<01:32,  7.51it/s]
Batches:   1%|          | 7/702 [00:01<01:25,  8.13it/s]
Batches:   1%|▏         | 9/702 [00:01<01:17,  8.92it/s]
Batches:   1%|▏         | 10/702 [00:01<01:16,  9.04it/s]
Batches:   2%|▏         | 12/702 [00:01<01:15,  9.15it/s]
Batches:   2%|▏         | 14/702 [00:01<01:11,  9.61it/s]
Batches:   2%|▏         | 15/702 [00:01<01:11,  9.61it/s]
Batches:   2%|▏         | 17/702 [00:02<01:05, 10.40it/s]
Batches:   3%|▎         | 19/702 [00:02<01:03, 10.73it/s]
Batches:   3%|▎         | 21/702 [00:02<00:59, 11.41it/s]
Batches:   3%|▎         | 23/702 [00:02<00:57, 11.77it/s]
Batches:   4%|▎         | 25/702 [00:02<00:56, 11.94it/s]
Batches:   4%|▍         | 27/702 [00:02<00:56, 11.88it/s]
Batches:   4%|▍         | 29/702 [00:03<00:56, 11.96it/s]
Batches:   4%|▍         | 31/702 [00:03<00:54, 12.35it/s]
Batches:   5%|▍         | 33/702 [00:03<00:55, 12.15it/s]
Batches:   5%|▍         | 35/702 [00:03<00:53, 12.47it/s]
Batches:   5%|▌         | 37/702 [00:03<00:54, 12.28it/s]
Batches:   6%|▌         | 39/702 [00:03<00:50, 13.05it/s]
Batches:   6%|▌         | 41/702 [00:04<00:51, 12.88it/s]
Batches:   6%|▌         | 43/702 [00:04<00:48, 13.63it/s]
Batches:   6%|▋         | 45/702 [00:04<00:47, 13.72it/s]
Batches:   7%|▋         | 47/702 [00:04<00:45, 14.33it/s]
Batches:   7%|▋         | 49/702 [00:04<00:43, 14.91it/s]
Batches:   7%|▋         | 51/702 [00:04<00:43, 14.84it/s]
Batches:   8%|▊         | 53/702 [00:04<00:42, 15.14it/s]
Batches:   8%|▊         | 55/702 [00:04<00:41, 15.43it/s]
Batches:   8%|▊         | 57/702 [00:05<00:42, 15.27it/s]
Batches:   8%|▊         | 59/702 [00:05<00:41, 15.63it/s]
Batches:   9%|▊         | 61/702 [00:05<00:39, 16.28it/s]
Batches:   9%|▉         | 63/702 [00:05<00:38, 16.45it/s]
Batches:   9%|▉         | 65/702 [00:05<00:38, 16.64it/s]
Batches:  10%|▉         | 67/702 [00:05<00:37, 17.02it/s]
Batches:  10%|▉         | 69/702 [00:05<00:36, 17.18it/s]
Batches:  10%|█         | 71/702 [00:05<00:36, 17.32it/s]
Batches:  10%|█         | 73/702 [00:06<00:35, 17.71it/s]
Batches:  11%|█         | 75/702 [00:06<00:36, 17.35it/s]
Batches:  11%|█         | 77/702 [00:06<00:37, 16.69it/s]
Batches:  11%|█▏        | 79/702 [00:06<00:38, 16.02it/s]
Batches:  12%|█▏        | 81/702 [00:06<00:36, 16.93it/s]
Batches:  12%|█▏        | 83/702 [00:06<00:36, 16.74it/s]
Batches:  12%|█▏        | 86/702 [00:06<00:34, 17.88it/s]
Batches:  13%|█▎        | 89/702 [00:06<00:33, 18.35it/s]
Batches:  13%|█▎        | 91/702 [00:07<00:33, 18.09it/s]
Batches:  13%|█▎        | 93/702 [00:07<00:32, 18.56it/s]
Batches:  14%|█▎        | 95/702 [00:07<00:32, 18.71it/s]
Batches:  14%|█▍        | 97/702 [00:07<00:33, 17.90it/s]
Batches:  14%|█▍        | 100/702 [00:07<00:32, 18.40it/s]
Batches:  15%|█▍        | 103/702 [00:07<00:31, 19.14it/s]
Batches:  15%|█▌        | 106/702 [00:07<00:30, 19.44it/s]
Batches:  15%|█▌        | 108/702 [00:07<00:30, 19.25it/s]
Batches:  16%|█▌        | 111/702 [00:08<00:29, 19.79it/s]
Batches:  16%|█▌        | 113/702 [00:08<00:30, 19.19it/s]
Batches:  17%|█▋        | 116/702 [00:08<00:29, 19.62it/s]
Batches:  17%|█▋        | 119/702 [00:08<00:29, 20.08it/s]
Batches:  17%|█▋        | 122/702 [00:08<00:28, 20.07it/s]
Batches:  18%|█▊        | 125/702 [00:08<00:27, 20.71it/s]
Batches:  18%|█▊        | 128/702 [00:08<00:27, 20.68it/s]
Batches:  19%|█▊        | 131/702 [00:09<00:27, 20.95it/s]
Batches:  19%|█▉        | 134/702 [00:09<00:26, 21.53it/s]
Batches:  20%|█▉        | 137/702 [00:09<00:26, 21.49it/s]
Batches:  20%|█▉        | 140/702 [00:09<00:26, 21.26it/s]
Batches:  20%|██        | 143/702 [00:09<00:26, 21.12it/s]
Batches:  21%|██        | 146/702 [00:09<00:25, 21.63it/s]
Batches:  21%|██        | 149/702 [00:09<00:25, 21.58it/s]
Batches:  22%|██▏       | 152/702 [00:10<00:25, 21.92it/s]
Batches:  22%|██▏       | 155/702 [00:10<00:24, 21.97it/s]
Batches:  23%|██▎       | 158/702 [00:10<00:24, 22.33it/s]
Batches:  23%|██▎       | 161/702 [00:10<00:23, 22.81it/s]
Batches:  23%|██▎       | 164/702 [00:10<00:23, 23.34it/s]
Batches:  24%|██▍       | 167/702 [00:10<00:22, 23.55it/s]
Batches:  24%|██▍       | 170/702 [00:10<00:22, 23.36it/s]
Batches:  25%|██▍       | 173/702 [00:10<00:22, 23.57it/s]
Batches:  25%|██▌       | 176/702 [00:11<00:21, 24.01it/s]
Batches:  25%|██▌       | 179/702 [00:11<00:21, 24.25it/s]
Batches:  26%|██▌       | 182/702 [00:11<00:21, 24.53it/s]
Batches:  26%|██▋       | 185/702 [00:11<00:20, 25.08it/s]
Batches:  27%|██▋       | 188/702 [00:11<00:20, 25.52it/s]
Batches:  27%|██▋       | 191/702 [00:11<00:20, 25.26it/s]
Batches:  28%|██▊       | 194/702 [00:11<00:19, 25.63it/s]
Batches:  28%|██▊       | 197/702 [00:11<00:19, 25.73it/s]
Batches:  28%|██▊       | 200/702 [00:11<00:19, 25.25it/s]
Batches:  29%|██▉       | 203/702 [00:12<00:19, 24.96it/s]
Batches:  29%|██▉       | 206/702 [00:12<00:19, 25.73it/s]
Batches:  30%|██▉       | 209/702 [00:12<00:18, 26.78it/s]
Batches:  30%|███       | 212/702 [00:12<00:18, 26.10it/s]
Batches:  31%|███       | 215/702 [00:12<00:18, 26.45it/s]
Batches:  31%|███       | 218/702 [00:12<00:18, 25.67it/s]
Batches:  31%|███▏      | 221/702 [00:12<00:18, 26.58it/s]
Batches:  32%|███▏      | 224/702 [00:12<00:17, 27.09it/s]
Batches:  32%|███▏      | 227/702 [00:12<00:17, 27.07it/s]
Batches:  33%|███▎      | 230/702 [00:13<00:16, 27.79it/s]
Batches:  33%|███▎      | 233/702 [00:13<00:16, 28.17it/s]
Batches:  34%|███▍      | 237/702 [00:13<00:15, 29.07it/s]
Batches:  34%|███▍      | 240/702 [00:13<00:15, 29.14it/s]
Batches:  35%|███▍      | 244/702 [00:13<00:15, 29.68it/s]
Batches:  35%|███▌      | 248/702 [00:13<00:15, 30.19it/s]
Batches:  36%|███▌      | 252/702 [00:13<00:14, 30.30it/s]
Batches:  36%|███▋      | 256/702 [00:13<00:14, 30.49it/s]
Batches:  37%|███▋      | 260/702 [00:14<00:13, 31.97it/s]
Batches:  38%|███▊      | 264/702 [00:14<00:13, 31.42it/s]
Batches:  38%|███▊      | 268/702 [00:14<00:14, 30.92it/s]
Batches:  39%|███▊      | 272/702 [00:14<00:13, 30.77it/s]
Batches:  39%|███▉      | 276/702 [00:14<00:13, 31.99it/s]
Batches:  40%|███▉      | 280/702 [00:14<00:12, 32.70it/s]
Batches:  40%|████      | 284/702 [00:14<00:12, 33.63it/s]
Batches:  41%|████      | 288/702 [00:14<00:12, 34.13it/s]
Batches:  42%|████▏     | 292/702 [00:15<00:11, 34.42it/s]
Batches:  42%|████▏     | 296/702 [00:15<00:11, 35.81it/s]
Batches:  43%|████▎     | 301/702 [00:15<00:10, 37.90it/s]
Batches:  44%|████▎     | 306/702 [00:15<00:10, 39.25it/s]
Batches:  44%|████▍     | 312/702 [00:15<00:09, 42.67it/s]
Batches:  45%|████▌     | 317/702 [00:15<00:08, 44.55it/s]
Batches:  46%|████▌     | 323/702 [00:15<00:08, 46.62it/s]
Batches:  47%|████▋     | 329/702 [00:15<00:07, 48.26it/s]
Batches:  48%|████▊     | 335/702 [00:15<00:07, 50.35it/s]
Batches:  49%|████▊     | 342/702 [00:16<00:06, 54.02it/s]
Batches:  50%|████▉     | 349/702 [00:16<00:06, 57.79it/s]
Batches:  51%|█████     | 356/702 [00:16<00:05, 60.12it/s]
Batches:  52%|█████▏    | 364/702 [00:16<00:05, 63.35it/s]
Batches:  53%|█████▎    | 372/702 [00:16<00:04, 66.52it/s]
Batches:  54%|█████▍    | 380/702 [00:16<00:04, 68.70it/s]
Batches:  55%|█████▌    | 387/702 [00:16<00:04, 68.95it/s]
Batches:  56%|█████▋    | 395/702 [00:16<00:04, 70.35it/s]
Batches:  57%|█████▋    | 403/702 [00:16<00:04, 71.16it/s]
Batches:  59%|█████▊    | 411/702 [00:16<00:03, 73.25it/s]
Batches:  60%|█████▉    | 419/702 [00:17<00:03, 74.92it/s]
Batches:  61%|██████    | 427/702 [00:17<00:03, 76.16it/s]
Batches:  62%|██████▏   | 435/702 [00:17<00:03, 76.78it/s]
Batches:  63%|██████▎   | 444/702 [00:17<00:03, 78.32it/s]
Batches:  64%|██████▍   | 452/702 [00:17<00:03, 77.53it/s]
Batches:  66%|██████▌   | 460/702 [00:17<00:03, 78.07it/s]
Batches:  67%|██████▋   | 469/702 [00:17<00:02, 78.95it/s]
Batches:  68%|██████▊   | 477/702 [00:17<00:03, 74.95it/s]
Batches:  69%|██████▉   | 486/702 [00:17<00:02, 78.08it/s]
Batches:  71%|███████   | 495/702 [00:18<00:02, 80.12it/s]
Batches:  72%|███████▏  | 504/702 [00:18<00:02, 80.82it/s]
Batches:  73%|███████▎  | 513/702 [00:18<00:02, 82.27it/s]
Batches:  74%|███████▍  | 522/702 [00:18<00:02, 83.61it/s]
Batches:  76%|███████▌  | 531/702 [00:18<00:02, 84.48it/s]
Batches:  77%|███████▋  | 540/702 [00:18<00:01, 85.29it/s]
Batches:  78%|███████▊  | 549/702 [00:18<00:01, 86.06it/s]
Batches:  79%|███████▉  | 558/702 [00:18<00:01, 87.20it/s]
Batches:  81%|████████  | 568/702 [00:18<00:01, 88.07it/s]
Batches:  82%|████████▏ | 577/702 [00:18<00:01, 88.27it/s]
Batches:  83%|████████▎ | 586/702 [00:19<00:01, 87.56it/s]
Batches:  85%|████████▍ | 596/702 [00:19<00:01, 88.74it/s]
Batches:  86%|████████▌ | 605/702 [00:19<00:01, 88.94it/s]
Batches:  88%|████████▊ | 615/702 [00:19<00:00, 90.01it/s]
Batches:  89%|████████▉ | 625/702 [00:19<00:00, 91.15it/s]
Batches:  90%|█████████ | 635/702 [00:19<00:00, 91.39it/s]
Batches:  92%|█████████▏| 645/702 [00:19<00:00, 91.43it/s]
Batches:  93%|█████████▎| 655/702 [00:19<00:00, 91.98it/s]
Batches:  95%|█████████▍| 665/702 [00:19<00:00, 92.57it/s]
Batches:  96%|█████████▌| 675/702 [00:20<00:00, 90.23it/s]
Batches:  98%|█████████▊| 685/702 [00:20<00:00, 87.96it/s]
Batches:  99%|█████████▉| 694/702 [00:20<00:00, 86.23it/s]
Batches: 100%|██████████| 702/702 [00:20<00:00, 34.41it/s]
[ace] retrieving
[embed] encoding 500 texts on device=cuda:0

Batches:   0%|          | 0/8 [00:00<?, ?it/s]
Batches:  38%|███▊      | 3/8 [00:00<00:00, 26.38it/s]
Batches:  88%|████████▊ | 7/8 [00:00<00:00, 31.18it/s]
Batches: 100%|██████████| 8/8 [00:00<00:00, 32.17it/s]
[density] loading reader once
A new version of the following files was downloaded from https://huggingface.co/microsoft/Phi-3.5-mini-instruct:
- configuration_phi3.py
. Make sure to double-check they do not contain any added malicious code. To avoid downloading new versions of the code file, you can pin a revision.
`torch_dtype` is deprecated! Use `dtype` instead!
A new version of the following files was downloaded from https://huggingface.co/microsoft/Phi-3.5-mini-instruct:
- modeling_phi3.py
. Make sure to double-check they do not contain any added malicious code. To avoid downloading new versions of the code file, you can pin a revision.
WARNING:transformers_modules.microsoft.Phi_hyphen_3_dot_5_hyphen_mini_hyphen_instruct.2fe192450127e6a83f7441aef6e3ca586c338b77.modeling_phi3:`flash-attention` package not found, consider installing for better performance: No module named 'flash_attn'.
WARNING:transformers_modules.microsoft.Phi_hyphen_3_dot_5_hyphen_mini_hyphen_instruct.2fe192450127e6a83f7441aef6e3ca586c338b77.modeling_phi3:Current `flash-attention` does not support `window_size`. Either upgrade or use `attn_implementation='eager'`.

Fetching 2 files:   0%|          | 0/2 [00:00<?, ?it/s]
Fetching 2 files:  50%|█████     | 1/2 [00:38<00:38, 38.99s/it]
Fetching 2 files: 100%|██████████| 2/2 [00:38<00:00, 19.50s/it]

Loading checkpoint shards:   0%|          | 0/2 [00:00<?, ?it/s]
Loading checkpoint shards:  50%|█████     | 1/2 [00:03<00:03,  3.70s/it]
Loading checkpoint shards: 100%|██████████| 2/2 [00:07<00:00,  3.74s/it]
Loading checkpoint shards: 100%|██████████| 2/2 [00:07<00:00,  3.73s/it]
[reader] loaded microsoft/Phi-3.5-mini-instruct (device_map=None, 4bit=False) entry=cuda:0
[density] materializing policy=chunk_packed_160
[density] generating policy=chunk_packed_160
Traceback (most recent call last):
  File "<frozen runpy>", line 198, in _run_module_as_main
  File "<frozen runpy>", line 88, in _run_code
  File "/kaggle/working/ace_rag_research_v13_analysis/experiments/run_density_router.py", line 441, in <module>
    main()
  File "/kaggle/working/ace_rag_research_v13_analysis/experiments/run_density_router.py", line 317, in main
    predictions = generate(reader, args.reader_backend, reader_runs)
                  ^^^^^^^^^^^^^^^^^^^^^^^^^^^^^^^^^^^^^^^^^^^^^^^^^^
  File "/kaggle/working/ace_rag_research_v13_analysis/experiments/run_density_router.py", line 217, in generate
    return reader.answer_many([(run.query, run) for run in reader_runs])
           ^^^^^^^^^^^^^^^^^^^^^^^^^^^^^^^^^^^^^^^^^^^^^^^^^^^^^^^^^^^^^
  File "/kaggle/working/ace_rag_research_v13_analysis/ace_rag/generator.py", line 147, in answer_many
    outputs.extend(self._generate_batch(prompts))
                   ^^^^^^^^^^^^^^^^^^^^^^^^^^^^^
  File "/kaggle/working/ace_rag_research_v13_analysis/ace_rag/generator.py", line 184, in _generate_batch
    generated = self.model.generate(
                ^^^^^^^^^^^^^^^^^^^^
  File "/usr/local/lib/python3.12/dist-packages/torch/utils/_contextlib.py", line 124, in decorate_context
    return func(*args, **kwargs)
           ^^^^^^^^^^^^^^^^^^^^^
  File "/usr/local/lib/python3.12/dist-packages/transformers/generation/utils.py", line 2566, in generate
    result = decoding_method(
             ^^^^^^^^^^^^^^^^
  File "/usr/local/lib/python3.12/dist-packages/transformers/generation/utils.py", line 2783, in _sample
    model_inputs = self.prepare_inputs_for_generation(input_ids, **model_kwargs)
                   ^^^^^^^^^^^^^^^^^^^^^^^^^^^^^^^^^^^^^^^^^^^^^^^^^^^^^^^^^^^^^
  File "/root/.cache/huggingface/modules/transformers_modules/microsoft/Phi_hyphen_3_dot_5_hyphen_mini_hyphen_instruct/2fe192450127e6a83f7441aef6e3ca586c338b77/modeling_phi3.py", line 1299, in prepare_inputs_for_generation
    max_cache_length = past_key_values.get_max_length()
                       ^^^^^^^^^^^^^^^^^^^^^^^^^^^^^^
AttributeError: 'DynamicCache' object has no attribute 'get_max_length'. Did you mean: 'get_seq_length'?
--- cross-family phi35mini (microsoft/Phi-3.5-mini-instruct) seed 13 ---
$ /usr/bin/python3 -m experiments.run_density_router --dataset hotpotqa --limit 500 --seed 13 --ace-retriever standard --top-k 5 --top-k-nodes 48 --max-expanded-docs 5 --embedder sentence-transformers --embedding-model BAAI/bge-small-en-v1.5 --embed-device cuda --compressor truncate --compress-dims 320 --reader-backend hf --reader-model microsoft/Phi-3.5-mini-instruct --reader-device cuda --reader-batch-size 2 --mmr-lambda 0.7 --budget 160 --out-dir /kaggle/working/colab_results/stage12_crossfamily_hotpotqa_phi35mini_budget160_limit500_seed13 --split validation
hotpotqa[hf:validation:500]: 4933 docs, 500 questions, 2.00 gold docs/question
[density] retrieving chunk baseline
[chunk] fitting/indexing
[embed] encoding 4933 texts on device=cuda:0

Batches:   0%|          | 0/78 [00:00<?, ?it/s]
Batches:   1%|▏         | 1/78 [00:00<01:12,  1.06it/s]
Batches:   3%|▎         | 2/78 [00:01<00:52,  1.45it/s]
Batches:   4%|▍         | 3/78 [00:01<00:41,  1.81it/s]
Batches:   5%|▌         | 4/78 [00:02<00:36,  2.04it/s]
Batches:   6%|▋         | 5/78 [00:02<00:31,  2.29it/s]
Batches:   8%|▊         | 6/78 [00:02<00:28,  2.56it/s]
Batches:   9%|▉         | 7/78 [00:03<00:26,  2.67it/s]
Batches:  10%|█         | 8/78 [00:03<00:24,  2.86it/s]
Batches:  12%|█▏        | 9/78 [00:03<00:23,  2.96it/s]
Batches:  13%|█▎        | 10/78 [00:04<00:22,  3.07it/s]
Batches:  14%|█▍        | 11/78 [00:04<00:20,  3.26it/s]
Batches:  15%|█▌        | 12/78 [00:04<00:19,  3.44it/s]
Batches:  17%|█▋        | 13/78 [00:04<00:17,  3.63it/s]
Batches:  18%|█▊        | 14/78 [00:05<00:17,  3.76it/s]
Batches:  19%|█▉        | 15/78 [00:05<00:16,  3.90it/s]
Batches:  21%|██        | 16/78 [00:05<00:15,  3.98it/s]
Batches:  22%|██▏       | 17/78 [00:05<00:14,  4.12it/s]
Batches:  23%|██▎       | 18/78 [00:06<00:14,  4.06it/s]
Batches:  24%|██▍       | 19/78 [00:06<00:14,  4.19it/s]
Batches:  26%|██▌       | 20/78 [00:06<00:12,  4.50it/s]
Batches:  27%|██▋       | 21/78 [00:06<00:12,  4.63it/s]
Batches:  28%|██▊       | 22/78 [00:06<00:11,  4.74it/s]
Batches:  29%|██▉       | 23/78 [00:07<00:11,  4.87it/s]
Batches:  31%|███       | 24/78 [00:07<00:10,  4.94it/s]
Batches:  32%|███▏      | 25/78 [00:07<00:10,  5.08it/s]
Batches:  33%|███▎      | 26/78 [00:07<00:10,  5.16it/s]
Batches:  35%|███▍      | 27/78 [00:07<00:09,  5.29it/s]
Batches:  36%|███▌      | 28/78 [00:07<00:09,  5.49it/s]
Batches:  37%|███▋      | 29/78 [00:08<00:08,  5.50it/s]
Batches:  38%|███▊      | 30/78 [00:08<00:08,  5.38it/s]
Batches:  40%|███▉      | 31/78 [00:08<00:08,  5.49it/s]
Batches:  41%|████      | 32/78 [00:08<00:08,  5.47it/s]
Batches:  42%|████▏     | 33/78 [00:08<00:07,  5.64it/s]
Batches:  44%|████▎     | 34/78 [00:09<00:07,  5.82it/s]
Batches:  45%|████▍     | 35/78 [00:09<00:07,  5.92it/s]
Batches:  46%|████▌     | 36/78 [00:09<00:06,  6.05it/s]
Batches:  47%|████▋     | 37/78 [00:09<00:06,  6.21it/s]
Batches:  49%|████▊     | 38/78 [00:09<00:06,  6.26it/s]
Batches:  50%|█████     | 39/78 [00:09<00:05,  6.51it/s]
Batches:  51%|█████▏    | 40/78 [00:09<00:05,  6.45it/s]
Batches:  53%|█████▎    | 41/78 [00:10<00:05,  6.54it/s]
Batches:  54%|█████▍    | 42/78 [00:10<00:05,  6.60it/s]
Batches:  55%|█████▌    | 43/78 [00:10<00:05,  6.52it/s]
Batches:  56%|█████▋    | 44/78 [00:10<00:04,  6.91it/s]
Batches:  58%|█████▊    | 45/78 [00:10<00:05,  6.52it/s]
Batches:  59%|█████▉    | 46/78 [00:10<00:04,  6.60it/s]
Batches:  60%|██████    | 47/78 [00:11<00:04,  6.79it/s]
Batches:  62%|██████▏   | 48/78 [00:11<00:04,  7.12it/s]
Batches:  63%|██████▎   | 49/78 [00:11<00:03,  7.48it/s]
Batches:  64%|██████▍   | 50/78 [00:11<00:03,  7.64it/s]
Batches:  65%|██████▌   | 51/78 [00:11<00:03,  7.90it/s]
Batches:  67%|██████▋   | 52/78 [00:11<00:03,  8.17it/s]
Batches:  68%|██████▊   | 53/78 [00:11<00:02,  8.41it/s]
Batches:  69%|██████▉   | 54/78 [00:11<00:02,  8.70it/s]
Batches:  71%|███████   | 55/78 [00:11<00:02,  8.95it/s]
Batches:  72%|███████▏  | 56/78 [00:12<00:02,  9.11it/s]
Batches:  73%|███████▎  | 57/78 [00:12<00:02,  9.21it/s]
Batches:  74%|███████▍  | 58/78 [00:12<00:02,  9.31it/s]
Batches:  76%|███████▌  | 59/78 [00:12<00:02,  9.19it/s]
Batches:  77%|███████▋  | 60/78 [00:12<00:01,  9.33it/s]
Batches:  79%|███████▉  | 62/78 [00:12<00:01, 10.02it/s]
Batches:  82%|████████▏ | 64/78 [00:12<00:01, 10.35it/s]
Batches:  85%|████████▍ | 66/78 [00:13<00:01, 10.57it/s]
Batches:  87%|████████▋ | 68/78 [00:13<00:00, 10.90it/s]
Batches:  90%|████████▉ | 70/78 [00:13<00:00, 11.50it/s]
Batches:  92%|█████████▏| 72/78 [00:13<00:00, 12.02it/s]
Batches:  95%|█████████▍| 74/78 [00:13<00:00, 13.21it/s]
Batches:  99%|█████████▊| 77/78 [00:13<00:00, 16.01it/s]
Batches: 100%|██████████| 78/78 [00:13<00:00,  5.67it/s]
[chunk] retrieving
[embed] encoding 500 texts on device=cuda:0

Batches:   0%|          | 0/8 [00:00<?, ?it/s]
Batches:  38%|███▊      | 3/8 [00:00<00:00, 27.05it/s]
Batches:  88%|████████▊ | 7/8 [00:00<00:00, 31.98it/s]
Batches: 100%|██████████| 8/8 [00:00<00:00, 32.86it/s]
[density] retrieving ACE graph
[ace] building evidence graph
[ace] graph built: nodes=50334 edges=77031
[ace] fitting/indexing embeddings
[embed] encoding 45401 texts on device=cuda:0

Batches:   0%|          | 0/710 [00:00<?, ?it/s]
Batches:   0%|          | 1/710 [00:00<05:38,  2.10it/s]
Batches:   0%|          | 2/710 [00:00<03:25,  3.44it/s]
Batches:   0%|          | 3/710 [00:00<02:28,  4.75it/s]
Batches:   1%|          | 4/710 [00:00<02:03,  5.71it/s]
Batches:   1%|          | 5/710 [00:00<01:44,  6.73it/s]
Batches:   1%|          | 6/710 [00:01<01:33,  7.52it/s]
Batches:   1%|          | 8/710 [00:01<01:22,  8.51it/s]
Batches:   1%|▏         | 9/710 [00:01<01:19,  8.84it/s]
Batches:   2%|▏         | 11/710 [00:01<01:14,  9.42it/s]
Batches:   2%|▏         | 13/710 [00:01<01:09, 10.06it/s]
Batches:   2%|▏         | 15/710 [00:01<01:09, 10.03it/s]
Batches:   2%|▏         | 17/710 [00:02<01:05, 10.61it/s]
Batches:   3%|▎         | 19/710 [00:02<01:02, 10.99it/s]
Batches:   3%|▎         | 21/710 [00:02<00:59, 11.53it/s]
Batches:   3%|▎         | 23/710 [00:02<00:57, 11.85it/s]
Batches:   4%|▎         | 25/710 [00:02<00:57, 11.93it/s]
Batches:   4%|▍         | 27/710 [00:02<00:54, 12.55it/s]
Batches:   4%|▍         | 29/710 [00:03<00:53, 12.64it/s]
Batches:   4%|▍         | 31/710 [00:03<00:55, 12.21it/s]
Batches:   5%|▍         | 33/710 [00:03<00:53, 12.55it/s]
Batches:   5%|▍         | 35/710 [00:03<00:51, 13.16it/s]
Batches:   5%|▌         | 37/710 [00:03<00:49, 13.51it/s]
Batches:   5%|▌         | 39/710 [00:03<00:48, 13.88it/s]
Batches:   6%|▌         | 41/710 [00:03<00:45, 14.77it/s]
Batches:   6%|▌         | 43/710 [00:04<00:46, 14.21it/s]
Batches:   6%|▋         | 45/710 [00:04<00:45, 14.52it/s]
Batches:   7%|▋         | 47/710 [00:04<00:47, 14.07it/s]
Batches:   7%|▋         | 49/710 [00:04<00:45, 14.46it/s]
Batches:   7%|▋         | 51/710 [00:04<00:43, 15.12it/s]
Batches:   7%|▋         | 53/710 [00:04<00:43, 15.02it/s]
Batches:   8%|▊         | 55/710 [00:04<00:43, 15.12it/s]
Batches:   8%|▊         | 57/710 [00:04<00:41, 15.82it/s]
Batches:   8%|▊         | 59/710 [00:05<00:39, 16.67it/s]
Batches:   9%|▊         | 61/710 [00:05<00:40, 15.87it/s]
Batches:   9%|▉         | 63/710 [00:05<00:39, 16.37it/s]
Batches:   9%|▉         | 65/710 [00:05<00:37, 17.04it/s]
Batches:   9%|▉         | 67/710 [00:05<00:38, 16.56it/s]
Batches:  10%|▉         | 69/710 [00:05<00:37, 17.14it/s]
Batches:  10%|█         | 71/710 [00:05<00:36, 17.44it/s]
Batches:  10%|█         | 73/710 [00:05<00:35, 17.89it/s]
Batches:  11%|█         | 75/710 [00:06<00:36, 17.33it/s]
Batches:  11%|█         | 77/710 [00:06<00:36, 17.25it/s]
Batches:  11%|█         | 79/710 [00:06<00:36, 17.39it/s]
Batches:  11%|█▏        | 81/710 [00:06<00:35, 17.62it/s]
Batches:  12%|█▏        | 83/710 [00:06<00:34, 18.02it/s]
Batches:  12%|█▏        | 85/710 [00:06<00:34, 18.09it/s]
Batches:  12%|█▏        | 87/710 [00:06<00:35, 17.54it/s]
Batches:  13%|█▎        | 89/710 [00:06<00:34, 17.80it/s]
Batches:  13%|█▎        | 91/710 [00:06<00:34, 18.19it/s]
Batches:  13%|█▎        | 93/710 [00:07<00:33, 18.33it/s]
Batches:  14%|█▎        | 96/710 [00:07<00:32, 19.16it/s]
Batches:  14%|█▍        | 99/710 [00:07<00:30, 20.02it/s]
Batches:  14%|█▍        | 102/710 [00:07<00:30, 19.86it/s]
Batches:  15%|█▍        | 104/710 [00:07<00:30, 19.73it/s]
Batches:  15%|█▍        | 106/710 [00:07<00:31, 19.42it/s]
Batches:  15%|█▌        | 108/710 [00:07<00:30, 19.44it/s]
Batches:  16%|█▌        | 111/710 [00:07<00:29, 20.26it/s]
Batches:  16%|█▌        | 114/710 [00:08<00:29, 20.53it/s]
Batches:  16%|█▋        | 117/710 [00:08<00:29, 20.31it/s]
Batches:  17%|█▋        | 120/710 [00:08<00:27, 21.35it/s]
Batches:  17%|█▋        | 123/710 [00:08<00:28, 20.84it/s]
Batches:  18%|█▊        | 126/710 [00:08<00:27, 21.44it/s]
Batches:  18%|█▊        | 129/710 [00:08<00:27, 21.33it/s]
Batches:  19%|█▊        | 132/710 [00:08<00:26, 21.72it/s]
Batches:  19%|█▉        | 135/710 [00:09<00:26, 21.81it/s]
Batches:  19%|█▉        | 138/710 [00:09<00:25, 22.00it/s]
Batches:  20%|█▉        | 141/710 [00:09<00:25, 21.94it/s]
Batches:  20%|██        | 144/710 [00:09<00:25, 21.99it/s]
Batches:  21%|██        | 147/710 [00:09<00:24, 22.58it/s]
Batches:  21%|██        | 150/710 [00:09<00:25, 21.73it/s]
Batches:  22%|██▏       | 153/710 [00:09<00:25, 22.19it/s]
Batches:  22%|██▏       | 156/710 [00:09<00:23, 23.09it/s]
Batches:  22%|██▏       | 159/710 [00:10<00:23, 23.53it/s]
Batches:  23%|██▎       | 162/710 [00:10<00:23, 23.43it/s]
Batches:  23%|██▎       | 165/710 [00:10<00:23, 23.47it/s]
Batches:  24%|██▎       | 168/710 [00:10<00:22, 23.71it/s]
Batches:  24%|██▍       | 171/710 [00:10<00:22, 23.68it/s]
Batches:  25%|██▍       | 174/710 [00:10<00:22, 23.93it/s]
Batches:  25%|██▍       | 177/710 [00:10<00:21, 24.25it/s]
Batches:  25%|██▌       | 180/710 [00:10<00:21, 24.64it/s]
Batches:  26%|██▌       | 183/710 [00:11<00:21, 24.38it/s]
Batches:  26%|██▌       | 186/710 [00:11<00:21, 24.22it/s]
Batches:  27%|██▋       | 189/710 [00:11<00:20, 25.16it/s]
Batches:  27%|██▋       | 192/710 [00:11<00:19, 26.01it/s]
Batches:  27%|██▋       | 195/710 [00:11<00:19, 25.75it/s]
Batches:  28%|██▊       | 198/710 [00:11<00:19, 26.56it/s]
Batches:  28%|██▊       | 201/710 [00:11<00:19, 26.65it/s]
Batches:  29%|██▊       | 204/710 [00:11<00:18, 27.18it/s]
Batches:  29%|██▉       | 207/710 [00:11<00:18, 27.48it/s]
Batches:  30%|██▉       | 210/710 [00:12<00:18, 27.62it/s]
Batches:  30%|███       | 213/710 [00:12<00:17, 27.99it/s]
Batches:  30%|███       | 216/710 [00:12<00:17, 28.53it/s]
Batches:  31%|███       | 219/710 [00:12<00:17, 27.66it/s]
Batches:  31%|███▏      | 222/710 [00:12<00:17, 27.84it/s]
Batches:  32%|███▏      | 226/710 [00:12<00:16, 28.75it/s]
Batches:  32%|███▏      | 229/710 [00:12<00:16, 29.04it/s]
Batches:  33%|███▎      | 232/710 [00:12<00:18, 26.14it/s]
Batches:  33%|███▎      | 236/710 [00:12<00:17, 27.46it/s]
Batches:  34%|███▍      | 240/710 [00:13<00:16, 28.38it/s]
Batches:  34%|███▍      | 243/710 [00:13<00:16, 28.68it/s]
Batches:  35%|███▍      | 247/710 [00:13<00:15, 30.02it/s]
Batches:  35%|███▌      | 251/710 [00:13<00:14, 30.79it/s]
Batches:  36%|███▌      | 255/710 [00:13<00:14, 30.87it/s]
Batches:  36%|███▋      | 259/710 [00:13<00:14, 31.57it/s]
Batches:  37%|███▋      | 263/710 [00:13<00:14, 31.78it/s]
Batches:  38%|███▊      | 267/710 [00:13<00:13, 32.47it/s]
Batches:  38%|███▊      | 271/710 [00:14<00:13, 32.06it/s]
Batches:  39%|███▊      | 275/710 [00:14<00:13, 32.95it/s]
Batches:  39%|███▉      | 279/710 [00:14<00:12, 34.00it/s]
Batches:  40%|███▉      | 283/710 [00:14<00:12, 34.73it/s]
Batches:  40%|████      | 287/710 [00:14<00:12, 34.26it/s]
Batches:  41%|████      | 291/710 [00:14<00:11, 35.25it/s]
Batches:  42%|████▏     | 296/710 [00:14<00:11, 37.16it/s]
Batches:  42%|████▏     | 300/710 [00:14<00:10, 37.62it/s]
Batches:  43%|████▎     | 304/710 [00:14<00:10, 38.03it/s]
Batches:  43%|████▎     | 308/710 [00:15<00:10, 38.11it/s]
Batches:  44%|████▍     | 313/710 [00:15<00:10, 39.21it/s]
Batches:  45%|████▍     | 318/710 [00:15<00:09, 41.10it/s]
Batches:  46%|████▌     | 324/710 [00:15<00:08, 44.27it/s]
Batches:  46%|████▋     | 330/710 [00:15<00:08, 46.56it/s]
Batches:  47%|████▋     | 336/710 [00:15<00:07, 49.59it/s]
Batches:  48%|████▊     | 342/710 [00:15<00:07, 51.94it/s]
Batches:  49%|████▉     | 348/710 [00:15<00:06, 54.01it/s]
Batches:  50%|█████     | 355/710 [00:15<00:06, 57.47it/s]
Batches:  51%|█████     | 362/710 [00:16<00:05, 59.82it/s]
Batches:  52%|█████▏    | 370/710 [00:16<00:05, 63.55it/s]
Batches:  53%|█████▎    | 378/710 [00:16<00:05, 65.82it/s]
Batches:  54%|█████▍    | 385/710 [00:16<00:04, 66.82it/s]
Batches:  55%|█████▌    | 393/710 [00:16<00:04, 68.45it/s]
Batches:  56%|█████▋    | 401/710 [00:16<00:04, 69.36it/s]
Batches:  58%|█████▊    | 409/710 [00:16<00:04, 72.01it/s]
Batches:  59%|█████▊    | 417/710 [00:16<00:03, 73.43it/s]
Batches:  60%|██████    | 426/710 [00:16<00:03, 75.35it/s]
Batches:  61%|██████▏   | 435/710 [00:17<00:03, 76.89it/s]
Batches:  62%|██████▏   | 443/710 [00:17<00:03, 76.58it/s]
Batches:  64%|██████▎   | 452/710 [00:17<00:03, 78.34it/s]
Batches:  65%|██████▍   | 460/710 [00:17<00:03, 78.80it/s]
Batches:  66%|██████▌   | 468/710 [00:17<00:03, 76.93it/s]
Batches:  67%|██████▋   | 477/710 [00:17<00:02, 78.75it/s]
Batches:  68%|██████▊   | 486/710 [00:17<00:02, 80.67it/s]
Batches:  70%|██████▉   | 495/710 [00:17<00:02, 76.06it/s]
Batches:  71%|███████   | 504/710 [00:17<00:02, 78.20it/s]
Batches:  72%|███████▏  | 513/710 [00:18<00:02, 81.12it/s]
Batches:  74%|███████▎  | 523/710 [00:18<00:02, 83.90it/s]
Batches:  75%|███████▍  | 532/710 [00:18<00:02, 85.34it/s]
Batches:  76%|███████▌  | 541/710 [00:18<00:01, 86.18it/s]
Batches:  78%|███████▊  | 551/710 [00:18<00:01, 87.52it/s]
Batches:  79%|███████▉  | 560/710 [00:18<00:01, 88.12it/s]
Batches:  80%|████████  | 570/710 [00:18<00:01, 89.24it/s]
Batches:  82%|████████▏ | 580/710 [00:18<00:01, 90.47it/s]
Batches:  83%|████████▎ | 590/710 [00:18<00:01, 90.58it/s]
Batches:  85%|████████▍ | 600/710 [00:18<00:01, 90.23it/s]
Batches:  86%|████████▌ | 610/710 [00:19<00:01, 92.27it/s]
Batches:  87%|████████▋ | 620/710 [00:19<00:00, 92.27it/s]
Batches:  89%|████████▊ | 630/710 [00:19<00:00, 92.40it/s]
Batches:  90%|█████████ | 640/710 [00:19<00:00, 94.11it/s]
Batches:  92%|█████████▏| 650/710 [00:19<00:00, 95.14it/s]
Batches:  93%|█████████▎| 660/710 [00:19<00:00, 94.89it/s]
Batches:  94%|█████████▍| 670/710 [00:19<00:00, 94.37it/s]
Batches:  96%|█████████▌| 680/710 [00:19<00:00, 94.05it/s]
Batches:  97%|█████████▋| 690/710 [00:19<00:00, 93.35it/s]
Batches:  99%|█████████▊| 700/710 [00:20<00:00, 92.14it/s]
Batches: 100%|██████████| 710/710 [00:20<00:00, 92.00it/s]
Batches: 100%|██████████| 710/710 [00:20<00:00, 35.24it/s]
[ace] retrieving
[embed] encoding 500 texts on device=cuda:0

Batches:   0%|          | 0/8 [00:00<?, ?it/s]
Batches:  38%|███▊      | 3/8 [00:00<00:00, 27.33it/s]
Batches:  88%|████████▊ | 7/8 [00:00<00:00, 32.42it/s]
Batches: 100%|██████████| 8/8 [00:00<00:00, 33.29it/s]
[density] loading reader once
`torch_dtype` is deprecated! Use `dtype` instead!
WARNING:transformers_modules.microsoft.Phi_hyphen_3_dot_5_hyphen_mini_hyphen_instruct.2fe192450127e6a83f7441aef6e3ca586c338b77.modeling_phi3:`flash-attention` package not found, consider installing for better performance: No module named 'flash_attn'.
WARNING:transformers_modules.microsoft.Phi_hyphen_3_dot_5_hyphen_mini_hyphen_instruct.2fe192450127e6a83f7441aef6e3ca586c338b77.modeling_phi3:Current `flash-attention` does not support `window_size`. Either upgrade or use `attn_implementation='eager'`.

Loading checkpoint shards:   0%|          | 0/2 [00:00<?, ?it/s]
Loading checkpoint shards:  50%|█████     | 1/2 [00:04<00:04,  4.21s/it]
Loading checkpoint shards: 100%|██████████| 2/2 [00:06<00:00,  2.85s/it]
Loading checkpoint shards: 100%|██████████| 2/2 [00:06<00:00,  3.05s/it]
[reader] loaded microsoft/Phi-3.5-mini-instruct (device_map=None, 4bit=False) entry=cuda:0
[density] materializing policy=chunk_packed_160
[density] generating policy=chunk_packed_160
Traceback (most recent call last):
  File "<frozen runpy>", line 198, in _run_module_as_main
  File "<frozen runpy>", line 88, in _run_code
  File "/kaggle/working/ace_rag_research_v13_analysis/experiments/run_density_router.py", line 441, in <module>
    main()
  File "/kaggle/working/ace_rag_research_v13_analysis/experiments/run_density_router.py", line 317, in main
    predictions = generate(reader, args.reader_backend, reader_runs)
                  ^^^^^^^^^^^^^^^^^^^^^^^^^^^^^^^^^^^^^^^^^^^^^^^^^^
  File "/kaggle/working/ace_rag_research_v13_analysis/experiments/run_density_router.py", line 217, in generate
    return reader.answer_many([(run.query, run) for run in reader_runs])
           ^^^^^^^^^^^^^^^^^^^^^^^^^^^^^^^^^^^^^^^^^^^^^^^^^^^^^^^^^^^^^
  File "/kaggle/working/ace_rag_research_v13_analysis/ace_rag/generator.py", line 147, in answer_many
    outputs.extend(self._generate_batch(prompts))
                   ^^^^^^^^^^^^^^^^^^^^^^^^^^^^^
  File "/kaggle/working/ace_rag_research_v13_analysis/ace_rag/generator.py", line 184, in _generate_batch
    generated = self.model.generate(
                ^^^^^^^^^^^^^^^^^^^^
  File "/usr/local/lib/python3.12/dist-packages/torch/utils/_contextlib.py", line 124, in decorate_context
    return func(*args, **kwargs)
           ^^^^^^^^^^^^^^^^^^^^^
  File "/usr/local/lib/python3.12/dist-packages/transformers/generation/utils.py", line 2566, in generate
    result = decoding_method(
             ^^^^^^^^^^^^^^^^
  File "/usr/local/lib/python3.12/dist-packages/transformers/generation/utils.py", line 2783, in _sample
    model_inputs = self.prepare_inputs_for_generation(input_ids, **model_kwargs)
                   ^^^^^^^^^^^^^^^^^^^^^^^^^^^^^^^^^^^^^^^^^^^^^^^^^^^^^^^^^^^^^
  File "/root/.cache/huggingface/modules/transformers_modules/microsoft/Phi_hyphen_3_dot_5_hyphen_mini_hyphen_instruct/2fe192450127e6a83f7441aef6e3ca586c338b77/modeling_phi3.py", line 1299, in prepare_inputs_for_generation
    max_cache_length = past_key_values.get_max_length()
                       ^^^^^^^^^^^^^^^^^^^^^^^^^^^^^^
AttributeError: 'DynamicCache' object has no attribute 'get_max_length'. Did you mean: 'get_seq_length'?
--- cross-family phi35mini (microsoft/Phi-3.5-mini-instruct) seed 7 ---
$ /usr/bin/python3 -m experiments.run_density_router --dataset hotpotqa --limit 500 --seed 7 --ace-retriever standard --top-k 5 --top-k-nodes 48 --max-expanded-docs 5 --embedder sentence-transformers --embedding-model BAAI/bge-small-en-v1.5 --embed-device cuda --compressor truncate --compress-dims 320 --reader-backend hf --reader-model microsoft/Phi-3.5-mini-instruct --reader-device cuda --reader-batch-size 2 --mmr-lambda 0.7 --budget 160 --out-dir /kaggle/working/colab_results/stage12_crossfamily_hotpotqa_phi35mini_budget160_limit500_seed7 --split validation
hotpotqa[hf:validation:500]: 4948 docs, 500 questions, 2.00 gold docs/question
[density] retrieving chunk baseline
[chunk] fitting/indexing
[embed] encoding 4948 texts on device=cuda:0

Batches:   0%|          | 0/78 [00:00<?, ?it/s]
Batches:   1%|▏         | 1/78 [00:00<01:13,  1.04it/s]
Batches:   3%|▎         | 2/78 [00:01<00:50,  1.51it/s]
Batches:   4%|▍         | 3/78 [00:01<00:41,  1.79it/s]
Batches:   5%|▌         | 4/78 [00:02<00:35,  2.09it/s]
Batches:   6%|▋         | 5/78 [00:02<00:30,  2.39it/s]
Batches:   8%|▊         | 6/78 [00:02<00:27,  2.58it/s]
Batches:   9%|▉         | 7/78 [00:03<00:25,  2.79it/s]
Batches:  10%|█         | 8/78 [00:03<00:23,  3.04it/s]
Batches:  12%|█▏        | 9/78 [00:03<00:22,  3.08it/s]
Batches:  13%|█▎        | 10/78 [00:04<00:21,  3.17it/s]
Batches:  14%|█▍        | 11/78 [00:04<00:21,  3.18it/s]
Batches:  15%|█▌        | 12/78 [00:04<00:19,  3.41it/s]
Batches:  17%|█▋        | 13/78 [00:04<00:17,  3.62it/s]
Batches:  18%|█▊        | 14/78 [00:05<00:17,  3.71it/s]
Batches:  19%|█▉        | 15/78 [00:05<00:16,  3.87it/s]
Batches:  21%|██        | 16/78 [00:05<00:15,  4.00it/s]
Batches:  22%|██▏       | 17/78 [00:05<00:14,  4.15it/s]
Batches:  23%|██▎       | 18/78 [00:05<00:13,  4.37it/s]
Batches:  24%|██▍       | 19/78 [00:06<00:13,  4.31it/s]
Batches:  26%|██▌       | 20/78 [00:06<00:13,  4.37it/s]
Batches:  27%|██▋       | 21/78 [00:06<00:13,  4.27it/s]
Batches:  28%|██▊       | 22/78 [00:06<00:12,  4.53it/s]
Batches:  29%|██▉       | 23/78 [00:07<00:11,  4.75it/s]
Batches:  31%|███       | 24/78 [00:07<00:10,  4.97it/s]
Batches:  32%|███▏      | 25/78 [00:07<00:10,  5.03it/s]
Batches:  33%|███▎      | 26/78 [00:07<00:10,  5.16it/s]
Batches:  35%|███▍      | 27/78 [00:07<00:09,  5.24it/s]
Batches:  36%|███▌      | 28/78 [00:08<00:10,  4.83it/s]
Batches:  37%|███▋      | 29/78 [00:08<00:09,  5.13it/s]
Batches:  38%|███▊      | 30/78 [00:08<00:09,  5.17it/s]
Batches:  40%|███▉      | 31/78 [00:08<00:08,  5.33it/s]
Batches:  41%|████      | 32/78 [00:08<00:08,  5.33it/s]
Batches:  42%|████▏     | 33/78 [00:08<00:08,  5.54it/s]
Batches:  44%|████▎     | 34/78 [00:09<00:07,  5.80it/s]
Batches:  45%|████▍     | 35/78 [00:09<00:07,  5.97it/s]
Batches:  46%|████▌     | 36/78 [00:09<00:07,  6.00it/s]
Batches:  47%|████▋     | 37/78 [00:09<00:06,  6.03it/s]
Batches:  49%|████▊     | 38/78 [00:09<00:06,  6.19it/s]
Batches:  50%|█████     | 39/78 [00:09<00:05,  6.60it/s]
Batches:  51%|█████▏    | 40/78 [00:09<00:05,  6.67it/s]
Batches:  53%|█████▎    | 41/78 [00:10<00:05,  6.36it/s]
Batches:  54%|█████▍    | 42/78 [00:10<00:05,  6.44it/s]
Batches:  55%|█████▌    | 43/78 [00:10<00:05,  6.37it/s]
Batches:  56%|█████▋    | 44/78 [00:10<00:05,  6.58it/s]
Batches:  58%|█████▊    | 45/78 [00:10<00:05,  6.59it/s]
Batches:  59%|█████▉    | 46/78 [00:10<00:04,  6.75it/s]
Batches:  60%|██████    | 47/78 [00:11<00:04,  7.06it/s]
Batches:  62%|██████▏   | 48/78 [00:11<00:03,  7.51it/s]
Batches:  63%|██████▎   | 49/78 [00:11<00:03,  7.78it/s]
Batches:  64%|██████▍   | 50/78 [00:11<00:03,  8.21it/s]
Batches:  65%|██████▌   | 51/78 [00:11<00:03,  8.13it/s]
Batches:  67%|██████▋   | 52/78 [00:11<00:03,  8.26it/s]
Batches:  68%|██████▊   | 53/78 [00:11<00:02,  8.65it/s]
Batches:  69%|██████▉   | 54/78 [00:11<00:03,  7.98it/s]
Batches:  71%|███████   | 55/78 [00:11<00:02,  8.39it/s]
Batches:  72%|███████▏  | 56/78 [00:12<00:02,  8.81it/s]
Batches:  73%|███████▎  | 57/78 [00:12<00:02,  9.10it/s]
Batches:  74%|███████▍  | 58/78 [00:12<00:02,  9.25it/s]
Batches:  77%|███████▋  | 60/78 [00:12<00:01,  9.89it/s]
Batches:  79%|███████▉  | 62/78 [00:12<00:01, 10.40it/s]
Batches:  82%|████████▏ | 64/78 [00:12<00:01, 10.89it/s]
Batches:  85%|████████▍ | 66/78 [00:12<00:01, 11.10it/s]
Batches:  87%|████████▋ | 68/78 [00:13<00:00, 11.53it/s]
Batches:  90%|████████▉ | 70/78 [00:13<00:00, 12.13it/s]
Batches:  92%|█████████▏| 72/78 [00:13<00:00, 12.75it/s]
Batches:  95%|█████████▍| 74/78 [00:13<00:00, 13.97it/s]
Batches:  97%|█████████▋| 76/78 [00:13<00:00, 15.25it/s]
Batches: 100%|██████████| 78/78 [00:13<00:00,  5.71it/s]
[chunk] retrieving
[embed] encoding 500 texts on device=cuda:0

Batches:   0%|          | 0/8 [00:00<?, ?it/s]
Batches:  38%|███▊      | 3/8 [00:00<00:00, 26.28it/s]
Batches:  88%|████████▊ | 7/8 [00:00<00:00, 32.73it/s]
Batches: 100%|██████████| 8/8 [00:00<00:00, 33.46it/s]
[density] retrieving ACE graph
[ace] building evidence graph
[ace] graph built: nodes=49359 edges=75836
[ace] fitting/indexing embeddings
[embed] encoding 44411 texts on device=cuda:0

Batches:   0%|          | 0/694 [00:00<?, ?it/s]
Batches:   0%|          | 1/694 [00:00<04:06,  2.81it/s]
Batches:   0%|          | 2/694 [00:00<02:31,  4.57it/s]
Batches:   0%|          | 3/694 [00:00<02:15,  5.11it/s]
Batches:   1%|          | 4/694 [00:00<01:55,  5.97it/s]
Batches:   1%|          | 5/694 [00:00<01:41,  6.80it/s]
Batches:   1%|          | 6/694 [00:01<01:35,  7.22it/s]
Batches:   1%|          | 7/694 [00:01<01:29,  7.67it/s]
Batches:   1%|▏         | 9/694 [00:01<01:18,  8.75it/s]
Batches:   2%|▏         | 11/694 [00:01<01:12,  9.46it/s]
Batches:   2%|▏         | 13/694 [00:01<01:07, 10.16it/s]
Batches:   2%|▏         | 15/694 [00:01<01:04, 10.55it/s]
Batches:   2%|▏         | 17/694 [00:02<01:03, 10.71it/s]
Batches:   3%|▎         | 19/694 [00:02<01:03, 10.59it/s]
Batches:   3%|▎         | 21/694 [00:02<00:59, 11.34it/s]
Batches:   3%|▎         | 23/694 [00:02<00:56, 11.81it/s]
Batches:   4%|▎         | 25/694 [00:02<00:54, 12.17it/s]
Batches:   4%|▍         | 27/694 [00:02<00:53, 12.48it/s]
Batches:   4%|▍         | 29/694 [00:02<00:51, 12.88it/s]
Batches:   4%|▍         | 31/694 [00:03<00:53, 12.46it/s]
Batches:   5%|▍         | 33/694 [00:03<00:51, 12.92it/s]
Batches:   5%|▌         | 35/694 [00:03<00:49, 13.31it/s]
Batches:   5%|▌         | 37/694 [00:03<00:49, 13.24it/s]
Batches:   6%|▌         | 39/694 [00:03<00:46, 14.08it/s]
Batches:   6%|▌         | 41/694 [00:03<00:45, 14.24it/s]
Batches:   6%|▌         | 43/694 [00:03<00:44, 14.76it/s]
Batches:   6%|▋         | 45/694 [00:04<00:43, 14.94it/s]
Batches:   7%|▋         | 47/694 [00:04<00:41, 15.43it/s]
Batches:   7%|▋         | 49/694 [00:04<00:40, 15.99it/s]
Batches:   7%|▋         | 51/694 [00:04<00:39, 16.32it/s]
Batches:   8%|▊         | 53/694 [00:04<00:40, 15.81it/s]
Batches:   8%|▊         | 55/694 [00:04<00:39, 16.04it/s]
Batches:   8%|▊         | 57/694 [00:04<00:39, 16.29it/s]
Batches:   9%|▊         | 59/694 [00:04<00:39, 16.09it/s]
Batches:   9%|▉         | 61/694 [00:05<00:39, 15.98it/s]
Batches:   9%|▉         | 63/694 [00:05<00:38, 16.54it/s]
Batches:   9%|▉         | 65/694 [00:05<00:36, 17.24it/s]
Batches:  10%|▉         | 67/694 [00:05<00:35, 17.53it/s]
Batches:  10%|▉         | 69/694 [00:05<00:34, 17.99it/s]
Batches:  10%|█         | 72/694 [00:05<00:32, 18.86it/s]
Batches:  11%|█         | 75/694 [00:05<00:31, 19.37it/s]
Batches:  11%|█         | 77/694 [00:05<00:32, 19.16it/s]
Batches:  11%|█▏        | 79/694 [00:06<00:33, 18.51it/s]
Batches:  12%|█▏        | 82/694 [00:06<00:32, 18.97it/s]
Batches:  12%|█▏        | 84/694 [00:06<00:32, 18.62it/s]
Batches:  12%|█▏        | 86/694 [00:06<00:32, 18.59it/s]
Batches:  13%|█▎        | 89/694 [00:06<00:31, 19.02it/s]
Batches:  13%|█▎        | 92/694 [00:06<00:30, 19.42it/s]
Batches:  14%|█▎        | 95/694 [00:06<00:29, 20.22it/s]
Batches:  14%|█▍        | 98/694 [00:06<00:30, 19.85it/s]
Batches:  14%|█▍        | 100/694 [00:07<00:30, 19.34it/s]
Batches:  15%|█▍        | 103/694 [00:07<00:29, 19.92it/s]
Batches:  15%|█▌        | 106/694 [00:07<00:28, 20.44it/s]
Batches:  16%|█▌        | 109/694 [00:07<00:30, 19.09it/s]
Batches:  16%|█▌        | 112/694 [00:07<00:29, 19.85it/s]
Batches:  17%|█▋        | 115/694 [00:07<00:28, 20.13it/s]
Batches:  17%|█▋        | 118/694 [00:07<00:28, 20.47it/s]
Batches:  17%|█▋        | 121/694 [00:08<00:27, 21.02it/s]
Batches:  18%|█▊        | 124/694 [00:08<00:27, 21.07it/s]
Batches:  18%|█▊        | 127/694 [00:08<00:26, 21.60it/s]
Batches:  19%|█▊        | 130/694 [00:08<00:25, 21.77it/s]
Batches:  19%|█▉        | 133/694 [00:08<00:25, 21.65it/s]
Batches:  20%|█▉        | 136/694 [00:08<00:25, 22.07it/s]
Batches:  20%|██        | 139/694 [00:08<00:25, 22.01it/s]
Batches:  20%|██        | 142/694 [00:09<00:24, 22.72it/s]
Batches:  21%|██        | 145/694 [00:09<00:23, 23.16it/s]
Batches:  21%|██▏       | 148/694 [00:09<00:23, 23.02it/s]
Batches:  22%|██▏       | 151/694 [00:09<00:23, 23.06it/s]
Batches:  22%|██▏       | 154/694 [00:09<00:23, 23.02it/s]
Batches:  23%|██▎       | 157/694 [00:09<00:23, 23.27it/s]
Batches:  23%|██▎       | 160/694 [00:09<00:22, 24.17it/s]
Batches:  23%|██▎       | 163/694 [00:09<00:21, 24.83it/s]
Batches:  24%|██▍       | 166/694 [00:10<00:20, 25.23it/s]
Batches:  24%|██▍       | 169/694 [00:10<00:22, 23.31it/s]
Batches:  25%|██▍       | 172/694 [00:10<00:21, 23.86it/s]
Batches:  25%|██▌       | 175/694 [00:10<00:21, 24.24it/s]
Batches:  26%|██▌       | 178/694 [00:10<00:21, 23.81it/s]
Batches:  26%|██▌       | 181/694 [00:10<00:21, 24.06it/s]
Batches:  27%|██▋       | 184/694 [00:10<00:20, 24.58it/s]
Batches:  27%|██▋       | 187/694 [00:10<00:20, 25.25it/s]
Batches:  27%|██▋       | 190/694 [00:11<00:19, 25.21it/s]
Batches:  28%|██▊       | 193/694 [00:11<00:19, 25.12it/s]
Batches:  28%|██▊       | 196/694 [00:11<00:19, 25.68it/s]
Batches:  29%|██▊       | 199/694 [00:11<00:18, 26.52it/s]
Batches:  29%|██▉       | 202/694 [00:11<00:18, 26.69it/s]
Batches:  30%|██▉       | 205/694 [00:11<00:17, 27.36it/s]
Batches:  30%|██▉       | 208/694 [00:11<00:17, 27.73it/s]
Batches:  30%|███       | 211/694 [00:11<00:17, 28.15it/s]
Batches:  31%|███       | 214/694 [00:11<00:16, 28.65it/s]
Batches:  31%|███▏      | 217/694 [00:11<00:16, 28.65it/s]
Batches:  32%|███▏      | 220/694 [00:12<00:16, 28.49it/s]
Batches:  32%|███▏      | 224/694 [00:12<00:16, 29.22it/s]
Batches:  33%|███▎      | 228/694 [00:12<00:15, 29.67it/s]
Batches:  33%|███▎      | 232/694 [00:12<00:15, 29.95it/s]
Batches:  34%|███▍      | 236/694 [00:12<00:14, 30.81it/s]
Batches:  35%|███▍      | 240/694 [00:12<00:14, 30.89it/s]
Batches:  35%|███▌      | 244/694 [00:12<00:14, 31.86it/s]
Batches:  36%|███▌      | 248/694 [00:12<00:13, 32.05it/s]
Batches:  36%|███▋      | 252/694 [00:13<00:13, 32.35it/s]
Batches:  37%|███▋      | 256/694 [00:13<00:13, 32.33it/s]
Batches:  37%|███▋      | 260/694 [00:13<00:13, 32.29it/s]
Batches:  38%|███▊      | 264/694 [00:13<00:13, 31.62it/s]
Batches:  39%|███▊      | 268/694 [00:13<00:12, 33.10it/s]
Batches:  39%|███▉      | 272/694 [00:13<00:12, 34.60it/s]
Batches:  40%|███▉      | 276/694 [00:13<00:11, 35.02it/s]
Batches:  40%|████      | 280/694 [00:13<00:11, 36.04it/s]
Batches:  41%|████      | 285/694 [00:14<00:10, 37.50it/s]
Batches:  42%|████▏     | 289/694 [00:14<00:10, 37.58it/s]
Batches:  42%|████▏     | 293/694 [00:14<00:10, 38.09it/s]
Batches:  43%|████▎     | 298/694 [00:14<00:09, 39.80it/s]
Batches:  44%|████▎     | 303/694 [00:14<00:09, 41.14it/s]
Batches:  44%|████▍     | 308/694 [00:14<00:09, 42.42it/s]
Batches:  45%|████▌     | 313/694 [00:14<00:08, 44.44it/s]
Batches:  46%|████▌     | 319/694 [00:14<00:07, 47.19it/s]
Batches:  47%|████▋     | 325/694 [00:14<00:07, 49.24it/s]
Batches:  48%|████▊     | 331/694 [00:14<00:06, 52.21it/s]
Batches:  49%|████▊     | 337/694 [00:15<00:06, 54.26it/s]
Batches:  50%|████▉     | 344/694 [00:15<00:06, 57.28it/s]
Batches:  51%|█████     | 351/694 [00:15<00:05, 58.86it/s]
Batches:  52%|█████▏    | 358/694 [00:15<00:05, 61.97it/s]
Batches:  53%|█████▎    | 365/694 [00:15<00:05, 64.25it/s]
Batches:  54%|█████▎    | 372/694 [00:15<00:04, 65.39it/s]
Batches:  55%|█████▍    | 380/694 [00:15<00:04, 67.98it/s]
Batches:  56%|█████▌    | 388/694 [00:15<00:04, 70.16it/s]
Batches:  57%|█████▋    | 396/694 [00:15<00:04, 71.53it/s]
Batches:  58%|█████▊    | 404/694 [00:16<00:04, 71.54it/s]
Batches:  59%|█████▉    | 412/694 [00:16<00:03, 73.06it/s]
Batches:  61%|██████    | 420/694 [00:16<00:03, 73.21it/s]
Batches:  62%|██████▏   | 428/694 [00:16<00:03, 74.60it/s]
Batches:  63%|██████▎   | 437/694 [00:16<00:03, 76.63it/s]
Batches:  64%|██████▍   | 446/694 [00:16<00:03, 78.36it/s]
Batches:  66%|██████▌   | 455/694 [00:16<00:03, 79.47it/s]
Batches:  67%|██████▋   | 464/694 [00:16<00:02, 80.97it/s]
Batches:  68%|██████▊   | 473/694 [00:16<00:02, 81.54it/s]
Batches:  69%|██████▉   | 482/694 [00:17<00:02, 83.13it/s]
Batches:  71%|███████   | 491/694 [00:17<00:02, 84.25it/s]
Batches:  72%|███████▏  | 500/694 [00:17<00:02, 84.01it/s]
Batches:  73%|███████▎  | 509/694 [00:17<00:02, 84.49it/s]
Batches:  75%|███████▍  | 518/694 [00:17<00:02, 85.41it/s]
Batches:  76%|███████▌  | 528/694 [00:17<00:01, 87.34it/s]
Batches:  78%|███████▊  | 538/694 [00:17<00:01, 89.09it/s]
Batches:  79%|███████▉  | 548/694 [00:17<00:01, 90.25it/s]
Batches:  80%|████████  | 558/694 [00:17<00:01, 91.63it/s]
Batches:  82%|████████▏ | 568/694 [00:17<00:01, 91.64it/s]
Batches:  83%|████████▎ | 578/694 [00:18<00:01, 90.94it/s]
Batches:  85%|████████▍ | 588/694 [00:18<00:01, 91.07it/s]
Batches:  86%|████████▌ | 598/694 [00:18<00:01, 91.18it/s]
Batches:  88%|████████▊ | 608/694 [00:18<00:00, 92.39it/s]
Batches:  89%|████████▉ | 618/694 [00:18<00:00, 93.63it/s]
Batches:  90%|█████████ | 628/694 [00:18<00:00, 93.90it/s]
Batches:  92%|█████████▏| 638/694 [00:18<00:00, 94.79it/s]
Batches:  93%|█████████▎| 648/694 [00:18<00:00, 94.93it/s]
Batches:  95%|█████████▍| 658/694 [00:18<00:00, 95.58it/s]
Batches:  96%|█████████▋| 668/694 [00:19<00:00, 94.58it/s]
Batches:  98%|█████████▊| 678/694 [00:19<00:00, 94.30it/s]
Batches:  99%|█████████▉| 688/694 [00:19<00:00, 92.33it/s]
Batches: 100%|██████████| 694/694 [00:19<00:00, 35.91it/s]
[ace] retrieving
[embed] encoding 500 texts on device=cuda:0

Batches:   0%|          | 0/8 [00:00<?, ?it/s]
Batches:  38%|███▊      | 3/8 [00:00<00:00, 26.63it/s]
Batches:  88%|████████▊ | 7/8 [00:00<00:00, 33.12it/s]
Batches: 100%|██████████| 8/8 [00:00<00:00, 33.83it/s]
[density] loading reader once
`torch_dtype` is deprecated! Use `dtype` instead!
WARNING:transformers_modules.microsoft.Phi_hyphen_3_dot_5_hyphen_mini_hyphen_instruct.2fe192450127e6a83f7441aef6e3ca586c338b77.modeling_phi3:`flash-attention` package not found, consider installing for better performance: No module named 'flash_attn'.
WARNING:transformers_modules.microsoft.Phi_hyphen_3_dot_5_hyphen_mini_hyphen_instruct.2fe192450127e6a83f7441aef6e3ca586c338b77.modeling_phi3:Current `flash-attention` does not support `window_size`. Either upgrade or use `attn_implementation='eager'`.

Loading checkpoint shards:   0%|          | 0/2 [00:00<?, ?it/s]
Loading checkpoint shards:  50%|█████     | 1/2 [00:03<00:03,  3.39s/it]
Loading checkpoint shards: 100%|██████████| 2/2 [00:05<00:00,  2.48s/it]
Loading checkpoint shards: 100%|██████████| 2/2 [00:05<00:00,  2.62s/it]
[reader] loaded microsoft/Phi-3.5-mini-instruct (device_map=None, 4bit=False) entry=cuda:0
[density] materializing policy=chunk_packed_160
[density] generating policy=chunk_packed_160
Traceback (most recent call last):
  File "<frozen runpy>", line 198, in _run_module_as_main
  File "<frozen runpy>", line 88, in _run_code
  File "/kaggle/working/ace_rag_research_v13_analysis/experiments/run_density_router.py", line 441, in <module>
    main()
  File "/kaggle/working/ace_rag_research_v13_analysis/experiments/run_density_router.py", line 317, in main
    predictions = generate(reader, args.reader_backend, reader_runs)
                  ^^^^^^^^^^^^^^^^^^^^^^^^^^^^^^^^^^^^^^^^^^^^^^^^^^
  File "/kaggle/working/ace_rag_research_v13_analysis/experiments/run_density_router.py", line 217, in generate
    return reader.answer_many([(run.query, run) for run in reader_runs])
           ^^^^^^^^^^^^^^^^^^^^^^^^^^^^^^^^^^^^^^^^^^^^^^^^^^^^^^^^^^^^^
  File "/kaggle/working/ace_rag_research_v13_analysis/ace_rag/generator.py", line 147, in answer_many
    outputs.extend(self._generate_batch(prompts))
                   ^^^^^^^^^^^^^^^^^^^^^^^^^^^^^
  File "/kaggle/working/ace_rag_research_v13_analysis/ace_rag/generator.py", line 184, in _generate_batch
    generated = self.model.generate(
                ^^^^^^^^^^^^^^^^^^^^
  File "/usr/local/lib/python3.12/dist-packages/torch/utils/_contextlib.py", line 124, in decorate_context
    return func(*args, **kwargs)
           ^^^^^^^^^^^^^^^^^^^^^
  File "/usr/local/lib/python3.12/dist-packages/transformers/generation/utils.py", line 2566, in generate
    result = decoding_method(
             ^^^^^^^^^^^^^^^^
  File "/usr/local/lib/python3.12/dist-packages/transformers/generation/utils.py", line 2783, in _sample
    model_inputs = self.prepare_inputs_for_generation(input_ids, **model_kwargs)
                   ^^^^^^^^^^^^^^^^^^^^^^^^^^^^^^^^^^^^^^^^^^^^^^^^^^^^^^^^^^^^^
  File "/root/.cache/huggingface/modules/transformers_modules/microsoft/Phi_hyphen_3_dot_5_hyphen_mini_hyphen_instruct/2fe192450127e6a83f7441aef6e3ca586c338b77/modeling_phi3.py", line 1299, in prepare_inputs_for_generation
    max_cache_length = past_key_values.get_max_length()
                       ^^^^^^^^^^^^^^^^^^^^^^^^^^^^^^
AttributeError: 'DynamicCache' object has no attribute 'get_max_length'. Did you mean: 'get_seq_length'?
=== control/main.py done: stage12-cross-family; ok=['falcon3b_seed42', 'falcon3b_seed13', 'falcon3b_seed7'] failed=['phi35mini_seed42', 'phi35mini_seed13', 'phi35mini_seed7'] ===
