qid,question,rule_policy,oracle_policy,chunk_confidence,bm25_confidence,hybrid_confidence,ace_confidence,ace_chunk_doc_jaccard,chunk_packed_160_tokens,chunk_packed_160_doc_count,chunk_packed_160_em,chunk_packed_160_f1,ace_packed_160_tokens,ace_packed_160_doc_count,ace_packed_160_em,ace_packed_160_f1,ace_focused_160_tokens,ace_focused_160_doc_count,ace_focused_160_em,ace_focused_160_f1
5aba926f55429901930fa83e,Which Formula One World Champion had a teammate named Richie Ginther?,ace_packed_160,ace_packed_160,0.28175769538274975,0.24898400318335467,0.2781476746122059,0.3593737364003672,0.6666666666666666,150,2,0.0,0.0,148,4,0.0,0.0,148,4,0.0,0.0
5ae1fced5542997283cd230e,"Which writer won the Nobel Prize, William H. Gass or Naguib Mahfouz?",chunk_packed_160,ace_focused_160,0.31184845954727936,0.2530465520539956,0.2797850273759356,0.3269102888085557,1.0,157,4,1.0,1.0,160,4,1.0,1.0,151,3,1.0,1.0
5a890b895542995153361278,The first person to reach both poles named a glacier after which person? ,ace_packed_160,chunk_packed_160,0.2742733288432278,0.3075711386565104,0.27874212381665464,0.31954062008669953,0.6666666666666666,146,3,0.0,0.6666666666666666,150,3,0.0,0.0,154,3,0.0,0.0
5a90b2175542990a984936ae,"Which tennis player is South African, Mariaan de Swardt or Kateryna Bondarenko?",ace_packed_160,chunk_packed_160,0.297973227258437,0.29530015863135484,0.30548023967222415,0.3439714959389685,1.0,143,5,1.0,1.0,153,6,1.0,1.0,153,6,1.0,1.0
5a881cbb55429938390d3ee7,St. John of the Cross Episcopal Church has a rectory that was in a style that was a product of what earlier style?,chunk_packed_160,ace_packed_160,0.36440313390636436,0.3672699560302711,0.3731772997080872,0.38188473248661986,0.42857142857142855,151,4,0.0,0.0,146,5,0.0,0.0,158,5,0.0,0.0
5a764c0b55429976ec32bd89,What criteria subjectively qualifies the Houston Astrodome to be called the Eighth Wonder of the World?,chunk_packed_160,ace_focused_160,0.33524414568192246,0.364785666283194,0.350117418619488,0.3364977261223561,0.42857142857142855,152,3,0.0,0.0,156,4,0.0,0.41379310344827586,154,5,0.0,0.42857142857142855
5ac2da27554299657fa2909f,Which town was home to a forward for the Western New York Flash? ,ace_packed_160,ace_packed_160,0.31097661714215796,0.3116754126146012,0.3131074497501102,0.3926788571406829,0.6666666666666666,159,3,0.0,0.0,116,2,0.0,0.0,159,3,0.0,0.0
5ac26ac15542992f1f2b38bc,Who is the film dedicated to that Paramount Classics and MTV Films co-purchased the rights to?,ace_packed_160,ace_packed_160,0.2565052374095179,0.29715055810824054,0.2677477881420176,0.34846086798396836,0.42857142857142855,156,3,0.0,0.0,141,2,0.0,0.0,141,2,0.0,0.0
5a8a521d5542992d82986f15,For which team does Mads Bødker player that is controlled by Danmarks Ishockey Union?,ace_packed_160,chunk_packed_160,0.2942918040524483,0.2946024246619804,0.2922175431849197,0.40014737471247264,0.6666666666666666,140,3,0.0,0.0,160,4,0.0,0.0,159,5,0.0,0.0
5ae650fb55429929b0807b2e,Christopher Oscar Pena was recognized by an entertainment-industry brand aimed at what?,ace_packed_160,ace_focused_160,0.23619842065289914,0.267346235076,0.27263755763077646,0.2731309577076986,0.25,156,4,0.0,0.0,159,4,0.0,0.7272727272727273,146,4,1.0,1.0
5a8bc1b85542997f31a41db8,Which one between Milium and Eucommia lives more widely spread across the world?,chunk_packed_160,ace_packed_160,0.22334366239367962,0.22340985141665046,0.2303635184813706,0.22032760935096457,0.6666666666666666,149,4,1.0,1.0,144,5,1.0,1.0,153,4,0.0,0.0
5ab209ec554299722f9b4ca2,What video game character did the voice actress in the animated film Alpha and Omega voice?,chunk_packed_160,ace_focused_160,0.29316936357246626,0.3183701645408493,0.2981910105992758,0.2579933135239713,0.6666666666666666,157,3,0.0,0.0,156,3,0.0,0.0,132,2,0.0,0.0
5a8bb90f5542996e8ac88a02,"What Canadian actor starred in a film released on June 14th,2011?",ace_packed_160,chunk_packed_160,0.2332666954413965,0.24484537159253836,0.2388087554708307,0.2801616542099731,0.25,140,4,0.0,0.8,153,3,0.0,0.0,156,4,0.0,0.8
5ac31b0a554299741d48a1f0,"Who directed the film to which "" A Perfect Murder"" was a modern remake? ",chunk_packed_160,ace_packed_160,0.32304359934684845,0.32237766660188505,0.3481958161128679,0.3462798234278072,0.42857142857142855,160,3,0.0,0.0,143,3,0.0,0.0,143,3,0.0,0.0
5adf3e355542993a75d26440,"How long is the bridge in the Öresund Region that connect Copenhagen, Denmark and Malmo, Sweden?",chunk_packed_160,chunk_packed_160,0.2697977955591555,0.2704544772340045,0.2670448083236854,0.2973366816483707,0.6666666666666666,126,2,0.0,0.0,157,3,0.0,0.0,126,2,0.0,0.0
5abd245555429924427fcf0f,"Under which ring name does the wrestler who participated in a taser match with Bam Bam Bigelow, associate himself with in the World Wrestling Federation?",chunk_packed_160,ace_focused_160,0.2786628130244442,0.2632999393499184,0.2640248529975334,0.2865406934728306,0.6666666666666666,149,3,1.0,1.0,145,2,0.0,0.0,145,3,1.0,1.0
5a84b5975542991dd0999da3,In what ecclesiastical province is Stephen Conway currently part of?,ace_packed_160,ace_packed_160,0.27314561146324584,0.29127890438952275,0.30420738298607336,0.33869345413728935,0.42857142857142855,157,3,0.0,0.0,151,3,1.0,1.0,159,4,0.0,0.8571428571428571
5a8ba3ff55429971feec4744,Stokely Webster has paintings can be found at the official residence of whom?,chunk_packed_160,ace_focused_160,0.29805535173229536,0.3146202456570233,0.31299934908552907,0.27304402449807486,0.6666666666666666,159,3,0.0,0.0,158,4,0.0,0.0,145,3,0.0,0.0
5a8303c255429954d2e2ec01,The Plymouth fury produced from 1955 to 1989  was replaced by what for police and fleet applications?,ace_packed_160,chunk_packed_160,0.26878351881543033,0.2659395392579145,0.2834108547849743,0.38582758162390607,0.42857142857142855,145,3,0.0,0.0,153,4,0.0,0.0,145,4,0.0,0.0
5a7b374c5542995eb53be8cc,Which city was the man who is known for a science humor story based on the tongue-in-cheek combination of two adages born in?,chunk_packed_160,ace_packed_160,0.34342985487138383,0.43473931214169337,0.4052706017371924,0.34746834876197413,0.6666666666666666,156,5,0.0,0.0,144,4,0.0,0.0,147,5,0.0,0.0
5a7b63eb55429931da12ca7e,What city does Paul Clyne and David Soares have in common?,ace_packed_160,chunk_packed_160,0.23691458629506698,0.25023530061504395,0.2621218286693725,0.279210480925541,0.6666666666666666,147,4,0.0,0.0,155,4,0.0,0.0,158,4,0.0,0.0
5a90492655429933b8a204d8,Garth Richardson is the son of the producer who worked for which group that evolved from The Iveys?,chunk_packed_160,ace_packed_160,0.2484442862648661,0.26583193732424365,0.2648686101825163,0.27104806456138264,0.42857142857142855,160,4,0.0,0.25,152,4,1.0,1.0,157,4,1.0,1.0
5a8a502b5542996c9b8d5ea6,Who wrote the lyrics to the theme song that was used by the Western film series Range Busters?,chunk_packed_160,ace_focused_160,0.31485743367144714,0.31216172983884427,0.323755810540217,0.29003606132802096,0.42857142857142855,150,4,0.0,0.4,160,5,0.0,0.4,143,3,0.0,0.4
5ae5a4e5554299546bf82f01,"Which writer of ""Rewrite This Story"" are an American songwriting duo and composing team for musical theater, films, and television?",ace_packed_160,ace_packed_160,0.31318707728818035,0.32405666712194864,0.3025446096846804,0.41593606954638374,0.6666666666666666,151,4,0.0,0.7499999999999999,140,3,0.0,0.7499999999999999,148,4,0.0,0.7499999999999999
5a78e3b955429974737f78f1,"Who was born first, Javier Frana or Sherwood Stewart?",chunk_packed_160,ace_packed_160,0.30738029033455616,0.3056902327105562,0.2955965206266683,0.3084601232761597,0.6666666666666666,152,5,1.0,1.0,146,5,1.0,1.0,158,4,1.0,1.0
5a85cd295542997175ce202b,Who was the military commander of the last active ruler of the Ptolemaic Kingdom of Egypt?,ace_packed_160,ace_packed_160,0.29140716062908256,0.2979527210734808,0.30890557489377213,0.32220389566533314,1.0,160,4,0.0,0.0,152,3,0.0,0.0,154,3,0.0,0.0
5add6cf45542992ae4cec55f,What is the current occupation of the footballer replaced by Zdenek Zeman at the beginning of the 2012-13 A. S. Roma season?  ,chunk_packed_160,ace_packed_160,0.31236098895045084,0.3151585424547899,0.31921542473480924,0.3350696520714344,0.42857142857142855,159,3,0.0,0.0,139,3,0.0,0.0,143,2,0.0,0.0
5a86fde6554299211dda2b7f, Pramod Bhasin was the former CEO of a company that provided what kind of services?,chunk_packed_160,ace_packed_160,0.28014369849704157,0.2747750517651709,0.2904725710982405,0.2583782243669509,0.25,160,4,0.0,0.0,149,3,0.0,0.0,160,3,0.0,0.0
5a8198565542995ce29dcc13,Are Ranger Rick and Tennis both sports magazines?,ace_packed_160,ace_packed_160,0.2717061709078911,0.29199055746953734,0.29428346268169514,0.32932706226899366,0.42857142857142855,148,4,0.0,0.0,157,4,1.0,1.0,157,4,1.0,1.0
5a79332555429907847277e7,"Who died first, Bryce Courtenay or Juan Carlos Onetti?",ace_packed_160,chunk_packed_160,0.3090268766964888,0.3279273998391056,0.3075270960715103,0.37058291310826846,0.6666666666666666,126,4,1.0,1.0,145,5,1.0,1.0,145,5,1.0,1.0
5ac31602554299741d48a1bf,"Which of the actress starred in  Zombie Night appeared in the 1998 erotic thriller ""Wild Things""?",ace_packed_160,ace_packed_160,0.3112866606471944,0.2957718602353746,0.297523456953608,0.4563994489994415,1.0,159,4,0.0,0.0,150,3,1.0,1.0,159,4,0.0,0.0
5ae4a2e25542996836b02cee,"The county that the community of Milltown, Montana is part of was founded in which year?",ace_packed_160,chunk_packed_160,0.30757264551952684,0.30290294119084415,0.31031831152136713,0.36941885529091134,0.6666666666666666,154,4,1.0,1.0,150,5,0.0,0.0,155,4,1.0,1.0
5a8192045542995ce29dcc04,"Inserra Supermarkets is a supermarket chain that is a member of what cooperative that was founded in 1946 and based in Keasbey, New Jersey?",chunk_packed_160,ace_focused_160,0.33315668381769004,0.346851651965145,0.33542613659074394,0.33781545165443194,0.6666666666666666,160,4,1.0,1.0,160,3,1.0,1.0,156,4,1.0,1.0
5a817d8c55429903bc27b974,Jim Jeffcoat is currently an assistant football coach in a university that was founded how many month before Colorado was admitted to the Union ?,ace_packed_160,chunk_packed_160,0.30655215739378316,0.3128505671541113,0.3022638555971636,0.34441546584424876,0.25,144,3,0.0,0.0,151,4,0.0,0.0,157,4,0.0,0.0
5adf0ae45542992d7e9f9286,"Where was the film set in which the daughter of Shashi Kapoor, along side Sarat Pujari and Navni Parihar, set?",ace_packed_160,chunk_packed_160,0.27118582544666314,0.299417921441945,0.2783942495781856,0.3522512246807387,0.25,158,4,0.0,0.6666666666666666,158,3,0.0,0.6666666666666666,145,3,0.0,0.0
5a7309a15542992359bc320c,"Which writer of the song ""Money, Money, Money"" by pop group ABBA was born on 16 December 1946 ?",chunk_packed_160,chunk_packed_160,0.2783396212195991,0.2707290515632519,0.27454723901308065,0.2862805886061291,0.42857142857142855,151,3,1.0,1.0,151,4,1.0,1.0,157,5,1.0,1.0
5ac54f8d5542993e66e822f5,"When did the author of ""Computing Machinery and Intelligence"" die?",ace_focused_160,ace_packed_160,0.32191355485032713,0.3223673794516023,0.3428021938428613,0.37912207535910647,0.6666666666666666,160,4,0.0,0.5,154,3,1.0,1.0,136,4,0.0,0.5
5ae5cf625542996de7b71a22,What sports team included both of the brothers Case McCoy and Colt McCoy during different years?,chunk_packed_160,ace_focused_160,0.24856499886481215,0.2758224379409805,0.2681971247760789,0.26334123806831006,0.42857142857142855,154,3,0.0,0.0,160,5,0.0,0.6666666666666666,157,4,0.0,0.8571428571428571
5ae1d5a3554299234fd04319,"Which football player that topped the 10,000-yard career rushing mark has played for the New England Patriots?",ace_packed_160,ace_packed_160,0.26531762753071464,0.28031332372420725,0.26935076731782226,0.29915015729407446,0.42857142857142855,158,3,1.0,1.0,140,4,1.0,1.0,147,3,0.0,0.6666666666666666
5ab6390f5542995eadeeff7a,Where was the maker of Cougar bourbon whiskey headquartered before its acquisition by Anheuser-Busch InBev?,ace_packed_160,ace_packed_160,0.24635531105779998,0.25645400865607987,0.2559265488602319,0.28978088653254075,0.42857142857142855,155,3,0.0,0.0,160,4,0.0,0.6666666666666666,160,3,0.0,0.6666666666666666
5a7344e95542991f9a20c6ce,What song was number 4 on the charts when a song from FutureSex/LoveSounds was number 1?,chunk_packed_160,ace_focused_160,0.23379447518233934,0.24337025102190118,0.26333976506037104,0.23710234313929357,0.25,156,3,0.0,0.0,158,3,0.0,0.0,145,3,0.0,0.0
5ac2ed41554299218029db96,"Which genus has more species, Monstera or Cercis?",chunk_packed_160,ace_focused_160,0.22704177087977462,0.23271206076091644,0.22781333907160817,0.23855408977284215,0.6666666666666666,155,4,1.0,1.0,157,4,1.0,1.0,153,4,1.0,1.0
5ae0536755429924de1b70a6,"Are both genera Silphium and Heliotropium, genera of flowering plants ?",ace_packed_160,chunk_packed_160,0.25111192255671044,0.21911197344608896,0.2477587527075703,0.28894614817018205,0.42857142857142855,154,4,0.0,0.0,155,5,0.0,0.0,155,5,0.0,0.0
5aba7cb455429901930fa7eb,What honor has been received by both a former NASA Astronaut and the Founder of FlightSafety International?,chunk_packed_160,chunk_packed_160,0.20542420187526053,0.22466012224880494,0.22493499418664578,0.234312032692819,0.42857142857142855,141,3,0.0,0.6666666666666665,158,4,0.0,0.25,151,4,0.0,0.25
5ac083b0554299294b21900d,What kind of beverage does Planter's Punch and Black Velvet have in common?,chunk_packed_160,chunk_packed_160,0.2916495176820945,0.31407142198767524,0.317712996679622,0.2871427914700412,0.42857142857142855,140,4,0.0,0.0,158,5,0.0,0.0,146,5,0.0,0.0
5a7d1bf65542995ed0d165f0,What year was the midfielder who shot the winning goal in the 2009 DFB-Pokal Final born?,ace_packed_160,ace_packed_160,0.2772918350858823,0.30133264429047213,0.3017607014784034,0.32219185004626416,0.42857142857142855,153,5,1.0,1.0,145,4,1.0,1.0,158,4,1.0,1.0
5a81a2705542990a1d231e30,"Which is farther north, Wynantskill, New York or Hannaford Brothers Company?",ace_packed_160,ace_packed_160,0.28172669135330064,0.2765365890454903,0.28087781947349,0.3563989382104409,0.6666666666666666,145,3,0.0,0.0,156,3,0.0,0.5,159,3,0.0,0.5
5a82626655429966c78a6a08,"Who has been a member of more music bands, Ian MacKaye or Brody Dalle?",chunk_packed_160,chunk_packed_160,0.22817975032351695,0.23189533537504683,0.2366898603192763,0.2512417719697632,1.0,157,3,0.0,0.6666666666666666,160,3,0.0,0.6666666666666666,158,3,0.0,0.6666666666666666
5a88a23f5542997e5c09a652,"Which director, Chris O'Dea or Lucky McKee,  is a Master of Fine Arts graduate of the UCLA School of Theater, Film and Television?",ace_packed_160,chunk_packed_160,0.3666668950784226,0.36325369720108674,0.40863854024707535,0.46766854343476083,0.42857142857142855,138,3,0.0,0.0,157,4,0.0,0.0,156,4,0.0,0.0
5ae518ae5542993aec5ec13c,Were the documentaries  One Big Hapa Family and A Film Unfinished directed by the same person?,chunk_packed_160,chunk_packed_160,0.35120363209277583,0.36377523991491423,0.3662726786817617,0.3688985025953061,0.42857142857142855,157,4,0.0,0.0,158,4,0.0,0.0,158,3,0.0,0.0
5a8d227a554299585d9e37b1, What annual event occurs on a property co-founded by an American who was the best-selling recording artist of the 20th century?,chunk_packed_160,ace_focused_160,0.24729782610898055,0.23790078727705208,0.2546163189307855,0.23578054963164471,0.1111111111111111,157,4,0.0,0.0,156,3,0.0,0.0,151,3,0.0,0.0
5ae5dae2554299546bf82fa4,"Faruk Halibegovic was born in what city that is the capital and largest city of Bosnia and Herzegovina with a population of 275,524?",ace_packed_160,ace_packed_160,0.3350339152377865,0.3098666542247559,0.34659225495520496,0.4267363291378693,0.6666666666666666,136,3,1.0,1.0,130,3,1.0,1.0,130,3,1.0,1.0
5ac0e0c75542997d64295a6e,Reggaetón Lento is a song by the boy band formed on which date?,ace_packed_160,ace_focused_160,0.27827356189222874,0.32955158551464436,0.28335873656771243,0.4349704353777497,0.42857142857142855,157,3,1.0,1.0,153,4,0.0,0.0,150,2,1.0,1.0
5a8268aa55429940e5e1a8aa,Hugo Rodríguez Romero is a Spanish footballer who plays for a team in the autonomous community of what?,chunk_packed_160,ace_focused_160,0.38593693603663315,0.4070325909087388,0.39977132539149596,0.38643245212321614,0.42857142857142855,139,4,0.0,0.0,159,4,0.0,0.0,142,5,1.0,1.0
5a79c1095542996c55b2dc62,"Who died first, Chester Erskine or Sam Taylor?",ace_packed_160,chunk_packed_160,0.2722477817365423,0.2587795679504889,0.2763594059530662,0.33814566206435387,0.42857142857142855,155,5,1.0,1.0,155,5,1.0,1.0,155,5,1.0,1.0
5ae18d615542997283cd2229,To what sport does the Atomweight class belong?,chunk_packed_160,ace_focused_160,0.2557105734326122,0.25246011508941335,0.24699568578491565,0.26259524346902946,0.25,135,3,0.0,0.0,116,5,0.0,0.0,134,5,1.0,1.0
5ae0156455429942ec259c15,What is the name of the fashion label that the founder of the Faena Arts Center founded in 1985?,ace_packed_160,ace_focused_160,0.2874051165956061,0.3047428761455453,0.2997145158849747,0.3253388132938382,0.6666666666666666,158,3,0.0,0.0,147,3,0.0,0.0,145,3,1.0,1.0
5a876f785542993e715abf42,"Which person, William Blake Herron or John Carpenter, held more diverse roles in the movie industry?",chunk_packed_160,ace_packed_160,0.25510538347209266,0.26352168181821345,0.2664342986152113,0.2826960922178905,0.42857142857142855,147,4,0.0,0.0,130,4,0.0,0.0,130,4,0.0,0.0
5ae25d2b554299495565da46,"Who has more singles titles, Brian Gottfried or Peter Fleming?",chunk_packed_160,chunk_packed_160,0.30204767816078326,0.3266938543099282,0.31557967896267347,0.3055252281428882,0.6666666666666666,143,4,0.0,0.0,145,5,0.0,0.0,149,4,0.0,0.0
5a9068f85542990a98493623,What was the nickname of the 76er who was drafted 3rd in the 2014 draft? ,ace_packed_160,chunk_packed_160,0.21726580769032622,0.22070421464626044,0.2267774583277301,0.29076314288235455,0.42857142857142855,154,2,1.0,1.0,157,3,1.0,1.0,160,4,1.0,1.0
5a772c395542993735360207,What else was Baghdad known as during the Abbasid Caliphate?,ace_packed_160,chunk_packed_160,0.21061910093840774,0.2360148673121985,0.21428010050665905,0.2658315349181951,1.0,143,2,0.0,0.0,159,3,0.0,0.0,154,3,0.0,0.0
5a80522b5542996402f6a4c1,What population ranking is the Oklahoma city located south of a wilderness area spanning over 5000 acres?,chunk_packed_160,ace_packed_160,0.2608307819260793,0.26944491138902193,0.2762288601576153,0.28960605449904553,0.6666666666666666,155,3,0.0,0.0,151,4,0.0,0.0,152,3,0.0,0.0
5add60905542995b365fab1d,What do Victor Salva and Emilio Fernández have in common?,ace_packed_160,chunk_packed_160,0.2723570919256682,0.2951206378737422,0.29818925017340164,0.3063530961809582,0.6666666666666666,141,2,0.0,0.0,144,4,0.0,0.0,160,4,0.0,0.0
5a75092b55429916b0164242,What third film in a franchise did Camile Delamarre edit?,chunk_packed_160,chunk_packed_160,0.2299037204989885,0.21486187368022103,0.21567178588701252,0.2168793316382882,0.1111111111111111,158,3,1.0,1.0,146,3,0.0,0.0,155,3,0.0,0.0
5adf8ade5542993344016ce8,"Dutch-born American businessman, Harry Koch, fathered a son born in 1900 that founded which oil refinery firm?",chunk_packed_160,ace_packed_160,0.3087925926039258,0.30583699390173535,0.30119810677659703,0.32498485392744514,0.42857142857142855,157,4,1.0,1.0,151,3,1.0,1.0,151,3,1.0,1.0
5ae25e835542992decbdccd1,"A British sports, health and leisure business hosted the World Games on what dates?",chunk_packed_160,chunk_packed_160,0.32567373636688657,0.3799776987448575,0.3588690860109288,0.32290612625770154,0.6666666666666666,159,3,0.0,0.4000000000000001,145,4,0.0,0.0,159,3,0.0,0.4000000000000001
5a8013e45542995d8a8ddf41,"Cowie Castle at Stonehaven, and Allardice Castle near Inverbervie, are part of a coastal chain of castles in Scotland overlooking which sea?",ace_packed_160,chunk_packed_160,0.27544466205652934,0.3151078996964506,0.300534069326325,0.31584024006049294,1.0,141,3,1.0,1.0,156,5,1.0,1.0,146,5,1.0,1.0
5a871a5e5542996432c5721e,"What character did James Byron Dean play in his final lead role, which earned him his second Academy Award?",chunk_packed_160,ace_focused_160,0.2599659595802978,0.21965830049150648,0.2386907587133211,0.28962349088629474,0.6666666666666666,152,3,0.0,0.0,130,2,0.0,0.0,116,3,0.0,0.0
5ae0c9dd5542993d6555ec69,Are Rob Parissi and Robert Pollard both musicians,ace_packed_160,chunk_packed_160,0.26354350383238256,0.2711845266363718,0.2706897331632906,0.3308414203582519,0.6666666666666666,136,3,0.0,0.0,147,4,0.0,0.0,159,4,0.0,0.0
5abd8c295542992ac4f382ab, The Minnesota State High School Mathematics League was founded by a professor at a private coeducational liberal arts college founded in what year? ,chunk_packed_160,ace_packed_160,0.38573885731666635,0.41294133721521487,0.4001265676094896,0.3806056449256974,1.0,152,4,0.0,0.0,155,4,1.0,1.0,157,4,1.0,1.0
5a8b8b3a5542995d1e6f13e5,What is the relationship between the singers on the album Tales of Old Grand Daddy?,ace_packed_160,ace_focused_160,0.3643890383636343,0.3801815977285942,0.38188738318753634,0.40688254901116805,0.6666666666666666,149,4,0.0,0.0,149,4,0.0,0.0,146,4,0.0,0.0
5ae6363b55429929b0807af0,When was the defending titlist of 2009–10 Biathlon World Cup – Pursuit Men born? ,chunk_packed_160,ace_packed_160,0.4388150343610394,0.440065154139506,0.44241527054599716,0.4229320400862451,0.6666666666666666,133,4,0.0,0.0,130,4,0.0,0.0,131,4,0.0,0.0
5ac0b8395542996f0d89cc21,"In which European language is ""Olympischerer"" an adjective?",chunk_packed_160,ace_packed_160,0.2383146072791582,0.29365078389746285,0.2772482684385892,0.18971708269982143,0.4,158,3,0.0,0.0,150,2,1.0,1.0,150,2,1.0,1.0
5adf3e835542993a75d26442,Which comic series involves characters such as Nick Fury and Baron von Strucker?,chunk_packed_160,chunk_packed_160,0.27796823568412266,0.32134692480923843,0.2941897663787105,0.28762811475786354,1.0,158,3,0.0,0.0,158,3,0.0,0.0,158,3,0.0,0.0
5a731a635542994cef4bc458,What series has Smith worked on that is based on a novel by Margaret Atwood?,chunk_packed_160,ace_packed_160,0.26814760223331857,0.25672189011315694,0.2521057297393081,0.29183324846132996,0.6666666666666666,160,3,0.0,0.0,154,4,1.0,1.0,154,4,1.0,1.0
5adcc90c5542990d50227d1b,Who was an important leader of the Democratic-Republican Party?,ace_packed_160,ace_packed_160,0.3128718214061499,0.32004858636183475,0.30301125030252485,0.4106178062814638,0.42857142857142855,160,3,1.0,1.0,156,3,1.0,1.0,156,3,1.0,1.0
5ae402085542995dadf242ca,W41AP is a station owned by the daily newspaper serving what nearby city in Erie County?,chunk_packed_160,ace_packed_160,0.3126798082417599,0.3137416345751126,0.3054110860032746,0.3096113857055419,1.0,156,4,0.0,0.0,153,4,0.0,0.0,158,5,0.0,0.0
5a81d19b55429926c1cdad90,"Tryon D. Lewis is a lawyer from Odessa, Texas which is located in what county?",ace_packed_160,ace_focused_160,0.3144171911079886,0.29654601163095007,0.30969306235647165,0.3851197194007844,0.6666666666666666,159,3,0.0,0.6666666666666666,147,5,0.0,0.6666666666666666,141,4,0.0,0.6666666666666666
5a77174f55429966f1a36c4c,Simone de Beauvoir partnered with the person whose journal would be called what?,ace_packed_160,ace_focused_160,0.2554688070012131,0.2550102226123923,0.25990598612533666,0.3002944273211625,0.6666666666666666,153,4,0.0,0.0,154,3,0.0,0.0,152,3,0.0,0.0
5a79395455429970f5fffe7d,"What was the name of the lead character in the 1960s sitcom ""Get Smart"", which also featured an American actress born in 1933?",chunk_packed_160,chunk_packed_160,0.3230681003844431,0.36277168181290226,0.33831560058255367,0.2882837169190128,0.42857142857142855,151,4,0.0,0.0,154,4,0.0,0.0,151,3,0.0,0.0
5a886886554299206df2b258,"What is the international football competition for women that Liu Ailing played in the 1991,1995, 1999 editions?",ace_packed_160,chunk_packed_160,0.3040167846098719,0.34749318372211724,0.3285904191140968,0.34271110069169775,0.42857142857142855,147,3,0.0,0.28571428571428575,160,4,0.0,0.0,142,3,0.0,0.0
5adfb10855429942ec259af9,Raiffeisen Zentralbank is the central institution of one a group of co-operative banks in Austria. What is the name of the other group?,chunk_packed_160,ace_focused_160,0.32055685586112737,0.3216652227545761,0.317152854311227,0.34963622159761143,1.0,160,4,1.0,1.0,144,4,1.0,1.0,139,4,1.0,1.0
5ae0d7315542990adbacf678,Which avant-garde Japanese composer studied with John Cage and wrote Music for Electric Metronomes?,chunk_packed_160,chunk_packed_160,0.3830108713709408,0.4227222529496254,0.3911515235195716,0.3513218665793517,1.0,151,4,1.0,1.0,151,4,1.0,1.0,151,4,1.0,1.0
5a790f5e55429970f5fffe40,What date did the movement Hans Knirsch was an activist for officially gain traction?,chunk_packed_160,ace_packed_160,0.2701816373207593,0.2666020371033332,0.2969667385435284,0.28608264585598897,0.6666666666666666,160,3,0.0,0.0,156,3,1.0,1.0,159,3,0.0,0.0
5ae1b2b9554299422ee99684,Who did President Franklin Roosevelt appoint that was responsible to transmit votes of the Electoral College to Congress?,ace_packed_160,ace_focused_160,0.21043719389037585,0.24036270844442367,0.21328569818488619,0.3198604189380728,0.25,160,2,0.0,0.0,159,5,0.0,0.0,158,5,0.0,0.0
5a792ad055429907847277d1,What 4-D film attraction at Walt Disney World is based off a 2004 computer-animated Christmas movie? ,ace_packed_160,chunk_packed_160,0.25045071928103,0.23793784295943926,0.23928955702518157,0.3066671297062241,0.42857142857142855,141,3,0.0,0.3333333333333333,148,3,0.0,0.3333333333333333,148,3,0.0,0.3333333333333333
5a8ce851554299441c6b9f6c,"The actor that plays Phileas Fogg in ""Around the World in 80 Days"", co-starred with Gary Cooper in a 1939 Goldwyn Productions film based on a novel by what author?",ace_packed_160,ace_focused_160,0.29027342382843146,0.2869526615665846,0.2860380099252019,0.3397458432440751,0.6666666666666666,147,2,0.0,0.0,152,3,0.0,0.0,144,3,0.0,0.0
5add67915542992200553af8,What was the nickname of the hitman hired by an Italian American Criminal Organization?,ace_packed_160,ace_focused_160,0.2037327932285377,0.24524238116992464,0.24699026670674218,0.26838188808280283,0.6666666666666666,152,3,0.0,0.0,157,3,0.0,0.0,151,3,0.0,0.0
5ab90fdd55429916710eb0fc,Wheelock Whitney is just one member of the Whitney Family. Where did this American family originate from?,chunk_packed_160,ace_focused_160,0.3345516571379524,0.35222442668629916,0.3511492751319649,0.32666423903423036,0.6666666666666666,151,5,1.0,1.0,151,5,1.0,1.0,131,5,1.0,1.0
5ae55b8255429908b63265ef,What chef is the owner of a Japanese restaurant in the Tribeca neighborhood and also owns two Bar Masas in New York and Nevada?,ace_packed_160,ace_focused_160,0.3231488367069568,0.3299477825993561,0.3243415623449506,0.3813240029245917,0.42857142857142855,156,3,1.0,1.0,157,3,1.0,1.0,151,3,1.0,1.0
5ac213805542992f1f2b37e7,"When did the animated series Kent Scott wrote end after beginning in September of 2002 on ""Nick on CBS""?",ace_packed_160,ace_packed_160,0.23610789794557022,0.2630871114568263,0.25168909907271475,0.29659195663057303,0.42857142857142855,148,4,0.0,0.0,150,4,1.0,1.0,160,4,0.0,0.6666666666666666
5adce88b5542992c1e3a249a,"How long did the state exist whose army ransacked and looted the city, Halebidu, twice in the 14th century ?",ace_packed_160,ace_focused_160,0.23876694043570618,0.25588501691024745,0.24968150356964747,0.2869609284858079,1.0,152,3,0.0,0.0,160,3,0.0,0.5,140,3,0.0,0.5
5ac403c45542997ea680c9b5,Where does Tiko's Spanish football club hold home games at?,chunk_packed_160,chunk_packed_160,0.22533566298910232,0.24674695302004823,0.2484137446831262,0.23366010475385415,0.42857142857142855,137,3,0.0,0.0,160,4,0.0,0.0,159,4,0.0,0.0
5adcd2435542992c1e3a241b,"Which eight-time Academy Award nominee was Tennessee Williams's choice to play a leading role in his play ""Clothes for a Summer Hotel""?",ace_packed_160,ace_focused_160,0.29002500888977334,0.32432333359303567,0.3127758363344969,0.3451619546420066,0.25,152,3,0.0,0.8,139,3,0.0,0.0,143,2,1.0,1.0
5a8078d85542995d8a8ddf78,Which of the following rock bands is from Chicago: Kill Hannah or Louis XIV?,chunk_packed_160,ace_packed_160,0.36553781536654995,0.4018174677990227,0.3754440514158476,0.3652243036844096,1.0,156,3,1.0,1.0,153,4,1.0,1.0,155,4,1.0,1.0
5a85dfcc5542994775f60673,"What South Korean actor was a member of the pop duo TVXQ and stared in Heading to the Ground, a 2009 MBC television series?",chunk_packed_160,chunk_packed_160,0.3240969726304407,0.30665694685371747,0.31832320365219613,0.3508793475089168,0.42857142857142855,147,3,0.0,0.6666666666666666,147,3,0.0,0.6666666666666666,147,3,0.0,0.0
5abd1b6e55429933744ab729,"Which of the following cities is a county-level city, Jingzhou or Zixing?",chunk_packed_160,chunk_packed_160,0.3502548392350574,0.35080107035894803,0.36077515488329814,0.3385815340445303,0.6666666666666666,140,4,1.0,1.0,141,4,1.0,1.0,141,4,0.0,0.0
5ae33a3b5542992f92d8224a,Viking: The Ultimate Obstacle Course was a game show that aired in Europe with the British presenter who was an Olympic participant in what sport?,ace_packed_160,chunk_packed_160,0.2859076560326133,0.30056848652767076,0.3007899229965999,0.34075165710365807,0.25,142,3,0.0,0.0,160,3,0.0,0.0,160,3,0.0,0.0
5a899bf955429946c8d6e959,When was the New Orleans Pelicans player featured on the NBA 2K16 cover first drafted?,ace_packed_160,ace_packed_160,0.2570388883070424,0.2524821831385222,0.25668026324226273,0.34427657602978223,0.42857142857142855,146,3,1.0,1.0,140,4,1.0,1.0,160,5,0.0,0.0
5a78bd515542990784727749,The show featuring a young boy named Gerald Bald Z premiered on what TV channel? ,ace_packed_160,ace_focused_160,0.2765339657798439,0.33059050403256685,0.3079237993744668,0.33184569811322506,0.25,156,4,1.0,1.0,151,3,1.0,1.0,141,3,1.0,1.0
5a8f155e554299458435d54c,The Kellock-Taschereau Commission was appointed by a prime minister who served how long in office?,chunk_packed_160,ace_focused_160,0.30278956928647754,0.32155430586930245,0.3328850158851877,0.30488967515380777,0.42857142857142855,156,3,0.0,0.0,135,2,0.0,0.0,122,2,0.0,0.0
5a7bd25a554299294a54ab13,"Which director lived longer, Lowell Sherman or Jonathan Kaplan?",ace_packed_160,ace_focused_160,0.23517304078714693,0.25770900485682885,0.2510823188457642,0.30655472776000686,0.42857142857142855,157,3,0.0,0.0,160,5,0.0,0.0,160,4,1.0,1.0
5ac458f8554299204fd21f2a,What is the relationship of Yeshahework Yilma's mother to the man who was Ethiopia's emperor from 1930 to 1974? ,chunk_packed_160,chunk_packed_160,0.27385909545958564,0.25708894216452366,0.2682944894310656,0.2989413341177467,1.0,158,3,1.0,1.0,160,3,1.0,1.0,160,3,1.0,1.0
5a801f215542992bc0c4a6b2,the first woman to be the chef de mission of an Australian Olympic team won gold medal in which winter Olympics ?,chunk_packed_160,chunk_packed_160,0.35387969879390574,0.35237123598135345,0.36935823769691845,0.36644477514025897,0.42857142857142855,138,3,0.0,0.5,139,3,0.0,0.0,152,3,0.0,0.0
5a8b91d25542995d1e6f13fc,What occupation have Carly Gullickson and Francesca Schiavone both held?,chunk_packed_160,chunk_packed_160,0.26457983549247627,0.2054335959433321,0.26780008651932585,0.29410522850076726,0.25,141,5,0.0,0.8,144,4,0.0,0.8,149,4,0.0,0.8
5a863ff0554299211dda2ac6,Are both Bird Talk and Decibel monthly magazines about birds?,ace_packed_160,ace_focused_160,0.26737413100992785,0.2615507012920123,0.27808082361797193,0.29766413045117524,0.42857142857142855,151,4,0.0,0.0,158,5,1.0,1.0,151,4,1.0,1.0
5a80abec5542996402f6a5e1,Grafton and Carroll counties as well as the Pratt Family Camps border what lake in New Hampshire?,ace_packed_160,chunk_packed_160,0.29729464360882807,0.30264680831755886,0.3009388569066494,0.33043039519293227,0.6666666666666666,148,3,1.0,1.0,158,4,1.0,1.0,158,4,1.0,1.0
5a734acf5542991f9a20c6ec,"Which singer is younger, Shirley Manson or Jim Kerr?",ace_packed_160,ace_packed_160,0.24981366284276796,0.25328402744492146,0.2534919848573465,0.31154074180615,0.6666666666666666,159,3,0.0,0.0,160,5,0.0,0.8,157,4,0.0,0.0
5a7647b85542992d0ec0608a,What street was the adult entertainment district of the Liberty Tree District centered on?,ace_packed_160,chunk_packed_160,0.31996261520655717,0.3058275595144886,0.3171711852816148,0.37373194436385027,0.42857142857142855,147,3,1.0,1.0,147,3,1.0,1.0,145,3,0.0,0.6666666666666666
5abc8d00554299700f9d78fd,Matthew Butturini was born in a town on the Tweed River how many km north-east of Sydney?,ace_packed_160,ace_focused_160,0.284786307284133,0.30464897035828514,0.3066320511453057,0.3400187610614687,1.0,160,3,1.0,1.0,154,4,1.0,1.0,153,4,1.0,1.0
5a8089dc5542992bc0c4a765,The current coach of the Los Angeles Clippers was signed as a free agent to the San Antonio Spurs during what season?,ace_packed_160,ace_packed_160,0.27751123474343364,0.2686148707603554,0.2736365286434064,0.38690222231768745,0.42857142857142855,151,2,0.0,0.0,148,3,0.0,0.0,152,4,0.0,0.0
5a8ab6be5542992d82986f5f,"In which city was this band formed, whose rhythm guitarist featured in ""Cupid's Chokehold?""",ace_packed_160,chunk_packed_160,0.2617887166270559,0.2152472362906372,0.21564274426608476,0.33790251966802437,0.42857142857142855,148,3,0.0,0.0,155,4,0.0,0.0,148,3,0.0,0.0
5a72429355429971e9dc9375,What machine has the same name as another machine created by Ludwig Boltzmann?,ace_packed_160,ace_focused_160,0.26190317886538933,0.2588305138757846,0.25456983544191936,0.2955200625429131,0.42857142857142855,160,5,1.0,1.0,145,4,1.0,1.0,140,4,1.0,1.0
5ac4f2e755429924173fb503,Chiang Chungcheng was involved involved in what battle in 1942?,ace_packed_160,ace_focused_160,0.2826614131669124,0.2858382718626217,0.2886562500210804,0.31672788599984675,0.25,149,3,0.0,0.6666666666666666,154,4,1.0,1.0,152,3,1.0,1.0
5ab6ecd85542991d322236cf,The Carnaval del Pueblo is Eurpoe's largest celebration of what expression of the people of Latin America?,chunk_packed_160,chunk_packed_160,0.38923665371024857,0.4264946512976787,0.41426604158161784,0.3870568704888854,0.6666666666666666,139,3,1.0,1.0,149,3,1.0,1.0,160,3,0.0,0.5
5adf85e05542993344016cba,What football league did John Moncur belong to during his time at Ipswich Town F.C.?,ace_packed_160,chunk_packed_160,0.2804268366547078,0.30830542377567577,0.30930297308182164,0.3285513510307145,0.6666666666666666,146,3,1.0,1.0,152,4,0.0,0.0,158,3,0.0,0.0
5a7455eb55429979e2882908,"Which Avalanche happened first, Rigopiano avalanche or 1999 Galtür avalanche ?",ace_packed_160,chunk_packed_160,0.33091650942662454,0.3471208412265896,0.33482980814539687,0.37138359655369585,0.6666666666666666,132,4,0.0,0.4,152,5,0.0,0.4,152,5,0.0,0.4
5ac385f8554299741d48a279,The memorial commemorating a 1941 Japanese surprise attack was designed by whom?,ace_packed_160,ace_focused_160,0.22255424158723264,0.24277718347986516,0.2449714366897413,0.2747630739491637,0.42857142857142855,144,3,0.0,0.0,158,3,0.0,0.0,136,2,0.0,0.0
5ac0a18a5542992a796ded41,"What genre did the writer whose novel was based on ""I'll Take Manhattan"" writes?",ace_packed_160,ace_focused_160,0.2646045210025455,0.29167786284254166,0.31094592884334327,0.31870865288371814,0.1111111111111111,157,3,0.0,0.0,146,3,0.0,0.0,143,4,0.0,0.0
5ae3606b5542991a06ce99a8,"Philip Carlo, the author of the biography of the mob assasin Richard Kuklinsk, died of which diease?i, ",ace_packed_160,ace_packed_160,0.23272058333671328,0.23796842431775408,0.2468617927007007,0.26581066671510517,0.6666666666666666,152,3,0.0,0.0,149,3,0.0,0.0,155,2,0.0,0.0
5a71231a5542994082a3e5c4,"What edible, juicy fruit is grown on a deciduous tree called 'pesco' in Italian?",ace_packed_160,chunk_packed_160,0.26574164613895956,0.25107953347777223,0.2520206576774979,0.2976230571253645,0.42857142857142855,155,4,1.0,1.0,159,4,1.0,1.0,160,4,0.0,0.0
5a7d19d85542995ed0d165e8,The Tennessee Volunteers football team plays as a member for a conference in what city?,ace_packed_160,ace_packed_160,0.2791444897202171,0.3055219387367347,0.3012165223212047,0.3491564764491988,0.25,155,3,0.0,0.0,155,4,0.0,0.6666666666666666,151,4,0.0,0.0
5ae791245542997b22f6a7a3,Nikhil Nanda is the son of the insurance advisor in what business?,ace_packed_160,ace_focused_160,0.24836819744772437,0.2676366184000767,0.2451775528121805,0.32006934560146194,0.42857142857142855,160,3,0.0,0.0,134,3,0.0,0.0,143,3,1.0,1.0
5a7d2afb554299452d57bb41,The Story of Them Featuring Van Morrison is a compilation album recorded by what Northern Irish band formed in Belfast in April 1964?,chunk_packed_160,chunk_packed_160,0.4216620438182479,0.4367544397069787,0.42962701604513076,0.4306700985241656,0.6666666666666666,146,4,1.0,1.0,158,4,1.0,1.0,158,4,1.0,1.0
5abcfa6f5542993a06baf9c7,Both Hatter and March Hare are characters in which book?,ace_packed_160,ace_packed_160,0.2788642764341861,0.290973308532665,0.29675532508639046,0.31573818924356145,0.6666666666666666,153,4,1.0,1.0,145,3,1.0,1.0,150,3,1.0,1.0
5a7c00a55542996dd594b87e,"San Jose Secondary Educational Center, is located on the cost of what sea? ",ace_packed_160,chunk_packed_160,0.33619077775764783,0.3390574691407207,0.32317777372107054,0.39975343103703875,0.6666666666666666,155,3,0.0,0.0,158,3,0.0,0.0,157,3,0.0,0.0
5ae64ba755429929b0807b25,What team that is a member of the America East Conference played in the championship game in 2009?,ace_packed_160,ace_focused_160,0.2833519707726523,0.3150545023389896,0.2889971697905972,0.369741444734593,0.42857142857142855,140,2,0.0,0.0,159,3,0.0,0.7499999999999999,143,3,0.0,0.7499999999999999
5adfc11e55429942ec259b3a,"Which of the role of Cindy Robinson was an anime adaptation of the ""Blue Dragon"" video game series?",chunk_packed_160,chunk_packed_160,0.47492341427865437,0.4780989387747192,0.47573064606794935,0.47106751079234754,1.0,131,3,0.0,0.0,134,3,0.0,0.0,134,3,0.0,0.0
5ab596d95542992aa134a371,WHere are both Sanming and Jiutai District located?,ace_packed_160,chunk_packed_160,0.24861581821389508,0.27125155850166344,0.27457224789345314,0.28552651923507644,0.6666666666666666,152,3,0.0,0.0,158,4,0.0,0.0,156,4,0.0,0.0
5ae206c45542994d89d5b311,"Through which Tv series, one of the stars of Whats up korean film Kim Ji-won gained attention?",chunk_packed_160,ace_packed_160,0.29849027094464275,0.34605706517191176,0.3303863395652147,0.28757615848092005,1.0,136,3,0.0,0.0,134,3,0.0,0.0,160,4,0.0,0.0
5ae544d75542990ba0bbb249, Arena Essex Raceway is built alongside an out-of-town shopping centre constructed on the site of a former what?,chunk_packed_160,ace_packed_160,0.35183289591457223,0.3521313862956409,0.35614350062402356,0.3054926227884197,0.6666666666666666,158,4,1.0,1.0,148,4,1.0,1.0,148,4,1.0,1.0
5abbb116554299642a094b1d,Which university - the University of Rochester or the University of Colorado - is located further east?,ace_packed_160,chunk_packed_160,0.31801723492332556,0.315291289792577,0.31528344500234384,0.3601332461650898,0.6666666666666666,141,3,1.0,1.0,155,3,1.0,1.0,145,3,0.0,0.6666666666666666
5a7759fc5542993569682d60,Where are Teide National Park and Garajonay National Park located?,ace_packed_160,chunk_packed_160,0.34209424452221293,0.34951697813258087,0.346462862760582,0.416540668538547,0.42857142857142855,154,4,0.0,0.6,151,4,0.0,0.0,156,4,0.0,0.0
5a7b89a3554299294a54a9e3,A Big Daddy is a fictional character in a series that has sold more than how many copies? ,ace_packed_160,ace_focused_160,0.22316794364632953,0.23147870845700277,0.23387845620211756,0.3525009330758132,0.25,159,4,0.0,0.0,143,3,0.0,0.0,144,4,0.0,0.4
5a8a09ff5542992d82986e6b,When did the husband of William Roper bornj who was also the father of  Margaret Roper?,chunk_packed_160,ace_packed_160,0.2924716831643799,0.2858575108933407,0.28969857219379147,0.31291499387617805,1.0,156,4,0.0,0.0,150,4,0.0,0.0,160,5,0.0,0.0
5ade747555429939a52fe8c5,What is the character of fictional character Claire Fraser in a British-American television drama series developed by Ronald D. Moore ?,ace_packed_160,ace_focused_160,0.2907955091736232,0.2901525895290383,0.2902118096854166,0.38630301297351044,1.0,149,3,0.0,0.0,142,4,0.0,0.0,149,4,0.0,0.8333333333333333
5ab808b85542991d3222380d,Umi-a-Liloa inherited authority of a kind which is a belief in what?,ace_packed_160,ace_focused_160,0.282831945138778,0.31859946390958727,0.32298789574940134,0.32408703800939076,0.25,142,3,0.0,0.4,152,3,0.0,0.4444444444444444,151,3,0.0,0.4444444444444444
5ae5be475542990ba0bbb2c6,Which ground force of the Austro-Hungarian Dual Monarchy did Jan Romer joined ,ace_packed_160,ace_focused_160,0.2733256699062103,0.2867471203920287,0.2862798083766675,0.3144280014441182,0.6666666666666666,157,3,1.0,1.0,157,3,1.0,1.0,153,3,1.0,1.0
5a88ba465542993e715ac089,"Jessica Ashley has recorded her own songs and has also written songs for which singer known for her song ""Leave (Get Out)""?",chunk_packed_160,ace_focused_160,0.2640106970816548,0.2799172701873964,0.2760554527167273,0.2707305859280565,0.25,160,3,0.0,0.0,152,3,0.0,0.0,132,3,0.0,0.0
5ab2c6d955429916697740c3,Are Maki Nomiya and Conrad Lant both considered musicians?,ace_packed_160,ace_packed_160,0.2715710715396434,0.25833272528738577,0.2738387512723016,0.3086642291299435,0.6666666666666666,147,4,0.0,0.0,140,4,0.0,0.0,142,4,0.0,0.0
5a7c762d55429935c91b51c7,Mike Welch attended high school that serves how many students ?,ace_packed_160,chunk_packed_160,0.23025084879318014,0.26261834331096695,0.23947138174186955,0.28968354946056374,0.6666666666666666,139,3,0.0,0.0,142,3,0.0,0.0,156,4,0.0,0.0
5ac325495542995ef918c12e,Which region of Ghana was the city where Akrofuom is located? ,ace_packed_160,ace_packed_160,0.3198905278630412,0.3318295193728822,0.33051252772285455,0.39847331381446016,1.0,147,3,0.0,0.6666666666666666,135,4,0.0,0.6666666666666666,156,4,0.0,0.6666666666666666
5a8a833855429970aeb702fe,How many rooms are in the hotel that is home to the Cirque du Soleil show Mystere?,ace_packed_160,ace_focused_160,0.2723583886377775,0.2706416873160428,0.2648438185776163,0.3306458138576175,0.6666666666666666,154,3,0.0,0.0,155,3,0.0,0.0,138,3,0.0,0.0
5a8c7057554299653c1aa066,Both the 2010–11 UEFA Champions League knockout phase  and 011 UEFA Champions League Final were held at what London stadium?,ace_packed_160,chunk_packed_160,0.3886229508492386,0.38492099738981234,0.391554864601633,0.4408900977701985,0.6666666666666666,144,3,0.0,0.6666666666666666,152,3,0.0,0.6666666666666666,147,3,0.0,0.6666666666666666
5ae733dc5542991e8301cbd1,"This English indie pop band formed in 2005 consisting of Oliver Sims, and also inspired My Wicked Heart is from what city?",ace_packed_160,chunk_packed_160,0.26998121003078734,0.28315269467224147,0.2814135362681881,0.31658494453858604,0.42857142857142855,130,2,0.0,0.6666666666666666,137,3,0.0,0.6666666666666666,137,3,0.0,0.6666666666666666
5a86ec9f55429960ec39b6d7,Does Erodium or Cymbidium include more species?,chunk_packed_160,ace_packed_160,0.25046589365501526,0.24237191646881773,0.24789381595250415,0.2581646130280502,0.6666666666666666,156,5,1.0,1.0,141,5,1.0,1.0,151,4,1.0,1.0
5ac3a0b25542993915413838,"Which of Mabel Keyes Babcock's distant relatives wrote ""Of Plymouth Plantation"" and served as Governor of the Plymouth Colony? ",chunk_packed_160,chunk_packed_160,0.2939772296899217,0.3147178965339211,0.31818502687177175,0.3123894965767072,0.42857142857142855,157,3,1.0,1.0,159,3,1.0,1.0,159,4,1.0,1.0
5adfd30c55429906c02daa53,"What movie studio produced The Benchwarmers, which starred Rob Schneider and Napoleon Dynamites lead actor, Jon Heder?",chunk_packed_160,ace_packed_160,0.2695485066180945,0.30551151201504556,0.28738566159661916,0.2887083748340422,1.0,147,3,0.0,0.0,143,3,0.0,0.5,146,3,0.0,0.0
5a88f7bf5542997e5c09a6dd,What movie did Chris Duesterdiek work on that was directed by Seth Rogen and Evan Goldberg?,chunk_packed_160,ace_packed_160,0.25580157983027846,0.23292988883022947,0.22821332952615497,0.2762474720270781,0.42857142857142855,153,4,1.0,1.0,138,3,1.0,1.0,160,4,1.0,1.0
5adfa22655429942ec259ac4,"How many total staff (including part-time, flexible, and fixed contract staff) does the broadcaster, who released HyperNormalisation, employ?",ace_packed_160,chunk_packed_160,0.25820443543979676,0.3189099905134106,0.2989948666769765,0.32147564986137156,0.42857142857142855,151,3,1.0,1.0,159,3,1.0,1.0,159,3,1.0,1.0
5ac31a73554299741d48a1e9,Ferdinand Zvonimir von Habsburg is the eldest son of the head of which House,ace_focused_160,ace_focused_160,0.36611074912207486,0.4246201392649216,0.39579904966462953,0.4239638739480478,0.42857142857142855,156,3,1.0,1.0,145,3,1.0,1.0,130,2,1.0,1.0
5a72634d5542997f82783994,what city will host the event in which marie gisele eleme asse won twoo medals in 2017,chunk_packed_160,chunk_packed_160,0.2994819168820949,0.34498863572638094,0.3302349435600212,0.2974635644933148,0.6666666666666666,158,3,1.0,1.0,138,4,0.0,0.0,139,3,0.0,0.0
5a85ea095542994775f606a8,"What science fantasy young adult series, told in first person, has a set of companion books narrating the stories of enslaved worlds and alien species?",chunk_packed_160,chunk_packed_160,0.268214665588804,0.3210444539002898,0.29190057442877315,0.28784078593616635,0.25,146,4,1.0,1.0,158,4,1.0,1.0,158,4,1.0,1.0
5a81e8ea5542995ce29dcc73,Who played the role of Nettie Harris in the 1985 film directed by Steven Spielberg?,chunk_packed_160,ace_packed_160,0.333905219202387,0.33879649249952937,0.34178096972738525,0.32116955398745195,0.1111111111111111,154,4,0.0,0.0,135,4,1.0,1.0,156,4,1.0,1.0
5ab2082f554299722f9b4c9f,What award did both Victor Heerman and Lloyd Corrigan win?,ace_packed_160,chunk_packed_160,0.24928587960228932,0.24745755391512825,0.26280054677416514,0.2933906994670972,0.6666666666666666,133,3,0.0,0.0,157,4,0.0,0.0,141,3,0.0,0.0
5a7eb22655429930675135cb,Which current CBS NBA analyst played for the PORTLAND TRAILBLazers along with former UNLV teammate Stacey Augmon?,ace_packed_160,ace_packed_160,0.21404101479228355,0.2597746621148378,0.2379095912681544,0.26404961326596943,0.42857142857142855,158,3,0.0,0.0,152,2,1.0,1.0,148,4,0.0,0.0
5a79cabc5542994f819ef0a1,Who was the final champion of the Thailand Masters that was from Hong Kong?,ace_packed_160,ace_packed_160,0.28050603955066195,0.28596429313710914,0.28948009132181185,0.32171554520503276,0.6666666666666666,153,4,1.0,1.0,152,4,1.0,1.0,152,4,1.0,1.0
5add6f975542992200553b18,"In what year did the brother-in-law of Ezzo, Count Palatine of Lotharingia, die?",chunk_packed_160,ace_focused_160,0.34224683219971785,0.3612419095483459,0.3547977127153383,0.3687369881794583,0.42857142857142855,151,3,0.0,0.0,157,3,0.0,0.0,139,3,0.0,0.0
5a74879255429974ef308c1d,"Which park is larger of the two, Doñana National Park or Timanfaya National Park?",ace_packed_160,ace_focused_160,0.30267065660589576,0.30604727665508574,0.33790677015568726,0.3834272498723684,0.42857142857142855,154,3,1.0,1.0,155,4,1.0,1.0,152,4,1.0,1.0
5a8ccea555429941ae14deeb,What was the name of the alum by the Scorpions that contained one of their most famous songs written by Klaus Meine and Herman Rarebell?,ace_packed_160,ace_packed_160,0.2759660206248559,0.28721013474057044,0.2857582249355213,0.32004205347591463,0.42857142857142855,156,3,0.0,0.0,149,3,0.0,0.0,158,3,0.0,0.0
5a8b56d655429949d91db557,"The remaining two seasons of Kenan & Kel were filmed at which stage facility located at 6230 Sunset Boulevard in Hollywood, California?",ace_packed_160,ace_packed_160,0.28277750776747684,0.3024470058323752,0.2924537228335481,0.32938082566205173,0.6666666666666666,160,3,0.0,0.6666666666666666,153,3,1.0,1.0,153,3,0.0,0.6666666666666666
5adc2b6255429947ff173901,"What nationality is the singer who recorded ""Who I Was Born to Be""?",ace_focused_160,ace_focused_160,0.36420110133200734,0.38551281477588395,0.39263658499144694,0.41567980699107854,0.42857142857142855,159,3,0.0,0.0,148,3,0.0,0.0,131,3,0.0,0.0
5ac440385542997ea680ca4e,Carl von Donop was a colonel of which German auxiliaries?,chunk_packed_160,ace_packed_160,0.34807168146713163,0.3458281928328355,0.36237998562619844,0.3366214305035059,0.6666666666666666,137,4,0.0,0.0,139,5,1.0,1.0,139,5,1.0,1.0
5a846da0554299334474611e,"Which bird-themed team did the baseball player, who frequented the Red Cedar Inn and was also known as Dizzy Dean, play for?",ace_packed_160,ace_packed_160,0.2614480395131933,0.2797993633159407,0.2567877837048223,0.2933472450982613,0.6666666666666666,159,4,1.0,1.0,155,4,1.0,1.0,156,5,1.0,1.0
5a7354d55542994cef4bc55a,Which of the three main psychedelic compounds found in the Psilocybin genus mushroom are converted to psilocin by the body?,ace_packed_160,chunk_packed_160,0.3000111161627601,0.29719473181630374,0.2873867971612519,0.3559797679586463,1.0,144,3,1.0,1.0,160,3,1.0,1.0,145,3,1.0,1.0
5ac3a76e554299741d48a2be,"Who released the song ""With or Without You"" first, Jai McDowall or U2?",ace_packed_160,ace_packed_160,0.32807071505247754,0.34806563820901193,0.32140675680446007,0.4118402675693883,0.6666666666666666,152,3,1.0,1.0,147,4,1.0,1.0,155,4,1.0,1.0
5a8740ee5542994846c1cd35,Which KaBoom! Entertainment Inc. film is based on a story by Rudyard Kipling?,ace_packed_160,ace_packed_160,0.27922141053285177,0.26435657587358874,0.2663017967075173,0.36126759316327367,1.0,157,5,0.0,0.8,148,5,0.0,0.8,157,5,0.0,0.8
5a7c96765542990527d554d8,Which occupations did Ralph Smart and Trey Parker have in common?,chunk_packed_160,ace_focused_160,0.2533879740049082,0.2587495671602569,0.2521998572162487,0.2802197296459971,0.6666666666666666,158,4,0.0,0.0,160,4,0.0,0.0,150,4,0.0,0.0
5aba85335542994dbf01992d,Where operation Operation Dragoon and Battle of Cold Harbor fought during to different wars?,chunk_packed_160,chunk_packed_160,0.33043254016932266,0.2893088611104757,0.3287013827704932,0.3558202177972885,0.6666666666666666,157,3,0.0,0.0,158,4,0.0,0.0,159,4,0.0,0.0
5a849c1b5542997175ce1ef9,What sort of activist is the author of The Irrational Atheist? ,chunk_packed_160,chunk_packed_160,0.3427608429580209,0.3480144721763449,0.3331407809444781,0.3480137736807676,0.6666666666666666,150,5,0.0,0.6666666666666666,156,4,0.0,0.6666666666666666,156,4,0.0,0.6666666666666666
5ab9b7d555429970cfb8eb7a,Which actor from the South Korean-Thai drama film Final Recipe debuted as a member of Super Junior-M in 2008?,ace_packed_160,ace_focused_160,0.2870649589640426,0.27334467672713814,0.2961260124978482,0.38810182773975105,0.1111111111111111,156,3,0.0,0.0,157,3,1.0,1.0,133,3,1.0,1.0
5ac3e22d5542997ea680c976,"Michelle Lewis has written songs for which ""Lizzie McGuire"" actress? ",ace_packed_160,chunk_packed_160,0.2604694488206565,0.2515100036524025,0.25417763398525167,0.2909366325750403,0.42857142857142855,151,3,1.0,1.0,149,4,0.0,0.0,154,4,1.0,1.0
5aba768c55429901930fa7e0,"Which of the songs that outperformed ""Drive"" was most successful in the United States?",chunk_packed_160,ace_focused_160,0.24858028503739032,0.29804319914281396,0.2944081793430583,0.2741402186349974,0.1111111111111111,151,3,0.0,0.0,157,3,0.0,0.0,143,3,0.0,0.0
5addb1515542995b365fab60,In what year was the uprising that marred John P. Buchanan's term as governor ignited?,chunk_packed_160,chunk_packed_160,0.3062087616471355,0.340699491363727,0.3307985908846727,0.32964610730381827,0.42857142857142855,149,3,1.0,1.0,159,3,1.0,1.0,160,3,1.0,1.0
5abe689a55429976d4830b16,Which Grand Slam singles tournament have Francesca Schiavone and Olga Morozova both been finalists in?,chunk_packed_160,ace_packed_160,0.2928972808332057,0.29656032565820145,0.2834622555684691,0.284071870940929,0.6666666666666666,153,4,0.0,0.4444444444444445,151,4,1.0,1.0,159,4,1.0,1.0
5aded1595542995ec70e8f29,Juhi Parmar who appears in colors TV's high rated mythological show shani which premiered on November 7 2013 was born when?,ace_packed_160,chunk_packed_160,0.2963250032592327,0.3454273831440965,0.3292679925247657,0.37117039028240817,0.6666666666666666,148,4,0.0,0.0,148,4,0.0,0.0,153,4,0.0,0.0
5ab89cc25542991b5579efc3,"Darryl Kubian's ""O for a Muse of Fire"" is based upon the events surrounding which historical battle? ",ace_packed_160,ace_focused_160,0.25879135421564503,0.28992245906980474,0.2842633059252446,0.3004721481474695,0.42857142857142855,159,4,0.0,0.0,156,3,0.0,0.0,147,3,0.0,0.0
5abe84a95542991f6610619b,"Which contributor to the CBS News program ""60 Minutes"" also contributed to The Great American Dream Machine?",ace_packed_160,ace_focused_160,0.2951115315768613,0.24464141066803363,0.30565257356884035,0.3860575413277141,0.6666666666666666,151,3,0.0,0.6666666666666666,157,2,0.0,0.0,138,3,0.0,0.6666666666666666
5add10ca5542994ed6169c59,Were Illinois Institute of Technology and Boise State University both bounded before 1950?,ace_packed_160,chunk_packed_160,0.2883335936429465,0.31684578810405745,0.3148130781776084,0.3335503213155193,0.42857142857142855,127,3,0.0,0.0,147,3,0.0,0.0,149,3,0.0,0.0
5a8849ac5542996e4f308932,What does the business Manny Cussins was chairman of make?,ace_packed_160,ace_focused_160,0.28873077003051817,0.3134654918998384,0.307494619110146,0.3204679005885702,0.42857142857142855,159,4,0.0,0.6666666666666666,144,3,0.0,0.6666666666666666,150,4,1.0,1.0
5ae0335655429925eb1afc28,"Who is the mother of Mary Robinson in Shakespeare's ""The Winter's Tale""",ace_packed_160,ace_focused_160,0.35975175437049484,0.357844043348538,0.3609432874104841,0.4130085570873888,0.25,160,4,0.0,0.0,152,5,0.0,0.0,151,5,0.0,0.0
5a7f6fd75542992e7d278cfa,"Which Canadian rock band released a song called ""Counterparts"" and had a drummer who was inducted into the Modern Drummer Hall of Fame?",chunk_packed_160,ace_packed_160,0.25204207256763417,0.25458962699059107,0.2536112416111945,0.26325438341945223,0.42857142857142855,160,3,0.0,0.0,144,3,1.0,1.0,156,3,1.0,1.0
5ade8bd955429975fa854f04,"What is the name of the genocidal mass slaughter of Tutsi Rwanda, in which Cyprian and Daphrose Rugamba were assassinated?",chunk_packed_160,ace_packed_160,0.3083730641178457,0.31360989523772254,0.3123482104120685,0.3371893235078609,0.6666666666666666,155,3,1.0,1.0,150,3,1.0,1.0,151,2,1.0,1.0
5a7fb6625542994857a767cc,Ali Eren Balıkel started a restaurant which hosted a number of famous figures including an English actor who won three consecutive what?,chunk_packed_160,chunk_packed_160,0.2514435456759334,0.3137616881721627,0.29621769875276494,0.26815781530012617,0.42857142857142855,134,3,0.0,0.28571428571428575,136,2,0.0,0.28571428571428575,151,3,0.0,0.28571428571428575
5a7912f655429974737f796c,What is the birthday of the man who played Lex Luthor in Superman IV: The Quest for Peace?,chunk_packed_160,chunk_packed_160,0.34429787027766456,0.36731205971233527,0.362595108657235,0.371333997746226,0.6666666666666666,144,3,0.0,0.0,156,4,0.0,0.0,144,3,0.0,0.0
5ab868e755429919ba4e22e3,"Which company has more divisions within it, WPX Energy or Hewlett Packard Enterprise?",ace_packed_160,ace_focused_160,0.26943390671200845,0.2907796818650735,0.28963855718451337,0.3486277405992462,0.6666666666666666,148,3,0.0,0.8571428571428571,160,4,0.0,0.8571428571428571,142,3,0.0,0.8571428571428571
5ae1af14554299234fd042c4,Are both William Beaudine and Richard Benjamin American actors?,chunk_packed_160,chunk_packed_160,0.3159834833893922,0.30131314381647845,0.3031775008492634,0.31060700460011903,0.6666666666666666,160,5,1.0,1.0,150,5,0.0,0.0,156,5,0.0,0.0
5ab3c53955429969a97a81b9,Who won the special election in 2014 to replace Bill Young?,ace_packed_160,ace_focused_160,0.2275521979094967,0.24806132379754386,0.2287209934080614,0.31298163010927815,1.0,150,3,0.0,0.0,159,3,1.0,1.0,150,4,1.0,1.0
5abe03635542991f661060a5,What is the middle name of the former Stanford Cardinals player who caught 57 passes for 1010 yards and 14 TDs?,chunk_packed_160,chunk_packed_160,0.25509066213063086,0.2806118648207716,0.27346166818646933,0.28375957626717985,0.1111111111111111,152,2,0.0,0.0,156,3,0.0,0.0,156,3,0.0,0.0
5adc396155429944faac2479,Are both Stanley Elkin and Anne Lamott non-fiction writers? ,chunk_packed_160,chunk_packed_160,0.3260190614574403,0.39546982393467234,0.34492828463244163,0.3206093361330172,1.0,158,5,1.0,1.0,158,5,1.0,1.0,158,5,1.0,1.0
5ac42f42554299076e296d88,Who starred in My Dog Skip and Malcolm in the Middle?,chunk_packed_160,ace_packed_160,0.3219446906223197,0.32117914074438114,0.31834744985476604,0.2972971544015772,0.6666666666666666,158,4,0.0,0.8,131,2,1.0,1.0,158,3,1.0,1.0
5aba5c625542994dbf0198f2,Who founded Methodism along with the man who was also part of the revival movement in England and the Great Awakening in the United States?,ace_packed_160,ace_packed_160,0.2830466403645917,0.33227029758390436,0.3131840908613481,0.36492111944403577,0.6666666666666666,157,4,0.0,0.0,142,3,0.0,0.0,158,3,0.0,0.0
5a8ee7c95542990e94052bb1,What song originally released by an American rock band active in the late 1960's and early 1970's did The Reels do a cover of in 1986?,chunk_packed_160,ace_focused_160,0.267101050341159,0.31454844769562484,0.32652130404759455,0.2958008753228768,0.42857142857142855,150,2,0.0,0.0,135,2,0.0,0.0,134,2,0.0,0.0
5a7b3a2455429927d897bf5c,A 1946 musical comedy starred a British actor who lived in what country throughout his adult life?,chunk_packed_160,ace_packed_160,0.2983896736382676,0.30056449071484614,0.3203199827329374,0.30576824730538193,0.25,147,3,1.0,1.0,142,4,1.0,1.0,142,4,1.0,1.0
5a7f7c285542994857a76746,California joined the Union due to the passage of a package of how many separate bills?,ace_packed_160,ace_packed_160,0.22332610544481685,0.26471144603973545,0.22634882901929643,0.35943556790352477,0.6666666666666666,153,2,1.0,1.0,150,4,1.0,1.0,151,4,1.0,1.0
5ae2ce505542996483e64a72,In which year was this public research university in which Brock Marion played college football founded?,chunk_packed_160,ace_focused_160,0.259418028598242,0.25135822791768325,0.25015423373764945,0.250157150336505,0.42857142857142855,154,3,0.0,0.0,160,4,0.0,0.0,136,3,0.0,0.0
5ab8b02d5542991b5579efdb,"Are both, Boise State University and Syracuse University, public colleges?",ace_packed_160,ace_packed_160,0.30715840910342246,0.30566627411027397,0.30539192445733543,0.3861026192545337,0.42857142857142855,145,3,1.0,1.0,136,3,1.0,1.0,140,3,0.0,0.0
5ac50bca55429924173fb57f,Where was Nobel Laureate in Physics know for his contributions with Abdus Salam and Steven Weinberg a professor?,chunk_packed_160,ace_focused_160,0.3657546245204383,0.3803502960979339,0.37528510616924726,0.34008089028291033,0.25,134,3,0.0,0.0,152,3,0.0,0.0,151,4,0.0,0.28571428571428575
5a78fe8155429970f5fffe11,"Who was born first, Steve Hogarth or Donnie Munro?",ace_packed_160,ace_packed_160,0.26192249460555794,0.2707983982940914,0.27011667772398534,0.3148885088355027,0.42857142857142855,157,5,1.0,1.0,155,4,1.0,1.0,160,4,1.0,1.0
5ab2383155429970612095c1,Are Denzel Washington and David Hewlett both actors?,ace_packed_160,ace_packed_160,0.2452512732394232,0.19099951979198976,0.2507041423496205,0.3293818504986669,0.6666666666666666,152,3,1.0,1.0,146,4,1.0,1.0,152,5,1.0,1.0
5abd7d0c55429924427fd010,Ciril Cvetko is the brother of a scholar who participates in what analysis of music?,chunk_packed_160,ace_focused_160,0.3926574095371982,0.3921251342074815,0.3774556284522029,0.3546562966432242,0.42857142857142855,159,5,1.0,1.0,159,4,1.0,1.0,142,4,1.0,1.0
5ac1a04e5542991316484b63,Are both Jim McBride and Neil Jordan American?,chunk_packed_160,ace_focused_160,0.32037294741123923,0.30947493791451464,0.32609866386169595,0.3287059927815167,0.6666666666666666,156,4,1.0,1.0,158,5,1.0,1.0,148,5,1.0,1.0
5a75e06155429976ec32bc60,Who was the running mate of the man about whose candidacy the 2016 book Insane Clown President: Dispatches from the 2016 Circus documents?,ace_packed_160,chunk_packed_160,0.30279812664680994,0.34432580934396495,0.3349908198214671,0.3482146609107044,0.42857142857142855,147,3,0.0,0.0,159,3,0.0,0.0,149,3,0.0,0.0
5ae564a155429960a22e02e4,What is part of an alternate title to a Three 6 Mafia song and is slang for a concoction which includes prescription-strength cough syrup also known as purple drank?,ace_packed_160,ace_focused_160,0.30389734192054774,0.3561776138339776,0.34342879771453094,0.34170237930779757,0.6666666666666666,137,3,0.0,0.0,137,3,0.0,0.0,137,3,0.0,0.4
5a7d2afd5542995f4f402221,"Who is older, Ferdi Taygan or Mahesh Bhupathi?",ace_packed_160,ace_packed_160,0.2889006190516319,0.2891613650095453,0.28102676526875914,0.33680571272110926,0.25,150,4,1.0,1.0,132,5,1.0,1.0,132,5,0.0,0.0
5ac258cc554299636651998e,"Ray Roughler Jones single-handedly produced the magazine Roughler, but what Swedish singer-songwriter made contributions to the magazine?",chunk_packed_160,chunk_packed_160,0.24587948713235225,0.3117430873603666,0.29120704989105906,0.24485117373595533,0.25,160,4,1.0,1.0,158,4,0.0,0.0,159,4,0.0,0.0
5a8a573355429970aeb7029a,"The ""unofficial national anthem"" of Australia is the basis for the nickname of what soccer team?",chunk_packed_160,ace_focused_160,0.33386557629438174,0.3339413668666654,0.3449268926623077,0.3362620295709376,0.6666666666666666,148,3,0.0,0.0,152,4,0.0,0.0,139,3,0.0,0.0
5a8f799d55429918e830d22d,"Which genus has the most number of species, Myrsine or Styrax?",ace_packed_160,ace_packed_160,0.2578274949706964,0.2664920337534461,0.27752472304901,0.29983861819469926,0.42857142857142855,152,4,0.0,0.0,151,4,0.0,0.0,151,4,0.0,0.0
5ac4f04e5542995c82c4ad81,In which of the largest surviving medieval old towns in Europe is the Vilnius Cathedral located?,ace_packed_160,chunk_packed_160,0.29051406249660156,0.29078464393009323,0.2953004614473378,0.345507184060023,0.6666666666666666,151,3,1.0,1.0,154,3,1.0,1.0,153,4,0.0,0.4
5ac00278554299012d1db56b,What profession do Raj Kapoor and Mike Cahill share?,chunk_packed_160,ace_focused_160,0.3109142902693143,0.2721343950653784,0.29162806026350296,0.300185725534176,0.25,157,4,0.0,0.0,149,4,0.0,0.0,151,4,0.0,0.6666666666666666
5a78bc6b554299148911f979,Woman's Era and Naj are what kind of magazines?,chunk_packed_160,chunk_packed_160,0.28668565152515146,0.255578152204731,0.2873984901673178,0.297005008900624,0.6666666666666666,142,5,0.0,0.0,160,5,0.0,0.0,160,5,0.0,0.0
5a8d6d4e554299441c6b9fdb,"Lost Kingdom Adventure is a dark ride located at four Legoland theme parks, including which park, which is the original Legoland park, that was opened on June 7th, 1968?",ace_packed_160,ace_packed_160,0.3379565448214271,0.3452940466056046,0.3459803786373329,0.39997973656086894,1.0,159,4,0.0,0.5,149,5,1.0,1.0,149,5,1.0,1.0
5add23d05542994734353871,What is the primary duty of the Austrian Pinscher and the Maremma Sheepdog?,ace_packed_160,chunk_packed_160,0.24289940854833542,0.2595883052717226,0.2542461673155153,0.3187476539251163,0.42857142857142855,138,2,0.0,0.0,159,4,0.0,0.0,160,4,0.0,0.0
5a7ca33f5542990527d554ee,"Which restaurant chain is based further south, Pizza Fusion or Imo's Pizza?",ace_packed_160,ace_focused_160,0.33489987285625444,0.32699424373389924,0.3262992365341219,0.38404247289176996,1.0,160,5,0.0,0.0,160,5,1.0,1.0,158,5,1.0,1.0
5ae5c8cf554299546bf82f5f,"Fiske O'Hara was born in what city Knox County, Maine, that had a population of 2,297 as of the 2010 census?",chunk_packed_160,ace_packed_160,0.32061060300318817,0.3629268211427741,0.3341653436000873,0.3077646758722937,1.0,156,5,1.0,1.0,150,5,1.0,1.0,150,5,1.0,1.0
5a81df4b55429903bc27b9f8,What mall was known as a twin of the mall located on I-45 on the Southeast side of Houston?,chunk_packed_160,chunk_packed_160,0.3643756246933001,0.3770544245669293,0.372609171567893,0.3846669388429316,0.6666666666666666,149,4,0.0,0.5,154,5,0.0,0.0,150,5,0.0,0.5
5ab4341c55429942dd415ede,The Shōgitai were an elite corps of which shogunate?,chunk_packed_160,ace_focused_160,0.3420685430565158,0.378839005342133,0.3664123460990064,0.3431354293874347,0.42857142857142855,153,3,0.0,0.6666666666666666,150,3,0.0,0.6666666666666666,132,2,0.0,0.6666666666666666
5a7fa0d55542995d8a8dded3,What professional do both Marc Bolan and Ian MacKaye share?,ace_packed_160,ace_focused_160,0.2348640280502315,0.18669638996074484,0.2350163142354606,0.3117581343755491,0.42857142857142855,136,2,0.0,0.0,160,4,0.0,0.0,145,3,1.0,1.0
5ab7f22a5542991d322237d4,James Stuart became a specialist of a rhythmic pattern charecterised by what?,ace_packed_160,chunk_packed_160,0.22704102907311413,0.213070822875439,0.22624927625639,0.2692367000708712,0.42857142857142855,144,2,0.0,0.0,146,3,0.0,0.0,153,3,0.0,0.0
5a84c5545542991dd0999dee,When did the car depicted on the cover of Pentastar: In the Style of Demons cease production?,ace_focused_160,ace_focused_160,0.3269833829087698,0.3695124759418609,0.3589953529890304,0.37175263072088244,0.25,158,2,0.0,0.0,137,4,0.0,0.0,134,2,0.0,0.0
5aba454855429901930fa794,How many times has the author of Writing with Intent been shortlisted for the Booker Prize ? ,ace_packed_160,ace_packed_160,0.26620098008685344,0.2624524267668573,0.2659867275701677,0.33301300980196324,0.42857142857142855,158,3,0.0,0.0,138,3,0.0,0.6666666666666666,138,3,0.0,0.6666666666666666
5a85d4ad5542997175ce2050,Jim Sharman and Ava DuVernay both share what title concerning their actions leading actors in film or stage?,chunk_packed_160,ace_focused_160,0.23693378885814,0.24527385399946477,0.23979365663330454,0.2529153008337486,0.6666666666666666,151,3,1.0,1.0,141,4,1.0,1.0,140,3,1.0,1.0
5a74d92555429929fddd84fa,"What was the name of the bear promoted to corporal in the Polish army, and celebrated by an ongoing fundraising trust based in Scotland?",chunk_packed_160,ace_focused_160,0.2678053097501606,0.23791644149122457,0.2520007843899634,0.27160425645824654,0.6666666666666666,157,3,1.0,1.0,160,3,1.0,1.0,151,3,1.0,1.0
5ae64b1d55429929b0807b24,Who manages the Laboratory that ran the Aurora Generator Test?,ace_packed_160,chunk_packed_160,0.3090484598808647,0.3509967315069533,0.34728912858227357,0.4053898380670167,0.42857142857142855,140,3,0.0,0.0,159,3,0.0,0.0,158,4,0.0,0.0
5ab9dd4c554299232ef4a22f,"Who was part of more music bands, Alison Mosshart or Ann Wilson?",ace_packed_160,chunk_packed_160,0.23673217921815343,0.23684169937603322,0.24276805649233635,0.2677572944173587,0.6666666666666666,144,3,0.0,0.8,145,3,0.0,0.8,151,3,0.0,0.8
5ab7bf3f5542991d322237a8,Edoardo Soleri is playing on loan from which Italian football club?,chunk_packed_160,ace_packed_160,0.34144475478961195,0.36513339899381336,0.3595355695090531,0.345835368917911,1.0,157,4,1.0,1.0,139,4,1.0,1.0,139,4,1.0,1.0
5a721dfd55429971e9dc928b,Which of Kylian Hazard's older brothers plays for the German Bundesliga club Borussia Mönchengladbach and the Belgium national team.,chunk_packed_160,chunk_packed_160,0.32862774789546567,0.3857570939739148,0.36388730101631817,0.3368083300441418,0.42857142857142855,153,4,0.0,0.4,154,4,0.0,0.4,154,4,0.0,0.4
5a87bd4e5542996432c57279,Who does the minister at The First Church of Springfield help make teaching evolution illegal?,ace_packed_160,ace_packed_160,0.23151533550786674,0.24145537973603806,0.26775309918336854,0.35193768755445254,0.42857142857142855,157,3,0.0,0.0,140,3,1.0,1.0,143,4,0.0,0.0
5a87081755429960ec39b6fe,"Jessica Jones is a television series created for Netflix, the second in the series of the shows that lead to ""The Defenders"" miniseries after what show released on Netflix earlier?",chunk_packed_160,ace_focused_160,0.33061664333574037,0.3406918889053699,0.3364941443559085,0.3162167593229744,1.0,155,2,1.0,1.0,151,3,0.0,0.0,137,2,1.0,1.0
5ae0e0125542993d6555ec79,Ross Pople worked with this French dominant figure of the post-war classical music world.,ace_packed_160,chunk_packed_160,0.3068140559755239,0.3028546494435631,0.3359232904583733,0.3874825017552952,0.42857142857142855,146,3,0.0,0.6666666666666666,151,4,0.0,0.6666666666666666,147,4,0.0,0.6666666666666666
5ae409d955429970de88d89d,Greetings! We're The Monitors was the debut album by the band who had what soul and R&B singer as their lead?,ace_packed_160,ace_packed_160,0.3047886957064315,0.30201555647509226,0.3139758424575272,0.3485074222803228,1.0,152,3,0.0,0.0,153,3,1.0,1.0,159,3,0.0,0.0
5ac270025542990b17b15390,How many venues was in the complex at which Night of Joy was held? ,chunk_packed_160,ace_focused_160,0.2848423110700836,0.31651912016664085,0.3171241902687168,0.29842773318123245,0.1111111111111111,135,3,0.0,0.0,156,4,0.0,0.6666666666666666,155,3,0.0,0.6666666666666666
5adc459255429944faac24ad,Which member of the research project conducted by the Creation Research Society and the Institute for Creation Research between 1997 and 2005 was Kevin R. Henke most critical of? ,ace_packed_160,ace_focused_160,0.29584144011364655,0.31846148069332636,0.29549743349437774,0.3754775216409959,1.0,155,3,0.0,0.0,160,3,0.0,0.0,152,3,0.0,0.0
5ade1c9e55429939a52fe822,Where did Henri Christophe and other slaves hold an uprising from 1791 to 1804 that led to the founding of a state which was both free from slavery and ruled by non-whites and former captives?,ace_packed_160,ace_focused_160,0.3201447840485687,0.38685912738811357,0.36201546165854537,0.4553261569351026,0.6666666666666666,143,2,0.0,0.0,143,2,0.0,0.0,160,3,1.0,1.0
5ac270e05542992f1f2b38c9,"What is the highest peak in the mountain range in which Elk Valley, Tennessee is located in?",chunk_packed_160,chunk_packed_160,0.31561569911292187,0.2723500654528547,0.30171446448301853,0.33796625676539477,0.42857142857142855,155,3,1.0,1.0,150,4,0.0,0.0,150,4,0.0,0.0
5a7363465542991f29ee2dd5,Which athlete was an American tennis player: Henri Kontinen or Melanie Oudin?,chunk_packed_160,ace_focused_160,0.2897614842001195,0.29498515387053903,0.2897291193410735,0.290090261296961,0.42857142857142855,151,5,1.0,1.0,149,5,1.0,1.0,140,4,1.0,1.0
5add43335542995b365faae1, What term was used in the North-West Derby  to disparge their rivals?,chunk_packed_160,ace_focused_160,0.27871015877722116,0.2455620903222785,0.24861867714198138,0.29277339323293766,0.6666666666666666,145,3,0.0,0.0,141,3,0.0,0.8,160,4,1.0,1.0
5ae67dba55429908198fa5f0,The Memphis Hustle are based in a suburb of a city with a population of what in 2010?,chunk_packed_160,ace_packed_160,0.35052319003386967,0.34818301117794503,0.35437607319089937,0.31572699052455544,0.42857142857142855,158,4,0.0,0.0,139,3,1.0,1.0,153,4,0.0,0.0
5a8a6b625542996c9b8d5ed9,In which town was the amusement park that is operated by Britannia Jinky Jersey Ltd located where the first  Tomorrow's Parties Festival was held?.,chunk_packed_160,ace_packed_160,0.27792982086931417,0.32462164435354635,0.31184939679502766,0.2911021317039658,0.42857142857142855,159,4,0.0,0.0,160,4,1.0,1.0,160,4,1.0,1.0
5ade86b255429939a52fe8e0,Where is the ice hockey team based that Zdeno Chára currently serving as captain of?,ace_packed_160,chunk_packed_160,0.3411140335807988,0.3739218926037767,0.3712158493629766,0.39832639162756645,0.6666666666666666,140,3,0.0,0.6666666666666666,156,5,0.0,0.6666666666666666,156,5,0.0,0.6666666666666666
5ac007cc5542996f0d89cb0b,Who was attempting to regain the British throne until the Raids on Lachaber and Shiramore shut down his operations?,ace_packed_160,ace_packed_160,0.2609137759455793,0.26401527078875775,0.2769084130886638,0.3097917849941733,0.6666666666666666,150,3,0.0,0.0,158,3,1.0,1.0,159,3,0.0,0.0
5adea9ea55429939a52fe934,"What was the name of the fanzine that interviewed the Sex Pistols bassist when he was in the band ""The Flowers of Romance?""",chunk_packed_160,ace_focused_160,0.3083873029076122,0.3218666108398182,0.3214456413338742,0.3159819611888476,0.6666666666666666,144,3,0.0,0.0,145,3,0.0,0.0,142,3,0.0,0.0
5a8393665542990548d0b1ea,Are Nikolaschka and White Russian made of beer?,chunk_packed_160,ace_packed_160,0.3057736919133014,0.2826067127211172,0.28855818878327255,0.3194600020165801,0.6666666666666666,151,4,1.0,1.0,147,3,1.0,1.0,157,3,1.0,1.0
5ae3fd2c5542995dadf2428f,Are Ian Brown and Dee Snider both actors?,ace_packed_160,ace_focused_160,0.2562821637024929,0.24287674235369133,0.2563080893383608,0.3290620810985089,0.6666666666666666,153,4,0.0,0.0,155,4,1.0,1.0,152,4,1.0,1.0
5ab2b630554299545a2cfa17,Are the films Gasland from 2010 and Pumping Iron from 1977 both documentaries?,chunk_packed_160,ace_focused_160,0.26924963668595603,0.2733949184953766,0.25834971762577985,0.2916996437066312,0.6666666666666666,147,3,0.0,0.0,142,3,0.0,0.0,137,4,0.0,0.0
5a7aa5e75542992d025e66d9,Ho Iat Seng  is a member of a legislative assembly that has how many members ?,ace_packed_160,ace_packed_160,0.3136082583108828,0.3347703210260103,0.3389645548059795,0.4224796163083808,0.42857142857142855,150,3,0.0,0.0,145,4,0.0,0.0,146,3,0.0,0.0
5abe34095542993f32c2a088,"How long did The Shire of Flinders, which encompassed the extremity of the Mornington Peninsula located south-east of Melbourne, Australia, exist?",ace_packed_160,chunk_packed_160,0.3141583697285607,0.3143768772491541,0.31546579532781904,0.4006019210665467,1.0,155,4,0.0,0.8,153,4,0.0,0.0,155,4,0.0,0.0
5ac373195542995ef918c199,The Bay Plaza Shopping Center contains a store that headquartered where? ,ace_packed_160,ace_focused_160,0.29561855057807185,0.28484174344769364,0.3014590926742101,0.44610682467963636,0.6666666666666666,156,3,0.0,0.0,157,3,0.0,0.0,135,3,1.0,1.0
5a82bb3c55429966c78a6a86,Live at Radio City is a live Album recorded in what City?,chunk_packed_160,ace_packed_160,0.38648511575059263,0.37803399510849545,0.38878607758621286,0.40736007749625747,0.42857142857142855,159,4,0.0,0.8,158,4,1.0,1.0,129,3,0.0,0.8
5a8080365542992097ad2fed,"A vehicle that uses hydrogen as its onboard fuel for motive power is cosidered which, Flex-fuel or Bi-fuel?",ace_packed_160,ace_packed_160,0.31154790967475554,0.30013350292358487,0.29975716189663615,0.5182588478841075,0.6666666666666666,160,3,0.0,0.6666666666666666,147,4,0.0,0.6666666666666666,155,3,0.0,0.6666666666666666
5a8f8e4d55429918e830d260,What is the setting for the animated sitcom which Michael Polcino's brother Dominc works on?,chunk_packed_160,ace_focused_160,0.30448928741290704,0.3077296450018975,0.3158829229829211,0.322136488129495,0.42857142857142855,157,4,0.0,0.0,158,4,0.0,0.0,124,3,0.0,0.0
5ac3bff15542995ef918c213,Alexander S. Wadsworth served during the war that was faught between which two countries?,chunk_packed_160,ace_packed_160,0.2776128060419061,0.2646483826808442,0.27722215012445106,0.2769255220275621,0.6666666666666666,158,3,0.0,0.6666666666666666,124,3,0.0,0.7692307692307693,156,3,0.0,0.5
5a7456ec55429979e288290f,"which film came out first, African Cats or Fun and Fancy Free ?",ace_packed_160,chunk_packed_160,0.27540242793296593,0.2741802158010401,0.2745963963064587,0.3179769755976615,0.6666666666666666,159,3,1.0,1.0,159,3,1.0,1.0,159,3,1.0,1.0
5a8f1adc554299458435d577, John DiMaggio voices the character Shnitzel on Cartoon Network series created by who?,ace_packed_160,chunk_packed_160,0.2585872179317734,0.22487250611532741,0.2485468032213971,0.3645618921244549,0.1111111111111111,147,3,0.0,0.0,155,3,0.0,0.0,151,3,0.0,0.0
5ac29da5554299218029dac3,Which band My Darkest Days or Human Drama had only one constant member?,ace_packed_160,ace_packed_160,0.2621784067060546,0.2577892431088311,0.26016678832111184,0.3153534336403587,1.0,158,4,0.0,0.0,160,5,1.0,1.0,160,5,1.0,1.0
5ae0d52e554299603e418469,"The actress that played the leading role in the independent film ""A Perfect Ending"" also stars with John Bregar in a 2008 film directed by who?",ace_packed_160,ace_focused_160,0.27833546001001386,0.2706213650022984,0.29921346147546196,0.3621157707218341,0.42857142857142855,131,3,0.0,0.0,131,3,0.0,0.0,124,3,0.0,0.0
5a80b52f554299485f5986d6,What prominent director worked with Orion Pictures and was born in December of 1935?,chunk_packed_160,ace_focused_160,0.2560784544921678,0.27309730047377906,0.29361145315020054,0.2847948466261141,0.25,158,4,0.0,0.8,160,3,0.0,0.0,154,5,0.0,0.8
5a807b44554299485f59860a,Who conceived the rapid transit system that Klemzig Interchange is a part of?,chunk_packed_160,chunk_packed_160,0.3179489238135395,0.32769504506405484,0.3180376054682304,0.33195051513783747,0.42857142857142855,146,3,1.0,1.0,157,3,0.0,0.0,160,3,0.0,0.0
5a74ce9655429974ef308c6c,"What retailer in ABQ Uptown is headquarted in Poole, Dorset, United Kingdom?",ace_packed_160,ace_focused_160,0.27662061174544406,0.3195650557804367,0.32716836550659,0.42586145455914504,0.42857142857142855,154,3,1.0,1.0,153,4,1.0,1.0,152,3,1.0,1.0
5a776a7055429966f1a36d32,What was the nationality and profession of the person responsible for the concept of a dimensionless number in physics and engineering?,ace_packed_160,chunk_packed_160,0.21012537578808876,0.2951718099366085,0.23130805038774177,0.2785745254413494,0.25,153,4,0.0,0.0,160,5,0.0,0.0,160,4,0.0,0.0
5ac13f425542991316484a96,"Which airport is used for both public and military, Shenandoah Valley Regional Airport or Louisville International Airport?",ace_packed_160,ace_focused_160,0.2846126623345936,0.29414898758101904,0.2847347830221162,0.34912699119562246,0.6666666666666666,160,3,1.0,1.0,156,4,1.0,1.0,145,3,1.0,1.0
5a74547755429979e2882900,"the head football coach at the University of Houston from 2007 to 2011, is the current team coach of which football team ?",ace_packed_160,ace_packed_160,0.36016173244894933,0.32236981959295347,0.3372920291730738,0.471721232667469,0.42857142857142855,160,3,0.0,0.0,150,4,0.0,0.5714285714285715,154,4,0.0,0.5714285714285715
5a7d72bb5542990b8f50398e,John E. EchoHawk is a leading member in a social movement that wants to reverse what ?,chunk_packed_160,ace_focused_160,0.3381379980882603,0.35308197534948904,0.35330831261629614,0.29593280694624047,0.25,147,3,0.0,0.4,152,4,0.0,0.0,144,3,0.0,0.4
5abdb8ba5542993f32c2a015,Maggie May is a musical based on a folk song about a prostitute who robbed whom?,chunk_packed_160,ace_focused_160,0.39107332045957943,0.42986294505591327,0.4117239571600706,0.40178124361928325,0.6666666666666666,158,3,0.0,0.0,151,3,0.0,0.0,146,3,0.0,0.0
5a75da235542992db94736f9,"One of the signatories of the Chicago Statement on Biblical Inerrancy was which Presbyterian pastor, known for taking a more presuppositional approach to apologetics?",chunk_packed_160,chunk_packed_160,0.328304984493264,0.3264727011606282,0.3215642541347747,0.24433684605107492,0.25,160,4,1.0,1.0,142,3,0.0,0.0,157,4,0.0,0.8
5adcf48e5542992c1e3a24d4,What Polish pioneer in watchmaking was an associate of Wincenty Gostkowski?,chunk_packed_160,ace_focused_160,0.30374136067868396,0.30919548791384766,0.3085307348763236,0.2995622378584627,0.6666666666666666,152,4,0.0,0.0,152,4,1.0,1.0,133,4,1.0,1.0
5ac3d1d9554299204fd21e8a,"How many albums had been recorded by Talking Heads by November, 1980?",chunk_packed_160,chunk_packed_160,0.23769461206002035,0.23902320113802672,0.24269477586162586,0.2583431051222915,1.0,157,3,0.0,0.0,159,4,0.0,0.0,157,3,0.0,0.0
5a8dafbd554299068b959da0,How many episodes were made for the science fiction series with Gus Birney?,ace_packed_160,ace_packed_160,0.24049887103186168,0.2629220907037011,0.26923524063737436,0.29141297501450003,0.25,159,3,0.0,0.0,140,3,0.0,0.0,149,3,0.0,0.0
5a8eb4d65542990e94052b82,"Jacques Mathou starred in Delicatessen, the 1991 French movie in the style of which celebrated American animator?",chunk_packed_160,chunk_packed_160,0.2983098315493127,0.3197481404714718,0.3150023494836325,0.29846373746600563,0.42857142857142855,145,3,1.0,1.0,124,3,0.0,0.0,138,3,0.0,0.0
5a8f55f9554299458435d5bd,What profession did Willi Forst and Elmer Clifton share?,ace_packed_160,ace_packed_160,0.2605307836060049,0.2009916042409367,0.26688793116900034,0.30935201293258474,1.0,146,4,0.0,0.0,132,4,0.0,0.0,144,4,0.0,0.0
5ac1846d55429964131be20b,In which city were the olympic games held in which Willi Meurer competed in the individual and team road race events?,chunk_packed_160,ace_focused_160,0.37605131704685296,0.36695974021611655,0.3775883310818981,0.2884578873564792,0.6666666666666666,143,3,0.0,0.6666666666666666,150,3,0.0,0.0,137,3,0.0,0.6666666666666666
5a9073405542995b442420bb,What multinational telecommunications company did Robert Orr work for?,ace_packed_160,chunk_packed_160,0.23481892542563454,0.21587834704804182,0.26048688448768326,0.31592327491296224,0.6666666666666666,153,3,0.0,0.6666666666666666,151,3,0.0,0.0,157,4,0.0,0.0
5ade9c9c5542997c77adee8c,What screenplay was worked on by both Edward Carfagno and Miklos Rozsa?,chunk_packed_160,ace_packed_160,0.2434705578812065,0.2401604589054305,0.26438543219555743,0.26812622666705466,0.6666666666666666,156,3,0.0,0.0,153,4,0.0,0.0,153,4,0.0,0.0
5ae151985542990adbacf74d,"Which music group has the most members, DC Talk, or Manchester Orchestra?",ace_packed_160,chunk_packed_160,0.24667218983984215,0.2568592828182662,0.2505768645505511,0.3117064293539062,0.6666666666666666,149,3,1.0,1.0,154,4,1.0,1.0,160,4,1.0,1.0
5ac1436f5542991316484aad,Kevin Short had a role as the Jailer in which three-act French opera?,chunk_packed_160,ace_focused_160,0.2608298885828974,0.24098573133562912,0.2559167094837783,0.2825515943374898,0.25,158,3,0.0,0.0,154,3,0.0,0.0,148,3,0.0,0.0
5ae269955542992decbdccf3,Who died in the battle located near the River Boyne in Ireland?,ace_packed_160,ace_focused_160,0.28601421635187624,0.361097707021393,0.315716828739964,0.37972219805451946,0.42857142857142855,144,2,0.0,0.0,137,3,0.0,0.0,135,3,0.0,0.0
5a803d695542996402f6a494,What is the main difference between the game Plateau and the game Colt Express?,chunk_packed_160,ace_focused_160,0.26905646292030755,0.23294115561634965,0.27214472755557506,0.28621553114100406,0.25,149,4,0.0,0.0,159,5,0.0,0.0,146,5,0.0,0.0
5a7b493855429931da12ca58,The Good Dinosaur features the voice of what Canadian-born New Zealand actress?,ace_packed_160,ace_packed_160,0.28908332574467893,0.27769670966150073,0.27871526553398124,0.3259452665957029,0.6666666666666666,154,3,0.0,0.8,160,3,1.0,1.0,151,3,0.0,0.0
5a78d16455429974737f78bb,"Between two scientists Ernst Messerschmid and Philippe Perrin, who is older?",chunk_packed_160,ace_packed_160,0.2978976392009814,0.29138238800166905,0.2947795201776503,0.29257408150815223,0.6666666666666666,158,5,0.0,0.8,154,5,0.0,0.8,154,5,0.0,0.8
5ae78f3b554299540e5a5608,Mr. & Mrs. Mxyzptlk is an episode of the superhero TV series that originally aired on what network?,chunk_packed_160,ace_focused_160,0.37006766681634373,0.39795929560145904,0.3969835172546011,0.3338948637618432,0.42857142857142855,159,3,0.0,0.0,160,4,0.0,0.0,155,4,0.0,0.0
5a80c79155429938b61421da,"How many seasons has a popular tv show had, in which one of the episodes is called Moho House?",chunk_packed_160,ace_packed_160,0.266513160596374,0.2640280187235634,0.29228742186581447,0.26418386902524604,0.25,155,4,1.0,1.0,149,4,1.0,1.0,151,4,1.0,1.0
5a7100435542994082a3e4a3, Are Finding Kraftland and Shikashika both frozen drinks?,ace_packed_160,ace_focused_160,0.26024615483262,0.2536980378442624,0.25263190544181635,0.3054079224812372,0.5,155,4,0.0,0.0,153,4,0.0,0.0,132,3,0.0,0.0
5a8f08c2554299458435d531,"Giuseppina Tuissi played a role in the execution of a National Fasict Party leader, as well as what female associated with the leader?",chunk_packed_160,ace_focused_160,0.26513752996342604,0.257362880739185,0.2765435875788928,0.24463712839784857,0.25,139,3,0.0,0.0,157,3,1.0,1.0,152,3,1.0,1.0
5adca8215542994ed6169bbc,"Which American actor tries to make his long distance relationship with Priya work in ""The Infestation Hypothesis""  ",chunk_packed_160,chunk_packed_160,0.30062576611665515,0.36973276112501696,0.3553973150291113,0.18873800708714117,0.0,148,3,0.0,0.4,158,4,0.0,0.0,158,5,0.0,0.0
5add6b595542992200553b0c,"Where was the artist behind ""Shit"" born and raised?",chunk_packed_160,ace_packed_160,0.2212829653689058,0.207704316802639,0.23576867339235505,0.22565205806187758,0.6666666666666666,150,4,0.0,0.0,140,4,0.0,0.0,147,4,0.0,0.0
5a8ef2a75542995a26add583,Seven Brief Lessons on Physics was written by an Italian physicist that has worked in France since what year?,chunk_packed_160,ace_packed_160,0.344252486645171,0.38470896120635284,0.36885801284446396,0.3719826987932866,0.42857142857142855,150,3,1.0,1.0,148,4,1.0,1.0,159,4,1.0,1.0
5a74684655429929fddd8410,"Which American music star appeared as a guest in a Will & Grace episode called ""Back Up, Dancer""?",chunk_packed_160,chunk_packed_160,0.30543110042640775,0.33374824388757995,0.33525630345456975,0.3323921549577913,0.42857142857142855,145,3,0.0,0.6666666666666666,153,3,0.0,0.6666666666666666,158,3,0.0,0.6666666666666666
5ae635505542992ae0d16282,Where was the comedian from And There's More born? ,chunk_packed_160,chunk_packed_160,0.3360928179000866,0.24550709305673218,0.24211285158169582,0.21436128422801823,0.1111111111111111,132,4,0.0,0.0,160,4,0.0,0.0,154,5,0.0,0.0
5a7b55375542995eb53be91f,"Who did the player nicknamed ""The Human Highlight Film"" play for after he left the Atlanta Hawks?",chunk_packed_160,ace_packed_160,0.2606488432279366,0.2838157660331403,0.27959774124802617,0.271373863535861,0.6666666666666666,151,3,0.0,0.0,139,3,0.0,0.0,158,4,0.0,0.0
5ae3263455429928c4239634,"On November 2, 2010, John Spratt lost to an AMerican politician who served in the South Carolina General Assembly from 2007 until when?",chunk_packed_160,ace_packed_160,0.3219286900717974,0.29185282562149684,0.31911390148005436,0.3222007362165565,0.42857142857142855,156,4,1.0,1.0,154,4,1.0,1.0,160,4,1.0,1.0
5a719bf25542994082a3e891,The astronomer who formulated the theory of stellar nucleosynthesis co-authored what landmark paper?,ace_packed_160,ace_focused_160,0.2579937068999486,0.3082508206942502,0.28450342005714657,0.3291869348124258,1.0,159,4,0.0,0.0,160,3,0.0,0.0,144,4,0.0,0.0
5ae618325542996de7b71b56,"Gerald Grosvenor, 6th Duke of Westminster was succeeded by the British aristocrat who is estimated to be worth how much?",chunk_packed_160,ace_focused_160,0.33638054886714186,0.34870386957573535,0.3435435595843882,0.34462681820334384,1.0,146,3,0.0,0.0,154,4,0.0,0.0,150,3,0.0,0.4
5ab7f0015542992aa3b8c88b,Who did the Star and Dagger bass player marry?,ace_packed_160,chunk_packed_160,0.19764848399798582,0.2484600331967216,0.25440473869446073,0.2932391973696571,0.25,158,4,0.0,0.0,160,4,0.0,0.0,160,4,0.0,0.0
5a7dafe15542991319bc93f3,What was the breakthrough role for the English Actor starring in Feed the Beast,chunk_packed_160,chunk_packed_160,0.2214237356902376,0.2732729277605465,0.30322080146590347,0.23521689575461185,0.25,141,2,0.0,0.0,150,3,0.0,0.0,158,3,0.0,0.0
5a90c8165542995651fb51ee,What uprising did Sean Heuston take part in and executed at Kilmainham Gaol for?,chunk_packed_160,ace_focused_160,0.2627575438749056,0.2774127174059131,0.27687183782564606,0.27147285534583127,0.6666666666666666,158,4,0.0,0.6666666666666666,160,3,0.0,0.6666666666666666,137,3,0.0,0.6666666666666666
5ab47e0a5542990594ba9c32,Who is the current governor of the state where former wrestler Stephen Cepello painted the Governor's Mansion?,chunk_packed_160,ace_focused_160,0.31174102886005706,0.32494831220825304,0.32804860291644633,0.3210562010573512,0.6666666666666666,156,4,0.0,0.0,157,4,0.0,0.0,151,4,0.0,0.0
5a88abf75542997e5c09a6a1,"In what city was the second bowl game to air on all the ""big four"" television networks played?",ace_packed_160,chunk_packed_160,0.22944031411960686,0.2872837932000222,0.26994218955237387,0.3664908520460515,0.25,134,3,0.0,0.0,157,3,0.0,0.0,152,3,0.0,0.0
5a8e41735542995085b37406,"What is the county seat of the county in which Keokuk Falls, Oklahoma is loated?",ace_packed_160,ace_packed_160,0.33432867170688685,0.32289048537851783,0.3396766811168024,0.42582811219386707,0.6666666666666666,157,3,0.0,0.0,149,5,0.0,0.0,156,4,0.0,0.0
5ae0968955429924de1b7105,When was the rock band to which Pre-Creedence name was changed active? ,chunk_packed_160,ace_packed_160,0.3319442310232863,0.34961807526522304,0.33449299730829335,0.328129128581907,0.25,160,4,0.0,0.0,156,5,0.0,0.0,156,5,0.0,0.0
5ac0d9a35542992a796ded90,Are Hungry Hungry Hippos and Parcheesi both published by Parker Brothers?,chunk_packed_160,chunk_packed_160,0.31267454956433655,0.3098979148793626,0.3198525415851275,0.3065734635677141,0.6666666666666666,147,3,0.0,0.0,147,3,0.0,0.0,159,4,0.0,0.0
5adf4b335542993a75d264a5,Paul DeBoy is known for an appearance in the Western action-adventure game developed by which company?,ace_packed_160,chunk_packed_160,0.257381863245871,0.2746068210744257,0.2824325466004539,0.29233744388481187,0.42857142857142855,130,3,0.0,0.4,132,3,0.0,0.4,143,3,0.0,0.4
5a7a8a9c554299042af8f666,The lamp used in many lighthouses is similiar to this type of lamp patented in 1780 by Aimé Argand?,ace_packed_160,ace_packed_160,0.2985304588040568,0.3128888522318802,0.30684020764588416,0.3674027812571944,1.0,150,4,1.0,1.0,144,4,1.0,1.0,159,4,0.0,0.5
5ae6914755429908198fa627,Brian Olsen was the lst WEC heavyweight champion before the promotion company founded in what month purchased the organization?,chunk_packed_160,ace_packed_160,0.3243928169090896,0.37240913261833264,0.35901937745636636,0.3479383903198991,1.0,158,4,0.0,0.6666666666666666,149,4,0.0,0.6666666666666666,153,4,0.0,0.0
5a85f8665542994775f606ce,"Runaway Scrape events of the Texas Revolution, culminating in this Battle, was a fight that lasted how long?",chunk_packed_160,chunk_packed_160,0.2806877301416127,0.29708231335175395,0.28762152575723127,0.30866393824136806,1.0,157,3,1.0,1.0,151,3,0.0,0.0,146,3,0.0,0.0
5a8135cc55429903bc27b943,"In the USA, gun powder is used in conjunction with this to start the Boomershot.",chunk_packed_160,ace_packed_160,0.2529199486138161,0.2530182508065989,0.25425489612463104,0.2687059132349706,0.6666666666666666,154,3,0.0,0.5,140,2,0.0,0.6666666666666666,154,3,0.0,0.0
5a738b855542992d56e7e363,"Which hospital opened first, St. Elizabeths Hospital or Providence Hospital?",ace_packed_160,ace_focused_160,0.29611227407557517,0.29310823082992343,0.2968438746990838,0.3607467673163819,0.42857142857142855,158,3,1.0,1.0,160,4,1.0,1.0,151,5,1.0,1.0
5ade0fb95542997545bbbe39,How long is the river for which Frenchmans Creek is a tributary?,ace_packed_160,chunk_packed_160,0.30583694535809935,0.30083147975207225,0.30203141381181703,0.3655889295041471,1.0,142,4,0.0,0.5,153,4,0.0,0.5,142,4,0.0,0.5
5adf715b5542992d7e9f9354,The Minister for Defence Industry is currently the member of the Australian House of Representatives from what city?,ace_packed_160,chunk_packed_160,0.3409170128181205,0.2512491145280129,0.33035873130873245,0.43582257929724766,0.6666666666666666,157,4,0.0,0.0,158,4,0.0,0.0,157,4,0.0,0.0
5ae07c6255429924de1b70d6,"What is the top speed of the faster roller coaster, between The Riddler's Revenge and Green Lantern ?",ace_packed_160,ace_focused_160,0.29817950517081643,0.30176294167596385,0.30165684240355567,0.3454391583683777,0.6666666666666666,154,3,0.0,0.0,149,3,0.0,0.5,133,3,0.0,0.5
5ab42d5755429942dd415eaf,"""Lost!"" is a song by a British rock band formed in what year?",ace_focused_160,ace_focused_160,0.243768995767857,0.2470819136884388,0.25971024129921244,0.46386645244045965,0.42857142857142855,158,4,0.0,0.0,160,4,1.0,1.0,130,3,1.0,1.0
5abc0ba05542996583600409,"Of all the teams John Nyskohus played for, which team was known as ""the Black and Whites?""",chunk_packed_160,ace_focused_160,0.25278060794138774,0.24224986850542113,0.2629229689580711,0.2542416023550437,0.25,153,3,0.0,0.0,153,3,0.0,0.0,152,3,0.0,0.0
5ae8164d5542994a481bbeb6,Emily Beecham is best known for her role in a televsion series whose second season premiered on what date?,chunk_packed_160,ace_packed_160,0.3094363252642079,0.35510772352582576,0.3394112436504463,0.25803827549300623,0.1111111111111111,152,4,0.0,0.0,147,4,0.0,0.0,158,5,0.0,0.0
5a84f4c75542997175ce1f31,Which Italian composer was known for his long-flowing melodic lines and was included in the repertoire of Maria Callas?,chunk_packed_160,chunk_packed_160,0.33924220772803804,0.35451929287612793,0.36814921309587084,0.3481232515020091,0.6666666666666666,128,3,0.0,0.33333333333333337,148,4,0.0,0.33333333333333337,148,4,0.0,0.33333333333333337
5adfb4b8554299603e418381,What do Káťa Kabanovát and Der ferne Klang have in common?,chunk_packed_160,ace_focused_160,0.2751280280084485,0.3045068255585949,0.2981111393941023,0.2656808391966214,0.42857142857142855,154,4,0.0,0.0,157,4,0.0,0.0,127,3,0.0,0.0
5ab51dae5542991779162d82,Are both Elko Regional Airport and Gerald R. Ford International Airport located in Michigan?,chunk_packed_160,ace_focused_160,0.33323357133925524,0.33588610505078653,0.33499385204675086,0.35680374299764117,1.0,150,3,0.0,0.0,153,4,1.0,1.0,140,3,1.0,1.0
5a774e415542994aec3b7280,Who fills in occasionally for the meteorologist who replaced  Ginger Zee ?,chunk_packed_160,ace_focused_160,0.27838613879581564,0.2693788546619674,0.28342892396806746,0.30096660477776527,0.6666666666666666,155,4,1.0,1.0,157,4,1.0,1.0,136,3,1.0,1.0
5ab84c6955429916710eb021,What genre of composers were both Claudio Monteverdi and Georges Bizet? ,ace_packed_160,ace_packed_160,0.2522272508014298,0.24431162276594026,0.2482711623497336,0.28314759810540696,1.0,152,3,1.0,1.0,151,3,1.0,1.0,148,3,0.0,0.0
5a7339c85542991f9a20c6a2,What is the nickname of the county in Northern Ireland where the Tandragee killings took place?,ace_packed_160,ace_packed_160,0.26040521056146104,0.2665023597803892,0.2675055532494893,0.34425785890408866,0.6666666666666666,158,3,0.0,0.5,131,3,0.0,0.5,137,3,0.0,0.5
5ab97b27554299131ca4233c,What characteristics do Rosario Castellanos and Arthur Hailey  share?,ace_packed_160,ace_packed_160,0.25929091185788633,0.21582346912340944,0.2623723001902928,0.3113056611180657,1.0,160,4,0.0,0.0,152,4,0.0,0.0,153,4,0.0,0.0
5adcdf455542994ed6169c11,What where both Hawker Hurricane and No. 1455 Flight apart of?,chunk_packed_160,ace_packed_160,0.293052998506265,0.28489384951680374,0.29753206691207357,0.29723367994092853,0.6666666666666666,155,3,0.0,0.0,150,2,0.0,0.0,158,3,0.0,0.0
5aba74ad55429955dce3ee35,"Are Ural Federal University and California State Polytechnic University, Pomona both public universities?",chunk_packed_160,ace_packed_160,0.3595234648441763,0.36485386711637724,0.36455766335275547,0.38641785409179175,0.42857142857142855,158,3,0.0,0.0,143,4,0.0,0.0,149,3,0.0,0.0
5a83316b5542993344745fe5,What is the name of the show that the man that was drafted eighth overall in the 1995 NFL Draft co-hosts?,ace_packed_160,ace_focused_160,0.2262596872344767,0.24976791798262948,0.2358457534001392,0.28188136125877467,0.25,157,3,0.0,0.0,157,3,0.0,0.0,154,3,0.0,0.0
5ae7ee41554299540e5a56b0,Paul Maynard became Rail Minister after the entrance of the Prime Minister who took office in what year?,chunk_packed_160,chunk_packed_160,0.300088888378949,0.2978956898252506,0.3150634467004382,0.30784429194547647,0.42857142857142855,129,3,1.0,1.0,144,4,1.0,1.0,143,3,1.0,1.0
5ab9379a554299753720f79d,"Which University, University of New South Wales or Purbanchal University was established first ?",ace_packed_160,ace_packed_160,0.34671117089323095,0.3500177976695906,0.3416879250884737,0.3963110751041838,0.6666666666666666,156,4,0.0,0.28571428571428575,149,3,1.0,1.0,149,4,0.0,0.28571428571428575
5adf21bc5542993344016bf4,Lost in Time includes the theme song for a French/Japanese anime series that was created by who?,chunk_packed_160,chunk_packed_160,0.2829216260123902,0.21843544416295288,0.27316573612307515,0.271918645429833,0.6666666666666666,154,3,0.0,0.0,159,3,0.0,0.0,160,4,0.0,0.0
5a8e3ed7554299068b959e82,"Which band did this American businessman, music publisher, writers' representative, filmmaker and record label executive manage while simultaneously managing this group of the album ""More Hot Rocks?""",ace_packed_160,chunk_packed_160,0.24089596938233082,0.28811785113768296,0.26429381691039433,0.29364620416381754,0.6666666666666666,136,2,0.0,0.0,145,3,0.0,0.0,145,3,0.0,0.0
5a7d2b5755429907fabef0c2,To what team was the 2014 NBA Rookie of the Year traded in October 2016? ,ace_packed_160,ace_packed_160,0.2523111108955465,0.2654610589567177,0.2631550834637317,0.3167416412532469,0.42857142857142855,155,3,0.0,0.0,152,3,0.0,0.0,157,4,0.0,0.0
5a74c3f455429979e2882a0a,What product by FLEXcon represents data by geometric patterns?,chunk_packed_160,ace_focused_160,0.22275986538779546,0.21581493713023275,0.21764314622391,0.23815715775113405,0.42857142857142855,157,3,0.0,0.0,153,3,0.0,0.0,151,4,0.0,0.0
5a7a06525542990198eaf04f,Who was born first David Draiman or Terry Kath?,ace_packed_160,ace_focused_160,0.23914439895823095,0.2539712560584385,0.25270520465852014,0.31066821744585676,0.25,160,3,0.0,0.0,148,4,0.0,0.0,140,4,0.0,0.0
5ab2ce27554299545a2cfa98,The project that Jeder Rappen zählt is inspired by began in what year?,chunk_packed_160,ace_focused_160,0.3476990601402179,0.4102438572936272,0.39347408256509836,0.3390190715582526,0.42857142857142855,136,3,0.0,0.0,134,3,0.0,0.0,128,3,0.0,0.0
5a810506554299260e20a202,"What is the birth date of this American composer, who composed the Ghost Quartet?",chunk_packed_160,ace_focused_160,0.26536017599113393,0.272378562221733,0.26121424220530126,0.23755371269266462,0.1111111111111111,148,4,1.0,1.0,151,3,1.0,1.0,134,3,1.0,1.0
5ab2999a554299194fa9342f,Huell Howser provided the voice of Backson in Disney's what numbered animated film?,chunk_packed_160,ace_packed_160,0.24272408148458952,0.2735844207688934,0.2802996453209864,0.2532969373034806,0.42857142857142855,156,3,0.0,0.0,152,4,0.0,0.0,156,3,0.0,0.0
5ab9d6ef5542994dbf01985b,What country of origin does  Dana Ivey and Two Weeks Notice have in common?,ace_packed_160,ace_packed_160,0.2614507681267703,0.2679830561671172,0.28518980633889884,0.30159050800104414,0.6666666666666666,143,2,0.0,0.0,133,3,0.0,0.0,133,3,0.0,0.0
5a7ba4765542995eb53be976,Who played a lead role in Dhool and has been awarded an Honorary Doctorate by the People's University of Milan?,chunk_packed_160,chunk_packed_160,0.29242732481383377,0.31009700433634446,0.3090930989389415,0.28563924289678955,0.6666666666666666,144,3,1.0,1.0,146,3,1.0,1.0,146,3,1.0,1.0
5ac294b955429921a00aafd0,"Which magazine was created first, Macworld or Soaps In Depth?",ace_packed_160,ace_focused_160,0.28172123366285107,0.30136168772300476,0.30762726714081917,0.36983074679170447,0.42857142857142855,156,3,0.0,0.0,153,4,0.0,0.0,153,4,1.0,1.0
5a773d8955429966f1a36cc4,What is the first year that the second largest university in Alabama fielded a football team?,ace_packed_160,ace_focused_160,0.27131420054278166,0.31103883683207567,0.29022589992628245,0.3380277996890851,0.42857142857142855,159,3,0.0,0.0,159,3,0.0,0.0,159,3,1.0,1.0
5ae0f5fc554299422ee9957c,Who did Neleus of Scepsis study under in addition to Theophrastus in the Peripatetic school?,ace_packed_160,chunk_packed_160,0.2637053014227381,0.28261434974114175,0.27365518979594816,0.32250394968399243,0.6666666666666666,149,4,0.0,0.0,154,4,0.0,0.0,156,4,0.0,0.0
5a8edb7f55429917b4a5bdeb,Is 4 World Trade Center or Trump Palace Condominiums higher?,ace_packed_160,ace_packed_160,0.29383243563249567,0.2961468582049195,0.289447630762144,0.3994842181654299,0.6666666666666666,160,3,0.0,0.75,157,5,1.0,1.0,157,5,0.0,0.0
5ae612f3554299546bf83065,Which musician who first became famous in the late 1960s and early 1970s is Inner Secrets  the ninth studio album by,ace_packed_160,ace_focused_160,0.26535715197906123,0.27950816027042,0.2952928399075174,0.37469278771695635,0.42857142857142855,153,3,0.0,0.0,152,3,1.0,1.0,148,2,1.0,1.0
5a88db445542993b751ca88a,"Which Italian classical composer, conductor, and teacher born in 1750 composed this four-movement serenade in B-flat major for five instruments (2 oboes, 2 horns and 1 bassoon)?",chunk_packed_160,chunk_packed_160,0.34272608969715335,0.4020303846541733,0.39928362600743506,0.35640068864442853,1.0,144,4,1.0,1.0,144,4,1.0,1.0,144,4,1.0,1.0
5a7a33a35542994f819ef14c,What is the middle name of the female MSNBC journalist critiqued on the Daily Howler?,ace_focused_160,ace_packed_160,0.2531437472494239,0.2891130586288973,0.26977677377837056,0.31162183451539194,0.42857142857142855,158,4,0.0,0.0,131,4,0.0,0.0,131,4,0.0,0.0
5ab8ae585542991b5579efd8,"In which year was the choreographer for ""Best Foot Forward"" born?",ace_packed_160,ace_focused_160,0.2659237283659998,0.26999592573807973,0.26618550993756396,0.33645224815226027,0.6666666666666666,154,4,0.0,0.0,159,4,0.0,0.0,148,4,0.0,0.0
5ab9535a5542996be202047e,"How many episodes were in the season of ""Rick and Morty"" that featured an episode called ""The Ricks Must Be Crazy""?",ace_packed_160,chunk_packed_160,0.33340983305727234,0.3715316908547195,0.35895634039398816,0.41005621062524056,0.42857142857142855,132,3,0.0,0.0,150,4,0.0,0.0,156,4,0.0,0.0
5adeffa85542992d7e9f926f,What genre of music was played by both Tappi Tíkarrass and INXS?,chunk_packed_160,chunk_packed_160,0.2985393077337674,0.2912720017851472,0.2986992794945178,0.3244015896495138,0.6666666666666666,131,3,0.0,0.0,156,4,0.0,0.0,135,4,0.0,0.0
5abcfc365542993a06baf9d6,"What year did the series on CBS, starring the actor who known for his role in ""Rebel Without a Cause,"" air?",ace_packed_160,ace_focused_160,0.24829567545958664,0.24083130803188108,0.24341963754737578,0.28856581609337023,0.42857142857142855,148,4,0.0,0.0,158,4,0.0,0.0,133,3,0.0,0.0
5a8b3de95542997f31a41cc3,In what year was the most famous statute at Po Lin Monastery built?,ace_packed_160,ace_packed_160,0.2660209792979292,0.29820146582580953,0.2797752842727047,0.3168646199004813,0.42857142857142855,157,4,0.0,0.0,146,2,0.0,0.0,151,4,0.0,0.0
5a8587dd5542997b5ce40000,What program did this Basham brother who appeared with World Wrestling Entertainment between 2002 and 2007 participated in 2007?,chunk_packed_160,ace_focused_160,0.2864335424917572,0.2996620630222643,0.29875725084947813,0.2969504708040281,0.6666666666666666,128,3,0.0,0.0,143,3,0.0,0.0,149,3,1.0,1.0
5ae55e6855429960a22e02d0,"When was the coach of ""2008 Texas Tech Red Raiders football team"" born? ",ace_packed_160,chunk_packed_160,0.42797178228701105,0.4182209737239535,0.42303897764321385,0.4696207395969474,0.42857142857142855,150,4,0.0,0.0,150,4,0.0,0.0,155,4,0.0,0.0
5a80c74f554299260e20a158,"Who else besides ""The Golden Jet"" was born in Point Anne, Ontario?",ace_packed_160,ace_packed_160,0.2506397395696348,0.2855122119496376,0.2667330085560534,0.2991438984051046,0.25,137,2,0.0,0.0,147,3,0.0,0.4,159,3,0.0,0.4
5a7543d555429916b01642ce,"Who was born more recently, Flula Borg, or Dirk Nowitzki?",ace_packed_160,ace_packed_160,0.25898992935983406,0.3092665412251048,0.2904775900824906,0.2912030069758541,0.42857142857142855,160,4,1.0,1.0,130,3,1.0,1.0,157,4,1.0,1.0
5a831af855429954d2e2ec1e,Are the 1908 Ex parte Young and 1948 McCollum v. Board of Education United States Supreme Court cases related to each other in any way?,chunk_packed_160,ace_focused_160,0.33728938855580526,0.3389601539986675,0.3470814564880599,0.30423473292001446,0.42857142857142855,159,4,0.0,0.0,159,4,0.0,0.0,158,3,0.0,0.0
5ae7909f5542994a481bbda6,Which of the teams for which Colin Kolles is the former team principal and managing director was sold and renamed Force India at the end of the 2007?,ace_packed_160,ace_focused_160,0.29856622287900025,0.3163100933872899,0.31498667987433204,0.4102659382242452,0.6666666666666666,149,2,0.0,0.0,150,3,0.0,0.0,141,3,0.0,0.0
5a89d26b5542992e4fca83d1,Leo A. Harris was also known for his handshake deal with Walt Disney that permitted the University of Oregon to use the likeness of what cartoon character created in 1934 at Walt Disney Productions?,ace_packed_160,ace_packed_160,0.35060552328005,0.3792571204562999,0.3687947704966669,0.4038327991934014,0.6666666666666666,158,2,1.0,1.0,149,3,1.0,1.0,158,2,1.0,1.0
5ade279e5542992fa25da6fa,Kent Dairy Round Barn is near the city in what Montana county?,ace_packed_160,chunk_packed_160,0.3261482119115018,0.3575863304525552,0.3529642308701597,0.43237155615346456,0.6666666666666666,141,4,1.0,1.0,141,4,1.0,1.0,141,4,1.0,1.0
5adc5b875542996e68525328,In which St. Louis Cardinal season did a player born in 1972 blow ten saves before undergoing season-ending hip surgery?,chunk_packed_160,ace_focused_160,0.24820060243911263,0.29072851828847035,0.2726921525326188,0.1976865531725151,0.0,159,3,0.0,0.0,160,5,0.0,0.0,155,3,0.0,0.0
5ae686535542996d980e7bdc,The Black Belly of the Tarantula starred an actress who married what former member of the Beatles?,ace_packed_160,ace_focused_160,0.23401490797342317,0.3233718935053173,0.33443236974071966,0.3837006342649938,0.6666666666666666,159,3,1.0,1.0,159,3,1.0,1.0,147,3,1.0,1.0
5a7c25035542997c3ec972e5,"Qazi is a Kashmiri singer that won ""Fame Gurukul"" along with a singer born where?",ace_packed_160,chunk_packed_160,0.3381878718866998,0.3680637304001492,0.36234471832703097,0.40534126177560503,1.0,151,5,1.0,1.0,151,5,1.0,1.0,151,4,1.0,1.0
5adebc51554299728e26c799,What band did both Delores Holmes and an inductee to the Rock and Roll Hall of Fame sing in?,ace_packed_160,ace_focused_160,0.2737192033199531,0.29590758383478694,0.2557182989883218,0.3181217549276236,0.25,157,3,0.0,0.0,158,4,0.0,0.0,156,4,0.0,0.0
5a88a19a5542997e5c09a64b,The American Sweetgum is the hostplant of what kind of bug?,ace_packed_160,ace_packed_160,0.2109381249164603,0.2587208929618693,0.24419738809075667,0.24140250337476687,0.6666666666666666,156,4,0.0,0.0,135,4,0.0,0.0,135,4,0.0,0.0
5a81346055429926c1cdad13,"What organization is known for having a president who was convicted of felony charges that was harbored by his brother, another high ranking member?",chunk_packed_160,ace_focused_160,0.2469738287956551,0.23696151386954806,0.25316703591536166,0.24581638869199124,0.25,156,3,0.0,0.1818181818181818,160,3,0.0,0.1818181818181818,144,3,0.0,0.2
5aded04755429975fa854fa7,What team won the XLII super bowl in their 48th overall season?,chunk_packed_160,ace_packed_160,0.29158301546749743,0.25436320904223564,0.26401684236134115,0.32096035144984547,0.42857142857142855,151,3,0.0,0.28571428571428575,142,3,0.0,0.8571428571428571,142,3,0.0,0.28571428571428575
5a85f4ec5542994775f606c6,"The technique 'panenka' was first used by a player of what nationality against ""Die Katze von Anzing""? ",chunk_packed_160,ace_focused_160,0.24282161620972195,0.25037589238092234,0.23399383180109096,0.25250675390371347,0.6666666666666666,159,3,1.0,1.0,159,3,1.0,1.0,154,3,1.0,1.0
5a7cdd6b55429909bec76858,"Which band formed earlier, Edward Sharpe and the Magnetic Zeros or Louis XIV?",ace_packed_160,ace_packed_160,0.39231385829527676,0.38609490499878585,0.3869251060402618,0.4326405761696409,0.6666666666666666,148,4,1.0,1.0,130,4,1.0,1.0,130,4,1.0,1.0
5a832e715542990548d0b1bf,What annual gathering that inlcudes David Starfire takes place at Black Rock City?,ace_packed_160,chunk_packed_160,0.28532966397415693,0.3319776000981978,0.3228093600543901,0.3802057049634553,0.42857142857142855,154,3,1.0,1.0,158,3,1.0,1.0,156,3,1.0,1.0
5adf73a45542992d7e9f9378,Philip Despencer's brother was a favorite of which king who was deposed in January of 1327?,ace_packed_160,chunk_packed_160,0.2565834536336648,0.2594946977689963,0.25628922353015793,0.3352926158975623,1.0,148,4,0.0,0.8,157,4,0.0,0.8,156,4,0.0,0.4
5ae328df55429928c423963c,"Dorothy Sarnoff's personal client list included what AMerican novelist, who has sold over 800 million copies of her books?",chunk_packed_160,chunk_packed_160,0.26682902592459856,0.25862030210362186,0.2642984190956771,0.2879680129377673,0.42857142857142855,158,4,1.0,1.0,159,4,0.0,0.3333333333333333,156,4,0.0,0.3333333333333333
5a8e0cb85542995085b373b2,"Which film was released first, The Celluloid Closet or Station to Station?",ace_packed_160,ace_focused_160,0.30567418618422204,0.2533701659244221,0.30659764860698585,0.34576393006577405,0.6666666666666666,154,4,1.0,1.0,136,3,0.0,0.0,147,4,1.0,1.0
5abe94fd55429965af743f37,Were both Sinclair Research and the Wave Mate Bullet founded in the 1970s?,ace_packed_160,ace_focused_160,0.2807132630229743,0.298217247915355,0.28307033729347203,0.3639780071174377,0.6666666666666666,150,3,0.0,0.0,155,3,0.0,0.0,148,3,0.0,0.0
5a7758895542994aec3b729c," Which American rock band, Sugar Ray or Against the Current gained mainstream fame in the 1990's?",ace_packed_160,chunk_packed_160,0.2892659478798546,0.31664619065133937,0.30789841098062365,0.3555615101783145,0.6666666666666666,158,4,0.0,0.0,158,4,0.0,0.0,158,4,0.0,0.0
5abd09585542996e802b469b,What year did the musical premiere that was based on the 2007 Irish romantic musical film of the same name?,ace_packed_160,ace_packed_160,0.27393720863336113,0.3026551828544439,0.2780371371988406,0.36316664503542595,0.6666666666666666,156,4,0.0,0.0,135,4,0.0,0.0,140,4,0.0,0.0
5abc0bea554299658360040d, Sir Johnston Forbes-Robertson was considered the finest at playing a character who was the king of which country ?,chunk_packed_160,ace_focused_160,0.3418392422661904,0.3282530338213513,0.3392524230034967,0.3511824892357319,1.0,156,4,0.0,0.5,142,3,0.0,0.0,133,3,0.0,0.5
5ac0805f5542992a796ded29,"When was the author of ""Albert Speer: His Battle with Truth""  convicted? ",ace_focused_160,ace_focused_160,0.272856196149414,0.3098918557639384,0.29977575345279456,0.3372859076409747,0.42857142857142855,159,3,0.0,0.0,145,3,0.0,0.0,132,3,0.0,0.0
5a888fe6554299206df2b2f7,"""Black Maverick"" is a biography of what American civil rights leader, fraternal organization leader, entrepreneur and surgeon?",ace_packed_160,ace_focused_160,0.24791959638252542,0.254474781322289,0.2337084373774847,0.444255402532687,0.6666666666666666,156,4,0.0,0.5714285714285715,159,4,0.0,0.8571428571428571,156,4,1.0,1.0
5a7757215542993569682d58,"What 2016 film stars actor Xavier Samuel and an actress who portrayed Vasilisa Dragomir in the film ""Vampire Academy""?",ace_packed_160,chunk_packed_160,0.28022566045458985,0.30498941407115043,0.3130512327949518,0.32699751859652704,0.42857142857142855,147,3,0.0,0.0,159,4,0.0,0.0,152,4,0.0,0.0
5a77a65b5542992a6e59df57,"when was the album that includes the song by Dustin Lynch released to country radio on February 17, 2017?",chunk_packed_160,chunk_packed_160,0.37657142195488247,0.3980777528985745,0.3931420125069638,0.30755644704678686,0.42857142857142855,155,4,1.0,1.0,157,5,0.0,0.0,157,5,1.0,1.0
5ae12a4b55429920d52342df,Baraki Barak District is situated in the western part of a province whose capital is what?,ace_packed_160,ace_focused_160,0.3233248892798569,0.3331839516328724,0.33160579248739774,0.5070771810474045,0.6666666666666666,146,4,0.0,0.0,159,4,0.0,0.0,137,3,0.0,0.0
5a89f5815542993b751ca9c5,In which role did Caroline Carver played in a 1999 Hallmark Entertainment made-for-TV fantasy movie?,ace_packed_160,ace_focused_160,0.24467407954941173,0.2908162593021488,0.27792591617725393,0.3641758731596113,0.42857142857142855,160,4,1.0,1.0,160,4,1.0,1.0,147,4,1.0,1.0
5ae531a95542990ba0bbb1fc,"In what year was the actress who was starred in ""Streak"" with Rumer Willis born?",chunk_packed_160,ace_focused_160,0.25054677467207476,0.258440224713335,0.2554372615892051,0.2705997697014567,0.25,158,4,0.0,0.0,160,4,0.0,0.0,156,2,0.0,0.0
5a7b443c5542992d025e67ce,"Who was the director behind the Cirque du Soleil show in Las Vegas that was first performed on December 25, 1993?",ace_packed_160,ace_packed_160,0.28825926788941425,0.3070333116793824,0.3020293543665632,0.3562937933312045,0.42857142857142855,148,3,0.0,0.0,156,4,1.0,1.0,139,3,0.0,0.0
5abe436455429976d4830ac6,Which American actors and comedian played a New York City tailor in The Angel Levine?,chunk_packed_160,chunk_packed_160,0.2864092562228144,0.35664880585244685,0.334744315164619,0.31118079637875656,0.1111111111111111,152,3,1.0,1.0,155,2,0.0,0.6666666666666666,155,2,0.0,0.6666666666666666
5ae5c74d554299546bf82f58,The Good Design movement is associated with what Danish furniture designer whose style is often described as Organic Functionality?,ace_packed_160,ace_focused_160,0.25297103618479977,0.26110995442998086,0.26411175408964316,0.3269244902983327,0.25,154,3,0.0,0.0,158,3,0.0,0.0,152,4,1.0,1.0
5ae3e5d05542994393b9e79f,The Devonshire Club was named in honor of which British landowner and politician?,ace_packed_160,chunk_packed_160,0.28019034750533944,0.32608190903223533,0.3255333102125967,0.3428338937312216,0.6666666666666666,148,3,1.0,1.0,157,4,1.0,1.0,157,4,1.0,1.0
5a72f74a55429901807daf59,"Which American comedian born on March 21, 1962, appeared in the movie ""Sleepless in Seattle?""",chunk_packed_160,chunk_packed_160,0.2940557886623301,0.256315901344796,0.28520234058458777,0.2759098652990059,0.6666666666666666,135,3,0.0,0.0,138,3,0.0,0.0,159,4,0.0,0.0
5ae54eea5542993aec5ec19d,"Which band was formed first, Wavves or Social Code?",chunk_packed_160,chunk_packed_160,0.3030573301883389,0.2942344963175777,0.2914046914493382,0.3068368511502122,1.0,134,4,1.0,1.0,157,4,0.0,0.0,134,4,0.0,0.0
5a8e32d35542995a26add480,"The Experts stars what actor known for ""Saturday Night Fever"" and ""Grease""?",ace_packed_160,ace_packed_160,0.293455253186469,0.28193325722862517,0.2776140960256929,0.3246439901771326,0.6666666666666666,160,4,0.0,0.0,160,4,1.0,1.0,158,4,0.0,0.8
5a8230af554299676cceb227,Have filmmakers Enrico Cocozza and Mira Nair both been nominated for awards for their work?,ace_packed_160,ace_focused_160,0.22273131298022517,0.2372082391997462,0.2417071789467497,0.2559656241219484,0.42857142857142855,145,3,0.0,0.0,160,4,0.0,0.0,140,4,0.0,0.0
5ae7316e554299572ea5477e,Band-e-Amir Dragons is named after the lakes in which Afghan national park?,ace_packed_160,chunk_packed_160,0.3652221985070805,0.35973447881397347,0.3561606972172343,0.4351222536765206,0.6666666666666666,150,4,1.0,1.0,157,5,0.0,0.5714285714285715,157,5,1.0,1.0
5ac194db55429964131be23a,"What was the official religion of the lands of the husband of Dorothea of Denmark, Duchess of Prussia?",ace_packed_160,ace_packed_160,0.3619629157327241,0.3696290971142925,0.3678494850660097,0.39293598574762423,0.42857142857142855,155,3,0.0,0.0,148,3,0.0,0.0,160,3,0.0,0.0
5ab2979c554299449642c919,"Pawnography, featuring Richard Corey Harrison, is filmed in what shop and town?",chunk_packed_160,ace_packed_160,0.25307949895768994,0.2558063868591447,0.25512416942355154,0.26778167672738395,1.0,150,3,0.0,0.4444444444444445,151,2,0.0,0.7272727272727273,153,3,0.0,0.6666666666666666
5a86e6f65542994775f6077c,"How many Indians were killed in the massacre that ""kyáiyótokan"" was a survivor of?",ace_packed_160,ace_focused_160,0.2575047679293503,0.30156558373796466,0.2696572831542655,0.3542029932319043,0.42857142857142855,157,3,0.0,0.6666666666666666,160,4,0.0,0.6666666666666666,146,3,0.0,0.6666666666666666
5a85ee635542994775f606b4,"Which lake is located further south, Dal Lake or Waterton Lake?",ace_packed_160,ace_focused_160,0.25451595025475815,0.257462218202524,0.257850116423302,0.3202457553014363,0.6666666666666666,150,3,0.0,0.5,154,3,0.0,0.5,146,3,0.0,0.5
5abbfa8f55429965836003cc,"What is the English translation of the tier four league that TSV Schilksee was promoted to in 2014, following a league championship in the Schleswig-Holstein-Liga?",chunk_packed_160,chunk_packed_160,0.3981631094465091,0.4327110375236499,0.4209323949270237,0.35563101873364744,0.6666666666666666,148,3,0.0,0.0,156,4,0.0,0.0,156,4,0.0,0.0
5ae3789b5542992e3233c412,Riom Trial was headed by the French general who reached what distinction?,ace_packed_160,ace_focused_160,0.2637141176738222,0.30465959577183777,0.2907023670034967,0.3126327563998016,1.0,158,3,0.0,0.28571428571428575,159,3,0.0,0.28571428571428575,156,3,0.0,0.4
5ab344fc55429969a97a811e,Do Bloody Mary and Sidecar share any ingredients in common?,ace_packed_160,chunk_packed_160,0.2361747870042465,0.2477235793590899,0.25778732536307963,0.29466856485870974,0.42857142857142855,158,4,1.0,1.0,159,3,1.0,1.0,158,4,1.0,1.0
5a7a88e455429941d65f268c,Where is the historic meeting venue built in a style taught at the Ecole des Beaux-Arts?,ace_packed_160,ace_focused_160,0.27218447842270616,0.28091989291785,0.28750259392807165,0.3419392405493429,0.1111111111111111,159,3,0.0,0.0,155,4,0.0,0.0,147,4,0.0,0.0
5a8634fe554299211dda2aac,What athletic conference did the conference that the Colgate Raiders women's ice hockey team play in used to be affiliated with?,ace_packed_160,chunk_packed_160,0.3424214994298521,0.3458626409723742,0.3436598885041299,0.4039521598300062,0.6666666666666666,147,4,0.0,0.0,147,4,0.0,0.0,147,4,0.0,0.0
5ae54b4f5542990ba0bbb261,What type of veterinary specialist is the star veterinarian of The Bionic Vet?,chunk_packed_160,chunk_packed_160,0.35450793024419863,0.31731548878455224,0.3614147975600432,0.35300999216142803,0.6666666666666666,123,4,1.0,1.0,153,3,0.0,0.0,151,5,1.0,1.0
5ac25fa955429951e9e6858c,what is the principal activity of the company  which holds that which  Robert Melville previously worked with,chunk_packed_160,chunk_packed_160,0.2794182206296383,0.26311759077516217,0.27659126940295903,0.24481833434667655,0.6666666666666666,156,4,0.0,0.25,156,4,0.0,0.0,154,3,0.0,0.0
5ab44cd555429942dd415f10,Rafael de Souza Pereira is a defensive midfielder for what organization that is the top level of the Mexican football league system?,ace_packed_160,chunk_packed_160,0.2998482273711257,0.32541629605153166,0.30442517061862007,0.37040089883446736,0.6666666666666666,141,4,0.0,0.0,148,4,0.0,0.0,158,4,0.0,0.0
5a761e855542994ccc9186e0,Where are Catcha Lake and Hedley Mascot Mine located?,ace_packed_160,ace_packed_160,0.30064376414025024,0.29279555749249453,0.2985147157396658,0.3734564783345715,0.6666666666666666,156,3,0.0,0.0,160,5,0.0,0.33333333333333337,154,3,0.0,0.0
5a87defa5542993e715abfec,"Nicholas Scibetta's hit man brother-in-law, who confessed to being involved in the murder of 19 people, helped prosecutors convict what Gambino family boss?",chunk_packed_160,chunk_packed_160,0.2768008877996836,0.2917996637285594,0.27957012509137724,0.28763487481862804,0.6666666666666666,136,3,1.0,1.0,137,3,0.0,0.0,136,3,1.0,1.0
5ab827a555429934fafe6cf5,This 2016 biographical sports comedy-drama film stars Taron Egerton as a skier who finished last in what events?,chunk_packed_160,ace_packed_160,0.28250092934821636,0.3308591463882594,0.3076138052049461,0.2947647467076767,0.6666666666666666,159,2,0.0,0.0,152,4,0.0,0.0,159,3,0.0,0.0
5ab5fcae554299110f2199ad,"Which son of Rick Barry was born first, Brent Robert Barry or Drew William Barry?",chunk_packed_160,ace_packed_160,0.2929017205022648,0.313890265641268,0.3048850692643661,0.30480847756298957,0.6666666666666666,160,4,1.0,1.0,153,4,1.0,1.0,155,4,1.0,1.0
5abd01205542992ac4f3819b,Mummulgum is a stop on the Bruxner Highway before reaching the town on the banks of which river?,chunk_packed_160,ace_focused_160,0.29589420840141134,0.2864125870374171,0.31638050554861524,0.3121001046846901,0.42857142857142855,147,3,0.0,0.0,160,4,0.0,0.0,146,4,0.0,0.0
5ae3305c55429928c423965f,In Person is a 1935 film starring an actress born in what year?,ace_focused_160,ace_focused_160,0.31401968586724505,0.31619542536883,0.3258265882997866,0.46884136140094723,0.25,159,5,0.0,0.0,143,4,0.0,0.0,135,4,0.0,0.0
5ac249bd55429951e9e68528,What flow of goods and services were managed and distributed by General Blood?,chunk_packed_160,ace_packed_160,0.24892802383453788,0.24278737851813642,0.24715983783879025,0.2718109731844678,0.42857142857142855,159,3,0.0,0.0,148,2,0.0,0.0,152,3,0.0,0.0
5adf98215542993344016d19,"In what London botanical garden can you find the fungus described by Elise Maud Wakefield as ""Lepiota""?",ace_packed_160,chunk_packed_160,0.2501303295221851,0.2826240734816291,0.25769794514635785,0.28041600468862304,0.6666666666666666,142,2,1.0,1.0,159,2,1.0,1.0,150,3,1.0,1.0
5a745a6055429974ef308be4,"Which of the following works was completed first, Something Wicked This Way Comes or The Wind in the Willows?",ace_packed_160,ace_packed_160,0.30584853806041545,0.30838169489101086,0.3075568132595754,0.3639557233726656,1.0,160,3,0.0,0.0,130,3,1.0,1.0,149,4,1.0,1.0
5ab9d2e255429955dce3ed90,What was the estimated population of the city that Luis Villalta Aquino was from in 2012?,ace_packed_160,ace_packed_160,0.23782840502665603,0.26559601164281144,0.2647419809458355,0.3355553966073779,0.25,143,3,0.0,0.0,138,3,0.0,0.0,146,4,0.0,0.0
5a8ea03e5542990e94052b81,Atlanta Zero Mile Post is located within a historic area opened in what year ?,ace_packed_160,ace_packed_160,0.302795791367906,0.3283941028855274,0.3167031571636021,0.35102242437020803,0.42857142857142855,146,3,0.0,0.0,138,3,0.0,0.0,154,3,0.0,0.0
5a9052765542995651fb513d,"Which author is an economist, Czesław Miłosz or Bhabananda Deka?",chunk_packed_160,ace_packed_160,0.2850654679137906,0.21844193314010424,0.21007824322556595,0.30876344660098226,0.6666666666666666,153,3,0.0,0.0,148,4,0.0,0.8,151,3,0.0,0.8
5adbd3405542994650320bf8,"Who was a member of ""Cheney"", who won 'Song of the Year' in 2009, Chris Cheney or Mikael Åkerfeldt?",ace_packed_160,ace_packed_160,0.24053244336071058,0.2433905047963976,0.2616588547459168,0.30924487815947754,0.42857142857142855,141,3,0.0,0.0,141,3,0.0,0.4,154,3,0.0,0.0
5ae1091055429920d523429b,The seventh largest inhabited island in Hawaii has what remote wild beach?,ace_packed_160,ace_packed_160,0.22144053777295566,0.24259140794427253,0.2264919498960089,0.3124560611567571,0.25,150,3,0.0,0.0,160,5,1.0,1.0,151,5,0.0,0.0
5add7b0c5542992200553b39,The 2013 Oregon Ducks football team was led by which former American football coach who is currently a college football analyst for Fox Sports?,chunk_packed_160,chunk_packed_160,0.37672718733261307,0.39740140693696246,0.3925352002691802,0.3889092272848956,0.6666666666666666,142,3,1.0,1.0,152,5,1.0,1.0,152,5,1.0,1.0
5ae236da5542994d89d5b397,"When was the American actor, film director which  Dana Brunetti is the president of his company born ",chunk_packed_160,ace_focused_160,0.29982207591525933,0.3299261246654618,0.3347101680906899,0.298369210670226,0.25,154,4,0.0,0.0,155,4,0.0,0.0,153,4,0.0,0.0
5abbd3ac55429931dba1458b,Are both Duke Energy and Affiliated Managers Group based in Massachusetts?,ace_packed_160,ace_focused_160,0.30743657105400607,0.310625765374566,0.32687670319679474,0.3426183600899666,1.0,153,4,1.0,1.0,151,4,1.0,1.0,145,4,1.0,1.0
5abe535055429976d4830aea,Where is the transportation company that owns Talbot based in?,chunk_packed_160,ace_packed_160,0.3588443783854872,0.35753973485956064,0.36107303792055057,0.36149301719004334,0.6666666666666666,156,4,0.0,0.0,145,3,0.0,0.0,145,3,0.0,0.0
5ac3a2fa5542993915413857,This One's for the Children had lead vocals by the singer and songwriter of what nationality?,chunk_packed_160,ace_focused_160,0.34962559836168317,0.24244673297774869,0.3412855500491603,0.3584794055692965,0.1111111111111111,160,4,1.0,1.0,152,5,0.0,0.0,151,4,1.0,1.0
5ab58f9a554299488d4d99da,"What is the birthday of this Anglo-Irish actress, courtean, and mistress, who was the mother to the illegitimate daughter of King William IV?",chunk_packed_160,ace_focused_160,0.27774173985563033,0.2991732856613524,0.28067018421062273,0.28210221108845046,0.42857142857142855,145,3,0.0,0.0,135,3,0.0,0.8,139,3,1.0,1.0
5abd0b6b5542996e802b46b4,Finally includes the song that peaked at what on the US Hot 100,ace_packed_160,chunk_packed_160,0.2580787474825712,0.27186943691105486,0.2686055704549491,0.3958061341065573,0.0,136,2,0.0,0.6666666666666666,153,4,0.0,0.0,159,4,0.0,0.0
5ae76e615542997ec2727647,Alternative facts is a phrase use by this U.S. Counselor to the President born in what year?,ace_packed_160,chunk_packed_160,0.284721291658694,0.3084770898479431,0.30822829394977413,0.3840646091162605,0.6666666666666666,153,3,1.0,1.0,155,4,1.0,1.0,154,4,1.0,1.0
5a7d1868554299452d57bae2,The Shrewsbury & Newport Canals Trust promotes the restoration of what navigable canal in England?,chunk_packed_160,ace_packed_160,0.366086231054646,0.40372771293237275,0.3873796432037067,0.3763095890817232,1.0,148,3,0.0,0.4,136,3,0.0,0.4,160,3,0.0,0.4
5a8682755542996432c571cf,What is the official English name of the country in which Ain Timguenai is located?,chunk_packed_160,ace_packed_160,0.2813275899627341,0.33191461290485313,0.312206150506638,0.30984770161336417,0.6666666666666666,153,3,0.0,0.5,146,4,0.0,0.5,155,4,0.0,0.5
5ac02d59554299294b218f3b,"The music composer of the film Angaaray, Aadesh Shrivastava died from what at age 51?",chunk_packed_160,ace_focused_160,0.2951758298228316,0.29891713965535044,0.3010149151640268,0.3059796675198835,0.25,159,3,0.0,0.0,157,4,0.0,0.0,158,3,0.0,0.25
5aba71be5542994dbf01990c,Panic! at the Disco released their 5th studio album on what date?,chunk_packed_160,ace_focused_160,0.329115374284067,0.32821094276197804,0.3327822948998225,0.34213387893179303,0.42857142857142855,148,3,0.0,0.0,159,4,1.0,1.0,147,4,1.0,1.0
5a7b77d95542997c3ec971a5,The ninth The Desert Sessions LP was released by by what kind of band?,ace_packed_160,chunk_packed_160,0.2370805639551694,0.24958264854110218,0.2584599416101079,0.2766055825778526,0.6666666666666666,146,3,0.0,0.4,150,3,0.0,0.4,150,4,0.0,0.4
5aba9813554299232ef4a357,"Which is a choreographer, Yuen Woo-ping or Basil Dean?",chunk_packed_160,ace_focused_160,0.31362358923356237,0.29025359206150225,0.3159953667884475,0.31999809198299045,0.42857142857142855,151,3,1.0,1.0,158,4,0.0,0.0,140,4,1.0,1.0
5ab6993f554299110f219a2b,"What is name of the mountains near this autonomous community, in which Spanish politician Felipe Alcaraz was born?",chunk_packed_160,ace_packed_160,0.30282619548511114,0.34051506193662173,0.33104177823223524,0.314630802100898,1.0,143,3,0.0,0.0,143,4,0.0,0.8,156,4,0.0,0.8
5adc7dbf5542994d58a2f618,What's the common ingredient to a Gimlet and Pink Gin?,ace_packed_160,chunk_packed_160,0.2502222604559386,0.2730071484547252,0.2728536867397282,0.31054637299476817,1.0,150,4,0.0,0.0,151,3,0.0,0.0,150,4,0.0,0.0
5a7c572655429935c91b5166,"Who lived longer, Tony Richardson or Giorgio Ferroni?",ace_packed_160,ace_packed_160,0.2664496225666035,0.26462066805925133,0.2752191613419187,0.33278170465651646,0.25,149,4,0.0,0.0,144,4,1.0,1.0,155,5,1.0,1.0
5ab746c8554299110f219aef,Are Angostura bitters and Springbokkie an alcoholic mixture?,chunk_packed_160,ace_focused_160,0.281100643297602,0.32671685718669763,0.3298297835565039,0.30762940507784803,0.6666666666666666,155,3,0.0,0.0,159,4,0.0,0.0,139,4,0.0,0.0
5ab262a4554299340b5254ac,What was Richard Connell's best known work The Hounds of Zaroff also published as?,ace_focused_160,ace_focused_160,0.2578277224924378,0.2667063733892751,0.27597796785587825,0.3306941907824397,0.25,157,3,1.0,1.0,128,2,1.0,1.0,117,2,1.0,1.0
5ac38bf355429939154137ba,"William McGrath was a loyalist from Northern Ireland, and was known for opposing what? ",chunk_packed_160,ace_packed_160,0.27798151762814427,0.2748953322478449,0.2761872866683033,0.30515898094676863,0.42857142857142855,157,3,0.0,0.0,151,4,0.0,0.0,151,4,0.0,0.0
5adefdd75542995ec70e8f4e,How many times has the team Jack McKeon managed won the World Series?,chunk_packed_160,ace_packed_160,0.23291194003763277,0.22382076359458375,0.2532886356175893,0.25,0.42857142857142855,158,4,0.0,0.0,144,4,0.0,0.0,153,5,0.0,0.0
5a85cead5542991dd0999ea9,What arcade game is named after the only player in major league history to have a 0.300 batting average for 7 consecutive seasons?,ace_packed_160,chunk_packed_160,0.24108093066434866,0.28472480907626996,0.284232804769196,0.2882025297535483,0.1111111111111111,150,2,0.0,0.0,160,3,0.0,0.0,160,4,0.0,0.0
5a7e36815542995ed0d166d4,What two casinos border the hotel that hosted WrestleMania IX?,chunk_packed_160,chunk_packed_160,0.23478395015252862,0.2339784763512301,0.24311262185200838,0.2557731530988205,0.6666666666666666,133,3,0.0,0.5714285714285715,157,3,0.0,0.2,149,3,0.0,0.2222222222222222
5a713f395542994082a3e6ea,Where does the state legislature in which John Coffin Talbot served convene?,chunk_packed_160,chunk_packed_160,0.27496193634123123,0.30571123727494953,0.30337866411743863,0.3027892751085721,0.6666666666666666,157,4,0.0,0.4,148,5,0.0,0.0,155,5,0.0,0.0
5ae1338d55429901ffe4ade1,The alcoholic drink that shares a name with Quintessentially Unreal's 1996 album is commonly reffered to in historical literature as what?,ace_packed_160,ace_packed_160,0.2349579127978055,0.2472996357025791,0.25539684679046143,0.2808454563725936,0.42857142857142855,153,4,0.0,0.0,145,4,0.0,0.0,156,5,0.0,0.0
5a75f7db5542994ccc918670,"Which breed of dog was first recognized by their country's official kennel club, the American Hairless Terrier or the Saint-Usuge Spaniel? ",ace_packed_160,ace_packed_160,0.27758631702806147,0.2888514514852847,0.2919498170847944,0.30779614215658274,0.42857142857142855,159,4,1.0,1.0,141,3,1.0,1.0,144,3,1.0,1.0
5ab8f4ee5542991b5579f091,"Which genus has more species, Lantana or Silybum?",chunk_packed_160,ace_packed_160,0.270113331530822,0.26329910275517915,0.27116953084832895,0.25376700173262473,0.42857142857142855,154,4,1.0,1.0,152,4,1.0,1.0,160,4,1.0,1.0
5abc0aba55429959677d6a00,Did Ed Sullivan ever work anywhere other than the New York Daily News?,ace_packed_160,ace_packed_160,0.2882810902607351,0.30799710041656453,0.2942711813531489,0.4040856601236007,0.6666666666666666,153,3,0.0,0.0,152,4,0.0,0.0,156,3,0.0,0.0
5ae12d5355429920d52342eb,"When was the film containing the song ""I'm still Here (Jim's Theme)"" published?",ace_packed_160,ace_packed_160,0.4185994214302524,0.44877894485008607,0.45197105648463987,0.4604459971676449,0.25,144,3,0.0,0.0,131,2,0.0,0.5,146,3,0.0,0.0
5a7a276d5542996c55b2dd27,Who was Chamberlain and Colonel of the military staff of The Merrie Monarch?,chunk_packed_160,chunk_packed_160,0.2547334781923725,0.3265274636148773,0.29411949370693613,0.2617528352366832,1.0,120,4,0.0,0.0,123,4,0.0,0.0,154,3,0.0,0.0
5ab5744e554299494045efdf,The third solo album by David Gates of Bread shares a name with a 1977 film directed by who?,chunk_packed_160,ace_packed_160,0.36909477404607643,0.36404462523291203,0.3730467110079122,0.3963484371380323,0.42857142857142855,147,5,0.0,0.0,143,5,0.0,0.0,143,5,0.0,0.0
5ab5c6e55542997d4ad1f1db,"Warren Gamaliel Harding had an affair with which American secretary born on November 9, 1896?",ace_packed_160,chunk_packed_160,0.25211290033598355,0.26981193434845013,0.25470943014170466,0.30553509013889707,0.42857142857142855,153,3,0.0,0.4,157,4,0.0,0.4,160,4,0.0,0.4
5a74feb75542996c70cfae6d,"Which man, Ibn Tufail or Ali Qushji, is best known for the development of astronomical physics independent from natural philosophy?",ace_packed_160,ace_packed_160,0.2617274423003797,0.3058908986667299,0.2980471080690039,0.3222863731263585,0.42857142857142855,155,3,0.0,0.0,136,2,1.0,1.0,158,2,1.0,1.0
5ab56f7a554299637185c59a,"Not Richard, But Dick was an album by the band formed in what city?",ace_focused_160,ace_focused_160,0.3185064913917174,0.33943015059988335,0.33860560315685145,0.37833674066977635,0.25,152,4,0.0,0.0,160,4,0.0,0.0,125,3,0.0,0.0
5abc5603554299700f9d7875,The Lisbon Traviata revolves around fans of the soprano who was of what nationality?,chunk_packed_160,ace_packed_160,0.31732803712177254,0.3485353470165101,0.3455185878201239,0.3257577957016979,0.6666666666666666,155,3,0.0,0.0,150,4,0.0,0.0,150,4,0.0,0.0
5a8cacac554299585d9e3716,"The head coach for the defensive backs coach, Peter Giunta, led what professional football team to two Super Bowl victories against the New England Patriots?",chunk_packed_160,ace_focused_160,0.2839387301260736,0.2598815042145129,0.2756144373817033,0.30055276358959615,0.25,152,3,1.0,1.0,151,4,1.0,1.0,150,4,1.0,1.0
5a8a07725542992d82986e5b,"Along side Thomas Alan, which singer's first three albums were recorded at The Boarding House?",chunk_packed_160,ace_packed_160,0.2713706237620591,0.28743594085125745,0.2856534750903186,0.29833809356886143,0.42857142857142855,151,3,0.0,0.0,137,3,0.0,0.0,147,3,0.0,0.0
5ae2c6bf554299492dc91c6c,"Which Austrian writer and journalist introduced the term ""Journaille """,chunk_packed_160,ace_packed_160,0.27944728860937973,0.28452744773844624,0.28903272335264985,0.2960009229408525,0.6666666666666666,160,4,1.0,1.0,156,3,1.0,1.0,157,4,1.0,1.0
5a903b7255429933b8a204ae,What Canadian filmmaker created a film about Bettie Page in 2005?,ace_packed_160,ace_focused_160,0.27289575896302154,0.26743688071240057,0.2698871521601238,0.31484933973942153,0.42857142857142855,149,4,0.0,0.5,150,4,0.0,0.5,148,4,0.0,0.5
5ab53bee554299637185c526,God Is Not Great is by a journalist which due to his actions made him what?,chunk_packed_160,chunk_packed_160,0.3266122440499647,0.35095073364518914,0.3556035424860069,0.3334464574532695,0.25,149,3,0.0,0.0,157,4,0.0,0.0,157,4,0.0,0.0
5ab8633c55429919ba4e22d6,"Q: Who had more solo albums, Marty Raybon or Greg Graffin?",ace_packed_160,chunk_packed_160,0.22370267353829515,0.23611365138150547,0.23477691248024485,0.2794657912903241,0.42857142857142855,154,3,0.0,0.4,152,3,0.0,0.0,138,3,0.0,0.0
5a835a265542992ef85e2281,What industry does Edgar Selwyn and Chantal Akerman work in?,chunk_packed_160,ace_packed_160,0.27109336822031826,0.27077935015573934,0.2779624446563505,0.29590034109317637,1.0,137,4,0.0,0.5,129,4,0.0,0.5,135,4,0.0,0.5
5a74b55455429974ef308c39,what year was the writer of the blog Preposterous Universe born?,ace_packed_160,ace_focused_160,0.2107110494866753,0.24991883184187422,0.24907029037007639,0.26270292060450673,0.42857142857142855,153,3,0.0,0.0,144,2,0.0,0.0,140,3,0.0,0.0
5ac002705542996f0d89cb05,"In what administrative category are the cities of Beitun, Xinjiang and Wafangdian?",ace_packed_160,ace_packed_160,0.28335345689858,0.26333214678986216,0.2644334137177308,0.3160066422094866,0.6666666666666666,151,3,0.0,0.6666666666666666,150,4,0.0,0.6666666666666666,158,3,0.0,0.6666666666666666
5a883afc5542994846c1ce48,What city is the band that recorded Renegade from?,ace_packed_160,ace_packed_160,0.2656533932393592,0.25458369248741247,0.27843525953187354,0.32919812478587057,0.6666666666666666,160,4,0.0,0.0,149,4,0.0,0.0,157,4,0.0,0.0
5add38355542990dbb2f7dd0,What is the nationality of the wrestler who sang on A Jingle with Jillian?,ace_packed_160,chunk_packed_160,0.33597196780997407,0.34097663913432774,0.34393171808152456,0.3861953207129183,0.6666666666666666,145,4,0.0,0.0,149,4,0.0,0.0,149,4,0.0,0.0
5ac43530554299204fd21f0a,Annette Crosbie was nominated for the BAFTA Award for Best Actress in a Supporting Role for a 1976 film that is a retelling of what classic fairy tale?,ace_packed_160,chunk_packed_160,0.3130534504835081,0.33539175704512536,0.320072659696333,0.36210972362650584,0.6666666666666666,153,3,1.0,1.0,153,3,1.0,1.0,160,3,0.0,0.0
5a895f6155429946c8d6e914,What was the position in the United States Army of the Lieutenant general that Confederate General Robert E. Lee surrendered to?,ace_packed_160,chunk_packed_160,0.2693180550822827,0.2733988324620076,0.2640510580572355,0.36194807120118927,0.42857142857142855,157,4,0.0,0.5,157,4,0.0,0.5,160,5,0.0,0.5
5a79c9c05542994bb94570a5,"This man who was born on April 25th, 1947, was a member of this lower house of the Hawaii State Legislature.",ace_packed_160,chunk_packed_160,0.288132429497892,0.30633146459372174,0.3041286399512939,0.3531867855321813,1.0,152,3,0.0,0.0,152,3,0.0,0.0,159,3,0.0,0.0
5a8389445542996488c2e450,"Which is longer, Hampshire and Hampden Canal or Tennessee–Tombigbee Waterway?",ace_packed_160,chunk_packed_160,0.304440584465291,0.3179419462101347,0.31654416423743287,0.3424473884818209,1.0,142,3,1.0,1.0,145,3,1.0,1.0,151,4,1.0,1.0
5ab236645542993be8fa98c9,August R. Lindt served as chairman of a UN program from 1956 to 1960 that won how many noble prizes ?,chunk_packed_160,chunk_packed_160,0.3281927497761279,0.37720079855721933,0.35810449525042565,0.3053332957063034,0.1111111111111111,145,3,0.0,0.0,151,3,0.0,0.0,145,2,0.0,0.0
5ac4f7e955429924173fb523,The English chef known for his back-to-basics philosphy has a sister named what?,chunk_packed_160,ace_focused_160,0.2606505083227285,0.29685366696628335,0.2964174376508353,0.25940576138271826,0.25,155,4,0.0,0.0,155,4,0.0,0.0,140,4,0.0,0.0
5ab1c2bf5542997061209558,Robin Pingeton replaced Cindy Stein as head coach of which university women's basketball team? ,chunk_packed_160,ace_packed_160,0.39675002243992946,0.4178948368634344,0.41016671800966376,0.3952347573395977,0.6666666666666666,148,3,1.0,1.0,147,4,1.0,1.0,159,4,1.0,1.0
5ade6fcd55429975fa854ecf,"Often seen at the Academy Awards pre-show, what is Robin Roberts's occupation?",chunk_packed_160,ace_packed_160,0.31413985155942914,0.3605069581271022,0.3396206528681721,0.3034995076457754,0.6666666666666666,146,3,0.0,0.4,132,3,0.0,0.4,132,3,0.0,0.4
5ab2b7c1554299166977406a,What was the name of the lawyer who took the main role in the report that helped land Pete Rose a lifetime suspension from baseball?,ace_packed_160,chunk_packed_160,0.26164769923094655,0.2802015758132535,0.27292682729951845,0.31110470030096493,0.6666666666666666,158,4,0.0,0.8,160,4,0.0,0.8,160,4,0.0,0.8
5a74b4e555429929fddd84c2,Does MedStar Washington Hospital Center or Children's National Medical Center have more beds?,ace_packed_160,chunk_packed_160,0.30451466154657725,0.29474662283198755,0.2981771682896011,0.36144687054360747,0.6666666666666666,151,3,1.0,1.0,151,4,1.0,1.0,160,3,1.0,1.0
5a84b5f05542991dd0999da5,"In the muti-sport games usually held every four years between nations around the Mediterranean Sea, Fatma Lanouar is best known for winning gold in which event?",ace_packed_160,ace_focused_160,0.3134650945769876,0.32957636110068445,0.3220695136582332,0.3463365850410671,1.0,141,3,0.0,0.0,141,3,0.0,0.0,156,3,1.0,1.0
5a83ed9b55429933447460b8,Cistus and Stapelianthus are both forms of what?,chunk_packed_160,chunk_packed_160,0.231207658048834,0.2366378917839299,0.22810477674104812,0.24190286083001963,0.42857142857142855,143,3,0.0,0.0,153,5,0.0,0.0,151,5,0.0,0.0
5ae491155542995ad6573da3,"When was the seven-time World and Olympic medalist on which ""Foxcatcher"" was based born? ",chunk_packed_160,chunk_packed_160,0.26758162663202695,0.2817209516473972,0.28049015834903807,0.2889162898653206,0.6666666666666666,160,3,1.0,1.0,160,3,1.0,1.0,160,4,1.0,1.0
5ae00a27554299025d62a3bb,What Chinese company helped develop the aircraft that preceded the Chengdu J-7?,ace_packed_160,chunk_packed_160,0.26413824928341284,0.26285589103689394,0.25881307748070337,0.30974441501375927,1.0,127,2,0.0,0.8571428571428571,159,3,0.0,0.5714285714285715,134,2,0.0,0.5714285714285715
5a822a5e55429926c1cdae43,What occupations do Charles Burnett and Alan J. Pakula have in common?,chunk_packed_160,ace_packed_160,0.26887400821999347,0.2407434832294563,0.27511370191764883,0.29523014499051514,0.25,154,4,0.0,0.0,153,4,0.0,0.5714285714285715,159,5,0.0,0.33333333333333337
5ae641f65542992ae0d162a3,"What is the mononym of the Fillipino singer that released the album ""My Inspiration""?",ace_packed_160,ace_packed_160,0.2268443435704155,0.29451471562427106,0.2806258138136866,0.3332821547210363,0.42857142857142855,146,3,0.0,0.0,156,4,1.0,1.0,156,4,1.0,1.0
5a77e96c5542995d8318132d,"Which super bowl that took place at the Miami Dolphins home stadium, featured the San Francisco 49ers defeating the San Diego Chargers?",ace_packed_160,chunk_packed_160,0.3056270109696285,0.31423038407338394,0.3009534504026744,0.3373445316398426,1.0,144,3,1.0,1.0,148,3,1.0,1.0,144,3,1.0,1.0
5ab9d7e4554299232ef4a21f,What was need in order to diverge from the chinese ritual uniting spouses by pre-arrangement between families?,ace_packed_160,ace_packed_160,0.2750891648502257,0.3238075151484115,0.3155546671403764,0.31054764553753755,0.42857142857142855,149,3,0.0,0.0,139,3,0.0,0.0,152,4,0.0,0.0
5a902d5155429933b8a2048d,"Where is a television transmitter located in Topeka, KS?",ace_packed_160,ace_focused_160,0.1962046273520754,0.24513233971331932,0.2355160975937408,0.27989200184981744,0.42857142857142855,157,3,0.0,0.923076923076923,149,4,0.0,0.0,151,3,0.0,0.923076923076923
5a83c9445542992ef85e2360,Viscount Yamaji Motoharu was a general in the early Imperial Japanese Army which belonged to which Empire?,ace_packed_160,chunk_packed_160,0.41052018752275765,0.4132854155173862,0.42697197807097786,0.46704414012528583,0.6666666666666666,98,4,1.0,1.0,110,4,1.0,1.0,110,4,1.0,1.0
5ae236b2554299495565da3e,When was the American economist to which Joseph A. Loftus worked as a communications assistant born? ,chunk_packed_160,ace_packed_160,0.32672444299540626,0.3624596746571396,0.35709209487402194,0.25347069974407876,0.25,158,4,0.0,0.0,156,5,0.0,0.0,156,5,0.0,0.0
5ae2c4b8554299495565db31,What New York city is 60 miles northwest of the Glen Iris Inn?,ace_packed_160,ace_packed_160,0.28002207514726263,0.27583673866309055,0.28476997656272995,0.34819764346073345,0.42857142857142855,158,3,0.0,0.0,153,4,0.0,0.0,157,4,0.0,0.0
5a78f8e555429970f5fffe01,The British diver featured in Splash! specializes in what event?,chunk_packed_160,chunk_packed_160,0.24305090455921688,0.2733000700551571,0.267358021391759,0.22738211595802993,0.6666666666666666,145,3,0.0,0.8,141,4,0.0,0.0,137,4,0.0,0.3333333333333333
5a8c66db554299585d9e3683,"What year was the film ""Mom"" released, starring the voice of Shashaa Tirupati?",ace_packed_160,chunk_packed_160,0.2415524340638724,0.29477202589438367,0.28840044787568864,0.2751260832369089,0.42857142857142855,157,3,1.0,1.0,158,4,0.0,0.0,158,4,0.0,0.0
5a83108d55429966c78a6b1e,"Which cocktail's name describes how the drink looks, Blue Hawaii or Baby Guinness?",ace_packed_160,chunk_packed_160,0.2617141593335657,0.297880516061077,0.2799074011483448,0.3001304926495605,0.6666666666666666,159,4,1.0,1.0,137,4,0.0,0.0,147,4,0.0,0.0
5a838fcd5542992ef85e2305,Finna Get Loose is a song by Puff Daddy and what American rapper who is also a record and film producer?,ace_packed_160,chunk_packed_160,0.3284531339744474,0.3583314131203744,0.3481549852522048,0.42349087702103827,0.6666666666666666,150,4,0.0,0.0,150,4,0.0,0.0,150,4,0.0,0.0
5abc030e554299642a094bdc,The Distribution of Industry act was passed by a man who was prime minister when? ,ace_packed_160,chunk_packed_160,0.33962980991414493,0.31405270904672117,0.350040495778316,0.37534852353502113,0.42857142857142855,144,3,0.0,0.0,150,3,0.0,0.0,145,3,0.0,0.0
5abbb64455429931dba144b4,The Trans-Tasman Challenge winning car was based off which second generation North american Ford compact car?,ace_packed_160,ace_packed_160,0.26805574800092313,0.26605928700928605,0.2677484229605403,0.37343931371303857,0.6666666666666666,138,2,0.0,0.5,153,2,1.0,1.0,160,3,1.0,1.0
5ae236445542992decbdcc69,Larry Porter was formerly assistant head coach under what  American coach that served as head coach at Louisiana State University from 2005 to 2016,ace_packed_160,ace_packed_160,0.291728474314666,0.3119991896821276,0.3070895579509635,0.39863558004888433,0.6666666666666666,156,3,0.0,0.4,138,2,0.0,0.4,140,3,0.0,0.4
5ab844815542992aa3b8c8af,What county is Icknield Walk First School located in?,ace_packed_160,ace_packed_160,0.35897560565676556,0.3755894921293007,0.3736712924812922,0.4622831167537812,0.25,159,4,1.0,1.0,153,5,1.0,1.0,160,3,1.0,1.0
5a85b0c85542994c784ddb40,What institution does 2017 Texas Tech Red Raiders baseball team and Dan Law Field at Rip Griffin Park have in common?,ace_packed_160,chunk_packed_160,0.3939918694382817,0.38728896928864864,0.3870960305766439,0.47531176893574634,1.0,153,3,1.0,1.0,153,3,1.0,1.0,159,4,1.0,1.0
5a8752955542994775f607d1,"What was the name of the team that represented an Arizona university in the conference that covers a broad expanse of the western United States, including Arizona, California, and New Mexico?",chunk_packed_160,ace_packed_160,0.32207220116863033,0.3274532027102988,0.33804505273532337,0.352034656909887,0.25,160,3,0.0,0.0,150,2,1.0,1.0,132,3,0.0,0.0
5a7f19eb55429934daa2fcdb,"Which band originated from the United States, Milky Chance or Stone Temple Pilots?",ace_packed_160,chunk_packed_160,0.25502964080258483,0.25749443078489903,0.24818996707114185,0.34657630159530184,0.42857142857142855,139,3,1.0,1.0,144,4,1.0,1.0,139,3,1.0,1.0
5a72a9145542994cef4bc3c1,Which player signed to Bayern Munich before the 2012-2013 season was known mostly as a central defender?,ace_packed_160,ace_focused_160,0.2749787982074091,0.2610086383425622,0.26727836167511865,0.31747257400490003,0.6666666666666666,152,3,0.0,0.0,156,3,0.0,0.0,140,3,0.0,0.0
5ade1f1c55429939a52fe82d,"Len Wiseman directed ""Live Free or Die Hard"" which is the 4 installment in the Die Hard film franchise base on what character?",chunk_packed_160,ace_packed_160,0.34994741671749374,0.375739695519128,0.3636820410392213,0.3773195644683197,1.0,141,3,0.0,0.5,133,3,1.0,1.0,160,4,1.0,1.0
5a89d3e15542992e4fca83d4,"Which musical group has released more albums, The Telescopes or Candlelight Red?",ace_packed_160,chunk_packed_160,0.23242858862820903,0.24139585474121925,0.24518565469048423,0.2679872177976431,0.6666666666666666,154,3,0.0,0.0,155,4,0.0,0.0,155,4,0.0,0.0
5ab84dea55429934fafe6d4f,Were H. G. Wells and Rubén Darío both English?,chunk_packed_160,ace_focused_160,0.3528660322990741,0.3446720036431743,0.3496797198227156,0.339516822332597,0.6666666666666666,152,5,0.0,0.0,157,5,0.0,0.0,160,4,1.0,1.0
5a83438955429966c78a6b61,The owner of radio station KWPW has the same name as an American character actor. What is it?,chunk_packed_160,chunk_packed_160,0.237257306214591,0.23812163544216136,0.24579740837999225,0.2356726869163201,0.25,159,3,0.0,0.0,159,4,0.0,0.0,159,4,0.0,0.0
5ae0ec48554299422ee9955a,"How was Ada Lovelace, the first computer programmer, related to Lord Byron in Childe Byron?",chunk_packed_160,ace_focused_160,0.3177403228909302,0.3375197460322803,0.3208375611604577,0.3177522533635148,0.42857142857142855,152,4,0.0,0.0,142,3,0.0,0.0,131,3,0.0,0.0
5ab474135542991751b4d77b,"At the 46th Grammy Awards, which award did the album by The White Stripes, which included the song Seven Nation Army, win?",ace_packed_160,chunk_packed_160,0.2866325327271345,0.27814557351955627,0.2848108169195155,0.34512792017747596,0.6666666666666666,149,3,1.0,1.0,141,3,0.0,0.18181818181818182,156,4,0.0,0.28571428571428575
5a8d838955429941ae14dfe5,Eleventh Dream Day and The Shins are both rock bands from where?,chunk_packed_160,chunk_packed_160,0.32396994270255774,0.33014254299812384,0.3302854404319918,0.33433236366934016,0.6666666666666666,145,4,0.0,0.0,146,4,0.0,0.0,151,4,0.0,0.0
5abce43855429959677d6b18,"Soundcloud rap has been used by which rapper from Lauderhill, Florida?",chunk_packed_160,ace_focused_160,0.2548629047962919,0.24149224311833362,0.2580985259569889,0.26103918996204845,0.6666666666666666,150,4,0.0,0.0,148,4,0.0,0.0,133,4,0.0,0.0
5abb30755542996cc5e49fd8,Ronald Reagan and George H. W. Bush both held which position in office?,ace_packed_160,ace_focused_160,0.3190200775119191,0.2597579566806062,0.27815199434757426,0.3680105212526054,0.42857142857142855,155,3,0.0,0.3333333333333333,156,5,0.0,0.3333333333333333,150,4,0.0,0.3333333333333333
5ab8848d55429916710eb07b,What country of origin does Stan Williams and Adelaide Oval have in common?,chunk_packed_160,ace_packed_160,0.26442158056444764,0.26257777605559696,0.26602952496841936,0.26388688347983474,0.42857142857142855,153,5,0.0,0.0,151,5,0.0,0.0,151,5,0.0,0.0
5a8bd43c5542997f31a41dd6,"Of which painting was this German dancer, actress, and writer who lived during the Weimar period and appeared in the 1918 German silent drama film ""The Story of Dida Ibsen"" the subject?",chunk_packed_160,ace_packed_160,0.3905621720815593,0.3913218772884892,0.3764219347741889,0.3506516822479806,0.42857142857142855,158,4,1.0,1.0,156,4,1.0,1.0,156,4,1.0,1.0
5ae2e61455429928c423953e,What is the inspirational source behind the name of this studio album by the British rock band Queen released by EMI Records that was included in the The Crown Jewels? ,ace_packed_160,ace_focused_160,0.28047354415664916,0.28014853021109437,0.2804100854364634,0.3506689258898079,0.6666666666666666,156,2,0.0,0.0,145,3,0.0,0.0,137,2,0.0,0.0
5a810d7655429903bc27b915,"What instrument does Duff McKagan play on Macy Gray's single, Kissed It?",chunk_packed_160,ace_packed_160,0.2801799591076251,0.31399592486561223,0.30349260687741303,0.29785755949042214,0.6666666666666666,152,3,0.0,0.0,160,4,1.0,1.0,160,4,1.0,1.0
5a7fb1e55542995d8a8ddef7,"Which documentary film premiered first, Grizzly Man or Pray the Devil Back to Hell?",ace_packed_160,chunk_packed_160,0.348933826201557,0.3987021859523907,0.38054131005173,0.41552032848680664,1.0,144,4,0.0,0.0,159,4,0.0,0.0,151,4,0.0,0.0
5a8a58f355429930ff3c0da3,Were Daniel Mann and Todd Solondz both directors?,ace_packed_160,chunk_packed_160,0.2708542819412938,0.2768182761269655,0.28425626248707403,0.3319696867023292,0.6666666666666666,147,4,0.0,0.0,156,4,0.0,0.0,153,4,0.0,0.0
5ae3dce45542994393b9e783,"Oak Beach, New York and Great South Bay are both situated between what same island?",ace_packed_160,chunk_packed_160,0.3350157977393341,0.33328483053089386,0.3357311336671014,0.38324386716315245,1.0,141,3,0.0,0.5,141,3,0.0,0.5,153,3,0.0,0.4
5a74adb455429916b01641c6,"Which occurred first, the first publication of The Ladder or Heat?",ace_packed_160,ace_packed_160,0.2633264807514314,0.25389195031487233,0.27000180826113507,0.3284828179165442,0.42857142857142855,157,4,0.0,0.0,154,4,1.0,1.0,158,3,1.0,1.0
5ae7fa5a554299540e5a56e4,Nochnye Snaipery was founded by Svetlana Surganova and a female who is an Honored Artist of where?,ace_packed_160,chunk_packed_160,0.290955256790401,0.2985113392373915,0.29654995505528037,0.3244739643391962,0.6666666666666666,151,4,1.0,1.0,151,4,1.0,1.0,160,5,1.0,1.0
5a81d59a55429903bc27b9d6,Tsavo Man-Eaters were found at what Kenyan reserve?,chunk_packed_160,chunk_packed_160,0.28396839796015905,0.27911104422965916,0.28320593206252814,0.297184966760161,0.42857142857142855,155,4,1.0,1.0,146,3,0.0,0.4,146,3,0.0,0.4
5a7322165542994cef4bc470,"What memeber of the artistic gymanstic team known as the ""Final Five"" who won a team gold medal at the Rio games was born on May 25, 1994?",chunk_packed_160,ace_focused_160,0.27559844698045555,0.27979707254781483,0.27941313517619965,0.2981868813558556,0.25,152,2,0.0,0.0,151,2,0.0,0.0,139,3,0.0,0.0
5ab47d765542991751b4d78f,Who designed the hotel that held the IFBB professional bodybuilding competition in September 1991?,chunk_packed_160,ace_packed_160,0.36114238522101905,0.37043196436800246,0.37088028988656613,0.3599038531806239,0.6666666666666666,156,4,0.0,0.0,152,5,0.0,0.0,156,5,0.0,0.0
5ae533535542993aec5ec173,Watercliffe Meadow Primary Schools name change is an example of what term generally used to describe the avoidance of certain language?,chunk_packed_160,chunk_packed_160,0.2708649394928618,0.29613740160178936,0.30608676979470417,0.27933744332306876,0.42857142857142855,132,2,1.0,1.0,150,3,1.0,1.0,150,3,1.0,1.0
5ae20c245542997283cd2367,Hina is derived from a dye prepared in what areas?,chunk_packed_160,ace_packed_160,0.2758433462493901,0.28367652697556234,0.2811237123720919,0.2795096813263019,0.6666666666666666,157,4,0.0,0.0,144,4,0.0,0.5714285714285715,158,4,0.0,0.5714285714285715
5a7f75e95542992e7d278d09,Were both Pam Shriver and Amélie Mauresmo alive in the 1960s?,ace_packed_160,chunk_packed_160,0.30819003412913504,0.3508194266890481,0.3275874047582221,0.35356829139371415,0.6666666666666666,145,5,0.0,0.0,155,5,0.0,0.0,155,5,0.0,0.0
5a888a625542997e5c09a602,What number largest commercial airline in the United States is Hana Hou! published for?,ace_packed_160,ace_focused_160,0.26850987152432115,0.26460400583835025,0.2652792478519986,0.30543306167337175,0.25,157,4,0.0,0.0,156,4,0.0,0.0,149,4,0.0,0.0
5ae063085542993d6555eb37,Jennifer Ventimilia co-wrote the teleplay of the episode that was part of which season of The Simpsons?,ace_packed_160,ace_packed_160,0.2854183572700757,0.2804420224854318,0.2864876220398985,0.3184527300283536,0.25,157,4,0.0,0.0,147,4,0.0,0.6666666666666666,155,2,0.0,0.0
5ade3d75554299728e26c68b,What movie is the the Spinning turtle attraction in the worlds 21st largest theme park based off of?,ace_packed_160,ace_packed_160,0.22752595661052186,0.24654872735668942,0.24106640038547783,0.27290787490684676,0.25,159,3,1.0,1.0,152,3,1.0,1.0,153,4,0.0,0.0
5ac26d4d55429951e9e685b7,when did the black Angolan was one of the earliest African-American landowners in what would become the United States.acieved his freedom ,chunk_packed_160,ace_packed_160,0.2818913637096999,0.34312804456222423,0.31564799922115144,0.3105068795075356,0.42857142857142855,160,3,0.0,0.0,144,3,0.0,0.0,145,3,0.0,0.0
5a8787915542996e4f30882e,"Which film was produced first, Dangal or The Man from Snowy River II?",chunk_packed_160,ace_focused_160,0.41796414731454556,0.4259803700853173,0.42235526166227055,0.4225375383697997,0.6666666666666666,153,4,0.0,0.888888888888889,156,4,0.0,0.0,158,4,1.0,1.0
5ae0c7b055429945ae95944b,The Admiral's Men occupied which kind of theatre in the 1590s ?,ace_packed_160,ace_packed_160,0.2921136552942733,0.3140684109926051,0.2906589831257059,0.44560351076090754,0.6666666666666666,155,2,0.0,0.0,137,2,0.0,0.5,137,2,0.0,0.5
5ae39f405542991a06ce9a02,"""Knock"" is an example of fiction by Frederic Brown that has how many words?",chunk_packed_160,chunk_packed_160,0.30166184179799616,0.31943310977013045,0.30834530595131104,0.29497361430932756,0.25,140,3,0.0,0.0,148,4,0.0,0.0,148,4,0.0,0.0
5ac3044f5542990b17b154dc, Danny Jones and Aleksi Sihvonen are both what?,ace_packed_160,ace_packed_160,0.293575244205031,0.3213638045528847,0.3046020033153243,0.32673498316675154,1.0,151,5,0.0,0.0,140,5,0.0,0.0,151,5,0.0,0.0
5ab2f50a55429929539468cd,SkyJump Las Vegas is located at a hotel on what street?,ace_packed_160,ace_packed_160,0.33624787081482643,0.3391644867709776,0.34195697387987806,0.36673060969584015,0.6666666666666666,160,4,1.0,1.0,138,4,1.0,1.0,138,4,1.0,1.0
5abe364e5542993f32c2a08e,"Lollipop Chainsaw featured Juliet Starling, who was voiced by a Canadian-American actress who has done voice roles for what Teen Titans spinoff series?",chunk_packed_160,chunk_packed_160,0.26233892543808823,0.24056265984654732,0.2497644608924945,0.23663962688771617,0.25,157,3,1.0,1.0,146,4,0.0,0.0,157,3,1.0,1.0
5a8ce55f554299441c6b9f62,"The band who released the debut album ""Tinted Windows"" had their first performance in what city?",ace_packed_160,ace_packed_160,0.25533482373215133,0.27725344133875873,0.2621717594469289,0.32151002878912116,0.25,160,2,0.0,0.0,159,4,0.0,0.0,159,4,0.0,0.0
5ab761d955429928e1fe3856,Which Austrian Chancellor does Jörg Leichtfried serve under?,chunk_packed_160,chunk_packed_160,0.31578097889125495,0.36185014781769753,0.3421244949111489,0.34508581946363504,0.6666666666666666,136,4,1.0,1.0,160,4,1.0,1.0,151,4,1.0,1.0
5adf0d2d5542993a75d263e1,Which private Catholic liberal arts college in Standish did  Don Ashley Turlington graduated from ,chunk_packed_160,ace_packed_160,0.3390031094717082,0.33220282664869083,0.33946997588551675,0.32209424750117727,0.6666666666666666,159,4,0.0,0.7499999999999999,155,4,0.0,0.7499999999999999,160,4,0.0,0.7499999999999999
5ae1e1e55542997f29b3c15e,"Lenroy Thomas is the current commonwealth heavyweight champion after beating a British , professional boxer who has a record of 12 wins, 3 defeats, and how many draws?",chunk_packed_160,ace_focused_160,0.34363829050969147,0.3319114089103195,0.34111828779664627,0.30812326816066077,0.25,143,3,0.0,0.0,155,4,0.0,0.0,156,3,0.0,0.6666666666666666
5ac11ee45542997d64295a7d,"Which is a black-and-white film, Flying Padre or Inside Job?",ace_packed_160,ace_focused_160,0.3652398329629677,0.3920760351439102,0.3861392229681076,0.44362265969221215,0.42857142857142855,151,4,1.0,1.0,151,5,1.0,1.0,149,5,1.0,1.0
5a8e07b25542995085b3738d,Skyplex has which roller coaster that will become the tallest in the world when it opens in 2020?,ace_packed_160,ace_packed_160,0.26985296911506623,0.2864037832666444,0.2792413553118696,0.3070654932196005,0.42857142857142855,143,3,1.0,1.0,130,2,1.0,1.0,150,3,1.0,1.0
5abbdd6955429931dba145b5,Who directed the 1971 film in which Pat Ashton starred in?,ace_packed_160,ace_packed_160,0.282380715262176,0.32132401686744955,0.29713214632137824,0.31401162269628147,0.25,155,3,0.0,0.0,140,4,0.0,0.0,151,3,0.0,0.0
5adde17f5542992200553b87,For which NBA team did the MVP of the 2013 McDonald's All-American Boys Game play?,ace_packed_160,ace_focused_160,0.3556558865795173,0.3567875093828615,0.3639799825647399,0.3951601841195875,0.6666666666666666,150,3,0.0,0.0,138,3,0.0,0.0,130,3,0.0,0.0
5ab2c6a955429916697740c2,Which country is the Taipa island part of?,ace_packed_160,chunk_packed_160,0.26809862605067153,0.25800041589352807,0.2643695398910542,0.31703266486894816,0.6666666666666666,139,3,0.0,0.0,152,4,0.0,0.0,153,4,0.0,0.0
5ab5a7f45542997d4ad1f1a5,What organization does Sandra Pizzarello and Doctorate have in common?,chunk_packed_160,chunk_packed_160,0.2654593224537331,0.26240270959404544,0.2764865828016333,0.28359156807844266,0.25,149,3,0.0,0.0,160,5,0.0,0.0,159,2,0.0,0.0
5adf50c05542992d7e9f931e,Are both The Sundays and The Radio Dept. dream pop bands? ,chunk_packed_160,ace_focused_160,0.3466265448243556,0.3553090715036249,0.3645950762933321,0.36443927376649904,0.6666666666666666,156,4,1.0,1.0,154,5,1.0,1.0,129,5,1.0,1.0
5ae4a3265542995ad6573de5,"Hayden is a singer-songwriter from Canada, but where does Buck-Tick hail from?",chunk_packed_160,ace_focused_160,0.31108997525862736,0.2927379841572886,0.3024168236624821,0.30433840985523664,0.6666666666666666,154,4,0.0,0.0,155,4,0.0,0.0,152,4,0.0,0.0
5abe36745542991f66106101,"What was the arena, in which the 2017 Brit Awards were held, called during the 2012 Olympics ?",ace_packed_160,ace_packed_160,0.29656921780804735,0.29397591377800136,0.31799019033222564,0.34588019043704343,1.0,144,3,0.0,0.0,143,4,0.0,0.4,155,4,0.0,0.4
5ade636255429939a52fe896,"Kresy, which roughly was a part of the land beyond the so-called Curson Line, was drawn for what reason?",ace_packed_160,ace_focused_160,0.22335896515242945,0.25159070277311946,0.251084678859,0.27005852447532475,0.42857142857142855,122,2,0.0,0.0,154,3,0.0,0.0,154,3,0.0,0.32
5abe3abb55429965af743ea1,What was the former name of the company which operates Hunterston Terminal?,chunk_packed_160,chunk_packed_160,0.2575133012465108,0.28333398940056476,0.29490696715676457,0.2831565167750683,0.6666666666666666,141,2,0.0,0.5,160,4,0.0,0.0,149,3,0.0,0.0
5ae73c065542991e8301cc18,"Which Eminem album included vocals from a singer who had an album titled ""Unapologetic""?",ace_packed_160,chunk_packed_160,0.238803735042134,0.25551425825565677,0.24858773970031955,0.2762501260472321,1.0,146,3,0.0,0.0,158,3,0.0,0.0,156,4,0.0,0.0
5a7b3b4f5542992d025e67ac,Who is the older brother of the king that was overthrown in the Henriad?,ace_packed_160,ace_focused_160,0.211809248625072,0.23507625772780297,0.2351237056778687,0.2565369975583314,0.25,134,2,0.0,0.0,157,3,0.0,0.0,140,3,0.0,0.3333333333333333
5ade157e55429939a52fe802,"Jaroslav Kvapil the Czech poet was born in the Kingdom of Bohemia, also referred to by what name?",ace_packed_160,ace_focused_160,0.2823829897654438,0.282720730469194,0.29077306274009485,0.35104905569251654,1.0,152,3,1.0,1.0,148,4,0.0,0.0,151,3,1.0,1.0
5a8f1672554299458435d558,"Which genus contains more species, Crowea or Dracula?",chunk_packed_160,ace_packed_160,0.22098844955458952,0.23679492147650777,0.25523834281892643,0.23803594832986705,0.42857142857142855,147,3,0.0,0.0,137,3,0.0,0.0,143,3,0.0,0.0
5a7fc21455429969796c1b4b,Who narrates the documentary television series that features the largest airline in the United Kingdom based on fleet size? ,ace_packed_160,ace_packed_160,0.24075073737016417,0.22938907398713937,0.23726634148400982,0.3152058552598721,0.6666666666666666,148,3,1.0,1.0,135,3,1.0,1.0,143,4,1.0,1.0
5a8f7a135542992414482adc,"In relation to Rome, where was the city whose king was the father of Ocnus?  ",chunk_packed_160,ace_packed_160,0.2607064228362281,0.25427141389860775,0.24195343806225839,0.2740524918605965,0.25,158,3,0.0,0.0,156,4,0.0,0.0,157,4,0.0,0.0
5ab262e2554299722f9b4cfd,Oxley Highway ends at a coastal town that had how many inhabitants in June 2016 ?,ace_packed_160,ace_packed_160,0.26972694599142966,0.29886165146139726,0.280831793217445,0.30179828223307736,0.42857142857142855,160,4,0.0,0.0,145,5,1.0,1.0,148,4,1.0,1.0
5a89dca8554299669944a5dd,Carol Kane played the wife of which fictional character on Taxi?,chunk_packed_160,ace_focused_160,0.27536809548834973,0.26547303696450514,0.2847398006759527,0.30463540548998336,0.6666666666666666,149,3,0.0,0.0,141,3,0.0,0.0,155,3,0.0,0.6666666666666666
5a7fc03d5542992097ad2fbc,Which county was included in the Diocese of Reno and was also the county seat of Ormsby County prior to 1969?,ace_packed_160,chunk_packed_160,0.2781102031931536,0.2619243271584447,0.29425432970160914,0.4228438703034675,0.42857142857142855,143,3,0.0,0.0,147,4,0.0,0.0,159,4,0.0,0.0
5ae4be5455429960a22e019c,"Which is a shrub, Mimosa or Cryptocoryne?",ace_packed_160,chunk_packed_160,0.2846789092774373,0.28003975584126994,0.2886206920560481,0.3213947896702574,0.6666666666666666,145,4,1.0,1.0,155,5,1.0,1.0,148,4,1.0,1.0
5a7d119d5542995ed0d165d5,"Who was born more recent.y,Gunnar Nelson or Florence Welch?",chunk_packed_160,chunk_packed_160,0.2649012134616887,0.24723049986584866,0.25677039223308623,0.28846895449250004,0.42857142857142855,131,3,0.0,0.6666666666666666,132,4,0.0,0.0,152,4,0.0,0.6666666666666666
5ae01b8855429925eb1afc14,"When was the German actress born who is best known for her role as the Borg Seven of Nine and who has role in  ""Body of Proof"" as Dr. Kate Murphy?",chunk_packed_160,ace_packed_160,0.3785868069277725,0.38723795768721525,0.39334580074649883,0.3581523981402781,0.25,160,3,1.0,1.0,156,5,1.0,1.0,156,5,1.0,1.0
5ae234385542992decbdcc59,in 1992 Spengler Cup all matches were played at the home arena of what professional Swiss ice hockey club ,chunk_packed_160,ace_packed_160,0.3298397563539219,0.31878703114117013,0.3204761665058774,0.31215098928574736,0.6666666666666666,148,3,1.0,1.0,139,4,1.0,1.0,160,5,1.0,1.0
5a8481945542997175ce1ed3,Are Steve Perry and Leslie West both singers?,ace_packed_160,chunk_packed_160,0.2831978565167785,0.28818696648161557,0.2802226278167946,0.32747237559283504,0.6666666666666666,157,5,0.0,0.0,159,5,0.0,0.0,160,4,0.0,0.0
5a80752b5542992bc0c4a720,"What was the air date of ""The Simpsons"" episode written by Matt Selman which parodied the VH1 series ""Behind the Music""?",ace_packed_160,ace_focused_160,0.2501616340675556,0.2552608833462703,0.24973650514022538,0.3211582331290572,0.6666666666666666,149,3,0.0,0.0,155,4,1.0,1.0,153,4,1.0,1.0
5ab56e32554299637185c594,Are Random House Tower and 888 7th Avenue both used for real estate?,chunk_packed_160,chunk_packed_160,0.26676035619373284,0.26404290654048623,0.2859230227486813,0.27361463115596735,0.6666666666666666,134,3,0.0,0.0,135,3,0.0,0.0,160,4,0.0,0.0
5a74b66a55429929fddd84cb,Was Lee Grant or Colin Campbell born first?,chunk_packed_160,ace_focused_160,0.29440042695008767,0.27684347703365786,0.2863538864785915,0.31967774744915556,0.6666666666666666,157,5,0.0,0.5,152,5,0.0,0.0,147,4,0.0,0.8
5ab978855542996be2020512,"Over how many centuries were the ""dwelling place of the dead"" built?",chunk_packed_160,chunk_packed_160,0.21465268326028947,0.20469424214667567,0.21079444834723696,0.23796419795231671,0.1111111111111111,148,2,0.0,0.0,151,3,0.0,0.0,160,4,0.0,0.0
5a7dbf4e5542990b8f503a68,"The actress known for her role in ""Lost in Translation"" also appears in Untitled Avenger film with which male actor who plays the character Thor?",chunk_packed_160,ace_focused_160,0.2464309933593697,0.2465903326549569,0.22241570021715623,0.21611673490287178,0.42857142857142855,140,2,0.0,0.0,144,2,1.0,1.0,143,3,1.0,1.0
5a867089554299211dda2b30,"Which magazine is published more often, Shonen Jump or Rolling Stone?",ace_packed_160,ace_packed_160,0.25869602289635085,0.2791660492102952,0.26133830943604325,0.3136175669319079,0.42857142857142855,149,2,0.0,0.0,152,3,1.0,1.0,160,3,1.0,1.0
5a7cba005542990527d55516,"What is the year of the event that occured first, Skeeter stopped teaching at his alma mater,or Emmett Kelly died?",ace_packed_160,ace_focused_160,0.23012913488422682,0.25639050025682464,0.26826051641990617,0.26456745725665953,0.25,158,4,0.0,0.0,150,4,0.0,0.0,158,4,1.0,1.0
5a8f7c9a55429918e830d239,Which NFL team did both Don Looney and DeSean Jackson play for?,chunk_packed_160,ace_packed_160,0.23502837299351703,0.2878334146298013,0.2631309876423935,0.26107418395864124,0.42857142857142855,160,3,0.0,0.0,141,3,0.0,0.0,151,3,0.0,0.0
5ac2db67554299657fa290a6,What is Michael Nakasone job at the college prep school in Honolulu?,chunk_packed_160,chunk_packed_160,0.2976939072849305,0.2679251514083973,0.2922703068705904,0.2798147110327217,0.6666666666666666,146,4,0.0,0.0,148,4,0.0,0.0,155,4,0.0,0.0
5ab6c1da554299710c8d1f4c,What province is the city where Matts (Matti) Wiktor Hoikka was a blacksmith and politician?,ace_packed_160,chunk_packed_160,0.3033070874169578,0.34294304731064656,0.32623704360705896,0.3857823064580596,1.0,137,4,0.0,0.4,137,4,0.0,0.4,137,4,0.0,0.4
5adf6b405542992d7e9f9341,"Which contributor to Fear: 13 Stories of Suspense and Horror was born on March 15, 1953 ?",ace_packed_160,ace_focused_160,0.24011633067849306,0.26319370934501995,0.2604781511973382,0.30926802121900804,0.42857142857142855,160,3,0.0,0.0,152,4,0.0,0.0,146,4,0.0,0.0
5a89d2d75542992e4fca83d2,What country of origin does Shawnee Trail and Great Indian Warpath have in common?,chunk_packed_160,chunk_packed_160,0.27670557805919627,0.2784287739323065,0.27891635391264225,0.3031181747547329,0.6666666666666666,150,3,0.0,0.0,156,3,0.0,0.0,156,3,0.0,0.0
5a7634f155429976ec32bd6b,"What shallow water table aquifer is located near the county seat of Keith County, Nebraska?",chunk_packed_160,ace_packed_160,0.3342493787967362,0.3321617782916686,0.33359493168452803,0.2779111899127567,0.6666666666666666,153,4,1.0,1.0,150,4,1.0,1.0,158,4,1.0,1.0
5abe49765542991f6610611f,The Bulls–Knicks rivalry involved a well known player who was how tall? ,ace_packed_160,chunk_packed_160,0.2685660295794069,0.25703203559357635,0.26930867078162435,0.33341232440860624,0.25,137,2,1.0,1.0,140,4,0.0,0.0,132,4,0.0,0.0
5a8d93bf554299068b959d46,Are both Yangzhou and Jiangyan District considered coastal cities?,ace_packed_160,chunk_packed_160,0.2586161363953621,0.2478082004662022,0.2665114243006743,0.3124783991499406,0.6666666666666666,158,3,0.0,0.0,159,4,0.0,0.0,159,4,0.0,0.0
5a79120755429974737f7966,What is the birthday of the singer whose songs are remixed in Queen of Clubs Trilogy: Onyx Edition?,ace_packed_160,chunk_packed_160,0.39048375867042895,0.3943535289756114,0.3983361778207093,0.4331048372432533,0.42857142857142855,137,3,0.0,0.0,156,4,0.0,0.0,160,3,0.0,0.0
5ab29caa554299545a2cf9d3,Which gaming console was both Yakuza Kiwami and Yakuza 0 released on?,ace_packed_160,ace_focused_160,0.26559028972670556,0.287213255129115,0.27839999229854917,0.31634467245592013,0.6666666666666666,158,3,1.0,1.0,160,4,1.0,1.0,143,4,1.0,1.0
5ae4a0ca5542995ad6573dcb,Bill Nelson flew as a Payload Specialist on a Space Shuttle launched for the first time in what year?,ace_packed_160,ace_packed_160,0.28807903510077215,0.3038585113340738,0.3062664874123815,0.3851991750814021,0.6666666666666666,153,3,0.0,0.0,154,3,1.0,1.0,159,4,1.0,1.0
5ac05310554299012d1db5e7,"What is the name of the murder victim that worked in a restaurant, in which Mark Fuhrman was the detective?",chunk_packed_160,ace_packed_160,0.2901103599011041,0.3007864668114239,0.31653227602470724,0.30320684394832376,1.0,158,3,0.0,0.4,146,3,0.0,0.4,151,3,0.0,0.4
5ac1b1345542994ab5c67dd0,Sinch when has the rank held by Sir Charles Comyn Egertong been the highest in the British Army?  ,ace_packed_160,ace_packed_160,0.2475908885258764,0.26075577845483217,0.25905222056263744,0.3593250927670141,0.6666666666666666,157,3,0.0,0.0,142,4,0.0,0.0,143,4,0.0,0.0
5adce36e5542990d50227d55,Vivian Pinn taught at which college founded in Massachusetts in 1852?,ace_packed_160,ace_packed_160,0.24402062766163907,0.27942823571699027,0.2638419968421327,0.2844383729172958,0.42857142857142855,157,3,0.0,0.5,153,3,0.0,0.5,147,2,0.0,0.0
5a7bf3da5542996dd594b869,Laurie Davidson is an English actor known for playing a fictionalized version of a young William Shakespeare on a show that was canceled on what date?,ace_packed_160,ace_packed_160,0.3813204086563434,0.45748000305179637,0.4253622109366665,0.46984270181144727,0.42857142857142855,148,3,0.0,0.3333333333333333,153,3,1.0,1.0,153,3,1.0,1.0
5add8f055542990dbb2f7e6d,Who conducted the negotiations  with the owners and the longest serving commandant of Auschwitz concentration and extermination camp?,ace_packed_160,ace_packed_160,0.28089854055170277,0.2758610697453384,0.27397753740389247,0.32449929632284163,0.6666666666666666,149,3,0.0,0.0,147,3,1.0,1.0,154,2,0.0,0.0
5a78b209554299148911f93e,"Which playwright lived a longer life, Edward Albee or J. M. Barrie?",chunk_packed_160,chunk_packed_160,0.29985823749810925,0.28339792175945505,0.2851207371468616,0.31650221349572616,1.0,138,4,0.0,0.6666666666666666,134,4,0.0,0.28571428571428575,145,4,0.0,0.0
5a808afb5542992bc0c4a76b,"Which writer of French descent actually lived in France, Maurice Level or John Dufresne?",ace_packed_160,chunk_packed_160,0.2400369775093716,0.25275445228978094,0.2463819578506067,0.2940905158419968,0.42857142857142855,130,3,1.0,1.0,140,3,1.0,1.0,140,3,1.0,1.0
5a8cfee555429941ae14df5c,How are elephants connected to Gajabrishta?,chunk_packed_160,ace_focused_160,0.22199926596237327,0.20826805528779507,0.21810110004105598,0.23666827747423985,0.2857142857142857,156,3,0.0,0.0,151,4,0.0,0.0,148,4,0.0,0.0
5a8359c7554299123d8c20fb,"In the summer of 1972, ""Metal Guru"" was the last UK number one for T. Rex and its lead singer. What was his name?",chunk_packed_160,ace_packed_160,0.30959237247107074,0.317049558059584,0.32306527662136875,0.2431866826697346,0.25,146,5,1.0,1.0,145,4,1.0,1.0,146,4,1.0,1.0
5ab615cf554299488d4d9aa3,"Dawn Lake described the star of ""I Love Lucy"" as what?",ace_packed_160,ace_focused_160,0.27937410862460343,0.2855006888251827,0.2964494578819321,0.3328492781820517,0.25,154,3,0.0,0.0,153,3,0.0,0.0,155,3,0.0,0.5
5a7e0c045542995f4f4023c5, Who was born first Doug Liman or Saul Metzstein?,ace_packed_160,ace_packed_160,0.25155108370877416,0.2778158830759184,0.2825944731427078,0.30909813603449343,0.42857142857142855,158,4,0.0,0.0,152,5,0.0,0.0,158,4,0.0,0.0
5ae6143f5542996de7b71b2d,What film did Lela Rochon based on a John Grisham novel?,ace_packed_160,chunk_packed_160,0.30310708741144454,0.2976286069991825,0.299058377047405,0.35581411654400935,0.6666666666666666,143,3,1.0,1.0,148,4,1.0,1.0,135,3,0.0,0.0
5ae0432a55429924de1b7081,Were Rosario Castellanos and Lucy Maud Montgomery both authors?,ace_packed_160,ace_packed_160,0.2670286358508721,0.29843916373475976,0.2937047709694483,0.390050326277654,0.6666666666666666,160,2,0.0,0.0,156,3,0.0,0.0,159,4,0.0,0.0
5adf82945542993344016ca4,What profession did Alan Crosland and Kurt Voss both hold?,ace_packed_160,ace_packed_160,0.26207267304639054,0.2754155136297377,0.2683277030105098,0.30246695051757694,0.42857142857142855,150,4,1.0,1.0,145,4,1.0,1.0,149,4,0.0,0.0
5abdd0f15542991f6610604d,The Rome Protocols were signed by three Prime Ministers one of which was assassinated as part of what?,chunk_packed_160,chunk_packed_160,0.2594677017258655,0.3229570618373398,0.3029274779158655,0.2816833098327609,0.42857142857142855,134,2,0.0,0.0,158,4,0.0,0.0,147,3,0.0,0.0
5a8361b65542992ef85e22a0,Vince Phillips held a junior welterweight title by an organization recognized by what larger Hall of Fame?,chunk_packed_160,chunk_packed_160,0.28083404942750834,0.2784596515130948,0.2822482638318673,0.26988486365649356,0.25,148,3,1.0,1.0,153,4,0.0,0.0,152,4,1.0,1.0
5ae7ed9555429952e35ea9e6,The Italian surname Bellini is normally written after what names?,ace_packed_160,ace_packed_160,0.3106330923048082,0.32402877575295824,0.29948267304536347,0.3645736111353475,1.0,159,4,1.0,1.0,150,5,1.0,1.0,152,5,0.0,0.0
5adfda5255429942ec259b5e,What county in Minnesota holds a 202 lb slab of greywacke covered in runes?,chunk_packed_160,chunk_packed_160,0.3674217221037609,0.42394204600486973,0.4095109232089835,0.36455778425802204,0.6666666666666666,157,4,0.0,0.6666666666666666,155,5,0.0,0.0,155,5,0.0,0.0
5a80cddd554299260e20a169,Multiple award-winning actor Gary Sinise appeared in The Stand in 1994 - a miniseries based on a novel and screenplay by which noted author?,ace_packed_160,ace_focused_160,0.29224405044630514,0.3109273786251705,0.2982051460294856,0.33544079156410467,0.42857142857142855,158,3,1.0,1.0,155,3,1.0,1.0,144,4,1.0,1.0
5ae780bf554299540e5a55d0,The bomber who carried out a Provisional Irish Republican Army (IRA) assassination attempt against the top tier of the British government in 1984 was born in what year?,ace_packed_160,chunk_packed_160,0.31043887354526933,0.33651123634401453,0.3248074574213151,0.42609391377935957,0.42857142857142855,150,3,1.0,1.0,159,2,0.0,0.0,154,3,1.0,1.0
5ae5736e5542990ba0bbb2b3,"When was the American lawyer, lobbyist and political consultant who was a senior member of the presidential campaign of Donald Trump born?",chunk_packed_160,ace_packed_160,0.28993896702828087,0.31207436772851194,0.2863540464272317,0.3114751516124211,0.42857142857142855,160,3,0.0,0.0,146,3,1.0,1.0,157,4,1.0,1.0
5ae7fb1155429952e35ea9eb,"In what event was Harold Davis a former record holder, but now is held by Usain Bolt?",ace_packed_160,chunk_packed_160,0.28402622597711635,0.2805255583452159,0.2777056237724038,0.3182392163919854,0.42857142857142855,133,3,1.0,1.0,159,3,0.0,0.8,160,4,0.0,0.0
5abdc74755429965af743e36,The University of the Pacific Tigers are led by which American retired professional basketball player and the current head men's basketball coach at the University of the Pacific?,ace_packed_160,ace_focused_160,0.3649131462201059,0.3538353299784296,0.3623934629804729,0.46416551074829904,0.6666666666666666,160,4,0.0,0.8,149,3,0.0,0.8,151,3,1.0,1.0
5ab82d345542990e739ec854,"Following The Simple Things a featurette directed by Burny Mattinson was produced, called what?",ace_packed_160,ace_focused_160,0.2796459843362951,0.3186477548294674,0.29977672095860686,0.3893597734396672,0.42857142857142855,159,4,0.0,0.0,157,4,0.0,0.0,160,4,1.0,1.0
5abbdb9a55429931dba145ad,Alexander Borodin wrote what piece of music named after the Kiphchaks and Cumans?,chunk_packed_160,chunk_packed_160,0.2337136650717357,0.2449222694224002,0.2544021121381623,0.23816417685040886,0.6666666666666666,152,3,1.0,1.0,157,3,0.0,0.5,136,4,0.0,0.5
5ab6f9335542991d322236fc,Are Ana Kasparian and Katherine Sarafian both Armenian-,ace_packed_160,chunk_packed_160,0.261987243742961,0.24940658947446626,0.256408141580653,0.31677565672470737,0.6666666666666666,151,3,0.0,0.0,156,3,0.0,0.0,156,3,0.0,0.0
5ae0b4c15542993d6555ec21,What are The Ready Set and Cell?,ace_packed_160,chunk_packed_160,0.2629752324580842,0.3086967764402171,0.3020298589385947,0.30978464926378724,0.16666666666666666,141,3,0.0,0.0,153,2,0.0,0.0,147,2,0.0,0.0
5ae361605542994393b9e69b,The facility where Robert Croft worked as a navy instructor was also known as?,ace_packed_160,ace_focused_160,0.2740872346195694,0.282963739583573,0.2972039869658696,0.3140616698707409,0.42857142857142855,150,3,0.0,0.0,160,3,0.0,0.16666666666666666,150,4,0.0,0.22222222222222224
5a7be294554299294a54ab44,Bill McCollum took a leadership role in the Senate trial that began on which date?,chunk_packed_160,ace_focused_160,0.2708093257524905,0.3093659395796491,0.30703280660614507,0.277880697166191,0.6666666666666666,156,4,0.0,0.0,145,5,0.0,0.0,146,4,1.0,1.0
5a8026a05542992e7d278df8,Iselin Solheim provided vocals in the song released on what date?,ace_packed_160,ace_packed_160,0.27374623781292173,0.2927445627420793,0.27102310550369646,0.32570834961487105,0.25,158,4,0.0,0.4,149,3,0.0,0.4,153,4,0.0,0.4
5a79118755429974737f7962,"Which band formed first, Awolnation or Foo Fighters?",ace_packed_160,ace_packed_160,0.259018962669475,0.26478690246855935,0.27370345902282517,0.33728912930033006,1.0,160,3,1.0,1.0,158,3,1.0,1.0,147,3,0.0,0.0
5abbb42555429931dba144af,Jean-Paul Sartre or George Bernard Shaw  have more influence on turn of the century literature?,ace_packed_160,chunk_packed_160,0.26382699741146987,0.3002509202664203,0.28175529121216136,0.3132465437647382,0.6666666666666666,144,3,0.0,0.0,155,4,0.0,0.0,144,3,0.0,0.0
5a772e465542994aec3b7209,What do Wrigley Park and social networks have in common?,chunk_packed_160,chunk_packed_160,0.2608902842717758,0.2523983510579038,0.2605588946517161,0.26099074913641557,0.42857142857142855,147,4,0.0,0.0,152,4,0.0,0.0,148,4,0.0,0.0
5a77372b554299373536021c,The Victoria's Secret Fashion Show features what fashion model who was born in 1988?,ace_packed_160,ace_packed_160,0.2978964300551067,0.3015413755914398,0.297982267735263,0.3326869677189815,0.6666666666666666,156,3,0.0,0.0,139,3,0.0,0.8,153,3,0.0,0.8
5addeb685542992200553bb1,Mastophora dizzydeani is a species of spider named after baseball player Jerome Herman Dean who goes by what nickname?,ace_packed_160,ace_packed_160,0.3625457864225899,0.41277232758624793,0.3917092268019065,0.4620439358213819,0.42857142857142855,160,4,0.0,0.6666666666666666,146,4,0.0,0.6666666666666666,156,4,0.0,0.6666666666666666
5a90485755429933b8a204d2,"Calling All Dawns includes the theme for the game ""Civilization IV,"" written by whom?",chunk_packed_160,ace_focused_160,0.3094206676282705,0.3109190795230098,0.3123300525708153,0.30967471777891326,0.42857142857142855,141,3,1.0,1.0,146,3,1.0,1.0,135,3,1.0,1.0
5ab31fea554299194fa9356a,When was the second album by Jason Daunt's band released?,ace_packed_160,chunk_packed_160,0.23460192456513104,0.2818586283516038,0.2839274699793665,0.3527281741192457,0.1111111111111111,149,2,0.0,0.5,159,3,0.0,0.5,160,4,0.0,0.0
5a790d8f554299029c4b5eec,"Which English musician is known for both the songs ""See Yourself"" and ""Withing You Without You""?",ace_packed_160,chunk_packed_160,0.23109747103331546,0.2785289716961774,0.25591709610540636,0.2645475549146271,0.42857142857142855,154,3,1.0,1.0,160,4,1.0,1.0,160,4,1.0,1.0
5ae6860e5542991bbc976112,"How did Emilie du Chatelet, Voltaire's love, contribute to the basic laws of physics?",chunk_packed_160,ace_packed_160,0.2380259104948319,0.2577867864032186,0.2595312689383206,0.26781612454678044,0.25,136,3,0.0,0.0,150,3,0.0,0.7692307692307692,150,3,0.0,0.7692307692307692
5a7f3f7c55429934daa2fd45,"Which band has more members, The Futureheads or Marcy Playground?",chunk_packed_160,ace_packed_160,0.27532701842683327,0.28330538339306766,0.2789316663295939,0.29828518612747634,0.6666666666666666,155,4,1.0,1.0,149,5,1.0,1.0,149,5,1.0,1.0
5a752fb75542993748c897df,"What pop band features an Argentine actress that appeared in the television series ""Chiquititas""?",chunk_packed_160,ace_packed_160,0.27228436958600105,0.2852467172136936,0.27132499594259596,0.22450911882533825,0.42857142857142855,152,4,0.0,0.0,119,3,1.0,1.0,147,3,1.0,1.0
5a7ce0bc55429909bec76863,"Which show which aired on NBC from September 22, 1994, to May 6, 2004, has the fifteenth episode entitled, ""The One with the Girl Who Hits Joey""?",chunk_packed_160,ace_focused_160,0.38390981369900157,0.39875143011650305,0.3973188277125024,0.35378152953493036,0.25,149,3,1.0,1.0,150,3,1.0,1.0,148,3,1.0,1.0
5add5f395542990dbb2f7e50," the movie ""A Cure for Wellness"" was a science fiction?",chunk_packed_160,chunk_packed_160,0.5039881018658415,0.5093991118240033,0.5184696273919528,0.49295529123075676,0.25,150,3,0.0,0.0,153,4,0.0,0.0,160,4,0.0,0.0
5a8835245542994846c1ce27,Do Tropical Fish Hobbyist and Curve cover the same topic?,ace_packed_160,ace_focused_160,0.30029553285108523,0.3208194341353493,0.3138864343876543,0.3478479164529178,1.0,149,4,0.0,0.0,153,4,0.0,0.0,141,4,0.0,0.0
5a7c76275542990527d554b4,Which film was released first out of The Hunchback of Notre Dame and Miracle of the White Stallions?,ace_packed_160,ace_packed_160,0.33454842044185396,0.35735393983352964,0.3404899835596758,0.3658127516458889,0.42857142857142855,154,3,1.0,1.0,133,3,1.0,1.0,133,3,1.0,1.0
5a7781c955429949eeb29ea8,What former two-weight world champion is represented by boxing managed Ziggy Rozalski?,ace_packed_160,ace_packed_160,0.25607191509786387,0.3315972403051708,0.34610809846011437,0.29540974196764164,0.25,142,3,0.0,0.0,150,3,1.0,1.0,127,3,0.0,0.0
5a829fab55429954d2e2eb83,"Between Joe Orton and Henry James, which author is the adjective ""Ortonesque"" used to refer to his work?",chunk_packed_160,chunk_packed_160,0.2944867871441512,0.35078407472578776,0.32556533880321403,0.26146680116188864,0.42857142857142855,152,3,0.0,0.6666666666666666,154,4,0.0,0.6666666666666666,155,4,0.0,0.6666666666666666
5ae7257a554299572ea54731,"What character did Selina Giles play in the 2005 dystopian political thriller named ""V for Vendetta""?",chunk_packed_160,ace_packed_160,0.2670328539450636,0.27127458107255875,0.264161346581256,0.2899162062201227,0.42857142857142855,151,3,0.0,0.0,150,4,1.0,1.0,149,4,0.0,0.0
5ab6ff3a5542991d3222372a,James Fieser received his B.A. from what liberal arts work college that was founded in 1855?,chunk_packed_160,chunk_packed_160,0.2702946032189487,0.2785946191268627,0.2692852875777383,0.2975528816519843,0.42857142857142855,153,2,1.0,1.0,157,4,1.0,1.0,160,5,1.0,1.0
5ab6c5be55429954757d336c,The character Jack from While You Were Sleeping was born in what year?,ace_packed_160,chunk_packed_160,0.284950799540292,0.28926484139902936,0.29959342179868154,0.3702322312720305,0.1111111111111111,155,3,0.0,0.0,155,4,0.0,0.0,159,4,0.0,0.0
5ab514dc5542990594ba9cfa,"Who won the 2007 Copa America Final, with help from Julio Baptista?",chunk_packed_160,chunk_packed_160,0.2946862946523281,0.3206594324113216,0.31581287820021053,0.31703513586455123,0.42857142857142855,138,3,1.0,1.0,152,4,1.0,1.0,140,3,1.0,1.0
5a80b8845542992bc0c4a7de,"In regards to the 2015 animation film based on The True Meaning of Smekday, who produced a song that was sung by a Barbadian?",chunk_packed_160,ace_focused_160,0.33381885184217297,0.3494990714723959,0.33495685274089626,0.36358149180908506,0.42857142857142855,146,3,0.0,0.0,144,3,0.0,0.0,132,3,0.0,0.0
5a8cdcb0554299441c6b9f33,Was the film Splash released before the film Tangled? ,chunk_packed_160,chunk_packed_160,0.29632594418935965,0.3210741447737813,0.32487253771811997,0.32425265132162207,0.6666666666666666,143,3,0.0,0.0,159,4,0.0,0.0,144,4,0.0,0.0
5adbf0a255429947ff17385a,Are the Laleli Mosque and Esma Sultan Mansion located in the same neighborhood?,ace_packed_160,ace_packed_160,0.307360330963099,0.3352064167565193,0.32179479714181414,0.36351810635904735,0.42857142857142855,148,4,0.0,0.0,129,4,0.0,0.0,158,5,0.0,0.0
5ae4075b55429970de88d87a,Who was responsible for the Soviet–Albanian split?,ace_packed_160,ace_focused_160,0.2856541379029648,0.2896050566710674,0.2850520873197828,0.36798957665808674,0.6666666666666666,146,2,1.0,1.0,140,2,0.0,0.0,141,2,1.0,1.0
5ab57673554299637185c5a3,"What public service broadcaster with over 20,950 employees, aired the variety show Welsh Rarebit?",chunk_packed_160,chunk_packed_160,0.2584340606189156,0.28746950618843337,0.27408715084896385,0.2696557788440771,0.6666666666666666,135,3,0.0,0.4,159,4,0.0,0.4,160,4,0.0,0.4
5ae53b545542990ba0bbb23c,Where does the hotel and casino located in which Bill Cosby's third album was recorded?,chunk_packed_160,ace_packed_160,0.3318913228354836,0.3468827213380439,0.34298283375287936,0.32185426585933424,0.42857142857142855,155,4,0.0,0.0,150,4,0.0,0.0,153,4,0.0,0.0
5ae444b55542996836b02c63,When was the brewery founded which has The Stag Inn Hastings as a tied house ?,ace_packed_160,ace_focused_160,0.28929295325802584,0.3195390669898016,0.31259916073789024,0.33056266403017753,0.6666666666666666,155,3,0.0,0.0,155,3,0.0,0.0,134,3,0.0,0.0
5add53fe5542992200553ab1,Since what historic period has the area known for its Crottin de Chavignol goat cheese been inhabited?,chunk_packed_160,ace_packed_160,0.32074020880530685,0.35096663279592755,0.34641278218876115,0.32009527766642765,0.42857142857142855,156,4,0.0,0.0,154,4,0.0,0.0,154,4,0.0,0.0
5ab2e3c45542991669774126,Are Centaurium and Dacrydium both genuses of plant species?,chunk_packed_160,ace_packed_160,0.2314250499927838,0.24458198123462133,0.23870838556390994,0.2567286989519983,0.6666666666666666,157,4,0.0,0.0,145,5,0.0,0.0,145,5,0.0,0.0
5add47bf5542992200553a7f,Are Robin Wilson and Adrienne Bailon of the same nationality? ,ace_packed_160,chunk_packed_160,0.26134374634714325,0.26037649393358386,0.2789910189732917,0.30902065152096325,0.6666666666666666,131,3,0.0,0.0,160,4,0.0,0.0,148,4,0.0,0.0
5a838a3d554299123d8c215d,How long is the road the A12 is a part of?,ace_packed_160,ace_packed_160,0.316072874918913,0.30188811539192195,0.30659355283968914,0.39928800955916943,0.6666666666666666,151,3,0.0,0.0,140,4,0.0,0.0,155,4,0.0,0.0
5a8eaa74554299068b959e88,"Which American digital media company and news satire organization that publishes articles on international, national, and local news did the comic artist of Jim's Journal co-found?",ace_packed_160,ace_packed_160,0.30829233987146315,0.30567184128956626,0.3298792446023141,0.4314147858064792,0.6666666666666666,153,3,1.0,1.0,152,4,1.0,1.0,153,3,1.0,1.0
5ac257fe55429951e9e68562,"Who has more scope of profession, Bob Fosse or Angelina Jolie?",ace_packed_160,ace_focused_160,0.23542345694683153,0.1888094839263039,0.2529603089820703,0.2797076892074038,0.42857142857142855,152,3,0.0,0.4,146,4,0.0,0.4,137,4,0.0,0.4
5a7dff595542997cc2c474eb,Who was the husband of Kalanipauahi's niece?,chunk_packed_160,chunk_packed_160,0.2543861023701406,0.26288979383504346,0.2762832161434814,0.2561523351340494,0.42857142857142855,151,3,0.0,0.3333333333333333,151,3,0.0,0.0,159,3,0.0,0.0
5a8f6e295542992414482ac6,The manufacturer that owns the company that currently produced and marketed Skittles is headquartered in what US state?,chunk_packed_160,chunk_packed_160,0.31350427257181723,0.30429060882929226,0.323925347999693,0.3102173753570139,0.42857142857142855,148,4,1.0,1.0,159,5,0.0,0.0,154,5,0.0,0.0
5ae0f2bf5542997b2ef7d09e," Which attack resulted with the formal surrender of German forces, the Battle of Guam or the Spring 1945 offensive in Italy?",chunk_packed_160,chunk_packed_160,0.35989620371619013,0.3864911423644211,0.38423510039885933,0.37680817584422244,0.6666666666666666,157,4,1.0,1.0,142,3,0.0,0.0,159,3,1.0,1.0
5a8af28555429951533613b5,1956 Night Series Cup games were played at what inner suburb of Melbourne that is 3km south of Melbourne's central business district?,ace_packed_160,ace_focused_160,0.32752559224025285,0.3091197976358794,0.32473233715150907,0.37573168617346375,0.25,151,3,1.0,1.0,154,4,1.0,1.0,147,4,1.0,1.0
5a7a73e45542996c55b2ddb6,Evan Buliung played the character Aragon who is based on a character in a book series written by which author? ,chunk_packed_160,ace_packed_160,0.26266114535278473,0.29188363336079615,0.29254406148848355,0.2893545542335767,0.25,151,3,0.0,0.0,152,3,0.0,0.3333333333333333,154,3,0.0,0.0
5ae75eb45542991bbc976201,"Norman Buckley is associated with a family drama for what cable network, formerly known as ABC Family?",ace_packed_160,chunk_packed_160,0.2731365075804555,0.28310959721212814,0.2843834243871838,0.3153912024581855,0.25,122,3,1.0,1.0,160,4,1.0,1.0,144,4,1.0,1.0
5ab7bae95542993667793ff4,Who did the Doncaster Belles play in the 1994 FA Women's Cup Final held at Glanford Park? ,ace_packed_160,ace_packed_160,0.3568826816122321,0.36453385218564494,0.3657256085943191,0.39691385821101344,0.6666666666666666,159,4,1.0,1.0,147,3,1.0,1.0,158,4,1.0,1.0
5ab930c75542996be202043a,What other series is the actress who plays Malory Archer well known for?,ace_packed_160,ace_focused_160,0.23178494693716706,0.24725269064868033,0.23921899585756023,0.27955680449870624,0.6666666666666666,158,3,0.0,0.0,152,3,1.0,1.0,149,3,1.0,1.0
5ac2ea1a5542990b17b154a1,What episode of South Park was the episode that aired in May before Funnybot?,ace_packed_160,chunk_packed_160,0.2775683325484276,0.2846572184453952,0.2929817193132548,0.3080896292866434,0.6666666666666666,140,2,0.0,0.0,154,3,0.0,0.0,158,3,0.0,0.0
5ae2fca555429928c423958a,"What was the other single from Eric Stewart and Graham Gouldman's band's 1975 album, besides ""I'm Not in Love""?",ace_packed_160,ace_packed_160,0.34207877865284764,0.35347158213254115,0.37339587462254115,0.42217582516977326,0.25,154,3,0.0,0.0,145,4,0.0,0.0,148,4,0.0,0.0
5a8835dc5542994846c1ce2b,Who is a winner of the 2013 6 Hours of Silverstone a co-commentator for?,ace_packed_160,chunk_packed_160,0.32690103591533737,0.3418353039766804,0.33012578503524,0.3572093664146545,0.6666666666666666,154,3,0.0,0.0,156,3,0.0,0.0,155,3,0.0,0.0
5abbd2575542993f40c73bbd,Petroglyphs on Ingaro isalnd indicate it has been innhabited since an era that lasted until what year?,ace_packed_160,chunk_packed_160,0.21643947671840214,0.215601678448388,0.22856365155181957,0.2691502779845035,0.25,146,2,0.0,0.0,157,4,0.0,0.0,156,3,0.0,0.0
5ab6369655429953192ad2a1,Which Genus has more species Eucryphia or Lepidozamia ?,ace_packed_160,ace_focused_160,0.2154970191492682,0.27772646020020747,0.2258028176814936,0.2620088378554617,0.6666666666666666,154,3,1.0,1.0,155,4,1.0,1.0,149,4,1.0,1.0
5adc85b855429944faac24e9,Who is an Australian philosopher that inspired Living High and Letting Die?,ace_focused_160,ace_focused_160,0.31839858083758155,0.34776252867546054,0.35917209817041407,0.3732055150820185,0.6666666666666666,156,3,0.0,0.0,124,4,0.0,0.0,124,4,1.0,1.0
5abbc4d255429931dba144fe,"Which genus of plant grows originally in Mexico and Guatemala, Phylica or Weldenia?",chunk_packed_160,chunk_packed_160,0.3712608452979195,0.4026184946749807,0.4035807382659674,0.3704663421588875,0.25,144,4,1.0,1.0,154,5,1.0,1.0,154,5,1.0,1.0
5a80b0565542996402f6a5f0,"Which band was formed first, Lit or Adorable?",ace_packed_160,ace_focused_160,0.2837247942262848,0.3081949240670103,0.29874490986179525,0.34455836210186547,0.6666666666666666,157,4,1.0,1.0,158,5,1.0,1.0,152,4,1.0,1.0
5abbc96755429931dba1452c,"How many records had the team sold before performing ""aint thinkin' 'bout you""?",chunk_packed_160,ace_packed_160,0.23850377816354063,0.27378022692114845,0.2648936975866019,0.26137018312101307,0.1111111111111111,146,3,0.0,0.0,143,4,0.0,0.0,146,3,0.0,0.0
5a8b42be55429949d91db515,What profession does John Lanchester and Alan Dean Foster have in common?,ace_packed_160,ace_packed_160,0.2681524947497216,0.21239463459143404,0.2803881939147784,0.3368696496048273,0.6666666666666666,145,3,0.0,0.5,149,4,1.0,1.0,160,4,0.0,0.0
5ae1367055429901ffe4adf3,John Rhys-Davies played General Pushkin in the Bond Film that starred whom as James Bond?,ace_packed_160,chunk_packed_160,0.2711149243833008,0.28785238248394707,0.29148363531313376,0.31333336281167884,0.42857142857142855,160,3,1.0,1.0,153,2,0.0,0.0,157,3,0.0,0.0
5abe18e055429976d4830a74,Is the university that owns WCSU-FM historically black or white?,chunk_packed_160,chunk_packed_160,0.27123621438603035,0.27259878653099007,0.28117782949712933,0.2804508182728999,0.6666666666666666,149,3,0.0,0.6666666666666666,158,4,0.0,0.0,150,4,0.0,0.0
5ac017f4554299012d1db5a2,"Between Amazing Stories and Aquarium Fish International, which magazine is devoted more to hobbies related to physical activities?",chunk_packed_160,ace_packed_160,0.27287913871673114,0.27478635352566966,0.26939289197377164,0.26436571625103567,0.42857142857142855,154,4,0.0,0.0,148,5,1.0,1.0,148,5,1.0,1.0
5abf44025542993fe9a41def,which writer has the highest number of skill  Langston Hughes or  Ian McEwan,chunk_packed_160,ace_packed_160,0.2738060277805953,0.2540520458208798,0.252599971876844,0.29156968315220777,0.6666666666666666,148,3,0.0,0.0,147,4,0.0,0.0,156,4,0.0,0.0
5a839cb9554299123d8c2169,"Who has released more studio albums, 10 Years or Edward Sharpe and the Magnetic Zeros?",chunk_packed_160,ace_packed_160,0.38009725368075525,0.3787287499489214,0.3807336161237531,0.3984116980186678,0.42857142857142855,153,4,1.0,1.0,149,4,1.0,1.0,152,3,1.0,1.0
5ab55a9b5542992aa134a2ba, Legends of the Fall was based on a novella by what poetry and fiction writer?,chunk_packed_160,ace_focused_160,0.30132112076497053,0.3025178129094655,0.30781394137105367,0.27564986212750064,0.25,153,3,1.0,1.0,146,3,1.0,1.0,133,2,1.0,1.0
5a9080275542995651fb5175,"What year was the Leeds football club, which Arthur Hydes played, formed? ",ace_packed_160,chunk_packed_160,0.2576241839821657,0.2772601534028146,0.2710554094092391,0.31138194654470963,0.42857142857142855,147,3,1.0,1.0,153,4,1.0,1.0,160,5,1.0,1.0
5ae30d4b55429928c42395cc,"Besides acting in things such as Home Free, what else did Marian Mercer do?",chunk_packed_160,chunk_packed_160,0.2303908076228734,0.26431484319408327,0.23880424387615418,0.2507110655037808,0.42857142857142855,143,4,0.0,0.6666666666666666,155,4,0.0,0.0,157,5,0.0,0.0
5ab613985542992aa134a418,What kind of material forms the wrapping for the chocolate candies that Hershey Kissables were shaped like?,chunk_packed_160,chunk_packed_160,0.2681860603525037,0.2881901216311912,0.28261066041339705,0.26704068779032153,0.6666666666666666,158,5,1.0,1.0,146,5,0.0,0.0,146,5,0.0,0.0
5a7f5da85542992097ad2f3e,"In addition to Hyerim and the individual who left the group in January 2010 to pursue her academic career, who were the other two final members of the group Wonder Girls?",ace_packed_160,ace_focused_160,0.32220743883231356,0.352000045403422,0.33746419534750643,0.3912601793287834,0.6666666666666666,159,3,0.0,0.0,151,3,0.0,0.0,138,3,0.0,0.0
5ac1620855429964131be1bc,Who was an American cartoonist and publisher who had Fred Carter working for him?,chunk_packed_160,ace_packed_160,0.31653345000655564,0.30576503763334206,0.3093611676426873,0.3085491272139248,0.6666666666666666,159,5,1.0,1.0,151,4,1.0,1.0,160,5,1.0,1.0
5a8759395542994775f607e0,Who is older between the brothers that J. Todd Anderson has primarily worked with?,ace_packed_160,chunk_packed_160,0.29499843516029245,0.3276306227725694,0.3237218785183985,0.3889474867441411,0.42857142857142855,138,4,0.0,0.0,155,4,0.0,0.0,147,4,0.0,0.0
5ac3e80b554299076e296ccd,What sport is featured in the film in which Kwon Yu-ri made her film debut ?,chunk_packed_160,chunk_packed_160,0.27686138061013604,0.277181705040631,0.28254011737724016,0.2884621202741856,0.42857142857142855,156,3,1.0,1.0,136,2,0.0,0.0,160,4,0.0,0.0
5adcba885542994ed6169bd9,"Performers that have played at the L.B. Amphitheatre include an American rock band that originally formed in Jacksonville, Florida, in 1964, as who?",ace_packed_160,chunk_packed_160,0.25307506499253707,0.2730249786723798,0.26481228223692704,0.30020170210409014,0.6666666666666666,158,4,0.0,0.0,158,4,0.0,0.0,160,4,0.0,0.0
5a7f5f655542994857a7670b,"A pakistani photogropher was the personal photographer of a Pakistani politician who served as Prime Minister of Pakistan from 1973 to 1977,and who also served in what political office prior to that?",ace_packed_160,ace_packed_160,0.31641387553143907,0.32566794633270063,0.32925599786726956,0.3679824227928712,0.42857142857142855,151,3,0.0,0.0,159,3,0.0,0.5,159,3,0.0,0.5
5adc69ef554299438c868daf,Are Kalenderhane Mosque and Galata Bridge both located in Istanbul?,chunk_packed_160,chunk_packed_160,0.2698453133044167,0.28856329779964757,0.26699433753972324,0.2952466868943296,0.6666666666666666,150,3,0.0,0.0,150,3,0.0,0.0,154,3,0.0,0.0
5ab1dcab5542993be8fa985e,"What was the middle name of the actress who was cast alongside Harvey Fierstein, Linda Hart, Dick Latessa, Clarke Thorell, Mary Bond Davis, Laura Bell Bundy, Matthew Morrison, Corey Reynolds, and Marissa Jaret Winokur in Hairspray?",ace_packed_160,chunk_packed_160,0.36347612563833,0.4471902492482559,0.40687034022937696,0.40430670423417026,0.6666666666666666,137,2,0.0,0.0,137,2,0.0,0.0,151,2,0.0,0.0
5a72c9e85542991f9a20c595,Gabriela Mistral and Alan Sillitoe were both in what profession?,ace_packed_160,chunk_packed_160,0.2455311346130383,0.27396205606237223,0.2840489191767406,0.29116799519573155,1.0,160,4,0.0,0.0,160,3,0.0,0.0,160,4,0.0,0.0
5a7d109855429909bec7692f,The director of Panic 5 Bravo was born in what year?,chunk_packed_160,ace_focused_160,0.32193153053569135,0.3342506218671304,0.3376821199752617,0.30065630750711375,0.25,160,3,0.0,0.0,157,4,0.0,0.0,135,4,0.0,0.0
5ae55d1e55429960a22e02cb,"When was the host of ""British Academy Television Awards 2009"" born? ",ace_packed_160,chunk_packed_160,0.3637706644474178,0.31396490497512347,0.3576979422025456,0.47223935633879877,0.42857142857142855,151,4,0.0,0.0,159,5,0.0,0.0,159,5,0.0,0.0
5a7d70d45542990b8f50398a,Which movie came out first Muppet Treasure Island or Million Dollar Arm ?,ace_packed_160,ace_focused_160,0.2509894037890985,0.2515232695397512,0.26444539469724293,0.3348275856359655,0.42857142857142855,160,4,1.0,1.0,144,4,1.0,1.0,140,3,1.0,1.0
5a72f1cf5542994cef4bc414,Which English actor starred in the 1995 american romantic drama film The Scarlet Letter alongside Demi Moore and Robert Duvall?,ace_packed_160,ace_focused_160,0.3379123289419417,0.37421885720843157,0.3639357989585623,0.40115669216276917,0.42857142857142855,141,3,0.0,0.0,159,5,0.0,0.0,139,3,1.0,1.0
5ae5e0a6554299546bf82fa9,"What year did the VIacom subsidary, Paramount Pictures make the silent film Through the Glass Window?",chunk_packed_160,ace_focused_160,0.28846656332688225,0.301781092427589,0.29784106336309235,0.28919852194603823,0.6666666666666666,156,4,1.0,1.0,155,3,1.0,1.0,152,3,1.0,1.0
5ab626d555429953192ad279,Anthony Avent played basketball fo a High School that is located in a city approcimately 8 mi west of where?,chunk_packed_160,ace_focused_160,0.2672208625357405,0.27274590259116904,0.2846079020052701,0.25236972880751507,0.1111111111111111,151,4,0.0,0.0,154,4,0.0,0.0,133,3,0.0,0.0
5ae3f2395542995ad6573cc6,Are Ganzhou and Jimo District both located in China?,chunk_packed_160,chunk_packed_160,0.27686049392045886,0.28331252872966106,0.2868796196217267,0.2984529286030947,1.0,151,4,0.0,0.0,151,4,0.0,0.0,152,4,0.0,0.0
5a7b3ec95542995eb53be8d3,Edward C. Hugger and Alexander Acosta served at appointees for what job?,ace_packed_160,chunk_packed_160,0.23316205945482232,0.24275442612154902,0.24019224688319063,0.275750485490021,0.6666666666666666,142,4,1.0,1.0,153,4,0.0,0.7499999999999999,151,4,1.0,1.0
5abd0803554299700f9d7979,"Caprice No. 5 was composed by what Italian violinist, guitarist, and composer, who was the most celebrated violin virtuoso of his time?",chunk_packed_160,ace_focused_160,0.2949730702961946,0.3369329222216946,0.3155757451676191,0.29092698815946505,0.6666666666666666,155,4,0.0,0.6666666666666666,151,4,0.0,0.6666666666666666,146,3,0.0,0.6666666666666666
5a81d69055429903bc27b9de,When was the sequel to the 2000 mystery by Dan Brown released?,chunk_packed_160,chunk_packed_160,0.32477436622318656,0.3312674391845922,0.3199776589244838,0.3261121015945816,1.0,154,4,0.0,0.5,153,4,0.0,0.0,153,4,0.0,0.0
5ae48a2b55429913cc204494,"Which singer is in the duo Sugarland, Jennifer Nettles or Roger Taylor?",ace_packed_160,ace_focused_160,0.27291000854834135,0.2751852478534865,0.2768463651713617,0.3132195417060737,0.6666666666666666,148,3,1.0,1.0,154,4,1.0,1.0,135,4,1.0,1.0
5a710bb15542994082a3e50d,"Which American professional poker player also starred in the 2015 movie ""Extraction""?",chunk_packed_160,chunk_packed_160,0.31890432561941806,0.2182158941830657,0.22827894117817116,0.2955119447207968,0.1111111111111111,145,4,1.0,1.0,152,4,0.0,0.0,154,4,0.0,0.0
5ab7f1b65542991d322237d3,Bridge of Spies stars a Soviet intelligence officer with what name?,chunk_packed_160,ace_focused_160,0.3023491911361014,0.2881041790611111,0.29757251892165276,0.32508814508810535,0.42857142857142855,159,3,0.0,0.0,154,4,0.0,0.0,140,3,0.0,0.0
5ab600fb554299488d4d9a82,Under Which Stanmore born prime minister was John Gorton a serving minister? ,ace_packed_160,ace_packed_160,0.31301877997546024,0.30545095711424597,0.31100598738177565,0.34710125661091384,0.42857142857142855,147,4,0.0,0.0,142,3,0.0,0.0,156,3,0.0,0.0
5a7d5c175542991319bc93b1,Between Harvey Pekar and Denise Levertov who was born earlier?,chunk_packed_160,chunk_packed_160,0.2916245364058352,0.29446979748680396,0.3038162949588125,0.29059079180162556,1.0,153,5,1.0,1.0,153,5,1.0,1.0,153,5,1.0,1.0
5ae81032554299540e5a572a,Which satellite suburb of Melbourne is partially included in the Electoral district of Bass?,ace_packed_160,chunk_packed_160,0.3318256012290736,0.32812487665617684,0.33812714812531486,0.39831956651750233,0.6666666666666666,144,4,0.0,0.0,158,4,0.0,0.0,158,4,0.0,0.0
5a88cc8f55429938390d3fc5,Ralf D. Bode is best known for his work on a film starring who as Loretta?,chunk_packed_160,ace_packed_160,0.3138249466359786,0.35653762815068735,0.3338632118263748,0.3140616568009155,1.0,144,4,0.0,0.0,147,4,1.0,1.0,158,5,0.0,0.0
5a8e5f1f5542995a26add4d6,"Which dog is believed to dispel ghosts and evil spirits, Segugio Italiano or Sapsali?",ace_packed_160,ace_packed_160,0.3103315077254233,0.3862154116385479,0.35205971533521896,0.3656410815253043,0.6666666666666666,160,3,1.0,1.0,137,4,1.0,1.0,160,4,1.0,1.0
5a8cf064554299585d9e3775,What type of games are both Sector 41 and Enchanted Forest?,ace_packed_160,ace_packed_160,0.2603150779404883,0.26303480867499457,0.27217507500442945,0.3013499732275454,1.0,158,5,0.0,0.6666666666666666,154,5,0.0,0.6666666666666666,154,5,0.0,0.6666666666666666
5ae3ac665542994393b9e73f,In the animal kingdom what type of sexuality is described as sexual behavior toward both male and females?,chunk_packed_160,chunk_packed_160,0.29706057766498833,0.2969967260888461,0.28020200255018446,0.30162520036044044,0.6666666666666666,147,3,0.0,0.0,156,4,0.0,0.0,155,4,0.0,0.0
5a73250a5542991f9a20c643,Where has Kerwin Swint's work appeared that draws 20.5 million unique visitors a month?,ace_packed_160,chunk_packed_160,0.24624321906577926,0.21883673540332843,0.24881441115076874,0.29489219959413493,0.25,158,3,0.0,0.0,159,3,0.0,0.0,159,3,0.0,0.0
5a7a6ec05542990783324f49,What type of media do Peter Filkins and The New Criterion have in common?,chunk_packed_160,ace_packed_160,0.3077712623505642,0.28234321913364957,0.31901716790663026,0.3214339447314337,0.42857142857142855,156,4,0.0,0.0,155,5,0.0,0.0,155,4,0.0,0.0
5ab6973f554299110f219a25,"What monthly magazine, published by ASIS International, includes articles on topics of computer security?",ace_packed_160,ace_focused_160,0.2976331059507282,0.2868712842256021,0.29767844056506854,0.33137665632719987,0.6666666666666666,154,4,0.0,0.4,157,5,0.0,0.4,145,5,0.0,0.4
5a85c41a5542994c784ddb7a,What type of media does Locked On and Tom Clancy have in common?,ace_packed_160,ace_packed_160,0.2655754774506265,0.24032059019971785,0.2625543863205737,0.2976659407052304,0.6666666666666666,159,4,0.0,0.0,154,4,1.0,1.0,148,4,0.0,0.0
5a7b40cd5542995eb53be8d4,"Which magazine has been around longer, Guitar World or Golf Digest?",ace_packed_160,ace_focused_160,0.24943932698369503,0.2516652915614815,0.26837338088388285,0.2811668438463487,0.42857142857142855,156,3,0.0,0.0,149,4,0.0,0.0,142,4,0.0,0.0
5ac2381355429951e9e684a9,Which conference is the team for which Justin Bannan played college football currently a member of?,ace_packed_160,ace_focused_160,0.2960743866217318,0.30126535671752697,0.3081928215915938,0.3406390250566549,0.42857142857142855,143,3,0.0,0.4,154,4,0.0,0.5,160,4,1.0,1.0
5a8660ba55429960ec39b684,Do both Kettering University and University of New Mexico offer post-secondary degrees?,ace_packed_160,ace_packed_160,0.3262355742200299,0.32035545819496103,0.3284780883927573,0.3795588748521558,0.6666666666666666,160,4,0.0,0.0,154,4,0.0,0.0,154,4,0.0,0.0
5add39c45542995b365faac5,Did the the Battle of Stones River occur before the Battle of Saipan?,ace_packed_160,ace_focused_160,0.33349138224489333,0.3366238568131728,0.3391208604975262,0.39650626967338465,1.0,153,3,0.0,0.0,150,3,0.0,0.0,145,3,0.0,0.0
5ae077735542993d6555eb6d,What type of sprite did Milada Šubrtová portray in Antonín Dvořák's reknowned opera?,ace_packed_160,ace_packed_160,0.24831186252798237,0.3119079108301412,0.25670700401140945,0.2888810394445276,1.0,157,3,0.0,0.0,151,4,0.0,0.0,155,4,0.0,0.0
5ae057fd55429945ae959328, Robert Smith founded the multinational company headquartered in what city?,ace_packed_160,ace_packed_160,0.21424498392953306,0.23259348559285936,0.23151787353239686,0.28487559610008295,0.42857142857142855,159,4,0.0,0.0,146,3,0.0,0.0,158,4,0.0,0.0
5a72bbfa5542992359bc318d,"Which university was established first, University of Washington or Texas Christian University?",chunk_packed_160,ace_packed_160,0.3695921089581865,0.3848626491239199,0.3696190873753542,0.3715444080107527,0.42857142857142855,154,4,1.0,1.0,153,4,1.0,1.0,153,4,1.0,1.0
5a8834f05542994846c1ce26,What was the nationality of the composer of Chaconne in F minor?,ace_packed_160,ace_packed_160,0.33895677941463676,0.3537147915961613,0.34693259590248415,0.380389315147887,0.42857142857142855,147,3,0.0,0.0,145,4,1.0,1.0,152,4,1.0,1.0
5a80ef1555429938b614225e,The German geographer and geopolitician Otto Maull was part of a team led by Haushofer whose close associate was a prominent politician in Nazi Germany born in 1894 who served under Hitler in 1933 as what capacity?,chunk_packed_160,chunk_packed_160,0.2691124942350903,0.30265190033478906,0.29047905425765386,0.2952455623180488,0.6666666666666666,157,3,0.0,0.8571428571428571,134,2,0.0,0.0,147,3,0.0,0.0
5ae27df25542992decbdcd2a,Were Max Jacob and Connie May Fowler both memoirists?,ace_packed_160,ace_packed_160,0.3111812898486169,0.2670759031404928,0.3044190528068001,0.3873001600068757,0.6666666666666666,155,5,0.0,0.0,151,5,0.0,0.0,151,5,0.0,0.0
5adcf8155542990d50227d6a,"What is the name of  rocker, who was awarded ""Rock Goddess of the Year"" in the Annual Loudwide Music Awards, who sang with high pitched screams in her band's albums?",chunk_packed_160,ace_packed_160,0.26656355715280167,0.2964682956661958,0.3103900413609215,0.26743068247255336,0.6666666666666666,149,3,0.0,0.6666666666666666,144,3,0.0,0.6666666666666666,149,3,0.0,0.6666666666666666
5ae629215542995703ce8b34,What South Australian capital held UFC Fight Night 65 in May of 2015?,chunk_packed_160,chunk_packed_160,0.3250060492328212,0.32173524836700074,0.3266055661470575,0.3330504242138387,0.42857142857142855,140,4,1.0,1.0,150,4,1.0,1.0,150,4,1.0,1.0
5ae268f35542994d89d5b416,What job do both Alfred Santell and David Fincher have in common?,chunk_packed_160,ace_focused_160,0.2536774940718447,0.2711556778732117,0.2799422915365001,0.27424811012715744,0.25,154,4,0.0,0.0,150,4,0.0,0.0,132,4,0.0,0.0
5ae6f2a7554299572ea5464a,"Which character does this protagonist, who secretly loves and marries a member of the rival house, of William Shakespeare's tragedy that has a fictional character Benvolio slay?",chunk_packed_160,ace_packed_160,0.29667177434461034,0.33426355596991175,0.32112275560894243,0.3168972257016778,0.6666666666666666,149,3,0.0,0.0,143,4,0.0,0.0,145,4,0.0,0.0
5ab5c263554299488d4d9a18,Which country refrained from participating in the 1991 Baltic Cup though it had participated in previous Baltic Cup competitions?,chunk_packed_160,ace_focused_160,0.26554478920975955,0.27692469710231693,0.26500993852245597,0.2911889915323429,0.6666666666666666,156,3,1.0,1.0,146,3,0.0,0.0,150,3,1.0,1.0
5a7e21165542995ed0d166a2,"Who is younger, Billy Idol or Ray Wilson?",ace_packed_160,chunk_packed_160,0.29391341713645014,0.2852633987762899,0.29015887736832635,0.3343627652853111,0.6666666666666666,158,4,1.0,1.0,160,5,0.0,0.0,149,3,0.0,0.5
5ae66d515542992ae0d16346,"In what year was the singer who popularized ""I'll Keep the Lovelight Burning"" born?",chunk_packed_160,chunk_packed_160,0.3904479961161901,0.43484792165808417,0.42610421633221984,0.4088972003703546,0.42857142857142855,148,3,0.0,0.0,152,3,0.0,0.0,152,4,0.0,0.0
5adfcb5455429906c02daa48,"What character in ""Father Ted"" was played by an actor who starred in Death in Paradise?",chunk_packed_160,ace_focused_160,0.3102165483757115,0.312803628783465,0.31882365027344306,0.3164178036887777,0.42857142857142855,146,3,0.0,0.0,156,4,0.0,0.0,142,4,0.0,0.0
5ae7db435542993210983f9a,What is the birthdate of this English actor best known for playing in Harry Potter and starring in The Woman in Black?,chunk_packed_160,chunk_packed_160,0.3418337273661327,0.36292457382064314,0.35614303096276645,0.3386752064295817,1.0,132,3,0.0,0.0,152,4,0.0,0.0,132,3,0.0,0.0
5adf75e35542993344016c98,"What American horror film directed by Sidney J. Furie was based off an alleged haunting which occurred in 1974 at Culver City, California?",ace_packed_160,ace_focused_160,0.2634886456129649,0.2901589918883161,0.2778709135843974,0.29582705866456327,0.42857142857142855,154,3,1.0,1.0,147,3,1.0,1.0,134,3,1.0,1.0
5a89a128554299669944a552,Den Dover was born in a suburb with what total resident population?,ace_packed_160,ace_focused_160,0.2498984658177421,0.2625697112902754,0.27495317458588125,0.2913759737704962,0.42857142857142855,155,4,0.0,0.0,149,3,0.0,0.0,139,3,0.0,0.0
5ac4c16b5542997ea680cab4,Are Mick Jagger and Brett Scallions both musicians?,ace_packed_160,ace_focused_160,0.2786606359333864,0.2607631484715327,0.2800743406867181,0.3382380161230162,0.6666666666666666,158,3,0.0,0.0,150,4,0.0,0.0,135,3,0.0,0.0
5a7360235542991f29ee2dc7,What types of activities occur in both the Bennington and Bridgewater Triangles?,ace_packed_160,ace_packed_160,0.2242309486651405,0.23917474581657786,0.23347416180270442,0.2635842475998954,0.42857142857142855,152,3,0.0,0.0,147,3,0.0,0.0,150,4,0.0,0.0
5a8e16a5554299068b959e58,"Rowland Salley's best-known tune is ""Killing the Blues"", which has been most recently covered by which American singer-songwriter active mainly in the outlaw country music and Southern rock genres?",chunk_packed_160,ace_packed_160,0.3508909765133935,0.3395423244388803,0.3476238362554096,0.3472247769559109,0.42857142857142855,139,3,1.0,1.0,138,3,1.0,1.0,139,3,1.0,1.0
5ae0d3da5542990adbacf66d,Which Prince of Bismarcks EMS dispatch incited France to declare the Franco-Prussian War in July 1870,ace_packed_160,ace_packed_160,0.2892532082231234,0.3491549567448136,0.3216438604499923,0.41706170691469724,0.6666666666666666,160,3,0.0,0.0,142,3,0.0,0.0,155,3,0.0,0.0
5a7f677455429969796c1a37,Were Stanley Kubrick and Elio Petri from different countries?,ace_packed_160,ace_packed_160,0.2564289298489716,0.2597569996408643,0.25569627627405594,0.30946275452328487,0.6666666666666666,155,4,1.0,1.0,154,4,1.0,1.0,156,5,1.0,1.0
5abc8d75554299700f9d7900,"Since 2 June 2017, The Leader of Fine Gael had been held by which Irish Fine Gael politician who has served as Taoiseach and Minister for Defence?",ace_packed_160,chunk_packed_160,0.3479426267927298,0.356391283671145,0.35484955297447823,0.42604005167741654,0.42857142857142855,130,2,0.0,0.8,152,3,0.0,0.8,130,2,0.0,0.8
5abb291355429939ce03dd9e,What other name is the Moor Park Mansion known as?,ace_packed_160,ace_packed_160,0.294990132531454,0.3039949432674694,0.30867269090893834,0.34350394304576465,1.0,159,4,0.0,0.0,151,4,0.0,0.0,156,4,0.0,0.0
5a869e845542991e7718166f,"Who left the South Korean music group""2PM"" before the release of the group's DVD called ""Take Off""?",chunk_packed_160,ace_focused_160,0.26035805389692157,0.2639509957026622,0.26411205534933185,0.2761385123354022,1.0,160,4,0.0,0.0,160,5,0.0,0.0,142,4,0.0,0.0
5ae75c395542991bbc9761f7,The revue Putting It Together was devised by Stephen Sondheim and what actress best known as Miss Marple?,chunk_packed_160,chunk_packed_160,0.3194279666249187,0.35269640250587364,0.3409002655287373,0.33656764235476766,0.6666666666666666,135,3,1.0,1.0,158,4,1.0,1.0,151,4,1.0,1.0
5abb1fd95542996cc5e49fb6,Mogens Palle brought to Denmark a World Lightweight Champion from where?,ace_packed_160,ace_packed_160,0.2540321813292239,0.2791110035292178,0.31451597281471566,0.3179164428033554,0.25,151,4,0.0,0.0,142,4,0.0,0.0,151,4,0.0,0.0
5ac02e31554299294b218f3f,Which post DC Extended Universe actress will also play a role in what is intended to be the fifth installment of the DC Extended Universe?,ace_packed_160,ace_focused_160,0.27311904652775615,0.29084388143471007,0.2828483601612939,0.3784701808083579,0.6666666666666666,159,3,0.0,0.0,154,3,0.0,0.0,160,4,1.0,1.0
5ae325bd5542991a06ce9936, Patrol Squadron Four (VP-4) is a U.S. Navy land-based patrol squadron based at a Naval station formerly known as what ?,ace_packed_160,ace_focused_160,0.347808737300326,0.3438186717029121,0.34980136771320125,0.4255390814896929,0.6666666666666666,158,4,0.0,0.0,152,5,0.0,0.0,140,3,0.0,0.0
5ab5ec0a5542997d4ad1f250,"Approximately how many locations is BJ's Wholesale Club operating in, as of early 2008?",chunk_packed_160,ace_focused_160,0.3566224002574343,0.3460421185306769,0.34647261900316423,0.3803833048563238,1.0,149,3,0.0,0.0,149,4,0.0,0.6666666666666666,148,4,0.0,0.6666666666666666
5ae1d4e75542997f29b3c143,Which member of Northern Kings was born on 14 January 1966?,chunk_packed_160,ace_focused_160,0.25566322374113365,0.236510679383581,0.27997801706698966,0.28314853554531644,0.42857142857142855,145,3,0.0,0.0,143,3,0.0,0.0,125,2,0.0,0.0
5ab9b939554299743d22ebca,"What is the name of this American entrepreneur-businessman and author from Michigan, who incumbent Governor Jennifer Granholm was elected over in the 2005 Michigan gubernatorial election?",chunk_packed_160,chunk_packed_160,0.3209997703547329,0.3496565720634256,0.32960856354679835,0.3119051111818091,0.6666666666666666,153,3,1.0,1.0,154,3,1.0,1.0,155,3,1.0,1.0
5ac2b8085542990b17b1546b,"Which team did Art Briles lead to a victory at the Orlando Citrus Bowl on December 29, 2015?",ace_packed_160,ace_packed_160,0.24815555731203087,0.2702364815982915,0.26031256062165326,0.3440385082935078,0.42857142857142855,150,3,0.0,0.0,154,3,0.0,0.5714285714285715,154,3,0.0,0.5714285714285715
5a8b397955429971feec4674,Are both John Corabi and David Byrne musicians?,ace_packed_160,chunk_packed_160,0.273941126613813,0.3002250888839534,0.26140353956338946,0.3255268095230952,0.6666666666666666,125,2,1.0,1.0,142,2,1.0,1.0,131,2,1.0,1.0
5ab913205542991b5579f0e0,The Sanders-Brown Center on Aging was funded by a grant from a businessman known for what restaurant chain?,chunk_packed_160,ace_focused_160,0.3052828121891507,0.3215306224551868,0.321725631530842,0.32447430592502413,0.25,160,4,0.0,0.0,151,3,0.0,0.0,140,2,0.0,0.0
5ae0cddc55429945ae959459,National Firearms Agreement was in response to the Port Arthur massacre that killed how many people?,ace_packed_160,chunk_packed_160,0.3471481276510704,0.3944022263706517,0.3765206929648063,0.39016283076527203,0.6666666666666666,134,2,0.0,0.6666666666666666,140,3,0.0,0.6666666666666666,134,2,0.0,0.6666666666666666
5ab28c89554299340b525513,What rank was higher than Karl Hermann Frank's rank until April 1942?,ace_packed_160,ace_packed_160,0.25695213795505767,0.25109027510711857,0.2682537455682928,0.32952227296165937,0.25,159,2,0.0,0.0,151,3,0.0,0.0,151,3,0.0,0.0
5ae29d8a5542996483e64a0f,What National Park contains the Thornton River and the Blue Ridge Mountains?,ace_packed_160,ace_packed_160,0.26955515302559513,0.2912769110919904,0.28396548536374466,0.36295046377538864,0.6666666666666666,148,3,0.0,0.0,143,4,1.0,1.0,143,4,1.0,1.0
5a835c9f5542992ef85e228a,What army did the namesake of the ship launched as the München in 1930 fight in during the American Revolutionary War?,ace_packed_160,ace_focused_160,0.2852980315632113,0.29411317148432453,0.2931528785827961,0.32521245996175807,1.0,160,3,0.0,0.0,140,3,0.0,0.0,140,3,0.0,0.5
5a8d93ad554299653c1aa13d,"Who was also an actor, Serri or John Fogerty?",ace_packed_160,ace_packed_160,0.24425015528100286,0.24888398883211382,0.2590316207977025,0.3104192615313761,0.42857142857142855,155,3,1.0,1.0,144,5,1.0,1.0,144,5,1.0,1.0
5add695a5542992ae4cec557,What bluegrass singer provides vocals for a song on the album which was released in September 2013 through PRMD Music?,ace_packed_160,ace_packed_160,0.25988722024295663,0.2644950200820149,0.26567716348498727,0.29315694884288807,0.25,153,3,0.0,0.0,148,4,1.0,1.0,158,4,1.0,1.0
5abbdaac5542992ccd8e7fc0,Were Frank R. Strayer and Krzysztof Kieślowski both Directors?,chunk_packed_160,ace_packed_160,0.3008649323870584,0.30875928877874254,0.31425175518167375,0.3175624499986729,0.6666666666666666,157,4,0.0,0.0,139,4,0.0,0.0,157,4,0.0,0.0
5a77137455429972597f142a,"Who died more recently, Ferdinand Anton Ernst Porsche or Ferdinand Porsche",ace_packed_160,chunk_packed_160,0.29917888095518763,0.32521249087028936,0.3177101370373874,0.4677355015639436,0.6666666666666666,147,4,1.0,1.0,157,4,0.0,0.28571428571428575,153,4,1.0,1.0
5ae3599b5542992e3233c39d,"What are the names of the brothers of the special effects supervisor, known for his work on the films based on the Marvel Comics superhero team?",chunk_packed_160,ace_focused_160,0.29908930656339106,0.29604267959555486,0.2949087324587264,0.28460566010488897,0.42857142857142855,153,3,0.0,0.888888888888889,146,3,0.0,0.888888888888889,136,3,0.0,0.888888888888889
5ab5cedf554299488d4d9a34,Cudjoe Kazoola Lewis was brought illegally to the United States on board a ship that was how many feet long?,ace_packed_160,ace_packed_160,0.2998981912333156,0.35357633017455603,0.33791940462348335,0.3385338113095091,0.25,158,3,0.0,0.6666666666666666,151,3,0.0,0.6666666666666666,148,3,0.0,0.0
5a7bcd68554299294a54aaf0,"Who was born first, Mark Steven Johnson or Robert Thornby?",chunk_packed_160,chunk_packed_160,0.332319445738292,0.349702935247142,0.3437258636460893,0.36045518676450883,0.42857142857142855,158,5,1.0,1.0,160,5,1.0,1.0,160,5,1.0,1.0
5a8e2fe95542995085b373d0,"What editor of the The Dungeons & Dragons Basic Set is best known for his work at TSR, Inc.?",ace_packed_160,ace_focused_160,0.30187554414235784,0.28631466497047375,0.2839331366569151,0.3637743284865828,0.6666666666666666,156,5,0.0,0.0,148,4,0.0,0.0,139,4,0.0,0.0
5a71646e5542994082a3e80e,What is the proper name for the steroid used by the retired British track sprinter who is one of the fastest European sprinters in the history of athletics?,ace_packed_160,chunk_packed_160,0.25990838186923415,0.3168398458651366,0.2837852114375397,0.29957894993913375,1.0,149,2,0.0,0.0,153,4,0.0,0.0,154,3,0.0,0.0
5abeb0da5542997ec76fd34b,Were both Monkey Kingdom and Anaganaga O Dheerudu connected with Disney?,ace_packed_160,ace_packed_160,0.2547841707767805,0.2849356538947671,0.25625854542276605,0.3017966350897453,0.6666666666666666,157,4,0.0,0.0,156,4,0.0,0.0,157,4,0.0,0.0
5abba3cd554299642a094aee,"How many different schools does the university, in which Andrew J. Elliot is a professor of psychology, have?",ace_packed_160,chunk_packed_160,0.29090309727770514,0.3163610339833962,0.3209076326570063,0.3693612974539876,0.42857142857142855,150,3,0.0,0.0,159,4,0.0,0.0,160,5,0.0,0.0
5abee41a5542993fe9a41d79,"What type of auto racing, performed on clay or dirt surfaced oval tracks, is run for the Australian Street Stock Championship? ",ace_packed_160,ace_focused_160,0.3029894875924497,0.33573531041804044,0.32098341565986854,0.45857979144532146,1.0,133,3,1.0,1.0,152,4,1.0,1.0,126,3,1.0,1.0
5a81b92a5542995ce29dcc52,"Which college is located in the United States, University of Delaware of University of Debrecen?",chunk_packed_160,chunk_packed_160,0.37639236454275576,0.35196758572801046,0.36316930486291676,0.40467912918594995,1.0,135,4,1.0,1.0,138,4,1.0,1.0,135,4,1.0,1.0
5a728fbd5542992359bc30f8,Who was convicted of murdering the director of Schoolboy Crush?,ace_packed_160,ace_packed_160,0.26177698730785853,0.2574351174638927,0.27216762955110296,0.3055976701165111,0.1111111111111111,153,3,0.0,0.0,139,3,0.0,0.0,158,3,0.0,0.0
5adcd4325542994d58a2f6ed,Are Colocasia and Coronilla both flowering plants?,chunk_packed_160,ace_focused_160,0.284885599752305,0.28981866028528,0.2882623071422413,0.28461982945301556,0.25,153,3,0.0,0.0,154,5,0.0,0.0,154,5,1.0,1.0
5a7c6e435542996dd594b933,What was the birthdate of the actor who starred in the movie Voodoo?,chunk_packed_160,chunk_packed_160,0.23548224955527344,0.23393520113206828,0.2292438879417694,0.2216176932550601,0.42857142857142855,155,3,1.0,1.0,157,4,0.0,0.0,158,4,0.0,0.0
5a823b0c55429940e5e1a804,Which physicist known for his work on parity violation has a son who became an American chemist teaching at Cornell University?,chunk_packed_160,chunk_packed_160,0.27456007439126584,0.31043350167144823,0.28766006307046144,0.28381224297004926,0.42857142857142855,152,3,0.0,0.5,152,3,0.0,0.5,150,3,0.0,0.4
5a84a7f95542992a431d1a85,"Who was the wife of the United States Army lieutenant general who received the Distinguished Service Cross, and was the first of his West Point class to be promoted to brigadier general, major general, and lieutenant general",chunk_packed_160,chunk_packed_160,0.37273320411535554,0.386330667507332,0.38273546947734005,0.38406028596592645,0.6666666666666666,160,4,1.0,1.0,160,4,1.0,1.0,157,4,0.0,0.0
5ade0e115542995b365fabf3,Which member of Odd Future also had a guest appearance on the album too Cozy?,ace_packed_160,ace_packed_160,0.25356814423163954,0.24586226958550234,0.2540375963604305,0.349124285048681,0.42857142857142855,154,3,0.0,0.0,150,2,0.0,0.6666666666666666,153,2,0.0,0.0
5a8319a05542990548d0b178,Was Artie Ziff a good prom date for Marge?,ace_packed_160,ace_focused_160,0.22210100380648146,0.22709548048895653,0.21710270502615536,0.281179570049374,0.25,150,2,0.0,0.0,157,4,0.0,0.0,149,3,0.0,0.0
5a8bd2f95542997f31a41dd2,Which Danish professional football club that won three Danish championships and five Danish Cup trophies did Keld Bordinggaard play for?,ace_packed_160,ace_focused_160,0.29755028047128607,0.26449232153364616,0.2881185931993594,0.39020975433519534,0.6666666666666666,149,3,1.0,1.0,146,3,1.0,1.0,140,3,1.0,1.0
5a84b7db5542991dd0999db0,Are both Götterdämmerung and Dafne considered operas?,chunk_packed_160,chunk_packed_160,0.29028397644415616,0.2894943776378337,0.2841993578016029,0.2851555002050157,0.6666666666666666,158,3,1.0,1.0,143,3,0.0,0.0,148,3,0.0,0.0
5abc23c45542993a06baf896,"Which region of Austria means 'Estate of the Salt Chamber' and covers the village of Obertraun, a popular destination for skiing and snowboarding in the winter?",chunk_packed_160,ace_focused_160,0.30928619962016274,0.3245567127147214,0.33894515010860493,0.3162157376605223,0.25,157,3,0.0,0.0,160,4,1.0,1.0,142,3,1.0,1.0
5a8ced46554299441c6b9f82,"When was the father of the professional ice hockey player with the middle name ""Fosgaard"" born?",ace_packed_160,chunk_packed_160,0.25556311807966886,0.29308617987432806,0.3085593821974346,0.3082916771027192,0.25,143,3,0.0,0.0,159,4,0.0,0.0,153,4,0.0,0.0
5a775bab5542994aec3b72a8,The National symbols of Albania are used in this part of Serbia that are composed of which municipalities?,ace_packed_160,ace_packed_160,0.32756848129124616,0.3516709468280938,0.34957881511054933,0.35935314226251425,0.6666666666666666,136,3,0.0,0.4444444444444444,143,3,0.0,0.8,132,3,0.0,0.4444444444444444
5ae0593855429945ae959333,Matthew Wright was selected with pick #33 in the AFL draft that took place during what date in 2009?,chunk_packed_160,ace_focused_160,0.3255220610189634,0.33580968979574355,0.33782709322964855,0.336177621409419,0.6666666666666666,147,3,0.0,0.0,158,3,0.0,0.0,128,2,0.0,0.0
5adc2e3d554299438c868d6b,Jesús Dautt is a Mexican professional footballer who is on loan from a club founded on what date?,chunk_packed_160,chunk_packed_160,0.44574962997932555,0.46643711249963493,0.47336776832169325,0.4490103692940992,0.25,150,4,1.0,1.0,158,4,1.0,1.0,159,4,1.0,1.0
5a88a4245542997e5c09a668,What company did Roscoe Channing form with the owner of a leading stable of thoroughbred racehorses?,chunk_packed_160,chunk_packed_160,0.27840566731960825,0.3071201314530144,0.2977221418989411,0.25716254001244204,0.42857142857142855,159,4,1.0,1.0,147,4,0.0,0.0,148,4,0.0,0.0
5a9051615542995651fb5136,Shenley Hall is a house at a parish how far from central London?,chunk_packed_160,chunk_packed_160,0.35937241880435244,0.3519763975626028,0.3583036812480658,0.34632602805070684,0.25,139,4,1.0,1.0,152,5,1.0,1.0,144,5,1.0,1.0
5abfd83f5542997ec76fd45c,"Which genus has more species, Quesnelia or Honeysuckle?",chunk_packed_160,ace_packed_160,0.2750148515676064,0.2677777777777778,0.2753965481552434,0.29022632926990044,0.6666666666666666,140,5,1.0,1.0,136,5,1.0,1.0,109,3,0.0,0.0
5ae10df355429920d52342ac,Where was the host of Australia's Got Talent born?,chunk_packed_160,chunk_packed_160,0.3133650048705604,0.28533022225444793,0.3067803706732217,0.34192612410615764,0.25,149,4,1.0,1.0,157,4,0.0,0.6666666666666666,157,4,1.0,1.0
5a7560585542992d0ec05f76,Arbie Orenstein is known as a scholar on the life of what composer internationally regarded as France's greatest living composer? ,chunk_packed_160,ace_packed_160,0.3513038015866875,0.3533186337652423,0.35657079915839807,0.3415819203298036,0.6666666666666666,135,3,1.0,1.0,127,3,1.0,1.0,147,4,1.0,1.0
5ae127ba55429920d52342d3, Rocket Rods was a high-speed thrill attraction opened in 1998 on the existing infrastructure of a transport attraction that operated until when?,ace_packed_160,ace_packed_160,0.3071718518908524,0.34761574831586606,0.33041447264864643,0.34668901509696315,0.6666666666666666,157,3,0.0,0.0,147,3,0.0,0.0,147,3,0.0,0.0
5a746abf55429929fddd8417,What anchor store in the Stratford Square Mall has 728 department store locations in the continental United States?,ace_packed_160,ace_focused_160,0.29471776922906917,0.28145292465271765,0.2966347702367145,0.3286902849775783,0.42857142857142855,158,4,1.0,1.0,158,4,1.0,1.0,150,3,1.0,1.0
5a82f05255429966c78a6aa2,"Stanley ""Tookie"" Williams founded which African-American gang in Los Angeles, California in 1969?",ace_packed_160,ace_focused_160,0.28178863888617794,0.28808029017740444,0.28623536570594543,0.387295396121138,1.0,154,3,0.0,0.5,151,3,0.0,0.5,141,3,0.0,0.5
5ac3a7f75542993915413890,"The actor who starred in ""The Hearse"" gained worldwide film by starring in whose series of 1940s films?",chunk_packed_160,ace_packed_160,0.2586097847560036,0.2112655818562807,0.24935114848646645,0.24932288801470143,0.42857142857142855,155,4,0.0,0.0,149,3,1.0,1.0,152,4,0.0,0.0
5a7ae2f2554299042af8f6aa,"Which sport has been played at the BayArena in Leverkusen, Germany, since 1958?",chunk_packed_160,ace_focused_160,0.36211624480144583,0.39785799740794475,0.38643586020173903,0.35081485327483775,0.42857142857142855,159,5,1.0,1.0,154,4,1.0,1.0,152,4,1.0,1.0
5ac274fc55429963665199c1,The host of PokerFace is from where?,ace_packed_160,chunk_packed_160,0.24191056038068934,0.26258527637506923,0.2744398494444961,0.33821648481080496,0.42857142857142855,141,3,0.0,0.0,157,4,0.0,0.0,146,4,0.0,0.0
5a7ec61a55429934daa2fc5f,Are Staten Island Catapult and This Is Elvis both documentaries?,ace_packed_160,ace_packed_160,0.29817702374836297,0.3200572357679325,0.31480114394922243,0.3675680615123337,0.6666666666666666,160,3,0.0,0.0,146,4,0.0,0.0,150,4,0.0,0.0
5ac2f79e5542996773102661, Chun Woo-hee's notable films include a South Korean horror film about  a policeman who investigates a series of mysterious killings and what?,chunk_packed_160,ace_focused_160,0.36657945451334273,0.40459394045458563,0.38784674607161096,0.3944391498770593,0.42857142857142855,151,4,0.0,0.0,160,4,0.0,0.0,142,4,0.0,0.0
5ab2d61155429916697740ff,"What kind of creative artist was Howell Conant, famed for his work with Grace Kelly?",chunk_packed_160,chunk_packed_160,0.3135227051194928,0.3628192741588455,0.34252905322976945,0.29430432675090357,0.6666666666666666,140,3,0.0,0.6666666666666666,151,3,0.0,0.6666666666666666,151,3,0.0,0.6666666666666666
5adec53655429975fa854f87,Are Kim Dong-jun and Charlie Harper both singers?,chunk_packed_160,ace_focused_160,0.3140870603394835,0.3020179892843044,0.3134352802826548,0.34072006069437594,1.0,155,4,0.0,0.0,155,4,0.0,0.0,148,4,0.0,0.0
5ab43b9d5542990594ba9bc3,Who was the famous aviator that died in California while testing a jet aircraft?,ace_packed_160,ace_packed_160,0.23407230551841218,0.2575881240559943,0.24696245405433842,0.3577264453250576,0.1111111111111111,160,3,0.0,0.0,158,5,0.0,0.0,159,4,0.0,0.0
5a7f10e2554299306751360b,Are Bangkok Girl and Home both horror movies?,ace_packed_160,chunk_packed_160,0.24638961330114817,0.2465151283383858,0.26847590114182684,0.33101139324829454,0.25,151,4,1.0,1.0,151,4,1.0,1.0,157,5,0.0,0.0
5ac2efd65542990b17b154c7,"What season of the Indian reality TV series ""Big Boss"" did the model Lopamundra Raut compete in?",ace_packed_160,ace_packed_160,0.26847108255013874,0.25657422890727444,0.2572349311423974,0.3534066566165829,0.42857142857142855,154,4,0.0,0.0,142,4,0.0,0.0,158,4,0.0,0.0
5a7dcc775542990b8f503ab5,Which component of shellite has the formula (ON)CHOH?,ace_packed_160,ace_packed_160,0.23820971652218453,0.22354811951060283,0.22096479499518182,0.3016002425690443,0.1111111111111111,153,3,0.0,0.0,157,4,1.0,1.0,156,4,0.0,0.0
5a80afcf554299485f5986b9,Who else beside the  American university administrator and politician from the state of Oklahoma was part of the  Boren-McCurdy proposals?,ace_packed_160,chunk_packed_160,0.29777644817538085,0.28920382060875127,0.29938575909962156,0.3665223319653911,0.25,160,4,0.0,0.4,159,3,0.0,0.0,156,3,0.0,0.0
5a861c0d5542994775f606f7,"C. Bernard Jackson founded the center that started the career of which actor, who played the part of Marty Castillo in ""Miami Vice""?",chunk_packed_160,ace_packed_160,0.251557163930082,0.2517849578021851,0.2570055802366419,0.2727244527853908,0.6666666666666666,153,3,0.0,0.0,138,3,1.0,1.0,157,4,1.0,1.0
5ae4c8f35542990ba0bbb130,"Ralf Popken had a role in a musical that is a satire on corruption in the administration of criminal justice, bringing what concept to light?",ace_packed_160,ace_packed_160,0.29009979006989217,0.3388225921046092,0.3321132389452135,0.40544894101515117,0.25,149,3,1.0,1.0,147,3,1.0,1.0,152,3,1.0,1.0
5ae0ff95554299422ee995b0,"What son of Larry Johnson was born on November 19, 1979?",ace_packed_160,ace_focused_160,0.26059219317349974,0.2809201583602121,0.2828575167428702,0.3073660381979061,1.0,158,5,0.0,0.3333333333333333,156,5,0.0,0.3333333333333333,153,5,0.0,0.3333333333333333
5a7dedb55542995f4f402317,"In what year was the Moldavian, later Romanian writer, known for his work ""The Goat and Her Three Kids"" born?",ace_packed_160,ace_packed_160,0.28344815277674046,0.29721413126530805,0.29439127573936064,0.3181334431152981,1.0,160,2,0.0,0.0,135,3,1.0,1.0,159,3,0.0,0.0
5a7736d85542994aec3b722b,"Which film director is younger, Manoel de Oliveira or Alfonso Cuarón?",chunk_packed_160,chunk_packed_160,0.30597831073242454,0.31058706775210204,0.31307344617034427,0.3141596326455699,1.0,134,4,1.0,1.0,136,4,1.0,1.0,136,4,1.0,1.0
5abb07ec5542996cc5e49f55,The General Survey Act was passed shortly after the Supreme Court decision that discussed what concept?,ace_packed_160,ace_focused_160,0.28381720242049663,0.26869809711274933,0.2880701853401638,0.3227580063763409,0.42857142857142855,160,4,0.0,0.6666666666666666,160,4,0.0,0.0,159,4,0.0,0.6666666666666666
5ac37dd6554299218029dbdb,"Are both bands, Digital Summer and Underoath, from the same US state ?",chunk_packed_160,chunk_packed_160,0.2730470919099031,0.26970576500346416,0.2761608441495286,0.2725027431026944,0.42857142857142855,144,4,1.0,1.0,137,4,0.0,0.0,135,3,0.0,0.0
5a75639255429916b01642f7,What role did Ben Keaton play in the british film East is East written by Ayub Khan-Din?,ace_packed_160,ace_packed_160,0.2984748395944586,0.3075710483002062,0.3133466211803688,0.3619739524592073,1.0,159,3,0.0,0.0,158,4,0.0,0.0,159,3,0.0,0.0
5a8df72055429917b4a5bcf2,Which date occurred first the end of Riley Hawk's amateur career or end of production of Skateboard Magazine ?,chunk_packed_160,ace_packed_160,0.23954485297185604,0.2571269677601939,0.2554016110893605,0.2629249384729195,0.6666666666666666,158,3,1.0,1.0,144,3,1.0,1.0,149,4,1.0,1.0
5a72b9155542992359bc3187,What service is an Amtrak flagship that includes BWI Rail Station as one of its Amtrak intercity services?,ace_packed_160,ace_packed_160,0.2918306581733614,0.3007367455791301,0.30630442311036954,0.33246781214331467,1.0,149,3,0.0,0.0,128,3,1.0,1.0,128,3,1.0,1.0
5a7d6a2d5542991319bc93c6,King of Norway Magnus Barefoot launched aggressive military campaigns in this region that was at times independent of external control and was known to the Norse as what?,chunk_packed_160,chunk_packed_160,0.2974579927648434,0.33117644031644733,0.31818673353601523,0.2618059419663118,0.25,153,2,0.0,0.4,153,2,0.0,0.4,153,2,0.0,0.4
5a893f305542993b751ca91e,"The Whitehead Light is located in what town with a population of 2,591 during the 2010 census?",ace_packed_160,chunk_packed_160,0.2717781883083269,0.24940085117025637,0.2888916304143863,0.3216796754821655,0.1111111111111111,152,4,1.0,1.0,157,4,0.0,0.0,154,4,1.0,1.0
5ae721885542996d980e7cba,"Stories USA starred which actor and comedian from ""The Office""?",chunk_packed_160,ace_focused_160,0.27491383062168956,0.22621412715961053,0.270158630499151,0.2659139206059866,0.42857142857142855,156,3,0.0,0.4,157,4,0.0,0.0,155,4,0.0,0.4
5ab82e195542992aa3b8c8a8,The Russian-British physicist who shared the Nobel Prize in Physics in 2010 has established a reserach center dedicated to continuing the work with graphene in what country?,ace_packed_160,ace_focused_160,0.2824037749591011,0.3167007044887892,0.2883150784139177,0.32782277293997525,0.42857142857142855,159,3,1.0,1.0,160,3,1.0,1.0,156,3,1.0,1.0
5a72239a55429971e9dc92cf,Who was soldier Archie A. Peck's commanding officer during the Meuse-Argonne Offensive?,chunk_packed_160,ace_focused_160,0.2922365742790197,0.3185607409471142,0.33441419721890064,0.3085840025039597,0.42857142857142855,155,2,0.0,0.0,157,3,0.0,0.0,139,4,0.0,0.0
5ac3a2f35542993915413856,What three other National forests are administered by the same people who administer the park in which the Art Loeb trail runs through?,chunk_packed_160,chunk_packed_160,0.26903902924003237,0.24838024227662397,0.2583094037125582,0.2916205167720388,0.42857142857142855,151,4,0.0,0.0,158,3,0.0,0.0,157,4,0.0,0.0
5ab9547755429970cfb8ea6c,St Dionis Backchurch was rebuilt after a major conflagration that consumed how many parish churches?,chunk_packed_160,chunk_packed_160,0.31188552178928236,0.3488324485783919,0.3334341862388378,0.32556408597047665,0.42857142857142855,154,4,0.0,0.0,160,4,0.0,0.0,155,5,0.0,0.0
5a7f0be055429930675135fe,"Which English crime writer wrote the 2005 psychological thriller ""The Devil's Feather""?",chunk_packed_160,ace_focused_160,0.41798006556109324,0.4209705768954183,0.4277456872826819,0.42051502456280554,0.42857142857142855,146,4,1.0,1.0,143,4,1.0,1.0,132,4,1.0,1.0
5a81a63c5542990a1d231e45,Charles Haughey held what position when he dissolved the list of members who were elected to the lower house of the Oireachtas of Ireland on 25 May 1989?,chunk_packed_160,ace_focused_160,0.325419102088649,0.3279609079414878,0.3263395207576113,0.35185603490947814,0.42857142857142855,156,3,0.0,0.0,155,3,0.0,0.0,160,3,0.0,0.5
5a7cd28c554299452d57ba80,What Swiss football forward currently plays for the Swiss football club founded in 1905?,chunk_packed_160,chunk_packed_160,0.2629271343866744,0.27199669553910444,0.267108569062588,0.2752470905132817,0.25,154,4,0.0,0.0,154,4,0.0,0.0,154,4,0.0,0.0
5a90bb4e55429916514e7536,When was the town Emma Gramatica given its current name?,ace_packed_160,ace_focused_160,0.26128671268771053,0.24147406871801336,0.2563517740542583,0.3030335719360064,0.25,158,4,0.0,0.0,156,4,0.0,0.0,152,4,0.0,0.0
5ae2d59755429928c42394ec,"Who has a wider scope of profession, Hrag Vartanian or Hovsep Pushman?",chunk_packed_160,ace_focused_160,0.25623142915651487,0.26701482742963484,0.2761848520995341,0.2677585162342171,0.6666666666666666,156,4,1.0,1.0,156,4,1.0,1.0,140,4,1.0,1.0
5a7150c75542994082a3e7be,What is the capacity of the stadium that hosts games of the team that was coached by Barry Switzer in 1981?,chunk_packed_160,chunk_packed_160,0.27518498434601185,0.2833609695759074,0.28014621166837894,0.263321857378512,0.1111111111111111,153,2,1.0,1.0,150,5,0.0,0.0,149,4,0.0,0.0
5a7c43c65542990527d5547e,Is Mary Pierce or Gustavo Kuerten the older tennis player?,ace_packed_160,ace_packed_160,0.2716413308386917,0.2844494625222995,0.27393786467945813,0.3651452191419398,0.42857142857142855,160,5,1.0,1.0,149,5,1.0,1.0,149,5,1.0,1.0
5adf92f15542995534e8c7f3,"Though Nursultan Nazarbayev was elected through the democratic system of “rule of the majority”, citizens though what of his election?",ace_packed_160,ace_packed_160,0.244409849223967,0.24707408249930132,0.24788517221755946,0.2753786257524704,1.0,154,4,0.0,0.0,149,3,0.0,0.25,155,4,0.0,0.0
5a7332935542991f9a20c67d,"Which board game was published most recently, Pirate's Cove or Catan?",chunk_packed_160,chunk_packed_160,0.263728291453813,0.26280310641765453,0.267921343561315,0.29312176584722066,0.6666666666666666,150,2,1.0,1.0,151,3,1.0,1.0,151,3,1.0,1.0
5a89810655429946c8d6e929,How long is the river The Atherton Bridge spans?,ace_packed_160,chunk_packed_160,0.28300458609487744,0.28531391071405565,0.2761362073288454,0.39584104849709456,0.42857142857142855,149,4,0.0,0.0,155,3,0.0,0.0,160,3,0.0,0.0
5a77a3a355429967ab105211,James Davidson reported on which infamous American serial killers?,ace_packed_160,chunk_packed_160,0.23602690771452223,0.23128866386281505,0.2445020936939068,0.30235018564177274,0.6666666666666666,148,3,1.0,1.0,143,3,0.0,0.0,140,3,0.0,0.0
5aba5d2e55429901930fa799,"What was the name of a woman from the book titled ""Their Lives: The Women Targeted by the Clinton Machine "" and was also a former white house intern?",ace_packed_160,ace_focused_160,0.2872168153616309,0.2731555642640876,0.28421307854653294,0.36618418557386534,0.6666666666666666,145,4,1.0,1.0,155,5,0.0,0.0,140,5,1.0,1.0
5ade42b55542992fa25da717,How many novels are there in the series of novels of which Shadows in Flight is the tenth novel ?,ace_packed_160,chunk_packed_160,0.29295408233403064,0.25712950129957535,0.27566658382374426,0.3783860903798042,0.6666666666666666,150,3,0.0,0.0,155,2,0.0,0.0,152,4,0.0,0.0
5a7be1ab5542997c3ec972a9,UFO Magazine covers what subject named for Charles Hoy Fort?,ace_packed_160,chunk_packed_160,0.24550518682195482,0.25394593458774684,0.24685704140635675,0.340246018274152,0.6666666666666666,149,4,1.0,1.0,156,4,0.0,0.0,159,4,1.0,1.0
5a8aa1685542992d82986f32,What dance academy did the starring actress from The Glory of Tang Dynasty graduate from?,ace_packed_160,ace_packed_160,0.29882418298228347,0.3036717394142341,0.3190980712521048,0.36092541941682066,0.42857142857142855,146,3,0.0,0.0,152,3,1.0,1.0,155,3,1.0,1.0
5adc760c5542994650320d11,who starred in the English-language Danish experimental horror film  which  Lars von Triers received award for ,chunk_packed_160,ace_focused_160,0.26387888270150683,0.26878280848662256,0.2706552642858393,0.2930683516931183,0.6666666666666666,150,3,0.0,0.0,138,2,0.0,0.5714285714285715,138,2,0.0,0.6666666666666666
5a7265825542997f827839a3,What Olympic medal did the opponent of Crawford Ashley for the World Boxing Association (WBA) World super middleweight title win in 1984?,chunk_packed_160,ace_focused_160,0.25786943306645543,0.26312578398356296,0.2768910422844364,0.2560289417194779,0.25,153,3,0.0,0.0,156,2,0.0,0.6666666666666666,153,5,0.0,0.6666666666666666
5ae3cd685542990afbd1e1de,What ethnicity are french people referring to when they use the term banlieues?,chunk_packed_160,chunk_packed_160,0.24174606443096708,0.211974329264886,0.23324400764805348,0.2535495359472548,1.0,148,4,0.0,0.0,150,4,0.0,0.0,158,4,0.0,0.0
5a8effb55542997ba9cb317f,Who is the host of Wall of Fame known for his partnership with?,chunk_packed_160,chunk_packed_160,0.3063982128975411,0.21303252902502479,0.27528481464335175,0.28497151902065,0.25,156,3,1.0,1.0,159,3,0.0,0.0,159,3,0.0,0.0
5a81d0515542990a1d231ed4,Where is the casino that Summer Nights takes place in?,chunk_packed_160,ace_packed_160,0.279739920688065,0.295512231947472,0.3101401286344737,0.30565874440849705,0.42857142857142855,142,4,0.0,0.4444444444444444,138,4,0.0,0.5,145,3,0.0,0.5
5ac3b07055429939154138b8,"What is the largest non-capital city in Queensland, Australia that includes a suburb named after Helena White? ",ace_packed_160,ace_packed_160,0.3324664939742844,0.3489167722477895,0.3390593928074451,0.39814880121489715,0.42857142857142855,160,4,0.0,0.0,136,3,0.0,0.0,155,4,0.0,0.0
5ac3bd0c554299204fd21e21,Sam Mendes and Ruby Yang share what profession?,ace_packed_160,ace_packed_160,0.29047089337654386,0.29130655976282666,0.3139158512247588,0.3330010922372295,0.42857142857142855,160,4,0.0,0.0,151,4,1.0,1.0,159,4,1.0,1.0
5ae484f855429970de88d999,Which college football team for the University of Oregon did Enoka Lucas played for ,ace_packed_160,ace_packed_160,0.28941667646139846,0.32123544793639225,0.3155263426533478,0.37315328273473797,0.6666666666666666,159,4,0.0,0.0,140,4,0.0,0.0,146,4,0.0,0.0
5ab94ade554299743d22eac7,Persona Non Grata includes interviews by the political leader of what nationality?,ace_packed_160,ace_packed_160,0.29437482655665337,0.30896467952374224,0.30402003635055197,0.33192747229645303,0.42857142857142855,151,3,0.0,0.0,145,3,0.0,0.0,154,3,0.0,0.0
5adf4da15542995534e8c780,Are Philip Cortez and Julian Castro democratic or republican?,ace_packed_160,ace_focused_160,0.2773884427625272,0.29494788473571415,0.29755053472333337,0.318115148395971,1.0,159,4,0.0,0.5,148,4,0.0,0.5,153,4,1.0,1.0
5ae64ad25542995703ce8b4f,What was the name of the commander who captured all of the French ships that varied in size?,ace_packed_160,ace_focused_160,0.21969897488842888,0.24415881010782758,0.25494395057550556,0.25462775105680485,0.42857142857142855,148,3,0.0,0.0,154,2,0.0,0.0,143,2,0.0,0.0
5a84d2775542994c784dda5f,What disease is the Wolf Prize winner and Vadim  Bereinskii-inspired Nobel laureate suffering from?,ace_packed_160,chunk_packed_160,0.2343004012293608,0.2994715359906844,0.27640367066937443,0.33120027242822037,0.42857142857142855,158,3,0.0,0.0,158,4,0.0,0.0,158,3,0.0,0.0
5ac39d22554299391541381f,The Patriotic front promotes the interests of what nation particularly with the aim of gaining and mainting self governance.,ace_packed_160,chunk_packed_160,0.2591633433563923,0.3066083975349432,0.29308483141674874,0.30264374036506414,0.25,152,4,1.0,1.0,158,3,0.0,0.0,159,3,0.0,0.0
5add813e5542992200553b46,"Eddie Jemison had a role in the television series ""IZombie"", which premiered on what date?",chunk_packed_160,ace_focused_160,0.2855188335191976,0.3154040051229435,0.30293455626670757,0.26986040846636705,0.6666666666666666,156,3,1.0,1.0,142,3,0.0,0.3333333333333333,154,3,1.0,1.0
5adf37955542993a75d2642e,"What year did the actor, who appeared in ""One Life to Live"" and ""General Hospital"" in 2012, earn a Daytime Emmy Award?",ace_packed_160,ace_packed_160,0.2652570542841861,0.2843695976271534,0.2757822100609638,0.3003490439901231,0.42857142857142855,159,3,0.0,0.0,156,2,0.0,0.0,157,3,0.0,0.0
5ab83bd055429919ba4e2279,Vestfold and Telemark each border what other Norwegian county?,ace_packed_160,ace_packed_160,0.2583693533159833,0.26919174537551077,0.26392719480300925,0.32111685867775136,1.0,160,4,0.0,0.0,148,5,0.0,0.0,160,4,0.0,0.0
5a7f113d55429934daa2fcbe,Which professional baseball player and National 1993 Baseball Hall of Fame inductee is featured in the Greatest Sports Legends anthology? ,ace_packed_160,chunk_packed_160,0.2824203072709998,0.2525182512970784,0.2848871101185994,0.3465816325524244,0.42857142857142855,158,3,0.0,0.6666666666666666,159,4,0.0,0.6666666666666666,159,4,0.0,0.6666666666666666
5ac4ecea55429919431739fd,"What game was a Philadelphia native, who played college basketball at the University of North Carolina, selected for?",ace_packed_160,ace_packed_160,0.2951450469148299,0.29691834709729836,0.29259437246038483,0.3719583944788099,0.42857142857142855,154,2,0.0,0.0,152,3,0.0,0.0,155,4,0.0,0.0
5ae234005542994d89d5b392,Who has the highest scope in profession in  Rob Thomas or  James Dean Bradfield,ace_focused_160,ace_focused_160,0.26985815739719915,0.1984669984652504,0.26994221200235247,0.32176649742369023,0.6666666666666666,160,4,1.0,1.0,147,4,1.0,1.0,136,4,1.0,1.0
5ae5d0b5554299546bf82f80,"Which Disneyland attraction is Matterhorn Bobsleds roller coaster, an expanded version of",ace_packed_160,ace_packed_160,0.27869942605547626,0.26872218052162666,0.2627985232953813,0.349356463124356,0.25,146,3,0.0,0.0,150,3,1.0,1.0,148,3,0.0,0.0
5ac344d6554299741d48a23f,What is the gross leasable area of the shopping mall served by the Merrick Boulevard buses?,ace_packed_160,ace_packed_160,0.26651014163504194,0.3002077350188881,0.3077646124906362,0.3610512374215441,0.42857142857142855,145,2,0.0,0.0,143,2,0.0,0.0,156,4,0.0,0.0
5ae5cf1b554299546bf82f7a,What is the population of the city which  Deryl Dedmon came from ,ace_packed_160,ace_focused_160,0.22725762652574996,0.2410721026823352,0.2325477113465459,0.28648642782797284,0.0,144,3,0.0,0.0,157,4,0.0,0.0,141,4,0.0,0.0
5a8e296f554299068b959e71,What country does Washington Dulles International Airport and Baltimore–Washington metropolitan area have in common?,ace_packed_160,ace_packed_160,0.30018834638634195,0.2878347116997646,0.3036974693031118,0.36000172908839634,0.6666666666666666,159,3,0.0,0.0,129,2,1.0,1.0,148,3,1.0,1.0
5ac02edb554299294b218f41,The 37th Disney animated feature film Tarzan features You'll be in my heart by which artist?,ace_packed_160,chunk_packed_160,0.3641974331291024,0.38983337020813347,0.3778095894146202,0.47458454342890344,0.25,156,3,1.0,1.0,156,3,1.0,1.0,156,3,1.0,1.0
5a7d2aa05542995f4f40221f,"What mixed martial arts even took place at a closed hotel and casino on the Boardwalk in Atlantic City, owned by Trump Entertainment Resorts?",ace_packed_160,ace_packed_160,0.3687257619649267,0.37816712755222553,0.3764982083212751,0.467852712102124,0.6666666666666666,159,4,0.0,0.0,147,4,0.0,0.0,156,3,0.0,0.0
5a8de4595542995085b37348,What is the prefix given to the end of the name to avoid confusion for the winner of the 1996 Record of the Year Grammy?,ace_packed_160,ace_packed_160,0.21674551708755152,0.21771829928335407,0.23816845752447705,0.28863980748605494,0.25,160,2,0.0,0.0,144,3,0.0,0.0,153,3,0.0,0.0
5ac546975542993e66e8229a,"What year was the early consumer co-operative, in which a 2012 British biographical feature film tells the story of, formed?",chunk_packed_160,ace_packed_160,0.30178204145855203,0.2950154632078604,0.30448696190955593,0.33086125135131617,0.6666666666666666,158,4,1.0,1.0,130,3,1.0,1.0,130,3,1.0,1.0
5ab41d855542996a3a969f4b,"Is the Pakistan fast bowler who joined the Kent County Cricket Club in June, 2011 a left-hand or right-hand batsmans?",ace_packed_160,ace_focused_160,0.32697295701258416,0.34078334166860225,0.3453753356843101,0.35891742840377283,0.6666666666666666,149,3,0.0,0.6666666666666666,139,3,0.0,0.0,153,3,1.0,1.0
5ae60530554299546bf8301e,"Horace Brindley played for what professional association football club that is based in the seaside town of Blackpool, Lancashire, England?",ace_focused_160,ace_packed_160,0.2873164829197076,0.31600393975321506,0.2933031259135125,0.47702024901272255,0.6666666666666666,157,4,0.0,0.5,129,4,1.0,1.0,129,4,1.0,1.0
5ae0f6f5554299422ee99583,"Which record label released Van Morrison's ""I've Been Working"" on the album ""His Band and the Street Choir""?",ace_packed_160,ace_packed_160,0.3938589617024002,0.41363203192260334,0.4084698294703868,0.4644227868189914,0.6666666666666666,153,4,0.0,0.0,157,4,1.0,1.0,160,5,1.0,1.0
5ac2a20055429967731025cb,Are both Snowboard Magazine and The Believer sporting magazines?,ace_packed_160,chunk_packed_160,0.27973834763918043,0.2639214785916347,0.2809521718468762,0.34008953487889426,0.6666666666666666,139,2,1.0,1.0,145,4,1.0,1.0,151,3,1.0,1.0
5ac0784e554299294b218ff6,"My Babysitter's a Vampire was created by Fresh TV, who also created which Canadian animated sitcom which premiered in Canada on November 7, 2004 on Teletoon?",ace_packed_160,chunk_packed_160,0.3268698000119009,0.32803625782732837,0.32927123775284217,0.43796098029094743,1.0,147,3,1.0,1.0,139,3,0.0,0.0,158,3,0.0,0.0
5a7a4ca955429941d65f25a3,Where did the genre of the Chapter Dos: On the Verge album originate? ,ace_packed_160,ace_packed_160,0.3656376096173186,0.3942201364125283,0.3884142839531882,0.4408680688832033,0.6666666666666666,160,4,0.0,0.0,147,5,0.0,0.0,155,4,0.0,0.0
5a84c4135542994c784dda31,Are Yingkou and Fuding the same level of city?,ace_packed_160,ace_focused_160,0.2917802361879087,0.30054167344924376,0.30685820618849036,0.351784462318008,0.42857142857142855,153,5,0.0,0.0,153,5,0.0,0.0,153,5,1.0,1.0
5ac2f34455429921a00ab0b6,What university did Bill Daly graduate that Gary Bettman also graduated from?,chunk_packed_160,ace_focused_160,0.2497926201584477,0.2479194895359972,0.2366080836785357,0.2667485024947198,0.42857142857142855,154,4,0.0,0.25,144,4,0.0,0.25,159,5,1.0,1.0
5ac4e13f554299076e296e2d,"which German philosopher wrote ""The opera ""Lulu""  ",chunk_packed_160,ace_packed_160,0.263654711724738,0.3013874356378051,0.2922198476724224,0.29160309356583747,0.6666666666666666,132,3,0.0,0.0,160,4,1.0,1.0,160,4,1.0,1.0
5abcf51c554299700f9d7949,Carlos Hasselbaink is the older brother of the footballer of what nationality?,ace_packed_160,ace_focused_160,0.2922192476885538,0.3001739889541635,0.31020399424615575,0.3551020235019191,0.42857142857142855,140,4,1.0,1.0,141,4,1.0,1.0,138,4,1.0,1.0
5abdff775542993f32c2a082,At what theater is the composer and lyricist for the musical Big Fish a residential artist?,chunk_packed_160,chunk_packed_160,0.33028434287830927,0.3362256019589337,0.322600806169956,0.33571991194702433,0.42857142857142855,156,4,1.0,1.0,159,4,0.0,0.0,158,4,0.0,0.0
5ac2e97d554299657fa290c0,Where is the company that created Doravirine ( from?,ace_packed_160,chunk_packed_160,0.25322521855551733,0.2380483425335172,0.2751954301835031,0.3038117242063674,0.42857142857142855,141,3,0.0,0.0,154,4,0.0,0.0,157,4,0.0,0.0
5a770eb65542994aec3b71d4,What is the name of the 1999 film directed by Roman Polanski and starring his wife Emmanuelle Seigner that was a world-wide success but critically and commercially unsuccessful in North America?,chunk_packed_160,chunk_packed_160,0.3008706430569015,0.3065817713475817,0.3027888063282223,0.29390636575078577,0.42857142857142855,134,3,1.0,1.0,160,4,1.0,1.0,141,3,1.0,1.0
5a834cea5542990548d0b1c6,What college did the person who defeated Fedor Emelianenko play football at?,ace_packed_160,chunk_packed_160,0.21114942435417774,0.22723622270534255,0.2121447357332283,0.2550433234913748,0.0,146,3,0.0,0.4,133,3,0.0,0.0,133,3,0.0,0.0
5adef80b5542993a75d263c4,The 2000 British film Snatch was later adapted into a television series for what streaming service?,chunk_packed_160,ace_focused_160,0.29323659430045207,0.2859718825052132,0.2980780150386302,0.2901117284989633,0.42857142857142855,155,3,1.0,1.0,155,3,1.0,1.0,151,4,1.0,1.0
5ae4d3a55542990ba0bbb164,What creature of American folklore gained notoriety in 1964?,ace_packed_160,ace_focused_160,0.20164924956331756,0.2575746217263468,0.21521997900572537,0.2632272245526688,1.0,159,3,1.0,1.0,160,3,0.0,0.0,144,3,1.0,1.0
5ac2716f5542992f1f2b38cb,What type of area did Michel Thomas work in when he was in the French Resistance?,chunk_packed_160,ace_packed_160,0.27469023379440066,0.3051221400740707,0.30511768455182936,0.30043585186066046,0.42857142857142855,149,4,0.0,0.0,148,4,0.0,0.0,152,4,0.0,0.0
5adc393f5542996e685252e7,What occupations are shared by Maher Sabry and Til Schweiger?,chunk_packed_160,chunk_packed_160,0.2792632983416117,0.27420514260410045,0.27027359573830095,0.2925779531815571,0.6666666666666666,154,4,0.0,0.0,160,5,0.0,0.0,160,5,0.0,0.0
5a8ad6805542992d82986f93,Leonard Whiting played the tragic hero of Romeo and Juliet in the film version by which director?,ace_packed_160,chunk_packed_160,0.3172658978071393,0.3008860847588317,0.3251523787039707,0.35483547021551953,0.6666666666666666,137,2,1.0,1.0,153,2,1.0,1.0,127,2,0.0,0.6666666666666666
5a7a0e745542990783324e1d,When did Henrietta Ponsonby's father die?,ace_packed_160,chunk_packed_160,0.2317716392277328,0.26044128227036395,0.25151260645077406,0.26445137630377585,1.0,146,3,0.0,0.0,150,3,0.0,0.0,146,3,0.0,0.0
5ae1925a554299492dc91b48,Which Victorian poet was born in a 15th-century castle home to the Earl of Southesk?,chunk_packed_160,ace_packed_160,0.34887914662076014,0.38510522049863993,0.37222947260816325,0.29232775680564943,0.6666666666666666,154,4,0.0,0.4,141,4,0.0,0.4,141,4,0.0,0.4
5adfd56655429925eb1afaac,"What is the birth name of the disc jockey that notably used Mark Wirtz's song ""A Touch of Velvet, A Sting of Brass"" on their Radio Caroline show?",chunk_packed_160,chunk_packed_160,0.27531653046569626,0.30086468936448496,0.29452432735568024,0.28906739356487565,0.6666666666666666,156,3,0.0,0.0,159,3,0.0,0.0,158,3,0.0,0.0
5ab2deb75542991669774118,"Which Austrian and later American chess master who was also a highly influential writer and chess theoretician competed for the first contest  that was defined ""in advance"" as being for the world championship?",chunk_packed_160,ace_packed_160,0.35406456960319643,0.38818092400613163,0.3729951163548487,0.3415041022781293,0.6666666666666666,151,3,0.0,0.6666666666666666,150,3,0.0,0.6666666666666666,159,4,0.0,0.6666666666666666
5abc0ac455429959677d6a01,"In what city was the song ""Where is Love"" first staged and did Oliver Twist meet the Artful Dodger?",chunk_packed_160,ace_focused_160,0.3444348086954554,0.36446446100344665,0.37835538858346807,0.35362189815662964,0.42857142857142855,144,5,0.0,0.0,157,5,0.0,0.0,134,4,0.0,0.0
5a8b5c8155429949d91db56d,Where is the 1999 British comedy-drama film starring Jimi Mistry set?,ace_packed_160,ace_packed_160,0.32869236366740895,0.30034504928282124,0.3155811320210951,0.368206547499248,0.6666666666666666,160,4,0.0,0.0,145,4,0.0,0.0,145,4,0.0,0.0
5a7efa7a55429930675135ea,How did the prominent member of the Astor family who was a lieutenant colonel in the Spanish-American War die?,chunk_packed_160,chunk_packed_160,0.34676080185818536,0.3668143202598527,0.35908741797988286,0.35879887666176047,0.6666666666666666,145,3,0.0,0.0,160,4,0.0,0.0,159,4,0.0,0.0
5a77a14655429949eeb29f13,"Widewuto, a legendary king of the pagan Prussians, was believed to have existed before which army launched crusade against the Prussian peoples?",ace_focused_160,ace_packed_160,0.2603976338495201,0.24811675813575496,0.2524133819403292,0.309933673464425,0.6666666666666666,153,3,0.0,0.0,130,3,0.0,0.0,130,3,0.0,0.0
5a84f06f5542994c784dda92,What type of community does Bob Hope Airport and Boeing Field have in common?,ace_packed_160,ace_focused_160,0.2526194965484584,0.25527872060734624,0.258862166452423,0.31897719813602504,0.6666666666666666,155,3,0.0,0.0,160,5,0.0,0.0,154,4,0.0,0.0
5a77bef05542992a6e59dfaf,Dr Jan Schneider ran for United States Congress in Florid but lost twice to which Republican politician?,chunk_packed_160,chunk_packed_160,0.31148405118620714,0.33792573282266025,0.33679039485940676,0.30699420973918196,0.1111111111111111,157,3,1.0,1.0,144,4,0.0,0.0,159,5,0.0,0.0
5ab7c3df5542993667794003,"Steve Uzelac played football for which league located in Preston, Lancashire?",chunk_packed_160,chunk_packed_160,0.33793302304174266,0.3368124035722209,0.34219084805011923,0.34237730769347,1.0,140,4,0.0,0.0,146,4,0.0,0.0,146,4,0.0,0.0
5a72bb045542994cef4bc3e4,The Nun is based on what film series based on the real life cases of Ed and Lorraine Warren?,ace_packed_160,ace_packed_160,0.28590005006306074,0.2953166011260763,0.29186171780565195,0.3442855105957835,0.6666666666666666,149,3,0.0,0.0,152,4,1.0,1.0,157,4,1.0,1.0
5ab480715542991751b4d798,"In which year was this historic diner in Albany, New York built, which also was a filming location for major portions of Ironweed?",chunk_packed_160,ace_packed_160,0.3066446435731175,0.3211470460206334,0.321850971706776,0.28930491223364346,0.6666666666666666,150,3,1.0,1.0,144,3,1.0,1.0,144,3,1.0,1.0
5ae394e05542990afbd1e18d,"""The Fixer"" is a song from an album produced by who ?",ace_packed_160,ace_focused_160,0.29435264375482884,0.34380041168354913,0.34934623189886926,0.39738430435801025,0.6666666666666666,144,3,0.0,0.0,159,4,0.0,0.0,140,4,0.0,0.0
5a8e39475542995085b373f1,Paddington is a television program based on the books that first appeared on what date?,ace_packed_160,chunk_packed_160,0.26706950813263214,0.2613306409840479,0.26738344951897786,0.32822272680057385,0.25,150,3,1.0,1.0,152,4,1.0,1.0,152,4,1.0,1.0
5abc87a8554299114383a13e,"Which Indian film playback singer as well a devotional singer contributed to the film ""Baabul"" (2006) and Sukshinder Shinda's album ""Collaborations 3?""",chunk_packed_160,ace_focused_160,0.3283697421815789,0.3588381846052373,0.3384588339141633,0.30936074914724176,0.6666666666666666,157,4,1.0,1.0,157,4,1.0,1.0,145,4,1.0,1.0
5abd0097554299700f9d7956,What is the scentific name of the butterfly that is widespread in the seventh-largest country in the world?,chunk_packed_160,ace_focused_160,0.26382258143798715,0.2645390038094759,0.26346933138185635,0.17368423703487362,0.0,158,4,0.0,0.0,76,5,0.0,0.0,46,3,0.0,0.0
5a84800f554299123d8c2276,"Alexandra Park in Greater Manchester, England was created in response to an event that ook place during what years?",chunk_packed_160,ace_focused_160,0.325426238964056,0.36039517971684876,0.34481234561264507,0.3256770851863867,0.6666666666666666,158,3,0.0,0.5,143,4,0.0,0.5,138,4,0.0,0.5
5a843cf35542996488c2e51b,What industry did both William Todd Field and Zoltan Korda work in?,ace_packed_160,ace_packed_160,0.27248207617883335,0.30122655825731576,0.2955694596789039,0.3051692407634561,0.42857142857142855,160,5,0.0,0.6666666666666666,152,4,0.0,0.6666666666666666,159,4,0.0,0.6666666666666666
5a73f2035542993a88ae2ea8,"What song was created by the group consisting of Jeffrey Jey, Maurizio Lobina and Gabry Ponte and released on 15 January 1999?",ace_packed_160,chunk_packed_160,0.2596308378658398,0.26941293166063757,0.2703292394541407,0.34336666115209774,0.6666666666666666,140,3,0.0,0.4,156,4,0.0,0.4,140,3,0.0,0.4
5a7ba83f5542995eb53be981,"Who was born more recently, Billy Corgan or Jeff Martin?",ace_packed_160,ace_packed_160,0.23276021096577965,0.1883950840298469,0.22915943619255852,0.29160361987731265,0.6666666666666666,147,3,0.0,0.0,143,4,1.0,1.0,149,5,1.0,1.0
5add352b5542990dbb2f7dc4,"Who were the lead members of the group of actors who were in the film which was remade as the first film of ""Ocean's Trilogy""?",chunk_packed_160,ace_focused_160,0.2642112235241477,0.2630930425649869,0.2676396658883014,0.285098799639631,0.1111111111111111,159,2,0.0,0.0,152,3,0.0,0.0,141,2,0.0,0.7777777777777778
5ae71bee554299572ea546ea,"Dean O'Banion was the main rival of which mobster, known as Scarface?",ace_packed_160,ace_packed_160,0.2884127316030874,0.32631937247510356,0.31508938853213464,0.32718441232469403,0.6666666666666666,154,3,0.0,0.0,153,3,0.0,0.0,153,3,0.0,0.0
5a7ef6b35542994959419a94,What region of Italy was Giorgio Pini born in?,chunk_packed_160,chunk_packed_160,0.2993201730871702,0.3034798409605436,0.32266917071017853,0.3105385425104895,0.6666666666666666,138,4,0.0,0.0,149,5,0.0,0.0,160,4,0.0,0.0
5a84c66a5542994c784dda45,What show did the co-creator with Chris Spencer of Wild 'N Out debut on?,chunk_packed_160,ace_packed_160,0.23278531177886738,0.26421925103314564,0.26532875623320157,0.2484243480677903,0.42857142857142855,160,3,0.0,0.0,144,3,0.0,0.0,153,4,0.0,0.0
5a7a43f25542996a35c1716c,Which film was was made first The Young Black Stallion or Wild Hearts Can't Be Broken?,ace_packed_160,ace_packed_160,0.3186189112279243,0.3068200286057476,0.30817966280161546,0.35741030590081946,1.0,155,3,0.0,0.0,137,3,0.0,0.7272727272727272,137,3,0.0,0.7272727272727272
5a7c6d98554299683c1c6304,What ABC television series was inspired by a 2011 film and cast Dominic Cooper as young Howard Stark?,chunk_packed_160,chunk_packed_160,0.26676933094361976,0.27267471120572395,0.2756058273737335,0.27336868034619866,0.42857142857142855,139,2,1.0,1.0,142,3,0.0,0.8,139,2,1.0,1.0
5a7f9cbd5542994857a7677c,"Aside from the Ivorian who was born in 1986, what other big name footballer has gone through the FC Bibo?",chunk_packed_160,chunk_packed_160,0.288308312791812,0.26030675478951326,0.26651006470723826,0.25017803605779687,0.42857142857142855,159,4,0.0,0.3076923076923077,160,4,0.0,0.3076923076923077,135,4,0.0,0.0
5a8488f45542992a431d1a47,"Who wrote The Devils, and was an eninent English theater, opera and film director?",chunk_packed_160,ace_focused_160,0.27256203675522617,0.2545947858361558,0.2675542470715152,0.2929769075837928,0.42857142857142855,157,3,0.0,0.0,154,3,0.0,0.0,136,3,0.0,0.0
5adffb4655429925eb1afbbf,What year was George Harrison's top UK charted song voted the nations 11th favorite 1980s number?,ace_packed_160,ace_focused_160,0.25375748734727055,0.2952158877509867,0.28057931926331525,0.2868683713843502,0.42857142857142855,159,2,0.0,0.0,158,3,1.0,1.0,149,3,1.0,1.0
5a8c4c5f554299585d9e3651,"Luisa Miller is an opera with three acts, whereas Don Quichotte is an opera with how many acts?",chunk_packed_160,chunk_packed_160,0.27362244986414563,0.2753312854584461,0.27444565278899546,0.2991916794539277,1.0,144,3,0.0,0.0,155,4,0.0,0.0,144,3,0.0,0.0
5a7f81425542992097ad2f8e,"Which movie was released first, 'Mean Girls' or the remake of 'April Fool's Day'?",ace_packed_160,ace_focused_160,0.30616372860544666,0.35308390312888716,0.3384304984375665,0.34371305729836343,0.42857142857142855,158,3,1.0,1.0,127,2,0.0,0.0,150,2,1.0,1.0
5a773ec355429966f1a36ccb,Kate Ashfield plays what role in the 2004 British horror comedy film about a zombie uprising?,chunk_packed_160,chunk_packed_160,0.28325077571645024,0.30913136863876317,0.2852072006570782,0.2856295801679535,0.6666666666666666,159,4,1.0,1.0,146,3,0.0,0.0,159,4,1.0,1.0
5abbd5a75542993f40c73bd3,What country can the scopula nucleata be found in?,chunk_packed_160,ace_focused_160,0.3195700955097485,0.3083648268873671,0.3257938026573578,0.3088271325460468,0.1111111111111111,158,5,0.0,0.0,83,5,0.0,0.0,68,4,0.0,0.0
5a89dfcc55429946c8d6e9f0,"Are Cryptanthus and Gagea, both a genus?",chunk_packed_160,ace_focused_160,0.27300562716205123,0.299029990473207,0.2781356816236642,0.30065862116914494,1.0,150,5,0.0,0.0,150,5,0.0,0.0,135,4,0.0,0.0
5ac15de55542991316484afb,Were the films Crazy Love and Welcome to Nollywood both released in 2008?,chunk_packed_160,chunk_packed_160,0.29900993517478147,0.3007373919730369,0.3108644402747487,0.3084980431960745,0.42857142857142855,145,3,0.0,0.0,157,4,0.0,0.0,150,4,0.0,0.0
5a7571835542992db9473669,"What is the name of the city 200 km north-west of Sydney, Australia that the Armstrong 500 race was moved to?",ace_packed_160,ace_focused_160,0.27684368404916193,0.2782539669132117,0.27666390016071074,0.3166758211944909,0.42857142857142855,157,3,0.0,0.33333333333333337,159,4,0.0,0.33333333333333337,143,4,0.0,0.33333333333333337
5abb6ece5542992ccd8e7f40,"Which was published founded most recently, InStyle or Godey's Lady's Book?",chunk_packed_160,ace_focused_160,0.3346503718938154,0.3520392175525793,0.33153972122215825,0.3440153186795648,0.6666666666666666,156,5,1.0,1.0,156,4,1.0,1.0,139,4,1.0,1.0
5a86769c5542994775f60776,Armageddon in Retrospect was written by the author who was best known for what 1969 satire novel?,ace_packed_160,chunk_packed_160,0.25869945525186916,0.3113038008223744,0.31445750310456355,0.30172138071451415,0.25,152,3,0.0,0.0,155,3,0.0,0.0,158,4,0.0,0.0
5abce1af554299114383a178,"What type of group beat Sheryl Crow's ""All I Wanna Do"" on the ""Billboard"" Hot 100? ",chunk_packed_160,chunk_packed_160,0.3227079236225509,0.3133035217288539,0.3163566166651238,0.3205956453294805,0.6666666666666666,157,3,0.0,0.0,157,4,0.0,0.0,157,4,0.0,0.0
5ab2da99554299194fa93544,Who aided the Colorado forces in the Uruguayan war?,ace_focused_160,ace_packed_160,0.31869100997566513,0.3152748475380742,0.3132224893597003,0.3818846801935143,0.6666666666666666,156,3,0.0,0.0,130,3,0.0,0.0,130,3,0.0,0.0
5a7d61645542997cc2c47455,Priest Rapids Dam is located near which nuclear production complex?,ace_packed_160,ace_packed_160,0.2907576385050008,0.3092206168496562,0.3019477288658735,0.363288314981668,0.6666666666666666,155,5,0.0,0.4,153,4,0.0,0.4,158,4,0.0,0.4
5a74a8fa55429929fddd8497,"After his curacy at the village that is a suburb of Scunthorpe, who was Industrial Chaplain to the Bishop of Lincoln?",ace_packed_160,ace_packed_160,0.25755749604892575,0.26417225138516764,0.25938656044591396,0.3109521440198224,0.42857142857142855,158,3,0.0,0.0,152,3,0.0,0.0,159,4,0.0,0.0
5ae4c96355429913cc204506,How many members does the lower house of the state legislature in which Samuel Leavitt served have?,ace_packed_160,ace_packed_160,0.290244927990573,0.2817202912869303,0.2896676757790374,0.3312860762887362,0.6666666666666666,147,3,0.0,0.0,157,4,0.0,0.6666666666666666,159,4,0.0,0.6666666666666666
5a7e49e05542991319bc9463,What sibling of John D. Rockefeller III was the chairman of Chase Manhattan Corporation?,ace_packed_160,ace_packed_160,0.33036732628983145,0.36706295457683286,0.3518312156915561,0.39070151830789845,0.6666666666666666,156,4,1.0,1.0,148,4,1.0,1.0,159,3,0.0,0.6666666666666666
5ab935c755429934fafe6e74,"What was the nationality of the ""Lonely Hearts Killers""?",ace_packed_160,chunk_packed_160,0.27419559036709273,0.29837323741395794,0.2955637768738608,0.3780273752175625,0.6666666666666666,148,3,1.0,1.0,154,2,1.0,1.0,149,4,1.0,1.0
5ab9753055429970cfb8eb0b,What movie genre did Emmanuelle Vaugier play a supporting role in?,chunk_packed_160,chunk_packed_160,0.2591610065604497,0.27012429397643917,0.26768014960002706,0.28076145160759824,0.6666666666666666,142,3,0.0,0.0,157,4,0.0,0.0,147,4,0.0,0.0
5a88696b554299206df2b25b,What type of profession does Chris Jericho and Gary Barlow have in common?,chunk_packed_160,ace_focused_160,0.2522047175272264,0.2610444257029077,0.26149035495608225,0.26605422425891506,0.6666666666666666,156,3,1.0,1.0,158,4,0.0,0.0,128,3,1.0,1.0
5ae45cba5542991a06ce9a4a,"Tommy Faile sang the song ""the legend of Brown Moutain Lights"", about a series of ghost lights that can be seen from which viewpoint outside Linville Falls?",chunk_packed_160,ace_packed_160,0.2543942212115541,0.29009801130596136,0.26621349514233134,0.27556702712186054,0.6666666666666666,153,4,0.0,0.0,144,3,0.0,0.0,148,4,0.0,0.0
5a87556d5542994846c1cd65,"The Dalmatian parliamentary election, 1861 was held in what crown land of the Austrian Empire?",chunk_packed_160,chunk_packed_160,0.35300645251307244,0.26089599851425194,0.34522568248084173,0.3560841714064368,0.42857142857142855,132,3,0.0,0.7499999999999999,132,3,0.0,0.7499999999999999,146,3,0.0,0.7499999999999999
5adcf37e5542994ed6169c37,"BMW X5 is a mid-size version that was produced alongside which newer model, produced in 2009?",ace_packed_160,ace_packed_160,0.28179679506399224,0.2751937895859425,0.2742517572978881,0.3401195064453215,1.0,142,4,0.0,0.6666666666666666,155,5,1.0,1.0,155,5,1.0,1.0
5ab472a35542991779162c98,Who is the cofounder of Big Gates Records that collaborated with DJ Khaled on his second album “We the Best”?,ace_packed_160,ace_packed_160,0.28940353039139977,0.29799497735531366,0.28617726984874525,0.32724935148899664,0.42857142857142855,153,3,0.0,0.0,157,3,1.0,1.0,144,4,0.0,0.0
5a82a1ae55429954d2e2eb89,"Between Aspidistra and Cyrtanthus, which genus of plant belongs to the Subfamily Amaryllidoideae?",chunk_packed_160,chunk_packed_160,0.3260894851700124,0.34324635796451,0.3388189537512407,0.32478786782539687,0.42857142857142855,145,5,1.0,1.0,146,5,1.0,1.0,146,5,1.0,1.0
5a7f010955429934daa2fc8b,Were Basil Dean and Francis Ford Coppola both alive at some point in time?,ace_packed_160,chunk_packed_160,0.26613782350425813,0.25865381050316805,0.26724264505819384,0.3099648292697177,0.6666666666666666,131,3,0.0,0.0,139,3,0.0,0.0,154,4,0.0,0.0
5a8ee3a755429917b4a5be02,College Humor is a 1933 American pre-Code musical comedy film that starred what American singer and actor who has a trademark warm bass-baritone voice?,chunk_packed_160,chunk_packed_160,0.32571833310449927,0.32572013265136246,0.32949305027997844,0.34813878630721984,0.42857142857142855,151,4,0.0,0.5714285714285715,157,4,0.0,0.5714285714285715,151,4,0.0,0.5714285714285715
5a804e845542992bc0c4a6e9,The Greatest Event in Television History aired on the channel that was founded by whom?,ace_packed_160,chunk_packed_160,0.3621402216416518,0.35108287673759536,0.3602006621649467,0.3982493101572092,0.1111111111111111,156,3,1.0,1.0,145,3,0.0,0.0,156,4,0.0,0.0
5a879adb5542996e4f30887f,What other political position did the person who introduced the DISCLOSE Act hold?,chunk_packed_160,chunk_packed_160,0.2438449587137378,0.25793175309884014,0.27834683458197174,0.2481580050411017,0.25,158,3,0.0,0.5,155,4,0.0,0.0,159,3,0.0,0.0
5ae45adc55429970de88d93f,What group did the 253 West 125th Street-contest winner Spyder Turner sing back up for?,chunk_packed_160,chunk_packed_160,0.254865704142081,0.25163005801303273,0.2628933628415785,0.2511403026330465,0.25,158,3,0.0,0.6666666666666666,147,3,0.0,0.0,142,2,0.0,0.0
5ac11201554299294b21908c,What county is Ron Teachworth from?,ace_packed_160,ace_packed_160,0.34539842501702134,0.3361925353934717,0.33025130716495155,0.401388958093326,0.25,144,4,0.0,0.0,157,5,0.0,0.5,152,4,0.0,0.0
5adbfa38554299438c868d00,"What is the birthdate of this Australian dramatic coloratura soprano, who taught Simon Gilbert?",ace_packed_160,ace_focused_160,0.26630988616167706,0.24562198475157487,0.26902909506230754,0.35898525947745474,0.6666666666666666,160,5,0.0,0.0,159,4,0.0,0.6666666666666666,146,4,0.0,0.6666666666666666
5a75b7475542992d0ec05feb,Carlo Buccirosso had a role in a movie that premiered at what film festival?,ace_packed_160,ace_focused_160,0.2545515446807486,0.24123714224755943,0.2538769179967191,0.2855681601229114,0.25,152,3,0.0,0.0,156,4,0.0,0.4444444444444444,140,4,0.0,0.4444444444444444
5ae5ef105542996de7b71a72,What is the seventh book of the Hebrew and Christina bible and also has Quran references to the river drinking experience?,ace_packed_160,ace_packed_160,0.30013710039169184,0.30116000208815696,0.30827921754290544,0.3412079097453301,1.0,136,2,0.0,0.0,147,3,1.0,1.0,140,3,0.0,0.0
5a873b0d5542994775f607ad,"How many rooms are in the building built in 1883 at Garden City in Nassau County, New York?",ace_packed_160,chunk_packed_160,0.2974768981766432,0.28167725331046944,0.2845622948702466,0.3736321296353683,1.0,148,4,0.0,0.0,159,3,0.0,0.0,157,4,0.0,0.0
5ae3281a5542991a06ce9939,Are both Frank Lloyd and Olivier Assayas American film directors?,chunk_packed_160,chunk_packed_160,0.30870793893063864,0.30288652993406096,0.31584363169193586,0.3074380827512466,0.42857142857142855,134,3,1.0,1.0,149,4,1.0,1.0,149,4,1.0,1.0
5adf37785542992d7e9f92d3,An NFL Color Rush uniform and a Third Jersey are both considered what type of uniform in the NFL?,ace_packed_160,ace_packed_160,0.2592498702306435,0.2616579092244651,0.2586059905789033,0.30577074170118623,0.6666666666666666,154,3,0.0,0.0,150,3,1.0,1.0,150,3,1.0,1.0
5a75f0bf5542994ccc91866b,"Who is younger, Pelle Almqvist or Steve Winwood?",ace_packed_160,ace_packed_160,0.2582736525296247,0.3008597324905471,0.2858171372853011,0.32689937571341865,0.6666666666666666,148,4,1.0,1.0,142,4,1.0,1.0,152,4,1.0,1.0
5ac46c83554299204fd21f45,"In what regions of the United States is the Eastern Market, Detroit located?",chunk_packed_160,chunk_packed_160,0.38933862118992885,0.28973860353231706,0.3959784564851372,0.3999258790630482,0.42857142857142855,158,4,0.0,0.0,159,4,0.0,0.0,159,4,0.0,0.0
5ab2c5e255429916697740ba,"Which professional ice hockey position does the Captain of the National Hockey League All-Star Game ""Away Team"" play?",ace_packed_160,chunk_packed_160,0.33681611864091754,0.3412507251540171,0.34353488453510556,0.3799659750323907,1.0,132,3,0.0,0.33333333333333337,156,3,0.0,0.0,152,3,0.0,0.33333333333333337
5ac4e03f5542995c82c4ad75,"Who were the stars of the 2008 South Korean movie that was later remade as Hindi movie entitled ""Murder 2"" in 2011?",ace_packed_160,ace_focused_160,0.25970249656392785,0.30565773842175326,0.29195064400458387,0.3353978268422655,0.42857142857142855,159,4,0.0,0.15384615384615385,160,3,0.0,0.0,159,4,1.0,1.0
5a78a862554299148911f8fe,What is another name for the butterfly of the Hesperiidae family that is found in the third largest country in Africa?,ace_packed_160,chunk_packed_160,0.22062623049427266,0.2913801875541907,0.27954181682373697,0.3294888715390957,0.25,154,3,0.0,0.0,158,4,0.0,0.0,156,3,0.0,0.0
5a72160e55429971e9dc9253,"Who is the son of the author of the short story ""The Enormous Radio.""",ace_packed_160,chunk_packed_160,0.3197430947516202,0.3221196772646356,0.3304908708992553,0.4109163679182214,0.6666666666666666,133,3,0.0,0.0,150,3,0.0,0.0,141,3,0.0,0.0
5add3b035542997545bbbcce,The Gate is a song from the album scheduled for release in what month?,chunk_packed_160,chunk_packed_160,0.29985038939993724,0.25426008074716344,0.29567599339872724,0.3278334002890734,0.25,145,3,0.0,0.0,145,4,0.0,0.0,152,3,0.0,0.0
5a8b3c0055429949d91db4f8,IS Paul Sloane noted for directing more musicals than  Jacques Demy,ace_packed_160,chunk_packed_160,0.22960598238021457,0.24206939917410664,0.2619555824127186,0.2781255103207285,0.42857142857142855,145,3,0.0,0.0,158,4,0.0,0.0,155,4,0.0,0.0
5ab520645542991779162d85,"The comedian who starred in ""Gone Are the Dayes"" made his big break in which show?",ace_packed_160,ace_focused_160,0.28628481407043427,0.28829737925513765,0.28157547316035303,0.3298421134184847,0.25,155,3,1.0,1.0,141,3,0.0,0.3333333333333333,145,3,1.0,1.0
5ab8111c5542991d3222382b,Bridget Cromwell is the eldest daughter of an English military and political leader and later Lord Protector of what commonwealths?,chunk_packed_160,chunk_packed_160,0.38547008547008543,0.3708502024291498,0.3708502024291498,0.3708502024291498,0.6666666666666666,98,4,0.0,0.8,156,4,0.0,0.8,129,3,0.0,0.8
5ab9ba6855429970cfb8eb87,"Which novel by the author of ""Armada"" will adapted as a feature film by Steven Spielberg?",chunk_packed_160,chunk_packed_160,0.2634599157273738,0.32317636747239287,0.24913649950278471,0.2826671865724125,0.25,128,2,1.0,1.0,139,3,1.0,1.0,160,3,1.0,1.0
5ae61ac355429929b0807ac6,H Pistorius & Co is part of the reason for the wealth of the family that includes which South African sprinter?,chunk_packed_160,ace_focused_160,0.33357228012551055,0.39336418456874833,0.3673728859466361,0.32348696180948355,0.42857142857142855,154,3,0.0,0.0,149,4,0.0,0.0,147,4,0.0,0.0
5ae73d505542991e8301cc2c,Sebastian Gutierrez is known for writing the screenplay for the 2003 film directed by whom?,ace_packed_160,chunk_packed_160,0.29271610750409827,0.2781238173023386,0.2921461113212943,0.3262182725855125,0.6666666666666666,147,4,1.0,1.0,154,4,1.0,1.0,156,3,1.0,1.0
5a77a9df55429967ab10521c,What British novelist born in November 1898 wrote Surprised by Joy: The Shape of My Early Life?,ace_packed_160,ace_packed_160,0.31051673876778335,0.36904137413097093,0.34781310034806656,0.3794409905443191,0.6666666666666666,149,3,0.0,0.3333333333333333,141,3,0.0,0.3333333333333333,159,4,0.0,0.3333333333333333
5a90ba1b55429933b8a205c6,Who has a better career-high singles ranking Daniel Vacek or Fabio Fognini ?,chunk_packed_160,ace_packed_160,0.2752861970230593,0.2724478726584162,0.26821606203916726,0.2665756859760443,0.6666666666666666,153,4,0.0,0.0,152,4,1.0,1.0,155,3,0.0,0.0
5a8e0a005542995085b373a1,Bordan Tkachuk was the CEO of a company that provides what sort of products?,chunk_packed_160,ace_packed_160,0.27387973294770834,0.2886649726812338,0.3014549087024686,0.2763164111203635,0.25,154,3,0.0,0.0,150,3,0.0,0.0,150,3,0.0,0.0
5ac5632e5542993e66e823d9,Is The Stuff of Legend and Babes in Toyland both entertainment? ,ace_packed_160,chunk_packed_160,0.358583730394739,0.3493654609454675,0.3565444466593939,0.39176943667796044,1.0,154,4,0.0,0.0,154,4,0.0,0.0,154,4,0.0,0.0
5ae73eca5542991e8301cc37,What other notable role did the star actor from Jeremy perform? ,chunk_packed_160,ace_packed_160,0.19611803510560888,0.21121085876341206,0.2197379052781105,0.2202995315882142,0.1111111111111111,154,3,0.0,0.0,144,4,0.0,0.0,144,4,0.0,0.0
5ac14d0c5542991316484ae2,"Who has worked for more film companies, Kelly Reichardt or Jacques Tourneur?",ace_packed_160,chunk_packed_160,0.23291023654843085,0.262352828591229,0.23955249833078435,0.2684105247064646,0.6666666666666666,137,3,1.0,1.0,157,4,0.0,0.0,137,3,1.0,1.0
5ab96ab755429970cfb8eacd,"Ellie Goulding worked with what other writers on her third studio album, Delirium?",ace_packed_160,ace_packed_160,0.34188679611209927,0.3530669324535624,0.342441041091069,0.38925847614251685,0.6666666666666666,155,4,0.0,0.0,143,4,0.0,0.0,143,4,0.0,0.0
5adbdc8a55429944faac238e,What nationality is the sport club that the current coach of Werder Bremen played professionally for?,chunk_packed_160,chunk_packed_160,0.27628583965732545,0.29660083234614554,0.28758569717557325,0.2783339823669416,0.42857142857142855,150,4,1.0,1.0,157,4,0.0,0.0,160,4,0.0,0.0
5ae676915542995703ce8b66,Simon Walker released a historical novel by James Fenimore Cooper named what? ,chunk_packed_160,chunk_packed_160,0.3291329446766533,0.34512308407452386,0.33785288226207766,0.354886951941007,1.0,138,3,1.0,1.0,145,4,0.0,0.0,154,4,1.0,1.0
5a8f93f5554299458435d67e,"The name od the Jason Hook album ""Safety Dunce"" is a play on the words of a song released in what year? ",chunk_packed_160,chunk_packed_160,0.36949339979015255,0.4071726477267271,0.3982669660805216,0.35361851484595025,0.25,158,3,0.0,0.0,159,4,0.0,0.0,159,4,0.0,0.0
5a7131565542994082a3e64f,"Q: Which actor played a role in the comedy series ""30 Rock"" as well as the drama series ""Mad Men""? A: Jon Hamm",chunk_packed_160,chunk_packed_160,0.2502736939733968,0.25859145815059575,0.25227518587636005,0.27485231890084755,0.42857142857142855,131,3,1.0,1.0,157,4,1.0,1.0,157,4,1.0,1.0
5a7d2ecc5542995ed0d16629,Robbie Tucker plays in what series that follows a group of friends who run an Irish bar?,ace_packed_160,ace_focused_160,0.26982728630333236,0.30361269858434103,0.26270449342559976,0.3655136099925247,0.42857142857142855,159,3,0.0,0.0,158,4,0.0,0.0,160,3,1.0,1.0
5a89e8035542992e4fca846d,Have tennis players Françoise Dürr and Mate Pavić both won a doubles title?,chunk_packed_160,chunk_packed_160,0.32073112255826375,0.32236946369177344,0.3290341697165935,0.31311074334042654,1.0,143,4,0.0,0.0,143,4,0.0,0.0,143,4,0.0,0.0
5ae25ed15542992decbdccd2,Both Sorbaria and Goldenrod are a genus of more than 50 flowering plants?,chunk_packed_160,ace_packed_160,0.31661977984459505,0.315057317797433,0.3318055276141051,0.31221529837828643,0.6666666666666666,154,4,0.0,0.0,143,4,0.0,0.0,144,4,0.0,0.0
5ade895955429975fa854ef5,In what year did the conference in which the 2005 Air Force Falcons participated begin operations?,chunk_packed_160,chunk_packed_160,0.3152472027509624,0.3310789682984202,0.32707053245600504,0.34415713837262313,0.6666666666666666,142,3,0.0,0.0,148,4,0.0,0.0,159,4,0.0,0.0
5a90580655429933b8a204ef,What record did the Super Bowl XXXIV champions finish the regular-season with in 1999?,chunk_packed_160,ace_focused_160,0.2954458965354173,0.2813736661793542,0.2971145155889342,0.30525519782149335,0.42857142857142855,152,3,0.0,0.0,155,3,0.0,0.0,149,3,0.0,0.3333333333333333
5ab56555554299494045ef97,"As a Nazi hunter, Simon Wiesenthal, was apart of a fued in what time frame?",chunk_packed_160,ace_packed_160,0.29728422630331197,0.30302566022143246,0.3028555701737679,0.2965643686104513,1.0,124,3,0.0,0.0,110,3,0.0,0.0,110,3,0.0,0.0
5a78d01d55429974737f78b3,"The singer known as the ""Ballad Prince"" was on a romantic comedy that aired on what state-run channel from August 11 to September 30, 2010?",chunk_packed_160,chunk_packed_160,0.2904835022066351,0.28668264527504717,0.2884258982053478,0.24213235107275008,0.42857142857142855,147,3,1.0,1.0,152,4,1.0,1.0,154,4,1.0,1.0
5ab5e024554299494045f097,Were Joss Whedon and Norman Mailer both Americans?,ace_packed_160,chunk_packed_160,0.2690853960759523,0.25086803679064085,0.26711261755728744,0.3274116856900937,0.6666666666666666,144,3,0.0,0.0,156,3,0.0,0.0,156,3,0.0,0.0
5a7a5ec855429941d65f25e4,What is the river that Sangin is found in the valley of the primary watershed for?,ace_packed_160,ace_focused_160,0.2775272370926556,0.28796763764819405,0.29558496315271326,0.31721149248333613,0.42857142857142855,148,3,0.0,0.0,155,4,0.0,0.0,141,4,0.0,0.0
5ac173295542994ab5c67d45,What occupation do Graham Streeter and Geir Hansteen Jörgensen both have in common.,chunk_packed_160,ace_packed_160,0.305433045636738,0.34122869135417166,0.3383114397085609,0.3204210178518303,0.42857142857142855,158,3,0.0,0.6666666666666666,155,4,0.0,0.6666666666666666,156,4,0.0,0.6666666666666666
5a7336d05542992359bc3293,"Lady Elizabeth Delmé and Her Children (1779) is a portrait given to the National Gallery of Art in 1937, which is located in which state?",chunk_packed_160,chunk_packed_160,0.4762218849768737,0.5086654742864645,0.5049934598282535,0.410827980554196,0.6666666666666666,143,4,0.0,0.0,156,3,0.0,0.0,151,3,0.0,0.0
5a793d335542994bb9456fca,Amil Grove appeared in what  British tabloid published by News UK? ,chunk_packed_160,ace_focused_160,0.25773481844668833,0.24631439816728512,0.24474098055501048,0.26675231774102676,0.42857142857142855,159,5,0.0,0.0,157,5,0.0,0.0,151,4,0.0,0.0
5a8bc0485542995d1e6f143d,What continents are the Moneuptychia found in?,chunk_packed_160,chunk_packed_160,0.3356941785173664,0.3249586332373968,0.3399999120446344,0.3101743877407485,0.42857142857142855,138,3,0.0,0.0,160,4,0.0,0.0,142,3,0.0,0.0
5abeab375542990832d3a091,The 1978 NBA World Championship Series had as MVP which Hall of Fame class member of 1988?,ace_packed_160,ace_focused_160,0.25441483396243847,0.2679634684255771,0.27317127394705043,0.31180645514190164,0.6666666666666666,150,3,1.0,1.0,150,3,0.0,0.0,139,3,1.0,1.0
5a8febb555429916514e73e4,Which animal races annually for a national title as part of a post-season NCAA Division I Football Bowl Subdivision college football game?\,ace_packed_160,chunk_packed_160,0.30485867771227915,0.3153982084453513,0.30108280425386275,0.3681637694458535,0.42857142857142855,146,3,0.0,0.0,152,3,0.0,0.0,159,3,0.0,0.0
5a8367c1554299334474600e,Which team did Lars Lunde play for when defeated for the 1987 European Cup Final?,chunk_packed_160,ace_packed_160,0.3070070638355569,0.3300867986588325,0.3207288769468778,0.30141822889795455,1.0,149,3,0.0,0.0,148,3,0.0,0.0,155,3,0.0,0.0
5abdf06355429976d4830a2d,In Ancient Egyptian religion how would a citizen be weighted to decide if they where worthy of damnation and would face the torment in the lake of fire ?,ace_packed_160,ace_packed_160,0.26973009133214526,0.3069210603087023,0.2960033848432395,0.3631179768971934,0.25,138,2,0.0,0.0,143,2,0.0,0.28571428571428575,160,2,0.0,0.28571428571428575
5a8e07185542995085b37389,Private Music signed the drummer who was part of which English group?,chunk_packed_160,chunk_packed_160,0.23846052085598313,0.23907646359307794,0.2327654189297083,0.2582341284515648,0.6666666666666666,135,3,0.0,0.0,160,3,0.0,0.0,160,3,0.0,0.0
5a8f06075542995b44241f2d,"What car did the German rally driver, who won victories for Fiat, Opel, Lancia, and Audi drive?",chunk_packed_160,chunk_packed_160,0.328027217854177,0.36295156458088884,0.3478793347778487,0.33253192503465656,0.42857142857142855,158,3,0.0,0.5,148,3,0.0,0.0,145,3,0.0,0.4
5ae505d355429908b63264e4,Marco de la O stars in the title role of El Chapo which premiered on which network in April 2017?,chunk_packed_160,chunk_packed_160,0.34603074989424915,0.3473326626870189,0.34727202179737915,0.3610549278131132,0.6666666666666666,153,4,1.0,1.0,160,5,1.0,1.0,158,4,1.0,1.0
5a7dc2495542997cc2c4749a,"What competition held in Kathmandu, Nepal did Julian Bolling compete in 1984?",ace_packed_160,ace_focused_160,0.2910522288141186,0.2963377549556687,0.28530384414326726,0.32174859841779757,0.42857142857142855,154,4,0.0,0.8571428571428571,138,3,0.0,0.8571428571428571,159,4,1.0,1.0
5abc19705542993a06baf86e,Black Book starred the actress and writer of what heritage?,ace_packed_160,ace_packed_160,0.2501824053121655,0.24855209723450822,0.24522956177932978,0.3357594288231229,0.6666666666666666,151,3,0.0,0.0,139,3,1.0,1.0,142,3,0.0,0.0
5ae136375542997b2ef7d12f,"what was the birth date of the poker player that wrote ""Super/System""?",chunk_packed_160,chunk_packed_160,0.2722988689988317,0.2664649245352054,0.25629915396211034,0.2654048194565211,0.6666666666666666,156,4,0.0,0.0,159,4,0.0,0.0,157,4,0.0,0.0
5ac3ba0455429939154138f2,Saturn AL-31 is an engine that powers the aircraft produced in what country?,ace_packed_160,ace_packed_160,0.30152745642150447,0.272037666354396,0.29066546495579015,0.3436242153589184,0.42857142857142855,152,3,0.0,0.0,137,4,0.0,0.0,150,4,0.0,0.0
5a7133fa5542994082a3e660,What is the relation between current manager of Chinese club Tianjin Quanjian and Paolo Cannavaro?,chunk_packed_160,ace_packed_160,0.3795509222062382,0.40066244379214233,0.39479781602200215,0.38329120503822645,0.6666666666666666,154,4,0.0,0.0,152,3,0.0,0.0,156,3,0.0,0.0
5a7766b15542993569682d7e,"What was the location of the execution of Roger David Casement, the Irish Nationalist who made made efforts during World War I to gain German military aid for the 1916 Easter Rising that sought to gain Irish independence?",ace_packed_160,chunk_packed_160,0.3361442905378968,0.37790723831591444,0.3547611633440073,0.46529471069545014,0.6666666666666666,116,2,0.0,0.0,125,2,0.0,0.0,125,2,0.0,0.0
5a80a25d5542995d8a8ddfb7,What is the name of the vocalist who collaborated with the rap duo who won the 2002 Grammy Award for Best Rap Performance by a Duo or Group?,ace_packed_160,chunk_packed_160,0.38419213558673615,0.3830868489954865,0.38275609029946633,0.470784740422893,0.42857142857142855,157,3,0.0,0.0,160,3,0.0,0.0,157,4,0.0,0.0
5ab506a05542990594ba9cd6,"Which has more species, Sonerila or Scaevola?",chunk_packed_160,chunk_packed_160,0.28099809814116705,0.283286259300735,0.28490812666378396,0.28164591598251576,0.6666666666666666,144,5,0.0,0.0,157,5,0.0,0.0,158,5,0.0,0.0
5ab60aec554299110f2199c3,What type of writing did both Richard Harding Davis and Harry Stephen Keeler write?,chunk_packed_160,chunk_packed_160,0.2904753767129556,0.28437299436241303,0.29665287875767843,0.3019094193786561,0.6666666666666666,152,4,1.0,1.0,156,4,0.0,0.0,156,4,0.0,0.0
5a74639a55429929fddd8404,Which president of Botswana did Naomi Jacobson immortalize as a statue?,chunk_packed_160,ace_packed_160,0.2932208262004324,0.24294684744851477,0.2881596652242551,0.32204516994813714,0.6666666666666666,158,4,0.0,0.0,152,4,1.0,1.0,152,4,0.0,0.8
5ae0361155429925eb1afc2c,Which  French ace pilot and adventurer fly L'Oiseau Blanc,chunk_packed_160,ace_focused_160,0.3012058716134956,0.3398240683719375,0.32334754359061724,0.31892972833569,1.0,158,4,0.0,0.0,160,3,0.0,0.0,145,3,0.0,0.0
5ae67fad5542991bbc976100,"The Mutlu Onaral album ""Livin' It"" was produced by the bassist for what duo?",chunk_packed_160,ace_focused_160,0.2820807796551069,0.3096230606717967,0.30900718084314804,0.26719836091293003,0.25,151,3,0.0,0.0,158,3,0.0,0.0,143,3,0.0,0.0
5abdc8e755429965af743e3f,"Ist das Ihr Fahrrad Mr O’Brien? is a German biographical radio play about life, works and legacy of an Irish novelist whose many satrical columns were written under what name?",chunk_packed_160,ace_focused_160,0.42380405261320164,0.4865416955078148,0.4579279146998241,0.3771470256134929,0.6666666666666666,160,3,0.0,0.0,142,3,0.0,0.0,132,3,0.0,0.7499999999999999
5ae5f47c5542996de7b71a82,"Which combat technique also known as Wushu Sanda, is the character of Wu Jing trained with in the 2006 Hong Kong martial arts film, written, produced and directed by Dennis Law.",chunk_packed_160,chunk_packed_160,0.320098875960456,0.36196145734386476,0.3470522396892979,0.3177431657367358,1.0,147,2,0.0,0.5,160,2,0.0,0.3333333333333333,160,2,0.0,0.3333333333333333
5ac245015542992f1f2b3829,Who was a Christian Evangelist and US prisoner of war survivor that was the basis for a film directed by Angelina Jolie?,chunk_packed_160,chunk_packed_160,0.30533487515977975,0.329367826950015,0.319184478798318,0.3075997691344001,1.0,160,4,0.0,0.8,160,4,0.0,0.8,160,4,0.0,0.8
5ac439005542995c82c4acf9,where was the 2006 Commonwealth Games that Mmoloki Nogeng won a bronze medal at held?,chunk_packed_160,chunk_packed_160,0.3850077151610166,0.3584872549809369,0.36336669101933583,0.40264697869092725,0.42857142857142855,141,3,1.0,1.0,149,3,1.0,1.0,150,4,1.0,1.0
5a7cad635542996dd594b97f,"Who is older, Tarryl Lynn Clark or Michele Marie Bachmann?",ace_packed_160,ace_packed_160,0.26498135326575456,0.30157317185198274,0.28453436556182027,0.34014881386344936,0.6666666666666666,147,3,0.0,0.0,146,4,0.0,0.0,152,4,0.0,0.0
5ac531ea5542994611c8b419,What team was formed in 1996 that starred players like Robert Parish?,ace_packed_160,ace_focused_160,0.22812720928510652,0.26732058370366274,0.24106415098325762,0.29636158111290356,0.25,147,2,0.0,0.0,150,3,0.0,0.0,143,3,0.0,0.0
5adc99cf554299438c868e0d,What is the middle name of the singer who recorded Would You Like to Take a Walk? with Louis Armstrong in 1951,ace_packed_160,ace_focused_160,0.3237787289522998,0.3418946108885,0.33695412563608906,0.359507699478702,0.42857142857142855,151,4,0.0,0.0,144,4,0.0,0.0,131,3,0.0,0.0
5adec5055542995534e8c707,Mark Newhouse finished 9th in a 2013 series of poker tournaments sponsored by what corporation?,ace_packed_160,chunk_packed_160,0.282632414967192,0.31101027181993074,0.32353273300000873,0.3380788951184585,0.6666666666666666,127,2,1.0,1.0,153,2,1.0,1.0,153,2,1.0,1.0
5a8ad8ed5542992d82986fa3,What was the 2010 population of the town where Bennett Hill Farm is located?,chunk_packed_160,chunk_packed_160,0.2973787387565636,0.2931113113857584,0.29291968127776813,0.3215226512850514,0.25,158,4,0.0,0.0,158,3,0.0,0.0,160,2,0.0,0.0
5a7a0e1e5542990783324e1a,Which dog's ancestors include Gordon and Irish Setters: the Manchester Terrier or the Scotch Collie?,ace_packed_160,ace_packed_160,0.2720856292366036,0.3225389697821591,0.3052143301179416,0.3802200315153026,0.6666666666666666,151,3,1.0,1.0,129,3,1.0,1.0,138,4,1.0,1.0
5ae03cd855429924de1b7072,Were Paul Éluard and Georges Bataille from the same country?,chunk_packed_160,ace_focused_160,0.2814383816303653,0.29286105311308375,0.2756055344082926,0.30735213476244927,0.6666666666666666,158,5,0.0,0.0,160,3,0.0,0.0,146,4,0.0,0.0
5ae4957155429970de88d9bc,Who has the highest scope of profession in Peter Yates or Jang Joon-hwan ,chunk_packed_160,ace_packed_160,0.2817830113427445,0.2615350879849827,0.28542229950875775,0.2756905693037481,0.6666666666666666,139,5,0.0,0.0,129,5,0.0,0.0,129,5,0.0,0.0
5a84992e5542992a431d1a6d,Who owns the hotel where the 13th Anniversary Show took place?,chunk_packed_160,ace_packed_160,0.3053255673319028,0.31901338762500114,0.33230580436300183,0.3275903389636974,0.25,145,3,0.0,0.0,142,4,1.0,1.0,158,4,1.0,1.0
