qid,policy,representation,packer,em,f1,ans_in_context,ans_in_context_soft,gold_token_density,gold_doc_reader_cov,context_tokens,base_recall@5,base_all_gold@5
5aba926f55429901930fa83e,chunk_packed_128,chunk,packed,0.0,0.0,0.0,0.0,0.0,0.0,127.0,0.5,0.0
5ae1fced5542997283cd230e,chunk_packed_128,chunk,packed,1.0,1.0,1.0,1.0,0.0,0.0,120.0,1.0,1.0
5a890b895542995153361278,chunk_packed_128,chunk,packed,0.0,0.0,0.0,0.25,0.0,0.0,111.0,1.0,1.0
5a90b2175542990a984936ae,chunk_packed_128,chunk,packed,1.0,1.0,1.0,1.0,0.5625,1.0,128.0,1.0,1.0
5a881cbb55429938390d3ee7,chunk_packed_128,chunk,packed,0.0,0.0,0.0,0.0,0.3226,0.5,124.0,0.5,0.0
5a764c0b55429976ec32bd89,chunk_packed_128,chunk,packed,0.0,0.1667,1.0,1.0,0.2623,0.5,122.0,1.0,1.0
5ac2da27554299657fa2909f,chunk_packed_128,chunk,packed,0.0,0.0,0.0,0.0,0.4653,0.5,101.0,0.5,0.0
5ac26ac15542992f1f2b38bc,chunk_packed_128,chunk,packed,0.0,0.0,0.0,0.0,0.0,0.0,103.0,0.5,0.0
5a8a521d5542992d82986f15,chunk_packed_128,chunk,packed,0.0,0.3333,0.0,1.0,0.1967,0.5,122.0,1.0,1.0
5ae650fb55429929b0807b2e,chunk_packed_128,chunk,packed,0.0,0.7273,1.0,1.0,0.5433,1.0,127.0,1.0,1.0
5a8bc1b85542997f31a41db8,chunk_packed_128,chunk,packed,1.0,1.0,1.0,1.0,0.6102,1.0,118.0,1.0,1.0
5ab209ec554299722f9b4ca2,chunk_packed_128,chunk,packed,0.0,0.0,0.0,0.2857,0.448,0.5,125.0,0.5,0.0
5a8bb90f5542996e8ac88a02,chunk_packed_128,chunk,packed,0.0,0.0,1.0,1.0,0.1825,0.5,126.0,0.5,0.0
5ac31b0a554299741d48a1f0,chunk_packed_128,chunk,packed,0.0,0.0,0.0,0.0,0.0,0.0,125.0,0.5,0.0
5adf3e355542993a75d26440,chunk_packed_128,chunk,packed,0.0,0.0,0.0,0.0,0.5794,0.5,126.0,1.0,1.0
5abd245555429924427fcf0f,chunk_packed_128,chunk,packed,1.0,1.0,1.0,1.0,0.3613,0.5,119.0,0.5,0.0
5a84b5975542991dd0999da3,chunk_packed_128,chunk,packed,0.0,0.0,1.0,1.0,0.4344,0.5,122.0,1.0,1.0
5a8ba3ff55429971feec4744,chunk_packed_128,chunk,packed,0.0,0.0,0.0,0.8,0.5492,0.5,122.0,1.0,1.0
5a8303c255429954d2e2ec01,chunk_packed_128,chunk,packed,0.0,0.0,0.0,0.3333,0.0,0.0,127.0,0.5,0.0
5a7b374c5542995eb53be8cc,chunk_packed_128,chunk,packed,0.0,0.0,0.0,0.0,0.4016,1.0,122.0,1.0,1.0
5a7b63eb55429931da12ca7e,chunk_packed_128,chunk,packed,0.0,0.0,0.0,0.0,0.32,0.5,125.0,1.0,1.0
5a90492655429933b8a204d8,chunk_packed_128,chunk,packed,0.0,0.0,1.0,1.0,0.3879,0.5,116.0,1.0,1.0
5a8a502b5542996c9b8d5ea6,chunk_packed_128,chunk,packed,0.0,0.0,0.0,0.0,0.2883,0.5,111.0,1.0,1.0
5ae5a4e5554299546bf82f01,chunk_packed_128,chunk,packed,0.0,0.75,1.0,1.0,0.3305,0.5,118.0,1.0,1.0
5a78e3b955429974737f78f1,chunk_packed_128,chunk,packed,1.0,1.0,1.0,1.0,0.6066,1.0,122.0,1.0,1.0
5a85cd295542997175ce202b,chunk_packed_128,chunk,packed,0.0,0.0,0.0,0.0,0.4563,0.5,103.0,0.5,0.0
5add6cf45542992ae4cec55f,chunk_packed_128,chunk,packed,0.0,0.0,0.0,0.0,0.4762,0.5,126.0,0.5,0.0
5a86fde6554299211dda2b7f,chunk_packed_128,chunk,packed,0.0,0.0,0.0,0.0,0.1984,0.5,126.0,0.5,0.0
5a8198565542995ce29dcc13,chunk_packed_128,chunk,packed,0.0,0.0,1.0,1.0,0.3984,0.5,128.0,1.0,1.0
5a79332555429907847277e7,chunk_packed_128,chunk,packed,1.0,1.0,1.0,1.0,0.4365,1.0,126.0,1.0,1.0
5ac31602554299741d48a1bf,chunk_packed_128,chunk,packed,0.0,0.0,0.0,0.0,0.0,0.0,121.0,0.5,0.0
5ae4a2e25542996836b02cee,chunk_packed_128,chunk,packed,0.0,0.0,0.0,0.0,0.5968,1.0,124.0,1.0,1.0
5a8192045542995ce29dcc04,chunk_packed_128,chunk,packed,1.0,1.0,1.0,1.0,0.3058,0.5,121.0,1.0,1.0
5a817d8c55429903bc27b974,chunk_packed_128,chunk,packed,0.0,0.0,1.0,1.0,0.544,1.0,125.0,1.0,1.0
5adf0ae45542992d7e9f9286,chunk_packed_128,chunk,packed,0.0,0.6667,1.0,1.0,0.744,1.0,125.0,1.0,1.0
5a7309a15542992359bc320c,chunk_packed_128,chunk,packed,1.0,1.0,1.0,1.0,0.7018,1.0,114.0,1.0,1.0
5ac54f8d5542993e66e822f5,chunk_packed_128,chunk,packed,0.0,0.5,1.0,1.0,0.5197,1.0,127.0,1.0,1.0
5ae5cf625542996de7b71a22,chunk_packed_128,chunk,packed,0.0,0.8571,1.0,1.0,0.3016,0.5,126.0,1.0,1.0
5ae1d5a3554299234fd04319,chunk_packed_128,chunk,packed,0.0,0.8571,1.0,1.0,0.4952,0.5,105.0,0.5,0.0
5ab6390f5542995eadeeff7a,chunk_packed_128,chunk,packed,0.0,0.0,0.0,0.0,0.5294,0.5,119.0,1.0,1.0
5a7344e95542991f9a20c6ce,chunk_packed_128,chunk,packed,0.0,0.0,0.0,0.0,0.0,0.0,114.0,1.0,1.0
5ac2ed41554299218029db96,chunk_packed_128,chunk,packed,1.0,1.0,0.0,0.0,0.1587,0.5,126.0,1.0,1.0
5ae0536755429924de1b70a6,chunk_packed_128,chunk,packed,0.0,0.0,0.0,0.0,0.128,0.5,125.0,1.0,1.0
5aba7cb455429901930fa7eb,chunk_packed_128,chunk,packed,1.0,1.0,1.0,1.0,1.0,1.0,123.0,1.0,1.0
5ac083b0554299294b21900d,chunk_packed_128,chunk,packed,0.0,0.0,1.0,1.0,0.312,1.0,125.0,1.0,1.0
5a7d1bf65542995ed0d165f0,chunk_packed_128,chunk,packed,1.0,1.0,1.0,1.0,0.424,1.0,125.0,1.0,1.0
5a81a2705542990a1d231e30,chunk_packed_128,chunk,packed,0.0,0.0,1.0,1.0,0.4286,1.0,126.0,1.0,1.0
5a82626655429966c78a6a08,chunk_packed_128,chunk,packed,0.0,0.6667,1.0,1.0,0.6748,0.5,123.0,1.0,1.0
5a88a23f5542997e5c09a652,chunk_packed_128,chunk,packed,0.0,0.0,1.0,1.0,0.87,1.0,100.0,1.0,1.0
5ae518ae5542993aec5ec13c,chunk_packed_128,chunk,packed,0.0,0.0,1.0,1.0,0.3559,0.5,118.0,1.0,1.0
5a8d227a554299585d9e37b1,chunk_packed_128,chunk,packed,0.0,0.0,0.0,0.0,0.3571,0.5,126.0,0.5,0.0
5ae5dae2554299546bf82fa4,chunk_packed_128,chunk,packed,1.0,1.0,1.0,1.0,0.656,1.0,125.0,1.0,1.0
5ac0e0c75542997d64295a6e,chunk_packed_128,chunk,packed,1.0,1.0,1.0,1.0,0.672,0.5,125.0,1.0,1.0
5a8268aa55429940e5e1a8aa,chunk_packed_128,chunk,packed,0.0,0.0,0.0,0.0,0.2286,0.5,105.0,0.5,0.0
5a79c1095542996c55b2dc62,chunk_packed_128,chunk,packed,1.0,1.0,1.0,1.0,0.6505,1.0,103.0,1.0,1.0
5ae18d615542997283cd2229,chunk_packed_128,chunk,packed,1.0,1.0,1.0,1.0,0.0,0.0,112.0,0.5,0.0
5ae0156455429942ec259c15,chunk_packed_128,chunk,packed,0.0,0.0,0.0,0.0,0.4522,0.5,115.0,1.0,1.0
5a876f785542993e715abf42,chunk_packed_128,chunk,packed,0.0,0.0,1.0,1.0,0.6577,1.0,111.0,1.0,1.0
5ae25d2b554299495565da46,chunk_packed_128,chunk,packed,0.0,0.0,0.0,0.0,0.4803,0.5,127.0,1.0,1.0
5a9068f85542990a98493623,chunk_packed_128,chunk,packed,0.0,0.0,0.0,0.0,0.0,0.0,124.0,1.0,1.0
5a772c395542993735360207,chunk_packed_128,chunk,packed,0.0,0.0,0.0,0.3333,0.0,0.0,128.0,0.0,0.0
5a80522b5542996402f6a4c1,chunk_packed_128,chunk,packed,0.0,0.0,1.0,1.0,0.5619,0.5,105.0,1.0,1.0
5add60905542995b365fab1d,chunk_packed_128,chunk,packed,0.0,0.0,0.0,1.0,0.3814,0.5,118.0,1.0,1.0
5a75092b55429916b0164242,chunk_packed_128,chunk,packed,1.0,1.0,1.0,1.0,0.2344,0.5,128.0,0.5,0.0
5adf8ade5542993344016ce8,chunk_packed_128,chunk,packed,1.0,1.0,1.0,1.0,0.736,1.0,125.0,1.0,1.0
5ae25e835542992decbdccd1,chunk_packed_128,chunk,packed,0.0,0.4,0.0,0.4,0.161,0.5,118.0,0.5,0.0
5a8013e45542995d8a8ddf41,chunk_packed_128,chunk,packed,1.0,1.0,1.0,1.0,0.3543,0.5,127.0,1.0,1.0
5a871a5e5542996432c5721e,chunk_packed_128,chunk,packed,0.0,0.0,0.0,0.0,0.0,0.0,123.0,1.0,1.0
5ae0c9dd5542993d6555ec69,chunk_packed_128,chunk,packed,0.0,0.0,0.0,0.0,0.4113,0.5,124.0,1.0,1.0
5abd8c295542992ac4f382ab,chunk_packed_128,chunk,packed,0.0,0.0,0.0,0.0,0.2844,0.5,109.0,1.0,1.0
5a8b8b3a5542995d1e6f13e5,chunk_packed_128,chunk,packed,0.0,0.0,0.0,0.0,0.3171,0.5,123.0,0.5,0.0
5ae6363b55429929b0807af0,chunk_packed_128,chunk,packed,0.0,0.0,0.0,0.0,0.3107,0.5,103.0,0.5,0.0
5ac0b8395542996f0d89cc21,chunk_packed_128,chunk,packed,1.0,1.0,1.0,1.0,0.4464,0.5,112.0,0.5,0.0
5adf3e835542993a75d26442,chunk_packed_128,chunk,packed,0.0,0.0,1.0,1.0,0.3504,0.5,117.0,1.0,1.0
5a731a635542994cef4bc458,chunk_packed_128,chunk,packed,0.0,0.0,0.0,0.0,0.0,0.0,124.0,0.5,0.0
5adcc90c5542990d50227d1b,chunk_packed_128,chunk,packed,1.0,1.0,1.0,1.0,0.5702,0.5,121.0,0.5,0.0
5ae402085542995dadf242ca,chunk_packed_128,chunk,packed,0.0,0.0,1.0,1.0,0.2937,0.5,126.0,1.0,1.0
5a81d19b55429926c1cdad90,chunk_packed_128,chunk,packed,0.0,0.6667,1.0,1.0,0.6116,1.0,121.0,1.0,1.0
5a77174f55429966f1a36c4c,chunk_packed_128,chunk,packed,0.0,0.0,0.0,0.0,0.0,0.0,117.0,0.5,0.0
5a79395455429970f5fffe7d,chunk_packed_128,chunk,packed,0.0,0.0,1.0,1.0,0.0,0.0,110.0,1.0,1.0
5a886886554299206df2b258,chunk_packed_128,chunk,packed,0.0,0.2857,1.0,1.0,0.4224,0.5,116.0,1.0,1.0
5adfb10855429942ec259af9,chunk_packed_128,chunk,packed,1.0,1.0,1.0,1.0,0.3802,1.0,121.0,1.0,1.0
5ae0d7315542990adbacf678,chunk_packed_128,chunk,packed,1.0,1.0,1.0,1.0,0.6126,1.0,111.0,1.0,1.0
5a790f5e55429970f5fffe40,chunk_packed_128,chunk,packed,1.0,1.0,1.0,1.0,1.0,1.0,125.0,1.0,1.0
5ae1b2b9554299422ee99684,chunk_packed_128,chunk,packed,0.0,0.0,0.0,0.0,0.0,0.0,127.0,0.0,0.0
5a792ad055429907847277d1,chunk_packed_128,chunk,packed,0.0,0.3333,1.0,1.0,1.0,1.0,112.0,1.0,1.0
5a8ce851554299441c6b9f6c,chunk_packed_128,chunk,packed,0.0,0.0,0.0,0.3333,0.5455,0.5,121.0,0.5,0.0
5add67915542992200553af8,chunk_packed_128,chunk,packed,1.0,1.0,1.0,1.0,0.5676,0.5,111.0,1.0,1.0
5ab90fdd55429916710eb0fc,chunk_packed_128,chunk,packed,1.0,1.0,1.0,1.0,0.5085,1.0,118.0,1.0,1.0
5ae55b8255429908b63265ef,chunk_packed_128,chunk,packed,1.0,1.0,1.0,1.0,0.6226,0.5,106.0,1.0,1.0
5ac213805542992f1f2b37e7,chunk_packed_128,chunk,packed,0.0,0.0,1.0,1.0,0.2984,0.5,124.0,1.0,1.0
5adce88b5542992c1e3a249a,chunk_packed_128,chunk,packed,0.0,0.0,0.0,0.0,0.3496,0.5,123.0,0.5,0.0
5ac403c45542997ea680c9b5,chunk_packed_128,chunk,packed,0.0,0.0,0.0,0.0,0.4,0.5,85.0,0.5,0.0
5adcd2435542992c1e3a241b,chunk_packed_128,chunk,packed,1.0,1.0,0.0,1.0,1.0,1.0,102.0,1.0,1.0
5a8078d85542995d8a8ddf78,chunk_packed_128,chunk,packed,1.0,1.0,1.0,1.0,0.2564,0.5,117.0,1.0,1.0
5a85dfcc5542994775f60673,chunk_packed_128,chunk,packed,0.0,0.0,0.0,0.5,0.6,1.0,125.0,1.0,1.0
5abd1b6e55429933744ab729,chunk_packed_128,chunk,packed,1.0,1.0,1.0,1.0,0.5574,1.0,122.0,1.0,1.0
5ae33a3b5542992f92d8224a,chunk_packed_128,chunk,packed,0.0,0.0,1.0,1.0,0.4583,0.5,96.0,1.0,1.0
5a899bf955429946c8d6e959,chunk_packed_128,chunk,packed,1.0,1.0,1.0,1.0,0.4609,0.5,115.0,1.0,1.0
5a78bd515542990784727749,chunk_packed_128,chunk,packed,1.0,1.0,1.0,1.0,0.3838,0.5,99.0,0.5,0.0
5a8f155e554299458435d54c,chunk_packed_128,chunk,packed,0.0,0.0,0.0,0.2,0.5738,0.5,122.0,1.0,1.0
5a7bd25a554299294a54ab13,chunk_packed_128,chunk,packed,0.0,0.0,0.0,0.0,0.1322,0.5,121.0,1.0,1.0
5ac458f8554299204fd21f2a,chunk_packed_128,chunk,packed,1.0,1.0,1.0,1.0,1.0,1.0,104.0,1.0,1.0
5a801f215542992bc0c4a6b2,chunk_packed_128,chunk,packed,0.0,0.0,0.0,0.6667,0.5263,0.5,95.0,1.0,1.0
5a8b91d25542995d1e6f13fc,chunk_packed_128,chunk,packed,0.0,0.8,1.0,1.0,0.3333,1.0,120.0,1.0,1.0
5a863ff0554299211dda2ac6,chunk_packed_128,chunk,packed,0.0,0.0,0.0,0.0,0.3707,0.5,116.0,1.0,1.0
5a80abec5542996402f6a5e1,chunk_packed_128,chunk,packed,1.0,1.0,1.0,1.0,0.7008,1.0,127.0,1.0,1.0
5a734acf5542991f9a20c6ec,chunk_packed_128,chunk,packed,0.0,0.0,0.0,0.3333,0.7586,1.0,116.0,1.0,1.0
5a7647b85542992d0ec0608a,chunk_packed_128,chunk,packed,1.0,1.0,1.0,1.0,0.5429,0.5,105.0,1.0,1.0
5abc8d00554299700f9d78fd,chunk_packed_128,chunk,packed,1.0,1.0,1.0,1.0,0.4016,0.5,127.0,1.0,1.0
5a8089dc5542992bc0c4a765,chunk_packed_128,chunk,packed,0.0,0.0,1.0,1.0,1.0,1.0,111.0,1.0,1.0
5a8ab6be5542992d82986f5f,chunk_packed_128,chunk,packed,0.0,0.0,0.0,0.0,0.3545,0.5,110.0,1.0,1.0
5a72429355429971e9dc9375,chunk_packed_128,chunk,packed,1.0,1.0,1.0,1.0,0.1471,0.5,102.0,0.5,0.0
5ac4f2e755429924173fb503,chunk_packed_128,chunk,packed,0.0,0.6667,0.0,0.6667,0.3248,0.5,117.0,1.0,1.0
5ab6ecd85542991d322236cf,chunk_packed_128,chunk,packed,1.0,1.0,1.0,1.0,0.5702,1.0,121.0,1.0,1.0
5adf85e05542993344016cba,chunk_packed_128,chunk,packed,1.0,1.0,1.0,1.0,0.4561,0.5,114.0,1.0,1.0
5a7455eb55429979e2882908,chunk_packed_128,chunk,packed,0.0,0.4,0.0,1.0,0.4762,0.5,105.0,1.0,1.0
5ac385f8554299741d48a279,chunk_packed_128,chunk,packed,0.0,0.0,0.0,0.0,0.5447,0.5,123.0,1.0,1.0
5ac0a18a5542992a796ded41,chunk_packed_128,chunk,packed,0.0,0.0,0.0,0.0,0.0,0.0,112.0,0.5,0.0
5ae3606b5542991a06ce99a8,chunk_packed_128,chunk,packed,0.0,0.0,0.0,0.0,0.4836,0.5,122.0,1.0,1.0
5a71231a5542994082a3e5c4,chunk_packed_128,chunk,packed,1.0,1.0,1.0,1.0,0.5566,1.0,106.0,1.0,1.0
5a7d19d85542995ed0d165e8,chunk_packed_128,chunk,packed,0.0,0.0,0.0,0.0,0.6667,0.5,126.0,1.0,1.0
5ae791245542997b22f6a7a3,chunk_packed_128,chunk,packed,0.0,0.0,0.0,0.0,0.0,0.0,120.0,1.0,1.0
5a7d2afb554299452d57bb41,chunk_packed_128,chunk,packed,1.0,1.0,1.0,1.0,0.7719,1.0,114.0,1.0,1.0
5abcfa6f5542993a06baf9c7,chunk_packed_128,chunk,packed,1.0,1.0,1.0,1.0,0.5935,1.0,123.0,1.0,1.0
5a7c00a55542996dd594b87e,chunk_packed_128,chunk,packed,1.0,1.0,1.0,1.0,0.8291,1.0,117.0,1.0,1.0
5ae64ba755429929b0807b25,chunk_packed_128,chunk,packed,0.0,0.0,0.0,0.0,0.0,0.0,127.0,0.5,0.0
5adfc11e55429942ec259b3a,chunk_packed_128,chunk,packed,0.0,0.0,1.0,1.0,0.672,1.0,125.0,1.0,1.0
5ab596d95542992aa134a371,chunk_packed_128,chunk,packed,0.0,0.0,1.0,1.0,0.4426,0.5,122.0,1.0,1.0
5ae206c45542994d89d5b311,chunk_packed_128,chunk,packed,0.0,0.0,1.0,1.0,0.7063,1.0,126.0,1.0,1.0
5ae544d75542990ba0bbb249,chunk_packed_128,chunk,packed,1.0,1.0,1.0,1.0,0.562,1.0,121.0,1.0,1.0
5abbb116554299642a094b1d,chunk_packed_128,chunk,packed,1.0,1.0,1.0,1.0,0.6842,1.0,114.0,1.0,1.0
5a7759fc5542993569682d60,chunk_packed_128,chunk,packed,0.0,0.0,1.0,1.0,0.5636,1.0,110.0,1.0,1.0
5a7b89a3554299294a54a9e3,chunk_packed_128,chunk,packed,0.0,0.0,0.0,0.0,0.0,0.0,122.0,0.5,0.0
5a8a09ff5542992d82986e6b,chunk_packed_128,chunk,packed,0.0,0.0,0.0,0.0,0.0,0.0,128.0,0.5,0.0
5ade747555429939a52fe8c5,chunk_packed_128,chunk,packed,0.0,0.0,1.0,1.0,0.5512,1.0,127.0,1.0,1.0
5ab808b85542991d3222380d,chunk_packed_128,chunk,packed,0.0,0.0,0.0,0.3333,0.0,0.0,98.0,0.5,0.0
5ae5be475542990ba0bbb2c6,chunk_packed_128,chunk,packed,1.0,1.0,1.0,1.0,0.7188,1.0,128.0,1.0,1.0
5a88ba465542993e715ac089,chunk_packed_128,chunk,packed,0.0,0.0,0.0,0.0,0.0,0.0,107.0,1.0,1.0
5ab2c6d955429916697740c3,chunk_packed_128,chunk,packed,0.0,0.0,0.0,0.0,0.419,0.5,105.0,1.0,1.0
5a7c762d55429935c91b51c7,chunk_packed_128,chunk,packed,0.0,0.0,0.0,0.0,0.0,0.0,127.0,0.5,0.0
5ac325495542995ef918c12e,chunk_packed_128,chunk,packed,0.0,0.6667,1.0,1.0,0.2564,0.5,117.0,0.5,0.0
5a8a833855429970aeb702fe,chunk_packed_128,chunk,packed,0.0,0.0,0.0,0.0,0.3689,0.5,122.0,0.5,0.0
5a8c7057554299653c1aa066,chunk_packed_128,chunk,packed,0.0,0.6667,1.0,1.0,0.5152,0.5,99.0,1.0,1.0
5ae733dc5542991e8301cbd1,chunk_packed_128,chunk,packed,0.0,0.6667,1.0,1.0,0.575,0.5,120.0,1.0,1.0
5a86ec9f55429960ec39b6d7,chunk_packed_128,chunk,packed,1.0,1.0,0.0,0.0,0.2589,0.5,112.0,1.0,1.0
5ac3a0b25542993915413838,chunk_packed_128,chunk,packed,1.0,1.0,1.0,1.0,1.0,1.0,122.0,1.0,1.0
5adfd30c55429906c02daa53,chunk_packed_128,chunk,packed,0.0,0.0,0.0,0.0,0.5403,0.5,124.0,1.0,1.0
5a88f7bf5542997e5c09a6dd,chunk_packed_128,chunk,packed,0.0,0.0,1.0,1.0,0.24,0.5,125.0,1.0,1.0
5adfa22655429942ec259ac4,chunk_packed_128,chunk,packed,1.0,1.0,1.0,1.0,1.0,1.0,96.0,1.0,1.0
5ac31a73554299741d48a1e9,chunk_packed_128,chunk,packed,1.0,1.0,1.0,1.0,0.376,0.5,125.0,1.0,1.0
5a72634d5542997f82783994,chunk_packed_128,chunk,packed,1.0,1.0,1.0,1.0,0.6034,1.0,116.0,1.0,1.0
5a85ea095542994775f606a8,chunk_packed_128,chunk,packed,1.0,1.0,1.0,1.0,0.2453,0.5,106.0,0.5,0.0
5a81e8ea5542995ce29dcc73,chunk_packed_128,chunk,packed,1.0,1.0,1.0,1.0,0.3559,0.5,118.0,1.0,1.0
5ab2082f554299722f9b4c9f,chunk_packed_128,chunk,packed,0.0,0.0,0.0,0.0,0.0,0.0,121.0,1.0,1.0
5a7eb22655429930675135cb,chunk_packed_128,chunk,packed,0.0,0.0,1.0,1.0,0.621,0.5,124.0,0.5,0.0
5a79cabc5542994f819ef0a1,chunk_packed_128,chunk,packed,1.0,1.0,1.0,1.0,0.392,0.5,125.0,1.0,1.0
5add6f975542992200553b18,chunk_packed_128,chunk,packed,0.0,0.0,0.0,0.0,0.4531,0.5,128.0,1.0,1.0
5a74879255429974ef308c1d,chunk_packed_128,chunk,packed,0.0,0.0,1.0,1.0,0.2895,0.5,114.0,1.0,1.0
5a8ccea555429941ae14deeb,chunk_packed_128,chunk,packed,0.0,0.0,0.0,0.0,0.0,0.0,125.0,0.5,0.0
5a8b56d655429949d91db557,chunk_packed_128,chunk,packed,0.0,0.6667,1.0,1.0,0.5182,0.5,110.0,1.0,1.0
5adc2b6255429947ff173901,chunk_packed_128,chunk,packed,0.0,0.0,0.0,0.0,0.5323,0.5,124.0,0.5,0.0
5ac440385542997ea680ca4e,chunk_packed_128,chunk,packed,1.0,1.0,1.0,1.0,0.3984,1.0,123.0,1.0,1.0
5a846da0554299334474611e,chunk_packed_128,chunk,packed,1.0,1.0,0.0,0.3333,0.4609,1.0,128.0,1.0,1.0
5a7354d55542994cef4bc55a,chunk_packed_128,chunk,packed,1.0,1.0,1.0,1.0,0.2441,0.5,127.0,1.0,1.0
5ac3a76e554299741d48a2be,chunk_packed_128,chunk,packed,1.0,1.0,0.0,0.0,1.0,1.0,110.0,1.0,1.0
5a8740ee5542994846c1cd35,chunk_packed_128,chunk,packed,0.0,0.8,1.0,1.0,0.561,1.0,123.0,1.0,1.0
5a7c96765542990527d554d8,chunk_packed_128,chunk,packed,0.0,0.0,1.0,1.0,0.2258,0.5,124.0,1.0,1.0
5aba85335542994dbf01992d,chunk_packed_128,chunk,packed,0.0,0.0,0.0,0.0,0.2598,0.5,127.0,1.0,1.0
5a849c1b5542997175ce1ef9,chunk_packed_128,chunk,packed,0.0,0.6667,1.0,1.0,0.3594,1.0,128.0,1.0,1.0
5ab9b7d555429970cfb8eb7a,chunk_packed_128,chunk,packed,0.0,0.0,0.0,0.0,0.0,0.0,122.0,0.5,0.0
5ac3e22d5542997ea680c976,chunk_packed_128,chunk,packed,1.0,1.0,1.0,1.0,0.2773,0.5,119.0,1.0,1.0
5aba768c55429901930fa7e0,chunk_packed_128,chunk,packed,0.0,0.0,1.0,1.0,0.6371,0.5,124.0,0.5,0.0
5addb1515542995b365fab60,chunk_packed_128,chunk,packed,1.0,1.0,1.0,1.0,1.0,1.0,119.0,1.0,1.0
5abe689a55429976d4830b16,chunk_packed_128,chunk,packed,0.0,0.4444,1.0,1.0,0.3,0.5,120.0,1.0,1.0
5aded1595542995ec70e8f29,chunk_packed_128,chunk,packed,0.0,0.0,0.0,0.0,0.7087,1.0,103.0,1.0,1.0
5ab89cc25542991b5579efc3,chunk_packed_128,chunk,packed,0.0,0.0,0.0,0.25,0.4237,0.5,118.0,0.5,0.0
5abe84a95542991f6610619b,chunk_packed_128,chunk,packed,0.0,0.6667,1.0,1.0,0.4444,0.5,126.0,1.0,1.0
5add10ca5542994ed6169c59,chunk_packed_128,chunk,packed,0.0,0.0,0.0,0.0,0.6378,1.0,127.0,1.0,1.0
5a8849ac5542996e4f308932,chunk_packed_128,chunk,packed,0.0,0.6667,1.0,1.0,0.3162,0.5,117.0,0.5,0.0
5ae0335655429925eb1afc28,chunk_packed_128,chunk,packed,0.0,0.0,1.0,1.0,0.2593,0.5,108.0,1.0,1.0
5a7f6fd75542992e7d278cfa,chunk_packed_128,chunk,packed,1.0,1.0,1.0,1.0,0.746,1.0,126.0,1.0,1.0
5ade8bd955429975fa854f04,chunk_packed_128,chunk,packed,1.0,1.0,1.0,1.0,0.4917,0.5,120.0,1.0,1.0
5a7fb6625542994857a767cc,chunk_packed_128,chunk,packed,0.0,0.2857,0.0,0.4,0.0,0.0,108.0,1.0,1.0
5a7912f655429974737f796c,chunk_packed_128,chunk,packed,0.0,0.0,0.0,0.0,0.0,0.0,120.0,0.5,0.0
5ab868e755429919ba4e22e3,chunk_packed_128,chunk,packed,0.0,0.8571,1.0,1.0,1.0,1.0,89.0,1.0,1.0
5ae1af14554299234fd042c4,chunk_packed_128,chunk,packed,0.0,0.0,0.0,0.0,0.416,1.0,125.0,1.0,1.0
5ab3c53955429969a97a81b9,chunk_packed_128,chunk,packed,0.0,0.0,0.0,0.0,0.0,0.0,117.0,0.5,0.0
5abe03635542991f661060a5,chunk_packed_128,chunk,packed,0.0,0.0,0.0,0.0,0.5556,0.5,126.0,1.0,1.0
5adc396155429944faac2479,chunk_packed_128,chunk,packed,1.0,1.0,0.0,0.0,0.3858,1.0,127.0,1.0,1.0
5ac42f42554299076e296d88,chunk_packed_128,chunk,packed,0.0,0.8,1.0,1.0,0.4609,0.5,115.0,1.0,1.0
5aba5c625542994dbf0198f2,chunk_packed_128,chunk,packed,0.0,0.0,1.0,1.0,0.2807,0.5,114.0,1.0,1.0
5a8ee7c95542990e94052bb1,chunk_packed_128,chunk,packed,0.0,0.0,0.0,0.0,0.31,0.5,100.0,0.5,0.0
5a7b3a2455429927d897bf5c,chunk_packed_128,chunk,packed,1.0,1.0,1.0,1.0,0.4754,1.0,122.0,1.0,1.0
5a7f7c285542994857a76746,chunk_packed_128,chunk,packed,1.0,1.0,1.0,1.0,0.6,0.5,115.0,1.0,1.0
5ae2ce505542996483e64a72,chunk_packed_128,chunk,packed,0.0,0.0,0.0,0.0,0.0,0.0,104.0,0.5,0.0
5ab8b02d5542991b5579efdb,chunk_packed_128,chunk,packed,1.0,1.0,0.0,0.0,0.6935,1.0,124.0,1.0,1.0
5ac50bca55429924173fb57f,chunk_packed_128,chunk,packed,0.0,0.0,0.0,0.0,0.2992,0.5,127.0,0.5,0.0
5a78fe8155429970f5fffe11,chunk_packed_128,chunk,packed,1.0,1.0,1.0,1.0,0.2,0.5,100.0,1.0,1.0
5ab2383155429970612095c1,chunk_packed_128,chunk,packed,0.0,0.0,0.0,0.0,0.438,0.5,121.0,1.0,1.0
5abd7d0c55429924427fd010,chunk_packed_128,chunk,packed,1.0,1.0,1.0,1.0,0.2984,1.0,124.0,1.0,1.0
5ac1a04e5542991316484b63,chunk_packed_128,chunk,packed,1.0,1.0,0.0,0.0,0.1393,0.5,122.0,1.0,1.0
5a75e06155429976ec32bc60,chunk_packed_128,chunk,packed,0.0,0.0,0.0,0.0,0.3025,0.5,119.0,1.0,1.0
5ae564a155429960a22e02e4,chunk_packed_128,chunk,packed,0.0,0.0,0.0,0.0,0.463,0.5,108.0,1.0,1.0
5a7d2afd5542995f4f402221,chunk_packed_128,chunk,packed,1.0,1.0,1.0,1.0,0.6814,1.0,113.0,1.0,1.0
5ac258cc554299636651998e,chunk_packed_128,chunk,packed,1.0,1.0,1.0,1.0,0.8261,1.0,115.0,1.0,1.0
5a8a573355429970aeb7029a,chunk_packed_128,chunk,packed,0.0,0.0,0.0,0.4,0.1786,0.5,112.0,1.0,1.0
5a8f799d55429918e830d22d,chunk_packed_128,chunk,packed,0.0,0.0,1.0,1.0,0.5794,0.5,126.0,1.0,1.0
5ac4f04e5542995c82c4ad81,chunk_packed_128,chunk,packed,0.0,0.8571,0.0,1.0,0.56,1.0,125.0,1.0,1.0
5ac00278554299012d1db56b,chunk_packed_128,chunk,packed,0.0,0.6667,1.0,1.0,0.5366,1.0,123.0,1.0,1.0
5a78bc6b554299148911f979,chunk_packed_128,chunk,packed,0.0,0.0,1.0,1.0,0.3644,1.0,118.0,1.0,1.0
5a8d6d4e554299441c6b9fdb,chunk_packed_128,chunk,packed,0.0,0.5,1.0,1.0,0.384,0.5,125.0,1.0,1.0
5add23d05542994734353871,chunk_packed_128,chunk,packed,0.0,0.0,1.0,1.0,0.371,0.5,124.0,1.0,1.0
5a7ca33f5542990527d554ee,chunk_packed_128,chunk,packed,1.0,1.0,1.0,1.0,0.5476,1.0,126.0,1.0,1.0
5ae5c8cf554299546bf82f5f,chunk_packed_128,chunk,packed,1.0,1.0,1.0,1.0,0.4737,1.0,114.0,1.0,1.0
5a81df4b55429903bc27b9f8,chunk_packed_128,chunk,packed,0.0,0.5,1.0,1.0,0.3607,1.0,122.0,1.0,1.0
5ab4341c55429942dd415ede,chunk_packed_128,chunk,packed,0.0,0.4,1.0,1.0,0.4364,0.5,110.0,1.0,1.0
5a7fa0d55542995d8a8dded3,chunk_packed_128,chunk,packed,0.0,0.0,1.0,1.0,1.0,1.0,117.0,1.0,1.0
5ab7f22a5542991d322237d4,chunk_packed_128,chunk,packed,0.0,0.0,0.0,0.1429,0.0,0.0,125.0,0.5,0.0
5a84c5545542991dd0999dee,chunk_packed_128,chunk,packed,0.0,0.0,0.0,0.0,0.664,0.5,125.0,0.5,0.0
5aba454855429901930fa794,chunk_packed_128,chunk,packed,0.0,0.0,0.0,0.0,0.4062,0.5,128.0,0.5,0.0
5a85d4ad5542997175ce2050,chunk_packed_128,chunk,packed,1.0,1.0,1.0,1.0,0.7431,0.5,109.0,1.0,1.0
5a74d92555429929fddd84fa,chunk_packed_128,chunk,packed,1.0,1.0,1.0,1.0,0.5405,0.5,111.0,1.0,1.0
5ae64b1d55429929b0807b24,chunk_packed_128,chunk,packed,0.0,0.0,0.0,0.3333,0.4365,0.5,126.0,1.0,1.0
5ab9dd4c554299232ef4a22f,chunk_packed_128,chunk,packed,0.0,0.8,0.0,0.6667,0.3782,0.5,119.0,1.0,1.0
5ab7bf3f5542991d322237a8,chunk_packed_128,chunk,packed,1.0,1.0,1.0,1.0,0.5798,1.0,119.0,1.0,1.0
5a721dfd55429971e9dc928b,chunk_packed_128,chunk,packed,0.0,0.4,1.0,1.0,0.4696,0.5,115.0,1.0,1.0
5a87bd4e5542996432c57279,chunk_packed_128,chunk,packed,0.0,0.0,1.0,1.0,0.4472,0.5,123.0,1.0,1.0
5a87081755429960ec39b6fe,chunk_packed_128,chunk,packed,0.0,0.0,0.0,0.0,0.7364,0.5,110.0,1.0,1.0
5ae0e0125542993d6555ec79,chunk_packed_128,chunk,packed,0.0,0.6667,1.0,1.0,1.0,1.0,123.0,1.0,1.0
5ae409d955429970de88d89d,chunk_packed_128,chunk,packed,0.0,0.0,0.0,0.6667,0.4068,0.5,118.0,1.0,1.0
5ac270025542990b17b15390,chunk_packed_128,chunk,packed,0.0,0.0,0.0,0.0,0.0,0.0,103.0,0.5,0.0
5adc459255429944faac24ad,chunk_packed_128,chunk,packed,0.0,0.0,0.0,0.0,0.5798,0.5,119.0,1.0,1.0
5ade1c9e55429939a52fe822,chunk_packed_128,chunk,packed,0.0,0.0,0.0,0.0,0.562,0.5,121.0,1.0,1.0
5ac270e05542992f1f2b38c9,chunk_packed_128,chunk,packed,1.0,1.0,1.0,1.0,0.624,1.0,125.0,1.0,1.0
5a7363465542991f29ee2dd5,chunk_packed_128,chunk,packed,1.0,1.0,1.0,1.0,0.5217,1.0,115.0,1.0,1.0
5add43335542995b365faae1,chunk_packed_128,chunk,packed,0.0,0.0,0.0,0.0,0.0,0.0,127.0,0.5,0.0
5ae67dba55429908198fa5f0,chunk_packed_128,chunk,packed,0.0,0.0,0.0,0.0,0.4297,0.5,128.0,0.5,0.0
5a8a6b625542996c9b8d5ed9,chunk_packed_128,chunk,packed,0.0,0.0,0.0,0.0,0.2266,0.5,128.0,0.5,0.0
5ade86b255429939a52fe8e0,chunk_packed_128,chunk,packed,0.0,0.6667,0.0,0.5,1.0,1.0,107.0,1.0,1.0
5ac007cc5542996f0d89cb0b,chunk_packed_128,chunk,packed,0.0,0.5,0.0,0.3333,0.0,0.0,124.0,1.0,1.0
5adea9ea55429939a52fe934,chunk_packed_128,chunk,packed,0.0,0.0,0.0,0.0,0.4,0.5,80.0,1.0,1.0
5a8393665542990548d0b1ea,chunk_packed_128,chunk,packed,1.0,1.0,0.0,0.0,0.3276,0.5,116.0,0.5,0.0
5ae3fd2c5542995dadf2428f,chunk_packed_128,chunk,packed,0.0,0.0,0.0,0.0,0.5039,1.0,127.0,1.0,1.0
5ab2b630554299545a2cfa17,chunk_packed_128,chunk,packed,0.0,0.0,0.0,0.0,0.4087,0.5,115.0,1.0,1.0
5a7aa5e75542992d025e66d9,chunk_packed_128,chunk,packed,0.0,0.0,1.0,1.0,0.7656,1.0,128.0,1.0,1.0
5abe34095542993f32c2a088,chunk_packed_128,chunk,packed,0.0,0.8,1.0,1.0,0.3684,0.5,114.0,1.0,1.0
5ac373195542995ef918c199,chunk_packed_128,chunk,packed,0.0,0.0,0.0,0.0,0.0,0.0,125.0,0.5,0.0
5a82bb3c55429966c78a6a86,chunk_packed_128,chunk,packed,0.0,0.0,0.0,0.3333,0.4216,0.5,102.0,1.0,1.0
5a8080365542992097ad2fed,chunk_packed_128,chunk,packed,0.0,0.6667,0.0,0.5,1.0,1.0,115.0,1.0,1.0
5a8f8e4d55429918e830d260,chunk_packed_128,chunk,packed,0.0,0.0,0.0,0.1667,0.192,0.5,125.0,1.0,1.0
5ac3bff15542995ef918c213,chunk_packed_128,chunk,packed,0.0,0.5,0.0,0.4286,0.2793,0.5,111.0,1.0,1.0
5a7456ec55429979e288290f,chunk_packed_128,chunk,packed,0.0,0.0,1.0,1.0,0.5263,0.5,114.0,1.0,1.0
5a8f1adc554299458435d577,chunk_packed_128,chunk,packed,0.0,0.0,0.0,0.6667,0.5234,1.0,128.0,1.0,1.0
5ac29da5554299218029dac3,chunk_packed_128,chunk,packed,1.0,1.0,1.0,1.0,0.5887,1.0,124.0,1.0,1.0
5ae0d52e554299603e418469,chunk_packed_128,chunk,packed,0.0,0.0,0.0,0.5,0.3879,0.5,116.0,0.5,0.0
5a80b52f554299485f5986d6,chunk_packed_128,chunk,packed,0.0,0.8,1.0,1.0,0.6379,1.0,116.0,1.0,1.0
5a807b44554299485f59860a,chunk_packed_128,chunk,packed,1.0,1.0,1.0,1.0,1.0,1.0,128.0,1.0,1.0
5a74ce9655429974ef308c6c,chunk_packed_128,chunk,packed,0.0,0.0,0.0,0.0,0.0,0.0,127.0,1.0,1.0
5a776a7055429966f1a36d32,chunk_packed_128,chunk,packed,0.0,0.0,1.0,1.0,0.4127,0.5,126.0,0.5,0.0
5ac13f425542991316484a96,chunk_packed_128,chunk,packed,0.0,0.2857,1.0,1.0,0.4615,0.5,117.0,1.0,1.0
5a74547755429979e2882900,chunk_packed_128,chunk,packed,0.0,0.8571,0.0,0.75,0.3306,0.5,124.0,0.5,0.0
5a7d72bb5542990b8f50398e,chunk_packed_128,chunk,packed,0.0,0.4444,1.0,1.0,0.6748,1.0,123.0,1.0,1.0
5abdb8ba5542993f32c2a015,chunk_packed_128,chunk,packed,0.0,0.0,1.0,1.0,0.685,1.0,127.0,1.0,1.0
5a75da235542992db94736f9,chunk_packed_128,chunk,packed,0.0,0.0,0.0,0.5,0.3175,0.5,126.0,1.0,1.0
5adcf48e5542992c1e3a24d4,chunk_packed_128,chunk,packed,0.0,0.0,1.0,1.0,0.5391,1.0,115.0,1.0,1.0
5ac3d1d9554299204fd21e8a,chunk_packed_128,chunk,packed,0.0,0.0,0.0,0.0,0.5,0.5,112.0,1.0,1.0
5a8dafbd554299068b959da0,chunk_packed_128,chunk,packed,0.0,0.0,0.0,0.0,0.0,0.0,121.0,0.0,0.0
5a8eb4d65542990e94052b82,chunk_packed_128,chunk,packed,1.0,1.0,1.0,1.0,0.5593,1.0,118.0,1.0,1.0
5a8f55f9554299458435d5bd,chunk_packed_128,chunk,packed,0.0,0.0,1.0,1.0,0.6378,0.5,127.0,1.0,1.0
5ac1846d55429964131be20b,chunk_packed_128,chunk,packed,0.0,0.6667,0.0,0.0,0.2143,0.5,126.0,0.5,0.0
5a9073405542995b442420bb,chunk_packed_128,chunk,packed,0.0,0.6667,1.0,1.0,1.0,1.0,113.0,1.0,1.0
5ade9c9c5542997c77adee8c,chunk_packed_128,chunk,packed,0.0,0.0,1.0,1.0,0.6186,0.5,118.0,0.5,0.0
5ae151985542990adbacf74d,chunk_packed_128,chunk,packed,1.0,1.0,1.0,1.0,0.0,0.0,106.0,1.0,1.0
5ac1436f5542991316484aad,chunk_packed_128,chunk,packed,0.0,0.0,0.0,0.3333,0.0,0.0,118.0,1.0,1.0
5ae269955542992decbdccf3,chunk_packed_128,chunk,packed,0.0,0.0,0.0,0.25,0.375,0.5,128.0,0.5,0.0
5a803d695542996402f6a494,chunk_packed_128,chunk,packed,0.0,0.0,1.0,1.0,0.3307,1.0,127.0,1.0,1.0
5a7b493855429931da12ca58,chunk_packed_128,chunk,packed,0.0,0.0,0.0,0.0,0.0,0.0,112.0,1.0,1.0
5a78d16455429974737f78bb,chunk_packed_128,chunk,packed,0.0,0.8,1.0,1.0,0.459,1.0,122.0,1.0,1.0
5ae78f3b554299540e5a5608,chunk_packed_128,chunk,packed,0.0,0.0,1.0,1.0,0.6797,1.0,128.0,1.0,1.0
5a80c79155429938b61421da,chunk_packed_128,chunk,packed,1.0,1.0,1.0,1.0,0.6484,1.0,128.0,1.0,1.0
5a7100435542994082a3e4a3,chunk_packed_128,chunk,packed,0.0,0.0,0.0,0.4,0.7165,1.0,127.0,1.0,1.0
5a8f08c2554299458435d531,chunk_packed_128,chunk,packed,1.0,1.0,1.0,1.0,0.9355,1.0,124.0,1.0,1.0
5adca8215542994ed6169bbc,chunk_packed_128,chunk,packed,0.0,0.4,0.0,0.3333,0.3651,0.5,126.0,0.5,0.0
5add6b595542992200553b0c,chunk_packed_128,chunk,packed,0.0,0.0,0.0,0.0,0.0,0.0,124.0,0.5,0.0
5a8ef2a75542995a26add583,chunk_packed_128,chunk,packed,0.0,0.0,0.0,0.0,0.5556,1.0,117.0,1.0,1.0
5a74684655429929fddd8410,chunk_packed_128,chunk,packed,0.0,0.6667,1.0,1.0,0.7281,1.0,114.0,1.0,1.0
5ae635505542992ae0d16282,chunk_packed_128,chunk,packed,0.0,0.0,1.0,1.0,0.4495,1.0,109.0,1.0,1.0
5a7b55375542995eb53be91f,chunk_packed_128,chunk,packed,0.0,0.0,0.0,0.0,1.0,1.0,123.0,1.0,1.0
5ae3263455429928c4239634,chunk_packed_128,chunk,packed,1.0,1.0,1.0,1.0,0.4797,0.5,123.0,1.0,1.0
5a719bf25542994082a3e891,chunk_packed_128,chunk,packed,0.0,0.0,0.0,0.0,0.0,0.0,123.0,0.5,0.0
5ae618325542996de7b71b56,chunk_packed_128,chunk,packed,0.0,0.0,0.0,0.0,0.336,0.5,125.0,1.0,1.0
5ab7f0015542992aa3b8c88b,chunk_packed_128,chunk,packed,0.0,0.0,1.0,1.0,0.1626,0.5,123.0,0.5,0.0
5a7dafe15542991319bc93f3,chunk_packed_128,chunk,packed,0.0,0.0,0.0,0.0,0.35,0.5,120.0,0.5,0.0
5a90c8165542995651fb51ee,chunk_packed_128,chunk,packed,0.0,0.6667,0.0,0.75,0.2034,0.5,118.0,1.0,1.0
5ab47e0a5542990594ba9c32,chunk_packed_128,chunk,packed,0.0,0.0,0.0,0.0,0.4017,0.5,117.0,0.5,0.0
5a88abf75542997e5c09a6a1,chunk_packed_128,chunk,packed,0.0,0.0,1.0,1.0,0.0,0.0,107.0,0.0,0.0
5a8e41735542995085b37406,chunk_packed_128,chunk,packed,0.0,0.0,1.0,1.0,0.5935,1.0,123.0,1.0,1.0
5ae0968955429924de1b7105,chunk_packed_128,chunk,packed,0.0,0.0,1.0,1.0,0.439,1.0,123.0,1.0,1.0
5ac0d9a35542992a796ded90,chunk_packed_128,chunk,packed,0.0,0.0,0.0,0.0,0.187,0.5,123.0,1.0,1.0
5adf4b335542993a75d264a5,chunk_packed_128,chunk,packed,0.0,0.4,1.0,1.0,0.0,0.0,97.0,1.0,1.0
5a7a8a9c554299042af8f666,chunk_packed_128,chunk,packed,1.0,1.0,1.0,1.0,0.2381,0.5,126.0,1.0,1.0
5ae6914755429908198fa627,chunk_packed_128,chunk,packed,0.0,0.0,0.0,0.0,0.504,1.0,125.0,1.0,1.0
5a85f8665542994775f606ce,chunk_packed_128,chunk,packed,1.0,1.0,1.0,1.0,1.0,1.0,119.0,1.0,1.0
5a8135cc55429903bc27b943,chunk_packed_128,chunk,packed,0.0,0.6667,1.0,1.0,0.384,0.5,125.0,1.0,1.0
5a738b855542992d56e7e363,chunk_packed_128,chunk,packed,1.0,1.0,0.0,0.6667,0.7459,1.0,122.0,1.0,1.0
5ade0fb95542997545bbbe39,chunk_packed_128,chunk,packed,0.0,0.5,0.0,0.5,0.5275,0.5,91.0,1.0,1.0
5adf715b5542992d7e9f9354,chunk_packed_128,chunk,packed,0.0,0.0,0.0,0.0,0.1825,0.5,126.0,0.5,0.0
5ae07c6255429924de1b70d6,chunk_packed_128,chunk,packed,0.0,0.0,0.0,0.0,0.8376,1.0,117.0,1.0,1.0
5ab42d5755429942dd415eaf,chunk_packed_128,chunk,packed,1.0,1.0,1.0,1.0,0.7788,1.0,104.0,1.0,1.0
5abc0ba05542996583600409,chunk_packed_128,chunk,packed,0.0,0.0,1.0,1.0,0.4259,0.5,108.0,0.5,0.0
5ae8164d5542994a481bbeb6,chunk_packed_128,chunk,packed,0.0,0.0,0.0,0.3333,0.4603,0.5,126.0,0.5,0.0
5a84f4c75542997175ce1f31,chunk_packed_128,chunk,packed,0.0,0.3333,1.0,1.0,0.3434,0.5,99.0,1.0,1.0
5adfb4b8554299603e418381,chunk_packed_128,chunk,packed,0.0,0.0,1.0,1.0,0.1379,0.5,116.0,1.0,1.0
5ab51dae5542991779162d82,chunk_packed_128,chunk,packed,0.0,0.0,0.0,0.0,0.6106,1.0,113.0,1.0,1.0
5a774e415542994aec3b7280,chunk_packed_128,chunk,packed,1.0,1.0,1.0,1.0,0.7603,1.0,121.0,1.0,1.0
5ab84c6955429916710eb021,chunk_packed_128,chunk,packed,1.0,1.0,1.0,1.0,1.0,1.0,117.0,1.0,1.0
5a7339c85542991f9a20c6a2,chunk_packed_128,chunk,packed,0.0,0.0,0.0,0.5,0.0,0.0,127.0,1.0,1.0
5ab97b27554299131ca4233c,chunk_packed_128,chunk,packed,0.0,0.0,0.0,0.3333,0.0,0.0,125.0,1.0,1.0
5adcdf455542994ed6169c11,chunk_packed_128,chunk,packed,0.0,0.0,0.0,0.0,0.2222,0.5,117.0,1.0,1.0
5aba74ad55429955dce3ee35,chunk_packed_128,chunk,packed,0.0,0.0,0.0,0.0,0.3017,0.5,116.0,1.0,1.0
5a83316b5542993344745fe5,chunk_packed_128,chunk,packed,0.0,0.0,0.0,0.6667,0.5652,0.5,115.0,1.0,1.0
5ae7ee41554299540e5a56b0,chunk_packed_128,chunk,packed,0.0,0.0,1.0,1.0,0.5045,0.5,111.0,1.0,1.0
5ab9379a554299753720f79d,chunk_packed_128,chunk,packed,1.0,1.0,1.0,1.0,0.5172,0.5,116.0,1.0,1.0
5adf21bc5542993344016bf4,chunk_packed_128,chunk,packed,0.0,0.0,0.0,0.0,1.0,1.0,115.0,1.0,1.0
5a8e3ed7554299068b959e82,chunk_packed_128,chunk,packed,0.0,0.0,0.0,0.0,1.0,1.0,119.0,1.0,1.0
5a7d2b5755429907fabef0c2,chunk_packed_128,chunk,packed,0.0,0.0,1.0,1.0,0.3468,0.5,124.0,1.0,1.0
5a74c3f455429979e2882a0a,chunk_packed_128,chunk,packed,0.0,0.0,1.0,1.0,0.4758,1.0,124.0,1.0,1.0
5a7a06525542990198eaf04f,chunk_packed_128,chunk,packed,0.0,0.0,1.0,1.0,0.685,1.0,127.0,1.0,1.0
5ab2ce27554299545a2cfa98,chunk_packed_128,chunk,packed,0.0,0.0,0.0,0.0,0.1935,0.5,124.0,0.5,0.0
5a810506554299260e20a202,chunk_packed_128,chunk,packed,0.0,0.0,0.0,0.3333,0.0,0.0,103.0,1.0,1.0
5ab2999a554299194fa9342f,chunk_packed_128,chunk,packed,0.0,0.0,1.0,1.0,0.6048,1.0,124.0,1.0,1.0
5ab9d6ef5542994dbf01985b,chunk_packed_128,chunk,packed,1.0,1.0,1.0,1.0,0.6612,0.5,121.0,1.0,1.0
5a7ba4765542995eb53be976,chunk_packed_128,chunk,packed,1.0,1.0,1.0,1.0,0.531,0.5,113.0,1.0,1.0
5ac294b955429921a00aafd0,chunk_packed_128,chunk,packed,0.0,0.0,1.0,1.0,0.4486,0.5,107.0,1.0,1.0
5a773d8955429966f1a36cc4,chunk_packed_128,chunk,packed,0.0,0.0,0.0,0.0,0.0,0.0,126.0,0.0,0.0
5ae0f5fc554299422ee9957c,chunk_packed_128,chunk,packed,0.0,0.0,1.0,1.0,0.5285,0.5,123.0,1.0,1.0
5a8edb7f55429917b4a5bdeb,chunk_packed_128,chunk,packed,0.0,0.75,1.0,1.0,0.5847,1.0,118.0,1.0,1.0
5ae612f3554299546bf83065,chunk_packed_128,chunk,packed,0.0,0.0,1.0,1.0,0.5714,0.5,119.0,1.0,1.0
5a88db445542993b751ca88a,chunk_packed_128,chunk,packed,1.0,1.0,1.0,1.0,0.7043,1.0,115.0,1.0,1.0
5a7a33a35542994f819ef14c,chunk_packed_128,chunk,packed,1.0,1.0,1.0,1.0,0.128,0.5,125.0,1.0,1.0
5ab8ae585542991b5579efd8,chunk_packed_128,chunk,packed,0.0,0.0,0.0,0.0,0.0,0.0,125.0,1.0,1.0
5ab9535a5542996be202047e,chunk_packed_128,chunk,packed,0.0,0.0,1.0,1.0,1.0,1.0,109.0,1.0,1.0
5adeffa85542992d7e9f926f,chunk_packed_128,chunk,packed,0.0,0.0,1.0,1.0,0.3871,0.5,124.0,1.0,1.0
5abcfc365542993a06baf9d6,chunk_packed_128,chunk,packed,0.0,0.0,0.0,0.0,0.0,0.0,122.0,0.5,0.0
5a8b3de95542997f31a41cc3,chunk_packed_128,chunk,packed,0.0,0.0,1.0,1.0,0.8672,1.0,128.0,1.0,1.0
5a8587dd5542997b5ce40000,chunk_packed_128,chunk,packed,0.0,0.0,1.0,1.0,0.5938,1.0,128.0,1.0,1.0
5ae55e6855429960a22e02d0,chunk_packed_128,chunk,packed,0.0,0.0,0.0,0.0,0.5841,1.0,113.0,1.0,1.0
5a80c74f554299260e20a158,chunk_packed_128,chunk,packed,0.0,0.4,1.0,1.0,0.7739,1.0,115.0,1.0,1.0
5a7543d555429916b01642ce,chunk_packed_128,chunk,packed,1.0,1.0,0.0,0.0,0.0,0.0,122.0,1.0,1.0
5a831af855429954d2e2ec1e,chunk_packed_128,chunk,packed,0.0,0.0,0.0,0.0,0.7619,1.0,126.0,1.0,1.0
5ae7909f5542994a481bbda6,chunk_packed_128,chunk,packed,0.0,0.0,0.0,0.5,0.536,0.5,125.0,1.0,1.0
5a89d26b5542992e4fca83d1,chunk_packed_128,chunk,packed,1.0,1.0,1.0,1.0,0.5593,0.5,118.0,1.0,1.0
5ade279e5542992fa25da6fa,chunk_packed_128,chunk,packed,1.0,1.0,1.0,1.0,0.5929,1.0,113.0,1.0,1.0
5adc5b875542996e68525328,chunk_packed_128,chunk,packed,0.0,0.6667,0.0,0.0,0.6777,0.5,121.0,0.5,0.0
5ae686535542996d980e7bdc,chunk_packed_128,chunk,packed,1.0,1.0,1.0,1.0,0.448,0.5,125.0,1.0,1.0
5a7c25035542997c3ec972e5,chunk_packed_128,chunk,packed,1.0,1.0,1.0,1.0,0.7573,1.0,103.0,1.0,1.0
5adebc51554299728e26c799,chunk_packed_128,chunk,packed,1.0,1.0,1.0,1.0,0.5,0.5,114.0,0.5,0.0
5a88a19a5542997e5c09a64b,chunk_packed_128,chunk,packed,0.0,0.0,0.0,0.0,0.0,0.0,96.0,0.5,0.0
5a81346055429926c1cdad13,chunk_packed_128,chunk,packed,0.0,0.2,1.0,1.0,0.7143,1.0,126.0,1.0,1.0
5aded04755429975fa854fa7,chunk_packed_128,chunk,packed,0.0,0.2857,1.0,1.0,1.0,1.0,127.0,1.0,1.0
5a85f4ec5542994775f606c6,chunk_packed_128,chunk,packed,1.0,1.0,1.0,1.0,1.0,1.0,125.0,1.0,1.0
5a7cdd6b55429909bec76858,chunk_packed_128,chunk,packed,0.0,0.0,1.0,1.0,0.5203,0.5,123.0,1.0,1.0
5a832e715542990548d0b1bf,chunk_packed_128,chunk,packed,1.0,1.0,1.0,1.0,1.0,1.0,126.0,1.0,1.0
5adf73a45542992d7e9f9378,chunk_packed_128,chunk,packed,0.0,0.8,0.0,0.0,0.3228,0.5,127.0,1.0,1.0
5ae328df55429928c423963c,chunk_packed_128,chunk,packed,0.0,0.6667,1.0,1.0,0.2742,0.5,124.0,1.0,1.0
5a8e0cb85542995085b373b2,chunk_packed_128,chunk,packed,0.0,0.0,1.0,1.0,0.0,0.0,112.0,1.0,1.0
5abe94fd55429965af743f37,chunk_packed_128,chunk,packed,0.0,0.0,0.0,0.0,1.0,1.0,102.0,1.0,1.0
5a7758895542994aec3b729c,chunk_packed_128,chunk,packed,0.0,0.0,1.0,1.0,0.3016,0.5,126.0,1.0,1.0
5abd09585542996e802b469b,chunk_packed_128,chunk,packed,0.0,0.0,0.0,0.0,0.2479,0.5,121.0,0.5,0.0
5abc0bea554299658360040d,chunk_packed_128,chunk,packed,0.0,0.5,0.0,0.3333,0.4206,0.5,126.0,0.5,0.0
5ac0805f5542992a796ded29,chunk_packed_128,chunk,packed,0.0,0.0,1.0,1.0,1.0,1.0,123.0,1.0,1.0
5a888fe6554299206df2b2f7,chunk_packed_128,chunk,packed,0.0,0.0,0.0,0.5,0.0427,0.5,117.0,1.0,1.0
5a7757215542993569682d58,chunk_packed_128,chunk,packed,0.0,0.0,0.0,0.0,0.453,0.5,117.0,0.5,0.0
5a77a65b5542992a6e59df57,chunk_packed_128,chunk,packed,1.0,1.0,1.0,1.0,0.5862,1.0,116.0,1.0,1.0
5ae12a4b55429920d52342df,chunk_packed_128,chunk,packed,0.0,0.0,0.0,0.0,0.3145,0.5,124.0,0.5,0.0
5a89f5815542993b751ca9c5,chunk_packed_128,chunk,packed,1.0,1.0,1.0,1.0,0.6435,1.0,115.0,1.0,1.0
5ae531a95542990ba0bbb1fc,chunk_packed_128,chunk,packed,0.0,0.0,0.0,0.0,0.3252,0.5,123.0,0.5,0.0
5a7b443c5542992d025e67ce,chunk_packed_128,chunk,packed,0.0,0.0,0.0,0.0,0.0,0.0,116.0,0.5,0.0
5abe436455429976d4830ac6,chunk_packed_128,chunk,packed,0.0,0.6667,1.0,1.0,0.6387,0.5,119.0,1.0,1.0
5ae5c74d554299546bf82f58,chunk_packed_128,chunk,packed,0.0,0.0,0.0,0.6667,0.3387,0.5,124.0,1.0,1.0
5ae3e5d05542994393b9e79f,chunk_packed_128,chunk,packed,1.0,1.0,1.0,1.0,0.3571,0.5,126.0,1.0,1.0
5a72f74a55429901807daf59,chunk_packed_128,chunk,packed,0.0,0.0,0.0,0.0,0.0,0.0,124.0,0.5,0.0
5ae54eea5542993aec5ec19d,chunk_packed_128,chunk,packed,1.0,1.0,1.0,1.0,0.5,1.0,128.0,1.0,1.0
5a8e32d35542995a26add480,chunk_packed_128,chunk,packed,0.0,0.0,0.0,0.0,0.0,0.0,126.0,1.0,1.0
5a8230af554299676cceb227,chunk_packed_128,chunk,packed,0.0,0.0,0.0,0.0,0.0,0.0,123.0,1.0,1.0
5ae7316e554299572ea5477e,chunk_packed_128,chunk,packed,1.0,1.0,1.0,1.0,0.3077,0.5,117.0,1.0,1.0
5ac194db55429964131be23a,chunk_packed_128,chunk,packed,0.0,0.0,1.0,1.0,0.5968,1.0,124.0,1.0,1.0
5ab2979c554299449642c919,chunk_packed_128,chunk,packed,0.0,0.4444,1.0,1.0,0.4603,0.5,126.0,1.0,1.0
5a86e6f65542994775f6077c,chunk_packed_128,chunk,packed,0.0,0.6667,1.0,1.0,0.7778,1.0,126.0,1.0,1.0
5a85ee635542994775f606b4,chunk_packed_128,chunk,packed,0.0,0.5,1.0,1.0,0.61,0.5,100.0,1.0,1.0
5abbfa8f55429965836003cc,chunk_packed_128,chunk,packed,0.0,0.0,1.0,1.0,0.7188,1.0,128.0,1.0,1.0
5ae3789b5542992e3233c412,chunk_packed_128,chunk,packed,0.0,0.2857,0.0,0.6667,0.6508,0.5,126.0,1.0,1.0
5ab344fc55429969a97a811e,chunk_packed_128,chunk,packed,0.0,0.0,0.0,0.0,0.746,1.0,126.0,1.0,1.0
5a7a88e455429941d65f268c,chunk_packed_128,chunk,packed,0.0,0.0,1.0,1.0,0.4016,0.5,127.0,1.0,1.0
5a8634fe554299211dda2aac,chunk_packed_128,chunk,packed,0.0,0.0,0.0,0.25,0.3158,0.5,114.0,1.0,1.0
5ae54b4f5542990ba0bbb261,chunk_packed_128,chunk,packed,1.0,1.0,1.0,1.0,0.2033,0.5,123.0,1.0,1.0
5ac25fa955429951e9e6858c,chunk_packed_128,chunk,packed,0.0,0.25,0.0,0.3333,0.2358,0.5,106.0,0.5,0.0
5ab44cd555429942dd415f10,chunk_packed_128,chunk,packed,0.0,0.0,1.0,1.0,0.4567,1.0,127.0,1.0,1.0
5a761e855542994ccc9186e0,chunk_packed_128,chunk,packed,0.0,0.0,1.0,1.0,0.8115,1.0,122.0,1.0,1.0
5a87defa5542993e715abfec,chunk_packed_128,chunk,packed,0.0,0.0,1.0,1.0,0.4524,0.5,126.0,1.0,1.0
5ab827a555429934fafe6cf5,chunk_packed_128,chunk,packed,0.0,0.0,0.0,0.25,0.5047,0.5,107.0,0.5,0.0
5ab5fcae554299110f2199ad,chunk_packed_128,chunk,packed,1.0,1.0,0.0,0.6667,0.378,0.5,127.0,1.0,1.0
5abd01205542992ac4f3819b,chunk_packed_128,chunk,packed,0.0,0.0,0.0,0.0,0.3421,0.5,114.0,0.5,0.0
5ae3305c55429928c423965f,chunk_packed_128,chunk,packed,0.0,0.0,0.0,0.0,0.4597,0.5,124.0,0.5,0.0
5ac249bd55429951e9e68528,chunk_packed_128,chunk,packed,0.0,0.0,0.0,0.25,0.5039,0.5,127.0,1.0,1.0
5adf98215542993344016d19,chunk_packed_128,chunk,packed,1.0,1.0,1.0,1.0,0.6949,0.5,118.0,1.0,1.0
5a745a6055429974ef308be4,chunk_packed_128,chunk,packed,1.0,1.0,1.0,1.0,0.313,0.5,115.0,1.0,1.0
5ab9d2e255429955dce3ed90,chunk_packed_128,chunk,packed,0.0,0.0,0.0,0.0,0.2766,0.5,94.0,1.0,1.0
5a8ea03e5542990e94052b81,chunk_packed_128,chunk,packed,0.0,0.0,0.0,0.0,0.0,0.0,124.0,1.0,1.0
5a9052765542995651fb513d,chunk_packed_128,chunk,packed,0.0,0.0,0.0,0.3333,0.2031,0.5,128.0,1.0,1.0
5adbd3405542994650320bf8,chunk_packed_128,chunk,packed,0.0,0.4,0.0,0.0,0.5405,0.5,111.0,1.0,1.0
5ae1091055429920d523429b,chunk_packed_128,chunk,packed,0.0,0.0,0.0,0.0,0.2308,0.5,117.0,1.0,1.0
5add7b0c5542992200553b39,chunk_packed_128,chunk,packed,1.0,1.0,1.0,1.0,0.3426,0.5,108.0,1.0,1.0
5ae236da5542994d89d5b397,chunk_packed_128,chunk,packed,0.0,0.0,0.0,0.0,0.464,0.5,125.0,0.5,0.0
5abbd3ac55429931dba1458b,chunk_packed_128,chunk,packed,1.0,1.0,0.0,0.0,0.4628,1.0,121.0,1.0,1.0
5abe535055429976d4830aea,chunk_packed_128,chunk,packed,0.0,0.0,1.0,1.0,0.3934,0.5,122.0,0.5,0.0
5ac3a2fa5542993915413857,chunk_packed_128,chunk,packed,1.0,1.0,1.0,1.0,0.3761,0.5,117.0,0.5,0.0
5ab58f9a554299488d4d99da,chunk_packed_128,chunk,packed,0.0,0.0,1.0,1.0,0.3937,0.5,127.0,0.5,0.0
5abd0b6b5542996e802b46b4,chunk_packed_128,chunk,packed,0.0,0.6667,1.0,1.0,0.6518,0.5,112.0,1.0,1.0
5ae76e615542997ec2727647,chunk_packed_128,chunk,packed,1.0,1.0,1.0,1.0,0.7903,1.0,124.0,1.0,1.0
5a7d1868554299452d57bae2,chunk_packed_128,chunk,packed,0.0,0.4,1.0,1.0,0.3276,0.5,116.0,1.0,1.0
5a8682755542996432c571cf,chunk_packed_128,chunk,packed,0.0,0.5,1.0,1.0,0.7903,1.0,124.0,1.0,1.0
5ac02d59554299294b218f3b,chunk_packed_128,chunk,packed,0.0,0.0,0.0,0.3333,0.2623,0.5,122.0,1.0,1.0
5aba71be5542994dbf01990c,chunk_packed_128,chunk,packed,1.0,1.0,1.0,1.0,0.216,0.5,125.0,1.0,1.0
5a7b77d95542997c3ec971a5,chunk_packed_128,chunk,packed,0.0,0.4,0.0,0.5,0.4906,0.5,106.0,0.5,0.0
5aba9813554299232ef4a357,chunk_packed_128,chunk,packed,0.0,0.0,1.0,1.0,0.641,0.5,117.0,1.0,1.0
5ab6993f554299110f219a2b,chunk_packed_128,chunk,packed,0.0,0.0,0.0,0.0,0.2339,0.5,124.0,1.0,1.0
5adc7dbf5542994d58a2f618,chunk_packed_128,chunk,packed,0.0,0.0,1.0,1.0,0.45,0.5,120.0,1.0,1.0
5a7c572655429935c91b5166,chunk_packed_128,chunk,packed,0.0,0.0,1.0,1.0,0.6634,1.0,101.0,1.0,1.0
5ab746c8554299110f219aef,chunk_packed_128,chunk,packed,0.0,0.0,0.0,0.0,0.5826,0.5,115.0,1.0,1.0
5ab262a4554299340b5254ac,chunk_packed_128,chunk,packed,1.0,1.0,1.0,1.0,0.4688,0.5,128.0,0.5,0.0
5ac38bf355429939154137ba,chunk_packed_128,chunk,packed,0.0,0.0,0.0,0.5,0.4803,0.5,127.0,1.0,1.0
5adefdd75542995ec70e8f4e,chunk_packed_128,chunk,packed,0.0,0.0,0.0,0.5,0.0,0.0,125.0,0.0,0.0
5a85cead5542991dd0999ea9,chunk_packed_128,chunk,packed,0.0,0.0,0.0,0.0,0.0,0.0,116.0,0.5,0.0
5a7e36815542995ed0d166d4,chunk_packed_128,chunk,packed,0.0,0.0,0.0,0.3333,0.0,0.0,119.0,1.0,1.0
5a713f395542994082a3e6ea,chunk_packed_128,chunk,packed,0.0,0.4,1.0,1.0,0.748,1.0,123.0,1.0,1.0
5ae1338d55429901ffe4ade1,chunk_packed_128,chunk,packed,0.0,0.0,0.0,0.0,0.3672,1.0,128.0,1.0,1.0
5a75f7db5542994ccc918670,chunk_packed_128,chunk,packed,1.0,1.0,1.0,1.0,0.3793,0.5,116.0,1.0,1.0
5ab8f4ee5542991b5579f091,chunk_packed_128,chunk,packed,1.0,1.0,1.0,1.0,0.5156,1.0,128.0,1.0,1.0
5abc0aba55429959677d6a00,chunk_packed_128,chunk,packed,0.0,0.0,0.0,0.6667,0.0781,0.5,128.0,1.0,1.0
5ae12d5355429920d52342eb,chunk_packed_128,chunk,packed,0.0,0.0,0.0,0.0,0.3858,0.5,127.0,0.5,0.0
5a7a276d5542996c55b2dd27,chunk_packed_128,chunk,packed,0.0,0.8571,1.0,1.0,0.4747,0.5,99.0,1.0,1.0
5ab5744e554299494045efdf,chunk_packed_128,chunk,packed,0.0,0.0,0.0,0.0,0.2097,0.5,124.0,0.5,0.0
5ab5c6e55542997d4ad1f1db,chunk_packed_128,chunk,packed,0.0,0.4,1.0,1.0,0.9068,1.0,118.0,1.0,1.0
5a74feb75542996c70cfae6d,chunk_packed_128,chunk,packed,0.0,0.0,0.0,0.0,0.4297,0.5,128.0,1.0,1.0
5ab56f7a554299637185c59a,chunk_packed_128,chunk,packed,0.0,0.0,0.0,0.0,0.3796,0.5,108.0,0.5,0.0
5abc5603554299700f9d7875,chunk_packed_128,chunk,packed,0.0,0.0,0.0,0.0,0.3226,0.5,124.0,1.0,1.0
5a8cacac554299585d9e3716,chunk_packed_128,chunk,packed,1.0,1.0,1.0,1.0,0.0,0.0,128.0,1.0,1.0
5a8a07725542992d82986e5b,chunk_packed_128,chunk,packed,0.0,0.0,0.0,0.0,0.1368,0.5,117.0,1.0,1.0
5ae2c6bf554299492dc91c6c,chunk_packed_128,chunk,packed,0.0,0.0,1.0,1.0,0.3033,0.5,122.0,1.0,1.0
5a903b7255429933b8a204ae,chunk_packed_128,chunk,packed,0.0,0.5,1.0,1.0,0.581,1.0,105.0,1.0,1.0
5ab53bee554299637185c526,chunk_packed_128,chunk,packed,0.0,0.0,0.0,0.1429,0.381,0.5,126.0,0.5,0.0
5ab8633c55429919ba4e22d6,chunk_packed_128,chunk,packed,0.0,0.4,0.0,0.3333,0.0,0.0,111.0,1.0,1.0
5a835a265542992ef85e2281,chunk_packed_128,chunk,packed,0.0,0.5,1.0,1.0,0.3333,0.5,96.0,1.0,1.0
5a74b55455429974ef308c39,chunk_packed_128,chunk,packed,0.0,0.0,0.0,0.0,0.5122,0.5,123.0,0.5,0.0
5ac002705542996f0d89cb05,chunk_packed_128,chunk,packed,0.0,0.0,1.0,1.0,0.3551,0.5,107.0,1.0,1.0
5a883afc5542994846c1ce48,chunk_packed_128,chunk,packed,0.0,0.0,0.0,0.0,0.168,0.5,125.0,0.5,0.0
5add38355542990dbb2f7dd0,chunk_packed_128,chunk,packed,1.0,1.0,1.0,1.0,0.2404,0.5,104.0,0.5,0.0
5ac43530554299204fd21f0a,chunk_packed_128,chunk,packed,1.0,1.0,1.0,1.0,0.904,1.0,125.0,1.0,1.0
5a895f6155429946c8d6e914,chunk_packed_128,chunk,packed,0.0,0.5,0.0,0.5,0.0315,0.5,127.0,1.0,1.0
5a79c9c05542994bb94570a5,chunk_packed_128,chunk,packed,0.0,0.0,1.0,1.0,0.4309,0.5,123.0,1.0,1.0
5a8389445542996488c2e450,chunk_packed_128,chunk,packed,1.0,1.0,1.0,1.0,0.7881,1.0,118.0,1.0,1.0
5ab236645542993be8fa98c9,chunk_packed_128,chunk,packed,0.0,0.0,0.0,0.0,1.0,1.0,126.0,1.0,1.0
5ac4f7e955429924173fb523,chunk_packed_128,chunk,packed,0.0,0.0,0.0,0.0,0.4711,1.0,121.0,1.0,1.0
5ab1c2bf5542997061209558,chunk_packed_128,chunk,packed,1.0,1.0,1.0,1.0,1.0,1.0,112.0,1.0,1.0
5ade6fcd55429975fa854ecf,chunk_packed_128,chunk,packed,0.0,0.4,1.0,1.0,0.7642,1.0,123.0,1.0,1.0
5ab2b7c1554299166977406a,chunk_packed_128,chunk,packed,0.0,0.8,0.0,0.6667,0.3828,0.5,128.0,1.0,1.0
5a74b4e555429929fddd84c2,chunk_packed_128,chunk,packed,1.0,1.0,1.0,1.0,0.3548,0.5,124.0,1.0,1.0
5a84b5f05542991dd0999da5,chunk_packed_128,chunk,packed,1.0,1.0,1.0,1.0,0.5772,1.0,123.0,1.0,1.0
5a83ed9b55429933447460b8,chunk_packed_128,chunk,packed,0.0,0.0,1.0,1.0,0.3241,0.5,108.0,1.0,1.0
5ae491155542995ad6573da3,chunk_packed_128,chunk,packed,0.0,0.0,0.0,0.0,0.0,0.0,122.0,1.0,1.0
5ae00a27554299025d62a3bb,chunk_packed_128,chunk,packed,0.0,0.8571,1.0,1.0,0.3937,0.5,127.0,1.0,1.0
5a822a5e55429926c1cdae43,chunk_packed_128,chunk,packed,0.0,0.5714,1.0,1.0,0.784,1.0,125.0,1.0,1.0
5ae641f65542992ae0d162a3,chunk_packed_128,chunk,packed,0.0,0.0,0.0,0.0,0.5041,0.5,123.0,0.5,0.0
5a77e96c5542995d8318132d,chunk_packed_128,chunk,packed,1.0,1.0,1.0,1.0,0.0,0.0,119.0,0.5,0.0
5ab9d7e4554299232ef4a21f,chunk_packed_128,chunk,packed,0.0,0.0,0.0,0.0,0.3613,0.5,119.0,1.0,1.0
5a902d5155429933b8a2048d,chunk_packed_128,chunk,packed,0.0,0.9231,1.0,1.0,0.6555,0.5,119.0,1.0,1.0
5a83c9445542992ef85e2360,chunk_packed_128,chunk,packed,1.0,1.0,0.0,0.3333,0.3061,0.5,98.0,1.0,1.0
5ae236b2554299495565da3e,chunk_packed_128,chunk,packed,0.0,0.0,0.0,0.0,0.3228,0.5,127.0,1.0,1.0
5ae2c4b8554299495565db31,chunk_packed_128,chunk,packed,0.0,0.0,0.0,0.0,0.0,0.0,128.0,0.5,0.0
5a78f8e555429970f5fffe01,chunk_packed_128,chunk,packed,0.0,0.8,1.0,1.0,0.622,1.0,127.0,1.0,1.0
5a8c66db554299585d9e3683,chunk_packed_128,chunk,packed,0.0,0.0,0.0,0.0,0.5537,0.5,121.0,1.0,1.0
5a83108d55429966c78a6b1e,chunk_packed_128,chunk,packed,0.0,0.0,1.0,1.0,0.6328,1.0,128.0,1.0,1.0
5a838fcd5542992ef85e2305,chunk_packed_128,chunk,packed,0.0,0.8,0.0,0.6667,0.368,0.5,125.0,0.5,0.0
5abc030e554299642a094bdc,chunk_packed_128,chunk,packed,0.0,0.0,0.0,0.3333,0.7767,0.5,103.0,1.0,1.0
5abbb64455429931dba144b4,chunk_packed_128,chunk,packed,0.0,0.4,1.0,1.0,0.5417,0.5,120.0,1.0,1.0
5ae236445542992decbdcc69,chunk_packed_128,chunk,packed,1.0,1.0,1.0,1.0,0.622,0.5,127.0,1.0,1.0
5ab844815542992aa3b8c8af,chunk_packed_128,chunk,packed,1.0,1.0,1.0,1.0,0.2377,0.5,122.0,0.5,0.0
5a85b0c85542994c784ddb40,chunk_packed_128,chunk,packed,1.0,1.0,1.0,1.0,0.4526,0.5,95.0,1.0,1.0
5a8752955542994775f607d1,chunk_packed_128,chunk,packed,0.0,0.0,0.0,0.25,0.6016,0.5,123.0,0.5,0.0
5a7f19eb55429934daa2fcdb,chunk_packed_128,chunk,packed,1.0,1.0,1.0,1.0,0.7323,1.0,127.0,1.0,1.0
5a72a9145542994cef4bc3c1,chunk_packed_128,chunk,packed,0.0,0.0,0.0,0.0,0.0,0.0,119.0,0.5,0.0
5ade1f1c55429939a52fe82d,chunk_packed_128,chunk,packed,1.0,1.0,1.0,1.0,0.6983,1.0,116.0,1.0,1.0
5a89d3e15542992e4fca83d4,chunk_packed_128,chunk,packed,0.0,0.0,0.0,0.0,0.4386,0.5,114.0,1.0,1.0
5ab84dea55429934fafe6d4f,chunk_packed_128,chunk,packed,0.0,0.0,0.0,0.0,0.4797,0.5,123.0,1.0,1.0
5a83438955429966c78a6b61,chunk_packed_128,chunk,packed,0.0,0.0,0.0,0.0,0.2314,0.5,121.0,0.5,0.0
5ae0ec48554299422ee9955a,chunk_packed_128,chunk,packed,0.0,0.0,0.0,0.0,0.6091,0.5,110.0,1.0,1.0
5ab474135542991751b4d77b,chunk_packed_128,chunk,packed,1.0,1.0,1.0,1.0,0.5932,0.5,118.0,1.0,1.0
5a8d838955429941ae14dfe5,chunk_packed_128,chunk,packed,0.0,0.0,1.0,1.0,0.512,1.0,125.0,1.0,1.0
5aba926f55429901930fa83e,chunk_focused_128,chunk,focused,1.0,1.0,1.0,1.0,0.4219,0.5,128.0,0.5,0.0
5ae1fced5542997283cd230e,chunk_focused_128,chunk,focused,1.0,1.0,1.0,1.0,0.7143,1.0,126.0,1.0,1.0
5a890b895542995153361278,chunk_focused_128,chunk,focused,0.0,0.6667,1.0,1.0,0.7018,0.5,114.0,1.0,1.0
5a90b2175542990a984936ae,chunk_focused_128,chunk,focused,1.0,1.0,1.0,1.0,0.6825,1.0,126.0,1.0,1.0
5a881cbb55429938390d3ee7,chunk_focused_128,chunk,focused,0.0,0.0,0.0,0.0,0.4215,0.5,121.0,0.5,0.0
5a764c0b55429976ec32bd89,chunk_focused_128,chunk,focused,0.0,0.1667,1.0,1.0,0.2623,0.5,122.0,1.0,1.0
5ac2da27554299657fa2909f,chunk_focused_128,chunk,focused,0.0,0.0,0.0,0.0,0.4653,0.5,101.0,0.5,0.0
5ac26ac15542992f1f2b38bc,chunk_focused_128,chunk,focused,0.0,0.0,0.0,0.0,0.6797,0.5,128.0,0.5,0.0
5a8a521d5542992d82986f15,chunk_focused_128,chunk,focused,0.0,0.0,1.0,1.0,0.5276,0.5,127.0,1.0,1.0
5ae650fb55429929b0807b2e,chunk_focused_128,chunk,focused,0.0,0.7273,1.0,1.0,1.0,1.0,119.0,1.0,1.0
5a8bc1b85542997f31a41db8,chunk_focused_128,chunk,focused,1.0,1.0,1.0,1.0,0.6102,1.0,118.0,1.0,1.0
5ab209ec554299722f9b4ca2,chunk_focused_128,chunk,focused,0.0,0.0,0.0,0.2857,0.448,0.5,125.0,0.5,0.0
5a8bb90f5542996e8ac88a02,chunk_focused_128,chunk,focused,0.0,0.0,1.0,1.0,0.184,0.5,125.0,0.5,0.0
5ac31b0a554299741d48a1f0,chunk_focused_128,chunk,focused,0.0,0.0,0.0,0.5,0.5547,0.5,128.0,0.5,0.0
5adf3e355542993a75d26440,chunk_focused_128,chunk,focused,0.0,0.0,0.0,0.0,0.5794,0.5,126.0,1.0,1.0
5abd245555429924427fcf0f,chunk_focused_128,chunk,focused,1.0,1.0,1.0,1.0,0.3386,0.5,127.0,0.5,0.0
5a84b5975542991dd0999da3,chunk_focused_128,chunk,focused,1.0,1.0,1.0,1.0,0.9603,1.0,126.0,1.0,1.0
5a8ba3ff55429971feec4744,chunk_focused_128,chunk,focused,0.0,0.0,0.0,0.8,0.5492,0.5,122.0,1.0,1.0
5a8303c255429954d2e2ec01,chunk_focused_128,chunk,focused,0.0,0.0,0.0,0.3333,0.0,0.0,116.0,0.5,0.0
5a7b374c5542995eb53be8cc,chunk_focused_128,chunk,focused,0.0,0.75,1.0,1.0,0.4921,1.0,126.0,1.0,1.0
5a7b63eb55429931da12ca7e,chunk_focused_128,chunk,focused,0.0,0.0,1.0,1.0,1.0,1.0,124.0,1.0,1.0
5a90492655429933b8a204d8,chunk_focused_128,chunk,focused,1.0,1.0,1.0,1.0,0.5242,0.5,124.0,1.0,1.0
5a8a502b5542996c9b8d5ea6,chunk_focused_128,chunk,focused,1.0,1.0,1.0,1.0,0.6614,1.0,127.0,1.0,1.0
5ae5a4e5554299546bf82f01,chunk_focused_128,chunk,focused,0.0,0.75,1.0,1.0,0.616,0.5,125.0,1.0,1.0
5a78e3b955429974737f78f1,chunk_focused_128,chunk,focused,1.0,1.0,1.0,1.0,0.5826,1.0,115.0,1.0,1.0
5a85cd295542997175ce202b,chunk_focused_128,chunk,focused,0.0,0.0,0.0,0.0,0.4563,0.5,103.0,0.5,0.0
5add6cf45542992ae4cec55f,chunk_focused_128,chunk,focused,0.0,0.0,0.0,0.0,0.4762,0.5,126.0,0.5,0.0
5a86fde6554299211dda2b7f,chunk_focused_128,chunk,focused,0.0,0.0,0.0,0.0,0.1984,0.5,126.0,0.5,0.0
5a8198565542995ce29dcc13,chunk_focused_128,chunk,focused,0.0,0.0,0.0,0.0,1.0,1.0,115.0,1.0,1.0
5a79332555429907847277e7,chunk_focused_128,chunk,focused,1.0,1.0,1.0,1.0,0.4365,1.0,126.0,1.0,1.0
5ac31602554299741d48a1bf,chunk_focused_128,chunk,focused,1.0,1.0,1.0,1.0,0.6667,0.5,123.0,0.5,0.0
5ae4a2e25542996836b02cee,chunk_focused_128,chunk,focused,1.0,1.0,1.0,1.0,0.7,1.0,120.0,1.0,1.0
5a8192045542995ce29dcc04,chunk_focused_128,chunk,focused,1.0,1.0,1.0,1.0,0.6063,1.0,127.0,1.0,1.0
5a817d8c55429903bc27b974,chunk_focused_128,chunk,focused,0.0,0.0,1.0,1.0,1.0,1.0,107.0,1.0,1.0
5adf0ae45542992d7e9f9286,chunk_focused_128,chunk,focused,0.0,0.6667,1.0,1.0,1.0,1.0,126.0,1.0,1.0
5a7309a15542992359bc320c,chunk_focused_128,chunk,focused,1.0,1.0,1.0,1.0,1.0,1.0,111.0,1.0,1.0
5ac54f8d5542993e66e822f5,chunk_focused_128,chunk,focused,0.0,0.5,1.0,1.0,0.5197,1.0,127.0,1.0,1.0
5ae5cf625542996de7b71a22,chunk_focused_128,chunk,focused,0.0,0.8571,1.0,1.0,0.9316,1.0,117.0,1.0,1.0
5ae1d5a3554299234fd04319,chunk_focused_128,chunk,focused,0.0,0.0,0.0,0.25,0.576,0.5,125.0,0.5,0.0
5ab6390f5542995eadeeff7a,chunk_focused_128,chunk,focused,0.0,0.0,0.0,0.0,0.5294,0.5,119.0,1.0,1.0
5a7344e95542991f9a20c6ce,chunk_focused_128,chunk,focused,0.0,0.0,0.0,0.0,0.3739,0.5,115.0,1.0,1.0
5ac2ed41554299218029db96,chunk_focused_128,chunk,focused,1.0,1.0,1.0,1.0,0.3968,0.5,126.0,1.0,1.0
5ae0536755429924de1b70a6,chunk_focused_128,chunk,focused,0.0,0.0,0.0,0.0,0.4,1.0,120.0,1.0,1.0
5aba7cb455429901930fa7eb,chunk_focused_128,chunk,focused,0.0,0.25,0.0,0.2,0.4206,0.5,126.0,1.0,1.0
5ac083b0554299294b21900d,chunk_focused_128,chunk,focused,0.0,0.0,1.0,1.0,0.3421,1.0,114.0,1.0,1.0
5a7d1bf65542995ed0d165f0,chunk_focused_128,chunk,focused,0.0,0.0,0.0,0.0,0.4636,0.5,110.0,1.0,1.0
5a81a2705542990a1d231e30,chunk_focused_128,chunk,focused,0.0,0.0,1.0,1.0,0.5041,0.5,123.0,1.0,1.0
5a82626655429966c78a6a08,chunk_focused_128,chunk,focused,0.0,0.6667,0.0,0.0,0.5203,0.5,123.0,1.0,1.0
5a88a23f5542997e5c09a652,chunk_focused_128,chunk,focused,0.0,0.0,1.0,1.0,1.0,1.0,120.0,1.0,1.0
5ae518ae5542993aec5ec13c,chunk_focused_128,chunk,focused,0.0,0.0,1.0,1.0,0.3559,0.5,118.0,1.0,1.0
5a8d227a554299585d9e37b1,chunk_focused_128,chunk,focused,0.0,0.0,0.0,0.0,0.4032,0.5,124.0,0.5,0.0
5ae5dae2554299546bf82fa4,chunk_focused_128,chunk,focused,1.0,1.0,1.0,1.0,0.6161,0.5,112.0,1.0,1.0
5ac0e0c75542997d64295a6e,chunk_focused_128,chunk,focused,0.0,0.0,0.0,0.0,0.378,0.5,127.0,1.0,1.0
5a8268aa55429940e5e1a8aa,chunk_focused_128,chunk,focused,0.0,0.0,0.0,0.0,0.2376,0.5,101.0,0.5,0.0
5a79c1095542996c55b2dc62,chunk_focused_128,chunk,focused,1.0,1.0,1.0,1.0,0.6505,1.0,103.0,1.0,1.0
5ae18d615542997283cd2229,chunk_focused_128,chunk,focused,0.0,0.0,1.0,1.0,0.0,0.0,112.0,0.5,0.0
5ae0156455429942ec259c15,chunk_focused_128,chunk,focused,1.0,1.0,1.0,1.0,1.0,1.0,125.0,1.0,1.0
5a876f785542993e715abf42,chunk_focused_128,chunk,focused,0.0,0.0,1.0,1.0,0.6577,1.0,111.0,1.0,1.0
5ae25d2b554299495565da46,chunk_focused_128,chunk,focused,0.0,0.0,0.0,0.0,0.4844,0.5,128.0,1.0,1.0
5a9068f85542990a98493623,chunk_focused_128,chunk,focused,1.0,1.0,1.0,1.0,0.6186,0.5,118.0,1.0,1.0
5a772c395542993735360207,chunk_focused_128,chunk,focused,0.0,0.0,0.0,0.3333,0.0,0.0,117.0,0.0,0.0
5a80522b5542996402f6a4c1,chunk_focused_128,chunk,focused,0.0,0.0,1.0,1.0,0.4958,0.5,119.0,1.0,1.0
5add60905542995b365fab1d,chunk_focused_128,chunk,focused,0.0,0.0,1.0,1.0,1.0,1.0,115.0,1.0,1.0
5a75092b55429916b0164242,chunk_focused_128,chunk,focused,1.0,1.0,1.0,1.0,0.2521,0.5,119.0,0.5,0.0
5adf8ade5542993344016ce8,chunk_focused_128,chunk,focused,1.0,1.0,1.0,1.0,0.8319,1.0,119.0,1.0,1.0
5ae25e835542992decbdccd1,chunk_focused_128,chunk,focused,0.0,0.4,0.0,0.4,0.1545,0.5,123.0,0.5,0.0
5a8013e45542995d8a8ddf41,chunk_focused_128,chunk,focused,1.0,1.0,1.0,1.0,0.4634,0.5,123.0,1.0,1.0
5a871a5e5542996432c5721e,chunk_focused_128,chunk,focused,0.0,0.0,0.0,0.0,0.0,0.0,123.0,1.0,1.0
5ae0c9dd5542993d6555ec69,chunk_focused_128,chunk,focused,0.0,0.0,0.0,0.0,1.0,1.0,112.0,1.0,1.0
5abd8c295542992ac4f382ab,chunk_focused_128,chunk,focused,0.0,0.0,0.0,0.0,0.678,0.5,118.0,1.0,1.0
5a8b8b3a5542995d1e6f13e5,chunk_focused_128,chunk,focused,0.0,0.0,0.0,0.0,0.312,0.5,125.0,0.5,0.0
5ae6363b55429929b0807af0,chunk_focused_128,chunk,focused,0.0,0.0,0.0,0.0,0.32,0.5,100.0,0.5,0.0
5ac0b8395542996f0d89cc21,chunk_focused_128,chunk,focused,1.0,1.0,1.0,1.0,0.3223,0.5,121.0,0.5,0.0
5adf3e835542993a75d26442,chunk_focused_128,chunk,focused,0.0,0.0,1.0,1.0,0.3228,0.5,127.0,1.0,1.0
5a731a635542994cef4bc458,chunk_focused_128,chunk,focused,1.0,1.0,1.0,1.0,0.7094,0.5,117.0,0.5,0.0
5adcc90c5542990d50227d1b,chunk_focused_128,chunk,focused,1.0,1.0,1.0,1.0,0.5565,0.5,124.0,0.5,0.0
5ae402085542995dadf242ca,chunk_focused_128,chunk,focused,1.0,1.0,1.0,1.0,0.563,1.0,119.0,1.0,1.0
5a81d19b55429926c1cdad90,chunk_focused_128,chunk,focused,0.0,0.0,0.0,0.5,0.3203,0.5,128.0,1.0,1.0
5a77174f55429966f1a36c4c,chunk_focused_128,chunk,focused,0.0,0.0,0.0,0.0,0.0,0.0,127.0,0.5,0.0
5a79395455429970f5fffe7d,chunk_focused_128,chunk,focused,0.0,0.0,0.0,0.5,0.3821,0.5,123.0,1.0,1.0
5a886886554299206df2b258,chunk_focused_128,chunk,focused,0.0,0.0,1.0,1.0,0.6364,0.5,99.0,1.0,1.0
5adfb10855429942ec259af9,chunk_focused_128,chunk,focused,1.0,1.0,1.0,1.0,0.3932,1.0,117.0,1.0,1.0
5ae0d7315542990adbacf678,chunk_focused_128,chunk,focused,1.0,1.0,1.0,1.0,0.5484,1.0,124.0,1.0,1.0
5a790f5e55429970f5fffe40,chunk_focused_128,chunk,focused,0.0,0.0,0.0,0.0,0.874,0.5,127.0,1.0,1.0
5ae1b2b9554299422ee99684,chunk_focused_128,chunk,focused,0.0,0.0,0.0,0.0,0.0,0.0,125.0,0.0,0.0
5a792ad055429907847277d1,chunk_focused_128,chunk,focused,0.0,0.3333,1.0,1.0,0.6797,0.5,128.0,1.0,1.0
5a8ce851554299441c6b9f6c,chunk_focused_128,chunk,focused,0.0,0.0,0.0,0.0,0.0,0.0,125.0,0.5,0.0
5add67915542992200553af8,chunk_focused_128,chunk,focused,0.0,0.0,0.0,0.2,0.6484,0.5,128.0,1.0,1.0
5ab90fdd55429916710eb0fc,chunk_focused_128,chunk,focused,1.0,1.0,1.0,1.0,0.5085,1.0,118.0,1.0,1.0
5ae55b8255429908b63265ef,chunk_focused_128,chunk,focused,1.0,1.0,1.0,1.0,0.6226,0.5,106.0,1.0,1.0
5ac213805542992f1f2b37e7,chunk_focused_128,chunk,focused,0.0,0.0,1.0,1.0,0.6535,0.5,127.0,1.0,1.0
5adce88b5542992c1e3a249a,chunk_focused_128,chunk,focused,0.0,0.5,0.0,0.0,0.4825,0.5,114.0,0.5,0.0
5ac403c45542997ea680c9b5,chunk_focused_128,chunk,focused,0.0,0.0,0.0,0.5,0.382,0.5,89.0,0.5,0.0
5adcd2435542992c1e3a241b,chunk_focused_128,chunk,focused,1.0,1.0,0.0,1.0,1.0,1.0,119.0,1.0,1.0
5a8078d85542995d8a8ddf78,chunk_focused_128,chunk,focused,1.0,1.0,1.0,1.0,0.8545,1.0,110.0,1.0,1.0
5a85dfcc5542994775f60673,chunk_focused_128,chunk,focused,0.0,0.0,0.0,0.5,0.3571,0.5,126.0,1.0,1.0
5abd1b6e55429933744ab729,chunk_focused_128,chunk,focused,1.0,1.0,1.0,1.0,0.5574,1.0,122.0,1.0,1.0
5ae33a3b5542992f92d8224a,chunk_focused_128,chunk,focused,0.0,0.0,1.0,1.0,1.0,1.0,117.0,1.0,1.0
5a899bf955429946c8d6e959,chunk_focused_128,chunk,focused,1.0,1.0,1.0,1.0,1.0,1.0,121.0,1.0,1.0
5a78bd515542990784727749,chunk_focused_128,chunk,focused,1.0,1.0,0.0,0.5,0.3486,0.5,109.0,0.5,0.0
5a8f155e554299458435d54c,chunk_focused_128,chunk,focused,0.0,0.0,0.0,0.2,0.5738,0.5,122.0,1.0,1.0
5a7bd25a554299294a54ab13,chunk_focused_128,chunk,focused,1.0,1.0,1.0,1.0,0.4286,0.5,126.0,1.0,1.0
5ac458f8554299204fd21f2a,chunk_focused_128,chunk,focused,1.0,1.0,1.0,1.0,1.0,1.0,128.0,1.0,1.0
5a801f215542992bc0c4a6b2,chunk_focused_128,chunk,focused,0.0,0.5,1.0,1.0,1.0,1.0,114.0,1.0,1.0
5a8b91d25542995d1e6f13fc,chunk_focused_128,chunk,focused,0.0,0.8,1.0,1.0,0.3701,1.0,127.0,1.0,1.0
5a863ff0554299211dda2ac6,chunk_focused_128,chunk,focused,1.0,1.0,0.0,0.0,0.8871,1.0,124.0,1.0,1.0
5a80abec5542996402f6a5e1,chunk_focused_128,chunk,focused,1.0,1.0,1.0,1.0,0.7795,1.0,127.0,1.0,1.0
5a734acf5542991f9a20c6ec,chunk_focused_128,chunk,focused,0.0,0.8,1.0,1.0,0.4365,0.5,126.0,1.0,1.0
5a7647b85542992d0ec0608a,chunk_focused_128,chunk,focused,1.0,1.0,1.0,1.0,0.4453,0.5,128.0,1.0,1.0
5abc8d00554299700f9d78fd,chunk_focused_128,chunk,focused,1.0,1.0,1.0,1.0,1.0,1.0,115.0,1.0,1.0
5a8089dc5542992bc0c4a765,chunk_focused_128,chunk,focused,0.0,0.0,1.0,1.0,1.0,1.0,122.0,1.0,1.0
5a8ab6be5542992d82986f5f,chunk_focused_128,chunk,focused,0.0,0.0,0.0,0.0,0.5469,0.5,128.0,1.0,1.0
5a72429355429971e9dc9375,chunk_focused_128,chunk,focused,1.0,1.0,1.0,1.0,0.125,0.5,120.0,0.5,0.0
5ac4f2e755429924173fb503,chunk_focused_128,chunk,focused,1.0,1.0,1.0,1.0,0.6195,1.0,113.0,1.0,1.0
5ab6ecd85542991d322236cf,chunk_focused_128,chunk,focused,1.0,1.0,1.0,1.0,0.5702,1.0,121.0,1.0,1.0
5adf85e05542993344016cba,chunk_focused_128,chunk,focused,0.0,0.0,0.0,0.0,0.3697,0.5,119.0,1.0,1.0
5a7455eb55429979e2882908,chunk_focused_128,chunk,focused,0.0,0.4,1.0,1.0,0.8189,1.0,127.0,1.0,1.0
5ac385f8554299741d48a279,chunk_focused_128,chunk,focused,0.0,0.0,0.0,0.0,0.5877,0.5,114.0,1.0,1.0
5ac0a18a5542992a796ded41,chunk_focused_128,chunk,focused,0.0,0.0,0.0,0.0,0.5714,0.5,105.0,0.5,0.0
5ae3606b5542991a06ce99a8,chunk_focused_128,chunk,focused,0.0,0.0,1.0,1.0,0.475,0.5,120.0,1.0,1.0
5a71231a5542994082a3e5c4,chunk_focused_128,chunk,focused,1.0,1.0,1.0,1.0,0.5463,1.0,108.0,1.0,1.0
5a7d19d85542995ed0d165e8,chunk_focused_128,chunk,focused,0.0,0.0,0.0,0.0,0.6667,0.5,126.0,1.0,1.0
5ae791245542997b22f6a7a3,chunk_focused_128,chunk,focused,0.0,0.0,1.0,1.0,1.0,1.0,125.0,1.0,1.0
5a7d2afb554299452d57bb41,chunk_focused_128,chunk,focused,1.0,1.0,1.0,1.0,0.7969,1.0,128.0,1.0,1.0
5abcfa6f5542993a06baf9c7,chunk_focused_128,chunk,focused,1.0,1.0,1.0,1.0,0.4683,0.5,126.0,1.0,1.0
5a7c00a55542996dd594b87e,chunk_focused_128,chunk,focused,0.0,0.0,0.0,0.0,0.304,0.5,125.0,1.0,1.0
5ae64ba755429929b0807b25,chunk_focused_128,chunk,focused,0.0,0.0,0.0,0.2,0.4715,0.5,123.0,0.5,0.0
5adfc11e55429942ec259b3a,chunk_focused_128,chunk,focused,0.0,0.0,1.0,1.0,0.672,1.0,125.0,1.0,1.0
5ab596d95542992aa134a371,chunk_focused_128,chunk,focused,0.0,0.0,1.0,1.0,0.8438,1.0,128.0,1.0,1.0
5ae206c45542994d89d5b311,chunk_focused_128,chunk,focused,0.0,0.6667,1.0,1.0,0.7063,1.0,126.0,1.0,1.0
5ae544d75542990ba0bbb249,chunk_focused_128,chunk,focused,1.0,1.0,1.0,1.0,0.8583,1.0,120.0,1.0,1.0
5abbb116554299642a094b1d,chunk_focused_128,chunk,focused,0.0,0.6667,1.0,1.0,0.3058,0.5,121.0,1.0,1.0
5a7759fc5542993569682d60,chunk_focused_128,chunk,focused,0.0,0.0,1.0,1.0,0.675,1.0,120.0,1.0,1.0
5a7b89a3554299294a54a9e3,chunk_focused_128,chunk,focused,0.0,0.0,0.0,0.0,0.0,0.0,126.0,0.5,0.0
5a8a09ff5542992d82986e6b,chunk_focused_128,chunk,focused,0.0,0.0,0.0,0.0,0.0,0.0,128.0,0.5,0.0
5ade747555429939a52fe8c5,chunk_focused_128,chunk,focused,0.0,0.0,1.0,1.0,1.0,1.0,104.0,1.0,1.0
5ab808b85542991d3222380d,chunk_focused_128,chunk,focused,0.0,0.4,0.0,0.3333,0.5678,0.5,118.0,0.5,0.0
5ae5be475542990ba0bbb2c6,chunk_focused_128,chunk,focused,1.0,1.0,1.0,1.0,0.6484,1.0,128.0,1.0,1.0
5a88ba465542993e715ac089,chunk_focused_128,chunk,focused,0.0,0.0,0.0,0.0,0.7402,0.5,127.0,1.0,1.0
5ab2c6d955429916697740c3,chunk_focused_128,chunk,focused,0.0,0.0,0.0,0.0,0.3667,0.5,120.0,1.0,1.0
5a7c762d55429935c91b51c7,chunk_focused_128,chunk,focused,0.0,0.0,0.0,0.5,0.0,0.0,125.0,0.5,0.0
5ac325495542995ef918c12e,chunk_focused_128,chunk,focused,0.0,0.6667,1.0,1.0,0.336,0.5,125.0,0.5,0.0
5a8a833855429970aeb702fe,chunk_focused_128,chunk,focused,0.0,0.0,0.0,0.0,0.5366,0.5,123.0,0.5,0.0
5a8c7057554299653c1aa066,chunk_focused_128,chunk,focused,0.0,0.6667,1.0,1.0,0.425,0.5,120.0,1.0,1.0
5ae733dc5542991e8301cbd1,chunk_focused_128,chunk,focused,0.0,0.6667,1.0,1.0,0.633,0.5,109.0,1.0,1.0
5a86ec9f55429960ec39b6d7,chunk_focused_128,chunk,focused,1.0,1.0,0.0,0.0,0.3025,0.5,119.0,1.0,1.0
5ac3a0b25542993915413838,chunk_focused_128,chunk,focused,1.0,1.0,1.0,1.0,0.5044,0.5,113.0,1.0,1.0
5adfd30c55429906c02daa53,chunk_focused_128,chunk,focused,0.0,0.5,1.0,1.0,1.0,1.0,118.0,1.0,1.0
5a88f7bf5542997e5c09a6dd,chunk_focused_128,chunk,focused,1.0,1.0,1.0,1.0,0.6881,1.0,109.0,1.0,1.0
5adfa22655429942ec259ac4,chunk_focused_128,chunk,focused,1.0,1.0,1.0,1.0,1.0,1.0,117.0,1.0,1.0
5ac31a73554299741d48a1e9,chunk_focused_128,chunk,focused,1.0,1.0,1.0,1.0,0.376,0.5,125.0,1.0,1.0
5a72634d5542997f82783994,chunk_focused_128,chunk,focused,0.0,0.0,0.0,0.0,0.1875,0.5,128.0,1.0,1.0
5a85ea095542994775f606a8,chunk_focused_128,chunk,focused,1.0,1.0,1.0,1.0,0.5827,0.5,127.0,0.5,0.0
5a81e8ea5542995ce29dcc73,chunk_focused_128,chunk,focused,1.0,1.0,1.0,1.0,0.3471,0.5,121.0,1.0,1.0
5ab2082f554299722f9b4c9f,chunk_focused_128,chunk,focused,0.0,0.0,0.0,0.6667,1.0,1.0,124.0,1.0,1.0
5a7eb22655429930675135cb,chunk_focused_128,chunk,focused,0.0,0.0,1.0,1.0,0.621,0.5,124.0,0.5,0.0
5a79cabc5542994f819ef0a1,chunk_focused_128,chunk,focused,1.0,1.0,1.0,1.0,0.622,0.5,127.0,1.0,1.0
5add6f975542992200553b18,chunk_focused_128,chunk,focused,0.0,0.0,0.0,0.0,0.4531,0.5,128.0,1.0,1.0
5a74879255429974ef308c1d,chunk_focused_128,chunk,focused,1.0,1.0,1.0,1.0,0.325,0.5,120.0,1.0,1.0
5a8ccea555429941ae14deeb,chunk_focused_128,chunk,focused,0.0,0.0,1.0,1.0,0.4828,0.5,116.0,0.5,0.0
5a8b56d655429949d91db557,chunk_focused_128,chunk,focused,0.0,0.6667,1.0,1.0,1.0,1.0,111.0,1.0,1.0
5adc2b6255429947ff173901,chunk_focused_128,chunk,focused,0.0,0.0,0.0,0.0,0.6721,0.5,122.0,0.5,0.0
5ac440385542997ea680ca4e,chunk_focused_128,chunk,focused,1.0,1.0,1.0,1.0,0.619,1.0,126.0,1.0,1.0
5a846da0554299334474611e,chunk_focused_128,chunk,focused,0.0,0.0,0.0,0.0,0.5156,0.5,128.0,1.0,1.0
5a7354d55542994cef4bc55a,chunk_focused_128,chunk,focused,1.0,1.0,1.0,1.0,0.4453,1.0,128.0,1.0,1.0
5ac3a76e554299741d48a2be,chunk_focused_128,chunk,focused,1.0,1.0,1.0,1.0,1.0,1.0,114.0,1.0,1.0
5a8740ee5542994846c1cd35,chunk_focused_128,chunk,focused,0.0,0.8,0.0,0.6667,0.3415,0.5,123.0,1.0,1.0
5a7c96765542990527d554d8,chunk_focused_128,chunk,focused,0.0,0.0,1.0,1.0,0.8843,1.0,121.0,1.0,1.0
5aba85335542994dbf01992d,chunk_focused_128,chunk,focused,0.0,0.0,0.0,0.0,0.2742,0.5,124.0,1.0,1.0
5a849c1b5542997175ce1ef9,chunk_focused_128,chunk,focused,0.0,0.6667,1.0,1.0,0.374,1.0,123.0,1.0,1.0
5ab9b7d555429970cfb8eb7a,chunk_focused_128,chunk,focused,0.0,0.0,1.0,1.0,0.4724,0.5,127.0,0.5,0.0
5ac3e22d5542997ea680c976,chunk_focused_128,chunk,focused,1.0,1.0,1.0,1.0,0.2773,0.5,119.0,1.0,1.0
5aba768c55429901930fa7e0,chunk_focused_128,chunk,focused,0.0,0.0,1.0,1.0,0.632,0.5,125.0,0.5,0.0
5addb1515542995b365fab60,chunk_focused_128,chunk,focused,1.0,1.0,1.0,1.0,0.5948,0.5,116.0,1.0,1.0
5abe689a55429976d4830b16,chunk_focused_128,chunk,focused,0.0,0.4444,1.0,1.0,0.3,0.5,120.0,1.0,1.0
5aded1595542995ec70e8f29,chunk_focused_128,chunk,focused,0.0,0.0,0.0,0.0,1.0,1.0,123.0,1.0,1.0
5ab89cc25542991b5579efc3,chunk_focused_128,chunk,focused,0.0,0.0,0.0,0.25,0.6,0.5,125.0,0.5,0.0
5abe84a95542991f6610619b,chunk_focused_128,chunk,focused,0.0,0.0,0.0,0.0,0.3083,0.5,120.0,1.0,1.0
5add10ca5542994ed6169c59,chunk_focused_128,chunk,focused,0.0,0.0,0.0,0.0,1.0,1.0,98.0,1.0,1.0
5a8849ac5542996e4f308932,chunk_focused_128,chunk,focused,0.0,0.6667,1.0,1.0,0.656,0.5,125.0,0.5,0.0
5ae0335655429925eb1afc28,chunk_focused_128,chunk,focused,0.0,0.0,1.0,1.0,0.2276,0.5,123.0,1.0,1.0
5a7f6fd75542992e7d278cfa,chunk_focused_128,chunk,focused,1.0,1.0,1.0,1.0,1.0,1.0,116.0,1.0,1.0
5ade8bd955429975fa854f04,chunk_focused_128,chunk,focused,1.0,1.0,1.0,1.0,1.0,1.0,114.0,1.0,1.0
5a7fb6625542994857a767cc,chunk_focused_128,chunk,focused,0.0,0.0,0.0,0.2,0.725,0.5,120.0,1.0,1.0
5a7912f655429974737f796c,chunk_focused_128,chunk,focused,0.0,0.0,0.0,0.0,0.6953,0.5,128.0,0.5,0.0
5ab868e755429919ba4e22e3,chunk_focused_128,chunk,focused,0.0,0.8571,1.0,1.0,1.0,1.0,89.0,1.0,1.0
5ae1af14554299234fd042c4,chunk_focused_128,chunk,focused,0.0,0.0,0.0,0.0,0.416,1.0,125.0,1.0,1.0
5ab3c53955429969a97a81b9,chunk_focused_128,chunk,focused,0.0,0.0,0.0,0.0,0.0,0.0,127.0,0.5,0.0
5abe03635542991f661060a5,chunk_focused_128,chunk,focused,0.0,0.0,0.0,0.0,0.6748,0.5,123.0,1.0,1.0
5adc396155429944faac2479,chunk_focused_128,chunk,focused,1.0,1.0,0.0,0.0,0.4016,1.0,122.0,1.0,1.0
5ac42f42554299076e296d88,chunk_focused_128,chunk,focused,0.0,0.0,0.0,0.0,0.2521,0.5,119.0,1.0,1.0
5aba5c625542994dbf0198f2,chunk_focused_128,chunk,focused,0.0,0.0,1.0,1.0,0.2581,0.5,124.0,1.0,1.0
5a8ee7c95542990e94052bb1,chunk_focused_128,chunk,focused,0.0,0.0,0.0,0.0,0.448,0.5,125.0,0.5,0.0
5a7b3a2455429927d897bf5c,chunk_focused_128,chunk,focused,1.0,1.0,1.0,1.0,0.5321,1.0,109.0,1.0,1.0
5a7f7c285542994857a76746,chunk_focused_128,chunk,focused,1.0,1.0,1.0,1.0,1.0,1.0,127.0,1.0,1.0
5ae2ce505542996483e64a72,chunk_focused_128,chunk,focused,0.0,0.0,0.0,0.0,0.5966,0.5,119.0,0.5,0.0
5ab8b02d5542991b5579efdb,chunk_focused_128,chunk,focused,0.0,0.0,0.0,0.0,1.0,1.0,105.0,1.0,1.0
5ac50bca55429924173fb57f,chunk_focused_128,chunk,focused,0.0,0.0,0.0,0.0,0.2992,0.5,127.0,0.5,0.0
5a78fe8155429970f5fffe11,chunk_focused_128,chunk,focused,1.0,1.0,1.0,1.0,0.729,1.0,107.0,1.0,1.0
5ab2383155429970612095c1,chunk_focused_128,chunk,focused,1.0,1.0,0.0,0.0,1.0,1.0,122.0,1.0,1.0
5abd7d0c55429924427fd010,chunk_focused_128,chunk,focused,1.0,1.0,1.0,1.0,0.5478,1.0,115.0,1.0,1.0
5ac1a04e5542991316484b63,chunk_focused_128,chunk,focused,1.0,1.0,0.0,0.0,0.4141,1.0,128.0,1.0,1.0
5a75e06155429976ec32bc60,chunk_focused_128,chunk,focused,0.0,0.0,0.0,0.0,0.4113,0.5,124.0,1.0,1.0
5ae564a155429960a22e02e4,chunk_focused_128,chunk,focused,0.0,0.0,0.0,0.0,0.463,0.5,108.0,1.0,1.0
5a7d2afd5542995f4f402221,chunk_focused_128,chunk,focused,1.0,1.0,1.0,1.0,0.6923,1.0,117.0,1.0,1.0
5ac258cc554299636651998e,chunk_focused_128,chunk,focused,0.0,0.0,1.0,1.0,0.5625,0.5,128.0,1.0,1.0
5a8a573355429970aeb7029a,chunk_focused_128,chunk,focused,0.0,0.0,1.0,1.0,1.0,1.0,103.0,1.0,1.0
5a8f799d55429918e830d22d,chunk_focused_128,chunk,focused,1.0,1.0,1.0,1.0,0.5794,0.5,126.0,1.0,1.0
5ac4f04e5542995c82c4ad81,chunk_focused_128,chunk,focused,0.0,0.4,0.0,1.0,0.5703,0.5,128.0,1.0,1.0
5ac00278554299012d1db56b,chunk_focused_128,chunk,focused,0.0,0.0,1.0,1.0,0.55,1.0,120.0,1.0,1.0
5a78bc6b554299148911f979,chunk_focused_128,chunk,focused,0.0,0.0,1.0,1.0,0.4048,1.0,126.0,1.0,1.0
5a8d6d4e554299441c6b9fdb,chunk_focused_128,chunk,focused,0.0,0.5,1.0,1.0,0.384,0.5,125.0,1.0,1.0
5add23d05542994734353871,chunk_focused_128,chunk,focused,0.0,0.0,1.0,1.0,1.0,1.0,128.0,1.0,1.0
5a7ca33f5542990527d554ee,chunk_focused_128,chunk,focused,1.0,1.0,1.0,1.0,0.4309,1.0,123.0,1.0,1.0
5ae5c8cf554299546bf82f5f,chunk_focused_128,chunk,focused,1.0,1.0,1.0,1.0,0.375,1.0,128.0,1.0,1.0
5a81df4b55429903bc27b9f8,chunk_focused_128,chunk,focused,0.0,0.5,1.0,1.0,0.4688,1.0,128.0,1.0,1.0
5ab4341c55429942dd415ede,chunk_focused_128,chunk,focused,0.0,0.6667,1.0,1.0,0.4561,0.5,114.0,1.0,1.0
5a7fa0d55542995d8a8dded3,chunk_focused_128,chunk,focused,0.0,0.0,1.0,1.0,1.0,1.0,118.0,1.0,1.0
5ab7f22a5542991d322237d4,chunk_focused_128,chunk,focused,0.0,0.0,0.0,0.1429,0.3103,0.5,116.0,0.5,0.0
5a84c5545542991dd0999dee,chunk_focused_128,chunk,focused,0.0,0.0,0.0,0.0,1.0,0.5,121.0,0.5,0.0
5aba454855429901930fa794,chunk_focused_128,chunk,focused,0.0,0.0,0.0,0.0,0.4094,0.5,127.0,0.5,0.0
5a85d4ad5542997175ce2050,chunk_focused_128,chunk,focused,1.0,1.0,1.0,1.0,0.7431,0.5,109.0,1.0,1.0
5a74d92555429929fddd84fa,chunk_focused_128,chunk,focused,1.0,1.0,1.0,1.0,0.5948,0.5,116.0,1.0,1.0
5ae64b1d55429929b0807b24,chunk_focused_128,chunk,focused,0.0,0.0,0.0,0.3333,0.5246,0.5,122.0,1.0,1.0
5ab9dd4c554299232ef4a22f,chunk_focused_128,chunk,focused,0.0,0.0,1.0,1.0,1.0,1.0,127.0,1.0,1.0
5ab7bf3f5542991d322237a8,chunk_focused_128,chunk,focused,1.0,1.0,1.0,1.0,0.552,1.0,125.0,1.0,1.0
5a721dfd55429971e9dc928b,chunk_focused_128,chunk,focused,0.0,0.4,1.0,1.0,0.807,1.0,114.0,1.0,1.0
5a87bd4e5542996432c57279,chunk_focused_128,chunk,focused,1.0,1.0,1.0,1.0,0.8468,1.0,124.0,1.0,1.0
5a87081755429960ec39b6fe,chunk_focused_128,chunk,focused,0.0,0.0,0.0,0.0,0.6328,0.5,128.0,1.0,1.0
5ae0e0125542993d6555ec79,chunk_focused_128,chunk,focused,0.0,0.6667,1.0,1.0,1.0,1.0,113.0,1.0,1.0
5ae409d955429970de88d89d,chunk_focused_128,chunk,focused,0.0,0.0,0.0,0.6667,0.4167,0.5,120.0,1.0,1.0
5ac270025542990b17b15390,chunk_focused_128,chunk,focused,0.0,0.0,0.0,0.0,0.5167,0.5,120.0,0.5,0.0
5adc459255429944faac24ad,chunk_focused_128,chunk,focused,0.0,0.0,0.0,0.0,0.6429,0.5,126.0,1.0,1.0
5ade1c9e55429939a52fe822,chunk_focused_128,chunk,focused,1.0,1.0,1.0,1.0,0.6179,0.5,123.0,1.0,1.0
5ac270e05542992f1f2b38c9,chunk_focused_128,chunk,focused,1.0,1.0,1.0,1.0,1.0,1.0,125.0,1.0,1.0
5a7363465542991f29ee2dd5,chunk_focused_128,chunk,focused,1.0,1.0,1.0,1.0,0.4917,1.0,120.0,1.0,1.0
5add43335542995b365faae1,chunk_focused_128,chunk,focused,0.0,0.0,0.0,0.3333,0.0,0.0,126.0,0.5,0.0
5ae67dba55429908198fa5f0,chunk_focused_128,chunk,focused,0.0,0.0,0.0,0.0,0.4297,0.5,128.0,0.5,0.0
5a8a6b625542996c9b8d5ed9,chunk_focused_128,chunk,focused,0.0,0.0,0.0,0.0,0.2302,0.5,126.0,0.5,0.0
5ade86b255429939a52fe8e0,chunk_focused_128,chunk,focused,0.0,0.6667,0.0,0.5,0.3543,0.5,127.0,1.0,1.0
5ac007cc5542996f0d89cb0b,chunk_focused_128,chunk,focused,1.0,1.0,1.0,1.0,0.6328,0.5,128.0,1.0,1.0
5adea9ea55429939a52fe934,chunk_focused_128,chunk,focused,1.0,1.0,1.0,1.0,1.0,1.0,112.0,1.0,1.0
5a8393665542990548d0b1ea,chunk_focused_128,chunk,focused,1.0,1.0,0.0,0.0,0.3276,0.5,116.0,0.5,0.0
5ae3fd2c5542995dadf2428f,chunk_focused_128,chunk,focused,0.0,0.0,0.0,0.0,0.4141,0.5,128.0,1.0,1.0
5ab2b630554299545a2cfa17,chunk_focused_128,chunk,focused,0.0,0.0,0.0,0.0,0.6695,0.5,118.0,1.0,1.0
5a7aa5e75542992d025e66d9,chunk_focused_128,chunk,focused,0.0,0.0,1.0,1.0,0.8235,1.0,119.0,1.0,1.0
5abe34095542993f32c2a088,chunk_focused_128,chunk,focused,0.0,0.8,1.0,1.0,0.3387,0.5,124.0,1.0,1.0
5ac373195542995ef918c199,chunk_focused_128,chunk,focused,0.0,0.0,0.0,0.0,0.4426,0.5,122.0,0.5,0.0
5a82bb3c55429966c78a6a86,chunk_focused_128,chunk,focused,0.0,0.8,0.0,0.3333,0.4216,0.5,102.0,1.0,1.0
5a8080365542992097ad2fed,chunk_focused_128,chunk,focused,0.0,0.6667,0.0,0.5,0.8772,0.5,114.0,1.0,1.0
5a8f8e4d55429918e830d260,chunk_focused_128,chunk,focused,0.0,0.0,0.0,0.1667,0.2124,0.5,113.0,1.0,1.0
5ac3bff15542995ef918c213,chunk_focused_128,chunk,focused,0.0,0.7692,1.0,1.0,0.6532,1.0,124.0,1.0,1.0
5a7456ec55429979e288290f,chunk_focused_128,chunk,focused,1.0,1.0,1.0,1.0,0.6585,0.5,123.0,1.0,1.0
5a8f1adc554299458435d577,chunk_focused_128,chunk,focused,0.0,0.0,0.0,0.0,0.3548,0.5,124.0,1.0,1.0
5ac29da5554299218029dac3,chunk_focused_128,chunk,focused,1.0,1.0,1.0,1.0,0.72,1.0,125.0,1.0,1.0
5ae0d52e554299603e418469,chunk_focused_128,chunk,focused,0.0,0.0,0.0,0.5,0.3879,0.5,116.0,0.5,0.0
5a80b52f554299485f5986d6,chunk_focused_128,chunk,focused,0.0,0.0,1.0,1.0,0.65,1.0,120.0,1.0,1.0
5a807b44554299485f59860a,chunk_focused_128,chunk,focused,1.0,1.0,1.0,1.0,1.0,1.0,105.0,1.0,1.0
5a74ce9655429974ef308c6c,chunk_focused_128,chunk,focused,1.0,1.0,1.0,1.0,0.4516,1.0,124.0,1.0,1.0
5a776a7055429966f1a36d32,chunk_focused_128,chunk,focused,0.0,0.0,1.0,1.0,0.547,0.5,117.0,0.5,0.0
5ac13f425542991316484a96,chunk_focused_128,chunk,focused,0.0,0.2857,1.0,1.0,0.5526,0.5,114.0,1.0,1.0
5a74547755429979e2882900,chunk_focused_128,chunk,focused,0.0,0.0,0.0,0.75,0.3388,0.5,121.0,0.5,0.0
5a7d72bb5542990b8f50398e,chunk_focused_128,chunk,focused,0.0,0.4444,1.0,1.0,1.0,1.0,127.0,1.0,1.0
5abdb8ba5542993f32c2a015,chunk_focused_128,chunk,focused,0.0,0.0,1.0,1.0,0.685,1.0,127.0,1.0,1.0
5a75da235542992db94736f9,chunk_focused_128,chunk,focused,0.0,0.8,0.0,1.0,0.4646,0.5,127.0,1.0,1.0
5adcf48e5542992c1e3a24d4,chunk_focused_128,chunk,focused,1.0,1.0,1.0,1.0,0.5439,1.0,114.0,1.0,1.0
5ac3d1d9554299204fd21e8a,chunk_focused_128,chunk,focused,1.0,1.0,0.0,0.0,0.4746,0.5,118.0,1.0,1.0
5a8dafbd554299068b959da0,chunk_focused_128,chunk,focused,0.0,0.0,0.0,0.0,0.0,0.0,122.0,0.0,0.0
5a8eb4d65542990e94052b82,chunk_focused_128,chunk,focused,1.0,1.0,1.0,1.0,0.5593,1.0,118.0,1.0,1.0
5a8f55f9554299458435d5bd,chunk_focused_128,chunk,focused,0.0,0.0,1.0,1.0,0.5619,0.5,105.0,1.0,1.0
5ac1846d55429964131be20b,chunk_focused_128,chunk,focused,0.0,0.6667,0.0,0.0,0.2523,0.5,107.0,0.5,0.0
5a9073405542995b442420bb,chunk_focused_128,chunk,focused,0.0,0.6667,1.0,1.0,1.0,1.0,127.0,1.0,1.0
5ade9c9c5542997c77adee8c,chunk_focused_128,chunk,focused,0.0,0.0,1.0,1.0,0.646,0.5,113.0,0.5,0.0
5ae151985542990adbacf74d,chunk_focused_128,chunk,focused,1.0,1.0,1.0,1.0,0.5766,0.5,111.0,1.0,1.0
5ac1436f5542991316484aad,chunk_focused_128,chunk,focused,0.0,0.0,0.0,0.3333,0.0,0.0,118.0,1.0,1.0
5ae269955542992decbdccf3,chunk_focused_128,chunk,focused,0.0,0.0,0.0,0.25,0.375,0.5,128.0,0.5,0.0
5a803d695542996402f6a494,chunk_focused_128,chunk,focused,0.0,0.0,1.0,1.0,0.359,1.0,117.0,1.0,1.0
5a7b493855429931da12ca58,chunk_focused_128,chunk,focused,0.0,0.0,0.0,0.0,0.0,0.0,126.0,1.0,1.0
5a78d16455429974737f78bb,chunk_focused_128,chunk,focused,0.0,0.8,1.0,1.0,0.328,1.0,125.0,1.0,1.0
5ae78f3b554299540e5a5608,chunk_focused_128,chunk,focused,0.0,0.0,1.0,1.0,1.0,1.0,105.0,1.0,1.0
5a80c79155429938b61421da,chunk_focused_128,chunk,focused,1.0,1.0,1.0,1.0,0.6484,1.0,128.0,1.0,1.0
5a7100435542994082a3e4a3,chunk_focused_128,chunk,focused,0.0,0.0,0.0,0.4,0.7143,1.0,126.0,1.0,1.0
5a8f08c2554299458435d531,chunk_focused_128,chunk,focused,1.0,1.0,1.0,1.0,0.9355,1.0,124.0,1.0,1.0
5adca8215542994ed6169bbc,chunk_focused_128,chunk,focused,0.0,0.4,0.0,0.3333,0.6,0.5,125.0,0.5,0.0
5add6b595542992200553b0c,chunk_focused_128,chunk,focused,0.0,0.0,0.0,0.0,0.4444,0.5,126.0,0.5,0.0
5a8ef2a75542995a26add583,chunk_focused_128,chunk,focused,1.0,1.0,1.0,1.0,1.0,1.0,106.0,1.0,1.0
5a74684655429929fddd8410,chunk_focused_128,chunk,focused,0.0,0.6667,1.0,1.0,1.0,1.0,101.0,1.0,1.0
5ae635505542992ae0d16282,chunk_focused_128,chunk,focused,0.0,0.0,1.0,1.0,0.3952,1.0,124.0,1.0,1.0
5a7b55375542995eb53be91f,chunk_focused_128,chunk,focused,0.0,0.0,0.0,0.0,0.5397,0.5,126.0,1.0,1.0
5ae3263455429928c4239634,chunk_focused_128,chunk,focused,1.0,1.0,1.0,1.0,0.5043,0.5,117.0,1.0,1.0
5a719bf25542994082a3e891,chunk_focused_128,chunk,focused,0.0,0.0,0.0,0.0,0.6299,0.5,127.0,0.5,0.0
5ae618325542996de7b71b56,chunk_focused_128,chunk,focused,0.0,0.0,0.0,0.0,0.4397,0.5,116.0,1.0,1.0
5ab7f0015542992aa3b8c88b,chunk_focused_128,chunk,focused,0.0,0.0,1.0,1.0,0.5591,0.5,127.0,0.5,0.0
5a7dafe15542991319bc93f3,chunk_focused_128,chunk,focused,0.0,0.0,0.0,0.0,0.4454,0.5,119.0,0.5,0.0
5a90c8165542995651fb51ee,chunk_focused_128,chunk,focused,0.0,0.6667,0.0,1.0,0.625,1.0,128.0,1.0,1.0
5ab47e0a5542990594ba9c32,chunk_focused_128,chunk,focused,0.0,0.0,0.0,0.0,0.5391,0.5,115.0,0.5,0.0
5a88abf75542997e5c09a6a1,chunk_focused_128,chunk,focused,0.0,0.0,1.0,1.0,0.0,0.0,125.0,0.0,0.0
5a8e41735542995085b37406,chunk_focused_128,chunk,focused,0.0,0.0,1.0,1.0,0.752,1.0,125.0,1.0,1.0
5ae0968955429924de1b7105,chunk_focused_128,chunk,focused,0.0,0.0,1.0,1.0,0.439,1.0,123.0,1.0,1.0
5ac0d9a35542992a796ded90,chunk_focused_128,chunk,focused,0.0,0.0,0.0,0.0,0.8241,1.0,108.0,1.0,1.0
5adf4b335542993a75d264a5,chunk_focused_128,chunk,focused,0.0,0.4,1.0,1.0,0.5588,0.5,102.0,1.0,1.0
5a7a8a9c554299042af8f666,chunk_focused_128,chunk,focused,1.0,1.0,1.0,1.0,0.717,1.0,106.0,1.0,1.0
5ae6914755429908198fa627,chunk_focused_128,chunk,focused,0.0,0.0,0.0,0.0,0.2833,0.5,120.0,1.0,1.0
5a85f8665542994775f606ce,chunk_focused_128,chunk,focused,1.0,1.0,1.0,1.0,1.0,1.0,119.0,1.0,1.0
5a8135cc55429903bc27b943,chunk_focused_128,chunk,focused,0.0,0.6667,1.0,1.0,0.4918,0.5,122.0,1.0,1.0
5a738b855542992d56e7e363,chunk_focused_128,chunk,focused,1.0,1.0,1.0,1.0,1.0,1.0,121.0,1.0,1.0
5ade0fb95542997545bbbe39,chunk_focused_128,chunk,focused,0.0,0.5,0.0,0.5,0.5275,0.5,91.0,1.0,1.0
5adf715b5542992d7e9f9354,chunk_focused_128,chunk,focused,0.0,0.0,0.0,0.0,0.1811,0.5,127.0,0.5,0.0
5ae07c6255429924de1b70d6,chunk_focused_128,chunk,focused,0.0,0.0,0.0,0.5,1.0,1.0,125.0,1.0,1.0
5ab42d5755429942dd415eaf,chunk_focused_128,chunk,focused,0.0,0.0,0.0,0.0,0.5189,0.5,106.0,1.0,1.0
5abc0ba05542996583600409,chunk_focused_128,chunk,focused,0.0,0.0,1.0,1.0,0.3833,0.5,120.0,0.5,0.0
5ae8164d5542994a481bbeb6,chunk_focused_128,chunk,focused,0.0,0.0,0.0,0.3333,0.5,0.5,116.0,0.5,0.0
5a84f4c75542997175ce1f31,chunk_focused_128,chunk,focused,0.0,0.3333,1.0,1.0,0.3434,0.5,99.0,1.0,1.0
5adfb4b8554299603e418381,chunk_focused_128,chunk,focused,0.0,0.0,1.0,1.0,0.7008,1.0,127.0,1.0,1.0
5ab51dae5542991779162d82,chunk_focused_128,chunk,focused,0.0,0.0,0.0,0.0,0.7398,1.0,123.0,1.0,1.0
5a774e415542994aec3b7280,chunk_focused_128,chunk,focused,1.0,1.0,1.0,1.0,0.7244,1.0,127.0,1.0,1.0
5ab84c6955429916710eb021,chunk_focused_128,chunk,focused,0.0,0.0,1.0,1.0,1.0,1.0,117.0,1.0,1.0
5a7339c85542991f9a20c6a2,chunk_focused_128,chunk,focused,0.0,0.5,0.0,0.5,0.6637,0.5,113.0,1.0,1.0
5ab97b27554299131ca4233c,chunk_focused_128,chunk,focused,0.0,0.0,1.0,1.0,0.6142,0.5,127.0,1.0,1.0
5adcdf455542994ed6169c11,chunk_focused_128,chunk,focused,0.0,0.5,1.0,1.0,1.0,1.0,118.0,1.0,1.0
5aba74ad55429955dce3ee35,chunk_focused_128,chunk,focused,0.0,0.0,0.0,0.0,0.4882,1.0,127.0,1.0,1.0
5a83316b5542993344745fe5,chunk_focused_128,chunk,focused,0.0,0.0,0.0,0.6667,0.5285,0.5,123.0,1.0,1.0
5ae7ee41554299540e5a56b0,chunk_focused_128,chunk,focused,1.0,1.0,1.0,1.0,0.5492,1.0,122.0,1.0,1.0
5ab9379a554299753720f79d,chunk_focused_128,chunk,focused,0.0,0.2857,1.0,1.0,0.7087,1.0,127.0,1.0,1.0
5adf21bc5542993344016bf4,chunk_focused_128,chunk,focused,1.0,1.0,1.0,1.0,1.0,1.0,127.0,1.0,1.0
5a8e3ed7554299068b959e82,chunk_focused_128,chunk,focused,0.0,0.0,0.0,0.0,1.0,1.0,119.0,1.0,1.0
5a7d2b5755429907fabef0c2,chunk_focused_128,chunk,focused,0.0,0.0,1.0,1.0,1.0,1.0,119.0,1.0,1.0
5a74c3f455429979e2882a0a,chunk_focused_128,chunk,focused,0.0,0.0,1.0,1.0,1.0,1.0,108.0,1.0,1.0
5a7a06525542990198eaf04f,chunk_focused_128,chunk,focused,0.0,0.0,1.0,1.0,0.8425,1.0,127.0,1.0,1.0
5ab2ce27554299545a2cfa98,chunk_focused_128,chunk,focused,0.0,0.0,0.0,0.0,0.25,0.5,96.0,0.5,0.0
5a810506554299260e20a202,chunk_focused_128,chunk,focused,1.0,1.0,1.0,1.0,0.8644,1.0,118.0,1.0,1.0
5ab2999a554299194fa9342f,chunk_focused_128,chunk,focused,0.0,0.0,0.0,0.4,0.584,0.5,125.0,1.0,1.0
5ab9d6ef5542994dbf01985b,chunk_focused_128,chunk,focused,1.0,1.0,1.0,1.0,0.6612,0.5,121.0,1.0,1.0
5a7ba4765542995eb53be976,chunk_focused_128,chunk,focused,1.0,1.0,1.0,1.0,0.6774,1.0,124.0,1.0,1.0
5ac294b955429921a00aafd0,chunk_focused_128,chunk,focused,1.0,1.0,0.0,0.0,0.648,0.5,125.0,1.0,1.0
5a773d8955429966f1a36cc4,chunk_focused_128,chunk,focused,0.0,0.0,0.0,0.0,0.0,0.0,120.0,0.0,0.0
5ae0f5fc554299422ee9957c,chunk_focused_128,chunk,focused,0.0,0.0,1.0,1.0,0.6129,0.5,124.0,1.0,1.0
5a8edb7f55429917b4a5bdeb,chunk_focused_128,chunk,focused,0.0,0.0,0.0,0.75,0.4531,0.5,128.0,1.0,1.0
5ae612f3554299546bf83065,chunk_focused_128,chunk,focused,1.0,1.0,1.0,1.0,1.0,1.0,121.0,1.0,1.0
5a88db445542993b751ca88a,chunk_focused_128,chunk,focused,1.0,1.0,1.0,1.0,0.7043,1.0,115.0,1.0,1.0
5a7a33a35542994f819ef14c,chunk_focused_128,chunk,focused,0.0,0.0,1.0,1.0,0.8319,1.0,119.0,1.0,1.0
5ab8ae585542991b5579efd8,chunk_focused_128,chunk,focused,1.0,1.0,1.0,1.0,0.712,1.0,125.0,1.0,1.0
5ab9535a5542996be202047e,chunk_focused_128,chunk,focused,0.0,0.0,0.0,0.0,1.0,0.5,120.0,1.0,1.0
5adeffa85542992d7e9f926f,chunk_focused_128,chunk,focused,0.0,0.0,1.0,1.0,0.3871,0.5,124.0,1.0,1.0
5abcfc365542993a06baf9d6,chunk_focused_128,chunk,focused,0.0,0.0,0.0,0.0,0.0,0.0,118.0,0.5,0.0
5a8b3de95542997f31a41cc3,chunk_focused_128,chunk,focused,0.0,0.0,1.0,1.0,0.8672,1.0,128.0,1.0,1.0
5a8587dd5542997b5ce40000,chunk_focused_128,chunk,focused,0.0,0.0,1.0,1.0,0.5938,1.0,128.0,1.0,1.0
5ae55e6855429960a22e02d0,chunk_focused_128,chunk,focused,1.0,1.0,1.0,1.0,1.0,1.0,122.0,1.0,1.0
5a80c74f554299260e20a158,chunk_focused_128,chunk,focused,0.0,0.4,1.0,1.0,1.0,1.0,126.0,1.0,1.0
5a7543d555429916b01642ce,chunk_focused_128,chunk,focused,1.0,1.0,0.0,0.5,0.7353,0.5,102.0,1.0,1.0
5a831af855429954d2e2ec1e,chunk_focused_128,chunk,focused,0.0,0.0,0.0,0.0,0.6457,1.0,127.0,1.0,1.0
5ae7909f5542994a481bbda6,chunk_focused_128,chunk,focused,0.0,0.0,0.0,0.5,0.536,0.5,125.0,1.0,1.0
5a89d26b5542992e4fca83d1,chunk_focused_128,chunk,focused,1.0,1.0,1.0,1.0,1.0,1.0,118.0,1.0,1.0
5ade279e5542992fa25da6fa,chunk_focused_128,chunk,focused,1.0,1.0,1.0,1.0,1.0,1.0,126.0,1.0,1.0
5adc5b875542996e68525328,chunk_focused_128,chunk,focused,0.0,0.0,0.0,0.0,0.6667,0.5,123.0,0.5,0.0
5ae686535542996d980e7bdc,chunk_focused_128,chunk,focused,1.0,1.0,1.0,1.0,0.5234,0.5,107.0,1.0,1.0
5a7c25035542997c3ec972e5,chunk_focused_128,chunk,focused,1.0,1.0,1.0,1.0,0.7573,1.0,103.0,1.0,1.0
5adebc51554299728e26c799,chunk_focused_128,chunk,focused,0.0,0.0,1.0,1.0,0.3448,0.5,116.0,0.5,0.0
5a88a19a5542997e5c09a64b,chunk_focused_128,chunk,focused,0.0,0.0,0.0,0.0,0.0,0.0,96.0,0.5,0.0
5a81346055429926c1cdad13,chunk_focused_128,chunk,focused,0.0,0.2,1.0,1.0,0.75,1.0,120.0,1.0,1.0
5aded04755429975fa854fa7,chunk_focused_128,chunk,focused,0.0,0.2857,1.0,1.0,1.0,1.0,116.0,1.0,1.0
5a85f4ec5542994775f606c6,chunk_focused_128,chunk,focused,1.0,1.0,1.0,1.0,1.0,1.0,124.0,1.0,1.0
5a7cdd6b55429909bec76858,chunk_focused_128,chunk,focused,1.0,1.0,1.0,1.0,0.5203,0.5,123.0,1.0,1.0
5a832e715542990548d0b1bf,chunk_focused_128,chunk,focused,1.0,1.0,1.0,1.0,1.0,1.0,126.0,1.0,1.0
5adf73a45542992d7e9f9378,chunk_focused_128,chunk,focused,0.0,0.8,0.0,0.6667,0.5902,0.5,122.0,1.0,1.0
5ae328df55429928c423963c,chunk_focused_128,chunk,focused,0.0,0.6667,1.0,1.0,0.2742,0.5,124.0,1.0,1.0
5a8e0cb85542995085b373b2,chunk_focused_128,chunk,focused,1.0,1.0,1.0,1.0,1.0,1.0,105.0,1.0,1.0
5abe94fd55429965af743f37,chunk_focused_128,chunk,focused,0.0,0.0,0.0,0.0,1.0,1.0,119.0,1.0,1.0
5a7758895542994aec3b729c,chunk_focused_128,chunk,focused,0.0,0.0,1.0,1.0,0.5133,0.5,113.0,1.0,1.0
5abd09585542996e802b469b,chunk_focused_128,chunk,focused,0.0,0.0,0.0,0.0,0.4237,0.5,118.0,0.5,0.0
5abc0bea554299658360040d,chunk_focused_128,chunk,focused,0.0,0.5,0.0,0.3333,0.4206,0.5,126.0,0.5,0.0
5ac0805f5542992a796ded29,chunk_focused_128,chunk,focused,0.0,0.0,1.0,1.0,1.0,1.0,123.0,1.0,1.0
5a888fe6554299206df2b2f7,chunk_focused_128,chunk,focused,1.0,1.0,1.0,1.0,0.9609,1.0,128.0,1.0,1.0
5a7757215542993569682d58,chunk_focused_128,chunk,focused,0.0,0.0,0.0,0.0,0.5,0.5,128.0,0.5,0.0
5a77a65b5542992a6e59df57,chunk_focused_128,chunk,focused,1.0,1.0,1.0,1.0,0.7069,1.0,116.0,1.0,1.0
5ae12a4b55429920d52342df,chunk_focused_128,chunk,focused,0.0,0.0,0.0,0.0,0.3689,0.5,122.0,0.5,0.0
5a89f5815542993b751ca9c5,chunk_focused_128,chunk,focused,1.0,1.0,1.0,1.0,1.0,1.0,126.0,1.0,1.0
5ae531a95542990ba0bbb1fc,chunk_focused_128,chunk,focused,0.0,0.0,0.0,0.0,0.5487,0.5,113.0,0.5,0.0
5a7b443c5542992d025e67ce,chunk_focused_128,chunk,focused,0.0,0.0,0.0,0.0,0.5593,0.5,118.0,0.5,0.0
5abe436455429976d4830ac6,chunk_focused_128,chunk,focused,1.0,1.0,1.0,1.0,0.6639,0.5,122.0,1.0,1.0
5ae5c74d554299546bf82f58,chunk_focused_128,chunk,focused,1.0,1.0,1.0,1.0,0.5918,0.5,98.0,1.0,1.0
5ae3e5d05542994393b9e79f,chunk_focused_128,chunk,focused,1.0,1.0,1.0,1.0,0.3947,0.5,114.0,1.0,1.0
5a72f74a55429901807daf59,chunk_focused_128,chunk,focused,0.0,0.0,1.0,1.0,0.7174,0.5,92.0,0.5,0.0
5ae54eea5542993aec5ec19d,chunk_focused_128,chunk,focused,1.0,1.0,1.0,1.0,0.5,1.0,128.0,1.0,1.0
5a8e32d35542995a26add480,chunk_focused_128,chunk,focused,1.0,1.0,1.0,1.0,0.4141,0.5,128.0,1.0,1.0
5a8230af554299676cceb227,chunk_focused_128,chunk,focused,0.0,0.0,0.0,0.0,0.0,0.0,123.0,1.0,1.0
5ae7316e554299572ea5477e,chunk_focused_128,chunk,focused,0.0,0.5714,1.0,1.0,0.5,0.5,122.0,1.0,1.0
5ac194db55429964131be23a,chunk_focused_128,chunk,focused,0.0,0.0,1.0,1.0,1.0,1.0,120.0,1.0,1.0
5ab2979c554299449642c919,chunk_focused_128,chunk,focused,0.0,0.7273,0.0,0.8571,0.456,0.5,125.0,1.0,1.0
5a86e6f65542994775f6077c,chunk_focused_128,chunk,focused,0.0,0.6667,1.0,1.0,1.0,1.0,121.0,1.0,1.0
5a85ee635542994775f606b4,chunk_focused_128,chunk,focused,0.0,0.5,1.0,1.0,0.0,0.0,99.0,1.0,1.0
5abbfa8f55429965836003cc,chunk_focused_128,chunk,focused,0.0,0.0,1.0,1.0,0.7717,1.0,127.0,1.0,1.0
5ae3789b5542992e3233c412,chunk_focused_128,chunk,focused,0.0,0.2857,0.0,0.6667,0.6457,0.5,127.0,1.0,1.0
5ab344fc55429969a97a811e,chunk_focused_128,chunk,focused,1.0,1.0,0.0,0.0,0.746,1.0,126.0,1.0,1.0
5a7a88e455429941d65f268c,chunk_focused_128,chunk,focused,0.0,0.0,1.0,1.0,1.0,1.0,120.0,1.0,1.0
5a8634fe554299211dda2aac,chunk_focused_128,chunk,focused,1.0,1.0,1.0,1.0,1.0,1.0,120.0,1.0,1.0
5ae54b4f5542990ba0bbb261,chunk_focused_128,chunk,focused,0.0,0.0,0.0,0.0,0.4783,0.5,115.0,1.0,1.0
5ac25fa955429951e9e6858c,chunk_focused_128,chunk,focused,0.0,0.0,0.0,0.3333,0.1984,0.5,126.0,0.5,0.0
5ab44cd555429942dd415f10,chunk_focused_128,chunk,focused,0.0,0.0,1.0,1.0,0.4567,1.0,127.0,1.0,1.0
5a761e855542994ccc9186e0,chunk_focused_128,chunk,focused,0.0,0.0,1.0,1.0,0.8115,1.0,122.0,1.0,1.0
5a87defa5542993e715abfec,chunk_focused_128,chunk,focused,0.0,0.0,1.0,1.0,1.0,1.0,112.0,1.0,1.0
5ab827a555429934fafe6cf5,chunk_focused_128,chunk,focused,0.0,0.0,0.0,0.25,0.5047,0.5,107.0,0.5,0.0
5ab5fcae554299110f2199ad,chunk_focused_128,chunk,focused,1.0,1.0,1.0,1.0,0.6585,1.0,123.0,1.0,1.0
5abd01205542992ac4f3819b,chunk_focused_128,chunk,focused,0.0,0.0,0.0,0.0,0.4917,0.5,120.0,0.5,0.0
5ae3305c55429928c423965f,chunk_focused_128,chunk,focused,0.0,0.0,0.0,0.0,0.4173,0.5,127.0,0.5,0.0
5ac249bd55429951e9e68528,chunk_focused_128,chunk,focused,0.0,0.0,0.0,0.5,0.514,0.5,107.0,1.0,1.0
5adf98215542993344016d19,chunk_focused_128,chunk,focused,1.0,1.0,1.0,1.0,0.4083,0.5,120.0,1.0,1.0
5a745a6055429974ef308be4,chunk_focused_128,chunk,focused,1.0,1.0,1.0,1.0,0.6354,0.5,96.0,1.0,1.0
5ab9d2e255429955dce3ed90,chunk_focused_128,chunk,focused,0.0,0.0,0.0,0.0,0.2385,0.5,109.0,1.0,1.0
5a8ea03e5542990e94052b81,chunk_focused_128,chunk,focused,0.0,0.0,0.0,0.0,0.232,0.5,125.0,1.0,1.0
5a9052765542995651fb513d,chunk_focused_128,chunk,focused,0.0,0.8,0.0,0.6667,0.0,0.0,128.0,1.0,1.0
5adbd3405542994650320bf8,chunk_focused_128,chunk,focused,0.0,0.0,0.0,0.3333,1.0,1.0,111.0,1.0,1.0
5ae1091055429920d523429b,chunk_focused_128,chunk,focused,1.0,1.0,1.0,1.0,0.5714,0.5,119.0,1.0,1.0
5add7b0c5542992200553b39,chunk_focused_128,chunk,focused,1.0,1.0,1.0,1.0,1.0,1.0,106.0,1.0,1.0
5ae236da5542994d89d5b397,chunk_focused_128,chunk,focused,0.0,0.0,0.0,0.0,0.3879,0.5,116.0,0.5,0.0
5abbd3ac55429931dba1458b,chunk_focused_128,chunk,focused,1.0,1.0,0.0,0.0,0.448,1.0,125.0,1.0,1.0
5abe535055429976d4830aea,chunk_focused_128,chunk,focused,0.0,0.0,1.0,1.0,0.4,0.5,125.0,0.5,0.0
5ac3a2fa5542993915413857,chunk_focused_128,chunk,focused,1.0,1.0,1.0,1.0,0.5505,0.5,109.0,0.5,0.0
5ab58f9a554299488d4d99da,chunk_focused_128,chunk,focused,0.0,0.8,1.0,1.0,0.4065,0.5,123.0,0.5,0.0
5abd0b6b5542996e802b46b4,chunk_focused_128,chunk,focused,0.0,0.6667,1.0,1.0,0.6068,0.5,117.0,1.0,1.0
5ae76e615542997ec2727647,chunk_focused_128,chunk,focused,1.0,1.0,1.0,1.0,1.0,1.0,121.0,1.0,1.0
5a7d1868554299452d57bae2,chunk_focused_128,chunk,focused,0.0,0.4,1.0,1.0,0.6195,1.0,113.0,1.0,1.0
5a8682755542996432c571cf,chunk_focused_128,chunk,focused,0.0,0.5,1.0,1.0,0.7717,1.0,127.0,1.0,1.0
5ac02d59554299294b218f3b,chunk_focused_128,chunk,focused,0.0,0.25,1.0,1.0,1.0,1.0,126.0,1.0,1.0
5aba71be5542994dbf01990c,chunk_focused_128,chunk,focused,1.0,1.0,1.0,1.0,0.216,0.5,125.0,1.0,1.0
5a7b77d95542997c3ec971a5,chunk_focused_128,chunk,focused,0.0,0.4,0.0,0.5,0.6667,0.5,120.0,0.5,0.0
5aba9813554299232ef4a357,chunk_focused_128,chunk,focused,1.0,1.0,1.0,1.0,1.0,1.0,120.0,1.0,1.0
5ab6993f554299110f219a2b,chunk_focused_128,chunk,focused,0.0,0.0,0.0,0.0,0.2339,0.5,124.0,1.0,1.0
5adc7dbf5542994d58a2f618,chunk_focused_128,chunk,focused,0.0,0.0,1.0,1.0,0.4463,0.5,121.0,1.0,1.0
5a7c572655429935c91b5166,chunk_focused_128,chunk,focused,0.0,0.0,1.0,1.0,0.6634,1.0,101.0,1.0,1.0
5ab746c8554299110f219aef,chunk_focused_128,chunk,focused,0.0,0.0,0.0,0.0,0.5676,0.5,111.0,1.0,1.0
5ab262a4554299340b5254ac,chunk_focused_128,chunk,focused,1.0,1.0,1.0,1.0,0.6975,0.5,119.0,0.5,0.0
5ac38bf355429939154137ba,chunk_focused_128,chunk,focused,0.0,0.0,0.0,0.5,0.4803,0.5,127.0,1.0,1.0
5adefdd75542995ec70e8f4e,chunk_focused_128,chunk,focused,0.0,0.0,0.0,0.5,0.0,0.0,126.0,0.0,0.0
5a85cead5542991dd0999ea9,chunk_focused_128,chunk,focused,0.0,0.0,0.0,0.0,0.6457,0.5,127.0,0.5,0.0
5a7e36815542995ed0d166d4,chunk_focused_128,chunk,focused,0.0,0.5714,1.0,1.0,0.3009,0.5,113.0,1.0,1.0
5a713f395542994082a3e6ea,chunk_focused_128,chunk,focused,0.0,0.4,1.0,1.0,0.819,1.0,116.0,1.0,1.0
5ae1338d55429901ffe4ade1,chunk_focused_128,chunk,focused,0.0,0.0,0.0,0.0,0.3388,0.5,121.0,1.0,1.0
5a75f7db5542994ccc918670,chunk_focused_128,chunk,focused,1.0,1.0,1.0,1.0,1.0,1.0,107.0,1.0,1.0
5ab8f4ee5542991b5579f091,chunk_focused_128,chunk,focused,1.0,1.0,1.0,1.0,0.5156,1.0,128.0,1.0,1.0
5abc0aba55429959677d6a00,chunk_focused_128,chunk,focused,0.0,0.0,0.0,0.6667,0.4553,0.5,123.0,1.0,1.0
5ae12d5355429920d52342eb,chunk_focused_128,chunk,focused,0.0,0.0,0.0,0.0,0.459,0.5,122.0,0.5,0.0
5a7a276d5542996c55b2dd27,chunk_focused_128,chunk,focused,0.0,0.8571,1.0,1.0,0.4476,0.5,105.0,1.0,1.0
5ab5744e554299494045efdf,chunk_focused_128,chunk,focused,0.0,0.0,0.0,0.0,0.25,0.5,104.0,0.5,0.0
5ab5c6e55542997d4ad1f1db,chunk_focused_128,chunk,focused,0.0,0.4,0.0,0.5,0.5873,1.0,126.0,1.0,1.0
5a74feb75542996c70cfae6d,chunk_focused_128,chunk,focused,1.0,1.0,1.0,1.0,0.6864,0.5,118.0,1.0,1.0
5ab56f7a554299637185c59a,chunk_focused_128,chunk,focused,0.0,0.0,0.0,0.0,0.3504,0.5,117.0,0.5,0.0
5abc5603554299700f9d7875,chunk_focused_128,chunk,focused,0.0,0.0,1.0,1.0,1.0,1.0,127.0,1.0,1.0
5a8cacac554299585d9e3716,chunk_focused_128,chunk,focused,0.0,0.5,1.0,1.0,1.0,1.0,121.0,1.0,1.0
5a8a07725542992d82986e5b,chunk_focused_128,chunk,focused,0.0,0.0,0.0,0.0,0.1455,0.5,110.0,1.0,1.0
5ae2c6bf554299492dc91c6c,chunk_focused_128,chunk,focused,0.0,0.0,1.0,1.0,0.4583,0.5,120.0,1.0,1.0
5a903b7255429933b8a204ae,chunk_focused_128,chunk,focused,0.0,0.5,1.0,1.0,0.4919,1.0,124.0,1.0,1.0
5ab53bee554299637185c526,chunk_focused_128,chunk,focused,0.0,0.0,0.0,0.1429,0.375,0.5,128.0,0.5,0.0
5ab8633c55429919ba4e22d6,chunk_focused_128,chunk,focused,0.0,0.4,0.0,0.3333,0.5827,0.5,127.0,1.0,1.0
5a835a265542992ef85e2281,chunk_focused_128,chunk,focused,0.0,0.5,1.0,1.0,0.5323,1.0,124.0,1.0,1.0
5a74b55455429974ef308c39,chunk_focused_128,chunk,focused,0.0,0.0,0.0,0.0,0.5122,0.5,123.0,0.5,0.0
5ac002705542996f0d89cb05,chunk_focused_128,chunk,focused,0.0,0.6667,1.0,1.0,0.3115,0.5,122.0,1.0,1.0
5a883afc5542994846c1ce48,chunk_focused_128,chunk,focused,1.0,1.0,0.0,0.0,0.4701,0.5,117.0,0.5,0.0
5add38355542990dbb2f7dd0,chunk_focused_128,chunk,focused,0.0,0.0,0.0,0.0,0.8099,0.5,121.0,0.5,0.0
5ac43530554299204fd21f0a,chunk_focused_128,chunk,focused,0.0,0.0,1.0,1.0,0.8516,1.0,128.0,1.0,1.0
5a895f6155429946c8d6e914,chunk_focused_128,chunk,focused,0.0,0.5,0.0,0.5,0.2913,0.5,127.0,1.0,1.0
5a79c9c05542994bb94570a5,chunk_focused_128,chunk,focused,0.0,0.0,1.0,1.0,0.453,0.5,117.0,1.0,1.0
5a8389445542996488c2e450,chunk_focused_128,chunk,focused,1.0,1.0,1.0,1.0,1.0,1.0,124.0,1.0,1.0
5ab236645542993be8fa98c9,chunk_focused_128,chunk,focused,0.0,0.4,1.0,1.0,1.0,1.0,127.0,1.0,1.0
5ac4f7e955429924173fb523,chunk_focused_128,chunk,focused,0.0,0.0,0.0,0.0,0.2683,0.5,123.0,1.0,1.0
5ab1c2bf5542997061209558,chunk_focused_128,chunk,focused,1.0,1.0,1.0,1.0,1.0,1.0,112.0,1.0,1.0
5ade6fcd55429975fa854ecf,chunk_focused_128,chunk,focused,0.0,0.4,1.0,1.0,0.7642,1.0,123.0,1.0,1.0
5ab2b7c1554299166977406a,chunk_focused_128,chunk,focused,1.0,1.0,1.0,1.0,1.0,1.0,111.0,1.0,1.0
5a74b4e555429929fddd84c2,chunk_focused_128,chunk,focused,1.0,1.0,0.0,0.75,0.874,1.0,127.0,1.0,1.0
5a84b5f05542991dd0999da5,chunk_focused_128,chunk,focused,1.0,1.0,1.0,1.0,1.0,1.0,125.0,1.0,1.0
5a83ed9b55429933447460b8,chunk_focused_128,chunk,focused,0.0,0.0,1.0,1.0,0.6984,1.0,126.0,1.0,1.0
5ae491155542995ad6573da3,chunk_focused_128,chunk,focused,1.0,1.0,1.0,1.0,0.6667,0.5,114.0,1.0,1.0
5ae00a27554299025d62a3bb,chunk_focused_128,chunk,focused,0.0,0.0,0.0,0.6667,0.4872,0.5,117.0,1.0,1.0
5a822a5e55429926c1cdae43,chunk_focused_128,chunk,focused,0.0,0.0,1.0,1.0,0.5508,0.5,118.0,1.0,1.0
5ae641f65542992ae0d162a3,chunk_focused_128,chunk,focused,0.0,0.0,0.0,0.0,0.0,0.0,128.0,0.5,0.0
5a77e96c5542995d8318132d,chunk_focused_128,chunk,focused,1.0,1.0,1.0,1.0,0.0,0.0,119.0,0.5,0.0
5ab9d7e4554299232ef4a21f,chunk_focused_128,chunk,focused,0.0,0.0,1.0,1.0,1.0,1.0,121.0,1.0,1.0
5a902d5155429933b8a2048d,chunk_focused_128,chunk,focused,0.0,0.9231,1.0,1.0,0.6555,0.5,119.0,1.0,1.0
5a83c9445542992ef85e2360,chunk_focused_128,chunk,focused,1.0,1.0,0.0,0.3333,0.3061,0.5,98.0,1.0,1.0
5ae236b2554299495565da3e,chunk_focused_128,chunk,focused,1.0,1.0,1.0,1.0,0.6891,1.0,119.0,1.0,1.0
5ae2c4b8554299495565db31,chunk_focused_128,chunk,focused,0.0,0.0,0.0,0.0,0.656,0.5,125.0,0.5,0.0
5a78f8e555429970f5fffe01,chunk_focused_128,chunk,focused,0.0,0.8,1.0,1.0,0.622,1.0,127.0,1.0,1.0
5a8c66db554299585d9e3683,chunk_focused_128,chunk,focused,0.0,0.0,0.0,0.0,0.5537,0.5,121.0,1.0,1.0
5a83108d55429966c78a6b1e,chunk_focused_128,chunk,focused,1.0,1.0,1.0,1.0,0.8537,1.0,123.0,1.0,1.0
5a838fcd5542992ef85e2305,chunk_focused_128,chunk,focused,0.0,0.8,0.0,0.6667,0.3833,0.5,120.0,0.5,0.0
5abc030e554299642a094bdc,chunk_focused_128,chunk,focused,0.0,0.0,0.0,0.3333,0.0,0.0,102.0,1.0,1.0
5abbb64455429931dba144b4,chunk_focused_128,chunk,focused,0.0,0.4,1.0,1.0,0.5217,0.5,115.0,1.0,1.0
5ae236445542992decbdcc69,chunk_focused_128,chunk,focused,1.0,1.0,0.0,1.0,1.0,1.0,116.0,1.0,1.0
5ab844815542992aa3b8c8af,chunk_focused_128,chunk,focused,1.0,1.0,1.0,1.0,0.4956,0.5,113.0,0.5,0.0
5a85b0c85542994c784ddb40,chunk_focused_128,chunk,focused,1.0,1.0,1.0,1.0,0.5273,0.5,110.0,1.0,1.0
5a8752955542994775f607d1,chunk_focused_128,chunk,focused,0.0,0.0,0.0,0.25,0.6016,0.5,123.0,0.5,0.0
5a7f19eb55429934daa2fcdb,chunk_focused_128,chunk,focused,1.0,1.0,1.0,1.0,1.0,1.0,105.0,1.0,1.0
5a72a9145542994cef4bc3c1,chunk_focused_128,chunk,focused,0.0,0.0,0.0,0.0,0.0,0.0,125.0,0.5,0.0
5ade1f1c55429939a52fe82d,chunk_focused_128,chunk,focused,1.0,1.0,1.0,1.0,1.0,1.0,127.0,1.0,1.0
5a89d3e15542992e4fca83d4,chunk_focused_128,chunk,focused,0.0,0.0,1.0,1.0,0.6807,1.0,119.0,1.0,1.0
5ab84dea55429934fafe6d4f,chunk_focused_128,chunk,focused,0.0,0.0,0.0,0.0,0.7188,1.0,128.0,1.0,1.0
5a83438955429966c78a6b61,chunk_focused_128,chunk,focused,1.0,1.0,1.0,1.0,0.3303,0.5,109.0,0.5,0.0
5ae0ec48554299422ee9955a,chunk_focused_128,chunk,focused,0.0,0.4,1.0,1.0,0.5943,0.5,106.0,1.0,1.0
5ab474135542991751b4d77b,chunk_focused_128,chunk,focused,1.0,1.0,1.0,1.0,0.5932,0.5,118.0,1.0,1.0
5a8d838955429941ae14dfe5,chunk_focused_128,chunk,focused,0.0,0.0,1.0,1.0,0.8049,1.0,123.0,1.0,1.0
5aba926f55429901930fa83e,chunk_mmr_128,chunk,mmr,1.0,1.0,1.0,1.0,0.4219,0.5,128.0,0.5,0.0
5ae1fced5542997283cd230e,chunk_mmr_128,chunk,mmr,1.0,1.0,1.0,1.0,0.0,0.0,120.0,1.0,1.0
5a890b895542995153361278,chunk_mmr_128,chunk,mmr,0.0,0.6667,1.0,1.0,0.7018,0.5,114.0,1.0,1.0
5a90b2175542990a984936ae,chunk_mmr_128,chunk,mmr,1.0,1.0,1.0,1.0,0.6825,1.0,126.0,1.0,1.0
5a881cbb55429938390d3ee7,chunk_mmr_128,chunk,mmr,0.0,0.0,0.0,0.0,0.4215,0.5,121.0,0.5,0.0
5a764c0b55429976ec32bd89,chunk_mmr_128,chunk,mmr,0.0,0.1667,1.0,1.0,0.2623,0.5,122.0,1.0,1.0
5ac2da27554299657fa2909f,chunk_mmr_128,chunk,mmr,0.0,0.0,0.0,0.0,0.4653,0.5,101.0,0.5,0.0
5ac26ac15542992f1f2b38bc,chunk_mmr_128,chunk,mmr,0.0,0.0,0.0,0.0,0.0,0.0,103.0,0.5,0.0
5a8a521d5542992d82986f15,chunk_mmr_128,chunk,mmr,0.0,0.3333,0.0,1.0,0.0,0.0,125.0,1.0,1.0
5ae650fb55429929b0807b2e,chunk_mmr_128,chunk,mmr,1.0,1.0,1.0,1.0,0.8519,1.0,108.0,1.0,1.0
5a8bc1b85542997f31a41db8,chunk_mmr_128,chunk,mmr,1.0,1.0,1.0,1.0,0.6102,1.0,118.0,1.0,1.0
5ab209ec554299722f9b4ca2,chunk_mmr_128,chunk,mmr,0.0,0.0,0.0,0.2857,0.448,0.5,125.0,0.5,0.0
5a8bb90f5542996e8ac88a02,chunk_mmr_128,chunk,mmr,0.0,0.0,1.0,1.0,0.184,0.5,125.0,0.5,0.0
5ac31b0a554299741d48a1f0,chunk_mmr_128,chunk,mmr,0.0,0.0,0.0,0.5,0.5547,0.5,128.0,0.5,0.0
5adf3e355542993a75d26440,chunk_mmr_128,chunk,mmr,0.0,0.0,0.0,0.0,0.5794,0.5,126.0,1.0,1.0
5abd245555429924427fcf0f,chunk_mmr_128,chunk,mmr,1.0,1.0,1.0,1.0,0.3386,0.5,127.0,0.5,0.0
5a84b5975542991dd0999da3,chunk_mmr_128,chunk,mmr,0.0,0.0,0.0,0.6667,0.4435,0.5,124.0,1.0,1.0
5a8ba3ff55429971feec4744,chunk_mmr_128,chunk,mmr,0.0,0.0,0.0,0.8,0.5492,0.5,122.0,1.0,1.0
5a8303c255429954d2e2ec01,chunk_mmr_128,chunk,mmr,0.0,0.0,0.0,0.3333,0.0,0.0,116.0,0.5,0.0
5a7b374c5542995eb53be8cc,chunk_mmr_128,chunk,mmr,0.0,0.75,1.0,1.0,0.4921,1.0,126.0,1.0,1.0
5a7b63eb55429931da12ca7e,chunk_mmr_128,chunk,mmr,0.0,0.0,0.0,0.0,0.3145,0.5,124.0,1.0,1.0
5a90492655429933b8a204d8,chunk_mmr_128,chunk,mmr,0.0,0.0,1.0,1.0,0.3629,0.5,124.0,1.0,1.0
5a8a502b5542996c9b8d5ea6,chunk_mmr_128,chunk,mmr,0.0,0.0,0.0,0.0,0.5169,0.5,118.0,1.0,1.0
5ae5a4e5554299546bf82f01,chunk_mmr_128,chunk,mmr,0.0,0.75,1.0,1.0,0.616,0.5,125.0,1.0,1.0
5a78e3b955429974737f78f1,chunk_mmr_128,chunk,mmr,1.0,1.0,1.0,1.0,0.5826,1.0,115.0,1.0,1.0
5a85cd295542997175ce202b,chunk_mmr_128,chunk,mmr,0.0,0.0,0.0,0.0,0.4563,0.5,103.0,0.5,0.0
5add6cf45542992ae4cec55f,chunk_mmr_128,chunk,mmr,0.0,0.0,0.0,0.0,0.4762,0.5,126.0,0.5,0.0
5a86fde6554299211dda2b7f,chunk_mmr_128,chunk,mmr,0.0,0.0,0.0,0.0,0.1984,0.5,126.0,0.5,0.0
5a8198565542995ce29dcc13,chunk_mmr_128,chunk,mmr,0.0,0.0,1.0,1.0,0.3419,0.5,117.0,1.0,1.0
5a79332555429907847277e7,chunk_mmr_128,chunk,mmr,1.0,1.0,1.0,1.0,0.4365,1.0,126.0,1.0,1.0
5ac31602554299741d48a1bf,chunk_mmr_128,chunk,mmr,0.0,0.0,0.0,0.0,0.0,0.0,109.0,0.5,0.0
5ae4a2e25542996836b02cee,chunk_mmr_128,chunk,mmr,1.0,1.0,1.0,1.0,0.7,1.0,120.0,1.0,1.0
5a8192045542995ce29dcc04,chunk_mmr_128,chunk,mmr,1.0,1.0,1.0,1.0,0.5234,1.0,128.0,1.0,1.0
5a817d8c55429903bc27b974,chunk_mmr_128,chunk,mmr,0.0,0.0,1.0,1.0,1.0,1.0,107.0,1.0,1.0
5adf0ae45542992d7e9f9286,chunk_mmr_128,chunk,mmr,0.0,0.0,0.0,0.0,0.3415,0.5,123.0,1.0,1.0
5a7309a15542992359bc320c,chunk_mmr_128,chunk,mmr,1.0,1.0,1.0,1.0,1.0,1.0,111.0,1.0,1.0
5ac54f8d5542993e66e822f5,chunk_mmr_128,chunk,mmr,0.0,0.5,1.0,1.0,0.5197,1.0,127.0,1.0,1.0
5ae5cf625542996de7b71a22,chunk_mmr_128,chunk,mmr,0.0,0.8,1.0,1.0,0.408,0.5,125.0,1.0,1.0
5ae1d5a3554299234fd04319,chunk_mmr_128,chunk,mmr,0.0,0.2857,0.0,0.25,0.0,0.0,120.0,0.5,0.0
5ab6390f5542995eadeeff7a,chunk_mmr_128,chunk,mmr,0.0,0.0,0.0,0.0,0.5294,0.5,119.0,1.0,1.0
5a7344e95542991f9a20c6ce,chunk_mmr_128,chunk,mmr,0.0,0.0,0.0,0.0,1.0,1.0,124.0,1.0,1.0
5ac2ed41554299218029db96,chunk_mmr_128,chunk,mmr,1.0,1.0,1.0,1.0,0.3968,0.5,126.0,1.0,1.0
5ae0536755429924de1b70a6,chunk_mmr_128,chunk,mmr,1.0,1.0,0.0,0.0,0.623,1.0,122.0,1.0,1.0
5aba7cb455429901930fa7eb,chunk_mmr_128,chunk,mmr,0.0,0.25,0.0,0.2,0.424,0.5,125.0,1.0,1.0
5ac083b0554299294b21900d,chunk_mmr_128,chunk,mmr,0.0,0.0,1.0,1.0,0.3421,1.0,114.0,1.0,1.0
5a7d1bf65542995ed0d165f0,chunk_mmr_128,chunk,mmr,1.0,1.0,1.0,1.0,0.1789,0.5,123.0,1.0,1.0
5a81a2705542990a1d231e30,chunk_mmr_128,chunk,mmr,0.0,0.0,1.0,1.0,0.7109,0.5,128.0,1.0,1.0
5a82626655429966c78a6a08,chunk_mmr_128,chunk,mmr,0.0,0.6667,0.0,0.0,0.5203,0.5,123.0,1.0,1.0
5a88a23f5542997e5c09a652,chunk_mmr_128,chunk,mmr,0.0,0.0,1.0,1.0,1.0,1.0,120.0,1.0,1.0
5ae518ae5542993aec5ec13c,chunk_mmr_128,chunk,mmr,0.0,0.0,1.0,1.0,0.3559,0.5,118.0,1.0,1.0
5a8d227a554299585d9e37b1,chunk_mmr_128,chunk,mmr,0.0,0.0,0.0,0.0,0.4032,0.5,124.0,0.5,0.0
5ae5dae2554299546bf82fa4,chunk_mmr_128,chunk,mmr,1.0,1.0,1.0,1.0,0.6161,0.5,112.0,1.0,1.0
5ac0e0c75542997d64295a6e,chunk_mmr_128,chunk,mmr,0.0,0.0,0.0,0.0,0.6612,0.5,121.0,1.0,1.0
5a8268aa55429940e5e1a8aa,chunk_mmr_128,chunk,mmr,0.0,0.0,0.0,0.0,0.2376,0.5,101.0,0.5,0.0
5a79c1095542996c55b2dc62,chunk_mmr_128,chunk,mmr,1.0,1.0,1.0,1.0,0.6505,1.0,103.0,1.0,1.0
5ae18d615542997283cd2229,chunk_mmr_128,chunk,mmr,1.0,1.0,1.0,1.0,0.7266,0.5,128.0,0.5,0.0
5ae0156455429942ec259c15,chunk_mmr_128,chunk,mmr,0.0,0.0,0.0,0.0,0.3917,0.5,120.0,1.0,1.0
5a876f785542993e715abf42,chunk_mmr_128,chunk,mmr,0.0,0.0,1.0,1.0,0.6577,1.0,111.0,1.0,1.0
5ae25d2b554299495565da46,chunk_mmr_128,chunk,mmr,0.0,0.0,0.0,0.0,0.4844,0.5,128.0,1.0,1.0
5a9068f85542990a98493623,chunk_mmr_128,chunk,mmr,1.0,1.0,1.0,1.0,0.6293,0.5,116.0,1.0,1.0
5a772c395542993735360207,chunk_mmr_128,chunk,mmr,0.0,0.0,0.0,0.3333,0.0,0.0,117.0,0.0,0.0
5a80522b5542996402f6a4c1,chunk_mmr_128,chunk,mmr,0.0,0.0,1.0,1.0,0.4958,0.5,119.0,1.0,1.0
5add60905542995b365fab1d,chunk_mmr_128,chunk,mmr,0.0,0.0,1.0,1.0,1.0,1.0,115.0,1.0,1.0
5a75092b55429916b0164242,chunk_mmr_128,chunk,mmr,1.0,1.0,1.0,1.0,0.2521,0.5,119.0,0.5,0.0
5adf8ade5542993344016ce8,chunk_mmr_128,chunk,mmr,1.0,1.0,1.0,1.0,1.0,1.0,128.0,1.0,1.0
5ae25e835542992decbdccd1,chunk_mmr_128,chunk,mmr,0.0,0.4,0.0,0.4,0.1545,0.5,123.0,0.5,0.0
5a8013e45542995d8a8ddf41,chunk_mmr_128,chunk,mmr,1.0,1.0,1.0,1.0,0.187,0.5,123.0,1.0,1.0
5a871a5e5542996432c5721e,chunk_mmr_128,chunk,mmr,0.0,0.0,1.0,1.0,0.7037,0.5,108.0,1.0,1.0
5ae0c9dd5542993d6555ec69,chunk_mmr_128,chunk,mmr,1.0,1.0,0.0,0.0,0.4206,0.5,126.0,1.0,1.0
5abd8c295542992ac4f382ab,chunk_mmr_128,chunk,mmr,0.0,0.0,0.0,0.0,0.678,0.5,118.0,1.0,1.0
5a8b8b3a5542995d1e6f13e5,chunk_mmr_128,chunk,mmr,0.0,0.0,0.0,0.0,0.312,0.5,125.0,0.5,0.0
5ae6363b55429929b0807af0,chunk_mmr_128,chunk,mmr,0.0,0.0,0.0,0.0,0.32,0.5,100.0,0.5,0.0
5ac0b8395542996f0d89cc21,chunk_mmr_128,chunk,mmr,1.0,1.0,1.0,1.0,0.3223,0.5,121.0,0.5,0.0
5adf3e835542993a75d26442,chunk_mmr_128,chunk,mmr,0.0,0.0,1.0,1.0,0.3475,0.5,118.0,1.0,1.0
5a731a635542994cef4bc458,chunk_mmr_128,chunk,mmr,0.0,0.0,1.0,1.0,0.7094,0.5,117.0,0.5,0.0
5adcc90c5542990d50227d1b,chunk_mmr_128,chunk,mmr,1.0,1.0,1.0,1.0,0.5565,0.5,124.0,0.5,0.0
5ae402085542995dadf242ca,chunk_mmr_128,chunk,mmr,0.0,0.0,0.0,0.5,0.2521,0.5,119.0,1.0,1.0
5a81d19b55429926c1cdad90,chunk_mmr_128,chunk,mmr,0.0,0.0,0.0,0.5,0.3203,0.5,128.0,1.0,1.0
5a77174f55429966f1a36c4c,chunk_mmr_128,chunk,mmr,0.0,0.0,0.0,0.0,0.0,0.0,127.0,0.5,0.0
5a79395455429970f5fffe7d,chunk_mmr_128,chunk,mmr,0.0,0.0,0.0,0.5,0.704,0.5,125.0,1.0,1.0
5a886886554299206df2b258,chunk_mmr_128,chunk,mmr,0.0,0.0,1.0,1.0,0.6364,0.5,99.0,1.0,1.0
5adfb10855429942ec259af9,chunk_mmr_128,chunk,mmr,1.0,1.0,1.0,1.0,0.3932,1.0,117.0,1.0,1.0
5ae0d7315542990adbacf678,chunk_mmr_128,chunk,mmr,1.0,1.0,1.0,1.0,0.5484,1.0,124.0,1.0,1.0
5a790f5e55429970f5fffe40,chunk_mmr_128,chunk,mmr,0.0,0.0,0.0,0.0,0.874,0.5,127.0,1.0,1.0
5ae1b2b9554299422ee99684,chunk_mmr_128,chunk,mmr,0.0,0.0,0.0,0.0,0.0,0.0,120.0,0.0,0.0
5a792ad055429907847277d1,chunk_mmr_128,chunk,mmr,0.0,0.3333,1.0,1.0,0.719,0.5,121.0,1.0,1.0
5a8ce851554299441c6b9f6c,chunk_mmr_128,chunk,mmr,0.0,0.0,0.0,0.0,0.0,0.0,125.0,0.5,0.0
5add67915542992200553af8,chunk_mmr_128,chunk,mmr,1.0,1.0,1.0,1.0,0.5676,0.5,111.0,1.0,1.0
5ab90fdd55429916710eb0fc,chunk_mmr_128,chunk,mmr,1.0,1.0,1.0,1.0,0.5085,1.0,118.0,1.0,1.0
5ae55b8255429908b63265ef,chunk_mmr_128,chunk,mmr,1.0,1.0,1.0,1.0,0.6226,0.5,106.0,1.0,1.0
5ac213805542992f1f2b37e7,chunk_mmr_128,chunk,mmr,0.0,0.0,1.0,1.0,0.6303,1.0,119.0,1.0,1.0
5adce88b5542992c1e3a249a,chunk_mmr_128,chunk,mmr,0.0,0.0,0.0,0.0,0.4825,0.5,114.0,0.5,0.0
5ac403c45542997ea680c9b5,chunk_mmr_128,chunk,mmr,0.0,0.0,0.0,0.5,0.382,0.5,89.0,0.5,0.0
5adcd2435542992c1e3a241b,chunk_mmr_128,chunk,mmr,0.0,0.0,0.0,0.0,0.0,0.0,124.0,1.0,1.0
5a8078d85542995d8a8ddf78,chunk_mmr_128,chunk,mmr,1.0,1.0,1.0,1.0,0.8545,1.0,110.0,1.0,1.0
5a85dfcc5542994775f60673,chunk_mmr_128,chunk,mmr,0.0,0.0,0.0,0.5,0.3571,0.5,126.0,1.0,1.0
5abd1b6e55429933744ab729,chunk_mmr_128,chunk,mmr,1.0,1.0,1.0,1.0,0.5574,1.0,122.0,1.0,1.0
5ae33a3b5542992f92d8224a,chunk_mmr_128,chunk,mmr,0.0,0.0,1.0,1.0,0.3667,0.5,120.0,1.0,1.0
5a899bf955429946c8d6e959,chunk_mmr_128,chunk,mmr,1.0,1.0,1.0,1.0,0.472,0.5,125.0,1.0,1.0
5a78bd515542990784727749,chunk_mmr_128,chunk,mmr,1.0,1.0,0.0,0.5,0.3486,0.5,109.0,0.5,0.0
5a8f155e554299458435d54c,chunk_mmr_128,chunk,mmr,0.0,0.0,0.0,0.2,0.5738,0.5,122.0,1.0,1.0
5a7bd25a554299294a54ab13,chunk_mmr_128,chunk,mmr,0.0,0.0,1.0,1.0,0.5882,1.0,119.0,1.0,1.0
5ac458f8554299204fd21f2a,chunk_mmr_128,chunk,mmr,1.0,1.0,1.0,1.0,1.0,1.0,128.0,1.0,1.0
5a801f215542992bc0c4a6b2,chunk_mmr_128,chunk,mmr,0.0,0.0,0.0,0.6667,1.0,1.0,123.0,1.0,1.0
5a8b91d25542995d1e6f13fc,chunk_mmr_128,chunk,mmr,0.0,0.8,1.0,1.0,0.3701,1.0,127.0,1.0,1.0
5a863ff0554299211dda2ac6,chunk_mmr_128,chunk,mmr,1.0,1.0,0.0,0.0,0.8871,1.0,124.0,1.0,1.0
5a80abec5542996402f6a5e1,chunk_mmr_128,chunk,mmr,1.0,1.0,1.0,1.0,0.7795,1.0,127.0,1.0,1.0
5a734acf5542991f9a20c6ec,chunk_mmr_128,chunk,mmr,0.0,0.8,1.0,1.0,0.4472,0.5,123.0,1.0,1.0
5a7647b85542992d0ec0608a,chunk_mmr_128,chunk,mmr,1.0,1.0,1.0,1.0,0.479,0.5,119.0,1.0,1.0
5abc8d00554299700f9d78fd,chunk_mmr_128,chunk,mmr,1.0,1.0,1.0,1.0,0.5526,0.5,114.0,1.0,1.0
5a8089dc5542992bc0c4a765,chunk_mmr_128,chunk,mmr,0.0,0.0,1.0,1.0,1.0,1.0,122.0,1.0,1.0
5a8ab6be5542992d82986f5f,chunk_mmr_128,chunk,mmr,0.0,0.0,0.0,0.0,0.5469,0.5,128.0,1.0,1.0
5a72429355429971e9dc9375,chunk_mmr_128,chunk,mmr,1.0,1.0,1.0,1.0,0.125,0.5,120.0,0.5,0.0
5ac4f2e755429924173fb503,chunk_mmr_128,chunk,mmr,1.0,1.0,1.0,1.0,0.6195,1.0,113.0,1.0,1.0
5ab6ecd85542991d322236cf,chunk_mmr_128,chunk,mmr,0.0,0.0,1.0,1.0,0.5847,1.0,118.0,1.0,1.0
5adf85e05542993344016cba,chunk_mmr_128,chunk,mmr,0.0,0.0,0.0,0.0,0.3697,0.5,119.0,1.0,1.0
5a7455eb55429979e2882908,chunk_mmr_128,chunk,mmr,0.0,0.3333,0.0,1.0,0.4762,0.5,105.0,1.0,1.0
5ac385f8554299741d48a279,chunk_mmr_128,chunk,mmr,0.0,0.0,0.0,0.0,0.5877,0.5,114.0,1.0,1.0
5ac0a18a5542992a796ded41,chunk_mmr_128,chunk,mmr,0.0,0.0,0.0,0.0,0.5714,0.5,105.0,0.5,0.0
5ae3606b5542991a06ce99a8,chunk_mmr_128,chunk,mmr,0.0,0.0,1.0,1.0,1.0,1.0,116.0,1.0,1.0
5a71231a5542994082a3e5c4,chunk_mmr_128,chunk,mmr,1.0,1.0,1.0,1.0,0.5463,1.0,108.0,1.0,1.0
5a7d19d85542995ed0d165e8,chunk_mmr_128,chunk,mmr,0.0,0.0,0.0,0.0,0.5221,0.5,113.0,1.0,1.0
5ae791245542997b22f6a7a3,chunk_mmr_128,chunk,mmr,0.0,0.0,0.0,0.0,0.0,0.0,112.0,1.0,1.0
5a7d2afb554299452d57bb41,chunk_mmr_128,chunk,mmr,1.0,1.0,1.0,1.0,0.7969,1.0,128.0,1.0,1.0
5abcfa6f5542993a06baf9c7,chunk_mmr_128,chunk,mmr,1.0,1.0,1.0,1.0,0.7031,1.0,128.0,1.0,1.0
5a7c00a55542996dd594b87e,chunk_mmr_128,chunk,mmr,1.0,1.0,1.0,1.0,1.0,1.0,116.0,1.0,1.0
5ae64ba755429929b0807b25,chunk_mmr_128,chunk,mmr,0.0,0.0,0.0,0.2,1.0,0.5,115.0,0.5,0.0
5adfc11e55429942ec259b3a,chunk_mmr_128,chunk,mmr,0.0,0.0,1.0,1.0,0.672,1.0,125.0,1.0,1.0
5ab596d95542992aa134a371,chunk_mmr_128,chunk,mmr,0.0,0.0,1.0,1.0,0.8438,1.0,128.0,1.0,1.0
5ae206c45542994d89d5b311,chunk_mmr_128,chunk,mmr,0.0,0.6667,1.0,1.0,0.7063,1.0,126.0,1.0,1.0
5ae544d75542990ba0bbb249,chunk_mmr_128,chunk,mmr,1.0,1.0,1.0,1.0,0.8583,1.0,120.0,1.0,1.0
5abbb116554299642a094b1d,chunk_mmr_128,chunk,mmr,0.0,0.6667,1.0,1.0,0.3058,0.5,121.0,1.0,1.0
5a7759fc5542993569682d60,chunk_mmr_128,chunk,mmr,0.0,0.0,1.0,1.0,0.675,1.0,120.0,1.0,1.0
5a7b89a3554299294a54a9e3,chunk_mmr_128,chunk,mmr,0.0,0.0,0.0,0.0,0.0,0.0,126.0,0.5,0.0
5a8a09ff5542992d82986e6b,chunk_mmr_128,chunk,mmr,0.0,0.0,0.0,0.0,0.0,0.0,128.0,0.5,0.0
5ade747555429939a52fe8c5,chunk_mmr_128,chunk,mmr,0.0,0.0,1.0,1.0,0.5086,0.5,116.0,1.0,1.0
5ab808b85542991d3222380d,chunk_mmr_128,chunk,mmr,0.0,0.0,0.0,0.3333,0.0,0.0,98.0,0.5,0.0
5ae5be475542990ba0bbb2c6,chunk_mmr_128,chunk,mmr,1.0,1.0,1.0,1.0,0.55,0.5,120.0,1.0,1.0
5a88ba465542993e715ac089,chunk_mmr_128,chunk,mmr,0.0,0.0,0.0,0.0,0.7402,0.5,127.0,1.0,1.0
5ab2c6d955429916697740c3,chunk_mmr_128,chunk,mmr,0.0,0.0,0.0,0.0,0.3793,0.5,116.0,1.0,1.0
5a7c762d55429935c91b51c7,chunk_mmr_128,chunk,mmr,0.0,0.0,0.0,0.5,0.0,0.0,125.0,0.5,0.0
5ac325495542995ef918c12e,chunk_mmr_128,chunk,mmr,0.0,0.6667,1.0,1.0,0.336,0.5,125.0,0.5,0.0
5a8a833855429970aeb702fe,chunk_mmr_128,chunk,mmr,0.0,0.0,0.0,0.0,0.544,0.5,125.0,0.5,0.0
5a8c7057554299653c1aa066,chunk_mmr_128,chunk,mmr,0.0,0.6667,1.0,1.0,1.0,1.0,117.0,1.0,1.0
5ae733dc5542991e8301cbd1,chunk_mmr_128,chunk,mmr,0.0,0.6667,1.0,1.0,0.633,0.5,109.0,1.0,1.0
5a86ec9f55429960ec39b6d7,chunk_mmr_128,chunk,mmr,1.0,1.0,0.0,0.0,0.5702,0.5,114.0,1.0,1.0
5ac3a0b25542993915413838,chunk_mmr_128,chunk,mmr,1.0,1.0,1.0,1.0,0.5044,0.5,113.0,1.0,1.0
5adfd30c55429906c02daa53,chunk_mmr_128,chunk,mmr,0.0,0.5,1.0,1.0,1.0,1.0,118.0,1.0,1.0
5a88f7bf5542997e5c09a6dd,chunk_mmr_128,chunk,mmr,1.0,1.0,1.0,1.0,0.7344,1.0,128.0,1.0,1.0
5adfa22655429942ec259ac4,chunk_mmr_128,chunk,mmr,1.0,1.0,1.0,1.0,0.56,0.5,100.0,1.0,1.0
5ac31a73554299741d48a1e9,chunk_mmr_128,chunk,mmr,1.0,1.0,1.0,1.0,0.376,0.5,125.0,1.0,1.0
5a72634d5542997f82783994,chunk_mmr_128,chunk,mmr,0.0,0.0,0.0,0.0,0.1875,0.5,128.0,1.0,1.0
5a85ea095542994775f606a8,chunk_mmr_128,chunk,mmr,0.0,0.0,0.0,0.0,0.3525,0.5,122.0,0.5,0.0
5a81e8ea5542995ce29dcc73,chunk_mmr_128,chunk,mmr,1.0,1.0,1.0,1.0,0.3559,0.5,118.0,1.0,1.0
5ab2082f554299722f9b4c9f,chunk_mmr_128,chunk,mmr,0.0,0.0,1.0,1.0,0.7745,0.5,102.0,1.0,1.0
5a7eb22655429930675135cb,chunk_mmr_128,chunk,mmr,1.0,1.0,1.0,1.0,1.0,0.5,119.0,0.5,0.0
5a79cabc5542994f819ef0a1,chunk_mmr_128,chunk,mmr,1.0,1.0,1.0,1.0,0.622,0.5,127.0,1.0,1.0
5add6f975542992200553b18,chunk_mmr_128,chunk,mmr,0.0,0.0,0.0,0.0,0.4531,0.5,128.0,1.0,1.0
5a74879255429974ef308c1d,chunk_mmr_128,chunk,mmr,1.0,1.0,1.0,1.0,0.325,0.5,120.0,1.0,1.0
5a8ccea555429941ae14deeb,chunk_mmr_128,chunk,mmr,0.0,0.0,1.0,1.0,0.4828,0.5,116.0,0.5,0.0
5a8b56d655429949d91db557,chunk_mmr_128,chunk,mmr,0.0,0.6667,1.0,1.0,0.5327,0.5,107.0,1.0,1.0
5adc2b6255429947ff173901,chunk_mmr_128,chunk,mmr,0.0,0.0,0.0,0.0,0.6721,0.5,122.0,0.5,0.0
5ac440385542997ea680ca4e,chunk_mmr_128,chunk,mmr,1.0,1.0,1.0,1.0,0.3984,1.0,123.0,1.0,1.0
5a846da0554299334474611e,chunk_mmr_128,chunk,mmr,0.0,0.0,0.0,0.0,0.5156,0.5,128.0,1.0,1.0
5a7354d55542994cef4bc55a,chunk_mmr_128,chunk,mmr,1.0,1.0,1.0,1.0,0.4453,1.0,128.0,1.0,1.0
5ac3a76e554299741d48a2be,chunk_mmr_128,chunk,mmr,1.0,1.0,1.0,1.0,1.0,1.0,115.0,1.0,1.0
5a8740ee5542994846c1cd35,chunk_mmr_128,chunk,mmr,0.0,0.8,0.0,0.6667,0.4492,0.5,118.0,1.0,1.0
5a7c96765542990527d554d8,chunk_mmr_128,chunk,mmr,0.0,0.0,1.0,1.0,1.0,1.0,126.0,1.0,1.0
5aba85335542994dbf01992d,chunk_mmr_128,chunk,mmr,0.0,0.0,0.0,0.0,0.2656,0.5,128.0,1.0,1.0
5a849c1b5542997175ce1ef9,chunk_mmr_128,chunk,mmr,0.0,0.6667,1.0,1.0,0.374,1.0,123.0,1.0,1.0
5ab9b7d555429970cfb8eb7a,chunk_mmr_128,chunk,mmr,0.0,0.0,1.0,1.0,0.4724,0.5,127.0,0.5,0.0
5ac3e22d5542997ea680c976,chunk_mmr_128,chunk,mmr,1.0,1.0,1.0,1.0,0.2773,0.5,119.0,1.0,1.0
5aba768c55429901930fa7e0,chunk_mmr_128,chunk,mmr,0.0,0.0,1.0,1.0,0.6371,0.5,124.0,0.5,0.0
5addb1515542995b365fab60,chunk_mmr_128,chunk,mmr,1.0,1.0,1.0,1.0,1.0,0.5,123.0,1.0,1.0
5abe689a55429976d4830b16,chunk_mmr_128,chunk,mmr,1.0,1.0,1.0,1.0,0.504,1.0,125.0,1.0,1.0
5aded1595542995ec70e8f29,chunk_mmr_128,chunk,mmr,0.0,0.0,0.0,0.0,0.7143,0.5,105.0,1.0,1.0
5ab89cc25542991b5579efc3,chunk_mmr_128,chunk,mmr,0.0,0.0,0.0,0.25,0.6,0.5,125.0,0.5,0.0
5abe84a95542991f6610619b,chunk_mmr_128,chunk,mmr,0.0,0.0,0.0,0.0,0.3083,0.5,120.0,1.0,1.0
5add10ca5542994ed6169c59,chunk_mmr_128,chunk,mmr,0.0,0.0,0.0,0.0,1.0,1.0,98.0,1.0,1.0
5a8849ac5542996e4f308932,chunk_mmr_128,chunk,mmr,0.0,0.6667,1.0,1.0,0.656,0.5,125.0,0.5,0.0
5ae0335655429925eb1afc28,chunk_mmr_128,chunk,mmr,0.0,0.0,1.0,1.0,0.2276,0.5,123.0,1.0,1.0
5a7f6fd75542992e7d278cfa,chunk_mmr_128,chunk,mmr,1.0,1.0,1.0,1.0,0.633,0.5,109.0,1.0,1.0
5ade8bd955429975fa854f04,chunk_mmr_128,chunk,mmr,1.0,1.0,1.0,1.0,1.0,0.5,99.0,1.0,1.0
5a7fb6625542994857a767cc,chunk_mmr_128,chunk,mmr,0.0,0.0,0.0,0.4,0.0,0.0,125.0,1.0,1.0
5a7912f655429974737f796c,chunk_mmr_128,chunk,mmr,0.0,0.0,0.0,0.0,0.6321,0.5,106.0,0.5,0.0
5ab868e755429919ba4e22e3,chunk_mmr_128,chunk,mmr,0.0,0.8571,1.0,1.0,1.0,1.0,89.0,1.0,1.0
5ae1af14554299234fd042c4,chunk_mmr_128,chunk,mmr,0.0,0.0,0.0,0.0,0.416,1.0,125.0,1.0,1.0
5ab3c53955429969a97a81b9,chunk_mmr_128,chunk,mmr,0.0,0.0,0.0,0.0,0.0,0.0,127.0,0.5,0.0
5abe03635542991f661060a5,chunk_mmr_128,chunk,mmr,0.0,0.0,0.0,0.0,0.6484,0.5,128.0,1.0,1.0
5adc396155429944faac2479,chunk_mmr_128,chunk,mmr,1.0,1.0,0.0,0.0,0.4016,1.0,122.0,1.0,1.0
5ac42f42554299076e296d88,chunk_mmr_128,chunk,mmr,0.0,0.8,1.0,1.0,0.4609,0.5,115.0,1.0,1.0
5aba5c625542994dbf0198f2,chunk_mmr_128,chunk,mmr,0.0,0.0,1.0,1.0,0.2883,0.5,111.0,1.0,1.0
5a8ee7c95542990e94052bb1,chunk_mmr_128,chunk,mmr,0.0,0.0,0.0,0.0,0.448,0.5,125.0,0.5,0.0
5a7b3a2455429927d897bf5c,chunk_mmr_128,chunk,mmr,1.0,1.0,1.0,1.0,0.4754,1.0,122.0,1.0,1.0
5a7f7c285542994857a76746,chunk_mmr_128,chunk,mmr,1.0,1.0,1.0,1.0,1.0,1.0,127.0,1.0,1.0
5ae2ce505542996483e64a72,chunk_mmr_128,chunk,mmr,0.0,0.0,0.0,0.0,0.5966,0.5,119.0,0.5,0.0
5ab8b02d5542991b5579efdb,chunk_mmr_128,chunk,mmr,0.0,0.0,0.0,0.0,1.0,1.0,105.0,1.0,1.0
5ac50bca55429924173fb57f,chunk_mmr_128,chunk,mmr,0.0,0.0,0.0,0.0,0.2992,0.5,127.0,0.5,0.0
5a78fe8155429970f5fffe11,chunk_mmr_128,chunk,mmr,1.0,1.0,1.0,1.0,0.729,1.0,107.0,1.0,1.0
5ab2383155429970612095c1,chunk_mmr_128,chunk,mmr,1.0,1.0,0.0,0.0,1.0,1.0,122.0,1.0,1.0
5abd7d0c55429924427fd010,chunk_mmr_128,chunk,mmr,1.0,1.0,1.0,1.0,0.5478,1.0,115.0,1.0,1.0
5ac1a04e5542991316484b63,chunk_mmr_128,chunk,mmr,0.0,0.0,0.0,0.0,0.1604,0.5,106.0,1.0,1.0
5a75e06155429976ec32bc60,chunk_mmr_128,chunk,mmr,0.0,0.0,0.0,0.0,0.5917,0.5,120.0,1.0,1.0
5ae564a155429960a22e02e4,chunk_mmr_128,chunk,mmr,0.0,0.0,0.0,0.0,0.463,0.5,108.0,1.0,1.0
5a7d2afd5542995f4f402221,chunk_mmr_128,chunk,mmr,1.0,1.0,1.0,1.0,0.7073,1.0,123.0,1.0,1.0
5ac258cc554299636651998e,chunk_mmr_128,chunk,mmr,0.0,0.0,1.0,1.0,0.5625,0.5,128.0,1.0,1.0
5a8a573355429970aeb7029a,chunk_mmr_128,chunk,mmr,0.0,0.0,1.0,1.0,1.0,1.0,103.0,1.0,1.0
5a8f799d55429918e830d22d,chunk_mmr_128,chunk,mmr,0.0,0.0,1.0,1.0,0.5794,0.5,126.0,1.0,1.0
5ac4f04e5542995c82c4ad81,chunk_mmr_128,chunk,mmr,1.0,1.0,1.0,1.0,0.2205,0.5,127.0,1.0,1.0
5ac00278554299012d1db56b,chunk_mmr_128,chunk,mmr,0.0,0.0,1.0,1.0,0.55,1.0,120.0,1.0,1.0
5a78bc6b554299148911f979,chunk_mmr_128,chunk,mmr,0.0,0.0,1.0,1.0,0.4048,1.0,126.0,1.0,1.0
5a8d6d4e554299441c6b9fdb,chunk_mmr_128,chunk,mmr,0.0,0.5,1.0,1.0,0.3934,0.5,122.0,1.0,1.0
5add23d05542994734353871,chunk_mmr_128,chunk,mmr,0.0,0.0,0.0,0.5,1.0,0.5,124.0,1.0,1.0
5a7ca33f5542990527d554ee,chunk_mmr_128,chunk,mmr,1.0,1.0,1.0,1.0,0.6172,1.0,128.0,1.0,1.0
5ae5c8cf554299546bf82f5f,chunk_mmr_128,chunk,mmr,1.0,1.0,1.0,1.0,0.693,1.0,114.0,1.0,1.0
5a81df4b55429903bc27b9f8,chunk_mmr_128,chunk,mmr,1.0,1.0,1.0,1.0,0.4688,1.0,128.0,1.0,1.0
5ab4341c55429942dd415ede,chunk_mmr_128,chunk,mmr,0.0,0.6667,0.0,0.5,1.0,0.5,121.0,1.0,1.0
5a7fa0d55542995d8a8dded3,chunk_mmr_128,chunk,mmr,0.0,0.0,1.0,1.0,1.0,1.0,118.0,1.0,1.0
5ab7f22a5542991d322237d4,chunk_mmr_128,chunk,mmr,0.0,0.0,0.0,0.1429,0.0,0.0,128.0,0.5,0.0
5a84c5545542991dd0999dee,chunk_mmr_128,chunk,mmr,0.0,0.0,0.0,0.0,1.0,0.5,121.0,0.5,0.0
5aba454855429901930fa794,chunk_mmr_128,chunk,mmr,0.0,0.0,0.0,0.0,0.4194,0.5,124.0,0.5,0.0
5a85d4ad5542997175ce2050,chunk_mmr_128,chunk,mmr,1.0,1.0,1.0,1.0,0.7431,0.5,109.0,1.0,1.0
5a74d92555429929fddd84fa,chunk_mmr_128,chunk,mmr,1.0,1.0,1.0,1.0,0.5948,0.5,116.0,1.0,1.0
5ae64b1d55429929b0807b24,chunk_mmr_128,chunk,mmr,0.0,0.0,0.0,0.3333,0.5246,0.5,122.0,1.0,1.0
5ab9dd4c554299232ef4a22f,chunk_mmr_128,chunk,mmr,0.0,0.0,1.0,1.0,1.0,1.0,127.0,1.0,1.0
5ab7bf3f5542991d322237a8,chunk_mmr_128,chunk,mmr,1.0,1.0,1.0,1.0,0.552,1.0,125.0,1.0,1.0
5a721dfd55429971e9dc928b,chunk_mmr_128,chunk,mmr,0.0,0.4,1.0,1.0,0.807,1.0,114.0,1.0,1.0
5a87bd4e5542996432c57279,chunk_mmr_128,chunk,mmr,0.0,0.0,0.0,0.5,0.4118,0.5,119.0,1.0,1.0
5a87081755429960ec39b6fe,chunk_mmr_128,chunk,mmr,0.0,0.0,0.0,0.0,0.6328,0.5,128.0,1.0,1.0
5ae0e0125542993d6555ec79,chunk_mmr_128,chunk,mmr,0.0,0.6667,1.0,1.0,1.0,1.0,113.0,1.0,1.0
5ae409d955429970de88d89d,chunk_mmr_128,chunk,mmr,0.0,0.0,0.0,0.6667,0.4167,0.5,120.0,1.0,1.0
5ac270025542990b17b15390,chunk_mmr_128,chunk,mmr,0.0,0.0,0.0,0.0,0.5,0.5,116.0,0.5,0.0
5adc459255429944faac24ad,chunk_mmr_128,chunk,mmr,0.0,0.0,0.0,0.0,0.0,0.0,126.0,1.0,1.0
5ade1c9e55429939a52fe822,chunk_mmr_128,chunk,mmr,1.0,1.0,1.0,1.0,0.6179,0.5,123.0,1.0,1.0
5ac270e05542992f1f2b38c9,chunk_mmr_128,chunk,mmr,1.0,1.0,1.0,1.0,1.0,1.0,125.0,1.0,1.0
5a7363465542991f29ee2dd5,chunk_mmr_128,chunk,mmr,1.0,1.0,1.0,1.0,0.4917,1.0,120.0,1.0,1.0
5add43335542995b365faae1,chunk_mmr_128,chunk,mmr,0.0,0.0,0.0,0.3333,0.0,0.0,126.0,0.5,0.0
5ae67dba55429908198fa5f0,chunk_mmr_128,chunk,mmr,0.0,0.0,0.0,0.0,0.4297,0.5,128.0,0.5,0.0
5a8a6b625542996c9b8d5ed9,chunk_mmr_128,chunk,mmr,0.0,0.0,0.0,0.0,0.2266,0.5,128.0,0.5,0.0
5ade86b255429939a52fe8e0,chunk_mmr_128,chunk,mmr,0.0,0.5,0.0,0.5,0.3571,0.5,126.0,1.0,1.0
5ac007cc5542996f0d89cb0b,chunk_mmr_128,chunk,mmr,1.0,1.0,1.0,1.0,0.6328,0.5,128.0,1.0,1.0
5adea9ea55429939a52fe934,chunk_mmr_128,chunk,mmr,0.0,0.0,0.0,0.0,0.3333,0.5,96.0,1.0,1.0
5a8393665542990548d0b1ea,chunk_mmr_128,chunk,mmr,1.0,1.0,0.0,0.0,0.3276,0.5,116.0,0.5,0.0
5ae3fd2c5542995dadf2428f,chunk_mmr_128,chunk,mmr,0.0,0.0,0.0,0.0,0.4141,0.5,128.0,1.0,1.0
5ab2b630554299545a2cfa17,chunk_mmr_128,chunk,mmr,0.0,0.0,0.0,0.0,0.4237,0.5,118.0,1.0,1.0
5a7aa5e75542992d025e66d9,chunk_mmr_128,chunk,mmr,0.0,0.0,1.0,1.0,0.8235,1.0,119.0,1.0,1.0
5abe34095542993f32c2a088,chunk_mmr_128,chunk,mmr,0.0,0.8,1.0,1.0,0.3387,0.5,124.0,1.0,1.0
5ac373195542995ef918c199,chunk_mmr_128,chunk,mmr,0.0,0.0,0.0,0.0,0.0,0.0,118.0,0.5,0.0
5a82bb3c55429966c78a6a86,chunk_mmr_128,chunk,mmr,0.0,0.8,0.0,0.3333,0.4216,0.5,102.0,1.0,1.0
5a8080365542992097ad2fed,chunk_mmr_128,chunk,mmr,0.0,0.6667,0.0,0.5,0.8772,0.5,114.0,1.0,1.0
5a8f8e4d55429918e830d260,chunk_mmr_128,chunk,mmr,0.0,0.0,0.0,0.1667,0.2124,0.5,113.0,1.0,1.0
5ac3bff15542995ef918c213,chunk_mmr_128,chunk,mmr,0.0,0.7692,1.0,1.0,0.6532,1.0,124.0,1.0,1.0
5a7456ec55429979e288290f,chunk_mmr_128,chunk,mmr,1.0,1.0,1.0,1.0,0.6585,0.5,123.0,1.0,1.0
5a8f1adc554299458435d577,chunk_mmr_128,chunk,mmr,0.0,0.0,0.0,0.0,0.3548,0.5,124.0,1.0,1.0
5ac29da5554299218029dac3,chunk_mmr_128,chunk,mmr,1.0,1.0,1.0,1.0,0.3782,0.5,119.0,1.0,1.0
5ae0d52e554299603e418469,chunk_mmr_128,chunk,mmr,0.0,0.0,0.0,0.5,0.3879,0.5,116.0,0.5,0.0
5a80b52f554299485f5986d6,chunk_mmr_128,chunk,mmr,0.0,0.0,1.0,1.0,0.65,1.0,120.0,1.0,1.0
5a807b44554299485f59860a,chunk_mmr_128,chunk,mmr,1.0,1.0,1.0,1.0,0.4397,0.5,116.0,1.0,1.0
5a74ce9655429974ef308c6c,chunk_mmr_128,chunk,mmr,1.0,1.0,1.0,1.0,0.4516,1.0,124.0,1.0,1.0
5a776a7055429966f1a36d32,chunk_mmr_128,chunk,mmr,0.0,0.6667,1.0,1.0,0.5,0.5,128.0,0.5,0.0
5ac13f425542991316484a96,chunk_mmr_128,chunk,mmr,0.0,0.2857,1.0,1.0,0.5526,0.5,114.0,1.0,1.0
5a74547755429979e2882900,chunk_mmr_128,chunk,mmr,0.0,0.0,0.0,0.75,0.3417,0.5,120.0,0.5,0.0
5a7d72bb5542990b8f50398e,chunk_mmr_128,chunk,mmr,0.0,0.0,0.0,0.2857,0.381,1.0,126.0,1.0,1.0
5abdb8ba5542993f32c2a015,chunk_mmr_128,chunk,mmr,0.0,0.0,1.0,1.0,0.685,1.0,127.0,1.0,1.0
5a75da235542992db94736f9,chunk_mmr_128,chunk,mmr,0.0,0.8,0.0,1.0,0.4646,0.5,127.0,1.0,1.0
5adcf48e5542992c1e3a24d4,chunk_mmr_128,chunk,mmr,1.0,1.0,1.0,1.0,0.5439,1.0,114.0,1.0,1.0
5ac3d1d9554299204fd21e8a,chunk_mmr_128,chunk,mmr,1.0,1.0,0.0,0.0,0.4746,0.5,118.0,1.0,1.0
5a8dafbd554299068b959da0,chunk_mmr_128,chunk,mmr,0.0,0.0,0.0,0.0,0.0,0.0,122.0,0.0,0.0
5a8eb4d65542990e94052b82,chunk_mmr_128,chunk,mmr,1.0,1.0,1.0,1.0,0.5593,1.0,118.0,1.0,1.0
5a8f55f9554299458435d5bd,chunk_mmr_128,chunk,mmr,0.0,0.0,1.0,1.0,0.5619,0.5,105.0,1.0,1.0
5ac1846d55429964131be20b,chunk_mmr_128,chunk,mmr,0.0,0.6667,0.0,0.0,0.2523,0.5,107.0,0.5,0.0
5a9073405542995b442420bb,chunk_mmr_128,chunk,mmr,0.0,0.6667,1.0,1.0,1.0,1.0,127.0,1.0,1.0
5ade9c9c5542997c77adee8c,chunk_mmr_128,chunk,mmr,0.0,0.0,1.0,1.0,0.646,0.5,113.0,0.5,0.0
5ae151985542990adbacf74d,chunk_mmr_128,chunk,mmr,1.0,1.0,1.0,1.0,1.0,1.0,127.0,1.0,1.0
5ac1436f5542991316484aad,chunk_mmr_128,chunk,mmr,0.0,0.0,0.0,0.3333,0.0,0.0,118.0,1.0,1.0
5ae269955542992decbdccf3,chunk_mmr_128,chunk,mmr,0.0,0.0,0.0,0.25,0.48,0.5,100.0,0.5,0.0
5a803d695542996402f6a494,chunk_mmr_128,chunk,mmr,0.0,0.0,1.0,1.0,0.3307,1.0,127.0,1.0,1.0
5a7b493855429931da12ca58,chunk_mmr_128,chunk,mmr,0.0,0.0,0.0,0.0,0.0,0.0,121.0,1.0,1.0
5a78d16455429974737f78bb,chunk_mmr_128,chunk,mmr,0.0,0.8,1.0,1.0,0.459,1.0,122.0,1.0,1.0
5ae78f3b554299540e5a5608,chunk_mmr_128,chunk,mmr,0.0,0.0,1.0,1.0,1.0,1.0,127.0,1.0,1.0
5a80c79155429938b61421da,chunk_mmr_128,chunk,mmr,1.0,1.0,1.0,1.0,0.6484,1.0,128.0,1.0,1.0
5a7100435542994082a3e4a3,chunk_mmr_128,chunk,mmr,0.0,0.0,0.0,0.4,0.7143,1.0,126.0,1.0,1.0
5a8f08c2554299458435d531,chunk_mmr_128,chunk,mmr,1.0,1.0,1.0,1.0,0.9355,1.0,124.0,1.0,1.0
5adca8215542994ed6169bbc,chunk_mmr_128,chunk,mmr,0.0,0.4,0.0,0.3333,0.6,0.5,125.0,0.5,0.0
5add6b595542992200553b0c,chunk_mmr_128,chunk,mmr,0.0,0.0,0.0,0.0,0.4444,0.5,126.0,0.5,0.0
5a8ef2a75542995a26add583,chunk_mmr_128,chunk,mmr,0.0,0.0,0.0,0.0,0.4234,0.5,111.0,1.0,1.0
5a74684655429929fddd8410,chunk_mmr_128,chunk,mmr,0.0,0.6667,1.0,1.0,1.0,1.0,101.0,1.0,1.0
5ae635505542992ae0d16282,chunk_mmr_128,chunk,mmr,0.0,0.0,1.0,1.0,0.3952,1.0,124.0,1.0,1.0
5a7b55375542995eb53be91f,chunk_mmr_128,chunk,mmr,0.0,0.0,0.0,0.0,1.0,0.5,123.0,1.0,1.0
5ae3263455429928c4239634,chunk_mmr_128,chunk,mmr,1.0,1.0,1.0,1.0,0.2339,0.5,124.0,1.0,1.0
5a719bf25542994082a3e891,chunk_mmr_128,chunk,mmr,0.0,0.0,0.0,0.0,0.6299,0.5,127.0,0.5,0.0
5ae618325542996de7b71b56,chunk_mmr_128,chunk,mmr,0.0,0.0,0.0,0.0,0.4048,0.5,126.0,1.0,1.0
5ab7f0015542992aa3b8c88b,chunk_mmr_128,chunk,mmr,0.0,0.0,1.0,1.0,0.5966,0.5,119.0,0.5,0.0
5a7dafe15542991319bc93f3,chunk_mmr_128,chunk,mmr,0.0,0.0,0.0,0.0,0.4454,0.5,119.0,0.5,0.0
5a90c8165542995651fb51ee,chunk_mmr_128,chunk,mmr,0.0,0.6667,0.0,1.0,0.625,1.0,128.0,1.0,1.0
5ab47e0a5542990594ba9c32,chunk_mmr_128,chunk,mmr,0.0,0.0,0.0,0.0,0.5391,0.5,115.0,0.5,0.0
5a88abf75542997e5c09a6a1,chunk_mmr_128,chunk,mmr,0.0,0.0,0.0,0.0,0.0,0.0,128.0,0.0,0.0
5a8e41735542995085b37406,chunk_mmr_128,chunk,mmr,0.0,0.0,1.0,1.0,0.752,1.0,125.0,1.0,1.0
5ae0968955429924de1b7105,chunk_mmr_128,chunk,mmr,0.0,0.0,1.0,1.0,0.439,1.0,123.0,1.0,1.0
5ac0d9a35542992a796ded90,chunk_mmr_128,chunk,mmr,0.0,0.0,0.0,0.0,0.187,0.5,123.0,1.0,1.0
5adf4b335542993a75d264a5,chunk_mmr_128,chunk,mmr,0.0,0.4,1.0,1.0,0.5588,0.5,102.0,1.0,1.0
5a7a8a9c554299042af8f666,chunk_mmr_128,chunk,mmr,0.0,0.0,1.0,1.0,0.7321,0.5,112.0,1.0,1.0
5ae6914755429908198fa627,chunk_mmr_128,chunk,mmr,0.0,0.0,0.0,0.0,0.504,1.0,125.0,1.0,1.0
5a85f8665542994775f606ce,chunk_mmr_128,chunk,mmr,1.0,1.0,1.0,1.0,0.4141,0.5,128.0,1.0,1.0
5a8135cc55429903bc27b943,chunk_mmr_128,chunk,mmr,0.0,0.0,1.0,1.0,1.0,0.5,108.0,1.0,1.0
5a738b855542992d56e7e363,chunk_mmr_128,chunk,mmr,1.0,1.0,1.0,1.0,1.0,1.0,121.0,1.0,1.0
5ade0fb95542997545bbbe39,chunk_mmr_128,chunk,mmr,0.0,0.5,0.0,0.5,0.5275,0.5,91.0,1.0,1.0
5adf715b5542992d7e9f9354,chunk_mmr_128,chunk,mmr,0.0,0.0,0.0,0.0,0.1811,0.5,127.0,0.5,0.0
5ae07c6255429924de1b70d6,chunk_mmr_128,chunk,mmr,0.0,0.0,0.0,0.5,1.0,1.0,125.0,1.0,1.0
5ab42d5755429942dd415eaf,chunk_mmr_128,chunk,mmr,0.0,0.0,0.0,0.0,0.6833,0.5,120.0,1.0,1.0
5abc0ba05542996583600409,chunk_mmr_128,chunk,mmr,0.0,0.0,1.0,1.0,0.3833,0.5,120.0,0.5,0.0
5ae8164d5542994a481bbeb6,chunk_mmr_128,chunk,mmr,0.0,0.0,0.0,0.0,0.7436,0.5,117.0,0.5,0.0
5a84f4c75542997175ce1f31,chunk_mmr_128,chunk,mmr,0.0,0.3333,1.0,1.0,0.3434,0.5,99.0,1.0,1.0
5adfb4b8554299603e418381,chunk_mmr_128,chunk,mmr,0.0,0.0,1.0,1.0,0.1379,0.5,116.0,1.0,1.0
5ab51dae5542991779162d82,chunk_mmr_128,chunk,mmr,1.0,1.0,0.0,0.0,0.7398,1.0,123.0,1.0,1.0
5a774e415542994aec3b7280,chunk_mmr_128,chunk,mmr,0.0,0.0,0.0,0.0,0.4622,0.5,119.0,1.0,1.0
5ab84c6955429916710eb021,chunk_mmr_128,chunk,mmr,0.0,0.0,1.0,1.0,1.0,1.0,117.0,1.0,1.0
5a7339c85542991f9a20c6a2,chunk_mmr_128,chunk,mmr,0.0,0.5,0.0,0.5,0.0,0.0,127.0,1.0,1.0
5ab97b27554299131ca4233c,chunk_mmr_128,chunk,mmr,0.0,0.0,0.0,0.3333,0.4955,0.5,111.0,1.0,1.0
5adcdf455542994ed6169c11,chunk_mmr_128,chunk,mmr,0.0,0.5,1.0,1.0,1.0,1.0,118.0,1.0,1.0
5aba74ad55429955dce3ee35,chunk_mmr_128,chunk,mmr,0.0,0.0,0.0,0.0,0.4882,1.0,127.0,1.0,1.0
5a83316b5542993344745fe5,chunk_mmr_128,chunk,mmr,0.0,0.0,0.0,0.6667,0.5285,0.5,123.0,1.0,1.0
5ae7ee41554299540e5a56b0,chunk_mmr_128,chunk,mmr,1.0,1.0,1.0,1.0,0.5492,1.0,122.0,1.0,1.0
5ab9379a554299753720f79d,chunk_mmr_128,chunk,mmr,1.0,1.0,1.0,1.0,1.0,1.0,114.0,1.0,1.0
5adf21bc5542993344016bf4,chunk_mmr_128,chunk,mmr,1.0,1.0,1.0,1.0,1.0,1.0,127.0,1.0,1.0
5a8e3ed7554299068b959e82,chunk_mmr_128,chunk,mmr,0.0,0.0,0.0,0.0,1.0,1.0,119.0,1.0,1.0
5a7d2b5755429907fabef0c2,chunk_mmr_128,chunk,mmr,0.0,0.0,1.0,1.0,1.0,1.0,119.0,1.0,1.0
5a74c3f455429979e2882a0a,chunk_mmr_128,chunk,mmr,0.0,0.0,1.0,1.0,1.0,1.0,108.0,1.0,1.0
5a7a06525542990198eaf04f,chunk_mmr_128,chunk,mmr,0.0,0.0,0.0,0.3333,0.4397,0.5,116.0,1.0,1.0
5ab2ce27554299545a2cfa98,chunk_mmr_128,chunk,mmr,0.0,0.0,0.0,0.0,0.25,0.5,96.0,0.5,0.0
5a810506554299260e20a202,chunk_mmr_128,chunk,mmr,1.0,1.0,1.0,1.0,0.8644,1.0,118.0,1.0,1.0
5ab2999a554299194fa9342f,chunk_mmr_128,chunk,mmr,0.0,0.0,0.0,0.2,0.5984,0.5,122.0,1.0,1.0
5ab9d6ef5542994dbf01985b,chunk_mmr_128,chunk,mmr,1.0,1.0,1.0,1.0,0.6612,0.5,121.0,1.0,1.0
5a7ba4765542995eb53be976,chunk_mmr_128,chunk,mmr,1.0,1.0,1.0,1.0,0.6774,1.0,124.0,1.0,1.0
5ac294b955429921a00aafd0,chunk_mmr_128,chunk,mmr,1.0,1.0,0.0,0.0,0.648,0.5,125.0,1.0,1.0
5a773d8955429966f1a36cc4,chunk_mmr_128,chunk,mmr,0.0,0.0,0.0,0.0,0.0,0.0,126.0,0.0,0.0
5ae0f5fc554299422ee9957c,chunk_mmr_128,chunk,mmr,0.0,0.0,1.0,1.0,0.6129,0.5,124.0,1.0,1.0
5a8edb7f55429917b4a5bdeb,chunk_mmr_128,chunk,mmr,1.0,1.0,1.0,1.0,1.0,1.0,127.0,1.0,1.0
5ae612f3554299546bf83065,chunk_mmr_128,chunk,mmr,0.0,0.0,0.0,0.5,0.5565,0.5,115.0,1.0,1.0
5a88db445542993b751ca88a,chunk_mmr_128,chunk,mmr,1.0,1.0,1.0,1.0,0.7043,1.0,115.0,1.0,1.0
5a7a33a35542994f819ef14c,chunk_mmr_128,chunk,mmr,1.0,1.0,1.0,1.0,0.127,0.5,126.0,1.0,1.0
5ab8ae585542991b5579efd8,chunk_mmr_128,chunk,mmr,0.0,0.0,0.0,0.0,0.3307,0.5,127.0,1.0,1.0
5ab9535a5542996be202047e,chunk_mmr_128,chunk,mmr,0.0,0.0,0.0,0.0,1.0,0.5,120.0,1.0,1.0
5adeffa85542992d7e9f926f,chunk_mmr_128,chunk,mmr,0.0,0.0,1.0,1.0,0.3871,0.5,124.0,1.0,1.0
5abcfc365542993a06baf9d6,chunk_mmr_128,chunk,mmr,0.0,0.0,0.0,0.0,0.0,0.0,118.0,0.5,0.0
5a8b3de95542997f31a41cc3,chunk_mmr_128,chunk,mmr,0.0,0.0,1.0,1.0,0.8672,1.0,128.0,1.0,1.0
5a8587dd5542997b5ce40000,chunk_mmr_128,chunk,mmr,0.0,0.0,1.0,1.0,0.5938,1.0,128.0,1.0,1.0
5ae55e6855429960a22e02d0,chunk_mmr_128,chunk,mmr,1.0,1.0,1.0,1.0,1.0,1.0,122.0,1.0,1.0
5a80c74f554299260e20a158,chunk_mmr_128,chunk,mmr,0.0,0.0,0.0,0.2857,0.75,0.5,104.0,1.0,1.0
5a7543d555429916b01642ce,chunk_mmr_128,chunk,mmr,1.0,1.0,0.0,0.0,0.7453,0.5,106.0,1.0,1.0
5a831af855429954d2e2ec1e,chunk_mmr_128,chunk,mmr,0.0,0.0,0.0,0.0,0.8455,1.0,123.0,1.0,1.0
5ae7909f5542994a481bbda6,chunk_mmr_128,chunk,mmr,0.0,0.0,0.0,0.5,0.536,0.5,125.0,1.0,1.0
5a89d26b5542992e4fca83d1,chunk_mmr_128,chunk,mmr,1.0,1.0,1.0,1.0,0.627,0.5,126.0,1.0,1.0
5ade279e5542992fa25da6fa,chunk_mmr_128,chunk,mmr,1.0,1.0,1.0,1.0,1.0,1.0,126.0,1.0,1.0
5adc5b875542996e68525328,chunk_mmr_128,chunk,mmr,0.0,0.0,0.0,0.0,0.0,0.0,127.0,0.5,0.0
5ae686535542996d980e7bdc,chunk_mmr_128,chunk,mmr,1.0,1.0,1.0,1.0,0.5234,0.5,107.0,1.0,1.0
5a7c25035542997c3ec972e5,chunk_mmr_128,chunk,mmr,1.0,1.0,1.0,1.0,0.7573,1.0,103.0,1.0,1.0
5adebc51554299728e26c799,chunk_mmr_128,chunk,mmr,0.0,0.0,1.0,1.0,0.4524,0.5,126.0,0.5,0.0
5a88a19a5542997e5c09a64b,chunk_mmr_128,chunk,mmr,0.0,0.0,0.0,0.0,0.0,0.0,96.0,0.5,0.0
5a81346055429926c1cdad13,chunk_mmr_128,chunk,mmr,0.0,0.2,1.0,1.0,0.75,1.0,120.0,1.0,1.0
5aded04755429975fa854fa7,chunk_mmr_128,chunk,mmr,0.0,0.2857,1.0,1.0,1.0,1.0,116.0,1.0,1.0
5a85f4ec5542994775f606c6,chunk_mmr_128,chunk,mmr,1.0,1.0,1.0,1.0,1.0,1.0,124.0,1.0,1.0
5a7cdd6b55429909bec76858,chunk_mmr_128,chunk,mmr,0.0,0.0,0.0,0.0,0.0,0.0,128.0,1.0,1.0
5a832e715542990548d0b1bf,chunk_mmr_128,chunk,mmr,1.0,1.0,1.0,1.0,1.0,1.0,126.0,1.0,1.0
5adf73a45542992d7e9f9378,chunk_mmr_128,chunk,mmr,0.0,0.8,0.0,0.6667,0.5902,0.5,122.0,1.0,1.0
5ae328df55429928c423963c,chunk_mmr_128,chunk,mmr,0.0,0.6667,1.0,1.0,0.2742,0.5,124.0,1.0,1.0
5a8e0cb85542995085b373b2,chunk_mmr_128,chunk,mmr,1.0,1.0,1.0,1.0,0.3089,0.5,123.0,1.0,1.0
5abe94fd55429965af743f37,chunk_mmr_128,chunk,mmr,0.0,0.0,0.0,0.0,1.0,1.0,119.0,1.0,1.0
5a7758895542994aec3b729c,chunk_mmr_128,chunk,mmr,0.0,0.0,1.0,1.0,0.7317,1.0,123.0,1.0,1.0
5abd09585542996e802b469b,chunk_mmr_128,chunk,mmr,0.0,0.0,0.0,0.0,0.7143,0.5,112.0,0.5,0.0
5abc0bea554299658360040d,chunk_mmr_128,chunk,mmr,0.0,0.5,0.0,0.3333,0.4206,0.5,126.0,0.5,0.0
5ac0805f5542992a796ded29,chunk_mmr_128,chunk,mmr,0.0,0.0,0.0,0.0,0.5603,0.5,116.0,1.0,1.0
5a888fe6554299206df2b2f7,chunk_mmr_128,chunk,mmr,0.0,0.8571,0.0,0.75,0.1429,0.5,126.0,1.0,1.0
5a7757215542993569682d58,chunk_mmr_128,chunk,mmr,0.0,0.0,0.0,0.0,0.5,0.5,128.0,0.5,0.0
5a77a65b5542992a6e59df57,chunk_mmr_128,chunk,mmr,0.0,0.3333,0.0,0.3333,0.2991,0.5,117.0,1.0,1.0
5ae12a4b55429920d52342df,chunk_mmr_128,chunk,mmr,0.0,0.0,0.0,0.0,0.0,0.0,126.0,0.5,0.0
5a89f5815542993b751ca9c5,chunk_mmr_128,chunk,mmr,1.0,1.0,1.0,1.0,0.4257,0.5,101.0,1.0,1.0
5ae531a95542990ba0bbb1fc,chunk_mmr_128,chunk,mmr,0.0,0.0,0.0,0.0,0.5487,0.5,113.0,0.5,0.0
5a7b443c5542992d025e67ce,chunk_mmr_128,chunk,mmr,0.0,0.0,0.0,0.0,0.5593,0.5,118.0,0.5,0.0
5abe436455429976d4830ac6,chunk_mmr_128,chunk,mmr,0.0,0.6667,1.0,1.0,0.6532,0.5,124.0,1.0,1.0
5ae5c74d554299546bf82f58,chunk_mmr_128,chunk,mmr,0.0,0.6667,0.0,0.6667,0.6316,0.5,114.0,1.0,1.0
5ae3e5d05542994393b9e79f,chunk_mmr_128,chunk,mmr,1.0,1.0,1.0,1.0,0.3947,0.5,114.0,1.0,1.0
5a72f74a55429901807daf59,chunk_mmr_128,chunk,mmr,0.0,0.0,1.0,1.0,0.7174,0.5,92.0,0.5,0.0
5ae54eea5542993aec5ec19d,chunk_mmr_128,chunk,mmr,0.0,0.0,1.0,1.0,0.5,1.0,128.0,1.0,1.0
5a8e32d35542995a26add480,chunk_mmr_128,chunk,mmr,1.0,1.0,1.0,1.0,0.4141,0.5,128.0,1.0,1.0
5a8230af554299676cceb227,chunk_mmr_128,chunk,mmr,0.0,0.0,0.0,0.0,0.0,0.0,123.0,1.0,1.0
5ae7316e554299572ea5477e,chunk_mmr_128,chunk,mmr,0.0,0.0,1.0,1.0,0.7638,0.5,127.0,1.0,1.0
5ac194db55429964131be23a,chunk_mmr_128,chunk,mmr,0.0,0.0,0.0,0.0,0.582,0.5,122.0,1.0,1.0
5ab2979c554299449642c919,chunk_mmr_128,chunk,mmr,0.0,0.4444,1.0,1.0,0.4603,0.5,126.0,1.0,1.0
5a86e6f65542994775f6077c,chunk_mmr_128,chunk,mmr,0.0,0.6667,1.0,1.0,1.0,1.0,121.0,1.0,1.0
5a85ee635542994775f606b4,chunk_mmr_128,chunk,mmr,0.0,0.5,1.0,1.0,0.6518,0.5,112.0,1.0,1.0
5abbfa8f55429965836003cc,chunk_mmr_128,chunk,mmr,0.0,0.0,0.0,0.3333,0.624,1.0,125.0,1.0,1.0
5ae3789b5542992e3233c412,chunk_mmr_128,chunk,mmr,0.0,0.2857,0.0,0.6667,0.6457,0.5,127.0,1.0,1.0
5ab344fc55429969a97a811e,chunk_mmr_128,chunk,mmr,1.0,1.0,0.0,0.0,0.3629,0.5,124.0,1.0,1.0
5a7a88e455429941d65f268c,chunk_mmr_128,chunk,mmr,0.0,0.0,1.0,1.0,1.0,1.0,120.0,1.0,1.0
5a8634fe554299211dda2aac,chunk_mmr_128,chunk,mmr,1.0,1.0,1.0,1.0,1.0,1.0,120.0,1.0,1.0
5ae54b4f5542990ba0bbb261,chunk_mmr_128,chunk,mmr,0.0,0.0,0.0,0.0,0.4783,0.5,115.0,1.0,1.0
5ac25fa955429951e9e6858c,chunk_mmr_128,chunk,mmr,0.0,0.0,0.0,0.3333,0.1984,0.5,126.0,0.5,0.0
5ab44cd555429942dd415f10,chunk_mmr_128,chunk,mmr,0.0,0.0,1.0,1.0,0.5577,1.0,104.0,1.0,1.0
5a761e855542994ccc9186e0,chunk_mmr_128,chunk,mmr,0.0,0.0,1.0,1.0,0.8115,1.0,122.0,1.0,1.0
5a87defa5542993e715abfec,chunk_mmr_128,chunk,mmr,0.0,0.0,1.0,1.0,1.0,1.0,112.0,1.0,1.0
5ab827a555429934fafe6cf5,chunk_mmr_128,chunk,mmr,0.0,0.0,0.0,0.25,0.5047,0.5,107.0,0.5,0.0
5ab5fcae554299110f2199ad,chunk_mmr_128,chunk,mmr,1.0,1.0,1.0,1.0,0.6585,1.0,123.0,1.0,1.0
5abd01205542992ac4f3819b,chunk_mmr_128,chunk,mmr,0.0,0.0,0.0,0.0,0.0,0.0,127.0,0.5,0.0
5ae3305c55429928c423965f,chunk_mmr_128,chunk,mmr,0.0,0.0,0.0,0.0,0.4173,0.5,127.0,0.5,0.0
5ac249bd55429951e9e68528,chunk_mmr_128,chunk,mmr,0.0,0.0,0.0,0.25,0.0,0.0,123.0,1.0,1.0
5adf98215542993344016d19,chunk_mmr_128,chunk,mmr,1.0,1.0,1.0,1.0,0.4083,0.5,120.0,1.0,1.0
5a745a6055429974ef308be4,chunk_mmr_128,chunk,mmr,1.0,1.0,0.0,0.3333,0.0,0.0,110.0,1.0,1.0
5ab9d2e255429955dce3ed90,chunk_mmr_128,chunk,mmr,0.0,0.0,0.0,0.0,0.2385,0.5,109.0,1.0,1.0
5a8ea03e5542990e94052b81,chunk_mmr_128,chunk,mmr,0.0,0.0,0.0,0.0,0.4957,0.5,115.0,1.0,1.0
5a9052765542995651fb513d,chunk_mmr_128,chunk,mmr,0.0,0.0,0.0,0.0,0.2991,0.5,117.0,1.0,1.0
5adbd3405542994650320bf8,chunk_mmr_128,chunk,mmr,0.0,0.0,0.0,0.0,0.5,0.5,120.0,1.0,1.0
5ae1091055429920d523429b,chunk_mmr_128,chunk,mmr,0.0,0.0,0.0,0.0,0.0,0.0,121.0,1.0,1.0
5add7b0c5542992200553b39,chunk_mmr_128,chunk,mmr,1.0,1.0,1.0,1.0,1.0,1.0,106.0,1.0,1.0
5ae236da5542994d89d5b397,chunk_mmr_128,chunk,mmr,0.0,0.0,0.0,0.0,0.3879,0.5,116.0,0.5,0.0
5abbd3ac55429931dba1458b,chunk_mmr_128,chunk,mmr,1.0,1.0,0.0,0.0,0.448,1.0,125.0,1.0,1.0
5abe535055429976d4830aea,chunk_mmr_128,chunk,mmr,0.0,0.0,1.0,1.0,0.4,0.5,125.0,0.5,0.0
5ac3a2fa5542993915413857,chunk_mmr_128,chunk,mmr,1.0,1.0,1.0,1.0,0.5505,0.5,109.0,0.5,0.0
5ab58f9a554299488d4d99da,chunk_mmr_128,chunk,mmr,0.0,0.8,1.0,1.0,0.4065,0.5,123.0,0.5,0.0
5abd0b6b5542996e802b46b4,chunk_mmr_128,chunk,mmr,0.0,0.6667,1.0,1.0,0.6068,0.5,117.0,1.0,1.0
5ae76e615542997ec2727647,chunk_mmr_128,chunk,mmr,1.0,1.0,1.0,1.0,1.0,1.0,121.0,1.0,1.0
5a7d1868554299452d57bae2,chunk_mmr_128,chunk,mmr,0.0,0.4,1.0,1.0,0.6195,1.0,113.0,1.0,1.0
5a8682755542996432c571cf,chunk_mmr_128,chunk,mmr,0.0,0.5,1.0,1.0,0.7656,1.0,128.0,1.0,1.0
5ac02d59554299294b218f3b,chunk_mmr_128,chunk,mmr,0.0,0.25,1.0,1.0,1.0,1.0,126.0,1.0,1.0
5aba71be5542994dbf01990c,chunk_mmr_128,chunk,mmr,1.0,1.0,1.0,1.0,0.216,0.5,125.0,1.0,1.0
5a7b77d95542997c3ec971a5,chunk_mmr_128,chunk,mmr,0.0,0.4,0.0,0.5,0.6667,0.5,120.0,0.5,0.0
5aba9813554299232ef4a357,chunk_mmr_128,chunk,mmr,1.0,1.0,1.0,1.0,1.0,1.0,120.0,1.0,1.0
5ab6993f554299110f219a2b,chunk_mmr_128,chunk,mmr,0.0,0.0,0.0,0.0,0.2339,0.5,124.0,1.0,1.0
5adc7dbf5542994d58a2f618,chunk_mmr_128,chunk,mmr,0.0,0.0,1.0,1.0,0.45,0.5,120.0,1.0,1.0
5a7c572655429935c91b5166,chunk_mmr_128,chunk,mmr,0.0,0.0,1.0,1.0,0.6634,1.0,101.0,1.0,1.0
5ab746c8554299110f219aef,chunk_mmr_128,chunk,mmr,0.0,0.0,0.0,0.0,0.5676,0.5,111.0,1.0,1.0
5ab262a4554299340b5254ac,chunk_mmr_128,chunk,mmr,1.0,1.0,1.0,1.0,0.6535,0.5,127.0,0.5,0.0
5ac38bf355429939154137ba,chunk_mmr_128,chunk,mmr,0.0,0.0,0.0,0.5,0.4803,0.5,127.0,1.0,1.0
5adefdd75542995ec70e8f4e,chunk_mmr_128,chunk,mmr,0.0,0.0,0.0,0.5,0.0,0.0,127.0,0.0,0.0
5a85cead5542991dd0999ea9,chunk_mmr_128,chunk,mmr,0.0,0.0,0.0,0.0,0.0,0.0,127.0,0.5,0.0
5a7e36815542995ed0d166d4,chunk_mmr_128,chunk,mmr,0.0,0.25,0.0,0.3333,0.0,0.0,122.0,1.0,1.0
5a713f395542994082a3e6ea,chunk_mmr_128,chunk,mmr,0.0,0.4,1.0,1.0,0.8346,1.0,127.0,1.0,1.0
5ae1338d55429901ffe4ade1,chunk_mmr_128,chunk,mmr,0.0,0.0,0.0,0.0,0.3565,0.5,115.0,1.0,1.0
5a75f7db5542994ccc918670,chunk_mmr_128,chunk,mmr,1.0,1.0,1.0,1.0,1.0,1.0,128.0,1.0,1.0
5ab8f4ee5542991b5579f091,chunk_mmr_128,chunk,mmr,1.0,1.0,1.0,1.0,0.5156,1.0,128.0,1.0,1.0
5abc0aba55429959677d6a00,chunk_mmr_128,chunk,mmr,0.0,0.0,0.0,0.6667,0.4553,0.5,123.0,1.0,1.0
5ae12d5355429920d52342eb,chunk_mmr_128,chunk,mmr,0.0,0.5,0.0,0.0,0.8974,0.5,117.0,0.5,0.0
5a7a276d5542996c55b2dd27,chunk_mmr_128,chunk,mmr,0.0,0.8571,1.0,1.0,0.4476,0.5,105.0,1.0,1.0
5ab5744e554299494045efdf,chunk_mmr_128,chunk,mmr,0.0,0.0,0.0,0.0,0.2047,0.5,127.0,0.5,0.0
5ab5c6e55542997d4ad1f1db,chunk_mmr_128,chunk,mmr,1.0,1.0,1.0,1.0,0.6172,0.5,128.0,1.0,1.0
5a74feb75542996c70cfae6d,chunk_mmr_128,chunk,mmr,1.0,1.0,1.0,1.0,0.6864,0.5,118.0,1.0,1.0
5ab56f7a554299637185c59a,chunk_mmr_128,chunk,mmr,0.0,0.0,0.0,0.0,0.3504,0.5,117.0,0.5,0.0
5abc5603554299700f9d7875,chunk_mmr_128,chunk,mmr,0.0,0.0,1.0,1.0,1.0,1.0,127.0,1.0,1.0
5a8cacac554299585d9e3716,chunk_mmr_128,chunk,mmr,1.0,1.0,1.0,1.0,0.4322,0.5,118.0,1.0,1.0
5a8a07725542992d82986e5b,chunk_mmr_128,chunk,mmr,0.0,0.0,0.0,0.0,0.1455,0.5,110.0,1.0,1.0
5ae2c6bf554299492dc91c6c,chunk_mmr_128,chunk,mmr,0.0,0.0,1.0,1.0,0.4472,0.5,123.0,1.0,1.0
5a903b7255429933b8a204ae,chunk_mmr_128,chunk,mmr,0.0,0.5,1.0,1.0,0.4919,1.0,124.0,1.0,1.0
5ab53bee554299637185c526,chunk_mmr_128,chunk,mmr,0.0,0.0,0.0,0.1429,0.375,0.5,128.0,0.5,0.0
5ab8633c55429919ba4e22d6,chunk_mmr_128,chunk,mmr,0.0,0.4,0.0,0.3333,0.0,0.0,122.0,1.0,1.0
5a835a265542992ef85e2281,chunk_mmr_128,chunk,mmr,0.0,0.5,1.0,1.0,0.8426,1.0,108.0,1.0,1.0
5a74b55455429974ef308c39,chunk_mmr_128,chunk,mmr,0.0,0.0,0.0,0.0,0.5122,0.5,123.0,0.5,0.0
5ac002705542996f0d89cb05,chunk_mmr_128,chunk,mmr,0.0,0.6667,1.0,1.0,0.3455,0.5,110.0,1.0,1.0
5a883afc5542994846c1ce48,chunk_mmr_128,chunk,mmr,1.0,1.0,0.0,0.0,0.4701,0.5,117.0,0.5,0.0
5add38355542990dbb2f7dd0,chunk_mmr_128,chunk,mmr,0.0,0.0,0.0,0.0,0.785,0.5,107.0,0.5,0.0
5ac43530554299204fd21f0a,chunk_mmr_128,chunk,mmr,1.0,1.0,1.0,1.0,0.8934,1.0,122.0,1.0,1.0
5a895f6155429946c8d6e914,chunk_mmr_128,chunk,mmr,0.0,0.5,0.0,0.5,0.5,0.5,128.0,1.0,1.0
5a79c9c05542994bb94570a5,chunk_mmr_128,chunk,mmr,0.0,0.0,1.0,1.0,0.453,0.5,117.0,1.0,1.0
5a8389445542996488c2e450,chunk_mmr_128,chunk,mmr,1.0,1.0,1.0,1.0,1.0,1.0,124.0,1.0,1.0
5ab236645542993be8fa98c9,chunk_mmr_128,chunk,mmr,0.0,0.4,1.0,1.0,1.0,1.0,127.0,1.0,1.0
5ac4f7e955429924173fb523,chunk_mmr_128,chunk,mmr,0.0,0.0,0.0,0.0,0.2683,0.5,123.0,1.0,1.0
5ab1c2bf5542997061209558,chunk_mmr_128,chunk,mmr,1.0,1.0,1.0,1.0,1.0,1.0,112.0,1.0,1.0
5ade6fcd55429975fa854ecf,chunk_mmr_128,chunk,mmr,0.0,0.4,1.0,1.0,0.7642,1.0,123.0,1.0,1.0
5ab2b7c1554299166977406a,chunk_mmr_128,chunk,mmr,1.0,1.0,1.0,1.0,1.0,1.0,111.0,1.0,1.0
5a74b4e555429929fddd84c2,chunk_mmr_128,chunk,mmr,1.0,1.0,0.0,0.75,0.874,1.0,127.0,1.0,1.0
5a84b5f05542991dd0999da5,chunk_mmr_128,chunk,mmr,1.0,1.0,1.0,1.0,1.0,1.0,125.0,1.0,1.0
5a83ed9b55429933447460b8,chunk_mmr_128,chunk,mmr,0.0,0.0,1.0,1.0,0.6984,1.0,126.0,1.0,1.0
5ae491155542995ad6573da3,chunk_mmr_128,chunk,mmr,1.0,1.0,1.0,1.0,0.6667,0.5,114.0,1.0,1.0
5ae00a27554299025d62a3bb,chunk_mmr_128,chunk,mmr,1.0,1.0,1.0,1.0,1.0,1.0,128.0,1.0,1.0
5a822a5e55429926c1cdae43,chunk_mmr_128,chunk,mmr,0.0,0.5714,0.0,1.0,0.4237,0.5,118.0,1.0,1.0
5ae641f65542992ae0d162a3,chunk_mmr_128,chunk,mmr,0.0,0.0,1.0,1.0,0.4062,0.5,128.0,0.5,0.0
5a77e96c5542995d8318132d,chunk_mmr_128,chunk,mmr,1.0,1.0,1.0,1.0,0.0,0.0,119.0,0.5,0.0
5ab9d7e4554299232ef4a21f,chunk_mmr_128,chunk,mmr,0.0,0.0,1.0,1.0,1.0,1.0,121.0,1.0,1.0
5a902d5155429933b8a2048d,chunk_mmr_128,chunk,mmr,0.0,0.0,1.0,1.0,0.4286,0.5,126.0,1.0,1.0
5a83c9445542992ef85e2360,chunk_mmr_128,chunk,mmr,1.0,1.0,0.0,0.3333,0.3061,0.5,98.0,1.0,1.0
5ae236b2554299495565da3e,chunk_mmr_128,chunk,mmr,0.0,0.0,1.0,1.0,1.0,1.0,127.0,1.0,1.0
5ae2c4b8554299495565db31,chunk_mmr_128,chunk,mmr,0.0,0.0,0.0,0.0,0.656,0.5,125.0,0.5,0.0
5a78f8e555429970f5fffe01,chunk_mmr_128,chunk,mmr,0.0,0.8,1.0,1.0,0.622,1.0,127.0,1.0,1.0
5a8c66db554299585d9e3683,chunk_mmr_128,chunk,mmr,0.0,0.0,0.0,0.0,0.5537,0.5,121.0,1.0,1.0
5a83108d55429966c78a6b1e,chunk_mmr_128,chunk,mmr,1.0,1.0,1.0,1.0,0.8537,1.0,123.0,1.0,1.0
5a838fcd5542992ef85e2305,chunk_mmr_128,chunk,mmr,0.0,0.8,0.0,0.6667,0.3833,0.5,120.0,0.5,0.0
5abc030e554299642a094bdc,chunk_mmr_128,chunk,mmr,0.0,0.0,0.0,0.3333,0.7767,0.5,103.0,1.0,1.0
5abbb64455429931dba144b4,chunk_mmr_128,chunk,mmr,0.0,0.4,1.0,1.0,0.5217,0.5,115.0,1.0,1.0
5ae236445542992decbdcc69,chunk_mmr_128,chunk,mmr,1.0,1.0,1.0,1.0,1.0,1.0,115.0,1.0,1.0
5ab844815542992aa3b8c8af,chunk_mmr_128,chunk,mmr,1.0,1.0,1.0,1.0,0.4956,0.5,113.0,0.5,0.0
5a85b0c85542994c784ddb40,chunk_mmr_128,chunk,mmr,1.0,1.0,1.0,1.0,0.5593,0.5,118.0,1.0,1.0
5a8752955542994775f607d1,chunk_mmr_128,chunk,mmr,0.0,0.0,0.0,0.25,0.6016,0.5,123.0,0.5,0.0
5a7f19eb55429934daa2fcdb,chunk_mmr_128,chunk,mmr,1.0,1.0,1.0,1.0,1.0,1.0,105.0,1.0,1.0
5a72a9145542994cef4bc3c1,chunk_mmr_128,chunk,mmr,0.0,0.0,0.0,0.0,0.0,0.0,125.0,0.5,0.0
5ade1f1c55429939a52fe82d,chunk_mmr_128,chunk,mmr,1.0,1.0,1.0,1.0,1.0,1.0,127.0,1.0,1.0
5a89d3e15542992e4fca83d4,chunk_mmr_128,chunk,mmr,0.0,0.0,1.0,1.0,0.6807,1.0,119.0,1.0,1.0
5ab84dea55429934fafe6d4f,chunk_mmr_128,chunk,mmr,0.0,0.0,0.0,0.0,0.7188,1.0,128.0,1.0,1.0
5a83438955429966c78a6b61,chunk_mmr_128,chunk,mmr,1.0,1.0,1.0,1.0,0.3303,0.5,109.0,0.5,0.0
5ae0ec48554299422ee9955a,chunk_mmr_128,chunk,mmr,0.0,0.4,1.0,1.0,0.5943,0.5,106.0,1.0,1.0
5ab474135542991751b4d77b,chunk_mmr_128,chunk,mmr,1.0,1.0,1.0,1.0,0.5932,0.5,118.0,1.0,1.0
5a8d838955429941ae14dfe5,chunk_mmr_128,chunk,mmr,0.0,0.0,1.0,1.0,0.8049,1.0,123.0,1.0,1.0
5aba926f55429901930fa83e,chunk_submod_128,chunk,submod,1.0,1.0,1.0,1.0,0.7059,0.5,102.0,0.5,0.0
5ae1fced5542997283cd230e,chunk_submod_128,chunk,submod,1.0,1.0,1.0,1.0,0.45,1.0,120.0,1.0,1.0
5a890b895542995153361278,chunk_submod_128,chunk,submod,0.0,0.4,1.0,1.0,0.6495,1.0,97.0,1.0,1.0
5a90b2175542990a984936ae,chunk_submod_128,chunk,submod,1.0,1.0,1.0,1.0,0.5625,1.0,128.0,1.0,1.0
5a881cbb55429938390d3ee7,chunk_submod_128,chunk,submod,0.0,0.0,0.0,0.0,0.1719,0.5,128.0,0.5,0.0
5a764c0b55429976ec32bd89,chunk_submod_128,chunk,submod,0.0,0.0,1.0,1.0,0.6389,1.0,108.0,1.0,1.0
5ac2da27554299657fa2909f,chunk_submod_128,chunk,submod,0.0,0.0,0.0,0.0,0.3701,0.5,127.0,0.5,0.0
5ac26ac15542992f1f2b38bc,chunk_submod_128,chunk,submod,0.0,0.0,0.0,0.0,0.25,0.5,104.0,0.5,0.0
5a8a521d5542992d82986f15,chunk_submod_128,chunk,submod,0.0,0.0,0.0,0.8,0.2034,0.5,118.0,1.0,1.0
5ae650fb55429929b0807b2e,chunk_submod_128,chunk,submod,1.0,1.0,1.0,1.0,0.5932,1.0,118.0,1.0,1.0
5a8bc1b85542997f31a41db8,chunk_submod_128,chunk,submod,1.0,1.0,1.0,1.0,0.1532,0.5,124.0,1.0,1.0
5ab209ec554299722f9b4ca2,chunk_submod_128,chunk,submod,0.0,0.0,0.0,0.5714,0.4667,0.5,120.0,0.5,0.0
5a8bb90f5542996e8ac88a02,chunk_submod_128,chunk,submod,0.0,0.0,1.0,1.0,0.1797,0.5,128.0,0.5,0.0
5ac31b0a554299741d48a1f0,chunk_submod_128,chunk,submod,0.0,0.0,0.0,0.5,0.4138,0.5,116.0,0.5,0.0
5adf3e355542993a75d26440,chunk_submod_128,chunk,submod,0.0,0.5,0.0,0.5,0.0,0.0,114.0,1.0,1.0
5abd245555429924427fcf0f,chunk_submod_128,chunk,submod,1.0,1.0,1.0,1.0,0.3613,0.5,119.0,0.5,0.0
5a84b5975542991dd0999da3,chunk_submod_128,chunk,submod,0.0,0.5714,0.0,0.6667,0.4957,1.0,115.0,1.0,1.0
5a8ba3ff55429971feec4744,chunk_submod_128,chunk,submod,0.0,0.0,0.0,0.8,0.6979,0.5,96.0,1.0,1.0
5a8303c255429954d2e2ec01,chunk_submod_128,chunk,submod,0.0,0.0,0.0,0.3333,0.0,0.0,124.0,0.5,0.0
5a7b374c5542995eb53be8cc,chunk_submod_128,chunk,submod,0.0,0.75,1.0,1.0,0.6198,1.0,121.0,1.0,1.0
5a7b63eb55429931da12ca7e,chunk_submod_128,chunk,submod,0.0,0.0,0.0,0.0,0.5041,0.5,121.0,1.0,1.0
5a90492655429933b8a204d8,chunk_submod_128,chunk,submod,1.0,1.0,1.0,1.0,0.8,1.0,100.0,1.0,1.0
5a8a502b5542996c9b8d5ea6,chunk_submod_128,chunk,submod,1.0,1.0,1.0,1.0,0.6532,1.0,124.0,1.0,1.0
5ae5a4e5554299546bf82f01,chunk_submod_128,chunk,submod,0.0,0.75,1.0,1.0,0.3305,0.5,118.0,1.0,1.0
5a78e3b955429974737f78f1,chunk_submod_128,chunk,submod,1.0,1.0,1.0,1.0,0.6066,1.0,122.0,1.0,1.0
5a85cd295542997175ce202b,chunk_submod_128,chunk,submod,0.0,0.0,0.0,0.0,0.4563,0.5,103.0,0.5,0.0
5add6cf45542992ae4cec55f,chunk_submod_128,chunk,submod,0.0,0.0,1.0,1.0,0.2903,0.5,124.0,0.5,0.0
5a86fde6554299211dda2b7f,chunk_submod_128,chunk,submod,0.0,0.0,0.0,0.0,0.2212,0.5,113.0,0.5,0.0
5a8198565542995ce29dcc13,chunk_submod_128,chunk,submod,0.0,0.0,0.0,0.0,0.75,1.0,128.0,1.0,1.0
5a79332555429907847277e7,chunk_submod_128,chunk,submod,1.0,1.0,1.0,1.0,0.5,1.0,110.0,1.0,1.0
5ac31602554299741d48a1bf,chunk_submod_128,chunk,submod,0.0,0.0,0.0,0.0,0.3619,0.5,105.0,0.5,0.0
5ae4a2e25542996836b02cee,chunk_submod_128,chunk,submod,1.0,1.0,1.0,1.0,0.3694,1.0,111.0,1.0,1.0
5a8192045542995ce29dcc04,chunk_submod_128,chunk,submod,1.0,1.0,1.0,1.0,0.521,1.0,119.0,1.0,1.0
5a817d8c55429903bc27b974,chunk_submod_128,chunk,submod,0.0,0.0,1.0,1.0,1.0,1.0,95.0,1.0,1.0
5adf0ae45542992d7e9f9286,chunk_submod_128,chunk,submod,0.0,0.0,0.0,0.0,0.6832,1.0,101.0,1.0,1.0
5a7309a15542992359bc320c,chunk_submod_128,chunk,submod,1.0,1.0,1.0,1.0,0.7619,1.0,105.0,1.0,1.0
5ac54f8d5542993e66e822f5,chunk_submod_128,chunk,submod,0.0,0.5,1.0,1.0,0.5546,1.0,119.0,1.0,1.0
5ae5cf625542996de7b71a22,chunk_submod_128,chunk,submod,1.0,1.0,1.0,1.0,0.9279,1.0,111.0,1.0,1.0
5ae1d5a3554299234fd04319,chunk_submod_128,chunk,submod,0.0,0.8571,1.0,1.0,0.479,0.5,119.0,0.5,0.0
5ab6390f5542995eadeeff7a,chunk_submod_128,chunk,submod,0.0,0.0,0.0,0.0,0.4597,0.5,124.0,1.0,1.0
5a7344e95542991f9a20c6ce,chunk_submod_128,chunk,submod,0.0,0.0,0.0,0.0,0.3158,0.5,95.0,1.0,1.0
5ac2ed41554299218029db96,chunk_submod_128,chunk,submod,1.0,1.0,0.0,0.0,0.16,0.5,125.0,1.0,1.0
5ae0536755429924de1b70a6,chunk_submod_128,chunk,submod,0.0,0.0,0.0,0.0,0.5378,1.0,119.0,1.0,1.0
5aba7cb455429901930fa7eb,chunk_submod_128,chunk,submod,0.0,0.0,0.0,0.2,0.3223,0.5,121.0,1.0,1.0
5ac083b0554299294b21900d,chunk_submod_128,chunk,submod,0.0,0.0,1.0,1.0,0.3047,1.0,128.0,1.0,1.0
5a7d1bf65542995ed0d165f0,chunk_submod_128,chunk,submod,1.0,1.0,1.0,1.0,0.4492,1.0,118.0,1.0,1.0
5a81a2705542990a1d231e30,chunk_submod_128,chunk,submod,0.0,0.0,1.0,1.0,0.704,1.0,125.0,1.0,1.0
5a82626655429966c78a6a08,chunk_submod_128,chunk,submod,0.0,0.6667,0.0,0.5,0.7016,1.0,124.0,1.0,1.0
5a88a23f5542997e5c09a652,chunk_submod_128,chunk,submod,0.0,0.0,1.0,1.0,0.5238,1.0,105.0,1.0,1.0
5ae518ae5542993aec5ec13c,chunk_submod_128,chunk,submod,0.0,0.0,0.0,0.0,0.7041,1.0,98.0,1.0,1.0
5a8d227a554299585d9e37b1,chunk_submod_128,chunk,submod,0.0,0.0,0.0,0.0,0.6019,0.5,103.0,0.5,0.0
5ae5dae2554299546bf82fa4,chunk_submod_128,chunk,submod,1.0,1.0,1.0,1.0,0.656,1.0,125.0,1.0,1.0
5ac0e0c75542997d64295a6e,chunk_submod_128,chunk,submod,0.0,0.0,0.0,0.0,0.2783,0.5,115.0,1.0,1.0
5a8268aa55429940e5e1a8aa,chunk_submod_128,chunk,submod,0.0,0.0,0.0,0.0,0.2202,0.5,109.0,0.5,0.0
5a79c1095542996c55b2dc62,chunk_submod_128,chunk,submod,0.0,0.0,0.0,0.0,0.1518,0.5,112.0,1.0,1.0
5ae18d615542997283cd2229,chunk_submod_128,chunk,submod,1.0,1.0,1.0,1.0,0.3153,0.5,111.0,0.5,0.0
5ae0156455429942ec259c15,chunk_submod_128,chunk,submod,1.0,1.0,1.0,1.0,1.0,1.0,120.0,1.0,1.0
5a876f785542993e715abf42,chunk_submod_128,chunk,submod,0.0,0.0,1.0,1.0,0.6577,1.0,111.0,1.0,1.0
5ae25d2b554299495565da46,chunk_submod_128,chunk,submod,0.0,0.0,0.0,0.0,0.4359,1.0,117.0,1.0,1.0
5a9068f85542990a98493623,chunk_submod_128,chunk,submod,0.0,0.0,0.0,0.0,0.0,0.0,111.0,1.0,1.0
5a772c395542993735360207,chunk_submod_128,chunk,submod,0.0,0.0,0.0,0.3333,0.0,0.0,120.0,0.0,0.0
5a80522b5542996402f6a4c1,chunk_submod_128,chunk,submod,0.0,0.0,0.0,0.0,0.4021,0.5,97.0,1.0,1.0
5add60905542995b365fab1d,chunk_submod_128,chunk,submod,0.0,0.0,1.0,1.0,0.2222,0.5,108.0,1.0,1.0
5a75092b55429916b0164242,chunk_submod_128,chunk,submod,1.0,1.0,1.0,1.0,0.2381,0.5,126.0,0.5,0.0
5adf8ade5542993344016ce8,chunk_submod_128,chunk,submod,1.0,1.0,1.0,1.0,0.43,0.5,100.0,1.0,1.0
5ae25e835542992decbdccd1,chunk_submod_128,chunk,submod,0.0,0.0,0.0,0.2,0.1532,0.5,124.0,0.5,0.0
5a8013e45542995d8a8ddf41,chunk_submod_128,chunk,submod,1.0,1.0,1.0,1.0,0.5043,1.0,115.0,1.0,1.0
5a871a5e5542996432c5721e,chunk_submod_128,chunk,submod,0.0,0.0,0.0,0.0,0.431,0.5,116.0,1.0,1.0
5ae0c9dd5542993d6555ec69,chunk_submod_128,chunk,submod,0.0,0.0,0.0,0.0,0.7143,1.0,112.0,1.0,1.0
5abd8c295542992ac4f382ab,chunk_submod_128,chunk,submod,1.0,1.0,1.0,1.0,0.8148,1.0,108.0,1.0,1.0
5a8b8b3a5542995d1e6f13e5,chunk_submod_128,chunk,submod,0.0,0.0,0.0,0.0,0.312,0.5,125.0,0.5,0.0
5ae6363b55429929b0807af0,chunk_submod_128,chunk,submod,0.0,0.0,0.0,0.0,0.3368,0.5,95.0,0.5,0.0
5ac0b8395542996f0d89cc21,chunk_submod_128,chunk,submod,1.0,1.0,1.0,1.0,0.3391,0.5,115.0,0.5,0.0
5adf3e835542993a75d26442,chunk_submod_128,chunk,submod,0.0,0.0,1.0,1.0,0.3832,0.5,107.0,1.0,1.0
5a731a635542994cef4bc458,chunk_submod_128,chunk,submod,0.0,0.0,0.0,0.0,0.0,0.0,108.0,0.5,0.0
5adcc90c5542990d50227d1b,chunk_submod_128,chunk,submod,1.0,1.0,1.0,1.0,0.3226,0.5,124.0,0.5,0.0
5ae402085542995dadf242ca,chunk_submod_128,chunk,submod,0.0,0.0,1.0,1.0,0.6091,1.0,110.0,1.0,1.0
5a81d19b55429926c1cdad90,chunk_submod_128,chunk,submod,0.0,0.6667,1.0,1.0,0.3475,0.5,118.0,1.0,1.0
5a77174f55429966f1a36c4c,chunk_submod_128,chunk,submod,0.0,0.0,0.0,0.0,0.0,0.0,110.0,0.5,0.0
5a79395455429970f5fffe7d,chunk_submod_128,chunk,submod,0.0,0.0,0.0,0.5,0.5167,0.5,120.0,1.0,1.0
5a886886554299206df2b258,chunk_submod_128,chunk,submod,0.0,0.0,1.0,1.0,0.4224,0.5,116.0,1.0,1.0
5adfb10855429942ec259af9,chunk_submod_128,chunk,submod,1.0,1.0,1.0,1.0,0.4792,1.0,96.0,1.0,1.0
5ae0d7315542990adbacf678,chunk_submod_128,chunk,submod,1.0,1.0,1.0,1.0,0.6538,1.0,104.0,1.0,1.0
5a790f5e55429970f5fffe40,chunk_submod_128,chunk,submod,0.0,0.0,0.0,0.3333,0.3583,0.5,120.0,1.0,1.0
5ae1b2b9554299422ee99684,chunk_submod_128,chunk,submod,0.0,0.0,0.0,0.0,0.0,0.0,104.0,0.0,0.0
5a792ad055429907847277d1,chunk_submod_128,chunk,submod,0.0,0.0,0.0,0.5,0.5385,0.5,117.0,1.0,1.0
5a8ce851554299441c6b9f6c,chunk_submod_128,chunk,submod,0.0,0.0,0.0,0.0,0.0,0.0,94.0,0.5,0.0
5add67915542992200553af8,chunk_submod_128,chunk,submod,0.0,0.0,0.0,0.2,0.0,0.0,119.0,1.0,1.0
5ab90fdd55429916710eb0fc,chunk_submod_128,chunk,submod,0.0,0.0,0.0,0.0,0.1048,0.5,124.0,1.0,1.0
5ae55b8255429908b63265ef,chunk_submod_128,chunk,submod,0.0,0.8,0.0,0.6667,0.3238,0.5,105.0,1.0,1.0
5ac213805542992f1f2b37e7,chunk_submod_128,chunk,submod,1.0,1.0,1.0,1.0,0.376,1.0,125.0,1.0,1.0
5adce88b5542992c1e3a249a,chunk_submod_128,chunk,submod,0.0,0.5,0.0,0.0,0.4388,0.5,98.0,0.5,0.0
5ac403c45542997ea680c9b5,chunk_submod_128,chunk,submod,0.0,0.0,0.0,0.5,0.382,0.5,89.0,0.5,0.0
5adcd2435542992c1e3a241b,chunk_submod_128,chunk,submod,0.0,0.0,0.0,0.0,0.2222,0.5,108.0,1.0,1.0
5a8078d85542995d8a8ddf78,chunk_submod_128,chunk,submod,1.0,1.0,1.0,1.0,0.6239,1.0,109.0,1.0,1.0
5a85dfcc5542994775f60673,chunk_submod_128,chunk,submod,0.0,0.6667,0.0,0.5,0.6387,1.0,119.0,1.0,1.0
5abd1b6e55429933744ab729,chunk_submod_128,chunk,submod,1.0,1.0,1.0,1.0,0.6476,1.0,105.0,1.0,1.0
5ae33a3b5542992f92d8224a,chunk_submod_128,chunk,submod,0.0,0.0,1.0,1.0,0.7344,1.0,128.0,1.0,1.0
5a899bf955429946c8d6e959,chunk_submod_128,chunk,submod,0.0,0.0,0.0,0.0,0.4793,1.0,121.0,1.0,1.0
5a78bd515542990784727749,chunk_submod_128,chunk,submod,1.0,1.0,1.0,1.0,0.3654,0.5,104.0,0.5,0.0
5a8f155e554299458435d54c,chunk_submod_128,chunk,submod,0.0,0.0,0.0,0.2,0.5785,0.5,121.0,1.0,1.0
5a7bd25a554299294a54ab13,chunk_submod_128,chunk,submod,1.0,1.0,1.0,1.0,0.5421,1.0,107.0,1.0,1.0
5ac458f8554299204fd21f2a,chunk_submod_128,chunk,submod,1.0,1.0,1.0,1.0,0.7091,1.0,110.0,1.0,1.0
5a801f215542992bc0c4a6b2,chunk_submod_128,chunk,submod,0.0,0.0,1.0,1.0,0.6457,1.0,127.0,1.0,1.0
5a8b91d25542995d1e6f13fc,chunk_submod_128,chunk,submod,0.0,0.8,1.0,1.0,0.3103,1.0,116.0,1.0,1.0
5a863ff0554299211dda2ac6,chunk_submod_128,chunk,submod,1.0,1.0,0.0,0.0,0.5752,1.0,113.0,1.0,1.0
5a80abec5542996402f6a5e1,chunk_submod_128,chunk,submod,1.0,1.0,1.0,1.0,0.4677,0.5,124.0,1.0,1.0
5a734acf5542991f9a20c6ec,chunk_submod_128,chunk,submod,0.0,0.8,1.0,1.0,0.3583,1.0,120.0,1.0,1.0
5a7647b85542992d0ec0608a,chunk_submod_128,chunk,submod,1.0,1.0,1.0,1.0,0.3486,0.5,109.0,1.0,1.0
5abc8d00554299700f9d78fd,chunk_submod_128,chunk,submod,0.0,0.0,0.0,0.0,0.5,1.0,102.0,1.0,1.0
5a8089dc5542992bc0c4a765,chunk_submod_128,chunk,submod,0.0,0.0,0.0,0.6667,0.2115,0.5,104.0,1.0,1.0
5a8ab6be5542992d82986f5f,chunk_submod_128,chunk,submod,0.0,0.0,1.0,1.0,0.7117,1.0,111.0,1.0,1.0
5a72429355429971e9dc9375,chunk_submod_128,chunk,submod,1.0,1.0,1.0,1.0,0.1531,0.5,98.0,0.5,0.0
5ac4f2e755429924173fb503,chunk_submod_128,chunk,submod,1.0,1.0,1.0,1.0,0.6195,1.0,113.0,1.0,1.0
5ab6ecd85542991d322236cf,chunk_submod_128,chunk,submod,1.0,1.0,1.0,1.0,0.5391,1.0,128.0,1.0,1.0
5adf85e05542993344016cba,chunk_submod_128,chunk,submod,0.0,0.0,0.0,0.0,0.2358,0.5,106.0,1.0,1.0
5a7455eb55429979e2882908,chunk_submod_128,chunk,submod,0.0,0.4,1.0,1.0,0.56,1.0,125.0,1.0,1.0
5ac385f8554299741d48a279,chunk_submod_128,chunk,submod,1.0,1.0,1.0,1.0,0.32,0.5,100.0,1.0,1.0
5ac0a18a5542992a796ded41,chunk_submod_128,chunk,submod,0.0,0.0,0.0,0.0,0.3417,0.5,120.0,0.5,0.0
5ae3606b5542991a06ce99a8,chunk_submod_128,chunk,submod,0.0,0.0,1.0,1.0,0.5702,0.5,121.0,1.0,1.0
5a71231a5542994082a3e5c4,chunk_submod_128,chunk,submod,1.0,1.0,1.0,1.0,0.5566,1.0,106.0,1.0,1.0
5a7d19d85542995ed0d165e8,chunk_submod_128,chunk,submod,0.0,0.0,0.0,0.0,0.5221,0.5,113.0,1.0,1.0
5ae791245542997b22f6a7a3,chunk_submod_128,chunk,submod,1.0,1.0,1.0,1.0,0.5785,1.0,121.0,1.0,1.0
5a7d2afb554299452d57bb41,chunk_submod_128,chunk,submod,1.0,1.0,1.0,1.0,0.7719,1.0,114.0,1.0,1.0
5abcfa6f5542993a06baf9c7,chunk_submod_128,chunk,submod,1.0,1.0,1.0,1.0,0.6239,1.0,117.0,1.0,1.0
5a7c00a55542996dd594b87e,chunk_submod_128,chunk,submod,0.0,0.0,0.0,0.0,0.3333,0.5,114.0,1.0,1.0
5ae64ba755429929b0807b25,chunk_submod_128,chunk,submod,0.0,0.0,0.0,0.2,0.4239,0.5,92.0,0.5,0.0
5adfc11e55429942ec259b3a,chunk_submod_128,chunk,submod,0.0,0.0,1.0,1.0,0.1471,0.5,102.0,1.0,1.0
5ab596d95542992aa134a371,chunk_submod_128,chunk,submod,0.0,0.0,1.0,1.0,0.7849,1.0,93.0,1.0,1.0
5ae206c45542994d89d5b311,chunk_submod_128,chunk,submod,0.0,0.6667,1.0,1.0,0.3426,0.5,108.0,1.0,1.0
5ae544d75542990ba0bbb249,chunk_submod_128,chunk,submod,1.0,1.0,1.0,1.0,0.5763,1.0,118.0,1.0,1.0
5abbb116554299642a094b1d,chunk_submod_128,chunk,submod,1.0,1.0,1.0,1.0,0.4531,0.5,128.0,1.0,1.0
5a7759fc5542993569682d60,chunk_submod_128,chunk,submod,0.0,0.8571,1.0,1.0,0.6139,1.0,101.0,1.0,1.0
5a7b89a3554299294a54a9e3,chunk_submod_128,chunk,submod,0.0,0.0,0.0,0.0,0.3559,0.5,118.0,0.5,0.0
5a8a09ff5542992d82986e6b,chunk_submod_128,chunk,submod,0.0,0.0,0.0,0.0,0.0,0.0,113.0,0.5,0.0
5ade747555429939a52fe8c5,chunk_submod_128,chunk,submod,0.0,0.0,1.0,1.0,0.7368,1.0,95.0,1.0,1.0
5ab808b85542991d3222380d,chunk_submod_128,chunk,submod,0.0,0.4,0.0,0.3333,0.621,0.5,124.0,0.5,0.0
5ae5be475542990ba0bbb2c6,chunk_submod_128,chunk,submod,1.0,1.0,1.0,1.0,0.4479,0.5,96.0,1.0,1.0
5a88ba465542993e715ac089,chunk_submod_128,chunk,submod,0.0,0.0,0.0,0.0,1.0,1.0,102.0,1.0,1.0
5ab2c6d955429916697740c3,chunk_submod_128,chunk,submod,0.0,0.0,0.0,0.0,0.3465,0.5,127.0,1.0,1.0
5a7c762d55429935c91b51c7,chunk_submod_128,chunk,submod,0.0,0.0,0.0,0.5,0.2619,0.5,126.0,0.5,0.0
5ac325495542995ef918c12e,chunk_submod_128,chunk,submod,0.0,0.6667,1.0,1.0,0.8264,0.5,121.0,0.5,0.0
5a8a833855429970aeb702fe,chunk_submod_128,chunk,submod,0.0,0.0,0.0,0.0,0.0,0.0,104.0,0.5,0.0
5a8c7057554299653c1aa066,chunk_submod_128,chunk,submod,0.0,0.6667,1.0,1.0,1.0,1.0,128.0,1.0,1.0
5ae733dc5542991e8301cbd1,chunk_submod_128,chunk,submod,0.0,0.0,0.0,0.0,0.661,0.5,118.0,1.0,1.0
5a86ec9f55429960ec39b6d7,chunk_submod_128,chunk,submod,1.0,1.0,1.0,1.0,0.6111,1.0,126.0,1.0,1.0
5ac3a0b25542993915413838,chunk_submod_128,chunk,submod,1.0,1.0,1.0,1.0,0.6903,1.0,113.0,1.0,1.0
5adfd30c55429906c02daa53,chunk_submod_128,chunk,submod,0.0,0.5,1.0,1.0,0.6142,1.0,127.0,1.0,1.0
5a88f7bf5542997e5c09a6dd,chunk_submod_128,chunk,submod,1.0,1.0,1.0,1.0,0.4531,1.0,128.0,1.0,1.0
5adfa22655429942ec259ac4,chunk_submod_128,chunk,submod,1.0,1.0,1.0,1.0,1.0,1.0,124.0,1.0,1.0
5ac31a73554299741d48a1e9,chunk_submod_128,chunk,submod,1.0,1.0,1.0,1.0,1.0,1.0,78.0,1.0,1.0
5a72634d5542997f82783994,chunk_submod_128,chunk,submod,0.0,0.0,0.0,0.0,0.189,0.5,127.0,1.0,1.0
5a85ea095542994775f606a8,chunk_submod_128,chunk,submod,1.0,1.0,1.0,1.0,0.4643,0.5,112.0,0.5,0.0
5a81e8ea5542995ce29dcc73,chunk_submod_128,chunk,submod,1.0,1.0,1.0,1.0,0.3684,0.5,114.0,1.0,1.0
5ab2082f554299722f9b4c9f,chunk_submod_128,chunk,submod,0.0,0.0,0.0,0.6667,0.8145,1.0,124.0,1.0,1.0
5a7eb22655429930675135cb,chunk_submod_128,chunk,submod,0.0,0.0,1.0,1.0,0.3415,0.5,123.0,0.5,0.0
5a79cabc5542994f819ef0a1,chunk_submod_128,chunk,submod,1.0,1.0,1.0,1.0,0.619,1.0,126.0,1.0,1.0
5add6f975542992200553b18,chunk_submod_128,chunk,submod,0.0,0.0,0.0,0.0,0.4531,0.5,128.0,1.0,1.0
5a74879255429974ef308c1d,chunk_submod_128,chunk,submod,1.0,1.0,1.0,1.0,1.0,1.0,107.0,1.0,1.0
5a8ccea555429941ae14deeb,chunk_submod_128,chunk,submod,0.0,0.0,1.0,1.0,0.3551,0.5,107.0,0.5,0.0
5a8b56d655429949d91db557,chunk_submod_128,chunk,submod,1.0,1.0,1.0,1.0,1.0,1.0,124.0,1.0,1.0
5adc2b6255429947ff173901,chunk_submod_128,chunk,submod,0.0,0.0,0.0,0.0,0.3902,0.5,123.0,0.5,0.0
5ac440385542997ea680ca4e,chunk_submod_128,chunk,submod,0.0,0.0,1.0,1.0,0.5052,1.0,97.0,1.0,1.0
5a846da0554299334474611e,chunk_submod_128,chunk,submod,1.0,1.0,0.0,0.3333,0.4876,1.0,121.0,1.0,1.0
5a7354d55542994cef4bc55a,chunk_submod_128,chunk,submod,1.0,1.0,1.0,1.0,0.6719,1.0,128.0,1.0,1.0
5ac3a76e554299741d48a2be,chunk_submod_128,chunk,submod,1.0,1.0,1.0,1.0,0.56,1.0,125.0,1.0,1.0
5a8740ee5542994846c1cd35,chunk_submod_128,chunk,submod,0.0,0.0,1.0,1.0,0.3333,1.0,117.0,1.0,1.0
5a7c96765542990527d554d8,chunk_submod_128,chunk,submod,0.0,0.0,1.0,1.0,0.5341,1.0,88.0,1.0,1.0
5aba85335542994dbf01992d,chunk_submod_128,chunk,submod,0.0,0.0,0.0,0.0,0.7611,1.0,113.0,1.0,1.0
5a849c1b5542997175ce1ef9,chunk_submod_128,chunk,submod,0.0,0.6667,1.0,1.0,0.3651,1.0,126.0,1.0,1.0
5ab9b7d555429970cfb8eb7a,chunk_submod_128,chunk,submod,0.0,0.0,1.0,1.0,0.5512,0.5,127.0,0.5,0.0
5ac3e22d5542997ea680c976,chunk_submod_128,chunk,submod,1.0,1.0,1.0,1.0,0.2661,0.5,124.0,1.0,1.0
5aba768c55429901930fa7e0,chunk_submod_128,chunk,submod,0.0,0.0,0.0,0.0,0.0,0.0,109.0,0.5,0.0
5addb1515542995b365fab60,chunk_submod_128,chunk,submod,1.0,1.0,1.0,1.0,0.7581,0.5,124.0,1.0,1.0
5abe689a55429976d4830b16,chunk_submod_128,chunk,submod,1.0,1.0,1.0,1.0,0.504,1.0,125.0,1.0,1.0
5aded1595542995ec70e8f29,chunk_submod_128,chunk,submod,0.0,0.0,0.0,0.0,0.7087,1.0,103.0,1.0,1.0
5ab89cc25542991b5579efc3,chunk_submod_128,chunk,submod,0.0,0.5,0.0,0.5,0.3968,0.5,126.0,0.5,0.0
5abe84a95542991f6610619b,chunk_submod_128,chunk,submod,0.0,0.0,0.0,0.0,0.5214,1.0,117.0,1.0,1.0
5add10ca5542994ed6169c59,chunk_submod_128,chunk,submod,0.0,0.0,0.0,0.0,0.675,1.0,120.0,1.0,1.0
5a8849ac5542996e4f308932,chunk_submod_128,chunk,submod,0.0,0.6667,1.0,1.0,0.4677,0.5,124.0,0.5,0.0
5ae0335655429925eb1afc28,chunk_submod_128,chunk,submod,0.0,0.0,1.0,1.0,0.7049,1.0,122.0,1.0,1.0
5a7f6fd75542992e7d278cfa,chunk_submod_128,chunk,submod,1.0,1.0,1.0,1.0,0.8095,1.0,105.0,1.0,1.0
5ade8bd955429975fa854f04,chunk_submod_128,chunk,submod,1.0,1.0,1.0,1.0,1.0,1.0,106.0,1.0,1.0
5a7fb6625542994857a767cc,chunk_submod_128,chunk,submod,0.0,0.2857,0.0,0.4,0.4336,0.5,113.0,1.0,1.0
5a7912f655429974737f796c,chunk_submod_128,chunk,submod,0.0,0.0,0.0,0.0,0.2222,0.5,108.0,0.5,0.0
5ab868e755429919ba4e22e3,chunk_submod_128,chunk,submod,0.0,0.8571,0.0,1.0,0.2087,0.5,115.0,1.0,1.0
5ae1af14554299234fd042c4,chunk_submod_128,chunk,submod,0.0,0.0,0.0,0.0,0.4228,1.0,123.0,1.0,1.0
5ab3c53955429969a97a81b9,chunk_submod_128,chunk,submod,0.0,0.0,0.0,0.5,0.0,0.0,122.0,0.5,0.0
5abe03635542991f661060a5,chunk_submod_128,chunk,submod,0.0,0.0,0.0,0.0,0.6364,0.5,110.0,1.0,1.0
5adc396155429944faac2479,chunk_submod_128,chunk,submod,1.0,1.0,0.0,0.0,0.392,1.0,125.0,1.0,1.0
5ac42f42554299076e296d88,chunk_submod_128,chunk,submod,0.0,0.0,0.0,0.0,0.2362,0.5,127.0,1.0,1.0
5aba5c625542994dbf0198f2,chunk_submod_128,chunk,submod,0.0,0.0,1.0,1.0,0.4922,1.0,128.0,1.0,1.0
5a8ee7c95542990e94052bb1,chunk_submod_128,chunk,submod,0.0,0.0,0.0,0.0,0.3196,0.5,97.0,0.5,0.0
5a7b3a2455429927d897bf5c,chunk_submod_128,chunk,submod,1.0,1.0,1.0,1.0,0.5,1.0,116.0,1.0,1.0
5a7f7c285542994857a76746,chunk_submod_128,chunk,submod,0.0,0.0,0.0,0.0,0.5214,1.0,117.0,1.0,1.0
5ae2ce505542996483e64a72,chunk_submod_128,chunk,submod,0.0,0.0,0.0,0.0,0.3906,0.5,128.0,0.5,0.0
5ab8b02d5542991b5579efdb,chunk_submod_128,chunk,submod,1.0,1.0,0.0,0.0,0.713,1.0,108.0,1.0,1.0
5ac50bca55429924173fb57f,chunk_submod_128,chunk,submod,0.0,0.0,0.0,0.0,0.3689,0.5,103.0,0.5,0.0
5a78fe8155429970f5fffe11,chunk_submod_128,chunk,submod,1.0,1.0,1.0,1.0,0.7642,1.0,123.0,1.0,1.0
5ab2383155429970612095c1,chunk_submod_128,chunk,submod,0.0,0.0,0.0,0.0,0.464,1.0,125.0,1.0,1.0
5abd7d0c55429924427fd010,chunk_submod_128,chunk,submod,1.0,1.0,1.0,1.0,0.6957,1.0,115.0,1.0,1.0
5ac1a04e5542991316484b63,chunk_submod_128,chunk,submod,0.0,0.0,0.0,0.0,0.4953,1.0,107.0,1.0,1.0
5a75e06155429976ec32bc60,chunk_submod_128,chunk,submod,0.0,0.0,0.0,0.0,0.4912,0.5,114.0,1.0,1.0
5ae564a155429960a22e02e4,chunk_submod_128,chunk,submod,0.0,0.4,1.0,1.0,0.6752,1.0,117.0,1.0,1.0
5a7d2afd5542995f4f402221,chunk_submod_128,chunk,submod,1.0,1.0,1.0,1.0,0.4286,1.0,119.0,1.0,1.0
5ac258cc554299636651998e,chunk_submod_128,chunk,submod,1.0,1.0,1.0,1.0,0.2255,0.5,102.0,1.0,1.0
5a8a573355429970aeb7029a,chunk_submod_128,chunk,submod,0.0,0.0,0.0,0.4,0.4722,1.0,108.0,1.0,1.0
5a8f799d55429918e830d22d,chunk_submod_128,chunk,submod,0.0,0.0,1.0,1.0,0.0917,0.5,109.0,1.0,1.0
5ac4f04e5542995c82c4ad81,chunk_submod_128,chunk,submod,1.0,1.0,1.0,1.0,0.5635,0.5,126.0,1.0,1.0
5ac00278554299012d1db56b,chunk_submod_128,chunk,submod,0.0,0.6667,1.0,1.0,0.1121,0.5,116.0,1.0,1.0
5a78bc6b554299148911f979,chunk_submod_128,chunk,submod,0.0,0.0,1.0,1.0,0.5676,1.0,111.0,1.0,1.0
5a8d6d4e554299441c6b9fdb,chunk_submod_128,chunk,submod,1.0,1.0,1.0,1.0,0.7273,1.0,110.0,1.0,1.0
5add23d05542994734353871,chunk_submod_128,chunk,submod,0.0,0.0,1.0,1.0,0.6984,1.0,126.0,1.0,1.0
5a7ca33f5542990527d554ee,chunk_submod_128,chunk,submod,1.0,1.0,1.0,1.0,0.8306,1.0,124.0,1.0,1.0
5ae5c8cf554299546bf82f5f,chunk_submod_128,chunk,submod,1.0,1.0,1.0,1.0,0.6218,1.0,119.0,1.0,1.0
5a81df4b55429903bc27b9f8,chunk_submod_128,chunk,submod,0.0,0.5,1.0,1.0,0.5714,1.0,126.0,1.0,1.0
5ab4341c55429942dd415ede,chunk_submod_128,chunk,submod,0.0,0.6667,0.0,0.5,0.6509,0.5,106.0,1.0,1.0
5a7fa0d55542995d8a8dded3,chunk_submod_128,chunk,submod,0.0,0.0,1.0,1.0,0.3333,0.5,102.0,1.0,1.0
5ab7f22a5542991d322237d4,chunk_submod_128,chunk,submod,0.0,0.0,0.0,0.0,0.5234,0.5,107.0,0.5,0.0
5a84c5545542991dd0999dee,chunk_submod_128,chunk,submod,0.0,0.0,0.0,0.0,0.322,0.5,118.0,0.5,0.0
5aba454855429901930fa794,chunk_submod_128,chunk,submod,0.0,0.0,0.0,0.0,0.4127,0.5,126.0,0.5,0.0
5a85d4ad5542997175ce2050,chunk_submod_128,chunk,submod,1.0,1.0,1.0,1.0,0.3672,0.5,128.0,1.0,1.0
5a74d92555429929fddd84fa,chunk_submod_128,chunk,submod,0.0,0.0,0.0,0.0,0.0,0.0,98.0,1.0,1.0
5ae64b1d55429929b0807b24,chunk_submod_128,chunk,submod,1.0,1.0,1.0,1.0,0.8174,1.0,115.0,1.0,1.0
5ab9dd4c554299232ef4a22f,chunk_submod_128,chunk,submod,0.0,0.8,1.0,1.0,1.0,1.0,126.0,1.0,1.0
5ab7bf3f5542991d322237a8,chunk_submod_128,chunk,submod,1.0,1.0,1.0,1.0,0.184,0.5,125.0,1.0,1.0
5a721dfd55429971e9dc928b,chunk_submod_128,chunk,submod,0.0,0.4,0.0,0.5,0.3838,0.5,99.0,1.0,1.0
5a87bd4e5542996432c57279,chunk_submod_128,chunk,submod,0.0,0.0,0.0,0.5,0.6614,1.0,127.0,1.0,1.0
5a87081755429960ec39b6fe,chunk_submod_128,chunk,submod,1.0,1.0,0.0,0.0,0.0,0.0,119.0,1.0,1.0
5ae0e0125542993d6555ec79,chunk_submod_128,chunk,submod,0.0,0.6667,1.0,1.0,0.6591,1.0,88.0,1.0,1.0
5ae409d955429970de88d89d,chunk_submod_128,chunk,submod,0.0,0.0,0.0,0.6667,0.4922,0.5,128.0,1.0,1.0
5ac270025542990b17b15390,chunk_submod_128,chunk,submod,0.0,0.0,0.0,0.0,0.3306,0.5,121.0,0.5,0.0
5adc459255429944faac24ad,chunk_submod_128,chunk,submod,0.0,0.0,1.0,1.0,0.281,1.0,121.0,1.0,1.0
5ade1c9e55429939a52fe822,chunk_submod_128,chunk,submod,0.0,0.0,0.0,0.0,0.5347,0.5,101.0,1.0,1.0
5ac270e05542992f1f2b38c9,chunk_submod_128,chunk,submod,0.0,0.0,0.0,0.0,0.4758,1.0,124.0,1.0,1.0
5a7363465542991f29ee2dd5,chunk_submod_128,chunk,submod,1.0,1.0,1.0,1.0,0.2417,1.0,120.0,1.0,1.0
5add43335542995b365faae1,chunk_submod_128,chunk,submod,0.0,0.0,0.0,0.3333,0.0,0.0,106.0,0.5,0.0
5ae67dba55429908198fa5f0,chunk_submod_128,chunk,submod,0.0,0.0,0.0,0.0,0.4297,0.5,128.0,0.5,0.0
5a8a6b625542996c9b8d5ed9,chunk_submod_128,chunk,submod,0.0,0.0,0.0,0.0,0.2788,0.5,104.0,0.5,0.0
5ade86b255429939a52fe8e0,chunk_submod_128,chunk,submod,0.0,0.5,0.0,0.5,0.3516,0.5,128.0,1.0,1.0
5ac007cc5542996f0d89cb0b,chunk_submod_128,chunk,submod,0.0,0.0,0.0,0.3333,0.5688,0.5,109.0,1.0,1.0
5adea9ea55429939a52fe934,chunk_submod_128,chunk,submod,0.0,0.0,0.0,0.0,0.4,0.5,80.0,1.0,1.0
5a8393665542990548d0b1ea,chunk_submod_128,chunk,submod,1.0,1.0,0.0,0.0,0.3248,0.5,117.0,0.5,0.0
5ae3fd2c5542995dadf2428f,chunk_submod_128,chunk,submod,0.0,0.0,0.0,0.0,0.5203,1.0,123.0,1.0,1.0
5ab2b630554299545a2cfa17,chunk_submod_128,chunk,submod,0.0,0.0,0.0,0.0,0.7184,1.0,103.0,1.0,1.0
5a7aa5e75542992d025e66d9,chunk_submod_128,chunk,submod,0.0,0.0,1.0,1.0,0.6393,1.0,122.0,1.0,1.0
5abe34095542993f32c2a088,chunk_submod_128,chunk,submod,0.0,0.8,1.0,1.0,0.4375,0.5,96.0,1.0,1.0
5ac373195542995ef918c199,chunk_submod_128,chunk,submod,0.0,0.0,0.0,0.0,0.4071,0.5,113.0,0.5,0.0
5a82bb3c55429966c78a6a86,chunk_submod_128,chunk,submod,1.0,1.0,1.0,1.0,0.6364,1.0,121.0,1.0,1.0
5a8080365542992097ad2fed,chunk_submod_128,chunk,submod,0.0,0.6667,1.0,1.0,0.25,0.5,124.0,1.0,1.0
5a8f8e4d55429918e830d260,chunk_submod_128,chunk,submod,0.0,0.0,0.0,0.1667,0.1875,0.5,128.0,1.0,1.0
5ac3bff15542995ef918c213,chunk_submod_128,chunk,submod,0.0,0.7692,0.0,0.2857,0.252,0.5,123.0,1.0,1.0
5a7456ec55429979e288290f,chunk_submod_128,chunk,submod,0.0,0.0,0.0,0.5,0.4128,0.5,109.0,1.0,1.0
5a8f1adc554299458435d577,chunk_submod_128,chunk,submod,1.0,1.0,1.0,1.0,0.5785,1.0,121.0,1.0,1.0
5ac29da5554299218029dac3,chunk_submod_128,chunk,submod,1.0,1.0,1.0,1.0,0.287,0.5,115.0,1.0,1.0
5ae0d52e554299603e418469,chunk_submod_128,chunk,submod,0.0,0.0,0.0,0.0,0.3879,0.5,116.0,0.5,0.0
5a80b52f554299485f5986d6,chunk_submod_128,chunk,submod,0.0,0.8,1.0,1.0,0.65,1.0,120.0,1.0,1.0
5a807b44554299485f59860a,chunk_submod_128,chunk,submod,0.0,0.0,1.0,1.0,0.7207,1.0,111.0,1.0,1.0
5a74ce9655429974ef308c6c,chunk_submod_128,chunk,submod,0.0,0.6667,1.0,1.0,0.7983,1.0,119.0,1.0,1.0
5a776a7055429966f1a36d32,chunk_submod_128,chunk,submod,0.0,0.0,0.0,0.5,0.2551,0.5,98.0,0.5,0.0
5ac13f425542991316484a96,chunk_submod_128,chunk,submod,0.0,0.2857,1.0,1.0,0.5276,1.0,127.0,1.0,1.0
5a74547755429979e2882900,chunk_submod_128,chunk,submod,0.0,0.5714,0.0,0.75,0.3504,0.5,117.0,0.5,0.0
5a7d72bb5542990b8f50398e,chunk_submod_128,chunk,submod,0.0,0.4444,1.0,1.0,0.8031,1.0,127.0,1.0,1.0
5abdb8ba5542993f32c2a015,chunk_submod_128,chunk,submod,0.0,0.0,1.0,1.0,0.685,1.0,127.0,1.0,1.0
5a75da235542992db94736f9,chunk_submod_128,chunk,submod,1.0,1.0,1.0,1.0,0.456,1.0,125.0,1.0,1.0
5adcf48e5542992c1e3a24d4,chunk_submod_128,chunk,submod,1.0,1.0,1.0,1.0,0.6263,1.0,99.0,1.0,1.0
5ac3d1d9554299204fd21e8a,chunk_submod_128,chunk,submod,0.0,0.0,0.0,0.0,0.4628,0.5,121.0,1.0,1.0
5a8dafbd554299068b959da0,chunk_submod_128,chunk,submod,0.0,0.0,0.0,0.0,0.0,0.0,120.0,0.0,0.0
5a8eb4d65542990e94052b82,chunk_submod_128,chunk,submod,0.0,0.0,0.0,0.0,0.1024,0.5,127.0,1.0,1.0
5a8f55f9554299458435d5bd,chunk_submod_128,chunk,submod,0.0,0.0,1.0,1.0,0.25,0.5,100.0,1.0,1.0
5ac1846d55429964131be20b,chunk_submod_128,chunk,submod,0.0,0.0,0.0,0.0,0.2231,0.5,121.0,0.5,0.0
5a9073405542995b442420bb,chunk_submod_128,chunk,submod,1.0,1.0,1.0,1.0,0.5926,1.0,108.0,1.0,1.0
5ade9c9c5542997c77adee8c,chunk_submod_128,chunk,submod,0.0,0.0,0.0,0.0,0.0,0.0,124.0,0.5,0.0
5ae151985542990adbacf74d,chunk_submod_128,chunk,submod,1.0,1.0,1.0,1.0,0.687,1.0,115.0,1.0,1.0
5ac1436f5542991316484aad,chunk_submod_128,chunk,submod,0.0,0.2857,1.0,1.0,0.7266,1.0,128.0,1.0,1.0
5ae269955542992decbdccf3,chunk_submod_128,chunk,submod,0.0,0.0,0.0,0.25,0.378,0.5,127.0,0.5,0.0
5a803d695542996402f6a494,chunk_submod_128,chunk,submod,0.0,0.0,1.0,1.0,0.3652,1.0,115.0,1.0,1.0
5a7b493855429931da12ca58,chunk_submod_128,chunk,submod,0.0,0.8,0.0,0.6667,0.1935,0.5,124.0,1.0,1.0
5a78d16455429974737f78bb,chunk_submod_128,chunk,submod,1.0,1.0,1.0,1.0,0.459,1.0,122.0,1.0,1.0
5ae78f3b554299540e5a5608,chunk_submod_128,chunk,submod,0.0,0.0,0.0,0.0,0.3852,0.5,122.0,1.0,1.0
5a80c79155429938b61421da,chunk_submod_128,chunk,submod,1.0,1.0,1.0,1.0,0.6484,1.0,128.0,1.0,1.0
5a7100435542994082a3e4a3,chunk_submod_128,chunk,submod,0.0,0.0,0.0,0.4,0.6604,1.0,106.0,1.0,1.0
5a8f08c2554299458435d531,chunk_submod_128,chunk,submod,1.0,1.0,1.0,1.0,0.9355,1.0,124.0,1.0,1.0
5adca8215542994ed6169bbc,chunk_submod_128,chunk,submod,0.0,0.4,0.0,0.3333,0.641,0.5,117.0,0.5,0.0
5add6b595542992200553b0c,chunk_submod_128,chunk,submod,0.0,0.0,0.0,0.0,0.3519,0.5,108.0,0.5,0.0
5a8ef2a75542995a26add583,chunk_submod_128,chunk,submod,1.0,1.0,1.0,1.0,0.619,1.0,126.0,1.0,1.0
5a74684655429929fddd8410,chunk_submod_128,chunk,submod,0.0,0.6667,0.0,0.5,0.6804,0.5,97.0,1.0,1.0
5ae635505542992ae0d16282,chunk_submod_128,chunk,submod,0.0,0.0,1.0,1.0,0.3984,1.0,123.0,1.0,1.0
5a7b55375542995eb53be91f,chunk_submod_128,chunk,submod,0.0,0.0,0.0,0.0,0.3203,0.5,128.0,1.0,1.0
5ae3263455429928c4239634,chunk_submod_128,chunk,submod,1.0,1.0,1.0,1.0,0.5159,0.5,126.0,1.0,1.0
5a719bf25542994082a3e891,chunk_submod_128,chunk,submod,0.0,0.0,0.0,0.0,0.5,0.5,118.0,0.5,0.0
5ae618325542996de7b71b56,chunk_submod_128,chunk,submod,0.0,0.0,0.0,0.0,0.2234,0.5,94.0,1.0,1.0
5ab7f0015542992aa3b8c88b,chunk_submod_128,chunk,submod,0.0,0.0,1.0,1.0,0.4,0.5,125.0,0.5,0.0
5a7dafe15542991319bc93f3,chunk_submod_128,chunk,submod,0.0,0.0,0.0,0.0,0.5,0.5,124.0,0.5,0.0
5a90c8165542995651fb51ee,chunk_submod_128,chunk,submod,0.0,0.6667,0.0,0.75,0.5514,1.0,107.0,1.0,1.0
5ab47e0a5542990594ba9c32,chunk_submod_128,chunk,submod,0.0,0.0,0.0,0.0,0.2393,0.5,117.0,0.5,0.0
5a88abf75542997e5c09a6a1,chunk_submod_128,chunk,submod,0.0,0.0,0.0,0.0,0.0,0.0,97.0,0.0,0.0
5a8e41735542995085b37406,chunk_submod_128,chunk,submod,0.0,0.0,1.0,1.0,0.437,1.0,119.0,1.0,1.0
5ae0968955429924de1b7105,chunk_submod_128,chunk,submod,0.0,0.0,1.0,1.0,0.4286,1.0,126.0,1.0,1.0
5ac0d9a35542992a796ded90,chunk_submod_128,chunk,submod,0.0,0.0,0.0,0.0,0.843,1.0,121.0,1.0,1.0
5adf4b335542993a75d264a5,chunk_submod_128,chunk,submod,0.0,0.4,1.0,1.0,0.6429,1.0,126.0,1.0,1.0
5a7a8a9c554299042af8f666,chunk_submod_128,chunk,submod,1.0,1.0,1.0,1.0,0.4655,1.0,116.0,1.0,1.0
5ae6914755429908198fa627,chunk_submod_128,chunk,submod,0.0,0.6667,1.0,1.0,0.8447,1.0,103.0,1.0,1.0
5a85f8665542994775f606ce,chunk_submod_128,chunk,submod,1.0,1.0,1.0,1.0,0.4732,0.5,112.0,1.0,1.0
5a8135cc55429903bc27b943,chunk_submod_128,chunk,submod,0.0,0.6667,1.0,1.0,0.6486,1.0,111.0,1.0,1.0
5a738b855542992d56e7e363,chunk_submod_128,chunk,submod,1.0,1.0,1.0,1.0,0.5906,1.0,127.0,1.0,1.0
5ade0fb95542997545bbbe39,chunk_submod_128,chunk,submod,0.0,0.0,1.0,1.0,0.5426,0.5,94.0,1.0,1.0
5adf715b5542992d7e9f9354,chunk_submod_128,chunk,submod,0.0,0.0,0.0,0.0,0.219,0.5,105.0,0.5,0.0
5ae07c6255429924de1b70d6,chunk_submod_128,chunk,submod,1.0,1.0,1.0,1.0,0.6327,1.0,98.0,1.0,1.0
5ab42d5755429942dd415eaf,chunk_submod_128,chunk,submod,0.0,0.0,0.0,0.0,0.3579,0.5,95.0,1.0,1.0
5abc0ba05542996583600409,chunk_submod_128,chunk,submod,0.0,0.0,1.0,1.0,0.3594,0.5,128.0,0.5,0.0
5ae8164d5542994a481bbeb6,chunk_submod_128,chunk,submod,0.0,0.0,0.0,0.0,0.4811,0.5,106.0,0.5,0.0
5a84f4c75542997175ce1f31,chunk_submod_128,chunk,submod,0.0,0.3333,1.0,1.0,0.6471,1.0,119.0,1.0,1.0
5adfb4b8554299603e418381,chunk_submod_128,chunk,submod,0.0,0.0,1.0,1.0,0.448,1.0,125.0,1.0,1.0
5ab51dae5542991779162d82,chunk_submod_128,chunk,submod,1.0,1.0,0.0,0.0,0.4062,1.0,128.0,1.0,1.0
5a774e415542994aec3b7280,chunk_submod_128,chunk,submod,1.0,1.0,1.0,1.0,0.3491,0.5,106.0,1.0,1.0
5ab84c6955429916710eb021,chunk_submod_128,chunk,submod,0.0,0.0,1.0,1.0,0.5306,0.5,98.0,1.0,1.0
5a7339c85542991f9a20c6a2,chunk_submod_128,chunk,submod,0.0,0.0,1.0,1.0,0.3333,0.5,108.0,1.0,1.0
5ab97b27554299131ca4233c,chunk_submod_128,chunk,submod,0.0,0.0,1.0,1.0,0.4435,0.5,124.0,1.0,1.0
5adcdf455542994ed6169c11,chunk_submod_128,chunk,submod,0.0,0.0,0.0,0.0,0.3968,0.5,126.0,1.0,1.0
5aba74ad55429955dce3ee35,chunk_submod_128,chunk,submod,0.0,0.0,0.0,0.0,0.7196,1.0,107.0,1.0,1.0
5a83316b5542993344745fe5,chunk_submod_128,chunk,submod,0.0,0.0,0.0,0.6667,0.3679,0.5,106.0,1.0,1.0
5ae7ee41554299540e5a56b0,chunk_submod_128,chunk,submod,1.0,1.0,1.0,1.0,1.0,1.0,86.0,1.0,1.0
5ab9379a554299753720f79d,chunk_submod_128,chunk,submod,0.0,0.2857,0.0,0.6,0.3125,0.5,128.0,1.0,1.0
5adf21bc5542993344016bf4,chunk_submod_128,chunk,submod,1.0,1.0,1.0,1.0,0.7615,1.0,109.0,1.0,1.0
5a8e3ed7554299068b959e82,chunk_submod_128,chunk,submod,0.0,0.0,0.0,0.0,0.3984,0.5,123.0,1.0,1.0
5a7d2b5755429907fabef0c2,chunk_submod_128,chunk,submod,1.0,1.0,1.0,1.0,0.3359,0.5,128.0,1.0,1.0
5a74c3f455429979e2882a0a,chunk_submod_128,chunk,submod,0.0,0.0,0.0,0.0,0.2735,0.5,117.0,1.0,1.0
5a7a06525542990198eaf04f,chunk_submod_128,chunk,submod,0.0,0.0,1.0,1.0,0.8131,1.0,107.0,1.0,1.0
5ab2ce27554299545a2cfa98,chunk_submod_128,chunk,submod,0.0,0.0,0.0,0.0,0.2222,0.5,108.0,0.5,0.0
5a810506554299260e20a202,chunk_submod_128,chunk,submod,0.0,0.0,0.0,0.3333,0.5603,1.0,116.0,1.0,1.0
5ab2999a554299194fa9342f,chunk_submod_128,chunk,submod,0.0,0.0,1.0,1.0,0.811,1.0,127.0,1.0,1.0
5ab9d6ef5542994dbf01985b,chunk_submod_128,chunk,submod,0.0,0.0,1.0,1.0,0.5591,0.5,93.0,1.0,1.0
5a7ba4765542995eb53be976,chunk_submod_128,chunk,submod,1.0,1.0,1.0,1.0,0.7685,1.0,108.0,1.0,1.0
5ac294b955429921a00aafd0,chunk_submod_128,chunk,submod,1.0,1.0,1.0,1.0,0.4364,0.5,110.0,1.0,1.0
5a773d8955429966f1a36cc4,chunk_submod_128,chunk,submod,0.0,0.0,0.0,0.0,0.0,0.0,128.0,0.0,0.0
5ae0f5fc554299422ee9957c,chunk_submod_128,chunk,submod,1.0,1.0,1.0,1.0,0.712,1.0,125.0,1.0,1.0
5a8edb7f55429917b4a5bdeb,chunk_submod_128,chunk,submod,1.0,1.0,1.0,1.0,0.5847,1.0,118.0,1.0,1.0
5ae612f3554299546bf83065,chunk_submod_128,chunk,submod,1.0,1.0,1.0,1.0,1.0,1.0,121.0,1.0,1.0
5a88db445542993b751ca88a,chunk_submod_128,chunk,submod,1.0,1.0,1.0,1.0,0.7043,1.0,115.0,1.0,1.0
5a7a33a35542994f819ef14c,chunk_submod_128,chunk,submod,0.0,0.0,1.0,1.0,0.325,1.0,120.0,1.0,1.0
5ab8ae585542991b5579efd8,chunk_submod_128,chunk,submod,1.0,1.0,1.0,1.0,0.6757,1.0,111.0,1.0,1.0
5ab9535a5542996be202047e,chunk_submod_128,chunk,submod,0.0,0.0,0.0,0.0,0.5347,0.5,101.0,1.0,1.0
5adeffa85542992d7e9f926f,chunk_submod_128,chunk,submod,0.0,0.0,1.0,1.0,0.7905,1.0,105.0,1.0,1.0
5abcfc365542993a06baf9d6,chunk_submod_128,chunk,submod,0.0,0.0,0.0,0.0,0.0,0.0,101.0,0.5,0.0
5a8b3de95542997f31a41cc3,chunk_submod_128,chunk,submod,0.0,0.0,0.0,0.0,0.3217,0.5,115.0,1.0,1.0
5a8587dd5542997b5ce40000,chunk_submod_128,chunk,submod,0.0,0.0,1.0,1.0,0.5938,1.0,128.0,1.0,1.0
5ae55e6855429960a22e02d0,chunk_submod_128,chunk,submod,1.0,1.0,1.0,1.0,0.6881,1.0,109.0,1.0,1.0
5a80c74f554299260e20a158,chunk_submod_128,chunk,submod,0.0,0.4,1.0,1.0,0.7615,1.0,109.0,1.0,1.0
5a7543d555429916b01642ce,chunk_submod_128,chunk,submod,1.0,1.0,1.0,1.0,0.3762,0.5,101.0,1.0,1.0
5a831af855429954d2e2ec1e,chunk_submod_128,chunk,submod,0.0,0.0,0.0,0.0,0.3622,0.5,127.0,1.0,1.0
5ae7909f5542994a481bbda6,chunk_submod_128,chunk,submod,0.0,0.0,0.0,0.5,0.5982,0.5,112.0,1.0,1.0
5a89d26b5542992e4fca83d1,chunk_submod_128,chunk,submod,1.0,1.0,1.0,1.0,1.0,1.0,110.0,1.0,1.0
5ade279e5542992fa25da6fa,chunk_submod_128,chunk,submod,1.0,1.0,1.0,1.0,0.7768,1.0,112.0,1.0,1.0
5adc5b875542996e68525328,chunk_submod_128,chunk,submod,0.0,0.0,1.0,1.0,0.2992,0.5,127.0,0.5,0.0
5ae686535542996d980e7bdc,chunk_submod_128,chunk,submod,1.0,1.0,1.0,1.0,1.0,1.0,125.0,1.0,1.0
5a7c25035542997c3ec972e5,chunk_submod_128,chunk,submod,1.0,1.0,1.0,1.0,0.7573,1.0,103.0,1.0,1.0
5adebc51554299728e26c799,chunk_submod_128,chunk,submod,0.0,0.0,1.0,1.0,0.3125,0.5,128.0,0.5,0.0
5a88a19a5542997e5c09a64b,chunk_submod_128,chunk,submod,0.0,0.0,0.0,0.0,0.0,0.0,96.0,0.5,0.0
5a81346055429926c1cdad13,chunk_submod_128,chunk,submod,0.0,0.1818,1.0,1.0,0.7377,1.0,122.0,1.0,1.0
5aded04755429975fa854fa7,chunk_submod_128,chunk,submod,0.0,0.8571,1.0,1.0,0.7103,1.0,107.0,1.0,1.0
5a85f4ec5542994775f606c6,chunk_submod_128,chunk,submod,0.0,0.0,0.0,0.0,0.4388,0.5,98.0,1.0,1.0
5a7cdd6b55429909bec76858,chunk_submod_128,chunk,submod,1.0,1.0,1.0,1.0,0.528,1.0,125.0,1.0,1.0
5a832e715542990548d0b1bf,chunk_submod_128,chunk,submod,1.0,1.0,1.0,1.0,0.5905,0.5,105.0,1.0,1.0
5adf73a45542992d7e9f9378,chunk_submod_128,chunk,submod,0.0,0.8,1.0,1.0,0.9213,1.0,127.0,1.0,1.0
5ae328df55429928c423963c,chunk_submod_128,chunk,submod,0.0,0.3333,1.0,1.0,0.7222,1.0,126.0,1.0,1.0
5a8e0cb85542995085b373b2,chunk_submod_128,chunk,submod,1.0,1.0,1.0,1.0,0.3838,0.5,99.0,1.0,1.0
5abe94fd55429965af743f37,chunk_submod_128,chunk,submod,0.0,0.0,0.0,0.0,0.6911,1.0,123.0,1.0,1.0
5a7758895542994aec3b729c,chunk_submod_128,chunk,submod,0.0,0.0,1.0,1.0,0.6796,1.0,103.0,1.0,1.0
5abd09585542996e802b469b,chunk_submod_128,chunk,submod,0.0,0.0,0.0,0.0,0.2419,0.5,124.0,0.5,0.0
5abc0bea554299658360040d,chunk_submod_128,chunk,submod,0.0,0.5,0.0,0.3333,0.4907,0.5,108.0,0.5,0.0
5ac0805f5542992a796ded29,chunk_submod_128,chunk,submod,0.0,0.0,0.0,0.0,0.5856,0.5,111.0,1.0,1.0
5a888fe6554299206df2b2f7,chunk_submod_128,chunk,submod,1.0,1.0,1.0,1.0,0.5963,1.0,109.0,1.0,1.0
5a7757215542993569682d58,chunk_submod_128,chunk,submod,0.0,0.0,0.0,0.0,0.24,0.5,125.0,0.5,0.0
5a77a65b5542992a6e59df57,chunk_submod_128,chunk,submod,1.0,1.0,1.0,1.0,0.5042,1.0,119.0,1.0,1.0
5ae12a4b55429920d52342df,chunk_submod_128,chunk,submod,0.0,0.0,0.0,0.0,0.3145,0.5,124.0,0.5,0.0
5a89f5815542993b751ca9c5,chunk_submod_128,chunk,submod,1.0,1.0,1.0,1.0,0.6435,1.0,115.0,1.0,1.0
5ae531a95542990ba0bbb1fc,chunk_submod_128,chunk,submod,0.0,0.0,0.0,0.0,0.75,0.5,100.0,0.5,0.0
5a7b443c5542992d025e67ce,chunk_submod_128,chunk,submod,0.0,0.0,0.0,0.0,0.4393,0.5,107.0,0.5,0.0
5abe436455429976d4830ac6,chunk_submod_128,chunk,submod,0.0,0.0,0.0,0.0,0.4202,0.5,119.0,1.0,1.0
5ae5c74d554299546bf82f58,chunk_submod_128,chunk,submod,1.0,1.0,1.0,1.0,0.5918,0.5,98.0,1.0,1.0
5ae3e5d05542994393b9e79f,chunk_submod_128,chunk,submod,1.0,1.0,1.0,1.0,0.6609,1.0,115.0,1.0,1.0
5a72f74a55429901807daf59,chunk_submod_128,chunk,submod,0.0,0.0,1.0,1.0,0.453,0.5,117.0,0.5,0.0
5ae54eea5542993aec5ec19d,chunk_submod_128,chunk,submod,1.0,1.0,1.0,1.0,0.5,1.0,128.0,1.0,1.0
5a8e32d35542995a26add480,chunk_submod_128,chunk,submod,0.0,0.0,1.0,1.0,0.2689,0.5,119.0,1.0,1.0
5a8230af554299676cceb227,chunk_submod_128,chunk,submod,0.0,0.0,0.0,0.0,0.7938,1.0,97.0,1.0,1.0
5ae7316e554299572ea5477e,chunk_submod_128,chunk,submod,0.0,0.6667,1.0,1.0,0.6016,1.0,123.0,1.0,1.0
5ac194db55429964131be23a,chunk_submod_128,chunk,submod,0.0,0.0,1.0,1.0,1.0,1.0,97.0,1.0,1.0
5ab2979c554299449642c919,chunk_submod_128,chunk,submod,0.0,0.6667,0.0,0.5714,0.7474,0.5,95.0,1.0,1.0
5a86e6f65542994775f6077c,chunk_submod_128,chunk,submod,0.0,0.6667,1.0,1.0,1.0,1.0,118.0,1.0,1.0
5a85ee635542994775f606b4,chunk_submod_128,chunk,submod,0.0,0.5,1.0,1.0,0.3301,0.5,103.0,1.0,1.0
5abbfa8f55429965836003cc,chunk_submod_128,chunk,submod,0.0,0.0,0.0,0.3333,0.55,1.0,100.0,1.0,1.0
5ae3789b5542992e3233c412,chunk_submod_128,chunk,submod,0.0,0.8571,0.0,1.0,0.0,0.0,91.0,1.0,1.0
5ab344fc55429969a97a811e,chunk_submod_128,chunk,submod,0.0,0.0,0.0,0.0,0.4495,0.5,109.0,1.0,1.0
5a7a88e455429941d65f268c,chunk_submod_128,chunk,submod,0.0,0.0,1.0,1.0,0.418,0.5,122.0,1.0,1.0
5a8634fe554299211dda2aac,chunk_submod_128,chunk,submod,1.0,1.0,1.0,1.0,0.7212,1.0,104.0,1.0,1.0
5ae54b4f5542990ba0bbb261,chunk_submod_128,chunk,submod,1.0,1.0,1.0,1.0,0.2033,0.5,123.0,1.0,1.0
5ac25fa955429951e9e6858c,chunk_submod_128,chunk,submod,0.0,0.0,0.0,0.3333,0.2193,0.5,114.0,0.5,0.0
5ab44cd555429942dd415f10,chunk_submod_128,chunk,submod,0.0,0.0,1.0,1.0,0.5,1.0,116.0,1.0,1.0
5a761e855542994ccc9186e0,chunk_submod_128,chunk,submod,0.0,0.0,1.0,1.0,0.4771,1.0,109.0,1.0,1.0
5a87defa5542993e715abfec,chunk_submod_128,chunk,submod,0.0,0.0,1.0,1.0,0.5377,0.5,106.0,1.0,1.0
5ab827a555429934fafe6cf5,chunk_submod_128,chunk,submod,0.0,0.0,0.0,0.25,0.4095,0.5,105.0,0.5,0.0
5ab5fcae554299110f2199ad,chunk_submod_128,chunk,submod,1.0,1.0,1.0,1.0,0.3902,1.0,123.0,1.0,1.0
5abd01205542992ac4f3819b,chunk_submod_128,chunk,submod,0.0,0.0,0.0,0.0,0.292,0.5,113.0,0.5,0.0
5ae3305c55429928c423965f,chunk_submod_128,chunk,submod,0.0,0.0,0.0,0.0,0.125,0.5,128.0,0.5,0.0
5ac249bd55429951e9e68528,chunk_submod_128,chunk,submod,0.0,0.0,1.0,1.0,0.4474,0.5,114.0,1.0,1.0
5adf98215542993344016d19,chunk_submod_128,chunk,submod,0.0,0.0,0.0,0.0,0.3091,0.5,110.0,1.0,1.0
5a745a6055429974ef308be4,chunk_submod_128,chunk,submod,1.0,1.0,1.0,1.0,0.313,0.5,115.0,1.0,1.0
5ab9d2e255429955dce3ed90,chunk_submod_128,chunk,submod,0.0,0.0,1.0,1.0,0.6729,1.0,107.0,1.0,1.0
5a8ea03e5542990e94052b81,chunk_submod_128,chunk,submod,1.0,1.0,1.0,1.0,0.8707,1.0,116.0,1.0,1.0
5a9052765542995651fb513d,chunk_submod_128,chunk,submod,0.0,0.8,0.0,0.6667,0.4959,0.5,123.0,1.0,1.0
5adbd3405542994650320bf8,chunk_submod_128,chunk,submod,0.0,0.0,0.0,0.3333,0.3984,0.5,128.0,1.0,1.0
5ae1091055429920d523429b,chunk_submod_128,chunk,submod,1.0,1.0,1.0,1.0,0.5328,1.0,122.0,1.0,1.0
5add7b0c5542992200553b39,chunk_submod_128,chunk,submod,1.0,1.0,1.0,1.0,0.813,1.0,123.0,1.0,1.0
5ae236da5542994d89d5b397,chunk_submod_128,chunk,submod,0.0,0.0,0.0,0.0,0.4677,0.5,124.0,0.5,0.0
5abbd3ac55429931dba1458b,chunk_submod_128,chunk,submod,0.0,0.0,0.0,0.0,0.5545,1.0,101.0,1.0,1.0
5abe535055429976d4830aea,chunk_submod_128,chunk,submod,0.0,0.0,1.0,1.0,0.1573,0.5,89.0,0.5,0.0
5ac3a2fa5542993915413857,chunk_submod_128,chunk,submod,1.0,1.0,1.0,1.0,0.27,0.5,100.0,0.5,0.0
5ab58f9a554299488d4d99da,chunk_submod_128,chunk,submod,0.0,0.0,1.0,1.0,0.431,0.5,116.0,0.5,0.0
5abd0b6b5542996e802b46b4,chunk_submod_128,chunk,submod,0.0,0.0,0.0,0.5,0.5781,0.5,128.0,1.0,1.0
5ae76e615542997ec2727647,chunk_submod_128,chunk,submod,1.0,1.0,1.0,1.0,0.7636,1.0,110.0,1.0,1.0
5a7d1868554299452d57bae2,chunk_submod_128,chunk,submod,0.0,0.4,1.0,1.0,0.6195,1.0,113.0,1.0,1.0
5a8682755542996432c571cf,chunk_submod_128,chunk,submod,0.0,0.5,0.0,0.6667,0.3551,0.5,107.0,1.0,1.0
5ac02d59554299294b218f3b,chunk_submod_128,chunk,submod,0.0,0.25,1.0,1.0,0.7692,1.0,117.0,1.0,1.0
5aba71be5542994dbf01990c,chunk_submod_128,chunk,submod,1.0,1.0,1.0,1.0,0.6132,1.0,106.0,1.0,1.0
5a7b77d95542997c3ec971a5,chunk_submod_128,chunk,submod,0.0,0.4,0.0,0.5,0.416,0.5,125.0,0.5,0.0
5aba9813554299232ef4a357,chunk_submod_128,chunk,submod,1.0,1.0,1.0,1.0,0.641,0.5,117.0,1.0,1.0
5ab6993f554299110f219a2b,chunk_submod_128,chunk,submod,0.0,0.8,1.0,1.0,0.7129,1.0,101.0,1.0,1.0
5adc7dbf5542994d58a2f618,chunk_submod_128,chunk,submod,0.0,0.0,1.0,1.0,0.8,1.0,105.0,1.0,1.0
5a7c572655429935c91b5166,chunk_submod_128,chunk,submod,0.0,0.0,1.0,1.0,0.6634,1.0,101.0,1.0,1.0
5ab746c8554299110f219aef,chunk_submod_128,chunk,submod,0.0,0.0,0.0,0.0,0.381,0.5,105.0,1.0,1.0
5ab262a4554299340b5254ac,chunk_submod_128,chunk,submod,1.0,1.0,1.0,1.0,0.48,0.5,125.0,0.5,0.0
5ac38bf355429939154137ba,chunk_submod_128,chunk,submod,0.0,0.0,0.0,0.5,0.211,0.5,109.0,1.0,1.0
5adefdd75542995ec70e8f4e,chunk_submod_128,chunk,submod,0.0,0.0,0.0,0.25,0.0,0.0,128.0,0.0,0.0
5a85cead5542991dd0999ea9,chunk_submod_128,chunk,submod,0.0,0.0,0.0,0.0,0.7961,0.5,103.0,0.5,0.0
5a7e36815542995ed0d166d4,chunk_submod_128,chunk,submod,1.0,1.0,1.0,1.0,0.6614,1.0,127.0,1.0,1.0
5a713f395542994082a3e6ea,chunk_submod_128,chunk,submod,0.0,0.0,0.0,0.5,0.472,1.0,125.0,1.0,1.0
5ae1338d55429901ffe4ade1,chunk_submod_128,chunk,submod,0.0,0.0,0.0,0.0,0.4017,1.0,117.0,1.0,1.0
5a75f7db5542994ccc918670,chunk_submod_128,chunk,submod,1.0,1.0,1.0,1.0,1.0,1.0,128.0,1.0,1.0
5ab8f4ee5542991b5579f091,chunk_submod_128,chunk,submod,1.0,1.0,1.0,1.0,0.5781,1.0,128.0,1.0,1.0
5abc0aba55429959677d6a00,chunk_submod_128,chunk,submod,0.0,0.0,0.0,0.6667,0.4634,1.0,123.0,1.0,1.0
5ae12d5355429920d52342eb,chunk_submod_128,chunk,submod,0.0,0.0,0.0,0.0,0.6423,0.5,123.0,0.5,0.0
5a7a276d5542996c55b2dd27,chunk_submod_128,chunk,submod,0.0,0.8571,1.0,1.0,0.3917,0.5,120.0,1.0,1.0
5ab5744e554299494045efdf,chunk_submod_128,chunk,submod,0.0,0.0,0.0,0.0,0.2047,0.5,127.0,0.5,0.0
5ab5c6e55542997d4ad1f1db,chunk_submod_128,chunk,submod,0.0,0.4,0.0,0.5,0.3981,1.0,108.0,1.0,1.0
5a74feb75542996c70cfae6d,chunk_submod_128,chunk,submod,1.0,1.0,1.0,1.0,0.7788,0.5,104.0,1.0,1.0
5ab56f7a554299637185c59a,chunk_submod_128,chunk,submod,0.0,0.0,0.0,0.0,0.3254,0.5,126.0,0.5,0.0
5abc5603554299700f9d7875,chunk_submod_128,chunk,submod,0.0,0.0,1.0,1.0,1.0,1.0,116.0,1.0,1.0
5a8cacac554299585d9e3716,chunk_submod_128,chunk,submod,1.0,1.0,1.0,1.0,0.3796,0.5,108.0,1.0,1.0
5a8a07725542992d82986e5b,chunk_submod_128,chunk,submod,1.0,1.0,0.0,0.5,0.6048,1.0,124.0,1.0,1.0
5ae2c6bf554299492dc91c6c,chunk_submod_128,chunk,submod,0.0,0.0,0.0,0.0,0.3613,0.5,119.0,1.0,1.0
5a903b7255429933b8a204ae,chunk_submod_128,chunk,submod,0.0,0.5,1.0,1.0,0.4959,1.0,123.0,1.0,1.0
5ab53bee554299637185c526,chunk_submod_128,chunk,submod,0.0,0.0,0.0,0.1429,0.4138,0.5,116.0,0.5,0.0
5ab8633c55429919ba4e22d6,chunk_submod_128,chunk,submod,0.0,0.4,0.0,0.3333,0.3981,0.5,108.0,1.0,1.0
5a835a265542992ef85e2281,chunk_submod_128,chunk,submod,0.0,0.5,1.0,1.0,0.5323,1.0,124.0,1.0,1.0
5a74b55455429974ef308c39,chunk_submod_128,chunk,submod,0.0,0.0,0.0,0.0,0.2764,0.5,123.0,0.5,0.0
5ac002705542996f0d89cb05,chunk_submod_128,chunk,submod,0.0,0.0,1.0,1.0,0.6639,1.0,119.0,1.0,1.0
5a883afc5542994846c1ce48,chunk_submod_128,chunk,submod,1.0,1.0,0.0,0.0,0.7037,0.5,108.0,0.5,0.0
5add38355542990dbb2f7dd0,chunk_submod_128,chunk,submod,0.0,0.0,0.0,0.0,0.5636,0.5,110.0,0.5,0.0
5ac43530554299204fd21f0a,chunk_submod_128,chunk,submod,1.0,1.0,1.0,1.0,0.6,1.0,110.0,1.0,1.0
5a895f6155429946c8d6e914,chunk_submod_128,chunk,submod,0.0,0.5,1.0,1.0,0.6667,1.0,120.0,1.0,1.0
5a79c9c05542994bb94570a5,chunk_submod_128,chunk,submod,0.0,0.0,1.0,1.0,0.4492,0.5,118.0,1.0,1.0
5a8389445542996488c2e450,chunk_submod_128,chunk,submod,1.0,1.0,1.0,1.0,0.7727,1.0,110.0,1.0,1.0
5ab236645542993be8fa98c9,chunk_submod_128,chunk,submod,0.0,0.4,1.0,1.0,1.0,1.0,108.0,1.0,1.0
5ac4f7e955429924173fb523,chunk_submod_128,chunk,submod,0.0,0.0,0.0,0.0,0.7712,1.0,118.0,1.0,1.0
5ab1c2bf5542997061209558,chunk_submod_128,chunk,submod,1.0,1.0,0.0,0.6667,0.3173,0.5,104.0,1.0,1.0
5ade6fcd55429975fa854ecf,chunk_submod_128,chunk,submod,0.0,0.0,1.0,1.0,0.7642,1.0,123.0,1.0,1.0
5ab2b7c1554299166977406a,chunk_submod_128,chunk,submod,1.0,1.0,1.0,1.0,0.8226,1.0,124.0,1.0,1.0
5a74b4e555429929fddd84c2,chunk_submod_128,chunk,submod,1.0,1.0,1.0,1.0,0.2358,0.5,123.0,1.0,1.0
5a84b5f05542991dd0999da5,chunk_submod_128,chunk,submod,1.0,1.0,1.0,1.0,0.6406,1.0,128.0,1.0,1.0
5a83ed9b55429933447460b8,chunk_submod_128,chunk,submod,0.0,0.0,1.0,1.0,0.8,1.0,110.0,1.0,1.0
5ae491155542995ad6573da3,chunk_submod_128,chunk,submod,1.0,1.0,1.0,1.0,0.6,1.0,95.0,1.0,1.0
5ae00a27554299025d62a3bb,chunk_submod_128,chunk,submod,0.0,0.0,0.0,0.6667,0.434,0.5,106.0,1.0,1.0
5a822a5e55429926c1cdae43,chunk_submod_128,chunk,submod,0.0,0.5714,0.0,0.25,0.0,0.0,112.0,1.0,1.0
5ae641f65542992ae0d162a3,chunk_submod_128,chunk,submod,1.0,1.0,1.0,1.0,0.315,0.5,127.0,0.5,0.0
5a77e96c5542995d8318132d,chunk_submod_128,chunk,submod,1.0,1.0,1.0,1.0,0.0,0.0,119.0,0.5,0.0
5ab9d7e4554299232ef4a21f,chunk_submod_128,chunk,submod,0.0,0.0,1.0,1.0,0.6759,1.0,108.0,1.0,1.0
5a902d5155429933b8a2048d,chunk_submod_128,chunk,submod,0.0,0.0,0.0,0.3333,0.6132,1.0,106.0,1.0,1.0
5a83c9445542992ef85e2360,chunk_submod_128,chunk,submod,1.0,1.0,0.0,0.3333,0.3061,0.5,98.0,1.0,1.0
5ae236b2554299495565da3e,chunk_submod_128,chunk,submod,0.0,0.0,1.0,1.0,0.6967,1.0,122.0,1.0,1.0
5ae2c4b8554299495565db31,chunk_submod_128,chunk,submod,0.0,0.0,0.0,0.0,0.0,0.0,116.0,0.5,0.0
5a78f8e555429970f5fffe01,chunk_submod_128,chunk,submod,0.0,0.0,0.0,0.3333,0.1792,0.5,106.0,1.0,1.0
5a8c66db554299585d9e3683,chunk_submod_128,chunk,submod,1.0,1.0,1.0,1.0,1.0,1.0,111.0,1.0,1.0
5a83108d55429966c78a6b1e,chunk_submod_128,chunk,submod,1.0,1.0,1.0,1.0,0.5566,0.5,106.0,1.0,1.0
5a838fcd5542992ef85e2305,chunk_submod_128,chunk,submod,0.0,0.8,0.0,0.6667,0.371,0.5,124.0,0.5,0.0
5abc030e554299642a094bdc,chunk_submod_128,chunk,submod,0.0,0.0,0.0,0.3333,0.0,0.0,116.0,1.0,1.0
5abbb64455429931dba144b4,chunk_submod_128,chunk,submod,1.0,1.0,1.0,1.0,0.5259,1.0,116.0,1.0,1.0
5ae236445542992decbdcc69,chunk_submod_128,chunk,submod,0.0,0.4,1.0,1.0,0.7983,1.0,119.0,1.0,1.0
5ab844815542992aa3b8c8af,chunk_submod_128,chunk,submod,1.0,1.0,1.0,1.0,0.2302,0.5,126.0,0.5,0.0
5a85b0c85542994c784ddb40,chunk_submod_128,chunk,submod,1.0,1.0,1.0,1.0,0.3707,0.5,116.0,1.0,1.0
5a8752955542994775f607d1,chunk_submod_128,chunk,submod,0.0,0.2857,0.0,0.5,0.0,0.0,101.0,0.5,0.0
5a7f19eb55429934daa2fcdb,chunk_submod_128,chunk,submod,1.0,1.0,1.0,1.0,0.6421,1.0,95.0,1.0,1.0
5a72a9145542994cef4bc3c1,chunk_submod_128,chunk,submod,0.0,0.0,0.0,0.0,0.0,0.0,103.0,0.5,0.0
5ade1f1c55429939a52fe82d,chunk_submod_128,chunk,submod,1.0,1.0,1.0,1.0,1.0,1.0,111.0,1.0,1.0
5a89d3e15542992e4fca83d4,chunk_submod_128,chunk,submod,0.0,0.0,1.0,1.0,0.7031,1.0,128.0,1.0,1.0
5ab84dea55429934fafe6d4f,chunk_submod_128,chunk,submod,1.0,1.0,0.0,0.0,0.5798,1.0,119.0,1.0,1.0
5a83438955429966c78a6b61,chunk_submod_128,chunk,submod,1.0,1.0,1.0,1.0,0.4103,0.5,117.0,0.5,0.0
5ae0ec48554299422ee9955a,chunk_submod_128,chunk,submod,0.0,0.0,1.0,1.0,0.656,0.5,125.0,1.0,1.0
5ab474135542991751b4d77b,chunk_submod_128,chunk,submod,0.0,0.2857,0.0,0.5,0.2541,0.5,122.0,1.0,1.0
5a8d838955429941ae14dfe5,chunk_submod_128,chunk,submod,0.0,0.0,1.0,1.0,0.4957,1.0,115.0,1.0,1.0
5aba926f55429901930fa83e,ace_focused_128,ace,focused,0.0,0.0,1.0,1.0,0.265,0.5,117.0,0.5,0.0
5ae1fced5542997283cd230e,ace_focused_128,ace,focused,1.0,1.0,1.0,1.0,0.4211,0.5,114.0,1.0,1.0
5a890b895542995153361278,ace_focused_128,ace,focused,0.0,0.4,1.0,1.0,1.0,1.0,120.0,1.0,1.0
5a90b2175542990a984936ae,ace_focused_128,ace,focused,0.0,0.0,1.0,1.0,0.3056,1.0,108.0,1.0,1.0
5a881cbb55429938390d3ee7,ace_focused_128,ace,focused,0.0,0.0,0.0,0.0,0.5167,0.5,120.0,0.5,0.0
5a764c0b55429976ec32bd89,ace_focused_128,ace,focused,0.0,0.1053,1.0,1.0,0.6389,1.0,108.0,1.0,1.0
5ac2da27554299657fa2909f,ace_focused_128,ace,focused,0.0,0.0,0.0,0.0,0.4653,0.5,101.0,0.5,0.0
5ac26ac15542992f1f2b38bc,ace_focused_128,ace,focused,0.0,0.0,0.0,0.0,0.6016,0.5,123.0,0.5,0.0
5a8a521d5542992d82986f15,ace_focused_128,ace,focused,0.0,0.0,0.0,1.0,0.2017,0.5,119.0,1.0,1.0
5ae650fb55429929b0807b2e,ace_focused_128,ace,focused,1.0,1.0,1.0,1.0,0.625,1.0,112.0,1.0,1.0
5a8bc1b85542997f31a41db8,ace_focused_128,ace,focused,0.0,0.0,1.0,1.0,0.6792,1.0,106.0,1.0,1.0
5ab209ec554299722f9b4ca2,ace_focused_128,ace,focused,0.0,0.0,0.0,0.2857,0.448,0.5,125.0,0.5,0.0
5a8bb90f5542996e8ac88a02,ace_focused_128,ace,focused,0.0,0.0,1.0,1.0,0.6735,1.0,98.0,1.0,1.0
5ac31b0a554299741d48a1f0,ace_focused_128,ace,focused,0.0,0.0,0.0,0.5,0.4583,0.5,120.0,0.5,0.0
5adf3e355542993a75d26440,ace_focused_128,ace,focused,0.0,0.0,0.0,0.0,0.5794,0.5,126.0,1.0,1.0
5abd245555429924427fcf0f,ace_focused_128,ace,focused,1.0,1.0,1.0,1.0,0.4175,0.5,103.0,0.5,0.0
5a84b5975542991dd0999da3,ace_focused_128,ace,focused,1.0,1.0,1.0,1.0,0.8661,1.0,127.0,1.0,1.0
5a8ba3ff55429971feec4744,ace_focused_128,ace,focused,0.0,0.0,0.0,0.8,0.6979,0.5,96.0,1.0,1.0
5a8303c255429954d2e2ec01,ace_focused_128,ace,focused,0.0,0.6667,0.0,0.6667,0.8065,1.0,124.0,1.0,1.0
5a7b374c5542995eb53be8cc,ace_focused_128,ace,focused,0.0,0.75,1.0,1.0,0.6303,1.0,119.0,1.0,1.0
5a7b63eb55429931da12ca7e,ace_focused_128,ace,focused,0.0,0.0,1.0,1.0,0.7982,1.0,114.0,1.0,1.0
5a90492655429933b8a204d8,ace_focused_128,ace,focused,1.0,1.0,1.0,1.0,0.688,1.0,125.0,1.0,1.0
5a8a502b5542996c9b8d5ea6,ace_focused_128,ace,focused,0.0,0.4,0.0,0.25,0.488,1.0,125.0,1.0,1.0
5ae5a4e5554299546bf82f01,ace_focused_128,ace,focused,0.0,0.75,1.0,1.0,0.3171,0.5,123.0,1.0,1.0
5a78e3b955429974737f78f1,ace_focused_128,ace,focused,1.0,1.0,1.0,1.0,0.75,1.0,128.0,1.0,1.0
5a85cd295542997175ce202b,ace_focused_128,ace,focused,0.0,0.0,0.0,0.0,0.4563,0.5,103.0,0.5,0.0
5add6cf45542992ae4cec55f,ace_focused_128,ace,focused,0.0,0.0,1.0,1.0,0.3103,0.5,116.0,0.5,0.0
5a86fde6554299211dda2b7f,ace_focused_128,ace,focused,0.0,0.0,0.0,0.0,0.1984,0.5,126.0,0.5,0.0
5a8198565542995ce29dcc13,ace_focused_128,ace,focused,0.0,0.0,0.0,0.0,0.75,1.0,128.0,1.0,1.0
5a79332555429907847277e7,ace_focused_128,ace,focused,1.0,1.0,1.0,1.0,0.5,1.0,110.0,1.0,1.0
5ac31602554299741d48a1bf,ace_focused_128,ace,focused,0.0,0.0,0.0,0.0,0.0,0.0,121.0,0.5,0.0
5ae4a2e25542996836b02cee,ace_focused_128,ace,focused,1.0,1.0,1.0,1.0,0.5798,1.0,119.0,1.0,1.0
5a8192045542995ce29dcc04,ace_focused_128,ace,focused,1.0,1.0,1.0,1.0,0.5345,1.0,116.0,1.0,1.0
5a817d8c55429903bc27b974,ace_focused_128,ace,focused,0.0,0.0,1.0,1.0,0.5484,1.0,124.0,1.0,1.0
5adf0ae45542992d7e9f9286,ace_focused_128,ace,focused,0.0,0.0,0.0,0.0,0.2598,0.5,127.0,0.5,0.0
5a7309a15542992359bc320c,ace_focused_128,ace,focused,1.0,1.0,1.0,1.0,0.7018,1.0,114.0,1.0,1.0
5ac54f8d5542993e66e822f5,ace_focused_128,ace,focused,1.0,1.0,1.0,1.0,0.6471,1.0,102.0,1.0,1.0
5ae5cf625542996de7b71a22,ace_focused_128,ace,focused,1.0,1.0,1.0,1.0,0.3455,0.5,110.0,1.0,1.0
5ae1d5a3554299234fd04319,ace_focused_128,ace,focused,0.0,0.6667,1.0,1.0,0.7177,1.0,124.0,1.0,1.0
5ab6390f5542995eadeeff7a,ace_focused_128,ace,focused,0.0,0.6667,1.0,1.0,0.9504,1.0,121.0,1.0,1.0
5a7344e95542991f9a20c6ce,ace_focused_128,ace,focused,0.0,0.0,0.0,0.0,0.3739,0.5,115.0,0.5,0.0
5ac2ed41554299218029db96,ace_focused_128,ace,focused,1.0,1.0,1.0,1.0,0.8189,1.0,127.0,1.0,1.0
5ae0536755429924de1b70a6,ace_focused_128,ace,focused,0.0,0.0,0.0,0.0,0.3793,1.0,116.0,1.0,1.0
5aba7cb455429901930fa7eb,ace_focused_128,ace,focused,0.0,0.0,0.0,0.2,0.7419,1.0,124.0,1.0,1.0
5ac083b0554299294b21900d,ace_focused_128,ace,focused,0.0,0.0,1.0,1.0,0.3545,1.0,110.0,1.0,1.0
5a7d1bf65542995ed0d165f0,ace_focused_128,ace,focused,1.0,1.0,1.0,1.0,0.4274,1.0,124.0,1.0,1.0
5a81a2705542990a1d231e30,ace_focused_128,ace,focused,0.0,0.0,1.0,1.0,0.681,1.0,116.0,1.0,1.0
5a82626655429966c78a6a08,ace_focused_128,ace,focused,0.0,0.6667,0.0,0.5,0.7016,1.0,124.0,1.0,1.0
5a88a23f5542997e5c09a652,ace_focused_128,ace,focused,0.0,0.0,1.0,1.0,0.4955,1.0,111.0,1.0,1.0
5ae518ae5542993aec5ec13c,ace_focused_128,ace,focused,0.0,0.0,0.0,0.0,1.0,1.0,122.0,1.0,1.0
5a8d227a554299585d9e37b1,ace_focused_128,ace,focused,0.0,0.0,0.0,0.0,0.0,0.0,121.0,0.0,0.0
5ae5dae2554299546bf82fa4,ace_focused_128,ace,focused,1.0,1.0,1.0,1.0,0.656,1.0,125.0,1.0,1.0
5ac0e0c75542997d64295a6e,ace_focused_128,ace,focused,0.0,0.0,0.0,0.0,0.5238,1.0,126.0,1.0,1.0
5a8268aa55429940e5e1a8aa,ace_focused_128,ace,focused,0.0,0.0,0.0,0.0,0.24,0.5,100.0,1.0,1.0
5a79c1095542996c55b2dc62,ace_focused_128,ace,focused,1.0,1.0,1.0,1.0,0.6381,1.0,105.0,1.0,1.0
5ae18d615542997283cd2229,ace_focused_128,ace,focused,0.0,0.0,1.0,1.0,0.0,0.0,112.0,1.0,1.0
5ae0156455429942ec259c15,ace_focused_128,ace,focused,1.0,1.0,1.0,1.0,1.0,1.0,120.0,1.0,1.0
5a876f785542993e715abf42,ace_focused_128,ace,focused,0.0,0.0,1.0,1.0,0.7374,1.0,99.0,1.0,1.0
5ae25d2b554299495565da46,ace_focused_128,ace,focused,0.0,0.0,1.0,1.0,0.8862,1.0,123.0,1.0,1.0
5a9068f85542990a98493623,ace_focused_128,ace,focused,1.0,1.0,1.0,1.0,0.4425,0.5,113.0,0.5,0.0
5a772c395542993735360207,ace_focused_128,ace,focused,0.0,0.0,0.0,0.3333,0.0,0.0,125.0,0.0,0.0
5a80522b5542996402f6a4c1,ace_focused_128,ace,focused,0.0,0.0,0.0,0.0,0.6452,1.0,124.0,1.0,1.0
5add60905542995b365fab1d,ace_focused_128,ace,focused,0.0,0.0,1.0,1.0,0.5565,1.0,124.0,1.0,1.0
5a75092b55429916b0164242,ace_focused_128,ace,focused,1.0,1.0,1.0,1.0,0.2362,0.5,127.0,0.5,0.0
5adf8ade5542993344016ce8,ace_focused_128,ace,focused,1.0,1.0,1.0,1.0,0.876,1.0,121.0,1.0,1.0
5ae25e835542992decbdccd1,ace_focused_128,ace,focused,0.0,0.4,0.0,0.4,0.1532,0.5,124.0,0.5,0.0
5a8013e45542995d8a8ddf41,ace_focused_128,ace,focused,1.0,1.0,1.0,1.0,0.2846,0.5,123.0,1.0,1.0
5a871a5e5542996432c5721e,ace_focused_128,ace,focused,0.0,0.0,0.0,0.0,0.431,0.5,116.0,1.0,1.0
5ae0c9dd5542993d6555ec69,ace_focused_128,ace,focused,0.0,0.0,0.0,0.0,0.4113,0.5,124.0,1.0,1.0
5abd8c295542992ac4f382ab,ace_focused_128,ace,focused,1.0,1.0,1.0,1.0,0.6875,1.0,128.0,1.0,1.0
5a8b8b3a5542995d1e6f13e5,ace_focused_128,ace,focused,0.0,0.0,0.0,0.0,0.3171,0.5,123.0,0.5,0.0
5ae6363b55429929b0807af0,ace_focused_128,ace,focused,0.0,0.0,0.0,0.0,0.3265,0.5,98.0,0.5,0.0
5ac0b8395542996f0d89cc21,ace_focused_128,ace,focused,1.0,1.0,1.0,1.0,0.3223,0.5,121.0,0.5,0.0
5adf3e835542993a75d26442,ace_focused_128,ace,focused,0.0,0.0,1.0,1.0,0.5246,1.0,122.0,1.0,1.0
5a731a635542994cef4bc458,ace_focused_128,ace,focused,1.0,1.0,1.0,1.0,0.4685,0.5,111.0,0.5,0.0
5adcc90c5542990d50227d1b,ace_focused_128,ace,focused,1.0,1.0,1.0,1.0,0.3571,0.5,112.0,0.5,0.0
5ae402085542995dadf242ca,ace_focused_128,ace,focused,0.0,0.0,1.0,1.0,0.5877,1.0,114.0,1.0,1.0
5a81d19b55429926c1cdad90,ace_focused_128,ace,focused,0.0,0.0,0.0,0.5,0.3796,0.5,108.0,1.0,1.0
5a77174f55429966f1a36c4c,ace_focused_128,ace,focused,0.0,0.0,0.0,0.0,0.0,0.0,118.0,0.5,0.0
5a79395455429970f5fffe7d,ace_focused_128,ace,focused,0.0,0.0,1.0,1.0,0.7857,1.0,126.0,1.0,1.0
5a886886554299206df2b258,ace_focused_128,ace,focused,0.0,0.0,1.0,1.0,0.3984,0.5,123.0,1.0,1.0
5adfb10855429942ec259af9,ace_focused_128,ace,focused,1.0,1.0,1.0,1.0,0.4107,1.0,112.0,1.0,1.0
5ae0d7315542990adbacf678,ace_focused_128,ace,focused,1.0,1.0,1.0,1.0,0.6126,1.0,111.0,1.0,1.0
5a790f5e55429970f5fffe40,ace_focused_128,ace,focused,1.0,1.0,1.0,1.0,0.8182,1.0,121.0,1.0,1.0
5ae1b2b9554299422ee99684,ace_focused_128,ace,focused,0.0,0.0,0.0,0.0,0.296,0.5,125.0,0.5,0.0
5a792ad055429907847277d1,ace_focused_128,ace,focused,1.0,1.0,1.0,1.0,0.4118,0.5,119.0,1.0,1.0
5a8ce851554299441c6b9f6c,ace_focused_128,ace,focused,0.0,0.0,0.0,0.0,0.0,0.0,100.0,0.5,0.0
5add67915542992200553af8,ace_focused_128,ace,focused,1.0,1.0,1.0,1.0,0.504,0.5,125.0,1.0,1.0
5ab90fdd55429916710eb0fc,ace_focused_128,ace,focused,1.0,1.0,1.0,1.0,0.5825,1.0,103.0,1.0,1.0
5ae55b8255429908b63265ef,ace_focused_128,ace,focused,1.0,1.0,1.0,1.0,0.569,0.5,116.0,1.0,1.0
5ac213805542992f1f2b37e7,ace_focused_128,ace,focused,0.0,0.6667,1.0,1.0,0.5,0.5,128.0,1.0,1.0
5adce88b5542992c1e3a249a,ace_focused_128,ace,focused,0.0,0.5,0.0,0.0,0.6417,0.5,120.0,0.5,0.0
5ac403c45542997ea680c9b5,ace_focused_128,ace,focused,0.0,0.0,0.0,0.5,0.3119,0.5,109.0,0.5,0.0
5adcd2435542992c1e3a241b,ace_focused_128,ace,focused,1.0,1.0,0.0,1.0,1.0,1.0,102.0,1.0,1.0
5a8078d85542995d8a8ddf78,ace_focused_128,ace,focused,1.0,1.0,1.0,1.0,0.2564,0.5,117.0,1.0,1.0
5a85dfcc5542994775f60673,ace_focused_128,ace,focused,0.0,0.0,0.0,0.5,0.3659,0.5,123.0,1.0,1.0
5abd1b6e55429933744ab729,ace_focused_128,ace,focused,1.0,1.0,1.0,1.0,0.1639,0.5,122.0,1.0,1.0
5ae33a3b5542992f92d8224a,ace_focused_128,ace,focused,0.0,0.0,0.0,0.0,0.3968,0.5,126.0,1.0,1.0
5a899bf955429946c8d6e959,ace_focused_128,ace,focused,0.0,0.0,0.0,0.0,0.2193,0.5,114.0,0.5,0.0
5a78bd515542990784727749,ace_focused_128,ace,focused,1.0,1.0,0.0,0.5,0.3016,0.5,126.0,0.5,0.0
5a8f155e554299458435d54c,ace_focused_128,ace,focused,0.0,0.0,0.0,0.2,0.5738,0.5,122.0,1.0,1.0
5a7bd25a554299294a54ab13,ace_focused_128,ace,focused,1.0,1.0,1.0,1.0,0.4531,1.0,128.0,1.0,1.0
5ac458f8554299204fd21f2a,ace_focused_128,ace,focused,1.0,1.0,1.0,1.0,1.0,1.0,104.0,1.0,1.0
5a801f215542992bc0c4a6b2,ace_focused_128,ace,focused,0.0,0.0,0.0,0.6667,0.6695,0.5,118.0,1.0,1.0
5a8b91d25542995d1e6f13fc,ace_focused_128,ace,focused,0.0,0.8,1.0,1.0,0.4262,1.0,122.0,1.0,1.0
5a863ff0554299211dda2ac6,ace_focused_128,ace,focused,1.0,1.0,0.0,0.0,0.5752,1.0,113.0,1.0,1.0
5a80abec5542996402f6a5e1,ace_focused_128,ace,focused,1.0,1.0,1.0,1.0,0.3197,0.5,122.0,1.0,1.0
5a734acf5542991f9a20c6ec,ace_focused_128,ace,focused,0.0,0.0,1.0,1.0,0.5906,1.0,127.0,1.0,1.0
5a7647b85542992d0ec0608a,ace_focused_128,ace,focused,1.0,1.0,1.0,1.0,1.0,1.0,108.0,1.0,1.0
5abc8d00554299700f9d78fd,ace_focused_128,ace,focused,1.0,1.0,1.0,1.0,0.7969,1.0,128.0,1.0,1.0
5a8089dc5542992bc0c4a765,ace_focused_128,ace,focused,0.0,0.0,0.0,0.6667,0.1732,0.5,127.0,1.0,1.0
5a8ab6be5542992d82986f5f,ace_focused_128,ace,focused,0.0,0.0,0.0,0.0,0.312,0.5,125.0,0.5,0.0
5a72429355429971e9dc9375,ace_focused_128,ace,focused,1.0,1.0,1.0,1.0,0.7083,1.0,96.0,1.0,1.0
5ac4f2e755429924173fb503,ace_focused_128,ace,focused,1.0,1.0,1.0,1.0,0.5691,1.0,123.0,1.0,1.0
5ab6ecd85542991d322236cf,ace_focused_128,ace,focused,0.0,0.5,1.0,1.0,0.5847,1.0,118.0,1.0,1.0
5adf85e05542993344016cba,ace_focused_128,ace,focused,0.0,0.0,0.0,0.0,0.1984,0.5,126.0,1.0,1.0
5a7455eb55429979e2882908,ace_focused_128,ace,focused,0.0,0.4,1.0,1.0,0.5691,1.0,123.0,1.0,1.0
5ac385f8554299741d48a279,ace_focused_128,ace,focused,0.0,0.0,0.0,0.0,0.5447,0.5,123.0,1.0,1.0
5ac0a18a5542992a796ded41,ace_focused_128,ace,focused,0.0,0.6667,0.0,0.0,0.3942,0.5,104.0,0.5,0.0
5ae3606b5542991a06ce99a8,ace_focused_128,ace,focused,0.0,0.0,1.0,1.0,0.3047,0.5,128.0,1.0,1.0
5a71231a5542994082a3e5c4,ace_focused_128,ace,focused,0.0,0.0,1.0,1.0,0.0945,0.5,127.0,0.5,0.0
5a7d19d85542995ed0d165e8,ace_focused_128,ace,focused,0.0,0.0,0.0,0.0,0.0,0.0,127.0,0.5,0.0
5ae791245542997b22f6a7a3,ace_focused_128,ace,focused,1.0,1.0,1.0,1.0,0.7778,1.0,126.0,1.0,1.0
5a7d2afb554299452d57bb41,ace_focused_128,ace,focused,1.0,1.0,1.0,1.0,0.7719,1.0,114.0,1.0,1.0
5abcfa6f5542993a06baf9c7,ace_focused_128,ace,focused,1.0,1.0,1.0,1.0,0.6577,1.0,111.0,1.0,1.0
5a7c00a55542996dd594b87e,ace_focused_128,ace,focused,0.0,0.0,0.0,0.0,0.0,0.0,119.0,0.5,0.0
5ae64ba755429929b0807b25,ace_focused_128,ace,focused,0.0,0.75,1.0,1.0,0.5391,0.5,128.0,1.0,1.0
5adfc11e55429942ec259b3a,ace_focused_128,ace,focused,0.0,0.0,1.0,1.0,0.672,1.0,125.0,1.0,1.0
5ab596d95542992aa134a371,ace_focused_128,ace,focused,0.0,0.0,1.0,1.0,0.2975,0.5,121.0,1.0,1.0
5ae206c45542994d89d5b311,ace_focused_128,ace,focused,0.0,0.0,1.0,1.0,0.7417,1.0,120.0,1.0,1.0
5ae544d75542990ba0bbb249,ace_focused_128,ace,focused,1.0,1.0,1.0,1.0,0.5763,1.0,118.0,1.0,1.0
5abbb116554299642a094b1d,ace_focused_128,ace,focused,1.0,1.0,1.0,1.0,0.3033,0.5,122.0,1.0,1.0
5a7759fc5542993569682d60,ace_focused_128,ace,focused,0.0,0.0,1.0,1.0,0.5041,1.0,123.0,1.0,1.0
5a7b89a3554299294a54a9e3,ace_focused_128,ace,focused,0.0,0.4,0.0,0.6667,0.2266,0.5,128.0,0.5,0.0
5a8a09ff5542992d82986e6b,ace_focused_128,ace,focused,0.0,0.0,0.0,0.0,0.4538,0.5,119.0,0.5,0.0
5ade747555429939a52fe8c5,ace_focused_128,ace,focused,0.0,0.0,1.0,1.0,0.6087,1.0,115.0,1.0,1.0
5ab808b85542991d3222380d,ace_focused_128,ace,focused,0.0,0.4444,0.0,0.3333,0.3697,0.5,119.0,0.5,0.0
5ae5be475542990ba0bbb2c6,ace_focused_128,ace,focused,1.0,1.0,1.0,1.0,0.7188,1.0,128.0,1.0,1.0
5a88ba465542993e715ac089,ace_focused_128,ace,focused,0.0,0.0,0.0,0.0,0.7717,1.0,127.0,1.0,1.0
5ab2c6d955429916697740c3,ace_focused_128,ace,focused,0.0,0.0,0.0,0.0,0.0,0.0,125.0,1.0,1.0
5a7c762d55429935c91b51c7,ace_focused_128,ace,focused,0.0,0.0,0.0,0.5,0.33,0.5,100.0,0.5,0.0
5ac325495542995ef918c12e,ace_focused_128,ace,focused,0.0,0.6667,1.0,1.0,0.4677,0.5,124.0,0.5,0.0
5a8a833855429970aeb702fe,ace_focused_128,ace,focused,1.0,1.0,1.0,1.0,0.4766,0.5,128.0,1.0,1.0
5a8c7057554299653c1aa066,ace_focused_128,ace,focused,0.0,0.6667,1.0,1.0,0.5152,0.5,99.0,1.0,1.0
5ae733dc5542991e8301cbd1,ace_focused_128,ace,focused,0.0,0.6667,1.0,1.0,1.0,1.0,107.0,1.0,1.0
5a86ec9f55429960ec39b6d7,ace_focused_128,ace,focused,1.0,1.0,1.0,1.0,0.4957,1.0,115.0,1.0,1.0
5ac3a0b25542993915413838,ace_focused_128,ace,focused,1.0,1.0,1.0,1.0,0.4959,0.5,121.0,0.5,0.0
5adfd30c55429906c02daa53,ace_focused_128,ace,focused,0.0,0.0,0.0,0.0,0.7417,1.0,120.0,1.0,1.0
5a88f7bf5542997e5c09a6dd,ace_focused_128,ace,focused,1.0,1.0,1.0,1.0,0.2276,0.5,123.0,0.5,0.0
5adfa22655429942ec259ac4,ace_focused_128,ace,focused,1.0,1.0,1.0,1.0,0.7222,0.5,126.0,1.0,1.0
5ac31a73554299741d48a1e9,ace_focused_128,ace,focused,1.0,1.0,1.0,1.0,0.376,0.5,125.0,1.0,1.0
5a72634d5542997f82783994,ace_focused_128,ace,focused,0.0,0.0,0.0,0.0,0.1875,0.5,128.0,1.0,1.0
5a85ea095542994775f606a8,ace_focused_128,ace,focused,1.0,1.0,1.0,1.0,0.416,0.5,125.0,0.5,0.0
5a81e8ea5542995ce29dcc73,ace_focused_128,ace,focused,1.0,1.0,1.0,1.0,0.9074,1.0,108.0,1.0,1.0
5ab2082f554299722f9b4c9f,ace_focused_128,ace,focused,0.0,0.0,0.0,0.6667,0.5047,0.5,107.0,1.0,1.0
5a7eb22655429930675135cb,ace_focused_128,ace,focused,0.0,0.0,1.0,1.0,0.5317,0.5,126.0,0.5,0.0
5a79cabc5542994f819ef0a1,ace_focused_128,ace,focused,1.0,1.0,1.0,1.0,0.624,1.0,125.0,1.0,1.0
5add6f975542992200553b18,ace_focused_128,ace,focused,0.0,0.0,0.0,0.0,0.4531,0.5,128.0,0.5,0.0
5a74879255429974ef308c1d,ace_focused_128,ace,focused,1.0,1.0,1.0,1.0,0.6748,1.0,123.0,1.0,1.0
5a8ccea555429941ae14deeb,ace_focused_128,ace,focused,0.0,0.0,0.0,0.25,0.0,0.0,126.0,0.5,0.0
5a8b56d655429949d91db557,ace_focused_128,ace,focused,0.0,0.6667,1.0,1.0,1.0,1.0,124.0,1.0,1.0
5adc2b6255429947ff173901,ace_focused_128,ace,focused,0.0,0.0,0.0,0.0,0.384,0.5,125.0,0.5,0.0
5ac440385542997ea680ca4e,ace_focused_128,ace,focused,1.0,1.0,1.0,1.0,0.3984,1.0,123.0,1.0,1.0
5a846da0554299334474611e,ace_focused_128,ace,focused,1.0,1.0,1.0,1.0,0.6111,1.0,126.0,1.0,1.0
5a7354d55542994cef4bc55a,ace_focused_128,ace,focused,1.0,1.0,1.0,1.0,0.76,1.0,125.0,1.0,1.0
5ac3a76e554299741d48a2be,ace_focused_128,ace,focused,0.0,0.0,1.0,1.0,0.4224,0.5,116.0,1.0,1.0
5a8740ee5542994846c1cd35,ace_focused_128,ace,focused,0.0,0.8,1.0,1.0,0.2295,0.5,122.0,1.0,1.0
5a7c96765542990527d554d8,ace_focused_128,ace,focused,0.0,0.0,1.0,1.0,0.664,1.0,125.0,1.0,1.0
5aba85335542994dbf01992d,ace_focused_128,ace,focused,0.0,0.0,0.0,0.0,0.4016,0.5,127.0,1.0,1.0
5a849c1b5542997175ce1ef9,ace_focused_128,ace,focused,0.0,0.6667,1.0,1.0,0.3898,1.0,118.0,1.0,1.0
5ab9b7d555429970cfb8eb7a,ace_focused_128,ace,focused,0.0,0.0,1.0,1.0,0.3009,0.5,113.0,1.0,1.0
5ac3e22d5542997ea680c976,ace_focused_128,ace,focused,1.0,1.0,1.0,1.0,0.0,0.0,121.0,0.5,0.0
5aba768c55429901930fa7e0,ace_focused_128,ace,focused,0.0,0.0,0.0,0.0,0.0,0.0,109.0,1.0,1.0
5addb1515542995b365fab60,ace_focused_128,ace,focused,1.0,1.0,1.0,1.0,0.45,0.5,120.0,1.0,1.0
5abe689a55429976d4830b16,ace_focused_128,ace,focused,1.0,1.0,1.0,1.0,0.525,1.0,120.0,1.0,1.0
5aded1595542995ec70e8f29,ace_focused_128,ace,focused,0.0,0.0,0.0,0.0,0.7087,1.0,103.0,1.0,1.0
5ab89cc25542991b5579efc3,ace_focused_128,ace,focused,0.0,0.25,0.0,0.25,0.4032,0.5,124.0,0.5,0.0
5abe84a95542991f6610619b,ace_focused_128,ace,focused,0.0,0.6667,1.0,1.0,0.7266,1.0,128.0,1.0,1.0
5add10ca5542994ed6169c59,ace_focused_128,ace,focused,0.0,0.0,0.0,0.0,0.4231,0.5,104.0,1.0,1.0
5a8849ac5542996e4f308932,ace_focused_128,ace,focused,0.0,0.6667,1.0,1.0,0.3033,0.5,122.0,0.5,0.0
5ae0335655429925eb1afc28,ace_focused_128,ace,focused,0.0,0.0,1.0,1.0,0.878,1.0,123.0,1.0,1.0
5a7f6fd75542992e7d278cfa,ace_focused_128,ace,focused,1.0,1.0,1.0,1.0,0.8425,1.0,127.0,1.0,1.0
5ade8bd955429975fa854f04,ace_focused_128,ace,focused,1.0,1.0,1.0,1.0,1.0,1.0,106.0,1.0,1.0
5a7fb6625542994857a767cc,ace_focused_128,ace,focused,0.0,0.0,0.0,0.2,0.7054,0.5,112.0,1.0,1.0
5a7912f655429974737f796c,ace_focused_128,ace,focused,0.0,0.0,0.0,0.0,0.1905,0.5,126.0,0.5,0.0
5ab868e755429919ba4e22e3,ace_focused_128,ace,focused,0.0,0.8571,1.0,1.0,0.7479,1.0,119.0,1.0,1.0
5ae1af14554299234fd042c4,ace_focused_128,ace,focused,0.0,0.0,0.0,0.0,0.1186,0.5,118.0,1.0,1.0
5ab3c53955429969a97a81b9,ace_focused_128,ace,focused,1.0,1.0,1.0,1.0,0.3193,0.5,119.0,0.5,0.0
5abe03635542991f661060a5,ace_focused_128,ace,focused,0.0,0.0,0.0,0.0,0.5512,0.5,127.0,0.5,0.0
5adc396155429944faac2479,ace_focused_128,ace,focused,0.0,0.0,0.0,0.0,0.4495,1.0,109.0,1.0,1.0
5ac42f42554299076e296d88,ace_focused_128,ace,focused,0.0,0.0,0.0,0.0,0.2362,0.5,127.0,1.0,1.0
5aba5c625542994dbf0198f2,ace_focused_128,ace,focused,0.0,0.0,1.0,1.0,0.8067,1.0,119.0,1.0,1.0
5a8ee7c95542990e94052bb1,ace_focused_128,ace,focused,0.0,0.0,0.0,0.0,0.459,0.5,122.0,0.5,0.0
5a7b3a2455429927d897bf5c,ace_focused_128,ace,focused,1.0,1.0,1.0,1.0,0.2735,0.5,117.0,0.5,0.0
5a7f7c285542994857a76746,ace_focused_128,ace,focused,1.0,1.0,1.0,1.0,0.878,1.0,123.0,1.0,1.0
5ae2ce505542996483e64a72,ace_focused_128,ace,focused,0.0,0.0,0.0,0.0,0.0,0.0,98.0,0.0,0.0
5ab8b02d5542991b5579efdb,ace_focused_128,ace,focused,0.0,0.0,0.0,0.0,0.0,0.0,103.0,1.0,1.0
5ac50bca55429924173fb57f,ace_focused_128,ace,focused,0.0,0.2857,0.0,0.5,0.2992,0.5,127.0,0.5,0.0
5a78fe8155429970f5fffe11,ace_focused_128,ace,focused,1.0,1.0,1.0,1.0,0.5043,1.0,117.0,1.0,1.0
5ab2383155429970612095c1,ace_focused_128,ace,focused,1.0,1.0,0.0,0.0,0.4833,1.0,120.0,1.0,1.0
5abd7d0c55429924427fd010,ace_focused_128,ace,focused,1.0,1.0,1.0,1.0,0.6897,1.0,116.0,1.0,1.0
5ac1a04e5542991316484b63,ace_focused_128,ace,focused,1.0,1.0,0.0,0.0,0.5146,1.0,103.0,1.0,1.0
5a75e06155429976ec32bc60,ace_focused_128,ace,focused,0.0,0.0,0.0,0.0,0.7373,0.5,118.0,0.5,0.0
5ae564a155429960a22e02e4,ace_focused_128,ace,focused,0.0,0.4,1.0,1.0,0.6583,1.0,120.0,1.0,1.0
5a7d2afd5542995f4f402221,ace_focused_128,ace,focused,1.0,1.0,1.0,1.0,0.4679,1.0,109.0,1.0,1.0
5ac258cc554299636651998e,ace_focused_128,ace,focused,0.0,0.0,1.0,1.0,0.5714,0.5,126.0,0.5,0.0
5a8a573355429970aeb7029a,ace_focused_128,ace,focused,0.0,0.0,1.0,1.0,1.0,1.0,112.0,1.0,1.0
5a8f799d55429918e830d22d,ace_focused_128,ace,focused,0.0,0.0,0.0,0.0,0.664,1.0,125.0,1.0,1.0
5ac4f04e5542995c82c4ad81,ace_focused_128,ace,focused,0.0,0.4,1.0,1.0,0.5556,1.0,126.0,1.0,1.0
5ac00278554299012d1db56b,ace_focused_128,ace,focused,0.0,0.6667,1.0,1.0,0.1032,0.5,126.0,0.5,0.0
5a78bc6b554299148911f979,ace_focused_128,ace,focused,0.0,0.0,1.0,1.0,0.3525,1.0,122.0,1.0,1.0
5a8d6d4e554299441c6b9fdb,ace_focused_128,ace,focused,1.0,1.0,1.0,1.0,0.7273,1.0,110.0,1.0,1.0
5add23d05542994734353871,ace_focused_128,ace,focused,0.0,0.0,1.0,1.0,0.8148,1.0,108.0,1.0,1.0
5a7ca33f5542990527d554ee,ace_focused_128,ace,focused,1.0,1.0,0.0,0.5,0.3226,0.5,124.0,1.0,1.0
5ae5c8cf554299546bf82f5f,ace_focused_128,ace,focused,1.0,1.0,1.0,1.0,0.6218,1.0,119.0,1.0,1.0
5a81df4b55429903bc27b9f8,ace_focused_128,ace,focused,0.0,0.5,1.0,1.0,0.3793,1.0,116.0,1.0,1.0
5ab4341c55429942dd415ede,ace_focused_128,ace,focused,0.0,0.6667,1.0,1.0,1.0,1.0,125.0,1.0,1.0
5a7fa0d55542995d8a8dded3,ace_focused_128,ace,focused,0.0,0.0,1.0,1.0,0.7422,1.0,128.0,1.0,1.0
5ab7f22a5542991d322237d4,ace_focused_128,ace,focused,0.0,0.0,0.0,0.1429,0.0,0.0,112.0,0.0,0.0
5a84c5545542991dd0999dee,ace_focused_128,ace,focused,0.0,0.0,0.0,0.0,1.0,0.5,121.0,0.5,0.0
5aba454855429901930fa794,ace_focused_128,ace,focused,0.0,0.6667,1.0,1.0,0.4355,0.5,124.0,1.0,1.0
5a85d4ad5542997175ce2050,ace_focused_128,ace,focused,1.0,1.0,1.0,1.0,0.4434,0.5,106.0,1.0,1.0
5a74d92555429929fddd84fa,ace_focused_128,ace,focused,1.0,1.0,1.0,1.0,0.5948,0.5,116.0,1.0,1.0
5ae64b1d55429929b0807b24,ace_focused_128,ace,focused,0.0,0.0,0.0,0.3333,0.4783,0.5,115.0,1.0,1.0
5ab9dd4c554299232ef4a22f,ace_focused_128,ace,focused,0.0,0.8,1.0,1.0,0.792,1.0,125.0,1.0,1.0
5ab7bf3f5542991d322237a8,ace_focused_128,ace,focused,1.0,1.0,1.0,1.0,0.6571,1.0,105.0,1.0,1.0
5a721dfd55429971e9dc928b,ace_focused_128,ace,focused,0.0,0.4,1.0,1.0,0.807,1.0,114.0,1.0,1.0
5a87bd4e5542996432c57279,ace_focused_128,ace,focused,0.0,0.0,0.0,0.5,0.7,1.0,120.0,1.0,1.0
5a87081755429960ec39b6fe,ace_focused_128,ace,focused,1.0,1.0,1.0,1.0,0.5207,0.5,121.0,1.0,1.0
5ae0e0125542993d6555ec79,ace_focused_128,ace,focused,0.0,0.6667,1.0,1.0,0.4957,1.0,117.0,1.0,1.0
5ae409d955429970de88d89d,ace_focused_128,ace,focused,0.0,0.0,0.0,0.6667,0.1376,0.5,109.0,1.0,1.0
5ac270025542990b17b15390,ace_focused_128,ace,focused,0.0,0.6667,1.0,1.0,0.6371,1.0,124.0,1.0,1.0
5adc459255429944faac24ad,ace_focused_128,ace,focused,0.0,0.0,0.0,0.0,0.7458,1.0,118.0,1.0,1.0
5ade1c9e55429939a52fe822,ace_focused_128,ace,focused,1.0,1.0,1.0,1.0,0.6552,0.5,116.0,1.0,1.0
5ac270e05542992f1f2b38c9,ace_focused_128,ace,focused,0.0,0.0,0.0,0.5,0.2957,0.5,115.0,1.0,1.0
5a7363465542991f29ee2dd5,ace_focused_128,ace,focused,1.0,1.0,1.0,1.0,0.6016,1.0,128.0,1.0,1.0
5add43335542995b365faae1,ace_focused_128,ace,focused,0.0,0.4,0.0,0.6667,0.5,1.0,120.0,1.0,1.0
5ae67dba55429908198fa5f0,ace_focused_128,ace,focused,0.0,0.0,0.0,0.0,0.2321,0.5,112.0,0.5,0.0
5a8a6b625542996c9b8d5ed9,ace_focused_128,ace,focused,0.0,0.0,0.0,0.0,0.25,0.5,116.0,1.0,1.0
5ade86b255429939a52fe8e0,ace_focused_128,ace,focused,0.0,0.6667,0.0,0.5,0.3516,0.5,128.0,1.0,1.0
5ac007cc5542996f0d89cb0b,ace_focused_128,ace,focused,1.0,1.0,1.0,1.0,0.7563,1.0,119.0,1.0,1.0
5adea9ea55429939a52fe934,ace_focused_128,ace,focused,0.0,0.0,0.0,0.0,0.254,0.5,126.0,1.0,1.0
5a8393665542990548d0b1ea,ace_focused_128,ace,focused,1.0,1.0,0.0,0.0,0.3276,0.5,116.0,0.5,0.0
5ae3fd2c5542995dadf2428f,ace_focused_128,ace,focused,1.0,1.0,0.0,0.0,0.5039,1.0,127.0,1.0,1.0
5ab2b630554299545a2cfa17,ace_focused_128,ace,focused,0.0,0.0,0.0,0.0,0.5078,1.0,128.0,1.0,1.0
5a7aa5e75542992d025e66d9,ace_focused_128,ace,focused,0.0,0.0,0.0,0.0,0.3884,0.5,121.0,1.0,1.0
5abe34095542993f32c2a088,ace_focused_128,ace,focused,0.0,0.0,1.0,1.0,0.3684,0.5,114.0,1.0,1.0
5ac373195542995ef918c199,ace_focused_128,ace,focused,0.0,0.0,0.0,0.0,0.4286,0.5,126.0,1.0,1.0
5a82bb3c55429966c78a6a86,ace_focused_128,ace,focused,0.0,0.8,0.0,0.3333,0.3839,0.5,112.0,1.0,1.0
5a8080365542992097ad2fed,ace_focused_128,ace,focused,0.0,0.6667,0.0,0.5,1.0,1.0,115.0,1.0,1.0
5a8f8e4d55429918e830d260,ace_focused_128,ace,focused,0.0,0.0,0.0,0.1667,0.1935,0.5,124.0,1.0,1.0
5ac3bff15542995ef918c213,ace_focused_128,ace,focused,0.0,0.7692,0.0,0.2857,0.2696,0.5,115.0,1.0,1.0
5a7456ec55429979e288290f,ace_focused_128,ace,focused,1.0,1.0,1.0,1.0,1.0,1.0,105.0,1.0,1.0
5a8f1adc554299458435d577,ace_focused_128,ace,focused,0.0,0.0,0.0,0.0,0.4375,0.5,128.0,0.5,0.0
5ac29da5554299218029dac3,ace_focused_128,ace,focused,1.0,1.0,1.0,1.0,0.6142,1.0,127.0,1.0,1.0
5ae0d52e554299603e418469,ace_focused_128,ace,focused,0.0,0.0,0.0,0.0,0.4091,0.5,110.0,0.5,0.0
5a80b52f554299485f5986d6,ace_focused_128,ace,focused,0.0,0.8,1.0,1.0,0.6116,1.0,121.0,1.0,1.0
5a807b44554299485f59860a,ace_focused_128,ace,focused,0.0,0.0,0.0,0.0,0.4138,0.5,116.0,0.5,0.0
5a74ce9655429974ef308c6c,ace_focused_128,ace,focused,1.0,1.0,1.0,1.0,0.6207,1.0,116.0,1.0,1.0
5a776a7055429966f1a36d32,ace_focused_128,ace,focused,0.0,0.0,1.0,1.0,0.832,1.0,125.0,1.0,1.0
5ac13f425542991316484a96,ace_focused_128,ace,focused,1.0,1.0,1.0,1.0,0.7823,1.0,124.0,1.0,1.0
5a74547755429979e2882900,ace_focused_128,ace,focused,0.0,0.5714,0.0,0.75,0.3475,0.5,118.0,0.5,0.0
5a7d72bb5542990b8f50398e,ace_focused_128,ace,focused,0.0,0.4,0.0,0.2857,0.4561,0.5,114.0,0.5,0.0
5abdb8ba5542993f32c2a015,ace_focused_128,ace,focused,0.0,0.0,1.0,1.0,0.7436,1.0,117.0,1.0,1.0
5a75da235542992db94736f9,ace_focused_128,ace,focused,1.0,1.0,1.0,1.0,0.6371,1.0,124.0,1.0,1.0
5adcf48e5542992c1e3a24d4,ace_focused_128,ace,focused,1.0,1.0,1.0,1.0,0.4882,1.0,127.0,1.0,1.0
5ac3d1d9554299204fd21e8a,ace_focused_128,ace,focused,0.0,0.0,0.0,0.0,0.8125,1.0,128.0,1.0,1.0
5a8dafbd554299068b959da0,ace_focused_128,ace,focused,0.0,0.0,0.0,0.0,0.0,0.0,121.0,0.0,0.0
5a8eb4d65542990e94052b82,ace_focused_128,ace,focused,0.0,0.0,0.0,0.0,0.1102,0.5,118.0,1.0,1.0
5a8f55f9554299458435d5bd,ace_focused_128,ace,focused,0.0,0.0,1.0,1.0,0.2174,0.5,115.0,1.0,1.0
5ac1846d55429964131be20b,ace_focused_128,ace,focused,0.0,0.0,0.0,0.0,0.216,0.5,125.0,0.5,0.0
5a9073405542995b442420bb,ace_focused_128,ace,focused,1.0,1.0,1.0,1.0,0.4017,0.5,117.0,0.5,0.0
5ade9c9c5542997c77adee8c,ace_focused_128,ace,focused,0.0,0.0,1.0,1.0,0.646,0.5,113.0,1.0,1.0
5ae151985542990adbacf74d,ace_focused_128,ace,focused,1.0,1.0,1.0,1.0,0.2857,0.5,126.0,1.0,1.0
5ac1436f5542991316484aad,ace_focused_128,ace,focused,0.0,0.2857,1.0,1.0,0.4906,0.5,106.0,1.0,1.0
5ae269955542992decbdccf3,ace_focused_128,ace,focused,0.0,0.0,0.0,0.0,0.0,0.0,98.0,0.0,0.0
5a803d695542996402f6a494,ace_focused_128,ace,focused,0.0,0.0,1.0,1.0,0.3443,1.0,122.0,1.0,1.0
5a7b493855429931da12ca58,ace_focused_128,ace,focused,0.0,0.0,0.0,0.0,0.4083,0.5,120.0,1.0,1.0
5a78d16455429974737f78bb,ace_focused_128,ace,focused,0.0,0.8,1.0,1.0,0.3774,1.0,106.0,1.0,1.0
5ae78f3b554299540e5a5608,ace_focused_128,ace,focused,0.0,0.0,1.0,1.0,0.7333,1.0,120.0,1.0,1.0
5a80c79155429938b61421da,ace_focused_128,ace,focused,1.0,1.0,0.0,0.0,0.3421,0.5,114.0,0.5,0.0
5a7100435542994082a3e4a3,ace_focused_128,ace,focused,0.0,0.0,0.0,0.4,0.3939,1.0,99.0,1.0,1.0
5a8f08c2554299458435d531,ace_focused_128,ace,focused,1.0,1.0,1.0,1.0,1.0,1.0,116.0,1.0,1.0
5adca8215542994ed6169bbc,ace_focused_128,ace,focused,0.0,0.4,0.0,0.3333,0.7969,0.5,128.0,0.5,0.0
5add6b595542992200553b0c,ace_focused_128,ace,focused,0.0,0.0,0.0,0.0,0.3016,0.5,126.0,0.5,0.0
5a8ef2a75542995a26add583,ace_focused_128,ace,focused,1.0,1.0,1.0,1.0,1.0,1.0,125.0,1.0,1.0
5a74684655429929fddd8410,ace_focused_128,ace,focused,0.0,0.6667,0.0,0.5,0.5641,0.5,117.0,1.0,1.0
5ae635505542992ae0d16282,ace_focused_128,ace,focused,0.0,0.0,0.0,0.0,0.0,0.0,124.0,0.0,0.0
5a7b55375542995eb53be91f,ace_focused_128,ace,focused,0.0,0.0,0.0,0.0,0.4508,0.5,122.0,1.0,1.0
5ae3263455429928c4239634,ace_focused_128,ace,focused,1.0,1.0,1.0,1.0,0.816,1.0,125.0,1.0,1.0
5a719bf25542994082a3e891,ace_focused_128,ace,focused,0.0,0.0,0.0,0.0,0.0,0.0,127.0,0.5,0.0
5ae618325542996de7b71b56,ace_focused_128,ace,focused,0.0,0.0,0.0,0.0,0.359,0.5,117.0,1.0,1.0
5ab7f0015542992aa3b8c88b,ace_focused_128,ace,focused,0.0,0.0,1.0,1.0,0.7983,1.0,119.0,1.0,1.0
5a7dafe15542991319bc93f3,ace_focused_128,ace,focused,0.0,0.0,0.0,0.0,0.3443,0.5,122.0,0.5,0.0
5a90c8165542995651fb51ee,ace_focused_128,ace,focused,0.0,0.6667,0.0,0.75,0.189,0.5,127.0,1.0,1.0
5ab47e0a5542990594ba9c32,ace_focused_128,ace,focused,0.0,0.0,0.0,0.0,0.2295,0.5,122.0,0.5,0.0
5a88abf75542997e5c09a6a1,ace_focused_128,ace,focused,0.0,0.0,0.0,0.0,0.32,0.5,125.0,0.5,0.0
5a8e41735542995085b37406,ace_focused_128,ace,focused,0.0,0.0,1.0,1.0,0.3583,0.5,120.0,1.0,1.0
5ae0968955429924de1b7105,ace_focused_128,ace,focused,0.0,0.0,1.0,1.0,0.4779,1.0,113.0,1.0,1.0
5ac0d9a35542992a796ded90,ace_focused_128,ace,focused,0.0,0.0,1.0,1.0,0.569,1.0,116.0,1.0,1.0
5adf4b335542993a75d264a5,ace_focused_128,ace,focused,0.0,0.4,1.0,1.0,0.0,0.0,97.0,0.5,0.0
5a7a8a9c554299042af8f666,ace_focused_128,ace,focused,0.0,0.5,1.0,1.0,0.7638,1.0,127.0,1.0,1.0
5ae6914755429908198fa627,ace_focused_128,ace,focused,0.0,0.0,0.0,0.0,0.3178,0.5,107.0,1.0,1.0
5a85f8665542994775f606ce,ace_focused_128,ace,focused,0.0,0.0,0.0,0.0,0.528,0.5,125.0,1.0,1.0
5a8135cc55429903bc27b943,ace_focused_128,ace,focused,0.0,0.0,1.0,1.0,0.621,1.0,124.0,1.0,1.0
5a738b855542992d56e7e363,ace_focused_128,ace,focused,1.0,1.0,1.0,1.0,0.7561,1.0,123.0,1.0,1.0
5ade0fb95542997545bbbe39,ace_focused_128,ace,focused,0.0,0.5,1.0,1.0,0.839,1.0,118.0,1.0,1.0
5adf715b5542992d7e9f9354,ace_focused_128,ace,focused,0.0,0.0,0.0,0.0,0.1825,0.5,126.0,0.5,0.0
5ae07c6255429924de1b70d6,ace_focused_128,ace,focused,0.0,0.5,0.0,0.5,0.6975,1.0,119.0,1.0,1.0
5ab42d5755429942dd415eaf,ace_focused_128,ace,focused,1.0,1.0,1.0,1.0,0.7788,1.0,104.0,1.0,1.0
5abc0ba05542996583600409,ace_focused_128,ace,focused,0.0,0.0,1.0,1.0,0.374,0.5,123.0,0.5,0.0
5ae8164d5542994a481bbeb6,ace_focused_128,ace,focused,0.0,0.0,0.0,0.0,0.1732,0.5,127.0,0.5,0.0
5a84f4c75542997175ce1f31,ace_focused_128,ace,focused,0.0,0.3333,1.0,1.0,0.6471,1.0,119.0,1.0,1.0
5adfb4b8554299603e418381,ace_focused_128,ace,focused,0.0,0.0,1.0,1.0,0.6087,1.0,115.0,1.0,1.0
5ab51dae5542991779162d82,ace_focused_128,ace,focused,1.0,1.0,0.0,0.0,0.8649,1.0,111.0,1.0,1.0
5a774e415542994aec3b7280,ace_focused_128,ace,focused,1.0,1.0,1.0,1.0,0.3033,0.5,122.0,1.0,1.0
5ab84c6955429916710eb021,ace_focused_128,ace,focused,0.0,0.0,1.0,1.0,0.5306,0.5,98.0,1.0,1.0
5a7339c85542991f9a20c6a2,ace_focused_128,ace,focused,0.0,0.5,0.0,0.5,0.5118,0.5,127.0,1.0,1.0
5ab97b27554299131ca4233c,ace_focused_128,ace,focused,0.0,0.0,1.0,1.0,0.4435,0.5,124.0,1.0,1.0
5adcdf455542994ed6169c11,ace_focused_128,ace,focused,0.0,0.0,0.0,0.0,0.6953,0.5,128.0,1.0,1.0
5aba74ad55429955dce3ee35,ace_focused_128,ace,focused,0.0,0.0,0.0,0.0,0.3017,0.5,116.0,0.5,0.0
5a83316b5542993344745fe5,ace_focused_128,ace,focused,0.0,0.0,0.0,0.6667,0.3095,0.5,126.0,0.5,0.0
5ae7ee41554299540e5a56b0,ace_focused_128,ace,focused,1.0,1.0,1.0,1.0,0.632,0.5,125.0,1.0,1.0
5ab9379a554299753720f79d,ace_focused_128,ace,focused,1.0,1.0,1.0,1.0,0.6942,1.0,121.0,1.0,1.0
5adf21bc5542993344016bf4,ace_focused_128,ace,focused,0.0,0.0,0.0,0.0,0.336,0.5,125.0,0.5,0.0
5a8e3ed7554299068b959e82,ace_focused_128,ace,focused,0.0,0.0,0.0,0.0,1.0,1.0,119.0,1.0,1.0
5a7d2b5755429907fabef0c2,ace_focused_128,ace,focused,0.0,0.0,1.0,1.0,0.7636,1.0,110.0,1.0,1.0
5a74c3f455429979e2882a0a,ace_focused_128,ace,focused,0.0,0.0,1.0,1.0,0.8661,1.0,112.0,1.0,1.0
5a7a06525542990198eaf04f,ace_focused_128,ace,focused,0.0,0.0,1.0,1.0,0.7131,1.0,122.0,1.0,1.0
5ab2ce27554299545a2cfa98,ace_focused_128,ace,focused,0.0,0.0,0.0,0.0,0.2202,0.5,109.0,0.5,0.0
5a810506554299260e20a202,ace_focused_128,ace,focused,0.0,0.0,0.0,0.0,0.0,0.0,102.0,0.5,0.0
5ab2999a554299194fa9342f,ace_focused_128,ace,focused,0.0,0.0,1.0,1.0,0.875,1.0,120.0,1.0,1.0
5ab9d6ef5542994dbf01985b,ace_focused_128,ace,focused,0.0,0.0,1.0,1.0,0.3468,0.5,124.0,1.0,1.0
5a7ba4765542995eb53be976,ace_focused_128,ace,focused,1.0,1.0,1.0,1.0,0.7812,1.0,128.0,1.0,1.0
5ac294b955429921a00aafd0,ace_focused_128,ace,focused,1.0,1.0,0.0,0.0,0.5827,0.5,127.0,1.0,1.0
5a773d8955429966f1a36cc4,ace_focused_128,ace,focused,1.0,1.0,1.0,1.0,0.3077,0.5,117.0,0.5,0.0
5ae0f5fc554299422ee9957c,ace_focused_128,ace,focused,0.0,0.0,1.0,1.0,0.5159,0.5,126.0,0.5,0.0
5a8edb7f55429917b4a5bdeb,ace_focused_128,ace,focused,0.0,0.0,0.0,0.75,0.4688,1.0,128.0,1.0,1.0
5ae612f3554299546bf83065,ace_focused_128,ace,focused,1.0,1.0,1.0,1.0,1.0,1.0,121.0,1.0,1.0
5a88db445542993b751ca88a,ace_focused_128,ace,focused,1.0,1.0,1.0,1.0,0.7043,1.0,115.0,1.0,1.0
5a7a33a35542994f819ef14c,ace_focused_128,ace,focused,0.0,0.0,1.0,1.0,0.3047,1.0,128.0,1.0,1.0
5ab8ae585542991b5579efd8,ace_focused_128,ace,focused,0.0,0.0,0.0,0.0,0.2188,0.5,128.0,0.5,0.0
5ab9535a5542996be202047e,ace_focused_128,ace,focused,0.0,0.0,1.0,1.0,0.8516,1.0,128.0,1.0,1.0
5adeffa85542992d7e9f926f,ace_focused_128,ace,focused,0.0,0.0,1.0,1.0,0.48,0.5,100.0,1.0,1.0
5abcfc365542993a06baf9d6,ace_focused_128,ace,focused,0.0,0.0,0.0,0.0,0.0,0.0,103.0,0.0,0.0
5a8b3de95542997f31a41cc3,ace_focused_128,ace,focused,0.0,0.0,1.0,1.0,0.6016,0.5,123.0,1.0,1.0
5a8587dd5542997b5ce40000,ace_focused_128,ace,focused,0.0,0.0,1.0,1.0,0.5938,1.0,128.0,1.0,1.0
5ae55e6855429960a22e02d0,ace_focused_128,ace,focused,0.0,0.0,0.0,0.0,0.5893,1.0,112.0,1.0,1.0
5a80c74f554299260e20a158,ace_focused_128,ace,focused,0.0,0.0,1.0,1.0,0.2578,0.5,128.0,0.5,0.0
5a7543d555429916b01642ce,ace_focused_128,ace,focused,1.0,1.0,1.0,1.0,0.2969,0.5,128.0,1.0,1.0
5a831af855429954d2e2ec1e,ace_focused_128,ace,focused,0.0,0.0,0.0,0.0,0.7031,1.0,128.0,1.0,1.0
5ae7909f5542994a481bbda6,ace_focused_128,ace,focused,0.0,0.0,1.0,1.0,0.5447,0.5,123.0,1.0,1.0
5a89d26b5542992e4fca83d1,ace_focused_128,ace,focused,1.0,1.0,1.0,1.0,0.75,1.0,124.0,1.0,1.0
5ade279e5542992fa25da6fa,ace_focused_128,ace,focused,1.0,1.0,1.0,1.0,0.5583,1.0,120.0,1.0,1.0
5adc5b875542996e68525328,ace_focused_128,ace,focused,0.0,0.0,0.0,0.5,0.0,0.0,125.0,0.0,0.0
5ae686535542996d980e7bdc,ace_focused_128,ace,focused,1.0,1.0,1.0,1.0,1.0,1.0,125.0,1.0,1.0
5a7c25035542997c3ec972e5,ace_focused_128,ace,focused,1.0,1.0,1.0,1.0,0.7573,1.0,103.0,1.0,1.0
5adebc51554299728e26c799,ace_focused_128,ace,focused,0.0,0.4,0.0,0.3333,0.0,0.0,118.0,0.5,0.0
5a88a19a5542997e5c09a64b,ace_focused_128,ace,focused,0.0,0.0,0.0,0.0,0.0,0.0,96.0,0.5,0.0
5a81346055429926c1cdad13,ace_focused_128,ace,focused,0.0,0.1818,0.0,0.5,0.3333,0.5,105.0,1.0,1.0
5aded04755429975fa854fa7,ace_focused_128,ace,focused,0.0,0.2857,1.0,1.0,1.0,1.0,127.0,1.0,1.0
5a85f4ec5542994775f606c6,ace_focused_128,ace,focused,1.0,1.0,1.0,1.0,1.0,1.0,125.0,1.0,1.0
5a7cdd6b55429909bec76858,ace_focused_128,ace,focused,1.0,1.0,1.0,1.0,0.8095,1.0,126.0,1.0,1.0
5a832e715542990548d0b1bf,ace_focused_128,ace,focused,1.0,1.0,1.0,1.0,0.5905,0.5,105.0,1.0,1.0
5adf73a45542992d7e9f9378,ace_focused_128,ace,focused,0.0,0.8,1.0,1.0,0.9213,1.0,127.0,1.0,1.0
5ae328df55429928c423963c,ace_focused_128,ace,focused,1.0,1.0,1.0,1.0,0.8667,1.0,105.0,1.0,1.0
5a8e0cb85542995085b373b2,ace_focused_128,ace,focused,1.0,1.0,1.0,1.0,0.3276,0.5,116.0,1.0,1.0
5abe94fd55429965af743f37,ace_focused_128,ace,focused,0.0,0.0,0.0,0.0,0.6911,1.0,123.0,1.0,1.0
5a7758895542994aec3b729c,ace_focused_128,ace,focused,0.0,0.0,1.0,1.0,0.56,1.0,125.0,1.0,1.0
5abd09585542996e802b469b,ace_focused_128,ace,focused,0.0,0.0,0.0,0.0,0.3558,0.5,104.0,1.0,1.0
5abc0bea554299658360040d,ace_focused_128,ace,focused,0.0,0.5,0.0,0.3333,0.4206,0.5,126.0,0.5,0.0
5ac0805f5542992a796ded29,ace_focused_128,ace,focused,0.0,0.0,1.0,1.0,1.0,1.0,123.0,1.0,1.0
5a888fe6554299206df2b2f7,ace_focused_128,ace,focused,1.0,1.0,1.0,1.0,0.4,1.0,120.0,1.0,1.0
5a7757215542993569682d58,ace_focused_128,ace,focused,0.0,0.0,0.0,0.0,0.283,0.5,106.0,0.5,0.0
5a77a65b5542992a6e59df57,ace_focused_128,ace,focused,1.0,1.0,1.0,1.0,0.2193,0.5,114.0,0.5,0.0
5ae12a4b55429920d52342df,ace_focused_128,ace,focused,0.0,0.0,0.0,0.0,0.3047,0.5,128.0,0.5,0.0
5a89f5815542993b751ca9c5,ace_focused_128,ace,focused,1.0,1.0,1.0,1.0,0.6271,1.0,118.0,1.0,1.0
5ae531a95542990ba0bbb1fc,ace_focused_128,ace,focused,0.0,0.0,0.0,0.0,0.339,0.5,118.0,0.5,0.0
5a7b443c5542992d025e67ce,ace_focused_128,ace,focused,0.0,0.0,0.0,0.0,0.5238,0.5,126.0,0.5,0.0
5abe436455429976d4830ac6,ace_focused_128,ace,focused,1.0,1.0,1.0,1.0,0.6281,0.5,121.0,1.0,1.0
5ae5c74d554299546bf82f58,ace_focused_128,ace,focused,1.0,1.0,1.0,1.0,0.4754,0.5,122.0,0.5,0.0
5ae3e5d05542994393b9e79f,ace_focused_128,ace,focused,1.0,1.0,1.0,1.0,0.6609,1.0,115.0,1.0,1.0
5a72f74a55429901807daf59,ace_focused_128,ace,focused,0.0,0.0,1.0,1.0,0.7969,1.0,128.0,1.0,1.0
5ae54eea5542993aec5ec19d,ace_focused_128,ace,focused,0.0,0.0,1.0,1.0,0.1597,0.5,119.0,1.0,1.0
5a8e32d35542995a26add480,ace_focused_128,ace,focused,1.0,1.0,1.0,1.0,0.6583,1.0,120.0,1.0,1.0
5a8230af554299676cceb227,ace_focused_128,ace,focused,0.0,0.0,0.0,0.0,0.451,0.5,102.0,1.0,1.0
5ae7316e554299572ea5477e,ace_focused_128,ace,focused,0.0,0.0,1.0,1.0,0.6218,1.0,119.0,1.0,1.0
5ac194db55429964131be23a,ace_focused_128,ace,focused,0.0,0.0,1.0,1.0,1.0,1.0,123.0,1.0,1.0
5ab2979c554299449642c919,ace_focused_128,ace,focused,0.0,0.6667,1.0,1.0,1.0,1.0,115.0,1.0,1.0
5a86e6f65542994775f6077c,ace_focused_128,ace,focused,0.0,0.6667,1.0,1.0,0.8305,1.0,118.0,1.0,1.0
5a85ee635542994775f606b4,ace_focused_128,ace,focused,0.0,0.5,1.0,1.0,0.2764,0.5,123.0,1.0,1.0
5abbfa8f55429965836003cc,ace_focused_128,ace,focused,0.0,0.0,0.0,0.3333,0.3203,0.5,128.0,1.0,1.0
5ae3789b5542992e3233c412,ace_focused_128,ace,focused,0.0,0.0,0.0,0.6667,0.7885,0.5,104.0,1.0,1.0
5ab344fc55429969a97a811e,ace_focused_128,ace,focused,1.0,1.0,0.0,0.0,0.7402,1.0,127.0,1.0,1.0
5a7a88e455429941d65f268c,ace_focused_128,ace,focused,0.0,0.0,0.0,0.5,0.5897,0.5,117.0,0.5,0.0
5a8634fe554299211dda2aac,ace_focused_128,ace,focused,0.0,0.0,0.0,0.5,0.3273,0.5,110.0,0.5,0.0
5ae54b4f5542990ba0bbb261,ace_focused_128,ace,focused,1.0,1.0,1.0,1.0,0.1969,0.5,127.0,1.0,1.0
5ac25fa955429951e9e6858c,ace_focused_128,ace,focused,0.0,0.6,1.0,1.0,0.7131,1.0,122.0,1.0,1.0
5ab44cd555429942dd415f10,ace_focused_128,ace,focused,0.0,0.0,1.0,1.0,0.4567,1.0,127.0,1.0,1.0
5a761e855542994ccc9186e0,ace_focused_128,ace,focused,0.0,0.0,1.0,1.0,0.8083,1.0,120.0,1.0,1.0
5a87defa5542993e715abfec,ace_focused_128,ace,focused,0.0,0.0,1.0,1.0,1.0,1.0,112.0,1.0,1.0
5ab827a555429934fafe6cf5,ace_focused_128,ace,focused,0.0,0.0,0.0,0.25,0.3805,0.5,113.0,0.5,0.0
5ab5fcae554299110f2199ad,ace_focused_128,ace,focused,1.0,1.0,1.0,1.0,0.7288,1.0,118.0,1.0,1.0
5abd01205542992ac4f3819b,ace_focused_128,ace,focused,0.0,0.0,0.0,0.0,0.3095,0.5,126.0,0.5,0.0
5ae3305c55429928c423965f,ace_focused_128,ace,focused,0.0,0.0,0.0,0.0,0.125,0.5,128.0,0.5,0.0
5ac249bd55429951e9e68528,ace_focused_128,ace,focused,0.0,0.0,0.0,0.5,0.5392,0.5,102.0,0.5,0.0
5adf98215542993344016d19,ace_focused_128,ace,focused,1.0,1.0,1.0,1.0,1.0,1.0,107.0,1.0,1.0
5a745a6055429974ef308be4,ace_focused_128,ace,focused,1.0,1.0,1.0,1.0,0.313,0.5,115.0,1.0,1.0
5ab9d2e255429955dce3ed90,ace_focused_128,ace,focused,0.0,0.0,1.0,1.0,0.6729,1.0,107.0,1.0,1.0
5a8ea03e5542990e94052b81,ace_focused_128,ace,focused,0.0,0.0,0.0,0.0,0.2881,0.5,118.0,1.0,1.0
5a9052765542995651fb513d,ace_focused_128,ace,focused,0.0,0.8,1.0,1.0,0.7886,1.0,123.0,1.0,1.0
5adbd3405542994650320bf8,ace_focused_128,ace,focused,0.0,0.4,0.0,0.3333,1.0,1.0,111.0,1.0,1.0
5ae1091055429920d523429b,ace_focused_128,ace,focused,0.0,0.0,1.0,1.0,0.5118,1.0,127.0,1.0,1.0
5add7b0c5542992200553b39,ace_focused_128,ace,focused,1.0,1.0,1.0,1.0,0.6983,1.0,116.0,1.0,1.0
5ae236da5542994d89d5b397,ace_focused_128,ace,focused,0.0,0.0,0.0,0.0,0.2718,0.5,103.0,0.5,0.0
5abbd3ac55429931dba1458b,ace_focused_128,ace,focused,1.0,1.0,0.0,0.0,0.4628,1.0,121.0,1.0,1.0
5abe535055429976d4830aea,ace_focused_128,ace,focused,0.0,0.0,0.0,0.0,0.0,0.0,125.0,0.0,0.0
5ac3a2fa5542993915413857,ace_focused_128,ace,focused,1.0,1.0,1.0,1.0,0.368,1.0,125.0,1.0,1.0
5ab58f9a554299488d4d99da,ace_focused_128,ace,focused,0.0,0.8,1.0,1.0,0.712,1.0,125.0,1.0,1.0
5abd0b6b5542996e802b46b4,ace_focused_128,ace,focused,0.0,0.0,1.0,1.0,0.568,0.5,125.0,0.5,0.0
5ae76e615542997ec2727647,ace_focused_128,ace,focused,1.0,1.0,1.0,1.0,0.6614,1.0,127.0,1.0,1.0
5a7d1868554299452d57bae2,ace_focused_128,ace,focused,0.0,0.4,1.0,1.0,0.5983,1.0,117.0,1.0,1.0
5a8682755542996432c571cf,ace_focused_128,ace,focused,0.0,0.5,0.0,0.6667,0.3089,0.5,123.0,1.0,1.0
5ac02d59554299294b218f3b,ace_focused_128,ace,focused,0.0,0.25,1.0,1.0,1.0,1.0,121.0,1.0,1.0
5aba71be5542994dbf01990c,ace_focused_128,ace,focused,1.0,1.0,1.0,1.0,0.2547,0.5,106.0,0.5,0.0
5a7b77d95542997c3ec971a5,ace_focused_128,ace,focused,0.0,0.4,0.0,0.5,0.4194,0.5,124.0,0.5,0.0
5aba9813554299232ef4a357,ace_focused_128,ace,focused,0.0,0.0,1.0,1.0,0.6818,0.5,110.0,1.0,1.0
5ab6993f554299110f219a2b,ace_focused_128,ace,focused,0.0,0.0,0.0,0.0,0.2566,0.5,113.0,1.0,1.0
5adc7dbf5542994d58a2f618,ace_focused_128,ace,focused,0.0,0.0,1.0,1.0,0.8,1.0,105.0,1.0,1.0
5a7c572655429935c91b5166,ace_focused_128,ace,focused,0.0,0.0,1.0,1.0,0.536,1.0,125.0,1.0,1.0
5ab746c8554299110f219aef,ace_focused_128,ace,focused,0.0,0.0,0.0,0.0,0.3604,0.5,111.0,1.0,1.0
5ab262a4554299340b5254ac,ace_focused_128,ace,focused,1.0,1.0,1.0,1.0,0.4688,0.5,128.0,0.5,0.0
5ac38bf355429939154137ba,ace_focused_128,ace,focused,0.0,0.0,0.0,0.5,0.4803,0.5,127.0,1.0,1.0
5adefdd75542995ec70e8f4e,ace_focused_128,ace,focused,0.0,0.0,0.0,0.5,0.0,0.0,125.0,0.0,0.0
5a85cead5542991dd0999ea9,ace_focused_128,ace,focused,0.0,0.0,0.0,0.0,0.7069,0.5,116.0,0.5,0.0
5a7e36815542995ed0d166d4,ace_focused_128,ace,focused,0.0,0.5714,0.0,0.3333,0.0,0.0,104.0,1.0,1.0
5a713f395542994082a3e6ea,ace_focused_128,ace,focused,0.0,0.0,0.0,0.5,0.472,1.0,125.0,1.0,1.0
5ae1338d55429901ffe4ade1,ace_focused_128,ace,focused,0.0,0.0,0.0,0.0,0.3884,1.0,121.0,1.0,1.0
5a75f7db5542994ccc918670,ace_focused_128,ace,focused,1.0,1.0,1.0,1.0,0.4,0.5,100.0,1.0,1.0
5ab8f4ee5542991b5579f091,ace_focused_128,ace,focused,1.0,1.0,1.0,1.0,0.2821,1.0,117.0,1.0,1.0
5abc0aba55429959677d6a00,ace_focused_128,ace,focused,0.0,0.0,0.0,0.6667,0.28,0.5,125.0,1.0,1.0
5ae12d5355429920d52342eb,ace_focused_128,ace,focused,0.0,0.5,0.0,0.0,0.4016,0.5,122.0,0.5,0.0
5a7a276d5542996c55b2dd27,ace_focused_128,ace,focused,0.0,0.8571,1.0,1.0,0.8306,1.0,124.0,1.0,1.0
5ab5744e554299494045efdf,ace_focused_128,ace,focused,0.0,0.0,0.0,0.0,0.2766,0.5,94.0,0.5,0.0
5ab5c6e55542997d4ad1f1db,ace_focused_128,ace,focused,0.0,0.4,0.0,0.5,0.2222,0.5,126.0,1.0,1.0
5a74feb75542996c70cfae6d,ace_focused_128,ace,focused,1.0,1.0,1.0,1.0,0.6694,0.5,121.0,1.0,1.0
5ab56f7a554299637185c59a,ace_focused_128,ace,focused,0.0,0.0,0.0,0.0,0.328,0.5,125.0,0.5,0.0
5abc5603554299700f9d7875,ace_focused_128,ace,focused,0.0,0.0,1.0,1.0,0.736,1.0,125.0,1.0,1.0
5a8cacac554299585d9e3716,ace_focused_128,ace,focused,1.0,1.0,1.0,1.0,0.3306,0.5,124.0,0.5,0.0
5a8a07725542992d82986e5b,ace_focused_128,ace,focused,0.0,0.0,0.0,0.5,0.6522,1.0,115.0,1.0,1.0
5ae2c6bf554299492dc91c6c,ace_focused_128,ace,focused,0.0,0.0,0.0,0.0,0.3613,0.5,119.0,1.0,1.0
5a903b7255429933b8a204ae,ace_focused_128,ace,focused,0.0,0.5,1.0,1.0,0.5169,1.0,118.0,1.0,1.0
5ab53bee554299637185c526,ace_focused_128,ace,focused,0.0,0.0,0.0,0.1429,0.375,0.5,128.0,0.5,0.0
5ab8633c55429919ba4e22d6,ace_focused_128,ace,focused,0.0,0.0,0.0,0.3333,0.4057,0.5,106.0,1.0,1.0
5a835a265542992ef85e2281,ace_focused_128,ace,focused,0.0,0.5,1.0,1.0,0.3333,0.5,96.0,1.0,1.0
5a74b55455429974ef308c39,ace_focused_128,ace,focused,0.0,0.0,0.0,0.0,0.2957,0.5,115.0,0.5,0.0
5ac002705542996f0d89cb05,ace_focused_128,ace,focused,0.0,0.6667,1.0,1.0,0.627,1.0,126.0,1.0,1.0
5a883afc5542994846c1ce48,ace_focused_128,ace,focused,0.0,0.0,0.0,0.0,0.1858,0.5,113.0,0.5,0.0
5add38355542990dbb2f7dd0,ace_focused_128,ace,focused,1.0,1.0,1.0,1.0,0.4921,0.5,126.0,0.5,0.0
5ac43530554299204fd21f0a,ace_focused_128,ace,focused,0.0,0.0,1.0,1.0,1.0,1.0,109.0,1.0,1.0
5a895f6155429946c8d6e914,ace_focused_128,ace,focused,0.0,0.5,0.0,0.5,0.0312,0.5,128.0,0.5,0.0
5a79c9c05542994bb94570a5,ace_focused_128,ace,focused,0.0,0.0,0.0,0.0,0.0,0.0,121.0,1.0,1.0
5a8389445542996488c2e450,ace_focused_128,ace,focused,1.0,1.0,1.0,1.0,0.7881,1.0,118.0,1.0,1.0
5ab236645542993be8fa98c9,ace_focused_128,ace,focused,0.0,0.0,0.0,0.0,0.623,0.5,122.0,0.5,0.0
5ac4f7e955429924173fb523,ace_focused_128,ace,focused,0.0,0.0,0.0,0.0,0.275,0.5,120.0,0.5,0.0
5ab1c2bf5542997061209558,ace_focused_128,ace,focused,1.0,1.0,0.0,0.6667,0.292,0.5,113.0,1.0,1.0
5ade6fcd55429975fa854ecf,ace_focused_128,ace,focused,0.0,0.4,1.0,1.0,0.7642,1.0,123.0,1.0,1.0
5ab2b7c1554299166977406a,ace_focused_128,ace,focused,0.0,0.8,0.0,0.6667,0.4261,0.5,115.0,0.5,0.0
5a74b4e555429929fddd84c2,ace_focused_128,ace,focused,1.0,1.0,1.0,1.0,0.6614,1.0,127.0,1.0,1.0
5a84b5f05542991dd0999da5,ace_focused_128,ace,focused,1.0,1.0,1.0,1.0,0.6406,1.0,128.0,1.0,1.0
5a83ed9b55429933447460b8,ace_focused_128,ace,focused,0.0,0.0,1.0,1.0,0.7521,1.0,117.0,1.0,1.0
5ae491155542995ad6573da3,ace_focused_128,ace,focused,1.0,1.0,1.0,1.0,0.4453,1.0,128.0,1.0,1.0
5ae00a27554299025d62a3bb,ace_focused_128,ace,focused,0.0,0.8571,1.0,1.0,0.3937,0.5,127.0,1.0,1.0
5a822a5e55429926c1cdae43,ace_focused_128,ace,focused,0.0,0.0,1.0,1.0,0.3967,0.5,121.0,1.0,1.0
5ae641f65542992ae0d162a3,ace_focused_128,ace,focused,1.0,1.0,1.0,1.0,0.3175,0.5,126.0,0.5,0.0
5a77e96c5542995d8318132d,ace_focused_128,ace,focused,1.0,1.0,1.0,1.0,0.0,0.0,119.0,0.5,0.0
5ab9d7e4554299232ef4a21f,ace_focused_128,ace,focused,0.0,0.0,1.0,1.0,0.6759,1.0,108.0,1.0,1.0
5a902d5155429933b8a2048d,ace_focused_128,ace,focused,0.0,0.9231,1.0,1.0,0.8468,1.0,124.0,1.0,1.0
5a83c9445542992ef85e2360,ace_focused_128,ace,focused,1.0,1.0,0.0,0.3333,0.2727,0.5,110.0,1.0,1.0
5ae236b2554299495565da3e,ace_focused_128,ace,focused,0.0,0.0,0.0,0.0,0.0,0.0,126.0,0.0,0.0
5ae2c4b8554299495565db31,ace_focused_128,ace,focused,0.0,0.0,0.0,0.0,0.0,0.0,122.0,0.5,0.0
5a78f8e555429970f5fffe01,ace_focused_128,ace,focused,0.0,0.3333,0.0,0.6667,0.1939,0.5,98.0,1.0,1.0
5a8c66db554299585d9e3683,ace_focused_128,ace,focused,0.0,0.0,0.0,0.0,0.7109,1.0,128.0,1.0,1.0
5a83108d55429966c78a6b1e,ace_focused_128,ace,focused,0.0,0.0,1.0,1.0,0.8182,1.0,99.0,1.0,1.0
5a838fcd5542992ef85e2305,ace_focused_128,ace,focused,0.0,0.8,0.0,0.6667,0.368,0.5,125.0,0.5,0.0
5abc030e554299642a094bdc,ace_focused_128,ace,focused,0.0,0.5,1.0,1.0,0.6522,0.5,115.0,1.0,1.0
5abbb64455429931dba144b4,ace_focused_128,ace,focused,1.0,1.0,1.0,1.0,0.5259,1.0,116.0,1.0,1.0
5ae236445542992decbdcc69,ace_focused_128,ace,focused,0.0,0.4,0.0,0.5,1.0,1.0,116.0,1.0,1.0
5ab844815542992aa3b8c8af,ace_focused_128,ace,focused,1.0,1.0,1.0,1.0,0.2339,0.5,124.0,0.5,0.0
5a85b0c85542994c784ddb40,ace_focused_128,ace,focused,1.0,1.0,1.0,1.0,0.7107,1.0,121.0,1.0,1.0
5a8752955542994775f607d1,ace_focused_128,ace,focused,0.0,0.0,0.0,0.25,0.6667,0.5,111.0,1.0,1.0
5a7f19eb55429934daa2fcdb,ace_focused_128,ace,focused,1.0,1.0,1.0,1.0,0.5328,0.5,122.0,0.5,0.0
5a72a9145542994cef4bc3c1,ace_focused_128,ace,focused,0.0,0.0,1.0,1.0,0.5161,0.5,124.0,1.0,1.0
5ade1f1c55429939a52fe82d,ace_focused_128,ace,focused,1.0,1.0,1.0,1.0,0.6983,1.0,116.0,1.0,1.0
5a89d3e15542992e4fca83d4,ace_focused_128,ace,focused,1.0,1.0,1.0,1.0,0.5312,1.0,128.0,1.0,1.0
5ab84dea55429934fafe6d4f,ace_focused_128,ace,focused,1.0,1.0,0.0,0.0,0.2756,0.5,127.0,0.5,0.0
5a83438955429966c78a6b61,ace_focused_128,ace,focused,0.0,0.0,0.0,0.0,0.2456,0.5,114.0,0.5,0.0
5ae0ec48554299422ee9955a,ace_focused_128,ace,focused,0.0,0.0,1.0,1.0,0.3307,0.5,127.0,1.0,1.0
5ab474135542991751b4d77b,ace_focused_128,ace,focused,0.0,0.5455,0.0,0.5,0.0,0.0,125.0,0.5,0.0
5a8d838955429941ae14dfe5,ace_focused_128,ace,focused,0.0,0.0,1.0,1.0,0.4831,1.0,118.0,1.0,1.0
5aba926f55429901930fa83e,ace_mmr_128,ace,mmr,0.0,0.0,1.0,1.0,0.265,0.5,117.0,0.5,0.0
5ae1fced5542997283cd230e,ace_mmr_128,ace,mmr,1.0,1.0,1.0,1.0,0.4211,0.5,114.0,1.0,1.0
5a890b895542995153361278,ace_mmr_128,ace,mmr,0.0,0.0,0.0,0.25,0.4035,0.5,114.0,1.0,1.0
5a90b2175542990a984936ae,ace_mmr_128,ace,mmr,0.0,0.0,1.0,1.0,0.3056,1.0,108.0,1.0,1.0
5a881cbb55429938390d3ee7,ace_mmr_128,ace,mmr,0.0,0.0,0.0,0.0,0.5167,0.5,120.0,0.5,0.0
5a764c0b55429976ec32bd89,ace_mmr_128,ace,mmr,0.0,0.0,1.0,1.0,1.0,1.0,109.0,1.0,1.0
5ac2da27554299657fa2909f,ace_mmr_128,ace,mmr,0.0,0.0,0.0,0.0,0.4653,0.5,101.0,0.5,0.0
5ac26ac15542992f1f2b38bc,ace_mmr_128,ace,mmr,0.0,0.0,0.0,0.0,0.0,0.0,121.0,0.5,0.0
5a8a521d5542992d82986f15,ace_mmr_128,ace,mmr,0.0,0.0,0.0,1.0,0.2017,0.5,119.0,1.0,1.0
5ae650fb55429929b0807b2e,ace_mmr_128,ace,mmr,1.0,1.0,1.0,1.0,0.6216,1.0,111.0,1.0,1.0
5a8bc1b85542997f31a41db8,ace_mmr_128,ace,mmr,1.0,1.0,1.0,1.0,0.6792,1.0,106.0,1.0,1.0
5ab209ec554299722f9b4ca2,ace_mmr_128,ace,mmr,0.0,0.0,0.0,0.4286,0.0,0.0,122.0,0.5,0.0
5a8bb90f5542996e8ac88a02,ace_mmr_128,ace,mmr,0.0,0.8,1.0,1.0,0.2473,0.5,93.0,1.0,1.0
5ac31b0a554299741d48a1f0,ace_mmr_128,ace,mmr,0.0,0.0,0.0,0.5,0.4248,0.5,113.0,0.5,0.0
5adf3e355542993a75d26440,ace_mmr_128,ace,mmr,0.0,0.0,1.0,1.0,0.4752,0.5,101.0,1.0,1.0
5abd245555429924427fcf0f,ace_mmr_128,ace,mmr,1.0,1.0,1.0,1.0,0.4175,0.5,103.0,0.5,0.0
5a84b5975542991dd0999da3,ace_mmr_128,ace,mmr,0.0,0.0,0.0,0.6667,0.4711,1.0,121.0,1.0,1.0
5a8ba3ff55429971feec4744,ace_mmr_128,ace,mmr,0.0,0.0,0.0,0.8,0.6979,0.5,96.0,1.0,1.0
5a8303c255429954d2e2ec01,ace_mmr_128,ace,mmr,0.0,0.0,0.0,0.0,1.0,0.5,117.0,1.0,1.0
5a7b374c5542995eb53be8cc,ace_mmr_128,ace,mmr,0.0,0.75,1.0,1.0,0.6303,1.0,119.0,1.0,1.0
5a7b63eb55429931da12ca7e,ace_mmr_128,ace,mmr,0.0,0.0,0.0,0.0,0.4297,0.5,128.0,1.0,1.0
5a90492655429933b8a204d8,ace_mmr_128,ace,mmr,1.0,1.0,1.0,1.0,0.6723,1.0,119.0,1.0,1.0
5a8a502b5542996c9b8d5ea6,ace_mmr_128,ace,mmr,0.0,0.8571,0.0,0.75,0.8091,1.0,110.0,1.0,1.0
5ae5a4e5554299546bf82f01,ace_mmr_128,ace,mmr,0.0,0.75,1.0,1.0,0.3171,0.5,123.0,1.0,1.0
5a78e3b955429974737f78f1,ace_mmr_128,ace,mmr,1.0,1.0,1.0,1.0,0.4397,1.0,116.0,1.0,1.0
5a85cd295542997175ce202b,ace_mmr_128,ace,mmr,0.0,0.0,0.0,0.0,0.4563,0.5,103.0,0.5,0.0
5add6cf45542992ae4cec55f,ace_mmr_128,ace,mmr,0.0,0.0,1.0,1.0,0.789,0.5,109.0,0.5,0.0
5a86fde6554299211dda2b7f,ace_mmr_128,ace,mmr,0.0,0.0,0.0,0.0,0.1984,0.5,126.0,0.5,0.0
5a8198565542995ce29dcc13,ace_mmr_128,ace,mmr,0.0,0.0,1.0,1.0,0.4245,0.5,106.0,1.0,1.0
5a79332555429907847277e7,ace_mmr_128,ace,mmr,1.0,1.0,1.0,1.0,0.5,1.0,110.0,1.0,1.0
5ac31602554299741d48a1bf,ace_mmr_128,ace,mmr,0.0,0.0,0.0,0.0,0.0,0.0,121.0,0.5,0.0
5ae4a2e25542996836b02cee,ace_mmr_128,ace,mmr,1.0,1.0,1.0,1.0,0.5798,1.0,119.0,1.0,1.0
5a8192045542995ce29dcc04,ace_mmr_128,ace,mmr,1.0,1.0,1.0,1.0,0.5345,1.0,116.0,1.0,1.0
5a817d8c55429903bc27b974,ace_mmr_128,ace,mmr,0.0,0.0,1.0,1.0,0.856,1.0,125.0,1.0,1.0
5adf0ae45542992d7e9f9286,ace_mmr_128,ace,mmr,0.0,0.0,0.0,0.0,0.2598,0.5,127.0,0.5,0.0
5a7309a15542992359bc320c,ace_mmr_128,ace,mmr,1.0,1.0,1.0,1.0,0.7018,1.0,114.0,1.0,1.0
5ac54f8d5542993e66e822f5,ace_mmr_128,ace,mmr,0.0,0.5,1.0,1.0,0.6471,1.0,102.0,1.0,1.0
5ae5cf625542996de7b71a22,ace_mmr_128,ace,mmr,1.0,1.0,1.0,1.0,0.3115,0.5,122.0,1.0,1.0
5ae1d5a3554299234fd04319,ace_mmr_128,ace,mmr,0.0,0.8571,1.0,1.0,0.7739,1.0,115.0,1.0,1.0
5ab6390f5542995eadeeff7a,ace_mmr_128,ace,mmr,0.0,0.6667,1.0,1.0,0.5909,1.0,110.0,1.0,1.0
5a7344e95542991f9a20c6ce,ace_mmr_128,ace,mmr,0.0,0.0,0.0,0.0,0.0,0.0,128.0,0.5,0.0
5ac2ed41554299218029db96,ace_mmr_128,ace,mmr,1.0,1.0,1.0,1.0,0.8189,1.0,127.0,1.0,1.0
5ae0536755429924de1b70a6,ace_mmr_128,ace,mmr,0.0,0.0,0.0,0.0,0.608,1.0,125.0,1.0,1.0
5aba7cb455429901930fa7eb,ace_mmr_128,ace,mmr,0.0,0.25,0.0,0.2,0.7797,1.0,118.0,1.0,1.0
5ac083b0554299294b21900d,ace_mmr_128,ace,mmr,0.0,0.0,1.0,1.0,0.3545,1.0,110.0,1.0,1.0
5a7d1bf65542995ed0d165f0,ace_mmr_128,ace,mmr,1.0,1.0,1.0,1.0,0.736,1.0,125.0,1.0,1.0
5a81a2705542990a1d231e30,ace_mmr_128,ace,mmr,0.0,0.0,1.0,1.0,0.681,1.0,116.0,1.0,1.0
5a82626655429966c78a6a08,ace_mmr_128,ace,mmr,0.0,0.6667,1.0,1.0,0.6224,0.5,98.0,1.0,1.0
5a88a23f5542997e5c09a652,ace_mmr_128,ace,mmr,0.0,0.0,1.0,1.0,0.4955,1.0,111.0,1.0,1.0
5ae518ae5542993aec5ec13c,ace_mmr_128,ace,mmr,0.0,0.0,1.0,1.0,0.3652,0.5,115.0,1.0,1.0
5a8d227a554299585d9e37b1,ace_mmr_128,ace,mmr,0.0,0.0,0.0,0.0,0.0,0.0,121.0,0.0,0.0
5ae5dae2554299546bf82fa4,ace_mmr_128,ace,mmr,1.0,1.0,1.0,1.0,0.5932,1.0,118.0,1.0,1.0
5ac0e0c75542997d64295a6e,ace_mmr_128,ace,mmr,0.0,0.0,0.0,0.0,0.5238,1.0,126.0,1.0,1.0
5a8268aa55429940e5e1a8aa,ace_mmr_128,ace,mmr,0.0,0.0,0.0,0.0,0.24,0.5,100.0,1.0,1.0
5a79c1095542996c55b2dc62,ace_mmr_128,ace,mmr,1.0,1.0,1.0,1.0,0.6381,1.0,105.0,1.0,1.0
5ae18d615542997283cd2229,ace_mmr_128,ace,mmr,1.0,1.0,1.0,1.0,0.0,0.0,112.0,1.0,1.0
5ae0156455429942ec259c15,ace_mmr_128,ace,mmr,0.0,0.0,0.0,0.0,0.627,1.0,126.0,1.0,1.0
5a876f785542993e715abf42,ace_mmr_128,ace,mmr,0.0,0.0,1.0,1.0,0.7374,1.0,99.0,1.0,1.0
5ae25d2b554299495565da46,ace_mmr_128,ace,mmr,0.0,0.0,1.0,1.0,0.8862,1.0,123.0,1.0,1.0
5a9068f85542990a98493623,ace_mmr_128,ace,mmr,1.0,1.0,1.0,1.0,0.4425,0.5,113.0,0.5,0.0
5a772c395542993735360207,ace_mmr_128,ace,mmr,0.0,0.0,0.0,0.3333,0.0,0.0,125.0,0.0,0.0
5a80522b5542996402f6a4c1,ace_mmr_128,ace,mmr,0.0,0.0,0.0,0.0,0.6452,1.0,124.0,1.0,1.0
5add60905542995b365fab1d,ace_mmr_128,ace,mmr,0.0,0.0,1.0,1.0,0.5565,1.0,124.0,1.0,1.0
5a75092b55429916b0164242,ace_mmr_128,ace,mmr,0.0,0.0,1.0,1.0,0.2362,0.5,127.0,0.5,0.0
5adf8ade5542993344016ce8,ace_mmr_128,ace,mmr,1.0,1.0,1.0,1.0,0.876,1.0,121.0,1.0,1.0
5ae25e835542992decbdccd1,ace_mmr_128,ace,mmr,0.0,0.4,0.0,0.4,0.1532,0.5,124.0,0.5,0.0
5a8013e45542995d8a8ddf41,ace_mmr_128,ace,mmr,1.0,1.0,1.0,1.0,0.2846,0.5,123.0,1.0,1.0
5a871a5e5542996432c5721e,ace_mmr_128,ace,mmr,0.0,0.0,0.0,0.0,0.431,0.5,116.0,1.0,1.0
5ae0c9dd5542993d6555ec69,ace_mmr_128,ace,mmr,0.0,0.0,0.0,0.0,0.4016,0.5,127.0,1.0,1.0
5abd8c295542992ac4f382ab,ace_mmr_128,ace,mmr,1.0,1.0,1.0,1.0,0.6875,1.0,128.0,1.0,1.0
5a8b8b3a5542995d1e6f13e5,ace_mmr_128,ace,mmr,0.0,0.0,0.0,0.0,0.3171,0.5,123.0,0.5,0.0
5ae6363b55429929b0807af0,ace_mmr_128,ace,mmr,0.0,0.0,0.0,0.0,0.3265,0.5,98.0,0.5,0.0
5ac0b8395542996f0d89cc21,ace_mmr_128,ace,mmr,1.0,1.0,1.0,1.0,0.3387,0.5,124.0,0.5,0.0
5adf3e835542993a75d26442,ace_mmr_128,ace,mmr,0.0,0.0,1.0,1.0,0.5079,1.0,126.0,1.0,1.0
5a731a635542994cef4bc458,ace_mmr_128,ace,mmr,1.0,1.0,1.0,1.0,0.4685,0.5,111.0,0.5,0.0
5adcc90c5542990d50227d1b,ace_mmr_128,ace,mmr,1.0,1.0,1.0,1.0,0.3571,0.5,112.0,0.5,0.0
5ae402085542995dadf242ca,ace_mmr_128,ace,mmr,0.0,0.0,1.0,1.0,0.2891,0.5,128.0,1.0,1.0
5a81d19b55429926c1cdad90,ace_mmr_128,ace,mmr,0.0,0.6667,1.0,1.0,0.6167,1.0,120.0,1.0,1.0
5a77174f55429966f1a36c4c,ace_mmr_128,ace,mmr,0.0,0.0,0.0,0.0,0.0,0.0,118.0,0.5,0.0
5a79395455429970f5fffe7d,ace_mmr_128,ace,mmr,0.0,0.0,1.0,1.0,0.7857,1.0,126.0,1.0,1.0
5a886886554299206df2b258,ace_mmr_128,ace,mmr,0.0,0.0,1.0,1.0,0.3984,0.5,123.0,1.0,1.0
5adfb10855429942ec259af9,ace_mmr_128,ace,mmr,1.0,1.0,1.0,1.0,0.4107,1.0,112.0,1.0,1.0
5ae0d7315542990adbacf678,ace_mmr_128,ace,mmr,1.0,1.0,1.0,1.0,0.6296,1.0,108.0,1.0,1.0
5a790f5e55429970f5fffe40,ace_mmr_128,ace,mmr,1.0,1.0,1.0,1.0,0.8182,1.0,121.0,1.0,1.0
5ae1b2b9554299422ee99684,ace_mmr_128,ace,mmr,0.0,0.0,0.0,0.0,0.296,0.5,125.0,0.5,0.0
5a792ad055429907847277d1,ace_mmr_128,ace,mmr,0.0,0.0,1.0,1.0,0.4118,0.5,119.0,1.0,1.0
5a8ce851554299441c6b9f6c,ace_mmr_128,ace,mmr,0.0,0.0,0.0,0.0,0.0,0.0,109.0,0.5,0.0
5add67915542992200553af8,ace_mmr_128,ace,mmr,0.0,0.0,0.0,0.2,0.0,0.0,115.0,1.0,1.0
5ab90fdd55429916710eb0fc,ace_mmr_128,ace,mmr,1.0,1.0,1.0,1.0,0.5825,1.0,103.0,1.0,1.0
5ae55b8255429908b63265ef,ace_mmr_128,ace,mmr,0.0,0.0,0.0,0.6667,0.2857,0.5,119.0,1.0,1.0
5ac213805542992f1f2b37e7,ace_mmr_128,ace,mmr,0.0,0.6667,1.0,1.0,0.5,0.5,128.0,1.0,1.0
5adce88b5542992c1e3a249a,ace_mmr_128,ace,mmr,0.0,0.5,0.0,0.0,0.3554,0.5,121.0,0.5,0.0
5ac403c45542997ea680c9b5,ace_mmr_128,ace,mmr,0.0,0.0,0.0,0.0,0.2677,0.5,127.0,0.5,0.0
5adcd2435542992c1e3a241b,ace_mmr_128,ace,mmr,0.0,0.0,0.0,0.0,0.2449,0.5,98.0,1.0,1.0
5a8078d85542995d8a8ddf78,ace_mmr_128,ace,mmr,1.0,1.0,1.0,1.0,0.2564,0.5,117.0,1.0,1.0
5a85dfcc5542994775f60673,ace_mmr_128,ace,mmr,0.0,0.6667,0.0,0.5,0.3659,0.5,123.0,1.0,1.0
5abd1b6e55429933744ab729,ace_mmr_128,ace,mmr,1.0,1.0,1.0,1.0,0.1639,0.5,122.0,1.0,1.0
5ae33a3b5542992f92d8224a,ace_mmr_128,ace,mmr,0.0,0.0,0.0,0.0,0.4167,0.5,120.0,1.0,1.0
5a899bf955429946c8d6e959,ace_mmr_128,ace,mmr,0.0,0.0,0.0,0.0,0.5,0.5,116.0,0.5,0.0
5a78bd515542990784727749,ace_mmr_128,ace,mmr,1.0,1.0,0.0,0.5,0.3016,0.5,126.0,0.5,0.0
5a8f155e554299458435d54c,ace_mmr_128,ace,mmr,0.0,0.0,0.0,0.2,0.5738,0.5,122.0,1.0,1.0
5a7bd25a554299294a54ab13,ace_mmr_128,ace,mmr,1.0,1.0,1.0,1.0,0.4531,1.0,128.0,1.0,1.0
5ac458f8554299204fd21f2a,ace_mmr_128,ace,mmr,0.0,0.0,1.0,1.0,0.7611,1.0,113.0,1.0,1.0
5a801f215542992bc0c4a6b2,ace_mmr_128,ace,mmr,0.0,0.0,0.0,0.6667,1.0,1.0,113.0,1.0,1.0
5a8b91d25542995d1e6f13fc,ace_mmr_128,ace,mmr,0.0,0.8,1.0,1.0,0.4262,1.0,122.0,1.0,1.0
5a863ff0554299211dda2ac6,ace_mmr_128,ace,mmr,1.0,1.0,0.0,0.0,0.5752,1.0,113.0,1.0,1.0
5a80abec5542996402f6a5e1,ace_mmr_128,ace,mmr,1.0,1.0,1.0,1.0,0.3197,0.5,122.0,1.0,1.0
5a734acf5542991f9a20c6ec,ace_mmr_128,ace,mmr,0.0,0.8,1.0,1.0,0.5906,1.0,127.0,1.0,1.0
5a7647b85542992d0ec0608a,ace_mmr_128,ace,mmr,0.0,0.3333,0.0,0.5,0.48,0.5,125.0,1.0,1.0
5abc8d00554299700f9d78fd,ace_mmr_128,ace,mmr,1.0,1.0,1.0,1.0,0.7969,1.0,128.0,1.0,1.0
5a8089dc5542992bc0c4a765,ace_mmr_128,ace,mmr,0.0,0.0,1.0,1.0,0.7826,1.0,115.0,1.0,1.0
5a8ab6be5542992d82986f5f,ace_mmr_128,ace,mmr,0.0,0.0,0.0,0.0,0.312,0.5,125.0,0.5,0.0
5a72429355429971e9dc9375,ace_mmr_128,ace,mmr,1.0,1.0,1.0,1.0,0.7083,1.0,96.0,1.0,1.0
5ac4f2e755429924173fb503,ace_mmr_128,ace,mmr,1.0,1.0,1.0,1.0,0.5691,1.0,123.0,1.0,1.0
5ab6ecd85542991d322236cf,ace_mmr_128,ace,mmr,0.0,0.5,1.0,1.0,0.5847,1.0,118.0,1.0,1.0
5adf85e05542993344016cba,ace_mmr_128,ace,mmr,0.0,0.0,0.0,0.0,0.1984,0.5,126.0,1.0,1.0
5a7455eb55429979e2882908,ace_mmr_128,ace,mmr,0.0,0.4,1.0,1.0,0.5691,1.0,123.0,1.0,1.0
5ac385f8554299741d48a279,ace_mmr_128,ace,mmr,0.0,0.0,0.0,0.0,0.5447,0.5,123.0,1.0,1.0
5ac0a18a5542992a796ded41,ace_mmr_128,ace,mmr,0.0,0.0,0.0,0.0,0.3942,0.5,104.0,0.5,0.0
5ae3606b5542991a06ce99a8,ace_mmr_128,ace,mmr,0.0,0.0,1.0,1.0,0.7903,1.0,124.0,1.0,1.0
5a71231a5542994082a3e5c4,ace_mmr_128,ace,mmr,0.0,0.0,1.0,1.0,0.0938,0.5,128.0,0.5,0.0
5a7d19d85542995ed0d165e8,ace_mmr_128,ace,mmr,0.0,0.0,0.0,0.0,0.0,0.0,127.0,0.5,0.0
5ae791245542997b22f6a7a3,ace_mmr_128,ace,mmr,0.0,0.0,1.0,1.0,0.7778,1.0,126.0,1.0,1.0
5a7d2afb554299452d57bb41,ace_mmr_128,ace,mmr,1.0,1.0,1.0,1.0,0.375,0.5,112.0,1.0,1.0
5abcfa6f5542993a06baf9c7,ace_mmr_128,ace,mmr,1.0,1.0,1.0,1.0,0.6577,1.0,111.0,1.0,1.0
5a7c00a55542996dd594b87e,ace_mmr_128,ace,mmr,0.0,0.0,0.0,0.0,0.0,0.0,119.0,0.5,0.0
5ae64ba755429929b0807b25,ace_mmr_128,ace,mmr,0.0,0.75,1.0,1.0,0.5391,0.5,128.0,1.0,1.0
5adfc11e55429942ec259b3a,ace_mmr_128,ace,mmr,0.0,0.0,1.0,1.0,0.672,1.0,125.0,1.0,1.0
5ab596d95542992aa134a371,ace_mmr_128,ace,mmr,0.0,0.0,1.0,1.0,0.627,0.5,126.0,1.0,1.0
5ae206c45542994d89d5b311,ace_mmr_128,ace,mmr,0.0,0.0,1.0,1.0,0.7417,1.0,120.0,1.0,1.0
5ae544d75542990ba0bbb249,ace_mmr_128,ace,mmr,1.0,1.0,1.0,1.0,0.5354,1.0,127.0,1.0,1.0
5abbb116554299642a094b1d,ace_mmr_128,ace,mmr,0.0,0.6667,1.0,1.0,0.7344,1.0,128.0,1.0,1.0
5a7759fc5542993569682d60,ace_mmr_128,ace,mmr,0.0,0.0,1.0,1.0,0.5041,1.0,123.0,1.0,1.0
5a7b89a3554299294a54a9e3,ace_mmr_128,ace,mmr,0.0,0.0,0.0,0.0,0.5772,0.5,123.0,0.5,0.0
5a8a09ff5542992d82986e6b,ace_mmr_128,ace,mmr,0.0,0.0,0.0,0.0,0.4538,0.5,119.0,0.5,0.0
5ade747555429939a52fe8c5,ace_mmr_128,ace,mmr,0.0,0.0,0.0,0.2857,0.2336,0.5,107.0,1.0,1.0
5ab808b85542991d3222380d,ace_mmr_128,ace,mmr,0.0,0.4444,0.0,0.3333,0.3697,0.5,119.0,0.5,0.0
5ae5be475542990ba0bbb2c6,ace_mmr_128,ace,mmr,1.0,1.0,1.0,1.0,0.2241,0.5,116.0,1.0,1.0
5a88ba465542993e715ac089,ace_mmr_128,ace,mmr,0.0,0.0,0.0,0.0,0.7717,1.0,127.0,1.0,1.0
5ab2c6d955429916697740c3,ace_mmr_128,ace,mmr,0.0,0.0,0.0,0.0,0.0,0.0,125.0,1.0,1.0
5a7c762d55429935c91b51c7,ace_mmr_128,ace,mmr,0.0,0.0,0.0,0.5,0.33,0.5,100.0,0.5,0.0
5ac325495542995ef918c12e,ace_mmr_128,ace,mmr,0.0,0.6667,1.0,1.0,0.4677,0.5,124.0,0.5,0.0
5a8a833855429970aeb702fe,ace_mmr_128,ace,mmr,1.0,1.0,1.0,1.0,0.4766,0.5,128.0,1.0,1.0
5a8c7057554299653c1aa066,ace_mmr_128,ace,mmr,0.0,0.6667,1.0,1.0,0.5152,0.5,99.0,1.0,1.0
5ae733dc5542991e8301cbd1,ace_mmr_128,ace,mmr,0.0,0.6667,1.0,1.0,1.0,1.0,107.0,1.0,1.0
5a86ec9f55429960ec39b6d7,ace_mmr_128,ace,mmr,1.0,1.0,1.0,1.0,0.4957,1.0,115.0,1.0,1.0
5ac3a0b25542993915413838,ace_mmr_128,ace,mmr,0.0,0.0,1.0,1.0,0.4959,0.5,121.0,0.5,0.0
5adfd30c55429906c02daa53,ace_mmr_128,ace,mmr,0.0,0.0,0.0,0.0,0.7417,1.0,120.0,1.0,1.0
5a88f7bf5542997e5c09a6dd,ace_mmr_128,ace,mmr,1.0,1.0,1.0,1.0,0.2276,0.5,123.0,0.5,0.0
5adfa22655429942ec259ac4,ace_mmr_128,ace,mmr,1.0,1.0,1.0,1.0,0.5952,0.5,126.0,1.0,1.0
5ac31a73554299741d48a1e9,ace_mmr_128,ace,mmr,1.0,1.0,1.0,1.0,0.376,0.5,125.0,1.0,1.0
5a72634d5542997f82783994,ace_mmr_128,ace,mmr,0.0,0.0,0.0,0.0,0.1951,0.5,123.0,1.0,1.0
5a85ea095542994775f606a8,ace_mmr_128,ace,mmr,1.0,1.0,1.0,1.0,0.4711,0.5,121.0,0.5,0.0
5a81e8ea5542995ce29dcc73,ace_mmr_128,ace,mmr,1.0,1.0,1.0,1.0,0.3962,0.5,106.0,1.0,1.0
5ab2082f554299722f9b4c9f,ace_mmr_128,ace,mmr,0.0,0.0,0.0,0.6667,0.5508,0.5,118.0,1.0,1.0
5a7eb22655429930675135cb,ace_mmr_128,ace,mmr,0.0,0.0,1.0,1.0,0.5317,0.5,126.0,0.5,0.0
5a79cabc5542994f819ef0a1,ace_mmr_128,ace,mmr,0.0,0.8,1.0,1.0,0.6148,1.0,122.0,1.0,1.0
5add6f975542992200553b18,ace_mmr_128,ace,mmr,0.0,0.0,0.0,0.0,0.0,0.0,112.0,0.5,0.0
5a74879255429974ef308c1d,ace_mmr_128,ace,mmr,1.0,1.0,1.0,1.0,0.6748,1.0,123.0,1.0,1.0
5a8ccea555429941ae14deeb,ace_mmr_128,ace,mmr,0.0,0.0,0.0,0.25,0.0,0.0,126.0,0.5,0.0
5a8b56d655429949d91db557,ace_mmr_128,ace,mmr,0.0,0.6667,1.0,1.0,0.5182,0.5,110.0,1.0,1.0
5adc2b6255429947ff173901,ace_mmr_128,ace,mmr,0.0,0.0,0.0,0.0,0.384,0.5,125.0,0.5,0.0
5ac440385542997ea680ca4e,ace_mmr_128,ace,mmr,1.0,1.0,1.0,1.0,0.3984,1.0,123.0,1.0,1.0
5a846da0554299334474611e,ace_mmr_128,ace,mmr,1.0,1.0,1.0,1.0,0.6111,1.0,126.0,1.0,1.0
5a7354d55542994cef4bc55a,ace_mmr_128,ace,mmr,1.0,1.0,1.0,1.0,0.7541,1.0,122.0,1.0,1.0
5ac3a76e554299741d48a2be,ace_mmr_128,ace,mmr,1.0,1.0,1.0,1.0,0.3163,0.5,98.0,1.0,1.0
5a8740ee5542994846c1cd35,ace_mmr_128,ace,mmr,0.0,0.8,1.0,1.0,0.2295,0.5,122.0,1.0,1.0
5a7c96765542990527d554d8,ace_mmr_128,ace,mmr,0.0,0.0,1.0,1.0,0.379,1.0,124.0,1.0,1.0
5aba85335542994dbf01992d,ace_mmr_128,ace,mmr,0.0,0.0,0.0,0.0,0.7823,0.5,124.0,1.0,1.0
5a849c1b5542997175ce1ef9,ace_mmr_128,ace,mmr,0.0,0.6667,1.0,1.0,0.3594,1.0,128.0,1.0,1.0
5ab9b7d555429970cfb8eb7a,ace_mmr_128,ace,mmr,0.0,0.0,1.0,1.0,0.2698,0.5,126.0,1.0,1.0
5ac3e22d5542997ea680c976,ace_mmr_128,ace,mmr,1.0,1.0,1.0,1.0,0.0,0.0,121.0,0.5,0.0
5aba768c55429901930fa7e0,ace_mmr_128,ace,mmr,0.0,0.0,0.0,0.0,0.0,0.0,109.0,1.0,1.0
5addb1515542995b365fab60,ace_mmr_128,ace,mmr,1.0,1.0,1.0,1.0,0.45,0.5,120.0,1.0,1.0
5abe689a55429976d4830b16,ace_mmr_128,ace,mmr,1.0,1.0,1.0,1.0,0.7717,1.0,127.0,1.0,1.0
5aded1595542995ec70e8f29,ace_mmr_128,ace,mmr,0.0,0.0,0.0,0.0,0.7087,1.0,103.0,1.0,1.0
5ab89cc25542991b5579efc3,ace_mmr_128,ace,mmr,0.0,0.25,0.0,0.25,0.4032,0.5,124.0,0.5,0.0
5abe84a95542991f6610619b,ace_mmr_128,ace,mmr,0.0,0.6667,1.0,1.0,0.7266,1.0,128.0,1.0,1.0
5add10ca5542994ed6169c59,ace_mmr_128,ace,mmr,0.0,0.0,0.0,0.0,0.419,0.5,105.0,1.0,1.0
5a8849ac5542996e4f308932,ace_mmr_128,ace,mmr,0.0,0.6667,1.0,1.0,0.3033,0.5,122.0,0.5,0.0
5ae0335655429925eb1afc28,ace_mmr_128,ace,mmr,0.0,0.0,1.0,1.0,0.878,1.0,123.0,1.0,1.0
5a7f6fd75542992e7d278cfa,ace_mmr_128,ace,mmr,1.0,1.0,1.0,1.0,0.8425,1.0,127.0,1.0,1.0
5ade8bd955429975fa854f04,ace_mmr_128,ace,mmr,1.0,1.0,1.0,1.0,1.0,1.0,126.0,1.0,1.0
5a7fb6625542994857a767cc,ace_mmr_128,ace,mmr,0.0,0.0,0.0,0.2,0.7054,0.5,112.0,1.0,1.0
5a7912f655429974737f796c,ace_mmr_128,ace,mmr,0.0,0.0,0.0,0.0,0.6803,0.5,122.0,0.5,0.0
5ab868e755429919ba4e22e3,ace_mmr_128,ace,mmr,0.0,0.8571,1.0,1.0,0.7479,1.0,119.0,1.0,1.0
5ae1af14554299234fd042c4,ace_mmr_128,ace,mmr,0.0,0.0,0.0,0.0,0.4333,1.0,120.0,1.0,1.0
5ab3c53955429969a97a81b9,ace_mmr_128,ace,mmr,1.0,1.0,1.0,1.0,0.3193,0.5,119.0,0.5,0.0
5abe03635542991f661060a5,ace_mmr_128,ace,mmr,0.0,0.0,0.0,0.0,0.5512,0.5,127.0,0.5,0.0
5adc396155429944faac2479,ace_mmr_128,ace,mmr,1.0,1.0,0.0,0.0,0.392,1.0,125.0,1.0,1.0
5ac42f42554299076e296d88,ace_mmr_128,ace,mmr,0.0,0.0,0.0,0.0,0.2362,0.5,127.0,1.0,1.0
5aba5c625542994dbf0198f2,ace_mmr_128,ace,mmr,0.0,0.0,1.0,1.0,0.6032,1.0,126.0,1.0,1.0
5a8ee7c95542990e94052bb1,ace_mmr_128,ace,mmr,0.0,0.0,0.0,0.0,0.448,0.5,125.0,0.5,0.0
5a7b3a2455429927d897bf5c,ace_mmr_128,ace,mmr,1.0,1.0,1.0,1.0,0.252,0.5,127.0,0.5,0.0
5a7f7c285542994857a76746,ace_mmr_128,ace,mmr,0.0,0.0,1.0,1.0,0.561,0.5,123.0,1.0,1.0
5ae2ce505542996483e64a72,ace_mmr_128,ace,mmr,0.0,0.0,0.0,0.0,0.0,0.0,123.0,0.0,0.0
5ab8b02d5542991b5579efdb,ace_mmr_128,ace,mmr,0.0,0.0,0.0,0.0,0.0,0.0,103.0,1.0,1.0
5ac50bca55429924173fb57f,ace_mmr_128,ace,mmr,0.0,0.2857,0.0,0.5,0.2992,0.5,127.0,0.5,0.0
5a78fe8155429970f5fffe11,ace_mmr_128,ace,mmr,1.0,1.0,1.0,1.0,0.5043,1.0,117.0,1.0,1.0
5ab2383155429970612095c1,ace_mmr_128,ace,mmr,1.0,1.0,0.0,0.0,0.4833,1.0,120.0,1.0,1.0
5abd7d0c55429924427fd010,ace_mmr_128,ace,mmr,1.0,1.0,1.0,1.0,0.6897,1.0,116.0,1.0,1.0
5ac1a04e5542991316484b63,ace_mmr_128,ace,mmr,1.0,1.0,0.0,0.0,0.5146,1.0,103.0,1.0,1.0
5a75e06155429976ec32bc60,ace_mmr_128,ace,mmr,0.0,0.0,0.0,0.0,0.2812,0.5,128.0,0.5,0.0
5ae564a155429960a22e02e4,ace_mmr_128,ace,mmr,0.0,0.0,1.0,1.0,0.6695,1.0,118.0,1.0,1.0
5a7d2afd5542995f4f402221,ace_mmr_128,ace,mmr,1.0,1.0,1.0,1.0,0.4679,1.0,109.0,1.0,1.0
5ac258cc554299636651998e,ace_mmr_128,ace,mmr,0.0,0.0,1.0,1.0,0.5714,0.5,126.0,0.5,0.0
5a8a573355429970aeb7029a,ace_mmr_128,ace,mmr,0.0,0.0,1.0,1.0,1.0,1.0,112.0,1.0,1.0
5a8f799d55429918e830d22d,ace_mmr_128,ace,mmr,0.0,0.0,0.0,0.0,0.664,1.0,125.0,1.0,1.0
5ac4f04e5542995c82c4ad81,ace_mmr_128,ace,mmr,1.0,1.0,1.0,1.0,0.784,1.0,125.0,1.0,1.0
5ac00278554299012d1db56b,ace_mmr_128,ace,mmr,0.0,0.0,1.0,1.0,0.1032,0.5,126.0,0.5,0.0
5a78bc6b554299148911f979,ace_mmr_128,ace,mmr,0.0,0.0,1.0,1.0,0.3525,1.0,122.0,1.0,1.0
5a8d6d4e554299441c6b9fdb,ace_mmr_128,ace,mmr,1.0,1.0,1.0,1.0,0.7273,1.0,110.0,1.0,1.0
5add23d05542994734353871,ace_mmr_128,ace,mmr,0.0,0.0,1.0,1.0,0.8148,1.0,108.0,1.0,1.0
5a7ca33f5542990527d554ee,ace_mmr_128,ace,mmr,1.0,1.0,0.0,0.5,0.4062,0.5,128.0,1.0,1.0
5ae5c8cf554299546bf82f5f,ace_mmr_128,ace,mmr,1.0,1.0,1.0,1.0,0.6371,1.0,124.0,1.0,1.0
5a81df4b55429903bc27b9f8,ace_mmr_128,ace,mmr,0.0,0.5,1.0,1.0,0.3793,1.0,116.0,1.0,1.0
5ab4341c55429942dd415ede,ace_mmr_128,ace,mmr,0.0,0.6667,0.0,0.5,1.0,0.5,121.0,1.0,1.0
5a7fa0d55542995d8a8dded3,ace_mmr_128,ace,mmr,0.0,0.0,1.0,1.0,0.7422,1.0,128.0,1.0,1.0
5ab7f22a5542991d322237d4,ace_mmr_128,ace,mmr,0.0,0.0,0.0,0.1429,0.0,0.0,128.0,0.0,0.0
5a84c5545542991dd0999dee,ace_mmr_128,ace,mmr,0.0,0.0,0.0,0.0,1.0,0.5,121.0,0.5,0.0
5aba454855429901930fa794,ace_mmr_128,ace,mmr,0.0,0.0,1.0,1.0,0.4355,0.5,124.0,1.0,1.0
5a85d4ad5542997175ce2050,ace_mmr_128,ace,mmr,1.0,1.0,1.0,1.0,0.4434,0.5,106.0,1.0,1.0
5a74d92555429929fddd84fa,ace_mmr_128,ace,mmr,1.0,1.0,1.0,1.0,0.5607,0.5,107.0,1.0,1.0
5ae64b1d55429929b0807b24,ace_mmr_128,ace,mmr,0.0,0.0,0.0,0.3333,0.4783,0.5,115.0,1.0,1.0
5ab9dd4c554299232ef4a22f,ace_mmr_128,ace,mmr,0.0,0.8,1.0,1.0,0.792,1.0,125.0,1.0,1.0
5ab7bf3f5542991d322237a8,ace_mmr_128,ace,mmr,1.0,1.0,1.0,1.0,0.6571,1.0,105.0,1.0,1.0
5a721dfd55429971e9dc928b,ace_mmr_128,ace,mmr,0.0,0.4,1.0,1.0,0.4696,0.5,115.0,1.0,1.0
5a87bd4e5542996432c57279,ace_mmr_128,ace,mmr,0.0,0.0,0.0,0.5,0.7,1.0,120.0,1.0,1.0
5a87081755429960ec39b6fe,ace_mmr_128,ace,mmr,0.0,0.0,0.0,0.0,0.5164,0.5,122.0,1.0,1.0
5ae0e0125542993d6555ec79,ace_mmr_128,ace,mmr,0.0,0.6667,1.0,1.0,0.4957,1.0,117.0,1.0,1.0
5ae409d955429970de88d89d,ace_mmr_128,ace,mmr,0.0,0.0,0.0,0.6667,0.122,0.5,123.0,1.0,1.0
5ac270025542990b17b15390,ace_mmr_128,ace,mmr,0.0,0.0,0.0,0.0,0.3186,0.5,113.0,1.0,1.0
5adc459255429944faac24ad,ace_mmr_128,ace,mmr,0.0,0.0,0.0,0.0,0.7458,1.0,118.0,1.0,1.0
5ade1c9e55429939a52fe822,ace_mmr_128,ace,mmr,0.0,0.0,0.0,0.0,0.5745,0.5,94.0,1.0,1.0
5ac270e05542992f1f2b38c9,ace_mmr_128,ace,mmr,0.0,0.0,0.0,0.5,0.2957,0.5,115.0,1.0,1.0
5a7363465542991f29ee2dd5,ace_mmr_128,ace,mmr,1.0,1.0,1.0,1.0,0.6016,1.0,128.0,1.0,1.0
5add43335542995b365faae1,ace_mmr_128,ace,mmr,0.0,0.4,0.0,0.6667,0.5,1.0,120.0,1.0,1.0
5ae67dba55429908198fa5f0,ace_mmr_128,ace,mmr,0.0,0.0,0.0,0.0,0.2131,0.5,122.0,0.5,0.0
5a8a6b625542996c9b8d5ed9,ace_mmr_128,ace,mmr,0.0,0.0,0.0,0.0,0.25,0.5,116.0,1.0,1.0
5ade86b255429939a52fe8e0,ace_mmr_128,ace,mmr,0.0,0.6667,0.0,0.5,0.3516,0.5,128.0,1.0,1.0
5ac007cc5542996f0d89cb0b,ace_mmr_128,ace,mmr,0.0,0.0,1.0,1.0,0.7563,1.0,119.0,1.0,1.0
5adea9ea55429939a52fe934,ace_mmr_128,ace,mmr,0.0,0.0,0.0,0.0,0.254,0.5,126.0,1.0,1.0
5a8393665542990548d0b1ea,ace_mmr_128,ace,mmr,1.0,1.0,0.0,0.0,0.3276,0.5,116.0,0.5,0.0
5ae3fd2c5542995dadf2428f,ace_mmr_128,ace,mmr,0.0,0.0,0.0,0.0,0.2903,0.5,124.0,1.0,1.0
5ab2b630554299545a2cfa17,ace_mmr_128,ace,mmr,0.0,0.0,0.0,0.0,0.4425,0.5,113.0,1.0,1.0
5a7aa5e75542992d025e66d9,ace_mmr_128,ace,mmr,0.0,0.0,0.0,0.0,0.3884,0.5,121.0,1.0,1.0
5abe34095542993f32c2a088,ace_mmr_128,ace,mmr,0.0,0.0,1.0,1.0,0.3684,0.5,114.0,1.0,1.0
5ac373195542995ef918c199,ace_mmr_128,ace,mmr,0.0,0.0,0.0,0.0,0.0,0.0,122.0,1.0,1.0
5a82bb3c55429966c78a6a86,ace_mmr_128,ace,mmr,1.0,1.0,1.0,1.0,0.6754,1.0,114.0,1.0,1.0
5a8080365542992097ad2fed,ace_mmr_128,ace,mmr,0.0,0.6667,1.0,1.0,0.8852,1.0,122.0,1.0,1.0
5a8f8e4d55429918e830d260,ace_mmr_128,ace,mmr,0.0,0.0,0.0,0.1667,0.1935,0.5,124.0,1.0,1.0
5ac3bff15542995ef918c213,ace_mmr_128,ace,mmr,0.0,0.7692,0.0,0.2857,0.2818,0.5,110.0,1.0,1.0
5a7456ec55429979e288290f,ace_mmr_128,ace,mmr,0.0,0.0,0.0,0.5,0.5714,0.5,126.0,1.0,1.0
5a8f1adc554299458435d577,ace_mmr_128,ace,mmr,0.0,0.0,0.0,0.0,0.448,0.5,125.0,0.5,0.0
5ac29da5554299218029dac3,ace_mmr_128,ace,mmr,1.0,1.0,1.0,1.0,0.6142,1.0,127.0,1.0,1.0
5ae0d52e554299603e418469,ace_mmr_128,ace,mmr,0.0,0.0,0.0,0.0,0.0,0.0,113.0,0.5,0.0
5a80b52f554299485f5986d6,ace_mmr_128,ace,mmr,0.0,0.8,1.0,1.0,0.6116,1.0,121.0,1.0,1.0
5a807b44554299485f59860a,ace_mmr_128,ace,mmr,0.0,0.0,0.0,0.0,0.4138,0.5,116.0,0.5,0.0
5a74ce9655429974ef308c6c,ace_mmr_128,ace,mmr,1.0,1.0,1.0,1.0,0.6207,1.0,116.0,1.0,1.0
5a776a7055429966f1a36d32,ace_mmr_128,ace,mmr,0.0,0.0,1.0,1.0,0.832,1.0,125.0,1.0,1.0
5ac13f425542991316484a96,ace_mmr_128,ace,mmr,1.0,1.0,1.0,1.0,0.7823,1.0,124.0,1.0,1.0
5a74547755429979e2882900,ace_mmr_128,ace,mmr,0.0,0.5714,0.0,0.75,0.3475,0.5,118.0,0.5,0.0
5a7d72bb5542990b8f50398e,ace_mmr_128,ace,mmr,0.0,0.0,0.0,0.2857,0.7455,0.5,110.0,0.5,0.0
5abdb8ba5542993f32c2a015,ace_mmr_128,ace,mmr,0.0,0.0,1.0,1.0,0.7699,1.0,113.0,1.0,1.0
5a75da235542992db94736f9,ace_mmr_128,ace,mmr,0.0,0.0,0.0,0.0,0.4048,0.5,126.0,1.0,1.0
5adcf48e5542992c1e3a24d4,ace_mmr_128,ace,mmr,1.0,1.0,1.0,1.0,0.4882,1.0,127.0,1.0,1.0
5ac3d1d9554299204fd21e8a,ace_mmr_128,ace,mmr,0.0,0.0,0.0,0.0,0.0,0.0,111.0,1.0,1.0
5a8dafbd554299068b959da0,ace_mmr_128,ace,mmr,0.0,0.0,0.0,0.0,0.0,0.0,121.0,0.0,0.0
5a8eb4d65542990e94052b82,ace_mmr_128,ace,mmr,0.0,0.0,0.0,0.0,0.1102,0.5,118.0,1.0,1.0
5a8f55f9554299458435d5bd,ace_mmr_128,ace,mmr,0.0,0.0,1.0,1.0,0.2174,0.5,115.0,1.0,1.0
5ac1846d55429964131be20b,ace_mmr_128,ace,mmr,0.0,0.0,0.0,0.0,0.2348,0.5,115.0,0.5,0.0
5a9073405542995b442420bb,ace_mmr_128,ace,mmr,1.0,1.0,1.0,1.0,0.4017,0.5,117.0,0.5,0.0
5ade9c9c5542997c77adee8c,ace_mmr_128,ace,mmr,0.0,0.0,1.0,1.0,0.6186,0.5,118.0,1.0,1.0
5ae151985542990adbacf74d,ace_mmr_128,ace,mmr,1.0,1.0,1.0,1.0,0.2857,0.5,126.0,1.0,1.0
5ac1436f5542991316484aad,ace_mmr_128,ace,mmr,0.0,0.2857,1.0,1.0,0.4127,0.5,126.0,1.0,1.0
5ae269955542992decbdccf3,ace_mmr_128,ace,mmr,0.0,0.0,0.0,0.0,0.0,0.0,98.0,0.0,0.0
5a803d695542996402f6a494,ace_mmr_128,ace,mmr,0.0,0.0,1.0,1.0,0.3443,1.0,122.0,1.0,1.0
5a7b493855429931da12ca58,ace_mmr_128,ace,mmr,0.0,0.0,0.0,0.0,0.4083,0.5,120.0,1.0,1.0
5a78d16455429974737f78bb,ace_mmr_128,ace,mmr,0.0,0.8,1.0,1.0,0.459,1.0,122.0,1.0,1.0
5ae78f3b554299540e5a5608,ace_mmr_128,ace,mmr,0.0,0.0,1.0,1.0,1.0,1.0,110.0,1.0,1.0
5a80c79155429938b61421da,ace_mmr_128,ace,mmr,1.0,1.0,0.0,0.0,0.3421,0.5,114.0,0.5,0.0
5a7100435542994082a3e4a3,ace_mmr_128,ace,mmr,0.0,0.0,0.0,0.4,0.3939,1.0,99.0,1.0,1.0
5a8f08c2554299458435d531,ace_mmr_128,ace,mmr,1.0,1.0,1.0,1.0,1.0,1.0,116.0,1.0,1.0
5adca8215542994ed6169bbc,ace_mmr_128,ace,mmr,0.0,0.4,0.0,0.3333,0.6525,0.5,118.0,0.5,0.0
5add6b595542992200553b0c,ace_mmr_128,ace,mmr,0.0,0.0,0.0,0.0,0.3016,0.5,126.0,0.5,0.0
5a8ef2a75542995a26add583,ace_mmr_128,ace,mmr,0.0,0.0,0.0,0.0,0.5556,1.0,117.0,1.0,1.0
5a74684655429929fddd8410,ace_mmr_128,ace,mmr,0.0,0.6667,0.0,0.5,0.5641,0.5,117.0,1.0,1.0
5ae635505542992ae0d16282,ace_mmr_128,ace,mmr,0.0,0.0,0.0,0.0,0.0,0.0,124.0,0.0,0.0
5a7b55375542995eb53be91f,ace_mmr_128,ace,mmr,0.0,0.0,0.0,0.0,0.768,0.5,125.0,1.0,1.0
5ae3263455429928c4239634,ace_mmr_128,ace,mmr,1.0,1.0,1.0,1.0,0.816,1.0,125.0,1.0,1.0
5a719bf25542994082a3e891,ace_mmr_128,ace,mmr,0.0,0.0,0.0,0.0,0.0,0.0,127.0,0.5,0.0
5ae618325542996de7b71b56,ace_mmr_128,ace,mmr,0.0,0.0,0.0,0.0,0.359,0.5,117.0,1.0,1.0
5ab7f0015542992aa3b8c88b,ace_mmr_128,ace,mmr,0.0,0.0,1.0,1.0,0.7983,1.0,119.0,1.0,1.0
5a7dafe15542991319bc93f3,ace_mmr_128,ace,mmr,0.0,0.0,0.0,0.0,0.754,0.5,126.0,0.5,0.0
5a90c8165542995651fb51ee,ace_mmr_128,ace,mmr,0.0,0.6667,0.0,0.75,0.189,0.5,127.0,1.0,1.0
5ab47e0a5542990594ba9c32,ace_mmr_128,ace,mmr,0.0,0.0,0.0,0.0,0.2617,0.5,107.0,0.5,0.0
5a88abf75542997e5c09a6a1,ace_mmr_128,ace,mmr,0.0,0.0,0.0,0.0,0.7119,0.5,118.0,0.5,0.0
5a8e41735542995085b37406,ace_mmr_128,ace,mmr,0.0,0.0,1.0,1.0,0.3583,0.5,120.0,1.0,1.0
5ae0968955429924de1b7105,ace_mmr_128,ace,mmr,0.0,0.0,1.0,1.0,0.4779,1.0,113.0,1.0,1.0
5ac0d9a35542992a796ded90,ace_mmr_128,ace,mmr,0.0,0.0,1.0,1.0,0.569,1.0,116.0,1.0,1.0
5adf4b335542993a75d264a5,ace_mmr_128,ace,mmr,0.0,0.4,1.0,1.0,0.2661,0.5,124.0,0.5,0.0
5a7a8a9c554299042af8f666,ace_mmr_128,ace,mmr,1.0,1.0,1.0,1.0,0.7638,1.0,127.0,1.0,1.0
5ae6914755429908198fa627,ace_mmr_128,ace,mmr,0.0,0.0,0.0,0.0,0.3178,0.5,107.0,1.0,1.0
5a85f8665542994775f606ce,ace_mmr_128,ace,mmr,0.0,0.0,0.0,0.0,0.528,0.5,125.0,1.0,1.0
5a8135cc55429903bc27b943,ace_mmr_128,ace,mmr,0.0,0.0,1.0,1.0,1.0,1.0,107.0,1.0,1.0
5a738b855542992d56e7e363,ace_mmr_128,ace,mmr,1.0,1.0,1.0,1.0,0.344,1.0,125.0,1.0,1.0
5ade0fb95542997545bbbe39,ace_mmr_128,ace,mmr,0.0,0.5,1.0,1.0,0.839,1.0,118.0,1.0,1.0
5adf715b5542992d7e9f9354,ace_mmr_128,ace,mmr,0.0,0.0,0.0,0.0,0.1825,0.5,126.0,0.5,0.0
5ae07c6255429924de1b70d6,ace_mmr_128,ace,mmr,0.0,0.5,0.0,0.5,0.8455,0.5,123.0,1.0,1.0
5ab42d5755429942dd415eaf,ace_mmr_128,ace,mmr,0.0,0.0,1.0,1.0,0.395,0.5,119.0,1.0,1.0
5abc0ba05542996583600409,ace_mmr_128,ace,mmr,0.0,0.0,1.0,1.0,0.374,0.5,123.0,0.5,0.0
5ae8164d5542994a481bbeb6,ace_mmr_128,ace,mmr,0.0,0.0,0.0,0.0,0.4793,0.5,121.0,0.5,0.0
5a84f4c75542997175ce1f31,ace_mmr_128,ace,mmr,0.0,0.3333,1.0,1.0,0.6471,1.0,119.0,1.0,1.0
5adfb4b8554299603e418381,ace_mmr_128,ace,mmr,0.0,0.0,1.0,1.0,0.6087,1.0,115.0,1.0,1.0
5ab51dae5542991779162d82,ace_mmr_128,ace,mmr,1.0,1.0,0.0,0.0,0.8649,1.0,111.0,1.0,1.0
5a774e415542994aec3b7280,ace_mmr_128,ace,mmr,0.0,0.0,0.0,0.0,0.3125,0.5,112.0,1.0,1.0
5ab84c6955429916710eb021,ace_mmr_128,ace,mmr,0.0,0.0,1.0,1.0,0.5306,0.5,98.0,1.0,1.0
5a7339c85542991f9a20c6a2,ace_mmr_128,ace,mmr,0.0,0.0,0.0,0.5,0.0,0.0,119.0,1.0,1.0
5ab97b27554299131ca4233c,ace_mmr_128,ace,mmr,0.0,0.0,0.0,0.3333,0.4435,0.5,124.0,1.0,1.0
5adcdf455542994ed6169c11,ace_mmr_128,ace,mmr,0.0,0.0,0.0,0.0,0.6953,0.5,128.0,1.0,1.0
5aba74ad55429955dce3ee35,ace_mmr_128,ace,mmr,0.0,0.0,0.0,0.0,0.3017,0.5,116.0,0.5,0.0
5a83316b5542993344745fe5,ace_mmr_128,ace,mmr,0.0,0.0,0.0,0.6667,0.3095,0.5,126.0,0.5,0.0
5ae7ee41554299540e5a56b0,ace_mmr_128,ace,mmr,1.0,1.0,1.0,1.0,0.626,0.5,123.0,1.0,1.0
5ab9379a554299753720f79d,ace_mmr_128,ace,mmr,1.0,1.0,1.0,1.0,0.6942,1.0,121.0,1.0,1.0
5adf21bc5542993344016bf4,ace_mmr_128,ace,mmr,0.0,0.0,0.0,0.0,0.336,0.5,125.0,0.5,0.0
5a8e3ed7554299068b959e82,ace_mmr_128,ace,mmr,0.0,0.0,0.0,0.0,0.5104,0.5,96.0,1.0,1.0
5a7d2b5755429907fabef0c2,ace_mmr_128,ace,mmr,0.0,0.0,1.0,1.0,0.7636,1.0,110.0,1.0,1.0
5a74c3f455429979e2882a0a,ace_mmr_128,ace,mmr,0.0,0.0,1.0,1.0,0.6929,1.0,127.0,1.0,1.0
5a7a06525542990198eaf04f,ace_mmr_128,ace,mmr,0.0,0.0,1.0,1.0,0.7131,1.0,122.0,1.0,1.0
5ab2ce27554299545a2cfa98,ace_mmr_128,ace,mmr,0.0,0.0,0.0,0.0,0.2376,0.5,101.0,0.5,0.0
5a810506554299260e20a202,ace_mmr_128,ace,mmr,0.0,0.0,0.0,0.0,0.0,0.0,102.0,0.5,0.0
5ab2999a554299194fa9342f,ace_mmr_128,ace,mmr,0.0,0.0,1.0,1.0,0.877,1.0,122.0,1.0,1.0
5ab9d6ef5542994dbf01985b,ace_mmr_128,ace,mmr,0.0,0.0,1.0,1.0,0.3468,0.5,124.0,1.0,1.0
5a7ba4765542995eb53be976,ace_mmr_128,ace,mmr,1.0,1.0,1.0,1.0,0.4762,0.5,126.0,1.0,1.0
5ac294b955429921a00aafd0,ace_mmr_128,ace,mmr,0.0,0.0,0.0,0.0,0.5039,0.5,127.0,1.0,1.0
5a773d8955429966f1a36cc4,ace_mmr_128,ace,mmr,1.0,1.0,1.0,1.0,0.3077,0.5,117.0,0.5,0.0
5ae0f5fc554299422ee9957c,ace_mmr_128,ace,mmr,0.0,0.0,1.0,1.0,0.5159,0.5,126.0,0.5,0.0
5a8edb7f55429917b4a5bdeb,ace_mmr_128,ace,mmr,0.0,0.0,1.0,1.0,0.575,1.0,120.0,1.0,1.0
5ae612f3554299546bf83065,ace_mmr_128,ace,mmr,0.0,0.0,0.0,0.0,0.0,0.0,125.0,1.0,1.0
5a88db445542993b751ca88a,ace_mmr_128,ace,mmr,1.0,1.0,1.0,1.0,0.3362,0.5,116.0,1.0,1.0
5a7a33a35542994f819ef14c,ace_mmr_128,ace,mmr,0.0,0.0,1.0,1.0,0.3047,1.0,128.0,1.0,1.0
5ab8ae585542991b5579efd8,ace_mmr_128,ace,mmr,0.0,0.0,0.0,0.0,0.2188,0.5,128.0,0.5,0.0
5ab9535a5542996be202047e,ace_mmr_128,ace,mmr,1.0,1.0,1.0,1.0,0.8516,1.0,128.0,1.0,1.0
5adeffa85542992d7e9f926f,ace_mmr_128,ace,mmr,0.0,0.0,1.0,1.0,0.48,0.5,100.0,1.0,1.0
5abcfc365542993a06baf9d6,ace_mmr_128,ace,mmr,0.0,0.0,0.0,0.0,0.0,0.0,103.0,0.0,0.0
5a8b3de95542997f31a41cc3,ace_mmr_128,ace,mmr,0.0,0.0,1.0,1.0,0.8672,1.0,128.0,1.0,1.0
5a8587dd5542997b5ce40000,ace_mmr_128,ace,mmr,0.0,0.0,1.0,1.0,0.3361,0.5,122.0,1.0,1.0
5ae55e6855429960a22e02d0,ace_mmr_128,ace,mmr,0.0,0.0,0.0,0.0,0.5893,1.0,112.0,1.0,1.0
5a80c74f554299260e20a158,ace_mmr_128,ace,mmr,0.0,0.4,1.0,1.0,0.2578,0.5,128.0,0.5,0.0
5a7543d555429916b01642ce,ace_mmr_128,ace,mmr,1.0,1.0,1.0,1.0,0.2969,0.5,128.0,1.0,1.0
5a831af855429954d2e2ec1e,ace_mmr_128,ace,mmr,0.0,0.0,0.0,0.0,0.7031,1.0,128.0,1.0,1.0
5ae7909f5542994a481bbda6,ace_mmr_128,ace,mmr,0.0,0.0,1.0,1.0,0.5447,0.5,123.0,1.0,1.0
5a89d26b5542992e4fca83d1,ace_mmr_128,ace,mmr,1.0,1.0,1.0,1.0,1.0,1.0,110.0,1.0,1.0
5ade279e5542992fa25da6fa,ace_mmr_128,ace,mmr,1.0,1.0,1.0,1.0,0.5583,1.0,120.0,1.0,1.0
5adc5b875542996e68525328,ace_mmr_128,ace,mmr,0.0,0.0,0.0,0.0,0.0,0.0,127.0,0.0,0.0
5ae686535542996d980e7bdc,ace_mmr_128,ace,mmr,0.0,0.0,0.0,0.0,0.3125,0.5,128.0,1.0,1.0
5a7c25035542997c3ec972e5,ace_mmr_128,ace,mmr,1.0,1.0,1.0,1.0,0.7573,1.0,103.0,1.0,1.0
5adebc51554299728e26c799,ace_mmr_128,ace,mmr,0.0,0.4,0.0,0.3333,0.0,0.0,118.0,0.5,0.0
5a88a19a5542997e5c09a64b,ace_mmr_128,ace,mmr,0.0,0.0,0.0,0.0,0.0,0.0,96.0,0.5,0.0
5a81346055429926c1cdad13,ace_mmr_128,ace,mmr,0.0,0.1818,0.0,0.5,0.3333,0.5,105.0,1.0,1.0
5aded04755429975fa854fa7,ace_mmr_128,ace,mmr,0.0,0.2857,0.0,0.75,0.4016,0.5,127.0,1.0,1.0
5a85f4ec5542994775f606c6,ace_mmr_128,ace,mmr,1.0,1.0,1.0,1.0,1.0,1.0,125.0,1.0,1.0
5a7cdd6b55429909bec76858,ace_mmr_128,ace,mmr,1.0,1.0,0.0,0.0,0.7624,0.5,101.0,1.0,1.0
5a832e715542990548d0b1bf,ace_mmr_128,ace,mmr,1.0,1.0,1.0,1.0,0.0,0.0,122.0,1.0,1.0
5adf73a45542992d7e9f9378,ace_mmr_128,ace,mmr,0.0,0.8,1.0,1.0,0.9213,1.0,127.0,1.0,1.0
5ae328df55429928c423963c,ace_mmr_128,ace,mmr,1.0,1.0,1.0,1.0,0.4344,1.0,122.0,1.0,1.0
5a8e0cb85542995085b373b2,ace_mmr_128,ace,mmr,0.0,0.0,1.0,1.0,0.3276,0.5,116.0,1.0,1.0
5abe94fd55429965af743f37,ace_mmr_128,ace,mmr,0.0,0.0,0.0,0.0,0.6911,1.0,123.0,1.0,1.0
5a7758895542994aec3b729c,ace_mmr_128,ace,mmr,0.0,0.0,1.0,1.0,0.56,1.0,125.0,1.0,1.0
5abd09585542996e802b469b,ace_mmr_128,ace,mmr,0.0,0.0,0.0,0.0,0.0,0.0,103.0,1.0,1.0
5abc0bea554299658360040d,ace_mmr_128,ace,mmr,0.0,0.0,0.0,0.3333,0.0,0.0,119.0,0.5,0.0
5ac0805f5542992a796ded29,ace_mmr_128,ace,mmr,0.0,0.0,1.0,1.0,1.0,1.0,123.0,1.0,1.0
5a888fe6554299206df2b2f7,ace_mmr_128,ace,mmr,1.0,1.0,1.0,1.0,0.4724,1.0,127.0,1.0,1.0
5a7757215542993569682d58,ace_mmr_128,ace,mmr,0.0,0.0,0.0,0.0,0.283,0.5,106.0,0.5,0.0
5a77a65b5542992a6e59df57,ace_mmr_128,ace,mmr,0.0,0.3333,1.0,1.0,0.2083,0.5,120.0,0.5,0.0
5ae12a4b55429920d52342df,ace_mmr_128,ace,mmr,0.0,0.0,0.0,0.0,0.4286,0.5,105.0,0.5,0.0
5a89f5815542993b751ca9c5,ace_mmr_128,ace,mmr,1.0,1.0,1.0,1.0,0.6271,1.0,118.0,1.0,1.0
5ae531a95542990ba0bbb1fc,ace_mmr_128,ace,mmr,0.0,0.0,0.0,0.0,0.339,0.5,118.0,0.5,0.0
5a7b443c5542992d025e67ce,ace_mmr_128,ace,mmr,0.0,0.0,0.0,0.0,0.3814,0.5,118.0,0.5,0.0
5abe436455429976d4830ac6,ace_mmr_128,ace,mmr,1.0,1.0,1.0,1.0,0.6281,0.5,121.0,1.0,1.0
5ae5c74d554299546bf82f58,ace_mmr_128,ace,mmr,0.0,0.0,0.0,0.0,0.0,0.0,118.0,0.5,0.0
5ae3e5d05542994393b9e79f,ace_mmr_128,ace,mmr,1.0,1.0,1.0,1.0,0.6609,1.0,115.0,1.0,1.0
5a72f74a55429901807daf59,ace_mmr_128,ace,mmr,0.0,0.0,1.0,1.0,0.453,0.5,117.0,1.0,1.0
5ae54eea5542993aec5ec19d,ace_mmr_128,ace,mmr,0.0,0.0,1.0,1.0,0.1597,0.5,119.0,1.0,1.0
5a8e32d35542995a26add480,ace_mmr_128,ace,mmr,0.0,0.8,0.0,1.0,0.3672,0.5,128.0,1.0,1.0
5a8230af554299676cceb227,ace_mmr_128,ace,mmr,0.0,0.0,0.0,0.0,0.451,0.5,102.0,1.0,1.0
5ae7316e554299572ea5477e,ace_mmr_128,ace,mmr,0.0,0.0,1.0,1.0,0.6218,1.0,119.0,1.0,1.0
5ac194db55429964131be23a,ace_mmr_128,ace,mmr,0.0,0.0,1.0,1.0,1.0,1.0,123.0,1.0,1.0
5ab2979c554299449642c919,ace_mmr_128,ace,mmr,0.0,0.6667,1.0,1.0,1.0,1.0,115.0,1.0,1.0
5a86e6f65542994775f6077c,ace_mmr_128,ace,mmr,0.0,0.6667,1.0,1.0,0.4016,0.5,127.0,1.0,1.0
5a85ee635542994775f606b4,ace_mmr_128,ace,mmr,0.0,0.5,1.0,1.0,0.3148,0.5,108.0,1.0,1.0
5abbfa8f55429965836003cc,ace_mmr_128,ace,mmr,0.0,0.0,0.0,0.3333,0.3203,0.5,128.0,1.0,1.0
5ae3789b5542992e3233c412,ace_mmr_128,ace,mmr,1.0,1.0,1.0,1.0,0.7963,0.5,108.0,1.0,1.0
5ab344fc55429969a97a811e,ace_mmr_128,ace,mmr,1.0,1.0,0.0,0.0,0.3913,0.5,115.0,1.0,1.0
5a7a88e455429941d65f268c,ace_mmr_128,ace,mmr,0.0,0.0,0.0,0.5,0.5897,0.5,117.0,0.5,0.0
5a8634fe554299211dda2aac,ace_mmr_128,ace,mmr,0.0,0.0,0.0,0.5,0.3273,0.5,110.0,0.5,0.0
5ae54b4f5542990ba0bbb261,ace_mmr_128,ace,mmr,1.0,1.0,1.0,1.0,0.1969,0.5,127.0,1.0,1.0
5ac25fa955429951e9e6858c,ace_mmr_128,ace,mmr,0.0,0.25,0.0,0.3333,0.2101,0.5,119.0,1.0,1.0
5ab44cd555429942dd415f10,ace_mmr_128,ace,mmr,0.0,0.0,1.0,1.0,0.4567,1.0,127.0,1.0,1.0
5a761e855542994ccc9186e0,ace_mmr_128,ace,mmr,0.0,0.0,1.0,1.0,0.8083,1.0,120.0,1.0,1.0
5a87defa5542993e715abfec,ace_mmr_128,ace,mmr,0.0,0.0,1.0,1.0,0.5377,0.5,106.0,1.0,1.0
5ab827a555429934fafe6cf5,ace_mmr_128,ace,mmr,0.0,0.0,0.0,0.25,0.3805,0.5,113.0,0.5,0.0
5ab5fcae554299110f2199ad,ace_mmr_128,ace,mmr,1.0,1.0,1.0,1.0,0.7288,1.0,118.0,1.0,1.0
5abd01205542992ac4f3819b,ace_mmr_128,ace,mmr,0.0,0.0,0.0,0.0,0.3095,0.5,126.0,0.5,0.0
5ae3305c55429928c423965f,ace_mmr_128,ace,mmr,0.0,0.0,0.0,0.0,0.126,0.5,127.0,0.5,0.0
5ac249bd55429951e9e68528,ace_mmr_128,ace,mmr,0.0,0.0,1.0,1.0,1.0,0.5,106.0,0.5,0.0
5adf98215542993344016d19,ace_mmr_128,ace,mmr,1.0,1.0,1.0,1.0,1.0,1.0,107.0,1.0,1.0
5a745a6055429974ef308be4,ace_mmr_128,ace,mmr,1.0,1.0,1.0,1.0,0.313,0.5,115.0,1.0,1.0
5ab9d2e255429955dce3ed90,ace_mmr_128,ace,mmr,0.0,0.0,0.0,0.0,0.26,0.5,100.0,1.0,1.0
5a8ea03e5542990e94052b81,ace_mmr_128,ace,mmr,0.0,0.0,0.0,0.0,0.2881,0.5,118.0,1.0,1.0
5a9052765542995651fb513d,ace_mmr_128,ace,mmr,0.0,0.8,1.0,1.0,0.7886,1.0,123.0,1.0,1.0
5adbd3405542994650320bf8,ace_mmr_128,ace,mmr,0.0,0.0,0.0,0.3333,1.0,1.0,111.0,1.0,1.0
5ae1091055429920d523429b,ace_mmr_128,ace,mmr,1.0,1.0,1.0,1.0,0.7717,1.0,127.0,1.0,1.0
5add7b0c5542992200553b39,ace_mmr_128,ace,mmr,1.0,1.0,1.0,1.0,0.7107,0.5,121.0,1.0,1.0
5ae236da5542994d89d5b397,ace_mmr_128,ace,mmr,0.0,0.0,0.0,0.0,0.2718,0.5,103.0,0.5,0.0
5abbd3ac55429931dba1458b,ace_mmr_128,ace,mmr,1.0,1.0,0.0,0.0,0.5545,1.0,101.0,1.0,1.0
5abe535055429976d4830aea,ace_mmr_128,ace,mmr,0.0,0.0,0.0,0.0,0.0,0.0,125.0,0.0,0.0
5ac3a2fa5542993915413857,ace_mmr_128,ace,mmr,1.0,1.0,1.0,1.0,0.368,1.0,125.0,1.0,1.0
5ab58f9a554299488d4d99da,ace_mmr_128,ace,mmr,0.0,0.8,1.0,1.0,0.712,1.0,125.0,1.0,1.0
5abd0b6b5542996e802b46b4,ace_mmr_128,ace,mmr,0.0,0.0,1.0,1.0,0.5462,0.5,119.0,0.5,0.0
5ae76e615542997ec2727647,ace_mmr_128,ace,mmr,1.0,1.0,1.0,1.0,0.6614,1.0,127.0,1.0,1.0
5a7d1868554299452d57bae2,ace_mmr_128,ace,mmr,0.0,0.4,1.0,1.0,0.5983,1.0,117.0,1.0,1.0
5a8682755542996432c571cf,ace_mmr_128,ace,mmr,0.0,0.5,0.0,0.6667,0.3089,0.5,123.0,1.0,1.0
5ac02d59554299294b218f3b,ace_mmr_128,ace,mmr,0.0,0.25,1.0,1.0,0.8254,1.0,126.0,1.0,1.0
5aba71be5542994dbf01990c,ace_mmr_128,ace,mmr,1.0,1.0,1.0,1.0,0.2547,0.5,106.0,0.5,0.0
5a7b77d95542997c3ec971a5,ace_mmr_128,ace,mmr,0.0,0.4,0.0,0.5,0.4194,0.5,124.0,0.5,0.0
5aba9813554299232ef4a357,ace_mmr_128,ace,mmr,0.0,0.0,1.0,1.0,0.6818,0.5,110.0,1.0,1.0
5ab6993f554299110f219a2b,ace_mmr_128,ace,mmr,0.0,0.0,0.0,0.0,0.2566,0.5,113.0,1.0,1.0
5adc7dbf5542994d58a2f618,ace_mmr_128,ace,mmr,0.0,0.0,0.0,0.5,0.3125,0.5,96.0,1.0,1.0
5a7c572655429935c91b5166,ace_mmr_128,ace,mmr,0.0,0.0,1.0,1.0,0.536,1.0,125.0,1.0,1.0
5ab746c8554299110f219aef,ace_mmr_128,ace,mmr,0.0,0.0,0.0,0.0,0.3604,0.5,111.0,1.0,1.0
5ab262a4554299340b5254ac,ace_mmr_128,ace,mmr,0.0,0.0,0.0,0.0,0.0,0.0,128.0,0.5,0.0
5ac38bf355429939154137ba,ace_mmr_128,ace,mmr,0.0,0.0,0.0,0.5,0.4803,0.5,127.0,1.0,1.0
5adefdd75542995ec70e8f4e,ace_mmr_128,ace,mmr,0.0,0.0,0.0,0.5,0.0,0.0,125.0,0.0,0.0
5a85cead5542991dd0999ea9,ace_mmr_128,ace,mmr,0.0,0.0,0.0,0.0,0.7069,0.5,116.0,0.5,0.0
5a7e36815542995ed0d166d4,ace_mmr_128,ace,mmr,0.0,0.5714,0.0,0.3333,0.0,0.0,104.0,1.0,1.0
5a713f395542994082a3e6ea,ace_mmr_128,ace,mmr,0.0,0.0,0.0,0.5,0.472,1.0,125.0,1.0,1.0
5ae1338d55429901ffe4ade1,ace_mmr_128,ace,mmr,0.0,0.0,0.0,0.0,0.3884,1.0,121.0,1.0,1.0
5a75f7db5542994ccc918670,ace_mmr_128,ace,mmr,1.0,1.0,1.0,1.0,0.4,0.5,100.0,1.0,1.0
5ab8f4ee5542991b5579f091,ace_mmr_128,ace,mmr,1.0,1.0,0.0,0.0,0.328,0.5,125.0,1.0,1.0
5abc0aba55429959677d6a00,ace_mmr_128,ace,mmr,0.0,0.0,0.0,0.6667,0.28,0.5,125.0,1.0,1.0
5ae12d5355429920d52342eb,ace_mmr_128,ace,mmr,0.0,0.5,0.0,0.0,0.8898,0.5,118.0,0.5,0.0
5a7a276d5542996c55b2dd27,ace_mmr_128,ace,mmr,0.0,0.0,0.0,0.0,0.4706,0.5,119.0,1.0,1.0
5ab5744e554299494045efdf,ace_mmr_128,ace,mmr,0.0,0.0,0.0,0.0,0.2766,0.5,94.0,0.5,0.0
5ab5c6e55542997d4ad1f1db,ace_mmr_128,ace,mmr,0.0,0.4,0.0,0.5,0.2353,0.5,119.0,1.0,1.0
5a74feb75542996c70cfae6d,ace_mmr_128,ace,mmr,1.0,1.0,1.0,1.0,0.6694,0.5,121.0,1.0,1.0
5ab56f7a554299637185c59a,ace_mmr_128,ace,mmr,0.0,0.0,0.0,0.0,0.328,0.5,125.0,0.5,0.0
5abc5603554299700f9d7875,ace_mmr_128,ace,mmr,0.0,0.0,1.0,1.0,0.736,1.0,125.0,1.0,1.0
5a8cacac554299585d9e3716,ace_mmr_128,ace,mmr,1.0,1.0,1.0,1.0,0.3306,0.5,124.0,0.5,0.0
5a8a07725542992d82986e5b,ace_mmr_128,ace,mmr,1.0,1.0,0.0,0.5,0.6522,1.0,115.0,1.0,1.0
5ae2c6bf554299492dc91c6c,ace_mmr_128,ace,mmr,0.0,0.0,0.0,0.0,0.3525,0.5,122.0,1.0,1.0
5a903b7255429933b8a204ae,ace_mmr_128,ace,mmr,0.0,0.5,1.0,1.0,0.5169,1.0,118.0,1.0,1.0
5ab53bee554299637185c526,ace_mmr_128,ace,mmr,0.0,0.0,0.0,0.1429,0.375,0.5,128.0,0.5,0.0
5ab8633c55429919ba4e22d6,ace_mmr_128,ace,mmr,0.0,0.0,0.0,0.3333,0.4057,0.5,106.0,1.0,1.0
5a835a265542992ef85e2281,ace_mmr_128,ace,mmr,0.0,0.5,1.0,1.0,0.8607,1.0,122.0,1.0,1.0
5a74b55455429974ef308c39,ace_mmr_128,ace,mmr,0.0,0.0,0.0,0.0,0.2957,0.5,115.0,0.5,0.0
5ac002705542996f0d89cb05,ace_mmr_128,ace,mmr,0.0,0.0,1.0,1.0,0.3417,0.5,120.0,1.0,1.0
5a883afc5542994846c1ce48,ace_mmr_128,ace,mmr,0.0,0.0,0.0,0.0,0.1858,0.5,113.0,0.5,0.0
5add38355542990dbb2f7dd0,ace_mmr_128,ace,mmr,1.0,1.0,1.0,1.0,0.4921,0.5,126.0,0.5,0.0
5ac43530554299204fd21f0a,ace_mmr_128,ace,mmr,1.0,1.0,1.0,1.0,0.8211,1.0,123.0,1.0,1.0
5a895f6155429946c8d6e914,ace_mmr_128,ace,mmr,0.0,0.5,0.0,0.5,0.1172,0.5,128.0,0.5,0.0
5a79c9c05542994bb94570a5,ace_mmr_128,ace,mmr,0.0,0.0,0.0,0.0,0.0,0.0,113.0,1.0,1.0
5a8389445542996488c2e450,ace_mmr_128,ace,mmr,1.0,1.0,1.0,1.0,0.7881,1.0,118.0,1.0,1.0
5ab236645542993be8fa98c9,ace_mmr_128,ace,mmr,0.0,0.0,0.0,0.0,0.623,0.5,122.0,0.5,0.0
5ac4f7e955429924173fb523,ace_mmr_128,ace,mmr,0.0,0.0,0.0,0.0,0.275,0.5,120.0,0.5,0.0
5ab1c2bf5542997061209558,ace_mmr_128,ace,mmr,1.0,1.0,0.0,0.6667,0.2773,0.5,119.0,1.0,1.0
5ade6fcd55429975fa854ecf,ace_mmr_128,ace,mmr,0.0,0.4,1.0,1.0,0.7642,1.0,123.0,1.0,1.0
5ab2b7c1554299166977406a,ace_mmr_128,ace,mmr,0.0,0.8,0.0,0.6667,0.4261,0.5,115.0,0.5,0.0
5a74b4e555429929fddd84c2,ace_mmr_128,ace,mmr,1.0,1.0,1.0,1.0,0.6532,1.0,124.0,1.0,1.0
5a84b5f05542991dd0999da5,ace_mmr_128,ace,mmr,1.0,1.0,1.0,1.0,0.6406,1.0,128.0,1.0,1.0
5a83ed9b55429933447460b8,ace_mmr_128,ace,mmr,0.0,0.0,1.0,1.0,0.7521,1.0,117.0,1.0,1.0
5ae491155542995ad6573da3,ace_mmr_128,ace,mmr,1.0,1.0,1.0,1.0,0.4453,1.0,128.0,1.0,1.0
5ae00a27554299025d62a3bb,ace_mmr_128,ace,mmr,0.0,0.8571,1.0,1.0,0.3937,0.5,127.0,1.0,1.0
5a822a5e55429926c1cdae43,ace_mmr_128,ace,mmr,0.0,0.5714,0.0,1.0,0.4065,0.5,123.0,1.0,1.0
5ae641f65542992ae0d162a3,ace_mmr_128,ace,mmr,0.0,0.0,1.0,1.0,0.3774,0.5,106.0,0.5,0.0
5a77e96c5542995d8318132d,ace_mmr_128,ace,mmr,1.0,1.0,1.0,1.0,0.0,0.0,101.0,0.5,0.0
5ab9d7e4554299232ef4a21f,ace_mmr_128,ace,mmr,0.0,0.0,1.0,1.0,1.0,1.0,121.0,1.0,1.0
5a902d5155429933b8a2048d,ace_mmr_128,ace,mmr,1.0,1.0,1.0,1.0,0.81,1.0,100.0,1.0,1.0
5a83c9445542992ef85e2360,ace_mmr_128,ace,mmr,1.0,1.0,0.0,0.3333,0.2727,0.5,110.0,1.0,1.0
5ae236b2554299495565da3e,ace_mmr_128,ace,mmr,0.0,0.0,0.0,0.0,0.0,0.0,126.0,0.0,0.0
5ae2c4b8554299495565db31,ace_mmr_128,ace,mmr,0.0,0.0,0.0,0.0,0.0,0.0,122.0,0.5,0.0
5a78f8e555429970f5fffe01,ace_mmr_128,ace,mmr,0.0,0.0,0.0,0.6667,0.1939,0.5,98.0,1.0,1.0
5a8c66db554299585d9e3683,ace_mmr_128,ace,mmr,0.0,0.0,0.0,0.0,0.2105,0.5,114.0,1.0,1.0
5a83108d55429966c78a6b1e,ace_mmr_128,ace,mmr,0.0,0.0,1.0,1.0,0.8182,1.0,99.0,1.0,1.0
5a838fcd5542992ef85e2305,ace_mmr_128,ace,mmr,0.0,0.8,0.0,0.6667,0.368,0.5,125.0,0.5,0.0
5abc030e554299642a094bdc,ace_mmr_128,ace,mmr,0.0,0.5,1.0,1.0,0.6522,0.5,115.0,1.0,1.0
5abbb64455429931dba144b4,ace_mmr_128,ace,mmr,1.0,1.0,1.0,1.0,0.5259,1.0,116.0,1.0,1.0
5ae236445542992decbdcc69,ace_mmr_128,ace,mmr,0.0,0.4,1.0,1.0,0.7983,1.0,119.0,1.0,1.0
5ab844815542992aa3b8c8af,ace_mmr_128,ace,mmr,1.0,1.0,1.0,1.0,0.2339,0.5,124.0,0.5,0.0
5a85b0c85542994c784ddb40,ace_mmr_128,ace,mmr,1.0,1.0,1.0,1.0,0.7107,1.0,121.0,1.0,1.0
5a8752955542994775f607d1,ace_mmr_128,ace,mmr,0.0,0.0,0.0,0.25,0.6667,0.5,111.0,1.0,1.0
5a7f19eb55429934daa2fcdb,ace_mmr_128,ace,mmr,1.0,1.0,1.0,1.0,0.5328,0.5,122.0,0.5,0.0
5a72a9145542994cef4bc3c1,ace_mmr_128,ace,mmr,0.0,0.0,1.0,1.0,0.5161,0.5,124.0,1.0,1.0
5ade1f1c55429939a52fe82d,ace_mmr_128,ace,mmr,1.0,1.0,1.0,1.0,0.6983,1.0,116.0,1.0,1.0
5a89d3e15542992e4fca83d4,ace_mmr_128,ace,mmr,1.0,1.0,1.0,1.0,0.5312,1.0,128.0,1.0,1.0
5ab84dea55429934fafe6d4f,ace_mmr_128,ace,mmr,0.0,0.0,0.0,0.0,0.2756,0.5,127.0,0.5,0.0
5a83438955429966c78a6b61,ace_mmr_128,ace,mmr,0.0,0.0,0.0,0.0,0.2569,0.5,109.0,0.5,0.0
5ae0ec48554299422ee9955a,ace_mmr_128,ace,mmr,0.0,0.0,1.0,1.0,0.3307,0.5,127.0,1.0,1.0
5ab474135542991751b4d77b,ace_mmr_128,ace,mmr,0.0,0.0,0.0,0.5,0.0,0.0,125.0,0.5,0.0
5a8d838955429941ae14dfe5,ace_mmr_128,ace,mmr,0.0,0.0,1.0,1.0,0.5,1.0,114.0,1.0,1.0
5aba926f55429901930fa83e,ace_submod_128,ace,submod,0.0,0.0,1.0,1.0,0.337,0.5,92.0,0.5,0.0
5ae1fced5542997283cd230e,ace_submod_128,ace,submod,1.0,1.0,1.0,1.0,0.45,1.0,120.0,1.0,1.0
5a890b895542995153361278,ace_submod_128,ace,submod,0.0,0.0,0.0,0.25,0.1565,0.5,115.0,1.0,1.0
5a90b2175542990a984936ae,ace_submod_128,ace,submod,0.0,0.0,1.0,1.0,0.3056,1.0,108.0,1.0,1.0
5a881cbb55429938390d3ee7,ace_submod_128,ace,submod,0.0,0.0,0.0,0.0,0.3968,0.5,126.0,0.5,0.0
5a764c0b55429976ec32bd89,ace_submod_128,ace,submod,0.0,0.1053,1.0,1.0,0.6389,1.0,108.0,1.0,1.0
5ac2da27554299657fa2909f,ace_submod_128,ace,submod,0.0,0.0,0.0,0.0,0.4896,0.5,96.0,0.5,0.0
5ac26ac15542992f1f2b38bc,ace_submod_128,ace,submod,0.0,0.0,0.0,0.0,0.2063,0.5,126.0,0.5,0.0
5a8a521d5542992d82986f15,ace_submod_128,ace,submod,0.0,0.0,0.0,1.0,0.2017,0.5,119.0,1.0,1.0
5ae650fb55429929b0807b2e,ace_submod_128,ace,submod,1.0,1.0,1.0,1.0,0.625,1.0,112.0,1.0,1.0
5a8bc1b85542997f31a41db8,ace_submod_128,ace,submod,1.0,1.0,1.0,1.0,0.1597,0.5,119.0,1.0,1.0
5ab209ec554299722f9b4ca2,ace_submod_128,ace,submod,0.0,0.0,0.0,0.5714,0.4667,0.5,120.0,0.5,0.0
5a8bb90f5542996e8ac88a02,ace_submod_128,ace,submod,0.0,0.0,1.0,1.0,0.6735,1.0,98.0,1.0,1.0
5ac31b0a554299741d48a1f0,ace_submod_128,ace,submod,0.0,0.0,0.0,0.5,0.3902,0.5,123.0,0.5,0.0
5adf3e355542993a75d26440,ace_submod_128,ace,submod,0.0,0.0,1.0,1.0,0.4752,0.5,101.0,1.0,1.0
5abd245555429924427fcf0f,ace_submod_128,ace,submod,1.0,1.0,1.0,1.0,0.4175,0.5,103.0,0.5,0.0
5a84b5975542991dd0999da3,ace_submod_128,ace,submod,0.0,0.8571,1.0,1.0,0.8661,1.0,127.0,1.0,1.0
5a8ba3ff55429971feec4744,ace_submod_128,ace,submod,0.0,0.0,0.0,0.8,0.6979,0.5,96.0,1.0,1.0
5a8303c255429954d2e2ec01,ace_submod_128,ace,submod,0.0,0.6667,0.0,0.6667,0.6341,0.5,123.0,1.0,1.0
5a7b374c5542995eb53be8cc,ace_submod_128,ace,submod,0.0,0.75,1.0,1.0,0.6303,1.0,119.0,1.0,1.0
5a7b63eb55429931da12ca7e,ace_submod_128,ace,submod,0.0,0.0,0.0,0.0,0.7262,0.5,84.0,1.0,1.0
5a90492655429933b8a204d8,ace_submod_128,ace,submod,1.0,1.0,1.0,1.0,0.6349,1.0,126.0,1.0,1.0
5a8a502b5542996c9b8d5ea6,ace_submod_128,ace,submod,0.0,0.4,0.0,0.25,0.4754,1.0,122.0,1.0,1.0
5ae5a4e5554299546bf82f01,ace_submod_128,ace,submod,0.0,0.75,1.0,1.0,0.3171,0.5,123.0,1.0,1.0
5a78e3b955429974737f78f1,ace_submod_128,ace,submod,1.0,1.0,1.0,1.0,0.4397,1.0,116.0,1.0,1.0
5a85cd295542997175ce202b,ace_submod_128,ace,submod,0.0,0.0,0.0,0.0,0.4563,0.5,103.0,0.5,0.0
5add6cf45542992ae4cec55f,ace_submod_128,ace,submod,0.0,0.0,1.0,1.0,0.789,0.5,109.0,0.5,0.0
5a86fde6554299211dda2b7f,ace_submod_128,ace,submod,0.0,0.0,0.0,0.0,0.1953,0.5,128.0,0.5,0.0
5a8198565542995ce29dcc13,ace_submod_128,ace,submod,0.0,0.0,1.0,1.0,0.4554,0.5,112.0,1.0,1.0
5a79332555429907847277e7,ace_submod_128,ace,submod,1.0,1.0,1.0,1.0,0.5,1.0,110.0,1.0,1.0
5ac31602554299741d48a1bf,ace_submod_128,ace,submod,0.0,0.0,0.0,0.0,0.3619,0.5,105.0,0.5,0.0
5ae4a2e25542996836b02cee,ace_submod_128,ace,submod,1.0,1.0,1.0,1.0,0.3565,1.0,115.0,1.0,1.0
5a8192045542995ce29dcc04,ace_submod_128,ace,submod,1.0,1.0,1.0,1.0,0.8364,1.0,110.0,1.0,1.0
5a817d8c55429903bc27b974,ace_submod_128,ace,submod,0.0,0.0,1.0,1.0,0.5484,1.0,124.0,1.0,1.0
5adf0ae45542992d7e9f9286,ace_submod_128,ace,submod,0.0,0.0,0.0,0.0,0.275,0.5,120.0,0.5,0.0
5a7309a15542992359bc320c,ace_submod_128,ace,submod,1.0,1.0,1.0,1.0,0.7143,1.0,112.0,1.0,1.0
5ac54f8d5542993e66e822f5,ace_submod_128,ace,submod,0.0,0.0,1.0,1.0,0.1858,0.5,113.0,1.0,1.0
5ae5cf625542996de7b71a22,ace_submod_128,ace,submod,1.0,1.0,1.0,1.0,0.5492,0.5,122.0,1.0,1.0
5ae1d5a3554299234fd04319,ace_submod_128,ace,submod,1.0,1.0,1.0,1.0,0.2667,0.5,120.0,1.0,1.0
5ab6390f5542995eadeeff7a,ace_submod_128,ace,submod,0.0,0.0,0.0,0.0,0.5588,0.5,102.0,1.0,1.0
5a7344e95542991f9a20c6ce,ace_submod_128,ace,submod,0.0,0.0,0.0,0.0,0.0,0.0,111.0,0.5,0.0
5ac2ed41554299218029db96,ace_submod_128,ace,submod,1.0,1.0,0.0,0.0,0.439,0.5,123.0,1.0,1.0
5ae0536755429924de1b70a6,ace_submod_128,ace,submod,0.0,0.0,0.0,0.0,0.608,1.0,125.0,1.0,1.0
5aba7cb455429901930fa7eb,ace_submod_128,ace,submod,0.0,0.0,0.0,0.2,0.3171,0.5,123.0,1.0,1.0
5ac083b0554299294b21900d,ace_submod_128,ace,submod,0.0,0.0,1.0,1.0,0.3545,1.0,110.0,1.0,1.0
5a7d1bf65542995ed0d165f0,ace_submod_128,ace,submod,1.0,1.0,1.0,1.0,0.4274,1.0,124.0,1.0,1.0
5a81a2705542990a1d231e30,ace_submod_128,ace,submod,0.0,0.0,1.0,1.0,0.681,1.0,116.0,1.0,1.0
5a82626655429966c78a6a08,ace_submod_128,ace,submod,0.0,0.6667,0.0,0.5,0.7016,1.0,124.0,1.0,1.0
5a88a23f5542997e5c09a652,ace_submod_128,ace,submod,0.0,0.0,1.0,1.0,0.4955,1.0,111.0,1.0,1.0
5ae518ae5542993aec5ec13c,ace_submod_128,ace,submod,0.0,0.0,0.0,0.0,0.7263,1.0,95.0,1.0,1.0
5a8d227a554299585d9e37b1,ace_submod_128,ace,submod,0.0,0.0,0.0,0.0,0.0,0.0,121.0,0.0,0.0
5ae5dae2554299546bf82fa4,ace_submod_128,ace,submod,1.0,1.0,1.0,1.0,0.656,1.0,125.0,1.0,1.0
5ac0e0c75542997d64295a6e,ace_submod_128,ace,submod,0.0,0.0,0.0,0.0,0.5238,1.0,126.0,1.0,1.0
5a8268aa55429940e5e1a8aa,ace_submod_128,ace,submod,0.0,0.0,0.0,0.0,0.24,0.5,100.0,1.0,1.0
5a79c1095542996c55b2dc62,ace_submod_128,ace,submod,0.0,0.0,0.0,0.5,0.1441,0.5,118.0,1.0,1.0
5ae18d615542997283cd2229,ace_submod_128,ace,submod,1.0,1.0,1.0,1.0,0.7154,1.0,123.0,1.0,1.0
5ae0156455429942ec259c15,ace_submod_128,ace,submod,1.0,1.0,1.0,1.0,1.0,1.0,124.0,1.0,1.0
5a876f785542993e715abf42,ace_submod_128,ace,submod,0.0,0.0,1.0,1.0,0.7374,1.0,99.0,1.0,1.0
5ae25d2b554299495565da46,ace_submod_128,ace,submod,0.0,0.0,0.0,0.0,0.4359,1.0,117.0,1.0,1.0
5a9068f85542990a98493623,ace_submod_128,ace,submod,0.0,0.0,0.0,0.0,0.0,0.0,105.0,0.5,0.0
5a772c395542993735360207,ace_submod_128,ace,submod,0.0,0.0,0.0,0.3333,0.0,0.0,120.0,0.0,0.0
5a80522b5542996402f6a4c1,ace_submod_128,ace,submod,0.0,0.0,0.0,0.0,0.5625,1.0,128.0,1.0,1.0
5add60905542995b365fab1d,ace_submod_128,ace,submod,0.0,0.0,1.0,1.0,0.5798,1.0,119.0,1.0,1.0
5a75092b55429916b0164242,ace_submod_128,ace,submod,1.0,1.0,1.0,1.0,0.2703,0.5,111.0,0.5,0.0
5adf8ade5542993344016ce8,ace_submod_128,ace,submod,0.0,0.0,1.0,1.0,0.3613,0.5,119.0,1.0,1.0
5ae25e835542992decbdccd1,ace_submod_128,ace,submod,0.0,0.0,0.0,0.0,0.1624,0.5,117.0,0.5,0.0
5a8013e45542995d8a8ddf41,ace_submod_128,ace,submod,1.0,1.0,1.0,1.0,0.5273,1.0,110.0,1.0,1.0
5a871a5e5542996432c5721e,ace_submod_128,ace,submod,0.0,0.0,0.0,0.0,0.431,0.5,116.0,1.0,1.0
5ae0c9dd5542993d6555ec69,ace_submod_128,ace,submod,0.0,0.0,0.0,0.0,0.4113,0.5,124.0,1.0,1.0
5abd8c295542992ac4f382ab,ace_submod_128,ace,submod,1.0,1.0,1.0,1.0,0.4872,1.0,117.0,1.0,1.0
5a8b8b3a5542995d1e6f13e5,ace_submod_128,ace,submod,0.0,0.0,0.0,0.0,0.312,0.5,125.0,0.5,0.0
5ae6363b55429929b0807af0,ace_submod_128,ace,submod,0.0,0.0,0.0,0.0,0.3368,0.5,95.0,0.5,0.0
5ac0b8395542996f0d89cc21,ace_submod_128,ace,submod,1.0,1.0,1.0,1.0,0.7364,0.5,110.0,0.5,0.0
5adf3e835542993a75d26442,ace_submod_128,ace,submod,0.0,0.0,1.0,1.0,0.5079,1.0,126.0,1.0,1.0
5a731a635542994cef4bc458,ace_submod_128,ace,submod,1.0,1.0,1.0,1.0,0.4685,0.5,111.0,0.5,0.0
5adcc90c5542990d50227d1b,ace_submod_128,ace,submod,1.0,1.0,1.0,1.0,0.3571,0.5,112.0,0.5,0.0
5ae402085542995dadf242ca,ace_submod_128,ace,submod,0.0,0.0,1.0,1.0,0.5877,1.0,114.0,1.0,1.0
5a81d19b55429926c1cdad90,ace_submod_128,ace,submod,1.0,1.0,1.0,1.0,0.6167,1.0,120.0,1.0,1.0
5a77174f55429966f1a36c4c,ace_submod_128,ace,submod,0.0,0.0,0.0,0.0,0.0,0.0,106.0,0.5,0.0
5a79395455429970f5fffe7d,ace_submod_128,ace,submod,0.0,0.0,1.0,1.0,0.5421,1.0,107.0,1.0,1.0
5a886886554299206df2b258,ace_submod_128,ace,submod,0.0,0.0,1.0,1.0,0.3984,0.5,123.0,1.0,1.0
5adfb10855429942ec259af9,ace_submod_128,ace,submod,1.0,1.0,1.0,1.0,0.4792,1.0,96.0,1.0,1.0
5ae0d7315542990adbacf678,ace_submod_128,ace,submod,1.0,1.0,1.0,1.0,0.6869,1.0,99.0,1.0,1.0
5a790f5e55429970f5fffe40,ace_submod_128,ace,submod,1.0,1.0,1.0,1.0,0.8182,1.0,121.0,1.0,1.0
5ae1b2b9554299422ee99684,ace_submod_128,ace,submod,0.0,0.0,0.0,0.0,0.296,0.5,125.0,0.5,0.0
5a792ad055429907847277d1,ace_submod_128,ace,submod,0.0,0.0,0.0,0.0,0.0,0.0,128.0,1.0,1.0
5a8ce851554299441c6b9f6c,ace_submod_128,ace,submod,0.0,0.0,0.0,0.0,0.0,0.0,94.0,0.5,0.0
5add67915542992200553af8,ace_submod_128,ace,submod,0.0,0.0,0.0,0.2,0.0,0.0,120.0,1.0,1.0
5ab90fdd55429916710eb0fc,ace_submod_128,ace,submod,0.0,0.0,0.0,0.0,0.1111,0.5,117.0,1.0,1.0
5ae55b8255429908b63265ef,ace_submod_128,ace,submod,0.0,0.8,0.0,0.6667,0.2833,0.5,120.0,1.0,1.0
5ac213805542992f1f2b37e7,ace_submod_128,ace,submod,0.0,0.6667,1.0,1.0,0.6562,1.0,128.0,1.0,1.0
5adce88b5542992c1e3a249a,ace_submod_128,ace,submod,0.0,0.0,0.0,0.0,0.3909,0.5,110.0,0.5,0.0
5ac403c45542997ea680c9b5,ace_submod_128,ace,submod,0.0,0.0,0.0,0.5,0.3119,0.5,109.0,0.5,0.0
5adcd2435542992c1e3a241b,ace_submod_128,ace,submod,0.0,0.0,0.0,0.0,0.2034,0.5,118.0,1.0,1.0
5a8078d85542995d8a8ddf78,ace_submod_128,ace,submod,1.0,1.0,1.0,1.0,0.6239,1.0,109.0,1.0,1.0
5a85dfcc5542994775f60673,ace_submod_128,ace,submod,0.0,0.6667,0.0,0.5,0.608,1.0,125.0,1.0,1.0
5abd1b6e55429933744ab729,ace_submod_128,ace,submod,1.0,1.0,1.0,1.0,0.6415,1.0,106.0,1.0,1.0
5ae33a3b5542992f92d8224a,ace_submod_128,ace,submod,0.0,0.0,0.0,0.0,0.3968,0.5,126.0,1.0,1.0
5a899bf955429946c8d6e959,ace_submod_128,ace,submod,0.0,0.0,0.0,0.0,0.2193,0.5,114.0,0.5,0.0
5a78bd515542990784727749,ace_submod_128,ace,submod,1.0,1.0,0.0,0.5,0.3486,0.5,109.0,0.5,0.0
5a8f155e554299458435d54c,ace_submod_128,ace,submod,0.0,0.0,0.0,0.2,0.6731,0.5,104.0,1.0,1.0
5a7bd25a554299294a54ab13,ace_submod_128,ace,submod,0.0,0.0,1.0,1.0,0.4531,1.0,128.0,1.0,1.0
5ac458f8554299204fd21f2a,ace_submod_128,ace,submod,0.0,0.0,1.0,1.0,0.7611,1.0,113.0,1.0,1.0
5a801f215542992bc0c4a6b2,ace_submod_128,ace,submod,0.0,0.0,0.0,0.6667,0.5794,1.0,126.0,1.0,1.0
5a8b91d25542995d1e6f13fc,ace_submod_128,ace,submod,0.0,0.8,1.0,1.0,0.4262,1.0,122.0,1.0,1.0
5a863ff0554299211dda2ac6,ace_submod_128,ace,submod,1.0,1.0,0.0,0.0,0.5752,1.0,113.0,1.0,1.0
5a80abec5542996402f6a5e1,ace_submod_128,ace,submod,1.0,1.0,1.0,1.0,0.7417,1.0,120.0,1.0,1.0
5a734acf5542991f9a20c6ec,ace_submod_128,ace,submod,0.0,0.0,1.0,1.0,0.5906,1.0,127.0,1.0,1.0
5a7647b85542992d0ec0608a,ace_submod_128,ace,submod,1.0,1.0,1.0,1.0,0.7087,1.0,127.0,1.0,1.0
5abc8d00554299700f9d78fd,ace_submod_128,ace,submod,0.0,0.0,0.0,0.0,0.5,1.0,102.0,1.0,1.0
5a8089dc5542992bc0c4a765,ace_submod_128,ace,submod,0.0,0.0,0.0,0.6667,0.4949,0.5,99.0,1.0,1.0
5a8ab6be5542992d82986f5f,ace_submod_128,ace,submod,0.0,0.0,0.0,0.0,0.312,0.5,125.0,0.5,0.0
5a72429355429971e9dc9375,ace_submod_128,ace,submod,1.0,1.0,1.0,1.0,0.1724,0.5,87.0,1.0,1.0
5ac4f2e755429924173fb503,ace_submod_128,ace,submod,1.0,1.0,1.0,1.0,0.5691,1.0,123.0,1.0,1.0
5ab6ecd85542991d322236cf,ace_submod_128,ace,submod,0.0,0.5,1.0,1.0,0.633,1.0,109.0,1.0,1.0
5adf85e05542993344016cba,ace_submod_128,ace,submod,0.0,0.0,1.0,1.0,0.2252,0.5,111.0,1.0,1.0
5a7455eb55429979e2882908,ace_submod_128,ace,submod,0.0,0.8571,1.0,1.0,0.2143,0.5,126.0,1.0,1.0
5ac385f8554299741d48a279,ace_submod_128,ace,submod,1.0,1.0,1.0,1.0,0.6179,0.5,123.0,1.0,1.0
5ac0a18a5542992a796ded41,ace_submod_128,ace,submod,0.0,0.0,0.0,0.0,0.3942,0.5,104.0,0.5,0.0
5ae3606b5542991a06ce99a8,ace_submod_128,ace,submod,0.0,0.0,1.0,1.0,0.6273,0.5,110.0,1.0,1.0
5a71231a5542994082a3e5c4,ace_submod_128,ace,submod,1.0,1.0,1.0,1.0,0.1053,0.5,114.0,0.5,0.0
5a7d19d85542995ed0d165e8,ace_submod_128,ace,submod,0.0,0.0,0.0,0.5,0.3802,0.5,121.0,0.5,0.0
5ae791245542997b22f6a7a3,ace_submod_128,ace,submod,1.0,1.0,1.0,1.0,0.7778,1.0,126.0,1.0,1.0
5a7d2afb554299452d57bb41,ace_submod_128,ace,submod,1.0,1.0,1.0,1.0,0.7719,1.0,114.0,1.0,1.0
5abcfa6f5542993a06baf9c7,ace_submod_128,ace,submod,1.0,1.0,1.0,1.0,0.5984,1.0,122.0,1.0,1.0
5a7c00a55542996dd594b87e,ace_submod_128,ace,submod,0.0,0.0,0.0,0.0,0.3918,0.5,97.0,0.5,0.0
5ae64ba755429929b0807b25,ace_submod_128,ace,submod,0.0,0.75,1.0,1.0,0.5656,0.5,122.0,1.0,1.0
5adfc11e55429942ec259b3a,ace_submod_128,ace,submod,0.0,0.0,1.0,1.0,0.1351,0.5,111.0,1.0,1.0
5ab596d95542992aa134a371,ace_submod_128,ace,submod,0.0,0.0,1.0,1.0,0.2975,0.5,121.0,1.0,1.0
5ae206c45542994d89d5b311,ace_submod_128,ace,submod,0.0,0.0,1.0,1.0,0.3426,0.5,108.0,1.0,1.0
5ae544d75542990ba0bbb249,ace_submod_128,ace,submod,1.0,1.0,1.0,1.0,0.5763,1.0,118.0,1.0,1.0
5abbb116554299642a094b1d,ace_submod_128,ace,submod,1.0,1.0,1.0,1.0,0.3109,0.5,119.0,1.0,1.0
5a7759fc5542993569682d60,ace_submod_128,ace,submod,0.0,0.0,1.0,1.0,0.1429,0.5,126.0,1.0,1.0
5a7b89a3554299294a54a9e3,ace_submod_128,ace,submod,0.0,0.4,0.0,0.6667,0.2283,0.5,127.0,0.5,0.0
5a8a09ff5542992d82986e6b,ace_submod_128,ace,submod,0.0,0.0,0.0,0.0,0.0,0.0,128.0,0.5,0.0
5ade747555429939a52fe8c5,ace_submod_128,ace,submod,0.0,0.8333,1.0,1.0,0.7368,1.0,95.0,1.0,1.0
5ab808b85542991d3222380d,ace_submod_128,ace,submod,0.0,0.4,0.0,0.1667,0.3492,0.5,126.0,0.5,0.0
5ae5be475542990ba0bbb2c6,ace_submod_128,ace,submod,1.0,1.0,1.0,1.0,0.2241,0.5,116.0,1.0,1.0
5a88ba465542993e715ac089,ace_submod_128,ace,submod,0.0,0.0,0.0,0.0,0.6634,1.0,101.0,1.0,1.0
5ab2c6d955429916697740c3,ace_submod_128,ace,submod,0.0,0.0,0.0,0.0,0.0,0.0,125.0,1.0,1.0
5a7c762d55429935c91b51c7,ace_submod_128,ace,submod,0.0,0.0,0.0,0.5,0.3084,0.5,107.0,0.5,0.0
5ac325495542995ef918c12e,ace_submod_128,ace,submod,0.0,0.6667,1.0,1.0,0.4915,0.5,118.0,0.5,0.0
5a8a833855429970aeb702fe,ace_submod_128,ace,submod,0.0,0.0,0.0,0.0,0.3913,0.5,115.0,1.0,1.0
5a8c7057554299653c1aa066,ace_submod_128,ace,submod,0.0,0.6667,1.0,1.0,0.616,0.5,125.0,1.0,1.0
5ae733dc5542991e8301cbd1,ace_submod_128,ace,submod,0.0,0.6667,0.0,0.5,0.3918,0.5,97.0,1.0,1.0
5a86ec9f55429960ec39b6d7,ace_submod_128,ace,submod,1.0,1.0,1.0,1.0,0.4957,1.0,115.0,1.0,1.0
5ac3a0b25542993915413838,ace_submod_128,ace,submod,1.0,1.0,1.0,1.0,0.189,0.5,127.0,0.5,0.0
5adfd30c55429906c02daa53,ace_submod_128,ace,submod,0.0,0.5,1.0,1.0,0.6094,1.0,128.0,1.0,1.0
5a88f7bf5542997e5c09a6dd,ace_submod_128,ace,submod,0.0,0.0,1.0,1.0,0.2828,0.5,99.0,0.5,0.0
5adfa22655429942ec259ac4,ace_submod_128,ace,submod,1.0,1.0,1.0,1.0,0.28,0.5,125.0,1.0,1.0
5ac31a73554299741d48a1e9,ace_submod_128,ace,submod,1.0,1.0,1.0,1.0,0.7027,1.0,111.0,1.0,1.0
5a72634d5542997f82783994,ace_submod_128,ace,submod,0.0,0.0,0.0,0.0,0.189,0.5,127.0,1.0,1.0
5a85ea095542994775f606a8,ace_submod_128,ace,submod,1.0,1.0,1.0,1.0,0.7615,0.5,109.0,0.5,0.0
5a81e8ea5542995ce29dcc73,ace_submod_128,ace,submod,1.0,1.0,1.0,1.0,0.4884,0.5,86.0,1.0,1.0
5ab2082f554299722f9b4c9f,ace_submod_128,ace,submod,0.0,0.0,0.0,0.6667,0.5508,0.5,118.0,1.0,1.0
5a7eb22655429930675135cb,ace_submod_128,ace,submod,0.0,0.0,1.0,1.0,0.5317,0.5,126.0,0.5,0.0
5a79cabc5542994f819ef0a1,ace_submod_128,ace,submod,1.0,1.0,1.0,1.0,0.624,1.0,125.0,1.0,1.0
5add6f975542992200553b18,ace_submod_128,ace,submod,0.0,0.0,0.0,0.0,0.4531,0.5,128.0,0.5,0.0
5a74879255429974ef308c1d,ace_submod_128,ace,submod,1.0,1.0,1.0,1.0,0.7411,1.0,112.0,1.0,1.0
5a8ccea555429941ae14deeb,ace_submod_128,ace,submod,0.0,0.0,1.0,1.0,0.3519,0.5,108.0,0.5,0.0
5a8b56d655429949d91db557,ace_submod_128,ace,submod,1.0,1.0,1.0,1.0,1.0,1.0,124.0,1.0,1.0
5adc2b6255429947ff173901,ace_submod_128,ace,submod,0.0,0.0,0.0,0.0,0.384,0.5,125.0,0.5,0.0
5ac440385542997ea680ca4e,ace_submod_128,ace,submod,1.0,1.0,1.0,1.0,0.3889,1.0,126.0,1.0,1.0
5a846da0554299334474611e,ace_submod_128,ace,submod,1.0,1.0,1.0,1.0,0.5463,1.0,108.0,1.0,1.0
5a7354d55542994cef4bc55a,ace_submod_128,ace,submod,1.0,1.0,1.0,1.0,0.7541,1.0,122.0,1.0,1.0
5ac3a76e554299741d48a2be,ace_submod_128,ace,submod,1.0,1.0,1.0,1.0,0.8031,1.0,127.0,1.0,1.0
5a8740ee5542994846c1cd35,ace_submod_128,ace,submod,0.0,0.0,1.0,1.0,0.3071,1.0,127.0,1.0,1.0
5a7c96765542990527d554d8,ace_submod_128,ace,submod,0.0,0.0,1.0,1.0,0.379,1.0,124.0,1.0,1.0
5aba85335542994dbf01992d,ace_submod_128,ace,submod,0.0,0.0,0.0,0.0,0.4016,0.5,127.0,1.0,1.0
5a849c1b5542997175ce1ef9,ace_submod_128,ace,submod,0.0,0.6667,1.0,1.0,0.4182,1.0,110.0,1.0,1.0
5ab9b7d555429970cfb8eb7a,ace_submod_128,ace,submod,1.0,1.0,1.0,1.0,0.6577,1.0,111.0,1.0,1.0
5ac3e22d5542997ea680c976,ace_submod_128,ace,submod,0.0,0.0,1.0,1.0,0.2845,0.5,116.0,0.5,0.0
5aba768c55429901930fa7e0,ace_submod_128,ace,submod,0.0,0.0,1.0,1.0,0.6869,0.5,99.0,1.0,1.0
5addb1515542995b365fab60,ace_submod_128,ace,submod,1.0,1.0,1.0,1.0,0.45,0.5,120.0,1.0,1.0
5abe689a55429976d4830b16,ace_submod_128,ace,submod,1.0,1.0,1.0,1.0,0.525,1.0,120.0,1.0,1.0
5aded1595542995ec70e8f29,ace_submod_128,ace,submod,0.0,0.0,0.0,0.0,0.7087,1.0,103.0,1.0,1.0
5ab89cc25542991b5579efc3,ace_submod_128,ace,submod,0.0,0.0,0.0,0.5,0.4762,0.5,105.0,0.5,0.0
5abe84a95542991f6610619b,ace_submod_128,ace,submod,0.0,0.6667,1.0,1.0,0.7266,1.0,128.0,1.0,1.0
5add10ca5542994ed6169c59,ace_submod_128,ace,submod,0.0,0.0,0.0,0.0,0.6429,1.0,126.0,1.0,1.0
5a8849ac5542996e4f308932,ace_submod_128,ace,submod,0.0,0.6667,1.0,1.0,0.58,0.5,100.0,0.5,0.0
5ae0335655429925eb1afc28,ace_submod_128,ace,submod,0.0,0.0,1.0,1.0,0.4414,1.0,111.0,1.0,1.0
5a7f6fd75542992e7d278cfa,ace_submod_128,ace,submod,1.0,1.0,1.0,1.0,0.8095,1.0,105.0,1.0,1.0
5ade8bd955429975fa854f04,ace_submod_128,ace,submod,1.0,1.0,1.0,1.0,1.0,1.0,106.0,1.0,1.0
5a7fb6625542994857a767cc,ace_submod_128,ace,submod,0.0,0.2857,0.0,0.2,0.405,0.5,121.0,1.0,1.0
5a7912f655429974737f796c,ace_submod_128,ace,submod,0.0,0.0,0.0,0.0,0.2222,0.5,108.0,0.5,0.0
5ab868e755429919ba4e22e3,ace_submod_128,ace,submod,0.0,0.8571,0.0,1.0,0.2376,0.5,101.0,1.0,1.0
5ae1af14554299234fd042c4,ace_submod_128,ace,submod,0.0,0.0,0.0,0.0,0.1157,0.5,121.0,1.0,1.0
5ab3c53955429969a97a81b9,ace_submod_128,ace,submod,1.0,1.0,1.0,1.0,0.3248,0.5,117.0,0.5,0.0
5abe03635542991f661060a5,ace_submod_128,ace,submod,0.0,0.0,0.0,0.0,0.0,0.0,127.0,0.5,0.0
5adc396155429944faac2479,ace_submod_128,ace,submod,1.0,1.0,0.0,0.0,0.392,1.0,125.0,1.0,1.0
5ac42f42554299076e296d88,ace_submod_128,ace,submod,0.0,0.0,0.0,0.0,0.2362,0.5,127.0,1.0,1.0
5aba5c625542994dbf0198f2,ace_submod_128,ace,submod,0.0,0.0,0.0,0.0,0.6,0.5,125.0,1.0,1.0
5a8ee7c95542990e94052bb1,ace_submod_128,ace,submod,0.0,0.0,0.0,0.0,0.287,0.5,108.0,0.5,0.0
5a7b3a2455429927d897bf5c,ace_submod_128,ace,submod,1.0,1.0,1.0,1.0,0.252,0.5,127.0,0.5,0.0
5a7f7c285542994857a76746,ace_submod_128,ace,submod,0.0,0.0,0.0,0.0,0.3645,0.5,107.0,1.0,1.0
5ae2ce505542996483e64a72,ace_submod_128,ace,submod,0.0,0.0,0.0,0.0,0.0,0.0,123.0,0.0,0.0
5ab8b02d5542991b5579efdb,ace_submod_128,ace,submod,0.0,0.0,0.0,0.0,0.6417,1.0,120.0,1.0,1.0
5ac50bca55429924173fb57f,ace_submod_128,ace,submod,0.0,0.0,0.0,0.5,0.2992,0.5,127.0,0.5,0.0
5a78fe8155429970f5fffe11,ace_submod_128,ace,submod,1.0,1.0,1.0,1.0,0.5043,1.0,117.0,1.0,1.0
5ab2383155429970612095c1,ace_submod_128,ace,submod,1.0,1.0,0.0,0.0,0.4833,1.0,120.0,1.0,1.0
5abd7d0c55429924427fd010,ace_submod_128,ace,submod,1.0,1.0,1.0,1.0,0.6897,1.0,116.0,1.0,1.0
5ac1a04e5542991316484b63,ace_submod_128,ace,submod,1.0,1.0,0.0,0.0,0.5146,1.0,103.0,1.0,1.0
5a75e06155429976ec32bc60,ace_submod_128,ace,submod,0.0,0.0,0.0,0.0,0.2812,0.5,128.0,0.5,0.0
5ae564a155429960a22e02e4,ace_submod_128,ace,submod,0.0,0.4,1.0,1.0,0.6583,1.0,120.0,1.0,1.0
5a7d2afd5542995f4f402221,ace_submod_128,ace,submod,1.0,1.0,1.0,1.0,0.4857,1.0,105.0,1.0,1.0
5ac258cc554299636651998e,ace_submod_128,ace,submod,0.0,0.0,1.0,1.0,0.5714,0.5,126.0,0.5,0.0
5a8a573355429970aeb7029a,ace_submod_128,ace,submod,0.0,0.0,0.0,0.4,0.6538,1.0,78.0,1.0,1.0
5a8f799d55429918e830d22d,ace_submod_128,ace,submod,0.0,0.0,1.0,1.0,0.4754,0.5,122.0,1.0,1.0
5ac4f04e5542995c82c4ad81,ace_submod_128,ace,submod,1.0,1.0,1.0,1.0,0.7857,0.5,126.0,1.0,1.0
5ac00278554299012d1db56b,ace_submod_128,ace,submod,0.0,0.0,1.0,1.0,0.1111,0.5,117.0,0.5,0.0
5a78bc6b554299148911f979,ace_submod_128,ace,submod,0.0,0.0,1.0,1.0,0.5,1.0,126.0,1.0,1.0
5a8d6d4e554299441c6b9fdb,ace_submod_128,ace,submod,1.0,1.0,1.0,1.0,0.7273,1.0,110.0,1.0,1.0
5add23d05542994734353871,ace_submod_128,ace,submod,0.0,0.0,1.0,1.0,0.8148,1.0,108.0,1.0,1.0
5a7ca33f5542990527d554ee,ace_submod_128,ace,submod,1.0,1.0,0.0,0.5,0.5897,0.5,117.0,1.0,1.0
5ae5c8cf554299546bf82f5f,ace_submod_128,ace,submod,1.0,1.0,1.0,1.0,0.4486,1.0,107.0,1.0,1.0
5a81df4b55429903bc27b9f8,ace_submod_128,ace,submod,0.0,0.5,1.0,1.0,0.3793,1.0,116.0,1.0,1.0
5ab4341c55429942dd415ede,ace_submod_128,ace,submod,0.0,0.6667,0.0,0.5,1.0,0.5,121.0,1.0,1.0
5a7fa0d55542995d8a8dded3,ace_submod_128,ace,submod,0.0,0.0,1.0,1.0,0.2656,0.5,128.0,1.0,1.0
5ab7f22a5542991d322237d4,ace_submod_128,ace,submod,0.0,0.0,0.0,0.1429,0.0,0.0,115.0,0.0,0.0
5a84c5545542991dd0999dee,ace_submod_128,ace,submod,0.0,0.0,0.0,0.0,0.314,0.5,121.0,0.5,0.0
5aba454855429901930fa794,ace_submod_128,ace,submod,0.0,0.6667,1.0,1.0,0.4355,0.5,124.0,1.0,1.0
5a85d4ad5542997175ce2050,ace_submod_128,ace,submod,1.0,1.0,1.0,1.0,0.4434,0.5,106.0,1.0,1.0
5a74d92555429929fddd84fa,ace_submod_128,ace,submod,1.0,1.0,1.0,1.0,0.5607,0.5,107.0,1.0,1.0
5ae64b1d55429929b0807b24,ace_submod_128,ace,submod,0.0,0.0,0.0,0.3333,0.4783,0.5,115.0,1.0,1.0
5ab9dd4c554299232ef4a22f,ace_submod_128,ace,submod,0.0,0.8,0.0,0.6667,0.4091,0.5,110.0,1.0,1.0
5ab7bf3f5542991d322237a8,ace_submod_128,ace,submod,1.0,1.0,1.0,1.0,0.184,0.5,125.0,1.0,1.0
5a721dfd55429971e9dc928b,ace_submod_128,ace,submod,0.0,0.4,0.0,0.5,0.3115,0.5,122.0,1.0,1.0
5a87bd4e5542996432c57279,ace_submod_128,ace,submod,0.0,0.0,0.0,0.5,0.7,1.0,120.0,1.0,1.0
5a87081755429960ec39b6fe,ace_submod_128,ace,submod,0.0,0.0,0.0,0.0,0.5164,0.5,122.0,1.0,1.0
5ae0e0125542993d6555ec79,ace_submod_128,ace,submod,1.0,1.0,1.0,1.0,0.4793,1.0,121.0,1.0,1.0
5ae409d955429970de88d89d,ace_submod_128,ace,submod,0.0,0.0,0.0,0.0,0.381,0.5,126.0,1.0,1.0
5ac270025542990b17b15390,ace_submod_128,ace,submod,0.0,0.6667,1.0,1.0,1.0,1.0,119.0,1.0,1.0
5adc459255429944faac24ad,ace_submod_128,ace,submod,0.0,0.0,0.0,0.0,0.7458,1.0,118.0,1.0,1.0
5ade1c9e55429939a52fe822,ace_submod_128,ace,submod,0.0,0.0,0.0,0.0,0.5745,0.5,94.0,1.0,1.0
5ac270e05542992f1f2b38c9,ace_submod_128,ace,submod,0.0,0.0,0.0,0.5,0.5619,1.0,105.0,1.0,1.0
5a7363465542991f29ee2dd5,ace_submod_128,ace,submod,1.0,1.0,1.0,1.0,0.2458,1.0,118.0,1.0,1.0
5add43335542995b365faae1,ace_submod_128,ace,submod,0.0,0.4,0.0,0.6667,0.5,1.0,120.0,1.0,1.0
5ae67dba55429908198fa5f0,ace_submod_128,ace,submod,0.0,0.0,0.0,0.0,0.243,0.5,107.0,0.5,0.0
5a8a6b625542996c9b8d5ed9,ace_submod_128,ace,submod,0.0,0.0,0.0,0.0,0.25,0.5,116.0,1.0,1.0
5ade86b255429939a52fe8e0,ace_submod_128,ace,submod,0.0,0.5,0.0,0.5,0.3516,0.5,128.0,1.0,1.0
5ac007cc5542996f0d89cb0b,ace_submod_128,ace,submod,0.0,0.0,1.0,1.0,0.7563,1.0,119.0,1.0,1.0
5adea9ea55429939a52fe934,ace_submod_128,ace,submod,0.0,0.0,0.0,0.0,0.2857,0.5,112.0,1.0,1.0
5a8393665542990548d0b1ea,ace_submod_128,ace,submod,1.0,1.0,0.0,0.0,0.322,0.5,118.0,0.5,0.0
5ae3fd2c5542995dadf2428f,ace_submod_128,ace,submod,0.0,0.0,0.0,0.0,0.5203,1.0,123.0,1.0,1.0
5ab2b630554299545a2cfa17,ace_submod_128,ace,submod,0.0,0.0,0.0,0.0,0.4425,0.5,113.0,1.0,1.0
5a7aa5e75542992d025e66d9,ace_submod_128,ace,submod,0.0,0.0,1.0,1.0,0.6446,1.0,121.0,1.0,1.0
5abe34095542993f32c2a088,ace_submod_128,ace,submod,0.0,0.8,1.0,1.0,0.4375,0.5,96.0,1.0,1.0
5ac373195542995ef918c199,ace_submod_128,ace,submod,1.0,1.0,1.0,1.0,0.6378,1.0,127.0,1.0,1.0
5a82bb3c55429966c78a6a86,ace_submod_128,ace,submod,1.0,1.0,1.0,1.0,0.6754,1.0,114.0,1.0,1.0
5a8080365542992097ad2fed,ace_submod_128,ace,submod,0.0,0.6667,0.0,0.5,0.2541,0.5,122.0,1.0,1.0
5a8f8e4d55429918e830d260,ace_submod_128,ace,submod,0.0,0.0,0.0,0.1667,0.5946,1.0,111.0,1.0,1.0
5ac3bff15542995ef918c213,ace_submod_128,ace,submod,0.0,0.7692,0.0,0.2857,0.2696,0.5,115.0,1.0,1.0
5a7456ec55429979e288290f,ace_submod_128,ace,submod,0.0,0.0,1.0,1.0,0.3659,0.5,123.0,1.0,1.0
5a8f1adc554299458435d577,ace_submod_128,ace,submod,0.0,0.0,0.0,0.0,0.4375,0.5,128.0,0.5,0.0
5ac29da5554299218029dac3,ace_submod_128,ace,submod,1.0,1.0,1.0,1.0,0.287,0.5,115.0,1.0,1.0
5ae0d52e554299603e418469,ace_submod_128,ace,submod,0.0,0.0,0.0,0.0,0.4091,0.5,110.0,0.5,0.0
5a80b52f554299485f5986d6,ace_submod_128,ace,submod,0.0,0.0,1.0,1.0,0.624,1.0,125.0,1.0,1.0
5a807b44554299485f59860a,ace_submod_128,ace,submod,0.0,0.0,0.0,0.0,0.299,0.5,97.0,0.5,0.0
5a74ce9655429974ef308c6c,ace_submod_128,ace,submod,1.0,1.0,1.0,1.0,0.6207,1.0,116.0,1.0,1.0
5a776a7055429966f1a36d32,ace_submod_128,ace,submod,0.0,0.0,0.0,0.25,0.626,1.0,123.0,1.0,1.0
5ac13f425542991316484a96,ace_submod_128,ace,submod,0.0,0.2857,1.0,1.0,0.5143,0.5,105.0,1.0,1.0
5a74547755429979e2882900,ace_submod_128,ace,submod,0.0,0.5714,0.0,0.75,0.3306,0.5,124.0,0.5,0.0
5a7d72bb5542990b8f50398e,ace_submod_128,ace,submod,0.0,0.0,0.0,0.2857,0.7455,0.5,110.0,0.5,0.0
5abdb8ba5542993f32c2a015,ace_submod_128,ace,submod,0.0,0.0,1.0,1.0,0.7436,1.0,117.0,1.0,1.0
5a75da235542992db94736f9,ace_submod_128,ace,submod,1.0,1.0,1.0,1.0,0.4048,1.0,126.0,1.0,1.0
5adcf48e5542992c1e3a24d4,ace_submod_128,ace,submod,1.0,1.0,1.0,1.0,0.4882,1.0,127.0,1.0,1.0
5ac3d1d9554299204fd21e8a,ace_submod_128,ace,submod,0.0,0.0,0.0,0.0,0.3871,0.5,124.0,1.0,1.0
5a8dafbd554299068b959da0,ace_submod_128,ace,submod,0.0,0.0,0.0,0.0,0.0,0.0,115.0,0.0,0.0
5a8eb4d65542990e94052b82,ace_submod_128,ace,submod,0.0,0.0,0.0,0.0,0.1529,0.5,85.0,1.0,1.0
5a8f55f9554299458435d5bd,ace_submod_128,ace,submod,0.0,0.0,1.0,1.0,0.2174,0.5,115.0,1.0,1.0
5ac1846d55429964131be20b,ace_submod_128,ace,submod,0.0,0.0,0.0,0.0,0.2784,0.5,97.0,0.5,0.0
5a9073405542995b442420bb,ace_submod_128,ace,submod,0.0,0.0,1.0,1.0,0.4017,0.5,117.0,0.5,0.0
5ade9c9c5542997c77adee8c,ace_submod_128,ace,submod,0.0,0.0,1.0,1.0,0.2991,0.5,107.0,1.0,1.0
5ae151985542990adbacf74d,ace_submod_128,ace,submod,1.0,1.0,1.0,1.0,0.2903,0.5,124.0,1.0,1.0
5ac1436f5542991316484aad,ace_submod_128,ace,submod,0.0,0.2857,1.0,1.0,0.7266,1.0,128.0,1.0,1.0
5ae269955542992decbdccf3,ace_submod_128,ace,submod,0.0,0.0,0.0,0.0,0.0,0.0,105.0,0.0,0.0
5a803d695542996402f6a494,ace_submod_128,ace,submod,0.0,0.0,1.0,1.0,0.375,1.0,112.0,1.0,1.0
5a7b493855429931da12ca58,ace_submod_128,ace,submod,0.0,0.8,0.0,0.6667,0.1983,0.5,121.0,1.0,1.0
5a78d16455429974737f78bb,ace_submod_128,ace,submod,1.0,1.0,1.0,1.0,0.459,1.0,122.0,1.0,1.0
5ae78f3b554299540e5a5608,ace_submod_128,ace,submod,0.0,0.0,0.0,0.0,0.3852,0.5,122.0,1.0,1.0
5a80c79155429938b61421da,ace_submod_128,ace,submod,0.0,0.0,0.0,0.0,0.3071,0.5,127.0,0.5,0.0
5a7100435542994082a3e4a3,ace_submod_128,ace,submod,0.0,0.0,0.0,0.4,0.3939,1.0,99.0,1.0,1.0
5a8f08c2554299458435d531,ace_submod_128,ace,submod,1.0,1.0,1.0,1.0,1.0,1.0,116.0,1.0,1.0
5adca8215542994ed6169bbc,ace_submod_128,ace,submod,0.0,0.0,0.0,0.3333,0.6466,0.5,116.0,0.5,0.0
5add6b595542992200553b0c,ace_submod_128,ace,submod,0.0,0.0,0.0,0.0,0.2969,0.5,128.0,0.5,0.0
5a8ef2a75542995a26add583,ace_submod_128,ace,submod,1.0,1.0,1.0,1.0,0.7573,1.0,103.0,1.0,1.0
5a74684655429929fddd8410,ace_submod_128,ace,submod,0.0,0.6667,0.0,0.5,0.5946,0.5,111.0,1.0,1.0
5ae635505542992ae0d16282,ace_submod_128,ace,submod,0.0,0.0,0.0,0.0,0.0,0.0,128.0,0.0,0.0
5a7b55375542995eb53be91f,ace_submod_128,ace,submod,0.0,0.0,0.0,0.0,0.3796,0.5,108.0,1.0,1.0
5ae3263455429928c4239634,ace_submod_128,ace,submod,1.0,1.0,0.0,0.0,0.7965,1.0,113.0,1.0,1.0
5a719bf25542994082a3e891,ace_submod_128,ace,submod,0.0,0.0,0.0,0.0,0.5,0.5,118.0,0.5,0.0
5ae618325542996de7b71b56,ace_submod_128,ace,submod,0.0,0.0,0.0,0.0,0.2234,0.5,94.0,1.0,1.0
5ab7f0015542992aa3b8c88b,ace_submod_128,ace,submod,0.0,0.0,1.0,1.0,0.4673,0.5,107.0,1.0,1.0
5a7dafe15542991319bc93f3,ace_submod_128,ace,submod,0.0,0.0,0.0,0.0,0.3652,0.5,115.0,0.5,0.0
5a90c8165542995651fb51ee,ace_submod_128,ace,submod,0.0,0.6667,0.0,0.75,0.5514,1.0,107.0,1.0,1.0
5ab47e0a5542990594ba9c32,ace_submod_128,ace,submod,0.0,0.0,0.0,0.0,0.2617,0.5,107.0,0.5,0.0
5a88abf75542997e5c09a6a1,ace_submod_128,ace,submod,0.0,0.0,0.0,0.0,0.4874,0.5,119.0,0.5,0.0
5a8e41735542995085b37406,ace_submod_128,ace,submod,0.0,0.0,1.0,1.0,0.187,0.5,123.0,1.0,1.0
5ae0968955429924de1b7105,ace_submod_128,ace,submod,0.0,0.0,1.0,1.0,0.4779,1.0,113.0,1.0,1.0
5ac0d9a35542992a796ded90,ace_submod_128,ace,submod,0.0,0.0,0.0,0.0,0.5641,1.0,117.0,1.0,1.0
5adf4b335542993a75d264a5,ace_submod_128,ace,submod,0.0,0.4,1.0,1.0,0.2661,0.5,124.0,0.5,0.0
5a7a8a9c554299042af8f666,ace_submod_128,ace,submod,1.0,1.0,1.0,1.0,0.4655,1.0,116.0,1.0,1.0
5ae6914755429908198fa627,ace_submod_128,ace,submod,0.0,0.0,0.0,0.0,0.3178,0.5,107.0,1.0,1.0
5a85f8665542994775f606ce,ace_submod_128,ace,submod,0.0,0.0,0.0,0.0,0.528,0.5,125.0,1.0,1.0
5a8135cc55429903bc27b943,ace_submod_128,ace,submod,0.0,0.0,0.0,0.5,0.5728,1.0,103.0,1.0,1.0
5a738b855542992d56e7e363,ace_submod_128,ace,submod,1.0,1.0,1.0,1.0,0.3386,1.0,127.0,1.0,1.0
5ade0fb95542997545bbbe39,ace_submod_128,ace,submod,0.0,0.5,0.0,0.5,0.5275,0.5,91.0,1.0,1.0
5adf715b5542992d7e9f9354,ace_submod_128,ace,submod,0.0,0.0,0.0,0.0,0.1983,0.5,116.0,0.5,0.0
5ae07c6255429924de1b70d6,ace_submod_128,ace,submod,0.0,0.5,0.0,0.5,0.6505,0.5,103.0,1.0,1.0
5ab42d5755429942dd415eaf,ace_submod_128,ace,submod,0.0,0.0,0.0,0.0,0.3579,0.5,95.0,1.0,1.0
5abc0ba05542996583600409,ace_submod_128,ace,submod,0.0,0.0,1.0,1.0,0.374,0.5,123.0,0.5,0.0
5ae8164d5542994a481bbeb6,ace_submod_128,ace,submod,0.0,0.0,0.0,0.0,0.176,0.5,125.0,0.5,0.0
5a84f4c75542997175ce1f31,ace_submod_128,ace,submod,0.0,0.3333,1.0,1.0,0.6471,1.0,119.0,1.0,1.0
5adfb4b8554299603e418381,ace_submod_128,ace,submod,0.0,0.0,1.0,1.0,0.4375,1.0,128.0,1.0,1.0
5ab51dae5542991779162d82,ace_submod_128,ace,submod,1.0,1.0,0.0,0.0,0.437,1.0,119.0,1.0,1.0
5a774e415542994aec3b7280,ace_submod_128,ace,submod,1.0,1.0,1.0,1.0,0.3246,0.5,114.0,1.0,1.0
5ab84c6955429916710eb021,ace_submod_128,ace,submod,0.0,0.0,1.0,1.0,0.5306,0.5,98.0,1.0,1.0
5a7339c85542991f9a20c6a2,ace_submod_128,ace,submod,0.0,0.0,0.0,0.5,0.0,0.0,100.0,1.0,1.0
5ab97b27554299131ca4233c,ace_submod_128,ace,submod,0.0,0.0,1.0,1.0,0.4435,0.5,124.0,1.0,1.0
5adcdf455542994ed6169c11,ace_submod_128,ace,submod,0.0,0.0,0.0,0.0,0.4545,0.5,110.0,1.0,1.0
5aba74ad55429955dce3ee35,ace_submod_128,ace,submod,0.0,0.0,0.0,0.0,0.2756,0.5,127.0,0.5,0.0
5a83316b5542993344745fe5,ace_submod_128,ace,submod,0.0,0.0,0.0,0.6667,0.3679,0.5,106.0,0.5,0.0
5ae7ee41554299540e5a56b0,ace_submod_128,ace,submod,1.0,1.0,1.0,1.0,0.5856,0.5,111.0,1.0,1.0
5ab9379a554299753720f79d,ace_submod_128,ace,submod,1.0,1.0,0.0,0.8,0.3175,0.5,126.0,1.0,1.0
5adf21bc5542993344016bf4,ace_submod_128,ace,submod,0.0,0.0,0.0,0.0,0.4309,0.5,123.0,0.5,0.0
5a8e3ed7554299068b959e82,ace_submod_128,ace,submod,0.0,0.0,0.0,0.0,0.5104,0.5,96.0,1.0,1.0
5a7d2b5755429907fabef0c2,ace_submod_128,ace,submod,0.0,0.0,1.0,1.0,0.7636,1.0,110.0,1.0,1.0
5a74c3f455429979e2882a0a,ace_submod_128,ace,submod,0.0,0.0,0.0,0.0,0.2581,0.5,124.0,1.0,1.0
5a7a06525542990198eaf04f,ace_submod_128,ace,submod,0.0,0.0,1.0,1.0,0.2812,0.5,128.0,1.0,1.0
5ab2ce27554299545a2cfa98,ace_submod_128,ace,submod,0.0,0.0,0.0,0.0,0.2202,0.5,109.0,0.5,0.0
5a810506554299260e20a202,ace_submod_128,ace,submod,1.0,1.0,1.0,1.0,0.3496,0.5,123.0,0.5,0.0
5ab2999a554299194fa9342f,ace_submod_128,ace,submod,0.0,0.0,1.0,1.0,0.877,1.0,122.0,1.0,1.0
5ab9d6ef5542994dbf01985b,ace_submod_128,ace,submod,0.0,0.0,0.0,0.0,0.3675,0.5,117.0,1.0,1.0
5a7ba4765542995eb53be976,ace_submod_128,ace,submod,1.0,1.0,1.0,1.0,0.8,1.0,125.0,1.0,1.0
5ac294b955429921a00aafd0,ace_submod_128,ace,submod,0.0,0.0,0.0,0.0,0.5039,0.5,127.0,1.0,1.0
5a773d8955429966f1a36cc4,ace_submod_128,ace,submod,0.0,0.0,1.0,1.0,0.3158,0.5,114.0,0.5,0.0
5ae0f5fc554299422ee9957c,ace_submod_128,ace,submod,0.0,0.0,1.0,1.0,0.28,0.5,125.0,0.5,0.0
5a8edb7f55429917b4a5bdeb,ace_submod_128,ace,submod,0.0,0.0,1.0,1.0,0.575,1.0,120.0,1.0,1.0
5ae612f3554299546bf83065,ace_submod_128,ace,submod,1.0,1.0,1.0,1.0,1.0,1.0,121.0,1.0,1.0
5a88db445542993b751ca88a,ace_submod_128,ace,submod,1.0,1.0,1.0,1.0,0.3362,0.5,116.0,1.0,1.0
5a7a33a35542994f819ef14c,ace_submod_128,ace,submod,0.0,0.0,1.0,1.0,0.3047,1.0,128.0,1.0,1.0
5ab8ae585542991b5579efd8,ace_submod_128,ace,submod,0.0,0.0,0.0,0.0,0.2188,0.5,128.0,0.5,0.0
5ab9535a5542996be202047e,ace_submod_128,ace,submod,0.0,0.0,0.0,0.0,0.45,0.5,120.0,1.0,1.0
5adeffa85542992d7e9f926f,ace_submod_128,ace,submod,0.0,0.0,1.0,1.0,0.2734,0.5,128.0,1.0,1.0
5abcfc365542993a06baf9d6,ace_submod_128,ace,submod,0.0,0.0,0.0,0.0,0.0,0.0,102.0,0.0,0.0
5a8b3de95542997f31a41cc3,ace_submod_128,ace,submod,0.0,0.0,1.0,1.0,0.6016,0.5,123.0,1.0,1.0
5a8587dd5542997b5ce40000,ace_submod_128,ace,submod,0.0,0.0,1.0,1.0,0.7525,1.0,101.0,1.0,1.0
5ae55e6855429960a22e02d0,ace_submod_128,ace,submod,0.0,0.0,0.0,0.0,0.5893,1.0,112.0,1.0,1.0
5a80c74f554299260e20a158,ace_submod_128,ace,submod,0.0,0.0,1.0,1.0,0.2578,0.5,128.0,0.5,0.0
5a7543d555429916b01642ce,ace_submod_128,ace,submod,1.0,1.0,1.0,1.0,0.3304,0.5,115.0,1.0,1.0
5a831af855429954d2e2ec1e,ace_submod_128,ace,submod,0.0,0.0,0.0,0.0,0.4071,0.5,113.0,1.0,1.0
5ae7909f5542994a481bbda6,ace_submod_128,ace,submod,0.0,0.0,0.0,0.5,0.5776,0.5,116.0,1.0,1.0
5a89d26b5542992e4fca83d1,ace_submod_128,ace,submod,1.0,1.0,1.0,1.0,1.0,1.0,110.0,1.0,1.0
5ade279e5542992fa25da6fa,ace_submod_128,ace,submod,1.0,1.0,1.0,1.0,0.5583,1.0,120.0,1.0,1.0
5adc5b875542996e68525328,ace_submod_128,ace,submod,0.0,0.0,0.0,0.5,0.0,0.0,116.0,0.0,0.0
5ae686535542996d980e7bdc,ace_submod_128,ace,submod,1.0,1.0,1.0,1.0,1.0,1.0,125.0,1.0,1.0
5a7c25035542997c3ec972e5,ace_submod_128,ace,submod,1.0,1.0,1.0,1.0,0.7573,1.0,103.0,1.0,1.0
5adebc51554299728e26c799,ace_submod_128,ace,submod,0.0,0.0,1.0,1.0,0.3636,0.5,110.0,0.5,0.0
5a88a19a5542997e5c09a64b,ace_submod_128,ace,submod,0.0,0.0,0.0,0.0,0.0,0.0,94.0,0.5,0.0
5a81346055429926c1cdad13,ace_submod_128,ace,submod,0.0,0.1818,0.0,0.5,0.2778,0.5,126.0,1.0,1.0
5aded04755429975fa854fa7,ace_submod_128,ace,submod,0.0,0.8571,1.0,1.0,0.6441,1.0,118.0,1.0,1.0
5a85f4ec5542994775f606c6,ace_submod_128,ace,submod,0.0,0.0,0.0,0.0,0.7661,1.0,124.0,1.0,1.0
5a7cdd6b55429909bec76858,ace_submod_128,ace,submod,1.0,1.0,1.0,1.0,0.8095,1.0,126.0,1.0,1.0
5a832e715542990548d0b1bf,ace_submod_128,ace,submod,1.0,1.0,1.0,1.0,0.4274,0.5,124.0,1.0,1.0
5adf73a45542992d7e9f9378,ace_submod_128,ace,submod,0.0,0.8,1.0,1.0,0.9213,1.0,127.0,1.0,1.0
5ae328df55429928c423963c,ace_submod_128,ace,submod,0.0,0.3333,1.0,1.0,0.8667,1.0,105.0,1.0,1.0
5a8e0cb85542995085b373b2,ace_submod_128,ace,submod,0.0,0.0,1.0,1.0,0.3276,0.5,116.0,1.0,1.0
5abe94fd55429965af743f37,ace_submod_128,ace,submod,0.0,0.0,0.0,0.0,0.6911,1.0,123.0,1.0,1.0
5a7758895542994aec3b729c,ace_submod_128,ace,submod,0.0,0.0,1.0,1.0,0.6796,1.0,103.0,1.0,1.0
5abd09585542996e802b469b,ace_submod_128,ace,submod,0.0,0.0,0.0,0.0,0.6768,1.0,99.0,1.0,1.0
5abc0bea554299658360040d,ace_submod_128,ace,submod,0.0,0.5,0.0,0.3333,0.4907,0.5,108.0,0.5,0.0
5ac0805f5542992a796ded29,ace_submod_128,ace,submod,0.0,0.0,0.0,0.0,0.6566,0.5,99.0,1.0,1.0
5a888fe6554299206df2b2f7,ace_submod_128,ace,submod,1.0,1.0,1.0,1.0,0.832,1.0,125.0,1.0,1.0
5a7757215542993569682d58,ace_submod_128,ace,submod,0.0,0.0,0.0,0.0,0.2913,0.5,103.0,0.5,0.0
5a77a65b5542992a6e59df57,ace_submod_128,ace,submod,1.0,1.0,1.0,1.0,0.2193,0.5,114.0,0.5,0.0
5ae12a4b55429920d52342df,ace_submod_128,ace,submod,0.0,0.0,0.0,0.0,0.3047,0.5,128.0,0.5,0.0
5a89f5815542993b751ca9c5,ace_submod_128,ace,submod,1.0,1.0,1.0,1.0,0.6271,1.0,118.0,1.0,1.0
5ae531a95542990ba0bbb1fc,ace_submod_128,ace,submod,0.0,0.0,0.0,0.0,0.367,0.5,109.0,0.5,0.0
5a7b443c5542992d025e67ce,ace_submod_128,ace,submod,0.0,0.0,0.0,0.0,0.0,0.0,101.0,0.5,0.0
5abe436455429976d4830ac6,ace_submod_128,ace,submod,1.0,1.0,1.0,1.0,0.6333,0.5,120.0,1.0,1.0
5ae5c74d554299546bf82f58,ace_submod_128,ace,submod,0.0,0.0,0.0,0.0,0.0,0.0,118.0,0.5,0.0
5ae3e5d05542994393b9e79f,ace_submod_128,ace,submod,1.0,1.0,1.0,1.0,0.6609,1.0,115.0,1.0,1.0
5a72f74a55429901807daf59,ace_submod_128,ace,submod,1.0,1.0,1.0,1.0,0.7969,1.0,128.0,1.0,1.0
5ae54eea5542993aec5ec19d,ace_submod_128,ace,submod,0.0,0.0,1.0,1.0,0.1597,0.5,119.0,1.0,1.0
5a8e32d35542995a26add480,ace_submod_128,ace,submod,1.0,1.0,1.0,1.0,0.6583,1.0,120.0,1.0,1.0
5a8230af554299676cceb227,ace_submod_128,ace,submod,0.0,0.0,0.0,0.0,0.451,0.5,102.0,1.0,1.0
5ae7316e554299572ea5477e,ace_submod_128,ace,submod,0.0,0.6667,1.0,1.0,0.6218,1.0,119.0,1.0,1.0
5ac194db55429964131be23a,ace_submod_128,ace,submod,0.0,0.0,1.0,1.0,0.7638,1.0,127.0,1.0,1.0
5ab2979c554299449642c919,ace_submod_128,ace,submod,0.0,0.6667,1.0,1.0,1.0,1.0,115.0,1.0,1.0
5a86e6f65542994775f6077c,ace_submod_128,ace,submod,0.0,0.0,0.0,0.0,0.379,0.5,124.0,1.0,1.0
5a85ee635542994775f606b4,ace_submod_128,ace,submod,0.0,0.5,1.0,1.0,0.3148,0.5,108.0,1.0,1.0
5abbfa8f55429965836003cc,ace_submod_128,ace,submod,0.0,0.0,0.0,0.3333,0.55,1.0,100.0,1.0,1.0
5ae3789b5542992e3233c412,ace_submod_128,ace,submod,0.0,0.8571,0.0,1.0,0.0,0.0,91.0,1.0,1.0
5ab344fc55429969a97a811e,ace_submod_128,ace,submod,1.0,1.0,0.0,0.0,0.4336,0.5,113.0,1.0,1.0
5a7a88e455429941d65f268c,ace_submod_128,ace,submod,0.0,0.0,0.0,0.5,0.5897,0.5,117.0,0.5,0.0
5a8634fe554299211dda2aac,ace_submod_128,ace,submod,0.0,0.0,0.0,0.5,0.3396,0.5,106.0,0.5,0.0
5ae54b4f5542990ba0bbb261,ace_submod_128,ace,submod,1.0,1.0,1.0,1.0,0.2155,0.5,116.0,1.0,1.0
5ac25fa955429951e9e6858c,ace_submod_128,ace,submod,0.0,0.6,1.0,1.0,0.7632,1.0,114.0,1.0,1.0
5ab44cd555429942dd415f10,ace_submod_128,ace,submod,0.0,0.0,1.0,1.0,0.4567,1.0,127.0,1.0,1.0
5a761e855542994ccc9186e0,ace_submod_128,ace,submod,0.0,0.0,1.0,1.0,0.4262,1.0,122.0,1.0,1.0
5a87defa5542993e715abfec,ace_submod_128,ace,submod,0.0,0.0,1.0,1.0,0.5377,0.5,106.0,1.0,1.0
5ab827a555429934fafe6cf5,ace_submod_128,ace,submod,0.0,0.0,0.0,0.25,0.3359,0.5,128.0,0.5,0.0
5ab5fcae554299110f2199ad,ace_submod_128,ace,submod,1.0,1.0,1.0,1.0,0.7288,1.0,118.0,1.0,1.0
5abd01205542992ac4f3819b,ace_submod_128,ace,submod,0.0,0.0,0.0,0.0,0.2773,0.5,119.0,0.5,0.0
5ae3305c55429928c423965f,ace_submod_128,ace,submod,0.0,0.0,0.0,0.0,0.125,0.5,128.0,0.5,0.0
5ac249bd55429951e9e68528,ace_submod_128,ace,submod,0.0,0.0,0.0,0.5,0.0,0.0,106.0,0.5,0.0
5adf98215542993344016d19,ace_submod_128,ace,submod,0.0,0.0,0.0,0.0,0.3434,0.5,99.0,1.0,1.0
5a745a6055429974ef308be4,ace_submod_128,ace,submod,1.0,1.0,1.0,1.0,0.313,0.5,115.0,1.0,1.0
5ab9d2e255429955dce3ed90,ace_submod_128,ace,submod,0.0,0.0,1.0,1.0,0.6729,1.0,107.0,1.0,1.0
5a8ea03e5542990e94052b81,ace_submod_128,ace,submod,0.0,0.0,0.0,0.0,0.4922,0.5,128.0,1.0,1.0
5a9052765542995651fb513d,ace_submod_128,ace,submod,0.0,0.8,0.0,0.6667,0.2846,0.5,123.0,1.0,1.0
5adbd3405542994650320bf8,ace_submod_128,ace,submod,0.0,0.4,0.0,0.3333,1.0,1.0,111.0,1.0,1.0
5ae1091055429920d523429b,ace_submod_128,ace,submod,1.0,1.0,1.0,1.0,0.5118,1.0,127.0,1.0,1.0
5add7b0c5542992200553b39,ace_submod_128,ace,submod,1.0,1.0,1.0,1.0,0.5164,0.5,122.0,1.0,1.0
5ae236da5542994d89d5b397,ace_submod_128,ace,submod,0.0,0.0,0.0,0.0,0.2718,0.5,103.0,0.5,0.0
5abbd3ac55429931dba1458b,ace_submod_128,ace,submod,0.0,0.0,0.0,0.0,0.5545,1.0,101.0,1.0,1.0
5abe535055429976d4830aea,ace_submod_128,ace,submod,0.0,0.0,0.0,0.0,0.0,0.0,125.0,0.0,0.0
5ac3a2fa5542993915413857,ace_submod_128,ace,submod,1.0,1.0,1.0,1.0,0.368,1.0,125.0,1.0,1.0
5ab58f9a554299488d4d99da,ace_submod_128,ace,submod,0.0,0.0,1.0,1.0,0.712,1.0,125.0,1.0,1.0
5abd0b6b5542996e802b46b4,ace_submod_128,ace,submod,0.0,0.0,0.0,0.0,0.2677,0.5,127.0,0.5,0.0
5ae76e615542997ec2727647,ace_submod_128,ace,submod,1.0,1.0,1.0,1.0,0.6562,1.0,128.0,1.0,1.0
5a7d1868554299452d57bae2,ace_submod_128,ace,submod,0.0,0.4,1.0,1.0,0.5983,1.0,117.0,1.0,1.0
5a8682755542996432c571cf,ace_submod_128,ace,submod,0.0,0.5,0.0,0.6667,0.3393,0.5,112.0,1.0,1.0
5ac02d59554299294b218f3b,ace_submod_128,ace,submod,0.0,0.25,1.0,1.0,0.8254,1.0,126.0,1.0,1.0
5aba71be5542994dbf01990c,ace_submod_128,ace,submod,1.0,1.0,1.0,1.0,0.2547,0.5,106.0,0.5,0.0
5a7b77d95542997c3ec971a5,ace_submod_128,ace,submod,0.0,0.4,0.0,0.5,0.416,0.5,125.0,0.5,0.0
5aba9813554299232ef4a357,ace_submod_128,ace,submod,0.0,0.0,1.0,1.0,0.6818,0.5,110.0,1.0,1.0
5ab6993f554299110f219a2b,ace_submod_128,ace,submod,0.0,0.8,1.0,1.0,0.7129,1.0,101.0,1.0,1.0
5adc7dbf5542994d58a2f618,ace_submod_128,ace,submod,0.0,0.0,1.0,1.0,0.8,1.0,105.0,1.0,1.0
5a7c572655429935c91b5166,ace_submod_128,ace,submod,0.0,0.0,1.0,1.0,0.536,1.0,125.0,1.0,1.0
5ab746c8554299110f219aef,ace_submod_128,ace,submod,0.0,0.0,0.0,0.0,0.5748,0.5,127.0,1.0,1.0
5ab262a4554299340b5254ac,ace_submod_128,ace,submod,1.0,1.0,1.0,1.0,0.5,0.5,120.0,0.5,0.0
5ac38bf355429939154137ba,ace_submod_128,ace,submod,0.0,0.0,0.0,0.5,0.2584,0.5,89.0,1.0,1.0
5adefdd75542995ec70e8f4e,ace_submod_128,ace,submod,0.0,0.0,0.0,0.5,0.0,0.0,113.0,0.0,0.0
5a85cead5542991dd0999ea9,ace_submod_128,ace,submod,0.0,0.0,0.0,0.0,0.0,0.0,125.0,0.5,0.0
5a7e36815542995ed0d166d4,ace_submod_128,ace,submod,1.0,1.0,1.0,1.0,0.6356,0.5,118.0,1.0,1.0
5a713f395542994082a3e6ea,ace_submod_128,ace,submod,0.0,0.0,0.0,0.5,0.472,1.0,125.0,1.0,1.0
5ae1338d55429901ffe4ade1,ace_submod_128,ace,submod,0.0,0.0,0.0,0.0,0.3821,1.0,123.0,1.0,1.0
5a75f7db5542994ccc918670,ace_submod_128,ace,submod,1.0,1.0,1.0,1.0,0.6774,1.0,124.0,1.0,1.0
5ab8f4ee5542991b5579f091,ace_submod_128,ace,submod,1.0,1.0,1.0,1.0,0.3084,1.0,107.0,1.0,1.0
5abc0aba55429959677d6a00,ace_submod_128,ace,submod,0.0,0.0,0.0,0.6667,0.6111,0.5,108.0,1.0,1.0
5ae12d5355429920d52342eb,ace_submod_128,ace,submod,0.0,0.0,0.0,0.0,0.4016,0.5,122.0,0.5,0.0
5a7a276d5542996c55b2dd27,ace_submod_128,ace,submod,0.0,0.8571,1.0,1.0,0.8306,1.0,124.0,1.0,1.0
5ab5744e554299494045efdf,ace_submod_128,ace,submod,0.0,0.0,0.0,0.0,0.2766,0.5,94.0,0.5,0.0
5ab5c6e55542997d4ad1f1db,ace_submod_128,ace,submod,0.0,0.4,0.0,0.5,0.3839,1.0,112.0,1.0,1.0
5a74feb75542996c70cfae6d,ace_submod_128,ace,submod,1.0,1.0,1.0,1.0,0.6694,0.5,121.0,1.0,1.0
5ab56f7a554299637185c59a,ace_submod_128,ace,submod,0.0,0.0,0.0,0.0,0.3475,0.5,118.0,0.5,0.0
5abc5603554299700f9d7875,ace_submod_128,ace,submod,0.0,0.0,1.0,1.0,0.7155,1.0,116.0,1.0,1.0
5a8cacac554299585d9e3716,ace_submod_128,ace,submod,1.0,1.0,1.0,1.0,0.3254,0.5,126.0,0.5,0.0
5a8a07725542992d82986e5b,ace_submod_128,ace,submod,0.0,0.0,0.0,0.5,0.6048,1.0,124.0,1.0,1.0
5ae2c6bf554299492dc91c6c,ace_submod_128,ace,submod,0.0,0.0,0.0,0.0,0.3525,0.5,122.0,1.0,1.0
5a903b7255429933b8a204ae,ace_submod_128,ace,submod,0.0,0.5,1.0,1.0,0.5169,1.0,118.0,1.0,1.0
5ab53bee554299637185c526,ace_submod_128,ace,submod,0.0,0.0,0.0,0.1429,0.375,0.5,128.0,0.5,0.0
5ab8633c55429919ba4e22d6,ace_submod_128,ace,submod,0.0,0.4,0.0,0.3333,0.4019,0.5,107.0,1.0,1.0
5a835a265542992ef85e2281,ace_submod_128,ace,submod,0.0,0.5,1.0,1.0,0.8607,1.0,122.0,1.0,1.0
5a74b55455429974ef308c39,ace_submod_128,ace,submod,0.0,0.0,0.0,0.0,0.2957,0.5,115.0,0.5,0.0
5ac002705542996f0d89cb05,ace_submod_128,ace,submod,0.0,0.0,1.0,1.0,0.767,1.0,103.0,1.0,1.0
5a883afc5542994846c1ce48,ace_submod_128,ace,submod,0.0,0.0,0.0,0.0,0.1858,0.5,113.0,0.5,0.0
5add38355542990dbb2f7dd0,ace_submod_128,ace,submod,0.0,0.0,1.0,1.0,0.4921,0.5,126.0,0.5,0.0
5ac43530554299204fd21f0a,ace_submod_128,ace,submod,1.0,1.0,1.0,1.0,0.6,1.0,110.0,1.0,1.0
5a895f6155429946c8d6e914,ace_submod_128,ace,submod,0.0,0.5,0.0,0.5,0.1496,0.5,127.0,0.5,0.0
5a79c9c05542994bb94570a5,ace_submod_128,ace,submod,0.0,0.0,0.0,0.0,0.0,0.0,111.0,1.0,1.0
5a8389445542996488c2e450,ace_submod_128,ace,submod,1.0,1.0,1.0,1.0,0.7881,1.0,118.0,1.0,1.0
5ab236645542993be8fa98c9,ace_submod_128,ace,submod,0.0,0.0,0.0,0.0,0.623,0.5,122.0,0.5,0.0
5ac4f7e955429924173fb523,ace_submod_128,ace,submod,0.0,0.0,0.0,0.0,0.3267,0.5,101.0,0.5,0.0
5ab1c2bf5542997061209558,ace_submod_128,ace,submod,1.0,1.0,0.0,0.6667,0.2578,0.5,128.0,1.0,1.0
5ade6fcd55429975fa854ecf,ace_submod_128,ace,submod,0.0,0.0,1.0,1.0,0.7642,1.0,123.0,1.0,1.0
5ab2b7c1554299166977406a,ace_submod_128,ace,submod,1.0,1.0,0.0,0.6667,0.4261,0.5,115.0,0.5,0.0
5a74b4e555429929fddd84c2,ace_submod_128,ace,submod,1.0,1.0,1.0,1.0,0.6585,1.0,123.0,1.0,1.0
5a84b5f05542991dd0999da5,ace_submod_128,ace,submod,1.0,1.0,1.0,1.0,0.6406,1.0,128.0,1.0,1.0
5a83ed9b55429933447460b8,ace_submod_128,ace,submod,0.0,0.0,1.0,1.0,0.2778,0.5,126.0,1.0,1.0
5ae491155542995ad6573da3,ace_submod_128,ace,submod,1.0,1.0,1.0,1.0,0.4453,1.0,128.0,1.0,1.0
5ae00a27554299025d62a3bb,ace_submod_128,ace,submod,1.0,1.0,1.0,1.0,1.0,1.0,107.0,1.0,1.0
5a822a5e55429926c1cdae43,ace_submod_128,ace,submod,0.0,0.3333,0.0,0.25,0.0,0.0,124.0,1.0,1.0
5ae641f65542992ae0d162a3,ace_submod_128,ace,submod,1.0,1.0,1.0,1.0,0.3175,0.5,126.0,0.5,0.0
5a77e96c5542995d8318132d,ace_submod_128,ace,submod,1.0,1.0,1.0,1.0,0.0,0.0,119.0,0.5,0.0
5ab9d7e4554299232ef4a21f,ace_submod_128,ace,submod,0.0,0.0,1.0,1.0,0.6759,1.0,108.0,1.0,1.0
5a902d5155429933b8a2048d,ace_submod_128,ace,submod,0.0,0.0,0.0,0.1667,0.5603,1.0,116.0,1.0,1.0
5a83c9445542992ef85e2360,ace_submod_128,ace,submod,1.0,1.0,0.0,0.3333,0.2727,0.5,110.0,1.0,1.0
5ae236b2554299495565da3e,ace_submod_128,ace,submod,0.0,0.0,0.0,0.0,0.0,0.0,128.0,0.0,0.0
5ae2c4b8554299495565db31,ace_submod_128,ace,submod,0.0,0.0,0.0,0.0,0.0,0.0,106.0,0.5,0.0
5a78f8e555429970f5fffe01,ace_submod_128,ace,submod,0.0,0.0,0.0,0.6667,0.1939,0.5,98.0,1.0,1.0
5a8c66db554299585d9e3683,ace_submod_128,ace,submod,1.0,1.0,1.0,1.0,0.7016,0.5,124.0,1.0,1.0
5a83108d55429966c78a6b1e,ace_submod_128,ace,submod,1.0,1.0,1.0,1.0,0.513,0.5,115.0,1.0,1.0
5a838fcd5542992ef85e2305,ace_submod_128,ace,submod,0.0,0.8,0.0,0.6667,0.368,0.5,125.0,0.5,0.0
5abc030e554299642a094bdc,ace_submod_128,ace,submod,0.0,0.0,0.0,0.0,0.0,0.0,110.0,1.0,1.0
5abbb64455429931dba144b4,ace_submod_128,ace,submod,1.0,1.0,1.0,1.0,0.5259,1.0,116.0,1.0,1.0
5ae236445542992decbdcc69,ace_submod_128,ace,submod,0.0,0.4,0.0,0.5,0.3025,0.5,119.0,1.0,1.0
5ab844815542992aa3b8c8af,ace_submod_128,ace,submod,1.0,1.0,1.0,1.0,0.2458,0.5,118.0,0.5,0.0
5a85b0c85542994c784ddb40,ace_submod_128,ace,submod,1.0,1.0,1.0,1.0,0.3707,0.5,116.0,1.0,1.0
5a8752955542994775f607d1,ace_submod_128,ace,submod,0.0,0.0,0.0,0.0,0.0,0.0,127.0,1.0,1.0
5a7f19eb55429934daa2fcdb,ace_submod_128,ace,submod,1.0,1.0,1.0,1.0,0.0,0.0,121.0,0.5,0.0
5a72a9145542994cef4bc3c1,ace_submod_128,ace,submod,0.0,0.0,0.0,0.0,0.0,0.0,105.0,1.0,1.0
5ade1f1c55429939a52fe82d,ace_submod_128,ace,submod,1.0,1.0,1.0,1.0,0.6789,0.5,109.0,1.0,1.0
5a89d3e15542992e4fca83d4,ace_submod_128,ace,submod,0.0,0.0,1.0,1.0,0.6018,1.0,113.0,1.0,1.0
5ab84dea55429934fafe6d4f,ace_submod_128,ace,submod,0.0,0.0,0.0,0.0,0.3097,0.5,113.0,0.5,0.0
5a83438955429966c78a6b61,ace_submod_128,ace,submod,1.0,1.0,1.0,1.0,0.4103,0.5,117.0,0.5,0.0
5ae0ec48554299422ee9955a,ace_submod_128,ace,submod,0.0,0.6667,1.0,1.0,0.4038,0.5,104.0,1.0,1.0
5ab474135542991751b4d77b,ace_submod_128,ace,submod,0.0,0.2857,0.0,0.5,0.287,0.5,108.0,0.5,0.0
5a8d838955429941ae14dfe5,ace_submod_128,ace,submod,0.0,0.0,1.0,1.0,0.5,1.0,114.0,1.0,1.0
