qid,policy,representation,packer,em,f1,ans_in_context,ans_in_context_soft,gold_token_density,gold_doc_reader_cov,context_tokens,base_recall@5,base_all_gold@5
34c3dd940bde11eba7f7acde48001122,chunk_packed_128,chunk,packed,0.0,0.0,0.0,0.0,0.4182,0.5,110.0,1.0,1.0
a1c37dc40bdd11eba7f7acde48001122,chunk_packed_128,chunk,packed,0.0,0.0,0.0,0.0,0.3153,0.5,111.0,0.5,0.0
e051bd000bdb11eba7f7acde48001122,chunk_packed_128,chunk,packed,0.0,0.0,1.0,1.0,0.0,0.0,104.0,0.5,0.0
f02d1c2208b811ebbd88ac1f6bf848b6,chunk_packed_128,chunk,packed,0.0,0.0,0.0,0.0,0.3333,0.25,126.0,0.75,0.0
782f0c160bd911eba7f7acde48001122,chunk_packed_128,chunk,packed,0.0,0.0,0.0,0.0,0.1774,0.5,124.0,0.5,0.0
21e70b7e0bde11eba7f7acde48001122,chunk_packed_128,chunk,packed,0.0,0.0,0.0,0.0,0.0,0.0,123.0,1.0,1.0
8d3d54ec0bdd11eba7f7acde48001122,chunk_packed_128,chunk,packed,0.0,0.0,0.0,0.0,0.3866,0.5,119.0,0.5,0.0
33bcd7ce0bda11eba7f7acde48001122,chunk_packed_128,chunk,packed,0.0,0.0,0.0,0.0,0.3333,0.5,117.0,0.5,0.0
249f9f060bda11eba7f7acde48001122,chunk_packed_128,chunk,packed,0.0,0.0,0.0,0.0,0.2269,0.5,119.0,0.5,0.0
45eb6a5408b611ebbd88ac1f6bf848b6,chunk_packed_128,chunk,packed,1.0,1.0,0.0,0.0,0.2736,0.25,106.0,0.5,0.0
5f02fdf2084f11ebbd56ac1f6bf848b6,chunk_packed_128,chunk,packed,0.0,0.0,0.0,0.0,0.4196,1.0,112.0,1.0,1.0
af356f7a0bd911eba7f7acde48001122,chunk_packed_128,chunk,packed,0.0,0.0,0.0,0.25,0.2787,0.5,122.0,0.5,0.0
dbca21a20bd911eba7f7acde48001122,chunk_packed_128,chunk,packed,0.0,0.0,0.0,0.0,0.1032,0.5,126.0,0.5,0.0
27d8ec30091f11ebbdaeac1f6bf848b6,chunk_packed_128,chunk,packed,1.0,1.0,1.0,1.0,0.4444,1.0,126.0,1.0,1.0
808f9f1808b111ebbd85ac1f6bf848b6,chunk_packed_128,chunk,packed,1.0,1.0,1.0,1.0,0.3828,1.0,128.0,1.0,1.0
d6b29805087b11ebbd69ac1f6bf848b6,chunk_packed_128,chunk,packed,1.0,1.0,0.0,0.0,0.748,0.5,123.0,0.5,0.0
9b8278a20bdd11eba7f7acde48001122,chunk_packed_128,chunk,packed,0.0,0.0,0.0,0.0,0.2562,0.5,121.0,0.5,0.0
c99fc05e0bd911eba7f7acde48001122,chunk_packed_128,chunk,packed,0.0,0.0,0.0,0.0,0.0,0.0,115.0,0.5,0.0
60465ce2085411ebbd59ac1f6bf848b6,chunk_packed_128,chunk,packed,0.0,0.0,1.0,1.0,0.384,0.5,125.0,0.5,0.0
3e0cebde0bd911eba7f7acde48001122,chunk_packed_128,chunk,packed,0.0,0.0,0.0,0.0,0.2718,0.5,103.0,0.5,0.0
3cddcc46086511ebbd5eac1f6bf848b6,chunk_packed_128,chunk,packed,1.0,1.0,1.0,1.0,0.5906,1.0,127.0,1.0,1.0
7f6e237109c411ebbdb0ac1f6bf848b6,chunk_packed_128,chunk,packed,0.0,0.0,0.0,0.0,0.6638,1.0,116.0,1.0,1.0
dc3a36a00bdd11eba7f7acde48001122,chunk_packed_128,chunk,packed,0.0,0.0,1.0,1.0,0.5492,0.5,122.0,0.5,0.0
09ede27e08fd11ebbdadac1f6bf848b6,chunk_packed_128,chunk,packed,0.0,0.0,0.0,0.0,0.4597,0.5,124.0,1.0,1.0
003285a80bde11eba7f7acde48001122,chunk_packed_128,chunk,packed,0.0,0.0,1.0,1.0,0.8462,1.0,117.0,1.0,1.0
0e2082e408d111ebbd95ac1f6bf848b6,chunk_packed_128,chunk,packed,0.0,0.0,0.0,0.0,0.5968,1.0,124.0,1.0,1.0
322178260bde11eba7f7acde48001122,chunk_packed_128,chunk,packed,0.0,0.0,0.0,0.0,0.0,0.0,127.0,0.5,0.0
4c1772720bb011ebab90acde48001122,chunk_packed_128,chunk,packed,0.0,0.2,0.0,0.5,0.2155,0.5,116.0,0.5,0.0
adf59bec0bdb11eba7f7acde48001122,chunk_packed_128,chunk,packed,0.0,0.0,0.0,0.3333,0.386,0.5,114.0,0.5,0.0
136c700c089611ebbd76ac1f6bf848b6,chunk_packed_128,chunk,packed,0.0,0.0,0.0,0.0,0.6721,0.5,122.0,1.0,1.0
6b2ad6600bdb11eba7f7acde48001122,chunk_packed_128,chunk,packed,0.0,0.0,1.0,1.0,0.5169,1.0,118.0,1.0,1.0
e6a4ff4c0bda11eba7f7acde48001122,chunk_packed_128,chunk,packed,0.0,0.0,0.0,0.3333,0.0,0.0,114.0,0.5,0.0
a163b2d1087d11ebbd6bac1f6bf848b6,chunk_packed_128,chunk,packed,0.0,0.0,0.0,0.0,0.0,0.0,121.0,1.0,1.0
be851b660bdd11eba7f7acde48001122,chunk_packed_128,chunk,packed,0.0,0.0,0.0,0.0,0.4904,0.5,104.0,1.0,1.0
fbc352ec0bae11ebab90acde48001122,chunk_packed_128,chunk,packed,0.0,0.8,0.0,0.8,0.3934,0.5,122.0,1.0,1.0
041879d0093a11ebbdaeac1f6bf848b6,chunk_packed_128,chunk,packed,0.0,0.0,1.0,1.0,0.3071,0.5,127.0,1.0,1.0
8dcab52d092f11ebbdaeac1f6bf848b6,chunk_packed_128,chunk,packed,0.0,0.0,0.0,0.0,0.4365,0.5,126.0,1.0,1.0
6a765fc60bb011ebab90acde48001122,chunk_packed_128,chunk,packed,0.0,0.0,0.0,0.6667,0.5463,0.5,108.0,1.0,1.0
0c4973520bb011ebab90acde48001122,chunk_packed_128,chunk,packed,0.0,0.1667,0.0,1.0,0.0,0.0,108.0,1.0,1.0
350ec8b80bde11eba7f7acde48001122,chunk_packed_128,chunk,packed,0.0,0.6667,1.0,1.0,0.3902,1.0,123.0,1.0,1.0
16d7da20087911ebbd67ac1f6bf848b6,chunk_packed_128,chunk,packed,0.0,0.0,0.0,0.0,0.3968,1.0,126.0,1.0,1.0
d60529440baf11ebab90acde48001122,chunk_packed_128,chunk,packed,0.0,0.0,0.0,0.0,0.424,0.5,125.0,0.5,0.0
400bf8800bde11eba7f7acde48001122,chunk_packed_128,chunk,packed,0.0,0.5,0.0,0.6667,0.4646,1.0,127.0,1.0,1.0
725dc29a0bda11eba7f7acde48001122,chunk_packed_128,chunk,packed,0.0,0.0,0.0,0.0,0.0,0.0,124.0,0.5,0.0
c99c181e08b911ebbd88ac1f6bf848b6,chunk_packed_128,chunk,packed,1.0,1.0,1.0,1.0,0.623,0.5,122.0,0.5,0.0
1eeb91060bde11eba7f7acde48001122,chunk_packed_128,chunk,packed,0.0,0.0,0.0,0.0,0.0,0.0,102.0,1.0,1.0
27944f240bdd11eba7f7acde48001122,chunk_packed_128,chunk,packed,1.0,1.0,0.0,0.0,0.0,0.0,99.0,0.5,0.0
0254eea408b911ebbd88ac1f6bf848b6,chunk_packed_128,chunk,packed,0.0,0.0,0.0,0.25,0.339,0.5,118.0,1.0,1.0
f48667b80bda11eba7f7acde48001122,chunk_packed_128,chunk,packed,0.0,0.0,0.0,0.0,0.0,0.0,122.0,0.5,0.0
8145e4de0baf11ebab90acde48001122,chunk_packed_128,chunk,packed,0.0,0.0,0.0,0.0,0.0,0.0,111.0,0.5,0.0
62ce8c8e0bde11eba7f7acde48001122,chunk_packed_128,chunk,packed,0.0,0.0,1.0,1.0,0.5528,0.5,123.0,0.5,0.0
ae30933a088b11ebbd6fac1f6bf848b6,chunk_packed_128,chunk,packed,0.0,0.0,0.0,0.0,0.2667,0.25,120.0,0.5,0.0
7e3f262c0bd911eba7f7acde48001122,chunk_packed_128,chunk,packed,0.0,0.0,0.0,0.0,0.1301,0.5,123.0,0.5,0.0
fac0692508c111ebbd8bac1f6bf848b6,chunk_packed_128,chunk,packed,1.0,1.0,1.0,1.0,0.5781,1.0,128.0,1.0,1.0
21832f3c0bde11eba7f7acde48001122,chunk_packed_128,chunk,packed,0.0,0.0,0.0,0.0,0.4016,0.5,122.0,1.0,1.0
6d1fa90e086711ebbd5eac1f6bf848b6,chunk_packed_128,chunk,packed,0.0,0.0,1.0,1.0,0.3968,1.0,126.0,1.0,1.0
566c1e2c08a811ebbd7fac1f6bf848b6,chunk_packed_128,chunk,packed,0.0,0.0,1.0,1.0,0.6667,0.5,126.0,0.5,0.0
8682d20708d311ebbd96ac1f6bf848b6,chunk_packed_128,chunk,packed,1.0,1.0,1.0,1.0,0.656,0.5,125.0,0.5,0.0
33a140280bde11eba7f7acde48001122,chunk_packed_128,chunk,packed,0.0,0.0,0.0,0.0,0.0,0.0,96.0,0.5,0.0
c6ac8fcc0bdd11eba7f7acde48001122,chunk_packed_128,chunk,packed,0.0,0.0,0.0,0.0,0.2583,0.5,120.0,1.0,1.0
ee559aaa08c211ebbd8cac1f6bf848b6,chunk_packed_128,chunk,packed,1.0,1.0,1.0,1.0,0.1695,0.25,118.0,0.5,0.0
17e3349208df11ebbd9fac1f6bf848b6,chunk_packed_128,chunk,packed,0.0,0.0,0.0,0.5,0.5354,1.0,127.0,1.0,1.0
beb3605c0bdd11eba7f7acde48001122,chunk_packed_128,chunk,packed,0.0,0.0,0.0,0.0,0.2033,0.5,123.0,0.5,0.0
fcdafe320bdb11eba7f7acde48001122,chunk_packed_128,chunk,packed,0.0,0.0,0.0,0.0,0.2696,0.5,115.0,0.5,0.0
28669c5a0bdc11eba7f7acde48001122,chunk_packed_128,chunk,packed,1.0,1.0,1.0,1.0,0.6847,1.0,111.0,1.0,1.0
bd00729c0bdb11eba7f7acde48001122,chunk_packed_128,chunk,packed,0.0,0.0,1.0,1.0,0.2619,0.5,126.0,0.5,0.0
a9bdb2a4099a11ebbdb0ac1f6bf848b6,chunk_packed_128,chunk,packed,0.0,0.0,0.0,0.0,0.4453,1.0,128.0,1.0,1.0
1ec21fed08a511ebbd7dac1f6bf848b6,chunk_packed_128,chunk,packed,0.0,0.0,0.0,0.0,0.5333,0.5,105.0,0.5,0.0
9a1b06b60bdb11eba7f7acde48001122,chunk_packed_128,chunk,packed,0.0,0.0,0.0,0.0,0.0855,0.5,117.0,0.5,0.0
c598b04f095211ebbdaeac1f6bf848b6,chunk_packed_128,chunk,packed,1.0,1.0,1.0,1.0,0.6337,1.0,101.0,1.0,1.0
5ead23420baf11ebab90acde48001122,chunk_packed_128,chunk,packed,0.0,0.5,1.0,1.0,0.3333,0.5,102.0,1.0,1.0
101a05820bdd11eba7f7acde48001122,chunk_packed_128,chunk,packed,0.0,0.0,0.0,0.3333,0.1933,0.5,119.0,0.5,0.0
0302950e096311ebbdafac1f6bf848b6,chunk_packed_128,chunk,packed,1.0,1.0,1.0,1.0,0.8571,1.0,126.0,1.0,1.0
016e72260bdc11eba7f7acde48001122,chunk_packed_128,chunk,packed,0.0,0.0,0.0,0.0,0.3226,0.5,124.0,0.5,0.0
f2ff844c0bda11eba7f7acde48001122,chunk_packed_128,chunk,packed,0.0,0.0,0.0,0.5,0.3226,0.5,124.0,0.5,0.0
188e20a60bdb11eba7f7acde48001122,chunk_packed_128,chunk,packed,0.0,0.0,0.0,0.0,0.0,0.0,102.0,0.5,0.0
fc26ee1c08d211ebbd96ac1f6bf848b6,chunk_packed_128,chunk,packed,1.0,1.0,0.0,0.0,0.7073,0.5,123.0,0.75,0.0
e95acdbc085f11ebbd5dac1f6bf848b6,chunk_packed_128,chunk,packed,1.0,1.0,1.0,1.0,0.661,0.5,118.0,0.5,0.0
eeafddd00bdd11eba7f7acde48001122,chunk_packed_128,chunk,packed,1.0,1.0,1.0,1.0,0.4219,1.0,128.0,1.0,1.0
47219fad085111ebbd58ac1f6bf848b6,chunk_packed_128,chunk,packed,0.0,0.0,0.0,0.0,0.2979,0.5,94.0,1.0,1.0
c370b4540bd911eba7f7acde48001122,chunk_packed_128,chunk,packed,0.0,0.0,0.0,0.0,0.1557,0.5,122.0,1.0,1.0
2ba9b53c0bdc11eba7f7acde48001122,chunk_packed_128,chunk,packed,0.0,0.0,0.0,0.0,0.1613,0.5,124.0,0.5,0.0
a6202170089911ebbd77ac1f6bf848b6,chunk_packed_128,chunk,packed,1.0,1.0,1.0,1.0,0.6667,0.5,114.0,0.5,0.0
b7fa1522089911ebbd77ac1f6bf848b6,chunk_packed_128,chunk,packed,0.0,0.0,1.0,1.0,0.4492,0.5,118.0,0.5,0.0
2210c90b08c811ebbd91ac1f6bf848b6,chunk_packed_128,chunk,packed,1.0,1.0,0.0,0.0,1.0,0.5,107.0,0.5,0.0
6bbe4cf80bd911eba7f7acde48001122,chunk_packed_128,chunk,packed,0.0,0.0,0.0,0.0,0.4274,0.5,124.0,0.5,0.0
01c9f7960bdb11eba7f7acde48001122,chunk_packed_128,chunk,packed,0.0,0.0,0.0,0.0,0.0,0.0,124.0,0.0,0.0
8894ca2808e111ebbda2ac1f6bf848b6,chunk_packed_128,chunk,packed,0.0,0.0,1.0,1.0,0.3333,0.25,108.0,0.5,0.0
fd704fe00bdc11eba7f7acde48001122,chunk_packed_128,chunk,packed,0.0,0.0,1.0,1.0,0.4286,0.5,126.0,1.0,1.0
375e7e4408c611ebbd90ac1f6bf848b6,chunk_packed_128,chunk,packed,1.0,1.0,0.0,0.0,0.6303,0.5,119.0,0.5,0.0
b583abd20baf11ebab90acde48001122,chunk_packed_128,chunk,packed,0.0,0.0,0.0,0.5,0.3545,0.5,110.0,0.5,0.0
f7a3d98a08ab11ebbd82ac1f6bf848b6,chunk_packed_128,chunk,packed,1.0,1.0,0.0,0.0,0.0,0.0,126.0,0.5,0.0
61644425091011ebbdadac1f6bf848b6,chunk_packed_128,chunk,packed,0.0,0.0,0.0,0.0,0.2951,0.5,122.0,1.0,1.0
32edaabe0bb011ebab90acde48001122,chunk_packed_128,chunk,packed,0.0,0.0,0.0,0.5,0.5118,0.5,127.0,0.5,0.0
002f12240bde11eba7f7acde48001122,chunk_packed_128,chunk,packed,0.0,0.0,0.0,0.0,0.2793,0.5,111.0,1.0,1.0
50d225540bde11eba7f7acde48001122,chunk_packed_128,chunk,packed,0.0,0.0,1.0,1.0,0.0,0.0,113.0,0.5,0.0
17904a03087611ebbd67ac1f6bf848b6,chunk_packed_128,chunk,packed,1.0,1.0,1.0,1.0,0.5,0.5,120.0,0.5,0.0
5a4826b00bde11eba7f7acde48001122,chunk_packed_128,chunk,packed,0.0,0.0,1.0,1.0,0.439,0.5,123.0,1.0,1.0
6dd9acf20bda11eba7f7acde48001122,chunk_packed_128,chunk,packed,0.0,0.0,0.0,0.0,0.1111,0.5,126.0,0.5,0.0
614eef2a0bde11eba7f7acde48001122,chunk_packed_128,chunk,packed,0.0,0.0,0.0,0.0,0.2547,0.5,106.0,0.5,0.0
73695ca80bda11eba7f7acde48001122,chunk_packed_128,chunk,packed,0.0,0.0,0.0,0.0,0.0945,0.5,127.0,0.5,0.0
150df73c086411ebbd5eac1f6bf848b6,chunk_packed_128,chunk,packed,1.0,1.0,1.0,1.0,0.3083,0.5,120.0,0.5,0.0
ac3e7fc3093711ebbdaeac1f6bf848b6,chunk_packed_128,chunk,packed,1.0,1.0,1.0,1.0,0.2193,0.5,114.0,1.0,1.0
5cad7ed608a111ebbd79ac1f6bf848b6,chunk_packed_128,chunk,packed,1.0,1.0,0.0,0.6667,0.5574,1.0,122.0,1.0,1.0
172fd661094811ebbdaeac1f6bf848b6,chunk_packed_128,chunk,packed,0.0,0.0,1.0,1.0,0.5182,1.0,110.0,1.0,1.0
222bd7ec0bdc11eba7f7acde48001122,chunk_packed_128,chunk,packed,0.0,0.6667,1.0,1.0,0.6116,1.0,121.0,1.0,1.0
39c32aa2086411ebbd5eac1f6bf848b6,chunk_packed_128,chunk,packed,0.0,0.0,0.0,0.0,0.1919,0.5,99.0,1.0,1.0
7379ce100bdc11eba7f7acde48001122,chunk_packed_128,chunk,packed,0.0,0.0,0.0,0.0,0.2835,0.5,127.0,0.5,0.0
61e86d5a0bdc11eba7f7acde48001122,chunk_packed_128,chunk,packed,0.0,0.0,0.0,0.3333,0.2031,0.5,128.0,0.5,0.0
d05cc8bf08c911ebbd92ac1f6bf848b6,chunk_packed_128,chunk,packed,0.0,0.0,1.0,1.0,0.7455,0.5,110.0,0.5,0.0
408a8365085311ebbd59ac1f6bf848b6,chunk_packed_128,chunk,packed,0.0,0.0,0.0,0.0,0.1304,0.25,115.0,0.25,0.0
eb18f7ac0baf11ebab90acde48001122,chunk_packed_128,chunk,packed,0.0,0.0,0.0,0.3333,0.0,0.0,120.0,0.5,0.0
0290cd840baf11ebab90acde48001122,chunk_packed_128,chunk,packed,0.0,0.0,1.0,1.0,0.2698,0.5,126.0,1.0,1.0
6ff41ad6087411ebbd67ac1f6bf848b6,chunk_packed_128,chunk,packed,1.0,1.0,1.0,1.0,0.5859,1.0,128.0,1.0,1.0
05dac2220bde11eba7f7acde48001122,chunk_packed_128,chunk,packed,0.0,0.0,1.0,1.0,0.5556,1.0,117.0,1.0,1.0
b1bb441b08e411ebbda4ac1f6bf848b6,chunk_packed_128,chunk,packed,1.0,1.0,1.0,1.0,0.3608,0.5,97.0,1.0,1.0
132a5430085d11ebbd5cac1f6bf848b6,chunk_packed_128,chunk,packed,0.0,0.0,0.0,0.0,0.5234,1.0,128.0,1.0,1.0
a664606d087e11ebbd6bac1f6bf848b6,chunk_packed_128,chunk,packed,1.0,1.0,1.0,1.0,0.6667,0.5,120.0,0.5,0.0
eec1dcfb08b911ebbd88ac1f6bf848b6,chunk_packed_128,chunk,packed,1.0,1.0,1.0,1.0,0.7404,0.5,104.0,0.5,0.0
bc90ed3208a211ebbd7bac1f6bf848b6,chunk_packed_128,chunk,packed,1.0,1.0,0.0,0.0,0.425,0.25,120.0,0.5,0.0
32c37ce40bdd11eba7f7acde48001122,chunk_packed_128,chunk,packed,0.0,0.0,0.0,0.0,0.0,0.0,100.0,0.5,0.0
0163c020087511ebbd67ac1f6bf848b6,chunk_packed_128,chunk,packed,0.0,0.0,1.0,1.0,0.5478,0.5,115.0,0.5,0.0
56d2ffcd08d811ebbd9aac1f6bf848b6,chunk_packed_128,chunk,packed,0.0,0.0,0.0,0.0,0.7521,0.5,121.0,0.5,0.0
dd5d3c540bdc11eba7f7acde48001122,chunk_packed_128,chunk,packed,0.0,0.0,0.0,0.0,0.2261,0.5,115.0,0.5,0.0
21d392780bda11eba7f7acde48001122,chunk_packed_128,chunk,packed,0.0,0.0,0.0,0.0,0.3148,0.5,108.0,0.5,0.0
ac2e1b900bdb11eba7f7acde48001122,chunk_packed_128,chunk,packed,0.0,0.0,0.0,0.3333,0.2521,0.5,119.0,0.5,0.0
95fc614a0bdd11eba7f7acde48001122,chunk_packed_128,chunk,packed,0.0,0.0,0.0,0.0,0.325,0.5,120.0,0.5,0.0
7a01a52a089c11ebbd78ac1f6bf848b6,chunk_packed_128,chunk,packed,0.0,0.0,1.0,1.0,0.5242,0.5,124.0,0.5,0.0
402d63d00bde11eba7f7acde48001122,chunk_packed_128,chunk,packed,0.0,0.0,0.0,0.0,0.0,0.0,125.0,0.5,0.0
a5e6e806084911ebbd55ac1f6bf848b6,chunk_packed_128,chunk,packed,1.0,1.0,1.0,1.0,0.5122,0.5,123.0,0.5,0.0
7019886b093511ebbdaeac1f6bf848b6,chunk_packed_128,chunk,packed,1.0,1.0,1.0,1.0,0.4375,1.0,128.0,1.0,1.0
05ca361608a511ebbd7dac1f6bf848b6,chunk_packed_128,chunk,packed,1.0,1.0,0.0,0.5,0.5433,1.0,127.0,1.0,1.0
227adf2c086c11ebbd60ac1f6bf848b6,chunk_packed_128,chunk,packed,0.0,0.0,0.0,0.0,0.3704,0.25,108.0,0.5,0.0
35e09904086b11ebbd5fac1f6bf848b6,chunk_packed_128,chunk,packed,1.0,1.0,1.0,1.0,0.4488,0.5,127.0,0.5,0.0
cf357f9008cf11ebbd95ac1f6bf848b6,chunk_packed_128,chunk,packed,1.0,1.0,1.0,1.0,0.7266,1.0,128.0,1.0,1.0
9b59e0500baf11ebab90acde48001122,chunk_packed_128,chunk,packed,0.0,0.0,0.0,0.8,0.36,0.5,125.0,0.5,0.0
c226acb1087e11ebbd6bac1f6bf848b6,chunk_packed_128,chunk,packed,0.0,0.0,0.0,0.0,0.6068,0.5,117.0,0.5,0.0
e5d416220bdd11eba7f7acde48001122,chunk_packed_128,chunk,packed,1.0,1.0,1.0,1.0,0.4808,0.5,104.0,1.0,1.0
97d4622f089f11ebbd78ac1f6bf848b6,chunk_packed_128,chunk,packed,0.0,0.0,1.0,1.0,0.5678,1.0,118.0,1.0,1.0
f36fd8e208b911ebbd88ac1f6bf848b6,chunk_packed_128,chunk,packed,1.0,1.0,1.0,1.0,0.512,1.0,125.0,1.0,1.0
e1cfab340bda11eba7f7acde48001122,chunk_packed_128,chunk,packed,0.0,0.0,0.0,0.0,0.2778,0.5,126.0,0.5,0.0
51b179a20bd911eba7f7acde48001122,chunk_packed_128,chunk,packed,0.0,0.0,0.0,0.3333,0.3167,0.5,120.0,0.5,0.0
3f0a5317085d11ebbd5cac1f6bf848b6,chunk_packed_128,chunk,packed,0.0,0.0,1.0,1.0,0.5505,0.5,109.0,0.5,0.0
62a9691e0bb011ebab90acde48001122,chunk_packed_128,chunk,packed,0.0,0.0,1.0,1.0,0.7661,1.0,124.0,1.0,1.0
f329c007089011ebbd72ac1f6bf848b6,chunk_packed_128,chunk,packed,1.0,1.0,1.0,1.0,0.5203,0.5,123.0,0.5,0.0
66ce82ec0bdb11eba7f7acde48001122,chunk_packed_128,chunk,packed,0.0,0.0,0.0,0.0,0.2047,0.5,127.0,0.5,0.0
6605282808b811ebbd88ac1f6bf848b6,chunk_packed_128,chunk,packed,1.0,1.0,0.0,0.0,0.8487,0.5,119.0,0.5,0.0
1865e1e40bdc11eba7f7acde48001122,chunk_packed_128,chunk,packed,0.0,0.0,0.0,0.0,0.0,0.0,106.0,0.5,0.0
f0cba8e408cc11ebbd93ac1f6bf848b6,chunk_packed_128,chunk,packed,0.0,0.0,0.0,0.0,0.605,0.5,119.0,0.5,0.0
5b542d2c0bdb11eba7f7acde48001122,chunk_packed_128,chunk,packed,0.0,0.0,0.0,0.0,0.1765,0.5,119.0,0.5,0.0
b6ad2a6e0bdd11eba7f7acde48001122,chunk_packed_128,chunk,packed,0.0,0.0,0.0,0.0,0.3802,0.5,121.0,0.5,0.0
09945977084d11ebbd56ac1f6bf848b6,chunk_packed_128,chunk,packed,0.0,0.0,0.0,0.0,0.5133,0.5,113.0,1.0,1.0
f52b28400bdd11eba7f7acde48001122,chunk_packed_128,chunk,packed,0.0,0.0,0.0,0.6667,0.3421,0.5,114.0,1.0,1.0
b01239cf086311ebbd5eac1f6bf848b6,chunk_packed_128,chunk,packed,0.0,0.0,0.0,0.5,0.3628,0.5,113.0,1.0,1.0
1f5901840bdc11eba7f7acde48001122,chunk_packed_128,chunk,packed,0.0,0.0,0.0,0.0,0.0,0.0,106.0,0.5,0.0
2f1729d608c911ebbd92ac1f6bf848b6,chunk_packed_128,chunk,packed,1.0,1.0,1.0,1.0,0.4032,0.5,124.0,0.5,0.0
fbc3b82c0bae11ebab90acde48001122,chunk_packed_128,chunk,packed,0.0,0.0,0.0,0.5,0.0,0.0,123.0,0.5,0.0
fd68c8f6085311ebbd59ac1f6bf848b6,chunk_packed_128,chunk,packed,0.0,0.0,0.0,0.0,0.2069,0.5,116.0,1.0,1.0
c240018708a311ebbd7cac1f6bf848b6,chunk_packed_128,chunk,packed,1.0,1.0,0.0,0.0,0.4865,0.5,111.0,1.0,1.0
0628ed440bde11eba7f7acde48001122,chunk_packed_128,chunk,packed,0.0,0.0,1.0,1.0,0.7368,1.0,114.0,1.0,1.0
54b3c3a60bdb11eba7f7acde48001122,chunk_packed_128,chunk,packed,0.0,0.0,0.0,0.0,0.2385,0.5,109.0,0.5,0.0
bbccb00a08c211ebbd8cac1f6bf848b6,chunk_packed_128,chunk,packed,0.0,0.0,0.0,0.0,0.0938,0.25,128.0,0.25,0.0
e67fed800bdd11eba7f7acde48001122,chunk_packed_128,chunk,packed,0.0,0.0,1.0,1.0,0.5469,0.5,128.0,1.0,1.0
ace961ec0baf11ebab90acde48001122,chunk_packed_128,chunk,packed,0.0,0.0,0.0,0.0,0.0,0.0,116.0,0.5,0.0
0f1f491c088611ebbd6dac1f6bf848b6,chunk_packed_128,chunk,packed,0.0,0.0,1.0,1.0,0.24,0.5,100.0,1.0,1.0
e6998c7e08de11ebbd9fac1f6bf848b6,chunk_packed_128,chunk,packed,0.0,0.0,1.0,1.0,0.1416,0.25,113.0,0.5,0.0
183402b6086511ebbd5eac1f6bf848b6,chunk_packed_128,chunk,packed,1.0,1.0,1.0,1.0,0.384,0.25,125.0,0.5,0.0
f5e7f8f80bdd11eba7f7acde48001122,chunk_packed_128,chunk,packed,0.0,0.0,0.0,0.0,0.2857,0.5,126.0,0.5,0.0
d4a90752086a11ebbd5fac1f6bf848b6,chunk_packed_128,chunk,packed,0.0,0.0,0.0,0.0,0.2407,0.5,108.0,1.0,1.0
507b477408d811ebbd9aac1f6bf848b6,chunk_packed_128,chunk,packed,1.0,1.0,1.0,1.0,0.3307,1.0,127.0,1.0,1.0
6e2336660bde11eba7f7acde48001122,chunk_packed_128,chunk,packed,0.0,0.0,0.0,0.0,0.24,0.5,125.0,1.0,1.0
9b1655a108e511ebbda4ac1f6bf848b6,chunk_packed_128,chunk,packed,0.0,0.0,0.0,0.0,0.128,0.5,125.0,1.0,1.0
553ff092097f11ebbdb0ac1f6bf848b6,chunk_packed_128,chunk,packed,0.0,0.0,1.0,1.0,0.2333,1.0,120.0,1.0,1.0
6f0bdd140bdc11eba7f7acde48001122,chunk_packed_128,chunk,packed,0.0,0.0,0.0,0.0,0.374,0.5,123.0,0.5,0.0
2f3b107c0bde11eba7f7acde48001122,chunk_packed_128,chunk,packed,0.0,0.0,0.0,0.0,0.0,0.0,113.0,0.5,0.0
462bb642099211ebbdb0ac1f6bf848b6,chunk_packed_128,chunk,packed,0.0,0.0,0.0,0.0,0.6163,1.0,86.0,1.0,1.0
fc28c2e80bdc11eba7f7acde48001122,chunk_packed_128,chunk,packed,0.0,0.0,0.0,0.0,0.3387,0.5,124.0,0.5,0.0
3889ebc80bdc11eba7f7acde48001122,chunk_packed_128,chunk,packed,0.0,0.0,0.0,0.0,0.264,0.5,125.0,0.5,0.0
ce0a4f9408eb11ebbda7ac1f6bf848b6,chunk_packed_128,chunk,packed,0.0,0.0,0.0,0.0,0.6532,0.5,124.0,1.0,1.0
3ed396b0087f11ebbd6bac1f6bf848b6,chunk_packed_128,chunk,packed,0.0,0.0,1.0,1.0,0.7131,0.5,122.0,0.5,0.0
7e3574e8093c11ebbdaeac1f6bf848b6,chunk_packed_128,chunk,packed,1.0,1.0,1.0,1.0,0.0,0.0,115.0,0.5,0.0
80c2cafa08d911ebbd9cac1f6bf848b6,chunk_packed_128,chunk,packed,0.0,0.0,0.0,0.0,0.2202,0.25,109.0,0.5,0.0
bc702d440baf11ebab90acde48001122,chunk_packed_128,chunk,packed,0.0,0.0,0.0,0.0,0.1984,0.5,126.0,0.5,0.0
56f73ba60baf11ebab90acde48001122,chunk_packed_128,chunk,packed,0.0,0.3333,0.0,0.3333,0.4194,0.5,124.0,1.0,1.0
6dd2e77a0bb011ebab90acde48001122,chunk_packed_128,chunk,packed,0.0,0.0,0.0,0.0,0.3065,0.5,124.0,0.5,0.0
5fdf9c8008b311ebbd86ac1f6bf848b6,chunk_packed_128,chunk,packed,1.0,1.0,1.0,1.0,0.424,1.0,125.0,1.0,1.0
65884aca0baf11ebab90acde48001122,chunk_packed_128,chunk,packed,0.0,0.0,0.0,0.3333,0.0,0.0,115.0,0.5,0.0
416e88500bde11eba7f7acde48001122,chunk_packed_128,chunk,packed,0.0,0.0,0.0,0.6,0.4579,0.5,107.0,0.5,0.0
e715b66708be11ebbd8aac1f6bf848b6,chunk_packed_128,chunk,packed,0.0,0.0,0.0,0.0,0.217,0.5,106.0,0.5,0.0
41edeed3085b11ebbd5cac1f6bf848b6,chunk_packed_128,chunk,packed,0.0,0.0,0.0,0.0,0.2456,0.5,114.0,1.0,1.0
a346f150089811ebbd77ac1f6bf848b6,chunk_packed_128,chunk,packed,1.0,1.0,0.0,0.9,0.5476,0.25,126.0,0.75,0.0
600eac52085c11ebbd5cac1f6bf848b6,chunk_packed_128,chunk,packed,1.0,1.0,1.0,1.0,0.2917,0.5,120.0,0.5,0.0
6f7115240bde11eba7f7acde48001122,chunk_packed_128,chunk,packed,0.0,0.0,0.0,0.0,0.2347,0.5,98.0,0.5,0.0
c1b112a00baf11ebab90acde48001122,chunk_packed_128,chunk,packed,0.0,0.0,0.0,0.0,0.6038,0.5,106.0,0.5,0.0
371c1d5e0bde11eba7f7acde48001122,chunk_packed_128,chunk,packed,0.0,0.0,0.0,0.0,0.0,0.0,124.0,0.5,0.0
69e65bfb08d711ebbd9aac1f6bf848b6,chunk_packed_128,chunk,packed,1.0,1.0,1.0,1.0,0.1129,0.25,124.0,0.5,0.0
dd01c8180bd911eba7f7acde48001122,chunk_packed_128,chunk,packed,0.0,0.0,0.0,0.0,0.2778,0.5,126.0,1.0,1.0
ab94845c0baf11ebab90acde48001122,chunk_packed_128,chunk,packed,0.0,0.0,0.0,0.0,0.0,0.0,126.0,0.5,0.0
6434ea6708eb11ebbda7ac1f6bf848b6,chunk_packed_128,chunk,packed,0.0,0.0,0.0,0.0,0.6333,1.0,120.0,1.0,1.0
57df2e7e0bb011ebab90acde48001122,chunk_packed_128,chunk,packed,0.0,0.0,0.0,0.0,0.2143,0.5,126.0,0.5,0.0
4313e1320bde11eba7f7acde48001122,chunk_packed_128,chunk,packed,0.0,0.0,0.0,0.0,0.0,0.0,126.0,0.5,0.0
6f1c59360bdd11eba7f7acde48001122,chunk_packed_128,chunk,packed,0.0,0.0,0.0,0.0,0.2857,0.5,105.0,0.5,0.0
3cd45771086e11ebbd62ac1f6bf848b6,chunk_packed_128,chunk,packed,1.0,1.0,0.0,0.0,0.2353,1.0,119.0,1.0,1.0
b3e0284c087011ebbd63ac1f6bf848b6,chunk_packed_128,chunk,packed,1.0,1.0,1.0,1.0,0.0,0.0,105.0,1.0,1.0
0db3321208d311ebbd96ac1f6bf848b6,chunk_packed_128,chunk,packed,1.0,1.0,1.0,1.0,0.3659,1.0,123.0,1.0,1.0
09c3e79c0bde11eba7f7acde48001122,chunk_packed_128,chunk,packed,0.0,0.0,0.0,0.0,0.5175,0.5,114.0,0.5,0.0
49409db4093711ebbdaeac1f6bf848b6,chunk_packed_128,chunk,packed,0.0,0.0,1.0,1.0,0.5635,1.0,126.0,1.0,1.0
e476b380090c11ebbdadac1f6bf848b6,chunk_packed_128,chunk,packed,0.0,0.0,0.0,0.3333,0.6638,0.5,116.0,1.0,1.0
ba07c82908e411ebbda4ac1f6bf848b6,chunk_packed_128,chunk,packed,0.0,0.0,0.0,0.0,0.312,0.5,125.0,1.0,1.0
5410b503086c11ebbd61ac1f6bf848b6,chunk_packed_128,chunk,packed,0.0,0.0,0.0,0.0,0.2,0.5,125.0,1.0,1.0
accfdb580bd911eba7f7acde48001122,chunk_packed_128,chunk,packed,0.0,0.0,0.0,0.0,0.5304,0.5,115.0,1.0,1.0
5ed727980bda11eba7f7acde48001122,chunk_packed_128,chunk,packed,0.0,0.0,0.0,0.0,0.0,0.0,83.0,0.5,0.0
08d7d0d20bde11eba7f7acde48001122,chunk_packed_128,chunk,packed,0.0,0.0,0.0,0.0,0.3594,1.0,128.0,1.0,1.0
9f9460460bdc11eba7f7acde48001122,chunk_packed_128,chunk,packed,0.0,0.0,0.0,0.5,0.3577,0.5,123.0,1.0,1.0
d7af391708bb11ebbd88ac1f6bf848b6,chunk_packed_128,chunk,packed,0.0,0.0,0.0,0.0,0.6339,0.5,112.0,0.5,0.0
f2abc5580bdc11eba7f7acde48001122,chunk_packed_128,chunk,packed,0.0,0.0,0.0,0.0,0.5,1.0,128.0,1.0,1.0
5839dbac0bde11eba7f7acde48001122,chunk_packed_128,chunk,packed,0.0,0.0,0.0,0.0,0.2031,0.5,128.0,0.5,0.0
26d0b2f2085511ebbd59ac1f6bf848b6,chunk_packed_128,chunk,packed,0.0,0.0,1.0,1.0,0.8302,1.0,106.0,1.0,1.0
6b10f275096011ebbdafac1f6bf848b6,chunk_packed_128,chunk,packed,0.0,0.0,0.0,0.0,0.3548,0.5,124.0,1.0,1.0
84414bf00bb011ebab90acde48001122,chunk_packed_128,chunk,packed,0.0,0.0,0.0,0.3333,0.3223,0.5,121.0,1.0,1.0
bedf588e0baf11ebab90acde48001122,chunk_packed_128,chunk,packed,0.0,0.0,0.0,0.5,0.0,0.0,114.0,0.5,0.0
3101726e0bdb11eba7f7acde48001122,chunk_packed_128,chunk,packed,0.0,0.0,0.0,0.0,0.1404,0.5,114.0,0.5,0.0
6e88d85e0bde11eba7f7acde48001122,chunk_packed_128,chunk,packed,0.0,0.0,0.0,0.0,0.6172,0.5,128.0,1.0,1.0
597a6ac20bd911eba7f7acde48001122,chunk_packed_128,chunk,packed,0.0,0.0,0.0,0.0,0.4435,0.5,115.0,0.5,0.0
0c4804540bb011ebab90acde48001122,chunk_packed_128,chunk,packed,0.0,0.75,0.0,1.0,0.544,1.0,125.0,1.0,1.0
76b617e40bde11eba7f7acde48001122,chunk_packed_128,chunk,packed,0.0,0.0,0.0,0.6667,0.456,0.5,125.0,0.5,0.0
2b9500fe0bde11eba7f7acde48001122,chunk_packed_128,chunk,packed,0.0,0.0,1.0,1.0,0.685,1.0,127.0,1.0,1.0
2acf91800bdd11eba7f7acde48001122,chunk_packed_128,chunk,packed,0.0,0.0,0.0,0.0,0.3171,0.5,123.0,0.5,0.0
6875b330086711ebbd5eac1f6bf848b6,chunk_packed_128,chunk,packed,0.0,0.0,0.0,0.75,0.5575,0.5,113.0,0.5,0.0
1332d0ca0bdb11eba7f7acde48001122,chunk_packed_128,chunk,packed,0.0,0.0,0.0,0.25,0.2627,0.5,118.0,0.5,0.0
39aec54808ab11ebbd81ac1f6bf848b6,chunk_packed_128,chunk,packed,1.0,1.0,1.0,1.0,0.4127,0.25,126.0,0.75,0.0
4fb9d00c0bdb11eba7f7acde48001122,chunk_packed_128,chunk,packed,0.0,0.0,0.0,0.0,0.0,0.0,118.0,0.5,0.0
64ed06f40bdd11eba7f7acde48001122,chunk_packed_128,chunk,packed,0.0,0.0,0.0,0.0,0.4,0.5,105.0,0.5,0.0
de95e2e408ad11ebbd83ac1f6bf848b6,chunk_packed_128,chunk,packed,1.0,1.0,0.0,0.0,0.2778,0.5,126.0,0.5,0.0
214beb5e0bb011ebab90acde48001122,chunk_packed_128,chunk,packed,0.0,0.0,0.0,0.0,0.2549,0.5,102.0,0.5,0.0
8cdc97de0bdc11eba7f7acde48001122,chunk_packed_128,chunk,packed,0.0,0.0,0.0,0.0,0.2167,0.5,120.0,1.0,1.0
5be3d2e7089411ebbd75ac1f6bf848b6,chunk_packed_128,chunk,packed,0.0,0.0,1.0,1.0,0.44,0.5,125.0,0.5,0.0
e9b332fd089811ebbd77ac1f6bf848b6,chunk_packed_128,chunk,packed,1.0,1.0,0.0,0.0,1.0,1.0,120.0,1.0,1.0
bdacec5e085f11ebbd5dac1f6bf848b6,chunk_packed_128,chunk,packed,0.0,0.0,1.0,1.0,0.4344,0.5,122.0,0.5,0.0
2d319a460bdc11eba7f7acde48001122,chunk_packed_128,chunk,packed,0.0,0.0,0.0,0.0,0.5429,0.5,105.0,0.5,0.0
bb965c8508af11ebbd83ac1f6bf848b6,chunk_packed_128,chunk,packed,1.0,1.0,1.0,1.0,1.0,0.5,113.0,0.5,0.0
78ba517c0bd911eba7f7acde48001122,chunk_packed_128,chunk,packed,0.0,0.0,0.0,0.0,0.0496,0.5,121.0,1.0,1.0
f5648762086711ebbd5eac1f6bf848b6,chunk_packed_128,chunk,packed,1.0,1.0,1.0,1.0,0.6016,0.5,128.0,0.5,0.0
fa7ad32b093411ebbdaeac1f6bf848b6,chunk_packed_128,chunk,packed,0.0,0.0,0.0,0.3333,0.1484,0.5,128.0,0.5,0.0
0c818a160bde11eba7f7acde48001122,chunk_packed_128,chunk,packed,0.0,0.0,0.0,0.0,0.5669,0.5,127.0,0.5,0.0
803a31b9089d11ebbd78ac1f6bf848b6,chunk_packed_128,chunk,packed,0.0,0.0,0.0,0.0,0.7826,0.75,115.0,0.75,0.0
75fbf09a08c711ebbd91ac1f6bf848b6,chunk_packed_128,chunk,packed,0.0,0.0,0.0,0.0,0.0945,0.25,127.0,0.25,0.0
070e4d940bde11eba7f7acde48001122,chunk_packed_128,chunk,packed,1.0,1.0,1.0,1.0,0.754,1.0,126.0,1.0,1.0
ef0db64a08f311ebbdaaac1f6bf848b6,chunk_packed_128,chunk,packed,0.0,0.0,0.0,0.0,0.4365,0.5,126.0,1.0,1.0
a2745ec4085d11ebbd5cac1f6bf848b6,chunk_packed_128,chunk,packed,0.0,0.0,0.0,0.0,0.888,0.5,125.0,1.0,1.0
86a396ba0bdc11eba7f7acde48001122,chunk_packed_128,chunk,packed,0.0,0.0,0.0,0.0,0.1789,0.5,123.0,0.5,0.0
99e45ebc08e411ebbda4ac1f6bf848b6,chunk_packed_128,chunk,packed,1.0,1.0,0.0,0.75,0.7107,0.5,121.0,0.5,0.0
bf514e0208db11ebbd9cac1f6bf848b6,chunk_packed_128,chunk,packed,1.0,1.0,1.0,1.0,0.3148,0.25,108.0,0.5,0.0
e64faf900baf11ebab90acde48001122,chunk_packed_128,chunk,packed,0.0,0.0,0.0,0.5,0.5405,0.5,111.0,0.5,0.0
2eb4b1040bb011ebab90acde48001122,chunk_packed_128,chunk,packed,0.0,0.0,0.0,0.4,0.0,0.0,127.0,0.5,0.0
6f0a6a5e0bde11eba7f7acde48001122,chunk_packed_128,chunk,packed,0.0,0.0,0.0,0.0,0.2119,0.5,118.0,1.0,1.0
c4b2a1660bdd11eba7f7acde48001122,chunk_packed_128,chunk,packed,0.0,0.0,0.0,0.0,0.6825,1.0,126.0,1.0,1.0
45153f740bdb11eba7f7acde48001122,chunk_packed_128,chunk,packed,0.0,0.0,0.0,0.0,0.4094,0.5,127.0,1.0,1.0
53d6ad2a0bb011ebab90acde48001122,chunk_packed_128,chunk,packed,1.0,1.0,1.0,1.0,0.6328,0.5,128.0,1.0,1.0
be1e5c620bda11eba7f7acde48001122,chunk_packed_128,chunk,packed,0.0,0.0,1.0,1.0,0.6529,1.0,121.0,1.0,1.0
e2537e7808ab11ebbd82ac1f6bf848b6,chunk_packed_128,chunk,packed,0.0,0.0,1.0,1.0,1.0,0.5,113.0,0.5,0.0
3b63d2fe089511ebbd75ac1f6bf848b6,chunk_packed_128,chunk,packed,0.0,0.0,0.0,0.0,0.0,0.0,120.0,1.0,1.0
e46c530a0bae11ebab90acde48001122,chunk_packed_128,chunk,packed,0.0,0.0,0.0,0.0,0.0,0.0,127.0,0.5,0.0
16e1bf00088511ebbd6dac1f6bf848b6,chunk_packed_128,chunk,packed,0.0,0.0,0.0,0.0,0.746,0.5,126.0,0.5,0.0
6a23ecc8089f11ebbd78ac1f6bf848b6,chunk_packed_128,chunk,packed,1.0,1.0,0.0,0.25,0.2328,0.25,116.0,0.5,0.0
1dbdfcea0bdb11eba7f7acde48001122,chunk_packed_128,chunk,packed,0.0,0.0,0.0,0.0,0.1102,0.5,127.0,0.5,0.0
d35ce724089911ebbd77ac1f6bf848b6,chunk_packed_128,chunk,packed,1.0,1.0,1.0,1.0,0.2846,0.5,123.0,1.0,1.0
f4e8557c085b11ebbd5cac1f6bf848b6,chunk_packed_128,chunk,packed,1.0,1.0,0.0,0.0,0.0,0.0,128.0,0.25,0.0
870142580bda11eba7f7acde48001122,chunk_packed_128,chunk,packed,0.0,0.0,0.0,0.0,0.6457,0.5,127.0,0.5,0.0
be9369c80bdd11eba7f7acde48001122,chunk_packed_128,chunk,packed,0.0,0.0,0.0,0.0,0.2031,0.5,128.0,0.5,0.0
5ff291a80bda11eba7f7acde48001122,chunk_packed_128,chunk,packed,0.0,0.0,0.0,0.0,0.2835,0.5,127.0,0.5,0.0
0c13a2ca088811ebbd6eac1f6bf848b6,chunk_packed_128,chunk,packed,1.0,1.0,1.0,1.0,0.6033,0.5,121.0,0.5,0.0
259721a608e511ebbda4ac1f6bf848b6,chunk_packed_128,chunk,packed,1.0,1.0,1.0,1.0,0.243,0.25,107.0,0.5,0.0
6ab2c3860baf11ebab90acde48001122,chunk_packed_128,chunk,packed,0.0,0.0,0.0,0.5,0.1619,0.5,105.0,0.5,0.0
3a47b9960bdb11eba7f7acde48001122,chunk_packed_128,chunk,packed,0.0,0.0,0.0,0.0,0.3455,0.5,110.0,0.5,0.0
ff36cddc08c011ebbd8aac1f6bf848b6,chunk_packed_128,chunk,packed,1.0,1.0,1.0,1.0,0.6504,0.5,123.0,0.5,0.0
721f557a0bdd11eba7f7acde48001122,chunk_packed_128,chunk,packed,0.0,0.0,0.0,0.0,0.1282,0.5,117.0,0.5,0.0
3dd414d2095211ebbdaeac1f6bf848b6,chunk_packed_128,chunk,packed,0.0,0.0,0.0,0.0,0.2344,0.5,128.0,0.5,0.0
ea755618087311ebbd67ac1f6bf848b6,chunk_packed_128,chunk,packed,0.0,0.0,1.0,1.0,0.5893,0.5,112.0,0.5,0.0
49eaffb0089411ebbd75ac1f6bf848b6,chunk_packed_128,chunk,packed,1.0,1.0,1.0,1.0,0.5246,0.5,122.0,0.5,0.0
de7b90800bdd11eba7f7acde48001122,chunk_packed_128,chunk,packed,0.0,0.6667,1.0,1.0,0.2381,0.5,126.0,0.5,0.0
0bc8838a0bda11eba7f7acde48001122,chunk_packed_128,chunk,packed,0.0,0.3333,0.0,0.3333,0.0,0.0,108.0,1.0,1.0
f9563b3a0bdd11eba7f7acde48001122,chunk_packed_128,chunk,packed,0.0,0.0,0.0,0.0,0.1484,0.5,128.0,0.5,0.0
47cc27fa08bb11ebbd88ac1f6bf848b6,chunk_packed_128,chunk,packed,1.0,1.0,0.0,0.0,0.2333,0.5,120.0,1.0,1.0
85cc412008b611ebbd88ac1f6bf848b6,chunk_packed_128,chunk,packed,0.0,0.0,0.0,0.0,0.1818,0.25,121.0,0.5,0.0
0a59ce0a08b711ebbd88ac1f6bf848b6,chunk_packed_128,chunk,packed,0.0,0.0,0.0,0.0,0.7934,1.0,121.0,1.0,1.0
72f602e60bb011ebab90acde48001122,chunk_packed_128,chunk,packed,0.0,0.0,1.0,1.0,0.1754,0.5,114.0,1.0,1.0
ae585fc20bd911eba7f7acde48001122,chunk_packed_128,chunk,packed,0.0,0.0,0.0,0.0,0.0,0.0,114.0,0.5,0.0
1c0f99380bdd11eba7f7acde48001122,chunk_packed_128,chunk,packed,0.0,0.0,0.0,0.0,0.3125,0.5,112.0,0.5,0.0
b534d99e098111ebbdb0ac1f6bf848b6,chunk_packed_128,chunk,packed,1.0,1.0,0.0,0.75,0.5962,0.5,104.0,1.0,1.0
406a4ee00bb011ebab90acde48001122,chunk_packed_128,chunk,packed,0.0,0.0,0.0,0.0,0.0,0.0,128.0,0.5,0.0
48d89aea0bd911eba7f7acde48001122,chunk_packed_128,chunk,packed,0.0,0.0,0.0,0.0,0.0,0.0,118.0,0.5,0.0
ece1bdae0bdb11eba7f7acde48001122,chunk_packed_128,chunk,packed,0.0,0.0,0.0,0.0,0.4597,0.5,124.0,0.5,0.0
ddbc0f6c0bdd11eba7f7acde48001122,chunk_packed_128,chunk,packed,0.0,0.0,0.0,0.0,0.0,0.0,91.0,1.0,1.0
168d081a0bb011ebab90acde48001122,chunk_packed_128,chunk,packed,0.0,0.1538,0.0,0.5,0.0,0.0,124.0,1.0,1.0
677658e80bde11eba7f7acde48001122,chunk_packed_128,chunk,packed,0.0,0.0,0.0,0.0,0.0,0.0,121.0,0.0,0.0
a994c54e0bdd11eba7f7acde48001122,chunk_packed_128,chunk,packed,0.0,0.0,0.0,0.0,0.2619,0.5,126.0,0.5,0.0
3b17c11308f011ebbda8ac1f6bf848b6,chunk_packed_128,chunk,packed,1.0,1.0,1.0,1.0,0.5333,1.0,120.0,1.0,1.0
552ac62c089311ebbd74ac1f6bf848b6,chunk_packed_128,chunk,packed,0.0,0.0,1.0,1.0,0.2362,0.5,127.0,1.0,1.0
6cfe1e5408ac11ebbd83ac1f6bf848b6,chunk_packed_128,chunk,packed,0.0,0.0,0.0,0.0,0.2072,0.25,111.0,0.75,0.0
695c85a1086a11ebbd5fac1f6bf848b6,chunk_packed_128,chunk,packed,0.0,0.0,1.0,1.0,0.5447,0.5,123.0,0.5,0.0
abf4c578090811ebbdadac1f6bf848b6,chunk_packed_128,chunk,packed,0.0,0.0,1.0,1.0,0.6378,1.0,127.0,1.0,1.0
eeea54e0085611ebbd59ac1f6bf848b6,chunk_packed_128,chunk,packed,1.0,1.0,1.0,1.0,0.5528,0.5,123.0,0.5,0.0
a400ea0a0bdc11eba7f7acde48001122,chunk_packed_128,chunk,packed,0.0,0.0,0.0,0.0,0.4016,0.5,127.0,0.5,0.0
6181829c0bb011ebab90acde48001122,chunk_packed_128,chunk,packed,0.0,0.0,0.0,0.4,0.0,0.0,128.0,0.5,0.0
c74ed73b088d11ebbd70ac1f6bf848b6,chunk_packed_128,chunk,packed,1.0,1.0,1.0,1.0,0.6417,0.5,120.0,0.5,0.0
61cc91aa088c11ebbd6fac1f6bf848b6,chunk_packed_128,chunk,packed,1.0,1.0,1.0,1.0,0.5847,0.5,118.0,0.75,0.0
d16aef420bda11eba7f7acde48001122,chunk_packed_128,chunk,packed,0.0,0.0,0.0,0.0,0.4917,0.5,120.0,0.5,0.0
632cef18089111ebbd73ac1f6bf848b6,chunk_packed_128,chunk,packed,0.0,0.0,1.0,1.0,0.4915,0.5,118.0,0.5,0.0
67d902140bb011ebab90acde48001122,chunk_packed_128,chunk,packed,0.0,0.0,0.0,0.0,0.2742,0.5,124.0,1.0,1.0
df25946e08b211ebbd85ac1f6bf848b6,chunk_packed_128,chunk,packed,0.0,0.0,1.0,1.0,0.2564,0.25,117.0,0.5,0.0
2a688326089c11ebbd78ac1f6bf848b6,chunk_packed_128,chunk,packed,1.0,1.0,1.0,1.0,0.4609,0.5,115.0,0.5,0.0
d7281cbe0baf11ebab90acde48001122,chunk_packed_128,chunk,packed,0.0,0.0,0.0,0.0,0.3305,0.5,118.0,0.5,0.0
0507b29d088c11ebbd6fac1f6bf848b6,chunk_packed_128,chunk,packed,1.0,1.0,1.0,1.0,0.504,1.0,125.0,1.0,1.0
f4c82ea208a411ebbd7dac1f6bf848b6,chunk_packed_128,chunk,packed,0.0,0.0,0.0,0.0,0.0,0.0,123.0,0.5,0.0
177e0eda0bde11eba7f7acde48001122,chunk_packed_128,chunk,packed,0.0,0.0,0.0,0.0,0.4531,0.5,128.0,0.5,0.0
cba75d3408ce11ebbd94ac1f6bf848b6,chunk_packed_128,chunk,packed,1.0,1.0,0.0,0.0,0.4844,1.0,128.0,1.0,1.0
650ae56108b911ebbd88ac1f6bf848b6,chunk_packed_128,chunk,packed,0.0,0.0,0.0,0.0,0.3889,0.25,108.0,0.5,0.0
3bee1660089911ebbd77ac1f6bf848b6,chunk_packed_128,chunk,packed,1.0,1.0,1.0,1.0,0.3889,0.5,126.0,0.5,0.0
befbd60c0bdd11eba7f7acde48001122,chunk_packed_128,chunk,packed,0.0,0.0,0.0,0.0,0.129,0.5,124.0,1.0,1.0
d94b8e3708e911ebbda7ac1f6bf848b6,chunk_packed_128,chunk,packed,1.0,1.0,0.0,0.75,0.2583,1.0,120.0,1.0,1.0
51c970e6097111ebbdb0ac1f6bf848b6,chunk_packed_128,chunk,packed,0.0,0.0,0.0,0.0,0.6667,1.0,105.0,1.0,1.0
ba08756a0bdd11eba7f7acde48001122,chunk_packed_128,chunk,packed,0.0,0.0,0.0,0.0,0.5294,0.5,85.0,1.0,1.0
2e28a87e0bda11eba7f7acde48001122,chunk_packed_128,chunk,packed,0.0,0.0,0.0,0.0,0.0,0.0,105.0,0.5,0.0
2164ef1e0bdd11eba7f7acde48001122,chunk_packed_128,chunk,packed,0.0,0.0,0.0,0.0,0.0,0.0,127.0,0.5,0.0
83aacaf008ee11ebbda8ac1f6bf848b6,chunk_packed_128,chunk,packed,0.0,0.0,0.0,0.3333,0.3214,0.5,112.0,1.0,1.0
cc93bb5c090711ebbdadac1f6bf848b6,chunk_packed_128,chunk,packed,1.0,1.0,1.0,1.0,0.2812,1.0,96.0,1.0,1.0
7aa58f360bdb11eba7f7acde48001122,chunk_packed_128,chunk,packed,0.0,0.0,0.0,0.0,0.1811,0.5,127.0,0.5,0.0
b9e30a520bdb11eba7f7acde48001122,chunk_packed_128,chunk,packed,0.0,0.0,0.0,0.0,0.3821,0.5,123.0,1.0,1.0
64f1e5e9086d11ebbd62ac1f6bf848b6,chunk_packed_128,chunk,packed,1.0,1.0,1.0,1.0,0.5738,0.5,122.0,0.5,0.0
7257a60608cb11ebbd92ac1f6bf848b6,chunk_packed_128,chunk,packed,0.0,0.0,0.0,0.0,0.0,0.0,127.0,0.5,0.0
d2c7402008bf11ebbd8aac1f6bf848b6,chunk_packed_128,chunk,packed,0.0,0.0,0.0,0.0,0.3306,0.25,121.0,0.5,0.0
17ec5f82095d11ebbdaeac1f6bf848b6,chunk_packed_128,chunk,packed,1.0,1.0,0.0,0.0,0.2598,0.5,127.0,1.0,1.0
f6e7e5a80bae11ebab90acde48001122,chunk_packed_128,chunk,packed,0.0,0.0,0.0,0.3333,0.25,0.5,128.0,0.5,0.0
6a848a240bb011ebab90acde48001122,chunk_packed_128,chunk,packed,0.0,0.6,0.0,0.8,0.4365,1.0,126.0,1.0,1.0
583b8ccc0bd911eba7f7acde48001122,chunk_packed_128,chunk,packed,0.0,0.0,0.0,0.3333,0.377,0.5,122.0,1.0,1.0
81f9510408fa11ebbdacac1f6bf848b6,chunk_packed_128,chunk,packed,0.0,0.0,0.0,0.0,0.693,0.5,114.0,1.0,1.0
3d1200fc0bde11eba7f7acde48001122,chunk_packed_128,chunk,packed,0.0,0.0,0.0,0.0,0.125,0.5,128.0,0.5,0.0
e6f90c9d08c711ebbd91ac1f6bf848b6,chunk_packed_128,chunk,packed,1.0,1.0,1.0,1.0,0.5234,0.5,128.0,0.5,0.0
fc00ac4a0baf11ebab90acde48001122,chunk_packed_128,chunk,packed,0.0,0.0,0.0,0.8333,0.0,0.0,112.0,0.5,0.0
4aee95dc0bd911eba7f7acde48001122,chunk_packed_128,chunk,packed,0.0,0.0,0.0,0.0,0.3306,0.5,121.0,0.5,0.0
08d74900089611ebbd75ac1f6bf848b6,chunk_packed_128,chunk,packed,1.0,1.0,1.0,1.0,0.4603,0.5,126.0,0.5,0.0
366860a5086711ebbd5eac1f6bf848b6,chunk_packed_128,chunk,packed,0.0,0.0,0.0,0.0,0.5,0.5,116.0,1.0,1.0
d03663e108e211ebbda4ac1f6bf848b6,chunk_packed_128,chunk,packed,0.0,0.0,0.0,0.0,0.3304,0.5,112.0,1.0,1.0
743f23820bdb11eba7f7acde48001122,chunk_packed_128,chunk,packed,0.0,0.0,0.0,0.0,0.0,0.0,113.0,0.5,0.0
a9a7d5580bdd11eba7f7acde48001122,chunk_packed_128,chunk,packed,0.0,0.0,0.0,0.0,0.2417,0.5,120.0,0.5,0.0
3afba9de094f11ebbdaeac1f6bf848b6,chunk_packed_128,chunk,packed,1.0,1.0,1.0,1.0,0.487,1.0,115.0,1.0,1.0
76bb71320bdc11eba7f7acde48001122,chunk_packed_128,chunk,packed,0.0,0.0,0.0,0.0,0.3719,0.5,121.0,0.5,0.0
c072ad1408d411ebbd97ac1f6bf848b6,chunk_packed_128,chunk,packed,0.0,0.0,0.0,0.0,0.6984,0.5,126.0,0.5,0.0
8b165288088911ebbd6eac1f6bf848b6,chunk_packed_128,chunk,packed,0.0,0.0,0.0,0.5,0.8016,0.5,126.0,0.5,0.0
4c7a03560bdd11eba7f7acde48001122,chunk_packed_128,chunk,packed,0.0,0.0,0.0,0.0,0.2845,0.5,116.0,0.5,0.0
af1a8667088311ebbd6dac1f6bf848b6,chunk_packed_128,chunk,packed,0.0,0.0,0.0,0.0,0.1058,0.5,104.0,1.0,1.0
f7b41d560bdd11eba7f7acde48001122,chunk_packed_128,chunk,packed,0.0,0.0,0.0,0.0,0.0,0.0,107.0,0.5,0.0
9893834c092711ebbdaeac1f6bf848b6,chunk_packed_128,chunk,packed,0.0,0.0,0.0,0.5,0.6581,0.5,117.0,1.0,1.0
3068a40c0baf11ebab90acde48001122,chunk_packed_128,chunk,packed,0.0,0.0,1.0,1.0,0.2063,0.5,126.0,1.0,1.0
cddb28ed08bf11ebbd8aac1f6bf848b6,chunk_packed_128,chunk,packed,1.0,1.0,1.0,1.0,0.2,0.5,120.0,1.0,1.0
0a9f880a0bda11eba7f7acde48001122,chunk_packed_128,chunk,packed,0.0,0.0,0.0,0.0,0.4803,0.5,127.0,1.0,1.0
2e12ac000bde11eba7f7acde48001122,chunk_packed_128,chunk,packed,0.0,0.6667,1.0,1.0,0.2598,0.5,127.0,1.0,1.0
829275da08f511ebbdaaac1f6bf848b6,chunk_packed_128,chunk,packed,1.0,1.0,1.0,1.0,0.4309,1.0,123.0,1.0,1.0
8f8aaf0b088711ebbd6dac1f6bf848b6,chunk_packed_128,chunk,packed,0.0,0.0,1.0,1.0,0.3545,0.5,110.0,1.0,1.0
097583d2095711ebbdaeac1f6bf848b6,chunk_packed_128,chunk,packed,1.0,1.0,0.0,1.0,0.2344,1.0,128.0,1.0,1.0
6b9a2cb4087911ebbd67ac1f6bf848b6,chunk_packed_128,chunk,packed,1.0,1.0,1.0,1.0,0.3254,1.0,126.0,1.0,1.0
13ec0a08089111ebbd72ac1f6bf848b6,chunk_packed_128,chunk,packed,1.0,1.0,1.0,1.0,0.175,0.5,120.0,1.0,1.0
62444d9a0bb011ebab90acde48001122,chunk_packed_128,chunk,packed,0.0,0.0,0.0,0.0,0.3443,0.5,122.0,0.5,0.0
998af60a088b11ebbd6fac1f6bf848b6,chunk_packed_128,chunk,packed,1.0,1.0,1.0,1.0,0.4141,0.5,128.0,0.5,0.0
f0ec33f00bdd11eba7f7acde48001122,chunk_packed_128,chunk,packed,0.0,0.0,1.0,1.0,0.3438,0.5,128.0,0.5,0.0
04dfe47c0bdb11eba7f7acde48001122,chunk_packed_128,chunk,packed,0.0,0.0,0.0,0.0,0.0,0.0,128.0,0.5,0.0
e2f26a20089111ebbd73ac1f6bf848b6,chunk_packed_128,chunk,packed,0.0,0.0,1.0,1.0,0.5156,0.25,128.0,0.5,0.0
fec25d0c0bdc11eba7f7acde48001122,chunk_packed_128,chunk,packed,0.0,0.0,0.0,0.0,0.2377,0.5,122.0,1.0,1.0
8715eeb808e411ebbda4ac1f6bf848b6,chunk_packed_128,chunk,packed,1.0,1.0,1.0,1.0,1.0,0.5,128.0,0.5,0.0
93e6f2c60bdd11eba7f7acde48001122,chunk_packed_128,chunk,packed,0.0,0.0,0.0,0.0,0.5,1.0,124.0,1.0,1.0
1cf4dbe80baf11ebab90acde48001122,chunk_packed_128,chunk,packed,0.0,0.0,0.0,0.0,0.0,0.0,119.0,0.5,0.0
815fa2ae0bda11eba7f7acde48001122,chunk_packed_128,chunk,packed,0.0,0.0,0.0,0.3333,0.2598,0.5,127.0,0.5,0.0
b22b87b40bd911eba7f7acde48001122,chunk_packed_128,chunk,packed,0.0,0.0,0.0,0.0,0.5981,0.5,107.0,0.5,0.0
388978ca08c411ebbd8eac1f6bf848b6,chunk_packed_128,chunk,packed,1.0,1.0,0.0,0.75,0.4959,0.5,123.0,0.5,0.0
efcb57f00bdb11eba7f7acde48001122,chunk_packed_128,chunk,packed,0.0,0.0,0.0,0.0,0.2787,0.5,122.0,0.5,0.0
fe91ee700bdb11eba7f7acde48001122,chunk_packed_128,chunk,packed,0.0,0.0,0.0,0.0,0.1833,0.5,120.0,1.0,1.0
e4364efd088111ebbd6dac1f6bf848b6,chunk_packed_128,chunk,packed,0.0,0.0,0.0,0.5,0.3396,0.5,106.0,1.0,1.0
61d4545708b111ebbd85ac1f6bf848b6,chunk_packed_128,chunk,packed,1.0,1.0,1.0,1.0,0.5238,0.5,126.0,0.5,0.0
7da84dd40bb011ebab90acde48001122,chunk_packed_128,chunk,packed,0.0,0.0,1.0,1.0,0.5217,0.5,115.0,1.0,1.0
105a765e0bdc11eba7f7acde48001122,chunk_packed_128,chunk,packed,0.0,0.0,1.0,1.0,0.6387,1.0,119.0,1.0,1.0
1f98da43088111ebbd6dac1f6bf848b6,chunk_packed_128,chunk,packed,0.0,0.2857,1.0,1.0,0.2816,0.25,103.0,0.5,0.0
13c15658087311ebbd66ac1f6bf848b6,chunk_packed_128,chunk,packed,1.0,1.0,1.0,1.0,0.8833,0.5,120.0,0.75,0.0
28016c540bdc11eba7f7acde48001122,chunk_packed_128,chunk,packed,0.0,0.0,1.0,1.0,0.2562,0.5,121.0,0.5,0.0
c218f9d20bdd11eba7f7acde48001122,chunk_packed_128,chunk,packed,0.0,0.0,0.0,0.0,0.0,0.0,122.0,1.0,1.0
4c5074f9089711ebbd76ac1f6bf848b6,chunk_packed_128,chunk,packed,1.0,1.0,1.0,1.0,0.375,1.0,120.0,1.0,1.0
e5fa9df9085c11ebbd5cac1f6bf848b6,chunk_packed_128,chunk,packed,1.0,1.0,1.0,1.0,0.6216,1.0,111.0,1.0,1.0
9cf255e3088911ebbd6eac1f6bf848b6,chunk_packed_128,chunk,packed,0.0,0.0,0.0,0.0,0.5041,0.5,121.0,1.0,1.0
ed1b71de08de11ebbd9fac1f6bf848b6,chunk_packed_128,chunk,packed,0.0,0.0,0.0,0.3333,0.1748,0.25,103.0,0.25,0.0
f9ac302a0bd911eba7f7acde48001122,chunk_packed_128,chunk,packed,0.0,0.0,0.0,0.0,0.4882,0.5,127.0,0.5,0.0
a9d6c4e40bdd11eba7f7acde48001122,chunk_packed_128,chunk,packed,0.0,0.0,0.0,0.0,0.3305,0.5,118.0,0.5,0.0
1442e9a20bde11eba7f7acde48001122,chunk_packed_128,chunk,packed,0.0,0.0,0.0,0.0,0.0,0.0,111.0,0.5,0.0
164f0f7f08c711ebbd91ac1f6bf848b6,chunk_packed_128,chunk,packed,0.0,0.0,0.0,0.0,0.2288,0.5,118.0,1.0,1.0
b728e70c094411ebbdaeac1f6bf848b6,chunk_packed_128,chunk,packed,0.0,0.0,0.0,0.5,0.456,1.0,125.0,1.0,1.0
e3477e760bdd11eba7f7acde48001122,chunk_packed_128,chunk,packed,0.0,0.0,0.0,0.0,0.0,0.0,128.0,0.5,0.0
8114aef808c811ebbd91ac1f6bf848b6,chunk_packed_128,chunk,packed,0.0,0.0,0.0,0.0,0.0,0.0,124.0,0.25,0.0
54014a680baf11ebab90acde48001122,chunk_packed_128,chunk,packed,0.0,0.0,0.0,0.3333,0.0,0.0,126.0,0.5,0.0
3647118c0bdd11eba7f7acde48001122,chunk_packed_128,chunk,packed,0.0,0.0,0.0,0.0,0.2051,0.5,117.0,0.5,0.0
75612cee0bde11eba7f7acde48001122,chunk_packed_128,chunk,packed,0.0,0.0,0.0,0.0,0.0,0.0,110.0,0.5,0.0
f6384b5c099e11ebbdb0ac1f6bf848b6,chunk_packed_128,chunk,packed,1.0,1.0,1.0,1.0,0.5397,1.0,126.0,1.0,1.0
748446060bdb11eba7f7acde48001122,chunk_packed_128,chunk,packed,0.0,0.0,0.0,0.0,0.2276,0.5,123.0,0.5,0.0
f872fe92096c11ebbdafac1f6bf848b6,chunk_packed_128,chunk,packed,1.0,1.0,1.0,1.0,0.4174,0.5,115.0,1.0,1.0
281793980bdd11eba7f7acde48001122,chunk_packed_128,chunk,packed,0.0,0.0,0.0,0.0,0.3984,0.5,128.0,1.0,1.0
c03e86180bdd11eba7f7acde48001122,chunk_packed_128,chunk,packed,0.0,0.0,0.0,0.0,0.1273,0.5,110.0,0.5,0.0
6668ebd20bde11eba7f7acde48001122,chunk_packed_128,chunk,packed,0.0,0.0,0.0,0.0,0.5053,0.5,95.0,0.5,0.0
e19960120bdd11eba7f7acde48001122,chunk_packed_128,chunk,packed,0.0,0.0,0.0,0.0,0.0508,0.5,118.0,0.5,0.0
fc1d47b7088e11ebbd70ac1f6bf848b6,chunk_packed_128,chunk,packed,1.0,1.0,1.0,1.0,0.627,0.5,126.0,0.5,0.0
1b62189208a111ebbd78ac1f6bf848b6,chunk_packed_128,chunk,packed,1.0,1.0,0.0,0.25,0.1513,0.5,119.0,1.0,1.0
8272c3eb093111ebbdaeac1f6bf848b6,chunk_packed_128,chunk,packed,1.0,1.0,1.0,1.0,0.6797,1.0,128.0,1.0,1.0
77fd1ca20bb011ebab90acde48001122,chunk_packed_128,chunk,packed,0.0,0.0,0.0,0.75,0.0,0.0,107.0,1.0,1.0
c4962ee20bdc11eba7f7acde48001122,chunk_packed_128,chunk,packed,0.0,0.0,0.0,0.0,0.4138,0.5,116.0,0.5,0.0
4020ce88097011ebbdb0ac1f6bf848b6,chunk_packed_128,chunk,packed,0.0,0.0,0.0,0.0,0.3672,1.0,128.0,1.0,1.0
4a8ffd360bdb11eba7f7acde48001122,chunk_packed_128,chunk,packed,0.0,0.0,0.0,0.3333,0.561,0.5,123.0,0.5,0.0
080aff1c0bde11eba7f7acde48001122,chunk_packed_128,chunk,packed,0.0,0.0,0.0,0.0,0.6406,0.5,128.0,0.5,0.0
1bf30a41086611ebbd5eac1f6bf848b6,chunk_packed_128,chunk,packed,0.0,0.0,0.0,0.0,0.6822,0.5,107.0,0.5,0.0
5cd30b020bd911eba7f7acde48001122,chunk_packed_128,chunk,packed,0.0,0.0,0.0,0.0,0.3917,0.5,120.0,0.5,0.0
0fc59fa00bde11eba7f7acde48001122,chunk_packed_128,chunk,packed,0.0,0.0,0.0,0.3333,0.1967,0.5,122.0,0.5,0.0
1f94954908b011ebbd84ac1f6bf848b6,chunk_packed_128,chunk,packed,0.0,0.0,0.0,0.0,0.4957,0.5,117.0,1.0,1.0
e85d87f4095111ebbdaeac1f6bf848b6,chunk_packed_128,chunk,packed,0.0,0.0,1.0,1.0,0.4758,0.5,124.0,1.0,1.0
2d69078008d311ebbd96ac1f6bf848b6,chunk_packed_128,chunk,packed,1.0,1.0,1.0,1.0,0.6333,0.5,120.0,0.5,0.0
62a8a24e0bde11eba7f7acde48001122,chunk_packed_128,chunk,packed,0.0,0.0,0.0,0.0,0.5189,0.5,106.0,1.0,1.0
f1cc94540bdd11eba7f7acde48001122,chunk_packed_128,chunk,packed,0.0,0.0,0.0,0.0,0.2315,0.5,108.0,1.0,1.0
98f909d40bdd11eba7f7acde48001122,chunk_packed_128,chunk,packed,0.0,0.0,0.0,0.0,0.3254,0.5,126.0,0.5,0.0
f7aa41be0bdd11eba7f7acde48001122,chunk_packed_128,chunk,packed,0.0,0.0,1.0,1.0,0.3577,0.5,123.0,1.0,1.0
88be48840bda11eba7f7acde48001122,chunk_packed_128,chunk,packed,1.0,1.0,1.0,1.0,0.6283,1.0,113.0,1.0,1.0
22be69d908b511ebbd88ac1f6bf848b6,chunk_packed_128,chunk,packed,1.0,1.0,1.0,1.0,0.3613,0.5,119.0,0.5,0.0
e3fe2a600bdb11eba7f7acde48001122,chunk_packed_128,chunk,packed,0.0,0.0,1.0,1.0,0.3095,0.5,126.0,1.0,1.0
7f49e96e0baf11ebab90acde48001122,chunk_packed_128,chunk,packed,0.0,0.4444,0.0,0.6667,0.4483,0.5,116.0,0.5,0.0
aef6771208b311ebbd86ac1f6bf848b6,chunk_packed_128,chunk,packed,1.0,1.0,1.0,1.0,0.824,0.75,125.0,0.75,0.0
bfb58f38089611ebbd76ac1f6bf848b6,chunk_packed_128,chunk,packed,1.0,1.0,0.0,0.6667,0.5902,0.5,122.0,0.5,0.0
0306ad3308fe11ebbdadac1f6bf848b6,chunk_packed_128,chunk,packed,0.0,0.0,0.0,0.0,0.5882,1.0,119.0,1.0,1.0
750737d6084911ebbd55ac1f6bf848b6,chunk_packed_128,chunk,packed,0.0,0.0,1.0,1.0,0.2065,0.5,92.0,1.0,1.0
7a8eae7d088111ebbd6dac1f6bf848b6,chunk_packed_128,chunk,packed,1.0,1.0,0.0,0.0,0.3333,0.5,111.0,1.0,1.0
45be519d086e11ebbd62ac1f6bf848b6,chunk_packed_128,chunk,packed,1.0,1.0,1.0,1.0,0.4127,0.5,126.0,0.5,0.0
e3772fb40bdc11eba7f7acde48001122,chunk_packed_128,chunk,packed,0.0,0.0,0.0,0.0,0.0,0.0,106.0,0.5,0.0
72b6fb5a08ae11ebbd83ac1f6bf848b6,chunk_packed_128,chunk,packed,1.0,1.0,0.0,0.0,0.3279,0.25,122.0,0.5,0.0
5e3bb8cc0bd911eba7f7acde48001122,chunk_packed_128,chunk,packed,0.0,0.0,0.0,0.0,0.1349,0.5,126.0,0.5,0.0
c9ba19e708b311ebbd86ac1f6bf848b6,chunk_packed_128,chunk,packed,0.0,0.0,0.0,0.0,0.2407,1.0,108.0,1.0,1.0
2858ddc609b211ebbdb0ac1f6bf848b6,chunk_packed_128,chunk,packed,0.0,0.0,0.0,0.3333,1.0,1.0,119.0,1.0,1.0
768c67280bde11eba7f7acde48001122,chunk_packed_128,chunk,packed,0.0,0.0,1.0,1.0,0.6923,1.0,117.0,1.0,1.0
88d450740bdb11eba7f7acde48001122,chunk_packed_128,chunk,packed,0.0,0.0,0.0,0.0,0.2381,0.5,126.0,0.5,0.0
fd75ede80bdb11eba7f7acde48001122,chunk_packed_128,chunk,packed,0.0,0.0,0.0,0.0,0.1694,0.5,124.0,0.5,0.0
bd21c466089711ebbd77ac1f6bf848b6,chunk_packed_128,chunk,packed,0.0,0.0,0.0,0.5,0.304,0.5,125.0,0.5,0.0
faa9cb0b087711ebbd67ac1f6bf848b6,chunk_packed_128,chunk,packed,0.0,0.0,0.0,0.0,0.5938,0.5,128.0,0.5,0.0
13b377680bde11eba7f7acde48001122,chunk_packed_128,chunk,packed,0.0,0.0,0.0,0.5,0.2656,0.5,128.0,0.5,0.0
791a6e4d087111ebbd63ac1f6bf848b6,chunk_packed_128,chunk,packed,0.0,0.0,0.0,0.0,0.6055,0.5,109.0,0.75,0.0
26497355084c11ebbd56ac1f6bf848b6,chunk_packed_128,chunk,packed,0.0,0.0,0.0,0.0,0.6,0.5,100.0,0.5,0.0
7246ee5a0bb011ebab90acde48001122,chunk_packed_128,chunk,packed,0.0,0.0,0.0,0.0,0.3261,0.5,92.0,0.5,0.0
6a70f6f80bb011ebab90acde48001122,chunk_packed_128,chunk,packed,0.0,0.0,0.0,0.0,0.0,0.0,112.0,0.5,0.0
8d0836540bdd11eba7f7acde48001122,chunk_packed_128,chunk,packed,0.0,0.0,0.0,0.0,0.3604,0.5,111.0,1.0,1.0
a405efb708d811ebbd9cac1f6bf848b6,chunk_packed_128,chunk,packed,1.0,1.0,1.0,1.0,0.6583,0.5,120.0,0.5,0.0
637434540bde11eba7f7acde48001122,chunk_packed_128,chunk,packed,1.0,1.0,1.0,1.0,0.2213,0.5,122.0,0.5,0.0
b838d62f086711ebbd5eac1f6bf848b6,chunk_packed_128,chunk,packed,0.0,0.0,0.0,0.0,0.3934,0.5,122.0,1.0,1.0
42f6d3b208b911ebbd88ac1f6bf848b6,chunk_packed_128,chunk,packed,1.0,1.0,1.0,1.0,0.6048,1.0,124.0,1.0,1.0
200e7a01087611ebbd67ac1f6bf848b6,chunk_packed_128,chunk,packed,1.0,1.0,1.0,1.0,0.5547,0.5,128.0,0.5,0.0
4637ec300bdb11eba7f7acde48001122,chunk_packed_128,chunk,packed,0.0,0.0,0.0,0.0,0.432,1.0,125.0,1.0,1.0
f6960ae0086011ebbd5dac1f6bf848b6,chunk_packed_128,chunk,packed,1.0,1.0,1.0,1.0,0.5306,1.0,98.0,1.0,1.0
f9e63d80085d11ebbd5cac1f6bf848b6,chunk_packed_128,chunk,packed,1.0,1.0,1.0,1.0,0.6094,0.5,128.0,0.5,0.0
60ccb178086811ebbd5eac1f6bf848b6,chunk_packed_128,chunk,packed,0.0,0.0,0.0,0.6667,0.213,0.25,108.0,0.5,0.0
d8dd595708fb11ebbdacac1f6bf848b6,chunk_packed_128,chunk,packed,0.0,0.0,1.0,1.0,0.371,1.0,124.0,1.0,1.0
b50759c3087811ebbd67ac1f6bf848b6,chunk_packed_128,chunk,packed,1.0,1.0,1.0,1.0,0.7236,0.5,123.0,0.5,0.0
d3c779240bdd11eba7f7acde48001122,chunk_packed_128,chunk,packed,0.0,0.0,0.0,0.0,0.2109,0.5,128.0,1.0,1.0
2260e6380bde11eba7f7acde48001122,chunk_packed_128,chunk,packed,0.0,0.0,0.0,0.0,0.265,0.5,117.0,0.5,0.0
ea7d22c808b211ebbd85ac1f6bf848b6,chunk_packed_128,chunk,packed,1.0,1.0,1.0,1.0,0.4098,0.5,122.0,0.5,0.0
f3798752088c11ebbd70ac1f6bf848b6,chunk_packed_128,chunk,packed,0.0,0.0,1.0,1.0,0.5854,0.5,123.0,0.5,0.0
ac94af4a0bdb11eba7f7acde48001122,chunk_packed_128,chunk,packed,1.0,1.0,1.0,1.0,0.6032,0.5,126.0,0.5,0.0
cf57f2ef087011ebbd63ac1f6bf848b6,chunk_packed_128,chunk,packed,0.0,0.0,0.0,0.0,0.448,1.0,125.0,1.0,1.0
f9e9d784084d11ebbd56ac1f6bf848b6,chunk_packed_128,chunk,packed,0.0,0.0,1.0,1.0,0.4576,0.25,118.0,0.75,0.0
a3ac1ca20bda11eba7f7acde48001122,chunk_packed_128,chunk,packed,0.0,0.0,0.0,0.0,0.0,0.0,114.0,0.5,0.0
49baa9120bde11eba7f7acde48001122,chunk_packed_128,chunk,packed,1.0,1.0,1.0,1.0,0.2333,0.5,120.0,1.0,1.0
85f17aea08c911ebbd92ac1f6bf848b6,chunk_packed_128,chunk,packed,0.0,0.0,0.0,0.25,0.5041,0.25,121.0,0.5,0.0
a9e322b20bdc11eba7f7acde48001122,chunk_packed_128,chunk,packed,0.0,0.0,0.0,0.0,0.1311,0.5,122.0,0.5,0.0
65937853086511ebbd5eac1f6bf848b6,chunk_packed_128,chunk,packed,1.0,1.0,1.0,1.0,0.6723,1.0,119.0,1.0,1.0
31d2f293088111ebbd6dac1f6bf848b6,chunk_packed_128,chunk,packed,0.0,0.0,0.0,0.0,0.7925,1.0,106.0,1.0,1.0
4d3ab509099c11ebbdb0ac1f6bf848b6,chunk_packed_128,chunk,packed,0.0,0.0,0.0,0.0,0.4202,1.0,119.0,1.0,1.0
4c319d400bde11eba7f7acde48001122,chunk_packed_128,chunk,packed,0.0,0.0,1.0,1.0,0.5354,1.0,127.0,1.0,1.0
b629226608d911ebbd9cac1f6bf848b6,chunk_packed_128,chunk,packed,0.0,0.0,0.0,0.0,0.0,0.0,111.0,1.0,1.0
dbf6cc6d090d11ebbdadac1f6bf848b6,chunk_packed_128,chunk,packed,0.0,0.0,1.0,1.0,0.5952,1.0,126.0,1.0,1.0
3c76b104085711ebbd5aac1f6bf848b6,chunk_packed_128,chunk,packed,0.0,0.0,1.0,1.0,0.7874,0.5,127.0,0.5,0.0
593d2a5a0bdd11eba7f7acde48001122,chunk_packed_128,chunk,packed,0.0,0.0,0.0,0.0,0.1639,0.5,122.0,0.5,0.0
97ce7fc0084a11ebbd56ac1f6bf848b6,chunk_packed_128,chunk,packed,1.0,1.0,0.0,0.0,0.2685,0.5,108.0,1.0,1.0
b64c031d087011ebbd63ac1f6bf848b6,chunk_packed_128,chunk,packed,1.0,1.0,1.0,1.0,0.4032,0.25,124.0,0.5,0.0
afabab100bdc11eba7f7acde48001122,chunk_packed_128,chunk,packed,0.0,0.0,0.0,0.0,0.2114,0.5,123.0,0.5,0.0
a4f57a360bda11eba7f7acde48001122,chunk_packed_128,chunk,packed,0.0,0.0,0.0,0.0,0.0,0.0,109.0,0.5,0.0
bfab161a0bda11eba7f7acde48001122,chunk_packed_128,chunk,packed,0.0,0.0,1.0,1.0,0.1322,0.5,121.0,1.0,1.0
818d01360bda11eba7f7acde48001122,chunk_packed_128,chunk,packed,0.0,0.0,0.0,0.0,0.3017,0.5,116.0,0.5,0.0
45df5d7c0bdb11eba7f7acde48001122,chunk_packed_128,chunk,packed,0.0,0.0,0.0,0.0,0.4958,0.5,119.0,0.5,0.0
12c908fe096c11ebbdafac1f6bf848b6,chunk_packed_128,chunk,packed,0.0,0.0,0.0,0.0,0.5328,0.5,122.0,1.0,1.0
3805416e0bde11eba7f7acde48001122,chunk_packed_128,chunk,packed,0.0,0.0,0.0,0.0,0.2762,0.5,105.0,0.5,0.0
92ca60080bdd11eba7f7acde48001122,chunk_packed_128,chunk,packed,0.0,0.0,0.0,0.5,0.2551,0.5,98.0,1.0,1.0
be9164e80bdd11eba7f7acde48001122,chunk_packed_128,chunk,packed,0.0,0.0,0.0,0.5,0.0,0.0,127.0,0.5,0.0
74f331ee0bd911eba7f7acde48001122,chunk_packed_128,chunk,packed,0.0,0.0,0.0,0.0,0.0,0.0,117.0,1.0,1.0
1d50380c0bdd11eba7f7acde48001122,chunk_packed_128,chunk,packed,0.0,0.0,0.0,0.0,0.5185,0.5,108.0,0.5,0.0
72a501e40baf11ebab90acde48001122,chunk_packed_128,chunk,packed,0.0,0.0,0.0,0.0,0.3937,0.5,127.0,0.5,0.0
59a6e7020baf11ebab90acde48001122,chunk_packed_128,chunk,packed,0.0,0.2857,0.0,0.75,0.3516,0.5,128.0,0.5,0.0
9fc45d75089811ebbd77ac1f6bf848b6,chunk_packed_128,chunk,packed,0.0,0.0,1.0,1.0,0.3445,1.0,119.0,1.0,1.0
c137025f086611ebbd5eac1f6bf848b6,chunk_packed_128,chunk,packed,1.0,1.0,1.0,1.0,0.2476,0.25,105.0,0.25,0.0
02ae4663095611ebbdaeac1f6bf848b6,chunk_packed_128,chunk,packed,1.0,1.0,0.0,0.4,0.352,0.5,125.0,1.0,1.0
42594134084f11ebbd56ac1f6bf848b6,chunk_packed_128,chunk,packed,1.0,1.0,1.0,1.0,0.2222,0.5,117.0,1.0,1.0
421ca5940bb011ebab90acde48001122,chunk_packed_128,chunk,packed,0.0,0.2222,0.0,0.8,0.5091,0.5,110.0,0.5,0.0
34c3dd940bde11eba7f7acde48001122,chunk_focused_128,chunk,focused,0.0,0.0,0.0,0.0,0.3932,0.5,117.0,1.0,1.0
a1c37dc40bdd11eba7f7acde48001122,chunk_focused_128,chunk,focused,0.0,0.0,0.0,0.0,0.392,0.5,125.0,0.5,0.0
e051bd000bdb11eba7f7acde48001122,chunk_focused_128,chunk,focused,0.0,0.0,1.0,1.0,0.431,0.5,116.0,0.5,0.0
f02d1c2208b811ebbd88ac1f6bf848b6,chunk_focused_128,chunk,focused,0.0,0.0,0.0,0.0,0.3529,0.25,119.0,0.75,0.0
782f0c160bd911eba7f7acde48001122,chunk_focused_128,chunk,focused,0.0,0.0,0.0,0.0,0.1774,0.5,124.0,0.5,0.0
21e70b7e0bde11eba7f7acde48001122,chunk_focused_128,chunk,focused,0.0,0.0,0.0,0.0,0.0,0.0,108.0,1.0,1.0
8d3d54ec0bdd11eba7f7acde48001122,chunk_focused_128,chunk,focused,0.0,0.0,0.0,0.0,0.2205,0.5,127.0,0.5,0.0
33bcd7ce0bda11eba7f7acde48001122,chunk_focused_128,chunk,focused,0.0,0.0,0.0,0.0,0.3047,0.5,128.0,0.5,0.0
249f9f060bda11eba7f7acde48001122,chunk_focused_128,chunk,focused,0.0,0.0,0.0,0.0,0.2755,0.5,98.0,0.5,0.0
45eb6a5408b611ebbd88ac1f6bf848b6,chunk_focused_128,chunk,focused,1.0,1.0,1.0,1.0,0.8843,0.5,121.0,0.5,0.0
5f02fdf2084f11ebbd56ac1f6bf848b6,chunk_focused_128,chunk,focused,0.0,0.0,0.0,0.0,0.4196,1.0,112.0,1.0,1.0
af356f7a0bd911eba7f7acde48001122,chunk_focused_128,chunk,focused,0.0,0.0,0.0,0.25,0.3434,0.5,99.0,0.5,0.0
dbca21a20bd911eba7f7acde48001122,chunk_focused_128,chunk,focused,0.0,0.0,0.0,0.0,0.1092,0.5,119.0,0.5,0.0
27d8ec30091f11ebbdaeac1f6bf848b6,chunk_focused_128,chunk,focused,1.0,1.0,1.0,1.0,0.6759,1.0,108.0,1.0,1.0
808f9f1808b111ebbd85ac1f6bf848b6,chunk_focused_128,chunk,focused,1.0,1.0,1.0,1.0,0.3828,1.0,128.0,1.0,1.0
d6b29805087b11ebbd69ac1f6bf848b6,chunk_focused_128,chunk,focused,0.0,0.0,0.0,0.0,1.0,0.5,127.0,0.5,0.0
9b8278a20bdd11eba7f7acde48001122,chunk_focused_128,chunk,focused,0.0,0.0,0.0,0.0,0.608,0.5,125.0,0.5,0.0
c99fc05e0bd911eba7f7acde48001122,chunk_focused_128,chunk,focused,0.0,0.0,0.0,0.0,0.6228,0.5,114.0,0.5,0.0
60465ce2085411ebbd59ac1f6bf848b6,chunk_focused_128,chunk,focused,0.0,0.0,1.0,1.0,0.6261,0.5,115.0,0.5,0.0
3e0cebde0bd911eba7f7acde48001122,chunk_focused_128,chunk,focused,0.0,0.0,0.0,0.0,0.4141,0.5,128.0,0.5,0.0
3cddcc46086511ebbd5eac1f6bf848b6,chunk_focused_128,chunk,focused,1.0,1.0,1.0,1.0,0.5517,1.0,116.0,1.0,1.0
7f6e237109c411ebbdb0ac1f6bf848b6,chunk_focused_128,chunk,focused,0.0,0.0,0.0,0.0,0.6777,1.0,121.0,1.0,1.0
dc3a36a00bdd11eba7f7acde48001122,chunk_focused_128,chunk,focused,0.0,0.0,1.0,1.0,0.6381,0.5,105.0,0.5,0.0
09ede27e08fd11ebbdadac1f6bf848b6,chunk_focused_128,chunk,focused,0.0,0.0,0.0,0.0,0.8571,1.0,119.0,1.0,1.0
003285a80bde11eba7f7acde48001122,chunk_focused_128,chunk,focused,0.0,0.0,1.0,1.0,0.8475,1.0,118.0,1.0,1.0
0e2082e408d111ebbd95ac1f6bf848b6,chunk_focused_128,chunk,focused,0.0,0.0,0.0,0.0,0.6063,1.0,127.0,1.0,1.0
322178260bde11eba7f7acde48001122,chunk_focused_128,chunk,focused,0.0,0.0,0.0,0.0,0.0,0.0,127.0,0.5,0.0
4c1772720bb011ebab90acde48001122,chunk_focused_128,chunk,focused,0.0,0.0,0.0,0.5,0.2155,0.5,116.0,0.5,0.0
adf59bec0bdb11eba7f7acde48001122,chunk_focused_128,chunk,focused,0.0,0.0,0.0,0.3333,0.3492,0.5,126.0,0.5,0.0
136c700c089611ebbd76ac1f6bf848b6,chunk_focused_128,chunk,focused,0.0,0.0,0.0,0.0,0.6721,0.5,122.0,1.0,1.0
6b2ad6600bdb11eba7f7acde48001122,chunk_focused_128,chunk,focused,0.0,0.0,1.0,1.0,0.5169,1.0,118.0,1.0,1.0
e6a4ff4c0bda11eba7f7acde48001122,chunk_focused_128,chunk,focused,0.0,0.0,0.0,0.3333,0.6504,0.5,123.0,0.5,0.0
a163b2d1087d11ebbd6bac1f6bf848b6,chunk_focused_128,chunk,focused,1.0,1.0,1.0,1.0,1.0,1.0,123.0,1.0,1.0
be851b660bdd11eba7f7acde48001122,chunk_focused_128,chunk,focused,0.0,0.0,0.0,0.0,0.4679,0.5,109.0,1.0,1.0
fbc352ec0bae11ebab90acde48001122,chunk_focused_128,chunk,focused,0.0,0.5714,0.0,0.8,0.6406,0.5,128.0,1.0,1.0
041879d0093a11ebbdaeac1f6bf848b6,chunk_focused_128,chunk,focused,0.0,0.0,1.0,1.0,0.2222,0.5,126.0,1.0,1.0
8dcab52d092f11ebbdaeac1f6bf848b6,chunk_focused_128,chunk,focused,0.0,0.0,0.0,0.0,0.6186,1.0,118.0,1.0,1.0
6a765fc60bb011ebab90acde48001122,chunk_focused_128,chunk,focused,0.0,0.3333,0.0,0.6667,0.5463,0.5,108.0,1.0,1.0
0c4973520bb011ebab90acde48001122,chunk_focused_128,chunk,focused,0.0,0.4,0.0,1.0,0.5,0.5,122.0,1.0,1.0
350ec8b80bde11eba7f7acde48001122,chunk_focused_128,chunk,focused,1.0,1.0,1.0,1.0,0.4957,1.0,115.0,1.0,1.0
16d7da20087911ebbd67ac1f6bf848b6,chunk_focused_128,chunk,focused,0.0,0.0,0.0,0.0,0.6752,1.0,117.0,1.0,1.0
d60529440baf11ebab90acde48001122,chunk_focused_128,chunk,focused,0.0,0.0,0.0,0.0,0.5667,0.5,120.0,0.5,0.0
400bf8800bde11eba7f7acde48001122,chunk_focused_128,chunk,focused,0.0,0.5,0.0,0.6667,0.4646,1.0,127.0,1.0,1.0
725dc29a0bda11eba7f7acde48001122,chunk_focused_128,chunk,focused,0.0,0.0,0.0,0.0,0.0,0.0,124.0,0.5,0.0
c99c181e08b911ebbd88ac1f6bf848b6,chunk_focused_128,chunk,focused,0.0,0.0,1.0,1.0,0.8235,0.5,102.0,0.5,0.0
1eeb91060bde11eba7f7acde48001122,chunk_focused_128,chunk,focused,0.0,0.0,0.0,0.0,0.0,0.0,114.0,1.0,1.0
27944f240bdd11eba7f7acde48001122,chunk_focused_128,chunk,focused,1.0,1.0,0.0,0.0,0.0,0.0,97.0,0.5,0.0
0254eea408b911ebbd88ac1f6bf848b6,chunk_focused_128,chunk,focused,0.0,0.0,0.0,0.25,0.6094,0.5,128.0,1.0,1.0
f48667b80bda11eba7f7acde48001122,chunk_focused_128,chunk,focused,0.0,0.0,0.0,0.0,0.0,0.0,119.0,0.5,0.0
8145e4de0baf11ebab90acde48001122,chunk_focused_128,chunk,focused,0.0,0.0,0.0,0.0,0.0,0.0,113.0,0.5,0.0
62ce8c8e0bde11eba7f7acde48001122,chunk_focused_128,chunk,focused,0.0,0.0,1.0,1.0,0.5528,0.5,123.0,0.5,0.0
ae30933a088b11ebbd6fac1f6bf848b6,chunk_focused_128,chunk,focused,0.0,0.0,0.0,0.0,0.2735,0.25,117.0,0.5,0.0
7e3f262c0bd911eba7f7acde48001122,chunk_focused_128,chunk,focused,0.0,0.0,0.0,0.0,0.1322,0.5,121.0,0.5,0.0
fac0692508c111ebbd8bac1f6bf848b6,chunk_focused_128,chunk,focused,1.0,1.0,1.0,1.0,0.55,1.0,120.0,1.0,1.0
21832f3c0bde11eba7f7acde48001122,chunk_focused_128,chunk,focused,0.0,0.0,0.0,0.0,0.7547,0.5,106.0,1.0,1.0
6d1fa90e086711ebbd5eac1f6bf848b6,chunk_focused_128,chunk,focused,0.0,0.0,1.0,1.0,0.3968,1.0,126.0,1.0,1.0
566c1e2c08a811ebbd7fac1f6bf848b6,chunk_focused_128,chunk,focused,0.0,0.0,1.0,1.0,1.0,0.5,108.0,0.5,0.0
8682d20708d311ebbd96ac1f6bf848b6,chunk_focused_128,chunk,focused,1.0,1.0,1.0,1.0,0.656,0.5,125.0,0.5,0.0
33a140280bde11eba7f7acde48001122,chunk_focused_128,chunk,focused,0.0,0.0,0.0,0.0,0.0,0.0,96.0,0.5,0.0
c6ac8fcc0bdd11eba7f7acde48001122,chunk_focused_128,chunk,focused,0.0,0.0,0.0,0.0,0.2583,0.5,120.0,1.0,1.0
ee559aaa08c211ebbd8cac1f6bf848b6,chunk_focused_128,chunk,focused,1.0,1.0,1.0,1.0,0.0,0.0,122.0,0.5,0.0
17e3349208df11ebbd9fac1f6bf848b6,chunk_focused_128,chunk,focused,0.0,0.0,1.0,1.0,0.6446,0.5,121.0,1.0,1.0
beb3605c0bdd11eba7f7acde48001122,chunk_focused_128,chunk,focused,0.0,0.0,0.0,0.0,0.2033,0.5,123.0,0.5,0.0
fcdafe320bdb11eba7f7acde48001122,chunk_focused_128,chunk,focused,0.0,0.0,0.0,0.0,0.2302,0.5,126.0,0.5,0.0
28669c5a0bdc11eba7f7acde48001122,chunk_focused_128,chunk,focused,0.0,0.0,1.0,1.0,1.0,1.0,122.0,1.0,1.0
bd00729c0bdb11eba7f7acde48001122,chunk_focused_128,chunk,focused,0.0,0.0,1.0,1.0,0.4188,0.5,117.0,0.5,0.0
a9bdb2a4099a11ebbdb0ac1f6bf848b6,chunk_focused_128,chunk,focused,0.0,0.0,0.0,0.0,0.6016,1.0,123.0,1.0,1.0
1ec21fed08a511ebbd7dac1f6bf848b6,chunk_focused_128,chunk,focused,0.0,0.0,0.0,0.0,0.5776,0.5,116.0,0.5,0.0
9a1b06b60bdb11eba7f7acde48001122,chunk_focused_128,chunk,focused,0.0,0.0,0.0,0.0,0.0847,0.5,118.0,0.5,0.0
c598b04f095211ebbdaeac1f6bf848b6,chunk_focused_128,chunk,focused,1.0,1.0,1.0,1.0,0.6864,1.0,118.0,1.0,1.0
5ead23420baf11ebab90acde48001122,chunk_focused_128,chunk,focused,0.0,0.5,1.0,1.0,0.2698,0.5,126.0,1.0,1.0
101a05820bdd11eba7f7acde48001122,chunk_focused_128,chunk,focused,0.0,0.0,0.0,0.3333,0.6325,0.5,117.0,0.5,0.0
0302950e096311ebbdafac1f6bf848b6,chunk_focused_128,chunk,focused,0.0,0.0,1.0,1.0,0.9609,1.0,128.0,1.0,1.0
016e72260bdc11eba7f7acde48001122,chunk_focused_128,chunk,focused,0.0,0.0,0.0,0.0,0.4397,0.5,116.0,0.5,0.0
f2ff844c0bda11eba7f7acde48001122,chunk_focused_128,chunk,focused,0.0,0.5,0.0,0.5,0.3125,0.5,128.0,0.5,0.0
188e20a60bdb11eba7f7acde48001122,chunk_focused_128,chunk,focused,0.0,0.0,0.0,0.0,0.0,0.0,102.0,0.5,0.0
fc26ee1c08d211ebbd96ac1f6bf848b6,chunk_focused_128,chunk,focused,1.0,1.0,0.0,0.0,0.7073,0.5,123.0,0.75,0.0
e95acdbc085f11ebbd5dac1f6bf848b6,chunk_focused_128,chunk,focused,1.0,1.0,1.0,1.0,0.8889,0.5,126.0,0.5,0.0
eeafddd00bdd11eba7f7acde48001122,chunk_focused_128,chunk,focused,1.0,1.0,1.0,1.0,0.8516,1.0,128.0,1.0,1.0
47219fad085111ebbd58ac1f6bf848b6,chunk_focused_128,chunk,focused,0.0,0.0,0.0,0.0,0.2979,0.5,94.0,1.0,1.0
c370b4540bd911eba7f7acde48001122,chunk_focused_128,chunk,focused,0.0,0.0,0.0,0.0,0.4615,0.5,117.0,1.0,1.0
2ba9b53c0bdc11eba7f7acde48001122,chunk_focused_128,chunk,focused,0.0,0.0,0.0,0.0,0.1786,0.5,112.0,0.5,0.0
a6202170089911ebbd77ac1f6bf848b6,chunk_focused_128,chunk,focused,1.0,1.0,1.0,1.0,0.6667,0.5,114.0,0.5,0.0
b7fa1522089911ebbd77ac1f6bf848b6,chunk_focused_128,chunk,focused,0.0,0.0,1.0,1.0,0.5378,0.5,119.0,0.5,0.0
2210c90b08c811ebbd91ac1f6bf848b6,chunk_focused_128,chunk,focused,1.0,1.0,0.0,0.0,1.0,0.5,120.0,0.5,0.0
6bbe4cf80bd911eba7f7acde48001122,chunk_focused_128,chunk,focused,0.0,0.0,0.0,0.0,0.4907,0.5,108.0,0.5,0.0
01c9f7960bdb11eba7f7acde48001122,chunk_focused_128,chunk,focused,0.0,0.0,0.0,0.0,0.0,0.0,119.0,0.0,0.0
8894ca2808e111ebbda2ac1f6bf848b6,chunk_focused_128,chunk,focused,0.0,0.0,1.0,1.0,0.4,0.25,120.0,0.5,0.0
fd704fe00bdc11eba7f7acde48001122,chunk_focused_128,chunk,focused,1.0,1.0,1.0,1.0,0.6746,1.0,126.0,1.0,1.0
375e7e4408c611ebbd90ac1f6bf848b6,chunk_focused_128,chunk,focused,0.0,0.5,0.0,0.5,0.811,0.5,127.0,0.5,0.0
b583abd20baf11ebab90acde48001122,chunk_focused_128,chunk,focused,0.0,0.0,0.0,0.5,0.3545,0.5,110.0,0.5,0.0
f7a3d98a08ab11ebbd82ac1f6bf848b6,chunk_focused_128,chunk,focused,1.0,1.0,1.0,1.0,0.4211,0.5,114.0,0.5,0.0
61644425091011ebbdadac1f6bf848b6,chunk_focused_128,chunk,focused,0.0,0.0,0.0,0.0,0.2835,0.5,127.0,1.0,1.0
32edaabe0bb011ebab90acde48001122,chunk_focused_128,chunk,focused,0.0,0.0,0.0,0.5,0.5118,0.5,127.0,0.5,0.0
002f12240bde11eba7f7acde48001122,chunk_focused_128,chunk,focused,0.0,0.0,0.0,0.0,0.2793,0.5,111.0,1.0,1.0
50d225540bde11eba7f7acde48001122,chunk_focused_128,chunk,focused,0.0,0.0,1.0,1.0,0.3889,0.5,126.0,0.5,0.0
17904a03087611ebbd67ac1f6bf848b6,chunk_focused_128,chunk,focused,1.0,1.0,1.0,1.0,0.4297,0.5,128.0,0.5,0.0
5a4826b00bde11eba7f7acde48001122,chunk_focused_128,chunk,focused,0.0,0.5,1.0,1.0,0.3727,0.5,110.0,1.0,1.0
6dd9acf20bda11eba7f7acde48001122,chunk_focused_128,chunk,focused,0.0,0.0,0.0,0.0,0.1111,0.5,126.0,0.5,0.0
614eef2a0bde11eba7f7acde48001122,chunk_focused_128,chunk,focused,0.0,0.0,0.0,0.0,0.2143,0.5,126.0,0.5,0.0
73695ca80bda11eba7f7acde48001122,chunk_focused_128,chunk,focused,0.0,0.0,0.0,0.0,0.0938,0.5,128.0,0.5,0.0
150df73c086411ebbd5eac1f6bf848b6,chunk_focused_128,chunk,focused,1.0,1.0,1.0,1.0,0.3304,0.5,112.0,0.5,0.0
ac3e7fc3093711ebbdaeac1f6bf848b6,chunk_focused_128,chunk,focused,1.0,1.0,1.0,1.0,0.3047,0.5,128.0,1.0,1.0
5cad7ed608a111ebbd79ac1f6bf848b6,chunk_focused_128,chunk,focused,1.0,1.0,0.0,0.6667,1.0,1.0,121.0,1.0,1.0
172fd661094811ebbdaeac1f6bf848b6,chunk_focused_128,chunk,focused,0.0,0.0,1.0,1.0,0.4831,1.0,118.0,1.0,1.0
222bd7ec0bdc11eba7f7acde48001122,chunk_focused_128,chunk,focused,0.0,0.6667,1.0,1.0,0.6116,1.0,121.0,1.0,1.0
39c32aa2086411ebbd5eac1f6bf848b6,chunk_focused_128,chunk,focused,1.0,1.0,1.0,1.0,0.6529,1.0,121.0,1.0,1.0
7379ce100bdc11eba7f7acde48001122,chunk_focused_128,chunk,focused,0.0,0.0,0.0,0.0,0.2835,0.5,127.0,0.5,0.0
61e86d5a0bdc11eba7f7acde48001122,chunk_focused_128,chunk,focused,0.0,0.0,0.0,0.3333,0.472,0.5,125.0,0.5,0.0
d05cc8bf08c911ebbd92ac1f6bf848b6,chunk_focused_128,chunk,focused,0.0,0.0,1.0,1.0,0.7455,0.5,110.0,0.5,0.0
408a8365085311ebbd59ac1f6bf848b6,chunk_focused_128,chunk,focused,0.0,0.0,0.0,0.0,0.1402,0.25,107.0,0.25,0.0
eb18f7ac0baf11ebab90acde48001122,chunk_focused_128,chunk,focused,0.0,0.0,0.0,0.3333,0.0,0.0,120.0,0.5,0.0
0290cd840baf11ebab90acde48001122,chunk_focused_128,chunk,focused,0.0,0.0,1.0,1.0,0.1984,0.5,126.0,1.0,1.0
6ff41ad6087411ebbd67ac1f6bf848b6,chunk_focused_128,chunk,focused,0.0,0.0,1.0,1.0,0.4375,0.5,128.0,1.0,1.0
05dac2220bde11eba7f7acde48001122,chunk_focused_128,chunk,focused,0.0,0.0,1.0,1.0,0.7965,1.0,113.0,1.0,1.0
b1bb441b08e411ebbda4ac1f6bf848b6,chunk_focused_128,chunk,focused,1.0,1.0,1.0,1.0,0.3608,0.5,97.0,1.0,1.0
132a5430085d11ebbd5cac1f6bf848b6,chunk_focused_128,chunk,focused,0.0,0.0,0.0,0.0,0.4355,0.5,124.0,1.0,1.0
a664606d087e11ebbd6bac1f6bf848b6,chunk_focused_128,chunk,focused,1.0,1.0,1.0,1.0,0.568,0.5,125.0,0.5,0.0
eec1dcfb08b911ebbd88ac1f6bf848b6,chunk_focused_128,chunk,focused,0.0,0.2857,1.0,1.0,0.6937,0.5,111.0,0.5,0.0
bc90ed3208a211ebbd7bac1f6bf848b6,chunk_focused_128,chunk,focused,1.0,1.0,1.0,1.0,1.0,0.5,120.0,0.5,0.0
32c37ce40bdd11eba7f7acde48001122,chunk_focused_128,chunk,focused,0.0,0.5,1.0,1.0,0.5,0.5,98.0,0.5,0.0
0163c020087511ebbd67ac1f6bf848b6,chunk_focused_128,chunk,focused,0.0,0.0,1.0,1.0,0.7969,0.5,128.0,0.5,0.0
56d2ffcd08d811ebbd9aac1f6bf848b6,chunk_focused_128,chunk,focused,1.0,1.0,1.0,1.0,0.7458,0.5,118.0,0.5,0.0
dd5d3c540bdc11eba7f7acde48001122,chunk_focused_128,chunk,focused,0.0,0.0,0.0,0.0,0.2063,0.5,126.0,0.5,0.0
21d392780bda11eba7f7acde48001122,chunk_focused_128,chunk,focused,0.0,0.0,0.0,0.0,0.281,0.5,121.0,0.5,0.0
ac2e1b900bdb11eba7f7acde48001122,chunk_focused_128,chunk,focused,0.0,0.0,0.0,0.3333,0.2857,0.5,105.0,0.5,0.0
95fc614a0bdd11eba7f7acde48001122,chunk_focused_128,chunk,focused,0.0,0.0,0.0,0.0,0.5289,0.5,121.0,0.5,0.0
7a01a52a089c11ebbd78ac1f6bf848b6,chunk_focused_128,chunk,focused,0.0,0.0,1.0,1.0,0.5242,0.5,124.0,0.5,0.0
402d63d00bde11eba7f7acde48001122,chunk_focused_128,chunk,focused,0.0,0.0,0.0,0.0,0.621,0.5,124.0,0.5,0.0
a5e6e806084911ebbd55ac1f6bf848b6,chunk_focused_128,chunk,focused,1.0,1.0,1.0,1.0,0.5339,0.5,118.0,0.5,0.0
7019886b093511ebbdaeac1f6bf848b6,chunk_focused_128,chunk,focused,1.0,1.0,1.0,1.0,0.4603,0.5,126.0,1.0,1.0
05ca361608a511ebbd7dac1f6bf848b6,chunk_focused_128,chunk,focused,1.0,1.0,0.0,0.5,0.1721,0.5,122.0,1.0,1.0
227adf2c086c11ebbd60ac1f6bf848b6,chunk_focused_128,chunk,focused,1.0,1.0,0.0,0.0,0.3704,0.25,108.0,0.5,0.0
35e09904086b11ebbd5fac1f6bf848b6,chunk_focused_128,chunk,focused,1.0,1.0,1.0,1.0,0.3828,0.5,128.0,0.5,0.0
cf357f9008cf11ebbd95ac1f6bf848b6,chunk_focused_128,chunk,focused,1.0,1.0,1.0,1.0,0.8729,1.0,118.0,1.0,1.0
9b59e0500baf11ebab90acde48001122,chunk_focused_128,chunk,focused,0.0,0.0,0.0,0.8,0.36,0.5,125.0,0.5,0.0
c226acb1087e11ebbd6bac1f6bf848b6,chunk_focused_128,chunk,focused,0.0,0.0,0.0,0.0,0.7544,0.5,114.0,0.5,0.0
e5d416220bdd11eba7f7acde48001122,chunk_focused_128,chunk,focused,0.0,0.0,0.0,0.3333,0.0,0.0,113.0,1.0,1.0
97d4622f089f11ebbd78ac1f6bf848b6,chunk_focused_128,chunk,focused,1.0,1.0,1.0,1.0,0.8984,1.0,128.0,1.0,1.0
f36fd8e208b911ebbd88ac1f6bf848b6,chunk_focused_128,chunk,focused,1.0,1.0,1.0,1.0,0.693,1.0,114.0,1.0,1.0
e1cfab340bda11eba7f7acde48001122,chunk_focused_128,chunk,focused,0.0,0.0,0.0,0.0,0.2869,0.5,122.0,0.5,0.0
51b179a20bd911eba7f7acde48001122,chunk_focused_128,chunk,focused,0.0,0.0,0.0,0.3333,0.3167,0.5,120.0,0.5,0.0
3f0a5317085d11ebbd5cac1f6bf848b6,chunk_focused_128,chunk,focused,1.0,1.0,1.0,1.0,0.4762,0.5,126.0,0.5,0.0
62a9691e0bb011ebab90acde48001122,chunk_focused_128,chunk,focused,0.0,0.0,1.0,1.0,0.7661,1.0,124.0,1.0,1.0
f329c007089011ebbd72ac1f6bf848b6,chunk_focused_128,chunk,focused,1.0,1.0,1.0,1.0,0.8629,0.5,124.0,0.5,0.0
66ce82ec0bdb11eba7f7acde48001122,chunk_focused_128,chunk,focused,0.0,0.0,0.0,0.0,0.439,0.5,123.0,0.5,0.0
6605282808b811ebbd88ac1f6bf848b6,chunk_focused_128,chunk,focused,1.0,1.0,0.0,0.0,0.8487,0.5,119.0,0.5,0.0
1865e1e40bdc11eba7f7acde48001122,chunk_focused_128,chunk,focused,0.0,0.0,0.0,0.0,0.256,0.5,125.0,0.5,0.0
f0cba8e408cc11ebbd93ac1f6bf848b6,chunk_focused_128,chunk,focused,0.0,0.0,0.0,0.0,0.5481,0.5,104.0,0.5,0.0
5b542d2c0bdb11eba7f7acde48001122,chunk_focused_128,chunk,focused,0.0,0.0,0.0,0.0,0.1858,0.5,113.0,0.5,0.0
b6ad2a6e0bdd11eba7f7acde48001122,chunk_focused_128,chunk,focused,0.0,0.0,0.0,0.0,0.3833,0.5,120.0,0.5,0.0
09945977084d11ebbd56ac1f6bf848b6,chunk_focused_128,chunk,focused,0.0,0.0,0.0,0.0,0.0,0.0,128.0,1.0,1.0
f52b28400bdd11eba7f7acde48001122,chunk_focused_128,chunk,focused,0.0,0.0,0.0,0.6667,0.3679,0.5,106.0,1.0,1.0
b01239cf086311ebbd5eac1f6bf848b6,chunk_focused_128,chunk,focused,0.0,0.0,1.0,1.0,0.3628,0.5,113.0,1.0,1.0
1f5901840bdc11eba7f7acde48001122,chunk_focused_128,chunk,focused,0.0,0.0,0.0,0.0,0.4595,0.5,111.0,0.5,0.0
2f1729d608c911ebbd92ac1f6bf848b6,chunk_focused_128,chunk,focused,1.0,1.0,1.0,1.0,0.4032,0.5,124.0,0.5,0.0
fbc3b82c0bae11ebab90acde48001122,chunk_focused_128,chunk,focused,0.0,0.25,0.0,0.75,0.6423,0.5,123.0,0.5,0.0
fd68c8f6085311ebbd59ac1f6bf848b6,chunk_focused_128,chunk,focused,0.0,0.0,0.0,0.0,0.5565,1.0,115.0,1.0,1.0
c240018708a311ebbd7cac1f6bf848b6,chunk_focused_128,chunk,focused,1.0,1.0,0.0,0.0,0.4865,0.5,111.0,1.0,1.0
0628ed440bde11eba7f7acde48001122,chunk_focused_128,chunk,focused,0.0,0.0,1.0,1.0,0.7581,1.0,124.0,1.0,1.0
54b3c3a60bdb11eba7f7acde48001122,chunk_focused_128,chunk,focused,0.0,0.0,0.0,0.0,0.208,0.5,125.0,0.5,0.0
bbccb00a08c211ebbd8cac1f6bf848b6,chunk_focused_128,chunk,focused,0.0,0.0,0.0,0.0,0.0952,0.25,126.0,0.25,0.0
e67fed800bdd11eba7f7acde48001122,chunk_focused_128,chunk,focused,0.0,0.0,0.0,0.0,1.0,0.5,126.0,1.0,1.0
ace961ec0baf11ebab90acde48001122,chunk_focused_128,chunk,focused,0.0,0.0,0.0,0.0,0.0,0.0,122.0,0.5,0.0
0f1f491c088611ebbd6dac1f6bf848b6,chunk_focused_128,chunk,focused,0.0,0.0,1.0,1.0,0.24,0.5,100.0,1.0,1.0
e6998c7e08de11ebbd9fac1f6bf848b6,chunk_focused_128,chunk,focused,1.0,1.0,1.0,1.0,0.5849,0.5,106.0,0.5,0.0
183402b6086511ebbd5eac1f6bf848b6,chunk_focused_128,chunk,focused,1.0,1.0,1.0,1.0,0.5,0.25,116.0,0.5,0.0
f5e7f8f80bdd11eba7f7acde48001122,chunk_focused_128,chunk,focused,0.0,0.0,0.0,0.0,0.373,0.5,126.0,0.5,0.0
d4a90752086a11ebbd5fac1f6bf848b6,chunk_focused_128,chunk,focused,0.0,0.0,0.0,0.0,0.2407,0.5,108.0,1.0,1.0
507b477408d811ebbd9aac1f6bf848b6,chunk_focused_128,chunk,focused,0.0,0.0,0.0,0.5,0.6504,0.5,123.0,1.0,1.0
6e2336660bde11eba7f7acde48001122,chunk_focused_128,chunk,focused,0.0,0.0,0.0,0.0,0.0,0.0,123.0,1.0,1.0
9b1655a108e511ebbda4ac1f6bf848b6,chunk_focused_128,chunk,focused,0.0,0.0,0.0,0.0,1.0,1.0,121.0,1.0,1.0
553ff092097f11ebbdb0ac1f6bf848b6,chunk_focused_128,chunk,focused,0.0,0.0,1.0,1.0,0.2333,1.0,120.0,1.0,1.0
6f0bdd140bdc11eba7f7acde48001122,chunk_focused_128,chunk,focused,0.0,0.0,0.0,0.0,0.783,0.5,106.0,0.5,0.0
2f3b107c0bde11eba7f7acde48001122,chunk_focused_128,chunk,focused,0.0,0.0,0.0,0.0,0.8485,0.5,99.0,0.5,0.0
462bb642099211ebbdb0ac1f6bf848b6,chunk_focused_128,chunk,focused,0.0,0.0,0.0,0.0,0.6163,1.0,86.0,1.0,1.0
fc28c2e80bdc11eba7f7acde48001122,chunk_focused_128,chunk,focused,0.0,0.0,0.0,0.0,0.3387,0.5,124.0,0.5,0.0
3889ebc80bdc11eba7f7acde48001122,chunk_focused_128,chunk,focused,0.0,0.0,0.0,0.0,0.2683,0.5,123.0,0.5,0.0
ce0a4f9408eb11ebbda7ac1f6bf848b6,chunk_focused_128,chunk,focused,0.0,0.0,0.0,0.0,1.0,1.0,120.0,1.0,1.0
3ed396b0087f11ebbd6bac1f6bf848b6,chunk_focused_128,chunk,focused,1.0,1.0,1.0,1.0,1.0,0.5,124.0,0.5,0.0
7e3574e8093c11ebbdaeac1f6bf848b6,chunk_focused_128,chunk,focused,1.0,1.0,1.0,1.0,0.0,0.0,128.0,0.5,0.0
80c2cafa08d911ebbd9cac1f6bf848b6,chunk_focused_128,chunk,focused,0.0,0.0,0.0,0.0,0.2202,0.25,109.0,0.5,0.0
bc702d440baf11ebab90acde48001122,chunk_focused_128,chunk,focused,0.0,0.0,0.0,0.5,0.2712,0.5,118.0,0.5,0.0
56f73ba60baf11ebab90acde48001122,chunk_focused_128,chunk,focused,0.0,0.5,1.0,1.0,1.0,1.0,107.0,1.0,1.0
6dd2e77a0bb011ebab90acde48001122,chunk_focused_128,chunk,focused,0.0,0.0,0.0,0.5,0.3968,0.5,126.0,0.5,0.0
5fdf9c8008b311ebbd86ac1f6bf848b6,chunk_focused_128,chunk,focused,0.0,0.0,1.0,1.0,0.4146,1.0,123.0,1.0,1.0
65884aca0baf11ebab90acde48001122,chunk_focused_128,chunk,focused,0.0,0.0,0.0,0.5,0.5565,0.5,124.0,0.5,0.0
416e88500bde11eba7f7acde48001122,chunk_focused_128,chunk,focused,0.0,0.0,0.0,0.6,0.5126,0.5,119.0,0.5,0.0
e715b66708be11ebbd8aac1f6bf848b6,chunk_focused_128,chunk,focused,0.0,0.0,0.0,0.0,0.1811,0.5,127.0,0.5,0.0
41edeed3085b11ebbd5cac1f6bf848b6,chunk_focused_128,chunk,focused,0.0,0.0,0.0,0.0,0.7589,1.0,112.0,1.0,1.0
a346f150089811ebbd77ac1f6bf848b6,chunk_focused_128,chunk,focused,0.0,0.0,0.0,0.9,1.0,0.5,115.0,0.75,0.0
600eac52085c11ebbd5cac1f6bf848b6,chunk_focused_128,chunk,focused,1.0,1.0,1.0,1.0,0.5354,0.5,127.0,0.5,0.0
6f7115240bde11eba7f7acde48001122,chunk_focused_128,chunk,focused,0.0,0.0,0.0,0.0,0.2396,0.5,96.0,0.5,0.0
c1b112a00baf11ebab90acde48001122,chunk_focused_128,chunk,focused,0.0,0.0,0.0,0.0,0.6038,0.5,106.0,0.5,0.0
371c1d5e0bde11eba7f7acde48001122,chunk_focused_128,chunk,focused,0.0,0.0,0.0,0.0,0.568,0.5,125.0,0.5,0.0
69e65bfb08d711ebbd9aac1f6bf848b6,chunk_focused_128,chunk,focused,0.0,0.0,1.0,1.0,0.6641,0.5,128.0,0.5,0.0
dd01c8180bd911eba7f7acde48001122,chunk_focused_128,chunk,focused,0.0,0.0,0.0,0.0,0.0,0.0,109.0,1.0,1.0
ab94845c0baf11ebab90acde48001122,chunk_focused_128,chunk,focused,0.0,0.0,0.0,0.5,0.5433,0.5,127.0,0.5,0.0
6434ea6708eb11ebbda7ac1f6bf848b6,chunk_focused_128,chunk,focused,1.0,1.0,0.0,0.0,0.6333,1.0,120.0,1.0,1.0
57df2e7e0bb011ebab90acde48001122,chunk_focused_128,chunk,focused,0.0,0.0,0.0,0.0,0.0,0.0,128.0,0.5,0.0
4313e1320bde11eba7f7acde48001122,chunk_focused_128,chunk,focused,0.0,0.0,0.0,0.0,0.0,0.0,126.0,0.5,0.0
6f1c59360bdd11eba7f7acde48001122,chunk_focused_128,chunk,focused,0.0,0.0,0.0,0.0,0.2564,0.5,117.0,0.5,0.0
3cd45771086e11ebbd62ac1f6bf848b6,chunk_focused_128,chunk,focused,1.0,1.0,0.0,0.0,0.2314,1.0,121.0,1.0,1.0
b3e0284c087011ebbd63ac1f6bf848b6,chunk_focused_128,chunk,focused,0.0,0.0,1.0,1.0,0.802,0.5,101.0,1.0,1.0
0db3321208d311ebbd96ac1f6bf848b6,chunk_focused_128,chunk,focused,1.0,1.0,1.0,1.0,0.3719,1.0,121.0,1.0,1.0
09c3e79c0bde11eba7f7acde48001122,chunk_focused_128,chunk,focused,0.0,0.0,0.0,0.0,0.5565,0.5,124.0,0.5,0.0
49409db4093711ebbdaeac1f6bf848b6,chunk_focused_128,chunk,focused,0.0,0.0,1.0,1.0,0.7545,1.0,110.0,1.0,1.0
e476b380090c11ebbdadac1f6bf848b6,chunk_focused_128,chunk,focused,0.0,0.0,0.0,0.3333,0.6638,0.5,116.0,1.0,1.0
ba07c82908e411ebbda4ac1f6bf848b6,chunk_focused_128,chunk,focused,0.0,0.0,1.0,1.0,1.0,1.0,125.0,1.0,1.0
5410b503086c11ebbd61ac1f6bf848b6,chunk_focused_128,chunk,focused,1.0,1.0,0.0,0.0,0.55,0.5,120.0,1.0,1.0
accfdb580bd911eba7f7acde48001122,chunk_focused_128,chunk,focused,0.0,0.0,0.0,0.0,0.568,0.5,125.0,1.0,1.0
5ed727980bda11eba7f7acde48001122,chunk_focused_128,chunk,focused,0.0,0.0,0.0,0.0,0.4715,0.5,123.0,0.5,0.0
08d7d0d20bde11eba7f7acde48001122,chunk_focused_128,chunk,focused,0.0,0.0,0.0,0.0,0.2913,0.5,127.0,1.0,1.0
9f9460460bdc11eba7f7acde48001122,chunk_focused_128,chunk,focused,0.0,0.0,0.0,0.0,0.1901,0.5,121.0,1.0,1.0
d7af391708bb11ebbd88ac1f6bf848b6,chunk_focused_128,chunk,focused,0.0,0.0,0.0,0.0,0.568,0.5,125.0,0.5,0.0
f2abc5580bdc11eba7f7acde48001122,chunk_focused_128,chunk,focused,0.0,0.0,0.0,0.0,0.2656,0.5,128.0,1.0,1.0
5839dbac0bde11eba7f7acde48001122,chunk_focused_128,chunk,focused,0.0,0.0,0.0,0.0,0.2364,0.5,110.0,0.5,0.0
26d0b2f2085511ebbd59ac1f6bf848b6,chunk_focused_128,chunk,focused,1.0,1.0,1.0,1.0,0.8525,1.0,122.0,1.0,1.0
6b10f275096011ebbdafac1f6bf848b6,chunk_focused_128,chunk,focused,0.0,0.0,1.0,1.0,1.0,1.0,121.0,1.0,1.0
84414bf00bb011ebab90acde48001122,chunk_focused_128,chunk,focused,0.0,0.0,0.0,0.3333,0.3223,0.5,121.0,1.0,1.0
bedf588e0baf11ebab90acde48001122,chunk_focused_128,chunk,focused,0.0,0.0,0.0,0.5,0.592,0.5,125.0,0.5,0.0
3101726e0bdb11eba7f7acde48001122,chunk_focused_128,chunk,focused,0.0,0.0,0.0,0.0,0.1404,0.5,114.0,0.5,0.0
6e88d85e0bde11eba7f7acde48001122,chunk_focused_128,chunk,focused,0.0,0.0,0.0,0.0,0.6016,0.5,123.0,1.0,1.0
597a6ac20bd911eba7f7acde48001122,chunk_focused_128,chunk,focused,0.0,0.0,0.0,0.0,0.623,0.5,122.0,0.5,0.0
0c4804540bb011ebab90acde48001122,chunk_focused_128,chunk,focused,0.0,0.6667,0.0,1.0,0.314,0.5,121.0,1.0,1.0
76b617e40bde11eba7f7acde48001122,chunk_focused_128,chunk,focused,0.0,0.0,0.0,0.6667,0.456,0.5,125.0,0.5,0.0
2b9500fe0bde11eba7f7acde48001122,chunk_focused_128,chunk,focused,0.0,0.0,0.0,0.0,0.0,0.0,119.0,1.0,1.0
2acf91800bdd11eba7f7acde48001122,chunk_focused_128,chunk,focused,0.0,0.0,0.0,0.0,0.3362,0.5,116.0,0.5,0.0
6875b330086711ebbd5eac1f6bf848b6,chunk_focused_128,chunk,focused,1.0,1.0,0.0,0.75,0.784,0.5,125.0,0.5,0.0
1332d0ca0bdb11eba7f7acde48001122,chunk_focused_128,chunk,focused,0.0,0.0,0.0,0.25,0.2627,0.5,118.0,0.5,0.0
39aec54808ab11ebbd81ac1f6bf848b6,chunk_focused_128,chunk,focused,0.0,0.0,1.0,1.0,0.4127,0.25,126.0,0.75,0.0
4fb9d00c0bdb11eba7f7acde48001122,chunk_focused_128,chunk,focused,0.0,0.0,0.0,0.0,0.678,0.5,118.0,0.5,0.0
64ed06f40bdd11eba7f7acde48001122,chunk_focused_128,chunk,focused,0.0,0.0,0.0,0.0,0.4,0.5,105.0,0.5,0.0
de95e2e408ad11ebbd83ac1f6bf848b6,chunk_focused_128,chunk,focused,0.0,0.0,0.0,0.0,0.2846,0.5,123.0,0.5,0.0
214beb5e0bb011ebab90acde48001122,chunk_focused_128,chunk,focused,0.0,0.0,0.0,0.0,0.2549,0.5,102.0,0.5,0.0
8cdc97de0bdc11eba7f7acde48001122,chunk_focused_128,chunk,focused,0.0,0.8,1.0,1.0,0.5,0.5,118.0,1.0,1.0
5be3d2e7089411ebbd75ac1f6bf848b6,chunk_focused_128,chunk,focused,1.0,1.0,1.0,1.0,1.0,0.5,127.0,0.5,0.0
e9b332fd089811ebbd77ac1f6bf848b6,chunk_focused_128,chunk,focused,1.0,1.0,1.0,1.0,1.0,1.0,127.0,1.0,1.0
bdacec5e085f11ebbd5dac1f6bf848b6,chunk_focused_128,chunk,focused,0.0,0.0,1.0,1.0,1.0,0.5,118.0,0.5,0.0
2d319a460bdc11eba7f7acde48001122,chunk_focused_128,chunk,focused,0.0,0.0,0.0,0.0,0.6774,0.5,124.0,0.5,0.0
bb965c8508af11ebbd83ac1f6bf848b6,chunk_focused_128,chunk,focused,1.0,1.0,1.0,1.0,1.0,0.5,113.0,0.5,0.0
78ba517c0bd911eba7f7acde48001122,chunk_focused_128,chunk,focused,0.0,0.0,1.0,1.0,0.7636,1.0,110.0,1.0,1.0
f5648762086711ebbd5eac1f6bf848b6,chunk_focused_128,chunk,focused,1.0,1.0,1.0,1.0,1.0,0.5,126.0,0.5,0.0
fa7ad32b093411ebbdaeac1f6bf848b6,chunk_focused_128,chunk,focused,0.0,0.0,0.0,0.0,0.2619,0.5,126.0,0.5,0.0
0c818a160bde11eba7f7acde48001122,chunk_focused_128,chunk,focused,0.0,0.0,0.0,0.0,0.6261,0.5,115.0,0.5,0.0
803a31b9089d11ebbd78ac1f6bf848b6,chunk_focused_128,chunk,focused,0.0,0.0,0.0,0.0,0.8125,0.75,128.0,0.75,0.0
75fbf09a08c711ebbd91ac1f6bf848b6,chunk_focused_128,chunk,focused,0.0,0.0,0.0,0.0,0.1071,0.25,112.0,0.25,0.0
070e4d940bde11eba7f7acde48001122,chunk_focused_128,chunk,focused,1.0,1.0,1.0,1.0,1.0,1.0,102.0,1.0,1.0
ef0db64a08f311ebbdaaac1f6bf848b6,chunk_focused_128,chunk,focused,0.0,0.0,0.0,0.0,0.2833,0.5,120.0,1.0,1.0
a2745ec4085d11ebbd5cac1f6bf848b6,chunk_focused_128,chunk,focused,0.0,0.0,0.0,0.0,0.8843,0.5,121.0,1.0,1.0
86a396ba0bdc11eba7f7acde48001122,chunk_focused_128,chunk,focused,0.0,0.0,0.0,0.0,0.1719,0.5,128.0,0.5,0.0
99e45ebc08e411ebbda4ac1f6bf848b6,chunk_focused_128,chunk,focused,1.0,1.0,0.0,0.75,0.7107,0.5,121.0,0.5,0.0
bf514e0208db11ebbd9cac1f6bf848b6,chunk_focused_128,chunk,focused,0.0,0.0,1.0,1.0,1.0,0.5,103.0,0.5,0.0
e64faf900baf11ebab90acde48001122,chunk_focused_128,chunk,focused,0.0,0.0,0.0,0.5,0.4918,0.5,122.0,0.5,0.0
2eb4b1040bb011ebab90acde48001122,chunk_focused_128,chunk,focused,0.0,0.0,0.0,0.6,0.8067,0.5,119.0,0.5,0.0
6f0a6a5e0bde11eba7f7acde48001122,chunk_focused_128,chunk,focused,0.0,0.0,0.0,0.0,0.5726,0.5,124.0,1.0,1.0
c4b2a1660bdd11eba7f7acde48001122,chunk_focused_128,chunk,focused,0.0,0.0,0.0,0.0,0.3701,1.0,127.0,1.0,1.0
45153f740bdb11eba7f7acde48001122,chunk_focused_128,chunk,focused,0.0,0.0,0.0,0.0,0.4483,0.5,116.0,1.0,1.0
53d6ad2a0bb011ebab90acde48001122,chunk_focused_128,chunk,focused,0.0,0.0,0.0,0.0,0.5317,0.5,126.0,1.0,1.0
be1e5c620bda11eba7f7acde48001122,chunk_focused_128,chunk,focused,0.0,0.0,0.0,0.0,0.3952,0.5,124.0,1.0,1.0
e2537e7808ab11ebbd82ac1f6bf848b6,chunk_focused_128,chunk,focused,1.0,1.0,1.0,1.0,1.0,0.5,113.0,0.5,0.0
3b63d2fe089511ebbd75ac1f6bf848b6,chunk_focused_128,chunk,focused,0.0,0.0,0.0,0.0,0.5312,0.5,128.0,1.0,1.0
e46c530a0bae11ebab90acde48001122,chunk_focused_128,chunk,focused,0.0,0.0,0.0,0.0,0.5887,0.5,124.0,0.5,0.0
16e1bf00088511ebbd6dac1f6bf848b6,chunk_focused_128,chunk,focused,0.0,0.0,0.0,0.0,1.0,0.5,109.0,0.5,0.0
6a23ecc8089f11ebbd78ac1f6bf848b6,chunk_focused_128,chunk,focused,1.0,1.0,0.0,0.25,0.2328,0.25,116.0,0.5,0.0
1dbdfcea0bdb11eba7f7acde48001122,chunk_focused_128,chunk,focused,0.0,0.0,0.0,0.0,0.1102,0.5,127.0,0.5,0.0
d35ce724089911ebbd77ac1f6bf848b6,chunk_focused_128,chunk,focused,1.0,1.0,1.0,1.0,0.8678,1.0,121.0,1.0,1.0
f4e8557c085b11ebbd5cac1f6bf848b6,chunk_focused_128,chunk,focused,0.0,0.0,0.0,0.0,0.0,0.0,114.0,0.25,0.0
870142580bda11eba7f7acde48001122,chunk_focused_128,chunk,focused,0.0,0.0,0.0,0.0,0.6457,0.5,127.0,0.5,0.0
be9369c80bdd11eba7f7acde48001122,chunk_focused_128,chunk,focused,0.0,0.0,0.0,0.0,0.2321,0.5,112.0,0.5,0.0
5ff291a80bda11eba7f7acde48001122,chunk_focused_128,chunk,focused,0.0,0.0,0.0,0.0,0.2835,0.5,127.0,0.5,0.0
0c13a2ca088811ebbd6eac1f6bf848b6,chunk_focused_128,chunk,focused,0.0,0.0,1.0,1.0,1.0,0.5,123.0,0.5,0.0
259721a608e511ebbda4ac1f6bf848b6,chunk_focused_128,chunk,focused,1.0,1.0,1.0,1.0,0.243,0.25,107.0,0.5,0.0
6ab2c3860baf11ebab90acde48001122,chunk_focused_128,chunk,focused,0.0,0.0,0.0,0.5,0.1619,0.5,105.0,0.5,0.0
3a47b9960bdb11eba7f7acde48001122,chunk_focused_128,chunk,focused,0.0,0.0,0.0,0.0,0.314,0.5,121.0,0.5,0.0
ff36cddc08c011ebbd8aac1f6bf848b6,chunk_focused_128,chunk,focused,1.0,1.0,1.0,1.0,0.6161,0.5,112.0,0.5,0.0
721f557a0bdd11eba7f7acde48001122,chunk_focused_128,chunk,focused,0.0,0.0,0.0,0.0,0.1282,0.5,117.0,0.5,0.0
3dd414d2095211ebbdaeac1f6bf848b6,chunk_focused_128,chunk,focused,0.0,0.0,0.0,0.0,0.2344,0.5,128.0,0.5,0.0
ea755618087311ebbd67ac1f6bf848b6,chunk_focused_128,chunk,focused,0.0,0.0,1.0,1.0,0.7168,0.5,113.0,0.5,0.0
49eaffb0089411ebbd75ac1f6bf848b6,chunk_focused_128,chunk,focused,1.0,1.0,1.0,1.0,0.7787,0.5,122.0,0.5,0.0
de7b90800bdd11eba7f7acde48001122,chunk_focused_128,chunk,focused,1.0,1.0,1.0,1.0,0.2362,0.5,127.0,0.5,0.0
0bc8838a0bda11eba7f7acde48001122,chunk_focused_128,chunk,focused,0.0,0.3333,0.0,0.3333,0.0,0.0,108.0,1.0,1.0
f9563b3a0bdd11eba7f7acde48001122,chunk_focused_128,chunk,focused,0.0,0.0,0.0,0.0,0.1484,0.5,128.0,0.5,0.0
47cc27fa08bb11ebbd88ac1f6bf848b6,chunk_focused_128,chunk,focused,1.0,1.0,1.0,1.0,0.6905,1.0,126.0,1.0,1.0
85cc412008b611ebbd88ac1f6bf848b6,chunk_focused_128,chunk,focused,0.0,0.0,0.0,0.0,0.5888,0.5,107.0,0.5,0.0
0a59ce0a08b711ebbd88ac1f6bf848b6,chunk_focused_128,chunk,focused,0.0,0.0,0.0,0.0,0.7951,1.0,122.0,1.0,1.0
72f602e60bb011ebab90acde48001122,chunk_focused_128,chunk,focused,0.0,0.0,1.0,1.0,0.1754,0.5,114.0,1.0,1.0
ae585fc20bd911eba7f7acde48001122,chunk_focused_128,chunk,focused,0.0,0.0,0.0,0.0,0.6228,0.5,114.0,0.5,0.0
1c0f99380bdd11eba7f7acde48001122,chunk_focused_128,chunk,focused,0.0,0.0,0.0,0.0,0.5565,0.5,115.0,0.5,0.0
b534d99e098111ebbdb0ac1f6bf848b6,chunk_focused_128,chunk,focused,1.0,1.0,1.0,1.0,1.0,1.0,114.0,1.0,1.0
406a4ee00bb011ebab90acde48001122,chunk_focused_128,chunk,focused,0.0,0.0,0.0,0.3333,0.6796,0.5,103.0,0.5,0.0
48d89aea0bd911eba7f7acde48001122,chunk_focused_128,chunk,focused,0.0,0.0,0.0,0.0,0.0,0.0,117.0,0.5,0.0
ece1bdae0bdb11eba7f7acde48001122,chunk_focused_128,chunk,focused,0.0,0.0,0.0,0.0,0.0,0.0,123.0,0.5,0.0
ddbc0f6c0bdd11eba7f7acde48001122,chunk_focused_128,chunk,focused,0.0,0.0,0.0,0.0,0.7196,0.5,107.0,1.0,1.0
168d081a0bb011ebab90acde48001122,chunk_focused_128,chunk,focused,0.0,0.0,0.0,0.5,0.0,0.0,124.0,1.0,1.0
677658e80bde11eba7f7acde48001122,chunk_focused_128,chunk,focused,0.0,0.0,0.0,0.0,0.0,0.0,113.0,0.0,0.0
a994c54e0bdd11eba7f7acde48001122,chunk_focused_128,chunk,focused,0.0,0.0,0.0,0.0,0.2619,0.5,126.0,0.5,0.0
3b17c11308f011ebbda8ac1f6bf848b6,chunk_focused_128,chunk,focused,1.0,1.0,1.0,1.0,1.0,1.0,127.0,1.0,1.0
552ac62c089311ebbd74ac1f6bf848b6,chunk_focused_128,chunk,focused,0.0,0.0,1.0,1.0,0.8083,1.0,120.0,1.0,1.0
6cfe1e5408ac11ebbd83ac1f6bf848b6,chunk_focused_128,chunk,focused,0.0,0.0,0.0,0.0,0.1885,0.25,122.0,0.75,0.0
695c85a1086a11ebbd5fac1f6bf848b6,chunk_focused_128,chunk,focused,0.0,0.0,1.0,1.0,0.5447,0.5,123.0,0.5,0.0
abf4c578090811ebbdadac1f6bf848b6,chunk_focused_128,chunk,focused,1.0,1.0,1.0,1.0,0.9426,1.0,122.0,1.0,1.0
eeea54e0085611ebbd59ac1f6bf848b6,chunk_focused_128,chunk,focused,0.0,0.0,1.0,1.0,0.7165,0.5,127.0,0.5,0.0
a400ea0a0bdc11eba7f7acde48001122,chunk_focused_128,chunk,focused,0.0,0.0,0.0,0.0,0.4921,0.5,126.0,0.5,0.0
6181829c0bb011ebab90acde48001122,chunk_focused_128,chunk,focused,0.0,0.0,0.0,0.6,0.7097,0.5,124.0,0.5,0.0
c74ed73b088d11ebbd70ac1f6bf848b6,chunk_focused_128,chunk,focused,1.0,1.0,1.0,1.0,1.0,0.5,126.0,0.5,0.0
61cc91aa088c11ebbd6fac1f6bf848b6,chunk_focused_128,chunk,focused,1.0,1.0,1.0,1.0,0.6106,0.5,113.0,0.75,0.0
d16aef420bda11eba7f7acde48001122,chunk_focused_128,chunk,focused,0.0,0.0,0.0,0.0,0.6446,0.5,121.0,0.5,0.0
632cef18089111ebbd73ac1f6bf848b6,chunk_focused_128,chunk,focused,0.0,0.0,1.0,1.0,1.0,0.5,127.0,0.5,0.0
67d902140bb011ebab90acde48001122,chunk_focused_128,chunk,focused,0.0,0.0,0.0,0.0,0.2957,0.5,115.0,1.0,1.0
df25946e08b211ebbd85ac1f6bf848b6,chunk_focused_128,chunk,focused,1.0,1.0,1.0,1.0,0.6429,0.25,126.0,0.5,0.0
2a688326089c11ebbd78ac1f6bf848b6,chunk_focused_128,chunk,focused,1.0,1.0,1.0,1.0,0.8165,0.5,109.0,0.5,0.0
d7281cbe0baf11ebab90acde48001122,chunk_focused_128,chunk,focused,0.0,0.0,0.0,0.0,0.3305,0.5,118.0,0.5,0.0
0507b29d088c11ebbd6fac1f6bf848b6,chunk_focused_128,chunk,focused,1.0,1.0,1.0,1.0,0.8226,1.0,124.0,1.0,1.0
f4c82ea208a411ebbd7dac1f6bf848b6,chunk_focused_128,chunk,focused,0.0,0.0,0.0,0.0,0.0,0.0,127.0,0.5,0.0
177e0eda0bde11eba7f7acde48001122,chunk_focused_128,chunk,focused,0.0,0.0,0.0,0.0,0.5433,0.5,127.0,0.5,0.0
cba75d3408ce11ebbd94ac1f6bf848b6,chunk_focused_128,chunk,focused,1.0,1.0,0.0,0.0,0.4127,1.0,126.0,1.0,1.0
650ae56108b911ebbd88ac1f6bf848b6,chunk_focused_128,chunk,focused,0.0,0.0,0.0,0.0,0.3889,0.25,108.0,0.5,0.0
3bee1660089911ebbd77ac1f6bf848b6,chunk_focused_128,chunk,focused,1.0,1.0,1.0,1.0,0.4224,0.5,116.0,0.5,0.0
befbd60c0bdd11eba7f7acde48001122,chunk_focused_128,chunk,focused,0.0,0.0,0.0,0.0,0.0,0.0,122.0,1.0,1.0
d94b8e3708e911ebbda7ac1f6bf848b6,chunk_focused_128,chunk,focused,1.0,1.0,0.0,0.75,0.2541,1.0,122.0,1.0,1.0
51c970e6097111ebbdb0ac1f6bf848b6,chunk_focused_128,chunk,focused,0.0,0.0,0.0,0.0,0.6818,1.0,110.0,1.0,1.0
ba08756a0bdd11eba7f7acde48001122,chunk_focused_128,chunk,focused,0.0,0.0,0.0,0.0,0.5294,0.5,85.0,1.0,1.0
2e28a87e0bda11eba7f7acde48001122,chunk_focused_128,chunk,focused,0.0,0.0,0.0,0.0,0.6532,0.5,124.0,0.5,0.0
2164ef1e0bdd11eba7f7acde48001122,chunk_focused_128,chunk,focused,0.0,0.0,0.0,0.0,0.6486,0.5,111.0,0.5,0.0
83aacaf008ee11ebbda8ac1f6bf848b6,chunk_focused_128,chunk,focused,0.0,0.0,1.0,1.0,0.8226,1.0,124.0,1.0,1.0
cc93bb5c090711ebbdadac1f6bf848b6,chunk_focused_128,chunk,focused,1.0,1.0,1.0,1.0,0.2812,1.0,96.0,1.0,1.0
7aa58f360bdb11eba7f7acde48001122,chunk_focused_128,chunk,focused,0.0,0.0,0.0,0.0,0.0,0.0,115.0,0.5,0.0
b9e30a520bdb11eba7f7acde48001122,chunk_focused_128,chunk,focused,0.0,0.0,0.0,0.0,0.7009,0.5,107.0,1.0,1.0
64f1e5e9086d11ebbd62ac1f6bf848b6,chunk_focused_128,chunk,focused,0.0,0.2857,1.0,1.0,0.6393,0.5,122.0,0.5,0.0
7257a60608cb11ebbd92ac1f6bf848b6,chunk_focused_128,chunk,focused,0.0,0.0,1.0,1.0,1.0,0.5,120.0,0.5,0.0
d2c7402008bf11ebbd8aac1f6bf848b6,chunk_focused_128,chunk,focused,0.0,0.0,0.0,0.0,0.7913,0.5,115.0,0.5,0.0
17ec5f82095d11ebbdaeac1f6bf848b6,chunk_focused_128,chunk,focused,1.0,1.0,1.0,1.0,0.8976,1.0,127.0,1.0,1.0
f6e7e5a80bae11ebab90acde48001122,chunk_focused_128,chunk,focused,0.0,0.0,0.0,0.3333,0.5225,0.5,111.0,0.5,0.0
6a848a240bb011ebab90acde48001122,chunk_focused_128,chunk,focused,0.0,0.6,0.0,0.8,0.1032,0.5,126.0,1.0,1.0
583b8ccc0bd911eba7f7acde48001122,chunk_focused_128,chunk,focused,0.0,0.0,0.0,0.0,0.408,0.5,125.0,1.0,1.0
81f9510408fa11ebbdacac1f6bf848b6,chunk_focused_128,chunk,focused,0.0,0.0,0.0,0.0,0.693,0.5,114.0,1.0,1.0
3d1200fc0bde11eba7f7acde48001122,chunk_focused_128,chunk,focused,0.0,0.0,0.0,0.0,0.3596,0.5,114.0,0.5,0.0
e6f90c9d08c711ebbd91ac1f6bf848b6,chunk_focused_128,chunk,focused,1.0,1.0,1.0,1.0,0.6484,0.5,128.0,0.5,0.0
fc00ac4a0baf11ebab90acde48001122,chunk_focused_128,chunk,focused,0.0,0.2222,0.0,0.8333,0.0,0.0,116.0,0.5,0.0
4aee95dc0bd911eba7f7acde48001122,chunk_focused_128,chunk,focused,0.0,0.0,0.0,0.0,0.4722,0.5,108.0,0.5,0.0
08d74900089611ebbd75ac1f6bf848b6,chunk_focused_128,chunk,focused,0.0,0.0,1.0,1.0,0.4,0.5,125.0,0.5,0.0
366860a5086711ebbd5eac1f6bf848b6,chunk_focused_128,chunk,focused,0.0,0.0,0.0,0.0,0.8016,1.0,126.0,1.0,1.0
d03663e108e211ebbda4ac1f6bf848b6,chunk_focused_128,chunk,focused,0.0,0.0,0.0,0.0,0.6161,1.0,112.0,1.0,1.0
743f23820bdb11eba7f7acde48001122,chunk_focused_128,chunk,focused,0.0,0.0,0.0,0.0,0.5128,0.5,117.0,0.5,0.0
a9a7d5580bdd11eba7f7acde48001122,chunk_focused_128,chunk,focused,0.0,0.0,0.0,0.0,0.2358,0.5,123.0,0.5,0.0
3afba9de094f11ebbdaeac1f6bf848b6,chunk_focused_128,chunk,focused,1.0,1.0,1.0,1.0,0.487,1.0,115.0,1.0,1.0
76bb71320bdc11eba7f7acde48001122,chunk_focused_128,chunk,focused,0.0,0.0,0.0,0.0,0.459,0.5,122.0,0.5,0.0
c072ad1408d411ebbd97ac1f6bf848b6,chunk_focused_128,chunk,focused,0.0,0.0,0.0,0.0,0.7402,0.25,127.0,0.5,0.0
8b165288088911ebbd6eac1f6bf848b6,chunk_focused_128,chunk,focused,0.0,0.0,1.0,1.0,0.4758,0.5,124.0,0.5,0.0
4c7a03560bdd11eba7f7acde48001122,chunk_focused_128,chunk,focused,0.0,0.0,0.0,0.0,0.2797,0.5,118.0,0.5,0.0
af1a8667088311ebbd6dac1f6bf848b6,chunk_focused_128,chunk,focused,0.0,0.0,0.0,0.0,0.6017,1.0,118.0,1.0,1.0
f7b41d560bdd11eba7f7acde48001122,chunk_focused_128,chunk,focused,0.0,0.0,0.0,0.0,0.3622,0.5,127.0,0.5,0.0
9893834c092711ebbdaeac1f6bf848b6,chunk_focused_128,chunk,focused,0.0,0.0,1.0,1.0,0.0,0.0,112.0,1.0,1.0
3068a40c0baf11ebab90acde48001122,chunk_focused_128,chunk,focused,0.0,0.0,0.0,0.0,0.6389,0.5,108.0,1.0,1.0
cddb28ed08bf11ebbd8aac1f6bf848b6,chunk_focused_128,chunk,focused,1.0,1.0,1.0,1.0,0.2424,0.5,99.0,1.0,1.0
0a9f880a0bda11eba7f7acde48001122,chunk_focused_128,chunk,focused,0.0,0.0,0.0,0.0,0.35,0.5,120.0,1.0,1.0
2e12ac000bde11eba7f7acde48001122,chunk_focused_128,chunk,focused,0.0,0.6667,1.0,1.0,0.287,0.5,115.0,1.0,1.0
829275da08f511ebbdaaac1f6bf848b6,chunk_focused_128,chunk,focused,1.0,1.0,1.0,1.0,0.4309,1.0,123.0,1.0,1.0
8f8aaf0b088711ebbd6dac1f6bf848b6,chunk_focused_128,chunk,focused,0.0,0.0,1.0,1.0,1.0,1.0,115.0,1.0,1.0
097583d2095711ebbdaeac1f6bf848b6,chunk_focused_128,chunk,focused,1.0,1.0,0.0,0.6667,0.112,0.5,125.0,1.0,1.0
6b9a2cb4087911ebbd67ac1f6bf848b6,chunk_focused_128,chunk,focused,1.0,1.0,1.0,1.0,0.328,1.0,125.0,1.0,1.0
13ec0a08089111ebbd72ac1f6bf848b6,chunk_focused_128,chunk,focused,1.0,1.0,1.0,1.0,0.175,0.5,120.0,1.0,1.0
62444d9a0bb011ebab90acde48001122,chunk_focused_128,chunk,focused,0.0,0.0,0.0,0.0,0.4407,0.5,118.0,0.5,0.0
998af60a088b11ebbd6fac1f6bf848b6,chunk_focused_128,chunk,focused,1.0,1.0,1.0,1.0,0.4646,0.5,127.0,0.5,0.0
f0ec33f00bdd11eba7f7acde48001122,chunk_focused_128,chunk,focused,0.0,0.0,1.0,1.0,0.3438,0.5,128.0,0.5,0.0
04dfe47c0bdb11eba7f7acde48001122,chunk_focused_128,chunk,focused,0.0,0.0,0.0,0.0,0.0,0.0,127.0,0.5,0.0
e2f26a20089111ebbd73ac1f6bf848b6,chunk_focused_128,chunk,focused,0.0,0.0,1.0,1.0,0.5156,0.25,128.0,0.5,0.0
fec25d0c0bdc11eba7f7acde48001122,chunk_focused_128,chunk,focused,0.0,0.0,0.0,0.0,0.6829,0.5,123.0,1.0,1.0
8715eeb808e411ebbda4ac1f6bf848b6,chunk_focused_128,chunk,focused,1.0,1.0,1.0,1.0,1.0,0.5,128.0,0.5,0.0
93e6f2c60bdd11eba7f7acde48001122,chunk_focused_128,chunk,focused,0.0,0.0,0.0,0.0,0.4309,0.5,123.0,1.0,1.0
1cf4dbe80baf11ebab90acde48001122,chunk_focused_128,chunk,focused,0.0,0.0,0.0,0.0,0.7049,0.5,122.0,0.5,0.0
815fa2ae0bda11eba7f7acde48001122,chunk_focused_128,chunk,focused,0.0,0.0,0.0,0.3333,0.4393,0.5,107.0,0.5,0.0
b22b87b40bd911eba7f7acde48001122,chunk_focused_128,chunk,focused,0.0,0.0,0.0,0.0,0.5905,0.5,105.0,0.5,0.0
388978ca08c411ebbd8eac1f6bf848b6,chunk_focused_128,chunk,focused,1.0,1.0,0.0,0.75,0.5079,0.5,126.0,0.5,0.0
efcb57f00bdb11eba7f7acde48001122,chunk_focused_128,chunk,focused,0.0,0.0,0.0,0.0,0.2787,0.5,122.0,0.5,0.0
fe91ee700bdb11eba7f7acde48001122,chunk_focused_128,chunk,focused,0.0,0.0,0.0,0.0,0.7143,1.0,126.0,1.0,1.0
e4364efd088111ebbd6dac1f6bf848b6,chunk_focused_128,chunk,focused,0.0,0.0,1.0,1.0,0.621,1.0,124.0,1.0,1.0
61d4545708b111ebbd85ac1f6bf848b6,chunk_focused_128,chunk,focused,1.0,1.0,1.0,1.0,0.8189,0.5,127.0,0.5,0.0
7da84dd40bb011ebab90acde48001122,chunk_focused_128,chunk,focused,0.0,0.0,1.0,1.0,0.5175,0.5,114.0,1.0,1.0
105a765e0bdc11eba7f7acde48001122,chunk_focused_128,chunk,focused,1.0,1.0,1.0,1.0,1.0,1.0,94.0,1.0,1.0
1f98da43088111ebbd6dac1f6bf848b6,chunk_focused_128,chunk,focused,0.0,0.2857,1.0,1.0,0.6458,0.5,96.0,0.5,0.0
13c15658087311ebbd66ac1f6bf848b6,chunk_focused_128,chunk,focused,1.0,1.0,1.0,1.0,1.0,0.5,127.0,0.75,0.0
28016c540bdc11eba7f7acde48001122,chunk_focused_128,chunk,focused,0.0,0.0,0.0,0.0,0.2818,0.5,110.0,0.5,0.0
c218f9d20bdd11eba7f7acde48001122,chunk_focused_128,chunk,focused,0.0,0.0,0.0,0.0,0.6532,0.5,124.0,1.0,1.0
4c5074f9089711ebbd76ac1f6bf848b6,chunk_focused_128,chunk,focused,1.0,1.0,1.0,1.0,0.375,1.0,120.0,1.0,1.0
e5fa9df9085c11ebbd5cac1f6bf848b6,chunk_focused_128,chunk,focused,1.0,1.0,1.0,1.0,0.6216,1.0,111.0,1.0,1.0
9cf255e3088911ebbd6eac1f6bf848b6,chunk_focused_128,chunk,focused,0.0,0.0,0.0,0.0,0.6441,0.5,118.0,1.0,1.0
ed1b71de08de11ebbd9fac1f6bf848b6,chunk_focused_128,chunk,focused,0.0,0.0,0.0,0.3333,0.1429,0.25,126.0,0.25,0.0
f9ac302a0bd911eba7f7acde48001122,chunk_focused_128,chunk,focused,0.0,0.0,0.0,0.0,0.4882,0.5,127.0,0.5,0.0
a9d6c4e40bdd11eba7f7acde48001122,chunk_focused_128,chunk,focused,0.0,0.0,0.0,0.0,0.3679,0.5,106.0,0.5,0.0
1442e9a20bde11eba7f7acde48001122,chunk_focused_128,chunk,focused,0.0,0.0,0.0,0.0,0.0,0.0,111.0,0.5,0.0
164f0f7f08c711ebbd91ac1f6bf848b6,chunk_focused_128,chunk,focused,0.0,0.0,0.0,0.0,0.2835,0.5,127.0,1.0,1.0
b728e70c094411ebbdaeac1f6bf848b6,chunk_focused_128,chunk,focused,0.0,0.0,0.0,0.5,0.2075,0.5,106.0,1.0,1.0
e3477e760bdd11eba7f7acde48001122,chunk_focused_128,chunk,focused,0.0,0.0,0.0,0.0,0.0,0.0,124.0,0.5,0.0
8114aef808c811ebbd91ac1f6bf848b6,chunk_focused_128,chunk,focused,0.0,0.0,0.0,0.0,0.0,0.0,124.0,0.25,0.0
54014a680baf11ebab90acde48001122,chunk_focused_128,chunk,focused,0.0,0.0,0.0,0.3333,0.7193,0.5,114.0,0.5,0.0
3647118c0bdd11eba7f7acde48001122,chunk_focused_128,chunk,focused,0.0,0.0,0.0,0.0,0.2,0.5,120.0,0.5,0.0
75612cee0bde11eba7f7acde48001122,chunk_focused_128,chunk,focused,0.0,0.0,0.0,0.0,0.0,0.0,117.0,0.5,0.0
f6384b5c099e11ebbdb0ac1f6bf848b6,chunk_focused_128,chunk,focused,0.0,0.0,1.0,1.0,0.6855,1.0,124.0,1.0,1.0
748446060bdb11eba7f7acde48001122,chunk_focused_128,chunk,focused,0.0,0.0,0.0,0.0,0.625,0.5,112.0,0.5,0.0
f872fe92096c11ebbdafac1f6bf848b6,chunk_focused_128,chunk,focused,1.0,1.0,1.0,1.0,0.4766,0.5,128.0,1.0,1.0
281793980bdd11eba7f7acde48001122,chunk_focused_128,chunk,focused,0.0,0.0,0.0,0.0,0.9766,0.5,128.0,1.0,1.0
c03e86180bdd11eba7f7acde48001122,chunk_focused_128,chunk,focused,0.0,0.0,0.0,0.0,0.1176,0.5,119.0,0.5,0.0
6668ebd20bde11eba7f7acde48001122,chunk_focused_128,chunk,focused,0.0,0.0,0.0,0.0,0.6179,0.5,123.0,0.5,0.0
e19960120bdd11eba7f7acde48001122,chunk_focused_128,chunk,focused,0.0,0.0,0.0,0.0,0.0469,0.5,128.0,0.5,0.0
fc1d47b7088e11ebbd70ac1f6bf848b6,chunk_focused_128,chunk,focused,1.0,1.0,1.0,1.0,1.0,0.5,124.0,0.5,0.0
1b62189208a111ebbd78ac1f6bf848b6,chunk_focused_128,chunk,focused,1.0,1.0,0.0,0.75,0.664,0.5,125.0,1.0,1.0
8272c3eb093111ebbdaeac1f6bf848b6,chunk_focused_128,chunk,focused,1.0,1.0,1.0,1.0,0.6797,1.0,128.0,1.0,1.0
77fd1ca20bb011ebab90acde48001122,chunk_focused_128,chunk,focused,0.0,0.0,0.0,0.75,0.6216,0.5,111.0,1.0,1.0
c4962ee20bdc11eba7f7acde48001122,chunk_focused_128,chunk,focused,0.0,0.0,0.0,0.0,0.4688,0.5,128.0,0.5,0.0
4020ce88097011ebbdb0ac1f6bf848b6,chunk_focused_128,chunk,focused,1.0,1.0,1.0,1.0,0.5492,1.0,122.0,1.0,1.0
4a8ffd360bdb11eba7f7acde48001122,chunk_focused_128,chunk,focused,0.0,0.0,0.0,0.3333,0.4661,0.5,118.0,0.5,0.0
080aff1c0bde11eba7f7acde48001122,chunk_focused_128,chunk,focused,0.0,0.0,0.0,0.0,0.0,0.0,105.0,0.5,0.0
1bf30a41086611ebbd5eac1f6bf848b6,chunk_focused_128,chunk,focused,0.0,0.0,0.0,0.0,0.6822,0.5,107.0,0.5,0.0
5cd30b020bd911eba7f7acde48001122,chunk_focused_128,chunk,focused,0.0,0.0,0.0,0.0,0.4297,0.5,128.0,0.5,0.0
0fc59fa00bde11eba7f7acde48001122,chunk_focused_128,chunk,focused,0.0,0.0,0.0,0.3333,0.1967,0.5,122.0,0.5,0.0
1f94954908b011ebbd84ac1f6bf848b6,chunk_focused_128,chunk,focused,0.0,0.0,0.0,0.0,0.6111,0.5,126.0,1.0,1.0
e85d87f4095111ebbdaeac1f6bf848b6,chunk_focused_128,chunk,focused,0.0,0.0,1.0,1.0,0.4048,0.5,126.0,1.0,1.0
2d69078008d311ebbd96ac1f6bf848b6,chunk_focused_128,chunk,focused,1.0,1.0,1.0,1.0,0.6333,0.5,120.0,0.5,0.0
62a8a24e0bde11eba7f7acde48001122,chunk_focused_128,chunk,focused,0.0,0.0,0.0,0.0,0.5641,0.5,117.0,1.0,1.0
f1cc94540bdd11eba7f7acde48001122,chunk_focused_128,chunk,focused,0.0,0.0,1.0,1.0,0.8081,1.0,99.0,1.0,1.0
98f909d40bdd11eba7f7acde48001122,chunk_focused_128,chunk,focused,0.0,0.0,0.0,0.0,0.3694,0.5,111.0,0.5,0.0
f7aa41be0bdd11eba7f7acde48001122,chunk_focused_128,chunk,focused,0.0,0.0,1.0,1.0,0.4274,0.5,124.0,1.0,1.0
88be48840bda11eba7f7acde48001122,chunk_focused_128,chunk,focused,1.0,1.0,1.0,1.0,0.8475,1.0,118.0,1.0,1.0
22be69d908b511ebbd88ac1f6bf848b6,chunk_focused_128,chunk,focused,1.0,1.0,1.0,1.0,0.3667,0.5,120.0,0.5,0.0
e3fe2a600bdb11eba7f7acde48001122,chunk_focused_128,chunk,focused,0.0,0.5714,1.0,1.0,0.8125,1.0,128.0,1.0,1.0
7f49e96e0baf11ebab90acde48001122,chunk_focused_128,chunk,focused,0.0,0.4444,0.0,0.6667,0.4754,0.5,122.0,0.5,0.0
aef6771208b311ebbd86ac1f6bf848b6,chunk_focused_128,chunk,focused,1.0,1.0,1.0,1.0,1.0,0.75,118.0,0.75,0.0
bfb58f38089611ebbd76ac1f6bf848b6,chunk_focused_128,chunk,focused,1.0,1.0,0.0,0.6667,0.5763,0.5,118.0,0.5,0.0
0306ad3308fe11ebbdadac1f6bf848b6,chunk_focused_128,chunk,focused,0.0,0.0,0.0,0.0,0.8716,1.0,109.0,1.0,1.0
750737d6084911ebbd55ac1f6bf848b6,chunk_focused_128,chunk,focused,0.0,0.0,1.0,1.0,0.6667,1.0,114.0,1.0,1.0
7a8eae7d088111ebbd6dac1f6bf848b6,chunk_focused_128,chunk,focused,1.0,1.0,1.0,1.0,1.0,1.0,120.0,1.0,1.0
45be519d086e11ebbd62ac1f6bf848b6,chunk_focused_128,chunk,focused,1.0,1.0,1.0,1.0,0.5079,0.5,126.0,0.5,0.0
e3772fb40bdc11eba7f7acde48001122,chunk_focused_128,chunk,focused,0.0,0.0,0.0,0.3333,0.8056,0.5,108.0,0.5,0.0
72b6fb5a08ae11ebbd83ac1f6bf848b6,chunk_focused_128,chunk,focused,0.0,0.0,0.0,0.5,0.315,0.25,127.0,0.5,0.0
5e3bb8cc0bd911eba7f7acde48001122,chunk_focused_128,chunk,focused,0.0,0.0,0.0,0.0,0.1349,0.5,126.0,0.5,0.0
c9ba19e708b311ebbd86ac1f6bf848b6,chunk_focused_128,chunk,focused,0.0,0.0,0.0,0.0,0.2407,1.0,108.0,1.0,1.0
2858ddc609b211ebbdb0ac1f6bf848b6,chunk_focused_128,chunk,focused,0.0,0.0,1.0,1.0,1.0,1.0,121.0,1.0,1.0
768c67280bde11eba7f7acde48001122,chunk_focused_128,chunk,focused,0.0,0.0,1.0,1.0,0.6923,1.0,117.0,1.0,1.0
88d450740bdb11eba7f7acde48001122,chunk_focused_128,chunk,focused,0.0,0.0,0.0,0.0,0.2479,0.5,121.0,0.5,0.0
fd75ede80bdb11eba7f7acde48001122,chunk_focused_128,chunk,focused,0.0,0.0,0.0,0.0,0.4531,0.5,128.0,0.5,0.0
bd21c466089711ebbd77ac1f6bf848b6,chunk_focused_128,chunk,focused,0.0,0.0,0.0,0.5,0.304,0.5,125.0,0.5,0.0
faa9cb0b087711ebbd67ac1f6bf848b6,chunk_focused_128,chunk,focused,0.0,0.0,0.0,0.0,0.5938,0.5,128.0,0.5,0.0
13b377680bde11eba7f7acde48001122,chunk_focused_128,chunk,focused,0.0,0.0,0.0,0.5,0.4803,0.5,127.0,0.5,0.0
791a6e4d087111ebbd63ac1f6bf848b6,chunk_focused_128,chunk,focused,0.0,0.0,0.0,0.0,0.656,0.5,125.0,0.75,0.0
26497355084c11ebbd56ac1f6bf848b6,chunk_focused_128,chunk,focused,0.0,0.0,0.0,0.0,0.6,0.5,100.0,0.5,0.0
7246ee5a0bb011ebab90acde48001122,chunk_focused_128,chunk,focused,0.0,0.0,0.0,0.0,0.3261,0.5,92.0,0.5,0.0
6a70f6f80bb011ebab90acde48001122,chunk_focused_128,chunk,focused,0.0,0.0,0.0,0.0,0.713,0.5,115.0,0.5,0.0
8d0836540bdd11eba7f7acde48001122,chunk_focused_128,chunk,focused,0.0,0.0,0.0,0.0,0.3604,0.5,111.0,1.0,1.0
a405efb708d811ebbd9cac1f6bf848b6,chunk_focused_128,chunk,focused,0.0,0.0,1.0,1.0,0.8548,0.5,124.0,0.5,0.0
637434540bde11eba7f7acde48001122,chunk_focused_128,chunk,focused,0.0,0.0,1.0,1.0,0.5948,0.5,116.0,0.5,0.0
b838d62f086711ebbd5eac1f6bf848b6,chunk_focused_128,chunk,focused,0.0,0.0,0.0,0.0,0.5304,0.5,115.0,1.0,1.0
42f6d3b208b911ebbd88ac1f6bf848b6,chunk_focused_128,chunk,focused,1.0,1.0,1.0,1.0,0.5859,1.0,128.0,1.0,1.0
200e7a01087611ebbd67ac1f6bf848b6,chunk_focused_128,chunk,focused,1.0,1.0,1.0,1.0,0.7165,0.5,127.0,0.5,0.0
4637ec300bdb11eba7f7acde48001122,chunk_focused_128,chunk,focused,0.0,0.0,0.0,0.0,0.432,1.0,125.0,1.0,1.0
f6960ae0086011ebbd5dac1f6bf848b6,chunk_focused_128,chunk,focused,1.0,1.0,1.0,1.0,0.4685,1.0,111.0,1.0,1.0
f9e63d80085d11ebbd5cac1f6bf848b6,chunk_focused_128,chunk,focused,1.0,1.0,1.0,1.0,0.6094,0.5,128.0,0.5,0.0
60ccb178086811ebbd5eac1f6bf848b6,chunk_focused_128,chunk,focused,0.0,0.0,1.0,1.0,0.7419,0.5,124.0,0.5,0.0
d8dd595708fb11ebbdacac1f6bf848b6,chunk_focused_128,chunk,focused,1.0,1.0,1.0,1.0,0.3866,1.0,119.0,1.0,1.0
b50759c3087811ebbd67ac1f6bf848b6,chunk_focused_128,chunk,focused,1.0,1.0,1.0,1.0,0.728,0.5,125.0,0.5,0.0
d3c779240bdd11eba7f7acde48001122,chunk_focused_128,chunk,focused,0.0,0.0,0.0,0.0,0.2109,0.5,128.0,1.0,1.0
2260e6380bde11eba7f7acde48001122,chunk_focused_128,chunk,focused,0.0,0.0,0.0,0.0,0.6356,0.5,118.0,0.5,0.0
ea7d22c808b211ebbd85ac1f6bf848b6,chunk_focused_128,chunk,focused,0.0,0.0,1.0,1.0,0.4344,0.5,122.0,0.5,0.0
f3798752088c11ebbd70ac1f6bf848b6,chunk_focused_128,chunk,focused,1.0,1.0,1.0,1.0,0.5854,0.5,123.0,0.5,0.0
ac94af4a0bdb11eba7f7acde48001122,chunk_focused_128,chunk,focused,0.0,0.0,0.0,0.0,0.0,0.0,107.0,0.5,0.0
cf57f2ef087011ebbd63ac1f6bf848b6,chunk_focused_128,chunk,focused,0.0,0.0,0.0,0.0,0.4628,1.0,121.0,1.0,1.0
f9e9d784084d11ebbd56ac1f6bf848b6,chunk_focused_128,chunk,focused,0.0,0.0,1.0,1.0,0.4576,0.25,118.0,0.75,0.0
a3ac1ca20bda11eba7f7acde48001122,chunk_focused_128,chunk,focused,0.0,0.0,0.0,0.0,0.0,0.0,114.0,0.5,0.0
49baa9120bde11eba7f7acde48001122,chunk_focused_128,chunk,focused,1.0,1.0,1.0,1.0,0.2393,0.5,117.0,1.0,1.0
85f17aea08c911ebbd92ac1f6bf848b6,chunk_focused_128,chunk,focused,1.0,1.0,1.0,1.0,0.88,0.5,125.0,0.5,0.0
a9e322b20bdc11eba7f7acde48001122,chunk_focused_128,chunk,focused,0.0,0.0,0.0,0.0,0.1311,0.5,122.0,0.5,0.0
65937853086511ebbd5eac1f6bf848b6,chunk_focused_128,chunk,focused,1.0,1.0,1.0,1.0,0.6838,1.0,117.0,1.0,1.0
31d2f293088111ebbd6dac1f6bf848b6,chunk_focused_128,chunk,focused,1.0,1.0,0.0,0.0,1.0,1.0,112.0,1.0,1.0
4d3ab509099c11ebbdb0ac1f6bf848b6,chunk_focused_128,chunk,focused,0.0,0.0,0.0,0.0,0.675,1.0,120.0,1.0,1.0
4c319d400bde11eba7f7acde48001122,chunk_focused_128,chunk,focused,0.0,0.0,0.0,0.0,0.5935,0.5,123.0,1.0,1.0
b629226608d911ebbd9cac1f6bf848b6,chunk_focused_128,chunk,focused,1.0,1.0,0.0,0.0,0.7431,0.5,109.0,1.0,1.0
dbf6cc6d090d11ebbdadac1f6bf848b6,chunk_focused_128,chunk,focused,1.0,1.0,1.0,1.0,0.7686,1.0,121.0,1.0,1.0
3c76b104085711ebbd5aac1f6bf848b6,chunk_focused_128,chunk,focused,1.0,1.0,1.0,1.0,0.4016,0.25,122.0,0.5,0.0
593d2a5a0bdd11eba7f7acde48001122,chunk_focused_128,chunk,focused,0.0,0.0,0.0,0.0,0.5897,0.5,117.0,0.5,0.0
97ce7fc0084a11ebbd56ac1f6bf848b6,chunk_focused_128,chunk,focused,1.0,1.0,1.0,1.0,0.6393,1.0,122.0,1.0,1.0
b64c031d087011ebbd63ac1f6bf848b6,chunk_focused_128,chunk,focused,0.0,0.0,1.0,1.0,0.6885,0.5,122.0,0.5,0.0
afabab100bdc11eba7f7acde48001122,chunk_focused_128,chunk,focused,0.0,0.0,0.0,0.0,0.2114,0.5,123.0,0.5,0.0
a4f57a360bda11eba7f7acde48001122,chunk_focused_128,chunk,focused,0.0,0.0,0.0,0.0,0.0,0.0,109.0,0.5,0.0
bfab161a0bda11eba7f7acde48001122,chunk_focused_128,chunk,focused,0.0,0.5,1.0,1.0,0.6911,1.0,123.0,1.0,1.0
818d01360bda11eba7f7acde48001122,chunk_focused_128,chunk,focused,0.0,0.0,0.0,0.0,0.123,0.5,122.0,0.5,0.0
45df5d7c0bdb11eba7f7acde48001122,chunk_focused_128,chunk,focused,0.0,0.0,0.0,0.0,0.6261,0.5,115.0,0.5,0.0
12c908fe096c11ebbdafac1f6bf848b6,chunk_focused_128,chunk,focused,0.0,0.0,0.0,0.0,1.0,1.0,118.0,1.0,1.0
3805416e0bde11eba7f7acde48001122,chunk_focused_128,chunk,focused,0.0,0.0,0.0,0.0,0.2302,0.5,126.0,0.5,0.0
92ca60080bdd11eba7f7acde48001122,chunk_focused_128,chunk,focused,0.0,0.0,0.0,0.5,0.6694,0.5,124.0,1.0,1.0
be9164e80bdd11eba7f7acde48001122,chunk_focused_128,chunk,focused,0.0,0.0,0.0,0.0,0.4094,0.5,127.0,0.5,0.0
74f331ee0bd911eba7f7acde48001122,chunk_focused_128,chunk,focused,0.0,0.0,0.0,0.0,0.448,0.5,125.0,1.0,1.0
1d50380c0bdd11eba7f7acde48001122,chunk_focused_128,chunk,focused,0.0,0.0,0.0,0.0,0.5185,0.5,108.0,0.5,0.0
72a501e40baf11ebab90acde48001122,chunk_focused_128,chunk,focused,0.0,0.0,0.0,0.0,0.0,0.0,109.0,0.5,0.0
59a6e7020baf11ebab90acde48001122,chunk_focused_128,chunk,focused,0.0,0.2857,0.0,0.75,0.0,0.0,105.0,0.5,0.0
9fc45d75089811ebbd77ac1f6bf848b6,chunk_focused_128,chunk,focused,0.0,0.0,1.0,1.0,0.325,0.5,120.0,1.0,1.0
c137025f086611ebbd5eac1f6bf848b6,chunk_focused_128,chunk,focused,1.0,1.0,1.0,1.0,0.2063,0.25,126.0,0.25,0.0
02ae4663095611ebbdaeac1f6bf848b6,chunk_focused_128,chunk,focused,1.0,1.0,1.0,1.0,1.0,1.0,114.0,1.0,1.0
42594134084f11ebbd56ac1f6bf848b6,chunk_focused_128,chunk,focused,1.0,1.0,1.0,1.0,0.2097,0.5,124.0,1.0,1.0
421ca5940bb011ebab90acde48001122,chunk_focused_128,chunk,focused,0.0,0.0,0.0,0.8,0.5304,0.5,115.0,0.5,0.0
34c3dd940bde11eba7f7acde48001122,chunk_mmr_128,chunk,mmr,0.0,0.0,0.0,0.0,0.3932,0.5,117.0,1.0,1.0
a1c37dc40bdd11eba7f7acde48001122,chunk_mmr_128,chunk,mmr,0.0,0.0,0.0,0.0,0.5669,0.5,127.0,0.5,0.0
e051bd000bdb11eba7f7acde48001122,chunk_mmr_128,chunk,mmr,0.0,0.0,1.0,1.0,0.431,0.5,116.0,0.5,0.0
f02d1c2208b811ebbd88ac1f6bf848b6,chunk_mmr_128,chunk,mmr,0.0,0.0,0.0,0.0,0.3529,0.25,119.0,0.75,0.0
782f0c160bd911eba7f7acde48001122,chunk_mmr_128,chunk,mmr,0.0,0.0,0.0,0.0,0.1774,0.5,124.0,0.5,0.0
21e70b7e0bde11eba7f7acde48001122,chunk_mmr_128,chunk,mmr,0.0,0.0,0.0,0.0,0.0,0.0,113.0,1.0,1.0
8d3d54ec0bdd11eba7f7acde48001122,chunk_mmr_128,chunk,mmr,0.0,0.0,0.0,0.0,0.161,0.5,118.0,0.5,0.0
33bcd7ce0bda11eba7f7acde48001122,chunk_mmr_128,chunk,mmr,0.0,0.0,0.0,0.0,0.3047,0.5,128.0,0.5,0.0
249f9f060bda11eba7f7acde48001122,chunk_mmr_128,chunk,mmr,0.0,0.0,0.0,0.0,0.2755,0.5,98.0,0.5,0.0
45eb6a5408b611ebbd88ac1f6bf848b6,chunk_mmr_128,chunk,mmr,1.0,1.0,1.0,1.0,0.8843,0.5,121.0,0.5,0.0
5f02fdf2084f11ebbd56ac1f6bf848b6,chunk_mmr_128,chunk,mmr,0.0,0.0,0.0,0.0,0.4196,1.0,112.0,1.0,1.0
af356f7a0bd911eba7f7acde48001122,chunk_mmr_128,chunk,mmr,0.0,0.0,0.0,0.25,0.3434,0.5,99.0,0.5,0.0
dbca21a20bd911eba7f7acde48001122,chunk_mmr_128,chunk,mmr,0.0,0.0,0.0,0.0,0.1171,0.5,111.0,0.5,0.0
27d8ec30091f11ebbdaeac1f6bf848b6,chunk_mmr_128,chunk,mmr,1.0,1.0,1.0,1.0,0.7107,1.0,121.0,1.0,1.0
808f9f1808b111ebbd85ac1f6bf848b6,chunk_mmr_128,chunk,mmr,1.0,1.0,1.0,1.0,0.3828,1.0,128.0,1.0,1.0
d6b29805087b11ebbd69ac1f6bf848b6,chunk_mmr_128,chunk,mmr,0.0,0.0,0.0,0.0,1.0,0.5,127.0,0.5,0.0
9b8278a20bdd11eba7f7acde48001122,chunk_mmr_128,chunk,mmr,0.0,0.0,0.0,0.0,0.6048,0.5,124.0,0.5,0.0
c99fc05e0bd911eba7f7acde48001122,chunk_mmr_128,chunk,mmr,0.0,0.0,0.0,0.0,0.6121,0.5,116.0,0.5,0.0
60465ce2085411ebbd59ac1f6bf848b6,chunk_mmr_128,chunk,mmr,0.0,0.0,1.0,1.0,0.6261,0.5,115.0,0.5,0.0
3e0cebde0bd911eba7f7acde48001122,chunk_mmr_128,chunk,mmr,0.0,0.0,0.0,0.0,0.4141,0.5,128.0,0.5,0.0
3cddcc46086511ebbd5eac1f6bf848b6,chunk_mmr_128,chunk,mmr,1.0,1.0,1.0,1.0,0.5517,1.0,116.0,1.0,1.0
7f6e237109c411ebbdb0ac1f6bf848b6,chunk_mmr_128,chunk,mmr,0.0,0.0,0.0,0.0,0.6803,1.0,122.0,1.0,1.0
dc3a36a00bdd11eba7f7acde48001122,chunk_mmr_128,chunk,mmr,0.0,0.0,1.0,1.0,0.6381,0.5,105.0,0.5,0.0
09ede27e08fd11ebbdadac1f6bf848b6,chunk_mmr_128,chunk,mmr,0.0,0.0,0.0,0.0,0.6063,0.5,127.0,1.0,1.0
003285a80bde11eba7f7acde48001122,chunk_mmr_128,chunk,mmr,0.0,0.0,1.0,1.0,0.8364,1.0,110.0,1.0,1.0
0e2082e408d111ebbd95ac1f6bf848b6,chunk_mmr_128,chunk,mmr,0.0,0.0,0.0,0.0,0.6063,1.0,127.0,1.0,1.0
322178260bde11eba7f7acde48001122,chunk_mmr_128,chunk,mmr,0.0,0.0,0.0,0.0,0.0,0.0,127.0,0.5,0.0
4c1772720bb011ebab90acde48001122,chunk_mmr_128,chunk,mmr,0.0,0.0,0.0,0.5,0.2155,0.5,116.0,0.5,0.0
adf59bec0bdb11eba7f7acde48001122,chunk_mmr_128,chunk,mmr,0.0,0.0,0.0,0.3333,0.3492,0.5,126.0,0.5,0.0
136c700c089611ebbd76ac1f6bf848b6,chunk_mmr_128,chunk,mmr,0.0,0.0,0.0,0.0,0.6721,0.5,122.0,1.0,1.0
6b2ad6600bdb11eba7f7acde48001122,chunk_mmr_128,chunk,mmr,0.0,0.0,1.0,1.0,0.5169,1.0,118.0,1.0,1.0
e6a4ff4c0bda11eba7f7acde48001122,chunk_mmr_128,chunk,mmr,0.0,0.0,0.0,0.3333,0.0,0.0,125.0,0.5,0.0
a163b2d1087d11ebbd6bac1f6bf848b6,chunk_mmr_128,chunk,mmr,0.0,0.0,0.0,0.0,0.486,0.5,107.0,1.0,1.0
be851b660bdd11eba7f7acde48001122,chunk_mmr_128,chunk,mmr,0.0,0.0,0.0,0.0,0.4679,0.5,109.0,1.0,1.0
fbc352ec0bae11ebab90acde48001122,chunk_mmr_128,chunk,mmr,0.0,0.5714,0.0,0.8,0.6406,0.5,128.0,1.0,1.0
041879d0093a11ebbdaeac1f6bf848b6,chunk_mmr_128,chunk,mmr,0.0,0.0,1.0,1.0,0.0,0.0,120.0,1.0,1.0
8dcab52d092f11ebbdaeac1f6bf848b6,chunk_mmr_128,chunk,mmr,0.0,0.0,0.0,0.0,0.4365,0.5,126.0,1.0,1.0
6a765fc60bb011ebab90acde48001122,chunk_mmr_128,chunk,mmr,0.0,0.3333,0.0,0.6667,0.5463,0.5,108.0,1.0,1.0
0c4973520bb011ebab90acde48001122,chunk_mmr_128,chunk,mmr,0.0,0.1667,0.0,1.0,0.1969,0.5,127.0,1.0,1.0
350ec8b80bde11eba7f7acde48001122,chunk_mmr_128,chunk,mmr,0.0,0.6667,1.0,1.0,0.4957,1.0,115.0,1.0,1.0
16d7da20087911ebbd67ac1f6bf848b6,chunk_mmr_128,chunk,mmr,0.0,0.0,0.0,0.0,0.6667,1.0,114.0,1.0,1.0
d60529440baf11ebab90acde48001122,chunk_mmr_128,chunk,mmr,0.0,0.0,0.0,0.0,0.5357,0.5,112.0,0.5,0.0
400bf8800bde11eba7f7acde48001122,chunk_mmr_128,chunk,mmr,0.0,0.5,0.0,0.6667,0.4646,1.0,127.0,1.0,1.0
725dc29a0bda11eba7f7acde48001122,chunk_mmr_128,chunk,mmr,0.0,0.0,0.0,0.0,0.4646,0.5,127.0,0.5,0.0
c99c181e08b911ebbd88ac1f6bf848b6,chunk_mmr_128,chunk,mmr,0.0,0.0,1.0,1.0,0.8235,0.5,102.0,0.5,0.0
1eeb91060bde11eba7f7acde48001122,chunk_mmr_128,chunk,mmr,0.0,0.0,0.0,0.0,0.0,0.0,114.0,1.0,1.0
27944f240bdd11eba7f7acde48001122,chunk_mmr_128,chunk,mmr,1.0,1.0,0.0,0.0,0.0,0.0,115.0,0.5,0.0
0254eea408b911ebbd88ac1f6bf848b6,chunk_mmr_128,chunk,mmr,1.0,1.0,0.0,0.25,0.7459,0.5,122.0,1.0,1.0
f48667b80bda11eba7f7acde48001122,chunk_mmr_128,chunk,mmr,0.0,0.0,0.0,0.0,0.0,0.0,124.0,0.5,0.0
8145e4de0baf11ebab90acde48001122,chunk_mmr_128,chunk,mmr,0.0,0.0,0.0,0.0,0.0,0.0,113.0,0.5,0.0
62ce8c8e0bde11eba7f7acde48001122,chunk_mmr_128,chunk,mmr,0.0,0.0,1.0,1.0,0.5528,0.5,123.0,0.5,0.0
ae30933a088b11ebbd6fac1f6bf848b6,chunk_mmr_128,chunk,mmr,0.0,0.0,0.0,0.0,0.2735,0.25,117.0,0.5,0.0
7e3f262c0bd911eba7f7acde48001122,chunk_mmr_128,chunk,mmr,0.0,0.0,0.0,0.0,0.1322,0.5,121.0,0.5,0.0
fac0692508c111ebbd8bac1f6bf848b6,chunk_mmr_128,chunk,mmr,1.0,1.0,1.0,1.0,0.7805,1.0,123.0,1.0,1.0
21832f3c0bde11eba7f7acde48001122,chunk_mmr_128,chunk,mmr,0.0,0.0,0.0,0.0,0.7547,0.5,106.0,1.0,1.0
6d1fa90e086711ebbd5eac1f6bf848b6,chunk_mmr_128,chunk,mmr,0.0,0.0,1.0,1.0,0.3968,1.0,126.0,1.0,1.0
566c1e2c08a811ebbd7fac1f6bf848b6,chunk_mmr_128,chunk,mmr,0.0,0.0,1.0,1.0,1.0,0.5,108.0,0.5,0.0
8682d20708d311ebbd96ac1f6bf848b6,chunk_mmr_128,chunk,mmr,1.0,1.0,1.0,1.0,0.656,0.5,125.0,0.5,0.0
33a140280bde11eba7f7acde48001122,chunk_mmr_128,chunk,mmr,0.0,0.0,0.0,0.0,0.0,0.0,96.0,0.5,0.0
c6ac8fcc0bdd11eba7f7acde48001122,chunk_mmr_128,chunk,mmr,0.0,0.0,0.0,0.0,0.2583,0.5,120.0,1.0,1.0
ee559aaa08c211ebbd8cac1f6bf848b6,chunk_mmr_128,chunk,mmr,1.0,1.0,1.0,1.0,0.2797,0.25,118.0,0.5,0.0
17e3349208df11ebbd9fac1f6bf848b6,chunk_mmr_128,chunk,mmr,0.0,0.0,1.0,1.0,0.424,0.5,125.0,1.0,1.0
beb3605c0bdd11eba7f7acde48001122,chunk_mmr_128,chunk,mmr,0.0,0.0,0.0,0.0,0.2033,0.5,123.0,0.5,0.0
fcdafe320bdb11eba7f7acde48001122,chunk_mmr_128,chunk,mmr,0.0,0.0,0.0,0.0,0.2302,0.5,126.0,0.5,0.0
28669c5a0bdc11eba7f7acde48001122,chunk_mmr_128,chunk,mmr,0.0,0.0,1.0,1.0,1.0,1.0,122.0,1.0,1.0
bd00729c0bdb11eba7f7acde48001122,chunk_mmr_128,chunk,mmr,0.0,0.0,1.0,1.0,0.4188,0.5,117.0,0.5,0.0
a9bdb2a4099a11ebbdb0ac1f6bf848b6,chunk_mmr_128,chunk,mmr,0.0,0.0,0.0,0.0,0.6016,1.0,123.0,1.0,1.0
1ec21fed08a511ebbd7dac1f6bf848b6,chunk_mmr_128,chunk,mmr,0.0,0.0,0.0,0.0,0.5776,0.5,116.0,0.5,0.0
9a1b06b60bdb11eba7f7acde48001122,chunk_mmr_128,chunk,mmr,0.0,0.0,0.0,0.0,0.0862,0.5,116.0,0.5,0.0
c598b04f095211ebbdaeac1f6bf848b6,chunk_mmr_128,chunk,mmr,1.0,1.0,1.0,1.0,0.6864,1.0,118.0,1.0,1.0
5ead23420baf11ebab90acde48001122,chunk_mmr_128,chunk,mmr,0.0,0.5,1.0,1.0,0.2698,0.5,126.0,1.0,1.0
101a05820bdd11eba7f7acde48001122,chunk_mmr_128,chunk,mmr,0.0,0.0,0.0,0.3333,0.6325,0.5,117.0,0.5,0.0
0302950e096311ebbdafac1f6bf848b6,chunk_mmr_128,chunk,mmr,0.0,0.0,1.0,1.0,0.9609,1.0,128.0,1.0,1.0
016e72260bdc11eba7f7acde48001122,chunk_mmr_128,chunk,mmr,0.0,0.0,0.0,0.0,0.0,0.0,122.0,0.5,0.0
f2ff844c0bda11eba7f7acde48001122,chunk_mmr_128,chunk,mmr,0.0,0.5,0.0,0.5,0.3125,0.5,128.0,0.5,0.0
188e20a60bdb11eba7f7acde48001122,chunk_mmr_128,chunk,mmr,0.0,0.0,0.0,0.0,0.0,0.0,102.0,0.5,0.0
fc26ee1c08d211ebbd96ac1f6bf848b6,chunk_mmr_128,chunk,mmr,1.0,1.0,0.0,0.0,0.7073,0.5,123.0,0.75,0.0
e95acdbc085f11ebbd5dac1f6bf848b6,chunk_mmr_128,chunk,mmr,1.0,1.0,1.0,1.0,0.8889,0.5,126.0,0.5,0.0
eeafddd00bdd11eba7f7acde48001122,chunk_mmr_128,chunk,mmr,1.0,1.0,1.0,1.0,0.8492,1.0,126.0,1.0,1.0
47219fad085111ebbd58ac1f6bf848b6,chunk_mmr_128,chunk,mmr,0.0,0.0,0.0,0.0,0.2979,0.5,94.0,1.0,1.0
c370b4540bd911eba7f7acde48001122,chunk_mmr_128,chunk,mmr,0.0,0.0,0.0,0.0,0.512,0.5,125.0,1.0,1.0
2ba9b53c0bdc11eba7f7acde48001122,chunk_mmr_128,chunk,mmr,0.0,0.0,0.0,0.0,0.1786,0.5,112.0,0.5,0.0
a6202170089911ebbd77ac1f6bf848b6,chunk_mmr_128,chunk,mmr,0.0,0.0,1.0,1.0,0.6667,0.5,114.0,0.5,0.0
b7fa1522089911ebbd77ac1f6bf848b6,chunk_mmr_128,chunk,mmr,0.0,0.0,1.0,1.0,0.5378,0.5,119.0,0.5,0.0
2210c90b08c811ebbd91ac1f6bf848b6,chunk_mmr_128,chunk,mmr,1.0,1.0,0.0,0.0,1.0,0.5,120.0,0.5,0.0
6bbe4cf80bd911eba7f7acde48001122,chunk_mmr_128,chunk,mmr,0.0,0.0,0.0,0.0,0.4907,0.5,108.0,0.5,0.0
01c9f7960bdb11eba7f7acde48001122,chunk_mmr_128,chunk,mmr,0.0,0.0,0.0,0.0,0.0,0.0,119.0,0.0,0.0
8894ca2808e111ebbda2ac1f6bf848b6,chunk_mmr_128,chunk,mmr,1.0,1.0,1.0,1.0,0.4,0.25,120.0,0.5,0.0
fd704fe00bdc11eba7f7acde48001122,chunk_mmr_128,chunk,mmr,1.0,1.0,1.0,1.0,0.6746,1.0,126.0,1.0,1.0
375e7e4408c611ebbd90ac1f6bf848b6,chunk_mmr_128,chunk,mmr,0.0,0.5,0.0,0.5,0.811,0.5,127.0,0.5,0.0
b583abd20baf11ebab90acde48001122,chunk_mmr_128,chunk,mmr,0.0,0.0,0.0,0.5,0.3545,0.5,110.0,0.5,0.0
f7a3d98a08ab11ebbd82ac1f6bf848b6,chunk_mmr_128,chunk,mmr,1.0,1.0,0.0,0.0,0.0,0.0,117.0,0.5,0.0
61644425091011ebbdadac1f6bf848b6,chunk_mmr_128,chunk,mmr,0.0,0.0,0.0,0.0,0.2951,0.5,122.0,1.0,1.0
32edaabe0bb011ebab90acde48001122,chunk_mmr_128,chunk,mmr,0.0,0.0,0.0,0.5,0.5118,0.5,127.0,0.5,0.0
002f12240bde11eba7f7acde48001122,chunk_mmr_128,chunk,mmr,0.0,0.0,0.0,0.0,0.2793,0.5,111.0,1.0,1.0
50d225540bde11eba7f7acde48001122,chunk_mmr_128,chunk,mmr,0.0,0.0,1.0,1.0,0.6111,0.5,126.0,0.5,0.0
17904a03087611ebbd67ac1f6bf848b6,chunk_mmr_128,chunk,mmr,1.0,1.0,1.0,1.0,0.4297,0.5,128.0,0.5,0.0
5a4826b00bde11eba7f7acde48001122,chunk_mmr_128,chunk,mmr,0.0,0.5,1.0,1.0,0.3727,0.5,110.0,1.0,1.0
6dd9acf20bda11eba7f7acde48001122,chunk_mmr_128,chunk,mmr,0.0,0.0,0.0,0.0,0.1111,0.5,126.0,0.5,0.0
614eef2a0bde11eba7f7acde48001122,chunk_mmr_128,chunk,mmr,0.0,0.0,0.0,0.0,0.2143,0.5,126.0,0.5,0.0
73695ca80bda11eba7f7acde48001122,chunk_mmr_128,chunk,mmr,0.0,0.0,0.0,0.0,0.0938,0.5,128.0,0.5,0.0
150df73c086411ebbd5eac1f6bf848b6,chunk_mmr_128,chunk,mmr,1.0,1.0,1.0,1.0,0.3304,0.5,112.0,0.5,0.0
ac3e7fc3093711ebbdaeac1f6bf848b6,chunk_mmr_128,chunk,mmr,0.0,0.0,1.0,1.0,0.3047,0.5,128.0,1.0,1.0
5cad7ed608a111ebbd79ac1f6bf848b6,chunk_mmr_128,chunk,mmr,1.0,1.0,0.0,0.6667,1.0,1.0,124.0,1.0,1.0
172fd661094811ebbdaeac1f6bf848b6,chunk_mmr_128,chunk,mmr,0.0,0.0,1.0,1.0,0.4831,1.0,118.0,1.0,1.0
222bd7ec0bdc11eba7f7acde48001122,chunk_mmr_128,chunk,mmr,0.0,0.6667,1.0,1.0,0.5968,1.0,124.0,1.0,1.0
39c32aa2086411ebbd5eac1f6bf848b6,chunk_mmr_128,chunk,mmr,0.0,0.0,0.0,0.0,0.1919,0.5,99.0,1.0,1.0
7379ce100bdc11eba7f7acde48001122,chunk_mmr_128,chunk,mmr,0.0,0.0,0.0,0.0,0.2835,0.5,127.0,0.5,0.0
61e86d5a0bdc11eba7f7acde48001122,chunk_mmr_128,chunk,mmr,0.0,0.0,0.0,0.3333,0.472,0.5,125.0,0.5,0.0
d05cc8bf08c911ebbd92ac1f6bf848b6,chunk_mmr_128,chunk,mmr,1.0,1.0,1.0,1.0,0.7455,0.5,110.0,0.5,0.0
408a8365085311ebbd59ac1f6bf848b6,chunk_mmr_128,chunk,mmr,0.0,0.0,0.0,0.0,0.15,0.25,100.0,0.25,0.0
eb18f7ac0baf11ebab90acde48001122,chunk_mmr_128,chunk,mmr,0.0,0.0,0.0,0.3333,0.0,0.0,120.0,0.5,0.0
0290cd840baf11ebab90acde48001122,chunk_mmr_128,chunk,mmr,0.0,0.0,1.0,1.0,0.3333,0.5,126.0,1.0,1.0
6ff41ad6087411ebbd67ac1f6bf848b6,chunk_mmr_128,chunk,mmr,0.0,0.0,1.0,1.0,0.4375,0.5,128.0,1.0,1.0
05dac2220bde11eba7f7acde48001122,chunk_mmr_128,chunk,mmr,0.0,0.0,1.0,1.0,0.7965,1.0,113.0,1.0,1.0
b1bb441b08e411ebbda4ac1f6bf848b6,chunk_mmr_128,chunk,mmr,1.0,1.0,1.0,1.0,0.3608,0.5,97.0,1.0,1.0
132a5430085d11ebbd5cac1f6bf848b6,chunk_mmr_128,chunk,mmr,0.0,0.0,0.0,0.0,0.4355,0.5,124.0,1.0,1.0
a664606d087e11ebbd6bac1f6bf848b6,chunk_mmr_128,chunk,mmr,0.0,0.0,1.0,1.0,0.568,0.5,125.0,0.5,0.0
eec1dcfb08b911ebbd88ac1f6bf848b6,chunk_mmr_128,chunk,mmr,0.0,0.2857,1.0,1.0,0.6937,0.5,111.0,0.5,0.0
bc90ed3208a211ebbd7bac1f6bf848b6,chunk_mmr_128,chunk,mmr,1.0,1.0,1.0,1.0,1.0,0.5,120.0,0.5,0.0
32c37ce40bdd11eba7f7acde48001122,chunk_mmr_128,chunk,mmr,0.0,0.5,1.0,1.0,0.5,0.5,98.0,0.5,0.0
0163c020087511ebbd67ac1f6bf848b6,chunk_mmr_128,chunk,mmr,1.0,1.0,1.0,1.0,0.7969,0.5,128.0,0.5,0.0
56d2ffcd08d811ebbd9aac1f6bf848b6,chunk_mmr_128,chunk,mmr,1.0,1.0,1.0,1.0,0.7458,0.5,118.0,0.5,0.0
dd5d3c540bdc11eba7f7acde48001122,chunk_mmr_128,chunk,mmr,0.0,0.0,0.0,0.0,0.2063,0.5,126.0,0.5,0.0
21d392780bda11eba7f7acde48001122,chunk_mmr_128,chunk,mmr,0.0,0.0,0.0,0.0,0.281,0.5,121.0,0.5,0.0
ac2e1b900bdb11eba7f7acde48001122,chunk_mmr_128,chunk,mmr,0.0,0.0,0.0,0.3333,0.2857,0.5,105.0,0.5,0.0
95fc614a0bdd11eba7f7acde48001122,chunk_mmr_128,chunk,mmr,0.0,0.0,0.0,0.0,0.5289,0.5,121.0,0.5,0.0
7a01a52a089c11ebbd78ac1f6bf848b6,chunk_mmr_128,chunk,mmr,0.0,0.0,1.0,1.0,0.5242,0.5,124.0,0.5,0.0
402d63d00bde11eba7f7acde48001122,chunk_mmr_128,chunk,mmr,0.0,0.0,0.0,0.0,0.0,0.0,125.0,0.5,0.0
a5e6e806084911ebbd55ac1f6bf848b6,chunk_mmr_128,chunk,mmr,1.0,1.0,1.0,1.0,0.5339,0.5,118.0,0.5,0.0
7019886b093511ebbdaeac1f6bf848b6,chunk_mmr_128,chunk,mmr,1.0,1.0,1.0,1.0,0.4603,0.5,126.0,1.0,1.0
05ca361608a511ebbd7dac1f6bf848b6,chunk_mmr_128,chunk,mmr,1.0,1.0,0.0,0.5,0.1721,0.5,122.0,1.0,1.0
227adf2c086c11ebbd60ac1f6bf848b6,chunk_mmr_128,chunk,mmr,1.0,1.0,0.0,0.0,0.3704,0.25,108.0,0.5,0.0
35e09904086b11ebbd5fac1f6bf848b6,chunk_mmr_128,chunk,mmr,1.0,1.0,1.0,1.0,0.378,0.5,127.0,0.5,0.0
cf357f9008cf11ebbd95ac1f6bf848b6,chunk_mmr_128,chunk,mmr,1.0,1.0,1.0,1.0,0.8729,1.0,118.0,1.0,1.0
9b59e0500baf11ebab90acde48001122,chunk_mmr_128,chunk,mmr,0.0,0.0,0.0,0.8,0.375,0.5,120.0,0.5,0.0
c226acb1087e11ebbd6bac1f6bf848b6,chunk_mmr_128,chunk,mmr,0.0,0.0,0.0,0.0,0.6068,0.5,117.0,0.5,0.0
e5d416220bdd11eba7f7acde48001122,chunk_mmr_128,chunk,mmr,0.0,0.0,0.0,0.3333,0.0,0.0,113.0,1.0,1.0
97d4622f089f11ebbd78ac1f6bf848b6,chunk_mmr_128,chunk,mmr,1.0,1.0,1.0,1.0,0.5678,1.0,118.0,1.0,1.0
f36fd8e208b911ebbd88ac1f6bf848b6,chunk_mmr_128,chunk,mmr,1.0,1.0,1.0,1.0,1.0,1.0,121.0,1.0,1.0
e1cfab340bda11eba7f7acde48001122,chunk_mmr_128,chunk,mmr,0.0,0.0,0.0,0.0,0.2869,0.5,122.0,0.5,0.0
51b179a20bd911eba7f7acde48001122,chunk_mmr_128,chunk,mmr,0.0,0.0,0.0,0.3333,0.3167,0.5,120.0,0.5,0.0
3f0a5317085d11ebbd5cac1f6bf848b6,chunk_mmr_128,chunk,mmr,1.0,1.0,1.0,1.0,0.4762,0.5,126.0,0.5,0.0
62a9691e0bb011ebab90acde48001122,chunk_mmr_128,chunk,mmr,0.0,0.0,1.0,1.0,0.7661,1.0,124.0,1.0,1.0
f329c007089011ebbd72ac1f6bf848b6,chunk_mmr_128,chunk,mmr,1.0,1.0,1.0,1.0,0.8468,0.5,111.0,0.5,0.0
66ce82ec0bdb11eba7f7acde48001122,chunk_mmr_128,chunk,mmr,0.0,0.0,0.0,0.0,0.448,0.5,125.0,0.5,0.0
6605282808b811ebbd88ac1f6bf848b6,chunk_mmr_128,chunk,mmr,0.0,0.0,0.0,0.0,1.0,0.5,121.0,0.5,0.0
1865e1e40bdc11eba7f7acde48001122,chunk_mmr_128,chunk,mmr,0.0,0.0,0.0,0.0,0.0,0.0,117.0,0.5,0.0
f0cba8e408cc11ebbd93ac1f6bf848b6,chunk_mmr_128,chunk,mmr,0.0,0.0,0.0,0.0,0.5481,0.5,104.0,0.5,0.0
5b542d2c0bdb11eba7f7acde48001122,chunk_mmr_128,chunk,mmr,0.0,0.0,0.0,0.0,0.1858,0.5,113.0,0.5,0.0
b6ad2a6e0bdd11eba7f7acde48001122,chunk_mmr_128,chunk,mmr,0.0,0.0,0.0,0.0,0.3898,0.5,118.0,0.5,0.0
09945977084d11ebbd56ac1f6bf848b6,chunk_mmr_128,chunk,mmr,0.0,0.0,0.0,0.0,0.0,0.0,128.0,1.0,1.0
f52b28400bdd11eba7f7acde48001122,chunk_mmr_128,chunk,mmr,0.0,0.0,0.0,0.6667,0.3679,0.5,106.0,1.0,1.0
b01239cf086311ebbd5eac1f6bf848b6,chunk_mmr_128,chunk,mmr,0.0,0.0,0.0,0.5,0.3628,0.5,113.0,1.0,1.0
1f5901840bdc11eba7f7acde48001122,chunk_mmr_128,chunk,mmr,0.0,0.0,0.0,0.0,0.4595,0.5,111.0,0.5,0.0
2f1729d608c911ebbd92ac1f6bf848b6,chunk_mmr_128,chunk,mmr,1.0,1.0,1.0,1.0,0.4032,0.5,124.0,0.5,0.0
fbc3b82c0bae11ebab90acde48001122,chunk_mmr_128,chunk,mmr,0.0,0.25,0.0,0.75,0.6423,0.5,123.0,0.5,0.0
fd68c8f6085311ebbd59ac1f6bf848b6,chunk_mmr_128,chunk,mmr,0.0,0.0,0.0,0.0,0.5565,1.0,115.0,1.0,1.0
c240018708a311ebbd7cac1f6bf848b6,chunk_mmr_128,chunk,mmr,0.0,0.0,0.0,0.0,0.4865,0.5,111.0,1.0,1.0
0628ed440bde11eba7f7acde48001122,chunk_mmr_128,chunk,mmr,0.0,0.0,1.0,1.0,0.7581,1.0,124.0,1.0,1.0
54b3c3a60bdb11eba7f7acde48001122,chunk_mmr_128,chunk,mmr,0.0,0.0,0.0,0.0,0.208,0.5,125.0,0.5,0.0
bbccb00a08c211ebbd8cac1f6bf848b6,chunk_mmr_128,chunk,mmr,0.0,0.0,0.0,0.0,0.0952,0.25,126.0,0.25,0.0
e67fed800bdd11eba7f7acde48001122,chunk_mmr_128,chunk,mmr,0.0,0.0,0.0,0.0,1.0,0.5,126.0,1.0,1.0
ace961ec0baf11ebab90acde48001122,chunk_mmr_128,chunk,mmr,0.0,0.0,0.0,0.0,0.0,0.0,122.0,0.5,0.0
0f1f491c088611ebbd6dac1f6bf848b6,chunk_mmr_128,chunk,mmr,0.0,0.0,1.0,1.0,0.24,0.5,100.0,1.0,1.0
e6998c7e08de11ebbd9fac1f6bf848b6,chunk_mmr_128,chunk,mmr,1.0,1.0,1.0,1.0,0.1416,0.25,113.0,0.5,0.0
183402b6086511ebbd5eac1f6bf848b6,chunk_mmr_128,chunk,mmr,1.0,1.0,1.0,1.0,0.5,0.25,116.0,0.5,0.0
f5e7f8f80bdd11eba7f7acde48001122,chunk_mmr_128,chunk,mmr,0.0,0.0,0.0,0.0,0.373,0.5,126.0,0.5,0.0
d4a90752086a11ebbd5fac1f6bf848b6,chunk_mmr_128,chunk,mmr,0.0,0.0,0.0,0.0,0.2407,0.5,108.0,1.0,1.0
507b477408d811ebbd9aac1f6bf848b6,chunk_mmr_128,chunk,mmr,1.0,1.0,1.0,1.0,0.3307,1.0,127.0,1.0,1.0
6e2336660bde11eba7f7acde48001122,chunk_mmr_128,chunk,mmr,0.0,0.0,0.0,0.0,0.0,0.0,128.0,1.0,1.0
9b1655a108e511ebbda4ac1f6bf848b6,chunk_mmr_128,chunk,mmr,0.0,0.0,0.0,0.0,1.0,1.0,121.0,1.0,1.0
553ff092097f11ebbdb0ac1f6bf848b6,chunk_mmr_128,chunk,mmr,0.0,0.0,1.0,1.0,0.2333,1.0,120.0,1.0,1.0
6f0bdd140bdc11eba7f7acde48001122,chunk_mmr_128,chunk,mmr,0.0,0.0,0.0,0.0,0.374,0.5,123.0,0.5,0.0
2f3b107c0bde11eba7f7acde48001122,chunk_mmr_128,chunk,mmr,0.0,0.0,0.0,0.0,0.0,0.0,120.0,0.5,0.0
462bb642099211ebbdb0ac1f6bf848b6,chunk_mmr_128,chunk,mmr,0.0,0.0,0.0,0.0,0.6163,1.0,86.0,1.0,1.0
fc28c2e80bdc11eba7f7acde48001122,chunk_mmr_128,chunk,mmr,0.0,0.0,0.0,0.0,0.0,0.0,127.0,0.5,0.0
3889ebc80bdc11eba7f7acde48001122,chunk_mmr_128,chunk,mmr,0.0,0.0,0.0,0.0,0.264,0.5,125.0,0.5,0.0
ce0a4f9408eb11ebbda7ac1f6bf848b6,chunk_mmr_128,chunk,mmr,0.0,0.0,0.0,0.0,0.6475,0.5,122.0,1.0,1.0
3ed396b0087f11ebbd6bac1f6bf848b6,chunk_mmr_128,chunk,mmr,0.0,0.0,1.0,1.0,0.7034,0.25,118.0,0.5,0.0
7e3574e8093c11ebbdaeac1f6bf848b6,chunk_mmr_128,chunk,mmr,1.0,1.0,1.0,1.0,0.0,0.0,128.0,0.5,0.0
80c2cafa08d911ebbd9cac1f6bf848b6,chunk_mmr_128,chunk,mmr,0.0,0.0,0.0,0.0,0.2202,0.25,109.0,0.5,0.0
bc702d440baf11ebab90acde48001122,chunk_mmr_128,chunk,mmr,0.0,0.0,0.0,0.5,0.479,0.5,119.0,0.5,0.0
56f73ba60baf11ebab90acde48001122,chunk_mmr_128,chunk,mmr,0.0,0.5,1.0,1.0,1.0,1.0,107.0,1.0,1.0
6dd2e77a0bb011ebab90acde48001122,chunk_mmr_128,chunk,mmr,0.0,0.0,0.0,0.0,0.0,0.0,124.0,0.5,0.0
5fdf9c8008b311ebbd86ac1f6bf848b6,chunk_mmr_128,chunk,mmr,0.0,0.0,1.0,1.0,0.4146,1.0,123.0,1.0,1.0
65884aca0baf11ebab90acde48001122,chunk_mmr_128,chunk,mmr,0.0,0.0,0.0,0.5,0.5565,0.5,124.0,0.5,0.0
416e88500bde11eba7f7acde48001122,chunk_mmr_128,chunk,mmr,0.0,0.0,0.0,0.6,0.5126,0.5,119.0,0.5,0.0
e715b66708be11ebbd8aac1f6bf848b6,chunk_mmr_128,chunk,mmr,0.0,0.0,0.0,0.0,0.1811,0.5,127.0,0.5,0.0
41edeed3085b11ebbd5cac1f6bf848b6,chunk_mmr_128,chunk,mmr,0.0,0.0,0.0,0.0,0.2456,0.5,114.0,1.0,1.0
a346f150089811ebbd77ac1f6bf848b6,chunk_mmr_128,chunk,mmr,0.0,0.0,0.0,0.9,1.0,0.5,115.0,0.75,0.0
600eac52085c11ebbd5cac1f6bf848b6,chunk_mmr_128,chunk,mmr,1.0,1.0,1.0,1.0,0.528,0.5,125.0,0.5,0.0
6f7115240bde11eba7f7acde48001122,chunk_mmr_128,chunk,mmr,0.0,0.0,0.0,0.0,0.2396,0.5,96.0,0.5,0.0
c1b112a00baf11ebab90acde48001122,chunk_mmr_128,chunk,mmr,0.0,0.0,0.0,0.0,0.6038,0.5,106.0,0.5,0.0
371c1d5e0bde11eba7f7acde48001122,chunk_mmr_128,chunk,mmr,0.0,0.0,0.0,0.0,0.3644,0.5,118.0,0.5,0.0
69e65bfb08d711ebbd9aac1f6bf848b6,chunk_mmr_128,chunk,mmr,0.0,0.0,1.0,1.0,0.6641,0.5,128.0,0.5,0.0
dd01c8180bd911eba7f7acde48001122,chunk_mmr_128,chunk,mmr,0.0,0.0,0.0,0.0,0.0,0.0,109.0,1.0,1.0
ab94845c0baf11ebab90acde48001122,chunk_mmr_128,chunk,mmr,0.0,0.0,0.0,0.0,0.1641,0.5,128.0,0.5,0.0
6434ea6708eb11ebbda7ac1f6bf848b6,chunk_mmr_128,chunk,mmr,1.0,1.0,0.0,0.0,0.6333,1.0,120.0,1.0,1.0
57df2e7e0bb011ebab90acde48001122,chunk_mmr_128,chunk,mmr,0.0,0.0,0.0,0.0,0.0,0.0,128.0,0.5,0.0
4313e1320bde11eba7f7acde48001122,chunk_mmr_128,chunk,mmr,0.0,0.0,0.0,0.0,0.0,0.0,126.0,0.5,0.0
6f1c59360bdd11eba7f7acde48001122,chunk_mmr_128,chunk,mmr,0.0,0.0,0.0,0.0,0.2564,0.5,117.0,0.5,0.0
3cd45771086e11ebbd62ac1f6bf848b6,chunk_mmr_128,chunk,mmr,1.0,1.0,0.0,0.0,0.2188,1.0,128.0,1.0,1.0
b3e0284c087011ebbd63ac1f6bf848b6,chunk_mmr_128,chunk,mmr,1.0,1.0,1.0,1.0,0.0,0.0,105.0,1.0,1.0
0db3321208d311ebbd96ac1f6bf848b6,chunk_mmr_128,chunk,mmr,1.0,1.0,1.0,1.0,0.36,1.0,125.0,1.0,1.0
09c3e79c0bde11eba7f7acde48001122,chunk_mmr_128,chunk,mmr,0.0,0.0,0.0,0.0,0.9196,0.5,112.0,0.5,0.0
49409db4093711ebbdaeac1f6bf848b6,chunk_mmr_128,chunk,mmr,0.0,0.0,1.0,1.0,1.0,1.0,116.0,1.0,1.0
e476b380090c11ebbdadac1f6bf848b6,chunk_mmr_128,chunk,mmr,0.0,0.0,0.0,0.3333,0.6638,0.5,116.0,1.0,1.0
ba07c82908e411ebbda4ac1f6bf848b6,chunk_mmr_128,chunk,mmr,0.0,0.0,1.0,1.0,1.0,1.0,125.0,1.0,1.0
5410b503086c11ebbd61ac1f6bf848b6,chunk_mmr_128,chunk,mmr,0.0,0.0,0.0,0.0,0.55,0.5,120.0,1.0,1.0
accfdb580bd911eba7f7acde48001122,chunk_mmr_128,chunk,mmr,0.0,0.0,0.0,0.0,0.568,0.5,125.0,1.0,1.0
5ed727980bda11eba7f7acde48001122,chunk_mmr_128,chunk,mmr,0.0,0.0,0.0,0.0,0.4715,0.5,123.0,0.5,0.0
08d7d0d20bde11eba7f7acde48001122,chunk_mmr_128,chunk,mmr,0.0,0.0,0.0,0.0,0.375,1.0,128.0,1.0,1.0
9f9460460bdc11eba7f7acde48001122,chunk_mmr_128,chunk,mmr,0.0,0.0,0.0,0.0,0.1901,0.5,121.0,1.0,1.0
d7af391708bb11ebbd88ac1f6bf848b6,chunk_mmr_128,chunk,mmr,0.0,0.0,0.0,0.0,0.568,0.5,125.0,0.5,0.0
f2abc5580bdc11eba7f7acde48001122,chunk_mmr_128,chunk,mmr,0.0,0.0,0.0,0.0,0.3413,0.5,126.0,1.0,1.0
5839dbac0bde11eba7f7acde48001122,chunk_mmr_128,chunk,mmr,0.0,0.0,0.0,0.0,0.2364,0.5,110.0,0.5,0.0
26d0b2f2085511ebbd59ac1f6bf848b6,chunk_mmr_128,chunk,mmr,0.0,0.0,1.0,1.0,0.8525,1.0,122.0,1.0,1.0
6b10f275096011ebbdafac1f6bf848b6,chunk_mmr_128,chunk,mmr,0.0,0.0,0.0,0.0,0.661,1.0,118.0,1.0,1.0
84414bf00bb011ebab90acde48001122,chunk_mmr_128,chunk,mmr,0.0,0.0,0.0,0.3333,0.3223,0.5,121.0,1.0,1.0
bedf588e0baf11ebab90acde48001122,chunk_mmr_128,chunk,mmr,0.0,0.0,0.0,0.5,0.0,0.0,126.0,0.5,0.0
3101726e0bdb11eba7f7acde48001122,chunk_mmr_128,chunk,mmr,0.0,0.0,0.0,0.0,0.1404,0.5,114.0,0.5,0.0
6e88d85e0bde11eba7f7acde48001122,chunk_mmr_128,chunk,mmr,0.0,0.0,0.0,0.0,0.6016,0.5,123.0,1.0,1.0
597a6ac20bd911eba7f7acde48001122,chunk_mmr_128,chunk,mmr,0.0,0.0,0.0,0.0,0.623,0.5,122.0,0.5,0.0
0c4804540bb011ebab90acde48001122,chunk_mmr_128,chunk,mmr,0.0,0.0,0.0,0.75,0.3306,1.0,124.0,1.0,1.0
76b617e40bde11eba7f7acde48001122,chunk_mmr_128,chunk,mmr,0.0,0.0,0.0,0.6667,0.456,0.5,125.0,0.5,0.0
2b9500fe0bde11eba7f7acde48001122,chunk_mmr_128,chunk,mmr,0.0,0.0,1.0,1.0,0.685,1.0,127.0,1.0,1.0
2acf91800bdd11eba7f7acde48001122,chunk_mmr_128,chunk,mmr,0.0,0.0,0.0,0.0,0.3047,0.5,128.0,0.5,0.0
6875b330086711ebbd5eac1f6bf848b6,chunk_mmr_128,chunk,mmr,1.0,1.0,0.0,0.75,0.784,0.5,125.0,0.5,0.0
1332d0ca0bdb11eba7f7acde48001122,chunk_mmr_128,chunk,mmr,0.0,0.0,0.0,0.25,0.2627,0.5,118.0,0.5,0.0
39aec54808ab11ebbd81ac1f6bf848b6,chunk_mmr_128,chunk,mmr,0.0,0.0,1.0,1.0,0.4127,0.25,126.0,0.75,0.0
4fb9d00c0bdb11eba7f7acde48001122,chunk_mmr_128,chunk,mmr,0.0,0.0,0.0,0.0,0.678,0.5,118.0,0.5,0.0
64ed06f40bdd11eba7f7acde48001122,chunk_mmr_128,chunk,mmr,0.0,0.0,0.0,0.0,0.4,0.5,105.0,0.5,0.0
de95e2e408ad11ebbd83ac1f6bf848b6,chunk_mmr_128,chunk,mmr,0.0,0.0,0.0,0.0,0.3182,0.5,110.0,0.5,0.0
214beb5e0bb011ebab90acde48001122,chunk_mmr_128,chunk,mmr,0.0,0.0,0.0,0.0,0.2549,0.5,102.0,0.5,0.0
8cdc97de0bdc11eba7f7acde48001122,chunk_mmr_128,chunk,mmr,0.0,0.0,0.0,0.0,0.0,0.0,108.0,1.0,1.0
5be3d2e7089411ebbd75ac1f6bf848b6,chunk_mmr_128,chunk,mmr,0.0,0.0,1.0,1.0,0.3629,0.25,124.0,0.5,0.0
e9b332fd089811ebbd77ac1f6bf848b6,chunk_mmr_128,chunk,mmr,1.0,1.0,1.0,1.0,1.0,1.0,127.0,1.0,1.0
bdacec5e085f11ebbd5dac1f6bf848b6,chunk_mmr_128,chunk,mmr,0.0,0.0,1.0,1.0,1.0,0.5,118.0,0.5,0.0
2d319a460bdc11eba7f7acde48001122,chunk_mmr_128,chunk,mmr,0.0,0.0,0.0,0.0,0.6774,0.5,124.0,0.5,0.0
bb965c8508af11ebbd83ac1f6bf848b6,chunk_mmr_128,chunk,mmr,1.0,1.0,1.0,1.0,1.0,0.5,113.0,0.5,0.0
78ba517c0bd911eba7f7acde48001122,chunk_mmr_128,chunk,mmr,0.0,0.6667,1.0,1.0,0.7969,1.0,128.0,1.0,1.0
f5648762086711ebbd5eac1f6bf848b6,chunk_mmr_128,chunk,mmr,1.0,1.0,1.0,1.0,1.0,0.5,126.0,0.5,0.0
fa7ad32b093411ebbdaeac1f6bf848b6,chunk_mmr_128,chunk,mmr,0.0,0.0,0.0,0.0,0.5242,0.5,124.0,0.5,0.0
0c818a160bde11eba7f7acde48001122,chunk_mmr_128,chunk,mmr,0.0,0.0,0.0,0.0,0.5669,0.5,127.0,0.5,0.0
803a31b9089d11ebbd78ac1f6bf848b6,chunk_mmr_128,chunk,mmr,0.0,0.0,0.0,0.0,0.7087,0.75,127.0,0.75,0.0
75fbf09a08c711ebbd91ac1f6bf848b6,chunk_mmr_128,chunk,mmr,0.0,0.0,0.0,0.0,0.1081,0.25,111.0,0.25,0.0
070e4d940bde11eba7f7acde48001122,chunk_mmr_128,chunk,mmr,0.0,0.0,1.0,1.0,1.0,1.0,102.0,1.0,1.0
ef0db64a08f311ebbdaaac1f6bf848b6,chunk_mmr_128,chunk,mmr,0.0,0.0,0.0,0.0,0.2833,0.5,120.0,1.0,1.0
a2745ec4085d11ebbd5cac1f6bf848b6,chunk_mmr_128,chunk,mmr,0.0,0.0,0.0,0.0,0.8843,0.5,121.0,1.0,1.0
86a396ba0bdc11eba7f7acde48001122,chunk_mmr_128,chunk,mmr,0.0,0.0,0.0,0.0,0.1719,0.5,128.0,0.5,0.0
99e45ebc08e411ebbda4ac1f6bf848b6,chunk_mmr_128,chunk,mmr,1.0,1.0,0.0,0.75,0.7107,0.5,121.0,0.5,0.0
bf514e0208db11ebbd9cac1f6bf848b6,chunk_mmr_128,chunk,mmr,0.0,0.0,1.0,1.0,0.3148,0.25,108.0,0.5,0.0
e64faf900baf11ebab90acde48001122,chunk_mmr_128,chunk,mmr,0.0,0.0,0.0,0.5,0.4762,0.5,126.0,0.5,0.0
2eb4b1040bb011ebab90acde48001122,chunk_mmr_128,chunk,mmr,0.0,0.0,0.0,0.6,0.8067,0.5,119.0,0.5,0.0
6f0a6a5e0bde11eba7f7acde48001122,chunk_mmr_128,chunk,mmr,0.0,0.0,0.0,0.0,0.5726,0.5,124.0,1.0,1.0
c4b2a1660bdd11eba7f7acde48001122,chunk_mmr_128,chunk,mmr,0.0,0.0,1.0,1.0,0.6581,1.0,117.0,1.0,1.0
45153f740bdb11eba7f7acde48001122,chunk_mmr_128,chunk,mmr,0.0,0.0,0.0,0.0,0.437,0.5,119.0,1.0,1.0
53d6ad2a0bb011ebab90acde48001122,chunk_mmr_128,chunk,mmr,0.0,0.0,0.0,0.0,1.0,0.5,101.0,1.0,1.0
be1e5c620bda11eba7f7acde48001122,chunk_mmr_128,chunk,mmr,0.0,0.0,0.0,0.0,0.6719,1.0,128.0,1.0,1.0
e2537e7808ab11ebbd82ac1f6bf848b6,chunk_mmr_128,chunk,mmr,1.0,1.0,1.0,1.0,1.0,0.5,113.0,0.5,0.0
3b63d2fe089511ebbd75ac1f6bf848b6,chunk_mmr_128,chunk,mmr,0.0,0.0,0.0,0.0,0.5312,0.5,128.0,1.0,1.0
e46c530a0bae11ebab90acde48001122,chunk_mmr_128,chunk,mmr,0.0,0.0,0.0,0.0,1.0,0.5,124.0,0.5,0.0
16e1bf00088511ebbd6dac1f6bf848b6,chunk_mmr_128,chunk,mmr,0.0,0.0,0.0,0.0,1.0,0.5,109.0,0.5,0.0
6a23ecc8089f11ebbd78ac1f6bf848b6,chunk_mmr_128,chunk,mmr,1.0,1.0,0.0,0.25,0.2328,0.25,116.0,0.5,0.0
1dbdfcea0bdb11eba7f7acde48001122,chunk_mmr_128,chunk,mmr,0.0,0.0,0.0,0.0,0.1102,0.5,127.0,0.5,0.0
d35ce724089911ebbd77ac1f6bf848b6,chunk_mmr_128,chunk,mmr,1.0,1.0,1.0,1.0,0.629,1.0,124.0,1.0,1.0
f4e8557c085b11ebbd5cac1f6bf848b6,chunk_mmr_128,chunk,mmr,1.0,1.0,0.0,0.0,0.0,0.0,114.0,0.25,0.0
870142580bda11eba7f7acde48001122,chunk_mmr_128,chunk,mmr,0.0,0.0,0.0,0.0,0.6457,0.5,127.0,0.5,0.0
be9369c80bdd11eba7f7acde48001122,chunk_mmr_128,chunk,mmr,0.0,0.0,0.0,0.0,0.2321,0.5,112.0,0.5,0.0
5ff291a80bda11eba7f7acde48001122,chunk_mmr_128,chunk,mmr,0.0,0.0,0.0,0.0,0.2835,0.5,127.0,0.5,0.0
0c13a2ca088811ebbd6eac1f6bf848b6,chunk_mmr_128,chunk,mmr,0.0,0.0,1.0,1.0,1.0,0.5,123.0,0.5,0.0
259721a608e511ebbda4ac1f6bf848b6,chunk_mmr_128,chunk,mmr,1.0,1.0,1.0,1.0,0.243,0.25,107.0,0.5,0.0
6ab2c3860baf11ebab90acde48001122,chunk_mmr_128,chunk,mmr,0.0,0.0,0.0,0.5,0.1619,0.5,105.0,0.5,0.0
3a47b9960bdb11eba7f7acde48001122,chunk_mmr_128,chunk,mmr,0.0,0.0,0.0,0.0,0.314,0.5,121.0,0.5,0.0
ff36cddc08c011ebbd8aac1f6bf848b6,chunk_mmr_128,chunk,mmr,1.0,1.0,1.0,1.0,0.6161,0.5,112.0,0.5,0.0
721f557a0bdd11eba7f7acde48001122,chunk_mmr_128,chunk,mmr,0.0,0.0,0.0,0.0,0.1282,0.5,117.0,0.5,0.0
3dd414d2095211ebbdaeac1f6bf848b6,chunk_mmr_128,chunk,mmr,0.0,0.0,0.0,0.0,0.2344,0.5,128.0,0.5,0.0
ea755618087311ebbd67ac1f6bf848b6,chunk_mmr_128,chunk,mmr,0.0,0.0,1.0,1.0,0.7168,0.5,113.0,0.5,0.0
49eaffb0089411ebbd75ac1f6bf848b6,chunk_mmr_128,chunk,mmr,1.0,1.0,1.0,1.0,0.7787,0.5,122.0,0.5,0.0
de7b90800bdd11eba7f7acde48001122,chunk_mmr_128,chunk,mmr,1.0,1.0,1.0,1.0,0.2362,0.5,127.0,0.5,0.0
0bc8838a0bda11eba7f7acde48001122,chunk_mmr_128,chunk,mmr,0.0,0.3333,0.0,0.3333,0.0,0.0,108.0,1.0,1.0
f9563b3a0bdd11eba7f7acde48001122,chunk_mmr_128,chunk,mmr,0.0,0.0,0.0,0.0,0.1484,0.5,128.0,0.5,0.0
47cc27fa08bb11ebbd88ac1f6bf848b6,chunk_mmr_128,chunk,mmr,1.0,1.0,0.0,0.0,0.2333,0.5,120.0,1.0,1.0
85cc412008b611ebbd88ac1f6bf848b6,chunk_mmr_128,chunk,mmr,0.0,0.0,0.0,0.0,0.5888,0.5,107.0,0.5,0.0
0a59ce0a08b711ebbd88ac1f6bf848b6,chunk_mmr_128,chunk,mmr,0.0,0.0,0.0,0.0,0.7951,1.0,122.0,1.0,1.0
72f602e60bb011ebab90acde48001122,chunk_mmr_128,chunk,mmr,0.0,0.0,1.0,1.0,0.1754,0.5,114.0,1.0,1.0
ae585fc20bd911eba7f7acde48001122,chunk_mmr_128,chunk,mmr,0.0,0.0,0.0,0.0,0.6228,0.5,114.0,0.5,0.0
1c0f99380bdd11eba7f7acde48001122,chunk_mmr_128,chunk,mmr,0.0,0.0,0.0,0.0,0.5565,0.5,115.0,0.5,0.0
b534d99e098111ebbdb0ac1f6bf848b6,chunk_mmr_128,chunk,mmr,1.0,1.0,1.0,1.0,0.6613,0.5,124.0,1.0,1.0
406a4ee00bb011ebab90acde48001122,chunk_mmr_128,chunk,mmr,0.0,0.0,0.0,0.0,0.0,0.0,127.0,0.5,0.0
48d89aea0bd911eba7f7acde48001122,chunk_mmr_128,chunk,mmr,0.0,0.0,0.0,0.0,0.1161,0.5,112.0,0.5,0.0
ece1bdae0bdb11eba7f7acde48001122,chunk_mmr_128,chunk,mmr,0.0,0.0,0.0,0.0,0.0,0.0,123.0,0.5,0.0
ddbc0f6c0bdd11eba7f7acde48001122,chunk_mmr_128,chunk,mmr,0.0,0.0,0.0,0.0,0.0,0.0,91.0,1.0,1.0
168d081a0bb011ebab90acde48001122,chunk_mmr_128,chunk,mmr,0.0,0.0,0.0,0.5,0.0,0.0,124.0,1.0,1.0
677658e80bde11eba7f7acde48001122,chunk_mmr_128,chunk,mmr,0.0,0.0,0.0,0.0,0.0,0.0,121.0,0.0,0.0
a994c54e0bdd11eba7f7acde48001122,chunk_mmr_128,chunk,mmr,0.0,0.0,0.0,0.0,0.2619,0.5,126.0,0.5,0.0
3b17c11308f011ebbda8ac1f6bf848b6,chunk_mmr_128,chunk,mmr,1.0,1.0,1.0,1.0,1.0,1.0,117.0,1.0,1.0
552ac62c089311ebbd74ac1f6bf848b6,chunk_mmr_128,chunk,mmr,0.0,0.0,1.0,1.0,0.8083,1.0,120.0,1.0,1.0
6cfe1e5408ac11ebbd83ac1f6bf848b6,chunk_mmr_128,chunk,mmr,0.0,0.0,0.0,0.0,0.1885,0.25,122.0,0.75,0.0
695c85a1086a11ebbd5fac1f6bf848b6,chunk_mmr_128,chunk,mmr,1.0,1.0,1.0,1.0,0.5447,0.5,123.0,0.5,0.0
abf4c578090811ebbdadac1f6bf848b6,chunk_mmr_128,chunk,mmr,0.0,0.0,1.0,1.0,0.9426,1.0,122.0,1.0,1.0
eeea54e0085611ebbd59ac1f6bf848b6,chunk_mmr_128,chunk,mmr,0.0,0.0,0.0,0.0,0.4811,0.25,106.0,0.5,0.0
a400ea0a0bdc11eba7f7acde48001122,chunk_mmr_128,chunk,mmr,0.0,0.0,0.0,0.0,0.4921,0.5,126.0,0.5,0.0
6181829c0bb011ebab90acde48001122,chunk_mmr_128,chunk,mmr,0.0,0.0,0.0,0.6,0.7097,0.5,124.0,0.5,0.0
c74ed73b088d11ebbd70ac1f6bf848b6,chunk_mmr_128,chunk,mmr,1.0,1.0,1.0,1.0,1.0,0.5,126.0,0.5,0.0
61cc91aa088c11ebbd6fac1f6bf848b6,chunk_mmr_128,chunk,mmr,1.0,1.0,1.0,1.0,0.6106,0.5,113.0,0.75,0.0
d16aef420bda11eba7f7acde48001122,chunk_mmr_128,chunk,mmr,0.0,0.0,0.0,0.0,0.4917,0.5,120.0,0.5,0.0
632cef18089111ebbd73ac1f6bf848b6,chunk_mmr_128,chunk,mmr,0.0,0.0,1.0,1.0,1.0,0.5,119.0,0.5,0.0
67d902140bb011ebab90acde48001122,chunk_mmr_128,chunk,mmr,0.0,0.0,0.0,0.0,0.2957,0.5,115.0,1.0,1.0
df25946e08b211ebbd85ac1f6bf848b6,chunk_mmr_128,chunk,mmr,1.0,1.0,1.0,1.0,0.6429,0.25,126.0,0.5,0.0
2a688326089c11ebbd78ac1f6bf848b6,chunk_mmr_128,chunk,mmr,1.0,1.0,1.0,1.0,0.4609,0.5,115.0,0.5,0.0
d7281cbe0baf11ebab90acde48001122,chunk_mmr_128,chunk,mmr,0.0,0.0,0.0,0.0,0.3305,0.5,118.0,0.5,0.0
0507b29d088c11ebbd6fac1f6bf848b6,chunk_mmr_128,chunk,mmr,0.0,0.0,1.0,1.0,0.8254,1.0,126.0,1.0,1.0
f4c82ea208a411ebbd7dac1f6bf848b6,chunk_mmr_128,chunk,mmr,0.0,0.0,0.0,0.0,0.0,0.0,127.0,0.5,0.0
177e0eda0bde11eba7f7acde48001122,chunk_mmr_128,chunk,mmr,0.0,0.0,0.0,0.0,0.5433,0.5,127.0,0.5,0.0
cba75d3408ce11ebbd94ac1f6bf848b6,chunk_mmr_128,chunk,mmr,1.0,1.0,0.0,0.0,0.5366,1.0,123.0,1.0,1.0
650ae56108b911ebbd88ac1f6bf848b6,chunk_mmr_128,chunk,mmr,0.0,0.0,0.0,0.0,0.3889,0.25,108.0,0.5,0.0
3bee1660089911ebbd77ac1f6bf848b6,chunk_mmr_128,chunk,mmr,0.0,0.0,1.0,1.0,0.3952,0.5,124.0,0.5,0.0
befbd60c0bdd11eba7f7acde48001122,chunk_mmr_128,chunk,mmr,0.0,0.0,0.0,0.0,0.0,0.0,122.0,1.0,1.0
d94b8e3708e911ebbda7ac1f6bf848b6,chunk_mmr_128,chunk,mmr,1.0,1.0,0.0,0.75,0.2541,1.0,122.0,1.0,1.0
51c970e6097111ebbdb0ac1f6bf848b6,chunk_mmr_128,chunk,mmr,0.0,0.0,0.0,0.0,0.6667,1.0,105.0,1.0,1.0
ba08756a0bdd11eba7f7acde48001122,chunk_mmr_128,chunk,mmr,0.0,0.0,0.0,0.0,0.5294,0.5,85.0,1.0,1.0
2e28a87e0bda11eba7f7acde48001122,chunk_mmr_128,chunk,mmr,0.0,0.0,0.0,0.0,0.0,0.0,105.0,0.5,0.0
2164ef1e0bdd11eba7f7acde48001122,chunk_mmr_128,chunk,mmr,0.0,0.0,0.0,0.0,0.6102,0.5,118.0,0.5,0.0
83aacaf008ee11ebbda8ac1f6bf848b6,chunk_mmr_128,chunk,mmr,0.0,0.0,1.0,1.0,0.8226,1.0,124.0,1.0,1.0
cc93bb5c090711ebbdadac1f6bf848b6,chunk_mmr_128,chunk,mmr,1.0,1.0,1.0,1.0,0.2812,1.0,96.0,1.0,1.0
7aa58f360bdb11eba7f7acde48001122,chunk_mmr_128,chunk,mmr,0.0,0.0,0.0,0.0,0.0,0.0,115.0,0.5,0.0
b9e30a520bdb11eba7f7acde48001122,chunk_mmr_128,chunk,mmr,0.0,0.0,0.0,0.0,0.7009,0.5,107.0,1.0,1.0
64f1e5e9086d11ebbd62ac1f6bf848b6,chunk_mmr_128,chunk,mmr,1.0,1.0,1.0,1.0,0.6393,0.5,122.0,0.5,0.0
7257a60608cb11ebbd92ac1f6bf848b6,chunk_mmr_128,chunk,mmr,0.0,0.0,1.0,1.0,0.4609,0.25,128.0,0.5,0.0
d2c7402008bf11ebbd8aac1f6bf848b6,chunk_mmr_128,chunk,mmr,0.0,0.0,0.0,0.0,0.8095,0.25,126.0,0.5,0.0
17ec5f82095d11ebbdaeac1f6bf848b6,chunk_mmr_128,chunk,mmr,1.0,1.0,1.0,1.0,0.8976,1.0,127.0,1.0,1.0
f6e7e5a80bae11ebab90acde48001122,chunk_mmr_128,chunk,mmr,0.0,0.0,0.0,0.3333,0.5225,0.5,111.0,0.5,0.0
6a848a240bb011ebab90acde48001122,chunk_mmr_128,chunk,mmr,0.0,0.0,0.0,0.8,0.2833,0.5,120.0,1.0,1.0
583b8ccc0bd911eba7f7acde48001122,chunk_mmr_128,chunk,mmr,0.0,0.0,0.0,0.0,0.0,0.0,122.0,1.0,1.0
81f9510408fa11ebbdacac1f6bf848b6,chunk_mmr_128,chunk,mmr,0.0,0.0,0.0,0.0,0.693,0.5,114.0,1.0,1.0
3d1200fc0bde11eba7f7acde48001122,chunk_mmr_128,chunk,mmr,0.0,0.0,0.0,0.0,0.4016,0.5,122.0,0.5,0.0
e6f90c9d08c711ebbd91ac1f6bf848b6,chunk_mmr_128,chunk,mmr,1.0,1.0,1.0,1.0,0.6484,0.5,128.0,0.5,0.0
fc00ac4a0baf11ebab90acde48001122,chunk_mmr_128,chunk,mmr,0.0,0.2222,0.0,0.8333,0.0,0.0,116.0,0.5,0.0
4aee95dc0bd911eba7f7acde48001122,chunk_mmr_128,chunk,mmr,0.0,0.0,0.0,0.0,0.4722,0.5,108.0,0.5,0.0
08d74900089611ebbd75ac1f6bf848b6,chunk_mmr_128,chunk,mmr,1.0,1.0,1.0,1.0,0.4,0.5,125.0,0.5,0.0
366860a5086711ebbd5eac1f6bf848b6,chunk_mmr_128,chunk,mmr,0.0,0.0,0.0,0.0,0.5748,0.5,127.0,1.0,1.0
d03663e108e211ebbda4ac1f6bf848b6,chunk_mmr_128,chunk,mmr,0.0,0.0,0.0,0.0,0.6053,1.0,114.0,1.0,1.0
743f23820bdb11eba7f7acde48001122,chunk_mmr_128,chunk,mmr,0.0,0.0,0.0,0.0,0.4724,0.5,127.0,0.5,0.0
a9a7d5580bdd11eba7f7acde48001122,chunk_mmr_128,chunk,mmr,0.0,0.0,0.0,0.0,0.2358,0.5,123.0,0.5,0.0
3afba9de094f11ebbdaeac1f6bf848b6,chunk_mmr_128,chunk,mmr,1.0,1.0,1.0,1.0,0.487,1.0,115.0,1.0,1.0
76bb71320bdc11eba7f7acde48001122,chunk_mmr_128,chunk,mmr,0.0,0.0,0.0,0.0,0.459,0.5,122.0,0.5,0.0
c072ad1408d411ebbd97ac1f6bf848b6,chunk_mmr_128,chunk,mmr,0.0,0.0,0.0,0.0,0.7402,0.25,127.0,0.5,0.0
8b165288088911ebbd6eac1f6bf848b6,chunk_mmr_128,chunk,mmr,0.0,0.0,0.0,0.0,0.2583,0.25,120.0,0.5,0.0
4c7a03560bdd11eba7f7acde48001122,chunk_mmr_128,chunk,mmr,0.0,0.0,0.0,0.0,0.2845,0.5,116.0,0.5,0.0
af1a8667088311ebbd6dac1f6bf848b6,chunk_mmr_128,chunk,mmr,0.0,0.0,0.0,0.0,0.6017,1.0,118.0,1.0,1.0
f7b41d560bdd11eba7f7acde48001122,chunk_mmr_128,chunk,mmr,0.0,0.0,0.0,0.0,0.3622,0.5,127.0,0.5,0.0
9893834c092711ebbdaeac1f6bf848b6,chunk_mmr_128,chunk,mmr,0.0,0.0,1.0,1.0,0.0,0.0,123.0,1.0,1.0
3068a40c0baf11ebab90acde48001122,chunk_mmr_128,chunk,mmr,0.0,0.0,0.0,0.0,0.2188,0.5,128.0,1.0,1.0
cddb28ed08bf11ebbd8aac1f6bf848b6,chunk_mmr_128,chunk,mmr,1.0,1.0,1.0,1.0,0.2,0.5,120.0,1.0,1.0
0a9f880a0bda11eba7f7acde48001122,chunk_mmr_128,chunk,mmr,0.0,0.0,0.0,0.0,0.35,0.5,120.0,1.0,1.0
2e12ac000bde11eba7f7acde48001122,chunk_mmr_128,chunk,mmr,0.0,0.6667,1.0,1.0,0.287,0.5,115.0,1.0,1.0
829275da08f511ebbdaaac1f6bf848b6,chunk_mmr_128,chunk,mmr,1.0,1.0,1.0,1.0,0.4309,1.0,123.0,1.0,1.0
8f8aaf0b088711ebbd6dac1f6bf848b6,chunk_mmr_128,chunk,mmr,0.0,0.0,1.0,1.0,0.3826,0.5,115.0,1.0,1.0
097583d2095711ebbdaeac1f6bf848b6,chunk_mmr_128,chunk,mmr,1.0,1.0,0.0,0.6667,0.1157,0.5,121.0,1.0,1.0
6b9a2cb4087911ebbd67ac1f6bf848b6,chunk_mmr_128,chunk,mmr,1.0,1.0,1.0,1.0,0.328,1.0,125.0,1.0,1.0
13ec0a08089111ebbd72ac1f6bf848b6,chunk_mmr_128,chunk,mmr,1.0,1.0,1.0,1.0,0.175,0.5,120.0,1.0,1.0
62444d9a0bb011ebab90acde48001122,chunk_mmr_128,chunk,mmr,0.0,0.0,0.0,0.0,0.3471,0.5,121.0,0.5,0.0
998af60a088b11ebbd6fac1f6bf848b6,chunk_mmr_128,chunk,mmr,1.0,1.0,1.0,1.0,0.4683,0.5,126.0,0.5,0.0
f0ec33f00bdd11eba7f7acde48001122,chunk_mmr_128,chunk,mmr,0.0,0.0,1.0,1.0,0.386,0.5,114.0,0.5,0.0
04dfe47c0bdb11eba7f7acde48001122,chunk_mmr_128,chunk,mmr,0.0,0.0,0.0,0.0,0.0,0.0,127.0,0.5,0.0
e2f26a20089111ebbd73ac1f6bf848b6,chunk_mmr_128,chunk,mmr,1.0,1.0,1.0,1.0,0.5455,0.25,121.0,0.5,0.0
fec25d0c0bdc11eba7f7acde48001122,chunk_mmr_128,chunk,mmr,0.0,0.0,0.0,0.0,0.0,0.0,121.0,1.0,1.0
8715eeb808e411ebbda4ac1f6bf848b6,chunk_mmr_128,chunk,mmr,1.0,1.0,1.0,1.0,1.0,0.5,128.0,0.5,0.0
93e6f2c60bdd11eba7f7acde48001122,chunk_mmr_128,chunk,mmr,0.0,0.0,0.0,0.0,0.4309,0.5,123.0,1.0,1.0
1cf4dbe80baf11ebab90acde48001122,chunk_mmr_128,chunk,mmr,0.0,0.0,0.0,0.0,0.7049,0.5,122.0,0.5,0.0
815fa2ae0bda11eba7f7acde48001122,chunk_mmr_128,chunk,mmr,0.0,0.0,0.0,0.3333,0.4393,0.5,107.0,0.5,0.0
b22b87b40bd911eba7f7acde48001122,chunk_mmr_128,chunk,mmr,0.0,0.0,0.0,0.0,0.5905,0.5,105.0,0.5,0.0
388978ca08c411ebbd8eac1f6bf848b6,chunk_mmr_128,chunk,mmr,0.0,0.7273,0.0,0.75,0.5079,0.5,126.0,0.5,0.0
efcb57f00bdb11eba7f7acde48001122,chunk_mmr_128,chunk,mmr,0.0,0.0,0.0,0.0,0.2787,0.5,122.0,0.5,0.0
fe91ee700bdb11eba7f7acde48001122,chunk_mmr_128,chunk,mmr,0.0,0.0,0.0,0.0,0.7143,1.0,126.0,1.0,1.0
e4364efd088111ebbd6dac1f6bf848b6,chunk_mmr_128,chunk,mmr,0.0,0.0,1.0,1.0,0.621,1.0,124.0,1.0,1.0
61d4545708b111ebbd85ac1f6bf848b6,chunk_mmr_128,chunk,mmr,1.0,1.0,1.0,1.0,0.8189,0.5,127.0,0.5,0.0
7da84dd40bb011ebab90acde48001122,chunk_mmr_128,chunk,mmr,0.0,0.0,1.0,1.0,0.5175,0.5,114.0,1.0,1.0
105a765e0bdc11eba7f7acde48001122,chunk_mmr_128,chunk,mmr,0.0,0.0,1.0,1.0,0.6387,1.0,119.0,1.0,1.0
1f98da43088111ebbd6dac1f6bf848b6,chunk_mmr_128,chunk,mmr,0.0,0.2857,1.0,1.0,0.5124,0.5,121.0,0.5,0.0
13c15658087311ebbd66ac1f6bf848b6,chunk_mmr_128,chunk,mmr,1.0,1.0,1.0,1.0,0.8783,0.25,115.0,0.75,0.0
28016c540bdc11eba7f7acde48001122,chunk_mmr_128,chunk,mmr,0.0,0.0,0.0,0.0,0.2441,0.5,127.0,0.5,0.0
c218f9d20bdd11eba7f7acde48001122,chunk_mmr_128,chunk,mmr,0.0,0.0,0.0,0.0,0.0,0.0,122.0,1.0,1.0
4c5074f9089711ebbd76ac1f6bf848b6,chunk_mmr_128,chunk,mmr,1.0,1.0,1.0,1.0,0.375,1.0,120.0,1.0,1.0
e5fa9df9085c11ebbd5cac1f6bf848b6,chunk_mmr_128,chunk,mmr,1.0,1.0,1.0,1.0,0.6216,1.0,111.0,1.0,1.0
9cf255e3088911ebbd6eac1f6bf848b6,chunk_mmr_128,chunk,mmr,0.0,0.0,0.0,0.0,0.4915,0.5,118.0,1.0,1.0
ed1b71de08de11ebbd9fac1f6bf848b6,chunk_mmr_128,chunk,mmr,0.0,0.0,0.0,0.3333,0.1429,0.25,126.0,0.25,0.0
f9ac302a0bd911eba7f7acde48001122,chunk_mmr_128,chunk,mmr,0.0,0.0,0.0,0.0,0.4882,0.5,127.0,0.5,0.0
a9d6c4e40bdd11eba7f7acde48001122,chunk_mmr_128,chunk,mmr,0.0,0.0,0.0,0.0,0.3679,0.5,106.0,0.5,0.0
1442e9a20bde11eba7f7acde48001122,chunk_mmr_128,chunk,mmr,0.0,0.0,0.0,0.0,0.0,0.0,101.0,0.5,0.0
164f0f7f08c711ebbd91ac1f6bf848b6,chunk_mmr_128,chunk,mmr,0.0,0.0,0.0,0.0,0.2835,0.5,127.0,1.0,1.0
b728e70c094411ebbdaeac1f6bf848b6,chunk_mmr_128,chunk,mmr,0.0,0.0,0.0,0.5,0.2075,0.5,106.0,1.0,1.0
e3477e760bdd11eba7f7acde48001122,chunk_mmr_128,chunk,mmr,0.0,0.0,0.0,0.0,0.0,0.0,128.0,0.5,0.0
8114aef808c811ebbd91ac1f6bf848b6,chunk_mmr_128,chunk,mmr,0.0,0.0,0.0,0.0,0.0,0.0,124.0,0.25,0.0
54014a680baf11ebab90acde48001122,chunk_mmr_128,chunk,mmr,0.0,0.0,0.0,0.3333,0.0,0.0,125.0,0.5,0.0
3647118c0bdd11eba7f7acde48001122,chunk_mmr_128,chunk,mmr,0.0,0.0,0.0,0.0,0.189,0.5,127.0,0.5,0.0
75612cee0bde11eba7f7acde48001122,chunk_mmr_128,chunk,mmr,0.0,0.0,0.0,0.0,0.0,0.0,126.0,0.5,0.0
f6384b5c099e11ebbdb0ac1f6bf848b6,chunk_mmr_128,chunk,mmr,0.0,0.0,1.0,1.0,0.6855,1.0,124.0,1.0,1.0
748446060bdb11eba7f7acde48001122,chunk_mmr_128,chunk,mmr,0.0,0.0,0.0,0.0,0.4196,0.5,112.0,0.5,0.0
f872fe92096c11ebbdafac1f6bf848b6,chunk_mmr_128,chunk,mmr,1.0,1.0,1.0,1.0,0.4766,0.5,128.0,1.0,1.0
281793980bdd11eba7f7acde48001122,chunk_mmr_128,chunk,mmr,0.0,0.0,0.0,0.0,0.5317,0.5,126.0,1.0,1.0
c03e86180bdd11eba7f7acde48001122,chunk_mmr_128,chunk,mmr,0.0,0.0,0.0,0.0,0.1176,0.5,119.0,0.5,0.0
6668ebd20bde11eba7f7acde48001122,chunk_mmr_128,chunk,mmr,0.0,0.0,0.0,0.0,0.6179,0.5,123.0,0.5,0.0
e19960120bdd11eba7f7acde48001122,chunk_mmr_128,chunk,mmr,0.0,0.0,0.0,0.0,0.6387,0.5,119.0,0.5,0.0
fc1d47b7088e11ebbd70ac1f6bf848b6,chunk_mmr_128,chunk,mmr,1.0,1.0,1.0,1.0,1.0,0.5,124.0,0.5,0.0
1b62189208a111ebbd78ac1f6bf848b6,chunk_mmr_128,chunk,mmr,1.0,1.0,0.0,0.25,0.1513,0.5,119.0,1.0,1.0
8272c3eb093111ebbdaeac1f6bf848b6,chunk_mmr_128,chunk,mmr,1.0,1.0,1.0,1.0,0.6797,1.0,128.0,1.0,1.0
77fd1ca20bb011ebab90acde48001122,chunk_mmr_128,chunk,mmr,0.0,0.0,0.0,0.75,0.246,0.5,126.0,1.0,1.0
c4962ee20bdc11eba7f7acde48001122,chunk_mmr_128,chunk,mmr,0.0,0.0,0.0,0.0,0.4688,0.5,128.0,0.5,0.0
4020ce88097011ebbdb0ac1f6bf848b6,chunk_mmr_128,chunk,mmr,1.0,1.0,1.0,1.0,0.5492,1.0,122.0,1.0,1.0
4a8ffd360bdb11eba7f7acde48001122,chunk_mmr_128,chunk,mmr,0.0,0.0,0.0,0.3333,0.9057,0.5,106.0,0.5,0.0
080aff1c0bde11eba7f7acde48001122,chunk_mmr_128,chunk,mmr,0.0,0.0,0.0,0.0,0.0,0.0,105.0,0.5,0.0
1bf30a41086611ebbd5eac1f6bf848b6,chunk_mmr_128,chunk,mmr,0.0,0.0,0.0,0.0,0.6822,0.5,107.0,0.5,0.0
5cd30b020bd911eba7f7acde48001122,chunk_mmr_128,chunk,mmr,0.0,0.0,0.0,0.0,0.4297,0.5,128.0,0.5,0.0
0fc59fa00bde11eba7f7acde48001122,chunk_mmr_128,chunk,mmr,0.0,0.0,0.0,0.3333,0.1967,0.5,122.0,0.5,0.0
1f94954908b011ebbd84ac1f6bf848b6,chunk_mmr_128,chunk,mmr,0.0,0.0,0.0,0.0,0.6111,0.5,126.0,1.0,1.0
e85d87f4095111ebbdaeac1f6bf848b6,chunk_mmr_128,chunk,mmr,0.0,0.0,1.0,1.0,0.3534,0.5,116.0,1.0,1.0
2d69078008d311ebbd96ac1f6bf848b6,chunk_mmr_128,chunk,mmr,1.0,1.0,1.0,1.0,1.0,0.5,121.0,0.5,0.0
62a8a24e0bde11eba7f7acde48001122,chunk_mmr_128,chunk,mmr,0.0,0.0,0.0,0.0,0.5641,0.5,117.0,1.0,1.0
f1cc94540bdd11eba7f7acde48001122,chunk_mmr_128,chunk,mmr,0.0,0.0,0.0,0.0,0.2315,0.5,108.0,1.0,1.0
98f909d40bdd11eba7f7acde48001122,chunk_mmr_128,chunk,mmr,0.0,0.0,0.0,0.0,0.3694,0.5,111.0,0.5,0.0
f7aa41be0bdd11eba7f7acde48001122,chunk_mmr_128,chunk,mmr,0.0,0.0,1.0,1.0,0.4274,0.5,124.0,1.0,1.0
88be48840bda11eba7f7acde48001122,chunk_mmr_128,chunk,mmr,1.0,1.0,1.0,1.0,0.1525,0.5,118.0,1.0,1.0
22be69d908b511ebbd88ac1f6bf848b6,chunk_mmr_128,chunk,mmr,1.0,1.0,1.0,1.0,0.3667,0.5,120.0,0.5,0.0
e3fe2a600bdb11eba7f7acde48001122,chunk_mmr_128,chunk,mmr,0.0,0.5714,1.0,1.0,0.4224,0.5,116.0,1.0,1.0
7f49e96e0baf11ebab90acde48001122,chunk_mmr_128,chunk,mmr,0.0,0.4444,0.0,0.6667,1.0,0.5,127.0,0.5,0.0
aef6771208b311ebbd86ac1f6bf848b6,chunk_mmr_128,chunk,mmr,1.0,1.0,1.0,1.0,1.0,0.75,118.0,0.75,0.0
bfb58f38089611ebbd76ac1f6bf848b6,chunk_mmr_128,chunk,mmr,1.0,1.0,0.0,0.6667,0.5763,0.5,118.0,0.5,0.0
0306ad3308fe11ebbdadac1f6bf848b6,chunk_mmr_128,chunk,mmr,0.0,0.0,0.0,0.0,0.3271,0.5,107.0,1.0,1.0
750737d6084911ebbd55ac1f6bf848b6,chunk_mmr_128,chunk,mmr,0.0,0.0,1.0,1.0,0.1681,0.5,113.0,1.0,1.0
7a8eae7d088111ebbd6dac1f6bf848b6,chunk_mmr_128,chunk,mmr,1.0,1.0,0.0,0.0,0.448,0.5,125.0,1.0,1.0
45be519d086e11ebbd62ac1f6bf848b6,chunk_mmr_128,chunk,mmr,1.0,1.0,1.0,1.0,0.5079,0.5,126.0,0.5,0.0
e3772fb40bdc11eba7f7acde48001122,chunk_mmr_128,chunk,mmr,0.0,0.0,0.0,0.0,0.0,0.0,126.0,0.5,0.0
72b6fb5a08ae11ebbd83ac1f6bf848b6,chunk_mmr_128,chunk,mmr,0.0,0.0,0.0,0.0,0.315,0.25,127.0,0.5,0.0
5e3bb8cc0bd911eba7f7acde48001122,chunk_mmr_128,chunk,mmr,0.0,0.0,0.0,0.0,0.1349,0.5,126.0,0.5,0.0
c9ba19e708b311ebbd86ac1f6bf848b6,chunk_mmr_128,chunk,mmr,0.0,0.0,0.0,0.0,0.2047,1.0,127.0,1.0,1.0
2858ddc609b211ebbdb0ac1f6bf848b6,chunk_mmr_128,chunk,mmr,1.0,1.0,0.0,0.0,1.0,0.5,116.0,1.0,1.0
768c67280bde11eba7f7acde48001122,chunk_mmr_128,chunk,mmr,0.0,0.0,1.0,1.0,0.6923,1.0,117.0,1.0,1.0
88d450740bdb11eba7f7acde48001122,chunk_mmr_128,chunk,mmr,0.0,0.0,0.0,0.0,0.2703,0.5,111.0,0.5,0.0
fd75ede80bdb11eba7f7acde48001122,chunk_mmr_128,chunk,mmr,0.0,0.0,0.0,0.0,0.4531,0.5,128.0,0.5,0.0
bd21c466089711ebbd77ac1f6bf848b6,chunk_mmr_128,chunk,mmr,0.0,0.0,0.0,0.5,0.304,0.5,125.0,0.5,0.0
faa9cb0b087711ebbd67ac1f6bf848b6,chunk_mmr_128,chunk,mmr,0.0,0.0,0.0,0.0,0.5938,0.5,128.0,0.5,0.0
13b377680bde11eba7f7acde48001122,chunk_mmr_128,chunk,mmr,0.0,0.0,0.0,0.5,0.7016,0.5,124.0,0.5,0.0
791a6e4d087111ebbd63ac1f6bf848b6,chunk_mmr_128,chunk,mmr,0.0,0.0,0.0,0.0,0.656,0.5,125.0,0.75,0.0
26497355084c11ebbd56ac1f6bf848b6,chunk_mmr_128,chunk,mmr,0.0,0.0,0.0,0.0,0.6,0.5,100.0,0.5,0.0
7246ee5a0bb011ebab90acde48001122,chunk_mmr_128,chunk,mmr,0.0,0.0,0.0,0.0,0.2632,0.5,114.0,0.5,0.0
6a70f6f80bb011ebab90acde48001122,chunk_mmr_128,chunk,mmr,0.0,0.0,0.0,0.0,0.6667,0.5,123.0,0.5,0.0
8d0836540bdd11eba7f7acde48001122,chunk_mmr_128,chunk,mmr,0.0,0.0,0.0,0.0,0.3604,0.5,111.0,1.0,1.0
a405efb708d811ebbd9cac1f6bf848b6,chunk_mmr_128,chunk,mmr,0.0,0.0,1.0,1.0,0.8548,0.5,124.0,0.5,0.0
637434540bde11eba7f7acde48001122,chunk_mmr_128,chunk,mmr,1.0,1.0,1.0,1.0,0.5948,0.5,116.0,0.5,0.0
b838d62f086711ebbd5eac1f6bf848b6,chunk_mmr_128,chunk,mmr,0.0,0.0,0.0,0.0,0.5304,0.5,115.0,1.0,1.0
42f6d3b208b911ebbd88ac1f6bf848b6,chunk_mmr_128,chunk,mmr,1.0,1.0,1.0,1.0,0.5859,1.0,128.0,1.0,1.0
200e7a01087611ebbd67ac1f6bf848b6,chunk_mmr_128,chunk,mmr,1.0,1.0,0.0,0.0,0.4,0.5,110.0,0.5,0.0
4637ec300bdb11eba7f7acde48001122,chunk_mmr_128,chunk,mmr,0.0,0.0,0.0,0.0,0.432,1.0,125.0,1.0,1.0
f6960ae0086011ebbd5dac1f6bf848b6,chunk_mmr_128,chunk,mmr,1.0,1.0,1.0,1.0,0.4685,1.0,111.0,1.0,1.0
f9e63d80085d11ebbd5cac1f6bf848b6,chunk_mmr_128,chunk,mmr,0.0,0.6667,1.0,1.0,0.8583,0.25,127.0,0.5,0.0
60ccb178086811ebbd5eac1f6bf848b6,chunk_mmr_128,chunk,mmr,0.0,0.0,0.0,0.6667,0.213,0.25,108.0,0.5,0.0
d8dd595708fb11ebbdacac1f6bf848b6,chunk_mmr_128,chunk,mmr,1.0,1.0,1.0,1.0,0.3866,1.0,119.0,1.0,1.0
b50759c3087811ebbd67ac1f6bf848b6,chunk_mmr_128,chunk,mmr,1.0,1.0,1.0,1.0,0.728,0.5,125.0,0.5,0.0
d3c779240bdd11eba7f7acde48001122,chunk_mmr_128,chunk,mmr,0.0,0.0,0.0,0.0,0.2109,0.5,128.0,1.0,1.0
2260e6380bde11eba7f7acde48001122,chunk_mmr_128,chunk,mmr,0.0,0.0,0.0,0.0,0.6356,0.5,118.0,0.5,0.0
ea7d22c808b211ebbd85ac1f6bf848b6,chunk_mmr_128,chunk,mmr,0.0,0.0,1.0,1.0,0.6562,0.5,128.0,0.5,0.0
f3798752088c11ebbd70ac1f6bf848b6,chunk_mmr_128,chunk,mmr,1.0,1.0,1.0,1.0,0.5854,0.5,123.0,0.5,0.0
ac94af4a0bdb11eba7f7acde48001122,chunk_mmr_128,chunk,mmr,1.0,1.0,1.0,1.0,0.6032,0.5,126.0,0.5,0.0
cf57f2ef087011ebbd63ac1f6bf848b6,chunk_mmr_128,chunk,mmr,0.0,0.0,0.0,0.0,0.4628,1.0,121.0,1.0,1.0
f9e9d784084d11ebbd56ac1f6bf848b6,chunk_mmr_128,chunk,mmr,0.0,0.0,1.0,1.0,0.4576,0.25,118.0,0.75,0.0
a3ac1ca20bda11eba7f7acde48001122,chunk_mmr_128,chunk,mmr,0.0,0.0,0.0,0.0,0.0,0.0,114.0,0.5,0.0
49baa9120bde11eba7f7acde48001122,chunk_mmr_128,chunk,mmr,1.0,1.0,1.0,1.0,0.2393,0.5,117.0,1.0,1.0
85f17aea08c911ebbd92ac1f6bf848b6,chunk_mmr_128,chunk,mmr,1.0,1.0,1.0,1.0,0.88,0.5,125.0,0.5,0.0
a9e322b20bdc11eba7f7acde48001122,chunk_mmr_128,chunk,mmr,0.0,0.0,0.0,0.0,0.1311,0.5,122.0,0.5,0.0
65937853086511ebbd5eac1f6bf848b6,chunk_mmr_128,chunk,mmr,1.0,1.0,1.0,1.0,0.6838,1.0,117.0,1.0,1.0
31d2f293088111ebbd6dac1f6bf848b6,chunk_mmr_128,chunk,mmr,0.0,0.0,0.0,0.0,0.8226,1.0,124.0,1.0,1.0
4d3ab509099c11ebbdb0ac1f6bf848b6,chunk_mmr_128,chunk,mmr,0.0,0.0,0.0,0.0,0.675,1.0,120.0,1.0,1.0
4c319d400bde11eba7f7acde48001122,chunk_mmr_128,chunk,mmr,0.0,0.0,0.0,0.0,0.5935,0.5,123.0,1.0,1.0
b629226608d911ebbd9cac1f6bf848b6,chunk_mmr_128,chunk,mmr,0.0,0.0,0.0,0.0,0.0,0.0,127.0,1.0,1.0
dbf6cc6d090d11ebbdadac1f6bf848b6,chunk_mmr_128,chunk,mmr,1.0,1.0,1.0,1.0,0.7686,1.0,121.0,1.0,1.0
3c76b104085711ebbd5aac1f6bf848b6,chunk_mmr_128,chunk,mmr,1.0,1.0,1.0,1.0,0.4016,0.25,122.0,0.5,0.0
593d2a5a0bdd11eba7f7acde48001122,chunk_mmr_128,chunk,mmr,0.0,0.0,0.0,0.0,0.5897,0.5,117.0,0.5,0.0
97ce7fc0084a11ebbd56ac1f6bf848b6,chunk_mmr_128,chunk,mmr,1.0,1.0,1.0,1.0,0.6393,1.0,122.0,1.0,1.0
b64c031d087011ebbd63ac1f6bf848b6,chunk_mmr_128,chunk,mmr,0.0,0.0,1.0,1.0,0.3033,0.25,122.0,0.5,0.0
afabab100bdc11eba7f7acde48001122,chunk_mmr_128,chunk,mmr,0.0,0.0,0.0,0.0,0.2114,0.5,123.0,0.5,0.0
a4f57a360bda11eba7f7acde48001122,chunk_mmr_128,chunk,mmr,0.0,0.0,0.0,0.0,0.0,0.0,109.0,0.5,0.0
bfab161a0bda11eba7f7acde48001122,chunk_mmr_128,chunk,mmr,0.0,0.5,1.0,1.0,0.6911,1.0,123.0,1.0,1.0
818d01360bda11eba7f7acde48001122,chunk_mmr_128,chunk,mmr,0.0,0.0,0.0,0.0,0.4098,0.5,122.0,0.5,0.0
45df5d7c0bdb11eba7f7acde48001122,chunk_mmr_128,chunk,mmr,0.0,0.0,0.0,0.0,0.809,0.5,89.0,0.5,0.0
12c908fe096c11ebbdafac1f6bf848b6,chunk_mmr_128,chunk,mmr,0.0,0.0,0.0,0.0,1.0,1.0,118.0,1.0,1.0
3805416e0bde11eba7f7acde48001122,chunk_mmr_128,chunk,mmr,0.0,0.0,0.0,0.0,0.2302,0.5,126.0,0.5,0.0
92ca60080bdd11eba7f7acde48001122,chunk_mmr_128,chunk,mmr,0.0,0.0,0.0,0.5,0.7217,0.5,115.0,1.0,1.0
be9164e80bdd11eba7f7acde48001122,chunk_mmr_128,chunk,mmr,0.0,0.0,0.0,0.0,0.4094,0.5,127.0,0.5,0.0
74f331ee0bd911eba7f7acde48001122,chunk_mmr_128,chunk,mmr,0.0,0.0,0.0,0.0,0.0,0.0,117.0,1.0,1.0
1d50380c0bdd11eba7f7acde48001122,chunk_mmr_128,chunk,mmr,0.0,0.0,0.0,0.0,0.5185,0.5,108.0,0.5,0.0
72a501e40baf11ebab90acde48001122,chunk_mmr_128,chunk,mmr,0.0,0.0,0.0,0.0,0.5702,0.5,114.0,0.5,0.0
59a6e7020baf11ebab90acde48001122,chunk_mmr_128,chunk,mmr,0.0,0.2857,0.0,0.75,0.0,0.0,105.0,0.5,0.0
9fc45d75089811ebbd77ac1f6bf848b6,chunk_mmr_128,chunk,mmr,1.0,1.0,1.0,1.0,0.8175,1.0,126.0,1.0,1.0
c137025f086611ebbd5eac1f6bf848b6,chunk_mmr_128,chunk,mmr,1.0,1.0,1.0,1.0,0.2063,0.25,126.0,0.25,0.0
02ae4663095611ebbdaeac1f6bf848b6,chunk_mmr_128,chunk,mmr,1.0,1.0,1.0,1.0,1.0,1.0,114.0,1.0,1.0
42594134084f11ebbd56ac1f6bf848b6,chunk_mmr_128,chunk,mmr,0.0,0.0,1.0,1.0,0.2185,0.5,119.0,1.0,1.0
421ca5940bb011ebab90acde48001122,chunk_mmr_128,chunk,mmr,0.0,0.2222,0.0,0.8,0.5304,0.5,115.0,0.5,0.0
34c3dd940bde11eba7f7acde48001122,chunk_submod_128,chunk,submod,0.0,0.0,0.0,0.0,0.5111,0.5,90.0,1.0,1.0
a1c37dc40bdd11eba7f7acde48001122,chunk_submod_128,chunk,submod,0.0,0.0,0.0,0.0,0.2323,0.5,99.0,0.5,0.0
e051bd000bdb11eba7f7acde48001122,chunk_submod_128,chunk,submod,0.0,0.0,1.0,1.0,0.3465,0.5,101.0,0.5,0.0
f02d1c2208b811ebbd88ac1f6bf848b6,chunk_submod_128,chunk,submod,0.0,0.0,0.0,0.0,0.4444,0.5,126.0,0.75,0.0
782f0c160bd911eba7f7acde48001122,chunk_submod_128,chunk,submod,0.0,0.0,0.0,0.0,0.1719,0.5,128.0,0.5,0.0
21e70b7e0bde11eba7f7acde48001122,chunk_submod_128,chunk,submod,0.0,0.0,0.0,0.0,0.0,0.0,123.0,1.0,1.0
8d3d54ec0bdd11eba7f7acde48001122,chunk_submod_128,chunk,submod,0.0,0.0,0.0,0.0,0.4653,0.5,101.0,0.5,0.0
33bcd7ce0bda11eba7f7acde48001122,chunk_submod_128,chunk,submod,0.0,0.0,0.0,0.0,0.3645,0.5,107.0,0.5,0.0
249f9f060bda11eba7f7acde48001122,chunk_submod_128,chunk,submod,0.0,0.0,0.0,0.0,0.2477,0.5,109.0,0.5,0.0
45eb6a5408b611ebbd88ac1f6bf848b6,chunk_submod_128,chunk,submod,0.0,0.0,1.0,1.0,0.5842,0.5,101.0,0.5,0.0
5f02fdf2084f11ebbd56ac1f6bf848b6,chunk_submod_128,chunk,submod,0.0,0.0,0.0,0.0,0.4563,1.0,103.0,1.0,1.0
af356f7a0bd911eba7f7acde48001122,chunk_submod_128,chunk,submod,0.0,0.0,0.0,0.25,0.2881,0.5,118.0,0.5,0.0
dbca21a20bd911eba7f7acde48001122,chunk_submod_128,chunk,submod,0.0,0.0,0.0,0.0,0.1092,0.5,119.0,0.5,0.0
27d8ec30091f11ebbdaeac1f6bf848b6,chunk_submod_128,chunk,submod,1.0,1.0,1.0,1.0,0.6583,1.0,120.0,1.0,1.0
808f9f1808b111ebbd85ac1f6bf848b6,chunk_submod_128,chunk,submod,1.0,1.0,1.0,1.0,0.4579,1.0,107.0,1.0,1.0
d6b29805087b11ebbd69ac1f6bf848b6,chunk_submod_128,chunk,submod,0.0,0.0,0.0,0.0,0.6271,0.5,118.0,0.5,0.0
9b8278a20bdd11eba7f7acde48001122,chunk_submod_128,chunk,submod,0.0,0.0,0.0,0.0,0.5545,0.5,110.0,0.5,0.0
c99fc05e0bd911eba7f7acde48001122,chunk_submod_128,chunk,submod,0.0,0.0,0.0,0.0,0.375,0.5,112.0,0.5,0.0
60465ce2085411ebbd59ac1f6bf848b6,chunk_submod_128,chunk,submod,1.0,1.0,1.0,1.0,0.5981,0.5,107.0,0.5,0.0
3e0cebde0bd911eba7f7acde48001122,chunk_submod_128,chunk,submod,0.0,0.0,0.0,0.0,0.2718,0.5,103.0,0.5,0.0
3cddcc46086511ebbd5eac1f6bf848b6,chunk_submod_128,chunk,submod,1.0,1.0,1.0,1.0,0.5517,1.0,116.0,1.0,1.0
7f6e237109c411ebbdb0ac1f6bf848b6,chunk_submod_128,chunk,submod,0.0,0.0,0.0,0.0,0.4262,1.0,122.0,1.0,1.0
dc3a36a00bdd11eba7f7acde48001122,chunk_submod_128,chunk,submod,0.0,0.0,1.0,1.0,0.5492,0.5,122.0,0.5,0.0
09ede27e08fd11ebbdadac1f6bf848b6,chunk_submod_128,chunk,submod,0.0,0.0,0.0,0.0,0.5833,1.0,120.0,1.0,1.0
003285a80bde11eba7f7acde48001122,chunk_submod_128,chunk,submod,0.0,0.0,1.0,1.0,0.8537,1.0,123.0,1.0,1.0
0e2082e408d111ebbd95ac1f6bf848b6,chunk_submod_128,chunk,submod,0.0,0.0,0.0,0.0,0.5238,1.0,105.0,1.0,1.0
322178260bde11eba7f7acde48001122,chunk_submod_128,chunk,submod,0.0,0.0,0.0,0.0,0.3103,0.5,116.0,0.5,0.0
4c1772720bb011ebab90acde48001122,chunk_submod_128,chunk,submod,0.0,0.2,0.0,0.5,0.2155,0.5,116.0,0.5,0.0
adf59bec0bdb11eba7f7acde48001122,chunk_submod_128,chunk,submod,0.0,0.2857,0.0,0.3333,0.4037,0.5,109.0,0.5,0.0
136c700c089611ebbd76ac1f6bf848b6,chunk_submod_128,chunk,submod,1.0,1.0,1.0,1.0,0.1765,0.5,119.0,1.0,1.0
6b2ad6600bdb11eba7f7acde48001122,chunk_submod_128,chunk,submod,0.0,0.0,1.0,1.0,0.6559,1.0,93.0,1.0,1.0
e6a4ff4c0bda11eba7f7acde48001122,chunk_submod_128,chunk,submod,0.0,0.0,0.0,0.3333,0.4688,0.5,96.0,0.5,0.0
a163b2d1087d11ebbd6bac1f6bf848b6,chunk_submod_128,chunk,submod,0.0,0.0,1.0,1.0,0.8047,1.0,128.0,1.0,1.0
be851b660bdd11eba7f7acde48001122,chunk_submod_128,chunk,submod,0.0,0.0,0.0,0.0,0.4811,0.5,106.0,1.0,1.0
fbc352ec0bae11ebab90acde48001122,chunk_submod_128,chunk,submod,0.0,0.1818,1.0,1.0,0.4034,1.0,119.0,1.0,1.0
041879d0093a11ebbdaeac1f6bf848b6,chunk_submod_128,chunk,submod,0.0,0.0,1.0,1.0,0.5932,1.0,118.0,1.0,1.0
8dcab52d092f11ebbdaeac1f6bf848b6,chunk_submod_128,chunk,submod,0.0,0.0,0.0,0.0,0.4435,1.0,124.0,1.0,1.0
6a765fc60bb011ebab90acde48001122,chunk_submod_128,chunk,submod,0.0,0.0,0.0,0.6667,0.5463,0.5,108.0,1.0,1.0
0c4973520bb011ebab90acde48001122,chunk_submod_128,chunk,submod,0.0,0.4444,0.0,1.0,0.1953,0.5,128.0,1.0,1.0
350ec8b80bde11eba7f7acde48001122,chunk_submod_128,chunk,submod,1.0,1.0,1.0,1.0,0.3902,1.0,123.0,1.0,1.0
16d7da20087911ebbd67ac1f6bf848b6,chunk_submod_128,chunk,submod,0.0,0.0,0.0,0.0,0.6346,1.0,104.0,1.0,1.0
d60529440baf11ebab90acde48001122,chunk_submod_128,chunk,submod,0.0,0.0,0.0,0.0,0.3143,0.5,105.0,0.5,0.0
400bf8800bde11eba7f7acde48001122,chunk_submod_128,chunk,submod,0.0,0.0,0.0,0.6667,0.4836,1.0,122.0,1.0,1.0
725dc29a0bda11eba7f7acde48001122,chunk_submod_128,chunk,submod,0.0,0.0,0.0,0.0,0.3131,0.5,99.0,0.5,0.0
c99c181e08b911ebbd88ac1f6bf848b6,chunk_submod_128,chunk,submod,1.0,1.0,1.0,1.0,0.623,0.5,122.0,0.5,0.0
1eeb91060bde11eba7f7acde48001122,chunk_submod_128,chunk,submod,1.0,1.0,1.0,1.0,0.7805,1.0,123.0,1.0,1.0
27944f240bdd11eba7f7acde48001122,chunk_submod_128,chunk,submod,1.0,1.0,0.0,0.0,0.312,0.5,125.0,0.5,0.0
0254eea408b911ebbd88ac1f6bf848b6,chunk_submod_128,chunk,submod,1.0,1.0,1.0,1.0,0.7951,1.0,122.0,1.0,1.0
f48667b80bda11eba7f7acde48001122,chunk_submod_128,chunk,submod,0.0,0.0,0.0,0.0,0.2417,0.5,120.0,0.5,0.0
8145e4de0baf11ebab90acde48001122,chunk_submod_128,chunk,submod,0.0,0.0,0.0,0.0,0.339,0.5,118.0,0.5,0.0
62ce8c8e0bde11eba7f7acde48001122,chunk_submod_128,chunk,submod,0.0,0.0,1.0,1.0,0.0,0.0,117.0,0.5,0.0
ae30933a088b11ebbd6fac1f6bf848b6,chunk_submod_128,chunk,submod,0.0,0.0,0.0,0.0,0.5385,0.5,91.0,0.5,0.0
7e3f262c0bd911eba7f7acde48001122,chunk_submod_128,chunk,submod,0.0,0.0,0.0,0.0,0.1301,0.5,123.0,0.5,0.0
fac0692508c111ebbd8bac1f6bf848b6,chunk_submod_128,chunk,submod,0.0,0.0,1.0,1.0,0.3884,1.0,121.0,1.0,1.0
21832f3c0bde11eba7f7acde48001122,chunk_submod_128,chunk,submod,0.0,0.0,0.0,0.0,0.0,0.0,107.0,1.0,1.0
6d1fa90e086711ebbd5eac1f6bf848b6,chunk_submod_128,chunk,submod,0.0,0.0,1.0,1.0,0.5319,1.0,94.0,1.0,1.0
566c1e2c08a811ebbd7fac1f6bf848b6,chunk_submod_128,chunk,submod,1.0,1.0,1.0,1.0,0.6404,0.5,114.0,0.5,0.0
8682d20708d311ebbd96ac1f6bf848b6,chunk_submod_128,chunk,submod,1.0,1.0,1.0,1.0,0.3984,0.5,123.0,0.5,0.0
33a140280bde11eba7f7acde48001122,chunk_submod_128,chunk,submod,0.0,0.0,0.0,0.0,0.3587,0.5,92.0,0.5,0.0
c6ac8fcc0bdd11eba7f7acde48001122,chunk_submod_128,chunk,submod,0.0,0.0,0.0,0.0,0.2583,0.5,120.0,1.0,1.0
ee559aaa08c211ebbd8cac1f6bf848b6,chunk_submod_128,chunk,submod,0.0,0.0,1.0,1.0,0.1681,0.25,119.0,0.5,0.0
17e3349208df11ebbd9fac1f6bf848b6,chunk_submod_128,chunk,submod,0.0,0.0,0.0,1.0,0.3689,1.0,122.0,1.0,1.0
beb3605c0bdd11eba7f7acde48001122,chunk_submod_128,chunk,submod,0.0,0.0,0.0,0.0,0.2083,0.5,120.0,0.5,0.0
fcdafe320bdb11eba7f7acde48001122,chunk_submod_128,chunk,submod,0.0,0.0,0.0,0.0,0.624,0.5,125.0,0.5,0.0
28669c5a0bdc11eba7f7acde48001122,chunk_submod_128,chunk,submod,0.0,0.0,0.0,0.0,0.6957,1.0,115.0,1.0,1.0
bd00729c0bdb11eba7f7acde48001122,chunk_submod_128,chunk,submod,0.0,0.0,1.0,1.0,0.4118,0.5,119.0,0.5,0.0
a9bdb2a4099a11ebbdb0ac1f6bf848b6,chunk_submod_128,chunk,submod,0.0,0.0,0.0,0.0,0.4153,1.0,118.0,1.0,1.0
1ec21fed08a511ebbd7dac1f6bf848b6,chunk_submod_128,chunk,submod,0.0,0.0,0.0,0.0,0.56,0.5,100.0,0.5,0.0
9a1b06b60bdb11eba7f7acde48001122,chunk_submod_128,chunk,submod,0.0,0.0,0.0,0.0,0.0943,0.5,106.0,0.5,0.0
c598b04f095211ebbdaeac1f6bf848b6,chunk_submod_128,chunk,submod,1.0,1.0,1.0,1.0,0.5889,1.0,90.0,1.0,1.0
5ead23420baf11ebab90acde48001122,chunk_submod_128,chunk,submod,0.0,0.0,1.0,1.0,0.5484,1.0,124.0,1.0,1.0
101a05820bdd11eba7f7acde48001122,chunk_submod_128,chunk,submod,0.0,0.0,0.0,0.3333,0.6325,0.5,117.0,0.5,0.0
0302950e096311ebbdafac1f6bf848b6,chunk_submod_128,chunk,submod,0.0,0.0,1.0,1.0,0.8407,1.0,113.0,1.0,1.0
016e72260bdc11eba7f7acde48001122,chunk_submod_128,chunk,submod,0.0,0.0,0.0,0.0,0.3,0.5,120.0,0.5,0.0
f2ff844c0bda11eba7f7acde48001122,chunk_submod_128,chunk,submod,0.0,0.5,0.0,0.5,0.3361,0.5,119.0,0.5,0.0
188e20a60bdb11eba7f7acde48001122,chunk_submod_128,chunk,submod,0.0,0.0,0.0,0.0,0.3359,0.5,128.0,0.5,0.0
fc26ee1c08d211ebbd96ac1f6bf848b6,chunk_submod_128,chunk,submod,1.0,1.0,1.0,1.0,0.6923,0.5,117.0,0.75,0.0
e95acdbc085f11ebbd5dac1f6bf848b6,chunk_submod_128,chunk,submod,0.0,0.0,0.0,0.5,0.5738,0.25,122.0,0.5,0.0
eeafddd00bdd11eba7f7acde48001122,chunk_submod_128,chunk,submod,1.0,1.0,1.0,1.0,0.6754,1.0,114.0,1.0,1.0
47219fad085111ebbd58ac1f6bf848b6,chunk_submod_128,chunk,submod,0.0,0.0,0.0,0.0,0.5397,1.0,126.0,1.0,1.0
c370b4540bd911eba7f7acde48001122,chunk_submod_128,chunk,submod,0.0,0.0,1.0,1.0,0.4113,1.0,124.0,1.0,1.0
2ba9b53c0bdc11eba7f7acde48001122,chunk_submod_128,chunk,submod,0.0,0.0,0.0,0.0,0.1786,0.5,112.0,0.5,0.0
a6202170089911ebbd77ac1f6bf848b6,chunk_submod_128,chunk,submod,1.0,1.0,0.0,0.0,0.1613,0.25,124.0,0.5,0.0
b7fa1522089911ebbd77ac1f6bf848b6,chunk_submod_128,chunk,submod,0.0,0.0,1.0,1.0,0.4492,0.5,118.0,0.5,0.0
2210c90b08c811ebbd91ac1f6bf848b6,chunk_submod_128,chunk,submod,0.0,0.0,0.0,0.0,0.5943,0.5,106.0,0.5,0.0
6bbe4cf80bd911eba7f7acde48001122,chunk_submod_128,chunk,submod,0.0,0.0,0.0,0.0,0.4907,0.5,108.0,0.5,0.0
01c9f7960bdb11eba7f7acde48001122,chunk_submod_128,chunk,submod,0.0,0.0,0.0,0.0,0.0,0.0,103.0,0.0,0.0
8894ca2808e111ebbda2ac1f6bf848b6,chunk_submod_128,chunk,submod,0.0,0.0,1.0,1.0,0.479,0.25,119.0,0.5,0.0
fd704fe00bdc11eba7f7acde48001122,chunk_submod_128,chunk,submod,0.0,0.0,0.0,0.0,0.5083,0.5,120.0,1.0,1.0
375e7e4408c611ebbd90ac1f6bf848b6,chunk_submod_128,chunk,submod,0.0,0.0,0.0,0.5,0.5514,0.5,107.0,0.5,0.0
b583abd20baf11ebab90acde48001122,chunk_submod_128,chunk,submod,0.0,0.0,0.0,0.5,0.0,0.0,92.0,0.5,0.0
f7a3d98a08ab11ebbd82ac1f6bf848b6,chunk_submod_128,chunk,submod,1.0,1.0,0.0,0.5,0.2456,0.5,114.0,0.5,0.0
61644425091011ebbdadac1f6bf848b6,chunk_submod_128,chunk,submod,1.0,1.0,1.0,1.0,0.4961,1.0,127.0,1.0,1.0
32edaabe0bb011ebab90acde48001122,chunk_submod_128,chunk,submod,0.0,0.0,0.0,0.5,0.0,0.0,96.0,0.5,0.0
002f12240bde11eba7f7acde48001122,chunk_submod_128,chunk,submod,0.0,0.0,0.0,0.0,0.2793,0.5,111.0,1.0,1.0
50d225540bde11eba7f7acde48001122,chunk_submod_128,chunk,submod,0.0,0.0,1.0,1.0,0.3056,0.5,108.0,0.5,0.0
17904a03087611ebbd67ac1f6bf848b6,chunk_submod_128,chunk,submod,1.0,1.0,1.0,1.0,0.595,0.5,121.0,0.5,0.0
5a4826b00bde11eba7f7acde48001122,chunk_submod_128,chunk,submod,1.0,1.0,1.0,1.0,0.7647,1.0,119.0,1.0,1.0
6dd9acf20bda11eba7f7acde48001122,chunk_submod_128,chunk,submod,0.0,0.0,0.0,0.0,0.1217,0.5,115.0,0.5,0.0
614eef2a0bde11eba7f7acde48001122,chunk_submod_128,chunk,submod,0.0,0.0,0.0,0.0,0.2571,0.5,105.0,0.5,0.0
73695ca80bda11eba7f7acde48001122,chunk_submod_128,chunk,submod,0.0,0.0,0.0,0.0,0.1263,0.5,95.0,0.5,0.0
150df73c086411ebbd5eac1f6bf848b6,chunk_submod_128,chunk,submod,1.0,1.0,1.0,1.0,0.3162,0.5,117.0,0.5,0.0
ac3e7fc3093711ebbdaeac1f6bf848b6,chunk_submod_128,chunk,submod,1.0,1.0,1.0,1.0,0.621,0.5,124.0,1.0,1.0
5cad7ed608a111ebbd79ac1f6bf848b6,chunk_submod_128,chunk,submod,0.0,0.0,0.0,0.6667,0.8017,1.0,116.0,1.0,1.0
172fd661094811ebbdaeac1f6bf848b6,chunk_submod_128,chunk,submod,0.0,0.0,1.0,1.0,0.479,1.0,119.0,1.0,1.0
222bd7ec0bdc11eba7f7acde48001122,chunk_submod_128,chunk,submod,0.0,0.0,0.0,0.0,0.2833,0.5,120.0,1.0,1.0
39c32aa2086411ebbd5eac1f6bf848b6,chunk_submod_128,chunk,submod,0.0,0.0,1.0,1.0,0.7031,1.0,128.0,1.0,1.0
7379ce100bdc11eba7f7acde48001122,chunk_submod_128,chunk,submod,0.0,0.0,0.0,0.0,0.2835,0.5,127.0,0.5,0.0
61e86d5a0bdc11eba7f7acde48001122,chunk_submod_128,chunk,submod,0.0,0.0,0.0,0.3333,0.2031,0.5,128.0,0.5,0.0
d05cc8bf08c911ebbd92ac1f6bf848b6,chunk_submod_128,chunk,submod,0.0,0.0,1.0,1.0,0.7455,0.5,110.0,0.5,0.0
408a8365085311ebbd59ac1f6bf848b6,chunk_submod_128,chunk,submod,0.0,0.0,0.0,0.0,0.15,0.25,100.0,0.25,0.0
eb18f7ac0baf11ebab90acde48001122,chunk_submod_128,chunk,submod,0.0,0.0,0.0,0.3333,0.0,0.0,120.0,0.5,0.0
0290cd840baf11ebab90acde48001122,chunk_submod_128,chunk,submod,0.0,0.0,1.0,1.0,0.8246,1.0,114.0,1.0,1.0
6ff41ad6087411ebbd67ac1f6bf848b6,chunk_submod_128,chunk,submod,1.0,1.0,1.0,1.0,0.7903,1.0,124.0,1.0,1.0
05dac2220bde11eba7f7acde48001122,chunk_submod_128,chunk,submod,0.0,0.0,1.0,1.0,0.5094,1.0,106.0,1.0,1.0
b1bb441b08e411ebbda4ac1f6bf848b6,chunk_submod_128,chunk,submod,1.0,1.0,1.0,1.0,0.2734,0.5,128.0,1.0,1.0
132a5430085d11ebbd5cac1f6bf848b6,chunk_submod_128,chunk,submod,0.0,0.0,0.0,0.0,0.2783,1.0,115.0,1.0,1.0
a664606d087e11ebbd6bac1f6bf848b6,chunk_submod_128,chunk,submod,1.0,1.0,1.0,1.0,0.6667,0.5,120.0,0.5,0.0
eec1dcfb08b911ebbd88ac1f6bf848b6,chunk_submod_128,chunk,submod,0.0,0.2857,1.0,1.0,0.7404,0.5,104.0,0.5,0.0
bc90ed3208a211ebbd7bac1f6bf848b6,chunk_submod_128,chunk,submod,0.0,0.0,1.0,1.0,0.8205,0.5,117.0,0.5,0.0
32c37ce40bdd11eba7f7acde48001122,chunk_submod_128,chunk,submod,0.0,0.0,1.0,1.0,0.5,0.5,98.0,0.5,0.0
0163c020087511ebbd67ac1f6bf848b6,chunk_submod_128,chunk,submod,1.0,1.0,1.0,1.0,0.7593,0.5,108.0,0.5,0.0
56d2ffcd08d811ebbd9aac1f6bf848b6,chunk_submod_128,chunk,submod,1.0,1.0,1.0,1.0,0.7797,0.5,118.0,0.5,0.0
dd5d3c540bdc11eba7f7acde48001122,chunk_submod_128,chunk,submod,0.0,0.0,0.0,0.0,0.2653,0.5,98.0,0.5,0.0
21d392780bda11eba7f7acde48001122,chunk_submod_128,chunk,submod,0.0,0.0,0.0,0.0,0.2931,0.5,116.0,0.5,0.0
ac2e1b900bdb11eba7f7acde48001122,chunk_submod_128,chunk,submod,0.0,0.0,0.0,0.3333,0.2857,0.5,105.0,0.5,0.0
95fc614a0bdd11eba7f7acde48001122,chunk_submod_128,chunk,submod,0.0,0.0,0.0,0.0,0.325,0.5,120.0,0.5,0.0
7a01a52a089c11ebbd78ac1f6bf848b6,chunk_submod_128,chunk,submod,1.0,1.0,1.0,1.0,0.5462,0.5,119.0,0.5,0.0
402d63d00bde11eba7f7acde48001122,chunk_submod_128,chunk,submod,0.0,0.0,0.0,0.0,0.2645,0.5,121.0,0.5,0.0
a5e6e806084911ebbd55ac1f6bf848b6,chunk_submod_128,chunk,submod,0.0,0.0,1.0,1.0,0.5122,0.5,123.0,0.5,0.0
7019886b093511ebbdaeac1f6bf848b6,chunk_submod_128,chunk,submod,0.0,0.0,1.0,1.0,0.4375,1.0,128.0,1.0,1.0
05ca361608a511ebbd7dac1f6bf848b6,chunk_submod_128,chunk,submod,0.0,0.0,0.0,0.5,0.5433,1.0,127.0,1.0,1.0
227adf2c086c11ebbd60ac1f6bf848b6,chunk_submod_128,chunk,submod,1.0,1.0,1.0,1.0,0.4688,0.5,128.0,0.5,0.0
35e09904086b11ebbd5fac1f6bf848b6,chunk_submod_128,chunk,submod,0.0,0.0,1.0,1.0,0.7245,0.5,98.0,0.5,0.0
cf357f9008cf11ebbd95ac1f6bf848b6,chunk_submod_128,chunk,submod,0.0,0.0,1.0,1.0,0.7009,1.0,117.0,1.0,1.0
9b59e0500baf11ebab90acde48001122,chunk_submod_128,chunk,submod,0.0,0.0,0.0,0.8,0.4639,0.5,97.0,0.5,0.0
c226acb1087e11ebbd6bac1f6bf848b6,chunk_submod_128,chunk,submod,0.0,0.0,0.0,0.0,0.3451,0.5,113.0,0.5,0.0
e5d416220bdd11eba7f7acde48001122,chunk_submod_128,chunk,submod,0.0,0.3333,0.0,0.3333,0.2137,0.5,117.0,1.0,1.0
97d4622f089f11ebbd78ac1f6bf848b6,chunk_submod_128,chunk,submod,1.0,1.0,1.0,1.0,0.5678,1.0,118.0,1.0,1.0
f36fd8e208b911ebbd88ac1f6bf848b6,chunk_submod_128,chunk,submod,1.0,1.0,1.0,1.0,0.5981,1.0,107.0,1.0,1.0
e1cfab340bda11eba7f7acde48001122,chunk_submod_128,chunk,submod,0.0,0.0,0.0,0.0,0.2778,0.5,126.0,0.5,0.0
51b179a20bd911eba7f7acde48001122,chunk_submod_128,chunk,submod,0.0,0.0,0.0,0.3333,0.3016,0.5,126.0,0.5,0.0
3f0a5317085d11ebbd5cac1f6bf848b6,chunk_submod_128,chunk,submod,0.0,0.0,1.0,1.0,0.5941,0.5,101.0,0.5,0.0
62a9691e0bb011ebab90acde48001122,chunk_submod_128,chunk,submod,0.0,0.0,0.0,0.4,0.4537,0.5,108.0,1.0,1.0
f329c007089011ebbd72ac1f6bf848b6,chunk_submod_128,chunk,submod,1.0,1.0,1.0,1.0,0.6552,0.5,116.0,0.5,0.0
66ce82ec0bdb11eba7f7acde48001122,chunk_submod_128,chunk,submod,0.0,0.0,0.0,0.0,0.6172,0.5,128.0,0.5,0.0
6605282808b811ebbd88ac1f6bf848b6,chunk_submod_128,chunk,submod,0.0,0.0,0.0,0.0,0.5,0.5,108.0,0.5,0.0
1865e1e40bdc11eba7f7acde48001122,chunk_submod_128,chunk,submod,0.0,0.0,0.0,0.0,0.2963,0.5,108.0,0.5,0.0
f0cba8e408cc11ebbd93ac1f6bf848b6,chunk_submod_128,chunk,submod,0.0,0.0,0.0,0.0,0.605,0.5,119.0,0.5,0.0
5b542d2c0bdb11eba7f7acde48001122,chunk_submod_128,chunk,submod,0.0,0.0,0.0,0.0,0.2188,0.5,96.0,0.5,0.0
b6ad2a6e0bdd11eba7f7acde48001122,chunk_submod_128,chunk,submod,0.0,0.0,0.0,0.0,0.3802,0.5,121.0,0.5,0.0
09945977084d11ebbd56ac1f6bf848b6,chunk_submod_128,chunk,submod,0.0,0.0,0.0,0.0,0.5586,1.0,111.0,1.0,1.0
f52b28400bdd11eba7f7acde48001122,chunk_submod_128,chunk,submod,0.0,0.8,0.0,0.6667,0.325,0.5,120.0,1.0,1.0
b01239cf086311ebbd5eac1f6bf848b6,chunk_submod_128,chunk,submod,0.0,0.0,0.0,0.5,0.6759,1.0,108.0,1.0,1.0
1f5901840bdc11eba7f7acde48001122,chunk_submod_128,chunk,submod,0.0,0.0,0.0,0.0,0.5122,0.5,123.0,0.5,0.0
2f1729d608c911ebbd92ac1f6bf848b6,chunk_submod_128,chunk,submod,1.0,1.0,1.0,1.0,0.4505,0.5,111.0,0.5,0.0
fbc3b82c0bae11ebab90acde48001122,chunk_submod_128,chunk,submod,0.0,0.25,0.0,0.25,0.4444,0.5,126.0,0.5,0.0
fd68c8f6085311ebbd59ac1f6bf848b6,chunk_submod_128,chunk,submod,0.0,0.0,0.0,0.0,0.5664,1.0,113.0,1.0,1.0
c240018708a311ebbd7cac1f6bf848b6,chunk_submod_128,chunk,submod,1.0,1.0,1.0,1.0,0.7766,1.0,94.0,1.0,1.0
0628ed440bde11eba7f7acde48001122,chunk_submod_128,chunk,submod,0.0,0.0,0.0,0.5,0.7521,1.0,121.0,1.0,1.0
54b3c3a60bdb11eba7f7acde48001122,chunk_submod_128,chunk,submod,0.0,0.0,0.0,0.0,0.2185,0.5,119.0,0.5,0.0
bbccb00a08c211ebbd8cac1f6bf848b6,chunk_submod_128,chunk,submod,0.0,0.0,0.0,0.0,0.1071,0.25,112.0,0.25,0.0
e67fed800bdd11eba7f7acde48001122,chunk_submod_128,chunk,submod,0.0,0.0,0.0,0.3333,0.4476,0.5,105.0,1.0,1.0
ace961ec0baf11ebab90acde48001122,chunk_submod_128,chunk,submod,0.0,0.0,0.0,0.0,0.3361,0.5,122.0,0.5,0.0
0f1f491c088611ebbd6dac1f6bf848b6,chunk_submod_128,chunk,submod,1.0,1.0,1.0,1.0,0.6559,1.0,93.0,1.0,1.0
e6998c7e08de11ebbd9fac1f6bf848b6,chunk_submod_128,chunk,submod,1.0,1.0,1.0,1.0,0.614,0.5,114.0,0.5,0.0
183402b6086511ebbd5eac1f6bf848b6,chunk_submod_128,chunk,submod,1.0,1.0,0.0,0.5556,0.16,0.25,125.0,0.5,0.0
f5e7f8f80bdd11eba7f7acde48001122,chunk_submod_128,chunk,submod,0.0,0.0,0.0,0.0,0.4701,0.5,117.0,0.5,0.0
d4a90752086a11ebbd5fac1f6bf848b6,chunk_submod_128,chunk,submod,1.0,1.0,0.0,0.0,0.5714,1.0,98.0,1.0,1.0
507b477408d811ebbd9aac1f6bf848b6,chunk_submod_128,chunk,submod,1.0,1.0,1.0,1.0,0.6417,1.0,120.0,1.0,1.0
6e2336660bde11eba7f7acde48001122,chunk_submod_128,chunk,submod,0.0,0.0,0.0,0.0,0.2381,0.5,126.0,1.0,1.0
9b1655a108e511ebbda4ac1f6bf848b6,chunk_submod_128,chunk,submod,0.0,0.0,0.0,0.0,0.6577,1.0,111.0,1.0,1.0
553ff092097f11ebbdb0ac1f6bf848b6,chunk_submod_128,chunk,submod,0.0,0.0,1.0,1.0,0.2617,1.0,107.0,1.0,1.0
6f0bdd140bdc11eba7f7acde48001122,chunk_submod_128,chunk,submod,0.0,0.0,0.0,0.0,0.374,0.5,123.0,0.5,0.0
2f3b107c0bde11eba7f7acde48001122,chunk_submod_128,chunk,submod,0.0,0.0,0.0,0.0,0.0,0.0,96.0,0.5,0.0
462bb642099211ebbdb0ac1f6bf848b6,chunk_submod_128,chunk,submod,0.0,0.0,0.0,0.0,0.6163,1.0,86.0,1.0,1.0
fc28c2e80bdc11eba7f7acde48001122,chunk_submod_128,chunk,submod,0.0,0.0,0.0,0.0,0.0,0.0,112.0,0.5,0.0
3889ebc80bdc11eba7f7acde48001122,chunk_submod_128,chunk,submod,0.0,0.0,0.0,0.0,0.2705,0.5,122.0,0.5,0.0
ce0a4f9408eb11ebbda7ac1f6bf848b6,chunk_submod_128,chunk,submod,0.0,0.0,0.0,0.0,0.3333,1.0,120.0,1.0,1.0
3ed396b0087f11ebbd6bac1f6bf848b6,chunk_submod_128,chunk,submod,0.0,0.0,1.0,1.0,0.7131,0.5,122.0,0.5,0.0
7e3574e8093c11ebbdaeac1f6bf848b6,chunk_submod_128,chunk,submod,1.0,1.0,1.0,1.0,0.0,0.0,113.0,0.5,0.0
80c2cafa08d911ebbd9cac1f6bf848b6,chunk_submod_128,chunk,submod,0.0,0.0,0.0,0.0,0.4188,0.5,117.0,0.5,0.0
bc702d440baf11ebab90acde48001122,chunk_submod_128,chunk,submod,0.0,0.0,0.0,0.5,0.4057,0.5,106.0,0.5,0.0
56f73ba60baf11ebab90acde48001122,chunk_submod_128,chunk,submod,0.0,0.6667,0.0,1.0,0.2031,0.5,128.0,1.0,1.0
6dd2e77a0bb011ebab90acde48001122,chunk_submod_128,chunk,submod,0.0,0.0,0.0,0.0,0.2703,0.5,111.0,0.5,0.0
5fdf9c8008b311ebbd86ac1f6bf848b6,chunk_submod_128,chunk,submod,1.0,1.0,1.0,1.0,0.4146,1.0,123.0,1.0,1.0
65884aca0baf11ebab90acde48001122,chunk_submod_128,chunk,submod,0.0,0.0,0.0,0.3333,0.0,0.0,109.0,0.5,0.0
416e88500bde11eba7f7acde48001122,chunk_submod_128,chunk,submod,0.0,0.0,0.0,0.6,0.4579,0.5,107.0,0.5,0.0
e715b66708be11ebbd8aac1f6bf848b6,chunk_submod_128,chunk,submod,0.0,0.0,0.0,0.0,0.219,0.5,105.0,0.5,0.0
41edeed3085b11ebbd5cac1f6bf848b6,chunk_submod_128,chunk,submod,0.0,0.0,0.0,0.0,0.6273,1.0,110.0,1.0,1.0
a346f150089811ebbd77ac1f6bf848b6,chunk_submod_128,chunk,submod,0.0,0.0,0.0,0.9,0.7823,0.75,124.0,0.75,0.0
600eac52085c11ebbd5cac1f6bf848b6,chunk_submod_128,chunk,submod,1.0,1.0,1.0,1.0,0.8583,0.5,127.0,0.5,0.0
6f7115240bde11eba7f7acde48001122,chunk_submod_128,chunk,submod,0.0,0.0,0.0,0.0,0.2396,0.5,96.0,0.5,0.0
c1b112a00baf11ebab90acde48001122,chunk_submod_128,chunk,submod,0.0,0.0,0.0,0.0,0.6471,0.5,119.0,0.5,0.0
371c1d5e0bde11eba7f7acde48001122,chunk_submod_128,chunk,submod,0.0,0.0,0.0,0.0,0.5263,0.5,114.0,0.5,0.0
69e65bfb08d711ebbd9aac1f6bf848b6,chunk_submod_128,chunk,submod,1.0,1.0,1.0,1.0,0.1573,0.25,89.0,0.5,0.0
dd01c8180bd911eba7f7acde48001122,chunk_submod_128,chunk,submod,0.0,0.0,0.0,0.0,0.4825,1.0,114.0,1.0,1.0
ab94845c0baf11ebab90acde48001122,chunk_submod_128,chunk,submod,0.0,0.0,0.0,0.0,0.3651,0.5,126.0,0.5,0.0
6434ea6708eb11ebbda7ac1f6bf848b6,chunk_submod_128,chunk,submod,0.0,0.0,0.0,0.0,0.5728,1.0,103.0,1.0,1.0
57df2e7e0bb011ebab90acde48001122,chunk_submod_128,chunk,submod,0.0,0.0,0.0,0.0,0.378,0.5,127.0,0.5,0.0
4313e1320bde11eba7f7acde48001122,chunk_submod_128,chunk,submod,0.0,0.0,0.0,0.0,0.3559,0.5,118.0,0.5,0.0
6f1c59360bdd11eba7f7acde48001122,chunk_submod_128,chunk,submod,0.0,0.0,0.0,0.0,0.2857,0.5,105.0,0.5,0.0
3cd45771086e11ebbd62ac1f6bf848b6,chunk_submod_128,chunk,submod,1.0,1.0,0.0,0.0,0.2617,1.0,107.0,1.0,1.0
b3e0284c087011ebbd63ac1f6bf848b6,chunk_submod_128,chunk,submod,1.0,1.0,1.0,1.0,0.5739,0.5,115.0,1.0,1.0
0db3321208d311ebbd96ac1f6bf848b6,chunk_submod_128,chunk,submod,1.0,1.0,1.0,1.0,0.3947,1.0,114.0,1.0,1.0
09c3e79c0bde11eba7f7acde48001122,chunk_submod_128,chunk,submod,0.0,0.0,0.0,0.0,0.2273,0.5,110.0,0.5,0.0
49409db4093711ebbdaeac1f6bf848b6,chunk_submod_128,chunk,submod,0.0,0.0,0.0,0.6667,0.4955,1.0,111.0,1.0,1.0
e476b380090c11ebbdadac1f6bf848b6,chunk_submod_128,chunk,submod,0.0,0.0,1.0,1.0,0.3737,0.5,99.0,1.0,1.0
ba07c82908e411ebbda4ac1f6bf848b6,chunk_submod_128,chunk,submod,1.0,1.0,1.0,1.0,0.6863,1.0,102.0,1.0,1.0
5410b503086c11ebbd61ac1f6bf848b6,chunk_submod_128,chunk,submod,0.0,0.4,0.0,0.5,0.8614,1.0,101.0,1.0,1.0
accfdb580bd911eba7f7acde48001122,chunk_submod_128,chunk,submod,0.0,0.0,0.0,0.0,0.5789,1.0,114.0,1.0,1.0
5ed727980bda11eba7f7acde48001122,chunk_submod_128,chunk,submod,0.0,0.0,0.0,0.0,0.0,0.0,83.0,0.5,0.0
08d7d0d20bde11eba7f7acde48001122,chunk_submod_128,chunk,submod,0.0,0.0,0.0,0.0,0.5263,1.0,114.0,1.0,1.0
9f9460460bdc11eba7f7acde48001122,chunk_submod_128,chunk,submod,0.0,0.0,0.0,0.0,0.3393,0.5,112.0,1.0,1.0
d7af391708bb11ebbd88ac1f6bf848b6,chunk_submod_128,chunk,submod,0.0,0.0,0.0,0.0,0.703,0.5,101.0,0.5,0.0
f2abc5580bdc11eba7f7acde48001122,chunk_submod_128,chunk,submod,0.0,0.0,0.0,0.0,0.7333,0.5,75.0,1.0,1.0
5839dbac0bde11eba7f7acde48001122,chunk_submod_128,chunk,submod,0.0,0.0,0.0,0.0,0.2149,0.5,121.0,0.5,0.0
26d0b2f2085511ebbd59ac1f6bf848b6,chunk_submod_128,chunk,submod,0.0,0.0,1.0,1.0,0.8302,1.0,106.0,1.0,1.0
6b10f275096011ebbdafac1f6bf848b6,chunk_submod_128,chunk,submod,0.0,0.0,1.0,1.0,0.661,1.0,118.0,1.0,1.0
84414bf00bb011ebab90acde48001122,chunk_submod_128,chunk,submod,0.0,0.0,0.0,0.3333,0.3545,0.5,110.0,1.0,1.0
bedf588e0baf11ebab90acde48001122,chunk_submod_128,chunk,submod,0.0,0.0,0.0,0.5,0.3025,0.5,119.0,0.5,0.0
3101726e0bdb11eba7f7acde48001122,chunk_submod_128,chunk,submod,0.0,0.0,0.0,0.0,0.1404,0.5,114.0,0.5,0.0
6e88d85e0bde11eba7f7acde48001122,chunk_submod_128,chunk,submod,0.0,0.0,0.0,0.0,1.0,1.0,118.0,1.0,1.0
597a6ac20bd911eba7f7acde48001122,chunk_submod_128,chunk,submod,0.0,0.0,0.0,0.0,0.8065,0.5,93.0,0.5,0.0
0c4804540bb011ebab90acde48001122,chunk_submod_128,chunk,submod,0.0,0.0,0.0,0.75,0.3504,1.0,117.0,1.0,1.0
76b617e40bde11eba7f7acde48001122,chunk_submod_128,chunk,submod,0.0,0.0,0.0,0.6667,0.0,0.0,107.0,0.5,0.0
2b9500fe0bde11eba7f7acde48001122,chunk_submod_128,chunk,submod,0.0,0.0,1.0,1.0,0.5745,1.0,94.0,1.0,1.0
2acf91800bdd11eba7f7acde48001122,chunk_submod_128,chunk,submod,0.0,0.0,0.0,0.0,0.3047,0.5,128.0,0.5,0.0
6875b330086711ebbd5eac1f6bf848b6,chunk_submod_128,chunk,submod,1.0,1.0,0.0,0.75,0.5575,0.5,113.0,0.5,0.0
1332d0ca0bdb11eba7f7acde48001122,chunk_submod_128,chunk,submod,0.0,0.0,0.0,0.0,0.287,0.5,108.0,0.5,0.0
39aec54808ab11ebbd81ac1f6bf848b6,chunk_submod_128,chunk,submod,1.0,1.0,1.0,1.0,0.6903,0.5,113.0,0.75,0.0
4fb9d00c0bdb11eba7f7acde48001122,chunk_submod_128,chunk,submod,0.0,0.0,0.0,0.0,0.2323,0.5,99.0,0.5,0.0
64ed06f40bdd11eba7f7acde48001122,chunk_submod_128,chunk,submod,0.0,0.0,0.0,0.0,0.0,0.0,124.0,0.5,0.0
de95e2e408ad11ebbd83ac1f6bf848b6,chunk_submod_128,chunk,submod,0.0,0.0,0.0,0.0,0.2846,0.5,123.0,0.5,0.0
214beb5e0bb011ebab90acde48001122,chunk_submod_128,chunk,submod,0.0,0.0,0.0,0.0,0.2167,0.5,120.0,0.5,0.0
8cdc97de0bdc11eba7f7acde48001122,chunk_submod_128,chunk,submod,0.0,0.8,1.0,1.0,0.6033,1.0,121.0,1.0,1.0
5be3d2e7089411ebbd75ac1f6bf848b6,chunk_submod_128,chunk,submod,1.0,1.0,1.0,1.0,1.0,0.5,128.0,0.5,0.0
e9b332fd089811ebbd77ac1f6bf848b6,chunk_submod_128,chunk,submod,0.0,0.0,1.0,1.0,0.8189,1.0,127.0,1.0,1.0
bdacec5e085f11ebbd5dac1f6bf848b6,chunk_submod_128,chunk,submod,0.0,0.0,1.0,1.0,0.7018,0.5,114.0,0.5,0.0
2d319a460bdc11eba7f7acde48001122,chunk_submod_128,chunk,submod,0.0,0.0,0.0,0.0,0.3739,0.5,115.0,0.5,0.0
bb965c8508af11ebbd83ac1f6bf848b6,chunk_submod_128,chunk,submod,1.0,1.0,1.0,1.0,0.3701,0.25,127.0,0.5,0.0
78ba517c0bd911eba7f7acde48001122,chunk_submod_128,chunk,submod,0.0,0.0,0.0,0.5,0.464,1.0,125.0,1.0,1.0
f5648762086711ebbd5eac1f6bf848b6,chunk_submod_128,chunk,submod,1.0,1.0,1.0,1.0,0.811,0.5,127.0,0.5,0.0
fa7ad32b093411ebbdaeac1f6bf848b6,chunk_submod_128,chunk,submod,0.0,0.0,0.0,0.6667,0.161,0.5,118.0,0.5,0.0
0c818a160bde11eba7f7acde48001122,chunk_submod_128,chunk,submod,0.0,0.0,0.0,0.0,0.4444,0.5,99.0,0.5,0.0
803a31b9089d11ebbd78ac1f6bf848b6,chunk_submod_128,chunk,submod,0.0,0.0,0.0,0.0,0.6532,0.75,124.0,0.75,0.0
75fbf09a08c711ebbd91ac1f6bf848b6,chunk_submod_128,chunk,submod,0.0,0.0,0.0,0.0,0.0952,0.25,126.0,0.25,0.0
070e4d940bde11eba7f7acde48001122,chunk_submod_128,chunk,submod,0.0,0.0,1.0,1.0,0.4622,1.0,119.0,1.0,1.0
ef0db64a08f311ebbdaaac1f6bf848b6,chunk_submod_128,chunk,submod,0.0,0.0,0.0,0.0,0.5862,1.0,116.0,1.0,1.0
a2745ec4085d11ebbd5cac1f6bf848b6,chunk_submod_128,chunk,submod,0.0,0.0,0.0,0.0,0.8852,0.5,122.0,1.0,1.0
86a396ba0bdc11eba7f7acde48001122,chunk_submod_128,chunk,submod,0.0,0.0,0.0,0.0,0.1947,0.5,113.0,0.5,0.0
99e45ebc08e411ebbda4ac1f6bf848b6,chunk_submod_128,chunk,submod,1.0,1.0,0.0,0.75,0.7107,0.5,121.0,0.5,0.0
bf514e0208db11ebbd9cac1f6bf848b6,chunk_submod_128,chunk,submod,0.0,0.0,1.0,1.0,0.693,0.5,114.0,0.5,0.0
e64faf900baf11ebab90acde48001122,chunk_submod_128,chunk,submod,0.0,0.0,0.0,0.5,0.0,0.0,100.0,0.5,0.0
2eb4b1040bb011ebab90acde48001122,chunk_submod_128,chunk,submod,0.0,0.3636,0.0,0.4,0.0,0.0,89.0,0.5,0.0
6f0a6a5e0bde11eba7f7acde48001122,chunk_submod_128,chunk,submod,0.0,0.0,0.0,0.0,0.581,0.5,105.0,1.0,1.0
c4b2a1660bdd11eba7f7acde48001122,chunk_submod_128,chunk,submod,0.0,0.0,0.0,0.0,0.4052,1.0,116.0,1.0,1.0
45153f740bdb11eba7f7acde48001122,chunk_submod_128,chunk,submod,0.0,0.0,0.0,0.0,0.2593,0.5,108.0,1.0,1.0
53d6ad2a0bb011ebab90acde48001122,chunk_submod_128,chunk,submod,0.0,0.0,0.0,0.0,0.2931,0.5,116.0,1.0,1.0
be1e5c620bda11eba7f7acde48001122,chunk_submod_128,chunk,submod,0.0,0.0,0.0,0.0,0.2903,0.5,124.0,1.0,1.0
e2537e7808ab11ebbd82ac1f6bf848b6,chunk_submod_128,chunk,submod,0.0,0.0,1.0,1.0,0.3858,0.25,127.0,0.5,0.0
3b63d2fe089511ebbd75ac1f6bf848b6,chunk_submod_128,chunk,submod,0.0,0.0,0.0,0.0,0.434,0.5,106.0,1.0,1.0
e46c530a0bae11ebab90acde48001122,chunk_submod_128,chunk,submod,0.0,0.0,0.0,0.0,0.2581,0.5,124.0,0.5,0.0
16e1bf00088511ebbd6dac1f6bf848b6,chunk_submod_128,chunk,submod,0.0,0.0,0.0,0.0,0.675,0.5,120.0,0.5,0.0
6a23ecc8089f11ebbd78ac1f6bf848b6,chunk_submod_128,chunk,submod,1.0,1.0,0.0,0.25,0.2328,0.25,116.0,0.5,0.0
1dbdfcea0bdb11eba7f7acde48001122,chunk_submod_128,chunk,submod,0.0,0.0,0.0,0.0,0.1129,0.5,124.0,0.5,0.0
d35ce724089911ebbd77ac1f6bf848b6,chunk_submod_128,chunk,submod,1.0,1.0,1.0,1.0,0.7358,1.0,106.0,1.0,1.0
f4e8557c085b11ebbd5cac1f6bf848b6,chunk_submod_128,chunk,submod,1.0,1.0,0.0,0.0,0.283,0.25,106.0,0.25,0.0
870142580bda11eba7f7acde48001122,chunk_submod_128,chunk,submod,0.0,0.0,0.0,0.0,0.5408,0.5,98.0,0.5,0.0
be9369c80bdd11eba7f7acde48001122,chunk_submod_128,chunk,submod,0.0,0.0,0.0,0.0,0.2281,0.5,114.0,0.5,0.0
5ff291a80bda11eba7f7acde48001122,chunk_submod_128,chunk,submod,0.0,0.0,0.0,0.0,0.2835,0.5,127.0,0.5,0.0
0c13a2ca088811ebbd6eac1f6bf848b6,chunk_submod_128,chunk,submod,1.0,1.0,1.0,1.0,0.7458,0.5,118.0,0.5,0.0
259721a608e511ebbda4ac1f6bf848b6,chunk_submod_128,chunk,submod,1.0,1.0,1.0,1.0,0.5818,0.5,110.0,0.5,0.0
6ab2c3860baf11ebab90acde48001122,chunk_submod_128,chunk,submod,0.0,0.0,0.0,0.5,0.1828,0.5,93.0,0.5,0.0
3a47b9960bdb11eba7f7acde48001122,chunk_submod_128,chunk,submod,0.0,0.0,0.0,0.0,0.3115,0.5,122.0,0.5,0.0
ff36cddc08c011ebbd8aac1f6bf848b6,chunk_submod_128,chunk,submod,1.0,1.0,1.0,1.0,0.6504,0.5,123.0,0.5,0.0
721f557a0bdd11eba7f7acde48001122,chunk_submod_128,chunk,submod,0.0,0.0,1.0,1.0,0.1546,0.5,97.0,0.5,0.0
3dd414d2095211ebbdaeac1f6bf848b6,chunk_submod_128,chunk,submod,0.0,0.0,0.0,0.0,0.4407,0.5,118.0,0.5,0.0
ea755618087311ebbd67ac1f6bf848b6,chunk_submod_128,chunk,submod,1.0,1.0,0.0,0.8,0.6033,0.5,121.0,0.5,0.0
49eaffb0089411ebbd75ac1f6bf848b6,chunk_submod_128,chunk,submod,1.0,1.0,1.0,1.0,0.7545,0.5,110.0,0.5,0.0
de7b90800bdd11eba7f7acde48001122,chunk_submod_128,chunk,submod,1.0,1.0,1.0,1.0,0.2632,0.5,114.0,0.5,0.0
0bc8838a0bda11eba7f7acde48001122,chunk_submod_128,chunk,submod,0.0,0.3333,0.0,0.3333,0.3678,0.5,87.0,1.0,1.0
f9563b3a0bdd11eba7f7acde48001122,chunk_submod_128,chunk,submod,0.0,0.0,0.0,0.0,0.1484,0.5,128.0,0.5,0.0
47cc27fa08bb11ebbd88ac1f6bf848b6,chunk_submod_128,chunk,submod,1.0,1.0,1.0,1.0,0.5159,1.0,126.0,1.0,1.0
85cc412008b611ebbd88ac1f6bf848b6,chunk_submod_128,chunk,submod,0.0,0.0,0.0,0.0,0.5888,0.5,107.0,0.5,0.0
0a59ce0a08b711ebbd88ac1f6bf848b6,chunk_submod_128,chunk,submod,0.0,0.0,0.0,0.0,0.4215,1.0,121.0,1.0,1.0
72f602e60bb011ebab90acde48001122,chunk_submod_128,chunk,submod,0.0,0.0,1.0,1.0,0.1754,0.5,114.0,1.0,1.0
ae585fc20bd911eba7f7acde48001122,chunk_submod_128,chunk,submod,0.0,0.0,0.0,0.0,0.0,0.0,106.0,0.5,0.0
1c0f99380bdd11eba7f7acde48001122,chunk_submod_128,chunk,submod,0.0,0.0,0.0,0.0,0.3017,0.5,116.0,0.5,0.0
b534d99e098111ebbdb0ac1f6bf848b6,chunk_submod_128,chunk,submod,1.0,1.0,1.0,1.0,0.625,0.5,112.0,1.0,1.0
406a4ee00bb011ebab90acde48001122,chunk_submod_128,chunk,submod,0.0,0.0,0.0,0.0,0.3168,0.5,101.0,0.5,0.0
48d89aea0bd911eba7f7acde48001122,chunk_submod_128,chunk,submod,0.0,0.0,0.0,0.0,0.3833,0.5,120.0,0.5,0.0
ece1bdae0bdb11eba7f7acde48001122,chunk_submod_128,chunk,submod,0.0,0.0,0.0,0.0,0.5481,0.5,104.0,0.5,0.0
ddbc0f6c0bdd11eba7f7acde48001122,chunk_submod_128,chunk,submod,0.0,0.0,0.0,0.0,0.439,0.5,123.0,1.0,1.0
168d081a0bb011ebab90acde48001122,chunk_submod_128,chunk,submod,0.0,0.0,0.0,0.75,0.4531,1.0,128.0,1.0,1.0
677658e80bde11eba7f7acde48001122,chunk_submod_128,chunk,submod,0.0,0.0,0.0,0.0,0.0,0.0,109.0,0.0,0.0
a994c54e0bdd11eba7f7acde48001122,chunk_submod_128,chunk,submod,0.0,0.0,0.0,0.0,0.3056,0.5,108.0,0.5,0.0
3b17c11308f011ebbda8ac1f6bf848b6,chunk_submod_128,chunk,submod,1.0,1.0,1.0,1.0,0.6614,1.0,127.0,1.0,1.0
552ac62c089311ebbd74ac1f6bf848b6,chunk_submod_128,chunk,submod,0.0,0.0,1.0,1.0,0.6172,1.0,128.0,1.0,1.0
6cfe1e5408ac11ebbd83ac1f6bf848b6,chunk_submod_128,chunk,submod,0.0,0.0,0.0,0.0,0.2212,0.25,104.0,0.75,0.0
695c85a1086a11ebbd5fac1f6bf848b6,chunk_submod_128,chunk,submod,0.0,0.0,1.0,1.0,0.5447,0.5,123.0,0.5,0.0
abf4c578090811ebbdadac1f6bf848b6,chunk_submod_128,chunk,submod,1.0,1.0,1.0,1.0,0.3667,1.0,120.0,1.0,1.0
eeea54e0085611ebbd59ac1f6bf848b6,chunk_submod_128,chunk,submod,1.0,1.0,1.0,1.0,0.6538,0.5,104.0,0.5,0.0
a400ea0a0bdc11eba7f7acde48001122,chunk_submod_128,chunk,submod,0.0,0.0,0.0,0.0,0.1825,0.5,126.0,0.5,0.0
6181829c0bb011ebab90acde48001122,chunk_submod_128,chunk,submod,0.0,0.0,0.0,0.6,0.3966,0.5,116.0,0.5,0.0
c74ed73b088d11ebbd70ac1f6bf848b6,chunk_submod_128,chunk,submod,1.0,1.0,1.0,1.0,1.0,0.5,99.0,0.5,0.0
61cc91aa088c11ebbd6fac1f6bf848b6,chunk_submod_128,chunk,submod,1.0,1.0,1.0,1.0,0.6106,0.5,113.0,0.75,0.0
d16aef420bda11eba7f7acde48001122,chunk_submod_128,chunk,submod,0.0,0.0,0.0,0.0,0.4404,0.5,109.0,0.5,0.0
632cef18089111ebbd73ac1f6bf848b6,chunk_submod_128,chunk,submod,0.0,0.0,1.0,1.0,0.58,0.5,100.0,0.5,0.0
67d902140bb011ebab90acde48001122,chunk_submod_128,chunk,submod,0.0,0.0,0.0,0.0,0.3505,0.5,97.0,1.0,1.0
df25946e08b211ebbd85ac1f6bf848b6,chunk_submod_128,chunk,submod,0.0,0.0,1.0,1.0,0.416,0.5,125.0,0.5,0.0
2a688326089c11ebbd78ac1f6bf848b6,chunk_submod_128,chunk,submod,1.0,1.0,1.0,1.0,0.4609,0.5,115.0,0.5,0.0
d7281cbe0baf11ebab90acde48001122,chunk_submod_128,chunk,submod,0.0,0.0,0.0,0.0,0.5778,0.5,90.0,0.5,0.0
0507b29d088c11ebbd6fac1f6bf848b6,chunk_submod_128,chunk,submod,1.0,1.0,1.0,1.0,0.6429,1.0,112.0,1.0,1.0
f4c82ea208a411ebbd7dac1f6bf848b6,chunk_submod_128,chunk,submod,0.0,0.0,0.0,0.0,0.5574,0.5,122.0,0.5,0.0
177e0eda0bde11eba7f7acde48001122,chunk_submod_128,chunk,submod,0.0,0.0,0.0,0.0,0.4677,0.5,124.0,0.5,0.0
cba75d3408ce11ebbd94ac1f6bf848b6,chunk_submod_128,chunk,submod,0.0,0.0,0.0,0.0,0.4407,1.0,118.0,1.0,1.0
650ae56108b911ebbd88ac1f6bf848b6,chunk_submod_128,chunk,submod,0.0,0.0,0.0,0.0,0.3889,0.25,108.0,0.5,0.0
3bee1660089911ebbd77ac1f6bf848b6,chunk_submod_128,chunk,submod,1.0,1.0,1.0,1.0,0.3889,0.5,126.0,0.5,0.0
befbd60c0bdd11eba7f7acde48001122,chunk_submod_128,chunk,submod,0.0,0.0,0.0,0.0,0.2913,1.0,127.0,1.0,1.0
d94b8e3708e911ebbda7ac1f6bf848b6,chunk_submod_128,chunk,submod,1.0,1.0,0.0,0.75,0.2583,1.0,120.0,1.0,1.0
51c970e6097111ebbdb0ac1f6bf848b6,chunk_submod_128,chunk,submod,0.0,0.0,0.0,0.0,0.6667,1.0,105.0,1.0,1.0
ba08756a0bdd11eba7f7acde48001122,chunk_submod_128,chunk,submod,0.0,0.0,0.0,0.0,0.5294,0.5,85.0,1.0,1.0
2e28a87e0bda11eba7f7acde48001122,chunk_submod_128,chunk,submod,0.0,0.0,0.0,0.0,0.4876,0.5,121.0,0.5,0.0
2164ef1e0bdd11eba7f7acde48001122,chunk_submod_128,chunk,submod,0.0,0.0,0.0,0.0,0.4672,0.5,122.0,0.5,0.0
83aacaf008ee11ebbda8ac1f6bf848b6,chunk_submod_128,chunk,submod,0.0,0.0,1.0,1.0,0.6,1.0,120.0,1.0,1.0
cc93bb5c090711ebbdadac1f6bf848b6,chunk_submod_128,chunk,submod,1.0,1.0,1.0,1.0,0.2812,1.0,96.0,1.0,1.0
7aa58f360bdb11eba7f7acde48001122,chunk_submod_128,chunk,submod,0.0,0.0,0.0,0.0,0.184,0.5,125.0,0.5,0.0
b9e30a520bdb11eba7f7acde48001122,chunk_submod_128,chunk,submod,0.0,0.0,0.0,0.0,0.6768,0.5,99.0,1.0,1.0
64f1e5e9086d11ebbd62ac1f6bf848b6,chunk_submod_128,chunk,submod,0.0,0.2857,1.0,1.0,0.124,0.25,121.0,0.5,0.0
7257a60608cb11ebbd92ac1f6bf848b6,chunk_submod_128,chunk,submod,0.0,0.0,1.0,1.0,0.767,0.5,103.0,0.5,0.0
d2c7402008bf11ebbd8aac1f6bf848b6,chunk_submod_128,chunk,submod,0.0,0.0,0.0,0.0,0.181,0.25,116.0,0.5,0.0
17ec5f82095d11ebbdaeac1f6bf848b6,chunk_submod_128,chunk,submod,0.0,0.0,1.0,1.0,0.8968,1.0,126.0,1.0,1.0
f6e7e5a80bae11ebab90acde48001122,chunk_submod_128,chunk,submod,0.0,0.0,0.0,0.3333,0.5546,0.5,119.0,0.5,0.0
6a848a240bb011ebab90acde48001122,chunk_submod_128,chunk,submod,0.0,0.2857,0.0,0.8,0.307,0.5,114.0,1.0,1.0
583b8ccc0bd911eba7f7acde48001122,chunk_submod_128,chunk,submod,0.0,0.0,0.0,0.3333,0.7477,1.0,111.0,1.0,1.0
81f9510408fa11ebbdacac1f6bf848b6,chunk_submod_128,chunk,submod,1.0,1.0,1.0,1.0,0.1887,0.5,106.0,1.0,1.0
3d1200fc0bde11eba7f7acde48001122,chunk_submod_128,chunk,submod,0.0,0.0,0.0,0.0,0.325,0.5,120.0,0.5,0.0
e6f90c9d08c711ebbd91ac1f6bf848b6,chunk_submod_128,chunk,submod,1.0,1.0,1.0,1.0,0.6147,0.5,109.0,0.5,0.0
fc00ac4a0baf11ebab90acde48001122,chunk_submod_128,chunk,submod,0.0,0.2222,0.0,0.8333,0.0,0.0,116.0,0.5,0.0
4aee95dc0bd911eba7f7acde48001122,chunk_submod_128,chunk,submod,0.0,0.0,0.0,0.0,0.3306,0.5,121.0,0.5,0.0
08d74900089611ebbd75ac1f6bf848b6,chunk_submod_128,chunk,submod,1.0,1.0,1.0,1.0,0.7016,0.5,124.0,0.5,0.0
366860a5086711ebbd5eac1f6bf848b6,chunk_submod_128,chunk,submod,0.0,0.0,0.0,0.0,0.7619,1.0,105.0,1.0,1.0
d03663e108e211ebbda4ac1f6bf848b6,chunk_submod_128,chunk,submod,0.0,0.0,0.0,0.0,0.5678,1.0,118.0,1.0,1.0
743f23820bdb11eba7f7acde48001122,chunk_submod_128,chunk,submod,0.0,0.0,0.0,0.0,0.3667,0.5,90.0,0.5,0.0
a9a7d5580bdd11eba7f7acde48001122,chunk_submod_128,chunk,submod,0.0,0.0,0.0,0.0,0.3053,0.5,95.0,0.5,0.0
3afba9de094f11ebbdaeac1f6bf848b6,chunk_submod_128,chunk,submod,1.0,1.0,1.0,1.0,0.487,1.0,115.0,1.0,1.0
76bb71320bdc11eba7f7acde48001122,chunk_submod_128,chunk,submod,0.0,0.0,0.0,0.0,0.5905,0.5,105.0,0.5,0.0
c072ad1408d411ebbd97ac1f6bf848b6,chunk_submod_128,chunk,submod,0.0,0.0,0.0,0.0,0.7818,0.5,110.0,0.5,0.0
8b165288088911ebbd6eac1f6bf848b6,chunk_submod_128,chunk,submod,1.0,1.0,1.0,1.0,0.4758,0.5,124.0,0.5,0.0
4c7a03560bdd11eba7f7acde48001122,chunk_submod_128,chunk,submod,0.0,0.0,0.0,0.0,0.3113,0.5,106.0,0.5,0.0
af1a8667088311ebbd6dac1f6bf848b6,chunk_submod_128,chunk,submod,0.0,0.0,0.0,0.0,0.53,1.0,100.0,1.0,1.0
f7b41d560bdd11eba7f7acde48001122,chunk_submod_128,chunk,submod,0.0,0.0,0.0,0.0,0.5417,0.5,120.0,0.5,0.0
9893834c092711ebbdaeac1f6bf848b6,chunk_submod_128,chunk,submod,1.0,1.0,1.0,1.0,0.6381,1.0,105.0,1.0,1.0
3068a40c0baf11ebab90acde48001122,chunk_submod_128,chunk,submod,0.0,0.0,1.0,1.0,0.4741,1.0,116.0,1.0,1.0
cddb28ed08bf11ebbd8aac1f6bf848b6,chunk_submod_128,chunk,submod,1.0,1.0,1.0,1.0,0.2087,0.5,115.0,1.0,1.0
0a9f880a0bda11eba7f7acde48001122,chunk_submod_128,chunk,submod,0.0,0.0,0.0,0.0,0.8252,0.5,103.0,1.0,1.0
2e12ac000bde11eba7f7acde48001122,chunk_submod_128,chunk,submod,0.0,0.6667,1.0,1.0,0.2705,0.5,122.0,1.0,1.0
829275da08f511ebbdaaac1f6bf848b6,chunk_submod_128,chunk,submod,1.0,1.0,1.0,1.0,0.5248,1.0,101.0,1.0,1.0
8f8aaf0b088711ebbd6dac1f6bf848b6,chunk_submod_128,chunk,submod,0.0,0.0,1.0,1.0,1.0,1.0,113.0,1.0,1.0
097583d2095711ebbdaeac1f6bf848b6,chunk_submod_128,chunk,submod,1.0,1.0,0.0,0.6667,0.754,1.0,126.0,1.0,1.0
6b9a2cb4087911ebbd67ac1f6bf848b6,chunk_submod_128,chunk,submod,1.0,1.0,1.0,1.0,0.4127,1.0,126.0,1.0,1.0
13ec0a08089111ebbd72ac1f6bf848b6,chunk_submod_128,chunk,submod,1.0,1.0,1.0,1.0,0.625,1.0,96.0,1.0,1.0
62444d9a0bb011ebab90acde48001122,chunk_submod_128,chunk,submod,0.0,0.0,0.0,0.0,0.568,0.5,125.0,0.5,0.0
998af60a088b11ebbd6fac1f6bf848b6,chunk_submod_128,chunk,submod,1.0,1.0,1.0,1.0,0.6727,0.5,110.0,0.5,0.0
f0ec33f00bdd11eba7f7acde48001122,chunk_submod_128,chunk,submod,0.0,0.0,1.0,1.0,0.3964,0.5,111.0,0.5,0.0
04dfe47c0bdb11eba7f7acde48001122,chunk_submod_128,chunk,submod,0.0,0.0,0.0,0.0,0.4219,0.5,128.0,0.5,0.0
e2f26a20089111ebbd73ac1f6bf848b6,chunk_submod_128,chunk,submod,1.0,1.0,1.0,1.0,0.8091,0.5,110.0,0.5,0.0
fec25d0c0bdc11eba7f7acde48001122,chunk_submod_128,chunk,submod,0.0,0.0,0.0,0.0,0.2302,0.5,126.0,1.0,1.0
8715eeb808e411ebbda4ac1f6bf848b6,chunk_submod_128,chunk,submod,0.0,0.0,1.0,1.0,0.4674,0.25,92.0,0.5,0.0
93e6f2c60bdd11eba7f7acde48001122,chunk_submod_128,chunk,submod,0.0,0.0,0.0,0.0,0.2627,0.5,118.0,1.0,1.0
1cf4dbe80baf11ebab90acde48001122,chunk_submod_128,chunk,submod,0.0,0.0,0.0,0.0,0.4359,0.5,117.0,0.5,0.0
815fa2ae0bda11eba7f7acde48001122,chunk_submod_128,chunk,submod,0.0,0.3333,0.0,0.3333,0.2845,0.5,116.0,0.5,0.0
b22b87b40bd911eba7f7acde48001122,chunk_submod_128,chunk,submod,0.0,0.0,0.0,0.0,0.4048,0.5,126.0,0.5,0.0
388978ca08c411ebbd8eac1f6bf848b6,chunk_submod_128,chunk,submod,0.0,0.0,0.0,0.75,0.8505,0.5,107.0,0.5,0.0
efcb57f00bdb11eba7f7acde48001122,chunk_submod_128,chunk,submod,0.0,0.0,0.0,0.0,0.2787,0.5,122.0,0.5,0.0
fe91ee700bdb11eba7f7acde48001122,chunk_submod_128,chunk,submod,0.0,0.0,0.0,0.3333,0.5827,1.0,127.0,1.0,1.0
e4364efd088111ebbd6dac1f6bf848b6,chunk_submod_128,chunk,submod,0.0,0.0,1.0,1.0,0.3694,0.5,111.0,1.0,1.0
61d4545708b111ebbd85ac1f6bf848b6,chunk_submod_128,chunk,submod,1.0,1.0,0.0,0.3333,0.5082,0.5,122.0,0.5,0.0
7da84dd40bb011ebab90acde48001122,chunk_submod_128,chunk,submod,0.0,0.0,0.0,0.0,0.5299,1.0,117.0,1.0,1.0
105a765e0bdc11eba7f7acde48001122,chunk_submod_128,chunk,submod,1.0,1.0,1.0,1.0,0.6387,1.0,119.0,1.0,1.0
1f98da43088111ebbd6dac1f6bf848b6,chunk_submod_128,chunk,submod,0.0,0.2857,1.0,1.0,0.5124,0.5,121.0,0.5,0.0
13c15658087311ebbd66ac1f6bf848b6,chunk_submod_128,chunk,submod,0.0,0.0,1.0,1.0,0.8852,0.75,122.0,0.75,0.0
28016c540bdc11eba7f7acde48001122,chunk_submod_128,chunk,submod,0.0,0.0,0.0,0.0,0.3131,0.5,99.0,0.5,0.0
c218f9d20bdd11eba7f7acde48001122,chunk_submod_128,chunk,submod,0.0,0.0,0.0,0.0,0.0,0.0,122.0,1.0,1.0
4c5074f9089711ebbd76ac1f6bf848b6,chunk_submod_128,chunk,submod,1.0,1.0,1.0,1.0,0.375,1.0,120.0,1.0,1.0
e5fa9df9085c11ebbd5cac1f6bf848b6,chunk_submod_128,chunk,submod,1.0,1.0,1.0,1.0,0.6216,1.0,111.0,1.0,1.0
9cf255e3088911ebbd6eac1f6bf848b6,chunk_submod_128,chunk,submod,0.0,0.0,0.0,0.0,0.5161,1.0,124.0,1.0,1.0
ed1b71de08de11ebbd9fac1f6bf848b6,chunk_submod_128,chunk,submod,0.0,0.0,0.0,0.3333,0.1538,0.25,117.0,0.25,0.0
f9ac302a0bd911eba7f7acde48001122,chunk_submod_128,chunk,submod,0.0,0.0,0.0,0.0,0.3627,0.5,102.0,0.5,0.0
a9d6c4e40bdd11eba7f7acde48001122,chunk_submod_128,chunk,submod,0.0,0.0,0.0,0.0,0.3679,0.5,106.0,0.5,0.0
1442e9a20bde11eba7f7acde48001122,chunk_submod_128,chunk,submod,0.0,0.0,0.0,0.0,0.0,0.0,101.0,0.5,0.0
164f0f7f08c711ebbd91ac1f6bf848b6,chunk_submod_128,chunk,submod,0.0,0.0,0.0,0.0,0.5586,1.0,111.0,1.0,1.0
b728e70c094411ebbdaeac1f6bf848b6,chunk_submod_128,chunk,submod,0.0,0.0,0.0,0.5,0.3982,1.0,113.0,1.0,1.0
e3477e760bdd11eba7f7acde48001122,chunk_submod_128,chunk,submod,0.0,0.0,0.0,0.0,0.2835,0.5,127.0,0.5,0.0
8114aef808c811ebbd91ac1f6bf848b6,chunk_submod_128,chunk,submod,0.0,0.0,0.0,0.0,0.3604,0.25,111.0,0.25,0.0
54014a680baf11ebab90acde48001122,chunk_submod_128,chunk,submod,0.0,0.3333,0.0,0.3333,0.2816,0.5,103.0,0.5,0.0
3647118c0bdd11eba7f7acde48001122,chunk_submod_128,chunk,submod,0.0,0.0,0.0,0.0,0.192,0.5,125.0,0.5,0.0
75612cee0bde11eba7f7acde48001122,chunk_submod_128,chunk,submod,0.0,0.0,0.0,0.0,0.0,0.0,124.0,0.5,0.0
f6384b5c099e11ebbdb0ac1f6bf848b6,chunk_submod_128,chunk,submod,0.0,0.0,1.0,1.0,0.623,1.0,122.0,1.0,1.0
748446060bdb11eba7f7acde48001122,chunk_submod_128,chunk,submod,0.0,0.0,0.0,0.0,0.2276,0.5,123.0,0.5,0.0
f872fe92096c11ebbdafac1f6bf848b6,chunk_submod_128,chunk,submod,0.0,0.0,1.0,1.0,0.2992,0.5,127.0,1.0,1.0
281793980bdd11eba7f7acde48001122,chunk_submod_128,chunk,submod,0.0,0.0,0.0,0.0,0.3175,0.5,126.0,1.0,1.0
c03e86180bdd11eba7f7acde48001122,chunk_submod_128,chunk,submod,0.0,0.0,0.0,0.0,0.1217,0.5,115.0,0.5,0.0
6668ebd20bde11eba7f7acde48001122,chunk_submod_128,chunk,submod,0.0,0.0,0.0,0.0,0.0,0.0,120.0,0.5,0.0
e19960120bdd11eba7f7acde48001122,chunk_submod_128,chunk,submod,0.0,0.0,0.0,0.0,0.0594,0.5,101.0,0.5,0.0
fc1d47b7088e11ebbd70ac1f6bf848b6,chunk_submod_128,chunk,submod,1.0,1.0,1.0,1.0,0.3884,0.5,121.0,0.5,0.0
1b62189208a111ebbd78ac1f6bf848b6,chunk_submod_128,chunk,submod,0.0,0.0,0.0,0.75,1.0,1.0,110.0,1.0,1.0
8272c3eb093111ebbdaeac1f6bf848b6,chunk_submod_128,chunk,submod,1.0,1.0,1.0,1.0,0.7436,1.0,117.0,1.0,1.0
77fd1ca20bb011ebab90acde48001122,chunk_submod_128,chunk,submod,0.0,0.0,0.0,0.75,0.5922,0.5,103.0,1.0,1.0
c4962ee20bdc11eba7f7acde48001122,chunk_submod_128,chunk,submod,0.0,0.0,0.0,0.0,0.1818,0.5,121.0,0.5,0.0
4020ce88097011ebbdb0ac1f6bf848b6,chunk_submod_128,chunk,submod,1.0,1.0,1.0,1.0,0.7016,1.0,124.0,1.0,1.0
4a8ffd360bdb11eba7f7acde48001122,chunk_submod_128,chunk,submod,0.0,0.0,0.0,0.3333,0.633,0.5,109.0,0.5,0.0
080aff1c0bde11eba7f7acde48001122,chunk_submod_128,chunk,submod,0.0,0.0,0.0,0.0,0.0,0.0,124.0,0.5,0.0
1bf30a41086611ebbd5eac1f6bf848b6,chunk_submod_128,chunk,submod,0.0,0.0,0.0,0.0,0.6822,0.5,107.0,0.5,0.0
5cd30b020bd911eba7f7acde48001122,chunk_submod_128,chunk,submod,0.0,0.0,0.0,0.0,0.3917,0.5,120.0,0.5,0.0
0fc59fa00bde11eba7f7acde48001122,chunk_submod_128,chunk,submod,0.0,0.0,0.0,0.3333,0.1967,0.5,122.0,0.5,0.0
1f94954908b011ebbd84ac1f6bf848b6,chunk_submod_128,chunk,submod,0.0,0.0,0.0,0.0,0.5,0.5,118.0,1.0,1.0
e85d87f4095111ebbdaeac1f6bf848b6,chunk_submod_128,chunk,submod,0.0,0.0,1.0,1.0,0.48,1.0,125.0,1.0,1.0
2d69078008d311ebbd96ac1f6bf848b6,chunk_submod_128,chunk,submod,0.0,0.0,1.0,1.0,0.6333,0.5,120.0,0.5,0.0
62a8a24e0bde11eba7f7acde48001122,chunk_submod_128,chunk,submod,0.0,0.0,0.0,0.0,0.4622,0.5,119.0,1.0,1.0
f1cc94540bdd11eba7f7acde48001122,chunk_submod_128,chunk,submod,0.0,0.0,1.0,1.0,0.4706,1.0,119.0,1.0,1.0
98f909d40bdd11eba7f7acde48001122,chunk_submod_128,chunk,submod,0.0,0.0,0.0,0.0,0.3254,0.5,126.0,0.5,0.0
f7aa41be0bdd11eba7f7acde48001122,chunk_submod_128,chunk,submod,0.0,0.0,1.0,1.0,0.4803,0.5,127.0,1.0,1.0
88be48840bda11eba7f7acde48001122,chunk_submod_128,chunk,submod,1.0,1.0,1.0,1.0,0.8512,1.0,121.0,1.0,1.0
22be69d908b511ebbd88ac1f6bf848b6,chunk_submod_128,chunk,submod,1.0,1.0,1.0,1.0,0.4957,0.5,115.0,0.5,0.0
e3fe2a600bdb11eba7f7acde48001122,chunk_submod_128,chunk,submod,0.0,0.0,0.0,0.0,0.6271,1.0,118.0,1.0,1.0
7f49e96e0baf11ebab90acde48001122,chunk_submod_128,chunk,submod,0.0,0.4444,0.0,0.6667,0.6161,0.5,112.0,0.5,0.0
aef6771208b311ebbd86ac1f6bf848b6,chunk_submod_128,chunk,submod,1.0,1.0,1.0,1.0,0.824,0.75,125.0,0.75,0.0
bfb58f38089611ebbd76ac1f6bf848b6,chunk_submod_128,chunk,submod,1.0,1.0,0.0,0.6667,0.5902,0.5,122.0,0.5,0.0
0306ad3308fe11ebbdadac1f6bf848b6,chunk_submod_128,chunk,submod,0.0,0.0,0.0,0.0,0.5847,1.0,118.0,1.0,1.0
750737d6084911ebbd55ac1f6bf848b6,chunk_submod_128,chunk,submod,0.0,0.0,1.0,1.0,0.6667,1.0,114.0,1.0,1.0
7a8eae7d088111ebbd6dac1f6bf848b6,chunk_submod_128,chunk,submod,1.0,1.0,1.0,1.0,0.5691,1.0,123.0,1.0,1.0
45be519d086e11ebbd62ac1f6bf848b6,chunk_submod_128,chunk,submod,1.0,1.0,1.0,1.0,0.7018,0.5,114.0,0.5,0.0
e3772fb40bdc11eba7f7acde48001122,chunk_submod_128,chunk,submod,0.0,0.0,0.0,0.0,0.2909,0.5,110.0,0.5,0.0
72b6fb5a08ae11ebbd83ac1f6bf848b6,chunk_submod_128,chunk,submod,0.0,0.0,0.0,0.5,0.3509,0.25,114.0,0.5,0.0
5e3bb8cc0bd911eba7f7acde48001122,chunk_submod_128,chunk,submod,0.0,0.0,0.0,0.0,0.1619,0.5,105.0,0.5,0.0
c9ba19e708b311ebbd86ac1f6bf848b6,chunk_submod_128,chunk,submod,0.0,0.0,0.0,0.0,0.2407,1.0,108.0,1.0,1.0
2858ddc609b211ebbdb0ac1f6bf848b6,chunk_submod_128,chunk,submod,0.0,0.0,0.0,0.3333,0.2787,0.5,122.0,1.0,1.0
768c67280bde11eba7f7acde48001122,chunk_submod_128,chunk,submod,0.0,0.0,1.0,1.0,0.5645,1.0,124.0,1.0,1.0
88d450740bdb11eba7f7acde48001122,chunk_submod_128,chunk,submod,0.0,0.0,0.0,0.0,0.2632,0.5,114.0,0.5,0.0
fd75ede80bdb11eba7f7acde48001122,chunk_submod_128,chunk,submod,0.0,0.0,0.0,0.0,0.4444,0.5,108.0,0.5,0.0
bd21c466089711ebbd77ac1f6bf848b6,chunk_submod_128,chunk,submod,0.0,0.0,0.0,0.5,0.304,0.5,125.0,0.5,0.0
faa9cb0b087711ebbd67ac1f6bf848b6,chunk_submod_128,chunk,submod,0.0,0.0,0.0,0.0,0.5727,0.5,110.0,0.5,0.0
13b377680bde11eba7f7acde48001122,chunk_submod_128,chunk,submod,0.0,0.0,0.0,0.5,0.5079,0.5,126.0,0.5,0.0
791a6e4d087111ebbd63ac1f6bf848b6,chunk_submod_128,chunk,submod,0.0,0.0,0.0,0.0,0.5641,0.5,117.0,0.75,0.0
26497355084c11ebbd56ac1f6bf848b6,chunk_submod_128,chunk,submod,0.0,0.0,0.0,0.0,0.0,0.0,117.0,0.5,0.0
7246ee5a0bb011ebab90acde48001122,chunk_submod_128,chunk,submod,0.0,0.0,0.0,0.0,0.2362,0.5,127.0,0.5,0.0
6a70f6f80bb011ebab90acde48001122,chunk_submod_128,chunk,submod,0.0,0.0,0.0,0.0,0.2526,0.5,95.0,0.5,0.0
8d0836540bdd11eba7f7acde48001122,chunk_submod_128,chunk,submod,0.0,0.0,0.0,0.0,0.6972,1.0,109.0,1.0,1.0
a405efb708d811ebbd9cac1f6bf848b6,chunk_submod_128,chunk,submod,0.0,0.0,1.0,1.0,0.5217,0.25,115.0,0.5,0.0
637434540bde11eba7f7acde48001122,chunk_submod_128,chunk,submod,1.0,1.0,1.0,1.0,0.2213,0.5,122.0,0.5,0.0
b838d62f086711ebbd5eac1f6bf848b6,chunk_submod_128,chunk,submod,0.0,0.0,0.0,0.0,0.5546,1.0,119.0,1.0,1.0
42f6d3b208b911ebbd88ac1f6bf848b6,chunk_submod_128,chunk,submod,1.0,1.0,1.0,1.0,0.7143,1.0,105.0,1.0,1.0
200e7a01087611ebbd67ac1f6bf848b6,chunk_submod_128,chunk,submod,1.0,1.0,1.0,1.0,0.5547,0.5,128.0,0.5,0.0
4637ec300bdb11eba7f7acde48001122,chunk_submod_128,chunk,submod,0.0,0.0,0.0,0.0,0.432,1.0,125.0,1.0,1.0
f6960ae0086011ebbd5dac1f6bf848b6,chunk_submod_128,chunk,submod,1.0,1.0,1.0,1.0,0.5306,1.0,98.0,1.0,1.0
f9e63d80085d11ebbd5cac1f6bf848b6,chunk_submod_128,chunk,submod,0.0,0.0,0.0,0.6667,0.4898,0.25,98.0,0.5,0.0
60ccb178086811ebbd5eac1f6bf848b6,chunk_submod_128,chunk,submod,0.0,0.0,1.0,1.0,0.7723,0.5,101.0,0.5,0.0
d8dd595708fb11ebbdacac1f6bf848b6,chunk_submod_128,chunk,submod,1.0,1.0,1.0,1.0,0.3802,1.0,121.0,1.0,1.0
b50759c3087811ebbd67ac1f6bf848b6,chunk_submod_128,chunk,submod,0.0,0.0,1.0,1.0,0.4407,0.5,118.0,0.5,0.0
d3c779240bdd11eba7f7acde48001122,chunk_submod_128,chunk,submod,0.0,0.0,0.0,0.0,0.2411,0.5,112.0,1.0,1.0
2260e6380bde11eba7f7acde48001122,chunk_submod_128,chunk,submod,0.0,0.0,0.0,0.0,0.2952,0.5,105.0,0.5,0.0
ea7d22c808b211ebbd85ac1f6bf848b6,chunk_submod_128,chunk,submod,1.0,1.0,1.0,1.0,0.7109,0.5,128.0,0.5,0.0
f3798752088c11ebbd70ac1f6bf848b6,chunk_submod_128,chunk,submod,0.0,0.0,1.0,1.0,0.5854,0.5,123.0,0.5,0.0
ac94af4a0bdb11eba7f7acde48001122,chunk_submod_128,chunk,submod,0.0,0.0,0.0,0.0,0.2562,0.5,121.0,0.5,0.0
cf57f2ef087011ebbd63ac1f6bf848b6,chunk_submod_128,chunk,submod,0.0,0.0,0.0,0.0,0.448,1.0,125.0,1.0,1.0
f9e9d784084d11ebbd56ac1f6bf848b6,chunk_submod_128,chunk,submod,0.0,0.0,1.0,1.0,0.5192,0.25,104.0,0.75,0.0
a3ac1ca20bda11eba7f7acde48001122,chunk_submod_128,chunk,submod,0.0,0.0,0.0,0.0,0.254,0.5,126.0,0.5,0.0
49baa9120bde11eba7f7acde48001122,chunk_submod_128,chunk,submod,1.0,1.0,1.0,1.0,0.5556,1.0,108.0,1.0,1.0
85f17aea08c911ebbd92ac1f6bf848b6,chunk_submod_128,chunk,submod,1.0,1.0,1.0,1.0,0.6116,0.5,121.0,0.5,0.0
a9e322b20bdc11eba7f7acde48001122,chunk_submod_128,chunk,submod,0.0,0.0,0.0,0.0,0.1311,0.5,122.0,0.5,0.0
65937853086511ebbd5eac1f6bf848b6,chunk_submod_128,chunk,submod,1.0,1.0,1.0,1.0,0.6299,1.0,127.0,1.0,1.0
31d2f293088111ebbd6dac1f6bf848b6,chunk_submod_128,chunk,submod,0.0,0.0,0.0,0.0,0.616,1.0,125.0,1.0,1.0
4d3ab509099c11ebbdb0ac1f6bf848b6,chunk_submod_128,chunk,submod,0.0,0.0,0.0,0.0,0.5366,1.0,123.0,1.0,1.0
4c319d400bde11eba7f7acde48001122,chunk_submod_128,chunk,submod,0.0,0.0,1.0,1.0,0.3033,1.0,122.0,1.0,1.0
b629226608d911ebbd9cac1f6bf848b6,chunk_submod_128,chunk,submod,0.0,0.0,1.0,1.0,0.7686,1.0,121.0,1.0,1.0
dbf6cc6d090d11ebbdadac1f6bf848b6,chunk_submod_128,chunk,submod,1.0,1.0,1.0,1.0,0.5,0.5,102.0,1.0,1.0
3c76b104085711ebbd5aac1f6bf848b6,chunk_submod_128,chunk,submod,1.0,1.0,1.0,1.0,0.521,0.5,119.0,0.5,0.0
593d2a5a0bdd11eba7f7acde48001122,chunk_submod_128,chunk,submod,0.0,0.0,0.0,0.0,0.3729,0.5,118.0,0.5,0.0
97ce7fc0084a11ebbd56ac1f6bf848b6,chunk_submod_128,chunk,submod,1.0,1.0,1.0,1.0,0.5856,1.0,111.0,1.0,1.0
b64c031d087011ebbd63ac1f6bf848b6,chunk_submod_128,chunk,submod,1.0,1.0,1.0,1.0,0.4634,0.5,123.0,0.5,0.0
afabab100bdc11eba7f7acde48001122,chunk_submod_128,chunk,submod,0.0,0.0,0.0,0.0,0.2114,0.5,123.0,0.5,0.0
a4f57a360bda11eba7f7acde48001122,chunk_submod_128,chunk,submod,0.0,0.0,0.0,0.0,0.3646,0.5,96.0,0.5,0.0
bfab161a0bda11eba7f7acde48001122,chunk_submod_128,chunk,submod,0.0,0.5,1.0,1.0,0.5914,1.0,93.0,1.0,1.0
818d01360bda11eba7f7acde48001122,chunk_submod_128,chunk,submod,0.0,0.0,0.0,0.0,0.5556,0.5,126.0,0.5,0.0
45df5d7c0bdb11eba7f7acde48001122,chunk_submod_128,chunk,submod,0.0,0.0,0.0,0.0,0.4958,0.5,119.0,0.5,0.0
12c908fe096c11ebbdafac1f6bf848b6,chunk_submod_128,chunk,submod,0.0,0.0,0.0,0.0,0.3017,0.5,116.0,1.0,1.0
3805416e0bde11eba7f7acde48001122,chunk_submod_128,chunk,submod,0.0,0.0,0.0,0.0,0.2843,0.5,102.0,0.5,0.0
92ca60080bdd11eba7f7acde48001122,chunk_submod_128,chunk,submod,0.0,0.0,0.0,0.5,0.2551,0.5,98.0,1.0,1.0
be9164e80bdd11eba7f7acde48001122,chunk_submod_128,chunk,submod,0.0,0.0,0.0,0.5,0.2857,0.5,119.0,0.5,0.0
74f331ee0bd911eba7f7acde48001122,chunk_submod_128,chunk,submod,0.0,0.0,0.0,0.0,0.439,0.5,123.0,1.0,1.0
1d50380c0bdd11eba7f7acde48001122,chunk_submod_128,chunk,submod,0.0,0.0,0.0,0.0,0.5185,0.5,108.0,0.5,0.0
72a501e40baf11ebab90acde48001122,chunk_submod_128,chunk,submod,0.0,0.0,0.0,0.0,0.2231,0.5,121.0,0.5,0.0
59a6e7020baf11ebab90acde48001122,chunk_submod_128,chunk,submod,0.0,0.2857,0.0,0.75,0.3516,0.5,128.0,0.5,0.0
9fc45d75089811ebbd77ac1f6bf848b6,chunk_submod_128,chunk,submod,1.0,1.0,0.0,0.8,0.8067,1.0,119.0,1.0,1.0
c137025f086611ebbd5eac1f6bf848b6,chunk_submod_128,chunk,submod,1.0,1.0,1.0,1.0,0.2476,0.25,105.0,0.25,0.0
02ae4663095611ebbdaeac1f6bf848b6,chunk_submod_128,chunk,submod,1.0,1.0,1.0,1.0,0.3413,0.5,126.0,1.0,1.0
42594134084f11ebbd56ac1f6bf848b6,chunk_submod_128,chunk,submod,1.0,1.0,1.0,1.0,0.5096,1.0,104.0,1.0,1.0
421ca5940bb011ebab90acde48001122,chunk_submod_128,chunk,submod,0.0,0.0,0.0,1.0,0.2759,0.5,116.0,0.5,0.0
34c3dd940bde11eba7f7acde48001122,ace_focused_128,ace,focused,0.0,0.0,0.0,0.0,0.4182,0.5,110.0,1.0,1.0
a1c37dc40bdd11eba7f7acde48001122,ace_focused_128,ace,focused,0.0,0.0,0.0,0.0,0.3153,0.5,111.0,1.0,1.0
e051bd000bdb11eba7f7acde48001122,ace_focused_128,ace,focused,0.0,0.0,1.0,1.0,0.3271,0.5,107.0,0.5,0.0
f02d1c2208b811ebbd88ac1f6bf848b6,ace_focused_128,ace,focused,0.0,0.0,0.0,0.0,1.0,0.5,120.0,0.75,0.0
782f0c160bd911eba7f7acde48001122,ace_focused_128,ace,focused,0.0,0.0,0.0,0.0,0.1732,0.5,127.0,0.5,0.0
21e70b7e0bde11eba7f7acde48001122,ace_focused_128,ace,focused,0.0,0.0,0.0,0.0,0.4228,0.5,123.0,0.5,0.0
8d3d54ec0bdd11eba7f7acde48001122,ace_focused_128,ace,focused,0.0,0.0,0.0,0.0,0.152,0.5,125.0,0.5,0.0
33bcd7ce0bda11eba7f7acde48001122,ace_focused_128,ace,focused,0.0,0.0,0.0,0.0,0.3145,0.5,124.0,0.5,0.0
249f9f060bda11eba7f7acde48001122,ace_focused_128,ace,focused,0.0,0.0,0.0,0.0,0.2109,0.5,128.0,0.5,0.0
45eb6a5408b611ebbd88ac1f6bf848b6,ace_focused_128,ace,focused,1.0,1.0,1.0,1.0,0.5463,0.5,108.0,0.5,0.0
5f02fdf2084f11ebbd56ac1f6bf848b6,ace_focused_128,ace,focused,0.0,0.0,0.0,0.0,0.175,0.5,120.0,0.5,0.0
af356f7a0bd911eba7f7acde48001122,ace_focused_128,ace,focused,0.0,0.0,0.0,0.25,0.2906,0.5,117.0,0.5,0.0
dbca21a20bd911eba7f7acde48001122,ace_focused_128,ace,focused,0.0,0.0,0.0,0.0,0.1215,0.5,107.0,0.5,0.0
27d8ec30091f11ebbdaeac1f6bf848b6,ace_focused_128,ace,focused,0.0,0.0,1.0,1.0,0.3482,0.5,112.0,0.5,0.0
808f9f1808b111ebbd85ac1f6bf848b6,ace_focused_128,ace,focused,1.0,1.0,1.0,1.0,0.3952,1.0,124.0,1.0,1.0
d6b29805087b11ebbd69ac1f6bf848b6,ace_focused_128,ace,focused,0.0,0.0,0.0,0.0,0.5968,0.5,124.0,0.5,0.0
9b8278a20bdd11eba7f7acde48001122,ace_focused_128,ace,focused,0.0,0.0,0.0,0.0,0.76,0.5,100.0,0.5,0.0
c99fc05e0bd911eba7f7acde48001122,ace_focused_128,ace,focused,0.0,0.0,0.0,0.0,0.3415,0.5,123.0,0.5,0.0
60465ce2085411ebbd59ac1f6bf848b6,ace_focused_128,ace,focused,1.0,1.0,1.0,1.0,0.3934,0.5,122.0,0.5,0.0
3e0cebde0bd911eba7f7acde48001122,ace_focused_128,ace,focused,0.0,0.0,0.0,0.0,0.2258,0.5,124.0,0.5,0.0
3cddcc46086511ebbd5eac1f6bf848b6,ace_focused_128,ace,focused,1.0,1.0,1.0,1.0,0.5614,1.0,114.0,1.0,1.0
7f6e237109c411ebbdb0ac1f6bf848b6,ace_focused_128,ace,focused,0.0,0.0,0.0,0.0,0.4118,0.5,119.0,1.0,1.0
dc3a36a00bdd11eba7f7acde48001122,ace_focused_128,ace,focused,1.0,1.0,1.0,1.0,1.0,1.0,94.0,1.0,1.0
09ede27e08fd11ebbdadac1f6bf848b6,ace_focused_128,ace,focused,0.0,0.0,0.0,0.0,0.2577,0.5,97.0,1.0,1.0
003285a80bde11eba7f7acde48001122,ace_focused_128,ace,focused,0.0,0.0,0.0,0.5,0.1074,0.5,121.0,0.5,0.0
0e2082e408d111ebbd95ac1f6bf848b6,ace_focused_128,ace,focused,0.0,0.0,0.0,0.0,0.567,1.0,97.0,1.0,1.0
322178260bde11eba7f7acde48001122,ace_focused_128,ace,focused,0.0,0.0,0.0,0.0,0.4463,0.5,121.0,0.5,0.0
4c1772720bb011ebab90acde48001122,ace_focused_128,ace,focused,0.0,0.0,0.0,0.5,0.2016,0.5,124.0,0.5,0.0
adf59bec0bdb11eba7f7acde48001122,ace_focused_128,ace,focused,0.0,0.0,0.0,0.3333,0.3607,0.5,122.0,0.5,0.0
136c700c089611ebbd76ac1f6bf848b6,ace_focused_128,ace,focused,0.0,0.0,1.0,1.0,0.811,1.0,127.0,1.0,1.0
6b2ad6600bdb11eba7f7acde48001122,ace_focused_128,ace,focused,0.0,0.0,1.0,1.0,0.4841,1.0,126.0,1.0,1.0
e6a4ff4c0bda11eba7f7acde48001122,ace_focused_128,ace,focused,0.0,0.0,0.0,0.3333,0.3913,0.5,115.0,0.5,0.0
a163b2d1087d11ebbd6bac1f6bf848b6,ace_focused_128,ace,focused,1.0,1.0,1.0,1.0,0.8016,1.0,126.0,1.0,1.0
be851b660bdd11eba7f7acde48001122,ace_focused_128,ace,focused,0.0,0.0,0.0,0.0,0.3984,0.5,128.0,1.0,1.0
fbc352ec0bae11ebab90acde48001122,ace_focused_128,ace,focused,0.0,0.8,0.0,0.8,0.3934,0.5,122.0,1.0,1.0
041879d0093a11ebbdaeac1f6bf848b6,ace_focused_128,ace,focused,0.0,0.0,1.0,1.0,0.375,0.5,112.0,1.0,1.0
8dcab52d092f11ebbdaeac1f6bf848b6,ace_focused_128,ace,focused,0.0,0.0,0.0,0.0,0.5926,1.0,108.0,1.0,1.0
6a765fc60bb011ebab90acde48001122,ace_focused_128,ace,focused,0.0,0.0,0.0,0.6667,0.5463,0.5,108.0,1.0,1.0
0c4973520bb011ebab90acde48001122,ace_focused_128,ace,focused,0.0,0.4444,1.0,1.0,0.6271,1.0,118.0,1.0,1.0
350ec8b80bde11eba7f7acde48001122,ace_focused_128,ace,focused,0.0,0.0,0.0,0.0,0.189,0.5,127.0,0.5,0.0
16d7da20087911ebbd67ac1f6bf848b6,ace_focused_128,ace,focused,0.0,0.0,0.0,0.0,0.5156,1.0,128.0,1.0,1.0
d60529440baf11ebab90acde48001122,ace_focused_128,ace,focused,0.0,0.0,0.0,0.0,0.735,0.5,117.0,0.5,0.0
400bf8800bde11eba7f7acde48001122,ace_focused_128,ace,focused,0.0,0.5,0.0,0.6667,0.4646,1.0,127.0,1.0,1.0
725dc29a0bda11eba7f7acde48001122,ace_focused_128,ace,focused,0.0,0.0,0.0,0.0,0.265,0.5,117.0,0.5,0.0
c99c181e08b911ebbd88ac1f6bf848b6,ace_focused_128,ace,focused,0.0,0.0,0.0,0.0,0.3509,0.25,114.0,0.5,0.0
1eeb91060bde11eba7f7acde48001122,ace_focused_128,ace,focused,1.0,1.0,1.0,1.0,0.453,0.5,117.0,1.0,1.0
27944f240bdd11eba7f7acde48001122,ace_focused_128,ace,focused,1.0,1.0,0.0,0.0,0.0,0.0,122.0,0.5,0.0
0254eea408b911ebbd88ac1f6bf848b6,ace_focused_128,ace,focused,0.0,0.0,1.0,1.0,0.6639,1.0,122.0,1.0,1.0
f48667b80bda11eba7f7acde48001122,ace_focused_128,ace,focused,0.0,0.0,0.0,0.0,0.232,0.5,125.0,0.5,0.0
8145e4de0baf11ebab90acde48001122,ace_focused_128,ace,focused,0.0,0.0,0.0,0.0,0.36,0.5,125.0,0.5,0.0
62ce8c8e0bde11eba7f7acde48001122,ace_focused_128,ace,focused,0.0,0.0,1.0,1.0,0.562,0.5,121.0,0.5,0.0
ae30933a088b11ebbd6fac1f6bf848b6,ace_focused_128,ace,focused,0.0,0.0,0.0,0.0,0.4118,0.5,119.0,0.5,0.0
7e3f262c0bd911eba7f7acde48001122,ace_focused_128,ace,focused,0.0,0.0,0.0,0.0,0.125,0.5,128.0,0.5,0.0
fac0692508c111ebbd8bac1f6bf848b6,ace_focused_128,ace,focused,0.0,0.0,1.0,1.0,0.4298,1.0,121.0,1.0,1.0
21832f3c0bde11eba7f7acde48001122,ace_focused_128,ace,focused,1.0,1.0,1.0,1.0,0.7953,1.0,127.0,1.0,1.0
6d1fa90e086711ebbd5eac1f6bf848b6,ace_focused_128,ace,focused,0.0,0.0,1.0,1.0,0.3906,1.0,128.0,1.0,1.0
566c1e2c08a811ebbd7fac1f6bf848b6,ace_focused_128,ace,focused,0.0,0.0,1.0,1.0,0.288,0.25,125.0,0.25,0.0
8682d20708d311ebbd96ac1f6bf848b6,ace_focused_128,ace,focused,0.0,0.0,1.0,1.0,0.3858,0.5,127.0,0.5,0.0
33a140280bde11eba7f7acde48001122,ace_focused_128,ace,focused,0.0,0.0,0.0,0.0,0.287,0.5,115.0,0.5,0.0
c6ac8fcc0bdd11eba7f7acde48001122,ace_focused_128,ace,focused,0.0,0.0,0.0,0.0,0.3131,0.5,99.0,1.0,1.0
ee559aaa08c211ebbd8cac1f6bf848b6,ace_focused_128,ace,focused,1.0,1.0,1.0,1.0,0.4141,0.25,128.0,0.5,0.0
17e3349208df11ebbd9fac1f6bf848b6,ace_focused_128,ace,focused,1.0,1.0,0.0,1.0,0.3571,1.0,126.0,1.0,1.0
beb3605c0bdd11eba7f7acde48001122,ace_focused_128,ace,focused,0.0,0.0,0.0,0.0,0.2033,0.5,123.0,0.5,0.0
fcdafe320bdb11eba7f7acde48001122,ace_focused_128,ace,focused,0.0,0.0,0.0,0.0,0.5042,0.5,119.0,0.5,0.0
28669c5a0bdc11eba7f7acde48001122,ace_focused_128,ace,focused,1.0,1.0,1.0,1.0,0.4882,1.0,127.0,1.0,1.0
bd00729c0bdb11eba7f7acde48001122,ace_focused_128,ace,focused,0.0,0.0,1.0,1.0,0.2598,0.5,127.0,0.5,0.0
a9bdb2a4099a11ebbdb0ac1f6bf848b6,ace_focused_128,ace,focused,0.0,0.0,0.0,0.0,0.4083,1.0,120.0,1.0,1.0
1ec21fed08a511ebbd7dac1f6bf848b6,ace_focused_128,ace,focused,0.0,0.0,0.0,0.0,0.5333,0.5,105.0,0.5,0.0
9a1b06b60bdb11eba7f7acde48001122,ace_focused_128,ace,focused,0.0,0.0,0.0,0.0,0.08,0.5,125.0,0.5,0.0
c598b04f095211ebbdaeac1f6bf848b6,ace_focused_128,ace,focused,1.0,1.0,1.0,1.0,0.5333,1.0,120.0,1.0,1.0
5ead23420baf11ebab90acde48001122,ace_focused_128,ace,focused,0.0,0.0,1.0,1.0,1.0,1.0,112.0,1.0,1.0
101a05820bdd11eba7f7acde48001122,ace_focused_128,ace,focused,0.0,0.0,0.0,0.3333,0.4825,0.5,114.0,0.5,0.0
0302950e096311ebbdafac1f6bf848b6,ace_focused_128,ace,focused,0.0,0.0,1.0,1.0,0.8261,1.0,115.0,1.0,1.0
016e72260bdc11eba7f7acde48001122,ace_focused_128,ace,focused,0.0,0.0,0.0,0.0,0.4519,0.5,104.0,0.5,0.0
f2ff844c0bda11eba7f7acde48001122,ace_focused_128,ace,focused,0.0,0.5,0.0,0.5,0.3226,0.5,124.0,0.5,0.0
188e20a60bdb11eba7f7acde48001122,ace_focused_128,ace,focused,0.0,0.0,0.0,0.5,0.4211,0.5,114.0,0.5,0.0
fc26ee1c08d211ebbd96ac1f6bf848b6,ace_focused_128,ace,focused,1.0,1.0,1.0,1.0,0.632,0.5,125.0,0.75,0.0
e95acdbc085f11ebbd5dac1f6bf848b6,ace_focused_128,ace,focused,0.0,0.0,1.0,1.0,0.619,0.5,126.0,0.5,0.0
eeafddd00bdd11eba7f7acde48001122,ace_focused_128,ace,focused,0.0,0.0,0.0,0.0,0.7391,0.5,115.0,1.0,1.0
47219fad085111ebbd58ac1f6bf848b6,ace_focused_128,ace,focused,0.0,0.0,0.0,0.0,0.3043,0.5,92.0,1.0,1.0
c370b4540bd911eba7f7acde48001122,ace_focused_128,ace,focused,0.0,0.0,1.0,1.0,0.3984,1.0,128.0,1.0,1.0
2ba9b53c0bdc11eba7f7acde48001122,ace_focused_128,ace,focused,0.0,0.0,0.0,0.0,0.1709,0.5,117.0,0.5,0.0
a6202170089911ebbd77ac1f6bf848b6,ace_focused_128,ace,focused,1.0,1.0,0.0,0.0,0.1681,0.25,119.0,0.5,0.0
b7fa1522089911ebbd77ac1f6bf848b6,ace_focused_128,ace,focused,0.0,0.0,1.0,1.0,0.4818,0.5,110.0,0.5,0.0
2210c90b08c811ebbd91ac1f6bf848b6,ace_focused_128,ace,focused,0.0,0.0,0.0,0.0,0.627,0.5,126.0,0.5,0.0
6bbe4cf80bd911eba7f7acde48001122,ace_focused_128,ace,focused,0.0,0.0,0.0,0.0,0.4274,0.5,124.0,0.5,0.0
01c9f7960bdb11eba7f7acde48001122,ace_focused_128,ace,focused,0.0,0.0,0.0,0.0,0.0,0.0,124.0,0.0,0.0
8894ca2808e111ebbda2ac1f6bf848b6,ace_focused_128,ace,focused,0.0,0.0,1.0,1.0,0.3333,0.25,108.0,0.5,0.0
fd704fe00bdc11eba7f7acde48001122,ace_focused_128,ace,focused,0.0,0.0,0.0,0.0,0.4771,0.5,109.0,1.0,1.0
375e7e4408c611ebbd90ac1f6bf848b6,ace_focused_128,ace,focused,1.0,1.0,0.0,0.5,0.4958,0.5,119.0,0.5,0.0
b583abd20baf11ebab90acde48001122,ace_focused_128,ace,focused,0.0,0.0,0.0,0.5,0.3451,0.5,113.0,1.0,1.0
f7a3d98a08ab11ebbd82ac1f6bf848b6,ace_focused_128,ace,focused,1.0,1.0,1.0,1.0,0.4211,0.5,114.0,0.5,0.0
61644425091011ebbdadac1f6bf848b6,ace_focused_128,ace,focused,0.0,0.0,1.0,1.0,0.5575,1.0,113.0,1.0,1.0
32edaabe0bb011ebab90acde48001122,ace_focused_128,ace,focused,0.0,0.0,0.0,0.5,0.0,0.0,125.0,0.5,0.0
002f12240bde11eba7f7acde48001122,ace_focused_128,ace,focused,0.0,0.0,0.0,0.0,0.2793,0.5,111.0,1.0,1.0
50d225540bde11eba7f7acde48001122,ace_focused_128,ace,focused,0.0,0.0,1.0,1.0,0.0,0.0,122.0,0.0,0.0
17904a03087611ebbd67ac1f6bf848b6,ace_focused_128,ace,focused,1.0,1.0,1.0,1.0,0.4622,0.5,119.0,0.5,0.0
5a4826b00bde11eba7f7acde48001122,ace_focused_128,ace,focused,0.0,0.5,1.0,1.0,0.3119,0.5,109.0,1.0,1.0
6dd9acf20bda11eba7f7acde48001122,ace_focused_128,ace,focused,0.0,0.0,0.0,0.0,0.1157,0.5,121.0,0.5,0.0
614eef2a0bde11eba7f7acde48001122,ace_focused_128,ace,focused,0.0,0.0,0.0,0.0,0.2411,0.5,112.0,0.5,0.0
73695ca80bda11eba7f7acde48001122,ace_focused_128,ace,focused,0.0,0.0,0.0,0.0,0.1043,0.5,115.0,0.5,0.0
150df73c086411ebbd5eac1f6bf848b6,ace_focused_128,ace,focused,1.0,1.0,1.0,1.0,0.296,0.5,125.0,0.5,0.0
ac3e7fc3093711ebbdaeac1f6bf848b6,ace_focused_128,ace,focused,1.0,1.0,1.0,1.0,0.2193,0.5,114.0,1.0,1.0
5cad7ed608a111ebbd79ac1f6bf848b6,ace_focused_128,ace,focused,0.0,0.0,0.0,0.6667,0.2541,0.5,122.0,1.0,1.0
172fd661094811ebbdaeac1f6bf848b6,ace_focused_128,ace,focused,0.0,0.0,1.0,1.0,0.4711,1.0,121.0,1.0,1.0
222bd7ec0bdc11eba7f7acde48001122,ace_focused_128,ace,focused,0.0,0.6667,1.0,1.0,0.7475,1.0,99.0,1.0,1.0
39c32aa2086411ebbd5eac1f6bf848b6,ace_focused_128,ace,focused,1.0,1.0,1.0,1.0,0.6337,1.0,101.0,1.0,1.0
7379ce100bdc11eba7f7acde48001122,ace_focused_128,ace,focused,0.0,0.0,0.0,0.0,0.2975,0.5,121.0,0.5,0.0
61e86d5a0bdc11eba7f7acde48001122,ace_focused_128,ace,focused,0.0,0.0,0.0,0.3333,0.416,0.5,125.0,0.5,0.0
d05cc8bf08c911ebbd92ac1f6bf848b6,ace_focused_128,ace,focused,1.0,1.0,1.0,1.0,0.7455,0.5,110.0,0.5,0.0
408a8365085311ebbd59ac1f6bf848b6,ace_focused_128,ace,focused,0.0,0.0,0.0,0.0,0.12,0.25,125.0,0.25,0.0
eb18f7ac0baf11ebab90acde48001122,ace_focused_128,ace,focused,0.0,0.0,0.0,0.0,0.4016,0.5,127.0,0.5,0.0
0290cd840baf11ebab90acde48001122,ace_focused_128,ace,focused,0.0,0.0,0.0,0.0,0.8276,0.5,116.0,0.5,0.0
6ff41ad6087411ebbd67ac1f6bf848b6,ace_focused_128,ace,focused,1.0,1.0,1.0,1.0,0.7009,1.0,107.0,1.0,1.0
05dac2220bde11eba7f7acde48001122,ace_focused_128,ace,focused,0.0,0.0,1.0,1.0,0.6429,1.0,126.0,1.0,1.0
b1bb441b08e411ebbda4ac1f6bf848b6,ace_focused_128,ace,focused,1.0,1.0,1.0,1.0,0.3271,0.5,107.0,1.0,1.0
132a5430085d11ebbd5cac1f6bf848b6,ace_focused_128,ace,focused,0.0,0.0,0.0,0.0,0.4123,0.5,114.0,1.0,1.0
a664606d087e11ebbd6bac1f6bf848b6,ace_focused_128,ace,focused,0.0,0.0,1.0,1.0,0.5159,0.5,126.0,0.5,0.0
eec1dcfb08b911ebbd88ac1f6bf848b6,ace_focused_128,ace,focused,0.0,0.2857,1.0,1.0,0.6016,0.5,128.0,0.5,0.0
bc90ed3208a211ebbd7bac1f6bf848b6,ace_focused_128,ace,focused,0.0,0.0,1.0,1.0,0.7168,0.5,113.0,0.5,0.0
32c37ce40bdd11eba7f7acde48001122,ace_focused_128,ace,focused,0.0,0.0,0.0,0.0,0.0,0.0,100.0,0.5,0.0
0163c020087511ebbd67ac1f6bf848b6,ace_focused_128,ace,focused,0.0,0.0,1.0,1.0,0.5339,0.5,118.0,0.5,0.0
56d2ffcd08d811ebbd9aac1f6bf848b6,ace_focused_128,ace,focused,1.0,1.0,1.0,1.0,0.6066,0.5,122.0,0.5,0.0
dd5d3c540bdc11eba7f7acde48001122,ace_focused_128,ace,focused,0.0,0.0,0.0,0.0,0.2203,0.5,118.0,0.5,0.0
21d392780bda11eba7f7acde48001122,ace_focused_128,ace,focused,0.0,0.0,0.0,0.0,0.3656,0.5,93.0,0.5,0.0
ac2e1b900bdb11eba7f7acde48001122,ace_focused_128,ace,focused,0.0,0.0,0.0,0.3333,0.2679,0.5,112.0,0.5,0.0
95fc614a0bdd11eba7f7acde48001122,ace_focused_128,ace,focused,0.0,0.0,0.0,0.0,0.3047,0.5,128.0,0.5,0.0
7a01a52a089c11ebbd78ac1f6bf848b6,ace_focused_128,ace,focused,1.0,1.0,1.0,1.0,0.5556,0.5,117.0,0.5,0.0
402d63d00bde11eba7f7acde48001122,ace_focused_128,ace,focused,0.0,0.0,0.0,0.0,0.2857,0.5,112.0,0.5,0.0
a5e6e806084911ebbd55ac1f6bf848b6,ace_focused_128,ace,focused,0.0,0.0,1.0,1.0,0.6364,0.5,99.0,0.5,0.0
7019886b093511ebbdaeac1f6bf848b6,ace_focused_128,ace,focused,1.0,1.0,1.0,1.0,0.4375,1.0,128.0,1.0,1.0
05ca361608a511ebbd7dac1f6bf848b6,ace_focused_128,ace,focused,0.0,0.0,0.0,0.5,0.5433,1.0,127.0,1.0,1.0
227adf2c086c11ebbd60ac1f6bf848b6,ace_focused_128,ace,focused,1.0,1.0,1.0,1.0,0.5085,0.5,118.0,0.5,0.0
35e09904086b11ebbd5fac1f6bf848b6,ace_focused_128,ace,focused,0.0,0.0,1.0,1.0,0.5397,0.5,126.0,0.5,0.0
cf357f9008cf11ebbd95ac1f6bf848b6,ace_focused_128,ace,focused,0.0,0.0,0.0,0.0,0.6699,0.5,103.0,1.0,1.0
9b59e0500baf11ebab90acde48001122,ace_focused_128,ace,focused,0.0,0.0,0.0,0.8,0.3982,0.5,113.0,0.5,0.0
c226acb1087e11ebbd6bac1f6bf848b6,ace_focused_128,ace,focused,0.0,0.0,0.0,0.0,0.6068,0.5,117.0,0.5,0.0
e5d416220bdd11eba7f7acde48001122,ace_focused_128,ace,focused,0.0,0.3333,0.0,0.3333,0.5385,0.5,117.0,1.0,1.0
97d4622f089f11ebbd78ac1f6bf848b6,ace_focused_128,ace,focused,1.0,1.0,1.0,1.0,0.5678,1.0,118.0,1.0,1.0
f36fd8e208b911ebbd88ac1f6bf848b6,ace_focused_128,ace,focused,1.0,1.0,1.0,1.0,0.5289,1.0,121.0,1.0,1.0
e1cfab340bda11eba7f7acde48001122,ace_focused_128,ace,focused,0.0,0.0,0.0,0.0,0.2991,0.5,117.0,0.5,0.0
51b179a20bd911eba7f7acde48001122,ace_focused_128,ace,focused,0.0,0.0,0.0,0.3333,0.3115,0.5,122.0,0.5,0.0
3f0a5317085d11ebbd5cac1f6bf848b6,ace_focused_128,ace,focused,1.0,1.0,1.0,1.0,0.4839,0.5,124.0,0.5,0.0
62a9691e0bb011ebab90acde48001122,ace_focused_128,ace,focused,0.0,0.0,1.0,1.0,0.7851,1.0,121.0,1.0,1.0
f329c007089011ebbd72ac1f6bf848b6,ace_focused_128,ace,focused,1.0,1.0,1.0,1.0,0.6281,0.5,121.0,0.5,0.0
66ce82ec0bdb11eba7f7acde48001122,ace_focused_128,ace,focused,0.0,0.0,0.0,0.0,0.2276,0.5,123.0,0.5,0.0
6605282808b811ebbd88ac1f6bf848b6,ace_focused_128,ace,focused,1.0,1.0,0.0,0.0,0.8349,0.5,109.0,0.5,0.0
1865e1e40bdc11eba7f7acde48001122,ace_focused_128,ace,focused,0.0,0.0,0.0,0.0,0.6271,0.5,118.0,0.5,0.0
f0cba8e408cc11ebbd93ac1f6bf848b6,ace_focused_128,ace,focused,0.0,0.0,0.0,0.0,0.605,0.5,119.0,0.5,0.0
5b542d2c0bdb11eba7f7acde48001122,ace_focused_128,ace,focused,0.0,0.0,0.0,0.0,0.1641,0.5,128.0,0.5,0.0
b6ad2a6e0bdd11eba7f7acde48001122,ace_focused_128,ace,focused,0.0,0.0,0.0,0.0,0.377,0.5,122.0,0.5,0.0
09945977084d11ebbd56ac1f6bf848b6,ace_focused_128,ace,focused,0.0,0.0,0.0,0.0,0.7891,1.0,128.0,1.0,1.0
f52b28400bdd11eba7f7acde48001122,ace_focused_128,ace,focused,0.0,0.8,0.0,0.6667,0.3197,0.5,122.0,1.0,1.0
b01239cf086311ebbd5eac1f6bf848b6,ace_focused_128,ace,focused,0.0,0.0,0.0,1.0,0.906,1.0,117.0,1.0,1.0
1f5901840bdc11eba7f7acde48001122,ace_focused_128,ace,focused,0.0,0.0,0.0,0.0,0.2703,0.5,111.0,0.5,0.0
2f1729d608c911ebbd92ac1f6bf848b6,ace_focused_128,ace,focused,1.0,1.0,1.0,1.0,0.4425,0.5,113.0,0.5,0.0
fbc3b82c0bae11ebab90acde48001122,ace_focused_128,ace,focused,0.0,0.1538,0.0,0.25,0.1382,0.5,123.0,0.5,0.0
fd68c8f6085311ebbd59ac1f6bf848b6,ace_focused_128,ace,focused,0.0,0.0,0.0,0.0,0.5872,1.0,109.0,1.0,1.0
c240018708a311ebbd7cac1f6bf848b6,ace_focused_128,ace,focused,1.0,1.0,1.0,1.0,0.8346,1.0,127.0,1.0,1.0
0628ed440bde11eba7f7acde48001122,ace_focused_128,ace,focused,0.0,0.0,1.0,1.0,0.8462,1.0,117.0,1.0,1.0
54b3c3a60bdb11eba7f7acde48001122,ace_focused_128,ace,focused,0.0,0.0,0.0,0.0,0.2131,0.5,122.0,0.5,0.0
bbccb00a08c211ebbd8cac1f6bf848b6,ace_focused_128,ace,focused,0.0,0.0,0.0,0.0,0.1071,0.25,112.0,0.25,0.0
e67fed800bdd11eba7f7acde48001122,ace_focused_128,ace,focused,0.0,0.0,0.0,0.0,0.0,0.0,106.0,1.0,1.0
ace961ec0baf11ebab90acde48001122,ace_focused_128,ace,focused,0.0,0.0,0.0,0.0,0.4711,0.5,121.0,0.5,0.0
0f1f491c088611ebbd6dac1f6bf848b6,ace_focused_128,ace,focused,0.0,0.0,1.0,1.0,0.5242,1.0,124.0,1.0,1.0
e6998c7e08de11ebbd9fac1f6bf848b6,ace_focused_128,ace,focused,0.0,0.0,1.0,1.0,0.5983,0.5,117.0,0.5,0.0
183402b6086511ebbd5eac1f6bf848b6,ace_focused_128,ace,focused,1.0,1.0,1.0,1.0,0.3902,0.25,123.0,0.5,0.0
f5e7f8f80bdd11eba7f7acde48001122,ace_focused_128,ace,focused,0.0,0.0,0.0,0.0,0.0748,0.5,107.0,0.5,0.0
d4a90752086a11ebbd5fac1f6bf848b6,ace_focused_128,ace,focused,0.0,0.0,0.0,0.0,0.4828,1.0,116.0,1.0,1.0
507b477408d811ebbd9aac1f6bf848b6,ace_focused_128,ace,focused,1.0,1.0,1.0,1.0,0.5041,1.0,121.0,1.0,1.0
6e2336660bde11eba7f7acde48001122,ace_focused_128,ace,focused,0.0,0.0,0.0,0.0,0.4062,0.5,128.0,0.5,0.0
9b1655a108e511ebbda4ac1f6bf848b6,ace_focused_128,ace,focused,0.0,0.0,0.0,0.0,0.7656,1.0,128.0,1.0,1.0
553ff092097f11ebbdb0ac1f6bf848b6,ace_focused_128,ace,focused,0.0,0.0,1.0,1.0,0.2222,1.0,126.0,1.0,1.0
6f0bdd140bdc11eba7f7acde48001122,ace_focused_128,ace,focused,0.0,0.0,0.0,0.0,0.4107,0.5,112.0,0.5,0.0
2f3b107c0bde11eba7f7acde48001122,ace_focused_128,ace,focused,0.0,0.0,0.0,0.0,0.7105,0.5,114.0,0.5,0.0
462bb642099211ebbdb0ac1f6bf848b6,ace_focused_128,ace,focused,1.0,1.0,0.0,0.0,0.4454,1.0,119.0,1.0,1.0
fc28c2e80bdc11eba7f7acde48001122,ace_focused_128,ace,focused,0.0,0.0,0.0,0.0,0.3784,0.5,111.0,0.5,0.0
3889ebc80bdc11eba7f7acde48001122,ace_focused_128,ace,focused,0.0,0.0,0.0,0.0,0.2895,0.5,114.0,0.5,0.0
ce0a4f9408eb11ebbda7ac1f6bf848b6,ace_focused_128,ace,focused,0.0,0.0,0.0,0.0,0.3252,1.0,123.0,1.0,1.0
3ed396b0087f11ebbd6bac1f6bf848b6,ace_focused_128,ace,focused,1.0,1.0,1.0,1.0,0.3934,0.25,122.0,0.5,0.0
7e3574e8093c11ebbdaeac1f6bf848b6,ace_focused_128,ace,focused,1.0,1.0,1.0,1.0,0.5043,0.5,115.0,1.0,1.0
80c2cafa08d911ebbd9cac1f6bf848b6,ace_focused_128,ace,focused,0.0,0.0,0.0,0.0,0.4516,0.5,124.0,0.5,0.0
bc702d440baf11ebab90acde48001122,ace_focused_128,ace,focused,0.0,0.0,0.0,0.0,0.1984,0.5,126.0,0.5,0.0
56f73ba60baf11ebab90acde48001122,ace_focused_128,ace,focused,0.0,0.3333,0.0,0.3333,0.4952,0.5,105.0,0.5,0.0
6dd2e77a0bb011ebab90acde48001122,ace_focused_128,ace,focused,0.0,0.0,0.0,0.0,0.2381,0.5,126.0,0.5,0.0
5fdf9c8008b311ebbd86ac1f6bf848b6,ace_focused_128,ace,focused,1.0,1.0,1.0,1.0,0.6186,1.0,118.0,1.0,1.0
65884aca0baf11ebab90acde48001122,ace_focused_128,ace,focused,0.0,0.0,0.0,0.5,0.5701,0.5,107.0,0.5,0.0
416e88500bde11eba7f7acde48001122,ace_focused_128,ace,focused,0.0,0.0,0.0,0.6,0.4579,0.5,107.0,0.5,0.0
e715b66708be11ebbd8aac1f6bf848b6,ace_focused_128,ace,focused,0.0,0.0,0.0,0.0,0.1825,0.5,126.0,1.0,1.0
41edeed3085b11ebbd5cac1f6bf848b6,ace_focused_128,ace,focused,0.0,0.0,0.0,0.0,0.575,1.0,120.0,1.0,1.0
a346f150089811ebbd77ac1f6bf848b6,ace_focused_128,ace,focused,1.0,1.0,0.0,0.9,0.6609,0.5,115.0,0.75,0.0
600eac52085c11ebbd5cac1f6bf848b6,ace_focused_128,ace,focused,1.0,1.0,1.0,1.0,0.3271,0.5,107.0,0.5,0.0
6f7115240bde11eba7f7acde48001122,ace_focused_128,ace,focused,0.0,0.0,0.0,0.0,0.1855,0.5,124.0,0.5,0.0
c1b112a00baf11ebab90acde48001122,ace_focused_128,ace,focused,0.0,0.0,0.0,0.0,0.3981,0.5,108.0,0.5,0.0
371c1d5e0bde11eba7f7acde48001122,ace_focused_128,ace,focused,0.0,0.0,0.0,0.0,0.3805,0.5,113.0,0.5,0.0
69e65bfb08d711ebbd9aac1f6bf848b6,ace_focused_128,ace,focused,1.0,1.0,1.0,1.0,0.1308,0.25,107.0,0.5,0.0
dd01c8180bd911eba7f7acde48001122,ace_focused_128,ace,focused,0.0,0.0,0.0,0.0,0.2778,0.5,126.0,1.0,1.0
ab94845c0baf11ebab90acde48001122,ace_focused_128,ace,focused,0.0,0.0,0.0,0.0,0.248,0.5,125.0,0.5,0.0
6434ea6708eb11ebbda7ac1f6bf848b6,ace_focused_128,ace,focused,1.0,1.0,0.0,0.0,0.472,1.0,125.0,1.0,1.0
57df2e7e0bb011ebab90acde48001122,ace_focused_128,ace,focused,0.0,0.0,0.0,0.0,0.4528,0.5,106.0,0.5,0.0
4313e1320bde11eba7f7acde48001122,ace_focused_128,ace,focused,0.0,0.0,0.0,0.0,0.3613,0.5,119.0,0.5,0.0
6f1c59360bdd11eba7f7acde48001122,ace_focused_128,ace,focused,0.0,0.0,0.0,0.0,0.2778,0.5,108.0,0.5,0.0
3cd45771086e11ebbd62ac1f6bf848b6,ace_focused_128,ace,focused,1.0,1.0,0.0,0.0,0.2188,1.0,128.0,1.0,1.0
b3e0284c087011ebbd63ac1f6bf848b6,ace_focused_128,ace,focused,0.0,0.0,1.0,1.0,0.5641,0.5,117.0,1.0,1.0
0db3321208d311ebbd96ac1f6bf848b6,ace_focused_128,ace,focused,1.0,1.0,1.0,1.0,0.4945,1.0,91.0,1.0,1.0
09c3e79c0bde11eba7f7acde48001122,ace_focused_128,ace,focused,0.0,0.0,0.0,0.0,0.1984,0.5,126.0,0.5,0.0
49409db4093711ebbdaeac1f6bf848b6,ace_focused_128,ace,focused,1.0,1.0,1.0,1.0,0.6827,1.0,104.0,1.0,1.0
e476b380090c11ebbdadac1f6bf848b6,ace_focused_128,ace,focused,1.0,1.0,1.0,1.0,0.4661,0.5,118.0,1.0,1.0
ba07c82908e411ebbda4ac1f6bf848b6,ace_focused_128,ace,focused,0.0,0.0,1.0,1.0,0.6863,1.0,102.0,1.0,1.0
5410b503086c11ebbd61ac1f6bf848b6,ace_focused_128,ace,focused,0.0,0.0,0.0,0.5,0.52,1.0,125.0,1.0,1.0
accfdb580bd911eba7f7acde48001122,ace_focused_128,ace,focused,0.0,0.0,1.0,1.0,1.0,1.0,121.0,1.0,1.0
5ed727980bda11eba7f7acde48001122,ace_focused_128,ace,focused,0.0,0.0,0.0,0.0,0.0,0.0,83.0,0.5,0.0
08d7d0d20bde11eba7f7acde48001122,ace_focused_128,ace,focused,0.0,0.0,0.0,0.0,0.629,0.5,124.0,1.0,1.0
9f9460460bdc11eba7f7acde48001122,ace_focused_128,ace,focused,0.0,0.0,0.0,0.0,0.4646,1.0,127.0,1.0,1.0
d7af391708bb11ebbd88ac1f6bf848b6,ace_focused_128,ace,focused,0.0,0.0,0.0,0.0,0.5726,0.5,124.0,0.5,0.0
f2abc5580bdc11eba7f7acde48001122,ace_focused_128,ace,focused,0.0,0.0,0.0,0.0,0.5039,1.0,127.0,1.0,1.0
5839dbac0bde11eba7f7acde48001122,ace_focused_128,ace,focused,0.0,0.0,1.0,1.0,0.2149,0.5,121.0,0.5,0.0
26d0b2f2085511ebbd59ac1f6bf848b6,ace_focused_128,ace,focused,1.0,1.0,1.0,1.0,0.7788,1.0,113.0,1.0,1.0
6b10f275096011ebbdafac1f6bf848b6,ace_focused_128,ace,focused,0.0,0.0,1.0,1.0,0.4661,1.0,118.0,1.0,1.0
84414bf00bb011ebab90acde48001122,ace_focused_128,ace,focused,0.0,0.0,0.0,0.3333,0.3223,0.5,121.0,1.0,1.0
bedf588e0baf11ebab90acde48001122,ace_focused_128,ace,focused,0.0,0.0,0.0,0.5,0.5164,0.5,122.0,0.5,0.0
3101726e0bdb11eba7f7acde48001122,ace_focused_128,ace,focused,0.0,0.0,0.0,0.0,0.1322,0.5,121.0,0.5,0.0
6e88d85e0bde11eba7f7acde48001122,ace_focused_128,ace,focused,0.0,0.4,1.0,1.0,0.8594,1.0,128.0,1.0,1.0
597a6ac20bd911eba7f7acde48001122,ace_focused_128,ace,focused,0.0,0.0,0.0,0.0,0.6466,0.5,116.0,0.5,0.0
0c4804540bb011ebab90acde48001122,ace_focused_128,ace,focused,0.0,0.0,0.0,1.0,0.7323,1.0,127.0,1.0,1.0
76b617e40bde11eba7f7acde48001122,ace_focused_128,ace,focused,0.0,0.0,0.0,0.6667,0.456,0.5,125.0,0.5,0.0
2b9500fe0bde11eba7f7acde48001122,ace_focused_128,ace,focused,1.0,1.0,1.0,1.0,0.7565,1.0,115.0,1.0,1.0
2acf91800bdd11eba7f7acde48001122,ace_focused_128,ace,focused,0.0,0.0,0.0,0.0,0.3305,0.5,118.0,0.5,0.0
6875b330086711ebbd5eac1f6bf848b6,ace_focused_128,ace,focused,1.0,1.0,0.0,0.75,0.5575,0.5,113.0,0.75,0.0
1332d0ca0bdb11eba7f7acde48001122,ace_focused_128,ace,focused,0.0,0.0,0.0,0.25,0.2719,0.5,114.0,0.5,0.0
39aec54808ab11ebbd81ac1f6bf848b6,ace_focused_128,ace,focused,1.0,1.0,1.0,1.0,0.6393,0.5,122.0,0.75,0.0
4fb9d00c0bdb11eba7f7acde48001122,ace_focused_128,ace,focused,0.0,0.0,0.0,0.0,0.1825,0.5,126.0,0.5,0.0
64ed06f40bdd11eba7f7acde48001122,ace_focused_128,ace,focused,0.0,0.0,0.0,0.0,0.3818,0.5,110.0,0.5,0.0
de95e2e408ad11ebbd83ac1f6bf848b6,ace_focused_128,ace,focused,1.0,1.0,0.0,0.0,0.3398,0.5,103.0,0.5,0.0
214beb5e0bb011ebab90acde48001122,ace_focused_128,ace,focused,0.0,0.0,0.0,0.0,0.2114,0.5,123.0,0.5,0.0
8cdc97de0bdc11eba7f7acde48001122,ace_focused_128,ace,focused,0.0,0.8,1.0,1.0,0.4958,0.5,119.0,1.0,1.0
5be3d2e7089411ebbd75ac1f6bf848b6,ace_focused_128,ace,focused,1.0,1.0,1.0,1.0,0.5938,0.5,128.0,0.5,0.0
e9b332fd089811ebbd77ac1f6bf848b6,ace_focused_128,ace,focused,1.0,1.0,1.0,1.0,0.7339,1.0,124.0,1.0,1.0
bdacec5e085f11ebbd5dac1f6bf848b6,ace_focused_128,ace,focused,1.0,1.0,1.0,1.0,0.6293,0.5,116.0,0.5,0.0
2d319a460bdc11eba7f7acde48001122,ace_focused_128,ace,focused,0.0,0.0,0.0,0.0,0.3675,0.5,117.0,0.5,0.0
bb965c8508af11ebbd83ac1f6bf848b6,ace_focused_128,ace,focused,1.0,1.0,0.0,0.0,0.8218,0.25,101.0,0.25,0.0
78ba517c0bd911eba7f7acde48001122,ace_focused_128,ace,focused,0.0,0.0,0.0,0.5,0.1102,0.5,127.0,0.5,0.0
f5648762086711ebbd5eac1f6bf848b6,ace_focused_128,ace,focused,1.0,1.0,1.0,1.0,0.7476,0.5,103.0,0.5,0.0
fa7ad32b093411ebbdaeac1f6bf848b6,ace_focused_128,ace,focused,1.0,1.0,1.0,1.0,0.5625,1.0,128.0,1.0,1.0
0c818a160bde11eba7f7acde48001122,ace_focused_128,ace,focused,0.0,0.0,0.0,0.0,0.3438,0.5,128.0,0.5,0.0
803a31b9089d11ebbd78ac1f6bf848b6,ace_focused_128,ace,focused,0.0,0.0,0.0,0.0,0.6328,0.75,128.0,0.75,0.0
75fbf09a08c711ebbd91ac1f6bf848b6,ace_focused_128,ace,focused,0.0,0.0,1.0,1.0,0.2547,0.5,106.0,0.5,0.0
070e4d940bde11eba7f7acde48001122,ace_focused_128,ace,focused,0.0,0.0,1.0,1.0,0.4955,1.0,111.0,1.0,1.0
ef0db64a08f311ebbdaaac1f6bf848b6,ace_focused_128,ace,focused,0.0,0.0,0.0,0.0,0.281,0.5,121.0,1.0,1.0
a2745ec4085d11ebbd5cac1f6bf848b6,ace_focused_128,ace,focused,0.0,0.0,0.0,0.0,0.8716,0.5,109.0,1.0,1.0
86a396ba0bdc11eba7f7acde48001122,ace_focused_128,ace,focused,0.0,0.0,0.0,0.0,0.1789,0.5,123.0,0.5,0.0
99e45ebc08e411ebbda4ac1f6bf848b6,ace_focused_128,ace,focused,1.0,1.0,0.0,0.75,0.2,0.25,115.0,0.5,0.0
bf514e0208db11ebbd9cac1f6bf848b6,ace_focused_128,ace,focused,0.0,0.0,1.0,1.0,0.4841,0.5,126.0,0.5,0.0
e64faf900baf11ebab90acde48001122,ace_focused_128,ace,focused,0.0,0.0,0.0,0.5,0.4839,0.5,124.0,0.5,0.0
2eb4b1040bb011ebab90acde48001122,ace_focused_128,ace,focused,0.0,0.0,0.0,0.6,0.785,0.5,107.0,0.5,0.0
6f0a6a5e0bde11eba7f7acde48001122,ace_focused_128,ace,focused,0.0,0.0,0.0,0.0,0.8318,1.0,107.0,1.0,1.0
c4b2a1660bdd11eba7f7acde48001122,ace_focused_128,ace,focused,0.0,0.0,1.0,1.0,0.7395,1.0,119.0,1.0,1.0
45153f740bdb11eba7f7acde48001122,ace_focused_128,ace,focused,0.0,0.0,0.0,0.0,0.2545,0.5,110.0,1.0,1.0
53d6ad2a0bb011ebab90acde48001122,ace_focused_128,ace,focused,0.0,0.0,0.0,0.0,0.2931,0.5,116.0,1.0,1.0
be1e5c620bda11eba7f7acde48001122,ace_focused_128,ace,focused,0.0,0.0,0.0,0.0,0.3,0.5,120.0,1.0,1.0
e2537e7808ab11ebbd82ac1f6bf848b6,ace_focused_128,ace,focused,0.0,0.0,1.0,1.0,0.3889,0.25,126.0,0.5,0.0
3b63d2fe089511ebbd75ac1f6bf848b6,ace_focused_128,ace,focused,0.0,0.0,0.0,0.0,0.2362,0.5,127.0,1.0,1.0
e46c530a0bae11ebab90acde48001122,ace_focused_128,ace,focused,0.0,0.0,0.0,0.0,0.4355,0.5,124.0,0.5,0.0
16e1bf00088511ebbd6dac1f6bf848b6,ace_focused_128,ace,focused,0.0,0.0,0.0,0.0,0.7966,0.5,118.0,0.5,0.0
6a23ecc8089f11ebbd78ac1f6bf848b6,ace_focused_128,ace,focused,0.0,0.0,1.0,1.0,0.5167,0.25,120.0,0.5,0.0
1dbdfcea0bdb11eba7f7acde48001122,ace_focused_128,ace,focused,0.0,0.0,0.0,0.0,0.1094,0.5,128.0,0.5,0.0
d35ce724089911ebbd77ac1f6bf848b6,ace_focused_128,ace,focused,1.0,1.0,1.0,1.0,0.2823,0.5,124.0,1.0,1.0
f4e8557c085b11ebbd5cac1f6bf848b6,ace_focused_128,ace,focused,0.0,0.0,0.0,0.0,0.2362,0.25,127.0,0.25,0.0
870142580bda11eba7f7acde48001122,ace_focused_128,ace,focused,0.0,0.0,0.0,0.0,0.4907,0.5,108.0,0.5,0.0
be9369c80bdd11eba7f7acde48001122,ace_focused_128,ace,focused,0.0,0.0,0.0,0.0,0.2047,0.5,127.0,0.5,0.0
5ff291a80bda11eba7f7acde48001122,ace_focused_128,ace,focused,0.0,0.4,0.0,0.3333,0.2975,0.5,121.0,0.5,0.0
0c13a2ca088811ebbd6eac1f6bf848b6,ace_focused_128,ace,focused,1.0,1.0,1.0,1.0,0.7395,0.5,119.0,0.5,0.0
259721a608e511ebbda4ac1f6bf848b6,ace_focused_128,ace,focused,1.0,1.0,1.0,1.0,0.6349,0.75,126.0,0.75,0.0
6ab2c3860baf11ebab90acde48001122,ace_focused_128,ace,focused,0.0,0.0,0.0,0.5,0.1635,0.5,104.0,0.5,0.0
3a47b9960bdb11eba7f7acde48001122,ace_focused_128,ace,focused,0.0,0.0,0.0,0.0,0.314,0.5,121.0,0.5,0.0
ff36cddc08c011ebbd8aac1f6bf848b6,ace_focused_128,ace,focused,1.0,1.0,1.0,1.0,0.2768,0.25,112.0,0.5,0.0
721f557a0bdd11eba7f7acde48001122,ace_focused_128,ace,focused,0.0,0.0,0.0,0.0,0.125,0.5,120.0,0.5,0.0
3dd414d2095211ebbdaeac1f6bf848b6,ace_focused_128,ace,focused,0.0,0.0,0.0,0.0,0.0,0.0,123.0,0.5,0.0
ea755618087311ebbd67ac1f6bf848b6,ace_focused_128,ace,focused,0.0,0.0,1.0,1.0,0.3423,0.25,111.0,0.5,0.0
49eaffb0089411ebbd75ac1f6bf848b6,ace_focused_128,ace,focused,1.0,1.0,1.0,1.0,0.775,0.75,120.0,0.75,0.0
de7b90800bdd11eba7f7acde48001122,ace_focused_128,ace,focused,0.0,0.0,0.0,0.0,0.24,0.5,125.0,0.5,0.0
0bc8838a0bda11eba7f7acde48001122,ace_focused_128,ace,focused,0.0,0.3333,0.0,0.3333,0.5045,0.5,111.0,1.0,1.0
f9563b3a0bdd11eba7f7acde48001122,ace_focused_128,ace,focused,0.0,0.0,0.0,0.0,0.157,0.5,121.0,0.5,0.0
47cc27fa08bb11ebbd88ac1f6bf848b6,ace_focused_128,ace,focused,1.0,1.0,1.0,1.0,0.5118,1.0,127.0,1.0,1.0
85cc412008b611ebbd88ac1f6bf848b6,ace_focused_128,ace,focused,0.0,0.0,0.0,0.0,0.1803,0.25,122.0,0.5,0.0
0a59ce0a08b711ebbd88ac1f6bf848b6,ace_focused_128,ace,focused,0.0,0.0,0.0,0.0,0.2241,0.5,116.0,0.5,0.0
72f602e60bb011ebab90acde48001122,ace_focused_128,ace,focused,0.0,0.5,1.0,1.0,0.7661,1.0,124.0,1.0,1.0
ae585fc20bd911eba7f7acde48001122,ace_focused_128,ace,focused,0.0,0.0,0.0,0.0,0.5635,0.5,126.0,0.5,0.0
1c0f99380bdd11eba7f7acde48001122,ace_focused_128,ace,focused,0.0,0.0,0.0,0.0,0.2966,0.5,118.0,0.5,0.0
b534d99e098111ebbdb0ac1f6bf848b6,ace_focused_128,ace,focused,1.0,1.0,1.0,1.0,0.6613,0.5,124.0,1.0,1.0
406a4ee00bb011ebab90acde48001122,ace_focused_128,ace,focused,0.0,0.0,0.0,0.6667,0.4672,1.0,122.0,1.0,1.0
48d89aea0bd911eba7f7acde48001122,ace_focused_128,ace,focused,0.0,0.0,0.0,0.0,0.2727,0.5,121.0,0.5,0.0
ece1bdae0bdb11eba7f7acde48001122,ace_focused_128,ace,focused,1.0,1.0,0.0,0.0,0.4524,0.5,126.0,0.5,0.0
ddbc0f6c0bdd11eba7f7acde48001122,ace_focused_128,ace,focused,0.0,0.0,0.0,0.0,0.4252,0.5,127.0,0.5,0.0
168d081a0bb011ebab90acde48001122,ace_focused_128,ace,focused,0.0,0.0,0.0,0.75,0.4567,1.0,127.0,1.0,1.0
677658e80bde11eba7f7acde48001122,ace_focused_128,ace,focused,0.0,0.0,0.0,0.0,0.2816,0.5,103.0,0.5,0.0
a994c54e0bdd11eba7f7acde48001122,ace_focused_128,ace,focused,0.0,0.0,0.0,0.0,0.2661,0.5,124.0,0.5,0.0
3b17c11308f011ebbda8ac1f6bf848b6,ace_focused_128,ace,focused,1.0,1.0,1.0,1.0,0.7705,1.0,122.0,1.0,1.0
552ac62c089311ebbd74ac1f6bf848b6,ace_focused_128,ace,focused,0.0,0.0,1.0,1.0,0.7745,1.0,102.0,1.0,1.0
6cfe1e5408ac11ebbd83ac1f6bf848b6,ace_focused_128,ace,focused,0.0,0.0,0.0,0.0,0.6583,0.5,120.0,0.5,0.0
695c85a1086a11ebbd5fac1f6bf848b6,ace_focused_128,ace,focused,0.0,0.0,1.0,1.0,0.8661,0.5,112.0,0.5,0.0
abf4c578090811ebbdadac1f6bf848b6,ace_focused_128,ace,focused,1.0,1.0,1.0,1.0,0.5547,1.0,128.0,1.0,1.0
eeea54e0085611ebbd59ac1f6bf848b6,ace_focused_128,ace,focused,0.0,0.0,0.0,0.0,0.2593,0.25,108.0,0.5,0.0
a400ea0a0bdc11eba7f7acde48001122,ace_focused_128,ace,focused,0.0,0.0,0.0,0.0,0.4016,0.5,127.0,0.5,0.0
6181829c0bb011ebab90acde48001122,ace_focused_128,ace,focused,0.0,0.0,0.0,0.6,0.5882,0.5,119.0,0.5,0.0
c74ed73b088d11ebbd70ac1f6bf848b6,ace_focused_128,ace,focused,1.0,1.0,1.0,1.0,0.6417,0.5,120.0,0.5,0.0
61cc91aa088c11ebbd6fac1f6bf848b6,ace_focused_128,ace,focused,1.0,1.0,1.0,1.0,0.552,0.5,125.0,0.75,0.0
d16aef420bda11eba7f7acde48001122,ace_focused_128,ace,focused,0.0,0.0,0.0,0.0,0.3871,0.5,124.0,0.5,0.0
632cef18089111ebbd73ac1f6bf848b6,ace_focused_128,ace,focused,0.0,0.0,1.0,1.0,0.4603,0.5,126.0,0.5,0.0
67d902140bb011ebab90acde48001122,ace_focused_128,ace,focused,0.0,0.0,0.0,0.0,0.7097,1.0,124.0,1.0,1.0
df25946e08b211ebbd85ac1f6bf848b6,ace_focused_128,ace,focused,1.0,1.0,1.0,1.0,0.2632,0.25,114.0,0.25,0.0
2a688326089c11ebbd78ac1f6bf848b6,ace_focused_128,ace,focused,1.0,1.0,1.0,1.0,0.4609,0.5,115.0,0.5,0.0
d7281cbe0baf11ebab90acde48001122,ace_focused_128,ace,focused,0.0,0.0,0.0,0.0,0.192,0.5,125.0,0.5,0.0
0507b29d088c11ebbd6fac1f6bf848b6,ace_focused_128,ace,focused,1.0,1.0,1.0,1.0,0.4746,1.0,118.0,1.0,1.0
f4c82ea208a411ebbd7dac1f6bf848b6,ace_focused_128,ace,focused,0.0,0.0,0.0,0.0,1.0,0.5,105.0,0.5,0.0
177e0eda0bde11eba7f7acde48001122,ace_focused_128,ace,focused,0.0,0.0,0.0,0.0,0.4567,0.5,127.0,0.5,0.0
cba75d3408ce11ebbd94ac1f6bf848b6,ace_focused_128,ace,focused,1.0,1.0,0.0,0.0,0.6111,1.0,126.0,1.0,1.0
650ae56108b911ebbd88ac1f6bf848b6,ace_focused_128,ace,focused,0.0,0.0,0.0,0.0,0.336,0.25,125.0,0.5,0.0
3bee1660089911ebbd77ac1f6bf848b6,ace_focused_128,ace,focused,0.0,0.0,1.0,1.0,0.3858,0.5,127.0,0.5,0.0
befbd60c0bdd11eba7f7acde48001122,ace_focused_128,ace,focused,0.0,0.0,0.0,0.0,0.7731,1.0,119.0,1.0,1.0
d94b8e3708e911ebbda7ac1f6bf848b6,ace_focused_128,ace,focused,1.0,1.0,0.0,0.75,0.246,1.0,126.0,1.0,1.0
51c970e6097111ebbdb0ac1f6bf848b6,ace_focused_128,ace,focused,0.0,0.0,0.0,0.0,0.3645,0.5,107.0,1.0,1.0
ba08756a0bdd11eba7f7acde48001122,ace_focused_128,ace,focused,0.0,0.0,0.0,0.0,0.8621,1.0,116.0,1.0,1.0
2e28a87e0bda11eba7f7acde48001122,ace_focused_128,ace,focused,0.0,0.0,0.0,0.0,0.4876,0.5,121.0,0.5,0.0
2164ef1e0bdd11eba7f7acde48001122,ace_focused_128,ace,focused,0.0,0.0,0.0,0.0,0.4711,0.5,121.0,0.5,0.0
83aacaf008ee11ebbda8ac1f6bf848b6,ace_focused_128,ace,focused,1.0,1.0,1.0,1.0,0.7129,1.0,101.0,1.0,1.0
cc93bb5c090711ebbdadac1f6bf848b6,ace_focused_128,ace,focused,1.0,1.0,1.0,1.0,0.3214,1.0,84.0,1.0,1.0
7aa58f360bdb11eba7f7acde48001122,ace_focused_128,ace,focused,0.0,0.0,0.0,0.0,0.5082,0.5,122.0,0.5,0.0
b9e30a520bdb11eba7f7acde48001122,ace_focused_128,ace,focused,0.0,0.0,0.0,0.0,0.5859,0.5,128.0,0.5,0.0
64f1e5e9086d11ebbd62ac1f6bf848b6,ace_focused_128,ace,focused,0.0,0.2857,1.0,1.0,0.4182,0.5,110.0,0.5,0.0
7257a60608cb11ebbd92ac1f6bf848b6,ace_focused_128,ace,focused,0.0,0.0,1.0,1.0,0.6371,0.5,124.0,0.5,0.0
d2c7402008bf11ebbd8aac1f6bf848b6,ace_focused_128,ace,focused,0.0,0.0,0.0,0.0,0.2059,0.25,102.0,0.5,0.0
17ec5f82095d11ebbdaeac1f6bf848b6,ace_focused_128,ace,focused,0.0,0.5,1.0,1.0,0.4234,1.0,111.0,1.0,1.0
f6e7e5a80bae11ebab90acde48001122,ace_focused_128,ace,focused,0.0,0.0,0.0,0.3333,0.3107,0.5,103.0,0.5,0.0
6a848a240bb011ebab90acde48001122,ace_focused_128,ace,focused,0.0,0.4,0.0,0.8,0.1074,0.5,121.0,0.5,0.0
583b8ccc0bd911eba7f7acde48001122,ace_focused_128,ace,focused,1.0,1.0,1.0,1.0,1.0,1.0,125.0,1.0,1.0
81f9510408fa11ebbdacac1f6bf848b6,ace_focused_128,ace,focused,0.0,0.0,1.0,1.0,1.0,1.0,99.0,1.0,1.0
3d1200fc0bde11eba7f7acde48001122,ace_focused_128,ace,focused,0.0,0.0,0.0,0.0,0.1416,0.5,113.0,0.5,0.0
e6f90c9d08c711ebbd91ac1f6bf848b6,ace_focused_128,ace,focused,1.0,1.0,1.0,1.0,0.5982,0.5,112.0,0.5,0.0
fc00ac4a0baf11ebab90acde48001122,ace_focused_128,ace,focused,0.0,0.2,0.0,0.8333,0.4634,0.5,123.0,0.5,0.0
4aee95dc0bd911eba7f7acde48001122,ace_focused_128,ace,focused,0.0,0.0,0.0,0.0,0.3704,0.5,108.0,0.5,0.0
08d74900089611ebbd75ac1f6bf848b6,ace_focused_128,ace,focused,0.0,0.0,1.0,1.0,0.4516,0.5,124.0,0.5,0.0
366860a5086711ebbd5eac1f6bf848b6,ace_focused_128,ace,focused,0.0,0.0,0.0,0.0,0.3579,0.5,95.0,1.0,1.0
d03663e108e211ebbda4ac1f6bf848b6,ace_focused_128,ace,focused,0.0,0.0,0.0,0.0,0.5397,1.0,126.0,1.0,1.0
743f23820bdb11eba7f7acde48001122,ace_focused_128,ace,focused,0.0,0.0,0.0,0.0,0.2661,0.5,124.0,0.5,0.0
a9a7d5580bdd11eba7f7acde48001122,ace_focused_128,ace,focused,0.0,0.0,0.0,0.0,0.2266,0.5,128.0,0.5,0.0
3afba9de094f11ebbdaeac1f6bf848b6,ace_focused_128,ace,focused,1.0,1.0,1.0,1.0,0.5138,1.0,109.0,1.0,1.0
76bb71320bdc11eba7f7acde48001122,ace_focused_128,ace,focused,0.0,0.0,0.0,0.0,0.3879,0.5,116.0,1.0,1.0
c072ad1408d411ebbd97ac1f6bf848b6,ace_focused_128,ace,focused,0.0,0.0,0.0,0.0,0.2823,0.25,124.0,0.5,0.0
8b165288088911ebbd6eac1f6bf848b6,ace_focused_128,ace,focused,1.0,1.0,1.0,1.0,0.513,0.5,115.0,0.5,0.0
4c7a03560bdd11eba7f7acde48001122,ace_focused_128,ace,focused,0.0,0.0,0.0,0.0,0.2973,0.5,111.0,0.5,0.0
af1a8667088311ebbd6dac1f6bf848b6,ace_focused_128,ace,focused,0.0,0.0,0.0,0.0,0.4274,1.0,124.0,1.0,1.0
f7b41d560bdd11eba7f7acde48001122,ace_focused_128,ace,focused,0.0,0.0,0.0,0.0,0.627,0.5,126.0,0.5,0.0
9893834c092711ebbdaeac1f6bf848b6,ace_focused_128,ace,focused,0.0,0.0,1.0,1.0,0.5276,1.0,127.0,1.0,1.0
3068a40c0baf11ebab90acde48001122,ace_focused_128,ace,focused,0.0,0.0,0.0,0.0,0.4286,0.5,119.0,0.5,0.0
cddb28ed08bf11ebbd8aac1f6bf848b6,ace_focused_128,ace,focused,1.0,1.0,1.0,1.0,0.5512,1.0,127.0,1.0,1.0
0a9f880a0bda11eba7f7acde48001122,ace_focused_128,ace,focused,0.0,0.0,0.0,0.5,0.25,0.5,108.0,0.5,0.0
2e12ac000bde11eba7f7acde48001122,ace_focused_128,ace,focused,0.0,0.0,0.0,0.0,0.4018,0.5,112.0,1.0,1.0
829275da08f511ebbdaaac1f6bf848b6,ace_focused_128,ace,focused,1.0,1.0,1.0,1.0,0.4309,1.0,123.0,1.0,1.0
8f8aaf0b088711ebbd6dac1f6bf848b6,ace_focused_128,ace,focused,0.0,0.0,1.0,1.0,0.904,1.0,125.0,1.0,1.0
097583d2095711ebbdaeac1f6bf848b6,ace_focused_128,ace,focused,1.0,1.0,1.0,1.0,0.352,1.0,125.0,1.0,1.0
6b9a2cb4087911ebbd67ac1f6bf848b6,ace_focused_128,ace,focused,1.0,1.0,1.0,1.0,0.4228,1.0,123.0,1.0,1.0
13ec0a08089111ebbd72ac1f6bf848b6,ace_focused_128,ace,focused,1.0,1.0,1.0,1.0,0.5398,1.0,113.0,1.0,1.0
62444d9a0bb011ebab90acde48001122,ace_focused_128,ace,focused,0.0,0.0,0.0,0.0,0.3471,0.5,121.0,0.5,0.0
998af60a088b11ebbd6fac1f6bf848b6,ace_focused_128,ace,focused,1.0,1.0,1.0,1.0,0.8672,0.75,128.0,0.75,0.0
f0ec33f00bdd11eba7f7acde48001122,ace_focused_128,ace,focused,0.0,0.0,1.0,1.0,0.3577,0.5,123.0,0.5,0.0
04dfe47c0bdb11eba7f7acde48001122,ace_focused_128,ace,focused,0.0,0.0,0.0,0.0,0.6349,0.5,126.0,0.5,0.0
e2f26a20089111ebbd73ac1f6bf848b6,ace_focused_128,ace,focused,1.0,1.0,1.0,1.0,0.6429,0.25,112.0,0.5,0.0
fec25d0c0bdc11eba7f7acde48001122,ace_focused_128,ace,focused,0.0,0.0,0.0,0.0,0.6562,0.5,128.0,1.0,1.0
8715eeb808e411ebbda4ac1f6bf848b6,ace_focused_128,ace,focused,0.0,0.0,1.0,1.0,0.3644,0.25,118.0,0.5,0.0
93e6f2c60bdd11eba7f7acde48001122,ace_focused_128,ace,focused,0.0,0.0,0.0,0.0,0.8,1.0,115.0,1.0,1.0
1cf4dbe80baf11ebab90acde48001122,ace_focused_128,ace,focused,0.0,0.0,0.0,0.0,0.4286,0.5,119.0,0.5,0.0
815fa2ae0bda11eba7f7acde48001122,ace_focused_128,ace,focused,0.0,0.0,0.0,0.3333,0.264,0.5,125.0,1.0,1.0
b22b87b40bd911eba7f7acde48001122,ace_focused_128,ace,focused,0.0,0.0,0.0,0.0,0.2051,0.5,117.0,0.5,0.0
388978ca08c411ebbd8eac1f6bf848b6,ace_focused_128,ace,focused,1.0,1.0,0.0,0.75,0.56,0.5,125.0,0.5,0.0
efcb57f00bdb11eba7f7acde48001122,ace_focused_128,ace,focused,0.0,0.0,0.0,0.0,0.2787,0.5,122.0,0.5,0.0
fe91ee700bdb11eba7f7acde48001122,ace_focused_128,ace,focused,1.0,1.0,1.0,1.0,1.0,1.0,127.0,1.0,1.0
e4364efd088111ebbd6dac1f6bf848b6,ace_focused_128,ace,focused,1.0,1.0,1.0,1.0,0.6063,1.0,127.0,1.0,1.0
61d4545708b111ebbd85ac1f6bf848b6,ace_focused_128,ace,focused,1.0,1.0,0.0,0.3333,0.1654,0.25,127.0,0.25,0.0
7da84dd40bb011ebab90acde48001122,ace_focused_128,ace,focused,0.0,0.0,0.0,0.0,0.3008,0.5,123.0,0.5,0.0
105a765e0bdc11eba7f7acde48001122,ace_focused_128,ace,focused,1.0,1.0,1.0,1.0,0.6387,1.0,119.0,1.0,1.0
1f98da43088111ebbd6dac1f6bf848b6,ace_focused_128,ace,focused,0.0,0.2857,1.0,1.0,0.2544,0.25,114.0,0.25,0.0
13c15658087311ebbd66ac1f6bf848b6,ace_focused_128,ace,focused,0.0,0.0,1.0,1.0,0.8704,0.5,108.0,0.5,0.0
28016c540bdc11eba7f7acde48001122,ace_focused_128,ace,focused,0.0,0.0,0.0,0.0,0.2818,0.5,110.0,0.5,0.0
c218f9d20bdd11eba7f7acde48001122,ace_focused_128,ace,focused,0.0,0.0,0.0,0.0,0.5079,0.5,126.0,1.0,1.0
4c5074f9089711ebbd76ac1f6bf848b6,ace_focused_128,ace,focused,1.0,1.0,1.0,1.0,0.4545,1.0,99.0,1.0,1.0
e5fa9df9085c11ebbd5cac1f6bf848b6,ace_focused_128,ace,focused,1.0,1.0,1.0,1.0,0.6,1.0,115.0,1.0,1.0
9cf255e3088911ebbd6eac1f6bf848b6,ace_focused_128,ace,focused,0.0,0.0,0.0,0.0,0.7642,1.0,123.0,1.0,1.0
ed1b71de08de11ebbd9fac1f6bf848b6,ace_focused_128,ace,focused,0.0,0.0,0.0,0.3333,0.1417,0.25,127.0,0.25,0.0
f9ac302a0bd911eba7f7acde48001122,ace_focused_128,ace,focused,0.0,0.0,0.0,0.0,0.6694,0.5,124.0,0.5,0.0
a9d6c4e40bdd11eba7f7acde48001122,ace_focused_128,ace,focused,0.0,0.0,0.0,0.0,0.3071,0.5,127.0,0.5,0.0
1442e9a20bde11eba7f7acde48001122,ace_focused_128,ace,focused,0.0,0.0,0.0,0.0,0.0,0.0,104.0,0.5,0.0
164f0f7f08c711ebbd91ac1f6bf848b6,ace_focused_128,ace,focused,0.0,0.0,0.0,0.0,0.5586,1.0,111.0,1.0,1.0
b728e70c094411ebbdaeac1f6bf848b6,ace_focused_128,ace,focused,0.0,0.0,0.0,0.5,0.3571,1.0,126.0,1.0,1.0
e3477e760bdd11eba7f7acde48001122,ace_focused_128,ace,focused,0.0,0.0,0.0,0.0,0.3364,0.5,107.0,0.5,0.0
8114aef808c811ebbd91ac1f6bf848b6,ace_focused_128,ace,focused,0.0,0.0,1.0,1.0,0.1939,0.25,98.0,0.5,0.0
54014a680baf11ebab90acde48001122,ace_focused_128,ace,focused,0.0,0.0,0.0,0.3333,0.2266,0.5,128.0,0.5,0.0
3647118c0bdd11eba7f7acde48001122,ace_focused_128,ace,focused,0.0,0.0,0.0,0.0,0.1967,0.5,122.0,0.5,0.0
75612cee0bde11eba7f7acde48001122,ace_focused_128,ace,focused,0.0,0.0,0.0,0.0,0.0,0.0,113.0,0.0,0.0
f6384b5c099e11ebbdb0ac1f6bf848b6,ace_focused_128,ace,focused,0.0,0.0,1.0,1.0,0.623,1.0,122.0,1.0,1.0
748446060bdb11eba7f7acde48001122,ace_focused_128,ace,focused,0.0,0.0,0.0,0.0,0.2205,0.5,127.0,0.5,0.0
f872fe92096c11ebbdafac1f6bf848b6,ace_focused_128,ace,focused,0.0,0.0,0.0,0.6667,0.64,0.5,100.0,1.0,1.0
281793980bdd11eba7f7acde48001122,ace_focused_128,ace,focused,0.0,0.0,0.0,0.0,0.9714,1.0,105.0,1.0,1.0
c03e86180bdd11eba7f7acde48001122,ace_focused_128,ace,focused,0.0,0.0,0.0,0.0,0.1296,0.5,108.0,0.5,0.0
6668ebd20bde11eba7f7acde48001122,ace_focused_128,ace,focused,0.0,0.0,0.0,0.0,0.4211,0.5,114.0,0.5,0.0
e19960120bdd11eba7f7acde48001122,ace_focused_128,ace,focused,0.0,0.0,0.0,0.0,0.0,0.0,128.0,0.0,0.0
fc1d47b7088e11ebbd70ac1f6bf848b6,ace_focused_128,ace,focused,1.0,1.0,1.0,1.0,0.7692,0.75,117.0,0.75,0.0
1b62189208a111ebbd78ac1f6bf848b6,ace_focused_128,ace,focused,0.0,0.0,0.0,0.75,0.7244,1.0,127.0,1.0,1.0
8272c3eb093111ebbdaeac1f6bf848b6,ace_focused_128,ace,focused,1.0,1.0,1.0,1.0,0.6797,1.0,128.0,1.0,1.0
77fd1ca20bb011ebab90acde48001122,ace_focused_128,ace,focused,0.0,0.0,0.0,0.75,0.5922,0.5,103.0,1.0,1.0
c4962ee20bdc11eba7f7acde48001122,ace_focused_128,ace,focused,0.0,0.0,0.0,0.0,0.1719,0.5,128.0,0.5,0.0
4020ce88097011ebbdb0ac1f6bf848b6,ace_focused_128,ace,focused,1.0,1.0,1.0,1.0,0.5447,1.0,123.0,1.0,1.0
4a8ffd360bdb11eba7f7acde48001122,ace_focused_128,ace,focused,0.0,0.0,0.0,0.3333,0.3228,0.5,127.0,0.5,0.0
080aff1c0bde11eba7f7acde48001122,ace_focused_128,ace,focused,0.0,0.0,0.0,0.0,0.0,0.0,113.0,0.5,0.0
1bf30a41086611ebbd5eac1f6bf848b6,ace_focused_128,ace,focused,0.0,0.0,0.0,0.0,0.6887,0.5,106.0,0.5,0.0
5cd30b020bd911eba7f7acde48001122,ace_focused_128,ace,focused,0.0,0.0,0.0,0.0,0.4017,0.5,117.0,0.5,0.0
0fc59fa00bde11eba7f7acde48001122,ace_focused_128,ace,focused,0.0,0.0,0.0,0.3333,0.5966,0.5,119.0,0.5,0.0
1f94954908b011ebbd84ac1f6bf848b6,ace_focused_128,ace,focused,0.0,0.0,0.0,0.0,0.5,0.5,118.0,1.0,1.0
e85d87f4095111ebbdaeac1f6bf848b6,ace_focused_128,ace,focused,0.0,0.0,1.0,1.0,0.6613,1.0,124.0,1.0,1.0
2d69078008d311ebbd96ac1f6bf848b6,ace_focused_128,ace,focused,1.0,1.0,1.0,1.0,0.5938,0.5,128.0,0.75,0.0
62a8a24e0bde11eba7f7acde48001122,ace_focused_128,ace,focused,0.0,0.0,0.0,0.0,0.6777,0.5,121.0,1.0,1.0
f1cc94540bdd11eba7f7acde48001122,ace_focused_128,ace,focused,0.0,0.0,1.0,1.0,0.2315,0.5,108.0,0.5,0.0
98f909d40bdd11eba7f7acde48001122,ace_focused_128,ace,focused,0.0,0.0,0.0,0.0,0.3254,0.5,126.0,0.5,0.0
f7aa41be0bdd11eba7f7acde48001122,ace_focused_128,ace,focused,0.0,0.0,1.0,1.0,0.5312,1.0,128.0,1.0,1.0
88be48840bda11eba7f7acde48001122,ace_focused_128,ace,focused,1.0,1.0,1.0,1.0,0.424,0.5,125.0,0.5,0.0
22be69d908b511ebbd88ac1f6bf848b6,ace_focused_128,ace,focused,1.0,1.0,1.0,1.0,0.5433,0.5,127.0,0.5,0.0
e3fe2a600bdb11eba7f7acde48001122,ace_focused_128,ace,focused,1.0,1.0,1.0,1.0,0.512,1.0,125.0,1.0,1.0
7f49e96e0baf11ebab90acde48001122,ace_focused_128,ace,focused,0.0,0.0,0.0,0.6667,0.6161,0.5,112.0,0.5,0.0
aef6771208b311ebbd86ac1f6bf848b6,ace_focused_128,ace,focused,1.0,1.0,1.0,1.0,1.0,0.75,118.0,0.75,0.0
bfb58f38089611ebbd76ac1f6bf848b6,ace_focused_128,ace,focused,1.0,1.0,0.0,0.6667,0.664,0.5,125.0,0.5,0.0
0306ad3308fe11ebbdadac1f6bf848b6,ace_focused_128,ace,focused,0.0,0.0,0.0,0.0,0.6667,1.0,105.0,1.0,1.0
750737d6084911ebbd55ac1f6bf848b6,ace_focused_128,ace,focused,0.0,0.0,1.0,1.0,0.6847,1.0,111.0,1.0,1.0
7a8eae7d088111ebbd6dac1f6bf848b6,ace_focused_128,ace,focused,1.0,1.0,1.0,1.0,0.5556,1.0,126.0,1.0,1.0
45be519d086e11ebbd62ac1f6bf848b6,ace_focused_128,ace,focused,0.0,0.0,1.0,1.0,0.562,0.5,121.0,0.5,0.0
e3772fb40bdc11eba7f7acde48001122,ace_focused_128,ace,focused,0.0,0.0,0.0,0.3333,0.7742,0.5,124.0,0.5,0.0
72b6fb5a08ae11ebbd83ac1f6bf848b6,ace_focused_128,ace,focused,0.0,0.0,0.0,0.0,0.3704,0.25,108.0,0.5,0.0
5e3bb8cc0bd911eba7f7acde48001122,ace_focused_128,ace,focused,0.0,0.0,0.0,0.0,0.1382,0.5,123.0,0.5,0.0
c9ba19e708b311ebbd86ac1f6bf848b6,ace_focused_128,ace,focused,0.0,0.0,0.0,0.0,0.2453,1.0,106.0,1.0,1.0
2858ddc609b211ebbdb0ac1f6bf848b6,ace_focused_128,ace,focused,1.0,1.0,0.0,0.3333,0.7188,0.5,128.0,1.0,1.0
768c67280bde11eba7f7acde48001122,ace_focused_128,ace,focused,0.0,0.0,1.0,1.0,0.6864,1.0,118.0,1.0,1.0
88d450740bdb11eba7f7acde48001122,ace_focused_128,ace,focused,0.0,0.0,0.0,0.0,0.3191,0.5,94.0,0.5,0.0
fd75ede80bdb11eba7f7acde48001122,ace_focused_128,ace,focused,0.0,0.0,0.0,0.0,0.4531,0.5,128.0,0.5,0.0
bd21c466089711ebbd77ac1f6bf848b6,ace_focused_128,ace,focused,0.0,0.0,0.0,0.5,0.6693,1.0,127.0,1.0,1.0
faa9cb0b087711ebbd67ac1f6bf848b6,ace_focused_128,ace,focused,0.0,0.0,0.0,0.0,0.1811,0.25,127.0,0.5,0.0
13b377680bde11eba7f7acde48001122,ace_focused_128,ace,focused,0.0,0.0,0.0,0.5,0.2656,0.5,128.0,0.5,0.0
791a6e4d087111ebbd63ac1f6bf848b6,ace_focused_128,ace,focused,0.0,0.0,0.0,0.0,0.76,0.5,125.0,0.5,0.0
26497355084c11ebbd56ac1f6bf848b6,ace_focused_128,ace,focused,0.0,0.0,0.0,0.0,0.6,0.5,100.0,0.5,0.0
7246ee5a0bb011ebab90acde48001122,ace_focused_128,ace,focused,0.0,0.0,0.0,0.0,0.2564,0.5,117.0,0.5,0.0
6a70f6f80bb011ebab90acde48001122,ace_focused_128,ace,focused,0.0,0.0,0.0,0.0,0.6833,0.5,120.0,0.5,0.0
8d0836540bdd11eba7f7acde48001122,ace_focused_128,ace,focused,0.0,0.0,0.0,0.0,0.608,1.0,125.0,1.0,1.0
a405efb708d811ebbd9cac1f6bf848b6,ace_focused_128,ace,focused,1.0,1.0,1.0,1.0,0.7054,0.5,112.0,0.5,0.0
637434540bde11eba7f7acde48001122,ace_focused_128,ace,focused,0.0,0.0,1.0,1.0,0.5648,0.5,108.0,0.5,0.0
b838d62f086711ebbd5eac1f6bf848b6,ace_focused_128,ace,focused,0.0,0.0,0.0,0.0,0.5238,1.0,126.0,1.0,1.0
42f6d3b208b911ebbd88ac1f6bf848b6,ace_focused_128,ace,focused,0.0,0.0,1.0,1.0,0.6522,1.0,115.0,1.0,1.0
200e7a01087611ebbd67ac1f6bf848b6,ace_focused_128,ace,focused,1.0,1.0,0.0,0.0,0.1488,0.25,121.0,0.5,0.0
4637ec300bdb11eba7f7acde48001122,ace_focused_128,ace,focused,0.0,0.0,0.0,0.0,0.2339,0.5,124.0,0.5,0.0
f6960ae0086011ebbd5dac1f6bf848b6,ace_focused_128,ace,focused,1.0,1.0,1.0,1.0,0.4444,1.0,117.0,1.0,1.0
f9e63d80085d11ebbd5cac1f6bf848b6,ace_focused_128,ace,focused,1.0,1.0,1.0,1.0,0.5794,0.5,126.0,0.5,0.0
60ccb178086811ebbd5eac1f6bf848b6,ace_focused_128,ace,focused,0.0,0.0,1.0,1.0,0.6207,0.5,116.0,0.5,0.0
d8dd595708fb11ebbdacac1f6bf848b6,ace_focused_128,ace,focused,0.0,0.0,1.0,1.0,0.46,1.0,100.0,1.0,1.0
b50759c3087811ebbd67ac1f6bf848b6,ace_focused_128,ace,focused,0.0,0.0,1.0,1.0,0.5843,0.5,89.0,0.5,0.0
d3c779240bdd11eba7f7acde48001122,ace_focused_128,ace,focused,0.0,0.0,0.0,0.0,0.2231,0.5,121.0,0.5,0.0
2260e6380bde11eba7f7acde48001122,ace_focused_128,ace,focused,0.0,0.0,0.0,0.0,0.2627,0.5,118.0,0.5,0.0
ea7d22c808b211ebbd85ac1f6bf848b6,ace_focused_128,ace,focused,0.0,0.0,1.0,1.0,0.4,0.5,125.0,0.5,0.0
f3798752088c11ebbd70ac1f6bf848b6,ace_focused_128,ace,focused,0.0,0.0,0.0,0.0,0.122,0.25,123.0,0.5,0.0
ac94af4a0bdb11eba7f7acde48001122,ace_focused_128,ace,focused,0.0,0.0,0.0,0.0,0.2742,0.5,124.0,1.0,1.0
cf57f2ef087011ebbd63ac1f6bf848b6,ace_focused_128,ace,focused,0.0,0.0,0.0,0.0,0.448,1.0,125.0,1.0,1.0
f9e9d784084d11ebbd56ac1f6bf848b6,ace_focused_128,ace,focused,1.0,1.0,1.0,1.0,0.4219,0.25,128.0,0.5,0.0
a3ac1ca20bda11eba7f7acde48001122,ace_focused_128,ace,focused,0.0,0.0,0.0,0.0,0.256,0.5,125.0,0.5,0.0
49baa9120bde11eba7f7acde48001122,ace_focused_128,ace,focused,1.0,1.0,1.0,1.0,0.65,1.0,120.0,1.0,1.0
85f17aea08c911ebbd92ac1f6bf848b6,ace_focused_128,ace,focused,0.0,0.0,1.0,1.0,0.6167,0.5,120.0,0.5,0.0
a9e322b20bdc11eba7f7acde48001122,ace_focused_128,ace,focused,0.0,0.0,0.0,0.0,0.1391,0.5,115.0,0.5,0.0
65937853086511ebbd5eac1f6bf848b6,ace_focused_128,ace,focused,1.0,1.0,1.0,1.0,0.6957,1.0,115.0,1.0,1.0
31d2f293088111ebbd6dac1f6bf848b6,ace_focused_128,ace,focused,0.0,0.0,0.0,0.0,0.7059,1.0,119.0,1.0,1.0
4d3ab509099c11ebbdb0ac1f6bf848b6,ace_focused_128,ace,focused,0.0,0.0,0.0,0.0,0.55,1.0,120.0,1.0,1.0
4c319d400bde11eba7f7acde48001122,ace_focused_128,ace,focused,0.0,0.0,0.0,0.0,0.4035,0.5,114.0,0.5,0.0
b629226608d911ebbd9cac1f6bf848b6,ace_focused_128,ace,focused,1.0,1.0,1.0,1.0,0.7815,1.0,119.0,1.0,1.0
dbf6cc6d090d11ebbdadac1f6bf848b6,ace_focused_128,ace,focused,1.0,1.0,1.0,1.0,0.7686,1.0,121.0,1.0,1.0
3c76b104085711ebbd5aac1f6bf848b6,ace_focused_128,ace,focused,1.0,1.0,1.0,1.0,0.7874,0.5,127.0,0.5,0.0
593d2a5a0bdd11eba7f7acde48001122,ace_focused_128,ace,focused,0.0,0.0,0.0,0.0,0.0,0.0,101.0,0.0,0.0
97ce7fc0084a11ebbd56ac1f6bf848b6,ace_focused_128,ace,focused,1.0,1.0,1.0,1.0,0.5417,1.0,120.0,1.0,1.0
b64c031d087011ebbd63ac1f6bf848b6,ace_focused_128,ace,focused,1.0,1.0,1.0,1.0,0.181,0.25,116.0,0.5,0.0
afabab100bdc11eba7f7acde48001122,ace_focused_128,ace,focused,0.0,0.0,0.0,0.0,0.2453,0.5,106.0,0.5,0.0
a4f57a360bda11eba7f7acde48001122,ace_focused_128,ace,focused,0.0,0.0,0.0,0.0,0.6017,0.5,118.0,0.5,0.0
bfab161a0bda11eba7f7acde48001122,ace_focused_128,ace,focused,1.0,1.0,1.0,1.0,0.5914,1.0,93.0,1.0,1.0
818d01360bda11eba7f7acde48001122,ace_focused_128,ace,focused,0.0,0.0,0.0,0.0,0.3672,0.5,128.0,0.5,0.0
45df5d7c0bdb11eba7f7acde48001122,ace_focused_128,ace,focused,0.0,0.0,0.0,0.0,0.5463,0.5,108.0,0.5,0.0
12c908fe096c11ebbdafac1f6bf848b6,ace_focused_128,ace,focused,0.0,0.0,0.0,0.0,1.0,1.0,100.0,1.0,1.0
3805416e0bde11eba7f7acde48001122,ace_focused_128,ace,focused,0.0,0.0,0.0,0.0,0.2437,0.5,119.0,0.5,0.0
92ca60080bdd11eba7f7acde48001122,ace_focused_128,ace,focused,0.0,0.0,0.0,0.5,0.2083,0.5,120.0,0.5,0.0
be9164e80bdd11eba7f7acde48001122,ace_focused_128,ace,focused,0.0,0.0,0.0,0.0,0.272,0.5,125.0,0.5,0.0
74f331ee0bd911eba7f7acde48001122,ace_focused_128,ace,focused,0.0,0.0,0.0,0.0,0.45,0.5,120.0,1.0,1.0
1d50380c0bdd11eba7f7acde48001122,ace_focused_128,ace,focused,0.0,0.0,0.0,0.0,0.0,0.0,113.0,0.5,0.0
72a501e40baf11ebab90acde48001122,ace_focused_128,ace,focused,0.0,0.0,0.0,0.0,0.2126,0.5,127.0,1.0,1.0
59a6e7020baf11ebab90acde48001122,ace_focused_128,ace,focused,0.0,0.0,0.0,0.5,0.0,0.0,93.0,0.5,0.0
9fc45d75089811ebbd77ac1f6bf848b6,ace_focused_128,ace,focused,1.0,1.0,1.0,1.0,1.0,1.0,122.0,1.0,1.0
c137025f086611ebbd5eac1f6bf848b6,ace_focused_128,ace,focused,0.0,0.0,1.0,1.0,0.2241,0.25,116.0,0.25,0.0
02ae4663095611ebbdaeac1f6bf848b6,ace_focused_128,ace,focused,1.0,1.0,1.0,1.0,0.7982,1.0,109.0,1.0,1.0
42594134084f11ebbd56ac1f6bf848b6,ace_focused_128,ace,focused,1.0,1.0,1.0,1.0,0.438,1.0,121.0,1.0,1.0
421ca5940bb011ebab90acde48001122,ace_focused_128,ace,focused,0.0,0.2,0.0,0.8,0.4516,0.5,124.0,1.0,1.0
34c3dd940bde11eba7f7acde48001122,ace_mmr_128,ace,mmr,0.0,0.0,0.0,0.0,0.3622,0.5,127.0,1.0,1.0
a1c37dc40bdd11eba7f7acde48001122,ace_mmr_128,ace,mmr,0.0,0.0,0.0,0.0,0.3153,0.5,111.0,1.0,1.0
e051bd000bdb11eba7f7acde48001122,ace_mmr_128,ace,mmr,0.0,0.0,1.0,1.0,0.3271,0.5,107.0,0.5,0.0
f02d1c2208b811ebbd88ac1f6bf848b6,ace_mmr_128,ace,mmr,0.0,0.0,0.0,0.0,0.746,0.5,126.0,0.75,0.0
782f0c160bd911eba7f7acde48001122,ace_mmr_128,ace,mmr,0.0,0.0,0.0,0.0,0.1732,0.5,127.0,0.5,0.0
21e70b7e0bde11eba7f7acde48001122,ace_mmr_128,ace,mmr,0.0,0.0,0.0,0.0,0.0,0.0,123.0,0.5,0.0
8d3d54ec0bdd11eba7f7acde48001122,ace_mmr_128,ace,mmr,0.0,0.0,0.0,0.0,0.152,0.5,125.0,0.5,0.0
33bcd7ce0bda11eba7f7acde48001122,ace_mmr_128,ace,mmr,0.0,0.0,0.0,0.0,0.3145,0.5,124.0,0.5,0.0
249f9f060bda11eba7f7acde48001122,ace_mmr_128,ace,mmr,0.0,0.0,0.0,0.0,0.2109,0.5,128.0,0.5,0.0
45eb6a5408b611ebbd88ac1f6bf848b6,ace_mmr_128,ace,mmr,1.0,1.0,1.0,1.0,0.5463,0.5,108.0,0.5,0.0
5f02fdf2084f11ebbd56ac1f6bf848b6,ace_mmr_128,ace,mmr,0.0,0.0,0.0,0.0,0.175,0.5,120.0,0.5,0.0
af356f7a0bd911eba7f7acde48001122,ace_mmr_128,ace,mmr,0.0,0.0,0.0,0.25,0.2906,0.5,117.0,0.5,0.0
dbca21a20bd911eba7f7acde48001122,ace_mmr_128,ace,mmr,0.0,0.0,0.0,0.0,0.1215,0.5,107.0,0.5,0.0
27d8ec30091f11ebbdaeac1f6bf848b6,ace_mmr_128,ace,mmr,1.0,1.0,0.0,0.0,0.3333,0.5,117.0,0.5,0.0
808f9f1808b111ebbd85ac1f6bf848b6,ace_mmr_128,ace,mmr,1.0,1.0,1.0,1.0,0.4188,1.0,117.0,1.0,1.0
d6b29805087b11ebbd69ac1f6bf848b6,ace_mmr_128,ace,mmr,0.0,0.0,0.0,0.0,0.5968,0.5,124.0,0.5,0.0
9b8278a20bdd11eba7f7acde48001122,ace_mmr_128,ace,mmr,0.0,0.0,0.0,0.0,0.76,0.5,100.0,0.5,0.0
c99fc05e0bd911eba7f7acde48001122,ace_mmr_128,ace,mmr,0.0,0.0,0.0,0.0,0.3415,0.5,123.0,0.5,0.0
60465ce2085411ebbd59ac1f6bf848b6,ace_mmr_128,ace,mmr,1.0,1.0,1.0,1.0,0.5664,0.5,113.0,0.5,0.0
3e0cebde0bd911eba7f7acde48001122,ace_mmr_128,ace,mmr,0.0,0.0,0.0,0.0,0.2435,0.5,115.0,0.5,0.0
3cddcc46086511ebbd5eac1f6bf848b6,ace_mmr_128,ace,mmr,1.0,1.0,1.0,1.0,0.5614,1.0,114.0,1.0,1.0
7f6e237109c411ebbdb0ac1f6bf848b6,ace_mmr_128,ace,mmr,0.0,0.0,0.0,0.0,0.4118,0.5,119.0,1.0,1.0
dc3a36a00bdd11eba7f7acde48001122,ace_mmr_128,ace,mmr,1.0,1.0,1.0,1.0,1.0,1.0,94.0,1.0,1.0
09ede27e08fd11ebbdadac1f6bf848b6,ace_mmr_128,ace,mmr,0.0,0.0,0.0,0.0,0.2577,0.5,97.0,1.0,1.0
003285a80bde11eba7f7acde48001122,ace_mmr_128,ace,mmr,0.0,0.0,0.0,0.5,0.1074,0.5,121.0,0.5,0.0
0e2082e408d111ebbd95ac1f6bf848b6,ace_mmr_128,ace,mmr,0.0,0.0,0.0,0.0,0.6721,1.0,122.0,1.0,1.0
322178260bde11eba7f7acde48001122,ace_mmr_128,ace,mmr,0.0,0.0,0.0,0.0,0.6967,0.5,122.0,0.5,0.0
4c1772720bb011ebab90acde48001122,ace_mmr_128,ace,mmr,0.0,0.2,0.0,0.5,0.2155,0.5,116.0,0.5,0.0
adf59bec0bdb11eba7f7acde48001122,ace_mmr_128,ace,mmr,0.0,0.0,0.0,0.3333,0.3607,0.5,122.0,0.5,0.0
136c700c089611ebbd76ac1f6bf848b6,ace_mmr_128,ace,mmr,1.0,1.0,1.0,1.0,0.811,1.0,127.0,1.0,1.0
6b2ad6600bdb11eba7f7acde48001122,ace_mmr_128,ace,mmr,0.0,0.0,1.0,1.0,0.4841,1.0,126.0,1.0,1.0
e6a4ff4c0bda11eba7f7acde48001122,ace_mmr_128,ace,mmr,0.0,0.0,0.0,0.3333,0.3913,0.5,115.0,0.5,0.0
a163b2d1087d11ebbd6bac1f6bf848b6,ace_mmr_128,ace,mmr,1.0,1.0,1.0,1.0,0.4828,0.5,116.0,1.0,1.0
be851b660bdd11eba7f7acde48001122,ace_mmr_128,ace,mmr,0.0,0.0,0.0,0.5,0.488,0.5,125.0,1.0,1.0
fbc352ec0bae11ebab90acde48001122,ace_mmr_128,ace,mmr,0.0,0.0,0.0,0.8,0.3934,0.5,122.0,1.0,1.0
041879d0093a11ebbdaeac1f6bf848b6,ace_mmr_128,ace,mmr,0.0,0.0,1.0,1.0,0.375,0.5,112.0,1.0,1.0
8dcab52d092f11ebbdaeac1f6bf848b6,ace_mmr_128,ace,mmr,0.0,0.0,0.0,0.0,0.1417,0.5,127.0,1.0,1.0
6a765fc60bb011ebab90acde48001122,ace_mmr_128,ace,mmr,0.0,0.5,1.0,1.0,0.5505,0.5,109.0,1.0,1.0
0c4973520bb011ebab90acde48001122,ace_mmr_128,ace,mmr,0.0,0.4444,0.0,0.875,0.2155,0.5,116.0,1.0,1.0
350ec8b80bde11eba7f7acde48001122,ace_mmr_128,ace,mmr,0.0,0.0,0.0,0.0,0.5182,0.5,110.0,0.5,0.0
16d7da20087911ebbd67ac1f6bf848b6,ace_mmr_128,ace,mmr,0.0,0.0,0.0,0.0,0.1019,0.5,108.0,1.0,1.0
d60529440baf11ebab90acde48001122,ace_mmr_128,ace,mmr,0.0,0.0,0.0,0.0,0.735,0.5,117.0,0.5,0.0
400bf8800bde11eba7f7acde48001122,ace_mmr_128,ace,mmr,0.0,0.5,0.0,0.6667,0.4646,1.0,127.0,1.0,1.0
725dc29a0bda11eba7f7acde48001122,ace_mmr_128,ace,mmr,0.0,0.0,0.0,0.0,0.265,0.5,117.0,0.5,0.0
c99c181e08b911ebbd88ac1f6bf848b6,ace_mmr_128,ace,mmr,0.0,0.0,0.0,0.0,0.3509,0.25,114.0,0.5,0.0
1eeb91060bde11eba7f7acde48001122,ace_mmr_128,ace,mmr,0.0,0.0,0.0,0.0,0.4019,0.5,107.0,1.0,1.0
27944f240bdd11eba7f7acde48001122,ace_mmr_128,ace,mmr,1.0,1.0,0.0,0.0,0.312,0.5,125.0,0.5,0.0
0254eea408b911ebbd88ac1f6bf848b6,ace_mmr_128,ace,mmr,0.0,0.0,1.0,1.0,1.0,1.0,121.0,1.0,1.0
f48667b80bda11eba7f7acde48001122,ace_mmr_128,ace,mmr,0.0,0.0,0.0,0.0,0.232,0.5,125.0,0.5,0.0
8145e4de0baf11ebab90acde48001122,ace_mmr_128,ace,mmr,0.0,0.0,0.0,0.0,0.36,0.5,125.0,0.5,0.0
62ce8c8e0bde11eba7f7acde48001122,ace_mmr_128,ace,mmr,0.0,0.0,1.0,1.0,0.0,0.0,127.0,0.5,0.0
ae30933a088b11ebbd6fac1f6bf848b6,ace_mmr_128,ace,mmr,0.0,0.0,0.0,0.0,0.4118,0.5,119.0,0.5,0.0
7e3f262c0bd911eba7f7acde48001122,ace_mmr_128,ace,mmr,0.0,0.0,0.0,0.0,0.1301,0.5,123.0,0.5,0.0
fac0692508c111ebbd8bac1f6bf848b6,ace_mmr_128,ace,mmr,0.0,0.0,1.0,1.0,0.1774,0.5,124.0,1.0,1.0
21832f3c0bde11eba7f7acde48001122,ace_mmr_128,ace,mmr,1.0,1.0,1.0,1.0,0.7953,1.0,127.0,1.0,1.0
6d1fa90e086711ebbd5eac1f6bf848b6,ace_mmr_128,ace,mmr,0.0,0.0,1.0,1.0,0.3906,1.0,128.0,1.0,1.0
566c1e2c08a811ebbd7fac1f6bf848b6,ace_mmr_128,ace,mmr,1.0,1.0,1.0,1.0,0.288,0.25,125.0,0.25,0.0
8682d20708d311ebbd96ac1f6bf848b6,ace_mmr_128,ace,mmr,0.0,0.0,0.0,0.0,0.2034,0.25,118.0,0.5,0.0
33a140280bde11eba7f7acde48001122,ace_mmr_128,ace,mmr,0.0,0.0,0.0,0.0,0.287,0.5,115.0,0.5,0.0
c6ac8fcc0bdd11eba7f7acde48001122,ace_mmr_128,ace,mmr,0.0,0.0,0.0,0.0,0.3131,0.5,99.0,1.0,1.0
ee559aaa08c211ebbd8cac1f6bf848b6,ace_mmr_128,ace,mmr,0.0,0.0,1.0,1.0,0.4141,0.25,128.0,0.5,0.0
17e3349208df11ebbd9fac1f6bf848b6,ace_mmr_128,ace,mmr,1.0,1.0,0.0,1.0,1.0,1.0,114.0,1.0,1.0
beb3605c0bdd11eba7f7acde48001122,ace_mmr_128,ace,mmr,0.0,0.0,0.0,0.0,0.2033,0.5,123.0,0.5,0.0
fcdafe320bdb11eba7f7acde48001122,ace_mmr_128,ace,mmr,0.0,0.0,0.0,0.0,0.252,0.5,123.0,0.5,0.0
28669c5a0bdc11eba7f7acde48001122,ace_mmr_128,ace,mmr,1.0,1.0,1.0,1.0,0.4882,1.0,127.0,1.0,1.0
bd00729c0bdb11eba7f7acde48001122,ace_mmr_128,ace,mmr,0.0,0.0,1.0,1.0,0.2598,0.5,127.0,0.5,0.0
a9bdb2a4099a11ebbdb0ac1f6bf848b6,ace_mmr_128,ace,mmr,0.0,0.0,0.0,0.0,0.4083,1.0,120.0,1.0,1.0
1ec21fed08a511ebbd7dac1f6bf848b6,ace_mmr_128,ace,mmr,0.0,0.0,0.0,0.0,0.5138,0.5,109.0,0.5,0.0
9a1b06b60bdb11eba7f7acde48001122,ace_mmr_128,ace,mmr,0.0,0.0,0.0,0.0,0.08,0.5,125.0,0.5,0.0
c598b04f095211ebbdaeac1f6bf848b6,ace_mmr_128,ace,mmr,1.0,1.0,1.0,1.0,0.5333,1.0,120.0,1.0,1.0
5ead23420baf11ebab90acde48001122,ace_mmr_128,ace,mmr,0.0,0.0,0.0,0.3333,1.0,0.5,112.0,1.0,1.0
101a05820bdd11eba7f7acde48001122,ace_mmr_128,ace,mmr,0.0,0.0,0.0,0.3333,0.4825,0.5,114.0,0.5,0.0
0302950e096311ebbdafac1f6bf848b6,ace_mmr_128,ace,mmr,1.0,1.0,1.0,1.0,0.8261,1.0,115.0,1.0,1.0
016e72260bdc11eba7f7acde48001122,ace_mmr_128,ace,mmr,0.0,0.0,0.0,0.0,0.4519,0.5,104.0,0.5,0.0
f2ff844c0bda11eba7f7acde48001122,ace_mmr_128,ace,mmr,0.0,0.5,0.0,0.5,0.3226,0.5,124.0,0.5,0.0
188e20a60bdb11eba7f7acde48001122,ace_mmr_128,ace,mmr,0.0,0.4,0.0,0.5,0.4211,0.5,114.0,0.5,0.0
fc26ee1c08d211ebbd96ac1f6bf848b6,ace_mmr_128,ace,mmr,0.0,0.0,1.0,1.0,0.632,0.5,125.0,0.75,0.0
e95acdbc085f11ebbd5dac1f6bf848b6,ace_mmr_128,ace,mmr,0.0,0.0,1.0,1.0,0.619,0.5,126.0,0.5,0.0
eeafddd00bdd11eba7f7acde48001122,ace_mmr_128,ace,mmr,0.0,0.0,0.0,0.0,0.7391,0.5,115.0,1.0,1.0
47219fad085111ebbd58ac1f6bf848b6,ace_mmr_128,ace,mmr,0.0,0.0,0.0,0.0,0.3043,0.5,92.0,1.0,1.0
c370b4540bd911eba7f7acde48001122,ace_mmr_128,ace,mmr,0.0,0.0,0.0,0.0,0.7387,0.5,111.0,1.0,1.0
2ba9b53c0bdc11eba7f7acde48001122,ace_mmr_128,ace,mmr,0.0,0.0,0.0,0.0,0.1709,0.5,117.0,0.5,0.0
a6202170089911ebbd77ac1f6bf848b6,ace_mmr_128,ace,mmr,1.0,1.0,0.0,0.0,0.1681,0.25,119.0,0.5,0.0
b7fa1522089911ebbd77ac1f6bf848b6,ace_mmr_128,ace,mmr,0.0,0.0,1.0,1.0,0.1339,0.25,127.0,0.5,0.0
2210c90b08c811ebbd91ac1f6bf848b6,ace_mmr_128,ace,mmr,0.0,0.0,0.0,0.0,0.627,0.5,126.0,0.5,0.0
6bbe4cf80bd911eba7f7acde48001122,ace_mmr_128,ace,mmr,0.0,0.0,0.0,0.0,0.4274,0.5,124.0,0.5,0.0
01c9f7960bdb11eba7f7acde48001122,ace_mmr_128,ace,mmr,0.0,0.0,0.0,0.0,0.0,0.0,124.0,0.0,0.0
8894ca2808e111ebbda2ac1f6bf848b6,ace_mmr_128,ace,mmr,0.0,0.0,1.0,1.0,0.3333,0.25,108.0,0.5,0.0
fd704fe00bdc11eba7f7acde48001122,ace_mmr_128,ace,mmr,0.0,0.0,0.0,0.0,0.4771,0.5,109.0,1.0,1.0
375e7e4408c611ebbd90ac1f6bf848b6,ace_mmr_128,ace,mmr,1.0,1.0,0.0,0.5,0.4958,0.5,119.0,0.5,0.0
b583abd20baf11ebab90acde48001122,ace_mmr_128,ace,mmr,0.0,0.0,0.0,0.5,0.0,0.0,103.0,1.0,1.0
f7a3d98a08ab11ebbd82ac1f6bf848b6,ace_mmr_128,ace,mmr,1.0,1.0,1.0,1.0,0.6032,0.5,126.0,0.5,0.0
61644425091011ebbdadac1f6bf848b6,ace_mmr_128,ace,mmr,0.0,0.0,1.0,1.0,0.5575,1.0,113.0,1.0,1.0
32edaabe0bb011ebab90acde48001122,ace_mmr_128,ace,mmr,0.0,0.0,0.0,0.5,0.0,0.0,125.0,0.5,0.0
002f12240bde11eba7f7acde48001122,ace_mmr_128,ace,mmr,0.0,0.0,0.0,0.0,0.2793,0.5,111.0,1.0,1.0
50d225540bde11eba7f7acde48001122,ace_mmr_128,ace,mmr,0.0,0.0,1.0,1.0,0.0,0.0,122.0,0.0,0.0
17904a03087611ebbd67ac1f6bf848b6,ace_mmr_128,ace,mmr,1.0,1.0,1.0,1.0,0.4622,0.5,119.0,0.5,0.0
5a4826b00bde11eba7f7acde48001122,ace_mmr_128,ace,mmr,0.0,0.5,1.0,1.0,0.6909,1.0,110.0,1.0,1.0
6dd9acf20bda11eba7f7acde48001122,ace_mmr_128,ace,mmr,0.0,0.0,0.0,0.0,0.1157,0.5,121.0,0.5,0.0
614eef2a0bde11eba7f7acde48001122,ace_mmr_128,ace,mmr,0.0,0.0,0.0,0.0,0.2389,0.5,113.0,0.5,0.0
73695ca80bda11eba7f7acde48001122,ace_mmr_128,ace,mmr,0.0,0.0,0.0,0.0,0.1053,0.5,114.0,0.5,0.0
150df73c086411ebbd5eac1f6bf848b6,ace_mmr_128,ace,mmr,1.0,1.0,1.0,1.0,0.2913,0.5,127.0,0.5,0.0
ac3e7fc3093711ebbdaeac1f6bf848b6,ace_mmr_128,ace,mmr,1.0,1.0,1.0,1.0,0.2193,0.5,114.0,1.0,1.0
5cad7ed608a111ebbd79ac1f6bf848b6,ace_mmr_128,ace,mmr,1.0,1.0,0.0,0.6667,0.2541,0.5,122.0,1.0,1.0
172fd661094811ebbdaeac1f6bf848b6,ace_mmr_128,ace,mmr,0.0,0.0,1.0,1.0,0.4711,1.0,121.0,1.0,1.0
222bd7ec0bdc11eba7f7acde48001122,ace_mmr_128,ace,mmr,0.0,0.6667,1.0,1.0,0.7475,1.0,99.0,1.0,1.0
39c32aa2086411ebbd5eac1f6bf848b6,ace_mmr_128,ace,mmr,0.0,0.0,1.0,1.0,1.0,1.0,99.0,1.0,1.0
7379ce100bdc11eba7f7acde48001122,ace_mmr_128,ace,mmr,0.0,0.0,0.0,0.0,0.2975,0.5,121.0,0.5,0.0
61e86d5a0bdc11eba7f7acde48001122,ace_mmr_128,ace,mmr,0.0,0.0,0.0,0.3333,0.416,0.5,125.0,0.5,0.0
d05cc8bf08c911ebbd92ac1f6bf848b6,ace_mmr_128,ace,mmr,0.0,0.0,0.0,0.0,0.4299,0.25,107.0,0.5,0.0
408a8365085311ebbd59ac1f6bf848b6,ace_mmr_128,ace,mmr,0.0,0.0,0.0,0.0,0.12,0.25,125.0,0.25,0.0
eb18f7ac0baf11ebab90acde48001122,ace_mmr_128,ace,mmr,0.0,0.0,0.0,0.0,0.4016,0.5,127.0,0.5,0.0
0290cd840baf11ebab90acde48001122,ace_mmr_128,ace,mmr,0.0,0.0,0.0,0.0,0.6299,0.5,127.0,0.5,0.0
6ff41ad6087411ebbd67ac1f6bf848b6,ace_mmr_128,ace,mmr,0.0,0.0,1.0,1.0,0.7009,1.0,107.0,1.0,1.0
05dac2220bde11eba7f7acde48001122,ace_mmr_128,ace,mmr,0.0,0.0,1.0,1.0,0.8145,1.0,124.0,1.0,1.0
b1bb441b08e411ebbda4ac1f6bf848b6,ace_mmr_128,ace,mmr,1.0,1.0,1.0,1.0,0.3271,0.5,107.0,1.0,1.0
132a5430085d11ebbd5cac1f6bf848b6,ace_mmr_128,ace,mmr,0.0,0.0,0.0,0.0,0.4123,0.5,114.0,1.0,1.0
a664606d087e11ebbd6bac1f6bf848b6,ace_mmr_128,ace,mmr,1.0,1.0,1.0,1.0,0.5159,0.5,126.0,0.5,0.0
eec1dcfb08b911ebbd88ac1f6bf848b6,ace_mmr_128,ace,mmr,0.0,0.2857,1.0,1.0,0.6016,0.5,128.0,0.5,0.0
bc90ed3208a211ebbd7bac1f6bf848b6,ace_mmr_128,ace,mmr,1.0,1.0,1.0,1.0,1.0,0.5,123.0,0.5,0.0
32c37ce40bdd11eba7f7acde48001122,ace_mmr_128,ace,mmr,0.0,0.0,1.0,1.0,0.5,0.5,98.0,0.5,0.0
0163c020087511ebbd67ac1f6bf848b6,ace_mmr_128,ace,mmr,1.0,1.0,1.0,1.0,0.5339,0.5,118.0,0.5,0.0
56d2ffcd08d811ebbd9aac1f6bf848b6,ace_mmr_128,ace,mmr,1.0,1.0,1.0,1.0,0.6066,0.5,122.0,0.5,0.0
dd5d3c540bdc11eba7f7acde48001122,ace_mmr_128,ace,mmr,0.0,0.0,0.0,0.0,0.2203,0.5,118.0,0.5,0.0
21d392780bda11eba7f7acde48001122,ace_mmr_128,ace,mmr,0.0,0.0,0.0,0.0,0.3656,0.5,93.0,0.5,0.0
ac2e1b900bdb11eba7f7acde48001122,ace_mmr_128,ace,mmr,0.0,0.0,0.0,0.3333,0.2679,0.5,112.0,0.5,0.0
95fc614a0bdd11eba7f7acde48001122,ace_mmr_128,ace,mmr,0.0,0.0,0.0,0.0,0.3047,0.5,128.0,0.5,0.0
7a01a52a089c11ebbd78ac1f6bf848b6,ace_mmr_128,ace,mmr,1.0,1.0,1.0,1.0,0.5556,0.5,117.0,0.5,0.0
402d63d00bde11eba7f7acde48001122,ace_mmr_128,ace,mmr,0.0,0.0,0.0,0.0,0.2857,0.5,112.0,0.5,0.0
a5e6e806084911ebbd55ac1f6bf848b6,ace_mmr_128,ace,mmr,0.0,0.0,1.0,1.0,0.2991,0.25,117.0,0.5,0.0
7019886b093511ebbdaeac1f6bf848b6,ace_mmr_128,ace,mmr,1.0,1.0,1.0,1.0,0.4375,1.0,128.0,1.0,1.0
05ca361608a511ebbd7dac1f6bf848b6,ace_mmr_128,ace,mmr,0.0,0.0,0.0,0.5,0.5847,1.0,118.0,1.0,1.0
227adf2c086c11ebbd60ac1f6bf848b6,ace_mmr_128,ace,mmr,1.0,1.0,0.0,0.0,0.0,0.0,104.0,0.5,0.0
35e09904086b11ebbd5fac1f6bf848b6,ace_mmr_128,ace,mmr,0.0,0.0,1.0,1.0,0.5397,0.5,126.0,0.5,0.0
cf357f9008cf11ebbd95ac1f6bf848b6,ace_mmr_128,ace,mmr,0.0,0.0,0.0,0.0,0.6699,0.5,103.0,1.0,1.0
9b59e0500baf11ebab90acde48001122,ace_mmr_128,ace,mmr,0.0,0.0,0.0,0.8,0.3982,0.5,113.0,0.5,0.0
c226acb1087e11ebbd6bac1f6bf848b6,ace_mmr_128,ace,mmr,0.0,0.0,0.0,0.0,0.6068,0.5,117.0,0.5,0.0
e5d416220bdd11eba7f7acde48001122,ace_mmr_128,ace,mmr,0.0,0.3333,0.0,0.3333,0.5385,0.5,117.0,1.0,1.0
97d4622f089f11ebbd78ac1f6bf848b6,ace_mmr_128,ace,mmr,1.0,1.0,1.0,1.0,0.5678,1.0,118.0,1.0,1.0
f36fd8e208b911ebbd88ac1f6bf848b6,ace_mmr_128,ace,mmr,1.0,1.0,1.0,1.0,0.512,1.0,125.0,1.0,1.0
e1cfab340bda11eba7f7acde48001122,ace_mmr_128,ace,mmr,0.0,0.0,0.0,0.0,0.3684,0.5,95.0,0.5,0.0
51b179a20bd911eba7f7acde48001122,ace_mmr_128,ace,mmr,0.0,0.0,0.0,0.3333,0.3115,0.5,122.0,0.5,0.0
3f0a5317085d11ebbd5cac1f6bf848b6,ace_mmr_128,ace,mmr,0.0,0.0,1.0,1.0,0.4839,0.5,124.0,0.5,0.0
62a9691e0bb011ebab90acde48001122,ace_mmr_128,ace,mmr,0.0,0.0,1.0,1.0,0.7851,1.0,121.0,1.0,1.0
f329c007089011ebbd72ac1f6bf848b6,ace_mmr_128,ace,mmr,1.0,1.0,1.0,1.0,0.6281,0.5,121.0,0.5,0.0
66ce82ec0bdb11eba7f7acde48001122,ace_mmr_128,ace,mmr,0.0,0.0,0.0,0.0,0.3386,0.5,127.0,0.5,0.0
6605282808b811ebbd88ac1f6bf848b6,ace_mmr_128,ace,mmr,0.0,0.0,0.0,0.0,0.2957,0.25,115.0,0.5,0.0
1865e1e40bdc11eba7f7acde48001122,ace_mmr_128,ace,mmr,0.0,0.0,0.0,0.0,0.6271,0.5,118.0,0.5,0.0
f0cba8e408cc11ebbd93ac1f6bf848b6,ace_mmr_128,ace,mmr,0.0,0.0,0.0,0.0,0.605,0.5,119.0,0.5,0.0
5b542d2c0bdb11eba7f7acde48001122,ace_mmr_128,ace,mmr,0.0,0.0,0.0,0.0,0.1641,0.5,128.0,0.5,0.0
b6ad2a6e0bdd11eba7f7acde48001122,ace_mmr_128,ace,mmr,0.0,0.0,0.0,0.0,0.377,0.5,122.0,0.5,0.0
09945977084d11ebbd56ac1f6bf848b6,ace_mmr_128,ace,mmr,0.0,0.0,0.0,0.0,0.7891,1.0,128.0,1.0,1.0
f52b28400bdd11eba7f7acde48001122,ace_mmr_128,ace,mmr,0.0,0.8,0.0,0.6667,0.3611,0.5,108.0,1.0,1.0
b01239cf086311ebbd5eac1f6bf848b6,ace_mmr_128,ace,mmr,0.0,0.0,0.0,0.5,0.3445,0.5,119.0,1.0,1.0
1f5901840bdc11eba7f7acde48001122,ace_mmr_128,ace,mmr,0.0,0.0,0.0,0.0,0.2703,0.5,111.0,0.5,0.0
2f1729d608c911ebbd92ac1f6bf848b6,ace_mmr_128,ace,mmr,1.0,1.0,1.0,1.0,0.3968,0.5,126.0,0.5,0.0
fbc3b82c0bae11ebab90acde48001122,ace_mmr_128,ace,mmr,0.0,0.1538,0.0,0.25,0.1382,0.5,123.0,0.5,0.0
fd68c8f6085311ebbd59ac1f6bf848b6,ace_mmr_128,ace,mmr,0.0,0.0,0.0,0.0,0.5872,1.0,109.0,1.0,1.0
c240018708a311ebbd7cac1f6bf848b6,ace_mmr_128,ace,mmr,1.0,1.0,1.0,1.0,0.8346,1.0,127.0,1.0,1.0
0628ed440bde11eba7f7acde48001122,ace_mmr_128,ace,mmr,0.0,0.0,0.0,0.0,0.3445,0.5,119.0,1.0,1.0
54b3c3a60bdb11eba7f7acde48001122,ace_mmr_128,ace,mmr,0.0,0.0,0.0,0.0,0.2131,0.5,122.0,0.5,0.0
bbccb00a08c211ebbd8cac1f6bf848b6,ace_mmr_128,ace,mmr,0.0,0.0,0.0,0.0,0.1071,0.25,112.0,0.25,0.0
e67fed800bdd11eba7f7acde48001122,ace_mmr_128,ace,mmr,0.0,0.0,0.0,0.0,0.0,0.0,106.0,1.0,1.0
ace961ec0baf11ebab90acde48001122,ace_mmr_128,ace,mmr,0.0,0.0,0.0,0.0,0.562,0.5,121.0,0.5,0.0
0f1f491c088611ebbd6dac1f6bf848b6,ace_mmr_128,ace,mmr,0.0,0.0,1.0,1.0,0.5242,1.0,124.0,1.0,1.0
e6998c7e08de11ebbd9fac1f6bf848b6,ace_mmr_128,ace,mmr,1.0,1.0,1.0,1.0,0.3719,0.5,121.0,0.5,0.0
183402b6086511ebbd5eac1f6bf848b6,ace_mmr_128,ace,mmr,1.0,1.0,1.0,1.0,0.4034,0.25,119.0,0.5,0.0
f5e7f8f80bdd11eba7f7acde48001122,ace_mmr_128,ace,mmr,0.0,0.0,0.0,0.0,0.0748,0.5,107.0,0.5,0.0
d4a90752086a11ebbd5fac1f6bf848b6,ace_mmr_128,ace,mmr,0.0,0.0,0.0,0.0,0.4828,1.0,116.0,1.0,1.0
507b477408d811ebbd9aac1f6bf848b6,ace_mmr_128,ace,mmr,1.0,1.0,1.0,1.0,0.5041,1.0,121.0,1.0,1.0
6e2336660bde11eba7f7acde48001122,ace_mmr_128,ace,mmr,0.0,0.0,0.0,0.0,0.4062,0.5,128.0,0.5,0.0
9b1655a108e511ebbda4ac1f6bf848b6,ace_mmr_128,ace,mmr,0.0,0.0,0.0,0.0,0.4602,0.5,113.0,1.0,1.0
553ff092097f11ebbdb0ac1f6bf848b6,ace_mmr_128,ace,mmr,0.0,0.0,1.0,1.0,0.2222,1.0,126.0,1.0,1.0
6f0bdd140bdc11eba7f7acde48001122,ace_mmr_128,ace,mmr,0.0,0.0,0.0,0.0,0.4107,0.5,112.0,0.5,0.0
2f3b107c0bde11eba7f7acde48001122,ace_mmr_128,ace,mmr,0.0,0.0,0.0,0.0,0.7105,0.5,114.0,0.5,0.0
462bb642099211ebbdb0ac1f6bf848b6,ace_mmr_128,ace,mmr,1.0,1.0,0.0,0.0,0.4454,1.0,119.0,1.0,1.0
fc28c2e80bdc11eba7f7acde48001122,ace_mmr_128,ace,mmr,0.0,0.0,0.0,0.0,0.3784,0.5,111.0,0.5,0.0
3889ebc80bdc11eba7f7acde48001122,ace_mmr_128,ace,mmr,0.0,0.0,0.0,0.0,0.2895,0.5,114.0,0.5,0.0
ce0a4f9408eb11ebbda7ac1f6bf848b6,ace_mmr_128,ace,mmr,0.0,0.0,0.0,0.0,0.3252,1.0,123.0,1.0,1.0
3ed396b0087f11ebbd6bac1f6bf848b6,ace_mmr_128,ace,mmr,1.0,1.0,1.0,1.0,0.3934,0.25,122.0,0.5,0.0
7e3574e8093c11ebbdaeac1f6bf848b6,ace_mmr_128,ace,mmr,1.0,1.0,1.0,1.0,0.5043,0.5,115.0,1.0,1.0
80c2cafa08d911ebbd9cac1f6bf848b6,ace_mmr_128,ace,mmr,0.0,0.0,0.0,0.0,0.4516,0.5,124.0,0.5,0.0
bc702d440baf11ebab90acde48001122,ace_mmr_128,ace,mmr,0.0,0.0,0.0,0.5,0.3644,0.5,118.0,0.5,0.0
56f73ba60baf11ebab90acde48001122,ace_mmr_128,ace,mmr,0.0,0.3333,0.0,0.3333,0.4952,0.5,105.0,0.5,0.0
6dd2e77a0bb011ebab90acde48001122,ace_mmr_128,ace,mmr,0.0,0.0,0.0,0.0,0.2381,0.5,126.0,0.5,0.0
5fdf9c8008b311ebbd86ac1f6bf848b6,ace_mmr_128,ace,mmr,1.0,1.0,1.0,1.0,0.6186,1.0,118.0,1.0,1.0
65884aca0baf11ebab90acde48001122,ace_mmr_128,ace,mmr,0.0,0.0,0.0,0.5,0.5701,0.5,107.0,0.5,0.0
416e88500bde11eba7f7acde48001122,ace_mmr_128,ace,mmr,0.0,0.0,0.0,0.6,0.4579,0.5,107.0,0.5,0.0
e715b66708be11ebbd8aac1f6bf848b6,ace_mmr_128,ace,mmr,0.0,0.0,0.0,0.0,0.1825,0.5,126.0,1.0,1.0
41edeed3085b11ebbd5cac1f6bf848b6,ace_mmr_128,ace,mmr,0.0,0.0,0.0,0.0,0.5565,1.0,115.0,1.0,1.0
a346f150089811ebbd77ac1f6bf848b6,ace_mmr_128,ace,mmr,1.0,1.0,0.0,0.9,0.6929,0.5,127.0,0.75,0.0
600eac52085c11ebbd5cac1f6bf848b6,ace_mmr_128,ace,mmr,1.0,1.0,1.0,1.0,0.3271,0.5,107.0,0.5,0.0
6f7115240bde11eba7f7acde48001122,ace_mmr_128,ace,mmr,0.0,0.0,0.0,0.0,0.1855,0.5,124.0,0.5,0.0
c1b112a00baf11ebab90acde48001122,ace_mmr_128,ace,mmr,0.0,0.0,0.0,0.0,0.3981,0.5,108.0,0.5,0.0
371c1d5e0bde11eba7f7acde48001122,ace_mmr_128,ace,mmr,0.0,0.0,0.0,0.0,0.3805,0.5,113.0,0.5,0.0
69e65bfb08d711ebbd9aac1f6bf848b6,ace_mmr_128,ace,mmr,1.0,1.0,1.0,1.0,0.1308,0.25,107.0,0.5,0.0
dd01c8180bd911eba7f7acde48001122,ace_mmr_128,ace,mmr,0.0,0.0,0.0,0.0,0.2778,0.5,126.0,1.0,1.0
ab94845c0baf11ebab90acde48001122,ace_mmr_128,ace,mmr,0.0,0.0,0.0,0.0,0.248,0.5,125.0,0.5,0.0
6434ea6708eb11ebbda7ac1f6bf848b6,ace_mmr_128,ace,mmr,1.0,1.0,0.0,0.0,0.472,1.0,125.0,1.0,1.0
57df2e7e0bb011ebab90acde48001122,ace_mmr_128,ace,mmr,0.0,0.0,0.0,0.0,0.4528,0.5,106.0,0.5,0.0
4313e1320bde11eba7f7acde48001122,ace_mmr_128,ace,mmr,0.0,0.0,0.0,0.0,0.3613,0.5,119.0,0.5,0.0
6f1c59360bdd11eba7f7acde48001122,ace_mmr_128,ace,mmr,0.0,0.0,0.0,0.0,0.2778,0.5,108.0,0.5,0.0
3cd45771086e11ebbd62ac1f6bf848b6,ace_mmr_128,ace,mmr,1.0,1.0,0.0,0.0,0.2188,1.0,128.0,1.0,1.0
b3e0284c087011ebbd63ac1f6bf848b6,ace_mmr_128,ace,mmr,1.0,1.0,1.0,1.0,0.5143,0.5,105.0,1.0,1.0
0db3321208d311ebbd96ac1f6bf848b6,ace_mmr_128,ace,mmr,1.0,1.0,1.0,1.0,0.3516,1.0,128.0,1.0,1.0
09c3e79c0bde11eba7f7acde48001122,ace_mmr_128,ace,mmr,0.0,0.0,0.0,0.0,0.2033,0.5,123.0,0.5,0.0
49409db4093711ebbdaeac1f6bf848b6,ace_mmr_128,ace,mmr,1.0,1.0,1.0,1.0,0.5917,1.0,120.0,1.0,1.0
e476b380090c11ebbdadac1f6bf848b6,ace_mmr_128,ace,mmr,1.0,1.0,1.0,1.0,0.4661,0.5,118.0,1.0,1.0
ba07c82908e411ebbda4ac1f6bf848b6,ace_mmr_128,ace,mmr,0.0,0.0,0.0,0.0,0.3451,0.5,113.0,1.0,1.0
5410b503086c11ebbd61ac1f6bf848b6,ace_mmr_128,ace,mmr,0.0,0.0,0.0,0.5,0.52,1.0,125.0,1.0,1.0
accfdb580bd911eba7f7acde48001122,ace_mmr_128,ace,mmr,0.0,0.0,1.0,1.0,0.8189,1.0,127.0,1.0,1.0
5ed727980bda11eba7f7acde48001122,ace_mmr_128,ace,mmr,0.0,0.0,0.0,0.0,0.0,0.0,83.0,0.5,0.0
08d7d0d20bde11eba7f7acde48001122,ace_mmr_128,ace,mmr,0.0,0.0,0.0,0.0,0.629,0.5,124.0,1.0,1.0
9f9460460bdc11eba7f7acde48001122,ace_mmr_128,ace,mmr,0.0,0.0,0.0,0.0,0.6532,1.0,124.0,1.0,1.0
d7af391708bb11ebbd88ac1f6bf848b6,ace_mmr_128,ace,mmr,0.0,0.0,0.0,0.0,0.5726,0.5,124.0,0.5,0.0
f2abc5580bdc11eba7f7acde48001122,ace_mmr_128,ace,mmr,0.0,0.0,0.0,0.0,0.5039,1.0,127.0,1.0,1.0
5839dbac0bde11eba7f7acde48001122,ace_mmr_128,ace,mmr,0.0,0.0,1.0,1.0,0.2149,0.5,121.0,0.5,0.0
26d0b2f2085511ebbd59ac1f6bf848b6,ace_mmr_128,ace,mmr,1.0,1.0,1.0,1.0,0.7788,1.0,113.0,1.0,1.0
6b10f275096011ebbdafac1f6bf848b6,ace_mmr_128,ace,mmr,0.0,0.0,1.0,1.0,0.8699,1.0,123.0,1.0,1.0
84414bf00bb011ebab90acde48001122,ace_mmr_128,ace,mmr,0.0,0.0,0.0,0.3333,0.3223,0.5,121.0,1.0,1.0
bedf588e0baf11ebab90acde48001122,ace_mmr_128,ace,mmr,0.0,0.0,0.0,0.5,0.5164,0.5,122.0,0.5,0.0
3101726e0bdb11eba7f7acde48001122,ace_mmr_128,ace,mmr,0.0,0.0,0.0,0.0,0.1311,0.5,122.0,0.5,0.0
6e88d85e0bde11eba7f7acde48001122,ace_mmr_128,ace,mmr,0.0,0.0,0.0,0.0,0.622,0.5,127.0,1.0,1.0
597a6ac20bd911eba7f7acde48001122,ace_mmr_128,ace,mmr,0.0,0.0,0.0,0.0,1.0,0.5,127.0,0.5,0.0
0c4804540bb011ebab90acde48001122,ace_mmr_128,ace,mmr,0.0,0.6667,0.0,1.0,0.7031,0.5,128.0,1.0,1.0
76b617e40bde11eba7f7acde48001122,ace_mmr_128,ace,mmr,0.0,0.0,0.0,0.6667,0.456,0.5,125.0,0.5,0.0
2b9500fe0bde11eba7f7acde48001122,ace_mmr_128,ace,mmr,0.0,0.0,1.0,1.0,0.7565,1.0,115.0,1.0,1.0
2acf91800bdd11eba7f7acde48001122,ace_mmr_128,ace,mmr,0.0,0.0,0.0,0.0,0.3362,0.5,116.0,0.5,0.0
6875b330086711ebbd5eac1f6bf848b6,ace_mmr_128,ace,mmr,0.0,0.0,0.0,0.75,0.5413,0.25,109.0,0.75,0.0
1332d0ca0bdb11eba7f7acde48001122,ace_mmr_128,ace,mmr,0.0,0.0,0.0,0.25,0.2719,0.5,114.0,0.5,0.0
39aec54808ab11ebbd81ac1f6bf848b6,ace_mmr_128,ace,mmr,1.0,1.0,0.0,0.0,0.6207,0.5,116.0,0.75,0.0
4fb9d00c0bdb11eba7f7acde48001122,ace_mmr_128,ace,mmr,0.0,0.0,0.0,0.0,0.1825,0.5,126.0,0.5,0.0
64ed06f40bdd11eba7f7acde48001122,ace_mmr_128,ace,mmr,0.0,0.0,0.0,0.0,0.3818,0.5,110.0,0.5,0.0
de95e2e408ad11ebbd83ac1f6bf848b6,ace_mmr_128,ace,mmr,1.0,1.0,0.0,0.0,0.3398,0.5,103.0,0.5,0.0
214beb5e0bb011ebab90acde48001122,ace_mmr_128,ace,mmr,0.0,0.0,0.0,0.0,0.0,0.0,127.0,0.5,0.0
8cdc97de0bdc11eba7f7acde48001122,ace_mmr_128,ace,mmr,0.0,0.8,1.0,1.0,0.7984,1.0,124.0,1.0,1.0
5be3d2e7089411ebbd75ac1f6bf848b6,ace_mmr_128,ace,mmr,0.0,0.0,0.0,0.3333,0.1833,0.25,120.0,0.5,0.0
e9b332fd089811ebbd77ac1f6bf848b6,ace_mmr_128,ace,mmr,1.0,1.0,0.0,0.0,0.381,0.5,126.0,1.0,1.0
bdacec5e085f11ebbd5dac1f6bf848b6,ace_mmr_128,ace,mmr,0.0,0.0,0.0,0.0,0.3659,0.25,123.0,0.5,0.0
2d319a460bdc11eba7f7acde48001122,ace_mmr_128,ace,mmr,0.0,0.0,0.0,0.0,1.0,0.5,100.0,0.5,0.0
bb965c8508af11ebbd83ac1f6bf848b6,ace_mmr_128,ace,mmr,1.0,1.0,0.0,0.0,0.8218,0.25,101.0,0.25,0.0
78ba517c0bd911eba7f7acde48001122,ace_mmr_128,ace,mmr,0.0,0.0,0.0,0.5,0.4194,0.5,124.0,0.5,0.0
f5648762086711ebbd5eac1f6bf848b6,ace_mmr_128,ace,mmr,1.0,1.0,1.0,1.0,0.7476,0.5,103.0,0.5,0.0
fa7ad32b093411ebbdaeac1f6bf848b6,ace_mmr_128,ace,mmr,1.0,1.0,1.0,1.0,0.5625,1.0,128.0,1.0,1.0
0c818a160bde11eba7f7acde48001122,ace_mmr_128,ace,mmr,0.0,0.0,0.0,0.0,0.0,0.0,106.0,0.5,0.0
803a31b9089d11ebbd78ac1f6bf848b6,ace_mmr_128,ace,mmr,0.0,0.0,0.0,0.0,0.4211,0.5,114.0,0.75,0.0
75fbf09a08c711ebbd91ac1f6bf848b6,ace_mmr_128,ace,mmr,0.0,0.0,1.0,1.0,0.2547,0.5,106.0,0.5,0.0
070e4d940bde11eba7f7acde48001122,ace_mmr_128,ace,mmr,0.0,0.0,1.0,1.0,0.4955,1.0,111.0,1.0,1.0
ef0db64a08f311ebbdaaac1f6bf848b6,ace_mmr_128,ace,mmr,0.0,0.0,0.0,0.0,0.281,0.5,121.0,1.0,1.0
a2745ec4085d11ebbd5cac1f6bf848b6,ace_mmr_128,ace,mmr,0.0,0.0,0.0,0.0,0.8716,0.5,109.0,1.0,1.0
86a396ba0bdc11eba7f7acde48001122,ace_mmr_128,ace,mmr,0.0,0.0,0.0,0.0,0.1789,0.5,123.0,0.5,0.0
99e45ebc08e411ebbda4ac1f6bf848b6,ace_mmr_128,ace,mmr,1.0,1.0,0.0,0.75,0.2,0.25,115.0,0.5,0.0
bf514e0208db11ebbd9cac1f6bf848b6,ace_mmr_128,ace,mmr,0.0,0.0,1.0,1.0,0.4841,0.5,126.0,0.5,0.0
e64faf900baf11ebab90acde48001122,ace_mmr_128,ace,mmr,0.0,0.0,0.0,0.5,0.4839,0.5,124.0,0.5,0.0
2eb4b1040bb011ebab90acde48001122,ace_mmr_128,ace,mmr,0.0,0.6667,0.0,0.6,0.785,0.5,107.0,0.5,0.0
6f0a6a5e0bde11eba7f7acde48001122,ace_mmr_128,ace,mmr,0.0,0.0,0.0,0.0,0.8378,0.5,111.0,1.0,1.0
c4b2a1660bdd11eba7f7acde48001122,ace_mmr_128,ace,mmr,0.0,0.0,1.0,1.0,0.7417,1.0,120.0,1.0,1.0
45153f740bdb11eba7f7acde48001122,ace_mmr_128,ace,mmr,0.0,0.0,0.0,0.0,0.2545,0.5,110.0,1.0,1.0
53d6ad2a0bb011ebab90acde48001122,ace_mmr_128,ace,mmr,0.0,0.0,0.0,0.0,0.2931,0.5,116.0,1.0,1.0
be1e5c620bda11eba7f7acde48001122,ace_mmr_128,ace,mmr,0.0,0.0,0.0,0.0,0.3,0.5,120.0,1.0,1.0
e2537e7808ab11ebbd82ac1f6bf848b6,ace_mmr_128,ace,mmr,0.0,0.0,0.0,0.0,0.0,0.0,113.0,0.5,0.0
3b63d2fe089511ebbd75ac1f6bf848b6,ace_mmr_128,ace,mmr,0.0,0.0,0.0,0.0,0.2362,0.5,127.0,1.0,1.0
e46c530a0bae11ebab90acde48001122,ace_mmr_128,ace,mmr,0.0,0.0,0.0,0.0,0.832,0.5,125.0,0.5,0.0
16e1bf00088511ebbd6dac1f6bf848b6,ace_mmr_128,ace,mmr,0.0,0.0,0.0,0.0,0.7966,0.5,118.0,0.5,0.0
6a23ecc8089f11ebbd78ac1f6bf848b6,ace_mmr_128,ace,mmr,1.0,1.0,1.0,1.0,0.5167,0.25,120.0,0.5,0.0
1dbdfcea0bdb11eba7f7acde48001122,ace_mmr_128,ace,mmr,0.0,0.0,0.0,0.0,0.1094,0.5,128.0,0.5,0.0
d35ce724089911ebbd77ac1f6bf848b6,ace_mmr_128,ace,mmr,1.0,1.0,1.0,1.0,0.2756,0.5,127.0,1.0,1.0
f4e8557c085b11ebbd5cac1f6bf848b6,ace_mmr_128,ace,mmr,0.0,0.0,0.0,0.0,0.2362,0.25,127.0,0.25,0.0
870142580bda11eba7f7acde48001122,ace_mmr_128,ace,mmr,0.0,0.0,0.0,0.0,0.4907,0.5,108.0,0.5,0.0
be9369c80bdd11eba7f7acde48001122,ace_mmr_128,ace,mmr,0.0,0.0,0.0,0.0,0.2031,0.5,128.0,0.5,0.0
5ff291a80bda11eba7f7acde48001122,ace_mmr_128,ace,mmr,0.0,0.0,0.0,0.0,0.288,0.5,125.0,0.5,0.0
0c13a2ca088811ebbd6eac1f6bf848b6,ace_mmr_128,ace,mmr,1.0,1.0,1.0,1.0,0.3071,0.25,127.0,0.5,0.0
259721a608e511ebbda4ac1f6bf848b6,ace_mmr_128,ace,mmr,1.0,1.0,1.0,1.0,0.6349,0.75,126.0,0.75,0.0
6ab2c3860baf11ebab90acde48001122,ace_mmr_128,ace,mmr,0.0,0.0,0.0,0.5,0.1635,0.5,104.0,0.5,0.0
3a47b9960bdb11eba7f7acde48001122,ace_mmr_128,ace,mmr,0.0,0.0,0.0,0.0,0.314,0.5,121.0,0.5,0.0
ff36cddc08c011ebbd8aac1f6bf848b6,ace_mmr_128,ace,mmr,1.0,1.0,1.0,1.0,0.2768,0.25,112.0,0.5,0.0
721f557a0bdd11eba7f7acde48001122,ace_mmr_128,ace,mmr,0.0,0.0,0.0,0.0,0.125,0.5,120.0,0.5,0.0
3dd414d2095211ebbdaeac1f6bf848b6,ace_mmr_128,ace,mmr,0.0,0.0,0.0,0.0,0.4262,0.5,122.0,0.5,0.0
ea755618087311ebbd67ac1f6bf848b6,ace_mmr_128,ace,mmr,0.0,0.0,1.0,1.0,0.3423,0.25,111.0,0.5,0.0
49eaffb0089411ebbd75ac1f6bf848b6,ace_mmr_128,ace,mmr,1.0,1.0,1.0,1.0,0.7545,0.5,110.0,0.75,0.0
de7b90800bdd11eba7f7acde48001122,ace_mmr_128,ace,mmr,0.0,0.0,0.0,0.0,0.2609,0.5,115.0,0.5,0.0
0bc8838a0bda11eba7f7acde48001122,ace_mmr_128,ace,mmr,0.0,0.3333,0.0,0.3333,0.5045,0.5,111.0,1.0,1.0
f9563b3a0bdd11eba7f7acde48001122,ace_mmr_128,ace,mmr,0.0,0.0,0.0,0.0,0.157,0.5,121.0,0.5,0.0
47cc27fa08bb11ebbd88ac1f6bf848b6,ace_mmr_128,ace,mmr,1.0,1.0,1.0,1.0,0.5242,1.0,124.0,1.0,1.0
85cc412008b611ebbd88ac1f6bf848b6,ace_mmr_128,ace,mmr,0.0,0.0,0.0,0.0,0.1803,0.25,122.0,0.5,0.0
0a59ce0a08b711ebbd88ac1f6bf848b6,ace_mmr_128,ace,mmr,0.0,0.0,0.0,0.0,0.2241,0.5,116.0,0.5,0.0
72f602e60bb011ebab90acde48001122,ace_mmr_128,ace,mmr,0.0,0.8571,1.0,1.0,0.7661,1.0,124.0,1.0,1.0
ae585fc20bd911eba7f7acde48001122,ace_mmr_128,ace,mmr,0.0,0.0,0.0,0.0,0.582,0.5,122.0,0.5,0.0
1c0f99380bdd11eba7f7acde48001122,ace_mmr_128,ace,mmr,0.0,0.0,0.0,0.0,0.2893,0.5,121.0,0.5,0.0
b534d99e098111ebbdb0ac1f6bf848b6,ace_mmr_128,ace,mmr,1.0,1.0,1.0,1.0,0.315,0.5,127.0,1.0,1.0
406a4ee00bb011ebab90acde48001122,ace_mmr_128,ace,mmr,0.0,0.0,0.0,0.0,0.708,0.5,113.0,1.0,1.0
48d89aea0bd911eba7f7acde48001122,ace_mmr_128,ace,mmr,0.0,0.0,0.0,0.0,0.2727,0.5,121.0,0.5,0.0
ece1bdae0bdb11eba7f7acde48001122,ace_mmr_128,ace,mmr,1.0,1.0,0.0,0.0,0.4524,0.5,126.0,0.5,0.0
ddbc0f6c0bdd11eba7f7acde48001122,ace_mmr_128,ace,mmr,0.0,0.0,0.0,0.0,0.4252,0.5,127.0,0.5,0.0
168d081a0bb011ebab90acde48001122,ace_mmr_128,ace,mmr,0.0,0.0,0.0,0.75,0.64,0.5,100.0,1.0,1.0
677658e80bde11eba7f7acde48001122,ace_mmr_128,ace,mmr,0.0,0.0,0.0,0.0,0.2816,0.5,103.0,0.5,0.0
a994c54e0bdd11eba7f7acde48001122,ace_mmr_128,ace,mmr,0.0,0.0,0.0,0.0,0.2845,0.5,116.0,0.5,0.0
3b17c11308f011ebbda8ac1f6bf848b6,ace_mmr_128,ace,mmr,1.0,1.0,1.0,1.0,0.878,1.0,123.0,1.0,1.0
552ac62c089311ebbd74ac1f6bf848b6,ace_mmr_128,ace,mmr,0.0,0.0,1.0,1.0,0.7745,1.0,102.0,1.0,1.0
6cfe1e5408ac11ebbd83ac1f6bf848b6,ace_mmr_128,ace,mmr,0.0,0.0,0.0,0.0,0.6583,0.5,120.0,0.5,0.0
695c85a1086a11ebbd5fac1f6bf848b6,ace_mmr_128,ace,mmr,0.0,0.0,1.0,1.0,0.8661,0.5,112.0,0.5,0.0
abf4c578090811ebbdadac1f6bf848b6,ace_mmr_128,ace,mmr,1.0,1.0,1.0,1.0,0.5547,1.0,128.0,1.0,1.0
eeea54e0085611ebbd59ac1f6bf848b6,ace_mmr_128,ace,mmr,0.0,0.0,0.0,0.0,0.2593,0.25,108.0,0.5,0.0
a400ea0a0bdc11eba7f7acde48001122,ace_mmr_128,ace,mmr,0.0,0.0,0.0,0.0,0.4016,0.5,127.0,0.5,0.0
6181829c0bb011ebab90acde48001122,ace_mmr_128,ace,mmr,0.0,0.0,0.0,0.6,0.5882,0.5,119.0,0.5,0.0
c74ed73b088d11ebbd70ac1f6bf848b6,ace_mmr_128,ace,mmr,1.0,1.0,1.0,1.0,0.621,0.5,124.0,0.5,0.0
61cc91aa088c11ebbd6fac1f6bf848b6,ace_mmr_128,ace,mmr,1.0,1.0,1.0,1.0,0.552,0.5,125.0,0.75,0.0
d16aef420bda11eba7f7acde48001122,ace_mmr_128,ace,mmr,0.0,0.0,0.0,0.0,0.3871,0.5,124.0,0.5,0.0
632cef18089111ebbd73ac1f6bf848b6,ace_mmr_128,ace,mmr,0.0,0.0,1.0,1.0,0.4603,0.5,126.0,0.5,0.0
67d902140bb011ebab90acde48001122,ace_mmr_128,ace,mmr,0.0,0.0,0.0,0.0,0.7097,1.0,124.0,1.0,1.0
df25946e08b211ebbd85ac1f6bf848b6,ace_mmr_128,ace,mmr,1.0,1.0,1.0,1.0,0.2632,0.25,114.0,0.25,0.0
2a688326089c11ebbd78ac1f6bf848b6,ace_mmr_128,ace,mmr,1.0,1.0,1.0,1.0,0.4609,0.5,115.0,0.5,0.0
d7281cbe0baf11ebab90acde48001122,ace_mmr_128,ace,mmr,0.0,0.0,0.0,0.0,0.0,0.0,128.0,0.5,0.0
0507b29d088c11ebbd6fac1f6bf848b6,ace_mmr_128,ace,mmr,1.0,1.0,1.0,1.0,0.4746,1.0,118.0,1.0,1.0
f4c82ea208a411ebbd7dac1f6bf848b6,ace_mmr_128,ace,mmr,0.0,0.0,0.0,0.0,0.4017,0.25,117.0,0.5,0.0
177e0eda0bde11eba7f7acde48001122,ace_mmr_128,ace,mmr,0.0,0.0,0.0,0.0,0.4567,0.5,127.0,0.5,0.0
cba75d3408ce11ebbd94ac1f6bf848b6,ace_mmr_128,ace,mmr,1.0,1.0,0.0,0.0,0.6111,1.0,126.0,1.0,1.0
650ae56108b911ebbd88ac1f6bf848b6,ace_mmr_128,ace,mmr,0.0,0.0,0.0,0.0,0.336,0.25,125.0,0.5,0.0
3bee1660089911ebbd77ac1f6bf848b6,ace_mmr_128,ace,mmr,0.0,0.0,1.0,1.0,0.3858,0.5,127.0,0.5,0.0
befbd60c0bdd11eba7f7acde48001122,ace_mmr_128,ace,mmr,0.0,0.0,0.0,0.0,0.784,1.0,125.0,1.0,1.0
d94b8e3708e911ebbda7ac1f6bf848b6,ace_mmr_128,ace,mmr,1.0,1.0,0.0,0.75,0.246,1.0,126.0,1.0,1.0
51c970e6097111ebbdb0ac1f6bf848b6,ace_mmr_128,ace,mmr,0.0,0.0,0.0,0.0,0.3645,0.5,107.0,1.0,1.0
ba08756a0bdd11eba7f7acde48001122,ace_mmr_128,ace,mmr,0.0,0.0,0.0,0.0,0.8621,1.0,116.0,1.0,1.0
2e28a87e0bda11eba7f7acde48001122,ace_mmr_128,ace,mmr,0.0,0.0,0.0,0.0,0.4876,0.5,121.0,0.5,0.0
2164ef1e0bdd11eba7f7acde48001122,ace_mmr_128,ace,mmr,0.0,0.0,0.0,0.0,0.4711,0.5,121.0,0.5,0.0
83aacaf008ee11ebbda8ac1f6bf848b6,ace_mmr_128,ace,mmr,1.0,1.0,1.0,1.0,0.6372,1.0,113.0,1.0,1.0
cc93bb5c090711ebbdadac1f6bf848b6,ace_mmr_128,ace,mmr,1.0,1.0,1.0,1.0,0.3214,1.0,84.0,1.0,1.0
7aa58f360bdb11eba7f7acde48001122,ace_mmr_128,ace,mmr,0.0,0.0,0.0,0.0,0.5082,0.5,122.0,0.5,0.0
b9e30a520bdb11eba7f7acde48001122,ace_mmr_128,ace,mmr,0.0,0.0,0.0,0.0,0.5234,0.5,128.0,0.5,0.0
64f1e5e9086d11ebbd62ac1f6bf848b6,ace_mmr_128,ace,mmr,0.0,0.2857,1.0,1.0,0.4182,0.5,110.0,0.5,0.0
7257a60608cb11ebbd92ac1f6bf848b6,ace_mmr_128,ace,mmr,0.0,0.0,1.0,1.0,0.6371,0.5,124.0,0.5,0.0
d2c7402008bf11ebbd8aac1f6bf848b6,ace_mmr_128,ace,mmr,0.0,0.0,0.0,0.0,0.2059,0.25,102.0,0.5,0.0
17ec5f82095d11ebbdaeac1f6bf848b6,ace_mmr_128,ace,mmr,0.0,0.5,1.0,1.0,0.4234,1.0,111.0,1.0,1.0
f6e7e5a80bae11ebab90acde48001122,ace_mmr_128,ace,mmr,0.0,0.0,0.0,0.3333,0.3107,0.5,103.0,0.5,0.0
6a848a240bb011ebab90acde48001122,ace_mmr_128,ace,mmr,0.0,0.4,0.0,0.8,0.3043,0.5,115.0,0.5,0.0
583b8ccc0bd911eba7f7acde48001122,ace_mmr_128,ace,mmr,0.0,0.0,0.0,0.0,1.0,1.0,119.0,1.0,1.0
81f9510408fa11ebbdacac1f6bf848b6,ace_mmr_128,ace,mmr,1.0,1.0,1.0,1.0,0.1942,0.5,103.0,1.0,1.0
3d1200fc0bde11eba7f7acde48001122,ace_mmr_128,ace,mmr,0.0,0.0,0.0,0.0,0.1416,0.5,113.0,0.5,0.0
e6f90c9d08c711ebbd91ac1f6bf848b6,ace_mmr_128,ace,mmr,1.0,1.0,1.0,1.0,0.5982,0.5,112.0,0.5,0.0
fc00ac4a0baf11ebab90acde48001122,ace_mmr_128,ace,mmr,0.0,0.2,0.0,0.8333,0.4634,0.5,123.0,0.5,0.0
4aee95dc0bd911eba7f7acde48001122,ace_mmr_128,ace,mmr,0.0,0.0,0.0,0.0,0.3704,0.5,108.0,0.5,0.0
08d74900089611ebbd75ac1f6bf848b6,ace_mmr_128,ace,mmr,0.0,0.0,1.0,1.0,0.4603,0.5,126.0,0.5,0.0
366860a5086711ebbd5eac1f6bf848b6,ace_mmr_128,ace,mmr,0.0,0.0,0.0,0.0,0.4299,0.5,107.0,1.0,1.0
d03663e108e211ebbda4ac1f6bf848b6,ace_mmr_128,ace,mmr,0.0,0.0,0.0,0.0,0.4455,1.0,110.0,1.0,1.0
743f23820bdb11eba7f7acde48001122,ace_mmr_128,ace,mmr,0.0,0.0,0.0,0.0,0.2661,0.5,124.0,0.5,0.0
a9a7d5580bdd11eba7f7acde48001122,ace_mmr_128,ace,mmr,0.0,0.0,0.0,0.0,0.2302,0.5,126.0,0.5,0.0
3afba9de094f11ebbdaeac1f6bf848b6,ace_mmr_128,ace,mmr,1.0,1.0,1.0,1.0,0.5138,1.0,109.0,1.0,1.0
76bb71320bdc11eba7f7acde48001122,ace_mmr_128,ace,mmr,0.0,0.0,0.0,0.0,0.3879,0.5,116.0,1.0,1.0
c072ad1408d411ebbd97ac1f6bf848b6,ace_mmr_128,ace,mmr,0.0,0.0,0.0,0.0,0.2823,0.25,124.0,0.5,0.0
8b165288088911ebbd6eac1f6bf848b6,ace_mmr_128,ace,mmr,1.0,1.0,1.0,1.0,0.513,0.5,115.0,0.5,0.0
4c7a03560bdd11eba7f7acde48001122,ace_mmr_128,ace,mmr,0.0,0.0,0.0,0.0,0.2973,0.5,111.0,0.5,0.0
af1a8667088311ebbd6dac1f6bf848b6,ace_mmr_128,ace,mmr,0.0,0.0,0.0,0.0,0.4274,1.0,124.0,1.0,1.0
f7b41d560bdd11eba7f7acde48001122,ace_mmr_128,ace,mmr,0.0,0.0,0.0,0.0,0.2619,0.5,126.0,0.5,0.0
9893834c092711ebbdaeac1f6bf848b6,ace_mmr_128,ace,mmr,1.0,1.0,1.0,1.0,0.5276,1.0,127.0,1.0,1.0
3068a40c0baf11ebab90acde48001122,ace_mmr_128,ace,mmr,0.0,0.0,0.0,0.0,0.4286,0.5,119.0,0.5,0.0
cddb28ed08bf11ebbd8aac1f6bf848b6,ace_mmr_128,ace,mmr,1.0,1.0,1.0,1.0,0.1875,0.5,128.0,1.0,1.0
0a9f880a0bda11eba7f7acde48001122,ace_mmr_128,ace,mmr,0.0,0.0,0.0,0.5,0.25,0.5,108.0,0.5,0.0
2e12ac000bde11eba7f7acde48001122,ace_mmr_128,ace,mmr,0.0,0.0,0.0,0.0,0.4018,0.5,112.0,1.0,1.0
829275da08f511ebbdaaac1f6bf848b6,ace_mmr_128,ace,mmr,1.0,1.0,1.0,1.0,0.4309,1.0,123.0,1.0,1.0
8f8aaf0b088711ebbd6dac1f6bf848b6,ace_mmr_128,ace,mmr,1.0,1.0,1.0,1.0,0.3197,0.5,122.0,1.0,1.0
097583d2095711ebbdaeac1f6bf848b6,ace_mmr_128,ace,mmr,1.0,1.0,1.0,1.0,0.352,1.0,125.0,1.0,1.0
6b9a2cb4087911ebbd67ac1f6bf848b6,ace_mmr_128,ace,mmr,1.0,1.0,1.0,1.0,0.736,1.0,125.0,1.0,1.0
13ec0a08089111ebbd72ac1f6bf848b6,ace_mmr_128,ace,mmr,1.0,1.0,1.0,1.0,0.5398,1.0,113.0,1.0,1.0
62444d9a0bb011ebab90acde48001122,ace_mmr_128,ace,mmr,0.0,0.0,0.0,0.0,0.8246,0.5,114.0,0.5,0.0
998af60a088b11ebbd6fac1f6bf848b6,ace_mmr_128,ace,mmr,1.0,1.0,1.0,1.0,0.8672,0.75,128.0,0.75,0.0
f0ec33f00bdd11eba7f7acde48001122,ace_mmr_128,ace,mmr,0.0,0.0,1.0,1.0,0.3577,0.5,123.0,0.5,0.0
04dfe47c0bdb11eba7f7acde48001122,ace_mmr_128,ace,mmr,0.0,0.0,0.0,0.0,0.6349,0.5,126.0,0.5,0.0
e2f26a20089111ebbd73ac1f6bf848b6,ace_mmr_128,ace,mmr,1.0,1.0,1.0,1.0,0.6429,0.25,112.0,0.5,0.0
fec25d0c0bdc11eba7f7acde48001122,ace_mmr_128,ace,mmr,0.0,0.0,0.0,0.0,0.6562,0.5,128.0,1.0,1.0
8715eeb808e411ebbda4ac1f6bf848b6,ace_mmr_128,ace,mmr,0.0,0.0,1.0,1.0,0.3644,0.25,118.0,0.5,0.0
93e6f2c60bdd11eba7f7acde48001122,ace_mmr_128,ace,mmr,0.0,0.0,0.0,0.0,0.8067,1.0,119.0,1.0,1.0
1cf4dbe80baf11ebab90acde48001122,ace_mmr_128,ace,mmr,0.0,0.0,0.0,0.0,0.4286,0.5,119.0,0.5,0.0
815fa2ae0bda11eba7f7acde48001122,ace_mmr_128,ace,mmr,0.0,0.0,0.0,0.3333,0.0,0.0,126.0,1.0,1.0
b22b87b40bd911eba7f7acde48001122,ace_mmr_128,ace,mmr,0.0,0.0,0.0,0.0,0.2051,0.5,117.0,0.5,0.0
388978ca08c411ebbd8eac1f6bf848b6,ace_mmr_128,ace,mmr,1.0,1.0,0.0,0.75,0.56,0.5,125.0,0.5,0.0
efcb57f00bdb11eba7f7acde48001122,ace_mmr_128,ace,mmr,0.0,0.0,0.0,0.0,0.2787,0.5,122.0,0.5,0.0
fe91ee700bdb11eba7f7acde48001122,ace_mmr_128,ace,mmr,0.0,0.0,1.0,1.0,1.0,1.0,127.0,1.0,1.0
e4364efd088111ebbd6dac1f6bf848b6,ace_mmr_128,ace,mmr,0.0,0.0,1.0,1.0,0.6063,1.0,127.0,1.0,1.0
61d4545708b111ebbd85ac1f6bf848b6,ace_mmr_128,ace,mmr,1.0,1.0,0.0,0.3333,0.1654,0.25,127.0,0.25,0.0
7da84dd40bb011ebab90acde48001122,ace_mmr_128,ace,mmr,0.0,0.0,0.0,0.0,0.3008,0.5,123.0,0.5,0.0
105a765e0bdc11eba7f7acde48001122,ace_mmr_128,ace,mmr,1.0,1.0,1.0,1.0,0.6387,1.0,119.0,1.0,1.0
1f98da43088111ebbd6dac1f6bf848b6,ace_mmr_128,ace,mmr,0.0,0.2857,1.0,1.0,0.2544,0.25,114.0,0.25,0.0
13c15658087311ebbd66ac1f6bf848b6,ace_mmr_128,ace,mmr,0.0,0.0,1.0,1.0,0.4,0.25,100.0,0.5,0.0
28016c540bdc11eba7f7acde48001122,ace_mmr_128,ace,mmr,0.0,0.0,0.0,0.0,0.2818,0.5,110.0,0.5,0.0
c218f9d20bdd11eba7f7acde48001122,ace_mmr_128,ace,mmr,0.0,0.0,0.0,0.0,0.5079,0.5,126.0,1.0,1.0
4c5074f9089711ebbd76ac1f6bf848b6,ace_mmr_128,ace,mmr,1.0,1.0,1.0,1.0,0.4545,1.0,99.0,1.0,1.0
e5fa9df9085c11ebbd5cac1f6bf848b6,ace_mmr_128,ace,mmr,1.0,1.0,1.0,1.0,0.3509,0.5,114.0,1.0,1.0
9cf255e3088911ebbd6eac1f6bf848b6,ace_mmr_128,ace,mmr,0.0,0.0,0.0,0.0,0.7642,1.0,123.0,1.0,1.0
ed1b71de08de11ebbd9fac1f6bf848b6,ace_mmr_128,ace,mmr,0.0,0.0,0.0,0.3333,0.1417,0.25,127.0,0.25,0.0
f9ac302a0bd911eba7f7acde48001122,ace_mmr_128,ace,mmr,0.0,0.0,0.0,0.0,0.6694,0.5,124.0,0.5,0.0
a9d6c4e40bdd11eba7f7acde48001122,ace_mmr_128,ace,mmr,0.0,0.0,0.0,0.0,0.3071,0.5,127.0,0.5,0.0
1442e9a20bde11eba7f7acde48001122,ace_mmr_128,ace,mmr,0.0,0.0,0.0,0.0,0.0,0.0,104.0,0.5,0.0
164f0f7f08c711ebbd91ac1f6bf848b6,ace_mmr_128,ace,mmr,0.0,0.0,0.0,0.0,0.5625,0.5,112.0,1.0,1.0
b728e70c094411ebbdaeac1f6bf848b6,ace_mmr_128,ace,mmr,0.0,0.0,0.0,0.5,0.3571,1.0,126.0,1.0,1.0
e3477e760bdd11eba7f7acde48001122,ace_mmr_128,ace,mmr,0.0,0.0,0.0,0.0,0.3364,0.5,107.0,0.5,0.0
8114aef808c811ebbd91ac1f6bf848b6,ace_mmr_128,ace,mmr,1.0,1.0,1.0,1.0,0.1939,0.25,98.0,0.5,0.0
54014a680baf11ebab90acde48001122,ace_mmr_128,ace,mmr,0.0,0.0,0.0,0.3333,0.2266,0.5,128.0,0.5,0.0
3647118c0bdd11eba7f7acde48001122,ace_mmr_128,ace,mmr,0.0,0.0,0.0,0.0,0.1967,0.5,122.0,0.5,0.0
75612cee0bde11eba7f7acde48001122,ace_mmr_128,ace,mmr,0.0,0.0,0.0,0.0,0.0,0.0,113.0,0.0,0.0
f6384b5c099e11ebbdb0ac1f6bf848b6,ace_mmr_128,ace,mmr,0.0,0.0,1.0,1.0,0.623,1.0,122.0,1.0,1.0
748446060bdb11eba7f7acde48001122,ace_mmr_128,ace,mmr,0.0,0.0,0.0,0.0,0.2205,0.5,127.0,0.5,0.0
f872fe92096c11ebbdafac1f6bf848b6,ace_mmr_128,ace,mmr,0.0,0.0,0.0,0.6667,0.64,0.5,100.0,1.0,1.0
281793980bdd11eba7f7acde48001122,ace_mmr_128,ace,mmr,0.0,0.0,0.0,0.0,0.315,0.5,127.0,1.0,1.0
c03e86180bdd11eba7f7acde48001122,ace_mmr_128,ace,mmr,0.0,0.0,0.0,0.0,0.1296,0.5,108.0,0.5,0.0
6668ebd20bde11eba7f7acde48001122,ace_mmr_128,ace,mmr,0.0,0.0,0.0,0.0,0.4211,0.5,114.0,0.5,0.0
e19960120bdd11eba7f7acde48001122,ace_mmr_128,ace,mmr,0.0,0.0,0.0,0.0,0.0,0.0,128.0,0.0,0.0
fc1d47b7088e11ebbd70ac1f6bf848b6,ace_mmr_128,ace,mmr,1.0,1.0,1.0,1.0,0.7692,0.75,117.0,0.75,0.0
1b62189208a111ebbd78ac1f6bf848b6,ace_mmr_128,ace,mmr,1.0,1.0,0.0,0.75,0.5565,1.0,124.0,1.0,1.0
8272c3eb093111ebbdaeac1f6bf848b6,ace_mmr_128,ace,mmr,1.0,1.0,1.0,1.0,0.6797,1.0,128.0,1.0,1.0
77fd1ca20bb011ebab90acde48001122,ace_mmr_128,ace,mmr,0.0,0.0,0.0,0.75,0.5922,0.5,103.0,1.0,1.0
c4962ee20bdc11eba7f7acde48001122,ace_mmr_128,ace,mmr,0.0,0.0,0.0,0.0,0.1719,0.5,128.0,0.5,0.0
4020ce88097011ebbdb0ac1f6bf848b6,ace_mmr_128,ace,mmr,1.0,1.0,1.0,1.0,1.0,1.0,120.0,1.0,1.0
4a8ffd360bdb11eba7f7acde48001122,ace_mmr_128,ace,mmr,0.0,0.0,0.0,0.3333,0.3228,0.5,127.0,0.5,0.0
080aff1c0bde11eba7f7acde48001122,ace_mmr_128,ace,mmr,0.0,0.0,0.0,0.0,0.0,0.0,113.0,0.5,0.0
1bf30a41086611ebbd5eac1f6bf848b6,ace_mmr_128,ace,mmr,0.0,0.0,0.0,0.0,0.6887,0.5,106.0,0.5,0.0
5cd30b020bd911eba7f7acde48001122,ace_mmr_128,ace,mmr,0.0,0.0,0.0,0.0,0.4017,0.5,117.0,0.5,0.0
0fc59fa00bde11eba7f7acde48001122,ace_mmr_128,ace,mmr,0.0,0.0,0.0,0.3333,0.619,0.5,126.0,0.5,0.0
1f94954908b011ebbd84ac1f6bf848b6,ace_mmr_128,ace,mmr,0.0,0.0,0.0,0.0,0.5,0.5,118.0,1.0,1.0
e85d87f4095111ebbdaeac1f6bf848b6,ace_mmr_128,ace,mmr,0.0,0.0,1.0,1.0,0.6667,1.0,126.0,1.0,1.0
2d69078008d311ebbd96ac1f6bf848b6,ace_mmr_128,ace,mmr,1.0,1.0,1.0,1.0,0.5938,0.5,128.0,0.75,0.0
62a8a24e0bde11eba7f7acde48001122,ace_mmr_128,ace,mmr,0.0,0.0,1.0,1.0,1.0,1.0,122.0,1.0,1.0
f1cc94540bdd11eba7f7acde48001122,ace_mmr_128,ace,mmr,0.0,0.0,1.0,1.0,0.2315,0.5,108.0,0.5,0.0
98f909d40bdd11eba7f7acde48001122,ace_mmr_128,ace,mmr,0.0,0.0,0.0,0.0,0.3254,0.5,126.0,0.5,0.0
f7aa41be0bdd11eba7f7acde48001122,ace_mmr_128,ace,mmr,0.0,0.0,1.0,1.0,0.5312,1.0,128.0,1.0,1.0
88be48840bda11eba7f7acde48001122,ace_mmr_128,ace,mmr,0.0,0.5,1.0,1.0,0.424,0.5,125.0,0.5,0.0
22be69d908b511ebbd88ac1f6bf848b6,ace_mmr_128,ace,mmr,1.0,1.0,1.0,1.0,0.4957,0.5,115.0,0.5,0.0
e3fe2a600bdb11eba7f7acde48001122,ace_mmr_128,ace,mmr,0.0,0.5714,1.0,1.0,0.8438,1.0,128.0,1.0,1.0
7f49e96e0baf11ebab90acde48001122,ace_mmr_128,ace,mmr,0.0,0.0,0.0,0.6667,1.0,0.5,127.0,0.5,0.0
aef6771208b311ebbd86ac1f6bf848b6,ace_mmr_128,ace,mmr,1.0,1.0,1.0,1.0,1.0,0.75,118.0,0.75,0.0
bfb58f38089611ebbd76ac1f6bf848b6,ace_mmr_128,ace,mmr,0.0,0.0,0.0,0.6667,0.664,0.5,125.0,0.5,0.0
0306ad3308fe11ebbdadac1f6bf848b6,ace_mmr_128,ace,mmr,0.0,0.0,0.0,0.0,0.6667,1.0,105.0,1.0,1.0
750737d6084911ebbd55ac1f6bf848b6,ace_mmr_128,ace,mmr,0.0,0.0,1.0,1.0,0.6847,1.0,111.0,1.0,1.0
7a8eae7d088111ebbd6dac1f6bf848b6,ace_mmr_128,ace,mmr,1.0,1.0,1.0,1.0,0.5556,1.0,126.0,1.0,1.0
45be519d086e11ebbd62ac1f6bf848b6,ace_mmr_128,ace,mmr,1.0,1.0,1.0,1.0,0.3306,0.25,121.0,0.5,0.0
e3772fb40bdc11eba7f7acde48001122,ace_mmr_128,ace,mmr,0.0,0.0,0.0,0.0,0.622,0.5,127.0,0.5,0.0
72b6fb5a08ae11ebbd83ac1f6bf848b6,ace_mmr_128,ace,mmr,0.0,0.0,0.0,0.0,0.0,0.0,124.0,0.5,0.0
5e3bb8cc0bd911eba7f7acde48001122,ace_mmr_128,ace,mmr,0.0,0.0,0.0,0.0,0.1382,0.5,123.0,0.5,0.0
c9ba19e708b311ebbd86ac1f6bf848b6,ace_mmr_128,ace,mmr,0.0,0.0,0.0,0.0,0.2453,1.0,106.0,1.0,1.0
2858ddc609b211ebbdb0ac1f6bf848b6,ace_mmr_128,ace,mmr,0.0,0.0,0.0,0.3333,0.6545,0.5,110.0,1.0,1.0
768c67280bde11eba7f7acde48001122,ace_mmr_128,ace,mmr,0.0,0.0,1.0,1.0,0.1905,0.5,126.0,1.0,1.0
88d450740bdb11eba7f7acde48001122,ace_mmr_128,ace,mmr,0.0,0.0,0.0,0.0,0.3191,0.5,94.0,0.5,0.0
fd75ede80bdb11eba7f7acde48001122,ace_mmr_128,ace,mmr,0.0,0.0,0.0,0.0,0.178,0.5,118.0,0.5,0.0
bd21c466089711ebbd77ac1f6bf848b6,ace_mmr_128,ace,mmr,0.0,0.0,0.0,0.5,0.6693,1.0,127.0,1.0,1.0
faa9cb0b087711ebbd67ac1f6bf848b6,ace_mmr_128,ace,mmr,0.0,0.0,0.0,0.0,0.1811,0.25,127.0,0.5,0.0
13b377680bde11eba7f7acde48001122,ace_mmr_128,ace,mmr,0.0,0.0,0.0,0.5,0.2656,0.5,128.0,0.5,0.0
791a6e4d087111ebbd63ac1f6bf848b6,ace_mmr_128,ace,mmr,0.0,0.0,0.0,0.0,0.76,0.5,125.0,0.5,0.0
26497355084c11ebbd56ac1f6bf848b6,ace_mmr_128,ace,mmr,0.0,0.0,0.0,0.0,0.6,0.5,100.0,0.5,0.0
7246ee5a0bb011ebab90acde48001122,ace_mmr_128,ace,mmr,0.0,0.0,0.0,0.0,0.2521,0.5,119.0,0.5,0.0
6a70f6f80bb011ebab90acde48001122,ace_mmr_128,ace,mmr,0.0,0.0,0.0,0.0,0.3772,0.5,114.0,0.5,0.0
8d0836540bdd11eba7f7acde48001122,ace_mmr_128,ace,mmr,0.0,0.0,0.0,0.0,0.608,1.0,125.0,1.0,1.0
a405efb708d811ebbd9cac1f6bf848b6,ace_mmr_128,ace,mmr,1.0,1.0,1.0,1.0,0.7054,0.5,112.0,0.5,0.0
637434540bde11eba7f7acde48001122,ace_mmr_128,ace,mmr,1.0,1.0,1.0,1.0,0.2213,0.5,122.0,0.5,0.0
b838d62f086711ebbd5eac1f6bf848b6,ace_mmr_128,ace,mmr,0.0,0.0,0.0,0.0,0.5546,1.0,119.0,1.0,1.0
42f6d3b208b911ebbd88ac1f6bf848b6,ace_mmr_128,ace,mmr,0.0,0.0,0.0,0.0,0.2065,0.5,92.0,1.0,1.0
200e7a01087611ebbd67ac1f6bf848b6,ace_mmr_128,ace,mmr,1.0,1.0,0.0,0.0,0.1488,0.25,121.0,0.5,0.0
4637ec300bdb11eba7f7acde48001122,ace_mmr_128,ace,mmr,0.0,0.0,0.0,0.0,0.2339,0.5,124.0,0.5,0.0
f6960ae0086011ebbd5dac1f6bf848b6,ace_mmr_128,ace,mmr,1.0,1.0,1.0,1.0,0.4444,1.0,117.0,1.0,1.0
f9e63d80085d11ebbd5cac1f6bf848b6,ace_mmr_128,ace,mmr,1.0,1.0,1.0,1.0,0.5827,0.5,127.0,0.5,0.0
60ccb178086811ebbd5eac1f6bf848b6,ace_mmr_128,ace,mmr,0.0,0.0,1.0,1.0,0.6207,0.5,116.0,0.5,0.0
d8dd595708fb11ebbdacac1f6bf848b6,ace_mmr_128,ace,mmr,0.0,0.0,1.0,1.0,0.46,1.0,100.0,1.0,1.0
b50759c3087811ebbd67ac1f6bf848b6,ace_mmr_128,ace,mmr,0.0,0.0,1.0,1.0,0.5843,0.5,89.0,0.5,0.0
d3c779240bdd11eba7f7acde48001122,ace_mmr_128,ace,mmr,0.0,0.0,0.0,0.0,0.2231,0.5,121.0,0.5,0.0
2260e6380bde11eba7f7acde48001122,ace_mmr_128,ace,mmr,0.0,0.0,0.0,0.0,0.5312,0.5,128.0,0.5,0.0
ea7d22c808b211ebbd85ac1f6bf848b6,ace_mmr_128,ace,mmr,0.0,0.0,1.0,1.0,0.4,0.5,125.0,0.5,0.0
f3798752088c11ebbd70ac1f6bf848b6,ace_mmr_128,ace,mmr,0.0,0.0,0.0,0.0,0.1316,0.25,114.0,0.5,0.0
ac94af4a0bdb11eba7f7acde48001122,ace_mmr_128,ace,mmr,0.0,0.0,0.0,0.0,0.2742,0.5,124.0,1.0,1.0
cf57f2ef087011ebbd63ac1f6bf848b6,ace_mmr_128,ace,mmr,0.0,0.0,0.0,0.0,0.5333,1.0,105.0,1.0,1.0
f9e9d784084d11ebbd56ac1f6bf848b6,ace_mmr_128,ace,mmr,0.0,0.0,1.0,1.0,0.4219,0.25,128.0,0.5,0.0
a3ac1ca20bda11eba7f7acde48001122,ace_mmr_128,ace,mmr,0.0,0.0,0.0,0.0,0.256,0.5,125.0,0.5,0.0
49baa9120bde11eba7f7acde48001122,ace_mmr_128,ace,mmr,0.0,0.0,0.0,0.0,0.916,0.5,119.0,1.0,1.0
85f17aea08c911ebbd92ac1f6bf848b6,ace_mmr_128,ace,mmr,1.0,1.0,0.0,0.0,0.3902,0.25,123.0,0.5,0.0
a9e322b20bdc11eba7f7acde48001122,ace_mmr_128,ace,mmr,0.0,0.0,0.0,0.0,0.1391,0.5,115.0,0.5,0.0
65937853086511ebbd5eac1f6bf848b6,ace_mmr_128,ace,mmr,1.0,1.0,1.0,1.0,0.6957,1.0,115.0,1.0,1.0
31d2f293088111ebbd6dac1f6bf848b6,ace_mmr_128,ace,mmr,0.0,0.0,0.0,0.0,0.7059,1.0,119.0,1.0,1.0
4d3ab509099c11ebbdb0ac1f6bf848b6,ace_mmr_128,ace,mmr,0.0,0.0,0.0,0.0,0.55,1.0,120.0,1.0,1.0
4c319d400bde11eba7f7acde48001122,ace_mmr_128,ace,mmr,0.0,0.0,0.0,0.0,0.4035,0.5,114.0,0.5,0.0
b629226608d911ebbd9cac1f6bf848b6,ace_mmr_128,ace,mmr,0.0,0.0,1.0,1.0,0.7815,1.0,119.0,1.0,1.0
dbf6cc6d090d11ebbdadac1f6bf848b6,ace_mmr_128,ace,mmr,1.0,1.0,1.0,1.0,0.7686,1.0,121.0,1.0,1.0
3c76b104085711ebbd5aac1f6bf848b6,ace_mmr_128,ace,mmr,1.0,1.0,1.0,1.0,0.7874,0.5,127.0,0.5,0.0
593d2a5a0bdd11eba7f7acde48001122,ace_mmr_128,ace,mmr,0.0,0.0,0.0,0.0,0.0,0.0,99.0,0.0,0.0
97ce7fc0084a11ebbd56ac1f6bf848b6,ace_mmr_128,ace,mmr,1.0,1.0,1.0,1.0,0.5417,1.0,120.0,1.0,1.0
b64c031d087011ebbd63ac1f6bf848b6,ace_mmr_128,ace,mmr,1.0,1.0,1.0,1.0,0.181,0.25,116.0,0.5,0.0
afabab100bdc11eba7f7acde48001122,ace_mmr_128,ace,mmr,0.0,0.0,0.0,0.0,0.2453,0.5,106.0,0.5,0.0
a4f57a360bda11eba7f7acde48001122,ace_mmr_128,ace,mmr,0.0,0.0,0.0,0.0,0.6017,0.5,118.0,0.5,0.0
bfab161a0bda11eba7f7acde48001122,ace_mmr_128,ace,mmr,0.0,0.5,1.0,1.0,0.5914,1.0,93.0,1.0,1.0
818d01360bda11eba7f7acde48001122,ace_mmr_128,ace,mmr,0.0,0.0,0.0,0.0,0.3672,0.5,128.0,0.5,0.0
45df5d7c0bdb11eba7f7acde48001122,ace_mmr_128,ace,mmr,0.0,0.0,0.0,0.0,0.5463,0.5,108.0,0.5,0.0
12c908fe096c11ebbdafac1f6bf848b6,ace_mmr_128,ace,mmr,0.0,0.0,0.0,0.0,0.5328,0.5,122.0,1.0,1.0
3805416e0bde11eba7f7acde48001122,ace_mmr_128,ace,mmr,0.0,0.0,0.0,0.0,0.2437,0.5,119.0,0.5,0.0
92ca60080bdd11eba7f7acde48001122,ace_mmr_128,ace,mmr,0.0,0.0,0.0,0.5,0.2083,0.5,120.0,0.5,0.0
be9164e80bdd11eba7f7acde48001122,ace_mmr_128,ace,mmr,0.0,0.0,0.0,0.0,0.3036,0.5,112.0,0.5,0.0
74f331ee0bd911eba7f7acde48001122,ace_mmr_128,ace,mmr,0.0,0.0,0.0,0.0,0.7899,0.5,119.0,1.0,1.0
1d50380c0bdd11eba7f7acde48001122,ace_mmr_128,ace,mmr,0.0,0.0,0.0,0.0,0.0,0.0,113.0,0.5,0.0
72a501e40baf11ebab90acde48001122,ace_mmr_128,ace,mmr,0.0,0.0,0.0,0.0,0.6752,0.5,117.0,1.0,1.0
59a6e7020baf11ebab90acde48001122,ace_mmr_128,ace,mmr,0.0,0.2857,0.0,0.5,0.0,0.0,93.0,0.5,0.0
9fc45d75089811ebbd77ac1f6bf848b6,ace_mmr_128,ace,mmr,1.0,1.0,1.0,1.0,0.7833,1.0,120.0,1.0,1.0
c137025f086611ebbd5eac1f6bf848b6,ace_mmr_128,ace,mmr,0.0,0.0,1.0,1.0,0.2241,0.25,116.0,0.25,0.0
02ae4663095611ebbdaeac1f6bf848b6,ace_mmr_128,ace,mmr,1.0,1.0,1.0,1.0,0.8,0.5,110.0,1.0,1.0
42594134084f11ebbd56ac1f6bf848b6,ace_mmr_128,ace,mmr,1.0,1.0,1.0,1.0,0.438,1.0,121.0,1.0,1.0
421ca5940bb011ebab90acde48001122,ace_mmr_128,ace,mmr,0.0,0.2222,0.0,0.8,0.4516,0.5,124.0,1.0,1.0
34c3dd940bde11eba7f7acde48001122,ace_submod_128,ace,submod,0.0,0.0,0.0,0.0,0.4182,0.5,110.0,1.0,1.0
a1c37dc40bdd11eba7f7acde48001122,ace_submod_128,ace,submod,0.0,0.0,0.0,0.0,0.3302,0.5,106.0,1.0,1.0
e051bd000bdb11eba7f7acde48001122,ace_submod_128,ace,submod,0.0,0.0,1.0,1.0,0.3465,0.5,101.0,0.5,0.0
f02d1c2208b811ebbd88ac1f6bf848b6,ace_submod_128,ace,submod,0.0,0.0,0.0,0.0,0.746,0.5,126.0,0.75,0.0
782f0c160bd911eba7f7acde48001122,ace_submod_128,ace,submod,0.0,0.0,0.0,0.0,0.1732,0.5,127.0,0.5,0.0
21e70b7e0bde11eba7f7acde48001122,ace_submod_128,ace,submod,0.0,0.0,0.0,0.0,0.0,0.0,123.0,0.5,0.0
8d3d54ec0bdd11eba7f7acde48001122,ace_submod_128,ace,submod,0.0,0.0,0.0,0.0,0.4896,0.5,96.0,0.5,0.0
33bcd7ce0bda11eba7f7acde48001122,ace_submod_128,ace,submod,0.0,0.0,0.0,0.0,0.3145,0.5,124.0,0.5,0.0
249f9f060bda11eba7f7acde48001122,ace_submod_128,ace,submod,0.0,0.0,0.0,0.0,0.2109,0.5,128.0,0.5,0.0
45eb6a5408b611ebbd88ac1f6bf848b6,ace_submod_128,ace,submod,1.0,1.0,1.0,1.0,0.5463,0.5,108.0,0.5,0.0
5f02fdf2084f11ebbd56ac1f6bf848b6,ace_submod_128,ace,submod,0.0,0.0,0.0,0.0,0.175,0.5,120.0,0.5,0.0
af356f7a0bd911eba7f7acde48001122,ace_submod_128,ace,submod,0.0,0.0,0.0,0.25,0.2764,0.5,123.0,0.5,0.0
dbca21a20bd911eba7f7acde48001122,ace_submod_128,ace,submod,0.0,0.0,0.0,0.0,0.1215,0.5,107.0,0.5,0.0
27d8ec30091f11ebbdaeac1f6bf848b6,ace_submod_128,ace,submod,0.0,0.0,1.0,1.0,0.3645,0.5,107.0,0.5,0.0
808f9f1808b111ebbd85ac1f6bf848b6,ace_submod_128,ace,submod,1.0,1.0,1.0,1.0,0.3952,1.0,124.0,1.0,1.0
d6b29805087b11ebbd69ac1f6bf848b6,ace_submod_128,ace,submod,0.0,0.0,0.0,0.0,0.5968,0.5,124.0,0.5,0.0
9b8278a20bdd11eba7f7acde48001122,ace_submod_128,ace,submod,0.0,0.0,0.0,0.0,0.4766,0.5,128.0,0.5,0.0
c99fc05e0bd911eba7f7acde48001122,ace_submod_128,ace,submod,0.0,0.3333,0.0,0.3333,0.3415,0.5,123.0,0.5,0.0
60465ce2085411ebbd59ac1f6bf848b6,ace_submod_128,ace,submod,1.0,1.0,1.0,1.0,0.5981,0.5,107.0,0.5,0.0
3e0cebde0bd911eba7f7acde48001122,ace_submod_128,ace,submod,0.0,0.0,0.0,0.0,0.2478,0.5,113.0,0.5,0.0
3cddcc46086511ebbd5eac1f6bf848b6,ace_submod_128,ace,submod,1.0,1.0,1.0,1.0,0.5614,1.0,114.0,1.0,1.0
7f6e237109c411ebbdb0ac1f6bf848b6,ace_submod_128,ace,submod,0.0,0.0,0.0,0.0,0.675,1.0,120.0,1.0,1.0
dc3a36a00bdd11eba7f7acde48001122,ace_submod_128,ace,submod,1.0,1.0,1.0,1.0,1.0,1.0,94.0,1.0,1.0
09ede27e08fd11ebbdadac1f6bf848b6,ace_submod_128,ace,submod,0.0,0.0,0.0,0.0,0.2577,0.5,97.0,1.0,1.0
003285a80bde11eba7f7acde48001122,ace_submod_128,ace,submod,0.0,0.0,0.0,0.5,0.1161,0.5,112.0,0.5,0.0
0e2082e408d111ebbd95ac1f6bf848b6,ace_submod_128,ace,submod,0.0,0.0,0.0,0.0,0.4701,1.0,117.0,1.0,1.0
322178260bde11eba7f7acde48001122,ace_submod_128,ace,submod,0.0,0.0,0.0,0.0,0.1091,0.5,110.0,0.5,0.0
4c1772720bb011ebab90acde48001122,ace_submod_128,ace,submod,0.0,0.2,0.0,0.5,0.2155,0.5,116.0,0.5,0.0
adf59bec0bdb11eba7f7acde48001122,ace_submod_128,ace,submod,0.0,0.0,0.0,0.3333,0.3492,0.5,126.0,0.5,0.0
136c700c089611ebbd76ac1f6bf848b6,ace_submod_128,ace,submod,0.0,0.0,1.0,1.0,0.4797,0.5,123.0,1.0,1.0
6b2ad6600bdb11eba7f7acde48001122,ace_submod_128,ace,submod,0.0,0.0,1.0,1.0,0.5398,1.0,113.0,1.0,1.0
e6a4ff4c0bda11eba7f7acde48001122,ace_submod_128,ace,submod,0.0,0.0,0.0,0.3333,0.4286,0.5,105.0,0.5,0.0
a163b2d1087d11ebbd6bac1f6bf848b6,ace_submod_128,ace,submod,0.0,0.0,1.0,1.0,0.8047,1.0,128.0,1.0,1.0
be851b660bdd11eba7f7acde48001122,ace_submod_128,ace,submod,0.0,0.0,0.0,0.0,0.64,1.0,125.0,1.0,1.0
fbc352ec0bae11ebab90acde48001122,ace_submod_128,ace,submod,0.0,0.0,0.0,0.8,0.1466,0.5,116.0,1.0,1.0
041879d0093a11ebbdaeac1f6bf848b6,ace_submod_128,ace,submod,1.0,1.0,1.0,1.0,0.7071,1.0,99.0,1.0,1.0
8dcab52d092f11ebbdaeac1f6bf848b6,ace_submod_128,ace,submod,0.0,0.0,0.0,0.0,0.1417,0.5,127.0,1.0,1.0
6a765fc60bb011ebab90acde48001122,ace_submod_128,ace,submod,0.0,0.0,0.0,0.6667,0.5463,0.5,108.0,1.0,1.0
0c4973520bb011ebab90acde48001122,ace_submod_128,ace,submod,0.0,0.4444,0.0,1.0,0.1953,0.5,128.0,1.0,1.0
350ec8b80bde11eba7f7acde48001122,ace_submod_128,ace,submod,0.0,0.0,0.0,0.0,0.189,0.5,127.0,0.5,0.0
16d7da20087911ebbd67ac1f6bf848b6,ace_submod_128,ace,submod,0.0,0.0,0.0,0.0,0.5156,1.0,128.0,1.0,1.0
d60529440baf11ebab90acde48001122,ace_submod_128,ace,submod,0.0,0.0,0.0,0.0,0.2821,0.5,117.0,0.5,0.0
400bf8800bde11eba7f7acde48001122,ace_submod_128,ace,submod,0.0,0.0,0.0,0.6667,0.6484,1.0,128.0,1.0,1.0
725dc29a0bda11eba7f7acde48001122,ace_submod_128,ace,submod,0.0,0.0,0.0,0.0,0.2541,0.5,122.0,0.5,0.0
c99c181e08b911ebbd88ac1f6bf848b6,ace_submod_128,ace,submod,1.0,1.0,1.0,1.0,0.3273,0.25,110.0,0.5,0.0
1eeb91060bde11eba7f7acde48001122,ace_submod_128,ace,submod,1.0,1.0,1.0,1.0,0.8421,1.0,114.0,1.0,1.0
27944f240bdd11eba7f7acde48001122,ace_submod_128,ace,submod,1.0,1.0,0.0,0.0,0.312,0.5,125.0,0.5,0.0
0254eea408b911ebbd88ac1f6bf848b6,ace_submod_128,ace,submod,1.0,1.0,1.0,1.0,1.0,1.0,115.0,1.0,1.0
f48667b80bda11eba7f7acde48001122,ace_submod_128,ace,submod,0.0,0.0,0.0,0.0,0.2283,0.5,127.0,0.5,0.0
8145e4de0baf11ebab90acde48001122,ace_submod_128,ace,submod,0.0,0.0,0.0,0.0,0.3361,0.5,119.0,0.5,0.0
62ce8c8e0bde11eba7f7acde48001122,ace_submod_128,ace,submod,0.0,0.0,1.0,1.0,0.0,0.0,127.0,0.5,0.0
ae30933a088b11ebbd6fac1f6bf848b6,ace_submod_128,ace,submod,0.0,0.0,0.0,0.0,0.5158,0.5,95.0,0.5,0.0
7e3f262c0bd911eba7f7acde48001122,ace_submod_128,ace,submod,0.0,0.0,0.0,0.0,0.1301,0.5,123.0,0.5,0.0
fac0692508c111ebbd8bac1f6bf848b6,ace_submod_128,ace,submod,0.0,0.0,1.0,1.0,0.4062,1.0,128.0,1.0,1.0
21832f3c0bde11eba7f7acde48001122,ace_submod_128,ace,submod,0.0,0.0,1.0,1.0,0.2417,0.5,120.0,1.0,1.0
6d1fa90e086711ebbd5eac1f6bf848b6,ace_submod_128,ace,submod,0.0,0.0,1.0,1.0,0.3906,1.0,128.0,1.0,1.0
566c1e2c08a811ebbd7fac1f6bf848b6,ace_submod_128,ace,submod,0.0,0.0,1.0,1.0,0.3364,0.25,107.0,0.25,0.0
8682d20708d311ebbd96ac1f6bf848b6,ace_submod_128,ace,submod,1.0,1.0,1.0,1.0,0.6721,0.5,122.0,0.5,0.0
33a140280bde11eba7f7acde48001122,ace_submod_128,ace,submod,0.0,0.0,0.0,0.0,0.287,0.5,115.0,0.5,0.0
c6ac8fcc0bdd11eba7f7acde48001122,ace_submod_128,ace,submod,0.0,0.0,0.0,0.0,0.3131,0.5,99.0,1.0,1.0
ee559aaa08c211ebbd8cac1f6bf848b6,ace_submod_128,ace,submod,0.0,0.0,1.0,1.0,0.4141,0.25,128.0,0.5,0.0
17e3349208df11ebbd9fac1f6bf848b6,ace_submod_128,ace,submod,0.0,0.0,0.0,1.0,0.6033,1.0,121.0,1.0,1.0
beb3605c0bdd11eba7f7acde48001122,ace_submod_128,ace,submod,0.0,0.0,0.0,0.0,0.2033,0.5,123.0,0.5,0.0
fcdafe320bdb11eba7f7acde48001122,ace_submod_128,ace,submod,0.0,0.0,0.0,0.0,0.252,0.5,123.0,0.5,0.0
28669c5a0bdc11eba7f7acde48001122,ace_submod_128,ace,submod,1.0,1.0,1.0,1.0,0.4882,1.0,127.0,1.0,1.0
bd00729c0bdb11eba7f7acde48001122,ace_submod_128,ace,submod,0.0,0.0,1.0,1.0,0.4375,0.5,112.0,0.5,0.0
a9bdb2a4099a11ebbdb0ac1f6bf848b6,ace_submod_128,ace,submod,0.0,0.0,0.0,0.0,0.4083,1.0,120.0,1.0,1.0
1ec21fed08a511ebbd7dac1f6bf848b6,ace_submod_128,ace,submod,0.0,0.0,0.0,0.0,0.4786,0.5,117.0,0.5,0.0
9a1b06b60bdb11eba7f7acde48001122,ace_submod_128,ace,submod,0.0,0.0,0.0,0.0,0.0787,0.5,127.0,0.5,0.0
c598b04f095211ebbdaeac1f6bf848b6,ace_submod_128,ace,submod,1.0,1.0,1.0,1.0,0.5333,1.0,120.0,1.0,1.0
5ead23420baf11ebab90acde48001122,ace_submod_128,ace,submod,0.0,0.0,1.0,1.0,0.6939,1.0,98.0,1.0,1.0
101a05820bdd11eba7f7acde48001122,ace_submod_128,ace,submod,0.0,0.0,0.0,0.3333,0.4825,0.5,114.0,0.5,0.0
0302950e096311ebbdafac1f6bf848b6,ace_submod_128,ace,submod,0.0,0.0,0.0,0.6667,0.5547,0.5,128.0,1.0,1.0
016e72260bdc11eba7f7acde48001122,ace_submod_128,ace,submod,0.0,0.0,0.0,0.0,0.3871,0.5,93.0,0.5,0.0
f2ff844c0bda11eba7f7acde48001122,ace_submod_128,ace,submod,0.0,0.5,0.0,0.5,0.3226,0.5,124.0,0.5,0.0
188e20a60bdb11eba7f7acde48001122,ace_submod_128,ace,submod,0.0,0.0,0.0,0.0,0.0,0.0,109.0,0.5,0.0
fc26ee1c08d211ebbd96ac1f6bf848b6,ace_submod_128,ace,submod,1.0,1.0,1.0,1.0,0.6378,0.5,127.0,0.75,0.0
e95acdbc085f11ebbd5dac1f6bf848b6,ace_submod_128,ace,submod,0.0,0.0,1.0,1.0,0.619,0.5,126.0,0.5,0.0
eeafddd00bdd11eba7f7acde48001122,ace_submod_128,ace,submod,1.0,1.0,1.0,1.0,0.7222,1.0,108.0,1.0,1.0
47219fad085111ebbd58ac1f6bf848b6,ace_submod_128,ace,submod,0.0,0.0,0.0,0.0,0.544,1.0,125.0,1.0,1.0
c370b4540bd911eba7f7acde48001122,ace_submod_128,ace,submod,0.0,0.0,1.0,1.0,0.4048,1.0,126.0,1.0,1.0
2ba9b53c0bdc11eba7f7acde48001122,ace_submod_128,ace,submod,0.0,0.0,0.0,0.0,0.1709,0.5,117.0,0.5,0.0
a6202170089911ebbd77ac1f6bf848b6,ace_submod_128,ace,submod,0.0,0.0,0.0,0.0,0.1575,0.25,127.0,0.5,0.0
b7fa1522089911ebbd77ac1f6bf848b6,ace_submod_128,ace,submod,0.0,0.0,1.0,1.0,0.4274,0.5,124.0,0.5,0.0
2210c90b08c811ebbd91ac1f6bf848b6,ace_submod_128,ace,submod,1.0,1.0,0.0,0.3333,0.5833,0.5,108.0,0.5,0.0
6bbe4cf80bd911eba7f7acde48001122,ace_submod_128,ace,submod,0.0,0.0,0.0,0.0,0.4274,0.5,124.0,0.5,0.0
01c9f7960bdb11eba7f7acde48001122,ace_submod_128,ace,submod,0.0,0.0,0.0,0.0,0.0,0.0,118.0,0.0,0.0
8894ca2808e111ebbda2ac1f6bf848b6,ace_submod_128,ace,submod,0.0,0.0,1.0,1.0,0.3333,0.25,108.0,0.5,0.0
fd704fe00bdc11eba7f7acde48001122,ace_submod_128,ace,submod,0.0,0.0,0.0,0.0,0.2703,0.5,111.0,1.0,1.0
375e7e4408c611ebbd90ac1f6bf848b6,ace_submod_128,ace,submod,0.0,0.0,0.0,0.5,0.4797,0.5,123.0,0.5,0.0
b583abd20baf11ebab90acde48001122,ace_submod_128,ace,submod,0.0,0.0,1.0,1.0,0.3084,0.5,107.0,1.0,1.0
f7a3d98a08ab11ebbd82ac1f6bf848b6,ace_submod_128,ace,submod,1.0,1.0,0.0,0.5,0.2456,0.5,114.0,0.5,0.0
61644425091011ebbdadac1f6bf848b6,ace_submod_128,ace,submod,1.0,1.0,1.0,1.0,0.7647,1.0,119.0,1.0,1.0
32edaabe0bb011ebab90acde48001122,ace_submod_128,ace,submod,0.0,0.0,0.0,0.5,0.0,0.0,105.0,0.5,0.0
002f12240bde11eba7f7acde48001122,ace_submod_128,ace,submod,0.0,0.0,1.0,1.0,0.5408,1.0,98.0,1.0,1.0
50d225540bde11eba7f7acde48001122,ace_submod_128,ace,submod,0.0,0.0,1.0,1.0,0.0,0.0,122.0,0.0,0.0
17904a03087611ebbd67ac1f6bf848b6,ace_submod_128,ace,submod,1.0,1.0,1.0,1.0,0.4783,0.5,115.0,0.5,0.0
5a4826b00bde11eba7f7acde48001122,ace_submod_128,ace,submod,0.0,0.5,1.0,1.0,0.4615,0.5,117.0,1.0,1.0
6dd9acf20bda11eba7f7acde48001122,ace_submod_128,ace,submod,0.0,0.0,0.0,0.0,0.112,0.5,125.0,0.5,0.0
614eef2a0bde11eba7f7acde48001122,ace_submod_128,ace,submod,0.0,0.0,0.0,0.0,0.2411,0.5,112.0,0.5,0.0
73695ca80bda11eba7f7acde48001122,ace_submod_128,ace,submod,0.0,0.0,0.0,0.0,0.0938,0.5,128.0,0.5,0.0
150df73c086411ebbd5eac1f6bf848b6,ace_submod_128,ace,submod,1.0,1.0,1.0,1.0,0.296,0.5,125.0,0.5,0.0
ac3e7fc3093711ebbdaeac1f6bf848b6,ace_submod_128,ace,submod,1.0,1.0,1.0,1.0,0.2174,0.5,115.0,1.0,1.0
5cad7ed608a111ebbd79ac1f6bf848b6,ace_submod_128,ace,submod,0.0,0.0,0.0,0.6667,0.6476,1.0,105.0,1.0,1.0
172fd661094811ebbdaeac1f6bf848b6,ace_submod_128,ace,submod,1.0,1.0,1.0,1.0,0.4711,1.0,121.0,1.0,1.0
222bd7ec0bdc11eba7f7acde48001122,ace_submod_128,ace,submod,0.0,0.6667,1.0,1.0,0.7475,1.0,99.0,1.0,1.0
39c32aa2086411ebbd5eac1f6bf848b6,ace_submod_128,ace,submod,0.0,0.0,1.0,1.0,0.7087,1.0,127.0,1.0,1.0
7379ce100bdc11eba7f7acde48001122,ace_submod_128,ace,submod,0.0,0.0,0.0,0.0,0.3495,0.5,103.0,0.5,0.0
61e86d5a0bdc11eba7f7acde48001122,ace_submod_128,ace,submod,0.0,0.0,0.0,0.3333,0.4643,0.5,112.0,0.5,0.0
d05cc8bf08c911ebbd92ac1f6bf848b6,ace_submod_128,ace,submod,0.0,0.0,1.0,1.0,0.3711,0.25,97.0,0.5,0.0
408a8365085311ebbd59ac1f6bf848b6,ace_submod_128,ace,submod,0.0,0.0,0.0,0.0,0.1181,0.25,127.0,0.25,0.0
eb18f7ac0baf11ebab90acde48001122,ace_submod_128,ace,submod,0.0,0.0,0.0,0.0,0.0,0.0,111.0,0.5,0.0
0290cd840baf11ebab90acde48001122,ace_submod_128,ace,submod,0.0,0.0,0.0,0.0,0.5565,0.5,124.0,0.5,0.0
6ff41ad6087411ebbd67ac1f6bf848b6,ace_submod_128,ace,submod,0.0,0.0,1.0,1.0,0.5952,1.0,126.0,1.0,1.0
05dac2220bde11eba7f7acde48001122,ace_submod_128,ace,submod,0.0,0.0,1.0,1.0,0.4426,1.0,122.0,1.0,1.0
b1bb441b08e411ebbda4ac1f6bf848b6,ace_submod_128,ace,submod,1.0,1.0,1.0,1.0,0.3271,0.5,107.0,1.0,1.0
132a5430085d11ebbd5cac1f6bf848b6,ace_submod_128,ace,submod,0.0,0.0,0.0,0.0,0.437,1.0,119.0,1.0,1.0
a664606d087e11ebbd6bac1f6bf848b6,ace_submod_128,ace,submod,1.0,1.0,1.0,1.0,0.5159,0.5,126.0,0.5,0.0
eec1dcfb08b911ebbd88ac1f6bf848b6,ace_submod_128,ace,submod,0.0,0.2857,1.0,1.0,0.6016,0.5,128.0,0.5,0.0
bc90ed3208a211ebbd7bac1f6bf848b6,ace_submod_128,ace,submod,0.0,0.0,1.0,1.0,0.8333,0.5,126.0,0.5,0.0
32c37ce40bdd11eba7f7acde48001122,ace_submod_128,ace,submod,0.0,0.0,0.0,0.0,0.0,0.0,100.0,0.5,0.0
0163c020087511ebbd67ac1f6bf848b6,ace_submod_128,ace,submod,0.0,0.0,1.0,1.0,0.7593,0.5,108.0,0.5,0.0
56d2ffcd08d811ebbd9aac1f6bf848b6,ace_submod_128,ace,submod,1.0,1.0,1.0,1.0,0.5636,0.5,110.0,0.5,0.0
dd5d3c540bdc11eba7f7acde48001122,ace_submod_128,ace,submod,0.0,0.0,0.0,0.0,0.2114,0.5,123.0,0.5,0.0
21d392780bda11eba7f7acde48001122,ace_submod_128,ace,submod,0.0,0.0,0.0,0.0,0.3656,0.5,93.0,0.5,0.0
ac2e1b900bdb11eba7f7acde48001122,ace_submod_128,ace,submod,0.0,0.0,0.0,0.3333,0.2609,0.5,115.0,0.5,0.0
95fc614a0bdd11eba7f7acde48001122,ace_submod_128,ace,submod,0.0,0.0,0.0,0.0,0.3047,0.5,128.0,0.5,0.0
7a01a52a089c11ebbd78ac1f6bf848b6,ace_submod_128,ace,submod,0.0,0.0,1.0,1.0,0.5372,0.5,121.0,0.5,0.0
402d63d00bde11eba7f7acde48001122,ace_submod_128,ace,submod,0.0,0.0,0.0,0.0,0.3019,0.5,106.0,0.5,0.0
a5e6e806084911ebbd55ac1f6bf848b6,ace_submod_128,ace,submod,0.0,0.0,1.0,1.0,0.6364,0.5,99.0,0.5,0.0
7019886b093511ebbdaeac1f6bf848b6,ace_submod_128,ace,submod,0.0,0.0,1.0,1.0,0.4375,1.0,128.0,1.0,1.0
05ca361608a511ebbd7dac1f6bf848b6,ace_submod_128,ace,submod,0.0,0.0,0.0,0.5,0.5847,1.0,118.0,1.0,1.0
227adf2c086c11ebbd60ac1f6bf848b6,ace_submod_128,ace,submod,1.0,1.0,1.0,1.0,0.5085,0.5,118.0,0.5,0.0
35e09904086b11ebbd5fac1f6bf848b6,ace_submod_128,ace,submod,1.0,1.0,1.0,1.0,0.8824,0.5,102.0,0.5,0.0
cf357f9008cf11ebbd95ac1f6bf848b6,ace_submod_128,ace,submod,0.0,0.0,0.0,0.0,0.6699,0.5,103.0,1.0,1.0
9b59e0500baf11ebab90acde48001122,ace_submod_128,ace,submod,0.0,0.0,0.0,0.6,0.0,0.0,85.0,0.5,0.0
c226acb1087e11ebbd6bac1f6bf848b6,ace_submod_128,ace,submod,0.0,0.0,0.0,0.0,0.3545,0.5,110.0,0.5,0.0
e5d416220bdd11eba7f7acde48001122,ace_submod_128,ace,submod,0.0,0.3333,0.0,0.3333,0.5385,0.5,117.0,1.0,1.0
97d4622f089f11ebbd78ac1f6bf848b6,ace_submod_128,ace,submod,0.0,0.0,0.0,0.5,0.25,0.5,84.0,1.0,1.0
f36fd8e208b911ebbd88ac1f6bf848b6,ace_submod_128,ace,submod,1.0,1.0,1.0,1.0,0.512,1.0,125.0,1.0,1.0
e1cfab340bda11eba7f7acde48001122,ace_submod_128,ace,submod,0.0,0.0,0.0,0.0,0.3043,0.5,115.0,0.5,0.0
51b179a20bd911eba7f7acde48001122,ace_submod_128,ace,submod,0.0,0.0,0.0,0.3333,0.3115,0.5,122.0,0.5,0.0
3f0a5317085d11ebbd5cac1f6bf848b6,ace_submod_128,ace,submod,0.0,0.0,1.0,1.0,0.4762,0.5,126.0,0.5,0.0
62a9691e0bb011ebab90acde48001122,ace_submod_128,ace,submod,0.0,0.0,0.0,0.2,0.392,0.5,125.0,1.0,1.0
f329c007089011ebbd72ac1f6bf848b6,ace_submod_128,ace,submod,1.0,1.0,1.0,1.0,0.4095,0.5,105.0,0.5,0.0
66ce82ec0bdb11eba7f7acde48001122,ace_submod_128,ace,submod,0.0,0.0,0.0,0.0,0.6172,0.5,128.0,0.5,0.0
6605282808b811ebbd88ac1f6bf848b6,ace_submod_128,ace,submod,0.0,0.0,0.0,0.0,0.4252,0.5,127.0,0.5,0.0
1865e1e40bdc11eba7f7acde48001122,ace_submod_128,ace,submod,0.0,0.0,0.0,0.0,0.256,0.5,125.0,0.5,0.0
f0cba8e408cc11ebbd93ac1f6bf848b6,ace_submod_128,ace,submod,0.0,0.0,0.0,0.0,0.605,0.5,119.0,0.5,0.0
5b542d2c0bdb11eba7f7acde48001122,ace_submod_128,ace,submod,0.0,0.0,0.0,0.0,0.1641,0.5,128.0,0.5,0.0
b6ad2a6e0bdd11eba7f7acde48001122,ace_submod_128,ace,submod,0.0,0.0,0.0,0.0,0.3866,0.5,119.0,0.5,0.0
09945977084d11ebbd56ac1f6bf848b6,ace_submod_128,ace,submod,0.0,0.0,0.0,0.0,0.775,1.0,120.0,1.0,1.0
f52b28400bdd11eba7f7acde48001122,ace_submod_128,ace,submod,0.0,0.0,0.0,0.6667,0.3197,0.5,122.0,1.0,1.0
b01239cf086311ebbd5eac1f6bf848b6,ace_submod_128,ace,submod,0.0,0.0,0.0,0.5,0.646,1.0,113.0,1.0,1.0
1f5901840bdc11eba7f7acde48001122,ace_submod_128,ace,submod,0.0,0.0,0.0,0.0,0.2381,0.5,126.0,0.5,0.0
2f1729d608c911ebbd92ac1f6bf848b6,ace_submod_128,ace,submod,1.0,1.0,1.0,1.0,0.4425,0.5,113.0,0.5,0.0
fbc3b82c0bae11ebab90acde48001122,ace_submod_128,ace,submod,0.0,0.1538,0.0,0.25,0.1382,0.5,123.0,0.5,0.0
fd68c8f6085311ebbd59ac1f6bf848b6,ace_submod_128,ace,submod,0.0,0.0,0.0,0.0,0.5872,1.0,109.0,1.0,1.0
c240018708a311ebbd7cac1f6bf848b6,ace_submod_128,ace,submod,1.0,1.0,1.0,1.0,0.6577,1.0,111.0,1.0,1.0
0628ed440bde11eba7f7acde48001122,ace_submod_128,ace,submod,0.0,0.0,0.0,0.5,0.8349,1.0,109.0,1.0,1.0
54b3c3a60bdb11eba7f7acde48001122,ace_submod_128,ace,submod,0.0,0.0,0.0,0.0,0.2131,0.5,122.0,0.5,0.0
bbccb00a08c211ebbd8cac1f6bf848b6,ace_submod_128,ace,submod,0.0,0.0,0.0,0.0,0.0992,0.25,121.0,0.25,0.0
e67fed800bdd11eba7f7acde48001122,ace_submod_128,ace,submod,0.0,0.0,0.0,0.3333,0.4476,0.5,105.0,1.0,1.0
ace961ec0baf11ebab90acde48001122,ace_submod_128,ace,submod,0.0,0.0,0.0,0.0,0.3203,0.5,128.0,0.5,0.0
0f1f491c088611ebbd6dac1f6bf848b6,ace_submod_128,ace,submod,1.0,1.0,1.0,1.0,0.5242,1.0,124.0,1.0,1.0
e6998c7e08de11ebbd9fac1f6bf848b6,ace_submod_128,ace,submod,0.0,0.0,1.0,1.0,0.5983,0.5,117.0,0.5,0.0
183402b6086511ebbd5eac1f6bf848b6,ace_submod_128,ace,submod,1.0,1.0,1.0,1.0,0.6562,0.5,128.0,0.5,0.0
f5e7f8f80bdd11eba7f7acde48001122,ace_submod_128,ace,submod,0.0,0.0,0.0,0.0,0.0635,0.5,126.0,0.5,0.0
d4a90752086a11ebbd5fac1f6bf848b6,ace_submod_128,ace,submod,1.0,1.0,0.0,0.0,0.4828,1.0,116.0,1.0,1.0
507b477408d811ebbd9aac1f6bf848b6,ace_submod_128,ace,submod,1.0,1.0,1.0,1.0,0.5041,1.0,121.0,1.0,1.0
6e2336660bde11eba7f7acde48001122,ace_submod_128,ace,submod,0.0,0.0,0.0,0.0,0.0,0.0,123.0,0.5,0.0
9b1655a108e511ebbda4ac1f6bf848b6,ace_submod_128,ace,submod,0.0,0.0,0.0,0.0,0.4874,1.0,119.0,1.0,1.0
553ff092097f11ebbdb0ac1f6bf848b6,ace_submod_128,ace,submod,0.0,0.0,1.0,1.0,0.2222,1.0,126.0,1.0,1.0
6f0bdd140bdc11eba7f7acde48001122,ace_submod_128,ace,submod,0.0,0.0,0.0,0.0,0.4107,0.5,112.0,0.5,0.0
2f3b107c0bde11eba7f7acde48001122,ace_submod_128,ace,submod,0.0,0.0,0.0,0.0,0.0,0.0,106.0,0.5,0.0
462bb642099211ebbdb0ac1f6bf848b6,ace_submod_128,ace,submod,1.0,1.0,0.0,0.0,0.4454,1.0,119.0,1.0,1.0
fc28c2e80bdc11eba7f7acde48001122,ace_submod_128,ace,submod,0.0,0.0,0.0,0.0,0.3784,0.5,111.0,0.5,0.0
3889ebc80bdc11eba7f7acde48001122,ace_submod_128,ace,submod,0.0,0.0,0.0,0.0,0.3267,0.5,101.0,0.5,0.0
ce0a4f9408eb11ebbda7ac1f6bf848b6,ace_submod_128,ace,submod,0.0,0.0,0.0,0.0,0.3478,1.0,115.0,1.0,1.0
3ed396b0087f11ebbd6bac1f6bf848b6,ace_submod_128,ace,submod,0.0,0.0,0.0,0.5,0.3451,0.25,113.0,0.5,0.0
7e3574e8093c11ebbdaeac1f6bf848b6,ace_submod_128,ace,submod,1.0,1.0,1.0,1.0,0.0,0.0,119.0,1.0,1.0
80c2cafa08d911ebbd9cac1f6bf848b6,ace_submod_128,ace,submod,0.0,0.0,0.0,0.0,0.5827,0.5,127.0,0.5,0.0
bc702d440baf11ebab90acde48001122,ace_submod_128,ace,submod,0.0,0.0,0.0,0.5,0.4095,0.5,105.0,0.5,0.0
56f73ba60baf11ebab90acde48001122,ace_submod_128,ace,submod,0.0,0.3333,0.0,0.3333,0.0,0.0,124.0,0.5,0.0
6dd2e77a0bb011ebab90acde48001122,ace_submod_128,ace,submod,0.0,0.0,0.0,0.0,0.2655,0.5,113.0,0.5,0.0
5fdf9c8008b311ebbd86ac1f6bf848b6,ace_submod_128,ace,submod,0.0,0.0,1.0,1.0,0.6311,1.0,122.0,1.0,1.0
65884aca0baf11ebab90acde48001122,ace_submod_128,ace,submod,0.0,0.1818,0.0,0.5,0.5701,0.5,107.0,0.5,0.0
416e88500bde11eba7f7acde48001122,ace_submod_128,ace,submod,0.0,0.0,0.0,0.2,0.3051,0.5,118.0,0.5,0.0
e715b66708be11ebbd8aac1f6bf848b6,ace_submod_128,ace,submod,0.0,0.0,0.0,0.0,0.4553,1.0,123.0,1.0,1.0
41edeed3085b11ebbd5cac1f6bf848b6,ace_submod_128,ace,submod,0.0,0.0,0.0,0.0,0.575,1.0,120.0,1.0,1.0
a346f150089811ebbd77ac1f6bf848b6,ace_submod_128,ace,submod,1.0,1.0,0.0,0.9,0.6929,0.5,127.0,0.75,0.0
600eac52085c11ebbd5cac1f6bf848b6,ace_submod_128,ace,submod,1.0,1.0,1.0,1.0,0.3271,0.5,107.0,0.5,0.0
6f7115240bde11eba7f7acde48001122,ace_submod_128,ace,submod,0.0,0.0,0.0,0.0,0.1885,0.5,122.0,0.5,0.0
c1b112a00baf11ebab90acde48001122,ace_submod_128,ace,submod,0.0,0.0,0.0,0.0,0.4057,0.5,106.0,0.5,0.0
371c1d5e0bde11eba7f7acde48001122,ace_submod_128,ace,submod,0.0,0.0,0.0,0.0,0.4724,0.5,127.0,0.5,0.0
69e65bfb08d711ebbd9aac1f6bf848b6,ace_submod_128,ace,submod,1.0,1.0,1.0,1.0,0.1308,0.25,107.0,0.5,0.0
dd01c8180bd911eba7f7acde48001122,ace_submod_128,ace,submod,0.0,0.0,0.0,0.0,0.44,1.0,125.0,1.0,1.0
ab94845c0baf11ebab90acde48001122,ace_submod_128,ace,submod,0.0,0.0,0.0,0.0,0.3898,0.5,118.0,0.5,0.0
6434ea6708eb11ebbda7ac1f6bf848b6,ace_submod_128,ace,submod,0.0,0.0,0.0,0.0,0.472,1.0,125.0,1.0,1.0
57df2e7e0bb011ebab90acde48001122,ace_submod_128,ace,submod,0.0,0.0,0.0,0.0,0.0,0.0,118.0,0.5,0.0
4313e1320bde11eba7f7acde48001122,ace_submod_128,ace,submod,0.0,0.0,0.0,0.0,0.3613,0.5,119.0,0.5,0.0
6f1c59360bdd11eba7f7acde48001122,ace_submod_128,ace,submod,0.0,0.0,0.0,0.0,0.2778,0.5,108.0,0.5,0.0
3cd45771086e11ebbd62ac1f6bf848b6,ace_submod_128,ace,submod,1.0,1.0,0.0,0.0,0.2414,1.0,116.0,1.0,1.0
b3e0284c087011ebbd63ac1f6bf848b6,ace_submod_128,ace,submod,0.0,0.0,1.0,1.0,0.5641,0.5,117.0,1.0,1.0
0db3321208d311ebbd96ac1f6bf848b6,ace_submod_128,ace,submod,1.0,1.0,1.0,1.0,0.4945,1.0,91.0,1.0,1.0
09c3e79c0bde11eba7f7acde48001122,ace_submod_128,ace,submod,0.0,0.0,0.0,0.0,0.2066,0.5,121.0,0.5,0.0
49409db4093711ebbdaeac1f6bf848b6,ace_submod_128,ace,submod,0.0,0.0,1.0,1.0,0.6827,1.0,104.0,1.0,1.0
e476b380090c11ebbdadac1f6bf848b6,ace_submod_128,ace,submod,0.0,0.0,1.0,1.0,0.37,0.5,100.0,1.0,1.0
ba07c82908e411ebbda4ac1f6bf848b6,ace_submod_128,ace,submod,1.0,1.0,1.0,1.0,0.6863,1.0,102.0,1.0,1.0
5410b503086c11ebbd61ac1f6bf848b6,ace_submod_128,ace,submod,0.0,0.4,0.0,0.5,0.8614,1.0,101.0,1.0,1.0
accfdb580bd911eba7f7acde48001122,ace_submod_128,ace,submod,0.0,0.0,1.0,1.0,0.8115,1.0,122.0,1.0,1.0
5ed727980bda11eba7f7acde48001122,ace_submod_128,ace,submod,0.0,0.0,0.0,0.0,0.0,0.0,83.0,0.5,0.0
08d7d0d20bde11eba7f7acde48001122,ace_submod_128,ace,submod,0.0,0.0,0.0,0.0,0.3984,1.0,123.0,1.0,1.0
9f9460460bdc11eba7f7acde48001122,ace_submod_128,ace,submod,0.0,0.0,0.0,0.0,0.322,0.5,118.0,1.0,1.0
d7af391708bb11ebbd88ac1f6bf848b6,ace_submod_128,ace,submod,0.0,0.0,0.0,0.0,0.5726,0.5,124.0,0.5,0.0
f2abc5580bdc11eba7f7acde48001122,ace_submod_128,ace,submod,0.0,0.0,0.0,0.0,0.4836,0.5,122.0,1.0,1.0
5839dbac0bde11eba7f7acde48001122,ace_submod_128,ace,submod,0.0,0.0,0.0,0.0,0.2131,0.5,122.0,0.5,0.0
26d0b2f2085511ebbd59ac1f6bf848b6,ace_submod_128,ace,submod,1.0,1.0,1.0,1.0,0.7788,1.0,113.0,1.0,1.0
6b10f275096011ebbdafac1f6bf848b6,ace_submod_128,ace,submod,0.0,0.0,1.0,1.0,0.6341,1.0,123.0,1.0,1.0
84414bf00bb011ebab90acde48001122,ace_submod_128,ace,submod,0.0,0.0,0.0,0.3333,0.3362,0.5,116.0,1.0,1.0
bedf588e0baf11ebab90acde48001122,ace_submod_128,ace,submod,0.0,0.4,0.0,0.5,0.8115,0.5,122.0,0.5,0.0
3101726e0bdb11eba7f7acde48001122,ace_submod_128,ace,submod,0.0,0.0,0.0,0.0,0.1322,0.5,121.0,0.5,0.0
6e88d85e0bde11eba7f7acde48001122,ace_submod_128,ace,submod,0.0,0.0,0.0,0.0,0.8393,1.0,112.0,1.0,1.0
597a6ac20bd911eba7f7acde48001122,ace_submod_128,ace,submod,0.0,0.0,0.0,0.0,0.2474,0.5,97.0,0.5,0.0
0c4804540bb011ebab90acde48001122,ace_submod_128,ace,submod,0.0,0.75,0.0,0.75,0.3254,1.0,126.0,1.0,1.0
76b617e40bde11eba7f7acde48001122,ace_submod_128,ace,submod,0.0,0.0,0.0,0.6667,0.0,0.0,107.0,0.5,0.0
2b9500fe0bde11eba7f7acde48001122,ace_submod_128,ace,submod,0.0,0.0,1.0,1.0,0.45,1.0,120.0,1.0,1.0
2acf91800bdd11eba7f7acde48001122,ace_submod_128,ace,submod,0.0,0.0,0.0,0.0,0.3679,0.5,106.0,0.5,0.0
6875b330086711ebbd5eac1f6bf848b6,ace_submod_128,ace,submod,1.0,1.0,0.0,0.75,0.5575,0.5,113.0,0.75,0.0
1332d0ca0bdb11eba7f7acde48001122,ace_submod_128,ace,submod,0.0,0.0,0.0,0.25,0.2441,0.5,127.0,0.5,0.0
39aec54808ab11ebbd81ac1f6bf848b6,ace_submod_128,ace,submod,1.0,1.0,1.0,1.0,0.6393,0.5,122.0,0.75,0.0
4fb9d00c0bdb11eba7f7acde48001122,ace_submod_128,ace,submod,0.0,0.0,0.0,0.0,0.1825,0.5,126.0,0.5,0.0
64ed06f40bdd11eba7f7acde48001122,ace_submod_128,ace,submod,0.0,0.0,0.0,0.0,0.3818,0.5,110.0,0.5,0.0
de95e2e408ad11ebbd83ac1f6bf848b6,ace_submod_128,ace,submod,0.0,0.0,0.0,0.0,0.35,0.5,100.0,0.5,0.0
214beb5e0bb011ebab90acde48001122,ace_submod_128,ace,submod,0.0,0.0,0.0,0.0,0.25,0.5,104.0,0.5,0.0
8cdc97de0bdc11eba7f7acde48001122,ace_submod_128,ace,submod,0.0,0.8,1.0,1.0,0.7984,1.0,124.0,1.0,1.0
5be3d2e7089411ebbd75ac1f6bf848b6,ace_submod_128,ace,submod,1.0,1.0,1.0,1.0,1.0,0.5,128.0,0.5,0.0
e9b332fd089811ebbd77ac1f6bf848b6,ace_submod_128,ace,submod,0.0,0.0,0.0,0.0,0.5169,1.0,118.0,1.0,1.0
bdacec5e085f11ebbd5dac1f6bf848b6,ace_submod_128,ace,submod,1.0,1.0,1.0,1.0,0.8197,0.5,122.0,0.5,0.0
2d319a460bdc11eba7f7acde48001122,ace_submod_128,ace,submod,0.0,0.0,0.0,0.0,0.3675,0.5,117.0,0.5,0.0
bb965c8508af11ebbd83ac1f6bf848b6,ace_submod_128,ace,submod,1.0,1.0,0.0,0.0,0.0,0.0,125.0,0.25,0.0
78ba517c0bd911eba7f7acde48001122,ace_submod_128,ace,submod,0.0,0.0,0.0,0.5,0.4194,0.5,124.0,0.5,0.0
f5648762086711ebbd5eac1f6bf848b6,ace_submod_128,ace,submod,0.0,0.0,1.0,1.0,0.7476,0.5,103.0,0.5,0.0
fa7ad32b093411ebbdaeac1f6bf848b6,ace_submod_128,ace,submod,1.0,1.0,1.0,1.0,0.5625,1.0,128.0,1.0,1.0
0c818a160bde11eba7f7acde48001122,ace_submod_128,ace,submod,0.0,0.0,0.0,0.0,0.3438,0.5,128.0,0.5,0.0
803a31b9089d11ebbd78ac1f6bf848b6,ace_submod_128,ace,submod,0.0,0.0,0.0,0.0,0.6328,0.75,128.0,0.75,0.0
75fbf09a08c711ebbd91ac1f6bf848b6,ace_submod_128,ace,submod,0.0,0.0,1.0,1.0,0.2547,0.5,106.0,0.5,0.0
070e4d940bde11eba7f7acde48001122,ace_submod_128,ace,submod,0.0,0.0,1.0,1.0,0.4622,1.0,119.0,1.0,1.0
ef0db64a08f311ebbdaaac1f6bf848b6,ace_submod_128,ace,submod,0.0,0.0,0.0,0.0,0.5862,1.0,116.0,1.0,1.0
a2745ec4085d11ebbd5cac1f6bf848b6,ace_submod_128,ace,submod,0.0,0.0,0.0,0.0,0.8852,0.5,122.0,1.0,1.0
86a396ba0bdc11eba7f7acde48001122,ace_submod_128,ace,submod,0.0,0.0,0.0,0.0,0.1789,0.5,123.0,0.5,0.0
99e45ebc08e411ebbda4ac1f6bf848b6,ace_submod_128,ace,submod,1.0,1.0,0.0,0.75,0.2,0.25,115.0,0.5,0.0
bf514e0208db11ebbd9cac1f6bf848b6,ace_submod_128,ace,submod,1.0,1.0,1.0,1.0,0.4841,0.5,126.0,0.5,0.0
e64faf900baf11ebab90acde48001122,ace_submod_128,ace,submod,0.0,0.0,0.0,0.5,0.0,0.0,98.0,0.5,0.0
2eb4b1040bb011ebab90acde48001122,ace_submod_128,ace,submod,0.0,0.4,0.0,0.6,0.4818,0.5,110.0,0.5,0.0
6f0a6a5e0bde11eba7f7acde48001122,ace_submod_128,ace,submod,0.0,0.0,0.0,0.0,0.6641,0.5,128.0,1.0,1.0
c4b2a1660bdd11eba7f7acde48001122,ace_submod_128,ace,submod,0.0,0.0,0.0,0.0,0.5812,1.0,117.0,1.0,1.0
45153f740bdb11eba7f7acde48001122,ace_submod_128,ace,submod,0.0,0.0,0.0,0.0,0.2545,0.5,110.0,1.0,1.0
53d6ad2a0bb011ebab90acde48001122,ace_submod_128,ace,submod,0.0,0.0,0.0,0.0,0.2931,0.5,116.0,1.0,1.0
be1e5c620bda11eba7f7acde48001122,ace_submod_128,ace,submod,0.0,0.0,1.0,1.0,0.6529,1.0,121.0,1.0,1.0
e2537e7808ab11ebbd82ac1f6bf848b6,ace_submod_128,ace,submod,0.0,0.0,1.0,1.0,0.4083,0.25,120.0,0.5,0.0
3b63d2fe089511ebbd75ac1f6bf848b6,ace_submod_128,ace,submod,0.0,0.0,0.0,0.0,0.434,0.5,106.0,1.0,1.0
e46c530a0bae11ebab90acde48001122,ace_submod_128,ace,submod,0.0,0.0,0.0,0.0,0.2963,0.5,108.0,0.5,0.0
16e1bf00088511ebbd6dac1f6bf848b6,ace_submod_128,ace,submod,0.0,0.0,0.0,0.0,0.504,0.25,125.0,0.5,0.0
6a23ecc8089f11ebbd78ac1f6bf848b6,ace_submod_128,ace,submod,0.0,0.0,0.0,0.25,0.5433,0.5,127.0,0.5,0.0
1dbdfcea0bdb11eba7f7acde48001122,ace_submod_128,ace,submod,0.0,0.0,0.0,0.0,0.1296,0.5,108.0,0.5,0.0
d35ce724089911ebbd77ac1f6bf848b6,ace_submod_128,ace,submod,0.0,0.0,1.0,1.0,0.2869,0.5,122.0,1.0,1.0
f4e8557c085b11ebbd5cac1f6bf848b6,ace_submod_128,ace,submod,0.0,0.0,0.0,0.0,0.2655,0.25,113.0,0.25,0.0
870142580bda11eba7f7acde48001122,ace_submod_128,ace,submod,0.0,0.0,0.0,0.0,0.4907,0.5,108.0,0.5,0.0
be9369c80bdd11eba7f7acde48001122,ace_submod_128,ace,submod,0.0,0.0,0.0,0.0,0.208,0.5,125.0,0.5,0.0
5ff291a80bda11eba7f7acde48001122,ace_submod_128,ace,submod,0.0,0.4,0.0,0.3333,0.2975,0.5,121.0,0.5,0.0
0c13a2ca088811ebbd6eac1f6bf848b6,ace_submod_128,ace,submod,1.0,1.0,1.0,1.0,0.7395,0.5,119.0,0.5,0.0
259721a608e511ebbda4ac1f6bf848b6,ace_submod_128,ace,submod,1.0,1.0,1.0,1.0,0.6349,0.75,126.0,0.75,0.0
6ab2c3860baf11ebab90acde48001122,ace_submod_128,ace,submod,0.0,0.0,0.0,0.5,0.1635,0.5,104.0,0.5,0.0
3a47b9960bdb11eba7f7acde48001122,ace_submod_128,ace,submod,0.0,0.0,0.0,0.0,0.314,0.5,121.0,0.5,0.0
ff36cddc08c011ebbd8aac1f6bf848b6,ace_submod_128,ace,submod,1.0,1.0,1.0,1.0,0.6838,0.5,117.0,0.5,0.0
721f557a0bdd11eba7f7acde48001122,ace_submod_128,ace,submod,0.0,0.0,1.0,1.0,0.1271,0.5,118.0,0.5,0.0
3dd414d2095211ebbdaeac1f6bf848b6,ace_submod_128,ace,submod,0.0,0.0,0.0,0.0,0.4561,0.5,114.0,0.5,0.0
ea755618087311ebbd67ac1f6bf848b6,ace_submod_128,ace,submod,0.0,0.0,0.0,0.8,0.3902,0.5,123.0,0.5,0.0
49eaffb0089411ebbd75ac1f6bf848b6,ace_submod_128,ace,submod,1.0,1.0,1.0,1.0,0.7545,0.5,110.0,0.75,0.0
de7b90800bdd11eba7f7acde48001122,ace_submod_128,ace,submod,0.0,0.0,0.0,0.0,0.24,0.5,125.0,0.5,0.0
0bc8838a0bda11eba7f7acde48001122,ace_submod_128,ace,submod,0.0,0.3333,0.0,0.3333,0.2735,0.5,117.0,1.0,1.0
f9563b3a0bdd11eba7f7acde48001122,ace_submod_128,ace,submod,0.0,0.0,0.0,0.0,0.157,0.5,121.0,0.5,0.0
47cc27fa08bb11ebbd88ac1f6bf848b6,ace_submod_128,ace,submod,1.0,1.0,1.0,1.0,0.5508,1.0,118.0,1.0,1.0
85cc412008b611ebbd88ac1f6bf848b6,ace_submod_128,ace,submod,0.0,0.0,0.0,0.0,0.4961,0.5,127.0,0.5,0.0
0a59ce0a08b711ebbd88ac1f6bf848b6,ace_submod_128,ace,submod,0.0,0.0,0.0,0.0,0.2321,0.5,112.0,0.5,0.0
72f602e60bb011ebab90acde48001122,ace_submod_128,ace,submod,0.0,0.0,1.0,1.0,0.4135,1.0,104.0,1.0,1.0
ae585fc20bd911eba7f7acde48001122,ace_submod_128,ace,submod,0.0,0.0,0.0,0.0,0.0,0.0,119.0,0.5,0.0
1c0f99380bdd11eba7f7acde48001122,ace_submod_128,ace,submod,0.0,0.0,0.0,0.0,0.3398,0.5,103.0,0.5,0.0
b534d99e098111ebbdb0ac1f6bf848b6,ace_submod_128,ace,submod,1.0,1.0,1.0,1.0,0.315,0.5,127.0,1.0,1.0
406a4ee00bb011ebab90acde48001122,ace_submod_128,ace,submod,0.0,0.0,0.0,0.6667,0.4672,1.0,122.0,1.0,1.0
48d89aea0bd911eba7f7acde48001122,ace_submod_128,ace,submod,0.0,0.0,0.0,0.0,0.3802,0.5,121.0,0.5,0.0
ece1bdae0bdb11eba7f7acde48001122,ace_submod_128,ace,submod,0.0,0.0,0.0,0.0,0.5377,0.5,106.0,0.5,0.0
ddbc0f6c0bdd11eba7f7acde48001122,ace_submod_128,ace,submod,0.0,0.0,0.0,0.0,0.4252,0.5,127.0,0.5,0.0
168d081a0bb011ebab90acde48001122,ace_submod_128,ace,submod,0.0,0.0,0.0,0.75,0.2673,0.5,101.0,1.0,1.0
677658e80bde11eba7f7acde48001122,ace_submod_128,ace,submod,0.0,0.0,0.0,0.0,0.2566,0.5,113.0,0.5,0.0
a994c54e0bdd11eba7f7acde48001122,ace_submod_128,ace,submod,0.0,0.0,0.0,0.0,0.2661,0.5,124.0,0.5,0.0
3b17c11308f011ebbda8ac1f6bf848b6,ace_submod_128,ace,submod,1.0,1.0,1.0,1.0,0.6614,1.0,127.0,1.0,1.0
552ac62c089311ebbd74ac1f6bf848b6,ace_submod_128,ace,submod,0.0,0.0,1.0,1.0,0.7745,1.0,102.0,1.0,1.0
6cfe1e5408ac11ebbd83ac1f6bf848b6,ace_submod_128,ace,submod,0.0,0.0,0.0,0.0,0.6583,0.5,120.0,0.5,0.0
695c85a1086a11ebbd5fac1f6bf848b6,ace_submod_128,ace,submod,0.0,0.0,1.0,1.0,0.8661,0.5,112.0,0.5,0.0
abf4c578090811ebbdadac1f6bf848b6,ace_submod_128,ace,submod,1.0,1.0,1.0,1.0,0.3636,1.0,121.0,1.0,1.0
eeea54e0085611ebbd59ac1f6bf848b6,ace_submod_128,ace,submod,1.0,1.0,1.0,1.0,0.6018,0.5,113.0,0.5,0.0
a400ea0a0bdc11eba7f7acde48001122,ace_submod_128,ace,submod,0.0,0.0,0.0,0.0,0.1825,0.5,126.0,0.5,0.0
6181829c0bb011ebab90acde48001122,ace_submod_128,ace,submod,0.0,0.0,0.0,0.6,0.377,0.5,122.0,0.5,0.0
c74ed73b088d11ebbd70ac1f6bf848b6,ace_submod_128,ace,submod,1.0,1.0,1.0,1.0,1.0,0.5,99.0,0.5,0.0
61cc91aa088c11ebbd6fac1f6bf848b6,ace_submod_128,ace,submod,1.0,1.0,1.0,1.0,0.8957,0.75,115.0,0.75,0.0
d16aef420bda11eba7f7acde48001122,ace_submod_128,ace,submod,0.0,0.0,0.0,0.0,0.3871,0.5,124.0,0.5,0.0
632cef18089111ebbd73ac1f6bf848b6,ace_submod_128,ace,submod,0.0,0.0,1.0,1.0,0.4754,0.5,122.0,0.5,0.0
67d902140bb011ebab90acde48001122,ace_submod_128,ace,submod,0.0,0.0,1.0,1.0,0.552,1.0,125.0,1.0,1.0
df25946e08b211ebbd85ac1f6bf848b6,ace_submod_128,ace,submod,1.0,1.0,1.0,1.0,0.2632,0.25,114.0,0.25,0.0
2a688326089c11ebbd78ac1f6bf848b6,ace_submod_128,ace,submod,1.0,1.0,1.0,1.0,0.4609,0.5,115.0,0.5,0.0
d7281cbe0baf11ebab90acde48001122,ace_submod_128,ace,submod,0.0,0.0,0.0,0.0,0.233,0.5,103.0,0.5,0.0
0507b29d088c11ebbd6fac1f6bf848b6,ace_submod_128,ace,submod,0.0,0.0,1.0,1.0,0.6372,1.0,113.0,1.0,1.0
f4c82ea208a411ebbd7dac1f6bf848b6,ace_submod_128,ace,submod,0.0,0.0,0.0,0.0,0.5748,0.5,127.0,0.5,0.0
177e0eda0bde11eba7f7acde48001122,ace_submod_128,ace,submod,0.0,0.0,0.0,0.0,0.4567,0.5,127.0,0.5,0.0
cba75d3408ce11ebbd94ac1f6bf848b6,ace_submod_128,ace,submod,0.0,0.0,0.0,0.0,0.4407,1.0,118.0,1.0,1.0
650ae56108b911ebbd88ac1f6bf848b6,ace_submod_128,ace,submod,0.0,0.0,0.0,0.0,0.336,0.25,125.0,0.5,0.0
3bee1660089911ebbd77ac1f6bf848b6,ace_submod_128,ace,submod,0.0,0.0,1.0,1.0,0.3858,0.5,127.0,0.5,0.0
befbd60c0bdd11eba7f7acde48001122,ace_submod_128,ace,submod,0.0,0.0,0.0,0.0,0.6168,1.0,107.0,1.0,1.0
d94b8e3708e911ebbda7ac1f6bf848b6,ace_submod_128,ace,submod,1.0,1.0,0.0,0.75,0.246,1.0,126.0,1.0,1.0
51c970e6097111ebbdb0ac1f6bf848b6,ace_submod_128,ace,submod,0.0,0.0,0.0,0.0,0.3645,0.5,107.0,1.0,1.0
ba08756a0bdd11eba7f7acde48001122,ace_submod_128,ace,submod,0.0,0.0,0.0,0.0,0.4054,0.5,111.0,1.0,1.0
2e28a87e0bda11eba7f7acde48001122,ace_submod_128,ace,submod,0.0,0.0,0.0,0.0,0.4876,0.5,121.0,0.5,0.0
2164ef1e0bdd11eba7f7acde48001122,ace_submod_128,ace,submod,0.0,0.0,0.0,0.0,0.4488,0.5,127.0,0.5,0.0
83aacaf008ee11ebbda8ac1f6bf848b6,ace_submod_128,ace,submod,1.0,1.0,1.0,1.0,0.7129,1.0,101.0,1.0,1.0
cc93bb5c090711ebbdadac1f6bf848b6,ace_submod_128,ace,submod,1.0,1.0,1.0,1.0,0.3214,1.0,84.0,1.0,1.0
7aa58f360bdb11eba7f7acde48001122,ace_submod_128,ace,submod,0.0,0.0,0.0,0.0,0.2212,0.5,104.0,0.5,0.0
b9e30a520bdb11eba7f7acde48001122,ace_submod_128,ace,submod,0.0,0.0,0.0,0.0,0.5234,0.5,128.0,0.5,0.0
64f1e5e9086d11ebbd62ac1f6bf848b6,ace_submod_128,ace,submod,1.0,1.0,1.0,1.0,0.121,0.25,124.0,0.5,0.0
7257a60608cb11ebbd92ac1f6bf848b6,ace_submod_128,ace,submod,0.0,0.0,1.0,1.0,0.767,0.5,103.0,0.5,0.0
d2c7402008bf11ebbd8aac1f6bf848b6,ace_submod_128,ace,submod,0.0,0.0,0.0,0.0,0.4561,0.5,114.0,0.5,0.0
17ec5f82095d11ebbdaeac1f6bf848b6,ace_submod_128,ace,submod,0.0,0.0,1.0,1.0,0.7438,1.0,121.0,1.0,1.0
f6e7e5a80bae11ebab90acde48001122,ace_submod_128,ace,submod,0.0,0.0,0.0,0.3333,0.3107,0.5,103.0,0.5,0.0
6a848a240bb011ebab90acde48001122,ace_submod_128,ace,submod,0.0,0.4,0.0,0.8,0.2966,0.5,118.0,0.5,0.0
583b8ccc0bd911eba7f7acde48001122,ace_submod_128,ace,submod,1.0,1.0,1.0,1.0,0.6639,1.0,119.0,1.0,1.0
81f9510408fa11ebbdacac1f6bf848b6,ace_submod_128,ace,submod,1.0,1.0,1.0,1.0,1.0,1.0,99.0,1.0,1.0
3d1200fc0bde11eba7f7acde48001122,ace_submod_128,ace,submod,0.0,0.0,0.0,0.0,0.3534,0.5,116.0,0.5,0.0
e6f90c9d08c711ebbd91ac1f6bf848b6,ace_submod_128,ace,submod,1.0,1.0,1.0,1.0,0.536,0.5,125.0,0.5,0.0
fc00ac4a0baf11ebab90acde48001122,ace_submod_128,ace,submod,0.0,0.2,0.0,0.8333,0.4634,0.5,123.0,0.5,0.0
4aee95dc0bd911eba7f7acde48001122,ace_submod_128,ace,submod,0.0,0.0,1.0,1.0,0.3922,0.5,102.0,0.5,0.0
08d74900089611ebbd75ac1f6bf848b6,ace_submod_128,ace,submod,1.0,1.0,1.0,1.0,0.4286,0.5,119.0,0.5,0.0
366860a5086711ebbd5eac1f6bf848b6,ace_submod_128,ace,submod,0.0,0.0,0.0,0.0,0.3579,0.5,95.0,1.0,1.0
d03663e108e211ebbda4ac1f6bf848b6,ace_submod_128,ace,submod,0.0,0.0,0.0,0.0,0.5952,1.0,126.0,1.0,1.0
743f23820bdb11eba7f7acde48001122,ace_submod_128,ace,submod,0.0,0.0,0.0,0.0,0.2821,0.5,117.0,0.5,0.0
a9a7d5580bdd11eba7f7acde48001122,ace_submod_128,ace,submod,0.0,0.0,0.0,0.0,0.2283,0.5,127.0,0.5,0.0
3afba9de094f11ebbdaeac1f6bf848b6,ace_submod_128,ace,submod,1.0,1.0,1.0,1.0,0.5138,1.0,109.0,1.0,1.0
76bb71320bdc11eba7f7acde48001122,ace_submod_128,ace,submod,0.0,0.0,0.0,0.0,0.3879,0.5,116.0,1.0,1.0
c072ad1408d411ebbd97ac1f6bf848b6,ace_submod_128,ace,submod,0.0,0.0,0.0,0.0,0.2823,0.25,124.0,0.5,0.0
8b165288088911ebbd6eac1f6bf848b6,ace_submod_128,ace,submod,1.0,1.0,1.0,1.0,0.4797,0.5,123.0,0.5,0.0
4c7a03560bdd11eba7f7acde48001122,ace_submod_128,ace,submod,0.0,0.0,0.0,0.0,0.292,0.5,113.0,0.5,0.0
af1a8667088311ebbd6dac1f6bf848b6,ace_submod_128,ace,submod,0.0,0.0,0.0,0.0,0.5521,1.0,96.0,1.0,1.0
f7b41d560bdd11eba7f7acde48001122,ace_submod_128,ace,submod,0.0,0.0,0.0,0.0,0.5462,0.5,119.0,0.5,0.0
9893834c092711ebbdaeac1f6bf848b6,ace_submod_128,ace,submod,1.0,1.0,1.0,1.0,0.5276,1.0,127.0,1.0,1.0
3068a40c0baf11ebab90acde48001122,ace_submod_128,ace,submod,0.0,0.0,0.0,0.0,0.252,0.5,127.0,0.5,0.0
cddb28ed08bf11ebbd8aac1f6bf848b6,ace_submod_128,ace,submod,1.0,1.0,1.0,1.0,0.1875,0.5,128.0,1.0,1.0
0a9f880a0bda11eba7f7acde48001122,ace_submod_128,ace,submod,0.0,0.0,0.0,0.0,0.7217,0.5,115.0,0.5,0.0
2e12ac000bde11eba7f7acde48001122,ace_submod_128,ace,submod,0.0,0.0,0.0,0.0,0.4018,0.5,112.0,1.0,1.0
829275da08f511ebbdaaac1f6bf848b6,ace_submod_128,ace,submod,1.0,1.0,1.0,1.0,0.5248,1.0,101.0,1.0,1.0
8f8aaf0b088711ebbd6dac1f6bf848b6,ace_submod_128,ace,submod,1.0,1.0,1.0,1.0,0.904,1.0,125.0,1.0,1.0
097583d2095711ebbdaeac1f6bf848b6,ace_submod_128,ace,submod,1.0,1.0,1.0,1.0,0.6048,1.0,124.0,1.0,1.0
6b9a2cb4087911ebbd67ac1f6bf848b6,ace_submod_128,ace,submod,1.0,1.0,1.0,1.0,0.736,1.0,125.0,1.0,1.0
13ec0a08089111ebbd72ac1f6bf848b6,ace_submod_128,ace,submod,1.0,1.0,1.0,1.0,0.5398,1.0,113.0,1.0,1.0
62444d9a0bb011ebab90acde48001122,ace_submod_128,ace,submod,0.0,0.0,0.0,0.0,0.3784,0.5,111.0,0.5,0.0
998af60a088b11ebbd6fac1f6bf848b6,ace_submod_128,ace,submod,0.0,0.0,1.0,1.0,0.6016,0.5,123.0,0.75,0.0
f0ec33f00bdd11eba7f7acde48001122,ace_submod_128,ace,submod,0.0,0.0,1.0,1.0,0.3964,0.5,111.0,0.5,0.0
04dfe47c0bdb11eba7f7acde48001122,ace_submod_128,ace,submod,0.0,0.0,0.0,0.0,0.632,0.5,125.0,0.5,0.0
e2f26a20089111ebbd73ac1f6bf848b6,ace_submod_128,ace,submod,1.0,1.0,1.0,1.0,0.0,0.0,126.0,0.5,0.0
fec25d0c0bdc11eba7f7acde48001122,ace_submod_128,ace,submod,0.0,0.0,0.0,0.0,0.2613,0.5,111.0,1.0,1.0
8715eeb808e411ebbda4ac1f6bf848b6,ace_submod_128,ace,submod,0.0,0.0,1.0,1.0,0.3644,0.25,118.0,0.5,0.0
93e6f2c60bdd11eba7f7acde48001122,ace_submod_128,ace,submod,0.0,0.0,0.0,0.0,0.2818,0.5,110.0,1.0,1.0
1cf4dbe80baf11ebab90acde48001122,ace_submod_128,ace,submod,0.0,0.0,0.0,0.0,0.4595,0.5,111.0,0.5,0.0
815fa2ae0bda11eba7f7acde48001122,ace_submod_128,ace,submod,0.0,0.0,0.0,0.0,0.2705,0.5,122.0,1.0,1.0
b22b87b40bd911eba7f7acde48001122,ace_submod_128,ace,submod,0.0,0.0,0.0,0.0,0.4016,0.5,127.0,0.5,0.0
388978ca08c411ebbd8eac1f6bf848b6,ace_submod_128,ace,submod,1.0,1.0,0.0,0.75,0.56,0.5,125.0,0.5,0.0
efcb57f00bdb11eba7f7acde48001122,ace_submod_128,ace,submod,0.0,0.0,0.0,0.0,0.2787,0.5,122.0,0.5,0.0
fe91ee700bdb11eba7f7acde48001122,ace_submod_128,ace,submod,1.0,1.0,1.0,1.0,0.6378,1.0,127.0,1.0,1.0
e4364efd088111ebbd6dac1f6bf848b6,ace_submod_128,ace,submod,1.0,1.0,1.0,1.0,0.6063,1.0,127.0,1.0,1.0
61d4545708b111ebbd85ac1f6bf848b6,ace_submod_128,ace,submod,1.0,1.0,0.0,0.3333,0.3417,0.25,120.0,0.25,0.0
7da84dd40bb011ebab90acde48001122,ace_submod_128,ace,submod,0.0,0.0,0.0,0.0,0.2913,0.5,127.0,0.5,0.0
105a765e0bdc11eba7f7acde48001122,ace_submod_128,ace,submod,1.0,1.0,1.0,1.0,0.6387,1.0,119.0,1.0,1.0
1f98da43088111ebbd6dac1f6bf848b6,ace_submod_128,ace,submod,1.0,1.0,1.0,1.0,0.2544,0.25,114.0,0.25,0.0
13c15658087311ebbd66ac1f6bf848b6,ace_submod_128,ace,submod,1.0,1.0,1.0,1.0,0.6325,0.5,117.0,0.5,0.0
28016c540bdc11eba7f7acde48001122,ace_submod_128,ace,submod,0.0,0.0,0.0,0.0,0.2952,0.5,105.0,0.5,0.0
c218f9d20bdd11eba7f7acde48001122,ace_submod_128,ace,submod,0.0,0.0,0.0,0.0,0.5161,0.5,124.0,1.0,1.0
4c5074f9089711ebbd76ac1f6bf848b6,ace_submod_128,ace,submod,1.0,1.0,1.0,1.0,0.4545,1.0,99.0,1.0,1.0
e5fa9df9085c11ebbd5cac1f6bf848b6,ace_submod_128,ace,submod,1.0,1.0,1.0,1.0,0.5476,1.0,126.0,1.0,1.0
9cf255e3088911ebbd6eac1f6bf848b6,ace_submod_128,ace,submod,0.0,0.0,0.0,0.0,0.5161,1.0,124.0,1.0,1.0
ed1b71de08de11ebbd9fac1f6bf848b6,ace_submod_128,ace,submod,0.0,0.0,0.0,0.3333,0.1731,0.25,104.0,0.25,0.0
f9ac302a0bd911eba7f7acde48001122,ace_submod_128,ace,submod,0.0,0.0,0.0,0.0,0.3627,0.5,102.0,0.5,0.0
a9d6c4e40bdd11eba7f7acde48001122,ace_submod_128,ace,submod,0.0,0.0,0.0,0.0,0.3578,0.5,109.0,0.5,0.0
1442e9a20bde11eba7f7acde48001122,ace_submod_128,ace,submod,0.0,0.0,0.0,0.0,0.0,0.0,104.0,0.5,0.0
164f0f7f08c711ebbd91ac1f6bf848b6,ace_submod_128,ace,submod,0.0,0.0,0.0,0.0,0.5586,1.0,111.0,1.0,1.0
b728e70c094411ebbdaeac1f6bf848b6,ace_submod_128,ace,submod,0.0,0.0,0.0,0.5,0.3571,1.0,126.0,1.0,1.0
e3477e760bdd11eba7f7acde48001122,ace_submod_128,ace,submod,0.0,0.5,1.0,1.0,0.3,0.5,120.0,0.5,0.0
8114aef808c811ebbd91ac1f6bf848b6,ace_submod_128,ace,submod,1.0,1.0,1.0,1.0,0.1939,0.25,98.0,0.5,0.0
54014a680baf11ebab90acde48001122,ace_submod_128,ace,submod,0.0,0.0,0.0,0.3333,0.2266,0.5,128.0,0.5,0.0
3647118c0bdd11eba7f7acde48001122,ace_submod_128,ace,submod,0.0,0.0,0.0,0.0,0.1967,0.5,122.0,0.5,0.0
75612cee0bde11eba7f7acde48001122,ace_submod_128,ace,submod,0.0,0.0,0.0,0.0,0.0,0.0,113.0,0.0,0.0
f6384b5c099e11ebbdb0ac1f6bf848b6,ace_submod_128,ace,submod,0.0,0.0,1.0,1.0,0.623,1.0,122.0,1.0,1.0
748446060bdb11eba7f7acde48001122,ace_submod_128,ace,submod,0.0,0.0,0.0,0.0,0.2188,0.5,128.0,0.5,0.0
f872fe92096c11ebbdafac1f6bf848b6,ace_submod_128,ace,submod,0.0,0.6667,1.0,1.0,0.3455,0.5,110.0,1.0,1.0
281793980bdd11eba7f7acde48001122,ace_submod_128,ace,submod,0.0,0.0,0.0,0.0,0.315,0.5,127.0,1.0,1.0
c03e86180bdd11eba7f7acde48001122,ace_submod_128,ace,submod,0.0,0.0,0.0,0.5,0.1111,0.5,126.0,0.5,0.0
6668ebd20bde11eba7f7acde48001122,ace_submod_128,ace,submod,0.0,0.0,0.0,0.0,0.378,0.5,127.0,0.5,0.0
e19960120bdd11eba7f7acde48001122,ace_submod_128,ace,submod,0.0,0.0,0.0,0.0,0.0,0.0,123.0,0.0,0.0
fc1d47b7088e11ebbd70ac1f6bf848b6,ace_submod_128,ace,submod,1.0,1.0,1.0,1.0,0.7692,0.75,117.0,0.75,0.0
1b62189208a111ebbd78ac1f6bf848b6,ace_submod_128,ace,submod,0.0,0.0,1.0,1.0,0.8908,1.0,119.0,1.0,1.0
8272c3eb093111ebbdaeac1f6bf848b6,ace_submod_128,ace,submod,1.0,1.0,1.0,1.0,0.6797,1.0,128.0,1.0,1.0
77fd1ca20bb011ebab90acde48001122,ace_submod_128,ace,submod,0.0,0.0,0.0,0.75,0.5922,0.5,103.0,1.0,1.0
c4962ee20bdc11eba7f7acde48001122,ace_submod_128,ace,submod,0.0,0.0,0.0,0.0,0.2157,0.5,102.0,0.5,0.0
4020ce88097011ebbdb0ac1f6bf848b6,ace_submod_128,ace,submod,1.0,1.0,1.0,1.0,0.5537,1.0,121.0,1.0,1.0
4a8ffd360bdb11eba7f7acde48001122,ace_submod_128,ace,submod,0.0,0.0,0.0,0.3333,0.7419,0.5,93.0,0.5,0.0
080aff1c0bde11eba7f7acde48001122,ace_submod_128,ace,submod,0.0,0.0,0.0,0.0,0.0,0.0,100.0,0.5,0.0
1bf30a41086611ebbd5eac1f6bf848b6,ace_submod_128,ace,submod,0.0,0.0,0.0,0.0,0.3763,0.25,93.0,0.5,0.0
5cd30b020bd911eba7f7acde48001122,ace_submod_128,ace,submod,0.0,0.0,0.0,0.0,0.4017,0.5,117.0,0.5,0.0
0fc59fa00bde11eba7f7acde48001122,ace_submod_128,ace,submod,0.0,0.0,0.0,0.3333,0.2637,0.5,91.0,0.5,0.0
1f94954908b011ebbd84ac1f6bf848b6,ace_submod_128,ace,submod,0.0,0.0,0.0,0.0,0.513,0.5,115.0,1.0,1.0
e85d87f4095111ebbdaeac1f6bf848b6,ace_submod_128,ace,submod,0.0,0.0,1.0,1.0,0.4492,1.0,118.0,1.0,1.0
2d69078008d311ebbd96ac1f6bf848b6,ace_submod_128,ace,submod,1.0,1.0,1.0,1.0,0.5938,0.5,128.0,0.75,0.0
62a8a24e0bde11eba7f7acde48001122,ace_submod_128,ace,submod,0.0,0.0,0.0,0.0,0.7009,0.5,117.0,1.0,1.0
f1cc94540bdd11eba7f7acde48001122,ace_submod_128,ace,submod,0.0,0.0,0.0,0.0,0.2101,0.5,119.0,0.5,0.0
98f909d40bdd11eba7f7acde48001122,ace_submod_128,ace,submod,0.0,0.0,0.0,0.0,0.3254,0.5,126.0,0.5,0.0
f7aa41be0bdd11eba7f7acde48001122,ace_submod_128,ace,submod,0.0,0.0,1.0,1.0,0.5312,1.0,128.0,1.0,1.0
88be48840bda11eba7f7acde48001122,ace_submod_128,ace,submod,0.0,0.0,1.0,1.0,0.3077,0.5,104.0,0.5,0.0
22be69d908b511ebbd88ac1f6bf848b6,ace_submod_128,ace,submod,1.0,1.0,1.0,1.0,0.4957,0.5,115.0,0.5,0.0
e3fe2a600bdb11eba7f7acde48001122,ace_submod_128,ace,submod,0.0,0.0,0.0,0.0,0.6016,1.0,123.0,1.0,1.0
7f49e96e0baf11ebab90acde48001122,ace_submod_128,ace,submod,0.0,0.4444,0.0,0.6667,0.6161,0.5,112.0,0.5,0.0
aef6771208b311ebbd86ac1f6bf848b6,ace_submod_128,ace,submod,0.0,0.0,1.0,1.0,1.0,0.75,118.0,0.75,0.0
bfb58f38089611ebbd76ac1f6bf848b6,ace_submod_128,ace,submod,1.0,1.0,0.0,0.6667,0.664,0.5,125.0,0.5,0.0
0306ad3308fe11ebbdadac1f6bf848b6,ace_submod_128,ace,submod,0.0,0.0,0.0,0.0,0.6667,1.0,105.0,1.0,1.0
750737d6084911ebbd55ac1f6bf848b6,ace_submod_128,ace,submod,0.0,0.0,1.0,1.0,0.6847,1.0,111.0,1.0,1.0
7a8eae7d088111ebbd6dac1f6bf848b6,ace_submod_128,ace,submod,1.0,1.0,1.0,1.0,0.5556,1.0,126.0,1.0,1.0
45be519d086e11ebbd62ac1f6bf848b6,ace_submod_128,ace,submod,0.0,0.0,1.0,1.0,0.776,0.5,125.0,0.5,0.0
e3772fb40bdc11eba7f7acde48001122,ace_submod_128,ace,submod,0.0,0.0,0.0,0.0,0.254,0.5,126.0,0.5,0.0
72b6fb5a08ae11ebbd83ac1f6bf848b6,ace_submod_128,ace,submod,0.0,0.0,0.0,0.0,0.3704,0.25,108.0,0.5,0.0
5e3bb8cc0bd911eba7f7acde48001122,ace_submod_128,ace,submod,0.0,0.0,0.0,0.0,0.1532,0.5,111.0,0.5,0.0
c9ba19e708b311ebbd86ac1f6bf848b6,ace_submod_128,ace,submod,0.0,0.0,0.0,0.0,0.2453,1.0,106.0,1.0,1.0
2858ddc609b211ebbdb0ac1f6bf848b6,ace_submod_128,ace,submod,0.0,0.0,0.0,0.3333,0.272,0.5,125.0,1.0,1.0
768c67280bde11eba7f7acde48001122,ace_submod_128,ace,submod,0.0,0.0,1.0,1.0,0.5785,1.0,121.0,1.0,1.0
88d450740bdb11eba7f7acde48001122,ace_submod_128,ace,submod,0.0,0.0,0.0,0.0,0.3191,0.5,94.0,0.5,0.0
fd75ede80bdb11eba7f7acde48001122,ace_submod_128,ace,submod,0.0,0.0,0.0,0.0,0.178,0.5,118.0,0.5,0.0
bd21c466089711ebbd77ac1f6bf848b6,ace_submod_128,ace,submod,0.0,0.0,0.0,0.5,0.4234,0.5,111.0,1.0,1.0
faa9cb0b087711ebbd67ac1f6bf848b6,ace_submod_128,ace,submod,0.0,0.0,0.0,0.0,0.5294,0.5,119.0,0.5,0.0
13b377680bde11eba7f7acde48001122,ace_submod_128,ace,submod,0.0,0.0,0.0,0.0,0.2752,0.5,109.0,0.5,0.0
791a6e4d087111ebbd63ac1f6bf848b6,ace_submod_128,ace,submod,0.0,0.0,0.0,0.0,0.76,0.5,125.0,0.5,0.0
26497355084c11ebbd56ac1f6bf848b6,ace_submod_128,ace,submod,0.0,0.0,0.0,0.0,0.6,0.5,100.0,0.5,0.0
7246ee5a0bb011ebab90acde48001122,ace_submod_128,ace,submod,0.0,0.0,0.0,0.0,0.2564,0.5,117.0,0.5,0.0
6a70f6f80bb011ebab90acde48001122,ace_submod_128,ace,submod,0.0,0.0,0.0,0.0,0.2526,0.5,95.0,0.5,0.0
8d0836540bdd11eba7f7acde48001122,ace_submod_128,ace,submod,0.0,0.0,0.0,0.0,0.608,1.0,125.0,1.0,1.0
a405efb708d811ebbd9cac1f6bf848b6,ace_submod_128,ace,submod,1.0,1.0,1.0,1.0,0.2727,0.25,121.0,0.5,0.0
637434540bde11eba7f7acde48001122,ace_submod_128,ace,submod,1.0,1.0,1.0,1.0,0.2213,0.5,122.0,0.5,0.0
b838d62f086711ebbd5eac1f6bf848b6,ace_submod_128,ace,submod,0.0,0.0,0.0,0.0,0.5546,1.0,119.0,1.0,1.0
42f6d3b208b911ebbd88ac1f6bf848b6,ace_submod_128,ace,submod,0.0,0.0,0.0,0.0,0.2065,0.5,92.0,1.0,1.0
200e7a01087611ebbd67ac1f6bf848b6,ace_submod_128,ace,submod,1.0,1.0,0.0,0.0,0.3761,0.5,117.0,0.5,0.0
4637ec300bdb11eba7f7acde48001122,ace_submod_128,ace,submod,0.0,0.0,0.0,0.0,0.2266,0.5,128.0,0.5,0.0
f6960ae0086011ebbd5dac1f6bf848b6,ace_submod_128,ace,submod,1.0,1.0,1.0,1.0,0.4444,1.0,117.0,1.0,1.0
f9e63d80085d11ebbd5cac1f6bf848b6,ace_submod_128,ace,submod,0.0,0.0,0.0,0.6667,0.5827,0.5,127.0,0.5,0.0
60ccb178086811ebbd5eac1f6bf848b6,ace_submod_128,ace,submod,0.0,0.0,1.0,1.0,0.5669,0.5,127.0,0.5,0.0
d8dd595708fb11ebbdacac1f6bf848b6,ace_submod_128,ace,submod,1.0,1.0,1.0,1.0,0.46,1.0,100.0,1.0,1.0
b50759c3087811ebbd67ac1f6bf848b6,ace_submod_128,ace,submod,0.0,0.0,1.0,1.0,0.5843,0.5,89.0,0.5,0.0
d3c779240bdd11eba7f7acde48001122,ace_submod_128,ace,submod,0.0,0.0,0.0,0.0,0.2368,0.5,114.0,0.5,0.0
2260e6380bde11eba7f7acde48001122,ace_submod_128,ace,submod,0.0,0.0,0.0,0.0,0.2627,0.5,118.0,0.5,0.0
ea7d22c808b211ebbd85ac1f6bf848b6,ace_submod_128,ace,submod,0.0,0.0,1.0,1.0,0.7222,0.5,126.0,0.5,0.0
f3798752088c11ebbd70ac1f6bf848b6,ace_submod_128,ace,submod,0.0,0.0,0.0,0.0,0.119,0.25,126.0,0.5,0.0
ac94af4a0bdb11eba7f7acde48001122,ace_submod_128,ace,submod,0.0,0.0,0.0,0.0,0.2742,0.5,124.0,1.0,1.0
cf57f2ef087011ebbd63ac1f6bf848b6,ace_submod_128,ace,submod,0.0,0.0,0.0,0.0,0.448,1.0,125.0,1.0,1.0
f9e9d784084d11ebbd56ac1f6bf848b6,ace_submod_128,ace,submod,0.0,0.0,1.0,1.0,0.4219,0.25,128.0,0.5,0.0
a3ac1ca20bda11eba7f7acde48001122,ace_submod_128,ace,submod,0.0,0.0,0.0,0.0,0.2581,0.5,124.0,0.5,0.0
49baa9120bde11eba7f7acde48001122,ace_submod_128,ace,submod,1.0,1.0,1.0,1.0,0.9206,1.0,126.0,1.0,1.0
85f17aea08c911ebbd92ac1f6bf848b6,ace_submod_128,ace,submod,1.0,1.0,1.0,1.0,0.6167,0.5,120.0,0.5,0.0
a9e322b20bdc11eba7f7acde48001122,ace_submod_128,ace,submod,0.0,0.0,0.0,0.0,0.1429,0.5,112.0,0.5,0.0
65937853086511ebbd5eac1f6bf848b6,ace_submod_128,ace,submod,1.0,1.0,1.0,1.0,0.6957,1.0,115.0,1.0,1.0
31d2f293088111ebbd6dac1f6bf848b6,ace_submod_128,ace,submod,0.0,0.0,0.0,0.0,0.7179,1.0,117.0,1.0,1.0
4d3ab509099c11ebbdb0ac1f6bf848b6,ace_submod_128,ace,submod,0.0,0.0,0.0,0.0,0.55,1.0,120.0,1.0,1.0
4c319d400bde11eba7f7acde48001122,ace_submod_128,ace,submod,0.0,0.0,0.0,0.0,0.4035,0.5,114.0,0.5,0.0
b629226608d911ebbd9cac1f6bf848b6,ace_submod_128,ace,submod,0.0,0.0,1.0,1.0,0.7815,1.0,119.0,1.0,1.0
dbf6cc6d090d11ebbdadac1f6bf848b6,ace_submod_128,ace,submod,1.0,1.0,1.0,1.0,0.2773,0.5,119.0,1.0,1.0
3c76b104085711ebbd5aac1f6bf848b6,ace_submod_128,ace,submod,1.0,1.0,1.0,1.0,0.521,0.5,119.0,0.5,0.0
593d2a5a0bdd11eba7f7acde48001122,ace_submod_128,ace,submod,0.0,0.0,0.0,0.0,0.0,0.0,95.0,0.0,0.0
97ce7fc0084a11ebbd56ac1f6bf848b6,ace_submod_128,ace,submod,1.0,1.0,1.0,1.0,0.5856,1.0,111.0,1.0,1.0
b64c031d087011ebbd63ac1f6bf848b6,ace_submod_128,ace,submod,0.0,0.0,1.0,1.0,0.5276,0.5,127.0,0.5,0.0
afabab100bdc11eba7f7acde48001122,ace_submod_128,ace,submod,0.0,0.0,0.0,0.0,0.2453,0.5,106.0,0.5,0.0
a4f57a360bda11eba7f7acde48001122,ace_submod_128,ace,submod,0.0,0.0,0.0,0.0,0.288,0.5,125.0,0.5,0.0
bfab161a0bda11eba7f7acde48001122,ace_submod_128,ace,submod,0.0,0.5,1.0,1.0,0.5914,1.0,93.0,1.0,1.0
818d01360bda11eba7f7acde48001122,ace_submod_128,ace,submod,0.0,0.0,0.0,0.0,0.3672,0.5,128.0,0.5,0.0
45df5d7c0bdb11eba7f7acde48001122,ace_submod_128,ace,submod,0.0,0.0,0.0,0.0,0.5784,0.5,102.0,0.5,0.0
12c908fe096c11ebbdafac1f6bf848b6,ace_submod_128,ace,submod,0.0,0.0,0.0,0.0,0.3017,0.5,116.0,1.0,1.0
3805416e0bde11eba7f7acde48001122,ace_submod_128,ace,submod,0.0,0.0,0.0,0.0,0.2685,0.5,108.0,0.5,0.0
92ca60080bdd11eba7f7acde48001122,ace_submod_128,ace,submod,0.0,0.0,0.0,0.5,0.2083,0.5,120.0,0.5,0.0
be9164e80bdd11eba7f7acde48001122,ace_submod_128,ace,submod,0.0,0.0,0.0,0.0,0.3148,0.5,108.0,0.5,0.0
74f331ee0bd911eba7f7acde48001122,ace_submod_128,ace,submod,0.0,0.0,0.0,0.0,0.45,0.5,120.0,1.0,1.0
1d50380c0bdd11eba7f7acde48001122,ace_submod_128,ace,submod,0.0,0.0,0.0,0.0,0.0,0.0,113.0,0.5,0.0
72a501e40baf11ebab90acde48001122,ace_submod_128,ace,submod,0.0,0.0,0.0,0.0,0.2126,0.5,127.0,1.0,1.0
59a6e7020baf11ebab90acde48001122,ace_submod_128,ace,submod,0.0,0.0,0.0,0.5,0.0,0.0,93.0,0.5,0.0
9fc45d75089811ebbd77ac1f6bf848b6,ace_submod_128,ace,submod,0.0,0.0,0.0,0.8,0.6311,1.0,122.0,1.0,1.0
c137025f086611ebbd5eac1f6bf848b6,ace_submod_128,ace,submod,1.0,1.0,1.0,1.0,0.2241,0.25,116.0,0.25,0.0
02ae4663095611ebbdaeac1f6bf848b6,ace_submod_128,ace,submod,1.0,1.0,1.0,1.0,0.3554,0.5,121.0,1.0,1.0
42594134084f11ebbd56ac1f6bf848b6,ace_submod_128,ace,submod,1.0,1.0,1.0,1.0,0.453,1.0,117.0,1.0,1.0
421ca5940bb011ebab90acde48001122,ace_submod_128,ace,submod,0.0,0.2,0.0,0.8,0.438,1.0,121.0,1.0,1.0
