=== control/main.py: Stage-7 MuSiQue multi-hop confirmation (stage7-musique-multihop-v1) ===
Copied extracted project /kaggle/input/datasets/anantonayan/dataset12 to /kaggle/working/ace_rag_research_v13_analysis
$ /usr/bin/python3 -m pip install -q -r requirements-cloud.txt
[overlay] applied 3 file(s) to /kaggle/working/ace_rag_research_v13_analysis: ['ace_rag/context_quality.py', 'ace_rag/evidence_packer.py', 'experiments/run_density_router.py']
[musique] using direct jsonl /kaggle/input/datasets/anantonayan/musique-data/data/musique_ans_v1.0_dev.jsonl
--- musique found at /kaggle/input/datasets/anantonayan/musique-data/data/musique_ans_v1.0_dev.jsonl ---
--- musique budget 160 ---
$ /usr/bin/python3 -m experiments.run_density_router --dataset musique_local --musique-path /kaggle/input/datasets/anantonayan/musique-data/data/musique_ans_v1.0_dev.jsonl --limit 500 --ace-retriever standard --embedder sentence-transformers --embedding-model BAAI/bge-small-en-v1.5 --embed-device cuda --compressor truncate --compress-dims 320 --top-k-nodes 48 --max-expanded-docs 5 --reader-backend hf --reader-model Qwen/Qwen2.5-3B-Instruct --reader-device cuda --reader-batch-size 2 --mmr-lambda 0.7 --budget 160 --out-dir /kaggle/working/colab_results/stage7_density_packer_musique_budget160_limit500_qwen3b
musique_local[500]: 9363 docs, 500 questions, 1.97 gold docs/question
[density] retrieving chunk baseline
2026-06-28 14:22:10.920378: E external/local_xla/xla/stream_executor/cuda/cuda_fft.cc:467] Unable to register cuFFT factory: Attempting to register factory for plugin cuFFT when one has already been registered
WARNING: All log messages before absl::InitializeLog() is called are written to STDERR
E0000 00:00:1782656530.945301     347 cuda_dnn.cc:8579] Unable to register cuDNN factory: Attempting to register factory for plugin cuDNN when one has already been registered
E0000 00:00:1782656530.953629     347 cuda_blas.cc:1407] Unable to register cuBLAS factory: Attempting to register factory for plugin cuBLAS when one has already been registered
W0000 00:00:1782656530.976071     347 computation_placer.cc:177] computation placer already registered. Please check linkage and avoid linking the same target more than once.
W0000 00:00:1782656530.976098     347 computation_placer.cc:177] computation placer already registered. Please check linkage and avoid linking the same target more than once.
W0000 00:00:1782656530.976100     347 computation_placer.cc:177] computation placer already registered. Please check linkage and avoid linking the same target more than once.
W0000 00:00:1782656530.976103     347 computation_placer.cc:177] computation placer already registered. Please check linkage and avoid linking the same target more than once.
[chunk] fitting/indexing
[embed] encoding 9363 texts on device=cuda:0

Batches:   0%|          | 0/147 [00:00<?, ?it/s]
Batches:   1%|          | 1/147 [00:00<02:09,  1.13it/s]
Batches:   1%|▏         | 2/147 [00:01<01:40,  1.45it/s]
Batches:   2%|▏         | 3/147 [00:01<01:23,  1.72it/s]
Batches:   3%|▎         | 4/147 [00:02<01:11,  2.00it/s]
Batches:   3%|▎         | 5/147 [00:02<01:02,  2.29it/s]
Batches:   4%|▍         | 6/147 [00:02<00:58,  2.42it/s]
Batches:   5%|▍         | 7/147 [00:03<00:53,  2.64it/s]
Batches:   5%|▌         | 8/147 [00:03<00:49,  2.82it/s]
Batches:   6%|▌         | 9/147 [00:03<00:45,  3.04it/s]
Batches:   7%|▋         | 10/147 [00:04<00:43,  3.18it/s]
Batches:   7%|▋         | 11/147 [00:04<00:41,  3.28it/s]
Batches:   8%|▊         | 12/147 [00:04<00:39,  3.45it/s]
Batches:   9%|▉         | 13/147 [00:04<00:36,  3.63it/s]
Batches:  10%|▉         | 14/147 [00:05<00:34,  3.86it/s]
Batches:  10%|█         | 15/147 [00:05<00:33,  3.95it/s]
Batches:  11%|█         | 16/147 [00:05<00:32,  4.03it/s]
Batches:  12%|█▏        | 17/147 [00:05<00:34,  3.77it/s]
Batches:  12%|█▏        | 18/147 [00:06<00:32,  4.00it/s]
Batches:  13%|█▎        | 19/147 [00:06<00:30,  4.16it/s]
Batches:  14%|█▎        | 20/147 [00:06<00:29,  4.34it/s]
Batches:  14%|█▍        | 21/147 [00:06<00:29,  4.29it/s]
Batches:  15%|█▍        | 22/147 [00:07<00:28,  4.39it/s]
Batches:  16%|█▌        | 23/147 [00:07<00:26,  4.67it/s]
Batches:  16%|█▋        | 24/147 [00:07<00:25,  4.83it/s]
Batches:  17%|█▋        | 25/147 [00:07<00:24,  5.08it/s]
Batches:  18%|█▊        | 26/147 [00:07<00:23,  5.22it/s]
Batches:  18%|█▊        | 27/147 [00:07<00:22,  5.33it/s]
Batches:  19%|█▉        | 28/147 [00:08<00:23,  5.13it/s]
Batches:  20%|█▉        | 29/147 [00:08<00:22,  5.17it/s]
Batches:  20%|██        | 30/147 [00:08<00:21,  5.34it/s]
Batches:  21%|██        | 31/147 [00:08<00:21,  5.39it/s]
Batches:  22%|██▏       | 32/147 [00:08<00:21,  5.37it/s]
Batches:  22%|██▏       | 33/147 [00:08<00:19,  5.75it/s]
Batches:  23%|██▎       | 34/147 [00:09<00:20,  5.59it/s]
Batches:  24%|██▍       | 35/147 [00:09<00:19,  5.84it/s]
Batches:  24%|██▍       | 36/147 [00:09<00:18,  6.01it/s]
Batches:  25%|██▌       | 37/147 [00:09<00:18,  5.97it/s]
Batches:  26%|██▌       | 38/147 [00:09<00:17,  6.28it/s]
Batches:  27%|██▋       | 39/147 [00:09<00:17,  6.07it/s]
Batches:  27%|██▋       | 40/147 [00:10<00:17,  6.21it/s]
Batches:  28%|██▊       | 41/147 [00:10<00:17,  6.16it/s]
Batches:  29%|██▊       | 42/147 [00:10<00:16,  6.28it/s]
Batches:  29%|██▉       | 43/147 [00:10<00:16,  6.38it/s]
Batches:  30%|██▉       | 44/147 [00:10<00:16,  6.17it/s]
Batches:  31%|███       | 45/147 [00:10<00:16,  6.26it/s]
Batches:  31%|███▏      | 46/147 [00:11<00:15,  6.39it/s]
Batches:  32%|███▏      | 47/147 [00:11<00:15,  6.63it/s]
Batches:  33%|███▎      | 48/147 [00:11<00:15,  6.55it/s]
Batches:  33%|███▎      | 49/147 [00:11<00:14,  6.54it/s]
Batches:  34%|███▍      | 50/147 [00:11<00:14,  6.54it/s]
Batches:  35%|███▍      | 51/147 [00:11<00:14,  6.67it/s]
Batches:  35%|███▌      | 52/147 [00:11<00:13,  6.82it/s]
Batches:  36%|███▌      | 53/147 [00:12<00:13,  6.95it/s]
Batches:  37%|███▋      | 54/147 [00:12<00:13,  7.03it/s]
Batches:  37%|███▋      | 55/147 [00:12<00:13,  7.01it/s]
Batches:  38%|███▊      | 56/147 [00:12<00:12,  7.17it/s]
Batches:  39%|███▉      | 57/147 [00:12<00:12,  7.17it/s]
Batches:  39%|███▉      | 58/147 [00:12<00:12,  7.04it/s]
Batches:  40%|████      | 59/147 [00:12<00:12,  6.97it/s]
Batches:  41%|████      | 60/147 [00:13<00:12,  6.90it/s]
Batches:  41%|████▏     | 61/147 [00:13<00:12,  6.97it/s]
Batches:  42%|████▏     | 62/147 [00:13<00:11,  7.49it/s]
Batches:  43%|████▎     | 63/147 [00:13<00:10,  7.88it/s]
Batches:  44%|████▎     | 64/147 [00:13<00:10,  7.99it/s]
Batches:  44%|████▍     | 65/147 [00:13<00:09,  8.27it/s]
Batches:  45%|████▍     | 66/147 [00:13<00:09,  8.45it/s]
Batches:  46%|████▌     | 67/147 [00:13<00:09,  8.62it/s]
Batches:  46%|████▋     | 68/147 [00:14<00:09,  8.52it/s]
Batches:  47%|████▋     | 69/147 [00:14<00:09,  8.46it/s]
Batches:  48%|████▊     | 70/147 [00:14<00:08,  8.63it/s]
Batches:  48%|████▊     | 71/147 [00:14<00:08,  8.82it/s]
Batches:  49%|████▉     | 72/147 [00:14<00:08,  8.91it/s]
Batches:  50%|█████     | 74/147 [00:14<00:08,  8.47it/s]
Batches:  52%|█████▏    | 76/147 [00:14<00:08,  8.82it/s]
Batches:  52%|█████▏    | 77/147 [00:15<00:07,  9.03it/s]
Batches:  54%|█████▎    | 79/147 [00:15<00:07,  9.45it/s]
Batches:  55%|█████▌    | 81/147 [00:15<00:06,  9.53it/s]
Batches:  56%|█████▌    | 82/147 [00:15<00:06,  9.59it/s]
Batches:  56%|█████▋    | 83/147 [00:15<00:06,  9.67it/s]
Batches:  57%|█████▋    | 84/147 [00:15<00:06,  9.72it/s]
Batches:  58%|█████▊    | 85/147 [00:15<00:06,  9.75it/s]
Batches:  59%|█████▊    | 86/147 [00:15<00:06,  9.80it/s]
Batches:  60%|█████▉    | 88/147 [00:16<00:05, 10.11it/s]
Batches:  61%|██████    | 90/147 [00:16<00:05, 10.40it/s]
Batches:  63%|██████▎   | 92/147 [00:16<00:05, 10.75it/s]
Batches:  64%|██████▍   | 94/147 [00:16<00:04, 11.00it/s]
Batches:  65%|██████▌   | 96/147 [00:16<00:04, 11.08it/s]
Batches:  67%|██████▋   | 98/147 [00:17<00:04, 10.95it/s]
Batches:  68%|██████▊   | 100/147 [00:17<00:04, 11.07it/s]
Batches:  69%|██████▉   | 102/147 [00:17<00:03, 11.42it/s]
Batches:  71%|███████   | 104/147 [00:17<00:03, 11.59it/s]
Batches:  72%|███████▏  | 106/147 [00:17<00:03, 11.61it/s]
Batches:  73%|███████▎  | 108/147 [00:17<00:03, 11.95it/s]
Batches:  75%|███████▍  | 110/147 [00:18<00:03, 12.32it/s]
Batches:  76%|███████▌  | 112/147 [00:18<00:02, 12.64it/s]
Batches:  78%|███████▊  | 114/147 [00:18<00:02, 12.88it/s]
Batches:  79%|███████▉  | 116/147 [00:18<00:02, 13.15it/s]
Batches:  80%|████████  | 118/147 [00:18<00:02, 13.32it/s]
Batches:  82%|████████▏ | 120/147 [00:18<00:02, 13.25it/s]
Batches:  83%|████████▎ | 122/147 [00:18<00:01, 13.86it/s]
Batches:  84%|████████▍ | 124/147 [00:19<00:01, 14.26it/s]
Batches:  86%|████████▌ | 126/147 [00:19<00:01, 15.08it/s]
Batches:  87%|████████▋ | 128/147 [00:19<00:01, 15.09it/s]
Batches:  88%|████████▊ | 130/147 [00:19<00:01, 15.03it/s]
Batches:  90%|████████▉ | 132/147 [00:19<00:00, 15.92it/s]
Batches:  91%|█████████ | 134/147 [00:19<00:00, 16.86it/s]
Batches:  93%|█████████▎| 137/147 [00:19<00:00, 18.29it/s]
Batches:  95%|█████████▌| 140/147 [00:19<00:00, 19.39it/s]
Batches:  97%|█████████▋| 143/147 [00:20<00:00, 20.42it/s]
Batches:  99%|█████████▉| 146/147 [00:20<00:00, 22.05it/s]
Batches: 100%|██████████| 147/147 [00:20<00:00,  7.29it/s]
[chunk] retrieving
[embed] encoding 500 texts on device=cuda:0

Batches:   0%|          | 0/8 [00:00<?, ?it/s]
Batches:  50%|█████     | 4/8 [00:00<00:00, 36.48it/s]
Batches: 100%|██████████| 8/8 [00:00<00:00, 41.45it/s]
[density] retrieving ACE graph
[ace] building evidence graph
[ace] graph built: nodes=70480 edges=121719
[ace] fitting/indexing embeddings
[embed] encoding 61117 texts on device=cuda:0

Batches:   0%|          | 0/955 [00:00<?, ?it/s]
Batches:   0%|          | 1/955 [00:00<09:44,  1.63it/s]
Batches:   0%|          | 2/955 [00:00<05:59,  2.65it/s]
Batches:   0%|          | 3/955 [00:00<04:23,  3.62it/s]
Batches:   0%|          | 4/955 [00:01<03:35,  4.41it/s]
Batches:   1%|          | 5/955 [00:01<03:01,  5.25it/s]
Batches:   1%|          | 6/955 [00:01<02:36,  6.08it/s]
Batches:   1%|          | 7/955 [00:01<02:21,  6.72it/s]
Batches:   1%|          | 8/955 [00:01<02:10,  7.27it/s]
Batches:   1%|          | 10/955 [00:01<01:53,  8.34it/s]
Batches:   1%|          | 11/955 [00:01<01:52,  8.40it/s]
Batches:   1%|▏         | 13/955 [00:02<01:42,  9.19it/s]
Batches:   2%|▏         | 15/955 [00:02<01:36,  9.75it/s]
Batches:   2%|▏         | 17/955 [00:02<01:35,  9.85it/s]
Batches:   2%|▏         | 19/955 [00:02<01:30, 10.35it/s]
Batches:   2%|▏         | 21/955 [00:02<01:24, 11.02it/s]
Batches:   2%|▏         | 23/955 [00:02<01:20, 11.58it/s]
Batches:   3%|▎         | 25/955 [00:03<01:21, 11.44it/s]
Batches:   3%|▎         | 27/955 [00:03<01:18, 11.81it/s]
Batches:   3%|▎         | 29/955 [00:03<01:15, 12.21it/s]
Batches:   3%|▎         | 31/955 [00:03<01:16, 12.14it/s]
Batches:   3%|▎         | 33/955 [00:03<01:14, 12.35it/s]
Batches:   4%|▎         | 35/955 [00:03<01:14, 12.40it/s]
Batches:   4%|▍         | 37/955 [00:04<01:12, 12.66it/s]
Batches:   4%|▍         | 39/955 [00:04<01:11, 12.83it/s]
Batches:   4%|▍         | 41/955 [00:04<01:10, 13.02it/s]
Batches:   5%|▍         | 43/955 [00:04<01:06, 13.82it/s]
Batches:   5%|▍         | 45/955 [00:04<01:08, 13.25it/s]
Batches:   5%|▍         | 47/955 [00:04<01:06, 13.59it/s]
Batches:   5%|▌         | 49/955 [00:04<01:06, 13.56it/s]
Batches:   5%|▌         | 51/955 [00:05<01:07, 13.35it/s]
Batches:   6%|▌         | 53/955 [00:05<01:07, 13.38it/s]
Batches:   6%|▌         | 55/955 [00:05<01:04, 13.87it/s]
Batches:   6%|▌         | 57/955 [00:05<01:05, 13.72it/s]
Batches:   6%|▌         | 59/955 [00:05<01:02, 14.45it/s]
Batches:   6%|▋         | 61/955 [00:05<00:59, 14.99it/s]
Batches:   7%|▋         | 63/955 [00:05<00:57, 15.51it/s]
Batches:   7%|▋         | 65/955 [00:06<00:56, 15.77it/s]
Batches:   7%|▋         | 67/955 [00:06<00:55, 16.00it/s]
Batches:   7%|▋         | 69/955 [00:06<00:56, 15.55it/s]
Batches:   7%|▋         | 71/955 [00:06<00:57, 15.31it/s]
Batches:   8%|▊         | 73/955 [00:06<00:55, 15.91it/s]
Batches:   8%|▊         | 75/955 [00:06<00:54, 16.23it/s]
Batches:   8%|▊         | 77/955 [00:06<00:53, 16.40it/s]
Batches:   8%|▊         | 79/955 [00:06<00:53, 16.40it/s]
Batches:   8%|▊         | 81/955 [00:07<00:53, 16.24it/s]
Batches:   9%|▊         | 83/955 [00:07<00:55, 15.79it/s]
Batches:   9%|▉         | 85/955 [00:07<00:52, 16.43it/s]
Batches:   9%|▉         | 87/955 [00:07<00:56, 15.43it/s]
Batches:   9%|▉         | 89/955 [00:07<00:53, 16.11it/s]
Batches:  10%|▉         | 91/955 [00:07<00:53, 16.29it/s]
Batches:  10%|▉         | 93/955 [00:07<00:50, 17.02it/s]
Batches:  10%|▉         | 95/955 [00:07<00:48, 17.78it/s]
Batches:  10%|█         | 98/955 [00:08<00:46, 18.31it/s]
Batches:  10%|█         | 100/955 [00:08<00:52, 16.37it/s]
Batches:  11%|█         | 102/955 [00:08<00:50, 16.94it/s]
Batches:  11%|█         | 104/955 [00:08<00:48, 17.37it/s]
Batches:  11%|█         | 106/955 [00:08<00:48, 17.43it/s]
Batches:  11%|█▏        | 108/955 [00:08<00:48, 17.55it/s]
Batches:  12%|█▏        | 110/955 [00:08<00:47, 17.74it/s]
Batches:  12%|█▏        | 112/955 [00:08<00:47, 17.93it/s]
Batches:  12%|█▏        | 114/955 [00:08<00:48, 17.42it/s]
Batches:  12%|█▏        | 116/955 [00:09<00:49, 17.02it/s]
Batches:  12%|█▏        | 118/955 [00:09<00:47, 17.53it/s]
Batches:  13%|█▎        | 120/955 [00:09<00:47, 17.69it/s]
Batches:  13%|█▎        | 122/955 [00:09<00:46, 18.05it/s]
Batches:  13%|█▎        | 125/955 [00:09<00:44, 18.51it/s]
Batches:  13%|█▎        | 128/955 [00:09<00:42, 19.35it/s]
Batches:  14%|█▎        | 131/955 [00:09<00:41, 19.88it/s]
Batches:  14%|█▍        | 134/955 [00:09<00:40, 20.34it/s]
Batches:  14%|█▍        | 137/955 [00:10<00:39, 20.74it/s]
Batches:  15%|█▍        | 140/955 [00:10<00:39, 20.74it/s]
Batches:  15%|█▍        | 143/955 [00:10<00:39, 20.31it/s]
Batches:  15%|█▌        | 146/955 [00:10<00:40, 20.05it/s]
Batches:  16%|█▌        | 149/955 [00:10<00:39, 20.19it/s]
Batches:  16%|█▌        | 152/955 [00:10<00:39, 20.46it/s]
Batches:  16%|█▌        | 155/955 [00:11<00:38, 20.63it/s]
Batches:  17%|█▋        | 158/955 [00:11<00:38, 20.80it/s]
Batches:  17%|█▋        | 161/955 [00:11<00:38, 20.54it/s]
Batches:  17%|█▋        | 164/955 [00:11<00:38, 20.48it/s]
Batches:  17%|█▋        | 167/955 [00:11<00:38, 20.54it/s]
Batches:  18%|█▊        | 170/955 [00:11<00:38, 20.56it/s]
Batches:  18%|█▊        | 173/955 [00:11<00:37, 21.01it/s]
Batches:  18%|█▊        | 176/955 [00:12<00:36, 21.25it/s]
Batches:  19%|█▊        | 179/955 [00:12<00:36, 21.18it/s]
Batches:  19%|█▉        | 182/955 [00:12<00:36, 21.42it/s]
Batches:  19%|█▉        | 185/955 [00:12<00:36, 21.17it/s]
Batches:  20%|█▉        | 188/955 [00:12<00:34, 22.13it/s]
Batches:  20%|██        | 191/955 [00:12<00:33, 22.72it/s]
Batches:  20%|██        | 194/955 [00:12<00:33, 22.73it/s]
Batches:  21%|██        | 197/955 [00:12<00:33, 22.67it/s]
Batches:  21%|██        | 200/955 [00:13<00:33, 22.77it/s]
Batches:  21%|██▏       | 203/955 [00:13<00:32, 23.00it/s]
Batches:  22%|██▏       | 206/955 [00:13<00:32, 23.20it/s]
Batches:  22%|██▏       | 209/955 [00:13<00:32, 23.00it/s]
Batches:  22%|██▏       | 212/955 [00:13<00:31, 23.23it/s]
Batches:  23%|██▎       | 215/955 [00:13<00:32, 23.00it/s]
Batches:  23%|██▎       | 218/955 [00:13<00:32, 22.86it/s]
Batches:  23%|██▎       | 221/955 [00:13<00:31, 23.52it/s]
Batches:  23%|██▎       | 224/955 [00:14<00:31, 23.41it/s]
Batches:  24%|██▍       | 227/955 [00:14<00:30, 23.89it/s]
Batches:  24%|██▍       | 230/955 [00:14<00:30, 24.16it/s]
Batches:  24%|██▍       | 233/955 [00:14<00:29, 24.67it/s]
Batches:  25%|██▍       | 236/955 [00:14<00:29, 24.12it/s]
Batches:  25%|██▌       | 239/955 [00:14<00:29, 24.11it/s]
Batches:  25%|██▌       | 242/955 [00:14<00:30, 23.35it/s]
Batches:  26%|██▌       | 245/955 [00:14<00:30, 23.09it/s]
Batches:  26%|██▌       | 248/955 [00:15<00:30, 23.55it/s]
Batches:  26%|██▋       | 251/955 [00:15<00:28, 24.42it/s]
Batches:  27%|██▋       | 254/955 [00:15<00:28, 24.99it/s]
Batches:  27%|██▋       | 257/955 [00:15<00:27, 24.99it/s]
Batches:  27%|██▋       | 260/955 [00:15<00:27, 25.11it/s]
Batches:  28%|██▊       | 263/955 [00:15<00:27, 25.11it/s]
Batches:  28%|██▊       | 266/955 [00:15<00:26, 25.63it/s]
Batches:  28%|██▊       | 269/955 [00:15<00:26, 25.68it/s]
Batches:  28%|██▊       | 272/955 [00:16<00:26, 26.07it/s]
Batches:  29%|██▉       | 275/955 [00:16<00:26, 26.04it/s]
Batches:  29%|██▉       | 278/955 [00:16<00:25, 26.07it/s]
Batches:  29%|██▉       | 281/955 [00:16<00:25, 26.21it/s]
Batches:  30%|██▉       | 284/955 [00:16<00:25, 26.46it/s]
Batches:  30%|███       | 287/955 [00:16<00:24, 26.78it/s]
Batches:  30%|███       | 290/955 [00:16<00:24, 26.70it/s]
Batches:  31%|███       | 293/955 [00:16<00:24, 26.91it/s]
Batches:  31%|███       | 296/955 [00:16<00:24, 26.62it/s]
Batches:  31%|███▏      | 299/955 [00:17<00:24, 26.48it/s]
Batches:  32%|███▏      | 302/955 [00:17<00:24, 26.88it/s]
Batches:  32%|███▏      | 305/955 [00:17<00:24, 26.97it/s]
Batches:  32%|███▏      | 308/955 [00:17<00:24, 26.95it/s]
Batches:  33%|███▎      | 311/955 [00:17<00:23, 27.08it/s]
Batches:  33%|███▎      | 314/955 [00:17<00:23, 27.17it/s]
Batches:  33%|███▎      | 317/955 [00:17<00:23, 27.07it/s]
Batches:  34%|███▎      | 320/955 [00:17<00:23, 27.05it/s]
Batches:  34%|███▍      | 323/955 [00:17<00:22, 27.62it/s]
Batches:  34%|███▍      | 326/955 [00:18<00:22, 28.09it/s]
Batches:  34%|███▍      | 329/955 [00:18<00:22, 27.87it/s]
Batches:  35%|███▍      | 332/955 [00:18<00:22, 28.04it/s]
Batches:  35%|███▌      | 335/955 [00:18<00:22, 27.58it/s]
Batches:  35%|███▌      | 338/955 [00:18<00:21, 28.09it/s]
Batches:  36%|███▌      | 341/955 [00:18<00:21, 28.40it/s]
Batches:  36%|███▌      | 344/955 [00:18<00:21, 28.64it/s]
Batches:  36%|███▋      | 347/955 [00:18<00:21, 28.71it/s]
Batches:  37%|███▋      | 351/955 [00:18<00:20, 29.05it/s]
Batches:  37%|███▋      | 354/955 [00:19<00:20, 28.88it/s]
Batches:  37%|███▋      | 358/955 [00:19<00:20, 29.16it/s]
Batches:  38%|███▊      | 362/955 [00:19<00:19, 29.83it/s]
Batches:  38%|███▊      | 366/955 [00:19<00:19, 30.21it/s]
Batches:  39%|███▊      | 370/955 [00:19<00:19, 30.30it/s]
Batches:  39%|███▉      | 374/955 [00:19<00:19, 30.52it/s]
Batches:  40%|███▉      | 378/955 [00:19<00:18, 30.80it/s]
Batches:  40%|████      | 382/955 [00:19<00:18, 30.97it/s]
Batches:  40%|████      | 386/955 [00:20<00:18, 31.21it/s]
Batches:  41%|████      | 390/955 [00:20<00:17, 32.42it/s]
Batches:  41%|████▏     | 394/955 [00:20<00:16, 33.06it/s]
Batches:  42%|████▏     | 398/955 [00:20<00:16, 33.01it/s]
Batches:  42%|████▏     | 402/955 [00:20<00:16, 33.26it/s]
Batches:  43%|████▎     | 406/955 [00:20<00:16, 34.26it/s]
Batches:  43%|████▎     | 410/955 [00:20<00:15, 34.59it/s]
Batches:  43%|████▎     | 414/955 [00:20<00:15, 34.14it/s]
Batches:  44%|████▍     | 418/955 [00:20<00:15, 34.98it/s]
Batches:  44%|████▍     | 422/955 [00:21<00:14, 35.82it/s]
Batches:  45%|████▍     | 426/955 [00:21<00:14, 36.40it/s]
Batches:  45%|████▌     | 430/955 [00:21<00:14, 36.74it/s]
Batches:  45%|████▌     | 434/955 [00:21<00:13, 37.35it/s]
Batches:  46%|████▌     | 438/955 [00:21<00:13, 38.06it/s]
Batches:  46%|████▋     | 442/955 [00:21<00:13, 38.25it/s]
Batches:  47%|████▋     | 446/955 [00:21<00:13, 38.22it/s]
Batches:  47%|████▋     | 451/955 [00:21<00:13, 38.69it/s]
Batches:  48%|████▊     | 455/955 [00:21<00:13, 37.87it/s]
Batches:  48%|████▊     | 460/955 [00:22<00:12, 38.86it/s]
Batches:  49%|████▊     | 465/955 [00:22<00:12, 39.74it/s]
Batches:  49%|████▉     | 470/955 [00:22<00:11, 42.35it/s]
Batches:  50%|████▉     | 475/955 [00:22<00:10, 43.74it/s]
Batches:  50%|█████     | 480/955 [00:22<00:10, 44.52it/s]
Batches:  51%|█████     | 486/955 [00:22<00:10, 46.35it/s]
Batches:  52%|█████▏    | 492/955 [00:22<00:09, 47.70it/s]
Batches:  52%|█████▏    | 498/955 [00:22<00:09, 48.85it/s]
Batches:  53%|█████▎    | 504/955 [00:22<00:09, 49.72it/s]
Batches:  53%|█████▎    | 510/955 [00:23<00:08, 52.14it/s]
Batches:  54%|█████▍    | 517/955 [00:23<00:07, 54.87it/s]
Batches:  55%|█████▍    | 524/955 [00:23<00:07, 58.25it/s]
Batches:  56%|█████▌    | 531/955 [00:23<00:07, 59.49it/s]
Batches:  56%|█████▋    | 538/955 [00:23<00:06, 60.42it/s]
Batches:  57%|█████▋    | 546/955 [00:23<00:06, 63.94it/s]
Batches:  58%|█████▊    | 554/955 [00:23<00:06, 66.03it/s]
Batches:  59%|█████▉    | 562/955 [00:23<00:05, 67.71it/s]
Batches:  60%|█████▉    | 570/955 [00:23<00:05, 69.50it/s]
Batches:  61%|██████    | 578/955 [00:24<00:05, 71.40it/s]
Batches:  61%|██████▏   | 587/955 [00:24<00:04, 73.95it/s]
Batches:  62%|██████▏   | 595/955 [00:24<00:04, 75.05it/s]
Batches:  63%|██████▎   | 604/955 [00:24<00:04, 76.79it/s]
Batches:  64%|██████▍   | 612/955 [00:24<00:04, 77.65it/s]
Batches:  65%|██████▍   | 620/955 [00:24<00:04, 75.34it/s]
Batches:  66%|██████▌   | 628/955 [00:24<00:04, 76.37it/s]
Batches:  67%|██████▋   | 637/955 [00:24<00:04, 78.86it/s]
Batches:  68%|██████▊   | 646/955 [00:24<00:03, 80.09it/s]
Batches:  69%|██████▊   | 655/955 [00:25<00:03, 81.01it/s]
Batches:  70%|██████▉   | 664/955 [00:25<00:03, 81.81it/s]
Batches:  70%|███████   | 673/955 [00:25<00:03, 82.41it/s]
Batches:  71%|███████▏  | 682/955 [00:25<00:03, 83.45it/s]
Batches:  72%|███████▏  | 691/955 [00:25<00:03, 83.85it/s]
Batches:  73%|███████▎  | 700/955 [00:25<00:02, 85.17it/s]
Batches:  74%|███████▍  | 709/955 [00:25<00:02, 86.01it/s]
Batches:  75%|███████▌  | 719/955 [00:25<00:02, 87.66it/s]
Batches:  76%|███████▌  | 728/955 [00:25<00:02, 88.16it/s]
Batches:  77%|███████▋  | 738/955 [00:25<00:02, 88.94it/s]
Batches:  78%|███████▊  | 747/955 [00:26<00:02, 88.81it/s]
Batches:  79%|███████▉  | 756/955 [00:26<00:02, 88.06it/s]
Batches:  80%|████████  | 766/955 [00:26<00:02, 88.92it/s]
Batches:  81%|████████▏ | 776/955 [00:26<00:05, 35.56it/s]
Batches:  82%|████████▏ | 786/955 [00:27<00:03, 43.93it/s]
Batches:  83%|████████▎ | 796/955 [00:27<00:03, 52.40it/s]
Batches:  84%|████████▍ | 806/955 [00:27<00:02, 60.83it/s]
Batches:  85%|████████▌ | 816/955 [00:27<00:02, 67.65it/s]
Batches:  86%|████████▋ | 825/955 [00:27<00:01, 72.63it/s]
Batches:  87%|████████▋ | 835/955 [00:27<00:01, 78.76it/s]
Batches:  88%|████████▊ | 845/955 [00:27<00:01, 83.13it/s]
Batches:  90%|████████▉ | 855/955 [00:27<00:01, 86.55it/s]
Batches:  91%|█████████ | 865/955 [00:27<00:01, 88.31it/s]
Batches:  92%|█████████▏| 875/955 [00:27<00:00, 89.15it/s]
Batches:  93%|█████████▎| 885/955 [00:28<00:00, 91.19it/s]
Batches:  94%|█████████▎| 895/955 [00:28<00:00, 93.05it/s]
Batches:  95%|█████████▍| 906/955 [00:28<00:00, 95.33it/s]
Batches:  96%|█████████▌| 916/955 [00:28<00:00, 95.29it/s]
Batches:  97%|█████████▋| 926/955 [00:28<00:00, 93.90it/s]
Batches:  98%|█████████▊| 936/955 [00:28<00:00, 93.87it/s]
Batches:  99%|█████████▉| 946/955 [00:28<00:00, 95.37it/s]
Batches: 100%|██████████| 955/955 [00:28<00:00, 33.14it/s]
[ace] retrieving
[embed] encoding 500 texts on device=cuda:0

Batches:   0%|          | 0/8 [00:00<?, ?it/s]
Batches:  50%|█████     | 4/8 [00:00<00:00, 35.43it/s]
Batches: 100%|██████████| 8/8 [00:00<00:00, 39.73it/s]
[density] loading reader once
`torch_dtype` is deprecated! Use `dtype` instead!

Loading checkpoint shards:   0%|          | 0/2 [00:00<?, ?it/s]
Loading checkpoint shards:  50%|█████     | 1/2 [00:02<00:02,  2.55s/it]
Loading checkpoint shards: 100%|██████████| 2/2 [00:04<00:00,  1.91s/it]
Loading checkpoint shards: 100%|██████████| 2/2 [00:04<00:00,  2.01s/it]
[reader] loaded Qwen/Qwen2.5-3B-Instruct on cuda:0
[density] materializing policy=chunk_packed_160
[density] generating policy=chunk_packed_160
The following generation flags are not valid and may be ignored: ['temperature', 'top_p', 'top_k']. Set `TRANSFORMERS_VERBOSITY=info` for more details.
[reader] generated 2/500
[reader] generated 4/500
[reader] generated 6/500
[reader] generated 8/500
[reader] generated 10/500
[reader] generated 12/500
[reader] generated 14/500
[reader] generated 16/500
[reader] generated 18/500
[reader] generated 20/500
[reader] generated 22/500
[reader] generated 24/500
[reader] generated 26/500
[reader] generated 28/500
[reader] generated 30/500
[reader] generated 32/500
[reader] generated 34/500
[reader] generated 36/500
[reader] generated 38/500
[reader] generated 40/500
[reader] generated 42/500
[reader] generated 44/500
[reader] generated 46/500
[reader] generated 48/500
[reader] generated 50/500
[reader] generated 52/500
[reader] generated 54/500
[reader] generated 56/500
[reader] generated 58/500
[reader] generated 60/500
[reader] generated 62/500
[reader] generated 64/500
[reader] generated 66/500
[reader] generated 68/500
[reader] generated 70/500
[reader] generated 72/500
[reader] generated 74/500
[reader] generated 76/500
[reader] generated 78/500
[reader] generated 80/500
[reader] generated 82/500
[reader] generated 84/500
[reader] generated 86/500
[reader] generated 88/500
[reader] generated 90/500
[reader] generated 92/500
[reader] generated 94/500
[reader] generated 96/500
[reader] generated 98/500
[reader] generated 100/500
[reader] generated 102/500
[reader] generated 104/500
[reader] generated 106/500
[reader] generated 108/500
[reader] generated 110/500
[reader] generated 112/500
[reader] generated 114/500
[reader] generated 116/500
[reader] generated 118/500
[reader] generated 120/500
[reader] generated 122/500
[reader] generated 124/500
[reader] generated 126/500
[reader] generated 128/500
[reader] generated 130/500
[reader] generated 132/500
[reader] generated 134/500
[reader] generated 136/500
[reader] generated 138/500
[reader] generated 140/500
[reader] generated 142/500
[reader] generated 144/500
[reader] generated 146/500
[reader] generated 148/500
[reader] generated 150/500
[reader] generated 152/500
[reader] generated 154/500
[reader] generated 156/500
[reader] generated 158/500
[reader] generated 160/500
[reader] generated 162/500
[reader] generated 164/500
[reader] generated 166/500
[reader] generated 168/500
[reader] generated 170/500
[reader] generated 172/500
[reader] generated 174/500
[reader] generated 176/500
[reader] generated 178/500
[reader] generated 180/500
[reader] generated 182/500
[reader] generated 184/500
[reader] generated 186/500
[reader] generated 188/500
[reader] generated 190/500
[reader] generated 192/500
[reader] generated 194/500
[reader] generated 196/500
[reader] generated 198/500
[reader] generated 200/500
[reader] generated 202/500
[reader] generated 204/500
[reader] generated 206/500
[reader] generated 208/500
[reader] generated 210/500
[reader] generated 212/500
[reader] generated 214/500
[reader] generated 216/500
[reader] generated 218/500
[reader] generated 220/500
[reader] generated 222/500
[reader] generated 224/500
[reader] generated 226/500
[reader] generated 228/500
[reader] generated 230/500
[reader] generated 232/500
[reader] generated 234/500
[reader] generated 236/500
[reader] generated 238/500
[reader] generated 240/500
[reader] generated 242/500
[reader] generated 244/500
[reader] generated 246/500
[reader] generated 248/500
[reader] generated 250/500
[reader] generated 252/500
[reader] generated 254/500
[reader] generated 256/500
[reader] generated 258/500
[reader] generated 260/500
[reader] generated 262/500
[reader] generated 264/500
[reader] generated 266/500
[reader] generated 268/500
[reader] generated 270/500
[reader] generated 272/500
[reader] generated 274/500
[reader] generated 276/500
[reader] generated 278/500
[reader] generated 280/500
[reader] generated 282/500
[reader] generated 284/500
[reader] generated 286/500
[reader] generated 288/500
[reader] generated 290/500
[reader] generated 292/500
[reader] generated 294/500
[reader] generated 296/500
[reader] generated 298/500
[reader] generated 300/500
[reader] generated 302/500
[reader] generated 304/500
[reader] generated 306/500
[reader] generated 308/500
[reader] generated 310/500
[reader] generated 312/500
[reader] generated 314/500
[reader] generated 316/500
[reader] generated 318/500
[reader] generated 320/500
[reader] generated 322/500
[reader] generated 324/500
[reader] generated 326/500
[reader] generated 328/500
[reader] generated 330/500
[reader] generated 332/500
[reader] generated 334/500
[reader] generated 336/500
[reader] generated 338/500
[reader] generated 340/500
[reader] generated 342/500
[reader] generated 344/500
[reader] generated 346/500
[reader] generated 348/500
[reader] generated 350/500
[reader] generated 352/500
[reader] generated 354/500
[reader] generated 356/500
[reader] generated 358/500
[reader] generated 360/500
[reader] generated 362/500
[reader] generated 364/500
[reader] generated 366/500
[reader] generated 368/500
[reader] generated 370/500
[reader] generated 372/500
[reader] generated 374/500
[reader] generated 376/500
[reader] generated 378/500
[reader] generated 380/500
[reader] generated 382/500
[reader] generated 384/500
[reader] generated 386/500
[reader] generated 388/500
[reader] generated 390/500
[reader] generated 392/500
[reader] generated 394/500
[reader] generated 396/500
[reader] generated 398/500
[reader] generated 400/500
[reader] generated 402/500
[reader] generated 404/500
[reader] generated 406/500
[reader] generated 408/500
[reader] generated 410/500
[reader] generated 412/500
[reader] generated 414/500
[reader] generated 416/500
[reader] generated 418/500
[reader] generated 420/500
[reader] generated 422/500
[reader] generated 424/500
[reader] generated 426/500
[reader] generated 428/500
[reader] generated 430/500
[reader] generated 432/500
[reader] generated 434/500
[reader] generated 436/500
[reader] generated 438/500
[reader] generated 440/500
[reader] generated 442/500
[reader] generated 444/500
[reader] generated 446/500
[reader] generated 448/500
[reader] generated 450/500
[reader] generated 452/500
[reader] generated 454/500
[reader] generated 456/500
[reader] generated 458/500
[reader] generated 460/500
[reader] generated 462/500
[reader] generated 464/500
[reader] generated 466/500
[reader] generated 468/500
[reader] generated 470/500
[reader] generated 472/500
[reader] generated 474/500
[reader] generated 476/500
[reader] generated 478/500
[reader] generated 480/500
[reader] generated 482/500
[reader] generated 484/500
[reader] generated 486/500
[reader] generated 488/500
[reader] generated 490/500
[reader] generated 492/500
[reader] generated 494/500
[reader] generated 496/500
[reader] generated 498/500
[reader] generated 500/500
[density] policy=chunk_packed_160, router_type=fixed, representation=chunk, packer=packed, reader_model=Qwen/Qwen2.5-3B-Instruct, packed_token_budget=160, recall@1=0.294, all_gold@1=0.008, recall@2=0.36, all_gold@2=0.04, recall@5=0.506, all_gold@5=0.184, qwen_em=0.088, qwen_f1=0.1373, avg_reader_evidence_tokens=146.43, mean_ans_in_context=0.224, mean_gold_token_density=0.2301, mean_gold_doc_reader_cov=0.36, mean_all_gold_reader=0.078, mean_distractor_docs=2.358, mean_context_tokens=146.428, mean_n_snippets=3.234
[density] materializing policy=chunk_focused_160
[density] generating policy=chunk_focused_160
[reader] generated 2/500
[reader] generated 4/500
[reader] generated 6/500
[reader] generated 8/500
[reader] generated 10/500
[reader] generated 12/500
[reader] generated 14/500
[reader] generated 16/500
[reader] generated 18/500
[reader] generated 20/500
[reader] generated 22/500
[reader] generated 24/500
[reader] generated 26/500
[reader] generated 28/500
[reader] generated 30/500
[reader] generated 32/500
[reader] generated 34/500
[reader] generated 36/500
[reader] generated 38/500
[reader] generated 40/500
[reader] generated 42/500
[reader] generated 44/500
[reader] generated 46/500
[reader] generated 48/500
[reader] generated 50/500
[reader] generated 52/500
[reader] generated 54/500
[reader] generated 56/500
[reader] generated 58/500
[reader] generated 60/500
[reader] generated 62/500
[reader] generated 64/500
[reader] generated 66/500
[reader] generated 68/500
[reader] generated 70/500
[reader] generated 72/500
[reader] generated 74/500
[reader] generated 76/500
[reader] generated 78/500
[reader] generated 80/500
[reader] generated 82/500
[reader] generated 84/500
[reader] generated 86/500
[reader] generated 88/500
[reader] generated 90/500
[reader] generated 92/500
[reader] generated 94/500
[reader] generated 96/500
[reader] generated 98/500
[reader] generated 100/500
[reader] generated 102/500
[reader] generated 104/500
[reader] generated 106/500
[reader] generated 108/500
[reader] generated 110/500
[reader] generated 112/500
[reader] generated 114/500
[reader] generated 116/500
[reader] generated 118/500
[reader] generated 120/500
[reader] generated 122/500
[reader] generated 124/500
[reader] generated 126/500
[reader] generated 128/500
[reader] generated 130/500
[reader] generated 132/500
[reader] generated 134/500
[reader] generated 136/500
[reader] generated 138/500
[reader] generated 140/500
[reader] generated 142/500
[reader] generated 144/500
[reader] generated 146/500
[reader] generated 148/500
[reader] generated 150/500
[reader] generated 152/500
[reader] generated 154/500
[reader] generated 156/500
[reader] generated 158/500
[reader] generated 160/500
[reader] generated 162/500
[reader] generated 164/500
[reader] generated 166/500
[reader] generated 168/500
[reader] generated 170/500
[reader] generated 172/500
[reader] generated 174/500
[reader] generated 176/500
[reader] generated 178/500
[reader] generated 180/500
[reader] generated 182/500
[reader] generated 184/500
[reader] generated 186/500
[reader] generated 188/500
[reader] generated 190/500
[reader] generated 192/500
[reader] generated 194/500
[reader] generated 196/500
[reader] generated 198/500
[reader] generated 200/500
[reader] generated 202/500
[reader] generated 204/500
[reader] generated 206/500
[reader] generated 208/500
[reader] generated 210/500
[reader] generated 212/500
[reader] generated 214/500
[reader] generated 216/500
[reader] generated 218/500
[reader] generated 220/500
[reader] generated 222/500
[reader] generated 224/500
[reader] generated 226/500
[reader] generated 228/500
[reader] generated 230/500
[reader] generated 232/500
[reader] generated 234/500
[reader] generated 236/500
[reader] generated 238/500
[reader] generated 240/500
[reader] generated 242/500
[reader] generated 244/500
[reader] generated 246/500
[reader] generated 248/500
[reader] generated 250/500
[reader] generated 252/500
[reader] generated 254/500
[reader] generated 256/500
[reader] generated 258/500
[reader] generated 260/500
[reader] generated 262/500
[reader] generated 264/500
[reader] generated 266/500
[reader] generated 268/500
[reader] generated 270/500
[reader] generated 272/500
[reader] generated 274/500
[reader] generated 276/500
[reader] generated 278/500
[reader] generated 280/500
[reader] generated 282/500
[reader] generated 284/500
[reader] generated 286/500
[reader] generated 288/500
[reader] generated 290/500
[reader] generated 292/500
[reader] generated 294/500
[reader] generated 296/500
[reader] generated 298/500
[reader] generated 300/500
[reader] generated 302/500
[reader] generated 304/500
[reader] generated 306/500
[reader] generated 308/500
[reader] generated 310/500
[reader] generated 312/500
[reader] generated 314/500
[reader] generated 316/500
[reader] generated 318/500
[reader] generated 320/500
[reader] generated 322/500
[reader] generated 324/500
[reader] generated 326/500
[reader] generated 328/500
[reader] generated 330/500
[reader] generated 332/500
[reader] generated 334/500
[reader] generated 336/500
[reader] generated 338/500
[reader] generated 340/500
[reader] generated 342/500
[reader] generated 344/500
[reader] generated 346/500
[reader] generated 348/500
[reader] generated 350/500
[reader] generated 352/500
[reader] generated 354/500
[reader] generated 356/500
[reader] generated 358/500
[reader] generated 360/500
[reader] generated 362/500
[reader] generated 364/500
[reader] generated 366/500
[reader] generated 368/500
[reader] generated 370/500
[reader] generated 372/500
[reader] generated 374/500
[reader] generated 376/500
[reader] generated 378/500
[reader] generated 380/500
[reader] generated 382/500
[reader] generated 384/500
[reader] generated 386/500
[reader] generated 388/500
[reader] generated 390/500
[reader] generated 392/500
[reader] generated 394/500
[reader] generated 396/500
[reader] generated 398/500
[reader] generated 400/500
[reader] generated 402/500
[reader] generated 404/500
[reader] generated 406/500
[reader] generated 408/500
[reader] generated 410/500
[reader] generated 412/500
[reader] generated 414/500
[reader] generated 416/500
[reader] generated 418/500
[reader] generated 420/500
[reader] generated 422/500
[reader] generated 424/500
[reader] generated 426/500
[reader] generated 428/500
[reader] generated 430/500
[reader] generated 432/500
[reader] generated 434/500
[reader] generated 436/500
[reader] generated 438/500
[reader] generated 440/500
[reader] generated 442/500
[reader] generated 444/500
[reader] generated 446/500
[reader] generated 448/500
[reader] generated 450/500
[reader] generated 452/500
[reader] generated 454/500
[reader] generated 456/500
[reader] generated 458/500
[reader] generated 460/500
[reader] generated 462/500
[reader] generated 464/500
[reader] generated 466/500
[reader] generated 468/500
[reader] generated 470/500
[reader] generated 472/500
[reader] generated 474/500
[reader] generated 476/500
[reader] generated 478/500
[reader] generated 480/500
[reader] generated 482/500
[reader] generated 484/500
[reader] generated 486/500
[reader] generated 488/500
[reader] generated 490/500
[reader] generated 492/500
[reader] generated 494/500
[reader] generated 496/500
[reader] generated 498/500
[reader] generated 500/500
[density] policy=chunk_focused_160, router_type=fixed, representation=chunk, packer=focused, reader_model=Qwen/Qwen2.5-3B-Instruct, packed_token_budget=160, recall@1=0.294, all_gold@1=0.008, recall@2=0.36, all_gold@2=0.04, recall@5=0.506, all_gold@5=0.184, qwen_em=0.07, qwen_f1=0.1236, avg_reader_evidence_tokens=146.19, mean_ans_in_context=0.216, mean_gold_token_density=0.2756, mean_gold_doc_reader_cov=0.372, mean_all_gold_reader=0.078, mean_distractor_docs=2.032, mean_context_tokens=146.186, mean_n_snippets=2.934
[density] materializing policy=chunk_mmr_160
[density] generating policy=chunk_mmr_160
[reader] generated 2/500
[reader] generated 4/500
[reader] generated 6/500
[reader] generated 8/500
[reader] generated 10/500
[reader] generated 12/500
[reader] generated 14/500
[reader] generated 16/500
[reader] generated 18/500
[reader] generated 20/500
[reader] generated 22/500
[reader] generated 24/500
[reader] generated 26/500
[reader] generated 28/500
[reader] generated 30/500
[reader] generated 32/500
[reader] generated 34/500
[reader] generated 36/500
[reader] generated 38/500
[reader] generated 40/500
[reader] generated 42/500
[reader] generated 44/500
[reader] generated 46/500
[reader] generated 48/500
[reader] generated 50/500
[reader] generated 52/500
[reader] generated 54/500
[reader] generated 56/500
[reader] generated 58/500
[reader] generated 60/500
[reader] generated 62/500
[reader] generated 64/500
[reader] generated 66/500
[reader] generated 68/500
[reader] generated 70/500
[reader] generated 72/500
[reader] generated 74/500
[reader] generated 76/500
[reader] generated 78/500
[reader] generated 80/500
[reader] generated 82/500
[reader] generated 84/500
[reader] generated 86/500
[reader] generated 88/500
[reader] generated 90/500
[reader] generated 92/500
[reader] generated 94/500
[reader] generated 96/500
[reader] generated 98/500
[reader] generated 100/500
[reader] generated 102/500
[reader] generated 104/500
[reader] generated 106/500
[reader] generated 108/500
[reader] generated 110/500
[reader] generated 112/500
[reader] generated 114/500
[reader] generated 116/500
[reader] generated 118/500
[reader] generated 120/500
[reader] generated 122/500
[reader] generated 124/500
[reader] generated 126/500
[reader] generated 128/500
[reader] generated 130/500
[reader] generated 132/500
[reader] generated 134/500
[reader] generated 136/500
[reader] generated 138/500
[reader] generated 140/500
[reader] generated 142/500
[reader] generated 144/500
[reader] generated 146/500
[reader] generated 148/500
[reader] generated 150/500
[reader] generated 152/500
[reader] generated 154/500
[reader] generated 156/500
[reader] generated 158/500
[reader] generated 160/500
[reader] generated 162/500
[reader] generated 164/500
[reader] generated 166/500
[reader] generated 168/500
[reader] generated 170/500
[reader] generated 172/500
[reader] generated 174/500
[reader] generated 176/500
[reader] generated 178/500
[reader] generated 180/500
[reader] generated 182/500
[reader] generated 184/500
[reader] generated 186/500
[reader] generated 188/500
[reader] generated 190/500
[reader] generated 192/500
[reader] generated 194/500
[reader] generated 196/500
[reader] generated 198/500
[reader] generated 200/500
[reader] generated 202/500
[reader] generated 204/500
[reader] generated 206/500
[reader] generated 208/500
[reader] generated 210/500
[reader] generated 212/500
[reader] generated 214/500
[reader] generated 216/500
[reader] generated 218/500
[reader] generated 220/500
[reader] generated 222/500
[reader] generated 224/500
[reader] generated 226/500
[reader] generated 228/500
[reader] generated 230/500
[reader] generated 232/500
[reader] generated 234/500
[reader] generated 236/500
[reader] generated 238/500
[reader] generated 240/500
[reader] generated 242/500
[reader] generated 244/500
[reader] generated 246/500
[reader] generated 248/500
[reader] generated 250/500
[reader] generated 252/500
[reader] generated 254/500
[reader] generated 256/500
[reader] generated 258/500
[reader] generated 260/500
[reader] generated 262/500
[reader] generated 264/500
[reader] generated 266/500
[reader] generated 268/500
[reader] generated 270/500
[reader] generated 272/500
[reader] generated 274/500
[reader] generated 276/500
[reader] generated 278/500
[reader] generated 280/500
[reader] generated 282/500
[reader] generated 284/500
[reader] generated 286/500
[reader] generated 288/500
[reader] generated 290/500
[reader] generated 292/500
[reader] generated 294/500
[reader] generated 296/500
[reader] generated 298/500
[reader] generated 300/500
[reader] generated 302/500
[reader] generated 304/500
[reader] generated 306/500
[reader] generated 308/500
[reader] generated 310/500
[reader] generated 312/500
[reader] generated 314/500
[reader] generated 316/500
[reader] generated 318/500
[reader] generated 320/500
[reader] generated 322/500
[reader] generated 324/500
[reader] generated 326/500
[reader] generated 328/500
[reader] generated 330/500
[reader] generated 332/500
[reader] generated 334/500
[reader] generated 336/500
[reader] generated 338/500
[reader] generated 340/500
[reader] generated 342/500
[reader] generated 344/500
[reader] generated 346/500
[reader] generated 348/500
[reader] generated 350/500
[reader] generated 352/500
[reader] generated 354/500
[reader] generated 356/500
[reader] generated 358/500
[reader] generated 360/500
[reader] generated 362/500
[reader] generated 364/500
[reader] generated 366/500
[reader] generated 368/500
[reader] generated 370/500
[reader] generated 372/500
[reader] generated 374/500
[reader] generated 376/500
[reader] generated 378/500
[reader] generated 380/500
[reader] generated 382/500
[reader] generated 384/500
[reader] generated 386/500
[reader] generated 388/500
[reader] generated 390/500
[reader] generated 392/500
[reader] generated 394/500
[reader] generated 396/500
[reader] generated 398/500
[reader] generated 400/500
[reader] generated 402/500
[reader] generated 404/500
[reader] generated 406/500
[reader] generated 408/500
[reader] generated 410/500
[reader] generated 412/500
[reader] generated 414/500
[reader] generated 416/500
[reader] generated 418/500
[reader] generated 420/500
[reader] generated 422/500
[reader] generated 424/500
[reader] generated 426/500
[reader] generated 428/500
[reader] generated 430/500
[reader] generated 432/500
[reader] generated 434/500
[reader] generated 436/500
[reader] generated 438/500
[reader] generated 440/500
[reader] generated 442/500
[reader] generated 444/500
[reader] generated 446/500
[reader] generated 448/500
[reader] generated 450/500
[reader] generated 452/500
[reader] generated 454/500
[reader] generated 456/500
[reader] generated 458/500
[reader] generated 460/500
[reader] generated 462/500
[reader] generated 464/500
[reader] generated 466/500
[reader] generated 468/500
[reader] generated 470/500
[reader] generated 472/500
[reader] generated 474/500
[reader] generated 476/500
[reader] generated 478/500
[reader] generated 480/500
[reader] generated 482/500
[reader] generated 484/500
[reader] generated 486/500
[reader] generated 488/500
[reader] generated 490/500
[reader] generated 492/500
[reader] generated 494/500
[reader] generated 496/500
[reader] generated 498/500
[reader] generated 500/500
[density] policy=chunk_mmr_160, router_type=fixed, representation=chunk, packer=mmr, reader_model=Qwen/Qwen2.5-3B-Instruct, packed_token_budget=160, recall@1=0.294, all_gold@1=0.008, recall@2=0.36, all_gold@2=0.04, recall@5=0.506, all_gold@5=0.184, qwen_em=0.064, qwen_f1=0.1231, avg_reader_evidence_tokens=146.95, mean_ans_in_context=0.192, mean_gold_token_density=0.2685, mean_gold_doc_reader_cov=0.325, mean_all_gold_reader=0.062, mean_distractor_docs=1.794, mean_context_tokens=146.95, mean_n_snippets=3.0
[density] materializing policy=chunk_submod_160
[density] generating policy=chunk_submod_160
[reader] generated 2/500
[reader] generated 4/500
[reader] generated 6/500
[reader] generated 8/500
[reader] generated 10/500
[reader] generated 12/500
[reader] generated 14/500
[reader] generated 16/500
[reader] generated 18/500
[reader] generated 20/500
[reader] generated 22/500
[reader] generated 24/500
[reader] generated 26/500
[reader] generated 28/500
[reader] generated 30/500
[reader] generated 32/500
[reader] generated 34/500
[reader] generated 36/500
[reader] generated 38/500
[reader] generated 40/500
[reader] generated 42/500
[reader] generated 44/500
[reader] generated 46/500
[reader] generated 48/500
[reader] generated 50/500
[reader] generated 52/500
[reader] generated 54/500
[reader] generated 56/500
[reader] generated 58/500
[reader] generated 60/500
[reader] generated 62/500
[reader] generated 64/500
[reader] generated 66/500
[reader] generated 68/500
[reader] generated 70/500
[reader] generated 72/500
[reader] generated 74/500
[reader] generated 76/500
[reader] generated 78/500
[reader] generated 80/500
[reader] generated 82/500
[reader] generated 84/500
[reader] generated 86/500
[reader] generated 88/500
[reader] generated 90/500
[reader] generated 92/500
[reader] generated 94/500
[reader] generated 96/500
[reader] generated 98/500
[reader] generated 100/500
[reader] generated 102/500
[reader] generated 104/500
[reader] generated 106/500
[reader] generated 108/500
[reader] generated 110/500
[reader] generated 112/500
[reader] generated 114/500
[reader] generated 116/500
[reader] generated 118/500
[reader] generated 120/500
[reader] generated 122/500
[reader] generated 124/500
[reader] generated 126/500
[reader] generated 128/500
[reader] generated 130/500
[reader] generated 132/500
[reader] generated 134/500
[reader] generated 136/500
[reader] generated 138/500
[reader] generated 140/500
[reader] generated 142/500
[reader] generated 144/500
[reader] generated 146/500
[reader] generated 148/500
[reader] generated 150/500
[reader] generated 152/500
[reader] generated 154/500
[reader] generated 156/500
[reader] generated 158/500
[reader] generated 160/500
[reader] generated 162/500
[reader] generated 164/500
[reader] generated 166/500
[reader] generated 168/500
[reader] generated 170/500
[reader] generated 172/500
[reader] generated 174/500
[reader] generated 176/500
[reader] generated 178/500
[reader] generated 180/500
[reader] generated 182/500
[reader] generated 184/500
[reader] generated 186/500
[reader] generated 188/500
[reader] generated 190/500
[reader] generated 192/500
[reader] generated 194/500
[reader] generated 196/500
[reader] generated 198/500
[reader] generated 200/500
[reader] generated 202/500
[reader] generated 204/500
[reader] generated 206/500
[reader] generated 208/500
[reader] generated 210/500
[reader] generated 212/500
[reader] generated 214/500
[reader] generated 216/500
[reader] generated 218/500
[reader] generated 220/500
[reader] generated 222/500
[reader] generated 224/500
[reader] generated 226/500
[reader] generated 228/500
[reader] generated 230/500
[reader] generated 232/500
[reader] generated 234/500
[reader] generated 236/500
[reader] generated 238/500
[reader] generated 240/500
[reader] generated 242/500
[reader] generated 244/500
[reader] generated 246/500
[reader] generated 248/500
[reader] generated 250/500
[reader] generated 252/500
[reader] generated 254/500
[reader] generated 256/500
[reader] generated 258/500
[reader] generated 260/500
[reader] generated 262/500
[reader] generated 264/500
[reader] generated 266/500
[reader] generated 268/500
[reader] generated 270/500
[reader] generated 272/500
[reader] generated 274/500
[reader] generated 276/500
[reader] generated 278/500
[reader] generated 280/500
[reader] generated 282/500
[reader] generated 284/500
[reader] generated 286/500
[reader] generated 288/500
[reader] generated 290/500
[reader] generated 292/500
[reader] generated 294/500
[reader] generated 296/500
[reader] generated 298/500
[reader] generated 300/500
[reader] generated 302/500
[reader] generated 304/500
[reader] generated 306/500
[reader] generated 308/500
[reader] generated 310/500
[reader] generated 312/500
[reader] generated 314/500
[reader] generated 316/500
[reader] generated 318/500
[reader] generated 320/500
[reader] generated 322/500
[reader] generated 324/500
[reader] generated 326/500
[reader] generated 328/500
[reader] generated 330/500
[reader] generated 332/500
[reader] generated 334/500
[reader] generated 336/500
[reader] generated 338/500
[reader] generated 340/500
[reader] generated 342/500
[reader] generated 344/500
[reader] generated 346/500
[reader] generated 348/500
[reader] generated 350/500
[reader] generated 352/500
[reader] generated 354/500
[reader] generated 356/500
[reader] generated 358/500
[reader] generated 360/500
[reader] generated 362/500
[reader] generated 364/500
[reader] generated 366/500
[reader] generated 368/500
[reader] generated 370/500
[reader] generated 372/500
[reader] generated 374/500
[reader] generated 376/500
[reader] generated 378/500
[reader] generated 380/500
[reader] generated 382/500
[reader] generated 384/500
[reader] generated 386/500
[reader] generated 388/500
[reader] generated 390/500
[reader] generated 392/500
[reader] generated 394/500
[reader] generated 396/500
[reader] generated 398/500
[reader] generated 400/500
[reader] generated 402/500
[reader] generated 404/500
[reader] generated 406/500
[reader] generated 408/500
[reader] generated 410/500
[reader] generated 412/500
[reader] generated 414/500
[reader] generated 416/500
[reader] generated 418/500
[reader] generated 420/500
[reader] generated 422/500
[reader] generated 424/500
[reader] generated 426/500
[reader] generated 428/500
[reader] generated 430/500
[reader] generated 432/500
[reader] generated 434/500
[reader] generated 436/500
[reader] generated 438/500
[reader] generated 440/500
[reader] generated 442/500
[reader] generated 444/500
[reader] generated 446/500
[reader] generated 448/500
[reader] generated 450/500
[reader] generated 452/500
[reader] generated 454/500
[reader] generated 456/500
[reader] generated 458/500
[reader] generated 460/500
[reader] generated 462/500
[reader] generated 464/500
[reader] generated 466/500
[reader] generated 468/500
[reader] generated 470/500
[reader] generated 472/500
[reader] generated 474/500
[reader] generated 476/500
[reader] generated 478/500
[reader] generated 480/500
[reader] generated 482/500
[reader] generated 484/500
[reader] generated 486/500
[reader] generated 488/500
[reader] generated 490/500
[reader] generated 492/500
[reader] generated 494/500
[reader] generated 496/500
[reader] generated 498/500
[reader] generated 500/500
[density] policy=chunk_submod_160, router_type=fixed, representation=chunk, packer=submod, reader_model=Qwen/Qwen2.5-3B-Instruct, packed_token_budget=160, recall@1=0.294, all_gold@1=0.008, recall@2=0.36, all_gold@2=0.04, recall@5=0.506, all_gold@5=0.184, qwen_em=0.08, qwen_f1=0.1343, avg_reader_evidence_tokens=139.35, mean_ans_in_context=0.178, mean_gold_token_density=0.2581, mean_gold_doc_reader_cov=0.371, mean_all_gold_reader=0.08, mean_distractor_docs=2.218, mean_context_tokens=139.354, mean_n_snippets=4.038
[density] materializing policy=ace_focused_160
[density] generating policy=ace_focused_160
[reader] generated 2/500
[reader] generated 4/500
[reader] generated 6/500
[reader] generated 8/500
[reader] generated 10/500
[reader] generated 12/500
[reader] generated 14/500
[reader] generated 16/500
[reader] generated 18/500
[reader] generated 20/500
[reader] generated 22/500
[reader] generated 24/500
[reader] generated 26/500
[reader] generated 28/500
[reader] generated 30/500
[reader] generated 32/500
[reader] generated 34/500
[reader] generated 36/500
[reader] generated 38/500
[reader] generated 40/500
[reader] generated 42/500
[reader] generated 44/500
[reader] generated 46/500
[reader] generated 48/500
[reader] generated 50/500
[reader] generated 52/500
[reader] generated 54/500
[reader] generated 56/500
[reader] generated 58/500
[reader] generated 60/500
[reader] generated 62/500
[reader] generated 64/500
[reader] generated 66/500
[reader] generated 68/500
[reader] generated 70/500
[reader] generated 72/500
[reader] generated 74/500
[reader] generated 76/500
[reader] generated 78/500
[reader] generated 80/500
[reader] generated 82/500
[reader] generated 84/500
[reader] generated 86/500
[reader] generated 88/500
[reader] generated 90/500
[reader] generated 92/500
[reader] generated 94/500
[reader] generated 96/500
[reader] generated 98/500
[reader] generated 100/500
[reader] generated 102/500
[reader] generated 104/500
[reader] generated 106/500
[reader] generated 108/500
[reader] generated 110/500
[reader] generated 112/500
[reader] generated 114/500
[reader] generated 116/500
[reader] generated 118/500
[reader] generated 120/500
[reader] generated 122/500
[reader] generated 124/500
[reader] generated 126/500
[reader] generated 128/500
[reader] generated 130/500
[reader] generated 132/500
[reader] generated 134/500
[reader] generated 136/500
[reader] generated 138/500
[reader] generated 140/500
[reader] generated 142/500
[reader] generated 144/500
[reader] generated 146/500
[reader] generated 148/500
[reader] generated 150/500
[reader] generated 152/500
[reader] generated 154/500
[reader] generated 156/500
[reader] generated 158/500
[reader] generated 160/500
[reader] generated 162/500
[reader] generated 164/500
[reader] generated 166/500
[reader] generated 168/500
[reader] generated 170/500
[reader] generated 172/500
[reader] generated 174/500
[reader] generated 176/500
[reader] generated 178/500
[reader] generated 180/500
[reader] generated 182/500
[reader] generated 184/500
[reader] generated 186/500
[reader] generated 188/500
[reader] generated 190/500
[reader] generated 192/500
[reader] generated 194/500
[reader] generated 196/500
[reader] generated 198/500
[reader] generated 200/500
[reader] generated 202/500
[reader] generated 204/500
[reader] generated 206/500
[reader] generated 208/500
[reader] generated 210/500
[reader] generated 212/500
[reader] generated 214/500
[reader] generated 216/500
[reader] generated 218/500
[reader] generated 220/500
[reader] generated 222/500
[reader] generated 224/500
[reader] generated 226/500
[reader] generated 228/500
[reader] generated 230/500
[reader] generated 232/500
[reader] generated 234/500
[reader] generated 236/500
[reader] generated 238/500
[reader] generated 240/500
[reader] generated 242/500
[reader] generated 244/500
[reader] generated 246/500
[reader] generated 248/500
[reader] generated 250/500
[reader] generated 252/500
[reader] generated 254/500
[reader] generated 256/500
[reader] generated 258/500
[reader] generated 260/500
[reader] generated 262/500
[reader] generated 264/500
[reader] generated 266/500
[reader] generated 268/500
[reader] generated 270/500
[reader] generated 272/500
[reader] generated 274/500
[reader] generated 276/500
[reader] generated 278/500
[reader] generated 280/500
[reader] generated 282/500
[reader] generated 284/500
[reader] generated 286/500
[reader] generated 288/500
[reader] generated 290/500
[reader] generated 292/500
[reader] generated 294/500
[reader] generated 296/500
[reader] generated 298/500
[reader] generated 300/500
[reader] generated 302/500
[reader] generated 304/500
[reader] generated 306/500
[reader] generated 308/500
[reader] generated 310/500
[reader] generated 312/500
[reader] generated 314/500
[reader] generated 316/500
[reader] generated 318/500
[reader] generated 320/500
[reader] generated 322/500
[reader] generated 324/500
[reader] generated 326/500
[reader] generated 328/500
[reader] generated 330/500
[reader] generated 332/500
[reader] generated 334/500
[reader] generated 336/500
[reader] generated 338/500
[reader] generated 340/500
[reader] generated 342/500
[reader] generated 344/500
[reader] generated 346/500
[reader] generated 348/500
[reader] generated 350/500
[reader] generated 352/500
[reader] generated 354/500
[reader] generated 356/500
[reader] generated 358/500
[reader] generated 360/500
[reader] generated 362/500
[reader] generated 364/500
[reader] generated 366/500
[reader] generated 368/500
[reader] generated 370/500
[reader] generated 372/500
[reader] generated 374/500
[reader] generated 376/500
[reader] generated 378/500
[reader] generated 380/500
[reader] generated 382/500
[reader] generated 384/500
[reader] generated 386/500
[reader] generated 388/500
[reader] generated 390/500
[reader] generated 392/500
[reader] generated 394/500
[reader] generated 396/500
[reader] generated 398/500
[reader] generated 400/500
[reader] generated 402/500
[reader] generated 404/500
[reader] generated 406/500
[reader] generated 408/500
[reader] generated 410/500
[reader] generated 412/500
[reader] generated 414/500
[reader] generated 416/500
[reader] generated 418/500
[reader] generated 420/500
[reader] generated 422/500
[reader] generated 424/500
[reader] generated 426/500
[reader] generated 428/500
[reader] generated 430/500
[reader] generated 432/500
[reader] generated 434/500
[reader] generated 436/500
[reader] generated 438/500
[reader] generated 440/500
[reader] generated 442/500
[reader] generated 444/500
[reader] generated 446/500
[reader] generated 448/500
[reader] generated 450/500
[reader] generated 452/500
[reader] generated 454/500
[reader] generated 456/500
[reader] generated 458/500
[reader] generated 460/500
[reader] generated 462/500
[reader] generated 464/500
[reader] generated 466/500
[reader] generated 468/500
[reader] generated 470/500
[reader] generated 472/500
[reader] generated 474/500
[reader] generated 476/500
[reader] generated 478/500
[reader] generated 480/500
[reader] generated 482/500
[reader] generated 484/500
[reader] generated 486/500
[reader] generated 488/500
[reader] generated 490/500
[reader] generated 492/500
[reader] generated 494/500
[reader] generated 496/500
[reader] generated 498/500
[reader] generated 500/500
[density] policy=ace_focused_160, router_type=fixed, representation=ace, packer=focused, reader_model=Qwen/Qwen2.5-3B-Instruct, packed_token_budget=160, recall@1=0.281, all_gold@1=0.004, recall@2=0.359, all_gold@2=0.04, recall@5=0.481, all_gold@5=0.142, qwen_em=0.084, qwen_f1=0.1501, avg_reader_evidence_tokens=145.27, mean_ans_in_context=0.216, mean_gold_token_density=0.2481, mean_gold_doc_reader_cov=0.388, mean_all_gold_reader=0.086, mean_distractor_docs=2.542, mean_context_tokens=145.27, mean_n_snippets=3.65
[density] materializing policy=ace_mmr_160
[density] generating policy=ace_mmr_160
[reader] generated 2/500
[reader] generated 4/500
[reader] generated 6/500
[reader] generated 8/500
[reader] generated 10/500
[reader] generated 12/500
[reader] generated 14/500
[reader] generated 16/500
[reader] generated 18/500
[reader] generated 20/500
[reader] generated 22/500
[reader] generated 24/500
[reader] generated 26/500
[reader] generated 28/500
[reader] generated 30/500
[reader] generated 32/500
[reader] generated 34/500
[reader] generated 36/500
[reader] generated 38/500
[reader] generated 40/500
[reader] generated 42/500
[reader] generated 44/500
[reader] generated 46/500
[reader] generated 48/500
[reader] generated 50/500
[reader] generated 52/500
[reader] generated 54/500
[reader] generated 56/500
[reader] generated 58/500
[reader] generated 60/500
[reader] generated 62/500
[reader] generated 64/500
[reader] generated 66/500
[reader] generated 68/500
[reader] generated 70/500
[reader] generated 72/500
[reader] generated 74/500
[reader] generated 76/500
[reader] generated 78/500
[reader] generated 80/500
[reader] generated 82/500
[reader] generated 84/500
[reader] generated 86/500
[reader] generated 88/500
[reader] generated 90/500
[reader] generated 92/500
[reader] generated 94/500
[reader] generated 96/500
[reader] generated 98/500
[reader] generated 100/500
[reader] generated 102/500
[reader] generated 104/500
[reader] generated 106/500
[reader] generated 108/500
[reader] generated 110/500
[reader] generated 112/500
[reader] generated 114/500
[reader] generated 116/500
[reader] generated 118/500
[reader] generated 120/500
[reader] generated 122/500
[reader] generated 124/500
[reader] generated 126/500
[reader] generated 128/500
[reader] generated 130/500
[reader] generated 132/500
[reader] generated 134/500
[reader] generated 136/500
[reader] generated 138/500
[reader] generated 140/500
[reader] generated 142/500
[reader] generated 144/500
[reader] generated 146/500
[reader] generated 148/500
[reader] generated 150/500
[reader] generated 152/500
[reader] generated 154/500
[reader] generated 156/500
[reader] generated 158/500
[reader] generated 160/500
[reader] generated 162/500
[reader] generated 164/500
[reader] generated 166/500
[reader] generated 168/500
[reader] generated 170/500
[reader] generated 172/500
[reader] generated 174/500
[reader] generated 176/500
[reader] generated 178/500
[reader] generated 180/500
[reader] generated 182/500
[reader] generated 184/500
[reader] generated 186/500
[reader] generated 188/500
[reader] generated 190/500
[reader] generated 192/500
[reader] generated 194/500
[reader] generated 196/500
[reader] generated 198/500
[reader] generated 200/500
[reader] generated 202/500
[reader] generated 204/500
[reader] generated 206/500
[reader] generated 208/500
[reader] generated 210/500
[reader] generated 212/500
[reader] generated 214/500
[reader] generated 216/500
[reader] generated 218/500
[reader] generated 220/500
[reader] generated 222/500
[reader] generated 224/500
[reader] generated 226/500
[reader] generated 228/500
[reader] generated 230/500
[reader] generated 232/500
[reader] generated 234/500
[reader] generated 236/500
[reader] generated 238/500
[reader] generated 240/500
[reader] generated 242/500
[reader] generated 244/500
[reader] generated 246/500
[reader] generated 248/500
[reader] generated 250/500
[reader] generated 252/500
[reader] generated 254/500
[reader] generated 256/500
[reader] generated 258/500
[reader] generated 260/500
[reader] generated 262/500
[reader] generated 264/500
[reader] generated 266/500
[reader] generated 268/500
[reader] generated 270/500
[reader] generated 272/500
[reader] generated 274/500
[reader] generated 276/500
[reader] generated 278/500
[reader] generated 280/500
[reader] generated 282/500
[reader] generated 284/500
[reader] generated 286/500
[reader] generated 288/500
[reader] generated 290/500
[reader] generated 292/500
[reader] generated 294/500
[reader] generated 296/500
[reader] generated 298/500
[reader] generated 300/500
[reader] generated 302/500
[reader] generated 304/500
[reader] generated 306/500
[reader] generated 308/500
[reader] generated 310/500
[reader] generated 312/500
[reader] generated 314/500
[reader] generated 316/500
[reader] generated 318/500
[reader] generated 320/500
[reader] generated 322/500
[reader] generated 324/500
[reader] generated 326/500
[reader] generated 328/500
[reader] generated 330/500
[reader] generated 332/500
[reader] generated 334/500
[reader] generated 336/500
[reader] generated 338/500
[reader] generated 340/500
[reader] generated 342/500
[reader] generated 344/500
[reader] generated 346/500
[reader] generated 348/500
[reader] generated 350/500
[reader] generated 352/500
[reader] generated 354/500
[reader] generated 356/500
[reader] generated 358/500
[reader] generated 360/500
[reader] generated 362/500
[reader] generated 364/500
[reader] generated 366/500
[reader] generated 368/500
[reader] generated 370/500
[reader] generated 372/500
[reader] generated 374/500
[reader] generated 376/500
[reader] generated 378/500
[reader] generated 380/500
[reader] generated 382/500
[reader] generated 384/500
[reader] generated 386/500
[reader] generated 388/500
[reader] generated 390/500
[reader] generated 392/500
[reader] generated 394/500
[reader] generated 396/500
[reader] generated 398/500
[reader] generated 400/500
[reader] generated 402/500
[reader] generated 404/500
[reader] generated 406/500
[reader] generated 408/500
[reader] generated 410/500
[reader] generated 412/500
[reader] generated 414/500
[reader] generated 416/500
[reader] generated 418/500
[reader] generated 420/500
[reader] generated 422/500
[reader] generated 424/500
[reader] generated 426/500
[reader] generated 428/500
[reader] generated 430/500
[reader] generated 432/500
[reader] generated 434/500
[reader] generated 436/500
[reader] generated 438/500
[reader] generated 440/500
[reader] generated 442/500
[reader] generated 444/500
[reader] generated 446/500
[reader] generated 448/500
[reader] generated 450/500
[reader] generated 452/500
[reader] generated 454/500
[reader] generated 456/500
[reader] generated 458/500
[reader] generated 460/500
[reader] generated 462/500
[reader] generated 464/500
[reader] generated 466/500
[reader] generated 468/500
[reader] generated 470/500
[reader] generated 472/500
[reader] generated 474/500
[reader] generated 476/500
[reader] generated 478/500
[reader] generated 480/500
[reader] generated 482/500
[reader] generated 484/500
[reader] generated 486/500
[reader] generated 488/500
[reader] generated 490/500
[reader] generated 492/500
[reader] generated 494/500
[reader] generated 496/500
[reader] generated 498/500
[reader] generated 500/500
[density] policy=ace_mmr_160, router_type=fixed, representation=ace, packer=mmr, reader_model=Qwen/Qwen2.5-3B-Instruct, packed_token_budget=160, recall@1=0.281, all_gold@1=0.004, recall@2=0.359, all_gold@2=0.04, recall@5=0.481, all_gold@5=0.142, qwen_em=0.084, qwen_f1=0.1484, avg_reader_evidence_tokens=144.93, mean_ans_in_context=0.208, mean_gold_token_density=0.2572, mean_gold_doc_reader_cov=0.351, mean_all_gold_reader=0.06, mean_distractor_docs=2.152, mean_context_tokens=144.926, mean_n_snippets=3.664
[density] materializing policy=ace_submod_160
[density] generating policy=ace_submod_160
[reader] generated 2/500
[reader] generated 4/500
[reader] generated 6/500
[reader] generated 8/500
[reader] generated 10/500
[reader] generated 12/500
[reader] generated 14/500
[reader] generated 16/500
[reader] generated 18/500
[reader] generated 20/500
[reader] generated 22/500
[reader] generated 24/500
[reader] generated 26/500
[reader] generated 28/500
[reader] generated 30/500
[reader] generated 32/500
[reader] generated 34/500
[reader] generated 36/500
[reader] generated 38/500
[reader] generated 40/500
[reader] generated 42/500
[reader] generated 44/500
[reader] generated 46/500
[reader] generated 48/500
[reader] generated 50/500
[reader] generated 52/500
[reader] generated 54/500
[reader] generated 56/500
[reader] generated 58/500
[reader] generated 60/500
[reader] generated 62/500
[reader] generated 64/500
[reader] generated 66/500
[reader] generated 68/500
[reader] generated 70/500
[reader] generated 72/500
[reader] generated 74/500
[reader] generated 76/500
[reader] generated 78/500
[reader] generated 80/500
[reader] generated 82/500
[reader] generated 84/500
[reader] generated 86/500
[reader] generated 88/500
[reader] generated 90/500
[reader] generated 92/500
[reader] generated 94/500
[reader] generated 96/500
[reader] generated 98/500
[reader] generated 100/500
[reader] generated 102/500
[reader] generated 104/500
[reader] generated 106/500
[reader] generated 108/500
[reader] generated 110/500
[reader] generated 112/500
[reader] generated 114/500
[reader] generated 116/500
[reader] generated 118/500
[reader] generated 120/500
[reader] generated 122/500
[reader] generated 124/500
[reader] generated 126/500
[reader] generated 128/500
[reader] generated 130/500
[reader] generated 132/500
[reader] generated 134/500
[reader] generated 136/500
[reader] generated 138/500
[reader] generated 140/500
[reader] generated 142/500
[reader] generated 144/500
[reader] generated 146/500
[reader] generated 148/500
[reader] generated 150/500
[reader] generated 152/500
[reader] generated 154/500
[reader] generated 156/500
[reader] generated 158/500
[reader] generated 160/500
[reader] generated 162/500
[reader] generated 164/500
[reader] generated 166/500
[reader] generated 168/500
[reader] generated 170/500
[reader] generated 172/500
[reader] generated 174/500
[reader] generated 176/500
[reader] generated 178/500
[reader] generated 180/500
[reader] generated 182/500
[reader] generated 184/500
[reader] generated 186/500
[reader] generated 188/500
[reader] generated 190/500
[reader] generated 192/500
[reader] generated 194/500
[reader] generated 196/500
[reader] generated 198/500
[reader] generated 200/500
[reader] generated 202/500
[reader] generated 204/500
[reader] generated 206/500
[reader] generated 208/500
[reader] generated 210/500
[reader] generated 212/500
[reader] generated 214/500
[reader] generated 216/500
[reader] generated 218/500
[reader] generated 220/500
[reader] generated 222/500
[reader] generated 224/500
[reader] generated 226/500
[reader] generated 228/500
[reader] generated 230/500
[reader] generated 232/500
[reader] generated 234/500
[reader] generated 236/500
[reader] generated 238/500
[reader] generated 240/500
[reader] generated 242/500
[reader] generated 244/500
[reader] generated 246/500
[reader] generated 248/500
[reader] generated 250/500
[reader] generated 252/500
[reader] generated 254/500
[reader] generated 256/500
[reader] generated 258/500
[reader] generated 260/500
[reader] generated 262/500
[reader] generated 264/500
[reader] generated 266/500
[reader] generated 268/500
[reader] generated 270/500
[reader] generated 272/500
[reader] generated 274/500
[reader] generated 276/500
[reader] generated 278/500
[reader] generated 280/500
[reader] generated 282/500
[reader] generated 284/500
[reader] generated 286/500
[reader] generated 288/500
[reader] generated 290/500
[reader] generated 292/500
[reader] generated 294/500
[reader] generated 296/500
[reader] generated 298/500
[reader] generated 300/500
[reader] generated 302/500
[reader] generated 304/500
[reader] generated 306/500
[reader] generated 308/500
[reader] generated 310/500
[reader] generated 312/500
[reader] generated 314/500
[reader] generated 316/500
[reader] generated 318/500
[reader] generated 320/500
[reader] generated 322/500
[reader] generated 324/500
[reader] generated 326/500
[reader] generated 328/500
[reader] generated 330/500
[reader] generated 332/500
[reader] generated 334/500
[reader] generated 336/500
[reader] generated 338/500
[reader] generated 340/500
[reader] generated 342/500
[reader] generated 344/500
[reader] generated 346/500
[reader] generated 348/500
[reader] generated 350/500
[reader] generated 352/500
[reader] generated 354/500
[reader] generated 356/500
[reader] generated 358/500
[reader] generated 360/500
[reader] generated 362/500
[reader] generated 364/500
[reader] generated 366/500
[reader] generated 368/500
[reader] generated 370/500
[reader] generated 372/500
[reader] generated 374/500
[reader] generated 376/500
[reader] generated 378/500
[reader] generated 380/500
[reader] generated 382/500
[reader] generated 384/500
[reader] generated 386/500
[reader] generated 388/500
[reader] generated 390/500
[reader] generated 392/500
[reader] generated 394/500
[reader] generated 396/500
[reader] generated 398/500
[reader] generated 400/500
[reader] generated 402/500
[reader] generated 404/500
[reader] generated 406/500
[reader] generated 408/500
[reader] generated 410/500
[reader] generated 412/500
[reader] generated 414/500
[reader] generated 416/500
[reader] generated 418/500
[reader] generated 420/500
[reader] generated 422/500
[reader] generated 424/500
[reader] generated 426/500
[reader] generated 428/500
[reader] generated 430/500
[reader] generated 432/500
[reader] generated 434/500
[reader] generated 436/500
[reader] generated 438/500
[reader] generated 440/500
[reader] generated 442/500
[reader] generated 444/500
[reader] generated 446/500
[reader] generated 448/500
[reader] generated 450/500
[reader] generated 452/500
[reader] generated 454/500
[reader] generated 456/500
[reader] generated 458/500
[reader] generated 460/500
[reader] generated 462/500
[reader] generated 464/500
[reader] generated 466/500
[reader] generated 468/500
[reader] generated 470/500
[reader] generated 472/500
[reader] generated 474/500
[reader] generated 476/500
[reader] generated 478/500
[reader] generated 480/500
[reader] generated 482/500
[reader] generated 484/500
[reader] generated 486/500
[reader] generated 488/500
[reader] generated 490/500
[reader] generated 492/500
[reader] generated 494/500
[reader] generated 496/500
[reader] generated 498/500
[reader] generated 500/500
[density] policy=ace_submod_160, router_type=fixed, representation=ace, packer=submod, reader_model=Qwen/Qwen2.5-3B-Instruct, packed_token_budget=160, recall@1=0.281, all_gold@1=0.004, recall@2=0.359, all_gold@2=0.04, recall@5=0.481, all_gold@5=0.142, qwen_em=0.082, qwen_f1=0.1412, avg_reader_evidence_tokens=142.85, mean_ans_in_context=0.194, mean_gold_token_density=0.2511, mean_gold_doc_reader_cov=0.358, mean_all_gold_reader=0.062, mean_distractor_docs=2.292, mean_context_tokens=142.852, mean_n_snippets=4.138
[density] policy=router_oracle_packer, router_type=oracle, representation=mixed, packer=oracle, reader_model=Qwen/Qwen2.5-3B-Instruct, packed_token_budget=160, selection_counts={"ace_focused_160": 71, "ace_mmr_160": 41, "ace_submod_160": 65, "chunk_focused_160": 102, "chunk_mmr_160": 37, "chunk_submod_160": 184}, qwen_em=0.162, qwen_f1=0.2509, avg_reader_evidence_tokens=133.63, mean_ans_in_context=0.252, mean_gold_token_density=0.2715, mean_gold_doc_reader_cov=0.36, mean_all_gold_reader=0.082, mean_distractor_docs=2.062, mean_context_tokens=133.63, mean_n_snippets=3.518
wrote /kaggle/working/colab_results/stage7_density_packer_musique_budget160_limit500_qwen3b/musique_local_density_standard_budget160_limit500_metrics.csv
wrote /kaggle/working/colab_results/stage7_density_packer_musique_budget160_limit500_qwen3b/musique_local_density_standard_budget160_limit500_per_question.csv
--- musique budget 96 ---
$ /usr/bin/python3 -m experiments.run_density_router --dataset musique_local --musique-path /kaggle/input/datasets/anantonayan/musique-data/data/musique_ans_v1.0_dev.jsonl --limit 500 --ace-retriever standard --embedder sentence-transformers --embedding-model BAAI/bge-small-en-v1.5 --embed-device cuda --compressor truncate --compress-dims 320 --top-k-nodes 48 --max-expanded-docs 5 --reader-backend hf --reader-model Qwen/Qwen2.5-3B-Instruct --reader-device cuda --reader-batch-size 2 --mmr-lambda 0.7 --budget 96 --out-dir /kaggle/working/colab_results/stage7_density_packer_musique_budget96_limit500_qwen3b
musique_local[500]: 9363 docs, 500 questions, 1.97 gold docs/question
[density] retrieving chunk baseline
2026-06-28 14:38:18.523306: E external/local_xla/xla/stream_executor/cuda/cuda_fft.cc:467] Unable to register cuFFT factory: Attempting to register factory for plugin cuFFT when one has already been registered
WARNING: All log messages before absl::InitializeLog() is called are written to STDERR
E0000 00:00:1782657498.546750     379 cuda_dnn.cc:8579] Unable to register cuDNN factory: Attempting to register factory for plugin cuDNN when one has already been registered
E0000 00:00:1782657498.555532     379 cuda_blas.cc:1407] Unable to register cuBLAS factory: Attempting to register factory for plugin cuBLAS when one has already been registered
W0000 00:00:1782657498.575741     379 computation_placer.cc:177] computation placer already registered. Please check linkage and avoid linking the same target more than once.
W0000 00:00:1782657498.575766     379 computation_placer.cc:177] computation placer already registered. Please check linkage and avoid linking the same target more than once.
W0000 00:00:1782657498.575768     379 computation_placer.cc:177] computation placer already registered. Please check linkage and avoid linking the same target more than once.
W0000 00:00:1782657498.575771     379 computation_placer.cc:177] computation placer already registered. Please check linkage and avoid linking the same target more than once.
[chunk] fitting/indexing
[embed] encoding 9363 texts on device=cuda:0

Batches:   0%|          | 0/147 [00:00<?, ?it/s]
Batches:   1%|          | 1/147 [00:00<02:24,  1.01it/s]
Batches:   1%|▏         | 2/147 [00:01<01:53,  1.27it/s]
Batches:   2%|▏         | 3/147 [00:02<01:35,  1.51it/s]
Batches:   3%|▎         | 4/147 [00:02<01:21,  1.74it/s]
Batches:   3%|▎         | 5/147 [00:02<01:11,  1.98it/s]
Batches:   4%|▍         | 6/147 [00:03<01:07,  2.08it/s]
Batches:   5%|▍         | 7/147 [00:03<01:01,  2.26it/s]
Batches:   5%|▌         | 8/147 [00:04<00:57,  2.42it/s]
Batches:   6%|▌         | 9/147 [00:04<00:53,  2.57it/s]
Batches:   7%|▋         | 10/147 [00:04<00:50,  2.70it/s]
Batches:   7%|▋         | 11/147 [00:05<00:48,  2.78it/s]
Batches:   8%|▊         | 12/147 [00:05<00:46,  2.91it/s]
Batches:   9%|▉         | 13/147 [00:05<00:43,  3.06it/s]
Batches:  10%|▉         | 14/147 [00:05<00:41,  3.23it/s]
Batches:  10%|█         | 15/147 [00:06<00:39,  3.32it/s]
Batches:  11%|█         | 16/147 [00:06<00:38,  3.38it/s]
Batches:  12%|█▏        | 17/147 [00:06<00:41,  3.15it/s]
Batches:  12%|█▏        | 18/147 [00:07<00:38,  3.34it/s]
Batches:  13%|█▎        | 19/147 [00:07<00:36,  3.46it/s]
Batches:  14%|█▎        | 20/147 [00:07<00:34,  3.64it/s]
Batches:  14%|█▍        | 21/147 [00:07<00:34,  3.61it/s]
Batches:  15%|█▍        | 22/147 [00:08<00:34,  3.65it/s]
Batches:  16%|█▌        | 23/147 [00:08<00:31,  3.90it/s]
Batches:  16%|█▋        | 24/147 [00:08<00:30,  4.01it/s]
Batches:  17%|█▋        | 25/147 [00:08<00:28,  4.24it/s]
Batches:  18%|█▊        | 26/147 [00:09<00:27,  4.34it/s]
Batches:  18%|█▊        | 27/147 [00:09<00:27,  4.43it/s]
Batches:  19%|█▉        | 28/147 [00:09<00:27,  4.29it/s]
Batches:  20%|█▉        | 29/147 [00:09<00:26,  4.37it/s]
Batches:  20%|██        | 30/147 [00:09<00:25,  4.51it/s]
Batches:  21%|██        | 31/147 [00:10<00:25,  4.53it/s]
Batches:  22%|██▏       | 32/147 [00:10<00:26,  4.41it/s]
Batches:  22%|██▏       | 33/147 [00:10<00:24,  4.65it/s]
Batches:  23%|██▎       | 34/147 [00:10<00:24,  4.53it/s]
Batches:  24%|██▍       | 35/147 [00:11<00:23,  4.74it/s]
Batches:  24%|██▍       | 36/147 [00:11<00:22,  4.91it/s]
Batches:  25%|██▌       | 37/147 [00:11<00:22,  4.90it/s]
Batches:  26%|██▌       | 38/147 [00:11<00:21,  5.07it/s]
Batches:  27%|██▋       | 39/147 [00:11<00:21,  4.95it/s]
Batches:  27%|██▋       | 40/147 [00:12<00:20,  5.10it/s]
Batches:  28%|██▊       | 41/147 [00:12<00:20,  5.06it/s]
Batches:  29%|██▊       | 42/147 [00:12<00:20,  5.16it/s]
Batches:  29%|██▉       | 43/147 [00:12<00:19,  5.28it/s]
Batches:  30%|██▉       | 44/147 [00:12<00:20,  5.13it/s]
Batches:  31%|███       | 45/147 [00:12<00:19,  5.18it/s]
Batches:  31%|███▏      | 46/147 [00:13<00:19,  5.26it/s]
Batches:  32%|███▏      | 47/147 [00:13<00:18,  5.44it/s]
Batches:  33%|███▎      | 48/147 [00:13<00:18,  5.39it/s]
Batches:  33%|███▎      | 49/147 [00:13<00:18,  5.39it/s]
Batches:  34%|███▍      | 50/147 [00:13<00:17,  5.41it/s]
Batches:  35%|███▍      | 51/147 [00:14<00:17,  5.53it/s]
Batches:  35%|███▌      | 52/147 [00:14<00:16,  5.68it/s]
Batches:  36%|███▌      | 53/147 [00:14<00:16,  5.76it/s]
Batches:  37%|███▋      | 54/147 [00:14<00:15,  5.82it/s]
Batches:  37%|███▋      | 55/147 [00:14<00:15,  5.81it/s]
Batches:  38%|███▊      | 56/147 [00:14<00:15,  5.92it/s]
Batches:  39%|███▉      | 57/147 [00:15<00:15,  5.95it/s]
Batches:  39%|███▉      | 58/147 [00:15<00:15,  5.81it/s]
Batches:  40%|████      | 59/147 [00:15<00:15,  5.73it/s]
Batches:  41%|████      | 60/147 [00:15<00:15,  5.67it/s]
Batches:  41%|████▏     | 61/147 [00:15<00:15,  5.71it/s]
Batches:  42%|████▏     | 62/147 [00:15<00:13,  6.17it/s]
Batches:  43%|████▎     | 63/147 [00:16<00:13,  6.45it/s]
Batches:  44%|████▎     | 64/147 [00:16<00:12,  6.55it/s]
Batches:  44%|████▍     | 65/147 [00:16<00:12,  6.77it/s]
Batches:  45%|████▍     | 66/147 [00:16<00:11,  6.95it/s]
Batches:  46%|████▌     | 67/147 [00:16<00:11,  7.10it/s]
Batches:  46%|████▋     | 68/147 [00:16<00:11,  7.03it/s]
Batches:  47%|████▋     | 69/147 [00:16<00:11,  6.93it/s]
Batches:  48%|████▊     | 70/147 [00:17<00:10,  7.05it/s]
Batches:  48%|████▊     | 71/147 [00:17<00:10,  7.20it/s]
Batches:  49%|████▉     | 72/147 [00:17<00:10,  7.30it/s]
Batches:  50%|████▉     | 73/147 [00:17<00:09,  7.61it/s]
Batches:  50%|█████     | 74/147 [00:17<00:10,  6.79it/s]
Batches:  51%|█████     | 75/147 [00:17<00:09,  7.23it/s]
Batches:  52%|█████▏    | 76/147 [00:17<00:09,  7.22it/s]
Batches:  52%|█████▏    | 77/147 [00:17<00:09,  7.47it/s]
Batches:  53%|█████▎    | 78/147 [00:18<00:08,  7.75it/s]
Batches:  54%|█████▎    | 79/147 [00:18<00:08,  7.89it/s]
Batches:  54%|█████▍    | 80/147 [00:18<00:08,  8.00it/s]
Batches:  55%|█████▌    | 81/147 [00:18<00:08,  7.89it/s]
Batches:  56%|█████▌    | 82/147 [00:18<00:08,  7.96it/s]
Batches:  56%|█████▋    | 83/147 [00:18<00:07,  8.06it/s]
Batches:  57%|█████▋    | 84/147 [00:18<00:07,  8.20it/s]
Batches:  58%|█████▊    | 85/147 [00:18<00:07,  8.21it/s]
Batches:  59%|█████▊    | 86/147 [00:19<00:07,  8.22it/s]
Batches:  59%|█████▉    | 87/147 [00:19<00:07,  8.29it/s]
Batches:  60%|█████▉    | 88/147 [00:19<00:07,  8.38it/s]
Batches:  61%|██████    | 89/147 [00:19<00:06,  8.63it/s]
Batches:  61%|██████    | 90/147 [00:19<00:06,  8.56it/s]
Batches:  62%|██████▏   | 91/147 [00:19<00:06,  8.75it/s]
Batches:  63%|██████▎   | 92/147 [00:19<00:06,  8.93it/s]
Batches:  63%|██████▎   | 93/147 [00:19<00:05,  9.13it/s]
Batches:  64%|██████▍   | 94/147 [00:19<00:05,  9.24it/s]
Batches:  65%|██████▍   | 95/147 [00:20<00:05,  9.15it/s]
Batches:  65%|██████▌   | 96/147 [00:20<00:05,  9.28it/s]
Batches:  66%|██████▌   | 97/147 [00:20<00:05,  8.87it/s]
Batches:  67%|██████▋   | 98/147 [00:20<00:05,  9.08it/s]
Batches:  68%|██████▊   | 100/147 [00:20<00:05,  9.24it/s]
Batches:  69%|██████▊   | 101/147 [00:20<00:04,  9.27it/s]
Batches:  70%|███████   | 103/147 [00:20<00:04,  9.92it/s]
Batches:  71%|███████   | 104/147 [00:21<00:04,  9.80it/s]
Batches:  72%|███████▏  | 106/147 [00:21<00:04,  9.73it/s]
Batches:  73%|███████▎  | 108/147 [00:21<00:03,  9.98it/s]
Batches:  75%|███████▍  | 110/147 [00:21<00:03, 10.38it/s]
Batches:  76%|███████▌  | 112/147 [00:21<00:03, 10.64it/s]
Batches:  78%|███████▊  | 114/147 [00:21<00:03, 10.90it/s]
Batches:  79%|███████▉  | 116/147 [00:22<00:02, 11.11it/s]
Batches:  80%|████████  | 118/147 [00:22<00:02, 11.20it/s]
Batches:  82%|████████▏ | 120/147 [00:22<00:02, 11.04it/s]
Batches:  83%|████████▎ | 122/147 [00:22<00:02, 11.46it/s]
Batches:  84%|████████▍ | 124/147 [00:22<00:01, 11.77it/s]
Batches:  86%|████████▌ | 126/147 [00:22<00:01, 12.44it/s]
Batches:  87%|████████▋ | 128/147 [00:23<00:01, 12.32it/s]
Batches:  88%|████████▊ | 130/147 [00:23<00:01, 12.31it/s]
Batches:  90%|████████▉ | 132/147 [00:23<00:01, 12.94it/s]
Batches:  91%|█████████ | 134/147 [00:23<00:00, 13.84it/s]
Batches:  93%|█████████▎| 136/147 [00:23<00:00, 14.87it/s]
Batches:  94%|█████████▍| 138/147 [00:23<00:00, 15.48it/s]
Batches:  95%|█████████▌| 140/147 [00:23<00:00, 16.28it/s]
Batches:  97%|█████████▋| 142/147 [00:23<00:00, 16.58it/s]
Batches:  99%|█████████▊| 145/147 [00:24<00:00, 18.54it/s]
Batches: 100%|██████████| 147/147 [00:24<00:00,  6.08it/s]
[chunk] retrieving
[embed] encoding 500 texts on device=cuda:0

Batches:   0%|          | 0/8 [00:00<?, ?it/s]
Batches:  50%|█████     | 4/8 [00:00<00:00, 32.14it/s]
Batches: 100%|██████████| 8/8 [00:00<00:00, 36.80it/s]
[density] retrieving ACE graph
[ace] building evidence graph
[ace] graph built: nodes=70480 edges=121719
[ace] fitting/indexing embeddings
[embed] encoding 61117 texts on device=cuda:0

Batches:   0%|          | 0/955 [00:00<?, ?it/s]
Batches:   0%|          | 1/955 [00:00<11:09,  1.43it/s]
Batches:   0%|          | 2/955 [00:00<06:52,  2.31it/s]
Batches:   0%|          | 3/955 [00:01<05:03,  3.14it/s]
Batches:   0%|          | 4/955 [00:01<04:08,  3.82it/s]
Batches:   1%|          | 5/955 [00:01<03:29,  4.54it/s]
Batches:   1%|          | 6/955 [00:01<03:01,  5.23it/s]
Batches:   1%|          | 7/955 [00:01<02:43,  5.79it/s]
Batches:   1%|          | 8/955 [00:01<02:31,  6.27it/s]
Batches:   1%|          | 9/955 [00:01<02:18,  6.84it/s]
Batches:   1%|          | 10/955 [00:02<02:10,  7.26it/s]
Batches:   1%|          | 11/955 [00:02<02:09,  7.28it/s]
Batches:   1%|▏         | 12/955 [00:02<02:02,  7.69it/s]
Batches:   1%|▏         | 13/955 [00:02<01:56,  8.07it/s]
Batches:   1%|▏         | 14/955 [00:02<01:53,  8.30it/s]
Batches:   2%|▏         | 15/955 [00:02<01:49,  8.55it/s]
Batches:   2%|▏         | 16/955 [00:02<01:49,  8.57it/s]
Batches:   2%|▏         | 17/955 [00:02<01:50,  8.47it/s]
Batches:   2%|▏         | 18/955 [00:03<01:46,  8.78it/s]
Batches:   2%|▏         | 19/955 [00:03<01:43,  9.05it/s]
Batches:   2%|▏         | 21/955 [00:03<01:34,  9.87it/s]
Batches:   2%|▏         | 23/955 [00:03<01:30, 10.29it/s]
Batches:   3%|▎         | 25/955 [00:03<01:32, 10.03it/s]
Batches:   3%|▎         | 27/955 [00:03<01:29, 10.38it/s]
Batches:   3%|▎         | 29/955 [00:04<01:26, 10.67it/s]
Batches:   3%|▎         | 31/955 [00:04<01:27, 10.54it/s]
Batches:   3%|▎         | 33/955 [00:04<01:26, 10.68it/s]
Batches:   4%|▎         | 35/955 [00:04<01:25, 10.76it/s]
Batches:   4%|▍         | 37/955 [00:04<01:23, 10.96it/s]
Batches:   4%|▍         | 39/955 [00:04<01:23, 11.02it/s]
Batches:   4%|▍         | 41/955 [00:05<01:22, 11.15it/s]
Batches:   5%|▍         | 43/955 [00:05<01:16, 11.94it/s]
Batches:   5%|▍         | 45/955 [00:05<01:20, 11.36it/s]
Batches:   5%|▍         | 47/955 [00:05<01:18, 11.52it/s]
Batches:   5%|▌         | 49/955 [00:05<01:18, 11.55it/s]
Batches:   5%|▌         | 51/955 [00:05<01:19, 11.37it/s]
Batches:   6%|▌         | 53/955 [00:06<01:19, 11.40it/s]
Batches:   6%|▌         | 55/955 [00:06<01:15, 11.89it/s]
Batches:   6%|▌         | 57/955 [00:06<01:17, 11.64it/s]
Batches:   6%|▌         | 59/955 [00:06<01:13, 12.23it/s]
Batches:   6%|▋         | 61/955 [00:06<01:10, 12.66it/s]
Batches:   7%|▋         | 63/955 [00:06<01:08, 13.05it/s]
Batches:   7%|▋         | 65/955 [00:07<01:06, 13.33it/s]
Batches:   7%|▋         | 67/955 [00:07<01:06, 13.43it/s]
Batches:   7%|▋         | 69/955 [00:07<01:08, 13.03it/s]
Batches:   7%|▋         | 71/955 [00:07<01:08, 12.84it/s]
Batches:   8%|▊         | 73/955 [00:07<01:06, 13.35it/s]
Batches:   8%|▊         | 75/955 [00:07<01:04, 13.66it/s]
Batches:   8%|▊         | 77/955 [00:07<01:02, 13.99it/s]
Batches:   8%|▊         | 79/955 [00:08<01:02, 13.99it/s]
Batches:   8%|▊         | 81/955 [00:08<01:03, 13.84it/s]
Batches:   9%|▊         | 83/955 [00:08<01:04, 13.50it/s]
Batches:   9%|▉         | 85/955 [00:08<01:02, 13.91it/s]
Batches:   9%|▉         | 87/955 [00:08<01:06, 13.05it/s]
Batches:   9%|▉         | 89/955 [00:08<01:03, 13.56it/s]
Batches:  10%|▉         | 91/955 [00:08<01:02, 13.87it/s]
Batches:  10%|▉         | 93/955 [00:09<00:59, 14.38it/s]
Batches:  10%|▉         | 95/955 [00:09<00:56, 15.18it/s]
Batches:  10%|█         | 97/955 [00:09<00:54, 15.62it/s]
Batches:  10%|█         | 99/955 [00:09<00:59, 14.36it/s]
Batches:  11%|█         | 101/955 [00:09<01:03, 13.54it/s]
Batches:  11%|█         | 103/955 [00:09<00:59, 14.25it/s]
Batches:  11%|█         | 105/955 [00:09<00:58, 14.61it/s]
Batches:  11%|█         | 107/955 [00:10<00:57, 14.87it/s]
Batches:  11%|█▏        | 109/955 [00:10<00:57, 14.76it/s]
Batches:  12%|█▏        | 111/955 [00:10<00:54, 15.38it/s]
Batches:  12%|█▏        | 113/955 [00:10<00:54, 15.41it/s]
Batches:  12%|█▏        | 115/955 [00:10<01:00, 13.96it/s]
Batches:  12%|█▏        | 117/955 [00:10<00:56, 14.84it/s]
Batches:  12%|█▏        | 119/955 [00:10<00:56, 14.91it/s]
Batches:  13%|█▎        | 121/955 [00:10<00:56, 14.87it/s]
Batches:  13%|█▎        | 123/955 [00:11<00:53, 15.66it/s]
Batches:  13%|█▎        | 125/955 [00:11<00:52, 15.71it/s]
Batches:  13%|█▎        | 127/955 [00:11<00:50, 16.36it/s]
Batches:  14%|█▎        | 129/955 [00:11<00:49, 16.70it/s]
Batches:  14%|█▎        | 131/955 [00:11<00:48, 16.86it/s]
Batches:  14%|█▍        | 133/955 [00:11<00:48, 16.99it/s]
Batches:  14%|█▍        | 135/955 [00:11<00:47, 17.20it/s]
Batches:  14%|█▍        | 137/955 [00:11<00:46, 17.66it/s]
Batches:  15%|█▍        | 139/955 [00:12<00:46, 17.70it/s]
Batches:  15%|█▍        | 141/955 [00:12<00:46, 17.52it/s]
Batches:  15%|█▍        | 143/955 [00:12<00:48, 16.86it/s]
Batches:  15%|█▌        | 145/955 [00:12<00:48, 16.55it/s]
Batches:  15%|█▌        | 147/955 [00:12<00:47, 16.84it/s]
Batches:  16%|█▌        | 149/955 [00:12<00:47, 16.92it/s]
Batches:  16%|█▌        | 151/955 [00:12<00:46, 17.23it/s]
Batches:  16%|█▌        | 153/955 [00:12<00:45, 17.45it/s]
Batches:  16%|█▌        | 155/955 [00:12<00:46, 17.38it/s]
Batches:  16%|█▋        | 157/955 [00:13<00:45, 17.51it/s]
Batches:  17%|█▋        | 159/955 [00:13<00:45, 17.61it/s]
Batches:  17%|█▋        | 161/955 [00:13<00:46, 17.07it/s]
Batches:  17%|█▋        | 163/955 [00:13<00:46, 16.91it/s]
Batches:  17%|█▋        | 165/955 [00:13<00:46, 17.01it/s]
Batches:  17%|█▋        | 167/955 [00:13<00:45, 17.23it/s]
Batches:  18%|█▊        | 169/955 [00:13<00:45, 17.11it/s]
Batches:  18%|█▊        | 171/955 [00:13<00:44, 17.53it/s]
Batches:  18%|█▊        | 173/955 [00:13<00:43, 17.79it/s]
Batches:  18%|█▊        | 175/955 [00:14<00:42, 18.22it/s]
Batches:  19%|█▊        | 177/955 [00:14<00:42, 18.19it/s]
Batches:  19%|█▊        | 179/955 [00:14<00:42, 18.08it/s]
Batches:  19%|█▉        | 181/955 [00:14<00:42, 18.26it/s]
Batches:  19%|█▉        | 183/955 [00:14<00:42, 18.02it/s]
Batches:  19%|█▉        | 185/955 [00:14<00:42, 17.93it/s]
Batches:  20%|█▉        | 187/955 [00:14<00:42, 18.28it/s]
Batches:  20%|█▉        | 190/955 [00:14<00:39, 19.38it/s]
Batches:  20%|██        | 192/955 [00:15<00:39, 19.08it/s]
Batches:  20%|██        | 194/955 [00:15<00:39, 19.22it/s]
Batches:  21%|██        | 196/955 [00:15<00:39, 19.27it/s]
Batches:  21%|██        | 198/955 [00:15<00:40, 18.78it/s]
Batches:  21%|██        | 201/955 [00:15<00:38, 19.52it/s]
Batches:  21%|██▏       | 203/955 [00:15<00:38, 19.59it/s]
Batches:  21%|██▏       | 205/955 [00:15<00:38, 19.54it/s]
Batches:  22%|██▏       | 208/955 [00:15<00:37, 19.67it/s]
Batches:  22%|██▏       | 210/955 [00:15<00:38, 19.41it/s]
Batches:  22%|██▏       | 213/955 [00:16<00:38, 19.52it/s]
Batches:  23%|██▎       | 215/955 [00:16<00:38, 19.10it/s]
Batches:  23%|██▎       | 217/955 [00:16<00:39, 18.91it/s]
Batches:  23%|██▎       | 219/955 [00:16<00:38, 19.11it/s]
Batches:  23%|██▎       | 222/955 [00:16<00:36, 19.92it/s]
Batches:  23%|██▎       | 224/955 [00:16<00:37, 19.59it/s]
Batches:  24%|██▍       | 227/955 [00:16<00:36, 19.94it/s]
Batches:  24%|██▍       | 230/955 [00:16<00:36, 20.02it/s]
Batches:  24%|██▍       | 233/955 [00:17<00:35, 20.62it/s]
Batches:  25%|██▍       | 236/955 [00:17<00:35, 20.05it/s]
Batches:  25%|██▌       | 239/955 [00:17<00:35, 20.03it/s]
Batches:  25%|██▌       | 242/955 [00:17<00:36, 19.34it/s]
Batches:  26%|██▌       | 244/955 [00:17<00:37, 19.11it/s]
Batches:  26%|██▌       | 246/955 [00:17<00:36, 19.25it/s]
Batches:  26%|██▌       | 249/955 [00:17<00:34, 20.39it/s]
Batches:  26%|██▋       | 252/955 [00:18<00:33, 21.28it/s]
Batches:  27%|██▋       | 255/955 [00:18<00:32, 21.38it/s]
Batches:  27%|██▋       | 258/955 [00:18<00:32, 21.24it/s]
Batches:  27%|██▋       | 261/955 [00:18<00:32, 21.49it/s]
Batches:  28%|██▊       | 264/955 [00:18<00:31, 21.77it/s]
Batches:  28%|██▊       | 267/955 [00:18<00:31, 21.91it/s]
Batches:  28%|██▊       | 270/955 [00:18<00:31, 22.07it/s]
Batches:  29%|██▊       | 273/955 [00:18<00:30, 22.17it/s]
Batches:  29%|██▉       | 276/955 [00:19<00:30, 22.46it/s]
Batches:  29%|██▉       | 279/955 [00:19<00:30, 22.21it/s]
Batches:  30%|██▉       | 282/955 [00:19<00:29, 22.59it/s]
Batches:  30%|██▉       | 285/955 [00:19<00:28, 23.15it/s]
Batches:  30%|███       | 288/955 [00:19<00:29, 22.84it/s]
Batches:  30%|███       | 291/955 [00:19<00:28, 22.99it/s]
Batches:  31%|███       | 294/955 [00:19<00:29, 22.75it/s]
Batches:  31%|███       | 297/955 [00:20<00:28, 22.97it/s]
Batches:  31%|███▏      | 300/955 [00:20<00:28, 23.39it/s]
Batches:  32%|███▏      | 303/955 [00:20<00:27, 23.44it/s]
Batches:  32%|███▏      | 306/955 [00:20<00:28, 23.11it/s]
Batches:  32%|███▏      | 309/955 [00:20<00:27, 23.37it/s]
Batches:  33%|███▎      | 312/955 [00:20<00:27, 23.11it/s]
Batches:  33%|███▎      | 315/955 [00:20<00:27, 23.37it/s]
Batches:  33%|███▎      | 318/955 [00:20<00:27, 22.87it/s]
Batches:  34%|███▎      | 321/955 [00:21<00:27, 23.15it/s]
Batches:  34%|███▍      | 324/955 [00:21<00:26, 23.40it/s]
Batches:  34%|███▍      | 327/955 [00:21<00:26, 23.82it/s]
Batches:  35%|███▍      | 330/955 [00:21<00:26, 24.03it/s]
Batches:  35%|███▍      | 333/955 [00:21<00:25, 24.25it/s]
Batches:  35%|███▌      | 336/955 [00:21<00:26, 23.56it/s]
Batches:  35%|███▌      | 339/955 [00:21<00:25, 24.00it/s]
Batches:  36%|███▌      | 342/955 [00:21<00:25, 23.91it/s]
Batches:  36%|███▌      | 345/955 [00:22<00:25, 24.35it/s]
Batches:  36%|███▋      | 348/955 [00:22<00:25, 24.27it/s]
Batches:  37%|███▋      | 351/955 [00:22<00:24, 24.41it/s]
Batches:  37%|███▋      | 354/955 [00:22<00:24, 24.22it/s]
Batches:  37%|███▋      | 357/955 [00:22<00:24, 24.75it/s]
Batches:  38%|███▊      | 360/955 [00:22<00:24, 24.70it/s]
Batches:  38%|███▊      | 363/955 [00:22<00:23, 24.93it/s]
Batches:  38%|███▊      | 366/955 [00:22<00:23, 24.91it/s]
Batches:  39%|███▊      | 369/955 [00:23<00:23, 24.73it/s]
Batches:  39%|███▉      | 372/955 [00:23<00:23, 24.58it/s]
Batches:  39%|███▉      | 375/955 [00:23<00:23, 24.83it/s]
Batches:  40%|███▉      | 378/955 [00:23<00:23, 25.01it/s]
Batches:  40%|███▉      | 381/955 [00:23<00:22, 25.72it/s]
Batches:  40%|████      | 384/955 [00:23<00:22, 25.56it/s]
Batches:  41%|████      | 387/955 [00:23<00:21, 26.02it/s]
Batches:  41%|████      | 391/955 [00:23<00:20, 27.44it/s]
Batches:  41%|████▏     | 394/955 [00:23<00:19, 28.08it/s]
Batches:  42%|████▏     | 397/955 [00:24<00:19, 28.03it/s]
Batches:  42%|████▏     | 400/955 [00:24<00:20, 27.38it/s]
Batches:  42%|████▏     | 404/955 [00:24<00:19, 28.37it/s]
Batches:  43%|████▎     | 408/955 [00:24<00:18, 29.12it/s]
Batches:  43%|████▎     | 411/955 [00:24<00:18, 28.90it/s]
Batches:  43%|████▎     | 415/955 [00:24<00:18, 29.36it/s]
Batches:  44%|████▍     | 419/955 [00:24<00:17, 30.38it/s]
Batches:  44%|████▍     | 423/955 [00:24<00:17, 31.20it/s]
Batches:  45%|████▍     | 427/955 [00:25<00:16, 31.83it/s]
Batches:  45%|████▌     | 431/955 [00:25<00:16, 32.10it/s]
Batches:  46%|████▌     | 435/955 [00:25<00:15, 32.70it/s]
Batches:  46%|████▌     | 439/955 [00:25<00:15, 33.63it/s]
Batches:  46%|████▋     | 443/955 [00:25<00:15, 33.51it/s]
Batches:  47%|████▋     | 447/955 [00:25<00:15, 33.55it/s]
Batches:  47%|████▋     | 451/955 [00:25<00:14, 33.87it/s]
Batches:  48%|████▊     | 455/955 [00:25<00:15, 33.05it/s]
Batches:  48%|████▊     | 459/955 [00:25<00:14, 34.21it/s]
Batches:  48%|████▊     | 463/955 [00:26<00:14, 34.54it/s]
Batches:  49%|████▉     | 467/955 [00:26<00:13, 35.82it/s]
Batches:  49%|████▉     | 472/955 [00:26<00:12, 37.70it/s]
Batches:  50%|████▉     | 477/955 [00:26<00:12, 38.67it/s]
Batches:  50%|█████     | 482/955 [00:26<00:11, 40.21it/s]
Batches:  51%|█████     | 487/955 [00:26<00:11, 41.87it/s]
Batches:  52%|█████▏    | 492/955 [00:26<00:10, 42.86it/s]
Batches:  52%|█████▏    | 497/955 [00:26<00:10, 43.82it/s]
Batches:  53%|█████▎    | 502/955 [00:26<00:09, 45.36it/s]
Batches:  53%|█████▎    | 508/955 [00:27<00:09, 46.99it/s]
Batches:  54%|█████▍    | 514/955 [00:27<00:09, 48.72it/s]
Batches:  54%|█████▍    | 520/955 [00:27<00:08, 51.42it/s]
Batches:  55%|█████▌    | 526/955 [00:27<00:07, 53.71it/s]
Batches:  56%|█████▌    | 532/955 [00:27<00:07, 54.25it/s]
Batches:  56%|█████▋    | 538/955 [00:27<00:07, 55.27it/s]
Batches:  57%|█████▋    | 545/955 [00:27<00:07, 58.13it/s]
Batches:  58%|█████▊    | 552/955 [00:27<00:06, 59.36it/s]
Batches:  59%|█████▊    | 559/955 [00:27<00:06, 61.56it/s]
Batches:  59%|█████▉    | 566/955 [00:28<00:06, 62.70it/s]
Batches:  60%|██████    | 574/955 [00:28<00:05, 64.70it/s]
Batches:  61%|██████    | 582/955 [00:28<00:05, 66.35it/s]
Batches:  62%|██████▏   | 590/955 [00:28<00:05, 68.09it/s]
Batches:  63%|██████▎   | 598/955 [00:28<00:05, 69.02it/s]
Batches:  63%|██████▎   | 606/955 [00:28<00:04, 69.84it/s]
Batches:  64%|██████▍   | 613/955 [00:28<00:04, 69.83it/s]
Batches:  65%|██████▌   | 621/955 [00:28<00:04, 70.32it/s]
Batches:  66%|██████▌   | 629/955 [00:28<00:04, 71.91it/s]
Batches:  67%|██████▋   | 637/955 [00:29<00:04, 72.79it/s]
Batches:  68%|██████▊   | 645/955 [00:29<00:04, 73.91it/s]
Batches:  68%|██████▊   | 653/955 [00:29<00:04, 73.02it/s]
Batches:  69%|██████▉   | 661/955 [00:29<00:03, 73.99it/s]
Batches:  70%|███████   | 669/955 [00:29<00:03, 74.56it/s]
Batches:  71%|███████   | 677/955 [00:29<00:03, 72.17it/s]
Batches:  72%|███████▏  | 685/955 [00:29<00:03, 73.74it/s]
Batches:  73%|███████▎  | 694/955 [00:29<00:03, 75.72it/s]
Batches:  74%|███████▎  | 703/955 [00:29<00:03, 77.32it/s]
Batches:  75%|███████▍  | 712/955 [00:30<00:03, 78.25it/s]
Batches:  75%|███████▌  | 721/955 [00:30<00:02, 79.23it/s]
Batches:  76%|███████▋  | 730/955 [00:30<00:02, 79.85it/s]
Batches:  77%|███████▋  | 739/955 [00:30<00:02, 81.01it/s]
Batches:  78%|███████▊  | 748/955 [00:30<00:02, 80.77it/s]
Batches:  79%|███████▉  | 757/955 [00:30<00:02, 81.62it/s]
Batches:  80%|████████  | 766/955 [00:30<00:02, 82.12it/s]
Batches:  81%|████████  | 775/955 [00:30<00:02, 82.65it/s]
Batches:  82%|████████▏ | 784/955 [00:31<00:05, 32.40it/s]
Batches:  83%|████████▎ | 793/955 [00:31<00:04, 39.91it/s]
Batches:  84%|████████▍ | 802/955 [00:31<00:03, 47.50it/s]
Batches:  85%|████████▍ | 811/955 [00:31<00:02, 55.02it/s]
Batches:  86%|████████▌ | 820/955 [00:31<00:02, 61.05it/s]
Batches:  87%|████████▋ | 829/955 [00:31<00:01, 66.65it/s]
Batches:  88%|████████▊ | 838/955 [00:32<00:01, 71.76it/s]
Batches:  89%|████████▊ | 847/955 [00:32<00:01, 75.61it/s]
Batches:  90%|████████▉ | 857/955 [00:32<00:01, 80.74it/s]
Batches:  91%|█████████ | 867/955 [00:32<00:01, 83.70it/s]
Batches:  92%|█████████▏| 877/955 [00:32<00:00, 86.10it/s]
Batches:  93%|█████████▎| 887/955 [00:32<00:00, 88.29it/s]
Batches:  94%|█████████▍| 897/955 [00:32<00:00, 89.09it/s]
Batches:  95%|█████████▍| 907/955 [00:32<00:00, 89.24it/s]
Batches:  96%|█████████▌| 917/955 [00:32<00:00, 89.06it/s]
Batches:  97%|█████████▋| 927/955 [00:33<00:00, 89.69it/s]
Batches:  98%|█████████▊| 937/955 [00:33<00:00, 90.93it/s]
Batches:  99%|█████████▉| 947/955 [00:33<00:00, 92.12it/s]
Batches: 100%|██████████| 955/955 [00:33<00:00, 28.62it/s]
[ace] retrieving
[embed] encoding 500 texts on device=cuda:0

Batches:   0%|          | 0/8 [00:00<?, ?it/s]
Batches:  50%|█████     | 4/8 [00:00<00:00, 30.64it/s]
Batches: 100%|██████████| 8/8 [00:00<00:00, 35.09it/s]
[density] loading reader once
`torch_dtype` is deprecated! Use `dtype` instead!

Loading checkpoint shards:   0%|          | 0/2 [00:00<?, ?it/s]
Loading checkpoint shards:  50%|█████     | 1/2 [00:02<00:02,  2.66s/it]
Loading checkpoint shards: 100%|██████████| 2/2 [00:04<00:00,  1.97s/it]
Loading checkpoint shards: 100%|██████████| 2/2 [00:04<00:00,  2.08s/it]
[reader] loaded Qwen/Qwen2.5-3B-Instruct on cuda:0
[density] materializing policy=chunk_packed_96
[density] generating policy=chunk_packed_96
The following generation flags are not valid and may be ignored: ['temperature', 'top_p', 'top_k']. Set `TRANSFORMERS_VERBOSITY=info` for more details.
[reader] generated 2/500
[reader] generated 4/500
[reader] generated 6/500
[reader] generated 8/500
[reader] generated 10/500
[reader] generated 12/500
[reader] generated 14/500
[reader] generated 16/500
[reader] generated 18/500
[reader] generated 20/500
[reader] generated 22/500
[reader] generated 24/500
[reader] generated 26/500
[reader] generated 28/500
[reader] generated 30/500
[reader] generated 32/500
[reader] generated 34/500
[reader] generated 36/500
[reader] generated 38/500
[reader] generated 40/500
[reader] generated 42/500
[reader] generated 44/500
[reader] generated 46/500
[reader] generated 48/500
[reader] generated 50/500
[reader] generated 52/500
[reader] generated 54/500
[reader] generated 56/500
[reader] generated 58/500
[reader] generated 60/500
[reader] generated 62/500
[reader] generated 64/500
[reader] generated 66/500
[reader] generated 68/500
[reader] generated 70/500
[reader] generated 72/500
[reader] generated 74/500
[reader] generated 76/500
[reader] generated 78/500
[reader] generated 80/500
[reader] generated 82/500
[reader] generated 84/500
[reader] generated 86/500
[reader] generated 88/500
[reader] generated 90/500
[reader] generated 92/500
[reader] generated 94/500
[reader] generated 96/500
[reader] generated 98/500
[reader] generated 100/500
[reader] generated 102/500
[reader] generated 104/500
[reader] generated 106/500
[reader] generated 108/500
[reader] generated 110/500
[reader] generated 112/500
[reader] generated 114/500
[reader] generated 116/500
[reader] generated 118/500
[reader] generated 120/500
[reader] generated 122/500
[reader] generated 124/500
[reader] generated 126/500
[reader] generated 128/500
[reader] generated 130/500
[reader] generated 132/500
[reader] generated 134/500
[reader] generated 136/500
[reader] generated 138/500
[reader] generated 140/500
[reader] generated 142/500
[reader] generated 144/500
[reader] generated 146/500
[reader] generated 148/500
[reader] generated 150/500
[reader] generated 152/500
[reader] generated 154/500
[reader] generated 156/500
[reader] generated 158/500
[reader] generated 160/500
[reader] generated 162/500
[reader] generated 164/500
[reader] generated 166/500
[reader] generated 168/500
[reader] generated 170/500
[reader] generated 172/500
[reader] generated 174/500
[reader] generated 176/500
[reader] generated 178/500
[reader] generated 180/500
[reader] generated 182/500
[reader] generated 184/500
[reader] generated 186/500
[reader] generated 188/500
[reader] generated 190/500
[reader] generated 192/500
[reader] generated 194/500
[reader] generated 196/500
[reader] generated 198/500
[reader] generated 200/500
[reader] generated 202/500
[reader] generated 204/500
[reader] generated 206/500
[reader] generated 208/500
[reader] generated 210/500
[reader] generated 212/500
[reader] generated 214/500
[reader] generated 216/500
[reader] generated 218/500
[reader] generated 220/500
[reader] generated 222/500
[reader] generated 224/500
[reader] generated 226/500
[reader] generated 228/500
[reader] generated 230/500
[reader] generated 232/500
[reader] generated 234/500
[reader] generated 236/500
[reader] generated 238/500
[reader] generated 240/500
[reader] generated 242/500
[reader] generated 244/500
[reader] generated 246/500
[reader] generated 248/500
[reader] generated 250/500
[reader] generated 252/500
[reader] generated 254/500
[reader] generated 256/500
[reader] generated 258/500
[reader] generated 260/500
[reader] generated 262/500
[reader] generated 264/500
[reader] generated 266/500
[reader] generated 268/500
[reader] generated 270/500
[reader] generated 272/500
[reader] generated 274/500
[reader] generated 276/500
[reader] generated 278/500
[reader] generated 280/500
[reader] generated 282/500
[reader] generated 284/500
[reader] generated 286/500
[reader] generated 288/500
[reader] generated 290/500
[reader] generated 292/500
[reader] generated 294/500
[reader] generated 296/500
[reader] generated 298/500
[reader] generated 300/500
[reader] generated 302/500
[reader] generated 304/500
[reader] generated 306/500
[reader] generated 308/500
[reader] generated 310/500
[reader] generated 312/500
[reader] generated 314/500
[reader] generated 316/500
[reader] generated 318/500
[reader] generated 320/500
[reader] generated 322/500
[reader] generated 324/500
[reader] generated 326/500
[reader] generated 328/500
[reader] generated 330/500
[reader] generated 332/500
[reader] generated 334/500
[reader] generated 336/500
[reader] generated 338/500
[reader] generated 340/500
[reader] generated 342/500
[reader] generated 344/500
[reader] generated 346/500
[reader] generated 348/500
[reader] generated 350/500
[reader] generated 352/500
[reader] generated 354/500
[reader] generated 356/500
[reader] generated 358/500
[reader] generated 360/500
[reader] generated 362/500
[reader] generated 364/500
[reader] generated 366/500
[reader] generated 368/500
[reader] generated 370/500
[reader] generated 372/500
[reader] generated 374/500
[reader] generated 376/500
[reader] generated 378/500
[reader] generated 380/500
[reader] generated 382/500
[reader] generated 384/500
[reader] generated 386/500
[reader] generated 388/500
[reader] generated 390/500
[reader] generated 392/500
[reader] generated 394/500
[reader] generated 396/500
[reader] generated 398/500
[reader] generated 400/500
[reader] generated 402/500
[reader] generated 404/500
[reader] generated 406/500
[reader] generated 408/500
[reader] generated 410/500
[reader] generated 412/500
[reader] generated 414/500
[reader] generated 416/500
[reader] generated 418/500
[reader] generated 420/500
[reader] generated 422/500
[reader] generated 424/500
[reader] generated 426/500
[reader] generated 428/500
[reader] generated 430/500
[reader] generated 432/500
[reader] generated 434/500
[reader] generated 436/500
[reader] generated 438/500
[reader] generated 440/500
[reader] generated 442/500
[reader] generated 444/500
[reader] generated 446/500
[reader] generated 448/500
[reader] generated 450/500
[reader] generated 452/500
[reader] generated 454/500
[reader] generated 456/500
[reader] generated 458/500
[reader] generated 460/500
[reader] generated 462/500
[reader] generated 464/500
[reader] generated 466/500
[reader] generated 468/500
[reader] generated 470/500
[reader] generated 472/500
[reader] generated 474/500
[reader] generated 476/500
[reader] generated 478/500
[reader] generated 480/500
[reader] generated 482/500
[reader] generated 484/500
[reader] generated 486/500
[reader] generated 488/500
[reader] generated 490/500
[reader] generated 492/500
[reader] generated 494/500
[reader] generated 496/500
[reader] generated 498/500
[reader] generated 500/500
[density] policy=chunk_packed_96, router_type=fixed, representation=chunk, packer=packed, reader_model=Qwen/Qwen2.5-3B-Instruct, packed_token_budget=96, recall@1=0.294, all_gold@1=0.008, recall@2=0.36, all_gold@2=0.04, recall@5=0.506, all_gold@5=0.184, qwen_em=0.062, qwen_f1=0.0999, avg_reader_evidence_tokens=84.39, mean_ans_in_context=0.158, mean_gold_token_density=0.2635, mean_gold_doc_reader_cov=0.276, mean_all_gold_reader=0.042, mean_distractor_docs=1.474, mean_context_tokens=84.386, mean_n_snippets=2.078
[density] materializing policy=chunk_focused_96
[density] generating policy=chunk_focused_96
[reader] generated 2/500
[reader] generated 4/500
[reader] generated 6/500
[reader] generated 8/500
[reader] generated 10/500
[reader] generated 12/500
[reader] generated 14/500
[reader] generated 16/500
[reader] generated 18/500
[reader] generated 20/500
[reader] generated 22/500
[reader] generated 24/500
[reader] generated 26/500
[reader] generated 28/500
[reader] generated 30/500
[reader] generated 32/500
[reader] generated 34/500
[reader] generated 36/500
[reader] generated 38/500
[reader] generated 40/500
[reader] generated 42/500
[reader] generated 44/500
[reader] generated 46/500
[reader] generated 48/500
[reader] generated 50/500
[reader] generated 52/500
[reader] generated 54/500
[reader] generated 56/500
[reader] generated 58/500
[reader] generated 60/500
[reader] generated 62/500
[reader] generated 64/500
[reader] generated 66/500
[reader] generated 68/500
[reader] generated 70/500
[reader] generated 72/500
[reader] generated 74/500
[reader] generated 76/500
[reader] generated 78/500
[reader] generated 80/500
[reader] generated 82/500
[reader] generated 84/500
[reader] generated 86/500
[reader] generated 88/500
[reader] generated 90/500
[reader] generated 92/500
[reader] generated 94/500
[reader] generated 96/500
[reader] generated 98/500
[reader] generated 100/500
[reader] generated 102/500
[reader] generated 104/500
[reader] generated 106/500
[reader] generated 108/500
[reader] generated 110/500
[reader] generated 112/500
[reader] generated 114/500
[reader] generated 116/500
[reader] generated 118/500
[reader] generated 120/500
[reader] generated 122/500
[reader] generated 124/500
[reader] generated 126/500
[reader] generated 128/500
[reader] generated 130/500
[reader] generated 132/500
[reader] generated 134/500
[reader] generated 136/500
[reader] generated 138/500
[reader] generated 140/500
[reader] generated 142/500
[reader] generated 144/500
[reader] generated 146/500
[reader] generated 148/500
[reader] generated 150/500
[reader] generated 152/500
[reader] generated 154/500
[reader] generated 156/500
[reader] generated 158/500
[reader] generated 160/500
[reader] generated 162/500
[reader] generated 164/500
[reader] generated 166/500
[reader] generated 168/500
[reader] generated 170/500
[reader] generated 172/500
[reader] generated 174/500
[reader] generated 176/500
[reader] generated 178/500
[reader] generated 180/500
[reader] generated 182/500
[reader] generated 184/500
[reader] generated 186/500
[reader] generated 188/500
[reader] generated 190/500
[reader] generated 192/500
[reader] generated 194/500
[reader] generated 196/500
[reader] generated 198/500
[reader] generated 200/500
[reader] generated 202/500
[reader] generated 204/500
[reader] generated 206/500
[reader] generated 208/500
[reader] generated 210/500
[reader] generated 212/500
[reader] generated 214/500
[reader] generated 216/500
[reader] generated 218/500
[reader] generated 220/500
[reader] generated 222/500
[reader] generated 224/500
[reader] generated 226/500
[reader] generated 228/500
[reader] generated 230/500
[reader] generated 232/500
[reader] generated 234/500
[reader] generated 236/500
[reader] generated 238/500
[reader] generated 240/500
[reader] generated 242/500
[reader] generated 244/500
[reader] generated 246/500
[reader] generated 248/500
[reader] generated 250/500
[reader] generated 252/500
[reader] generated 254/500
[reader] generated 256/500
[reader] generated 258/500
[reader] generated 260/500
[reader] generated 262/500
[reader] generated 264/500
[reader] generated 266/500
[reader] generated 268/500
[reader] generated 270/500
[reader] generated 272/500
[reader] generated 274/500
[reader] generated 276/500
[reader] generated 278/500
[reader] generated 280/500
[reader] generated 282/500
[reader] generated 284/500
[reader] generated 286/500
[reader] generated 288/500
[reader] generated 290/500
[reader] generated 292/500
[reader] generated 294/500
[reader] generated 296/500
[reader] generated 298/500
[reader] generated 300/500
[reader] generated 302/500
[reader] generated 304/500
[reader] generated 306/500
[reader] generated 308/500
[reader] generated 310/500
[reader] generated 312/500
[reader] generated 314/500
[reader] generated 316/500
[reader] generated 318/500
[reader] generated 320/500
[reader] generated 322/500
[reader] generated 324/500
[reader] generated 326/500
[reader] generated 328/500
[reader] generated 330/500
[reader] generated 332/500
[reader] generated 334/500
[reader] generated 336/500
[reader] generated 338/500
[reader] generated 340/500
[reader] generated 342/500
[reader] generated 344/500
[reader] generated 346/500
[reader] generated 348/500
[reader] generated 350/500
[reader] generated 352/500
[reader] generated 354/500
[reader] generated 356/500
[reader] generated 358/500
[reader] generated 360/500
[reader] generated 362/500
[reader] generated 364/500
[reader] generated 366/500
[reader] generated 368/500
[reader] generated 370/500
[reader] generated 372/500
[reader] generated 374/500
[reader] generated 376/500
[reader] generated 378/500
[reader] generated 380/500
[reader] generated 382/500
[reader] generated 384/500
[reader] generated 386/500
[reader] generated 388/500
[reader] generated 390/500
[reader] generated 392/500
[reader] generated 394/500
[reader] generated 396/500
[reader] generated 398/500
[reader] generated 400/500
[reader] generated 402/500
[reader] generated 404/500
[reader] generated 406/500
[reader] generated 408/500
[reader] generated 410/500
[reader] generated 412/500
[reader] generated 414/500
[reader] generated 416/500
[reader] generated 418/500
[reader] generated 420/500
[reader] generated 422/500
[reader] generated 424/500
[reader] generated 426/500
[reader] generated 428/500
[reader] generated 430/500
[reader] generated 432/500
[reader] generated 434/500
[reader] generated 436/500
[reader] generated 438/500
[reader] generated 440/500
[reader] generated 442/500
[reader] generated 444/500
[reader] generated 446/500
[reader] generated 448/500
[reader] generated 450/500
[reader] generated 452/500
[reader] generated 454/500
[reader] generated 456/500
[reader] generated 458/500
[reader] generated 460/500
[reader] generated 462/500
[reader] generated 464/500
[reader] generated 466/500
[reader] generated 468/500
[reader] generated 470/500
[reader] generated 472/500
[reader] generated 474/500
[reader] generated 476/500
[reader] generated 478/500
[reader] generated 480/500
[reader] generated 482/500
[reader] generated 484/500
[reader] generated 486/500
[reader] generated 488/500
[reader] generated 490/500
[reader] generated 492/500
[reader] generated 494/500
[reader] generated 496/500
[reader] generated 498/500
[reader] generated 500/500
[density] policy=chunk_focused_96, router_type=fixed, representation=chunk, packer=focused, reader_model=Qwen/Qwen2.5-3B-Instruct, packed_token_budget=96, recall@1=0.294, all_gold@1=0.008, recall@2=0.36, all_gold@2=0.04, recall@5=0.506, all_gold@5=0.184, qwen_em=0.052, qwen_f1=0.0967, avg_reader_evidence_tokens=84.29, mean_ans_in_context=0.134, mean_gold_token_density=0.3541, mean_gold_doc_reader_cov=0.306, mean_all_gold_reader=0.034, mean_distractor_docs=1.208, mean_context_tokens=84.288, mean_n_snippets=1.888
[density] materializing policy=chunk_mmr_96
[density] generating policy=chunk_mmr_96
[reader] generated 2/500
[reader] generated 4/500
[reader] generated 6/500
[reader] generated 8/500
[reader] generated 10/500
[reader] generated 12/500
[reader] generated 14/500
[reader] generated 16/500
[reader] generated 18/500
[reader] generated 20/500
[reader] generated 22/500
[reader] generated 24/500
[reader] generated 26/500
[reader] generated 28/500
[reader] generated 30/500
[reader] generated 32/500
[reader] generated 34/500
[reader] generated 36/500
[reader] generated 38/500
[reader] generated 40/500
[reader] generated 42/500
[reader] generated 44/500
[reader] generated 46/500
[reader] generated 48/500
[reader] generated 50/500
[reader] generated 52/500
[reader] generated 54/500
[reader] generated 56/500
[reader] generated 58/500
[reader] generated 60/500
[reader] generated 62/500
[reader] generated 64/500
[reader] generated 66/500
[reader] generated 68/500
[reader] generated 70/500
[reader] generated 72/500
[reader] generated 74/500
[reader] generated 76/500
[reader] generated 78/500
[reader] generated 80/500
[reader] generated 82/500
[reader] generated 84/500
[reader] generated 86/500
[reader] generated 88/500
[reader] generated 90/500
[reader] generated 92/500
[reader] generated 94/500
[reader] generated 96/500
[reader] generated 98/500
[reader] generated 100/500
[reader] generated 102/500
[reader] generated 104/500
[reader] generated 106/500
[reader] generated 108/500
[reader] generated 110/500
[reader] generated 112/500
[reader] generated 114/500
[reader] generated 116/500
[reader] generated 118/500
[reader] generated 120/500
[reader] generated 122/500
[reader] generated 124/500
[reader] generated 126/500
[reader] generated 128/500
[reader] generated 130/500
[reader] generated 132/500
[reader] generated 134/500
[reader] generated 136/500
[reader] generated 138/500
[reader] generated 140/500
[reader] generated 142/500
[reader] generated 144/500
[reader] generated 146/500
[reader] generated 148/500
[reader] generated 150/500
[reader] generated 152/500
[reader] generated 154/500
[reader] generated 156/500
[reader] generated 158/500
[reader] generated 160/500
[reader] generated 162/500
[reader] generated 164/500
[reader] generated 166/500
[reader] generated 168/500
[reader] generated 170/500
[reader] generated 172/500
[reader] generated 174/500
[reader] generated 176/500
[reader] generated 178/500
[reader] generated 180/500
[reader] generated 182/500
[reader] generated 184/500
[reader] generated 186/500
[reader] generated 188/500
[reader] generated 190/500
[reader] generated 192/500
[reader] generated 194/500
[reader] generated 196/500
[reader] generated 198/500
[reader] generated 200/500
[reader] generated 202/500
[reader] generated 204/500
[reader] generated 206/500
[reader] generated 208/500
[reader] generated 210/500
[reader] generated 212/500
[reader] generated 214/500
[reader] generated 216/500
[reader] generated 218/500
[reader] generated 220/500
[reader] generated 222/500
[reader] generated 224/500
[reader] generated 226/500
[reader] generated 228/500
[reader] generated 230/500
[reader] generated 232/500
[reader] generated 234/500
[reader] generated 236/500
[reader] generated 238/500
[reader] generated 240/500
[reader] generated 242/500
[reader] generated 244/500
[reader] generated 246/500
[reader] generated 248/500
[reader] generated 250/500
[reader] generated 252/500
[reader] generated 254/500
[reader] generated 256/500
[reader] generated 258/500
[reader] generated 260/500
[reader] generated 262/500
[reader] generated 264/500
[reader] generated 266/500
[reader] generated 268/500
[reader] generated 270/500
[reader] generated 272/500
[reader] generated 274/500
[reader] generated 276/500
[reader] generated 278/500
[reader] generated 280/500
[reader] generated 282/500
[reader] generated 284/500
[reader] generated 286/500
[reader] generated 288/500
[reader] generated 290/500
[reader] generated 292/500
[reader] generated 294/500
[reader] generated 296/500
[reader] generated 298/500
[reader] generated 300/500
[reader] generated 302/500
[reader] generated 304/500
[reader] generated 306/500
[reader] generated 308/500
[reader] generated 310/500
[reader] generated 312/500
[reader] generated 314/500
[reader] generated 316/500
[reader] generated 318/500
[reader] generated 320/500
[reader] generated 322/500
[reader] generated 324/500
[reader] generated 326/500
[reader] generated 328/500
[reader] generated 330/500
[reader] generated 332/500
[reader] generated 334/500
[reader] generated 336/500
[reader] generated 338/500
[reader] generated 340/500
[reader] generated 342/500
[reader] generated 344/500
[reader] generated 346/500
[reader] generated 348/500
[reader] generated 350/500
[reader] generated 352/500
[reader] generated 354/500
[reader] generated 356/500
[reader] generated 358/500
[reader] generated 360/500
[reader] generated 362/500
[reader] generated 364/500
[reader] generated 366/500
[reader] generated 368/500
[reader] generated 370/500
[reader] generated 372/500
[reader] generated 374/500
[reader] generated 376/500
[reader] generated 378/500
[reader] generated 380/500
[reader] generated 382/500
[reader] generated 384/500
[reader] generated 386/500
[reader] generated 388/500
[reader] generated 390/500
[reader] generated 392/500
[reader] generated 394/500
[reader] generated 396/500
[reader] generated 398/500
[reader] generated 400/500
[reader] generated 402/500
[reader] generated 404/500
[reader] generated 406/500
[reader] generated 408/500
[reader] generated 410/500
[reader] generated 412/500
[reader] generated 414/500
[reader] generated 416/500
[reader] generated 418/500
[reader] generated 420/500
[reader] generated 422/500
[reader] generated 424/500
[reader] generated 426/500
[reader] generated 428/500
[reader] generated 430/500
[reader] generated 432/500
[reader] generated 434/500
[reader] generated 436/500
[reader] generated 438/500
[reader] generated 440/500
[reader] generated 442/500
[reader] generated 444/500
[reader] generated 446/500
[reader] generated 448/500
[reader] generated 450/500
[reader] generated 452/500
[reader] generated 454/500
[reader] generated 456/500
[reader] generated 458/500
[reader] generated 460/500
[reader] generated 462/500
[reader] generated 464/500
[reader] generated 466/500
[reader] generated 468/500
[reader] generated 470/500
[reader] generated 472/500
[reader] generated 474/500
[reader] generated 476/500
[reader] generated 478/500
[reader] generated 480/500
[reader] generated 482/500
[reader] generated 484/500
[reader] generated 486/500
[reader] generated 488/500
[reader] generated 490/500
[reader] generated 492/500
[reader] generated 494/500
[reader] generated 496/500
[reader] generated 498/500
[reader] generated 500/500
[density] policy=chunk_mmr_96, router_type=fixed, representation=chunk, packer=mmr, reader_model=Qwen/Qwen2.5-3B-Instruct, packed_token_budget=96, recall@1=0.294, all_gold@1=0.008, recall@2=0.36, all_gold@2=0.04, recall@5=0.506, all_gold@5=0.184, qwen_em=0.048, qwen_f1=0.0892, avg_reader_evidence_tokens=84.32, mean_ans_in_context=0.118, mean_gold_token_density=0.3264, mean_gold_doc_reader_cov=0.276, mean_all_gold_reader=0.03, mean_distractor_docs=1.19, mean_context_tokens=84.316, mean_n_snippets=1.91
[density] materializing policy=chunk_submod_96
[density] generating policy=chunk_submod_96
[reader] generated 2/500
[reader] generated 4/500
[reader] generated 6/500
[reader] generated 8/500
[reader] generated 10/500
[reader] generated 12/500
[reader] generated 14/500
[reader] generated 16/500
[reader] generated 18/500
[reader] generated 20/500
[reader] generated 22/500
[reader] generated 24/500
[reader] generated 26/500
[reader] generated 28/500
[reader] generated 30/500
[reader] generated 32/500
[reader] generated 34/500
[reader] generated 36/500
[reader] generated 38/500
[reader] generated 40/500
[reader] generated 42/500
[reader] generated 44/500
[reader] generated 46/500
[reader] generated 48/500
[reader] generated 50/500
[reader] generated 52/500
[reader] generated 54/500
[reader] generated 56/500
[reader] generated 58/500
[reader] generated 60/500
[reader] generated 62/500
[reader] generated 64/500
[reader] generated 66/500
[reader] generated 68/500
[reader] generated 70/500
[reader] generated 72/500
[reader] generated 74/500
[reader] generated 76/500
[reader] generated 78/500
[reader] generated 80/500
[reader] generated 82/500
[reader] generated 84/500
[reader] generated 86/500
[reader] generated 88/500
[reader] generated 90/500
[reader] generated 92/500
[reader] generated 94/500
[reader] generated 96/500
[reader] generated 98/500
[reader] generated 100/500
[reader] generated 102/500
[reader] generated 104/500
[reader] generated 106/500
[reader] generated 108/500
[reader] generated 110/500
[reader] generated 112/500
[reader] generated 114/500
[reader] generated 116/500
[reader] generated 118/500
[reader] generated 120/500
[reader] generated 122/500
[reader] generated 124/500
[reader] generated 126/500
[reader] generated 128/500
[reader] generated 130/500
[reader] generated 132/500
[reader] generated 134/500
[reader] generated 136/500
[reader] generated 138/500
[reader] generated 140/500
[reader] generated 142/500
[reader] generated 144/500
[reader] generated 146/500
[reader] generated 148/500
[reader] generated 150/500
[reader] generated 152/500
[reader] generated 154/500
[reader] generated 156/500
[reader] generated 158/500
[reader] generated 160/500
[reader] generated 162/500
[reader] generated 164/500
[reader] generated 166/500
[reader] generated 168/500
[reader] generated 170/500
[reader] generated 172/500
[reader] generated 174/500
[reader] generated 176/500
[reader] generated 178/500
[reader] generated 180/500
[reader] generated 182/500
[reader] generated 184/500
[reader] generated 186/500
[reader] generated 188/500
[reader] generated 190/500
[reader] generated 192/500
[reader] generated 194/500
[reader] generated 196/500
[reader] generated 198/500
[reader] generated 200/500
[reader] generated 202/500
[reader] generated 204/500
[reader] generated 206/500
[reader] generated 208/500
[reader] generated 210/500
[reader] generated 212/500
[reader] generated 214/500
[reader] generated 216/500
[reader] generated 218/500
[reader] generated 220/500
[reader] generated 222/500
[reader] generated 224/500
[reader] generated 226/500
[reader] generated 228/500
[reader] generated 230/500
[reader] generated 232/500
[reader] generated 234/500
[reader] generated 236/500
[reader] generated 238/500
[reader] generated 240/500
[reader] generated 242/500
[reader] generated 244/500
[reader] generated 246/500
[reader] generated 248/500
[reader] generated 250/500
[reader] generated 252/500
[reader] generated 254/500
[reader] generated 256/500
[reader] generated 258/500
[reader] generated 260/500
[reader] generated 262/500
[reader] generated 264/500
[reader] generated 266/500
[reader] generated 268/500
[reader] generated 270/500
[reader] generated 272/500
[reader] generated 274/500
[reader] generated 276/500
[reader] generated 278/500
[reader] generated 280/500
[reader] generated 282/500
[reader] generated 284/500
[reader] generated 286/500
[reader] generated 288/500
[reader] generated 290/500
[reader] generated 292/500
[reader] generated 294/500
[reader] generated 296/500
[reader] generated 298/500
[reader] generated 300/500
[reader] generated 302/500
[reader] generated 304/500
[reader] generated 306/500
[reader] generated 308/500
[reader] generated 310/500
[reader] generated 312/500
[reader] generated 314/500
[reader] generated 316/500
[reader] generated 318/500
[reader] generated 320/500
[reader] generated 322/500
[reader] generated 324/500
[reader] generated 326/500
[reader] generated 328/500
[reader] generated 330/500
[reader] generated 332/500
[reader] generated 334/500
[reader] generated 336/500
[reader] generated 338/500
[reader] generated 340/500
[reader] generated 342/500
[reader] generated 344/500
[reader] generated 346/500
[reader] generated 348/500
[reader] generated 350/500
[reader] generated 352/500
[reader] generated 354/500
[reader] generated 356/500
[reader] generated 358/500
[reader] generated 360/500
[reader] generated 362/500
[reader] generated 364/500
[reader] generated 366/500
[reader] generated 368/500
[reader] generated 370/500
[reader] generated 372/500
[reader] generated 374/500
[reader] generated 376/500
[reader] generated 378/500
[reader] generated 380/500
[reader] generated 382/500
[reader] generated 384/500
[reader] generated 386/500
[reader] generated 388/500
[reader] generated 390/500
[reader] generated 392/500
[reader] generated 394/500
[reader] generated 396/500
[reader] generated 398/500
[reader] generated 400/500
[reader] generated 402/500
[reader] generated 404/500
[reader] generated 406/500
[reader] generated 408/500
[reader] generated 410/500
[reader] generated 412/500
[reader] generated 414/500
[reader] generated 416/500
[reader] generated 418/500
[reader] generated 420/500
[reader] generated 422/500
[reader] generated 424/500
[reader] generated 426/500
[reader] generated 428/500
[reader] generated 430/500
[reader] generated 432/500
[reader] generated 434/500
[reader] generated 436/500
[reader] generated 438/500
[reader] generated 440/500
[reader] generated 442/500
[reader] generated 444/500
[reader] generated 446/500
[reader] generated 448/500
[reader] generated 450/500
[reader] generated 452/500
[reader] generated 454/500
[reader] generated 456/500
[reader] generated 458/500
[reader] generated 460/500
[reader] generated 462/500
[reader] generated 464/500
[reader] generated 466/500
[reader] generated 468/500
[reader] generated 470/500
[reader] generated 472/500
[reader] generated 474/500
[reader] generated 476/500
[reader] generated 478/500
[reader] generated 480/500
[reader] generated 482/500
[reader] generated 484/500
[reader] generated 486/500
[reader] generated 488/500
[reader] generated 490/500
[reader] generated 492/500
[reader] generated 494/500
[reader] generated 496/500
[reader] generated 498/500
[reader] generated 500/500
[density] policy=chunk_submod_96, router_type=fixed, representation=chunk, packer=submod, reader_model=Qwen/Qwen2.5-3B-Instruct, packed_token_budget=96, recall@1=0.294, all_gold@1=0.008, recall@2=0.36, all_gold@2=0.04, recall@5=0.506, all_gold@5=0.184, qwen_em=0.062, qwen_f1=0.1052, avg_reader_evidence_tokens=80.74, mean_ans_in_context=0.114, mean_gold_token_density=0.2966, mean_gold_doc_reader_cov=0.307, mean_all_gold_reader=0.048, mean_distractor_docs=1.544, mean_context_tokens=80.742, mean_n_snippets=2.558
[density] materializing policy=ace_focused_96
[density] generating policy=ace_focused_96
[reader] generated 2/500
[reader] generated 4/500
[reader] generated 6/500
[reader] generated 8/500
[reader] generated 10/500
[reader] generated 12/500
[reader] generated 14/500
[reader] generated 16/500
[reader] generated 18/500
[reader] generated 20/500
[reader] generated 22/500
[reader] generated 24/500
[reader] generated 26/500
[reader] generated 28/500
[reader] generated 30/500
[reader] generated 32/500
[reader] generated 34/500
[reader] generated 36/500
[reader] generated 38/500
[reader] generated 40/500
[reader] generated 42/500
[reader] generated 44/500
[reader] generated 46/500
[reader] generated 48/500
[reader] generated 50/500
[reader] generated 52/500
[reader] generated 54/500
[reader] generated 56/500
[reader] generated 58/500
[reader] generated 60/500
[reader] generated 62/500
[reader] generated 64/500
[reader] generated 66/500
[reader] generated 68/500
[reader] generated 70/500
[reader] generated 72/500
[reader] generated 74/500
[reader] generated 76/500
[reader] generated 78/500
[reader] generated 80/500
[reader] generated 82/500
[reader] generated 84/500
[reader] generated 86/500
[reader] generated 88/500
[reader] generated 90/500
[reader] generated 92/500
[reader] generated 94/500
[reader] generated 96/500
[reader] generated 98/500
[reader] generated 100/500
[reader] generated 102/500
[reader] generated 104/500
[reader] generated 106/500
[reader] generated 108/500
[reader] generated 110/500
[reader] generated 112/500
[reader] generated 114/500
[reader] generated 116/500
[reader] generated 118/500
[reader] generated 120/500
[reader] generated 122/500
[reader] generated 124/500
[reader] generated 126/500
[reader] generated 128/500
[reader] generated 130/500
[reader] generated 132/500
[reader] generated 134/500
[reader] generated 136/500
[reader] generated 138/500
[reader] generated 140/500
[reader] generated 142/500
[reader] generated 144/500
[reader] generated 146/500
[reader] generated 148/500
[reader] generated 150/500
[reader] generated 152/500
[reader] generated 154/500
[reader] generated 156/500
[reader] generated 158/500
[reader] generated 160/500
[reader] generated 162/500
[reader] generated 164/500
[reader] generated 166/500
[reader] generated 168/500
[reader] generated 170/500
[reader] generated 172/500
[reader] generated 174/500
[reader] generated 176/500
[reader] generated 178/500
[reader] generated 180/500
[reader] generated 182/500
[reader] generated 184/500
[reader] generated 186/500
[reader] generated 188/500
[reader] generated 190/500
[reader] generated 192/500
[reader] generated 194/500
[reader] generated 196/500
[reader] generated 198/500
[reader] generated 200/500
[reader] generated 202/500
[reader] generated 204/500
[reader] generated 206/500
[reader] generated 208/500
[reader] generated 210/500
[reader] generated 212/500
[reader] generated 214/500
[reader] generated 216/500
[reader] generated 218/500
[reader] generated 220/500
[reader] generated 222/500
[reader] generated 224/500
[reader] generated 226/500
[reader] generated 228/500
[reader] generated 230/500
[reader] generated 232/500
[reader] generated 234/500
[reader] generated 236/500
[reader] generated 238/500
[reader] generated 240/500
[reader] generated 242/500
[reader] generated 244/500
[reader] generated 246/500
[reader] generated 248/500
[reader] generated 250/500
[reader] generated 252/500
[reader] generated 254/500
[reader] generated 256/500
[reader] generated 258/500
[reader] generated 260/500
[reader] generated 262/500
[reader] generated 264/500
[reader] generated 266/500
[reader] generated 268/500
[reader] generated 270/500
[reader] generated 272/500
[reader] generated 274/500
[reader] generated 276/500
[reader] generated 278/500
[reader] generated 280/500
[reader] generated 282/500
[reader] generated 284/500
[reader] generated 286/500
[reader] generated 288/500
[reader] generated 290/500
[reader] generated 292/500
[reader] generated 294/500
[reader] generated 296/500
[reader] generated 298/500
[reader] generated 300/500
[reader] generated 302/500
[reader] generated 304/500
[reader] generated 306/500
[reader] generated 308/500
[reader] generated 310/500
[reader] generated 312/500
[reader] generated 314/500
[reader] generated 316/500
[reader] generated 318/500
[reader] generated 320/500
[reader] generated 322/500
[reader] generated 324/500
[reader] generated 326/500
[reader] generated 328/500
[reader] generated 330/500
[reader] generated 332/500
[reader] generated 334/500
[reader] generated 336/500
[reader] generated 338/500
[reader] generated 340/500
[reader] generated 342/500
[reader] generated 344/500
[reader] generated 346/500
[reader] generated 348/500
[reader] generated 350/500
[reader] generated 352/500
[reader] generated 354/500
[reader] generated 356/500
[reader] generated 358/500
[reader] generated 360/500
[reader] generated 362/500
[reader] generated 364/500
[reader] generated 366/500
[reader] generated 368/500
[reader] generated 370/500
[reader] generated 372/500
[reader] generated 374/500
[reader] generated 376/500
[reader] generated 378/500
[reader] generated 380/500
[reader] generated 382/500
[reader] generated 384/500
[reader] generated 386/500
[reader] generated 388/500
[reader] generated 390/500
[reader] generated 392/500
[reader] generated 394/500
[reader] generated 396/500
[reader] generated 398/500
[reader] generated 400/500
[reader] generated 402/500
[reader] generated 404/500
[reader] generated 406/500
[reader] generated 408/500
[reader] generated 410/500
[reader] generated 412/500
[reader] generated 414/500
[reader] generated 416/500
[reader] generated 418/500
[reader] generated 420/500
[reader] generated 422/500
[reader] generated 424/500
[reader] generated 426/500
[reader] generated 428/500
[reader] generated 430/500
[reader] generated 432/500
[reader] generated 434/500
[reader] generated 436/500
[reader] generated 438/500
[reader] generated 440/500
[reader] generated 442/500
[reader] generated 444/500
[reader] generated 446/500
[reader] generated 448/500
[reader] generated 450/500
[reader] generated 452/500
[reader] generated 454/500
[reader] generated 456/500
[reader] generated 458/500
[reader] generated 460/500
[reader] generated 462/500
[reader] generated 464/500
[reader] generated 466/500
[reader] generated 468/500
[reader] generated 470/500
[reader] generated 472/500
[reader] generated 474/500
[reader] generated 476/500
[reader] generated 478/500
[reader] generated 480/500
[reader] generated 482/500
[reader] generated 484/500
[reader] generated 486/500
[reader] generated 488/500
[reader] generated 490/500
[reader] generated 492/500
[reader] generated 494/500
[reader] generated 496/500
[reader] generated 498/500
[reader] generated 500/500
[density] policy=ace_focused_96, router_type=fixed, representation=ace, packer=focused, reader_model=Qwen/Qwen2.5-3B-Instruct, packed_token_budget=96, recall@1=0.281, all_gold@1=0.004, recall@2=0.359, all_gold@2=0.04, recall@5=0.481, all_gold@5=0.142, qwen_em=0.07, qwen_f1=0.1153, avg_reader_evidence_tokens=83.34, mean_ans_in_context=0.16, mean_gold_token_density=0.3185, mean_gold_doc_reader_cov=0.332, mean_all_gold_reader=0.046, mean_distractor_docs=1.558, mean_context_tokens=83.342, mean_n_snippets=2.324
[density] materializing policy=ace_mmr_96
[density] generating policy=ace_mmr_96
[reader] generated 2/500
[reader] generated 4/500
[reader] generated 6/500
[reader] generated 8/500
[reader] generated 10/500
[reader] generated 12/500
[reader] generated 14/500
[reader] generated 16/500
[reader] generated 18/500
[reader] generated 20/500
[reader] generated 22/500
[reader] generated 24/500
[reader] generated 26/500
[reader] generated 28/500
[reader] generated 30/500
[reader] generated 32/500
[reader] generated 34/500
[reader] generated 36/500
[reader] generated 38/500
[reader] generated 40/500
[reader] generated 42/500
[reader] generated 44/500
[reader] generated 46/500
[reader] generated 48/500
[reader] generated 50/500
[reader] generated 52/500
[reader] generated 54/500
[reader] generated 56/500
[reader] generated 58/500
[reader] generated 60/500
[reader] generated 62/500
[reader] generated 64/500
[reader] generated 66/500
[reader] generated 68/500
[reader] generated 70/500
[reader] generated 72/500
[reader] generated 74/500
[reader] generated 76/500
[reader] generated 78/500
[reader] generated 80/500
[reader] generated 82/500
[reader] generated 84/500
[reader] generated 86/500
[reader] generated 88/500
[reader] generated 90/500
[reader] generated 92/500
[reader] generated 94/500
[reader] generated 96/500
[reader] generated 98/500
[reader] generated 100/500
[reader] generated 102/500
[reader] generated 104/500
[reader] generated 106/500
[reader] generated 108/500
[reader] generated 110/500
[reader] generated 112/500
[reader] generated 114/500
[reader] generated 116/500
[reader] generated 118/500
[reader] generated 120/500
[reader] generated 122/500
[reader] generated 124/500
[reader] generated 126/500
[reader] generated 128/500
[reader] generated 130/500
[reader] generated 132/500
[reader] generated 134/500
[reader] generated 136/500
[reader] generated 138/500
[reader] generated 140/500
[reader] generated 142/500
[reader] generated 144/500
[reader] generated 146/500
[reader] generated 148/500
[reader] generated 150/500
[reader] generated 152/500
[reader] generated 154/500
[reader] generated 156/500
[reader] generated 158/500
[reader] generated 160/500
[reader] generated 162/500
[reader] generated 164/500
[reader] generated 166/500
[reader] generated 168/500
[reader] generated 170/500
[reader] generated 172/500
[reader] generated 174/500
[reader] generated 176/500
[reader] generated 178/500
[reader] generated 180/500
[reader] generated 182/500
[reader] generated 184/500
[reader] generated 186/500
[reader] generated 188/500
[reader] generated 190/500
[reader] generated 192/500
[reader] generated 194/500
[reader] generated 196/500
[reader] generated 198/500
[reader] generated 200/500
[reader] generated 202/500
[reader] generated 204/500
[reader] generated 206/500
[reader] generated 208/500
[reader] generated 210/500
[reader] generated 212/500
[reader] generated 214/500
[reader] generated 216/500
[reader] generated 218/500
[reader] generated 220/500
[reader] generated 222/500
[reader] generated 224/500
[reader] generated 226/500
[reader] generated 228/500
[reader] generated 230/500
[reader] generated 232/500
[reader] generated 234/500
[reader] generated 236/500
[reader] generated 238/500
[reader] generated 240/500
[reader] generated 242/500
[reader] generated 244/500
[reader] generated 246/500
[reader] generated 248/500
[reader] generated 250/500
[reader] generated 252/500
[reader] generated 254/500
[reader] generated 256/500
[reader] generated 258/500
[reader] generated 260/500
[reader] generated 262/500
[reader] generated 264/500
[reader] generated 266/500
[reader] generated 268/500
[reader] generated 270/500
[reader] generated 272/500
[reader] generated 274/500
[reader] generated 276/500
[reader] generated 278/500
[reader] generated 280/500
[reader] generated 282/500
[reader] generated 284/500
[reader] generated 286/500
[reader] generated 288/500
[reader] generated 290/500
[reader] generated 292/500
[reader] generated 294/500
[reader] generated 296/500
[reader] generated 298/500
[reader] generated 300/500
[reader] generated 302/500
[reader] generated 304/500
[reader] generated 306/500
[reader] generated 308/500
[reader] generated 310/500
[reader] generated 312/500
[reader] generated 314/500
[reader] generated 316/500
[reader] generated 318/500
[reader] generated 320/500
[reader] generated 322/500
[reader] generated 324/500
[reader] generated 326/500
[reader] generated 328/500
[reader] generated 330/500
[reader] generated 332/500
[reader] generated 334/500
[reader] generated 336/500
[reader] generated 338/500
[reader] generated 340/500
[reader] generated 342/500
[reader] generated 344/500
[reader] generated 346/500
[reader] generated 348/500
[reader] generated 350/500
[reader] generated 352/500
[reader] generated 354/500
[reader] generated 356/500
[reader] generated 358/500
[reader] generated 360/500
[reader] generated 362/500
[reader] generated 364/500
[reader] generated 366/500
[reader] generated 368/500
[reader] generated 370/500
[reader] generated 372/500
[reader] generated 374/500
[reader] generated 376/500
[reader] generated 378/500
[reader] generated 380/500
[reader] generated 382/500
[reader] generated 384/500
[reader] generated 386/500
[reader] generated 388/500
[reader] generated 390/500
[reader] generated 392/500
[reader] generated 394/500
[reader] generated 396/500
[reader] generated 398/500
[reader] generated 400/500
[reader] generated 402/500
[reader] generated 404/500
[reader] generated 406/500
[reader] generated 408/500
[reader] generated 410/500
[reader] generated 412/500
[reader] generated 414/500
[reader] generated 416/500
[reader] generated 418/500
[reader] generated 420/500
[reader] generated 422/500
[reader] generated 424/500
[reader] generated 426/500
[reader] generated 428/500
[reader] generated 430/500
[reader] generated 432/500
[reader] generated 434/500
[reader] generated 436/500
[reader] generated 438/500
[reader] generated 440/500
[reader] generated 442/500
[reader] generated 444/500
[reader] generated 446/500
[reader] generated 448/500
[reader] generated 450/500
[reader] generated 452/500
[reader] generated 454/500
[reader] generated 456/500
[reader] generated 458/500
[reader] generated 460/500
[reader] generated 462/500
[reader] generated 464/500
[reader] generated 466/500
[reader] generated 468/500
[reader] generated 470/500
[reader] generated 472/500
[reader] generated 474/500
[reader] generated 476/500
[reader] generated 478/500
[reader] generated 480/500
[reader] generated 482/500
[reader] generated 484/500
[reader] generated 486/500
[reader] generated 488/500
[reader] generated 490/500
[reader] generated 492/500
[reader] generated 494/500
[reader] generated 496/500
[reader] generated 498/500
[reader] generated 500/500
[density] policy=ace_mmr_96, router_type=fixed, representation=ace, packer=mmr, reader_model=Qwen/Qwen2.5-3B-Instruct, packed_token_budget=96, recall@1=0.281, all_gold@1=0.004, recall@2=0.359, all_gold@2=0.04, recall@5=0.481, all_gold@5=0.142, qwen_em=0.066, qwen_f1=0.1072, avg_reader_evidence_tokens=83.04, mean_ans_in_context=0.154, mean_gold_token_density=0.2895, mean_gold_doc_reader_cov=0.299, mean_all_gold_reader=0.038, mean_distractor_docs=1.506, mean_context_tokens=83.036, mean_n_snippets=2.362
[density] materializing policy=ace_submod_96
[density] generating policy=ace_submod_96
[reader] generated 2/500
[reader] generated 4/500
[reader] generated 6/500
[reader] generated 8/500
[reader] generated 10/500
[reader] generated 12/500
[reader] generated 14/500
[reader] generated 16/500
[reader] generated 18/500
[reader] generated 20/500
[reader] generated 22/500
[reader] generated 24/500
[reader] generated 26/500
[reader] generated 28/500
[reader] generated 30/500
[reader] generated 32/500
[reader] generated 34/500
[reader] generated 36/500
[reader] generated 38/500
[reader] generated 40/500
[reader] generated 42/500
[reader] generated 44/500
[reader] generated 46/500
[reader] generated 48/500
[reader] generated 50/500
[reader] generated 52/500
[reader] generated 54/500
[reader] generated 56/500
[reader] generated 58/500
[reader] generated 60/500
[reader] generated 62/500
[reader] generated 64/500
[reader] generated 66/500
[reader] generated 68/500
[reader] generated 70/500
[reader] generated 72/500
[reader] generated 74/500
[reader] generated 76/500
[reader] generated 78/500
[reader] generated 80/500
[reader] generated 82/500
[reader] generated 84/500
[reader] generated 86/500
[reader] generated 88/500
[reader] generated 90/500
[reader] generated 92/500
[reader] generated 94/500
[reader] generated 96/500
[reader] generated 98/500
[reader] generated 100/500
[reader] generated 102/500
[reader] generated 104/500
[reader] generated 106/500
[reader] generated 108/500
[reader] generated 110/500
[reader] generated 112/500
[reader] generated 114/500
[reader] generated 116/500
[reader] generated 118/500
[reader] generated 120/500
[reader] generated 122/500
[reader] generated 124/500
[reader] generated 126/500
[reader] generated 128/500
[reader] generated 130/500
[reader] generated 132/500
[reader] generated 134/500
[reader] generated 136/500
[reader] generated 138/500
[reader] generated 140/500
[reader] generated 142/500
[reader] generated 144/500
[reader] generated 146/500
[reader] generated 148/500
[reader] generated 150/500
[reader] generated 152/500
[reader] generated 154/500
[reader] generated 156/500
[reader] generated 158/500
[reader] generated 160/500
[reader] generated 162/500
[reader] generated 164/500
[reader] generated 166/500
[reader] generated 168/500
[reader] generated 170/500
[reader] generated 172/500
[reader] generated 174/500
[reader] generated 176/500
[reader] generated 178/500
[reader] generated 180/500
[reader] generated 182/500
[reader] generated 184/500
[reader] generated 186/500
[reader] generated 188/500
[reader] generated 190/500
[reader] generated 192/500
[reader] generated 194/500
[reader] generated 196/500
[reader] generated 198/500
[reader] generated 200/500
[reader] generated 202/500
[reader] generated 204/500
[reader] generated 206/500
[reader] generated 208/500
[reader] generated 210/500
[reader] generated 212/500
[reader] generated 214/500
[reader] generated 216/500
[reader] generated 218/500
[reader] generated 220/500
[reader] generated 222/500
[reader] generated 224/500
[reader] generated 226/500
[reader] generated 228/500
[reader] generated 230/500
[reader] generated 232/500
[reader] generated 234/500
[reader] generated 236/500
[reader] generated 238/500
[reader] generated 240/500
[reader] generated 242/500
[reader] generated 244/500
[reader] generated 246/500
[reader] generated 248/500
[reader] generated 250/500
[reader] generated 252/500
[reader] generated 254/500
[reader] generated 256/500
[reader] generated 258/500
[reader] generated 260/500
[reader] generated 262/500
[reader] generated 264/500
[reader] generated 266/500
[reader] generated 268/500
[reader] generated 270/500
[reader] generated 272/500
[reader] generated 274/500
[reader] generated 276/500
[reader] generated 278/500
[reader] generated 280/500
[reader] generated 282/500
[reader] generated 284/500
[reader] generated 286/500
[reader] generated 288/500
[reader] generated 290/500
[reader] generated 292/500
[reader] generated 294/500
[reader] generated 296/500
[reader] generated 298/500
[reader] generated 300/500
[reader] generated 302/500
[reader] generated 304/500
[reader] generated 306/500
[reader] generated 308/500
[reader] generated 310/500
[reader] generated 312/500
[reader] generated 314/500
[reader] generated 316/500
[reader] generated 318/500
[reader] generated 320/500
[reader] generated 322/500
[reader] generated 324/500
[reader] generated 326/500
[reader] generated 328/500
[reader] generated 330/500
[reader] generated 332/500
[reader] generated 334/500
[reader] generated 336/500
[reader] generated 338/500
[reader] generated 340/500
[reader] generated 342/500
[reader] generated 344/500
[reader] generated 346/500
[reader] generated 348/500
[reader] generated 350/500
[reader] generated 352/500
[reader] generated 354/500
[reader] generated 356/500
[reader] generated 358/500
[reader] generated 360/500
[reader] generated 362/500
[reader] generated 364/500
[reader] generated 366/500
[reader] generated 368/500
[reader] generated 370/500
[reader] generated 372/500
[reader] generated 374/500
[reader] generated 376/500
[reader] generated 378/500
[reader] generated 380/500
[reader] generated 382/500
[reader] generated 384/500
[reader] generated 386/500
[reader] generated 388/500
[reader] generated 390/500
[reader] generated 392/500
[reader] generated 394/500
[reader] generated 396/500
[reader] generated 398/500
[reader] generated 400/500
[reader] generated 402/500
[reader] generated 404/500
[reader] generated 406/500
[reader] generated 408/500
[reader] generated 410/500
[reader] generated 412/500
[reader] generated 414/500
[reader] generated 416/500
[reader] generated 418/500
[reader] generated 420/500
[reader] generated 422/500
[reader] generated 424/500
[reader] generated 426/500
[reader] generated 428/500
[reader] generated 430/500
[reader] generated 432/500
[reader] generated 434/500
[reader] generated 436/500
[reader] generated 438/500
[reader] generated 440/500
[reader] generated 442/500
[reader] generated 444/500
[reader] generated 446/500
[reader] generated 448/500
[reader] generated 450/500
[reader] generated 452/500
[reader] generated 454/500
[reader] generated 456/500
[reader] generated 458/500
[reader] generated 460/500
[reader] generated 462/500
[reader] generated 464/500
[reader] generated 466/500
[reader] generated 468/500
[reader] generated 470/500
[reader] generated 472/500
[reader] generated 474/500
[reader] generated 476/500
[reader] generated 478/500
[reader] generated 480/500
[reader] generated 482/500
[reader] generated 484/500
[reader] generated 486/500
[reader] generated 488/500
[reader] generated 490/500
[reader] generated 492/500
[reader] generated 494/500
[reader] generated 496/500
[reader] generated 498/500
[reader] generated 500/500
[density] policy=ace_submod_96, router_type=fixed, representation=ace, packer=submod, reader_model=Qwen/Qwen2.5-3B-Instruct, packed_token_budget=96, recall@1=0.281, all_gold@1=0.004, recall@2=0.359, all_gold@2=0.04, recall@5=0.481, all_gold@5=0.142, qwen_em=0.062, qwen_f1=0.1047, avg_reader_evidence_tokens=81.75, mean_ans_in_context=0.138, mean_gold_token_density=0.2777, mean_gold_doc_reader_cov=0.291, mean_all_gold_reader=0.03, mean_distractor_docs=1.67, mean_context_tokens=81.748, mean_n_snippets=2.666
[density] policy=router_oracle_packer, router_type=oracle, representation=mixed, packer=oracle, reader_model=Qwen/Qwen2.5-3B-Instruct, packed_token_budget=96, selection_counts={"ace_focused_96": 113, "ace_mmr_96": 29, "ace_submod_96": 52, "chunk_focused_96": 125, "chunk_mmr_96": 24, "chunk_submod_96": 157}, qwen_em=0.13, qwen_f1=0.2034, avg_reader_evidence_tokens=75.04, mean_ans_in_context=0.192, mean_gold_token_density=0.3054, mean_gold_doc_reader_cov=0.284, mean_all_gold_reader=0.038, mean_distractor_docs=1.358, mean_context_tokens=75.04, mean_n_snippets=2.158
wrote /kaggle/working/colab_results/stage7_density_packer_musique_budget96_limit500_qwen3b/musique_local_density_standard_budget96_limit500_metrics.csv
wrote /kaggle/working/colab_results/stage7_density_packer_musique_budget96_limit500_qwen3b/musique_local_density_standard_budget96_limit500_per_question.csv
=== control/main.py done: stage7 musique; ok=['musique_b160', 'musique_b96'] failed=[] ===
