=== control/main.py: stage14-2wiki-budget (stage14-2wiki-budget-v1) ===
Copied extracted project /kaggle/input/datasets/anantonayan/dataset12 to /kaggle/working/ace_rag_research_v13_analysis
$ /usr/bin/python3 -m pip install -q -r requirements-cloud.txt
$ /usr/bin/python3 -m pip install -q bitsandbytes>=0.43.0
[overlay] applied 5 file(s) to /kaggle/working/ace_rag_research_v13_analysis: ['ace_rag/context_quality.py', 'ace_rag/datasets.py', 'ace_rag/evidence_packer.py', 'ace_rag/generator.py', 'experiments/run_density_router.py']
[2wiki] using /kaggle/input/datasets/anantonayan/2wikimultihop/2wikimultihop/dev.json  (1 candidate(s))
--- 2wiki B=96 seed 42 ---
$ /usr/bin/python3 -m experiments.run_density_router --dataset 2wiki_local --limit 500 --seed 42 --ace-retriever standard --top-k 5 --top-k-nodes 48 --max-expanded-docs 5 --embedder sentence-transformers --embedding-model BAAI/bge-small-en-v1.5 --embed-device cuda --compressor truncate --compress-dims 320 --reader-backend hf --reader-model Qwen/Qwen2.5-3B-Instruct --reader-device cuda --reader-batch-size 2 --mmr-lambda 0.7 --budget 96 --out-dir /kaggle/working/colab_results/stage14_2wiki_qwen3b_budget96_limit500_seed42 --twowiki-path /kaggle/input/datasets/anantonayan/2wikimultihop/2wikimultihop/dev.json
2wiki_local[500]: 3191 docs, 500 questions, 2.40 gold docs/question
[density] retrieving chunk baseline
[chunk] fitting/indexing
[embed] encoding 3191 texts on device=cuda:0

Batches:   0%|          | 0/50 [00:00<?, ?it/s]
Batches:   2%|▏         | 1/50 [00:00<00:46,  1.06it/s]
Batches:   4%|▍         | 2/50 [00:01<00:35,  1.35it/s]
Batches:   6%|▌         | 3/50 [00:02<00:28,  1.62it/s]
Batches:   8%|▊         | 4/50 [00:02<00:25,  1.79it/s]
Batches:  10%|█         | 5/50 [00:02<00:21,  2.12it/s]
Batches:  12%|█▏        | 6/50 [00:03<00:18,  2.42it/s]
Batches:  14%|█▍        | 7/50 [00:03<00:15,  2.82it/s]
Batches:  16%|█▌        | 8/50 [00:03<00:13,  3.19it/s]
Batches:  18%|█▊        | 9/50 [00:03<00:11,  3.59it/s]
Batches:  20%|██        | 10/50 [00:03<00:10,  3.89it/s]
Batches:  22%|██▏       | 11/50 [00:04<00:08,  4.38it/s]
Batches:  24%|██▍       | 12/50 [00:04<00:07,  4.84it/s]
Batches:  26%|██▌       | 13/50 [00:04<00:07,  5.21it/s]
Batches:  28%|██▊       | 14/50 [00:04<00:06,  5.73it/s]
Batches:  30%|███       | 15/50 [00:04<00:05,  6.51it/s]
Batches:  32%|███▏      | 16/50 [00:04<00:04,  7.03it/s]
Batches:  34%|███▍      | 17/50 [00:04<00:04,  7.63it/s]
Batches:  36%|███▌      | 18/50 [00:05<00:03,  8.20it/s]
Batches:  38%|███▊      | 19/50 [00:05<00:03,  8.57it/s]
Batches:  42%|████▏     | 21/50 [00:05<00:03,  9.45it/s]
Batches:  46%|████▌     | 23/50 [00:05<00:02, 10.25it/s]
Batches:  50%|█████     | 25/50 [00:05<00:02, 10.87it/s]
Batches:  54%|█████▍    | 27/50 [00:05<00:01, 11.53it/s]
Batches:  58%|█████▊    | 29/50 [00:05<00:01, 12.05it/s]
Batches:  62%|██████▏   | 31/50 [00:06<00:01, 12.58it/s]
Batches:  66%|██████▌   | 33/50 [00:06<00:01, 13.92it/s]
Batches:  70%|███████   | 35/50 [00:06<00:00, 15.20it/s]
Batches:  74%|███████▍  | 37/50 [00:06<00:00, 16.21it/s]
Batches:  80%|████████  | 40/50 [00:06<00:00, 18.23it/s]
Batches:  86%|████████▌ | 43/50 [00:06<00:00, 20.47it/s]
Batches:  94%|█████████▍| 47/50 [00:06<00:00, 24.65it/s]
Batches: 100%|██████████| 50/50 [00:06<00:00,  7.34it/s]
[chunk] retrieving
[embed] encoding 500 texts on device=cuda:0

Batches:   0%|          | 0/8 [00:00<?, ?it/s]
Batches:  50%|█████     | 4/8 [00:00<00:00, 36.23it/s]
Batches: 100%|██████████| 8/8 [00:00<00:00, 41.28it/s]
[density] retrieving ACE graph
[ace] building evidence graph
[ace] graph built: nodes=28905 edges=47319
[ace] fitting/indexing embeddings
[embed] encoding 25714 texts on device=cuda:0

Batches:   0%|          | 0/402 [00:00<?, ?it/s]
Batches:   0%|          | 1/402 [00:00<01:32,  4.32it/s]
Batches:   0%|          | 2/402 [00:00<01:13,  5.44it/s]
Batches:   1%|          | 4/402 [00:00<00:48,  8.29it/s]
Batches:   1%|▏         | 6/402 [00:00<00:40,  9.85it/s]
Batches:   2%|▏         | 8/402 [00:00<00:36, 10.81it/s]
Batches:   2%|▏         | 10/402 [00:01<00:35, 11.19it/s]
Batches:   3%|▎         | 12/402 [00:01<00:32, 11.96it/s]
Batches:   3%|▎         | 14/402 [00:01<00:30, 12.53it/s]
Batches:   4%|▍         | 16/402 [00:01<00:29, 13.16it/s]
Batches:   4%|▍         | 18/402 [00:01<00:27, 13.91it/s]
Batches:   5%|▍         | 20/402 [00:01<00:25, 14.98it/s]
Batches:   5%|▌         | 22/402 [00:01<00:25, 14.75it/s]
Batches:   6%|▌         | 24/402 [00:01<00:25, 15.07it/s]
Batches:   6%|▋         | 26/402 [00:02<00:23, 15.83it/s]
Batches:   7%|▋         | 28/402 [00:02<00:22, 16.40it/s]
Batches:   7%|▋         | 30/402 [00:02<00:22, 16.59it/s]
Batches:   8%|▊         | 32/402 [00:02<00:21, 17.17it/s]
Batches:   9%|▊         | 35/402 [00:02<00:20, 18.30it/s]
Batches:   9%|▉         | 38/402 [00:02<00:19, 19.11it/s]
Batches:  10%|█         | 41/402 [00:02<00:18, 19.90it/s]
Batches:  11%|█         | 44/402 [00:02<00:17, 20.47it/s]
Batches:  12%|█▏        | 47/402 [00:03<00:16, 21.23it/s]
Batches:  12%|█▏        | 50/402 [00:03<00:16, 21.27it/s]
Batches:  13%|█▎        | 53/402 [00:03<00:16, 21.28it/s]
Batches:  14%|█▍        | 56/402 [00:03<00:15, 21.86it/s]
Batches:  15%|█▍        | 59/402 [00:03<00:15, 22.83it/s]
Batches:  15%|█▌        | 62/402 [00:03<00:14, 23.34it/s]
Batches:  16%|█▌        | 65/402 [00:03<00:14, 22.84it/s]
Batches:  17%|█▋        | 68/402 [00:04<00:14, 22.84it/s]
Batches:  18%|█▊        | 71/402 [00:04<00:13, 23.68it/s]
Batches:  18%|█▊        | 74/402 [00:04<00:13, 24.21it/s]
Batches:  19%|█▉        | 77/402 [00:04<00:13, 24.37it/s]
Batches:  20%|█▉        | 80/402 [00:04<00:12, 24.93it/s]
Batches:  21%|██        | 83/402 [00:04<00:12, 25.72it/s]
Batches:  21%|██▏       | 86/402 [00:04<00:12, 26.01it/s]
Batches:  22%|██▏       | 89/402 [00:04<00:11, 26.73it/s]
Batches:  23%|██▎       | 92/402 [00:04<00:11, 26.46it/s]
Batches:  24%|██▎       | 95/402 [00:05<00:11, 27.19it/s]
Batches:  24%|██▍       | 98/402 [00:05<00:10, 27.84it/s]
Batches:  25%|██▌       | 101/402 [00:05<00:10, 28.08it/s]
Batches:  26%|██▌       | 104/402 [00:05<00:10, 28.42it/s]
Batches:  27%|██▋       | 107/402 [00:05<00:10, 28.80it/s]
Batches:  27%|██▋       | 110/402 [00:05<00:10, 29.06it/s]
Batches:  28%|██▊       | 113/402 [00:05<00:10, 28.82it/s]
Batches:  29%|██▉       | 117/402 [00:05<00:09, 29.48it/s]
Batches:  30%|███       | 121/402 [00:05<00:09, 30.67it/s]
Batches:  31%|███       | 125/402 [00:06<00:08, 31.40it/s]
Batches:  32%|███▏      | 129/402 [00:06<00:08, 32.02it/s]
Batches:  33%|███▎      | 133/402 [00:06<00:08, 32.38it/s]
Batches:  34%|███▍      | 137/402 [00:06<00:07, 33.30it/s]
Batches:  35%|███▌      | 141/402 [00:06<00:07, 34.22it/s]
Batches:  36%|███▌      | 145/402 [00:06<00:07, 34.84it/s]
Batches:  37%|███▋      | 150/402 [00:06<00:06, 36.97it/s]
Batches:  39%|███▊      | 155/402 [00:06<00:06, 38.27it/s]
Batches:  40%|███▉      | 160/402 [00:06<00:06, 39.58it/s]
Batches:  41%|████      | 165/402 [00:07<00:05, 41.29it/s]
Batches:  42%|████▏     | 170/402 [00:07<00:05, 42.67it/s]
Batches:  44%|████▍     | 176/402 [00:07<00:04, 45.38it/s]
Batches:  45%|████▌     | 182/402 [00:07<00:04, 48.10it/s]
Batches:  47%|████▋     | 188/402 [00:07<00:04, 51.24it/s]
Batches:  49%|████▊     | 195/402 [00:07<00:03, 55.85it/s]
Batches:  50%|█████     | 203/402 [00:07<00:03, 61.32it/s]
Batches:  53%|█████▎    | 212/402 [00:07<00:02, 67.65it/s]
Batches:  55%|█████▍    | 221/402 [00:07<00:02, 72.44it/s]
Batches:  57%|█████▋    | 230/402 [00:08<00:02, 76.63it/s]
Batches:  60%|█████▉    | 240/402 [00:08<00:01, 81.03it/s]
Batches:  62%|██████▏   | 250/402 [00:08<00:01, 84.41it/s]
Batches:  65%|██████▍   | 260/402 [00:08<00:01, 87.51it/s]
Batches:  67%|██████▋   | 270/402 [00:08<00:01, 89.39it/s]
Batches:  70%|██████▉   | 280/402 [00:08<00:01, 91.25it/s]
Batches:  72%|███████▏  | 291/402 [00:08<00:01, 93.97it/s]
Batches:  75%|███████▍  | 301/402 [00:08<00:01, 95.08it/s]
Batches:  77%|███████▋  | 311/402 [00:08<00:00, 96.20it/s]
Batches:  80%|███████▉  | 321/402 [00:08<00:00, 96.61it/s]
Batches:  83%|████████▎ | 332/402 [00:09<00:00, 98.83it/s]
Batches:  85%|████████▌ | 343/402 [00:09<00:00, 99.87it/s]
Batches:  88%|████████▊ | 353/402 [00:09<00:00, 93.42it/s]
Batches:  91%|█████████ | 364/402 [00:09<00:00, 95.57it/s]
Batches:  93%|█████████▎| 374/402 [00:09<00:00, 96.70it/s]
Batches:  96%|█████████▌| 385/402 [00:09<00:00, 98.64it/s]
Batches:  99%|█████████▊| 396/402 [00:09<00:00, 100.36it/s]
Batches: 100%|██████████| 402/402 [00:09<00:00, 41.00it/s]
[ace] retrieving
[embed] encoding 500 texts on device=cuda:0

Batches:   0%|          | 0/8 [00:00<?, ?it/s]
Batches:  50%|█████     | 4/8 [00:00<00:00, 36.67it/s]
Batches: 100%|██████████| 8/8 [00:00<00:00, 42.21it/s]
[density] loading reader once
`torch_dtype` is deprecated! Use `dtype` instead!

Loading checkpoint shards:   0%|          | 0/2 [00:00<?, ?it/s]
Loading checkpoint shards:  50%|█████     | 1/2 [00:02<00:02,  2.45s/it]
Loading checkpoint shards: 100%|██████████| 2/2 [00:03<00:00,  1.82s/it]
Loading checkpoint shards: 100%|██████████| 2/2 [00:03<00:00,  1.91s/it]
[reader] loaded Qwen/Qwen2.5-3B-Instruct (device_map=None, 4bit=False) entry=cuda:0
[density] materializing policy=chunk_packed_96
[density] generating policy=chunk_packed_96
The following generation flags are not valid and may be ignored: ['temperature', 'top_p', 'top_k']. Set `TRANSFORMERS_VERBOSITY=info` for more details.
[reader] generated 2/500
[reader] generated 4/500
[reader] generated 6/500
[reader] generated 8/500
[reader] generated 10/500
[reader] generated 12/500
[reader] generated 14/500
[reader] generated 16/500
[reader] generated 18/500
[reader] generated 20/500
[reader] generated 22/500
[reader] generated 24/500
[reader] generated 26/500
[reader] generated 28/500
[reader] generated 30/500
[reader] generated 32/500
[reader] generated 34/500
[reader] generated 36/500
[reader] generated 38/500
[reader] generated 40/500
[reader] generated 42/500
[reader] generated 44/500
[reader] generated 46/500
[reader] generated 48/500
[reader] generated 50/500
[reader] generated 52/500
[reader] generated 54/500
[reader] generated 56/500
[reader] generated 58/500
[reader] generated 60/500
[reader] generated 62/500
[reader] generated 64/500
[reader] generated 66/500
[reader] generated 68/500
[reader] generated 70/500
[reader] generated 72/500
[reader] generated 74/500
[reader] generated 76/500
[reader] generated 78/500
[reader] generated 80/500
[reader] generated 82/500
[reader] generated 84/500
[reader] generated 86/500
[reader] generated 88/500
[reader] generated 90/500
[reader] generated 92/500
[reader] generated 94/500
[reader] generated 96/500
[reader] generated 98/500
[reader] generated 100/500
[reader] generated 102/500
[reader] generated 104/500
[reader] generated 106/500
[reader] generated 108/500
[reader] generated 110/500
[reader] generated 112/500
[reader] generated 114/500
[reader] generated 116/500
[reader] generated 118/500
[reader] generated 120/500
[reader] generated 122/500
[reader] generated 124/500
[reader] generated 126/500
[reader] generated 128/500
[reader] generated 130/500
[reader] generated 132/500
[reader] generated 134/500
[reader] generated 136/500
[reader] generated 138/500
[reader] generated 140/500
[reader] generated 142/500
[reader] generated 144/500
[reader] generated 146/500
[reader] generated 148/500
[reader] generated 150/500
[reader] generated 152/500
[reader] generated 154/500
[reader] generated 156/500
[reader] generated 158/500
[reader] generated 160/500
[reader] generated 162/500
[reader] generated 164/500
[reader] generated 166/500
[reader] generated 168/500
[reader] generated 170/500
[reader] generated 172/500
[reader] generated 174/500
[reader] generated 176/500
[reader] generated 178/500
[reader] generated 180/500
[reader] generated 182/500
[reader] generated 184/500
[reader] generated 186/500
[reader] generated 188/500
[reader] generated 190/500
[reader] generated 192/500
[reader] generated 194/500
[reader] generated 196/500
[reader] generated 198/500
[reader] generated 200/500
[reader] generated 202/500
[reader] generated 204/500
[reader] generated 206/500
[reader] generated 208/500
[reader] generated 210/500
[reader] generated 212/500
[reader] generated 214/500
[reader] generated 216/500
[reader] generated 218/500
[reader] generated 220/500
[reader] generated 222/500
[reader] generated 224/500
[reader] generated 226/500
[reader] generated 228/500
[reader] generated 230/500
[reader] generated 232/500
[reader] generated 234/500
[reader] generated 236/500
[reader] generated 238/500
[reader] generated 240/500
[reader] generated 242/500
[reader] generated 244/500
[reader] generated 246/500
[reader] generated 248/500
[reader] generated 250/500
[reader] generated 252/500
[reader] generated 254/500
[reader] generated 256/500
[reader] generated 258/500
[reader] generated 260/500
[reader] generated 262/500
[reader] generated 264/500
[reader] generated 266/500
[reader] generated 268/500
[reader] generated 270/500
[reader] generated 272/500
[reader] generated 274/500
[reader] generated 276/500
[reader] generated 278/500
[reader] generated 280/500
[reader] generated 282/500
[reader] generated 284/500
[reader] generated 286/500
[reader] generated 288/500
[reader] generated 290/500
[reader] generated 292/500
[reader] generated 294/500
[reader] generated 296/500
[reader] generated 298/500
[reader] generated 300/500
[reader] generated 302/500
[reader] generated 304/500
[reader] generated 306/500
[reader] generated 308/500
[reader] generated 310/500
[reader] generated 312/500
[reader] generated 314/500
[reader] generated 316/500
[reader] generated 318/500
[reader] generated 320/500
[reader] generated 322/500
[reader] generated 324/500
[reader] generated 326/500
[reader] generated 328/500
[reader] generated 330/500
[reader] generated 332/500
[reader] generated 334/500
[reader] generated 336/500
[reader] generated 338/500
[reader] generated 340/500
[reader] generated 342/500
[reader] generated 344/500
[reader] generated 346/500
[reader] generated 348/500
[reader] generated 350/500
[reader] generated 352/500
[reader] generated 354/500
[reader] generated 356/500
[reader] generated 358/500
[reader] generated 360/500
[reader] generated 362/500
[reader] generated 364/500
[reader] generated 366/500
[reader] generated 368/500
[reader] generated 370/500
[reader] generated 372/500
[reader] generated 374/500
[reader] generated 376/500
[reader] generated 378/500
[reader] generated 380/500
[reader] generated 382/500
[reader] generated 384/500
[reader] generated 386/500
[reader] generated 388/500
[reader] generated 390/500
[reader] generated 392/500
[reader] generated 394/500
[reader] generated 396/500
[reader] generated 398/500
[reader] generated 400/500
[reader] generated 402/500
[reader] generated 404/500
[reader] generated 406/500
[reader] generated 408/500
[reader] generated 410/500
[reader] generated 412/500
[reader] generated 414/500
[reader] generated 416/500
[reader] generated 418/500
[reader] generated 420/500
[reader] generated 422/500
[reader] generated 424/500
[reader] generated 426/500
[reader] generated 428/500
[reader] generated 430/500
[reader] generated 432/500
[reader] generated 434/500
[reader] generated 436/500
[reader] generated 438/500
[reader] generated 440/500
[reader] generated 442/500
[reader] generated 444/500
[reader] generated 446/500
[reader] generated 448/500
[reader] generated 450/500
[reader] generated 452/500
[reader] generated 454/500
[reader] generated 456/500
[reader] generated 458/500
[reader] generated 460/500
[reader] generated 462/500
[reader] generated 464/500
[reader] generated 466/500
[reader] generated 468/500
[reader] generated 470/500
[reader] generated 472/500
[reader] generated 474/500
[reader] generated 476/500
[reader] generated 478/500
[reader] generated 480/500
[reader] generated 482/500
[reader] generated 484/500
[reader] generated 486/500
[reader] generated 488/500
[reader] generated 490/500
[reader] generated 492/500
[reader] generated 494/500
[reader] generated 496/500
[reader] generated 498/500
[reader] generated 500/500
[density] policy=chunk_packed_96, router_type=fixed, representation=chunk, packer=packed, reader_model=Qwen/Qwen2.5-3B-Instruct, packed_token_budget=96, recall@1=0.4305, all_gold@1=0.0, recall@2=0.629, all_gold@2=0.29, recall@5=0.718, all_gold@5=0.43, qwen_em=0.18, qwen_f1=0.1923, avg_reader_evidence_tokens=86.59, mean_ans_in_context=0.256, mean_ans_in_context_soft=0.3332, mean_gold_token_density=0.3579, mean_gold_doc_reader_cov=0.388, mean_all_gold_reader=0.09, mean_distractor_docs=1.756, mean_context_tokens=86.586, mean_n_snippets=2.77
[density] materializing policy=chunk_focused_96
[density] generating policy=chunk_focused_96
[reader] generated 2/500
[reader] generated 4/500
[reader] generated 6/500
[reader] generated 8/500
[reader] generated 10/500
[reader] generated 12/500
[reader] generated 14/500
[reader] generated 16/500
[reader] generated 18/500
[reader] generated 20/500
[reader] generated 22/500
[reader] generated 24/500
[reader] generated 26/500
[reader] generated 28/500
[reader] generated 30/500
[reader] generated 32/500
[reader] generated 34/500
[reader] generated 36/500
[reader] generated 38/500
[reader] generated 40/500
[reader] generated 42/500
[reader] generated 44/500
[reader] generated 46/500
[reader] generated 48/500
[reader] generated 50/500
[reader] generated 52/500
[reader] generated 54/500
[reader] generated 56/500
[reader] generated 58/500
[reader] generated 60/500
[reader] generated 62/500
[reader] generated 64/500
[reader] generated 66/500
[reader] generated 68/500
[reader] generated 70/500
[reader] generated 72/500
[reader] generated 74/500
[reader] generated 76/500
[reader] generated 78/500
[reader] generated 80/500
[reader] generated 82/500
[reader] generated 84/500
[reader] generated 86/500
[reader] generated 88/500
[reader] generated 90/500
[reader] generated 92/500
[reader] generated 94/500
[reader] generated 96/500
[reader] generated 98/500
[reader] generated 100/500
[reader] generated 102/500
[reader] generated 104/500
[reader] generated 106/500
[reader] generated 108/500
[reader] generated 110/500
[reader] generated 112/500
[reader] generated 114/500
[reader] generated 116/500
[reader] generated 118/500
[reader] generated 120/500
[reader] generated 122/500
[reader] generated 124/500
[reader] generated 126/500
[reader] generated 128/500
[reader] generated 130/500
[reader] generated 132/500
[reader] generated 134/500
[reader] generated 136/500
[reader] generated 138/500
[reader] generated 140/500
[reader] generated 142/500
[reader] generated 144/500
[reader] generated 146/500
[reader] generated 148/500
[reader] generated 150/500
[reader] generated 152/500
[reader] generated 154/500
[reader] generated 156/500
[reader] generated 158/500
[reader] generated 160/500
[reader] generated 162/500
[reader] generated 164/500
[reader] generated 166/500
[reader] generated 168/500
[reader] generated 170/500
[reader] generated 172/500
[reader] generated 174/500
[reader] generated 176/500
[reader] generated 178/500
[reader] generated 180/500
[reader] generated 182/500
[reader] generated 184/500
[reader] generated 186/500
[reader] generated 188/500
[reader] generated 190/500
[reader] generated 192/500
[reader] generated 194/500
[reader] generated 196/500
[reader] generated 198/500
[reader] generated 200/500
[reader] generated 202/500
[reader] generated 204/500
[reader] generated 206/500
[reader] generated 208/500
[reader] generated 210/500
[reader] generated 212/500
[reader] generated 214/500
[reader] generated 216/500
[reader] generated 218/500
[reader] generated 220/500
[reader] generated 222/500
[reader] generated 224/500
[reader] generated 226/500
[reader] generated 228/500
[reader] generated 230/500
[reader] generated 232/500
[reader] generated 234/500
[reader] generated 236/500
[reader] generated 238/500
[reader] generated 240/500
[reader] generated 242/500
[reader] generated 244/500
[reader] generated 246/500
[reader] generated 248/500
[reader] generated 250/500
[reader] generated 252/500
[reader] generated 254/500
[reader] generated 256/500
[reader] generated 258/500
[reader] generated 260/500
[reader] generated 262/500
[reader] generated 264/500
[reader] generated 266/500
[reader] generated 268/500
[reader] generated 270/500
[reader] generated 272/500
[reader] generated 274/500
[reader] generated 276/500
[reader] generated 278/500
[reader] generated 280/500
[reader] generated 282/500
[reader] generated 284/500
[reader] generated 286/500
[reader] generated 288/500
[reader] generated 290/500
[reader] generated 292/500
[reader] generated 294/500
[reader] generated 296/500
[reader] generated 298/500
[reader] generated 300/500
[reader] generated 302/500
[reader] generated 304/500
[reader] generated 306/500
[reader] generated 308/500
[reader] generated 310/500
[reader] generated 312/500
[reader] generated 314/500
[reader] generated 316/500
[reader] generated 318/500
[reader] generated 320/500
[reader] generated 322/500
[reader] generated 324/500
[reader] generated 326/500
[reader] generated 328/500
[reader] generated 330/500
[reader] generated 332/500
[reader] generated 334/500
[reader] generated 336/500
[reader] generated 338/500
[reader] generated 340/500
[reader] generated 342/500
[reader] generated 344/500
[reader] generated 346/500
[reader] generated 348/500
[reader] generated 350/500
[reader] generated 352/500
[reader] generated 354/500
[reader] generated 356/500
[reader] generated 358/500
[reader] generated 360/500
[reader] generated 362/500
[reader] generated 364/500
[reader] generated 366/500
[reader] generated 368/500
[reader] generated 370/500
[reader] generated 372/500
[reader] generated 374/500
[reader] generated 376/500
[reader] generated 378/500
[reader] generated 380/500
[reader] generated 382/500
[reader] generated 384/500
[reader] generated 386/500
[reader] generated 388/500
[reader] generated 390/500
[reader] generated 392/500
[reader] generated 394/500
[reader] generated 396/500
[reader] generated 398/500
[reader] generated 400/500
[reader] generated 402/500
[reader] generated 404/500
[reader] generated 406/500
[reader] generated 408/500
[reader] generated 410/500
[reader] generated 412/500
[reader] generated 414/500
[reader] generated 416/500
[reader] generated 418/500
[reader] generated 420/500
[reader] generated 422/500
[reader] generated 424/500
[reader] generated 426/500
[reader] generated 428/500
[reader] generated 430/500
[reader] generated 432/500
[reader] generated 434/500
[reader] generated 436/500
[reader] generated 438/500
[reader] generated 440/500
[reader] generated 442/500
[reader] generated 444/500
[reader] generated 446/500
[reader] generated 448/500
[reader] generated 450/500
[reader] generated 452/500
[reader] generated 454/500
[reader] generated 456/500
[reader] generated 458/500
[reader] generated 460/500
[reader] generated 462/500
[reader] generated 464/500
[reader] generated 466/500
[reader] generated 468/500
[reader] generated 470/500
[reader] generated 472/500
[reader] generated 474/500
[reader] generated 476/500
[reader] generated 478/500
[reader] generated 480/500
[reader] generated 482/500
[reader] generated 484/500
[reader] generated 486/500
[reader] generated 488/500
[reader] generated 490/500
[reader] generated 492/500
[reader] generated 494/500
[reader] generated 496/500
[reader] generated 498/500
[reader] generated 500/500
[density] policy=chunk_focused_96, router_type=fixed, representation=chunk, packer=focused, reader_model=Qwen/Qwen2.5-3B-Instruct, packed_token_budget=96, recall@1=0.4305, all_gold@1=0.0, recall@2=0.629, all_gold@2=0.29, recall@5=0.718, all_gold@5=0.43, qwen_em=0.224, qwen_f1=0.2392, avg_reader_evidence_tokens=87.27, mean_ans_in_context=0.304, mean_ans_in_context_soft=0.3878, mean_gold_token_density=0.5547, mean_gold_doc_reader_cov=0.4915, mean_all_gold_reader=0.15, mean_distractor_docs=1.224, mean_context_tokens=87.266, mean_n_snippets=2.482
[density] materializing policy=chunk_mmr_96
[density] generating policy=chunk_mmr_96
[reader] generated 2/500
[reader] generated 4/500
[reader] generated 6/500
[reader] generated 8/500
[reader] generated 10/500
[reader] generated 12/500
[reader] generated 14/500
[reader] generated 16/500
[reader] generated 18/500
[reader] generated 20/500
[reader] generated 22/500
[reader] generated 24/500
[reader] generated 26/500
[reader] generated 28/500
[reader] generated 30/500
[reader] generated 32/500
[reader] generated 34/500
[reader] generated 36/500
[reader] generated 38/500
[reader] generated 40/500
[reader] generated 42/500
[reader] generated 44/500
[reader] generated 46/500
[reader] generated 48/500
[reader] generated 50/500
[reader] generated 52/500
[reader] generated 54/500
[reader] generated 56/500
[reader] generated 58/500
[reader] generated 60/500
[reader] generated 62/500
[reader] generated 64/500
[reader] generated 66/500
[reader] generated 68/500
[reader] generated 70/500
[reader] generated 72/500
[reader] generated 74/500
[reader] generated 76/500
[reader] generated 78/500
[reader] generated 80/500
[reader] generated 82/500
[reader] generated 84/500
[reader] generated 86/500
[reader] generated 88/500
[reader] generated 90/500
[reader] generated 92/500
[reader] generated 94/500
[reader] generated 96/500
[reader] generated 98/500
[reader] generated 100/500
[reader] generated 102/500
[reader] generated 104/500
[reader] generated 106/500
[reader] generated 108/500
[reader] generated 110/500
[reader] generated 112/500
[reader] generated 114/500
[reader] generated 116/500
[reader] generated 118/500
[reader] generated 120/500
[reader] generated 122/500
[reader] generated 124/500
[reader] generated 126/500
[reader] generated 128/500
[reader] generated 130/500
[reader] generated 132/500
[reader] generated 134/500
[reader] generated 136/500
[reader] generated 138/500
[reader] generated 140/500
[reader] generated 142/500
[reader] generated 144/500
[reader] generated 146/500
[reader] generated 148/500
[reader] generated 150/500
[reader] generated 152/500
[reader] generated 154/500
[reader] generated 156/500
[reader] generated 158/500
[reader] generated 160/500
[reader] generated 162/500
[reader] generated 164/500
[reader] generated 166/500
[reader] generated 168/500
[reader] generated 170/500
[reader] generated 172/500
[reader] generated 174/500
[reader] generated 176/500
[reader] generated 178/500
[reader] generated 180/500
[reader] generated 182/500
[reader] generated 184/500
[reader] generated 186/500
[reader] generated 188/500
[reader] generated 190/500
[reader] generated 192/500
[reader] generated 194/500
[reader] generated 196/500
[reader] generated 198/500
[reader] generated 200/500
[reader] generated 202/500
[reader] generated 204/500
[reader] generated 206/500
[reader] generated 208/500
[reader] generated 210/500
[reader] generated 212/500
[reader] generated 214/500
[reader] generated 216/500
[reader] generated 218/500
[reader] generated 220/500
[reader] generated 222/500
[reader] generated 224/500
[reader] generated 226/500
[reader] generated 228/500
[reader] generated 230/500
[reader] generated 232/500
[reader] generated 234/500
[reader] generated 236/500
[reader] generated 238/500
[reader] generated 240/500
[reader] generated 242/500
[reader] generated 244/500
[reader] generated 246/500
[reader] generated 248/500
[reader] generated 250/500
[reader] generated 252/500
[reader] generated 254/500
[reader] generated 256/500
[reader] generated 258/500
[reader] generated 260/500
[reader] generated 262/500
[reader] generated 264/500
[reader] generated 266/500
[reader] generated 268/500
[reader] generated 270/500
[reader] generated 272/500
[reader] generated 274/500
[reader] generated 276/500
[reader] generated 278/500
[reader] generated 280/500
[reader] generated 282/500
[reader] generated 284/500
[reader] generated 286/500
[reader] generated 288/500
[reader] generated 290/500
[reader] generated 292/500
[reader] generated 294/500
[reader] generated 296/500
[reader] generated 298/500
[reader] generated 300/500
[reader] generated 302/500
[reader] generated 304/500
[reader] generated 306/500
[reader] generated 308/500
[reader] generated 310/500
[reader] generated 312/500
[reader] generated 314/500
[reader] generated 316/500
[reader] generated 318/500
[reader] generated 320/500
[reader] generated 322/500
[reader] generated 324/500
[reader] generated 326/500
[reader] generated 328/500
[reader] generated 330/500
[reader] generated 332/500
[reader] generated 334/500
[reader] generated 336/500
[reader] generated 338/500
[reader] generated 340/500
[reader] generated 342/500
[reader] generated 344/500
[reader] generated 346/500
[reader] generated 348/500
[reader] generated 350/500
[reader] generated 352/500
[reader] generated 354/500
[reader] generated 356/500
[reader] generated 358/500
[reader] generated 360/500
[reader] generated 362/500
[reader] generated 364/500
[reader] generated 366/500
[reader] generated 368/500
[reader] generated 370/500
[reader] generated 372/500
[reader] generated 374/500
[reader] generated 376/500
[reader] generated 378/500
[reader] generated 380/500
[reader] generated 382/500
[reader] generated 384/500
[reader] generated 386/500
[reader] generated 388/500
[reader] generated 390/500
[reader] generated 392/500
[reader] generated 394/500
[reader] generated 396/500
[reader] generated 398/500
[reader] generated 400/500
[reader] generated 402/500
[reader] generated 404/500
[reader] generated 406/500
[reader] generated 408/500
[reader] generated 410/500
[reader] generated 412/500
[reader] generated 414/500
[reader] generated 416/500
[reader] generated 418/500
[reader] generated 420/500
[reader] generated 422/500
[reader] generated 424/500
[reader] generated 426/500
[reader] generated 428/500
[reader] generated 430/500
[reader] generated 432/500
[reader] generated 434/500
[reader] generated 436/500
[reader] generated 438/500
[reader] generated 440/500
[reader] generated 442/500
[reader] generated 444/500
[reader] generated 446/500
[reader] generated 448/500
[reader] generated 450/500
[reader] generated 452/500
[reader] generated 454/500
[reader] generated 456/500
[reader] generated 458/500
[reader] generated 460/500
[reader] generated 462/500
[reader] generated 464/500
[reader] generated 466/500
[reader] generated 468/500
[reader] generated 470/500
[reader] generated 472/500
[reader] generated 474/500
[reader] generated 476/500
[reader] generated 478/500
[reader] generated 480/500
[reader] generated 482/500
[reader] generated 484/500
[reader] generated 486/500
[reader] generated 488/500
[reader] generated 490/500
[reader] generated 492/500
[reader] generated 494/500
[reader] generated 496/500
[reader] generated 498/500
[reader] generated 500/500
[density] policy=chunk_mmr_96, router_type=fixed, representation=chunk, packer=mmr, reader_model=Qwen/Qwen2.5-3B-Instruct, packed_token_budget=96, recall@1=0.4305, all_gold@1=0.0, recall@2=0.629, all_gold@2=0.29, recall@5=0.718, all_gold@5=0.43, qwen_em=0.204, qwen_f1=0.2205, avg_reader_evidence_tokens=87.65, mean_ans_in_context=0.282, mean_ans_in_context_soft=0.3615, mean_gold_token_density=0.4991, mean_gold_doc_reader_cov=0.445, mean_all_gold_reader=0.122, mean_distractor_docs=1.36, mean_context_tokens=87.654, mean_n_snippets=2.578
[density] materializing policy=chunk_submod_96
[density] generating policy=chunk_submod_96
[reader] generated 2/500
[reader] generated 4/500
[reader] generated 6/500
[reader] generated 8/500
[reader] generated 10/500
[reader] generated 12/500
[reader] generated 14/500
[reader] generated 16/500
[reader] generated 18/500
[reader] generated 20/500
[reader] generated 22/500
[reader] generated 24/500
[reader] generated 26/500
[reader] generated 28/500
[reader] generated 30/500
[reader] generated 32/500
[reader] generated 34/500
[reader] generated 36/500
[reader] generated 38/500
[reader] generated 40/500
[reader] generated 42/500
[reader] generated 44/500
[reader] generated 46/500
[reader] generated 48/500
[reader] generated 50/500
[reader] generated 52/500
[reader] generated 54/500
[reader] generated 56/500
[reader] generated 58/500
[reader] generated 60/500
[reader] generated 62/500
[reader] generated 64/500
[reader] generated 66/500
[reader] generated 68/500
[reader] generated 70/500
[reader] generated 72/500
[reader] generated 74/500
[reader] generated 76/500
[reader] generated 78/500
[reader] generated 80/500
[reader] generated 82/500
[reader] generated 84/500
[reader] generated 86/500
[reader] generated 88/500
[reader] generated 90/500
[reader] generated 92/500
[reader] generated 94/500
[reader] generated 96/500
[reader] generated 98/500
[reader] generated 100/500
[reader] generated 102/500
[reader] generated 104/500
[reader] generated 106/500
[reader] generated 108/500
[reader] generated 110/500
[reader] generated 112/500
[reader] generated 114/500
[reader] generated 116/500
[reader] generated 118/500
[reader] generated 120/500
[reader] generated 122/500
[reader] generated 124/500
[reader] generated 126/500
[reader] generated 128/500
[reader] generated 130/500
[reader] generated 132/500
[reader] generated 134/500
[reader] generated 136/500
[reader] generated 138/500
[reader] generated 140/500
[reader] generated 142/500
[reader] generated 144/500
[reader] generated 146/500
[reader] generated 148/500
[reader] generated 150/500
[reader] generated 152/500
[reader] generated 154/500
[reader] generated 156/500
[reader] generated 158/500
[reader] generated 160/500
[reader] generated 162/500
[reader] generated 164/500
[reader] generated 166/500
[reader] generated 168/500
[reader] generated 170/500
[reader] generated 172/500
[reader] generated 174/500
[reader] generated 176/500
[reader] generated 178/500
[reader] generated 180/500
[reader] generated 182/500
[reader] generated 184/500
[reader] generated 186/500
[reader] generated 188/500
[reader] generated 190/500
[reader] generated 192/500
[reader] generated 194/500
[reader] generated 196/500
[reader] generated 198/500
[reader] generated 200/500
[reader] generated 202/500
[reader] generated 204/500
[reader] generated 206/500
[reader] generated 208/500
[reader] generated 210/500
[reader] generated 212/500
[reader] generated 214/500
[reader] generated 216/500
[reader] generated 218/500
[reader] generated 220/500
[reader] generated 222/500
[reader] generated 224/500
[reader] generated 226/500
[reader] generated 228/500
[reader] generated 230/500
[reader] generated 232/500
[reader] generated 234/500
[reader] generated 236/500
[reader] generated 238/500
[reader] generated 240/500
[reader] generated 242/500
[reader] generated 244/500
[reader] generated 246/500
[reader] generated 248/500
[reader] generated 250/500
[reader] generated 252/500
[reader] generated 254/500
[reader] generated 256/500
[reader] generated 258/500
[reader] generated 260/500
[reader] generated 262/500
[reader] generated 264/500
[reader] generated 266/500
[reader] generated 268/500
[reader] generated 270/500
[reader] generated 272/500
[reader] generated 274/500
[reader] generated 276/500
[reader] generated 278/500
[reader] generated 280/500
[reader] generated 282/500
[reader] generated 284/500
[reader] generated 286/500
[reader] generated 288/500
[reader] generated 290/500
[reader] generated 292/500
[reader] generated 294/500
[reader] generated 296/500
[reader] generated 298/500
[reader] generated 300/500
[reader] generated 302/500
[reader] generated 304/500
[reader] generated 306/500
[reader] generated 308/500
[reader] generated 310/500
[reader] generated 312/500
[reader] generated 314/500
[reader] generated 316/500
[reader] generated 318/500
[reader] generated 320/500
[reader] generated 322/500
[reader] generated 324/500
[reader] generated 326/500
[reader] generated 328/500
[reader] generated 330/500
[reader] generated 332/500
[reader] generated 334/500
[reader] generated 336/500
[reader] generated 338/500
[reader] generated 340/500
[reader] generated 342/500
[reader] generated 344/500
[reader] generated 346/500
[reader] generated 348/500
[reader] generated 350/500
[reader] generated 352/500
[reader] generated 354/500
[reader] generated 356/500
[reader] generated 358/500
[reader] generated 360/500
[reader] generated 362/500
[reader] generated 364/500
[reader] generated 366/500
[reader] generated 368/500
[reader] generated 370/500
[reader] generated 372/500
[reader] generated 374/500
[reader] generated 376/500
[reader] generated 378/500
[reader] generated 380/500
[reader] generated 382/500
[reader] generated 384/500
[reader] generated 386/500
[reader] generated 388/500
[reader] generated 390/500
[reader] generated 392/500
[reader] generated 394/500
[reader] generated 396/500
[reader] generated 398/500
[reader] generated 400/500
[reader] generated 402/500
[reader] generated 404/500
[reader] generated 406/500
[reader] generated 408/500
[reader] generated 410/500
[reader] generated 412/500
[reader] generated 414/500
[reader] generated 416/500
[reader] generated 418/500
[reader] generated 420/500
[reader] generated 422/500
[reader] generated 424/500
[reader] generated 426/500
[reader] generated 428/500
[reader] generated 430/500
[reader] generated 432/500
[reader] generated 434/500
[reader] generated 436/500
[reader] generated 438/500
[reader] generated 440/500
[reader] generated 442/500
[reader] generated 444/500
[reader] generated 446/500
[reader] generated 448/500
[reader] generated 450/500
[reader] generated 452/500
[reader] generated 454/500
[reader] generated 456/500
[reader] generated 458/500
[reader] generated 460/500
[reader] generated 462/500
[reader] generated 464/500
[reader] generated 466/500
[reader] generated 468/500
[reader] generated 470/500
[reader] generated 472/500
[reader] generated 474/500
[reader] generated 476/500
[reader] generated 478/500
[reader] generated 480/500
[reader] generated 482/500
[reader] generated 484/500
[reader] generated 486/500
[reader] generated 488/500
[reader] generated 490/500
[reader] generated 492/500
[reader] generated 494/500
[reader] generated 496/500
[reader] generated 498/500
[reader] generated 500/500
[density] policy=chunk_submod_96, router_type=fixed, representation=chunk, packer=submod, reader_model=Qwen/Qwen2.5-3B-Instruct, packed_token_budget=96, recall@1=0.4305, all_gold@1=0.0, recall@2=0.629, all_gold@2=0.29, recall@5=0.718, all_gold@5=0.43, qwen_em=0.206, qwen_f1=0.2172, avg_reader_evidence_tokens=84.21, mean_ans_in_context=0.314, mean_ans_in_context_soft=0.3899, mean_gold_token_density=0.4766, mean_gold_doc_reader_cov=0.533, mean_all_gold_reader=0.202, mean_distractor_docs=1.662, mean_context_tokens=84.206, mean_n_snippets=3.256
[density] materializing policy=ace_focused_96
[density] generating policy=ace_focused_96
[reader] generated 2/500
[reader] generated 4/500
[reader] generated 6/500
[reader] generated 8/500
[reader] generated 10/500
[reader] generated 12/500
[reader] generated 14/500
[reader] generated 16/500
[reader] generated 18/500
[reader] generated 20/500
[reader] generated 22/500
[reader] generated 24/500
[reader] generated 26/500
[reader] generated 28/500
[reader] generated 30/500
[reader] generated 32/500
[reader] generated 34/500
[reader] generated 36/500
[reader] generated 38/500
[reader] generated 40/500
[reader] generated 42/500
[reader] generated 44/500
[reader] generated 46/500
[reader] generated 48/500
[reader] generated 50/500
[reader] generated 52/500
[reader] generated 54/500
[reader] generated 56/500
[reader] generated 58/500
[reader] generated 60/500
[reader] generated 62/500
[reader] generated 64/500
[reader] generated 66/500
[reader] generated 68/500
[reader] generated 70/500
[reader] generated 72/500
[reader] generated 74/500
[reader] generated 76/500
[reader] generated 78/500
[reader] generated 80/500
[reader] generated 82/500
[reader] generated 84/500
[reader] generated 86/500
[reader] generated 88/500
[reader] generated 90/500
[reader] generated 92/500
[reader] generated 94/500
[reader] generated 96/500
[reader] generated 98/500
[reader] generated 100/500
[reader] generated 102/500
[reader] generated 104/500
[reader] generated 106/500
[reader] generated 108/500
[reader] generated 110/500
[reader] generated 112/500
[reader] generated 114/500
[reader] generated 116/500
[reader] generated 118/500
[reader] generated 120/500
[reader] generated 122/500
[reader] generated 124/500
[reader] generated 126/500
[reader] generated 128/500
[reader] generated 130/500
[reader] generated 132/500
[reader] generated 134/500
[reader] generated 136/500
[reader] generated 138/500
[reader] generated 140/500
[reader] generated 142/500
[reader] generated 144/500
[reader] generated 146/500
[reader] generated 148/500
[reader] generated 150/500
[reader] generated 152/500
[reader] generated 154/500
[reader] generated 156/500
[reader] generated 158/500
[reader] generated 160/500
[reader] generated 162/500
[reader] generated 164/500
[reader] generated 166/500
[reader] generated 168/500
[reader] generated 170/500
[reader] generated 172/500
[reader] generated 174/500
[reader] generated 176/500
[reader] generated 178/500
[reader] generated 180/500
[reader] generated 182/500
[reader] generated 184/500
[reader] generated 186/500
[reader] generated 188/500
[reader] generated 190/500
[reader] generated 192/500
[reader] generated 194/500
[reader] generated 196/500
[reader] generated 198/500
[reader] generated 200/500
[reader] generated 202/500
[reader] generated 204/500
[reader] generated 206/500
[reader] generated 208/500
[reader] generated 210/500
[reader] generated 212/500
[reader] generated 214/500
[reader] generated 216/500
[reader] generated 218/500
[reader] generated 220/500
[reader] generated 222/500
[reader] generated 224/500
[reader] generated 226/500
[reader] generated 228/500
[reader] generated 230/500
[reader] generated 232/500
[reader] generated 234/500
[reader] generated 236/500
[reader] generated 238/500
[reader] generated 240/500
[reader] generated 242/500
[reader] generated 244/500
[reader] generated 246/500
[reader] generated 248/500
[reader] generated 250/500
[reader] generated 252/500
[reader] generated 254/500
[reader] generated 256/500
[reader] generated 258/500
[reader] generated 260/500
[reader] generated 262/500
[reader] generated 264/500
[reader] generated 266/500
[reader] generated 268/500
[reader] generated 270/500
[reader] generated 272/500
[reader] generated 274/500
[reader] generated 276/500
[reader] generated 278/500
[reader] generated 280/500
[reader] generated 282/500
[reader] generated 284/500
[reader] generated 286/500
[reader] generated 288/500
[reader] generated 290/500
[reader] generated 292/500
[reader] generated 294/500
[reader] generated 296/500
[reader] generated 298/500
[reader] generated 300/500
[reader] generated 302/500
[reader] generated 304/500
[reader] generated 306/500
[reader] generated 308/500
[reader] generated 310/500
[reader] generated 312/500
[reader] generated 314/500
[reader] generated 316/500
[reader] generated 318/500
[reader] generated 320/500
[reader] generated 322/500
[reader] generated 324/500
[reader] generated 326/500
[reader] generated 328/500
[reader] generated 330/500
[reader] generated 332/500
[reader] generated 334/500
[reader] generated 336/500
[reader] generated 338/500
[reader] generated 340/500
[reader] generated 342/500
[reader] generated 344/500
[reader] generated 346/500
[reader] generated 348/500
[reader] generated 350/500
[reader] generated 352/500
[reader] generated 354/500
[reader] generated 356/500
[reader] generated 358/500
[reader] generated 360/500
[reader] generated 362/500
[reader] generated 364/500
[reader] generated 366/500
[reader] generated 368/500
[reader] generated 370/500
[reader] generated 372/500
[reader] generated 374/500
[reader] generated 376/500
[reader] generated 378/500
[reader] generated 380/500
[reader] generated 382/500
[reader] generated 384/500
[reader] generated 386/500
[reader] generated 388/500
[reader] generated 390/500
[reader] generated 392/500
[reader] generated 394/500
[reader] generated 396/500
[reader] generated 398/500
[reader] generated 400/500
[reader] generated 402/500
[reader] generated 404/500
[reader] generated 406/500
[reader] generated 408/500
[reader] generated 410/500
[reader] generated 412/500
[reader] generated 414/500
[reader] generated 416/500
[reader] generated 418/500
[reader] generated 420/500
[reader] generated 422/500
[reader] generated 424/500
[reader] generated 426/500
[reader] generated 428/500
[reader] generated 430/500
[reader] generated 432/500
[reader] generated 434/500
[reader] generated 436/500
[reader] generated 438/500
[reader] generated 440/500
[reader] generated 442/500
[reader] generated 444/500
[reader] generated 446/500
[reader] generated 448/500
[reader] generated 450/500
[reader] generated 452/500
[reader] generated 454/500
[reader] generated 456/500
[reader] generated 458/500
[reader] generated 460/500
[reader] generated 462/500
[reader] generated 464/500
[reader] generated 466/500
[reader] generated 468/500
[reader] generated 470/500
[reader] generated 472/500
[reader] generated 474/500
[reader] generated 476/500
[reader] generated 478/500
[reader] generated 480/500
[reader] generated 482/500
[reader] generated 484/500
[reader] generated 486/500
[reader] generated 488/500
[reader] generated 490/500
[reader] generated 492/500
[reader] generated 494/500
[reader] generated 496/500
[reader] generated 498/500
[reader] generated 500/500
[density] policy=ace_focused_96, router_type=fixed, representation=ace, packer=focused, reader_model=Qwen/Qwen2.5-3B-Instruct, packed_token_budget=96, recall@1=0.4115, all_gold@1=0.0, recall@2=0.6065, all_gold@2=0.272, recall@5=0.711, all_gold@5=0.43, qwen_em=0.246, qwen_f1=0.2613, avg_reader_evidence_tokens=86.49, mean_ans_in_context=0.334, mean_ans_in_context_soft=0.4089, mean_gold_token_density=0.5433, mean_gold_doc_reader_cov=0.552, mean_all_gold_reader=0.216, mean_distractor_docs=1.382, mean_context_tokens=86.486, mean_n_snippets=2.826
[density] materializing policy=ace_mmr_96
[density] generating policy=ace_mmr_96
[reader] generated 2/500
[reader] generated 4/500
[reader] generated 6/500
[reader] generated 8/500
[reader] generated 10/500
[reader] generated 12/500
[reader] generated 14/500
[reader] generated 16/500
[reader] generated 18/500
[reader] generated 20/500
[reader] generated 22/500
[reader] generated 24/500
[reader] generated 26/500
[reader] generated 28/500
[reader] generated 30/500
[reader] generated 32/500
[reader] generated 34/500
[reader] generated 36/500
[reader] generated 38/500
[reader] generated 40/500
[reader] generated 42/500
[reader] generated 44/500
[reader] generated 46/500
[reader] generated 48/500
[reader] generated 50/500
[reader] generated 52/500
[reader] generated 54/500
[reader] generated 56/500
[reader] generated 58/500
[reader] generated 60/500
[reader] generated 62/500
[reader] generated 64/500
[reader] generated 66/500
[reader] generated 68/500
[reader] generated 70/500
[reader] generated 72/500
[reader] generated 74/500
[reader] generated 76/500
[reader] generated 78/500
[reader] generated 80/500
[reader] generated 82/500
[reader] generated 84/500
[reader] generated 86/500
[reader] generated 88/500
[reader] generated 90/500
[reader] generated 92/500
[reader] generated 94/500
[reader] generated 96/500
[reader] generated 98/500
[reader] generated 100/500
[reader] generated 102/500
[reader] generated 104/500
[reader] generated 106/500
[reader] generated 108/500
[reader] generated 110/500
[reader] generated 112/500
[reader] generated 114/500
[reader] generated 116/500
[reader] generated 118/500
[reader] generated 120/500
[reader] generated 122/500
[reader] generated 124/500
[reader] generated 126/500
[reader] generated 128/500
[reader] generated 130/500
[reader] generated 132/500
[reader] generated 134/500
[reader] generated 136/500
[reader] generated 138/500
[reader] generated 140/500
[reader] generated 142/500
[reader] generated 144/500
[reader] generated 146/500
[reader] generated 148/500
[reader] generated 150/500
[reader] generated 152/500
[reader] generated 154/500
[reader] generated 156/500
[reader] generated 158/500
[reader] generated 160/500
[reader] generated 162/500
[reader] generated 164/500
[reader] generated 166/500
[reader] generated 168/500
[reader] generated 170/500
[reader] generated 172/500
[reader] generated 174/500
[reader] generated 176/500
[reader] generated 178/500
[reader] generated 180/500
[reader] generated 182/500
[reader] generated 184/500
[reader] generated 186/500
[reader] generated 188/500
[reader] generated 190/500
[reader] generated 192/500
[reader] generated 194/500
[reader] generated 196/500
[reader] generated 198/500
[reader] generated 200/500
[reader] generated 202/500
[reader] generated 204/500
[reader] generated 206/500
[reader] generated 208/500
[reader] generated 210/500
[reader] generated 212/500
[reader] generated 214/500
[reader] generated 216/500
[reader] generated 218/500
[reader] generated 220/500
[reader] generated 222/500
[reader] generated 224/500
[reader] generated 226/500
[reader] generated 228/500
[reader] generated 230/500
[reader] generated 232/500
[reader] generated 234/500
[reader] generated 236/500
[reader] generated 238/500
[reader] generated 240/500
[reader] generated 242/500
[reader] generated 244/500
[reader] generated 246/500
[reader] generated 248/500
[reader] generated 250/500
[reader] generated 252/500
[reader] generated 254/500
[reader] generated 256/500
[reader] generated 258/500
[reader] generated 260/500
[reader] generated 262/500
[reader] generated 264/500
[reader] generated 266/500
[reader] generated 268/500
[reader] generated 270/500
[reader] generated 272/500
[reader] generated 274/500
[reader] generated 276/500
[reader] generated 278/500
[reader] generated 280/500
[reader] generated 282/500
[reader] generated 284/500
[reader] generated 286/500
[reader] generated 288/500
[reader] generated 290/500
[reader] generated 292/500
[reader] generated 294/500
[reader] generated 296/500
[reader] generated 298/500
[reader] generated 300/500
[reader] generated 302/500
[reader] generated 304/500
[reader] generated 306/500
[reader] generated 308/500
[reader] generated 310/500
[reader] generated 312/500
[reader] generated 314/500
[reader] generated 316/500
[reader] generated 318/500
[reader] generated 320/500
[reader] generated 322/500
[reader] generated 324/500
[reader] generated 326/500
[reader] generated 328/500
[reader] generated 330/500
[reader] generated 332/500
[reader] generated 334/500
[reader] generated 336/500
[reader] generated 338/500
[reader] generated 340/500
[reader] generated 342/500
[reader] generated 344/500
[reader] generated 346/500
[reader] generated 348/500
[reader] generated 350/500
[reader] generated 352/500
[reader] generated 354/500
[reader] generated 356/500
[reader] generated 358/500
[reader] generated 360/500
[reader] generated 362/500
[reader] generated 364/500
[reader] generated 366/500
[reader] generated 368/500
[reader] generated 370/500
[reader] generated 372/500
[reader] generated 374/500
[reader] generated 376/500
[reader] generated 378/500
[reader] generated 380/500
[reader] generated 382/500
[reader] generated 384/500
[reader] generated 386/500
[reader] generated 388/500
[reader] generated 390/500
[reader] generated 392/500
[reader] generated 394/500
[reader] generated 396/500
[reader] generated 398/500
[reader] generated 400/500
[reader] generated 402/500
[reader] generated 404/500
[reader] generated 406/500
[reader] generated 408/500
[reader] generated 410/500
[reader] generated 412/500
[reader] generated 414/500
[reader] generated 416/500
[reader] generated 418/500
[reader] generated 420/500
[reader] generated 422/500
[reader] generated 424/500
[reader] generated 426/500
[reader] generated 428/500
[reader] generated 430/500
[reader] generated 432/500
[reader] generated 434/500
[reader] generated 436/500
[reader] generated 438/500
[reader] generated 440/500
[reader] generated 442/500
[reader] generated 444/500
[reader] generated 446/500
[reader] generated 448/500
[reader] generated 450/500
[reader] generated 452/500
[reader] generated 454/500
[reader] generated 456/500
[reader] generated 458/500
[reader] generated 460/500
[reader] generated 462/500
[reader] generated 464/500
[reader] generated 466/500
[reader] generated 468/500
[reader] generated 470/500
[reader] generated 472/500
[reader] generated 474/500
[reader] generated 476/500
[reader] generated 478/500
[reader] generated 480/500
[reader] generated 482/500
[reader] generated 484/500
[reader] generated 486/500
[reader] generated 488/500
[reader] generated 490/500
[reader] generated 492/500
[reader] generated 494/500
[reader] generated 496/500
[reader] generated 498/500
[reader] generated 500/500
[density] policy=ace_mmr_96, router_type=fixed, representation=ace, packer=mmr, reader_model=Qwen/Qwen2.5-3B-Instruct, packed_token_budget=96, recall@1=0.4115, all_gold@1=0.0, recall@2=0.6065, all_gold@2=0.272, recall@5=0.711, all_gold@5=0.43, qwen_em=0.228, qwen_f1=0.2422, avg_reader_evidence_tokens=86.44, mean_ans_in_context=0.312, mean_ans_in_context_soft=0.3855, mean_gold_token_density=0.4858, mean_gold_doc_reader_cov=0.5025, mean_all_gold_reader=0.164, mean_distractor_docs=1.508, mean_context_tokens=86.436, mean_n_snippets=2.9
[density] materializing policy=ace_submod_96
[density] generating policy=ace_submod_96
[reader] generated 2/500
[reader] generated 4/500
[reader] generated 6/500
[reader] generated 8/500
[reader] generated 10/500
[reader] generated 12/500
[reader] generated 14/500
[reader] generated 16/500
[reader] generated 18/500
[reader] generated 20/500
[reader] generated 22/500
[reader] generated 24/500
[reader] generated 26/500
[reader] generated 28/500
[reader] generated 30/500
[reader] generated 32/500
[reader] generated 34/500
[reader] generated 36/500
[reader] generated 38/500
[reader] generated 40/500
[reader] generated 42/500
[reader] generated 44/500
[reader] generated 46/500
[reader] generated 48/500
[reader] generated 50/500
[reader] generated 52/500
[reader] generated 54/500
[reader] generated 56/500
[reader] generated 58/500
[reader] generated 60/500
[reader] generated 62/500
[reader] generated 64/500
[reader] generated 66/500
[reader] generated 68/500
[reader] generated 70/500
[reader] generated 72/500
[reader] generated 74/500
[reader] generated 76/500
[reader] generated 78/500
[reader] generated 80/500
[reader] generated 82/500
[reader] generated 84/500
[reader] generated 86/500
[reader] generated 88/500
[reader] generated 90/500
[reader] generated 92/500
[reader] generated 94/500
[reader] generated 96/500
[reader] generated 98/500
[reader] generated 100/500
[reader] generated 102/500
[reader] generated 104/500
[reader] generated 106/500
[reader] generated 108/500
[reader] generated 110/500
[reader] generated 112/500
[reader] generated 114/500
[reader] generated 116/500
[reader] generated 118/500
[reader] generated 120/500
[reader] generated 122/500
[reader] generated 124/500
[reader] generated 126/500
[reader] generated 128/500
[reader] generated 130/500
[reader] generated 132/500
[reader] generated 134/500
[reader] generated 136/500
[reader] generated 138/500
[reader] generated 140/500
[reader] generated 142/500
[reader] generated 144/500
[reader] generated 146/500
[reader] generated 148/500
[reader] generated 150/500
[reader] generated 152/500
[reader] generated 154/500
[reader] generated 156/500
[reader] generated 158/500
[reader] generated 160/500
[reader] generated 162/500
[reader] generated 164/500
[reader] generated 166/500
[reader] generated 168/500
[reader] generated 170/500
[reader] generated 172/500
[reader] generated 174/500
[reader] generated 176/500
[reader] generated 178/500
[reader] generated 180/500
[reader] generated 182/500
[reader] generated 184/500
[reader] generated 186/500
[reader] generated 188/500
[reader] generated 190/500
[reader] generated 192/500
[reader] generated 194/500
[reader] generated 196/500
[reader] generated 198/500
[reader] generated 200/500
[reader] generated 202/500
[reader] generated 204/500
[reader] generated 206/500
[reader] generated 208/500
[reader] generated 210/500
[reader] generated 212/500
[reader] generated 214/500
[reader] generated 216/500
[reader] generated 218/500
[reader] generated 220/500
[reader] generated 222/500
[reader] generated 224/500
[reader] generated 226/500
[reader] generated 228/500
[reader] generated 230/500
[reader] generated 232/500
[reader] generated 234/500
[reader] generated 236/500
[reader] generated 238/500
[reader] generated 240/500
[reader] generated 242/500
[reader] generated 244/500
[reader] generated 246/500
[reader] generated 248/500
[reader] generated 250/500
[reader] generated 252/500
[reader] generated 254/500
[reader] generated 256/500
[reader] generated 258/500
[reader] generated 260/500
[reader] generated 262/500
[reader] generated 264/500
[reader] generated 266/500
[reader] generated 268/500
[reader] generated 270/500
[reader] generated 272/500
[reader] generated 274/500
[reader] generated 276/500
[reader] generated 278/500
[reader] generated 280/500
[reader] generated 282/500
[reader] generated 284/500
[reader] generated 286/500
[reader] generated 288/500
[reader] generated 290/500
[reader] generated 292/500
[reader] generated 294/500
[reader] generated 296/500
[reader] generated 298/500
[reader] generated 300/500
[reader] generated 302/500
[reader] generated 304/500
[reader] generated 306/500
[reader] generated 308/500
[reader] generated 310/500
[reader] generated 312/500
[reader] generated 314/500
[reader] generated 316/500
[reader] generated 318/500
[reader] generated 320/500
[reader] generated 322/500
[reader] generated 324/500
[reader] generated 326/500
[reader] generated 328/500
[reader] generated 330/500
[reader] generated 332/500
[reader] generated 334/500
[reader] generated 336/500
[reader] generated 338/500
[reader] generated 340/500
[reader] generated 342/500
[reader] generated 344/500
[reader] generated 346/500
[reader] generated 348/500
[reader] generated 350/500
[reader] generated 352/500
[reader] generated 354/500
[reader] generated 356/500
[reader] generated 358/500
[reader] generated 360/500
[reader] generated 362/500
[reader] generated 364/500
[reader] generated 366/500
[reader] generated 368/500
[reader] generated 370/500
[reader] generated 372/500
[reader] generated 374/500
[reader] generated 376/500
[reader] generated 378/500
[reader] generated 380/500
[reader] generated 382/500
[reader] generated 384/500
[reader] generated 386/500
[reader] generated 388/500
[reader] generated 390/500
[reader] generated 392/500
[reader] generated 394/500
[reader] generated 396/500
[reader] generated 398/500
[reader] generated 400/500
[reader] generated 402/500
[reader] generated 404/500
[reader] generated 406/500
[reader] generated 408/500
[reader] generated 410/500
[reader] generated 412/500
[reader] generated 414/500
[reader] generated 416/500
[reader] generated 418/500
[reader] generated 420/500
[reader] generated 422/500
[reader] generated 424/500
[reader] generated 426/500
[reader] generated 428/500
[reader] generated 430/500
[reader] generated 432/500
[reader] generated 434/500
[reader] generated 436/500
[reader] generated 438/500
[reader] generated 440/500
[reader] generated 442/500
[reader] generated 444/500
[reader] generated 446/500
[reader] generated 448/500
[reader] generated 450/500
[reader] generated 452/500
[reader] generated 454/500
[reader] generated 456/500
[reader] generated 458/500
[reader] generated 460/500
[reader] generated 462/500
[reader] generated 464/500
[reader] generated 466/500
[reader] generated 468/500
[reader] generated 470/500
[reader] generated 472/500
[reader] generated 474/500
[reader] generated 476/500
[reader] generated 478/500
[reader] generated 480/500
[reader] generated 482/500
[reader] generated 484/500
[reader] generated 486/500
[reader] generated 488/500
[reader] generated 490/500
[reader] generated 492/500
[reader] generated 494/500
[reader] generated 496/500
[reader] generated 498/500
[reader] generated 500/500
[density] policy=ace_submod_96, router_type=fixed, representation=ace, packer=submod, reader_model=Qwen/Qwen2.5-3B-Instruct, packed_token_budget=96, recall@1=0.4115, all_gold@1=0.0, recall@2=0.6065, all_gold@2=0.272, recall@5=0.711, all_gold@5=0.43, qwen_em=0.224, qwen_f1=0.242, avg_reader_evidence_tokens=84.92, mean_ans_in_context=0.338, mean_ans_in_context_soft=0.4145, mean_gold_token_density=0.4856, mean_gold_doc_reader_cov=0.54, mean_all_gold_reader=0.216, mean_distractor_docs=1.656, mean_context_tokens=84.918, mean_n_snippets=3.262
[density] policy=router_oracle_packer, router_type=oracle, representation=mixed, packer=oracle, reader_model=Qwen/Qwen2.5-3B-Instruct, packed_token_budget=96, selection_counts={"ace_focused_96": 115, "ace_mmr_96": 34, "ace_submod_96": 75, "chunk_focused_96": 124, "chunk_mmr_96": 21, "chunk_submod_96": 131}, qwen_em=0.366, qwen_f1=0.3957, avg_reader_evidence_tokens=79.72, mean_ans_in_context=0.332, mean_ans_in_context_soft=0.4074, mean_gold_token_density=0.5174, mean_gold_doc_reader_cov=0.5075, mean_all_gold_reader=0.172, mean_distractor_docs=1.402, mean_context_tokens=79.724, mean_n_snippets=2.792
wrote /kaggle/working/colab_results/stage14_2wiki_qwen3b_budget96_limit500_seed42/2wiki_local_density_standard_budget96_limit500_metrics.csv
wrote /kaggle/working/colab_results/stage14_2wiki_qwen3b_budget96_limit500_seed42/2wiki_local_density_standard_budget96_limit500_per_question.csv
--- 2wiki B=96 seed 13 ---
$ /usr/bin/python3 -m experiments.run_density_router --dataset 2wiki_local --limit 500 --seed 13 --ace-retriever standard --top-k 5 --top-k-nodes 48 --max-expanded-docs 5 --embedder sentence-transformers --embedding-model BAAI/bge-small-en-v1.5 --embed-device cuda --compressor truncate --compress-dims 320 --reader-backend hf --reader-model Qwen/Qwen2.5-3B-Instruct --reader-device cuda --reader-batch-size 2 --mmr-lambda 0.7 --budget 96 --out-dir /kaggle/working/colab_results/stage14_2wiki_qwen3b_budget96_limit500_seed13 --twowiki-path /kaggle/input/datasets/anantonayan/2wikimultihop/2wikimultihop/dev.json
2wiki_local[500]: 3348 docs, 500 questions, 2.46 gold docs/question
[density] retrieving chunk baseline
[chunk] fitting/indexing
[embed] encoding 3348 texts on device=cuda:0

Batches:   0%|          | 0/53 [00:00<?, ?it/s]
Batches:   2%|▏         | 1/53 [00:00<00:51,  1.02it/s]
Batches:   4%|▍         | 2/53 [00:01<00:39,  1.28it/s]
Batches:   6%|▌         | 3/53 [00:02<00:33,  1.51it/s]
Batches:   8%|▊         | 4/53 [00:02<00:28,  1.74it/s]
Batches:   9%|▉         | 5/53 [00:02<00:23,  2.06it/s]
Batches:  11%|█▏        | 6/53 [00:03<00:19,  2.40it/s]
Batches:  13%|█▎        | 7/53 [00:03<00:16,  2.76it/s]
Batches:  15%|█▌        | 8/53 [00:03<00:13,  3.22it/s]
Batches:  17%|█▋        | 9/53 [00:03<00:12,  3.55it/s]
Batches:  19%|█▉        | 10/53 [00:04<00:10,  4.00it/s]
Batches:  21%|██        | 11/53 [00:04<00:10,  4.17it/s]
Batches:  23%|██▎       | 12/53 [00:04<00:08,  4.66it/s]
Batches:  25%|██▍       | 13/53 [00:04<00:07,  5.07it/s]
Batches:  26%|██▋       | 14/53 [00:04<00:07,  5.55it/s]
Batches:  28%|██▊       | 15/53 [00:04<00:06,  6.12it/s]
Batches:  30%|███       | 16/53 [00:04<00:05,  6.54it/s]
Batches:  32%|███▏      | 17/53 [00:05<00:05,  7.01it/s]
Batches:  34%|███▍      | 18/53 [00:05<00:04,  7.56it/s]
Batches:  36%|███▌      | 19/53 [00:05<00:04,  7.89it/s]
Batches:  38%|███▊      | 20/53 [00:05<00:04,  8.06it/s]
Batches:  42%|████▏     | 22/53 [00:05<00:03,  9.00it/s]
Batches:  43%|████▎     | 23/53 [00:05<00:03,  9.23it/s]
Batches:  47%|████▋     | 25/53 [00:05<00:02, 10.02it/s]
Batches:  51%|█████     | 27/53 [00:06<00:02, 10.84it/s]
Batches:  55%|█████▍    | 29/53 [00:06<00:02, 11.13it/s]
Batches:  58%|█████▊    | 31/53 [00:06<00:01, 12.09it/s]
Batches:  62%|██████▏   | 33/53 [00:06<00:01, 13.14it/s]
Batches:  66%|██████▌   | 35/53 [00:06<00:01, 14.36it/s]
Batches:  70%|██████▉   | 37/53 [00:06<00:01, 15.34it/s]
Batches:  75%|███████▌  | 40/53 [00:06<00:00, 17.32it/s]
Batches:  81%|████████  | 43/53 [00:06<00:00, 18.90it/s]
Batches:  87%|████████▋ | 46/53 [00:07<00:00, 20.83it/s]
Batches:  94%|█████████▍| 50/53 [00:07<00:00, 24.45it/s]
Batches: 100%|██████████| 53/53 [00:07<00:00,  7.30it/s]
[chunk] retrieving
[embed] encoding 500 texts on device=cuda:0

Batches:   0%|          | 0/8 [00:00<?, ?it/s]
Batches:  50%|█████     | 4/8 [00:00<00:00, 34.66it/s]
Batches: 100%|██████████| 8/8 [00:00<00:00, 38.39it/s]
[density] retrieving ACE graph
[ace] building evidence graph
[ace] graph built: nodes=28569 edges=45678
[ace] fitting/indexing embeddings
[embed] encoding 25221 texts on device=cuda:0

Batches:   0%|          | 0/395 [00:00<?, ?it/s]
Batches:   0%|          | 1/395 [00:00<01:58,  3.32it/s]
Batches:   1%|          | 2/395 [00:00<01:22,  4.76it/s]
Batches:   1%|          | 3/395 [00:00<01:03,  6.20it/s]
Batches:   1%|          | 4/395 [00:00<00:54,  7.18it/s]
Batches:   2%|▏         | 6/395 [00:00<00:44,  8.79it/s]
Batches:   2%|▏         | 8/395 [00:01<00:38,  9.96it/s]
Batches:   3%|▎         | 10/395 [00:01<00:35, 10.81it/s]
Batches:   3%|▎         | 12/395 [00:01<00:33, 11.34it/s]
Batches:   4%|▎         | 14/395 [00:01<00:31, 11.96it/s]
Batches:   4%|▍         | 16/395 [00:01<00:29, 12.69it/s]
Batches:   5%|▍         | 18/395 [00:01<00:29, 12.82it/s]
Batches:   5%|▌         | 20/395 [00:01<00:28, 13.00it/s]
Batches:   6%|▌         | 22/395 [00:02<00:27, 13.61it/s]
Batches:   6%|▌         | 24/395 [00:02<00:27, 13.62it/s]
Batches:   7%|▋         | 26/395 [00:02<00:25, 14.42it/s]
Batches:   7%|▋         | 28/395 [00:02<00:24, 14.82it/s]
Batches:   8%|▊         | 30/395 [00:02<00:23, 15.22it/s]
Batches:   8%|▊         | 32/395 [00:02<00:22, 16.19it/s]
Batches:   9%|▊         | 34/395 [00:02<00:21, 16.74it/s]
Batches:   9%|▉         | 36/395 [00:02<00:20, 17.32it/s]
Batches:  10%|▉         | 38/395 [00:02<00:20, 17.70it/s]
Batches:  10%|█         | 41/395 [00:03<00:19, 18.58it/s]
Batches:  11%|█         | 44/395 [00:03<00:18, 18.92it/s]
Batches:  12%|█▏        | 47/395 [00:03<00:17, 19.47it/s]
Batches:  12%|█▏        | 49/395 [00:03<00:17, 19.60it/s]
Batches:  13%|█▎        | 52/395 [00:03<00:16, 20.33it/s]
Batches:  14%|█▍        | 55/395 [00:03<00:16, 20.70it/s]
Batches:  15%|█▍        | 58/395 [00:03<00:16, 20.78it/s]
Batches:  15%|█▌        | 61/395 [00:04<00:16, 20.52it/s]
Batches:  16%|█▌        | 64/395 [00:04<00:15, 20.95it/s]
Batches:  17%|█▋        | 67/395 [00:04<00:15, 21.14it/s]
Batches:  18%|█▊        | 70/395 [00:04<00:15, 21.52it/s]
Batches:  18%|█▊        | 73/395 [00:04<00:14, 22.03it/s]
Batches:  19%|█▉        | 76/395 [00:04<00:13, 22.96it/s]
Batches:  20%|██        | 79/395 [00:04<00:13, 23.47it/s]
Batches:  21%|██        | 82/395 [00:04<00:12, 24.19it/s]
Batches:  22%|██▏       | 85/395 [00:05<00:12, 24.16it/s]
Batches:  22%|██▏       | 88/395 [00:05<00:12, 24.64it/s]
Batches:  23%|██▎       | 91/395 [00:05<00:12, 24.92it/s]
Batches:  24%|██▍       | 94/395 [00:05<00:11, 25.79it/s]
Batches:  25%|██▍       | 97/395 [00:05<00:11, 26.51it/s]
Batches:  25%|██▌       | 100/395 [00:05<00:11, 26.07it/s]
Batches:  26%|██▌       | 103/395 [00:05<00:11, 25.51it/s]
Batches:  27%|██▋       | 106/395 [00:05<00:11, 26.13it/s]
Batches:  28%|██▊       | 109/395 [00:06<00:10, 26.97it/s]
Batches:  28%|██▊       | 112/395 [00:06<00:10, 27.25it/s]
Batches:  29%|██▉       | 115/395 [00:06<00:10, 27.95it/s]
Batches:  30%|███       | 119/395 [00:06<00:09, 28.96it/s]
Batches:  31%|███       | 123/395 [00:06<00:09, 30.08it/s]
Batches:  32%|███▏      | 127/395 [00:06<00:08, 30.68it/s]
Batches:  33%|███▎      | 131/395 [00:06<00:08, 32.18it/s]
Batches:  34%|███▍      | 135/395 [00:06<00:08, 32.40it/s]
Batches:  35%|███▌      | 139/395 [00:06<00:07, 32.50it/s]
Batches:  36%|███▌      | 143/395 [00:07<00:07, 33.27it/s]
Batches:  37%|███▋      | 147/395 [00:07<00:07, 34.35it/s]
Batches:  38%|███▊      | 152/395 [00:07<00:06, 36.44it/s]
Batches:  39%|███▉      | 156/395 [00:07<00:06, 37.19it/s]
Batches:  41%|████      | 161/395 [00:07<00:06, 38.81it/s]
Batches:  42%|████▏     | 167/395 [00:07<00:05, 42.46it/s]
Batches:  44%|████▎     | 172/395 [00:07<00:05, 44.44it/s]
Batches:  45%|████▌     | 178/395 [00:07<00:04, 47.11it/s]
Batches:  47%|████▋     | 184/395 [00:07<00:04, 50.69it/s]
Batches:  48%|████▊     | 191/395 [00:08<00:03, 54.77it/s]
Batches:  50%|█████     | 199/395 [00:08<00:03, 59.73it/s]
Batches:  53%|█████▎    | 208/395 [00:08<00:02, 66.18it/s]
Batches:  55%|█████▍    | 216/395 [00:08<00:02, 69.06it/s]
Batches:  57%|█████▋    | 224/395 [00:08<00:02, 71.91it/s]
Batches:  59%|█████▉    | 233/395 [00:08<00:02, 76.01it/s]
Batches:  61%|██████▏   | 242/395 [00:08<00:01, 79.42it/s]
Batches:  64%|██████▎   | 251/395 [00:08<00:01, 81.75it/s]
Batches:  66%|██████▌   | 260/395 [00:08<00:01, 83.37it/s]
Batches:  68%|██████▊   | 270/395 [00:09<00:01, 85.28it/s]
Batches:  71%|███████   | 280/395 [00:09<00:01, 86.76it/s]
Batches:  73%|███████▎  | 290/395 [00:09<00:01, 89.17it/s]
Batches:  76%|███████▌  | 300/395 [00:09<00:01, 92.25it/s]
Batches:  78%|███████▊  | 310/395 [00:09<00:00, 94.48it/s]
Batches:  81%|████████  | 320/395 [00:09<00:00, 96.08it/s]
Batches:  84%|████████▎ | 330/395 [00:09<00:00, 96.77it/s]
Batches:  86%|████████▌ | 340/395 [00:09<00:00, 96.16it/s]
Batches:  89%|████████▉ | 351/395 [00:09<00:00, 98.09it/s]
Batches:  92%|█████████▏| 362/395 [00:09<00:00, 99.66it/s]
Batches:  94%|█████████▍| 373/395 [00:10<00:00, 100.76it/s]
Batches:  97%|█████████▋| 384/395 [00:10<00:00, 101.69it/s]
Batches: 100%|██████████| 395/395 [00:10<00:00, 102.57it/s]
Batches: 100%|██████████| 395/395 [00:10<00:00, 38.42it/s]
[ace] retrieving
[embed] encoding 500 texts on device=cuda:0

Batches:   0%|          | 0/8 [00:00<?, ?it/s]
Batches:  50%|█████     | 4/8 [00:00<00:00, 34.29it/s]
Batches: 100%|██████████| 8/8 [00:00<00:00, 37.99it/s]
[density] loading reader once
`torch_dtype` is deprecated! Use `dtype` instead!

Loading checkpoint shards:   0%|          | 0/2 [00:00<?, ?it/s]
Loading checkpoint shards:  50%|█████     | 1/2 [00:02<00:02,  2.49s/it]
Loading checkpoint shards: 100%|██████████| 2/2 [00:03<00:00,  1.84s/it]
Loading checkpoint shards: 100%|██████████| 2/2 [00:03<00:00,  1.94s/it]
[reader] loaded Qwen/Qwen2.5-3B-Instruct (device_map=None, 4bit=False) entry=cuda:0
[density] materializing policy=chunk_packed_96
[density] generating policy=chunk_packed_96
The following generation flags are not valid and may be ignored: ['temperature', 'top_p', 'top_k']. Set `TRANSFORMERS_VERBOSITY=info` for more details.
[reader] generated 2/500
[reader] generated 4/500
[reader] generated 6/500
[reader] generated 8/500
[reader] generated 10/500
[reader] generated 12/500
[reader] generated 14/500
[reader] generated 16/500
[reader] generated 18/500
[reader] generated 20/500
[reader] generated 22/500
[reader] generated 24/500
[reader] generated 26/500
[reader] generated 28/500
[reader] generated 30/500
[reader] generated 32/500
[reader] generated 34/500
[reader] generated 36/500
[reader] generated 38/500
[reader] generated 40/500
[reader] generated 42/500
[reader] generated 44/500
[reader] generated 46/500
[reader] generated 48/500
[reader] generated 50/500
[reader] generated 52/500
[reader] generated 54/500
[reader] generated 56/500
[reader] generated 58/500
[reader] generated 60/500
[reader] generated 62/500
[reader] generated 64/500
[reader] generated 66/500
[reader] generated 68/500
[reader] generated 70/500
[reader] generated 72/500
[reader] generated 74/500
[reader] generated 76/500
[reader] generated 78/500
[reader] generated 80/500
[reader] generated 82/500
[reader] generated 84/500
[reader] generated 86/500
[reader] generated 88/500
[reader] generated 90/500
[reader] generated 92/500
[reader] generated 94/500
[reader] generated 96/500
[reader] generated 98/500
[reader] generated 100/500
[reader] generated 102/500
[reader] generated 104/500
[reader] generated 106/500
[reader] generated 108/500
[reader] generated 110/500
[reader] generated 112/500
[reader] generated 114/500
[reader] generated 116/500
[reader] generated 118/500
[reader] generated 120/500
[reader] generated 122/500
[reader] generated 124/500
[reader] generated 126/500
[reader] generated 128/500
[reader] generated 130/500
[reader] generated 132/500
[reader] generated 134/500
[reader] generated 136/500
[reader] generated 138/500
[reader] generated 140/500
[reader] generated 142/500
[reader] generated 144/500
[reader] generated 146/500
[reader] generated 148/500
[reader] generated 150/500
[reader] generated 152/500
[reader] generated 154/500
[reader] generated 156/500
[reader] generated 158/500
[reader] generated 160/500
[reader] generated 162/500
[reader] generated 164/500
[reader] generated 166/500
[reader] generated 168/500
[reader] generated 170/500
[reader] generated 172/500
[reader] generated 174/500
[reader] generated 176/500
[reader] generated 178/500
[reader] generated 180/500
[reader] generated 182/500
[reader] generated 184/500
[reader] generated 186/500
[reader] generated 188/500
[reader] generated 190/500
[reader] generated 192/500
[reader] generated 194/500
[reader] generated 196/500
[reader] generated 198/500
[reader] generated 200/500
[reader] generated 202/500
[reader] generated 204/500
[reader] generated 206/500
[reader] generated 208/500
[reader] generated 210/500
[reader] generated 212/500
[reader] generated 214/500
[reader] generated 216/500
[reader] generated 218/500
[reader] generated 220/500
[reader] generated 222/500
[reader] generated 224/500
[reader] generated 226/500
[reader] generated 228/500
[reader] generated 230/500
[reader] generated 232/500
[reader] generated 234/500
[reader] generated 236/500
[reader] generated 238/500
[reader] generated 240/500
[reader] generated 242/500
[reader] generated 244/500
[reader] generated 246/500
[reader] generated 248/500
[reader] generated 250/500
[reader] generated 252/500
[reader] generated 254/500
[reader] generated 256/500
[reader] generated 258/500
[reader] generated 260/500
[reader] generated 262/500
[reader] generated 264/500
[reader] generated 266/500
[reader] generated 268/500
[reader] generated 270/500
[reader] generated 272/500
[reader] generated 274/500
[reader] generated 276/500
[reader] generated 278/500
[reader] generated 280/500
[reader] generated 282/500
[reader] generated 284/500
[reader] generated 286/500
[reader] generated 288/500
[reader] generated 290/500
[reader] generated 292/500
[reader] generated 294/500
[reader] generated 296/500
[reader] generated 298/500
[reader] generated 300/500
[reader] generated 302/500
[reader] generated 304/500
[reader] generated 306/500
[reader] generated 308/500
[reader] generated 310/500
[reader] generated 312/500
[reader] generated 314/500
[reader] generated 316/500
[reader] generated 318/500
[reader] generated 320/500
[reader] generated 322/500
[reader] generated 324/500
[reader] generated 326/500
[reader] generated 328/500
[reader] generated 330/500
[reader] generated 332/500
[reader] generated 334/500
[reader] generated 336/500
[reader] generated 338/500
[reader] generated 340/500
[reader] generated 342/500
[reader] generated 344/500
[reader] generated 346/500
[reader] generated 348/500
[reader] generated 350/500
[reader] generated 352/500
[reader] generated 354/500
[reader] generated 356/500
[reader] generated 358/500
[reader] generated 360/500
[reader] generated 362/500
[reader] generated 364/500
[reader] generated 366/500
[reader] generated 368/500
[reader] generated 370/500
[reader] generated 372/500
[reader] generated 374/500
[reader] generated 376/500
[reader] generated 378/500
[reader] generated 380/500
[reader] generated 382/500
[reader] generated 384/500
[reader] generated 386/500
[reader] generated 388/500
[reader] generated 390/500
[reader] generated 392/500
[reader] generated 394/500
[reader] generated 396/500
[reader] generated 398/500
[reader] generated 400/500
[reader] generated 402/500
[reader] generated 404/500
[reader] generated 406/500
[reader] generated 408/500
[reader] generated 410/500
[reader] generated 412/500
[reader] generated 414/500
[reader] generated 416/500
[reader] generated 418/500
[reader] generated 420/500
[reader] generated 422/500
[reader] generated 424/500
[reader] generated 426/500
[reader] generated 428/500
[reader] generated 430/500
[reader] generated 432/500
[reader] generated 434/500
[reader] generated 436/500
[reader] generated 438/500
[reader] generated 440/500
[reader] generated 442/500
[reader] generated 444/500
[reader] generated 446/500
[reader] generated 448/500
[reader] generated 450/500
[reader] generated 452/500
[reader] generated 454/500
[reader] generated 456/500
[reader] generated 458/500
[reader] generated 460/500
[reader] generated 462/500
[reader] generated 464/500
[reader] generated 466/500
[reader] generated 468/500
[reader] generated 470/500
[reader] generated 472/500
[reader] generated 474/500
[reader] generated 476/500
[reader] generated 478/500
[reader] generated 480/500
[reader] generated 482/500
[reader] generated 484/500
[reader] generated 486/500
[reader] generated 488/500
[reader] generated 490/500
[reader] generated 492/500
[reader] generated 494/500
[reader] generated 496/500
[reader] generated 498/500
[reader] generated 500/500
[density] policy=chunk_packed_96, router_type=fixed, representation=chunk, packer=packed, reader_model=Qwen/Qwen2.5-3B-Instruct, packed_token_budget=96, recall@1=0.4195, all_gold@1=0.0, recall@2=0.6175, all_gold@2=0.274, recall@5=0.701, all_gold@5=0.402, qwen_em=0.2, qwen_f1=0.2169, avg_reader_evidence_tokens=86.27, mean_ans_in_context=0.28, mean_ans_in_context_soft=0.3594, mean_gold_token_density=0.3633, mean_gold_doc_reader_cov=0.411, mean_all_gold_reader=0.114, mean_distractor_docs=1.788, mean_context_tokens=86.27, mean_n_snippets=2.854
[density] materializing policy=chunk_focused_96
[density] generating policy=chunk_focused_96
[reader] generated 2/500
[reader] generated 4/500
[reader] generated 6/500
[reader] generated 8/500
[reader] generated 10/500
[reader] generated 12/500
[reader] generated 14/500
[reader] generated 16/500
[reader] generated 18/500
[reader] generated 20/500
[reader] generated 22/500
[reader] generated 24/500
[reader] generated 26/500
[reader] generated 28/500
[reader] generated 30/500
[reader] generated 32/500
[reader] generated 34/500
[reader] generated 36/500
[reader] generated 38/500
[reader] generated 40/500
[reader] generated 42/500
[reader] generated 44/500
[reader] generated 46/500
[reader] generated 48/500
[reader] generated 50/500
[reader] generated 52/500
[reader] generated 54/500
[reader] generated 56/500
[reader] generated 58/500
[reader] generated 60/500
[reader] generated 62/500
[reader] generated 64/500
[reader] generated 66/500
[reader] generated 68/500
[reader] generated 70/500
[reader] generated 72/500
[reader] generated 74/500
[reader] generated 76/500
[reader] generated 78/500
[reader] generated 80/500
[reader] generated 82/500
[reader] generated 84/500
[reader] generated 86/500
[reader] generated 88/500
[reader] generated 90/500
[reader] generated 92/500
[reader] generated 94/500
[reader] generated 96/500
[reader] generated 98/500
[reader] generated 100/500
[reader] generated 102/500
[reader] generated 104/500
[reader] generated 106/500
[reader] generated 108/500
[reader] generated 110/500
[reader] generated 112/500
[reader] generated 114/500
[reader] generated 116/500
[reader] generated 118/500
[reader] generated 120/500
[reader] generated 122/500
[reader] generated 124/500
[reader] generated 126/500
[reader] generated 128/500
[reader] generated 130/500
[reader] generated 132/500
[reader] generated 134/500
[reader] generated 136/500
[reader] generated 138/500
[reader] generated 140/500
[reader] generated 142/500
[reader] generated 144/500
[reader] generated 146/500
[reader] generated 148/500
[reader] generated 150/500
[reader] generated 152/500
[reader] generated 154/500
[reader] generated 156/500
[reader] generated 158/500
[reader] generated 160/500
[reader] generated 162/500
[reader] generated 164/500
[reader] generated 166/500
[reader] generated 168/500
[reader] generated 170/500
[reader] generated 172/500
[reader] generated 174/500
[reader] generated 176/500
[reader] generated 178/500
[reader] generated 180/500
[reader] generated 182/500
[reader] generated 184/500
[reader] generated 186/500
[reader] generated 188/500
[reader] generated 190/500
[reader] generated 192/500
[reader] generated 194/500
[reader] generated 196/500
[reader] generated 198/500
[reader] generated 200/500
[reader] generated 202/500
[reader] generated 204/500
[reader] generated 206/500
[reader] generated 208/500
[reader] generated 210/500
[reader] generated 212/500
[reader] generated 214/500
[reader] generated 216/500
[reader] generated 218/500
[reader] generated 220/500
[reader] generated 222/500
[reader] generated 224/500
[reader] generated 226/500
[reader] generated 228/500
[reader] generated 230/500
[reader] generated 232/500
[reader] generated 234/500
[reader] generated 236/500
[reader] generated 238/500
[reader] generated 240/500
[reader] generated 242/500
[reader] generated 244/500
[reader] generated 246/500
[reader] generated 248/500
[reader] generated 250/500
[reader] generated 252/500
[reader] generated 254/500
[reader] generated 256/500
[reader] generated 258/500
[reader] generated 260/500
[reader] generated 262/500
[reader] generated 264/500
[reader] generated 266/500
[reader] generated 268/500
[reader] generated 270/500
[reader] generated 272/500
[reader] generated 274/500
[reader] generated 276/500
[reader] generated 278/500
[reader] generated 280/500
[reader] generated 282/500
[reader] generated 284/500
[reader] generated 286/500
[reader] generated 288/500
[reader] generated 290/500
[reader] generated 292/500
[reader] generated 294/500
[reader] generated 296/500
[reader] generated 298/500
[reader] generated 300/500
[reader] generated 302/500
[reader] generated 304/500
[reader] generated 306/500
[reader] generated 308/500
[reader] generated 310/500
[reader] generated 312/500
[reader] generated 314/500
[reader] generated 316/500
[reader] generated 318/500
[reader] generated 320/500
[reader] generated 322/500
[reader] generated 324/500
[reader] generated 326/500
[reader] generated 328/500
[reader] generated 330/500
[reader] generated 332/500
[reader] generated 334/500
[reader] generated 336/500
[reader] generated 338/500
[reader] generated 340/500
[reader] generated 342/500
[reader] generated 344/500
[reader] generated 346/500
[reader] generated 348/500
[reader] generated 350/500
[reader] generated 352/500
[reader] generated 354/500
[reader] generated 356/500
[reader] generated 358/500
[reader] generated 360/500
[reader] generated 362/500
[reader] generated 364/500
[reader] generated 366/500
[reader] generated 368/500
[reader] generated 370/500
[reader] generated 372/500
[reader] generated 374/500
[reader] generated 376/500
[reader] generated 378/500
[reader] generated 380/500
[reader] generated 382/500
[reader] generated 384/500
[reader] generated 386/500
[reader] generated 388/500
[reader] generated 390/500
[reader] generated 392/500
[reader] generated 394/500
[reader] generated 396/500
[reader] generated 398/500
[reader] generated 400/500
[reader] generated 402/500
[reader] generated 404/500
[reader] generated 406/500
[reader] generated 408/500
[reader] generated 410/500
[reader] generated 412/500
[reader] generated 414/500
[reader] generated 416/500
[reader] generated 418/500
[reader] generated 420/500
[reader] generated 422/500
[reader] generated 424/500
[reader] generated 426/500
[reader] generated 428/500
[reader] generated 430/500
[reader] generated 432/500
[reader] generated 434/500
[reader] generated 436/500
[reader] generated 438/500
[reader] generated 440/500
[reader] generated 442/500
[reader] generated 444/500
[reader] generated 446/500
[reader] generated 448/500
[reader] generated 450/500
[reader] generated 452/500
[reader] generated 454/500
[reader] generated 456/500
[reader] generated 458/500
[reader] generated 460/500
[reader] generated 462/500
[reader] generated 464/500
[reader] generated 466/500
[reader] generated 468/500
[reader] generated 470/500
[reader] generated 472/500
[reader] generated 474/500
[reader] generated 476/500
[reader] generated 478/500
[reader] generated 480/500
[reader] generated 482/500
[reader] generated 484/500
[reader] generated 486/500
[reader] generated 488/500
[reader] generated 490/500
[reader] generated 492/500
[reader] generated 494/500
[reader] generated 496/500
[reader] generated 498/500
[reader] generated 500/500
[density] policy=chunk_focused_96, router_type=fixed, representation=chunk, packer=focused, reader_model=Qwen/Qwen2.5-3B-Instruct, packed_token_budget=96, recall@1=0.4195, all_gold@1=0.0, recall@2=0.6175, all_gold@2=0.274, recall@5=0.701, all_gold@5=0.402, qwen_em=0.202, qwen_f1=0.2172, avg_reader_evidence_tokens=87.28, mean_ans_in_context=0.314, mean_ans_in_context_soft=0.3911, mean_gold_token_density=0.5761, mean_gold_doc_reader_cov=0.5095, mean_all_gold_reader=0.154, mean_distractor_docs=1.228, mean_context_tokens=87.28, mean_n_snippets=2.558
[density] materializing policy=chunk_mmr_96
[density] generating policy=chunk_mmr_96
[reader] generated 2/500
[reader] generated 4/500
[reader] generated 6/500
[reader] generated 8/500
[reader] generated 10/500
[reader] generated 12/500
[reader] generated 14/500
[reader] generated 16/500
[reader] generated 18/500
[reader] generated 20/500
[reader] generated 22/500
[reader] generated 24/500
[reader] generated 26/500
[reader] generated 28/500
[reader] generated 30/500
[reader] generated 32/500
[reader] generated 34/500
[reader] generated 36/500
[reader] generated 38/500
[reader] generated 40/500
[reader] generated 42/500
[reader] generated 44/500
[reader] generated 46/500
[reader] generated 48/500
[reader] generated 50/500
[reader] generated 52/500
[reader] generated 54/500
[reader] generated 56/500
[reader] generated 58/500
[reader] generated 60/500
[reader] generated 62/500
[reader] generated 64/500
[reader] generated 66/500
[reader] generated 68/500
[reader] generated 70/500
[reader] generated 72/500
[reader] generated 74/500
[reader] generated 76/500
[reader] generated 78/500
[reader] generated 80/500
[reader] generated 82/500
[reader] generated 84/500
[reader] generated 86/500
[reader] generated 88/500
[reader] generated 90/500
[reader] generated 92/500
[reader] generated 94/500
[reader] generated 96/500
[reader] generated 98/500
[reader] generated 100/500
[reader] generated 102/500
[reader] generated 104/500
[reader] generated 106/500
[reader] generated 108/500
[reader] generated 110/500
[reader] generated 112/500
[reader] generated 114/500
[reader] generated 116/500
[reader] generated 118/500
[reader] generated 120/500
[reader] generated 122/500
[reader] generated 124/500
[reader] generated 126/500
[reader] generated 128/500
[reader] generated 130/500
[reader] generated 132/500
[reader] generated 134/500
[reader] generated 136/500
[reader] generated 138/500
[reader] generated 140/500
[reader] generated 142/500
[reader] generated 144/500
[reader] generated 146/500
[reader] generated 148/500
[reader] generated 150/500
[reader] generated 152/500
[reader] generated 154/500
[reader] generated 156/500
[reader] generated 158/500
[reader] generated 160/500
[reader] generated 162/500
[reader] generated 164/500
[reader] generated 166/500
[reader] generated 168/500
[reader] generated 170/500
[reader] generated 172/500
[reader] generated 174/500
[reader] generated 176/500
[reader] generated 178/500
[reader] generated 180/500
[reader] generated 182/500
[reader] generated 184/500
[reader] generated 186/500
[reader] generated 188/500
[reader] generated 190/500
[reader] generated 192/500
[reader] generated 194/500
[reader] generated 196/500
[reader] generated 198/500
[reader] generated 200/500
[reader] generated 202/500
[reader] generated 204/500
[reader] generated 206/500
[reader] generated 208/500
[reader] generated 210/500
[reader] generated 212/500
[reader] generated 214/500
[reader] generated 216/500
[reader] generated 218/500
[reader] generated 220/500
[reader] generated 222/500
[reader] generated 224/500
[reader] generated 226/500
[reader] generated 228/500
[reader] generated 230/500
[reader] generated 232/500
[reader] generated 234/500
[reader] generated 236/500
[reader] generated 238/500
[reader] generated 240/500
[reader] generated 242/500
[reader] generated 244/500
[reader] generated 246/500
[reader] generated 248/500
[reader] generated 250/500
[reader] generated 252/500
[reader] generated 254/500
[reader] generated 256/500
[reader] generated 258/500
[reader] generated 260/500
[reader] generated 262/500
[reader] generated 264/500
[reader] generated 266/500
[reader] generated 268/500
[reader] generated 270/500
[reader] generated 272/500
[reader] generated 274/500
[reader] generated 276/500
[reader] generated 278/500
[reader] generated 280/500
[reader] generated 282/500
[reader] generated 284/500
[reader] generated 286/500
[reader] generated 288/500
[reader] generated 290/500
[reader] generated 292/500
[reader] generated 294/500
[reader] generated 296/500
[reader] generated 298/500
[reader] generated 300/500
[reader] generated 302/500
[reader] generated 304/500
[reader] generated 306/500
[reader] generated 308/500
[reader] generated 310/500
[reader] generated 312/500
[reader] generated 314/500
[reader] generated 316/500
[reader] generated 318/500
[reader] generated 320/500
[reader] generated 322/500
[reader] generated 324/500
[reader] generated 326/500
[reader] generated 328/500
[reader] generated 330/500
[reader] generated 332/500
[reader] generated 334/500
[reader] generated 336/500
[reader] generated 338/500
[reader] generated 340/500
[reader] generated 342/500
[reader] generated 344/500
[reader] generated 346/500
[reader] generated 348/500
[reader] generated 350/500
[reader] generated 352/500
[reader] generated 354/500
[reader] generated 356/500
[reader] generated 358/500
[reader] generated 360/500
[reader] generated 362/500
[reader] generated 364/500
[reader] generated 366/500
[reader] generated 368/500
[reader] generated 370/500
[reader] generated 372/500
[reader] generated 374/500
[reader] generated 376/500
[reader] generated 378/500
[reader] generated 380/500
[reader] generated 382/500
[reader] generated 384/500
[reader] generated 386/500
[reader] generated 388/500
[reader] generated 390/500
[reader] generated 392/500
[reader] generated 394/500
[reader] generated 396/500
[reader] generated 398/500
[reader] generated 400/500
[reader] generated 402/500
[reader] generated 404/500
[reader] generated 406/500
[reader] generated 408/500
[reader] generated 410/500
[reader] generated 412/500
[reader] generated 414/500
[reader] generated 416/500
[reader] generated 418/500
[reader] generated 420/500
[reader] generated 422/500
[reader] generated 424/500
[reader] generated 426/500
[reader] generated 428/500
[reader] generated 430/500
[reader] generated 432/500
[reader] generated 434/500
[reader] generated 436/500
[reader] generated 438/500
[reader] generated 440/500
[reader] generated 442/500
[reader] generated 444/500
[reader] generated 446/500
[reader] generated 448/500
[reader] generated 450/500
[reader] generated 452/500
[reader] generated 454/500
[reader] generated 456/500
[reader] generated 458/500
[reader] generated 460/500
[reader] generated 462/500
[reader] generated 464/500
[reader] generated 466/500
[reader] generated 468/500
[reader] generated 470/500
[reader] generated 472/500
[reader] generated 474/500
[reader] generated 476/500
[reader] generated 478/500
[reader] generated 480/500
[reader] generated 482/500
[reader] generated 484/500
[reader] generated 486/500
[reader] generated 488/500
[reader] generated 490/500
[reader] generated 492/500
[reader] generated 494/500
[reader] generated 496/500
[reader] generated 498/500
[reader] generated 500/500
[density] policy=chunk_mmr_96, router_type=fixed, representation=chunk, packer=mmr, reader_model=Qwen/Qwen2.5-3B-Instruct, packed_token_budget=96, recall@1=0.4195, all_gold@1=0.0, recall@2=0.6175, all_gold@2=0.274, recall@5=0.701, all_gold@5=0.402, qwen_em=0.204, qwen_f1=0.2173, avg_reader_evidence_tokens=87.51, mean_ans_in_context=0.286, mean_ans_in_context_soft=0.3673, mean_gold_token_density=0.5015, mean_gold_doc_reader_cov=0.4685, mean_all_gold_reader=0.138, mean_distractor_docs=1.408, mean_context_tokens=87.512, mean_n_snippets=2.656
[density] materializing policy=chunk_submod_96
[density] generating policy=chunk_submod_96
[reader] generated 2/500
[reader] generated 4/500
[reader] generated 6/500
[reader] generated 8/500
[reader] generated 10/500
[reader] generated 12/500
[reader] generated 14/500
[reader] generated 16/500
[reader] generated 18/500
[reader] generated 20/500
[reader] generated 22/500
[reader] generated 24/500
[reader] generated 26/500
[reader] generated 28/500
[reader] generated 30/500
[reader] generated 32/500
[reader] generated 34/500
[reader] generated 36/500
[reader] generated 38/500
[reader] generated 40/500
[reader] generated 42/500
[reader] generated 44/500
[reader] generated 46/500
[reader] generated 48/500
[reader] generated 50/500
[reader] generated 52/500
[reader] generated 54/500
[reader] generated 56/500
[reader] generated 58/500
[reader] generated 60/500
[reader] generated 62/500
[reader] generated 64/500
[reader] generated 66/500
[reader] generated 68/500
[reader] generated 70/500
[reader] generated 72/500
[reader] generated 74/500
[reader] generated 76/500
[reader] generated 78/500
[reader] generated 80/500
[reader] generated 82/500
[reader] generated 84/500
[reader] generated 86/500
[reader] generated 88/500
[reader] generated 90/500
[reader] generated 92/500
[reader] generated 94/500
[reader] generated 96/500
[reader] generated 98/500
[reader] generated 100/500
[reader] generated 102/500
[reader] generated 104/500
[reader] generated 106/500
[reader] generated 108/500
[reader] generated 110/500
[reader] generated 112/500
[reader] generated 114/500
[reader] generated 116/500
[reader] generated 118/500
[reader] generated 120/500
[reader] generated 122/500
[reader] generated 124/500
[reader] generated 126/500
[reader] generated 128/500
[reader] generated 130/500
[reader] generated 132/500
[reader] generated 134/500
[reader] generated 136/500
[reader] generated 138/500
[reader] generated 140/500
[reader] generated 142/500
[reader] generated 144/500
[reader] generated 146/500
[reader] generated 148/500
[reader] generated 150/500
[reader] generated 152/500
[reader] generated 154/500
[reader] generated 156/500
[reader] generated 158/500
[reader] generated 160/500
[reader] generated 162/500
[reader] generated 164/500
[reader] generated 166/500
[reader] generated 168/500
[reader] generated 170/500
[reader] generated 172/500
[reader] generated 174/500
[reader] generated 176/500
[reader] generated 178/500
[reader] generated 180/500
[reader] generated 182/500
[reader] generated 184/500
[reader] generated 186/500
[reader] generated 188/500
[reader] generated 190/500
[reader] generated 192/500
[reader] generated 194/500
[reader] generated 196/500
[reader] generated 198/500
[reader] generated 200/500
[reader] generated 202/500
[reader] generated 204/500
[reader] generated 206/500
[reader] generated 208/500
[reader] generated 210/500
[reader] generated 212/500
[reader] generated 214/500
[reader] generated 216/500
[reader] generated 218/500
[reader] generated 220/500
[reader] generated 222/500
[reader] generated 224/500
[reader] generated 226/500
[reader] generated 228/500
[reader] generated 230/500
[reader] generated 232/500
[reader] generated 234/500
[reader] generated 236/500
[reader] generated 238/500
[reader] generated 240/500
[reader] generated 242/500
[reader] generated 244/500
[reader] generated 246/500
[reader] generated 248/500
[reader] generated 250/500
[reader] generated 252/500
[reader] generated 254/500
[reader] generated 256/500
[reader] generated 258/500
[reader] generated 260/500
[reader] generated 262/500
[reader] generated 264/500
[reader] generated 266/500
[reader] generated 268/500
[reader] generated 270/500
[reader] generated 272/500
[reader] generated 274/500
[reader] generated 276/500
[reader] generated 278/500
[reader] generated 280/500
[reader] generated 282/500
[reader] generated 284/500
[reader] generated 286/500
[reader] generated 288/500
[reader] generated 290/500
[reader] generated 292/500
[reader] generated 294/500
[reader] generated 296/500
[reader] generated 298/500
[reader] generated 300/500
[reader] generated 302/500
[reader] generated 304/500
[reader] generated 306/500
[reader] generated 308/500
[reader] generated 310/500
[reader] generated 312/500
[reader] generated 314/500
[reader] generated 316/500
[reader] generated 318/500
[reader] generated 320/500
[reader] generated 322/500
[reader] generated 324/500
[reader] generated 326/500
[reader] generated 328/500
[reader] generated 330/500
[reader] generated 332/500
[reader] generated 334/500
[reader] generated 336/500
[reader] generated 338/500
[reader] generated 340/500
[reader] generated 342/500
[reader] generated 344/500
[reader] generated 346/500
[reader] generated 348/500
[reader] generated 350/500
[reader] generated 352/500
[reader] generated 354/500
[reader] generated 356/500
[reader] generated 358/500
[reader] generated 360/500
[reader] generated 362/500
[reader] generated 364/500
[reader] generated 366/500
[reader] generated 368/500
[reader] generated 370/500
[reader] generated 372/500
[reader] generated 374/500
[reader] generated 376/500
[reader] generated 378/500
[reader] generated 380/500
[reader] generated 382/500
[reader] generated 384/500
[reader] generated 386/500
[reader] generated 388/500
[reader] generated 390/500
[reader] generated 392/500
[reader] generated 394/500
[reader] generated 396/500
[reader] generated 398/500
[reader] generated 400/500
[reader] generated 402/500
[reader] generated 404/500
[reader] generated 406/500
[reader] generated 408/500
[reader] generated 410/500
[reader] generated 412/500
[reader] generated 414/500
[reader] generated 416/500
[reader] generated 418/500
[reader] generated 420/500
[reader] generated 422/500
[reader] generated 424/500
[reader] generated 426/500
[reader] generated 428/500
[reader] generated 430/500
[reader] generated 432/500
[reader] generated 434/500
[reader] generated 436/500
[reader] generated 438/500
[reader] generated 440/500
[reader] generated 442/500
[reader] generated 444/500
[reader] generated 446/500
[reader] generated 448/500
[reader] generated 450/500
[reader] generated 452/500
[reader] generated 454/500
[reader] generated 456/500
[reader] generated 458/500
[reader] generated 460/500
[reader] generated 462/500
[reader] generated 464/500
[reader] generated 466/500
[reader] generated 468/500
[reader] generated 470/500
[reader] generated 472/500
[reader] generated 474/500
[reader] generated 476/500
[reader] generated 478/500
[reader] generated 480/500
[reader] generated 482/500
[reader] generated 484/500
[reader] generated 486/500
[reader] generated 488/500
[reader] generated 490/500
[reader] generated 492/500
[reader] generated 494/500
[reader] generated 496/500
[reader] generated 498/500
[reader] generated 500/500
[density] policy=chunk_submod_96, router_type=fixed, representation=chunk, packer=submod, reader_model=Qwen/Qwen2.5-3B-Instruct, packed_token_budget=96, recall@1=0.4195, all_gold@1=0.0, recall@2=0.6175, all_gold@2=0.274, recall@5=0.701, all_gold@5=0.402, qwen_em=0.232, qwen_f1=0.2472, avg_reader_evidence_tokens=83.5, mean_ans_in_context=0.306, mean_ans_in_context_soft=0.4034, mean_gold_token_density=0.48, mean_gold_doc_reader_cov=0.5305, mean_all_gold_reader=0.204, mean_distractor_docs=1.66, mean_context_tokens=83.496, mean_n_snippets=3.224
[density] materializing policy=ace_focused_96
[density] generating policy=ace_focused_96
[reader] generated 2/500
[reader] generated 4/500
[reader] generated 6/500
[reader] generated 8/500
[reader] generated 10/500
[reader] generated 12/500
[reader] generated 14/500
[reader] generated 16/500
[reader] generated 18/500
[reader] generated 20/500
[reader] generated 22/500
[reader] generated 24/500
[reader] generated 26/500
[reader] generated 28/500
[reader] generated 30/500
[reader] generated 32/500
[reader] generated 34/500
[reader] generated 36/500
[reader] generated 38/500
[reader] generated 40/500
[reader] generated 42/500
[reader] generated 44/500
[reader] generated 46/500
[reader] generated 48/500
[reader] generated 50/500
[reader] generated 52/500
[reader] generated 54/500
[reader] generated 56/500
[reader] generated 58/500
[reader] generated 60/500
[reader] generated 62/500
[reader] generated 64/500
[reader] generated 66/500
[reader] generated 68/500
[reader] generated 70/500
[reader] generated 72/500
[reader] generated 74/500
[reader] generated 76/500
[reader] generated 78/500
[reader] generated 80/500
[reader] generated 82/500
[reader] generated 84/500
[reader] generated 86/500
[reader] generated 88/500
[reader] generated 90/500
[reader] generated 92/500
[reader] generated 94/500
[reader] generated 96/500
[reader] generated 98/500
[reader] generated 100/500
[reader] generated 102/500
[reader] generated 104/500
[reader] generated 106/500
[reader] generated 108/500
[reader] generated 110/500
[reader] generated 112/500
[reader] generated 114/500
[reader] generated 116/500
[reader] generated 118/500
[reader] generated 120/500
[reader] generated 122/500
[reader] generated 124/500
[reader] generated 126/500
[reader] generated 128/500
[reader] generated 130/500
[reader] generated 132/500
[reader] generated 134/500
[reader] generated 136/500
[reader] generated 138/500
[reader] generated 140/500
[reader] generated 142/500
[reader] generated 144/500
[reader] generated 146/500
[reader] generated 148/500
[reader] generated 150/500
[reader] generated 152/500
[reader] generated 154/500
[reader] generated 156/500
[reader] generated 158/500
[reader] generated 160/500
[reader] generated 162/500
[reader] generated 164/500
[reader] generated 166/500
[reader] generated 168/500
[reader] generated 170/500
[reader] generated 172/500
[reader] generated 174/500
[reader] generated 176/500
[reader] generated 178/500
[reader] generated 180/500
[reader] generated 182/500
[reader] generated 184/500
[reader] generated 186/500
[reader] generated 188/500
[reader] generated 190/500
[reader] generated 192/500
[reader] generated 194/500
[reader] generated 196/500
[reader] generated 198/500
[reader] generated 200/500
[reader] generated 202/500
[reader] generated 204/500
[reader] generated 206/500
[reader] generated 208/500
[reader] generated 210/500
[reader] generated 212/500
[reader] generated 214/500
[reader] generated 216/500
[reader] generated 218/500
[reader] generated 220/500
[reader] generated 222/500
[reader] generated 224/500
[reader] generated 226/500
[reader] generated 228/500
[reader] generated 230/500
[reader] generated 232/500
[reader] generated 234/500
[reader] generated 236/500
[reader] generated 238/500
[reader] generated 240/500
[reader] generated 242/500
[reader] generated 244/500
[reader] generated 246/500
[reader] generated 248/500
[reader] generated 250/500
[reader] generated 252/500
[reader] generated 254/500
[reader] generated 256/500
[reader] generated 258/500
[reader] generated 260/500
[reader] generated 262/500
[reader] generated 264/500
[reader] generated 266/500
[reader] generated 268/500
[reader] generated 270/500
[reader] generated 272/500
[reader] generated 274/500
[reader] generated 276/500
[reader] generated 278/500
[reader] generated 280/500
[reader] generated 282/500
[reader] generated 284/500
[reader] generated 286/500
[reader] generated 288/500
[reader] generated 290/500
[reader] generated 292/500
[reader] generated 294/500
[reader] generated 296/500
[reader] generated 298/500
[reader] generated 300/500
[reader] generated 302/500
[reader] generated 304/500
[reader] generated 306/500
[reader] generated 308/500
[reader] generated 310/500
[reader] generated 312/500
[reader] generated 314/500
[reader] generated 316/500
[reader] generated 318/500
[reader] generated 320/500
[reader] generated 322/500
[reader] generated 324/500
[reader] generated 326/500
[reader] generated 328/500
[reader] generated 330/500
[reader] generated 332/500
[reader] generated 334/500
[reader] generated 336/500
[reader] generated 338/500
[reader] generated 340/500
[reader] generated 342/500
[reader] generated 344/500
[reader] generated 346/500
[reader] generated 348/500
[reader] generated 350/500
[reader] generated 352/500
[reader] generated 354/500
[reader] generated 356/500
[reader] generated 358/500
[reader] generated 360/500
[reader] generated 362/500
[reader] generated 364/500
[reader] generated 366/500
[reader] generated 368/500
[reader] generated 370/500
[reader] generated 372/500
[reader] generated 374/500
[reader] generated 376/500
[reader] generated 378/500
[reader] generated 380/500
[reader] generated 382/500
[reader] generated 384/500
[reader] generated 386/500
[reader] generated 388/500
[reader] generated 390/500
[reader] generated 392/500
[reader] generated 394/500
[reader] generated 396/500
[reader] generated 398/500
[reader] generated 400/500
[reader] generated 402/500
[reader] generated 404/500
[reader] generated 406/500
[reader] generated 408/500
[reader] generated 410/500
[reader] generated 412/500
[reader] generated 414/500
[reader] generated 416/500
[reader] generated 418/500
[reader] generated 420/500
[reader] generated 422/500
[reader] generated 424/500
[reader] generated 426/500
[reader] generated 428/500
[reader] generated 430/500
[reader] generated 432/500
[reader] generated 434/500
[reader] generated 436/500
[reader] generated 438/500
[reader] generated 440/500
[reader] generated 442/500
[reader] generated 444/500
[reader] generated 446/500
[reader] generated 448/500
[reader] generated 450/500
[reader] generated 452/500
[reader] generated 454/500
[reader] generated 456/500
[reader] generated 458/500
[reader] generated 460/500
[reader] generated 462/500
[reader] generated 464/500
[reader] generated 466/500
[reader] generated 468/500
[reader] generated 470/500
[reader] generated 472/500
[reader] generated 474/500
[reader] generated 476/500
[reader] generated 478/500
[reader] generated 480/500
[reader] generated 482/500
[reader] generated 484/500
[reader] generated 486/500
[reader] generated 488/500
[reader] generated 490/500
[reader] generated 492/500
[reader] generated 494/500
[reader] generated 496/500
[reader] generated 498/500
[reader] generated 500/500
[density] policy=ace_focused_96, router_type=fixed, representation=ace, packer=focused, reader_model=Qwen/Qwen2.5-3B-Instruct, packed_token_budget=96, recall@1=0.3965, all_gold@1=0.0, recall@2=0.589, all_gold@2=0.248, recall@5=0.6885, all_gold@5=0.384, qwen_em=0.186, qwen_f1=0.2035, avg_reader_evidence_tokens=86.4, mean_ans_in_context=0.33, mean_ans_in_context_soft=0.4071, mean_gold_token_density=0.5141, mean_gold_doc_reader_cov=0.5415, mean_all_gold_reader=0.2, mean_distractor_docs=1.538, mean_context_tokens=86.396, mean_n_snippets=2.98
[density] materializing policy=ace_mmr_96
[density] generating policy=ace_mmr_96
[reader] generated 2/500
[reader] generated 4/500
[reader] generated 6/500
[reader] generated 8/500
[reader] generated 10/500
[reader] generated 12/500
[reader] generated 14/500
[reader] generated 16/500
[reader] generated 18/500
[reader] generated 20/500
[reader] generated 22/500
[reader] generated 24/500
[reader] generated 26/500
[reader] generated 28/500
[reader] generated 30/500
[reader] generated 32/500
[reader] generated 34/500
[reader] generated 36/500
[reader] generated 38/500
[reader] generated 40/500
[reader] generated 42/500
[reader] generated 44/500
[reader] generated 46/500
[reader] generated 48/500
[reader] generated 50/500
[reader] generated 52/500
[reader] generated 54/500
[reader] generated 56/500
[reader] generated 58/500
[reader] generated 60/500
[reader] generated 62/500
[reader] generated 64/500
[reader] generated 66/500
[reader] generated 68/500
[reader] generated 70/500
[reader] generated 72/500
[reader] generated 74/500
[reader] generated 76/500
[reader] generated 78/500
[reader] generated 80/500
[reader] generated 82/500
[reader] generated 84/500
[reader] generated 86/500
[reader] generated 88/500
[reader] generated 90/500
[reader] generated 92/500
[reader] generated 94/500
[reader] generated 96/500
[reader] generated 98/500
[reader] generated 100/500
[reader] generated 102/500
[reader] generated 104/500
[reader] generated 106/500
[reader] generated 108/500
[reader] generated 110/500
[reader] generated 112/500
[reader] generated 114/500
[reader] generated 116/500
[reader] generated 118/500
[reader] generated 120/500
[reader] generated 122/500
[reader] generated 124/500
[reader] generated 126/500
[reader] generated 128/500
[reader] generated 130/500
[reader] generated 132/500
[reader] generated 134/500
[reader] generated 136/500
[reader] generated 138/500
[reader] generated 140/500
[reader] generated 142/500
[reader] generated 144/500
[reader] generated 146/500
[reader] generated 148/500
[reader] generated 150/500
[reader] generated 152/500
[reader] generated 154/500
[reader] generated 156/500
[reader] generated 158/500
[reader] generated 160/500
[reader] generated 162/500
[reader] generated 164/500
[reader] generated 166/500
[reader] generated 168/500
[reader] generated 170/500
[reader] generated 172/500
[reader] generated 174/500
[reader] generated 176/500
[reader] generated 178/500
[reader] generated 180/500
[reader] generated 182/500
[reader] generated 184/500
[reader] generated 186/500
[reader] generated 188/500
[reader] generated 190/500
[reader] generated 192/500
[reader] generated 194/500
[reader] generated 196/500
[reader] generated 198/500
[reader] generated 200/500
[reader] generated 202/500
[reader] generated 204/500
[reader] generated 206/500
[reader] generated 208/500
[reader] generated 210/500
[reader] generated 212/500
[reader] generated 214/500
[reader] generated 216/500
[reader] generated 218/500
[reader] generated 220/500
[reader] generated 222/500
[reader] generated 224/500
[reader] generated 226/500
[reader] generated 228/500
[reader] generated 230/500
[reader] generated 232/500
[reader] generated 234/500
[reader] generated 236/500
[reader] generated 238/500
[reader] generated 240/500
[reader] generated 242/500
[reader] generated 244/500
[reader] generated 246/500
[reader] generated 248/500
[reader] generated 250/500
[reader] generated 252/500
[reader] generated 254/500
[reader] generated 256/500
[reader] generated 258/500
[reader] generated 260/500
[reader] generated 262/500
[reader] generated 264/500
[reader] generated 266/500
[reader] generated 268/500
[reader] generated 270/500
[reader] generated 272/500
[reader] generated 274/500
[reader] generated 276/500
[reader] generated 278/500
[reader] generated 280/500
[reader] generated 282/500
[reader] generated 284/500
[reader] generated 286/500
[reader] generated 288/500
[reader] generated 290/500
[reader] generated 292/500
[reader] generated 294/500
[reader] generated 296/500
[reader] generated 298/500
[reader] generated 300/500
[reader] generated 302/500
[reader] generated 304/500
[reader] generated 306/500
[reader] generated 308/500
[reader] generated 310/500
[reader] generated 312/500
[reader] generated 314/500
[reader] generated 316/500
[reader] generated 318/500
[reader] generated 320/500
[reader] generated 322/500
[reader] generated 324/500
[reader] generated 326/500
[reader] generated 328/500
[reader] generated 330/500
[reader] generated 332/500
[reader] generated 334/500
[reader] generated 336/500
[reader] generated 338/500
[reader] generated 340/500
[reader] generated 342/500
[reader] generated 344/500
[reader] generated 346/500
[reader] generated 348/500
[reader] generated 350/500
[reader] generated 352/500
[reader] generated 354/500
[reader] generated 356/500
[reader] generated 358/500
[reader] generated 360/500
[reader] generated 362/500
[reader] generated 364/500
[reader] generated 366/500
[reader] generated 368/500
[reader] generated 370/500
[reader] generated 372/500
[reader] generated 374/500
[reader] generated 376/500
[reader] generated 378/500
[reader] generated 380/500
[reader] generated 382/500
[reader] generated 384/500
[reader] generated 386/500
[reader] generated 388/500
[reader] generated 390/500
[reader] generated 392/500
[reader] generated 394/500
[reader] generated 396/500
[reader] generated 398/500
[reader] generated 400/500
[reader] generated 402/500
[reader] generated 404/500
[reader] generated 406/500
[reader] generated 408/500
[reader] generated 410/500
[reader] generated 412/500
[reader] generated 414/500
[reader] generated 416/500
[reader] generated 418/500
[reader] generated 420/500
[reader] generated 422/500
[reader] generated 424/500
[reader] generated 426/500
[reader] generated 428/500
[reader] generated 430/500
[reader] generated 432/500
[reader] generated 434/500
[reader] generated 436/500
[reader] generated 438/500
[reader] generated 440/500
[reader] generated 442/500
[reader] generated 444/500
[reader] generated 446/500
[reader] generated 448/500
[reader] generated 450/500
[reader] generated 452/500
[reader] generated 454/500
[reader] generated 456/500
[reader] generated 458/500
[reader] generated 460/500
[reader] generated 462/500
[reader] generated 464/500
[reader] generated 466/500
[reader] generated 468/500
[reader] generated 470/500
[reader] generated 472/500
[reader] generated 474/500
[reader] generated 476/500
[reader] generated 478/500
[reader] generated 480/500
[reader] generated 482/500
[reader] generated 484/500
[reader] generated 486/500
[reader] generated 488/500
[reader] generated 490/500
[reader] generated 492/500
[reader] generated 494/500
[reader] generated 496/500
[reader] generated 498/500
[reader] generated 500/500
[density] policy=ace_mmr_96, router_type=fixed, representation=ace, packer=mmr, reader_model=Qwen/Qwen2.5-3B-Instruct, packed_token_budget=96, recall@1=0.3965, all_gold@1=0.0, recall@2=0.589, all_gold@2=0.248, recall@5=0.6885, all_gold@5=0.384, qwen_em=0.178, qwen_f1=0.1933, avg_reader_evidence_tokens=86.16, mean_ans_in_context=0.292, mean_ans_in_context_soft=0.3744, mean_gold_token_density=0.4672, mean_gold_doc_reader_cov=0.4915, mean_all_gold_reader=0.162, mean_distractor_docs=1.626, mean_context_tokens=86.164, mean_n_snippets=3.006
[density] materializing policy=ace_submod_96
[density] generating policy=ace_submod_96
[reader] generated 2/500
[reader] generated 4/500
[reader] generated 6/500
[reader] generated 8/500
[reader] generated 10/500
[reader] generated 12/500
[reader] generated 14/500
[reader] generated 16/500
[reader] generated 18/500
[reader] generated 20/500
[reader] generated 22/500
[reader] generated 24/500
[reader] generated 26/500
[reader] generated 28/500
[reader] generated 30/500
[reader] generated 32/500
[reader] generated 34/500
[reader] generated 36/500
[reader] generated 38/500
[reader] generated 40/500
[reader] generated 42/500
[reader] generated 44/500
[reader] generated 46/500
[reader] generated 48/500
[reader] generated 50/500
[reader] generated 52/500
[reader] generated 54/500
[reader] generated 56/500
[reader] generated 58/500
[reader] generated 60/500
[reader] generated 62/500
[reader] generated 64/500
[reader] generated 66/500
[reader] generated 68/500
[reader] generated 70/500
[reader] generated 72/500
[reader] generated 74/500
[reader] generated 76/500
[reader] generated 78/500
[reader] generated 80/500
[reader] generated 82/500
[reader] generated 84/500
[reader] generated 86/500
[reader] generated 88/500
[reader] generated 90/500
[reader] generated 92/500
[reader] generated 94/500
[reader] generated 96/500
[reader] generated 98/500
[reader] generated 100/500
[reader] generated 102/500
[reader] generated 104/500
[reader] generated 106/500
[reader] generated 108/500
[reader] generated 110/500
[reader] generated 112/500
[reader] generated 114/500
[reader] generated 116/500
[reader] generated 118/500
[reader] generated 120/500
[reader] generated 122/500
[reader] generated 124/500
[reader] generated 126/500
[reader] generated 128/500
[reader] generated 130/500
[reader] generated 132/500
[reader] generated 134/500
[reader] generated 136/500
[reader] generated 138/500
[reader] generated 140/500
[reader] generated 142/500
[reader] generated 144/500
[reader] generated 146/500
[reader] generated 148/500
[reader] generated 150/500
[reader] generated 152/500
[reader] generated 154/500
[reader] generated 156/500
[reader] generated 158/500
[reader] generated 160/500
[reader] generated 162/500
[reader] generated 164/500
[reader] generated 166/500
[reader] generated 168/500
[reader] generated 170/500
[reader] generated 172/500
[reader] generated 174/500
[reader] generated 176/500
[reader] generated 178/500
[reader] generated 180/500
[reader] generated 182/500
[reader] generated 184/500
[reader] generated 186/500
[reader] generated 188/500
[reader] generated 190/500
[reader] generated 192/500
[reader] generated 194/500
[reader] generated 196/500
[reader] generated 198/500
[reader] generated 200/500
[reader] generated 202/500
[reader] generated 204/500
[reader] generated 206/500
[reader] generated 208/500
[reader] generated 210/500
[reader] generated 212/500
[reader] generated 214/500
[reader] generated 216/500
[reader] generated 218/500
[reader] generated 220/500
[reader] generated 222/500
[reader] generated 224/500
[reader] generated 226/500
[reader] generated 228/500
[reader] generated 230/500
[reader] generated 232/500
[reader] generated 234/500
[reader] generated 236/500
[reader] generated 238/500
[reader] generated 240/500
[reader] generated 242/500
[reader] generated 244/500
[reader] generated 246/500
[reader] generated 248/500
[reader] generated 250/500
[reader] generated 252/500
[reader] generated 254/500
[reader] generated 256/500
[reader] generated 258/500
[reader] generated 260/500
[reader] generated 262/500
[reader] generated 264/500
[reader] generated 266/500
[reader] generated 268/500
[reader] generated 270/500
[reader] generated 272/500
[reader] generated 274/500
[reader] generated 276/500
[reader] generated 278/500
[reader] generated 280/500
[reader] generated 282/500
[reader] generated 284/500
[reader] generated 286/500
[reader] generated 288/500
[reader] generated 290/500
[reader] generated 292/500
[reader] generated 294/500
[reader] generated 296/500
[reader] generated 298/500
[reader] generated 300/500
[reader] generated 302/500
[reader] generated 304/500
[reader] generated 306/500
[reader] generated 308/500
[reader] generated 310/500
[reader] generated 312/500
[reader] generated 314/500
[reader] generated 316/500
[reader] generated 318/500
[reader] generated 320/500
[reader] generated 322/500
[reader] generated 324/500
[reader] generated 326/500
[reader] generated 328/500
[reader] generated 330/500
[reader] generated 332/500
[reader] generated 334/500
[reader] generated 336/500
[reader] generated 338/500
[reader] generated 340/500
[reader] generated 342/500
[reader] generated 344/500
[reader] generated 346/500
[reader] generated 348/500
[reader] generated 350/500
[reader] generated 352/500
[reader] generated 354/500
[reader] generated 356/500
[reader] generated 358/500
[reader] generated 360/500
[reader] generated 362/500
[reader] generated 364/500
[reader] generated 366/500
[reader] generated 368/500
[reader] generated 370/500
[reader] generated 372/500
[reader] generated 374/500
[reader] generated 376/500
[reader] generated 378/500
[reader] generated 380/500
[reader] generated 382/500
[reader] generated 384/500
[reader] generated 386/500
[reader] generated 388/500
[reader] generated 390/500
[reader] generated 392/500
[reader] generated 394/500
[reader] generated 396/500
[reader] generated 398/500
[reader] generated 400/500
[reader] generated 402/500
[reader] generated 404/500
[reader] generated 406/500
[reader] generated 408/500
[reader] generated 410/500
[reader] generated 412/500
[reader] generated 414/500
[reader] generated 416/500
[reader] generated 418/500
[reader] generated 420/500
[reader] generated 422/500
[reader] generated 424/500
[reader] generated 426/500
[reader] generated 428/500
[reader] generated 430/500
[reader] generated 432/500
[reader] generated 434/500
[reader] generated 436/500
[reader] generated 438/500
[reader] generated 440/500
[reader] generated 442/500
[reader] generated 444/500
[reader] generated 446/500
[reader] generated 448/500
[reader] generated 450/500
[reader] generated 452/500
[reader] generated 454/500
[reader] generated 456/500
[reader] generated 458/500
[reader] generated 460/500
[reader] generated 462/500
[reader] generated 464/500
[reader] generated 466/500
[reader] generated 468/500
[reader] generated 470/500
[reader] generated 472/500
[reader] generated 474/500
[reader] generated 476/500
[reader] generated 478/500
[reader] generated 480/500
[reader] generated 482/500
[reader] generated 484/500
[reader] generated 486/500
[reader] generated 488/500
[reader] generated 490/500
[reader] generated 492/500
[reader] generated 494/500
[reader] generated 496/500
[reader] generated 498/500
[reader] generated 500/500
[density] policy=ace_submod_96, router_type=fixed, representation=ace, packer=submod, reader_model=Qwen/Qwen2.5-3B-Instruct, packed_token_budget=96, recall@1=0.3965, all_gold@1=0.0, recall@2=0.589, all_gold@2=0.248, recall@5=0.6885, all_gold@5=0.384, qwen_em=0.216, qwen_f1=0.2292, avg_reader_evidence_tokens=84.42, mean_ans_in_context=0.314, mean_ans_in_context_soft=0.4005, mean_gold_token_density=0.4573, mean_gold_doc_reader_cov=0.5195, mean_all_gold_reader=0.19, mean_distractor_docs=1.768, mean_context_tokens=84.418, mean_n_snippets=3.348
[density] policy=router_oracle_packer, router_type=oracle, representation=mixed, packer=oracle, reader_model=Qwen/Qwen2.5-3B-Instruct, packed_token_budget=96, selection_counts={"ace_focused_96": 97, "ace_mmr_96": 27, "ace_submod_96": 62, "chunk_focused_96": 111, "chunk_mmr_96": 31, "chunk_submod_96": 172}, qwen_em=0.356, qwen_f1=0.3791, avg_reader_evidence_tokens=79.34, mean_ans_in_context=0.316, mean_ans_in_context_soft=0.401, mean_gold_token_density=0.5324, mean_gold_doc_reader_cov=0.5265, mean_all_gold_reader=0.19, mean_distractor_docs=1.404, mean_context_tokens=79.34, mean_n_snippets=2.898
wrote /kaggle/working/colab_results/stage14_2wiki_qwen3b_budget96_limit500_seed13/2wiki_local_density_standard_budget96_limit500_metrics.csv
wrote /kaggle/working/colab_results/stage14_2wiki_qwen3b_budget96_limit500_seed13/2wiki_local_density_standard_budget96_limit500_per_question.csv
--- 2wiki B=128 seed 42 ---
$ /usr/bin/python3 -m experiments.run_density_router --dataset 2wiki_local --limit 500 --seed 42 --ace-retriever standard --top-k 5 --top-k-nodes 48 --max-expanded-docs 5 --embedder sentence-transformers --embedding-model BAAI/bge-small-en-v1.5 --embed-device cuda --compressor truncate --compress-dims 320 --reader-backend hf --reader-model Qwen/Qwen2.5-3B-Instruct --reader-device cuda --reader-batch-size 2 --mmr-lambda 0.7 --budget 128 --out-dir /kaggle/working/colab_results/stage14_2wiki_qwen3b_budget128_limit500_seed42 --twowiki-path /kaggle/input/datasets/anantonayan/2wikimultihop/2wikimultihop/dev.json
2wiki_local[500]: 3191 docs, 500 questions, 2.40 gold docs/question
[density] retrieving chunk baseline
[chunk] fitting/indexing
[embed] encoding 3191 texts on device=cuda:0

Batches:   0%|          | 0/50 [00:00<?, ?it/s]
Batches:   2%|▏         | 1/50 [00:00<00:46,  1.05it/s]
Batches:   4%|▍         | 2/50 [00:01<00:37,  1.28it/s]
Batches:   6%|▌         | 3/50 [00:02<00:30,  1.52it/s]
Batches:   8%|▊         | 4/50 [00:02<00:27,  1.65it/s]
Batches:  10%|█         | 5/50 [00:02<00:22,  1.96it/s]
Batches:  12%|█▏        | 6/50 [00:03<00:19,  2.23it/s]
Batches:  14%|█▍        | 7/50 [00:03<00:16,  2.58it/s]
Batches:  16%|█▌        | 8/50 [00:03<00:14,  2.93it/s]
Batches:  18%|█▊        | 9/50 [00:04<00:12,  3.29it/s]
Batches:  20%|██        | 10/50 [00:04<00:11,  3.56it/s]
Batches:  22%|██▏       | 11/50 [00:04<00:09,  4.01it/s]
Batches:  24%|██▍       | 12/50 [00:04<00:08,  4.41it/s]
Batches:  26%|██▌       | 13/50 [00:04<00:07,  4.76it/s]
Batches:  28%|██▊       | 14/50 [00:04<00:06,  5.23it/s]
Batches:  30%|███       | 15/50 [00:05<00:05,  5.93it/s]
Batches:  32%|███▏      | 16/50 [00:05<00:05,  6.42it/s]
Batches:  34%|███▍      | 17/50 [00:05<00:04,  6.93it/s]
Batches:  36%|███▌      | 18/50 [00:05<00:04,  7.41it/s]
Batches:  38%|███▊      | 19/50 [00:05<00:04,  7.61it/s]
Batches:  40%|████      | 20/50 [00:05<00:03,  8.12it/s]
Batches:  42%|████▏     | 21/50 [00:05<00:03,  8.60it/s]
Batches:  46%|████▌     | 23/50 [00:05<00:02,  9.46it/s]
Batches:  50%|█████     | 25/50 [00:06<00:02, 10.07it/s]
Batches:  54%|█████▍    | 27/50 [00:06<00:02, 10.69it/s]
Batches:  58%|█████▊    | 29/50 [00:06<00:01, 11.12it/s]
Batches:  62%|██████▏   | 31/50 [00:06<00:01, 11.65it/s]
Batches:  66%|██████▌   | 33/50 [00:06<00:01, 12.82it/s]
Batches:  70%|███████   | 35/50 [00:06<00:01, 13.86it/s]
Batches:  74%|███████▍  | 37/50 [00:06<00:00, 14.79it/s]
Batches:  78%|███████▊  | 39/50 [00:07<00:00, 16.05it/s]
Batches:  84%|████████▍ | 42/50 [00:07<00:00, 18.07it/s]
Batches:  90%|█████████ | 45/50 [00:07<00:00, 20.45it/s]
Batches: 100%|██████████| 50/50 [00:07<00:00, 27.00it/s]
Batches: 100%|██████████| 50/50 [00:07<00:00,  6.74it/s]
[chunk] retrieving
[embed] encoding 500 texts on device=cuda:0

Batches:   0%|          | 0/8 [00:00<?, ?it/s]
Batches:  50%|█████     | 4/8 [00:00<00:00, 34.03it/s]
Batches: 100%|██████████| 8/8 [00:00<00:00, 38.64it/s]
[density] retrieving ACE graph
[ace] building evidence graph
[ace] graph built: nodes=28905 edges=47319
[ace] fitting/indexing embeddings
[embed] encoding 25714 texts on device=cuda:0

Batches:   0%|          | 0/402 [00:00<?, ?it/s]
Batches:   0%|          | 1/402 [00:00<01:43,  3.89it/s]
Batches:   0%|          | 2/402 [00:00<01:17,  5.14it/s]
Batches:   1%|          | 4/402 [00:00<00:51,  7.73it/s]
Batches:   1%|▏         | 6/402 [00:00<00:43,  9.10it/s]
Batches:   2%|▏         | 8/402 [00:00<00:39,  9.99it/s]
Batches:   2%|▏         | 10/402 [00:01<00:37, 10.39it/s]
Batches:   3%|▎         | 12/402 [00:01<00:35, 11.03it/s]
Batches:   3%|▎         | 14/402 [00:01<00:33, 11.45it/s]
Batches:   4%|▍         | 16/402 [00:01<00:32, 12.03it/s]
Batches:   4%|▍         | 18/402 [00:01<00:30, 12.78it/s]
Batches:   5%|▍         | 20/402 [00:01<00:27, 13.77it/s]
Batches:   5%|▌         | 22/402 [00:01<00:28, 13.53it/s]
Batches:   6%|▌         | 24/402 [00:02<00:27, 13.84it/s]
Batches:   6%|▋         | 26/402 [00:02<00:25, 14.71it/s]
Batches:   7%|▋         | 28/402 [00:02<00:24, 15.16it/s]
Batches:   7%|▋         | 30/402 [00:02<00:24, 15.44it/s]
Batches:   8%|▊         | 32/402 [00:02<00:23, 15.89it/s]
Batches:   8%|▊         | 34/402 [00:02<00:22, 16.70it/s]
Batches:   9%|▉         | 36/402 [00:02<00:21, 16.97it/s]
Batches:   9%|▉         | 38/402 [00:02<00:20, 17.66it/s]
Batches:  10%|▉         | 40/402 [00:03<00:19, 18.21it/s]
Batches:  11%|█         | 43/402 [00:03<00:18, 19.00it/s]
Batches:  11%|█         | 45/402 [00:03<00:18, 19.04it/s]
Batches:  12%|█▏        | 48/402 [00:03<00:18, 19.51it/s]
Batches:  12%|█▏        | 50/402 [00:03<00:18, 19.49it/s]
Batches:  13%|█▎        | 52/402 [00:03<00:17, 19.47it/s]
Batches:  14%|█▎        | 55/402 [00:03<00:17, 19.95it/s]
Batches:  14%|█▍        | 58/402 [00:03<00:16, 20.47it/s]
Batches:  15%|█▌        | 61/402 [00:04<00:16, 21.20it/s]
Batches:  16%|█▌        | 64/402 [00:04<00:16, 21.00it/s]
Batches:  17%|█▋        | 67/402 [00:04<00:15, 21.27it/s]
Batches:  17%|█▋        | 70/402 [00:04<00:15, 21.15it/s]
Batches:  18%|█▊        | 73/402 [00:04<00:14, 21.98it/s]
Batches:  19%|█▉        | 76/402 [00:04<00:14, 22.69it/s]
Batches:  20%|█▉        | 79/402 [00:04<00:13, 23.08it/s]
Batches:  20%|██        | 82/402 [00:04<00:13, 23.77it/s]
Batches:  21%|██        | 85/402 [00:05<00:12, 24.41it/s]
Batches:  22%|██▏       | 88/402 [00:05<00:12, 24.41it/s]
Batches:  23%|██▎       | 91/402 [00:05<00:12, 24.36it/s]
Batches:  23%|██▎       | 94/402 [00:05<00:12, 24.74it/s]
Batches:  24%|██▍       | 97/402 [00:05<00:12, 25.11it/s]
Batches:  25%|██▍       | 100/402 [00:05<00:11, 25.67it/s]
Batches:  26%|██▌       | 103/402 [00:05<00:11, 26.08it/s]
Batches:  26%|██▋       | 106/402 [00:05<00:11, 26.46it/s]
Batches:  27%|██▋       | 109/402 [00:06<00:11, 26.58it/s]
Batches:  28%|██▊       | 112/402 [00:06<00:10, 26.51it/s]
Batches:  29%|██▊       | 115/402 [00:06<00:10, 26.73it/s]
Batches:  29%|██▉       | 118/402 [00:06<00:10, 27.12it/s]
Batches:  30%|███       | 121/402 [00:06<00:10, 27.85it/s]
Batches:  31%|███       | 124/402 [00:06<00:09, 28.37it/s]
Batches:  32%|███▏      | 128/402 [00:06<00:09, 29.42it/s]
Batches:  33%|███▎      | 131/402 [00:06<00:09, 29.48it/s]
Batches:  34%|███▎      | 135/402 [00:06<00:08, 30.16it/s]
Batches:  35%|███▍      | 139/402 [00:07<00:08, 31.07it/s]
Batches:  36%|███▌      | 143/402 [00:07<00:08, 31.79it/s]
Batches:  37%|███▋      | 147/402 [00:07<00:07, 32.84it/s]
Batches:  38%|███▊      | 151/402 [00:07<00:07, 33.98it/s]
Batches:  39%|███▊      | 155/402 [00:07<00:07, 34.70it/s]
Batches:  40%|███▉      | 159/402 [00:07<00:06, 35.98it/s]
Batches:  41%|████      | 164/402 [00:07<00:06, 37.35it/s]
Batches:  42%|████▏     | 169/402 [00:07<00:05, 39.34it/s]
Batches:  43%|████▎     | 174/402 [00:07<00:05, 40.88it/s]
Batches:  45%|████▍     | 180/402 [00:08<00:05, 44.35it/s]
Batches:  46%|████▋     | 186/402 [00:08<00:04, 46.82it/s]
Batches:  48%|████▊     | 192/402 [00:08<00:04, 49.76it/s]
Batches:  50%|████▉     | 199/402 [00:08<00:03, 55.00it/s]
Batches:  51%|█████▏    | 207/402 [00:08<00:03, 61.11it/s]
Batches:  53%|█████▎    | 215/402 [00:08<00:02, 65.95it/s]
Batches:  55%|█████▌    | 223/402 [00:08<00:02, 69.65it/s]
Batches:  58%|█████▊    | 232/402 [00:08<00:02, 73.51it/s]
Batches:  60%|█████▉    | 241/402 [00:08<00:02, 77.46it/s]
Batches:  62%|██████▏   | 250/402 [00:08<00:01, 80.22it/s]
Batches:  64%|██████▍   | 259/402 [00:09<00:01, 82.70it/s]
Batches:  67%|██████▋   | 268/402 [00:09<00:01, 84.68it/s]
Batches:  69%|██████▉   | 278/402 [00:09<00:01, 86.93it/s]
Batches:  72%|███████▏  | 288/402 [00:09<00:01, 88.88it/s]
Batches:  74%|███████▍  | 298/402 [00:09<00:01, 89.84it/s]
Batches:  77%|███████▋  | 308/402 [00:09<00:01, 91.20it/s]
Batches:  79%|███████▉  | 318/402 [00:09<00:00, 92.86it/s]
Batches:  82%|████████▏ | 328/402 [00:09<00:00, 94.81it/s]
Batches:  84%|████████▍ | 339/402 [00:09<00:00, 96.45it/s]
Batches:  87%|████████▋ | 349/402 [00:10<00:00, 97.44it/s]
Batches:  89%|████████▉ | 359/402 [00:10<00:00, 97.81it/s]
Batches:  92%|█████████▏| 369/402 [00:10<00:00, 97.67it/s]
Batches:  94%|█████████▍| 379/402 [00:10<00:00, 96.50it/s]
Batches:  97%|█████████▋| 389/402 [00:10<00:00, 97.12it/s]
Batches: 100%|█████████▉| 400/402 [00:10<00:00, 98.37it/s]
Batches: 100%|██████████| 402/402 [00:10<00:00, 38.04it/s]
[ace] retrieving
[embed] encoding 500 texts on device=cuda:0

Batches:   0%|          | 0/8 [00:00<?, ?it/s]
Batches:  50%|█████     | 4/8 [00:00<00:00, 33.79it/s]
Batches: 100%|██████████| 8/8 [00:00<00:00, 38.36it/s]
[density] loading reader once
`torch_dtype` is deprecated! Use `dtype` instead!

Loading checkpoint shards:   0%|          | 0/2 [00:00<?, ?it/s]
Loading checkpoint shards:  50%|█████     | 1/2 [00:02<00:02,  2.50s/it]
Loading checkpoint shards: 100%|██████████| 2/2 [00:03<00:00,  1.87s/it]
Loading checkpoint shards: 100%|██████████| 2/2 [00:03<00:00,  1.96s/it]
[reader] loaded Qwen/Qwen2.5-3B-Instruct (device_map=None, 4bit=False) entry=cuda:0
[density] materializing policy=chunk_packed_128
[density] generating policy=chunk_packed_128
The following generation flags are not valid and may be ignored: ['temperature', 'top_p', 'top_k']. Set `TRANSFORMERS_VERBOSITY=info` for more details.
[reader] generated 2/500
[reader] generated 4/500
[reader] generated 6/500
[reader] generated 8/500
[reader] generated 10/500
[reader] generated 12/500
[reader] generated 14/500
[reader] generated 16/500
[reader] generated 18/500
[reader] generated 20/500
[reader] generated 22/500
[reader] generated 24/500
[reader] generated 26/500
[reader] generated 28/500
[reader] generated 30/500
[reader] generated 32/500
[reader] generated 34/500
[reader] generated 36/500
[reader] generated 38/500
[reader] generated 40/500
[reader] generated 42/500
[reader] generated 44/500
[reader] generated 46/500
[reader] generated 48/500
[reader] generated 50/500
[reader] generated 52/500
[reader] generated 54/500
[reader] generated 56/500
[reader] generated 58/500
[reader] generated 60/500
[reader] generated 62/500
[reader] generated 64/500
[reader] generated 66/500
[reader] generated 68/500
[reader] generated 70/500
[reader] generated 72/500
[reader] generated 74/500
[reader] generated 76/500
[reader] generated 78/500
[reader] generated 80/500
[reader] generated 82/500
[reader] generated 84/500
[reader] generated 86/500
[reader] generated 88/500
[reader] generated 90/500
[reader] generated 92/500
[reader] generated 94/500
[reader] generated 96/500
[reader] generated 98/500
[reader] generated 100/500
[reader] generated 102/500
[reader] generated 104/500
[reader] generated 106/500
[reader] generated 108/500
[reader] generated 110/500
[reader] generated 112/500
[reader] generated 114/500
[reader] generated 116/500
[reader] generated 118/500
[reader] generated 120/500
[reader] generated 122/500
[reader] generated 124/500
[reader] generated 126/500
[reader] generated 128/500
[reader] generated 130/500
[reader] generated 132/500
[reader] generated 134/500
[reader] generated 136/500
[reader] generated 138/500
[reader] generated 140/500
[reader] generated 142/500
[reader] generated 144/500
[reader] generated 146/500
[reader] generated 148/500
[reader] generated 150/500
[reader] generated 152/500
[reader] generated 154/500
[reader] generated 156/500
[reader] generated 158/500
[reader] generated 160/500
[reader] generated 162/500
[reader] generated 164/500
[reader] generated 166/500
[reader] generated 168/500
[reader] generated 170/500
[reader] generated 172/500
[reader] generated 174/500
[reader] generated 176/500
[reader] generated 178/500
[reader] generated 180/500
[reader] generated 182/500
[reader] generated 184/500
[reader] generated 186/500
[reader] generated 188/500
[reader] generated 190/500
[reader] generated 192/500
[reader] generated 194/500
[reader] generated 196/500
[reader] generated 198/500
[reader] generated 200/500
[reader] generated 202/500
[reader] generated 204/500
[reader] generated 206/500
[reader] generated 208/500
[reader] generated 210/500
[reader] generated 212/500
[reader] generated 214/500
[reader] generated 216/500
[reader] generated 218/500
[reader] generated 220/500
[reader] generated 222/500
[reader] generated 224/500
[reader] generated 226/500
[reader] generated 228/500
[reader] generated 230/500
[reader] generated 232/500
[reader] generated 234/500
[reader] generated 236/500
[reader] generated 238/500
[reader] generated 240/500
[reader] generated 242/500
[reader] generated 244/500
[reader] generated 246/500
[reader] generated 248/500
[reader] generated 250/500
[reader] generated 252/500
[reader] generated 254/500
[reader] generated 256/500
[reader] generated 258/500
[reader] generated 260/500
[reader] generated 262/500
[reader] generated 264/500
[reader] generated 266/500
[reader] generated 268/500
[reader] generated 270/500
[reader] generated 272/500
[reader] generated 274/500
[reader] generated 276/500
[reader] generated 278/500
[reader] generated 280/500
[reader] generated 282/500
[reader] generated 284/500
[reader] generated 286/500
[reader] generated 288/500
[reader] generated 290/500
[reader] generated 292/500
[reader] generated 294/500
[reader] generated 296/500
[reader] generated 298/500
[reader] generated 300/500
[reader] generated 302/500
[reader] generated 304/500
[reader] generated 306/500
[reader] generated 308/500
[reader] generated 310/500
[reader] generated 312/500
[reader] generated 314/500
[reader] generated 316/500
[reader] generated 318/500
[reader] generated 320/500
[reader] generated 322/500
[reader] generated 324/500
[reader] generated 326/500
[reader] generated 328/500
[reader] generated 330/500
[reader] generated 332/500
[reader] generated 334/500
[reader] generated 336/500
[reader] generated 338/500
[reader] generated 340/500
[reader] generated 342/500
[reader] generated 344/500
[reader] generated 346/500
[reader] generated 348/500
[reader] generated 350/500
[reader] generated 352/500
[reader] generated 354/500
[reader] generated 356/500
[reader] generated 358/500
[reader] generated 360/500
[reader] generated 362/500
[reader] generated 364/500
[reader] generated 366/500
[reader] generated 368/500
[reader] generated 370/500
[reader] generated 372/500
[reader] generated 374/500
[reader] generated 376/500
[reader] generated 378/500
[reader] generated 380/500
[reader] generated 382/500
[reader] generated 384/500
[reader] generated 386/500
[reader] generated 388/500
[reader] generated 390/500
[reader] generated 392/500
[reader] generated 394/500
[reader] generated 396/500
[reader] generated 398/500
[reader] generated 400/500
[reader] generated 402/500
[reader] generated 404/500
[reader] generated 406/500
[reader] generated 408/500
[reader] generated 410/500
[reader] generated 412/500
[reader] generated 414/500
[reader] generated 416/500
[reader] generated 418/500
[reader] generated 420/500
[reader] generated 422/500
[reader] generated 424/500
[reader] generated 426/500
[reader] generated 428/500
[reader] generated 430/500
[reader] generated 432/500
[reader] generated 434/500
[reader] generated 436/500
[reader] generated 438/500
[reader] generated 440/500
[reader] generated 442/500
[reader] generated 444/500
[reader] generated 446/500
[reader] generated 448/500
[reader] generated 450/500
[reader] generated 452/500
[reader] generated 454/500
[reader] generated 456/500
[reader] generated 458/500
[reader] generated 460/500
[reader] generated 462/500
[reader] generated 464/500
[reader] generated 466/500
[reader] generated 468/500
[reader] generated 470/500
[reader] generated 472/500
[reader] generated 474/500
[reader] generated 476/500
[reader] generated 478/500
[reader] generated 480/500
[reader] generated 482/500
[reader] generated 484/500
[reader] generated 486/500
[reader] generated 488/500
[reader] generated 490/500
[reader] generated 492/500
[reader] generated 494/500
[reader] generated 496/500
[reader] generated 498/500
[reader] generated 500/500
[density] policy=chunk_packed_128, router_type=fixed, representation=chunk, packer=packed, reader_model=Qwen/Qwen2.5-3B-Instruct, packed_token_budget=128, recall@1=0.4305, all_gold@1=0.0, recall@2=0.629, all_gold@2=0.29, recall@5=0.718, all_gold@5=0.43, qwen_em=0.196, qwen_f1=0.2077, avg_reader_evidence_tokens=118.94, mean_ans_in_context=0.314, mean_ans_in_context_soft=0.4015, mean_gold_token_density=0.358, mean_gold_doc_reader_cov=0.4955, mean_all_gold_reader=0.176, mean_distractor_docs=2.198, mean_context_tokens=118.94, mean_n_snippets=3.478
[density] materializing policy=chunk_focused_128
[density] generating policy=chunk_focused_128
[reader] generated 2/500
[reader] generated 4/500
[reader] generated 6/500
[reader] generated 8/500
[reader] generated 10/500
[reader] generated 12/500
[reader] generated 14/500
[reader] generated 16/500
[reader] generated 18/500
[reader] generated 20/500
[reader] generated 22/500
[reader] generated 24/500
[reader] generated 26/500
[reader] generated 28/500
[reader] generated 30/500
[reader] generated 32/500
[reader] generated 34/500
[reader] generated 36/500
[reader] generated 38/500
[reader] generated 40/500
[reader] generated 42/500
[reader] generated 44/500
[reader] generated 46/500
[reader] generated 48/500
[reader] generated 50/500
[reader] generated 52/500
[reader] generated 54/500
[reader] generated 56/500
[reader] generated 58/500
[reader] generated 60/500
[reader] generated 62/500
[reader] generated 64/500
[reader] generated 66/500
[reader] generated 68/500
[reader] generated 70/500
[reader] generated 72/500
[reader] generated 74/500
[reader] generated 76/500
[reader] generated 78/500
[reader] generated 80/500
[reader] generated 82/500
[reader] generated 84/500
[reader] generated 86/500
[reader] generated 88/500
[reader] generated 90/500
[reader] generated 92/500
[reader] generated 94/500
[reader] generated 96/500
[reader] generated 98/500
[reader] generated 100/500
[reader] generated 102/500
[reader] generated 104/500
[reader] generated 106/500
[reader] generated 108/500
[reader] generated 110/500
[reader] generated 112/500
[reader] generated 114/500
[reader] generated 116/500
[reader] generated 118/500
[reader] generated 120/500
[reader] generated 122/500
[reader] generated 124/500
[reader] generated 126/500
[reader] generated 128/500
[reader] generated 130/500
[reader] generated 132/500
[reader] generated 134/500
[reader] generated 136/500
[reader] generated 138/500
[reader] generated 140/500
[reader] generated 142/500
[reader] generated 144/500
[reader] generated 146/500
[reader] generated 148/500
[reader] generated 150/500
[reader] generated 152/500
[reader] generated 154/500
[reader] generated 156/500
[reader] generated 158/500
[reader] generated 160/500
[reader] generated 162/500
[reader] generated 164/500
[reader] generated 166/500
[reader] generated 168/500
[reader] generated 170/500
[reader] generated 172/500
[reader] generated 174/500
[reader] generated 176/500
[reader] generated 178/500
[reader] generated 180/500
[reader] generated 182/500
[reader] generated 184/500
[reader] generated 186/500
[reader] generated 188/500
[reader] generated 190/500
[reader] generated 192/500
[reader] generated 194/500
[reader] generated 196/500
[reader] generated 198/500
[reader] generated 200/500
[reader] generated 202/500
[reader] generated 204/500
[reader] generated 206/500
[reader] generated 208/500
[reader] generated 210/500
[reader] generated 212/500
[reader] generated 214/500
[reader] generated 216/500
[reader] generated 218/500
[reader] generated 220/500
[reader] generated 222/500
[reader] generated 224/500
[reader] generated 226/500
[reader] generated 228/500
[reader] generated 230/500
[reader] generated 232/500
[reader] generated 234/500
[reader] generated 236/500
[reader] generated 238/500
[reader] generated 240/500
[reader] generated 242/500
[reader] generated 244/500
[reader] generated 246/500
[reader] generated 248/500
[reader] generated 250/500
[reader] generated 252/500
[reader] generated 254/500
[reader] generated 256/500
[reader] generated 258/500
[reader] generated 260/500
[reader] generated 262/500
[reader] generated 264/500
[reader] generated 266/500
[reader] generated 268/500
[reader] generated 270/500
[reader] generated 272/500
[reader] generated 274/500
[reader] generated 276/500
[reader] generated 278/500
[reader] generated 280/500
[reader] generated 282/500
[reader] generated 284/500
[reader] generated 286/500
[reader] generated 288/500
[reader] generated 290/500
[reader] generated 292/500
[reader] generated 294/500
[reader] generated 296/500
[reader] generated 298/500
[reader] generated 300/500
[reader] generated 302/500
[reader] generated 304/500
[reader] generated 306/500
[reader] generated 308/500
[reader] generated 310/500
[reader] generated 312/500
[reader] generated 314/500
[reader] generated 316/500
[reader] generated 318/500
[reader] generated 320/500
[reader] generated 322/500
[reader] generated 324/500
[reader] generated 326/500
[reader] generated 328/500
[reader] generated 330/500
[reader] generated 332/500
[reader] generated 334/500
[reader] generated 336/500
[reader] generated 338/500
[reader] generated 340/500
[reader] generated 342/500
[reader] generated 344/500
[reader] generated 346/500
[reader] generated 348/500
[reader] generated 350/500
[reader] generated 352/500
[reader] generated 354/500
[reader] generated 356/500
[reader] generated 358/500
[reader] generated 360/500
[reader] generated 362/500
[reader] generated 364/500
[reader] generated 366/500
[reader] generated 368/500
[reader] generated 370/500
[reader] generated 372/500
[reader] generated 374/500
[reader] generated 376/500
[reader] generated 378/500
[reader] generated 380/500
[reader] generated 382/500
[reader] generated 384/500
[reader] generated 386/500
[reader] generated 388/500
[reader] generated 390/500
[reader] generated 392/500
[reader] generated 394/500
[reader] generated 396/500
[reader] generated 398/500
[reader] generated 400/500
[reader] generated 402/500
[reader] generated 404/500
[reader] generated 406/500
[reader] generated 408/500
[reader] generated 410/500
[reader] generated 412/500
[reader] generated 414/500
[reader] generated 416/500
[reader] generated 418/500
[reader] generated 420/500
[reader] generated 422/500
[reader] generated 424/500
[reader] generated 426/500
[reader] generated 428/500
[reader] generated 430/500
[reader] generated 432/500
[reader] generated 434/500
[reader] generated 436/500
[reader] generated 438/500
[reader] generated 440/500
[reader] generated 442/500
[reader] generated 444/500
[reader] generated 446/500
[reader] generated 448/500
[reader] generated 450/500
[reader] generated 452/500
[reader] generated 454/500
[reader] generated 456/500
[reader] generated 458/500
[reader] generated 460/500
[reader] generated 462/500
[reader] generated 464/500
[reader] generated 466/500
[reader] generated 468/500
[reader] generated 470/500
[reader] generated 472/500
[reader] generated 474/500
[reader] generated 476/500
[reader] generated 478/500
[reader] generated 480/500
[reader] generated 482/500
[reader] generated 484/500
[reader] generated 486/500
[reader] generated 488/500
[reader] generated 490/500
[reader] generated 492/500
[reader] generated 494/500
[reader] generated 496/500
[reader] generated 498/500
[reader] generated 500/500
[density] policy=chunk_focused_128, router_type=fixed, representation=chunk, packer=focused, reader_model=Qwen/Qwen2.5-3B-Instruct, packed_token_budget=128, recall@1=0.4305, all_gold@1=0.0, recall@2=0.629, all_gold@2=0.29, recall@5=0.718, all_gold@5=0.43, qwen_em=0.242, qwen_f1=0.2613, avg_reader_evidence_tokens=119.72, mean_ans_in_context=0.35, mean_ans_in_context_soft=0.4303, mean_gold_token_density=0.4825, mean_gold_doc_reader_cov=0.541, mean_all_gold_reader=0.198, mean_distractor_docs=1.74, mean_context_tokens=119.718, mean_n_snippets=3.226
[density] materializing policy=chunk_mmr_128
[density] generating policy=chunk_mmr_128
[reader] generated 2/500
[reader] generated 4/500
[reader] generated 6/500
[reader] generated 8/500
[reader] generated 10/500
[reader] generated 12/500
[reader] generated 14/500
[reader] generated 16/500
[reader] generated 18/500
[reader] generated 20/500
[reader] generated 22/500
[reader] generated 24/500
[reader] generated 26/500
[reader] generated 28/500
[reader] generated 30/500
[reader] generated 32/500
[reader] generated 34/500
[reader] generated 36/500
[reader] generated 38/500
[reader] generated 40/500
[reader] generated 42/500
[reader] generated 44/500
[reader] generated 46/500
[reader] generated 48/500
[reader] generated 50/500
[reader] generated 52/500
[reader] generated 54/500
[reader] generated 56/500
[reader] generated 58/500
[reader] generated 60/500
[reader] generated 62/500
[reader] generated 64/500
[reader] generated 66/500
[reader] generated 68/500
[reader] generated 70/500
[reader] generated 72/500
[reader] generated 74/500
[reader] generated 76/500
[reader] generated 78/500
[reader] generated 80/500
[reader] generated 82/500
[reader] generated 84/500
[reader] generated 86/500
[reader] generated 88/500
[reader] generated 90/500
[reader] generated 92/500
[reader] generated 94/500
[reader] generated 96/500
[reader] generated 98/500
[reader] generated 100/500
[reader] generated 102/500
[reader] generated 104/500
[reader] generated 106/500
[reader] generated 108/500
[reader] generated 110/500
[reader] generated 112/500
[reader] generated 114/500
[reader] generated 116/500
[reader] generated 118/500
[reader] generated 120/500
[reader] generated 122/500
[reader] generated 124/500
[reader] generated 126/500
[reader] generated 128/500
[reader] generated 130/500
[reader] generated 132/500
[reader] generated 134/500
[reader] generated 136/500
[reader] generated 138/500
[reader] generated 140/500
[reader] generated 142/500
[reader] generated 144/500
[reader] generated 146/500
[reader] generated 148/500
[reader] generated 150/500
[reader] generated 152/500
[reader] generated 154/500
[reader] generated 156/500
[reader] generated 158/500
[reader] generated 160/500
[reader] generated 162/500
[reader] generated 164/500
[reader] generated 166/500
[reader] generated 168/500
[reader] generated 170/500
[reader] generated 172/500
[reader] generated 174/500
[reader] generated 176/500
[reader] generated 178/500
[reader] generated 180/500
[reader] generated 182/500
[reader] generated 184/500
[reader] generated 186/500
[reader] generated 188/500
[reader] generated 190/500
[reader] generated 192/500
[reader] generated 194/500
[reader] generated 196/500
[reader] generated 198/500
[reader] generated 200/500
[reader] generated 202/500
[reader] generated 204/500
[reader] generated 206/500
[reader] generated 208/500
[reader] generated 210/500
[reader] generated 212/500
[reader] generated 214/500
[reader] generated 216/500
[reader] generated 218/500
[reader] generated 220/500
[reader] generated 222/500
[reader] generated 224/500
[reader] generated 226/500
[reader] generated 228/500
[reader] generated 230/500
[reader] generated 232/500
[reader] generated 234/500
[reader] generated 236/500
[reader] generated 238/500
[reader] generated 240/500
[reader] generated 242/500
[reader] generated 244/500
[reader] generated 246/500
[reader] generated 248/500
[reader] generated 250/500
[reader] generated 252/500
[reader] generated 254/500
[reader] generated 256/500
[reader] generated 258/500
[reader] generated 260/500
[reader] generated 262/500
[reader] generated 264/500
[reader] generated 266/500
[reader] generated 268/500
[reader] generated 270/500
[reader] generated 272/500
[reader] generated 274/500
[reader] generated 276/500
[reader] generated 278/500
[reader] generated 280/500
[reader] generated 282/500
[reader] generated 284/500
[reader] generated 286/500
[reader] generated 288/500
[reader] generated 290/500
[reader] generated 292/500
[reader] generated 294/500
[reader] generated 296/500
[reader] generated 298/500
[reader] generated 300/500
[reader] generated 302/500
[reader] generated 304/500
[reader] generated 306/500
[reader] generated 308/500
[reader] generated 310/500
[reader] generated 312/500
[reader] generated 314/500
[reader] generated 316/500
[reader] generated 318/500
[reader] generated 320/500
[reader] generated 322/500
[reader] generated 324/500
[reader] generated 326/500
[reader] generated 328/500
[reader] generated 330/500
[reader] generated 332/500
[reader] generated 334/500
[reader] generated 336/500
[reader] generated 338/500
[reader] generated 340/500
[reader] generated 342/500
[reader] generated 344/500
[reader] generated 346/500
[reader] generated 348/500
[reader] generated 350/500
[reader] generated 352/500
[reader] generated 354/500
[reader] generated 356/500
[reader] generated 358/500
[reader] generated 360/500
[reader] generated 362/500
[reader] generated 364/500
[reader] generated 366/500
[reader] generated 368/500
[reader] generated 370/500
[reader] generated 372/500
[reader] generated 374/500
[reader] generated 376/500
[reader] generated 378/500
[reader] generated 380/500
[reader] generated 382/500
[reader] generated 384/500
[reader] generated 386/500
[reader] generated 388/500
[reader] generated 390/500
[reader] generated 392/500
[reader] generated 394/500
[reader] generated 396/500
[reader] generated 398/500
[reader] generated 400/500
[reader] generated 402/500
[reader] generated 404/500
[reader] generated 406/500
[reader] generated 408/500
[reader] generated 410/500
[reader] generated 412/500
[reader] generated 414/500
[reader] generated 416/500
[reader] generated 418/500
[reader] generated 420/500
[reader] generated 422/500
[reader] generated 424/500
[reader] generated 426/500
[reader] generated 428/500
[reader] generated 430/500
[reader] generated 432/500
[reader] generated 434/500
[reader] generated 436/500
[reader] generated 438/500
[reader] generated 440/500
[reader] generated 442/500
[reader] generated 444/500
[reader] generated 446/500
[reader] generated 448/500
[reader] generated 450/500
[reader] generated 452/500
[reader] generated 454/500
[reader] generated 456/500
[reader] generated 458/500
[reader] generated 460/500
[reader] generated 462/500
[reader] generated 464/500
[reader] generated 466/500
[reader] generated 468/500
[reader] generated 470/500
[reader] generated 472/500
[reader] generated 474/500
[reader] generated 476/500
[reader] generated 478/500
[reader] generated 480/500
[reader] generated 482/500
[reader] generated 484/500
[reader] generated 486/500
[reader] generated 488/500
[reader] generated 490/500
[reader] generated 492/500
[reader] generated 494/500
[reader] generated 496/500
[reader] generated 498/500
[reader] generated 500/500
[density] policy=chunk_mmr_128, router_type=fixed, representation=chunk, packer=mmr, reader_model=Qwen/Qwen2.5-3B-Instruct, packed_token_budget=128, recall@1=0.4305, all_gold@1=0.0, recall@2=0.629, all_gold@2=0.29, recall@5=0.718, all_gold@5=0.43, qwen_em=0.224, qwen_f1=0.2433, avg_reader_evidence_tokens=119.32, mean_ans_in_context=0.33, mean_ans_in_context_soft=0.411, mean_gold_token_density=0.4481, mean_gold_doc_reader_cov=0.4965, mean_all_gold_reader=0.16, mean_distractor_docs=1.814, mean_context_tokens=119.318, mean_n_snippets=3.282
[density] materializing policy=chunk_submod_128
[density] generating policy=chunk_submod_128
[reader] generated 2/500
[reader] generated 4/500
[reader] generated 6/500
[reader] generated 8/500
[reader] generated 10/500
[reader] generated 12/500
[reader] generated 14/500
[reader] generated 16/500
[reader] generated 18/500
[reader] generated 20/500
[reader] generated 22/500
[reader] generated 24/500
[reader] generated 26/500
[reader] generated 28/500
[reader] generated 30/500
[reader] generated 32/500
[reader] generated 34/500
[reader] generated 36/500
[reader] generated 38/500
[reader] generated 40/500
[reader] generated 42/500
[reader] generated 44/500
[reader] generated 46/500
[reader] generated 48/500
[reader] generated 50/500
[reader] generated 52/500
[reader] generated 54/500
[reader] generated 56/500
[reader] generated 58/500
[reader] generated 60/500
[reader] generated 62/500
[reader] generated 64/500
[reader] generated 66/500
[reader] generated 68/500
[reader] generated 70/500
[reader] generated 72/500
[reader] generated 74/500
[reader] generated 76/500
[reader] generated 78/500
[reader] generated 80/500
[reader] generated 82/500
[reader] generated 84/500
[reader] generated 86/500
[reader] generated 88/500
[reader] generated 90/500
[reader] generated 92/500
[reader] generated 94/500
[reader] generated 96/500
[reader] generated 98/500
[reader] generated 100/500
[reader] generated 102/500
[reader] generated 104/500
[reader] generated 106/500
[reader] generated 108/500
[reader] generated 110/500
[reader] generated 112/500
[reader] generated 114/500
[reader] generated 116/500
[reader] generated 118/500
[reader] generated 120/500
[reader] generated 122/500
[reader] generated 124/500
[reader] generated 126/500
[reader] generated 128/500
[reader] generated 130/500
[reader] generated 132/500
[reader] generated 134/500
[reader] generated 136/500
[reader] generated 138/500
[reader] generated 140/500
[reader] generated 142/500
[reader] generated 144/500
[reader] generated 146/500
[reader] generated 148/500
[reader] generated 150/500
[reader] generated 152/500
[reader] generated 154/500
[reader] generated 156/500
[reader] generated 158/500
[reader] generated 160/500
[reader] generated 162/500
[reader] generated 164/500
[reader] generated 166/500
[reader] generated 168/500
[reader] generated 170/500
[reader] generated 172/500
[reader] generated 174/500
[reader] generated 176/500
[reader] generated 178/500
[reader] generated 180/500
[reader] generated 182/500
[reader] generated 184/500
[reader] generated 186/500
[reader] generated 188/500
[reader] generated 190/500
[reader] generated 192/500
[reader] generated 194/500
[reader] generated 196/500
[reader] generated 198/500
[reader] generated 200/500
[reader] generated 202/500
[reader] generated 204/500
[reader] generated 206/500
[reader] generated 208/500
[reader] generated 210/500
[reader] generated 212/500
[reader] generated 214/500
[reader] generated 216/500
[reader] generated 218/500
[reader] generated 220/500
[reader] generated 222/500
[reader] generated 224/500
[reader] generated 226/500
[reader] generated 228/500
[reader] generated 230/500
[reader] generated 232/500
[reader] generated 234/500
[reader] generated 236/500
[reader] generated 238/500
[reader] generated 240/500
[reader] generated 242/500
[reader] generated 244/500
[reader] generated 246/500
[reader] generated 248/500
[reader] generated 250/500
[reader] generated 252/500
[reader] generated 254/500
[reader] generated 256/500
[reader] generated 258/500
[reader] generated 260/500
[reader] generated 262/500
[reader] generated 264/500
[reader] generated 266/500
[reader] generated 268/500
[reader] generated 270/500
[reader] generated 272/500
[reader] generated 274/500
[reader] generated 276/500
[reader] generated 278/500
[reader] generated 280/500
[reader] generated 282/500
[reader] generated 284/500
[reader] generated 286/500
[reader] generated 288/500
[reader] generated 290/500
[reader] generated 292/500
[reader] generated 294/500
[reader] generated 296/500
[reader] generated 298/500
[reader] generated 300/500
[reader] generated 302/500
[reader] generated 304/500
[reader] generated 306/500
[reader] generated 308/500
[reader] generated 310/500
[reader] generated 312/500
[reader] generated 314/500
[reader] generated 316/500
[reader] generated 318/500
[reader] generated 320/500
[reader] generated 322/500
[reader] generated 324/500
[reader] generated 326/500
[reader] generated 328/500
[reader] generated 330/500
[reader] generated 332/500
[reader] generated 334/500
[reader] generated 336/500
[reader] generated 338/500
[reader] generated 340/500
[reader] generated 342/500
[reader] generated 344/500
[reader] generated 346/500
[reader] generated 348/500
[reader] generated 350/500
[reader] generated 352/500
[reader] generated 354/500
[reader] generated 356/500
[reader] generated 358/500
[reader] generated 360/500
[reader] generated 362/500
[reader] generated 364/500
[reader] generated 366/500
[reader] generated 368/500
[reader] generated 370/500
[reader] generated 372/500
[reader] generated 374/500
[reader] generated 376/500
[reader] generated 378/500
[reader] generated 380/500
[reader] generated 382/500
[reader] generated 384/500
[reader] generated 386/500
[reader] generated 388/500
[reader] generated 390/500
[reader] generated 392/500
[reader] generated 394/500
[reader] generated 396/500
[reader] generated 398/500
[reader] generated 400/500
[reader] generated 402/500
[reader] generated 404/500
[reader] generated 406/500
[reader] generated 408/500
[reader] generated 410/500
[reader] generated 412/500
[reader] generated 414/500
[reader] generated 416/500
[reader] generated 418/500
[reader] generated 420/500
[reader] generated 422/500
[reader] generated 424/500
[reader] generated 426/500
[reader] generated 428/500
[reader] generated 430/500
[reader] generated 432/500
[reader] generated 434/500
[reader] generated 436/500
[reader] generated 438/500
[reader] generated 440/500
[reader] generated 442/500
[reader] generated 444/500
[reader] generated 446/500
[reader] generated 448/500
[reader] generated 450/500
[reader] generated 452/500
[reader] generated 454/500
[reader] generated 456/500
[reader] generated 458/500
[reader] generated 460/500
[reader] generated 462/500
[reader] generated 464/500
[reader] generated 466/500
[reader] generated 468/500
[reader] generated 470/500
[reader] generated 472/500
[reader] generated 474/500
[reader] generated 476/500
[reader] generated 478/500
[reader] generated 480/500
[reader] generated 482/500
[reader] generated 484/500
[reader] generated 486/500
[reader] generated 488/500
[reader] generated 490/500
[reader] generated 492/500
[reader] generated 494/500
[reader] generated 496/500
[reader] generated 498/500
[reader] generated 500/500
[density] policy=chunk_submod_128, router_type=fixed, representation=chunk, packer=submod, reader_model=Qwen/Qwen2.5-3B-Instruct, packed_token_budget=128, recall@1=0.4305, all_gold@1=0.0, recall@2=0.629, all_gold@2=0.29, recall@5=0.718, all_gold@5=0.43, qwen_em=0.232, qwen_f1=0.2458, avg_reader_evidence_tokens=114.24, mean_ans_in_context=0.356, mean_ans_in_context_soft=0.4351, mean_gold_token_density=0.4474, mean_gold_doc_reader_cov=0.604, mean_all_gold_reader=0.29, mean_distractor_docs=2.122, mean_context_tokens=114.238, mean_n_snippets=4.18
[density] materializing policy=ace_focused_128
[density] generating policy=ace_focused_128
[reader] generated 2/500
[reader] generated 4/500
[reader] generated 6/500
[reader] generated 8/500
[reader] generated 10/500
[reader] generated 12/500
[reader] generated 14/500
[reader] generated 16/500
[reader] generated 18/500
[reader] generated 20/500
[reader] generated 22/500
[reader] generated 24/500
[reader] generated 26/500
[reader] generated 28/500
[reader] generated 30/500
[reader] generated 32/500
[reader] generated 34/500
[reader] generated 36/500
[reader] generated 38/500
[reader] generated 40/500
[reader] generated 42/500
[reader] generated 44/500
[reader] generated 46/500
[reader] generated 48/500
[reader] generated 50/500
[reader] generated 52/500
[reader] generated 54/500
[reader] generated 56/500
[reader] generated 58/500
[reader] generated 60/500
[reader] generated 62/500
[reader] generated 64/500
[reader] generated 66/500
[reader] generated 68/500
[reader] generated 70/500
[reader] generated 72/500
[reader] generated 74/500
[reader] generated 76/500
[reader] generated 78/500
[reader] generated 80/500
[reader] generated 82/500
[reader] generated 84/500
[reader] generated 86/500
[reader] generated 88/500
[reader] generated 90/500
[reader] generated 92/500
[reader] generated 94/500
[reader] generated 96/500
[reader] generated 98/500
[reader] generated 100/500
[reader] generated 102/500
[reader] generated 104/500
[reader] generated 106/500
[reader] generated 108/500
[reader] generated 110/500
[reader] generated 112/500
[reader] generated 114/500
[reader] generated 116/500
[reader] generated 118/500
[reader] generated 120/500
[reader] generated 122/500
[reader] generated 124/500
[reader] generated 126/500
[reader] generated 128/500
[reader] generated 130/500
[reader] generated 132/500
[reader] generated 134/500
[reader] generated 136/500
[reader] generated 138/500
[reader] generated 140/500
[reader] generated 142/500
[reader] generated 144/500
[reader] generated 146/500
[reader] generated 148/500
[reader] generated 150/500
[reader] generated 152/500
[reader] generated 154/500
[reader] generated 156/500
[reader] generated 158/500
[reader] generated 160/500
[reader] generated 162/500
[reader] generated 164/500
[reader] generated 166/500
[reader] generated 168/500
[reader] generated 170/500
[reader] generated 172/500
[reader] generated 174/500
[reader] generated 176/500
[reader] generated 178/500
[reader] generated 180/500
[reader] generated 182/500
[reader] generated 184/500
[reader] generated 186/500
[reader] generated 188/500
[reader] generated 190/500
[reader] generated 192/500
[reader] generated 194/500
[reader] generated 196/500
[reader] generated 198/500
[reader] generated 200/500
[reader] generated 202/500
[reader] generated 204/500
[reader] generated 206/500
[reader] generated 208/500
[reader] generated 210/500
[reader] generated 212/500
[reader] generated 214/500
[reader] generated 216/500
[reader] generated 218/500
[reader] generated 220/500
[reader] generated 222/500
[reader] generated 224/500
[reader] generated 226/500
[reader] generated 228/500
[reader] generated 230/500
[reader] generated 232/500
[reader] generated 234/500
[reader] generated 236/500
[reader] generated 238/500
[reader] generated 240/500
[reader] generated 242/500
[reader] generated 244/500
[reader] generated 246/500
[reader] generated 248/500
[reader] generated 250/500
[reader] generated 252/500
[reader] generated 254/500
[reader] generated 256/500
[reader] generated 258/500
[reader] generated 260/500
[reader] generated 262/500
[reader] generated 264/500
[reader] generated 266/500
[reader] generated 268/500
[reader] generated 270/500
[reader] generated 272/500
[reader] generated 274/500
[reader] generated 276/500
[reader] generated 278/500
[reader] generated 280/500
[reader] generated 282/500
[reader] generated 284/500
[reader] generated 286/500
[reader] generated 288/500
[reader] generated 290/500
[reader] generated 292/500
[reader] generated 294/500
[reader] generated 296/500
[reader] generated 298/500
[reader] generated 300/500
[reader] generated 302/500
[reader] generated 304/500
[reader] generated 306/500
[reader] generated 308/500
[reader] generated 310/500
[reader] generated 312/500
[reader] generated 314/500
[reader] generated 316/500
[reader] generated 318/500
[reader] generated 320/500
[reader] generated 322/500
[reader] generated 324/500
[reader] generated 326/500
[reader] generated 328/500
[reader] generated 330/500
[reader] generated 332/500
[reader] generated 334/500
[reader] generated 336/500
[reader] generated 338/500
[reader] generated 340/500
[reader] generated 342/500
[reader] generated 344/500
[reader] generated 346/500
[reader] generated 348/500
[reader] generated 350/500
[reader] generated 352/500
[reader] generated 354/500
[reader] generated 356/500
[reader] generated 358/500
[reader] generated 360/500
[reader] generated 362/500
[reader] generated 364/500
[reader] generated 366/500
[reader] generated 368/500
[reader] generated 370/500
[reader] generated 372/500
[reader] generated 374/500
[reader] generated 376/500
[reader] generated 378/500
[reader] generated 380/500
[reader] generated 382/500
[reader] generated 384/500
[reader] generated 386/500
[reader] generated 388/500
[reader] generated 390/500
[reader] generated 392/500
[reader] generated 394/500
[reader] generated 396/500
[reader] generated 398/500
[reader] generated 400/500
[reader] generated 402/500
[reader] generated 404/500
[reader] generated 406/500
[reader] generated 408/500
[reader] generated 410/500
[reader] generated 412/500
[reader] generated 414/500
[reader] generated 416/500
[reader] generated 418/500
[reader] generated 420/500
[reader] generated 422/500
[reader] generated 424/500
[reader] generated 426/500
[reader] generated 428/500
[reader] generated 430/500
[reader] generated 432/500
[reader] generated 434/500
[reader] generated 436/500
[reader] generated 438/500
[reader] generated 440/500
[reader] generated 442/500
[reader] generated 444/500
[reader] generated 446/500
[reader] generated 448/500
[reader] generated 450/500
[reader] generated 452/500
[reader] generated 454/500
[reader] generated 456/500
[reader] generated 458/500
[reader] generated 460/500
[reader] generated 462/500
[reader] generated 464/500
[reader] generated 466/500
[reader] generated 468/500
[reader] generated 470/500
[reader] generated 472/500
[reader] generated 474/500
[reader] generated 476/500
[reader] generated 478/500
[reader] generated 480/500
[reader] generated 482/500
[reader] generated 484/500
[reader] generated 486/500
[reader] generated 488/500
[reader] generated 490/500
[reader] generated 492/500
[reader] generated 494/500
[reader] generated 496/500
[reader] generated 498/500
[reader] generated 500/500
[density] policy=ace_focused_128, router_type=fixed, representation=ace, packer=focused, reader_model=Qwen/Qwen2.5-3B-Instruct, packed_token_budget=128, recall@1=0.4115, all_gold@1=0.0, recall@2=0.6065, all_gold@2=0.272, recall@5=0.711, all_gold@5=0.43, qwen_em=0.23, qwen_f1=0.2545, avg_reader_evidence_tokens=118.22, mean_ans_in_context=0.386, mean_ans_in_context_soft=0.459, mean_gold_token_density=0.4859, mean_gold_doc_reader_cov=0.626, mean_all_gold_reader=0.3, mean_distractor_docs=1.858, mean_context_tokens=118.222, mean_n_snippets=3.6
[density] materializing policy=ace_mmr_128
[density] generating policy=ace_mmr_128
[reader] generated 2/500
[reader] generated 4/500
[reader] generated 6/500
[reader] generated 8/500
[reader] generated 10/500
[reader] generated 12/500
[reader] generated 14/500
[reader] generated 16/500
[reader] generated 18/500
[reader] generated 20/500
[reader] generated 22/500
[reader] generated 24/500
[reader] generated 26/500
[reader] generated 28/500
[reader] generated 30/500
[reader] generated 32/500
[reader] generated 34/500
[reader] generated 36/500
[reader] generated 38/500
[reader] generated 40/500
[reader] generated 42/500
[reader] generated 44/500
[reader] generated 46/500
[reader] generated 48/500
[reader] generated 50/500
[reader] generated 52/500
[reader] generated 54/500
[reader] generated 56/500
[reader] generated 58/500
[reader] generated 60/500
[reader] generated 62/500
[reader] generated 64/500
[reader] generated 66/500
[reader] generated 68/500
[reader] generated 70/500
[reader] generated 72/500
[reader] generated 74/500
[reader] generated 76/500
[reader] generated 78/500
[reader] generated 80/500
[reader] generated 82/500
[reader] generated 84/500
[reader] generated 86/500
[reader] generated 88/500
[reader] generated 90/500
[reader] generated 92/500
[reader] generated 94/500
[reader] generated 96/500
[reader] generated 98/500
[reader] generated 100/500
[reader] generated 102/500
[reader] generated 104/500
[reader] generated 106/500
[reader] generated 108/500
[reader] generated 110/500
[reader] generated 112/500
[reader] generated 114/500
[reader] generated 116/500
[reader] generated 118/500
[reader] generated 120/500
[reader] generated 122/500
[reader] generated 124/500
[reader] generated 126/500
[reader] generated 128/500
[reader] generated 130/500
[reader] generated 132/500
[reader] generated 134/500
[reader] generated 136/500
[reader] generated 138/500
[reader] generated 140/500
[reader] generated 142/500
[reader] generated 144/500
[reader] generated 146/500
[reader] generated 148/500
[reader] generated 150/500
[reader] generated 152/500
[reader] generated 154/500
[reader] generated 156/500
[reader] generated 158/500
[reader] generated 160/500
[reader] generated 162/500
[reader] generated 164/500
[reader] generated 166/500
[reader] generated 168/500
[reader] generated 170/500
[reader] generated 172/500
[reader] generated 174/500
[reader] generated 176/500
[reader] generated 178/500
[reader] generated 180/500
[reader] generated 182/500
[reader] generated 184/500
[reader] generated 186/500
[reader] generated 188/500
[reader] generated 190/500
[reader] generated 192/500
[reader] generated 194/500
[reader] generated 196/500
[reader] generated 198/500
[reader] generated 200/500
[reader] generated 202/500
[reader] generated 204/500
[reader] generated 206/500
[reader] generated 208/500
[reader] generated 210/500
[reader] generated 212/500
[reader] generated 214/500
[reader] generated 216/500
[reader] generated 218/500
[reader] generated 220/500
[reader] generated 222/500
[reader] generated 224/500
[reader] generated 226/500
[reader] generated 228/500
[reader] generated 230/500
[reader] generated 232/500
[reader] generated 234/500
[reader] generated 236/500
[reader] generated 238/500
[reader] generated 240/500
[reader] generated 242/500
[reader] generated 244/500
[reader] generated 246/500
[reader] generated 248/500
[reader] generated 250/500
[reader] generated 252/500
[reader] generated 254/500
[reader] generated 256/500
[reader] generated 258/500
[reader] generated 260/500
[reader] generated 262/500
[reader] generated 264/500
[reader] generated 266/500
[reader] generated 268/500
[reader] generated 270/500
[reader] generated 272/500
[reader] generated 274/500
[reader] generated 276/500
[reader] generated 278/500
[reader] generated 280/500
[reader] generated 282/500
[reader] generated 284/500
[reader] generated 286/500
[reader] generated 288/500
[reader] generated 290/500
[reader] generated 292/500
[reader] generated 294/500
[reader] generated 296/500
[reader] generated 298/500
[reader] generated 300/500
[reader] generated 302/500
[reader] generated 304/500
[reader] generated 306/500
[reader] generated 308/500
[reader] generated 310/500
[reader] generated 312/500
[reader] generated 314/500
[reader] generated 316/500
[reader] generated 318/500
[reader] generated 320/500
[reader] generated 322/500
[reader] generated 324/500
[reader] generated 326/500
[reader] generated 328/500
[reader] generated 330/500
[reader] generated 332/500
[reader] generated 334/500
[reader] generated 336/500
[reader] generated 338/500
[reader] generated 340/500
[reader] generated 342/500
[reader] generated 344/500
[reader] generated 346/500
[reader] generated 348/500
[reader] generated 350/500
[reader] generated 352/500
[reader] generated 354/500
[reader] generated 356/500
[reader] generated 358/500
[reader] generated 360/500
[reader] generated 362/500
[reader] generated 364/500
[reader] generated 366/500
[reader] generated 368/500
[reader] generated 370/500
[reader] generated 372/500
[reader] generated 374/500
[reader] generated 376/500
[reader] generated 378/500
[reader] generated 380/500
[reader] generated 382/500
[reader] generated 384/500
[reader] generated 386/500
[reader] generated 388/500
[reader] generated 390/500
[reader] generated 392/500
[reader] generated 394/500
[reader] generated 396/500
[reader] generated 398/500
[reader] generated 400/500
[reader] generated 402/500
[reader] generated 404/500
[reader] generated 406/500
[reader] generated 408/500
[reader] generated 410/500
[reader] generated 412/500
[reader] generated 414/500
[reader] generated 416/500
[reader] generated 418/500
[reader] generated 420/500
[reader] generated 422/500
[reader] generated 424/500
[reader] generated 426/500
[reader] generated 428/500
[reader] generated 430/500
[reader] generated 432/500
[reader] generated 434/500
[reader] generated 436/500
[reader] generated 438/500
[reader] generated 440/500
[reader] generated 442/500
[reader] generated 444/500
[reader] generated 446/500
[reader] generated 448/500
[reader] generated 450/500
[reader] generated 452/500
[reader] generated 454/500
[reader] generated 456/500
[reader] generated 458/500
[reader] generated 460/500
[reader] generated 462/500
[reader] generated 464/500
[reader] generated 466/500
[reader] generated 468/500
[reader] generated 470/500
[reader] generated 472/500
[reader] generated 474/500
[reader] generated 476/500
[reader] generated 478/500
[reader] generated 480/500
[reader] generated 482/500
[reader] generated 484/500
[reader] generated 486/500
[reader] generated 488/500
[reader] generated 490/500
[reader] generated 492/500
[reader] generated 494/500
[reader] generated 496/500
[reader] generated 498/500
[reader] generated 500/500
[density] policy=ace_mmr_128, router_type=fixed, representation=ace, packer=mmr, reader_model=Qwen/Qwen2.5-3B-Instruct, packed_token_budget=128, recall@1=0.4115, all_gold@1=0.0, recall@2=0.6065, all_gold@2=0.272, recall@5=0.711, all_gold@5=0.43, qwen_em=0.234, qwen_f1=0.2636, avg_reader_evidence_tokens=118.51, mean_ans_in_context=0.35, mean_ans_in_context_soft=0.4212, mean_gold_token_density=0.466, mean_gold_doc_reader_cov=0.5835, mean_all_gold_reader=0.24, mean_distractor_docs=1.892, mean_context_tokens=118.51, mean_n_snippets=3.664
[density] materializing policy=ace_submod_128
[density] generating policy=ace_submod_128
[reader] generated 2/500
[reader] generated 4/500
[reader] generated 6/500
[reader] generated 8/500
[reader] generated 10/500
[reader] generated 12/500
[reader] generated 14/500
[reader] generated 16/500
[reader] generated 18/500
[reader] generated 20/500
[reader] generated 22/500
[reader] generated 24/500
[reader] generated 26/500
[reader] generated 28/500
[reader] generated 30/500
[reader] generated 32/500
[reader] generated 34/500
[reader] generated 36/500
[reader] generated 38/500
[reader] generated 40/500
[reader] generated 42/500
[reader] generated 44/500
[reader] generated 46/500
[reader] generated 48/500
[reader] generated 50/500
[reader] generated 52/500
[reader] generated 54/500
[reader] generated 56/500
[reader] generated 58/500
[reader] generated 60/500
[reader] generated 62/500
[reader] generated 64/500
[reader] generated 66/500
[reader] generated 68/500
[reader] generated 70/500
[reader] generated 72/500
[reader] generated 74/500
[reader] generated 76/500
[reader] generated 78/500
[reader] generated 80/500
[reader] generated 82/500
[reader] generated 84/500
[reader] generated 86/500
[reader] generated 88/500
[reader] generated 90/500
[reader] generated 92/500
[reader] generated 94/500
[reader] generated 96/500
[reader] generated 98/500
[reader] generated 100/500
[reader] generated 102/500
[reader] generated 104/500
[reader] generated 106/500
[reader] generated 108/500
[reader] generated 110/500
[reader] generated 112/500
[reader] generated 114/500
[reader] generated 116/500
[reader] generated 118/500
[reader] generated 120/500
[reader] generated 122/500
[reader] generated 124/500
[reader] generated 126/500
[reader] generated 128/500
[reader] generated 130/500
[reader] generated 132/500
[reader] generated 134/500
[reader] generated 136/500
[reader] generated 138/500
[reader] generated 140/500
[reader] generated 142/500
[reader] generated 144/500
[reader] generated 146/500
[reader] generated 148/500
[reader] generated 150/500
[reader] generated 152/500
[reader] generated 154/500
[reader] generated 156/500
[reader] generated 158/500
[reader] generated 160/500
[reader] generated 162/500
[reader] generated 164/500
[reader] generated 166/500
[reader] generated 168/500
[reader] generated 170/500
[reader] generated 172/500
[reader] generated 174/500
[reader] generated 176/500
[reader] generated 178/500
[reader] generated 180/500
[reader] generated 182/500
[reader] generated 184/500
[reader] generated 186/500
[reader] generated 188/500
[reader] generated 190/500
[reader] generated 192/500
[reader] generated 194/500
[reader] generated 196/500
[reader] generated 198/500
[reader] generated 200/500
[reader] generated 202/500
[reader] generated 204/500
[reader] generated 206/500
[reader] generated 208/500
[reader] generated 210/500
[reader] generated 212/500
[reader] generated 214/500
[reader] generated 216/500
[reader] generated 218/500
[reader] generated 220/500
[reader] generated 222/500
[reader] generated 224/500
[reader] generated 226/500
[reader] generated 228/500
[reader] generated 230/500
[reader] generated 232/500
[reader] generated 234/500
[reader] generated 236/500
[reader] generated 238/500
[reader] generated 240/500
[reader] generated 242/500
[reader] generated 244/500
[reader] generated 246/500
[reader] generated 248/500
[reader] generated 250/500
[reader] generated 252/500
[reader] generated 254/500
[reader] generated 256/500
[reader] generated 258/500
[reader] generated 260/500
[reader] generated 262/500
[reader] generated 264/500
[reader] generated 266/500
[reader] generated 268/500
[reader] generated 270/500
[reader] generated 272/500
[reader] generated 274/500
[reader] generated 276/500
[reader] generated 278/500
[reader] generated 280/500
[reader] generated 282/500
[reader] generated 284/500
[reader] generated 286/500
[reader] generated 288/500
[reader] generated 290/500
[reader] generated 292/500
[reader] generated 294/500
[reader] generated 296/500
[reader] generated 298/500
[reader] generated 300/500
[reader] generated 302/500
[reader] generated 304/500
[reader] generated 306/500
[reader] generated 308/500
[reader] generated 310/500
[reader] generated 312/500
[reader] generated 314/500
[reader] generated 316/500
[reader] generated 318/500
[reader] generated 320/500
[reader] generated 322/500
[reader] generated 324/500
[reader] generated 326/500
[reader] generated 328/500
[reader] generated 330/500
[reader] generated 332/500
[reader] generated 334/500
[reader] generated 336/500
[reader] generated 338/500
[reader] generated 340/500
[reader] generated 342/500
[reader] generated 344/500
[reader] generated 346/500
[reader] generated 348/500
[reader] generated 350/500
[reader] generated 352/500
[reader] generated 354/500
[reader] generated 356/500
[reader] generated 358/500
[reader] generated 360/500
[reader] generated 362/500
[reader] generated 364/500
[reader] generated 366/500
[reader] generated 368/500
[reader] generated 370/500
[reader] generated 372/500
[reader] generated 374/500
[reader] generated 376/500
[reader] generated 378/500
[reader] generated 380/500
[reader] generated 382/500
[reader] generated 384/500
[reader] generated 386/500
[reader] generated 388/500
[reader] generated 390/500
[reader] generated 392/500
[reader] generated 394/500
[reader] generated 396/500
[reader] generated 398/500
[reader] generated 400/500
[reader] generated 402/500
[reader] generated 404/500
[reader] generated 406/500
[reader] generated 408/500
[reader] generated 410/500
[reader] generated 412/500
[reader] generated 414/500
[reader] generated 416/500
[reader] generated 418/500
[reader] generated 420/500
[reader] generated 422/500
[reader] generated 424/500
[reader] generated 426/500
[reader] generated 428/500
[reader] generated 430/500
[reader] generated 432/500
[reader] generated 434/500
[reader] generated 436/500
[reader] generated 438/500
[reader] generated 440/500
[reader] generated 442/500
[reader] generated 444/500
[reader] generated 446/500
[reader] generated 448/500
[reader] generated 450/500
[reader] generated 452/500
[reader] generated 454/500
[reader] generated 456/500
[reader] generated 458/500
[reader] generated 460/500
[reader] generated 462/500
[reader] generated 464/500
[reader] generated 466/500
[reader] generated 468/500
[reader] generated 470/500
[reader] generated 472/500
[reader] generated 474/500
[reader] generated 476/500
[reader] generated 478/500
[reader] generated 480/500
[reader] generated 482/500
[reader] generated 484/500
[reader] generated 486/500
[reader] generated 488/500
[reader] generated 490/500
[reader] generated 492/500
[reader] generated 494/500
[reader] generated 496/500
[reader] generated 498/500
[reader] generated 500/500
[density] policy=ace_submod_128, router_type=fixed, representation=ace, packer=submod, reader_model=Qwen/Qwen2.5-3B-Instruct, packed_token_budget=128, recall@1=0.4115, all_gold@1=0.0, recall@2=0.6065, all_gold@2=0.272, recall@5=0.711, all_gold@5=0.43, qwen_em=0.246, qwen_f1=0.2699, avg_reader_evidence_tokens=116.2, mean_ans_in_context=0.382, mean_ans_in_context_soft=0.4546, mean_gold_token_density=0.4463, mean_gold_doc_reader_cov=0.6155, mean_all_gold_reader=0.302, mean_distractor_docs=2.13, mean_context_tokens=116.202, mean_n_snippets=4.15
[density] policy=router_oracle_packer, router_type=oracle, representation=mixed, packer=oracle, reader_model=Qwen/Qwen2.5-3B-Instruct, packed_token_budget=128, selection_counts={"ace_focused_128": 95, "ace_mmr_128": 43, "ace_submod_128": 76, "chunk_focused_128": 81, "chunk_mmr_128": 39, "chunk_submod_128": 166}, qwen_em=0.37, qwen_f1=0.4134, avg_reader_evidence_tokens=110.34, mean_ans_in_context=0.382, mean_ans_in_context_soft=0.4594, mean_gold_token_density=0.4796, mean_gold_doc_reader_cov=0.5825, mean_all_gold_reader=0.254, mean_distractor_docs=1.88, mean_context_tokens=110.344, mean_n_snippets=3.682
wrote /kaggle/working/colab_results/stage14_2wiki_qwen3b_budget128_limit500_seed42/2wiki_local_density_standard_budget128_limit500_metrics.csv
wrote /kaggle/working/colab_results/stage14_2wiki_qwen3b_budget128_limit500_seed42/2wiki_local_density_standard_budget128_limit500_per_question.csv
--- 2wiki B=128 seed 13 ---
$ /usr/bin/python3 -m experiments.run_density_router --dataset 2wiki_local --limit 500 --seed 13 --ace-retriever standard --top-k 5 --top-k-nodes 48 --max-expanded-docs 5 --embedder sentence-transformers --embedding-model BAAI/bge-small-en-v1.5 --embed-device cuda --compressor truncate --compress-dims 320 --reader-backend hf --reader-model Qwen/Qwen2.5-3B-Instruct --reader-device cuda --reader-batch-size 2 --mmr-lambda 0.7 --budget 128 --out-dir /kaggle/working/colab_results/stage14_2wiki_qwen3b_budget128_limit500_seed13 --twowiki-path /kaggle/input/datasets/anantonayan/2wikimultihop/2wikimultihop/dev.json
2wiki_local[500]: 3348 docs, 500 questions, 2.46 gold docs/question
[density] retrieving chunk baseline
[chunk] fitting/indexing
[embed] encoding 3348 texts on device=cuda:0

Batches:   0%|          | 0/53 [00:00<?, ?it/s]
Batches:   2%|▏         | 1/53 [00:00<00:51,  1.01it/s]
Batches:   4%|▍         | 2/53 [00:01<00:39,  1.28it/s]
Batches:   6%|▌         | 3/53 [00:02<00:32,  1.52it/s]
Batches:   8%|▊         | 4/53 [00:02<00:27,  1.75it/s]
Batches:   9%|▉         | 5/53 [00:02<00:23,  2.07it/s]
Batches:  11%|█▏        | 6/53 [00:03<00:19,  2.41it/s]
Batches:  13%|█▎        | 7/53 [00:03<00:16,  2.77it/s]
Batches:  15%|█▌        | 8/53 [00:03<00:13,  3.24it/s]
Batches:  17%|█▋        | 9/53 [00:03<00:12,  3.57it/s]
Batches:  19%|█▉        | 10/53 [00:04<00:10,  4.02it/s]
Batches:  21%|██        | 11/53 [00:04<00:10,  4.19it/s]
Batches:  23%|██▎       | 12/53 [00:04<00:08,  4.66it/s]
Batches:  25%|██▍       | 13/53 [00:04<00:07,  5.10it/s]
Batches:  26%|██▋       | 14/53 [00:04<00:06,  5.58it/s]
Batches:  28%|██▊       | 15/53 [00:04<00:06,  6.15it/s]
Batches:  30%|███       | 16/53 [00:04<00:05,  6.57it/s]
Batches:  32%|███▏      | 17/53 [00:05<00:05,  7.05it/s]
Batches:  34%|███▍      | 18/53 [00:05<00:04,  7.55it/s]
Batches:  36%|███▌      | 19/53 [00:05<00:04,  7.90it/s]
Batches:  38%|███▊      | 20/53 [00:05<00:04,  8.09it/s]
Batches:  42%|████▏     | 22/53 [00:05<00:03,  9.01it/s]
Batches:  45%|████▌     | 24/53 [00:05<00:02,  9.67it/s]
Batches:  49%|████▉     | 26/53 [00:05<00:02, 10.31it/s]
Batches:  53%|█████▎    | 28/53 [00:06<00:02, 10.71it/s]
Batches:  57%|█████▋    | 30/53 [00:06<00:02, 11.38it/s]
Batches:  60%|██████    | 32/53 [00:06<00:01, 12.63it/s]
Batches:  64%|██████▍   | 34/53 [00:06<00:01, 13.66it/s]
Batches:  68%|██████▊   | 36/53 [00:06<00:01, 14.73it/s]
Batches:  74%|███████▎  | 39/53 [00:06<00:00, 16.78it/s]
Batches:  79%|███████▉  | 42/53 [00:06<00:00, 18.22it/s]
Batches:  85%|████████▍ | 45/53 [00:07<00:00, 20.26it/s]
Batches:  91%|█████████ | 48/53 [00:07<00:00, 22.65it/s]
Batches: 100%|██████████| 53/53 [00:07<00:00, 29.21it/s]
Batches: 100%|██████████| 53/53 [00:07<00:00,  7.32it/s]
[chunk] retrieving
[embed] encoding 500 texts on device=cuda:0

Batches:   0%|          | 0/8 [00:00<?, ?it/s]
Batches:  50%|█████     | 4/8 [00:00<00:00, 34.21it/s]
Batches: 100%|██████████| 8/8 [00:00<00:00, 38.49it/s]
[density] retrieving ACE graph
[ace] building evidence graph
[ace] graph built: nodes=28569 edges=45678
[ace] fitting/indexing embeddings
[embed] encoding 25221 texts on device=cuda:0

Batches:   0%|          | 0/395 [00:00<?, ?it/s]
Batches:   0%|          | 1/395 [00:00<01:54,  3.45it/s]
Batches:   1%|          | 2/395 [00:00<01:19,  4.95it/s]
Batches:   1%|          | 3/395 [00:00<01:01,  6.40it/s]
Batches:   1%|          | 4/395 [00:00<00:52,  7.46it/s]
Batches:   2%|▏         | 6/395 [00:00<00:43,  8.98it/s]
Batches:   2%|▏         | 8/395 [00:00<00:38, 10.10it/s]
Batches:   3%|▎         | 10/395 [00:01<00:35, 10.84it/s]
Batches:   3%|▎         | 12/395 [00:01<00:34, 11.19it/s]
Batches:   4%|▎         | 14/395 [00:01<00:32, 11.86it/s]
Batches:   4%|▍         | 16/395 [00:01<00:29, 12.63it/s]
Batches:   5%|▍         | 18/395 [00:01<00:29, 12.81it/s]
Batches:   5%|▌         | 20/395 [00:01<00:28, 13.00it/s]
Batches:   6%|▌         | 22/395 [00:02<00:27, 13.59it/s]
Batches:   6%|▌         | 24/395 [00:02<00:27, 13.63it/s]
Batches:   7%|▋         | 26/395 [00:02<00:25, 14.38it/s]
Batches:   7%|▋         | 28/395 [00:02<00:24, 14.74it/s]
Batches:   8%|▊         | 30/395 [00:02<00:23, 15.23it/s]
Batches:   8%|▊         | 32/395 [00:02<00:22, 16.25it/s]
Batches:   9%|▊         | 34/395 [00:02<00:21, 16.80it/s]
Batches:   9%|▉         | 36/395 [00:02<00:20, 17.38it/s]
Batches:  10%|▉         | 38/395 [00:02<00:20, 17.81it/s]
Batches:  10%|█         | 41/395 [00:03<00:18, 18.65it/s]
Batches:  11%|█         | 44/395 [00:03<00:18, 18.92it/s]
Batches:  12%|█▏        | 47/395 [00:03<00:17, 19.51it/s]
Batches:  12%|█▏        | 49/395 [00:03<00:17, 19.54it/s]
Batches:  13%|█▎        | 52/395 [00:03<00:16, 20.36it/s]
Batches:  14%|█▍        | 55/395 [00:03<00:16, 20.73it/s]
Batches:  15%|█▍        | 58/395 [00:03<00:16, 20.78it/s]
Batches:  15%|█▌        | 61/395 [00:04<00:16, 20.54it/s]
Batches:  16%|█▌        | 64/395 [00:04<00:15, 21.00it/s]
Batches:  17%|█▋        | 67/395 [00:04<00:15, 21.23it/s]
Batches:  18%|█▊        | 70/395 [00:04<00:14, 21.79it/s]
Batches:  18%|█▊        | 73/395 [00:04<00:14, 22.06it/s]
Batches:  19%|█▉        | 76/395 [00:04<00:13, 22.86it/s]
Batches:  20%|██        | 79/395 [00:04<00:13, 23.33it/s]
Batches:  21%|██        | 82/395 [00:04<00:12, 24.10it/s]
Batches:  22%|██▏       | 85/395 [00:05<00:12, 24.02it/s]
Batches:  22%|██▏       | 88/395 [00:05<00:12, 24.62it/s]
Batches:  23%|██▎       | 91/395 [00:05<00:11, 25.34it/s]
Batches:  24%|██▍       | 94/395 [00:05<00:11, 26.13it/s]
Batches:  25%|██▍       | 97/395 [00:05<00:11, 26.47it/s]
Batches:  25%|██▌       | 100/395 [00:05<00:11, 26.11it/s]
Batches:  26%|██▌       | 103/395 [00:05<00:11, 26.05it/s]
Batches:  27%|██▋       | 106/395 [00:05<00:10, 26.65it/s]
Batches:  28%|██▊       | 109/395 [00:05<00:10, 27.37it/s]
Batches:  28%|██▊       | 112/395 [00:06<00:10, 27.55it/s]
Batches:  29%|██▉       | 115/395 [00:06<00:09, 28.23it/s]
Batches:  30%|███       | 119/395 [00:06<00:09, 28.97it/s]
Batches:  31%|███       | 123/395 [00:06<00:09, 30.04it/s]
Batches:  32%|███▏      | 127/395 [00:06<00:08, 30.67it/s]
Batches:  33%|███▎      | 131/395 [00:06<00:08, 32.14it/s]
Batches:  34%|███▍      | 135/395 [00:06<00:07, 32.69it/s]
Batches:  35%|███▌      | 139/395 [00:06<00:07, 32.51it/s]
Batches:  36%|███▌      | 143/395 [00:07<00:07, 33.51it/s]
Batches:  37%|███▋      | 147/395 [00:07<00:07, 34.54it/s]
Batches:  38%|███▊      | 151/395 [00:07<00:06, 35.89it/s]
Batches:  39%|███▉      | 156/395 [00:07<00:06, 37.19it/s]
Batches:  41%|████      | 161/395 [00:07<00:06, 38.76it/s]
Batches:  42%|████▏     | 166/395 [00:07<00:05, 41.40it/s]
Batches:  43%|████▎     | 171/395 [00:07<00:05, 42.76it/s]
Batches:  45%|████▍     | 177/395 [00:07<00:04, 45.75it/s]
Batches:  46%|████▋     | 183/395 [00:07<00:04, 49.65it/s]
Batches:  48%|████▊     | 190/395 [00:08<00:03, 53.97it/s]
Batches:  50%|████▉     | 197/395 [00:08<00:03, 58.04it/s]
Batches:  52%|█████▏    | 205/395 [00:08<00:03, 63.21it/s]
Batches:  54%|█████▍    | 214/395 [00:08<00:02, 68.58it/s]
Batches:  56%|█████▋    | 223/395 [00:08<00:02, 72.96it/s]
Batches:  59%|█████▊    | 232/395 [00:08<00:02, 76.11it/s]
Batches:  61%|██████    | 241/395 [00:08<00:01, 79.61it/s]
Batches:  63%|██████▎   | 250/395 [00:08<00:01, 81.11it/s]
Batches:  66%|██████▌   | 259/395 [00:08<00:01, 82.16it/s]
Batches:  68%|██████▊   | 269/395 [00:08<00:01, 84.91it/s]
Batches:  70%|███████   | 278/395 [00:09<00:01, 85.60it/s]
Batches:  73%|███████▎  | 288/395 [00:09<00:01, 87.78it/s]
Batches:  75%|███████▌  | 298/395 [00:09<00:01, 91.06it/s]
Batches:  78%|███████▊  | 309/395 [00:09<00:00, 94.01it/s]
Batches:  81%|████████  | 319/395 [00:09<00:00, 95.66it/s]
Batches:  84%|████████▎ | 330/395 [00:09<00:00, 97.24it/s]
Batches:  86%|████████▌ | 340/395 [00:09<00:00, 96.86it/s]
Batches:  89%|████████▊ | 350/395 [00:09<00:00, 97.17it/s]
Batches:  91%|█████████ | 360/395 [00:09<00:00, 97.03it/s]
Batches:  94%|█████████▎| 370/395 [00:10<00:00, 97.05it/s]
Batches:  96%|█████████▌| 380/395 [00:10<00:00, 96.80it/s]
Batches:  99%|█████████▉| 391/395 [00:10<00:00, 97.95it/s]
Batches: 100%|██████████| 395/395 [00:10<00:00, 38.38it/s]
[ace] retrieving
[embed] encoding 500 texts on device=cuda:0

Batches:   0%|          | 0/8 [00:00<?, ?it/s]
Batches:  50%|█████     | 4/8 [00:00<00:00, 34.16it/s]
Batches: 100%|██████████| 8/8 [00:00<00:00, 37.42it/s]
[density] loading reader once
`torch_dtype` is deprecated! Use `dtype` instead!

Loading checkpoint shards:   0%|          | 0/2 [00:00<?, ?it/s]
Loading checkpoint shards:  50%|█████     | 1/2 [00:02<00:02,  2.50s/it]
Loading checkpoint shards: 100%|██████████| 2/2 [00:03<00:00,  1.85s/it]
Loading checkpoint shards: 100%|██████████| 2/2 [00:03<00:00,  1.94s/it]
[reader] loaded Qwen/Qwen2.5-3B-Instruct (device_map=None, 4bit=False) entry=cuda:0
[density] materializing policy=chunk_packed_128
[density] generating policy=chunk_packed_128
The following generation flags are not valid and may be ignored: ['temperature', 'top_p', 'top_k']. Set `TRANSFORMERS_VERBOSITY=info` for more details.
[reader] generated 2/500
[reader] generated 4/500
[reader] generated 6/500
[reader] generated 8/500
[reader] generated 10/500
[reader] generated 12/500
[reader] generated 14/500
[reader] generated 16/500
[reader] generated 18/500
[reader] generated 20/500
[reader] generated 22/500
[reader] generated 24/500
[reader] generated 26/500
[reader] generated 28/500
[reader] generated 30/500
[reader] generated 32/500
[reader] generated 34/500
[reader] generated 36/500
[reader] generated 38/500
[reader] generated 40/500
[reader] generated 42/500
[reader] generated 44/500
[reader] generated 46/500
[reader] generated 48/500
[reader] generated 50/500
[reader] generated 52/500
[reader] generated 54/500
[reader] generated 56/500
[reader] generated 58/500
[reader] generated 60/500
[reader] generated 62/500
[reader] generated 64/500
[reader] generated 66/500
[reader] generated 68/500
[reader] generated 70/500
[reader] generated 72/500
[reader] generated 74/500
[reader] generated 76/500
[reader] generated 78/500
[reader] generated 80/500
[reader] generated 82/500
[reader] generated 84/500
[reader] generated 86/500
[reader] generated 88/500
[reader] generated 90/500
[reader] generated 92/500
[reader] generated 94/500
[reader] generated 96/500
[reader] generated 98/500
[reader] generated 100/500
[reader] generated 102/500
[reader] generated 104/500
[reader] generated 106/500
[reader] generated 108/500
[reader] generated 110/500
[reader] generated 112/500
[reader] generated 114/500
[reader] generated 116/500
[reader] generated 118/500
[reader] generated 120/500
[reader] generated 122/500
[reader] generated 124/500
[reader] generated 126/500
[reader] generated 128/500
[reader] generated 130/500
[reader] generated 132/500
[reader] generated 134/500
[reader] generated 136/500
[reader] generated 138/500
[reader] generated 140/500
[reader] generated 142/500
[reader] generated 144/500
[reader] generated 146/500
[reader] generated 148/500
[reader] generated 150/500
[reader] generated 152/500
[reader] generated 154/500
[reader] generated 156/500
[reader] generated 158/500
[reader] generated 160/500
[reader] generated 162/500
[reader] generated 164/500
[reader] generated 166/500
[reader] generated 168/500
[reader] generated 170/500
[reader] generated 172/500
[reader] generated 174/500
[reader] generated 176/500
[reader] generated 178/500
[reader] generated 180/500
[reader] generated 182/500
[reader] generated 184/500
[reader] generated 186/500
[reader] generated 188/500
[reader] generated 190/500
[reader] generated 192/500
[reader] generated 194/500
[reader] generated 196/500
[reader] generated 198/500
[reader] generated 200/500
[reader] generated 202/500
[reader] generated 204/500
[reader] generated 206/500
[reader] generated 208/500
[reader] generated 210/500
[reader] generated 212/500
[reader] generated 214/500
[reader] generated 216/500
[reader] generated 218/500
[reader] generated 220/500
[reader] generated 222/500
[reader] generated 224/500
[reader] generated 226/500
[reader] generated 228/500
[reader] generated 230/500
[reader] generated 232/500
[reader] generated 234/500
[reader] generated 236/500
[reader] generated 238/500
[reader] generated 240/500
[reader] generated 242/500
[reader] generated 244/500
[reader] generated 246/500
[reader] generated 248/500
[reader] generated 250/500
[reader] generated 252/500
[reader] generated 254/500
[reader] generated 256/500
[reader] generated 258/500
[reader] generated 260/500
[reader] generated 262/500
[reader] generated 264/500
[reader] generated 266/500
[reader] generated 268/500
[reader] generated 270/500
[reader] generated 272/500
[reader] generated 274/500
[reader] generated 276/500
[reader] generated 278/500
[reader] generated 280/500
[reader] generated 282/500
[reader] generated 284/500
[reader] generated 286/500
[reader] generated 288/500
[reader] generated 290/500
[reader] generated 292/500
[reader] generated 294/500
[reader] generated 296/500
[reader] generated 298/500
[reader] generated 300/500
[reader] generated 302/500
[reader] generated 304/500
[reader] generated 306/500
[reader] generated 308/500
[reader] generated 310/500
[reader] generated 312/500
[reader] generated 314/500
[reader] generated 316/500
[reader] generated 318/500
[reader] generated 320/500
[reader] generated 322/500
[reader] generated 324/500
[reader] generated 326/500
[reader] generated 328/500
[reader] generated 330/500
[reader] generated 332/500
[reader] generated 334/500
[reader] generated 336/500
[reader] generated 338/500
[reader] generated 340/500
[reader] generated 342/500
[reader] generated 344/500
[reader] generated 346/500
[reader] generated 348/500
[reader] generated 350/500
[reader] generated 352/500
[reader] generated 354/500
[reader] generated 356/500
[reader] generated 358/500
[reader] generated 360/500
[reader] generated 362/500
[reader] generated 364/500
[reader] generated 366/500
[reader] generated 368/500
[reader] generated 370/500
[reader] generated 372/500
[reader] generated 374/500
[reader] generated 376/500
[reader] generated 378/500
[reader] generated 380/500
[reader] generated 382/500
[reader] generated 384/500
[reader] generated 386/500
[reader] generated 388/500
[reader] generated 390/500
[reader] generated 392/500
[reader] generated 394/500
[reader] generated 396/500
[reader] generated 398/500
[reader] generated 400/500
[reader] generated 402/500
[reader] generated 404/500
[reader] generated 406/500
[reader] generated 408/500
[reader] generated 410/500
[reader] generated 412/500
[reader] generated 414/500
[reader] generated 416/500
[reader] generated 418/500
[reader] generated 420/500
[reader] generated 422/500
[reader] generated 424/500
[reader] generated 426/500
[reader] generated 428/500
[reader] generated 430/500
[reader] generated 432/500
[reader] generated 434/500
[reader] generated 436/500
[reader] generated 438/500
[reader] generated 440/500
[reader] generated 442/500
[reader] generated 444/500
[reader] generated 446/500
[reader] generated 448/500
[reader] generated 450/500
[reader] generated 452/500
[reader] generated 454/500
[reader] generated 456/500
[reader] generated 458/500
[reader] generated 460/500
[reader] generated 462/500
[reader] generated 464/500
[reader] generated 466/500
[reader] generated 468/500
[reader] generated 470/500
[reader] generated 472/500
[reader] generated 474/500
[reader] generated 476/500
[reader] generated 478/500
[reader] generated 480/500
[reader] generated 482/500
[reader] generated 484/500
[reader] generated 486/500
[reader] generated 488/500
[reader] generated 490/500
[reader] generated 492/500
[reader] generated 494/500
[reader] generated 496/500
[reader] generated 498/500
[reader] generated 500/500
[density] policy=chunk_packed_128, router_type=fixed, representation=chunk, packer=packed, reader_model=Qwen/Qwen2.5-3B-Instruct, packed_token_budget=128, recall@1=0.4195, all_gold@1=0.0, recall@2=0.6175, all_gold@2=0.274, recall@5=0.701, all_gold@5=0.402, qwen_em=0.248, qwen_f1=0.2645, avg_reader_evidence_tokens=118.7, mean_ans_in_context=0.324, mean_ans_in_context_soft=0.4033, mean_gold_token_density=0.361, mean_gold_doc_reader_cov=0.5015, mean_all_gold_reader=0.172, mean_distractor_docs=2.202, mean_context_tokens=118.704, mean_n_snippets=3.512
[density] materializing policy=chunk_focused_128
[density] generating policy=chunk_focused_128
[reader] generated 2/500
[reader] generated 4/500
[reader] generated 6/500
[reader] generated 8/500
[reader] generated 10/500
[reader] generated 12/500
[reader] generated 14/500
[reader] generated 16/500
[reader] generated 18/500
[reader] generated 20/500
[reader] generated 22/500
[reader] generated 24/500
[reader] generated 26/500
[reader] generated 28/500
[reader] generated 30/500
[reader] generated 32/500
[reader] generated 34/500
[reader] generated 36/500
[reader] generated 38/500
[reader] generated 40/500
[reader] generated 42/500
[reader] generated 44/500
[reader] generated 46/500
[reader] generated 48/500
[reader] generated 50/500
[reader] generated 52/500
[reader] generated 54/500
[reader] generated 56/500
[reader] generated 58/500
[reader] generated 60/500
[reader] generated 62/500
[reader] generated 64/500
[reader] generated 66/500
[reader] generated 68/500
[reader] generated 70/500
[reader] generated 72/500
[reader] generated 74/500
[reader] generated 76/500
[reader] generated 78/500
[reader] generated 80/500
[reader] generated 82/500
[reader] generated 84/500
[reader] generated 86/500
[reader] generated 88/500
[reader] generated 90/500
[reader] generated 92/500
[reader] generated 94/500
[reader] generated 96/500
[reader] generated 98/500
[reader] generated 100/500
[reader] generated 102/500
[reader] generated 104/500
[reader] generated 106/500
[reader] generated 108/500
[reader] generated 110/500
[reader] generated 112/500
[reader] generated 114/500
[reader] generated 116/500
[reader] generated 118/500
[reader] generated 120/500
[reader] generated 122/500
[reader] generated 124/500
[reader] generated 126/500
[reader] generated 128/500
[reader] generated 130/500
[reader] generated 132/500
[reader] generated 134/500
[reader] generated 136/500
[reader] generated 138/500
[reader] generated 140/500
[reader] generated 142/500
[reader] generated 144/500
[reader] generated 146/500
[reader] generated 148/500
[reader] generated 150/500
[reader] generated 152/500
[reader] generated 154/500
[reader] generated 156/500
[reader] generated 158/500
[reader] generated 160/500
[reader] generated 162/500
[reader] generated 164/500
[reader] generated 166/500
[reader] generated 168/500
[reader] generated 170/500
[reader] generated 172/500
[reader] generated 174/500
[reader] generated 176/500
[reader] generated 178/500
[reader] generated 180/500
[reader] generated 182/500
[reader] generated 184/500
[reader] generated 186/500
[reader] generated 188/500
[reader] generated 190/500
[reader] generated 192/500
[reader] generated 194/500
[reader] generated 196/500
[reader] generated 198/500
[reader] generated 200/500
[reader] generated 202/500
[reader] generated 204/500
[reader] generated 206/500
[reader] generated 208/500
[reader] generated 210/500
[reader] generated 212/500
[reader] generated 214/500
[reader] generated 216/500
[reader] generated 218/500
[reader] generated 220/500
[reader] generated 222/500
[reader] generated 224/500
[reader] generated 226/500
[reader] generated 228/500
[reader] generated 230/500
[reader] generated 232/500
[reader] generated 234/500
[reader] generated 236/500
[reader] generated 238/500
[reader] generated 240/500
[reader] generated 242/500
[reader] generated 244/500
[reader] generated 246/500
[reader] generated 248/500
[reader] generated 250/500
[reader] generated 252/500
[reader] generated 254/500
[reader] generated 256/500
[reader] generated 258/500
[reader] generated 260/500
[reader] generated 262/500
[reader] generated 264/500
[reader] generated 266/500
[reader] generated 268/500
[reader] generated 270/500
[reader] generated 272/500
[reader] generated 274/500
[reader] generated 276/500
[reader] generated 278/500
[reader] generated 280/500
[reader] generated 282/500
[reader] generated 284/500
[reader] generated 286/500
[reader] generated 288/500
[reader] generated 290/500
[reader] generated 292/500
[reader] generated 294/500
[reader] generated 296/500
[reader] generated 298/500
[reader] generated 300/500
[reader] generated 302/500
[reader] generated 304/500
[reader] generated 306/500
[reader] generated 308/500
[reader] generated 310/500
[reader] generated 312/500
[reader] generated 314/500
[reader] generated 316/500
[reader] generated 318/500
[reader] generated 320/500
[reader] generated 322/500
[reader] generated 324/500
[reader] generated 326/500
[reader] generated 328/500
[reader] generated 330/500
[reader] generated 332/500
[reader] generated 334/500
[reader] generated 336/500
[reader] generated 338/500
[reader] generated 340/500
[reader] generated 342/500
[reader] generated 344/500
[reader] generated 346/500
[reader] generated 348/500
[reader] generated 350/500
[reader] generated 352/500
[reader] generated 354/500
[reader] generated 356/500
[reader] generated 358/500
[reader] generated 360/500
[reader] generated 362/500
[reader] generated 364/500
[reader] generated 366/500
[reader] generated 368/500
[reader] generated 370/500
[reader] generated 372/500
[reader] generated 374/500
[reader] generated 376/500
[reader] generated 378/500
[reader] generated 380/500
[reader] generated 382/500
[reader] generated 384/500
[reader] generated 386/500
[reader] generated 388/500
[reader] generated 390/500
[reader] generated 392/500
[reader] generated 394/500
[reader] generated 396/500
[reader] generated 398/500
[reader] generated 400/500
[reader] generated 402/500
[reader] generated 404/500
[reader] generated 406/500
[reader] generated 408/500
[reader] generated 410/500
[reader] generated 412/500
[reader] generated 414/500
[reader] generated 416/500
[reader] generated 418/500
[reader] generated 420/500
[reader] generated 422/500
[reader] generated 424/500
[reader] generated 426/500
[reader] generated 428/500
[reader] generated 430/500
[reader] generated 432/500
[reader] generated 434/500
[reader] generated 436/500
[reader] generated 438/500
[reader] generated 440/500
[reader] generated 442/500
[reader] generated 444/500
[reader] generated 446/500
[reader] generated 448/500
[reader] generated 450/500
[reader] generated 452/500
[reader] generated 454/500
[reader] generated 456/500
[reader] generated 458/500
[reader] generated 460/500
[reader] generated 462/500
[reader] generated 464/500
[reader] generated 466/500
[reader] generated 468/500
[reader] generated 470/500
[reader] generated 472/500
[reader] generated 474/500
[reader] generated 476/500
[reader] generated 478/500
[reader] generated 480/500
[reader] generated 482/500
[reader] generated 484/500
[reader] generated 486/500
[reader] generated 488/500
[reader] generated 490/500
[reader] generated 492/500
[reader] generated 494/500
[reader] generated 496/500
[reader] generated 498/500
[reader] generated 500/500
[density] policy=chunk_focused_128, router_type=fixed, representation=chunk, packer=focused, reader_model=Qwen/Qwen2.5-3B-Instruct, packed_token_budget=128, recall@1=0.4195, all_gold@1=0.0, recall@2=0.6175, all_gold@2=0.274, recall@5=0.701, all_gold@5=0.402, qwen_em=0.246, qwen_f1=0.2693, avg_reader_evidence_tokens=118.76, mean_ans_in_context=0.366, mean_ans_in_context_soft=0.4408, mean_gold_token_density=0.4922, mean_gold_doc_reader_cov=0.549, mean_all_gold_reader=0.204, mean_distractor_docs=1.726, mean_context_tokens=118.758, mean_n_snippets=3.236
[density] materializing policy=chunk_mmr_128
[density] generating policy=chunk_mmr_128
[reader] generated 2/500
[reader] generated 4/500
[reader] generated 6/500
[reader] generated 8/500
[reader] generated 10/500
[reader] generated 12/500
[reader] generated 14/500
[reader] generated 16/500
[reader] generated 18/500
[reader] generated 20/500
[reader] generated 22/500
[reader] generated 24/500
[reader] generated 26/500
[reader] generated 28/500
[reader] generated 30/500
[reader] generated 32/500
[reader] generated 34/500
[reader] generated 36/500
[reader] generated 38/500
[reader] generated 40/500
[reader] generated 42/500
[reader] generated 44/500
[reader] generated 46/500
[reader] generated 48/500
[reader] generated 50/500
[reader] generated 52/500
[reader] generated 54/500
[reader] generated 56/500
[reader] generated 58/500
[reader] generated 60/500
[reader] generated 62/500
[reader] generated 64/500
[reader] generated 66/500
[reader] generated 68/500
[reader] generated 70/500
[reader] generated 72/500
[reader] generated 74/500
[reader] generated 76/500
[reader] generated 78/500
[reader] generated 80/500
[reader] generated 82/500
[reader] generated 84/500
[reader] generated 86/500
[reader] generated 88/500
[reader] generated 90/500
[reader] generated 92/500
[reader] generated 94/500
[reader] generated 96/500
[reader] generated 98/500
[reader] generated 100/500
[reader] generated 102/500
[reader] generated 104/500
[reader] generated 106/500
[reader] generated 108/500
[reader] generated 110/500
[reader] generated 112/500
[reader] generated 114/500
[reader] generated 116/500
[reader] generated 118/500
[reader] generated 120/500
[reader] generated 122/500
[reader] generated 124/500
[reader] generated 126/500
[reader] generated 128/500
[reader] generated 130/500
[reader] generated 132/500
[reader] generated 134/500
[reader] generated 136/500
[reader] generated 138/500
[reader] generated 140/500
[reader] generated 142/500
[reader] generated 144/500
[reader] generated 146/500
[reader] generated 148/500
[reader] generated 150/500
[reader] generated 152/500
[reader] generated 154/500
[reader] generated 156/500
[reader] generated 158/500
[reader] generated 160/500
[reader] generated 162/500
[reader] generated 164/500
[reader] generated 166/500
[reader] generated 168/500
[reader] generated 170/500
[reader] generated 172/500
[reader] generated 174/500
[reader] generated 176/500
[reader] generated 178/500
[reader] generated 180/500
[reader] generated 182/500
[reader] generated 184/500
[reader] generated 186/500
[reader] generated 188/500
[reader] generated 190/500
[reader] generated 192/500
[reader] generated 194/500
[reader] generated 196/500
[reader] generated 198/500
[reader] generated 200/500
[reader] generated 202/500
[reader] generated 204/500
[reader] generated 206/500
[reader] generated 208/500
[reader] generated 210/500
[reader] generated 212/500
[reader] generated 214/500
[reader] generated 216/500
[reader] generated 218/500
[reader] generated 220/500
[reader] generated 222/500
[reader] generated 224/500
[reader] generated 226/500
[reader] generated 228/500
[reader] generated 230/500
[reader] generated 232/500
[reader] generated 234/500
[reader] generated 236/500
[reader] generated 238/500
[reader] generated 240/500
[reader] generated 242/500
[reader] generated 244/500
[reader] generated 246/500
[reader] generated 248/500
[reader] generated 250/500
[reader] generated 252/500
[reader] generated 254/500
[reader] generated 256/500
[reader] generated 258/500
[reader] generated 260/500
[reader] generated 262/500
[reader] generated 264/500
[reader] generated 266/500
[reader] generated 268/500
[reader] generated 270/500
[reader] generated 272/500
[reader] generated 274/500
[reader] generated 276/500
[reader] generated 278/500
[reader] generated 280/500
[reader] generated 282/500
[reader] generated 284/500
[reader] generated 286/500
[reader] generated 288/500
[reader] generated 290/500
[reader] generated 292/500
[reader] generated 294/500
[reader] generated 296/500
[reader] generated 298/500
[reader] generated 300/500
[reader] generated 302/500
[reader] generated 304/500
[reader] generated 306/500
[reader] generated 308/500
[reader] generated 310/500
[reader] generated 312/500
[reader] generated 314/500
[reader] generated 316/500
[reader] generated 318/500
[reader] generated 320/500
[reader] generated 322/500
[reader] generated 324/500
[reader] generated 326/500
[reader] generated 328/500
[reader] generated 330/500
[reader] generated 332/500
[reader] generated 334/500
[reader] generated 336/500
[reader] generated 338/500
[reader] generated 340/500
[reader] generated 342/500
[reader] generated 344/500
[reader] generated 346/500
[reader] generated 348/500
[reader] generated 350/500
[reader] generated 352/500
[reader] generated 354/500
[reader] generated 356/500
[reader] generated 358/500
[reader] generated 360/500
[reader] generated 362/500
[reader] generated 364/500
[reader] generated 366/500
[reader] generated 368/500
[reader] generated 370/500
[reader] generated 372/500
[reader] generated 374/500
[reader] generated 376/500
[reader] generated 378/500
[reader] generated 380/500
[reader] generated 382/500
[reader] generated 384/500
[reader] generated 386/500
[reader] generated 388/500
[reader] generated 390/500
[reader] generated 392/500
[reader] generated 394/500
[reader] generated 396/500
[reader] generated 398/500
[reader] generated 400/500
[reader] generated 402/500
[reader] generated 404/500
[reader] generated 406/500
[reader] generated 408/500
[reader] generated 410/500
[reader] generated 412/500
[reader] generated 414/500
[reader] generated 416/500
[reader] generated 418/500
[reader] generated 420/500
[reader] generated 422/500
[reader] generated 424/500
[reader] generated 426/500
[reader] generated 428/500
[reader] generated 430/500
[reader] generated 432/500
[reader] generated 434/500
[reader] generated 436/500
[reader] generated 438/500
[reader] generated 440/500
[reader] generated 442/500
[reader] generated 444/500
[reader] generated 446/500
[reader] generated 448/500
[reader] generated 450/500
[reader] generated 452/500
[reader] generated 454/500
[reader] generated 456/500
[reader] generated 458/500
[reader] generated 460/500
[reader] generated 462/500
[reader] generated 464/500
[reader] generated 466/500
[reader] generated 468/500
[reader] generated 470/500
[reader] generated 472/500
[reader] generated 474/500
[reader] generated 476/500
[reader] generated 478/500
[reader] generated 480/500
[reader] generated 482/500
[reader] generated 484/500
[reader] generated 486/500
[reader] generated 488/500
[reader] generated 490/500
[reader] generated 492/500
[reader] generated 494/500
[reader] generated 496/500
[reader] generated 498/500
[reader] generated 500/500
[density] policy=chunk_mmr_128, router_type=fixed, representation=chunk, packer=mmr, reader_model=Qwen/Qwen2.5-3B-Instruct, packed_token_budget=128, recall@1=0.4195, all_gold@1=0.0, recall@2=0.6175, all_gold@2=0.274, recall@5=0.701, all_gold@5=0.402, qwen_em=0.232, qwen_f1=0.2561, avg_reader_evidence_tokens=119.04, mean_ans_in_context=0.346, mean_ans_in_context_soft=0.4163, mean_gold_token_density=0.4518, mean_gold_doc_reader_cov=0.5155, mean_all_gold_reader=0.182, mean_distractor_docs=1.818, mean_context_tokens=119.044, mean_n_snippets=3.342
[density] materializing policy=chunk_submod_128
[density] generating policy=chunk_submod_128
[reader] generated 2/500
[reader] generated 4/500
[reader] generated 6/500
[reader] generated 8/500
[reader] generated 10/500
[reader] generated 12/500
[reader] generated 14/500
[reader] generated 16/500
[reader] generated 18/500
[reader] generated 20/500
[reader] generated 22/500
[reader] generated 24/500
[reader] generated 26/500
[reader] generated 28/500
[reader] generated 30/500
[reader] generated 32/500
[reader] generated 34/500
[reader] generated 36/500
[reader] generated 38/500
[reader] generated 40/500
[reader] generated 42/500
[reader] generated 44/500
[reader] generated 46/500
[reader] generated 48/500
[reader] generated 50/500
[reader] generated 52/500
[reader] generated 54/500
[reader] generated 56/500
[reader] generated 58/500
[reader] generated 60/500
[reader] generated 62/500
[reader] generated 64/500
[reader] generated 66/500
[reader] generated 68/500
[reader] generated 70/500
[reader] generated 72/500
[reader] generated 74/500
[reader] generated 76/500
[reader] generated 78/500
[reader] generated 80/500
[reader] generated 82/500
[reader] generated 84/500
[reader] generated 86/500
[reader] generated 88/500
[reader] generated 90/500
[reader] generated 92/500
[reader] generated 94/500
[reader] generated 96/500
[reader] generated 98/500
[reader] generated 100/500
[reader] generated 102/500
[reader] generated 104/500
[reader] generated 106/500
[reader] generated 108/500
[reader] generated 110/500
[reader] generated 112/500
[reader] generated 114/500
[reader] generated 116/500
[reader] generated 118/500
[reader] generated 120/500
[reader] generated 122/500
[reader] generated 124/500
[reader] generated 126/500
[reader] generated 128/500
[reader] generated 130/500
[reader] generated 132/500
[reader] generated 134/500
[reader] generated 136/500
[reader] generated 138/500
[reader] generated 140/500
[reader] generated 142/500
[reader] generated 144/500
[reader] generated 146/500
[reader] generated 148/500
[reader] generated 150/500
[reader] generated 152/500
[reader] generated 154/500
[reader] generated 156/500
[reader] generated 158/500
[reader] generated 160/500
[reader] generated 162/500
[reader] generated 164/500
[reader] generated 166/500
[reader] generated 168/500
[reader] generated 170/500
[reader] generated 172/500
[reader] generated 174/500
[reader] generated 176/500
[reader] generated 178/500
[reader] generated 180/500
[reader] generated 182/500
[reader] generated 184/500
[reader] generated 186/500
[reader] generated 188/500
[reader] generated 190/500
[reader] generated 192/500
[reader] generated 194/500
[reader] generated 196/500
[reader] generated 198/500
[reader] generated 200/500
[reader] generated 202/500
[reader] generated 204/500
[reader] generated 206/500
[reader] generated 208/500
[reader] generated 210/500
[reader] generated 212/500
[reader] generated 214/500
[reader] generated 216/500
[reader] generated 218/500
[reader] generated 220/500
[reader] generated 222/500
[reader] generated 224/500
[reader] generated 226/500
[reader] generated 228/500
[reader] generated 230/500
[reader] generated 232/500
[reader] generated 234/500
[reader] generated 236/500
[reader] generated 238/500
[reader] generated 240/500
[reader] generated 242/500
[reader] generated 244/500
[reader] generated 246/500
[reader] generated 248/500
[reader] generated 250/500
[reader] generated 252/500
[reader] generated 254/500
[reader] generated 256/500
[reader] generated 258/500
[reader] generated 260/500
[reader] generated 262/500
[reader] generated 264/500
[reader] generated 266/500
[reader] generated 268/500
[reader] generated 270/500
[reader] generated 272/500
[reader] generated 274/500
[reader] generated 276/500
[reader] generated 278/500
[reader] generated 280/500
[reader] generated 282/500
[reader] generated 284/500
[reader] generated 286/500
[reader] generated 288/500
[reader] generated 290/500
[reader] generated 292/500
[reader] generated 294/500
[reader] generated 296/500
[reader] generated 298/500
[reader] generated 300/500
[reader] generated 302/500
[reader] generated 304/500
[reader] generated 306/500
[reader] generated 308/500
[reader] generated 310/500
[reader] generated 312/500
[reader] generated 314/500
[reader] generated 316/500
[reader] generated 318/500
[reader] generated 320/500
[reader] generated 322/500
[reader] generated 324/500
[reader] generated 326/500
[reader] generated 328/500
[reader] generated 330/500
[reader] generated 332/500
[reader] generated 334/500
[reader] generated 336/500
[reader] generated 338/500
[reader] generated 340/500
[reader] generated 342/500
[reader] generated 344/500
[reader] generated 346/500
[reader] generated 348/500
[reader] generated 350/500
[reader] generated 352/500
[reader] generated 354/500
[reader] generated 356/500
[reader] generated 358/500
[reader] generated 360/500
[reader] generated 362/500
[reader] generated 364/500
[reader] generated 366/500
[reader] generated 368/500
[reader] generated 370/500
[reader] generated 372/500
[reader] generated 374/500
[reader] generated 376/500
[reader] generated 378/500
[reader] generated 380/500
[reader] generated 382/500
[reader] generated 384/500
[reader] generated 386/500
[reader] generated 388/500
[reader] generated 390/500
[reader] generated 392/500
[reader] generated 394/500
[reader] generated 396/500
[reader] generated 398/500
[reader] generated 400/500
[reader] generated 402/500
[reader] generated 404/500
[reader] generated 406/500
[reader] generated 408/500
[reader] generated 410/500
[reader] generated 412/500
[reader] generated 414/500
[reader] generated 416/500
[reader] generated 418/500
[reader] generated 420/500
[reader] generated 422/500
[reader] generated 424/500
[reader] generated 426/500
[reader] generated 428/500
[reader] generated 430/500
[reader] generated 432/500
[reader] generated 434/500
[reader] generated 436/500
[reader] generated 438/500
[reader] generated 440/500
[reader] generated 442/500
[reader] generated 444/500
[reader] generated 446/500
[reader] generated 448/500
[reader] generated 450/500
[reader] generated 452/500
[reader] generated 454/500
[reader] generated 456/500
[reader] generated 458/500
[reader] generated 460/500
[reader] generated 462/500
[reader] generated 464/500
[reader] generated 466/500
[reader] generated 468/500
[reader] generated 470/500
[reader] generated 472/500
[reader] generated 474/500
[reader] generated 476/500
[reader] generated 478/500
[reader] generated 480/500
[reader] generated 482/500
[reader] generated 484/500
[reader] generated 486/500
[reader] generated 488/500
[reader] generated 490/500
[reader] generated 492/500
[reader] generated 494/500
[reader] generated 496/500
[reader] generated 498/500
[reader] generated 500/500
[density] policy=chunk_submod_128, router_type=fixed, representation=chunk, packer=submod, reader_model=Qwen/Qwen2.5-3B-Instruct, packed_token_budget=128, recall@1=0.4195, all_gold@1=0.0, recall@2=0.6175, all_gold@2=0.274, recall@5=0.701, all_gold@5=0.402, qwen_em=0.234, qwen_f1=0.253, avg_reader_evidence_tokens=114.15, mean_ans_in_context=0.358, mean_ans_in_context_soft=0.4473, mean_gold_token_density=0.4423, mean_gold_doc_reader_cov=0.6065, mean_all_gold_reader=0.284, mean_distractor_docs=2.148, mean_context_tokens=114.15, mean_n_snippets=4.116
[density] materializing policy=ace_focused_128
[density] generating policy=ace_focused_128
[reader] generated 2/500
[reader] generated 4/500
[reader] generated 6/500
[reader] generated 8/500
[reader] generated 10/500
[reader] generated 12/500
[reader] generated 14/500
[reader] generated 16/500
[reader] generated 18/500
[reader] generated 20/500
[reader] generated 22/500
[reader] generated 24/500
[reader] generated 26/500
[reader] generated 28/500
[reader] generated 30/500
[reader] generated 32/500
[reader] generated 34/500
[reader] generated 36/500
[reader] generated 38/500
[reader] generated 40/500
[reader] generated 42/500
[reader] generated 44/500
[reader] generated 46/500
[reader] generated 48/500
[reader] generated 50/500
[reader] generated 52/500
[reader] generated 54/500
[reader] generated 56/500
[reader] generated 58/500
[reader] generated 60/500
[reader] generated 62/500
[reader] generated 64/500
[reader] generated 66/500
[reader] generated 68/500
[reader] generated 70/500
[reader] generated 72/500
[reader] generated 74/500
[reader] generated 76/500
[reader] generated 78/500
[reader] generated 80/500
[reader] generated 82/500
[reader] generated 84/500
[reader] generated 86/500
[reader] generated 88/500
[reader] generated 90/500
[reader] generated 92/500
[reader] generated 94/500
[reader] generated 96/500
[reader] generated 98/500
[reader] generated 100/500
[reader] generated 102/500
[reader] generated 104/500
[reader] generated 106/500
[reader] generated 108/500
[reader] generated 110/500
[reader] generated 112/500
[reader] generated 114/500
[reader] generated 116/500
[reader] generated 118/500
[reader] generated 120/500
[reader] generated 122/500
[reader] generated 124/500
[reader] generated 126/500
[reader] generated 128/500
[reader] generated 130/500
[reader] generated 132/500
[reader] generated 134/500
[reader] generated 136/500
[reader] generated 138/500
[reader] generated 140/500
[reader] generated 142/500
[reader] generated 144/500
[reader] generated 146/500
[reader] generated 148/500
[reader] generated 150/500
[reader] generated 152/500
[reader] generated 154/500
[reader] generated 156/500
[reader] generated 158/500
[reader] generated 160/500
[reader] generated 162/500
[reader] generated 164/500
[reader] generated 166/500
[reader] generated 168/500
[reader] generated 170/500
[reader] generated 172/500
[reader] generated 174/500
[reader] generated 176/500
[reader] generated 178/500
[reader] generated 180/500
[reader] generated 182/500
[reader] generated 184/500
[reader] generated 186/500
[reader] generated 188/500
[reader] generated 190/500
[reader] generated 192/500
[reader] generated 194/500
[reader] generated 196/500
[reader] generated 198/500
[reader] generated 200/500
[reader] generated 202/500
[reader] generated 204/500
[reader] generated 206/500
[reader] generated 208/500
[reader] generated 210/500
[reader] generated 212/500
[reader] generated 214/500
[reader] generated 216/500
[reader] generated 218/500
[reader] generated 220/500
[reader] generated 222/500
[reader] generated 224/500
[reader] generated 226/500
[reader] generated 228/500
[reader] generated 230/500
[reader] generated 232/500
[reader] generated 234/500
[reader] generated 236/500
[reader] generated 238/500
[reader] generated 240/500
[reader] generated 242/500
[reader] generated 244/500
[reader] generated 246/500
[reader] generated 248/500
[reader] generated 250/500
[reader] generated 252/500
[reader] generated 254/500
[reader] generated 256/500
[reader] generated 258/500
[reader] generated 260/500
[reader] generated 262/500
[reader] generated 264/500
[reader] generated 266/500
[reader] generated 268/500
[reader] generated 270/500
[reader] generated 272/500
[reader] generated 274/500
[reader] generated 276/500
[reader] generated 278/500
[reader] generated 280/500
[reader] generated 282/500
[reader] generated 284/500
[reader] generated 286/500
[reader] generated 288/500
[reader] generated 290/500
[reader] generated 292/500
[reader] generated 294/500
[reader] generated 296/500
[reader] generated 298/500
[reader] generated 300/500
[reader] generated 302/500
[reader] generated 304/500
[reader] generated 306/500
[reader] generated 308/500
[reader] generated 310/500
[reader] generated 312/500
[reader] generated 314/500
[reader] generated 316/500
[reader] generated 318/500
[reader] generated 320/500
[reader] generated 322/500
[reader] generated 324/500
[reader] generated 326/500
[reader] generated 328/500
[reader] generated 330/500
[reader] generated 332/500
[reader] generated 334/500
[reader] generated 336/500
[reader] generated 338/500
[reader] generated 340/500
[reader] generated 342/500
[reader] generated 344/500
[reader] generated 346/500
[reader] generated 348/500
[reader] generated 350/500
[reader] generated 352/500
[reader] generated 354/500
[reader] generated 356/500
[reader] generated 358/500
[reader] generated 360/500
[reader] generated 362/500
[reader] generated 364/500
[reader] generated 366/500
[reader] generated 368/500
[reader] generated 370/500
[reader] generated 372/500
[reader] generated 374/500
[reader] generated 376/500
[reader] generated 378/500
[reader] generated 380/500
[reader] generated 382/500
[reader] generated 384/500
[reader] generated 386/500
[reader] generated 388/500
[reader] generated 390/500
[reader] generated 392/500
[reader] generated 394/500
[reader] generated 396/500
[reader] generated 398/500
[reader] generated 400/500
[reader] generated 402/500
[reader] generated 404/500
[reader] generated 406/500
[reader] generated 408/500
[reader] generated 410/500
[reader] generated 412/500
[reader] generated 414/500
[reader] generated 416/500
[reader] generated 418/500
[reader] generated 420/500
[reader] generated 422/500
[reader] generated 424/500
[reader] generated 426/500
[reader] generated 428/500
[reader] generated 430/500
[reader] generated 432/500
[reader] generated 434/500
[reader] generated 436/500
[reader] generated 438/500
[reader] generated 440/500
[reader] generated 442/500
[reader] generated 444/500
[reader] generated 446/500
[reader] generated 448/500
[reader] generated 450/500
[reader] generated 452/500
[reader] generated 454/500
[reader] generated 456/500
[reader] generated 458/500
[reader] generated 460/500
[reader] generated 462/500
[reader] generated 464/500
[reader] generated 466/500
[reader] generated 468/500
[reader] generated 470/500
[reader] generated 472/500
[reader] generated 474/500
[reader] generated 476/500
[reader] generated 478/500
[reader] generated 480/500
[reader] generated 482/500
[reader] generated 484/500
[reader] generated 486/500
[reader] generated 488/500
[reader] generated 490/500
[reader] generated 492/500
[reader] generated 494/500
[reader] generated 496/500
[reader] generated 498/500
[reader] generated 500/500
[density] policy=ace_focused_128, router_type=fixed, representation=ace, packer=focused, reader_model=Qwen/Qwen2.5-3B-Instruct, packed_token_budget=128, recall@1=0.3965, all_gold@1=0.0, recall@2=0.589, all_gold@2=0.248, recall@5=0.6885, all_gold@5=0.384, qwen_em=0.25, qwen_f1=0.2692, avg_reader_evidence_tokens=117.96, mean_ans_in_context=0.372, mean_ans_in_context_soft=0.4488, mean_gold_token_density=0.4506, mean_gold_doc_reader_cov=0.605, mean_all_gold_reader=0.27, mean_distractor_docs=2.076, mean_context_tokens=117.964, mean_n_snippets=3.76
[density] materializing policy=ace_mmr_128
[density] generating policy=ace_mmr_128
[reader] generated 2/500
[reader] generated 4/500
[reader] generated 6/500
[reader] generated 8/500
[reader] generated 10/500
[reader] generated 12/500
[reader] generated 14/500
[reader] generated 16/500
[reader] generated 18/500
[reader] generated 20/500
[reader] generated 22/500
[reader] generated 24/500
[reader] generated 26/500
[reader] generated 28/500
[reader] generated 30/500
[reader] generated 32/500
[reader] generated 34/500
[reader] generated 36/500
[reader] generated 38/500
[reader] generated 40/500
[reader] generated 42/500
[reader] generated 44/500
[reader] generated 46/500
[reader] generated 48/500
[reader] generated 50/500
[reader] generated 52/500
[reader] generated 54/500
[reader] generated 56/500
[reader] generated 58/500
[reader] generated 60/500
[reader] generated 62/500
[reader] generated 64/500
[reader] generated 66/500
[reader] generated 68/500
[reader] generated 70/500
[reader] generated 72/500
[reader] generated 74/500
[reader] generated 76/500
[reader] generated 78/500
[reader] generated 80/500
[reader] generated 82/500
[reader] generated 84/500
[reader] generated 86/500
[reader] generated 88/500
[reader] generated 90/500
[reader] generated 92/500
[reader] generated 94/500
[reader] generated 96/500
[reader] generated 98/500
[reader] generated 100/500
[reader] generated 102/500
[reader] generated 104/500
[reader] generated 106/500
[reader] generated 108/500
[reader] generated 110/500
[reader] generated 112/500
[reader] generated 114/500
[reader] generated 116/500
[reader] generated 118/500
[reader] generated 120/500
[reader] generated 122/500
[reader] generated 124/500
[reader] generated 126/500
[reader] generated 128/500
[reader] generated 130/500
[reader] generated 132/500
[reader] generated 134/500
[reader] generated 136/500
[reader] generated 138/500
[reader] generated 140/500
[reader] generated 142/500
[reader] generated 144/500
[reader] generated 146/500
[reader] generated 148/500
[reader] generated 150/500
[reader] generated 152/500
[reader] generated 154/500
[reader] generated 156/500
[reader] generated 158/500
[reader] generated 160/500
[reader] generated 162/500
[reader] generated 164/500
[reader] generated 166/500
[reader] generated 168/500
[reader] generated 170/500
[reader] generated 172/500
[reader] generated 174/500
[reader] generated 176/500
[reader] generated 178/500
[reader] generated 180/500
[reader] generated 182/500
[reader] generated 184/500
[reader] generated 186/500
[reader] generated 188/500
[reader] generated 190/500
[reader] generated 192/500
[reader] generated 194/500
[reader] generated 196/500
[reader] generated 198/500
[reader] generated 200/500
[reader] generated 202/500
[reader] generated 204/500
[reader] generated 206/500
[reader] generated 208/500
[reader] generated 210/500
[reader] generated 212/500
[reader] generated 214/500
[reader] generated 216/500
[reader] generated 218/500
[reader] generated 220/500
[reader] generated 222/500
[reader] generated 224/500
[reader] generated 226/500
[reader] generated 228/500
[reader] generated 230/500
[reader] generated 232/500
[reader] generated 234/500
[reader] generated 236/500
[reader] generated 238/500
[reader] generated 240/500
[reader] generated 242/500
[reader] generated 244/500
[reader] generated 246/500
[reader] generated 248/500
[reader] generated 250/500
[reader] generated 252/500
[reader] generated 254/500
[reader] generated 256/500
[reader] generated 258/500
[reader] generated 260/500
[reader] generated 262/500
[reader] generated 264/500
[reader] generated 266/500
[reader] generated 268/500
[reader] generated 270/500
[reader] generated 272/500
[reader] generated 274/500
[reader] generated 276/500
[reader] generated 278/500
[reader] generated 280/500
[reader] generated 282/500
[reader] generated 284/500
[reader] generated 286/500
[reader] generated 288/500
[reader] generated 290/500
[reader] generated 292/500
[reader] generated 294/500
[reader] generated 296/500
[reader] generated 298/500
[reader] generated 300/500
[reader] generated 302/500
[reader] generated 304/500
[reader] generated 306/500
[reader] generated 308/500
[reader] generated 310/500
[reader] generated 312/500
[reader] generated 314/500
[reader] generated 316/500
[reader] generated 318/500
[reader] generated 320/500
[reader] generated 322/500
[reader] generated 324/500
[reader] generated 326/500
[reader] generated 328/500
[reader] generated 330/500
[reader] generated 332/500
[reader] generated 334/500
[reader] generated 336/500
[reader] generated 338/500
[reader] generated 340/500
[reader] generated 342/500
[reader] generated 344/500
[reader] generated 346/500
[reader] generated 348/500
[reader] generated 350/500
[reader] generated 352/500
[reader] generated 354/500
[reader] generated 356/500
[reader] generated 358/500
[reader] generated 360/500
[reader] generated 362/500
[reader] generated 364/500
[reader] generated 366/500
[reader] generated 368/500
[reader] generated 370/500
[reader] generated 372/500
[reader] generated 374/500
[reader] generated 376/500
[reader] generated 378/500
[reader] generated 380/500
[reader] generated 382/500
[reader] generated 384/500
[reader] generated 386/500
[reader] generated 388/500
[reader] generated 390/500
[reader] generated 392/500
[reader] generated 394/500
[reader] generated 396/500
[reader] generated 398/500
[reader] generated 400/500
[reader] generated 402/500
[reader] generated 404/500
[reader] generated 406/500
[reader] generated 408/500
[reader] generated 410/500
[reader] generated 412/500
[reader] generated 414/500
[reader] generated 416/500
[reader] generated 418/500
[reader] generated 420/500
[reader] generated 422/500
[reader] generated 424/500
[reader] generated 426/500
[reader] generated 428/500
[reader] generated 430/500
[reader] generated 432/500
[reader] generated 434/500
[reader] generated 436/500
[reader] generated 438/500
[reader] generated 440/500
[reader] generated 442/500
[reader] generated 444/500
[reader] generated 446/500
[reader] generated 448/500
[reader] generated 450/500
[reader] generated 452/500
[reader] generated 454/500
[reader] generated 456/500
[reader] generated 458/500
[reader] generated 460/500
[reader] generated 462/500
[reader] generated 464/500
[reader] generated 466/500
[reader] generated 468/500
[reader] generated 470/500
[reader] generated 472/500
[reader] generated 474/500
[reader] generated 476/500
[reader] generated 478/500
[reader] generated 480/500
[reader] generated 482/500
[reader] generated 484/500
[reader] generated 486/500
[reader] generated 488/500
[reader] generated 490/500
[reader] generated 492/500
[reader] generated 494/500
[reader] generated 496/500
[reader] generated 498/500
[reader] generated 500/500
[density] policy=ace_mmr_128, router_type=fixed, representation=ace, packer=mmr, reader_model=Qwen/Qwen2.5-3B-Instruct, packed_token_budget=128, recall@1=0.3965, all_gold@1=0.0, recall@2=0.589, all_gold@2=0.248, recall@5=0.6885, all_gold@5=0.384, qwen_em=0.242, qwen_f1=0.2674, avg_reader_evidence_tokens=117.81, mean_ans_in_context=0.338, mean_ans_in_context_soft=0.4149, mean_gold_token_density=0.4349, mean_gold_doc_reader_cov=0.5665, mean_all_gold_reader=0.22, mean_distractor_docs=2.062, mean_context_tokens=117.81, mean_n_snippets=3.766
[density] materializing policy=ace_submod_128
[density] generating policy=ace_submod_128
[reader] generated 2/500
[reader] generated 4/500
[reader] generated 6/500
[reader] generated 8/500
[reader] generated 10/500
[reader] generated 12/500
[reader] generated 14/500
[reader] generated 16/500
[reader] generated 18/500
[reader] generated 20/500
[reader] generated 22/500
[reader] generated 24/500
[reader] generated 26/500
[reader] generated 28/500
[reader] generated 30/500
[reader] generated 32/500
[reader] generated 34/500
[reader] generated 36/500
[reader] generated 38/500
[reader] generated 40/500
[reader] generated 42/500
[reader] generated 44/500
[reader] generated 46/500
[reader] generated 48/500
[reader] generated 50/500
[reader] generated 52/500
[reader] generated 54/500
[reader] generated 56/500
[reader] generated 58/500
[reader] generated 60/500
[reader] generated 62/500
[reader] generated 64/500
[reader] generated 66/500
[reader] generated 68/500
[reader] generated 70/500
[reader] generated 72/500
[reader] generated 74/500
[reader] generated 76/500
[reader] generated 78/500
[reader] generated 80/500
[reader] generated 82/500
[reader] generated 84/500
[reader] generated 86/500
[reader] generated 88/500
[reader] generated 90/500
[reader] generated 92/500
[reader] generated 94/500
[reader] generated 96/500
[reader] generated 98/500
[reader] generated 100/500
[reader] generated 102/500
[reader] generated 104/500
[reader] generated 106/500
[reader] generated 108/500
[reader] generated 110/500
[reader] generated 112/500
[reader] generated 114/500
[reader] generated 116/500
[reader] generated 118/500
[reader] generated 120/500
[reader] generated 122/500
[reader] generated 124/500
[reader] generated 126/500
[reader] generated 128/500
[reader] generated 130/500
[reader] generated 132/500
[reader] generated 134/500
[reader] generated 136/500
[reader] generated 138/500
[reader] generated 140/500
[reader] generated 142/500
[reader] generated 144/500
[reader] generated 146/500
[reader] generated 148/500
[reader] generated 150/500
[reader] generated 152/500
[reader] generated 154/500
[reader] generated 156/500
[reader] generated 158/500
[reader] generated 160/500
[reader] generated 162/500
[reader] generated 164/500
[reader] generated 166/500
[reader] generated 168/500
[reader] generated 170/500
[reader] generated 172/500
[reader] generated 174/500
[reader] generated 176/500
[reader] generated 178/500
[reader] generated 180/500
[reader] generated 182/500
[reader] generated 184/500
[reader] generated 186/500
[reader] generated 188/500
[reader] generated 190/500
[reader] generated 192/500
[reader] generated 194/500
[reader] generated 196/500
[reader] generated 198/500
[reader] generated 200/500
[reader] generated 202/500
[reader] generated 204/500
[reader] generated 206/500
[reader] generated 208/500
[reader] generated 210/500
[reader] generated 212/500
[reader] generated 214/500
[reader] generated 216/500
[reader] generated 218/500
[reader] generated 220/500
[reader] generated 222/500
[reader] generated 224/500
[reader] generated 226/500
[reader] generated 228/500
[reader] generated 230/500
[reader] generated 232/500
[reader] generated 234/500
[reader] generated 236/500
[reader] generated 238/500
[reader] generated 240/500
[reader] generated 242/500
[reader] generated 244/500
[reader] generated 246/500
[reader] generated 248/500
[reader] generated 250/500
[reader] generated 252/500
[reader] generated 254/500
[reader] generated 256/500
[reader] generated 258/500
[reader] generated 260/500
[reader] generated 262/500
[reader] generated 264/500
[reader] generated 266/500
[reader] generated 268/500
[reader] generated 270/500
[reader] generated 272/500
[reader] generated 274/500
[reader] generated 276/500
[reader] generated 278/500
[reader] generated 280/500
[reader] generated 282/500
[reader] generated 284/500
[reader] generated 286/500
[reader] generated 288/500
[reader] generated 290/500
[reader] generated 292/500
[reader] generated 294/500
[reader] generated 296/500
[reader] generated 298/500
[reader] generated 300/500
[reader] generated 302/500
[reader] generated 304/500
[reader] generated 306/500
[reader] generated 308/500
[reader] generated 310/500
[reader] generated 312/500
[reader] generated 314/500
[reader] generated 316/500
[reader] generated 318/500
[reader] generated 320/500
[reader] generated 322/500
[reader] generated 324/500
[reader] generated 326/500
[reader] generated 328/500
[reader] generated 330/500
[reader] generated 332/500
[reader] generated 334/500
[reader] generated 336/500
[reader] generated 338/500
[reader] generated 340/500
[reader] generated 342/500
[reader] generated 344/500
[reader] generated 346/500
[reader] generated 348/500
[reader] generated 350/500
[reader] generated 352/500
[reader] generated 354/500
[reader] generated 356/500
[reader] generated 358/500
[reader] generated 360/500
[reader] generated 362/500
[reader] generated 364/500
[reader] generated 366/500
[reader] generated 368/500
[reader] generated 370/500
[reader] generated 372/500
[reader] generated 374/500
[reader] generated 376/500
[reader] generated 378/500
[reader] generated 380/500
[reader] generated 382/500
[reader] generated 384/500
[reader] generated 386/500
[reader] generated 388/500
[reader] generated 390/500
[reader] generated 392/500
[reader] generated 394/500
[reader] generated 396/500
[reader] generated 398/500
[reader] generated 400/500
[reader] generated 402/500
[reader] generated 404/500
[reader] generated 406/500
[reader] generated 408/500
[reader] generated 410/500
[reader] generated 412/500
[reader] generated 414/500
[reader] generated 416/500
[reader] generated 418/500
[reader] generated 420/500
[reader] generated 422/500
[reader] generated 424/500
[reader] generated 426/500
[reader] generated 428/500
[reader] generated 430/500
[reader] generated 432/500
[reader] generated 434/500
[reader] generated 436/500
[reader] generated 438/500
[reader] generated 440/500
[reader] generated 442/500
[reader] generated 444/500
[reader] generated 446/500
[reader] generated 448/500
[reader] generated 450/500
[reader] generated 452/500
[reader] generated 454/500
[reader] generated 456/500
[reader] generated 458/500
[reader] generated 460/500
[reader] generated 462/500
[reader] generated 464/500
[reader] generated 466/500
[reader] generated 468/500
[reader] generated 470/500
[reader] generated 472/500
[reader] generated 474/500
[reader] generated 476/500
[reader] generated 478/500
[reader] generated 480/500
[reader] generated 482/500
[reader] generated 484/500
[reader] generated 486/500
[reader] generated 488/500
[reader] generated 490/500
[reader] generated 492/500
[reader] generated 494/500
[reader] generated 496/500
[reader] generated 498/500
[reader] generated 500/500
[density] policy=ace_submod_128, router_type=fixed, representation=ace, packer=submod, reader_model=Qwen/Qwen2.5-3B-Instruct, packed_token_budget=128, recall@1=0.3965, all_gold@1=0.0, recall@2=0.589, all_gold@2=0.248, recall@5=0.6885, all_gold@5=0.384, qwen_em=0.228, qwen_f1=0.2487, avg_reader_evidence_tokens=116.27, mean_ans_in_context=0.36, mean_ans_in_context_soft=0.4427, mean_gold_token_density=0.4192, mean_gold_doc_reader_cov=0.592, mean_all_gold_reader=0.262, mean_distractor_docs=2.262, mean_context_tokens=116.27, mean_n_snippets=4.248
[density] policy=router_oracle_packer, router_type=oracle, representation=mixed, packer=oracle, reader_model=Qwen/Qwen2.5-3B-Instruct, packed_token_budget=128, selection_counts={"ace_focused_128": 97, "ace_mmr_128": 21, "ace_submod_128": 72, "chunk_focused_128": 108, "chunk_mmr_128": 32, "chunk_submod_128": 170}, qwen_em=0.38, qwen_f1=0.4141, avg_reader_evidence_tokens=109.74, mean_ans_in_context=0.388, mean_ans_in_context_soft=0.4656, mean_gold_token_density=0.4683, mean_gold_doc_reader_cov=0.5805, mean_all_gold_reader=0.252, mean_distractor_docs=1.922, mean_context_tokens=109.74, mean_n_snippets=3.63
wrote /kaggle/working/colab_results/stage14_2wiki_qwen3b_budget128_limit500_seed13/2wiki_local_density_standard_budget128_limit500_metrics.csv
wrote /kaggle/working/colab_results/stage14_2wiki_qwen3b_budget128_limit500_seed13/2wiki_local_density_standard_budget128_limit500_per_question.csv
--- 2wiki B=224 seed 42 ---
$ /usr/bin/python3 -m experiments.run_density_router --dataset 2wiki_local --limit 500 --seed 42 --ace-retriever standard --top-k 5 --top-k-nodes 48 --max-expanded-docs 5 --embedder sentence-transformers --embedding-model BAAI/bge-small-en-v1.5 --embed-device cuda --compressor truncate --compress-dims 320 --reader-backend hf --reader-model Qwen/Qwen2.5-3B-Instruct --reader-device cuda --reader-batch-size 2 --mmr-lambda 0.7 --budget 224 --out-dir /kaggle/working/colab_results/stage14_2wiki_qwen3b_budget224_limit500_seed42 --twowiki-path /kaggle/input/datasets/anantonayan/2wikimultihop/2wikimultihop/dev.json
2wiki_local[500]: 3191 docs, 500 questions, 2.40 gold docs/question
[density] retrieving chunk baseline
[chunk] fitting/indexing
[embed] encoding 3191 texts on device=cuda:0

Batches:   0%|          | 0/50 [00:00<?, ?it/s]
Batches:   2%|▏         | 1/50 [00:00<00:47,  1.04it/s]
Batches:   4%|▍         | 2/50 [00:01<00:37,  1.28it/s]
Batches:   6%|▌         | 3/50 [00:02<00:31,  1.52it/s]
Batches:   8%|▊         | 4/50 [00:02<00:27,  1.66it/s]
Batches:  10%|█         | 5/50 [00:02<00:22,  1.97it/s]
Batches:  12%|█▏        | 6/50 [00:03<00:19,  2.24it/s]
Batches:  14%|█▍        | 7/50 [00:03<00:16,  2.59it/s]
Batches:  16%|█▌        | 8/50 [00:03<00:14,  2.94it/s]
Batches:  18%|█▊        | 9/50 [00:04<00:12,  3.30it/s]
Batches:  20%|██        | 10/50 [00:04<00:11,  3.57it/s]
Batches:  22%|██▏       | 11/50 [00:04<00:09,  4.03it/s]
Batches:  24%|██▍       | 12/50 [00:04<00:08,  4.43it/s]
Batches:  26%|██▌       | 13/50 [00:04<00:07,  4.78it/s]
Batches:  28%|██▊       | 14/50 [00:04<00:06,  5.23it/s]
Batches:  30%|███       | 15/50 [00:05<00:05,  5.92it/s]
Batches:  32%|███▏      | 16/50 [00:05<00:05,  6.41it/s]
Batches:  34%|███▍      | 17/50 [00:05<00:04,  6.94it/s]
Batches:  36%|███▌      | 18/50 [00:05<00:04,  7.40it/s]
Batches:  38%|███▊      | 19/50 [00:05<00:04,  7.70it/s]
Batches:  40%|████      | 20/50 [00:05<00:03,  8.21it/s]
Batches:  42%|████▏     | 21/50 [00:05<00:03,  8.66it/s]
Batches:  46%|████▌     | 23/50 [00:05<00:02,  9.56it/s]
Batches:  50%|█████     | 25/50 [00:06<00:02, 10.11it/s]
Batches:  54%|█████▍    | 27/50 [00:06<00:02, 10.72it/s]
Batches:  58%|█████▊    | 29/50 [00:06<00:01, 11.13it/s]
Batches:  62%|██████▏   | 31/50 [00:06<00:01, 11.64it/s]
Batches:  66%|██████▌   | 33/50 [00:06<00:01, 12.83it/s]
Batches:  70%|███████   | 35/50 [00:06<00:01, 14.02it/s]
Batches:  74%|███████▍  | 37/50 [00:06<00:00, 14.87it/s]
Batches:  78%|███████▊  | 39/50 [00:07<00:00, 16.13it/s]
Batches:  84%|████████▍ | 42/50 [00:07<00:00, 18.05it/s]
Batches:  90%|█████████ | 45/50 [00:07<00:00, 20.71it/s]
Batches:  98%|█████████▊| 49/50 [00:07<00:00, 25.63it/s]
Batches: 100%|██████████| 50/50 [00:07<00:00,  6.75it/s]
[chunk] retrieving
[embed] encoding 500 texts on device=cuda:0

Batches:   0%|          | 0/8 [00:00<?, ?it/s]
Batches:  50%|█████     | 4/8 [00:00<00:00, 33.57it/s]
Batches: 100%|██████████| 8/8 [00:00<00:00, 38.31it/s]
[density] retrieving ACE graph
[ace] building evidence graph
[ace] graph built: nodes=28905 edges=47319
[ace] fitting/indexing embeddings
[embed] encoding 25714 texts on device=cuda:0

Batches:   0%|          | 0/402 [00:00<?, ?it/s]
Batches:   0%|          | 1/402 [00:00<01:39,  4.03it/s]
Batches:   0%|          | 2/402 [00:00<01:16,  5.24it/s]
Batches:   1%|          | 4/402 [00:00<00:51,  7.79it/s]
Batches:   1%|▏         | 6/402 [00:00<00:43,  9.12it/s]
Batches:   2%|▏         | 8/402 [00:00<00:39,  9.92it/s]
Batches:   2%|▏         | 10/402 [00:01<00:38, 10.30it/s]
Batches:   3%|▎         | 12/402 [00:01<00:35, 11.02it/s]
Batches:   3%|▎         | 14/402 [00:01<00:33, 11.49it/s]
Batches:   4%|▍         | 16/402 [00:01<00:32, 12.03it/s]
Batches:   4%|▍         | 18/402 [00:01<00:30, 12.78it/s]
Batches:   5%|▍         | 20/402 [00:01<00:27, 13.72it/s]
Batches:   5%|▌         | 22/402 [00:01<00:28, 13.49it/s]
Batches:   6%|▌         | 24/402 [00:02<00:27, 13.89it/s]
Batches:   6%|▋         | 26/402 [00:02<00:25, 14.69it/s]
Batches:   7%|▋         | 28/402 [00:02<00:24, 15.10it/s]
Batches:   7%|▋         | 30/402 [00:02<00:24, 15.38it/s]
Batches:   8%|▊         | 32/402 [00:02<00:23, 15.87it/s]
Batches:   8%|▊         | 34/402 [00:02<00:22, 16.69it/s]
Batches:   9%|▉         | 36/402 [00:02<00:21, 16.94it/s]
Batches:   9%|▉         | 38/402 [00:02<00:20, 17.73it/s]
Batches:  10%|█         | 41/402 [00:03<00:19, 18.54it/s]
Batches:  11%|█         | 44/402 [00:03<00:18, 19.02it/s]
Batches:  12%|█▏        | 47/402 [00:03<00:17, 19.73it/s]
Batches:  12%|█▏        | 49/402 [00:03<00:18, 19.52it/s]
Batches:  13%|█▎        | 51/402 [00:03<00:18, 19.48it/s]
Batches:  13%|█▎        | 54/402 [00:03<00:17, 20.02it/s]
Batches:  14%|█▍        | 57/402 [00:03<00:16, 20.33it/s]
Batches:  15%|█▍        | 60/402 [00:03<00:16, 21.04it/s]
Batches:  16%|█▌        | 63/402 [00:04<00:15, 21.32it/s]
Batches:  16%|█▋        | 66/402 [00:04<00:16, 20.70it/s]
Batches:  17%|█▋        | 69/402 [00:04<00:16, 20.69it/s]
Batches:  18%|█▊        | 72/402 [00:04<00:15, 21.45it/s]
Batches:  19%|█▊        | 75/402 [00:04<00:14, 22.19it/s]
Batches:  19%|█▉        | 78/402 [00:04<00:14, 22.56it/s]
Batches:  20%|██        | 81/402 [00:04<00:13, 23.06it/s]
Batches:  21%|██        | 84/402 [00:05<00:13, 23.77it/s]
Batches:  22%|██▏       | 87/402 [00:05<00:12, 24.46it/s]
Batches:  22%|██▏       | 90/402 [00:05<00:12, 24.45it/s]
Batches:  23%|██▎       | 93/402 [00:05<00:12, 24.94it/s]
Batches:  24%|██▍       | 96/402 [00:05<00:12, 25.07it/s]
Batches:  25%|██▍       | 99/402 [00:05<00:11, 25.58it/s]
Batches:  25%|██▌       | 102/402 [00:05<00:11, 25.83it/s]
Batches:  26%|██▌       | 105/402 [00:05<00:11, 26.73it/s]
Batches:  27%|██▋       | 108/402 [00:05<00:11, 26.70it/s]
Batches:  28%|██▊       | 111/402 [00:06<00:10, 26.93it/s]
Batches:  28%|██▊       | 114/402 [00:06<00:10, 26.59it/s]
Batches:  29%|██▉       | 117/402 [00:06<00:10, 27.02it/s]
Batches:  30%|██▉       | 120/402 [00:06<00:10, 27.81it/s]
Batches:  31%|███       | 124/402 [00:06<00:09, 28.86it/s]
Batches:  32%|███▏      | 128/402 [00:06<00:09, 29.42it/s]
Batches:  33%|███▎      | 131/402 [00:06<00:09, 29.56it/s]
Batches:  34%|███▎      | 135/402 [00:06<00:08, 30.22it/s]
Batches:  35%|███▍      | 139/402 [00:07<00:08, 30.97it/s]
Batches:  36%|███▌      | 143/402 [00:07<00:08, 31.89it/s]
Batches:  37%|███▋      | 147/402 [00:07<00:07, 33.03it/s]
Batches:  38%|███▊      | 151/402 [00:07<00:07, 34.34it/s]
Batches:  39%|███▊      | 155/402 [00:07<00:07, 35.09it/s]
Batches:  40%|███▉      | 159/402 [00:07<00:06, 36.30it/s]
Batches:  41%|████      | 164/402 [00:07<00:06, 37.84it/s]
Batches:  42%|████▏     | 169/402 [00:07<00:05, 39.44it/s]
Batches:  43%|████▎     | 174/402 [00:07<00:05, 40.97it/s]
Batches:  45%|████▍     | 179/402 [00:08<00:05, 43.35it/s]
Batches:  46%|████▌     | 185/402 [00:08<00:04, 45.73it/s]
Batches:  48%|████▊     | 191/402 [00:08<00:04, 48.73it/s]
Batches:  49%|████▉     | 198/402 [00:08<00:03, 54.28it/s]
Batches:  51%|█████     | 206/402 [00:08<00:03, 59.89it/s]
Batches:  53%|█████▎    | 214/402 [00:08<00:02, 64.63it/s]
Batches:  55%|█████▌    | 222/402 [00:08<00:02, 68.56it/s]
Batches:  57%|█████▋    | 231/402 [00:08<00:02, 72.43it/s]
Batches:  60%|█████▉    | 240/402 [00:08<00:02, 76.15it/s]
Batches:  62%|██████▏   | 249/402 [00:08<00:01, 79.56it/s]
Batches:  64%|██████▍   | 258/402 [00:09<00:01, 81.95it/s]
Batches:  66%|██████▋   | 267/402 [00:09<00:01, 84.03it/s]
Batches:  69%|██████▊   | 276/402 [00:09<00:01, 85.67it/s]
Batches:  71%|███████   | 286/402 [00:09<00:01, 88.55it/s]
Batches:  74%|███████▎  | 296/402 [00:09<00:01, 89.39it/s]
Batches:  76%|███████▌  | 306/402 [00:09<00:01, 90.69it/s]
Batches:  79%|███████▊  | 316/402 [00:09<00:00, 92.76it/s]
Batches:  81%|████████  | 326/402 [00:09<00:00, 94.67it/s]
Batches:  84%|████████▎ | 336/402 [00:09<00:00, 95.17it/s]
Batches:  86%|████████▌ | 346/402 [00:10<00:00, 95.35it/s]
Batches:  89%|████████▊ | 356/402 [00:10<00:00, 94.63it/s]
Batches:  91%|█████████ | 366/402 [00:10<00:00, 94.98it/s]
Batches:  94%|█████████▎| 376/402 [00:10<00:00, 96.28it/s]
Batches:  96%|█████████▋| 387/402 [00:10<00:00, 98.67it/s]
Batches:  99%|█████████▉| 397/402 [00:10<00:00, 98.86it/s]
Batches: 100%|██████████| 402/402 [00:10<00:00, 38.02it/s]
[ace] retrieving
[embed] encoding 500 texts on device=cuda:0

Batches:   0%|          | 0/8 [00:00<?, ?it/s]
Batches:  50%|█████     | 4/8 [00:00<00:00, 33.55it/s]
Batches: 100%|██████████| 8/8 [00:00<00:00, 37.92it/s]
[density] loading reader once
`torch_dtype` is deprecated! Use `dtype` instead!

Loading checkpoint shards:   0%|          | 0/2 [00:00<?, ?it/s]
Loading checkpoint shards:  50%|█████     | 1/2 [00:02<00:02,  2.55s/it]
Loading checkpoint shards: 100%|██████████| 2/2 [00:03<00:00,  1.87s/it]
Loading checkpoint shards: 100%|██████████| 2/2 [00:03<00:00,  1.97s/it]
[reader] loaded Qwen/Qwen2.5-3B-Instruct (device_map=None, 4bit=False) entry=cuda:0
[density] materializing policy=chunk_packed_224
[density] generating policy=chunk_packed_224
The following generation flags are not valid and may be ignored: ['temperature', 'top_p', 'top_k']. Set `TRANSFORMERS_VERBOSITY=info` for more details.
[reader] generated 2/500
[reader] generated 4/500
[reader] generated 6/500
[reader] generated 8/500
[reader] generated 10/500
[reader] generated 12/500
[reader] generated 14/500
[reader] generated 16/500
[reader] generated 18/500
[reader] generated 20/500
[reader] generated 22/500
[reader] generated 24/500
[reader] generated 26/500
[reader] generated 28/500
[reader] generated 30/500
[reader] generated 32/500
[reader] generated 34/500
[reader] generated 36/500
[reader] generated 38/500
[reader] generated 40/500
[reader] generated 42/500
[reader] generated 44/500
[reader] generated 46/500
[reader] generated 48/500
[reader] generated 50/500
[reader] generated 52/500
[reader] generated 54/500
[reader] generated 56/500
[reader] generated 58/500
[reader] generated 60/500
[reader] generated 62/500
[reader] generated 64/500
[reader] generated 66/500
[reader] generated 68/500
[reader] generated 70/500
[reader] generated 72/500
[reader] generated 74/500
[reader] generated 76/500
[reader] generated 78/500
[reader] generated 80/500
[reader] generated 82/500
[reader] generated 84/500
[reader] generated 86/500
[reader] generated 88/500
[reader] generated 90/500
[reader] generated 92/500
[reader] generated 94/500
[reader] generated 96/500
[reader] generated 98/500
[reader] generated 100/500
[reader] generated 102/500
[reader] generated 104/500
[reader] generated 106/500
[reader] generated 108/500
[reader] generated 110/500
[reader] generated 112/500
[reader] generated 114/500
[reader] generated 116/500
[reader] generated 118/500
[reader] generated 120/500
[reader] generated 122/500
[reader] generated 124/500
[reader] generated 126/500
[reader] generated 128/500
[reader] generated 130/500
[reader] generated 132/500
[reader] generated 134/500
[reader] generated 136/500
[reader] generated 138/500
[reader] generated 140/500
[reader] generated 142/500
[reader] generated 144/500
[reader] generated 146/500
[reader] generated 148/500
[reader] generated 150/500
[reader] generated 152/500
[reader] generated 154/500
[reader] generated 156/500
[reader] generated 158/500
[reader] generated 160/500
[reader] generated 162/500
[reader] generated 164/500
[reader] generated 166/500
[reader] generated 168/500
[reader] generated 170/500
[reader] generated 172/500
[reader] generated 174/500
[reader] generated 176/500
[reader] generated 178/500
[reader] generated 180/500
[reader] generated 182/500
[reader] generated 184/500
[reader] generated 186/500
[reader] generated 188/500
[reader] generated 190/500
[reader] generated 192/500
[reader] generated 194/500
[reader] generated 196/500
[reader] generated 198/500
[reader] generated 200/500
[reader] generated 202/500
[reader] generated 204/500
[reader] generated 206/500
[reader] generated 208/500
[reader] generated 210/500
[reader] generated 212/500
[reader] generated 214/500
[reader] generated 216/500
[reader] generated 218/500
[reader] generated 220/500
[reader] generated 222/500
[reader] generated 224/500
[reader] generated 226/500
[reader] generated 228/500
[reader] generated 230/500
[reader] generated 232/500
[reader] generated 234/500
[reader] generated 236/500
[reader] generated 238/500
[reader] generated 240/500
[reader] generated 242/500
[reader] generated 244/500
[reader] generated 246/500
[reader] generated 248/500
[reader] generated 250/500
[reader] generated 252/500
[reader] generated 254/500
[reader] generated 256/500
[reader] generated 258/500
[reader] generated 260/500
[reader] generated 262/500
[reader] generated 264/500
[reader] generated 266/500
[reader] generated 268/500
[reader] generated 270/500
[reader] generated 272/500
[reader] generated 274/500
[reader] generated 276/500
[reader] generated 278/500
[reader] generated 280/500
[reader] generated 282/500
[reader] generated 284/500
[reader] generated 286/500
[reader] generated 288/500
[reader] generated 290/500
[reader] generated 292/500
[reader] generated 294/500
[reader] generated 296/500
[reader] generated 298/500
[reader] generated 300/500
[reader] generated 302/500
[reader] generated 304/500
[reader] generated 306/500
[reader] generated 308/500
[reader] generated 310/500
[reader] generated 312/500
[reader] generated 314/500
[reader] generated 316/500
[reader] generated 318/500
[reader] generated 320/500
[reader] generated 322/500
[reader] generated 324/500
[reader] generated 326/500
[reader] generated 328/500
[reader] generated 330/500
[reader] generated 332/500
[reader] generated 334/500
[reader] generated 336/500
[reader] generated 338/500
[reader] generated 340/500
[reader] generated 342/500
[reader] generated 344/500
[reader] generated 346/500
[reader] generated 348/500
[reader] generated 350/500
[reader] generated 352/500
[reader] generated 354/500
[reader] generated 356/500
[reader] generated 358/500
[reader] generated 360/500
[reader] generated 362/500
[reader] generated 364/500
[reader] generated 366/500
[reader] generated 368/500
[reader] generated 370/500
[reader] generated 372/500
[reader] generated 374/500
[reader] generated 376/500
[reader] generated 378/500
[reader] generated 380/500
[reader] generated 382/500
[reader] generated 384/500
[reader] generated 386/500
[reader] generated 388/500
[reader] generated 390/500
[reader] generated 392/500
[reader] generated 394/500
[reader] generated 396/500
[reader] generated 398/500
[reader] generated 400/500
[reader] generated 402/500
[reader] generated 404/500
[reader] generated 406/500
[reader] generated 408/500
[reader] generated 410/500
[reader] generated 412/500
[reader] generated 414/500
[reader] generated 416/500
[reader] generated 418/500
[reader] generated 420/500
[reader] generated 422/500
[reader] generated 424/500
[reader] generated 426/500
[reader] generated 428/500
[reader] generated 430/500
[reader] generated 432/500
[reader] generated 434/500
[reader] generated 436/500
[reader] generated 438/500
[reader] generated 440/500
[reader] generated 442/500
[reader] generated 444/500
[reader] generated 446/500
[reader] generated 448/500
[reader] generated 450/500
[reader] generated 452/500
[reader] generated 454/500
[reader] generated 456/500
[reader] generated 458/500
[reader] generated 460/500
[reader] generated 462/500
[reader] generated 464/500
[reader] generated 466/500
[reader] generated 468/500
[reader] generated 470/500
[reader] generated 472/500
[reader] generated 474/500
[reader] generated 476/500
[reader] generated 478/500
[reader] generated 480/500
[reader] generated 482/500
[reader] generated 484/500
[reader] generated 486/500
[reader] generated 488/500
[reader] generated 490/500
[reader] generated 492/500
[reader] generated 494/500
[reader] generated 496/500
[reader] generated 498/500
[reader] generated 500/500
[density] policy=chunk_packed_224, router_type=fixed, representation=chunk, packer=packed, reader_model=Qwen/Qwen2.5-3B-Instruct, packed_token_budget=224, recall@1=0.4305, all_gold@1=0.0, recall@2=0.629, all_gold@2=0.29, recall@5=0.718, all_gold@5=0.43, qwen_em=0.234, qwen_f1=0.2553, avg_reader_evidence_tokens=212.94, mean_ans_in_context=0.402, mean_ans_in_context_soft=0.484, mean_gold_token_density=0.3467, mean_gold_doc_reader_cov=0.6785, mean_all_gold_reader=0.368, mean_distractor_docs=3.142, mean_context_tokens=212.94, mean_n_snippets=5.228
[density] materializing policy=chunk_focused_224
[density] generating policy=chunk_focused_224
[reader] generated 2/500
[reader] generated 4/500
[reader] generated 6/500
[reader] generated 8/500
[reader] generated 10/500
[reader] generated 12/500
[reader] generated 14/500
[reader] generated 16/500
[reader] generated 18/500
[reader] generated 20/500
[reader] generated 22/500
[reader] generated 24/500
[reader] generated 26/500
[reader] generated 28/500
[reader] generated 30/500
[reader] generated 32/500
[reader] generated 34/500
[reader] generated 36/500
[reader] generated 38/500
[reader] generated 40/500
[reader] generated 42/500
[reader] generated 44/500
[reader] generated 46/500
[reader] generated 48/500
[reader] generated 50/500
[reader] generated 52/500
[reader] generated 54/500
[reader] generated 56/500
[reader] generated 58/500
[reader] generated 60/500
[reader] generated 62/500
[reader] generated 64/500
[reader] generated 66/500
[reader] generated 68/500
[reader] generated 70/500
[reader] generated 72/500
[reader] generated 74/500
[reader] generated 76/500
[reader] generated 78/500
[reader] generated 80/500
[reader] generated 82/500
[reader] generated 84/500
[reader] generated 86/500
[reader] generated 88/500
[reader] generated 90/500
[reader] generated 92/500
[reader] generated 94/500
[reader] generated 96/500
[reader] generated 98/500
[reader] generated 100/500
[reader] generated 102/500
[reader] generated 104/500
[reader] generated 106/500
[reader] generated 108/500
[reader] generated 110/500
[reader] generated 112/500
[reader] generated 114/500
[reader] generated 116/500
[reader] generated 118/500
[reader] generated 120/500
[reader] generated 122/500
[reader] generated 124/500
[reader] generated 126/500
[reader] generated 128/500
[reader] generated 130/500
[reader] generated 132/500
[reader] generated 134/500
[reader] generated 136/500
[reader] generated 138/500
[reader] generated 140/500
[reader] generated 142/500
[reader] generated 144/500
[reader] generated 146/500
[reader] generated 148/500
[reader] generated 150/500
[reader] generated 152/500
[reader] generated 154/500
[reader] generated 156/500
[reader] generated 158/500
[reader] generated 160/500
[reader] generated 162/500
[reader] generated 164/500
[reader] generated 166/500
[reader] generated 168/500
[reader] generated 170/500
[reader] generated 172/500
[reader] generated 174/500
[reader] generated 176/500
[reader] generated 178/500
[reader] generated 180/500
[reader] generated 182/500
[reader] generated 184/500
[reader] generated 186/500
[reader] generated 188/500
[reader] generated 190/500
[reader] generated 192/500
[reader] generated 194/500
[reader] generated 196/500
[reader] generated 198/500
[reader] generated 200/500
[reader] generated 202/500
[reader] generated 204/500
[reader] generated 206/500
[reader] generated 208/500
[reader] generated 210/500
[reader] generated 212/500
[reader] generated 214/500
[reader] generated 216/500
[reader] generated 218/500
[reader] generated 220/500
[reader] generated 222/500
[reader] generated 224/500
[reader] generated 226/500
[reader] generated 228/500
[reader] generated 230/500
[reader] generated 232/500
[reader] generated 234/500
[reader] generated 236/500
[reader] generated 238/500
[reader] generated 240/500
[reader] generated 242/500
[reader] generated 244/500
[reader] generated 246/500
[reader] generated 248/500
[reader] generated 250/500
[reader] generated 252/500
[reader] generated 254/500
[reader] generated 256/500
[reader] generated 258/500
[reader] generated 260/500
[reader] generated 262/500
[reader] generated 264/500
[reader] generated 266/500
[reader] generated 268/500
[reader] generated 270/500
[reader] generated 272/500
[reader] generated 274/500
[reader] generated 276/500
[reader] generated 278/500
[reader] generated 280/500
[reader] generated 282/500
[reader] generated 284/500
[reader] generated 286/500
[reader] generated 288/500
[reader] generated 290/500
[reader] generated 292/500
[reader] generated 294/500
[reader] generated 296/500
[reader] generated 298/500
[reader] generated 300/500
[reader] generated 302/500
[reader] generated 304/500
[reader] generated 306/500
[reader] generated 308/500
[reader] generated 310/500
[reader] generated 312/500
[reader] generated 314/500
[reader] generated 316/500
[reader] generated 318/500
[reader] generated 320/500
[reader] generated 322/500
[reader] generated 324/500
[reader] generated 326/500
[reader] generated 328/500
[reader] generated 330/500
[reader] generated 332/500
[reader] generated 334/500
[reader] generated 336/500
[reader] generated 338/500
[reader] generated 340/500
[reader] generated 342/500
[reader] generated 344/500
[reader] generated 346/500
[reader] generated 348/500
[reader] generated 350/500
[reader] generated 352/500
[reader] generated 354/500
[reader] generated 356/500
[reader] generated 358/500
[reader] generated 360/500
[reader] generated 362/500
[reader] generated 364/500
[reader] generated 366/500
[reader] generated 368/500
[reader] generated 370/500
[reader] generated 372/500
[reader] generated 374/500
[reader] generated 376/500
[reader] generated 378/500
[reader] generated 380/500
[reader] generated 382/500
[reader] generated 384/500
[reader] generated 386/500
[reader] generated 388/500
[reader] generated 390/500
[reader] generated 392/500
[reader] generated 394/500
[reader] generated 396/500
[reader] generated 398/500
[reader] generated 400/500
[reader] generated 402/500
[reader] generated 404/500
[reader] generated 406/500
[reader] generated 408/500
[reader] generated 410/500
[reader] generated 412/500
[reader] generated 414/500
[reader] generated 416/500
[reader] generated 418/500
[reader] generated 420/500
[reader] generated 422/500
[reader] generated 424/500
[reader] generated 426/500
[reader] generated 428/500
[reader] generated 430/500
[reader] generated 432/500
[reader] generated 434/500
[reader] generated 436/500
[reader] generated 438/500
[reader] generated 440/500
[reader] generated 442/500
[reader] generated 444/500
[reader] generated 446/500
[reader] generated 448/500
[reader] generated 450/500
[reader] generated 452/500
[reader] generated 454/500
[reader] generated 456/500
[reader] generated 458/500
[reader] generated 460/500
[reader] generated 462/500
[reader] generated 464/500
[reader] generated 466/500
[reader] generated 468/500
[reader] generated 470/500
[reader] generated 472/500
[reader] generated 474/500
[reader] generated 476/500
[reader] generated 478/500
[reader] generated 480/500
[reader] generated 482/500
[reader] generated 484/500
[reader] generated 486/500
[reader] generated 488/500
[reader] generated 490/500
[reader] generated 492/500
[reader] generated 494/500
[reader] generated 496/500
[reader] generated 498/500
[reader] generated 500/500
[density] policy=chunk_focused_224, router_type=fixed, representation=chunk, packer=focused, reader_model=Qwen/Qwen2.5-3B-Instruct, packed_token_budget=224, recall@1=0.4305, all_gold@1=0.0, recall@2=0.629, all_gold@2=0.29, recall@5=0.718, all_gold@5=0.43, qwen_em=0.262, qwen_f1=0.2894, avg_reader_evidence_tokens=213.72, mean_ans_in_context=0.44, mean_ans_in_context_soft=0.5139, mean_gold_token_density=0.4196, mean_gold_doc_reader_cov=0.6695, mean_all_gold_reader=0.358, mean_distractor_docs=2.7, mean_context_tokens=213.722, mean_n_snippets=5.03
[density] materializing policy=chunk_mmr_224
[density] generating policy=chunk_mmr_224
[reader] generated 2/500
[reader] generated 4/500
[reader] generated 6/500
[reader] generated 8/500
[reader] generated 10/500
[reader] generated 12/500
[reader] generated 14/500
[reader] generated 16/500
[reader] generated 18/500
[reader] generated 20/500
[reader] generated 22/500
[reader] generated 24/500
[reader] generated 26/500
[reader] generated 28/500
[reader] generated 30/500
[reader] generated 32/500
[reader] generated 34/500
[reader] generated 36/500
[reader] generated 38/500
[reader] generated 40/500
[reader] generated 42/500
[reader] generated 44/500
[reader] generated 46/500
[reader] generated 48/500
[reader] generated 50/500
[reader] generated 52/500
[reader] generated 54/500
[reader] generated 56/500
[reader] generated 58/500
[reader] generated 60/500
[reader] generated 62/500
[reader] generated 64/500
[reader] generated 66/500
[reader] generated 68/500
[reader] generated 70/500
[reader] generated 72/500
[reader] generated 74/500
[reader] generated 76/500
[reader] generated 78/500
[reader] generated 80/500
[reader] generated 82/500
[reader] generated 84/500
[reader] generated 86/500
[reader] generated 88/500
[reader] generated 90/500
[reader] generated 92/500
[reader] generated 94/500
[reader] generated 96/500
[reader] generated 98/500
[reader] generated 100/500
[reader] generated 102/500
[reader] generated 104/500
[reader] generated 106/500
[reader] generated 108/500
[reader] generated 110/500
[reader] generated 112/500
[reader] generated 114/500
[reader] generated 116/500
[reader] generated 118/500
[reader] generated 120/500
[reader] generated 122/500
[reader] generated 124/500
[reader] generated 126/500
[reader] generated 128/500
[reader] generated 130/500
[reader] generated 132/500
[reader] generated 134/500
[reader] generated 136/500
[reader] generated 138/500
[reader] generated 140/500
[reader] generated 142/500
[reader] generated 144/500
[reader] generated 146/500
[reader] generated 148/500
[reader] generated 150/500
[reader] generated 152/500
[reader] generated 154/500
[reader] generated 156/500
[reader] generated 158/500
[reader] generated 160/500
[reader] generated 162/500
[reader] generated 164/500
[reader] generated 166/500
[reader] generated 168/500
[reader] generated 170/500
[reader] generated 172/500
[reader] generated 174/500
[reader] generated 176/500
[reader] generated 178/500
[reader] generated 180/500
[reader] generated 182/500
[reader] generated 184/500
[reader] generated 186/500
[reader] generated 188/500
[reader] generated 190/500
[reader] generated 192/500
[reader] generated 194/500
[reader] generated 196/500
[reader] generated 198/500
[reader] generated 200/500
[reader] generated 202/500
[reader] generated 204/500
[reader] generated 206/500
[reader] generated 208/500
[reader] generated 210/500
[reader] generated 212/500
[reader] generated 214/500
[reader] generated 216/500
[reader] generated 218/500
[reader] generated 220/500
[reader] generated 222/500
[reader] generated 224/500
[reader] generated 226/500
[reader] generated 228/500
[reader] generated 230/500
[reader] generated 232/500
[reader] generated 234/500
[reader] generated 236/500
[reader] generated 238/500
[reader] generated 240/500
[reader] generated 242/500
[reader] generated 244/500
[reader] generated 246/500
[reader] generated 248/500
[reader] generated 250/500
[reader] generated 252/500
[reader] generated 254/500
[reader] generated 256/500
[reader] generated 258/500
[reader] generated 260/500
[reader] generated 262/500
[reader] generated 264/500
[reader] generated 266/500
[reader] generated 268/500
[reader] generated 270/500
[reader] generated 272/500
[reader] generated 274/500
[reader] generated 276/500
[reader] generated 278/500
[reader] generated 280/500
[reader] generated 282/500
[reader] generated 284/500
[reader] generated 286/500
[reader] generated 288/500
[reader] generated 290/500
[reader] generated 292/500
[reader] generated 294/500
[reader] generated 296/500
[reader] generated 298/500
[reader] generated 300/500
[reader] generated 302/500
[reader] generated 304/500
[reader] generated 306/500
[reader] generated 308/500
[reader] generated 310/500
[reader] generated 312/500
[reader] generated 314/500
[reader] generated 316/500
[reader] generated 318/500
[reader] generated 320/500
[reader] generated 322/500
[reader] generated 324/500
[reader] generated 326/500
[reader] generated 328/500
[reader] generated 330/500
[reader] generated 332/500
[reader] generated 334/500
[reader] generated 336/500
[reader] generated 338/500
[reader] generated 340/500
[reader] generated 342/500
[reader] generated 344/500
[reader] generated 346/500
[reader] generated 348/500
[reader] generated 350/500
[reader] generated 352/500
[reader] generated 354/500
[reader] generated 356/500
[reader] generated 358/500
[reader] generated 360/500
[reader] generated 362/500
[reader] generated 364/500
[reader] generated 366/500
[reader] generated 368/500
[reader] generated 370/500
[reader] generated 372/500
[reader] generated 374/500
[reader] generated 376/500
[reader] generated 378/500
[reader] generated 380/500
[reader] generated 382/500
[reader] generated 384/500
[reader] generated 386/500
[reader] generated 388/500
[reader] generated 390/500
[reader] generated 392/500
[reader] generated 394/500
[reader] generated 396/500
[reader] generated 398/500
[reader] generated 400/500
[reader] generated 402/500
[reader] generated 404/500
[reader] generated 406/500
[reader] generated 408/500
[reader] generated 410/500
[reader] generated 412/500
[reader] generated 414/500
[reader] generated 416/500
[reader] generated 418/500
[reader] generated 420/500
[reader] generated 422/500
[reader] generated 424/500
[reader] generated 426/500
[reader] generated 428/500
[reader] generated 430/500
[reader] generated 432/500
[reader] generated 434/500
[reader] generated 436/500
[reader] generated 438/500
[reader] generated 440/500
[reader] generated 442/500
[reader] generated 444/500
[reader] generated 446/500
[reader] generated 448/500
[reader] generated 450/500
[reader] generated 452/500
[reader] generated 454/500
[reader] generated 456/500
[reader] generated 458/500
[reader] generated 460/500
[reader] generated 462/500
[reader] generated 464/500
[reader] generated 466/500
[reader] generated 468/500
[reader] generated 470/500
[reader] generated 472/500
[reader] generated 474/500
[reader] generated 476/500
[reader] generated 478/500
[reader] generated 480/500
[reader] generated 482/500
[reader] generated 484/500
[reader] generated 486/500
[reader] generated 488/500
[reader] generated 490/500
[reader] generated 492/500
[reader] generated 494/500
[reader] generated 496/500
[reader] generated 498/500
[reader] generated 500/500
[density] policy=chunk_mmr_224, router_type=fixed, representation=chunk, packer=mmr, reader_model=Qwen/Qwen2.5-3B-Instruct, packed_token_budget=224, recall@1=0.4305, all_gold@1=0.0, recall@2=0.629, all_gold@2=0.29, recall@5=0.718, all_gold@5=0.43, qwen_em=0.242, qwen_f1=0.2619, avg_reader_evidence_tokens=213.76, mean_ans_in_context=0.402, mean_ans_in_context_soft=0.4782, mean_gold_token_density=0.4286, mean_gold_doc_reader_cov=0.6105, mean_all_gold_reader=0.266, mean_distractor_docs=2.58, mean_context_tokens=213.756, mean_n_snippets=5.17
[density] materializing policy=chunk_submod_224
[density] generating policy=chunk_submod_224
[reader] generated 2/500
[reader] generated 4/500
[reader] generated 6/500
[reader] generated 8/500
[reader] generated 10/500
[reader] generated 12/500
[reader] generated 14/500
[reader] generated 16/500
[reader] generated 18/500
[reader] generated 20/500
[reader] generated 22/500
[reader] generated 24/500
[reader] generated 26/500
[reader] generated 28/500
[reader] generated 30/500
[reader] generated 32/500
[reader] generated 34/500
[reader] generated 36/500
[reader] generated 38/500
[reader] generated 40/500
[reader] generated 42/500
[reader] generated 44/500
[reader] generated 46/500
[reader] generated 48/500
[reader] generated 50/500
[reader] generated 52/500
[reader] generated 54/500
[reader] generated 56/500
[reader] generated 58/500
[reader] generated 60/500
[reader] generated 62/500
[reader] generated 64/500
[reader] generated 66/500
[reader] generated 68/500
[reader] generated 70/500
[reader] generated 72/500
[reader] generated 74/500
[reader] generated 76/500
[reader] generated 78/500
[reader] generated 80/500
[reader] generated 82/500
[reader] generated 84/500
[reader] generated 86/500
[reader] generated 88/500
[reader] generated 90/500
[reader] generated 92/500
[reader] generated 94/500
[reader] generated 96/500
[reader] generated 98/500
[reader] generated 100/500
[reader] generated 102/500
[reader] generated 104/500
[reader] generated 106/500
[reader] generated 108/500
[reader] generated 110/500
[reader] generated 112/500
[reader] generated 114/500
[reader] generated 116/500
[reader] generated 118/500
[reader] generated 120/500
[reader] generated 122/500
[reader] generated 124/500
[reader] generated 126/500
[reader] generated 128/500
[reader] generated 130/500
[reader] generated 132/500
[reader] generated 134/500
[reader] generated 136/500
[reader] generated 138/500
[reader] generated 140/500
[reader] generated 142/500
[reader] generated 144/500
[reader] generated 146/500
[reader] generated 148/500
[reader] generated 150/500
[reader] generated 152/500
[reader] generated 154/500
[reader] generated 156/500
[reader] generated 158/500
[reader] generated 160/500
[reader] generated 162/500
[reader] generated 164/500
[reader] generated 166/500
[reader] generated 168/500
[reader] generated 170/500
[reader] generated 172/500
[reader] generated 174/500
[reader] generated 176/500
[reader] generated 178/500
[reader] generated 180/500
[reader] generated 182/500
[reader] generated 184/500
[reader] generated 186/500
[reader] generated 188/500
[reader] generated 190/500
[reader] generated 192/500
[reader] generated 194/500
[reader] generated 196/500
[reader] generated 198/500
[reader] generated 200/500
[reader] generated 202/500
[reader] generated 204/500
[reader] generated 206/500
[reader] generated 208/500
[reader] generated 210/500
[reader] generated 212/500
[reader] generated 214/500
[reader] generated 216/500
[reader] generated 218/500
[reader] generated 220/500
[reader] generated 222/500
[reader] generated 224/500
[reader] generated 226/500
[reader] generated 228/500
[reader] generated 230/500
[reader] generated 232/500
[reader] generated 234/500
[reader] generated 236/500
[reader] generated 238/500
[reader] generated 240/500
[reader] generated 242/500
[reader] generated 244/500
[reader] generated 246/500
[reader] generated 248/500
[reader] generated 250/500
[reader] generated 252/500
[reader] generated 254/500
[reader] generated 256/500
[reader] generated 258/500
[reader] generated 260/500
[reader] generated 262/500
[reader] generated 264/500
[reader] generated 266/500
[reader] generated 268/500
[reader] generated 270/500
[reader] generated 272/500
[reader] generated 274/500
[reader] generated 276/500
[reader] generated 278/500
[reader] generated 280/500
[reader] generated 282/500
[reader] generated 284/500
[reader] generated 286/500
[reader] generated 288/500
[reader] generated 290/500
[reader] generated 292/500
[reader] generated 294/500
[reader] generated 296/500
[reader] generated 298/500
[reader] generated 300/500
[reader] generated 302/500
[reader] generated 304/500
[reader] generated 306/500
[reader] generated 308/500
[reader] generated 310/500
[reader] generated 312/500
[reader] generated 314/500
[reader] generated 316/500
[reader] generated 318/500
[reader] generated 320/500
[reader] generated 322/500
[reader] generated 324/500
[reader] generated 326/500
[reader] generated 328/500
[reader] generated 330/500
[reader] generated 332/500
[reader] generated 334/500
[reader] generated 336/500
[reader] generated 338/500
[reader] generated 340/500
[reader] generated 342/500
[reader] generated 344/500
[reader] generated 346/500
[reader] generated 348/500
[reader] generated 350/500
[reader] generated 352/500
[reader] generated 354/500
[reader] generated 356/500
[reader] generated 358/500
[reader] generated 360/500
[reader] generated 362/500
[reader] generated 364/500
[reader] generated 366/500
[reader] generated 368/500
[reader] generated 370/500
[reader] generated 372/500
[reader] generated 374/500
[reader] generated 376/500
[reader] generated 378/500
[reader] generated 380/500
[reader] generated 382/500
[reader] generated 384/500
[reader] generated 386/500
[reader] generated 388/500
[reader] generated 390/500
[reader] generated 392/500
[reader] generated 394/500
[reader] generated 396/500
[reader] generated 398/500
[reader] generated 400/500
[reader] generated 402/500
[reader] generated 404/500
[reader] generated 406/500
[reader] generated 408/500
[reader] generated 410/500
[reader] generated 412/500
[reader] generated 414/500
[reader] generated 416/500
[reader] generated 418/500
[reader] generated 420/500
[reader] generated 422/500
[reader] generated 424/500
[reader] generated 426/500
[reader] generated 428/500
[reader] generated 430/500
[reader] generated 432/500
[reader] generated 434/500
[reader] generated 436/500
[reader] generated 438/500
[reader] generated 440/500
[reader] generated 442/500
[reader] generated 444/500
[reader] generated 446/500
[reader] generated 448/500
[reader] generated 450/500
[reader] generated 452/500
[reader] generated 454/500
[reader] generated 456/500
[reader] generated 458/500
[reader] generated 460/500
[reader] generated 462/500
[reader] generated 464/500
[reader] generated 466/500
[reader] generated 468/500
[reader] generated 470/500
[reader] generated 472/500
[reader] generated 474/500
[reader] generated 476/500
[reader] generated 478/500
[reader] generated 480/500
[reader] generated 482/500
[reader] generated 484/500
[reader] generated 486/500
[reader] generated 488/500
[reader] generated 490/500
[reader] generated 492/500
[reader] generated 494/500
[reader] generated 496/500
[reader] generated 498/500
[reader] generated 500/500
[density] policy=chunk_submod_224, router_type=fixed, representation=chunk, packer=submod, reader_model=Qwen/Qwen2.5-3B-Instruct, packed_token_budget=224, recall@1=0.4305, all_gold@1=0.0, recall@2=0.629, all_gold@2=0.29, recall@5=0.718, all_gold@5=0.43, qwen_em=0.23, qwen_f1=0.2564, avg_reader_evidence_tokens=203.93, mean_ans_in_context=0.422, mean_ans_in_context_soft=0.4988, mean_gold_token_density=0.4067, mean_gold_doc_reader_cov=0.6955, mean_all_gold_reader=0.394, mean_distractor_docs=2.994, mean_context_tokens=203.932, mean_n_snippets=6.456
[density] materializing policy=ace_focused_224
[density] generating policy=ace_focused_224
[reader] generated 2/500
[reader] generated 4/500
[reader] generated 6/500
[reader] generated 8/500
[reader] generated 10/500
[reader] generated 12/500
[reader] generated 14/500
[reader] generated 16/500
[reader] generated 18/500
[reader] generated 20/500
[reader] generated 22/500
[reader] generated 24/500
[reader] generated 26/500
[reader] generated 28/500
[reader] generated 30/500
[reader] generated 32/500
[reader] generated 34/500
[reader] generated 36/500
[reader] generated 38/500
[reader] generated 40/500
[reader] generated 42/500
[reader] generated 44/500
[reader] generated 46/500
[reader] generated 48/500
[reader] generated 50/500
[reader] generated 52/500
[reader] generated 54/500
[reader] generated 56/500
[reader] generated 58/500
[reader] generated 60/500
[reader] generated 62/500
[reader] generated 64/500
[reader] generated 66/500
[reader] generated 68/500
[reader] generated 70/500
[reader] generated 72/500
[reader] generated 74/500
[reader] generated 76/500
[reader] generated 78/500
[reader] generated 80/500
[reader] generated 82/500
[reader] generated 84/500
[reader] generated 86/500
[reader] generated 88/500
[reader] generated 90/500
[reader] generated 92/500
[reader] generated 94/500
[reader] generated 96/500
[reader] generated 98/500
[reader] generated 100/500
[reader] generated 102/500
[reader] generated 104/500
[reader] generated 106/500
[reader] generated 108/500
[reader] generated 110/500
[reader] generated 112/500
[reader] generated 114/500
[reader] generated 116/500
[reader] generated 118/500
[reader] generated 120/500
[reader] generated 122/500
[reader] generated 124/500
[reader] generated 126/500
[reader] generated 128/500
[reader] generated 130/500
[reader] generated 132/500
[reader] generated 134/500
[reader] generated 136/500
[reader] generated 138/500
[reader] generated 140/500
[reader] generated 142/500
[reader] generated 144/500
[reader] generated 146/500
[reader] generated 148/500
[reader] generated 150/500
[reader] generated 152/500
[reader] generated 154/500
[reader] generated 156/500
[reader] generated 158/500
[reader] generated 160/500
[reader] generated 162/500
[reader] generated 164/500
[reader] generated 166/500
[reader] generated 168/500
[reader] generated 170/500
[reader] generated 172/500
[reader] generated 174/500
[reader] generated 176/500
[reader] generated 178/500
[reader] generated 180/500
[reader] generated 182/500
[reader] generated 184/500
[reader] generated 186/500
[reader] generated 188/500
[reader] generated 190/500
[reader] generated 192/500
[reader] generated 194/500
[reader] generated 196/500
[reader] generated 198/500
[reader] generated 200/500
[reader] generated 202/500
[reader] generated 204/500
[reader] generated 206/500
[reader] generated 208/500
[reader] generated 210/500
[reader] generated 212/500
[reader] generated 214/500
[reader] generated 216/500
[reader] generated 218/500
[reader] generated 220/500
[reader] generated 222/500
[reader] generated 224/500
[reader] generated 226/500
[reader] generated 228/500
[reader] generated 230/500
[reader] generated 232/500
[reader] generated 234/500
[reader] generated 236/500
[reader] generated 238/500
[reader] generated 240/500
[reader] generated 242/500
[reader] generated 244/500
[reader] generated 246/500
[reader] generated 248/500
[reader] generated 250/500
[reader] generated 252/500
[reader] generated 254/500
[reader] generated 256/500
[reader] generated 258/500
[reader] generated 260/500
[reader] generated 262/500
[reader] generated 264/500
[reader] generated 266/500
[reader] generated 268/500
[reader] generated 270/500
[reader] generated 272/500
[reader] generated 274/500
[reader] generated 276/500
[reader] generated 278/500
[reader] generated 280/500
[reader] generated 282/500
[reader] generated 284/500
[reader] generated 286/500
[reader] generated 288/500
[reader] generated 290/500
[reader] generated 292/500
[reader] generated 294/500
[reader] generated 296/500
[reader] generated 298/500
[reader] generated 300/500
[reader] generated 302/500
[reader] generated 304/500
[reader] generated 306/500
[reader] generated 308/500
[reader] generated 310/500
[reader] generated 312/500
[reader] generated 314/500
[reader] generated 316/500
[reader] generated 318/500
[reader] generated 320/500
[reader] generated 322/500
[reader] generated 324/500
[reader] generated 326/500
[reader] generated 328/500
[reader] generated 330/500
[reader] generated 332/500
[reader] generated 334/500
[reader] generated 336/500
[reader] generated 338/500
[reader] generated 340/500
[reader] generated 342/500
[reader] generated 344/500
[reader] generated 346/500
[reader] generated 348/500
[reader] generated 350/500
[reader] generated 352/500
[reader] generated 354/500
[reader] generated 356/500
[reader] generated 358/500
[reader] generated 360/500
[reader] generated 362/500
[reader] generated 364/500
[reader] generated 366/500
[reader] generated 368/500
[reader] generated 370/500
[reader] generated 372/500
[reader] generated 374/500
[reader] generated 376/500
[reader] generated 378/500
[reader] generated 380/500
[reader] generated 382/500
[reader] generated 384/500
[reader] generated 386/500
[reader] generated 388/500
[reader] generated 390/500
[reader] generated 392/500
[reader] generated 394/500
[reader] generated 396/500
[reader] generated 398/500
[reader] generated 400/500
[reader] generated 402/500
[reader] generated 404/500
[reader] generated 406/500
[reader] generated 408/500
[reader] generated 410/500
[reader] generated 412/500
[reader] generated 414/500
[reader] generated 416/500
[reader] generated 418/500
[reader] generated 420/500
[reader] generated 422/500
[reader] generated 424/500
[reader] generated 426/500
[reader] generated 428/500
[reader] generated 430/500
[reader] generated 432/500
[reader] generated 434/500
[reader] generated 436/500
[reader] generated 438/500
[reader] generated 440/500
[reader] generated 442/500
[reader] generated 444/500
[reader] generated 446/500
[reader] generated 448/500
[reader] generated 450/500
[reader] generated 452/500
[reader] generated 454/500
[reader] generated 456/500
[reader] generated 458/500
[reader] generated 460/500
[reader] generated 462/500
[reader] generated 464/500
[reader] generated 466/500
[reader] generated 468/500
[reader] generated 470/500
[reader] generated 472/500
[reader] generated 474/500
[reader] generated 476/500
[reader] generated 478/500
[reader] generated 480/500
[reader] generated 482/500
[reader] generated 484/500
[reader] generated 486/500
[reader] generated 488/500
[reader] generated 490/500
[reader] generated 492/500
[reader] generated 494/500
[reader] generated 496/500
[reader] generated 498/500
[reader] generated 500/500
[density] policy=ace_focused_224, router_type=fixed, representation=ace, packer=focused, reader_model=Qwen/Qwen2.5-3B-Instruct, packed_token_budget=224, recall@1=0.4115, all_gold@1=0.0, recall@2=0.6065, all_gold@2=0.272, recall@5=0.711, all_gold@5=0.43, qwen_em=0.266, qwen_f1=0.2994, avg_reader_evidence_tokens=212.52, mean_ans_in_context=0.46, mean_ans_in_context_soft=0.5293, mean_gold_token_density=0.3933, mean_gold_doc_reader_cov=0.698, mean_all_gold_reader=0.406, mean_distractor_docs=3.014, mean_context_tokens=212.52, mean_n_snippets=5.746
[density] materializing policy=ace_mmr_224
[density] generating policy=ace_mmr_224
[reader] generated 2/500
[reader] generated 4/500
[reader] generated 6/500
[reader] generated 8/500
[reader] generated 10/500
[reader] generated 12/500
[reader] generated 14/500
[reader] generated 16/500
[reader] generated 18/500
[reader] generated 20/500
[reader] generated 22/500
[reader] generated 24/500
[reader] generated 26/500
[reader] generated 28/500
[reader] generated 30/500
[reader] generated 32/500
[reader] generated 34/500
[reader] generated 36/500
[reader] generated 38/500
[reader] generated 40/500
[reader] generated 42/500
[reader] generated 44/500
[reader] generated 46/500
[reader] generated 48/500
[reader] generated 50/500
[reader] generated 52/500
[reader] generated 54/500
[reader] generated 56/500
[reader] generated 58/500
[reader] generated 60/500
[reader] generated 62/500
[reader] generated 64/500
[reader] generated 66/500
[reader] generated 68/500
[reader] generated 70/500
[reader] generated 72/500
[reader] generated 74/500
[reader] generated 76/500
[reader] generated 78/500
[reader] generated 80/500
[reader] generated 82/500
[reader] generated 84/500
[reader] generated 86/500
[reader] generated 88/500
[reader] generated 90/500
[reader] generated 92/500
[reader] generated 94/500
[reader] generated 96/500
[reader] generated 98/500
[reader] generated 100/500
[reader] generated 102/500
[reader] generated 104/500
[reader] generated 106/500
[reader] generated 108/500
[reader] generated 110/500
[reader] generated 112/500
[reader] generated 114/500
[reader] generated 116/500
[reader] generated 118/500
[reader] generated 120/500
[reader] generated 122/500
[reader] generated 124/500
[reader] generated 126/500
[reader] generated 128/500
[reader] generated 130/500
[reader] generated 132/500
[reader] generated 134/500
[reader] generated 136/500
[reader] generated 138/500
[reader] generated 140/500
[reader] generated 142/500
[reader] generated 144/500
[reader] generated 146/500
[reader] generated 148/500
[reader] generated 150/500
[reader] generated 152/500
[reader] generated 154/500
[reader] generated 156/500
[reader] generated 158/500
[reader] generated 160/500
[reader] generated 162/500
[reader] generated 164/500
[reader] generated 166/500
[reader] generated 168/500
[reader] generated 170/500
[reader] generated 172/500
[reader] generated 174/500
[reader] generated 176/500
[reader] generated 178/500
[reader] generated 180/500
[reader] generated 182/500
[reader] generated 184/500
[reader] generated 186/500
[reader] generated 188/500
[reader] generated 190/500
[reader] generated 192/500
[reader] generated 194/500
[reader] generated 196/500
[reader] generated 198/500
[reader] generated 200/500
[reader] generated 202/500
[reader] generated 204/500
[reader] generated 206/500
[reader] generated 208/500
[reader] generated 210/500
[reader] generated 212/500
[reader] generated 214/500
[reader] generated 216/500
[reader] generated 218/500
[reader] generated 220/500
[reader] generated 222/500
[reader] generated 224/500
[reader] generated 226/500
[reader] generated 228/500
[reader] generated 230/500
[reader] generated 232/500
[reader] generated 234/500
[reader] generated 236/500
[reader] generated 238/500
[reader] generated 240/500
[reader] generated 242/500
[reader] generated 244/500
[reader] generated 246/500
[reader] generated 248/500
[reader] generated 250/500
[reader] generated 252/500
[reader] generated 254/500
[reader] generated 256/500
[reader] generated 258/500
[reader] generated 260/500
[reader] generated 262/500
[reader] generated 264/500
[reader] generated 266/500
[reader] generated 268/500
[reader] generated 270/500
[reader] generated 272/500
[reader] generated 274/500
[reader] generated 276/500
[reader] generated 278/500
[reader] generated 280/500
[reader] generated 282/500
[reader] generated 284/500
[reader] generated 286/500
[reader] generated 288/500
[reader] generated 290/500
[reader] generated 292/500
[reader] generated 294/500
[reader] generated 296/500
[reader] generated 298/500
[reader] generated 300/500
[reader] generated 302/500
[reader] generated 304/500
[reader] generated 306/500
[reader] generated 308/500
[reader] generated 310/500
[reader] generated 312/500
[reader] generated 314/500
[reader] generated 316/500
[reader] generated 318/500
[reader] generated 320/500
[reader] generated 322/500
[reader] generated 324/500
[reader] generated 326/500
[reader] generated 328/500
[reader] generated 330/500
[reader] generated 332/500
[reader] generated 334/500
[reader] generated 336/500
[reader] generated 338/500
[reader] generated 340/500
[reader] generated 342/500
[reader] generated 344/500
[reader] generated 346/500
[reader] generated 348/500
[reader] generated 350/500
[reader] generated 352/500
[reader] generated 354/500
[reader] generated 356/500
[reader] generated 358/500
[reader] generated 360/500
[reader] generated 362/500
[reader] generated 364/500
[reader] generated 366/500
[reader] generated 368/500
[reader] generated 370/500
[reader] generated 372/500
[reader] generated 374/500
[reader] generated 376/500
[reader] generated 378/500
[reader] generated 380/500
[reader] generated 382/500
[reader] generated 384/500
[reader] generated 386/500
[reader] generated 388/500
[reader] generated 390/500
[reader] generated 392/500
[reader] generated 394/500
[reader] generated 396/500
[reader] generated 398/500
[reader] generated 400/500
[reader] generated 402/500
[reader] generated 404/500
[reader] generated 406/500
[reader] generated 408/500
[reader] generated 410/500
[reader] generated 412/500
[reader] generated 414/500
[reader] generated 416/500
[reader] generated 418/500
[reader] generated 420/500
[reader] generated 422/500
[reader] generated 424/500
[reader] generated 426/500
[reader] generated 428/500
[reader] generated 430/500
[reader] generated 432/500
[reader] generated 434/500
[reader] generated 436/500
[reader] generated 438/500
[reader] generated 440/500
[reader] generated 442/500
[reader] generated 444/500
[reader] generated 446/500
[reader] generated 448/500
[reader] generated 450/500
[reader] generated 452/500
[reader] generated 454/500
[reader] generated 456/500
[reader] generated 458/500
[reader] generated 460/500
[reader] generated 462/500
[reader] generated 464/500
[reader] generated 466/500
[reader] generated 468/500
[reader] generated 470/500
[reader] generated 472/500
[reader] generated 474/500
[reader] generated 476/500
[reader] generated 478/500
[reader] generated 480/500
[reader] generated 482/500
[reader] generated 484/500
[reader] generated 486/500
[reader] generated 488/500
[reader] generated 490/500
[reader] generated 492/500
[reader] generated 494/500
[reader] generated 496/500
[reader] generated 498/500
[reader] generated 500/500
[density] policy=ace_mmr_224, router_type=fixed, representation=ace, packer=mmr, reader_model=Qwen/Qwen2.5-3B-Instruct, packed_token_budget=224, recall@1=0.4115, all_gold@1=0.0, recall@2=0.6065, all_gold@2=0.272, recall@5=0.711, all_gold@5=0.43, qwen_em=0.262, qwen_f1=0.3014, avg_reader_evidence_tokens=212.97, mean_ans_in_context=0.448, mean_ans_in_context_soft=0.5189, mean_gold_token_density=0.4246, mean_gold_doc_reader_cov=0.6795, mean_all_gold_reader=0.384, mean_distractor_docs=2.816, mean_context_tokens=212.968, mean_n_snippets=5.784
[density] materializing policy=ace_submod_224
[density] generating policy=ace_submod_224
[reader] generated 2/500
[reader] generated 4/500
[reader] generated 6/500
[reader] generated 8/500
[reader] generated 10/500
[reader] generated 12/500
[reader] generated 14/500
[reader] generated 16/500
[reader] generated 18/500
[reader] generated 20/500
[reader] generated 22/500
[reader] generated 24/500
[reader] generated 26/500
[reader] generated 28/500
[reader] generated 30/500
[reader] generated 32/500
[reader] generated 34/500
[reader] generated 36/500
[reader] generated 38/500
[reader] generated 40/500
[reader] generated 42/500
[reader] generated 44/500
[reader] generated 46/500
[reader] generated 48/500
[reader] generated 50/500
[reader] generated 52/500
[reader] generated 54/500
[reader] generated 56/500
[reader] generated 58/500
[reader] generated 60/500
[reader] generated 62/500
[reader] generated 64/500
[reader] generated 66/500
[reader] generated 68/500
[reader] generated 70/500
[reader] generated 72/500
[reader] generated 74/500
[reader] generated 76/500
[reader] generated 78/500
[reader] generated 80/500
[reader] generated 82/500
[reader] generated 84/500
[reader] generated 86/500
[reader] generated 88/500
[reader] generated 90/500
[reader] generated 92/500
[reader] generated 94/500
[reader] generated 96/500
[reader] generated 98/500
[reader] generated 100/500
[reader] generated 102/500
[reader] generated 104/500
[reader] generated 106/500
[reader] generated 108/500
[reader] generated 110/500
[reader] generated 112/500
[reader] generated 114/500
[reader] generated 116/500
[reader] generated 118/500
[reader] generated 120/500
[reader] generated 122/500
[reader] generated 124/500
[reader] generated 126/500
[reader] generated 128/500
[reader] generated 130/500
[reader] generated 132/500
[reader] generated 134/500
[reader] generated 136/500
[reader] generated 138/500
[reader] generated 140/500
[reader] generated 142/500
[reader] generated 144/500
[reader] generated 146/500
[reader] generated 148/500
[reader] generated 150/500
[reader] generated 152/500
[reader] generated 154/500
[reader] generated 156/500
[reader] generated 158/500
[reader] generated 160/500
[reader] generated 162/500
[reader] generated 164/500
[reader] generated 166/500
[reader] generated 168/500
[reader] generated 170/500
[reader] generated 172/500
[reader] generated 174/500
[reader] generated 176/500
[reader] generated 178/500
[reader] generated 180/500
[reader] generated 182/500
[reader] generated 184/500
[reader] generated 186/500
[reader] generated 188/500
[reader] generated 190/500
[reader] generated 192/500
[reader] generated 194/500
[reader] generated 196/500
[reader] generated 198/500
[reader] generated 200/500
[reader] generated 202/500
[reader] generated 204/500
[reader] generated 206/500
[reader] generated 208/500
[reader] generated 210/500
[reader] generated 212/500
[reader] generated 214/500
[reader] generated 216/500
[reader] generated 218/500
[reader] generated 220/500
[reader] generated 222/500
[reader] generated 224/500
[reader] generated 226/500
[reader] generated 228/500
[reader] generated 230/500
[reader] generated 232/500
[reader] generated 234/500
[reader] generated 236/500
[reader] generated 238/500
[reader] generated 240/500
[reader] generated 242/500
[reader] generated 244/500
[reader] generated 246/500
[reader] generated 248/500
[reader] generated 250/500
[reader] generated 252/500
[reader] generated 254/500
[reader] generated 256/500
[reader] generated 258/500
[reader] generated 260/500
[reader] generated 262/500
[reader] generated 264/500
[reader] generated 266/500
[reader] generated 268/500
[reader] generated 270/500
[reader] generated 272/500
[reader] generated 274/500
[reader] generated 276/500
[reader] generated 278/500
[reader] generated 280/500
[reader] generated 282/500
[reader] generated 284/500
[reader] generated 286/500
[reader] generated 288/500
[reader] generated 290/500
[reader] generated 292/500
[reader] generated 294/500
[reader] generated 296/500
[reader] generated 298/500
[reader] generated 300/500
[reader] generated 302/500
[reader] generated 304/500
[reader] generated 306/500
[reader] generated 308/500
[reader] generated 310/500
[reader] generated 312/500
[reader] generated 314/500
[reader] generated 316/500
[reader] generated 318/500
[reader] generated 320/500
[reader] generated 322/500
[reader] generated 324/500
[reader] generated 326/500
[reader] generated 328/500
[reader] generated 330/500
[reader] generated 332/500
[reader] generated 334/500
[reader] generated 336/500
[reader] generated 338/500
[reader] generated 340/500
[reader] generated 342/500
[reader] generated 344/500
[reader] generated 346/500
[reader] generated 348/500
[reader] generated 350/500
[reader] generated 352/500
[reader] generated 354/500
[reader] generated 356/500
[reader] generated 358/500
[reader] generated 360/500
[reader] generated 362/500
[reader] generated 364/500
[reader] generated 366/500
[reader] generated 368/500
[reader] generated 370/500
[reader] generated 372/500
[reader] generated 374/500
[reader] generated 376/500
[reader] generated 378/500
[reader] generated 380/500
[reader] generated 382/500
[reader] generated 384/500
[reader] generated 386/500
[reader] generated 388/500
[reader] generated 390/500
[reader] generated 392/500
[reader] generated 394/500
[reader] generated 396/500
[reader] generated 398/500
[reader] generated 400/500
[reader] generated 402/500
[reader] generated 404/500
[reader] generated 406/500
[reader] generated 408/500
[reader] generated 410/500
[reader] generated 412/500
[reader] generated 414/500
[reader] generated 416/500
[reader] generated 418/500
[reader] generated 420/500
[reader] generated 422/500
[reader] generated 424/500
[reader] generated 426/500
[reader] generated 428/500
[reader] generated 430/500
[reader] generated 432/500
[reader] generated 434/500
[reader] generated 436/500
[reader] generated 438/500
[reader] generated 440/500
[reader] generated 442/500
[reader] generated 444/500
[reader] generated 446/500
[reader] generated 448/500
[reader] generated 450/500
[reader] generated 452/500
[reader] generated 454/500
[reader] generated 456/500
[reader] generated 458/500
[reader] generated 460/500
[reader] generated 462/500
[reader] generated 464/500
[reader] generated 466/500
[reader] generated 468/500
[reader] generated 470/500
[reader] generated 472/500
[reader] generated 474/500
[reader] generated 476/500
[reader] generated 478/500
[reader] generated 480/500
[reader] generated 482/500
[reader] generated 484/500
[reader] generated 486/500
[reader] generated 488/500
[reader] generated 490/500
[reader] generated 492/500
[reader] generated 494/500
[reader] generated 496/500
[reader] generated 498/500
[reader] generated 500/500
[density] policy=ace_submod_224, router_type=fixed, representation=ace, packer=submod, reader_model=Qwen/Qwen2.5-3B-Instruct, packed_token_budget=224, recall@1=0.4115, all_gold@1=0.0, recall@2=0.6065, all_gold@2=0.272, recall@5=0.711, all_gold@5=0.43, qwen_em=0.26, qwen_f1=0.2887, avg_reader_evidence_tokens=207.13, mean_ans_in_context=0.452, mean_ans_in_context_soft=0.5206, mean_gold_token_density=0.3975, mean_gold_doc_reader_cov=0.6975, mean_all_gold_reader=0.41, mean_distractor_docs=2.994, mean_context_tokens=207.13, mean_n_snippets=6.384
[density] policy=router_oracle_packer, router_type=oracle, representation=mixed, packer=oracle, reader_model=Qwen/Qwen2.5-3B-Instruct, packed_token_budget=224, selection_counts={"ace_focused_224": 86, "ace_mmr_224": 40, "ace_submod_224": 105, "chunk_focused_224": 79, "chunk_mmr_224": 29, "chunk_submod_224": 161}, qwen_em=0.41, qwen_f1=0.4618, avg_reader_evidence_tokens=199.84, mean_ans_in_context=0.476, mean_ans_in_context_soft=0.5452, mean_gold_token_density=0.4199, mean_gold_doc_reader_cov=0.694, mean_all_gold_reader=0.394, mean_distractor_docs=2.832, mean_context_tokens=199.836, mean_n_snippets=5.85
wrote /kaggle/working/colab_results/stage14_2wiki_qwen3b_budget224_limit500_seed42/2wiki_local_density_standard_budget224_limit500_metrics.csv
wrote /kaggle/working/colab_results/stage14_2wiki_qwen3b_budget224_limit500_seed42/2wiki_local_density_standard_budget224_limit500_per_question.csv
--- 2wiki B=224 seed 13 ---
$ /usr/bin/python3 -m experiments.run_density_router --dataset 2wiki_local --limit 500 --seed 13 --ace-retriever standard --top-k 5 --top-k-nodes 48 --max-expanded-docs 5 --embedder sentence-transformers --embedding-model BAAI/bge-small-en-v1.5 --embed-device cuda --compressor truncate --compress-dims 320 --reader-backend hf --reader-model Qwen/Qwen2.5-3B-Instruct --reader-device cuda --reader-batch-size 2 --mmr-lambda 0.7 --budget 224 --out-dir /kaggle/working/colab_results/stage14_2wiki_qwen3b_budget224_limit500_seed13 --twowiki-path /kaggle/input/datasets/anantonayan/2wikimultihop/2wikimultihop/dev.json
2wiki_local[500]: 3348 docs, 500 questions, 2.46 gold docs/question
[density] retrieving chunk baseline
[chunk] fitting/indexing
[embed] encoding 3348 texts on device=cuda:0

Batches:   0%|          | 0/53 [00:00<?, ?it/s]
Batches:   2%|▏         | 1/53 [00:00<00:49,  1.06it/s]
Batches:   4%|▍         | 2/53 [00:01<00:38,  1.31it/s]
Batches:   6%|▌         | 3/53 [00:02<00:32,  1.54it/s]
Batches:   8%|▊         | 4/53 [00:02<00:27,  1.77it/s]
Batches:   9%|▉         | 5/53 [00:02<00:23,  2.09it/s]
Batches:  11%|█▏        | 6/53 [00:03<00:19,  2.43it/s]
Batches:  13%|█▎        | 7/53 [00:03<00:16,  2.78it/s]
Batches:  15%|█▌        | 8/53 [00:03<00:13,  3.24it/s]
Batches:  17%|█▋        | 9/53 [00:03<00:12,  3.58it/s]
Batches:  19%|█▉        | 10/53 [00:03<00:10,  4.01it/s]
Batches:  21%|██        | 11/53 [00:04<00:10,  4.18it/s]
Batches:  23%|██▎       | 12/53 [00:04<00:08,  4.66it/s]
Batches:  25%|██▍       | 13/53 [00:04<00:07,  5.08it/s]
Batches:  26%|██▋       | 14/53 [00:04<00:06,  5.58it/s]
Batches:  28%|██▊       | 15/53 [00:04<00:06,  6.14it/s]
Batches:  30%|███       | 16/53 [00:04<00:05,  6.56it/s]
Batches:  32%|███▏      | 17/53 [00:05<00:05,  7.03it/s]
Batches:  34%|███▍      | 18/53 [00:05<00:04,  7.51it/s]
Batches:  36%|███▌      | 19/53 [00:05<00:04,  7.91it/s]
Batches:  38%|███▊      | 20/53 [00:05<00:04,  8.09it/s]
Batches:  42%|████▏     | 22/53 [00:05<00:03,  9.04it/s]
Batches:  43%|████▎     | 23/53 [00:05<00:03,  9.21it/s]
Batches:  47%|████▋     | 25/53 [00:05<00:02,  9.99it/s]
Batches:  51%|█████     | 27/53 [00:05<00:02, 10.78it/s]
Batches:  55%|█████▍    | 29/53 [00:06<00:02, 11.10it/s]
Batches:  58%|█████▊    | 31/53 [00:06<00:01, 12.08it/s]
Batches:  62%|██████▏   | 33/53 [00:06<00:01, 13.19it/s]
Batches:  66%|██████▌   | 35/53 [00:06<00:01, 14.55it/s]
Batches:  70%|██████▉   | 37/53 [00:06<00:01, 15.39it/s]
Batches:  75%|███████▌  | 40/53 [00:06<00:00, 17.32it/s]
Batches:  81%|████████  | 43/53 [00:06<00:00, 18.97it/s]
Batches:  87%|████████▋ | 46/53 [00:07<00:00, 20.92it/s]
Batches:  94%|█████████▍| 50/53 [00:07<00:00, 24.64it/s]
Batches: 100%|██████████| 53/53 [00:07<00:00,  7.36it/s]
[chunk] retrieving
[embed] encoding 500 texts on device=cuda:0

Batches:   0%|          | 0/8 [00:00<?, ?it/s]
Batches:  50%|█████     | 4/8 [00:00<00:00, 34.84it/s]
Batches: 100%|██████████| 8/8 [00:00<00:00, 38.71it/s]
[density] retrieving ACE graph
[ace] building evidence graph
[ace] graph built: nodes=28569 edges=45678
[ace] fitting/indexing embeddings
[embed] encoding 25221 texts on device=cuda:0

Batches:   0%|          | 0/395 [00:00<?, ?it/s]
Batches:   0%|          | 1/395 [00:00<01:58,  3.32it/s]
Batches:   1%|          | 2/395 [00:00<01:20,  4.86it/s]
Batches:   1%|          | 3/395 [00:00<01:02,  6.30it/s]
Batches:   1%|▏         | 5/395 [00:00<00:47,  8.15it/s]
Batches:   2%|▏         | 7/395 [00:00<00:41,  9.42it/s]
Batches:   2%|▏         | 9/395 [00:01<00:37, 10.20it/s]
Batches:   3%|▎         | 11/395 [00:01<00:35, 10.96it/s]
Batches:   3%|▎         | 13/395 [00:01<00:32, 11.58it/s]
Batches:   4%|▍         | 15/395 [00:01<00:30, 12.61it/s]
Batches:   4%|▍         | 17/395 [00:01<00:29, 12.82it/s]
Batches:   5%|▍         | 19/395 [00:01<00:28, 13.13it/s]
Batches:   5%|▌         | 21/395 [00:01<00:27, 13.48it/s]
Batches:   6%|▌         | 23/395 [00:02<00:27, 13.76it/s]
Batches:   6%|▋         | 25/395 [00:02<00:26, 14.23it/s]
Batches:   7%|▋         | 27/395 [00:02<00:25, 14.34it/s]
Batches:   7%|▋         | 29/395 [00:02<00:24, 14.90it/s]
Batches:   8%|▊         | 31/395 [00:02<00:23, 15.71it/s]
Batches:   8%|▊         | 33/395 [00:02<00:22, 16.36it/s]
Batches:   9%|▉         | 35/395 [00:02<00:21, 17.05it/s]
Batches:   9%|▉         | 37/395 [00:02<00:20, 17.75it/s]
Batches:  10%|▉         | 39/395 [00:03<00:19, 17.93it/s]
Batches:  11%|█         | 42/395 [00:03<00:18, 18.86it/s]
Batches:  11%|█         | 44/395 [00:03<00:18, 18.98it/s]
Batches:  12%|█▏        | 47/395 [00:03<00:17, 19.56it/s]
Batches:  12%|█▏        | 49/395 [00:03<00:17, 19.51it/s]
Batches:  13%|█▎        | 52/395 [00:03<00:16, 20.24it/s]
Batches:  14%|█▍        | 55/395 [00:03<00:16, 20.52it/s]
Batches:  15%|█▍        | 58/395 [00:03<00:16, 20.72it/s]
Batches:  15%|█▌        | 61/395 [00:04<00:16, 20.44it/s]
Batches:  16%|█▌        | 64/395 [00:04<00:15, 20.89it/s]
Batches:  17%|█▋        | 67/395 [00:04<00:15, 21.23it/s]
Batches:  18%|█▊        | 70/395 [00:04<00:15, 21.62it/s]
Batches:  18%|█▊        | 73/395 [00:04<00:14, 21.89it/s]
Batches:  19%|█▉        | 76/395 [00:04<00:14, 22.55it/s]
Batches:  20%|██        | 79/395 [00:04<00:13, 23.09it/s]
Batches:  21%|██        | 82/395 [00:04<00:13, 23.75it/s]
Batches:  22%|██▏       | 85/395 [00:05<00:13, 23.82it/s]
Batches:  22%|██▏       | 88/395 [00:05<00:12, 24.33it/s]
Batches:  23%|██▎       | 91/395 [00:05<00:12, 24.78it/s]
Batches:  24%|██▍       | 94/395 [00:05<00:11, 25.79it/s]
Batches:  25%|██▍       | 97/395 [00:05<00:11, 26.31it/s]
Batches:  25%|██▌       | 100/395 [00:05<00:11, 25.87it/s]
Batches:  26%|██▌       | 103/395 [00:05<00:11, 25.40it/s]
Batches:  27%|██▋       | 106/395 [00:05<00:11, 26.21it/s]
Batches:  28%|██▊       | 109/395 [00:06<00:10, 27.07it/s]
Batches:  28%|██▊       | 112/395 [00:06<00:10, 27.31it/s]
Batches:  29%|██▉       | 115/395 [00:06<00:09, 28.06it/s]
Batches:  30%|███       | 119/395 [00:06<00:09, 29.11it/s]
Batches:  31%|███       | 123/395 [00:06<00:09, 30.18it/s]
Batches:  32%|███▏      | 127/395 [00:06<00:08, 30.81it/s]
Batches:  33%|███▎      | 131/395 [00:06<00:08, 32.24it/s]
Batches:  34%|███▍      | 135/395 [00:06<00:07, 32.70it/s]
Batches:  35%|███▌      | 139/395 [00:06<00:07, 32.81it/s]
Batches:  36%|███▌      | 143/395 [00:07<00:07, 33.72it/s]
Batches:  37%|███▋      | 147/395 [00:07<00:07, 34.68it/s]
Batches:  38%|███▊      | 151/395 [00:07<00:06, 35.83it/s]
Batches:  39%|███▉      | 156/395 [00:07<00:06, 37.19it/s]
Batches:  41%|████      | 161/395 [00:07<00:05, 39.00it/s]
Batches:  42%|████▏     | 166/395 [00:07<00:05, 41.67it/s]
Batches:  43%|████▎     | 171/395 [00:07<00:05, 43.90it/s]
Batches:  45%|████▍     | 177/395 [00:07<00:04, 46.83it/s]
Batches:  46%|████▋     | 183/395 [00:07<00:04, 50.47it/s]
Batches:  48%|████▊     | 190/395 [00:08<00:03, 54.71it/s]
Batches:  50%|█████     | 198/395 [00:08<00:03, 59.62it/s]
Batches:  52%|█████▏    | 206/395 [00:08<00:02, 64.49it/s]
Batches:  54%|█████▍    | 214/395 [00:08<00:02, 68.55it/s]
Batches:  56%|█████▋    | 223/395 [00:08<00:02, 73.01it/s]
Batches:  59%|█████▊    | 232/395 [00:08<00:02, 76.12it/s]
Batches:  61%|██████    | 241/395 [00:08<00:01, 79.21it/s]
Batches:  63%|██████▎   | 250/395 [00:08<00:01, 80.21it/s]
Batches:  66%|██████▌   | 259/395 [00:08<00:01, 82.78it/s]
Batches:  68%|██████▊   | 269/395 [00:08<00:01, 85.21it/s]
Batches:  70%|███████   | 278/395 [00:09<00:01, 86.19it/s]
Batches:  73%|███████▎  | 288/395 [00:09<00:01, 88.22it/s]
Batches:  75%|███████▌  | 298/395 [00:09<00:01, 91.60it/s]
Batches:  78%|███████▊  | 308/395 [00:09<00:00, 93.83it/s]
Batches:  81%|████████  | 319/395 [00:09<00:00, 95.95it/s]
Batches:  83%|████████▎ | 329/395 [00:09<00:00, 97.09it/s]
Batches:  86%|████████▌ | 339/395 [00:09<00:00, 95.77it/s]
Batches:  88%|████████▊ | 349/395 [00:09<00:00, 96.64it/s]
Batches:  91%|█████████ | 360/395 [00:09<00:00, 98.51it/s]
Batches:  94%|█████████▍| 371/395 [00:10<00:00, 99.80it/s]
Batches:  97%|█████████▋| 382/395 [00:10<00:00, 101.35it/s]
Batches:  99%|█████████▉| 393/395 [00:10<00:00, 101.84it/s]
Batches: 100%|██████████| 395/395 [00:10<00:00, 38.44it/s]
[ace] retrieving
[embed] encoding 500 texts on device=cuda:0

Batches:   0%|          | 0/8 [00:00<?, ?it/s]
Batches:  50%|█████     | 4/8 [00:00<00:00, 34.00it/s]
Batches: 100%|██████████| 8/8 [00:00<00:00, 37.75it/s]
[density] loading reader once
`torch_dtype` is deprecated! Use `dtype` instead!

Loading checkpoint shards:   0%|          | 0/2 [00:00<?, ?it/s]
Loading checkpoint shards:  50%|█████     | 1/2 [00:02<00:02,  2.48s/it]
Loading checkpoint shards: 100%|██████████| 2/2 [00:03<00:00,  1.83s/it]
Loading checkpoint shards: 100%|██████████| 2/2 [00:03<00:00,  1.93s/it]
[reader] loaded Qwen/Qwen2.5-3B-Instruct (device_map=None, 4bit=False) entry=cuda:0
[density] materializing policy=chunk_packed_224
[density] generating policy=chunk_packed_224
The following generation flags are not valid and may be ignored: ['temperature', 'top_p', 'top_k']. Set `TRANSFORMERS_VERBOSITY=info` for more details.
[reader] generated 2/500
[reader] generated 4/500
[reader] generated 6/500
[reader] generated 8/500
[reader] generated 10/500
[reader] generated 12/500
[reader] generated 14/500
[reader] generated 16/500
[reader] generated 18/500
[reader] generated 20/500
[reader] generated 22/500
[reader] generated 24/500
[reader] generated 26/500
[reader] generated 28/500
[reader] generated 30/500
[reader] generated 32/500
[reader] generated 34/500
[reader] generated 36/500
[reader] generated 38/500
[reader] generated 40/500
[reader] generated 42/500
[reader] generated 44/500
[reader] generated 46/500
[reader] generated 48/500
[reader] generated 50/500
[reader] generated 52/500
[reader] generated 54/500
[reader] generated 56/500
[reader] generated 58/500
[reader] generated 60/500
[reader] generated 62/500
[reader] generated 64/500
[reader] generated 66/500
[reader] generated 68/500
[reader] generated 70/500
[reader] generated 72/500
[reader] generated 74/500
[reader] generated 76/500
[reader] generated 78/500
[reader] generated 80/500
[reader] generated 82/500
[reader] generated 84/500
[reader] generated 86/500
[reader] generated 88/500
[reader] generated 90/500
[reader] generated 92/500
[reader] generated 94/500
[reader] generated 96/500
[reader] generated 98/500
[reader] generated 100/500
[reader] generated 102/500
[reader] generated 104/500
[reader] generated 106/500
[reader] generated 108/500
[reader] generated 110/500
[reader] generated 112/500
[reader] generated 114/500
[reader] generated 116/500
[reader] generated 118/500
[reader] generated 120/500
[reader] generated 122/500
[reader] generated 124/500
[reader] generated 126/500
[reader] generated 128/500
[reader] generated 130/500
[reader] generated 132/500
[reader] generated 134/500
[reader] generated 136/500
[reader] generated 138/500
[reader] generated 140/500
[reader] generated 142/500
[reader] generated 144/500
[reader] generated 146/500
[reader] generated 148/500
[reader] generated 150/500
[reader] generated 152/500
[reader] generated 154/500
[reader] generated 156/500
[reader] generated 158/500
[reader] generated 160/500
[reader] generated 162/500
[reader] generated 164/500
[reader] generated 166/500
[reader] generated 168/500
[reader] generated 170/500
[reader] generated 172/500
[reader] generated 174/500
[reader] generated 176/500
[reader] generated 178/500
[reader] generated 180/500
[reader] generated 182/500
[reader] generated 184/500
[reader] generated 186/500
[reader] generated 188/500
[reader] generated 190/500
[reader] generated 192/500
[reader] generated 194/500
[reader] generated 196/500
[reader] generated 198/500
[reader] generated 200/500
[reader] generated 202/500
[reader] generated 204/500
[reader] generated 206/500
[reader] generated 208/500
[reader] generated 210/500
[reader] generated 212/500
[reader] generated 214/500
[reader] generated 216/500
[reader] generated 218/500
[reader] generated 220/500
[reader] generated 222/500
[reader] generated 224/500
[reader] generated 226/500
[reader] generated 228/500
[reader] generated 230/500
[reader] generated 232/500
[reader] generated 234/500
[reader] generated 236/500
[reader] generated 238/500
[reader] generated 240/500
[reader] generated 242/500
[reader] generated 244/500
[reader] generated 246/500
[reader] generated 248/500
[reader] generated 250/500
[reader] generated 252/500
[reader] generated 254/500
[reader] generated 256/500
[reader] generated 258/500
[reader] generated 260/500
[reader] generated 262/500
[reader] generated 264/500
[reader] generated 266/500
[reader] generated 268/500
[reader] generated 270/500
[reader] generated 272/500
[reader] generated 274/500
[reader] generated 276/500
[reader] generated 278/500
[reader] generated 280/500
[reader] generated 282/500
[reader] generated 284/500
[reader] generated 286/500
[reader] generated 288/500
[reader] generated 290/500
[reader] generated 292/500
[reader] generated 294/500
[reader] generated 296/500
[reader] generated 298/500
[reader] generated 300/500
[reader] generated 302/500
[reader] generated 304/500
[reader] generated 306/500
[reader] generated 308/500
[reader] generated 310/500
[reader] generated 312/500
[reader] generated 314/500
[reader] generated 316/500
[reader] generated 318/500
[reader] generated 320/500
[reader] generated 322/500
[reader] generated 324/500
[reader] generated 326/500
[reader] generated 328/500
[reader] generated 330/500
[reader] generated 332/500
[reader] generated 334/500
[reader] generated 336/500
[reader] generated 338/500
[reader] generated 340/500
[reader] generated 342/500
[reader] generated 344/500
[reader] generated 346/500
[reader] generated 348/500
[reader] generated 350/500
[reader] generated 352/500
[reader] generated 354/500
[reader] generated 356/500
[reader] generated 358/500
[reader] generated 360/500
[reader] generated 362/500
[reader] generated 364/500
[reader] generated 366/500
[reader] generated 368/500
[reader] generated 370/500
[reader] generated 372/500
[reader] generated 374/500
[reader] generated 376/500
[reader] generated 378/500
[reader] generated 380/500
[reader] generated 382/500
[reader] generated 384/500
[reader] generated 386/500
[reader] generated 388/500
[reader] generated 390/500
[reader] generated 392/500
[reader] generated 394/500
[reader] generated 396/500
[reader] generated 398/500
[reader] generated 400/500
[reader] generated 402/500
[reader] generated 404/500
[reader] generated 406/500
[reader] generated 408/500
[reader] generated 410/500
[reader] generated 412/500
[reader] generated 414/500
[reader] generated 416/500
[reader] generated 418/500
[reader] generated 420/500
[reader] generated 422/500
[reader] generated 424/500
[reader] generated 426/500
[reader] generated 428/500
[reader] generated 430/500
[reader] generated 432/500
[reader] generated 434/500
[reader] generated 436/500
[reader] generated 438/500
[reader] generated 440/500
[reader] generated 442/500
[reader] generated 444/500
[reader] generated 446/500
[reader] generated 448/500
[reader] generated 450/500
[reader] generated 452/500
[reader] generated 454/500
[reader] generated 456/500
[reader] generated 458/500
[reader] generated 460/500
[reader] generated 462/500
[reader] generated 464/500
[reader] generated 466/500
[reader] generated 468/500
[reader] generated 470/500
[reader] generated 472/500
[reader] generated 474/500
[reader] generated 476/500
[reader] generated 478/500
[reader] generated 480/500
[reader] generated 482/500
[reader] generated 484/500
[reader] generated 486/500
[reader] generated 488/500
[reader] generated 490/500
[reader] generated 492/500
[reader] generated 494/500
[reader] generated 496/500
[reader] generated 498/500
[reader] generated 500/500
[density] policy=chunk_packed_224, router_type=fixed, representation=chunk, packer=packed, reader_model=Qwen/Qwen2.5-3B-Instruct, packed_token_budget=224, recall@1=0.4195, all_gold@1=0.0, recall@2=0.6175, all_gold@2=0.274, recall@5=0.701, all_gold@5=0.402, qwen_em=0.244, qwen_f1=0.269, avg_reader_evidence_tokens=213.73, mean_ans_in_context=0.428, mean_ans_in_context_soft=0.4976, mean_gold_token_density=0.3397, mean_gold_doc_reader_cov=0.6735, mean_all_gold_reader=0.362, mean_distractor_docs=3.118, mean_context_tokens=213.726, mean_n_snippets=5.258
[density] materializing policy=chunk_focused_224
[density] generating policy=chunk_focused_224
[reader] generated 2/500
[reader] generated 4/500
[reader] generated 6/500
[reader] generated 8/500
[reader] generated 10/500
[reader] generated 12/500
[reader] generated 14/500
[reader] generated 16/500
[reader] generated 18/500
[reader] generated 20/500
[reader] generated 22/500
[reader] generated 24/500
[reader] generated 26/500
[reader] generated 28/500
[reader] generated 30/500
[reader] generated 32/500
[reader] generated 34/500
[reader] generated 36/500
[reader] generated 38/500
[reader] generated 40/500
[reader] generated 42/500
[reader] generated 44/500
[reader] generated 46/500
[reader] generated 48/500
[reader] generated 50/500
[reader] generated 52/500
[reader] generated 54/500
[reader] generated 56/500
[reader] generated 58/500
[reader] generated 60/500
[reader] generated 62/500
[reader] generated 64/500
[reader] generated 66/500
[reader] generated 68/500
[reader] generated 70/500
[reader] generated 72/500
[reader] generated 74/500
[reader] generated 76/500
[reader] generated 78/500
[reader] generated 80/500
[reader] generated 82/500
[reader] generated 84/500
[reader] generated 86/500
[reader] generated 88/500
[reader] generated 90/500
[reader] generated 92/500
[reader] generated 94/500
[reader] generated 96/500
[reader] generated 98/500
[reader] generated 100/500
[reader] generated 102/500
[reader] generated 104/500
[reader] generated 106/500
[reader] generated 108/500
[reader] generated 110/500
[reader] generated 112/500
[reader] generated 114/500
[reader] generated 116/500
[reader] generated 118/500
[reader] generated 120/500
[reader] generated 122/500
[reader] generated 124/500
[reader] generated 126/500
[reader] generated 128/500
[reader] generated 130/500
[reader] generated 132/500
[reader] generated 134/500
[reader] generated 136/500
[reader] generated 138/500
[reader] generated 140/500
[reader] generated 142/500
[reader] generated 144/500
[reader] generated 146/500
[reader] generated 148/500
[reader] generated 150/500
[reader] generated 152/500
[reader] generated 154/500
[reader] generated 156/500
[reader] generated 158/500
[reader] generated 160/500
[reader] generated 162/500
[reader] generated 164/500
[reader] generated 166/500
[reader] generated 168/500
[reader] generated 170/500
[reader] generated 172/500
[reader] generated 174/500
[reader] generated 176/500
[reader] generated 178/500
[reader] generated 180/500
[reader] generated 182/500
[reader] generated 184/500
[reader] generated 186/500
[reader] generated 188/500
[reader] generated 190/500
[reader] generated 192/500
[reader] generated 194/500
[reader] generated 196/500
[reader] generated 198/500
[reader] generated 200/500
[reader] generated 202/500
[reader] generated 204/500
[reader] generated 206/500
[reader] generated 208/500
[reader] generated 210/500
[reader] generated 212/500
[reader] generated 214/500
[reader] generated 216/500
[reader] generated 218/500
[reader] generated 220/500
[reader] generated 222/500
[reader] generated 224/500
[reader] generated 226/500
[reader] generated 228/500
[reader] generated 230/500
[reader] generated 232/500
[reader] generated 234/500
[reader] generated 236/500
[reader] generated 238/500
[reader] generated 240/500
[reader] generated 242/500
[reader] generated 244/500
[reader] generated 246/500
[reader] generated 248/500
[reader] generated 250/500
[reader] generated 252/500
[reader] generated 254/500
[reader] generated 256/500
[reader] generated 258/500
[reader] generated 260/500
[reader] generated 262/500
[reader] generated 264/500
[reader] generated 266/500
[reader] generated 268/500
[reader] generated 270/500
[reader] generated 272/500
[reader] generated 274/500
[reader] generated 276/500
[reader] generated 278/500
[reader] generated 280/500
[reader] generated 282/500
[reader] generated 284/500
[reader] generated 286/500
[reader] generated 288/500
[reader] generated 290/500
[reader] generated 292/500
[reader] generated 294/500
[reader] generated 296/500
[reader] generated 298/500
[reader] generated 300/500
[reader] generated 302/500
[reader] generated 304/500
[reader] generated 306/500
[reader] generated 308/500
[reader] generated 310/500
[reader] generated 312/500
[reader] generated 314/500
[reader] generated 316/500
[reader] generated 318/500
[reader] generated 320/500
[reader] generated 322/500
[reader] generated 324/500
[reader] generated 326/500
[reader] generated 328/500
[reader] generated 330/500
[reader] generated 332/500
[reader] generated 334/500
[reader] generated 336/500
[reader] generated 338/500
[reader] generated 340/500
[reader] generated 342/500
[reader] generated 344/500
[reader] generated 346/500
[reader] generated 348/500
[reader] generated 350/500
[reader] generated 352/500
[reader] generated 354/500
[reader] generated 356/500
[reader] generated 358/500
[reader] generated 360/500
[reader] generated 362/500
[reader] generated 364/500
[reader] generated 366/500
[reader] generated 368/500
[reader] generated 370/500
[reader] generated 372/500
[reader] generated 374/500
[reader] generated 376/500
[reader] generated 378/500
[reader] generated 380/500
[reader] generated 382/500
[reader] generated 384/500
[reader] generated 386/500
[reader] generated 388/500
[reader] generated 390/500
[reader] generated 392/500
[reader] generated 394/500
[reader] generated 396/500
[reader] generated 398/500
[reader] generated 400/500
[reader] generated 402/500
[reader] generated 404/500
[reader] generated 406/500
[reader] generated 408/500
[reader] generated 410/500
[reader] generated 412/500
[reader] generated 414/500
[reader] generated 416/500
[reader] generated 418/500
[reader] generated 420/500
[reader] generated 422/500
[reader] generated 424/500
[reader] generated 426/500
[reader] generated 428/500
[reader] generated 430/500
[reader] generated 432/500
[reader] generated 434/500
[reader] generated 436/500
[reader] generated 438/500
[reader] generated 440/500
[reader] generated 442/500
[reader] generated 444/500
[reader] generated 446/500
[reader] generated 448/500
[reader] generated 450/500
[reader] generated 452/500
[reader] generated 454/500
[reader] generated 456/500
[reader] generated 458/500
[reader] generated 460/500
[reader] generated 462/500
[reader] generated 464/500
[reader] generated 466/500
[reader] generated 468/500
[reader] generated 470/500
[reader] generated 472/500
[reader] generated 474/500
[reader] generated 476/500
[reader] generated 478/500
[reader] generated 480/500
[reader] generated 482/500
[reader] generated 484/500
[reader] generated 486/500
[reader] generated 488/500
[reader] generated 490/500
[reader] generated 492/500
[reader] generated 494/500
[reader] generated 496/500
[reader] generated 498/500
[reader] generated 500/500
[density] policy=chunk_focused_224, router_type=fixed, representation=chunk, packer=focused, reader_model=Qwen/Qwen2.5-3B-Instruct, packed_token_budget=224, recall@1=0.4195, all_gold@1=0.0, recall@2=0.6175, all_gold@2=0.274, recall@5=0.701, all_gold@5=0.402, qwen_em=0.242, qwen_f1=0.2712, avg_reader_evidence_tokens=213.8, mean_ans_in_context=0.422, mean_ans_in_context_soft=0.4976, mean_gold_token_density=0.4068, mean_gold_doc_reader_cov=0.6465, mean_all_gold_reader=0.316, mean_distractor_docs=2.682, mean_context_tokens=213.796, mean_n_snippets=4.984
[density] materializing policy=chunk_mmr_224
[density] generating policy=chunk_mmr_224
[reader] generated 2/500
[reader] generated 4/500
[reader] generated 6/500
[reader] generated 8/500
[reader] generated 10/500
[reader] generated 12/500
[reader] generated 14/500
[reader] generated 16/500
[reader] generated 18/500
[reader] generated 20/500
[reader] generated 22/500
[reader] generated 24/500
[reader] generated 26/500
[reader] generated 28/500
[reader] generated 30/500
[reader] generated 32/500
[reader] generated 34/500
[reader] generated 36/500
[reader] generated 38/500
[reader] generated 40/500
[reader] generated 42/500
[reader] generated 44/500
[reader] generated 46/500
[reader] generated 48/500
[reader] generated 50/500
[reader] generated 52/500
[reader] generated 54/500
[reader] generated 56/500
[reader] generated 58/500
[reader] generated 60/500
[reader] generated 62/500
[reader] generated 64/500
[reader] generated 66/500
[reader] generated 68/500
[reader] generated 70/500
[reader] generated 72/500
[reader] generated 74/500
[reader] generated 76/500
[reader] generated 78/500
[reader] generated 80/500
[reader] generated 82/500
[reader] generated 84/500
[reader] generated 86/500
[reader] generated 88/500
[reader] generated 90/500
[reader] generated 92/500
[reader] generated 94/500
[reader] generated 96/500
[reader] generated 98/500
[reader] generated 100/500
[reader] generated 102/500
[reader] generated 104/500
[reader] generated 106/500
[reader] generated 108/500
[reader] generated 110/500
[reader] generated 112/500
[reader] generated 114/500
[reader] generated 116/500
[reader] generated 118/500
[reader] generated 120/500
[reader] generated 122/500
[reader] generated 124/500
[reader] generated 126/500
[reader] generated 128/500
[reader] generated 130/500
[reader] generated 132/500
[reader] generated 134/500
[reader] generated 136/500
[reader] generated 138/500
[reader] generated 140/500
[reader] generated 142/500
[reader] generated 144/500
[reader] generated 146/500
[reader] generated 148/500
[reader] generated 150/500
[reader] generated 152/500
[reader] generated 154/500
[reader] generated 156/500
[reader] generated 158/500
[reader] generated 160/500
[reader] generated 162/500
[reader] generated 164/500
[reader] generated 166/500
[reader] generated 168/500
[reader] generated 170/500
[reader] generated 172/500
[reader] generated 174/500
[reader] generated 176/500
[reader] generated 178/500
[reader] generated 180/500
[reader] generated 182/500
[reader] generated 184/500
[reader] generated 186/500
[reader] generated 188/500
[reader] generated 190/500
[reader] generated 192/500
[reader] generated 194/500
[reader] generated 196/500
[reader] generated 198/500
[reader] generated 200/500
[reader] generated 202/500
[reader] generated 204/500
[reader] generated 206/500
[reader] generated 208/500
[reader] generated 210/500
[reader] generated 212/500
[reader] generated 214/500
[reader] generated 216/500
[reader] generated 218/500
[reader] generated 220/500
[reader] generated 222/500
[reader] generated 224/500
[reader] generated 226/500
[reader] generated 228/500
[reader] generated 230/500
[reader] generated 232/500
[reader] generated 234/500
[reader] generated 236/500
[reader] generated 238/500
[reader] generated 240/500
[reader] generated 242/500
[reader] generated 244/500
[reader] generated 246/500
[reader] generated 248/500
[reader] generated 250/500
[reader] generated 252/500
[reader] generated 254/500
[reader] generated 256/500
[reader] generated 258/500
[reader] generated 260/500
[reader] generated 262/500
[reader] generated 264/500
[reader] generated 266/500
[reader] generated 268/500
[reader] generated 270/500
[reader] generated 272/500
[reader] generated 274/500
[reader] generated 276/500
[reader] generated 278/500
[reader] generated 280/500
[reader] generated 282/500
[reader] generated 284/500
[reader] generated 286/500
[reader] generated 288/500
[reader] generated 290/500
[reader] generated 292/500
[reader] generated 294/500
[reader] generated 296/500
[reader] generated 298/500
[reader] generated 300/500
[reader] generated 302/500
[reader] generated 304/500
[reader] generated 306/500
[reader] generated 308/500
[reader] generated 310/500
[reader] generated 312/500
[reader] generated 314/500
[reader] generated 316/500
[reader] generated 318/500
[reader] generated 320/500
[reader] generated 322/500
[reader] generated 324/500
[reader] generated 326/500
[reader] generated 328/500
[reader] generated 330/500
[reader] generated 332/500
[reader] generated 334/500
[reader] generated 336/500
[reader] generated 338/500
[reader] generated 340/500
[reader] generated 342/500
[reader] generated 344/500
[reader] generated 346/500
[reader] generated 348/500
[reader] generated 350/500
[reader] generated 352/500
[reader] generated 354/500
[reader] generated 356/500
[reader] generated 358/500
[reader] generated 360/500
[reader] generated 362/500
[reader] generated 364/500
[reader] generated 366/500
[reader] generated 368/500
[reader] generated 370/500
[reader] generated 372/500
[reader] generated 374/500
[reader] generated 376/500
[reader] generated 378/500
[reader] generated 380/500
[reader] generated 382/500
[reader] generated 384/500
[reader] generated 386/500
[reader] generated 388/500
[reader] generated 390/500
[reader] generated 392/500
[reader] generated 394/500
[reader] generated 396/500
[reader] generated 398/500
[reader] generated 400/500
[reader] generated 402/500
[reader] generated 404/500
[reader] generated 406/500
[reader] generated 408/500
[reader] generated 410/500
[reader] generated 412/500
[reader] generated 414/500
[reader] generated 416/500
[reader] generated 418/500
[reader] generated 420/500
[reader] generated 422/500
[reader] generated 424/500
[reader] generated 426/500
[reader] generated 428/500
[reader] generated 430/500
[reader] generated 432/500
[reader] generated 434/500
[reader] generated 436/500
[reader] generated 438/500
[reader] generated 440/500
[reader] generated 442/500
[reader] generated 444/500
[reader] generated 446/500
[reader] generated 448/500
[reader] generated 450/500
[reader] generated 452/500
[reader] generated 454/500
[reader] generated 456/500
[reader] generated 458/500
[reader] generated 460/500
[reader] generated 462/500
[reader] generated 464/500
[reader] generated 466/500
[reader] generated 468/500
[reader] generated 470/500
[reader] generated 472/500
[reader] generated 474/500
[reader] generated 476/500
[reader] generated 478/500
[reader] generated 480/500
[reader] generated 482/500
[reader] generated 484/500
[reader] generated 486/500
[reader] generated 488/500
[reader] generated 490/500
[reader] generated 492/500
[reader] generated 494/500
[reader] generated 496/500
[reader] generated 498/500
[reader] generated 500/500
[density] policy=chunk_mmr_224, router_type=fixed, representation=chunk, packer=mmr, reader_model=Qwen/Qwen2.5-3B-Instruct, packed_token_budget=224, recall@1=0.4195, all_gold@1=0.0, recall@2=0.6175, all_gold@2=0.274, recall@5=0.701, all_gold@5=0.402, qwen_em=0.242, qwen_f1=0.2661, avg_reader_evidence_tokens=213.41, mean_ans_in_context=0.404, mean_ans_in_context_soft=0.4781, mean_gold_token_density=0.4223, mean_gold_doc_reader_cov=0.6145, mean_all_gold_reader=0.272, mean_distractor_docs=2.56, mean_context_tokens=213.414, mean_n_snippets=5.114
[density] materializing policy=chunk_submod_224
[density] generating policy=chunk_submod_224
[reader] generated 2/500
[reader] generated 4/500
[reader] generated 6/500
[reader] generated 8/500
[reader] generated 10/500
[reader] generated 12/500
[reader] generated 14/500
[reader] generated 16/500
[reader] generated 18/500
[reader] generated 20/500
[reader] generated 22/500
[reader] generated 24/500
[reader] generated 26/500
[reader] generated 28/500
[reader] generated 30/500
[reader] generated 32/500
[reader] generated 34/500
[reader] generated 36/500
[reader] generated 38/500
[reader] generated 40/500
[reader] generated 42/500
[reader] generated 44/500
[reader] generated 46/500
[reader] generated 48/500
[reader] generated 50/500
[reader] generated 52/500
[reader] generated 54/500
[reader] generated 56/500
[reader] generated 58/500
[reader] generated 60/500
[reader] generated 62/500
[reader] generated 64/500
[reader] generated 66/500
[reader] generated 68/500
[reader] generated 70/500
[reader] generated 72/500
[reader] generated 74/500
[reader] generated 76/500
[reader] generated 78/500
[reader] generated 80/500
[reader] generated 82/500
[reader] generated 84/500
[reader] generated 86/500
[reader] generated 88/500
[reader] generated 90/500
[reader] generated 92/500
[reader] generated 94/500
[reader] generated 96/500
[reader] generated 98/500
[reader] generated 100/500
[reader] generated 102/500
[reader] generated 104/500
[reader] generated 106/500
[reader] generated 108/500
[reader] generated 110/500
[reader] generated 112/500
[reader] generated 114/500
[reader] generated 116/500
[reader] generated 118/500
[reader] generated 120/500
[reader] generated 122/500
[reader] generated 124/500
[reader] generated 126/500
[reader] generated 128/500
[reader] generated 130/500
[reader] generated 132/500
[reader] generated 134/500
[reader] generated 136/500
[reader] generated 138/500
[reader] generated 140/500
[reader] generated 142/500
[reader] generated 144/500
[reader] generated 146/500
[reader] generated 148/500
[reader] generated 150/500
[reader] generated 152/500
[reader] generated 154/500
[reader] generated 156/500
[reader] generated 158/500
[reader] generated 160/500
[reader] generated 162/500
[reader] generated 164/500
[reader] generated 166/500
[reader] generated 168/500
[reader] generated 170/500
[reader] generated 172/500
[reader] generated 174/500
[reader] generated 176/500
[reader] generated 178/500
[reader] generated 180/500
[reader] generated 182/500
[reader] generated 184/500
[reader] generated 186/500
[reader] generated 188/500
[reader] generated 190/500
[reader] generated 192/500
[reader] generated 194/500
[reader] generated 196/500
[reader] generated 198/500
[reader] generated 200/500
[reader] generated 202/500
[reader] generated 204/500
[reader] generated 206/500
[reader] generated 208/500
[reader] generated 210/500
[reader] generated 212/500
[reader] generated 214/500
[reader] generated 216/500
[reader] generated 218/500
[reader] generated 220/500
[reader] generated 222/500
[reader] generated 224/500
[reader] generated 226/500
[reader] generated 228/500
[reader] generated 230/500
[reader] generated 232/500
[reader] generated 234/500
[reader] generated 236/500
[reader] generated 238/500
[reader] generated 240/500
[reader] generated 242/500
[reader] generated 244/500
[reader] generated 246/500
[reader] generated 248/500
[reader] generated 250/500
[reader] generated 252/500
[reader] generated 254/500
[reader] generated 256/500
[reader] generated 258/500
[reader] generated 260/500
[reader] generated 262/500
[reader] generated 264/500
[reader] generated 266/500
[reader] generated 268/500
[reader] generated 270/500
[reader] generated 272/500
[reader] generated 274/500
[reader] generated 276/500
[reader] generated 278/500
[reader] generated 280/500
[reader] generated 282/500
[reader] generated 284/500
[reader] generated 286/500
[reader] generated 288/500
[reader] generated 290/500
[reader] generated 292/500
[reader] generated 294/500
[reader] generated 296/500
[reader] generated 298/500
[reader] generated 300/500
[reader] generated 302/500
[reader] generated 304/500
[reader] generated 306/500
[reader] generated 308/500
[reader] generated 310/500
[reader] generated 312/500
[reader] generated 314/500
[reader] generated 316/500
[reader] generated 318/500
[reader] generated 320/500
[reader] generated 322/500
[reader] generated 324/500
[reader] generated 326/500
[reader] generated 328/500
[reader] generated 330/500
[reader] generated 332/500
[reader] generated 334/500
[reader] generated 336/500
[reader] generated 338/500
[reader] generated 340/500
[reader] generated 342/500
[reader] generated 344/500
[reader] generated 346/500
[reader] generated 348/500
[reader] generated 350/500
[reader] generated 352/500
[reader] generated 354/500
[reader] generated 356/500
[reader] generated 358/500
[reader] generated 360/500
[reader] generated 362/500
[reader] generated 364/500
[reader] generated 366/500
[reader] generated 368/500
[reader] generated 370/500
[reader] generated 372/500
[reader] generated 374/500
[reader] generated 376/500
[reader] generated 378/500
[reader] generated 380/500
[reader] generated 382/500
[reader] generated 384/500
[reader] generated 386/500
[reader] generated 388/500
[reader] generated 390/500
[reader] generated 392/500
[reader] generated 394/500
[reader] generated 396/500
[reader] generated 398/500
[reader] generated 400/500
[reader] generated 402/500
[reader] generated 404/500
[reader] generated 406/500
[reader] generated 408/500
[reader] generated 410/500
[reader] generated 412/500
[reader] generated 414/500
[reader] generated 416/500
[reader] generated 418/500
[reader] generated 420/500
[reader] generated 422/500
[reader] generated 424/500
[reader] generated 426/500
[reader] generated 428/500
[reader] generated 430/500
[reader] generated 432/500
[reader] generated 434/500
[reader] generated 436/500
[reader] generated 438/500
[reader] generated 440/500
[reader] generated 442/500
[reader] generated 444/500
[reader] generated 446/500
[reader] generated 448/500
[reader] generated 450/500
[reader] generated 452/500
[reader] generated 454/500
[reader] generated 456/500
[reader] generated 458/500
[reader] generated 460/500
[reader] generated 462/500
[reader] generated 464/500
[reader] generated 466/500
[reader] generated 468/500
[reader] generated 470/500
[reader] generated 472/500
[reader] generated 474/500
[reader] generated 476/500
[reader] generated 478/500
[reader] generated 480/500
[reader] generated 482/500
[reader] generated 484/500
[reader] generated 486/500
[reader] generated 488/500
[reader] generated 490/500
[reader] generated 492/500
[reader] generated 494/500
[reader] generated 496/500
[reader] generated 498/500
[reader] generated 500/500
[density] policy=chunk_submod_224, router_type=fixed, representation=chunk, packer=submod, reader_model=Qwen/Qwen2.5-3B-Instruct, packed_token_budget=224, recall@1=0.4195, all_gold@1=0.0, recall@2=0.6175, all_gold@2=0.274, recall@5=0.701, all_gold@5=0.402, qwen_em=0.246, qwen_f1=0.2726, avg_reader_evidence_tokens=204.07, mean_ans_in_context=0.404, mean_ans_in_context_soft=0.4932, mean_gold_token_density=0.3934, mean_gold_doc_reader_cov=0.682, mean_all_gold_reader=0.372, mean_distractor_docs=3.068, mean_context_tokens=204.07, mean_n_snippets=6.464
[density] materializing policy=ace_focused_224
[density] generating policy=ace_focused_224
[reader] generated 2/500
[reader] generated 4/500
[reader] generated 6/500
[reader] generated 8/500
[reader] generated 10/500
[reader] generated 12/500
[reader] generated 14/500
[reader] generated 16/500
[reader] generated 18/500
[reader] generated 20/500
[reader] generated 22/500
[reader] generated 24/500
[reader] generated 26/500
[reader] generated 28/500
[reader] generated 30/500
[reader] generated 32/500
[reader] generated 34/500
[reader] generated 36/500
[reader] generated 38/500
[reader] generated 40/500
[reader] generated 42/500
[reader] generated 44/500
[reader] generated 46/500
[reader] generated 48/500
[reader] generated 50/500
[reader] generated 52/500
[reader] generated 54/500
[reader] generated 56/500
[reader] generated 58/500
[reader] generated 60/500
[reader] generated 62/500
[reader] generated 64/500
[reader] generated 66/500
[reader] generated 68/500
[reader] generated 70/500
[reader] generated 72/500
[reader] generated 74/500
[reader] generated 76/500
[reader] generated 78/500
[reader] generated 80/500
[reader] generated 82/500
[reader] generated 84/500
[reader] generated 86/500
[reader] generated 88/500
[reader] generated 90/500
[reader] generated 92/500
[reader] generated 94/500
[reader] generated 96/500
[reader] generated 98/500
[reader] generated 100/500
[reader] generated 102/500
[reader] generated 104/500
[reader] generated 106/500
[reader] generated 108/500
[reader] generated 110/500
[reader] generated 112/500
[reader] generated 114/500
[reader] generated 116/500
[reader] generated 118/500
[reader] generated 120/500
[reader] generated 122/500
[reader] generated 124/500
[reader] generated 126/500
[reader] generated 128/500
[reader] generated 130/500
[reader] generated 132/500
[reader] generated 134/500
[reader] generated 136/500
[reader] generated 138/500
[reader] generated 140/500
[reader] generated 142/500
[reader] generated 144/500
[reader] generated 146/500
[reader] generated 148/500
[reader] generated 150/500
[reader] generated 152/500
[reader] generated 154/500
[reader] generated 156/500
[reader] generated 158/500
[reader] generated 160/500
[reader] generated 162/500
[reader] generated 164/500
[reader] generated 166/500
[reader] generated 168/500
[reader] generated 170/500
[reader] generated 172/500
[reader] generated 174/500
[reader] generated 176/500
[reader] generated 178/500
[reader] generated 180/500
[reader] generated 182/500
[reader] generated 184/500
[reader] generated 186/500
[reader] generated 188/500
[reader] generated 190/500
[reader] generated 192/500
[reader] generated 194/500
[reader] generated 196/500
[reader] generated 198/500
[reader] generated 200/500
[reader] generated 202/500
[reader] generated 204/500
[reader] generated 206/500
[reader] generated 208/500
[reader] generated 210/500
[reader] generated 212/500
[reader] generated 214/500
[reader] generated 216/500
[reader] generated 218/500
[reader] generated 220/500
[reader] generated 222/500
[reader] generated 224/500
[reader] generated 226/500
[reader] generated 228/500
[reader] generated 230/500
[reader] generated 232/500
[reader] generated 234/500
[reader] generated 236/500
[reader] generated 238/500
[reader] generated 240/500
[reader] generated 242/500
[reader] generated 244/500
[reader] generated 246/500
[reader] generated 248/500
[reader] generated 250/500
[reader] generated 252/500
[reader] generated 254/500
[reader] generated 256/500
[reader] generated 258/500
[reader] generated 260/500
[reader] generated 262/500
[reader] generated 264/500
[reader] generated 266/500
[reader] generated 268/500
[reader] generated 270/500
[reader] generated 272/500
[reader] generated 274/500
[reader] generated 276/500
[reader] generated 278/500
[reader] generated 280/500
[reader] generated 282/500
[reader] generated 284/500
[reader] generated 286/500
[reader] generated 288/500
[reader] generated 290/500
[reader] generated 292/500
[reader] generated 294/500
[reader] generated 296/500
[reader] generated 298/500
[reader] generated 300/500
[reader] generated 302/500
[reader] generated 304/500
[reader] generated 306/500
[reader] generated 308/500
[reader] generated 310/500
[reader] generated 312/500
[reader] generated 314/500
[reader] generated 316/500
[reader] generated 318/500
[reader] generated 320/500
[reader] generated 322/500
[reader] generated 324/500
[reader] generated 326/500
[reader] generated 328/500
[reader] generated 330/500
[reader] generated 332/500
[reader] generated 334/500
[reader] generated 336/500
[reader] generated 338/500
[reader] generated 340/500
[reader] generated 342/500
[reader] generated 344/500
[reader] generated 346/500
[reader] generated 348/500
[reader] generated 350/500
[reader] generated 352/500
[reader] generated 354/500
[reader] generated 356/500
[reader] generated 358/500
[reader] generated 360/500
[reader] generated 362/500
[reader] generated 364/500
[reader] generated 366/500
[reader] generated 368/500
[reader] generated 370/500
[reader] generated 372/500
[reader] generated 374/500
[reader] generated 376/500
[reader] generated 378/500
[reader] generated 380/500
[reader] generated 382/500
[reader] generated 384/500
[reader] generated 386/500
[reader] generated 388/500
[reader] generated 390/500
[reader] generated 392/500
[reader] generated 394/500
[reader] generated 396/500
[reader] generated 398/500
[reader] generated 400/500
[reader] generated 402/500
[reader] generated 404/500
[reader] generated 406/500
[reader] generated 408/500
[reader] generated 410/500
[reader] generated 412/500
[reader] generated 414/500
[reader] generated 416/500
[reader] generated 418/500
[reader] generated 420/500
[reader] generated 422/500
[reader] generated 424/500
[reader] generated 426/500
[reader] generated 428/500
[reader] generated 430/500
[reader] generated 432/500
[reader] generated 434/500
[reader] generated 436/500
[reader] generated 438/500
[reader] generated 440/500
[reader] generated 442/500
[reader] generated 444/500
[reader] generated 446/500
[reader] generated 448/500
[reader] generated 450/500
[reader] generated 452/500
[reader] generated 454/500
[reader] generated 456/500
[reader] generated 458/500
[reader] generated 460/500
[reader] generated 462/500
[reader] generated 464/500
[reader] generated 466/500
[reader] generated 468/500
[reader] generated 470/500
[reader] generated 472/500
[reader] generated 474/500
[reader] generated 476/500
[reader] generated 478/500
[reader] generated 480/500
[reader] generated 482/500
[reader] generated 484/500
[reader] generated 486/500
[reader] generated 488/500
[reader] generated 490/500
[reader] generated 492/500
[reader] generated 494/500
[reader] generated 496/500
[reader] generated 498/500
[reader] generated 500/500
[density] policy=ace_focused_224, router_type=fixed, representation=ace, packer=focused, reader_model=Qwen/Qwen2.5-3B-Instruct, packed_token_budget=224, recall@1=0.3965, all_gold@1=0.0, recall@2=0.589, all_gold@2=0.248, recall@5=0.6885, all_gold@5=0.384, qwen_em=0.254, qwen_f1=0.2813, avg_reader_evidence_tokens=211.33, mean_ans_in_context=0.45, mean_ans_in_context_soft=0.5199, mean_gold_token_density=0.3838, mean_gold_doc_reader_cov=0.678, mean_all_gold_reader=0.372, mean_distractor_docs=3.052, mean_context_tokens=211.328, mean_n_snippets=5.812
[density] materializing policy=ace_mmr_224
[density] generating policy=ace_mmr_224
[reader] generated 2/500
[reader] generated 4/500
[reader] generated 6/500
[reader] generated 8/500
[reader] generated 10/500
[reader] generated 12/500
[reader] generated 14/500
[reader] generated 16/500
[reader] generated 18/500
[reader] generated 20/500
[reader] generated 22/500
[reader] generated 24/500
[reader] generated 26/500
[reader] generated 28/500
[reader] generated 30/500
[reader] generated 32/500
[reader] generated 34/500
[reader] generated 36/500
[reader] generated 38/500
[reader] generated 40/500
[reader] generated 42/500
[reader] generated 44/500
[reader] generated 46/500
[reader] generated 48/500
[reader] generated 50/500
[reader] generated 52/500
[reader] generated 54/500
[reader] generated 56/500
[reader] generated 58/500
[reader] generated 60/500
[reader] generated 62/500
[reader] generated 64/500
[reader] generated 66/500
[reader] generated 68/500
[reader] generated 70/500
[reader] generated 72/500
[reader] generated 74/500
[reader] generated 76/500
[reader] generated 78/500
[reader] generated 80/500
[reader] generated 82/500
[reader] generated 84/500
[reader] generated 86/500
[reader] generated 88/500
[reader] generated 90/500
[reader] generated 92/500
[reader] generated 94/500
[reader] generated 96/500
[reader] generated 98/500
[reader] generated 100/500
[reader] generated 102/500
[reader] generated 104/500
[reader] generated 106/500
[reader] generated 108/500
[reader] generated 110/500
[reader] generated 112/500
[reader] generated 114/500
[reader] generated 116/500
[reader] generated 118/500
[reader] generated 120/500
[reader] generated 122/500
[reader] generated 124/500
[reader] generated 126/500
[reader] generated 128/500
[reader] generated 130/500
[reader] generated 132/500
[reader] generated 134/500
[reader] generated 136/500
[reader] generated 138/500
[reader] generated 140/500
[reader] generated 142/500
[reader] generated 144/500
[reader] generated 146/500
[reader] generated 148/500
[reader] generated 150/500
[reader] generated 152/500
[reader] generated 154/500
[reader] generated 156/500
[reader] generated 158/500
[reader] generated 160/500
[reader] generated 162/500
[reader] generated 164/500
[reader] generated 166/500
[reader] generated 168/500
[reader] generated 170/500
[reader] generated 172/500
[reader] generated 174/500
[reader] generated 176/500
[reader] generated 178/500
[reader] generated 180/500
[reader] generated 182/500
[reader] generated 184/500
[reader] generated 186/500
[reader] generated 188/500
[reader] generated 190/500
[reader] generated 192/500
[reader] generated 194/500
[reader] generated 196/500
[reader] generated 198/500
[reader] generated 200/500
[reader] generated 202/500
[reader] generated 204/500
[reader] generated 206/500
[reader] generated 208/500
[reader] generated 210/500
[reader] generated 212/500
[reader] generated 214/500
[reader] generated 216/500
[reader] generated 218/500
[reader] generated 220/500
[reader] generated 222/500
[reader] generated 224/500
[reader] generated 226/500
[reader] generated 228/500
[reader] generated 230/500
[reader] generated 232/500
[reader] generated 234/500
[reader] generated 236/500
[reader] generated 238/500
[reader] generated 240/500
[reader] generated 242/500
[reader] generated 244/500
[reader] generated 246/500
[reader] generated 248/500
[reader] generated 250/500
[reader] generated 252/500
[reader] generated 254/500
[reader] generated 256/500
[reader] generated 258/500
[reader] generated 260/500
[reader] generated 262/500
[reader] generated 264/500
[reader] generated 266/500
[reader] generated 268/500
[reader] generated 270/500
[reader] generated 272/500
[reader] generated 274/500
[reader] generated 276/500
[reader] generated 278/500
[reader] generated 280/500
[reader] generated 282/500
[reader] generated 284/500
[reader] generated 286/500
[reader] generated 288/500
[reader] generated 290/500
[reader] generated 292/500
[reader] generated 294/500
[reader] generated 296/500
[reader] generated 298/500
[reader] generated 300/500
[reader] generated 302/500
[reader] generated 304/500
[reader] generated 306/500
[reader] generated 308/500
[reader] generated 310/500
[reader] generated 312/500
[reader] generated 314/500
[reader] generated 316/500
[reader] generated 318/500
[reader] generated 320/500
[reader] generated 322/500
[reader] generated 324/500
[reader] generated 326/500
[reader] generated 328/500
[reader] generated 330/500
[reader] generated 332/500
[reader] generated 334/500
[reader] generated 336/500
[reader] generated 338/500
[reader] generated 340/500
[reader] generated 342/500
[reader] generated 344/500
[reader] generated 346/500
[reader] generated 348/500
[reader] generated 350/500
[reader] generated 352/500
[reader] generated 354/500
[reader] generated 356/500
[reader] generated 358/500
[reader] generated 360/500
[reader] generated 362/500
[reader] generated 364/500
[reader] generated 366/500
[reader] generated 368/500
[reader] generated 370/500
[reader] generated 372/500
[reader] generated 374/500
[reader] generated 376/500
[reader] generated 378/500
[reader] generated 380/500
[reader] generated 382/500
[reader] generated 384/500
[reader] generated 386/500
[reader] generated 388/500
[reader] generated 390/500
[reader] generated 392/500
[reader] generated 394/500
[reader] generated 396/500
[reader] generated 398/500
[reader] generated 400/500
[reader] generated 402/500
[reader] generated 404/500
[reader] generated 406/500
[reader] generated 408/500
[reader] generated 410/500
[reader] generated 412/500
[reader] generated 414/500
[reader] generated 416/500
[reader] generated 418/500
[reader] generated 420/500
[reader] generated 422/500
[reader] generated 424/500
[reader] generated 426/500
[reader] generated 428/500
[reader] generated 430/500
[reader] generated 432/500
[reader] generated 434/500
[reader] generated 436/500
[reader] generated 438/500
[reader] generated 440/500
[reader] generated 442/500
[reader] generated 444/500
[reader] generated 446/500
[reader] generated 448/500
[reader] generated 450/500
[reader] generated 452/500
[reader] generated 454/500
[reader] generated 456/500
[reader] generated 458/500
[reader] generated 460/500
[reader] generated 462/500
[reader] generated 464/500
[reader] generated 466/500
[reader] generated 468/500
[reader] generated 470/500
[reader] generated 472/500
[reader] generated 474/500
[reader] generated 476/500
[reader] generated 478/500
[reader] generated 480/500
[reader] generated 482/500
[reader] generated 484/500
[reader] generated 486/500
[reader] generated 488/500
[reader] generated 490/500
[reader] generated 492/500
[reader] generated 494/500
[reader] generated 496/500
[reader] generated 498/500
[reader] generated 500/500
[density] policy=ace_mmr_224, router_type=fixed, representation=ace, packer=mmr, reader_model=Qwen/Qwen2.5-3B-Instruct, packed_token_budget=224, recall@1=0.3965, all_gold@1=0.0, recall@2=0.589, all_gold@2=0.248, recall@5=0.6885, all_gold@5=0.384, qwen_em=0.25, qwen_f1=0.2745, avg_reader_evidence_tokens=211.38, mean_ans_in_context=0.436, mean_ans_in_context_soft=0.51, mean_gold_token_density=0.4084, mean_gold_doc_reader_cov=0.663, mean_all_gold_reader=0.344, mean_distractor_docs=2.922, mean_context_tokens=211.38, mean_n_snippets=5.856
[density] materializing policy=ace_submod_224
[density] generating policy=ace_submod_224
[reader] generated 2/500
[reader] generated 4/500
[reader] generated 6/500
[reader] generated 8/500
[reader] generated 10/500
[reader] generated 12/500
[reader] generated 14/500
[reader] generated 16/500
[reader] generated 18/500
[reader] generated 20/500
[reader] generated 22/500
[reader] generated 24/500
[reader] generated 26/500
[reader] generated 28/500
[reader] generated 30/500
[reader] generated 32/500
[reader] generated 34/500
[reader] generated 36/500
[reader] generated 38/500
[reader] generated 40/500
[reader] generated 42/500
[reader] generated 44/500
[reader] generated 46/500
[reader] generated 48/500
[reader] generated 50/500
[reader] generated 52/500
[reader] generated 54/500
[reader] generated 56/500
[reader] generated 58/500
[reader] generated 60/500
[reader] generated 62/500
[reader] generated 64/500
[reader] generated 66/500
[reader] generated 68/500
[reader] generated 70/500
[reader] generated 72/500
[reader] generated 74/500
[reader] generated 76/500
[reader] generated 78/500
[reader] generated 80/500
[reader] generated 82/500
[reader] generated 84/500
[reader] generated 86/500
[reader] generated 88/500
[reader] generated 90/500
[reader] generated 92/500
[reader] generated 94/500
[reader] generated 96/500
[reader] generated 98/500
[reader] generated 100/500
[reader] generated 102/500
[reader] generated 104/500
[reader] generated 106/500
[reader] generated 108/500
[reader] generated 110/500
[reader] generated 112/500
[reader] generated 114/500
[reader] generated 116/500
[reader] generated 118/500
[reader] generated 120/500
[reader] generated 122/500
[reader] generated 124/500
[reader] generated 126/500
[reader] generated 128/500
[reader] generated 130/500
[reader] generated 132/500
[reader] generated 134/500
[reader] generated 136/500
[reader] generated 138/500
[reader] generated 140/500
[reader] generated 142/500
[reader] generated 144/500
[reader] generated 146/500
[reader] generated 148/500
[reader] generated 150/500
[reader] generated 152/500
[reader] generated 154/500
[reader] generated 156/500
[reader] generated 158/500
[reader] generated 160/500
[reader] generated 162/500
[reader] generated 164/500
[reader] generated 166/500
[reader] generated 168/500
[reader] generated 170/500
[reader] generated 172/500
[reader] generated 174/500
[reader] generated 176/500
[reader] generated 178/500
[reader] generated 180/500
[reader] generated 182/500
[reader] generated 184/500
[reader] generated 186/500
[reader] generated 188/500
[reader] generated 190/500
[reader] generated 192/500
[reader] generated 194/500
[reader] generated 196/500
[reader] generated 198/500
[reader] generated 200/500
[reader] generated 202/500
[reader] generated 204/500
[reader] generated 206/500
[reader] generated 208/500
[reader] generated 210/500
[reader] generated 212/500
[reader] generated 214/500
[reader] generated 216/500
[reader] generated 218/500
[reader] generated 220/500
[reader] generated 222/500
[reader] generated 224/500
[reader] generated 226/500
[reader] generated 228/500
[reader] generated 230/500
[reader] generated 232/500
[reader] generated 234/500
[reader] generated 236/500
[reader] generated 238/500
[reader] generated 240/500
[reader] generated 242/500
[reader] generated 244/500
[reader] generated 246/500
[reader] generated 248/500
[reader] generated 250/500
[reader] generated 252/500
[reader] generated 254/500
[reader] generated 256/500
[reader] generated 258/500
[reader] generated 260/500
[reader] generated 262/500
[reader] generated 264/500
[reader] generated 266/500
[reader] generated 268/500
[reader] generated 270/500
[reader] generated 272/500
[reader] generated 274/500
[reader] generated 276/500
[reader] generated 278/500
[reader] generated 280/500
[reader] generated 282/500
[reader] generated 284/500
[reader] generated 286/500
[reader] generated 288/500
[reader] generated 290/500
[reader] generated 292/500
[reader] generated 294/500
[reader] generated 296/500
[reader] generated 298/500
[reader] generated 300/500
[reader] generated 302/500
[reader] generated 304/500
[reader] generated 306/500
[reader] generated 308/500
[reader] generated 310/500
[reader] generated 312/500
[reader] generated 314/500
[reader] generated 316/500
[reader] generated 318/500
[reader] generated 320/500
[reader] generated 322/500
[reader] generated 324/500
[reader] generated 326/500
[reader] generated 328/500
[reader] generated 330/500
[reader] generated 332/500
[reader] generated 334/500
[reader] generated 336/500
[reader] generated 338/500
[reader] generated 340/500
[reader] generated 342/500
[reader] generated 344/500
[reader] generated 346/500
[reader] generated 348/500
[reader] generated 350/500
[reader] generated 352/500
[reader] generated 354/500
[reader] generated 356/500
[reader] generated 358/500
[reader] generated 360/500
[reader] generated 362/500
[reader] generated 364/500
[reader] generated 366/500
[reader] generated 368/500
[reader] generated 370/500
[reader] generated 372/500
[reader] generated 374/500
[reader] generated 376/500
[reader] generated 378/500
[reader] generated 380/500
[reader] generated 382/500
[reader] generated 384/500
[reader] generated 386/500
[reader] generated 388/500
[reader] generated 390/500
[reader] generated 392/500
[reader] generated 394/500
[reader] generated 396/500
[reader] generated 398/500
[reader] generated 400/500
[reader] generated 402/500
[reader] generated 404/500
[reader] generated 406/500
[reader] generated 408/500
[reader] generated 410/500
[reader] generated 412/500
[reader] generated 414/500
[reader] generated 416/500
[reader] generated 418/500
[reader] generated 420/500
[reader] generated 422/500
[reader] generated 424/500
[reader] generated 426/500
[reader] generated 428/500
[reader] generated 430/500
[reader] generated 432/500
[reader] generated 434/500
[reader] generated 436/500
[reader] generated 438/500
[reader] generated 440/500
[reader] generated 442/500
[reader] generated 444/500
[reader] generated 446/500
[reader] generated 448/500
[reader] generated 450/500
[reader] generated 452/500
[reader] generated 454/500
[reader] generated 456/500
[reader] generated 458/500
[reader] generated 460/500
[reader] generated 462/500
[reader] generated 464/500
[reader] generated 466/500
[reader] generated 468/500
[reader] generated 470/500
[reader] generated 472/500
[reader] generated 474/500
[reader] generated 476/500
[reader] generated 478/500
[reader] generated 480/500
[reader] generated 482/500
[reader] generated 484/500
[reader] generated 486/500
[reader] generated 488/500
[reader] generated 490/500
[reader] generated 492/500
[reader] generated 494/500
[reader] generated 496/500
[reader] generated 498/500
[reader] generated 500/500
[density] policy=ace_submod_224, router_type=fixed, representation=ace, packer=submod, reader_model=Qwen/Qwen2.5-3B-Instruct, packed_token_budget=224, recall@1=0.3965, all_gold@1=0.0, recall@2=0.589, all_gold@2=0.248, recall@5=0.6885, all_gold@5=0.384, qwen_em=0.24, qwen_f1=0.2665, avg_reader_evidence_tokens=206.18, mean_ans_in_context=0.43, mean_ans_in_context_soft=0.5018, mean_gold_token_density=0.3795, mean_gold_doc_reader_cov=0.675, mean_all_gold_reader=0.366, mean_distractor_docs=3.084, mean_context_tokens=206.182, mean_n_snippets=6.434
[density] policy=router_oracle_packer, router_type=oracle, representation=mixed, packer=oracle, reader_model=Qwen/Qwen2.5-3B-Instruct, packed_token_budget=224, selection_counts={"ace_focused_224": 90, "ace_mmr_224": 29, "ace_submod_224": 108, "chunk_focused_224": 63, "chunk_mmr_224": 35, "chunk_submod_224": 175}, qwen_em=0.4, qwen_f1=0.4394, avg_reader_evidence_tokens=198.64, mean_ans_in_context=0.446, mean_ans_in_context_soft=0.5211, mean_gold_token_density=0.405, mean_gold_doc_reader_cov=0.6705, mean_all_gold_reader=0.356, mean_distractor_docs=2.928, mean_context_tokens=198.642, mean_n_snippets=5.924
wrote /kaggle/working/colab_results/stage14_2wiki_qwen3b_budget224_limit500_seed13/2wiki_local_density_standard_budget224_limit500_metrics.csv
wrote /kaggle/working/colab_results/stage14_2wiki_qwen3b_budget224_limit500_seed13/2wiki_local_density_standard_budget224_limit500_per_question.csv
=== control/main.py done: stage14-2wiki-budget; ok=['2wiki_b96_seed42', '2wiki_b96_seed13', '2wiki_b128_seed42', '2wiki_b128_seed13', '2wiki_b224_seed42', '2wiki_b224_seed13'] failed=[] ===
