=== control/main.py: HotpotQA Qwen3B robustness queue ===
Copied extracted project /kaggle/input/datasets/anantonayan/dataset12 to /kaggle/working/ace_rag_research_v12_routerfix
$ /usr/bin/python3 -m pip install -q -r requirements-cloud.txt
[start] stage3_hotpotqa_seed7_routerfix_limit500_qwen3b
$ /usr/bin/python3 -m experiments.run_stage3_router --dataset hotpotqa --split validation --seed 7 --limit 500 --embed-device cuda --compressor truncate --compress-dims 320 --top-k-nodes 48 --max-expanded-docs 5 --ace-retriever standard --reader-model Qwen/Qwen2.5-3B-Instruct --reader-device cuda --reader-batch-size 2 --out-dir /kaggle/working/colab_results/stage3_hotpotqa_seed7_routerfix_limit500_qwen3b
hotpotqa[hf:validation:500]: 4948 docs, 500 questions, 2.00 gold docs/question
[stage3] retrieving chunk baseline
2026-06-27 11:47:31.207352: E external/local_xla/xla/stream_executor/cuda/cuda_fft.cc:467] Unable to register cuFFT factory: Attempting to register factory for plugin cuFFT when one has already been registered
WARNING: All log messages before absl::InitializeLog() is called are written to STDERR
E0000 00:00:1782560851.230099    1099 cuda_dnn.cc:8579] Unable to register cuDNN factory: Attempting to register factory for plugin cuDNN when one has already been registered
E0000 00:00:1782560851.237943    1099 cuda_blas.cc:1407] Unable to register cuBLAS factory: Attempting to register factory for plugin cuBLAS when one has already been registered
W0000 00:00:1782560851.257831    1099 computation_placer.cc:177] computation placer already registered. Please check linkage and avoid linking the same target more than once.
W0000 00:00:1782560851.257856    1099 computation_placer.cc:177] computation placer already registered. Please check linkage and avoid linking the same target more than once.
W0000 00:00:1782560851.257858    1099 computation_placer.cc:177] computation placer already registered. Please check linkage and avoid linking the same target more than once.
W0000 00:00:1782560851.257860    1099 computation_placer.cc:177] computation placer already registered. Please check linkage and avoid linking the same target more than once.
[chunk] fitting/indexing
[embed] encoding 4948 texts on device=cuda:0

Batches:   0%|          | 0/78 [00:00<?, ?it/s]
Batches:   1%|▏         | 1/78 [00:00<01:11,  1.07it/s]
Batches:   3%|▎         | 2/78 [00:01<00:47,  1.59it/s]
Batches:   4%|▍         | 3/78 [00:01<00:39,  1.90it/s]
Batches:   5%|▌         | 4/78 [00:02<00:33,  2.24it/s]
Batches:   6%|▋         | 5/78 [00:02<00:28,  2.57it/s]
Batches:   8%|▊         | 6/78 [00:02<00:25,  2.78it/s]
Batches:   9%|▉         | 7/78 [00:02<00:23,  3.00it/s]
Batches:  10%|█         | 8/78 [00:03<00:21,  3.25it/s]
Batches:  12%|█▏        | 9/78 [00:03<00:20,  3.30it/s]
Batches:  13%|█▎        | 10/78 [00:03<00:19,  3.42it/s]
Batches:  14%|█▍        | 11/78 [00:04<00:19,  3.43it/s]
Batches:  15%|█▌        | 12/78 [00:04<00:17,  3.68it/s]
Batches:  17%|█▋        | 13/78 [00:04<00:16,  3.90it/s]
Batches:  18%|█▊        | 14/78 [00:04<00:16,  3.98it/s]
Batches:  19%|█▉        | 15/78 [00:04<00:15,  4.18it/s]
Batches:  21%|██        | 16/78 [00:05<00:14,  4.33it/s]
Batches:  22%|██▏       | 17/78 [00:05<00:13,  4.50it/s]
Batches:  23%|██▎       | 18/78 [00:05<00:12,  4.74it/s]
Batches:  24%|██▍       | 19/78 [00:05<00:12,  4.68it/s]
Batches:  26%|██▌       | 20/78 [00:05<00:12,  4.77it/s]
Batches:  27%|██▋       | 21/78 [00:06<00:12,  4.67it/s]
Batches:  28%|██▊       | 22/78 [00:06<00:11,  4.97it/s]
Batches:  29%|██▉       | 23/78 [00:06<00:10,  5.20it/s]
Batches:  31%|███       | 24/78 [00:06<00:09,  5.41it/s]
Batches:  32%|███▏      | 25/78 [00:06<00:09,  5.48it/s]
Batches:  33%|███▎      | 26/78 [00:07<00:09,  5.62it/s]
Batches:  35%|███▍      | 27/78 [00:07<00:08,  5.70it/s]
Batches:  36%|███▌      | 28/78 [00:07<00:09,  5.24it/s]
Batches:  37%|███▋      | 29/78 [00:07<00:08,  5.58it/s]
Batches:  38%|███▊      | 30/78 [00:07<00:08,  5.60it/s]
Batches:  40%|███▉      | 31/78 [00:07<00:08,  5.75it/s]
Batches:  41%|████      | 32/78 [00:08<00:08,  5.75it/s]
Batches:  42%|████▏     | 33/78 [00:08<00:07,  5.95it/s]
Batches:  44%|████▎     | 34/78 [00:08<00:06,  6.29it/s]
Batches:  45%|████▍     | 35/78 [00:08<00:06,  6.48it/s]
Batches:  46%|████▌     | 36/78 [00:08<00:06,  6.53it/s]
Batches:  47%|████▋     | 37/78 [00:08<00:06,  6.57it/s]
Batches:  49%|████▊     | 38/78 [00:08<00:05,  6.72it/s]
Batches:  50%|█████     | 39/78 [00:09<00:05,  7.13it/s]
Batches:  51%|█████▏    | 40/78 [00:09<00:05,  7.19it/s]
Batches:  53%|█████▎    | 41/78 [00:09<00:05,  7.10it/s]
Batches:  54%|█████▍    | 42/78 [00:09<00:05,  7.16it/s]
Batches:  55%|█████▌    | 43/78 [00:09<00:04,  7.07it/s]
Batches:  56%|█████▋    | 44/78 [00:09<00:04,  7.28it/s]
Batches:  58%|█████▊    | 45/78 [00:09<00:04,  7.25it/s]
Batches:  59%|█████▉    | 46/78 [00:10<00:04,  7.38it/s]
Batches:  60%|██████    | 47/78 [00:10<00:04,  7.68it/s]
Batches:  62%|██████▏   | 48/78 [00:10<00:03,  8.16it/s]
Batches:  63%|██████▎   | 49/78 [00:10<00:03,  8.47it/s]
Batches:  65%|██████▌   | 51/78 [00:10<00:03,  8.88it/s]
Batches:  67%|██████▋   | 52/78 [00:10<00:02,  8.96it/s]
Batches:  69%|██████▉   | 54/78 [00:10<00:02,  8.88it/s]
Batches:  72%|███████▏  | 56/78 [00:11<00:02,  9.44it/s]
Batches:  74%|███████▍  | 58/78 [00:11<00:02,  9.75it/s]
Batches:  77%|███████▋  | 60/78 [00:11<00:01, 10.37it/s]
Batches:  79%|███████▉  | 62/78 [00:11<00:01, 10.88it/s]
Batches:  82%|████████▏ | 64/78 [00:11<00:01, 11.39it/s]
Batches:  85%|████████▍ | 66/78 [00:11<00:01, 11.73it/s]
Batches:  87%|████████▋ | 68/78 [00:12<00:00, 12.27it/s]
Batches:  90%|████████▉ | 70/78 [00:12<00:00, 12.98it/s]
Batches:  92%|█████████▏| 72/78 [00:12<00:00, 13.74it/s]
Batches:  95%|█████████▍| 74/78 [00:12<00:00, 15.10it/s]
Batches:  99%|█████████▊| 77/78 [00:12<00:00, 17.61it/s]
Batches: 100%|██████████| 78/78 [00:12<00:00,  6.18it/s]
[chunk] retrieving
[embed] encoding 500 texts on device=cuda:0

Batches:   0%|          | 0/8 [00:00<?, ?it/s]
Batches:  38%|███▊      | 3/8 [00:00<00:00, 28.13it/s]
Batches: 100%|██████████| 8/8 [00:00<00:00, 37.91it/s]
Batches: 100%|██████████| 8/8 [00:00<00:00, 36.45it/s]
[stage3] retrieving BM25 baseline
[bm25] fitting/indexing
[bm25] retrieving
[stage3] retrieving hybrid baseline
[hybrid] fitting/indexing
[embed] encoding 4948 texts on device=cuda:0

Batches:   0%|          | 0/78 [00:00<?, ?it/s]
Batches:   1%|▏         | 1/78 [00:00<00:55,  1.39it/s]
Batches:   3%|▎         | 2/78 [00:01<00:41,  1.83it/s]
Batches:   4%|▍         | 3/78 [00:01<00:36,  2.06it/s]
Batches:   5%|▌         | 4/78 [00:01<00:31,  2.35it/s]
Batches:   6%|▋         | 5/78 [00:02<00:27,  2.65it/s]
Batches:   8%|▊         | 6/78 [00:02<00:25,  2.82it/s]
Batches:   9%|▉         | 7/78 [00:02<00:23,  3.03it/s]
Batches:  10%|█         | 8/78 [00:03<00:21,  3.28it/s]
Batches:  12%|█▏        | 9/78 [00:03<00:20,  3.31it/s]
Batches:  13%|█▎        | 10/78 [00:03<00:20,  3.38it/s]
Batches:  14%|█▍        | 11/78 [00:03<00:19,  3.38it/s]
Batches:  15%|█▌        | 12/78 [00:04<00:18,  3.63it/s]
Batches:  17%|█▋        | 13/78 [00:04<00:16,  3.86it/s]
Batches:  18%|█▊        | 14/78 [00:04<00:16,  3.90it/s]
Batches:  19%|█▉        | 15/78 [00:04<00:15,  4.09it/s]
Batches:  21%|██        | 16/78 [00:05<00:14,  4.26it/s]
Batches:  22%|██▏       | 17/78 [00:05<00:13,  4.41it/s]
Batches:  23%|██▎       | 18/78 [00:05<00:12,  4.63it/s]
Batches:  24%|██▍       | 19/78 [00:05<00:12,  4.54it/s]
Batches:  26%|██▌       | 20/78 [00:05<00:12,  4.63it/s]
Batches:  27%|██▋       | 21/78 [00:06<00:12,  4.55it/s]
Batches:  28%|██▊       | 22/78 [00:06<00:11,  4.82it/s]
Batches:  29%|██▉       | 23/78 [00:06<00:10,  5.05it/s]
Batches:  31%|███       | 24/78 [00:06<00:10,  5.27it/s]
Batches:  32%|███▏      | 25/78 [00:06<00:09,  5.34it/s]
Batches:  33%|███▎      | 26/78 [00:06<00:09,  5.47it/s]
Batches:  35%|███▍      | 27/78 [00:07<00:09,  5.53it/s]
Batches:  36%|███▌      | 28/78 [00:07<00:09,  5.09it/s]
Batches:  37%|███▋      | 29/78 [00:07<00:09,  5.43it/s]
Batches:  38%|███▊      | 30/78 [00:07<00:08,  5.49it/s]
Batches:  40%|███▉      | 31/78 [00:07<00:08,  5.65it/s]
Batches:  41%|████      | 32/78 [00:08<00:08,  5.62it/s]
Batches:  42%|████▏     | 33/78 [00:08<00:07,  5.85it/s]
Batches:  44%|████▎     | 34/78 [00:08<00:07,  6.14it/s]
Batches:  45%|████▍     | 35/78 [00:08<00:06,  6.37it/s]
Batches:  46%|████▌     | 36/78 [00:08<00:06,  6.41it/s]
Batches:  47%|████▋     | 37/78 [00:08<00:06,  6.44it/s]
Batches:  49%|████▊     | 38/78 [00:08<00:06,  6.64it/s]
Batches:  50%|█████     | 39/78 [00:09<00:05,  7.05it/s]
Batches:  51%|█████▏    | 40/78 [00:09<00:05,  7.12it/s]
Batches:  53%|█████▎    | 41/78 [00:09<00:05,  7.01it/s]
Batches:  54%|█████▍    | 42/78 [00:09<00:05,  7.02it/s]
Batches:  55%|█████▌    | 43/78 [00:09<00:05,  6.91it/s]
Batches:  56%|█████▋    | 44/78 [00:09<00:04,  7.10it/s]
Batches:  58%|█████▊    | 45/78 [00:09<00:04,  7.14it/s]
Batches:  59%|█████▉    | 46/78 [00:10<00:04,  7.32it/s]
Batches:  60%|██████    | 47/78 [00:10<00:04,  7.63it/s]
Batches:  62%|██████▏   | 48/78 [00:10<00:03,  8.07it/s]
Batches:  63%|██████▎   | 49/78 [00:10<00:03,  8.32it/s]
Batches:  64%|██████▍   | 50/78 [00:10<00:03,  8.74it/s]
Batches:  65%|██████▌   | 51/78 [00:10<00:03,  8.64it/s]
Batches:  67%|██████▋   | 52/78 [00:10<00:02,  8.68it/s]
Batches:  69%|██████▉   | 54/78 [00:10<00:02,  8.68it/s]
Batches:  71%|███████   | 55/78 [00:11<00:02,  8.91it/s]
Batches:  73%|███████▎  | 57/78 [00:11<00:02,  9.48it/s]
Batches:  76%|███████▌  | 59/78 [00:11<00:01,  9.98it/s]
Batches:  78%|███████▊  | 61/78 [00:11<00:01, 10.57it/s]
Batches:  81%|████████  | 63/78 [00:11<00:01, 11.04it/s]
Batches:  83%|████████▎ | 65/78 [00:11<00:01, 11.61it/s]
Batches:  86%|████████▌ | 67/78 [00:12<00:00, 11.81it/s]
Batches:  88%|████████▊ | 69/78 [00:12<00:00, 12.41it/s]
Batches:  91%|█████████ | 71/78 [00:12<00:00, 13.18it/s]
Batches:  94%|█████████▎| 73/78 [00:12<00:00, 14.04it/s]
Batches:  97%|█████████▋| 76/78 [00:12<00:00, 16.08it/s]
Batches: 100%|██████████| 78/78 [00:12<00:00,  6.16it/s]
[hybrid] retrieving
[embed] encoding 500 texts on device=cuda:0

Batches:   0%|          | 0/8 [00:00<?, ?it/s]
Batches:  38%|███▊      | 3/8 [00:00<00:00, 28.29it/s]
Batches: 100%|██████████| 8/8 [00:00<00:00, 37.51it/s]
Batches: 100%|██████████| 8/8 [00:00<00:00, 36.14it/s]
[stage3] retrieving ACE graph
[ace] building evidence graph
[ace] graph built: nodes=49359 edges=75836
[ace] fitting/indexing embeddings
[embed] encoding 44411 texts on device=cuda:0

Batches:   0%|          | 0/694 [00:00<?, ?it/s]
Batches:   0%|          | 1/694 [00:00<03:43,  3.10it/s]
Batches:   0%|          | 2/694 [00:00<02:22,  4.86it/s]
Batches:   0%|          | 3/694 [00:00<02:09,  5.33it/s]
Batches:   1%|          | 4/694 [00:00<01:52,  6.16it/s]
Batches:   1%|          | 5/694 [00:00<01:38,  7.02it/s]
Batches:   1%|          | 6/694 [00:00<01:32,  7.43it/s]
Batches:   1%|          | 7/694 [00:01<01:27,  7.84it/s]
Batches:   1%|▏         | 9/694 [00:01<01:16,  8.94it/s]
Batches:   2%|▏         | 11/694 [00:01<01:10,  9.69it/s]
Batches:   2%|▏         | 13/694 [00:01<01:04, 10.49it/s]
Batches:   2%|▏         | 15/694 [00:01<01:02, 10.90it/s]
Batches:   2%|▏         | 17/694 [00:01<01:01, 11.00it/s]
Batches:   3%|▎         | 19/694 [00:02<01:02, 10.83it/s]
Batches:   3%|▎         | 21/694 [00:02<00:57, 11.65it/s]
Batches:   3%|▎         | 23/694 [00:02<00:55, 12.11it/s]
Batches:   4%|▎         | 25/694 [00:02<00:53, 12.45it/s]
Batches:   4%|▍         | 27/694 [00:02<00:52, 12.79it/s]
Batches:   4%|▍         | 29/694 [00:02<00:50, 13.12it/s]
Batches:   4%|▍         | 31/694 [00:03<00:52, 12.60it/s]
Batches:   5%|▍         | 33/694 [00:03<00:50, 13.17it/s]
Batches:   5%|▌         | 35/694 [00:03<00:48, 13.54it/s]
Batches:   5%|▌         | 37/694 [00:03<00:48, 13.62it/s]
Batches:   6%|▌         | 39/694 [00:03<00:45, 14.34it/s]
Batches:   6%|▌         | 41/694 [00:03<00:45, 14.47it/s]
Batches:   6%|▌         | 43/694 [00:03<00:42, 15.16it/s]
Batches:   6%|▋         | 45/694 [00:03<00:42, 15.41it/s]
Batches:   7%|▋         | 47/694 [00:04<00:40, 15.90it/s]
Batches:   7%|▋         | 49/694 [00:04<00:39, 16.48it/s]
Batches:   7%|▋         | 51/694 [00:04<00:37, 16.97it/s]
Batches:   8%|▊         | 53/694 [00:04<00:39, 16.33it/s]
Batches:   8%|▊         | 55/694 [00:04<00:38, 16.57it/s]
Batches:   8%|▊         | 57/694 [00:04<00:37, 16.88it/s]
Batches:   9%|▊         | 59/694 [00:04<00:38, 16.55it/s]
Batches:   9%|▉         | 61/694 [00:04<00:38, 16.52it/s]
Batches:   9%|▉         | 63/694 [00:05<00:37, 16.86it/s]
Batches:   9%|▉         | 65/694 [00:05<00:35, 17.54it/s]
Batches:  10%|▉         | 67/694 [00:05<00:35, 17.68it/s]
Batches:  10%|▉         | 69/694 [00:05<00:34, 18.15it/s]
Batches:  10%|█         | 72/694 [00:05<00:32, 19.25it/s]
Batches:  11%|█         | 75/694 [00:05<00:31, 19.81it/s]
Batches:  11%|█         | 77/694 [00:05<00:31, 19.71it/s]
Batches:  11%|█▏        | 79/694 [00:05<00:32, 19.08it/s]
Batches:  12%|█▏        | 82/694 [00:06<00:31, 19.41it/s]
Batches:  12%|█▏        | 84/694 [00:06<00:31, 19.15it/s]
Batches:  12%|█▏        | 86/694 [00:06<00:32, 18.85it/s]
Batches:  13%|█▎        | 89/694 [00:06<00:31, 19.43it/s]
Batches:  13%|█▎        | 92/694 [00:06<00:30, 19.91it/s]
Batches:  14%|█▎        | 95/694 [00:06<00:28, 20.71it/s]
Batches:  14%|█▍        | 98/694 [00:06<00:29, 20.52it/s]
Batches:  15%|█▍        | 101/694 [00:06<00:29, 19.95it/s]
Batches:  15%|█▍        | 104/694 [00:07<00:28, 20.60it/s]
Batches:  15%|█▌        | 107/694 [00:07<00:28, 20.63it/s]
Batches:  16%|█▌        | 110/694 [00:07<00:29, 19.74it/s]
Batches:  16%|█▋        | 113/694 [00:07<00:28, 20.27it/s]
Batches:  17%|█▋        | 116/694 [00:07<00:28, 20.59it/s]
Batches:  17%|█▋        | 119/694 [00:07<00:27, 21.12it/s]
Batches:  18%|█▊        | 122/694 [00:07<00:26, 21.47it/s]
Batches:  18%|█▊        | 125/694 [00:08<00:26, 21.45it/s]
Batches:  18%|█▊        | 128/694 [00:08<00:25, 21.88it/s]
Batches:  19%|█▉        | 131/694 [00:08<00:25, 22.14it/s]
Batches:  19%|█▉        | 134/694 [00:08<00:25, 21.67it/s]
Batches:  20%|█▉        | 137/694 [00:08<00:24, 22.89it/s]
Batches:  20%|██        | 140/694 [00:08<00:24, 22.76it/s]
Batches:  21%|██        | 143/694 [00:08<00:23, 23.60it/s]
Batches:  21%|██        | 146/694 [00:08<00:23, 23.62it/s]
Batches:  21%|██▏       | 149/694 [00:09<00:22, 24.05it/s]
Batches:  22%|██▏       | 152/694 [00:09<00:22, 24.20it/s]
Batches:  22%|██▏       | 155/694 [00:09<00:21, 24.57it/s]
Batches:  23%|██▎       | 158/694 [00:09<00:21, 24.75it/s]
Batches:  23%|██▎       | 161/694 [00:09<00:21, 25.32it/s]
Batches:  24%|██▎       | 164/694 [00:09<00:20, 25.59it/s]
Batches:  24%|██▍       | 167/694 [00:09<00:21, 24.87it/s]
Batches:  24%|██▍       | 170/694 [00:09<00:21, 24.20it/s]
Batches:  25%|██▍       | 173/694 [00:10<00:21, 24.54it/s]
Batches:  25%|██▌       | 176/694 [00:10<00:21, 24.41it/s]
Batches:  26%|██▌       | 179/694 [00:10<00:21, 23.94it/s]
Batches:  26%|██▌       | 182/694 [00:10<00:20, 25.14it/s]
Batches:  27%|██▋       | 185/694 [00:10<00:20, 24.85it/s]
Batches:  27%|██▋       | 188/694 [00:10<00:19, 25.51it/s]
Batches:  28%|██▊       | 191/694 [00:10<00:19, 25.84it/s]
Batches:  28%|██▊       | 194/694 [00:10<00:18, 26.66it/s]
Batches:  28%|██▊       | 197/694 [00:10<00:18, 26.67it/s]
Batches:  29%|██▉       | 201/694 [00:11<00:17, 27.65it/s]
Batches:  29%|██▉       | 204/694 [00:11<00:17, 28.24it/s]
Batches:  30%|██▉       | 207/694 [00:11<00:16, 28.70it/s]
Batches:  30%|███       | 210/694 [00:11<00:16, 28.83it/s]
Batches:  31%|███       | 214/694 [00:11<00:16, 29.43it/s]
Batches:  31%|███▏      | 217/694 [00:11<00:16, 29.33it/s]
Batches:  32%|███▏      | 220/694 [00:11<00:16, 29.34it/s]
Batches:  32%|███▏      | 224/694 [00:11<00:15, 30.18it/s]
Batches:  33%|███▎      | 228/694 [00:12<00:15, 30.65it/s]
Batches:  33%|███▎      | 232/694 [00:12<00:14, 30.92it/s]
Batches:  34%|███▍      | 236/694 [00:12<00:14, 31.87it/s]
Batches:  35%|███▍      | 240/694 [00:12<00:14, 31.86it/s]
Batches:  35%|███▌      | 244/694 [00:12<00:13, 33.05it/s]
Batches:  36%|███▌      | 248/694 [00:12<00:13, 33.28it/s]
Batches:  36%|███▋      | 252/694 [00:12<00:13, 33.64it/s]
Batches:  37%|███▋      | 256/694 [00:12<00:13, 33.53it/s]
Batches:  37%|███▋      | 260/694 [00:12<00:12, 33.45it/s]
Batches:  38%|███▊      | 264/694 [00:13<00:13, 32.99it/s]
Batches:  39%|███▊      | 268/694 [00:13<00:12, 34.34it/s]
Batches:  39%|███▉      | 273/694 [00:13<00:11, 36.35it/s]
Batches:  40%|███▉      | 277/694 [00:13<00:11, 36.25it/s]
Batches:  40%|████      | 281/694 [00:13<00:11, 37.20it/s]
Batches:  41%|████      | 286/694 [00:13<00:10, 38.70it/s]
Batches:  42%|████▏     | 290/694 [00:13<00:10, 39.01it/s]
Batches:  43%|████▎     | 295/694 [00:13<00:09, 40.01it/s]
Batches:  43%|████▎     | 300/694 [00:13<00:09, 41.40it/s]
Batches:  44%|████▍     | 305/694 [00:14<00:08, 43.49it/s]
Batches:  45%|████▍     | 311/694 [00:14<00:08, 46.03it/s]
Batches:  46%|████▌     | 317/694 [00:14<00:07, 48.10it/s]
Batches:  47%|████▋     | 323/694 [00:14<00:07, 50.19it/s]
Batches:  47%|████▋     | 329/694 [00:14<00:06, 52.83it/s]
Batches:  48%|████▊     | 336/694 [00:14<00:06, 55.49it/s]
Batches:  49%|████▉     | 343/694 [00:14<00:06, 58.33it/s]
Batches:  50%|█████     | 350/694 [00:14<00:05, 60.41it/s]
Batches:  52%|█████▏    | 358/694 [00:14<00:05, 64.14it/s]
Batches:  53%|█████▎    | 366/694 [00:15<00:04, 67.51it/s]
Batches:  54%|█████▍    | 374/694 [00:15<00:04, 69.69it/s]
Batches:  55%|█████▌    | 382/694 [00:15<00:04, 71.83it/s]
Batches:  56%|█████▋    | 391/694 [00:15<00:04, 74.60it/s]
Batches:  57%|█████▋    | 399/694 [00:15<00:03, 76.02it/s]
Batches:  59%|█████▉    | 408/694 [00:15<00:03, 77.78it/s]
Batches:  60%|██████    | 417/694 [00:15<00:03, 78.72it/s]
Batches:  61%|██████▏   | 426/694 [00:15<00:03, 80.41it/s]
Batches:  63%|██████▎   | 435/694 [00:15<00:03, 81.54it/s]
Batches:  64%|██████▍   | 444/694 [00:16<00:02, 83.93it/s]
Batches:  65%|██████▌   | 453/694 [00:16<00:02, 84.91it/s]
Batches:  67%|██████▋   | 463/694 [00:16<00:02, 86.57it/s]
Batches:  68%|██████▊   | 472/694 [00:16<00:02, 86.98it/s]
Batches:  69%|██████▉   | 482/694 [00:16<00:02, 88.78it/s]
Batches:  71%|███████   | 492/694 [00:16<00:02, 90.16it/s]
Batches:  72%|███████▏  | 502/694 [00:16<00:02, 89.70it/s]
Batches:  74%|███████▍  | 512/694 [00:16<00:02, 90.61it/s]
Batches:  75%|███████▌  | 522/694 [00:16<00:01, 90.61it/s]
Batches:  77%|███████▋  | 532/694 [00:17<00:01, 92.09it/s]
Batches:  78%|███████▊  | 542/694 [00:17<00:01, 93.20it/s]
Batches:  80%|███████▉  | 552/694 [00:17<00:01, 89.68it/s]
Batches:  81%|████████  | 562/694 [00:17<00:01, 92.08it/s]
Batches:  82%|████████▏ | 572/694 [00:17<00:01, 86.53it/s]
Batches:  84%|████████▍ | 582/694 [00:17<00:01, 90.11it/s]
Batches:  85%|████████▌ | 592/694 [00:17<00:01, 92.72it/s]
Batches:  87%|████████▋ | 603/694 [00:17<00:00, 95.38it/s]
Batches:  88%|████████▊ | 614/694 [00:17<00:00, 96.85it/s]
Batches:  90%|█████████ | 625/694 [00:17<00:00, 98.19it/s]
Batches:  92%|█████████▏| 636/694 [00:18<00:00, 99.20it/s]
Batches:  93%|█████████▎| 647/694 [00:18<00:00, 99.93it/s]
Batches:  95%|█████████▍| 658/694 [00:18<00:00, 100.80it/s]
Batches:  96%|█████████▋| 669/694 [00:18<00:00, 101.17it/s]
Batches:  98%|█████████▊| 680/694 [00:18<00:00, 101.12it/s]
Batches: 100%|█████████▉| 691/694 [00:18<00:00, 102.04it/s]
Batches: 100%|██████████| 694/694 [00:18<00:00, 37.18it/s]
[ace] retrieving
[embed] encoding 500 texts on device=cuda:0

Batches:   0%|          | 0/8 [00:00<?, ?it/s]
Batches:  38%|███▊      | 3/8 [00:00<00:00, 27.23it/s]
Batches:  88%|████████▊ | 7/8 [00:00<00:00, 34.19it/s]
Batches: 100%|██████████| 8/8 [00:00<00:00, 34.98it/s]
[stage3] loading Qwen reader once
`torch_dtype` is deprecated! Use `dtype` instead!

Loading checkpoint shards:   0%|          | 0/2 [00:00<?, ?it/s]
Loading checkpoint shards:  50%|█████     | 1/2 [00:02<00:02,  2.77s/it]
Loading checkpoint shards: 100%|██████████| 2/2 [00:04<00:00,  2.03s/it]
Loading checkpoint shards: 100%|██████████| 2/2 [00:04<00:00,  2.14s/it]
[reader] loaded Qwen/Qwen2.5-3B-Instruct on cuda:0
[stage3] materializing policy=chunk_packed_280
[stage3] generating policy=chunk_packed_280
The following generation flags are not valid and may be ignored: ['temperature', 'top_p', 'top_k']. Set `TRANSFORMERS_VERBOSITY=info` for more details.
[reader] generated 2/500
[reader] generated 4/500
[reader] generated 6/500
[reader] generated 8/500
[reader] generated 10/500
[reader] generated 12/500
[reader] generated 14/500
[reader] generated 16/500
[reader] generated 18/500
[reader] generated 20/500
[reader] generated 22/500
[reader] generated 24/500
[reader] generated 26/500
[reader] generated 28/500
[reader] generated 30/500
[reader] generated 32/500
[reader] generated 34/500
[reader] generated 36/500
[reader] generated 38/500
[reader] generated 40/500
[reader] generated 42/500
[reader] generated 44/500
[reader] generated 46/500
[reader] generated 48/500
[reader] generated 50/500
[reader] generated 52/500
[reader] generated 54/500
[reader] generated 56/500
[reader] generated 58/500
[reader] generated 60/500
[reader] generated 62/500
[reader] generated 64/500
[reader] generated 66/500
[reader] generated 68/500
[reader] generated 70/500
[reader] generated 72/500
[reader] generated 74/500
[reader] generated 76/500
[reader] generated 78/500
[reader] generated 80/500
[reader] generated 82/500
[reader] generated 84/500
[reader] generated 86/500
[reader] generated 88/500
[reader] generated 90/500
[reader] generated 92/500
[reader] generated 94/500
[reader] generated 96/500
[reader] generated 98/500
[reader] generated 100/500
[reader] generated 102/500
[reader] generated 104/500
[reader] generated 106/500
[reader] generated 108/500
[reader] generated 110/500
[reader] generated 112/500
[reader] generated 114/500
[reader] generated 116/500
[reader] generated 118/500
[reader] generated 120/500
[reader] generated 122/500
[reader] generated 124/500
[reader] generated 126/500
[reader] generated 128/500
[reader] generated 130/500
[reader] generated 132/500
[reader] generated 134/500
[reader] generated 136/500
[reader] generated 138/500
[reader] generated 140/500
[reader] generated 142/500
[reader] generated 144/500
[reader] generated 146/500
[reader] generated 148/500
[reader] generated 150/500
[reader] generated 152/500
[reader] generated 154/500
[reader] generated 156/500
[reader] generated 158/500
[reader] generated 160/500
[reader] generated 162/500
[reader] generated 164/500
[reader] generated 166/500
[reader] generated 168/500
[reader] generated 170/500
[reader] generated 172/500
[reader] generated 174/500
[reader] generated 176/500
[reader] generated 178/500
[reader] generated 180/500
[reader] generated 182/500
[reader] generated 184/500
[reader] generated 186/500
[reader] generated 188/500
[reader] generated 190/500
[reader] generated 192/500
[reader] generated 194/500
[reader] generated 196/500
[reader] generated 198/500
[reader] generated 200/500
[reader] generated 202/500
[reader] generated 204/500
[reader] generated 206/500
[reader] generated 208/500
[reader] generated 210/500
[reader] generated 212/500
[reader] generated 214/500
[reader] generated 216/500
[reader] generated 218/500
[reader] generated 220/500
[reader] generated 222/500
[reader] generated 224/500
[reader] generated 226/500
[reader] generated 228/500
[reader] generated 230/500
[reader] generated 232/500
[reader] generated 234/500
[reader] generated 236/500
[reader] generated 238/500
[reader] generated 240/500
[reader] generated 242/500
[reader] generated 244/500
[reader] generated 246/500
[reader] generated 248/500
[reader] generated 250/500
[reader] generated 252/500
[reader] generated 254/500
[reader] generated 256/500
[reader] generated 258/500
[reader] generated 260/500
[reader] generated 262/500
[reader] generated 264/500
[reader] generated 266/500
[reader] generated 268/500
[reader] generated 270/500
[reader] generated 272/500
[reader] generated 274/500
[reader] generated 276/500
[reader] generated 278/500
[reader] generated 280/500
[reader] generated 282/500
[reader] generated 284/500
[reader] generated 286/500
[reader] generated 288/500
[reader] generated 290/500
[reader] generated 292/500
[reader] generated 294/500
[reader] generated 296/500
[reader] generated 298/500
[reader] generated 300/500
[reader] generated 302/500
[reader] generated 304/500
[reader] generated 306/500
[reader] generated 308/500
[reader] generated 310/500
[reader] generated 312/500
[reader] generated 314/500
[reader] generated 316/500
[reader] generated 318/500
[reader] generated 320/500
[reader] generated 322/500
[reader] generated 324/500
[reader] generated 326/500
[reader] generated 328/500
[reader] generated 330/500
[reader] generated 332/500
[reader] generated 334/500
[reader] generated 336/500
[reader] generated 338/500
[reader] generated 340/500
[reader] generated 342/500
[reader] generated 344/500
[reader] generated 346/500
[reader] generated 348/500
[reader] generated 350/500
[reader] generated 352/500
[reader] generated 354/500
[reader] generated 356/500
[reader] generated 358/500
[reader] generated 360/500
[reader] generated 362/500
[reader] generated 364/500
[reader] generated 366/500
[reader] generated 368/500
[reader] generated 370/500
[reader] generated 372/500
[reader] generated 374/500
[reader] generated 376/500
[reader] generated 378/500
[reader] generated 380/500
[reader] generated 382/500
[reader] generated 384/500
[reader] generated 386/500
[reader] generated 388/500
[reader] generated 390/500
[reader] generated 392/500
[reader] generated 394/500
[reader] generated 396/500
[reader] generated 398/500
[reader] generated 400/500
[reader] generated 402/500
[reader] generated 404/500
[reader] generated 406/500
[reader] generated 408/500
[reader] generated 410/500
[reader] generated 412/500
[reader] generated 414/500
[reader] generated 416/500
[reader] generated 418/500
[reader] generated 420/500
[reader] generated 422/500
[reader] generated 424/500
[reader] generated 426/500
[reader] generated 428/500
[reader] generated 430/500
[reader] generated 432/500
[reader] generated 434/500
[reader] generated 436/500
[reader] generated 438/500
[reader] generated 440/500
[reader] generated 442/500
[reader] generated 444/500
[reader] generated 446/500
[reader] generated 448/500
[reader] generated 450/500
[reader] generated 452/500
[reader] generated 454/500
[reader] generated 456/500
[reader] generated 458/500
[reader] generated 460/500
[reader] generated 462/500
[reader] generated 464/500
[reader] generated 466/500
[reader] generated 468/500
[reader] generated 470/500
[reader] generated 472/500
[reader] generated 474/500
[reader] generated 476/500
[reader] generated 478/500
[reader] generated 480/500
[reader] generated 482/500
[reader] generated 484/500
[reader] generated 486/500
[reader] generated 488/500
[reader] generated 490/500
[reader] generated 492/500
[reader] generated 494/500
[reader] generated 496/500
[reader] generated 498/500
[reader] generated 500/500
[stage3] policy=chunk_packed_280, router_type=fixed, method=chunk, reader_context=packed_snippets, reader_model=Qwen/Qwen2.5-3B-Instruct, ace_retriever=none, compressor=none, hybrid_alpha=, packed_token_budget=280, candidate_policies=, selection_counts=, recall@1=0.438, all_gold@1=0.0, recall@2=0.712, all_gold@2=0.49, recall@5=0.876, all_gold@5=0.764, qwen_em=0.3, qwen_f1=0.4109, avg_reader_evidence_tokens=269.11
[stage3] materializing policy=bm25_packed_280
[stage3] generating policy=bm25_packed_280
[reader] generated 2/500
[reader] generated 4/500
[reader] generated 6/500
[reader] generated 8/500
[reader] generated 10/500
[reader] generated 12/500
[reader] generated 14/500
[reader] generated 16/500
[reader] generated 18/500
[reader] generated 20/500
[reader] generated 22/500
[reader] generated 24/500
[reader] generated 26/500
[reader] generated 28/500
[reader] generated 30/500
[reader] generated 32/500
[reader] generated 34/500
[reader] generated 36/500
[reader] generated 38/500
[reader] generated 40/500
[reader] generated 42/500
[reader] generated 44/500
[reader] generated 46/500
[reader] generated 48/500
[reader] generated 50/500
[reader] generated 52/500
[reader] generated 54/500
[reader] generated 56/500
[reader] generated 58/500
[reader] generated 60/500
[reader] generated 62/500
[reader] generated 64/500
[reader] generated 66/500
[reader] generated 68/500
[reader] generated 70/500
[reader] generated 72/500
[reader] generated 74/500
[reader] generated 76/500
[reader] generated 78/500
[reader] generated 80/500
[reader] generated 82/500
[reader] generated 84/500
[reader] generated 86/500
[reader] generated 88/500
[reader] generated 90/500
[reader] generated 92/500
[reader] generated 94/500
[reader] generated 96/500
[reader] generated 98/500
[reader] generated 100/500
[reader] generated 102/500
[reader] generated 104/500
[reader] generated 106/500
[reader] generated 108/500
[reader] generated 110/500
[reader] generated 112/500
[reader] generated 114/500
[reader] generated 116/500
[reader] generated 118/500
[reader] generated 120/500
[reader] generated 122/500
[reader] generated 124/500
[reader] generated 126/500
[reader] generated 128/500
[reader] generated 130/500
[reader] generated 132/500
[reader] generated 134/500
[reader] generated 136/500
[reader] generated 138/500
[reader] generated 140/500
[reader] generated 142/500
[reader] generated 144/500
[reader] generated 146/500
[reader] generated 148/500
[reader] generated 150/500
[reader] generated 152/500
[reader] generated 154/500
[reader] generated 156/500
[reader] generated 158/500
[reader] generated 160/500
[reader] generated 162/500
[reader] generated 164/500
[reader] generated 166/500
[reader] generated 168/500
[reader] generated 170/500
[reader] generated 172/500
[reader] generated 174/500
[reader] generated 176/500
[reader] generated 178/500
[reader] generated 180/500
[reader] generated 182/500
[reader] generated 184/500
[reader] generated 186/500
[reader] generated 188/500
[reader] generated 190/500
[reader] generated 192/500
[reader] generated 194/500
[reader] generated 196/500
[reader] generated 198/500
[reader] generated 200/500
[reader] generated 202/500
[reader] generated 204/500
[reader] generated 206/500
[reader] generated 208/500
[reader] generated 210/500
[reader] generated 212/500
[reader] generated 214/500
[reader] generated 216/500
[reader] generated 218/500
[reader] generated 220/500
[reader] generated 222/500
[reader] generated 224/500
[reader] generated 226/500
[reader] generated 228/500
[reader] generated 230/500
[reader] generated 232/500
[reader] generated 234/500
[reader] generated 236/500
[reader] generated 238/500
[reader] generated 240/500
[reader] generated 242/500
[reader] generated 244/500
[reader] generated 246/500
[reader] generated 248/500
[reader] generated 250/500
[reader] generated 252/500
[reader] generated 254/500
[reader] generated 256/500
[reader] generated 258/500
[reader] generated 260/500
[reader] generated 262/500
[reader] generated 264/500
[reader] generated 266/500
[reader] generated 268/500
[reader] generated 270/500
[reader] generated 272/500
[reader] generated 274/500
[reader] generated 276/500
[reader] generated 278/500
[reader] generated 280/500
[reader] generated 282/500
[reader] generated 284/500
[reader] generated 286/500
[reader] generated 288/500
[reader] generated 290/500
[reader] generated 292/500
[reader] generated 294/500
[reader] generated 296/500
[reader] generated 298/500
[reader] generated 300/500
[reader] generated 302/500
[reader] generated 304/500
[reader] generated 306/500
[reader] generated 308/500
[reader] generated 310/500
[reader] generated 312/500
[reader] generated 314/500
[reader] generated 316/500
[reader] generated 318/500
[reader] generated 320/500
[reader] generated 322/500
[reader] generated 324/500
[reader] generated 326/500
[reader] generated 328/500
[reader] generated 330/500
[reader] generated 332/500
[reader] generated 334/500
[reader] generated 336/500
[reader] generated 338/500
[reader] generated 340/500
[reader] generated 342/500
[reader] generated 344/500
[reader] generated 346/500
[reader] generated 348/500
[reader] generated 350/500
[reader] generated 352/500
[reader] generated 354/500
[reader] generated 356/500
[reader] generated 358/500
[reader] generated 360/500
[reader] generated 362/500
[reader] generated 364/500
[reader] generated 366/500
[reader] generated 368/500
[reader] generated 370/500
[reader] generated 372/500
[reader] generated 374/500
[reader] generated 376/500
[reader] generated 378/500
[reader] generated 380/500
[reader] generated 382/500
[reader] generated 384/500
[reader] generated 386/500
[reader] generated 388/500
[reader] generated 390/500
[reader] generated 392/500
[reader] generated 394/500
[reader] generated 396/500
[reader] generated 398/500
[reader] generated 400/500
[reader] generated 402/500
[reader] generated 404/500
[reader] generated 406/500
[reader] generated 408/500
[reader] generated 410/500
[reader] generated 412/500
[reader] generated 414/500
[reader] generated 416/500
[reader] generated 418/500
[reader] generated 420/500
[reader] generated 422/500
[reader] generated 424/500
[reader] generated 426/500
[reader] generated 428/500
[reader] generated 430/500
[reader] generated 432/500
[reader] generated 434/500
[reader] generated 436/500
[reader] generated 438/500
[reader] generated 440/500
[reader] generated 442/500
[reader] generated 444/500
[reader] generated 446/500
[reader] generated 448/500
[reader] generated 450/500
[reader] generated 452/500
[reader] generated 454/500
[reader] generated 456/500
[reader] generated 458/500
[reader] generated 460/500
[reader] generated 462/500
[reader] generated 464/500
[reader] generated 466/500
[reader] generated 468/500
[reader] generated 470/500
[reader] generated 472/500
[reader] generated 474/500
[reader] generated 476/500
[reader] generated 478/500
[reader] generated 480/500
[reader] generated 482/500
[reader] generated 484/500
[reader] generated 486/500
[reader] generated 488/500
[reader] generated 490/500
[reader] generated 492/500
[reader] generated 494/500
[reader] generated 496/500
[reader] generated 498/500
[reader] generated 500/500
[stage3] policy=bm25_packed_280, router_type=fixed, method=bm25, reader_context=packed_snippets, reader_model=Qwen/Qwen2.5-3B-Instruct, ace_retriever=none, compressor=none, hybrid_alpha=, packed_token_budget=280, candidate_policies=, selection_counts=, recall@1=0.331, all_gold@1=0.0, recall@2=0.445, all_gold@2=0.13, recall@5=0.645, all_gold@5=0.388, qwen_em=0.274, qwen_f1=0.3814, avg_reader_evidence_tokens=268.54
[stage3] materializing policy=hybrid_packed_280
[stage3] generating policy=hybrid_packed_280
[reader] generated 2/500
[reader] generated 4/500
[reader] generated 6/500
[reader] generated 8/500
[reader] generated 10/500
[reader] generated 12/500
[reader] generated 14/500
[reader] generated 16/500
[reader] generated 18/500
[reader] generated 20/500
[reader] generated 22/500
[reader] generated 24/500
[reader] generated 26/500
[reader] generated 28/500
[reader] generated 30/500
[reader] generated 32/500
[reader] generated 34/500
[reader] generated 36/500
[reader] generated 38/500
[reader] generated 40/500
[reader] generated 42/500
[reader] generated 44/500
[reader] generated 46/500
[reader] generated 48/500
[reader] generated 50/500
[reader] generated 52/500
[reader] generated 54/500
[reader] generated 56/500
[reader] generated 58/500
[reader] generated 60/500
[reader] generated 62/500
[reader] generated 64/500
[reader] generated 66/500
[reader] generated 68/500
[reader] generated 70/500
[reader] generated 72/500
[reader] generated 74/500
[reader] generated 76/500
[reader] generated 78/500
[reader] generated 80/500
[reader] generated 82/500
[reader] generated 84/500
[reader] generated 86/500
[reader] generated 88/500
[reader] generated 90/500
[reader] generated 92/500
[reader] generated 94/500
[reader] generated 96/500
[reader] generated 98/500
[reader] generated 100/500
[reader] generated 102/500
[reader] generated 104/500
[reader] generated 106/500
[reader] generated 108/500
[reader] generated 110/500
[reader] generated 112/500
[reader] generated 114/500
[reader] generated 116/500
[reader] generated 118/500
[reader] generated 120/500
[reader] generated 122/500
[reader] generated 124/500
[reader] generated 126/500
[reader] generated 128/500
[reader] generated 130/500
[reader] generated 132/500
[reader] generated 134/500
[reader] generated 136/500
[reader] generated 138/500
[reader] generated 140/500
[reader] generated 142/500
[reader] generated 144/500
[reader] generated 146/500
[reader] generated 148/500
[reader] generated 150/500
[reader] generated 152/500
[reader] generated 154/500
[reader] generated 156/500
[reader] generated 158/500
[reader] generated 160/500
[reader] generated 162/500
[reader] generated 164/500
[reader] generated 166/500
[reader] generated 168/500
[reader] generated 170/500
[reader] generated 172/500
[reader] generated 174/500
[reader] generated 176/500
[reader] generated 178/500
[reader] generated 180/500
[reader] generated 182/500
[reader] generated 184/500
[reader] generated 186/500
[reader] generated 188/500
[reader] generated 190/500
[reader] generated 192/500
[reader] generated 194/500
[reader] generated 196/500
[reader] generated 198/500
[reader] generated 200/500
[reader] generated 202/500
[reader] generated 204/500
[reader] generated 206/500
[reader] generated 208/500
[reader] generated 210/500
[reader] generated 212/500
[reader] generated 214/500
[reader] generated 216/500
[reader] generated 218/500
[reader] generated 220/500
[reader] generated 222/500
[reader] generated 224/500
[reader] generated 226/500
[reader] generated 228/500
[reader] generated 230/500
[reader] generated 232/500
[reader] generated 234/500
[reader] generated 236/500
[reader] generated 238/500
[reader] generated 240/500
[reader] generated 242/500
[reader] generated 244/500
[reader] generated 246/500
[reader] generated 248/500
[reader] generated 250/500
[reader] generated 252/500
[reader] generated 254/500
[reader] generated 256/500
[reader] generated 258/500
[reader] generated 260/500
[reader] generated 262/500
[reader] generated 264/500
[reader] generated 266/500
[reader] generated 268/500
[reader] generated 270/500
[reader] generated 272/500
[reader] generated 274/500
[reader] generated 276/500
[reader] generated 278/500
[reader] generated 280/500
[reader] generated 282/500
[reader] generated 284/500
[reader] generated 286/500
[reader] generated 288/500
[reader] generated 290/500
[reader] generated 292/500
[reader] generated 294/500
[reader] generated 296/500
[reader] generated 298/500
[reader] generated 300/500
[reader] generated 302/500
[reader] generated 304/500
[reader] generated 306/500
[reader] generated 308/500
[reader] generated 310/500
[reader] generated 312/500
[reader] generated 314/500
[reader] generated 316/500
[reader] generated 318/500
[reader] generated 320/500
[reader] generated 322/500
[reader] generated 324/500
[reader] generated 326/500
[reader] generated 328/500
[reader] generated 330/500
[reader] generated 332/500
[reader] generated 334/500
[reader] generated 336/500
[reader] generated 338/500
[reader] generated 340/500
[reader] generated 342/500
[reader] generated 344/500
[reader] generated 346/500
[reader] generated 348/500
[reader] generated 350/500
[reader] generated 352/500
[reader] generated 354/500
[reader] generated 356/500
[reader] generated 358/500
[reader] generated 360/500
[reader] generated 362/500
[reader] generated 364/500
[reader] generated 366/500
[reader] generated 368/500
[reader] generated 370/500
[reader] generated 372/500
[reader] generated 374/500
[reader] generated 376/500
[reader] generated 378/500
[reader] generated 380/500
[reader] generated 382/500
[reader] generated 384/500
[reader] generated 386/500
[reader] generated 388/500
[reader] generated 390/500
[reader] generated 392/500
[reader] generated 394/500
[reader] generated 396/500
[reader] generated 398/500
[reader] generated 400/500
[reader] generated 402/500
[reader] generated 404/500
[reader] generated 406/500
[reader] generated 408/500
[reader] generated 410/500
[reader] generated 412/500
[reader] generated 414/500
[reader] generated 416/500
[reader] generated 418/500
[reader] generated 420/500
[reader] generated 422/500
[reader] generated 424/500
[reader] generated 426/500
[reader] generated 428/500
[reader] generated 430/500
[reader] generated 432/500
[reader] generated 434/500
[reader] generated 436/500
[reader] generated 438/500
[reader] generated 440/500
[reader] generated 442/500
[reader] generated 444/500
[reader] generated 446/500
[reader] generated 448/500
[reader] generated 450/500
[reader] generated 452/500
[reader] generated 454/500
[reader] generated 456/500
[reader] generated 458/500
[reader] generated 460/500
[reader] generated 462/500
[reader] generated 464/500
[reader] generated 466/500
[reader] generated 468/500
[reader] generated 470/500
[reader] generated 472/500
[reader] generated 474/500
[reader] generated 476/500
[reader] generated 478/500
[reader] generated 480/500
[reader] generated 482/500
[reader] generated 484/500
[reader] generated 486/500
[reader] generated 488/500
[reader] generated 490/500
[reader] generated 492/500
[reader] generated 494/500
[reader] generated 496/500
[reader] generated 498/500
[reader] generated 500/500
[stage3] policy=hybrid_packed_280, router_type=fixed, method=hybrid, reader_context=packed_snippets, reader_model=Qwen/Qwen2.5-3B-Instruct, ace_retriever=none, compressor=none, hybrid_alpha=0.5, packed_token_budget=280, candidate_policies=, selection_counts=, recall@1=0.418, all_gold@1=0.0, recall@2=0.619, all_gold@2=0.326, recall@5=0.796, all_gold@5=0.616, qwen_em=0.3, qwen_f1=0.4069, avg_reader_evidence_tokens=267.59
[stage3] materializing policy=ace_packed_280
[stage3] generating policy=ace_packed_280
[reader] generated 2/500
[reader] generated 4/500
[reader] generated 6/500
[reader] generated 8/500
[reader] generated 10/500
[reader] generated 12/500
[reader] generated 14/500
[reader] generated 16/500
[reader] generated 18/500
[reader] generated 20/500
[reader] generated 22/500
[reader] generated 24/500
[reader] generated 26/500
[reader] generated 28/500
[reader] generated 30/500
[reader] generated 32/500
[reader] generated 34/500
[reader] generated 36/500
[reader] generated 38/500
[reader] generated 40/500
[reader] generated 42/500
[reader] generated 44/500
[reader] generated 46/500
[reader] generated 48/500
[reader] generated 50/500
[reader] generated 52/500
[reader] generated 54/500
[reader] generated 56/500
[reader] generated 58/500
[reader] generated 60/500
[reader] generated 62/500
[reader] generated 64/500
[reader] generated 66/500
[reader] generated 68/500
[reader] generated 70/500
[reader] generated 72/500
[reader] generated 74/500
[reader] generated 76/500
[reader] generated 78/500
[reader] generated 80/500
[reader] generated 82/500
[reader] generated 84/500
[reader] generated 86/500
[reader] generated 88/500
[reader] generated 90/500
[reader] generated 92/500
[reader] generated 94/500
[reader] generated 96/500
[reader] generated 98/500
[reader] generated 100/500
[reader] generated 102/500
[reader] generated 104/500
[reader] generated 106/500
[reader] generated 108/500
[reader] generated 110/500
[reader] generated 112/500
[reader] generated 114/500
[reader] generated 116/500
[reader] generated 118/500
[reader] generated 120/500
[reader] generated 122/500
[reader] generated 124/500
[reader] generated 126/500
[reader] generated 128/500
[reader] generated 130/500
[reader] generated 132/500
[reader] generated 134/500
[reader] generated 136/500
[reader] generated 138/500
[reader] generated 140/500
[reader] generated 142/500
[reader] generated 144/500
[reader] generated 146/500
[reader] generated 148/500
[reader] generated 150/500
[reader] generated 152/500
[reader] generated 154/500
[reader] generated 156/500
[reader] generated 158/500
[reader] generated 160/500
[reader] generated 162/500
[reader] generated 164/500
[reader] generated 166/500
[reader] generated 168/500
[reader] generated 170/500
[reader] generated 172/500
[reader] generated 174/500
[reader] generated 176/500
[reader] generated 178/500
[reader] generated 180/500
[reader] generated 182/500
[reader] generated 184/500
[reader] generated 186/500
[reader] generated 188/500
[reader] generated 190/500
[reader] generated 192/500
[reader] generated 194/500
[reader] generated 196/500
[reader] generated 198/500
[reader] generated 200/500
[reader] generated 202/500
[reader] generated 204/500
[reader] generated 206/500
[reader] generated 208/500
[reader] generated 210/500
[reader] generated 212/500
[reader] generated 214/500
[reader] generated 216/500
[reader] generated 218/500
[reader] generated 220/500
[reader] generated 222/500
[reader] generated 224/500
[reader] generated 226/500
[reader] generated 228/500
[reader] generated 230/500
[reader] generated 232/500
[reader] generated 234/500
[reader] generated 236/500
[reader] generated 238/500
[reader] generated 240/500
[reader] generated 242/500
[reader] generated 244/500
[reader] generated 246/500
[reader] generated 248/500
[reader] generated 250/500
[reader] generated 252/500
[reader] generated 254/500
[reader] generated 256/500
[reader] generated 258/500
[reader] generated 260/500
[reader] generated 262/500
[reader] generated 264/500
[reader] generated 266/500
[reader] generated 268/500
[reader] generated 270/500
[reader] generated 272/500
[reader] generated 274/500
[reader] generated 276/500
[reader] generated 278/500
[reader] generated 280/500
[reader] generated 282/500
[reader] generated 284/500
[reader] generated 286/500
[reader] generated 288/500
[reader] generated 290/500
[reader] generated 292/500
[reader] generated 294/500
[reader] generated 296/500
[reader] generated 298/500
[reader] generated 300/500
[reader] generated 302/500
[reader] generated 304/500
[reader] generated 306/500
[reader] generated 308/500
[reader] generated 310/500
[reader] generated 312/500
[reader] generated 314/500
[reader] generated 316/500
[reader] generated 318/500
[reader] generated 320/500
[reader] generated 322/500
[reader] generated 324/500
[reader] generated 326/500
[reader] generated 328/500
[reader] generated 330/500
[reader] generated 332/500
[reader] generated 334/500
[reader] generated 336/500
[reader] generated 338/500
[reader] generated 340/500
[reader] generated 342/500
[reader] generated 344/500
[reader] generated 346/500
[reader] generated 348/500
[reader] generated 350/500
[reader] generated 352/500
[reader] generated 354/500
[reader] generated 356/500
[reader] generated 358/500
[reader] generated 360/500
[reader] generated 362/500
[reader] generated 364/500
[reader] generated 366/500
[reader] generated 368/500
[reader] generated 370/500
[reader] generated 372/500
[reader] generated 374/500
[reader] generated 376/500
[reader] generated 378/500
[reader] generated 380/500
[reader] generated 382/500
[reader] generated 384/500
[reader] generated 386/500
[reader] generated 388/500
[reader] generated 390/500
[reader] generated 392/500
[reader] generated 394/500
[reader] generated 396/500
[reader] generated 398/500
[reader] generated 400/500
[reader] generated 402/500
[reader] generated 404/500
[reader] generated 406/500
[reader] generated 408/500
[reader] generated 410/500
[reader] generated 412/500
[reader] generated 414/500
[reader] generated 416/500
[reader] generated 418/500
[reader] generated 420/500
[reader] generated 422/500
[reader] generated 424/500
[reader] generated 426/500
[reader] generated 428/500
[reader] generated 430/500
[reader] generated 432/500
[reader] generated 434/500
[reader] generated 436/500
[reader] generated 438/500
[reader] generated 440/500
[reader] generated 442/500
[reader] generated 444/500
[reader] generated 446/500
[reader] generated 448/500
[reader] generated 450/500
[reader] generated 452/500
[reader] generated 454/500
[reader] generated 456/500
[reader] generated 458/500
[reader] generated 460/500
[reader] generated 462/500
[reader] generated 464/500
[reader] generated 466/500
[reader] generated 468/500
[reader] generated 470/500
[reader] generated 472/500
[reader] generated 474/500
[reader] generated 476/500
[reader] generated 478/500
[reader] generated 480/500
[reader] generated 482/500
[reader] generated 484/500
[reader] generated 486/500
[reader] generated 488/500
[reader] generated 490/500
[reader] generated 492/500
[reader] generated 494/500
[reader] generated 496/500
[reader] generated 498/500
[reader] generated 500/500
[stage3] policy=ace_packed_280, router_type=fixed, method=ace_graph, reader_context=packed_snippets, reader_model=Qwen/Qwen2.5-3B-Instruct, ace_retriever=standard, compressor=truncate:320, hybrid_alpha=, packed_token_budget=280, candidate_policies=, selection_counts=, recall@1=0.411, all_gold@1=0.0, recall@2=0.652, all_gold@2=0.392, recall@5=0.822, all_gold@5=0.67, qwen_em=0.346, qwen_f1=0.4481, avg_reader_evidence_tokens=266.8
[stage3] materializing policy=ace_focused_220
[stage3] generating policy=ace_focused_220
[reader] generated 2/500
[reader] generated 4/500
[reader] generated 6/500
[reader] generated 8/500
[reader] generated 10/500
[reader] generated 12/500
[reader] generated 14/500
[reader] generated 16/500
[reader] generated 18/500
[reader] generated 20/500
[reader] generated 22/500
[reader] generated 24/500
[reader] generated 26/500
[reader] generated 28/500
[reader] generated 30/500
[reader] generated 32/500
[reader] generated 34/500
[reader] generated 36/500
[reader] generated 38/500
[reader] generated 40/500
[reader] generated 42/500
[reader] generated 44/500
[reader] generated 46/500
[reader] generated 48/500
[reader] generated 50/500
[reader] generated 52/500
[reader] generated 54/500
[reader] generated 56/500
[reader] generated 58/500
[reader] generated 60/500
[reader] generated 62/500
[reader] generated 64/500
[reader] generated 66/500
[reader] generated 68/500
[reader] generated 70/500
[reader] generated 72/500
[reader] generated 74/500
[reader] generated 76/500
[reader] generated 78/500
[reader] generated 80/500
[reader] generated 82/500
[reader] generated 84/500
[reader] generated 86/500
[reader] generated 88/500
[reader] generated 90/500
[reader] generated 92/500
[reader] generated 94/500
[reader] generated 96/500
[reader] generated 98/500
[reader] generated 100/500
[reader] generated 102/500
[reader] generated 104/500
[reader] generated 106/500
[reader] generated 108/500
[reader] generated 110/500
[reader] generated 112/500
[reader] generated 114/500
[reader] generated 116/500
[reader] generated 118/500
[reader] generated 120/500
[reader] generated 122/500
[reader] generated 124/500
[reader] generated 126/500
[reader] generated 128/500
[reader] generated 130/500
[reader] generated 132/500
[reader] generated 134/500
[reader] generated 136/500
[reader] generated 138/500
[reader] generated 140/500
[reader] generated 142/500
[reader] generated 144/500
[reader] generated 146/500
[reader] generated 148/500
[reader] generated 150/500
[reader] generated 152/500
[reader] generated 154/500
[reader] generated 156/500
[reader] generated 158/500
[reader] generated 160/500
[reader] generated 162/500
[reader] generated 164/500
[reader] generated 166/500
[reader] generated 168/500
[reader] generated 170/500
[reader] generated 172/500
[reader] generated 174/500
[reader] generated 176/500
[reader] generated 178/500
[reader] generated 180/500
[reader] generated 182/500
[reader] generated 184/500
[reader] generated 186/500
[reader] generated 188/500
[reader] generated 190/500
[reader] generated 192/500
[reader] generated 194/500
[reader] generated 196/500
[reader] generated 198/500
[reader] generated 200/500
[reader] generated 202/500
[reader] generated 204/500
[reader] generated 206/500
[reader] generated 208/500
[reader] generated 210/500
[reader] generated 212/500
[reader] generated 214/500
[reader] generated 216/500
[reader] generated 218/500
[reader] generated 220/500
[reader] generated 222/500
[reader] generated 224/500
[reader] generated 226/500
[reader] generated 228/500
[reader] generated 230/500
[reader] generated 232/500
[reader] generated 234/500
[reader] generated 236/500
[reader] generated 238/500
[reader] generated 240/500
[reader] generated 242/500
[reader] generated 244/500
[reader] generated 246/500
[reader] generated 248/500
[reader] generated 250/500
[reader] generated 252/500
[reader] generated 254/500
[reader] generated 256/500
[reader] generated 258/500
[reader] generated 260/500
[reader] generated 262/500
[reader] generated 264/500
[reader] generated 266/500
[reader] generated 268/500
[reader] generated 270/500
[reader] generated 272/500
[reader] generated 274/500
[reader] generated 276/500
[reader] generated 278/500
[reader] generated 280/500
[reader] generated 282/500
[reader] generated 284/500
[reader] generated 286/500
[reader] generated 288/500
[reader] generated 290/500
[reader] generated 292/500
[reader] generated 294/500
[reader] generated 296/500
[reader] generated 298/500
[reader] generated 300/500
[reader] generated 302/500
[reader] generated 304/500
[reader] generated 306/500
[reader] generated 308/500
[reader] generated 310/500
[reader] generated 312/500
[reader] generated 314/500
[reader] generated 316/500
[reader] generated 318/500
[reader] generated 320/500
[reader] generated 322/500
[reader] generated 324/500
[reader] generated 326/500
[reader] generated 328/500
[reader] generated 330/500
[reader] generated 332/500
[reader] generated 334/500
[reader] generated 336/500
[reader] generated 338/500
[reader] generated 340/500
[reader] generated 342/500
[reader] generated 344/500
[reader] generated 346/500
[reader] generated 348/500
[reader] generated 350/500
[reader] generated 352/500
[reader] generated 354/500
[reader] generated 356/500
[reader] generated 358/500
[reader] generated 360/500
[reader] generated 362/500
[reader] generated 364/500
[reader] generated 366/500
[reader] generated 368/500
[reader] generated 370/500
[reader] generated 372/500
[reader] generated 374/500
[reader] generated 376/500
[reader] generated 378/500
[reader] generated 380/500
[reader] generated 382/500
[reader] generated 384/500
[reader] generated 386/500
[reader] generated 388/500
[reader] generated 390/500
[reader] generated 392/500
[reader] generated 394/500
[reader] generated 396/500
[reader] generated 398/500
[reader] generated 400/500
[reader] generated 402/500
[reader] generated 404/500
[reader] generated 406/500
[reader] generated 408/500
[reader] generated 410/500
[reader] generated 412/500
[reader] generated 414/500
[reader] generated 416/500
[reader] generated 418/500
[reader] generated 420/500
[reader] generated 422/500
[reader] generated 424/500
[reader] generated 426/500
[reader] generated 428/500
[reader] generated 430/500
[reader] generated 432/500
[reader] generated 434/500
[reader] generated 436/500
[reader] generated 438/500
[reader] generated 440/500
[reader] generated 442/500
[reader] generated 444/500
[reader] generated 446/500
[reader] generated 448/500
[reader] generated 450/500
[reader] generated 452/500
[reader] generated 454/500
[reader] generated 456/500
[reader] generated 458/500
[reader] generated 460/500
[reader] generated 462/500
[reader] generated 464/500
[reader] generated 466/500
[reader] generated 468/500
[reader] generated 470/500
[reader] generated 472/500
[reader] generated 474/500
[reader] generated 476/500
[reader] generated 478/500
[reader] generated 480/500
[reader] generated 482/500
[reader] generated 484/500
[reader] generated 486/500
[reader] generated 488/500
[reader] generated 490/500
[reader] generated 492/500
[reader] generated 494/500
[reader] generated 496/500
[reader] generated 498/500
[reader] generated 500/500
[stage3] policy=ace_focused_220, router_type=fixed, method=ace_graph, reader_context=focused_packed, reader_model=Qwen/Qwen2.5-3B-Instruct, ace_retriever=standard, compressor=truncate:320, hybrid_alpha=, packed_token_budget=220, candidate_policies=, selection_counts=, recall@1=0.411, all_gold@1=0.0, recall@2=0.652, all_gold@2=0.392, recall@5=0.822, all_gold@5=0.67, qwen_em=0.34, qwen_f1=0.4363, avg_reader_evidence_tokens=208.21
[stage3] policy=router_rule, router_type=rule, method=adaptive_router, reader_context=routed, reader_model=Qwen/Qwen2.5-3B-Instruct, ace_retriever=, compressor=, hybrid_alpha=, packed_token_budget=, candidate_policies=chunk_packed_280|bm25_packed_280|hybrid_packed_280|ace_packed_280|ace_focused_220, selection_counts={"ace_focused_220": 266, "ace_packed_280": 10, "bm25_packed_280": 2, "chunk_packed_280": 212, "hybrid_packed_280": 10}, recall@1=0.304, all_gold@1=0.0, recall@2=0.529, all_gold@2=0.224, recall@5=0.829, all_gold@5=0.682, qwen_em=0.298, qwen_f1=0.4054, avg_reader_evidence_tokens=235.95
[stage3] policy=router_oracle, router_type=oracle, method=adaptive_router, reader_context=routed, reader_model=Qwen/Qwen2.5-3B-Instruct, ace_retriever=, compressor=, hybrid_alpha=, packed_token_budget=, candidate_policies=chunk_packed_280|bm25_packed_280|hybrid_packed_280|ace_packed_280|ace_focused_220, selection_counts={"ace_focused_220": 383, "ace_packed_280": 36, "bm25_packed_280": 29, "chunk_packed_280": 28, "hybrid_packed_280": 24}, recall@1=0.336, all_gold@1=0.0, recall@2=0.573, all_gold@2=0.276, recall@5=0.825, all_gold@5=0.674, qwen_em=0.482, qwen_f1=0.6004, avg_reader_evidence_tokens=219.82
wrote /kaggle/working/colab_results/stage3_hotpotqa_seed7_routerfix_limit500_qwen3b/hotpotqa_stage3_router_standard_limit500_metrics.csv
wrote /kaggle/working/colab_results/stage3_hotpotqa_seed7_routerfix_limit500_qwen3b/hotpotqa_stage3_router_standard_limit500_predictions.jsonl
wrote /kaggle/working/colab_results/stage3_hotpotqa_seed7_routerfix_limit500_qwen3b/hotpotqa_stage3_router_standard_limit500_router_features.csv
[done] stage3_hotpotqa_seed7_routerfix_limit500_qwen3b
[start] stage3_hotpotqa_seed13_routerfix_limit500_qwen3b
$ /usr/bin/python3 -m experiments.run_stage3_router --dataset hotpotqa --split validation --seed 13 --limit 500 --embed-device cuda --compressor truncate --compress-dims 320 --top-k-nodes 48 --max-expanded-docs 5 --ace-retriever standard --reader-model Qwen/Qwen2.5-3B-Instruct --reader-device cuda --reader-batch-size 2 --out-dir /kaggle/working/colab_results/stage3_hotpotqa_seed13_routerfix_limit500_qwen3b
hotpotqa[hf:validation:500]: 4933 docs, 500 questions, 2.00 gold docs/question
[stage3] retrieving chunk baseline
2026-06-27 12:02:13.586708: E external/local_xla/xla/stream_executor/cuda/cuda_fft.cc:467] Unable to register cuFFT factory: Attempting to register factory for plugin cuFFT when one has already been registered
WARNING: All log messages before absl::InitializeLog() is called are written to STDERR
E0000 00:00:1782561733.609970    1129 cuda_dnn.cc:8579] Unable to register cuDNN factory: Attempting to register factory for plugin cuDNN when one has already been registered
E0000 00:00:1782561733.618004    1129 cuda_blas.cc:1407] Unable to register cuBLAS factory: Attempting to register factory for plugin cuBLAS when one has already been registered
W0000 00:00:1782561733.639011    1129 computation_placer.cc:177] computation placer already registered. Please check linkage and avoid linking the same target more than once.
W0000 00:00:1782561733.639066    1129 computation_placer.cc:177] computation placer already registered. Please check linkage and avoid linking the same target more than once.
W0000 00:00:1782561733.639072    1129 computation_placer.cc:177] computation placer already registered. Please check linkage and avoid linking the same target more than once.
W0000 00:00:1782561733.639077    1129 computation_placer.cc:177] computation placer already registered. Please check linkage and avoid linking the same target more than once.
[chunk] fitting/indexing
[embed] encoding 4933 texts on device=cuda:0

Batches:   0%|          | 0/78 [00:00<?, ?it/s]
Batches:   1%|▏         | 1/78 [00:00<01:14,  1.04it/s]
Batches:   3%|▎         | 2/78 [00:01<00:54,  1.40it/s]
Batches:   4%|▍         | 3/78 [00:01<00:43,  1.73it/s]
Batches:   5%|▌         | 4/78 [00:02<00:38,  1.92it/s]
Batches:   6%|▋         | 5/78 [00:02<00:34,  2.14it/s]
Batches:   8%|▊         | 6/78 [00:03<00:30,  2.38it/s]
Batches:   9%|▉         | 7/78 [00:03<00:28,  2.50it/s]
Batches:  10%|█         | 8/78 [00:03<00:26,  2.66it/s]
Batches:  12%|█▏        | 9/78 [00:04<00:25,  2.74it/s]
Batches:  13%|█▎        | 10/78 [00:04<00:23,  2.85it/s]
Batches:  14%|█▍        | 11/78 [00:04<00:22,  3.02it/s]
Batches:  15%|█▌        | 12/78 [00:04<00:20,  3.18it/s]
Batches:  17%|█▋        | 13/78 [00:05<00:19,  3.36it/s]
Batches:  18%|█▊        | 14/78 [00:05<00:18,  3.48it/s]
Batches:  19%|█▉        | 15/78 [00:05<00:17,  3.58it/s]
Batches:  21%|██        | 16/78 [00:06<00:17,  3.64it/s]
Batches:  22%|██▏       | 17/78 [00:06<00:16,  3.78it/s]
Batches:  23%|██▎       | 18/78 [00:06<00:15,  3.76it/s]
Batches:  24%|██▍       | 19/78 [00:06<00:15,  3.90it/s]
Batches:  26%|██▌       | 20/78 [00:06<00:13,  4.20it/s]
Batches:  27%|██▋       | 21/78 [00:07<00:13,  4.33it/s]
Batches:  28%|██▊       | 22/78 [00:07<00:12,  4.40it/s]
Batches:  29%|██▉       | 23/78 [00:07<00:12,  4.47it/s]
Batches:  31%|███       | 24/78 [00:07<00:11,  4.52it/s]
Batches:  32%|███▏      | 25/78 [00:08<00:11,  4.61it/s]
Batches:  33%|███▎      | 26/78 [00:08<00:11,  4.70it/s]
Batches:  35%|███▍      | 27/78 [00:08<00:10,  4.83it/s]
Batches:  36%|███▌      | 28/78 [00:08<00:09,  5.03it/s]
Batches:  37%|███▋      | 29/78 [00:08<00:09,  5.03it/s]
Batches:  38%|███▊      | 30/78 [00:09<00:09,  4.88it/s]
Batches:  40%|███▉      | 31/78 [00:09<00:09,  4.98it/s]
Batches:  41%|████      | 32/78 [00:09<00:09,  4.95it/s]
Batches:  42%|████▏     | 33/78 [00:09<00:08,  5.12it/s]
Batches:  44%|████▎     | 34/78 [00:09<00:08,  5.48it/s]
Batches:  45%|████▍     | 35/78 [00:09<00:07,  5.53it/s]
Batches:  46%|████▌     | 36/78 [00:10<00:07,  5.64it/s]
Batches:  47%|████▋     | 37/78 [00:10<00:07,  5.79it/s]
Batches:  49%|████▊     | 38/78 [00:10<00:06,  5.81it/s]
Batches:  50%|█████     | 39/78 [00:10<00:06,  6.06it/s]
Batches:  51%|█████▏    | 40/78 [00:10<00:06,  5.98it/s]
Batches:  53%|█████▎    | 41/78 [00:10<00:06,  6.06it/s]
Batches:  54%|█████▍    | 42/78 [00:11<00:05,  6.08it/s]
Batches:  55%|█████▌    | 43/78 [00:11<00:05,  6.02it/s]
Batches:  56%|█████▋    | 44/78 [00:11<00:05,  6.36it/s]
Batches:  58%|█████▊    | 45/78 [00:11<00:05,  5.93it/s]
Batches:  59%|█████▉    | 46/78 [00:11<00:05,  6.06it/s]
Batches:  60%|██████    | 47/78 [00:11<00:05,  6.18it/s]
Batches:  62%|██████▏   | 48/78 [00:12<00:04,  6.49it/s]
Batches:  63%|██████▎   | 49/78 [00:12<00:04,  6.83it/s]
Batches:  64%|██████▍   | 50/78 [00:12<00:04,  6.96it/s]
Batches:  65%|██████▌   | 51/78 [00:12<00:03,  7.24it/s]
Batches:  67%|██████▋   | 52/78 [00:12<00:03,  7.49it/s]
Batches:  68%|██████▊   | 53/78 [00:12<00:03,  7.72it/s]
Batches:  69%|██████▉   | 54/78 [00:12<00:02,  8.02it/s]
Batches:  71%|███████   | 55/78 [00:12<00:02,  8.21it/s]
Batches:  72%|███████▏  | 56/78 [00:12<00:02,  8.36it/s]
Batches:  73%|███████▎  | 57/78 [00:13<00:02,  8.48it/s]
Batches:  74%|███████▍  | 58/78 [00:13<00:02,  8.39it/s]
Batches:  76%|███████▌  | 59/78 [00:13<00:02,  8.33it/s]
Batches:  77%|███████▋  | 60/78 [00:13<00:02,  8.48it/s]
Batches:  79%|███████▉  | 62/78 [00:13<00:01,  9.26it/s]
Batches:  81%|████████  | 63/78 [00:13<00:01,  9.42it/s]
Batches:  82%|████████▏ | 64/78 [00:13<00:01,  9.55it/s]
Batches:  83%|████████▎ | 65/78 [00:13<00:01,  9.36it/s]
Batches:  86%|████████▌ | 67/78 [00:14<00:01,  9.95it/s]
Batches:  88%|████████▊ | 69/78 [00:14<00:00, 10.54it/s]
Batches:  91%|█████████ | 71/78 [00:14<00:00, 11.07it/s]
Batches:  94%|█████████▎| 73/78 [00:14<00:00, 11.91it/s]
Batches:  96%|█████████▌| 75/78 [00:14<00:00, 13.18it/s]
Batches: 100%|██████████| 78/78 [00:14<00:00,  5.25it/s]
[chunk] retrieving
[embed] encoding 500 texts on device=cuda:0

Batches:   0%|          | 0/8 [00:00<?, ?it/s]
Batches:  38%|███▊      | 3/8 [00:00<00:00, 26.07it/s]
Batches:  88%|████████▊ | 7/8 [00:00<00:00, 30.79it/s]
Batches: 100%|██████████| 8/8 [00:00<00:00, 31.66it/s]
[stage3] retrieving BM25 baseline
[bm25] fitting/indexing
[bm25] retrieving
[stage3] retrieving hybrid baseline
[hybrid] fitting/indexing
[embed] encoding 4933 texts on device=cuda:0

Batches:   0%|          | 0/78 [00:00<?, ?it/s]
Batches:   1%|▏         | 1/78 [00:00<00:59,  1.30it/s]
Batches:   3%|▎         | 2/78 [00:01<00:49,  1.53it/s]
Batches:   4%|▍         | 3/78 [00:01<00:41,  1.81it/s]
Batches:   5%|▌         | 4/78 [00:02<00:38,  1.94it/s]
Batches:   6%|▋         | 5/78 [00:02<00:34,  2.13it/s]
Batches:   8%|▊         | 6/78 [00:02<00:30,  2.35it/s]
Batches:   9%|▉         | 7/78 [00:03<00:29,  2.43it/s]
Batches:  10%|█         | 8/78 [00:03<00:27,  2.59it/s]
Batches:  12%|█▏        | 9/78 [00:04<00:26,  2.65it/s]
Batches:  13%|█▎        | 10/78 [00:04<00:24,  2.75it/s]
Batches:  14%|█▍        | 11/78 [00:04<00:23,  2.86it/s]
Batches:  15%|█▌        | 12/78 [00:04<00:21,  3.02it/s]
Batches:  17%|█▋        | 13/78 [00:05<00:20,  3.19it/s]
Batches:  18%|█▊        | 14/78 [00:05<00:19,  3.34it/s]
Batches:  19%|█▉        | 15/78 [00:05<00:18,  3.49it/s]
Batches:  21%|██        | 16/78 [00:06<00:17,  3.58it/s]
Batches:  22%|██▏       | 17/78 [00:06<00:16,  3.67it/s]
Batches:  23%|██▎       | 18/78 [00:06<00:16,  3.65it/s]
Batches:  24%|██▍       | 19/78 [00:06<00:15,  3.76it/s]
Batches:  26%|██▌       | 20/78 [00:07<00:14,  4.03it/s]
Batches:  27%|██▋       | 21/78 [00:07<00:13,  4.12it/s]
Batches:  28%|██▊       | 22/78 [00:07<00:13,  4.20it/s]
Batches:  29%|██▉       | 23/78 [00:07<00:12,  4.23it/s]
Batches:  31%|███       | 24/78 [00:07<00:12,  4.27it/s]
Batches:  32%|███▏      | 25/78 [00:08<00:12,  4.37it/s]
Batches:  33%|███▎      | 26/78 [00:08<00:11,  4.43it/s]
Batches:  35%|███▍      | 27/78 [00:08<00:11,  4.56it/s]
Batches:  36%|███▌      | 28/78 [00:08<00:10,  4.74it/s]
Batches:  37%|███▋      | 29/78 [00:08<00:10,  4.74it/s]
Batches:  38%|███▊      | 30/78 [00:09<00:10,  4.60it/s]
Batches:  40%|███▉      | 31/78 [00:09<00:10,  4.69it/s]
Batches:  41%|████      | 32/78 [00:09<00:09,  4.67it/s]
Batches:  42%|████▏     | 33/78 [00:09<00:09,  4.84it/s]
Batches:  44%|████▎     | 34/78 [00:10<00:08,  4.98it/s]
Batches:  45%|████▍     | 35/78 [00:10<00:08,  5.08it/s]
Batches:  46%|████▌     | 36/78 [00:10<00:08,  5.18it/s]
Batches:  47%|████▋     | 37/78 [00:10<00:07,  5.35it/s]
Batches:  49%|████▊     | 38/78 [00:10<00:07,  5.39it/s]
Batches:  50%|█████     | 39/78 [00:10<00:06,  5.61it/s]
Batches:  51%|█████▏    | 40/78 [00:11<00:06,  5.55it/s]
Batches:  53%|█████▎    | 41/78 [00:11<00:06,  5.61it/s]
Batches:  54%|█████▍    | 42/78 [00:11<00:06,  5.64it/s]
Batches:  55%|█████▌    | 43/78 [00:11<00:06,  5.58it/s]
Batches:  56%|█████▋    | 44/78 [00:11<00:05,  5.90it/s]
Batches:  58%|█████▊    | 45/78 [00:11<00:05,  5.51it/s]
Batches:  59%|█████▉    | 46/78 [00:12<00:05,  5.60it/s]
Batches:  60%|██████    | 47/78 [00:12<00:05,  5.79it/s]
Batches:  62%|██████▏   | 48/78 [00:12<00:04,  6.07it/s]
Batches:  63%|██████▎   | 49/78 [00:12<00:04,  6.39it/s]
Batches:  64%|██████▍   | 50/78 [00:12<00:04,  6.47it/s]
Batches:  65%|██████▌   | 51/78 [00:12<00:04,  6.69it/s]
Batches:  67%|██████▋   | 52/78 [00:13<00:03,  6.91it/s]
Batches:  68%|██████▊   | 53/78 [00:13<00:03,  7.11it/s]
Batches:  69%|██████▉   | 54/78 [00:13<00:03,  7.23it/s]
Batches:  71%|███████   | 55/78 [00:13<00:03,  7.47it/s]
Batches:  72%|███████▏  | 56/78 [00:13<00:02,  7.64it/s]
Batches:  73%|███████▎  | 57/78 [00:13<00:02,  7.78it/s]
Batches:  74%|███████▍  | 58/78 [00:13<00:02,  7.91it/s]
Batches:  76%|███████▌  | 59/78 [00:13<00:02,  7.81it/s]
Batches:  77%|███████▋  | 60/78 [00:14<00:02,  7.89it/s]
Batches:  78%|███████▊  | 61/78 [00:14<00:02,  8.30it/s]
Batches:  79%|███████▉  | 62/78 [00:14<00:01,  8.57it/s]
Batches:  81%|████████  | 63/78 [00:14<00:01,  8.79it/s]
Batches:  82%|████████▏ | 64/78 [00:14<00:01,  8.89it/s]
Batches:  83%|████████▎ | 65/78 [00:14<00:01,  8.74it/s]
Batches:  86%|████████▌ | 67/78 [00:14<00:01,  9.24it/s]
Batches:  88%|████████▊ | 69/78 [00:14<00:00,  9.90it/s]
Batches:  91%|█████████ | 71/78 [00:15<00:00, 10.40it/s]
Batches:  94%|█████████▎| 73/78 [00:15<00:00, 11.22it/s]
Batches:  96%|█████████▌| 75/78 [00:15<00:00, 12.36it/s]
Batches: 100%|██████████| 78/78 [00:15<00:00, 16.29it/s]
Batches: 100%|██████████| 78/78 [00:15<00:00,  5.03it/s]
[hybrid] retrieving
[embed] encoding 500 texts on device=cuda:0

Batches:   0%|          | 0/8 [00:00<?, ?it/s]
Batches:  38%|███▊      | 3/8 [00:00<00:00, 25.72it/s]
Batches:  88%|████████▊ | 7/8 [00:00<00:00, 29.70it/s]
Batches: 100%|██████████| 8/8 [00:00<00:00, 30.62it/s]
[stage3] retrieving ACE graph
[ace] building evidence graph
[ace] graph built: nodes=50334 edges=77031
[ace] fitting/indexing embeddings
[embed] encoding 45401 texts on device=cuda:0

Batches:   0%|          | 0/710 [00:00<?, ?it/s]
Batches:   0%|          | 1/710 [00:00<05:44,  2.06it/s]
Batches:   0%|          | 2/710 [00:00<03:34,  3.30it/s]
Batches:   0%|          | 3/710 [00:00<02:37,  4.49it/s]
Batches:   1%|          | 4/710 [00:00<02:11,  5.37it/s]
Batches:   1%|          | 5/710 [00:01<01:52,  6.25it/s]
Batches:   1%|          | 6/710 [00:01<01:40,  7.00it/s]
Batches:   1%|          | 7/710 [00:01<01:30,  7.76it/s]
Batches:   1%|          | 8/710 [00:01<01:29,  7.84it/s]
Batches:   1%|▏         | 9/710 [00:01<01:25,  8.19it/s]
Batches:   2%|▏         | 11/710 [00:01<01:19,  8.78it/s]
Batches:   2%|▏         | 12/710 [00:01<01:17,  8.98it/s]
Batches:   2%|▏         | 14/710 [00:01<01:15,  9.22it/s]
Batches:   2%|▏         | 15/710 [00:02<01:15,  9.20it/s]
Batches:   2%|▏         | 16/710 [00:02<01:14,  9.36it/s]
Batches:   3%|▎         | 18/710 [00:02<01:07, 10.29it/s]
Batches:   3%|▎         | 20/710 [00:02<01:06, 10.34it/s]
Batches:   3%|▎         | 22/710 [00:02<01:03, 10.80it/s]
Batches:   3%|▎         | 24/710 [00:02<01:03, 10.78it/s]
Batches:   4%|▎         | 26/710 [00:03<00:59, 11.45it/s]
Batches:   4%|▍         | 28/710 [00:03<00:59, 11.54it/s]
Batches:   4%|▍         | 30/710 [00:03<00:58, 11.65it/s]
Batches:   5%|▍         | 32/710 [00:03<01:00, 11.16it/s]
Batches:   5%|▍         | 34/710 [00:03<00:57, 11.72it/s]
Batches:   5%|▌         | 36/710 [00:03<00:54, 12.26it/s]
Batches:   5%|▌         | 38/710 [00:04<00:53, 12.49it/s]
Batches:   6%|▌         | 40/710 [00:04<00:52, 12.82it/s]
Batches:   6%|▌         | 42/710 [00:04<00:51, 12.99it/s]
Batches:   6%|▌         | 44/710 [00:04<00:52, 12.61it/s]
Batches:   6%|▋         | 46/710 [00:04<00:51, 12.91it/s]
Batches:   7%|▋         | 48/710 [00:04<00:50, 12.99it/s]
Batches:   7%|▋         | 50/710 [00:04<00:50, 13.07it/s]
Batches:   7%|▋         | 52/710 [00:05<00:49, 13.28it/s]
Batches:   8%|▊         | 54/710 [00:05<00:49, 13.36it/s]
Batches:   8%|▊         | 56/710 [00:05<00:47, 13.86it/s]
Batches:   8%|▊         | 58/710 [00:05<00:44, 14.62it/s]
Batches:   8%|▊         | 60/710 [00:05<00:44, 14.58it/s]
Batches:   9%|▊         | 62/710 [00:05<00:45, 14.27it/s]
Batches:   9%|▉         | 64/710 [00:05<00:43, 14.84it/s]
Batches:   9%|▉         | 66/710 [00:06<00:42, 15.10it/s]
Batches:  10%|▉         | 68/710 [00:06<00:42, 14.99it/s]
Batches:  10%|▉         | 70/710 [00:06<00:41, 15.39it/s]
Batches:  10%|█         | 72/710 [00:06<00:41, 15.40it/s]
Batches:  10%|█         | 74/710 [00:06<00:39, 15.98it/s]
Batches:  11%|█         | 76/710 [00:06<00:41, 15.14it/s]
Batches:  11%|█         | 78/710 [00:06<00:40, 15.50it/s]
Batches:  11%|█▏        | 80/710 [00:06<00:40, 15.43it/s]
Batches:  12%|█▏        | 82/710 [00:07<00:40, 15.68it/s]
Batches:  12%|█▏        | 84/710 [00:07<00:39, 15.83it/s]
Batches:  12%|█▏        | 86/710 [00:07<00:41, 15.10it/s]
Batches:  12%|█▏        | 88/710 [00:07<00:39, 15.67it/s]
Batches:  13%|█▎        | 90/710 [00:07<00:38, 16.10it/s]
Batches:  13%|█▎        | 92/710 [00:07<00:36, 16.80it/s]
Batches:  13%|█▎        | 94/710 [00:07<00:36, 16.85it/s]
Batches:  14%|█▎        | 96/710 [00:07<00:35, 17.26it/s]
Batches:  14%|█▍        | 98/710 [00:08<00:34, 17.72it/s]
Batches:  14%|█▍        | 101/710 [00:08<00:33, 18.38it/s]
Batches:  15%|█▍        | 103/710 [00:08<00:34, 17.50it/s]
Batches:  15%|█▍        | 105/710 [00:08<00:34, 17.78it/s]
Batches:  15%|█▌        | 107/710 [00:08<00:34, 17.46it/s]
Batches:  15%|█▌        | 109/710 [00:08<00:33, 17.88it/s]
Batches:  16%|█▌        | 111/710 [00:08<00:32, 18.41it/s]
Batches:  16%|█▌        | 113/710 [00:08<00:32, 18.52it/s]
Batches:  16%|█▌        | 115/710 [00:08<00:32, 18.54it/s]
Batches:  16%|█▋        | 117/710 [00:09<00:32, 18.17it/s]
Batches:  17%|█▋        | 120/710 [00:09<00:30, 19.15it/s]
Batches:  17%|█▋        | 122/710 [00:09<00:31, 18.91it/s]
Batches:  17%|█▋        | 124/710 [00:09<00:31, 18.69it/s]
Batches:  18%|█▊        | 127/710 [00:09<00:30, 19.30it/s]
Batches:  18%|█▊        | 129/710 [00:09<00:30, 19.11it/s]
Batches:  18%|█▊        | 131/710 [00:09<00:30, 19.09it/s]
Batches:  19%|█▉        | 134/710 [00:09<00:30, 19.01it/s]
Batches:  19%|█▉        | 137/710 [00:10<00:29, 19.45it/s]
Batches:  20%|█▉        | 139/710 [00:10<00:29, 19.45it/s]
Batches:  20%|█▉        | 141/710 [00:10<00:29, 19.54it/s]
Batches:  20%|██        | 143/710 [00:10<00:29, 19.49it/s]
Batches:  21%|██        | 146/710 [00:10<00:28, 20.10it/s]
Batches:  21%|██        | 148/710 [00:10<00:29, 19.07it/s]
Batches:  21%|██        | 150/710 [00:10<00:29, 18.84it/s]
Batches:  22%|██▏       | 153/710 [00:10<00:28, 19.84it/s]
Batches:  22%|██▏       | 156/710 [00:11<00:26, 20.73it/s]
Batches:  22%|██▏       | 159/710 [00:11<00:26, 21.16it/s]
Batches:  23%|██▎       | 162/710 [00:11<00:26, 21.01it/s]
Batches:  23%|██▎       | 165/710 [00:11<00:25, 20.98it/s]
Batches:  24%|██▎       | 168/710 [00:11<00:25, 21.26it/s]
Batches:  24%|██▍       | 171/710 [00:11<00:25, 21.33it/s]
Batches:  25%|██▍       | 174/710 [00:11<00:24, 21.64it/s]
Batches:  25%|██▍       | 177/710 [00:12<00:24, 21.82it/s]
Batches:  25%|██▌       | 180/710 [00:12<00:23, 22.53it/s]
Batches:  26%|██▌       | 183/710 [00:12<00:23, 22.09it/s]
Batches:  26%|██▌       | 186/710 [00:12<00:23, 22.31it/s]
Batches:  27%|██▋       | 189/710 [00:12<00:22, 22.86it/s]
Batches:  27%|██▋       | 192/710 [00:12<00:22, 23.37it/s]
Batches:  27%|██▋       | 195/710 [00:12<00:21, 23.44it/s]
Batches:  28%|██▊       | 198/710 [00:12<00:21, 24.17it/s]
Batches:  28%|██▊       | 201/710 [00:13<00:20, 24.36it/s]
Batches:  29%|██▊       | 204/710 [00:13<00:20, 24.46it/s]
Batches:  29%|██▉       | 207/710 [00:13<00:20, 24.41it/s]
Batches:  30%|██▉       | 210/710 [00:13<00:20, 24.47it/s]
Batches:  30%|███       | 213/710 [00:13<00:20, 24.63it/s]
Batches:  30%|███       | 216/710 [00:13<00:19, 25.00it/s]
Batches:  31%|███       | 219/710 [00:13<00:20, 24.14it/s]
Batches:  31%|███▏      | 222/710 [00:13<00:19, 24.73it/s]
Batches:  32%|███▏      | 225/710 [00:13<00:19, 25.16it/s]
Batches:  32%|███▏      | 228/710 [00:14<00:18, 25.71it/s]
Batches:  33%|███▎      | 231/710 [00:14<00:20, 23.02it/s]
Batches:  33%|███▎      | 234/710 [00:14<00:20, 23.58it/s]
Batches:  33%|███▎      | 237/710 [00:14<00:19, 24.29it/s]
Batches:  34%|███▍      | 240/710 [00:14<00:18, 25.33it/s]
Batches:  34%|███▍      | 243/710 [00:14<00:18, 25.37it/s]
Batches:  35%|███▍      | 246/710 [00:14<00:17, 26.45it/s]
Batches:  35%|███▌      | 249/710 [00:14<00:16, 27.42it/s]
Batches:  35%|███▌      | 252/710 [00:15<00:16, 27.82it/s]
Batches:  36%|███▌      | 255/710 [00:15<00:16, 27.69it/s]
Batches:  36%|███▋      | 259/710 [00:15<00:15, 28.51it/s]
Batches:  37%|███▋      | 263/710 [00:15<00:15, 28.56it/s]
Batches:  38%|███▊      | 267/710 [00:15<00:15, 29.17it/s]
Batches:  38%|███▊      | 270/710 [00:15<00:15, 28.50it/s]
Batches:  39%|███▊      | 274/710 [00:15<00:14, 29.21it/s]
Batches:  39%|███▉      | 278/710 [00:15<00:14, 30.18it/s]
Batches:  40%|███▉      | 282/710 [00:16<00:13, 30.90it/s]
Batches:  40%|████      | 286/710 [00:16<00:13, 31.34it/s]
Batches:  41%|████      | 290/710 [00:16<00:13, 31.60it/s]
Batches:  41%|████▏     | 294/710 [00:16<00:12, 33.11it/s]
Batches:  42%|████▏     | 298/710 [00:16<00:12, 34.20it/s]
Batches:  43%|████▎     | 302/710 [00:16<00:11, 34.38it/s]
Batches:  43%|████▎     | 306/710 [00:16<00:11, 35.03it/s]
Batches:  44%|████▎     | 310/710 [00:16<00:11, 34.69it/s]
Batches:  44%|████▍     | 314/710 [00:16<00:11, 35.79it/s]
Batches:  45%|████▍     | 319/710 [00:17<00:10, 37.57it/s]
Batches:  46%|████▌     | 324/710 [00:17<00:09, 39.07it/s]
Batches:  46%|████▋     | 329/710 [00:17<00:09, 41.33it/s]
Batches:  47%|████▋     | 334/710 [00:17<00:08, 43.54it/s]
Batches:  48%|████▊     | 340/710 [00:17<00:07, 46.63it/s]
Batches:  49%|████▊     | 346/710 [00:17<00:07, 49.29it/s]
Batches:  50%|████▉     | 353/710 [00:17<00:06, 52.76it/s]
Batches:  51%|█████     | 359/710 [00:17<00:06, 54.32it/s]
Batches:  52%|█████▏    | 366/710 [00:17<00:06, 57.09it/s]
Batches:  53%|█████▎    | 373/710 [00:18<00:05, 60.22it/s]
Batches:  54%|█████▎    | 380/710 [00:18<00:05, 61.68it/s]
Batches:  55%|█████▍    | 387/710 [00:18<00:05, 63.02it/s]
Batches:  56%|█████▌    | 395/710 [00:18<00:04, 65.55it/s]
Batches:  57%|█████▋    | 402/710 [00:18<00:04, 65.62it/s]
Batches:  58%|█████▊    | 410/710 [00:18<00:04, 67.65it/s]
Batches:  59%|█████▉    | 418/710 [00:18<00:04, 69.65it/s]
Batches:  60%|██████    | 426/710 [00:18<00:04, 70.99it/s]
Batches:  61%|██████    | 434/710 [00:18<00:03, 72.02it/s]
Batches:  62%|██████▏   | 442/710 [00:19<00:03, 73.19it/s]
Batches:  63%|██████▎   | 450/710 [00:19<00:03, 73.77it/s]
Batches:  65%|██████▍   | 459/710 [00:19<00:03, 76.00it/s]
Batches:  66%|██████▌   | 467/710 [00:19<00:03, 75.12it/s]
Batches:  67%|██████▋   | 475/710 [00:19<00:03, 75.96it/s]
Batches:  68%|██████▊   | 484/710 [00:19<00:02, 77.54it/s]
Batches:  69%|██████▉   | 492/710 [00:19<00:02, 77.37it/s]
Batches:  71%|███████   | 501/710 [00:19<00:02, 79.93it/s]
Batches:  72%|███████▏  | 510/710 [00:19<00:02, 80.94it/s]
Batches:  73%|███████▎  | 519/710 [00:19<00:02, 82.39it/s]
Batches:  75%|███████▍  | 529/710 [00:20<00:02, 84.69it/s]
Batches:  76%|███████▌  | 538/710 [00:20<00:02, 84.47it/s]
Batches:  77%|███████▋  | 547/710 [00:20<00:01, 85.13it/s]
Batches:  78%|███████▊  | 556/710 [00:20<00:01, 85.82it/s]
Batches:  80%|███████▉  | 566/710 [00:20<00:01, 87.99it/s]
Batches:  81%|████████  | 576/710 [00:20<00:01, 89.09it/s]
Batches:  83%|████████▎ | 586/710 [00:20<00:01, 90.95it/s]
Batches:  84%|████████▍ | 596/710 [00:20<00:01, 92.21it/s]
Batches:  85%|████████▌ | 607/710 [00:20<00:01, 94.95it/s]
Batches:  87%|████████▋ | 618/710 [00:21<00:00, 96.79it/s]
Batches:  89%|████████▊ | 629/710 [00:21<00:00, 97.96it/s]
Batches:  90%|█████████ | 639/710 [00:21<00:00, 98.51it/s]
Batches:  92%|█████████▏| 650/710 [00:21<00:00, 99.35it/s]
Batches:  93%|█████████▎| 660/710 [00:21<00:00, 99.43it/s]
Batches:  95%|█████████▍| 671/710 [00:21<00:00, 100.32it/s]
Batches:  96%|█████████▌| 682/710 [00:21<00:00, 100.99it/s]
Batches:  98%|█████████▊| 693/710 [00:21<00:00, 100.67it/s]
Batches:  99%|█████████▉| 704/710 [00:21<00:00, 99.76it/s]
Batches: 100%|██████████| 710/710 [00:21<00:00, 32.35it/s]
[ace] retrieving
[embed] encoding 500 texts on device=cuda:0

Batches:   0%|          | 0/8 [00:00<?, ?it/s]
Batches:  38%|███▊      | 3/8 [00:00<00:00, 24.30it/s]
Batches:  75%|███████▌  | 6/8 [00:00<00:00, 27.25it/s]
Batches: 100%|██████████| 8/8 [00:00<00:00, 29.26it/s]
[stage3] loading Qwen reader once
`torch_dtype` is deprecated! Use `dtype` instead!

Loading checkpoint shards:   0%|          | 0/2 [00:00<?, ?it/s]
Loading checkpoint shards:  50%|█████     | 1/2 [00:02<00:02,  2.55s/it]
Loading checkpoint shards: 100%|██████████| 2/2 [00:03<00:00,  1.90s/it]
Loading checkpoint shards: 100%|██████████| 2/2 [00:03<00:00,  2.00s/it]
[reader] loaded Qwen/Qwen2.5-3B-Instruct on cuda:0
[stage3] materializing policy=chunk_packed_280
[stage3] generating policy=chunk_packed_280
The following generation flags are not valid and may be ignored: ['temperature', 'top_p', 'top_k']. Set `TRANSFORMERS_VERBOSITY=info` for more details.
[reader] generated 2/500
[reader] generated 4/500
[reader] generated 6/500
[reader] generated 8/500
[reader] generated 10/500
[reader] generated 12/500
[reader] generated 14/500
[reader] generated 16/500
[reader] generated 18/500
[reader] generated 20/500
[reader] generated 22/500
[reader] generated 24/500
[reader] generated 26/500
[reader] generated 28/500
[reader] generated 30/500
[reader] generated 32/500
[reader] generated 34/500
[reader] generated 36/500
[reader] generated 38/500
[reader] generated 40/500
[reader] generated 42/500
[reader] generated 44/500
[reader] generated 46/500
[reader] generated 48/500
[reader] generated 50/500
[reader] generated 52/500
[reader] generated 54/500
[reader] generated 56/500
[reader] generated 58/500
[reader] generated 60/500
[reader] generated 62/500
[reader] generated 64/500
[reader] generated 66/500
[reader] generated 68/500
[reader] generated 70/500
[reader] generated 72/500
[reader] generated 74/500
[reader] generated 76/500
[reader] generated 78/500
[reader] generated 80/500
[reader] generated 82/500
[reader] generated 84/500
[reader] generated 86/500
[reader] generated 88/500
[reader] generated 90/500
[reader] generated 92/500
[reader] generated 94/500
[reader] generated 96/500
[reader] generated 98/500
[reader] generated 100/500
[reader] generated 102/500
[reader] generated 104/500
[reader] generated 106/500
[reader] generated 108/500
[reader] generated 110/500
[reader] generated 112/500
[reader] generated 114/500
[reader] generated 116/500
[reader] generated 118/500
[reader] generated 120/500
[reader] generated 122/500
[reader] generated 124/500
[reader] generated 126/500
[reader] generated 128/500
[reader] generated 130/500
[reader] generated 132/500
[reader] generated 134/500
[reader] generated 136/500
[reader] generated 138/500
[reader] generated 140/500
[reader] generated 142/500
[reader] generated 144/500
[reader] generated 146/500
[reader] generated 148/500
[reader] generated 150/500
[reader] generated 152/500
[reader] generated 154/500
[reader] generated 156/500
[reader] generated 158/500
[reader] generated 160/500
[reader] generated 162/500
[reader] generated 164/500
[reader] generated 166/500
[reader] generated 168/500
[reader] generated 170/500
[reader] generated 172/500
[reader] generated 174/500
[reader] generated 176/500
[reader] generated 178/500
[reader] generated 180/500
[reader] generated 182/500
[reader] generated 184/500
[reader] generated 186/500
[reader] generated 188/500
[reader] generated 190/500
[reader] generated 192/500
[reader] generated 194/500
[reader] generated 196/500
[reader] generated 198/500
[reader] generated 200/500
[reader] generated 202/500
[reader] generated 204/500
[reader] generated 206/500
[reader] generated 208/500
[reader] generated 210/500
[reader] generated 212/500
[reader] generated 214/500
[reader] generated 216/500
[reader] generated 218/500
[reader] generated 220/500
[reader] generated 222/500
[reader] generated 224/500
[reader] generated 226/500
[reader] generated 228/500
[reader] generated 230/500
[reader] generated 232/500
[reader] generated 234/500
[reader] generated 236/500
[reader] generated 238/500
[reader] generated 240/500
[reader] generated 242/500
[reader] generated 244/500
[reader] generated 246/500
[reader] generated 248/500
[reader] generated 250/500
[reader] generated 252/500
[reader] generated 254/500
[reader] generated 256/500
[reader] generated 258/500
[reader] generated 260/500
[reader] generated 262/500
[reader] generated 264/500
[reader] generated 266/500
[reader] generated 268/500
[reader] generated 270/500
[reader] generated 272/500
[reader] generated 274/500
[reader] generated 276/500
[reader] generated 278/500
[reader] generated 280/500
[reader] generated 282/500
[reader] generated 284/500
[reader] generated 286/500
[reader] generated 288/500
[reader] generated 290/500
[reader] generated 292/500
[reader] generated 294/500
[reader] generated 296/500
[reader] generated 298/500
[reader] generated 300/500
[reader] generated 302/500
[reader] generated 304/500
[reader] generated 306/500
[reader] generated 308/500
[reader] generated 310/500
[reader] generated 312/500
[reader] generated 314/500
[reader] generated 316/500
[reader] generated 318/500
[reader] generated 320/500
[reader] generated 322/500
[reader] generated 324/500
[reader] generated 326/500
[reader] generated 328/500
[reader] generated 330/500
[reader] generated 332/500
[reader] generated 334/500
[reader] generated 336/500
[reader] generated 338/500
[reader] generated 340/500
[reader] generated 342/500
[reader] generated 344/500
[reader] generated 346/500
[reader] generated 348/500
[reader] generated 350/500
[reader] generated 352/500
[reader] generated 354/500
[reader] generated 356/500
[reader] generated 358/500
[reader] generated 360/500
[reader] generated 362/500
[reader] generated 364/500
[reader] generated 366/500
[reader] generated 368/500
[reader] generated 370/500
[reader] generated 372/500
[reader] generated 374/500
[reader] generated 376/500
[reader] generated 378/500
[reader] generated 380/500
[reader] generated 382/500
[reader] generated 384/500
[reader] generated 386/500
[reader] generated 388/500
[reader] generated 390/500
[reader] generated 392/500
[reader] generated 394/500
[reader] generated 396/500
[reader] generated 398/500
[reader] generated 400/500
[reader] generated 402/500
[reader] generated 404/500
[reader] generated 406/500
[reader] generated 408/500
[reader] generated 410/500
[reader] generated 412/500
[reader] generated 414/500
[reader] generated 416/500
[reader] generated 418/500
[reader] generated 420/500
[reader] generated 422/500
[reader] generated 424/500
[reader] generated 426/500
[reader] generated 428/500
[reader] generated 430/500
[reader] generated 432/500
[reader] generated 434/500
[reader] generated 436/500
[reader] generated 438/500
[reader] generated 440/500
[reader] generated 442/500
[reader] generated 444/500
[reader] generated 446/500
[reader] generated 448/500
[reader] generated 450/500
[reader] generated 452/500
[reader] generated 454/500
[reader] generated 456/500
[reader] generated 458/500
[reader] generated 460/500
[reader] generated 462/500
[reader] generated 464/500
[reader] generated 466/500
[reader] generated 468/500
[reader] generated 470/500
[reader] generated 472/500
[reader] generated 474/500
[reader] generated 476/500
[reader] generated 478/500
[reader] generated 480/500
[reader] generated 482/500
[reader] generated 484/500
[reader] generated 486/500
[reader] generated 488/500
[reader] generated 490/500
[reader] generated 492/500
[reader] generated 494/500
[reader] generated 496/500
[reader] generated 498/500
[reader] generated 500/500
[stage3] policy=chunk_packed_280, router_type=fixed, method=chunk, reader_context=packed_snippets, reader_model=Qwen/Qwen2.5-3B-Instruct, ace_retriever=none, compressor=none, hybrid_alpha=, packed_token_budget=280, candidate_policies=, selection_counts=, recall@1=0.437, all_gold@1=0.0, recall@2=0.718, all_gold@2=0.496, recall@5=0.875, all_gold@5=0.762, qwen_em=0.344, qwen_f1=0.4506, avg_reader_evidence_tokens=268.3
[stage3] materializing policy=bm25_packed_280
[stage3] generating policy=bm25_packed_280
[reader] generated 2/500
[reader] generated 4/500
[reader] generated 6/500
[reader] generated 8/500
[reader] generated 10/500
[reader] generated 12/500
[reader] generated 14/500
[reader] generated 16/500
[reader] generated 18/500
[reader] generated 20/500
[reader] generated 22/500
[reader] generated 24/500
[reader] generated 26/500
[reader] generated 28/500
[reader] generated 30/500
[reader] generated 32/500
[reader] generated 34/500
[reader] generated 36/500
[reader] generated 38/500
[reader] generated 40/500
[reader] generated 42/500
[reader] generated 44/500
[reader] generated 46/500
[reader] generated 48/500
[reader] generated 50/500
[reader] generated 52/500
[reader] generated 54/500
[reader] generated 56/500
[reader] generated 58/500
[reader] generated 60/500
[reader] generated 62/500
[reader] generated 64/500
[reader] generated 66/500
[reader] generated 68/500
[reader] generated 70/500
[reader] generated 72/500
[reader] generated 74/500
[reader] generated 76/500
[reader] generated 78/500
[reader] generated 80/500
[reader] generated 82/500
[reader] generated 84/500
[reader] generated 86/500
[reader] generated 88/500
[reader] generated 90/500
[reader] generated 92/500
[reader] generated 94/500
[reader] generated 96/500
[reader] generated 98/500
[reader] generated 100/500
[reader] generated 102/500
[reader] generated 104/500
[reader] generated 106/500
[reader] generated 108/500
[reader] generated 110/500
[reader] generated 112/500
[reader] generated 114/500
[reader] generated 116/500
[reader] generated 118/500
[reader] generated 120/500
[reader] generated 122/500
[reader] generated 124/500
[reader] generated 126/500
[reader] generated 128/500
[reader] generated 130/500
[reader] generated 132/500
[reader] generated 134/500
[reader] generated 136/500
[reader] generated 138/500
[reader] generated 140/500
[reader] generated 142/500
[reader] generated 144/500
[reader] generated 146/500
[reader] generated 148/500
[reader] generated 150/500
[reader] generated 152/500
[reader] generated 154/500
[reader] generated 156/500
[reader] generated 158/500
[reader] generated 160/500
[reader] generated 162/500
[reader] generated 164/500
[reader] generated 166/500
[reader] generated 168/500
[reader] generated 170/500
[reader] generated 172/500
[reader] generated 174/500
[reader] generated 176/500
[reader] generated 178/500
[reader] generated 180/500
[reader] generated 182/500
[reader] generated 184/500
[reader] generated 186/500
[reader] generated 188/500
[reader] generated 190/500
[reader] generated 192/500
[reader] generated 194/500
[reader] generated 196/500
[reader] generated 198/500
[reader] generated 200/500
[reader] generated 202/500
[reader] generated 204/500
[reader] generated 206/500
[reader] generated 208/500
[reader] generated 210/500
[reader] generated 212/500
[reader] generated 214/500
[reader] generated 216/500
[reader] generated 218/500
[reader] generated 220/500
[reader] generated 222/500
[reader] generated 224/500
[reader] generated 226/500
[reader] generated 228/500
[reader] generated 230/500
[reader] generated 232/500
[reader] generated 234/500
[reader] generated 236/500
[reader] generated 238/500
[reader] generated 240/500
[reader] generated 242/500
[reader] generated 244/500
[reader] generated 246/500
[reader] generated 248/500
[reader] generated 250/500
[reader] generated 252/500
[reader] generated 254/500
[reader] generated 256/500
[reader] generated 258/500
[reader] generated 260/500
[reader] generated 262/500
[reader] generated 264/500
[reader] generated 266/500
[reader] generated 268/500
[reader] generated 270/500
[reader] generated 272/500
[reader] generated 274/500
[reader] generated 276/500
[reader] generated 278/500
[reader] generated 280/500
[reader] generated 282/500
[reader] generated 284/500
[reader] generated 286/500
[reader] generated 288/500
[reader] generated 290/500
[reader] generated 292/500
[reader] generated 294/500
[reader] generated 296/500
[reader] generated 298/500
[reader] generated 300/500
[reader] generated 302/500
[reader] generated 304/500
[reader] generated 306/500
[reader] generated 308/500
[reader] generated 310/500
[reader] generated 312/500
[reader] generated 314/500
[reader] generated 316/500
[reader] generated 318/500
[reader] generated 320/500
[reader] generated 322/500
[reader] generated 324/500
[reader] generated 326/500
[reader] generated 328/500
[reader] generated 330/500
[reader] generated 332/500
[reader] generated 334/500
[reader] generated 336/500
[reader] generated 338/500
[reader] generated 340/500
[reader] generated 342/500
[reader] generated 344/500
[reader] generated 346/500
[reader] generated 348/500
[reader] generated 350/500
[reader] generated 352/500
[reader] generated 354/500
[reader] generated 356/500
[reader] generated 358/500
[reader] generated 360/500
[reader] generated 362/500
[reader] generated 364/500
[reader] generated 366/500
[reader] generated 368/500
[reader] generated 370/500
[reader] generated 372/500
[reader] generated 374/500
[reader] generated 376/500
[reader] generated 378/500
[reader] generated 380/500
[reader] generated 382/500
[reader] generated 384/500
[reader] generated 386/500
[reader] generated 388/500
[reader] generated 390/500
[reader] generated 392/500
[reader] generated 394/500
[reader] generated 396/500
[reader] generated 398/500
[reader] generated 400/500
[reader] generated 402/500
[reader] generated 404/500
[reader] generated 406/500
[reader] generated 408/500
[reader] generated 410/500
[reader] generated 412/500
[reader] generated 414/500
[reader] generated 416/500
[reader] generated 418/500
[reader] generated 420/500
[reader] generated 422/500
[reader] generated 424/500
[reader] generated 426/500
[reader] generated 428/500
[reader] generated 430/500
[reader] generated 432/500
[reader] generated 434/500
[reader] generated 436/500
[reader] generated 438/500
[reader] generated 440/500
[reader] generated 442/500
[reader] generated 444/500
[reader] generated 446/500
[reader] generated 448/500
[reader] generated 450/500
[reader] generated 452/500
[reader] generated 454/500
[reader] generated 456/500
[reader] generated 458/500
[reader] generated 460/500
[reader] generated 462/500
[reader] generated 464/500
[reader] generated 466/500
[reader] generated 468/500
[reader] generated 470/500
[reader] generated 472/500
[reader] generated 474/500
[reader] generated 476/500
[reader] generated 478/500
[reader] generated 480/500
[reader] generated 482/500
[reader] generated 484/500
[reader] generated 486/500
[reader] generated 488/500
[reader] generated 490/500
[reader] generated 492/500
[reader] generated 494/500
[reader] generated 496/500
[reader] generated 498/500
[reader] generated 500/500
[stage3] policy=bm25_packed_280, router_type=fixed, method=bm25, reader_context=packed_snippets, reader_model=Qwen/Qwen2.5-3B-Instruct, ace_retriever=none, compressor=none, hybrid_alpha=, packed_token_budget=280, candidate_policies=, selection_counts=, recall@1=0.342, all_gold@1=0.0, recall@2=0.495, all_gold@2=0.196, recall@5=0.657, all_gold@5=0.42, qwen_em=0.282, qwen_f1=0.3823, avg_reader_evidence_tokens=268.66
[stage3] materializing policy=hybrid_packed_280
[stage3] generating policy=hybrid_packed_280
[reader] generated 2/500
[reader] generated 4/500
[reader] generated 6/500
[reader] generated 8/500
[reader] generated 10/500
[reader] generated 12/500
[reader] generated 14/500
[reader] generated 16/500
[reader] generated 18/500
[reader] generated 20/500
[reader] generated 22/500
[reader] generated 24/500
[reader] generated 26/500
[reader] generated 28/500
[reader] generated 30/500
[reader] generated 32/500
[reader] generated 34/500
[reader] generated 36/500
[reader] generated 38/500
[reader] generated 40/500
[reader] generated 42/500
[reader] generated 44/500
[reader] generated 46/500
[reader] generated 48/500
[reader] generated 50/500
[reader] generated 52/500
[reader] generated 54/500
[reader] generated 56/500
[reader] generated 58/500
[reader] generated 60/500
[reader] generated 62/500
[reader] generated 64/500
[reader] generated 66/500
[reader] generated 68/500
[reader] generated 70/500
[reader] generated 72/500
[reader] generated 74/500
[reader] generated 76/500
[reader] generated 78/500
[reader] generated 80/500
[reader] generated 82/500
[reader] generated 84/500
[reader] generated 86/500
[reader] generated 88/500
[reader] generated 90/500
[reader] generated 92/500
[reader] generated 94/500
[reader] generated 96/500
[reader] generated 98/500
[reader] generated 100/500
[reader] generated 102/500
[reader] generated 104/500
[reader] generated 106/500
[reader] generated 108/500
[reader] generated 110/500
[reader] generated 112/500
[reader] generated 114/500
[reader] generated 116/500
[reader] generated 118/500
[reader] generated 120/500
[reader] generated 122/500
[reader] generated 124/500
[reader] generated 126/500
[reader] generated 128/500
[reader] generated 130/500
[reader] generated 132/500
[reader] generated 134/500
[reader] generated 136/500
[reader] generated 138/500
[reader] generated 140/500
[reader] generated 142/500
[reader] generated 144/500
[reader] generated 146/500
[reader] generated 148/500
[reader] generated 150/500
[reader] generated 152/500
[reader] generated 154/500
[reader] generated 156/500
[reader] generated 158/500
[reader] generated 160/500
[reader] generated 162/500
[reader] generated 164/500
[reader] generated 166/500
[reader] generated 168/500
[reader] generated 170/500
[reader] generated 172/500
[reader] generated 174/500
[reader] generated 176/500
[reader] generated 178/500
[reader] generated 180/500
[reader] generated 182/500
[reader] generated 184/500
[reader] generated 186/500
[reader] generated 188/500
[reader] generated 190/500
[reader] generated 192/500
[reader] generated 194/500
[reader] generated 196/500
[reader] generated 198/500
[reader] generated 200/500
[reader] generated 202/500
[reader] generated 204/500
[reader] generated 206/500
[reader] generated 208/500
[reader] generated 210/500
[reader] generated 212/500
[reader] generated 214/500
[reader] generated 216/500
[reader] generated 218/500
[reader] generated 220/500
[reader] generated 222/500
[reader] generated 224/500
[reader] generated 226/500
[reader] generated 228/500
[reader] generated 230/500
[reader] generated 232/500
[reader] generated 234/500
[reader] generated 236/500
[reader] generated 238/500
[reader] generated 240/500
[reader] generated 242/500
[reader] generated 244/500
[reader] generated 246/500
[reader] generated 248/500
[reader] generated 250/500
[reader] generated 252/500
[reader] generated 254/500
[reader] generated 256/500
[reader] generated 258/500
[reader] generated 260/500
[reader] generated 262/500
[reader] generated 264/500
[reader] generated 266/500
[reader] generated 268/500
[reader] generated 270/500
[reader] generated 272/500
[reader] generated 274/500
[reader] generated 276/500
[reader] generated 278/500
[reader] generated 280/500
[reader] generated 282/500
[reader] generated 284/500
[reader] generated 286/500
[reader] generated 288/500
[reader] generated 290/500
[reader] generated 292/500
[reader] generated 294/500
[reader] generated 296/500
[reader] generated 298/500
[reader] generated 300/500
[reader] generated 302/500
[reader] generated 304/500
[reader] generated 306/500
[reader] generated 308/500
[reader] generated 310/500
[reader] generated 312/500
[reader] generated 314/500
[reader] generated 316/500
[reader] generated 318/500
[reader] generated 320/500
[reader] generated 322/500
[reader] generated 324/500
[reader] generated 326/500
[reader] generated 328/500
[reader] generated 330/500
[reader] generated 332/500
[reader] generated 334/500
[reader] generated 336/500
[reader] generated 338/500
[reader] generated 340/500
[reader] generated 342/500
[reader] generated 344/500
[reader] generated 346/500
[reader] generated 348/500
[reader] generated 350/500
[reader] generated 352/500
[reader] generated 354/500
[reader] generated 356/500
[reader] generated 358/500
[reader] generated 360/500
[reader] generated 362/500
[reader] generated 364/500
[reader] generated 366/500
[reader] generated 368/500
[reader] generated 370/500
[reader] generated 372/500
[reader] generated 374/500
[reader] generated 376/500
[reader] generated 378/500
[reader] generated 380/500
[reader] generated 382/500
[reader] generated 384/500
[reader] generated 386/500
[reader] generated 388/500
[reader] generated 390/500
[reader] generated 392/500
[reader] generated 394/500
[reader] generated 396/500
[reader] generated 398/500
[reader] generated 400/500
[reader] generated 402/500
[reader] generated 404/500
[reader] generated 406/500
[reader] generated 408/500
[reader] generated 410/500
[reader] generated 412/500
[reader] generated 414/500
[reader] generated 416/500
[reader] generated 418/500
[reader] generated 420/500
[reader] generated 422/500
[reader] generated 424/500
[reader] generated 426/500
[reader] generated 428/500
[reader] generated 430/500
[reader] generated 432/500
[reader] generated 434/500
[reader] generated 436/500
[reader] generated 438/500
[reader] generated 440/500
[reader] generated 442/500
[reader] generated 444/500
[reader] generated 446/500
[reader] generated 448/500
[reader] generated 450/500
[reader] generated 452/500
[reader] generated 454/500
[reader] generated 456/500
[reader] generated 458/500
[reader] generated 460/500
[reader] generated 462/500
[reader] generated 464/500
[reader] generated 466/500
[reader] generated 468/500
[reader] generated 470/500
[reader] generated 472/500
[reader] generated 474/500
[reader] generated 476/500
[reader] generated 478/500
[reader] generated 480/500
[reader] generated 482/500
[reader] generated 484/500
[reader] generated 486/500
[reader] generated 488/500
[reader] generated 490/500
[reader] generated 492/500
[reader] generated 494/500
[reader] generated 496/500
[reader] generated 498/500
[reader] generated 500/500
[stage3] policy=hybrid_packed_280, router_type=fixed, method=hybrid, reader_context=packed_snippets, reader_model=Qwen/Qwen2.5-3B-Instruct, ace_retriever=none, compressor=none, hybrid_alpha=0.5, packed_token_budget=280, candidate_policies=, selection_counts=, recall@1=0.411, all_gold@1=0.0, recall@2=0.645, all_gold@2=0.37, recall@5=0.82, all_gold@5=0.654, qwen_em=0.338, qwen_f1=0.4381, avg_reader_evidence_tokens=268.29
[stage3] materializing policy=ace_packed_280
[stage3] generating policy=ace_packed_280
[reader] generated 2/500
[reader] generated 4/500
[reader] generated 6/500
[reader] generated 8/500
[reader] generated 10/500
[reader] generated 12/500
[reader] generated 14/500
[reader] generated 16/500
[reader] generated 18/500
[reader] generated 20/500
[reader] generated 22/500
[reader] generated 24/500
[reader] generated 26/500
[reader] generated 28/500
[reader] generated 30/500
[reader] generated 32/500
[reader] generated 34/500
[reader] generated 36/500
[reader] generated 38/500
[reader] generated 40/500
[reader] generated 42/500
[reader] generated 44/500
[reader] generated 46/500
[reader] generated 48/500
[reader] generated 50/500
[reader] generated 52/500
[reader] generated 54/500
[reader] generated 56/500
[reader] generated 58/500
[reader] generated 60/500
[reader] generated 62/500
[reader] generated 64/500
[reader] generated 66/500
[reader] generated 68/500
[reader] generated 70/500
[reader] generated 72/500
[reader] generated 74/500
[reader] generated 76/500
[reader] generated 78/500
[reader] generated 80/500
[reader] generated 82/500
[reader] generated 84/500
[reader] generated 86/500
[reader] generated 88/500
[reader] generated 90/500
[reader] generated 92/500
[reader] generated 94/500
[reader] generated 96/500
[reader] generated 98/500
[reader] generated 100/500
[reader] generated 102/500
[reader] generated 104/500
[reader] generated 106/500
[reader] generated 108/500
[reader] generated 110/500
[reader] generated 112/500
[reader] generated 114/500
[reader] generated 116/500
[reader] generated 118/500
[reader] generated 120/500
[reader] generated 122/500
[reader] generated 124/500
[reader] generated 126/500
[reader] generated 128/500
[reader] generated 130/500
[reader] generated 132/500
[reader] generated 134/500
[reader] generated 136/500
[reader] generated 138/500
[reader] generated 140/500
[reader] generated 142/500
[reader] generated 144/500
[reader] generated 146/500
[reader] generated 148/500
[reader] generated 150/500
[reader] generated 152/500
[reader] generated 154/500
[reader] generated 156/500
[reader] generated 158/500
[reader] generated 160/500
[reader] generated 162/500
[reader] generated 164/500
[reader] generated 166/500
[reader] generated 168/500
[reader] generated 170/500
[reader] generated 172/500
[reader] generated 174/500
[reader] generated 176/500
[reader] generated 178/500
[reader] generated 180/500
[reader] generated 182/500
[reader] generated 184/500
[reader] generated 186/500
[reader] generated 188/500
[reader] generated 190/500
[reader] generated 192/500
[reader] generated 194/500
[reader] generated 196/500
[reader] generated 198/500
[reader] generated 200/500
[reader] generated 202/500
[reader] generated 204/500
[reader] generated 206/500
[reader] generated 208/500
[reader] generated 210/500
[reader] generated 212/500
[reader] generated 214/500
[reader] generated 216/500
[reader] generated 218/500
[reader] generated 220/500
[reader] generated 222/500
[reader] generated 224/500
[reader] generated 226/500
[reader] generated 228/500
[reader] generated 230/500
[reader] generated 232/500
[reader] generated 234/500
[reader] generated 236/500
[reader] generated 238/500
[reader] generated 240/500
[reader] generated 242/500
[reader] generated 244/500
[reader] generated 246/500
[reader] generated 248/500
[reader] generated 250/500
[reader] generated 252/500
[reader] generated 254/500
[reader] generated 256/500
[reader] generated 258/500
[reader] generated 260/500
[reader] generated 262/500
[reader] generated 264/500
[reader] generated 266/500
[reader] generated 268/500
[reader] generated 270/500
[reader] generated 272/500
[reader] generated 274/500
[reader] generated 276/500
[reader] generated 278/500
[reader] generated 280/500
[reader] generated 282/500
[reader] generated 284/500
[reader] generated 286/500
[reader] generated 288/500
[reader] generated 290/500
[reader] generated 292/500
[reader] generated 294/500
[reader] generated 296/500
[reader] generated 298/500
[reader] generated 300/500
[reader] generated 302/500
[reader] generated 304/500
[reader] generated 306/500
[reader] generated 308/500
[reader] generated 310/500
[reader] generated 312/500
[reader] generated 314/500
[reader] generated 316/500
[reader] generated 318/500
[reader] generated 320/500
[reader] generated 322/500
[reader] generated 324/500
[reader] generated 326/500
[reader] generated 328/500
[reader] generated 330/500
[reader] generated 332/500
[reader] generated 334/500
[reader] generated 336/500
[reader] generated 338/500
[reader] generated 340/500
[reader] generated 342/500
[reader] generated 344/500
[reader] generated 346/500
[reader] generated 348/500
[reader] generated 350/500
[reader] generated 352/500
[reader] generated 354/500
[reader] generated 356/500
[reader] generated 358/500
[reader] generated 360/500
[reader] generated 362/500
[reader] generated 364/500
[reader] generated 366/500
[reader] generated 368/500
[reader] generated 370/500
[reader] generated 372/500
[reader] generated 374/500
[reader] generated 376/500
[reader] generated 378/500
[reader] generated 380/500
[reader] generated 382/500
[reader] generated 384/500
[reader] generated 386/500
[reader] generated 388/500
[reader] generated 390/500
[reader] generated 392/500
[reader] generated 394/500
[reader] generated 396/500
[reader] generated 398/500
[reader] generated 400/500
[reader] generated 402/500
[reader] generated 404/500
[reader] generated 406/500
[reader] generated 408/500
[reader] generated 410/500
[reader] generated 412/500
[reader] generated 414/500
[reader] generated 416/500
[reader] generated 418/500
[reader] generated 420/500
[reader] generated 422/500
[reader] generated 424/500
[reader] generated 426/500
[reader] generated 428/500
[reader] generated 430/500
[reader] generated 432/500
[reader] generated 434/500
[reader] generated 436/500
[reader] generated 438/500
[reader] generated 440/500
[reader] generated 442/500
[reader] generated 444/500
[reader] generated 446/500
[reader] generated 448/500
[reader] generated 450/500
[reader] generated 452/500
[reader] generated 454/500
[reader] generated 456/500
[reader] generated 458/500
[reader] generated 460/500
[reader] generated 462/500
[reader] generated 464/500
[reader] generated 466/500
[reader] generated 468/500
[reader] generated 470/500
[reader] generated 472/500
[reader] generated 474/500
[reader] generated 476/500
[reader] generated 478/500
[reader] generated 480/500
[reader] generated 482/500
[reader] generated 484/500
[reader] generated 486/500
[reader] generated 488/500
[reader] generated 490/500
[reader] generated 492/500
[reader] generated 494/500
[reader] generated 496/500
[reader] generated 498/500
[reader] generated 500/500
[stage3] policy=ace_packed_280, router_type=fixed, method=ace_graph, reader_context=packed_snippets, reader_model=Qwen/Qwen2.5-3B-Instruct, ace_retriever=standard, compressor=truncate:320, hybrid_alpha=, packed_token_budget=280, candidate_policies=, selection_counts=, recall@1=0.409, all_gold@1=0.0, recall@2=0.665, all_gold@2=0.406, recall@5=0.847, all_gold@5=0.718, qwen_em=0.332, qwen_f1=0.4371, avg_reader_evidence_tokens=267.43
[stage3] materializing policy=ace_focused_220
[stage3] generating policy=ace_focused_220
[reader] generated 2/500
[reader] generated 4/500
[reader] generated 6/500
[reader] generated 8/500
[reader] generated 10/500
[reader] generated 12/500
[reader] generated 14/500
[reader] generated 16/500
[reader] generated 18/500
[reader] generated 20/500
[reader] generated 22/500
[reader] generated 24/500
[reader] generated 26/500
[reader] generated 28/500
[reader] generated 30/500
[reader] generated 32/500
[reader] generated 34/500
[reader] generated 36/500
[reader] generated 38/500
[reader] generated 40/500
[reader] generated 42/500
[reader] generated 44/500
[reader] generated 46/500
[reader] generated 48/500
[reader] generated 50/500
[reader] generated 52/500
[reader] generated 54/500
[reader] generated 56/500
[reader] generated 58/500
[reader] generated 60/500
[reader] generated 62/500
[reader] generated 64/500
[reader] generated 66/500
[reader] generated 68/500
[reader] generated 70/500
[reader] generated 72/500
[reader] generated 74/500
[reader] generated 76/500
[reader] generated 78/500
[reader] generated 80/500
[reader] generated 82/500
[reader] generated 84/500
[reader] generated 86/500
[reader] generated 88/500
[reader] generated 90/500
[reader] generated 92/500
[reader] generated 94/500
[reader] generated 96/500
[reader] generated 98/500
[reader] generated 100/500
[reader] generated 102/500
[reader] generated 104/500
[reader] generated 106/500
[reader] generated 108/500
[reader] generated 110/500
[reader] generated 112/500
[reader] generated 114/500
[reader] generated 116/500
[reader] generated 118/500
[reader] generated 120/500
[reader] generated 122/500
[reader] generated 124/500
[reader] generated 126/500
[reader] generated 128/500
[reader] generated 130/500
[reader] generated 132/500
[reader] generated 134/500
[reader] generated 136/500
[reader] generated 138/500
[reader] generated 140/500
[reader] generated 142/500
[reader] generated 144/500
[reader] generated 146/500
[reader] generated 148/500
[reader] generated 150/500
[reader] generated 152/500
[reader] generated 154/500
[reader] generated 156/500
[reader] generated 158/500
[reader] generated 160/500
[reader] generated 162/500
[reader] generated 164/500
[reader] generated 166/500
[reader] generated 168/500
[reader] generated 170/500
[reader] generated 172/500
[reader] generated 174/500
[reader] generated 176/500
[reader] generated 178/500
[reader] generated 180/500
[reader] generated 182/500
[reader] generated 184/500
[reader] generated 186/500
[reader] generated 188/500
[reader] generated 190/500
[reader] generated 192/500
[reader] generated 194/500
[reader] generated 196/500
[reader] generated 198/500
[reader] generated 200/500
[reader] generated 202/500
[reader] generated 204/500
[reader] generated 206/500
[reader] generated 208/500
[reader] generated 210/500
[reader] generated 212/500
[reader] generated 214/500
[reader] generated 216/500
[reader] generated 218/500
[reader] generated 220/500
[reader] generated 222/500
[reader] generated 224/500
[reader] generated 226/500
[reader] generated 228/500
[reader] generated 230/500
[reader] generated 232/500
[reader] generated 234/500
[reader] generated 236/500
[reader] generated 238/500
[reader] generated 240/500
[reader] generated 242/500
[reader] generated 244/500
[reader] generated 246/500
[reader] generated 248/500
[reader] generated 250/500
[reader] generated 252/500
[reader] generated 254/500
[reader] generated 256/500
[reader] generated 258/500
[reader] generated 260/500
[reader] generated 262/500
[reader] generated 264/500
[reader] generated 266/500
[reader] generated 268/500
[reader] generated 270/500
[reader] generated 272/500
[reader] generated 274/500
[reader] generated 276/500
[reader] generated 278/500
[reader] generated 280/500
[reader] generated 282/500
[reader] generated 284/500
[reader] generated 286/500
[reader] generated 288/500
[reader] generated 290/500
[reader] generated 292/500
[reader] generated 294/500
[reader] generated 296/500
[reader] generated 298/500
[reader] generated 300/500
[reader] generated 302/500
[reader] generated 304/500
[reader] generated 306/500
[reader] generated 308/500
[reader] generated 310/500
[reader] generated 312/500
[reader] generated 314/500
[reader] generated 316/500
[reader] generated 318/500
[reader] generated 320/500
[reader] generated 322/500
[reader] generated 324/500
[reader] generated 326/500
[reader] generated 328/500
[reader] generated 330/500
[reader] generated 332/500
[reader] generated 334/500
[reader] generated 336/500
[reader] generated 338/500
[reader] generated 340/500
[reader] generated 342/500
[reader] generated 344/500
[reader] generated 346/500
[reader] generated 348/500
[reader] generated 350/500
[reader] generated 352/500
[reader] generated 354/500
[reader] generated 356/500
[reader] generated 358/500
[reader] generated 360/500
[reader] generated 362/500
[reader] generated 364/500
[reader] generated 366/500
[reader] generated 368/500
[reader] generated 370/500
[reader] generated 372/500
[reader] generated 374/500
[reader] generated 376/500
[reader] generated 378/500
[reader] generated 380/500
[reader] generated 382/500
[reader] generated 384/500
[reader] generated 386/500
[reader] generated 388/500
[reader] generated 390/500
[reader] generated 392/500
[reader] generated 394/500
[reader] generated 396/500
[reader] generated 398/500
[reader] generated 400/500
[reader] generated 402/500
[reader] generated 404/500
[reader] generated 406/500
[reader] generated 408/500
[reader] generated 410/500
[reader] generated 412/500
[reader] generated 414/500
[reader] generated 416/500
[reader] generated 418/500
[reader] generated 420/500
[reader] generated 422/500
[reader] generated 424/500
[reader] generated 426/500
[reader] generated 428/500
[reader] generated 430/500
[reader] generated 432/500
[reader] generated 434/500
[reader] generated 436/500
[reader] generated 438/500
[reader] generated 440/500
[reader] generated 442/500
[reader] generated 444/500
[reader] generated 446/500
[reader] generated 448/500
[reader] generated 450/500
[reader] generated 452/500
[reader] generated 454/500
[reader] generated 456/500
[reader] generated 458/500
[reader] generated 460/500
[reader] generated 462/500
[reader] generated 464/500
[reader] generated 466/500
[reader] generated 468/500
[reader] generated 470/500
[reader] generated 472/500
[reader] generated 474/500
[reader] generated 476/500
[reader] generated 478/500
[reader] generated 480/500
[reader] generated 482/500
[reader] generated 484/500
[reader] generated 486/500
[reader] generated 488/500
[reader] generated 490/500
[reader] generated 492/500
[reader] generated 494/500
[reader] generated 496/500
[reader] generated 498/500
[reader] generated 500/500
[stage3] policy=ace_focused_220, router_type=fixed, method=ace_graph, reader_context=focused_packed, reader_model=Qwen/Qwen2.5-3B-Instruct, ace_retriever=standard, compressor=truncate:320, hybrid_alpha=, packed_token_budget=220, candidate_policies=, selection_counts=, recall@1=0.409, all_gold@1=0.0, recall@2=0.665, all_gold@2=0.406, recall@5=0.847, all_gold@5=0.718, qwen_em=0.326, qwen_f1=0.45, avg_reader_evidence_tokens=208.37
[stage3] policy=router_rule, router_type=rule, method=adaptive_router, reader_context=routed, reader_model=Qwen/Qwen2.5-3B-Instruct, ace_retriever=, compressor=, hybrid_alpha=, packed_token_budget=, candidate_policies=chunk_packed_280|bm25_packed_280|hybrid_packed_280|ace_packed_280|ace_focused_220, selection_counts={"ace_focused_220": 280, "ace_packed_280": 9, "bm25_packed_280": 1, "chunk_packed_280": 201, "hybrid_packed_280": 9}, recall@1=0.325, all_gold@1=0.0, recall@2=0.557, all_gold@2=0.286, recall@5=0.839, all_gold@5=0.696, qwen_em=0.334, qwen_f1=0.4559, avg_reader_evidence_tokens=233.48
[stage3] policy=router_oracle, router_type=oracle, method=adaptive_router, reader_context=routed, reader_model=Qwen/Qwen2.5-3B-Instruct, ace_retriever=, compressor=, hybrid_alpha=, packed_token_budget=, candidate_policies=chunk_packed_280|bm25_packed_280|hybrid_packed_280|ace_packed_280|ace_focused_220, selection_counts={"ace_focused_220": 377, "ace_packed_280": 35, "bm25_packed_280": 24, "chunk_packed_280": 37, "hybrid_packed_280": 27}, recall@1=0.354, all_gold@1=0.0, recall@2=0.584, all_gold@2=0.294, recall@5=0.838, all_gold@5=0.704, qwen_em=0.47, qwen_f1=0.6142, avg_reader_evidence_tokens=220.19
wrote /kaggle/working/colab_results/stage3_hotpotqa_seed13_routerfix_limit500_qwen3b/hotpotqa_stage3_router_standard_limit500_metrics.csv
wrote /kaggle/working/colab_results/stage3_hotpotqa_seed13_routerfix_limit500_qwen3b/hotpotqa_stage3_router_standard_limit500_predictions.jsonl
wrote /kaggle/working/colab_results/stage3_hotpotqa_seed13_routerfix_limit500_qwen3b/hotpotqa_stage3_router_standard_limit500_router_features.csv
[done] stage3_hotpotqa_seed13_routerfix_limit500_qwen3b
=== control/main.py done ===
