qid,policy,representation,packer,em,f1,ans_in_context,ans_in_context_soft,gold_token_density,gold_doc_reader_cov,context_tokens,base_recall@5,base_all_gold@5
5ae2138c5542997283cd23b7,chunk_packed_96,chunk,packed,0.0,0.0,0.0,0.0,0.4091,0.5,88.0,1.0,1.0
5a77152355429966f1a36c2e,chunk_packed_96,chunk,packed,0.0,0.0,1.0,1.0,0.3462,0.5,78.0,0.5,0.0
5ade99ad554299728e26c75d,chunk_packed_96,chunk,packed,0.0,0.4,1.0,1.0,0.5368,0.5,95.0,1.0,1.0
5ab81cff5542990e739ec827,chunk_packed_96,chunk,packed,0.0,0.0,1.0,1.0,0.0,0.0,94.0,1.0,1.0
5ae5be02554299546bf82f3e,chunk_packed_96,chunk,packed,0.0,0.0,0.0,0.0,0.7229,0.5,83.0,1.0,1.0
5ae3f1bb5542995ad6573cbe,chunk_packed_96,chunk,packed,1.0,1.0,1.0,1.0,0.8721,1.0,86.0,1.0,1.0
5a8389445542996488c2e450,chunk_packed_96,chunk,packed,1.0,1.0,1.0,1.0,1.0,1.0,93.0,1.0,1.0
5a89fc305542993b751ca9dc,chunk_packed_96,chunk,packed,1.0,1.0,1.0,1.0,1.0,0.5,80.0,1.0,1.0
5a85bc2d5542994c784ddb70,chunk_packed_96,chunk,packed,1.0,1.0,1.0,1.0,0.1915,0.5,94.0,1.0,1.0
5a7b1c745542992d025e6777,chunk_packed_96,chunk,packed,0.0,0.0,0.0,0.25,0.4634,0.5,82.0,0.5,0.0
5ae2d8fb55429928c42394fa,chunk_packed_96,chunk,packed,0.0,0.2222,0.0,0.2,0.3333,0.5,93.0,0.5,0.0
5ae7f6be554299540e5a56db,chunk_packed_96,chunk,packed,1.0,1.0,1.0,1.0,0.5745,1.0,94.0,1.0,1.0
5a773ae055429972597f14b0,chunk_packed_96,chunk,packed,0.0,0.6667,1.0,1.0,0.3563,0.5,87.0,1.0,1.0
5a75abbb5542992d0ec05fd9,chunk_packed_96,chunk,packed,0.0,0.6667,0.0,0.5,0.0,0.0,79.0,0.5,0.0
5ae4c49a5542995dadf24400,chunk_packed_96,chunk,packed,0.0,0.0,0.0,0.0,0.3378,0.5,74.0,0.5,0.0
5ac44813554299194317396b,chunk_packed_96,chunk,packed,1.0,1.0,1.0,1.0,0.6386,0.5,83.0,1.0,1.0
5abfc8675542993fe9a41e52,chunk_packed_96,chunk,packed,1.0,1.0,1.0,1.0,1.0,1.0,90.0,1.0,1.0
5a8aeadc55429950cd6afbe0,chunk_packed_96,chunk,packed,1.0,1.0,1.0,1.0,0.6277,1.0,94.0,1.0,1.0
5ab2082f554299722f9b4c9f,chunk_packed_96,chunk,packed,0.0,0.0,0.0,0.0,0.0,0.0,87.0,1.0,1.0
5ae0ba15554299603e41844d,chunk_packed_96,chunk,packed,1.0,1.0,1.0,1.0,0.6593,1.0,91.0,1.0,1.0
5a7332935542991f9a20c67d,chunk_packed_96,chunk,packed,1.0,1.0,0.0,0.0,0.0,0.0,72.0,1.0,1.0
5a9068f85542990a98493623,chunk_packed_96,chunk,packed,1.0,1.0,1.0,1.0,0.7849,0.5,93.0,1.0,1.0
5addd5795542990dbb2f7e9d,chunk_packed_96,chunk,packed,0.0,0.0,0.0,0.0,0.7262,0.5,84.0,1.0,1.0
5adfa3da554299025d62a317,chunk_packed_96,chunk,packed,0.0,0.0,0.0,0.3333,0.0,0.0,91.0,0.5,0.0
5ae6443355429908198fa563,chunk_packed_96,chunk,packed,0.0,0.0,0.0,0.0,0.5517,1.0,87.0,1.0,1.0
5ab98608554299131ca42362,chunk_packed_96,chunk,packed,1.0,1.0,1.0,1.0,0.4824,0.5,85.0,0.5,0.0
5ae61bfd5542992663a4f261,chunk_packed_96,chunk,packed,0.0,0.0,0.0,0.0,0.0,0.0,75.0,0.5,0.0
5ab870ed55429934fafe6db9,chunk_packed_96,chunk,packed,0.0,0.0,1.0,1.0,0.6667,0.5,84.0,0.5,0.0
5abcfc365542993a06baf9d6,chunk_packed_96,chunk,packed,0.0,0.0,0.0,0.0,0.0,0.0,96.0,0.5,0.0
5add63845542992ae4cec541,chunk_packed_96,chunk,packed,0.0,0.0,0.0,0.2,0.0,0.0,91.0,1.0,1.0
5ae2a0a1554299495565dae9,chunk_packed_96,chunk,packed,1.0,1.0,1.0,1.0,0.5529,1.0,85.0,1.0,1.0
5a84eecd5542994c784dda8e,chunk_packed_96,chunk,packed,0.0,0.0,0.0,0.0,0.0,0.0,62.0,1.0,1.0
5a85fa815542996432c57155,chunk_packed_96,chunk,packed,0.0,0.0,0.0,0.0,0.4421,0.5,95.0,1.0,1.0
5a84a5385542990548d0b2d9,chunk_packed_96,chunk,packed,1.0,1.0,1.0,1.0,1.0,0.5,86.0,1.0,1.0
5a78f26055429970f5fffdeb,chunk_packed_96,chunk,packed,0.0,0.0,0.0,0.0,0.4556,0.5,90.0,1.0,1.0
5a86edcc55429960ec39b6da,chunk_packed_96,chunk,packed,1.0,1.0,1.0,1.0,0.3958,0.5,96.0,1.0,1.0
5ae7766455429952e35ea920,chunk_packed_96,chunk,packed,0.0,0.0,0.0,0.6,0.0,0.0,72.0,1.0,1.0
5a77863555429949eeb29ec6,chunk_packed_96,chunk,packed,0.0,0.6667,1.0,1.0,0.5873,1.0,63.0,1.0,1.0
5ab3cc395542992ade7c6e9f,chunk_packed_96,chunk,packed,0.0,0.0,1.0,1.0,0.4828,0.5,87.0,1.0,1.0
5add016e5542992c1e3a250b,chunk_packed_96,chunk,packed,0.0,0.0,1.0,1.0,1.0,0.5,58.0,1.0,1.0
5a8bd9c95542997f31a41de2,chunk_packed_96,chunk,packed,1.0,1.0,1.0,1.0,0.4507,0.5,71.0,1.0,1.0
5a8f13d55542997ba9cb31c9,chunk_packed_96,chunk,packed,0.0,0.8,0.0,0.6667,0.6667,0.5,90.0,1.0,1.0
5ac248fd55429951e9e68525,chunk_packed_96,chunk,packed,0.0,0.0,0.0,0.0,0.4773,0.5,88.0,0.5,0.0
5adbcd475542996e68525240,chunk_packed_96,chunk,packed,1.0,1.0,1.0,1.0,1.0,1.0,88.0,1.0,1.0
5a7c8a3b55429935c91b5204,chunk_packed_96,chunk,packed,0.0,0.0,0.0,0.0,0.5625,0.5,96.0,1.0,1.0
5a7f40de5542992e7d278cc8,chunk_packed_96,chunk,packed,0.0,0.0,0.0,0.6667,0.4731,0.5,93.0,0.5,0.0
5ab2c6a955429916697740c2,chunk_packed_96,chunk,packed,0.0,0.0,1.0,1.0,0.3827,0.5,81.0,1.0,1.0
5ac3165c5542995ef918c10a,chunk_packed_96,chunk,packed,1.0,1.0,1.0,1.0,0.2632,0.5,95.0,0.5,0.0
5a7577145542996c70cfaf03,chunk_packed_96,chunk,packed,0.0,0.5714,0.0,0.5,1.0,0.5,98.0,1.0,1.0
5a8f45385542997ba9cb320a,chunk_packed_96,chunk,packed,0.0,0.0,1.0,1.0,0.5543,0.5,92.0,1.0,1.0
5adea83b55429975fa854f53,chunk_packed_96,chunk,packed,0.0,0.0,1.0,1.0,0.1648,0.5,91.0,1.0,1.0
5ab4428c5542990594ba9bda,chunk_packed_96,chunk,packed,0.0,0.0,0.0,0.0,0.4146,0.5,82.0,1.0,1.0
5a90692f5542990a98493625,chunk_packed_96,chunk,packed,0.0,0.0,0.0,0.0,0.0,0.0,89.0,1.0,1.0
5ae68a065542991bbc97611e,chunk_packed_96,chunk,packed,0.0,0.0,0.0,0.0,0.5474,0.5,95.0,0.5,0.0
5ab2929a554299449642c900,chunk_packed_96,chunk,packed,0.0,0.8,1.0,1.0,1.0,1.0,77.0,1.0,1.0
5adf434c5542993a75d26462,chunk_packed_96,chunk,packed,0.0,0.3333,0.0,0.3333,0.0,0.0,92.0,1.0,1.0
5ac4ecea55429919431739fd,chunk_packed_96,chunk,packed,0.0,0.4,0.0,0.25,0.5222,0.5,90.0,0.5,0.0
5a85dfcc5542994775f60673,chunk_packed_96,chunk,packed,0.0,0.6667,0.0,0.5,0.4737,0.5,95.0,1.0,1.0
5a8085705542992bc0c4a74b,chunk_packed_96,chunk,packed,0.0,0.0,0.0,0.6667,0.0,0.0,75.0,1.0,1.0
5ae3992d5542994393b9e722,chunk_packed_96,chunk,packed,0.0,0.8,1.0,1.0,0.7059,0.5,85.0,1.0,1.0
5ae7793c554299540e5a55c2,chunk_packed_96,chunk,packed,0.0,0.0,0.0,0.0,0.0,0.0,73.0,1.0,1.0
5a7f46115542994857a766d9,chunk_packed_96,chunk,packed,0.0,0.5,1.0,1.0,0.7424,0.5,66.0,1.0,1.0
5a7380b955429908901be2d4,chunk_packed_96,chunk,packed,0.0,0.0,1.0,1.0,0.2333,0.5,90.0,1.0,1.0
5abfd3d65542994516f4550b,chunk_packed_96,chunk,packed,1.0,1.0,0.0,0.0,0.3793,0.5,87.0,1.0,1.0
5abf2e605542993fe9a41de4,chunk_packed_96,chunk,packed,1.0,1.0,0.0,0.5,0.7158,1.0,95.0,1.0,1.0
5ae256435542992decbdccc3,chunk_packed_96,chunk,packed,0.0,0.0,0.0,0.0,0.3846,0.5,91.0,1.0,1.0
5ab819065542995dae37ea3c,chunk_packed_96,chunk,packed,0.0,0.6667,0.0,0.0,0.7841,1.0,88.0,1.0,1.0
5adfb10855429942ec259af9,chunk_packed_96,chunk,packed,1.0,1.0,1.0,1.0,0.4894,1.0,94.0,1.0,1.0
5ae0a54e5542993d6555ebdd,chunk_packed_96,chunk,packed,0.0,0.0,0.0,0.0,0.0,0.0,94.0,1.0,1.0
5ab327bc554299233954ff33,chunk_packed_96,chunk,packed,0.0,0.0,0.0,0.6667,0.4494,0.5,89.0,1.0,1.0
5a7c703055429935c91b51aa,chunk_packed_96,chunk,packed,0.0,0.8571,1.0,1.0,1.0,1.0,60.0,1.0,1.0
5abe19895542991f661060c2,chunk_packed_96,chunk,packed,0.0,0.0,1.0,1.0,0.3953,0.5,86.0,1.0,1.0
5ac26d4d55429951e9e685b7,chunk_packed_96,chunk,packed,0.0,0.0,0.0,0.3333,0.8046,0.5,87.0,1.0,1.0
5add95035542990dbb2f7e77,chunk_packed_96,chunk,packed,0.0,0.0,0.0,0.5,0.2558,0.5,86.0,1.0,1.0
5adc46665542994650320cc8,chunk_packed_96,chunk,packed,0.0,0.0,0.0,0.0,0.0,0.0,84.0,0.0,0.0
5ac259125542992f1f2b3867,chunk_packed_96,chunk,packed,0.0,0.0,0.0,0.25,0.0,0.0,80.0,1.0,1.0
5a81624d5542995ce29dcbf1,chunk_packed_96,chunk,packed,0.0,0.0,1.0,1.0,0.3714,0.5,70.0,1.0,1.0
5a7933b255429907847277eb,chunk_packed_96,chunk,packed,1.0,1.0,1.0,1.0,0.2812,0.5,96.0,1.0,1.0
5a7754d85542993735360234,chunk_packed_96,chunk,packed,0.0,0.0,0.0,0.6667,0.4105,0.5,95.0,1.0,1.0
5a80c01855429938b61421b8,chunk_packed_96,chunk,packed,0.0,0.0,1.0,1.0,0.4375,0.5,96.0,1.0,1.0
5ab2b61d5542991669774065,chunk_packed_96,chunk,packed,0.0,0.0,0.0,0.0,0.5059,0.5,85.0,1.0,1.0
5ae8167b55429952e35eaa06,chunk_packed_96,chunk,packed,0.0,0.0,0.0,0.6667,0.0,0.0,87.0,1.0,1.0
5a7bacf35542997c3ec9724b,chunk_packed_96,chunk,packed,0.0,0.0,0.0,0.4,0.1818,0.5,88.0,1.0,1.0
5ac2610455429951e9e68592,chunk_packed_96,chunk,packed,0.0,0.5,1.0,1.0,0.6484,1.0,91.0,1.0,1.0
5a7c827e55429907fabeefa7,chunk_packed_96,chunk,packed,0.0,0.0,0.0,0.0,0.0,0.0,78.0,0.5,0.0
5a81711455429938b614233e,chunk_packed_96,chunk,packed,0.0,0.0,0.0,0.0,0.4062,0.5,96.0,1.0,1.0
5adfd0d655429942ec259b4e,chunk_packed_96,chunk,packed,0.0,0.0,0.0,0.0,0.5843,0.5,89.0,1.0,1.0
5adc85b855429944faac24e9,chunk_packed_96,chunk,packed,1.0,1.0,0.0,1.0,1.0,1.0,82.0,1.0,1.0
5abfde655542997719eab6f2,chunk_packed_96,chunk,packed,0.0,0.0,1.0,1.0,0.5625,0.5,96.0,1.0,1.0
5a72953b5542994cef4bc357,chunk_packed_96,chunk,packed,0.0,0.5,0.0,0.5,1.0,0.5,80.0,1.0,1.0
5ab989f755429970cfb8eb38,chunk_packed_96,chunk,packed,0.0,0.0,1.0,1.0,0.2527,0.5,91.0,0.5,0.0
5ae2133e554299495565d9e3,chunk_packed_96,chunk,packed,0.0,0.0,0.0,0.0,0.6875,0.5,96.0,1.0,1.0
5a82d71555429966c78a6a94,chunk_packed_96,chunk,packed,0.0,0.0,0.0,0.0,0.0,0.0,74.0,1.0,1.0
5ae1c3cd554299492dc91b87,chunk_packed_96,chunk,packed,0.0,0.3333,0.0,0.5,0.4432,0.5,88.0,1.0,1.0
5ac2583b55429951e9e68565,chunk_packed_96,chunk,packed,1.0,1.0,1.0,1.0,0.5161,1.0,93.0,1.0,1.0
5a82a55955429966c78a6a70,chunk_packed_96,chunk,packed,0.0,0.0,0.0,0.2,0.0,0.0,79.0,0.0,0.0
5ae5dae2554299546bf82fa4,chunk_packed_96,chunk,packed,1.0,1.0,1.0,1.0,0.4756,0.5,82.0,1.0,1.0
5ac195455542991316484b40,chunk_packed_96,chunk,packed,0.0,0.0,0.0,0.0,0.0,0.0,91.0,0.5,0.0
5ae785685542994a481bbd47,chunk_packed_96,chunk,packed,0.0,0.0,1.0,1.0,0.3247,0.5,77.0,1.0,1.0
5ae5429355429908b63265c5,chunk_packed_96,chunk,packed,0.0,0.0,0.0,0.0,0.4878,0.5,82.0,1.0,1.0
5a8ba60b554299240d9c205b,chunk_packed_96,chunk,packed,1.0,1.0,1.0,1.0,0.875,1.0,96.0,1.0,1.0
5a82f05255429966c78a6aa2,chunk_packed_96,chunk,packed,0.0,0.5,1.0,1.0,0.0,0.0,93.0,1.0,1.0
5abfea825542994516f45527,chunk_packed_96,chunk,packed,0.0,0.0,0.0,0.0,0.0,0.0,83.0,0.0,0.0
5aba6f3e55429955dce3ee21,chunk_packed_96,chunk,packed,0.0,0.0,0.0,0.0,0.0,0.0,94.0,1.0,1.0
5ae113de55429901ffe4ad51,chunk_packed_96,chunk,packed,0.0,0.0,0.0,0.0,0.2857,0.5,70.0,1.0,1.0
5adce4f65542992c1e3a2474,chunk_packed_96,chunk,packed,0.0,0.9091,0.0,0.8333,1.0,0.5,80.0,1.0,1.0
5ab27587554299449642c8af,chunk_packed_96,chunk,packed,0.0,0.0,0.0,0.0,1.0,0.5,82.0,1.0,1.0
5a7323ad5542994cef4bc476,chunk_packed_96,chunk,packed,1.0,1.0,1.0,1.0,1.0,1.0,96.0,1.0,1.0
5abc17555542993a06baf858,chunk_packed_96,chunk,packed,0.0,0.0,0.0,0.0,0.0,0.0,93.0,0.5,0.0
5ab9fe1255429939ce03dc40,chunk_packed_96,chunk,packed,0.0,0.5714,0.0,0.5,1.0,1.0,85.0,1.0,1.0
5a8b6ac055429949d91db5a5,chunk_packed_96,chunk,packed,0.0,0.6667,1.0,1.0,0.6771,1.0,96.0,1.0,1.0
5a87136e5542991e771816b2,chunk_packed_96,chunk,packed,0.0,0.0,0.0,0.0,0.6429,0.5,84.0,1.0,1.0
5abff0625542997ec76fd476,chunk_packed_96,chunk,packed,0.0,0.0,0.0,0.5,0.0,0.0,91.0,0.5,0.0
5a7526945542993748c897d2,chunk_packed_96,chunk,packed,0.0,0.0,0.0,0.0,0.6489,0.5,94.0,0.5,0.0
5abc8620554299700f9d78e2,chunk_packed_96,chunk,packed,1.0,1.0,1.0,1.0,0.4545,0.5,88.0,1.0,1.0
5a72a3c45542994cef4bc3ac,chunk_packed_96,chunk,packed,0.0,0.0,0.0,0.0,0.2841,0.5,88.0,0.5,0.0
5ac170af5542994d76dcce20,chunk_packed_96,chunk,packed,0.0,0.6667,0.0,0.0,0.0,0.0,96.0,1.0,1.0
5ae5f3bb5542996de7b71a7e,chunk_packed_96,chunk,packed,0.0,0.0,1.0,1.0,0.2526,0.5,95.0,0.5,0.0
5a7f7ca25542994857a76747,chunk_packed_96,chunk,packed,0.0,0.0,0.0,0.0,0.4526,0.5,95.0,1.0,1.0
5adca8375542990d50227cd4,chunk_packed_96,chunk,packed,0.0,0.0,0.0,0.0,0.0,0.0,86.0,0.5,0.0
5ac3e1075542995c82c4ac78,chunk_packed_96,chunk,packed,1.0,1.0,1.0,1.0,0.5158,0.5,95.0,1.0,1.0
5a7db0915542990b8f503a30,chunk_packed_96,chunk,packed,0.0,0.0,1.0,1.0,0.375,1.0,96.0,1.0,1.0
5a81e04455429903bc27b9f9,chunk_packed_96,chunk,packed,0.0,0.0,0.0,0.125,0.0,0.0,83.0,0.5,0.0
5a8a573355429970aeb7029a,chunk_packed_96,chunk,packed,0.0,0.0,0.0,0.2,0.2667,0.5,75.0,1.0,1.0
5a75e60e55429976ec32bc88,chunk_packed_96,chunk,packed,0.0,0.0,0.0,0.0,0.0,0.0,93.0,0.5,0.0
5abce73055429959677d6b34,chunk_packed_96,chunk,packed,0.0,0.0,1.0,1.0,0.4471,0.5,85.0,1.0,1.0
5a87572d5542994846c1cd6b,chunk_packed_96,chunk,packed,0.0,0.0,0.0,0.5,0.3474,0.5,95.0,0.5,0.0
5a89761d5542995153361310,chunk_packed_96,chunk,packed,1.0,1.0,1.0,1.0,0.6277,1.0,94.0,1.0,1.0
5a8d5f16554299585d9e37c5,chunk_packed_96,chunk,packed,1.0,1.0,1.0,1.0,0.6292,0.5,89.0,1.0,1.0
5ae7cea355429952e35ea9c1,chunk_packed_96,chunk,packed,0.0,0.0,1.0,1.0,0.1771,0.5,96.0,0.5,0.0
5ab600fb554299488d4d9a82,chunk_packed_96,chunk,packed,0.0,0.0,1.0,1.0,0.6508,0.5,63.0,0.5,0.0
5a7f7c285542994857a76746,chunk_packed_96,chunk,packed,1.0,1.0,1.0,1.0,0.8214,0.5,84.0,1.0,1.0
5ade61fd554299728e26c704,chunk_packed_96,chunk,packed,0.0,0.0,0.0,0.0,0.3182,0.5,66.0,1.0,1.0
5a73630655429901807db020,chunk_packed_96,chunk,packed,0.0,0.0,1.0,1.0,0.5316,0.5,79.0,1.0,1.0
5ab916e155429919ba4e23a4,chunk_packed_96,chunk,packed,1.0,1.0,0.0,1.0,1.0,0.5,62.0,1.0,1.0
5ae0af5555429945ae95941e,chunk_packed_96,chunk,packed,0.0,0.0,0.0,0.0,0.0,0.0,93.0,1.0,1.0
5a865bbf5542991e77181615,chunk_packed_96,chunk,packed,0.0,0.0,0.0,0.0,0.0,0.0,77.0,1.0,1.0
5a8fa20555429918e830d298,chunk_packed_96,chunk,packed,0.0,0.0,0.0,0.0,0.141,0.5,78.0,1.0,1.0
5ab97cd0554299753720f81a,chunk_packed_96,chunk,packed,0.0,0.0,0.0,0.0,0.2667,0.5,90.0,1.0,1.0
5ae7ed9555429952e35ea9e6,chunk_packed_96,chunk,packed,1.0,1.0,1.0,1.0,0.5319,1.0,94.0,1.0,1.0
5aded1595542995ec70e8f29,chunk_packed_96,chunk,packed,0.0,0.0,0.0,0.0,0.5833,0.5,72.0,1.0,1.0
5adc3aff5542996e685252eb,chunk_packed_96,chunk,packed,0.0,0.0,0.0,0.5,0.4624,0.5,93.0,0.5,0.0
5ae2ee5e5542991a06ce990a,chunk_packed_96,chunk,packed,0.0,0.6667,1.0,1.0,0.617,0.5,94.0,1.0,1.0
5a8e42d15542995a26add4a6,chunk_packed_96,chunk,packed,0.0,0.0,1.0,1.0,0.5211,0.5,71.0,1.0,1.0
5a7a33a35542994f819ef14c,chunk_packed_96,chunk,packed,0.0,0.0,1.0,1.0,0.4286,1.0,91.0,1.0,1.0
5ae69fa755429908198fa66c,chunk_packed_96,chunk,packed,0.0,0.0,0.0,0.0,0.4815,0.5,81.0,0.5,0.0
5a7e279d5542995ed0d166b5,chunk_packed_96,chunk,packed,0.0,0.0,0.0,0.0,0.0,0.0,95.0,0.5,0.0
5a79c6a55542994bb9457091,chunk_packed_96,chunk,packed,1.0,1.0,1.0,1.0,0.6795,0.5,78.0,1.0,1.0
5a739d8c55429905862fe073,chunk_packed_96,chunk,packed,0.0,0.0,0.0,0.0,0.6092,0.5,87.0,0.5,0.0
5a7fc21455429969796c1b4b,chunk_packed_96,chunk,packed,1.0,1.0,1.0,1.0,1.0,1.0,79.0,1.0,1.0
5ae1da385542997283cd2297,chunk_packed_96,chunk,packed,0.0,0.6667,1.0,1.0,0.3371,0.5,89.0,1.0,1.0
5ab5f249554299488d4d9a5d,chunk_packed_96,chunk,packed,0.0,0.0,1.0,1.0,0.4478,0.5,67.0,1.0,1.0
5ab9180b5542991b5579f0f3,chunk_packed_96,chunk,packed,1.0,1.0,1.0,1.0,0.3854,0.5,96.0,1.0,1.0
5ae0f8a05542997b2ef7d0bc,chunk_packed_96,chunk,packed,1.0,1.0,1.0,1.0,0.6044,0.5,91.0,1.0,1.0
5a7c8e7955429935c91b521a,chunk_packed_96,chunk,packed,0.0,0.5714,0.0,0.4,0.4889,0.5,90.0,1.0,1.0
5ae5d008554299546bf82f7d,chunk_packed_96,chunk,packed,0.0,0.5,0.0,0.5,0.0,0.0,89.0,1.0,1.0
5abbaed855429931dba144aa,chunk_packed_96,chunk,packed,0.0,0.0,1.0,1.0,0.1889,0.5,90.0,1.0,1.0
5ae1316555429901ffe4adda,chunk_packed_96,chunk,packed,0.0,0.0,0.0,0.0,1.0,0.5,83.0,1.0,1.0
5a74512b55429974ef308bd5,chunk_packed_96,chunk,packed,0.0,0.0,0.0,0.0,0.0,0.0,96.0,0.5,0.0
5a80aeff5542996402f6a5eb,chunk_packed_96,chunk,packed,0.0,0.0,0.0,0.0,0.4778,0.5,90.0,1.0,1.0
5a88a4e65542997e5c09a671,chunk_packed_96,chunk,packed,0.0,0.0,0.0,0.5,0.3118,0.5,93.0,1.0,1.0
5ae2eda355429928c4239570,chunk_packed_96,chunk,packed,1.0,1.0,1.0,1.0,0.809,1.0,89.0,1.0,1.0
5a836a2d554299334474600f,chunk_packed_96,chunk,packed,0.0,0.0,0.0,0.0,0.3011,0.5,93.0,1.0,1.0
5a78d01d55429974737f78b3,chunk_packed_96,chunk,packed,0.0,0.0,0.0,0.0,0.0,0.0,86.0,1.0,1.0
5ae46c9d5542996836b02c9d,chunk_packed_96,chunk,packed,0.0,0.6667,1.0,1.0,0.6196,0.5,92.0,1.0,1.0
5a80e03e55429938b614222c,chunk_packed_96,chunk,packed,0.0,0.0,0.0,0.0,1.0,0.5,85.0,1.0,1.0
5a7270395542992359bc30a8,chunk_packed_96,chunk,packed,0.0,0.0,0.0,0.5,0.0,0.0,94.0,0.5,0.0
5ab8261655429934fafe6cf1,chunk_packed_96,chunk,packed,0.0,0.0,0.0,0.0,0.3678,0.5,87.0,0.5,0.0
5abc41315542993a06baf8bb,chunk_packed_96,chunk,packed,0.0,0.0,0.0,0.0,0.5476,0.5,84.0,1.0,1.0
5abd455c55429924427fcf5a,chunk_packed_96,chunk,packed,0.0,0.0,0.0,0.0,0.0,0.0,71.0,1.0,1.0
5ab97d0a5542996be202051e,chunk_packed_96,chunk,packed,1.0,1.0,1.0,1.0,0.6526,1.0,95.0,1.0,1.0
5a7a96555542990198eaf159,chunk_packed_96,chunk,packed,0.0,0.6667,0.0,0.0,0.8391,0.5,87.0,1.0,1.0
5a8c7057554299653c1aa066,chunk_packed_96,chunk,packed,0.0,0.6667,1.0,1.0,0.4839,0.5,93.0,1.0,1.0
5a7663665542992d0ec060d3,chunk_packed_96,chunk,packed,0.0,0.2857,0.0,0.75,0.3908,0.5,87.0,1.0,1.0
5abd920e55429924427fd05d,chunk_packed_96,chunk,packed,0.0,0.0,0.0,0.0,0.3736,1.0,91.0,1.0,1.0
5ae47ae05542995ad6573d4f,chunk_packed_96,chunk,packed,1.0,1.0,1.0,1.0,0.0,0.0,87.0,1.0,1.0
5ae25ed15542992decbdccd2,chunk_packed_96,chunk,packed,0.0,0.0,0.0,0.0,0.5426,1.0,94.0,1.0,1.0
5a8b7e9c5542995d1e6f13c1,chunk_packed_96,chunk,packed,0.0,0.0,0.0,0.5,0.4605,0.5,76.0,1.0,1.0
5a7265a95542992359bc307a,chunk_packed_96,chunk,packed,0.0,0.6667,1.0,1.0,0.3229,0.5,96.0,1.0,1.0
5add889b5542997545bbbd68,chunk_packed_96,chunk,packed,0.0,0.0,0.0,0.0,0.1573,0.5,89.0,0.5,0.0
5abed7d75542990832d3a0f7,chunk_packed_96,chunk,packed,1.0,1.0,1.0,1.0,0.0,0.0,75.0,0.5,0.0
5ab8c3c65542991b5579effd,chunk_packed_96,chunk,packed,0.0,0.0,1.0,1.0,0.6512,1.0,86.0,1.0,1.0
5ae6179b5542992663a4f25b,chunk_packed_96,chunk,packed,0.0,0.0,1.0,1.0,1.0,1.0,94.0,1.0,1.0
5a80838d5542992bc0c4a745,chunk_packed_96,chunk,packed,0.0,0.0,1.0,1.0,0.2576,0.5,66.0,1.0,1.0
5a7cd7f055429909bec7683e,chunk_packed_96,chunk,packed,1.0,1.0,1.0,1.0,0.0,0.0,79.0,1.0,1.0
5ac3a10b5542995ef918c1c3,chunk_packed_96,chunk,packed,1.0,1.0,1.0,1.0,1.0,0.5,78.0,1.0,1.0
5ab8764155429919ba4e22fe,chunk_packed_96,chunk,packed,0.0,0.0,1.0,1.0,0.2609,0.5,92.0,1.0,1.0
5a7cf4e355429907fabef062,chunk_packed_96,chunk,packed,0.0,0.0,1.0,1.0,0.4681,0.5,94.0,1.0,1.0
5a8f06075542995b44241f2d,chunk_packed_96,chunk,packed,0.0,0.0,0.0,0.5,0.3846,0.5,78.0,1.0,1.0
5ac09da45542996f0d89cc1d,chunk_packed_96,chunk,packed,1.0,1.0,1.0,1.0,0.5783,1.0,83.0,1.0,1.0
5a8a4b9955429930ff3c0d88,chunk_packed_96,chunk,packed,0.0,0.0,0.0,0.0,0.506,0.5,83.0,0.5,0.0
5a8b7d925542995d1e6f13bd,chunk_packed_96,chunk,packed,0.0,0.0,1.0,1.0,1.0,1.0,94.0,1.0,1.0
5a8a09ff5542992d82986e6b,chunk_packed_96,chunk,packed,0.0,0.0,0.0,0.0,0.0,0.0,94.0,0.5,0.0
5ab2d65e554299545a2cfabe,chunk_packed_96,chunk,packed,0.0,0.0,0.0,0.3333,0.0,0.0,87.0,0.5,0.0
5a711cb45542994082a3e59f,chunk_packed_96,chunk,packed,1.0,1.0,1.0,1.0,0.6818,0.5,88.0,1.0,1.0
5a746ddc55429929fddd8423,chunk_packed_96,chunk,packed,0.0,0.0,0.0,0.5,0.4359,0.5,78.0,0.5,0.0
5ae4b55455429913cc2044db,chunk_packed_96,chunk,packed,0.0,0.0,0.0,0.0,0.2857,0.5,84.0,1.0,1.0
5ab6087a554299110f2199be,chunk_packed_96,chunk,packed,0.0,0.0,0.0,0.0,0.7396,1.0,96.0,1.0,1.0
5adfc06d55429906c02daa2a,chunk_packed_96,chunk,packed,0.0,0.0,1.0,1.0,0.413,0.5,92.0,1.0,1.0
5adf51e05542995534e8c78a,chunk_packed_96,chunk,packed,0.0,0.4,0.0,0.3333,0.381,0.5,84.0,1.0,1.0
5ab4482b55429942dd415f09,chunk_packed_96,chunk,packed,0.0,0.75,0.0,0.2,0.3333,0.5,87.0,1.0,1.0
5abfa0285542990832d3a171,chunk_packed_96,chunk,packed,0.0,0.0,0.0,0.0,0.3412,0.5,85.0,1.0,1.0
5a8b1a925542997f31a41c6e,chunk_packed_96,chunk,packed,0.0,0.0,0.0,0.0,0.4348,0.5,92.0,1.0,1.0
5a7fc03d5542992097ad2fbc,chunk_packed_96,chunk,packed,0.0,0.0,1.0,1.0,0.0,0.0,91.0,1.0,1.0
5ae5ead6554299546bf82fd0,chunk_packed_96,chunk,packed,1.0,1.0,1.0,1.0,0.6979,0.5,96.0,1.0,1.0
5ae6371155429929b0807af1,chunk_packed_96,chunk,packed,1.0,1.0,1.0,1.0,0.3646,0.5,96.0,1.0,1.0
5a80f4c2554299260e20a1da,chunk_packed_96,chunk,packed,0.0,0.0,0.0,0.0,0.2708,0.5,96.0,1.0,1.0
5ac38bf355429939154137ba,chunk_packed_96,chunk,packed,0.0,0.0,0.0,0.5,0.7531,0.5,81.0,1.0,1.0
5ae26c795542992decbdccfb,chunk_packed_96,chunk,packed,0.0,0.0,0.0,0.0,0.0,0.0,69.0,0.5,0.0
5ae51fa25542992663a4f11f,chunk_packed_96,chunk,packed,0.0,0.0,1.0,1.0,0.3253,0.5,83.0,1.0,1.0
5ae13bf1554299422ee99634,chunk_packed_96,chunk,packed,0.0,0.0,0.0,0.5,0.5875,0.5,80.0,1.0,1.0
5a79e7b45542994f819ef0ff,chunk_packed_96,chunk,packed,0.0,0.0,0.0,0.0,0.6977,0.5,86.0,0.5,0.0
5a8ee7c95542990e94052bb1,chunk_packed_96,chunk,packed,0.0,0.0,0.0,0.0,0.587,1.0,92.0,1.0,1.0
5a8bc0485542995d1e6f143d,chunk_packed_96,chunk,packed,0.0,0.0,0.0,0.0,0.1412,0.5,85.0,1.0,1.0
5adf3c155542993a75d2643a,chunk_packed_96,chunk,packed,0.0,0.0,0.0,0.0,0.0,0.0,91.0,0.5,0.0
5ab84bab55429934fafe6d49,chunk_packed_96,chunk,packed,0.0,0.0,0.0,0.0,0.0,0.0,92.0,1.0,1.0
5abb4b4a5542993f40c73aea,chunk_packed_96,chunk,packed,1.0,1.0,1.0,1.0,0.6484,0.5,91.0,1.0,1.0
5ae4885e55429970de88d99d,chunk_packed_96,chunk,packed,0.0,0.0,0.0,0.3333,0.7614,0.5,88.0,1.0,1.0
5adf53dc5542995534e8c791,chunk_packed_96,chunk,packed,0.0,0.0,1.0,1.0,1.0,1.0,82.0,1.0,1.0
5a7a70b355429941d65f2647,chunk_packed_96,chunk,packed,1.0,1.0,1.0,1.0,0.1875,0.5,96.0,1.0,1.0
5a8911ad554299515336129c,chunk_packed_96,chunk,packed,1.0,1.0,1.0,1.0,1.0,1.0,92.0,1.0,1.0
5ae6911955429908198fa626,chunk_packed_96,chunk,packed,0.0,0.0,0.0,0.3333,0.4368,0.5,87.0,1.0,1.0
5a843de75542992ef85e23b4,chunk_packed_96,chunk,packed,0.0,0.0,0.0,0.0,0.0,0.0,89.0,0.5,0.0
5a7d22dc5542995ed0d16600,chunk_packed_96,chunk,packed,1.0,1.0,1.0,1.0,0.7053,0.5,95.0,1.0,1.0
5a8a1a9c5542992d82986ebb,chunk_packed_96,chunk,packed,0.0,0.0,0.0,0.0,0.0,0.0,90.0,1.0,1.0
5a8f7c9a55429918e830d239,chunk_packed_96,chunk,packed,0.0,0.0,0.0,0.0,0.4725,0.5,91.0,1.0,1.0
5ab92f1f554299753720f77b,chunk_packed_96,chunk,packed,0.0,0.6667,0.0,0.0,0.0,0.0,71.0,1.0,1.0
5a761e855542994ccc9186e0,chunk_packed_96,chunk,packed,0.0,0.0,1.0,1.0,0.1978,0.5,91.0,1.0,1.0
5a7a01b15542996c55b2dcd1,chunk_packed_96,chunk,packed,0.0,0.0,0.0,0.6667,0.5521,0.5,96.0,1.0,1.0
5a733b835542991f9a20c6b2,chunk_packed_96,chunk,packed,1.0,1.0,1.0,1.0,0.4889,0.5,90.0,0.5,0.0
5ae04ea555429924de1b709e,chunk_packed_96,chunk,packed,0.0,0.0,0.0,0.0,0.0,0.0,96.0,0.5,0.0
5abd2eab5542992ac4f38210,chunk_packed_96,chunk,packed,0.0,0.0,0.0,0.0,0.0,0.0,82.0,1.0,1.0
5a81e097554299676cceb129,chunk_packed_96,chunk,packed,0.0,0.4,1.0,1.0,0.3407,0.5,91.0,1.0,1.0
5ab6faec5542991d32223708,chunk_packed_96,chunk,packed,0.0,0.0,0.0,0.4286,0.0,0.0,88.0,1.0,1.0
5a753c8c55429916b01642ab,chunk_packed_96,chunk,packed,0.0,0.0,1.0,1.0,1.0,1.0,96.0,1.0,1.0
5ae22ede554299234fd0441b,chunk_packed_96,chunk,packed,0.0,0.0,0.0,0.0,0.2593,0.5,81.0,0.5,0.0
5a8b40b055429949d91db50c,chunk_packed_96,chunk,packed,0.0,0.0,1.0,1.0,0.8901,0.5,91.0,1.0,1.0
5ade8ad95542992fa25da7b8,chunk_packed_96,chunk,packed,0.0,0.0,1.0,1.0,0.3095,0.5,84.0,1.0,1.0
5a7b971255429927d897bff3,chunk_packed_96,chunk,packed,0.0,0.0,1.0,1.0,0.5543,0.5,92.0,1.0,1.0
5ae2c4b8554299495565db31,chunk_packed_96,chunk,packed,0.0,0.0,0.0,0.0,0.0,0.0,93.0,0.5,0.0
5ac508205542994611c8b32e,chunk_packed_96,chunk,packed,0.0,0.0,1.0,1.0,0.5435,0.5,92.0,1.0,1.0
5a74c85055429916b0164218,chunk_packed_96,chunk,packed,0.0,0.8,1.0,1.0,0.8111,1.0,90.0,1.0,1.0
5a75642c5542996c70cfaeed,chunk_packed_96,chunk,packed,0.0,0.0,0.0,0.0,0.0,0.0,93.0,0.5,0.0
5ae6dd745542996d980e7ca0,chunk_packed_96,chunk,packed,0.0,0.0,0.0,0.0,0.0,0.0,81.0,0.5,0.0
5a74d64055429916b0164223,chunk_packed_96,chunk,packed,1.0,1.0,1.0,1.0,0.4819,0.5,83.0,0.5,0.0
5a7a616355429941d65f25f7,chunk_packed_96,chunk,packed,0.0,0.0,0.0,0.5,1.0,1.0,93.0,1.0,1.0
5aba9813554299232ef4a357,chunk_packed_96,chunk,packed,1.0,1.0,1.0,1.0,0.5412,0.5,85.0,1.0,1.0
5ae5669755429960a22e02ec,chunk_packed_96,chunk,packed,0.0,0.0,0.0,0.6,0.525,0.5,80.0,1.0,1.0
5a79e1275542990198eaefe7,chunk_packed_96,chunk,packed,0.0,0.0,0.0,0.3333,0.5,0.5,96.0,0.5,0.0
5a9064c755429916514e74a6,chunk_packed_96,chunk,packed,1.0,1.0,1.0,1.0,0.6667,1.0,87.0,1.0,1.0
5a872e8e5542991e7718170c,chunk_packed_96,chunk,packed,0.0,0.0,0.0,0.0,0.2391,0.5,92.0,1.0,1.0
5ae6453e55429908198fa56c,chunk_packed_96,chunk,packed,1.0,1.0,1.0,1.0,0.7447,1.0,94.0,1.0,1.0
5a90970d5542995651fb51a5,chunk_packed_96,chunk,packed,0.0,0.0,0.0,0.0,0.4835,0.5,91.0,0.5,0.0
5ae15ae25542990adbacf767,chunk_packed_96,chunk,packed,0.0,0.0,0.0,0.0,0.6047,0.5,86.0,1.0,1.0
5a7e08b55542997cc2c474fe,chunk_packed_96,chunk,packed,1.0,1.0,1.0,1.0,1.0,0.5,72.0,1.0,1.0
5ab30336554299166977417c,chunk_packed_96,chunk,packed,1.0,1.0,1.0,1.0,0.6667,0.5,84.0,0.5,0.0
5a83b4d35542996488c2e495,chunk_packed_96,chunk,packed,0.0,0.0,0.0,0.3333,0.0,0.0,84.0,1.0,1.0
5ab416a25542996a3a969f28,chunk_packed_96,chunk,packed,0.0,0.0,1.0,1.0,0.6265,0.5,83.0,1.0,1.0
5a7147fd5542994082a3e758,chunk_packed_96,chunk,packed,0.0,0.0,0.0,0.3333,0.0,0.0,89.0,1.0,1.0
5ae0413555429942ec259c61,chunk_packed_96,chunk,packed,1.0,1.0,1.0,1.0,1.0,0.5,86.0,1.0,1.0
5ae47cab5542996836b02cb9,chunk_packed_96,chunk,packed,1.0,1.0,0.0,0.0,0.2211,0.5,95.0,0.5,0.0
5abdbf3755429933744ab818,chunk_packed_96,chunk,packed,0.0,0.0,0.0,0.0,1.0,1.0,83.0,1.0,1.0
5ae0968955429924de1b7105,chunk_packed_96,chunk,packed,0.0,0.0,1.0,1.0,0.6207,1.0,87.0,1.0,1.0
5ab48f245542990594ba9c66,chunk_packed_96,chunk,packed,0.0,0.0,0.0,0.0,0.6211,0.5,95.0,1.0,1.0
5ae5faf555429929b0807a4c,chunk_packed_96,chunk,packed,0.0,0.0,1.0,1.0,0.6703,1.0,91.0,1.0,1.0
5a7c53a855429935c91b515d,chunk_packed_96,chunk,packed,1.0,1.0,1.0,1.0,0.4176,0.5,91.0,0.5,0.0
5ae51b495542993aec5ec146,chunk_packed_96,chunk,packed,0.0,0.0,0.0,0.3333,0.0,0.0,85.0,1.0,1.0
5ade8f5955429975fa854f10,chunk_packed_96,chunk,packed,0.0,0.0,1.0,1.0,1.0,1.0,94.0,1.0,1.0
5ab64cfa55429953192ad2b7,chunk_packed_96,chunk,packed,0.0,0.0,1.0,1.0,0.5233,1.0,86.0,1.0,1.0
5a8fae205542997ba9cb32ec,chunk_packed_96,chunk,packed,0.0,0.0,0.0,0.0,0.4304,0.5,79.0,0.5,0.0
5abb7d8b5542996cc5e4a006,chunk_packed_96,chunk,packed,0.0,0.0,0.0,0.0,0.0,0.0,95.0,1.0,1.0
5add47bf5542992200553a7f,chunk_packed_96,chunk,packed,0.0,0.0,0.0,0.0,0.8404,1.0,94.0,1.0,1.0
5a7128b05542994082a3e5f2,chunk_packed_96,chunk,packed,1.0,1.0,1.0,1.0,0.3368,0.5,95.0,1.0,1.0
5ade04465542990dbb2f7f2f,chunk_packed_96,chunk,packed,0.0,0.0,0.0,0.0,0.3529,0.5,68.0,1.0,1.0
5ab431d855429942dd415ed2,chunk_packed_96,chunk,packed,0.0,0.0,0.0,0.0,0.0,0.0,88.0,0.5,0.0
5a8c6342554299240d9c214a,chunk_packed_96,chunk,packed,0.0,0.0,0.0,0.0,0.4516,0.5,93.0,1.0,1.0
5adc75525542994650320d0e,chunk_packed_96,chunk,packed,0.0,0.6667,0.0,1.0,0.6947,1.0,95.0,1.0,1.0
5a85d25b5542996432c570ee,chunk_packed_96,chunk,packed,0.0,0.6667,1.0,1.0,0.5426,1.0,94.0,1.0,1.0
5a7183575542994082a3e85e,chunk_packed_96,chunk,packed,0.0,0.0,0.0,0.0,0.4831,0.5,89.0,1.0,1.0
5adebea1554299728e26c7b6,chunk_packed_96,chunk,packed,0.0,0.0,0.0,0.0,0.3011,0.5,93.0,0.5,0.0
5a80a25d5542995d8a8ddfb7,chunk_packed_96,chunk,packed,0.0,0.0,0.0,0.0,0.0,0.0,87.0,0.5,0.0
5a778b1e55429949eeb29ee3,chunk_packed_96,chunk,packed,0.0,0.0,1.0,1.0,1.0,1.0,91.0,1.0,1.0
5ae6860e5542991bbc976112,chunk_packed_96,chunk,packed,0.0,0.0,0.0,0.1667,0.4318,0.5,88.0,1.0,1.0
5a7e058f5542995f4f402390,chunk_packed_96,chunk,packed,1.0,1.0,1.0,1.0,1.0,1.0,94.0,1.0,1.0
5ab2a8b655429929539467ab,chunk_packed_96,chunk,packed,0.0,0.0,1.0,1.0,0.4778,0.5,90.0,1.0,1.0
5a8e06785542995085b37383,chunk_packed_96,chunk,packed,0.0,0.0,0.0,0.0,0.3444,0.5,90.0,1.0,1.0
5a7eb22655429930675135cb,chunk_packed_96,chunk,packed,0.0,0.0,0.0,0.0,0.0,0.0,93.0,0.5,0.0
5ab298fb554299449642c922,chunk_packed_96,chunk,packed,0.0,0.0,0.0,0.0,0.0,0.0,91.0,1.0,1.0
5ab27287554299722f9b4d2c,chunk_packed_96,chunk,packed,0.0,0.3333,1.0,1.0,1.0,1.0,87.0,1.0,1.0
5ae0f2bf5542997b2ef7d09e,chunk_packed_96,chunk,packed,0.0,0.0,1.0,1.0,0.0,0.0,72.0,1.0,1.0
5a838fcd5542992ef85e2305,chunk_packed_96,chunk,packed,0.0,0.8,0.0,0.6667,0.4946,0.5,93.0,0.5,0.0
5a79caec5542994bb94570ad,chunk_packed_96,chunk,packed,0.0,0.0,1.0,1.0,1.0,1.0,79.0,1.0,1.0
5a73266d5542994cef4bc47d,chunk_packed_96,chunk,packed,1.0,1.0,1.0,1.0,0.593,0.5,86.0,1.0,1.0
5a8de02b554299068b959e13,chunk_packed_96,chunk,packed,0.0,0.0,1.0,1.0,1.0,1.0,83.0,1.0,1.0
5a89ba6b554299669944a584,chunk_packed_96,chunk,packed,1.0,1.0,1.0,1.0,1.0,0.5,82.0,1.0,1.0
5ae4ea2a5542993aec5ec0ee,chunk_packed_96,chunk,packed,0.0,0.0,0.0,0.25,0.0,0.0,76.0,0.5,0.0
5a7796e05542992a6e59df0f,chunk_packed_96,chunk,packed,1.0,1.0,1.0,1.0,0.4409,0.5,93.0,1.0,1.0
5ab8627f5542990e739ec8da,chunk_packed_96,chunk,packed,0.0,0.0,0.0,0.3333,0.0,0.0,95.0,1.0,1.0
5a7456ec55429979e288290f,chunk_packed_96,chunk,packed,1.0,1.0,1.0,1.0,0.6522,0.5,92.0,1.0,1.0
5abc6fba554299700f9d78c7,chunk_packed_96,chunk,packed,0.0,0.0,0.0,0.0,0.0,0.0,91.0,1.0,1.0
5ae1500655429920d52343cc,chunk_packed_96,chunk,packed,0.0,0.0,1.0,1.0,0.3625,1.0,80.0,1.0,1.0
5a8c5569554299240d9c2126,chunk_packed_96,chunk,packed,1.0,1.0,0.0,0.0,1.0,1.0,72.0,1.0,1.0
5a7cffb755429907fabef09f,chunk_packed_96,chunk,packed,0.0,0.0,0.0,0.0,0.3158,0.5,76.0,0.5,0.0
5abdaa0f55429965af743dad,chunk_packed_96,chunk,packed,0.0,0.3333,0.0,0.6667,0.4479,0.5,96.0,0.5,0.0
5add00805542992c1e3a2504,chunk_packed_96,chunk,packed,1.0,1.0,1.0,1.0,0.2737,0.5,95.0,1.0,1.0
5a8af11a55429950cd6afc21,chunk_packed_96,chunk,packed,0.0,0.0,0.0,0.0,0.0,0.0,94.0,0.5,0.0
5ac34994554299741d48a242,chunk_packed_96,chunk,packed,0.0,0.0,1.0,1.0,0.4756,0.5,82.0,1.0,1.0
5ab3e45655429976abd1bcd4,chunk_packed_96,chunk,packed,0.0,0.0,0.0,0.3333,0.3261,0.5,92.0,0.5,0.0
5a77ace855429967ab105223,chunk_packed_96,chunk,packed,1.0,1.0,1.0,1.0,0.5679,0.5,81.0,1.0,1.0
5a802b595542995d8a8ddf51,chunk_packed_96,chunk,packed,1.0,1.0,1.0,1.0,0.0,0.0,95.0,0.5,0.0
5a8501915542997175ce1f5a,chunk_packed_96,chunk,packed,1.0,1.0,0.0,0.0,0.4118,0.5,85.0,1.0,1.0
5ab5f75e554299637185c64b,chunk_packed_96,chunk,packed,0.0,0.0,0.0,0.0,0.7604,1.0,96.0,1.0,1.0
5a9068075542990a9849361a,chunk_packed_96,chunk,packed,0.0,0.0,0.0,0.0,1.0,0.5,71.0,1.0,1.0
5ae676915542995703ce8b66,chunk_packed_96,chunk,packed,1.0,1.0,1.0,1.0,0.2222,0.5,81.0,0.5,0.0
5ae39e9c5542990afbd1e195,chunk_packed_96,chunk,packed,0.0,0.0,0.0,0.0,0.0,0.0,94.0,0.5,0.0
5ae76d185542997ec2727641,chunk_packed_96,chunk,packed,0.0,0.0,0.0,0.0,0.2989,0.5,87.0,0.5,0.0
5a8a17685542993b751ca9f3,chunk_packed_96,chunk,packed,1.0,1.0,1.0,1.0,0.7579,1.0,95.0,1.0,1.0
5abbcba05542992ccd8e7fa3,chunk_packed_96,chunk,packed,0.0,0.0,0.0,0.0,1.0,1.0,82.0,1.0,1.0
5a8b515e55429971feec46bb,chunk_packed_96,chunk,packed,0.0,0.6667,0.0,0.6667,0.0,0.0,85.0,1.0,1.0
5ae22895554299495565da0c,chunk_packed_96,chunk,packed,0.0,0.0,0.0,0.0,0.0,0.0,95.0,1.0,1.0
5a83dd2c554299334474609e,chunk_packed_96,chunk,packed,0.0,0.0,0.0,0.0909,0.0,0.0,93.0,0.0,0.0
5abb76fa5542992ccd8e7f48,chunk_packed_96,chunk,packed,0.0,0.0,0.0,0.0,0.3295,0.5,88.0,1.0,1.0
5ab4eecb55429942dd415faa,chunk_packed_96,chunk,packed,0.0,0.0,0.0,0.0,0.0,0.0,89.0,1.0,1.0
5ae0b9b155429924de1b7152,chunk_packed_96,chunk,packed,0.0,0.0,0.0,0.0,0.0,0.0,79.0,1.0,1.0
5a90629855429916514e749e,chunk_packed_96,chunk,packed,0.0,0.0,0.0,0.0,0.0,0.0,64.0,0.5,0.0
5a7a4f335542990198eaf11e,chunk_packed_96,chunk,packed,0.0,0.0,0.0,0.3333,0.0,0.0,83.0,1.0,1.0
5ab674b7554299110f219a0c,chunk_packed_96,chunk,packed,1.0,1.0,0.0,0.5,0.4835,0.5,91.0,1.0,1.0
5ae406f055429970de88d874,chunk_packed_96,chunk,packed,1.0,1.0,1.0,1.0,1.0,1.0,77.0,1.0,1.0
5a75441c55429916b01642cf,chunk_packed_96,chunk,packed,1.0,1.0,0.0,0.0,0.0,0.0,80.0,1.0,1.0
5a8307c055429966c78a6af9,chunk_packed_96,chunk,packed,0.0,0.3333,0.0,0.3333,1.0,0.5,78.0,1.0,1.0
5ae077805542993d6555eb6e,chunk_packed_96,chunk,packed,1.0,1.0,0.0,0.0,0.5152,0.5,66.0,1.0,1.0
5a7f19eb55429934daa2fcdb,chunk_packed_96,chunk,packed,1.0,1.0,1.0,1.0,1.0,1.0,93.0,1.0,1.0
5adc1ae5554299438c868d5c,chunk_packed_96,chunk,packed,0.0,0.0,0.0,0.0,0.2105,0.5,95.0,1.0,1.0
5ae446175542995ad6573d1f,chunk_packed_96,chunk,packed,0.0,0.0,0.0,0.0,0.0,0.0,83.0,0.5,0.0
5ac2eec55542990b17b154c1,chunk_packed_96,chunk,packed,0.0,0.5,0.0,0.3333,0.4526,0.5,95.0,1.0,1.0
5a836a765542996488c2e446,chunk_packed_96,chunk,packed,0.0,0.0,0.0,0.0,0.5595,0.5,84.0,1.0,1.0
5ae614215542992663a4f254,chunk_packed_96,chunk,packed,1.0,1.0,1.0,1.0,0.3854,0.5,96.0,0.5,0.0
5ade15a45542997545bbbe46,chunk_packed_96,chunk,packed,0.0,0.0,0.0,0.0,0.6848,1.0,92.0,1.0,1.0
5ac0641f554299294b218fbe,chunk_packed_96,chunk,packed,0.0,0.0,0.0,0.0,0.3222,0.5,90.0,1.0,1.0
5a7143625542994082a3e71e,chunk_packed_96,chunk,packed,0.0,0.0,1.0,1.0,0.0,0.0,81.0,0.5,0.0
5a8c51f0554299240d9c2111,chunk_packed_96,chunk,packed,0.0,0.8,1.0,1.0,1.0,1.0,95.0,1.0,1.0
5a8719fa55429960ec39b742,chunk_packed_96,chunk,packed,0.0,0.0,1.0,1.0,0.0,0.0,92.0,1.0,1.0
5ab67f4c55429953192ad2d9,chunk_packed_96,chunk,packed,1.0,1.0,1.0,1.0,0.4177,0.5,79.0,1.0,1.0
5a7326cd5542991f29ee2d11,chunk_packed_96,chunk,packed,0.0,0.0,1.0,1.0,0.5,0.5,70.0,1.0,1.0
5ae0f4645542997b2ef7d0aa,chunk_packed_96,chunk,packed,0.0,0.6667,1.0,1.0,0.6344,0.5,93.0,1.0,1.0
5a8c5c6f554299653c1aa04d,chunk_packed_96,chunk,packed,0.0,0.0,0.0,0.0,1.0,0.5,80.0,1.0,1.0
5abdb8ba5542993f32c2a015,chunk_packed_96,chunk,packed,0.0,0.0,1.0,1.0,1.0,1.0,87.0,1.0,1.0
5ac11037554299294b21907a,chunk_packed_96,chunk,packed,0.0,0.0,0.0,0.5,0.4302,0.5,86.0,0.5,0.0
5ab833ad5542990e739ec86f,chunk_packed_96,chunk,packed,0.0,0.0,0.0,0.0,0.3291,0.5,79.0,0.5,0.0
5a88f9555542995153361214,chunk_packed_96,chunk,packed,0.0,0.0,0.0,0.3333,0.0,0.0,73.0,0.5,0.0
5a7e23655542997cc2c47528,chunk_packed_96,chunk,packed,0.0,0.0,0.0,0.0,0.35,0.5,80.0,0.5,0.0
5abfe2a15542997d6429591c,chunk_packed_96,chunk,packed,0.0,0.0,1.0,1.0,0.2396,0.5,96.0,1.0,1.0
5ae1fced5542997283cd230e,chunk_packed_96,chunk,packed,1.0,1.0,1.0,1.0,0.0,0.0,90.0,1.0,1.0
5a74994a55429974ef308c2e,chunk_packed_96,chunk,packed,1.0,1.0,1.0,1.0,0.5476,0.5,84.0,1.0,1.0
5ae6f2a7554299572ea5464a,chunk_packed_96,chunk,packed,0.0,0.0,0.0,0.0,0.3111,0.5,90.0,1.0,1.0
5a7f3f7c55429934daa2fd45,chunk_packed_96,chunk,packed,1.0,1.0,0.0,0.0,0.375,0.5,96.0,1.0,1.0
5a7543d555429916b01642ce,chunk_packed_96,chunk,packed,1.0,1.0,0.0,0.0,0.0,0.0,75.0,1.0,1.0
5ab938db5542996be2020454,chunk_packed_96,chunk,packed,0.0,0.0,1.0,1.0,0.9263,0.5,95.0,1.0,1.0
5ae30d4b55429928c42395cc,chunk_packed_96,chunk,packed,0.0,0.0,1.0,1.0,0.1562,0.5,96.0,1.0,1.0
5ae622495542995703ce8b20,chunk_packed_96,chunk,packed,0.0,0.0,1.0,1.0,0.5357,0.5,84.0,0.5,0.0
5ae0fb8855429920d523425b,chunk_packed_96,chunk,packed,0.0,0.0,0.0,0.3333,0.3837,0.5,86.0,0.5,0.0
5ae665795542991bbc9760c9,chunk_packed_96,chunk,packed,0.0,0.0,0.0,0.0,0.0,0.0,63.0,1.0,1.0
5a77b13655429967ab105235,chunk_packed_96,chunk,packed,0.0,0.8,1.0,1.0,0.6562,1.0,96.0,1.0,1.0
5ae5415055429908b63265b7,chunk_packed_96,chunk,packed,0.0,0.0,0.0,0.0,0.6404,0.5,89.0,1.0,1.0
5a7bb16f554299294a54aa9f,chunk_packed_96,chunk,packed,0.0,0.4,1.0,1.0,0.5054,0.5,93.0,1.0,1.0
5ab9b2c7554299743d22ebaf,chunk_packed_96,chunk,packed,0.0,0.0,0.0,0.0,0.8065,1.0,93.0,1.0,1.0
5a7b12a355429927d897bf2a,chunk_packed_96,chunk,packed,0.0,0.0,0.0,0.0,0.2824,0.5,85.0,1.0,1.0
5addfe1c5542995b365fabaf,chunk_packed_96,chunk,packed,0.0,0.0,0.0,0.0,0.7234,1.0,94.0,1.0,1.0
5a8391f55542996488c2e45c,chunk_packed_96,chunk,packed,0.0,0.0,1.0,1.0,0.2892,0.5,83.0,1.0,1.0
5ab91b6c55429934fafe6e5f,chunk_packed_96,chunk,packed,0.0,0.6667,1.0,1.0,1.0,1.0,82.0,1.0,1.0
5a72a0be5542992359bc3143,chunk_packed_96,chunk,packed,1.0,1.0,1.0,1.0,0.4946,0.5,93.0,1.0,1.0
5ae764a85542997b22f6a720,chunk_packed_96,chunk,packed,0.0,0.0,0.0,0.6667,0.0,0.0,82.0,1.0,1.0
5adbfaa655429947ff173888,chunk_packed_96,chunk,packed,0.0,0.0,1.0,1.0,0.6064,1.0,94.0,1.0,1.0
5a8bc1565542996e8ac88a0c,chunk_packed_96,chunk,packed,1.0,1.0,1.0,1.0,0.7831,0.5,83.0,0.5,0.0
5ae236445542992decbdcc69,chunk_packed_96,chunk,packed,1.0,1.0,1.0,1.0,1.0,0.5,79.0,1.0,1.0
5adf58f15542993a75d264d2,chunk_packed_96,chunk,packed,0.0,0.0,0.0,0.0,0.0,0.0,96.0,0.5,0.0
5ae7281c5542991e8301cb69,chunk_packed_96,chunk,packed,0.0,0.0,0.0,0.0,1.0,0.5,81.0,1.0,1.0
5ac42ae45542997ea680ca18,chunk_packed_96,chunk,packed,0.0,0.8,1.0,1.0,0.5217,0.5,92.0,1.0,1.0
5a7312675542994cef4bc43d,chunk_packed_96,chunk,packed,1.0,1.0,1.0,1.0,0.3452,0.5,84.0,1.0,1.0
5ab1d7ac554299449642c7e6,chunk_packed_96,chunk,packed,1.0,1.0,1.0,1.0,0.7111,1.0,90.0,1.0,1.0
5a8e482c5542995a26add4c3,chunk_packed_96,chunk,packed,0.0,0.0,0.0,0.0,0.0,0.0,94.0,1.0,1.0
5a7f924c55429969796c1aba,chunk_packed_96,chunk,packed,0.0,0.0,0.0,0.0,0.0,0.0,80.0,0.5,0.0
5addda1b5542992200553b55,chunk_packed_96,chunk,packed,1.0,1.0,1.0,1.0,0.6548,0.5,84.0,1.0,1.0
5a7d043755429909bec768f7,chunk_packed_96,chunk,packed,0.0,0.0,0.0,0.0,0.0,0.0,90.0,1.0,1.0
5a8089535542992bc0c4a762,chunk_packed_96,chunk,packed,1.0,1.0,1.0,1.0,0.7684,1.0,95.0,1.0,1.0
5abd049d5542992ac4f381a8,chunk_packed_96,chunk,packed,0.0,0.0,0.0,0.0,0.3191,0.5,94.0,1.0,1.0
5abbc7a055429931dba1451b,chunk_packed_96,chunk,packed,1.0,1.0,1.0,1.0,1.0,0.5,73.0,1.0,1.0
5abdc18555429965af743e2b,chunk_packed_96,chunk,packed,1.0,1.0,1.0,1.0,0.4684,0.5,79.0,1.0,1.0
5adc3a7055429947ff173913,chunk_packed_96,chunk,packed,1.0,1.0,0.0,0.0,0.6628,0.5,86.0,1.0,1.0
5abbdb335542992ccd8e7fc1,chunk_packed_96,chunk,packed,0.0,0.0,0.0,0.0,0.4353,0.5,85.0,1.0,1.0
5ac1a5b45542991316484b8b,chunk_packed_96,chunk,packed,0.0,0.0,0.0,0.0,1.0,1.0,87.0,1.0,1.0
5ac2616b5542996366519997,chunk_packed_96,chunk,packed,0.0,0.0,0.0,0.0,0.5238,0.5,84.0,0.5,0.0
5ae3f6775542991a06ce9a3f,chunk_packed_96,chunk,packed,0.0,0.0,0.0,0.0,0.6118,0.5,85.0,1.0,1.0
5a8f15ec554299458435d552,chunk_packed_96,chunk,packed,0.0,0.0,0.0,0.0,0.7396,0.5,96.0,1.0,1.0
5a8db9b3554299068b959dde,chunk_packed_96,chunk,packed,0.0,0.0,1.0,1.0,0.65,1.0,80.0,1.0,1.0
5ab3f6b9554299753aec5a03,chunk_packed_96,chunk,packed,0.0,0.0,0.0,0.0,0.0,0.0,85.0,0.5,0.0
5a736f7c5542991f29ee2e18,chunk_packed_96,chunk,packed,1.0,1.0,1.0,1.0,1.0,1.0,92.0,1.0,1.0
5ae618535542995703ce8af7,chunk_packed_96,chunk,packed,0.0,0.1429,0.0,0.1111,0.2447,0.5,94.0,0.5,0.0
5a8b05c855429949d91db46a,chunk_packed_96,chunk,packed,1.0,1.0,1.0,1.0,0.5435,0.5,92.0,1.0,1.0
5ac1d40c5542994d76dccef5,chunk_packed_96,chunk,packed,0.0,0.0,0.0,0.0,0.0,0.0,89.0,0.5,0.0
5ae356045542990afbd1e10d,chunk_packed_96,chunk,packed,0.0,0.2667,0.0,0.5,0.0,0.0,95.0,0.5,0.0
5ae002ec55429925eb1afbdc,chunk_packed_96,chunk,packed,1.0,1.0,0.0,0.5,0.4894,0.5,94.0,0.5,0.0
5a89ddf25542992e4fca83ff,chunk_packed_96,chunk,packed,0.0,0.0,0.0,0.0,0.0,0.0,93.0,1.0,1.0
5a903b7255429933b8a204ae,chunk_packed_96,chunk,packed,0.0,0.5,1.0,1.0,0.6421,1.0,95.0,1.0,1.0
5a84ac585542991dd0999d72,chunk_packed_96,chunk,packed,0.0,0.0,0.0,0.0,0.1176,0.5,85.0,1.0,1.0
5a7cad635542996dd594b97f,chunk_packed_96,chunk,packed,0.0,0.0,0.0,0.6667,0.0,0.0,88.0,1.0,1.0
5a75da6d5542992db94736fa,chunk_packed_96,chunk,packed,0.0,0.8,1.0,1.0,0.3187,0.5,91.0,1.0,1.0
5ac4e13f554299076e296e2d,chunk_packed_96,chunk,packed,0.0,0.0,1.0,1.0,0.2903,0.5,93.0,1.0,1.0
5ab9b29c554299743d22ebae,chunk_packed_96,chunk,packed,1.0,1.0,0.0,0.3333,0.4167,0.5,96.0,1.0,1.0
5ae2295c554299495565da13,chunk_packed_96,chunk,packed,0.0,0.3333,0.0,0.25,0.4409,0.5,93.0,1.0,1.0
5abd44d955429933744ab760,chunk_packed_96,chunk,packed,0.0,0.0,1.0,1.0,1.0,0.5,83.0,1.0,1.0
5ae096d755429906c02daadf,chunk_packed_96,chunk,packed,1.0,1.0,1.0,1.0,0.4868,0.5,76.0,1.0,1.0
5abea6a05542993f32c2a18d,chunk_packed_96,chunk,packed,0.0,0.0,0.0,0.0,0.5244,0.5,82.0,1.0,1.0
5ae1319c55429920d5234301,chunk_packed_96,chunk,packed,0.0,0.0,0.0,0.0,0.5802,0.5,81.0,1.0,1.0
5ab60aec554299110f2199c3,chunk_packed_96,chunk,packed,0.0,0.0,1.0,1.0,0.2292,0.5,96.0,1.0,1.0
5ae4e2ca55429908b63264aa,chunk_packed_96,chunk,packed,0.0,0.0,0.0,0.5,0.5895,0.5,95.0,1.0,1.0
5ae25d2b554299495565da46,chunk_packed_96,chunk,packed,0.0,0.0,0.0,0.0,0.0,0.0,82.0,1.0,1.0
5ade630e55429975fa854eb7,chunk_packed_96,chunk,packed,0.0,0.0,1.0,1.0,0.8617,0.5,94.0,1.0,1.0
5ab6be2f55429954757d335c,chunk_packed_96,chunk,packed,0.0,0.0,1.0,1.0,1.0,1.0,95.0,1.0,1.0
5a74a62b55429916b01641a0,chunk_packed_96,chunk,packed,0.0,0.5714,0.0,0.8,0.5506,1.0,89.0,1.0,1.0
5abcf299554299700f9d7936,chunk_packed_96,chunk,packed,0.0,0.0,0.0,0.0,0.4205,0.5,88.0,1.0,1.0
5adc6eb65542994650320cf3,chunk_packed_96,chunk,packed,0.0,0.0,0.0,0.0,0.1848,0.5,92.0,1.0,1.0
5ac1767a5542994d76dcce48,chunk_packed_96,chunk,packed,0.0,0.0,0.0,0.0,0.0,0.0,94.0,0.5,0.0
5ab5dc44554299494045f089,chunk_packed_96,chunk,packed,1.0,1.0,1.0,1.0,0.3407,0.5,91.0,1.0,1.0
5a8f5273554299458435d5b1,chunk_packed_96,chunk,packed,0.0,0.0,0.0,0.0,0.0,0.0,75.0,0.5,0.0
5addeb685542992200553bb1,chunk_packed_96,chunk,packed,0.0,0.6667,1.0,1.0,0.3614,0.5,83.0,1.0,1.0
5a870a8e55429960ec39b707,chunk_packed_96,chunk,packed,0.0,0.0,0.0,0.3333,0.6979,1.0,96.0,1.0,1.0
5a77ddb855429967ab1052d8,chunk_packed_96,chunk,packed,0.0,0.5714,0.0,0.4,0.0,0.0,90.0,1.0,1.0
5ab38cdd5542992ade7c6de2,chunk_packed_96,chunk,packed,1.0,1.0,1.0,1.0,1.0,1.0,95.0,1.0,1.0
5a8f24cc55429924144829e7,chunk_packed_96,chunk,packed,1.0,1.0,1.0,1.0,1.0,1.0,80.0,1.0,1.0
5ac401bb55429919431738f4,chunk_packed_96,chunk,packed,0.0,0.6667,1.0,1.0,0.5521,0.5,96.0,0.5,0.0
5ab4b7d15542996a3a969fbc,chunk_packed_96,chunk,packed,0.0,0.0,0.0,0.0,0.6932,0.5,88.0,1.0,1.0
5a78f18855429974737f7915,chunk_packed_96,chunk,packed,0.0,0.0,0.0,0.0,0.4203,0.5,69.0,0.5,0.0
5a76394c5542994ccc918725,chunk_packed_96,chunk,packed,0.0,0.0,0.0,0.0,0.4731,0.5,93.0,0.5,0.0
5a78e49855429974737f78f3,chunk_packed_96,chunk,packed,0.0,0.0,0.0,0.0,0.2283,0.5,92.0,1.0,1.0
5a8fdb955542990a98493572,chunk_packed_96,chunk,packed,0.0,0.0,0.0,0.0,0.3797,0.5,79.0,1.0,1.0
5a7b9f1f554299294a54aa2a,chunk_packed_96,chunk,packed,0.0,0.8,1.0,1.0,1.0,1.0,88.0,1.0,1.0
5adc396155429944faac2479,chunk_packed_96,chunk,packed,0.0,0.0,0.0,0.0,0.1609,0.5,87.0,1.0,1.0
5a75357c5542996c70cfaeab,chunk_packed_96,chunk,packed,1.0,1.0,0.0,0.0,0.0,0.0,95.0,1.0,1.0
5ac312ee5542995ef918c0ec,chunk_packed_96,chunk,packed,1.0,1.0,0.0,0.0,1.0,1.0,91.0,1.0,1.0
5add38355542990dbb2f7dd0,chunk_packed_96,chunk,packed,1.0,1.0,1.0,1.0,0.266,0.5,94.0,0.5,0.0
5ac471a5554299194317399a,chunk_packed_96,chunk,packed,0.0,0.0,0.0,0.0,1.0,0.5,83.0,0.5,0.0
5a70f1685542994082a3e40f,chunk_packed_96,chunk,packed,0.0,0.0,0.0,0.3333,0.5699,0.5,93.0,1.0,1.0
5ab5f372554299488d4d9a60,chunk_packed_96,chunk,packed,0.0,0.0,1.0,1.0,1.0,0.5,78.0,1.0,1.0
5a7e1cd955429965cec5ea76,chunk_packed_96,chunk,packed,0.0,0.0,0.0,0.0,0.0,0.0,94.0,0.0,0.0
5adce3265542992c1e3a2466,chunk_packed_96,chunk,packed,0.0,0.0,0.0,0.3333,0.3789,0.5,95.0,0.5,0.0
5a8adc935542992d82986fb0,chunk_packed_96,chunk,packed,0.0,0.0,1.0,1.0,0.2708,0.5,96.0,1.0,1.0
5a73bddb55429978a71e909d,chunk_packed_96,chunk,packed,1.0,1.0,1.0,1.0,0.5114,0.5,88.0,1.0,1.0
5ae5736e5542990ba0bbb2b3,chunk_packed_96,chunk,packed,1.0,1.0,1.0,1.0,0.1667,0.5,96.0,1.0,1.0
5a8d4cf35542994ba4e3dc5f,chunk_packed_96,chunk,packed,0.0,0.0,0.0,0.0,0.0,0.0,84.0,0.0,0.0
5a9023d355429916514e742f,chunk_packed_96,chunk,packed,0.0,0.0,0.0,0.0,0.3053,0.5,95.0,0.5,0.0
5adfad2b554299603e41835c,chunk_packed_96,chunk,packed,1.0,1.0,1.0,1.0,0.5778,1.0,90.0,1.0,1.0
5a8cddd1554299441c6b9f3a,chunk_packed_96,chunk,packed,1.0,1.0,1.0,1.0,0.8611,0.5,72.0,1.0,1.0
5a79f6825542996c55b2dcb4,chunk_packed_96,chunk,packed,0.0,0.0,0.0,0.0,0.5368,0.5,95.0,1.0,1.0
5a8900c75542997e5c09a6ed,chunk_packed_96,chunk,packed,1.0,1.0,1.0,1.0,0.3194,0.5,72.0,1.0,1.0
5ab27f7b554299722f9b4d4f,chunk_packed_96,chunk,packed,0.0,0.0,0.0,0.0,0.0,0.0,95.0,0.5,0.0
5ac257fe55429951e9e68562,chunk_packed_96,chunk,packed,0.0,0.4,1.0,1.0,0.25,0.5,88.0,1.0,1.0
5ab94cf0554299743d22eade,chunk_packed_96,chunk,packed,0.0,0.0,1.0,1.0,1.0,0.5,83.0,1.0,1.0
5ac017945542997d642959bc,chunk_packed_96,chunk,packed,0.0,0.0,0.0,0.0,0.4881,0.5,84.0,0.5,0.0
5ac19d4c55429963665198bb,chunk_packed_96,chunk,packed,1.0,1.0,1.0,1.0,0.5957,0.5,94.0,1.0,1.0
5abbd2575542993f40c73bbd,chunk_packed_96,chunk,packed,0.0,0.0,0.0,0.0,0.186,0.5,86.0,0.5,0.0
5a888b8e5542997e5c09a60a,chunk_packed_96,chunk,packed,1.0,1.0,1.0,1.0,0.4615,0.5,91.0,1.0,1.0
5a712e895542994082a3e636,chunk_packed_96,chunk,packed,0.0,0.0,1.0,1.0,0.5057,0.5,87.0,1.0,1.0
5a85ecf25542991dd0999ec6,chunk_packed_96,chunk,packed,1.0,1.0,1.0,1.0,1.0,1.0,80.0,1.0,1.0
5adfe6c455429906c02daa85,chunk_packed_96,chunk,packed,0.0,0.0,0.0,0.0,0.0,0.0,92.0,0.5,0.0
5ac448185542995c82c4ad1b,chunk_packed_96,chunk,packed,0.0,0.0,1.0,1.0,0.0,0.0,76.0,1.0,1.0
5ae1faf15542997f29b3c1e3,chunk_packed_96,chunk,packed,1.0,1.0,1.0,1.0,0.7083,1.0,96.0,1.0,1.0
5ab7af9d5542993667793fe9,chunk_packed_96,chunk,packed,0.0,0.0,0.0,0.0,0.3789,0.5,95.0,1.0,1.0
5ae1e9635542997f29b3c19e,chunk_packed_96,chunk,packed,1.0,1.0,1.0,1.0,1.0,1.0,93.0,1.0,1.0
5ade28cf5542997c77aded85,chunk_packed_96,chunk,packed,1.0,1.0,1.0,1.0,1.0,1.0,88.0,1.0,1.0
5a7b116a554299042af8f6c4,chunk_packed_96,chunk,packed,0.0,0.0,0.0,0.0,0.5088,0.5,57.0,0.5,0.0
5a72f1cf5542994cef4bc414,chunk_packed_96,chunk,packed,0.0,0.0,0.0,0.0,0.0,0.0,81.0,0.5,0.0
5ab7b3cc55429928e1fe3893,chunk_packed_96,chunk,packed,0.0,0.0,0.0,0.0,0.3646,0.5,96.0,1.0,1.0
5ae32b6755429928c4239644,chunk_packed_96,chunk,packed,0.0,0.0,0.0,0.0,0.5814,0.5,86.0,1.0,1.0
5ab3c53955429969a97a81b9,chunk_packed_96,chunk,packed,0.0,0.0,0.0,0.0,0.0,0.0,89.0,0.5,0.0
5a8b349a55429971feec466b,chunk_packed_96,chunk,packed,1.0,1.0,0.0,0.0,0.7805,1.0,82.0,1.0,1.0
5ac2db67554299657fa290a6,chunk_packed_96,chunk,packed,0.0,0.0,1.0,1.0,0.4556,0.5,90.0,1.0,1.0
5ab5ec2a5542992aa134a3e3,chunk_packed_96,chunk,packed,0.0,0.0,1.0,1.0,0.2979,0.5,94.0,1.0,1.0
5ab661ac5542995eadeeffb1,chunk_packed_96,chunk,packed,0.0,0.0,0.0,0.6667,0.0,0.0,88.0,0.5,0.0
5abee69c5542993fe9a41d8b,chunk_packed_96,chunk,packed,0.0,0.75,0.0,0.6,0.0,0.0,91.0,1.0,1.0
5ac0aab35542992a796ded5c,chunk_packed_96,chunk,packed,1.0,1.0,1.0,1.0,0.9342,1.0,76.0,1.0,1.0
5a84c4b05542991dd0999deb,chunk_packed_96,chunk,packed,0.0,0.0,0.0,0.0,0.7579,1.0,95.0,1.0,1.0
5abd6be55542993062266c89,chunk_packed_96,chunk,packed,0.0,0.0,0.0,0.0,0.2561,0.5,82.0,1.0,1.0
5a8a19c45542992e4fca8501,chunk_packed_96,chunk,packed,0.0,0.0,0.0,0.0,0.1746,0.5,63.0,1.0,1.0
5abcef9e55429959677d6b52,chunk_packed_96,chunk,packed,0.0,0.75,0.0,0.6,0.337,0.5,92.0,1.0,1.0
5a81c7d15542990a1d231ea9,chunk_packed_96,chunk,packed,0.0,0.0,0.0,0.75,1.0,1.0,92.0,1.0,1.0
5adccaca5542994d58a2f6d5,chunk_packed_96,chunk,packed,1.0,1.0,1.0,1.0,0.2796,0.5,93.0,0.5,0.0
5a84f5865542991dd0999e30,chunk_packed_96,chunk,packed,0.0,0.0,0.0,0.0,0.337,0.5,92.0,0.5,0.0
5a7633ff5542994ccc918712,chunk_packed_96,chunk,packed,1.0,1.0,1.0,1.0,0.4595,0.5,74.0,1.0,1.0
5a8d7f2b554299068b959d0c,chunk_packed_96,chunk,packed,1.0,1.0,0.0,0.0,0.3438,0.5,96.0,1.0,1.0
5ac3def75542997ea680c95f,chunk_packed_96,chunk,packed,0.0,0.0,0.0,0.0,1.0,1.0,90.0,1.0,1.0
5ae6316d5542996de7b71b87,chunk_packed_96,chunk,packed,0.0,0.3333,0.0,0.25,1.0,0.5,82.0,1.0,1.0
5ab5eed65542997d4ad1f25c,chunk_packed_96,chunk,packed,1.0,1.0,1.0,1.0,0.3333,1.0,84.0,1.0,1.0
5ab29c24554299449642c932,chunk_packed_96,chunk,packed,1.0,1.0,0.0,0.0,0.6292,1.0,89.0,1.0,1.0
5ab809195542991d3222380f,chunk_packed_96,chunk,packed,1.0,1.0,1.0,1.0,0.7253,1.0,91.0,1.0,1.0
5a834ed95542990548d0b1ca,chunk_packed_96,chunk,packed,0.0,0.6667,0.0,0.3333,0.6279,0.5,86.0,1.0,1.0
5ade9545554299728e26c740,chunk_packed_96,chunk,packed,0.0,0.5,1.0,1.0,0.622,0.5,82.0,0.5,0.0
5a8b97485542995d1e6f140f,chunk_packed_96,chunk,packed,0.0,0.0,1.0,1.0,0.913,1.0,92.0,1.0,1.0
5ac056385542997d64295a08,chunk_packed_96,chunk,packed,0.0,0.0,0.0,0.0,0.0,0.0,91.0,1.0,1.0
5abd96fe5542992ac4f382d9,chunk_packed_96,chunk,packed,0.0,0.0,1.0,1.0,0.3111,0.5,90.0,1.0,1.0
5ae2138c5542997283cd23b7,chunk_focused_96,chunk,focused,0.0,0.0,0.0,0.0,0.4091,0.5,88.0,1.0,1.0
5a77152355429966f1a36c2e,chunk_focused_96,chunk,focused,0.0,0.0,1.0,1.0,0.3462,0.5,78.0,0.5,0.0
5ade99ad554299728e26c75d,chunk_focused_96,chunk,focused,0.0,0.4,1.0,1.0,0.9079,0.5,76.0,1.0,1.0
5ab81cff5542990e739ec827,chunk_focused_96,chunk,focused,1.0,1.0,1.0,1.0,1.0,0.5,94.0,1.0,1.0
5ae5be02554299546bf82f3e,chunk_focused_96,chunk,focused,1.0,1.0,1.0,1.0,1.0,0.5,96.0,1.0,1.0
5ae3f1bb5542995ad6573cbe,chunk_focused_96,chunk,focused,1.0,1.0,1.0,1.0,0.8721,1.0,86.0,1.0,1.0
5a8389445542996488c2e450,chunk_focused_96,chunk,focused,1.0,1.0,1.0,1.0,1.0,1.0,93.0,1.0,1.0
5a89fc305542993b751ca9dc,chunk_focused_96,chunk,focused,1.0,1.0,1.0,1.0,1.0,0.5,80.0,1.0,1.0
5a85bc2d5542994c784ddb70,chunk_focused_96,chunk,focused,1.0,1.0,1.0,1.0,0.5977,1.0,87.0,1.0,1.0
5a7b1c745542992d025e6777,chunk_focused_96,chunk,focused,0.0,0.0,0.0,0.0,0.4598,0.5,87.0,0.5,0.0
5ae2d8fb55429928c42394fa,chunk_focused_96,chunk,focused,0.0,0.2222,0.0,0.2,0.3333,0.5,93.0,0.5,0.0
5ae7f6be554299540e5a56db,chunk_focused_96,chunk,focused,1.0,1.0,1.0,1.0,1.0,1.0,95.0,1.0,1.0
5a773ae055429972597f14b0,chunk_focused_96,chunk,focused,0.0,0.0,1.0,1.0,0.3563,0.5,87.0,1.0,1.0
5a75abbb5542992d0ec05fd9,chunk_focused_96,chunk,focused,0.0,0.6667,0.0,0.5,0.0,0.0,79.0,0.5,0.0
5ae4c49a5542995dadf24400,chunk_focused_96,chunk,focused,0.0,0.0,0.0,0.0,0.266,0.5,94.0,0.5,0.0
5ac44813554299194317396b,chunk_focused_96,chunk,focused,1.0,1.0,1.0,1.0,1.0,0.5,80.0,1.0,1.0
5abfc8675542993fe9a41e52,chunk_focused_96,chunk,focused,1.0,1.0,1.0,1.0,1.0,1.0,90.0,1.0,1.0
5a8aeadc55429950cd6afbe0,chunk_focused_96,chunk,focused,0.0,0.6667,1.0,1.0,0.6277,1.0,94.0,1.0,1.0
5ab2082f554299722f9b4c9f,chunk_focused_96,chunk,focused,0.0,0.0,0.0,0.6667,0.5745,0.5,94.0,1.0,1.0
5ae0ba15554299603e41844d,chunk_focused_96,chunk,focused,1.0,1.0,1.0,1.0,0.4516,1.0,93.0,1.0,1.0
5a7332935542991f9a20c67d,chunk_focused_96,chunk,focused,0.0,0.0,1.0,1.0,1.0,0.5,74.0,1.0,1.0
5a9068f85542990a98493623,chunk_focused_96,chunk,focused,1.0,1.0,1.0,1.0,0.7849,0.5,93.0,1.0,1.0
5addd5795542990dbb2f7e9d,chunk_focused_96,chunk,focused,0.0,0.0,0.0,0.0,0.7262,0.5,84.0,1.0,1.0
5adfa3da554299025d62a317,chunk_focused_96,chunk,focused,0.0,0.0,0.0,0.0,1.0,0.5,84.0,0.5,0.0
5ae6443355429908198fa563,chunk_focused_96,chunk,focused,0.0,0.6667,0.0,0.5,0.5208,1.0,96.0,1.0,1.0
5ab98608554299131ca42362,chunk_focused_96,chunk,focused,1.0,1.0,1.0,1.0,0.4271,0.5,96.0,0.5,0.0
5ae61bfd5542992663a4f261,chunk_focused_96,chunk,focused,0.0,0.0,0.0,0.0,0.0,0.0,75.0,0.5,0.0
5ab870ed55429934fafe6db9,chunk_focused_96,chunk,focused,1.0,1.0,1.0,1.0,0.6437,0.5,87.0,0.5,0.0
5abcfc365542993a06baf9d6,chunk_focused_96,chunk,focused,0.0,0.0,0.0,0.0,0.0,0.0,84.0,0.5,0.0
5add63845542992ae4cec541,chunk_focused_96,chunk,focused,0.0,0.0,0.0,0.2,0.0,0.0,69.0,1.0,1.0
5ae2a0a1554299495565dae9,chunk_focused_96,chunk,focused,1.0,1.0,1.0,1.0,1.0,1.0,71.0,1.0,1.0
5a84eecd5542994c784dda8e,chunk_focused_96,chunk,focused,1.0,1.0,1.0,1.0,1.0,0.5,77.0,1.0,1.0
5a85fa815542996432c57155,chunk_focused_96,chunk,focused,0.0,0.0,0.0,0.0,1.0,0.5,90.0,1.0,1.0
5a84a5385542990548d0b2d9,chunk_focused_96,chunk,focused,1.0,1.0,1.0,1.0,1.0,0.5,86.0,1.0,1.0
5a78f26055429970f5fffdeb,chunk_focused_96,chunk,focused,0.0,0.0,1.0,1.0,1.0,1.0,82.0,1.0,1.0
5a86edcc55429960ec39b6da,chunk_focused_96,chunk,focused,1.0,1.0,1.0,1.0,0.0,0.0,96.0,1.0,1.0
5ae7766455429952e35ea920,chunk_focused_96,chunk,focused,0.0,0.0,0.0,0.4,0.8421,0.5,95.0,1.0,1.0
5a77863555429949eeb29ec6,chunk_focused_96,chunk,focused,0.0,0.6667,1.0,1.0,0.5873,1.0,63.0,1.0,1.0
5ab3cc395542992ade7c6e9f,chunk_focused_96,chunk,focused,0.0,0.0,1.0,1.0,0.4828,0.5,87.0,1.0,1.0
5add016e5542992c1e3a250b,chunk_focused_96,chunk,focused,0.0,0.0,0.0,0.0,1.0,0.5,74.0,1.0,1.0
5a8bd9c95542997f31a41de2,chunk_focused_96,chunk,focused,1.0,1.0,1.0,1.0,0.5761,0.5,92.0,1.0,1.0
5a8f13d55542997ba9cb31c9,chunk_focused_96,chunk,focused,1.0,1.0,1.0,1.0,0.9767,1.0,86.0,1.0,1.0
5ac248fd55429951e9e68525,chunk_focused_96,chunk,focused,0.0,0.0,0.0,0.0,0.5185,0.5,81.0,0.5,0.0
5adbcd475542996e68525240,chunk_focused_96,chunk,focused,1.0,1.0,1.0,1.0,1.0,1.0,88.0,1.0,1.0
5a7c8a3b55429935c91b5204,chunk_focused_96,chunk,focused,0.0,0.0,0.0,0.0,1.0,0.5,73.0,1.0,1.0
5a7f40de5542992e7d278cc8,chunk_focused_96,chunk,focused,0.0,0.0,0.0,0.6667,0.6044,0.5,91.0,0.5,0.0
5ab2c6a955429916697740c2,chunk_focused_96,chunk,focused,0.0,0.0,1.0,1.0,0.3407,0.5,91.0,1.0,1.0
5ac3165c5542995ef918c10a,chunk_focused_96,chunk,focused,1.0,1.0,1.0,1.0,0.266,0.5,94.0,0.5,0.0
5a7577145542996c70cfaf03,chunk_focused_96,chunk,focused,0.0,0.0,1.0,1.0,0.4149,0.5,94.0,1.0,1.0
5a8f45385542997ba9cb320a,chunk_focused_96,chunk,focused,0.0,0.0,1.0,1.0,0.5638,0.5,94.0,1.0,1.0
5adea83b55429975fa854f53,chunk_focused_96,chunk,focused,0.0,0.0,1.0,1.0,0.1648,0.5,91.0,1.0,1.0
5ab4428c5542990594ba9bda,chunk_focused_96,chunk,focused,0.0,0.0,1.0,1.0,0.3542,0.5,96.0,1.0,1.0
5a90692f5542990a98493625,chunk_focused_96,chunk,focused,1.0,1.0,1.0,1.0,0.5789,0.5,95.0,1.0,1.0
5ae68a065542991bbc97611e,chunk_focused_96,chunk,focused,0.0,0.0,0.0,0.0,0.6562,0.5,96.0,0.5,0.0
5ab2929a554299449642c900,chunk_focused_96,chunk,focused,1.0,1.0,1.0,1.0,1.0,0.5,79.0,1.0,1.0
5adf434c5542993a75d26462,chunk_focused_96,chunk,focused,1.0,1.0,1.0,1.0,0.7708,0.5,96.0,1.0,1.0
5ac4ecea55429919431739fd,chunk_focused_96,chunk,focused,0.0,0.0,0.0,0.25,0.4896,0.5,96.0,0.5,0.0
5a85dfcc5542994775f60673,chunk_focused_96,chunk,focused,0.0,0.6667,0.0,0.5,0.4737,0.5,95.0,1.0,1.0
5a8085705542992bc0c4a74b,chunk_focused_96,chunk,focused,0.0,0.3333,0.0,0.6667,0.6923,0.5,91.0,1.0,1.0
5ae3992d5542994393b9e722,chunk_focused_96,chunk,focused,0.0,0.8,1.0,1.0,0.7059,0.5,85.0,1.0,1.0
5ae7793c554299540e5a55c2,chunk_focused_96,chunk,focused,0.0,0.0,0.0,0.0,0.625,0.5,96.0,1.0,1.0
5a7f46115542994857a766d9,chunk_focused_96,chunk,focused,0.0,0.5,1.0,1.0,1.0,1.0,95.0,1.0,1.0
5a7380b955429908901be2d4,chunk_focused_96,chunk,focused,0.0,0.0,1.0,1.0,0.2333,0.5,90.0,1.0,1.0
5abfd3d65542994516f4550b,chunk_focused_96,chunk,focused,0.0,0.0,0.0,0.0,0.3929,0.5,84.0,1.0,1.0
5abf2e605542993fe9a41de4,chunk_focused_96,chunk,focused,1.0,1.0,1.0,1.0,1.0,1.0,84.0,1.0,1.0
5ae256435542992decbdccc3,chunk_focused_96,chunk,focused,0.0,0.0,0.0,0.0,0.3723,0.5,94.0,1.0,1.0
5ab819065542995dae37ea3c,chunk_focused_96,chunk,focused,0.0,0.6667,1.0,1.0,0.7654,0.5,81.0,1.0,1.0
5adfb10855429942ec259af9,chunk_focused_96,chunk,focused,1.0,1.0,1.0,1.0,0.4894,1.0,94.0,1.0,1.0
5ae0a54e5542993d6555ebdd,chunk_focused_96,chunk,focused,1.0,1.0,1.0,1.0,0.8989,0.5,89.0,1.0,1.0
5ab327bc554299233954ff33,chunk_focused_96,chunk,focused,0.0,0.4,0.0,0.6667,0.2892,0.5,83.0,1.0,1.0
5a7c703055429935c91b51aa,chunk_focused_96,chunk,focused,0.0,0.8571,1.0,1.0,1.0,1.0,60.0,1.0,1.0
5abe19895542991f661060c2,chunk_focused_96,chunk,focused,0.0,0.0,1.0,1.0,0.5517,0.5,87.0,1.0,1.0
5ac26d4d55429951e9e685b7,chunk_focused_96,chunk,focused,0.0,0.0,0.0,0.3333,0.8046,0.5,87.0,1.0,1.0
5add95035542990dbb2f7e77,chunk_focused_96,chunk,focused,0.0,0.0,0.0,0.5,0.2558,0.5,86.0,1.0,1.0
5adc46665542994650320cc8,chunk_focused_96,chunk,focused,0.0,0.0,0.0,0.0,0.0,0.0,95.0,0.0,0.0
5ac259125542992f1f2b3867,chunk_focused_96,chunk,focused,0.0,0.0,0.0,0.25,1.0,0.5,82.0,1.0,1.0
5a81624d5542995ce29dcbf1,chunk_focused_96,chunk,focused,0.0,0.0,1.0,1.0,0.3714,0.5,70.0,1.0,1.0
5a7933b255429907847277eb,chunk_focused_96,chunk,focused,1.0,1.0,1.0,1.0,1.0,1.0,90.0,1.0,1.0
5a7754d85542993735360234,chunk_focused_96,chunk,focused,0.0,0.8,1.0,1.0,1.0,1.0,88.0,1.0,1.0
5a80c01855429938b61421b8,chunk_focused_96,chunk,focused,0.0,0.0,0.0,0.0,0.0,0.0,89.0,1.0,1.0
5ab2b61d5542991669774065,chunk_focused_96,chunk,focused,0.0,0.0,1.0,1.0,1.0,1.0,84.0,1.0,1.0
5ae8167b55429952e35eaa06,chunk_focused_96,chunk,focused,0.0,0.0,1.0,1.0,0.4946,0.5,93.0,1.0,1.0
5a7bacf35542997c3ec9724b,chunk_focused_96,chunk,focused,0.0,0.5714,0.0,0.6,0.172,0.5,93.0,1.0,1.0
5ac2610455429951e9e68592,chunk_focused_96,chunk,focused,0.0,0.5,1.0,1.0,0.6484,1.0,91.0,1.0,1.0
5a7c827e55429907fabeefa7,chunk_focused_96,chunk,focused,0.0,0.0,0.0,0.0,0.0,0.0,96.0,0.5,0.0
5a81711455429938b614233e,chunk_focused_96,chunk,focused,0.0,0.0,0.0,0.0,0.4062,0.5,96.0,1.0,1.0
5adfd0d655429942ec259b4e,chunk_focused_96,chunk,focused,0.0,0.0,1.0,1.0,1.0,1.0,95.0,1.0,1.0
5adc85b855429944faac24e9,chunk_focused_96,chunk,focused,0.0,0.4,0.0,0.5,1.0,0.5,80.0,1.0,1.0
5abfde655542997719eab6f2,chunk_focused_96,chunk,focused,0.0,0.0,1.0,1.0,0.6771,0.5,96.0,1.0,1.0
5a72953b5542994cef4bc357,chunk_focused_96,chunk,focused,0.0,0.0,0.0,0.0,0.0,0.0,84.0,1.0,1.0
5ab989f755429970cfb8eb38,chunk_focused_96,chunk,focused,0.0,0.0,1.0,1.0,0.2444,0.5,90.0,0.5,0.0
5ae2133e554299495565d9e3,chunk_focused_96,chunk,focused,0.0,0.0,0.0,0.0,0.6875,0.5,96.0,1.0,1.0
5a82d71555429966c78a6a94,chunk_focused_96,chunk,focused,0.0,0.0,0.0,0.0,0.6962,0.5,79.0,1.0,1.0
5ae1c3cd554299492dc91b87,chunk_focused_96,chunk,focused,0.0,0.4,0.0,0.5,0.6809,0.5,94.0,1.0,1.0
5ac2583b55429951e9e68565,chunk_focused_96,chunk,focused,1.0,1.0,1.0,1.0,0.5455,1.0,88.0,1.0,1.0
5a82a55955429966c78a6a70,chunk_focused_96,chunk,focused,0.0,0.0,0.0,0.2,0.0,0.0,94.0,0.0,0.0
5ae5dae2554299546bf82fa4,chunk_focused_96,chunk,focused,1.0,1.0,1.0,1.0,1.0,0.5,69.0,1.0,1.0
5ac195455542991316484b40,chunk_focused_96,chunk,focused,0.0,0.0,0.0,0.0,0.6,0.5,90.0,0.5,0.0
5ae785685542994a481bbd47,chunk_focused_96,chunk,focused,1.0,1.0,1.0,1.0,1.0,1.0,85.0,1.0,1.0
5ae5429355429908b63265c5,chunk_focused_96,chunk,focused,0.0,0.0,0.0,0.0,0.4878,0.5,82.0,1.0,1.0
5a8ba60b554299240d9c205b,chunk_focused_96,chunk,focused,1.0,1.0,1.0,1.0,1.0,1.0,92.0,1.0,1.0
5a82f05255429966c78a6aa2,chunk_focused_96,chunk,focused,0.0,0.5,1.0,1.0,0.0,0.0,93.0,1.0,1.0
5abfea825542994516f45527,chunk_focused_96,chunk,focused,0.0,0.0,0.0,0.0,0.0,0.0,85.0,0.0,0.0
5aba6f3e55429955dce3ee21,chunk_focused_96,chunk,focused,0.0,0.0,0.0,0.0,0.6744,0.5,86.0,1.0,1.0
5ae113de55429901ffe4ad51,chunk_focused_96,chunk,focused,1.0,1.0,1.0,1.0,1.0,1.0,94.0,1.0,1.0
5adce4f65542992c1e3a2474,chunk_focused_96,chunk,focused,0.0,0.0,0.0,0.3333,0.0,0.0,59.0,1.0,1.0
5ab27587554299449642c8af,chunk_focused_96,chunk,focused,1.0,1.0,1.0,1.0,1.0,0.5,67.0,1.0,1.0
5a7323ad5542994cef4bc476,chunk_focused_96,chunk,focused,1.0,1.0,1.0,1.0,1.0,1.0,96.0,1.0,1.0
5abc17555542993a06baf858,chunk_focused_96,chunk,focused,0.0,0.0,0.0,0.0,0.0,0.0,93.0,0.5,0.0
5ab9fe1255429939ce03dc40,chunk_focused_96,chunk,focused,0.0,0.0,0.0,0.25,0.3871,0.5,93.0,1.0,1.0
5a8b6ac055429949d91db5a5,chunk_focused_96,chunk,focused,0.0,0.8,1.0,1.0,1.0,1.0,84.0,1.0,1.0
5a87136e5542991e771816b2,chunk_focused_96,chunk,focused,0.0,0.0,0.0,0.0,0.6429,0.5,84.0,1.0,1.0
5abff0625542997ec76fd476,chunk_focused_96,chunk,focused,0.0,0.6667,1.0,1.0,0.3263,0.5,95.0,0.5,0.0
5a7526945542993748c897d2,chunk_focused_96,chunk,focused,0.0,0.0,0.0,0.0,0.6489,0.5,94.0,0.5,0.0
5abc8620554299700f9d78e2,chunk_focused_96,chunk,focused,1.0,1.0,1.0,1.0,0.8511,1.0,94.0,1.0,1.0
5a72a3c45542994cef4bc3ac,chunk_focused_96,chunk,focused,0.0,0.0,0.0,0.0,1.0,0.5,74.0,0.5,0.0
5ac170af5542994d76dcce20,chunk_focused_96,chunk,focused,0.0,0.6667,1.0,1.0,0.6582,0.5,79.0,1.0,1.0
5ae5f3bb5542996de7b71a7e,chunk_focused_96,chunk,focused,0.0,0.0,1.0,1.0,0.2526,0.5,95.0,0.5,0.0
5a7f7ca25542994857a76747,chunk_focused_96,chunk,focused,0.0,0.0,1.0,1.0,1.0,1.0,85.0,1.0,1.0
5adca8375542990d50227cd4,chunk_focused_96,chunk,focused,0.0,0.0,0.0,0.0,0.8313,0.5,83.0,0.5,0.0
5ac3e1075542995c82c4ac78,chunk_focused_96,chunk,focused,1.0,1.0,1.0,1.0,0.6771,0.5,96.0,1.0,1.0
5a7db0915542990b8f503a30,chunk_focused_96,chunk,focused,0.0,0.0,1.0,1.0,0.6452,1.0,93.0,1.0,1.0
5a81e04455429903bc27b9f9,chunk_focused_96,chunk,focused,0.0,0.0,0.0,0.125,0.0,0.0,95.0,0.5,0.0
5a8a573355429970aeb7029a,chunk_focused_96,chunk,focused,0.0,0.0,1.0,1.0,1.0,0.5,83.0,1.0,1.0
5a75e60e55429976ec32bc88,chunk_focused_96,chunk,focused,0.0,0.0,0.0,0.0,0.4432,0.5,88.0,0.5,0.0
5abce73055429959677d6b34,chunk_focused_96,chunk,focused,0.0,0.0,1.0,1.0,0.4471,0.5,85.0,1.0,1.0
5a87572d5542994846c1cd6b,chunk_focused_96,chunk,focused,0.0,0.0,0.0,0.5,0.4719,0.5,89.0,0.5,0.0
5a89761d5542995153361310,chunk_focused_96,chunk,focused,1.0,1.0,0.0,0.0,0.5977,0.5,87.0,1.0,1.0
5a8d5f16554299585d9e37c5,chunk_focused_96,chunk,focused,1.0,1.0,1.0,1.0,0.6667,0.5,84.0,1.0,1.0
5ae7cea355429952e35ea9c1,chunk_focused_96,chunk,focused,0.0,0.0,1.0,1.0,0.3,0.5,80.0,0.5,0.0
5ab600fb554299488d4d9a82,chunk_focused_96,chunk,focused,0.0,0.0,1.0,1.0,0.6508,0.5,63.0,0.5,0.0
5a7f7c285542994857a76746,chunk_focused_96,chunk,focused,0.0,0.0,1.0,1.0,0.8352,0.5,91.0,1.0,1.0
5ade61fd554299728e26c704,chunk_focused_96,chunk,focused,0.0,0.0,0.0,0.0,0.3182,0.5,66.0,1.0,1.0
5a73630655429901807db020,chunk_focused_96,chunk,focused,0.0,0.0,1.0,1.0,0.5316,0.5,79.0,1.0,1.0
5ab916e155429919ba4e23a4,chunk_focused_96,chunk,focused,1.0,1.0,0.0,1.0,1.0,0.5,62.0,1.0,1.0
5ae0af5555429945ae95941e,chunk_focused_96,chunk,focused,0.0,0.4,1.0,1.0,0.6667,0.5,87.0,1.0,1.0
5a865bbf5542991e77181615,chunk_focused_96,chunk,focused,0.0,0.0,1.0,1.0,0.5294,0.5,85.0,1.0,1.0
5a8fa20555429918e830d298,chunk_focused_96,chunk,focused,0.0,0.0,0.0,0.0,0.141,0.5,78.0,1.0,1.0
5ab97cd0554299753720f81a,chunk_focused_96,chunk,focused,0.0,0.0,0.0,0.0,0.2667,0.5,90.0,1.0,1.0
5ae7ed9555429952e35ea9e6,chunk_focused_96,chunk,focused,1.0,1.0,1.0,1.0,0.6404,1.0,89.0,1.0,1.0
5aded1595542995ec70e8f29,chunk_focused_96,chunk,focused,0.0,0.0,0.0,0.0,0.6154,0.5,78.0,1.0,1.0
5adc3aff5542996e685252eb,chunk_focused_96,chunk,focused,0.0,0.6667,0.0,0.5,0.6105,0.5,95.0,0.5,0.0
5ae2ee5e5542991a06ce990a,chunk_focused_96,chunk,focused,0.0,0.6667,1.0,1.0,0.617,0.5,94.0,1.0,1.0
5a8e42d15542995a26add4a6,chunk_focused_96,chunk,focused,0.0,0.0,1.0,1.0,0.5444,0.5,90.0,1.0,1.0
5a7a33a35542994f819ef14c,chunk_focused_96,chunk,focused,0.0,0.0,1.0,1.0,0.1684,0.5,95.0,1.0,1.0
5ae69fa755429908198fa66c,chunk_focused_96,chunk,focused,0.0,0.0,0.0,0.0,0.0,0.0,95.0,0.5,0.0
5a7e279d5542995ed0d166b5,chunk_focused_96,chunk,focused,0.0,0.0,0.0,0.0,0.3333,0.5,93.0,0.5,0.0
5a79c6a55542994bb9457091,chunk_focused_96,chunk,focused,0.0,0.0,1.0,1.0,1.0,0.5,80.0,1.0,1.0
5a739d8c55429905862fe073,chunk_focused_96,chunk,focused,0.0,0.0,0.0,0.0,0.0,0.0,89.0,0.5,0.0
5a7fc21455429969796c1b4b,chunk_focused_96,chunk,focused,1.0,1.0,1.0,1.0,0.4105,0.5,95.0,1.0,1.0
5ae1da385542997283cd2297,chunk_focused_96,chunk,focused,0.0,0.0,1.0,1.0,1.0,1.0,92.0,1.0,1.0
5ab5f249554299488d4d9a5d,chunk_focused_96,chunk,focused,0.0,0.0,0.0,0.3333,1.0,0.5,80.0,1.0,1.0
5ab9180b5542991b5579f0f3,chunk_focused_96,chunk,focused,1.0,1.0,1.0,1.0,0.3854,0.5,96.0,1.0,1.0
5ae0f8a05542997b2ef7d0bc,chunk_focused_96,chunk,focused,0.0,0.0,0.0,0.0,0.7363,0.5,91.0,1.0,1.0
5a7c8e7955429935c91b521a,chunk_focused_96,chunk,focused,0.0,0.5714,0.0,0.4,0.5789,0.5,76.0,1.0,1.0
5ae5d008554299546bf82f7d,chunk_focused_96,chunk,focused,1.0,1.0,1.0,1.0,0.5833,0.5,96.0,1.0,1.0
5abbaed855429931dba144aa,chunk_focused_96,chunk,focused,0.0,0.0,1.0,1.0,1.0,1.0,83.0,1.0,1.0
5ae1316555429901ffe4adda,chunk_focused_96,chunk,focused,0.0,0.0,0.0,0.0,0.0,0.0,80.0,1.0,1.0
5a74512b55429974ef308bd5,chunk_focused_96,chunk,focused,0.0,0.0,0.0,0.0,0.7391,0.5,92.0,0.5,0.0
5a80aeff5542996402f6a5eb,chunk_focused_96,chunk,focused,0.0,0.0,0.0,0.0,0.6067,0.5,89.0,1.0,1.0
5a88a4e65542997e5c09a671,chunk_focused_96,chunk,focused,0.0,0.6667,1.0,1.0,0.8353,1.0,85.0,1.0,1.0
5ae2eda355429928c4239570,chunk_focused_96,chunk,focused,1.0,1.0,1.0,1.0,0.809,1.0,89.0,1.0,1.0
5a836a2d554299334474600f,chunk_focused_96,chunk,focused,0.0,0.0,0.0,0.0,0.0,0.0,72.0,1.0,1.0
5a78d01d55429974737f78b3,chunk_focused_96,chunk,focused,1.0,1.0,1.0,1.0,1.0,1.0,95.0,1.0,1.0
5ae46c9d5542996836b02c9d,chunk_focused_96,chunk,focused,1.0,1.0,1.0,1.0,0.0,0.0,95.0,1.0,1.0
5a80e03e55429938b614222c,chunk_focused_96,chunk,focused,0.0,0.0,0.0,0.0,1.0,0.5,81.0,1.0,1.0
5a7270395542992359bc30a8,chunk_focused_96,chunk,focused,0.0,0.0,0.0,0.5,0.5647,0.5,85.0,0.5,0.0
5ab8261655429934fafe6cf1,chunk_focused_96,chunk,focused,0.0,0.0,0.0,0.0,0.3404,0.5,94.0,0.5,0.0
5abc41315542993a06baf8bb,chunk_focused_96,chunk,focused,1.0,1.0,1.0,1.0,1.0,1.0,92.0,1.0,1.0
5abd455c55429924427fcf5a,chunk_focused_96,chunk,focused,0.0,0.0,0.0,0.0,0.0,0.0,71.0,1.0,1.0
5ab97d0a5542996be202051e,chunk_focused_96,chunk,focused,1.0,1.0,1.0,1.0,1.0,1.0,79.0,1.0,1.0
5a7a96555542990198eaf159,chunk_focused_96,chunk,focused,0.0,0.6667,0.0,0.0,0.8511,0.5,94.0,1.0,1.0
5a8c7057554299653c1aa066,chunk_focused_96,chunk,focused,0.0,0.6667,1.0,1.0,1.0,1.0,96.0,1.0,1.0
5a7663665542992d0ec060d3,chunk_focused_96,chunk,focused,0.0,0.2857,1.0,1.0,1.0,1.0,93.0,1.0,1.0
5abd920e55429924427fd05d,chunk_focused_96,chunk,focused,0.0,0.0,0.0,0.0,0.3542,1.0,96.0,1.0,1.0
5ae47ae05542995ad6573d4f,chunk_focused_96,chunk,focused,1.0,1.0,1.0,1.0,0.3053,0.5,95.0,1.0,1.0
5ae25ed15542992decbdccd2,chunk_focused_96,chunk,focused,0.0,0.0,0.0,0.0,0.5426,1.0,94.0,1.0,1.0
5a8b7e9c5542995d1e6f13c1,chunk_focused_96,chunk,focused,0.0,0.0,1.0,1.0,1.0,1.0,87.0,1.0,1.0
5a7265a95542992359bc307a,chunk_focused_96,chunk,focused,0.0,0.0,0.0,0.5,1.0,1.0,95.0,1.0,1.0
5add889b5542997545bbbd68,chunk_focused_96,chunk,focused,1.0,1.0,1.0,1.0,0.5109,0.5,92.0,0.5,0.0
5abed7d75542990832d3a0f7,chunk_focused_96,chunk,focused,0.0,0.6667,1.0,1.0,0.7907,0.5,86.0,0.5,0.0
5ab8c3c65542991b5579effd,chunk_focused_96,chunk,focused,1.0,1.0,1.0,1.0,0.6512,1.0,86.0,1.0,1.0
5ae6179b5542992663a4f25b,chunk_focused_96,chunk,focused,0.0,0.0,1.0,1.0,1.0,1.0,94.0,1.0,1.0
5a80838d5542992bc0c4a745,chunk_focused_96,chunk,focused,0.0,0.0,1.0,1.0,0.2576,0.5,66.0,1.0,1.0
5a7cd7f055429909bec7683e,chunk_focused_96,chunk,focused,1.0,1.0,1.0,1.0,0.0,0.0,94.0,1.0,1.0
5ac3a10b5542995ef918c1c3,chunk_focused_96,chunk,focused,1.0,1.0,1.0,1.0,1.0,1.0,73.0,1.0,1.0
5ab8764155429919ba4e22fe,chunk_focused_96,chunk,focused,0.0,0.0,1.0,1.0,1.0,0.5,73.0,1.0,1.0
5a7cf4e355429907fabef062,chunk_focused_96,chunk,focused,1.0,1.0,1.0,1.0,0.4681,0.5,94.0,1.0,1.0
5a8f06075542995b44241f2d,chunk_focused_96,chunk,focused,0.0,0.0,0.0,0.5,1.0,1.0,65.0,1.0,1.0
5ac09da45542996f0d89cc1d,chunk_focused_96,chunk,focused,1.0,1.0,1.0,1.0,0.7312,1.0,93.0,1.0,1.0
5a8a4b9955429930ff3c0d88,chunk_focused_96,chunk,focused,0.0,0.0,0.0,0.0,1.0,0.5,94.0,0.5,0.0
5a8b7d925542995d1e6f13bd,chunk_focused_96,chunk,focused,0.0,0.0,0.0,0.0,0.0,0.0,96.0,1.0,1.0
5a8a09ff5542992d82986e6b,chunk_focused_96,chunk,focused,0.0,0.0,0.0,0.0,0.0,0.0,91.0,0.5,0.0
5ab2d65e554299545a2cfabe,chunk_focused_96,chunk,focused,0.0,0.0,0.0,0.0,0.3958,0.5,96.0,0.5,0.0
5a711cb45542994082a3e59f,chunk_focused_96,chunk,focused,1.0,1.0,1.0,1.0,0.6742,0.5,89.0,1.0,1.0
5a746ddc55429929fddd8423,chunk_focused_96,chunk,focused,0.0,0.0,0.0,0.5,0.5269,0.5,93.0,0.5,0.0
5ae4b55455429913cc2044db,chunk_focused_96,chunk,focused,0.0,0.0,0.0,0.5,1.0,0.5,82.0,1.0,1.0
5ab6087a554299110f2199be,chunk_focused_96,chunk,focused,0.0,0.0,0.0,0.0,0.7979,1.0,94.0,1.0,1.0
5adfc06d55429906c02daa2a,chunk_focused_96,chunk,focused,0.0,0.0,1.0,1.0,0.413,0.5,92.0,1.0,1.0
5adf51e05542995534e8c78a,chunk_focused_96,chunk,focused,0.0,0.4,0.0,0.3333,0.381,0.5,84.0,1.0,1.0
5ab4482b55429942dd415f09,chunk_focused_96,chunk,focused,0.0,0.75,0.0,0.6,0.3295,0.5,88.0,1.0,1.0
5abfa0285542990832d3a171,chunk_focused_96,chunk,focused,1.0,1.0,0.0,0.0,1.0,1.0,96.0,1.0,1.0
5a8b1a925542997f31a41c6e,chunk_focused_96,chunk,focused,0.0,0.0,1.0,1.0,1.0,0.5,66.0,1.0,1.0
5a7fc03d5542992097ad2fbc,chunk_focused_96,chunk,focused,0.0,0.0,1.0,1.0,0.0,0.0,95.0,1.0,1.0
5ae5ead6554299546bf82fd0,chunk_focused_96,chunk,focused,1.0,1.0,1.0,1.0,0.6979,0.5,96.0,1.0,1.0
5ae6371155429929b0807af1,chunk_focused_96,chunk,focused,1.0,1.0,1.0,1.0,1.0,0.5,80.0,1.0,1.0
5a80f4c2554299260e20a1da,chunk_focused_96,chunk,focused,0.0,0.0,0.0,0.0,0.0,0.0,71.0,1.0,1.0
5ac38bf355429939154137ba,chunk_focused_96,chunk,focused,0.0,0.0,0.0,0.5,0.7531,0.5,81.0,1.0,1.0
5ae26c795542992decbdccfb,chunk_focused_96,chunk,focused,0.0,0.0,0.0,0.0,0.0,0.0,69.0,0.5,0.0
5ae51fa25542992663a4f11f,chunk_focused_96,chunk,focused,0.0,0.0,0.0,0.25,1.0,0.5,80.0,1.0,1.0
5ae13bf1554299422ee99634,chunk_focused_96,chunk,focused,1.0,1.0,1.0,1.0,1.0,1.0,88.0,1.0,1.0
5a79e7b45542994f819ef0ff,chunk_focused_96,chunk,focused,0.0,0.0,0.0,0.0,0.6977,0.5,86.0,0.5,0.0
5a8ee7c95542990e94052bb1,chunk_focused_96,chunk,focused,0.0,0.0,0.0,0.0,0.2584,0.5,89.0,1.0,1.0
5a8bc0485542995d1e6f143d,chunk_focused_96,chunk,focused,0.0,0.0,0.0,0.0,0.129,0.5,93.0,1.0,1.0
5adf3c155542993a75d2643a,chunk_focused_96,chunk,focused,0.0,0.0,0.0,0.0,1.0,0.5,83.0,0.5,0.0
5ab84bab55429934fafe6d49,chunk_focused_96,chunk,focused,1.0,1.0,1.0,1.0,1.0,0.5,86.0,1.0,1.0
5abb4b4a5542993f40c73aea,chunk_focused_96,chunk,focused,1.0,1.0,1.0,1.0,0.6364,0.5,88.0,1.0,1.0
5ae4885e55429970de88d99d,chunk_focused_96,chunk,focused,0.0,0.0,0.0,0.3333,0.0,0.0,96.0,1.0,1.0
5adf53dc5542995534e8c791,chunk_focused_96,chunk,focused,1.0,1.0,1.0,1.0,0.6196,0.5,92.0,1.0,1.0
5a7a70b355429941d65f2647,chunk_focused_96,chunk,focused,1.0,1.0,1.0,1.0,0.1875,0.5,96.0,1.0,1.0
5a8911ad554299515336129c,chunk_focused_96,chunk,focused,0.0,0.0,1.0,1.0,0.6458,0.5,96.0,1.0,1.0
5ae6911955429908198fa626,chunk_focused_96,chunk,focused,1.0,1.0,1.0,1.0,0.4896,0.5,96.0,1.0,1.0
5a843de75542992ef85e23b4,chunk_focused_96,chunk,focused,0.0,0.0,0.0,0.0,0.0,0.0,81.0,0.5,0.0
5a7d22dc5542995ed0d16600,chunk_focused_96,chunk,focused,0.0,0.0,0.0,0.0,0.0652,0.5,92.0,1.0,1.0
5a8a1a9c5542992d82986ebb,chunk_focused_96,chunk,focused,0.0,0.0,0.0,0.0,0.8191,0.5,94.0,1.0,1.0
5a8f7c9a55429918e830d239,chunk_focused_96,chunk,focused,0.0,0.6667,0.0,0.5,1.0,0.5,79.0,1.0,1.0
5ab92f1f554299753720f77b,chunk_focused_96,chunk,focused,0.0,0.6667,1.0,1.0,0.4872,0.5,78.0,1.0,1.0
5a761e855542994ccc9186e0,chunk_focused_96,chunk,focused,0.0,0.0,0.0,0.0,0.1875,0.5,96.0,1.0,1.0
5a7a01b15542996c55b2dcd1,chunk_focused_96,chunk,focused,0.0,0.0,0.0,0.6667,0.5521,0.5,96.0,1.0,1.0
5a733b835542991f9a20c6b2,chunk_focused_96,chunk,focused,1.0,1.0,1.0,1.0,0.4889,0.5,90.0,0.5,0.0
5ae04ea555429924de1b709e,chunk_focused_96,chunk,focused,0.0,0.0,0.0,0.0,0.0,0.0,82.0,0.5,0.0
5abd2eab5542992ac4f38210,chunk_focused_96,chunk,focused,1.0,1.0,1.0,1.0,0.5806,0.5,93.0,1.0,1.0
5a81e097554299676cceb129,chunk_focused_96,chunk,focused,0.0,0.4,0.0,0.5,1.0,0.5,90.0,1.0,1.0
5ab6faec5542991d32223708,chunk_focused_96,chunk,focused,0.0,0.0,0.0,0.4286,0.0,0.0,82.0,1.0,1.0
5a753c8c55429916b01642ab,chunk_focused_96,chunk,focused,0.0,0.0,1.0,1.0,1.0,0.5,95.0,1.0,1.0
5ae22ede554299234fd0441b,chunk_focused_96,chunk,focused,0.0,0.0,0.0,0.0,0.2593,0.5,81.0,0.5,0.0
5a8b40b055429949d91db50c,chunk_focused_96,chunk,focused,0.0,0.0,1.0,1.0,0.8901,0.5,91.0,1.0,1.0
5ade8ad95542992fa25da7b8,chunk_focused_96,chunk,focused,0.0,0.0,1.0,1.0,0.3095,0.5,84.0,1.0,1.0
5a7b971255429927d897bff3,chunk_focused_96,chunk,focused,0.0,0.0,0.0,0.0,1.0,0.5,77.0,1.0,1.0
5ae2c4b8554299495565db31,chunk_focused_96,chunk,focused,0.0,0.0,0.0,0.0,0.8723,0.5,94.0,0.5,0.0
5ac508205542994611c8b32e,chunk_focused_96,chunk,focused,0.0,0.0,0.0,0.0,1.0,0.5,82.0,1.0,1.0
5a74c85055429916b0164218,chunk_focused_96,chunk,focused,0.0,0.0,1.0,1.0,0.1875,0.5,96.0,1.0,1.0
5a75642c5542996c70cfaeed,chunk_focused_96,chunk,focused,0.0,0.0,0.0,0.0,0.4043,0.5,94.0,0.5,0.0
5ae6dd745542996d980e7ca0,chunk_focused_96,chunk,focused,0.0,0.0,0.0,0.0,0.0,0.0,81.0,0.5,0.0
5a74d64055429916b0164223,chunk_focused_96,chunk,focused,1.0,1.0,1.0,1.0,0.4255,0.5,94.0,0.5,0.0
5a7a616355429941d65f25f7,chunk_focused_96,chunk,focused,0.0,0.6667,1.0,1.0,1.0,1.0,94.0,1.0,1.0
5aba9813554299232ef4a357,chunk_focused_96,chunk,focused,0.0,0.0,1.0,1.0,0.6421,0.5,95.0,1.0,1.0
5ae5669755429960a22e02ec,chunk_focused_96,chunk,focused,0.0,0.4444,1.0,1.0,0.7935,0.5,92.0,1.0,1.0
5a79e1275542990198eaefe7,chunk_focused_96,chunk,focused,0.0,0.0,0.0,0.3333,0.5,0.5,96.0,0.5,0.0
5a9064c755429916514e74a6,chunk_focused_96,chunk,focused,1.0,1.0,1.0,1.0,0.617,1.0,94.0,1.0,1.0
5a872e8e5542991e7718170c,chunk_focused_96,chunk,focused,0.0,0.0,0.0,0.0,0.3021,0.5,96.0,1.0,1.0
5ae6453e55429908198fa56c,chunk_focused_96,chunk,focused,0.0,0.0,0.0,0.0,0.7159,0.5,88.0,1.0,1.0
5a90970d5542995651fb51a5,chunk_focused_96,chunk,focused,0.0,0.0,0.0,0.0,0.4889,0.5,90.0,0.5,0.0
5ae15ae25542990adbacf767,chunk_focused_96,chunk,focused,0.0,0.0,0.0,0.0,0.5532,0.5,94.0,1.0,1.0
5a7e08b55542997cc2c474fe,chunk_focused_96,chunk,focused,0.0,0.0,1.0,1.0,1.0,0.5,80.0,1.0,1.0
5ab30336554299166977417c,chunk_focused_96,chunk,focused,1.0,1.0,1.0,1.0,0.6667,0.5,84.0,0.5,0.0
5a83b4d35542996488c2e495,chunk_focused_96,chunk,focused,0.0,0.8,0.0,0.3333,0.7079,0.5,89.0,1.0,1.0
5ab416a25542996a3a969f28,chunk_focused_96,chunk,focused,0.0,0.0,1.0,1.0,0.5368,0.5,95.0,1.0,1.0
5a7147fd5542994082a3e758,chunk_focused_96,chunk,focused,0.0,0.0,0.0,0.0,0.2759,0.5,87.0,1.0,1.0
5ae0413555429942ec259c61,chunk_focused_96,chunk,focused,1.0,1.0,1.0,1.0,1.0,0.5,86.0,1.0,1.0
5ae47cab5542996836b02cb9,chunk_focused_96,chunk,focused,1.0,1.0,0.0,0.0,0.2211,0.5,95.0,0.5,0.0
5abdbf3755429933744ab818,chunk_focused_96,chunk,focused,0.0,0.0,0.0,0.0,1.0,1.0,94.0,1.0,1.0
5ae0968955429924de1b7105,chunk_focused_96,chunk,focused,0.0,0.0,1.0,1.0,0.5625,1.0,96.0,1.0,1.0
5ab48f245542990594ba9c66,chunk_focused_96,chunk,focused,0.0,0.0,0.0,0.0,0.6211,0.5,95.0,1.0,1.0
5ae5faf555429929b0807a4c,chunk_focused_96,chunk,focused,0.0,0.0,1.0,1.0,0.6703,1.0,91.0,1.0,1.0
5a7c53a855429935c91b515d,chunk_focused_96,chunk,focused,1.0,1.0,1.0,1.0,1.0,0.5,90.0,0.5,0.0
5ae51b495542993aec5ec146,chunk_focused_96,chunk,focused,1.0,1.0,1.0,1.0,0.8242,0.5,91.0,1.0,1.0
5ade8f5955429975fa854f10,chunk_focused_96,chunk,focused,0.0,0.0,0.0,0.0,0.5341,0.5,88.0,1.0,1.0
5ab64cfa55429953192ad2b7,chunk_focused_96,chunk,focused,0.0,0.0,1.0,1.0,0.2396,0.5,96.0,1.0,1.0
5a8fae205542997ba9cb32ec,chunk_focused_96,chunk,focused,0.0,0.0,0.0,0.0,0.4304,0.5,79.0,0.5,0.0
5abb7d8b5542996cc5e4a006,chunk_focused_96,chunk,focused,0.0,0.0,0.0,0.0,0.8333,0.5,96.0,1.0,1.0
5add47bf5542992200553a7f,chunk_focused_96,chunk,focused,0.0,0.0,0.0,0.0,0.8404,1.0,94.0,1.0,1.0
5a7128b05542994082a3e5f2,chunk_focused_96,chunk,focused,1.0,1.0,1.0,1.0,1.0,1.0,89.0,1.0,1.0
5ade04465542990dbb2f7f2f,chunk_focused_96,chunk,focused,1.0,1.0,1.0,1.0,1.0,1.0,89.0,1.0,1.0
5ab431d855429942dd415ed2,chunk_focused_96,chunk,focused,1.0,1.0,1.0,1.0,1.0,0.5,80.0,0.5,0.0
5a8c6342554299240d9c214a,chunk_focused_96,chunk,focused,1.0,1.0,1.0,1.0,1.0,1.0,96.0,1.0,1.0
5adc75525542994650320d0e,chunk_focused_96,chunk,focused,1.0,1.0,0.0,1.0,1.0,1.0,85.0,1.0,1.0
5a85d25b5542996432c570ee,chunk_focused_96,chunk,focused,0.0,0.6667,1.0,1.0,0.7158,1.0,95.0,1.0,1.0
5a7183575542994082a3e85e,chunk_focused_96,chunk,focused,0.0,0.0,0.0,0.0,0.4831,0.5,89.0,1.0,1.0
5adebea1554299728e26c7b6,chunk_focused_96,chunk,focused,0.0,0.0,0.0,0.0,0.4725,0.5,91.0,0.5,0.0
5a80a25d5542995d8a8ddfb7,chunk_focused_96,chunk,focused,0.0,0.0,0.0,0.0,0.0,0.0,87.0,0.5,0.0
5a778b1e55429949eeb29ee3,chunk_focused_96,chunk,focused,0.0,0.0,0.0,0.3333,1.0,0.5,81.0,1.0,1.0
5ae6860e5542991bbc976112,chunk_focused_96,chunk,focused,0.0,0.0,0.0,0.1667,0.3958,0.5,96.0,1.0,1.0
5a7e058f5542995f4f402390,chunk_focused_96,chunk,focused,1.0,1.0,1.0,1.0,0.6882,0.5,93.0,1.0,1.0
5ab2a8b655429929539467ab,chunk_focused_96,chunk,focused,1.0,1.0,1.0,1.0,1.0,1.0,78.0,1.0,1.0
5a8e06785542995085b37383,chunk_focused_96,chunk,focused,0.0,0.0,0.0,0.0,0.5312,0.5,96.0,1.0,1.0
5a7eb22655429930675135cb,chunk_focused_96,chunk,focused,1.0,1.0,1.0,1.0,1.0,0.5,77.0,0.5,0.0
5ab298fb554299449642c922,chunk_focused_96,chunk,focused,1.0,1.0,1.0,1.0,1.0,1.0,92.0,1.0,1.0
5ab27287554299722f9b4d2c,chunk_focused_96,chunk,focused,0.0,0.3333,1.0,1.0,1.0,1.0,87.0,1.0,1.0
5ae0f2bf5542997b2ef7d09e,chunk_focused_96,chunk,focused,0.0,0.0,1.0,1.0,0.6196,0.5,92.0,1.0,1.0
5a838fcd5542992ef85e2305,chunk_focused_96,chunk,focused,0.0,0.8,0.0,0.6667,0.4946,0.5,93.0,0.5,0.0
5a79caec5542994bb94570ad,chunk_focused_96,chunk,focused,0.0,0.4,0.0,0.3333,1.0,0.5,70.0,1.0,1.0
5a73266d5542994cef4bc47d,chunk_focused_96,chunk,focused,1.0,1.0,1.0,1.0,1.0,0.5,88.0,1.0,1.0
5a8de02b554299068b959e13,chunk_focused_96,chunk,focused,0.0,0.0,1.0,1.0,0.4574,0.5,94.0,1.0,1.0
5a89ba6b554299669944a584,chunk_focused_96,chunk,focused,1.0,1.0,1.0,1.0,1.0,0.5,82.0,1.0,1.0
5ae4ea2a5542993aec5ec0ee,chunk_focused_96,chunk,focused,0.0,0.2857,0.0,0.25,0.0,0.0,85.0,0.5,0.0
5a7796e05542992a6e59df0f,chunk_focused_96,chunk,focused,0.0,0.0,0.0,0.0,0.5921,0.5,76.0,1.0,1.0
5ab8627f5542990e739ec8da,chunk_focused_96,chunk,focused,0.0,0.3636,0.0,0.5556,0.7188,0.5,96.0,1.0,1.0
5a7456ec55429979e288290f,chunk_focused_96,chunk,focused,1.0,1.0,1.0,1.0,1.0,0.5,81.0,1.0,1.0
5abc6fba554299700f9d78c7,chunk_focused_96,chunk,focused,1.0,1.0,1.0,1.0,1.0,1.0,95.0,1.0,1.0
5ae1500655429920d52343cc,chunk_focused_96,chunk,focused,0.0,0.6667,1.0,1.0,0.3258,1.0,89.0,1.0,1.0
5a8c5569554299240d9c2126,chunk_focused_96,chunk,focused,1.0,1.0,0.0,0.0,1.0,1.0,72.0,1.0,1.0
5a7cffb755429907fabef09f,chunk_focused_96,chunk,focused,0.0,0.0,0.0,0.0,0.0,0.0,95.0,0.5,0.0
5abdaa0f55429965af743dad,chunk_focused_96,chunk,focused,0.0,0.3333,0.0,0.6667,0.4479,0.5,96.0,0.5,0.0
5add00805542992c1e3a2504,chunk_focused_96,chunk,focused,1.0,1.0,1.0,1.0,0.8043,0.5,92.0,1.0,1.0
5a8af11a55429950cd6afc21,chunk_focused_96,chunk,focused,0.0,0.0,0.0,0.0,0.0,0.0,86.0,0.5,0.0
5ac34994554299741d48a242,chunk_focused_96,chunk,focused,0.0,0.0,1.0,1.0,0.4756,0.5,82.0,1.0,1.0
5ab3e45655429976abd1bcd4,chunk_focused_96,chunk,focused,0.0,0.0,0.0,0.3333,0.3371,0.5,89.0,0.5,0.0
5a77ace855429967ab105223,chunk_focused_96,chunk,focused,1.0,1.0,1.0,1.0,0.3958,0.5,96.0,1.0,1.0
5a802b595542995d8a8ddf51,chunk_focused_96,chunk,focused,1.0,1.0,1.0,1.0,0.0,0.0,95.0,0.5,0.0
5a8501915542997175ce1f5a,chunk_focused_96,chunk,focused,1.0,1.0,0.0,0.0,0.4118,0.5,85.0,1.0,1.0
5ab5f75e554299637185c64b,chunk_focused_96,chunk,focused,0.0,0.0,0.0,0.0,0.3118,0.5,93.0,1.0,1.0
5a9068075542990a9849361a,chunk_focused_96,chunk,focused,0.0,0.0,0.0,0.0,0.0,0.0,77.0,1.0,1.0
5ae676915542995703ce8b66,chunk_focused_96,chunk,focused,1.0,1.0,1.0,1.0,0.2222,0.5,81.0,0.5,0.0
5ae39e9c5542990afbd1e195,chunk_focused_96,chunk,focused,1.0,1.0,1.0,1.0,0.589,0.5,73.0,0.5,0.0
5ae76d185542997ec2727641,chunk_focused_96,chunk,focused,0.0,0.0,0.0,0.0,0.1895,0.5,95.0,0.5,0.0
5a8a17685542993b751ca9f3,chunk_focused_96,chunk,focused,1.0,1.0,1.0,1.0,0.7579,1.0,95.0,1.0,1.0
5abbcba05542992ccd8e7fa3,chunk_focused_96,chunk,focused,0.0,0.0,1.0,1.0,1.0,1.0,93.0,1.0,1.0
5a8b515e55429971feec46bb,chunk_focused_96,chunk,focused,0.0,0.6667,0.0,0.6667,0.0,0.0,85.0,1.0,1.0
5ae22895554299495565da0c,chunk_focused_96,chunk,focused,0.0,0.0,0.0,0.0,0.0,0.0,95.0,1.0,1.0
5a83dd2c554299334474609e,chunk_focused_96,chunk,focused,0.0,0.0,0.0,0.0909,0.0,0.0,96.0,0.0,0.0
5abb76fa5542992ccd8e7f48,chunk_focused_96,chunk,focused,1.0,1.0,1.0,1.0,1.0,1.0,85.0,1.0,1.0
5ab4eecb55429942dd415faa,chunk_focused_96,chunk,focused,0.0,0.0,0.0,0.0,0.0,0.0,94.0,1.0,1.0
5ae0b9b155429924de1b7152,chunk_focused_96,chunk,focused,0.0,0.0,0.0,0.0,1.0,1.0,80.0,1.0,1.0
5a90629855429916514e749e,chunk_focused_96,chunk,focused,0.0,0.0,0.0,0.0,0.0,0.0,62.0,0.5,0.0
5a7a4f335542990198eaf11e,chunk_focused_96,chunk,focused,0.0,0.0,1.0,1.0,1.0,1.0,90.0,1.0,1.0
5ab674b7554299110f219a0c,chunk_focused_96,chunk,focused,1.0,1.0,1.0,1.0,0.5053,0.5,95.0,1.0,1.0
5ae406f055429970de88d874,chunk_focused_96,chunk,focused,1.0,1.0,1.0,1.0,1.0,1.0,77.0,1.0,1.0
5a75441c55429916b01642cf,chunk_focused_96,chunk,focused,1.0,1.0,1.0,1.0,0.4318,0.5,88.0,1.0,1.0
5a8307c055429966c78a6af9,chunk_focused_96,chunk,focused,1.0,1.0,1.0,1.0,0.3936,0.5,94.0,1.0,1.0
5ae077805542993d6555eb6e,chunk_focused_96,chunk,focused,1.0,1.0,0.0,0.0,1.0,1.0,88.0,1.0,1.0
5a7f19eb55429934daa2fcdb,chunk_focused_96,chunk,focused,1.0,1.0,1.0,1.0,1.0,0.5,77.0,1.0,1.0
5adc1ae5554299438c868d5c,chunk_focused_96,chunk,focused,0.0,0.0,0.0,0.0,0.7674,0.5,86.0,1.0,1.0
5ae446175542995ad6573d1f,chunk_focused_96,chunk,focused,0.0,0.0,1.0,1.0,1.0,0.5,96.0,0.5,0.0
5ac2eec55542990b17b154c1,chunk_focused_96,chunk,focused,0.0,0.5,0.0,0.3333,0.5,0.5,86.0,1.0,1.0
5a836a765542996488c2e446,chunk_focused_96,chunk,focused,0.0,0.0,0.0,0.0,0.0,0.0,93.0,1.0,1.0
5ae614215542992663a4f254,chunk_focused_96,chunk,focused,1.0,1.0,1.0,1.0,0.4568,0.5,81.0,0.5,0.0
5ade15a45542997545bbbe46,chunk_focused_96,chunk,focused,0.0,0.0,0.0,0.0,0.8421,1.0,95.0,1.0,1.0
5ac0641f554299294b218fbe,chunk_focused_96,chunk,focused,1.0,1.0,1.0,1.0,1.0,1.0,92.0,1.0,1.0
5a7143625542994082a3e71e,chunk_focused_96,chunk,focused,0.0,0.0,1.0,1.0,0.0,0.0,88.0,0.5,0.0
5a8c51f0554299240d9c2111,chunk_focused_96,chunk,focused,0.0,0.8,1.0,1.0,1.0,1.0,95.0,1.0,1.0
5a8719fa55429960ec39b742,chunk_focused_96,chunk,focused,0.0,0.3333,1.0,1.0,0.7978,0.5,89.0,1.0,1.0
5ab67f4c55429953192ad2d9,chunk_focused_96,chunk,focused,1.0,1.0,1.0,1.0,0.4177,0.5,79.0,1.0,1.0
5a7326cd5542991f29ee2d11,chunk_focused_96,chunk,focused,1.0,1.0,1.0,1.0,1.0,1.0,96.0,1.0,1.0
5ae0f4645542997b2ef7d0aa,chunk_focused_96,chunk,focused,0.0,0.6667,1.0,1.0,0.6344,0.5,93.0,1.0,1.0
5a8c5c6f554299653c1aa04d,chunk_focused_96,chunk,focused,0.0,0.0,0.0,0.0,0.0,0.0,76.0,1.0,1.0
5abdb8ba5542993f32c2a015,chunk_focused_96,chunk,focused,0.0,0.0,1.0,1.0,1.0,1.0,87.0,1.0,1.0
5ac11037554299294b21907a,chunk_focused_96,chunk,focused,0.0,0.6667,0.0,1.0,0.4842,0.5,95.0,0.5,0.0
5ab833ad5542990e739ec86f,chunk_focused_96,chunk,focused,0.0,0.0,0.0,0.0,0.3291,0.5,79.0,0.5,0.0
5a88f9555542995153361214,chunk_focused_96,chunk,focused,0.0,0.0,0.0,0.3333,0.6,0.5,85.0,0.5,0.0
5a7e23655542997cc2c47528,chunk_focused_96,chunk,focused,0.0,0.0,0.0,0.0,0.4574,0.5,94.0,0.5,0.0
5abfe2a15542997d6429591c,chunk_focused_96,chunk,focused,0.0,0.0,1.0,1.0,0.2396,0.5,96.0,1.0,1.0
5ae1fced5542997283cd230e,chunk_focused_96,chunk,focused,1.0,1.0,1.0,1.0,1.0,1.0,90.0,1.0,1.0
5a74994a55429974ef308c2e,chunk_focused_96,chunk,focused,1.0,1.0,1.0,1.0,0.5476,0.5,84.0,1.0,1.0
5ae6f2a7554299572ea5464a,chunk_focused_96,chunk,focused,0.0,0.0,1.0,1.0,1.0,0.5,96.0,1.0,1.0
5a7f3f7c55429934daa2fd45,chunk_focused_96,chunk,focused,1.0,1.0,1.0,1.0,0.7053,1.0,95.0,1.0,1.0
5a7543d555429916b01642ce,chunk_focused_96,chunk,focused,1.0,1.0,0.0,0.0,0.0,0.0,75.0,1.0,1.0
5ab938db5542996be2020454,chunk_focused_96,chunk,focused,0.0,0.0,1.0,1.0,0.9176,0.5,85.0,1.0,1.0
5ae30d4b55429928c42395cc,chunk_focused_96,chunk,focused,0.0,0.6667,1.0,1.0,0.5652,1.0,92.0,1.0,1.0
5ae622495542995703ce8b20,chunk_focused_96,chunk,focused,0.0,0.6667,1.0,1.0,0.5357,0.5,84.0,0.5,0.0
5ae0fb8855429920d523425b,chunk_focused_96,chunk,focused,0.0,0.0,0.0,0.3333,0.3837,0.5,86.0,0.5,0.0
5ae665795542991bbc9760c9,chunk_focused_96,chunk,focused,0.0,0.0,0.0,0.0,0.0,0.0,78.0,1.0,1.0
5a77b13655429967ab105235,chunk_focused_96,chunk,focused,0.0,0.8,1.0,1.0,0.6562,1.0,96.0,1.0,1.0
5ae5415055429908b63265b7,chunk_focused_96,chunk,focused,0.0,0.0,0.0,0.0,1.0,0.5,70.0,1.0,1.0
5a7bb16f554299294a54aa9f,chunk_focused_96,chunk,focused,0.0,0.4,1.0,1.0,1.0,1.0,95.0,1.0,1.0
5ab9b2c7554299743d22ebaf,chunk_focused_96,chunk,focused,0.0,0.0,0.0,0.0,0.6737,1.0,95.0,1.0,1.0
5a7b12a355429927d897bf2a,chunk_focused_96,chunk,focused,0.0,0.0,1.0,1.0,1.0,1.0,94.0,1.0,1.0
5addfe1c5542995b365fabaf,chunk_focused_96,chunk,focused,0.0,0.0,0.0,0.0,0.7263,1.0,95.0,1.0,1.0
5a8391f55542996488c2e45c,chunk_focused_96,chunk,focused,0.0,0.0,1.0,1.0,0.6344,1.0,93.0,1.0,1.0
5ab91b6c55429934fafe6e5f,chunk_focused_96,chunk,focused,0.0,0.6667,1.0,1.0,1.0,1.0,82.0,1.0,1.0
5a72a0be5542992359bc3143,chunk_focused_96,chunk,focused,1.0,1.0,1.0,1.0,1.0,0.5,74.0,1.0,1.0
5ae764a85542997b22f6a720,chunk_focused_96,chunk,focused,0.0,0.0,0.0,0.0,0.8696,0.5,92.0,1.0,1.0
5adbfaa655429947ff173888,chunk_focused_96,chunk,focused,1.0,1.0,1.0,1.0,1.0,1.0,93.0,1.0,1.0
5a8bc1565542996e8ac88a0c,chunk_focused_96,chunk,focused,0.0,0.8,0.0,0.8,0.0,0.0,95.0,0.5,0.0
5ae236445542992decbdcc69,chunk_focused_96,chunk,focused,0.0,0.6667,0.0,0.5,1.0,0.5,80.0,1.0,1.0
5adf58f15542993a75d264d2,chunk_focused_96,chunk,focused,0.0,0.0,0.0,0.0,0.0,0.0,88.0,0.5,0.0
5ae7281c5542991e8301cb69,chunk_focused_96,chunk,focused,0.0,0.0,0.0,0.0,1.0,0.5,80.0,1.0,1.0
5ac42ae45542997ea680ca18,chunk_focused_96,chunk,focused,0.0,0.8,1.0,1.0,0.5217,0.5,92.0,1.0,1.0
5a7312675542994cef4bc43d,chunk_focused_96,chunk,focused,0.0,0.0,1.0,1.0,0.5109,0.5,92.0,1.0,1.0
5ab1d7ac554299449642c7e6,chunk_focused_96,chunk,focused,1.0,1.0,1.0,1.0,1.0,1.0,90.0,1.0,1.0
5a8e482c5542995a26add4c3,chunk_focused_96,chunk,focused,1.0,1.0,1.0,1.0,1.0,1.0,94.0,1.0,1.0
5a7f924c55429969796c1aba,chunk_focused_96,chunk,focused,0.0,0.0,0.0,0.5,0.7188,0.5,96.0,0.5,0.0
5addda1b5542992200553b55,chunk_focused_96,chunk,focused,1.0,1.0,1.0,1.0,1.0,0.5,81.0,1.0,1.0
5a7d043755429909bec768f7,chunk_focused_96,chunk,focused,0.0,0.6667,1.0,1.0,0.5417,0.5,96.0,1.0,1.0
5a8089535542992bc0c4a762,chunk_focused_96,chunk,focused,1.0,1.0,1.0,1.0,1.0,1.0,91.0,1.0,1.0
5abd049d5542992ac4f381a8,chunk_focused_96,chunk,focused,0.0,0.0,0.0,0.0,0.3191,0.5,94.0,1.0,1.0
5abbc7a055429931dba1451b,chunk_focused_96,chunk,focused,1.0,1.0,1.0,1.0,1.0,0.5,73.0,1.0,1.0
5abdc18555429965af743e2b,chunk_focused_96,chunk,focused,1.0,1.0,1.0,1.0,0.4684,0.5,79.0,1.0,1.0
5adc3a7055429947ff173913,chunk_focused_96,chunk,focused,1.0,1.0,1.0,1.0,0.7474,0.5,95.0,1.0,1.0
5abbdb335542992ccd8e7fc1,chunk_focused_96,chunk,focused,0.0,0.0,0.0,0.0,1.0,1.0,94.0,1.0,1.0
5ac1a5b45542991316484b8b,chunk_focused_96,chunk,focused,0.0,0.0,0.0,0.0,1.0,1.0,87.0,1.0,1.0
5ac2616b5542996366519997,chunk_focused_96,chunk,focused,0.0,0.0,0.0,0.0,1.0,0.5,77.0,0.5,0.0
5ae3f6775542991a06ce9a3f,chunk_focused_96,chunk,focused,0.0,0.0,0.0,0.0,0.6489,0.5,94.0,1.0,1.0
5a8f15ec554299458435d552,chunk_focused_96,chunk,focused,0.0,0.0,0.0,0.0,0.6979,0.5,96.0,1.0,1.0
5a8db9b3554299068b959dde,chunk_focused_96,chunk,focused,0.0,0.0,1.0,1.0,0.6047,1.0,86.0,1.0,1.0
5ab3f6b9554299753aec5a03,chunk_focused_96,chunk,focused,0.0,0.0,0.0,0.0,0.5,0.5,96.0,0.5,0.0
5a736f7c5542991f29ee2e18,chunk_focused_96,chunk,focused,1.0,1.0,1.0,1.0,1.0,1.0,92.0,1.0,1.0
5ae618535542995703ce8af7,chunk_focused_96,chunk,focused,0.0,0.0,0.0,0.1111,0.25,0.5,92.0,0.5,0.0
5a8b05c855429949d91db46a,chunk_focused_96,chunk,focused,1.0,1.0,1.0,1.0,0.5281,0.5,89.0,1.0,1.0
5ac1d40c5542994d76dccef5,chunk_focused_96,chunk,focused,0.0,0.0,0.0,0.0,0.3333,0.5,96.0,0.5,0.0
5ae356045542990afbd1e10d,chunk_focused_96,chunk,focused,0.0,0.2667,0.0,0.5,0.0,0.0,95.0,0.5,0.0
5ae002ec55429925eb1afbdc,chunk_focused_96,chunk,focused,0.0,0.0,0.0,0.5,0.7222,0.5,90.0,0.5,0.0
5a89ddf25542992e4fca83ff,chunk_focused_96,chunk,focused,0.0,0.0,0.0,0.0,0.0,0.0,94.0,1.0,1.0
5a903b7255429933b8a204ae,chunk_focused_96,chunk,focused,0.0,0.5,1.0,1.0,0.6421,1.0,95.0,1.0,1.0
5a84ac585542991dd0999d72,chunk_focused_96,chunk,focused,1.0,1.0,1.0,1.0,0.4022,0.5,92.0,1.0,1.0
5a7cad635542996dd594b97f,chunk_focused_96,chunk,focused,0.0,0.0,0.0,0.6667,0.6,0.5,95.0,1.0,1.0
5a75da6d5542992db94736fa,chunk_focused_96,chunk,focused,0.0,0.8,1.0,1.0,0.6667,0.5,93.0,1.0,1.0
5ac4e13f554299076e296e2d,chunk_focused_96,chunk,focused,0.0,0.0,0.0,0.0,0.0,0.0,91.0,1.0,1.0
5ab9b29c554299743d22ebae,chunk_focused_96,chunk,focused,1.0,1.0,1.0,1.0,0.8646,1.0,96.0,1.0,1.0
5ae2295c554299495565da13,chunk_focused_96,chunk,focused,0.0,0.3333,1.0,1.0,1.0,1.0,82.0,1.0,1.0
5abd44d955429933744ab760,chunk_focused_96,chunk,focused,0.0,0.0,1.0,1.0,1.0,0.5,80.0,1.0,1.0
5ae096d755429906c02daadf,chunk_focused_96,chunk,focused,1.0,1.0,1.0,1.0,0.4868,0.5,76.0,1.0,1.0
5abea6a05542993f32c2a18d,chunk_focused_96,chunk,focused,1.0,1.0,1.0,1.0,1.0,1.0,89.0,1.0,1.0
5ae1319c55429920d5234301,chunk_focused_96,chunk,focused,0.0,0.0,0.0,0.0,0.5109,0.5,92.0,1.0,1.0
5ab60aec554299110f2199c3,chunk_focused_96,chunk,focused,1.0,1.0,1.0,1.0,1.0,1.0,88.0,1.0,1.0
5ae4e2ca55429908b63264aa,chunk_focused_96,chunk,focused,1.0,1.0,1.0,1.0,1.0,1.0,95.0,1.0,1.0
5ae25d2b554299495565da46,chunk_focused_96,chunk,focused,0.0,0.0,0.0,0.0,0.8511,1.0,94.0,1.0,1.0
5ade630e55429975fa854eb7,chunk_focused_96,chunk,focused,0.0,0.0,1.0,1.0,0.8617,0.5,94.0,1.0,1.0
5ab6be2f55429954757d335c,chunk_focused_96,chunk,focused,0.0,0.0,1.0,1.0,0.7579,0.5,95.0,1.0,1.0
5a74a62b55429916b01641a0,chunk_focused_96,chunk,focused,0.0,0.5714,1.0,1.0,0.5556,1.0,90.0,1.0,1.0
5abcf299554299700f9d7936,chunk_focused_96,chunk,focused,0.0,0.0,0.0,0.0,0.4205,0.5,88.0,1.0,1.0
5adc6eb65542994650320cf3,chunk_focused_96,chunk,focused,0.0,0.0,0.0,0.0,1.0,1.0,90.0,1.0,1.0
5ac1767a5542994d76dcce48,chunk_focused_96,chunk,focused,0.0,0.0,0.0,0.0,1.0,0.5,84.0,0.5,0.0
5ab5dc44554299494045f089,chunk_focused_96,chunk,focused,0.0,0.3333,0.0,0.0,0.0,0.0,87.0,1.0,1.0
5a8f5273554299458435d5b1,chunk_focused_96,chunk,focused,0.0,0.5,0.0,0.5,0.0,0.0,94.0,0.5,0.0
5addeb685542992200553bb1,chunk_focused_96,chunk,focused,0.0,0.6667,1.0,1.0,0.3125,0.5,96.0,1.0,1.0
5a870a8e55429960ec39b707,chunk_focused_96,chunk,focused,0.0,0.0,0.0,0.3333,1.0,0.5,84.0,1.0,1.0
5a77ddb855429967ab1052d8,chunk_focused_96,chunk,focused,0.0,0.5714,0.0,0.4,0.5294,0.5,85.0,1.0,1.0
5ab38cdd5542992ade7c6de2,chunk_focused_96,chunk,focused,1.0,1.0,1.0,1.0,0.6129,0.5,93.0,1.0,1.0
5a8f24cc55429924144829e7,chunk_focused_96,chunk,focused,1.0,1.0,1.0,1.0,1.0,1.0,88.0,1.0,1.0
5ac401bb55429919431738f4,chunk_focused_96,chunk,focused,1.0,1.0,1.0,1.0,0.5521,0.5,96.0,0.5,0.0
5ab4b7d15542996a3a969fbc,chunk_focused_96,chunk,focused,1.0,1.0,0.0,0.0,1.0,0.5,79.0,1.0,1.0
5a78f18855429974737f7915,chunk_focused_96,chunk,focused,1.0,1.0,1.0,1.0,0.3222,0.5,90.0,0.5,0.0
5a76394c5542994ccc918725,chunk_focused_96,chunk,focused,0.0,0.0,0.0,0.0,0.4632,0.5,95.0,0.5,0.0
5a78e49855429974737f78f3,chunk_focused_96,chunk,focused,1.0,1.0,1.0,1.0,0.8182,0.5,77.0,1.0,1.0
5a8fdb955542990a98493572,chunk_focused_96,chunk,focused,1.0,1.0,1.0,1.0,0.8,1.0,90.0,1.0,1.0
5a7b9f1f554299294a54aa2a,chunk_focused_96,chunk,focused,0.0,0.8,1.0,1.0,1.0,1.0,88.0,1.0,1.0
5adc396155429944faac2479,chunk_focused_96,chunk,focused,1.0,1.0,0.0,0.0,0.5269,1.0,93.0,1.0,1.0
5a75357c5542996c70cfaeab,chunk_focused_96,chunk,focused,1.0,1.0,1.0,1.0,0.8523,0.5,88.0,1.0,1.0
5ac312ee5542995ef918c0ec,chunk_focused_96,chunk,focused,1.0,1.0,0.0,0.0,1.0,1.0,91.0,1.0,1.0
5add38355542990dbb2f7dd0,chunk_focused_96,chunk,focused,0.0,0.0,0.0,0.0,0.7294,0.5,85.0,0.5,0.0
5ac471a5554299194317399a,chunk_focused_96,chunk,focused,0.0,0.0,0.0,0.0,0.0,0.0,92.0,0.5,0.0
5a70f1685542994082a3e40f,chunk_focused_96,chunk,focused,0.0,0.0,0.0,0.3333,0.7204,0.5,93.0,1.0,1.0
5ab5f372554299488d4d9a60,chunk_focused_96,chunk,focused,0.0,0.0,1.0,1.0,1.0,0.5,78.0,1.0,1.0
5a7e1cd955429965cec5ea76,chunk_focused_96,chunk,focused,0.0,0.0,0.0,0.0,0.0,0.0,94.0,0.0,0.0
5adce3265542992c1e3a2466,chunk_focused_96,chunk,focused,0.0,0.0,0.0,0.0,0.5833,0.5,96.0,0.5,0.0
5a8adc935542992d82986fb0,chunk_focused_96,chunk,focused,0.0,0.0,1.0,1.0,0.2708,0.5,96.0,1.0,1.0
5a73bddb55429978a71e909d,chunk_focused_96,chunk,focused,0.0,0.8,1.0,1.0,1.0,1.0,92.0,1.0,1.0
5ae5736e5542990ba0bbb2b3,chunk_focused_96,chunk,focused,1.0,1.0,1.0,1.0,0.1667,0.5,96.0,1.0,1.0
5a8d4cf35542994ba4e3dc5f,chunk_focused_96,chunk,focused,0.0,0.0,0.0,0.0,0.0,0.0,87.0,0.0,0.0
5a9023d355429916514e742f,chunk_focused_96,chunk,focused,0.0,0.0,0.0,0.0,0.7766,0.5,94.0,0.5,0.0
5adfad2b554299603e41835c,chunk_focused_96,chunk,focused,1.0,1.0,1.0,1.0,0.587,0.5,92.0,1.0,1.0
5a8cddd1554299441c6b9f3a,chunk_focused_96,chunk,focused,0.0,0.75,0.0,0.5,0.0,0.0,68.0,1.0,1.0
5a79f6825542996c55b2dcb4,chunk_focused_96,chunk,focused,0.0,0.0,0.0,0.0,0.871,0.5,93.0,1.0,1.0
5a8900c75542997e5c09a6ed,chunk_focused_96,chunk,focused,1.0,1.0,1.0,1.0,0.8652,1.0,89.0,1.0,1.0
5ab27f7b554299722f9b4d4f,chunk_focused_96,chunk,focused,0.0,0.0,0.0,0.0,0.0,0.0,87.0,0.5,0.0
5ac257fe55429951e9e68562,chunk_focused_96,chunk,focused,0.0,0.4,1.0,1.0,0.2558,0.5,86.0,1.0,1.0
5ab94cf0554299743d22eade,chunk_focused_96,chunk,focused,0.0,0.0,0.0,0.0,1.0,0.5,76.0,1.0,1.0
5ac017945542997d642959bc,chunk_focused_96,chunk,focused,0.0,0.0,0.0,0.0,0.0,0.0,72.0,0.5,0.0
5ac19d4c55429963665198bb,chunk_focused_96,chunk,focused,1.0,1.0,1.0,1.0,0.0,0.0,86.0,1.0,1.0
5abbd2575542993f40c73bbd,chunk_focused_96,chunk,focused,0.0,0.5,0.0,0.0,0.4896,0.5,96.0,0.5,0.0
5a888b8e5542997e5c09a60a,chunk_focused_96,chunk,focused,0.0,0.0,1.0,1.0,1.0,1.0,81.0,1.0,1.0
5a712e895542994082a3e636,chunk_focused_96,chunk,focused,0.0,0.0,0.0,0.3333,0.5114,0.5,88.0,1.0,1.0
5a85ecf25542991dd0999ec6,chunk_focused_96,chunk,focused,1.0,1.0,1.0,1.0,1.0,1.0,80.0,1.0,1.0
5adfe6c455429906c02daa85,chunk_focused_96,chunk,focused,0.0,0.0,1.0,1.0,0.4222,0.5,90.0,0.5,0.0
5ac448185542995c82c4ad1b,chunk_focused_96,chunk,focused,0.0,0.0,1.0,1.0,0.0,0.0,76.0,1.0,1.0
5ae1faf15542997f29b3c1e3,chunk_focused_96,chunk,focused,1.0,1.0,1.0,1.0,0.6056,1.0,71.0,1.0,1.0
5ab7af9d5542993667793fe9,chunk_focused_96,chunk,focused,0.0,0.0,0.0,0.0,0.1538,0.5,91.0,1.0,1.0
5ae1e9635542997f29b3c19e,chunk_focused_96,chunk,focused,1.0,1.0,1.0,1.0,0.5663,0.5,83.0,1.0,1.0
5ade28cf5542997c77aded85,chunk_focused_96,chunk,focused,1.0,1.0,1.0,1.0,1.0,1.0,88.0,1.0,1.0
5a7b116a554299042af8f6c4,chunk_focused_96,chunk,focused,0.0,0.0,0.0,0.0,0.5088,0.5,57.0,0.5,0.0
5a72f1cf5542994cef4bc414,chunk_focused_96,chunk,focused,1.0,1.0,1.0,1.0,0.52,0.5,75.0,0.5,0.0
5ab7b3cc55429928e1fe3893,chunk_focused_96,chunk,focused,0.0,0.0,0.0,0.0,0.3646,0.5,96.0,1.0,1.0
5ae32b6755429928c4239644,chunk_focused_96,chunk,focused,0.0,0.0,0.0,0.0,0.7766,1.0,94.0,1.0,1.0
5ab3c53955429969a97a81b9,chunk_focused_96,chunk,focused,0.0,0.0,0.0,0.0,0.0,0.0,92.0,0.5,0.0
5a8b349a55429971feec466b,chunk_focused_96,chunk,focused,0.0,0.0,1.0,1.0,1.0,1.0,85.0,1.0,1.0
5ac2db67554299657fa290a6,chunk_focused_96,chunk,focused,0.0,0.0,1.0,1.0,0.5,0.5,82.0,1.0,1.0
5ab5ec2a5542992aa134a3e3,chunk_focused_96,chunk,focused,0.0,0.0,1.0,1.0,0.6429,0.5,84.0,1.0,1.0
5ab661ac5542995eadeeffb1,chunk_focused_96,chunk,focused,0.0,0.5,0.0,0.3333,1.0,0.5,85.0,0.5,0.0
5abee69c5542993fe9a41d8b,chunk_focused_96,chunk,focused,0.0,0.75,0.0,0.6,0.6076,0.5,79.0,1.0,1.0
5ac0aab35542992a796ded5c,chunk_focused_96,chunk,focused,1.0,1.0,1.0,1.0,0.9425,1.0,87.0,1.0,1.0
5a84c4b05542991dd0999deb,chunk_focused_96,chunk,focused,0.0,0.0,0.0,0.0,0.7294,1.0,85.0,1.0,1.0
5abd6be55542993062266c89,chunk_focused_96,chunk,focused,0.0,0.0,0.0,0.25,0.25,0.5,84.0,1.0,1.0
5a8a19c45542992e4fca8501,chunk_focused_96,chunk,focused,0.0,0.0,0.0,0.0,0.1746,0.5,63.0,1.0,1.0
5abcef9e55429959677d6b52,chunk_focused_96,chunk,focused,0.0,0.6,0.0,0.6,0.337,0.5,92.0,1.0,1.0
5a81c7d15542990a1d231ea9,chunk_focused_96,chunk,focused,0.0,0.0,0.0,0.75,1.0,1.0,95.0,1.0,1.0
5adccaca5542994d58a2f6d5,chunk_focused_96,chunk,focused,1.0,1.0,1.0,1.0,0.2737,0.5,95.0,0.5,0.0
5a84f5865542991dd0999e30,chunk_focused_96,chunk,focused,0.0,0.5,0.0,0.0,0.4941,0.5,85.0,0.5,0.0
5a7633ff5542994ccc918712,chunk_focused_96,chunk,focused,1.0,1.0,1.0,1.0,1.0,1.0,80.0,1.0,1.0
5a8d7f2b554299068b959d0c,chunk_focused_96,chunk,focused,1.0,1.0,1.0,1.0,0.0,0.0,74.0,1.0,1.0
5ac3def75542997ea680c95f,chunk_focused_96,chunk,focused,0.0,0.0,0.0,0.0,1.0,1.0,90.0,1.0,1.0
5ae6316d5542996de7b71b87,chunk_focused_96,chunk,focused,0.0,0.3333,0.0,0.25,1.0,0.5,83.0,1.0,1.0
5ab5eed65542997d4ad1f25c,chunk_focused_96,chunk,focused,1.0,1.0,1.0,1.0,0.3889,1.0,72.0,1.0,1.0
5ab29c24554299449642c932,chunk_focused_96,chunk,focused,1.0,1.0,0.0,0.0,0.6292,1.0,89.0,1.0,1.0
5ab809195542991d3222380f,chunk_focused_96,chunk,focused,1.0,1.0,1.0,1.0,0.6914,0.5,81.0,1.0,1.0
5a834ed95542990548d0b1ca,chunk_focused_96,chunk,focused,0.0,0.6667,0.0,0.3333,0.6279,0.5,86.0,1.0,1.0
5ade9545554299728e26c740,chunk_focused_96,chunk,focused,0.0,0.5,1.0,1.0,0.622,0.5,82.0,0.5,0.0
5a8b97485542995d1e6f140f,chunk_focused_96,chunk,focused,0.0,0.0,1.0,1.0,0.913,1.0,92.0,1.0,1.0
5ac056385542997d64295a08,chunk_focused_96,chunk,focused,1.0,1.0,1.0,1.0,1.0,0.5,96.0,1.0,1.0
5abd96fe5542992ac4f382d9,chunk_focused_96,chunk,focused,0.0,0.0,0.0,0.0,0.225,0.5,80.0,1.0,1.0
5ae2138c5542997283cd23b7,chunk_mmr_96,chunk,mmr,0.0,0.0,0.0,0.0,0.4091,0.5,88.0,1.0,1.0
5a77152355429966f1a36c2e,chunk_mmr_96,chunk,mmr,0.0,0.0,1.0,1.0,0.3462,0.5,78.0,0.5,0.0
5ade99ad554299728e26c75d,chunk_mmr_96,chunk,mmr,0.0,0.4,1.0,1.0,0.9079,0.5,76.0,1.0,1.0
5ab81cff5542990e739ec827,chunk_mmr_96,chunk,mmr,1.0,1.0,1.0,1.0,1.0,0.5,94.0,1.0,1.0
5ae5be02554299546bf82f3e,chunk_mmr_96,chunk,mmr,1.0,1.0,1.0,1.0,1.0,0.5,92.0,1.0,1.0
5ae3f1bb5542995ad6573cbe,chunk_mmr_96,chunk,mmr,1.0,1.0,1.0,1.0,0.8721,1.0,86.0,1.0,1.0
5a8389445542996488c2e450,chunk_mmr_96,chunk,mmr,1.0,1.0,1.0,1.0,1.0,1.0,93.0,1.0,1.0
5a89fc305542993b751ca9dc,chunk_mmr_96,chunk,mmr,1.0,1.0,1.0,1.0,1.0,0.5,80.0,1.0,1.0
5a85bc2d5542994c784ddb70,chunk_mmr_96,chunk,mmr,1.0,1.0,1.0,1.0,0.5977,1.0,87.0,1.0,1.0
5a7b1c745542992d025e6777,chunk_mmr_96,chunk,mmr,0.0,0.0,0.0,0.0,1.0,0.5,78.0,0.5,0.0
5ae2d8fb55429928c42394fa,chunk_mmr_96,chunk,mmr,0.0,0.2222,0.0,0.2,0.3333,0.5,93.0,0.5,0.0
5ae7f6be554299540e5a56db,chunk_mmr_96,chunk,mmr,1.0,1.0,1.0,1.0,0.5745,1.0,94.0,1.0,1.0
5a773ae055429972597f14b0,chunk_mmr_96,chunk,mmr,0.0,0.0,1.0,1.0,0.3563,0.5,87.0,1.0,1.0
5a75abbb5542992d0ec05fd9,chunk_mmr_96,chunk,mmr,1.0,1.0,1.0,1.0,0.8511,0.5,94.0,0.5,0.0
5ae4c49a5542995dadf24400,chunk_mmr_96,chunk,mmr,0.0,0.0,0.0,0.0,0.266,0.5,94.0,0.5,0.0
5ac44813554299194317396b,chunk_mmr_96,chunk,mmr,1.0,1.0,1.0,1.0,1.0,0.5,80.0,1.0,1.0
5abfc8675542993fe9a41e52,chunk_mmr_96,chunk,mmr,1.0,1.0,1.0,1.0,1.0,1.0,90.0,1.0,1.0
5a8aeadc55429950cd6afbe0,chunk_mmr_96,chunk,mmr,1.0,1.0,1.0,1.0,0.6277,1.0,94.0,1.0,1.0
5ab2082f554299722f9b4c9f,chunk_mmr_96,chunk,mmr,0.0,0.0,0.0,0.6667,0.5745,0.5,94.0,1.0,1.0
5ae0ba15554299603e41844d,chunk_mmr_96,chunk,mmr,1.0,1.0,1.0,1.0,0.4516,1.0,93.0,1.0,1.0
5a7332935542991f9a20c67d,chunk_mmr_96,chunk,mmr,0.0,0.0,1.0,1.0,1.0,0.5,74.0,1.0,1.0
5a9068f85542990a98493623,chunk_mmr_96,chunk,mmr,1.0,1.0,1.0,1.0,0.7849,0.5,93.0,1.0,1.0
5addd5795542990dbb2f7e9d,chunk_mmr_96,chunk,mmr,0.0,0.0,0.0,0.0,0.7262,0.5,84.0,1.0,1.0
5adfa3da554299025d62a317,chunk_mmr_96,chunk,mmr,0.0,0.0,0.0,0.0,0.0,0.0,92.0,0.5,0.0
5ae6443355429908198fa563,chunk_mmr_96,chunk,mmr,0.0,0.6667,0.0,0.5,0.5208,1.0,96.0,1.0,1.0
5ab98608554299131ca42362,chunk_mmr_96,chunk,mmr,1.0,1.0,1.0,1.0,0.4271,0.5,96.0,0.5,0.0
5ae61bfd5542992663a4f261,chunk_mmr_96,chunk,mmr,0.0,0.0,0.0,0.0,0.0,0.0,75.0,0.5,0.0
5ab870ed55429934fafe6db9,chunk_mmr_96,chunk,mmr,1.0,1.0,1.0,1.0,0.6437,0.5,87.0,0.5,0.0
5abcfc365542993a06baf9d6,chunk_mmr_96,chunk,mmr,0.0,0.0,0.0,0.0,0.0,0.0,84.0,0.5,0.0
5add63845542992ae4cec541,chunk_mmr_96,chunk,mmr,0.0,0.0,0.0,0.2,0.0,0.0,69.0,1.0,1.0
5ae2a0a1554299495565dae9,chunk_mmr_96,chunk,mmr,1.0,1.0,1.0,1.0,1.0,1.0,71.0,1.0,1.0
5a84eecd5542994c784dda8e,chunk_mmr_96,chunk,mmr,1.0,1.0,1.0,1.0,0.5135,0.5,74.0,1.0,1.0
5a85fa815542996432c57155,chunk_mmr_96,chunk,mmr,0.0,0.0,0.0,0.0,1.0,0.5,90.0,1.0,1.0
5a84a5385542990548d0b2d9,chunk_mmr_96,chunk,mmr,1.0,1.0,1.0,1.0,1.0,0.5,86.0,1.0,1.0
5a78f26055429970f5fffdeb,chunk_mmr_96,chunk,mmr,1.0,1.0,1.0,1.0,1.0,1.0,91.0,1.0,1.0
5a86edcc55429960ec39b6da,chunk_mmr_96,chunk,mmr,1.0,1.0,1.0,1.0,0.4368,0.5,87.0,1.0,1.0
5ae7766455429952e35ea920,chunk_mmr_96,chunk,mmr,0.0,0.0,0.0,0.4,0.8421,0.5,95.0,1.0,1.0
5a77863555429949eeb29ec6,chunk_mmr_96,chunk,mmr,0.0,0.6667,1.0,1.0,0.5873,1.0,63.0,1.0,1.0
5ab3cc395542992ade7c6e9f,chunk_mmr_96,chunk,mmr,0.0,0.0,1.0,1.0,0.4828,0.5,87.0,1.0,1.0
5add016e5542992c1e3a250b,chunk_mmr_96,chunk,mmr,0.0,0.0,1.0,1.0,1.0,0.5,58.0,1.0,1.0
5a8bd9c95542997f31a41de2,chunk_mmr_96,chunk,mmr,1.0,1.0,1.0,1.0,0.5761,0.5,92.0,1.0,1.0
5a8f13d55542997ba9cb31c9,chunk_mmr_96,chunk,mmr,0.0,0.8,1.0,1.0,0.9785,0.5,93.0,1.0,1.0
5ac248fd55429951e9e68525,chunk_mmr_96,chunk,mmr,0.0,0.0,0.0,0.0,0.5185,0.5,81.0,0.5,0.0
5adbcd475542996e68525240,chunk_mmr_96,chunk,mmr,1.0,1.0,1.0,1.0,1.0,1.0,88.0,1.0,1.0
5a7c8a3b55429935c91b5204,chunk_mmr_96,chunk,mmr,0.0,0.0,0.0,0.0,1.0,0.5,73.0,1.0,1.0
5a7f40de5542992e7d278cc8,chunk_mmr_96,chunk,mmr,0.0,0.0,0.0,0.6667,0.6044,0.5,91.0,0.5,0.0
5ab2c6a955429916697740c2,chunk_mmr_96,chunk,mmr,0.0,0.0,1.0,1.0,0.3407,0.5,91.0,1.0,1.0
5ac3165c5542995ef918c10a,chunk_mmr_96,chunk,mmr,1.0,1.0,1.0,1.0,0.266,0.5,94.0,0.5,0.0
5a7577145542996c70cfaf03,chunk_mmr_96,chunk,mmr,0.0,0.0,1.0,1.0,0.4149,0.5,94.0,1.0,1.0
5a8f45385542997ba9cb320a,chunk_mmr_96,chunk,mmr,0.0,0.0,1.0,1.0,0.5638,0.5,94.0,1.0,1.0
5adea83b55429975fa854f53,chunk_mmr_96,chunk,mmr,0.0,0.0,1.0,1.0,0.1648,0.5,91.0,1.0,1.0
5ab4428c5542990594ba9bda,chunk_mmr_96,chunk,mmr,0.0,0.0,0.0,0.0,0.3953,0.5,86.0,1.0,1.0
5a90692f5542990a98493625,chunk_mmr_96,chunk,mmr,1.0,1.0,1.0,1.0,0.6778,0.5,90.0,1.0,1.0
5ae68a065542991bbc97611e,chunk_mmr_96,chunk,mmr,0.0,0.0,0.0,0.0,0.6562,0.5,96.0,0.5,0.0
5ab2929a554299449642c900,chunk_mmr_96,chunk,mmr,1.0,1.0,1.0,1.0,1.0,0.5,79.0,1.0,1.0
5adf434c5542993a75d26462,chunk_mmr_96,chunk,mmr,1.0,1.0,1.0,1.0,0.7708,0.5,96.0,1.0,1.0
5ac4ecea55429919431739fd,chunk_mmr_96,chunk,mmr,0.0,0.0,0.0,0.25,0.5529,0.5,85.0,0.5,0.0
5a85dfcc5542994775f60673,chunk_mmr_96,chunk,mmr,0.0,0.6667,0.0,0.5,0.4737,0.5,95.0,1.0,1.0
5a8085705542992bc0c4a74b,chunk_mmr_96,chunk,mmr,1.0,1.0,1.0,1.0,0.7021,0.5,94.0,1.0,1.0
5ae3992d5542994393b9e722,chunk_mmr_96,chunk,mmr,0.0,0.8,1.0,1.0,0.7059,0.5,85.0,1.0,1.0
5ae7793c554299540e5a55c2,chunk_mmr_96,chunk,mmr,0.0,0.0,0.0,0.0,0.625,0.5,96.0,1.0,1.0
5a7f46115542994857a766d9,chunk_mmr_96,chunk,mmr,0.0,0.5,1.0,1.0,1.0,1.0,95.0,1.0,1.0
5a7380b955429908901be2d4,chunk_mmr_96,chunk,mmr,0.0,0.0,1.0,1.0,0.0,0.0,96.0,1.0,1.0
5abfd3d65542994516f4550b,chunk_mmr_96,chunk,mmr,0.0,0.0,0.0,0.0,0.3929,0.5,84.0,1.0,1.0
5abf2e605542993fe9a41de4,chunk_mmr_96,chunk,mmr,1.0,1.0,0.0,0.5,1.0,1.0,89.0,1.0,1.0
5ae256435542992decbdccc3,chunk_mmr_96,chunk,mmr,0.0,0.0,0.0,0.0,0.3846,0.5,91.0,1.0,1.0
5ab819065542995dae37ea3c,chunk_mmr_96,chunk,mmr,0.0,0.0,1.0,1.0,0.7654,0.5,81.0,1.0,1.0
5adfb10855429942ec259af9,chunk_mmr_96,chunk,mmr,1.0,1.0,1.0,1.0,0.4894,1.0,94.0,1.0,1.0
5ae0a54e5542993d6555ebdd,chunk_mmr_96,chunk,mmr,1.0,1.0,1.0,1.0,0.8989,0.5,89.0,1.0,1.0
5ab327bc554299233954ff33,chunk_mmr_96,chunk,mmr,0.0,0.0,0.0,0.6667,0.4494,0.5,89.0,1.0,1.0
5a7c703055429935c91b51aa,chunk_mmr_96,chunk,mmr,0.0,0.8571,1.0,1.0,1.0,1.0,60.0,1.0,1.0
5abe19895542991f661060c2,chunk_mmr_96,chunk,mmr,0.0,0.0,1.0,1.0,0.5517,0.5,87.0,1.0,1.0
5ac26d4d55429951e9e685b7,chunk_mmr_96,chunk,mmr,0.0,0.0,0.0,0.3333,0.8046,0.5,87.0,1.0,1.0
5add95035542990dbb2f7e77,chunk_mmr_96,chunk,mmr,0.0,0.0,0.0,0.5,0.2558,0.5,86.0,1.0,1.0
5adc46665542994650320cc8,chunk_mmr_96,chunk,mmr,0.0,0.0,0.0,0.0,0.0,0.0,84.0,0.0,0.0
5ac259125542992f1f2b3867,chunk_mmr_96,chunk,mmr,0.0,0.0,0.0,0.25,0.0,0.0,80.0,1.0,1.0
5a81624d5542995ce29dcbf1,chunk_mmr_96,chunk,mmr,0.0,0.0,1.0,1.0,0.3714,0.5,70.0,1.0,1.0
5a7933b255429907847277eb,chunk_mmr_96,chunk,mmr,1.0,1.0,1.0,1.0,1.0,1.0,90.0,1.0,1.0
5a7754d85542993735360234,chunk_mmr_96,chunk,mmr,0.0,0.0,0.0,0.6667,0.6522,0.5,92.0,1.0,1.0
5a80c01855429938b61421b8,chunk_mmr_96,chunk,mmr,0.0,0.5,0.0,0.5,1.0,0.5,83.0,1.0,1.0
5ab2b61d5542991669774065,chunk_mmr_96,chunk,mmr,0.0,0.0,0.0,0.0,0.5059,0.5,85.0,1.0,1.0
5ae8167b55429952e35eaa06,chunk_mmr_96,chunk,mmr,0.0,0.0,0.0,0.6667,0.0,0.0,80.0,1.0,1.0
5a7bacf35542997c3ec9724b,chunk_mmr_96,chunk,mmr,0.0,0.5714,0.0,0.6,0.172,0.5,93.0,1.0,1.0
5ac2610455429951e9e68592,chunk_mmr_96,chunk,mmr,0.0,0.5,1.0,1.0,0.6484,1.0,91.0,1.0,1.0
5a7c827e55429907fabeefa7,chunk_mmr_96,chunk,mmr,0.0,0.0,0.0,0.0,0.0,0.0,96.0,0.5,0.0
5a81711455429938b614233e,chunk_mmr_96,chunk,mmr,0.0,0.0,0.0,0.0,0.4062,0.5,96.0,1.0,1.0
5adfd0d655429942ec259b4e,chunk_mmr_96,chunk,mmr,0.0,0.0,1.0,1.0,1.0,1.0,95.0,1.0,1.0
5adc85b855429944faac24e9,chunk_mmr_96,chunk,mmr,0.0,0.4,0.0,0.5,1.0,0.5,80.0,1.0,1.0
5abfde655542997719eab6f2,chunk_mmr_96,chunk,mmr,0.0,0.0,1.0,1.0,0.6771,0.5,96.0,1.0,1.0
5a72953b5542994cef4bc357,chunk_mmr_96,chunk,mmr,0.0,0.0,0.0,0.0,0.0,0.0,89.0,1.0,1.0
5ab989f755429970cfb8eb38,chunk_mmr_96,chunk,mmr,0.0,0.0,1.0,1.0,0.2444,0.5,90.0,0.5,0.0
5ae2133e554299495565d9e3,chunk_mmr_96,chunk,mmr,0.0,0.0,0.0,0.0,0.6875,0.5,96.0,1.0,1.0
5a82d71555429966c78a6a94,chunk_mmr_96,chunk,mmr,0.0,0.0,0.0,0.0,0.6962,0.5,79.0,1.0,1.0
5ae1c3cd554299492dc91b87,chunk_mmr_96,chunk,mmr,0.0,0.4,0.0,0.5,0.6809,0.5,94.0,1.0,1.0
5ac2583b55429951e9e68565,chunk_mmr_96,chunk,mmr,1.0,1.0,1.0,1.0,0.5455,1.0,88.0,1.0,1.0
5a82a55955429966c78a6a70,chunk_mmr_96,chunk,mmr,0.0,0.0,0.0,0.2,0.0,0.0,94.0,0.0,0.0
5ae5dae2554299546bf82fa4,chunk_mmr_96,chunk,mmr,1.0,1.0,1.0,1.0,1.0,0.5,69.0,1.0,1.0
5ac195455542991316484b40,chunk_mmr_96,chunk,mmr,0.0,0.0,0.0,0.0,0.0,0.0,91.0,0.5,0.0
5ae785685542994a481bbd47,chunk_mmr_96,chunk,mmr,1.0,1.0,1.0,1.0,1.0,1.0,85.0,1.0,1.0
5ae5429355429908b63265c5,chunk_mmr_96,chunk,mmr,0.0,0.0,0.0,0.0,0.4878,0.5,82.0,1.0,1.0
5a8ba60b554299240d9c205b,chunk_mmr_96,chunk,mmr,1.0,1.0,1.0,1.0,1.0,1.0,92.0,1.0,1.0
5a82f05255429966c78a6aa2,chunk_mmr_96,chunk,mmr,0.0,0.5,1.0,1.0,0.0,0.0,93.0,1.0,1.0
5abfea825542994516f45527,chunk_mmr_96,chunk,mmr,0.0,0.0,0.0,0.0,0.0,0.0,85.0,0.0,0.0
5aba6f3e55429955dce3ee21,chunk_mmr_96,chunk,mmr,0.0,0.0,0.0,0.0,0.6744,0.5,86.0,1.0,1.0
5ae113de55429901ffe4ad51,chunk_mmr_96,chunk,mmr,0.0,0.0,0.0,0.0,0.241,0.5,83.0,1.0,1.0
5adce4f65542992c1e3a2474,chunk_mmr_96,chunk,mmr,0.0,0.0,1.0,1.0,1.0,0.5,77.0,1.0,1.0
5ab27587554299449642c8af,chunk_mmr_96,chunk,mmr,1.0,1.0,1.0,1.0,1.0,0.5,67.0,1.0,1.0
5a7323ad5542994cef4bc476,chunk_mmr_96,chunk,mmr,0.0,0.0,1.0,1.0,1.0,1.0,96.0,1.0,1.0
5abc17555542993a06baf858,chunk_mmr_96,chunk,mmr,0.0,0.0,0.0,0.0,0.0,0.0,93.0,0.5,0.0
5ab9fe1255429939ce03dc40,chunk_mmr_96,chunk,mmr,0.0,0.0,0.0,0.25,0.3871,0.5,93.0,1.0,1.0
5a8b6ac055429949d91db5a5,chunk_mmr_96,chunk,mmr,0.0,0.8,0.0,1.0,1.0,0.5,84.0,1.0,1.0
5a87136e5542991e771816b2,chunk_mmr_96,chunk,mmr,0.0,0.0,0.0,0.0,0.6429,0.5,84.0,1.0,1.0
5abff0625542997ec76fd476,chunk_mmr_96,chunk,mmr,0.0,0.6667,1.0,1.0,0.3263,0.5,95.0,0.5,0.0
5a7526945542993748c897d2,chunk_mmr_96,chunk,mmr,0.0,0.0,0.0,0.0,0.5495,0.5,91.0,0.5,0.0
5abc8620554299700f9d78e2,chunk_mmr_96,chunk,mmr,0.0,0.0,1.0,1.0,0.4348,0.5,92.0,1.0,1.0
5a72a3c45542994cef4bc3ac,chunk_mmr_96,chunk,mmr,0.0,0.0,0.0,0.0,1.0,0.5,74.0,0.5,0.0
5ac170af5542994d76dcce20,chunk_mmr_96,chunk,mmr,0.0,0.6667,1.0,1.0,0.6582,0.5,79.0,1.0,1.0
5ae5f3bb5542996de7b71a7e,chunk_mmr_96,chunk,mmr,0.0,0.0,1.0,1.0,0.4937,0.5,79.0,0.5,0.0
5a7f7ca25542994857a76747,chunk_mmr_96,chunk,mmr,0.0,0.0,1.0,1.0,1.0,1.0,85.0,1.0,1.0
5adca8375542990d50227cd4,chunk_mmr_96,chunk,mmr,0.0,0.0,0.0,0.0,0.0,0.0,92.0,0.5,0.0
5ac3e1075542995c82c4ac78,chunk_mmr_96,chunk,mmr,1.0,1.0,1.0,1.0,0.6771,0.5,96.0,1.0,1.0
5a7db0915542990b8f503a30,chunk_mmr_96,chunk,mmr,0.0,0.0,1.0,1.0,0.6452,1.0,93.0,1.0,1.0
5a81e04455429903bc27b9f9,chunk_mmr_96,chunk,mmr,0.0,0.0,0.0,0.125,0.0,0.0,95.0,0.5,0.0
5a8a573355429970aeb7029a,chunk_mmr_96,chunk,mmr,0.0,0.0,0.0,0.6,1.0,1.0,94.0,1.0,1.0
5a75e60e55429976ec32bc88,chunk_mmr_96,chunk,mmr,0.0,0.0,0.0,0.0,0.0,0.0,93.0,0.5,0.0
5abce73055429959677d6b34,chunk_mmr_96,chunk,mmr,0.0,0.0,1.0,1.0,0.4471,0.5,85.0,1.0,1.0
5a87572d5542994846c1cd6b,chunk_mmr_96,chunk,mmr,0.0,0.0,0.0,0.5,0.4719,0.5,89.0,0.5,0.0
5a89761d5542995153361310,chunk_mmr_96,chunk,mmr,1.0,1.0,0.0,0.0,0.5977,0.5,87.0,1.0,1.0
5a8d5f16554299585d9e37c5,chunk_mmr_96,chunk,mmr,1.0,1.0,1.0,1.0,0.6667,0.5,84.0,1.0,1.0
5ae7cea355429952e35ea9c1,chunk_mmr_96,chunk,mmr,0.0,0.0,1.0,1.0,0.3,0.5,80.0,0.5,0.0
5ab600fb554299488d4d9a82,chunk_mmr_96,chunk,mmr,0.0,0.0,1.0,1.0,0.6508,0.5,63.0,0.5,0.0
5a7f7c285542994857a76746,chunk_mmr_96,chunk,mmr,0.0,0.0,1.0,1.0,0.8352,0.5,91.0,1.0,1.0
5ade61fd554299728e26c704,chunk_mmr_96,chunk,mmr,0.0,0.0,0.0,0.0,0.3182,0.5,66.0,1.0,1.0
5a73630655429901807db020,chunk_mmr_96,chunk,mmr,0.0,0.0,1.0,1.0,0.5316,0.5,79.0,1.0,1.0
5ab916e155429919ba4e23a4,chunk_mmr_96,chunk,mmr,1.0,1.0,1.0,1.0,1.0,0.5,71.0,1.0,1.0
5ae0af5555429945ae95941e,chunk_mmr_96,chunk,mmr,1.0,1.0,1.0,1.0,0.6667,0.5,87.0,1.0,1.0
5a865bbf5542991e77181615,chunk_mmr_96,chunk,mmr,0.0,0.0,0.0,0.0,0.0,0.0,77.0,1.0,1.0
5a8fa20555429918e830d298,chunk_mmr_96,chunk,mmr,0.0,0.0,0.0,0.0,0.141,0.5,78.0,1.0,1.0
5ab97cd0554299753720f81a,chunk_mmr_96,chunk,mmr,0.0,0.0,0.0,0.0,0.2667,0.5,90.0,1.0,1.0
5ae7ed9555429952e35ea9e6,chunk_mmr_96,chunk,mmr,1.0,1.0,1.0,1.0,1.0,1.0,89.0,1.0,1.0
5aded1595542995ec70e8f29,chunk_mmr_96,chunk,mmr,0.0,0.0,0.0,0.0,1.0,0.5,75.0,1.0,1.0
5adc3aff5542996e685252eb,chunk_mmr_96,chunk,mmr,0.0,0.6667,0.0,0.5,0.6105,0.5,95.0,0.5,0.0
5ae2ee5e5542991a06ce990a,chunk_mmr_96,chunk,mmr,0.0,0.6667,1.0,1.0,0.617,0.5,94.0,1.0,1.0
5a8e42d15542995a26add4a6,chunk_mmr_96,chunk,mmr,0.0,0.0,1.0,1.0,0.5444,0.5,90.0,1.0,1.0
5a7a33a35542994f819ef14c,chunk_mmr_96,chunk,mmr,0.0,0.0,1.0,1.0,0.172,0.5,93.0,1.0,1.0
5ae69fa755429908198fa66c,chunk_mmr_96,chunk,mmr,0.0,0.0,1.0,1.0,1.0,0.5,71.0,0.5,0.0
5a7e279d5542995ed0d166b5,chunk_mmr_96,chunk,mmr,0.0,0.0,0.0,0.0,0.3333,0.5,93.0,0.5,0.0
5a79c6a55542994bb9457091,chunk_mmr_96,chunk,mmr,0.0,0.0,1.0,1.0,0.5579,0.5,95.0,1.0,1.0
5a739d8c55429905862fe073,chunk_mmr_96,chunk,mmr,0.0,0.0,0.0,0.0,0.0,0.0,89.0,0.5,0.0
5a7fc21455429969796c1b4b,chunk_mmr_96,chunk,mmr,1.0,1.0,1.0,1.0,0.4105,0.5,95.0,1.0,1.0
5ae1da385542997283cd2297,chunk_mmr_96,chunk,mmr,0.0,0.0,1.0,1.0,1.0,1.0,92.0,1.0,1.0
5ab5f249554299488d4d9a5d,chunk_mmr_96,chunk,mmr,0.0,0.0,1.0,1.0,0.4478,0.5,67.0,1.0,1.0
5ab9180b5542991b5579f0f3,chunk_mmr_96,chunk,mmr,1.0,1.0,1.0,1.0,0.3854,0.5,96.0,1.0,1.0
5ae0f8a05542997b2ef7d0bc,chunk_mmr_96,chunk,mmr,0.0,0.0,0.0,0.0,0.7363,0.5,91.0,1.0,1.0
5a7c8e7955429935c91b521a,chunk_mmr_96,chunk,mmr,0.0,0.5714,0.0,0.4,0.4889,0.5,90.0,1.0,1.0
5ae5d008554299546bf82f7d,chunk_mmr_96,chunk,mmr,1.0,1.0,1.0,1.0,0.5957,0.5,94.0,1.0,1.0
5abbaed855429931dba144aa,chunk_mmr_96,chunk,mmr,0.0,0.0,1.0,1.0,0.1889,0.5,90.0,1.0,1.0
5ae1316555429901ffe4adda,chunk_mmr_96,chunk,mmr,0.0,0.0,0.0,0.0,0.0,0.0,80.0,1.0,1.0
5a74512b55429974ef308bd5,chunk_mmr_96,chunk,mmr,0.0,0.0,0.0,0.0,0.7391,0.5,92.0,0.5,0.0
5a80aeff5542996402f6a5eb,chunk_mmr_96,chunk,mmr,0.0,0.0,0.0,0.0,0.6067,0.5,89.0,1.0,1.0
5a88a4e65542997e5c09a671,chunk_mmr_96,chunk,mmr,0.0,0.6667,1.0,1.0,0.8353,1.0,85.0,1.0,1.0
5ae2eda355429928c4239570,chunk_mmr_96,chunk,mmr,1.0,1.0,1.0,1.0,0.809,1.0,89.0,1.0,1.0
5a836a2d554299334474600f,chunk_mmr_96,chunk,mmr,0.0,0.0,0.0,0.0,0.3011,0.5,93.0,1.0,1.0
5a78d01d55429974737f78b3,chunk_mmr_96,chunk,mmr,1.0,1.0,1.0,1.0,1.0,1.0,95.0,1.0,1.0
5ae46c9d5542996836b02c9d,chunk_mmr_96,chunk,mmr,1.0,1.0,1.0,1.0,0.0,0.0,95.0,1.0,1.0
5a80e03e55429938b614222c,chunk_mmr_96,chunk,mmr,0.0,0.0,0.0,0.0,0.0,0.0,96.0,1.0,1.0
5a7270395542992359bc30a8,chunk_mmr_96,chunk,mmr,0.0,0.0,0.0,0.5,0.0,0.0,94.0,0.5,0.0
5ab8261655429934fafe6cf1,chunk_mmr_96,chunk,mmr,0.0,0.0,0.0,0.0,0.3404,0.5,94.0,0.5,0.0
5abc41315542993a06baf8bb,chunk_mmr_96,chunk,mmr,0.0,0.0,0.0,0.0,0.5476,0.5,84.0,1.0,1.0
5abd455c55429924427fcf5a,chunk_mmr_96,chunk,mmr,0.0,0.0,0.0,0.0,0.0,0.0,71.0,1.0,1.0
5ab97d0a5542996be202051e,chunk_mmr_96,chunk,mmr,1.0,1.0,1.0,1.0,1.0,1.0,79.0,1.0,1.0
5a7a96555542990198eaf159,chunk_mmr_96,chunk,mmr,0.0,0.6667,0.0,0.0,0.8511,0.5,94.0,1.0,1.0
5a8c7057554299653c1aa066,chunk_mmr_96,chunk,mmr,0.0,0.6667,1.0,1.0,1.0,1.0,96.0,1.0,1.0
5a7663665542992d0ec060d3,chunk_mmr_96,chunk,mmr,1.0,1.0,1.0,1.0,1.0,1.0,93.0,1.0,1.0
5abd920e55429924427fd05d,chunk_mmr_96,chunk,mmr,0.0,0.0,0.0,0.0,0.382,1.0,89.0,1.0,1.0
5ae47ae05542995ad6573d4f,chunk_mmr_96,chunk,mmr,1.0,1.0,1.0,1.0,0.3053,0.5,95.0,1.0,1.0
5ae25ed15542992decbdccd2,chunk_mmr_96,chunk,mmr,0.0,0.0,0.0,0.0,0.5426,1.0,94.0,1.0,1.0
5a8b7e9c5542995d1e6f13c1,chunk_mmr_96,chunk,mmr,0.0,0.0,0.0,0.0,0.6087,0.5,92.0,1.0,1.0
5a7265a95542992359bc307a,chunk_mmr_96,chunk,mmr,0.0,0.0,0.0,0.5,1.0,0.5,88.0,1.0,1.0
5add889b5542997545bbbd68,chunk_mmr_96,chunk,mmr,1.0,1.0,1.0,1.0,0.5109,0.5,92.0,0.5,0.0
5abed7d75542990832d3a0f7,chunk_mmr_96,chunk,mmr,0.0,0.6667,1.0,1.0,0.7907,0.5,86.0,0.5,0.0
5ab8c3c65542991b5579effd,chunk_mmr_96,chunk,mmr,1.0,1.0,1.0,1.0,0.6512,1.0,86.0,1.0,1.0
5ae6179b5542992663a4f25b,chunk_mmr_96,chunk,mmr,0.0,0.0,1.0,1.0,1.0,1.0,94.0,1.0,1.0
5a80838d5542992bc0c4a745,chunk_mmr_96,chunk,mmr,0.0,0.0,1.0,1.0,0.2576,0.5,66.0,1.0,1.0
5a7cd7f055429909bec7683e,chunk_mmr_96,chunk,mmr,1.0,1.0,1.0,1.0,0.0,0.0,94.0,1.0,1.0
5ac3a10b5542995ef918c1c3,chunk_mmr_96,chunk,mmr,1.0,1.0,1.0,1.0,1.0,0.5,90.0,1.0,1.0
5ab8764155429919ba4e22fe,chunk_mmr_96,chunk,mmr,0.0,0.0,1.0,1.0,1.0,0.5,73.0,1.0,1.0
5a7cf4e355429907fabef062,chunk_mmr_96,chunk,mmr,1.0,1.0,1.0,1.0,0.4681,0.5,94.0,1.0,1.0
5a8f06075542995b44241f2d,chunk_mmr_96,chunk,mmr,0.0,0.0,0.0,0.5,0.3846,0.5,78.0,1.0,1.0
5ac09da45542996f0d89cc1d,chunk_mmr_96,chunk,mmr,1.0,1.0,1.0,1.0,0.1354,0.5,96.0,1.0,1.0
5a8a4b9955429930ff3c0d88,chunk_mmr_96,chunk,mmr,0.0,0.0,0.0,0.0,1.0,0.5,94.0,0.5,0.0
5a8b7d925542995d1e6f13bd,chunk_mmr_96,chunk,mmr,0.0,0.0,1.0,1.0,0.8,0.5,90.0,1.0,1.0
5a8a09ff5542992d82986e6b,chunk_mmr_96,chunk,mmr,0.0,0.0,0.0,0.0,0.0,0.0,91.0,0.5,0.0
5ab2d65e554299545a2cfabe,chunk_mmr_96,chunk,mmr,0.0,0.0,0.0,0.0,0.0,0.0,85.0,0.5,0.0
5a711cb45542994082a3e59f,chunk_mmr_96,chunk,mmr,1.0,1.0,1.0,1.0,0.6742,0.5,89.0,1.0,1.0
5a746ddc55429929fddd8423,chunk_mmr_96,chunk,mmr,0.0,0.0,0.0,0.5,0.5269,0.5,93.0,0.5,0.0
5ae4b55455429913cc2044db,chunk_mmr_96,chunk,mmr,0.0,0.0,0.0,0.5,1.0,0.5,82.0,1.0,1.0
5ab6087a554299110f2199be,chunk_mmr_96,chunk,mmr,0.0,0.0,0.0,0.0,0.9368,1.0,95.0,1.0,1.0
5adfc06d55429906c02daa2a,chunk_mmr_96,chunk,mmr,0.0,0.0,1.0,1.0,0.413,0.5,92.0,1.0,1.0
5adf51e05542995534e8c78a,chunk_mmr_96,chunk,mmr,0.0,0.4,0.0,0.3333,0.381,0.5,84.0,1.0,1.0
5ab4482b55429942dd415f09,chunk_mmr_96,chunk,mmr,0.0,0.75,0.0,0.6,0.3295,0.5,88.0,1.0,1.0
5abfa0285542990832d3a171,chunk_mmr_96,chunk,mmr,1.0,1.0,0.0,0.0,0.809,0.5,89.0,1.0,1.0
5a8b1a925542997f31a41c6e,chunk_mmr_96,chunk,mmr,0.0,0.0,0.0,0.0,0.4348,0.5,92.0,1.0,1.0
5a7fc03d5542992097ad2fbc,chunk_mmr_96,chunk,mmr,0.0,0.0,1.0,1.0,0.0,0.0,95.0,1.0,1.0
5ae5ead6554299546bf82fd0,chunk_mmr_96,chunk,mmr,1.0,1.0,1.0,1.0,0.6979,0.5,96.0,1.0,1.0
5ae6371155429929b0807af1,chunk_mmr_96,chunk,mmr,1.0,1.0,1.0,1.0,1.0,0.5,80.0,1.0,1.0
5a80f4c2554299260e20a1da,chunk_mmr_96,chunk,mmr,0.0,0.0,0.0,0.0,0.0,0.0,71.0,1.0,1.0
5ac38bf355429939154137ba,chunk_mmr_96,chunk,mmr,0.0,0.0,0.0,0.5,0.7531,0.5,81.0,1.0,1.0
5ae26c795542992decbdccfb,chunk_mmr_96,chunk,mmr,0.0,0.0,0.0,0.0,0.0,0.0,69.0,0.5,0.0
5ae51fa25542992663a4f11f,chunk_mmr_96,chunk,mmr,0.0,0.0,0.0,0.125,0.0,0.0,83.0,1.0,1.0
5ae13bf1554299422ee99634,chunk_mmr_96,chunk,mmr,0.0,0.0,0.0,0.5,1.0,0.5,87.0,1.0,1.0
5a79e7b45542994f819ef0ff,chunk_mmr_96,chunk,mmr,0.0,0.0,0.0,0.0,0.6977,0.5,86.0,0.5,0.0
5a8ee7c95542990e94052bb1,chunk_mmr_96,chunk,mmr,0.0,0.0,0.0,0.0,0.2584,0.5,89.0,1.0,1.0
5a8bc0485542995d1e6f143d,chunk_mmr_96,chunk,mmr,0.0,0.0,0.0,0.0,0.1481,0.5,81.0,1.0,1.0
5adf3c155542993a75d2643a,chunk_mmr_96,chunk,mmr,0.0,0.0,0.0,0.0,0.0,0.0,91.0,0.5,0.0
5ab84bab55429934fafe6d49,chunk_mmr_96,chunk,mmr,0.0,0.0,0.0,0.0,1.0,1.0,83.0,1.0,1.0
5abb4b4a5542993f40c73aea,chunk_mmr_96,chunk,mmr,1.0,1.0,1.0,1.0,0.6364,0.5,88.0,1.0,1.0
5ae4885e55429970de88d99d,chunk_mmr_96,chunk,mmr,0.0,0.0,0.0,0.3333,0.0,0.0,96.0,1.0,1.0
5adf53dc5542995534e8c791,chunk_mmr_96,chunk,mmr,1.0,1.0,1.0,1.0,0.6196,0.5,92.0,1.0,1.0
5a7a70b355429941d65f2647,chunk_mmr_96,chunk,mmr,1.0,1.0,1.0,1.0,1.0,1.0,82.0,1.0,1.0
5a8911ad554299515336129c,chunk_mmr_96,chunk,mmr,0.0,0.8,1.0,1.0,1.0,1.0,89.0,1.0,1.0
5ae6911955429908198fa626,chunk_mmr_96,chunk,mmr,0.0,0.0,0.0,0.3333,0.4556,0.5,90.0,1.0,1.0
5a843de75542992ef85e23b4,chunk_mmr_96,chunk,mmr,0.0,0.0,0.0,0.0,0.0,0.0,81.0,0.5,0.0
5a7d22dc5542995ed0d16600,chunk_mmr_96,chunk,mmr,0.0,0.0,0.0,0.0,0.0652,0.5,92.0,1.0,1.0
5a8a1a9c5542992d82986ebb,chunk_mmr_96,chunk,mmr,0.0,0.0,0.0,0.0,0.0,0.0,90.0,1.0,1.0
5a8f7c9a55429918e830d239,chunk_mmr_96,chunk,mmr,0.0,0.0,0.0,0.0,0.4725,0.5,91.0,1.0,1.0
5ab92f1f554299753720f77b,chunk_mmr_96,chunk,mmr,0.0,0.6667,1.0,1.0,0.4872,0.5,78.0,1.0,1.0
5a761e855542994ccc9186e0,chunk_mmr_96,chunk,mmr,0.0,0.0,0.0,0.0,0.2143,0.5,84.0,1.0,1.0
5a7a01b15542996c55b2dcd1,chunk_mmr_96,chunk,mmr,0.0,0.0,0.0,0.6667,0.5521,0.5,96.0,1.0,1.0
5a733b835542991f9a20c6b2,chunk_mmr_96,chunk,mmr,1.0,1.0,1.0,1.0,0.4889,0.5,90.0,0.5,0.0
5ae04ea555429924de1b709e,chunk_mmr_96,chunk,mmr,0.0,0.0,0.0,0.0,0.0,0.0,82.0,0.5,0.0
5abd2eab5542992ac4f38210,chunk_mmr_96,chunk,mmr,0.0,0.0,0.0,0.0,0.0,0.0,82.0,1.0,1.0
5a81e097554299676cceb129,chunk_mmr_96,chunk,mmr,0.0,0.8571,1.0,1.0,1.0,1.0,83.0,1.0,1.0
5ab6faec5542991d32223708,chunk_mmr_96,chunk,mmr,0.0,0.0,0.0,0.4286,0.0,0.0,82.0,1.0,1.0
5a753c8c55429916b01642ab,chunk_mmr_96,chunk,mmr,0.0,0.0,1.0,1.0,1.0,0.5,95.0,1.0,1.0
5ae22ede554299234fd0441b,chunk_mmr_96,chunk,mmr,0.0,0.0,0.0,0.0,0.2593,0.5,81.0,0.5,0.0
5a8b40b055429949d91db50c,chunk_mmr_96,chunk,mmr,0.0,0.0,1.0,1.0,0.8901,0.5,91.0,1.0,1.0
5ade8ad95542992fa25da7b8,chunk_mmr_96,chunk,mmr,0.0,0.0,1.0,1.0,0.3095,0.5,84.0,1.0,1.0
5a7b971255429927d897bff3,chunk_mmr_96,chunk,mmr,0.0,0.0,0.0,0.0,0.3333,0.5,93.0,1.0,1.0
5ae2c4b8554299495565db31,chunk_mmr_96,chunk,mmr,0.0,0.0,0.0,0.0,0.8723,0.5,94.0,0.5,0.0
5ac508205542994611c8b32e,chunk_mmr_96,chunk,mmr,0.0,0.0,1.0,1.0,0.0,0.0,85.0,1.0,1.0
5a74c85055429916b0164218,chunk_mmr_96,chunk,mmr,0.0,0.8,1.0,1.0,0.1895,0.5,95.0,1.0,1.0
5a75642c5542996c70cfaeed,chunk_mmr_96,chunk,mmr,0.0,0.0,0.0,0.0,0.0,0.0,93.0,0.5,0.0
5ae6dd745542996d980e7ca0,chunk_mmr_96,chunk,mmr,0.0,0.0,0.0,0.0,0.0,0.0,81.0,0.5,0.0
5a74d64055429916b0164223,chunk_mmr_96,chunk,mmr,1.0,1.0,1.0,1.0,0.4255,0.5,94.0,0.5,0.0
5a7a616355429941d65f25f7,chunk_mmr_96,chunk,mmr,0.0,0.6667,1.0,1.0,1.0,1.0,94.0,1.0,1.0
5aba9813554299232ef4a357,chunk_mmr_96,chunk,mmr,0.0,0.0,1.0,1.0,1.0,0.5,90.0,1.0,1.0
5ae5669755429960a22e02ec,chunk_mmr_96,chunk,mmr,0.0,0.0,0.0,0.6,0.4375,0.5,96.0,1.0,1.0
5a79e1275542990198eaefe7,chunk_mmr_96,chunk,mmr,0.0,0.8,0.0,0.0,0.5581,0.5,86.0,0.5,0.0
5a9064c755429916514e74a6,chunk_mmr_96,chunk,mmr,1.0,1.0,1.0,1.0,0.617,1.0,94.0,1.0,1.0
5a872e8e5542991e7718170c,chunk_mmr_96,chunk,mmr,0.0,0.0,0.0,0.0,0.3021,0.5,96.0,1.0,1.0
5ae6453e55429908198fa56c,chunk_mmr_96,chunk,mmr,0.0,0.0,0.0,0.0,0.4432,0.5,88.0,1.0,1.0
5a90970d5542995651fb51a5,chunk_mmr_96,chunk,mmr,0.0,0.0,0.0,0.0,0.4889,0.5,90.0,0.5,0.0
5ae15ae25542990adbacf767,chunk_mmr_96,chunk,mmr,0.0,0.0,0.0,0.0,0.5532,0.5,94.0,1.0,1.0
5a7e08b55542997cc2c474fe,chunk_mmr_96,chunk,mmr,0.0,0.0,1.0,1.0,1.0,0.5,80.0,1.0,1.0
5ab30336554299166977417c,chunk_mmr_96,chunk,mmr,1.0,1.0,1.0,1.0,0.6667,0.5,84.0,0.5,0.0
5a83b4d35542996488c2e495,chunk_mmr_96,chunk,mmr,0.0,0.3333,0.0,0.3333,0.0,0.0,84.0,1.0,1.0
5ab416a25542996a3a969f28,chunk_mmr_96,chunk,mmr,0.0,0.0,1.0,1.0,0.5368,0.5,95.0,1.0,1.0
5a7147fd5542994082a3e758,chunk_mmr_96,chunk,mmr,0.0,0.0,0.0,0.0,0.3152,0.5,92.0,1.0,1.0
5ae0413555429942ec259c61,chunk_mmr_96,chunk,mmr,1.0,1.0,1.0,1.0,1.0,0.5,86.0,1.0,1.0
5ae47cab5542996836b02cb9,chunk_mmr_96,chunk,mmr,0.0,0.0,0.0,0.0,0.2211,0.5,95.0,0.5,0.0
5abdbf3755429933744ab818,chunk_mmr_96,chunk,mmr,0.0,0.0,0.0,0.0,1.0,1.0,94.0,1.0,1.0
5ae0968955429924de1b7105,chunk_mmr_96,chunk,mmr,0.0,0.0,1.0,1.0,0.5625,1.0,96.0,1.0,1.0
5ab48f245542990594ba9c66,chunk_mmr_96,chunk,mmr,0.0,0.0,0.0,0.0,0.6211,0.5,95.0,1.0,1.0
5ae5faf555429929b0807a4c,chunk_mmr_96,chunk,mmr,0.0,0.0,1.0,1.0,0.6703,1.0,91.0,1.0,1.0
5a7c53a855429935c91b515d,chunk_mmr_96,chunk,mmr,1.0,1.0,1.0,1.0,1.0,0.5,90.0,0.5,0.0
5ae51b495542993aec5ec146,chunk_mmr_96,chunk,mmr,1.0,1.0,1.0,1.0,0.8242,0.5,91.0,1.0,1.0
5ade8f5955429975fa854f10,chunk_mmr_96,chunk,mmr,0.0,0.0,0.0,0.0,0.5341,0.5,88.0,1.0,1.0
5ab64cfa55429953192ad2b7,chunk_mmr_96,chunk,mmr,0.0,0.0,1.0,1.0,0.2473,0.5,93.0,1.0,1.0
5a8fae205542997ba9cb32ec,chunk_mmr_96,chunk,mmr,0.0,0.0,0.0,0.0,0.4304,0.5,79.0,0.5,0.0
5abb7d8b5542996cc5e4a006,chunk_mmr_96,chunk,mmr,0.0,0.0,0.0,0.0,0.8333,0.5,96.0,1.0,1.0
5add47bf5542992200553a7f,chunk_mmr_96,chunk,mmr,0.0,0.0,0.0,0.0,0.8404,1.0,94.0,1.0,1.0
5a7128b05542994082a3e5f2,chunk_mmr_96,chunk,mmr,1.0,1.0,1.0,1.0,1.0,1.0,89.0,1.0,1.0
5ade04465542990dbb2f7f2f,chunk_mmr_96,chunk,mmr,1.0,1.0,1.0,1.0,1.0,1.0,89.0,1.0,1.0
5ab431d855429942dd415ed2,chunk_mmr_96,chunk,mmr,0.0,0.0,0.0,0.0,0.0,0.0,88.0,0.5,0.0
5a8c6342554299240d9c214a,chunk_mmr_96,chunk,mmr,0.0,0.0,0.0,0.0,0.4516,0.5,93.0,1.0,1.0
5adc75525542994650320d0e,chunk_mmr_96,chunk,mmr,1.0,1.0,0.0,1.0,1.0,1.0,85.0,1.0,1.0
5a85d25b5542996432c570ee,chunk_mmr_96,chunk,mmr,0.0,0.6667,0.0,0.5,0.2234,0.5,94.0,1.0,1.0
5a7183575542994082a3e85e,chunk_mmr_96,chunk,mmr,0.0,0.0,0.0,0.0,0.4674,0.5,92.0,1.0,1.0
5adebea1554299728e26c7b6,chunk_mmr_96,chunk,mmr,0.0,0.0,0.0,0.0,0.4725,0.5,91.0,0.5,0.0
5a80a25d5542995d8a8ddfb7,chunk_mmr_96,chunk,mmr,0.0,0.0,0.0,0.0,0.0,0.0,87.0,0.5,0.0
5a778b1e55429949eeb29ee3,chunk_mmr_96,chunk,mmr,0.0,0.0,1.0,1.0,0.2747,0.5,91.0,1.0,1.0
5ae6860e5542991bbc976112,chunk_mmr_96,chunk,mmr,0.0,0.0,0.0,0.1667,0.3958,0.5,96.0,1.0,1.0
5a7e058f5542995f4f402390,chunk_mmr_96,chunk,mmr,1.0,1.0,1.0,1.0,0.6882,0.5,93.0,1.0,1.0
5ab2a8b655429929539467ab,chunk_mmr_96,chunk,mmr,1.0,1.0,1.0,1.0,0.3723,0.5,94.0,1.0,1.0
5a8e06785542995085b37383,chunk_mmr_96,chunk,mmr,0.0,0.0,0.0,0.0,0.5312,0.5,96.0,1.0,1.0
5a7eb22655429930675135cb,chunk_mmr_96,chunk,mmr,0.0,0.0,1.0,1.0,0.4375,0.5,96.0,0.5,0.0
5ab298fb554299449642c922,chunk_mmr_96,chunk,mmr,1.0,1.0,1.0,1.0,1.0,1.0,92.0,1.0,1.0
5ab27287554299722f9b4d2c,chunk_mmr_96,chunk,mmr,0.0,0.3333,1.0,1.0,1.0,1.0,87.0,1.0,1.0
5ae0f2bf5542997b2ef7d09e,chunk_mmr_96,chunk,mmr,0.0,0.0,1.0,1.0,0.6196,0.5,92.0,1.0,1.0
5a838fcd5542992ef85e2305,chunk_mmr_96,chunk,mmr,0.0,0.8,0.0,0.6667,0.4946,0.5,93.0,0.5,0.0
5a79caec5542994bb94570ad,chunk_mmr_96,chunk,mmr,0.0,0.0,1.0,1.0,0.3021,0.5,96.0,1.0,1.0
5a73266d5542994cef4bc47d,chunk_mmr_96,chunk,mmr,1.0,1.0,1.0,1.0,1.0,0.5,90.0,1.0,1.0
5a8de02b554299068b959e13,chunk_mmr_96,chunk,mmr,0.0,0.0,1.0,1.0,1.0,1.0,93.0,1.0,1.0
5a89ba6b554299669944a584,chunk_mmr_96,chunk,mmr,1.0,1.0,1.0,1.0,1.0,0.5,82.0,1.0,1.0
5ae4ea2a5542993aec5ec0ee,chunk_mmr_96,chunk,mmr,0.0,0.75,1.0,1.0,0.3778,0.5,90.0,0.5,0.0
5a7796e05542992a6e59df0f,chunk_mmr_96,chunk,mmr,0.0,0.0,1.0,1.0,0.6818,0.5,66.0,1.0,1.0
5ab8627f5542990e739ec8da,chunk_mmr_96,chunk,mmr,0.0,0.3636,0.0,0.5556,0.7188,0.5,96.0,1.0,1.0
5a7456ec55429979e288290f,chunk_mmr_96,chunk,mmr,1.0,1.0,1.0,1.0,1.0,0.5,81.0,1.0,1.0
5abc6fba554299700f9d78c7,chunk_mmr_96,chunk,mmr,1.0,1.0,1.0,1.0,1.0,1.0,95.0,1.0,1.0
5ae1500655429920d52343cc,chunk_mmr_96,chunk,mmr,0.0,0.6667,1.0,1.0,0.3258,1.0,89.0,1.0,1.0
5a8c5569554299240d9c2126,chunk_mmr_96,chunk,mmr,1.0,1.0,0.0,0.0,1.0,1.0,72.0,1.0,1.0
5a7cffb755429907fabef09f,chunk_mmr_96,chunk,mmr,0.0,0.0,0.0,0.0,0.0,0.0,95.0,0.5,0.0
5abdaa0f55429965af743dad,chunk_mmr_96,chunk,mmr,0.0,0.3333,0.0,0.6667,0.4479,0.5,96.0,0.5,0.0
5add00805542992c1e3a2504,chunk_mmr_96,chunk,mmr,1.0,1.0,1.0,1.0,0.8043,0.5,92.0,1.0,1.0
5a8af11a55429950cd6afc21,chunk_mmr_96,chunk,mmr,0.0,0.0,0.0,0.0,0.0,0.0,91.0,0.5,0.0
5ac34994554299741d48a242,chunk_mmr_96,chunk,mmr,0.0,0.0,1.0,1.0,0.4756,0.5,82.0,1.0,1.0
5ab3e45655429976abd1bcd4,chunk_mmr_96,chunk,mmr,0.0,0.0,0.0,0.3333,0.3297,0.5,91.0,0.5,0.0
5a77ace855429967ab105223,chunk_mmr_96,chunk,mmr,1.0,1.0,1.0,1.0,0.3958,0.5,96.0,1.0,1.0
5a802b595542995d8a8ddf51,chunk_mmr_96,chunk,mmr,1.0,1.0,1.0,1.0,0.0,0.0,95.0,0.5,0.0
5a8501915542997175ce1f5a,chunk_mmr_96,chunk,mmr,1.0,1.0,0.0,0.0,1.0,1.0,96.0,1.0,1.0
5ab5f75e554299637185c64b,chunk_mmr_96,chunk,mmr,0.0,0.0,1.0,1.0,1.0,1.0,83.0,1.0,1.0
5a9068075542990a9849361a,chunk_mmr_96,chunk,mmr,0.0,0.0,1.0,1.0,1.0,0.5,60.0,1.0,1.0
5ae676915542995703ce8b66,chunk_mmr_96,chunk,mmr,1.0,1.0,1.0,1.0,0.2222,0.5,81.0,0.5,0.0
5ae39e9c5542990afbd1e195,chunk_mmr_96,chunk,mmr,1.0,1.0,1.0,1.0,0.589,0.5,73.0,0.5,0.0
5ae76d185542997ec2727641,chunk_mmr_96,chunk,mmr,0.0,0.0,0.0,0.0,0.1895,0.5,95.0,0.5,0.0
5a8a17685542993b751ca9f3,chunk_mmr_96,chunk,mmr,1.0,1.0,1.0,1.0,0.7579,1.0,95.0,1.0,1.0
5abbcba05542992ccd8e7fa3,chunk_mmr_96,chunk,mmr,0.0,0.0,1.0,1.0,1.0,1.0,93.0,1.0,1.0
5a8b515e55429971feec46bb,chunk_mmr_96,chunk,mmr,0.0,0.6667,0.0,0.6667,0.0,0.0,85.0,1.0,1.0
5ae22895554299495565da0c,chunk_mmr_96,chunk,mmr,0.0,0.0,0.0,0.0,0.0,0.0,86.0,1.0,1.0
5a83dd2c554299334474609e,chunk_mmr_96,chunk,mmr,0.0,0.0,0.0,0.0909,0.0,0.0,96.0,0.0,0.0
5abb76fa5542992ccd8e7f48,chunk_mmr_96,chunk,mmr,1.0,1.0,1.0,1.0,1.0,1.0,93.0,1.0,1.0
5ab4eecb55429942dd415faa,chunk_mmr_96,chunk,mmr,0.0,0.0,0.0,0.0,0.7191,0.5,89.0,1.0,1.0
5ae0b9b155429924de1b7152,chunk_mmr_96,chunk,mmr,0.0,0.0,0.0,0.0,0.5833,0.5,84.0,1.0,1.0
5a90629855429916514e749e,chunk_mmr_96,chunk,mmr,0.0,0.0,0.0,0.0,0.0,0.0,62.0,0.5,0.0
5a7a4f335542990198eaf11e,chunk_mmr_96,chunk,mmr,0.0,0.0,1.0,1.0,1.0,1.0,90.0,1.0,1.0
5ab674b7554299110f219a0c,chunk_mmr_96,chunk,mmr,1.0,1.0,1.0,1.0,0.5053,0.5,95.0,1.0,1.0
5ae406f055429970de88d874,chunk_mmr_96,chunk,mmr,1.0,1.0,1.0,1.0,1.0,1.0,77.0,1.0,1.0
5a75441c55429916b01642cf,chunk_mmr_96,chunk,mmr,0.0,0.0,0.0,0.0,0.0,0.0,80.0,1.0,1.0
5a8307c055429966c78a6af9,chunk_mmr_96,chunk,mmr,1.0,1.0,1.0,1.0,0.3936,0.5,94.0,1.0,1.0
5ae077805542993d6555eb6e,chunk_mmr_96,chunk,mmr,0.0,0.0,0.0,0.0,1.0,1.0,88.0,1.0,1.0
5a7f19eb55429934daa2fcdb,chunk_mmr_96,chunk,mmr,1.0,1.0,1.0,1.0,1.0,1.0,93.0,1.0,1.0
5adc1ae5554299438c868d5c,chunk_mmr_96,chunk,mmr,0.0,0.0,0.0,0.0,0.7674,0.5,86.0,1.0,1.0
5ae446175542995ad6573d1f,chunk_mmr_96,chunk,mmr,0.0,0.0,1.0,1.0,1.0,0.5,96.0,0.5,0.0
5ac2eec55542990b17b154c1,chunk_mmr_96,chunk,mmr,0.0,0.5,0.0,0.3333,0.4943,0.5,87.0,1.0,1.0
5a836a765542996488c2e446,chunk_mmr_96,chunk,mmr,0.0,0.0,0.0,0.0,0.0,0.0,93.0,1.0,1.0
5ae614215542992663a4f254,chunk_mmr_96,chunk,mmr,1.0,1.0,1.0,1.0,0.4568,0.5,81.0,0.5,0.0
5ade15a45542997545bbbe46,chunk_mmr_96,chunk,mmr,0.0,0.0,0.0,0.0,0.8421,1.0,95.0,1.0,1.0
5ac0641f554299294b218fbe,chunk_mmr_96,chunk,mmr,0.0,0.0,0.0,0.0,0.9271,0.5,96.0,1.0,1.0
5a7143625542994082a3e71e,chunk_mmr_96,chunk,mmr,0.0,0.0,1.0,1.0,0.0,0.0,88.0,0.5,0.0
5a8c51f0554299240d9c2111,chunk_mmr_96,chunk,mmr,0.0,0.5,0.0,0.0,0.3956,0.5,91.0,1.0,1.0
5a8719fa55429960ec39b742,chunk_mmr_96,chunk,mmr,0.0,0.0,1.0,1.0,0.0,0.0,92.0,1.0,1.0
5ab67f4c55429953192ad2d9,chunk_mmr_96,chunk,mmr,1.0,1.0,1.0,1.0,0.4177,0.5,79.0,1.0,1.0
5a7326cd5542991f29ee2d11,chunk_mmr_96,chunk,mmr,0.0,0.0,1.0,1.0,0.5,0.5,70.0,1.0,1.0
5ae0f4645542997b2ef7d0aa,chunk_mmr_96,chunk,mmr,0.0,0.6667,1.0,1.0,0.6344,0.5,93.0,1.0,1.0
5a8c5c6f554299653c1aa04d,chunk_mmr_96,chunk,mmr,0.0,0.0,0.0,0.0,0.0,0.0,76.0,1.0,1.0
5abdb8ba5542993f32c2a015,chunk_mmr_96,chunk,mmr,0.0,0.0,1.0,1.0,1.0,1.0,87.0,1.0,1.0
5ac11037554299294b21907a,chunk_mmr_96,chunk,mmr,0.0,0.6667,0.0,0.5,0.4842,0.5,95.0,0.5,0.0
5ab833ad5542990e739ec86f,chunk_mmr_96,chunk,mmr,0.0,0.0,0.0,0.0,0.3291,0.5,79.0,0.5,0.0
5a88f9555542995153361214,chunk_mmr_96,chunk,mmr,0.0,0.0,0.0,0.3333,0.6,0.5,85.0,0.5,0.0
5a7e23655542997cc2c47528,chunk_mmr_96,chunk,mmr,0.0,0.0,0.0,0.0,0.6526,0.5,95.0,0.5,0.0
5abfe2a15542997d6429591c,chunk_mmr_96,chunk,mmr,0.0,0.0,1.0,1.0,0.2396,0.5,96.0,1.0,1.0
5ae1fced5542997283cd230e,chunk_mmr_96,chunk,mmr,1.0,1.0,1.0,1.0,0.0,0.0,90.0,1.0,1.0
5a74994a55429974ef308c2e,chunk_mmr_96,chunk,mmr,1.0,1.0,1.0,1.0,0.5476,0.5,84.0,1.0,1.0
5ae6f2a7554299572ea5464a,chunk_mmr_96,chunk,mmr,0.0,0.0,1.0,1.0,1.0,0.5,96.0,1.0,1.0
5a7f3f7c55429934daa2fd45,chunk_mmr_96,chunk,mmr,1.0,1.0,1.0,1.0,0.7053,1.0,95.0,1.0,1.0
5a7543d555429916b01642ce,chunk_mmr_96,chunk,mmr,1.0,1.0,0.0,0.0,0.0,0.0,75.0,1.0,1.0
5ab938db5542996be2020454,chunk_mmr_96,chunk,mmr,0.0,0.0,1.0,1.0,0.9176,0.5,85.0,1.0,1.0
5ae30d4b55429928c42395cc,chunk_mmr_96,chunk,mmr,0.0,0.6667,1.0,1.0,0.5652,1.0,92.0,1.0,1.0
5ae622495542995703ce8b20,chunk_mmr_96,chunk,mmr,0.0,0.6667,1.0,1.0,0.5357,0.5,84.0,0.5,0.0
5ae0fb8855429920d523425b,chunk_mmr_96,chunk,mmr,0.0,0.0,0.0,0.3333,0.3837,0.5,86.0,0.5,0.0
5ae665795542991bbc9760c9,chunk_mmr_96,chunk,mmr,1.0,1.0,1.0,1.0,0.6421,0.5,95.0,1.0,1.0
5a77b13655429967ab105235,chunk_mmr_96,chunk,mmr,0.0,0.8,1.0,1.0,0.6562,1.0,96.0,1.0,1.0
5ae5415055429908b63265b7,chunk_mmr_96,chunk,mmr,0.0,0.0,0.0,0.0,1.0,0.5,70.0,1.0,1.0
5a7bb16f554299294a54aa9f,chunk_mmr_96,chunk,mmr,0.0,0.4,1.0,1.0,1.0,1.0,95.0,1.0,1.0
5ab9b2c7554299743d22ebaf,chunk_mmr_96,chunk,mmr,0.0,0.0,0.0,0.0,0.6477,0.5,88.0,1.0,1.0
5a7b12a355429927d897bf2a,chunk_mmr_96,chunk,mmr,0.0,0.0,1.0,1.0,1.0,1.0,94.0,1.0,1.0
5addfe1c5542995b365fabaf,chunk_mmr_96,chunk,mmr,1.0,1.0,0.0,0.0,0.7263,1.0,95.0,1.0,1.0
5a8391f55542996488c2e45c,chunk_mmr_96,chunk,mmr,0.0,0.0,1.0,1.0,0.4255,1.0,94.0,1.0,1.0
5ab91b6c55429934fafe6e5f,chunk_mmr_96,chunk,mmr,0.0,0.6667,1.0,1.0,1.0,1.0,82.0,1.0,1.0
5a72a0be5542992359bc3143,chunk_mmr_96,chunk,mmr,1.0,1.0,1.0,1.0,1.0,0.5,74.0,1.0,1.0
5ae764a85542997b22f6a720,chunk_mmr_96,chunk,mmr,0.0,0.0,0.0,0.6667,0.5714,0.5,91.0,1.0,1.0
5adbfaa655429947ff173888,chunk_mmr_96,chunk,mmr,1.0,1.0,1.0,1.0,1.0,1.0,93.0,1.0,1.0
5a8bc1565542996e8ac88a0c,chunk_mmr_96,chunk,mmr,0.0,0.6667,0.0,0.8,0.0,0.0,92.0,0.5,0.0
5ae236445542992decbdcc69,chunk_mmr_96,chunk,mmr,1.0,1.0,1.0,1.0,1.0,0.5,79.0,1.0,1.0
5adf58f15542993a75d264d2,chunk_mmr_96,chunk,mmr,0.0,0.0,0.0,0.0,0.0,0.0,92.0,0.5,0.0
5ae7281c5542991e8301cb69,chunk_mmr_96,chunk,mmr,0.0,0.0,0.0,0.0,0.0,0.0,75.0,1.0,1.0
5ac42ae45542997ea680ca18,chunk_mmr_96,chunk,mmr,0.0,0.8,1.0,1.0,0.5217,0.5,92.0,1.0,1.0
5a7312675542994cef4bc43d,chunk_mmr_96,chunk,mmr,0.0,0.0,1.0,1.0,0.5109,0.5,92.0,1.0,1.0
5ab1d7ac554299449642c7e6,chunk_mmr_96,chunk,mmr,1.0,1.0,1.0,1.0,1.0,1.0,90.0,1.0,1.0
5a8e482c5542995a26add4c3,chunk_mmr_96,chunk,mmr,1.0,1.0,1.0,1.0,1.0,1.0,94.0,1.0,1.0
5a7f924c55429969796c1aba,chunk_mmr_96,chunk,mmr,0.0,0.5,0.0,0.5,0.4889,0.5,90.0,0.5,0.0
5addda1b5542992200553b55,chunk_mmr_96,chunk,mmr,1.0,1.0,1.0,1.0,1.0,0.5,81.0,1.0,1.0
5a7d043755429909bec768f7,chunk_mmr_96,chunk,mmr,0.0,0.6667,1.0,1.0,0.5417,0.5,96.0,1.0,1.0
5a8089535542992bc0c4a762,chunk_mmr_96,chunk,mmr,1.0,1.0,1.0,1.0,1.0,1.0,91.0,1.0,1.0
5abd049d5542992ac4f381a8,chunk_mmr_96,chunk,mmr,0.0,0.0,0.0,0.0,0.3191,0.5,94.0,1.0,1.0
5abbc7a055429931dba1451b,chunk_mmr_96,chunk,mmr,0.0,0.0,0.0,0.0,0.6915,0.5,94.0,1.0,1.0
5abdc18555429965af743e2b,chunk_mmr_96,chunk,mmr,1.0,1.0,1.0,1.0,0.4684,0.5,79.0,1.0,1.0
5adc3a7055429947ff173913,chunk_mmr_96,chunk,mmr,0.0,0.0,0.0,0.0,0.6628,0.5,86.0,1.0,1.0
5abbdb335542992ccd8e7fc1,chunk_mmr_96,chunk,mmr,0.0,0.0,0.0,0.0,1.0,1.0,94.0,1.0,1.0
5ac1a5b45542991316484b8b,chunk_mmr_96,chunk,mmr,0.0,0.0,0.0,0.0,1.0,1.0,87.0,1.0,1.0
5ac2616b5542996366519997,chunk_mmr_96,chunk,mmr,0.0,0.0,0.0,0.0,1.0,0.5,83.0,0.5,0.0
5ae3f6775542991a06ce9a3f,chunk_mmr_96,chunk,mmr,0.0,0.0,0.0,0.0,0.6489,0.5,94.0,1.0,1.0
5a8f15ec554299458435d552,chunk_mmr_96,chunk,mmr,1.0,1.0,1.0,1.0,0.4086,0.5,93.0,1.0,1.0
5a8db9b3554299068b959dde,chunk_mmr_96,chunk,mmr,0.0,0.0,1.0,1.0,0.6047,1.0,86.0,1.0,1.0
5ab3f6b9554299753aec5a03,chunk_mmr_96,chunk,mmr,0.0,0.0,0.0,0.0,0.0,0.0,89.0,0.5,0.0
5a736f7c5542991f29ee2e18,chunk_mmr_96,chunk,mmr,1.0,1.0,1.0,1.0,1.0,1.0,92.0,1.0,1.0
5ae618535542995703ce8af7,chunk_mmr_96,chunk,mmr,0.0,0.1429,0.0,0.1111,0.2447,0.5,94.0,0.5,0.0
5a8b05c855429949d91db46a,chunk_mmr_96,chunk,mmr,1.0,1.0,1.0,1.0,0.8267,0.5,75.0,1.0,1.0
5ac1d40c5542994d76dccef5,chunk_mmr_96,chunk,mmr,0.0,0.0,0.0,0.0,0.3333,0.5,96.0,0.5,0.0
5ae356045542990afbd1e10d,chunk_mmr_96,chunk,mmr,0.0,0.2667,0.0,0.5,0.0,0.0,95.0,0.5,0.0
5ae002ec55429925eb1afbdc,chunk_mmr_96,chunk,mmr,0.0,0.0,0.0,0.5,0.7222,0.5,90.0,0.5,0.0
5a89ddf25542992e4fca83ff,chunk_mmr_96,chunk,mmr,0.0,0.0,0.0,0.0,0.0,0.0,94.0,1.0,1.0
5a903b7255429933b8a204ae,chunk_mmr_96,chunk,mmr,0.0,0.5,1.0,1.0,0.6421,1.0,95.0,1.0,1.0
5a84ac585542991dd0999d72,chunk_mmr_96,chunk,mmr,1.0,1.0,1.0,1.0,0.4022,0.5,92.0,1.0,1.0
5a7cad635542996dd594b97f,chunk_mmr_96,chunk,mmr,0.0,0.0,0.0,0.6667,0.6,0.5,95.0,1.0,1.0
5a75da6d5542992db94736fa,chunk_mmr_96,chunk,mmr,0.0,0.8,1.0,1.0,1.0,0.5,91.0,1.0,1.0
5ac4e13f554299076e296e2d,chunk_mmr_96,chunk,mmr,0.0,0.0,0.0,0.0,0.0,0.0,91.0,1.0,1.0
5ab9b29c554299743d22ebae,chunk_mmr_96,chunk,mmr,1.0,1.0,1.0,1.0,0.8723,0.5,94.0,1.0,1.0
5ae2295c554299495565da13,chunk_mmr_96,chunk,mmr,0.0,0.3333,1.0,1.0,1.0,1.0,89.0,1.0,1.0
5abd44d955429933744ab760,chunk_mmr_96,chunk,mmr,0.0,0.0,1.0,1.0,1.0,0.5,80.0,1.0,1.0
5ae096d755429906c02daadf,chunk_mmr_96,chunk,mmr,1.0,1.0,1.0,1.0,0.4868,0.5,76.0,1.0,1.0
5abea6a05542993f32c2a18d,chunk_mmr_96,chunk,mmr,1.0,1.0,1.0,1.0,1.0,1.0,89.0,1.0,1.0
5ae1319c55429920d5234301,chunk_mmr_96,chunk,mmr,0.0,0.0,0.0,0.0,0.5109,0.5,92.0,1.0,1.0
5ab60aec554299110f2199c3,chunk_mmr_96,chunk,mmr,0.0,0.0,1.0,1.0,0.2444,0.5,90.0,1.0,1.0
5ae4e2ca55429908b63264aa,chunk_mmr_96,chunk,mmr,1.0,1.0,1.0,1.0,1.0,1.0,95.0,1.0,1.0
5ae25d2b554299495565da46,chunk_mmr_96,chunk,mmr,0.0,0.0,0.0,0.0,0.8511,1.0,94.0,1.0,1.0
5ade630e55429975fa854eb7,chunk_mmr_96,chunk,mmr,0.0,0.0,1.0,1.0,0.8617,0.5,94.0,1.0,1.0
5ab6be2f55429954757d335c,chunk_mmr_96,chunk,mmr,0.0,0.0,1.0,1.0,0.7579,0.5,95.0,1.0,1.0
5a74a62b55429916b01641a0,chunk_mmr_96,chunk,mmr,0.0,0.5714,1.0,1.0,0.5556,1.0,90.0,1.0,1.0
5abcf299554299700f9d7936,chunk_mmr_96,chunk,mmr,0.0,0.0,0.0,0.0,0.4205,0.5,88.0,1.0,1.0
5adc6eb65542994650320cf3,chunk_mmr_96,chunk,mmr,0.0,0.0,0.0,0.0,1.0,1.0,90.0,1.0,1.0
5ac1767a5542994d76dcce48,chunk_mmr_96,chunk,mmr,0.0,0.0,0.0,0.0,0.0,0.0,92.0,0.5,0.0
5ab5dc44554299494045f089,chunk_mmr_96,chunk,mmr,0.0,0.3333,0.0,0.0,0.0,0.0,87.0,1.0,1.0
5a8f5273554299458435d5b1,chunk_mmr_96,chunk,mmr,0.0,0.0,0.0,0.0,0.0,0.0,95.0,0.5,0.0
5addeb685542992200553bb1,chunk_mmr_96,chunk,mmr,0.0,0.6667,1.0,1.0,0.3125,0.5,96.0,1.0,1.0
5a870a8e55429960ec39b707,chunk_mmr_96,chunk,mmr,0.0,0.0,0.0,0.3333,0.0947,0.5,95.0,1.0,1.0
5a77ddb855429967ab1052d8,chunk_mmr_96,chunk,mmr,0.0,0.5714,0.0,0.4,0.4737,0.5,95.0,1.0,1.0
5ab38cdd5542992ade7c6de2,chunk_mmr_96,chunk,mmr,1.0,1.0,1.0,1.0,0.6129,0.5,93.0,1.0,1.0
5a8f24cc55429924144829e7,chunk_mmr_96,chunk,mmr,0.0,0.0,0.0,0.3333,1.0,0.5,95.0,1.0,1.0
5ac401bb55429919431738f4,chunk_mmr_96,chunk,mmr,1.0,1.0,1.0,1.0,0.5521,0.5,96.0,0.5,0.0
5ab4b7d15542996a3a969fbc,chunk_mmr_96,chunk,mmr,0.0,0.0,0.0,0.0,0.0,0.0,87.0,1.0,1.0
5a78f18855429974737f7915,chunk_mmr_96,chunk,mmr,1.0,1.0,1.0,1.0,0.3053,0.5,95.0,0.5,0.0
5a76394c5542994ccc918725,chunk_mmr_96,chunk,mmr,0.0,0.0,0.0,0.0,0.4632,0.5,95.0,0.5,0.0
5a78e49855429974737f78f3,chunk_mmr_96,chunk,mmr,1.0,1.0,1.0,1.0,0.8182,0.5,77.0,1.0,1.0
5a8fdb955542990a98493572,chunk_mmr_96,chunk,mmr,1.0,1.0,1.0,1.0,0.8,1.0,90.0,1.0,1.0
5a7b9f1f554299294a54aa2a,chunk_mmr_96,chunk,mmr,0.0,0.8,1.0,1.0,1.0,1.0,88.0,1.0,1.0
5adc396155429944faac2479,chunk_mmr_96,chunk,mmr,1.0,1.0,0.0,0.0,0.5269,1.0,93.0,1.0,1.0
5a75357c5542996c70cfaeab,chunk_mmr_96,chunk,mmr,1.0,1.0,0.0,0.5,1.0,1.0,87.0,1.0,1.0
5ac312ee5542995ef918c0ec,chunk_mmr_96,chunk,mmr,0.0,0.0,0.0,0.0,0.3404,0.5,94.0,1.0,1.0
5add38355542990dbb2f7dd0,chunk_mmr_96,chunk,mmr,0.0,0.0,0.0,0.0,0.7604,0.5,96.0,0.5,0.0
5ac471a5554299194317399a,chunk_mmr_96,chunk,mmr,0.0,0.0,0.0,0.0,0.0,0.0,92.0,0.5,0.0
5a70f1685542994082a3e40f,chunk_mmr_96,chunk,mmr,0.0,0.0,0.0,0.3333,0.7204,0.5,93.0,1.0,1.0
5ab5f372554299488d4d9a60,chunk_mmr_96,chunk,mmr,0.0,0.5263,0.0,0.3846,0.6739,0.5,92.0,1.0,1.0
5a7e1cd955429965cec5ea76,chunk_mmr_96,chunk,mmr,0.0,0.0,0.0,0.0,0.0,0.0,94.0,0.0,0.0
5adce3265542992c1e3a2466,chunk_mmr_96,chunk,mmr,0.0,0.0,0.0,0.0,1.0,0.5,92.0,0.5,0.0
5a8adc935542992d82986fb0,chunk_mmr_96,chunk,mmr,0.0,0.0,1.0,1.0,0.2708,0.5,96.0,1.0,1.0
5a73bddb55429978a71e909d,chunk_mmr_96,chunk,mmr,0.0,0.8,1.0,1.0,1.0,0.5,87.0,1.0,1.0
5ae5736e5542990ba0bbb2b3,chunk_mmr_96,chunk,mmr,1.0,1.0,1.0,1.0,0.1667,0.5,96.0,1.0,1.0
5a8d4cf35542994ba4e3dc5f,chunk_mmr_96,chunk,mmr,0.0,0.0,0.0,0.0,0.0,0.0,87.0,0.0,0.0
5a9023d355429916514e742f,chunk_mmr_96,chunk,mmr,0.0,0.0,0.0,0.0,0.7766,0.5,94.0,0.5,0.0
5adfad2b554299603e41835c,chunk_mmr_96,chunk,mmr,1.0,1.0,1.0,1.0,0.587,0.5,92.0,1.0,1.0
5a8cddd1554299441c6b9f3a,chunk_mmr_96,chunk,mmr,0.0,0.75,0.0,0.5,0.0,0.0,68.0,1.0,1.0
5a79f6825542996c55b2dcb4,chunk_mmr_96,chunk,mmr,0.0,0.0,0.0,0.0,0.871,0.5,93.0,1.0,1.0
5a8900c75542997e5c09a6ed,chunk_mmr_96,chunk,mmr,0.0,0.0,1.0,1.0,0.284,0.5,81.0,1.0,1.0
5ab27f7b554299722f9b4d4f,chunk_mmr_96,chunk,mmr,0.0,0.0,0.0,0.0,0.0,0.0,89.0,0.5,0.0
5ac257fe55429951e9e68562,chunk_mmr_96,chunk,mmr,0.0,0.4,1.0,1.0,0.2558,0.5,86.0,1.0,1.0
5ab94cf0554299743d22eade,chunk_mmr_96,chunk,mmr,0.0,0.0,0.0,0.0,1.0,0.5,76.0,1.0,1.0
5ac017945542997d642959bc,chunk_mmr_96,chunk,mmr,0.0,0.0,0.0,0.0,0.0,0.0,72.0,0.5,0.0
5ac19d4c55429963665198bb,chunk_mmr_96,chunk,mmr,1.0,1.0,1.0,1.0,0.0,0.0,86.0,1.0,1.0
5abbd2575542993f40c73bbd,chunk_mmr_96,chunk,mmr,0.0,0.0,0.0,0.0,0.0,0.0,81.0,0.5,0.0
5a888b8e5542997e5c09a60a,chunk_mmr_96,chunk,mmr,1.0,1.0,1.0,1.0,0.4615,0.5,91.0,1.0,1.0
5a712e895542994082a3e636,chunk_mmr_96,chunk,mmr,0.0,0.0,0.0,0.3333,0.0,0.0,96.0,1.0,1.0
5a85ecf25542991dd0999ec6,chunk_mmr_96,chunk,mmr,1.0,1.0,1.0,1.0,1.0,1.0,80.0,1.0,1.0
5adfe6c455429906c02daa85,chunk_mmr_96,chunk,mmr,0.0,0.0,1.0,1.0,0.4222,0.5,90.0,0.5,0.0
5ac448185542995c82c4ad1b,chunk_mmr_96,chunk,mmr,0.0,0.0,1.0,1.0,0.0,0.0,76.0,1.0,1.0
5ae1faf15542997f29b3c1e3,chunk_mmr_96,chunk,mmr,1.0,1.0,1.0,1.0,0.6957,1.0,92.0,1.0,1.0
5ab7af9d5542993667793fe9,chunk_mmr_96,chunk,mmr,0.0,0.0,0.0,0.0,0.1538,0.5,91.0,1.0,1.0
5ae1e9635542997f29b3c19e,chunk_mmr_96,chunk,mmr,1.0,1.0,1.0,1.0,0.5663,0.5,83.0,1.0,1.0
5ade28cf5542997c77aded85,chunk_mmr_96,chunk,mmr,1.0,1.0,1.0,1.0,1.0,1.0,88.0,1.0,1.0
5a7b116a554299042af8f6c4,chunk_mmr_96,chunk,mmr,0.0,0.0,0.0,0.0,0.5088,0.5,57.0,0.5,0.0
5a72f1cf5542994cef4bc414,chunk_mmr_96,chunk,mmr,1.0,1.0,1.0,1.0,0.52,0.5,75.0,0.5,0.0
5ab7b3cc55429928e1fe3893,chunk_mmr_96,chunk,mmr,0.0,0.0,0.0,0.0,0.3646,0.5,96.0,1.0,1.0
5ae32b6755429928c4239644,chunk_mmr_96,chunk,mmr,1.0,1.0,1.0,1.0,1.0,0.5,82.0,1.0,1.0
5ab3c53955429969a97a81b9,chunk_mmr_96,chunk,mmr,0.0,0.0,0.0,0.0,0.0,0.0,92.0,0.5,0.0
5a8b349a55429971feec466b,chunk_mmr_96,chunk,mmr,0.0,0.0,1.0,1.0,1.0,1.0,85.0,1.0,1.0
5ac2db67554299657fa290a6,chunk_mmr_96,chunk,mmr,0.0,0.0,1.0,1.0,0.5,0.5,82.0,1.0,1.0
5ab5ec2a5542992aa134a3e3,chunk_mmr_96,chunk,mmr,0.0,0.0,1.0,1.0,0.6429,0.5,84.0,1.0,1.0
5ab661ac5542995eadeeffb1,chunk_mmr_96,chunk,mmr,0.0,0.0,0.0,0.6667,0.0,0.0,90.0,0.5,0.0
5abee69c5542993fe9a41d8b,chunk_mmr_96,chunk,mmr,0.0,0.75,0.0,0.6,0.6076,0.5,79.0,1.0,1.0
5ac0aab35542992a796ded5c,chunk_mmr_96,chunk,mmr,1.0,1.0,1.0,1.0,0.9425,1.0,87.0,1.0,1.0
5a84c4b05542991dd0999deb,chunk_mmr_96,chunk,mmr,1.0,1.0,0.0,0.0,0.7294,1.0,85.0,1.0,1.0
5abd6be55542993062266c89,chunk_mmr_96,chunk,mmr,0.0,0.0,0.0,0.25,0.25,0.5,84.0,1.0,1.0
5a8a19c45542992e4fca8501,chunk_mmr_96,chunk,mmr,0.0,0.0,0.0,0.0,0.1746,0.5,63.0,1.0,1.0
5abcef9e55429959677d6b52,chunk_mmr_96,chunk,mmr,0.0,0.6,0.0,0.6,0.337,0.5,92.0,1.0,1.0
5a81c7d15542990a1d231ea9,chunk_mmr_96,chunk,mmr,0.0,0.0,0.0,0.75,0.7753,0.5,89.0,1.0,1.0
5adccaca5542994d58a2f6d5,chunk_mmr_96,chunk,mmr,1.0,1.0,1.0,1.0,0.2737,0.5,95.0,0.5,0.0
5a84f5865542991dd0999e30,chunk_mmr_96,chunk,mmr,0.0,0.5,0.0,0.0,0.4941,0.5,85.0,0.5,0.0
5a7633ff5542994ccc918712,chunk_mmr_96,chunk,mmr,1.0,1.0,1.0,1.0,1.0,1.0,80.0,1.0,1.0
5a8d7f2b554299068b959d0c,chunk_mmr_96,chunk,mmr,0.0,0.6667,0.0,0.5,1.0,0.5,77.0,1.0,1.0
5ac3def75542997ea680c95f,chunk_mmr_96,chunk,mmr,0.0,0.0,0.0,0.0,1.0,0.5,81.0,1.0,1.0
5ae6316d5542996de7b71b87,chunk_mmr_96,chunk,mmr,0.0,0.0,0.0,0.0,0.0,0.0,81.0,1.0,1.0
5ab5eed65542997d4ad1f25c,chunk_mmr_96,chunk,mmr,1.0,1.0,1.0,1.0,0.2947,1.0,95.0,1.0,1.0
5ab29c24554299449642c932,chunk_mmr_96,chunk,mmr,1.0,1.0,0.0,0.0,0.6292,1.0,89.0,1.0,1.0
5ab809195542991d3222380f,chunk_mmr_96,chunk,mmr,1.0,1.0,1.0,1.0,0.6914,0.5,81.0,1.0,1.0
5a834ed95542990548d0b1ca,chunk_mmr_96,chunk,mmr,0.0,0.6667,0.0,0.3333,0.6279,0.5,86.0,1.0,1.0
5ade9545554299728e26c740,chunk_mmr_96,chunk,mmr,0.0,0.5,1.0,1.0,0.622,0.5,82.0,0.5,0.0
5a8b97485542995d1e6f140f,chunk_mmr_96,chunk,mmr,0.0,0.0,1.0,1.0,0.1279,0.5,86.0,1.0,1.0
5ac056385542997d64295a08,chunk_mmr_96,chunk,mmr,0.0,0.6667,1.0,1.0,0.9167,1.0,96.0,1.0,1.0
5abd96fe5542992ac4f382d9,chunk_mmr_96,chunk,mmr,0.0,0.0,0.0,0.0,0.225,0.5,80.0,1.0,1.0
5ae2138c5542997283cd23b7,chunk_submod_96,chunk,submod,0.0,0.0,0.0,0.0,0.4186,0.5,86.0,1.0,1.0
5a77152355429966f1a36c2e,chunk_submod_96,chunk,submod,0.0,0.0,1.0,1.0,0.3462,0.5,78.0,0.5,0.0
5ade99ad554299728e26c75d,chunk_submod_96,chunk,submod,0.0,0.0,0.0,0.5,0.0,0.0,90.0,1.0,1.0
5ab81cff5542990e739ec827,chunk_submod_96,chunk,submod,1.0,1.0,1.0,1.0,0.5352,0.5,71.0,1.0,1.0
5ae5be02554299546bf82f3e,chunk_submod_96,chunk,submod,1.0,1.0,1.0,1.0,0.7125,0.5,80.0,1.0,1.0
5ae3f1bb5542995ad6573cbe,chunk_submod_96,chunk,submod,1.0,1.0,1.0,1.0,0.8659,1.0,82.0,1.0,1.0
5a8389445542996488c2e450,chunk_submod_96,chunk,submod,1.0,1.0,0.0,0.0,0.383,0.5,94.0,1.0,1.0
5a89fc305542993b751ca9dc,chunk_submod_96,chunk,submod,1.0,1.0,1.0,1.0,0.7128,0.5,94.0,1.0,1.0
5a85bc2d5542994c784ddb70,chunk_submod_96,chunk,submod,1.0,1.0,1.0,1.0,0.5474,1.0,95.0,1.0,1.0
5a7b1c745542992d025e6777,chunk_submod_96,chunk,submod,0.0,0.0,0.0,0.25,0.7308,0.5,78.0,0.5,0.0
5ae2d8fb55429928c42394fa,chunk_submod_96,chunk,submod,0.0,0.0,0.0,0.2,0.3333,0.5,93.0,0.5,0.0
5ae7f6be554299540e5a56db,chunk_submod_96,chunk,submod,1.0,1.0,1.0,1.0,0.7907,1.0,86.0,1.0,1.0
5a773ae055429972597f14b0,chunk_submod_96,chunk,submod,0.0,0.6667,1.0,1.0,0.3483,0.5,89.0,1.0,1.0
5a75abbb5542992d0ec05fd9,chunk_submod_96,chunk,submod,1.0,1.0,1.0,1.0,0.4409,0.5,93.0,0.5,0.0
5ae4c49a5542995dadf24400,chunk_submod_96,chunk,submod,0.0,0.0,0.0,0.0,0.431,0.5,58.0,0.5,0.0
5ac44813554299194317396b,chunk_submod_96,chunk,submod,0.0,0.0,0.0,0.0,0.325,0.5,80.0,1.0,1.0
5abfc8675542993fe9a41e52,chunk_submod_96,chunk,submod,1.0,1.0,1.0,1.0,0.5765,0.5,85.0,1.0,1.0
5a8aeadc55429950cd6afbe0,chunk_submod_96,chunk,submod,1.0,1.0,1.0,1.0,0.1383,0.5,94.0,1.0,1.0
5ab2082f554299722f9b4c9f,chunk_submod_96,chunk,submod,0.0,0.0,0.0,0.6667,0.4366,0.5,71.0,1.0,1.0
5ae0ba15554299603e41844d,chunk_submod_96,chunk,submod,1.0,1.0,1.0,1.0,0.5833,1.0,72.0,1.0,1.0
5a7332935542991f9a20c67d,chunk_submod_96,chunk,submod,0.0,0.0,0.0,0.5,0.4556,0.5,90.0,1.0,1.0
5a9068f85542990a98493623,chunk_submod_96,chunk,submod,0.0,0.0,0.0,0.0,0.7143,0.5,70.0,1.0,1.0
5addd5795542990dbb2f7e9d,chunk_submod_96,chunk,submod,1.0,1.0,1.0,1.0,0.7604,1.0,96.0,1.0,1.0
5adfa3da554299025d62a317,chunk_submod_96,chunk,submod,0.0,0.0,0.0,0.0,0.0,0.0,93.0,0.5,0.0
5ae6443355429908198fa563,chunk_submod_96,chunk,submod,0.0,0.0,0.0,0.0,0.8214,1.0,84.0,1.0,1.0
5ab98608554299131ca42362,chunk_submod_96,chunk,submod,1.0,1.0,1.0,1.0,0.494,0.5,83.0,0.5,0.0
5ae61bfd5542992663a4f261,chunk_submod_96,chunk,submod,0.0,0.0,0.0,0.0,0.0,0.0,95.0,0.5,0.0
5ab870ed55429934fafe6db9,chunk_submod_96,chunk,submod,1.0,1.0,1.0,1.0,0.6437,0.5,87.0,0.5,0.0
5abcfc365542993a06baf9d6,chunk_submod_96,chunk,submod,0.0,0.0,0.0,0.0,0.0,0.0,84.0,0.5,0.0
5add63845542992ae4cec541,chunk_submod_96,chunk,submod,0.0,0.0,0.0,0.2,0.4932,0.5,73.0,1.0,1.0
5ae2a0a1554299495565dae9,chunk_submod_96,chunk,submod,1.0,1.0,1.0,1.0,0.6184,1.0,76.0,1.0,1.0
5a84eecd5542994c784dda8e,chunk_submod_96,chunk,submod,1.0,1.0,1.0,1.0,0.5938,0.5,64.0,1.0,1.0
5a85fa815542996432c57155,chunk_submod_96,chunk,submod,0.0,0.0,0.0,0.0,1.0,0.5,75.0,1.0,1.0
5a84a5385542990548d0b2d9,chunk_submod_96,chunk,submod,0.0,0.0,1.0,1.0,0.2738,0.5,84.0,1.0,1.0
5a78f26055429970f5fffdeb,chunk_submod_96,chunk,submod,0.0,0.0,1.0,1.0,1.0,1.0,82.0,1.0,1.0
5a86edcc55429960ec39b6da,chunk_submod_96,chunk,submod,1.0,1.0,1.0,1.0,0.4419,0.5,86.0,1.0,1.0
5ae7766455429952e35ea920,chunk_submod_96,chunk,submod,0.0,0.0,1.0,1.0,0.4737,0.5,95.0,1.0,1.0
5a77863555429949eeb29ec6,chunk_submod_96,chunk,submod,0.0,0.6667,1.0,1.0,0.5873,1.0,63.0,1.0,1.0
5ab3cc395542992ade7c6e9f,chunk_submod_96,chunk,submod,0.0,0.0,1.0,1.0,0.4828,0.5,87.0,1.0,1.0
5add016e5542992c1e3a250b,chunk_submod_96,chunk,submod,0.0,0.0,0.0,0.0,1.0,0.5,74.0,1.0,1.0
5a8bd9c95542997f31a41de2,chunk_submod_96,chunk,submod,0.0,0.5,1.0,1.0,0.7097,1.0,93.0,1.0,1.0
5a8f13d55542997ba9cb31c9,chunk_submod_96,chunk,submod,0.0,0.5,0.0,0.3333,0.7222,1.0,90.0,1.0,1.0
5ac248fd55429951e9e68525,chunk_submod_96,chunk,submod,0.0,0.0,0.0,0.0,0.4884,0.5,86.0,0.5,0.0
5adbcd475542996e68525240,chunk_submod_96,chunk,submod,1.0,1.0,1.0,1.0,0.3235,0.5,68.0,1.0,1.0
5a7c8a3b55429935c91b5204,chunk_submod_96,chunk,submod,1.0,1.0,1.0,1.0,0.6842,1.0,95.0,1.0,1.0
5a7f40de5542992e7d278cc8,chunk_submod_96,chunk,submod,0.0,0.0,0.0,0.6667,0.5867,0.5,75.0,0.5,0.0
5ab2c6a955429916697740c2,chunk_submod_96,chunk,submod,0.0,0.0,0.0,0.0,0.3523,0.5,88.0,1.0,1.0
5ac3165c5542995ef918c10a,chunk_submod_96,chunk,submod,1.0,1.0,1.0,1.0,0.2688,0.5,93.0,0.5,0.0
5a7577145542996c70cfaf03,chunk_submod_96,chunk,submod,0.0,0.0,0.0,1.0,0.64,0.5,75.0,1.0,1.0
5a8f45385542997ba9cb320a,chunk_submod_96,chunk,submod,0.0,0.0,1.0,1.0,0.4143,0.5,70.0,1.0,1.0
5adea83b55429975fa854f53,chunk_submod_96,chunk,submod,0.0,0.0,1.0,1.0,0.5568,1.0,88.0,1.0,1.0
5ab4428c5542990594ba9bda,chunk_submod_96,chunk,submod,0.0,0.0,0.0,0.0,0.3908,0.5,87.0,1.0,1.0
5a90692f5542990a98493625,chunk_submod_96,chunk,submod,0.0,0.0,0.0,0.0,0.3187,0.5,91.0,1.0,1.0
5ae68a065542991bbc97611e,chunk_submod_96,chunk,submod,0.0,0.0,0.0,0.0,0.6265,0.5,83.0,0.5,0.0
5ab2929a554299449642c900,chunk_submod_96,chunk,submod,0.0,0.8571,0.0,1.0,0.3021,0.5,96.0,1.0,1.0
5adf434c5542993a75d26462,chunk_submod_96,chunk,submod,1.0,1.0,1.0,1.0,0.6765,0.5,68.0,1.0,1.0
5ac4ecea55429919431739fd,chunk_submod_96,chunk,submod,0.0,0.0,0.0,0.25,0.5529,0.5,85.0,0.5,0.0
5a85dfcc5542994775f60673,chunk_submod_96,chunk,submod,0.0,0.6667,0.0,0.5,0.5114,0.5,88.0,1.0,1.0
5a8085705542992bc0c4a74b,chunk_submod_96,chunk,submod,0.0,0.3333,0.0,0.6667,0.6056,0.5,71.0,1.0,1.0
5ae3992d5542994393b9e722,chunk_submod_96,chunk,submod,0.0,0.0,0.0,1.0,0.3295,0.5,88.0,1.0,1.0
5ae7793c554299540e5a55c2,chunk_submod_96,chunk,submod,0.0,0.0,0.0,0.0,0.3956,0.5,91.0,1.0,1.0
5a7f46115542994857a766d9,chunk_submod_96,chunk,submod,0.0,0.0,0.0,0.3333,0.0,0.0,86.0,1.0,1.0
5a7380b955429908901be2d4,chunk_submod_96,chunk,submod,0.0,0.0,1.0,1.0,0.2333,0.5,90.0,1.0,1.0
5abfd3d65542994516f4550b,chunk_submod_96,chunk,submod,1.0,1.0,0.0,0.0,1.0,1.0,95.0,1.0,1.0
5abf2e605542993fe9a41de4,chunk_submod_96,chunk,submod,1.0,1.0,0.0,0.5,0.7158,1.0,95.0,1.0,1.0
5ae256435542992decbdccc3,chunk_submod_96,chunk,submod,0.0,0.0,0.0,0.0,0.407,0.5,86.0,1.0,1.0
5ab819065542995dae37ea3c,chunk_submod_96,chunk,submod,0.0,0.0,1.0,1.0,0.4615,0.5,91.0,1.0,1.0
5adfb10855429942ec259af9,chunk_submod_96,chunk,submod,1.0,1.0,1.0,1.0,0.4792,1.0,96.0,1.0,1.0
5ae0a54e5542993d6555ebdd,chunk_submod_96,chunk,submod,0.0,0.8,0.0,0.6667,0.9011,0.5,91.0,1.0,1.0
5ab327bc554299233954ff33,chunk_submod_96,chunk,submod,0.0,0.4,0.0,0.6667,0.3478,0.5,69.0,1.0,1.0
5a7c703055429935c91b51aa,chunk_submod_96,chunk,submod,0.0,0.8571,1.0,1.0,1.0,1.0,60.0,1.0,1.0
5abe19895542991f661060c2,chunk_submod_96,chunk,submod,0.0,0.0,1.0,1.0,0.3247,0.5,77.0,1.0,1.0
5ac26d4d55429951e9e685b7,chunk_submod_96,chunk,submod,0.0,0.0,1.0,1.0,0.5104,0.5,96.0,1.0,1.0
5add95035542990dbb2f7e77,chunk_submod_96,chunk,submod,0.0,0.0,0.0,0.5,0.5526,1.0,76.0,1.0,1.0
5adc46665542994650320cc8,chunk_submod_96,chunk,submod,0.0,0.0,0.0,0.0,0.0,0.0,88.0,0.0,0.0
5ac259125542992f1f2b3867,chunk_submod_96,chunk,submod,0.0,0.8571,1.0,1.0,1.0,1.0,90.0,1.0,1.0
5a81624d5542995ce29dcbf1,chunk_submod_96,chunk,submod,1.0,1.0,1.0,1.0,1.0,1.0,68.0,1.0,1.0
5a7933b255429907847277eb,chunk_submod_96,chunk,submod,0.0,0.0,1.0,1.0,0.2812,0.5,96.0,1.0,1.0
5a7754d85542993735360234,chunk_submod_96,chunk,submod,0.0,0.8,1.0,1.0,0.6484,1.0,91.0,1.0,1.0
5a80c01855429938b61421b8,chunk_submod_96,chunk,submod,0.0,0.0,0.0,0.5,0.3263,0.5,95.0,1.0,1.0
5ab2b61d5542991669774065,chunk_submod_96,chunk,submod,0.0,0.0,1.0,1.0,1.0,1.0,84.0,1.0,1.0
5ae8167b55429952e35eaa06,chunk_submod_96,chunk,submod,0.0,0.0,1.0,1.0,0.5823,0.5,79.0,1.0,1.0
5a7bacf35542997c3ec9724b,chunk_submod_96,chunk,submod,0.0,0.5714,0.0,0.0,0.2025,0.5,79.0,1.0,1.0
5ac2610455429951e9e68592,chunk_submod_96,chunk,submod,0.0,0.5,1.0,1.0,0.6484,1.0,91.0,1.0,1.0
5a7c827e55429907fabeefa7,chunk_submod_96,chunk,submod,0.0,0.0,0.0,0.0,0.0,0.0,78.0,0.5,0.0
5a81711455429938b614233e,chunk_submod_96,chunk,submod,0.0,0.0,0.0,0.0,0.6203,0.5,79.0,1.0,1.0
5adfd0d655429942ec259b4e,chunk_submod_96,chunk,submod,0.0,0.5,1.0,1.0,0.4819,1.0,83.0,1.0,1.0
5adc85b855429944faac24e9,chunk_submod_96,chunk,submod,1.0,1.0,0.0,1.0,0.4819,1.0,83.0,1.0,1.0
5abfde655542997719eab6f2,chunk_submod_96,chunk,submod,0.0,0.0,1.0,1.0,0.0,0.0,87.0,1.0,1.0
5a72953b5542994cef4bc357,chunk_submod_96,chunk,submod,0.0,0.0,0.0,0.0,0.0,0.0,89.0,1.0,1.0
5ab989f755429970cfb8eb38,chunk_submod_96,chunk,submod,0.0,0.8,1.0,1.0,0.2299,0.5,87.0,0.5,0.0
5ae2133e554299495565d9e3,chunk_submod_96,chunk,submod,0.0,0.0,0.0,0.0,0.4937,0.5,79.0,1.0,1.0
5a82d71555429966c78a6a94,chunk_submod_96,chunk,submod,0.0,0.0,0.0,0.0,0.3596,0.5,89.0,1.0,1.0
5ae1c3cd554299492dc91b87,chunk_submod_96,chunk,submod,0.0,0.0,0.0,0.0,0.4235,0.5,85.0,1.0,1.0
5ac2583b55429951e9e68565,chunk_submod_96,chunk,submod,1.0,1.0,1.0,1.0,0.5926,1.0,81.0,1.0,1.0
5a82a55955429966c78a6a70,chunk_submod_96,chunk,submod,0.0,0.0,0.0,0.2,0.0,0.0,75.0,0.0,0.0
5ae5dae2554299546bf82fa4,chunk_submod_96,chunk,submod,1.0,1.0,1.0,1.0,1.0,1.0,82.0,1.0,1.0
5ac195455542991316484b40,chunk_submod_96,chunk,submod,0.0,0.0,0.0,0.0,0.5625,0.5,96.0,0.5,0.0
5ae785685542994a481bbd47,chunk_submod_96,chunk,submod,1.0,1.0,1.0,1.0,0.6632,1.0,95.0,1.0,1.0
5ae5429355429908b63265c5,chunk_submod_96,chunk,submod,0.0,0.0,0.0,0.0,0.5333,0.5,75.0,1.0,1.0
5a8ba60b554299240d9c205b,chunk_submod_96,chunk,submod,1.0,1.0,1.0,1.0,0.8621,1.0,87.0,1.0,1.0
5a82f05255429966c78a6aa2,chunk_submod_96,chunk,submod,1.0,1.0,1.0,1.0,0.7396,1.0,96.0,1.0,1.0
5abfea825542994516f45527,chunk_submod_96,chunk,submod,0.0,0.0,0.0,0.0,0.0,0.0,81.0,0.0,0.0
5aba6f3e55429955dce3ee21,chunk_submod_96,chunk,submod,0.0,0.0,0.0,0.0,0.3483,0.5,89.0,1.0,1.0
5ae113de55429901ffe4ad51,chunk_submod_96,chunk,submod,0.0,0.0,1.0,1.0,0.6739,1.0,92.0,1.0,1.0
5adce4f65542992c1e3a2474,chunk_submod_96,chunk,submod,0.0,0.0,1.0,1.0,0.5122,0.5,82.0,1.0,1.0
5ab27587554299449642c8af,chunk_submod_96,chunk,submod,1.0,1.0,1.0,1.0,0.5195,0.5,77.0,1.0,1.0
5a7323ad5542994cef4bc476,chunk_submod_96,chunk,submod,0.0,0.0,1.0,1.0,0.381,0.5,84.0,1.0,1.0
5abc17555542993a06baf858,chunk_submod_96,chunk,submod,0.0,0.0,0.0,0.0,0.3111,0.5,90.0,0.5,0.0
5ab9fe1255429939ce03dc40,chunk_submod_96,chunk,submod,0.0,0.0,0.0,0.25,0.3871,0.5,93.0,1.0,1.0
5a8b6ac055429949d91db5a5,chunk_submod_96,chunk,submod,0.0,0.8,1.0,1.0,1.0,1.0,74.0,1.0,1.0
5a87136e5542991e771816b2,chunk_submod_96,chunk,submod,0.0,0.0,0.0,0.0,0.0,0.0,84.0,1.0,1.0
5abff0625542997ec76fd476,chunk_submod_96,chunk,submod,0.0,0.0,1.0,1.0,0.2048,0.5,83.0,0.5,0.0
5a7526945542993748c897d2,chunk_submod_96,chunk,submod,0.0,0.0,0.0,0.0,0.5556,0.5,90.0,0.5,0.0
5abc8620554299700f9d78e2,chunk_submod_96,chunk,submod,1.0,1.0,1.0,1.0,0.8333,1.0,84.0,1.0,1.0
5a72a3c45542994cef4bc3ac,chunk_submod_96,chunk,submod,0.0,0.0,0.0,0.0,1.0,0.5,93.0,0.5,0.0
5ac170af5542994d76dcce20,chunk_submod_96,chunk,submod,0.0,0.6667,0.0,0.0,0.0,0.0,96.0,1.0,1.0
5ae5f3bb5542996de7b71a7e,chunk_submod_96,chunk,submod,0.0,0.0,1.0,1.0,0.32,0.5,75.0,0.5,0.0
5a7f7ca25542994857a76747,chunk_submod_96,chunk,submod,0.0,0.0,1.0,1.0,0.6292,1.0,89.0,1.0,1.0
5adca8375542990d50227cd4,chunk_submod_96,chunk,submod,0.0,0.0,0.0,0.0,0.3867,0.5,75.0,0.5,0.0
5ac3e1075542995c82c4ac78,chunk_submod_96,chunk,submod,1.0,1.0,1.0,1.0,0.6125,0.5,80.0,1.0,1.0
5a7db0915542990b8f503a30,chunk_submod_96,chunk,submod,1.0,1.0,1.0,1.0,0.7033,1.0,91.0,1.0,1.0
5a81e04455429903bc27b9f9,chunk_submod_96,chunk,submod,0.0,0.0,0.0,0.125,0.0,0.0,92.0,0.5,0.0
5a8a573355429970aeb7029a,chunk_submod_96,chunk,submod,0.0,0.0,0.0,0.4,0.6071,1.0,84.0,1.0,1.0
5a75e60e55429976ec32bc88,chunk_submod_96,chunk,submod,0.0,0.0,0.0,0.0,0.4432,0.5,88.0,0.5,0.0
5abce73055429959677d6b34,chunk_submod_96,chunk,submod,0.0,0.0,1.0,1.0,1.0,1.0,86.0,1.0,1.0
5a87572d5542994846c1cd6b,chunk_submod_96,chunk,submod,0.0,0.0,0.0,0.25,0.3548,0.5,93.0,0.5,0.0
5a89761d5542995153361310,chunk_submod_96,chunk,submod,1.0,1.0,1.0,1.0,0.6277,1.0,94.0,1.0,1.0
5a8d5f16554299585d9e37c5,chunk_submod_96,chunk,submod,0.0,0.0,1.0,1.0,0.3067,0.5,75.0,1.0,1.0
5ae7cea355429952e35ea9c1,chunk_submod_96,chunk,submod,0.0,0.0,1.0,1.0,0.2,0.5,85.0,0.5,0.0
5ab600fb554299488d4d9a82,chunk_submod_96,chunk,submod,0.0,0.0,1.0,1.0,0.6508,0.5,63.0,0.5,0.0
5a7f7c285542994857a76746,chunk_submod_96,chunk,submod,0.0,0.0,0.0,0.0,0.5,0.5,78.0,1.0,1.0
5ade61fd554299728e26c704,chunk_submod_96,chunk,submod,0.0,0.0,0.0,0.0,0.3182,0.5,66.0,1.0,1.0
5a73630655429901807db020,chunk_submod_96,chunk,submod,1.0,1.0,1.0,1.0,0.0,0.0,68.0,1.0,1.0
5ab916e155429919ba4e23a4,chunk_submod_96,chunk,submod,1.0,1.0,0.0,1.0,1.0,0.5,62.0,1.0,1.0
5ae0af5555429945ae95941e,chunk_submod_96,chunk,submod,1.0,1.0,1.0,1.0,0.6979,0.5,96.0,1.0,1.0
5a865bbf5542991e77181615,chunk_submod_96,chunk,submod,0.0,0.0,1.0,1.0,0.6146,1.0,96.0,1.0,1.0
5a8fa20555429918e830d298,chunk_submod_96,chunk,submod,0.0,0.8,1.0,1.0,0.6486,1.0,74.0,1.0,1.0
5ab97cd0554299753720f81a,chunk_submod_96,chunk,submod,0.0,0.0,0.0,0.0,0.2667,0.5,90.0,1.0,1.0
5ae7ed9555429952e35ea9e6,chunk_submod_96,chunk,submod,1.0,1.0,1.0,1.0,0.3226,1.0,93.0,1.0,1.0
5aded1595542995ec70e8f29,chunk_submod_96,chunk,submod,0.0,0.0,0.0,0.0,0.3563,0.5,87.0,1.0,1.0
5adc3aff5542996e685252eb,chunk_submod_96,chunk,submod,0.0,0.0,0.0,0.5,0.1828,0.5,93.0,0.5,0.0
5ae2ee5e5542991a06ce990a,chunk_submod_96,chunk,submod,0.0,0.0,0.0,0.0,0.4535,0.5,86.0,1.0,1.0
5a8e42d15542995a26add4a6,chunk_submod_96,chunk,submod,0.0,0.0,1.0,1.0,0.3871,0.5,93.0,1.0,1.0
5a7a33a35542994f819ef14c,chunk_submod_96,chunk,submod,0.0,0.0,1.0,1.0,0.5342,1.0,73.0,1.0,1.0
5ae69fa755429908198fa66c,chunk_submod_96,chunk,submod,0.0,0.0,0.0,0.0,0.5132,0.5,76.0,0.5,0.0
5a7e279d5542995ed0d166b5,chunk_submod_96,chunk,submod,0.0,0.0,0.0,0.0,0.3647,0.5,85.0,0.5,0.0
5a79c6a55542994bb9457091,chunk_submod_96,chunk,submod,0.0,0.8,1.0,1.0,0.6795,0.5,78.0,1.0,1.0
5a739d8c55429905862fe073,chunk_submod_96,chunk,submod,0.0,0.0,0.0,0.0,0.0,0.0,90.0,0.5,0.0
5a7fc21455429969796c1b4b,chunk_submod_96,chunk,submod,1.0,1.0,1.0,1.0,0.5735,0.5,68.0,1.0,1.0
5ae1da385542997283cd2297,chunk_submod_96,chunk,submod,0.0,0.5,1.0,1.0,1.0,1.0,72.0,1.0,1.0
5ab5f249554299488d4d9a5d,chunk_submod_96,chunk,submod,0.0,0.8,1.0,1.0,0.6667,1.0,90.0,1.0,1.0
5ab9180b5542991b5579f0f3,chunk_submod_96,chunk,submod,1.0,1.0,0.0,0.5,0.4805,0.5,77.0,1.0,1.0
5ae0f8a05542997b2ef7d0bc,chunk_submod_96,chunk,submod,1.0,1.0,1.0,1.0,0.3684,0.5,95.0,1.0,1.0
5a7c8e7955429935c91b521a,chunk_submod_96,chunk,submod,0.0,0.5714,0.0,0.4,0.5789,0.5,76.0,1.0,1.0
5ae5d008554299546bf82f7d,chunk_submod_96,chunk,submod,1.0,1.0,1.0,1.0,0.3214,0.5,84.0,1.0,1.0
5abbaed855429931dba144aa,chunk_submod_96,chunk,submod,0.0,0.0,1.0,1.0,0.5618,1.0,89.0,1.0,1.0
5ae1316555429901ffe4adda,chunk_submod_96,chunk,submod,0.0,0.0,0.0,0.0,0.5833,0.5,72.0,1.0,1.0
5a74512b55429974ef308bd5,chunk_submod_96,chunk,submod,0.0,0.0,0.0,0.0,0.5104,0.5,96.0,0.5,0.0
5a80aeff5542996402f6a5eb,chunk_submod_96,chunk,submod,0.0,0.0,0.0,0.0,0.5658,0.5,76.0,1.0,1.0
5a88a4e65542997e5c09a671,chunk_submod_96,chunk,submod,0.0,0.6667,1.0,1.0,0.6588,1.0,85.0,1.0,1.0
5ae2eda355429928c4239570,chunk_submod_96,chunk,submod,1.0,1.0,1.0,1.0,0.2727,0.5,88.0,1.0,1.0
5a836a2d554299334474600f,chunk_submod_96,chunk,submod,1.0,1.0,1.0,1.0,1.0,1.0,90.0,1.0,1.0
5a78d01d55429974737f78b3,chunk_submod_96,chunk,submod,1.0,1.0,1.0,1.0,1.0,1.0,95.0,1.0,1.0
5ae46c9d5542996836b02c9d,chunk_submod_96,chunk,submod,1.0,1.0,1.0,1.0,0.5467,0.5,75.0,1.0,1.0
5a80e03e55429938b614222c,chunk_submod_96,chunk,submod,0.0,0.0,0.0,0.0,1.0,0.5,81.0,1.0,1.0
5a7270395542992359bc30a8,chunk_submod_96,chunk,submod,0.0,0.0,0.0,0.5,0.382,0.5,89.0,0.5,0.0
5ab8261655429934fafe6cf1,chunk_submod_96,chunk,submod,0.0,0.0,0.0,0.0,0.5246,0.5,61.0,0.5,0.0
5abc41315542993a06baf8bb,chunk_submod_96,chunk,submod,1.0,1.0,1.0,1.0,1.0,1.0,72.0,1.0,1.0
5abd455c55429924427fcf5a,chunk_submod_96,chunk,submod,0.0,0.0,0.0,0.3333,0.5172,0.5,87.0,1.0,1.0
5ab97d0a5542996be202051e,chunk_submod_96,chunk,submod,1.0,1.0,1.0,1.0,0.775,1.0,80.0,1.0,1.0
5a7a96555542990198eaf159,chunk_submod_96,chunk,submod,0.0,0.6667,0.0,0.5,0.407,0.5,86.0,1.0,1.0
5a8c7057554299653c1aa066,chunk_submod_96,chunk,submod,0.0,0.6667,1.0,1.0,1.0,1.0,83.0,1.0,1.0
5a7663665542992d0ec060d3,chunk_submod_96,chunk,submod,0.0,0.2857,0.0,0.75,0.3908,0.5,87.0,1.0,1.0
5abd920e55429924427fd05d,chunk_submod_96,chunk,submod,0.0,0.0,0.0,0.0,0.4359,1.0,78.0,1.0,1.0
5ae47ae05542995ad6573d4f,chunk_submod_96,chunk,submod,1.0,1.0,1.0,1.0,0.8471,1.0,85.0,1.0,1.0
5ae25ed15542992decbdccd2,chunk_submod_96,chunk,submod,0.0,0.0,0.0,0.0,0.5426,1.0,94.0,1.0,1.0
5a8b7e9c5542995d1e6f13c1,chunk_submod_96,chunk,submod,0.0,0.0,1.0,1.0,0.7416,1.0,89.0,1.0,1.0
5a7265a95542992359bc307a,chunk_submod_96,chunk,submod,0.0,0.0,0.0,0.5,1.0,1.0,92.0,1.0,1.0
5add889b5542997545bbbd68,chunk_submod_96,chunk,submod,0.0,0.0,0.0,0.0,0.1573,0.5,89.0,0.5,0.0
5abed7d75542990832d3a0f7,chunk_submod_96,chunk,submod,0.0,0.6667,1.0,1.0,0.0,0.0,69.0,0.5,0.0
5ab8c3c65542991b5579effd,chunk_submod_96,chunk,submod,0.0,0.0,1.0,1.0,0.6512,1.0,86.0,1.0,1.0
5ae6179b5542992663a4f25b,chunk_submod_96,chunk,submod,0.0,0.0,1.0,1.0,0.6548,0.5,84.0,1.0,1.0
5a80838d5542992bc0c4a745,chunk_submod_96,chunk,submod,0.0,0.0,1.0,1.0,0.2576,0.5,66.0,1.0,1.0
5a7cd7f055429909bec7683e,chunk_submod_96,chunk,submod,1.0,1.0,1.0,1.0,0.5205,0.5,73.0,1.0,1.0
5ac3a10b5542995ef918c1c3,chunk_submod_96,chunk,submod,1.0,1.0,1.0,1.0,1.0,1.0,63.0,1.0,1.0
5ab8764155429919ba4e22fe,chunk_submod_96,chunk,submod,0.0,0.0,1.0,1.0,0.2609,0.5,92.0,1.0,1.0
5a7cf4e355429907fabef062,chunk_submod_96,chunk,submod,0.0,0.3333,1.0,1.0,1.0,1.0,85.0,1.0,1.0
5a8f06075542995b44241f2d,chunk_submod_96,chunk,submod,0.0,0.0,0.0,0.5,1.0,1.0,65.0,1.0,1.0
5ac09da45542996f0d89cc1d,chunk_submod_96,chunk,submod,1.0,1.0,1.0,1.0,0.5054,1.0,93.0,1.0,1.0
5a8a4b9955429930ff3c0d88,chunk_submod_96,chunk,submod,0.0,0.0,0.0,0.0,0.7529,0.5,85.0,0.5,0.0
5a8b7d925542995d1e6f13bd,chunk_submod_96,chunk,submod,0.0,0.0,1.0,1.0,0.5,0.5,96.0,1.0,1.0
5a8a09ff5542992d82986e6b,chunk_submod_96,chunk,submod,0.0,0.0,0.0,0.0,0.0,0.0,87.0,0.5,0.0
5ab2d65e554299545a2cfabe,chunk_submod_96,chunk,submod,0.0,0.0,0.0,0.3333,0.2935,0.5,92.0,0.5,0.0
5a711cb45542994082a3e59f,chunk_submod_96,chunk,submod,1.0,1.0,1.0,1.0,0.4886,0.5,88.0,1.0,1.0
5a746ddc55429929fddd8423,chunk_submod_96,chunk,submod,0.0,0.0,0.0,0.5,0.4568,0.5,81.0,0.5,0.0
5ae4b55455429913cc2044db,chunk_submod_96,chunk,submod,0.0,0.0,0.0,0.5,0.6437,1.0,87.0,1.0,1.0
5ab6087a554299110f2199be,chunk_submod_96,chunk,submod,0.0,0.0,0.0,0.0,0.1505,1.0,93.0,1.0,1.0
5adfc06d55429906c02daa2a,chunk_submod_96,chunk,submod,0.0,0.0,1.0,1.0,0.4524,0.5,84.0,1.0,1.0
5adf51e05542995534e8c78a,chunk_submod_96,chunk,submod,0.0,0.4,1.0,1.0,0.7531,1.0,81.0,1.0,1.0
5ab4482b55429942dd415f09,chunk_submod_96,chunk,submod,0.0,0.75,0.0,0.6,0.3537,0.5,82.0,1.0,1.0
5abfa0285542990832d3a171,chunk_submod_96,chunk,submod,1.0,1.0,0.0,0.0,0.7671,0.5,73.0,1.0,1.0
5a8b1a925542997f31a41c6e,chunk_submod_96,chunk,submod,1.0,1.0,1.0,1.0,1.0,1.0,91.0,1.0,1.0
5a7fc03d5542992097ad2fbc,chunk_submod_96,chunk,submod,0.0,0.0,1.0,1.0,0.4318,0.5,88.0,1.0,1.0
5ae5ead6554299546bf82fd0,chunk_submod_96,chunk,submod,1.0,1.0,1.0,1.0,1.0,1.0,95.0,1.0,1.0
5ae6371155429929b0807af1,chunk_submod_96,chunk,submod,0.0,0.6667,1.0,1.0,1.0,1.0,73.0,1.0,1.0
5a80f4c2554299260e20a1da,chunk_submod_96,chunk,submod,0.0,0.0,0.0,0.0,1.0,0.5,82.0,1.0,1.0
5ac38bf355429939154137ba,chunk_submod_96,chunk,submod,0.0,0.0,0.0,0.5,0.0,0.0,86.0,1.0,1.0
5ae26c795542992decbdccfb,chunk_submod_96,chunk,submod,0.0,0.8,1.0,1.0,0.6548,0.5,84.0,0.5,0.0
5ae51fa25542992663a4f11f,chunk_submod_96,chunk,submod,0.0,0.0,1.0,1.0,1.0,1.0,91.0,1.0,1.0
5ae13bf1554299422ee99634,chunk_submod_96,chunk,submod,1.0,1.0,1.0,1.0,0.618,1.0,89.0,1.0,1.0
5a79e7b45542994f819ef0ff,chunk_submod_96,chunk,submod,0.0,0.0,0.0,0.0,0.4945,0.5,91.0,0.5,0.0
5a8ee7c95542990e94052bb1,chunk_submod_96,chunk,submod,0.0,0.0,0.0,0.0,0.7105,1.0,76.0,1.0,1.0
5a8bc0485542995d1e6f143d,chunk_submod_96,chunk,submod,0.0,0.0,1.0,1.0,0.4945,1.0,91.0,1.0,1.0
5adf3c155542993a75d2643a,chunk_submod_96,chunk,submod,0.0,0.0,0.0,0.0,0.0,0.0,96.0,0.5,0.0
5ab84bab55429934fafe6d49,chunk_submod_96,chunk,submod,0.0,0.0,0.0,0.0,0.3833,0.5,60.0,1.0,1.0
5abb4b4a5542993f40c73aea,chunk_submod_96,chunk,submod,1.0,1.0,1.0,1.0,0.6484,0.5,91.0,1.0,1.0
5ae4885e55429970de88d99d,chunk_submod_96,chunk,submod,0.0,0.0,0.0,0.3333,0.4146,0.5,82.0,1.0,1.0
5adf53dc5542995534e8c791,chunk_submod_96,chunk,submod,0.0,0.0,1.0,1.0,0.3425,0.5,73.0,1.0,1.0
5a7a70b355429941d65f2647,chunk_submod_96,chunk,submod,1.0,1.0,1.0,1.0,0.1875,0.5,96.0,1.0,1.0
5a8911ad554299515336129c,chunk_submod_96,chunk,submod,1.0,1.0,1.0,1.0,0.7614,1.0,88.0,1.0,1.0
5ae6911955429908198fa626,chunk_submod_96,chunk,submod,1.0,1.0,1.0,1.0,0.8488,1.0,86.0,1.0,1.0
5a843de75542992ef85e23b4,chunk_submod_96,chunk,submod,0.0,0.0,0.0,0.0,0.2258,0.5,93.0,0.5,0.0
5a7d22dc5542995ed0d16600,chunk_submod_96,chunk,submod,0.0,0.0,1.0,1.0,0.2326,0.5,86.0,1.0,1.0
5a8a1a9c5542992d82986ebb,chunk_submod_96,chunk,submod,0.0,0.0,0.0,0.0,0.3571,0.5,84.0,1.0,1.0
5a8f7c9a55429918e830d239,chunk_submod_96,chunk,submod,0.0,0.0,0.0,0.0,1.0,1.0,70.0,1.0,1.0
5ab92f1f554299753720f77b,chunk_submod_96,chunk,submod,0.0,0.6667,1.0,1.0,0.4872,0.5,78.0,1.0,1.0
5a761e855542994ccc9186e0,chunk_submod_96,chunk,submod,0.0,0.0,1.0,1.0,0.6933,1.0,75.0,1.0,1.0
5a7a01b15542996c55b2dcd1,chunk_submod_96,chunk,submod,0.0,0.0,0.0,0.6667,0.5521,0.5,96.0,1.0,1.0
5a733b835542991f9a20c6b2,chunk_submod_96,chunk,submod,1.0,1.0,1.0,1.0,0.4889,0.5,90.0,0.5,0.0
5ae04ea555429924de1b709e,chunk_submod_96,chunk,submod,0.0,0.0,0.0,0.0,0.0,0.0,75.0,0.5,0.0
5abd2eab5542992ac4f38210,chunk_submod_96,chunk,submod,1.0,1.0,1.0,1.0,0.7683,1.0,82.0,1.0,1.0
5a81e097554299676cceb129,chunk_submod_96,chunk,submod,0.0,0.6667,1.0,1.0,0.5618,1.0,89.0,1.0,1.0
5ab6faec5542991d32223708,chunk_submod_96,chunk,submod,0.0,0.0,0.0,0.4286,0.5942,0.5,69.0,1.0,1.0
5a753c8c55429916b01642ab,chunk_submod_96,chunk,submod,0.0,0.0,0.0,0.0,0.5854,0.5,82.0,1.0,1.0
5ae22ede554299234fd0441b,chunk_submod_96,chunk,submod,0.0,0.0,0.0,0.0,0.2763,0.5,76.0,0.5,0.0
5a8b40b055429949d91db50c,chunk_submod_96,chunk,submod,0.0,0.0,0.0,0.2,0.0,0.0,80.0,1.0,1.0
5ade8ad95542992fa25da7b8,chunk_submod_96,chunk,submod,0.0,0.0,1.0,1.0,0.4127,0.5,63.0,1.0,1.0
5a7b971255429927d897bff3,chunk_submod_96,chunk,submod,0.0,0.0,0.0,0.0,1.0,1.0,74.0,1.0,1.0
5ae2c4b8554299495565db31,chunk_submod_96,chunk,submod,0.0,0.0,0.0,0.0,0.0,0.0,77.0,0.5,0.0
5ac508205542994611c8b32e,chunk_submod_96,chunk,submod,1.0,1.0,1.0,1.0,0.5556,0.5,90.0,1.0,1.0
5a74c85055429916b0164218,chunk_submod_96,chunk,submod,0.0,0.0,1.0,1.0,0.7639,1.0,72.0,1.0,1.0
5a75642c5542996c70cfaeed,chunk_submod_96,chunk,submod,0.0,0.0,0.0,0.0,0.3421,0.5,76.0,0.5,0.0
5ae6dd745542996d980e7ca0,chunk_submod_96,chunk,submod,0.0,0.0,0.0,0.0,0.0,0.0,72.0,0.5,0.0
5a74d64055429916b0164223,chunk_submod_96,chunk,submod,1.0,1.0,1.0,1.0,0.4444,0.5,90.0,0.5,0.0
5a7a616355429941d65f25f7,chunk_submod_96,chunk,submod,0.0,0.6667,1.0,1.0,1.0,1.0,93.0,1.0,1.0
5aba9813554299232ef4a357,chunk_submod_96,chunk,submod,0.0,0.0,1.0,1.0,1.0,0.5,75.0,1.0,1.0
5ae5669755429960a22e02ec,chunk_submod_96,chunk,submod,0.0,0.0,0.0,0.6,0.525,0.5,80.0,1.0,1.0
5a79e1275542990198eaefe7,chunk_submod_96,chunk,submod,0.0,0.8,0.0,0.0,0.5926,0.5,81.0,0.5,0.0
5a9064c755429916514e74a6,chunk_submod_96,chunk,submod,1.0,1.0,1.0,1.0,0.6667,1.0,87.0,1.0,1.0
5a872e8e5542991e7718170c,chunk_submod_96,chunk,submod,0.0,0.0,0.0,0.0,0.6444,1.0,90.0,1.0,1.0
5ae6453e55429908198fa56c,chunk_submod_96,chunk,submod,1.0,1.0,1.0,1.0,0.7447,1.0,94.0,1.0,1.0
5a90970d5542995651fb51a5,chunk_submod_96,chunk,submod,0.0,0.0,0.0,0.0,0.4632,0.5,95.0,0.5,0.0
5ae15ae25542990adbacf767,chunk_submod_96,chunk,submod,1.0,1.0,1.0,1.0,0.0,0.0,76.0,1.0,1.0
5a7e08b55542997cc2c474fe,chunk_submod_96,chunk,submod,1.0,1.0,1.0,1.0,1.0,1.0,85.0,1.0,1.0
5ab30336554299166977417c,chunk_submod_96,chunk,submod,0.0,0.0,0.0,0.5,0.3523,0.5,88.0,0.5,0.0
5a83b4d35542996488c2e495,chunk_submod_96,chunk,submod,0.0,0.8,0.0,0.3333,0.6286,0.5,70.0,1.0,1.0
5ab416a25542996a3a969f28,chunk_submod_96,chunk,submod,0.0,0.0,1.0,1.0,0.6265,0.5,83.0,1.0,1.0
5a7147fd5542994082a3e758,chunk_submod_96,chunk,submod,0.0,0.0,0.0,0.0,0.5,0.5,76.0,1.0,1.0
5ae0413555429942ec259c61,chunk_submod_96,chunk,submod,1.0,1.0,1.0,1.0,0.7391,0.5,92.0,1.0,1.0
5ae47cab5542996836b02cb9,chunk_submod_96,chunk,submod,0.0,0.0,0.0,0.0,0.2658,0.5,79.0,0.5,0.0
5abdbf3755429933744ab818,chunk_submod_96,chunk,submod,0.0,0.0,0.0,0.0,0.4805,0.5,77.0,1.0,1.0
5ae0968955429924de1b7105,chunk_submod_96,chunk,submod,0.0,0.0,1.0,1.0,0.7606,1.0,71.0,1.0,1.0
5ab48f245542990594ba9c66,chunk_submod_96,chunk,submod,0.0,0.0,0.0,0.0,0.2842,0.5,95.0,1.0,1.0
5ae5faf555429929b0807a4c,chunk_submod_96,chunk,submod,0.0,0.0,1.0,1.0,0.6932,1.0,88.0,1.0,1.0
5a7c53a855429935c91b515d,chunk_submod_96,chunk,submod,1.0,1.0,1.0,1.0,0.481,0.5,79.0,0.5,0.0
5ae51b495542993aec5ec146,chunk_submod_96,chunk,submod,1.0,1.0,1.0,1.0,0.5417,0.5,96.0,1.0,1.0
5ade8f5955429975fa854f10,chunk_submod_96,chunk,submod,0.0,0.0,0.0,0.0,0.3448,0.5,87.0,1.0,1.0
5ab64cfa55429953192ad2b7,chunk_submod_96,chunk,submod,0.0,0.0,1.0,1.0,0.4891,1.0,92.0,1.0,1.0
5a8fae205542997ba9cb32ec,chunk_submod_96,chunk,submod,0.0,0.0,0.0,0.0,0.3908,0.5,87.0,0.5,0.0
5abb7d8b5542996cc5e4a006,chunk_submod_96,chunk,submod,0.0,0.0,0.0,0.0,0.4839,0.5,93.0,1.0,1.0
5add47bf5542992200553a7f,chunk_submod_96,chunk,submod,0.0,0.0,0.0,0.0,0.8404,1.0,94.0,1.0,1.0
5a7128b05542994082a3e5f2,chunk_submod_96,chunk,submod,1.0,1.0,1.0,1.0,0.6854,1.0,89.0,1.0,1.0
5ade04465542990dbb2f7f2f,chunk_submod_96,chunk,submod,0.0,0.0,0.0,0.0,0.6383,1.0,94.0,1.0,1.0
5ab431d855429942dd415ed2,chunk_submod_96,chunk,submod,1.0,1.0,1.0,1.0,0.6813,0.5,91.0,0.5,0.0
5a8c6342554299240d9c214a,chunk_submod_96,chunk,submod,1.0,1.0,1.0,1.0,1.0,1.0,96.0,1.0,1.0
5adc75525542994650320d0e,chunk_submod_96,chunk,submod,1.0,1.0,1.0,1.0,0.6915,1.0,94.0,1.0,1.0
5a85d25b5542996432c570ee,chunk_submod_96,chunk,submod,0.0,0.6667,1.0,1.0,0.622,1.0,82.0,1.0,1.0
5a7183575542994082a3e85e,chunk_submod_96,chunk,submod,0.0,0.0,0.0,0.0,0.7128,1.0,94.0,1.0,1.0
5adebea1554299728e26c7b6,chunk_submod_96,chunk,submod,0.0,0.0,0.0,0.0,0.3733,0.5,75.0,0.5,0.0
5a80a25d5542995d8a8ddfb7,chunk_submod_96,chunk,submod,0.0,0.0,0.0,0.0,0.6344,0.5,93.0,0.5,0.0
5a778b1e55429949eeb29ee3,chunk_submod_96,chunk,submod,0.0,0.0,1.0,1.0,1.0,1.0,68.0,1.0,1.0
5ae6860e5542991bbc976112,chunk_submod_96,chunk,submod,0.0,0.0,0.0,0.0,0.0,0.0,66.0,1.0,1.0
5a7e058f5542995f4f402390,chunk_submod_96,chunk,submod,0.0,0.0,0.0,0.0,0.3333,0.5,87.0,1.0,1.0
5ab2a8b655429929539467ab,chunk_submod_96,chunk,submod,1.0,1.0,1.0,1.0,0.4167,0.5,84.0,1.0,1.0
5a8e06785542995085b37383,chunk_submod_96,chunk,submod,1.0,1.0,1.0,1.0,1.0,1.0,86.0,1.0,1.0
5a7eb22655429930675135cb,chunk_submod_96,chunk,submod,0.0,0.0,1.0,1.0,0.5385,0.5,78.0,0.5,0.0
5ab298fb554299449642c922,chunk_submod_96,chunk,submod,0.0,0.0,0.0,0.0,0.4337,0.5,83.0,1.0,1.0
5ab27287554299722f9b4d2c,chunk_submod_96,chunk,submod,1.0,1.0,0.0,0.6667,0.6977,1.0,86.0,1.0,1.0
5ae0f2bf5542997b2ef7d09e,chunk_submod_96,chunk,submod,0.0,0.0,0.0,0.8,0.4444,0.5,63.0,1.0,1.0
5a838fcd5542992ef85e2305,chunk_submod_96,chunk,submod,0.0,0.8,0.0,0.6667,0.5111,0.5,90.0,0.5,0.0
5a79caec5542994bb94570ad,chunk_submod_96,chunk,submod,0.0,0.0,1.0,1.0,1.0,1.0,67.0,1.0,1.0
5a73266d5542994cef4bc47d,chunk_submod_96,chunk,submod,1.0,1.0,1.0,1.0,0.4353,0.5,85.0,1.0,1.0
5a8de02b554299068b959e13,chunk_submod_96,chunk,submod,0.0,0.0,1.0,1.0,0.5972,0.5,72.0,1.0,1.0
5a89ba6b554299669944a584,chunk_submod_96,chunk,submod,0.0,0.0,0.0,0.0,0.3333,0.5,96.0,1.0,1.0
5ae4ea2a5542993aec5ec0ee,chunk_submod_96,chunk,submod,0.0,0.6,1.0,1.0,0.5484,0.5,62.0,0.5,0.0
5a7796e05542992a6e59df0f,chunk_submod_96,chunk,submod,0.0,0.0,1.0,1.0,0.6818,0.5,66.0,1.0,1.0
5ab8627f5542990e739ec8da,chunk_submod_96,chunk,submod,0.0,0.3636,0.0,0.5556,0.7895,1.0,95.0,1.0,1.0
5a7456ec55429979e288290f,chunk_submod_96,chunk,submod,1.0,1.0,1.0,1.0,1.0,1.0,87.0,1.0,1.0
5abc6fba554299700f9d78c7,chunk_submod_96,chunk,submod,1.0,1.0,1.0,1.0,1.0,0.5,86.0,1.0,1.0
5ae1500655429920d52343cc,chunk_submod_96,chunk,submod,0.0,0.6667,1.0,1.0,0.3718,1.0,78.0,1.0,1.0
5a8c5569554299240d9c2126,chunk_submod_96,chunk,submod,0.0,0.0,0.0,0.0,0.3043,0.5,92.0,1.0,1.0
5a7cffb755429907fabef09f,chunk_submod_96,chunk,submod,0.0,0.0,0.0,0.0,0.2697,0.5,89.0,0.5,0.0
5abdaa0f55429965af743dad,chunk_submod_96,chunk,submod,0.0,0.0,0.0,0.6667,0.4831,0.5,89.0,0.5,0.0
5add00805542992c1e3a2504,chunk_submod_96,chunk,submod,1.0,1.0,1.0,1.0,0.3291,0.5,79.0,1.0,1.0
5a8af11a55429950cd6afc21,chunk_submod_96,chunk,submod,0.0,0.6667,0.0,0.0,0.1579,0.5,95.0,0.5,0.0
5ac34994554299741d48a242,chunk_submod_96,chunk,submod,0.0,0.0,0.0,0.0,0.3936,0.5,94.0,1.0,1.0
5ab3e45655429976abd1bcd4,chunk_submod_96,chunk,submod,0.0,0.0,0.0,0.3333,0.3448,0.5,87.0,0.5,0.0
5a77ace855429967ab105223,chunk_submod_96,chunk,submod,1.0,1.0,1.0,1.0,0.4043,0.5,94.0,1.0,1.0
5a802b595542995d8a8ddf51,chunk_submod_96,chunk,submod,1.0,1.0,1.0,1.0,0.5679,0.5,81.0,0.5,0.0
5a8501915542997175ce1f5a,chunk_submod_96,chunk,submod,1.0,1.0,0.0,0.0,1.0,1.0,82.0,1.0,1.0
5ab5f75e554299637185c64b,chunk_submod_96,chunk,submod,0.0,0.0,0.0,0.0,0.7089,1.0,79.0,1.0,1.0
5a9068075542990a9849361a,chunk_submod_96,chunk,submod,0.0,0.0,0.0,0.0,0.0,0.0,77.0,1.0,1.0
5ae676915542995703ce8b66,chunk_submod_96,chunk,submod,1.0,1.0,1.0,1.0,0.2222,0.5,81.0,0.5,0.0
5ae39e9c5542990afbd1e195,chunk_submod_96,chunk,submod,1.0,1.0,1.0,1.0,0.589,0.5,73.0,0.5,0.0
5ae76d185542997ec2727641,chunk_submod_96,chunk,submod,0.0,0.0,0.0,0.0,0.321,0.5,81.0,0.5,0.0
5a8a17685542993b751ca9f3,chunk_submod_96,chunk,submod,0.0,0.0,1.0,1.0,0.7579,1.0,95.0,1.0,1.0
5abbcba05542992ccd8e7fa3,chunk_submod_96,chunk,submod,1.0,1.0,1.0,1.0,0.7292,1.0,96.0,1.0,1.0
5a8b515e55429971feec46bb,chunk_submod_96,chunk,submod,1.0,1.0,1.0,1.0,0.5213,1.0,94.0,1.0,1.0
5ae22895554299495565da0c,chunk_submod_96,chunk,submod,0.0,0.0,1.0,1.0,0.5814,0.5,86.0,1.0,1.0
5a83dd2c554299334474609e,chunk_submod_96,chunk,submod,0.0,0.0,0.0,0.0909,0.0,0.0,76.0,0.0,0.0
5abb76fa5542992ccd8e7f48,chunk_submod_96,chunk,submod,1.0,1.0,1.0,1.0,1.0,1.0,78.0,1.0,1.0
5ab4eecb55429942dd415faa,chunk_submod_96,chunk,submod,0.0,0.0,0.0,0.0,0.3667,0.5,90.0,1.0,1.0
5ae0b9b155429924de1b7152,chunk_submod_96,chunk,submod,0.0,0.0,0.0,0.0,0.7349,1.0,83.0,1.0,1.0
5a90629855429916514e749e,chunk_submod_96,chunk,submod,0.0,0.0,0.0,0.0,0.5,0.5,72.0,0.5,0.0
5a7a4f335542990198eaf11e,chunk_submod_96,chunk,submod,0.0,0.0,1.0,1.0,1.0,1.0,81.0,1.0,1.0
5ab674b7554299110f219a0c,chunk_submod_96,chunk,submod,1.0,1.0,1.0,1.0,1.0,1.0,82.0,1.0,1.0
5ae406f055429970de88d874,chunk_submod_96,chunk,submod,1.0,1.0,1.0,1.0,1.0,1.0,77.0,1.0,1.0
5a75441c55429916b01642cf,chunk_submod_96,chunk,submod,1.0,1.0,0.0,0.0,0.6,1.0,75.0,1.0,1.0
5a8307c055429966c78a6af9,chunk_submod_96,chunk,submod,1.0,1.0,1.0,1.0,1.0,1.0,82.0,1.0,1.0
5ae077805542993d6555eb6e,chunk_submod_96,chunk,submod,1.0,1.0,0.0,0.0,0.5152,0.5,66.0,1.0,1.0
5a7f19eb55429934daa2fcdb,chunk_submod_96,chunk,submod,1.0,1.0,1.0,1.0,0.6421,1.0,95.0,1.0,1.0
5adc1ae5554299438c868d5c,chunk_submod_96,chunk,submod,0.0,0.0,0.0,0.0,0.4824,1.0,85.0,1.0,1.0
5ae446175542995ad6573d1f,chunk_submod_96,chunk,submod,1.0,1.0,1.0,1.0,1.0,0.5,83.0,0.5,0.0
5ac2eec55542990b17b154c1,chunk_submod_96,chunk,submod,1.0,1.0,1.0,1.0,0.3617,0.5,94.0,1.0,1.0
5a836a765542996488c2e446,chunk_submod_96,chunk,submod,0.0,0.0,0.0,0.0,0.4125,1.0,80.0,1.0,1.0
5ae614215542992663a4f254,chunk_submod_96,chunk,submod,0.0,0.0,1.0,1.0,0.3978,0.5,93.0,0.5,0.0
5ade15a45542997545bbbe46,chunk_submod_96,chunk,submod,0.0,0.0,0.0,0.0,0.6562,1.0,96.0,1.0,1.0
5ac0641f554299294b218fbe,chunk_submod_96,chunk,submod,0.0,0.0,0.0,0.0,0.3021,0.5,96.0,1.0,1.0
5a7143625542994082a3e71e,chunk_submod_96,chunk,submod,0.0,0.0,1.0,1.0,0.0,0.0,81.0,0.5,0.0
5a8c51f0554299240d9c2111,chunk_submod_96,chunk,submod,0.0,0.8,0.0,0.0,0.5538,0.5,65.0,1.0,1.0
5a8719fa55429960ec39b742,chunk_submod_96,chunk,submod,0.0,0.0,1.0,1.0,0.0,0.0,65.0,1.0,1.0
5ab67f4c55429953192ad2d9,chunk_submod_96,chunk,submod,1.0,1.0,1.0,1.0,0.5077,0.5,65.0,1.0,1.0
5a7326cd5542991f29ee2d11,chunk_submod_96,chunk,submod,1.0,1.0,1.0,1.0,1.0,1.0,92.0,1.0,1.0
5ae0f4645542997b2ef7d0aa,chunk_submod_96,chunk,submod,0.0,0.0,1.0,1.0,0.6458,0.5,96.0,1.0,1.0
5a8c5c6f554299653c1aa04d,chunk_submod_96,chunk,submod,1.0,1.0,1.0,1.0,0.725,0.5,80.0,1.0,1.0
5abdb8ba5542993f32c2a015,chunk_submod_96,chunk,submod,0.0,0.0,1.0,1.0,0.3118,0.5,93.0,1.0,1.0
5ac11037554299294b21907a,chunk_submod_96,chunk,submod,0.0,0.0,0.0,0.75,0.5286,0.5,70.0,0.5,0.0
5ab833ad5542990e739ec86f,chunk_submod_96,chunk,submod,0.0,0.0,0.0,0.0,0.3291,0.5,79.0,0.5,0.0
5a88f9555542995153361214,chunk_submod_96,chunk,submod,0.0,0.0,0.0,0.3333,0.0,0.0,78.0,0.5,0.0
5a7e23655542997cc2c47528,chunk_submod_96,chunk,submod,0.0,0.0,0.0,0.0,0.25,0.5,76.0,0.5,0.0
5abfe2a15542997d6429591c,chunk_submod_96,chunk,submod,0.0,0.6667,1.0,1.0,0.6,1.0,90.0,1.0,1.0
5ae1fced5542997283cd230e,chunk_submod_96,chunk,submod,1.0,1.0,1.0,1.0,0.25,0.5,88.0,1.0,1.0
5a74994a55429974ef308c2e,chunk_submod_96,chunk,submod,1.0,1.0,1.0,1.0,0.5476,0.5,84.0,1.0,1.0
5ae6f2a7554299572ea5464a,chunk_submod_96,chunk,submod,0.0,0.0,0.0,0.0,0.6237,1.0,93.0,1.0,1.0
5a7f3f7c55429934daa2fd45,chunk_submod_96,chunk,submod,1.0,1.0,1.0,1.0,0.7053,1.0,95.0,1.0,1.0
5a7543d555429916b01642ce,chunk_submod_96,chunk,submod,1.0,1.0,1.0,1.0,0.5846,0.5,65.0,1.0,1.0
5ab938db5542996be2020454,chunk_submod_96,chunk,submod,1.0,1.0,1.0,1.0,0.2771,0.5,83.0,1.0,1.0
5ae30d4b55429928c42395cc,chunk_submod_96,chunk,submod,0.0,0.6667,1.0,1.0,0.5652,1.0,92.0,1.0,1.0
5ae622495542995703ce8b20,chunk_submod_96,chunk,submod,0.0,0.6667,1.0,1.0,0.48,0.5,75.0,0.5,0.0
5ae0fb8855429920d523425b,chunk_submod_96,chunk,submod,0.0,0.4,0.0,0.3333,0.4342,0.5,76.0,0.5,0.0
5ae665795542991bbc9760c9,chunk_submod_96,chunk,submod,1.0,1.0,1.0,1.0,1.0,1.0,78.0,1.0,1.0
5a77b13655429967ab105235,chunk_submod_96,chunk,submod,1.0,1.0,1.0,1.0,0.6562,1.0,96.0,1.0,1.0
5ae5415055429908b63265b7,chunk_submod_96,chunk,submod,0.0,0.0,0.0,0.0,0.5493,0.5,71.0,1.0,1.0
5a7bb16f554299294a54aa9f,chunk_submod_96,chunk,submod,0.0,0.4,1.0,1.0,0.2111,0.5,90.0,1.0,1.0
5ab9b2c7554299743d22ebaf,chunk_submod_96,chunk,submod,0.0,0.0,0.0,0.0,0.4556,0.5,90.0,1.0,1.0
5a7b12a355429927d897bf2a,chunk_submod_96,chunk,submod,0.0,0.0,0.0,0.0,0.2581,0.5,93.0,1.0,1.0
5addfe1c5542995b365fabaf,chunk_submod_96,chunk,submod,0.0,0.0,0.0,0.0,0.764,1.0,89.0,1.0,1.0
5a8391f55542996488c2e45c,chunk_submod_96,chunk,submod,1.0,1.0,1.0,1.0,1.0,1.0,94.0,1.0,1.0
5ab91b6c55429934fafe6e5f,chunk_submod_96,chunk,submod,0.0,0.6667,1.0,1.0,1.0,1.0,82.0,1.0,1.0
5a72a0be5542992359bc3143,chunk_submod_96,chunk,submod,0.0,0.0,1.0,1.0,0.5055,0.5,91.0,1.0,1.0
5ae764a85542997b22f6a720,chunk_submod_96,chunk,submod,0.0,0.0,0.0,0.6667,0.5843,0.5,89.0,1.0,1.0
5adbfaa655429947ff173888,chunk_submod_96,chunk,submod,1.0,1.0,1.0,1.0,1.0,1.0,86.0,1.0,1.0
5a8bc1565542996e8ac88a0c,chunk_submod_96,chunk,submod,0.0,0.0,0.0,0.8,0.0,0.0,93.0,0.5,0.0
5ae236445542992decbdcc69,chunk_submod_96,chunk,submod,0.0,0.4,0.0,0.5,0.383,0.5,94.0,1.0,1.0
5adf58f15542993a75d264d2,chunk_submod_96,chunk,submod,0.0,0.0,0.0,0.0,0.0,0.0,93.0,0.5,0.0
5ae7281c5542991e8301cb69,chunk_submod_96,chunk,submod,0.0,0.0,0.0,0.0,0.6395,0.5,86.0,1.0,1.0
5ac42ae45542997ea680ca18,chunk_submod_96,chunk,submod,0.0,0.8,1.0,1.0,0.7143,0.5,77.0,1.0,1.0
5a7312675542994cef4bc43d,chunk_submod_96,chunk,submod,0.0,0.0,1.0,1.0,0.7024,0.5,84.0,1.0,1.0
5ab1d7ac554299449642c7e6,chunk_submod_96,chunk,submod,0.0,0.0,1.0,1.0,0.3542,0.5,96.0,1.0,1.0
5a8e482c5542995a26add4c3,chunk_submod_96,chunk,submod,0.0,0.0,0.0,0.0,1.0,1.0,77.0,1.0,1.0
5a7f924c55429969796c1aba,chunk_submod_96,chunk,submod,0.0,0.0,0.0,0.5,0.5946,0.5,74.0,0.5,0.0
5addda1b5542992200553b55,chunk_submod_96,chunk,submod,1.0,1.0,1.0,1.0,0.6979,0.5,96.0,1.0,1.0
5a7d043755429909bec768f7,chunk_submod_96,chunk,submod,0.0,0.6667,1.0,1.0,0.4684,0.5,79.0,1.0,1.0
5a8089535542992bc0c4a762,chunk_submod_96,chunk,submod,1.0,1.0,1.0,1.0,0.7684,1.0,95.0,1.0,1.0
5abd049d5542992ac4f381a8,chunk_submod_96,chunk,submod,0.0,0.0,0.0,0.0,0.3448,0.5,87.0,1.0,1.0
5abbc7a055429931dba1451b,chunk_submod_96,chunk,submod,0.0,0.0,0.0,0.0,0.5672,0.5,67.0,1.0,1.0
5abdc18555429965af743e2b,chunk_submod_96,chunk,submod,0.0,0.0,1.0,1.0,0.3895,0.5,95.0,1.0,1.0
5adc3a7055429947ff173913,chunk_submod_96,chunk,submod,0.0,0.0,0.0,0.0,0.6081,0.5,74.0,1.0,1.0
5abbdb335542992ccd8e7fc1,chunk_submod_96,chunk,submod,0.0,0.0,0.0,0.0,0.2703,0.5,74.0,1.0,1.0
5ac1a5b45542991316484b8b,chunk_submod_96,chunk,submod,0.0,0.0,0.0,0.0,0.6479,0.5,71.0,1.0,1.0
5ac2616b5542996366519997,chunk_submod_96,chunk,submod,0.0,0.0,0.0,0.0,1.0,0.5,72.0,0.5,0.0
5ae3f6775542991a06ce9a3f,chunk_submod_96,chunk,submod,0.0,0.0,0.0,0.0,0.1684,0.5,95.0,1.0,1.0
5a8f15ec554299458435d552,chunk_submod_96,chunk,submod,1.0,1.0,1.0,1.0,0.413,0.5,92.0,1.0,1.0
5a8db9b3554299068b959dde,chunk_submod_96,chunk,submod,0.0,0.0,1.0,1.0,0.65,1.0,80.0,1.0,1.0
5ab3f6b9554299753aec5a03,chunk_submod_96,chunk,submod,0.0,0.0,0.0,0.0,0.0,0.0,89.0,0.5,0.0
5a736f7c5542991f29ee2e18,chunk_submod_96,chunk,submod,1.0,1.0,1.0,1.0,1.0,1.0,92.0,1.0,1.0
5ae618535542995703ce8af7,chunk_submod_96,chunk,submod,0.0,0.0,0.0,0.1111,0.2738,0.5,84.0,0.5,0.0
5a8b05c855429949d91db46a,chunk_submod_96,chunk,submod,1.0,1.0,1.0,1.0,0.5579,1.0,95.0,1.0,1.0
5ac1d40c5542994d76dccef5,chunk_submod_96,chunk,submod,0.0,0.0,0.0,0.0,0.5,0.5,96.0,0.5,0.0
5ae356045542990afbd1e10d,chunk_submod_96,chunk,submod,0.0,0.0,1.0,1.0,0.4,0.5,90.0,0.5,0.0
5ae002ec55429925eb1afbdc,chunk_submod_96,chunk,submod,1.0,1.0,0.0,0.0,0.382,0.5,89.0,0.5,0.0
5a89ddf25542992e4fca83ff,chunk_submod_96,chunk,submod,0.0,0.0,0.0,0.0,0.4944,0.5,89.0,1.0,1.0
5a903b7255429933b8a204ae,chunk_submod_96,chunk,submod,0.0,0.5,1.0,1.0,0.6421,1.0,95.0,1.0,1.0
5a84ac585542991dd0999d72,chunk_submod_96,chunk,submod,1.0,1.0,1.0,1.0,0.5,0.5,94.0,1.0,1.0
5a7cad635542996dd594b97f,chunk_submod_96,chunk,submod,0.0,0.0,0.0,0.6667,0.6585,1.0,82.0,1.0,1.0
5a75da6d5542992db94736fa,chunk_submod_96,chunk,submod,0.0,0.8,1.0,1.0,1.0,1.0,93.0,1.0,1.0
5ac4e13f554299076e296e2d,chunk_submod_96,chunk,submod,1.0,1.0,1.0,1.0,0.7368,1.0,76.0,1.0,1.0
5ab9b29c554299743d22ebae,chunk_submod_96,chunk,submod,1.0,1.0,1.0,1.0,0.0638,0.5,94.0,1.0,1.0
5ae2295c554299495565da13,chunk_submod_96,chunk,submod,0.0,0.3333,1.0,1.0,0.8298,1.0,94.0,1.0,1.0
5abd44d955429933744ab760,chunk_submod_96,chunk,submod,1.0,1.0,1.0,1.0,0.6711,0.5,76.0,1.0,1.0
5ae096d755429906c02daadf,chunk_submod_96,chunk,submod,1.0,1.0,1.0,1.0,0.4868,0.5,76.0,1.0,1.0
5abea6a05542993f32c2a18d,chunk_submod_96,chunk,submod,1.0,1.0,1.0,1.0,1.0,1.0,68.0,1.0,1.0
5ae1319c55429920d5234301,chunk_submod_96,chunk,submod,0.0,0.0,0.0,0.0,0.5802,0.5,81.0,1.0,1.0
5ab60aec554299110f2199c3,chunk_submod_96,chunk,submod,0.0,0.0,1.0,1.0,0.2651,0.5,83.0,1.0,1.0
5ae4e2ca55429908b63264aa,chunk_submod_96,chunk,submod,1.0,1.0,1.0,1.0,0.5325,0.5,77.0,1.0,1.0
5ae25d2b554299495565da46,chunk_submod_96,chunk,submod,0.0,0.0,0.0,0.0,0.2143,0.5,84.0,1.0,1.0
5ade630e55429975fa854eb7,chunk_submod_96,chunk,submod,0.0,0.0,0.0,0.0,0.0,0.0,87.0,1.0,1.0
5ab6be2f55429954757d335c,chunk_submod_96,chunk,submod,0.0,0.0,0.0,1.0,0.7089,0.5,79.0,1.0,1.0
5a74a62b55429916b01641a0,chunk_submod_96,chunk,submod,0.0,0.0,1.0,1.0,0.7473,1.0,91.0,1.0,1.0
5abcf299554299700f9d7936,chunk_submod_96,chunk,submod,0.0,0.0,0.0,0.0,0.4805,0.5,77.0,1.0,1.0
5adc6eb65542994650320cf3,chunk_submod_96,chunk,submod,0.0,0.0,0.0,0.0,0.1848,0.5,92.0,1.0,1.0
5ac1767a5542994d76dcce48,chunk_submod_96,chunk,submod,0.0,0.0,0.0,0.0,0.0,0.0,81.0,0.5,0.0
5ab5dc44554299494045f089,chunk_submod_96,chunk,submod,0.0,0.0,1.0,1.0,0.3288,0.5,73.0,1.0,1.0
5a8f5273554299458435d5b1,chunk_submod_96,chunk,submod,0.0,0.0,0.0,0.0,0.0,0.0,86.0,0.5,0.0
5addeb685542992200553bb1,chunk_submod_96,chunk,submod,0.0,0.6667,1.0,1.0,0.8101,1.0,79.0,1.0,1.0
5a870a8e55429960ec39b707,chunk_submod_96,chunk,submod,0.0,0.0,0.0,0.3333,0.6506,0.5,83.0,1.0,1.0
5a77ddb855429967ab1052d8,chunk_submod_96,chunk,submod,0.0,0.5714,0.0,0.4,0.7,0.5,90.0,1.0,1.0
5ab38cdd5542992ade7c6de2,chunk_submod_96,chunk,submod,1.0,1.0,1.0,1.0,0.4239,0.5,92.0,1.0,1.0
5a8f24cc55429924144829e7,chunk_submod_96,chunk,submod,0.0,0.5,1.0,1.0,0.6842,1.0,95.0,1.0,1.0
5ac401bb55429919431738f4,chunk_submod_96,chunk,submod,1.0,1.0,1.0,1.0,0.4933,0.5,75.0,0.5,0.0
5ab4b7d15542996a3a969fbc,chunk_submod_96,chunk,submod,1.0,1.0,0.0,0.0,0.4316,0.5,95.0,1.0,1.0
5a78f18855429974737f7915,chunk_submod_96,chunk,submod,1.0,1.0,1.0,1.0,0.3053,0.5,95.0,0.5,0.0
5a76394c5542994ccc918725,chunk_submod_96,chunk,submod,0.0,0.0,0.0,0.0,0.4265,0.5,68.0,0.5,0.0
5a78e49855429974737f78f3,chunk_submod_96,chunk,submod,1.0,1.0,1.0,1.0,0.4875,0.5,80.0,1.0,1.0
5a8fdb955542990a98493572,chunk_submod_96,chunk,submod,0.0,0.0,0.0,0.0,0.4348,0.5,69.0,1.0,1.0
5a7b9f1f554299294a54aa2a,chunk_submod_96,chunk,submod,0.0,0.8,0.0,0.6667,0.2099,0.5,81.0,1.0,1.0
5adc396155429944faac2479,chunk_submod_96,chunk,submod,0.0,0.0,0.0,0.0,0.1458,0.5,96.0,1.0,1.0
5a75357c5542996c70cfaeab,chunk_submod_96,chunk,submod,1.0,1.0,0.0,0.0,0.5256,0.5,78.0,1.0,1.0
5ac312ee5542995ef918c0ec,chunk_submod_96,chunk,submod,0.0,0.0,1.0,1.0,0.3596,0.5,89.0,1.0,1.0
5add38355542990dbb2f7dd0,chunk_submod_96,chunk,submod,0.0,0.0,0.0,0.0,0.3125,0.5,80.0,0.5,0.0
5ac471a5554299194317399a,chunk_submod_96,chunk,submod,0.0,0.0,0.0,0.0,0.4409,0.5,93.0,0.5,0.0
5a70f1685542994082a3e40f,chunk_submod_96,chunk,submod,0.0,0.2857,1.0,1.0,0.2989,1.0,87.0,1.0,1.0
5ab5f372554299488d4d9a60,chunk_submod_96,chunk,submod,0.0,0.0,0.0,0.3846,0.2771,0.5,83.0,1.0,1.0
5a7e1cd955429965cec5ea76,chunk_submod_96,chunk,submod,0.0,0.0,0.0,0.0,0.0,0.0,96.0,0.0,0.0
5adce3265542992c1e3a2466,chunk_submod_96,chunk,submod,0.0,0.0,0.0,0.0,0.7614,0.5,88.0,0.5,0.0
5a8adc935542992d82986fb0,chunk_submod_96,chunk,submod,0.0,0.0,1.0,1.0,0.5699,1.0,93.0,1.0,1.0
5a73bddb55429978a71e909d,chunk_submod_96,chunk,submod,1.0,1.0,1.0,1.0,0.5,1.0,78.0,1.0,1.0
5ae5736e5542990ba0bbb2b3,chunk_submod_96,chunk,submod,1.0,1.0,1.0,1.0,0.3333,0.5,93.0,1.0,1.0
5a8d4cf35542994ba4e3dc5f,chunk_submod_96,chunk,submod,0.0,0.0,0.0,0.0,0.0,0.0,80.0,0.0,0.0
5a9023d355429916514e742f,chunk_submod_96,chunk,submod,0.0,0.0,0.0,0.0,0.3152,0.5,92.0,0.5,0.0
5adfad2b554299603e41835c,chunk_submod_96,chunk,submod,1.0,1.0,1.0,1.0,0.7536,1.0,69.0,1.0,1.0
5a8cddd1554299441c6b9f3a,chunk_submod_96,chunk,submod,0.0,0.3333,0.0,0.5,0.3871,0.5,93.0,1.0,1.0
5a79f6825542996c55b2dcb4,chunk_submod_96,chunk,submod,0.0,0.0,1.0,1.0,0.4286,0.5,77.0,1.0,1.0
5a8900c75542997e5c09a6ed,chunk_submod_96,chunk,submod,1.0,1.0,1.0,1.0,0.3194,0.5,72.0,1.0,1.0
5ab27f7b554299722f9b4d4f,chunk_submod_96,chunk,submod,0.0,0.0,0.0,0.0,0.0,0.0,94.0,0.5,0.0
5ac257fe55429951e9e68562,chunk_submod_96,chunk,submod,0.0,0.4,1.0,1.0,0.2651,0.5,83.0,1.0,1.0
5ab94cf0554299743d22eade,chunk_submod_96,chunk,submod,0.0,0.0,0.0,0.0,0.5797,0.5,69.0,1.0,1.0
5ac017945542997d642959bc,chunk_submod_96,chunk,submod,0.0,0.0,0.0,0.0,0.4881,0.5,84.0,0.5,0.0
5ac19d4c55429963665198bb,chunk_submod_96,chunk,submod,1.0,1.0,1.0,1.0,0.0,0.0,64.0,1.0,1.0
5abbd2575542993f40c73bbd,chunk_submod_96,chunk,submod,0.0,0.0,0.0,0.0,0.4024,0.5,82.0,0.5,0.0
5a888b8e5542997e5c09a60a,chunk_submod_96,chunk,submod,0.0,0.4444,0.0,0.2857,0.6098,0.5,82.0,1.0,1.0
5a712e895542994082a3e636,chunk_submod_96,chunk,submod,0.0,0.0,0.0,0.3333,0.6702,0.5,94.0,1.0,1.0
5a85ecf25542991dd0999ec6,chunk_submod_96,chunk,submod,1.0,1.0,1.0,1.0,0.7416,1.0,89.0,1.0,1.0
5adfe6c455429906c02daa85,chunk_submod_96,chunk,submod,0.0,0.0,0.0,0.0,0.0,0.0,71.0,0.5,0.0
5ac448185542995c82c4ad1b,chunk_submod_96,chunk,submod,0.0,0.0,0.0,1.0,1.0,0.5,64.0,1.0,1.0
5ae1faf15542997f29b3c1e3,chunk_submod_96,chunk,submod,1.0,1.0,1.0,1.0,0.3723,1.0,94.0,1.0,1.0
5ab7af9d5542993667793fe9,chunk_submod_96,chunk,submod,0.0,0.0,0.0,0.0,0.5319,1.0,94.0,1.0,1.0
5ae1e9635542997f29b3c19e,chunk_submod_96,chunk,submod,1.0,1.0,1.0,1.0,0.1724,0.5,87.0,1.0,1.0
5ade28cf5542997c77aded85,chunk_submod_96,chunk,submod,1.0,1.0,1.0,1.0,0.3636,0.5,88.0,1.0,1.0
5a7b116a554299042af8f6c4,chunk_submod_96,chunk,submod,0.0,0.0,0.0,0.0,0.5088,0.5,57.0,0.5,0.0
5a72f1cf5542994cef4bc414,chunk_submod_96,chunk,submod,1.0,1.0,1.0,1.0,0.6848,0.5,92.0,0.5,0.0
5ab7b3cc55429928e1fe3893,chunk_submod_96,chunk,submod,0.0,0.0,0.0,0.0,0.7356,1.0,87.0,1.0,1.0
5ae32b6755429928c4239644,chunk_submod_96,chunk,submod,0.0,0.0,0.0,0.0,0.7273,1.0,77.0,1.0,1.0
5ab3c53955429969a97a81b9,chunk_submod_96,chunk,submod,0.0,0.0,0.0,0.0,0.0,0.0,93.0,0.5,0.0
5a8b349a55429971feec466b,chunk_submod_96,chunk,submod,1.0,1.0,0.0,0.0,0.7805,1.0,82.0,1.0,1.0
5ac2db67554299657fa290a6,chunk_submod_96,chunk,submod,0.0,0.0,1.0,1.0,1.0,1.0,88.0,1.0,1.0
5ab5ec2a5542992aa134a3e3,chunk_submod_96,chunk,submod,0.0,0.0,1.0,1.0,0.2979,0.5,94.0,1.0,1.0
5ab661ac5542995eadeeffb1,chunk_submod_96,chunk,submod,0.0,0.5,0.0,0.3333,0.6484,0.5,91.0,0.5,0.0
5abee69c5542993fe9a41d8b,chunk_submod_96,chunk,submod,0.0,0.0,0.0,0.6,0.6076,0.5,79.0,1.0,1.0
5ac0aab35542992a796ded5c,chunk_submod_96,chunk,submod,1.0,1.0,1.0,1.0,0.9342,1.0,76.0,1.0,1.0
5a84c4b05542991dd0999deb,chunk_submod_96,chunk,submod,1.0,1.0,0.0,0.0,0.7579,1.0,95.0,1.0,1.0
5abd6be55542993062266c89,chunk_submod_96,chunk,submod,0.0,0.0,0.0,0.25,0.2386,0.5,88.0,1.0,1.0
5a8a19c45542992e4fca8501,chunk_submod_96,chunk,submod,0.0,0.0,0.0,0.0,0.5854,1.0,82.0,1.0,1.0
5abcef9e55429959677d6b52,chunk_submod_96,chunk,submod,0.0,0.75,1.0,1.0,1.0,1.0,92.0,1.0,1.0
5a81c7d15542990a1d231ea9,chunk_submod_96,chunk,submod,0.0,0.0,0.0,0.75,0.7753,1.0,89.0,1.0,1.0
5adccaca5542994d58a2f6d5,chunk_submod_96,chunk,submod,1.0,1.0,1.0,1.0,0.2989,0.5,87.0,0.5,0.0
5a84f5865542991dd0999e30,chunk_submod_96,chunk,submod,0.0,0.5,0.0,0.0,0.4247,0.5,73.0,0.5,0.0
5a7633ff5542994ccc918712,chunk_submod_96,chunk,submod,1.0,1.0,1.0,1.0,0.6559,1.0,93.0,1.0,1.0
5a8d7f2b554299068b959d0c,chunk_submod_96,chunk,submod,1.0,1.0,1.0,1.0,0.7204,0.5,93.0,1.0,1.0
5ac3def75542997ea680c95f,chunk_submod_96,chunk,submod,0.0,0.0,0.0,0.0,0.337,0.5,92.0,1.0,1.0
5ae6316d5542996de7b71b87,chunk_submod_96,chunk,submod,0.0,0.3333,0.0,0.25,1.0,0.5,83.0,1.0,1.0
5ab5eed65542997d4ad1f25c,chunk_submod_96,chunk,submod,1.0,1.0,1.0,1.0,0.2947,1.0,95.0,1.0,1.0
5ab29c24554299449642c932,chunk_submod_96,chunk,submod,0.0,0.0,0.0,0.0,0.6667,1.0,84.0,1.0,1.0
5ab809195542991d3222380f,chunk_submod_96,chunk,submod,1.0,1.0,1.0,1.0,0.6753,1.0,77.0,1.0,1.0
5a834ed95542990548d0b1ca,chunk_submod_96,chunk,submod,0.0,0.6667,1.0,1.0,0.5556,0.5,72.0,1.0,1.0
5ade9545554299728e26c740,chunk_submod_96,chunk,submod,0.0,0.5,1.0,1.0,0.622,0.5,82.0,0.5,0.0
5a8b97485542995d1e6f140f,chunk_submod_96,chunk,submod,0.0,0.0,1.0,1.0,0.642,1.0,81.0,1.0,1.0
5ac056385542997d64295a08,chunk_submod_96,chunk,submod,0.0,0.0,0.0,0.0,0.6744,1.0,86.0,1.0,1.0
5abd96fe5542992ac4f382d9,chunk_submod_96,chunk,submod,0.0,0.0,1.0,1.0,0.5227,1.0,88.0,1.0,1.0
5ae2138c5542997283cd23b7,ace_focused_96,ace,focused,0.0,0.0,0.0,0.0,1.0,1.0,84.0,1.0,1.0
5a77152355429966f1a36c2e,ace_focused_96,ace,focused,0.0,0.0,1.0,1.0,0.3253,0.5,83.0,0.5,0.0
5ade99ad554299728e26c75d,ace_focused_96,ace,focused,0.0,0.4,1.0,1.0,0.7846,0.5,65.0,1.0,1.0
5ab81cff5542990e739ec827,ace_focused_96,ace,focused,1.0,1.0,1.0,1.0,0.8958,1.0,96.0,1.0,1.0
5ae5be02554299546bf82f3e,ace_focused_96,ace,focused,0.0,0.0,0.0,0.0,0.0,0.0,91.0,0.0,0.0
5ae3f1bb5542995ad6573cbe,ace_focused_96,ace,focused,1.0,1.0,1.0,1.0,0.7553,1.0,94.0,1.0,1.0
5a8389445542996488c2e450,ace_focused_96,ace,focused,1.0,1.0,1.0,1.0,1.0,1.0,93.0,1.0,1.0
5a89fc305542993b751ca9dc,ace_focused_96,ace,focused,1.0,1.0,1.0,1.0,0.7128,0.5,94.0,1.0,1.0
5a85bc2d5542994c784ddb70,ace_focused_96,ace,focused,1.0,1.0,1.0,1.0,0.8077,1.0,78.0,1.0,1.0
5a7b1c745542992d025e6777,ace_focused_96,ace,focused,0.0,0.0,0.0,0.0,0.7195,0.5,82.0,0.5,0.0
5ae2d8fb55429928c42394fa,ace_focused_96,ace,focused,0.0,0.0,0.0,0.2,0.3333,0.5,93.0,0.5,0.0
5ae7f6be554299540e5a56db,ace_focused_96,ace,focused,0.0,0.0,0.0,0.0,0.1935,0.5,93.0,1.0,1.0
5a773ae055429972597f14b0,ace_focused_96,ace,focused,0.0,0.6667,1.0,1.0,0.7765,1.0,85.0,1.0,1.0
5a75abbb5542992d0ec05fd9,ace_focused_96,ace,focused,1.0,1.0,1.0,1.0,0.3085,0.5,94.0,0.5,0.0
5ae4c49a5542995dadf24400,ace_focused_96,ace,focused,0.0,0.0,0.0,0.0,0.3289,0.5,76.0,0.5,0.0
5ac44813554299194317396b,ace_focused_96,ace,focused,1.0,1.0,1.0,1.0,0.9186,1.0,86.0,1.0,1.0
5abfc8675542993fe9a41e52,ace_focused_96,ace,focused,1.0,1.0,1.0,1.0,1.0,1.0,90.0,1.0,1.0
5a8aeadc55429950cd6afbe0,ace_focused_96,ace,focused,1.0,1.0,1.0,1.0,0.1383,0.5,94.0,1.0,1.0
5ab2082f554299722f9b4c9f,ace_focused_96,ace,focused,0.0,0.0,0.0,0.0,0.0,0.0,79.0,1.0,1.0
5ae0ba15554299603e41844d,ace_focused_96,ace,focused,1.0,1.0,1.0,1.0,0.6667,1.0,90.0,1.0,1.0
5a7332935542991f9a20c67d,ace_focused_96,ace,focused,1.0,1.0,1.0,1.0,0.5843,0.5,89.0,1.0,1.0
5a9068f85542990a98493623,ace_focused_96,ace,focused,0.0,0.0,0.0,0.0,1.0,0.5,80.0,1.0,1.0
5addd5795542990dbb2f7e9d,ace_focused_96,ace,focused,0.0,0.0,0.0,0.0,0.5161,0.5,93.0,1.0,1.0
5adfa3da554299025d62a317,ace_focused_96,ace,focused,0.0,0.0,0.0,0.0,0.0,0.0,93.0,0.5,0.0
5ae6443355429908198fa563,ace_focused_96,ace,focused,0.0,0.6667,0.0,0.5,1.0,1.0,94.0,1.0,1.0
5ab98608554299131ca42362,ace_focused_96,ace,focused,1.0,1.0,1.0,1.0,0.4505,0.5,91.0,0.5,0.0
5ae61bfd5542992663a4f261,ace_focused_96,ace,focused,0.0,0.0,0.0,0.0,0.0,0.0,75.0,0.5,0.0
5ab870ed55429934fafe6db9,ace_focused_96,ace,focused,0.0,0.0,0.0,0.0,0.6022,0.5,93.0,0.5,0.0
5abcfc365542993a06baf9d6,ace_focused_96,ace,focused,0.0,0.0,0.0,0.0,0.0,0.0,89.0,0.0,0.0
5add63845542992ae4cec541,ace_focused_96,ace,focused,0.0,0.0,0.0,0.2,0.4235,0.5,85.0,1.0,1.0
5ae2a0a1554299495565dae9,ace_focused_96,ace,focused,1.0,1.0,1.0,1.0,0.5109,1.0,92.0,1.0,1.0
5a84eecd5542994c784dda8e,ace_focused_96,ace,focused,0.0,0.0,1.0,1.0,0.4222,0.5,90.0,1.0,1.0
5a85fa815542996432c57155,ace_focused_96,ace,focused,0.0,0.0,0.0,0.0,0.6552,0.5,87.0,1.0,1.0
5a84a5385542990548d0b2d9,ace_focused_96,ace,focused,1.0,1.0,1.0,1.0,0.9167,1.0,96.0,1.0,1.0
5a78f26055429970f5fffdeb,ace_focused_96,ace,focused,0.0,0.8,0.0,0.6667,0.3951,0.5,81.0,1.0,1.0
5a86edcc55429960ec39b6da,ace_focused_96,ace,focused,1.0,1.0,1.0,1.0,0.4419,0.5,86.0,1.0,1.0
5ae7766455429952e35ea920,ace_focused_96,ace,focused,0.0,0.0,1.0,1.0,0.4839,0.5,93.0,1.0,1.0
5a77863555429949eeb29ec6,ace_focused_96,ace,focused,0.0,0.6667,1.0,1.0,0.5873,1.0,63.0,1.0,1.0
5ab3cc395542992ade7c6e9f,ace_focused_96,ace,focused,0.0,0.0,0.0,0.2,1.0,0.5,81.0,0.5,0.0
5add016e5542992c1e3a250b,ace_focused_96,ace,focused,0.0,0.0,0.0,0.5,0.5604,0.5,91.0,1.0,1.0
5a8bd9c95542997f31a41de2,ace_focused_96,ace,focused,0.0,0.0,0.0,0.3333,0.5938,0.5,96.0,1.0,1.0
5a8f13d55542997ba9cb31c9,ace_focused_96,ace,focused,0.0,0.8,1.0,1.0,0.9775,1.0,89.0,1.0,1.0
5ac248fd55429951e9e68525,ace_focused_96,ace,focused,0.0,0.0,0.0,0.0,0.4828,0.5,87.0,0.5,0.0
5adbcd475542996e68525240,ace_focused_96,ace,focused,1.0,1.0,1.0,1.0,1.0,1.0,88.0,1.0,1.0
5a7c8a3b55429935c91b5204,ace_focused_96,ace,focused,1.0,1.0,1.0,1.0,0.6842,1.0,95.0,1.0,1.0
5a7f40de5542992e7d278cc8,ace_focused_96,ace,focused,0.0,0.0,0.0,0.6667,0.5116,0.5,86.0,0.5,0.0
5ab2c6a955429916697740c2,ace_focused_96,ace,focused,1.0,1.0,1.0,1.0,1.0,1.0,89.0,1.0,1.0
5ac3165c5542995ef918c10a,ace_focused_96,ace,focused,1.0,1.0,1.0,1.0,0.3205,0.5,78.0,0.5,0.0
5a7577145542996c70cfaf03,ace_focused_96,ace,focused,0.0,0.0,1.0,1.0,1.0,1.0,91.0,1.0,1.0
5a8f45385542997ba9cb320a,ace_focused_96,ace,focused,0.0,0.0,1.0,1.0,0.0,0.0,82.0,1.0,1.0
5adea83b55429975fa854f53,ace_focused_96,ace,focused,0.0,0.0,1.0,1.0,0.1596,0.5,94.0,0.5,0.0
5ab4428c5542990594ba9bda,ace_focused_96,ace,focused,0.0,0.0,0.0,0.0,0.4719,0.5,89.0,1.0,1.0
5a90692f5542990a98493625,ace_focused_96,ace,focused,1.0,1.0,1.0,1.0,0.4479,0.5,96.0,1.0,1.0
5ae68a065542991bbc97611e,ace_focused_96,ace,focused,0.0,0.0,0.0,0.0,0.6265,0.5,83.0,1.0,1.0
5ab2929a554299449642c900,ace_focused_96,ace,focused,0.0,0.8571,0.0,1.0,0.3118,0.5,93.0,0.5,0.0
5adf434c5542993a75d26462,ace_focused_96,ace,focused,1.0,1.0,1.0,1.0,1.0,1.0,85.0,1.0,1.0
5ac4ecea55429919431739fd,ace_focused_96,ace,focused,0.0,0.0,0.0,0.25,0.5529,0.5,85.0,0.5,0.0
5a85dfcc5542994775f60673,ace_focused_96,ace,focused,0.0,0.0,0.0,0.5,0.4737,0.5,95.0,1.0,1.0
5a8085705542992bc0c4a74b,ace_focused_96,ace,focused,0.0,0.0,0.0,0.6667,0.0,0.0,75.0,1.0,1.0
5ae3992d5542994393b9e722,ace_focused_96,ace,focused,0.0,0.0,1.0,1.0,0.4333,0.5,90.0,1.0,1.0
5ae7793c554299540e5a55c2,ace_focused_96,ace,focused,0.0,0.0,0.0,0.0,0.5,0.5,72.0,1.0,1.0
5a7f46115542994857a766d9,ace_focused_96,ace,focused,0.0,0.5,1.0,1.0,1.0,1.0,95.0,1.0,1.0
5a7380b955429908901be2d4,ace_focused_96,ace,focused,0.0,0.0,1.0,1.0,0.7356,1.0,87.0,1.0,1.0
5abfd3d65542994516f4550b,ace_focused_96,ace,focused,1.0,1.0,0.0,0.0,1.0,1.0,95.0,1.0,1.0
5abf2e605542993fe9a41de4,ace_focused_96,ace,focused,1.0,1.0,1.0,1.0,1.0,1.0,84.0,1.0,1.0
5ae256435542992decbdccc3,ace_focused_96,ace,focused,0.0,0.0,0.0,0.0,0.4545,0.5,77.0,0.5,0.0
5ab819065542995dae37ea3c,ace_focused_96,ace,focused,0.0,0.0,1.0,1.0,0.7957,0.5,93.0,1.0,1.0
5adfb10855429942ec259af9,ace_focused_96,ace,focused,1.0,1.0,1.0,1.0,0.4792,1.0,96.0,1.0,1.0
5ae0a54e5542993d6555ebdd,ace_focused_96,ace,focused,0.0,0.8,1.0,1.0,0.6593,0.5,91.0,1.0,1.0
5ab327bc554299233954ff33,ace_focused_96,ace,focused,0.0,0.4,0.0,0.3333,0.2927,0.5,82.0,1.0,1.0
5a7c703055429935c91b51aa,ace_focused_96,ace,focused,0.0,0.8571,1.0,1.0,1.0,1.0,60.0,1.0,1.0
5abe19895542991f661060c2,ace_focused_96,ace,focused,0.0,0.0,1.0,1.0,0.0,0.0,84.0,1.0,1.0
5ac26d4d55429951e9e685b7,ace_focused_96,ace,focused,0.0,0.0,0.0,0.3333,1.0,0.5,70.0,1.0,1.0
5add95035542990dbb2f7e77,ace_focused_96,ace,focused,0.0,0.0,1.0,1.0,0.8229,1.0,96.0,1.0,1.0
5adc46665542994650320cc8,ace_focused_96,ace,focused,0.0,0.0,0.0,0.0,0.0,0.0,82.0,0.0,0.0
5ac259125542992f1f2b3867,ace_focused_96,ace,focused,0.0,0.8571,1.0,1.0,1.0,1.0,90.0,1.0,1.0
5a81624d5542995ce29dcbf1,ace_focused_96,ace,focused,0.0,0.0,1.0,1.0,1.0,1.0,92.0,1.0,1.0
5a7933b255429907847277eb,ace_focused_96,ace,focused,1.0,1.0,1.0,1.0,0.3418,0.5,79.0,1.0,1.0
5a7754d85542993735360234,ace_focused_96,ace,focused,0.0,0.0,0.0,0.6667,0.4333,0.5,90.0,0.5,0.0
5a80c01855429938b61421b8,ace_focused_96,ace,focused,0.0,0.0,0.0,0.0,0.0,0.0,89.0,0.5,0.0
5ab2b61d5542991669774065,ace_focused_96,ace,focused,0.0,0.0,0.0,0.0,0.4526,0.5,95.0,0.5,0.0
5ae8167b55429952e35eaa06,ace_focused_96,ace,focused,1.0,1.0,1.0,1.0,0.5679,0.5,81.0,1.0,1.0
5a7bacf35542997c3ec9724b,ace_focused_96,ace,focused,0.0,0.0,0.0,0.8,0.172,0.5,93.0,0.5,0.0
5ac2610455429951e9e68592,ace_focused_96,ace,focused,0.0,0.0,0.0,0.0,0.3146,0.5,89.0,0.5,0.0
5a7c827e55429907fabeefa7,ace_focused_96,ace,focused,0.0,0.0,0.0,0.0,0.6623,0.5,77.0,0.5,0.0
5a81711455429938b614233e,ace_focused_96,ace,focused,0.0,0.0,0.0,0.0,0.3077,0.5,91.0,1.0,1.0
5adfd0d655429942ec259b4e,ace_focused_96,ace,focused,0.0,0.0,0.0,0.0,0.5714,0.5,91.0,1.0,1.0
5adc85b855429944faac24e9,ace_focused_96,ace,focused,1.0,1.0,0.0,1.0,0.4819,1.0,83.0,1.0,1.0
5abfde655542997719eab6f2,ace_focused_96,ace,focused,0.0,0.0,1.0,1.0,1.0,1.0,91.0,1.0,1.0
5a72953b5542994cef4bc357,ace_focused_96,ace,focused,0.0,0.0,0.0,0.0,0.0,0.0,96.0,0.5,0.0
5ab989f755429970cfb8eb38,ace_focused_96,ace,focused,1.0,1.0,1.0,1.0,0.5119,0.5,84.0,0.5,0.0
5ae2133e554299495565d9e3,ace_focused_96,ace,focused,0.0,0.0,0.0,0.0,0.4483,0.5,87.0,0.5,0.0
5a82d71555429966c78a6a94,ace_focused_96,ace,focused,0.0,0.0,0.0,0.0,0.75,1.0,96.0,1.0,1.0
5ae1c3cd554299492dc91b87,ace_focused_96,ace,focused,0.0,0.3333,0.0,0.5,0.4432,0.5,88.0,1.0,1.0
5ac2583b55429951e9e68565,ace_focused_96,ace,focused,1.0,1.0,1.0,1.0,0.5333,1.0,90.0,1.0,1.0
5a82a55955429966c78a6a70,ace_focused_96,ace,focused,0.0,0.0,0.0,0.2,0.0,0.0,92.0,0.0,0.0
5ae5dae2554299546bf82fa4,ace_focused_96,ace,focused,1.0,1.0,1.0,1.0,1.0,1.0,82.0,1.0,1.0
5ac195455542991316484b40,ace_focused_96,ace,focused,0.0,0.0,0.0,0.0,1.0,0.5,82.0,0.5,0.0
5ae785685542994a481bbd47,ace_focused_96,ace,focused,1.0,1.0,1.0,1.0,0.6562,1.0,96.0,1.0,1.0
5ae5429355429908b63265c5,ace_focused_96,ace,focused,0.0,0.0,0.0,0.0,0.4494,0.5,89.0,1.0,1.0
5a8ba60b554299240d9c205b,ace_focused_96,ace,focused,1.0,1.0,1.0,1.0,0.5729,1.0,96.0,1.0,1.0
5a82f05255429966c78a6aa2,ace_focused_96,ace,focused,1.0,1.0,1.0,1.0,0.3483,0.5,89.0,1.0,1.0
5abfea825542994516f45527,ace_focused_96,ace,focused,0.0,0.0,0.0,0.0,0.4783,0.5,92.0,0.5,0.0
5aba6f3e55429955dce3ee21,ace_focused_96,ace,focused,0.0,0.0,0.0,0.0,0.0,0.0,79.0,1.0,1.0
5ae113de55429901ffe4ad51,ace_focused_96,ace,focused,1.0,1.0,1.0,1.0,1.0,1.0,86.0,1.0,1.0
5adce4f65542992c1e3a2474,ace_focused_96,ace,focused,0.0,0.0,0.0,0.3333,0.0,0.0,73.0,1.0,1.0
5ab27587554299449642c8af,ace_focused_96,ace,focused,0.0,0.0,0.0,0.0,0.0,0.0,86.0,0.5,0.0
5a7323ad5542994cef4bc476,ace_focused_96,ace,focused,0.0,0.0,1.0,1.0,0.6809,0.5,94.0,1.0,1.0
5abc17555542993a06baf858,ace_focused_96,ace,focused,0.0,0.0,0.0,0.5,0.2917,0.5,96.0,0.5,0.0
5ab9fe1255429939ce03dc40,ace_focused_96,ace,focused,0.0,0.3636,0.0,0.5,0.0,0.0,81.0,1.0,1.0
5a8b6ac055429949d91db5a5,ace_focused_96,ace,focused,1.0,1.0,1.0,1.0,0.5921,1.0,76.0,1.0,1.0
5a87136e5542991e771816b2,ace_focused_96,ace,focused,0.0,0.0,0.0,0.0,0.5806,0.5,93.0,1.0,1.0
5abff0625542997ec76fd476,ace_focused_96,ace,focused,0.0,0.0,1.0,1.0,0.6136,1.0,88.0,1.0,1.0
5a7526945542993748c897d2,ace_focused_96,ace,focused,0.0,0.0,0.0,0.0,0.5495,0.5,91.0,0.5,0.0
5abc8620554299700f9d78e2,ace_focused_96,ace,focused,0.0,0.0,1.0,1.0,1.0,1.0,70.0,1.0,1.0
5a72a3c45542994cef4bc3ac,ace_focused_96,ace,focused,0.0,0.0,0.0,0.0,0.85,0.5,80.0,0.5,0.0
5ac170af5542994d76dcce20,ace_focused_96,ace,focused,0.0,0.6667,1.0,1.0,0.5591,0.5,93.0,1.0,1.0
5ae5f3bb5542996de7b71a7e,ace_focused_96,ace,focused,0.0,0.0,0.0,0.0,0.0,0.0,82.0,0.5,0.0
5a7f7ca25542994857a76747,ace_focused_96,ace,focused,0.0,0.0,1.0,1.0,0.0,0.0,80.0,0.5,0.0
5adca8375542990d50227cd4,ace_focused_96,ace,focused,0.0,0.0,0.0,0.0,0.7188,0.5,96.0,0.5,0.0
5ac3e1075542995c82c4ac78,ace_focused_96,ace,focused,1.0,1.0,1.0,1.0,0.6771,0.5,96.0,1.0,1.0
5a7db0915542990b8f503a30,ace_focused_96,ace,focused,1.0,1.0,1.0,1.0,0.375,1.0,96.0,1.0,1.0
5a81e04455429903bc27b9f9,ace_focused_96,ace,focused,0.0,0.0,0.0,0.125,0.0,0.0,70.0,0.5,0.0
5a8a573355429970aeb7029a,ace_focused_96,ace,focused,0.0,0.0,1.0,1.0,1.0,1.0,81.0,1.0,1.0
5a75e60e55429976ec32bc88,ace_focused_96,ace,focused,0.0,0.0,0.0,0.0,0.0,0.0,87.0,0.5,0.0
5abce73055429959677d6b34,ace_focused_96,ace,focused,0.0,0.0,0.0,0.0,0.5053,0.5,95.0,1.0,1.0
5a87572d5542994846c1cd6b,ace_focused_96,ace,focused,0.0,0.0,0.0,0.25,0.3882,0.5,85.0,0.5,0.0
5a89761d5542995153361310,ace_focused_96,ace,focused,1.0,1.0,1.0,1.0,0.6277,1.0,94.0,1.0,1.0
5a8d5f16554299585d9e37c5,ace_focused_96,ace,focused,1.0,1.0,0.0,1.0,1.0,1.0,95.0,1.0,1.0
5ae7cea355429952e35ea9c1,ace_focused_96,ace,focused,0.0,0.0,1.0,1.0,0.5062,0.5,81.0,0.5,0.0
5ab600fb554299488d4d9a82,ace_focused_96,ace,focused,0.0,0.0,1.0,1.0,0.4316,0.5,95.0,0.5,0.0
5a7f7c285542994857a76746,ace_focused_96,ace,focused,0.0,0.0,0.0,0.0,0.4062,0.5,96.0,1.0,1.0
5ade61fd554299728e26c704,ace_focused_96,ace,focused,1.0,1.0,1.0,1.0,1.0,1.0,93.0,1.0,1.0
5a73630655429901807db020,ace_focused_96,ace,focused,0.0,0.0,1.0,1.0,0.5316,0.5,79.0,1.0,1.0
5ab916e155429919ba4e23a4,ace_focused_96,ace,focused,1.0,1.0,1.0,1.0,0.4896,0.5,96.0,1.0,1.0
5ae0af5555429945ae95941e,ace_focused_96,ace,focused,0.0,0.0,1.0,1.0,0.527,0.5,74.0,1.0,1.0
5a865bbf5542991e77181615,ace_focused_96,ace,focused,0.0,0.0,0.0,0.3333,0.3021,0.5,96.0,1.0,1.0
5a8fa20555429918e830d298,ace_focused_96,ace,focused,0.0,0.0,0.0,0.0,0.7011,0.5,87.0,1.0,1.0
5ab97cd0554299753720f81a,ace_focused_96,ace,focused,1.0,1.0,1.0,1.0,0.5217,0.5,92.0,1.0,1.0
5ae7ed9555429952e35ea9e6,ace_focused_96,ace,focused,0.0,0.0,1.0,1.0,0.6889,1.0,90.0,1.0,1.0
5aded1595542995ec70e8f29,ace_focused_96,ace,focused,0.0,0.0,0.0,0.0,0.3563,0.5,87.0,1.0,1.0
5adc3aff5542996e685252eb,ace_focused_96,ace,focused,0.0,0.0,0.0,0.5,0.4674,0.5,92.0,0.5,0.0
5ae2ee5e5542991a06ce990a,ace_focused_96,ace,focused,0.0,0.6667,1.0,1.0,1.0,0.5,58.0,1.0,1.0
5a8e42d15542995a26add4a6,ace_focused_96,ace,focused,0.0,0.0,1.0,1.0,0.383,0.5,94.0,1.0,1.0
5a7a33a35542994f819ef14c,ace_focused_96,ace,focused,0.0,0.0,1.0,1.0,0.814,1.0,86.0,1.0,1.0
5ae69fa755429908198fa66c,ace_focused_96,ace,focused,0.0,0.0,0.0,0.0,0.4333,0.5,90.0,0.5,0.0
5a7e279d5542995ed0d166b5,ace_focused_96,ace,focused,0.0,0.0,0.0,0.0,0.0,0.0,68.0,0.5,0.0
5a79c6a55542994bb9457091,ace_focused_96,ace,focused,0.0,0.8,1.0,1.0,0.5556,0.5,90.0,1.0,1.0
5a739d8c55429905862fe073,ace_focused_96,ace,focused,0.0,0.0,0.0,0.0,0.2414,0.5,87.0,0.5,0.0
5a7fc21455429969796c1b4b,ace_focused_96,ace,focused,1.0,1.0,1.0,1.0,0.5735,0.5,68.0,1.0,1.0
5ae1da385542997283cd2297,ace_focused_96,ace,focused,0.0,0.6667,1.0,1.0,0.5326,1.0,92.0,1.0,1.0
5ab5f249554299488d4d9a5d,ace_focused_96,ace,focused,0.0,0.0,1.0,1.0,0.4225,0.5,71.0,1.0,1.0
5ab9180b5542991b5579f0f3,ace_focused_96,ace,focused,1.0,1.0,1.0,1.0,0.3854,0.5,96.0,1.0,1.0
5ae0f8a05542997b2ef7d0bc,ace_focused_96,ace,focused,1.0,1.0,1.0,1.0,0.3684,0.5,95.0,1.0,1.0
5a7c8e7955429935c91b521a,ace_focused_96,ace,focused,0.0,0.5714,0.0,0.4,0.8,0.5,55.0,1.0,1.0
5ae5d008554299546bf82f7d,ace_focused_96,ace,focused,1.0,1.0,1.0,1.0,1.0,1.0,83.0,1.0,1.0
5abbaed855429931dba144aa,ace_focused_96,ace,focused,0.0,0.0,1.0,1.0,0.5263,1.0,95.0,1.0,1.0
5ae1316555429901ffe4adda,ace_focused_96,ace,focused,0.0,0.0,0.0,0.0,1.0,1.0,95.0,1.0,1.0
5a74512b55429974ef308bd5,ace_focused_96,ace,focused,0.0,0.0,0.0,0.0,0.5104,0.5,96.0,1.0,1.0
5a80aeff5542996402f6a5eb,ace_focused_96,ace,focused,0.0,0.0,0.0,0.1667,0.3146,0.5,89.0,1.0,1.0
5a88a4e65542997e5c09a671,ace_focused_96,ace,focused,0.0,0.6667,1.0,1.0,0.6292,1.0,89.0,1.0,1.0
5ae2eda355429928c4239570,ace_focused_96,ace,focused,1.0,1.0,1.0,1.0,0.2727,0.5,88.0,1.0,1.0
5a836a2d554299334474600f,ace_focused_96,ace,focused,0.0,0.0,0.0,0.0,0.0,0.0,81.0,0.0,0.0
5a78d01d55429974737f78b3,ace_focused_96,ace,focused,1.0,1.0,1.0,1.0,1.0,1.0,95.0,1.0,1.0
5ae46c9d5542996836b02c9d,ace_focused_96,ace,focused,1.0,1.0,1.0,1.0,0.4362,0.5,94.0,1.0,1.0
5a80e03e55429938b614222c,ace_focused_96,ace,focused,0.0,0.0,0.0,0.0,1.0,0.5,86.0,1.0,1.0
5a7270395542992359bc30a8,ace_focused_96,ace,focused,0.0,0.0,0.0,0.5,0.4789,0.5,71.0,0.5,0.0
5ab8261655429934fafe6cf1,ace_focused_96,ace,focused,0.0,0.0,0.0,0.0,0.3556,0.5,90.0,0.5,0.0
5abc41315542993a06baf8bb,ace_focused_96,ace,focused,0.0,0.0,0.0,0.0,0.0,0.0,90.0,0.5,0.0
5abd455c55429924427fcf5a,ace_focused_96,ace,focused,0.0,0.0,0.0,0.3333,0.5172,0.5,87.0,0.5,0.0
5ab97d0a5542996be202051e,ace_focused_96,ace,focused,1.0,1.0,1.0,1.0,0.8681,1.0,91.0,1.0,1.0
5a7a96555542990198eaf159,ace_focused_96,ace,focused,0.0,0.6667,0.0,0.0,0.8391,0.5,87.0,1.0,1.0
5a8c7057554299653c1aa066,ace_focused_96,ace,focused,0.0,0.6667,1.0,1.0,1.0,1.0,96.0,1.0,1.0
5a7663665542992d0ec060d3,ace_focused_96,ace,focused,0.0,0.2857,0.0,0.75,0.3908,0.5,87.0,1.0,1.0
5abd920e55429924427fd05d,ace_focused_96,ace,focused,0.0,0.0,0.0,0.0,0.382,1.0,89.0,1.0,1.0
5ae47ae05542995ad6573d4f,ace_focused_96,ace,focused,1.0,1.0,1.0,1.0,0.8602,0.5,93.0,0.5,0.0
5ae25ed15542992decbdccd2,ace_focused_96,ace,focused,0.0,0.0,0.0,0.0,0.5667,1.0,90.0,1.0,1.0
5a8b7e9c5542995d1e6f13c1,ace_focused_96,ace,focused,0.0,0.0,1.0,1.0,0.7021,1.0,94.0,1.0,1.0
5a7265a95542992359bc307a,ace_focused_96,ace,focused,0.0,0.0,0.0,0.5,0.4762,0.5,84.0,0.5,0.0
5add889b5542997545bbbd68,ace_focused_96,ace,focused,0.0,0.0,0.0,0.0,0.1573,0.5,89.0,0.5,0.0
5abed7d75542990832d3a0f7,ace_focused_96,ace,focused,0.0,0.0,0.0,0.0,0.0,0.0,86.0,0.5,0.0
5ab8c3c65542991b5579effd,ace_focused_96,ace,focused,1.0,1.0,1.0,1.0,0.7089,1.0,79.0,1.0,1.0
5ae6179b5542992663a4f25b,ace_focused_96,ace,focused,0.0,0.0,1.0,1.0,0.6111,0.5,90.0,1.0,1.0
5a80838d5542992bc0c4a745,ace_focused_96,ace,focused,0.0,0.0,1.0,1.0,0.2656,0.5,64.0,1.0,1.0
5a7cd7f055429909bec7683e,ace_focused_96,ace,focused,1.0,1.0,1.0,1.0,0.413,0.5,92.0,1.0,1.0
5ac3a10b5542995ef918c1c3,ace_focused_96,ace,focused,1.0,1.0,1.0,1.0,0.5,0.5,80.0,0.5,0.0
5ab8764155429919ba4e22fe,ace_focused_96,ace,focused,0.0,0.0,1.0,1.0,0.3288,0.5,73.0,1.0,1.0
5a7cf4e355429907fabef062,ace_focused_96,ace,focused,0.0,0.0,1.0,1.0,0.4681,0.5,94.0,1.0,1.0
5a8f06075542995b44241f2d,ace_focused_96,ace,focused,0.0,0.0,0.0,0.5,1.0,1.0,65.0,1.0,1.0
5ac09da45542996f0d89cc1d,ace_focused_96,ace,focused,1.0,1.0,1.0,1.0,0.5732,1.0,82.0,1.0,1.0
5a8a4b9955429930ff3c0d88,ace_focused_96,ace,focused,0.0,0.0,0.0,0.0,0.4565,0.5,92.0,0.5,0.0
5a8b7d925542995d1e6f13bd,ace_focused_96,ace,focused,0.0,0.0,1.0,1.0,1.0,1.0,94.0,1.0,1.0
5a8a09ff5542992d82986e6b,ace_focused_96,ace,focused,0.0,0.0,0.0,0.0,0.5745,0.5,94.0,0.5,0.0
5ab2d65e554299545a2cfabe,ace_focused_96,ace,focused,0.0,0.0,0.0,0.3333,0.2935,0.5,92.0,0.5,0.0
5a711cb45542994082a3e59f,ace_focused_96,ace,focused,1.0,1.0,1.0,1.0,0.9375,1.0,96.0,1.0,1.0
5a746ddc55429929fddd8423,ace_focused_96,ace,focused,0.0,0.0,0.0,0.5,0.6517,1.0,89.0,1.0,1.0
5ae4b55455429913cc2044db,ace_focused_96,ace,focused,1.0,1.0,1.0,1.0,1.0,0.5,80.0,1.0,1.0
5ab6087a554299110f2199be,ace_focused_96,ace,focused,0.0,0.0,0.0,0.0,0.0737,0.5,95.0,0.5,0.0
5adfc06d55429906c02daa2a,ace_focused_96,ace,focused,0.0,0.0,1.0,1.0,0.413,0.5,92.0,0.5,0.0
5adf51e05542995534e8c78a,ace_focused_96,ace,focused,0.0,0.4,1.0,1.0,0.6559,1.0,93.0,1.0,1.0
5ab4482b55429942dd415f09,ace_focused_96,ace,focused,0.0,0.75,0.0,0.6,0.3021,0.5,96.0,1.0,1.0
5abfa0285542990832d3a171,ace_focused_96,ace,focused,0.0,0.0,0.0,0.0,0.3671,0.5,79.0,1.0,1.0
5a8b1a925542997f31a41c6e,ace_focused_96,ace,focused,0.0,0.0,0.0,0.0,0.0,0.0,96.0,0.0,0.0
5a7fc03d5542992097ad2fbc,ace_focused_96,ace,focused,0.0,0.0,1.0,1.0,0.0,0.0,91.0,1.0,1.0
5ae5ead6554299546bf82fd0,ace_focused_96,ace,focused,1.0,1.0,1.0,1.0,1.0,1.0,95.0,1.0,1.0
5ae6371155429929b0807af1,ace_focused_96,ace,focused,1.0,1.0,1.0,1.0,0.3889,0.5,90.0,0.5,0.0
5a80f4c2554299260e20a1da,ace_focused_96,ace,focused,0.0,0.0,0.0,0.0,0.3371,0.5,89.0,0.5,0.0
5ac38bf355429939154137ba,ace_focused_96,ace,focused,0.0,0.0,0.0,0.5,0.6854,0.5,89.0,1.0,1.0
5ae26c795542992decbdccfb,ace_focused_96,ace,focused,0.0,0.0,0.0,0.0,0.0,0.0,96.0,0.5,0.0
5ae51fa25542992663a4f11f,ace_focused_96,ace,focused,0.0,0.0,0.0,0.25,0.4574,0.5,94.0,0.5,0.0
5ae13bf1554299422ee99634,ace_focused_96,ace,focused,0.0,0.0,0.0,0.0,0.3553,0.5,76.0,1.0,1.0
5a79e7b45542994f819ef0ff,ace_focused_96,ace,focused,0.0,0.0,0.0,0.0,0.5233,0.5,86.0,0.5,0.0
5a8ee7c95542990e94052bb1,ace_focused_96,ace,focused,0.0,0.0,0.0,0.0,0.0,0.0,88.0,0.5,0.0
5a8bc0485542995d1e6f143d,ace_focused_96,ace,focused,0.0,0.0,0.0,0.0,0.1412,0.5,85.0,0.5,0.0
5adf3c155542993a75d2643a,ace_focused_96,ace,focused,0.0,0.0,0.0,0.0,0.0,0.0,96.0,0.5,0.0
5ab84bab55429934fafe6d49,ace_focused_96,ace,focused,1.0,1.0,1.0,1.0,1.0,0.5,75.0,1.0,1.0
5abb4b4a5542993f40c73aea,ace_focused_96,ace,focused,1.0,1.0,1.0,1.0,0.6484,0.5,91.0,1.0,1.0
5ae4885e55429970de88d99d,ace_focused_96,ace,focused,0.0,0.0,0.0,0.6667,0.0,0.0,91.0,0.0,0.0
5adf53dc5542995534e8c791,ace_focused_96,ace,focused,0.0,0.0,0.0,0.0,0.2841,0.5,88.0,1.0,1.0
5a7a70b355429941d65f2647,ace_focused_96,ace,focused,1.0,1.0,1.0,1.0,0.1978,0.5,91.0,1.0,1.0
5a8911ad554299515336129c,ace_focused_96,ace,focused,0.0,0.0,0.0,0.6667,0.6979,0.5,96.0,1.0,1.0
5ae6911955429908198fa626,ace_focused_96,ace,focused,1.0,1.0,1.0,1.0,0.3229,0.5,96.0,1.0,1.0
5a843de75542992ef85e23b4,ace_focused_96,ace,focused,0.0,0.0,0.0,0.0,0.0,0.0,94.0,0.5,0.0
5a7d22dc5542995ed0d16600,ace_focused_96,ace,focused,0.0,0.0,0.0,0.0,0.2234,0.5,94.0,1.0,1.0
5a8a1a9c5542992d82986ebb,ace_focused_96,ace,focused,0.0,0.0,0.0,0.0,0.8068,0.5,88.0,1.0,1.0
5a8f7c9a55429918e830d239,ace_focused_96,ace,focused,0.0,0.6667,0.0,0.5,0.8681,0.5,91.0,1.0,1.0
5ab92f1f554299753720f77b,ace_focused_96,ace,focused,0.0,0.6667,0.0,0.0,0.0,0.0,85.0,1.0,1.0
5a761e855542994ccc9186e0,ace_focused_96,ace,focused,0.0,0.0,1.0,1.0,0.6047,1.0,86.0,1.0,1.0
5a7a01b15542996c55b2dcd1,ace_focused_96,ace,focused,0.0,0.0,0.0,0.6667,0.0,0.0,93.0,1.0,1.0
5a733b835542991f9a20c6b2,ace_focused_96,ace,focused,1.0,1.0,1.0,1.0,0.4889,0.5,90.0,0.5,0.0
5ae04ea555429924de1b709e,ace_focused_96,ace,focused,0.0,0.0,0.0,0.0,0.0,0.0,94.0,0.5,0.0
5abd2eab5542992ac4f38210,ace_focused_96,ace,focused,1.0,1.0,1.0,1.0,0.759,1.0,83.0,1.0,1.0
5a81e097554299676cceb129,ace_focused_96,ace,focused,0.0,0.4,0.0,0.5,0.1979,0.5,96.0,0.5,0.0
5ab6faec5542991d32223708,ace_focused_96,ace,focused,0.0,0.0,0.0,0.4286,0.0,0.0,82.0,1.0,1.0
5a753c8c55429916b01642ab,ace_focused_96,ace,focused,0.0,0.0,0.0,0.0,0.0,0.0,92.0,0.5,0.0
5ae22ede554299234fd0441b,ace_focused_96,ace,focused,0.0,0.0,0.0,0.0,0.236,0.5,89.0,0.5,0.0
5a8b40b055429949d91db50c,ace_focused_96,ace,focused,0.0,0.0,1.0,1.0,0.7396,0.5,96.0,1.0,1.0
5ade8ad95542992fa25da7b8,ace_focused_96,ace,focused,0.0,0.0,1.0,1.0,0.2989,0.5,87.0,1.0,1.0
5a7b971255429927d897bff3,ace_focused_96,ace,focused,0.0,0.0,0.0,0.0,1.0,1.0,74.0,1.0,1.0
5ae2c4b8554299495565db31,ace_focused_96,ace,focused,0.0,0.0,0.0,0.0,0.0,0.0,80.0,0.5,0.0
5ac508205542994611c8b32e,ace_focused_96,ace,focused,0.0,0.0,1.0,1.0,0.5435,0.5,92.0,1.0,1.0
5a74c85055429916b0164218,ace_focused_96,ace,focused,0.0,0.0,0.0,0.0,0.0,0.0,96.0,0.5,0.0
5a75642c5542996c70cfaeed,ace_focused_96,ace,focused,0.0,0.0,0.0,0.0,0.2737,0.5,95.0,0.5,0.0
5ae6dd745542996d980e7ca0,ace_focused_96,ace,focused,0.0,0.0,0.0,0.0,0.0,0.0,81.0,0.5,0.0
5a74d64055429916b0164223,ace_focused_96,ace,focused,0.0,0.0,0.0,0.0,0.0,0.0,92.0,0.5,0.0
5a7a616355429941d65f25f7,ace_focused_96,ace,focused,0.0,0.0,0.0,0.5,0.4316,0.5,95.0,0.5,0.0
5aba9813554299232ef4a357,ace_focused_96,ace,focused,1.0,1.0,1.0,1.0,0.8242,0.5,91.0,1.0,1.0
5ae5669755429960a22e02ec,ace_focused_96,ace,focused,0.0,0.4444,1.0,1.0,0.6042,0.5,96.0,1.0,1.0
5a79e1275542990198eaefe7,ace_focused_96,ace,focused,0.0,0.8,0.0,0.0,0.5581,0.5,86.0,0.5,0.0
5a9064c755429916514e74a6,ace_focused_96,ace,focused,1.0,1.0,1.0,1.0,0.6667,1.0,87.0,1.0,1.0
5a872e8e5542991e7718170c,ace_focused_96,ace,focused,0.0,0.0,1.0,1.0,0.7634,0.5,93.0,1.0,1.0
5ae6453e55429908198fa56c,ace_focused_96,ace,focused,0.0,0.0,0.0,0.0,0.2927,0.5,82.0,0.5,0.0
5a90970d5542995651fb51a5,ace_focused_96,ace,focused,0.0,0.0,0.0,0.0,0.4681,0.5,94.0,0.5,0.0
5ae15ae25542990adbacf767,ace_focused_96,ace,focused,0.0,0.0,0.0,0.0,1.0,1.0,91.0,1.0,1.0
5a7e08b55542997cc2c474fe,ace_focused_96,ace,focused,1.0,1.0,1.0,1.0,1.0,1.0,85.0,1.0,1.0
5ab30336554299166977417c,ace_focused_96,ace,focused,1.0,1.0,1.0,1.0,0.6923,0.5,91.0,1.0,1.0
5a83b4d35542996488c2e495,ace_focused_96,ace,focused,0.0,0.8,0.0,0.3333,0.6286,0.5,70.0,1.0,1.0
5ab416a25542996a3a969f28,ace_focused_96,ace,focused,0.0,0.0,1.0,1.0,0.6265,0.5,83.0,1.0,1.0
5a7147fd5542994082a3e758,ace_focused_96,ace,focused,0.0,0.0,0.0,0.0,0.4409,0.5,93.0,0.5,0.0
5ae0413555429942ec259c61,ace_focused_96,ace,focused,1.0,1.0,1.0,1.0,0.7391,0.5,92.0,1.0,1.0
5ae47cab5542996836b02cb9,ace_focused_96,ace,focused,0.0,0.0,0.0,0.5,0.2763,0.5,76.0,0.5,0.0
5abdbf3755429933744ab818,ace_focused_96,ace,focused,0.0,0.0,0.0,0.0,1.0,1.0,83.0,1.0,1.0
5ae0968955429924de1b7105,ace_focused_96,ace,focused,0.0,0.0,1.0,1.0,0.72,1.0,75.0,1.0,1.0
5ab48f245542990594ba9c66,ace_focused_96,ace,focused,0.0,0.0,0.0,0.0,0.4118,0.5,85.0,1.0,1.0
5ae5faf555429929b0807a4c,ace_focused_96,ace,focused,0.0,0.0,1.0,1.0,0.6932,1.0,88.0,1.0,1.0
5a7c53a855429935c91b515d,ace_focused_96,ace,focused,1.0,1.0,1.0,1.0,0.8526,1.0,95.0,1.0,1.0
5ae51b495542993aec5ec146,ace_focused_96,ace,focused,1.0,1.0,1.0,1.0,0.5652,0.5,92.0,1.0,1.0
5ade8f5955429975fa854f10,ace_focused_96,ace,focused,0.0,0.0,0.0,0.0,0.4896,0.5,96.0,1.0,1.0
5ab64cfa55429953192ad2b7,ace_focused_96,ace,focused,0.0,0.0,1.0,1.0,0.4737,1.0,95.0,1.0,1.0
5a8fae205542997ba9cb32ec,ace_focused_96,ace,focused,0.0,0.0,0.0,0.0,0.4198,0.5,81.0,0.5,0.0
5abb7d8b5542996cc5e4a006,ace_focused_96,ace,focused,0.0,0.0,0.0,0.0,0.4688,0.5,96.0,0.5,0.0
5add47bf5542992200553a7f,ace_focused_96,ace,focused,0.0,0.0,0.0,0.0,0.2907,0.5,86.0,1.0,1.0
5a7128b05542994082a3e5f2,ace_focused_96,ace,focused,1.0,1.0,1.0,1.0,0.4086,0.5,93.0,1.0,1.0
5ade04465542990dbb2f7f2f,ace_focused_96,ace,focused,0.0,0.0,0.0,0.3333,0.2526,0.5,95.0,0.5,0.0
5ab431d855429942dd415ed2,ace_focused_96,ace,focused,0.0,0.75,1.0,1.0,0.7045,0.5,88.0,0.5,0.0
5a8c6342554299240d9c214a,ace_focused_96,ace,focused,0.0,0.0,0.0,0.0,0.3929,0.5,84.0,1.0,1.0
5adc75525542994650320d0e,ace_focused_96,ace,focused,1.0,1.0,1.0,1.0,1.0,1.0,65.0,1.0,1.0
5a85d25b5542996432c570ee,ace_focused_96,ace,focused,0.0,0.6667,1.0,1.0,0.6538,1.0,78.0,1.0,1.0
5a7183575542994082a3e85e,ace_focused_96,ace,focused,0.0,0.0,0.0,0.0,0.4831,0.5,89.0,0.5,0.0
5adebea1554299728e26c7b6,ace_focused_96,ace,focused,0.0,0.0,1.0,1.0,0.4432,0.5,88.0,1.0,1.0
5a80a25d5542995d8a8ddfb7,ace_focused_96,ace,focused,0.0,0.0,0.0,0.0,0.129,0.5,93.0,0.5,0.0
5a778b1e55429949eeb29ee3,ace_focused_96,ace,focused,0.0,0.0,1.0,1.0,0.7391,1.0,92.0,1.0,1.0
5ae6860e5542991bbc976112,ace_focused_96,ace,focused,0.0,0.0,1.0,1.0,0.7024,0.5,84.0,1.0,1.0
5a7e058f5542995f4f402390,ace_focused_96,ace,focused,1.0,1.0,1.0,1.0,0.6882,0.5,93.0,1.0,1.0
5ab2a8b655429929539467ab,ace_focused_96,ace,focused,1.0,1.0,1.0,1.0,0.3846,0.5,91.0,1.0,1.0
5a8e06785542995085b37383,ace_focused_96,ace,focused,1.0,1.0,1.0,1.0,1.0,1.0,92.0,1.0,1.0
5a7eb22655429930675135cb,ace_focused_96,ace,focused,0.0,0.0,1.0,1.0,0.6667,1.0,96.0,1.0,1.0
5ab298fb554299449642c922,ace_focused_96,ace,focused,0.0,0.0,0.0,0.0,0.0,0.0,96.0,0.5,0.0
5ab27287554299722f9b4d2c,ace_focused_96,ace,focused,0.0,0.3333,0.0,0.6667,0.6452,1.0,93.0,1.0,1.0
5ae0f2bf5542997b2ef7d09e,ace_focused_96,ace,focused,0.0,0.0,1.0,1.0,0.6064,0.5,94.0,1.0,1.0
5a838fcd5542992ef85e2305,ace_focused_96,ace,focused,0.0,0.8,0.0,0.6667,0.4946,0.5,93.0,0.5,0.0
5a79caec5542994bb94570ad,ace_focused_96,ace,focused,0.0,0.0,1.0,1.0,0.7528,1.0,89.0,1.0,1.0
5a73266d5542994cef4bc47d,ace_focused_96,ace,focused,0.0,0.0,0.0,0.0,0.0,0.0,70.0,1.0,1.0
5a8de02b554299068b959e13,ace_focused_96,ace,focused,0.0,0.0,1.0,1.0,0.5972,0.5,72.0,0.5,0.0
5a89ba6b554299669944a584,ace_focused_96,ace,focused,0.0,0.0,0.0,0.0,0.3636,0.5,88.0,1.0,1.0
5ae4ea2a5542993aec5ec0ee,ace_focused_96,ace,focused,0.0,0.2857,0.0,0.25,0.0,0.0,75.0,0.5,0.0
5a7796e05542992a6e59df0f,ace_focused_96,ace,focused,0.0,0.0,0.0,0.0,0.5921,0.5,76.0,1.0,1.0
5ab8627f5542990e739ec8da,ace_focused_96,ace,focused,0.0,0.3636,0.0,0.5556,0.5109,0.5,92.0,0.5,0.0
5a7456ec55429979e288290f,ace_focused_96,ace,focused,1.0,1.0,1.0,1.0,1.0,1.0,87.0,1.0,1.0
5abc6fba554299700f9d78c7,ace_focused_96,ace,focused,1.0,1.0,1.0,1.0,1.0,1.0,95.0,1.0,1.0
5ae1500655429920d52343cc,ace_focused_96,ace,focused,0.0,0.0,1.0,1.0,0.3625,1.0,80.0,1.0,1.0
5a8c5569554299240d9c2126,ace_focused_96,ace,focused,1.0,1.0,0.0,0.0,1.0,1.0,72.0,1.0,1.0
5a7cffb755429907fabef09f,ace_focused_96,ace,focused,1.0,1.0,1.0,1.0,0.4409,0.5,93.0,0.5,0.0
5abdaa0f55429965af743dad,ace_focused_96,ace,focused,0.0,0.0,0.0,0.6667,0.4674,0.5,92.0,0.5,0.0
5add00805542992c1e3a2504,ace_focused_96,ace,focused,0.0,0.0,0.0,0.0,0.6237,0.5,93.0,1.0,1.0
5a8af11a55429950cd6afc21,ace_focused_96,ace,focused,0.0,0.0,1.0,1.0,0.0,0.0,95.0,0.0,0.0
5ac34994554299741d48a242,ace_focused_96,ace,focused,0.0,0.0,0.0,0.0,0.5735,0.5,68.0,1.0,1.0
5ab3e45655429976abd1bcd4,ace_focused_96,ace,focused,0.0,0.0,0.0,0.3333,0.3125,0.5,96.0,0.5,0.0
5a77ace855429967ab105223,ace_focused_96,ace,focused,1.0,1.0,1.0,1.0,0.4043,0.5,94.0,0.5,0.0
5a802b595542995d8a8ddf51,ace_focused_96,ace,focused,1.0,1.0,1.0,1.0,0.5055,0.5,91.0,0.5,0.0
5a8501915542997175ce1f5a,ace_focused_96,ace,focused,0.0,0.0,0.0,0.0,0.0,0.0,84.0,1.0,1.0
5ab5f75e554299637185c64b,ace_focused_96,ace,focused,0.0,0.0,0.0,0.0,0.75,1.0,92.0,1.0,1.0
5a9068075542990a9849361a,ace_focused_96,ace,focused,0.0,0.0,0.0,0.0,1.0,0.5,71.0,1.0,1.0
5ae676915542995703ce8b66,ace_focused_96,ace,focused,1.0,1.0,1.0,1.0,0.2222,0.5,81.0,0.5,0.0
5ae39e9c5542990afbd1e195,ace_focused_96,ace,focused,1.0,1.0,1.0,1.0,0.589,0.5,73.0,0.5,0.0
5ae76d185542997ec2727641,ace_focused_96,ace,focused,1.0,1.0,1.0,1.0,0.6042,1.0,96.0,1.0,1.0
5a8a17685542993b751ca9f3,ace_focused_96,ace,focused,1.0,1.0,1.0,1.0,0.3182,0.5,88.0,1.0,1.0
5abbcba05542992ccd8e7fa3,ace_focused_96,ace,focused,0.0,0.0,0.0,0.0,0.5385,0.5,78.0,0.5,0.0
5a8b515e55429971feec46bb,ace_focused_96,ace,focused,1.0,1.0,1.0,1.0,0.4231,0.5,78.0,0.5,0.0
5ae22895554299495565da0c,ace_focused_96,ace,focused,0.0,0.0,1.0,1.0,1.0,0.5,81.0,1.0,1.0
5a83dd2c554299334474609e,ace_focused_96,ace,focused,0.0,0.0,0.0,0.0909,0.0,0.0,89.0,0.0,0.0
5abb76fa5542992ccd8e7f48,ace_focused_96,ace,focused,0.0,0.0,0.0,0.0,0.7708,1.0,96.0,1.0,1.0
5ab4eecb55429942dd415faa,ace_focused_96,ace,focused,0.0,0.0,0.0,0.0,0.0,0.0,95.0,1.0,1.0
5ae0b9b155429924de1b7152,ace_focused_96,ace,focused,0.0,0.0,0.0,0.0,0.7349,1.0,83.0,1.0,1.0
5a90629855429916514e749e,ace_focused_96,ace,focused,0.0,0.0,0.0,0.0,0.0,0.0,95.0,0.5,0.0
5a7a4f335542990198eaf11e,ace_focused_96,ace,focused,0.0,0.0,1.0,1.0,0.6774,1.0,93.0,1.0,1.0
5ab674b7554299110f219a0c,ace_focused_96,ace,focused,1.0,1.0,1.0,1.0,0.5053,0.5,95.0,0.5,0.0
5ae406f055429970de88d874,ace_focused_96,ace,focused,1.0,1.0,1.0,1.0,1.0,1.0,77.0,1.0,1.0
5a75441c55429916b01642cf,ace_focused_96,ace,focused,1.0,1.0,1.0,1.0,0.6842,1.0,95.0,1.0,1.0
5a8307c055429966c78a6af9,ace_focused_96,ace,focused,1.0,1.0,1.0,1.0,1.0,1.0,82.0,1.0,1.0
5ae077805542993d6555eb6e,ace_focused_96,ace,focused,1.0,1.0,0.0,0.0,0.3953,0.5,86.0,1.0,1.0
5a7f19eb55429934daa2fcdb,ace_focused_96,ace,focused,1.0,1.0,1.0,1.0,0.6989,0.5,93.0,0.5,0.0
5adc1ae5554299438c868d5c,ace_focused_96,ace,focused,0.0,0.0,0.0,0.0,0.4457,1.0,92.0,1.0,1.0
5ae446175542995ad6573d1f,ace_focused_96,ace,focused,0.0,0.0,0.0,0.0,0.0,0.0,85.0,0.0,0.0
5ac2eec55542990b17b154c1,ace_focused_96,ace,focused,0.0,0.0,0.0,0.0,0.0,0.0,88.0,1.0,1.0
5a836a765542996488c2e446,ace_focused_96,ace,focused,0.0,0.0,0.0,0.0,0.5595,0.5,84.0,0.5,0.0
5ae614215542992663a4f254,ace_focused_96,ace,focused,1.0,1.0,1.0,1.0,0.4458,0.5,83.0,1.0,1.0
5ade15a45542997545bbbe46,ace_focused_96,ace,focused,0.0,0.0,0.0,0.0,0.2644,0.5,87.0,1.0,1.0
5ac0641f554299294b218fbe,ace_focused_96,ace,focused,1.0,1.0,1.0,1.0,0.875,1.0,96.0,1.0,1.0
5a7143625542994082a3e71e,ace_focused_96,ace,focused,0.0,0.0,1.0,1.0,0.0,0.0,81.0,0.5,0.0
5a8c51f0554299240d9c2111,ace_focused_96,ace,focused,0.0,0.5,0.0,0.0,0.383,0.5,94.0,0.5,0.0
5a8719fa55429960ec39b742,ace_focused_96,ace,focused,0.0,0.3333,1.0,1.0,0.4894,0.5,94.0,1.0,1.0
5ab67f4c55429953192ad2d9,ace_focused_96,ace,focused,1.0,1.0,1.0,1.0,1.0,1.0,96.0,1.0,1.0
5a7326cd5542991f29ee2d11,ace_focused_96,ace,focused,1.0,1.0,1.0,1.0,1.0,1.0,92.0,1.0,1.0
5ae0f4645542997b2ef7d0aa,ace_focused_96,ace,focused,0.0,0.6667,1.0,1.0,0.6344,0.5,93.0,1.0,1.0
5a8c5c6f554299653c1aa04d,ace_focused_96,ace,focused,0.0,0.0,0.0,0.0,0.0,0.0,71.0,0.5,0.0
5abdb8ba5542993f32c2a015,ace_focused_96,ace,focused,0.0,0.0,1.0,1.0,1.0,1.0,87.0,1.0,1.0
5ac11037554299294b21907a,ace_focused_96,ace,focused,0.0,0.0,0.0,0.5,0.5441,0.5,68.0,0.5,0.0
5ab833ad5542990e739ec86f,ace_focused_96,ace,focused,0.0,0.0,0.0,0.0,0.3291,0.5,79.0,0.5,0.0
5a88f9555542995153361214,ace_focused_96,ace,focused,0.0,0.0,0.0,0.3333,0.5368,0.5,95.0,0.5,0.0
5a7e23655542997cc2c47528,ace_focused_96,ace,focused,0.0,0.0,0.0,0.0,0.2917,0.5,96.0,0.5,0.0
5abfe2a15542997d6429591c,ace_focused_96,ace,focused,0.0,0.6667,1.0,1.0,0.6,1.0,90.0,1.0,1.0
5ae1fced5542997283cd230e,ace_focused_96,ace,focused,1.0,1.0,1.0,1.0,0.5714,0.5,84.0,1.0,1.0
5a74994a55429974ef308c2e,ace_focused_96,ace,focused,1.0,1.0,1.0,1.0,0.5169,0.5,89.0,1.0,1.0
5ae6f2a7554299572ea5464a,ace_focused_96,ace,focused,0.0,0.0,0.0,0.0,0.6237,1.0,93.0,1.0,1.0
5a7f3f7c55429934daa2fd45,ace_focused_96,ace,focused,1.0,1.0,0.0,0.0,0.4186,0.5,86.0,1.0,1.0
5a7543d555429916b01642ce,ace_focused_96,ace,focused,1.0,1.0,1.0,1.0,0.4419,0.5,86.0,1.0,1.0
5ab938db5542996be2020454,ace_focused_96,ace,focused,1.0,1.0,1.0,1.0,0.2473,0.5,93.0,1.0,1.0
5ae30d4b55429928c42395cc,ace_focused_96,ace,focused,0.0,0.0,1.0,1.0,0.5417,1.0,96.0,1.0,1.0
5ae622495542995703ce8b20,ace_focused_96,ace,focused,0.0,0.6667,1.0,1.0,0.45,0.5,80.0,1.0,1.0
5ae0fb8855429920d523425b,ace_focused_96,ace,focused,0.0,0.0,0.0,0.3333,0.3511,0.5,94.0,0.5,0.0
5ae665795542991bbc9760c9,ace_focused_96,ace,focused,0.0,0.0,0.0,0.0,0.0,0.0,96.0,0.5,0.0
5a77b13655429967ab105235,ace_focused_96,ace,focused,1.0,1.0,1.0,1.0,0.6562,1.0,96.0,1.0,1.0
5ae5415055429908b63265b7,ace_focused_96,ace,focused,0.0,0.0,0.0,0.0,0.5493,0.5,71.0,1.0,1.0
5a7bb16f554299294a54aa9f,ace_focused_96,ace,focused,0.0,0.4,1.0,1.0,1.0,1.0,86.0,1.0,1.0
5ab9b2c7554299743d22ebaf,ace_focused_96,ace,focused,1.0,1.0,0.0,0.0,0.8242,1.0,91.0,1.0,1.0
5a7b12a355429927d897bf2a,ace_focused_96,ace,focused,1.0,1.0,1.0,1.0,0.6022,1.0,93.0,1.0,1.0
5addfe1c5542995b365fabaf,ace_focused_96,ace,focused,1.0,1.0,0.0,0.0,0.7234,1.0,94.0,1.0,1.0
5a8391f55542996488c2e45c,ace_focused_96,ace,focused,0.0,0.0,1.0,1.0,0.2667,0.5,90.0,0.5,0.0
5ab91b6c55429934fafe6e5f,ace_focused_96,ace,focused,1.0,1.0,1.0,1.0,0.2842,0.5,95.0,1.0,1.0
5a72a0be5542992359bc3143,ace_focused_96,ace,focused,1.0,1.0,1.0,1.0,0.5055,0.5,91.0,1.0,1.0
5ae764a85542997b22f6a720,ace_focused_96,ace,focused,0.0,0.0,0.0,0.6667,0.619,0.5,84.0,1.0,1.0
5adbfaa655429947ff173888,ace_focused_96,ace,focused,1.0,1.0,1.0,1.0,0.7308,1.0,78.0,1.0,1.0
5a8bc1565542996e8ac88a0c,ace_focused_96,ace,focused,0.0,0.6667,0.0,0.8,0.4681,0.5,94.0,1.0,1.0
5ae236445542992decbdcc69,ace_focused_96,ace,focused,0.0,0.4,1.0,1.0,1.0,1.0,95.0,1.0,1.0
5adf58f15542993a75d264d2,ace_focused_96,ace,focused,0.0,0.0,0.0,0.0,0.0,0.0,90.0,0.5,0.0
5ae7281c5542991e8301cb69,ace_focused_96,ace,focused,0.0,0.0,0.0,0.0,0.4167,0.5,72.0,1.0,1.0
5ac42ae45542997ea680ca18,ace_focused_96,ace,focused,0.0,0.0,0.0,0.6667,0.5521,0.5,96.0,1.0,1.0
5a7312675542994cef4bc43d,ace_focused_96,ace,focused,1.0,1.0,1.0,1.0,1.0,1.0,72.0,1.0,1.0
5ab1d7ac554299449642c7e6,ace_focused_96,ace,focused,0.0,0.0,1.0,1.0,0.6957,1.0,92.0,1.0,1.0
5a8e482c5542995a26add4c3,ace_focused_96,ace,focused,0.0,0.0,0.0,0.0,0.8021,1.0,96.0,1.0,1.0
5a7f924c55429969796c1aba,ace_focused_96,ace,focused,0.0,0.0,0.0,0.0,0.0,0.0,83.0,0.5,0.0
5addda1b5542992200553b55,ace_focused_96,ace,focused,1.0,1.0,1.0,1.0,1.0,0.5,81.0,1.0,1.0
5a7d043755429909bec768f7,ace_focused_96,ace,focused,0.0,0.6667,1.0,1.0,0.4253,0.5,87.0,1.0,1.0
5a8089535542992bc0c4a762,ace_focused_96,ace,focused,1.0,1.0,1.0,1.0,0.7684,1.0,95.0,1.0,1.0
5abd049d5542992ac4f381a8,ace_focused_96,ace,focused,1.0,1.0,1.0,1.0,1.0,1.0,83.0,1.0,1.0
5abbc7a055429931dba1451b,ace_focused_96,ace,focused,1.0,1.0,1.0,1.0,1.0,1.0,90.0,1.0,1.0
5abdc18555429965af743e2b,ace_focused_96,ace,focused,0.0,0.0,1.0,1.0,0.6154,0.5,91.0,1.0,1.0
5adc3a7055429947ff173913,ace_focused_96,ace,focused,0.0,0.0,0.0,0.0,1.0,1.0,88.0,1.0,1.0
5abbdb335542992ccd8e7fc1,ace_focused_96,ace,focused,0.0,0.0,0.0,0.0,0.4353,0.5,85.0,1.0,1.0
5ac1a5b45542991316484b8b,ace_focused_96,ace,focused,0.0,0.0,0.0,0.0,0.0,0.0,80.0,1.0,1.0
5ac2616b5542996366519997,ace_focused_96,ace,focused,0.0,0.0,0.0,0.0,0.3708,0.5,89.0,0.5,0.0
5ae3f6775542991a06ce9a3f,ace_focused_96,ace,focused,0.0,0.0,0.0,0.0,0.5532,0.5,94.0,1.0,1.0
5a8f15ec554299458435d552,ace_focused_96,ace,focused,0.0,0.0,0.0,0.0,0.0,0.0,96.0,0.0,0.0
5a8db9b3554299068b959dde,ace_focused_96,ace,focused,0.0,0.0,1.0,1.0,0.65,1.0,80.0,1.0,1.0
5ab3f6b9554299753aec5a03,ace_focused_96,ace,focused,0.0,0.0,0.0,0.0,0.5581,0.5,86.0,0.5,0.0
5a736f7c5542991f29ee2e18,ace_focused_96,ace,focused,0.0,0.0,1.0,1.0,0.0,0.0,80.0,1.0,1.0
5ae618535542995703ce8af7,ace_focused_96,ace,focused,0.0,0.0,0.0,0.1111,0.2805,0.5,82.0,0.5,0.0
5a8b05c855429949d91db46a,ace_focused_96,ace,focused,1.0,1.0,1.0,1.0,0.8289,1.0,76.0,1.0,1.0
5ac1d40c5542994d76dccef5,ace_focused_96,ace,focused,0.0,0.0,0.0,0.0,0.5333,0.5,90.0,0.5,0.0
5ae356045542990afbd1e10d,ace_focused_96,ace,focused,0.0,0.2667,0.0,0.5,0.0,0.0,86.0,0.5,0.0
5ae002ec55429925eb1afbdc,ace_focused_96,ace,focused,1.0,1.0,0.0,0.5,0.5349,0.5,86.0,0.5,0.0
5a89ddf25542992e4fca83ff,ace_focused_96,ace,focused,0.0,0.0,0.0,0.0,0.4944,0.5,89.0,1.0,1.0
5a903b7255429933b8a204ae,ace_focused_96,ace,focused,0.0,0.5,1.0,1.0,0.6421,1.0,95.0,1.0,1.0
5a84ac585542991dd0999d72,ace_focused_96,ace,focused,1.0,1.0,1.0,1.0,1.0,1.0,88.0,1.0,1.0
5a7cad635542996dd594b97f,ace_focused_96,ace,focused,0.0,0.0,0.0,1.0,0.5938,0.5,96.0,1.0,1.0
5a75da6d5542992db94736fa,ace_focused_96,ace,focused,0.0,0.8,1.0,1.0,1.0,1.0,91.0,1.0,1.0
5ac4e13f554299076e296e2d,ace_focused_96,ace,focused,1.0,1.0,1.0,1.0,0.7368,1.0,76.0,1.0,1.0
5ab9b29c554299743d22ebae,ace_focused_96,ace,focused,1.0,1.0,1.0,1.0,0.7021,1.0,94.0,1.0,1.0
5ae2295c554299495565da13,ace_focused_96,ace,focused,1.0,1.0,1.0,1.0,0.8125,1.0,96.0,1.0,1.0
5abd44d955429933744ab760,ace_focused_96,ace,focused,1.0,1.0,1.0,1.0,0.6711,0.5,76.0,1.0,1.0
5ae096d755429906c02daadf,ace_focused_96,ace,focused,0.0,0.4,1.0,1.0,0.4353,0.5,85.0,1.0,1.0
5abea6a05542993f32c2a18d,ace_focused_96,ace,focused,0.0,0.0,0.0,0.0,0.4943,0.5,87.0,1.0,1.0
5ae1319c55429920d5234301,ace_focused_96,ace,focused,0.0,0.0,1.0,1.0,0.75,0.5,80.0,1.0,1.0
5ab60aec554299110f2199c3,ace_focused_96,ace,focused,1.0,1.0,1.0,1.0,1.0,1.0,88.0,1.0,1.0
5ae4e2ca55429908b63264aa,ace_focused_96,ace,focused,0.0,0.0,0.0,0.5,0.8861,1.0,79.0,1.0,1.0
5ae25d2b554299495565da46,ace_focused_96,ace,focused,0.0,0.0,0.0,0.0,0.8495,1.0,93.0,1.0,1.0
5ade630e55429975fa854eb7,ace_focused_96,ace,focused,0.0,0.0,0.0,0.0,0.0,0.0,86.0,0.0,0.0
5ab6be2f55429954757d335c,ace_focused_96,ace,focused,0.0,0.0,1.0,1.0,1.0,1.0,95.0,1.0,1.0
5a74a62b55429916b01641a0,ace_focused_96,ace,focused,0.0,0.5714,0.0,0.8,0.5444,1.0,90.0,1.0,1.0
5abcf299554299700f9d7936,ace_focused_96,ace,focused,0.0,0.0,0.0,0.0,0.4302,0.5,86.0,1.0,1.0
5adc6eb65542994650320cf3,ace_focused_96,ace,focused,0.0,0.0,0.0,0.0,0.1848,0.5,92.0,1.0,1.0
5ac1767a5542994d76dcce48,ace_focused_96,ace,focused,0.0,0.0,0.0,0.0,0.7356,0.5,87.0,0.5,0.0
5ab5dc44554299494045f089,ace_focused_96,ace,focused,0.0,0.0,1.0,1.0,0.2857,0.5,84.0,1.0,1.0
5a8f5273554299458435d5b1,ace_focused_96,ace,focused,0.0,0.0,0.0,0.0,0.0,0.0,93.0,0.5,0.0
5addeb685542992200553bb1,ace_focused_96,ace,focused,0.0,0.6667,1.0,1.0,0.8101,1.0,79.0,1.0,1.0
5a870a8e55429960ec39b707,ace_focused_96,ace,focused,0.0,0.0,1.0,1.0,0.6463,0.5,82.0,0.5,0.0
5a77ddb855429967ab1052d8,ace_focused_96,ace,focused,0.0,0.5714,0.0,0.4,0.7,0.5,90.0,1.0,1.0
5ab38cdd5542992ade7c6de2,ace_focused_96,ace,focused,1.0,1.0,1.0,1.0,1.0,1.0,95.0,1.0,1.0
5a8f24cc55429924144829e7,ace_focused_96,ace,focused,1.0,1.0,1.0,1.0,1.0,1.0,80.0,1.0,1.0
5ac401bb55429919431738f4,ace_focused_96,ace,focused,1.0,1.0,1.0,1.0,0.3936,0.5,94.0,0.5,0.0
5ab4b7d15542996a3a969fbc,ace_focused_96,ace,focused,1.0,1.0,0.0,0.0,1.0,0.5,79.0,1.0,1.0
5a78f18855429974737f7915,ace_focused_96,ace,focused,0.0,0.0,0.0,0.0,0.5208,1.0,96.0,1.0,1.0
5a76394c5542994ccc918725,ace_focused_96,ace,focused,0.0,0.0,0.0,0.0,0.0,0.0,96.0,0.5,0.0
5a78e49855429974737f78f3,ace_focused_96,ace,focused,1.0,1.0,1.0,1.0,0.75,0.5,84.0,1.0,1.0
5a8fdb955542990a98493572,ace_focused_96,ace,focused,1.0,1.0,1.0,1.0,0.7742,1.0,93.0,1.0,1.0
5a7b9f1f554299294a54aa2a,ace_focused_96,ace,focused,0.0,0.8,0.0,0.6667,0.1848,0.5,92.0,1.0,1.0
5adc396155429944faac2479,ace_focused_96,ace,focused,0.0,0.0,0.0,0.0,0.6125,1.0,80.0,1.0,1.0
5a75357c5542996c70cfaeab,ace_focused_96,ace,focused,1.0,1.0,1.0,1.0,0.8143,0.5,70.0,1.0,1.0
5ac312ee5542995ef918c0ec,ace_focused_96,ace,focused,1.0,1.0,1.0,1.0,0.9213,1.0,89.0,1.0,1.0
5add38355542990dbb2f7dd0,ace_focused_96,ace,focused,0.0,0.0,0.0,0.0,0.7294,0.5,85.0,0.5,0.0
5ac471a5554299194317399a,ace_focused_96,ace,focused,0.0,0.0,1.0,1.0,0.4348,0.5,92.0,1.0,1.0
5a70f1685542994082a3e40f,ace_focused_96,ace,focused,0.0,0.2857,1.0,1.0,0.663,1.0,92.0,1.0,1.0
5ab5f372554299488d4d9a60,ace_focused_96,ace,focused,0.0,0.0,1.0,1.0,1.0,0.5,78.0,1.0,1.0
5a7e1cd955429965cec5ea76,ace_focused_96,ace,focused,0.0,0.0,0.0,0.3333,0.0,0.0,93.0,0.0,0.0
5adce3265542992c1e3a2466,ace_focused_96,ace,focused,0.0,0.0,0.0,0.3333,0.4615,0.5,78.0,0.5,0.0
5a8adc935542992d82986fb0,ace_focused_96,ace,focused,0.0,0.0,1.0,1.0,0.2935,0.5,92.0,1.0,1.0
5a73bddb55429978a71e909d,ace_focused_96,ace,focused,1.0,1.0,1.0,1.0,0.3538,0.5,65.0,0.5,0.0
5ae5736e5542990ba0bbb2b3,ace_focused_96,ace,focused,1.0,1.0,1.0,1.0,0.1739,0.5,92.0,1.0,1.0
5a8d4cf35542994ba4e3dc5f,ace_focused_96,ace,focused,0.0,0.0,0.0,0.0,0.4353,0.5,85.0,0.5,0.0
5a9023d355429916514e742f,ace_focused_96,ace,focused,0.0,0.0,0.0,0.0,0.3333,0.5,87.0,0.5,0.0
5adfad2b554299603e41835c,ace_focused_96,ace,focused,1.0,1.0,1.0,1.0,0.5778,1.0,90.0,1.0,1.0
5a8cddd1554299441c6b9f3a,ace_focused_96,ace,focused,0.0,0.8571,1.0,1.0,0.8611,0.5,72.0,1.0,1.0
5a79f6825542996c55b2dcb4,ace_focused_96,ace,focused,0.0,0.0,1.0,1.0,0.4286,0.5,77.0,1.0,1.0
5a8900c75542997e5c09a6ed,ace_focused_96,ace,focused,1.0,1.0,1.0,1.0,0.4107,0.5,56.0,1.0,1.0
5ab27f7b554299722f9b4d4f,ace_focused_96,ace,focused,0.0,0.0,0.0,0.0,0.0,0.0,77.0,0.5,0.0
5ac257fe55429951e9e68562,ace_focused_96,ace,focused,0.0,0.4,1.0,1.0,0.6771,1.0,96.0,1.0,1.0
5ab94cf0554299743d22eade,ace_focused_96,ace,focused,0.0,0.0,0.0,0.0,1.0,0.5,76.0,1.0,1.0
5ac017945542997d642959bc,ace_focused_96,ace,focused,0.0,0.0,0.0,0.0,0.4316,0.5,95.0,0.5,0.0
5ac19d4c55429963665198bb,ace_focused_96,ace,focused,0.0,0.0,1.0,1.0,0.5682,0.5,88.0,0.5,0.0
5abbd2575542993f40c73bbd,ace_focused_96,ace,focused,0.0,0.5,0.0,0.0,0.5269,0.5,93.0,0.5,0.0
5a888b8e5542997e5c09a60a,ace_focused_96,ace,focused,0.0,0.0,1.0,1.0,0.7789,1.0,95.0,1.0,1.0
5a712e895542994082a3e636,ace_focused_96,ace,focused,0.0,0.0,0.0,0.3333,0.4891,0.5,92.0,1.0,1.0
5a85ecf25542991dd0999ec6,ace_focused_96,ace,focused,1.0,1.0,1.0,1.0,0.3187,0.5,91.0,0.5,0.0
5adfe6c455429906c02daa85,ace_focused_96,ace,focused,0.0,0.0,0.0,0.0,0.0,0.0,93.0,0.5,0.0
5ac448185542995c82c4ad1b,ace_focused_96,ace,focused,0.0,0.0,1.0,1.0,0.3243,0.5,74.0,0.5,0.0
5ae1faf15542997f29b3c1e3,ace_focused_96,ace,focused,1.0,1.0,1.0,1.0,0.6818,1.0,88.0,1.0,1.0
5ab7af9d5542993667793fe9,ace_focused_96,ace,focused,0.0,0.0,0.0,0.0,1.0,0.5,62.0,0.5,0.0
5ae1e9635542997f29b3c19e,ace_focused_96,ace,focused,1.0,1.0,0.0,0.5,0.4713,0.5,87.0,1.0,1.0
5ade28cf5542997c77aded85,ace_focused_96,ace,focused,1.0,1.0,1.0,1.0,0.3636,0.5,88.0,1.0,1.0
5a7b116a554299042af8f6c4,ace_focused_96,ace,focused,0.0,0.0,0.0,0.0,0.5088,0.5,57.0,0.5,0.0
5a72f1cf5542994cef4bc414,ace_focused_96,ace,focused,1.0,1.0,1.0,1.0,0.52,0.5,75.0,0.5,0.0
5ab7b3cc55429928e1fe3893,ace_focused_96,ace,focused,0.0,0.0,0.0,0.0,0.3646,0.5,96.0,1.0,1.0
5ae32b6755429928c4239644,ace_focused_96,ace,focused,1.0,1.0,1.0,1.0,1.0,1.0,88.0,1.0,1.0
5ab3c53955429969a97a81b9,ace_focused_96,ace,focused,1.0,1.0,1.0,1.0,0.3958,0.5,96.0,0.5,0.0
5a8b349a55429971feec466b,ace_focused_96,ace,focused,0.0,0.0,0.0,0.0,0.7805,1.0,82.0,1.0,1.0
5ac2db67554299657fa290a6,ace_focused_96,ace,focused,0.0,0.0,1.0,1.0,1.0,1.0,88.0,1.0,1.0
5ab5ec2a5542992aa134a3e3,ace_focused_96,ace,focused,0.0,0.0,1.0,1.0,0.6,0.5,75.0,1.0,1.0
5ab661ac5542995eadeeffb1,ace_focused_96,ace,focused,0.0,0.5,0.0,0.3333,0.6484,0.5,91.0,0.5,0.0
5abee69c5542993fe9a41d8b,ace_focused_96,ace,focused,0.0,0.75,0.0,0.6,0.6076,0.5,79.0,1.0,1.0
5ac0aab35542992a796ded5c,ace_focused_96,ace,focused,1.0,1.0,1.0,1.0,1.0,1.0,71.0,1.0,1.0
5a84c4b05542991dd0999deb,ace_focused_96,ace,focused,1.0,1.0,0.0,0.0,0.7579,1.0,95.0,1.0,1.0
5abd6be55542993062266c89,ace_focused_96,ace,focused,0.0,0.0,0.0,0.25,0.2234,0.5,94.0,1.0,1.0
5a8a19c45542992e4fca8501,ace_focused_96,ace,focused,0.0,0.0,0.0,0.0,0.1196,0.5,92.0,1.0,1.0
5abcef9e55429959677d6b52,ace_focused_96,ace,focused,0.0,0.75,1.0,1.0,1.0,1.0,92.0,1.0,1.0
5a81c7d15542990a1d231ea9,ace_focused_96,ace,focused,0.0,0.0,0.0,0.75,0.3908,0.5,87.0,0.5,0.0
5adccaca5542994d58a2f6d5,ace_focused_96,ace,focused,1.0,1.0,1.0,1.0,0.2889,0.5,90.0,0.5,0.0
5a84f5865542991dd0999e30,ace_focused_96,ace,focused,0.0,0.5,0.0,0.0,0.6413,0.5,92.0,0.5,0.0
5a7633ff5542994ccc918712,ace_focused_96,ace,focused,1.0,1.0,1.0,1.0,1.0,1.0,61.0,1.0,1.0
5a8d7f2b554299068b959d0c,ace_focused_96,ace,focused,1.0,1.0,0.0,0.0,0.4177,0.5,79.0,1.0,1.0
5ac3def75542997ea680c95f,ace_focused_96,ace,focused,0.0,0.0,0.0,0.0,0.5143,0.5,70.0,1.0,1.0
5ae6316d5542996de7b71b87,ace_focused_96,ace,focused,0.0,0.4,0.0,0.25,0.5275,0.5,91.0,0.5,0.0
5ab5eed65542997d4ad1f25c,ace_focused_96,ace,focused,1.0,1.0,1.0,1.0,0.3256,1.0,86.0,1.0,1.0
5ab29c24554299449642c932,ace_focused_96,ace,focused,1.0,1.0,0.0,0.0,0.6588,1.0,85.0,1.0,1.0
5ab809195542991d3222380f,ace_focused_96,ace,focused,1.0,1.0,1.0,1.0,0.3646,0.5,96.0,1.0,1.0
5a834ed95542990548d0b1ca,ace_focused_96,ace,focused,0.0,0.6667,1.0,1.0,0.5556,0.5,72.0,1.0,1.0
5ade9545554299728e26c740,ace_focused_96,ace,focused,0.0,0.5,1.0,1.0,0.622,0.5,82.0,0.5,0.0
5a8b97485542995d1e6f140f,ace_focused_96,ace,focused,0.0,0.0,1.0,1.0,0.5909,1.0,88.0,1.0,1.0
5ac056385542997d64295a08,ace_focused_96,ace,focused,0.0,0.0,0.0,0.0,0.0,0.0,91.0,1.0,1.0
5abd96fe5542992ac4f382d9,ace_focused_96,ace,focused,0.0,0.0,1.0,1.0,0.4946,1.0,93.0,1.0,1.0
5ae2138c5542997283cd23b7,ace_mmr_96,ace,mmr,0.0,0.0,0.0,0.0,1.0,1.0,84.0,1.0,1.0
5a77152355429966f1a36c2e,ace_mmr_96,ace,mmr,0.0,0.0,1.0,1.0,0.3253,0.5,83.0,0.5,0.0
5ade99ad554299728e26c75d,ace_mmr_96,ace,mmr,0.0,0.0,0.0,0.0,0.8462,0.5,91.0,1.0,1.0
5ab81cff5542990e739ec827,ace_mmr_96,ace,mmr,1.0,1.0,1.0,1.0,0.8958,1.0,96.0,1.0,1.0
5ae5be02554299546bf82f3e,ace_mmr_96,ace,mmr,0.0,0.0,0.0,0.0,0.0,0.0,91.0,0.0,0.0
5ae3f1bb5542995ad6573cbe,ace_mmr_96,ace,mmr,1.0,1.0,1.0,1.0,0.7553,1.0,94.0,1.0,1.0
5a8389445542996488c2e450,ace_mmr_96,ace,mmr,1.0,1.0,1.0,1.0,1.0,1.0,93.0,1.0,1.0
5a89fc305542993b751ca9dc,ace_mmr_96,ace,mmr,1.0,1.0,1.0,1.0,0.7128,0.5,94.0,1.0,1.0
5a85bc2d5542994c784ddb70,ace_mmr_96,ace,mmr,1.0,1.0,1.0,1.0,0.8077,1.0,78.0,1.0,1.0
5a7b1c745542992d025e6777,ace_mmr_96,ace,mmr,0.0,0.0,0.0,0.0,0.7195,0.5,82.0,0.5,0.0
5ae2d8fb55429928c42394fa,ace_mmr_96,ace,mmr,0.0,0.0,0.0,0.2,0.3333,0.5,93.0,0.5,0.0
5ae7f6be554299540e5a56db,ace_mmr_96,ace,mmr,0.0,0.0,0.0,0.0,0.1935,0.5,93.0,1.0,1.0
5a773ae055429972597f14b0,ace_mmr_96,ace,mmr,0.0,0.0,0.0,0.5,0.3763,0.5,93.0,1.0,1.0
5a75abbb5542992d0ec05fd9,ace_mmr_96,ace,mmr,1.0,1.0,1.0,1.0,1.0,0.5,95.0,0.5,0.0
5ae4c49a5542995dadf24400,ace_mmr_96,ace,mmr,0.0,0.0,0.0,0.0,0.3289,0.5,76.0,0.5,0.0
5ac44813554299194317396b,ace_mmr_96,ace,mmr,1.0,1.0,1.0,1.0,0.9186,1.0,86.0,1.0,1.0
5abfc8675542993fe9a41e52,ace_mmr_96,ace,mmr,1.0,1.0,1.0,1.0,0.5568,0.5,88.0,1.0,1.0
5a8aeadc55429950cd6afbe0,ace_mmr_96,ace,mmr,1.0,1.0,1.0,1.0,0.6277,1.0,94.0,1.0,1.0
5ab2082f554299722f9b4c9f,ace_mmr_96,ace,mmr,0.0,0.0,0.0,0.0,0.0,0.0,79.0,1.0,1.0
5ae0ba15554299603e41844d,ace_mmr_96,ace,mmr,1.0,1.0,1.0,1.0,0.6667,1.0,90.0,1.0,1.0
5a7332935542991f9a20c67d,ace_mmr_96,ace,mmr,1.0,1.0,1.0,1.0,0.5843,0.5,89.0,1.0,1.0
5a9068f85542990a98493623,ace_mmr_96,ace,mmr,0.0,0.0,0.0,0.0,1.0,0.5,80.0,1.0,1.0
5addd5795542990dbb2f7e9d,ace_mmr_96,ace,mmr,1.0,1.0,1.0,1.0,0.7604,1.0,96.0,1.0,1.0
5adfa3da554299025d62a317,ace_mmr_96,ace,mmr,0.0,0.0,0.0,0.0,0.0,0.0,93.0,0.5,0.0
5ae6443355429908198fa563,ace_mmr_96,ace,mmr,0.0,0.6667,0.0,0.5,1.0,1.0,96.0,1.0,1.0
5ab98608554299131ca42362,ace_mmr_96,ace,mmr,1.0,1.0,1.0,1.0,0.4505,0.5,91.0,0.5,0.0
5ae61bfd5542992663a4f261,ace_mmr_96,ace,mmr,0.0,0.0,0.0,0.0,0.0,0.0,75.0,0.5,0.0
5ab870ed55429934fafe6db9,ace_mmr_96,ace,mmr,0.0,0.0,0.0,0.0,0.6022,0.5,93.0,0.5,0.0
5abcfc365542993a06baf9d6,ace_mmr_96,ace,mmr,0.0,0.0,0.0,0.0,0.0,0.0,89.0,0.0,0.0
5add63845542992ae4cec541,ace_mmr_96,ace,mmr,0.0,0.0,0.0,0.2,0.4932,0.5,73.0,1.0,1.0
5ae2a0a1554299495565dae9,ace_mmr_96,ace,mmr,0.0,0.1667,1.0,1.0,0.1895,0.5,95.0,1.0,1.0
5a84eecd5542994c784dda8e,ace_mmr_96,ace,mmr,0.0,0.0,1.0,1.0,0.4222,0.5,90.0,1.0,1.0
5a85fa815542996432c57155,ace_mmr_96,ace,mmr,0.0,0.0,0.0,0.0,0.5833,0.5,72.0,1.0,1.0
5a84a5385542990548d0b2d9,ace_mmr_96,ace,mmr,1.0,1.0,1.0,1.0,0.617,0.5,94.0,1.0,1.0
5a78f26055429970f5fffdeb,ace_mmr_96,ace,mmr,0.0,0.8,0.0,0.6667,0.3951,0.5,81.0,1.0,1.0
5a86edcc55429960ec39b6da,ace_mmr_96,ace,mmr,1.0,1.0,1.0,1.0,0.4419,0.5,86.0,1.0,1.0
5ae7766455429952e35ea920,ace_mmr_96,ace,mmr,0.0,0.0,0.0,0.6,0.0,0.0,83.0,1.0,1.0
5a77863555429949eeb29ec6,ace_mmr_96,ace,mmr,0.0,0.6667,1.0,1.0,0.5873,1.0,63.0,1.0,1.0
5ab3cc395542992ade7c6e9f,ace_mmr_96,ace,mmr,0.0,0.0,0.0,0.2,1.0,0.5,81.0,0.5,0.0
5add016e5542992c1e3a250b,ace_mmr_96,ace,mmr,0.0,0.0,1.0,1.0,0.6905,0.5,84.0,1.0,1.0
5a8bd9c95542997f31a41de2,ace_mmr_96,ace,mmr,1.0,1.0,1.0,1.0,0.4507,0.5,71.0,1.0,1.0
5a8f13d55542997ba9cb31c9,ace_mmr_96,ace,mmr,0.0,0.8,1.0,1.0,0.9775,1.0,89.0,1.0,1.0
5ac248fd55429951e9e68525,ace_mmr_96,ace,mmr,0.0,0.0,0.0,0.0,0.4828,0.5,87.0,0.5,0.0
5adbcd475542996e68525240,ace_mmr_96,ace,mmr,1.0,1.0,1.0,1.0,1.0,1.0,88.0,1.0,1.0
5a7c8a3b55429935c91b5204,ace_mmr_96,ace,mmr,1.0,1.0,1.0,1.0,0.6842,1.0,95.0,1.0,1.0
5a7f40de5542992e7d278cc8,ace_mmr_96,ace,mmr,0.0,0.0,0.0,0.6667,0.4835,0.5,91.0,0.5,0.0
5ab2c6a955429916697740c2,ace_mmr_96,ace,mmr,1.0,1.0,1.0,1.0,1.0,1.0,89.0,1.0,1.0
5ac3165c5542995ef918c10a,ace_mmr_96,ace,mmr,1.0,1.0,1.0,1.0,0.2632,0.5,95.0,0.5,0.0
5a7577145542996c70cfaf03,ace_mmr_96,ace,mmr,0.0,0.0,1.0,1.0,1.0,1.0,91.0,1.0,1.0
5a8f45385542997ba9cb320a,ace_mmr_96,ace,mmr,0.0,0.0,1.0,1.0,0.0,0.0,82.0,1.0,1.0
5adea83b55429975fa854f53,ace_mmr_96,ace,mmr,0.0,0.0,1.0,1.0,0.1596,0.5,94.0,0.5,0.0
5ab4428c5542990594ba9bda,ace_mmr_96,ace,mmr,0.0,0.0,0.0,0.0,0.4719,0.5,89.0,1.0,1.0
5a90692f5542990a98493625,ace_mmr_96,ace,mmr,1.0,1.0,1.0,1.0,0.4479,0.5,96.0,1.0,1.0
5ae68a065542991bbc97611e,ace_mmr_96,ace,mmr,0.0,0.0,0.0,0.0,0.6265,0.5,83.0,1.0,1.0
5ab2929a554299449642c900,ace_mmr_96,ace,mmr,0.0,0.8571,0.0,1.0,0.3118,0.5,93.0,0.5,0.0
5adf434c5542993a75d26462,ace_mmr_96,ace,mmr,1.0,1.0,1.0,1.0,1.0,1.0,85.0,1.0,1.0
5ac4ecea55429919431739fd,ace_mmr_96,ace,mmr,0.0,0.0,0.0,0.25,0.5529,0.5,85.0,0.5,0.0
5a85dfcc5542994775f60673,ace_mmr_96,ace,mmr,0.0,0.0,0.0,0.5,0.4737,0.5,95.0,1.0,1.0
5a8085705542992bc0c4a74b,ace_mmr_96,ace,mmr,0.0,0.0,0.0,0.6667,0.0,0.0,75.0,1.0,1.0
5ae3992d5542994393b9e722,ace_mmr_96,ace,mmr,0.0,0.0,1.0,1.0,0.4333,0.5,90.0,1.0,1.0
5ae7793c554299540e5a55c2,ace_mmr_96,ace,mmr,0.0,0.0,0.0,0.0,0.5909,0.5,88.0,1.0,1.0
5a7f46115542994857a766d9,ace_mmr_96,ace,mmr,0.0,0.5,1.0,1.0,1.0,1.0,95.0,1.0,1.0
5a7380b955429908901be2d4,ace_mmr_96,ace,mmr,0.0,0.0,1.0,1.0,0.7356,1.0,87.0,1.0,1.0
5abfd3d65542994516f4550b,ace_mmr_96,ace,mmr,0.0,0.0,0.0,0.0,0.6702,1.0,94.0,1.0,1.0
5abf2e605542993fe9a41de4,ace_mmr_96,ace,mmr,0.0,0.0,1.0,1.0,0.7,1.0,90.0,1.0,1.0
5ae256435542992decbdccc3,ace_mmr_96,ace,mmr,0.0,0.0,0.0,0.0,0.4545,0.5,77.0,0.5,0.0
5ab819065542995dae37ea3c,ace_mmr_96,ace,mmr,0.0,0.6667,1.0,1.0,0.4022,0.5,92.0,1.0,1.0
5adfb10855429942ec259af9,ace_mmr_96,ace,mmr,1.0,1.0,1.0,1.0,0.4792,1.0,96.0,1.0,1.0
5ae0a54e5542993d6555ebdd,ace_mmr_96,ace,mmr,0.0,0.0,0.0,0.0,0.0,0.0,85.0,1.0,1.0
5ab327bc554299233954ff33,ace_mmr_96,ace,mmr,0.0,0.0,1.0,1.0,1.0,0.5,82.0,1.0,1.0
5a7c703055429935c91b51aa,ace_mmr_96,ace,mmr,0.0,0.8571,1.0,1.0,1.0,1.0,60.0,1.0,1.0
5abe19895542991f661060c2,ace_mmr_96,ace,mmr,1.0,1.0,1.0,1.0,0.3571,0.5,70.0,1.0,1.0
5ac26d4d55429951e9e685b7,ace_mmr_96,ace,mmr,0.0,0.0,0.0,0.3333,0.4688,0.5,96.0,1.0,1.0
5add95035542990dbb2f7e77,ace_mmr_96,ace,mmr,0.0,0.0,1.0,1.0,0.8229,1.0,96.0,1.0,1.0
5adc46665542994650320cc8,ace_mmr_96,ace,mmr,0.0,0.0,0.0,0.0,0.0,0.0,82.0,0.0,0.0
5ac259125542992f1f2b3867,ace_mmr_96,ace,mmr,0.0,0.8571,1.0,1.0,1.0,1.0,90.0,1.0,1.0
5a81624d5542995ce29dcbf1,ace_mmr_96,ace,mmr,1.0,1.0,1.0,1.0,0.6774,1.0,93.0,1.0,1.0
5a7933b255429907847277eb,ace_mmr_96,ace,mmr,1.0,1.0,1.0,1.0,0.0,0.0,88.0,1.0,1.0
5a7754d85542993735360234,ace_mmr_96,ace,mmr,0.0,0.0,0.0,0.6667,0.4333,0.5,90.0,0.5,0.0
5a80c01855429938b61421b8,ace_mmr_96,ace,mmr,0.0,0.0,0.0,0.0,0.0,0.0,89.0,0.5,0.0
5ab2b61d5542991669774065,ace_mmr_96,ace,mmr,0.0,0.0,0.0,0.0,0.4526,0.5,95.0,0.5,0.0
5ae8167b55429952e35eaa06,ace_mmr_96,ace,mmr,1.0,1.0,1.0,1.0,0.5679,0.5,81.0,1.0,1.0
5a7bacf35542997c3ec9724b,ace_mmr_96,ace,mmr,0.0,0.0,0.0,0.4,0.2581,0.5,62.0,0.5,0.0
5ac2610455429951e9e68592,ace_mmr_96,ace,mmr,0.0,0.0,0.0,0.0,0.3146,0.5,89.0,0.5,0.0
5a7c827e55429907fabeefa7,ace_mmr_96,ace,mmr,0.0,0.0,0.0,0.0,0.4316,0.5,95.0,0.5,0.0
5a81711455429938b614233e,ace_mmr_96,ace,mmr,0.0,0.0,0.0,0.0,0.5104,0.5,96.0,1.0,1.0
5adfd0d655429942ec259b4e,ace_mmr_96,ace,mmr,0.0,0.0,0.0,0.0,0.1235,0.5,81.0,1.0,1.0
5adc85b855429944faac24e9,ace_mmr_96,ace,mmr,1.0,1.0,0.0,1.0,0.4819,1.0,83.0,1.0,1.0
5abfde655542997719eab6f2,ace_mmr_96,ace,mmr,0.0,0.0,1.0,1.0,0.6049,0.5,81.0,1.0,1.0
5a72953b5542994cef4bc357,ace_mmr_96,ace,mmr,0.0,0.0,0.0,0.0,0.0,0.0,96.0,0.5,0.0
5ab989f755429970cfb8eb38,ace_mmr_96,ace,mmr,1.0,1.0,1.0,1.0,0.5119,0.5,84.0,0.5,0.0
5ae2133e554299495565d9e3,ace_mmr_96,ace,mmr,0.0,0.0,0.0,0.0,0.4483,0.5,87.0,0.5,0.0
5a82d71555429966c78a6a94,ace_mmr_96,ace,mmr,0.0,0.0,0.0,0.0,0.75,1.0,96.0,1.0,1.0
5ae1c3cd554299492dc91b87,ace_mmr_96,ace,mmr,0.0,0.3333,0.0,0.5,0.4432,0.5,88.0,1.0,1.0
5ac2583b55429951e9e68565,ace_mmr_96,ace,mmr,1.0,1.0,1.0,1.0,0.5647,1.0,85.0,1.0,1.0
5a82a55955429966c78a6a70,ace_mmr_96,ace,mmr,0.0,0.0,0.0,0.2,0.0,0.0,92.0,0.0,0.0
5ae5dae2554299546bf82fa4,ace_mmr_96,ace,mmr,1.0,1.0,1.0,1.0,0.4483,0.5,87.0,1.0,1.0
5ac195455542991316484b40,ace_mmr_96,ace,mmr,0.0,0.0,0.0,0.0,0.0,0.0,84.0,0.5,0.0
5ae785685542994a481bbd47,ace_mmr_96,ace,mmr,0.0,0.0,1.0,1.0,0.3247,0.5,77.0,1.0,1.0
5ae5429355429908b63265c5,ace_mmr_96,ace,mmr,0.0,0.0,0.0,0.0,0.4494,0.5,89.0,1.0,1.0
5a8ba60b554299240d9c205b,ace_mmr_96,ace,mmr,1.0,1.0,1.0,1.0,0.8621,1.0,87.0,1.0,1.0
5a82f05255429966c78a6aa2,ace_mmr_96,ace,mmr,1.0,1.0,1.0,1.0,0.3483,0.5,89.0,1.0,1.0
5abfea825542994516f45527,ace_mmr_96,ace,mmr,0.0,0.0,0.0,0.0,0.4783,0.5,92.0,0.5,0.0
5aba6f3e55429955dce3ee21,ace_mmr_96,ace,mmr,0.0,0.0,0.0,0.0,0.0,0.0,79.0,1.0,1.0
5ae113de55429901ffe4ad51,ace_mmr_96,ace,mmr,0.0,0.0,0.0,0.0,0.2222,0.5,90.0,1.0,1.0
5adce4f65542992c1e3a2474,ace_mmr_96,ace,mmr,0.0,0.0,0.0,0.3333,0.0,0.0,73.0,1.0,1.0
5ab27587554299449642c8af,ace_mmr_96,ace,mmr,0.0,0.0,0.0,0.0,0.0,0.0,86.0,0.5,0.0
5a7323ad5542994cef4bc476,ace_mmr_96,ace,mmr,0.0,0.0,1.0,1.0,0.6809,0.5,94.0,1.0,1.0
5abc17555542993a06baf858,ace_mmr_96,ace,mmr,0.0,0.0,0.0,0.5,0.3111,0.5,90.0,0.5,0.0
5ab9fe1255429939ce03dc40,ace_mmr_96,ace,mmr,0.0,0.0,0.0,0.5,0.5976,0.5,82.0,1.0,1.0
5a8b6ac055429949d91db5a5,ace_mmr_96,ace,mmr,1.0,1.0,1.0,1.0,0.5056,1.0,89.0,1.0,1.0
5a87136e5542991e771816b2,ace_mmr_96,ace,mmr,0.0,0.0,0.0,0.0,0.5806,0.5,93.0,1.0,1.0
5abff0625542997ec76fd476,ace_mmr_96,ace,mmr,0.0,0.6667,1.0,1.0,0.4946,1.0,93.0,1.0,1.0
5a7526945542993748c897d2,ace_mmr_96,ace,mmr,0.0,0.0,0.0,0.0,0.5495,0.5,91.0,0.5,0.0
5abc8620554299700f9d78e2,ace_mmr_96,ace,mmr,0.0,0.0,1.0,1.0,1.0,1.0,70.0,1.0,1.0
5a72a3c45542994cef4bc3ac,ace_mmr_96,ace,mmr,0.0,0.0,0.0,0.0,0.85,0.5,80.0,0.5,0.0
5ac170af5542994d76dcce20,ace_mmr_96,ace,mmr,0.0,0.6667,1.0,1.0,0.5591,0.5,93.0,1.0,1.0
5ae5f3bb5542996de7b71a7e,ace_mmr_96,ace,mmr,0.0,0.0,0.0,0.0,0.3563,0.5,87.0,0.5,0.0
5a7f7ca25542994857a76747,ace_mmr_96,ace,mmr,0.0,0.0,1.0,1.0,0.0,0.0,80.0,0.5,0.0
5adca8375542990d50227cd4,ace_mmr_96,ace,mmr,0.0,0.0,0.0,0.0,0.0,0.0,85.0,0.5,0.0
5ac3e1075542995c82c4ac78,ace_mmr_96,ace,mmr,1.0,1.0,1.0,1.0,0.5158,0.5,95.0,1.0,1.0
5a7db0915542990b8f503a30,ace_mmr_96,ace,mmr,1.0,1.0,1.0,1.0,0.375,1.0,96.0,1.0,1.0
5a81e04455429903bc27b9f9,ace_mmr_96,ace,mmr,0.0,0.0,0.0,0.125,0.0,0.0,90.0,0.5,0.0
5a8a573355429970aeb7029a,ace_mmr_96,ace,mmr,0.0,0.0,1.0,1.0,1.0,1.0,81.0,1.0,1.0
5a75e60e55429976ec32bc88,ace_mmr_96,ace,mmr,0.0,0.0,0.0,0.0,0.0,0.0,87.0,0.5,0.0
5abce73055429959677d6b34,ace_mmr_96,ace,mmr,0.0,0.0,0.0,0.0,0.5053,0.5,95.0,1.0,1.0
5a87572d5542994846c1cd6b,ace_mmr_96,ace,mmr,0.0,0.0,0.0,0.25,0.0,0.0,91.0,0.5,0.0
5a89761d5542995153361310,ace_mmr_96,ace,mmr,1.0,1.0,1.0,1.0,0.6277,1.0,94.0,1.0,1.0
5a8d5f16554299585d9e37c5,ace_mmr_96,ace,mmr,1.0,1.0,0.0,1.0,1.0,1.0,95.0,1.0,1.0
5ae7cea355429952e35ea9c1,ace_mmr_96,ace,mmr,0.0,0.0,1.0,1.0,0.5062,0.5,81.0,0.5,0.0
5ab600fb554299488d4d9a82,ace_mmr_96,ace,mmr,0.0,0.0,1.0,1.0,0.4316,0.5,95.0,0.5,0.0
5a7f7c285542994857a76746,ace_mmr_96,ace,mmr,0.0,0.0,0.0,0.0,0.0,0.0,87.0,1.0,1.0
5ade61fd554299728e26c704,ace_mmr_96,ace,mmr,1.0,1.0,1.0,1.0,1.0,1.0,93.0,1.0,1.0
5a73630655429901807db020,ace_mmr_96,ace,mmr,0.0,0.0,1.0,1.0,0.5316,0.5,79.0,1.0,1.0
5ab916e155429919ba4e23a4,ace_mmr_96,ace,mmr,1.0,1.0,1.0,1.0,0.4896,0.5,96.0,1.0,1.0
5ae0af5555429945ae95941e,ace_mmr_96,ace,mmr,0.0,0.0,1.0,1.0,0.527,0.5,74.0,1.0,1.0
5a865bbf5542991e77181615,ace_mmr_96,ace,mmr,0.0,0.0,0.0,0.3333,0.3021,0.5,96.0,1.0,1.0
5a8fa20555429918e830d298,ace_mmr_96,ace,mmr,0.0,0.0,0.0,0.0,0.7011,0.5,87.0,1.0,1.0
5ab97cd0554299753720f81a,ace_mmr_96,ace,mmr,1.0,1.0,1.0,1.0,0.7033,0.5,91.0,1.0,1.0
5ae7ed9555429952e35ea9e6,ace_mmr_96,ace,mmr,0.0,0.0,1.0,1.0,0.6889,1.0,90.0,1.0,1.0
5aded1595542995ec70e8f29,ace_mmr_96,ace,mmr,0.0,0.0,0.0,0.0,0.5833,0.5,72.0,1.0,1.0
5adc3aff5542996e685252eb,ace_mmr_96,ace,mmr,0.0,0.0,0.0,0.5,0.4624,0.5,93.0,0.5,0.0
5ae2ee5e5542991a06ce990a,ace_mmr_96,ace,mmr,0.0,0.0,0.0,0.0,0.0,0.0,82.0,1.0,1.0
5a8e42d15542995a26add4a6,ace_mmr_96,ace,mmr,0.0,0.0,1.0,1.0,0.383,0.5,94.0,1.0,1.0
5a7a33a35542994f819ef14c,ace_mmr_96,ace,mmr,1.0,1.0,1.0,1.0,0.814,1.0,86.0,1.0,1.0
5ae69fa755429908198fa66c,ace_mmr_96,ace,mmr,0.0,0.0,0.0,0.0,0.4535,0.5,86.0,0.5,0.0
5a7e279d5542995ed0d166b5,ace_mmr_96,ace,mmr,0.0,0.0,0.0,0.0,0.0,0.0,68.0,0.5,0.0
5a79c6a55542994bb9457091,ace_mmr_96,ace,mmr,0.0,0.8,1.0,1.0,0.5556,0.5,90.0,1.0,1.0
5a739d8c55429905862fe073,ace_mmr_96,ace,mmr,0.0,0.0,0.0,0.0,0.253,0.5,83.0,0.5,0.0
5a7fc21455429969796c1b4b,ace_mmr_96,ace,mmr,0.0,0.0,0.0,0.0,0.5797,0.5,69.0,1.0,1.0
5ae1da385542997283cd2297,ace_mmr_96,ace,mmr,0.0,0.6667,1.0,1.0,0.5326,1.0,92.0,1.0,1.0
5ab5f249554299488d4d9a5d,ace_mmr_96,ace,mmr,0.0,0.0,1.0,1.0,0.4225,0.5,71.0,1.0,1.0
5ab9180b5542991b5579f0f3,ace_mmr_96,ace,mmr,1.0,1.0,1.0,1.0,0.3854,0.5,96.0,1.0,1.0
5ae0f8a05542997b2ef7d0bc,ace_mmr_96,ace,mmr,1.0,1.0,1.0,1.0,0.3684,0.5,95.0,1.0,1.0
5a7c8e7955429935c91b521a,ace_mmr_96,ace,mmr,0.0,0.5714,0.0,0.4,0.8,0.5,55.0,1.0,1.0
5ae5d008554299546bf82f7d,ace_mmr_96,ace,mmr,1.0,1.0,1.0,1.0,0.3103,0.5,87.0,1.0,1.0
5abbaed855429931dba144aa,ace_mmr_96,ace,mmr,0.0,0.0,1.0,1.0,0.5263,1.0,95.0,1.0,1.0
5ae1316555429901ffe4adda,ace_mmr_96,ace,mmr,0.0,0.0,0.0,0.0,0.5638,0.5,94.0,1.0,1.0
5a74512b55429974ef308bd5,ace_mmr_96,ace,mmr,0.0,0.0,0.0,0.0,0.0,0.0,84.0,1.0,1.0
5a80aeff5542996402f6a5eb,ace_mmr_96,ace,mmr,0.0,0.0,0.0,0.1667,0.3146,0.5,89.0,1.0,1.0
5a88a4e65542997e5c09a671,ace_mmr_96,ace,mmr,0.0,0.0,0.0,0.5,0.3372,0.5,86.0,1.0,1.0
5ae2eda355429928c4239570,ace_mmr_96,ace,mmr,1.0,1.0,1.0,1.0,0.25,0.5,96.0,1.0,1.0
5a836a2d554299334474600f,ace_mmr_96,ace,mmr,0.0,0.0,0.0,0.0,0.0,0.0,94.0,0.0,0.0
5a78d01d55429974737f78b3,ace_mmr_96,ace,mmr,1.0,1.0,1.0,1.0,1.0,1.0,95.0,1.0,1.0
5ae46c9d5542996836b02c9d,ace_mmr_96,ace,mmr,1.0,1.0,1.0,1.0,0.4362,0.5,94.0,1.0,1.0
5a80e03e55429938b614222c,ace_mmr_96,ace,mmr,0.0,0.0,0.0,0.25,0.3763,0.5,93.0,1.0,1.0
5a7270395542992359bc30a8,ace_mmr_96,ace,mmr,0.0,0.0,0.0,0.5,0.4789,0.5,71.0,0.5,0.0
5ab8261655429934fafe6cf1,ace_mmr_96,ace,mmr,0.0,0.0,0.0,0.0,0.3556,0.5,90.0,0.5,0.0
5abc41315542993a06baf8bb,ace_mmr_96,ace,mmr,0.0,0.0,0.0,0.0,0.0,0.0,90.0,0.5,0.0
5abd455c55429924427fcf5a,ace_mmr_96,ace,mmr,0.0,0.0,0.0,0.3333,0.5172,0.5,87.0,0.5,0.0
5ab97d0a5542996be202051e,ace_mmr_96,ace,mmr,1.0,1.0,1.0,1.0,0.8681,1.0,91.0,1.0,1.0
5a7a96555542990198eaf159,ace_mmr_96,ace,mmr,0.0,0.6667,0.0,0.0,0.8391,0.5,87.0,1.0,1.0
5a8c7057554299653c1aa066,ace_mmr_96,ace,mmr,0.0,0.6667,1.0,1.0,1.0,1.0,96.0,1.0,1.0
5a7663665542992d0ec060d3,ace_mmr_96,ace,mmr,0.0,0.2857,0.0,0.75,0.3908,0.5,87.0,1.0,1.0
5abd920e55429924427fd05d,ace_mmr_96,ace,mmr,0.0,0.0,0.0,0.0,0.382,1.0,89.0,1.0,1.0
5ae47ae05542995ad6573d4f,ace_mmr_96,ace,mmr,1.0,1.0,1.0,1.0,0.0,0.0,90.0,0.5,0.0
5ae25ed15542992decbdccd2,ace_mmr_96,ace,mmr,0.0,0.0,0.0,0.0,0.5667,1.0,90.0,1.0,1.0
5a8b7e9c5542995d1e6f13c1,ace_mmr_96,ace,mmr,0.0,0.0,1.0,1.0,0.7021,1.0,94.0,1.0,1.0
5a7265a95542992359bc307a,ace_mmr_96,ace,mmr,0.0,0.0,0.0,0.5,1.0,0.5,84.0,0.5,0.0
5add889b5542997545bbbd68,ace_mmr_96,ace,mmr,1.0,1.0,1.0,1.0,0.3297,0.5,91.0,0.5,0.0
5abed7d75542990832d3a0f7,ace_mmr_96,ace,mmr,0.0,0.0,0.0,0.0,0.0,0.0,86.0,0.5,0.0
5ab8c3c65542991b5579effd,ace_mmr_96,ace,mmr,1.0,1.0,1.0,1.0,0.7089,1.0,79.0,1.0,1.0
5ae6179b5542992663a4f25b,ace_mmr_96,ace,mmr,0.0,0.0,1.0,1.0,1.0,1.0,94.0,1.0,1.0
5a80838d5542992bc0c4a745,ace_mmr_96,ace,mmr,0.0,0.0,1.0,1.0,0.2656,0.5,64.0,1.0,1.0
5a7cd7f055429909bec7683e,ace_mmr_96,ace,mmr,1.0,1.0,1.0,1.0,0.413,0.5,92.0,1.0,1.0
5ac3a10b5542995ef918c1c3,ace_mmr_96,ace,mmr,1.0,1.0,1.0,1.0,0.5,0.5,80.0,0.5,0.0
5ab8764155429919ba4e22fe,ace_mmr_96,ace,mmr,0.0,0.0,1.0,1.0,0.3288,0.5,73.0,1.0,1.0
5a7cf4e355429907fabef062,ace_mmr_96,ace,mmr,0.0,0.0,0.0,0.0,0.1538,0.5,91.0,1.0,1.0
5a8f06075542995b44241f2d,ace_mmr_96,ace,mmr,0.0,0.0,0.0,0.5,1.0,1.0,65.0,1.0,1.0
5ac09da45542996f0d89cc1d,ace_mmr_96,ace,mmr,1.0,1.0,1.0,1.0,0.5732,1.0,82.0,1.0,1.0
5a8a4b9955429930ff3c0d88,ace_mmr_96,ace,mmr,0.0,0.0,0.0,0.0,0.4565,0.5,92.0,0.5,0.0
5a8b7d925542995d1e6f13bd,ace_mmr_96,ace,mmr,0.0,0.0,1.0,1.0,0.5055,0.5,91.0,1.0,1.0
5a8a09ff5542992d82986e6b,ace_mmr_96,ace,mmr,0.0,0.0,0.0,0.0,0.5745,0.5,94.0,0.5,0.0
5ab2d65e554299545a2cfabe,ace_mmr_96,ace,mmr,0.0,0.0,0.0,0.3333,0.2935,0.5,92.0,0.5,0.0
5a711cb45542994082a3e59f,ace_mmr_96,ace,mmr,0.0,0.0,1.0,1.0,0.4396,0.5,91.0,1.0,1.0
5a746ddc55429929fddd8423,ace_mmr_96,ace,mmr,0.0,0.0,0.0,0.5,0.6517,1.0,89.0,1.0,1.0
5ae4b55455429913cc2044db,ace_mmr_96,ace,mmr,0.0,0.0,0.0,0.0,0.3243,0.5,74.0,1.0,1.0
5ab6087a554299110f2199be,ace_mmr_96,ace,mmr,0.0,0.0,0.0,0.0,0.4632,0.5,95.0,0.5,0.0
5adfc06d55429906c02daa2a,ace_mmr_96,ace,mmr,0.0,0.0,1.0,1.0,0.413,0.5,92.0,0.5,0.0
5adf51e05542995534e8c78a,ace_mmr_96,ace,mmr,0.0,0.4,1.0,1.0,0.6559,1.0,93.0,1.0,1.0
5ab4482b55429942dd415f09,ace_mmr_96,ace,mmr,0.0,0.75,0.0,0.6,0.3187,0.5,91.0,1.0,1.0
5abfa0285542990832d3a171,ace_mmr_96,ace,mmr,1.0,1.0,0.0,0.0,0.809,0.5,89.0,1.0,1.0
5a8b1a925542997f31a41c6e,ace_mmr_96,ace,mmr,0.0,0.0,0.0,0.0,0.0,0.0,93.0,0.0,0.0
5a7fc03d5542992097ad2fbc,ace_mmr_96,ace,mmr,0.0,0.0,1.0,1.0,0.0,0.0,91.0,1.0,1.0
5ae5ead6554299546bf82fd0,ace_mmr_96,ace,mmr,1.0,1.0,1.0,1.0,0.6447,0.5,76.0,1.0,1.0
5ae6371155429929b0807af1,ace_mmr_96,ace,mmr,1.0,1.0,1.0,1.0,0.3889,0.5,90.0,0.5,0.0
5a80f4c2554299260e20a1da,ace_mmr_96,ace,mmr,0.0,0.0,0.0,0.0,1.0,0.5,88.0,0.5,0.0
5ac38bf355429939154137ba,ace_mmr_96,ace,mmr,0.0,0.0,0.0,0.5,0.6854,0.5,89.0,1.0,1.0
5ae26c795542992decbdccfb,ace_mmr_96,ace,mmr,0.0,0.0,0.0,0.0,0.0,0.0,96.0,0.5,0.0
5ae51fa25542992663a4f11f,ace_mmr_96,ace,mmr,0.0,0.0,0.0,0.375,0.5059,0.5,85.0,0.5,0.0
5ae13bf1554299422ee99634,ace_mmr_96,ace,mmr,0.0,0.0,0.0,0.0,0.3553,0.5,76.0,1.0,1.0
5a79e7b45542994f819ef0ff,ace_mmr_96,ace,mmr,0.0,0.0,0.0,0.0,0.5294,0.5,85.0,0.5,0.0
5a8ee7c95542990e94052bb1,ace_mmr_96,ace,mmr,0.0,0.0,0.0,0.0,0.0,0.0,81.0,0.5,0.0
5a8bc0485542995d1e6f143d,ace_mmr_96,ace,mmr,0.0,0.0,0.0,0.0,0.1579,0.5,76.0,0.5,0.0
5adf3c155542993a75d2643a,ace_mmr_96,ace,mmr,0.0,0.0,0.0,0.0,0.0,0.0,96.0,0.5,0.0
5ab84bab55429934fafe6d49,ace_mmr_96,ace,mmr,0.0,0.0,0.0,0.0,0.2949,0.5,78.0,1.0,1.0
5abb4b4a5542993f40c73aea,ace_mmr_96,ace,mmr,1.0,1.0,1.0,1.0,0.6484,0.5,91.0,1.0,1.0
5ae4885e55429970de88d99d,ace_mmr_96,ace,mmr,0.0,0.0,0.0,0.6667,0.0,0.0,91.0,0.0,0.0
5adf53dc5542995534e8c791,ace_mmr_96,ace,mmr,0.0,0.0,0.0,0.0,0.2841,0.5,88.0,1.0,1.0
5a7a70b355429941d65f2647,ace_mmr_96,ace,mmr,1.0,1.0,1.0,1.0,0.2,0.5,90.0,1.0,1.0
5a8911ad554299515336129c,ace_mmr_96,ace,mmr,0.0,0.0,0.0,0.6667,0.6979,0.5,96.0,1.0,1.0
5ae6911955429908198fa626,ace_mmr_96,ace,mmr,1.0,1.0,1.0,1.0,0.3229,0.5,96.0,1.0,1.0
5a843de75542992ef85e23b4,ace_mmr_96,ace,mmr,0.0,0.0,0.0,0.0,0.0,0.0,94.0,0.5,0.0
5a7d22dc5542995ed0d16600,ace_mmr_96,ace,mmr,0.0,0.0,0.0,0.0,0.2234,0.5,94.0,1.0,1.0
5a8a1a9c5542992d82986ebb,ace_mmr_96,ace,mmr,0.0,0.0,0.0,0.0,0.8068,0.5,88.0,1.0,1.0
5a8f7c9a55429918e830d239,ace_mmr_96,ace,mmr,0.0,0.0,0.0,0.0,0.8481,0.5,79.0,1.0,1.0
5ab92f1f554299753720f77b,ace_mmr_96,ace,mmr,0.0,0.6667,0.0,0.0,0.0,0.0,85.0,1.0,1.0
5a761e855542994ccc9186e0,ace_mmr_96,ace,mmr,0.0,0.0,1.0,1.0,0.6047,1.0,86.0,1.0,1.0
5a7a01b15542996c55b2dcd1,ace_mmr_96,ace,mmr,0.0,0.0,0.0,0.6667,0.0,0.0,83.0,1.0,1.0
5a733b835542991f9a20c6b2,ace_mmr_96,ace,mmr,1.0,1.0,1.0,1.0,0.4889,0.5,90.0,0.5,0.0
5ae04ea555429924de1b709e,ace_mmr_96,ace,mmr,0.0,0.0,0.0,0.0,0.0,0.0,94.0,0.5,0.0
5abd2eab5542992ac4f38210,ace_mmr_96,ace,mmr,1.0,1.0,1.0,1.0,0.759,1.0,83.0,1.0,1.0
5a81e097554299676cceb129,ace_mmr_96,ace,mmr,0.0,0.2857,0.0,0.25,0.0,0.0,82.0,0.5,0.0
5ab6faec5542991d32223708,ace_mmr_96,ace,mmr,0.0,0.0,0.0,0.4286,0.4881,0.5,84.0,1.0,1.0
5a753c8c55429916b01642ab,ace_mmr_96,ace,mmr,0.0,0.0,0.0,0.0,0.0,0.0,92.0,0.5,0.0
5ae22ede554299234fd0441b,ace_mmr_96,ace,mmr,0.0,0.0,0.0,0.0,0.236,0.5,89.0,0.5,0.0
5a8b40b055429949d91db50c,ace_mmr_96,ace,mmr,0.0,0.0,1.0,1.0,0.7396,0.5,96.0,1.0,1.0
5ade8ad95542992fa25da7b8,ace_mmr_96,ace,mmr,0.0,0.0,1.0,1.0,0.2989,0.5,87.0,1.0,1.0
5a7b971255429927d897bff3,ace_mmr_96,ace,mmr,0.0,0.0,0.0,0.0,1.0,1.0,74.0,1.0,1.0
5ae2c4b8554299495565db31,ace_mmr_96,ace,mmr,0.0,0.0,0.0,0.0,0.0,0.0,80.0,0.5,0.0
5ac508205542994611c8b32e,ace_mmr_96,ace,mmr,0.0,0.0,1.0,1.0,0.5435,0.5,92.0,1.0,1.0
5a74c85055429916b0164218,ace_mmr_96,ace,mmr,0.0,0.0,0.0,0.0,0.0,0.0,96.0,0.5,0.0
5a75642c5542996c70cfaeed,ace_mmr_96,ace,mmr,0.0,0.0,0.0,0.0,0.2955,0.5,88.0,0.5,0.0
5ae6dd745542996d980e7ca0,ace_mmr_96,ace,mmr,0.0,0.0,0.0,0.0,0.0,0.0,72.0,0.5,0.0
5a74d64055429916b0164223,ace_mmr_96,ace,mmr,0.0,0.0,0.0,0.0,0.0,0.0,94.0,0.5,0.0
5a7a616355429941d65f25f7,ace_mmr_96,ace,mmr,0.0,0.0,0.0,0.5,0.4409,0.5,93.0,0.5,0.0
5aba9813554299232ef4a357,ace_mmr_96,ace,mmr,1.0,1.0,1.0,1.0,0.8242,0.5,91.0,1.0,1.0
5ae5669755429960a22e02ec,ace_mmr_96,ace,mmr,0.0,0.4444,1.0,1.0,0.6042,0.5,96.0,1.0,1.0
5a79e1275542990198eaefe7,ace_mmr_96,ace,mmr,0.0,0.8,0.0,0.0,0.5581,0.5,86.0,0.5,0.0
5a9064c755429916514e74a6,ace_mmr_96,ace,mmr,1.0,1.0,1.0,1.0,0.6667,1.0,87.0,1.0,1.0
5a872e8e5542991e7718170c,ace_mmr_96,ace,mmr,0.0,0.0,0.0,0.0,0.3913,0.5,92.0,1.0,1.0
5ae6453e55429908198fa56c,ace_mmr_96,ace,mmr,0.0,0.0,0.0,0.0,0.2927,0.5,82.0,0.5,0.0
5a90970d5542995651fb51a5,ace_mmr_96,ace,mmr,0.0,0.0,0.0,0.0,0.4681,0.5,94.0,0.5,0.0
5ae15ae25542990adbacf767,ace_mmr_96,ace,mmr,0.0,0.0,0.0,0.0,1.0,1.0,91.0,1.0,1.0
5a7e08b55542997cc2c474fe,ace_mmr_96,ace,mmr,0.0,0.0,0.0,0.0,0.5479,0.5,73.0,1.0,1.0
5ab30336554299166977417c,ace_mmr_96,ace,mmr,1.0,1.0,1.0,1.0,0.6923,0.5,91.0,1.0,1.0
5a83b4d35542996488c2e495,ace_mmr_96,ace,mmr,0.0,0.0,0.0,0.3333,0.0,0.0,84.0,1.0,1.0
5ab416a25542996a3a969f28,ace_mmr_96,ace,mmr,0.0,0.0,1.0,1.0,0.6265,0.5,83.0,1.0,1.0
5a7147fd5542994082a3e758,ace_mmr_96,ace,mmr,0.0,0.0,0.0,0.0,0.0,0.0,86.0,0.5,0.0
5ae0413555429942ec259c61,ace_mmr_96,ace,mmr,1.0,1.0,1.0,1.0,0.7391,0.5,92.0,1.0,1.0
5ae47cab5542996836b02cb9,ace_mmr_96,ace,mmr,0.0,0.0,0.0,0.5,0.2763,0.5,76.0,0.5,0.0
5abdbf3755429933744ab818,ace_mmr_96,ace,mmr,0.0,0.0,0.0,0.0,1.0,1.0,69.0,1.0,1.0
5ae0968955429924de1b7105,ace_mmr_96,ace,mmr,0.0,0.0,1.0,1.0,0.72,1.0,75.0,1.0,1.0
5ab48f245542990594ba9c66,ace_mmr_96,ace,mmr,0.0,0.0,0.0,0.0,0.4118,0.5,85.0,1.0,1.0
5ae5faf555429929b0807a4c,ace_mmr_96,ace,mmr,0.0,0.0,1.0,1.0,0.6932,1.0,88.0,1.0,1.0
5a7c53a855429935c91b515d,ace_mmr_96,ace,mmr,1.0,1.0,1.0,1.0,0.8526,1.0,95.0,1.0,1.0
5ae51b495542993aec5ec146,ace_mmr_96,ace,mmr,1.0,1.0,1.0,1.0,1.0,1.0,85.0,1.0,1.0
5ade8f5955429975fa854f10,ace_mmr_96,ace,mmr,0.0,0.0,1.0,1.0,0.8,0.5,80.0,1.0,1.0
5ab64cfa55429953192ad2b7,ace_mmr_96,ace,mmr,0.0,0.0,1.0,1.0,0.4737,1.0,95.0,1.0,1.0
5a8fae205542997ba9cb32ec,ace_mmr_96,ace,mmr,0.0,0.0,0.0,0.0,0.4198,0.5,81.0,0.5,0.0
5abb7d8b5542996cc5e4a006,ace_mmr_96,ace,mmr,0.0,0.0,0.0,0.0,0.4688,0.5,96.0,0.5,0.0
5add47bf5542992200553a7f,ace_mmr_96,ace,mmr,0.0,0.0,0.0,0.0,0.2907,0.5,86.0,1.0,1.0
5a7128b05542994082a3e5f2,ace_mmr_96,ace,mmr,1.0,1.0,1.0,1.0,0.7292,0.5,96.0,1.0,1.0
5ade04465542990dbb2f7f2f,ace_mmr_96,ace,mmr,0.0,0.0,0.0,0.3333,0.0,0.0,93.0,0.5,0.0
5ab431d855429942dd415ed2,ace_mmr_96,ace,mmr,0.0,0.75,1.0,1.0,0.7045,0.5,88.0,0.5,0.0
5a8c6342554299240d9c214a,ace_mmr_96,ace,mmr,0.0,0.0,0.0,0.0,0.3191,0.5,94.0,1.0,1.0
5adc75525542994650320d0e,ace_mmr_96,ace,mmr,1.0,1.0,0.0,0.0,0.4177,0.5,79.0,1.0,1.0
5a85d25b5542996432c570ee,ace_mmr_96,ace,mmr,0.0,0.6667,1.0,1.0,0.6538,1.0,78.0,1.0,1.0
5a7183575542994082a3e85e,ace_mmr_96,ace,mmr,0.0,0.0,0.0,0.0,0.4831,0.5,89.0,0.5,0.0
5adebea1554299728e26c7b6,ace_mmr_96,ace,mmr,0.0,0.0,1.0,1.0,0.4432,0.5,88.0,1.0,1.0
5a80a25d5542995d8a8ddfb7,ace_mmr_96,ace,mmr,0.0,0.0,0.0,0.0,0.129,0.5,93.0,0.5,0.0
5a778b1e55429949eeb29ee3,ace_mmr_96,ace,mmr,0.0,0.0,1.0,1.0,0.7391,1.0,92.0,1.0,1.0
5ae6860e5542991bbc976112,ace_mmr_96,ace,mmr,0.0,0.0,1.0,1.0,0.7024,0.5,84.0,1.0,1.0
5a7e058f5542995f4f402390,ace_mmr_96,ace,mmr,1.0,1.0,1.0,1.0,0.4699,0.5,83.0,1.0,1.0
5ab2a8b655429929539467ab,ace_mmr_96,ace,mmr,1.0,1.0,1.0,1.0,0.3846,0.5,91.0,1.0,1.0
5a8e06785542995085b37383,ace_mmr_96,ace,mmr,1.0,1.0,1.0,1.0,1.0,1.0,92.0,1.0,1.0
5a7eb22655429930675135cb,ace_mmr_96,ace,mmr,0.0,0.0,1.0,1.0,0.6667,1.0,96.0,1.0,1.0
5ab298fb554299449642c922,ace_mmr_96,ace,mmr,0.0,0.0,0.0,0.0,0.0,0.0,96.0,0.5,0.0
5ab27287554299722f9b4d2c,ace_mmr_96,ace,mmr,0.0,0.3333,0.0,0.6667,0.6452,1.0,93.0,1.0,1.0
5ae0f2bf5542997b2ef7d09e,ace_mmr_96,ace,mmr,0.0,0.0,1.0,1.0,0.6064,0.5,94.0,1.0,1.0
5a838fcd5542992ef85e2305,ace_mmr_96,ace,mmr,0.0,0.8,0.0,0.6667,0.4946,0.5,93.0,0.5,0.0
5a79caec5542994bb94570ad,ace_mmr_96,ace,mmr,0.0,0.0,1.0,1.0,0.7528,1.0,89.0,1.0,1.0
5a73266d5542994cef4bc47d,ace_mmr_96,ace,mmr,1.0,1.0,1.0,1.0,0.4149,0.5,94.0,1.0,1.0
5a8de02b554299068b959e13,ace_mmr_96,ace,mmr,0.0,0.0,1.0,1.0,0.5972,0.5,72.0,0.5,0.0
5a89ba6b554299669944a584,ace_mmr_96,ace,mmr,0.0,0.0,0.0,0.0,0.3636,0.5,88.0,1.0,1.0
5ae4ea2a5542993aec5ec0ee,ace_mmr_96,ace,mmr,0.0,0.2857,0.0,0.25,0.0,0.0,75.0,0.5,0.0
5a7796e05542992a6e59df0f,ace_mmr_96,ace,mmr,1.0,1.0,1.0,1.0,0.4409,0.5,93.0,1.0,1.0
5ab8627f5542990e739ec8da,ace_mmr_96,ace,mmr,0.0,0.3636,0.0,0.5556,0.5109,0.5,92.0,0.5,0.0
5a7456ec55429979e288290f,ace_mmr_96,ace,mmr,0.0,0.0,1.0,1.0,0.4945,0.5,91.0,1.0,1.0
5abc6fba554299700f9d78c7,ace_mmr_96,ace,mmr,0.0,0.0,0.0,0.0,0.1146,0.5,96.0,1.0,1.0
5ae1500655429920d52343cc,ace_mmr_96,ace,mmr,0.0,0.0,1.0,1.0,0.3625,1.0,80.0,1.0,1.0
5a8c5569554299240d9c2126,ace_mmr_96,ace,mmr,1.0,1.0,0.0,0.0,1.0,1.0,72.0,1.0,1.0
5a7cffb755429907fabef09f,ace_mmr_96,ace,mmr,1.0,1.0,1.0,1.0,0.4409,0.5,93.0,0.5,0.0
5abdaa0f55429965af743dad,ace_mmr_96,ace,mmr,0.0,0.0,0.0,0.6667,0.0,0.0,95.0,0.5,0.0
5add00805542992c1e3a2504,ace_mmr_96,ace,mmr,0.0,0.0,0.0,0.0,0.6237,0.5,93.0,1.0,1.0
5a8af11a55429950cd6afc21,ace_mmr_96,ace,mmr,0.0,0.0,1.0,1.0,0.0,0.0,95.0,0.0,0.0
5ac34994554299741d48a242,ace_mmr_96,ace,mmr,0.0,0.0,0.0,0.0,0.5735,0.5,68.0,1.0,1.0
5ab3e45655429976abd1bcd4,ace_mmr_96,ace,mmr,0.0,0.0,0.0,0.3333,0.3125,0.5,96.0,0.5,0.0
5a77ace855429967ab105223,ace_mmr_96,ace,mmr,1.0,1.0,1.0,1.0,0.4043,0.5,94.0,0.5,0.0
5a802b595542995d8a8ddf51,ace_mmr_96,ace,mmr,1.0,1.0,1.0,1.0,0.5055,0.5,91.0,0.5,0.0
5a8501915542997175ce1f5a,ace_mmr_96,ace,mmr,0.0,0.0,0.0,0.0,0.0,0.0,84.0,1.0,1.0
5ab5f75e554299637185c64b,ace_mmr_96,ace,mmr,0.0,0.0,0.0,0.0,0.75,1.0,92.0,1.0,1.0
5a9068075542990a9849361a,ace_mmr_96,ace,mmr,0.0,0.0,0.0,0.0,1.0,0.5,71.0,1.0,1.0
5ae676915542995703ce8b66,ace_mmr_96,ace,mmr,1.0,1.0,1.0,1.0,0.2222,0.5,81.0,0.5,0.0
5ae39e9c5542990afbd1e195,ace_mmr_96,ace,mmr,0.0,0.0,0.0,0.0,0.0,0.0,96.0,0.5,0.0
5ae76d185542997ec2727641,ace_mmr_96,ace,mmr,0.0,0.0,0.0,0.0,0.2979,1.0,94.0,1.0,1.0
5a8a17685542993b751ca9f3,ace_mmr_96,ace,mmr,1.0,1.0,1.0,1.0,0.3182,0.5,88.0,1.0,1.0
5abbcba05542992ccd8e7fa3,ace_mmr_96,ace,mmr,0.0,0.0,0.0,0.0,0.5385,0.5,78.0,0.5,0.0
5a8b515e55429971feec46bb,ace_mmr_96,ace,mmr,1.0,1.0,1.0,1.0,0.4231,0.5,78.0,0.5,0.0
5ae22895554299495565da0c,ace_mmr_96,ace,mmr,0.0,0.0,1.0,1.0,1.0,0.5,81.0,1.0,1.0
5a83dd2c554299334474609e,ace_mmr_96,ace,mmr,0.0,0.0,0.0,0.0909,0.0,0.0,89.0,0.0,0.0
5abb76fa5542992ccd8e7f48,ace_mmr_96,ace,mmr,0.0,0.0,0.0,0.0,0.6854,1.0,89.0,1.0,1.0
5ab4eecb55429942dd415faa,ace_mmr_96,ace,mmr,0.0,0.0,0.0,0.0,0.0,0.0,93.0,1.0,1.0
5ae0b9b155429924de1b7152,ace_mmr_96,ace,mmr,0.0,0.0,0.0,0.0,0.7349,1.0,83.0,1.0,1.0
5a90629855429916514e749e,ace_mmr_96,ace,mmr,0.0,0.0,0.0,0.0,0.0,0.0,95.0,0.5,0.0
5a7a4f335542990198eaf11e,ace_mmr_96,ace,mmr,0.0,0.0,1.0,1.0,0.2604,0.5,96.0,1.0,1.0
5ab674b7554299110f219a0c,ace_mmr_96,ace,mmr,1.0,1.0,0.0,0.5,0.0,0.0,93.0,0.5,0.0
5ae406f055429970de88d874,ace_mmr_96,ace,mmr,1.0,1.0,1.0,1.0,1.0,1.0,77.0,1.0,1.0
5a75441c55429916b01642cf,ace_mmr_96,ace,mmr,1.0,1.0,1.0,1.0,0.6512,0.5,86.0,1.0,1.0
5a8307c055429966c78a6af9,ace_mmr_96,ace,mmr,1.0,1.0,1.0,1.0,0.6066,0.5,61.0,1.0,1.0
5ae077805542993d6555eb6e,ace_mmr_96,ace,mmr,1.0,1.0,0.0,0.0,0.3953,0.5,86.0,1.0,1.0
5a7f19eb55429934daa2fcdb,ace_mmr_96,ace,mmr,1.0,1.0,1.0,1.0,0.6989,0.5,93.0,0.5,0.0
5adc1ae5554299438c868d5c,ace_mmr_96,ace,mmr,0.0,0.0,0.0,0.0,0.4457,1.0,92.0,1.0,1.0
5ae446175542995ad6573d1f,ace_mmr_96,ace,mmr,0.0,0.0,0.0,0.0,0.0,0.0,85.0,0.0,0.0
5ac2eec55542990b17b154c1,ace_mmr_96,ace,mmr,0.0,0.0,0.0,0.0,0.0,0.0,88.0,1.0,1.0
5a836a765542996488c2e446,ace_mmr_96,ace,mmr,0.0,0.0,0.0,0.0,0.5595,0.5,84.0,0.5,0.0
5ae614215542992663a4f254,ace_mmr_96,ace,mmr,1.0,1.0,1.0,1.0,0.4458,0.5,83.0,1.0,1.0
5ade15a45542997545bbbe46,ace_mmr_96,ace,mmr,0.0,0.0,0.0,0.0,0.2644,0.5,87.0,1.0,1.0
5ac0641f554299294b218fbe,ace_mmr_96,ace,mmr,0.0,0.0,0.0,0.0,0.3118,0.5,93.0,1.0,1.0
5a7143625542994082a3e71e,ace_mmr_96,ace,mmr,0.0,0.0,1.0,1.0,0.0,0.0,81.0,0.5,0.0
5a8c51f0554299240d9c2111,ace_mmr_96,ace,mmr,0.0,0.5,0.0,0.0,0.383,0.5,94.0,0.5,0.0
5a8719fa55429960ec39b742,ace_mmr_96,ace,mmr,0.0,0.3333,1.0,1.0,0.4894,0.5,94.0,1.0,1.0
5ab67f4c55429953192ad2d9,ace_mmr_96,ace,mmr,1.0,1.0,1.0,1.0,1.0,1.0,96.0,1.0,1.0
5a7326cd5542991f29ee2d11,ace_mmr_96,ace,mmr,1.0,1.0,1.0,1.0,1.0,1.0,92.0,1.0,1.0
5ae0f4645542997b2ef7d0aa,ace_mmr_96,ace,mmr,0.0,0.6667,1.0,1.0,0.6344,0.5,93.0,1.0,1.0
5a8c5c6f554299653c1aa04d,ace_mmr_96,ace,mmr,0.0,0.0,0.0,0.0,0.0,0.0,71.0,0.5,0.0
5abdb8ba5542993f32c2a015,ace_mmr_96,ace,mmr,0.0,0.0,1.0,1.0,1.0,1.0,87.0,1.0,1.0
5ac11037554299294b21907a,ace_mmr_96,ace,mmr,0.0,0.0,0.0,0.5,0.5441,0.5,68.0,0.5,0.0
5ab833ad5542990e739ec86f,ace_mmr_96,ace,mmr,0.0,0.0,0.0,0.0,0.3291,0.5,79.0,0.5,0.0
5a88f9555542995153361214,ace_mmr_96,ace,mmr,0.0,0.0,0.0,0.3333,0.5368,0.5,95.0,0.5,0.0
5a7e23655542997cc2c47528,ace_mmr_96,ace,mmr,0.0,0.0,0.0,0.0,0.35,0.5,80.0,0.5,0.0
5abfe2a15542997d6429591c,ace_mmr_96,ace,mmr,0.0,0.0,1.0,1.0,0.4235,1.0,85.0,1.0,1.0
5ae1fced5542997283cd230e,ace_mmr_96,ace,mmr,1.0,1.0,1.0,1.0,0.5714,0.5,84.0,1.0,1.0
5a74994a55429974ef308c2e,ace_mmr_96,ace,mmr,1.0,1.0,1.0,1.0,0.5169,0.5,89.0,1.0,1.0
5ae6f2a7554299572ea5464a,ace_mmr_96,ace,mmr,0.0,0.0,0.0,0.0,0.6237,1.0,93.0,1.0,1.0
5a7f3f7c55429934daa2fd45,ace_mmr_96,ace,mmr,1.0,1.0,0.0,0.0,0.4186,0.5,86.0,1.0,1.0
5a7543d555429916b01642ce,ace_mmr_96,ace,mmr,1.0,1.0,1.0,1.0,0.4419,0.5,86.0,1.0,1.0
5ab938db5542996be2020454,ace_mmr_96,ace,mmr,1.0,1.0,1.0,1.0,0.25,0.5,92.0,1.0,1.0
5ae30d4b55429928c42395cc,ace_mmr_96,ace,mmr,0.0,0.0,1.0,1.0,0.5417,1.0,96.0,1.0,1.0
5ae622495542995703ce8b20,ace_mmr_96,ace,mmr,0.0,0.5,1.0,1.0,0.6915,0.5,94.0,1.0,1.0
5ae0fb8855429920d523425b,ace_mmr_96,ace,mmr,0.0,0.0,0.0,0.3333,0.0,0.0,94.0,0.5,0.0
5ae665795542991bbc9760c9,ace_mmr_96,ace,mmr,0.0,0.0,0.0,0.0,0.0,0.0,96.0,0.5,0.0
5a77b13655429967ab105235,ace_mmr_96,ace,mmr,1.0,1.0,1.0,1.0,0.0957,0.5,94.0,1.0,1.0
5ae5415055429908b63265b7,ace_mmr_96,ace,mmr,0.0,0.0,0.0,0.0,0.5493,0.5,71.0,1.0,1.0
5a7bb16f554299294a54aa9f,ace_mmr_96,ace,mmr,0.0,0.4,1.0,1.0,0.5054,0.5,93.0,1.0,1.0
5ab9b2c7554299743d22ebaf,ace_mmr_96,ace,mmr,0.0,0.0,0.0,0.0,0.2826,0.5,92.0,1.0,1.0
5a7b12a355429927d897bf2a,ace_mmr_96,ace,mmr,1.0,1.0,1.0,1.0,0.6022,1.0,93.0,1.0,1.0
5addfe1c5542995b365fabaf,ace_mmr_96,ace,mmr,1.0,1.0,0.0,0.0,0.7234,1.0,94.0,1.0,1.0
5a8391f55542996488c2e45c,ace_mmr_96,ace,mmr,0.0,0.0,1.0,1.0,0.2667,0.5,90.0,0.5,0.0
5ab91b6c55429934fafe6e5f,ace_mmr_96,ace,mmr,1.0,1.0,1.0,1.0,0.2842,0.5,95.0,1.0,1.0
5a72a0be5542992359bc3143,ace_mmr_96,ace,mmr,1.0,1.0,1.0,1.0,0.5055,0.5,91.0,1.0,1.0
5ae764a85542997b22f6a720,ace_mmr_96,ace,mmr,0.0,0.0,0.0,0.6667,0.0,0.0,84.0,1.0,1.0
5adbfaa655429947ff173888,ace_mmr_96,ace,mmr,0.0,0.3077,1.0,1.0,0.7308,1.0,78.0,1.0,1.0
5a8bc1565542996e8ac88a0c,ace_mmr_96,ace,mmr,0.0,0.6667,0.0,0.8,0.4681,0.5,94.0,1.0,1.0
5ae236445542992decbdcc69,ace_mmr_96,ace,mmr,0.0,0.4,0.0,0.5,0.383,0.5,94.0,1.0,1.0
5adf58f15542993a75d264d2,ace_mmr_96,ace,mmr,0.0,0.0,0.0,0.0,0.0,0.0,92.0,0.5,0.0
5ae7281c5542991e8301cb69,ace_mmr_96,ace,mmr,0.0,0.0,0.0,0.0,0.4167,0.5,72.0,1.0,1.0
5ac42ae45542997ea680ca18,ace_mmr_96,ace,mmr,0.0,0.0,0.0,0.6667,0.5521,0.5,96.0,1.0,1.0
5a7312675542994cef4bc43d,ace_mmr_96,ace,mmr,1.0,1.0,1.0,1.0,0.3333,0.5,87.0,1.0,1.0
5ab1d7ac554299449642c7e6,ace_mmr_96,ace,mmr,1.0,1.0,1.0,1.0,0.1889,0.5,90.0,1.0,1.0
5a8e482c5542995a26add4c3,ace_mmr_96,ace,mmr,0.0,0.0,0.0,0.0,0.8021,1.0,96.0,1.0,1.0
5a7f924c55429969796c1aba,ace_mmr_96,ace,mmr,0.0,0.0,0.0,0.0,0.0,0.0,83.0,0.5,0.0
5addda1b5542992200553b55,ace_mmr_96,ace,mmr,1.0,1.0,1.0,1.0,1.0,0.5,81.0,1.0,1.0
5a7d043755429909bec768f7,ace_mmr_96,ace,mmr,0.0,0.0,0.0,0.5,0.6556,0.5,90.0,1.0,1.0
5a8089535542992bc0c4a762,ace_mmr_96,ace,mmr,1.0,1.0,1.0,1.0,0.7604,1.0,96.0,1.0,1.0
5abd049d5542992ac4f381a8,ace_mmr_96,ace,mmr,1.0,1.0,1.0,1.0,1.0,1.0,83.0,1.0,1.0
5abbc7a055429931dba1451b,ace_mmr_96,ace,mmr,0.0,0.0,0.0,0.0,0.4043,0.5,94.0,1.0,1.0
5abdc18555429965af743e2b,ace_mmr_96,ace,mmr,0.0,0.0,1.0,1.0,0.6154,0.5,91.0,1.0,1.0
5adc3a7055429947ff173913,ace_mmr_96,ace,mmr,0.0,0.0,0.0,0.0,0.8625,1.0,80.0,1.0,1.0
5abbdb335542992ccd8e7fc1,ace_mmr_96,ace,mmr,0.0,0.0,0.0,0.0,0.4353,0.5,85.0,1.0,1.0
5ac1a5b45542991316484b8b,ace_mmr_96,ace,mmr,0.0,0.0,0.0,0.0,0.0,0.0,80.0,1.0,1.0
5ac2616b5542996366519997,ace_mmr_96,ace,mmr,0.0,0.0,0.0,0.0,0.3548,0.5,93.0,0.5,0.0
5ae3f6775542991a06ce9a3f,ace_mmr_96,ace,mmr,0.0,0.0,0.0,0.0,0.5532,0.5,94.0,1.0,1.0
5a8f15ec554299458435d552,ace_mmr_96,ace,mmr,0.0,0.0,0.0,0.0,0.0,0.0,96.0,0.0,0.0
5a8db9b3554299068b959dde,ace_mmr_96,ace,mmr,0.0,0.0,1.0,1.0,0.65,1.0,80.0,1.0,1.0
5ab3f6b9554299753aec5a03,ace_mmr_96,ace,mmr,0.0,0.0,0.0,0.0,0.0,0.0,94.0,0.5,0.0
5a736f7c5542991f29ee2e18,ace_mmr_96,ace,mmr,0.0,0.0,1.0,1.0,0.0,0.0,80.0,1.0,1.0
5ae618535542995703ce8af7,ace_mmr_96,ace,mmr,0.0,0.1429,0.0,0.1111,0.2447,0.5,94.0,0.5,0.0
5a8b05c855429949d91db46a,ace_mmr_96,ace,mmr,1.0,1.0,1.0,1.0,0.5579,1.0,95.0,1.0,1.0
5ac1d40c5542994d76dccef5,ace_mmr_96,ace,mmr,0.0,0.0,0.0,0.0,0.5333,0.5,90.0,0.5,0.0
5ae356045542990afbd1e10d,ace_mmr_96,ace,mmr,0.0,0.2667,0.0,0.5,0.0,0.0,86.0,0.5,0.0
5ae002ec55429925eb1afbdc,ace_mmr_96,ace,mmr,1.0,1.0,0.0,0.5,0.9091,0.5,88.0,0.5,0.0
5a89ddf25542992e4fca83ff,ace_mmr_96,ace,mmr,0.0,0.0,0.0,0.0,0.4944,0.5,89.0,1.0,1.0
5a903b7255429933b8a204ae,ace_mmr_96,ace,mmr,0.0,0.5,1.0,1.0,0.6421,1.0,95.0,1.0,1.0
5a84ac585542991dd0999d72,ace_mmr_96,ace,mmr,0.0,0.0,1.0,1.0,0.7188,0.5,96.0,1.0,1.0
5a7cad635542996dd594b97f,ace_mmr_96,ace,mmr,0.0,0.0,0.0,0.6667,0.6585,1.0,82.0,1.0,1.0
5a75da6d5542992db94736fa,ace_mmr_96,ace,mmr,0.0,0.8,1.0,1.0,1.0,1.0,91.0,1.0,1.0
5ac4e13f554299076e296e2d,ace_mmr_96,ace,mmr,1.0,1.0,1.0,1.0,0.7368,1.0,76.0,1.0,1.0
5ab9b29c554299743d22ebae,ace_mmr_96,ace,mmr,1.0,1.0,1.0,1.0,0.7021,1.0,94.0,1.0,1.0
5ae2295c554299495565da13,ace_mmr_96,ace,mmr,1.0,1.0,1.0,1.0,0.8125,1.0,96.0,1.0,1.0
5abd44d955429933744ab760,ace_mmr_96,ace,mmr,1.0,1.0,1.0,1.0,0.6711,0.5,76.0,1.0,1.0
5ae096d755429906c02daadf,ace_mmr_96,ace,mmr,0.0,0.4,1.0,1.0,0.4353,0.5,85.0,1.0,1.0
5abea6a05542993f32c2a18d,ace_mmr_96,ace,mmr,0.0,0.0,0.0,0.0,0.4943,0.5,87.0,1.0,1.0
5ae1319c55429920d5234301,ace_mmr_96,ace,mmr,1.0,1.0,1.0,1.0,0.726,0.5,73.0,1.0,1.0
5ab60aec554299110f2199c3,ace_mmr_96,ace,mmr,0.0,0.0,1.0,1.0,0.3143,0.5,70.0,1.0,1.0
5ae4e2ca55429908b63264aa,ace_mmr_96,ace,mmr,0.0,0.0,0.0,0.5,0.8861,1.0,79.0,1.0,1.0
5ae25d2b554299495565da46,ace_mmr_96,ace,mmr,0.0,0.0,0.0,0.0,0.8495,1.0,93.0,1.0,1.0
5ade630e55429975fa854eb7,ace_mmr_96,ace,mmr,0.0,0.0,0.0,0.0,0.0,0.0,84.0,0.0,0.0
5ab6be2f55429954757d335c,ace_mmr_96,ace,mmr,0.0,0.0,1.0,1.0,1.0,1.0,95.0,1.0,1.0
5a74a62b55429916b01641a0,ace_mmr_96,ace,mmr,0.0,0.0,1.0,1.0,0.7907,1.0,86.0,1.0,1.0
5abcf299554299700f9d7936,ace_mmr_96,ace,mmr,0.0,0.0,0.0,0.0,0.4302,0.5,86.0,1.0,1.0
5adc6eb65542994650320cf3,ace_mmr_96,ace,mmr,0.0,0.0,0.0,0.0,0.1848,0.5,92.0,1.0,1.0
5ac1767a5542994d76dcce48,ace_mmr_96,ace,mmr,0.0,0.0,0.0,0.0,0.0,0.0,87.0,0.5,0.0
5ab5dc44554299494045f089,ace_mmr_96,ace,mmr,0.0,0.0,1.0,1.0,0.2857,0.5,84.0,1.0,1.0
5a8f5273554299458435d5b1,ace_mmr_96,ace,mmr,0.0,0.0,0.0,0.0,0.0,0.0,93.0,0.5,0.0
5addeb685542992200553bb1,ace_mmr_96,ace,mmr,0.0,0.6667,1.0,1.0,0.8101,1.0,79.0,1.0,1.0
5a870a8e55429960ec39b707,ace_mmr_96,ace,mmr,0.0,0.0,1.0,1.0,0.6463,0.5,82.0,0.5,0.0
5a77ddb855429967ab1052d8,ace_mmr_96,ace,mmr,0.0,0.5714,0.0,0.4,0.7,0.5,90.0,1.0,1.0
5ab38cdd5542992ade7c6de2,ace_mmr_96,ace,mmr,1.0,1.0,1.0,1.0,1.0,1.0,95.0,1.0,1.0
5a8f24cc55429924144829e7,ace_mmr_96,ace,mmr,0.0,0.0,1.0,1.0,0.3258,0.5,89.0,1.0,1.0
5ac401bb55429919431738f4,ace_mmr_96,ace,mmr,1.0,1.0,1.0,1.0,0.3936,0.5,94.0,0.5,0.0
5ab4b7d15542996a3a969fbc,ace_mmr_96,ace,mmr,1.0,1.0,1.0,1.0,0.4719,0.5,89.0,1.0,1.0
5a78f18855429974737f7915,ace_mmr_96,ace,mmr,0.0,0.0,0.0,0.0,0.5208,1.0,96.0,1.0,1.0
5a76394c5542994ccc918725,ace_mmr_96,ace,mmr,0.0,0.0,0.0,0.0,0.0,0.0,96.0,0.5,0.0
5a78e49855429974737f78f3,ace_mmr_96,ace,mmr,0.0,0.0,0.0,0.0,0.4839,0.5,93.0,1.0,1.0
5a8fdb955542990a98493572,ace_mmr_96,ace,mmr,0.0,0.0,0.0,0.0,0.4167,0.5,72.0,1.0,1.0
5a7b9f1f554299294a54aa2a,ace_mmr_96,ace,mmr,0.0,0.8,0.0,0.6667,0.1848,0.5,92.0,1.0,1.0
5adc396155429944faac2479,ace_mmr_96,ace,mmr,1.0,1.0,0.0,0.0,0.5104,1.0,96.0,1.0,1.0
5a75357c5542996c70cfaeab,ace_mmr_96,ace,mmr,1.0,1.0,1.0,1.0,0.8143,0.5,70.0,1.0,1.0
5ac312ee5542995ef918c0ec,ace_mmr_96,ace,mmr,1.0,1.0,0.0,0.0,0.3404,0.5,94.0,1.0,1.0
5add38355542990dbb2f7dd0,ace_mmr_96,ace,mmr,0.0,0.0,0.0,0.0,0.7294,0.5,85.0,0.5,0.0
5ac471a5554299194317399a,ace_mmr_96,ace,mmr,0.0,0.0,0.0,0.0,1.0,0.5,83.0,1.0,1.0
5a70f1685542994082a3e40f,ace_mmr_96,ace,mmr,0.0,0.2857,1.0,1.0,0.663,1.0,92.0,1.0,1.0
5ab5f372554299488d4d9a60,ace_mmr_96,ace,mmr,0.0,0.0,1.0,1.0,1.0,0.5,78.0,1.0,1.0
5a7e1cd955429965cec5ea76,ace_mmr_96,ace,mmr,0.0,0.0,0.0,0.3333,0.0,0.0,93.0,0.0,0.0
5adce3265542992c1e3a2466,ace_mmr_96,ace,mmr,0.0,0.0,0.0,0.3333,0.4615,0.5,78.0,0.5,0.0
5a8adc935542992d82986fb0,ace_mmr_96,ace,mmr,0.0,0.0,1.0,1.0,0.2935,0.5,92.0,1.0,1.0
5a73bddb55429978a71e909d,ace_mmr_96,ace,mmr,1.0,1.0,1.0,1.0,0.3538,0.5,65.0,0.5,0.0
5ae5736e5542990ba0bbb2b3,ace_mmr_96,ace,mmr,1.0,1.0,1.0,1.0,0.1739,0.5,92.0,1.0,1.0
5a8d4cf35542994ba4e3dc5f,ace_mmr_96,ace,mmr,0.0,0.0,0.0,0.0,0.4353,0.5,85.0,0.5,0.0
5a9023d355429916514e742f,ace_mmr_96,ace,mmr,0.0,0.0,0.0,0.0,0.3333,0.5,87.0,0.5,0.0
5adfad2b554299603e41835c,ace_mmr_96,ace,mmr,1.0,1.0,1.0,1.0,0.5778,1.0,90.0,1.0,1.0
5a8cddd1554299441c6b9f3a,ace_mmr_96,ace,mmr,1.0,1.0,1.0,1.0,0.8611,0.5,72.0,1.0,1.0
5a79f6825542996c55b2dcb4,ace_mmr_96,ace,mmr,0.0,0.0,1.0,1.0,0.4699,0.5,83.0,1.0,1.0
5a8900c75542997e5c09a6ed,ace_mmr_96,ace,mmr,0.0,0.0,1.0,1.0,0.4107,0.5,56.0,1.0,1.0
5ab27f7b554299722f9b4d4f,ace_mmr_96,ace,mmr,0.0,0.0,0.0,0.0,0.0,0.0,77.0,0.5,0.0
5ac257fe55429951e9e68562,ace_mmr_96,ace,mmr,0.0,0.4,1.0,1.0,0.25,0.5,88.0,1.0,1.0
5ab94cf0554299743d22eade,ace_mmr_96,ace,mmr,0.0,0.0,0.0,0.0,1.0,0.5,76.0,1.0,1.0
5ac017945542997d642959bc,ace_mmr_96,ace,mmr,0.0,0.0,0.0,0.0,0.4316,0.5,95.0,0.5,0.0
5ac19d4c55429963665198bb,ace_mmr_96,ace,mmr,0.0,0.0,1.0,1.0,0.5682,0.5,88.0,0.5,0.0
5abbd2575542993f40c73bbd,ace_mmr_96,ace,mmr,0.0,0.0,0.0,0.0,0.5269,0.5,93.0,0.5,0.0
5a888b8e5542997e5c09a60a,ace_mmr_96,ace,mmr,0.0,0.0,1.0,1.0,0.7789,1.0,95.0,1.0,1.0
5a712e895542994082a3e636,ace_mmr_96,ace,mmr,0.0,0.0,0.0,0.3333,0.6702,0.5,94.0,1.0,1.0
5a85ecf25542991dd0999ec6,ace_mmr_96,ace,mmr,1.0,1.0,1.0,1.0,0.3187,0.5,91.0,0.5,0.0
5adfe6c455429906c02daa85,ace_mmr_96,ace,mmr,0.0,0.0,0.0,0.0,0.0,0.0,93.0,0.5,0.0
5ac448185542995c82c4ad1b,ace_mmr_96,ace,mmr,0.0,0.0,0.0,1.0,0.6882,0.5,93.0,0.5,0.0
5ae1faf15542997f29b3c1e3,ace_mmr_96,ace,mmr,1.0,1.0,1.0,1.0,0.6957,1.0,92.0,1.0,1.0
5ab7af9d5542993667793fe9,ace_mmr_96,ace,mmr,0.0,0.0,0.0,0.0,1.0,0.5,62.0,0.5,0.0
5ae1e9635542997f29b3c19e,ace_mmr_96,ace,mmr,1.0,1.0,0.0,0.5,0.4713,0.5,87.0,1.0,1.0
5ade28cf5542997c77aded85,ace_mmr_96,ace,mmr,1.0,1.0,1.0,1.0,0.3636,0.5,88.0,1.0,1.0
5a7b116a554299042af8f6c4,ace_mmr_96,ace,mmr,0.0,0.0,0.0,0.0,0.5088,0.5,57.0,0.5,0.0
5a72f1cf5542994cef4bc414,ace_mmr_96,ace,mmr,1.0,1.0,1.0,1.0,1.0,0.5,93.0,0.5,0.0
5ab7b3cc55429928e1fe3893,ace_mmr_96,ace,mmr,0.0,0.0,0.0,0.0,0.3646,0.5,96.0,1.0,1.0
5ae32b6755429928c4239644,ace_mmr_96,ace,mmr,1.0,1.0,1.0,1.0,1.0,1.0,88.0,1.0,1.0
5ab3c53955429969a97a81b9,ace_mmr_96,ace,mmr,1.0,1.0,1.0,1.0,0.4524,0.5,84.0,0.5,0.0
5a8b349a55429971feec466b,ace_mmr_96,ace,mmr,1.0,1.0,0.0,0.0,0.7805,1.0,82.0,1.0,1.0
5ac2db67554299657fa290a6,ace_mmr_96,ace,mmr,0.0,0.0,1.0,1.0,1.0,1.0,88.0,1.0,1.0
5ab5ec2a5542992aa134a3e3,ace_mmr_96,ace,mmr,0.0,0.0,1.0,1.0,0.6,0.5,75.0,1.0,1.0
5ab661ac5542995eadeeffb1,ace_mmr_96,ace,mmr,0.0,0.0,0.0,0.6667,0.0,0.0,92.0,0.5,0.0
5abee69c5542993fe9a41d8b,ace_mmr_96,ace,mmr,0.0,0.75,0.0,0.6,0.6076,0.5,79.0,1.0,1.0
5ac0aab35542992a796ded5c,ace_mmr_96,ace,mmr,1.0,1.0,1.0,1.0,1.0,1.0,71.0,1.0,1.0
5a84c4b05542991dd0999deb,ace_mmr_96,ace,mmr,1.0,1.0,0.0,0.0,0.7579,1.0,95.0,1.0,1.0
5abd6be55542993062266c89,ace_mmr_96,ace,mmr,0.0,0.0,0.0,0.0,0.2727,0.5,77.0,1.0,1.0
5a8a19c45542992e4fca8501,ace_mmr_96,ace,mmr,0.0,0.0,0.0,0.0,0.1642,0.5,67.0,1.0,1.0
5abcef9e55429959677d6b52,ace_mmr_96,ace,mmr,0.0,0.75,1.0,1.0,1.0,1.0,92.0,1.0,1.0
5a81c7d15542990a1d231ea9,ace_mmr_96,ace,mmr,0.0,0.0,0.0,0.75,0.3908,0.5,87.0,0.5,0.0
5adccaca5542994d58a2f6d5,ace_mmr_96,ace,mmr,1.0,1.0,1.0,1.0,0.2737,0.5,95.0,0.5,0.0
5a84f5865542991dd0999e30,ace_mmr_96,ace,mmr,0.0,0.5,0.0,0.0,0.6413,0.5,92.0,0.5,0.0
5a7633ff5542994ccc918712,ace_mmr_96,ace,mmr,1.0,1.0,1.0,1.0,1.0,1.0,61.0,1.0,1.0
5a8d7f2b554299068b959d0c,ace_mmr_96,ace,mmr,1.0,1.0,0.0,0.0,0.4177,0.5,79.0,1.0,1.0
5ac3def75542997ea680c95f,ace_mmr_96,ace,mmr,0.0,0.0,0.0,0.0,0.45,0.5,80.0,1.0,1.0
5ae6316d5542996de7b71b87,ace_mmr_96,ace,mmr,0.0,0.0,0.0,0.0,0.0,0.0,94.0,0.5,0.0
5ab5eed65542997d4ad1f25c,ace_mmr_96,ace,mmr,1.0,1.0,1.0,1.0,0.3256,1.0,86.0,1.0,1.0
5ab29c24554299449642c932,ace_mmr_96,ace,mmr,1.0,1.0,0.0,0.0,0.6588,1.0,85.0,1.0,1.0
5ab809195542991d3222380f,ace_mmr_96,ace,mmr,1.0,1.0,1.0,1.0,0.3646,0.5,96.0,1.0,1.0
5a834ed95542990548d0b1ca,ace_mmr_96,ace,mmr,0.0,0.6667,0.0,0.3333,0.6279,0.5,86.0,1.0,1.0
5ade9545554299728e26c740,ace_mmr_96,ace,mmr,0.0,0.0,0.0,0.6667,0.0,0.0,68.0,0.5,0.0
5a8b97485542995d1e6f140f,ace_mmr_96,ace,mmr,0.0,0.0,1.0,1.0,0.1222,0.5,90.0,1.0,1.0
5ac056385542997d64295a08,ace_mmr_96,ace,mmr,0.0,0.0,0.0,0.0,0.0,0.0,92.0,1.0,1.0
5abd96fe5542992ac4f382d9,ace_mmr_96,ace,mmr,0.0,0.0,1.0,1.0,0.4946,1.0,93.0,1.0,1.0
5ae2138c5542997283cd23b7,ace_submod_96,ace,submod,0.0,0.0,0.0,0.0,0.383,0.5,94.0,1.0,1.0
5a77152355429966f1a36c2e,ace_submod_96,ace,submod,0.0,0.0,1.0,1.0,0.3253,0.5,83.0,0.5,0.0
5ade99ad554299728e26c75d,ace_submod_96,ace,submod,0.0,0.0,0.0,0.0,0.3478,0.5,92.0,1.0,1.0
5ab81cff5542990e739ec827,ace_submod_96,ace,submod,1.0,1.0,1.0,1.0,0.5352,0.5,71.0,1.0,1.0
5ae5be02554299546bf82f3e,ace_submod_96,ace,submod,0.0,0.0,0.0,0.0,0.0,0.0,91.0,0.0,0.0
5ae3f1bb5542995ad6573cbe,ace_submod_96,ace,submod,1.0,1.0,1.0,1.0,0.7553,1.0,94.0,1.0,1.0
5a8389445542996488c2e450,ace_submod_96,ace,submod,1.0,1.0,0.0,0.0,0.383,0.5,94.0,1.0,1.0
5a89fc305542993b751ca9dc,ace_submod_96,ace,submod,1.0,1.0,1.0,1.0,0.7128,0.5,94.0,1.0,1.0
5a85bc2d5542994c784ddb70,ace_submod_96,ace,submod,1.0,1.0,1.0,1.0,0.8077,1.0,78.0,1.0,1.0
5a7b1c745542992d025e6777,ace_submod_96,ace,submod,0.0,0.0,0.0,0.0,0.7125,0.5,80.0,0.5,0.0
5ae2d8fb55429928c42394fa,ace_submod_96,ace,submod,0.0,0.0,0.0,0.2,0.3333,0.5,93.0,0.5,0.0
5ae7f6be554299540e5a56db,ace_submod_96,ace,submod,1.0,1.0,1.0,1.0,0.8105,1.0,95.0,1.0,1.0
5a773ae055429972597f14b0,ace_submod_96,ace,submod,0.0,0.0,0.0,0.5,0.3763,0.5,93.0,1.0,1.0
5a75abbb5542992d0ec05fd9,ace_submod_96,ace,submod,1.0,1.0,1.0,1.0,0.8,0.5,70.0,0.5,0.0
5ae4c49a5542995dadf24400,ace_submod_96,ace,submod,0.0,0.0,0.0,0.0,0.3289,0.5,76.0,0.5,0.0
5ac44813554299194317396b,ace_submod_96,ace,submod,0.0,0.0,0.0,0.0,0.3171,0.5,82.0,1.0,1.0
5abfc8675542993fe9a41e52,ace_submod_96,ace,submod,1.0,1.0,1.0,1.0,0.5568,0.5,88.0,1.0,1.0
5a8aeadc55429950cd6afbe0,ace_submod_96,ace,submod,1.0,1.0,1.0,1.0,0.1605,0.5,81.0,1.0,1.0
5ab2082f554299722f9b4c9f,ace_submod_96,ace,submod,0.0,0.0,0.0,0.0,0.0,0.0,79.0,1.0,1.0
5ae0ba15554299603e41844d,ace_submod_96,ace,submod,1.0,1.0,1.0,1.0,0.5833,1.0,72.0,1.0,1.0
5a7332935542991f9a20c67d,ace_submod_96,ace,submod,1.0,1.0,1.0,1.0,0.6842,0.5,76.0,1.0,1.0
5a9068f85542990a98493623,ace_submod_96,ace,submod,0.0,0.0,0.0,0.0,0.0,0.0,79.0,1.0,1.0
5addd5795542990dbb2f7e9d,ace_submod_96,ace,submod,1.0,1.0,1.0,1.0,0.7604,1.0,96.0,1.0,1.0
5adfa3da554299025d62a317,ace_submod_96,ace,submod,0.0,0.0,0.0,0.0,0.0,0.0,93.0,0.5,0.0
5ae6443355429908198fa563,ace_submod_96,ace,submod,0.0,0.6667,0.0,0.5,0.7604,1.0,96.0,1.0,1.0
5ab98608554299131ca42362,ace_submod_96,ace,submod,1.0,1.0,1.0,1.0,0.4457,0.5,92.0,0.5,0.0
5ae61bfd5542992663a4f261,ace_submod_96,ace,submod,0.0,0.0,1.0,1.0,0.4479,0.5,96.0,0.5,0.0
5ab870ed55429934fafe6db9,ace_submod_96,ace,submod,1.0,1.0,0.0,0.0,0.7179,0.5,78.0,0.5,0.0
5abcfc365542993a06baf9d6,ace_submod_96,ace,submod,0.0,0.0,0.0,0.0,0.0,0.0,85.0,0.0,0.0
5add63845542992ae4cec541,ace_submod_96,ace,submod,0.0,0.0,0.0,0.2,0.4932,0.5,73.0,1.0,1.0
5ae2a0a1554299495565dae9,ace_submod_96,ace,submod,1.0,1.0,1.0,1.0,0.7015,1.0,67.0,1.0,1.0
5a84eecd5542994c784dda8e,ace_submod_96,ace,submod,0.0,0.0,1.0,1.0,0.4222,0.5,90.0,1.0,1.0
5a85fa815542996432c57155,ace_submod_96,ace,submod,0.0,0.0,0.0,0.0,0.5833,0.5,72.0,1.0,1.0
5a84a5385542990548d0b2d9,ace_submod_96,ace,submod,1.0,1.0,1.0,1.0,0.2447,0.5,94.0,1.0,1.0
5a78f26055429970f5fffdeb,ace_submod_96,ace,submod,0.0,0.0,1.0,1.0,1.0,1.0,82.0,1.0,1.0
5a86edcc55429960ec39b6da,ace_submod_96,ace,submod,1.0,1.0,1.0,1.0,0.4419,0.5,86.0,1.0,1.0
5ae7766455429952e35ea920,ace_submod_96,ace,submod,0.0,0.0,0.0,0.6,0.0,0.0,83.0,1.0,1.0
5a77863555429949eeb29ec6,ace_submod_96,ace,submod,0.0,0.6667,1.0,1.0,0.5873,1.0,63.0,1.0,1.0
5ab3cc395542992ade7c6e9f,ace_submod_96,ace,submod,0.0,0.0,0.0,0.3,0.0,0.0,96.0,0.5,0.0
5add016e5542992c1e3a250b,ace_submod_96,ace,submod,0.0,0.0,0.0,0.0,0.6623,0.5,77.0,1.0,1.0
5a8bd9c95542997f31a41de2,ace_submod_96,ace,submod,1.0,1.0,1.0,1.0,1.0,1.0,70.0,1.0,1.0
5a8f13d55542997ba9cb31c9,ace_submod_96,ace,submod,0.0,0.8,1.0,1.0,0.9787,1.0,94.0,1.0,1.0
5ac248fd55429951e9e68525,ace_submod_96,ace,submod,0.0,0.0,0.0,0.0,0.6667,0.5,63.0,0.5,0.0
5adbcd475542996e68525240,ace_submod_96,ace,submod,1.0,1.0,1.0,1.0,0.2683,0.5,82.0,1.0,1.0
5a7c8a3b55429935c91b5204,ace_submod_96,ace,submod,1.0,1.0,1.0,1.0,0.6842,1.0,95.0,1.0,1.0
5a7f40de5542992e7d278cc8,ace_submod_96,ace,submod,0.0,0.0,0.0,0.6667,0.5867,0.5,75.0,0.5,0.0
5ab2c6a955429916697740c2,ace_submod_96,ace,submod,0.0,0.0,0.0,0.0,0.3263,0.5,95.0,1.0,1.0
5ac3165c5542995ef918c10a,ace_submod_96,ace,submod,1.0,1.0,1.0,1.0,0.3205,0.5,78.0,0.5,0.0
5a7577145542996c70cfaf03,ace_submod_96,ace,submod,1.0,1.0,0.0,1.0,0.64,0.5,75.0,1.0,1.0
5a8f45385542997ba9cb320a,ace_submod_96,ace,submod,0.0,0.0,1.0,1.0,0.6932,1.0,88.0,1.0,1.0
5adea83b55429975fa854f53,ace_submod_96,ace,submod,0.0,0.0,1.0,1.0,0.1852,0.5,81.0,0.5,0.0
5ab4428c5542990594ba9bda,ace_submod_96,ace,submod,0.0,0.0,0.0,0.0,0.5075,0.5,67.0,1.0,1.0
5a90692f5542990a98493625,ace_submod_96,ace,submod,0.0,0.0,0.0,0.0,0.3053,0.5,95.0,1.0,1.0
5ae68a065542991bbc97611e,ace_submod_96,ace,submod,0.0,0.0,0.0,0.0,0.6265,0.5,83.0,1.0,1.0
5ab2929a554299449642c900,ace_submod_96,ace,submod,0.0,0.8571,0.0,1.0,0.3118,0.5,93.0,0.5,0.0
5adf434c5542993a75d26462,ace_submod_96,ace,submod,1.0,1.0,1.0,1.0,1.0,1.0,85.0,1.0,1.0
5ac4ecea55429919431739fd,ace_submod_96,ace,submod,0.0,0.0,0.0,0.25,0.0,0.0,80.0,0.5,0.0
5a85dfcc5542994775f60673,ace_submod_96,ace,submod,0.0,0.6667,0.0,0.5,0.4737,0.5,95.0,1.0,1.0
5a8085705542992bc0c4a74b,ace_submod_96,ace,submod,0.0,0.3333,0.0,0.6667,0.6056,0.5,71.0,1.0,1.0
5ae3992d5542994393b9e722,ace_submod_96,ace,submod,0.0,0.0,1.0,1.0,0.125,0.5,96.0,1.0,1.0
5ae7793c554299540e5a55c2,ace_submod_96,ace,submod,0.0,0.0,0.0,0.0,0.3956,0.5,91.0,1.0,1.0
5a7f46115542994857a766d9,ace_submod_96,ace,submod,0.0,0.0,1.0,1.0,0.5765,0.5,85.0,1.0,1.0
5a7380b955429908901be2d4,ace_submod_96,ace,submod,0.0,0.0,1.0,1.0,0.7356,1.0,87.0,1.0,1.0
5abfd3d65542994516f4550b,ace_submod_96,ace,submod,1.0,1.0,0.0,0.0,1.0,1.0,95.0,1.0,1.0
5abf2e605542993fe9a41de4,ace_submod_96,ace,submod,0.0,0.0,1.0,1.0,0.6702,1.0,94.0,1.0,1.0
5ae256435542992decbdccc3,ace_submod_96,ace,submod,0.0,0.0,0.0,0.0,0.4545,0.5,77.0,0.5,0.0
5ab819065542995dae37ea3c,ace_submod_96,ace,submod,0.0,0.0,1.0,1.0,0.7957,0.5,93.0,1.0,1.0
5adfb10855429942ec259af9,ace_submod_96,ace,submod,1.0,1.0,1.0,1.0,0.4792,1.0,96.0,1.0,1.0
5ae0a54e5542993d6555ebdd,ace_submod_96,ace,submod,0.0,0.8,0.0,0.3333,0.5062,0.5,81.0,1.0,1.0
5ab327bc554299233954ff33,ace_submod_96,ace,submod,0.0,0.4,0.0,0.3333,0.2727,0.5,88.0,1.0,1.0
5a7c703055429935c91b51aa,ace_submod_96,ace,submod,0.0,0.8571,1.0,1.0,1.0,1.0,60.0,1.0,1.0
5abe19895542991f661060c2,ace_submod_96,ace,submod,0.0,0.0,1.0,1.0,0.266,0.5,94.0,1.0,1.0
5ac26d4d55429951e9e685b7,ace_submod_96,ace,submod,0.0,0.0,0.0,0.3333,1.0,0.5,70.0,1.0,1.0
5add95035542990dbb2f7e77,ace_submod_96,ace,submod,0.0,0.0,0.0,0.5,0.4516,1.0,93.0,1.0,1.0
5adc46665542994650320cc8,ace_submod_96,ace,submod,0.0,0.0,0.0,0.0,0.0,0.0,80.0,0.0,0.0
5ac259125542992f1f2b3867,ace_submod_96,ace,submod,0.0,0.8571,1.0,1.0,0.3158,0.5,95.0,1.0,1.0
5a81624d5542995ce29dcbf1,ace_submod_96,ace,submod,1.0,1.0,1.0,1.0,1.0,1.0,68.0,1.0,1.0
5a7933b255429907847277eb,ace_submod_96,ace,submod,0.0,0.0,1.0,1.0,0.3553,0.5,76.0,1.0,1.0
5a7754d85542993735360234,ace_submod_96,ace,submod,0.0,0.0,0.0,0.6667,0.4643,0.5,84.0,0.5,0.0
5a80c01855429938b61421b8,ace_submod_96,ace,submod,0.0,0.0,0.0,0.0,0.0,0.0,96.0,0.5,0.0
5ab2b61d5542991669774065,ace_submod_96,ace,submod,0.0,0.0,0.0,0.0,0.5584,0.5,77.0,0.5,0.0
5ae8167b55429952e35eaa06,ace_submod_96,ace,submod,1.0,1.0,1.0,1.0,0.5679,0.5,81.0,1.0,1.0
5a7bacf35542997c3ec9724b,ace_submod_96,ace,submod,0.0,0.0,0.0,0.8,0.172,0.5,93.0,0.5,0.0
5ac2610455429951e9e68592,ace_submod_96,ace,submod,0.0,0.0,0.0,0.0,0.3146,0.5,89.0,0.5,0.0
5a7c827e55429907fabeefa7,ace_submod_96,ace,submod,0.0,0.0,0.0,0.0,0.4316,0.5,95.0,0.5,0.0
5a81711455429938b614233e,ace_submod_96,ace,submod,0.0,0.0,0.0,0.0,0.3077,0.5,91.0,1.0,1.0
5adfd0d655429942ec259b4e,ace_submod_96,ace,submod,0.0,0.0,1.0,1.0,0.4301,1.0,93.0,1.0,1.0
5adc85b855429944faac24e9,ace_submod_96,ace,submod,1.0,1.0,0.0,1.0,0.4819,1.0,83.0,1.0,1.0
5abfde655542997719eab6f2,ace_submod_96,ace,submod,0.0,0.0,1.0,1.0,0.0,0.0,87.0,1.0,1.0
5a72953b5542994cef4bc357,ace_submod_96,ace,submod,0.0,0.0,0.0,0.0,0.0,0.0,93.0,0.5,0.0
5ab989f755429970cfb8eb38,ace_submod_96,ace,submod,0.0,0.8,1.0,1.0,0.5181,0.5,83.0,0.5,0.0
5ae2133e554299495565d9e3,ace_submod_96,ace,submod,0.0,0.0,0.0,0.0,0.4483,0.5,87.0,0.5,0.0
5a82d71555429966c78a6a94,ace_submod_96,ace,submod,0.0,0.0,0.0,0.0,0.3441,0.5,93.0,1.0,1.0
5ae1c3cd554299492dc91b87,ace_submod_96,ace,submod,0.0,0.0,0.0,0.0,0.4235,0.5,85.0,1.0,1.0
5ac2583b55429951e9e68565,ace_submod_96,ace,submod,1.0,1.0,1.0,1.0,0.5647,1.0,85.0,1.0,1.0
5a82a55955429966c78a6a70,ace_submod_96,ace,submod,0.0,0.0,0.0,0.2,0.0,0.0,92.0,0.0,0.0
5ae5dae2554299546bf82fa4,ace_submod_96,ace,submod,1.0,1.0,1.0,1.0,1.0,1.0,82.0,1.0,1.0
5ac195455542991316484b40,ace_submod_96,ace,submod,0.0,0.0,0.0,0.0,0.7013,0.5,77.0,0.5,0.0
5ae785685542994a481bbd47,ace_submod_96,ace,submod,1.0,1.0,1.0,1.0,0.6562,1.0,96.0,1.0,1.0
5ae5429355429908b63265c5,ace_submod_96,ace,submod,0.0,0.0,0.0,0.0,0.4255,0.5,94.0,1.0,1.0
5a8ba60b554299240d9c205b,ace_submod_96,ace,submod,1.0,1.0,1.0,1.0,0.8621,1.0,87.0,1.0,1.0
5a82f05255429966c78a6aa2,ace_submod_96,ace,submod,1.0,1.0,1.0,1.0,0.3483,0.5,89.0,1.0,1.0
5abfea825542994516f45527,ace_submod_96,ace,submod,0.0,0.0,0.0,0.0,0.0,0.0,91.0,0.5,0.0
5aba6f3e55429955dce3ee21,ace_submod_96,ace,submod,0.0,0.0,0.0,0.0,0.3483,0.5,89.0,1.0,1.0
5ae113de55429901ffe4ad51,ace_submod_96,ace,submod,0.0,0.0,1.0,1.0,0.7561,1.0,82.0,1.0,1.0
5adce4f65542992c1e3a2474,ace_submod_96,ace,submod,0.0,0.0,1.0,1.0,0.56,0.5,75.0,1.0,1.0
5ab27587554299449642c8af,ace_submod_96,ace,submod,0.0,0.0,0.0,0.0,0.0,0.0,86.0,0.5,0.0
5a7323ad5542994cef4bc476,ace_submod_96,ace,submod,0.0,0.0,1.0,1.0,0.0,0.0,91.0,1.0,1.0
5abc17555542993a06baf858,ace_submod_96,ace,submod,0.0,0.0,0.0,0.5,0.3111,0.5,90.0,0.5,0.0
5ab9fe1255429939ce03dc40,ace_submod_96,ace,submod,0.0,0.0,0.0,0.25,0.0,0.0,90.0,1.0,1.0
5a8b6ac055429949d91db5a5,ace_submod_96,ace,submod,0.0,0.8,1.0,1.0,1.0,1.0,74.0,1.0,1.0
5a87136e5542991e771816b2,ace_submod_96,ace,submod,1.0,1.0,0.0,0.0,0.6923,0.5,78.0,1.0,1.0
5abff0625542997ec76fd476,ace_submod_96,ace,submod,0.0,0.6667,1.0,1.0,0.4946,1.0,93.0,1.0,1.0
5a7526945542993748c897d2,ace_submod_96,ace,submod,0.0,0.0,0.0,0.0,0.5495,0.5,91.0,0.5,0.0
5abc8620554299700f9d78e2,ace_submod_96,ace,submod,1.0,1.0,1.0,1.0,1.0,1.0,70.0,1.0,1.0
5a72a3c45542994cef4bc3ac,ace_submod_96,ace,submod,0.0,0.0,0.0,0.0,0.85,0.5,80.0,0.5,0.0
5ac170af5542994d76dcce20,ace_submod_96,ace,submod,0.0,0.6667,1.0,1.0,0.6582,0.5,79.0,1.0,1.0
5ae5f3bb5542996de7b71a7e,ace_submod_96,ace,submod,0.0,0.0,1.0,1.0,0.8333,0.5,66.0,0.5,0.0
5a7f7ca25542994857a76747,ace_submod_96,ace,submod,0.0,0.0,0.0,0.0,0.2688,0.5,93.0,0.5,0.0
5adca8375542990d50227cd4,ace_submod_96,ace,submod,0.0,0.0,0.0,0.0,0.3494,0.5,83.0,0.5,0.0
5ac3e1075542995c82c4ac78,ace_submod_96,ace,submod,1.0,1.0,1.0,1.0,0.6125,0.5,80.0,1.0,1.0
5a7db0915542990b8f503a30,ace_submod_96,ace,submod,1.0,1.0,1.0,1.0,0.7033,1.0,91.0,1.0,1.0
5a81e04455429903bc27b9f9,ace_submod_96,ace,submod,0.0,0.0,0.0,0.125,0.0,0.0,90.0,0.5,0.0
5a8a573355429970aeb7029a,ace_submod_96,ace,submod,0.0,0.0,0.0,0.6,0.593,1.0,86.0,1.0,1.0
5a75e60e55429976ec32bc88,ace_submod_96,ace,submod,0.0,0.0,0.0,0.0,0.5065,0.5,77.0,0.5,0.0
5abce73055429959677d6b34,ace_submod_96,ace,submod,0.0,0.0,0.0,0.0,0.5,0.5,96.0,1.0,1.0
5a87572d5542994846c1cd6b,ace_submod_96,ace,submod,0.0,0.0,0.0,0.25,0.5851,0.5,94.0,0.5,0.0
5a89761d5542995153361310,ace_submod_96,ace,submod,1.0,1.0,1.0,1.0,0.6277,1.0,94.0,1.0,1.0
5a8d5f16554299585d9e37c5,ace_submod_96,ace,submod,1.0,1.0,1.0,1.0,0.4286,0.5,91.0,1.0,1.0
5ae7cea355429952e35ea9c1,ace_submod_96,ace,submod,0.0,0.0,1.0,1.0,0.4556,0.5,90.0,0.5,0.0
5ab600fb554299488d4d9a82,ace_submod_96,ace,submod,0.0,0.0,1.0,1.0,0.4316,0.5,95.0,0.5,0.0
5a7f7c285542994857a76746,ace_submod_96,ace,submod,0.0,0.0,0.0,0.0,0.4149,0.5,94.0,1.0,1.0
5ade61fd554299728e26c704,ace_submod_96,ace,submod,0.0,0.0,0.0,0.0,0.2386,0.5,88.0,1.0,1.0
5a73630655429901807db020,ace_submod_96,ace,submod,0.0,0.0,1.0,1.0,0.5542,0.5,83.0,1.0,1.0
5ab916e155429919ba4e23a4,ace_submod_96,ace,submod,0.0,0.0,1.0,1.0,0.5732,0.5,82.0,1.0,1.0
5ae0af5555429945ae95941e,ace_submod_96,ace,submod,1.0,1.0,1.0,1.0,1.0,1.0,76.0,1.0,1.0
5a865bbf5542991e77181615,ace_submod_96,ace,submod,0.0,0.0,0.0,0.3333,0.3021,0.5,96.0,1.0,1.0
5a8fa20555429918e830d298,ace_submod_96,ace,submod,0.0,0.8,1.0,1.0,0.6486,1.0,74.0,1.0,1.0
5ab97cd0554299753720f81a,ace_submod_96,ace,submod,0.0,0.0,0.0,0.0,0.4762,1.0,84.0,1.0,1.0
5ae7ed9555429952e35ea9e6,ace_submod_96,ace,submod,1.0,1.0,1.0,1.0,0.3226,1.0,93.0,1.0,1.0
5aded1595542995ec70e8f29,ace_submod_96,ace,submod,0.0,0.0,0.0,0.0,0.3563,0.5,87.0,1.0,1.0
5adc3aff5542996e685252eb,ace_submod_96,ace,submod,0.0,0.0,0.0,0.5,0.4574,0.5,94.0,0.5,0.0
5ae2ee5e5542991a06ce990a,ace_submod_96,ace,submod,0.0,0.6667,1.0,1.0,1.0,0.5,58.0,1.0,1.0
5a8e42d15542995a26add4a6,ace_submod_96,ace,submod,0.0,0.0,1.0,1.0,0.383,0.5,94.0,1.0,1.0
5a7a33a35542994f819ef14c,ace_submod_96,ace,submod,0.0,0.0,1.0,1.0,0.5342,1.0,73.0,1.0,1.0
5ae69fa755429908198fa66c,ace_submod_96,ace,submod,0.0,0.0,0.0,0.0,0.4333,0.5,90.0,0.5,0.0
5a7e279d5542995ed0d166b5,ace_submod_96,ace,submod,0.0,0.0,0.0,0.0,0.0,0.0,68.0,0.5,0.0
5a79c6a55542994bb9457091,ace_submod_96,ace,submod,0.0,0.8,1.0,1.0,0.6795,0.5,78.0,1.0,1.0
5a739d8c55429905862fe073,ace_submod_96,ace,submod,0.0,0.0,0.0,0.0,0.2692,0.5,78.0,0.5,0.0
5a7fc21455429969796c1b4b,ace_submod_96,ace,submod,1.0,1.0,1.0,1.0,0.5735,0.5,68.0,1.0,1.0
5ae1da385542997283cd2297,ace_submod_96,ace,submod,0.0,0.5,1.0,1.0,1.0,1.0,72.0,1.0,1.0
5ab5f249554299488d4d9a5d,ace_submod_96,ace,submod,0.0,0.8,1.0,1.0,0.6667,1.0,90.0,1.0,1.0
5ab9180b5542991b5579f0f3,ace_submod_96,ace,submod,1.0,1.0,1.0,1.0,0.3854,0.5,96.0,1.0,1.0
5ae0f8a05542997b2ef7d0bc,ace_submod_96,ace,submod,1.0,1.0,1.0,1.0,0.3684,0.5,95.0,1.0,1.0
5a7c8e7955429935c91b521a,ace_submod_96,ace,submod,0.0,0.5714,0.0,0.4,0.8,0.5,55.0,1.0,1.0
5ae5d008554299546bf82f7d,ace_submod_96,ace,submod,1.0,1.0,1.0,1.0,0.3103,0.5,87.0,1.0,1.0
5abbaed855429931dba144aa,ace_submod_96,ace,submod,0.0,0.0,1.0,1.0,0.5263,1.0,95.0,1.0,1.0
5ae1316555429901ffe4adda,ace_submod_96,ace,submod,0.0,0.0,0.0,0.0,0.5753,0.5,73.0,1.0,1.0
5a74512b55429974ef308bd5,ace_submod_96,ace,submod,0.0,0.0,0.0,0.0,0.5104,0.5,96.0,1.0,1.0
5a80aeff5542996402f6a5eb,ace_submod_96,ace,submod,0.0,0.0,1.0,1.0,1.0,1.0,80.0,1.0,1.0
5a88a4e65542997e5c09a671,ace_submod_96,ace,submod,0.0,0.6667,1.0,1.0,0.8,1.0,70.0,1.0,1.0
5ae2eda355429928c4239570,ace_submod_96,ace,submod,1.0,1.0,1.0,1.0,0.2727,0.5,88.0,1.0,1.0
5a836a2d554299334474600f,ace_submod_96,ace,submod,0.0,0.0,0.0,0.0,0.0,0.0,94.0,0.0,0.0
5a78d01d55429974737f78b3,ace_submod_96,ace,submod,1.0,1.0,1.0,1.0,1.0,1.0,95.0,1.0,1.0
5ae46c9d5542996836b02c9d,ace_submod_96,ace,submod,1.0,1.0,1.0,1.0,0.0,0.0,74.0,1.0,1.0
5a80e03e55429938b614222c,ace_submod_96,ace,submod,0.0,0.0,0.0,0.25,0.3763,0.5,93.0,1.0,1.0
5a7270395542992359bc30a8,ace_submod_96,ace,submod,0.0,0.0,0.0,0.5,0.4789,0.5,71.0,0.5,0.0
5ab8261655429934fafe6cf1,ace_submod_96,ace,submod,0.0,0.0,0.0,0.0,0.3556,0.5,90.0,0.5,0.0
5abc41315542993a06baf8bb,ace_submod_96,ace,submod,0.0,0.0,0.0,0.0,0.0,0.0,83.0,0.5,0.0
5abd455c55429924427fcf5a,ace_submod_96,ace,submod,0.0,0.0,0.0,0.0,0.0,0.0,88.0,0.5,0.0
5ab97d0a5542996be202051e,ace_submod_96,ace,submod,1.0,1.0,1.0,1.0,0.6526,1.0,95.0,1.0,1.0
5a7a96555542990198eaf159,ace_submod_96,ace,submod,0.0,0.6667,1.0,1.0,0.5169,0.5,89.0,1.0,1.0
5a8c7057554299653c1aa066,ace_submod_96,ace,submod,0.0,0.6667,1.0,1.0,0.4839,0.5,93.0,1.0,1.0
5a7663665542992d0ec060d3,ace_submod_96,ace,submod,0.0,0.2857,0.0,0.75,0.3908,0.5,87.0,1.0,1.0
5abd920e55429924427fd05d,ace_submod_96,ace,submod,0.0,0.0,0.0,0.0,0.3736,1.0,91.0,1.0,1.0
5ae47ae05542995ad6573d4f,ace_submod_96,ace,submod,1.0,1.0,1.0,1.0,0.3625,0.5,80.0,0.5,0.0
5ae25ed15542992decbdccd2,ace_submod_96,ace,submod,0.0,0.0,0.0,0.0,0.5667,1.0,90.0,1.0,1.0
5a8b7e9c5542995d1e6f13c1,ace_submod_96,ace,submod,0.0,0.0,1.0,1.0,0.7021,1.0,94.0,1.0,1.0
5a7265a95542992359bc307a,ace_submod_96,ace,submod,0.0,0.0,0.0,0.5,0.4444,0.5,90.0,0.5,0.0
5add889b5542997545bbbd68,ace_submod_96,ace,submod,1.0,1.0,1.0,1.0,0.3297,0.5,91.0,0.5,0.0
5abed7d75542990832d3a0f7,ace_submod_96,ace,submod,0.0,0.0,0.0,0.0,0.0,0.0,86.0,0.5,0.0
5ab8c3c65542991b5579effd,ace_submod_96,ace,submod,0.0,0.0,0.0,0.0,0.2838,0.5,74.0,1.0,1.0
5ae6179b5542992663a4f25b,ace_submod_96,ace,submod,0.0,0.0,1.0,1.0,0.6111,0.5,90.0,1.0,1.0
5a80838d5542992bc0c4a745,ace_submod_96,ace,submod,0.0,0.0,1.0,1.0,0.2656,0.5,64.0,1.0,1.0
5a7cd7f055429909bec7683e,ace_submod_96,ace,submod,1.0,1.0,1.0,1.0,0.427,0.5,89.0,1.0,1.0
5ac3a10b5542995ef918c1c3,ace_submod_96,ace,submod,1.0,1.0,1.0,1.0,0.5,0.5,80.0,0.5,0.0
5ab8764155429919ba4e22fe,ace_submod_96,ace,submod,0.0,0.0,1.0,1.0,0.3288,0.5,73.0,1.0,1.0
5a7cf4e355429907fabef062,ace_submod_96,ace,submod,0.0,0.0,0.0,0.0,0.4457,0.5,92.0,1.0,1.0
5a8f06075542995b44241f2d,ace_submod_96,ace,submod,0.0,0.0,0.0,0.5,1.0,1.0,65.0,1.0,1.0
5ac09da45542996f0d89cc1d,ace_submod_96,ace,submod,1.0,1.0,1.0,1.0,0.5732,1.0,82.0,1.0,1.0
5a8a4b9955429930ff3c0d88,ace_submod_96,ace,submod,0.0,0.0,0.0,0.0,0.8205,0.5,78.0,0.5,0.0
5a8b7d925542995d1e6f13bd,ace_submod_96,ace,submod,0.0,0.0,1.0,1.0,0.5053,0.5,95.0,1.0,1.0
5a8a09ff5542992d82986e6b,ace_submod_96,ace,submod,0.0,0.0,0.0,0.0,0.0,0.0,91.0,0.5,0.0
5ab2d65e554299545a2cfabe,ace_submod_96,ace,submod,0.0,0.0,0.0,0.3333,0.2935,0.5,92.0,0.5,0.0
5a711cb45542994082a3e59f,ace_submod_96,ace,submod,0.0,0.0,1.0,1.0,0.4706,0.5,85.0,1.0,1.0
5a746ddc55429929fddd8423,ace_submod_96,ace,submod,0.0,0.0,0.0,0.5,0.6517,1.0,89.0,1.0,1.0
5ae4b55455429913cc2044db,ace_submod_96,ace,submod,0.0,0.0,0.0,0.5,0.6588,1.0,85.0,1.0,1.0
5ab6087a554299110f2199be,ace_submod_96,ace,submod,0.0,0.0,0.0,0.0,0.0854,0.5,82.0,0.5,0.0
5adfc06d55429906c02daa2a,ace_submod_96,ace,submod,0.0,0.0,1.0,1.0,0.475,0.5,80.0,0.5,0.0
5adf51e05542995534e8c78a,ace_submod_96,ace,submod,0.0,0.4,1.0,1.0,0.6559,1.0,93.0,1.0,1.0
5ab4482b55429942dd415f09,ace_submod_96,ace,submod,0.0,0.75,0.0,0.6,0.3537,0.5,82.0,1.0,1.0
5abfa0285542990832d3a171,ace_submod_96,ace,submod,0.0,0.0,0.0,0.0,0.3671,0.5,79.0,1.0,1.0
5a8b1a925542997f31a41c6e,ace_submod_96,ace,submod,0.0,0.0,0.0,0.0,0.0,0.0,88.0,0.0,0.0
5a7fc03d5542992097ad2fbc,ace_submod_96,ace,submod,0.0,0.0,1.0,1.0,0.4691,0.5,81.0,1.0,1.0
5ae5ead6554299546bf82fd0,ace_submod_96,ace,submod,1.0,1.0,1.0,1.0,0.6447,0.5,76.0,1.0,1.0
5ae6371155429929b0807af1,ace_submod_96,ace,submod,1.0,1.0,1.0,1.0,0.4167,0.5,84.0,0.5,0.0
5a80f4c2554299260e20a1da,ace_submod_96,ace,submod,0.0,0.0,0.0,0.0,1.0,0.5,82.0,0.5,0.0
5ac38bf355429939154137ba,ace_submod_96,ace,submod,0.0,0.0,0.0,0.5,0.2584,0.5,89.0,1.0,1.0
5ae26c795542992decbdccfb,ace_submod_96,ace,submod,0.0,0.0,0.0,0.0,0.0,0.0,86.0,0.5,0.0
5ae51fa25542992663a4f11f,ace_submod_96,ace,submod,0.0,0.0,0.0,0.25,0.5059,0.5,85.0,0.5,0.0
5ae13bf1554299422ee99634,ace_submod_96,ace,submod,1.0,1.0,1.0,1.0,0.7746,1.0,71.0,1.0,1.0
5a79e7b45542994f819ef0ff,ace_submod_96,ace,submod,0.0,0.0,0.0,0.0,0.5233,0.5,86.0,0.5,0.0
5a8ee7c95542990e94052bb1,ace_submod_96,ace,submod,0.0,0.0,0.0,0.0,0.3563,0.5,87.0,0.5,0.0
5a8bc0485542995d1e6f143d,ace_submod_96,ace,submod,0.0,0.0,1.0,1.0,0.1304,0.5,92.0,0.5,0.0
5adf3c155542993a75d2643a,ace_submod_96,ace,submod,0.0,0.0,0.0,0.0,0.0,0.0,88.0,0.5,0.0
5ab84bab55429934fafe6d49,ace_submod_96,ace,submod,1.0,1.0,1.0,1.0,1.0,0.5,75.0,1.0,1.0
5abb4b4a5542993f40c73aea,ace_submod_96,ace,submod,1.0,1.0,1.0,1.0,0.6484,0.5,91.0,1.0,1.0
5ae4885e55429970de88d99d,ace_submod_96,ace,submod,0.0,0.0,0.0,0.6667,0.0,0.0,84.0,0.0,0.0
5adf53dc5542995534e8c791,ace_submod_96,ace,submod,0.0,0.0,0.0,0.0,0.2841,0.5,88.0,1.0,1.0
5a7a70b355429941d65f2647,ace_submod_96,ace,submod,1.0,1.0,1.0,1.0,0.1978,0.5,91.0,1.0,1.0
5a8911ad554299515336129c,ace_submod_96,ace,submod,1.0,1.0,1.0,1.0,0.2763,0.5,76.0,1.0,1.0
5ae6911955429908198fa626,ace_submod_96,ace,submod,0.0,0.0,1.0,1.0,0.5632,1.0,87.0,1.0,1.0
5a843de75542992ef85e23b4,ace_submod_96,ace,submod,0.0,0.0,0.0,0.0,0.0,0.0,73.0,0.5,0.0
5a7d22dc5542995ed0d16600,ace_submod_96,ace,submod,0.0,0.0,1.0,1.0,0.5,1.0,82.0,1.0,1.0
5a8a1a9c5542992d82986ebb,ace_submod_96,ace,submod,0.0,0.0,0.0,0.0,0.4,0.5,75.0,1.0,1.0
5a8f7c9a55429918e830d239,ace_submod_96,ace,submod,0.0,0.0,0.0,0.0,0.8537,1.0,82.0,1.0,1.0
5ab92f1f554299753720f77b,ace_submod_96,ace,submod,0.0,0.6667,0.0,0.0,0.0,0.0,85.0,1.0,1.0
5a761e855542994ccc9186e0,ace_submod_96,ace,submod,0.0,0.0,1.0,1.0,0.6118,1.0,85.0,1.0,1.0
5a7a01b15542996c55b2dcd1,ace_submod_96,ace,submod,0.0,0.0,0.0,0.6667,0.0,0.0,83.0,1.0,1.0
5a733b835542991f9a20c6b2,ace_submod_96,ace,submod,1.0,1.0,1.0,1.0,0.4889,0.5,90.0,0.5,0.0
5ae04ea555429924de1b709e,ace_submod_96,ace,submod,0.0,0.0,0.0,0.0,0.0,0.0,94.0,0.5,0.0
5abd2eab5542992ac4f38210,ace_submod_96,ace,submod,1.0,1.0,1.0,1.0,0.759,1.0,83.0,1.0,1.0
5a81e097554299676cceb129,ace_submod_96,ace,submod,0.0,0.4,0.0,0.5,0.1979,0.5,96.0,0.5,0.0
5ab6faec5542991d32223708,ace_submod_96,ace,submod,0.0,0.0,0.0,0.4286,0.4767,0.5,86.0,1.0,1.0
5a753c8c55429916b01642ab,ace_submod_96,ace,submod,0.0,0.0,0.0,0.0,0.0,0.0,95.0,0.5,0.0
5ae22ede554299234fd0441b,ace_submod_96,ace,submod,0.0,0.0,0.0,0.0,0.236,0.5,89.0,0.5,0.0
5a8b40b055429949d91db50c,ace_submod_96,ace,submod,0.0,0.0,0.0,0.2,0.0,0.0,80.0,1.0,1.0
5ade8ad95542992fa25da7b8,ace_submod_96,ace,submod,0.0,0.0,1.0,1.0,0.2989,0.5,87.0,1.0,1.0
5a7b971255429927d897bff3,ace_submod_96,ace,submod,0.0,0.0,0.0,0.0,1.0,1.0,74.0,1.0,1.0
5ae2c4b8554299495565db31,ace_submod_96,ace,submod,0.0,0.0,0.0,0.0,0.0,0.0,80.0,0.5,0.0
5ac508205542994611c8b32e,ace_submod_96,ace,submod,0.0,0.0,1.0,1.0,0.4167,0.5,84.0,1.0,1.0
5a74c85055429916b0164218,ace_submod_96,ace,submod,0.0,0.0,0.0,0.0,0.5068,0.5,73.0,0.5,0.0
5a75642c5542996c70cfaeed,ace_submod_96,ace,submod,0.0,0.0,0.0,0.0,0.7529,0.5,85.0,0.5,0.0
5ae6dd745542996d980e7ca0,ace_submod_96,ace,submod,0.0,0.0,0.0,0.0,0.0,0.0,72.0,0.5,0.0
5a74d64055429916b0164223,ace_submod_96,ace,submod,0.0,0.0,0.0,0.0,0.0,0.0,94.0,0.5,0.0
5a7a616355429941d65f25f7,ace_submod_96,ace,submod,0.0,0.0,0.0,0.5,0.4316,0.5,95.0,0.5,0.0
5aba9813554299232ef4a357,ace_submod_96,ace,submod,0.0,0.0,1.0,1.0,0.8242,0.5,91.0,1.0,1.0
5ae5669755429960a22e02ec,ace_submod_96,ace,submod,0.0,0.0,0.0,0.6,0.525,0.5,80.0,1.0,1.0
5a79e1275542990198eaefe7,ace_submod_96,ace,submod,0.0,0.8,0.0,0.0,0.5581,0.5,86.0,0.5,0.0
5a9064c755429916514e74a6,ace_submod_96,ace,submod,1.0,1.0,1.0,1.0,0.6667,1.0,87.0,1.0,1.0
5a872e8e5542991e7718170c,ace_submod_96,ace,submod,0.0,0.0,0.0,0.0,0.6304,1.0,92.0,1.0,1.0
5ae6453e55429908198fa56c,ace_submod_96,ace,submod,0.0,0.0,0.0,0.0,0.4842,0.5,95.0,0.5,0.0
5a90970d5542995651fb51a5,ace_submod_96,ace,submod,0.0,0.0,0.0,0.0,0.4681,0.5,94.0,0.5,0.0
5ae15ae25542990adbacf767,ace_submod_96,ace,submod,1.0,1.0,1.0,1.0,0.0,0.0,76.0,1.0,1.0
5a7e08b55542997cc2c474fe,ace_submod_96,ace,submod,1.0,1.0,1.0,1.0,1.0,1.0,85.0,1.0,1.0
5ab30336554299166977417c,ace_submod_96,ace,submod,1.0,1.0,1.0,1.0,0.6923,0.5,91.0,1.0,1.0
5a83b4d35542996488c2e495,ace_submod_96,ace,submod,0.0,0.8,0.0,0.3333,0.6286,0.5,70.0,1.0,1.0
5ab416a25542996a3a969f28,ace_submod_96,ace,submod,0.0,0.0,1.0,1.0,0.6265,0.5,83.0,1.0,1.0
5a7147fd5542994082a3e758,ace_submod_96,ace,submod,0.0,0.0,0.0,0.0,0.6458,0.5,96.0,0.5,0.0
5ae0413555429942ec259c61,ace_submod_96,ace,submod,1.0,1.0,1.0,1.0,0.7391,0.5,92.0,1.0,1.0
5ae47cab5542996836b02cb9,ace_submod_96,ace,submod,0.0,0.0,0.0,0.0,0.2258,0.5,93.0,0.5,0.0
5abdbf3755429933744ab818,ace_submod_96,ace,submod,0.0,0.0,0.0,0.0,1.0,1.0,69.0,1.0,1.0
5ae0968955429924de1b7105,ace_submod_96,ace,submod,0.0,0.0,1.0,1.0,0.72,1.0,75.0,1.0,1.0
5ab48f245542990594ba9c66,ace_submod_96,ace,submod,0.0,0.0,0.0,0.0,0.7294,1.0,85.0,1.0,1.0
5ae5faf555429929b0807a4c,ace_submod_96,ace,submod,0.0,0.0,1.0,1.0,0.6932,1.0,88.0,1.0,1.0
5a7c53a855429935c91b515d,ace_submod_96,ace,submod,1.0,1.0,1.0,1.0,0.8526,1.0,95.0,1.0,1.0
5ae51b495542993aec5ec146,ace_submod_96,ace,submod,1.0,1.0,1.0,1.0,0.5417,0.5,96.0,1.0,1.0
5ade8f5955429975fa854f10,ace_submod_96,ace,submod,0.0,0.0,0.0,0.0,0.4896,0.5,96.0,1.0,1.0
5ab64cfa55429953192ad2b7,ace_submod_96,ace,submod,0.0,0.0,1.0,1.0,0.7258,1.0,62.0,1.0,1.0
5a8fae205542997ba9cb32ec,ace_submod_96,ace,submod,0.0,0.0,0.0,0.0,0.4533,0.5,75.0,0.5,0.0
5abb7d8b5542996cc5e4a006,ace_submod_96,ace,submod,0.0,0.0,0.0,0.0,0.4839,0.5,93.0,0.5,0.0
5add47bf5542992200553a7f,ace_submod_96,ace,submod,0.0,0.0,0.0,0.0,0.2907,0.5,86.0,1.0,1.0
5a7128b05542994082a3e5f2,ace_submod_96,ace,submod,1.0,1.0,1.0,1.0,0.7011,1.0,87.0,1.0,1.0
5ade04465542990dbb2f7f2f,ace_submod_96,ace,submod,0.0,0.0,0.0,0.3333,0.2526,0.5,95.0,0.5,0.0
5ab431d855429942dd415ed2,ace_submod_96,ace,submod,1.0,1.0,1.0,1.0,0.7045,0.5,88.0,0.5,0.0
5a8c6342554299240d9c214a,ace_submod_96,ace,submod,1.0,1.0,1.0,1.0,1.0,1.0,96.0,1.0,1.0
5adc75525542994650320d0e,ace_submod_96,ace,submod,1.0,1.0,1.0,1.0,1.0,1.0,65.0,1.0,1.0
5a85d25b5542996432c570ee,ace_submod_96,ace,submod,0.0,0.6667,1.0,1.0,0.6538,1.0,78.0,1.0,1.0
5a7183575542994082a3e85e,ace_submod_96,ace,submod,0.0,0.0,0.0,0.0,0.6143,0.5,70.0,0.5,0.0
5adebea1554299728e26c7b6,ace_submod_96,ace,submod,0.0,0.0,0.0,0.0,0.3636,0.5,77.0,1.0,1.0
5a80a25d5542995d8a8ddfb7,ace_submod_96,ace,submod,0.0,0.0,0.0,0.0,0.129,0.5,93.0,0.5,0.0
5a778b1e55429949eeb29ee3,ace_submod_96,ace,submod,0.0,0.0,1.0,1.0,0.7391,1.0,92.0,1.0,1.0
5ae6860e5542991bbc976112,ace_submod_96,ace,submod,0.0,0.0,0.0,0.3333,0.413,0.5,92.0,1.0,1.0
5a7e058f5542995f4f402390,ace_submod_96,ace,submod,1.0,1.0,0.0,0.0,1.0,1.0,68.0,1.0,1.0
5ab2a8b655429929539467ab,ace_submod_96,ace,submod,0.0,0.0,1.0,1.0,0.3846,0.5,91.0,1.0,1.0
5a8e06785542995085b37383,ace_submod_96,ace,submod,0.0,0.0,1.0,1.0,1.0,1.0,86.0,1.0,1.0
5a7eb22655429930675135cb,ace_submod_96,ace,submod,0.0,0.0,1.0,1.0,0.6667,1.0,96.0,1.0,1.0
5ab298fb554299449642c922,ace_submod_96,ace,submod,0.0,0.0,0.0,0.0,0.0,0.0,96.0,0.5,0.0
5ab27287554299722f9b4d2c,ace_submod_96,ace,submod,1.0,1.0,0.0,0.6667,0.6977,1.0,86.0,1.0,1.0
5ae0f2bf5542997b2ef7d09e,ace_submod_96,ace,submod,0.0,0.0,1.0,1.0,0.4308,0.5,65.0,1.0,1.0
5a838fcd5542992ef85e2305,ace_submod_96,ace,submod,0.0,0.8,0.0,0.6667,0.5055,0.5,91.0,0.5,0.0
5a79caec5542994bb94570ad,ace_submod_96,ace,submod,0.0,0.0,1.0,1.0,0.7528,1.0,89.0,1.0,1.0
5a73266d5542994cef4bc47d,ace_submod_96,ace,submod,1.0,1.0,1.0,1.0,0.4483,0.5,87.0,1.0,1.0
5a8de02b554299068b959e13,ace_submod_96,ace,submod,0.0,0.0,1.0,1.0,0.5972,0.5,72.0,0.5,0.0
5a89ba6b554299669944a584,ace_submod_96,ace,submod,0.0,0.0,0.0,0.0,0.3636,0.5,88.0,1.0,1.0
5ae4ea2a5542993aec5ec0ee,ace_submod_96,ace,submod,0.0,0.75,1.0,1.0,0.5484,0.5,62.0,0.5,0.0
5a7796e05542992a6e59df0f,ace_submod_96,ace,submod,0.0,0.0,1.0,1.0,0.6818,0.5,66.0,1.0,1.0
5ab8627f5542990e739ec8da,ace_submod_96,ace,submod,0.0,0.3636,0.0,0.5556,0.5,0.5,94.0,0.5,0.0
5a7456ec55429979e288290f,ace_submod_96,ace,submod,0.0,0.0,1.0,1.0,0.4945,0.5,91.0,1.0,1.0
5abc6fba554299700f9d78c7,ace_submod_96,ace,submod,0.0,0.0,0.0,0.0,0.1209,0.5,91.0,1.0,1.0
5ae1500655429920d52343cc,ace_submod_96,ace,submod,0.0,0.0,1.0,1.0,0.3625,1.0,80.0,1.0,1.0
5a8c5569554299240d9c2126,ace_submod_96,ace,submod,0.0,0.0,0.0,0.0,0.3043,0.5,92.0,1.0,1.0
5a7cffb755429907fabef09f,ace_submod_96,ace,submod,1.0,1.0,1.0,1.0,0.5541,0.5,74.0,0.5,0.0
5abdaa0f55429965af743dad,ace_submod_96,ace,submod,0.0,0.4,0.0,0.6667,0.0,0.0,92.0,0.5,0.0
5add00805542992c1e3a2504,ace_submod_96,ace,submod,1.0,1.0,1.0,1.0,0.3291,0.5,79.0,1.0,1.0
5a8af11a55429950cd6afc21,ace_submod_96,ace,submod,0.0,0.0,1.0,1.0,0.0,0.0,95.0,0.0,0.0
5ac34994554299741d48a242,ace_submod_96,ace,submod,0.0,0.0,0.0,0.0,0.5735,0.5,68.0,1.0,1.0
5ab3e45655429976abd1bcd4,ace_submod_96,ace,submod,0.0,0.0,0.0,0.3333,0.3448,0.5,87.0,0.5,0.0
5a77ace855429967ab105223,ace_submod_96,ace,submod,1.0,1.0,1.0,1.0,0.4043,0.5,94.0,0.5,0.0
5a802b595542995d8a8ddf51,ace_submod_96,ace,submod,1.0,1.0,1.0,1.0,0.5055,0.5,91.0,0.5,0.0
5a8501915542997175ce1f5a,ace_submod_96,ace,submod,1.0,1.0,0.0,0.0,0.7867,1.0,75.0,1.0,1.0
5ab5f75e554299637185c64b,ace_submod_96,ace,submod,0.0,0.0,0.0,0.0,0.6588,1.0,85.0,1.0,1.0
5a9068075542990a9849361a,ace_submod_96,ace,submod,0.0,0.0,0.0,0.0,0.0,0.0,70.0,1.0,1.0
5ae676915542995703ce8b66,ace_submod_96,ace,submod,1.0,1.0,1.0,1.0,0.2222,0.5,81.0,0.5,0.0
5ae39e9c5542990afbd1e195,ace_submod_96,ace,submod,1.0,1.0,1.0,1.0,0.589,0.5,73.0,0.5,0.0
5ae76d185542997ec2727641,ace_submod_96,ace,submod,1.0,1.0,1.0,1.0,0.6042,1.0,96.0,1.0,1.0
5a8a17685542993b751ca9f3,ace_submod_96,ace,submod,0.0,0.0,1.0,1.0,0.3373,0.5,83.0,1.0,1.0
5abbcba05542992ccd8e7fa3,ace_submod_96,ace,submod,0.0,0.0,0.0,0.0,0.0,0.0,62.0,0.5,0.0
5a8b515e55429971feec46bb,ace_submod_96,ace,submod,1.0,1.0,1.0,1.0,0.4231,0.5,78.0,0.5,0.0
5ae22895554299495565da0c,ace_submod_96,ace,submod,0.0,0.0,1.0,1.0,0.5814,0.5,86.0,1.0,1.0
5a83dd2c554299334474609e,ace_submod_96,ace,submod,0.0,0.0,0.0,0.0909,0.0,0.0,96.0,0.0,0.0
5abb76fa5542992ccd8e7f48,ace_submod_96,ace,submod,0.0,0.0,0.0,0.0,0.7349,1.0,83.0,1.0,1.0
5ab4eecb55429942dd415faa,ace_submod_96,ace,submod,0.0,0.0,0.0,0.0,0.0,0.0,88.0,1.0,1.0
5ae0b9b155429924de1b7152,ace_submod_96,ace,submod,0.0,0.0,0.0,0.0,0.7349,1.0,83.0,1.0,1.0
5a90629855429916514e749e,ace_submod_96,ace,submod,0.0,0.0,0.0,0.0,0.4045,0.5,89.0,0.5,0.0
5a7a4f335542990198eaf11e,ace_submod_96,ace,submod,0.0,0.0,1.0,1.0,0.759,1.0,83.0,1.0,1.0
5ab674b7554299110f219a0c,ace_submod_96,ace,submod,0.0,0.0,1.0,1.0,0.2656,0.5,64.0,0.5,0.0
5ae406f055429970de88d874,ace_submod_96,ace,submod,0.0,0.0,1.0,1.0,0.3492,0.5,63.0,1.0,1.0
5a75441c55429916b01642cf,ace_submod_96,ace,submod,1.0,1.0,1.0,1.0,0.6512,0.5,86.0,1.0,1.0
5a8307c055429966c78a6af9,ace_submod_96,ace,submod,1.0,1.0,1.0,1.0,0.6522,0.5,69.0,1.0,1.0
5ae077805542993d6555eb6e,ace_submod_96,ace,submod,0.0,0.0,0.0,0.0,0.3953,0.5,86.0,1.0,1.0
5a7f19eb55429934daa2fcdb,ace_submod_96,ace,submod,1.0,1.0,1.0,1.0,0.0,0.0,80.0,0.5,0.0
5adc1ae5554299438c868d5c,ace_submod_96,ace,submod,0.0,0.0,0.0,0.0,0.4457,1.0,92.0,1.0,1.0
5ae446175542995ad6573d1f,ace_submod_96,ace,submod,0.0,0.0,0.0,0.0,0.0,0.0,87.0,0.0,0.0
5ac2eec55542990b17b154c1,ace_submod_96,ace,submod,0.0,0.0,1.0,1.0,0.3617,0.5,94.0,1.0,1.0
5a836a765542996488c2e446,ace_submod_96,ace,submod,0.0,0.0,0.0,0.0,0.4946,0.5,93.0,0.5,0.0
5ae614215542992663a4f254,ace_submod_96,ace,submod,1.0,1.0,1.0,1.0,0.4205,0.5,88.0,1.0,1.0
5ade15a45542997545bbbe46,ace_submod_96,ace,submod,0.0,0.0,0.0,0.0,0.8077,1.0,78.0,1.0,1.0
5ac0641f554299294b218fbe,ace_submod_96,ace,submod,0.0,0.0,0.0,0.0,0.3021,0.5,96.0,1.0,1.0
5a7143625542994082a3e71e,ace_submod_96,ace,submod,0.0,0.0,1.0,1.0,0.0,0.0,81.0,0.5,0.0
5a8c51f0554299240d9c2111,ace_submod_96,ace,submod,0.0,0.5,0.0,0.0,0.383,0.5,94.0,0.5,0.0
5a8719fa55429960ec39b742,ace_submod_96,ace,submod,0.0,0.0,1.0,1.0,0.0,0.0,95.0,1.0,1.0
5ab67f4c55429953192ad2d9,ace_submod_96,ace,submod,1.0,1.0,1.0,1.0,0.5077,0.5,65.0,1.0,1.0
5a7326cd5542991f29ee2d11,ace_submod_96,ace,submod,1.0,1.0,1.0,1.0,1.0,1.0,92.0,1.0,1.0
5ae0f4645542997b2ef7d0aa,ace_submod_96,ace,submod,0.0,0.0,1.0,1.0,0.6458,0.5,96.0,1.0,1.0
5a8c5c6f554299653c1aa04d,ace_submod_96,ace,submod,0.0,0.0,0.0,0.0,0.0,0.0,93.0,0.5,0.0
5abdb8ba5542993f32c2a015,ace_submod_96,ace,submod,0.0,0.0,1.0,1.0,0.3085,0.5,94.0,1.0,1.0
5ac11037554299294b21907a,ace_submod_96,ace,submod,0.0,0.0,0.0,0.5,0.5441,0.5,68.0,0.5,0.0
5ab833ad5542990e739ec86f,ace_submod_96,ace,submod,0.0,0.0,0.0,0.0,0.3291,0.5,79.0,0.5,0.0
5a88f9555542995153361214,ace_submod_96,ace,submod,0.0,0.0,0.0,0.3333,0.6,0.5,85.0,0.5,0.0
5a7e23655542997cc2c47528,ace_submod_96,ace,submod,0.0,0.0,0.0,0.0,0.2917,0.5,96.0,0.5,0.0
5abfe2a15542997d6429591c,ace_submod_96,ace,submod,0.0,0.6667,1.0,1.0,0.6,1.0,90.0,1.0,1.0
5ae1fced5542997283cd230e,ace_submod_96,ace,submod,1.0,1.0,1.0,1.0,0.25,0.5,88.0,1.0,1.0
5a74994a55429974ef308c2e,ace_submod_96,ace,submod,1.0,1.0,1.0,1.0,0.4792,0.5,96.0,1.0,1.0
5ae6f2a7554299572ea5464a,ace_submod_96,ace,submod,0.0,0.0,0.0,0.0,0.6237,1.0,93.0,1.0,1.0
5a7f3f7c55429934daa2fd45,ace_submod_96,ace,submod,1.0,1.0,1.0,1.0,0.3827,0.5,81.0,1.0,1.0
5a7543d555429916b01642ce,ace_submod_96,ace,submod,1.0,1.0,1.0,1.0,0.5672,0.5,67.0,1.0,1.0
5ab938db5542996be2020454,ace_submod_96,ace,submod,1.0,1.0,1.0,1.0,0.2473,0.5,93.0,1.0,1.0
5ae30d4b55429928c42395cc,ace_submod_96,ace,submod,0.0,0.0,1.0,1.0,0.5417,1.0,96.0,1.0,1.0
5ae622495542995703ce8b20,ace_submod_96,ace,submod,0.0,0.5,1.0,1.0,1.0,1.0,85.0,1.0,1.0
5ae0fb8855429920d523425b,ace_submod_96,ace,submod,0.0,0.4,0.0,0.3333,0.3708,0.5,89.0,0.5,0.0
5ae665795542991bbc9760c9,ace_submod_96,ace,submod,0.0,0.0,0.0,0.0,0.5417,0.5,72.0,0.5,0.0
5a77b13655429967ab105235,ace_submod_96,ace,submod,1.0,1.0,1.0,1.0,0.6562,1.0,96.0,1.0,1.0
5ae5415055429908b63265b7,ace_submod_96,ace,submod,1.0,1.0,1.0,1.0,0.4062,0.5,96.0,1.0,1.0
5a7bb16f554299294a54aa9f,ace_submod_96,ace,submod,0.0,0.4,1.0,1.0,0.5054,0.5,93.0,1.0,1.0
5ab9b2c7554299743d22ebaf,ace_submod_96,ace,submod,0.0,0.0,0.0,0.0,0.2955,0.5,88.0,1.0,1.0
5a7b12a355429927d897bf2a,ace_submod_96,ace,submod,0.0,0.0,0.0,0.0,0.2824,0.5,85.0,1.0,1.0
5addfe1c5542995b365fabaf,ace_submod_96,ace,submod,0.0,0.0,0.0,0.0,0.2766,0.5,94.0,1.0,1.0
5a8391f55542996488c2e45c,ace_submod_96,ace,submod,0.0,0.0,1.0,1.0,0.2609,0.5,92.0,0.5,0.0
5ab91b6c55429934fafe6e5f,ace_submod_96,ace,submod,0.0,0.6667,1.0,1.0,0.2842,0.5,95.0,1.0,1.0
5a72a0be5542992359bc3143,ace_submod_96,ace,submod,0.0,0.0,1.0,1.0,0.5055,0.5,91.0,1.0,1.0
5ae764a85542997b22f6a720,ace_submod_96,ace,submod,0.0,0.0,0.0,0.6667,0.0,0.0,84.0,1.0,1.0
5adbfaa655429947ff173888,ace_submod_96,ace,submod,0.0,0.1538,0.0,0.1818,0.4222,0.5,90.0,1.0,1.0
5a8bc1565542996e8ac88a0c,ace_submod_96,ace,submod,0.0,0.0,0.0,0.8,0.0,0.0,79.0,1.0,1.0
5ae236445542992decbdcc69,ace_submod_96,ace,submod,0.0,0.4,0.0,0.5,0.383,0.5,94.0,1.0,1.0
5adf58f15542993a75d264d2,ace_submod_96,ace,submod,0.0,0.0,0.0,0.0,0.0,0.0,92.0,0.5,0.0
5ae7281c5542991e8301cb69,ace_submod_96,ace,submod,0.0,0.0,0.0,0.0,0.3226,0.5,93.0,1.0,1.0
5ac42ae45542997ea680ca18,ace_submod_96,ace,submod,0.0,0.8,1.0,1.0,0.7746,0.5,71.0,1.0,1.0
5a7312675542994cef4bc43d,ace_submod_96,ace,submod,1.0,1.0,1.0,1.0,0.3333,0.5,87.0,1.0,1.0
5ab1d7ac554299449642c7e6,ace_submod_96,ace,submod,1.0,1.0,1.0,1.0,0.1889,0.5,90.0,1.0,1.0
5a8e482c5542995a26add4c3,ace_submod_96,ace,submod,0.0,0.0,0.0,0.0,0.8021,1.0,96.0,1.0,1.0
5a7f924c55429969796c1aba,ace_submod_96,ace,submod,0.0,0.0,0.0,0.5,0.6197,0.5,71.0,0.5,0.0
5addda1b5542992200553b55,ace_submod_96,ace,submod,0.0,0.0,0.0,0.0,0.0,0.0,95.0,1.0,1.0
5a7d043755429909bec768f7,ace_submod_96,ace,submod,0.0,0.6667,1.0,1.0,0.4253,0.5,87.0,1.0,1.0
5a8089535542992bc0c4a762,ace_submod_96,ace,submod,1.0,1.0,1.0,1.0,0.7684,1.0,95.0,1.0,1.0
5abd049d5542992ac4f381a8,ace_submod_96,ace,submod,1.0,1.0,1.0,1.0,1.0,1.0,83.0,1.0,1.0
5abbc7a055429931dba1451b,ace_submod_96,ace,submod,0.0,0.0,0.0,0.0,0.4086,0.5,93.0,1.0,1.0
5abdc18555429965af743e2b,ace_submod_96,ace,submod,1.0,1.0,1.0,1.0,0.4022,0.5,92.0,1.0,1.0
5adc3a7055429947ff173913,ace_submod_96,ace,submod,0.0,0.0,0.0,0.0,0.3171,0.5,82.0,1.0,1.0
5abbdb335542992ccd8e7fc1,ace_submod_96,ace,submod,0.0,0.0,0.0,0.0,0.2151,0.5,93.0,1.0,1.0
5ac1a5b45542991316484b8b,ace_submod_96,ace,submod,1.0,1.0,0.0,0.0,0.4271,0.5,96.0,1.0,1.0
5ac2616b5542996366519997,ace_submod_96,ace,submod,0.0,0.0,0.0,0.0,0.3548,0.5,93.0,0.5,0.0
5ae3f6775542991a06ce9a3f,ace_submod_96,ace,submod,0.0,0.0,0.0,0.0,0.5843,0.5,89.0,1.0,1.0
5a8f15ec554299458435d552,ace_submod_96,ace,submod,0.0,0.0,0.0,0.0,0.0,0.0,93.0,0.0,0.0
5a8db9b3554299068b959dde,ace_submod_96,ace,submod,0.0,0.0,1.0,1.0,0.65,1.0,80.0,1.0,1.0
5ab3f6b9554299753aec5a03,ace_submod_96,ace,submod,0.0,0.0,0.0,0.0,0.0,0.0,94.0,0.5,0.0
5a736f7c5542991f29ee2e18,ace_submod_96,ace,submod,1.0,1.0,1.0,1.0,0.4659,0.5,88.0,1.0,1.0
5ae618535542995703ce8af7,ace_submod_96,ace,submod,0.0,0.1429,0.0,0.1111,0.25,0.5,92.0,0.5,0.0
5a8b05c855429949d91db46a,ace_submod_96,ace,submod,1.0,1.0,1.0,1.0,0.5579,1.0,95.0,1.0,1.0
5ac1d40c5542994d76dccef5,ace_submod_96,ace,submod,0.0,0.0,0.0,0.0,0.5455,0.5,88.0,0.5,0.0
5ae356045542990afbd1e10d,ace_submod_96,ace,submod,0.0,0.0,1.0,1.0,0.3789,0.5,95.0,0.5,0.0
5ae002ec55429925eb1afbdc,ace_submod_96,ace,submod,1.0,1.0,0.0,0.0,0.3953,0.5,86.0,0.5,0.0
5a89ddf25542992e4fca83ff,ace_submod_96,ace,submod,0.0,0.0,0.0,0.0,0.4944,0.5,89.0,1.0,1.0
5a903b7255429933b8a204ae,ace_submod_96,ace,submod,0.0,0.5,1.0,1.0,0.7262,1.0,84.0,1.0,1.0
5a84ac585542991dd0999d72,ace_submod_96,ace,submod,1.0,1.0,1.0,1.0,0.4896,0.5,96.0,1.0,1.0
5a7cad635542996dd594b97f,ace_submod_96,ace,submod,0.0,0.0,0.0,0.6667,0.6585,1.0,82.0,1.0,1.0
5a75da6d5542992db94736fa,ace_submod_96,ace,submod,0.0,0.8,1.0,1.0,0.622,0.5,82.0,1.0,1.0
5ac4e13f554299076e296e2d,ace_submod_96,ace,submod,1.0,1.0,1.0,1.0,0.7368,1.0,76.0,1.0,1.0
5ab9b29c554299743d22ebae,ace_submod_96,ace,submod,1.0,1.0,1.0,1.0,0.0659,0.5,91.0,1.0,1.0
5ae2295c554299495565da13,ace_submod_96,ace,submod,0.0,0.3333,1.0,1.0,0.8125,1.0,96.0,1.0,1.0
5abd44d955429933744ab760,ace_submod_96,ace,submod,1.0,1.0,1.0,1.0,0.6711,0.5,76.0,1.0,1.0
5ae096d755429906c02daadf,ace_submod_96,ace,submod,0.0,0.4,1.0,1.0,0.3936,0.5,94.0,1.0,1.0
5abea6a05542993f32c2a18d,ace_submod_96,ace,submod,1.0,1.0,1.0,1.0,0.7083,1.0,96.0,1.0,1.0
5ae1319c55429920d5234301,ace_submod_96,ace,submod,0.0,0.0,0.0,0.0,0.4896,0.5,96.0,1.0,1.0
5ab60aec554299110f2199c3,ace_submod_96,ace,submod,0.0,0.0,1.0,1.0,0.3143,0.5,70.0,1.0,1.0
5ae4e2ca55429908b63264aa,ace_submod_96,ace,submod,1.0,1.0,1.0,1.0,0.8902,1.0,82.0,1.0,1.0
5ae25d2b554299495565da46,ace_submod_96,ace,submod,0.0,0.0,0.0,0.0,0.2143,0.5,84.0,1.0,1.0
5ade630e55429975fa854eb7,ace_submod_96,ace,submod,0.0,0.0,0.0,0.0,0.0,0.0,84.0,0.0,0.0
5ab6be2f55429954757d335c,ace_submod_96,ace,submod,0.0,0.0,0.0,1.0,0.7089,0.5,79.0,1.0,1.0
5a74a62b55429916b01641a0,ace_submod_96,ace,submod,0.0,0.5714,0.0,0.8,0.5444,1.0,90.0,1.0,1.0
5abcf299554299700f9d7936,ace_submod_96,ace,submod,0.0,0.0,0.0,0.0,0.4302,0.5,86.0,1.0,1.0
5adc6eb65542994650320cf3,ace_submod_96,ace,submod,0.0,0.0,0.0,0.0,0.1789,0.5,95.0,1.0,1.0
5ac1767a5542994d76dcce48,ace_submod_96,ace,submod,0.0,0.0,0.0,0.0,0.0,0.0,81.0,0.5,0.0
5ab5dc44554299494045f089,ace_submod_96,ace,submod,0.0,0.0,1.0,1.0,0.2791,0.5,86.0,1.0,1.0
5a8f5273554299458435d5b1,ace_submod_96,ace,submod,0.0,0.5,0.0,0.5,0.0,0.0,80.0,0.5,0.0
5addeb685542992200553bb1,ace_submod_96,ace,submod,0.0,0.6667,1.0,1.0,0.8101,1.0,79.0,1.0,1.0
5a870a8e55429960ec39b707,ace_submod_96,ace,submod,0.0,0.0,0.0,0.3333,0.0,0.0,74.0,0.5,0.0
5a77ddb855429967ab1052d8,ace_submod_96,ace,submod,0.0,0.5714,0.0,0.4,0.7,0.5,90.0,1.0,1.0
5ab38cdd5542992ade7c6de2,ace_submod_96,ace,submod,1.0,1.0,1.0,1.0,0.4239,0.5,92.0,1.0,1.0
5a8f24cc55429924144829e7,ace_submod_96,ace,submod,0.0,0.5,1.0,1.0,0.6842,1.0,95.0,1.0,1.0
5ac401bb55429919431738f4,ace_submod_96,ace,submod,1.0,1.0,1.0,1.0,0.4066,0.5,91.0,0.5,0.0
5ab4b7d15542996a3a969fbc,ace_submod_96,ace,submod,1.0,1.0,0.0,0.0,0.4316,0.5,95.0,1.0,1.0
5a78f18855429974737f7915,ace_submod_96,ace,submod,1.0,1.0,1.0,1.0,0.6098,1.0,82.0,1.0,1.0
5a76394c5542994ccc918725,ace_submod_96,ace,submod,0.0,0.0,0.0,0.0,0.4265,0.5,68.0,0.5,0.0
5a78e49855429974737f78f3,ace_submod_96,ace,submod,0.0,0.0,0.0,0.0,0.236,0.5,89.0,1.0,1.0
5a8fdb955542990a98493572,ace_submod_96,ace,submod,0.0,0.0,0.0,0.0,0.4167,0.5,72.0,1.0,1.0
5a7b9f1f554299294a54aa2a,ace_submod_96,ace,submod,0.0,0.8,0.0,0.6667,0.1848,0.5,92.0,1.0,1.0
5adc396155429944faac2479,ace_submod_96,ace,submod,0.0,0.0,0.0,0.0,0.5104,1.0,96.0,1.0,1.0
5a75357c5542996c70cfaeab,ace_submod_96,ace,submod,1.0,1.0,0.0,0.0,0.7593,0.5,54.0,1.0,1.0
5ac312ee5542995ef918c0ec,ace_submod_96,ace,submod,1.0,1.0,0.0,0.0,0.3441,0.5,93.0,1.0,1.0
5add38355542990dbb2f7dd0,ace_submod_96,ace,submod,0.0,0.0,0.0,0.0,0.2976,0.5,84.0,0.5,0.0
5ac471a5554299194317399a,ace_submod_96,ace,submod,1.0,1.0,1.0,1.0,0.4348,0.5,92.0,1.0,1.0
5a70f1685542994082a3e40f,ace_submod_96,ace,submod,0.0,0.2857,1.0,1.0,0.6667,1.0,93.0,1.0,1.0
5ab5f372554299488d4d9a60,ace_submod_96,ace,submod,0.0,0.0,0.0,0.3846,0.2421,0.5,95.0,1.0,1.0
5a7e1cd955429965cec5ea76,ace_submod_96,ace,submod,0.0,0.0,0.0,0.0,0.0,0.0,96.0,0.0,0.0
5adce3265542992c1e3a2466,ace_submod_96,ace,submod,0.0,0.0,0.0,0.0,0.7283,0.5,92.0,0.5,0.0
5a8adc935542992d82986fb0,ace_submod_96,ace,submod,0.0,0.0,1.0,1.0,0.5699,1.0,93.0,1.0,1.0
5a73bddb55429978a71e909d,ace_submod_96,ace,submod,1.0,1.0,1.0,1.0,0.3538,0.5,65.0,0.5,0.0
5ae5736e5542990ba0bbb2b3,ace_submod_96,ace,submod,1.0,1.0,1.0,1.0,0.5319,1.0,94.0,1.0,1.0
5a8d4cf35542994ba4e3dc5f,ace_submod_96,ace,submod,0.0,0.0,0.0,0.0,0.3936,0.5,94.0,0.5,0.0
5a9023d355429916514e742f,ace_submod_96,ace,submod,0.0,0.0,0.0,0.0,0.3333,0.5,87.0,0.5,0.0
5adfad2b554299603e41835c,ace_submod_96,ace,submod,1.0,1.0,1.0,1.0,0.7536,1.0,69.0,1.0,1.0
5a8cddd1554299441c6b9f3a,ace_submod_96,ace,submod,0.0,0.3333,0.0,0.5,0.0,0.0,85.0,1.0,1.0
5a79f6825542996c55b2dcb4,ace_submod_96,ace,submod,0.0,0.0,1.0,1.0,0.4286,0.5,77.0,1.0,1.0
5a8900c75542997e5c09a6ed,ace_submod_96,ace,submod,1.0,1.0,1.0,1.0,0.4107,0.5,56.0,1.0,1.0
5ab27f7b554299722f9b4d4f,ace_submod_96,ace,submod,0.0,0.0,0.0,0.0,0.0,0.0,84.0,0.5,0.0
5ac257fe55429951e9e68562,ace_submod_96,ace,submod,0.0,0.4,1.0,1.0,0.2472,0.5,89.0,1.0,1.0
5ab94cf0554299743d22eade,ace_submod_96,ace,submod,0.0,0.0,0.0,0.0,0.5797,0.5,69.0,1.0,1.0
5ac017945542997d642959bc,ace_submod_96,ace,submod,0.0,0.0,0.0,0.0,0.4316,0.5,95.0,0.5,0.0
5ac19d4c55429963665198bb,ace_submod_96,ace,submod,1.0,1.0,1.0,1.0,0.0,0.0,62.0,0.5,0.0
5abbd2575542993f40c73bbd,ace_submod_96,ace,submod,0.0,0.5,0.0,0.0,0.5269,0.5,93.0,0.5,0.0
5a888b8e5542997e5c09a60a,ace_submod_96,ace,submod,0.0,0.0,1.0,1.0,0.7789,1.0,95.0,1.0,1.0
5a712e895542994082a3e636,ace_submod_96,ace,submod,0.0,0.0,0.0,0.3333,0.6702,0.5,94.0,1.0,1.0
5a85ecf25542991dd0999ec6,ace_submod_96,ace,submod,1.0,1.0,1.0,1.0,0.3295,0.5,88.0,0.5,0.0
5adfe6c455429906c02daa85,ace_submod_96,ace,submod,0.0,0.0,0.0,0.0,0.0,0.0,71.0,0.5,0.0
5ac448185542995c82c4ad1b,ace_submod_96,ace,submod,0.0,0.0,0.0,1.0,0.6882,0.5,93.0,0.5,0.0
5ae1faf15542997f29b3c1e3,ace_submod_96,ace,submod,1.0,1.0,1.0,1.0,0.6818,1.0,88.0,1.0,1.0
5ab7af9d5542993667793fe9,ace_submod_96,ace,submod,0.0,0.0,0.0,0.0,0.4932,0.5,73.0,0.5,0.0
5ae1e9635542997f29b3c19e,ace_submod_96,ace,submod,1.0,1.0,1.0,1.0,0.1765,0.5,85.0,1.0,1.0
5ade28cf5542997c77aded85,ace_submod_96,ace,submod,1.0,1.0,1.0,1.0,0.3636,0.5,88.0,1.0,1.0
5a7b116a554299042af8f6c4,ace_submod_96,ace,submod,0.0,0.0,0.0,0.0,0.5088,0.5,57.0,0.5,0.0
5a72f1cf5542994cef4bc414,ace_submod_96,ace,submod,1.0,1.0,1.0,1.0,0.6848,0.5,92.0,0.5,0.0
5ab7b3cc55429928e1fe3893,ace_submod_96,ace,submod,0.0,0.0,0.0,0.0,0.7356,1.0,87.0,1.0,1.0
5ae32b6755429928c4239644,ace_submod_96,ace,submod,0.0,0.0,0.0,0.0,0.6292,1.0,89.0,1.0,1.0
5ab3c53955429969a97a81b9,ace_submod_96,ace,submod,0.0,0.0,0.0,0.0,0.0,0.0,89.0,0.5,0.0
5a8b349a55429971feec466b,ace_submod_96,ace,submod,1.0,1.0,0.0,0.0,0.7805,1.0,82.0,1.0,1.0
5ac2db67554299657fa290a6,ace_submod_96,ace,submod,0.0,0.0,1.0,1.0,1.0,1.0,88.0,1.0,1.0
5ab5ec2a5542992aa134a3e3,ace_submod_96,ace,submod,0.0,0.0,1.0,1.0,0.6,0.5,75.0,1.0,1.0
5ab661ac5542995eadeeffb1,ace_submod_96,ace,submod,0.0,0.5,0.0,0.3333,0.6484,0.5,91.0,0.5,0.0
5abee69c5542993fe9a41d8b,ace_submod_96,ace,submod,0.0,0.0,0.0,0.6,0.6076,0.5,79.0,1.0,1.0
5ac0aab35542992a796ded5c,ace_submod_96,ace,submod,1.0,1.0,1.0,1.0,1.0,1.0,71.0,1.0,1.0
5a84c4b05542991dd0999deb,ace_submod_96,ace,submod,1.0,1.0,0.0,0.0,0.4938,0.5,81.0,1.0,1.0
5abd6be55542993062266c89,ace_submod_96,ace,submod,0.0,0.0,0.0,0.25,0.2386,0.5,88.0,1.0,1.0
5a8a19c45542992e4fca8501,ace_submod_96,ace,submod,0.0,0.0,0.0,0.0,0.5854,1.0,82.0,1.0,1.0
5abcef9e55429959677d6b52,ace_submod_96,ace,submod,0.0,0.75,1.0,1.0,1.0,1.0,92.0,1.0,1.0
5a81c7d15542990a1d231ea9,ace_submod_96,ace,submod,0.0,0.0,0.0,0.75,0.4,0.5,85.0,0.5,0.0
5adccaca5542994d58a2f6d5,ace_submod_96,ace,submod,1.0,1.0,1.0,1.0,0.2989,0.5,87.0,0.5,0.0
5a84f5865542991dd0999e30,ace_submod_96,ace,submod,0.0,0.5,0.0,0.0,0.3523,0.5,88.0,0.5,0.0
5a7633ff5542994ccc918712,ace_submod_96,ace,submod,1.0,1.0,1.0,1.0,1.0,1.0,61.0,1.0,1.0
5a8d7f2b554299068b959d0c,ace_submod_96,ace,submod,1.0,1.0,1.0,1.0,0.7204,0.5,93.0,1.0,1.0
5ac3def75542997ea680c95f,ace_submod_96,ace,submod,0.0,0.0,0.0,0.0,0.0,0.0,95.0,1.0,1.0
5ae6316d5542996de7b71b87,ace_submod_96,ace,submod,0.0,0.4,0.0,0.25,0.5275,0.5,91.0,0.5,0.0
5ab5eed65542997d4ad1f25c,ace_submod_96,ace,submod,1.0,1.0,1.0,1.0,0.3784,1.0,74.0,1.0,1.0
5ab29c24554299449642c932,ace_submod_96,ace,submod,1.0,1.0,0.0,0.0,0.6588,1.0,85.0,1.0,1.0
5ab809195542991d3222380f,ace_submod_96,ace,submod,1.0,1.0,1.0,1.0,0.6988,1.0,83.0,1.0,1.0
5a834ed95542990548d0b1ca,ace_submod_96,ace,submod,0.0,0.0,0.0,0.3333,0.0,0.0,70.0,1.0,1.0
5ade9545554299728e26c740,ace_submod_96,ace,submod,0.0,0.5,1.0,1.0,0.622,0.5,82.0,0.5,0.0
5a8b97485542995d1e6f140f,ace_submod_96,ace,submod,0.0,0.0,1.0,1.0,0.1222,0.5,90.0,1.0,1.0
5ac056385542997d64295a08,ace_submod_96,ace,submod,0.0,0.0,0.0,0.0,0.6744,1.0,86.0,1.0,1.0
5abd96fe5542992ac4f382d9,ace_submod_96,ace,submod,0.0,0.0,1.0,1.0,0.6479,1.0,71.0,1.0,1.0
