=== control/main.py: HotpotQA Qwen3B limit1000 scaling run ===
Copied extracted project /kaggle/input/datasets/anantonayan/dataset12 to /kaggle/working/ace_rag_research_v12_routerfix
$ /usr/bin/python3 -m pip install -q -r requirements-cloud.txt
[start] stage3_hotpotqa_seed42_routerfix_limit1000_qwen3b
$ /usr/bin/python3 -m experiments.run_stage3_router --dataset hotpotqa --split validation --seed 42 --limit 1000 --embed-device cuda --compressor truncate --compress-dims 320 --top-k-nodes 48 --max-expanded-docs 5 --ace-retriever standard --reader-model Qwen/Qwen2.5-3B-Instruct --reader-device cuda --reader-batch-size 2 --out-dir /kaggle/working/colab_results/stage3_hotpotqa_seed42_routerfix_limit1000_qwen3b
hotpotqa[hf:validation:1000]: 9803 docs, 1000 questions, 2.00 gold docs/question
[stage3] retrieving chunk baseline
2026-06-27 12:37:21.988772: E external/local_xla/xla/stream_executor/cuda/cuda_fft.cc:467] Unable to register cuFFT factory: Attempting to register factory for plugin cuFFT when one has already been registered
WARNING: All log messages before absl::InitializeLog() is called are written to STDERR
E0000 00:00:1782563842.012469    1211 cuda_dnn.cc:8579] Unable to register cuDNN factory: Attempting to register factory for plugin cuDNN when one has already been registered
E0000 00:00:1782563842.020210    1211 cuda_blas.cc:1407] Unable to register cuBLAS factory: Attempting to register factory for plugin cuBLAS when one has already been registered
W0000 00:00:1782563842.040261    1211 computation_placer.cc:177] computation placer already registered. Please check linkage and avoid linking the same target more than once.
W0000 00:00:1782563842.040288    1211 computation_placer.cc:177] computation placer already registered. Please check linkage and avoid linking the same target more than once.
W0000 00:00:1782563842.040290    1211 computation_placer.cc:177] computation placer already registered. Please check linkage and avoid linking the same target more than once.
W0000 00:00:1782563842.040293    1211 computation_placer.cc:177] computation placer already registered. Please check linkage and avoid linking the same target more than once.
[chunk] fitting/indexing
[embed] encoding 9803 texts on device=cuda:0

Batches:   0%|          | 0/154 [00:00<?, ?it/s]
Batches:   1%|          | 1/154 [00:00<02:18,  1.10it/s]
Batches:   1%|▏         | 2/154 [00:01<01:45,  1.44it/s]
Batches:   2%|▏         | 3/154 [00:01<01:25,  1.78it/s]
Batches:   3%|▎         | 4/154 [00:02<01:12,  2.07it/s]
Batches:   3%|▎         | 5/154 [00:02<01:05,  2.28it/s]
Batches:   4%|▍         | 6/154 [00:02<00:58,  2.51it/s]
Batches:   5%|▍         | 7/154 [00:03<00:53,  2.74it/s]
Batches:   5%|▌         | 8/154 [00:03<00:55,  2.63it/s]
Batches:   6%|▌         | 9/154 [00:03<00:51,  2.80it/s]
Batches:   6%|▋         | 10/154 [00:04<00:49,  2.93it/s]
Batches:   7%|▋         | 11/154 [00:04<00:47,  3.03it/s]
Batches:   8%|▊         | 12/154 [00:04<00:43,  3.26it/s]
Batches:   8%|▊         | 13/154 [00:05<00:43,  3.27it/s]
Batches:   9%|▉         | 14/154 [00:05<00:41,  3.37it/s]
Batches:  10%|▉         | 15/154 [00:05<00:41,  3.33it/s]
Batches:  10%|█         | 16/154 [00:05<00:40,  3.39it/s]
Batches:  11%|█         | 17/154 [00:06<00:39,  3.43it/s]
Batches:  12%|█▏        | 18/154 [00:06<00:39,  3.47it/s]
Batches:  12%|█▏        | 19/154 [00:06<00:37,  3.60it/s]
Batches:  13%|█▎        | 20/154 [00:07<00:35,  3.76it/s]
Batches:  14%|█▎        | 21/154 [00:07<00:34,  3.91it/s]
Batches:  14%|█▍        | 22/154 [00:07<00:33,  3.92it/s]
Batches:  15%|█▍        | 23/154 [00:07<00:33,  3.94it/s]
Batches:  16%|█▌        | 24/154 [00:07<00:31,  4.10it/s]
Batches:  16%|█▌        | 25/154 [00:08<00:33,  3.88it/s]
Batches:  17%|█▋        | 26/154 [00:08<00:31,  4.06it/s]
Batches:  18%|█▊        | 27/154 [00:08<00:30,  4.23it/s]
Batches:  18%|█▊        | 28/154 [00:08<00:31,  4.01it/s]
Batches:  19%|█▉        | 29/154 [00:09<00:30,  4.10it/s]
Batches:  19%|█▉        | 30/154 [00:09<00:29,  4.22it/s]
Batches:  20%|██        | 31/154 [00:09<00:27,  4.40it/s]
Batches:  21%|██        | 32/154 [00:09<00:27,  4.48it/s]
Batches:  21%|██▏       | 33/154 [00:10<00:26,  4.56it/s]
Batches:  22%|██▏       | 34/154 [00:10<00:26,  4.59it/s]
Batches:  23%|██▎       | 35/154 [00:10<00:26,  4.55it/s]
Batches:  23%|██▎       | 36/154 [00:10<00:25,  4.61it/s]
Batches:  24%|██▍       | 37/154 [00:10<00:24,  4.84it/s]
Batches:  25%|██▍       | 38/154 [00:11<00:23,  5.04it/s]
Batches:  25%|██▌       | 39/154 [00:11<00:22,  5.22it/s]
Batches:  26%|██▌       | 40/154 [00:11<00:21,  5.28it/s]
Batches:  27%|██▋       | 41/154 [00:11<00:22,  5.11it/s]
Batches:  27%|██▋       | 42/154 [00:11<00:21,  5.27it/s]
Batches:  28%|██▊       | 43/154 [00:12<00:21,  5.17it/s]
Batches:  29%|██▊       | 44/154 [00:12<00:21,  5.23it/s]
Batches:  29%|██▉       | 45/154 [00:12<00:20,  5.34it/s]
Batches:  30%|██▉       | 46/154 [00:12<00:20,  5.21it/s]
Batches:  31%|███       | 47/154 [00:12<00:19,  5.39it/s]
Batches:  31%|███       | 48/154 [00:12<00:19,  5.56it/s]
Batches:  32%|███▏      | 49/154 [00:13<00:18,  5.63it/s]
Batches:  32%|███▏      | 50/154 [00:13<00:18,  5.54it/s]
Batches:  33%|███▎      | 51/154 [00:13<00:18,  5.54it/s]
Batches:  34%|███▍      | 52/154 [00:13<00:18,  5.64it/s]
Batches:  34%|███▍      | 53/154 [00:13<00:17,  5.74it/s]
Batches:  35%|███▌      | 54/154 [00:13<00:17,  5.74it/s]
Batches:  36%|███▌      | 55/154 [00:14<00:17,  5.73it/s]
Batches:  36%|███▋      | 56/154 [00:14<00:17,  5.71it/s]
Batches:  37%|███▋      | 57/154 [00:14<00:16,  5.71it/s]
Batches:  38%|███▊      | 58/154 [00:14<00:16,  5.79it/s]
Batches:  38%|███▊      | 59/154 [00:14<00:16,  5.72it/s]
Batches:  39%|███▉      | 60/154 [00:14<00:16,  5.84it/s]
Batches:  40%|███▉      | 61/154 [00:15<00:16,  5.80it/s]
Batches:  40%|████      | 62/154 [00:15<00:15,  5.84it/s]
Batches:  41%|████      | 63/154 [00:15<00:15,  6.04it/s]
Batches:  42%|████▏     | 64/154 [00:15<00:15,  5.96it/s]
Batches:  42%|████▏     | 65/154 [00:15<00:14,  6.15it/s]
Batches:  43%|████▎     | 66/154 [00:15<00:14,  6.11it/s]
Batches:  44%|████▎     | 67/154 [00:16<00:14,  5.97it/s]
Batches:  44%|████▍     | 68/154 [00:16<00:13,  6.40it/s]
Batches:  45%|████▍     | 69/154 [00:16<00:12,  6.59it/s]
Batches:  45%|████▌     | 70/154 [00:16<00:12,  6.56it/s]
Batches:  46%|████▌     | 71/154 [00:16<00:12,  6.67it/s]
Batches:  47%|████▋     | 72/154 [00:16<00:12,  6.66it/s]
Batches:  47%|████▋     | 73/154 [00:17<00:12,  6.70it/s]
Batches:  48%|████▊     | 74/154 [00:17<00:12,  6.38it/s]
Batches:  49%|████▊     | 75/154 [00:17<00:12,  6.55it/s]
Batches:  49%|████▉     | 76/154 [00:17<00:11,  6.56it/s]
Batches:  50%|█████     | 77/154 [00:17<00:11,  6.83it/s]
Batches:  51%|█████     | 78/154 [00:17<00:11,  6.89it/s]
Batches:  51%|█████▏    | 79/154 [00:17<00:10,  6.97it/s]
Batches:  52%|█████▏    | 80/154 [00:18<00:10,  7.16it/s]
Batches:  53%|█████▎    | 81/154 [00:18<00:10,  6.97it/s]
Batches:  53%|█████▎    | 82/154 [00:18<00:10,  7.15it/s]
Batches:  54%|█████▍    | 83/154 [00:18<00:09,  7.48it/s]
Batches:  55%|█████▍    | 84/154 [00:18<00:09,  7.17it/s]
Batches:  55%|█████▌    | 85/154 [00:18<00:09,  7.17it/s]
Batches:  56%|█████▌    | 86/154 [00:18<00:09,  7.48it/s]
Batches:  56%|█████▋    | 87/154 [00:18<00:08,  7.71it/s]
Batches:  57%|█████▋    | 88/154 [00:19<00:08,  7.37it/s]
Batches:  58%|█████▊    | 89/154 [00:19<00:08,  7.46it/s]
Batches:  58%|█████▊    | 90/154 [00:19<00:08,  7.44it/s]
Batches:  59%|█████▉    | 91/154 [00:19<00:08,  7.54it/s]
Batches:  60%|█████▉    | 92/154 [00:19<00:07,  7.95it/s]
Batches:  60%|██████    | 93/154 [00:19<00:07,  7.72it/s]
Batches:  61%|██████    | 94/154 [00:19<00:07,  7.71it/s]
Batches:  62%|██████▏   | 95/154 [00:20<00:07,  7.74it/s]
Batches:  62%|██████▏   | 96/154 [00:20<00:07,  7.98it/s]
Batches:  63%|██████▎   | 97/154 [00:20<00:06,  8.26it/s]
Batches:  64%|██████▎   | 98/154 [00:20<00:06,  8.46it/s]
Batches:  64%|██████▍   | 99/154 [00:20<00:06,  8.69it/s]
Batches:  65%|██████▍   | 100/154 [00:20<00:06,  8.86it/s]
Batches:  66%|██████▌   | 101/154 [00:20<00:05,  9.01it/s]
Batches:  66%|██████▌   | 102/154 [00:20<00:05,  9.20it/s]
Batches:  67%|██████▋   | 103/154 [00:20<00:05,  9.16it/s]
Batches:  68%|██████▊   | 104/154 [00:21<00:05,  9.08it/s]
Batches:  68%|██████▊   | 105/154 [00:21<00:05,  9.08it/s]
Batches:  69%|██████▉   | 106/154 [00:21<00:05,  9.17it/s]
Batches:  69%|██████▉   | 107/154 [00:21<00:05,  9.14it/s]
Batches:  71%|███████   | 109/154 [00:21<00:04,  9.61it/s]
Batches:  71%|███████▏  | 110/154 [00:21<00:04,  9.62it/s]
Batches:  73%|███████▎  | 112/154 [00:21<00:04,  9.83it/s]
Batches:  74%|███████▍  | 114/154 [00:22<00:04,  9.57it/s]
Batches:  75%|███████▌  | 116/154 [00:22<00:03,  9.78it/s]
Batches:  77%|███████▋  | 118/154 [00:22<00:03,  9.94it/s]
Batches:  77%|███████▋  | 119/154 [00:22<00:03,  9.85it/s]
Batches:  79%|███████▊  | 121/154 [00:22<00:03, 10.41it/s]
Batches:  80%|███████▉  | 123/154 [00:22<00:02, 10.57it/s]
Batches:  81%|████████  | 125/154 [00:23<00:02, 10.74it/s]
Batches:  82%|████████▏ | 127/154 [00:23<00:02, 10.83it/s]
Batches:  84%|████████▍ | 129/154 [00:23<00:02, 11.25it/s]
Batches:  85%|████████▌ | 131/154 [00:23<00:01, 11.50it/s]
Batches:  86%|████████▋ | 133/154 [00:23<00:01, 12.04it/s]
Batches:  88%|████████▊ | 135/154 [00:23<00:01, 12.33it/s]
Batches:  89%|████████▉ | 137/154 [00:24<00:01, 12.80it/s]
Batches:  90%|█████████ | 139/154 [00:24<00:01, 12.84it/s]
Batches:  92%|█████████▏| 141/154 [00:24<00:00, 13.69it/s]
Batches:  93%|█████████▎| 143/154 [00:24<00:00, 14.30it/s]
Batches:  94%|█████████▍| 145/154 [00:24<00:00, 15.16it/s]
Batches:  95%|█████████▌| 147/154 [00:24<00:00, 16.07it/s]
Batches:  97%|█████████▋| 150/154 [00:24<00:00, 17.93it/s]
Batches:  99%|█████████▉| 153/154 [00:24<00:00, 20.31it/s]
Batches: 100%|██████████| 154/154 [00:24<00:00,  6.18it/s]
[chunk] retrieving
[embed] encoding 1000 texts on device=cuda:0

Batches:   0%|          | 0/16 [00:00<?, ?it/s]
Batches:  19%|█▉        | 3/16 [00:00<00:00, 24.50it/s]
Batches:  44%|████▍     | 7/16 [00:00<00:00, 29.21it/s]
Batches:  69%|██████▉   | 11/16 [00:00<00:00, 32.04it/s]
Batches: 100%|██████████| 16/16 [00:00<00:00, 38.14it/s]
Batches: 100%|██████████| 16/16 [00:00<00:00, 34.78it/s]
[stage3] retrieving BM25 baseline
[bm25] fitting/indexing
[bm25] retrieving
[stage3] retrieving hybrid baseline
[hybrid] fitting/indexing
[embed] encoding 9803 texts on device=cuda:0

Batches:   0%|          | 0/154 [00:00<?, ?it/s]
Batches:   1%|          | 1/154 [00:00<01:53,  1.35it/s]
Batches:   1%|▏         | 2/154 [00:01<01:38,  1.55it/s]
Batches:   2%|▏         | 3/154 [00:01<01:23,  1.81it/s]
Batches:   3%|▎         | 4/154 [00:02<01:12,  2.06it/s]
Batches:   3%|▎         | 5/154 [00:02<01:06,  2.24it/s]
Batches:   4%|▍         | 6/154 [00:02<01:00,  2.44it/s]
Batches:   5%|▍         | 7/154 [00:03<00:55,  2.64it/s]
Batches:   5%|▌         | 8/154 [00:03<00:57,  2.52it/s]
Batches:   6%|▌         | 9/154 [00:03<00:53,  2.69it/s]
Batches:   6%|▋         | 10/154 [00:04<00:51,  2.81it/s]
Batches:   7%|▋         | 11/154 [00:04<00:49,  2.90it/s]
Batches:   8%|▊         | 12/154 [00:04<00:45,  3.13it/s]
Batches:   8%|▊         | 13/154 [00:05<00:45,  3.13it/s]
Batches:   9%|▉         | 14/154 [00:05<00:43,  3.21it/s]
Batches:  10%|▉         | 15/154 [00:05<00:43,  3.17it/s]
Batches:  10%|█         | 16/154 [00:06<00:43,  3.21it/s]
Batches:  11%|█         | 17/154 [00:06<00:41,  3.28it/s]
Batches:  12%|█▏        | 18/154 [00:06<00:40,  3.34it/s]
Batches:  12%|█▏        | 19/154 [00:06<00:39,  3.44it/s]
Batches:  13%|█▎        | 20/154 [00:07<00:37,  3.56it/s]
Batches:  14%|█▎        | 21/154 [00:07<00:35,  3.71it/s]
Batches:  14%|█▍        | 22/154 [00:07<00:35,  3.73it/s]
Batches:  15%|█▍        | 23/154 [00:07<00:35,  3.74it/s]
Batches:  16%|█▌        | 24/154 [00:08<00:33,  3.87it/s]
Batches:  16%|█▌        | 25/154 [00:08<00:35,  3.67it/s]
Batches:  17%|█▋        | 26/154 [00:08<00:33,  3.84it/s]
Batches:  18%|█▊        | 27/154 [00:08<00:31,  3.99it/s]
Batches:  18%|█▊        | 28/154 [00:09<00:33,  3.77it/s]
Batches:  19%|█▉        | 29/154 [00:09<00:32,  3.85it/s]
Batches:  19%|█▉        | 30/154 [00:09<00:31,  3.95it/s]
Batches:  20%|██        | 31/154 [00:09<00:29,  4.14it/s]
Batches:  21%|██        | 32/154 [00:10<00:28,  4.24it/s]
Batches:  21%|██▏       | 33/154 [00:10<00:28,  4.30it/s]
Batches:  22%|██▏       | 34/154 [00:10<00:27,  4.34it/s]
Batches:  23%|██▎       | 35/154 [00:10<00:27,  4.27it/s]
Batches:  23%|██▎       | 36/154 [00:11<00:27,  4.30it/s]
Batches:  24%|██▍       | 37/154 [00:11<00:25,  4.52it/s]
Batches:  25%|██▍       | 38/154 [00:11<00:24,  4.73it/s]
Batches:  25%|██▌       | 39/154 [00:11<00:23,  4.92it/s]
Batches:  26%|██▌       | 40/154 [00:11<00:23,  4.95it/s]
Batches:  27%|██▋       | 41/154 [00:12<00:23,  4.80it/s]
Batches:  27%|██▋       | 42/154 [00:12<00:22,  4.93it/s]
Batches:  28%|██▊       | 43/154 [00:12<00:22,  4.83it/s]
Batches:  29%|██▊       | 44/154 [00:12<00:22,  4.88it/s]
Batches:  29%|██▉       | 45/154 [00:12<00:21,  5.02it/s]
Batches:  30%|██▉       | 46/154 [00:13<00:22,  4.87it/s]
Batches:  31%|███       | 47/154 [00:13<00:21,  5.05it/s]
Batches:  31%|███       | 48/154 [00:13<00:20,  5.21it/s]
Batches:  32%|███▏      | 49/154 [00:13<00:19,  5.38it/s]
Batches:  32%|███▏      | 50/154 [00:13<00:19,  5.28it/s]
Batches:  33%|███▎      | 51/154 [00:14<00:19,  5.27it/s]
Batches:  34%|███▍      | 52/154 [00:14<00:19,  5.37it/s]
Batches:  34%|███▍      | 53/154 [00:14<00:18,  5.43it/s]
Batches:  35%|███▌      | 54/154 [00:14<00:18,  5.41it/s]
Batches:  36%|███▌      | 55/154 [00:14<00:18,  5.43it/s]
Batches:  36%|███▋      | 56/154 [00:14<00:18,  5.41it/s]
Batches:  37%|███▋      | 57/154 [00:15<00:17,  5.41it/s]
Batches:  38%|███▊      | 58/154 [00:15<00:17,  5.48it/s]
Batches:  38%|███▊      | 59/154 [00:15<00:17,  5.39it/s]
Batches:  39%|███▉      | 60/154 [00:15<00:17,  5.52it/s]
Batches:  40%|███▉      | 61/154 [00:15<00:17,  5.46it/s]
Batches:  40%|████      | 62/154 [00:16<00:16,  5.51it/s]
Batches:  41%|████      | 63/154 [00:16<00:15,  5.69it/s]
Batches:  42%|████▏     | 64/154 [00:16<00:15,  5.63it/s]
Batches:  42%|████▏     | 65/154 [00:16<00:15,  5.82it/s]
Batches:  43%|████▎     | 66/154 [00:16<00:15,  5.82it/s]
Batches:  44%|████▎     | 67/154 [00:16<00:15,  5.68it/s]
Batches:  44%|████▍     | 68/154 [00:17<00:14,  6.06it/s]
Batches:  45%|████▍     | 69/154 [00:17<00:13,  6.25it/s]
Batches:  45%|████▌     | 70/154 [00:17<00:13,  6.23it/s]
Batches:  46%|████▌     | 71/154 [00:17<00:13,  6.31it/s]
Batches:  47%|████▋     | 72/154 [00:17<00:13,  6.27it/s]
Batches:  47%|████▋     | 73/154 [00:17<00:12,  6.29it/s]
Batches:  48%|████▊     | 74/154 [00:17<00:13,  5.98it/s]
Batches:  49%|████▊     | 75/154 [00:18<00:12,  6.16it/s]
Batches:  49%|████▉     | 76/154 [00:18<00:12,  6.15it/s]
Batches:  50%|█████     | 77/154 [00:18<00:12,  6.40it/s]
Batches:  51%|█████     | 78/154 [00:18<00:11,  6.43it/s]
Batches:  51%|█████▏    | 79/154 [00:18<00:11,  6.53it/s]
Batches:  52%|█████▏    | 80/154 [00:18<00:10,  6.73it/s]
Batches:  53%|█████▎    | 81/154 [00:19<00:11,  6.57it/s]
Batches:  53%|█████▎    | 82/154 [00:19<00:10,  6.79it/s]
Batches:  54%|█████▍    | 83/154 [00:19<00:10,  7.10it/s]
Batches:  55%|█████▍    | 84/154 [00:19<00:10,  6.77it/s]
Batches:  55%|█████▌    | 85/154 [00:19<00:10,  6.73it/s]
Batches:  56%|█████▌    | 86/154 [00:19<00:09,  7.03it/s]
Batches:  56%|█████▋    | 87/154 [00:19<00:09,  7.27it/s]
Batches:  57%|█████▋    | 88/154 [00:20<00:09,  6.94it/s]
Batches:  58%|█████▊    | 89/154 [00:20<00:09,  7.06it/s]
Batches:  58%|█████▊    | 90/154 [00:20<00:09,  6.98it/s]
Batches:  59%|█████▉    | 91/154 [00:20<00:08,  7.07it/s]
Batches:  60%|█████▉    | 92/154 [00:20<00:08,  7.45it/s]
Batches:  60%|██████    | 93/154 [00:20<00:08,  7.20it/s]
Batches:  61%|██████    | 94/154 [00:20<00:08,  7.22it/s]
Batches:  62%|██████▏   | 95/154 [00:20<00:08,  7.26it/s]
Batches:  62%|██████▏   | 96/154 [00:21<00:07,  7.45it/s]
Batches:  63%|██████▎   | 97/154 [00:21<00:07,  7.73it/s]
Batches:  64%|██████▎   | 98/154 [00:21<00:07,  7.94it/s]
Batches:  64%|██████▍   | 99/154 [00:21<00:06,  8.17it/s]
Batches:  65%|██████▍   | 100/154 [00:21<00:06,  8.32it/s]
Batches:  66%|██████▌   | 101/154 [00:21<00:06,  8.44it/s]
Batches:  66%|██████▌   | 102/154 [00:21<00:06,  8.57it/s]
Batches:  67%|██████▋   | 103/154 [00:21<00:06,  8.50it/s]
Batches:  68%|██████▊   | 104/154 [00:22<00:05,  8.46it/s]
Batches:  68%|██████▊   | 105/154 [00:22<00:05,  8.49it/s]
Batches:  69%|██████▉   | 106/154 [00:22<00:05,  8.62it/s]
Batches:  69%|██████▉   | 107/154 [00:22<00:05,  8.54it/s]
Batches:  70%|███████   | 108/154 [00:22<00:05,  8.75it/s]
Batches:  71%|███████   | 109/154 [00:22<00:05,  8.93it/s]
Batches:  71%|███████▏  | 110/154 [00:22<00:04,  8.94it/s]
Batches:  72%|███████▏  | 111/154 [00:22<00:04,  9.12it/s]
Batches:  73%|███████▎  | 112/154 [00:22<00:04,  9.23it/s]
Batches:  73%|███████▎  | 113/154 [00:23<00:04,  9.31it/s]
Batches:  74%|███████▍  | 114/154 [00:23<00:04,  8.91it/s]
Batches:  75%|███████▌  | 116/154 [00:23<00:04,  9.23it/s]
Batches:  76%|███████▌  | 117/154 [00:23<00:03,  9.29it/s]
Batches:  77%|███████▋  | 118/154 [00:23<00:03,  9.32it/s]
Batches:  77%|███████▋  | 119/154 [00:23<00:03,  9.21it/s]
Batches:  79%|███████▊  | 121/154 [00:23<00:03,  9.87it/s]
Batches:  79%|███████▉  | 122/154 [00:23<00:03,  9.81it/s]
Batches:  81%|████████  | 124/154 [00:24<00:02, 10.18it/s]
Batches:  82%|████████▏ | 126/154 [00:24<00:02, 10.25it/s]
Batches:  83%|████████▎ | 128/154 [00:24<00:02, 10.35it/s]
Batches:  84%|████████▍ | 130/154 [00:24<00:02, 10.81it/s]
Batches:  86%|████████▌ | 132/154 [00:24<00:01, 11.18it/s]
Batches:  87%|████████▋ | 134/154 [00:25<00:01, 11.73it/s]
Batches:  88%|████████▊ | 136/154 [00:25<00:01, 11.84it/s]
Batches:  90%|████████▉ | 138/154 [00:25<00:01, 11.88it/s]
Batches:  91%|█████████ | 140/154 [00:25<00:01, 12.79it/s]
Batches:  92%|█████████▏| 142/154 [00:25<00:00, 13.14it/s]
Batches:  94%|█████████▎| 144/154 [00:25<00:00, 13.95it/s]
Batches:  95%|█████████▍| 146/154 [00:25<00:00, 14.40it/s]
Batches:  97%|█████████▋| 149/154 [00:26<00:00, 16.18it/s]
Batches:  99%|█████████▊| 152/154 [00:26<00:00, 18.00it/s]
Batches: 100%|██████████| 154/154 [00:26<00:00,  5.87it/s]
[hybrid] retrieving
[embed] encoding 1000 texts on device=cuda:0

Batches:   0%|          | 0/16 [00:00<?, ?it/s]
Batches:  19%|█▉        | 3/16 [00:00<00:00, 23.05it/s]
Batches:  44%|████▍     | 7/16 [00:00<00:00, 27.49it/s]
Batches:  69%|██████▉   | 11/16 [00:00<00:00, 30.57it/s]
Batches: 100%|██████████| 16/16 [00:00<00:00, 36.41it/s]
Batches: 100%|██████████| 16/16 [00:00<00:00, 33.10it/s]
[stage3] retrieving ACE graph
[ace] building evidence graph
[ace] graph built: nodes=94798 edges=152669
[ace] fitting/indexing embeddings
[embed] encoding 84995 texts on device=cuda:0

Batches:   0%|          | 0/1329 [00:00<?, ?it/s]
Batches:   0%|          | 1/1329 [00:00<11:14,  1.97it/s]
Batches:   0%|          | 2/1329 [00:00<07:36,  2.91it/s]
Batches:   0%|          | 3/1329 [00:00<05:49,  3.80it/s]
Batches:   0%|          | 4/1329 [00:01<04:57,  4.46it/s]
Batches:   0%|          | 5/1329 [00:01<04:08,  5.32it/s]
Batches:   0%|          | 6/1329 [00:01<03:37,  6.09it/s]
Batches:   1%|          | 7/1329 [00:01<03:12,  6.87it/s]
Batches:   1%|          | 8/1329 [00:01<03:06,  7.10it/s]
Batches:   1%|          | 9/1329 [00:01<02:52,  7.63it/s]
Batches:   1%|          | 10/1329 [00:01<02:43,  8.06it/s]
Batches:   1%|          | 11/1329 [00:01<02:36,  8.43it/s]
Batches:   1%|          | 12/1329 [00:01<02:32,  8.65it/s]
Batches:   1%|          | 13/1329 [00:02<02:27,  8.93it/s]
Batches:   1%|          | 14/1329 [00:02<02:23,  9.15it/s]
Batches:   1%|          | 15/1329 [00:02<02:21,  9.31it/s]
Batches:   1%|          | 16/1329 [00:02<02:21,  9.28it/s]
Batches:   1%|▏         | 17/1329 [00:02<02:21,  9.27it/s]
Batches:   1%|▏         | 19/1329 [00:02<02:13,  9.84it/s]
Batches:   2%|▏         | 20/1329 [00:02<02:18,  9.42it/s]
Batches:   2%|▏         | 21/1329 [00:02<02:17,  9.54it/s]
Batches:   2%|▏         | 23/1329 [00:03<02:18,  9.45it/s]
Batches:   2%|▏         | 25/1329 [00:03<02:12,  9.84it/s]
Batches:   2%|▏         | 27/1329 [00:03<02:15,  9.63it/s]
Batches:   2%|▏         | 28/1329 [00:03<02:17,  9.46it/s]
Batches:   2%|▏         | 29/1329 [00:03<02:17,  9.44it/s]
Batches:   2%|▏         | 31/1329 [00:03<02:08, 10.08it/s]
Batches:   2%|▏         | 33/1329 [00:04<02:00, 10.72it/s]
Batches:   3%|▎         | 35/1329 [00:04<01:56, 11.10it/s]
Batches:   3%|▎         | 37/1329 [00:04<01:57, 11.01it/s]
Batches:   3%|▎         | 39/1329 [00:04<01:55, 11.21it/s]
Batches:   3%|▎         | 41/1329 [00:04<01:49, 11.81it/s]
Batches:   3%|▎         | 43/1329 [00:04<01:50, 11.60it/s]
Batches:   3%|▎         | 45/1329 [00:05<01:49, 11.75it/s]
Batches:   4%|▎         | 47/1329 [00:05<01:48, 11.87it/s]
Batches:   4%|▎         | 49/1329 [00:05<01:46, 12.04it/s]
Batches:   4%|▍         | 51/1329 [00:05<01:41, 12.54it/s]
Batches:   4%|▍         | 53/1329 [00:05<01:44, 12.26it/s]
Batches:   4%|▍         | 55/1329 [00:05<01:42, 12.44it/s]
Batches:   4%|▍         | 57/1329 [00:06<01:44, 12.12it/s]
Batches:   4%|▍         | 59/1329 [00:06<01:45, 12.07it/s]
Batches:   5%|▍         | 61/1329 [00:06<01:42, 12.39it/s]
Batches:   5%|▍         | 63/1329 [00:06<01:41, 12.51it/s]
Batches:   5%|▍         | 65/1329 [00:06<01:37, 12.95it/s]
Batches:   5%|▌         | 67/1329 [00:06<01:40, 12.51it/s]
Batches:   5%|▌         | 69/1329 [00:07<01:37, 12.96it/s]
Batches:   5%|▌         | 71/1329 [00:07<01:37, 12.94it/s]
Batches:   5%|▌         | 73/1329 [00:07<01:39, 12.63it/s]
Batches:   6%|▌         | 75/1329 [00:07<01:32, 13.51it/s]
Batches:   6%|▌         | 77/1329 [00:07<01:29, 13.95it/s]
Batches:   6%|▌         | 79/1329 [00:07<01:32, 13.56it/s]
Batches:   6%|▌         | 81/1329 [00:07<01:31, 13.63it/s]
Batches:   6%|▌         | 83/1329 [00:08<01:31, 13.58it/s]
Batches:   6%|▋         | 85/1329 [00:08<01:26, 14.32it/s]
Batches:   7%|▋         | 87/1329 [00:08<01:23, 14.93it/s]
Batches:   7%|▋         | 89/1329 [00:08<01:27, 14.18it/s]
Batches:   7%|▋         | 91/1329 [00:08<01:27, 14.18it/s]
Batches:   7%|▋         | 93/1329 [00:08<01:24, 14.71it/s]
Batches:   7%|▋         | 95/1329 [00:08<01:21, 15.16it/s]
Batches:   7%|▋         | 97/1329 [00:08<01:20, 15.35it/s]
Batches:   7%|▋         | 99/1329 [00:09<01:23, 14.72it/s]
Batches:   8%|▊         | 101/1329 [00:09<01:23, 14.79it/s]
Batches:   8%|▊         | 103/1329 [00:09<01:20, 15.25it/s]
Batches:   8%|▊         | 105/1329 [00:09<01:18, 15.56it/s]
Batches:   8%|▊         | 107/1329 [00:09<01:17, 15.82it/s]
Batches:   8%|▊         | 109/1329 [00:09<01:16, 15.97it/s]
Batches:   8%|▊         | 111/1329 [00:09<01:18, 15.53it/s]
Batches:   9%|▊         | 113/1329 [00:09<01:15, 16.13it/s]
Batches:   9%|▊         | 115/1329 [00:10<01:17, 15.59it/s]
Batches:   9%|▉         | 117/1329 [00:10<01:16, 15.84it/s]
Batches:   9%|▉         | 119/1329 [00:10<01:18, 15.44it/s]
Batches:   9%|▉         | 121/1329 [00:10<01:16, 15.83it/s]
Batches:   9%|▉         | 123/1329 [00:10<01:14, 16.22it/s]
Batches:   9%|▉         | 125/1329 [00:10<01:12, 16.54it/s]
Batches:  10%|▉         | 127/1329 [00:10<01:15, 15.82it/s]
Batches:  10%|▉         | 129/1329 [00:10<01:14, 16.08it/s]
Batches:  10%|▉         | 131/1329 [00:11<01:17, 15.50it/s]
Batches:  10%|█         | 133/1329 [00:11<01:15, 15.89it/s]
Batches:  10%|█         | 135/1329 [00:11<01:14, 16.01it/s]
Batches:  10%|█         | 137/1329 [00:11<01:16, 15.67it/s]
Batches:  10%|█         | 139/1329 [00:11<01:13, 16.16it/s]
Batches:  11%|█         | 141/1329 [00:11<01:10, 16.96it/s]
Batches:  11%|█         | 143/1329 [00:11<01:09, 17.16it/s]
Batches:  11%|█         | 145/1329 [00:11<01:10, 16.81it/s]
Batches:  11%|█         | 147/1329 [00:12<01:09, 17.09it/s]
Batches:  11%|█         | 149/1329 [00:12<01:08, 17.30it/s]
Batches:  11%|█▏        | 151/1329 [00:12<01:11, 16.45it/s]
Batches:  12%|█▏        | 153/1329 [00:12<01:14, 15.83it/s]
Batches:  12%|█▏        | 155/1329 [00:12<01:14, 15.65it/s]
Batches:  12%|█▏        | 157/1329 [00:12<01:17, 15.04it/s]
Batches:  12%|█▏        | 159/1329 [00:12<01:12, 16.19it/s]
Batches:  12%|█▏        | 161/1329 [00:12<01:08, 17.08it/s]
Batches:  12%|█▏        | 164/1329 [00:13<01:04, 18.00it/s]
Batches:  12%|█▏        | 166/1329 [00:13<01:04, 18.08it/s]
Batches:  13%|█▎        | 168/1329 [00:13<01:06, 17.51it/s]
Batches:  13%|█▎        | 170/1329 [00:13<01:04, 17.96it/s]
Batches:  13%|█▎        | 172/1329 [00:13<01:02, 18.49it/s]
Batches:  13%|█▎        | 175/1329 [00:13<01:00, 19.08it/s]
Batches:  13%|█▎        | 177/1329 [00:13<00:59, 19.24it/s]
Batches:  13%|█▎        | 179/1329 [00:13<01:01, 18.84it/s]
Batches:  14%|█▎        | 182/1329 [00:14<00:58, 19.50it/s]
Batches:  14%|█▍        | 184/1329 [00:14<01:00, 18.84it/s]
Batches:  14%|█▍        | 187/1329 [00:14<00:58, 19.60it/s]
Batches:  14%|█▍        | 189/1329 [00:14<01:00, 18.95it/s]
Batches:  14%|█▍        | 191/1329 [00:14<00:59, 19.06it/s]
Batches:  15%|█▍        | 194/1329 [00:14<00:57, 19.60it/s]
Batches:  15%|█▍        | 196/1329 [00:14<01:00, 18.60it/s]
Batches:  15%|█▍        | 198/1329 [00:14<01:00, 18.78it/s]
Batches:  15%|█▌        | 200/1329 [00:15<01:01, 18.45it/s]
Batches:  15%|█▌        | 203/1329 [00:15<00:58, 19.20it/s]
Batches:  15%|█▌        | 205/1329 [00:15<00:58, 19.34it/s]
Batches:  16%|█▌        | 207/1329 [00:15<00:57, 19.39it/s]
Batches:  16%|█▌        | 209/1329 [00:15<00:58, 19.21it/s]
Batches:  16%|█▌        | 211/1329 [00:15<00:57, 19.39it/s]
Batches:  16%|█▌        | 213/1329 [00:15<00:57, 19.51it/s]
Batches:  16%|█▌        | 215/1329 [00:15<00:59, 18.84it/s]
Batches:  16%|█▋        | 218/1329 [00:15<00:59, 18.73it/s]
Batches:  17%|█▋        | 220/1329 [00:16<00:58, 18.95it/s]
Batches:  17%|█▋        | 223/1329 [00:16<00:55, 19.79it/s]
Batches:  17%|█▋        | 226/1329 [00:16<00:55, 19.71it/s]
Batches:  17%|█▋        | 229/1329 [00:16<00:55, 19.87it/s]
Batches:  17%|█▋        | 232/1329 [00:16<00:55, 19.69it/s]
Batches:  18%|█▊        | 235/1329 [00:16<00:55, 19.89it/s]
Batches:  18%|█▊        | 238/1329 [00:16<00:54, 20.18it/s]
Batches:  18%|█▊        | 241/1329 [00:17<00:53, 20.50it/s]
Batches:  18%|█▊        | 244/1329 [00:17<00:55, 19.63it/s]
Batches:  19%|█▊        | 247/1329 [00:17<00:53, 20.07it/s]
Batches:  19%|█▉        | 250/1329 [00:17<00:52, 20.47it/s]
Batches:  19%|█▉        | 253/1329 [00:17<00:52, 20.39it/s]
Batches:  19%|█▉        | 256/1329 [00:17<00:52, 20.52it/s]
Batches:  19%|█▉        | 259/1329 [00:17<00:51, 20.87it/s]
Batches:  20%|█▉        | 262/1329 [00:18<00:51, 20.88it/s]
Batches:  20%|█▉        | 265/1329 [00:18<00:50, 20.91it/s]
Batches:  20%|██        | 268/1329 [00:18<00:51, 20.47it/s]
Batches:  20%|██        | 271/1329 [00:18<00:50, 20.87it/s]
Batches:  21%|██        | 274/1329 [00:18<00:49, 21.21it/s]
Batches:  21%|██        | 277/1329 [00:18<00:49, 21.07it/s]
Batches:  21%|██        | 280/1329 [00:18<00:48, 21.63it/s]
Batches:  21%|██▏       | 283/1329 [00:19<00:48, 21.35it/s]
Batches:  22%|██▏       | 286/1329 [00:19<00:50, 20.75it/s]
Batches:  22%|██▏       | 289/1329 [00:19<00:50, 20.48it/s]
Batches:  22%|██▏       | 292/1329 [00:19<00:49, 21.09it/s]
Batches:  22%|██▏       | 295/1329 [00:19<00:48, 21.45it/s]
Batches:  22%|██▏       | 298/1329 [00:19<00:47, 21.73it/s]
Batches:  23%|██▎       | 301/1329 [00:19<00:48, 21.25it/s]
Batches:  23%|██▎       | 304/1329 [00:20<00:46, 22.09it/s]
Batches:  23%|██▎       | 307/1329 [00:20<00:46, 22.02it/s]
Batches:  23%|██▎       | 310/1329 [00:20<00:45, 22.41it/s]
Batches:  24%|██▎       | 313/1329 [00:20<00:43, 23.17it/s]
Batches:  24%|██▍       | 316/1329 [00:20<00:44, 22.68it/s]
Batches:  24%|██▍       | 319/1329 [00:20<00:44, 22.90it/s]
Batches:  24%|██▍       | 322/1329 [00:20<00:44, 22.38it/s]
Batches:  24%|██▍       | 325/1329 [00:20<00:43, 23.25it/s]
Batches:  25%|██▍       | 328/1329 [00:21<00:42, 23.66it/s]
Batches:  25%|██▍       | 331/1329 [00:21<00:42, 23.55it/s]
Batches:  25%|██▌       | 334/1329 [00:21<00:41, 23.90it/s]
Batches:  25%|██▌       | 337/1329 [00:21<00:41, 23.62it/s]
Batches:  26%|██▌       | 340/1329 [00:21<00:42, 23.07it/s]
Batches:  26%|██▌       | 343/1329 [00:21<00:43, 22.78it/s]
Batches:  26%|██▌       | 346/1329 [00:21<00:41, 23.45it/s]
Batches:  26%|██▋       | 349/1329 [00:21<00:41, 23.88it/s]
Batches:  26%|██▋       | 352/1329 [00:22<00:40, 24.07it/s]
Batches:  27%|██▋       | 355/1329 [00:22<00:40, 24.14it/s]
Batches:  27%|██▋       | 358/1329 [00:22<00:39, 24.30it/s]
Batches:  27%|██▋       | 361/1329 [00:22<00:39, 24.33it/s]
Batches:  27%|██▋       | 364/1329 [00:22<00:39, 24.25it/s]
Batches:  28%|██▊       | 367/1329 [00:22<00:39, 24.59it/s]
Batches:  28%|██▊       | 370/1329 [00:22<00:41, 23.29it/s]
Batches:  28%|██▊       | 373/1329 [00:22<00:40, 23.74it/s]
Batches:  28%|██▊       | 376/1329 [00:23<00:39, 24.37it/s]
Batches:  29%|██▊       | 379/1329 [00:23<00:39, 24.29it/s]
Batches:  29%|██▊       | 382/1329 [00:23<00:39, 24.15it/s]
Batches:  29%|██▉       | 385/1329 [00:23<00:38, 24.65it/s]
Batches:  29%|██▉       | 388/1329 [00:23<00:37, 24.86it/s]
Batches:  29%|██▉       | 391/1329 [00:23<00:37, 25.08it/s]
Batches:  30%|██▉       | 394/1329 [00:23<00:36, 25.35it/s]
Batches:  30%|██▉       | 397/1329 [00:23<00:36, 25.20it/s]
Batches:  30%|███       | 400/1329 [00:24<00:37, 25.04it/s]
Batches:  30%|███       | 403/1329 [00:24<00:36, 25.58it/s]
Batches:  31%|███       | 406/1329 [00:24<00:35, 25.66it/s]
Batches:  31%|███       | 409/1329 [00:24<00:35, 26.17it/s]
Batches:  31%|███       | 412/1329 [00:24<00:35, 26.14it/s]
Batches:  31%|███       | 415/1329 [00:24<00:34, 26.68it/s]
Batches:  31%|███▏      | 418/1329 [00:24<00:35, 25.77it/s]
Batches:  32%|███▏      | 421/1329 [00:24<00:35, 25.47it/s]
Batches:  32%|███▏      | 424/1329 [00:24<00:35, 25.51it/s]
Batches:  32%|███▏      | 427/1329 [00:25<00:34, 26.04it/s]
Batches:  32%|███▏      | 430/1329 [00:25<00:34, 26.12it/s]
Batches:  33%|███▎      | 433/1329 [00:25<00:35, 25.03it/s]
Batches:  33%|███▎      | 436/1329 [00:25<00:34, 25.68it/s]
Batches:  33%|███▎      | 439/1329 [00:25<00:34, 25.86it/s]
Batches:  33%|███▎      | 442/1329 [00:25<00:34, 25.61it/s]
Batches:  33%|███▎      | 445/1329 [00:25<00:34, 25.97it/s]
Batches:  34%|███▎      | 448/1329 [00:25<00:33, 26.68it/s]
Batches:  34%|███▍      | 451/1329 [00:26<00:37, 23.45it/s]
Batches:  34%|███▍      | 454/1329 [00:26<00:35, 24.85it/s]
Batches:  34%|███▍      | 457/1329 [00:26<00:34, 25.35it/s]
Batches:  35%|███▍      | 461/1329 [00:26<00:32, 26.78it/s]
Batches:  35%|███▍      | 464/1329 [00:26<00:32, 27.03it/s]
Batches:  35%|███▌      | 467/1329 [00:26<00:31, 27.22it/s]
Batches:  35%|███▌      | 470/1329 [00:26<00:31, 27.39it/s]
Batches:  36%|███▌      | 473/1329 [00:26<00:31, 27.11it/s]
Batches:  36%|███▌      | 476/1329 [00:26<00:30, 27.56it/s]
Batches:  36%|███▌      | 479/1329 [00:27<00:30, 28.03it/s]
Batches:  36%|███▋      | 482/1329 [00:27<00:30, 27.93it/s]
Batches:  36%|███▋      | 485/1329 [00:27<00:30, 27.69it/s]
Batches:  37%|███▋      | 489/1329 [00:27<00:28, 29.14it/s]
Batches:  37%|███▋      | 492/1329 [00:27<00:28, 28.92it/s]
Batches:  37%|███▋      | 495/1329 [00:27<00:28, 28.82it/s]
Batches:  38%|███▊      | 499/1329 [00:27<00:28, 28.95it/s]
Batches:  38%|███▊      | 503/1329 [00:27<00:28, 29.35it/s]
Batches:  38%|███▊      | 507/1329 [00:28<00:27, 29.97it/s]
Batches:  38%|███▊      | 511/1329 [00:28<00:27, 29.92it/s]
Batches:  39%|███▉      | 515/1329 [00:28<00:26, 30.65it/s]
Batches:  39%|███▉      | 519/1329 [00:28<00:26, 30.94it/s]
Batches:  39%|███▉      | 523/1329 [00:28<00:25, 31.36it/s]
Batches:  40%|███▉      | 527/1329 [00:28<00:25, 31.73it/s]
Batches:  40%|███▉      | 531/1329 [00:28<00:25, 31.06it/s]
Batches:  40%|████      | 535/1329 [00:28<00:25, 30.88it/s]
Batches:  41%|████      | 539/1329 [00:29<00:25, 30.92it/s]
Batches:  41%|████      | 543/1329 [00:29<00:25, 30.42it/s]
Batches:  41%|████      | 547/1329 [00:29<00:25, 30.88it/s]
Batches:  41%|████▏     | 551/1329 [00:29<00:24, 31.86it/s]
Batches:  42%|████▏     | 555/1329 [00:29<00:23, 33.58it/s]
Batches:  42%|████▏     | 559/1329 [00:29<00:23, 33.30it/s]
Batches:  42%|████▏     | 563/1329 [00:29<00:22, 33.48it/s]
Batches:  43%|████▎     | 567/1329 [00:29<00:22, 33.24it/s]
Batches:  43%|████▎     | 571/1329 [00:30<00:23, 32.65it/s]
Batches:  43%|████▎     | 575/1329 [00:30<00:22, 33.73it/s]
Batches:  44%|████▎     | 579/1329 [00:30<00:21, 34.83it/s]
Batches:  44%|████▍     | 583/1329 [00:30<00:21, 34.40it/s]
Batches:  44%|████▍     | 587/1329 [00:30<00:21, 34.77it/s]
Batches:  44%|████▍     | 591/1329 [00:30<00:21, 35.04it/s]
Batches:  45%|████▍     | 596/1329 [00:30<00:19, 37.86it/s]
Batches:  45%|████▌     | 600/1329 [00:30<00:19, 37.90it/s]
Batches:  45%|████▌     | 604/1329 [00:30<00:19, 36.96it/s]
Batches:  46%|████▌     | 608/1329 [00:30<00:19, 37.32it/s]
Batches:  46%|████▌     | 613/1329 [00:31<00:18, 39.57it/s]
Batches:  47%|████▋     | 618/1329 [00:31<00:17, 41.46it/s]
Batches:  47%|████▋     | 623/1329 [00:31<00:16, 42.00it/s]
Batches:  47%|████▋     | 628/1329 [00:31<00:16, 43.70it/s]
Batches:  48%|████▊     | 633/1329 [00:31<00:15, 44.59it/s]
Batches:  48%|████▊     | 638/1329 [00:31<00:15, 45.67it/s]
Batches:  48%|████▊     | 643/1329 [00:31<00:15, 45.51it/s]
Batches:  49%|████▉     | 649/1329 [00:31<00:14, 46.21it/s]
Batches:  49%|████▉     | 655/1329 [00:32<00:13, 48.15it/s]
Batches:  50%|████▉     | 661/1329 [00:32<00:13, 50.14it/s]
Batches:  50%|█████     | 667/1329 [00:32<00:12, 52.15it/s]
Batches:  51%|█████     | 673/1329 [00:32<00:12, 53.78it/s]
Batches:  51%|█████     | 680/1329 [00:32<00:11, 55.74it/s]
Batches:  52%|█████▏    | 686/1329 [00:32<00:11, 56.84it/s]
Batches:  52%|█████▏    | 693/1329 [00:32<00:10, 59.54it/s]
Batches:  53%|█████▎    | 700/1329 [00:32<00:10, 59.95it/s]
Batches:  53%|█████▎    | 707/1329 [00:32<00:10, 62.03it/s]
Batches:  54%|█████▎    | 714/1329 [00:32<00:09, 61.95it/s]
Batches:  54%|█████▍    | 722/1329 [00:33<00:09, 64.42it/s]
Batches:  55%|█████▍    | 729/1329 [00:33<00:09, 65.75it/s]
Batches:  55%|█████▌    | 736/1329 [00:33<00:08, 65.99it/s]
Batches:  56%|█████▌    | 744/1329 [00:33<00:08, 67.74it/s]
Batches:  57%|█████▋    | 752/1329 [00:33<00:08, 68.80it/s]
Batches:  57%|█████▋    | 760/1329 [00:33<00:08, 69.99it/s]
Batches:  58%|█████▊    | 768/1329 [00:33<00:07, 71.68it/s]
Batches:  58%|█████▊    | 776/1329 [00:33<00:07, 71.94it/s]
Batches:  59%|█████▉    | 784/1329 [00:33<00:07, 71.50it/s]
Batches:  60%|█████▉    | 792/1329 [00:34<00:07, 71.85it/s]
Batches:  60%|██████    | 800/1329 [00:34<00:07, 72.25it/s]
Batches:  61%|██████    | 808/1329 [00:34<00:07, 72.44it/s]
Batches:  61%|██████▏   | 816/1329 [00:34<00:06, 73.63it/s]
Batches:  62%|██████▏   | 824/1329 [00:34<00:06, 74.19it/s]
Batches:  63%|██████▎   | 832/1329 [00:34<00:06, 74.20it/s]
Batches:  63%|██████▎   | 840/1329 [00:34<00:06, 75.41it/s]
Batches:  64%|██████▍   | 848/1329 [00:34<00:06, 76.44it/s]
Batches:  64%|██████▍   | 856/1329 [00:34<00:06, 75.73it/s]
Batches:  65%|██████▌   | 864/1329 [00:35<00:06, 76.07it/s]
Batches:  66%|██████▌   | 873/1329 [00:35<00:05, 78.30it/s]
Batches:  66%|██████▋   | 882/1329 [00:35<00:05, 78.84it/s]
Batches:  67%|██████▋   | 890/1329 [00:35<00:05, 78.39it/s]
Batches:  68%|██████▊   | 898/1329 [00:35<00:05, 78.31it/s]
Batches:  68%|██████▊   | 906/1329 [00:35<00:05, 77.99it/s]
Batches:  69%|██████▉   | 914/1329 [00:35<00:05, 76.34it/s]
Batches:  69%|██████▉   | 922/1329 [00:35<00:05, 76.73it/s]
Batches:  70%|███████   | 931/1329 [00:35<00:05, 77.73it/s]
Batches:  71%|███████   | 940/1329 [00:35<00:04, 79.36it/s]
Batches:  71%|███████▏  | 949/1329 [00:36<00:04, 80.69it/s]
Batches:  72%|███████▏  | 958/1329 [00:36<00:04, 81.17it/s]
Batches:  73%|███████▎  | 967/1329 [00:36<00:04, 81.20it/s]
Batches:  73%|███████▎  | 976/1329 [00:36<00:04, 82.44it/s]
Batches:  74%|███████▍  | 985/1329 [00:36<00:04, 83.01it/s]
Batches:  75%|███████▍  | 994/1329 [00:36<00:04, 83.64it/s]
Batches:  75%|███████▌  | 1003/1329 [00:36<00:03, 84.25it/s]
Batches:  76%|███████▌  | 1012/1329 [00:36<00:03, 84.79it/s]
Batches:  77%|███████▋  | 1021/1329 [00:36<00:03, 85.26it/s]
Batches:  78%|███████▊  | 1030/1329 [00:37<00:03, 85.76it/s]
Batches:  78%|███████▊  | 1039/1329 [00:37<00:03, 86.45it/s]
Batches:  79%|███████▉  | 1048/1329 [00:37<00:03, 86.79it/s]
Batches:  80%|███████▉  | 1058/1329 [00:37<00:03, 87.78it/s]
Batches:  80%|████████  | 1067/1329 [00:37<00:03, 87.14it/s]
Batches:  81%|████████  | 1077/1329 [00:37<00:02, 88.73it/s]
Batches:  82%|████████▏ | 1087/1329 [00:37<00:02, 89.99it/s]
Batches:  83%|████████▎ | 1097/1329 [00:37<00:02, 90.22it/s]
Batches:  83%|████████▎ | 1107/1329 [00:37<00:02, 91.45it/s]
Batches:  84%|████████▍ | 1117/1329 [00:38<00:02, 91.43it/s]
Batches:  85%|████████▍ | 1127/1329 [00:38<00:02, 93.07it/s]
Batches:  86%|████████▌ | 1137/1329 [00:38<00:02, 93.45it/s]
Batches:  86%|████████▋ | 1147/1329 [00:38<00:01, 94.13it/s]
Batches:  87%|████████▋ | 1157/1329 [00:38<00:01, 94.54it/s]
Batches:  88%|████████▊ | 1167/1329 [00:38<00:01, 95.45it/s]
Batches:  89%|████████▊ | 1178/1329 [00:38<00:01, 97.15it/s]
Batches:  89%|████████▉ | 1188/1329 [00:38<00:01, 97.61it/s]
Batches:  90%|█████████ | 1198/1329 [00:38<00:01, 97.95it/s]
Batches:  91%|█████████ | 1208/1329 [00:38<00:01, 98.15it/s]
Batches:  92%|█████████▏| 1219/1329 [00:39<00:01, 99.37it/s]
Batches:  92%|█████████▏| 1229/1329 [00:39<00:01, 98.92it/s]
Batches:  93%|█████████▎| 1239/1329 [00:39<00:00, 98.75it/s]
Batches:  94%|█████████▍| 1249/1329 [00:39<00:00, 98.47it/s]
Batches:  95%|█████████▍| 1260/1329 [00:39<00:00, 99.08it/s]
Batches:  96%|█████████▌| 1271/1329 [00:39<00:00, 99.54it/s]
Batches:  96%|█████████▋| 1282/1329 [00:39<00:00, 100.02it/s]
Batches:  97%|█████████▋| 1292/1329 [00:39<00:00, 100.00it/s]
Batches:  98%|█████████▊| 1303/1329 [00:39<00:00, 100.39it/s]
Batches:  99%|█████████▉| 1314/1329 [00:40<00:00, 99.66it/s]
Batches: 100%|█████████▉| 1325/1329 [00:40<00:00, 100.50it/s]
Batches: 100%|██████████| 1329/1329 [00:40<00:00, 33.10it/s]
[ace] retrieving
[embed] encoding 1000 texts on device=cuda:0

Batches:   0%|          | 0/16 [00:00<?, ?it/s]
Batches:  19%|█▉        | 3/16 [00:00<00:00, 21.35it/s]
Batches:  38%|███▊      | 6/16 [00:00<00:00, 23.24it/s]
Batches:  56%|█████▋    | 9/16 [00:00<00:00, 25.15it/s]
Batches:  81%|████████▏ | 13/16 [00:00<00:00, 28.04it/s]
Batches: 100%|██████████| 16/16 [00:00<00:00, 28.71it/s]
[stage3] loading Qwen reader once
`torch_dtype` is deprecated! Use `dtype` instead!

Loading checkpoint shards:   0%|          | 0/2 [00:00<?, ?it/s]
Loading checkpoint shards:  50%|█████     | 1/2 [00:02<00:02,  2.48s/it]
Loading checkpoint shards: 100%|██████████| 2/2 [00:03<00:00,  1.83s/it]
Loading checkpoint shards: 100%|██████████| 2/2 [00:03<00:00,  1.93s/it]
[reader] loaded Qwen/Qwen2.5-3B-Instruct on cuda:0
[stage3] materializing policy=chunk_packed_280
[stage3] generating policy=chunk_packed_280
The following generation flags are not valid and may be ignored: ['temperature', 'top_p', 'top_k']. Set `TRANSFORMERS_VERBOSITY=info` for more details.
[reader] generated 2/1000
[reader] generated 4/1000
[reader] generated 6/1000
[reader] generated 8/1000
[reader] generated 10/1000
[reader] generated 12/1000
[reader] generated 14/1000
[reader] generated 16/1000
[reader] generated 18/1000
[reader] generated 20/1000
[reader] generated 22/1000
[reader] generated 24/1000
[reader] generated 26/1000
[reader] generated 28/1000
[reader] generated 30/1000
[reader] generated 32/1000
[reader] generated 34/1000
[reader] generated 36/1000
[reader] generated 38/1000
[reader] generated 40/1000
[reader] generated 42/1000
[reader] generated 44/1000
[reader] generated 46/1000
[reader] generated 48/1000
[reader] generated 50/1000
[reader] generated 52/1000
[reader] generated 54/1000
[reader] generated 56/1000
[reader] generated 58/1000
[reader] generated 60/1000
[reader] generated 62/1000
[reader] generated 64/1000
[reader] generated 66/1000
[reader] generated 68/1000
[reader] generated 70/1000
[reader] generated 72/1000
[reader] generated 74/1000
[reader] generated 76/1000
[reader] generated 78/1000
[reader] generated 80/1000
[reader] generated 82/1000
[reader] generated 84/1000
[reader] generated 86/1000
[reader] generated 88/1000
[reader] generated 90/1000
[reader] generated 92/1000
[reader] generated 94/1000
[reader] generated 96/1000
[reader] generated 98/1000
[reader] generated 100/1000
[reader] generated 102/1000
[reader] generated 104/1000
[reader] generated 106/1000
[reader] generated 108/1000
[reader] generated 110/1000
[reader] generated 112/1000
[reader] generated 114/1000
[reader] generated 116/1000
[reader] generated 118/1000
[reader] generated 120/1000
[reader] generated 122/1000
[reader] generated 124/1000
[reader] generated 126/1000
[reader] generated 128/1000
[reader] generated 130/1000
[reader] generated 132/1000
[reader] generated 134/1000
[reader] generated 136/1000
[reader] generated 138/1000
[reader] generated 140/1000
[reader] generated 142/1000
[reader] generated 144/1000
[reader] generated 146/1000
[reader] generated 148/1000
[reader] generated 150/1000
[reader] generated 152/1000
[reader] generated 154/1000
[reader] generated 156/1000
[reader] generated 158/1000
[reader] generated 160/1000
[reader] generated 162/1000
[reader] generated 164/1000
[reader] generated 166/1000
[reader] generated 168/1000
[reader] generated 170/1000
[reader] generated 172/1000
[reader] generated 174/1000
[reader] generated 176/1000
[reader] generated 178/1000
[reader] generated 180/1000
[reader] generated 182/1000
[reader] generated 184/1000
[reader] generated 186/1000
[reader] generated 188/1000
[reader] generated 190/1000
[reader] generated 192/1000
[reader] generated 194/1000
[reader] generated 196/1000
[reader] generated 198/1000
[reader] generated 200/1000
[reader] generated 202/1000
[reader] generated 204/1000
[reader] generated 206/1000
[reader] generated 208/1000
[reader] generated 210/1000
[reader] generated 212/1000
[reader] generated 214/1000
[reader] generated 216/1000
[reader] generated 218/1000
[reader] generated 220/1000
[reader] generated 222/1000
[reader] generated 224/1000
[reader] generated 226/1000
[reader] generated 228/1000
[reader] generated 230/1000
[reader] generated 232/1000
[reader] generated 234/1000
[reader] generated 236/1000
[reader] generated 238/1000
[reader] generated 240/1000
[reader] generated 242/1000
[reader] generated 244/1000
[reader] generated 246/1000
[reader] generated 248/1000
[reader] generated 250/1000
[reader] generated 252/1000
[reader] generated 254/1000
[reader] generated 256/1000
[reader] generated 258/1000
[reader] generated 260/1000
[reader] generated 262/1000
[reader] generated 264/1000
[reader] generated 266/1000
[reader] generated 268/1000
[reader] generated 270/1000
[reader] generated 272/1000
[reader] generated 274/1000
[reader] generated 276/1000
[reader] generated 278/1000
[reader] generated 280/1000
[reader] generated 282/1000
[reader] generated 284/1000
[reader] generated 286/1000
[reader] generated 288/1000
[reader] generated 290/1000
[reader] generated 292/1000
[reader] generated 294/1000
[reader] generated 296/1000
[reader] generated 298/1000
[reader] generated 300/1000
[reader] generated 302/1000
[reader] generated 304/1000
[reader] generated 306/1000
[reader] generated 308/1000
[reader] generated 310/1000
[reader] generated 312/1000
[reader] generated 314/1000
[reader] generated 316/1000
[reader] generated 318/1000
[reader] generated 320/1000
[reader] generated 322/1000
[reader] generated 324/1000
[reader] generated 326/1000
[reader] generated 328/1000
[reader] generated 330/1000
[reader] generated 332/1000
[reader] generated 334/1000
[reader] generated 336/1000
[reader] generated 338/1000
[reader] generated 340/1000
[reader] generated 342/1000
[reader] generated 344/1000
[reader] generated 346/1000
[reader] generated 348/1000
[reader] generated 350/1000
[reader] generated 352/1000
[reader] generated 354/1000
[reader] generated 356/1000
[reader] generated 358/1000
[reader] generated 360/1000
[reader] generated 362/1000
[reader] generated 364/1000
[reader] generated 366/1000
[reader] generated 368/1000
[reader] generated 370/1000
[reader] generated 372/1000
[reader] generated 374/1000
[reader] generated 376/1000
[reader] generated 378/1000
[reader] generated 380/1000
[reader] generated 382/1000
[reader] generated 384/1000
[reader] generated 386/1000
[reader] generated 388/1000
[reader] generated 390/1000
[reader] generated 392/1000
[reader] generated 394/1000
[reader] generated 396/1000
[reader] generated 398/1000
[reader] generated 400/1000
[reader] generated 402/1000
[reader] generated 404/1000
[reader] generated 406/1000
[reader] generated 408/1000
[reader] generated 410/1000
[reader] generated 412/1000
[reader] generated 414/1000
[reader] generated 416/1000
[reader] generated 418/1000
[reader] generated 420/1000
[reader] generated 422/1000
[reader] generated 424/1000
[reader] generated 426/1000
[reader] generated 428/1000
[reader] generated 430/1000
[reader] generated 432/1000
[reader] generated 434/1000
[reader] generated 436/1000
[reader] generated 438/1000
[reader] generated 440/1000
[reader] generated 442/1000
[reader] generated 444/1000
[reader] generated 446/1000
[reader] generated 448/1000
[reader] generated 450/1000
[reader] generated 452/1000
[reader] generated 454/1000
[reader] generated 456/1000
[reader] generated 458/1000
[reader] generated 460/1000
[reader] generated 462/1000
[reader] generated 464/1000
[reader] generated 466/1000
[reader] generated 468/1000
[reader] generated 470/1000
[reader] generated 472/1000
[reader] generated 474/1000
[reader] generated 476/1000
[reader] generated 478/1000
[reader] generated 480/1000
[reader] generated 482/1000
[reader] generated 484/1000
[reader] generated 486/1000
[reader] generated 488/1000
[reader] generated 490/1000
[reader] generated 492/1000
[reader] generated 494/1000
[reader] generated 496/1000
[reader] generated 498/1000
[reader] generated 500/1000
[reader] generated 502/1000
[reader] generated 504/1000
[reader] generated 506/1000
[reader] generated 508/1000
[reader] generated 510/1000
[reader] generated 512/1000
[reader] generated 514/1000
[reader] generated 516/1000
[reader] generated 518/1000
[reader] generated 520/1000
[reader] generated 522/1000
[reader] generated 524/1000
[reader] generated 526/1000
[reader] generated 528/1000
[reader] generated 530/1000
[reader] generated 532/1000
[reader] generated 534/1000
[reader] generated 536/1000
[reader] generated 538/1000
[reader] generated 540/1000
[reader] generated 542/1000
[reader] generated 544/1000
[reader] generated 546/1000
[reader] generated 548/1000
[reader] generated 550/1000
[reader] generated 552/1000
[reader] generated 554/1000
[reader] generated 556/1000
[reader] generated 558/1000
[reader] generated 560/1000
[reader] generated 562/1000
[reader] generated 564/1000
[reader] generated 566/1000
[reader] generated 568/1000
[reader] generated 570/1000
[reader] generated 572/1000
[reader] generated 574/1000
[reader] generated 576/1000
[reader] generated 578/1000
[reader] generated 580/1000
[reader] generated 582/1000
[reader] generated 584/1000
[reader] generated 586/1000
[reader] generated 588/1000
[reader] generated 590/1000
[reader] generated 592/1000
[reader] generated 594/1000
[reader] generated 596/1000
[reader] generated 598/1000
[reader] generated 600/1000
[reader] generated 602/1000
[reader] generated 604/1000
[reader] generated 606/1000
[reader] generated 608/1000
[reader] generated 610/1000
[reader] generated 612/1000
[reader] generated 614/1000
[reader] generated 616/1000
[reader] generated 618/1000
[reader] generated 620/1000
[reader] generated 622/1000
[reader] generated 624/1000
[reader] generated 626/1000
[reader] generated 628/1000
[reader] generated 630/1000
[reader] generated 632/1000
[reader] generated 634/1000
[reader] generated 636/1000
[reader] generated 638/1000
[reader] generated 640/1000
[reader] generated 642/1000
[reader] generated 644/1000
[reader] generated 646/1000
[reader] generated 648/1000
[reader] generated 650/1000
[reader] generated 652/1000
[reader] generated 654/1000
[reader] generated 656/1000
[reader] generated 658/1000
[reader] generated 660/1000
[reader] generated 662/1000
[reader] generated 664/1000
[reader] generated 666/1000
[reader] generated 668/1000
[reader] generated 670/1000
[reader] generated 672/1000
[reader] generated 674/1000
[reader] generated 676/1000
[reader] generated 678/1000
[reader] generated 680/1000
[reader] generated 682/1000
[reader] generated 684/1000
[reader] generated 686/1000
[reader] generated 688/1000
[reader] generated 690/1000
[reader] generated 692/1000
[reader] generated 694/1000
[reader] generated 696/1000
[reader] generated 698/1000
[reader] generated 700/1000
[reader] generated 702/1000
[reader] generated 704/1000
[reader] generated 706/1000
[reader] generated 708/1000
[reader] generated 710/1000
[reader] generated 712/1000
[reader] generated 714/1000
[reader] generated 716/1000
[reader] generated 718/1000
[reader] generated 720/1000
[reader] generated 722/1000
[reader] generated 724/1000
[reader] generated 726/1000
[reader] generated 728/1000
[reader] generated 730/1000
[reader] generated 732/1000
[reader] generated 734/1000
[reader] generated 736/1000
[reader] generated 738/1000
[reader] generated 740/1000
[reader] generated 742/1000
[reader] generated 744/1000
[reader] generated 746/1000
[reader] generated 748/1000
[reader] generated 750/1000
[reader] generated 752/1000
[reader] generated 754/1000
[reader] generated 756/1000
[reader] generated 758/1000
[reader] generated 760/1000
[reader] generated 762/1000
[reader] generated 764/1000
[reader] generated 766/1000
[reader] generated 768/1000
[reader] generated 770/1000
[reader] generated 772/1000
[reader] generated 774/1000
[reader] generated 776/1000
[reader] generated 778/1000
[reader] generated 780/1000
[reader] generated 782/1000
[reader] generated 784/1000
[reader] generated 786/1000
[reader] generated 788/1000
[reader] generated 790/1000
[reader] generated 792/1000
[reader] generated 794/1000
[reader] generated 796/1000
[reader] generated 798/1000
[reader] generated 800/1000
[reader] generated 802/1000
[reader] generated 804/1000
[reader] generated 806/1000
[reader] generated 808/1000
[reader] generated 810/1000
[reader] generated 812/1000
[reader] generated 814/1000
[reader] generated 816/1000
[reader] generated 818/1000
[reader] generated 820/1000
[reader] generated 822/1000
[reader] generated 824/1000
[reader] generated 826/1000
[reader] generated 828/1000
[reader] generated 830/1000
[reader] generated 832/1000
[reader] generated 834/1000
[reader] generated 836/1000
[reader] generated 838/1000
[reader] generated 840/1000
[reader] generated 842/1000
[reader] generated 844/1000
[reader] generated 846/1000
[reader] generated 848/1000
[reader] generated 850/1000
[reader] generated 852/1000
[reader] generated 854/1000
[reader] generated 856/1000
[reader] generated 858/1000
[reader] generated 860/1000
[reader] generated 862/1000
[reader] generated 864/1000
[reader] generated 866/1000
[reader] generated 868/1000
[reader] generated 870/1000
[reader] generated 872/1000
[reader] generated 874/1000
[reader] generated 876/1000
[reader] generated 878/1000
[reader] generated 880/1000
[reader] generated 882/1000
[reader] generated 884/1000
[reader] generated 886/1000
[reader] generated 888/1000
[reader] generated 890/1000
[reader] generated 892/1000
[reader] generated 894/1000
[reader] generated 896/1000
[reader] generated 898/1000
[reader] generated 900/1000
[reader] generated 902/1000
[reader] generated 904/1000
[reader] generated 906/1000
[reader] generated 908/1000
[reader] generated 910/1000
[reader] generated 912/1000
[reader] generated 914/1000
[reader] generated 916/1000
[reader] generated 918/1000
[reader] generated 920/1000
[reader] generated 922/1000
[reader] generated 924/1000
[reader] generated 926/1000
[reader] generated 928/1000
[reader] generated 930/1000
[reader] generated 932/1000
[reader] generated 934/1000
[reader] generated 936/1000
[reader] generated 938/1000
[reader] generated 940/1000
[reader] generated 942/1000
[reader] generated 944/1000
[reader] generated 946/1000
[reader] generated 948/1000
[reader] generated 950/1000
[reader] generated 952/1000
[reader] generated 954/1000
[reader] generated 956/1000
[reader] generated 958/1000
[reader] generated 960/1000
[reader] generated 962/1000
[reader] generated 964/1000
[reader] generated 966/1000
[reader] generated 968/1000
[reader] generated 970/1000
[reader] generated 972/1000
[reader] generated 974/1000
[reader] generated 976/1000
[reader] generated 978/1000
[reader] generated 980/1000
[reader] generated 982/1000
[reader] generated 984/1000
[reader] generated 986/1000
[reader] generated 988/1000
[reader] generated 990/1000
[reader] generated 992/1000
[reader] generated 994/1000
[reader] generated 996/1000
[reader] generated 998/1000
[reader] generated 1000/1000
[stage3] policy=chunk_packed_280, router_type=fixed, method=chunk, reader_context=packed_snippets, reader_model=Qwen/Qwen2.5-3B-Instruct, ace_retriever=none, compressor=none, hybrid_alpha=, packed_token_budget=280, candidate_policies=, selection_counts=, recall@1=0.439, all_gold@1=0.0, recall@2=0.7075, all_gold@2=0.464, recall@5=0.8545, all_gold@5=0.721, qwen_em=0.308, qwen_f1=0.4123, avg_reader_evidence_tokens=269.52
[stage3] materializing policy=bm25_packed_280
[stage3] generating policy=bm25_packed_280
[reader] generated 2/1000
[reader] generated 4/1000
[reader] generated 6/1000
[reader] generated 8/1000
[reader] generated 10/1000
[reader] generated 12/1000
[reader] generated 14/1000
[reader] generated 16/1000
[reader] generated 18/1000
[reader] generated 20/1000
[reader] generated 22/1000
[reader] generated 24/1000
[reader] generated 26/1000
[reader] generated 28/1000
[reader] generated 30/1000
[reader] generated 32/1000
[reader] generated 34/1000
[reader] generated 36/1000
[reader] generated 38/1000
[reader] generated 40/1000
[reader] generated 42/1000
[reader] generated 44/1000
[reader] generated 46/1000
[reader] generated 48/1000
[reader] generated 50/1000
[reader] generated 52/1000
[reader] generated 54/1000
[reader] generated 56/1000
[reader] generated 58/1000
[reader] generated 60/1000
[reader] generated 62/1000
[reader] generated 64/1000
[reader] generated 66/1000
[reader] generated 68/1000
[reader] generated 70/1000
[reader] generated 72/1000
[reader] generated 74/1000
[reader] generated 76/1000
[reader] generated 78/1000
[reader] generated 80/1000
[reader] generated 82/1000
[reader] generated 84/1000
[reader] generated 86/1000
[reader] generated 88/1000
[reader] generated 90/1000
[reader] generated 92/1000
[reader] generated 94/1000
[reader] generated 96/1000
[reader] generated 98/1000
[reader] generated 100/1000
[reader] generated 102/1000
[reader] generated 104/1000
[reader] generated 106/1000
[reader] generated 108/1000
[reader] generated 110/1000
[reader] generated 112/1000
[reader] generated 114/1000
[reader] generated 116/1000
[reader] generated 118/1000
[reader] generated 120/1000
[reader] generated 122/1000
[reader] generated 124/1000
[reader] generated 126/1000
[reader] generated 128/1000
[reader] generated 130/1000
[reader] generated 132/1000
[reader] generated 134/1000
[reader] generated 136/1000
[reader] generated 138/1000
[reader] generated 140/1000
[reader] generated 142/1000
[reader] generated 144/1000
[reader] generated 146/1000
[reader] generated 148/1000
[reader] generated 150/1000
[reader] generated 152/1000
[reader] generated 154/1000
[reader] generated 156/1000
[reader] generated 158/1000
[reader] generated 160/1000
[reader] generated 162/1000
[reader] generated 164/1000
[reader] generated 166/1000
[reader] generated 168/1000
[reader] generated 170/1000
[reader] generated 172/1000
[reader] generated 174/1000
[reader] generated 176/1000
[reader] generated 178/1000
[reader] generated 180/1000
[reader] generated 182/1000
[reader] generated 184/1000
[reader] generated 186/1000
[reader] generated 188/1000
[reader] generated 190/1000
[reader] generated 192/1000
[reader] generated 194/1000
[reader] generated 196/1000
[reader] generated 198/1000
[reader] generated 200/1000
[reader] generated 202/1000
[reader] generated 204/1000
[reader] generated 206/1000
[reader] generated 208/1000
[reader] generated 210/1000
[reader] generated 212/1000
[reader] generated 214/1000
[reader] generated 216/1000
[reader] generated 218/1000
[reader] generated 220/1000
[reader] generated 222/1000
[reader] generated 224/1000
[reader] generated 226/1000
[reader] generated 228/1000
[reader] generated 230/1000
[reader] generated 232/1000
[reader] generated 234/1000
[reader] generated 236/1000
[reader] generated 238/1000
[reader] generated 240/1000
[reader] generated 242/1000
[reader] generated 244/1000
[reader] generated 246/1000
[reader] generated 248/1000
[reader] generated 250/1000
[reader] generated 252/1000
[reader] generated 254/1000
[reader] generated 256/1000
[reader] generated 258/1000
[reader] generated 260/1000
[reader] generated 262/1000
[reader] generated 264/1000
[reader] generated 266/1000
[reader] generated 268/1000
[reader] generated 270/1000
[reader] generated 272/1000
[reader] generated 274/1000
[reader] generated 276/1000
[reader] generated 278/1000
[reader] generated 280/1000
[reader] generated 282/1000
[reader] generated 284/1000
[reader] generated 286/1000
[reader] generated 288/1000
[reader] generated 290/1000
[reader] generated 292/1000
[reader] generated 294/1000
[reader] generated 296/1000
[reader] generated 298/1000
[reader] generated 300/1000
[reader] generated 302/1000
[reader] generated 304/1000
[reader] generated 306/1000
[reader] generated 308/1000
[reader] generated 310/1000
[reader] generated 312/1000
[reader] generated 314/1000
[reader] generated 316/1000
[reader] generated 318/1000
[reader] generated 320/1000
[reader] generated 322/1000
[reader] generated 324/1000
[reader] generated 326/1000
[reader] generated 328/1000
[reader] generated 330/1000
[reader] generated 332/1000
[reader] generated 334/1000
[reader] generated 336/1000
[reader] generated 338/1000
[reader] generated 340/1000
[reader] generated 342/1000
[reader] generated 344/1000
[reader] generated 346/1000
[reader] generated 348/1000
[reader] generated 350/1000
[reader] generated 352/1000
[reader] generated 354/1000
[reader] generated 356/1000
[reader] generated 358/1000
[reader] generated 360/1000
[reader] generated 362/1000
[reader] generated 364/1000
[reader] generated 366/1000
[reader] generated 368/1000
[reader] generated 370/1000
[reader] generated 372/1000
[reader] generated 374/1000
[reader] generated 376/1000
[reader] generated 378/1000
[reader] generated 380/1000
[reader] generated 382/1000
[reader] generated 384/1000
[reader] generated 386/1000
[reader] generated 388/1000
[reader] generated 390/1000
[reader] generated 392/1000
[reader] generated 394/1000
[reader] generated 396/1000
[reader] generated 398/1000
[reader] generated 400/1000
[reader] generated 402/1000
[reader] generated 404/1000
[reader] generated 406/1000
[reader] generated 408/1000
[reader] generated 410/1000
[reader] generated 412/1000
[reader] generated 414/1000
[reader] generated 416/1000
[reader] generated 418/1000
[reader] generated 420/1000
[reader] generated 422/1000
[reader] generated 424/1000
[reader] generated 426/1000
[reader] generated 428/1000
[reader] generated 430/1000
[reader] generated 432/1000
[reader] generated 434/1000
[reader] generated 436/1000
[reader] generated 438/1000
[reader] generated 440/1000
[reader] generated 442/1000
[reader] generated 444/1000
[reader] generated 446/1000
[reader] generated 448/1000
[reader] generated 450/1000
[reader] generated 452/1000
[reader] generated 454/1000
[reader] generated 456/1000
[reader] generated 458/1000
[reader] generated 460/1000
[reader] generated 462/1000
[reader] generated 464/1000
[reader] generated 466/1000
[reader] generated 468/1000
[reader] generated 470/1000
[reader] generated 472/1000
[reader] generated 474/1000
[reader] generated 476/1000
[reader] generated 478/1000
[reader] generated 480/1000
[reader] generated 482/1000
[reader] generated 484/1000
[reader] generated 486/1000
[reader] generated 488/1000
[reader] generated 490/1000
[reader] generated 492/1000
[reader] generated 494/1000
[reader] generated 496/1000
[reader] generated 498/1000
[reader] generated 500/1000
[reader] generated 502/1000
[reader] generated 504/1000
[reader] generated 506/1000
[reader] generated 508/1000
[reader] generated 510/1000
[reader] generated 512/1000
[reader] generated 514/1000
[reader] generated 516/1000
[reader] generated 518/1000
[reader] generated 520/1000
[reader] generated 522/1000
[reader] generated 524/1000
[reader] generated 526/1000
[reader] generated 528/1000
[reader] generated 530/1000
[reader] generated 532/1000
[reader] generated 534/1000
[reader] generated 536/1000
[reader] generated 538/1000
[reader] generated 540/1000
[reader] generated 542/1000
[reader] generated 544/1000
[reader] generated 546/1000
[reader] generated 548/1000
[reader] generated 550/1000
[reader] generated 552/1000
[reader] generated 554/1000
[reader] generated 556/1000
[reader] generated 558/1000
[reader] generated 560/1000
[reader] generated 562/1000
[reader] generated 564/1000
[reader] generated 566/1000
[reader] generated 568/1000
[reader] generated 570/1000
[reader] generated 572/1000
[reader] generated 574/1000
[reader] generated 576/1000
[reader] generated 578/1000
[reader] generated 580/1000
[reader] generated 582/1000
[reader] generated 584/1000
[reader] generated 586/1000
[reader] generated 588/1000
[reader] generated 590/1000
[reader] generated 592/1000
[reader] generated 594/1000
[reader] generated 596/1000
[reader] generated 598/1000
[reader] generated 600/1000
[reader] generated 602/1000
[reader] generated 604/1000
[reader] generated 606/1000
[reader] generated 608/1000
[reader] generated 610/1000
[reader] generated 612/1000
[reader] generated 614/1000
[reader] generated 616/1000
[reader] generated 618/1000
[reader] generated 620/1000
[reader] generated 622/1000
[reader] generated 624/1000
[reader] generated 626/1000
[reader] generated 628/1000
[reader] generated 630/1000
[reader] generated 632/1000
[reader] generated 634/1000
[reader] generated 636/1000
[reader] generated 638/1000
[reader] generated 640/1000
[reader] generated 642/1000
[reader] generated 644/1000
[reader] generated 646/1000
[reader] generated 648/1000
[reader] generated 650/1000
[reader] generated 652/1000
[reader] generated 654/1000
[reader] generated 656/1000
[reader] generated 658/1000
[reader] generated 660/1000
[reader] generated 662/1000
[reader] generated 664/1000
[reader] generated 666/1000
[reader] generated 668/1000
[reader] generated 670/1000
[reader] generated 672/1000
[reader] generated 674/1000
[reader] generated 676/1000
[reader] generated 678/1000
[reader] generated 680/1000
[reader] generated 682/1000
[reader] generated 684/1000
[reader] generated 686/1000
[reader] generated 688/1000
[reader] generated 690/1000
[reader] generated 692/1000
[reader] generated 694/1000
[reader] generated 696/1000
[reader] generated 698/1000
[reader] generated 700/1000
[reader] generated 702/1000
[reader] generated 704/1000
[reader] generated 706/1000
[reader] generated 708/1000
[reader] generated 710/1000
[reader] generated 712/1000
[reader] generated 714/1000
[reader] generated 716/1000
[reader] generated 718/1000
[reader] generated 720/1000
[reader] generated 722/1000
[reader] generated 724/1000
[reader] generated 726/1000
[reader] generated 728/1000
[reader] generated 730/1000
[reader] generated 732/1000
[reader] generated 734/1000
[reader] generated 736/1000
[reader] generated 738/1000
[reader] generated 740/1000
[reader] generated 742/1000
[reader] generated 744/1000
[reader] generated 746/1000
[reader] generated 748/1000
[reader] generated 750/1000
[reader] generated 752/1000
[reader] generated 754/1000
[reader] generated 756/1000
[reader] generated 758/1000
[reader] generated 760/1000
[reader] generated 762/1000
[reader] generated 764/1000
[reader] generated 766/1000
[reader] generated 768/1000
[reader] generated 770/1000
[reader] generated 772/1000
[reader] generated 774/1000
[reader] generated 776/1000
[reader] generated 778/1000
[reader] generated 780/1000
[reader] generated 782/1000
[reader] generated 784/1000
[reader] generated 786/1000
[reader] generated 788/1000
[reader] generated 790/1000
[reader] generated 792/1000
[reader] generated 794/1000
[reader] generated 796/1000
[reader] generated 798/1000
[reader] generated 800/1000
[reader] generated 802/1000
[reader] generated 804/1000
[reader] generated 806/1000
[reader] generated 808/1000
[reader] generated 810/1000
[reader] generated 812/1000
[reader] generated 814/1000
[reader] generated 816/1000
[reader] generated 818/1000
[reader] generated 820/1000
[reader] generated 822/1000
[reader] generated 824/1000
[reader] generated 826/1000
[reader] generated 828/1000
[reader] generated 830/1000
[reader] generated 832/1000
[reader] generated 834/1000
[reader] generated 836/1000
[reader] generated 838/1000
[reader] generated 840/1000
[reader] generated 842/1000
[reader] generated 844/1000
[reader] generated 846/1000
[reader] generated 848/1000
[reader] generated 850/1000
[reader] generated 852/1000
[reader] generated 854/1000
[reader] generated 856/1000
[reader] generated 858/1000
[reader] generated 860/1000
[reader] generated 862/1000
[reader] generated 864/1000
[reader] generated 866/1000
[reader] generated 868/1000
[reader] generated 870/1000
[reader] generated 872/1000
[reader] generated 874/1000
[reader] generated 876/1000
[reader] generated 878/1000
[reader] generated 880/1000
[reader] generated 882/1000
[reader] generated 884/1000
[reader] generated 886/1000
[reader] generated 888/1000
[reader] generated 890/1000
[reader] generated 892/1000
[reader] generated 894/1000
[reader] generated 896/1000
[reader] generated 898/1000
[reader] generated 900/1000
[reader] generated 902/1000
[reader] generated 904/1000
[reader] generated 906/1000
[reader] generated 908/1000
[reader] generated 910/1000
[reader] generated 912/1000
[reader] generated 914/1000
[reader] generated 916/1000
[reader] generated 918/1000
[reader] generated 920/1000
[reader] generated 922/1000
[reader] generated 924/1000
[reader] generated 926/1000
[reader] generated 928/1000
[reader] generated 930/1000
[reader] generated 932/1000
[reader] generated 934/1000
[reader] generated 936/1000
[reader] generated 938/1000
[reader] generated 940/1000
[reader] generated 942/1000
[reader] generated 944/1000
[reader] generated 946/1000
[reader] generated 948/1000
[reader] generated 950/1000
[reader] generated 952/1000
[reader] generated 954/1000
[reader] generated 956/1000
[reader] generated 958/1000
[reader] generated 960/1000
[reader] generated 962/1000
[reader] generated 964/1000
[reader] generated 966/1000
[reader] generated 968/1000
[reader] generated 970/1000
[reader] generated 972/1000
[reader] generated 974/1000
[reader] generated 976/1000
[reader] generated 978/1000
[reader] generated 980/1000
[reader] generated 982/1000
[reader] generated 984/1000
[reader] generated 986/1000
[reader] generated 988/1000
[reader] generated 990/1000
[reader] generated 992/1000
[reader] generated 994/1000
[reader] generated 996/1000
[reader] generated 998/1000
[reader] generated 1000/1000
[stage3] policy=bm25_packed_280, router_type=fixed, method=bm25, reader_context=packed_snippets, reader_model=Qwen/Qwen2.5-3B-Instruct, ace_retriever=none, compressor=none, hybrid_alpha=, packed_token_budget=280, candidate_policies=, selection_counts=, recall@1=0.336, all_gold@1=0.0, recall@2=0.481, all_gold@2=0.164, recall@5=0.637, all_gold@5=0.362, qwen_em=0.254, qwen_f1=0.3502, avg_reader_evidence_tokens=268.98
[stage3] materializing policy=hybrid_packed_280
[stage3] generating policy=hybrid_packed_280
[reader] generated 2/1000
[reader] generated 4/1000
[reader] generated 6/1000
[reader] generated 8/1000
[reader] generated 10/1000
[reader] generated 12/1000
[reader] generated 14/1000
[reader] generated 16/1000
[reader] generated 18/1000
[reader] generated 20/1000
[reader] generated 22/1000
[reader] generated 24/1000
[reader] generated 26/1000
[reader] generated 28/1000
[reader] generated 30/1000
[reader] generated 32/1000
[reader] generated 34/1000
[reader] generated 36/1000
[reader] generated 38/1000
[reader] generated 40/1000
[reader] generated 42/1000
[reader] generated 44/1000
[reader] generated 46/1000
[reader] generated 48/1000
[reader] generated 50/1000
[reader] generated 52/1000
[reader] generated 54/1000
[reader] generated 56/1000
[reader] generated 58/1000
[reader] generated 60/1000
[reader] generated 62/1000
[reader] generated 64/1000
[reader] generated 66/1000
[reader] generated 68/1000
[reader] generated 70/1000
[reader] generated 72/1000
[reader] generated 74/1000
[reader] generated 76/1000
[reader] generated 78/1000
[reader] generated 80/1000
[reader] generated 82/1000
[reader] generated 84/1000
[reader] generated 86/1000
[reader] generated 88/1000
[reader] generated 90/1000
[reader] generated 92/1000
[reader] generated 94/1000
[reader] generated 96/1000
[reader] generated 98/1000
[reader] generated 100/1000
[reader] generated 102/1000
[reader] generated 104/1000
[reader] generated 106/1000
[reader] generated 108/1000
[reader] generated 110/1000
[reader] generated 112/1000
[reader] generated 114/1000
[reader] generated 116/1000
[reader] generated 118/1000
[reader] generated 120/1000
[reader] generated 122/1000
[reader] generated 124/1000
[reader] generated 126/1000
[reader] generated 128/1000
[reader] generated 130/1000
[reader] generated 132/1000
[reader] generated 134/1000
[reader] generated 136/1000
[reader] generated 138/1000
[reader] generated 140/1000
[reader] generated 142/1000
[reader] generated 144/1000
[reader] generated 146/1000
[reader] generated 148/1000
[reader] generated 150/1000
[reader] generated 152/1000
[reader] generated 154/1000
[reader] generated 156/1000
[reader] generated 158/1000
[reader] generated 160/1000
[reader] generated 162/1000
[reader] generated 164/1000
[reader] generated 166/1000
[reader] generated 168/1000
[reader] generated 170/1000
[reader] generated 172/1000
[reader] generated 174/1000
[reader] generated 176/1000
[reader] generated 178/1000
[reader] generated 180/1000
[reader] generated 182/1000
[reader] generated 184/1000
[reader] generated 186/1000
[reader] generated 188/1000
[reader] generated 190/1000
[reader] generated 192/1000
[reader] generated 194/1000
[reader] generated 196/1000
[reader] generated 198/1000
[reader] generated 200/1000
[reader] generated 202/1000
[reader] generated 204/1000
[reader] generated 206/1000
[reader] generated 208/1000
[reader] generated 210/1000
[reader] generated 212/1000
[reader] generated 214/1000
[reader] generated 216/1000
[reader] generated 218/1000
[reader] generated 220/1000
[reader] generated 222/1000
[reader] generated 224/1000
[reader] generated 226/1000
[reader] generated 228/1000
[reader] generated 230/1000
[reader] generated 232/1000
[reader] generated 234/1000
[reader] generated 236/1000
[reader] generated 238/1000
[reader] generated 240/1000
[reader] generated 242/1000
[reader] generated 244/1000
[reader] generated 246/1000
[reader] generated 248/1000
[reader] generated 250/1000
[reader] generated 252/1000
[reader] generated 254/1000
[reader] generated 256/1000
[reader] generated 258/1000
[reader] generated 260/1000
[reader] generated 262/1000
[reader] generated 264/1000
[reader] generated 266/1000
[reader] generated 268/1000
[reader] generated 270/1000
[reader] generated 272/1000
[reader] generated 274/1000
[reader] generated 276/1000
[reader] generated 278/1000
[reader] generated 280/1000
[reader] generated 282/1000
[reader] generated 284/1000
[reader] generated 286/1000
[reader] generated 288/1000
[reader] generated 290/1000
[reader] generated 292/1000
[reader] generated 294/1000
[reader] generated 296/1000
[reader] generated 298/1000
[reader] generated 300/1000
[reader] generated 302/1000
[reader] generated 304/1000
[reader] generated 306/1000
[reader] generated 308/1000
[reader] generated 310/1000
[reader] generated 312/1000
[reader] generated 314/1000
[reader] generated 316/1000
[reader] generated 318/1000
[reader] generated 320/1000
[reader] generated 322/1000
[reader] generated 324/1000
[reader] generated 326/1000
[reader] generated 328/1000
[reader] generated 330/1000
[reader] generated 332/1000
[reader] generated 334/1000
[reader] generated 336/1000
[reader] generated 338/1000
[reader] generated 340/1000
[reader] generated 342/1000
[reader] generated 344/1000
[reader] generated 346/1000
[reader] generated 348/1000
[reader] generated 350/1000
[reader] generated 352/1000
[reader] generated 354/1000
[reader] generated 356/1000
[reader] generated 358/1000
[reader] generated 360/1000
[reader] generated 362/1000
[reader] generated 364/1000
[reader] generated 366/1000
[reader] generated 368/1000
[reader] generated 370/1000
[reader] generated 372/1000
[reader] generated 374/1000
[reader] generated 376/1000
[reader] generated 378/1000
[reader] generated 380/1000
[reader] generated 382/1000
[reader] generated 384/1000
[reader] generated 386/1000
[reader] generated 388/1000
[reader] generated 390/1000
[reader] generated 392/1000
[reader] generated 394/1000
[reader] generated 396/1000
[reader] generated 398/1000
[reader] generated 400/1000
[reader] generated 402/1000
[reader] generated 404/1000
[reader] generated 406/1000
[reader] generated 408/1000
[reader] generated 410/1000
[reader] generated 412/1000
[reader] generated 414/1000
[reader] generated 416/1000
[reader] generated 418/1000
[reader] generated 420/1000
[reader] generated 422/1000
[reader] generated 424/1000
[reader] generated 426/1000
[reader] generated 428/1000
[reader] generated 430/1000
[reader] generated 432/1000
[reader] generated 434/1000
[reader] generated 436/1000
[reader] generated 438/1000
[reader] generated 440/1000
[reader] generated 442/1000
[reader] generated 444/1000
[reader] generated 446/1000
[reader] generated 448/1000
[reader] generated 450/1000
[reader] generated 452/1000
[reader] generated 454/1000
[reader] generated 456/1000
[reader] generated 458/1000
[reader] generated 460/1000
[reader] generated 462/1000
[reader] generated 464/1000
[reader] generated 466/1000
[reader] generated 468/1000
[reader] generated 470/1000
[reader] generated 472/1000
[reader] generated 474/1000
[reader] generated 476/1000
[reader] generated 478/1000
[reader] generated 480/1000
[reader] generated 482/1000
[reader] generated 484/1000
[reader] generated 486/1000
[reader] generated 488/1000
[reader] generated 490/1000
[reader] generated 492/1000
[reader] generated 494/1000
[reader] generated 496/1000
[reader] generated 498/1000
[reader] generated 500/1000
[reader] generated 502/1000
[reader] generated 504/1000
[reader] generated 506/1000
[reader] generated 508/1000
[reader] generated 510/1000
[reader] generated 512/1000
[reader] generated 514/1000
[reader] generated 516/1000
[reader] generated 518/1000
[reader] generated 520/1000
[reader] generated 522/1000
[reader] generated 524/1000
[reader] generated 526/1000
[reader] generated 528/1000
[reader] generated 530/1000
[reader] generated 532/1000
[reader] generated 534/1000
[reader] generated 536/1000
[reader] generated 538/1000
[reader] generated 540/1000
[reader] generated 542/1000
[reader] generated 544/1000
[reader] generated 546/1000
[reader] generated 548/1000
[reader] generated 550/1000
[reader] generated 552/1000
[reader] generated 554/1000
[reader] generated 556/1000
[reader] generated 558/1000
[reader] generated 560/1000
[reader] generated 562/1000
[reader] generated 564/1000
[reader] generated 566/1000
[reader] generated 568/1000
[reader] generated 570/1000
[reader] generated 572/1000
[reader] generated 574/1000
[reader] generated 576/1000
[reader] generated 578/1000
[reader] generated 580/1000
[reader] generated 582/1000
[reader] generated 584/1000
[reader] generated 586/1000
[reader] generated 588/1000
[reader] generated 590/1000
[reader] generated 592/1000
[reader] generated 594/1000
[reader] generated 596/1000
[reader] generated 598/1000
[reader] generated 600/1000
[reader] generated 602/1000
[reader] generated 604/1000
[reader] generated 606/1000
[reader] generated 608/1000
[reader] generated 610/1000
[reader] generated 612/1000
[reader] generated 614/1000
[reader] generated 616/1000
[reader] generated 618/1000
[reader] generated 620/1000
[reader] generated 622/1000
[reader] generated 624/1000
[reader] generated 626/1000
[reader] generated 628/1000
[reader] generated 630/1000
[reader] generated 632/1000
[reader] generated 634/1000
[reader] generated 636/1000
[reader] generated 638/1000
[reader] generated 640/1000
[reader] generated 642/1000
[reader] generated 644/1000
[reader] generated 646/1000
[reader] generated 648/1000
[reader] generated 650/1000
[reader] generated 652/1000
[reader] generated 654/1000
[reader] generated 656/1000
[reader] generated 658/1000
[reader] generated 660/1000
[reader] generated 662/1000
[reader] generated 664/1000
[reader] generated 666/1000
[reader] generated 668/1000
[reader] generated 670/1000
[reader] generated 672/1000
[reader] generated 674/1000
[reader] generated 676/1000
[reader] generated 678/1000
[reader] generated 680/1000
[reader] generated 682/1000
[reader] generated 684/1000
[reader] generated 686/1000
[reader] generated 688/1000
[reader] generated 690/1000
[reader] generated 692/1000
[reader] generated 694/1000
[reader] generated 696/1000
[reader] generated 698/1000
[reader] generated 700/1000
[reader] generated 702/1000
[reader] generated 704/1000
[reader] generated 706/1000
[reader] generated 708/1000
[reader] generated 710/1000
[reader] generated 712/1000
[reader] generated 714/1000
[reader] generated 716/1000
[reader] generated 718/1000
[reader] generated 720/1000
[reader] generated 722/1000
[reader] generated 724/1000
[reader] generated 726/1000
[reader] generated 728/1000
[reader] generated 730/1000
[reader] generated 732/1000
[reader] generated 734/1000
[reader] generated 736/1000
[reader] generated 738/1000
[reader] generated 740/1000
[reader] generated 742/1000
[reader] generated 744/1000
[reader] generated 746/1000
[reader] generated 748/1000
[reader] generated 750/1000
[reader] generated 752/1000
[reader] generated 754/1000
[reader] generated 756/1000
[reader] generated 758/1000
[reader] generated 760/1000
[reader] generated 762/1000
[reader] generated 764/1000
[reader] generated 766/1000
[reader] generated 768/1000
[reader] generated 770/1000
[reader] generated 772/1000
[reader] generated 774/1000
[reader] generated 776/1000
[reader] generated 778/1000
[reader] generated 780/1000
[reader] generated 782/1000
[reader] generated 784/1000
[reader] generated 786/1000
[reader] generated 788/1000
[reader] generated 790/1000
[reader] generated 792/1000
[reader] generated 794/1000
[reader] generated 796/1000
[reader] generated 798/1000
[reader] generated 800/1000
[reader] generated 802/1000
[reader] generated 804/1000
[reader] generated 806/1000
[reader] generated 808/1000
[reader] generated 810/1000
[reader] generated 812/1000
[reader] generated 814/1000
[reader] generated 816/1000
[reader] generated 818/1000
[reader] generated 820/1000
[reader] generated 822/1000
[reader] generated 824/1000
[reader] generated 826/1000
[reader] generated 828/1000
[reader] generated 830/1000
[reader] generated 832/1000
[reader] generated 834/1000
[reader] generated 836/1000
[reader] generated 838/1000
[reader] generated 840/1000
[reader] generated 842/1000
[reader] generated 844/1000
[reader] generated 846/1000
[reader] generated 848/1000
[reader] generated 850/1000
[reader] generated 852/1000
[reader] generated 854/1000
[reader] generated 856/1000
[reader] generated 858/1000
[reader] generated 860/1000
[reader] generated 862/1000
[reader] generated 864/1000
[reader] generated 866/1000
[reader] generated 868/1000
[reader] generated 870/1000
[reader] generated 872/1000
[reader] generated 874/1000
[reader] generated 876/1000
[reader] generated 878/1000
[reader] generated 880/1000
[reader] generated 882/1000
[reader] generated 884/1000
[reader] generated 886/1000
[reader] generated 888/1000
[reader] generated 890/1000
[reader] generated 892/1000
[reader] generated 894/1000
[reader] generated 896/1000
[reader] generated 898/1000
[reader] generated 900/1000
[reader] generated 902/1000
[reader] generated 904/1000
[reader] generated 906/1000
[reader] generated 908/1000
[reader] generated 910/1000
[reader] generated 912/1000
[reader] generated 914/1000
[reader] generated 916/1000
[reader] generated 918/1000
[reader] generated 920/1000
[reader] generated 922/1000
[reader] generated 924/1000
[reader] generated 926/1000
[reader] generated 928/1000
[reader] generated 930/1000
[reader] generated 932/1000
[reader] generated 934/1000
[reader] generated 936/1000
[reader] generated 938/1000
[reader] generated 940/1000
[reader] generated 942/1000
[reader] generated 944/1000
[reader] generated 946/1000
[reader] generated 948/1000
[reader] generated 950/1000
[reader] generated 952/1000
[reader] generated 954/1000
[reader] generated 956/1000
[reader] generated 958/1000
[reader] generated 960/1000
[reader] generated 962/1000
[reader] generated 964/1000
[reader] generated 966/1000
[reader] generated 968/1000
[reader] generated 970/1000
[reader] generated 972/1000
[reader] generated 974/1000
[reader] generated 976/1000
[reader] generated 978/1000
[reader] generated 980/1000
[reader] generated 982/1000
[reader] generated 984/1000
[reader] generated 986/1000
[reader] generated 988/1000
[reader] generated 990/1000
[reader] generated 992/1000
[reader] generated 994/1000
[reader] generated 996/1000
[reader] generated 998/1000
[reader] generated 1000/1000
[stage3] policy=hybrid_packed_280, router_type=fixed, method=hybrid, reader_context=packed_snippets, reader_model=Qwen/Qwen2.5-3B-Instruct, ace_retriever=none, compressor=none, hybrid_alpha=0.5, packed_token_budget=280, candidate_policies=, selection_counts=, recall@1=0.42, all_gold@1=0.0, recall@2=0.6135, all_gold@2=0.308, recall@5=0.789, all_gold@5=0.598, qwen_em=0.281, qwen_f1=0.382, avg_reader_evidence_tokens=268.72
[stage3] materializing policy=ace_packed_280
[stage3] generating policy=ace_packed_280
[reader] generated 2/1000
[reader] generated 4/1000
[reader] generated 6/1000
[reader] generated 8/1000
[reader] generated 10/1000
[reader] generated 12/1000
[reader] generated 14/1000
[reader] generated 16/1000
[reader] generated 18/1000
[reader] generated 20/1000
[reader] generated 22/1000
[reader] generated 24/1000
[reader] generated 26/1000
[reader] generated 28/1000
[reader] generated 30/1000
[reader] generated 32/1000
[reader] generated 34/1000
[reader] generated 36/1000
[reader] generated 38/1000
[reader] generated 40/1000
[reader] generated 42/1000
[reader] generated 44/1000
[reader] generated 46/1000
[reader] generated 48/1000
[reader] generated 50/1000
[reader] generated 52/1000
[reader] generated 54/1000
[reader] generated 56/1000
[reader] generated 58/1000
[reader] generated 60/1000
[reader] generated 62/1000
[reader] generated 64/1000
[reader] generated 66/1000
[reader] generated 68/1000
[reader] generated 70/1000
[reader] generated 72/1000
[reader] generated 74/1000
[reader] generated 76/1000
[reader] generated 78/1000
[reader] generated 80/1000
[reader] generated 82/1000
[reader] generated 84/1000
[reader] generated 86/1000
[reader] generated 88/1000
[reader] generated 90/1000
[reader] generated 92/1000
[reader] generated 94/1000
[reader] generated 96/1000
[reader] generated 98/1000
[reader] generated 100/1000
[reader] generated 102/1000
[reader] generated 104/1000
[reader] generated 106/1000
[reader] generated 108/1000
[reader] generated 110/1000
[reader] generated 112/1000
[reader] generated 114/1000
[reader] generated 116/1000
[reader] generated 118/1000
[reader] generated 120/1000
[reader] generated 122/1000
[reader] generated 124/1000
[reader] generated 126/1000
[reader] generated 128/1000
[reader] generated 130/1000
[reader] generated 132/1000
[reader] generated 134/1000
[reader] generated 136/1000
[reader] generated 138/1000
[reader] generated 140/1000
[reader] generated 142/1000
[reader] generated 144/1000
[reader] generated 146/1000
[reader] generated 148/1000
[reader] generated 150/1000
[reader] generated 152/1000
[reader] generated 154/1000
[reader] generated 156/1000
[reader] generated 158/1000
[reader] generated 160/1000
[reader] generated 162/1000
[reader] generated 164/1000
[reader] generated 166/1000
[reader] generated 168/1000
[reader] generated 170/1000
[reader] generated 172/1000
[reader] generated 174/1000
[reader] generated 176/1000
[reader] generated 178/1000
[reader] generated 180/1000
[reader] generated 182/1000
[reader] generated 184/1000
[reader] generated 186/1000
[reader] generated 188/1000
[reader] generated 190/1000
[reader] generated 192/1000
[reader] generated 194/1000
[reader] generated 196/1000
[reader] generated 198/1000
[reader] generated 200/1000
[reader] generated 202/1000
[reader] generated 204/1000
[reader] generated 206/1000
[reader] generated 208/1000
[reader] generated 210/1000
[reader] generated 212/1000
[reader] generated 214/1000
[reader] generated 216/1000
[reader] generated 218/1000
[reader] generated 220/1000
[reader] generated 222/1000
[reader] generated 224/1000
[reader] generated 226/1000
[reader] generated 228/1000
[reader] generated 230/1000
[reader] generated 232/1000
[reader] generated 234/1000
[reader] generated 236/1000
[reader] generated 238/1000
[reader] generated 240/1000
[reader] generated 242/1000
[reader] generated 244/1000
[reader] generated 246/1000
[reader] generated 248/1000
[reader] generated 250/1000
[reader] generated 252/1000
[reader] generated 254/1000
[reader] generated 256/1000
[reader] generated 258/1000
[reader] generated 260/1000
[reader] generated 262/1000
[reader] generated 264/1000
[reader] generated 266/1000
[reader] generated 268/1000
[reader] generated 270/1000
[reader] generated 272/1000
[reader] generated 274/1000
[reader] generated 276/1000
[reader] generated 278/1000
[reader] generated 280/1000
[reader] generated 282/1000
[reader] generated 284/1000
[reader] generated 286/1000
[reader] generated 288/1000
[reader] generated 290/1000
[reader] generated 292/1000
[reader] generated 294/1000
[reader] generated 296/1000
[reader] generated 298/1000
[reader] generated 300/1000
[reader] generated 302/1000
[reader] generated 304/1000
[reader] generated 306/1000
[reader] generated 308/1000
[reader] generated 310/1000
[reader] generated 312/1000
[reader] generated 314/1000
[reader] generated 316/1000
[reader] generated 318/1000
[reader] generated 320/1000
[reader] generated 322/1000
[reader] generated 324/1000
[reader] generated 326/1000
[reader] generated 328/1000
[reader] generated 330/1000
[reader] generated 332/1000
[reader] generated 334/1000
[reader] generated 336/1000
[reader] generated 338/1000
[reader] generated 340/1000
[reader] generated 342/1000
[reader] generated 344/1000
[reader] generated 346/1000
[reader] generated 348/1000
[reader] generated 350/1000
[reader] generated 352/1000
[reader] generated 354/1000
[reader] generated 356/1000
[reader] generated 358/1000
[reader] generated 360/1000
[reader] generated 362/1000
[reader] generated 364/1000
[reader] generated 366/1000
[reader] generated 368/1000
[reader] generated 370/1000
[reader] generated 372/1000
[reader] generated 374/1000
[reader] generated 376/1000
[reader] generated 378/1000
[reader] generated 380/1000
[reader] generated 382/1000
[reader] generated 384/1000
[reader] generated 386/1000
[reader] generated 388/1000
[reader] generated 390/1000
[reader] generated 392/1000
[reader] generated 394/1000
[reader] generated 396/1000
[reader] generated 398/1000
[reader] generated 400/1000
[reader] generated 402/1000
[reader] generated 404/1000
[reader] generated 406/1000
[reader] generated 408/1000
[reader] generated 410/1000
[reader] generated 412/1000
[reader] generated 414/1000
[reader] generated 416/1000
[reader] generated 418/1000
[reader] generated 420/1000
[reader] generated 422/1000
[reader] generated 424/1000
[reader] generated 426/1000
[reader] generated 428/1000
[reader] generated 430/1000
[reader] generated 432/1000
[reader] generated 434/1000
[reader] generated 436/1000
[reader] generated 438/1000
[reader] generated 440/1000
[reader] generated 442/1000
[reader] generated 444/1000
[reader] generated 446/1000
[reader] generated 448/1000
[reader] generated 450/1000
[reader] generated 452/1000
[reader] generated 454/1000
[reader] generated 456/1000
[reader] generated 458/1000
[reader] generated 460/1000
[reader] generated 462/1000
[reader] generated 464/1000
[reader] generated 466/1000
[reader] generated 468/1000
[reader] generated 470/1000
[reader] generated 472/1000
[reader] generated 474/1000
[reader] generated 476/1000
[reader] generated 478/1000
[reader] generated 480/1000
[reader] generated 482/1000
[reader] generated 484/1000
[reader] generated 486/1000
[reader] generated 488/1000
[reader] generated 490/1000
[reader] generated 492/1000
[reader] generated 494/1000
[reader] generated 496/1000
[reader] generated 498/1000
[reader] generated 500/1000
[reader] generated 502/1000
[reader] generated 504/1000
[reader] generated 506/1000
[reader] generated 508/1000
[reader] generated 510/1000
[reader] generated 512/1000
[reader] generated 514/1000
[reader] generated 516/1000
[reader] generated 518/1000
[reader] generated 520/1000
[reader] generated 522/1000
[reader] generated 524/1000
[reader] generated 526/1000
[reader] generated 528/1000
[reader] generated 530/1000
[reader] generated 532/1000
[reader] generated 534/1000
[reader] generated 536/1000
[reader] generated 538/1000
[reader] generated 540/1000
[reader] generated 542/1000
[reader] generated 544/1000
[reader] generated 546/1000
[reader] generated 548/1000
[reader] generated 550/1000
[reader] generated 552/1000
[reader] generated 554/1000
[reader] generated 556/1000
[reader] generated 558/1000
[reader] generated 560/1000
[reader] generated 562/1000
[reader] generated 564/1000
[reader] generated 566/1000
[reader] generated 568/1000
[reader] generated 570/1000
[reader] generated 572/1000
[reader] generated 574/1000
[reader] generated 576/1000
[reader] generated 578/1000
[reader] generated 580/1000
[reader] generated 582/1000
[reader] generated 584/1000
[reader] generated 586/1000
[reader] generated 588/1000
[reader] generated 590/1000
[reader] generated 592/1000
[reader] generated 594/1000
[reader] generated 596/1000
[reader] generated 598/1000
[reader] generated 600/1000
[reader] generated 602/1000
[reader] generated 604/1000
[reader] generated 606/1000
[reader] generated 608/1000
[reader] generated 610/1000
[reader] generated 612/1000
[reader] generated 614/1000
[reader] generated 616/1000
[reader] generated 618/1000
[reader] generated 620/1000
[reader] generated 622/1000
[reader] generated 624/1000
[reader] generated 626/1000
[reader] generated 628/1000
[reader] generated 630/1000
[reader] generated 632/1000
[reader] generated 634/1000
[reader] generated 636/1000
[reader] generated 638/1000
[reader] generated 640/1000
[reader] generated 642/1000
[reader] generated 644/1000
[reader] generated 646/1000
[reader] generated 648/1000
[reader] generated 650/1000
[reader] generated 652/1000
[reader] generated 654/1000
[reader] generated 656/1000
[reader] generated 658/1000
[reader] generated 660/1000
[reader] generated 662/1000
[reader] generated 664/1000
[reader] generated 666/1000
[reader] generated 668/1000
[reader] generated 670/1000
[reader] generated 672/1000
[reader] generated 674/1000
[reader] generated 676/1000
[reader] generated 678/1000
[reader] generated 680/1000
[reader] generated 682/1000
[reader] generated 684/1000
[reader] generated 686/1000
[reader] generated 688/1000
[reader] generated 690/1000
[reader] generated 692/1000
[reader] generated 694/1000
[reader] generated 696/1000
[reader] generated 698/1000
[reader] generated 700/1000
[reader] generated 702/1000
[reader] generated 704/1000
[reader] generated 706/1000
[reader] generated 708/1000
[reader] generated 710/1000
[reader] generated 712/1000
[reader] generated 714/1000
[reader] generated 716/1000
[reader] generated 718/1000
[reader] generated 720/1000
[reader] generated 722/1000
[reader] generated 724/1000
[reader] generated 726/1000
[reader] generated 728/1000
[reader] generated 730/1000
[reader] generated 732/1000
[reader] generated 734/1000
[reader] generated 736/1000
[reader] generated 738/1000
[reader] generated 740/1000
[reader] generated 742/1000
[reader] generated 744/1000
[reader] generated 746/1000
[reader] generated 748/1000
[reader] generated 750/1000
[reader] generated 752/1000
[reader] generated 754/1000
[reader] generated 756/1000
[reader] generated 758/1000
[reader] generated 760/1000
[reader] generated 762/1000
[reader] generated 764/1000
[reader] generated 766/1000
[reader] generated 768/1000
[reader] generated 770/1000
[reader] generated 772/1000
[reader] generated 774/1000
[reader] generated 776/1000
[reader] generated 778/1000
[reader] generated 780/1000
[reader] generated 782/1000
[reader] generated 784/1000
[reader] generated 786/1000
[reader] generated 788/1000
[reader] generated 790/1000
[reader] generated 792/1000
[reader] generated 794/1000
[reader] generated 796/1000
[reader] generated 798/1000
[reader] generated 800/1000
[reader] generated 802/1000
[reader] generated 804/1000
[reader] generated 806/1000
[reader] generated 808/1000
[reader] generated 810/1000
[reader] generated 812/1000
[reader] generated 814/1000
[reader] generated 816/1000
[reader] generated 818/1000
[reader] generated 820/1000
[reader] generated 822/1000
[reader] generated 824/1000
[reader] generated 826/1000
[reader] generated 828/1000
[reader] generated 830/1000
[reader] generated 832/1000
[reader] generated 834/1000
[reader] generated 836/1000
[reader] generated 838/1000
[reader] generated 840/1000
[reader] generated 842/1000
[reader] generated 844/1000
[reader] generated 846/1000
[reader] generated 848/1000
[reader] generated 850/1000
[reader] generated 852/1000
[reader] generated 854/1000
[reader] generated 856/1000
[reader] generated 858/1000
[reader] generated 860/1000
[reader] generated 862/1000
[reader] generated 864/1000
[reader] generated 866/1000
[reader] generated 868/1000
[reader] generated 870/1000
[reader] generated 872/1000
[reader] generated 874/1000
[reader] generated 876/1000
[reader] generated 878/1000
[reader] generated 880/1000
[reader] generated 882/1000
[reader] generated 884/1000
[reader] generated 886/1000
[reader] generated 888/1000
[reader] generated 890/1000
[reader] generated 892/1000
[reader] generated 894/1000
[reader] generated 896/1000
[reader] generated 898/1000
[reader] generated 900/1000
[reader] generated 902/1000
[reader] generated 904/1000
[reader] generated 906/1000
[reader] generated 908/1000
[reader] generated 910/1000
[reader] generated 912/1000
[reader] generated 914/1000
[reader] generated 916/1000
[reader] generated 918/1000
[reader] generated 920/1000
[reader] generated 922/1000
[reader] generated 924/1000
[reader] generated 926/1000
[reader] generated 928/1000
[reader] generated 930/1000
[reader] generated 932/1000
[reader] generated 934/1000
[reader] generated 936/1000
[reader] generated 938/1000
[reader] generated 940/1000
[reader] generated 942/1000
[reader] generated 944/1000
[reader] generated 946/1000
[reader] generated 948/1000
[reader] generated 950/1000
[reader] generated 952/1000
[reader] generated 954/1000
[reader] generated 956/1000
[reader] generated 958/1000
[reader] generated 960/1000
[reader] generated 962/1000
[reader] generated 964/1000
[reader] generated 966/1000
[reader] generated 968/1000
[reader] generated 970/1000
[reader] generated 972/1000
[reader] generated 974/1000
[reader] generated 976/1000
[reader] generated 978/1000
[reader] generated 980/1000
[reader] generated 982/1000
[reader] generated 984/1000
[reader] generated 986/1000
[reader] generated 988/1000
[reader] generated 990/1000
[reader] generated 992/1000
[reader] generated 994/1000
[reader] generated 996/1000
[reader] generated 998/1000
[reader] generated 1000/1000
[stage3] policy=ace_packed_280, router_type=fixed, method=ace_graph, reader_context=packed_snippets, reader_model=Qwen/Qwen2.5-3B-Instruct, ace_retriever=standard, compressor=truncate:320, hybrid_alpha=, packed_token_budget=280, candidate_policies=, selection_counts=, recall@1=0.417, all_gold@1=0.0, recall@2=0.6505, all_gold@2=0.373, recall@5=0.8245, all_gold@5=0.668, qwen_em=0.33, qwen_f1=0.4338, avg_reader_evidence_tokens=267.46
[stage3] materializing policy=ace_focused_220
[stage3] generating policy=ace_focused_220
[reader] generated 2/1000
[reader] generated 4/1000
[reader] generated 6/1000
[reader] generated 8/1000
[reader] generated 10/1000
[reader] generated 12/1000
[reader] generated 14/1000
[reader] generated 16/1000
[reader] generated 18/1000
[reader] generated 20/1000
[reader] generated 22/1000
[reader] generated 24/1000
[reader] generated 26/1000
[reader] generated 28/1000
[reader] generated 30/1000
[reader] generated 32/1000
[reader] generated 34/1000
[reader] generated 36/1000
[reader] generated 38/1000
[reader] generated 40/1000
[reader] generated 42/1000
[reader] generated 44/1000
[reader] generated 46/1000
[reader] generated 48/1000
[reader] generated 50/1000
[reader] generated 52/1000
[reader] generated 54/1000
[reader] generated 56/1000
[reader] generated 58/1000
[reader] generated 60/1000
[reader] generated 62/1000
[reader] generated 64/1000
[reader] generated 66/1000
[reader] generated 68/1000
[reader] generated 70/1000
[reader] generated 72/1000
[reader] generated 74/1000
[reader] generated 76/1000
[reader] generated 78/1000
[reader] generated 80/1000
[reader] generated 82/1000
[reader] generated 84/1000
[reader] generated 86/1000
[reader] generated 88/1000
[reader] generated 90/1000
[reader] generated 92/1000
[reader] generated 94/1000
[reader] generated 96/1000
[reader] generated 98/1000
[reader] generated 100/1000
[reader] generated 102/1000
[reader] generated 104/1000
[reader] generated 106/1000
[reader] generated 108/1000
[reader] generated 110/1000
[reader] generated 112/1000
[reader] generated 114/1000
[reader] generated 116/1000
[reader] generated 118/1000
[reader] generated 120/1000
[reader] generated 122/1000
[reader] generated 124/1000
[reader] generated 126/1000
[reader] generated 128/1000
[reader] generated 130/1000
[reader] generated 132/1000
[reader] generated 134/1000
[reader] generated 136/1000
[reader] generated 138/1000
[reader] generated 140/1000
[reader] generated 142/1000
[reader] generated 144/1000
[reader] generated 146/1000
[reader] generated 148/1000
[reader] generated 150/1000
[reader] generated 152/1000
[reader] generated 154/1000
[reader] generated 156/1000
[reader] generated 158/1000
[reader] generated 160/1000
[reader] generated 162/1000
[reader] generated 164/1000
[reader] generated 166/1000
[reader] generated 168/1000
[reader] generated 170/1000
[reader] generated 172/1000
[reader] generated 174/1000
[reader] generated 176/1000
[reader] generated 178/1000
[reader] generated 180/1000
[reader] generated 182/1000
[reader] generated 184/1000
[reader] generated 186/1000
[reader] generated 188/1000
[reader] generated 190/1000
[reader] generated 192/1000
[reader] generated 194/1000
[reader] generated 196/1000
[reader] generated 198/1000
[reader] generated 200/1000
[reader] generated 202/1000
[reader] generated 204/1000
[reader] generated 206/1000
[reader] generated 208/1000
[reader] generated 210/1000
[reader] generated 212/1000
[reader] generated 214/1000
[reader] generated 216/1000
[reader] generated 218/1000
[reader] generated 220/1000
[reader] generated 222/1000
[reader] generated 224/1000
[reader] generated 226/1000
[reader] generated 228/1000
[reader] generated 230/1000
[reader] generated 232/1000
[reader] generated 234/1000
[reader] generated 236/1000
[reader] generated 238/1000
[reader] generated 240/1000
[reader] generated 242/1000
[reader] generated 244/1000
[reader] generated 246/1000
[reader] generated 248/1000
[reader] generated 250/1000
[reader] generated 252/1000
[reader] generated 254/1000
[reader] generated 256/1000
[reader] generated 258/1000
[reader] generated 260/1000
[reader] generated 262/1000
[reader] generated 264/1000
[reader] generated 266/1000
[reader] generated 268/1000
[reader] generated 270/1000
[reader] generated 272/1000
[reader] generated 274/1000
[reader] generated 276/1000
[reader] generated 278/1000
[reader] generated 280/1000
[reader] generated 282/1000
[reader] generated 284/1000
[reader] generated 286/1000
[reader] generated 288/1000
[reader] generated 290/1000
[reader] generated 292/1000
[reader] generated 294/1000
[reader] generated 296/1000
[reader] generated 298/1000
[reader] generated 300/1000
[reader] generated 302/1000
[reader] generated 304/1000
[reader] generated 306/1000
[reader] generated 308/1000
[reader] generated 310/1000
[reader] generated 312/1000
[reader] generated 314/1000
[reader] generated 316/1000
[reader] generated 318/1000
[reader] generated 320/1000
[reader] generated 322/1000
[reader] generated 324/1000
[reader] generated 326/1000
[reader] generated 328/1000
[reader] generated 330/1000
[reader] generated 332/1000
[reader] generated 334/1000
[reader] generated 336/1000
[reader] generated 338/1000
[reader] generated 340/1000
[reader] generated 342/1000
[reader] generated 344/1000
[reader] generated 346/1000
[reader] generated 348/1000
[reader] generated 350/1000
[reader] generated 352/1000
[reader] generated 354/1000
[reader] generated 356/1000
[reader] generated 358/1000
[reader] generated 360/1000
[reader] generated 362/1000
[reader] generated 364/1000
[reader] generated 366/1000
[reader] generated 368/1000
[reader] generated 370/1000
[reader] generated 372/1000
[reader] generated 374/1000
[reader] generated 376/1000
[reader] generated 378/1000
[reader] generated 380/1000
[reader] generated 382/1000
[reader] generated 384/1000
[reader] generated 386/1000
[reader] generated 388/1000
[reader] generated 390/1000
[reader] generated 392/1000
[reader] generated 394/1000
[reader] generated 396/1000
[reader] generated 398/1000
[reader] generated 400/1000
[reader] generated 402/1000
[reader] generated 404/1000
[reader] generated 406/1000
[reader] generated 408/1000
[reader] generated 410/1000
[reader] generated 412/1000
[reader] generated 414/1000
[reader] generated 416/1000
[reader] generated 418/1000
[reader] generated 420/1000
[reader] generated 422/1000
[reader] generated 424/1000
[reader] generated 426/1000
[reader] generated 428/1000
[reader] generated 430/1000
[reader] generated 432/1000
[reader] generated 434/1000
[reader] generated 436/1000
[reader] generated 438/1000
[reader] generated 440/1000
[reader] generated 442/1000
[reader] generated 444/1000
[reader] generated 446/1000
[reader] generated 448/1000
[reader] generated 450/1000
[reader] generated 452/1000
[reader] generated 454/1000
[reader] generated 456/1000
[reader] generated 458/1000
[reader] generated 460/1000
[reader] generated 462/1000
[reader] generated 464/1000
[reader] generated 466/1000
[reader] generated 468/1000
[reader] generated 470/1000
[reader] generated 472/1000
[reader] generated 474/1000
[reader] generated 476/1000
[reader] generated 478/1000
[reader] generated 480/1000
[reader] generated 482/1000
[reader] generated 484/1000
[reader] generated 486/1000
[reader] generated 488/1000
[reader] generated 490/1000
[reader] generated 492/1000
[reader] generated 494/1000
[reader] generated 496/1000
[reader] generated 498/1000
[reader] generated 500/1000
[reader] generated 502/1000
[reader] generated 504/1000
[reader] generated 506/1000
[reader] generated 508/1000
[reader] generated 510/1000
[reader] generated 512/1000
[reader] generated 514/1000
[reader] generated 516/1000
[reader] generated 518/1000
[reader] generated 520/1000
[reader] generated 522/1000
[reader] generated 524/1000
[reader] generated 526/1000
[reader] generated 528/1000
[reader] generated 530/1000
[reader] generated 532/1000
[reader] generated 534/1000
[reader] generated 536/1000
[reader] generated 538/1000
[reader] generated 540/1000
[reader] generated 542/1000
[reader] generated 544/1000
[reader] generated 546/1000
[reader] generated 548/1000
[reader] generated 550/1000
[reader] generated 552/1000
[reader] generated 554/1000
[reader] generated 556/1000
[reader] generated 558/1000
[reader] generated 560/1000
[reader] generated 562/1000
[reader] generated 564/1000
[reader] generated 566/1000
[reader] generated 568/1000
[reader] generated 570/1000
[reader] generated 572/1000
[reader] generated 574/1000
[reader] generated 576/1000
[reader] generated 578/1000
[reader] generated 580/1000
[reader] generated 582/1000
[reader] generated 584/1000
[reader] generated 586/1000
[reader] generated 588/1000
[reader] generated 590/1000
[reader] generated 592/1000
[reader] generated 594/1000
[reader] generated 596/1000
[reader] generated 598/1000
[reader] generated 600/1000
[reader] generated 602/1000
[reader] generated 604/1000
[reader] generated 606/1000
[reader] generated 608/1000
[reader] generated 610/1000
[reader] generated 612/1000
[reader] generated 614/1000
[reader] generated 616/1000
[reader] generated 618/1000
[reader] generated 620/1000
[reader] generated 622/1000
[reader] generated 624/1000
[reader] generated 626/1000
[reader] generated 628/1000
[reader] generated 630/1000
[reader] generated 632/1000
[reader] generated 634/1000
[reader] generated 636/1000
[reader] generated 638/1000
[reader] generated 640/1000
[reader] generated 642/1000
[reader] generated 644/1000
[reader] generated 646/1000
[reader] generated 648/1000
[reader] generated 650/1000
[reader] generated 652/1000
[reader] generated 654/1000
[reader] generated 656/1000
[reader] generated 658/1000
[reader] generated 660/1000
[reader] generated 662/1000
[reader] generated 664/1000
[reader] generated 666/1000
[reader] generated 668/1000
[reader] generated 670/1000
[reader] generated 672/1000
[reader] generated 674/1000
[reader] generated 676/1000
[reader] generated 678/1000
[reader] generated 680/1000
[reader] generated 682/1000
[reader] generated 684/1000
[reader] generated 686/1000
[reader] generated 688/1000
[reader] generated 690/1000
[reader] generated 692/1000
[reader] generated 694/1000
[reader] generated 696/1000
[reader] generated 698/1000
[reader] generated 700/1000
[reader] generated 702/1000
[reader] generated 704/1000
[reader] generated 706/1000
[reader] generated 708/1000
[reader] generated 710/1000
[reader] generated 712/1000
[reader] generated 714/1000
[reader] generated 716/1000
[reader] generated 718/1000
[reader] generated 720/1000
[reader] generated 722/1000
[reader] generated 724/1000
[reader] generated 726/1000
[reader] generated 728/1000
[reader] generated 730/1000
[reader] generated 732/1000
[reader] generated 734/1000
[reader] generated 736/1000
[reader] generated 738/1000
[reader] generated 740/1000
[reader] generated 742/1000
[reader] generated 744/1000
[reader] generated 746/1000
[reader] generated 748/1000
[reader] generated 750/1000
[reader] generated 752/1000
[reader] generated 754/1000
[reader] generated 756/1000
[reader] generated 758/1000
[reader] generated 760/1000
[reader] generated 762/1000
[reader] generated 764/1000
[reader] generated 766/1000
[reader] generated 768/1000
[reader] generated 770/1000
[reader] generated 772/1000
[reader] generated 774/1000
[reader] generated 776/1000
[reader] generated 778/1000
[reader] generated 780/1000
[reader] generated 782/1000
[reader] generated 784/1000
[reader] generated 786/1000
[reader] generated 788/1000
[reader] generated 790/1000
[reader] generated 792/1000
[reader] generated 794/1000
[reader] generated 796/1000
[reader] generated 798/1000
[reader] generated 800/1000
[reader] generated 802/1000
[reader] generated 804/1000
[reader] generated 806/1000
[reader] generated 808/1000
[reader] generated 810/1000
[reader] generated 812/1000
[reader] generated 814/1000
[reader] generated 816/1000
[reader] generated 818/1000
[reader] generated 820/1000
[reader] generated 822/1000
[reader] generated 824/1000
[reader] generated 826/1000
[reader] generated 828/1000
[reader] generated 830/1000
[reader] generated 832/1000
[reader] generated 834/1000
[reader] generated 836/1000
[reader] generated 838/1000
[reader] generated 840/1000
[reader] generated 842/1000
[reader] generated 844/1000
[reader] generated 846/1000
[reader] generated 848/1000
[reader] generated 850/1000
[reader] generated 852/1000
[reader] generated 854/1000
[reader] generated 856/1000
[reader] generated 858/1000
[reader] generated 860/1000
[reader] generated 862/1000
[reader] generated 864/1000
[reader] generated 866/1000
[reader] generated 868/1000
[reader] generated 870/1000
[reader] generated 872/1000
[reader] generated 874/1000
[reader] generated 876/1000
[reader] generated 878/1000
[reader] generated 880/1000
[reader] generated 882/1000
[reader] generated 884/1000
[reader] generated 886/1000
[reader] generated 888/1000
[reader] generated 890/1000
[reader] generated 892/1000
[reader] generated 894/1000
[reader] generated 896/1000
[reader] generated 898/1000
[reader] generated 900/1000
[reader] generated 902/1000
[reader] generated 904/1000
[reader] generated 906/1000
[reader] generated 908/1000
[reader] generated 910/1000
[reader] generated 912/1000
[reader] generated 914/1000
[reader] generated 916/1000
[reader] generated 918/1000
[reader] generated 920/1000
[reader] generated 922/1000
[reader] generated 924/1000
[reader] generated 926/1000
[reader] generated 928/1000
[reader] generated 930/1000
[reader] generated 932/1000
[reader] generated 934/1000
[reader] generated 936/1000
[reader] generated 938/1000
[reader] generated 940/1000
[reader] generated 942/1000
[reader] generated 944/1000
[reader] generated 946/1000
[reader] generated 948/1000
[reader] generated 950/1000
[reader] generated 952/1000
[reader] generated 954/1000
[reader] generated 956/1000
[reader] generated 958/1000
[reader] generated 960/1000
[reader] generated 962/1000
[reader] generated 964/1000
[reader] generated 966/1000
[reader] generated 968/1000
[reader] generated 970/1000
[reader] generated 972/1000
[reader] generated 974/1000
[reader] generated 976/1000
[reader] generated 978/1000
[reader] generated 980/1000
[reader] generated 982/1000
[reader] generated 984/1000
[reader] generated 986/1000
[reader] generated 988/1000
[reader] generated 990/1000
[reader] generated 992/1000
[reader] generated 994/1000
[reader] generated 996/1000
[reader] generated 998/1000
[reader] generated 1000/1000
[stage3] policy=ace_focused_220, router_type=fixed, method=ace_graph, reader_context=focused_packed, reader_model=Qwen/Qwen2.5-3B-Instruct, ace_retriever=standard, compressor=truncate:320, hybrid_alpha=, packed_token_budget=220, candidate_policies=, selection_counts=, recall@1=0.417, all_gold@1=0.0, recall@2=0.6505, all_gold@2=0.373, recall@5=0.8245, all_gold@5=0.668, qwen_em=0.312, qwen_f1=0.417, avg_reader_evidence_tokens=208.71
[stage3] policy=router_rule, router_type=rule, method=adaptive_router, reader_context=routed, reader_model=Qwen/Qwen2.5-3B-Instruct, ace_retriever=, compressor=, hybrid_alpha=, packed_token_budget=, candidate_policies=chunk_packed_280|bm25_packed_280|hybrid_packed_280|ace_packed_280|ace_focused_220, selection_counts={"ace_focused_220": 523, "ace_packed_280": 14, "chunk_packed_280": 424, "hybrid_packed_280": 39}, recall@1=0.326, all_gold@1=0.0, recall@2=0.542, all_gold@2=0.243, recall@5=0.8225, all_gold@5=0.658, qwen_em=0.306, qwen_f1=0.415, avg_reader_evidence_tokens=236.87
[stage3] policy=router_oracle, router_type=oracle, method=adaptive_router, reader_context=routed, reader_model=Qwen/Qwen2.5-3B-Instruct, ace_retriever=, compressor=, hybrid_alpha=, packed_token_budget=, candidate_policies=chunk_packed_280|bm25_packed_280|hybrid_packed_280|ace_packed_280|ace_focused_220, selection_counts={"ace_focused_220": 731, "ace_packed_280": 77, "bm25_packed_280": 57, "chunk_packed_280": 87, "hybrid_packed_280": 48}, recall@1=0.353, all_gold@1=0.0, recall@2=0.578, all_gold@2=0.281, recall@5=0.817, all_gold@5=0.652, qwen_em=0.473, qwen_f1=0.5972, avg_reader_evidence_tokens=223.16
wrote /kaggle/working/colab_results/stage3_hotpotqa_seed42_routerfix_limit1000_qwen3b/hotpotqa_stage3_router_standard_limit1000_metrics.csv
wrote /kaggle/working/colab_results/stage3_hotpotqa_seed42_routerfix_limit1000_qwen3b/hotpotqa_stage3_router_standard_limit1000_predictions.jsonl
wrote /kaggle/working/colab_results/stage3_hotpotqa_seed42_routerfix_limit1000_qwen3b/hotpotqa_stage3_router_standard_limit1000_router_features.csv
[done] stage3_hotpotqa_seed42_routerfix_limit1000_qwen3b
=== control/main.py done ===
