qid,policy,representation,packer,em,f1,ans_in_context,gold_token_density,gold_doc_reader_cov,context_tokens,base_recall@5,base_all_gold@5
5add1d575542992c1e3a2540,chunk_packed_96,chunk,packed,0.0,0.0,0.0,0.2644,0.5,87.0,0.5,0.0
5ac55ea55542993e66e82377,chunk_packed_96,chunk,packed,0.0,0.0,0.0,0.2088,0.5,91.0,1.0,1.0
5ac3a76e554299741d48a2be,chunk_packed_96,chunk,packed,1.0,1.0,0.0,1.0,0.5,78.0,1.0,1.0
5a7133565542994082a3e65c,chunk_packed_96,chunk,packed,0.0,0.0,0.0,0.0,0.0,84.0,1.0,1.0
5ac1a4745542991316484b82,chunk_packed_96,chunk,packed,0.0,0.0,0.0,0.3125,0.5,96.0,1.0,1.0
5adc597d55429947ff17392f,chunk_packed_96,chunk,packed,0.0,0.0,0.0,0.0,0.0,89.0,0.5,0.0
5ac55e835542993e66e82375,chunk_packed_96,chunk,packed,1.0,1.0,1.0,0.7753,0.5,89.0,1.0,1.0
5a8d9e0f554299441c6ba015,chunk_packed_96,chunk,packed,0.0,0.0,0.0,0.0,0.0,86.0,0.5,0.0
5ae70ed7554299572ea546a1,chunk_packed_96,chunk,packed,0.0,0.0,0.0,0.4945,0.5,91.0,1.0,1.0
5a74a8fa55429929fddd8497,chunk_packed_96,chunk,packed,0.0,0.0,0.0,0.573,0.5,89.0,0.5,0.0
5a7cb94f554299683c1c6353,chunk_packed_96,chunk,packed,0.0,0.0,0.0,0.4051,0.5,79.0,0.5,0.0
5ab874ba5542990e739ec904,chunk_packed_96,chunk,packed,0.0,0.0,1.0,0.5,0.5,96.0,1.0,1.0
5ae3a8985542992f92d82329,chunk_packed_96,chunk,packed,0.0,0.0,1.0,0.3068,0.5,88.0,0.5,0.0
5ac39f7b554299218029dbe7,chunk_packed_96,chunk,packed,0.0,0.0,0.0,0.5789,0.5,95.0,1.0,1.0
5ae27b535542996483e649b6,chunk_packed_96,chunk,packed,1.0,1.0,0.0,0.3412,0.5,85.0,1.0,1.0
5a7331de5542994cef4bc4a8,chunk_packed_96,chunk,packed,0.0,0.0,1.0,0.5949,0.5,79.0,1.0,1.0
5ac15de55542991316484afb,chunk_packed_96,chunk,packed,0.0,0.0,0.0,0.4255,0.5,94.0,1.0,1.0
5a7c6c9d554299683c1c6302,chunk_packed_96,chunk,packed,0.0,0.0,0.0,0.1684,0.5,95.0,0.5,0.0
5ae6363b55429929b0807af0,chunk_packed_96,chunk,packed,0.0,0.0,0.0,0.3368,0.5,95.0,0.5,0.0
5a8cea40554299441c6b9f76,chunk_packed_96,chunk,packed,0.0,0.0,1.0,0.5444,0.5,90.0,1.0,1.0
5ab5ecd75542992aa134a3e6,chunk_packed_96,chunk,packed,0.0,0.0,0.0,0.0,0.0,84.0,1.0,1.0
5a84c5545542991dd0999dee,chunk_packed_96,chunk,packed,0.0,0.0,0.0,1.0,0.5,83.0,0.5,0.0
5adeacf955429975fa854f66,chunk_packed_96,chunk,packed,0.0,0.0,0.0,0.0,0.0,94.0,0.5,0.0
5a8ce15d554299653c1aa12f,chunk_packed_96,chunk,packed,0.0,0.0,0.0,0.0,0.0,83.0,1.0,1.0
5ade4da055429939a52fe878,chunk_packed_96,chunk,packed,0.0,0.0,0.0,0.7143,0.5,91.0,1.0,1.0
5ab2a186554299295394677b,chunk_packed_96,chunk,packed,1.0,1.0,1.0,0.4805,0.5,77.0,1.0,1.0
5ade66e1554299728e26c713,chunk_packed_96,chunk,packed,0.0,0.0,0.0,0.7111,0.5,90.0,1.0,1.0
5a7c634c55429907fabeef79,chunk_packed_96,chunk,packed,1.0,1.0,0.0,0.0,0.0,96.0,1.0,1.0
5ae13f3c5542997b2ef7d168,chunk_packed_96,chunk,packed,0.0,0.0,0.0,0.0,0.0,89.0,0.5,0.0
5ae17cd055429901ffe4aea3,chunk_packed_96,chunk,packed,1.0,1.0,1.0,0.7391,1.0,92.0,1.0,1.0
5ae7940c55429952e35ea984,chunk_packed_96,chunk,packed,0.0,0.5714,0.0,0.0,0.0,88.0,0.5,0.0
5a7296815542991f9a20c515,chunk_packed_96,chunk,packed,1.0,1.0,1.0,0.3378,0.5,74.0,1.0,1.0
5ab2e8ad554299340b525562,chunk_packed_96,chunk,packed,1.0,1.0,1.0,0.6842,1.0,95.0,1.0,1.0
5a89b1de5542992e4fca8378,chunk_packed_96,chunk,packed,0.0,0.0,0.0,0.2833,0.5,60.0,1.0,1.0
5ab78edc5542995dae37e95c,chunk_packed_96,chunk,packed,0.0,0.0,0.0,0.0,0.0,87.0,0.5,0.0
5ae73acb5542991e8301cc07,chunk_packed_96,chunk,packed,0.0,0.0,1.0,0.4146,0.5,82.0,1.0,1.0
5a8257fa55429940e5e1a866,chunk_packed_96,chunk,packed,1.0,1.0,1.0,1.0,1.0,92.0,1.0,1.0
5a8d8e4f5542994ba4e3dca7,chunk_packed_96,chunk,packed,0.0,0.5,1.0,1.0,1.0,80.0,1.0,1.0
5a8a07725542992d82986e5b,chunk_packed_96,chunk,packed,0.0,0.0,0.0,0.0,0.0,88.0,0.5,0.0
5a79fac85542996c55b2dcc1,chunk_packed_96,chunk,packed,1.0,1.0,1.0,0.4773,1.0,88.0,1.0,1.0
5a81537355429926c1cdad20,chunk_packed_96,chunk,packed,0.0,0.3077,1.0,0.7391,0.5,92.0,1.0,1.0
5a721d5a55429971e9dc9283,chunk_packed_96,chunk,packed,0.0,0.4444,1.0,1.0,1.0,95.0,1.0,1.0
5a7aa2a255429941d65f270e,chunk_packed_96,chunk,packed,0.0,0.8,1.0,1.0,1.0,77.0,1.0,1.0
5abe6f8455429965af743f03,chunk_packed_96,chunk,packed,1.0,1.0,1.0,0.2021,0.5,94.0,1.0,1.0
5ae7257a554299572ea54731,chunk_packed_96,chunk,packed,1.0,1.0,1.0,0.4667,0.5,90.0,1.0,1.0
5ac0e0e25542997d64295a6f,chunk_packed_96,chunk,packed,0.0,0.0,0.0,0.4674,0.5,92.0,0.5,0.0
5a72688c5542997f827839b2,chunk_packed_96,chunk,packed,1.0,1.0,1.0,0.3516,0.5,91.0,1.0,1.0
5adea0c5554299728e26c776,chunk_packed_96,chunk,packed,0.0,0.0,0.0,0.1895,0.5,95.0,1.0,1.0
5ab8372255429919ba4e226b,chunk_packed_96,chunk,packed,0.0,0.0,1.0,0.2604,0.5,96.0,1.0,1.0
5ac0e064554299012d1db64e,chunk_packed_96,chunk,packed,0.0,0.0,0.0,0.0,0.0,79.0,0.5,0.0
5a8574945542997b5ce3fffb,chunk_packed_96,chunk,packed,1.0,1.0,1.0,0.5224,0.5,67.0,1.0,1.0
5a8704f8554299211dda2ba4,chunk_packed_96,chunk,packed,0.0,0.0,0.0,0.0,0.0,96.0,1.0,1.0
5a81d1f0554299676cceb0ee,chunk_packed_96,chunk,packed,0.0,0.0,0.0,1.0,0.5,81.0,1.0,1.0
5a7bf84b5542996dd594b875,chunk_packed_96,chunk,packed,1.0,1.0,1.0,1.0,1.0,86.0,1.0,1.0
5ab69e4f554299710c8d1eee,chunk_packed_96,chunk,packed,0.0,0.5,1.0,0.6842,0.5,95.0,1.0,1.0
5ae64ad25542995703ce8b4f,chunk_packed_96,chunk,packed,0.0,0.0,0.0,0.0,0.0,96.0,0.0,0.0
5a7571135542992d0ec05f98,chunk_packed_96,chunk,packed,1.0,1.0,1.0,0.6304,1.0,92.0,1.0,1.0
5a8f2fed55429918e830d1c7,chunk_packed_96,chunk,packed,0.0,0.0,1.0,0.7527,0.5,93.0,1.0,1.0
5ab596d95542992aa134a371,chunk_packed_96,chunk,packed,0.0,0.0,1.0,0.0,0.0,78.0,1.0,1.0
5a71214d5542994082a3e5b9,chunk_packed_96,chunk,packed,0.0,0.0,0.0,0.0,0.0,83.0,1.0,1.0
5ac298f9554299657fa28fc9,chunk_packed_96,chunk,packed,0.0,0.125,0.0,0.5213,0.5,94.0,1.0,1.0
5ae35e8c5542990afbd1e120,chunk_packed_96,chunk,packed,0.0,0.0,0.0,0.0,0.0,78.0,0.5,0.0
5ae616ce5542992663a4f259,chunk_packed_96,chunk,packed,0.0,0.3333,0.0,0.6941,0.5,85.0,0.5,0.0
5abbc3a955429931dba144f9,chunk_packed_96,chunk,packed,0.0,0.0,0.0,0.5591,0.5,93.0,0.5,0.0
5adfe6c455429906c02daa85,chunk_packed_96,chunk,packed,0.0,0.0,0.0,0.0,0.0,92.0,0.5,0.0
5a7f924c55429969796c1aba,chunk_packed_96,chunk,packed,0.0,0.0,0.0,0.0,0.0,95.0,0.5,0.0
5ab938fb554299131ca422ce,chunk_packed_96,chunk,packed,0.0,0.0,0.0,0.7283,1.0,92.0,1.0,1.0
5ae1e80b5542997f29b3c197,chunk_packed_96,chunk,packed,0.0,0.0,0.0,0.3529,0.5,85.0,0.5,0.0
5a89e3995542992e4fca844d,chunk_packed_96,chunk,packed,0.0,0.0,0.0,0.5056,0.5,89.0,0.5,0.0
5ab8919655429934fafe6e13,chunk_packed_96,chunk,packed,0.0,0.0,0.0,0.0,0.0,86.0,0.5,0.0
5add18345542994ed6169c7e,chunk_packed_96,chunk,packed,1.0,1.0,1.0,1.0,1.0,90.0,1.0,1.0
5a825b0e55429954d2e2eb0c,chunk_packed_96,chunk,packed,0.0,0.0,0.0,0.0,0.0,93.0,0.5,0.0
5ab54056554299488d4d9923,chunk_packed_96,chunk,packed,0.0,0.0,0.0,0.2055,0.5,73.0,0.5,0.0
5a8a416955429930ff3c0d2b,chunk_packed_96,chunk,packed,1.0,1.0,1.0,0.4894,0.5,94.0,1.0,1.0
5a729fe55542991f9a20c53b,chunk_packed_96,chunk,packed,0.0,0.0,0.0,0.3542,0.5,96.0,1.0,1.0
5abee41a5542993fe9a41d79,chunk_packed_96,chunk,packed,1.0,1.0,1.0,0.6923,0.5,91.0,1.0,1.0
5a8327fd5542990548d0b1a3,chunk_packed_96,chunk,packed,1.0,1.0,1.0,0.8182,1.0,88.0,1.0,1.0
5a7264ed5542990c210a411a,chunk_packed_96,chunk,packed,0.0,0.0,0.0,0.0,0.0,95.0,1.0,1.0
5a74cfc75542996c70cfadfe,chunk_packed_96,chunk,packed,0.0,0.75,1.0,0.6809,0.5,94.0,1.0,1.0
5abe3c7555429965af743ea5,chunk_packed_96,chunk,packed,0.0,0.0,1.0,0.3579,0.5,95.0,1.0,1.0
5a88a5645542997e5c09a679,chunk_packed_96,chunk,packed,1.0,1.0,0.0,0.631,0.5,84.0,1.0,1.0
5a8756aa5542994846c1cd69,chunk_packed_96,chunk,packed,0.0,0.5,1.0,1.0,1.0,91.0,1.0,1.0
5a83ab355542990548d0b218,chunk_packed_96,chunk,packed,0.0,0.0,1.0,0.0,0.0,93.0,1.0,1.0
5abe407155429976d4830ab4,chunk_packed_96,chunk,packed,0.0,0.0,0.0,0.6023,0.5,88.0,1.0,1.0
5a769b115542993569682c51,chunk_packed_96,chunk,packed,0.0,0.0,0.0,0.0,0.0,95.0,0.0,0.0
5abb8a9b5542996cc5e4a016,chunk_packed_96,chunk,packed,0.0,0.0,1.0,0.3478,0.5,69.0,1.0,1.0
5adf4b335542993a75d264a5,chunk_packed_96,chunk,packed,0.0,0.4,1.0,0.4231,0.5,78.0,1.0,1.0
5a8a19c45542992e4fca8501,chunk_packed_96,chunk,packed,0.0,0.0,0.0,0.1158,0.5,95.0,1.0,1.0
5ac2f34455429921a00ab0b6,chunk_packed_96,chunk,packed,0.0,0.25,1.0,0.3158,0.5,95.0,1.0,1.0
5a7e040f5542990b8f503b13,chunk_packed_96,chunk,packed,1.0,1.0,1.0,0.5676,1.0,74.0,1.0,1.0
5a8f186055429918e830d186,chunk_packed_96,chunk,packed,0.0,0.0,0.0,0.7558,0.5,86.0,1.0,1.0
5ac4fbe255429924173fb53b,chunk_packed_96,chunk,packed,0.0,0.0,0.0,0.5625,0.5,96.0,0.5,0.0
5a8591715542994c784ddb27,chunk_packed_96,chunk,packed,0.0,0.0,0.0,0.6559,0.5,93.0,1.0,1.0
5a8ee3a755429917b4a5be02,chunk_packed_96,chunk,packed,0.0,0.5714,0.0,0.6,0.5,95.0,0.5,0.0
5ab985eb554299131ca42360,chunk_packed_96,chunk,packed,1.0,1.0,1.0,0.1413,0.5,92.0,1.0,1.0
5ab431d855429942dd415ed2,chunk_packed_96,chunk,packed,0.0,0.0,0.0,0.0,0.0,80.0,0.5,0.0
5a771ead55429966f1a36c7c,chunk_packed_96,chunk,packed,0.0,0.0,0.0,0.0,0.0,78.0,1.0,1.0
5ac46a8b5542991943173980,chunk_packed_96,chunk,packed,0.0,0.0,0.0,0.0,0.0,92.0,1.0,1.0
5abda2b755429933744ab80f,chunk_packed_96,chunk,packed,0.0,0.0,0.0,0.6042,0.5,96.0,1.0,1.0
5adc02445542994650320c4e,chunk_packed_96,chunk,packed,1.0,1.0,1.0,0.377,0.5,61.0,1.0,1.0
5a8b128455429971feec463b,chunk_packed_96,chunk,packed,0.0,0.0,0.0,0.0,0.0,78.0,0.5,0.0
5a803ed45542996402f6a496,chunk_packed_96,chunk,packed,0.0,0.0,1.0,0.618,0.5,89.0,1.0,1.0
5a74c85055429916b0164218,chunk_packed_96,chunk,packed,0.0,0.6667,1.0,0.1978,0.5,91.0,1.0,1.0
5ac288a95542990b17b153e5,chunk_packed_96,chunk,packed,0.0,0.0,0.0,0.2258,0.5,93.0,0.5,0.0
5ab2123155429970612095b9,chunk_packed_96,chunk,packed,0.0,0.0,1.0,0.1463,0.5,82.0,0.5,0.0
5a82edae55429966c78a6a9f,chunk_packed_96,chunk,packed,1.0,1.0,1.0,0.2198,0.5,91.0,1.0,1.0
5ae22b8d554299234fd0440f,chunk_packed_96,chunk,packed,0.0,0.0,1.0,0.4615,0.5,91.0,1.0,1.0
5adbda2755429944faac2385,chunk_packed_96,chunk,packed,0.0,0.0,0.0,0.0,0.0,88.0,1.0,1.0
5ae1d1a55542997f29b3c138,chunk_packed_96,chunk,packed,0.0,0.0,1.0,1.0,1.0,90.0,1.0,1.0
5ac3a2f35542993915413856,chunk_packed_96,chunk,packed,0.0,0.0,0.0,0.0,0.0,94.0,0.5,0.0
5a7647b85542992d0ec0608a,chunk_packed_96,chunk,packed,1.0,1.0,1.0,0.5,0.5,96.0,1.0,1.0
5ac49a1c5542996feb3fe905,chunk_packed_96,chunk,packed,0.0,0.0,0.0,0.0,0.0,79.0,0.0,0.0
5ae60484554299546bf8301a,chunk_packed_96,chunk,packed,1.0,1.0,1.0,0.8049,1.0,82.0,1.0,1.0
5a84cf175542992a431d1aa2,chunk_packed_96,chunk,packed,0.0,0.0,1.0,0.5208,1.0,96.0,1.0,1.0
5a81b2505542995ce29dcc32,chunk_packed_96,chunk,packed,1.0,1.0,1.0,0.5977,0.5,87.0,1.0,1.0
5ab568af554299494045efaf,chunk_packed_96,chunk,packed,1.0,1.0,1.0,0.6512,0.5,86.0,1.0,1.0
5a8f7a135542992414482adc,chunk_packed_96,chunk,packed,0.0,0.0,0.0,0.3457,0.5,81.0,1.0,1.0
5ab2be71554299166977408c,chunk_packed_96,chunk,packed,0.0,0.0,1.0,1.0,0.5,92.0,1.0,1.0
5ae537e45542990ba0bbb235,chunk_packed_96,chunk,packed,0.0,0.0,0.0,0.6753,0.5,77.0,1.0,1.0
5ac2546a554299636651997b,chunk_packed_96,chunk,packed,1.0,1.0,0.0,0.2558,0.5,86.0,1.0,1.0
5ae356045542990afbd1e10d,chunk_packed_96,chunk,packed,0.0,0.2667,0.0,0.0,0.0,95.0,0.5,0.0
5ae1e6d95542997283cd22c3,chunk_packed_96,chunk,packed,0.0,0.5714,1.0,0.3617,0.5,94.0,0.5,0.0
5a8b8f5b55429949d91db5e1,chunk_packed_96,chunk,packed,0.0,0.0,1.0,0.4651,0.5,86.0,1.0,1.0
5ab3460055429976abd1bc80,chunk_packed_96,chunk,packed,1.0,1.0,1.0,0.617,1.0,94.0,1.0,1.0
5a7d2afb554299452d57bb41,chunk_packed_96,chunk,packed,1.0,1.0,1.0,1.0,1.0,88.0,1.0,1.0
5adea95055429939a52fe931,chunk_packed_96,chunk,packed,0.0,0.6667,1.0,0.5568,0.5,88.0,1.0,1.0
5ab7d33d5542992aa3b8c859,chunk_packed_96,chunk,packed,0.0,0.4,0.0,1.0,1.0,93.0,1.0,1.0
5a893f305542993b751ca91e,chunk_packed_96,chunk,packed,0.0,0.0,0.0,0.0,0.0,80.0,0.5,0.0
5adea83b55429975fa854f53,chunk_packed_96,chunk,packed,0.0,0.0,1.0,0.1648,0.5,91.0,1.0,1.0
5ae1d32a554299492dc91b9c,chunk_packed_96,chunk,packed,0.0,0.0,1.0,0.5851,1.0,94.0,1.0,1.0
5a82accd55429966c78a6a78,chunk_packed_96,chunk,packed,0.0,0.0,0.0,0.3846,0.5,91.0,1.0,1.0
5a90ba1b55429933b8a205c6,chunk_packed_96,chunk,packed,1.0,1.0,1.0,0.0,0.0,96.0,1.0,1.0
5adcb6875542994ed6169bcb,chunk_packed_96,chunk,packed,0.0,0.0,1.0,0.9583,1.0,96.0,1.0,1.0
5a7f95685542995d8a8ddeaa,chunk_packed_96,chunk,packed,0.0,0.0,0.0,0.0,0.0,70.0,0.0,0.0
5a78b386554299148911f949,chunk_packed_96,chunk,packed,0.0,0.0,0.0,0.0,0.0,88.0,0.5,0.0
5a8c781c554299653c1aa083,chunk_packed_96,chunk,packed,0.0,0.0,0.0,0.2947,0.5,95.0,1.0,1.0
5a80ae105542992bc0c4a7a2,chunk_packed_96,chunk,packed,0.0,0.0,1.0,0.6444,1.0,90.0,1.0,1.0
5a84992e5542992a431d1a6d,chunk_packed_96,chunk,packed,0.0,0.0,0.0,0.5904,0.5,83.0,0.5,0.0
5a8f2cc855429918e830d1be,chunk_packed_96,chunk,packed,0.0,0.0,0.0,0.1702,0.5,94.0,0.5,0.0
5a8841ee5542994846c1ce6b,chunk_packed_96,chunk,packed,0.0,0.0,1.0,0.1477,0.5,88.0,1.0,1.0
5adf85e05542993344016cba,chunk_packed_96,chunk,packed,0.0,0.0,0.0,0.3404,0.5,94.0,1.0,1.0
5a77415b55429966f1a36cd2,chunk_packed_96,chunk,packed,0.0,0.8,1.0,0.6049,1.0,81.0,1.0,1.0
5a72fc865542991f9a20c5e9,chunk_packed_96,chunk,packed,0.0,0.0,0.0,0.6452,1.0,93.0,1.0,1.0
5ac4e13f554299076e296e2d,chunk_packed_96,chunk,packed,0.0,0.0,1.0,0.3462,0.5,78.0,1.0,1.0
5a7796e05542992a6e59df0f,chunk_packed_96,chunk,packed,1.0,1.0,1.0,0.4409,0.5,93.0,1.0,1.0
5ae3eabc5542995dadf2424f,chunk_packed_96,chunk,packed,1.0,1.0,1.0,0.6786,1.0,84.0,1.0,1.0
5ae3c71f5542991a06ce9a22,chunk_packed_96,chunk,packed,0.0,0.6667,1.0,0.56,0.5,75.0,1.0,1.0
5ae25d2b554299495565da46,chunk_packed_96,chunk,packed,0.0,0.0,0.0,0.0,0.0,82.0,1.0,1.0
5ab8179f5542990e739ec817,chunk_packed_96,chunk,packed,1.0,1.0,1.0,0.4667,0.5,90.0,1.0,1.0
5adc411f5542994650320cbc,chunk_packed_96,chunk,packed,0.0,0.0,1.0,1.0,1.0,94.0,1.0,1.0
5aba6f3e55429955dce3ee21,chunk_packed_96,chunk,packed,0.0,0.0,0.0,0.0,0.0,94.0,1.0,1.0
5add2dae5542992c1e3a2558,chunk_packed_96,chunk,packed,0.0,0.6667,0.0,0.3667,0.5,90.0,1.0,1.0
5ae14b0655429920d52343a6,chunk_packed_96,chunk,packed,1.0,1.0,1.0,0.4828,0.5,87.0,1.0,1.0
5a730a6b5542992359bc3210,chunk_packed_96,chunk,packed,1.0,1.0,1.0,0.6344,1.0,93.0,1.0,1.0
5a75fa14554299109176e5dc,chunk_packed_96,chunk,packed,0.0,0.0,0.0,1.0,0.5,85.0,1.0,1.0
5ac35a7e554299741d48a257,chunk_packed_96,chunk,packed,0.0,0.6667,1.0,0.5125,1.0,80.0,1.0,1.0
5a8651185542994775f60752,chunk_packed_96,chunk,packed,0.0,0.0,0.0,0.2903,0.5,62.0,1.0,1.0
5a79fe3b5542994f819ef119,chunk_packed_96,chunk,packed,1.0,1.0,1.0,0.5316,0.5,79.0,1.0,1.0
5a8268215542995ce29dccfb,chunk_packed_96,chunk,packed,1.0,1.0,1.0,0.5667,1.0,90.0,1.0,1.0
5a7605f85542994ccc91868d,chunk_packed_96,chunk,packed,1.0,1.0,1.0,1.0,0.5,73.0,1.0,1.0
5adf74075542992d7e9f937c,chunk_packed_96,chunk,packed,0.0,0.4,0.0,0.5532,0.5,94.0,1.0,1.0
5abe2b0155429976d4830a83,chunk_packed_96,chunk,packed,0.0,0.0,0.0,0.0,0.0,73.0,1.0,1.0
5a849c1b5542997175ce1ef9,chunk_packed_96,chunk,packed,0.0,0.6667,1.0,0.561,1.0,82.0,1.0,1.0
5a81108855429926c1cdace2,chunk_packed_96,chunk,packed,0.0,0.0,0.0,0.0,0.0,94.0,1.0,1.0
5a8e06785542995085b37383,chunk_packed_96,chunk,packed,0.0,0.0,0.0,0.3407,0.5,91.0,1.0,1.0
5adbfa38554299438c868d00,chunk_packed_96,chunk,packed,0.0,0.3333,1.0,0.4471,0.5,85.0,1.0,1.0
5a73b1855542992d56e7e388,chunk_packed_96,chunk,packed,0.0,0.8,0.0,0.3438,0.5,96.0,1.0,1.0
5ab94fa25542996be2020474,chunk_packed_96,chunk,packed,0.0,0.0,0.0,0.0,0.0,83.0,1.0,1.0
5a7e7d4655429934daa2fc2e,chunk_packed_96,chunk,packed,0.0,0.3333,0.0,0.0,0.0,86.0,1.0,1.0
5a75d9c05542992db94736f6,chunk_packed_96,chunk,packed,0.0,0.0,0.0,0.0,0.0,75.0,0.5,0.0
5adf33965542993344016c20,chunk_packed_96,chunk,packed,0.0,0.0,1.0,1.0,0.5,85.0,1.0,1.0
5a8f979255429918e830d288,chunk_packed_96,chunk,packed,0.0,0.3333,0.0,0.4688,0.5,96.0,0.5,0.0
5a8a17685542993b751ca9f3,chunk_packed_96,chunk,packed,1.0,1.0,1.0,0.3294,0.5,85.0,1.0,1.0
5abd56355542993062266c58,chunk_packed_96,chunk,packed,0.0,0.0,0.0,0.0,0.0,77.0,1.0,1.0
5ab91f98554299753720f70d,chunk_packed_96,chunk,packed,0.0,0.0,1.0,0.0,0.0,92.0,1.0,1.0
5a811152554299260e20a22e,chunk_packed_96,chunk,packed,0.0,0.8,1.0,0.6,1.0,95.0,1.0,1.0
5a7a1f795542996c55b2dd1b,chunk_packed_96,chunk,packed,1.0,1.0,1.0,1.0,1.0,78.0,1.0,1.0
5a7324e055429901807daf8f,chunk_packed_96,chunk,packed,0.0,0.8,0.0,0.3553,0.5,76.0,1.0,1.0
5ab9618f554299743d22eb28,chunk_packed_96,chunk,packed,0.0,0.0,0.0,0.2771,0.5,83.0,0.5,0.0
5abffafe5542997d64295988,chunk_packed_96,chunk,packed,0.0,0.8,1.0,0.4792,1.0,96.0,1.0,1.0
5a8cee9b554299441c6b9f87,chunk_packed_96,chunk,packed,0.0,0.0,1.0,1.0,1.0,96.0,1.0,1.0
5a7270395542992359bc30a8,chunk_packed_96,chunk,packed,0.0,0.0,0.0,0.0,0.0,94.0,0.5,0.0
5ac14d0c5542991316484ae2,chunk_packed_96,chunk,packed,0.0,0.0,1.0,1.0,1.0,93.0,1.0,1.0
5a75a76b5542992db9473697,chunk_packed_96,chunk,packed,0.0,0.0,1.0,0.8111,0.5,90.0,1.0,1.0
5ab55455554299488d4d993b,chunk_packed_96,chunk,packed,0.0,0.0,0.0,0.4079,0.5,76.0,1.0,1.0
5a7f48e15542992e7d278ce6,chunk_packed_96,chunk,packed,0.0,0.0,0.0,1.0,0.5,80.0,0.5,0.0
5ab7f0995542995dae37e9fb,chunk_packed_96,chunk,packed,0.0,0.0,0.0,0.6628,0.5,86.0,1.0,1.0
5aba89fb5542994dbf019933,chunk_packed_96,chunk,packed,0.0,0.0,0.0,0.0,0.0,55.0,1.0,1.0
5a7621bb554299109176e650,chunk_packed_96,chunk,packed,0.0,0.0,0.0,0.8421,0.5,95.0,1.0,1.0
5a70f0e75542994082a3e408,chunk_packed_96,chunk,packed,0.0,0.0,1.0,0.3542,0.5,96.0,1.0,1.0
5a773ec45542994aec3b7245,chunk_packed_96,chunk,packed,0.0,0.0,1.0,0.5275,0.5,91.0,1.0,1.0
5a802b595542995d8a8ddf51,chunk_packed_96,chunk,packed,1.0,1.0,1.0,0.0,0.0,95.0,0.5,0.0
5a8de7c65542995085b37353,chunk_packed_96,chunk,packed,1.0,1.0,1.0,0.3678,0.5,87.0,1.0,1.0
5ab5b6c1554299637185c5e5,chunk_packed_96,chunk,packed,1.0,1.0,1.0,0.0,0.0,83.0,0.5,0.0
5abb8e2d554299642a094aa4,chunk_packed_96,chunk,packed,0.0,0.3333,1.0,0.3253,0.5,83.0,1.0,1.0
5a7642f7554299109176e6e8,chunk_packed_96,chunk,packed,1.0,1.0,1.0,0.5625,1.0,96.0,1.0,1.0
5a756b175542996c70cfaef7,chunk_packed_96,chunk,packed,0.0,0.0,1.0,0.0,0.0,88.0,1.0,1.0
5a83161555429940e5e1a958,chunk_packed_96,chunk,packed,1.0,1.0,1.0,0.6854,1.0,89.0,1.0,1.0
5ab3eac5554299753aec59ec,chunk_packed_96,chunk,packed,0.0,0.0,1.0,0.2637,0.5,91.0,1.0,1.0
5a73090455429901807daf6e,chunk_packed_96,chunk,packed,1.0,1.0,1.0,0.1222,0.5,90.0,1.0,1.0
5a8c8502554299585d9e36d0,chunk_packed_96,chunk,packed,0.0,0.0,1.0,0.7273,0.5,88.0,1.0,1.0
5a7d598d5542995f4f402262,chunk_packed_96,chunk,packed,1.0,1.0,1.0,0.2857,1.0,91.0,1.0,1.0
5a77f4755542992a6e59e01f,chunk_packed_96,chunk,packed,1.0,1.0,1.0,0.8556,1.0,90.0,1.0,1.0
5abcf14f55429959677d6b5b,chunk_packed_96,chunk,packed,0.0,0.4444,0.0,0.3214,0.5,84.0,1.0,1.0
5a8d8eb5554299068b959d3a,chunk_packed_96,chunk,packed,1.0,1.0,0.0,0.0,0.0,73.0,1.0,1.0
5a7e7ed05542991319bc94c2,chunk_packed_96,chunk,packed,0.0,0.0,1.0,1.0,1.0,96.0,1.0,1.0
5ae236445542992decbdcc69,chunk_packed_96,chunk,packed,1.0,1.0,1.0,1.0,0.5,79.0,1.0,1.0
5a750de95542993748c897ac,chunk_packed_96,chunk,packed,0.0,0.3333,0.0,0.3418,0.5,79.0,1.0,1.0
5a7fc03d5542992097ad2fbc,chunk_packed_96,chunk,packed,0.0,0.0,1.0,0.0,0.0,91.0,1.0,1.0
5a7172105542994082a3e837,chunk_packed_96,chunk,packed,1.0,1.0,1.0,0.481,0.5,79.0,1.0,1.0
5a847edd554299123d8c2272,chunk_packed_96,chunk,packed,0.0,0.0,0.0,1.0,1.0,89.0,1.0,1.0
5ab761d955429928e1fe3856,chunk_packed_96,chunk,packed,1.0,1.0,1.0,0.6628,1.0,86.0,1.0,1.0
5a7a2dac5542990198eaf0b6,chunk_packed_96,chunk,packed,0.0,0.0,1.0,0.6383,0.5,94.0,1.0,1.0
5ae530e355429908b6326561,chunk_packed_96,chunk,packed,0.0,0.0,0.0,0.5319,0.5,94.0,1.0,1.0
5abcff225542993a06baf9ea,chunk_packed_96,chunk,packed,1.0,1.0,1.0,0.3258,0.5,89.0,1.0,1.0
5abe9f7d5542997ec76fd331,chunk_packed_96,chunk,packed,0.0,0.0,0.0,0.3261,0.5,92.0,0.5,0.0
5a8db42f5542994ba4e3dd11,chunk_packed_96,chunk,packed,1.0,1.0,0.0,0.2439,0.5,82.0,1.0,1.0
5ae658855542992ae0d162e3,chunk_packed_96,chunk,packed,0.0,0.0,1.0,0.6452,0.5,93.0,0.5,0.0
5a8c6d4e5542996e8ac88aa6,chunk_packed_96,chunk,packed,0.0,0.0,0.0,0.1875,0.5,80.0,1.0,1.0
5aba65a055429939ce03dcd2,chunk_packed_96,chunk,packed,1.0,1.0,1.0,0.3708,0.5,89.0,1.0,1.0
5ae199305542997b2ef7d20e,chunk_packed_96,chunk,packed,0.0,0.0,1.0,1.0,1.0,67.0,1.0,1.0
5a806aca5542996402f6a503,chunk_packed_96,chunk,packed,0.0,0.0,0.0,0.0,0.0,81.0,0.5,0.0
5ae336495542990afbd1e0e1,chunk_packed_96,chunk,packed,0.0,0.0,0.0,0.0,0.0,94.0,1.0,1.0
5a8198565542995ce29dcc13,chunk_packed_96,chunk,packed,0.0,0.0,0.0,0.35,0.5,80.0,1.0,1.0
5a9068075542990a9849361a,chunk_packed_96,chunk,packed,0.0,0.0,0.0,1.0,0.5,71.0,1.0,1.0
5a7a2be25542996a35c17118,chunk_packed_96,chunk,packed,0.0,0.0,1.0,0.0,0.0,91.0,1.0,1.0
5a7562045542992db947364f,chunk_packed_96,chunk,packed,0.0,0.2857,0.0,1.0,0.5,77.0,1.0,1.0
5ac2a55b55429921a00ab018,chunk_packed_96,chunk,packed,1.0,1.0,1.0,1.0,1.0,95.0,1.0,1.0
5abccf6755429965836004ab,chunk_packed_96,chunk,packed,0.0,0.0,0.0,0.3636,0.5,88.0,1.0,1.0
5a7c8ae855429935c91b5207,chunk_packed_96,chunk,packed,1.0,1.0,1.0,0.6129,0.5,93.0,1.0,1.0
5ab30ebf554299753aec592c,chunk_packed_96,chunk,packed,0.0,0.0,1.0,0.8548,0.5,62.0,0.5,0.0
5ab2b95c5542991669774072,chunk_packed_96,chunk,packed,1.0,1.0,1.0,0.4416,0.5,77.0,1.0,1.0
5ac2a10e554299657fa28fec,chunk_packed_96,chunk,packed,1.0,1.0,1.0,0.0,0.0,70.0,0.5,0.0
5abb02fe554299232ef4a39f,chunk_packed_96,chunk,packed,0.0,0.0,0.0,0.0,0.0,93.0,1.0,1.0
5a8eb4d65542990e94052b82,chunk_packed_96,chunk,packed,0.0,0.0,0.0,0.1383,0.5,94.0,1.0,1.0
5a8ba60b554299240d9c205b,chunk_packed_96,chunk,packed,1.0,1.0,0.0,0.5435,0.5,92.0,1.0,1.0
5a807ca5554299485f598613,chunk_packed_96,chunk,packed,0.0,0.0,0.0,0.5952,0.5,84.0,1.0,1.0
5a7c0dab5542997c3ec972d2,chunk_packed_96,chunk,packed,0.0,0.5,1.0,0.4787,1.0,94.0,1.0,1.0
5a89019a5542995153361259,chunk_packed_96,chunk,packed,0.0,0.0,1.0,0.4831,0.5,89.0,0.5,0.0
5a7f00b455429930675135f1,chunk_packed_96,chunk,packed,1.0,1.0,1.0,0.3452,0.5,84.0,1.0,1.0
5a8220db5542995ce29dccc1,chunk_packed_96,chunk,packed,0.0,0.0,0.0,0.617,1.0,94.0,1.0,1.0
5ab510cb5542996a3a96a00f,chunk_packed_96,chunk,packed,0.0,0.0,0.0,0.0,0.0,82.0,1.0,1.0
5a80a25d5542995d8a8ddfb7,chunk_packed_96,chunk,packed,0.0,0.0,0.0,0.0,0.0,87.0,0.5,0.0
5adf5cd25542992d7e9f9320,chunk_packed_96,chunk,packed,0.0,0.0,0.0,0.5062,0.5,81.0,0.5,0.0
5a75ebfc5542992d0ec06018,chunk_packed_96,chunk,packed,0.0,0.0,0.0,0.0,0.0,78.0,1.0,1.0
5ab29caa554299545a2cf9d3,chunk_packed_96,chunk,packed,1.0,1.0,1.0,0.5684,0.5,95.0,1.0,1.0
5ae0536755429924de1b70a6,chunk_packed_96,chunk,packed,0.0,0.0,0.0,0.5366,1.0,82.0,1.0,1.0
5ae17a9b5542990adbacf7a2,chunk_packed_96,chunk,packed,0.0,0.0,0.0,0.8211,1.0,95.0,1.0,1.0
5a8f503c5542992414482a34,chunk_packed_96,chunk,packed,0.0,0.0,1.0,0.3529,0.5,85.0,0.5,0.0
5ae0159855429925eb1afc09,chunk_packed_96,chunk,packed,1.0,1.0,1.0,0.5132,0.5,76.0,1.0,1.0
5a8b2f2b5542995d1e6f12fa,chunk_packed_96,chunk,packed,0.0,0.125,1.0,0.5333,1.0,75.0,1.0,1.0
5a90386455429916514e7435,chunk_packed_96,chunk,packed,0.0,0.0,1.0,0.381,0.5,84.0,1.0,1.0
5ab43179554299233955004d,chunk_packed_96,chunk,packed,0.0,0.0,0.0,0.4925,0.5,67.0,0.5,0.0
5a8b42be55429949d91db515,chunk_packed_96,chunk,packed,0.0,0.0,0.0,0.5974,0.5,77.0,1.0,1.0
5a8d6d4e554299441c6b9fdb,chunk_packed_96,chunk,packed,0.0,0.5,1.0,0.5581,0.5,86.0,1.0,1.0
5ae40a2955429970de88d8a3,chunk_packed_96,chunk,packed,0.0,0.0,0.0,0.2386,0.5,88.0,0.5,0.0
5adcfebe5542992c1e3a24f3,chunk_packed_96,chunk,packed,0.0,0.0,0.0,0.0,0.0,93.0,1.0,1.0
5ab5a3fb5542997d4ad1f19b,chunk_packed_96,chunk,packed,0.0,0.8,1.0,1.0,1.0,93.0,1.0,1.0
5ac2ffbd554299677310267b,chunk_packed_96,chunk,packed,0.0,0.0,1.0,1.0,1.0,96.0,1.0,1.0
5a7133fa5542994082a3e660,chunk_packed_96,chunk,packed,0.0,0.0,0.0,0.2105,0.5,95.0,1.0,1.0
5abea7c25542990832d3a068,chunk_packed_96,chunk,packed,1.0,1.0,1.0,1.0,1.0,85.0,1.0,1.0
5a8a09765542992d82986e67,chunk_packed_96,chunk,packed,0.0,0.8,0.0,0.75,1.0,92.0,1.0,1.0
5a72a51355429901807daf21,chunk_packed_96,chunk,packed,1.0,1.0,1.0,0.8,1.0,90.0,1.0,1.0
5aba72d75542994dbf019912,chunk_packed_96,chunk,packed,1.0,1.0,0.0,0.2258,0.5,93.0,1.0,1.0
5adcd9fe5542990d50227d46,chunk_packed_96,chunk,packed,0.0,0.0,1.0,0.7473,1.0,91.0,1.0,1.0
5ae5c212554299546bf82f4b,chunk_packed_96,chunk,packed,0.0,0.0,1.0,0.5778,1.0,90.0,1.0,1.0
5a7320565542991f9a20c61d,chunk_packed_96,chunk,packed,0.0,0.0,1.0,0.3229,0.5,96.0,1.0,1.0
5add596f5542990dbb2f7e4d,chunk_packed_96,chunk,packed,1.0,1.0,1.0,0.766,1.0,94.0,1.0,1.0
5adfb60655429942ec259b08,chunk_packed_96,chunk,packed,0.0,0.3333,0.0,0.0,0.0,66.0,0.5,0.0
5a74adb455429916b01641c6,chunk_packed_96,chunk,packed,0.0,0.0,1.0,0.4333,0.5,90.0,1.0,1.0
5ae27df25542992decbdcd2a,chunk_packed_96,chunk,packed,0.0,0.0,0.0,0.6809,1.0,94.0,1.0,1.0
5a8baf4b5542996e8ac889c5,chunk_packed_96,chunk,packed,1.0,1.0,1.0,0.4286,1.0,91.0,1.0,1.0
5ae352285542994393b9e685,chunk_packed_96,chunk,packed,0.0,0.0,0.0,0.2644,1.0,87.0,1.0,1.0
5a8e0a005542995085b373a1,chunk_packed_96,chunk,packed,0.0,0.0,0.0,0.4324,0.5,74.0,0.5,0.0
5ab639e65542995eadeeff7f,chunk_packed_96,chunk,packed,0.0,0.8,0.0,0.3297,0.5,91.0,1.0,1.0
5ade99295542992fa25da7d8,chunk_packed_96,chunk,packed,0.0,0.0,0.0,0.4,0.5,95.0,1.0,1.0
5ac26b7f55429951e9e685ae,chunk_packed_96,chunk,packed,0.0,0.0,0.0,0.0,0.0,82.0,0.5,0.0
5ae351405542994393b9e67f,chunk_packed_96,chunk,packed,0.0,0.0,0.0,0.7021,0.5,94.0,1.0,1.0
5a7f6f4b5542994857a76740,chunk_packed_96,chunk,packed,0.0,0.8,1.0,0.6374,1.0,91.0,1.0,1.0
5a81346055429926c1cdad13,chunk_packed_96,chunk,packed,0.0,0.1818,0.0,0.3933,0.5,89.0,1.0,1.0
5a716f575542994082a3e82f,chunk_packed_96,chunk,packed,0.0,0.0,0.0,0.3625,0.5,80.0,1.0,1.0
5a812d0555429938b61422e1,chunk_packed_96,chunk,packed,1.0,1.0,0.0,0.3587,0.5,92.0,1.0,1.0
5a826d2f5542995ce29dcd05,chunk_packed_96,chunk,packed,0.0,0.0,1.0,0.766,0.5,94.0,1.0,1.0
5ab67c3f55429954757d32f9,chunk_packed_96,chunk,packed,0.0,0.0,0.0,0.7742,1.0,93.0,1.0,1.0
5ae20e265542994d89d5b325,chunk_packed_96,chunk,packed,1.0,1.0,1.0,1.0,1.0,96.0,1.0,1.0
5ae7eed8554299540e5a56b5,chunk_packed_96,chunk,packed,0.0,0.6667,1.0,1.0,1.0,91.0,1.0,1.0
5a7555215542996c70cfaee1,chunk_packed_96,chunk,packed,1.0,1.0,1.0,0.2414,0.5,87.0,1.0,1.0
5ab9b29c554299743d22ebae,chunk_packed_96,chunk,packed,1.0,1.0,0.0,0.8804,1.0,92.0,1.0,1.0
5ae2c696554299495565db32,chunk_packed_96,chunk,packed,0.0,0.0,0.0,0.0,0.0,79.0,1.0,1.0
5a832f9d5542993344745fe4,chunk_packed_96,chunk,packed,0.0,0.0,0.0,0.0,0.0,82.0,0.5,0.0
5a79e3925542994bb9457130,chunk_packed_96,chunk,packed,0.0,0.2857,1.0,0.679,0.5,81.0,1.0,1.0
5ae713af554299572ea546bb,chunk_packed_96,chunk,packed,0.0,0.0,1.0,0.519,0.5,79.0,1.0,1.0
5ade450b5542997c77adedc5,chunk_packed_96,chunk,packed,0.0,0.1538,0.0,0.0,0.0,80.0,1.0,1.0
5ab3cecd5542992ade7c6eae,chunk_packed_96,chunk,packed,0.0,0.0,0.0,0.6316,0.5,95.0,1.0,1.0
5ae4be5c5542995ad6573e3a,chunk_packed_96,chunk,packed,1.0,1.0,1.0,0.6593,0.5,91.0,0.5,0.0
5a8d5ec2554299585d9e37c4,chunk_packed_96,chunk,packed,0.0,0.0,0.0,0.3778,0.5,90.0,1.0,1.0
5ae765185542995703ce8c0f,chunk_packed_96,chunk,packed,0.0,0.0,1.0,0.7204,1.0,93.0,1.0,1.0
5ab2c6a955429916697740c2,chunk_packed_96,chunk,packed,0.0,0.0,1.0,0.3827,0.5,81.0,1.0,1.0
5ab6369655429953192ad2a1,chunk_packed_96,chunk,packed,1.0,1.0,0.0,0.0,0.0,86.0,1.0,1.0
5a7b220855429931da12c9e5,chunk_packed_96,chunk,packed,1.0,1.0,1.0,0.5213,1.0,94.0,1.0,1.0
5a81d92f554299676cceb0f9,chunk_packed_96,chunk,packed,0.0,0.0,0.0,0.0,0.0,80.0,1.0,1.0
5a7b735c5542997c3ec9718a,chunk_packed_96,chunk,packed,0.0,0.0,1.0,0.5217,0.5,92.0,1.0,1.0
5a724a2b5542990c210a40bc,chunk_packed_96,chunk,packed,0.0,0.6667,1.0,0.3214,0.5,84.0,1.0,1.0
5ae5db98554299546bf82fa6,chunk_packed_96,chunk,packed,0.0,0.0,0.0,0.4756,0.5,82.0,1.0,1.0
5a7344e95542991f9a20c6ce,chunk_packed_96,chunk,packed,0.0,0.0,0.0,0.3125,0.5,96.0,0.5,0.0
5ab6dbc15542995eadef00cd,chunk_packed_96,chunk,packed,0.0,0.0,0.0,0.3895,0.5,95.0,1.0,1.0
5a88016b5542997e5c09a58a,chunk_packed_96,chunk,packed,0.0,0.5,1.0,0.5244,0.5,82.0,1.0,1.0
5ab5e024554299494045f097,chunk_packed_96,chunk,packed,0.0,0.0,0.0,0.4805,0.5,77.0,1.0,1.0
5ac44629554299194317395d,chunk_packed_96,chunk,packed,0.0,0.0,1.0,1.0,1.0,95.0,1.0,1.0
5a7afdc85542992d025e672e,chunk_packed_96,chunk,packed,0.0,0.8,0.0,0.5732,0.5,82.0,1.0,1.0
5ae834e95542997ec272776a,chunk_packed_96,chunk,packed,0.0,0.0,0.0,0.6737,0.5,95.0,1.0,1.0
5abbdb335542992ccd8e7fc1,chunk_packed_96,chunk,packed,0.0,0.0,0.0,0.4353,0.5,85.0,1.0,1.0
5a79c9cc554299148911fa53,chunk_packed_96,chunk,packed,1.0,1.0,1.0,1.0,1.0,89.0,1.0,1.0
5ac38c0755429939154137bb,chunk_packed_96,chunk,packed,0.0,0.0,0.0,1.0,1.0,84.0,1.0,1.0
5a8b7cb95542995d1e6f13bb,chunk_packed_96,chunk,packed,0.0,0.0,0.0,0.3333,0.5,87.0,0.5,0.0
5addfdfa5542997dc790710b,chunk_packed_96,chunk,packed,0.0,0.0,0.0,0.0,0.0,91.0,1.0,1.0
5a88d745554299206df2b378,chunk_packed_96,chunk,packed,0.0,0.0,1.0,0.2273,0.5,88.0,1.0,1.0
5ae6940e5542991bbc97613f,chunk_packed_96,chunk,packed,0.0,0.6667,1.0,0.6707,1.0,82.0,1.0,1.0
5abe3abb55429965af743ea1,chunk_packed_96,chunk,packed,0.0,0.0,0.0,0.0,0.0,81.0,0.5,0.0
5a8ba9d255429971feec4759,chunk_packed_96,chunk,packed,0.0,0.0,0.0,0.382,0.5,89.0,0.5,0.0
5ab2b6fb5542992953946848,chunk_packed_96,chunk,packed,0.0,0.0,0.0,0.0,0.0,82.0,1.0,1.0
5adfd2f255429925eb1afaa5,chunk_packed_96,chunk,packed,0.0,0.0,1.0,1.0,1.0,63.0,1.0,1.0
5a7a33a35542994f819ef14c,chunk_packed_96,chunk,packed,0.0,0.0,1.0,0.1758,0.5,91.0,1.0,1.0
5a8ba07d5542996e8ac88985,chunk_packed_96,chunk,packed,0.0,0.0,0.0,0.5729,0.5,96.0,1.0,1.0
5ab8f57b5542991b5579f097,chunk_packed_96,chunk,packed,0.0,0.0,0.0,0.2021,0.5,94.0,1.0,1.0
5abfb3425542990832d3a1c0,chunk_packed_96,chunk,packed,1.0,1.0,1.0,0.5402,0.5,87.0,0.5,0.0
5ab5ac345542992aa134a37f,chunk_packed_96,chunk,packed,0.0,0.0,0.0,0.6087,0.5,69.0,1.0,1.0
5a8e63d65542995085b37421,chunk_packed_96,chunk,packed,0.0,0.0,0.0,0.4,0.5,90.0,1.0,1.0
5a89706055429951533612f9,chunk_packed_96,chunk,packed,0.0,0.0,0.0,0.6835,0.5,79.0,1.0,1.0
5a8e612b5542995085b3741b,chunk_packed_96,chunk,packed,0.0,0.0,1.0,0.5263,0.5,76.0,1.0,1.0
5a738fb4554299623ed4abf9,chunk_packed_96,chunk,packed,0.0,0.5,0.0,0.4479,0.5,96.0,1.0,1.0
5a8bc29a5542995d1e6f1446,chunk_packed_96,chunk,packed,0.0,0.0,0.0,0.0,0.0,93.0,0.5,0.0
5abfe2a15542997d6429591c,chunk_packed_96,chunk,packed,0.0,0.0,1.0,0.2396,0.5,96.0,1.0,1.0
5a868ca055429960ec39b6be,chunk_packed_96,chunk,packed,1.0,1.0,1.0,0.4211,0.5,95.0,0.5,0.0
5a820f2c55429926c1cdae17,chunk_packed_96,chunk,packed,0.0,0.0,0.0,0.7128,1.0,94.0,1.0,1.0
5ae5a4e5554299546bf82f01,chunk_packed_96,chunk,packed,0.0,0.75,1.0,0.4194,0.5,93.0,1.0,1.0
5a8d0c74554299585d9e37a1,chunk_packed_96,chunk,packed,0.0,0.0,0.0,0.4886,0.5,88.0,1.0,1.0
5ab9d7e4554299232ef4a21f,chunk_packed_96,chunk,packed,0.0,0.0,0.0,0.5244,0.5,82.0,1.0,1.0
5a7148d25542994082a3e766,chunk_packed_96,chunk,packed,0.0,0.0,1.0,1.0,1.0,93.0,1.0,1.0
5ae6233c5542992ae0d1623e,chunk_packed_96,chunk,packed,0.0,0.0,0.0,0.2283,0.5,92.0,1.0,1.0
5adff2aa554299603e4183d0,chunk_packed_96,chunk,packed,0.0,0.0,1.0,1.0,1.0,80.0,1.0,1.0
5ade7fa3554299728e26c727,chunk_packed_96,chunk,packed,0.0,0.0,0.0,0.2737,0.5,95.0,0.5,0.0
5a8f38fa55429924144829f5,chunk_packed_96,chunk,packed,0.0,0.6667,1.0,0.5111,0.5,90.0,1.0,1.0
5a8f51695542992414482a3e,chunk_packed_96,chunk,packed,0.0,0.0,0.0,0.275,0.5,80.0,0.5,0.0
5a88db445542993b751ca88a,chunk_packed_96,chunk,packed,1.0,1.0,1.0,1.0,1.0,81.0,1.0,1.0
5a7ef6b35542994959419a94,chunk_packed_96,chunk,packed,0.0,0.6667,1.0,0.6979,1.0,96.0,1.0,1.0
5a8e494e5542995a26add4c8,chunk_packed_96,chunk,packed,0.0,0.5,0.0,0.4167,0.5,72.0,1.0,1.0
5ab5d43f5542997d4ad1f1f6,chunk_packed_96,chunk,packed,0.0,0.0,1.0,0.8211,1.0,95.0,1.0,1.0
5a7905ca554299148911f9c8,chunk_packed_96,chunk,packed,0.0,0.0,0.0,0.0,0.0,94.0,0.5,0.0
5ab30f9a554299233954fef2,chunk_packed_96,chunk,packed,1.0,1.0,1.0,0.6667,0.5,84.0,1.0,1.0
5ab3849a55429969a97a8170,chunk_packed_96,chunk,packed,1.0,1.0,1.0,0.5301,0.5,83.0,0.5,0.0
5a7bc5f255429927d897c03e,chunk_packed_96,chunk,packed,1.0,1.0,1.0,0.5625,1.0,96.0,1.0,1.0
5a7f22005542993067513657,chunk_packed_96,chunk,packed,0.0,0.0,0.0,0.0,0.0,82.0,1.0,1.0
5ab925fd554299131ca42281,chunk_packed_96,chunk,packed,0.0,0.0,1.0,1.0,0.5,70.0,1.0,1.0
5a76244c554299109176e65d,chunk_packed_96,chunk,packed,0.0,0.0,0.0,0.4937,0.5,79.0,0.5,0.0
5ab53bee554299637185c526,chunk_packed_96,chunk,packed,0.0,0.0,0.0,0.5581,0.5,86.0,0.5,0.0
5ab6aa4c55429953192ad359,chunk_packed_96,chunk,packed,0.0,0.0,0.0,0.0,0.0,82.0,0.5,0.0
5abe832a55429965af743f29,chunk_packed_96,chunk,packed,0.0,0.0,0.0,0.0,0.0,96.0,0.5,0.0
5ab5b732554299494045f03c,chunk_packed_96,chunk,packed,0.0,0.0,1.0,0.5269,0.5,93.0,1.0,1.0
5adffb4655429925eb1afbbf,chunk_packed_96,chunk,packed,0.0,0.0,0.0,0.0,0.0,82.0,0.5,0.0
5ae6d3345542996d980e7c85,chunk_packed_96,chunk,packed,0.0,0.0,1.0,0.4815,0.5,81.0,1.0,1.0
5ab878ba55429916710eb06c,chunk_packed_96,chunk,packed,0.0,0.0,0.0,0.4706,0.5,85.0,1.0,1.0
5a7509175542993748c897a3,chunk_packed_96,chunk,packed,1.0,1.0,1.0,0.4894,0.5,94.0,0.5,0.0
5a8ac38855429970aeb70300,chunk_packed_96,chunk,packed,0.0,0.0,0.0,0.6,0.5,85.0,1.0,1.0
5a8bc03d5542996e8ac88a0b,chunk_packed_96,chunk,packed,0.0,0.0,0.0,0.5532,0.5,94.0,0.5,0.0
5ae4ad375542995dadf243a4,chunk_packed_96,chunk,packed,0.0,0.0,0.0,0.4375,0.5,80.0,0.5,0.0
5a7da0de5542990b8f5039d7,chunk_packed_96,chunk,packed,0.0,0.8,0.0,0.0,0.0,88.0,1.0,1.0
5a8af0a355429950cd6afc1c,chunk_packed_96,chunk,packed,0.0,0.0,0.0,1.0,0.5,44.0,1.0,1.0
5a73522d5542994cef4bc541,chunk_packed_96,chunk,packed,1.0,1.0,1.0,1.0,1.0,91.0,1.0,1.0
5ab3a83d5542992ade7c6e08,chunk_packed_96,chunk,packed,1.0,1.0,1.0,0.7979,0.5,94.0,1.0,1.0
5ab84d5a55429916710eb028,chunk_packed_96,chunk,packed,0.0,0.0,0.0,0.0,0.0,96.0,1.0,1.0
5a7f57a45542992097ad2f29,chunk_packed_96,chunk,packed,0.0,0.0,1.0,0.6024,0.5,83.0,0.5,0.0
5ae764a85542997b22f6a720,chunk_packed_96,chunk,packed,0.0,0.0,0.0,0.0,0.0,81.0,1.0,1.0
5a7b1023554299042af8f6c2,chunk_packed_96,chunk,packed,1.0,1.0,1.0,1.0,1.0,81.0,1.0,1.0
5a80707e5542992bc0c4a70e,chunk_packed_96,chunk,packed,0.0,0.0,0.0,1.0,0.5,87.0,1.0,1.0
5a8e16a5554299068b959e58,chunk_packed_96,chunk,packed,1.0,1.0,1.0,0.4533,0.5,75.0,1.0,1.0
5a875cd65542996e4f30879d,chunk_packed_96,chunk,packed,0.0,0.8,1.0,1.0,1.0,82.0,1.0,1.0
5a78d16455429974737f78bb,chunk_packed_96,chunk,packed,0.0,0.8,1.0,0.5895,1.0,95.0,1.0,1.0
5a895f6155429946c8d6e914,chunk_packed_96,chunk,packed,0.0,0.5,0.0,0.3368,0.5,95.0,1.0,1.0
5a84f8555542997175ce1f3a,chunk_packed_96,chunk,packed,0.0,0.0,0.0,0.0,0.0,84.0,1.0,1.0
5ab31adc554299233954ff0a,chunk_packed_96,chunk,packed,0.0,0.0,0.0,0.4375,0.5,80.0,1.0,1.0
5ac3ba1855429939154138f3,chunk_packed_96,chunk,packed,0.0,0.0,0.0,0.5065,0.5,77.0,1.0,1.0
5a7380b955429908901be2d4,chunk_packed_96,chunk,packed,0.0,0.0,1.0,0.2333,0.5,90.0,1.0,1.0
5a8f92fb55429918e830d271,chunk_packed_96,chunk,packed,1.0,1.0,1.0,1.0,0.5,78.0,1.0,1.0
5a88082055429938390d3ed2,chunk_packed_96,chunk,packed,0.0,0.0,0.0,0.3896,0.5,77.0,1.0,1.0
5a7d22dc5542995ed0d16600,chunk_packed_96,chunk,packed,1.0,1.0,1.0,0.7053,0.5,95.0,1.0,1.0
5ae291bb5542996483e649f6,chunk_packed_96,chunk,packed,0.0,0.0,1.0,0.4421,0.5,95.0,1.0,1.0
5abfde655542997719eab6f2,chunk_packed_96,chunk,packed,0.0,0.0,1.0,0.5625,0.5,96.0,1.0,1.0
5ae67fad5542991bbc976100,chunk_packed_96,chunk,packed,0.0,0.0,0.0,0.4524,0.5,84.0,0.5,0.0
5ab2a1f35542997061209677,chunk_packed_96,chunk,packed,0.0,0.8,0.0,0.6941,0.5,85.0,1.0,1.0
5a74ab6055429916b01641b9,chunk_packed_96,chunk,packed,1.0,1.0,0.0,0.3438,0.5,96.0,1.0,1.0
5a8b97485542995d1e6f140f,chunk_packed_96,chunk,packed,0.0,0.0,1.0,0.5474,1.0,95.0,1.0,1.0
5adcdc6c5542992c1e3a2437,chunk_packed_96,chunk,packed,0.0,0.0,0.0,0.0,0.0,92.0,0.5,0.0
5ae73ddb554299572ea5478d,chunk_packed_96,chunk,packed,1.0,1.0,1.0,0.4167,0.5,96.0,1.0,1.0
5ade618e554299728e26c700,chunk_packed_96,chunk,packed,0.0,0.0,1.0,0.3723,1.0,94.0,1.0,1.0
5a76404b5542994ccc91873d,chunk_packed_96,chunk,packed,0.0,0.0,0.0,0.0,0.0,92.0,1.0,1.0
5ac44b47554299194317396c,chunk_packed_96,chunk,packed,0.0,0.2,0.0,0.4889,0.5,90.0,1.0,1.0
5ac27afa5542990b17b153b5,chunk_packed_96,chunk,packed,0.0,0.0,0.0,0.0,0.0,87.0,0.5,0.0
5ac2c4fe554299218029db3b,chunk_packed_96,chunk,packed,0.0,0.0,0.0,0.5476,0.5,84.0,1.0,1.0
5ae49b705542995ad6573dbc,chunk_packed_96,chunk,packed,0.0,0.0,1.0,0.5745,1.0,94.0,1.0,1.0
5ae5fc345542993aec5ec1f8,chunk_packed_96,chunk,packed,0.0,0.5,1.0,0.3667,0.5,90.0,1.0,1.0
5a8d651955429941ae14dfaf,chunk_packed_96,chunk,packed,1.0,1.0,0.0,0.6702,1.0,94.0,1.0,1.0
5a839cb9554299123d8c2169,chunk_packed_96,chunk,packed,1.0,1.0,0.0,0.0,0.0,93.0,1.0,1.0
5adbe1b355429944faac23a0,chunk_packed_96,chunk,packed,0.0,0.0,1.0,0.6742,0.5,89.0,1.0,1.0
5ac29cf8554299218029dac2,chunk_packed_96,chunk,packed,0.0,0.0,0.0,0.0,0.0,87.0,0.0,0.0
5ae21ef35542994d89d5b35d,chunk_packed_96,chunk,packed,1.0,1.0,1.0,0.5484,0.5,93.0,1.0,1.0
5ae1ebf95542997283cd22f2,chunk_packed_96,chunk,packed,1.0,1.0,1.0,0.7872,1.0,94.0,1.0,1.0
5a8b98665542995d1e6f1413,chunk_packed_96,chunk,packed,1.0,1.0,1.0,0.4667,1.0,90.0,1.0,1.0
5ae3d67f5542992f92d8238f,chunk_packed_96,chunk,packed,0.0,0.0,0.0,0.4384,0.5,73.0,0.5,0.0
5a8cb4b2554299585d9e372a,chunk_packed_96,chunk,packed,0.0,0.0,1.0,0.5063,0.5,79.0,0.5,0.0
5ae30aa05542992decbdcdd7,chunk_packed_96,chunk,packed,0.0,0.0,0.0,0.2045,0.5,88.0,1.0,1.0
5adcaa7f5542990d50227cdb,chunk_packed_96,chunk,packed,0.0,0.0,0.0,0.6923,1.0,91.0,1.0,1.0
5a8d40715542994ba4e3dc3a,chunk_packed_96,chunk,packed,0.0,0.6667,0.0,0.7253,1.0,91.0,1.0,1.0
5ae4f2595542990ba0bbb1a8,chunk_packed_96,chunk,packed,0.0,0.0,0.0,0.0,0.0,72.0,0.5,0.0
5ac507725542994611c8b32a,chunk_packed_96,chunk,packed,0.0,0.0,0.0,0.4667,0.5,90.0,0.5,0.0
5a8f5bb45542992414482a77,chunk_packed_96,chunk,packed,0.0,0.0,0.0,0.1264,0.5,87.0,0.5,0.0
5ae1f2d4554299234fd04358,chunk_packed_96,chunk,packed,0.0,0.0,0.0,0.0,0.0,96.0,0.5,0.0
5ae2fca555429928c423958a,chunk_packed_96,chunk,packed,0.0,0.0,0.0,0.0,0.0,95.0,0.5,0.0
5adc0f8d55429947ff1738ef,chunk_packed_96,chunk,packed,1.0,1.0,0.0,0.4583,0.5,96.0,1.0,1.0
5add64065542995b365fab25,chunk_packed_96,chunk,packed,0.0,0.0,0.0,0.0,0.0,86.0,1.0,1.0
5a7d26bd554299452d57bb28,chunk_packed_96,chunk,packed,0.0,0.0,1.0,0.5532,0.5,94.0,1.0,1.0
5abba581554299642a094af9,chunk_packed_96,chunk,packed,0.0,0.0,0.0,0.6044,0.5,91.0,1.0,1.0
5a7f89c75542994857a76775,chunk_packed_96,chunk,packed,1.0,1.0,0.0,0.0,0.0,93.0,1.0,1.0
5ae531695542990ba0bbb1fb,chunk_packed_96,chunk,packed,0.0,0.0,0.0,0.0,0.0,92.0,0.5,0.0
5a8d5f16554299585d9e37c5,chunk_packed_96,chunk,packed,1.0,1.0,1.0,0.6292,0.5,89.0,1.0,1.0
5ade1f1c55429939a52fe82d,chunk_packed_96,chunk,packed,1.0,1.0,1.0,1.0,1.0,81.0,1.0,1.0
5a70f4c45542994082a3e437,chunk_packed_96,chunk,packed,1.0,1.0,1.0,0.7848,0.5,79.0,1.0,1.0
5a8a07af55429970aeb70222,chunk_packed_96,chunk,packed,0.0,0.3333,1.0,0.1579,0.5,95.0,1.0,1.0
5abd332e5542993062266bdd,chunk_packed_96,chunk,packed,0.0,0.25,0.0,0.0,0.0,94.0,0.5,0.0
5ae4869755429970de88d99a,chunk_packed_96,chunk,packed,0.0,0.0,0.0,0.3483,0.5,89.0,1.0,1.0
5a8d841955429941ae14dfe6,chunk_packed_96,chunk,packed,0.0,0.0,0.0,0.0,0.0,91.0,0.5,0.0
5a87c0945542996e4f30890b,chunk_packed_96,chunk,packed,1.0,1.0,0.0,0.2967,0.5,91.0,1.0,1.0
5a8a9bc15542996c9b8d5f36,chunk_packed_96,chunk,packed,1.0,1.0,1.0,1.0,1.0,89.0,1.0,1.0
5adc93a4554299438c868e01,chunk_packed_96,chunk,packed,0.0,0.0,0.0,0.4062,0.5,96.0,0.5,0.0
5ae564a155429960a22e02e4,chunk_packed_96,chunk,packed,0.0,0.0,1.0,1.0,1.0,79.0,1.0,1.0
5ab56b9b5542997d4ad1f113,chunk_packed_96,chunk,packed,0.0,0.0,1.0,1.0,1.0,75.0,1.0,1.0
5a74d9c555429929fddd84fb,chunk_packed_96,chunk,packed,1.0,1.0,1.0,0.2881,0.5,59.0,1.0,1.0
5a8af56855429950cd6afc2f,chunk_packed_96,chunk,packed,0.0,0.0,0.0,0.2763,0.5,76.0,1.0,1.0
5ab3c470554299233954ffa1,chunk_packed_96,chunk,packed,1.0,1.0,0.0,0.4043,0.5,94.0,1.0,1.0
5ae20c465542997283cd236a,chunk_packed_96,chunk,packed,0.0,0.0,0.0,0.7619,0.5,84.0,0.5,0.0
5ab5b701554299637185c5e7,chunk_packed_96,chunk,packed,0.0,0.0,0.0,0.6849,0.5,73.0,0.5,0.0
5ae829ea5542997ec2727738,chunk_packed_96,chunk,packed,0.0,0.3333,0.0,0.0,0.0,82.0,0.5,0.0
5ac546975542993e66e8229a,chunk_packed_96,chunk,packed,1.0,1.0,1.0,1.0,1.0,94.0,1.0,1.0
5a81a63c5542990a1d231e45,chunk_packed_96,chunk,packed,0.0,0.0,0.0,0.4946,0.5,93.0,1.0,1.0
5a72af155542992359bc316c,chunk_packed_96,chunk,packed,1.0,1.0,1.0,0.5543,0.5,92.0,1.0,1.0
5abd6f0855429933744ab7d5,chunk_packed_96,chunk,packed,0.0,0.0,0.0,0.0,0.0,91.0,1.0,1.0
5adefcf15542995ec70e8f4c,chunk_packed_96,chunk,packed,0.0,0.0,0.0,0.0,0.0,94.0,1.0,1.0
5ae15ae25542990adbacf767,chunk_packed_96,chunk,packed,0.0,0.0,0.0,0.6047,0.5,86.0,1.0,1.0
5abbf43d5542993f40c73c2f,chunk_packed_96,chunk,packed,1.0,1.0,0.0,0.0,0.0,95.0,1.0,1.0
5a7ab1b055429927d897bef4,chunk_packed_96,chunk,packed,1.0,1.0,1.0,0.6125,1.0,80.0,1.0,1.0
5a7d2afd5542995f4f402221,chunk_packed_96,chunk,packed,1.0,1.0,1.0,0.2234,0.5,94.0,1.0,1.0
5a84c0765542991dd0999dd9,chunk_packed_96,chunk,packed,0.0,0.0,0.0,0.4667,0.5,75.0,0.5,0.0
5ae0bc185542993d6555ec29,chunk_packed_96,chunk,packed,0.0,0.0,0.0,0.0,0.0,83.0,0.5,0.0
5a7cef5d55429909bec768ac,chunk_packed_96,chunk,packed,0.0,0.0,1.0,0.8723,1.0,94.0,1.0,1.0
5a899f4955429946c8d6e971,chunk_packed_96,chunk,packed,1.0,1.0,1.0,0.3579,0.5,95.0,1.0,1.0
5a8ed7b455429917b4a5bdd1,chunk_packed_96,chunk,packed,1.0,1.0,1.0,0.5747,0.5,87.0,1.0,1.0
5a835a265542992ef85e2281,chunk_packed_96,chunk,packed,0.0,0.5,1.0,0.3333,0.5,96.0,1.0,1.0
5a8c52685542995e66a475bb,chunk_packed_96,chunk,packed,0.0,0.0,0.0,0.4149,0.5,94.0,0.5,0.0
5ab4e48655429942dd415f9c,chunk_packed_96,chunk,packed,0.0,0.0,0.0,0.4706,0.5,85.0,0.5,0.0
5ae67dba55429908198fa5f0,chunk_packed_96,chunk,packed,0.0,0.0,0.0,0.7143,0.5,77.0,0.5,0.0
5ae13c5155429920d5234336,chunk_packed_96,chunk,packed,0.0,0.0,0.0,0.0,0.0,91.0,1.0,1.0
5ab2b7405542991669774069,chunk_packed_96,chunk,packed,0.0,0.0,0.0,0.3333,0.5,90.0,1.0,1.0
5ab1c693554299722f9b4c66,chunk_packed_96,chunk,packed,0.0,0.0,0.0,0.0,0.0,95.0,0.5,0.0
5ae692e35542996d980e7c0e,chunk_packed_96,chunk,packed,0.0,0.0,0.0,0.4382,0.5,89.0,1.0,1.0
5a7f74975542992097ad2f77,chunk_packed_96,chunk,packed,0.0,0.0,0.0,0.6354,0.5,96.0,0.5,0.0
5a7e30b255429934daa2fbeb,chunk_packed_96,chunk,packed,0.0,0.0,0.0,1.0,0.5,80.0,1.0,1.0
5a7ca95b55429935c91b5287,chunk_packed_96,chunk,packed,1.0,1.0,1.0,0.4947,0.5,95.0,1.0,1.0
5abfa18f5542990832d3a176,chunk_packed_96,chunk,packed,1.0,1.0,1.0,1.0,1.0,95.0,1.0,1.0
5a8a39b355429930ff3c0d13,chunk_packed_96,chunk,packed,1.0,1.0,1.0,0.0,0.0,96.0,0.5,0.0
5ab2958c554299449642c912,chunk_packed_96,chunk,packed,0.0,0.0,0.0,0.0,0.0,91.0,0.5,0.0
5ae7eaf65542994a481bbe1d,chunk_packed_96,chunk,packed,1.0,1.0,1.0,1.0,1.0,79.0,1.0,1.0
5aba916c55429901930fa83b,chunk_packed_96,chunk,packed,1.0,1.0,1.0,0.481,0.5,79.0,0.5,0.0
5ac0d981554299012d1db646,chunk_packed_96,chunk,packed,0.0,0.0,0.0,0.5426,0.5,94.0,1.0,1.0
5ade653f55429975fa854ebb,chunk_packed_96,chunk,packed,0.0,0.0,0.0,0.0,0.0,76.0,1.0,1.0
5ab54e145542992aa134a2a1,chunk_packed_96,chunk,packed,0.0,0.4,1.0,0.6848,1.0,92.0,1.0,1.0
5a8518a75542994c784ddaf7,chunk_packed_96,chunk,packed,0.0,0.0,1.0,1.0,1.0,82.0,1.0,1.0
5ac175635542994ab5c67d4b,chunk_packed_96,chunk,packed,1.0,1.0,1.0,0.5104,0.5,96.0,1.0,1.0
5abd889f55429924427fd046,chunk_packed_96,chunk,packed,1.0,1.0,1.0,0.625,0.5,96.0,1.0,1.0
5a772c925542993735360208,chunk_packed_96,chunk,packed,0.0,0.0,1.0,0.0,0.0,91.0,1.0,1.0
5ab492155542991779162ce3,chunk_packed_96,chunk,packed,0.0,0.25,0.0,0.4286,0.5,91.0,0.5,0.0
5ae5ef105542996de7b71a72,chunk_packed_96,chunk,packed,0.0,0.0,1.0,0.6277,0.5,94.0,1.0,1.0
5a8ad2f3554299515336138d,chunk_packed_96,chunk,packed,0.0,0.0,0.0,0.0,0.0,84.0,1.0,1.0
5a7d07a455429907fabef0ae,chunk_packed_96,chunk,packed,0.0,0.0,1.0,0.7204,1.0,93.0,1.0,1.0
5aba89d555429901930fa816,chunk_packed_96,chunk,packed,0.0,0.5,0.0,1.0,0.5,72.0,1.0,1.0
5a8c7623554299653c1aa07a,chunk_packed_96,chunk,packed,1.0,1.0,1.0,0.3871,0.5,93.0,1.0,1.0
5a79ecd05542996c55b2dca1,chunk_packed_96,chunk,packed,0.0,0.0,0.0,0.0,0.0,85.0,0.5,0.0
5adec4695542992fa25da83a,chunk_packed_96,chunk,packed,0.0,0.0,0.0,0.3226,0.5,93.0,1.0,1.0
5ae608f2554299546bf83026,chunk_packed_96,chunk,packed,1.0,1.0,1.0,0.7619,1.0,84.0,1.0,1.0
5abfd5c45542994516f4550e,chunk_packed_96,chunk,packed,0.0,0.0,0.0,0.0,0.0,77.0,0.5,0.0
5adce12e5542990d50227d4f,chunk_packed_96,chunk,packed,1.0,1.0,1.0,0.4111,0.5,90.0,0.5,0.0
5a851b0d5542997175ce1f7f,chunk_packed_96,chunk,packed,0.0,0.0,0.0,1.0,1.0,72.0,1.0,1.0
5ae164cf5542997b2ef7d1cd,chunk_packed_96,chunk,packed,0.0,0.0,0.0,0.163,0.5,92.0,0.5,0.0
5a8c493e554299653c1aa020,chunk_packed_96,chunk,packed,0.0,0.0,0.0,0.4815,0.5,81.0,0.5,0.0
5a89dbec554299669944a5d6,chunk_packed_96,chunk,packed,0.0,0.0,1.0,0.7021,0.5,94.0,1.0,1.0
5ae1389655429901ffe4ae05,chunk_packed_96,chunk,packed,1.0,1.0,1.0,1.0,0.5,91.0,1.0,1.0
5adc6a3b55429947ff173953,chunk_packed_96,chunk,packed,0.0,0.0,0.0,0.0,0.0,80.0,1.0,1.0
5ac02880554299012d1db5c0,chunk_packed_96,chunk,packed,1.0,1.0,1.0,0.3452,0.5,84.0,1.0,1.0
5aba0c2655429955dce3edb7,chunk_packed_96,chunk,packed,0.0,0.0,1.0,0.4762,0.5,84.0,0.5,0.0
5add44c25542997545bbbd0a,chunk_packed_96,chunk,packed,0.0,0.2857,0.0,1.0,1.0,91.0,1.0,1.0
5a7616755542992d0ec06028,chunk_packed_96,chunk,packed,0.0,0.0,0.0,0.2526,0.5,95.0,1.0,1.0
5add1d575542992c1e3a2540,chunk_focused_96,chunk,focused,0.0,0.0,0.0,0.5542,0.5,83.0,0.5,0.0
5ac55ea55542993e66e82377,chunk_focused_96,chunk,focused,0.0,0.0,0.0,0.2088,0.5,91.0,1.0,1.0
5ac3a76e554299741d48a2be,chunk_focused_96,chunk,focused,1.0,1.0,1.0,1.0,0.5,83.0,1.0,1.0
5a7133565542994082a3e65c,chunk_focused_96,chunk,focused,0.0,0.6667,1.0,0.5059,0.5,85.0,1.0,1.0
5ac1a4745542991316484b82,chunk_focused_96,chunk,focused,0.0,0.0,0.0,0.5062,0.5,81.0,1.0,1.0
5adc597d55429947ff17392f,chunk_focused_96,chunk,focused,0.0,0.0,0.0,1.0,0.5,90.0,0.5,0.0
5ac55e835542993e66e82375,chunk_focused_96,chunk,focused,1.0,1.0,1.0,1.0,0.5,80.0,1.0,1.0
5a8d9e0f554299441c6ba015,chunk_focused_96,chunk,focused,0.0,0.0,0.0,0.5217,0.5,92.0,0.5,0.0
5ae70ed7554299572ea546a1,chunk_focused_96,chunk,focused,0.0,0.0,0.0,0.4945,0.5,91.0,1.0,1.0
5a74a8fa55429929fddd8497,chunk_focused_96,chunk,focused,0.0,0.0,0.0,0.0,0.0,77.0,0.5,0.0
5a7cb94f554299683c1c6353,chunk_focused_96,chunk,focused,0.0,0.0,0.0,0.4659,0.5,88.0,0.5,0.0
5ab874ba5542990e739ec904,chunk_focused_96,chunk,focused,1.0,1.0,0.0,1.0,0.5,91.0,1.0,1.0
5ae3a8985542992f92d82329,chunk_focused_96,chunk,focused,0.0,0.6667,1.0,0.2935,0.5,92.0,0.5,0.0
5ac39f7b554299218029dbe7,chunk_focused_96,chunk,focused,0.0,0.0,0.0,0.5914,0.5,93.0,1.0,1.0
5ae27b535542996483e649b6,chunk_focused_96,chunk,focused,1.0,1.0,1.0,1.0,1.0,87.0,1.0,1.0
5a7331de5542994cef4bc4a8,chunk_focused_96,chunk,focused,0.0,0.129,1.0,0.5949,0.5,79.0,1.0,1.0
5ac15de55542991316484afb,chunk_focused_96,chunk,focused,0.0,0.0,0.0,0.4211,0.5,95.0,1.0,1.0
5a7c6c9d554299683c1c6302,chunk_focused_96,chunk,focused,0.0,0.0,0.0,0.1684,0.5,95.0,0.5,0.0
5ae6363b55429929b0807af0,chunk_focused_96,chunk,focused,0.0,0.0,0.0,0.3368,0.5,95.0,0.5,0.0
5a8cea40554299441c6b9f76,chunk_focused_96,chunk,focused,1.0,1.0,1.0,1.0,1.0,96.0,1.0,1.0
5ab5ecd75542992aa134a3e6,chunk_focused_96,chunk,focused,1.0,1.0,1.0,0.5435,1.0,92.0,1.0,1.0
5a84c5545542991dd0999dee,chunk_focused_96,chunk,focused,0.0,0.0,0.0,1.0,0.5,83.0,0.5,0.0
5adeacf955429975fa854f66,chunk_focused_96,chunk,focused,0.0,0.0,0.0,1.0,0.5,84.0,0.5,0.0
5a8ce15d554299653c1aa12f,chunk_focused_96,chunk,focused,0.0,0.0,0.0,0.9155,0.5,71.0,1.0,1.0
5ade4da055429939a52fe878,chunk_focused_96,chunk,focused,1.0,1.0,1.0,0.7111,0.5,90.0,1.0,1.0
5ab2a186554299295394677b,chunk_focused_96,chunk,focused,0.0,0.0,0.0,1.0,0.5,79.0,1.0,1.0
5ade66e1554299728e26c713,chunk_focused_96,chunk,focused,1.0,1.0,1.0,0.8316,0.5,95.0,1.0,1.0
5a7c634c55429907fabeef79,chunk_focused_96,chunk,focused,0.0,0.0,1.0,0.4368,0.5,87.0,1.0,1.0
5ae13f3c5542997b2ef7d168,chunk_focused_96,chunk,focused,0.0,0.0,0.0,0.5854,0.5,82.0,0.5,0.0
5ae17cd055429901ffe4aea3,chunk_focused_96,chunk,focused,1.0,1.0,1.0,0.7083,1.0,96.0,1.0,1.0
5ae7940c55429952e35ea984,chunk_focused_96,chunk,focused,0.0,0.5,0.0,0.3804,0.5,92.0,0.5,0.0
5a7296815542991f9a20c515,chunk_focused_96,chunk,focused,1.0,1.0,1.0,1.0,0.5,90.0,1.0,1.0
5ab2e8ad554299340b525562,chunk_focused_96,chunk,focused,1.0,1.0,1.0,0.6842,1.0,95.0,1.0,1.0
5a89b1de5542992e4fca8378,chunk_focused_96,chunk,focused,0.0,0.0,0.0,0.2833,0.5,60.0,1.0,1.0
5ab78edc5542995dae37e95c,chunk_focused_96,chunk,focused,0.0,0.0,0.0,0.4839,0.5,93.0,0.5,0.0
5ae73acb5542991e8301cc07,chunk_focused_96,chunk,focused,0.0,0.0,1.0,1.0,0.5,72.0,1.0,1.0
5a8257fa55429940e5e1a866,chunk_focused_96,chunk,focused,1.0,1.0,1.0,1.0,1.0,92.0,1.0,1.0
5a8d8e4f5542994ba4e3dca7,chunk_focused_96,chunk,focused,0.0,0.5,1.0,1.0,0.5,87.0,1.0,1.0
5a8a07725542992d82986e5b,chunk_focused_96,chunk,focused,0.0,0.0,0.0,0.0,0.0,94.0,0.5,0.0
5a79fac85542996c55b2dcc1,chunk_focused_96,chunk,focused,0.0,0.0,0.0,1.0,0.5,82.0,1.0,1.0
5a81537355429926c1cdad20,chunk_focused_96,chunk,focused,0.0,0.5,1.0,0.7363,0.5,91.0,1.0,1.0
5a721d5a55429971e9dc9283,chunk_focused_96,chunk,focused,0.0,0.4444,1.0,1.0,1.0,95.0,1.0,1.0
5a7aa2a255429941d65f270e,chunk_focused_96,chunk,focused,0.0,0.8,1.0,1.0,1.0,77.0,1.0,1.0
5abe6f8455429965af743f03,chunk_focused_96,chunk,focused,0.0,0.0,1.0,1.0,1.0,91.0,1.0,1.0
5ae7257a554299572ea54731,chunk_focused_96,chunk,focused,0.0,0.0,0.0,0.8646,0.5,96.0,1.0,1.0
5ac0e0e25542997d64295a6f,chunk_focused_96,chunk,focused,0.0,0.0,0.0,0.7949,0.5,78.0,0.5,0.0
5a72688c5542997f827839b2,chunk_focused_96,chunk,focused,1.0,1.0,1.0,0.3516,0.5,91.0,1.0,1.0
5adea0c5554299728e26c776,chunk_focused_96,chunk,focused,0.0,0.0,0.0,0.5684,1.0,95.0,1.0,1.0
5ab8372255429919ba4e226b,chunk_focused_96,chunk,focused,1.0,1.0,1.0,1.0,1.0,88.0,1.0,1.0
5ac0e064554299012d1db64e,chunk_focused_96,chunk,focused,0.0,0.0,0.0,0.0,0.0,71.0,0.5,0.0
5a8574945542997b5ce3fffb,chunk_focused_96,chunk,focused,1.0,1.0,1.0,0.5224,0.5,67.0,1.0,1.0
5a8704f8554299211dda2ba4,chunk_focused_96,chunk,focused,0.0,0.5,0.0,0.0,0.0,73.0,1.0,1.0
5a81d1f0554299676cceb0ee,chunk_focused_96,chunk,focused,1.0,1.0,1.0,0.0,0.0,76.0,1.0,1.0
5a7bf84b5542996dd594b875,chunk_focused_96,chunk,focused,1.0,1.0,1.0,1.0,1.0,86.0,1.0,1.0
5ab69e4f554299710c8d1eee,chunk_focused_96,chunk,focused,0.0,0.5,1.0,0.6842,0.5,95.0,1.0,1.0
5ae64ad25542995703ce8b4f,chunk_focused_96,chunk,focused,0.0,0.0,0.0,0.0,0.0,96.0,0.0,0.0
5a7571135542992d0ec05f98,chunk_focused_96,chunk,focused,1.0,1.0,1.0,0.6304,1.0,92.0,1.0,1.0
5a8f2fed55429918e830d1c7,chunk_focused_96,chunk,focused,0.0,0.0,1.0,0.7527,0.5,93.0,1.0,1.0
5ab596d95542992aa134a371,chunk_focused_96,chunk,focused,0.0,0.0,1.0,0.6067,0.5,89.0,1.0,1.0
5a71214d5542994082a3e5b9,chunk_focused_96,chunk,focused,1.0,1.0,1.0,1.0,0.5,94.0,1.0,1.0
5ac298f9554299657fa28fc9,chunk_focused_96,chunk,focused,0.0,0.125,0.0,0.5213,0.5,94.0,1.0,1.0
5ae35e8c5542990afbd1e120,chunk_focused_96,chunk,focused,0.0,0.25,0.0,1.0,0.5,78.0,0.5,0.0
5ae616ce5542992663a4f259,chunk_focused_96,chunk,focused,0.0,0.3333,0.0,0.7111,0.5,90.0,0.5,0.0
5abbc3a955429931dba144f9,chunk_focused_96,chunk,focused,0.0,0.0,0.0,0.6848,0.5,92.0,0.5,0.0
5adfe6c455429906c02daa85,chunk_focused_96,chunk,focused,0.0,0.0,1.0,0.4222,0.5,90.0,0.5,0.0
5a7f924c55429969796c1aba,chunk_focused_96,chunk,focused,0.0,0.0,0.0,0.7188,0.5,96.0,0.5,0.0
5ab938fb554299131ca422ce,chunk_focused_96,chunk,focused,0.0,0.0,1.0,1.0,1.0,93.0,1.0,1.0
5ae1e80b5542997f29b3c197,chunk_focused_96,chunk,focused,0.0,0.0,0.0,0.0,0.0,75.0,0.5,0.0
5a89e3995542992e4fca844d,chunk_focused_96,chunk,focused,0.0,0.0,0.0,0.4024,0.5,82.0,0.5,0.0
5ab8919655429934fafe6e13,chunk_focused_96,chunk,focused,1.0,1.0,1.0,1.0,0.5,94.0,0.5,0.0
5add18345542994ed6169c7e,chunk_focused_96,chunk,focused,1.0,1.0,1.0,1.0,1.0,90.0,1.0,1.0
5a825b0e55429954d2e2eb0c,chunk_focused_96,chunk,focused,0.0,0.0,0.0,0.0,0.0,93.0,0.5,0.0
5ab54056554299488d4d9923,chunk_focused_96,chunk,focused,0.0,0.0,0.0,0.2055,0.5,73.0,0.5,0.0
5a8a416955429930ff3c0d2b,chunk_focused_96,chunk,focused,1.0,1.0,1.0,0.5412,0.5,85.0,1.0,1.0
5a729fe55542991f9a20c53b,chunk_focused_96,chunk,focused,0.0,0.0,0.0,0.0,0.0,75.0,1.0,1.0
5abee41a5542993fe9a41d79,chunk_focused_96,chunk,focused,1.0,1.0,1.0,0.6923,0.5,91.0,1.0,1.0
5a8327fd5542990548d0b1a3,chunk_focused_96,chunk,focused,1.0,1.0,1.0,0.9551,1.0,89.0,1.0,1.0
5a7264ed5542990c210a411a,chunk_focused_96,chunk,focused,0.0,0.0,0.0,1.0,0.5,80.0,1.0,1.0
5a74cfc75542996c70cfadfe,chunk_focused_96,chunk,focused,0.0,0.75,1.0,0.6667,0.5,96.0,1.0,1.0
5abe3c7555429965af743ea5,chunk_focused_96,chunk,focused,0.0,0.0,1.0,0.4839,0.5,93.0,1.0,1.0
5a88a5645542997e5c09a679,chunk_focused_96,chunk,focused,0.0,0.0,1.0,1.0,1.0,90.0,1.0,1.0
5a8756aa5542994846c1cd69,chunk_focused_96,chunk,focused,0.0,0.5,1.0,1.0,1.0,91.0,1.0,1.0
5a83ab355542990548d0b218,chunk_focused_96,chunk,focused,1.0,1.0,1.0,1.0,1.0,95.0,1.0,1.0
5abe407155429976d4830ab4,chunk_focused_96,chunk,focused,0.0,0.0,0.0,0.6463,0.5,82.0,1.0,1.0
5a769b115542993569682c51,chunk_focused_96,chunk,focused,0.0,0.0,0.0,0.0,0.0,95.0,0.0,0.0
5abb8a9b5542996cc5e4a016,chunk_focused_96,chunk,focused,1.0,1.0,1.0,1.0,1.0,77.0,1.0,1.0
5adf4b335542993a75d264a5,chunk_focused_96,chunk,focused,0.0,0.4,1.0,0.5161,0.5,93.0,1.0,1.0
5a8a19c45542992e4fca8501,chunk_focused_96,chunk,focused,0.0,0.0,0.0,0.125,0.5,88.0,1.0,1.0
5ac2f34455429921a00ab0b6,chunk_focused_96,chunk,focused,0.0,0.0,1.0,0.679,0.5,81.0,1.0,1.0
5a7e040f5542990b8f503b13,chunk_focused_96,chunk,focused,1.0,1.0,1.0,0.5915,1.0,71.0,1.0,1.0
5a8f186055429918e830d186,chunk_focused_96,chunk,focused,0.0,0.0,0.0,1.0,0.5,83.0,1.0,1.0
5ac4fbe255429924173fb53b,chunk_focused_96,chunk,focused,0.0,0.0,0.0,0.0,0.0,96.0,0.5,0.0
5a8591715542994c784ddb27,chunk_focused_96,chunk,focused,0.0,0.6667,1.0,0.9583,1.0,96.0,1.0,1.0
5a8ee3a755429917b4a5be02,chunk_focused_96,chunk,focused,0.0,0.5714,0.0,0.7447,0.5,94.0,0.5,0.0
5ab985eb554299131ca42360,chunk_focused_96,chunk,focused,0.0,0.0,1.0,0.7778,1.0,90.0,1.0,1.0
5ab431d855429942dd415ed2,chunk_focused_96,chunk,focused,1.0,1.0,1.0,1.0,0.5,80.0,0.5,0.0
5a771ead55429966f1a36c7c,chunk_focused_96,chunk,focused,0.0,0.0,0.0,1.0,0.5,72.0,1.0,1.0
5ac46a8b5542991943173980,chunk_focused_96,chunk,focused,0.0,0.0,1.0,0.5952,0.5,84.0,1.0,1.0
5abda2b755429933744ab80f,chunk_focused_96,chunk,focused,0.0,0.0,0.0,1.0,0.5,75.0,1.0,1.0
5adc02445542994650320c4e,chunk_focused_96,chunk,focused,1.0,1.0,1.0,1.0,1.0,88.0,1.0,1.0
5a8b128455429971feec463b,chunk_focused_96,chunk,focused,0.0,0.0,0.0,1.0,0.5,84.0,0.5,0.0
5a803ed45542996402f6a496,chunk_focused_96,chunk,focused,0.0,0.0,0.0,0.7128,0.5,94.0,1.0,1.0
5a74c85055429916b0164218,chunk_focused_96,chunk,focused,0.0,0.5,1.0,0.24,0.5,75.0,1.0,1.0
5ac288a95542990b17b153e5,chunk_focused_96,chunk,focused,0.0,0.0,0.0,0.2877,0.5,73.0,0.5,0.0
5ab2123155429970612095b9,chunk_focused_96,chunk,focused,0.0,0.0,1.0,0.5054,0.5,93.0,0.5,0.0
5a82edae55429966c78a6a9f,chunk_focused_96,chunk,focused,0.0,0.0,0.0,0.2151,0.5,93.0,1.0,1.0
5ae22b8d554299234fd0440f,chunk_focused_96,chunk,focused,0.0,0.0,1.0,0.7158,0.5,95.0,1.0,1.0
5adbda2755429944faac2385,chunk_focused_96,chunk,focused,1.0,1.0,1.0,1.0,1.0,82.0,1.0,1.0
5ae1d1a55542997f29b3c138,chunk_focused_96,chunk,focused,0.0,0.0,1.0,1.0,1.0,90.0,1.0,1.0
5ac3a2f35542993915413856,chunk_focused_96,chunk,focused,0.0,0.0,0.0,0.0,0.0,94.0,0.5,0.0
5a7647b85542992d0ec0608a,chunk_focused_96,chunk,focused,1.0,1.0,1.0,0.6552,0.5,87.0,1.0,1.0
5ac49a1c5542996feb3fe905,chunk_focused_96,chunk,focused,0.0,0.0,0.0,0.0,0.0,79.0,0.0,0.0
5ae60484554299546bf8301a,chunk_focused_96,chunk,focused,1.0,1.0,1.0,0.8049,1.0,82.0,1.0,1.0
5a84cf175542992a431d1aa2,chunk_focused_96,chunk,focused,0.0,0.0,0.0,0.0,0.0,77.0,1.0,1.0
5a81b2505542995ce29dcc32,chunk_focused_96,chunk,focused,0.0,0.6667,1.0,1.0,0.5,76.0,1.0,1.0
5ab568af554299494045efaf,chunk_focused_96,chunk,focused,1.0,1.0,1.0,1.0,1.0,91.0,1.0,1.0
5a8f7a135542992414482adc,chunk_focused_96,chunk,focused,0.0,0.0,0.0,0.4787,0.5,94.0,1.0,1.0
5ab2be71554299166977408c,chunk_focused_96,chunk,focused,0.0,0.0,0.0,0.6947,0.5,95.0,1.0,1.0
5ae537e45542990ba0bbb235,chunk_focused_96,chunk,focused,1.0,1.0,1.0,1.0,1.0,83.0,1.0,1.0
5ac2546a554299636651997b,chunk_focused_96,chunk,focused,0.0,0.0,1.0,0.2022,0.5,89.0,1.0,1.0
5ae356045542990afbd1e10d,chunk_focused_96,chunk,focused,0.0,0.2667,0.0,0.0,0.0,95.0,0.5,0.0
5ae1e6d95542997283cd22c3,chunk_focused_96,chunk,focused,0.0,0.0,0.0,0.0,0.0,86.0,0.5,0.0
5a8b8f5b55429949d91db5e1,chunk_focused_96,chunk,focused,0.0,0.0,0.0,0.5455,0.5,88.0,1.0,1.0
5ab3460055429976abd1bc80,chunk_focused_96,chunk,focused,1.0,1.0,1.0,0.617,1.0,94.0,1.0,1.0
5a7d2afb554299452d57bb41,chunk_focused_96,chunk,focused,1.0,1.0,1.0,1.0,1.0,88.0,1.0,1.0
5adea95055429939a52fe931,chunk_focused_96,chunk,focused,0.0,0.0,1.0,0.4301,0.5,93.0,1.0,1.0
5ab7d33d5542992aa3b8c859,chunk_focused_96,chunk,focused,0.0,0.4,1.0,0.875,1.0,96.0,1.0,1.0
5a893f305542993b751ca91e,chunk_focused_96,chunk,focused,1.0,1.0,1.0,0.359,0.5,78.0,0.5,0.0
5adea83b55429975fa854f53,chunk_focused_96,chunk,focused,0.0,0.0,1.0,0.1648,0.5,91.0,1.0,1.0
5ae1d32a554299492dc91b9c,chunk_focused_96,chunk,focused,0.0,0.0,0.0,0.0,0.0,96.0,1.0,1.0
5a82accd55429966c78a6a78,chunk_focused_96,chunk,focused,0.0,0.0,0.0,0.3646,0.5,96.0,1.0,1.0
5a90ba1b55429933b8a205c6,chunk_focused_96,chunk,focused,0.0,0.0,1.0,0.8333,1.0,96.0,1.0,1.0
5adcb6875542994ed6169bcb,chunk_focused_96,chunk,focused,0.0,0.0,1.0,0.2841,0.5,88.0,1.0,1.0
5a7f95685542995d8a8ddeaa,chunk_focused_96,chunk,focused,0.0,0.0,0.0,0.0,0.0,94.0,0.0,0.0
5a78b386554299148911f949,chunk_focused_96,chunk,focused,0.0,0.0,0.0,0.0,0.0,88.0,0.5,0.0
5a8c781c554299653c1aa083,chunk_focused_96,chunk,focused,1.0,1.0,1.0,1.0,1.0,90.0,1.0,1.0
5a80ae105542992bc0c4a7a2,chunk_focused_96,chunk,focused,1.0,1.0,1.0,0.9,1.0,80.0,1.0,1.0
5a84992e5542992a431d1a6d,chunk_focused_96,chunk,focused,0.0,0.0,0.0,0.5904,0.5,83.0,0.5,0.0
5a8f2cc855429918e830d1be,chunk_focused_96,chunk,focused,0.0,0.0,0.0,0.1702,0.5,94.0,0.5,0.0
5a8841ee5542994846c1ce6b,chunk_focused_96,chunk,focused,0.0,0.0,1.0,0.1354,0.5,96.0,1.0,1.0
5adf85e05542993344016cba,chunk_focused_96,chunk,focused,1.0,1.0,1.0,1.0,1.0,96.0,1.0,1.0
5a77415b55429966f1a36cd2,chunk_focused_96,chunk,focused,0.0,0.8,1.0,0.5104,1.0,96.0,1.0,1.0
5a72fc865542991f9a20c5e9,chunk_focused_96,chunk,focused,0.0,0.0,0.0,1.0,0.5,89.0,1.0,1.0
5ac4e13f554299076e296e2d,chunk_focused_96,chunk,focused,0.0,0.0,0.0,0.0,0.0,71.0,1.0,1.0
5a7796e05542992a6e59df0f,chunk_focused_96,chunk,focused,0.0,0.0,0.0,0.5921,0.5,76.0,1.0,1.0
5ae3eabc5542995dadf2424f,chunk_focused_96,chunk,focused,1.0,1.0,1.0,1.0,1.0,78.0,1.0,1.0
5ae3c71f5542991a06ce9a22,chunk_focused_96,chunk,focused,0.0,0.6667,1.0,0.56,0.5,75.0,1.0,1.0
5ae25d2b554299495565da46,chunk_focused_96,chunk,focused,0.0,0.0,0.0,0.8511,1.0,94.0,1.0,1.0
5ab8179f5542990e739ec817,chunk_focused_96,chunk,focused,1.0,1.0,1.0,1.0,1.0,82.0,1.0,1.0
5adc411f5542994650320cbc,chunk_focused_96,chunk,focused,0.0,0.0,1.0,1.0,1.0,94.0,1.0,1.0
5aba6f3e55429955dce3ee21,chunk_focused_96,chunk,focused,0.0,0.0,0.0,0.6744,0.5,86.0,1.0,1.0
5add2dae5542992c1e3a2558,chunk_focused_96,chunk,focused,1.0,1.0,0.0,1.0,1.0,87.0,1.0,1.0
5ae14b0655429920d52343a6,chunk_focused_96,chunk,focused,0.0,0.0,0.0,0.0,0.0,91.0,1.0,1.0
5a730a6b5542992359bc3210,chunk_focused_96,chunk,focused,1.0,1.0,1.0,0.6344,1.0,93.0,1.0,1.0
5a75fa14554299109176e5dc,chunk_focused_96,chunk,focused,0.0,0.0,0.0,1.0,0.5,85.0,1.0,1.0
5ac35a7e554299741d48a257,chunk_focused_96,chunk,focused,0.0,0.6667,1.0,1.0,1.0,92.0,1.0,1.0
5a8651185542994775f60752,chunk_focused_96,chunk,focused,0.0,0.0,0.0,0.6023,1.0,88.0,1.0,1.0
5a79fe3b5542994f819ef119,chunk_focused_96,chunk,focused,1.0,1.0,1.0,1.0,1.0,83.0,1.0,1.0
5a8268215542995ce29dccfb,chunk_focused_96,chunk,focused,1.0,1.0,0.0,0.2444,0.5,90.0,1.0,1.0
5a7605f85542994ccc91868d,chunk_focused_96,chunk,focused,1.0,1.0,1.0,1.0,0.5,77.0,1.0,1.0
5adf74075542992d7e9f937c,chunk_focused_96,chunk,focused,0.0,0.4,0.0,0.5532,0.5,94.0,1.0,1.0
5abe2b0155429976d4830a83,chunk_focused_96,chunk,focused,0.0,0.0,0.0,0.6875,0.5,80.0,1.0,1.0
5a849c1b5542997175ce1ef9,chunk_focused_96,chunk,focused,0.0,0.0,0.0,0.2763,0.5,76.0,1.0,1.0
5a81108855429926c1cdace2,chunk_focused_96,chunk,focused,0.0,0.4,1.0,1.0,1.0,95.0,1.0,1.0
5a8e06785542995085b37383,chunk_focused_96,chunk,focused,1.0,1.0,1.0,1.0,1.0,84.0,1.0,1.0
5adbfa38554299438c868d00,chunk_focused_96,chunk,focused,0.0,0.0,0.0,0.0,0.0,88.0,1.0,1.0
5a73b1855542992d56e7e388,chunk_focused_96,chunk,focused,0.0,0.8,0.0,0.4194,1.0,93.0,1.0,1.0
5ab94fa25542996be2020474,chunk_focused_96,chunk,focused,0.0,0.0,0.0,0.4615,0.5,91.0,1.0,1.0
5a7e7d4655429934daa2fc2e,chunk_focused_96,chunk,focused,0.0,0.0,1.0,0.4762,0.5,84.0,1.0,1.0
5a75d9c05542992db94736f6,chunk_focused_96,chunk,focused,0.0,0.0,0.0,0.0,0.0,75.0,0.5,0.0
5adf33965542993344016c20,chunk_focused_96,chunk,focused,0.0,0.0,1.0,1.0,0.5,85.0,1.0,1.0
5a8f979255429918e830d288,chunk_focused_96,chunk,focused,0.0,0.3333,0.0,0.0,0.0,94.0,0.5,0.0
5a8a17685542993b751ca9f3,chunk_focused_96,chunk,focused,1.0,1.0,1.0,0.3111,0.5,90.0,1.0,1.0
5abd56355542993062266c58,chunk_focused_96,chunk,focused,0.0,0.0,1.0,0.6941,0.5,85.0,1.0,1.0
5ab91f98554299753720f70d,chunk_focused_96,chunk,focused,0.0,0.0,1.0,0.5543,0.5,92.0,1.0,1.0
5a811152554299260e20a22e,chunk_focused_96,chunk,focused,0.0,0.8,1.0,0.6,1.0,95.0,1.0,1.0
5a7a1f795542996c55b2dd1b,chunk_focused_96,chunk,focused,1.0,1.0,1.0,1.0,1.0,74.0,1.0,1.0
5a7324e055429901807daf8f,chunk_focused_96,chunk,focused,0.0,0.8,0.0,0.3553,0.5,76.0,1.0,1.0
5ab9618f554299743d22eb28,chunk_focused_96,chunk,focused,0.0,0.0,0.0,0.3778,0.5,90.0,0.5,0.0
5abffafe5542997d64295988,chunk_focused_96,chunk,focused,1.0,1.0,1.0,0.4624,0.5,93.0,1.0,1.0
5a8cee9b554299441c6b9f87,chunk_focused_96,chunk,focused,0.0,0.0,1.0,1.0,1.0,96.0,1.0,1.0
5a7270395542992359bc30a8,chunk_focused_96,chunk,focused,0.0,0.0,0.0,0.5647,0.5,85.0,0.5,0.0
5ac14d0c5542991316484ae2,chunk_focused_96,chunk,focused,0.0,0.0,1.0,1.0,1.0,93.0,1.0,1.0
5a75a76b5542992db9473697,chunk_focused_96,chunk,focused,0.0,0.0,1.0,0.8111,0.5,90.0,1.0,1.0
5ab55455554299488d4d993b,chunk_focused_96,chunk,focused,0.0,0.0,0.0,0.0,0.0,91.0,1.0,1.0
5a7f48e15542992e7d278ce6,chunk_focused_96,chunk,focused,0.0,0.0,0.0,1.0,0.5,80.0,0.5,0.0
5ab7f0995542995dae37e9fb,chunk_focused_96,chunk,focused,0.0,0.0,0.0,0.6667,0.5,87.0,1.0,1.0
5aba89fb5542994dbf019933,chunk_focused_96,chunk,focused,0.0,0.0,0.0,1.0,0.5,48.0,1.0,1.0
5a7621bb554299109176e650,chunk_focused_96,chunk,focused,0.0,0.0,0.0,0.8421,0.5,95.0,1.0,1.0
5a70f0e75542994082a3e408,chunk_focused_96,chunk,focused,0.0,0.0,0.0,0.0,0.0,94.0,1.0,1.0
5a773ec45542994aec3b7245,chunk_focused_96,chunk,focused,1.0,1.0,1.0,0.8298,1.0,94.0,1.0,1.0
5a802b595542995d8a8ddf51,chunk_focused_96,chunk,focused,1.0,1.0,1.0,0.0,0.0,95.0,0.5,0.0
5a8de7c65542995085b37353,chunk_focused_96,chunk,focused,1.0,1.0,1.0,0.3678,0.5,87.0,1.0,1.0
5ab5b6c1554299637185c5e5,chunk_focused_96,chunk,focused,1.0,1.0,1.0,0.0,0.0,94.0,0.5,0.0
5abb8e2d554299642a094aa4,chunk_focused_96,chunk,focused,0.0,0.0,0.0,0.1809,0.5,94.0,1.0,1.0
5a7642f7554299109176e6e8,chunk_focused_96,chunk,focused,1.0,1.0,1.0,0.7128,1.0,94.0,1.0,1.0
5a756b175542996c70cfaef7,chunk_focused_96,chunk,focused,0.0,0.0,1.0,0.0,0.0,88.0,1.0,1.0
5a83161555429940e5e1a958,chunk_focused_96,chunk,focused,1.0,1.0,1.0,0.8696,0.5,92.0,1.0,1.0
5ab3eac5554299753aec59ec,chunk_focused_96,chunk,focused,0.0,0.0,0.0,0.0,0.0,96.0,1.0,1.0
5a73090455429901807daf6e,chunk_focused_96,chunk,focused,1.0,1.0,1.0,1.0,1.0,71.0,1.0,1.0
5a8c8502554299585d9e36d0,chunk_focused_96,chunk,focused,0.0,0.0,1.0,0.6316,0.5,95.0,1.0,1.0
5a7d598d5542995f4f402262,chunk_focused_96,chunk,focused,1.0,1.0,1.0,0.3978,1.0,93.0,1.0,1.0
5a77f4755542992a6e59e01f,chunk_focused_96,chunk,focused,1.0,1.0,1.0,1.0,1.0,88.0,1.0,1.0
5abcf14f55429959677d6b5b,chunk_focused_96,chunk,focused,0.0,0.4444,1.0,1.0,0.5,79.0,1.0,1.0
5a8d8eb5554299068b959d3a,chunk_focused_96,chunk,focused,1.0,1.0,1.0,0.4835,0.5,91.0,1.0,1.0
5a7e7ed05542991319bc94c2,chunk_focused_96,chunk,focused,0.0,0.0,1.0,1.0,1.0,95.0,1.0,1.0
5ae236445542992decbdcc69,chunk_focused_96,chunk,focused,0.0,0.6667,0.0,1.0,0.5,80.0,1.0,1.0
5a750de95542993748c897ac,chunk_focused_96,chunk,focused,0.0,0.3333,0.0,0.7872,1.0,94.0,1.0,1.0
5a7fc03d5542992097ad2fbc,chunk_focused_96,chunk,focused,0.0,0.0,1.0,0.0,0.0,95.0,1.0,1.0
5a7172105542994082a3e837,chunk_focused_96,chunk,focused,1.0,1.0,1.0,1.0,1.0,94.0,1.0,1.0
5a847edd554299123d8c2272,chunk_focused_96,chunk,focused,0.0,0.0,0.0,1.0,1.0,89.0,1.0,1.0
5ab761d955429928e1fe3856,chunk_focused_96,chunk,focused,1.0,1.0,1.0,0.4118,0.5,85.0,1.0,1.0
5a7a2dac5542990198eaf0b6,chunk_focused_96,chunk,focused,0.0,0.0,1.0,0.5904,0.5,83.0,1.0,1.0
5ae530e355429908b6326561,chunk_focused_96,chunk,focused,1.0,1.0,1.0,1.0,1.0,94.0,1.0,1.0
5abcff225542993a06baf9ea,chunk_focused_96,chunk,focused,1.0,1.0,1.0,0.3258,0.5,89.0,1.0,1.0
5abe9f7d5542997ec76fd331,chunk_focused_96,chunk,focused,0.0,0.0,0.0,0.4828,0.5,87.0,0.5,0.0
5a8db42f5542994ba4e3dd11,chunk_focused_96,chunk,focused,1.0,1.0,1.0,0.4333,1.0,90.0,1.0,1.0
5ae658855542992ae0d162e3,chunk_focused_96,chunk,focused,0.0,0.0,0.0,0.0,0.0,96.0,0.5,0.0
5a8c6d4e5542996e8ac88aa6,chunk_focused_96,chunk,focused,0.0,0.0,1.0,0.6329,1.0,79.0,1.0,1.0
5aba65a055429939ce03dcd2,chunk_focused_96,chunk,focused,0.0,0.0,0.0,1.0,0.5,76.0,1.0,1.0
5ae199305542997b2ef7d20e,chunk_focused_96,chunk,focused,0.0,0.0,1.0,1.0,1.0,67.0,1.0,1.0
5a806aca5542996402f6a503,chunk_focused_96,chunk,focused,0.0,0.0,0.0,0.0,0.0,81.0,0.5,0.0
5ae336495542990afbd1e0e1,chunk_focused_96,chunk,focused,1.0,1.0,1.0,1.0,1.0,96.0,1.0,1.0
5a8198565542995ce29dcc13,chunk_focused_96,chunk,focused,0.0,0.0,0.0,0.6632,0.5,95.0,1.0,1.0
5a9068075542990a9849361a,chunk_focused_96,chunk,focused,0.0,0.0,1.0,1.0,0.5,60.0,1.0,1.0
5a7a2be25542996a35c17118,chunk_focused_96,chunk,focused,0.0,0.0,1.0,0.0,0.0,91.0,1.0,1.0
5a7562045542992db947364f,chunk_focused_96,chunk,focused,0.0,0.2857,0.0,1.0,0.5,77.0,1.0,1.0
5ac2a55b55429921a00ab018,chunk_focused_96,chunk,focused,0.0,0.0,0.0,0.0,0.0,91.0,1.0,1.0
5abccf6755429965836004ab,chunk_focused_96,chunk,focused,0.0,0.0,0.0,0.2706,0.5,85.0,1.0,1.0
5a7c8ae855429935c91b5207,chunk_focused_96,chunk,focused,1.0,1.0,1.0,0.6,0.5,95.0,1.0,1.0
5ab30ebf554299753aec592c,chunk_focused_96,chunk,focused,0.0,0.0,0.0,0.0,0.0,67.0,0.5,0.0
5ab2b95c5542991669774072,chunk_focused_96,chunk,focused,1.0,1.0,0.0,1.0,0.5,77.0,1.0,1.0
5ac2a10e554299657fa28fec,chunk_focused_96,chunk,focused,1.0,1.0,1.0,0.5634,0.5,71.0,0.5,0.0
5abb02fe554299232ef4a39f,chunk_focused_96,chunk,focused,1.0,1.0,1.0,1.0,0.5,75.0,1.0,1.0
5a8eb4d65542990e94052b82,chunk_focused_96,chunk,focused,1.0,1.0,1.0,1.0,1.0,66.0,1.0,1.0
5a8ba60b554299240d9c205b,chunk_focused_96,chunk,focused,1.0,1.0,1.0,1.0,1.0,92.0,1.0,1.0
5a807ca5554299485f598613,chunk_focused_96,chunk,focused,0.0,0.0,0.0,0.5556,0.5,90.0,1.0,1.0
5a7c0dab5542997c3ec972d2,chunk_focused_96,chunk,focused,0.0,0.0,1.0,1.0,1.0,91.0,1.0,1.0
5a89019a5542995153361259,chunk_focused_96,chunk,focused,0.0,0.0,1.0,0.7467,0.5,75.0,0.5,0.0
5a7f00b455429930675135f1,chunk_focused_96,chunk,focused,1.0,1.0,1.0,0.3452,0.5,84.0,1.0,1.0
5a8220db5542995ce29dccc1,chunk_focused_96,chunk,focused,1.0,1.0,1.0,1.0,1.0,91.0,1.0,1.0
5ab510cb5542996a3a96a00f,chunk_focused_96,chunk,focused,0.0,0.0,0.0,0.0,0.0,85.0,1.0,1.0
5a80a25d5542995d8a8ddfb7,chunk_focused_96,chunk,focused,0.0,0.0,0.0,0.0,0.0,87.0,0.5,0.0
5adf5cd25542992d7e9f9320,chunk_focused_96,chunk,focused,0.0,0.0,0.0,0.5833,0.5,96.0,0.5,0.0
5a75ebfc5542992d0ec06018,chunk_focused_96,chunk,focused,1.0,1.0,1.0,1.0,0.5,79.0,1.0,1.0
5ab29caa554299545a2cf9d3,chunk_focused_96,chunk,focused,1.0,1.0,1.0,1.0,1.0,95.0,1.0,1.0
5ae0536755429924de1b70a6,chunk_focused_96,chunk,focused,0.0,0.0,0.0,0.5581,1.0,86.0,1.0,1.0
5ae17a9b5542990adbacf7a2,chunk_focused_96,chunk,focused,0.0,0.0,0.0,0.8211,1.0,95.0,1.0,1.0
5a8f503c5542992414482a34,chunk_focused_96,chunk,focused,0.0,0.0,1.0,0.3529,0.5,85.0,0.5,0.0
5ae0159855429925eb1afc09,chunk_focused_96,chunk,focused,1.0,1.0,1.0,0.52,0.5,75.0,1.0,1.0
5a8b2f2b5542995d1e6f12fa,chunk_focused_96,chunk,focused,0.0,0.0,1.0,0.1974,0.5,76.0,1.0,1.0
5a90386455429916514e7435,chunk_focused_96,chunk,focused,0.0,0.0,1.0,1.0,1.0,75.0,1.0,1.0
5ab43179554299233955004d,chunk_focused_96,chunk,focused,0.0,0.0,0.0,0.4925,0.5,67.0,0.5,0.0
5a8b42be55429949d91db515,chunk_focused_96,chunk,focused,0.0,0.0,0.0,0.4894,0.5,94.0,1.0,1.0
5a8d6d4e554299441c6b9fdb,chunk_focused_96,chunk,focused,0.0,0.5,1.0,0.5581,0.5,86.0,1.0,1.0
5ae40a2955429970de88d8a3,chunk_focused_96,chunk,focused,0.0,0.0,0.0,0.2692,0.5,78.0,0.5,0.0
5adcfebe5542992c1e3a24f3,chunk_focused_96,chunk,focused,0.0,0.0,0.0,0.8706,0.5,85.0,1.0,1.0
5ab5a3fb5542997d4ad1f19b,chunk_focused_96,chunk,focused,0.0,0.8,1.0,1.0,1.0,93.0,1.0,1.0
5ac2ffbd554299677310267b,chunk_focused_96,chunk,focused,0.0,0.0,1.0,1.0,1.0,96.0,1.0,1.0
5a7133fa5542994082a3e660,chunk_focused_96,chunk,focused,0.0,0.0,0.0,0.2381,0.5,84.0,1.0,1.0
5abea7c25542990832d3a068,chunk_focused_96,chunk,focused,1.0,1.0,1.0,1.0,1.0,95.0,1.0,1.0
5a8a09765542992d82986e67,chunk_focused_96,chunk,focused,0.0,0.5,0.0,0.5978,1.0,92.0,1.0,1.0
5a72a51355429901807daf21,chunk_focused_96,chunk,focused,0.0,0.5,0.0,0.6588,0.5,85.0,1.0,1.0
5aba72d75542994dbf019912,chunk_focused_96,chunk,focused,1.0,1.0,0.0,0.0,0.0,94.0,1.0,1.0
5adcd9fe5542990d50227d46,chunk_focused_96,chunk,focused,0.0,0.0,1.0,0.8511,1.0,94.0,1.0,1.0
5ae5c212554299546bf82f4b,chunk_focused_96,chunk,focused,1.0,1.0,1.0,0.5521,1.0,96.0,1.0,1.0
5a7320565542991f9a20c61d,chunk_focused_96,chunk,focused,0.0,0.0,1.0,0.6049,0.5,81.0,1.0,1.0
5add596f5542990dbb2f7e4d,chunk_focused_96,chunk,focused,0.0,0.0,1.0,0.5208,0.5,96.0,1.0,1.0
5adfb60655429942ec259b08,chunk_focused_96,chunk,focused,0.0,0.0,0.0,0.6421,0.5,95.0,0.5,0.0
5a74adb455429916b01641c6,chunk_focused_96,chunk,focused,1.0,1.0,1.0,1.0,1.0,86.0,1.0,1.0
5ae27df25542992decbdcd2a,chunk_focused_96,chunk,focused,0.0,0.0,0.0,0.6809,1.0,94.0,1.0,1.0
5a8baf4b5542996e8ac889c5,chunk_focused_96,chunk,focused,1.0,1.0,1.0,0.4286,1.0,91.0,1.0,1.0
5ae352285542994393b9e685,chunk_focused_96,chunk,focused,1.0,1.0,1.0,0.3263,1.0,95.0,1.0,1.0
5a8e0a005542995085b373a1,chunk_focused_96,chunk,focused,0.0,0.0,0.0,0.3636,0.5,88.0,0.5,0.0
5ab639e65542995eadeeff7f,chunk_focused_96,chunk,focused,0.0,0.8,0.0,0.8182,0.5,77.0,1.0,1.0
5ade99295542992fa25da7d8,chunk_focused_96,chunk,focused,0.0,0.0,0.0,0.3617,0.5,94.0,1.0,1.0
5ac26b7f55429951e9e685ae,chunk_focused_96,chunk,focused,0.0,0.0,0.0,0.0,0.0,77.0,0.5,0.0
5ae351405542994393b9e67f,chunk_focused_96,chunk,focused,0.0,0.0,1.0,0.5638,0.5,94.0,1.0,1.0
5a7f6f4b5542994857a76740,chunk_focused_96,chunk,focused,0.0,0.8,1.0,0.6413,1.0,92.0,1.0,1.0
5a81346055429926c1cdad13,chunk_focused_96,chunk,focused,0.0,0.2,1.0,1.0,1.0,90.0,1.0,1.0
5a716f575542994082a3e82f,chunk_focused_96,chunk,focused,0.0,0.8,0.0,1.0,1.0,95.0,1.0,1.0
5a812d0555429938b61422e1,chunk_focused_96,chunk,focused,0.0,0.0,1.0,1.0,1.0,91.0,1.0,1.0
5a826d2f5542995ce29dcd05,chunk_focused_96,chunk,focused,0.0,0.0,0.0,0.7471,0.5,87.0,1.0,1.0
5ab67c3f55429954757d32f9,chunk_focused_96,chunk,focused,0.0,0.0,0.0,0.7742,1.0,93.0,1.0,1.0
5ae20e265542994d89d5b325,chunk_focused_96,chunk,focused,1.0,1.0,1.0,1.0,1.0,96.0,1.0,1.0
5ae7eed8554299540e5a56b5,chunk_focused_96,chunk,focused,0.0,0.6667,1.0,1.0,1.0,85.0,1.0,1.0
5a7555215542996c70cfaee1,chunk_focused_96,chunk,focused,1.0,1.0,1.0,0.2414,0.5,87.0,1.0,1.0
5ab9b29c554299743d22ebae,chunk_focused_96,chunk,focused,1.0,1.0,1.0,0.9468,1.0,94.0,1.0,1.0
5ae2c696554299495565db32,chunk_focused_96,chunk,focused,0.0,0.8333,0.0,1.0,0.5,79.0,1.0,1.0
5a832f9d5542993344745fe4,chunk_focused_96,chunk,focused,0.0,0.0,0.0,0.0,0.0,82.0,0.5,0.0
5a79e3925542994bb9457130,chunk_focused_96,chunk,focused,0.0,0.2857,1.0,0.6875,0.5,80.0,1.0,1.0
5ae713af554299572ea546bb,chunk_focused_96,chunk,focused,0.0,0.0,0.0,0.7263,0.5,95.0,1.0,1.0
5ade450b5542997c77adedc5,chunk_focused_96,chunk,focused,0.0,0.1538,1.0,1.0,0.5,77.0,1.0,1.0
5ab3cecd5542992ade7c6eae,chunk_focused_96,chunk,focused,0.0,0.0,0.0,0.8333,0.5,96.0,1.0,1.0
5ae4be5c5542995ad6573e3a,chunk_focused_96,chunk,focused,0.0,0.0,0.0,0.0,0.0,95.0,0.5,0.0
5a8d5ec2554299585d9e37c4,chunk_focused_96,chunk,focused,0.0,0.0,0.0,1.0,1.0,94.0,1.0,1.0
5ae765185542995703ce8c0f,chunk_focused_96,chunk,focused,1.0,1.0,1.0,1.0,1.0,79.0,1.0,1.0
5ab2c6a955429916697740c2,chunk_focused_96,chunk,focused,0.0,0.0,1.0,0.3407,0.5,91.0,1.0,1.0
5ab6369655429953192ad2a1,chunk_focused_96,chunk,focused,1.0,1.0,1.0,0.6,0.5,95.0,1.0,1.0
5a7b220855429931da12c9e5,chunk_focused_96,chunk,focused,1.0,1.0,1.0,1.0,1.0,93.0,1.0,1.0
5a81d92f554299676cceb0f9,chunk_focused_96,chunk,focused,0.0,0.0,1.0,0.7473,0.5,91.0,1.0,1.0
5a7b735c5542997c3ec9718a,chunk_focused_96,chunk,focused,1.0,1.0,1.0,0.5275,0.5,91.0,1.0,1.0
5a724a2b5542990c210a40bc,chunk_focused_96,chunk,focused,0.0,0.6667,1.0,1.0,1.0,91.0,1.0,1.0
5ae5db98554299546bf82fa6,chunk_focused_96,chunk,focused,0.0,0.0,0.0,0.0,0.0,74.0,1.0,1.0
5a7344e95542991f9a20c6ce,chunk_focused_96,chunk,focused,0.0,0.0,0.0,0.3158,0.5,95.0,0.5,0.0
5ab6dbc15542995eadef00cd,chunk_focused_96,chunk,focused,0.0,0.0,1.0,1.0,0.5,91.0,1.0,1.0
5a88016b5542997e5c09a58a,chunk_focused_96,chunk,focused,0.0,0.0,0.0,1.0,0.5,87.0,1.0,1.0
5ab5e024554299494045f097,chunk_focused_96,chunk,focused,0.0,0.0,0.0,0.0,0.0,89.0,1.0,1.0
5ac44629554299194317395d,chunk_focused_96,chunk,focused,0.0,0.0,0.0,0.1798,0.5,89.0,1.0,1.0
5a7afdc85542992d025e672e,chunk_focused_96,chunk,focused,0.0,0.8,0.0,0.5732,0.5,82.0,1.0,1.0
5ae834e95542997ec272776a,chunk_focused_96,chunk,focused,1.0,1.0,1.0,0.0,0.0,77.0,1.0,1.0
5abbdb335542992ccd8e7fc1,chunk_focused_96,chunk,focused,0.0,0.0,0.0,1.0,1.0,94.0,1.0,1.0
5a79c9cc554299148911fa53,chunk_focused_96,chunk,focused,1.0,1.0,1.0,1.0,1.0,89.0,1.0,1.0
5ac38c0755429939154137bb,chunk_focused_96,chunk,focused,0.0,0.0,0.0,0.4896,0.5,96.0,1.0,1.0
5a8b7cb95542995d1e6f13bb,chunk_focused_96,chunk,focused,0.0,0.0,0.0,0.0,0.0,85.0,0.5,0.0
5addfdfa5542997dc790710b,chunk_focused_96,chunk,focused,0.0,0.0,0.0,0.7292,0.5,96.0,1.0,1.0
5a88d745554299206df2b378,chunk_focused_96,chunk,focused,0.0,0.0,1.0,1.0,1.0,90.0,1.0,1.0
5ae6940e5542991bbc97613f,chunk_focused_96,chunk,focused,0.0,0.6667,1.0,0.6707,1.0,82.0,1.0,1.0
5abe3abb55429965af743ea1,chunk_focused_96,chunk,focused,0.0,0.0,0.0,0.0,0.0,95.0,0.5,0.0
5a8ba9d255429971feec4759,chunk_focused_96,chunk,focused,0.0,0.0,0.0,0.382,0.5,89.0,0.5,0.0
5ab2b6fb5542992953946848,chunk_focused_96,chunk,focused,1.0,1.0,1.0,1.0,1.0,94.0,1.0,1.0
5adfd2f255429925eb1afaa5,chunk_focused_96,chunk,focused,1.0,1.0,1.0,1.0,1.0,78.0,1.0,1.0
5a7a33a35542994f819ef14c,chunk_focused_96,chunk,focused,0.0,0.0,1.0,0.172,0.5,93.0,1.0,1.0
5a8ba07d5542996e8ac88985,chunk_focused_96,chunk,focused,0.0,0.8,1.0,0.0,0.0,79.0,1.0,1.0
5ab8f57b5542991b5579f097,chunk_focused_96,chunk,focused,0.0,0.0,0.0,0.6129,1.0,93.0,1.0,1.0
5abfb3425542990832d3a1c0,chunk_focused_96,chunk,focused,1.0,1.0,1.0,0.5402,0.5,87.0,0.5,0.0
5ab5ac345542992aa134a37f,chunk_focused_96,chunk,focused,0.0,0.0,0.0,0.6087,0.5,69.0,1.0,1.0
5a8e63d65542995085b37421,chunk_focused_96,chunk,focused,0.0,0.0,0.0,0.4,0.5,90.0,1.0,1.0
5a89706055429951533612f9,chunk_focused_96,chunk,focused,1.0,1.0,1.0,1.0,1.0,91.0,1.0,1.0
5a8e612b5542995085b3741b,chunk_focused_96,chunk,focused,0.0,0.0,1.0,1.0,1.0,88.0,1.0,1.0
5a738fb4554299623ed4abf9,chunk_focused_96,chunk,focused,1.0,1.0,1.0,0.7571,0.5,70.0,1.0,1.0
5a8bc29a5542995d1e6f1446,chunk_focused_96,chunk,focused,0.0,0.0,0.0,0.7901,0.5,81.0,0.5,0.0
5abfe2a15542997d6429591c,chunk_focused_96,chunk,focused,0.0,0.0,1.0,0.2396,0.5,96.0,1.0,1.0
5a868ca055429960ec39b6be,chunk_focused_96,chunk,focused,0.0,0.0,0.0,0.382,0.5,89.0,0.5,0.0
5a820f2c55429926c1cdae17,chunk_focused_96,chunk,focused,0.0,0.0,0.0,0.7128,1.0,94.0,1.0,1.0
5ae5a4e5554299546bf82f01,chunk_focused_96,chunk,focused,0.0,0.75,1.0,0.837,0.5,92.0,1.0,1.0
5a8d0c74554299585d9e37a1,chunk_focused_96,chunk,focused,0.0,0.0,0.0,0.4778,0.5,90.0,1.0,1.0
5ab9d7e4554299232ef4a21f,chunk_focused_96,chunk,focused,0.0,0.0,0.0,1.0,0.5,78.0,1.0,1.0
5a7148d25542994082a3e766,chunk_focused_96,chunk,focused,0.0,0.0,1.0,1.0,1.0,93.0,1.0,1.0
5ae6233c5542992ae0d1623e,chunk_focused_96,chunk,focused,0.0,0.1429,1.0,0.5,0.5,88.0,1.0,1.0
5adff2aa554299603e4183d0,chunk_focused_96,chunk,focused,0.0,0.0,1.0,1.0,1.0,80.0,1.0,1.0
5ade7fa3554299728e26c727,chunk_focused_96,chunk,focused,0.0,0.0,0.0,0.5638,0.5,94.0,0.5,0.0
5a8f38fa55429924144829f5,chunk_focused_96,chunk,focused,0.0,0.6667,1.0,0.5111,0.5,90.0,1.0,1.0
5a8f51695542992414482a3e,chunk_focused_96,chunk,focused,0.0,0.0,0.0,0.275,0.5,80.0,0.5,0.0
5a88db445542993b751ca88a,chunk_focused_96,chunk,focused,1.0,1.0,1.0,1.0,1.0,81.0,1.0,1.0
5a7ef6b35542994959419a94,chunk_focused_96,chunk,focused,0.0,0.6667,1.0,0.6979,1.0,96.0,1.0,1.0
5a8e494e5542995a26add4c8,chunk_focused_96,chunk,focused,0.0,0.5,0.0,0.4167,0.5,72.0,1.0,1.0
5ab5d43f5542997d4ad1f1f6,chunk_focused_96,chunk,focused,0.0,0.0,1.0,1.0,1.0,80.0,1.0,1.0
5a7905ca554299148911f9c8,chunk_focused_96,chunk,focused,0.0,0.0,0.0,0.0,0.0,94.0,0.5,0.0
5ab30f9a554299233954fef2,chunk_focused_96,chunk,focused,0.0,0.0,0.0,1.0,0.5,82.0,1.0,1.0
5ab3849a55429969a97a8170,chunk_focused_96,chunk,focused,1.0,1.0,1.0,0.4944,0.5,89.0,0.5,0.0
5a7bc5f255429927d897c03e,chunk_focused_96,chunk,focused,1.0,1.0,1.0,1.0,1.0,93.0,1.0,1.0
5a7f22005542993067513657,chunk_focused_96,chunk,focused,0.0,0.0,0.0,1.0,1.0,91.0,1.0,1.0
5ab925fd554299131ca42281,chunk_focused_96,chunk,focused,0.0,0.0,1.0,1.0,0.5,80.0,1.0,1.0
5a76244c554299109176e65d,chunk_focused_96,chunk,focused,0.0,0.0,0.0,0.5213,0.5,94.0,0.5,0.0
5ab53bee554299637185c526,chunk_focused_96,chunk,focused,0.0,0.0,0.0,0.6761,0.5,71.0,0.5,0.0
5ab6aa4c55429953192ad359,chunk_focused_96,chunk,focused,0.0,0.0,0.0,1.0,0.5,80.0,0.5,0.0
5abe832a55429965af743f29,chunk_focused_96,chunk,focused,0.0,0.6,0.0,0.0,0.0,89.0,0.5,0.0
5ab5b732554299494045f03c,chunk_focused_96,chunk,focused,1.0,1.0,1.0,1.0,1.0,82.0,1.0,1.0
5adffb4655429925eb1afbbf,chunk_focused_96,chunk,focused,1.0,1.0,1.0,0.5684,0.5,95.0,0.5,0.0
5ae6d3345542996d980e7c85,chunk_focused_96,chunk,focused,0.0,0.0,1.0,0.5579,0.5,95.0,1.0,1.0
5ab878ba55429916710eb06c,chunk_focused_96,chunk,focused,0.0,0.0,1.0,1.0,0.5,96.0,1.0,1.0
5a7509175542993748c897a3,chunk_focused_96,chunk,focused,1.0,1.0,1.0,0.4894,0.5,94.0,0.5,0.0
5a8ac38855429970aeb70300,chunk_focused_96,chunk,focused,1.0,1.0,1.0,0.0,0.0,75.0,1.0,1.0
5a8bc03d5542996e8ac88a0b,chunk_focused_96,chunk,focused,0.0,0.0,0.0,0.8256,0.5,86.0,0.5,0.0
5ae4ad375542995dadf243a4,chunk_focused_96,chunk,focused,0.0,0.0,0.0,0.4375,0.5,80.0,0.5,0.0
5a7da0de5542990b8f5039d7,chunk_focused_96,chunk,focused,0.0,0.0,0.0,1.0,1.0,91.0,1.0,1.0
5a8af0a355429950cd6afc1c,chunk_focused_96,chunk,focused,0.0,0.0,0.0,1.0,0.5,82.0,1.0,1.0
5a73522d5542994cef4bc541,chunk_focused_96,chunk,focused,1.0,1.0,1.0,1.0,1.0,92.0,1.0,1.0
5ab3a83d5542992ade7c6e08,chunk_focused_96,chunk,focused,1.0,1.0,1.0,0.7979,0.5,94.0,1.0,1.0
5ab84d5a55429916710eb028,chunk_focused_96,chunk,focused,0.0,0.0,0.0,1.0,1.0,94.0,1.0,1.0
5a7f57a45542992097ad2f29,chunk_focused_96,chunk,focused,0.0,0.0,1.0,0.6024,0.5,83.0,0.5,0.0
5ae764a85542997b22f6a720,chunk_focused_96,chunk,focused,0.0,0.0,0.0,0.0,0.0,92.0,1.0,1.0
5a7b1023554299042af8f6c2,chunk_focused_96,chunk,focused,1.0,1.0,1.0,1.0,1.0,81.0,1.0,1.0
5a80707e5542992bc0c4a70e,chunk_focused_96,chunk,focused,0.0,0.5333,1.0,1.0,0.5,79.0,1.0,1.0
5a8e16a5554299068b959e58,chunk_focused_96,chunk,focused,1.0,1.0,1.0,1.0,1.0,96.0,1.0,1.0
5a875cd65542996e4f30879d,chunk_focused_96,chunk,focused,1.0,1.0,1.0,1.0,1.0,82.0,1.0,1.0
5a78d16455429974737f78bb,chunk_focused_96,chunk,focused,0.0,0.8,1.0,0.5125,1.0,80.0,1.0,1.0
5a895f6155429946c8d6e914,chunk_focused_96,chunk,focused,0.0,0.5,0.0,0.0,0.0,96.0,1.0,1.0
5a84f8555542997175ce1f3a,chunk_focused_96,chunk,focused,0.0,0.0,0.0,1.0,0.5,96.0,1.0,1.0
5ab31adc554299233954ff0a,chunk_focused_96,chunk,focused,0.0,0.0,0.0,0.0,0.0,81.0,1.0,1.0
5ac3ba1855429939154138f3,chunk_focused_96,chunk,focused,0.0,0.0,0.0,0.6522,0.5,92.0,1.0,1.0
5a7380b955429908901be2d4,chunk_focused_96,chunk,focused,0.0,0.0,1.0,0.2333,0.5,90.0,1.0,1.0
5a8f92fb55429918e830d271,chunk_focused_96,chunk,focused,0.0,0.0,0.0,0.0,0.0,77.0,1.0,1.0
5a88082055429938390d3ed2,chunk_focused_96,chunk,focused,0.0,0.2857,0.0,0.4719,0.5,89.0,1.0,1.0
5a7d22dc5542995ed0d16600,chunk_focused_96,chunk,focused,0.0,0.0,0.0,0.0652,0.5,92.0,1.0,1.0
5ae291bb5542996483e649f6,chunk_focused_96,chunk,focused,0.0,0.0,1.0,0.4421,0.5,95.0,1.0,1.0
5abfde655542997719eab6f2,chunk_focused_96,chunk,focused,0.0,0.0,1.0,0.6771,0.5,96.0,1.0,1.0
5ae67fad5542991bbc976100,chunk_focused_96,chunk,focused,0.0,0.0,0.0,0.734,0.5,94.0,0.5,0.0
5ab2a1f35542997061209677,chunk_focused_96,chunk,focused,0.0,0.8,0.0,0.6941,0.5,85.0,1.0,1.0
5a74ab6055429916b01641b9,chunk_focused_96,chunk,focused,1.0,1.0,1.0,0.6842,1.0,95.0,1.0,1.0
5a8b97485542995d1e6f140f,chunk_focused_96,chunk,focused,0.0,0.0,1.0,0.913,1.0,92.0,1.0,1.0
5adcdc6c5542992c1e3a2437,chunk_focused_96,chunk,focused,0.0,0.0,0.0,1.0,0.5,76.0,0.5,0.0
5ae73ddb554299572ea5478d,chunk_focused_96,chunk,focused,1.0,1.0,1.0,0.4167,0.5,96.0,1.0,1.0
5ade618e554299728e26c700,chunk_focused_96,chunk,focused,0.0,0.0,1.0,0.3723,1.0,94.0,1.0,1.0
5a76404b5542994ccc91873d,chunk_focused_96,chunk,focused,0.0,0.0,1.0,1.0,0.5,80.0,1.0,1.0
5ac44b47554299194317396c,chunk_focused_96,chunk,focused,0.0,0.2,0.0,0.4889,0.5,90.0,1.0,1.0
5ac27afa5542990b17b153b5,chunk_focused_96,chunk,focused,0.0,0.0,0.0,1.0,0.5,81.0,0.5,0.0
5ac2c4fe554299218029db3b,chunk_focused_96,chunk,focused,0.0,0.0,0.0,0.6771,0.5,96.0,1.0,1.0
5ae49b705542995ad6573dbc,chunk_focused_96,chunk,focused,0.0,0.0,0.0,0.1724,0.5,87.0,1.0,1.0
5ae5fc345542993aec5ec1f8,chunk_focused_96,chunk,focused,1.0,1.0,0.0,1.0,0.5,80.0,1.0,1.0
5a8d651955429941ae14dfaf,chunk_focused_96,chunk,focused,1.0,1.0,0.0,0.6477,0.5,88.0,1.0,1.0
5a839cb9554299123d8c2169,chunk_focused_96,chunk,focused,1.0,1.0,0.0,0.0,0.0,78.0,1.0,1.0
5adbe1b355429944faac23a0,chunk_focused_96,chunk,focused,0.0,0.0,0.0,0.5568,0.5,88.0,1.0,1.0
5ac29cf8554299218029dac2,chunk_focused_96,chunk,focused,0.0,0.0,0.0,0.0,0.0,87.0,0.0,0.0
5ae21ef35542994d89d5b35d,chunk_focused_96,chunk,focused,1.0,1.0,1.0,0.5484,0.5,93.0,1.0,1.0
5ae1ebf95542997283cd22f2,chunk_focused_96,chunk,focused,1.0,1.0,1.0,0.7895,1.0,95.0,1.0,1.0
5a8b98665542995d1e6f1413,chunk_focused_96,chunk,focused,1.0,1.0,1.0,0.4667,1.0,90.0,1.0,1.0
5ae3d67f5542992f92d8238f,chunk_focused_96,chunk,focused,0.0,0.0,0.0,0.4384,0.5,73.0,0.5,0.0
5a8cb4b2554299585d9e372a,chunk_focused_96,chunk,focused,0.0,0.8,1.0,0.5895,0.5,95.0,0.5,0.0
5ae30aa05542992decbdcdd7,chunk_focused_96,chunk,focused,0.0,0.0,1.0,1.0,1.0,91.0,1.0,1.0
5adcaa7f5542990d50227cdb,chunk_focused_96,chunk,focused,0.0,0.0,0.0,0.0417,0.5,96.0,1.0,1.0
5a8d40715542994ba4e3dc3a,chunk_focused_96,chunk,focused,0.0,0.0,1.0,1.0,1.0,89.0,1.0,1.0
5ae4f2595542990ba0bbb1a8,chunk_focused_96,chunk,focused,1.0,1.0,1.0,1.0,0.5,83.0,0.5,0.0
5ac507725542994611c8b32a,chunk_focused_96,chunk,focused,0.0,0.0,0.0,0.5,0.5,84.0,0.5,0.0
5a8f5bb45542992414482a77,chunk_focused_96,chunk,focused,0.0,0.0,0.0,0.1264,0.5,87.0,0.5,0.0
5ae1f2d4554299234fd04358,chunk_focused_96,chunk,focused,0.0,0.0,0.0,0.0,0.0,96.0,0.5,0.0
5ae2fca555429928c423958a,chunk_focused_96,chunk,focused,0.0,0.0,0.0,0.8854,0.5,96.0,0.5,0.0
5adc0f8d55429947ff1738ef,chunk_focused_96,chunk,focused,0.0,0.0,1.0,1.0,1.0,88.0,1.0,1.0
5add64065542995b365fab25,chunk_focused_96,chunk,focused,0.0,0.0,1.0,0.4186,0.5,86.0,1.0,1.0
5a7d26bd554299452d57bb28,chunk_focused_96,chunk,focused,0.0,0.0,1.0,0.7826,0.5,92.0,1.0,1.0
5abba581554299642a094af9,chunk_focused_96,chunk,focused,0.0,0.0,0.0,1.0,0.5,67.0,1.0,1.0
5a7f89c75542994857a76775,chunk_focused_96,chunk,focused,0.0,0.0,0.0,0.9756,0.5,82.0,1.0,1.0
5ae531695542990ba0bbb1fb,chunk_focused_96,chunk,focused,0.0,0.0,0.0,0.7419,0.5,93.0,0.5,0.0
5a8d5f16554299585d9e37c5,chunk_focused_96,chunk,focused,1.0,1.0,1.0,0.6667,0.5,84.0,1.0,1.0
5ade1f1c55429939a52fe82d,chunk_focused_96,chunk,focused,1.0,1.0,1.0,1.0,0.5,90.0,1.0,1.0
5a70f4c45542994082a3e437,chunk_focused_96,chunk,focused,1.0,1.0,1.0,0.0,0.0,80.0,1.0,1.0
5a8a07af55429970aeb70222,chunk_focused_96,chunk,focused,0.0,0.3333,1.0,0.1852,0.5,81.0,1.0,1.0
5abd332e5542993062266bdd,chunk_focused_96,chunk,focused,0.0,0.2857,1.0,1.0,0.5,69.0,0.5,0.0
5ae4869755429970de88d99a,chunk_focused_96,chunk,focused,0.0,0.0,0.0,0.5158,0.5,95.0,1.0,1.0
5a8d841955429941ae14dfe6,chunk_focused_96,chunk,focused,0.0,0.0,1.0,0.3474,0.5,95.0,0.5,0.0
5a87c0945542996e4f30890b,chunk_focused_96,chunk,focused,1.0,1.0,0.0,0.55,0.5,80.0,1.0,1.0
5a8a9bc15542996c9b8d5f36,chunk_focused_96,chunk,focused,1.0,1.0,1.0,1.0,1.0,92.0,1.0,1.0
5adc93a4554299438c868e01,chunk_focused_96,chunk,focused,0.0,0.0,0.0,0.65,0.5,80.0,0.5,0.0
5ae564a155429960a22e02e4,chunk_focused_96,chunk,focused,0.0,0.0,1.0,1.0,1.0,79.0,1.0,1.0
5ab56b9b5542997d4ad1f113,chunk_focused_96,chunk,focused,0.0,0.0,1.0,1.0,1.0,75.0,1.0,1.0
5a74d9c555429929fddd84fb,chunk_focused_96,chunk,focused,1.0,1.0,1.0,1.0,1.0,96.0,1.0,1.0
5a8af56855429950cd6afc2f,chunk_focused_96,chunk,focused,0.0,0.25,0.0,0.2763,0.5,76.0,1.0,1.0
5ab3c470554299233954ffa1,chunk_focused_96,chunk,focused,0.0,0.0,0.0,0.0,0.0,78.0,1.0,1.0
5ae20c465542997283cd236a,chunk_focused_96,chunk,focused,0.0,0.0,0.0,0.7849,0.5,93.0,0.5,0.0
5ab5b701554299637185c5e7,chunk_focused_96,chunk,focused,0.0,0.0,0.0,0.0,0.0,78.0,0.5,0.0
5ae829ea5542997ec2727738,chunk_focused_96,chunk,focused,0.0,0.3333,0.0,0.5161,0.5,93.0,0.5,0.0
5ac546975542993e66e8229a,chunk_focused_96,chunk,focused,1.0,1.0,1.0,1.0,1.0,94.0,1.0,1.0
5a81a63c5542990a1d231e45,chunk_focused_96,chunk,focused,0.0,0.5,0.0,1.0,0.5,85.0,1.0,1.0
5a72af155542992359bc316c,chunk_focused_96,chunk,focused,1.0,1.0,1.0,0.6,0.5,85.0,1.0,1.0
5abd6f0855429933744ab7d5,chunk_focused_96,chunk,focused,0.0,0.0,0.0,0.0,0.0,91.0,1.0,1.0
5adefcf15542995ec70e8f4c,chunk_focused_96,chunk,focused,0.0,0.0,0.0,0.8161,0.5,87.0,1.0,1.0
5ae15ae25542990adbacf767,chunk_focused_96,chunk,focused,0.0,0.0,0.0,0.5532,0.5,94.0,1.0,1.0
5abbf43d5542993f40c73c2f,chunk_focused_96,chunk,focused,1.0,1.0,1.0,1.0,0.5,76.0,1.0,1.0
5a7ab1b055429927d897bef4,chunk_focused_96,chunk,focused,1.0,1.0,1.0,0.6125,1.0,80.0,1.0,1.0
5a7d2afd5542995f4f402221,chunk_focused_96,chunk,focused,1.0,1.0,1.0,0.2234,0.5,94.0,1.0,1.0
5a84c0765542991dd0999dd9,chunk_focused_96,chunk,focused,0.0,0.0,0.0,0.4667,0.5,75.0,0.5,0.0
5ae0bc185542993d6555ec29,chunk_focused_96,chunk,focused,0.0,0.0,0.0,0.4731,0.5,93.0,0.5,0.0
5a7cef5d55429909bec768ac,chunk_focused_96,chunk,focused,0.0,0.0,0.0,0.6818,0.5,88.0,1.0,1.0
5a899f4955429946c8d6e971,chunk_focused_96,chunk,focused,1.0,1.0,1.0,1.0,1.0,94.0,1.0,1.0
5a8ed7b455429917b4a5bdd1,chunk_focused_96,chunk,focused,0.0,0.8,1.0,0.9535,0.5,86.0,1.0,1.0
5a835a265542992ef85e2281,chunk_focused_96,chunk,focused,0.0,0.5,1.0,0.3333,0.5,96.0,1.0,1.0
5a8c52685542995e66a475bb,chunk_focused_96,chunk,focused,0.0,0.0,0.0,0.6484,0.5,91.0,0.5,0.0
5ab4e48655429942dd415f9c,chunk_focused_96,chunk,focused,0.0,0.0,0.0,0.4651,0.5,86.0,0.5,0.0
5ae67dba55429908198fa5f0,chunk_focused_96,chunk,focused,0.0,0.0,0.0,0.7143,0.5,77.0,0.5,0.0
5ae13c5155429920d5234336,chunk_focused_96,chunk,focused,1.0,1.0,1.0,1.0,1.0,90.0,1.0,1.0
5ab2b7405542991669774069,chunk_focused_96,chunk,focused,0.0,0.0,0.0,1.0,1.0,86.0,1.0,1.0
5ab1c693554299722f9b4c66,chunk_focused_96,chunk,focused,1.0,1.0,1.0,0.7447,0.5,94.0,0.5,0.0
5ae692e35542996d980e7c0e,chunk_focused_96,chunk,focused,0.0,0.0,0.0,1.0,1.0,78.0,1.0,1.0
5a7f74975542992097ad2f77,chunk_focused_96,chunk,focused,0.0,0.0,0.0,0.4167,0.5,96.0,0.5,0.0
5a7e30b255429934daa2fbeb,chunk_focused_96,chunk,focused,0.0,0.0,1.0,0.5319,0.5,94.0,1.0,1.0
5a7ca95b55429935c91b5287,chunk_focused_96,chunk,focused,1.0,1.0,1.0,0.4667,0.5,90.0,1.0,1.0
5abfa18f5542990832d3a176,chunk_focused_96,chunk,focused,1.0,1.0,1.0,1.0,1.0,95.0,1.0,1.0
5a8a39b355429930ff3c0d13,chunk_focused_96,chunk,focused,1.0,1.0,1.0,0.0,0.0,96.0,0.5,0.0
5ab2958c554299449642c912,chunk_focused_96,chunk,focused,0.0,0.0,0.0,0.0,0.0,79.0,0.5,0.0
5ae7eaf65542994a481bbe1d,chunk_focused_96,chunk,focused,1.0,1.0,1.0,1.0,1.0,81.0,1.0,1.0
5aba916c55429901930fa83b,chunk_focused_96,chunk,focused,0.0,0.0,0.0,0.4368,0.5,87.0,0.5,0.0
5ac0d981554299012d1db646,chunk_focused_96,chunk,focused,0.0,0.0,0.0,0.7283,0.5,92.0,1.0,1.0
5ade653f55429975fa854ebb,chunk_focused_96,chunk,focused,0.0,0.8,1.0,0.0,0.0,81.0,1.0,1.0
5ab54e145542992aa134a2a1,chunk_focused_96,chunk,focused,0.0,0.4,1.0,0.6848,1.0,92.0,1.0,1.0
5a8518a75542994c784ddaf7,chunk_focused_96,chunk,focused,0.0,0.0,1.0,1.0,1.0,84.0,1.0,1.0
5ac175635542994ab5c67d4b,chunk_focused_96,chunk,focused,0.0,0.0,0.0,0.4598,0.5,87.0,1.0,1.0
5abd889f55429924427fd046,chunk_focused_96,chunk,focused,1.0,1.0,1.0,0.625,0.5,96.0,1.0,1.0
5a772c925542993735360208,chunk_focused_96,chunk,focused,0.0,0.0,1.0,0.4066,0.5,91.0,1.0,1.0
5ab492155542991779162ce3,chunk_focused_96,chunk,focused,0.0,0.25,0.0,0.4239,0.5,92.0,0.5,0.0
5ae5ef105542996de7b71a72,chunk_focused_96,chunk,focused,0.0,0.0,1.0,0.6277,0.5,94.0,1.0,1.0
5a8ad2f3554299515336138d,chunk_focused_96,chunk,focused,1.0,1.0,1.0,0.8438,0.5,96.0,1.0,1.0
5a7d07a455429907fabef0ae,chunk_focused_96,chunk,focused,0.0,0.5,1.0,0.7204,1.0,93.0,1.0,1.0
5aba89d555429901930fa816,chunk_focused_96,chunk,focused,0.0,0.0,0.0,1.0,0.5,81.0,1.0,1.0
5a8c7623554299653c1aa07a,chunk_focused_96,chunk,focused,1.0,1.0,1.0,0.5426,0.5,94.0,1.0,1.0
5a79ecd05542996c55b2dca1,chunk_focused_96,chunk,focused,0.0,0.0,0.0,0.6742,0.5,89.0,0.5,0.0
5adec4695542992fa25da83a,chunk_focused_96,chunk,focused,0.0,0.0,1.0,1.0,0.5,72.0,1.0,1.0
5ae608f2554299546bf83026,chunk_focused_96,chunk,focused,1.0,1.0,1.0,1.0,1.0,82.0,1.0,1.0
5abfd5c45542994516f4550e,chunk_focused_96,chunk,focused,0.0,0.0,0.0,0.4138,0.5,87.0,0.5,0.0
5adce12e5542990d50227d4f,chunk_focused_96,chunk,focused,1.0,1.0,1.0,0.3854,0.5,96.0,0.5,0.0
5a851b0d5542997175ce1f7f,chunk_focused_96,chunk,focused,0.0,0.0,0.0,1.0,1.0,72.0,1.0,1.0
5ae164cf5542997b2ef7d1cd,chunk_focused_96,chunk,focused,0.0,0.0,0.0,0.163,0.5,92.0,0.5,0.0
5a8c493e554299653c1aa020,chunk_focused_96,chunk,focused,0.0,0.0,0.0,0.0,0.0,96.0,0.5,0.0
5a89dbec554299669944a5d6,chunk_focused_96,chunk,focused,0.0,0.0,0.0,0.5747,0.5,87.0,1.0,1.0
5ae1389655429901ffe4ae05,chunk_focused_96,chunk,focused,0.0,0.0,1.0,1.0,1.0,92.0,1.0,1.0
5adc6a3b55429947ff173953,chunk_focused_96,chunk,focused,1.0,1.0,0.0,1.0,0.5,92.0,1.0,1.0
5ac02880554299012d1db5c0,chunk_focused_96,chunk,focused,1.0,1.0,1.0,1.0,1.0,85.0,1.0,1.0
5aba0c2655429955dce3edb7,chunk_focused_96,chunk,focused,0.0,0.0,1.0,0.825,0.5,80.0,0.5,0.0
5add44c25542997545bbbd0a,chunk_focused_96,chunk,focused,0.0,0.2857,1.0,1.0,1.0,73.0,1.0,1.0
5a7616755542992d0ec06028,chunk_focused_96,chunk,focused,0.0,0.0,1.0,0.8105,1.0,95.0,1.0,1.0
5add1d575542992c1e3a2540,chunk_mmr_96,chunk,mmr,0.0,0.0,0.0,0.5542,0.5,83.0,0.5,0.0
5ac55ea55542993e66e82377,chunk_mmr_96,chunk,mmr,0.0,0.0,0.0,0.2088,0.5,91.0,1.0,1.0
5ac3a76e554299741d48a2be,chunk_mmr_96,chunk,mmr,1.0,1.0,1.0,1.0,0.5,83.0,1.0,1.0
5a7133565542994082a3e65c,chunk_mmr_96,chunk,mmr,0.0,0.6667,1.0,0.5625,0.5,96.0,1.0,1.0
5ac1a4745542991316484b82,chunk_mmr_96,chunk,mmr,0.0,0.0,0.0,0.4316,0.5,95.0,1.0,1.0
5adc597d55429947ff17392f,chunk_mmr_96,chunk,mmr,0.0,0.0,0.0,1.0,0.5,90.0,0.5,0.0
5ac55e835542993e66e82375,chunk_mmr_96,chunk,mmr,1.0,1.0,1.0,1.0,1.0,88.0,1.0,1.0
5a8d9e0f554299441c6ba015,chunk_mmr_96,chunk,mmr,0.0,0.0,0.0,0.0,0.0,96.0,0.5,0.0
5ae70ed7554299572ea546a1,chunk_mmr_96,chunk,mmr,0.0,0.0,0.0,0.4945,0.5,91.0,1.0,1.0
5a74a8fa55429929fddd8497,chunk_mmr_96,chunk,mmr,0.0,0.0,0.0,0.6071,0.5,84.0,0.5,0.0
5a7cb94f554299683c1c6353,chunk_mmr_96,chunk,mmr,0.0,0.0,0.0,0.4659,0.5,88.0,0.5,0.0
5ab874ba5542990e739ec904,chunk_mmr_96,chunk,mmr,1.0,1.0,0.0,1.0,0.5,91.0,1.0,1.0
5ae3a8985542992f92d82329,chunk_mmr_96,chunk,mmr,0.0,0.6667,1.0,0.2935,0.5,92.0,0.5,0.0
5ac39f7b554299218029dbe7,chunk_mmr_96,chunk,mmr,1.0,1.0,1.0,1.0,1.0,88.0,1.0,1.0
5ae27b535542996483e649b6,chunk_mmr_96,chunk,mmr,1.0,1.0,1.0,1.0,1.0,87.0,1.0,1.0
5a7331de5542994cef4bc4a8,chunk_mmr_96,chunk,mmr,0.0,0.129,1.0,0.5949,0.5,79.0,1.0,1.0
5ac15de55542991316484afb,chunk_mmr_96,chunk,mmr,0.0,0.0,0.0,0.4545,0.5,88.0,1.0,1.0
5a7c6c9d554299683c1c6302,chunk_mmr_96,chunk,mmr,0.0,0.0,0.0,0.1684,0.5,95.0,0.5,0.0
5ae6363b55429929b0807af0,chunk_mmr_96,chunk,mmr,0.0,0.0,0.0,0.3368,0.5,95.0,0.5,0.0
5a8cea40554299441c6b9f76,chunk_mmr_96,chunk,mmr,1.0,1.0,1.0,1.0,1.0,96.0,1.0,1.0
5ab5ecd75542992aa134a3e6,chunk_mmr_96,chunk,mmr,0.0,0.8571,1.0,0.3721,0.5,86.0,1.0,1.0
5a84c5545542991dd0999dee,chunk_mmr_96,chunk,mmr,0.0,0.0,0.0,0.0,0.0,82.0,0.5,0.0
5adeacf955429975fa854f66,chunk_mmr_96,chunk,mmr,0.0,0.0,0.0,0.0,0.0,94.0,0.5,0.0
5a8ce15d554299653c1aa12f,chunk_mmr_96,chunk,mmr,0.0,0.0,0.0,0.9155,0.5,71.0,1.0,1.0
5ade4da055429939a52fe878,chunk_mmr_96,chunk,mmr,1.0,1.0,1.0,0.7111,0.5,90.0,1.0,1.0
5ab2a186554299295394677b,chunk_mmr_96,chunk,mmr,0.0,0.0,0.0,1.0,0.5,79.0,1.0,1.0
5ade66e1554299728e26c713,chunk_mmr_96,chunk,mmr,0.0,0.0,0.0,0.8316,0.5,95.0,1.0,1.0
5a7c634c55429907fabeef79,chunk_mmr_96,chunk,mmr,0.0,0.0,1.0,0.4368,0.5,87.0,1.0,1.0
5ae13f3c5542997b2ef7d168,chunk_mmr_96,chunk,mmr,0.0,0.0,0.0,0.5854,0.5,82.0,0.5,0.0
5ae17cd055429901ffe4aea3,chunk_mmr_96,chunk,mmr,1.0,1.0,1.0,0.7083,1.0,96.0,1.0,1.0
5ae7940c55429952e35ea984,chunk_mmr_96,chunk,mmr,0.0,0.5,0.0,0.3804,0.5,92.0,0.5,0.0
5a7296815542991f9a20c515,chunk_mmr_96,chunk,mmr,1.0,1.0,1.0,0.2778,0.5,90.0,1.0,1.0
5ab2e8ad554299340b525562,chunk_mmr_96,chunk,mmr,1.0,1.0,1.0,0.6842,1.0,95.0,1.0,1.0
5a89b1de5542992e4fca8378,chunk_mmr_96,chunk,mmr,0.0,0.0,0.0,0.2833,0.5,60.0,1.0,1.0
5ab78edc5542995dae37e95c,chunk_mmr_96,chunk,mmr,0.0,0.0,0.0,0.4839,0.5,93.0,0.5,0.0
5ae73acb5542991e8301cc07,chunk_mmr_96,chunk,mmr,0.0,0.0,1.0,0.4146,0.5,82.0,1.0,1.0
5a8257fa55429940e5e1a866,chunk_mmr_96,chunk,mmr,1.0,1.0,1.0,1.0,1.0,92.0,1.0,1.0
5a8d8e4f5542994ba4e3dca7,chunk_mmr_96,chunk,mmr,0.0,0.5,1.0,1.0,0.5,87.0,1.0,1.0
5a8a07725542992d82986e5b,chunk_mmr_96,chunk,mmr,0.0,0.0,0.0,0.0,0.0,94.0,0.5,0.0
5a79fac85542996c55b2dcc1,chunk_mmr_96,chunk,mmr,0.0,0.0,0.0,1.0,0.5,82.0,1.0,1.0
5a81537355429926c1cdad20,chunk_mmr_96,chunk,mmr,0.0,0.5,1.0,0.7363,0.5,91.0,1.0,1.0
5a721d5a55429971e9dc9283,chunk_mmr_96,chunk,mmr,0.0,0.4444,1.0,1.0,1.0,95.0,1.0,1.0
5a7aa2a255429941d65f270e,chunk_mmr_96,chunk,mmr,0.0,0.0,1.0,1.0,1.0,77.0,1.0,1.0
5abe6f8455429965af743f03,chunk_mmr_96,chunk,mmr,1.0,1.0,1.0,0.2021,0.5,94.0,1.0,1.0
5ae7257a554299572ea54731,chunk_mmr_96,chunk,mmr,1.0,1.0,1.0,0.4719,0.5,89.0,1.0,1.0
5ac0e0e25542997d64295a6f,chunk_mmr_96,chunk,mmr,0.0,0.0,0.0,0.7949,0.5,78.0,0.5,0.0
5a72688c5542997f827839b2,chunk_mmr_96,chunk,mmr,1.0,1.0,1.0,0.3516,0.5,91.0,1.0,1.0
5adea0c5554299728e26c776,chunk_mmr_96,chunk,mmr,0.0,0.0,0.0,0.5684,1.0,95.0,1.0,1.0
5ab8372255429919ba4e226b,chunk_mmr_96,chunk,mmr,1.0,1.0,1.0,1.0,1.0,88.0,1.0,1.0
5ac0e064554299012d1db64e,chunk_mmr_96,chunk,mmr,0.0,0.0,0.0,0.0,0.0,90.0,0.5,0.0
5a8574945542997b5ce3fffb,chunk_mmr_96,chunk,mmr,1.0,1.0,1.0,0.5224,0.5,67.0,1.0,1.0
5a8704f8554299211dda2ba4,chunk_mmr_96,chunk,mmr,0.0,0.5,0.0,0.0,0.0,73.0,1.0,1.0
5a81d1f0554299676cceb0ee,chunk_mmr_96,chunk,mmr,1.0,1.0,1.0,0.0,0.0,76.0,1.0,1.0
5a7bf84b5542996dd594b875,chunk_mmr_96,chunk,mmr,1.0,1.0,1.0,1.0,1.0,86.0,1.0,1.0
5ab69e4f554299710c8d1eee,chunk_mmr_96,chunk,mmr,0.0,0.5,1.0,0.6842,0.5,95.0,1.0,1.0
5ae64ad25542995703ce8b4f,chunk_mmr_96,chunk,mmr,0.0,0.0,0.0,0.0,0.0,96.0,0.0,0.0
5a7571135542992d0ec05f98,chunk_mmr_96,chunk,mmr,0.0,0.0,0.0,0.1979,0.5,96.0,1.0,1.0
5a8f2fed55429918e830d1c7,chunk_mmr_96,chunk,mmr,0.0,0.0,1.0,0.7527,0.5,93.0,1.0,1.0
5ab596d95542992aa134a371,chunk_mmr_96,chunk,mmr,0.0,0.0,1.0,0.6067,0.5,89.0,1.0,1.0
5a71214d5542994082a3e5b9,chunk_mmr_96,chunk,mmr,0.0,0.0,0.0,1.0,0.5,82.0,1.0,1.0
5ac298f9554299657fa28fc9,chunk_mmr_96,chunk,mmr,0.0,0.125,0.0,0.5213,0.5,94.0,1.0,1.0
5ae35e8c5542990afbd1e120,chunk_mmr_96,chunk,mmr,0.0,0.25,0.0,1.0,0.5,78.0,0.5,0.0
5ae616ce5542992663a4f259,chunk_mmr_96,chunk,mmr,0.0,0.3333,0.0,0.7111,0.5,90.0,0.5,0.0
5abbc3a955429931dba144f9,chunk_mmr_96,chunk,mmr,0.0,0.0,0.0,0.0,0.0,87.0,0.5,0.0
5adfe6c455429906c02daa85,chunk_mmr_96,chunk,mmr,0.0,0.0,1.0,0.4222,0.5,90.0,0.5,0.0
5a7f924c55429969796c1aba,chunk_mmr_96,chunk,mmr,0.0,0.5,0.0,0.4889,0.5,90.0,0.5,0.0
5ab938fb554299131ca422ce,chunk_mmr_96,chunk,mmr,0.0,0.0,1.0,1.0,1.0,93.0,1.0,1.0
5ae1e80b5542997f29b3c197,chunk_mmr_96,chunk,mmr,0.0,0.0,0.0,0.3529,0.5,85.0,0.5,0.0
5a89e3995542992e4fca844d,chunk_mmr_96,chunk,mmr,0.0,0.0,0.0,0.6739,0.5,92.0,0.5,0.0
5ab8919655429934fafe6e13,chunk_mmr_96,chunk,mmr,1.0,1.0,1.0,1.0,0.5,94.0,0.5,0.0
5add18345542994ed6169c7e,chunk_mmr_96,chunk,mmr,1.0,1.0,1.0,1.0,1.0,90.0,1.0,1.0
5a825b0e55429954d2e2eb0c,chunk_mmr_96,chunk,mmr,0.0,0.0,0.0,0.0,0.0,91.0,0.5,0.0
5ab54056554299488d4d9923,chunk_mmr_96,chunk,mmr,0.0,0.0,0.0,0.2055,0.5,73.0,0.5,0.0
5a8a416955429930ff3c0d2b,chunk_mmr_96,chunk,mmr,1.0,1.0,1.0,0.5412,0.5,85.0,1.0,1.0
5a729fe55542991f9a20c53b,chunk_mmr_96,chunk,mmr,0.0,0.0,0.0,0.0,0.0,75.0,1.0,1.0
5abee41a5542993fe9a41d79,chunk_mmr_96,chunk,mmr,1.0,1.0,1.0,0.6923,0.5,91.0,1.0,1.0
5a8327fd5542990548d0b1a3,chunk_mmr_96,chunk,mmr,1.0,1.0,1.0,0.2584,0.5,89.0,1.0,1.0
5a7264ed5542990c210a411a,chunk_mmr_96,chunk,mmr,0.0,0.0,0.0,1.0,0.5,80.0,1.0,1.0
5a74cfc75542996c70cfadfe,chunk_mmr_96,chunk,mmr,0.0,0.75,1.0,0.6667,0.5,96.0,1.0,1.0
5abe3c7555429965af743ea5,chunk_mmr_96,chunk,mmr,0.0,0.0,1.0,0.4839,0.5,93.0,1.0,1.0
5a88a5645542997e5c09a679,chunk_mmr_96,chunk,mmr,0.0,0.0,1.0,1.0,1.0,90.0,1.0,1.0
5a8756aa5542994846c1cd69,chunk_mmr_96,chunk,mmr,0.0,0.5,1.0,1.0,1.0,91.0,1.0,1.0
5a83ab355542990548d0b218,chunk_mmr_96,chunk,mmr,1.0,1.0,1.0,1.0,1.0,95.0,1.0,1.0
5abe407155429976d4830ab4,chunk_mmr_96,chunk,mmr,0.0,0.0,0.0,0.6023,0.5,88.0,1.0,1.0
5a769b115542993569682c51,chunk_mmr_96,chunk,mmr,0.0,0.0,0.0,0.0,0.0,95.0,0.0,0.0
5abb8a9b5542996cc5e4a016,chunk_mmr_96,chunk,mmr,1.0,1.0,1.0,1.0,1.0,77.0,1.0,1.0
5adf4b335542993a75d264a5,chunk_mmr_96,chunk,mmr,0.0,0.4,1.0,0.5161,0.5,93.0,1.0,1.0
5a8a19c45542992e4fca8501,chunk_mmr_96,chunk,mmr,0.0,0.0,0.0,0.125,0.5,88.0,1.0,1.0
5ac2f34455429921a00ab0b6,chunk_mmr_96,chunk,mmr,0.0,0.0,1.0,0.679,0.5,81.0,1.0,1.0
5a7e040f5542990b8f503b13,chunk_mmr_96,chunk,mmr,1.0,1.0,1.0,0.5915,1.0,71.0,1.0,1.0
5a8f186055429918e830d186,chunk_mmr_96,chunk,mmr,0.0,0.0,0.0,1.0,0.5,83.0,1.0,1.0
5ac4fbe255429924173fb53b,chunk_mmr_96,chunk,mmr,0.0,0.0,0.0,0.0,0.0,96.0,0.5,0.0
5a8591715542994c784ddb27,chunk_mmr_96,chunk,mmr,0.0,0.0,0.0,0.6559,0.5,93.0,1.0,1.0
5a8ee3a755429917b4a5be02,chunk_mmr_96,chunk,mmr,0.0,0.5714,0.0,0.7447,0.5,94.0,0.5,0.0
5ab985eb554299131ca42360,chunk_mmr_96,chunk,mmr,0.0,0.0,1.0,0.7778,1.0,90.0,1.0,1.0
5ab431d855429942dd415ed2,chunk_mmr_96,chunk,mmr,0.0,0.0,0.0,0.0,0.0,80.0,0.5,0.0
5a771ead55429966f1a36c7c,chunk_mmr_96,chunk,mmr,0.0,0.0,0.0,1.0,0.5,72.0,1.0,1.0
5ac46a8b5542991943173980,chunk_mmr_96,chunk,mmr,0.0,0.0,1.0,0.5952,0.5,84.0,1.0,1.0
5abda2b755429933744ab80f,chunk_mmr_96,chunk,mmr,0.0,0.0,0.0,1.0,0.5,75.0,1.0,1.0
5adc02445542994650320c4e,chunk_mmr_96,chunk,mmr,1.0,1.0,1.0,1.0,1.0,88.0,1.0,1.0
5a8b128455429971feec463b,chunk_mmr_96,chunk,mmr,0.0,0.0,0.0,1.0,0.5,84.0,0.5,0.0
5a803ed45542996402f6a496,chunk_mmr_96,chunk,mmr,0.0,0.0,1.0,0.6875,0.5,80.0,1.0,1.0
5a74c85055429916b0164218,chunk_mmr_96,chunk,mmr,0.0,0.6667,1.0,0.1978,0.5,91.0,1.0,1.0
5ac288a95542990b17b153e5,chunk_mmr_96,chunk,mmr,0.0,0.0,0.0,0.2258,0.5,93.0,0.5,0.0
5ab2123155429970612095b9,chunk_mmr_96,chunk,mmr,0.0,0.4,1.0,0.6344,0.5,93.0,0.5,0.0
5a82edae55429966c78a6a9f,chunk_mmr_96,chunk,mmr,1.0,1.0,1.0,0.2198,0.5,91.0,1.0,1.0
5ae22b8d554299234fd0440f,chunk_mmr_96,chunk,mmr,0.0,0.0,1.0,0.7158,0.5,95.0,1.0,1.0
5adbda2755429944faac2385,chunk_mmr_96,chunk,mmr,1.0,1.0,0.0,0.6129,0.5,93.0,1.0,1.0
5ae1d1a55542997f29b3c138,chunk_mmr_96,chunk,mmr,0.0,0.0,1.0,1.0,1.0,90.0,1.0,1.0
5ac3a2f35542993915413856,chunk_mmr_96,chunk,mmr,0.0,0.0,0.0,0.8,0.5,95.0,0.5,0.0
5a7647b85542992d0ec0608a,chunk_mmr_96,chunk,mmr,1.0,1.0,1.0,1.0,0.5,95.0,1.0,1.0
5ac49a1c5542996feb3fe905,chunk_mmr_96,chunk,mmr,0.0,0.0,0.0,0.0,0.0,79.0,0.0,0.0
5ae60484554299546bf8301a,chunk_mmr_96,chunk,mmr,1.0,1.0,1.0,0.8049,1.0,82.0,1.0,1.0
5a84cf175542992a431d1aa2,chunk_mmr_96,chunk,mmr,0.0,0.0,1.0,0.5208,1.0,96.0,1.0,1.0
5a81b2505542995ce29dcc32,chunk_mmr_96,chunk,mmr,0.0,0.6667,1.0,1.0,0.5,76.0,1.0,1.0
5ab568af554299494045efaf,chunk_mmr_96,chunk,mmr,1.0,1.0,1.0,1.0,1.0,91.0,1.0,1.0
5a8f7a135542992414482adc,chunk_mmr_96,chunk,mmr,0.0,0.0,0.0,0.4787,0.5,94.0,1.0,1.0
5ab2be71554299166977408c,chunk_mmr_96,chunk,mmr,0.0,0.0,0.0,0.6947,0.5,95.0,1.0,1.0
5ae537e45542990ba0bbb235,chunk_mmr_96,chunk,mmr,1.0,1.0,1.0,1.0,1.0,83.0,1.0,1.0
5ac2546a554299636651997b,chunk_mmr_96,chunk,mmr,1.0,1.0,0.0,0.3263,0.5,95.0,1.0,1.0
5ae356045542990afbd1e10d,chunk_mmr_96,chunk,mmr,0.0,0.2667,0.0,0.0,0.0,95.0,0.5,0.0
5ae1e6d95542997283cd22c3,chunk_mmr_96,chunk,mmr,0.0,0.0,0.0,0.0,0.0,86.0,0.5,0.0
5a8b8f5b55429949d91db5e1,chunk_mmr_96,chunk,mmr,0.0,0.0,0.0,0.5455,0.5,88.0,1.0,1.0
5ab3460055429976abd1bc80,chunk_mmr_96,chunk,mmr,1.0,1.0,1.0,0.617,1.0,94.0,1.0,1.0
5a7d2afb554299452d57bb41,chunk_mmr_96,chunk,mmr,1.0,1.0,1.0,1.0,1.0,88.0,1.0,1.0
5adea95055429939a52fe931,chunk_mmr_96,chunk,mmr,0.0,0.0,1.0,0.4301,0.5,93.0,1.0,1.0
5ab7d33d5542992aa3b8c859,chunk_mmr_96,chunk,mmr,0.0,0.4,1.0,0.875,1.0,96.0,1.0,1.0
5a893f305542993b751ca91e,chunk_mmr_96,chunk,mmr,0.0,0.0,0.0,0.0,0.0,88.0,0.5,0.0
5adea83b55429975fa854f53,chunk_mmr_96,chunk,mmr,0.0,0.0,1.0,0.1648,0.5,91.0,1.0,1.0
5ae1d32a554299492dc91b9c,chunk_mmr_96,chunk,mmr,0.0,0.0,0.0,0.0,0.0,96.0,1.0,1.0
5a82accd55429966c78a6a78,chunk_mmr_96,chunk,mmr,0.0,0.0,0.0,0.3646,0.5,96.0,1.0,1.0
5a90ba1b55429933b8a205c6,chunk_mmr_96,chunk,mmr,0.0,0.0,1.0,0.828,1.0,93.0,1.0,1.0
5adcb6875542994ed6169bcb,chunk_mmr_96,chunk,mmr,0.0,0.0,1.0,0.2841,0.5,88.0,1.0,1.0
5a7f95685542995d8a8ddeaa,chunk_mmr_96,chunk,mmr,0.0,0.0,0.0,0.0,0.0,70.0,0.0,0.0
5a78b386554299148911f949,chunk_mmr_96,chunk,mmr,0.0,0.0,0.0,0.0,0.0,88.0,0.5,0.0
5a8c781c554299653c1aa083,chunk_mmr_96,chunk,mmr,1.0,1.0,1.0,1.0,0.5,87.0,1.0,1.0
5a80ae105542992bc0c4a7a2,chunk_mmr_96,chunk,mmr,1.0,1.0,1.0,0.9,1.0,80.0,1.0,1.0
5a84992e5542992a431d1a6d,chunk_mmr_96,chunk,mmr,0.0,0.0,0.0,0.5904,0.5,83.0,0.5,0.0
5a8f2cc855429918e830d1be,chunk_mmr_96,chunk,mmr,0.0,0.0,0.0,0.1702,0.5,94.0,0.5,0.0
5a8841ee5542994846c1ce6b,chunk_mmr_96,chunk,mmr,0.0,0.0,1.0,0.1354,0.5,96.0,1.0,1.0
5adf85e05542993344016cba,chunk_mmr_96,chunk,mmr,1.0,1.0,1.0,1.0,1.0,96.0,1.0,1.0
5a77415b55429966f1a36cd2,chunk_mmr_96,chunk,mmr,0.0,0.8,1.0,0.5104,1.0,96.0,1.0,1.0
5a72fc865542991f9a20c5e9,chunk_mmr_96,chunk,mmr,0.0,0.0,0.0,1.0,0.5,89.0,1.0,1.0
5ac4e13f554299076e296e2d,chunk_mmr_96,chunk,mmr,0.0,0.0,0.0,0.0,0.0,71.0,1.0,1.0
5a7796e05542992a6e59df0f,chunk_mmr_96,chunk,mmr,0.0,0.0,1.0,0.6818,0.5,66.0,1.0,1.0
5ae3eabc5542995dadf2424f,chunk_mmr_96,chunk,mmr,1.0,1.0,1.0,1.0,1.0,78.0,1.0,1.0
5ae3c71f5542991a06ce9a22,chunk_mmr_96,chunk,mmr,0.0,0.6667,1.0,0.56,0.5,75.0,1.0,1.0
5ae25d2b554299495565da46,chunk_mmr_96,chunk,mmr,0.0,0.0,0.0,0.8511,1.0,94.0,1.0,1.0
5ab8179f5542990e739ec817,chunk_mmr_96,chunk,mmr,0.0,0.0,0.0,0.4545,0.5,88.0,1.0,1.0
5adc411f5542994650320cbc,chunk_mmr_96,chunk,mmr,0.0,0.0,1.0,1.0,1.0,94.0,1.0,1.0
5aba6f3e55429955dce3ee21,chunk_mmr_96,chunk,mmr,0.0,0.0,0.0,0.6744,0.5,86.0,1.0,1.0
5add2dae5542992c1e3a2558,chunk_mmr_96,chunk,mmr,1.0,1.0,0.0,0.375,0.5,88.0,1.0,1.0
5ae14b0655429920d52343a6,chunk_mmr_96,chunk,mmr,0.0,0.0,0.0,0.0,0.0,91.0,1.0,1.0
5a730a6b5542992359bc3210,chunk_mmr_96,chunk,mmr,1.0,1.0,1.0,0.6344,1.0,93.0,1.0,1.0
5a75fa14554299109176e5dc,chunk_mmr_96,chunk,mmr,0.0,0.6667,0.0,0.0,0.0,64.0,1.0,1.0
5ac35a7e554299741d48a257,chunk_mmr_96,chunk,mmr,0.0,0.6667,1.0,0.5125,1.0,80.0,1.0,1.0
5a8651185542994775f60752,chunk_mmr_96,chunk,mmr,0.0,0.0,0.0,0.5889,1.0,90.0,1.0,1.0
5a79fe3b5542994f819ef119,chunk_mmr_96,chunk,mmr,1.0,1.0,1.0,1.0,1.0,83.0,1.0,1.0
5a8268215542995ce29dccfb,chunk_mmr_96,chunk,mmr,1.0,1.0,0.0,0.2444,0.5,90.0,1.0,1.0
5a7605f85542994ccc91868d,chunk_mmr_96,chunk,mmr,1.0,1.0,1.0,1.0,0.5,77.0,1.0,1.0
5adf74075542992d7e9f937c,chunk_mmr_96,chunk,mmr,0.0,0.4,0.0,0.5532,0.5,94.0,1.0,1.0
5abe2b0155429976d4830a83,chunk_mmr_96,chunk,mmr,0.0,0.0,0.0,0.0,0.0,73.0,1.0,1.0
5a849c1b5542997175ce1ef9,chunk_mmr_96,chunk,mmr,0.0,0.0,0.0,0.2763,0.5,76.0,1.0,1.0
5a81108855429926c1cdace2,chunk_mmr_96,chunk,mmr,0.0,0.0,0.0,0.5109,0.5,92.0,1.0,1.0
5a8e06785542995085b37383,chunk_mmr_96,chunk,mmr,0.0,0.0,0.0,1.0,0.5,82.0,1.0,1.0
5adbfa38554299438c868d00,chunk_mmr_96,chunk,mmr,0.0,0.3333,1.0,0.4471,0.5,85.0,1.0,1.0
5a73b1855542992d56e7e388,chunk_mmr_96,chunk,mmr,1.0,1.0,1.0,0.5474,1.0,95.0,1.0,1.0
5ab94fa25542996be2020474,chunk_mmr_96,chunk,mmr,0.0,0.0,0.0,0.2526,0.5,95.0,1.0,1.0
5a7e7d4655429934daa2fc2e,chunk_mmr_96,chunk,mmr,0.0,0.0,1.0,0.4762,0.5,84.0,1.0,1.0
5a75d9c05542992db94736f6,chunk_mmr_96,chunk,mmr,0.0,0.0,0.0,0.0,0.0,75.0,0.5,0.0
5adf33965542993344016c20,chunk_mmr_96,chunk,mmr,0.0,0.0,1.0,1.0,0.5,85.0,1.0,1.0
5a8f979255429918e830d288,chunk_mmr_96,chunk,mmr,0.0,0.3333,0.0,0.0,0.0,94.0,0.5,0.0
5a8a17685542993b751ca9f3,chunk_mmr_96,chunk,mmr,0.0,0.0,1.0,1.0,1.0,95.0,1.0,1.0
5abd56355542993062266c58,chunk_mmr_96,chunk,mmr,0.0,0.0,0.0,0.0,0.0,77.0,1.0,1.0
5ab91f98554299753720f70d,chunk_mmr_96,chunk,mmr,0.0,0.0,1.0,0.5543,0.5,92.0,1.0,1.0
5a811152554299260e20a22e,chunk_mmr_96,chunk,mmr,0.0,0.8,1.0,0.6,1.0,95.0,1.0,1.0
5a7a1f795542996c55b2dd1b,chunk_mmr_96,chunk,mmr,1.0,1.0,1.0,1.0,0.5,82.0,1.0,1.0
5a7324e055429901807daf8f,chunk_mmr_96,chunk,mmr,0.0,0.8,0.0,0.3553,0.5,76.0,1.0,1.0
5ab9618f554299743d22eb28,chunk_mmr_96,chunk,mmr,0.0,0.0,0.0,0.3617,0.5,94.0,0.5,0.0
5abffafe5542997d64295988,chunk_mmr_96,chunk,mmr,1.0,1.0,1.0,0.4624,0.5,93.0,1.0,1.0
5a8cee9b554299441c6b9f87,chunk_mmr_96,chunk,mmr,0.0,0.0,1.0,1.0,1.0,96.0,1.0,1.0
5a7270395542992359bc30a8,chunk_mmr_96,chunk,mmr,0.0,0.0,0.0,0.0,0.0,94.0,0.5,0.0
5ac14d0c5542991316484ae2,chunk_mmr_96,chunk,mmr,0.0,0.0,1.0,1.0,1.0,93.0,1.0,1.0
5a75a76b5542992db9473697,chunk_mmr_96,chunk,mmr,0.0,0.0,1.0,0.7033,0.5,91.0,1.0,1.0
5ab55455554299488d4d993b,chunk_mmr_96,chunk,mmr,0.0,0.0,0.0,0.0,0.0,91.0,1.0,1.0
5a7f48e15542992e7d278ce6,chunk_mmr_96,chunk,mmr,0.0,0.0,0.0,1.0,0.5,80.0,0.5,0.0
5ab7f0995542995dae37e9fb,chunk_mmr_96,chunk,mmr,0.0,0.0,0.0,0.0,0.0,82.0,1.0,1.0
5aba89fb5542994dbf019933,chunk_mmr_96,chunk,mmr,0.0,0.0,0.0,0.0,0.0,51.0,1.0,1.0
5a7621bb554299109176e650,chunk_mmr_96,chunk,mmr,0.0,0.0,0.0,0.8421,0.5,95.0,1.0,1.0
5a70f0e75542994082a3e408,chunk_mmr_96,chunk,mmr,0.0,0.0,1.0,0.3542,0.5,96.0,1.0,1.0
5a773ec45542994aec3b7245,chunk_mmr_96,chunk,mmr,0.0,0.0,1.0,0.5217,0.5,92.0,1.0,1.0
5a802b595542995d8a8ddf51,chunk_mmr_96,chunk,mmr,1.0,1.0,1.0,0.0,0.0,95.0,0.5,0.0
5a8de7c65542995085b37353,chunk_mmr_96,chunk,mmr,1.0,1.0,1.0,0.3678,0.5,87.0,1.0,1.0
5ab5b6c1554299637185c5e5,chunk_mmr_96,chunk,mmr,1.0,1.0,1.0,0.4286,0.5,91.0,0.5,0.0
5abb8e2d554299642a094aa4,chunk_mmr_96,chunk,mmr,0.0,0.3333,1.0,0.4043,0.5,94.0,1.0,1.0
5a7642f7554299109176e6e8,chunk_mmr_96,chunk,mmr,1.0,1.0,1.0,1.0,1.0,85.0,1.0,1.0
5a756b175542996c70cfaef7,chunk_mmr_96,chunk,mmr,0.0,0.0,1.0,0.0,0.0,88.0,1.0,1.0
5a83161555429940e5e1a958,chunk_mmr_96,chunk,mmr,0.0,0.0,0.0,0.2118,0.5,85.0,1.0,1.0
5ab3eac5554299753aec59ec,chunk_mmr_96,chunk,mmr,0.0,0.0,1.0,0.2637,0.5,91.0,1.0,1.0
5a73090455429901807daf6e,chunk_mmr_96,chunk,mmr,1.0,1.0,1.0,1.0,1.0,71.0,1.0,1.0
5a8c8502554299585d9e36d0,chunk_mmr_96,chunk,mmr,0.0,0.0,1.0,0.6316,0.5,95.0,1.0,1.0
5a7d598d5542995f4f402262,chunk_mmr_96,chunk,mmr,1.0,1.0,1.0,0.5699,1.0,93.0,1.0,1.0
5a77f4755542992a6e59e01f,chunk_mmr_96,chunk,mmr,1.0,1.0,1.0,0.8556,1.0,90.0,1.0,1.0
5abcf14f55429959677d6b5b,chunk_mmr_96,chunk,mmr,0.0,0.4444,0.0,0.3214,0.5,84.0,1.0,1.0
5a8d8eb5554299068b959d3a,chunk_mmr_96,chunk,mmr,1.0,1.0,1.0,0.4835,0.5,91.0,1.0,1.0
5a7e7ed05542991319bc94c2,chunk_mmr_96,chunk,mmr,0.0,0.0,1.0,1.0,1.0,95.0,1.0,1.0
5ae236445542992decbdcc69,chunk_mmr_96,chunk,mmr,1.0,1.0,1.0,1.0,0.5,79.0,1.0,1.0
5a750de95542993748c897ac,chunk_mmr_96,chunk,mmr,0.0,0.3333,0.0,0.7872,1.0,94.0,1.0,1.0
5a7fc03d5542992097ad2fbc,chunk_mmr_96,chunk,mmr,0.0,0.0,1.0,0.0,0.0,95.0,1.0,1.0
5a7172105542994082a3e837,chunk_mmr_96,chunk,mmr,1.0,1.0,1.0,1.0,1.0,94.0,1.0,1.0
5a847edd554299123d8c2272,chunk_mmr_96,chunk,mmr,0.0,0.0,0.0,1.0,1.0,89.0,1.0,1.0
5ab761d955429928e1fe3856,chunk_mmr_96,chunk,mmr,1.0,1.0,1.0,0.4118,0.5,85.0,1.0,1.0
5a7a2dac5542990198eaf0b6,chunk_mmr_96,chunk,mmr,0.0,0.0,1.0,1.0,0.5,92.0,1.0,1.0
5ae530e355429908b6326561,chunk_mmr_96,chunk,mmr,1.0,1.0,1.0,1.0,1.0,94.0,1.0,1.0
5abcff225542993a06baf9ea,chunk_mmr_96,chunk,mmr,1.0,1.0,1.0,0.3258,0.5,89.0,1.0,1.0
5abe9f7d5542997ec76fd331,chunk_mmr_96,chunk,mmr,0.0,0.0,0.0,1.0,0.5,89.0,0.5,0.0
5a8db42f5542994ba4e3dd11,chunk_mmr_96,chunk,mmr,1.0,1.0,1.0,0.4333,1.0,90.0,1.0,1.0
5ae658855542992ae0d162e3,chunk_mmr_96,chunk,mmr,0.0,0.0,0.0,0.0,0.0,96.0,0.5,0.0
5a8c6d4e5542996e8ac88aa6,chunk_mmr_96,chunk,mmr,0.0,0.0,1.0,0.6329,1.0,79.0,1.0,1.0
5aba65a055429939ce03dcd2,chunk_mmr_96,chunk,mmr,1.0,1.0,1.0,0.3708,0.5,89.0,1.0,1.0
5ae199305542997b2ef7d20e,chunk_mmr_96,chunk,mmr,0.0,0.0,1.0,1.0,1.0,67.0,1.0,1.0
5a806aca5542996402f6a503,chunk_mmr_96,chunk,mmr,0.0,0.0,0.0,0.0,0.0,81.0,0.5,0.0
5ae336495542990afbd1e0e1,chunk_mmr_96,chunk,mmr,0.0,0.5,0.0,0.0,0.0,94.0,1.0,1.0
5a8198565542995ce29dcc13,chunk_mmr_96,chunk,mmr,0.0,0.0,0.0,0.6632,0.5,95.0,1.0,1.0
5a9068075542990a9849361a,chunk_mmr_96,chunk,mmr,0.0,0.0,1.0,1.0,0.5,60.0,1.0,1.0
5a7a2be25542996a35c17118,chunk_mmr_96,chunk,mmr,0.0,0.0,1.0,0.0,0.0,91.0,1.0,1.0
5a7562045542992db947364f,chunk_mmr_96,chunk,mmr,0.0,0.2857,0.0,1.0,0.5,77.0,1.0,1.0
5ac2a55b55429921a00ab018,chunk_mmr_96,chunk,mmr,0.0,0.0,0.0,0.0,0.0,91.0,1.0,1.0
5abccf6755429965836004ab,chunk_mmr_96,chunk,mmr,0.0,0.0,0.0,0.2706,0.5,85.0,1.0,1.0
5a7c8ae855429935c91b5207,chunk_mmr_96,chunk,mmr,1.0,1.0,1.0,0.6,0.5,95.0,1.0,1.0
5ab30ebf554299753aec592c,chunk_mmr_96,chunk,mmr,0.0,0.0,0.0,0.0,0.0,67.0,0.5,0.0
5ab2b95c5542991669774072,chunk_mmr_96,chunk,mmr,1.0,1.0,1.0,0.5426,0.5,94.0,1.0,1.0
5ac2a10e554299657fa28fec,chunk_mmr_96,chunk,mmr,1.0,1.0,1.0,0.5634,0.5,71.0,0.5,0.0
5abb02fe554299232ef4a39f,chunk_mmr_96,chunk,mmr,0.0,0.0,1.0,0.7556,0.5,90.0,1.0,1.0
5a8eb4d65542990e94052b82,chunk_mmr_96,chunk,mmr,1.0,1.0,1.0,1.0,1.0,66.0,1.0,1.0
5a8ba60b554299240d9c205b,chunk_mmr_96,chunk,mmr,1.0,1.0,1.0,1.0,1.0,92.0,1.0,1.0
5a807ca5554299485f598613,chunk_mmr_96,chunk,mmr,0.0,0.0,0.0,0.5556,0.5,90.0,1.0,1.0
5a7c0dab5542997c3ec972d2,chunk_mmr_96,chunk,mmr,0.0,0.5,1.0,0.8737,1.0,95.0,1.0,1.0
5a89019a5542995153361259,chunk_mmr_96,chunk,mmr,0.0,0.0,1.0,0.7467,0.5,75.0,0.5,0.0
5a7f00b455429930675135f1,chunk_mmr_96,chunk,mmr,0.0,0.0,0.0,0.3452,0.5,84.0,1.0,1.0
5a8220db5542995ce29dccc1,chunk_mmr_96,chunk,mmr,1.0,1.0,1.0,1.0,1.0,91.0,1.0,1.0
5ab510cb5542996a3a96a00f,chunk_mmr_96,chunk,mmr,0.0,0.0,0.0,0.0,0.0,85.0,1.0,1.0
5a80a25d5542995d8a8ddfb7,chunk_mmr_96,chunk,mmr,0.0,0.0,0.0,0.0,0.0,87.0,0.5,0.0
5adf5cd25542992d7e9f9320,chunk_mmr_96,chunk,mmr,0.0,0.0,0.0,0.5833,0.5,96.0,0.5,0.0
5a75ebfc5542992d0ec06018,chunk_mmr_96,chunk,mmr,0.0,0.0,0.0,1.0,0.5,92.0,1.0,1.0
5ab29caa554299545a2cf9d3,chunk_mmr_96,chunk,mmr,1.0,1.0,1.0,1.0,1.0,95.0,1.0,1.0
5ae0536755429924de1b70a6,chunk_mmr_96,chunk,mmr,0.0,0.0,0.0,0.5581,1.0,86.0,1.0,1.0
5ae17a9b5542990adbacf7a2,chunk_mmr_96,chunk,mmr,0.0,0.0,0.0,0.8211,1.0,95.0,1.0,1.0
5a8f503c5542992414482a34,chunk_mmr_96,chunk,mmr,0.0,0.0,1.0,0.3529,0.5,85.0,0.5,0.0
5ae0159855429925eb1afc09,chunk_mmr_96,chunk,mmr,1.0,1.0,1.0,0.52,0.5,75.0,1.0,1.0
5a8b2f2b5542995d1e6f12fa,chunk_mmr_96,chunk,mmr,0.0,0.0,1.0,0.1974,0.5,76.0,1.0,1.0
5a90386455429916514e7435,chunk_mmr_96,chunk,mmr,0.0,0.0,1.0,1.0,1.0,75.0,1.0,1.0
5ab43179554299233955004d,chunk_mmr_96,chunk,mmr,0.0,0.0,0.0,0.4925,0.5,67.0,0.5,0.0
5a8b42be55429949d91db515,chunk_mmr_96,chunk,mmr,0.0,0.0,0.0,0.4894,0.5,94.0,1.0,1.0
5a8d6d4e554299441c6b9fdb,chunk_mmr_96,chunk,mmr,0.0,0.5,1.0,0.5581,0.5,86.0,1.0,1.0
5ae40a2955429970de88d8a3,chunk_mmr_96,chunk,mmr,0.0,0.0,0.0,0.2386,0.5,88.0,0.5,0.0
5adcfebe5542992c1e3a24f3,chunk_mmr_96,chunk,mmr,0.0,0.0,1.0,0.3667,0.5,90.0,1.0,1.0
5ab5a3fb5542997d4ad1f19b,chunk_mmr_96,chunk,mmr,0.0,0.8,1.0,1.0,1.0,93.0,1.0,1.0
5ac2ffbd554299677310267b,chunk_mmr_96,chunk,mmr,0.0,0.0,1.0,1.0,1.0,96.0,1.0,1.0
5a7133fa5542994082a3e660,chunk_mmr_96,chunk,mmr,0.0,0.0,0.0,0.2381,0.5,84.0,1.0,1.0
5abea7c25542990832d3a068,chunk_mmr_96,chunk,mmr,1.0,1.0,1.0,1.0,1.0,95.0,1.0,1.0
5a8a09765542992d82986e67,chunk_mmr_96,chunk,mmr,0.0,0.8,0.0,0.5978,1.0,92.0,1.0,1.0
5a72a51355429901807daf21,chunk_mmr_96,chunk,mmr,0.0,0.5,0.0,0.6588,0.5,85.0,1.0,1.0
5aba72d75542994dbf019912,chunk_mmr_96,chunk,mmr,1.0,1.0,0.0,0.0,0.0,94.0,1.0,1.0
5adcd9fe5542990d50227d46,chunk_mmr_96,chunk,mmr,0.0,0.0,1.0,0.8511,1.0,94.0,1.0,1.0
5ae5c212554299546bf82f4b,chunk_mmr_96,chunk,mmr,1.0,1.0,1.0,1.0,1.0,76.0,1.0,1.0
5a7320565542991f9a20c61d,chunk_mmr_96,chunk,mmr,0.0,0.0,1.0,0.6049,0.5,81.0,1.0,1.0
5add596f5542990dbb2f7e4d,chunk_mmr_96,chunk,mmr,1.0,1.0,1.0,1.0,1.0,96.0,1.0,1.0
5adfb60655429942ec259b08,chunk_mmr_96,chunk,mmr,0.0,0.3333,0.0,0.6559,0.5,93.0,0.5,0.0
5a74adb455429916b01641c6,chunk_mmr_96,chunk,mmr,0.0,0.0,0.0,0.0,0.0,96.0,1.0,1.0
5ae27df25542992decbdcd2a,chunk_mmr_96,chunk,mmr,0.0,0.0,0.0,0.6809,1.0,94.0,1.0,1.0
5a8baf4b5542996e8ac889c5,chunk_mmr_96,chunk,mmr,1.0,1.0,1.0,0.4286,1.0,91.0,1.0,1.0
5ae352285542994393b9e685,chunk_mmr_96,chunk,mmr,0.0,0.0,0.0,0.3118,0.5,93.0,1.0,1.0
5a8e0a005542995085b373a1,chunk_mmr_96,chunk,mmr,0.0,0.0,0.0,0.3678,0.5,87.0,0.5,0.0
5ab639e65542995eadeeff7f,chunk_mmr_96,chunk,mmr,0.0,0.8,0.0,0.3297,0.5,91.0,1.0,1.0
5ade99295542992fa25da7d8,chunk_mmr_96,chunk,mmr,0.0,0.0,0.0,0.3617,0.5,94.0,1.0,1.0
5ac26b7f55429951e9e685ae,chunk_mmr_96,chunk,mmr,0.0,0.0,0.0,0.0,0.0,77.0,0.5,0.0
5ae351405542994393b9e67f,chunk_mmr_96,chunk,mmr,0.0,0.0,0.0,0.7021,0.5,94.0,1.0,1.0
5a7f6f4b5542994857a76740,chunk_mmr_96,chunk,mmr,0.0,0.8,1.0,0.6413,1.0,92.0,1.0,1.0
5a81346055429926c1cdad13,chunk_mmr_96,chunk,mmr,0.0,0.1818,0.0,0.3763,0.5,93.0,1.0,1.0
5a716f575542994082a3e82f,chunk_mmr_96,chunk,mmr,0.0,0.0,0.0,0.3021,0.5,96.0,1.0,1.0
5a812d0555429938b61422e1,chunk_mmr_96,chunk,mmr,1.0,1.0,0.0,0.2872,0.5,94.0,1.0,1.0
5a826d2f5542995ce29dcd05,chunk_mmr_96,chunk,mmr,0.0,0.0,0.0,0.2418,0.5,91.0,1.0,1.0
5ab67c3f55429954757d32f9,chunk_mmr_96,chunk,mmr,0.0,0.0,0.0,0.7742,1.0,93.0,1.0,1.0
5ae20e265542994d89d5b325,chunk_mmr_96,chunk,mmr,0.0,0.0,0.0,1.0,0.5,96.0,1.0,1.0
5ae7eed8554299540e5a56b5,chunk_mmr_96,chunk,mmr,0.0,0.6667,1.0,1.0,1.0,85.0,1.0,1.0
5a7555215542996c70cfaee1,chunk_mmr_96,chunk,mmr,1.0,1.0,1.0,0.2414,0.5,87.0,1.0,1.0
5ab9b29c554299743d22ebae,chunk_mmr_96,chunk,mmr,1.0,1.0,1.0,0.9462,0.5,93.0,1.0,1.0
5ae2c696554299495565db32,chunk_mmr_96,chunk,mmr,0.0,0.0,0.0,0.0,0.0,79.0,1.0,1.0
5a832f9d5542993344745fe4,chunk_mmr_96,chunk,mmr,0.0,0.0,0.0,0.0,0.0,82.0,0.5,0.0
5a79e3925542994bb9457130,chunk_mmr_96,chunk,mmr,0.0,0.2857,1.0,0.6875,0.5,80.0,1.0,1.0
5ae713af554299572ea546bb,chunk_mmr_96,chunk,mmr,0.0,0.0,0.0,0.7263,0.5,95.0,1.0,1.0
5ade450b5542997c77adedc5,chunk_mmr_96,chunk,mmr,0.0,0.1538,1.0,1.0,0.5,77.0,1.0,1.0
5ab3cecd5542992ade7c6eae,chunk_mmr_96,chunk,mmr,0.0,0.0,0.0,0.8333,0.5,96.0,1.0,1.0
5ae4be5c5542995ad6573e3a,chunk_mmr_96,chunk,mmr,1.0,1.0,1.0,0.6593,0.5,91.0,0.5,0.0
5a8d5ec2554299585d9e37c4,chunk_mmr_96,chunk,mmr,0.0,0.0,0.0,1.0,0.5,83.0,1.0,1.0
5ae765185542995703ce8c0f,chunk_mmr_96,chunk,mmr,0.0,0.0,1.0,0.4286,0.5,77.0,1.0,1.0
5ab2c6a955429916697740c2,chunk_mmr_96,chunk,mmr,0.0,0.0,1.0,0.3407,0.5,91.0,1.0,1.0
5ab6369655429953192ad2a1,chunk_mmr_96,chunk,mmr,1.0,1.0,0.0,0.5632,0.5,87.0,1.0,1.0
5a7b220855429931da12c9e5,chunk_mmr_96,chunk,mmr,0.0,0.0,0.0,1.0,0.5,89.0,1.0,1.0
5a81d92f554299676cceb0f9,chunk_mmr_96,chunk,mmr,0.0,0.0,1.0,0.7473,0.5,91.0,1.0,1.0
5a7b735c5542997c3ec9718a,chunk_mmr_96,chunk,mmr,0.0,0.0,1.0,1.0,0.5,93.0,1.0,1.0
5a724a2b5542990c210a40bc,chunk_mmr_96,chunk,mmr,0.0,0.6667,1.0,0.3214,0.5,84.0,1.0,1.0
5ae5db98554299546bf82fa6,chunk_mmr_96,chunk,mmr,0.0,0.0,0.0,0.0,0.0,74.0,1.0,1.0
5a7344e95542991f9a20c6ce,chunk_mmr_96,chunk,mmr,0.0,0.0,0.0,0.0,0.0,80.0,0.5,0.0
5ab6dbc15542995eadef00cd,chunk_mmr_96,chunk,mmr,0.0,0.0,1.0,1.0,0.5,91.0,1.0,1.0
5a88016b5542997e5c09a58a,chunk_mmr_96,chunk,mmr,0.0,0.5,1.0,0.5761,0.5,92.0,1.0,1.0
5ab5e024554299494045f097,chunk_mmr_96,chunk,mmr,0.0,0.0,0.0,0.0,0.0,91.0,1.0,1.0
5ac44629554299194317395d,chunk_mmr_96,chunk,mmr,0.0,0.0,0.0,0.1798,0.5,89.0,1.0,1.0
5a7afdc85542992d025e672e,chunk_mmr_96,chunk,mmr,0.0,0.8,0.0,0.5732,0.5,82.0,1.0,1.0
5ae834e95542997ec272776a,chunk_mmr_96,chunk,mmr,0.0,0.0,1.0,1.0,0.5,78.0,1.0,1.0
5abbdb335542992ccd8e7fc1,chunk_mmr_96,chunk,mmr,0.0,0.0,0.0,1.0,1.0,94.0,1.0,1.0
5a79c9cc554299148911fa53,chunk_mmr_96,chunk,mmr,1.0,1.0,1.0,0.4167,0.5,84.0,1.0,1.0
5ac38c0755429939154137bb,chunk_mmr_96,chunk,mmr,0.0,0.0,0.0,0.5222,0.5,90.0,1.0,1.0
5a8b7cb95542995d1e6f13bb,chunk_mmr_96,chunk,mmr,0.0,0.0,0.0,0.3187,0.5,91.0,0.5,0.0
5addfdfa5542997dc790710b,chunk_mmr_96,chunk,mmr,0.0,0.0,0.0,0.0,0.0,95.0,1.0,1.0
5a88d745554299206df2b378,chunk_mmr_96,chunk,mmr,0.0,0.0,1.0,1.0,1.0,90.0,1.0,1.0
5ae6940e5542991bbc97613f,chunk_mmr_96,chunk,mmr,0.0,0.6667,1.0,0.6707,1.0,82.0,1.0,1.0
5abe3abb55429965af743ea1,chunk_mmr_96,chunk,mmr,0.0,0.0,0.0,0.0,0.0,95.0,0.5,0.0
5a8ba9d255429971feec4759,chunk_mmr_96,chunk,mmr,0.0,0.0,0.0,0.2903,0.5,93.0,0.5,0.0
5ab2b6fb5542992953946848,chunk_mmr_96,chunk,mmr,0.0,0.0,0.0,0.0,0.0,78.0,1.0,1.0
5adfd2f255429925eb1afaa5,chunk_mmr_96,chunk,mmr,0.0,0.0,1.0,1.0,1.0,78.0,1.0,1.0
5a7a33a35542994f819ef14c,chunk_mmr_96,chunk,mmr,0.0,0.0,1.0,0.172,0.5,93.0,1.0,1.0
5a8ba07d5542996e8ac88985,chunk_mmr_96,chunk,mmr,0.0,0.0,0.0,0.5729,0.5,96.0,1.0,1.0
5ab8f57b5542991b5579f097,chunk_mmr_96,chunk,mmr,0.0,0.0,0.0,0.6129,1.0,93.0,1.0,1.0
5abfb3425542990832d3a1c0,chunk_mmr_96,chunk,mmr,1.0,1.0,1.0,0.5402,0.5,87.0,0.5,0.0
5ab5ac345542992aa134a37f,chunk_mmr_96,chunk,mmr,0.0,0.0,0.0,0.6087,0.5,69.0,1.0,1.0
5a8e63d65542995085b37421,chunk_mmr_96,chunk,mmr,0.0,0.0,0.0,0.4,0.5,90.0,1.0,1.0
5a89706055429951533612f9,chunk_mmr_96,chunk,mmr,1.0,1.0,1.0,1.0,1.0,91.0,1.0,1.0
5a8e612b5542995085b3741b,chunk_mmr_96,chunk,mmr,0.0,0.0,1.0,1.0,1.0,88.0,1.0,1.0
5a738fb4554299623ed4abf9,chunk_mmr_96,chunk,mmr,1.0,1.0,1.0,0.7571,0.5,70.0,1.0,1.0
5a8bc29a5542995d1e6f1446,chunk_mmr_96,chunk,mmr,0.0,0.0,0.0,0.7901,0.5,81.0,0.5,0.0
5abfe2a15542997d6429591c,chunk_mmr_96,chunk,mmr,0.0,0.0,1.0,0.2396,0.5,96.0,1.0,1.0
5a868ca055429960ec39b6be,chunk_mmr_96,chunk,mmr,0.0,0.0,0.0,0.0,0.0,95.0,0.5,0.0
5a820f2c55429926c1cdae17,chunk_mmr_96,chunk,mmr,0.0,0.0,0.0,0.7128,1.0,94.0,1.0,1.0
5ae5a4e5554299546bf82f01,chunk_mmr_96,chunk,mmr,0.0,0.75,1.0,0.837,0.5,92.0,1.0,1.0
5a8d0c74554299585d9e37a1,chunk_mmr_96,chunk,mmr,0.0,0.0,0.0,0.4778,0.5,90.0,1.0,1.0
5ab9d7e4554299232ef4a21f,chunk_mmr_96,chunk,mmr,0.0,0.0,0.0,1.0,0.5,78.0,1.0,1.0
5a7148d25542994082a3e766,chunk_mmr_96,chunk,mmr,0.0,0.0,0.0,0.6593,0.5,91.0,1.0,1.0
5ae6233c5542992ae0d1623e,chunk_mmr_96,chunk,mmr,0.0,0.1429,1.0,0.5,0.5,88.0,1.0,1.0
5adff2aa554299603e4183d0,chunk_mmr_96,chunk,mmr,0.0,0.0,1.0,1.0,1.0,80.0,1.0,1.0
5ade7fa3554299728e26c727,chunk_mmr_96,chunk,mmr,0.0,0.0,0.0,0.5638,0.5,94.0,0.5,0.0
5a8f38fa55429924144829f5,chunk_mmr_96,chunk,mmr,0.0,0.6667,1.0,0.5111,0.5,90.0,1.0,1.0
5a8f51695542992414482a3e,chunk_mmr_96,chunk,mmr,0.0,0.0,0.0,0.275,0.5,80.0,0.5,0.0
5a88db445542993b751ca88a,chunk_mmr_96,chunk,mmr,1.0,1.0,1.0,1.0,1.0,81.0,1.0,1.0
5a7ef6b35542994959419a94,chunk_mmr_96,chunk,mmr,0.0,0.6667,1.0,0.6979,1.0,96.0,1.0,1.0
5a8e494e5542995a26add4c8,chunk_mmr_96,chunk,mmr,0.0,0.5,0.0,0.4167,0.5,72.0,1.0,1.0
5ab5d43f5542997d4ad1f1f6,chunk_mmr_96,chunk,mmr,0.0,0.0,1.0,1.0,1.0,80.0,1.0,1.0
5a7905ca554299148911f9c8,chunk_mmr_96,chunk,mmr,0.0,0.0,0.0,0.0,0.0,94.0,0.5,0.0
5ab30f9a554299233954fef2,chunk_mmr_96,chunk,mmr,1.0,1.0,1.0,0.6667,0.5,84.0,1.0,1.0
5ab3849a55429969a97a8170,chunk_mmr_96,chunk,mmr,1.0,1.0,1.0,0.4944,0.5,89.0,0.5,0.0
5a7bc5f255429927d897c03e,chunk_mmr_96,chunk,mmr,0.0,0.0,0.0,0.2838,0.5,74.0,1.0,1.0
5a7f22005542993067513657,chunk_mmr_96,chunk,mmr,0.0,0.0,0.0,0.7111,0.5,90.0,1.0,1.0
5ab925fd554299131ca42281,chunk_mmr_96,chunk,mmr,0.0,0.0,1.0,1.0,0.5,80.0,1.0,1.0
5a76244c554299109176e65d,chunk_mmr_96,chunk,mmr,0.0,0.0,0.0,1.0,0.5,88.0,0.5,0.0
5ab53bee554299637185c526,chunk_mmr_96,chunk,mmr,0.0,0.0,0.0,0.6761,0.5,71.0,0.5,0.0
5ab6aa4c55429953192ad359,chunk_mmr_96,chunk,mmr,0.0,0.0,0.0,1.0,0.5,80.0,0.5,0.0
5abe832a55429965af743f29,chunk_mmr_96,chunk,mmr,0.0,0.0,0.0,0.0,0.0,91.0,0.5,0.0
5ab5b732554299494045f03c,chunk_mmr_96,chunk,mmr,1.0,1.0,1.0,1.0,1.0,82.0,1.0,1.0
5adffb4655429925eb1afbbf,chunk_mmr_96,chunk,mmr,0.0,0.0,0.0,0.0,0.0,82.0,0.5,0.0
5ae6d3345542996d980e7c85,chunk_mmr_96,chunk,mmr,0.0,0.0,1.0,0.5579,0.5,95.0,1.0,1.0
5ab878ba55429916710eb06c,chunk_mmr_96,chunk,mmr,0.0,0.0,1.0,1.0,0.5,96.0,1.0,1.0
5a7509175542993748c897a3,chunk_mmr_96,chunk,mmr,1.0,1.0,1.0,0.4894,0.5,94.0,0.5,0.0
5a8ac38855429970aeb70300,chunk_mmr_96,chunk,mmr,1.0,1.0,1.0,0.0,0.0,81.0,1.0,1.0
5a8bc03d5542996e8ac88a0b,chunk_mmr_96,chunk,mmr,0.0,0.0,0.0,0.8256,0.5,86.0,0.5,0.0
5ae4ad375542995dadf243a4,chunk_mmr_96,chunk,mmr,0.0,0.0,0.0,0.0,0.0,78.0,0.5,0.0
5a7da0de5542990b8f5039d7,chunk_mmr_96,chunk,mmr,0.0,0.8,1.0,1.0,1.0,92.0,1.0,1.0
5a8af0a355429950cd6afc1c,chunk_mmr_96,chunk,mmr,0.0,0.0,0.0,1.0,0.5,44.0,1.0,1.0
5a73522d5542994cef4bc541,chunk_mmr_96,chunk,mmr,1.0,1.0,1.0,1.0,1.0,92.0,1.0,1.0
5ab3a83d5542992ade7c6e08,chunk_mmr_96,chunk,mmr,0.0,0.0,0.0,1.0,0.5,82.0,1.0,1.0
5ab84d5a55429916710eb028,chunk_mmr_96,chunk,mmr,0.0,0.0,0.0,1.0,1.0,94.0,1.0,1.0
5a7f57a45542992097ad2f29,chunk_mmr_96,chunk,mmr,0.0,0.0,1.0,0.6024,0.5,83.0,0.5,0.0
5ae764a85542997b22f6a720,chunk_mmr_96,chunk,mmr,0.0,0.0,0.0,0.0,0.0,92.0,1.0,1.0
5a7b1023554299042af8f6c2,chunk_mmr_96,chunk,mmr,1.0,1.0,1.0,1.0,1.0,81.0,1.0,1.0
5a80707e5542992bc0c4a70e,chunk_mmr_96,chunk,mmr,0.0,0.0,0.0,0.0,0.0,92.0,1.0,1.0
5a8e16a5554299068b959e58,chunk_mmr_96,chunk,mmr,1.0,1.0,1.0,1.0,1.0,96.0,1.0,1.0
5a875cd65542996e4f30879d,chunk_mmr_96,chunk,mmr,1.0,1.0,1.0,1.0,1.0,82.0,1.0,1.0
5a78d16455429974737f78bb,chunk_mmr_96,chunk,mmr,0.0,0.8,1.0,0.5895,1.0,95.0,1.0,1.0
5a895f6155429946c8d6e914,chunk_mmr_96,chunk,mmr,0.0,0.5,0.0,0.0,0.0,96.0,1.0,1.0
5a84f8555542997175ce1f3a,chunk_mmr_96,chunk,mmr,0.0,0.0,1.0,1.0,0.5,73.0,1.0,1.0
5ab31adc554299233954ff0a,chunk_mmr_96,chunk,mmr,0.0,0.0,0.0,0.0,0.0,81.0,1.0,1.0
5ac3ba1855429939154138f3,chunk_mmr_96,chunk,mmr,0.0,0.0,0.0,0.6522,0.5,92.0,1.0,1.0
5a7380b955429908901be2d4,chunk_mmr_96,chunk,mmr,0.0,0.0,1.0,0.0,0.0,96.0,1.0,1.0
5a8f92fb55429918e830d271,chunk_mmr_96,chunk,mmr,1.0,1.0,1.0,1.0,0.5,78.0,1.0,1.0
5a88082055429938390d3ed2,chunk_mmr_96,chunk,mmr,0.0,0.2857,0.0,0.8182,0.5,88.0,1.0,1.0
5a7d22dc5542995ed0d16600,chunk_mmr_96,chunk,mmr,0.0,0.0,0.0,0.0652,0.5,92.0,1.0,1.0
5ae291bb5542996483e649f6,chunk_mmr_96,chunk,mmr,0.0,0.0,1.0,0.4421,0.5,95.0,1.0,1.0
5abfde655542997719eab6f2,chunk_mmr_96,chunk,mmr,0.0,0.0,1.0,0.6771,0.5,96.0,1.0,1.0
5ae67fad5542991bbc976100,chunk_mmr_96,chunk,mmr,0.0,0.0,0.0,0.734,0.5,94.0,0.5,0.0
5ab2a1f35542997061209677,chunk_mmr_96,chunk,mmr,0.0,0.8,0.0,0.6941,0.5,85.0,1.0,1.0
5a74ab6055429916b01641b9,chunk_mmr_96,chunk,mmr,1.0,1.0,0.0,0.3438,0.5,96.0,1.0,1.0
5a8b97485542995d1e6f140f,chunk_mmr_96,chunk,mmr,0.0,0.0,1.0,0.913,1.0,92.0,1.0,1.0
5adcdc6c5542992c1e3a2437,chunk_mmr_96,chunk,mmr,0.0,0.0,0.0,0.0,0.0,92.0,0.5,0.0
5ae73ddb554299572ea5478d,chunk_mmr_96,chunk,mmr,1.0,1.0,1.0,0.4167,0.5,96.0,1.0,1.0
5ade618e554299728e26c700,chunk_mmr_96,chunk,mmr,0.0,0.0,1.0,0.3723,1.0,94.0,1.0,1.0
5a76404b5542994ccc91873d,chunk_mmr_96,chunk,mmr,1.0,1.0,0.0,0.0,0.0,72.0,1.0,1.0
5ac44b47554299194317396c,chunk_mmr_96,chunk,mmr,0.0,0.2,0.0,0.4889,0.5,90.0,1.0,1.0
5ac27afa5542990b17b153b5,chunk_mmr_96,chunk,mmr,0.0,0.0,0.0,0.0,0.0,90.0,0.5,0.0
5ac2c4fe554299218029db3b,chunk_mmr_96,chunk,mmr,0.0,0.1538,0.0,0.7303,0.5,89.0,1.0,1.0
5ae49b705542995ad6573dbc,chunk_mmr_96,chunk,mmr,0.0,0.0,0.0,0.1613,0.5,93.0,1.0,1.0
5ae5fc345542993aec5ec1f8,chunk_mmr_96,chunk,mmr,1.0,1.0,0.0,1.0,0.5,80.0,1.0,1.0
5a8d651955429941ae14dfaf,chunk_mmr_96,chunk,mmr,0.0,0.0,1.0,0.0,0.0,77.0,1.0,1.0
5a839cb9554299123d8c2169,chunk_mmr_96,chunk,mmr,1.0,1.0,0.0,0.0,0.0,78.0,1.0,1.0
5adbe1b355429944faac23a0,chunk_mmr_96,chunk,mmr,1.0,1.0,1.0,1.0,1.0,91.0,1.0,1.0
5ac29cf8554299218029dac2,chunk_mmr_96,chunk,mmr,0.0,0.0,0.0,0.0,0.0,87.0,0.0,0.0
5ae21ef35542994d89d5b35d,chunk_mmr_96,chunk,mmr,1.0,1.0,1.0,0.5484,0.5,93.0,1.0,1.0
5ae1ebf95542997283cd22f2,chunk_mmr_96,chunk,mmr,1.0,1.0,1.0,0.6739,0.5,92.0,1.0,1.0
5a8b98665542995d1e6f1413,chunk_mmr_96,chunk,mmr,1.0,1.0,1.0,0.4667,1.0,90.0,1.0,1.0
5ae3d67f5542992f92d8238f,chunk_mmr_96,chunk,mmr,0.0,0.0,0.0,0.4384,0.5,73.0,0.5,0.0
5a8cb4b2554299585d9e372a,chunk_mmr_96,chunk,mmr,0.0,0.8,1.0,0.5895,0.5,95.0,0.5,0.0
5ae30aa05542992decbdcdd7,chunk_mmr_96,chunk,mmr,0.0,0.0,0.0,0.2169,0.5,83.0,1.0,1.0
5adcaa7f5542990d50227cdb,chunk_mmr_96,chunk,mmr,0.0,0.0,0.0,0.5435,1.0,92.0,1.0,1.0
5a8d40715542994ba4e3dc3a,chunk_mmr_96,chunk,mmr,0.0,0.0,1.0,1.0,1.0,89.0,1.0,1.0
5ae4f2595542990ba0bbb1a8,chunk_mmr_96,chunk,mmr,0.0,0.0,0.0,0.0,0.0,72.0,0.5,0.0
5ac507725542994611c8b32a,chunk_mmr_96,chunk,mmr,0.0,0.0,0.0,0.5,0.5,84.0,0.5,0.0
5a8f5bb45542992414482a77,chunk_mmr_96,chunk,mmr,0.0,0.0,0.0,0.1264,0.5,87.0,0.5,0.0
5ae1f2d4554299234fd04358,chunk_mmr_96,chunk,mmr,0.0,0.0,0.0,0.3488,0.5,86.0,0.5,0.0
5ae2fca555429928c423958a,chunk_mmr_96,chunk,mmr,0.0,0.0,0.0,0.4382,0.5,89.0,0.5,0.0
5adc0f8d55429947ff1738ef,chunk_mmr_96,chunk,mmr,0.0,0.0,1.0,0.6333,0.5,90.0,1.0,1.0
5add64065542995b365fab25,chunk_mmr_96,chunk,mmr,0.0,0.0,1.0,0.4186,0.5,86.0,1.0,1.0
5a7d26bd554299452d57bb28,chunk_mmr_96,chunk,mmr,0.0,0.0,1.0,0.7872,1.0,94.0,1.0,1.0
5abba581554299642a094af9,chunk_mmr_96,chunk,mmr,0.0,0.0,0.0,1.0,0.5,67.0,1.0,1.0
5a7f89c75542994857a76775,chunk_mmr_96,chunk,mmr,0.0,0.0,0.0,0.9756,0.5,82.0,1.0,1.0
5ae531695542990ba0bbb1fb,chunk_mmr_96,chunk,mmr,0.0,0.0,0.0,0.7419,0.5,93.0,0.5,0.0
5a8d5f16554299585d9e37c5,chunk_mmr_96,chunk,mmr,1.0,1.0,1.0,0.6667,0.5,84.0,1.0,1.0
5ade1f1c55429939a52fe82d,chunk_mmr_96,chunk,mmr,1.0,1.0,1.0,1.0,0.5,90.0,1.0,1.0
5a70f4c45542994082a3e437,chunk_mmr_96,chunk,mmr,1.0,1.0,1.0,0.0,0.0,80.0,1.0,1.0
5a8a07af55429970aeb70222,chunk_mmr_96,chunk,mmr,0.0,0.3333,1.0,1.0,0.5,77.0,1.0,1.0
5abd332e5542993062266bdd,chunk_mmr_96,chunk,mmr,0.0,0.2857,1.0,1.0,0.5,69.0,0.5,0.0
5ae4869755429970de88d99a,chunk_mmr_96,chunk,mmr,0.0,0.0,0.0,1.0,0.5,80.0,1.0,1.0
5a8d841955429941ae14dfe6,chunk_mmr_96,chunk,mmr,0.0,0.0,1.0,0.3474,0.5,95.0,0.5,0.0
5a87c0945542996e4f30890b,chunk_mmr_96,chunk,mmr,1.0,1.0,0.0,0.2967,0.5,91.0,1.0,1.0
5a8a9bc15542996c9b8d5f36,chunk_mmr_96,chunk,mmr,1.0,1.0,1.0,0.3182,0.5,88.0,1.0,1.0
5adc93a4554299438c868e01,chunk_mmr_96,chunk,mmr,0.0,0.0,0.0,0.65,0.5,80.0,0.5,0.0
5ae564a155429960a22e02e4,chunk_mmr_96,chunk,mmr,0.0,0.0,1.0,1.0,1.0,79.0,1.0,1.0
5ab56b9b5542997d4ad1f113,chunk_mmr_96,chunk,mmr,0.0,0.0,1.0,1.0,1.0,75.0,1.0,1.0
5a74d9c555429929fddd84fb,chunk_mmr_96,chunk,mmr,0.0,0.0,1.0,0.2208,0.5,77.0,1.0,1.0
5a8af56855429950cd6afc2f,chunk_mmr_96,chunk,mmr,0.0,0.0,0.0,0.2763,0.5,76.0,1.0,1.0
5ab3c470554299233954ffa1,chunk_mmr_96,chunk,mmr,0.0,0.0,0.0,0.0,0.0,78.0,1.0,1.0
5ae20c465542997283cd236a,chunk_mmr_96,chunk,mmr,0.0,0.0,0.0,0.7849,0.5,93.0,0.5,0.0
5ab5b701554299637185c5e7,chunk_mmr_96,chunk,mmr,0.0,0.0,0.0,0.6849,0.5,73.0,0.5,0.0
5ae829ea5542997ec2727738,chunk_mmr_96,chunk,mmr,0.0,0.3333,0.0,0.6,0.5,80.0,0.5,0.0
5ac546975542993e66e8229a,chunk_mmr_96,chunk,mmr,1.0,1.0,1.0,1.0,1.0,94.0,1.0,1.0
5a81a63c5542990a1d231e45,chunk_mmr_96,chunk,mmr,0.0,0.5,0.0,1.0,0.5,85.0,1.0,1.0
5a72af155542992359bc316c,chunk_mmr_96,chunk,mmr,1.0,1.0,1.0,0.6,0.5,85.0,1.0,1.0
5abd6f0855429933744ab7d5,chunk_mmr_96,chunk,mmr,0.0,0.0,0.0,0.0,0.0,91.0,1.0,1.0
5adefcf15542995ec70e8f4c,chunk_mmr_96,chunk,mmr,0.0,0.0,0.0,0.8161,0.5,87.0,1.0,1.0
5ae15ae25542990adbacf767,chunk_mmr_96,chunk,mmr,0.0,0.0,0.0,0.5532,0.5,94.0,1.0,1.0
5abbf43d5542993f40c73c2f,chunk_mmr_96,chunk,mmr,1.0,1.0,1.0,1.0,0.5,76.0,1.0,1.0
5a7ab1b055429927d897bef4,chunk_mmr_96,chunk,mmr,1.0,1.0,1.0,0.6125,1.0,80.0,1.0,1.0
5a7d2afd5542995f4f402221,chunk_mmr_96,chunk,mmr,1.0,1.0,1.0,0.2234,0.5,94.0,1.0,1.0
5a84c0765542991dd0999dd9,chunk_mmr_96,chunk,mmr,0.0,0.0,0.0,0.4667,0.5,75.0,0.5,0.0
5ae0bc185542993d6555ec29,chunk_mmr_96,chunk,mmr,0.0,0.0,0.0,0.8222,0.5,90.0,0.5,0.0
5a7cef5d55429909bec768ac,chunk_mmr_96,chunk,mmr,0.0,0.0,0.0,0.6818,0.5,88.0,1.0,1.0
5a899f4955429946c8d6e971,chunk_mmr_96,chunk,mmr,1.0,1.0,1.0,1.0,0.5,81.0,1.0,1.0
5a8ed7b455429917b4a5bdd1,chunk_mmr_96,chunk,mmr,0.0,0.0,0.0,0.0,0.0,96.0,1.0,1.0
5a835a265542992ef85e2281,chunk_mmr_96,chunk,mmr,0.0,0.5,1.0,0.3333,0.5,96.0,1.0,1.0
5a8c52685542995e66a475bb,chunk_mmr_96,chunk,mmr,0.0,0.0,0.0,0.6484,0.5,91.0,0.5,0.0
5ab4e48655429942dd415f9c,chunk_mmr_96,chunk,mmr,0.0,0.0,0.0,0.4255,0.5,94.0,0.5,0.0
5ae67dba55429908198fa5f0,chunk_mmr_96,chunk,mmr,0.0,0.0,0.0,0.7143,0.5,77.0,0.5,0.0
5ae13c5155429920d5234336,chunk_mmr_96,chunk,mmr,0.0,0.3333,1.0,0.2128,0.5,94.0,1.0,1.0
5ab2b7405542991669774069,chunk_mmr_96,chunk,mmr,0.0,0.0,0.0,0.8523,1.0,88.0,1.0,1.0
5ab1c693554299722f9b4c66,chunk_mmr_96,chunk,mmr,1.0,1.0,1.0,0.7447,0.5,94.0,0.5,0.0
5ae692e35542996d980e7c0e,chunk_mmr_96,chunk,mmr,0.0,0.0,0.0,1.0,1.0,78.0,1.0,1.0
5a7f74975542992097ad2f77,chunk_mmr_96,chunk,mmr,0.0,0.0,0.0,0.0,0.0,87.0,0.5,0.0
5a7e30b255429934daa2fbeb,chunk_mmr_96,chunk,mmr,0.0,0.0,1.0,0.5319,0.5,94.0,1.0,1.0
5a7ca95b55429935c91b5287,chunk_mmr_96,chunk,mmr,1.0,1.0,1.0,0.5,0.5,96.0,1.0,1.0
5abfa18f5542990832d3a176,chunk_mmr_96,chunk,mmr,1.0,1.0,1.0,1.0,1.0,95.0,1.0,1.0
5a8a39b355429930ff3c0d13,chunk_mmr_96,chunk,mmr,1.0,1.0,1.0,0.0,0.0,96.0,0.5,0.0
5ab2958c554299449642c912,chunk_mmr_96,chunk,mmr,0.0,0.0,0.0,0.0,0.0,84.0,0.5,0.0
5ae7eaf65542994a481bbe1d,chunk_mmr_96,chunk,mmr,1.0,1.0,1.0,1.0,1.0,81.0,1.0,1.0
5aba916c55429901930fa83b,chunk_mmr_96,chunk,mmr,0.0,0.0,0.0,0.4368,0.5,87.0,0.5,0.0
5ac0d981554299012d1db646,chunk_mmr_96,chunk,mmr,0.0,0.0,0.0,0.7283,0.5,92.0,1.0,1.0
5ade653f55429975fa854ebb,chunk_mmr_96,chunk,mmr,0.0,0.8,1.0,0.0,0.0,81.0,1.0,1.0
5ab54e145542992aa134a2a1,chunk_mmr_96,chunk,mmr,0.0,0.4,1.0,0.6848,1.0,92.0,1.0,1.0
5a8518a75542994c784ddaf7,chunk_mmr_96,chunk,mmr,0.0,0.0,1.0,1.0,1.0,84.0,1.0,1.0
5ac175635542994ab5c67d4b,chunk_mmr_96,chunk,mmr,0.0,0.0,0.0,0.0,0.0,81.0,1.0,1.0
5abd889f55429924427fd046,chunk_mmr_96,chunk,mmr,1.0,1.0,1.0,0.625,0.5,96.0,1.0,1.0
5a772c925542993735360208,chunk_mmr_96,chunk,mmr,0.0,0.0,1.0,0.0,0.0,89.0,1.0,1.0
5ab492155542991779162ce3,chunk_mmr_96,chunk,mmr,0.0,0.25,0.0,0.5,0.5,78.0,0.5,0.0
5ae5ef105542996de7b71a72,chunk_mmr_96,chunk,mmr,0.0,0.0,1.0,0.6277,0.5,94.0,1.0,1.0
5a8ad2f3554299515336138d,chunk_mmr_96,chunk,mmr,0.0,0.0,0.0,0.8387,0.5,93.0,1.0,1.0
5a7d07a455429907fabef0ae,chunk_mmr_96,chunk,mmr,0.0,0.5,1.0,0.7204,1.0,93.0,1.0,1.0
5aba89d555429901930fa816,chunk_mmr_96,chunk,mmr,0.0,0.0,0.0,1.0,0.5,81.0,1.0,1.0
5a8c7623554299653c1aa07a,chunk_mmr_96,chunk,mmr,1.0,1.0,1.0,0.5426,0.5,94.0,1.0,1.0
5a79ecd05542996c55b2dca1,chunk_mmr_96,chunk,mmr,0.0,0.0,0.0,1.0,0.5,85.0,0.5,0.0
5adec4695542992fa25da83a,chunk_mmr_96,chunk,mmr,0.0,0.0,1.0,1.0,0.5,72.0,1.0,1.0
5ae608f2554299546bf83026,chunk_mmr_96,chunk,mmr,0.0,0.0,1.0,1.0,1.0,93.0,1.0,1.0
5abfd5c45542994516f4550e,chunk_mmr_96,chunk,mmr,0.0,0.0,0.0,0.0,0.0,91.0,0.5,0.0
5adce12e5542990d50227d4f,chunk_mmr_96,chunk,mmr,1.0,1.0,1.0,0.3854,0.5,96.0,0.5,0.0
5a851b0d5542997175ce1f7f,chunk_mmr_96,chunk,mmr,0.0,0.0,0.0,1.0,1.0,72.0,1.0,1.0
5ae164cf5542997b2ef7d1cd,chunk_mmr_96,chunk,mmr,0.0,0.0,0.0,0.163,0.5,92.0,0.5,0.0
5a8c493e554299653c1aa020,chunk_mmr_96,chunk,mmr,0.0,0.0,0.0,0.4194,0.5,93.0,0.5,0.0
5a89dbec554299669944a5d6,chunk_mmr_96,chunk,mmr,0.0,0.0,0.0,0.5747,0.5,87.0,1.0,1.0
5ae1389655429901ffe4ae05,chunk_mmr_96,chunk,mmr,0.0,0.0,1.0,1.0,1.0,92.0,1.0,1.0
5adc6a3b55429947ff173953,chunk_mmr_96,chunk,mmr,1.0,1.0,0.0,1.0,0.5,92.0,1.0,1.0
5ac02880554299012d1db5c0,chunk_mmr_96,chunk,mmr,1.0,1.0,1.0,0.3452,0.5,84.0,1.0,1.0
5aba0c2655429955dce3edb7,chunk_mmr_96,chunk,mmr,0.0,0.0,1.0,0.825,0.5,80.0,0.5,0.0
5add44c25542997545bbbd0a,chunk_mmr_96,chunk,mmr,0.0,0.2857,1.0,1.0,1.0,73.0,1.0,1.0
5a7616755542992d0ec06028,chunk_mmr_96,chunk,mmr,0.0,0.0,1.0,1.0,1.0,91.0,1.0,1.0
5add1d575542992c1e3a2540,chunk_submod_96,chunk,submod,0.0,0.0,0.0,0.2949,0.5,78.0,0.5,0.0
5ac55ea55542993e66e82377,chunk_submod_96,chunk,submod,0.0,0.0,0.0,0.5426,0.5,94.0,1.0,1.0
5ac3a76e554299741d48a2be,chunk_submod_96,chunk,submod,1.0,1.0,1.0,0.7368,1.0,95.0,1.0,1.0
5a7133565542994082a3e65c,chunk_submod_96,chunk,submod,0.0,0.6667,1.0,0.5056,1.0,89.0,1.0,1.0
5ac1a4745542991316484b82,chunk_submod_96,chunk,submod,1.0,1.0,1.0,0.7143,1.0,91.0,1.0,1.0
5adc597d55429947ff17392f,chunk_submod_96,chunk,submod,0.0,0.0,0.0,0.3626,0.5,91.0,0.5,0.0
5ac55e835542993e66e82375,chunk_submod_96,chunk,submod,1.0,1.0,1.0,0.7619,1.0,84.0,1.0,1.0
5a8d9e0f554299441c6ba015,chunk_submod_96,chunk,submod,0.0,0.0,0.0,0.2065,0.5,92.0,0.5,0.0
5ae70ed7554299572ea546a1,chunk_submod_96,chunk,submod,0.0,0.1333,0.0,0.6707,1.0,82.0,1.0,1.0
5a74a8fa55429929fddd8497,chunk_submod_96,chunk,submod,0.0,0.0,0.0,0.6071,0.5,84.0,0.5,0.0
5a7cb94f554299683c1c6353,chunk_submod_96,chunk,submod,0.0,0.0,0.0,0.3951,0.5,81.0,0.5,0.0
5ab874ba5542990e739ec904,chunk_submod_96,chunk,submod,1.0,1.0,1.0,1.0,1.0,93.0,1.0,1.0
5ae3a8985542992f92d82329,chunk_submod_96,chunk,submod,0.0,0.6667,1.0,0.3418,0.5,79.0,0.5,0.0
5ac39f7b554299218029dbe7,chunk_submod_96,chunk,submod,0.0,0.0,0.0,0.3243,0.5,74.0,1.0,1.0
5ae27b535542996483e649b6,chunk_submod_96,chunk,submod,1.0,1.0,1.0,1.0,1.0,72.0,1.0,1.0
5a7331de5542994cef4bc4a8,chunk_submod_96,chunk,submod,0.0,0.129,1.0,0.5949,0.5,79.0,1.0,1.0
5ac15de55542991316484afb,chunk_submod_96,chunk,submod,0.0,0.0,1.0,0.0,0.0,95.0,1.0,1.0
5a7c6c9d554299683c1c6302,chunk_submod_96,chunk,submod,0.0,0.0,0.0,0.1928,0.5,83.0,0.5,0.0
5ae6363b55429929b0807af0,chunk_submod_96,chunk,submod,0.0,0.0,0.0,0.3368,0.5,95.0,0.5,0.0
5a8cea40554299441c6b9f76,chunk_submod_96,chunk,submod,0.0,0.0,1.0,0.3971,0.5,68.0,1.0,1.0
5ab5ecd75542992aa134a3e6,chunk_submod_96,chunk,submod,1.0,1.0,1.0,0.6739,1.0,92.0,1.0,1.0
5a84c5545542991dd0999dee,chunk_submod_96,chunk,submod,0.0,0.0,0.0,0.5846,0.5,65.0,0.5,0.0
5adeacf955429975fa854f66,chunk_submod_96,chunk,submod,0.0,0.0,0.0,0.0,0.0,73.0,0.5,0.0
5a8ce15d554299653c1aa12f,chunk_submod_96,chunk,submod,0.0,0.0,0.0,0.9302,1.0,86.0,1.0,1.0
5ade4da055429939a52fe878,chunk_submod_96,chunk,submod,1.0,1.0,0.0,0.6304,1.0,92.0,1.0,1.0
5ab2a186554299295394677b,chunk_submod_96,chunk,submod,0.0,0.0,1.0,0.5441,0.5,68.0,1.0,1.0
5ade66e1554299728e26c713,chunk_submod_96,chunk,submod,1.0,1.0,1.0,0.5976,0.5,82.0,1.0,1.0
5a7c634c55429907fabeef79,chunk_submod_96,chunk,submod,1.0,1.0,1.0,0.4368,0.5,87.0,1.0,1.0
5ae13f3c5542997b2ef7d168,chunk_submod_96,chunk,submod,0.0,0.0,0.0,0.5854,0.5,82.0,0.5,0.0
5ae17cd055429901ffe4aea3,chunk_submod_96,chunk,submod,1.0,1.0,1.0,0.85,1.0,80.0,1.0,1.0
5ae7940c55429952e35ea984,chunk_submod_96,chunk,submod,0.0,0.5714,0.0,0.5244,0.5,82.0,0.5,0.0
5a7296815542991f9a20c515,chunk_submod_96,chunk,submod,1.0,1.0,1.0,0.3086,0.5,81.0,1.0,1.0
5ab2e8ad554299340b525562,chunk_submod_96,chunk,submod,1.0,1.0,1.0,1.0,1.0,91.0,1.0,1.0
5a89b1de5542992e4fca8378,chunk_submod_96,chunk,submod,0.0,0.0,0.0,0.2833,0.5,60.0,1.0,1.0
5ab78edc5542995dae37e95c,chunk_submod_96,chunk,submod,0.0,0.0,0.0,0.4667,0.5,90.0,0.5,0.0
5ae73acb5542991e8301cc07,chunk_submod_96,chunk,submod,0.0,0.0,1.0,0.3542,0.5,96.0,1.0,1.0
5a8257fa55429940e5e1a866,chunk_submod_96,chunk,submod,1.0,1.0,1.0,0.3191,0.5,94.0,1.0,1.0
5a8d8e4f5542994ba4e3dca7,chunk_submod_96,chunk,submod,0.0,0.5,1.0,1.0,0.5,67.0,1.0,1.0
5a8a07725542992d82986e5b,chunk_submod_96,chunk,submod,0.0,0.0,0.0,0.0,0.0,89.0,0.5,0.0
5a79fac85542996c55b2dcc1,chunk_submod_96,chunk,submod,1.0,1.0,1.0,1.0,1.0,76.0,1.0,1.0
5a81537355429926c1cdad20,chunk_submod_96,chunk,submod,0.0,0.5,1.0,0.4074,0.5,81.0,1.0,1.0
5a721d5a55429971e9dc9283,chunk_submod_96,chunk,submod,0.0,0.25,0.0,0.2903,0.5,93.0,1.0,1.0
5a7aa2a255429941d65f270e,chunk_submod_96,chunk,submod,0.0,0.8,1.0,0.5211,0.5,71.0,1.0,1.0
5abe6f8455429965af743f03,chunk_submod_96,chunk,submod,0.0,0.0,1.0,0.8052,1.0,77.0,1.0,1.0
5ae7257a554299572ea54731,chunk_submod_96,chunk,submod,1.0,1.0,1.0,0.4719,0.5,89.0,1.0,1.0
5ac0e0e25542997d64295a6f,chunk_submod_96,chunk,submod,0.0,0.0,0.0,0.1605,0.5,81.0,0.5,0.0
5a72688c5542997f827839b2,chunk_submod_96,chunk,submod,1.0,1.0,1.0,0.3478,0.5,92.0,1.0,1.0
5adea0c5554299728e26c776,chunk_submod_96,chunk,submod,0.0,0.0,0.0,0.5684,1.0,95.0,1.0,1.0
5ab8372255429919ba4e226b,chunk_submod_96,chunk,submod,1.0,1.0,1.0,1.0,1.0,75.0,1.0,1.0
5ac0e064554299012d1db64e,chunk_submod_96,chunk,submod,0.0,0.0,1.0,0.625,0.5,80.0,0.5,0.0
5a8574945542997b5ce3fffb,chunk_submod_96,chunk,submod,1.0,1.0,1.0,0.5224,0.5,67.0,1.0,1.0
5a8704f8554299211dda2ba4,chunk_submod_96,chunk,submod,0.0,0.5,0.0,0.5,0.5,80.0,1.0,1.0
5a81d1f0554299676cceb0ee,chunk_submod_96,chunk,submod,0.0,0.5,0.0,0.5,0.5,84.0,1.0,1.0
5a7bf84b5542996dd594b875,chunk_submod_96,chunk,submod,1.0,1.0,1.0,1.0,1.0,86.0,1.0,1.0
5ab69e4f554299710c8d1eee,chunk_submod_96,chunk,submod,0.0,0.5,1.0,0.6842,0.5,95.0,1.0,1.0
5ae64ad25542995703ce8b4f,chunk_submod_96,chunk,submod,0.0,0.0,0.0,0.0,0.0,73.0,0.0,0.0
5a7571135542992d0ec05f98,chunk_submod_96,chunk,submod,0.0,0.0,0.0,0.25,0.5,76.0,1.0,1.0
5a8f2fed55429918e830d1c7,chunk_submod_96,chunk,submod,1.0,1.0,1.0,0.0,0.0,73.0,1.0,1.0
5ab596d95542992aa134a371,chunk_submod_96,chunk,submod,0.0,0.0,1.0,1.0,1.0,73.0,1.0,1.0
5a71214d5542994082a3e5b9,chunk_submod_96,chunk,submod,0.0,0.0,1.0,1.0,0.5,92.0,1.0,1.0
5ac298f9554299657fa28fc9,chunk_submod_96,chunk,submod,0.0,0.125,0.0,0.3929,0.5,84.0,1.0,1.0
5ae35e8c5542990afbd1e120,chunk_submod_96,chunk,submod,0.0,0.0,0.0,0.0,0.0,72.0,0.5,0.0
5ae616ce5542992663a4f259,chunk_submod_96,chunk,submod,0.0,0.3333,0.0,0.6941,0.5,85.0,0.5,0.0
5abbc3a955429931dba144f9,chunk_submod_96,chunk,submod,0.0,0.0,0.0,0.642,0.5,81.0,0.5,0.0
5adfe6c455429906c02daa85,chunk_submod_96,chunk,submod,0.0,0.0,0.0,0.0,0.0,71.0,0.5,0.0
5a7f924c55429969796c1aba,chunk_submod_96,chunk,submod,0.0,0.0,0.0,0.5946,0.5,74.0,0.5,0.0
5ab938fb554299131ca422ce,chunk_submod_96,chunk,submod,0.0,0.0,1.0,0.6875,1.0,80.0,1.0,1.0
5ae1e80b5542997f29b3c197,chunk_submod_96,chunk,submod,0.0,0.0,0.0,0.5455,0.5,55.0,0.5,0.0
5a89e3995542992e4fca844d,chunk_submod_96,chunk,submod,0.0,0.0,0.0,0.6,0.5,75.0,0.5,0.0
5ab8919655429934fafe6e13,chunk_submod_96,chunk,submod,1.0,1.0,1.0,1.0,0.5,75.0,0.5,0.0
5add18345542994ed6169c7e,chunk_submod_96,chunk,submod,1.0,1.0,1.0,0.3404,0.5,94.0,1.0,1.0
5a825b0e55429954d2e2eb0c,chunk_submod_96,chunk,submod,0.0,0.0,0.0,0.1957,0.5,92.0,0.5,0.0
5ab54056554299488d4d9923,chunk_submod_96,chunk,submod,0.0,0.0,0.0,0.2344,0.5,64.0,0.5,0.0
5a8a416955429930ff3c0d2b,chunk_submod_96,chunk,submod,1.0,1.0,1.0,0.7342,1.0,79.0,1.0,1.0
5a729fe55542991f9a20c53b,chunk_submod_96,chunk,submod,0.0,0.5,0.0,0.4048,0.5,84.0,1.0,1.0
5abee41a5542993fe9a41d79,chunk_submod_96,chunk,submod,1.0,1.0,1.0,0.5556,0.5,63.0,1.0,1.0
5a8327fd5542990548d0b1a3,chunk_submod_96,chunk,submod,1.0,1.0,1.0,0.5761,1.0,92.0,1.0,1.0
5a7264ed5542990c210a411a,chunk_submod_96,chunk,submod,0.0,0.0,0.0,1.0,0.5,80.0,1.0,1.0
5a74cfc75542996c70cfadfe,chunk_submod_96,chunk,submod,0.0,0.75,1.0,0.5435,0.5,92.0,1.0,1.0
5abe3c7555429965af743ea5,chunk_submod_96,chunk,submod,0.0,0.0,1.0,0.2439,0.5,82.0,1.0,1.0
5a88a5645542997e5c09a679,chunk_submod_96,chunk,submod,0.0,0.0,1.0,0.4066,0.5,91.0,1.0,1.0
5a8756aa5542994846c1cd69,chunk_submod_96,chunk,submod,0.0,0.5,1.0,1.0,1.0,91.0,1.0,1.0
5a83ab355542990548d0b218,chunk_submod_96,chunk,submod,0.0,0.0,1.0,0.4937,0.5,79.0,1.0,1.0
5abe407155429976d4830ab4,chunk_submod_96,chunk,submod,1.0,1.0,0.0,0.6463,0.5,82.0,1.0,1.0
5a769b115542993569682c51,chunk_submod_96,chunk,submod,0.0,0.0,0.0,0.0,0.0,86.0,0.0,0.0
5abb8a9b5542996cc5e4a016,chunk_submod_96,chunk,submod,0.0,0.0,1.0,0.2963,0.5,81.0,1.0,1.0
5adf4b335542993a75d264a5,chunk_submod_96,chunk,submod,0.0,0.4,1.0,1.0,1.0,81.0,1.0,1.0
5a8a19c45542992e4fca8501,chunk_submod_96,chunk,submod,0.0,0.0,0.0,0.1642,0.5,67.0,1.0,1.0
5ac2f34455429921a00ab0b6,chunk_submod_96,chunk,submod,0.0,0.25,1.0,0.7045,1.0,88.0,1.0,1.0
5a7e040f5542990b8f503b13,chunk_submod_96,chunk,submod,1.0,1.0,1.0,0.5915,1.0,71.0,1.0,1.0
5a8f186055429918e830d186,chunk_submod_96,chunk,submod,0.0,0.0,1.0,0.4337,0.5,83.0,1.0,1.0
5ac4fbe255429924173fb53b,chunk_submod_96,chunk,submod,0.0,0.0,0.0,0.475,0.5,80.0,0.5,0.0
5a8591715542994c784ddb27,chunk_submod_96,chunk,submod,0.0,0.0,1.0,0.8298,1.0,94.0,1.0,1.0
5a8ee3a755429917b4a5be02,chunk_submod_96,chunk,submod,0.0,0.0,0.0,0.0,0.0,77.0,0.5,0.0
5ab985eb554299131ca42360,chunk_submod_96,chunk,submod,1.0,1.0,1.0,0.6364,1.0,77.0,1.0,1.0
5ab431d855429942dd415ed2,chunk_submod_96,chunk,submod,1.0,1.0,1.0,0.747,0.5,83.0,0.5,0.0
5a771ead55429966f1a36c7c,chunk_submod_96,chunk,submod,0.0,0.0,0.0,1.0,0.5,72.0,1.0,1.0
5ac46a8b5542991943173980,chunk_submod_96,chunk,submod,0.0,0.0,1.0,0.5952,0.5,84.0,1.0,1.0
5abda2b755429933744ab80f,chunk_submod_96,chunk,submod,1.0,1.0,0.0,1.0,0.5,93.0,1.0,1.0
5adc02445542994650320c4e,chunk_submod_96,chunk,submod,1.0,1.0,1.0,0.377,0.5,61.0,1.0,1.0
5a8b128455429971feec463b,chunk_submod_96,chunk,submod,0.0,0.0,0.0,0.6818,0.5,88.0,0.5,0.0
5a803ed45542996402f6a496,chunk_submod_96,chunk,submod,0.0,0.0,1.0,0.3659,0.5,82.0,1.0,1.0
5a74c85055429916b0164218,chunk_submod_96,chunk,submod,0.0,0.6667,1.0,0.2169,0.5,83.0,1.0,1.0
5ac288a95542990b17b153e5,chunk_submod_96,chunk,submod,0.0,0.0,0.0,0.2258,0.5,93.0,0.5,0.0
5ab2123155429970612095b9,chunk_submod_96,chunk,submod,0.0,0.4,1.0,0.5641,0.5,78.0,0.5,0.0
5a82edae55429966c78a6a9f,chunk_submod_96,chunk,submod,0.0,0.0,0.0,0.2439,0.5,82.0,1.0,1.0
5ae22b8d554299234fd0440f,chunk_submod_96,chunk,submod,0.0,0.0,1.0,0.6087,0.5,69.0,1.0,1.0
5adbda2755429944faac2385,chunk_submod_96,chunk,submod,1.0,1.0,1.0,0.48,1.0,75.0,1.0,1.0
5ae1d1a55542997f29b3c138,chunk_submod_96,chunk,submod,0.0,0.0,1.0,1.0,1.0,90.0,1.0,1.0
5ac3a2f35542993915413856,chunk_submod_96,chunk,submod,0.0,0.0,0.0,0.0,0.0,95.0,0.5,0.0
5a7647b85542992d0ec0608a,chunk_submod_96,chunk,submod,1.0,1.0,1.0,0.5588,0.5,68.0,1.0,1.0
5ac49a1c5542996feb3fe905,chunk_submod_96,chunk,submod,0.0,0.0,0.0,0.0,0.0,96.0,0.0,0.0
5ae60484554299546bf8301a,chunk_submod_96,chunk,submod,0.0,0.6667,0.0,0.4767,0.5,86.0,1.0,1.0
5a84cf175542992a431d1aa2,chunk_submod_96,chunk,submod,0.0,0.0,1.0,0.6098,1.0,82.0,1.0,1.0
5a81b2505542995ce29dcc32,chunk_submod_96,chunk,submod,1.0,1.0,1.0,0.5977,0.5,87.0,1.0,1.0
5ab568af554299494045efaf,chunk_submod_96,chunk,submod,1.0,1.0,1.0,1.0,1.0,91.0,1.0,1.0
5a8f7a135542992414482adc,chunk_submod_96,chunk,submod,0.0,0.3333,1.0,1.0,1.0,74.0,1.0,1.0
5ab2be71554299166977408c,chunk_submod_96,chunk,submod,0.0,0.4,0.0,0.5161,0.5,93.0,1.0,1.0
5ae537e45542990ba0bbb235,chunk_submod_96,chunk,submod,1.0,1.0,1.0,0.4945,0.5,91.0,1.0,1.0
5ac2546a554299636651997b,chunk_submod_96,chunk,submod,1.0,1.0,1.0,0.5333,0.5,75.0,1.0,1.0
5ae356045542990afbd1e10d,chunk_submod_96,chunk,submod,0.0,0.0,1.0,0.4,0.5,90.0,0.5,0.0
5ae1e6d95542997283cd22c3,chunk_submod_96,chunk,submod,0.0,0.5714,1.0,0.3617,0.5,94.0,0.5,0.0
5a8b8f5b55429949d91db5e1,chunk_submod_96,chunk,submod,0.0,0.0,0.0,0.3939,0.5,66.0,1.0,1.0
5ab3460055429976abd1bc80,chunk_submod_96,chunk,submod,1.0,1.0,1.0,0.617,1.0,94.0,1.0,1.0
5a7d2afb554299452d57bb41,chunk_submod_96,chunk,submod,1.0,1.0,1.0,0.4516,0.5,93.0,1.0,1.0
5adea95055429939a52fe931,chunk_submod_96,chunk,submod,0.0,0.6667,1.0,0.6383,1.0,94.0,1.0,1.0
5ab7d33d5542992aa3b8c859,chunk_submod_96,chunk,submod,0.0,0.0,0.0,0.2812,0.5,96.0,1.0,1.0
5a893f305542993b751ca91e,chunk_submod_96,chunk,submod,1.0,1.0,1.0,0.3684,0.5,76.0,0.5,0.0
5adea83b55429975fa854f53,chunk_submod_96,chunk,submod,0.0,0.0,1.0,0.5568,1.0,88.0,1.0,1.0
5ae1d32a554299492dc91b9c,chunk_submod_96,chunk,submod,1.0,1.0,1.0,0.5106,1.0,94.0,1.0,1.0
5a82accd55429966c78a6a78,chunk_submod_96,chunk,submod,0.0,0.0,0.0,1.0,1.0,69.0,1.0,1.0
5a90ba1b55429933b8a205c6,chunk_submod_96,chunk,submod,1.0,1.0,1.0,0.8072,1.0,83.0,1.0,1.0
5adcb6875542994ed6169bcb,chunk_submod_96,chunk,submod,0.0,0.0,1.0,0.4176,1.0,91.0,1.0,1.0
5a7f95685542995d8a8ddeaa,chunk_submod_96,chunk,submod,0.0,0.0,0.0,0.0,0.0,70.0,0.0,0.0
5a78b386554299148911f949,chunk_submod_96,chunk,submod,0.0,0.0,0.0,0.3684,0.5,95.0,0.5,0.0
5a8c781c554299653c1aa083,chunk_submod_96,chunk,submod,0.0,0.2857,1.0,0.7191,0.5,89.0,1.0,1.0
5a80ae105542992bc0c4a7a2,chunk_submod_96,chunk,submod,1.0,1.0,1.0,0.2647,0.5,68.0,1.0,1.0
5a84992e5542992a431d1a6d,chunk_submod_96,chunk,submod,0.0,0.0,0.0,0.5904,0.5,83.0,0.5,0.0
5a8f2cc855429918e830d1be,chunk_submod_96,chunk,submod,0.0,0.0,0.0,0.1667,0.5,96.0,0.5,0.0
5a8841ee5542994846c1ce6b,chunk_submod_96,chunk,submod,0.0,0.0,1.0,0.5529,1.0,85.0,1.0,1.0
5adf85e05542993344016cba,chunk_submod_96,chunk,submod,0.0,0.0,0.0,0.5938,0.5,96.0,1.0,1.0
5a77415b55429966f1a36cd2,chunk_submod_96,chunk,submod,0.0,0.8,1.0,0.6049,1.0,81.0,1.0,1.0
5a72fc865542991f9a20c5e9,chunk_submod_96,chunk,submod,0.0,0.0,0.0,0.3804,0.5,92.0,1.0,1.0
5ac4e13f554299076e296e2d,chunk_submod_96,chunk,submod,1.0,1.0,1.0,0.6154,1.0,91.0,1.0,1.0
5a7796e05542992a6e59df0f,chunk_submod_96,chunk,submod,0.0,0.0,1.0,0.6818,0.5,66.0,1.0,1.0
5ae3eabc5542995dadf2424f,chunk_submod_96,chunk,submod,1.0,1.0,1.0,0.6786,1.0,84.0,1.0,1.0
5ae3c71f5542991a06ce9a22,chunk_submod_96,chunk,submod,0.0,0.6667,1.0,0.56,0.5,75.0,1.0,1.0
5ae25d2b554299495565da46,chunk_submod_96,chunk,submod,0.0,0.0,0.0,0.2143,0.5,84.0,1.0,1.0
5ab8179f5542990e739ec817,chunk_submod_96,chunk,submod,0.0,0.0,0.0,0.4545,0.5,88.0,1.0,1.0
5adc411f5542994650320cbc,chunk_submod_96,chunk,submod,0.0,0.0,1.0,1.0,1.0,94.0,1.0,1.0
5aba6f3e55429955dce3ee21,chunk_submod_96,chunk,submod,0.0,0.0,0.0,0.3483,0.5,89.0,1.0,1.0
5add2dae5542992c1e3a2558,chunk_submod_96,chunk,submod,1.0,1.0,1.0,0.5833,1.0,96.0,1.0,1.0
5ae14b0655429920d52343a6,chunk_submod_96,chunk,submod,0.0,0.5,1.0,0.6269,0.5,67.0,1.0,1.0
5a730a6b5542992359bc3210,chunk_submod_96,chunk,submod,1.0,1.0,1.0,0.6344,1.0,93.0,1.0,1.0
5a75fa14554299109176e5dc,chunk_submod_96,chunk,submod,0.0,0.6667,0.0,0.0,0.0,88.0,1.0,1.0
5ac35a7e554299741d48a257,chunk_submod_96,chunk,submod,0.0,0.6667,1.0,0.6029,1.0,68.0,1.0,1.0
5a8651185542994775f60752,chunk_submod_96,chunk,submod,0.0,0.0,0.0,0.6023,1.0,88.0,1.0,1.0
5a79fe3b5542994f819ef119,chunk_submod_96,chunk,submod,1.0,1.0,1.0,1.0,1.0,71.0,1.0,1.0
5a8268215542995ce29dccfb,chunk_submod_96,chunk,submod,1.0,1.0,1.0,1.0,1.0,71.0,1.0,1.0
5a7605f85542994ccc91868d,chunk_submod_96,chunk,submod,1.0,1.0,0.0,1.0,1.0,62.0,1.0,1.0
5adf74075542992d7e9f937c,chunk_submod_96,chunk,submod,1.0,1.0,1.0,1.0,1.0,79.0,1.0,1.0
5abe2b0155429976d4830a83,chunk_submod_96,chunk,submod,0.0,0.0,0.0,0.6622,0.5,74.0,1.0,1.0
5a849c1b5542997175ce1ef9,chunk_submod_96,chunk,submod,0.0,0.6667,1.0,0.4792,1.0,96.0,1.0,1.0
5a81108855429926c1cdace2,chunk_submod_96,chunk,submod,0.0,0.0,0.0,0.5595,0.5,84.0,1.0,1.0
5a8e06785542995085b37383,chunk_submod_96,chunk,submod,1.0,1.0,1.0,1.0,1.0,86.0,1.0,1.0
5adbfa38554299438c868d00,chunk_submod_96,chunk,submod,0.0,0.0,0.0,0.425,0.5,80.0,1.0,1.0
5a73b1855542992d56e7e388,chunk_submod_96,chunk,submod,0.0,0.0,1.0,0.2874,0.5,87.0,1.0,1.0
5ab94fa25542996be2020474,chunk_submod_96,chunk,submod,1.0,1.0,1.0,1.0,1.0,88.0,1.0,1.0
5a7e7d4655429934daa2fc2e,chunk_submod_96,chunk,submod,0.0,0.0,1.0,1.0,1.0,91.0,1.0,1.0
5a75d9c05542992db94736f6,chunk_submod_96,chunk,submod,0.0,0.0,0.0,0.5479,0.5,73.0,0.5,0.0
5adf33965542993344016c20,chunk_submod_96,chunk,submod,0.0,0.0,1.0,1.0,0.5,85.0,1.0,1.0
5a8f979255429918e830d288,chunk_submod_96,chunk,submod,0.0,0.3333,0.0,0.4789,0.5,71.0,0.5,0.0
5a8a17685542993b751ca9f3,chunk_submod_96,chunk,submod,1.0,1.0,1.0,0.3294,0.5,85.0,1.0,1.0
5abd56355542993062266c58,chunk_submod_96,chunk,submod,0.0,0.0,1.0,0.7292,0.5,96.0,1.0,1.0
5ab91f98554299753720f70d,chunk_submod_96,chunk,submod,0.0,0.0,0.0,0.4533,0.5,75.0,1.0,1.0
5a811152554299260e20a22e,chunk_submod_96,chunk,submod,0.0,0.8,1.0,0.6,1.0,95.0,1.0,1.0
5a7a1f795542996c55b2dd1b,chunk_submod_96,chunk,submod,1.0,1.0,1.0,0.7097,1.0,93.0,1.0,1.0
5a7324e055429901807daf8f,chunk_submod_96,chunk,submod,0.0,0.8,0.0,0.3553,0.5,76.0,1.0,1.0
5ab9618f554299743d22eb28,chunk_submod_96,chunk,submod,0.0,0.0,0.0,0.4271,0.5,96.0,0.5,0.0
5abffafe5542997d64295988,chunk_submod_96,chunk,submod,1.0,1.0,1.0,1.0,1.0,87.0,1.0,1.0
5a8cee9b554299441c6b9f87,chunk_submod_96,chunk,submod,0.0,0.0,1.0,1.0,1.0,84.0,1.0,1.0
5a7270395542992359bc30a8,chunk_submod_96,chunk,submod,0.0,0.0,0.0,0.382,0.5,89.0,0.5,0.0
5ac14d0c5542991316484ae2,chunk_submod_96,chunk,submod,0.0,0.0,0.0,0.3452,0.5,84.0,1.0,1.0
5a75a76b5542992db9473697,chunk_submod_96,chunk,submod,1.0,1.0,1.0,0.0,0.0,78.0,1.0,1.0
5ab55455554299488d4d993b,chunk_submod_96,chunk,submod,0.0,0.0,0.0,0.7093,1.0,86.0,1.0,1.0
5a7f48e15542992e7d278ce6,chunk_submod_96,chunk,submod,0.0,0.0,0.0,1.0,0.5,80.0,0.5,0.0
5ab7f0995542995dae37e9fb,chunk_submod_96,chunk,submod,0.0,0.0,0.0,0.3478,0.5,92.0,1.0,1.0
5aba89fb5542994dbf019933,chunk_submod_96,chunk,submod,0.0,0.0,0.0,1.0,0.5,48.0,1.0,1.0
5a7621bb554299109176e650,chunk_submod_96,chunk,submod,0.0,0.0,0.0,0.7356,0.5,87.0,1.0,1.0
5a70f0e75542994082a3e408,chunk_submod_96,chunk,submod,0.0,0.0,1.0,0.3542,0.5,96.0,1.0,1.0
5a773ec45542994aec3b7245,chunk_submod_96,chunk,submod,0.0,0.0,1.0,0.1935,0.5,93.0,1.0,1.0
5a802b595542995d8a8ddf51,chunk_submod_96,chunk,submod,1.0,1.0,1.0,0.5679,0.5,81.0,0.5,0.0
5a8de7c65542995085b37353,chunk_submod_96,chunk,submod,1.0,1.0,1.0,0.3678,0.5,87.0,1.0,1.0
5ab5b6c1554299637185c5e5,chunk_submod_96,chunk,submod,1.0,1.0,1.0,0.0,0.0,78.0,0.5,0.0
5abb8e2d554299642a094aa4,chunk_submod_96,chunk,submod,0.0,0.0,1.0,0.7857,1.0,84.0,1.0,1.0
5a7642f7554299109176e6e8,chunk_submod_96,chunk,submod,1.0,1.0,1.0,1.0,1.0,95.0,1.0,1.0
5a756b175542996c70cfaef7,chunk_submod_96,chunk,submod,0.0,0.0,1.0,0.0,0.0,82.0,1.0,1.0
5a83161555429940e5e1a958,chunk_submod_96,chunk,submod,1.0,1.0,1.0,0.663,1.0,92.0,1.0,1.0
5ab3eac5554299753aec59ec,chunk_submod_96,chunk,submod,0.0,0.0,1.0,0.2637,0.5,91.0,1.0,1.0
5a73090455429901807daf6e,chunk_submod_96,chunk,submod,1.0,1.0,1.0,0.6438,1.0,73.0,1.0,1.0
5a8c8502554299585d9e36d0,chunk_submod_96,chunk,submod,0.0,0.0,0.0,0.5,1.0,96.0,1.0,1.0
5a7d598d5542995f4f402262,chunk_submod_96,chunk,submod,1.0,1.0,1.0,0.8864,1.0,88.0,1.0,1.0
5a77f4755542992a6e59e01f,chunk_submod_96,chunk,submod,1.0,1.0,1.0,0.8556,1.0,90.0,1.0,1.0
5abcf14f55429959677d6b5b,chunk_submod_96,chunk,submod,0.0,0.4444,1.0,1.0,1.0,81.0,1.0,1.0
5a8d8eb5554299068b959d3a,chunk_submod_96,chunk,submod,1.0,1.0,1.0,0.4835,0.5,91.0,1.0,1.0
5a7e7ed05542991319bc94c2,chunk_submod_96,chunk,submod,0.0,0.2222,1.0,0.6835,1.0,79.0,1.0,1.0
5ae236445542992decbdcc69,chunk_submod_96,chunk,submod,0.0,0.4,0.0,0.383,0.5,94.0,1.0,1.0
5a750de95542993748c897ac,chunk_submod_96,chunk,submod,0.0,0.3333,0.0,0.7872,1.0,94.0,1.0,1.0
5a7fc03d5542992097ad2fbc,chunk_submod_96,chunk,submod,0.0,0.0,1.0,0.4318,0.5,88.0,1.0,1.0
5a7172105542994082a3e837,chunk_submod_96,chunk,submod,0.0,0.0,0.0,0.2043,0.5,93.0,1.0,1.0
5a847edd554299123d8c2272,chunk_submod_96,chunk,submod,0.0,0.0,0.0,0.4941,0.5,85.0,1.0,1.0
5ab761d955429928e1fe3856,chunk_submod_96,chunk,submod,1.0,1.0,1.0,0.6628,1.0,86.0,1.0,1.0
5a7a2dac5542990198eaf0b6,chunk_submod_96,chunk,submod,1.0,1.0,1.0,0.6667,0.5,90.0,1.0,1.0
5ae530e355429908b6326561,chunk_submod_96,chunk,submod,0.0,0.0,0.0,0.1351,0.5,74.0,1.0,1.0
5abcff225542993a06baf9ea,chunk_submod_96,chunk,submod,1.0,1.0,1.0,1.0,1.0,60.0,1.0,1.0
5abe9f7d5542997ec76fd331,chunk_submod_96,chunk,submod,0.0,0.0,0.0,0.5875,0.5,80.0,0.5,0.0
5a8db42f5542994ba4e3dd11,chunk_submod_96,chunk,submod,1.0,1.0,1.0,0.4699,1.0,83.0,1.0,1.0
5ae658855542992ae0d162e3,chunk_submod_96,chunk,submod,0.0,0.0,0.0,0.0,0.0,82.0,0.5,0.0
5a8c6d4e5542996e8ac88aa6,chunk_submod_96,chunk,submod,0.0,0.0,1.0,0.4368,1.0,87.0,1.0,1.0
5aba65a055429939ce03dcd2,chunk_submod_96,chunk,submod,1.0,1.0,1.0,0.3708,0.5,89.0,1.0,1.0
5ae199305542997b2ef7d20e,chunk_submod_96,chunk,submod,0.0,0.0,1.0,1.0,1.0,67.0,1.0,1.0
5a806aca5542996402f6a503,chunk_submod_96,chunk,submod,0.0,0.5,1.0,0.4304,0.5,79.0,0.5,0.0
5ae336495542990afbd1e0e1,chunk_submod_96,chunk,submod,1.0,1.0,1.0,0.4267,0.5,75.0,1.0,1.0
5a8198565542995ce29dcc13,chunk_submod_96,chunk,submod,0.0,0.0,0.0,0.2911,0.5,79.0,1.0,1.0
5a9068075542990a9849361a,chunk_submod_96,chunk,submod,0.0,0.0,0.0,0.0,0.0,77.0,1.0,1.0
5a7a2be25542996a35c17118,chunk_submod_96,chunk,submod,0.0,0.0,1.0,0.6882,1.0,93.0,1.0,1.0
5a7562045542992db947364f,chunk_submod_96,chunk,submod,0.0,0.2857,1.0,0.0,0.0,81.0,1.0,1.0
5ac2a55b55429921a00ab018,chunk_submod_96,chunk,submod,0.0,0.0,0.0,0.1573,0.5,89.0,1.0,1.0
5abccf6755429965836004ab,chunk_submod_96,chunk,submod,0.0,0.0,0.0,0.3978,0.5,93.0,1.0,1.0
5a7c8ae855429935c91b5207,chunk_submod_96,chunk,submod,0.0,0.0,0.0,0.0,0.0,83.0,1.0,1.0
5ab30ebf554299753aec592c,chunk_submod_96,chunk,submod,0.0,0.0,0.0,0.0,0.0,90.0,0.5,0.0
5ab2b95c5542991669774072,chunk_submod_96,chunk,submod,1.0,1.0,1.0,0.411,0.5,73.0,1.0,1.0
5ac2a10e554299657fa28fec,chunk_submod_96,chunk,submod,1.0,1.0,1.0,0.5634,0.5,71.0,0.5,0.0
5abb02fe554299232ef4a39f,chunk_submod_96,chunk,submod,1.0,1.0,1.0,0.7179,0.5,78.0,1.0,1.0
5a8eb4d65542990e94052b82,chunk_submod_96,chunk,submod,0.0,0.0,0.0,0.1494,0.5,87.0,1.0,1.0
5a8ba60b554299240d9c205b,chunk_submod_96,chunk,submod,1.0,1.0,1.0,0.8621,1.0,87.0,1.0,1.0
5a807ca5554299485f598613,chunk_submod_96,chunk,submod,0.0,0.0,0.0,0.641,0.5,78.0,1.0,1.0
5a7c0dab5542997c3ec972d2,chunk_submod_96,chunk,submod,0.0,0.5,1.0,0.8636,1.0,88.0,1.0,1.0
5a89019a5542995153361259,chunk_submod_96,chunk,submod,0.0,0.0,1.0,0.3429,0.5,70.0,0.5,0.0
5a7f00b455429930675135f1,chunk_submod_96,chunk,submod,0.0,0.0,0.0,0.6292,1.0,89.0,1.0,1.0
5a8220db5542995ce29dccc1,chunk_submod_96,chunk,submod,1.0,1.0,1.0,0.5053,0.5,95.0,1.0,1.0
5ab510cb5542996a3a96a00f,chunk_submod_96,chunk,submod,0.0,0.0,0.0,1.0,1.0,83.0,1.0,1.0
5a80a25d5542995d8a8ddfb7,chunk_submod_96,chunk,submod,0.0,0.0,0.0,0.6344,0.5,93.0,0.5,0.0
5adf5cd25542992d7e9f9320,chunk_submod_96,chunk,submod,0.0,0.0,1.0,0.0,0.0,95.0,0.5,0.0
5a75ebfc5542992d0ec06018,chunk_submod_96,chunk,submod,0.0,0.0,0.0,0.4659,0.5,88.0,1.0,1.0
5ab29caa554299545a2cf9d3,chunk_submod_96,chunk,submod,0.0,0.5714,1.0,0.6543,1.0,81.0,1.0,1.0
5ae0536755429924de1b70a6,chunk_submod_96,chunk,submod,0.0,0.0,0.0,0.7111,1.0,90.0,1.0,1.0
5ae17a9b5542990adbacf7a2,chunk_submod_96,chunk,submod,0.0,0.0,0.0,0.8068,1.0,88.0,1.0,1.0
5a8f503c5542992414482a34,chunk_submod_96,chunk,submod,0.0,0.0,1.0,0.1791,0.5,67.0,0.5,0.0
5ae0159855429925eb1afc09,chunk_submod_96,chunk,submod,1.0,1.0,1.0,0.52,0.5,75.0,1.0,1.0
5a8b2f2b5542995d1e6f12fa,chunk_submod_96,chunk,submod,0.0,0.0,1.0,0.6061,1.0,66.0,1.0,1.0
5a90386455429916514e7435,chunk_submod_96,chunk,submod,0.0,0.0,1.0,0.6915,1.0,94.0,1.0,1.0
5ab43179554299233955004d,chunk_submod_96,chunk,submod,0.0,0.0,0.0,0.4925,0.5,67.0,0.5,0.0
5a8b42be55429949d91db515,chunk_submod_96,chunk,submod,1.0,1.0,1.0,0.5921,0.5,76.0,1.0,1.0
5a8d6d4e554299441c6b9fdb,chunk_submod_96,chunk,submod,0.0,0.5,1.0,0.6154,0.5,78.0,1.0,1.0
5ae40a2955429970de88d8a3,chunk_submod_96,chunk,submod,0.0,0.0,0.0,0.253,0.5,83.0,0.5,0.0
5adcfebe5542992c1e3a24f3,chunk_submod_96,chunk,submod,0.0,0.0,1.0,0.3587,0.5,92.0,1.0,1.0
5ab5a3fb5542997d4ad1f19b,chunk_submod_96,chunk,submod,0.0,0.0,1.0,0.2771,0.5,83.0,1.0,1.0
5ac2ffbd554299677310267b,chunk_submod_96,chunk,submod,0.0,0.0,0.0,0.4333,0.5,90.0,1.0,1.0
5a7133fa5542994082a3e660,chunk_submod_96,chunk,submod,0.0,0.0,0.0,0.2564,0.5,78.0,1.0,1.0
5abea7c25542990832d3a068,chunk_submod_96,chunk,submod,0.0,0.0,0.0,0.6778,0.5,90.0,1.0,1.0
5a8a09765542992d82986e67,chunk_submod_96,chunk,submod,0.0,0.8,0.0,0.7051,1.0,78.0,1.0,1.0
5a72a51355429901807daf21,chunk_submod_96,chunk,submod,0.0,0.5,0.0,0.2639,0.5,72.0,1.0,1.0
5aba72d75542994dbf019912,chunk_submod_96,chunk,submod,1.0,1.0,1.0,0.6026,0.5,78.0,1.0,1.0
5adcd9fe5542990d50227d46,chunk_submod_96,chunk,submod,0.0,0.0,1.0,0.7229,1.0,83.0,1.0,1.0
5ae5c212554299546bf82f4b,chunk_submod_96,chunk,submod,1.0,1.0,1.0,1.0,1.0,76.0,1.0,1.0
5a7320565542991f9a20c61d,chunk_submod_96,chunk,submod,0.0,0.0,1.0,0.3011,0.5,93.0,1.0,1.0
5add596f5542990dbb2f7e4d,chunk_submod_96,chunk,submod,1.0,1.0,1.0,0.5714,1.0,91.0,1.0,1.0
5adfb60655429942ec259b08,chunk_submod_96,chunk,submod,0.0,0.3333,0.0,0.0,0.0,66.0,0.5,0.0
5a74adb455429916b01641c6,chunk_submod_96,chunk,submod,1.0,1.0,1.0,0.6771,1.0,96.0,1.0,1.0
5ae27df25542992decbdcd2a,chunk_submod_96,chunk,submod,0.0,0.0,0.0,0.6809,1.0,94.0,1.0,1.0
5a8baf4b5542996e8ac889c5,chunk_submod_96,chunk,submod,0.0,0.0,1.0,1.0,1.0,79.0,1.0,1.0
5ae352285542994393b9e685,chunk_submod_96,chunk,submod,1.0,1.0,1.0,0.828,1.0,93.0,1.0,1.0
5a8e0a005542995085b373a1,chunk_submod_96,chunk,submod,0.0,0.0,0.0,0.3368,0.5,95.0,0.5,0.0
5ab639e65542995eadeeff7f,chunk_submod_96,chunk,submod,0.0,0.8,0.0,0.3659,0.5,82.0,1.0,1.0
5ade99295542992fa25da7d8,chunk_submod_96,chunk,submod,0.0,0.0,0.0,1.0,1.0,72.0,1.0,1.0
5ac26b7f55429951e9e685ae,chunk_submod_96,chunk,submod,0.0,0.0,0.0,0.4479,0.5,96.0,0.5,0.0
5ae351405542994393b9e67f,chunk_submod_96,chunk,submod,0.0,0.0,1.0,0.5254,0.5,59.0,1.0,1.0
5a7f6f4b5542994857a76740,chunk_submod_96,chunk,submod,0.0,0.5,1.0,1.0,1.0,75.0,1.0,1.0
5a81346055429926c1cdad13,chunk_submod_96,chunk,submod,0.0,0.1818,0.0,0.3933,0.5,89.0,1.0,1.0
5a716f575542994082a3e82f,chunk_submod_96,chunk,submod,0.0,0.8,0.0,0.6737,1.0,95.0,1.0,1.0
5a812d0555429938b61422e1,chunk_submod_96,chunk,submod,1.0,1.0,1.0,0.7391,1.0,92.0,1.0,1.0
5a826d2f5542995ce29dcd05,chunk_submod_96,chunk,submod,0.0,0.0,0.0,0.3385,0.5,65.0,1.0,1.0
5ab67c3f55429954757d32f9,chunk_submod_96,chunk,submod,0.0,0.0,0.0,0.5591,1.0,93.0,1.0,1.0
5ae20e265542994d89d5b325,chunk_submod_96,chunk,submod,1.0,1.0,1.0,1.0,1.0,84.0,1.0,1.0
5ae7eed8554299540e5a56b5,chunk_submod_96,chunk,submod,0.0,0.6667,1.0,1.0,1.0,91.0,1.0,1.0
5a7555215542996c70cfaee1,chunk_submod_96,chunk,submod,1.0,1.0,1.0,0.5135,1.0,74.0,1.0,1.0
5ab9b29c554299743d22ebae,chunk_submod_96,chunk,submod,1.0,1.0,1.0,0.0632,0.5,95.0,1.0,1.0
5ae2c696554299495565db32,chunk_submod_96,chunk,submod,0.0,0.2222,0.0,0.6957,0.5,92.0,1.0,1.0
5a832f9d5542993344745fe4,chunk_submod_96,chunk,submod,0.0,0.0,0.0,0.0,0.0,91.0,0.5,0.0
5a79e3925542994bb9457130,chunk_submod_96,chunk,submod,0.0,0.0,0.0,0.6711,0.5,76.0,1.0,1.0
5ae713af554299572ea546bb,chunk_submod_96,chunk,submod,0.0,0.0,1.0,0.6119,0.5,67.0,1.0,1.0
5ade450b5542997c77adedc5,chunk_submod_96,chunk,submod,0.0,0.1538,0.0,0.0,0.0,93.0,1.0,1.0
5ab3cecd5542992ade7c6eae,chunk_submod_96,chunk,submod,0.0,0.0,0.0,0.4457,0.5,92.0,1.0,1.0
5ae4be5c5542995ad6573e3a,chunk_submod_96,chunk,submod,0.0,0.0,0.0,0.0,0.0,90.0,0.5,0.0
5a8d5ec2554299585d9e37c4,chunk_submod_96,chunk,submod,0.0,0.0,0.0,0.7396,1.0,96.0,1.0,1.0
5ae765185542995703ce8c0f,chunk_submod_96,chunk,submod,1.0,1.0,1.0,1.0,1.0,88.0,1.0,1.0
5ab2c6a955429916697740c2,chunk_submod_96,chunk,submod,0.0,0.0,0.0,0.3523,0.5,88.0,1.0,1.0
5ab6369655429953192ad2a1,chunk_submod_96,chunk,submod,0.0,0.0,1.0,1.0,1.0,88.0,1.0,1.0
5a7b220855429931da12c9e5,chunk_submod_96,chunk,submod,0.0,0.5,1.0,1.0,1.0,96.0,1.0,1.0
5a81d92f554299676cceb0f9,chunk_submod_96,chunk,submod,0.0,0.0,0.0,0.3919,0.5,74.0,1.0,1.0
5a7b735c5542997c3ec9718a,chunk_submod_96,chunk,submod,0.0,0.0,1.0,0.6164,0.5,73.0,1.0,1.0
5a724a2b5542990c210a40bc,chunk_submod_96,chunk,submod,0.0,0.6667,1.0,0.619,1.0,84.0,1.0,1.0
5ae5db98554299546bf82fa6,chunk_submod_96,chunk,submod,1.0,1.0,1.0,1.0,0.5,71.0,1.0,1.0
5a7344e95542991f9a20c6ce,chunk_submod_96,chunk,submod,0.0,0.0,0.0,0.0,0.0,91.0,0.5,0.0
5ab6dbc15542995eadef00cd,chunk_submod_96,chunk,submod,0.0,0.0,1.0,1.0,1.0,77.0,1.0,1.0
5a88016b5542997e5c09a58a,chunk_submod_96,chunk,submod,0.0,0.0,0.0,0.5517,0.5,87.0,1.0,1.0
5ab5e024554299494045f097,chunk_submod_96,chunk,submod,0.0,0.0,0.0,0.0,0.0,84.0,1.0,1.0
5ac44629554299194317395d,chunk_submod_96,chunk,submod,0.0,0.0,0.0,0.1739,0.5,92.0,1.0,1.0
5a7afdc85542992d025e672e,chunk_submod_96,chunk,submod,0.0,0.8,0.0,0.5732,0.5,82.0,1.0,1.0
5ae834e95542997ec272776a,chunk_submod_96,chunk,submod,0.0,0.0,1.0,0.4773,0.5,88.0,1.0,1.0
5abbdb335542992ccd8e7fc1,chunk_submod_96,chunk,submod,0.0,0.0,0.0,0.2703,0.5,74.0,1.0,1.0
5a79c9cc554299148911fa53,chunk_submod_96,chunk,submod,1.0,1.0,1.0,1.0,1.0,71.0,1.0,1.0
5ac38c0755429939154137bb,chunk_submod_96,chunk,submod,0.0,0.0,0.0,1.0,1.0,84.0,1.0,1.0
5a8b7cb95542995d1e6f13bb,chunk_submod_96,chunk,submod,0.0,0.0,0.0,0.3187,0.5,91.0,0.5,0.0
5addfdfa5542997dc790710b,chunk_submod_96,chunk,submod,0.0,0.0,0.0,0.4186,0.5,86.0,1.0,1.0
5a88d745554299206df2b378,chunk_submod_96,chunk,submod,0.0,0.0,1.0,0.6026,1.0,78.0,1.0,1.0
5ae6940e5542991bbc97613f,chunk_submod_96,chunk,submod,0.0,0.6667,1.0,0.6707,1.0,82.0,1.0,1.0
5abe3abb55429965af743ea1,chunk_submod_96,chunk,submod,0.0,0.0,0.0,0.0,0.0,70.0,0.5,0.0
5a8ba9d255429971feec4759,chunk_submod_96,chunk,submod,0.0,0.0,0.0,0.3864,0.5,88.0,0.5,0.0
5ab2b6fb5542992953946848,chunk_submod_96,chunk,submod,0.0,0.0,0.0,0.6452,1.0,93.0,1.0,1.0
5adfd2f255429925eb1afaa5,chunk_submod_96,chunk,submod,1.0,1.0,1.0,1.0,1.0,63.0,1.0,1.0
5a7a33a35542994f819ef14c,chunk_submod_96,chunk,submod,0.0,0.0,1.0,0.4105,1.0,95.0,1.0,1.0
5a8ba07d5542996e8ac88985,chunk_submod_96,chunk,submod,0.0,0.0,1.0,0.0,0.0,92.0,1.0,1.0
5ab8f57b5542991b5579f097,chunk_submod_96,chunk,submod,0.0,0.0,0.0,0.6,1.0,95.0,1.0,1.0
5abfb3425542990832d3a1c0,chunk_submod_96,chunk,submod,1.0,1.0,1.0,0.5402,0.5,87.0,0.5,0.0
5ab5ac345542992aa134a37f,chunk_submod_96,chunk,submod,0.0,0.0,0.0,0.6087,0.5,69.0,1.0,1.0
5a8e63d65542995085b37421,chunk_submod_96,chunk,submod,1.0,1.0,0.0,0.4179,0.5,67.0,1.0,1.0
5a89706055429951533612f9,chunk_submod_96,chunk,submod,0.0,0.8,1.0,0.6071,1.0,84.0,1.0,1.0
5a8e612b5542995085b3741b,chunk_submod_96,chunk,submod,0.0,1.0,1.0,0.4706,0.5,68.0,1.0,1.0
5a738fb4554299623ed4abf9,chunk_submod_96,chunk,submod,1.0,1.0,1.0,0.4409,0.5,93.0,1.0,1.0
5a8bc29a5542995d1e6f1446,chunk_submod_96,chunk,submod,0.0,0.0,0.0,0.0,0.0,96.0,0.5,0.0
5abfe2a15542997d6429591c,chunk_submod_96,chunk,submod,0.0,0.6667,1.0,0.6,1.0,90.0,1.0,1.0
5a868ca055429960ec39b6be,chunk_submod_96,chunk,submod,0.0,0.0,0.0,0.4048,0.5,84.0,0.5,0.0
5a820f2c55429926c1cdae17,chunk_submod_96,chunk,submod,0.0,0.0,0.0,0.6966,1.0,89.0,1.0,1.0
5ae5a4e5554299546bf82f01,chunk_submod_96,chunk,submod,0.0,0.75,1.0,0.4194,0.5,93.0,1.0,1.0
5a8d0c74554299585d9e37a1,chunk_submod_96,chunk,submod,0.0,0.0,0.0,0.4479,0.5,96.0,1.0,1.0
5ab9d7e4554299232ef4a21f,chunk_submod_96,chunk,submod,0.0,0.0,1.0,1.0,1.0,73.0,1.0,1.0
5a7148d25542994082a3e766,chunk_submod_96,chunk,submod,1.0,1.0,1.0,1.0,1.0,73.0,1.0,1.0
5ae6233c5542992ae0d1623e,chunk_submod_96,chunk,submod,0.0,0.0,0.0,0.4286,0.5,77.0,1.0,1.0
5adff2aa554299603e4183d0,chunk_submod_96,chunk,submod,0.0,0.0,1.0,0.5556,0.5,63.0,1.0,1.0
5ade7fa3554299728e26c727,chunk_submod_96,chunk,submod,0.0,0.0,0.0,0.7674,0.5,86.0,0.5,0.0
5a8f38fa55429924144829f5,chunk_submod_96,chunk,submod,0.0,0.0,0.0,0.4211,0.5,76.0,1.0,1.0
5a8f51695542992414482a3e,chunk_submod_96,chunk,submod,0.0,0.0,0.0,0.3284,0.5,67.0,0.5,0.0
5a88db445542993b751ca88a,chunk_submod_96,chunk,submod,1.0,1.0,1.0,0.4815,0.5,81.0,1.0,1.0
5a7ef6b35542994959419a94,chunk_submod_96,chunk,submod,0.0,0.6667,1.0,0.6979,1.0,96.0,1.0,1.0
5a8e494e5542995a26add4c8,chunk_submod_96,chunk,submod,0.0,0.5,1.0,1.0,1.0,96.0,1.0,1.0
5ab5d43f5542997d4ad1f1f6,chunk_submod_96,chunk,submod,0.0,0.0,1.0,0.7302,0.5,63.0,1.0,1.0
5a7905ca554299148911f9c8,chunk_submod_96,chunk,submod,0.0,0.0,0.0,0.5775,0.5,71.0,0.5,0.0
5ab30f9a554299233954fef2,chunk_submod_96,chunk,submod,0.0,0.8,0.0,0.6744,0.5,86.0,1.0,1.0
5ab3849a55429969a97a8170,chunk_submod_96,chunk,submod,1.0,1.0,1.0,0.5714,0.5,77.0,0.5,0.0
5a7bc5f255429927d897c03e,chunk_submod_96,chunk,submod,1.0,1.0,1.0,0.5625,1.0,96.0,1.0,1.0
5a7f22005542993067513657,chunk_submod_96,chunk,submod,1.0,1.0,1.0,1.0,1.0,80.0,1.0,1.0
5ab925fd554299131ca42281,chunk_submod_96,chunk,submod,0.0,0.0,0.0,1.0,1.0,82.0,1.0,1.0
5a76244c554299109176e65d,chunk_submod_96,chunk,submod,0.0,0.0,0.0,0.4105,0.5,95.0,0.5,0.0
5ab53bee554299637185c526,chunk_submod_96,chunk,submod,0.0,0.0,0.0,0.6761,0.5,71.0,0.5,0.0
5ab6aa4c55429953192ad359,chunk_submod_96,chunk,submod,0.0,0.0,0.0,1.0,0.5,80.0,0.5,0.0
5abe832a55429965af743f29,chunk_submod_96,chunk,submod,0.0,0.0,0.0,0.3617,0.5,94.0,0.5,0.0
5ab5b732554299494045f03c,chunk_submod_96,chunk,submod,0.0,0.0,0.0,0.5111,0.5,90.0,1.0,1.0
5adffb4655429925eb1afbbf,chunk_submod_96,chunk,submod,1.0,1.0,1.0,0.675,0.5,80.0,0.5,0.0
5ae6d3345542996d980e7c85,chunk_submod_96,chunk,submod,1.0,1.0,1.0,1.0,1.0,73.0,1.0,1.0
5ab878ba55429916710eb06c,chunk_submod_96,chunk,submod,0.0,0.0,1.0,1.0,1.0,80.0,1.0,1.0
5a7509175542993748c897a3,chunk_submod_96,chunk,submod,0.0,0.0,0.0,0.0,0.0,96.0,0.5,0.0
5a8ac38855429970aeb70300,chunk_submod_96,chunk,submod,0.0,0.0,0.0,0.6383,0.5,94.0,1.0,1.0
5a8bc03d5542996e8ac88a0b,chunk_submod_96,chunk,submod,0.0,0.0,0.0,0.4615,0.5,78.0,0.5,0.0
5ae4ad375542995dadf243a4,chunk_submod_96,chunk,submod,0.0,0.0,0.0,0.5147,0.5,68.0,0.5,0.0
5a7da0de5542990b8f5039d7,chunk_submod_96,chunk,submod,0.0,0.0,0.0,0.6489,1.0,94.0,1.0,1.0
5a8af0a355429950cd6afc1c,chunk_submod_96,chunk,submod,0.0,0.0,0.0,1.0,0.5,82.0,1.0,1.0
5a73522d5542994cef4bc541,chunk_submod_96,chunk,submod,0.0,0.0,1.0,0.8462,1.0,78.0,1.0,1.0
5ab3a83d5542992ade7c6e08,chunk_submod_96,chunk,submod,0.0,0.0,0.0,0.3563,0.5,87.0,1.0,1.0
5ab84d5a55429916710eb028,chunk_submod_96,chunk,submod,0.0,0.0,0.0,1.0,1.0,80.0,1.0,1.0
5a7f57a45542992097ad2f29,chunk_submod_96,chunk,submod,0.0,0.0,1.0,0.6024,0.5,83.0,0.5,0.0
5ae764a85542997b22f6a720,chunk_submod_96,chunk,submod,0.0,0.0,0.0,0.5417,0.5,96.0,1.0,1.0
5a7b1023554299042af8f6c2,chunk_submod_96,chunk,submod,1.0,1.0,1.0,1.0,1.0,81.0,1.0,1.0
5a80707e5542992bc0c4a70e,chunk_submod_96,chunk,submod,0.0,0.0,0.0,0.375,0.5,96.0,1.0,1.0
5a8e16a5554299068b959e58,chunk_submod_96,chunk,submod,1.0,1.0,1.0,1.0,1.0,96.0,1.0,1.0
5a875cd65542996e4f30879d,chunk_submod_96,chunk,submod,0.0,0.8,1.0,0.2941,0.5,68.0,1.0,1.0
5a78d16455429974737f78bb,chunk_submod_96,chunk,submod,0.0,0.8,1.0,0.5895,1.0,95.0,1.0,1.0
5a895f6155429946c8d6e914,chunk_submod_96,chunk,submod,0.0,0.5,0.0,0.4253,0.5,87.0,1.0,1.0
5a84f8555542997175ce1f3a,chunk_submod_96,chunk,submod,0.0,0.0,1.0,1.0,1.0,72.0,1.0,1.0
5ab31adc554299233954ff0a,chunk_submod_96,chunk,submod,0.0,0.0,0.0,0.5109,0.5,92.0,1.0,1.0
5ac3ba1855429939154138f3,chunk_submod_96,chunk,submod,0.0,0.0,0.0,0.5065,0.5,77.0,1.0,1.0
5a7380b955429908901be2d4,chunk_submod_96,chunk,submod,0.0,0.0,1.0,0.2333,0.5,90.0,1.0,1.0
5a8f92fb55429918e830d271,chunk_submod_96,chunk,submod,1.0,1.0,1.0,0.6771,0.5,96.0,1.0,1.0
5a88082055429938390d3ed2,chunk_submod_96,chunk,submod,0.0,0.2857,0.0,0.7647,0.5,68.0,1.0,1.0
5a7d22dc5542995ed0d16600,chunk_submod_96,chunk,submod,0.0,0.0,1.0,0.2326,0.5,86.0,1.0,1.0
5ae291bb5542996483e649f6,chunk_submod_96,chunk,submod,0.0,0.0,0.0,0.2838,0.5,74.0,1.0,1.0
5abfde655542997719eab6f2,chunk_submod_96,chunk,submod,0.0,0.0,1.0,0.0,0.0,87.0,1.0,1.0
5ae67fad5542991bbc976100,chunk_submod_96,chunk,submod,0.0,0.0,0.0,1.0,0.5,78.0,0.5,0.0
5ab2a1f35542997061209677,chunk_submod_96,chunk,submod,0.0,0.8,0.0,0.6941,0.5,85.0,1.0,1.0
5a74ab6055429916b01641b9,chunk_submod_96,chunk,submod,0.0,0.0,1.0,0.6429,1.0,84.0,1.0,1.0
5a8b97485542995d1e6f140f,chunk_submod_96,chunk,submod,0.0,0.0,1.0,0.6582,1.0,79.0,1.0,1.0
5adcdc6c5542992c1e3a2437,chunk_submod_96,chunk,submod,0.0,0.0,0.0,0.0,0.0,82.0,0.5,0.0
5ae73ddb554299572ea5478d,chunk_submod_96,chunk,submod,1.0,1.0,1.0,0.9556,1.0,90.0,1.0,1.0
5ade618e554299728e26c700,chunk_submod_96,chunk,submod,0.0,0.0,1.0,0.4217,1.0,83.0,1.0,1.0
5a76404b5542994ccc91873d,chunk_submod_96,chunk,submod,0.0,0.0,0.0,0.4578,0.5,83.0,1.0,1.0
5ac44b47554299194317396c,chunk_submod_96,chunk,submod,0.0,0.2,0.0,0.7708,1.0,96.0,1.0,1.0
5ac27afa5542990b17b153b5,chunk_submod_96,chunk,submod,0.0,0.0,0.0,0.5122,0.5,82.0,0.5,0.0
5ac2c4fe554299218029db3b,chunk_submod_96,chunk,submod,0.0,0.1538,0.0,0.5125,0.5,80.0,1.0,1.0
5ae49b705542995ad6573dbc,chunk_submod_96,chunk,submod,0.0,0.0,1.0,0.5745,1.0,94.0,1.0,1.0
5ae5fc345542993aec5ec1f8,chunk_submod_96,chunk,submod,0.0,0.0,1.0,0.3976,0.5,83.0,1.0,1.0
5a8d651955429941ae14dfaf,chunk_submod_96,chunk,submod,1.0,1.0,0.0,0.6702,1.0,94.0,1.0,1.0
5a839cb9554299123d8c2169,chunk_submod_96,chunk,submod,1.0,1.0,0.0,0.3333,0.5,84.0,1.0,1.0
5adbe1b355429944faac23a0,chunk_submod_96,chunk,submod,0.0,0.0,0.0,0.5056,0.5,89.0,1.0,1.0
5ac29cf8554299218029dac2,chunk_submod_96,chunk,submod,0.0,0.0,0.0,0.0,0.0,74.0,0.0,0.0
5ae21ef35542994d89d5b35d,chunk_submod_96,chunk,submod,0.0,0.0,1.0,0.5484,0.5,93.0,1.0,1.0
5ae1ebf95542997283cd22f2,chunk_submod_96,chunk,submod,0.0,0.0,1.0,0.5824,1.0,91.0,1.0,1.0
5a8b98665542995d1e6f1413,chunk_submod_96,chunk,submod,1.0,1.0,1.0,0.4667,1.0,90.0,1.0,1.0
5ae3d67f5542992f92d8238f,chunk_submod_96,chunk,submod,0.0,0.0,0.0,0.3721,0.5,86.0,0.5,0.0
5a8cb4b2554299585d9e372a,chunk_submod_96,chunk,submod,0.0,0.4444,1.0,0.3587,0.5,92.0,0.5,0.0
5ae30aa05542992decbdcdd7,chunk_submod_96,chunk,submod,0.0,0.0,1.0,1.0,1.0,75.0,1.0,1.0
5adcaa7f5542990d50227cdb,chunk_submod_96,chunk,submod,0.0,0.0,0.0,0.2706,0.5,85.0,1.0,1.0
5a8d40715542994ba4e3dc3a,chunk_submod_96,chunk,submod,0.0,0.0,1.0,1.0,1.0,89.0,1.0,1.0
5ae4f2595542990ba0bbb1a8,chunk_submod_96,chunk,submod,1.0,1.0,1.0,0.3768,0.5,69.0,0.5,0.0
5ac507725542994611c8b32a,chunk_submod_96,chunk,submod,0.0,0.0,0.0,0.4667,0.5,90.0,0.5,0.0
5a8f5bb45542992414482a77,chunk_submod_96,chunk,submod,0.0,0.0,0.0,0.1294,0.5,85.0,0.5,0.0
5ae1f2d4554299234fd04358,chunk_submod_96,chunk,submod,0.0,0.0,0.0,0.3488,0.5,86.0,0.5,0.0
5ae2fca555429928c423958a,chunk_submod_96,chunk,submod,0.0,0.0,0.0,0.5417,0.5,72.0,0.5,0.0
5adc0f8d55429947ff1738ef,chunk_submod_96,chunk,submod,1.0,1.0,0.0,0.4691,0.5,81.0,1.0,1.0
5add64065542995b365fab25,chunk_submod_96,chunk,submod,0.0,0.0,1.0,0.4186,0.5,86.0,1.0,1.0
5a7d26bd554299452d57bb28,chunk_submod_96,chunk,submod,0.0,0.0,1.0,0.3438,0.5,64.0,1.0,1.0
5abba581554299642a094af9,chunk_submod_96,chunk,submod,0.0,0.0,0.0,0.6211,1.0,95.0,1.0,1.0
5a7f89c75542994857a76775,chunk_submod_96,chunk,submod,0.0,0.0,0.0,0.9733,0.5,75.0,1.0,1.0
5ae531695542990ba0bbb1fb,chunk_submod_96,chunk,submod,0.0,0.0,0.0,0.5789,0.5,76.0,0.5,0.0
5a8d5f16554299585d9e37c5,chunk_submod_96,chunk,submod,0.0,0.0,1.0,0.3067,0.5,75.0,1.0,1.0
5ade1f1c55429939a52fe82d,chunk_submod_96,chunk,submod,1.0,1.0,1.0,0.6979,1.0,96.0,1.0,1.0
5a70f4c45542994082a3e437,chunk_submod_96,chunk,submod,1.0,1.0,1.0,0.3483,0.5,89.0,1.0,1.0
5a8a07af55429970aeb70222,chunk_submod_96,chunk,submod,1.0,1.0,0.0,0.7105,1.0,76.0,1.0,1.0
5abd332e5542993062266bdd,chunk_submod_96,chunk,submod,0.0,0.0,0.0,0.0,0.0,78.0,0.5,0.0
5ae4869755429970de88d99a,chunk_submod_96,chunk,submod,0.0,0.0,1.0,1.0,1.0,87.0,1.0,1.0
5a8d841955429941ae14dfe6,chunk_submod_96,chunk,submod,0.0,0.0,1.0,0.44,0.5,75.0,0.5,0.0
5a87c0945542996e4f30890b,chunk_submod_96,chunk,submod,1.0,1.0,0.0,0.2967,0.5,91.0,1.0,1.0
5a8a9bc15542996c9b8d5f36,chunk_submod_96,chunk,submod,1.0,1.0,1.0,0.803,1.0,66.0,1.0,1.0
5adc93a4554299438c868e01,chunk_submod_96,chunk,submod,0.0,0.0,0.0,0.2597,0.5,77.0,0.5,0.0
5ae564a155429960a22e02e4,chunk_submod_96,chunk,submod,0.0,0.4,1.0,1.0,1.0,79.0,1.0,1.0
5ab56b9b5542997d4ad1f113,chunk_submod_96,chunk,submod,0.0,0.0,1.0,1.0,1.0,75.0,1.0,1.0
5a74d9c555429929fddd84fb,chunk_submod_96,chunk,submod,1.0,1.0,1.0,1.0,1.0,70.0,1.0,1.0
5a8af56855429950cd6afc2f,chunk_submod_96,chunk,submod,0.0,0.0,0.0,0.2763,0.5,76.0,1.0,1.0
5ab3c470554299233954ffa1,chunk_submod_96,chunk,submod,1.0,1.0,1.0,1.0,1.0,95.0,1.0,1.0
5ae20c465542997283cd236a,chunk_submod_96,chunk,submod,0.0,0.0,0.0,0.3134,0.5,67.0,0.5,0.0
5ab5b701554299637185c5e7,chunk_submod_96,chunk,submod,0.0,0.0,0.0,0.0,0.0,81.0,0.5,0.0
5ae829ea5542997ec2727738,chunk_submod_96,chunk,submod,0.0,0.3333,0.0,0.3614,0.5,83.0,0.5,0.0
5ac546975542993e66e8229a,chunk_submod_96,chunk,submod,1.0,1.0,1.0,1.0,1.0,94.0,1.0,1.0
5a81a63c5542990a1d231e45,chunk_submod_96,chunk,submod,0.0,0.5,0.0,0.4588,0.5,85.0,1.0,1.0
5a72af155542992359bc316c,chunk_submod_96,chunk,submod,1.0,1.0,1.0,0.6,0.5,85.0,1.0,1.0
5abd6f0855429933744ab7d5,chunk_submod_96,chunk,submod,1.0,1.0,0.0,0.3723,0.5,94.0,1.0,1.0
5adefcf15542995ec70e8f4c,chunk_submod_96,chunk,submod,0.0,0.0,0.0,0.64,0.5,75.0,1.0,1.0
5ae15ae25542990adbacf767,chunk_submod_96,chunk,submod,1.0,1.0,1.0,0.0,0.0,76.0,1.0,1.0
5abbf43d5542993f40c73c2f,chunk_submod_96,chunk,submod,1.0,1.0,1.0,0.7176,0.5,85.0,1.0,1.0
5a7ab1b055429927d897bef4,chunk_submod_96,chunk,submod,1.0,1.0,1.0,0.6125,1.0,80.0,1.0,1.0
5a7d2afd5542995f4f402221,chunk_submod_96,chunk,submod,1.0,1.0,1.0,0.2234,0.5,94.0,1.0,1.0
5a84c0765542991dd0999dd9,chunk_submod_96,chunk,submod,0.0,0.0,0.0,0.4667,0.5,75.0,0.5,0.0
5ae0bc185542993d6555ec29,chunk_submod_96,chunk,submod,0.0,0.0,0.0,0.375,0.5,80.0,0.5,0.0
5a7cef5d55429909bec768ac,chunk_submod_96,chunk,submod,0.0,0.0,0.0,0.4105,0.5,95.0,1.0,1.0
5a899f4955429946c8d6e971,chunk_submod_96,chunk,submod,1.0,1.0,1.0,0.6076,0.5,79.0,1.0,1.0
5a8ed7b455429917b4a5bdd1,chunk_submod_96,chunk,submod,1.0,1.0,1.0,0.5747,0.5,87.0,1.0,1.0
5a835a265542992ef85e2281,chunk_submod_96,chunk,submod,0.0,0.5,1.0,0.4211,0.5,76.0,1.0,1.0
5a8c52685542995e66a475bb,chunk_submod_96,chunk,submod,0.0,0.0,0.0,0.4149,0.5,94.0,0.5,0.0
5ab4e48655429942dd415f9c,chunk_submod_96,chunk,submod,0.0,0.0,0.0,0.4651,0.5,86.0,0.5,0.0
5ae67dba55429908198fa5f0,chunk_submod_96,chunk,submod,0.0,0.0,0.0,0.0,0.0,76.0,0.5,0.0
5ae13c5155429920d5234336,chunk_submod_96,chunk,submod,1.0,1.0,1.0,1.0,1.0,71.0,1.0,1.0
5ab2b7405542991669774069,chunk_submod_96,chunk,submod,0.0,0.0,0.0,0.5422,1.0,83.0,1.0,1.0
5ab1c693554299722f9b4c66,chunk_submod_96,chunk,submod,1.0,1.0,1.0,0.7143,0.5,84.0,0.5,0.0
5ae692e35542996d980e7c0e,chunk_submod_96,chunk,submod,0.0,0.0,0.0,1.0,1.0,78.0,1.0,1.0
5a7f74975542992097ad2f77,chunk_submod_96,chunk,submod,0.0,0.0,0.0,0.4651,0.5,86.0,0.5,0.0
5a7e30b255429934daa2fbeb,chunk_submod_96,chunk,submod,0.0,0.0,1.0,0.6905,0.5,84.0,1.0,1.0
5a7ca95b55429935c91b5287,chunk_submod_96,chunk,submod,1.0,1.0,1.0,0.4947,0.5,95.0,1.0,1.0
5abfa18f5542990832d3a176,chunk_submod_96,chunk,submod,1.0,1.0,1.0,1.0,1.0,87.0,1.0,1.0
5a8a39b355429930ff3c0d13,chunk_submod_96,chunk,submod,1.0,1.0,1.0,0.0,0.0,96.0,0.5,0.0
5ab2958c554299449642c912,chunk_submod_96,chunk,submod,0.0,0.6667,1.0,0.4881,0.5,84.0,0.5,0.0
5ae7eaf65542994a481bbe1d,chunk_submod_96,chunk,submod,1.0,1.0,1.0,1.0,1.0,66.0,1.0,1.0
5aba916c55429901930fa83b,chunk_submod_96,chunk,submod,1.0,1.0,1.0,0.4176,0.5,91.0,0.5,0.0
5ac0d981554299012d1db646,chunk_submod_96,chunk,submod,1.0,1.0,1.0,0.2532,0.5,79.0,1.0,1.0
5ade653f55429975fa854ebb,chunk_submod_96,chunk,submod,0.0,0.0,0.0,0.4167,0.5,60.0,1.0,1.0
5ab54e145542992aa134a2a1,chunk_submod_96,chunk,submod,0.0,0.8571,1.0,0.6848,1.0,92.0,1.0,1.0
5a8518a75542994c784ddaf7,chunk_submod_96,chunk,submod,0.0,0.6667,1.0,0.6628,1.0,86.0,1.0,1.0
5ac175635542994ab5c67d4b,chunk_submod_96,chunk,submod,0.0,0.0,0.0,0.3718,0.5,78.0,1.0,1.0
5abd889f55429924427fd046,chunk_submod_96,chunk,submod,0.0,0.0,0.0,0.4505,0.5,91.0,1.0,1.0
5a772c925542993735360208,chunk_submod_96,chunk,submod,1.0,1.0,1.0,0.7671,1.0,73.0,1.0,1.0
5ab492155542991779162ce3,chunk_submod_96,chunk,submod,0.0,0.25,0.0,0.4382,0.5,89.0,0.5,0.0
5ae5ef105542996de7b71a72,chunk_submod_96,chunk,submod,0.0,0.0,0.0,0.0,0.0,74.0,1.0,1.0
5a8ad2f3554299515336138d,chunk_submod_96,chunk,submod,1.0,1.0,1.0,0.4105,0.5,95.0,1.0,1.0
5a7d07a455429907fabef0ae,chunk_submod_96,chunk,submod,0.0,0.0,0.0,0.5375,0.5,80.0,1.0,1.0
5aba89d555429901930fa816,chunk_submod_96,chunk,submod,1.0,1.0,1.0,0.3404,0.5,94.0,1.0,1.0
5a8c7623554299653c1aa07a,chunk_submod_96,chunk,submod,1.0,1.0,1.0,0.3333,0.5,72.0,1.0,1.0
5a79ecd05542996c55b2dca1,chunk_submod_96,chunk,submod,0.0,0.0,0.0,0.2717,0.5,92.0,0.5,0.0
5adec4695542992fa25da83a,chunk_submod_96,chunk,submod,0.0,0.0,0.0,0.3226,0.5,93.0,1.0,1.0
5ae608f2554299546bf83026,chunk_submod_96,chunk,submod,0.0,0.0,1.0,0.7619,1.0,84.0,1.0,1.0
5abfd5c45542994516f4550e,chunk_submod_96,chunk,submod,0.0,0.0,0.0,0.3626,0.5,91.0,0.5,0.0
5adce12e5542990d50227d4f,chunk_submod_96,chunk,submod,1.0,1.0,1.0,0.4111,0.5,90.0,0.5,0.0
5a851b0d5542997175ce1f7f,chunk_submod_96,chunk,submod,0.0,0.0,0.0,0.5,0.5,66.0,1.0,1.0
5ae164cf5542997b2ef7d1cd,chunk_submod_96,chunk,submod,1.0,1.0,1.0,0.6264,0.5,91.0,0.5,0.0
5a8c493e554299653c1aa020,chunk_submod_96,chunk,submod,0.0,0.0,0.0,0.0,0.0,73.0,0.5,0.0
5a89dbec554299669944a5d6,chunk_submod_96,chunk,submod,0.0,0.0,0.0,0.3521,0.5,71.0,1.0,1.0
5ae1389655429901ffe4ae05,chunk_submod_96,chunk,submod,1.0,1.0,1.0,1.0,1.0,81.0,1.0,1.0
5adc6a3b55429947ff173953,chunk_submod_96,chunk,submod,0.0,0.0,0.0,0.7053,0.5,95.0,1.0,1.0
5ac02880554299012d1db5c0,chunk_submod_96,chunk,submod,1.0,1.0,1.0,0.7349,1.0,83.0,1.0,1.0
5aba0c2655429955dce3edb7,chunk_submod_96,chunk,submod,0.0,0.0,1.0,0.4211,0.5,95.0,0.5,0.0
5add44c25542997545bbbd0a,chunk_submod_96,chunk,submod,0.0,0.2857,0.0,0.3368,0.5,95.0,1.0,1.0
5a7616755542992d0ec06028,chunk_submod_96,chunk,submod,0.0,0.0,0.0,0.2526,0.5,95.0,1.0,1.0
5add1d575542992c1e3a2540,ace_focused_96,ace,focused,0.0,0.0,0.0,0.2447,0.5,94.0,0.5,0.0
5ac55ea55542993e66e82377,ace_focused_96,ace,focused,0.0,0.8,0.0,0.5667,0.5,90.0,1.0,1.0
5ac3a76e554299741d48a2be,ace_focused_96,ace,focused,1.0,1.0,1.0,0.7368,1.0,95.0,1.0,1.0
5a7133565542994082a3e65c,ace_focused_96,ace,focused,0.0,0.6667,1.0,0.4945,1.0,91.0,1.0,1.0
5ac1a4745542991316484b82,ace_focused_96,ace,focused,0.0,0.0,0.0,0.3659,0.5,82.0,0.5,0.0
5adc597d55429947ff17392f,ace_focused_96,ace,focused,0.0,0.0,0.0,0.413,0.5,92.0,0.5,0.0
5ac55e835542993e66e82375,ace_focused_96,ace,focused,1.0,1.0,1.0,0.4157,0.5,89.0,1.0,1.0
5a8d9e0f554299441c6ba015,ace_focused_96,ace,focused,0.0,0.0,0.0,0.2065,0.5,92.0,0.5,0.0
5ae70ed7554299572ea546a1,ace_focused_96,ace,focused,0.0,0.6667,1.0,0.6292,0.5,89.0,1.0,1.0
5a74a8fa55429929fddd8497,ace_focused_96,ace,focused,0.0,0.0,0.0,0.3763,0.5,93.0,1.0,1.0
5a7cb94f554299683c1c6353,ace_focused_96,ace,focused,0.0,0.0,0.0,0.3951,0.5,81.0,0.5,0.0
5ab874ba5542990e739ec904,ace_focused_96,ace,focused,0.0,0.0,0.0,0.4205,0.5,88.0,1.0,1.0
5ae3a8985542992f92d82329,ace_focused_96,ace,focused,0.0,0.0,1.0,0.6632,1.0,95.0,1.0,1.0
5ac39f7b554299218029dbe7,ace_focused_96,ace,focused,1.0,1.0,1.0,1.0,1.0,88.0,1.0,1.0
5ae27b535542996483e649b6,ace_focused_96,ace,focused,0.0,0.0,0.0,0.3152,0.5,92.0,1.0,1.0
5a7331de5542994cef4bc4a8,ace_focused_96,ace,focused,0.0,0.0,1.0,0.5949,0.5,79.0,1.0,1.0
5ac15de55542991316484afb,ace_focused_96,ace,focused,0.0,0.0,0.0,0.4167,0.5,96.0,1.0,1.0
5a7c6c9d554299683c1c6302,ace_focused_96,ace,focused,0.0,0.0,0.0,0.1905,0.5,84.0,0.5,0.0
5ae6363b55429929b0807af0,ace_focused_96,ace,focused,0.0,0.0,0.0,0.3368,0.5,95.0,0.5,0.0
5a8cea40554299441c6b9f76,ace_focused_96,ace,focused,0.0,0.0,1.0,0.3971,0.5,68.0,1.0,1.0
5ab5ecd75542992aa134a3e6,ace_focused_96,ace,focused,0.0,0.8571,1.0,0.2043,0.5,93.0,0.5,0.0
5a84c5545542991dd0999dee,ace_focused_96,ace,focused,0.0,0.0,0.0,1.0,0.5,83.0,0.5,0.0
5adeacf955429975fa854f66,ace_focused_96,ace,focused,0.0,0.0,0.0,1.0,0.5,84.0,0.5,0.0
5a8ce15d554299653c1aa12f,ace_focused_96,ace,focused,0.0,0.0,0.0,0.0,0.0,85.0,1.0,1.0
5ade4da055429939a52fe878,ace_focused_96,ace,focused,0.0,0.0,0.0,0.2247,0.5,89.0,1.0,1.0
5ab2a186554299295394677b,ace_focused_96,ace,focused,0.0,0.0,0.0,1.0,0.5,70.0,1.0,1.0
5ade66e1554299728e26c713,ace_focused_96,ace,focused,1.0,1.0,1.0,0.5632,0.5,87.0,1.0,1.0
5a7c634c55429907fabeef79,ace_focused_96,ace,focused,1.0,1.0,1.0,0.4471,0.5,85.0,1.0,1.0
5ae13f3c5542997b2ef7d168,ace_focused_96,ace,focused,0.0,0.0,0.0,0.6486,0.5,74.0,0.5,0.0
5ae17cd055429901ffe4aea3,ace_focused_96,ace,focused,1.0,1.0,1.0,0.7556,1.0,90.0,1.0,1.0
5ae7940c55429952e35ea984,ace_focused_96,ace,focused,0.0,0.5,0.0,0.2857,0.5,91.0,0.5,0.0
5a7296815542991f9a20c515,ace_focused_96,ace,focused,1.0,1.0,1.0,0.3378,0.5,74.0,1.0,1.0
5ab2e8ad554299340b525562,ace_focused_96,ace,focused,1.0,1.0,1.0,0.6842,1.0,95.0,1.0,1.0
5a89b1de5542992e4fca8378,ace_focused_96,ace,focused,0.0,0.0,0.0,0.2833,0.5,60.0,1.0,1.0
5ab78edc5542995dae37e95c,ace_focused_96,ace,focused,0.0,0.0,0.0,0.4839,0.5,93.0,0.5,0.0
5ae73acb5542991e8301cc07,ace_focused_96,ace,focused,0.0,0.0,1.0,0.3908,0.5,87.0,1.0,1.0
5a8257fa55429940e5e1a866,ace_focused_96,ace,focused,1.0,1.0,1.0,0.3191,0.5,94.0,1.0,1.0
5a8d8e4f5542994ba4e3dca7,ace_focused_96,ace,focused,0.0,0.5,1.0,1.0,1.0,80.0,1.0,1.0
5a8a07725542992d82986e5b,ace_focused_96,ace,focused,0.0,0.0,0.0,0.7024,0.5,84.0,0.5,0.0
5a79fac85542996c55b2dcc1,ace_focused_96,ace,focused,0.0,0.0,0.0,1.0,0.5,85.0,0.5,0.0
5a81537355429926c1cdad20,ace_focused_96,ace,focused,0.0,0.0,0.0,0.4146,0.5,82.0,1.0,1.0
5a721d5a55429971e9dc9283,ace_focused_96,ace,focused,0.0,0.4444,1.0,1.0,1.0,95.0,1.0,1.0
5a7aa2a255429941d65f270e,ace_focused_96,ace,focused,0.0,0.8,1.0,0.5211,0.5,71.0,1.0,1.0
5abe6f8455429965af743f03,ace_focused_96,ace,focused,0.0,0.0,1.0,0.8052,1.0,77.0,1.0,1.0
5ae7257a554299572ea54731,ace_focused_96,ace,focused,0.0,0.0,0.0,0.5895,0.5,95.0,1.0,1.0
5ac0e0e25542997d64295a6f,ace_focused_96,ace,focused,0.0,0.0,0.0,0.6087,0.5,92.0,0.5,0.0
5a72688c5542997f827839b2,ace_focused_96,ace,focused,1.0,1.0,1.0,0.3404,0.5,94.0,1.0,1.0
5adea0c5554299728e26c776,ace_focused_96,ace,focused,0.0,0.0,0.0,0.4767,1.0,86.0,1.0,1.0
5ab8372255429919ba4e226b,ace_focused_96,ace,focused,0.0,0.0,1.0,0.4875,0.5,80.0,1.0,1.0
5ac0e064554299012d1db64e,ace_focused_96,ace,focused,0.0,0.0,1.0,0.641,0.5,78.0,1.0,1.0
5a8574945542997b5ce3fffb,ace_focused_96,ace,focused,1.0,1.0,1.0,0.5224,0.5,67.0,1.0,1.0
5a8704f8554299211dda2ba4,ace_focused_96,ace,focused,0.0,0.5,0.0,1.0,1.0,80.0,1.0,1.0
5a81d1f0554299676cceb0ee,ace_focused_96,ace,focused,0.0,0.5,0.0,0.5,0.5,84.0,1.0,1.0
5a7bf84b5542996dd594b875,ace_focused_96,ace,focused,1.0,1.0,1.0,1.0,1.0,86.0,1.0,1.0
5ab69e4f554299710c8d1eee,ace_focused_96,ace,focused,0.0,0.5,1.0,0.6771,0.5,96.0,1.0,1.0
5ae64ad25542995703ce8b4f,ace_focused_96,ace,focused,0.0,0.0,0.0,0.2737,0.5,95.0,0.5,0.0
5a7571135542992d0ec05f98,ace_focused_96,ace,focused,1.0,1.0,1.0,0.6304,1.0,92.0,1.0,1.0
5a8f2fed55429918e830d1c7,ace_focused_96,ace,focused,0.0,0.0,1.0,0.7527,0.5,93.0,1.0,1.0
5ab596d95542992aa134a371,ace_focused_96,ace,focused,0.0,0.0,1.0,1.0,1.0,83.0,1.0,1.0
5a71214d5542994082a3e5b9,ace_focused_96,ace,focused,0.0,0.0,1.0,1.0,0.5,93.0,1.0,1.0
5ac298f9554299657fa28fc9,ace_focused_96,ace,focused,0.0,0.1111,0.0,1.0,1.0,82.0,1.0,1.0
5ae35e8c5542990afbd1e120,ace_focused_96,ace,focused,0.0,0.3158,0.0,0.6548,0.5,84.0,0.5,0.0
5ae616ce5542992663a4f259,ace_focused_96,ace,focused,0.0,0.3333,0.0,0.6941,0.5,85.0,0.5,0.0
5abbc3a955429931dba144f9,ace_focused_96,ace,focused,0.0,0.0,0.0,0.5532,0.5,94.0,0.5,0.0
5adfe6c455429906c02daa85,ace_focused_96,ace,focused,0.0,0.0,0.0,0.0,0.0,93.0,0.5,0.0
5a7f924c55429969796c1aba,ace_focused_96,ace,focused,0.0,0.0,0.0,0.0,0.0,83.0,0.5,0.0
5ab938fb554299131ca422ce,ace_focused_96,ace,focused,0.0,0.0,1.0,1.0,1.0,72.0,1.0,1.0
5ae1e80b5542997f29b3c197,ace_focused_96,ace,focused,0.0,0.0,0.0,0.4054,0.5,74.0,0.5,0.0
5a89e3995542992e4fca844d,ace_focused_96,ace,focused,0.0,0.0,0.0,0.3085,0.5,94.0,0.5,0.0
5ab8919655429934fafe6e13,ace_focused_96,ace,focused,0.0,0.0,1.0,0.4681,0.5,94.0,0.5,0.0
5add18345542994ed6169c7e,ace_focused_96,ace,focused,1.0,1.0,1.0,1.0,1.0,90.0,1.0,1.0
5a825b0e55429954d2e2eb0c,ace_focused_96,ace,focused,0.0,0.0,0.0,0.1875,0.5,96.0,0.5,0.0
5ab54056554299488d4d9923,ace_focused_96,ace,focused,0.0,0.0,1.0,0.2239,0.5,67.0,0.5,0.0
5a8a416955429930ff3c0d2b,ace_focused_96,ace,focused,1.0,1.0,1.0,0.617,1.0,94.0,1.0,1.0
5a729fe55542991f9a20c53b,ace_focused_96,ace,focused,0.0,0.0,0.0,0.3542,0.5,96.0,1.0,1.0
5abee41a5542993fe9a41d79,ace_focused_96,ace,focused,1.0,1.0,1.0,0.5556,0.5,63.0,1.0,1.0
5a8327fd5542990548d0b1a3,ace_focused_96,ace,focused,1.0,1.0,1.0,0.7579,1.0,95.0,1.0,1.0
5a7264ed5542990c210a411a,ace_focused_96,ace,focused,0.0,0.0,0.0,0.6237,0.5,93.0,1.0,1.0
5a74cfc75542996c70cfadfe,ace_focused_96,ace,focused,0.0,0.75,1.0,0.5435,0.5,92.0,1.0,1.0
5abe3c7555429965af743ea5,ace_focused_96,ace,focused,0.0,0.0,1.0,0.3696,0.5,92.0,1.0,1.0
5a88a5645542997e5c09a679,ace_focused_96,ace,focused,0.0,0.0,1.0,1.0,1.0,90.0,1.0,1.0
5a8756aa5542994846c1cd69,ace_focused_96,ace,focused,0.0,0.5,1.0,1.0,1.0,91.0,1.0,1.0
5a83ab355542990548d0b218,ace_focused_96,ace,focused,0.0,0.0,1.0,0.4937,0.5,79.0,1.0,1.0
5abe407155429976d4830ab4,ace_focused_96,ace,focused,0.0,0.0,0.0,0.5521,0.5,96.0,1.0,1.0
5a769b115542993569682c51,ace_focused_96,ace,focused,1.0,1.0,1.0,0.5119,0.5,84.0,0.5,0.0
5abb8a9b5542996cc5e4a016,ace_focused_96,ace,focused,1.0,1.0,1.0,1.0,1.0,77.0,1.0,1.0
5adf4b335542993a75d264a5,ace_focused_96,ace,focused,0.0,0.4,1.0,0.4231,0.5,78.0,0.5,0.0
5a8a19c45542992e4fca8501,ace_focused_96,ace,focused,0.0,0.0,0.0,0.1158,0.5,95.0,1.0,1.0
5ac2f34455429921a00ab0b6,ace_focused_96,ace,focused,0.0,0.0,0.0,0.3478,0.5,92.0,1.0,1.0
5a7e040f5542990b8f503b13,ace_focused_96,ace,focused,1.0,1.0,1.0,0.5676,1.0,74.0,1.0,1.0
5a8f186055429918e830d186,ace_focused_96,ace,focused,0.0,0.0,0.0,0.6842,0.5,95.0,1.0,1.0
5ac4fbe255429924173fb53b,ace_focused_96,ace,focused,0.0,0.0,0.0,0.0,0.0,82.0,1.0,1.0
5a8591715542994c784ddb27,ace_focused_96,ace,focused,0.0,0.0,0.0,0.4421,0.5,95.0,0.5,0.0
5a8ee3a755429917b4a5be02,ace_focused_96,ace,focused,0.0,0.5714,0.0,0.6,0.5,95.0,0.5,0.0
5ab985eb554299131ca42360,ace_focused_96,ace,focused,1.0,1.0,1.0,0.1398,0.5,93.0,1.0,1.0
5ab431d855429942dd415ed2,ace_focused_96,ace,focused,1.0,1.0,1.0,1.0,0.5,62.0,0.5,0.0
5a771ead55429966f1a36c7c,ace_focused_96,ace,focused,0.0,0.0,0.0,0.0,0.0,93.0,0.5,0.0
5ac46a8b5542991943173980,ace_focused_96,ace,focused,0.0,0.0,1.0,1.0,0.5,50.0,1.0,1.0
5abda2b755429933744ab80f,ace_focused_96,ace,focused,0.0,0.0,0.0,0.6237,0.5,93.0,1.0,1.0
5adc02445542994650320c4e,ace_focused_96,ace,focused,1.0,1.0,1.0,0.7826,1.0,92.0,1.0,1.0
5a8b128455429971feec463b,ace_focused_96,ace,focused,0.0,0.0,0.0,1.0,0.5,84.0,0.5,0.0
5a803ed45542996402f6a496,ace_focused_96,ace,focused,1.0,1.0,1.0,0.6279,0.5,86.0,1.0,1.0
5a74c85055429916b0164218,ace_focused_96,ace,focused,0.0,0.0,0.0,0.4353,0.5,85.0,0.5,0.0
5ac288a95542990b17b153e5,ace_focused_96,ace,focused,0.0,0.0,0.0,0.2877,0.5,73.0,0.5,0.0
5ab2123155429970612095b9,ace_focused_96,ace,focused,0.0,0.0,1.0,0.5862,0.5,87.0,0.5,0.0
5a82edae55429966c78a6a9f,ace_focused_96,ace,focused,1.0,1.0,1.0,1.0,1.0,82.0,1.0,1.0
5ae22b8d554299234fd0440f,ace_focused_96,ace,focused,0.0,0.0,1.0,0.7234,0.5,94.0,1.0,1.0
5adbda2755429944faac2385,ace_focused_96,ace,focused,1.0,1.0,1.0,0.3913,1.0,92.0,1.0,1.0
5ae1d1a55542997f29b3c138,ace_focused_96,ace,focused,0.0,0.8889,1.0,0.6471,0.5,85.0,1.0,1.0
5ac3a2f35542993915413856,ace_focused_96,ace,focused,0.0,0.0,0.0,0.0,0.0,88.0,1.0,1.0
5a7647b85542992d0ec0608a,ace_focused_96,ace,focused,0.0,0.3333,0.0,0.6452,0.5,93.0,1.0,1.0
5ac49a1c5542996feb3fe905,ace_focused_96,ace,focused,0.0,0.0,0.0,0.4831,0.5,89.0,0.5,0.0
5ae60484554299546bf8301a,ace_focused_96,ace,focused,0.0,0.0,0.0,0.4271,0.5,96.0,0.5,0.0
5a84cf175542992a431d1aa2,ace_focused_96,ace,focused,0.0,0.0,1.0,0.5435,1.0,92.0,1.0,1.0
5a81b2505542995ce29dcc32,ace_focused_96,ace,focused,0.0,0.6667,1.0,1.0,0.5,76.0,1.0,1.0
5ab568af554299494045efaf,ace_focused_96,ace,focused,1.0,1.0,1.0,1.0,1.0,91.0,1.0,1.0
5a8f7a135542992414482adc,ace_focused_96,ace,focused,0.0,0.0,0.0,0.3182,0.5,88.0,0.5,0.0
5ab2be71554299166977408c,ace_focused_96,ace,focused,0.0,0.4,0.0,0.5161,0.5,93.0,1.0,1.0
5ae537e45542990ba0bbb235,ace_focused_96,ace,focused,1.0,1.0,1.0,1.0,1.0,74.0,1.0,1.0
5ac2546a554299636651997b,ace_focused_96,ace,focused,0.0,0.0,1.0,0.1895,0.5,95.0,1.0,1.0
5ae356045542990afbd1e10d,ace_focused_96,ace,focused,0.0,0.2667,0.0,0.0,0.0,86.0,0.5,0.0
5ae1e6d95542997283cd22c3,ace_focused_96,ace,focused,0.0,0.5714,1.0,0.3542,0.5,96.0,0.5,0.0
5a8b8f5b55429949d91db5e1,ace_focused_96,ace,focused,0.0,0.0,1.0,0.2737,0.5,95.0,1.0,1.0
5ab3460055429976abd1bc80,ace_focused_96,ace,focused,1.0,1.0,1.0,0.6988,1.0,83.0,1.0,1.0
5a7d2afb554299452d57bb41,ace_focused_96,ace,focused,1.0,1.0,1.0,1.0,1.0,88.0,1.0,1.0
5adea95055429939a52fe931,ace_focused_96,ace,focused,0.0,0.6667,1.0,0.6667,1.0,90.0,1.0,1.0
5ab7d33d5542992aa3b8c859,ace_focused_96,ace,focused,0.0,0.4,0.0,1.0,1.0,93.0,1.0,1.0
5a893f305542993b751ca91e,ace_focused_96,ace,focused,1.0,1.0,1.0,0.3043,0.5,92.0,1.0,1.0
5adea83b55429975fa854f53,ace_focused_96,ace,focused,0.0,0.0,1.0,0.1596,0.5,94.0,0.5,0.0
5ae1d32a554299492dc91b9c,ace_focused_96,ace,focused,1.0,1.0,1.0,0.2,0.5,95.0,0.5,0.0
5a82accd55429966c78a6a78,ace_focused_96,ace,focused,0.0,0.0,0.0,0.3846,0.5,91.0,0.5,0.0
5a90ba1b55429933b8a205c6,ace_focused_96,ace,focused,1.0,1.0,1.0,0.5208,0.5,96.0,1.0,1.0
5adcb6875542994ed6169bcb,ace_focused_96,ace,focused,0.0,0.0,1.0,0.9583,1.0,96.0,1.0,1.0
5a7f95685542995d8a8ddeaa,ace_focused_96,ace,focused,0.0,0.0,0.0,0.55,0.5,80.0,1.0,1.0
5a78b386554299148911f949,ace_focused_96,ace,focused,0.0,0.0,0.0,0.3763,0.5,93.0,0.5,0.0
5a8c781c554299653c1aa083,ace_focused_96,ace,focused,1.0,1.0,1.0,0.7979,1.0,94.0,1.0,1.0
5a80ae105542992bc0c4a7a2,ace_focused_96,ace,focused,0.0,0.0,1.0,0.1875,0.5,96.0,1.0,1.0
5a84992e5542992a431d1a6d,ace_focused_96,ace,focused,0.0,0.0,0.0,0.5904,0.5,83.0,1.0,1.0
5a8f2cc855429918e830d1be,ace_focused_96,ace,focused,0.0,0.0,0.0,0.1667,0.5,96.0,0.5,0.0
5a8841ee5542994846c1ce6b,ace_focused_96,ace,focused,0.0,0.0,1.0,0.5682,1.0,88.0,1.0,1.0
5adf85e05542993344016cba,ace_focused_96,ace,focused,0.0,0.0,0.0,0.5938,0.5,96.0,1.0,1.0
5a77415b55429966f1a36cd2,ace_focused_96,ace,focused,0.0,0.8,1.0,0.5158,1.0,95.0,1.0,1.0
5a72fc865542991f9a20c5e9,ace_focused_96,ace,focused,0.0,0.0,0.0,0.4023,0.5,87.0,1.0,1.0
5ac4e13f554299076e296e2d,ace_focused_96,ace,focused,1.0,1.0,1.0,0.6087,1.0,92.0,1.0,1.0
5a7796e05542992a6e59df0f,ace_focused_96,ace,focused,0.0,0.0,0.0,0.5921,0.5,76.0,1.0,1.0
5ae3eabc5542995dadf2424f,ace_focused_96,ace,focused,1.0,1.0,1.0,0.7703,1.0,74.0,1.0,1.0
5ae3c71f5542991a06ce9a22,ace_focused_96,ace,focused,0.0,0.6667,1.0,0.56,0.5,75.0,1.0,1.0
5ae25d2b554299495565da46,ace_focused_96,ace,focused,0.0,0.0,0.0,0.8495,1.0,93.0,1.0,1.0
5ab8179f5542990e739ec817,ace_focused_96,ace,focused,1.0,1.0,1.0,0.4941,0.5,85.0,1.0,1.0
5adc411f5542994650320cbc,ace_focused_96,ace,focused,0.0,0.0,1.0,1.0,1.0,94.0,1.0,1.0
5aba6f3e55429955dce3ee21,ace_focused_96,ace,focused,0.0,0.0,0.0,0.0,0.0,79.0,1.0,1.0
5add2dae5542992c1e3a2558,ace_focused_96,ace,focused,1.0,1.0,1.0,1.0,1.0,95.0,1.0,1.0
5ae14b0655429920d52343a6,ace_focused_96,ace,focused,0.0,0.5,1.0,0.4667,0.5,90.0,1.0,1.0
5a730a6b5542992359bc3210,ace_focused_96,ace,focused,1.0,1.0,1.0,0.6344,1.0,93.0,1.0,1.0
5a75fa14554299109176e5dc,ace_focused_96,ace,focused,0.0,0.0,0.0,1.0,0.5,85.0,1.0,1.0
5ac35a7e554299741d48a257,ace_focused_96,ace,focused,0.0,0.0,0.0,0.0,0.0,78.0,0.5,0.0
5a8651185542994775f60752,ace_focused_96,ace,focused,0.0,0.0,0.0,0.1895,0.5,95.0,1.0,1.0
5a79fe3b5542994f819ef119,ace_focused_96,ace,focused,1.0,1.0,1.0,1.0,1.0,71.0,1.0,1.0
5a8268215542995ce29dccfb,ace_focused_96,ace,focused,1.0,1.0,1.0,0.5591,1.0,93.0,1.0,1.0
5a7605f85542994ccc91868d,ace_focused_96,ace,focused,1.0,1.0,1.0,1.0,0.5,73.0,1.0,1.0
5adf74075542992d7e9f937c,ace_focused_96,ace,focused,1.0,1.0,1.0,1.0,1.0,79.0,1.0,1.0
5abe2b0155429976d4830a83,ace_focused_96,ace,focused,0.0,0.4,0.0,0.6092,0.5,87.0,1.0,1.0
5a849c1b5542997175ce1ef9,ace_focused_96,ace,focused,0.0,0.6667,1.0,0.561,1.0,82.0,1.0,1.0
5a81108855429926c1cdace2,ace_focused_96,ace,focused,0.0,0.0,0.0,0.5165,0.5,91.0,0.5,0.0
5a8e06785542995085b37383,ace_focused_96,ace,focused,1.0,1.0,1.0,0.4384,1.0,73.0,1.0,1.0
5adbfa38554299438c868d00,ace_focused_96,ace,focused,0.0,0.6667,1.0,0.7742,1.0,93.0,1.0,1.0
5a73b1855542992d56e7e388,ace_focused_96,ace,focused,0.0,0.0,0.0,0.6316,0.5,95.0,1.0,1.0
5ab94fa25542996be2020474,ace_focused_96,ace,focused,0.0,0.0,0.0,0.2979,0.5,94.0,1.0,1.0
5a7e7d4655429934daa2fc2e,ace_focused_96,ace,focused,0.0,0.0,1.0,0.443,0.5,79.0,1.0,1.0
5a75d9c05542992db94736f6,ace_focused_96,ace,focused,0.0,0.0,0.0,0.5479,0.5,73.0,0.5,0.0
5adf33965542993344016c20,ace_focused_96,ace,focused,0.0,0.0,1.0,1.0,0.5,59.0,1.0,1.0
5a8f979255429918e830d288,ace_focused_96,ace,focused,0.0,0.3333,0.0,0.0,0.0,73.0,0.0,0.0
5a8a17685542993b751ca9f3,ace_focused_96,ace,focused,0.0,0.0,1.0,0.4179,0.5,67.0,1.0,1.0
5abd56355542993062266c58,ace_focused_96,ace,focused,0.0,0.0,1.0,1.0,1.0,74.0,1.0,1.0
5ab91f98554299753720f70d,ace_focused_96,ace,focused,0.0,0.0,0.0,0.4533,0.5,75.0,1.0,1.0
5a811152554299260e20a22e,ace_focused_96,ace,focused,0.0,0.8,1.0,0.6477,1.0,88.0,1.0,1.0
5a7a1f795542996c55b2dd1b,ace_focused_96,ace,focused,1.0,1.0,1.0,0.5,0.5,90.0,1.0,1.0
5a7324e055429901807daf8f,ace_focused_96,ace,focused,0.0,0.8,0.0,0.3649,0.5,74.0,1.0,1.0
5ab9618f554299743d22eb28,ace_focused_96,ace,focused,0.0,0.0,0.0,0.8,1.0,95.0,1.0,1.0
5abffafe5542997d64295988,ace_focused_96,ace,focused,0.0,0.8,1.0,0.4253,0.5,87.0,0.5,0.0
5a8cee9b554299441c6b9f87,ace_focused_96,ace,focused,0.0,0.0,1.0,1.0,1.0,96.0,1.0,1.0
5a7270395542992359bc30a8,ace_focused_96,ace,focused,0.0,0.0,0.0,0.4048,0.5,84.0,0.5,0.0
5ac14d0c5542991316484ae2,ace_focused_96,ace,focused,0.0,0.0,1.0,1.0,1.0,93.0,1.0,1.0
5a75a76b5542992db9473697,ace_focused_96,ace,focused,0.0,0.0,1.0,0.5055,0.5,91.0,1.0,1.0
5ab55455554299488d4d993b,ace_focused_96,ace,focused,0.0,0.0,0.0,0.3333,0.5,93.0,1.0,1.0
5a7f48e15542992e7d278ce6,ace_focused_96,ace,focused,0.0,0.0,0.0,0.8421,0.5,95.0,0.5,0.0
5ab7f0995542995dae37e9fb,ace_focused_96,ace,focused,0.0,0.0,0.0,0.6628,0.5,86.0,1.0,1.0
5aba89fb5542994dbf019933,ace_focused_96,ace,focused,0.0,0.0,0.0,0.0,0.0,51.0,1.0,1.0
5a7621bb554299109176e650,ace_focused_96,ace,focused,0.0,0.0,0.0,0.7927,0.5,82.0,1.0,1.0
5a70f0e75542994082a3e408,ace_focused_96,ace,focused,0.0,0.0,0.0,0.3333,0.5,93.0,1.0,1.0
5a773ec45542994aec3b7245,ace_focused_96,ace,focused,1.0,1.0,1.0,0.5275,0.5,91.0,1.0,1.0
5a802b595542995d8a8ddf51,ace_focused_96,ace,focused,1.0,1.0,1.0,0.5055,0.5,91.0,0.5,0.0
5a8de7c65542995085b37353,ace_focused_96,ace,focused,0.0,0.0,0.0,0.0,0.0,70.0,1.0,1.0
5ab5b6c1554299637185c5e5,ace_focused_96,ace,focused,1.0,1.0,1.0,1.0,1.0,95.0,1.0,1.0
5abb8e2d554299642a094aa4,ace_focused_96,ace,focused,1.0,1.0,1.0,1.0,1.0,83.0,1.0,1.0
5a7642f7554299109176e6e8,ace_focused_96,ace,focused,1.0,1.0,1.0,0.6364,1.0,88.0,1.0,1.0
5a756b175542996c70cfaef7,ace_focused_96,ace,focused,0.0,0.0,0.0,0.6629,0.5,89.0,1.0,1.0
5a83161555429940e5e1a958,ace_focused_96,ace,focused,0.0,0.0,0.0,1.0,1.0,88.0,1.0,1.0
5ab3eac5554299753aec59ec,ace_focused_96,ace,focused,0.0,0.0,0.0,0.7143,0.5,84.0,1.0,1.0
5a73090455429901807daf6e,ace_focused_96,ace,focused,1.0,1.0,1.0,0.6277,1.0,94.0,1.0,1.0
5a8c8502554299585d9e36d0,ace_focused_96,ace,focused,1.0,1.0,1.0,0.7143,0.5,84.0,1.0,1.0
5a7d598d5542995f4f402262,ace_focused_96,ace,focused,1.0,1.0,1.0,0.5955,1.0,89.0,1.0,1.0
5a77f4755542992a6e59e01f,ace_focused_96,ace,focused,1.0,1.0,1.0,0.8556,1.0,90.0,1.0,1.0
5abcf14f55429959677d6b5b,ace_focused_96,ace,focused,0.0,0.4444,1.0,1.0,1.0,81.0,1.0,1.0
5a8d8eb5554299068b959d3a,ace_focused_96,ace,focused,1.0,1.0,0.0,0.0,0.0,73.0,1.0,1.0
5a7e7ed05542991319bc94c2,ace_focused_96,ace,focused,0.0,0.0,1.0,0.9222,1.0,90.0,1.0,1.0
5ae236445542992decbdcc69,ace_focused_96,ace,focused,0.0,0.4,1.0,1.0,1.0,95.0,1.0,1.0
5a750de95542993748c897ac,ace_focused_96,ace,focused,0.0,0.3333,0.0,0.7872,1.0,94.0,1.0,1.0
5a7fc03d5542992097ad2fbc,ace_focused_96,ace,focused,0.0,0.0,1.0,0.4043,0.5,94.0,1.0,1.0
5a7172105542994082a3e837,ace_focused_96,ace,focused,0.0,0.0,0.0,0.0,0.0,91.0,1.0,1.0
5a847edd554299123d8c2272,ace_focused_96,ace,focused,0.0,0.0,0.0,1.0,1.0,89.0,1.0,1.0
5ab761d955429928e1fe3856,ace_focused_96,ace,focused,1.0,1.0,1.0,0.6628,1.0,86.0,1.0,1.0
5a7a2dac5542990198eaf0b6,ace_focused_96,ace,focused,1.0,1.0,1.0,1.0,1.0,82.0,1.0,1.0
5ae530e355429908b6326561,ace_focused_96,ace,focused,0.0,0.0,0.0,0.6383,0.5,94.0,0.5,0.0
5abcff225542993a06baf9ea,ace_focused_96,ace,focused,1.0,1.0,1.0,0.6667,1.0,90.0,1.0,1.0
5abe9f7d5542997ec76fd331,ace_focused_96,ace,focused,0.0,0.0,0.0,0.5949,0.5,79.0,0.5,0.0
5a8db42f5542994ba4e3dd11,ace_focused_96,ace,focused,1.0,1.0,1.0,0.4937,1.0,79.0,1.0,1.0
5ae658855542992ae0d162e3,ace_focused_96,ace,focused,0.0,0.0,0.0,0.0,0.0,94.0,0.5,0.0
5a8c6d4e5542996e8ac88aa6,ace_focused_96,ace,focused,0.0,0.0,1.0,0.7849,1.0,93.0,1.0,1.0
5aba65a055429939ce03dcd2,ace_focused_96,ace,focused,0.0,0.0,0.0,1.0,0.5,76.0,1.0,1.0
5ae199305542997b2ef7d20e,ace_focused_96,ace,focused,0.0,0.0,0.0,0.5185,0.5,81.0,0.5,0.0
5a806aca5542996402f6a503,ace_focused_96,ace,focused,0.0,0.0,0.0,0.0,0.0,80.0,0.5,0.0
5ae336495542990afbd1e0e1,ace_focused_96,ace,focused,1.0,1.0,1.0,1.0,1.0,90.0,1.0,1.0
5a8198565542995ce29dcc13,ace_focused_96,ace,focused,0.0,0.0,0.0,0.2421,0.5,95.0,1.0,1.0
5a9068075542990a9849361a,ace_focused_96,ace,focused,0.0,0.0,0.0,0.7634,0.5,93.0,1.0,1.0
5a7a2be25542996a35c17118,ace_focused_96,ace,focused,0.0,0.0,1.0,0.1905,0.5,84.0,1.0,1.0
5a7562045542992db947364f,ace_focused_96,ace,focused,0.0,0.2857,1.0,0.0,0.0,81.0,1.0,1.0
5ac2a55b55429921a00ab018,ace_focused_96,ace,focused,1.0,1.0,1.0,1.0,1.0,86.0,1.0,1.0
5abccf6755429965836004ab,ace_focused_96,ace,focused,0.0,0.5,1.0,0.6548,1.0,84.0,1.0,1.0
5a7c8ae855429935c91b5207,ace_focused_96,ace,focused,0.0,0.0,0.0,0.0,0.0,83.0,1.0,1.0
5ab30ebf554299753aec592c,ace_focused_96,ace,focused,0.0,0.0,0.0,0.0,0.0,90.0,0.5,0.0
5ab2b95c5542991669774072,ace_focused_96,ace,focused,1.0,1.0,1.0,0.6737,0.5,95.0,1.0,1.0
5ac2a10e554299657fa28fec,ace_focused_96,ace,focused,1.0,1.0,1.0,0.5634,0.5,71.0,1.0,1.0
5abb02fe554299232ef4a39f,ace_focused_96,ace,focused,1.0,1.0,1.0,1.0,0.5,56.0,1.0,1.0
5a8eb4d65542990e94052b82,ace_focused_96,ace,focused,0.0,0.0,0.0,0.1429,0.5,91.0,1.0,1.0
5a8ba60b554299240d9c205b,ace_focused_96,ace,focused,1.0,1.0,1.0,0.8621,1.0,87.0,1.0,1.0
5a807ca5554299485f598613,ace_focused_96,ace,focused,0.0,0.0,0.0,0.0,0.0,82.0,1.0,1.0
5a7c0dab5542997c3ec972d2,ace_focused_96,ace,focused,0.0,0.0,1.0,0.4494,1.0,89.0,1.0,1.0
5a89019a5542995153361259,ace_focused_96,ace,focused,0.0,0.0,1.0,0.4574,0.5,94.0,0.5,0.0
5a7f00b455429930675135f1,ace_focused_96,ace,focused,1.0,1.0,1.0,1.0,1.0,84.0,1.0,1.0
5a8220db5542995ce29dccc1,ace_focused_96,ace,focused,1.0,1.0,1.0,1.0,1.0,89.0,1.0,1.0
5ab510cb5542996a3a96a00f,ace_focused_96,ace,focused,0.0,0.0,0.0,0.0,0.0,82.0,1.0,1.0
5a80a25d5542995d8a8ddfb7,ace_focused_96,ace,focused,0.0,0.0,0.0,0.1558,0.5,77.0,0.5,0.0
5adf5cd25542992d7e9f9320,ace_focused_96,ace,focused,0.0,0.0,0.0,0.5062,0.5,81.0,0.5,0.0
5a75ebfc5542992d0ec06018,ace_focused_96,ace,focused,0.0,0.0,0.0,0.519,0.5,79.0,1.0,1.0
5ab29caa554299545a2cf9d3,ace_focused_96,ace,focused,1.0,1.0,1.0,0.4938,0.5,81.0,1.0,1.0
5ae0536755429924de1b70a6,ace_focused_96,ace,focused,1.0,1.0,0.0,0.4783,1.0,92.0,1.0,1.0
5ae17a9b5542990adbacf7a2,ace_focused_96,ace,focused,0.0,0.0,0.0,0.3836,0.5,73.0,1.0,1.0
5a8f503c5542992414482a34,ace_focused_96,ace,focused,0.0,0.0,0.0,0.3191,0.5,94.0,0.5,0.0
5ae0159855429925eb1afc09,ace_focused_96,ace,focused,1.0,1.0,1.0,0.5132,0.5,76.0,1.0,1.0
5a8b2f2b5542995d1e6f12fa,ace_focused_96,ace,focused,0.0,0.0,1.0,0.4255,1.0,94.0,1.0,1.0
5a90386455429916514e7435,ace_focused_96,ace,focused,0.0,0.0,1.0,0.6915,1.0,94.0,1.0,1.0
5ab43179554299233955004d,ace_focused_96,ace,focused,0.0,0.0,0.0,0.0,0.0,86.0,0.5,0.0
5a8b42be55429949d91db515,ace_focused_96,ace,focused,0.0,0.0,1.0,1.0,1.0,91.0,1.0,1.0
5a8d6d4e554299441c6b9fdb,ace_focused_96,ace,focused,1.0,1.0,1.0,0.8421,1.0,95.0,1.0,1.0
5ae40a2955429970de88d8a3,ace_focused_96,ace,focused,0.0,0.0,0.0,0.2283,0.5,92.0,0.5,0.0
5adcfebe5542992c1e3a24f3,ace_focused_96,ace,focused,0.0,0.0,0.0,0.0,0.0,93.0,1.0,1.0
5ab5a3fb5542997d4ad1f19b,ace_focused_96,ace,focused,0.0,0.8,0.0,0.6517,0.5,89.0,1.0,1.0
5ac2ffbd554299677310267b,ace_focused_96,ace,focused,1.0,1.0,1.0,1.0,1.0,87.0,1.0,1.0
5a7133fa5542994082a3e660,ace_focused_96,ace,focused,0.0,0.0,1.0,1.0,1.0,80.0,1.0,1.0
5abea7c25542990832d3a068,ace_focused_96,ace,focused,1.0,1.0,1.0,1.0,1.0,85.0,1.0,1.0
5a8a09765542992d82986e67,ace_focused_96,ace,focused,0.0,0.5,0.0,0.6322,1.0,87.0,1.0,1.0
5a72a51355429901807daf21,ace_focused_96,ace,focused,0.0,0.5,0.0,0.2159,0.5,88.0,0.5,0.0
5aba72d75542994dbf019912,ace_focused_96,ace,focused,1.0,1.0,0.0,0.2258,0.5,93.0,1.0,1.0
5adcd9fe5542990d50227d46,ace_focused_96,ace,focused,0.0,0.0,1.0,0.3187,0.5,91.0,1.0,1.0
5ae5c212554299546bf82f4b,ace_focused_96,ace,focused,1.0,1.0,1.0,0.5778,1.0,90.0,1.0,1.0
5a7320565542991f9a20c61d,ace_focused_96,ace,focused,0.0,0.0,1.0,0.6622,0.5,74.0,1.0,1.0
5add596f5542990dbb2f7e4d,ace_focused_96,ace,focused,0.0,0.0,0.0,0.3488,0.5,86.0,0.5,0.0
5adfb60655429942ec259b08,ace_focused_96,ace,focused,0.0,0.3333,0.0,0.0,0.0,66.0,0.5,0.0
5a74adb455429916b01641c6,ace_focused_96,ace,focused,1.0,1.0,1.0,1.0,1.0,93.0,1.0,1.0
5ae27df25542992decbdcd2a,ace_focused_96,ace,focused,0.0,0.0,0.0,0.6809,1.0,94.0,1.0,1.0
5a8baf4b5542996e8ac889c5,ace_focused_96,ace,focused,1.0,1.0,1.0,0.4286,1.0,91.0,1.0,1.0
5ae352285542994393b9e685,ace_focused_96,ace,focused,1.0,1.0,1.0,0.4667,1.0,90.0,1.0,1.0
5a8e0a005542995085b373a1,ace_focused_96,ace,focused,0.0,0.0,0.0,0.3556,0.5,90.0,0.5,0.0
5ab639e65542995eadeeff7f,ace_focused_96,ace,focused,0.0,0.8,0.0,0.4348,0.5,69.0,1.0,1.0
5ade99295542992fa25da7d8,ace_focused_96,ace,focused,0.0,0.0,0.0,0.3617,0.5,94.0,1.0,1.0
5ac26b7f55429951e9e685ae,ace_focused_96,ace,focused,0.0,0.0,0.0,0.0,0.0,91.0,0.5,0.0
5ae351405542994393b9e67f,ace_focused_96,ace,focused,0.0,0.0,0.0,0.6947,0.5,95.0,1.0,1.0
5a7f6f4b5542994857a76740,ace_focused_96,ace,focused,0.0,0.5,1.0,0.6042,1.0,96.0,1.0,1.0
5a81346055429926c1cdad13,ace_focused_96,ace,focused,0.0,0.1818,0.0,0.3646,0.5,96.0,1.0,1.0
5a716f575542994082a3e82f,ace_focused_96,ace,focused,0.0,0.0,1.0,0.6771,1.0,96.0,1.0,1.0
5a812d0555429938b61422e1,ace_focused_96,ace,focused,1.0,1.0,1.0,1.0,1.0,95.0,1.0,1.0
5a826d2f5542995ce29dcd05,ace_focused_96,ace,focused,0.0,0.0,0.0,0.7708,0.5,96.0,1.0,1.0
5ab67c3f55429954757d32f9,ace_focused_96,ace,focused,0.0,0.0,0.0,0.7123,1.0,73.0,1.0,1.0
5ae20e265542994d89d5b325,ace_focused_96,ace,focused,0.0,0.0,0.0,0.0,0.0,91.0,0.0,0.0
5ae7eed8554299540e5a56b5,ace_focused_96,ace,focused,0.0,0.6667,1.0,0.383,0.5,94.0,1.0,1.0
5a7555215542996c70cfaee1,ace_focused_96,ace,focused,1.0,1.0,1.0,0.4471,1.0,85.0,1.0,1.0
5ab9b29c554299743d22ebae,ace_focused_96,ace,focused,1.0,1.0,1.0,0.6947,1.0,95.0,1.0,1.0
5ae2c696554299495565db32,ace_focused_96,ace,focused,0.0,0.8333,1.0,1.0,0.5,78.0,1.0,1.0
5a832f9d5542993344745fe4,ace_focused_96,ace,focused,0.0,0.0,0.0,0.0,0.0,90.0,0.5,0.0
5a79e3925542994bb9457130,ace_focused_96,ace,focused,0.0,0.0,0.0,0.0,0.0,94.0,1.0,1.0
5ae713af554299572ea546bb,ace_focused_96,ace,focused,0.0,0.0,0.0,0.7931,0.5,87.0,1.0,1.0
5ade450b5542997c77adedc5,ace_focused_96,ace,focused,0.0,0.0,0.0,0.5385,0.5,78.0,1.0,1.0
5ab3cecd5542992ade7c6eae,ace_focused_96,ace,focused,0.0,0.0,0.0,0.746,0.5,63.0,1.0,1.0
5ae4be5c5542995ad6573e3a,ace_focused_96,ace,focused,0.0,0.0,0.0,0.0,0.0,95.0,0.5,0.0
5a8d5ec2554299585d9e37c4,ace_focused_96,ace,focused,0.0,0.0,0.0,0.2737,0.5,95.0,1.0,1.0
5ae765185542995703ce8c0f,ace_focused_96,ace,focused,1.0,1.0,1.0,1.0,1.0,88.0,1.0,1.0
5ab2c6a955429916697740c2,ace_focused_96,ace,focused,1.0,1.0,1.0,1.0,1.0,89.0,1.0,1.0
5ab6369655429953192ad2a1,ace_focused_96,ace,focused,1.0,1.0,1.0,0.6,0.5,95.0,1.0,1.0
5a7b220855429931da12c9e5,ace_focused_96,ace,focused,0.0,0.0,0.0,0.8022,0.5,91.0,1.0,1.0
5a81d92f554299676cceb0f9,ace_focused_96,ace,focused,0.0,0.0,0.0,0.3412,0.5,85.0,1.0,1.0
5a7b735c5542997c3ec9718a,ace_focused_96,ace,focused,0.0,0.0,0.0,0.375,0.5,88.0,1.0,1.0
5a724a2b5542990c210a40bc,ace_focused_96,ace,focused,0.0,0.6667,0.0,0.0,0.0,94.0,0.5,0.0
5ae5db98554299546bf82fa6,ace_focused_96,ace,focused,0.0,0.0,0.0,1.0,1.0,69.0,1.0,1.0
5a7344e95542991f9a20c6ce,ace_focused_96,ace,focused,0.0,0.0,0.0,0.0,0.0,93.0,0.5,0.0
5ab6dbc15542995eadef00cd,ace_focused_96,ace,focused,0.0,0.0,1.0,1.0,1.0,77.0,1.0,1.0
5a88016b5542997e5c09a58a,ace_focused_96,ace,focused,0.0,0.5,1.0,1.0,1.0,91.0,1.0,1.0
5ab5e024554299494045f097,ace_focused_96,ace,focused,0.0,0.0,0.0,0.3936,0.5,94.0,1.0,1.0
5ac44629554299194317395d,ace_focused_96,ace,focused,0.0,0.0,0.0,0.5833,0.5,96.0,0.5,0.0
5a7afdc85542992d025e672e,ace_focused_96,ace,focused,0.0,0.0,0.0,0.0,0.0,93.0,0.5,0.0
5ae834e95542997ec272776a,ace_focused_96,ace,focused,1.0,1.0,1.0,0.6437,0.5,87.0,1.0,1.0
5abbdb335542992ccd8e7fc1,ace_focused_96,ace,focused,0.0,0.0,0.0,0.4353,0.5,85.0,1.0,1.0
5a79c9cc554299148911fa53,ace_focused_96,ace,focused,1.0,1.0,1.0,0.4023,0.5,87.0,0.5,0.0
5ac38c0755429939154137bb,ace_focused_96,ace,focused,0.0,0.0,0.0,0.4896,0.5,96.0,1.0,1.0
5a8b7cb95542995d1e6f13bb,ace_focused_96,ace,focused,0.0,0.0,0.0,0.0,0.0,95.0,0.0,0.0
5addfdfa5542997dc790710b,ace_focused_96,ace,focused,0.0,0.0,0.0,1.0,0.5,90.0,1.0,1.0
5a88d745554299206df2b378,ace_focused_96,ace,focused,0.0,0.0,1.0,0.5281,1.0,89.0,1.0,1.0
5ae6940e5542991bbc97613f,ace_focused_96,ace,focused,0.0,0.6667,1.0,0.6707,1.0,82.0,1.0,1.0
5abe3abb55429965af743ea1,ace_focused_96,ace,focused,0.0,0.0,0.0,0.6742,0.5,89.0,0.5,0.0
5a8ba9d255429971feec4759,ace_focused_96,ace,focused,0.0,0.0,0.0,0.5934,0.5,91.0,1.0,1.0
5ab2b6fb5542992953946848,ace_focused_96,ace,focused,0.0,0.0,0.0,1.0,1.0,76.0,1.0,1.0
5adfd2f255429925eb1afaa5,ace_focused_96,ace,focused,0.0,0.0,0.0,0.4658,0.5,73.0,0.5,0.0
5a7a33a35542994f819ef14c,ace_focused_96,ace,focused,0.0,0.0,1.0,0.7368,1.0,95.0,1.0,1.0
5a8ba07d5542996e8ac88985,ace_focused_96,ace,focused,0.0,0.0,0.0,0.5729,0.5,96.0,0.5,0.0
5ab8f57b5542991b5579f097,ace_focused_96,ace,focused,0.0,0.0,0.0,0.2375,0.5,80.0,0.5,0.0
5abfb3425542990832d3a1c0,ace_focused_96,ace,focused,1.0,1.0,1.0,0.5402,0.5,87.0,0.5,0.0
5ab5ac345542992aa134a37f,ace_focused_96,ace,focused,0.0,0.0,0.0,0.6087,0.5,69.0,1.0,1.0
5a8e63d65542995085b37421,ace_focused_96,ace,focused,1.0,1.0,0.0,0.7901,1.0,81.0,1.0,1.0
5a89706055429951533612f9,ace_focused_96,ace,focused,0.0,0.0,1.0,0.6711,1.0,76.0,1.0,1.0
5a8e612b5542995085b3741b,ace_focused_96,ace,focused,0.0,0.0,1.0,0.5263,0.5,76.0,1.0,1.0
5a738fb4554299623ed4abf9,ace_focused_96,ace,focused,1.0,1.0,1.0,0.4362,0.5,94.0,1.0,1.0
5a8bc29a5542995d1e6f1446,ace_focused_96,ace,focused,0.0,0.0,0.0,0.6737,0.5,95.0,0.5,0.0
5abfe2a15542997d6429591c,ace_focused_96,ace,focused,0.0,0.6667,1.0,0.6,1.0,90.0,1.0,1.0
5a868ca055429960ec39b6be,ace_focused_96,ace,focused,0.0,0.0,0.0,0.0,0.0,93.0,0.5,0.0
5a820f2c55429926c1cdae17,ace_focused_96,ace,focused,0.0,0.0,0.0,0.3895,0.5,95.0,1.0,1.0
5ae5a4e5554299546bf82f01,ace_focused_96,ace,focused,0.0,0.75,1.0,0.4333,0.5,90.0,1.0,1.0
5a8d0c74554299585d9e37a1,ace_focused_96,ace,focused,0.0,0.0,0.0,0.4886,0.5,88.0,1.0,1.0
5ab9d7e4554299232ef4a21f,ace_focused_96,ace,focused,0.0,0.0,0.0,0.5513,0.5,78.0,1.0,1.0
5a7148d25542994082a3e766,ace_focused_96,ace,focused,1.0,1.0,1.0,0.7684,1.0,95.0,1.0,1.0
5ae6233c5542992ae0d1623e,ace_focused_96,ace,focused,0.0,0.0,0.0,0.4286,0.5,77.0,1.0,1.0
5adff2aa554299603e4183d0,ace_focused_96,ace,focused,0.0,0.0,1.0,1.0,1.0,80.0,1.0,1.0
5ade7fa3554299728e26c727,ace_focused_96,ace,focused,0.0,0.0,0.0,0.7586,0.5,87.0,1.0,1.0
5a8f38fa55429924144829f5,ace_focused_96,ace,focused,0.0,0.0,0.0,0.0,0.0,90.0,0.5,0.0
5a8f51695542992414482a3e,ace_focused_96,ace,focused,0.0,0.0,0.0,0.2558,0.5,86.0,0.5,0.0
5a88db445542993b751ca88a,ace_focused_96,ace,focused,1.0,1.0,1.0,0.4382,0.5,89.0,1.0,1.0
5a7ef6b35542994959419a94,ace_focused_96,ace,focused,0.0,0.6667,0.0,0.2118,0.5,85.0,1.0,1.0
5a8e494e5542995a26add4c8,ace_focused_96,ace,focused,0.0,0.5,1.0,1.0,1.0,96.0,1.0,1.0
5ab5d43f5542997d4ad1f1f6,ace_focused_96,ace,focused,0.0,0.0,1.0,0.8,1.0,85.0,1.0,1.0
5a7905ca554299148911f9c8,ace_focused_96,ace,focused,0.0,0.0,0.0,0.5775,0.5,71.0,0.5,0.0
5ab30f9a554299233954fef2,ace_focused_96,ace,focused,0.0,0.0,0.0,0.617,0.5,94.0,1.0,1.0
5ab3849a55429969a97a8170,ace_focused_96,ace,focused,1.0,1.0,1.0,0.5714,0.5,77.0,0.5,0.0
5a7bc5f255429927d897c03e,ace_focused_96,ace,focused,1.0,1.0,1.0,0.587,1.0,92.0,1.0,1.0
5a7f22005542993067513657,ace_focused_96,ace,focused,1.0,1.0,1.0,1.0,1.0,80.0,1.0,1.0
5ab925fd554299131ca42281,ace_focused_96,ace,focused,0.0,0.0,1.0,0.7292,0.5,96.0,1.0,1.0
5a76244c554299109176e65d,ace_focused_96,ace,focused,0.0,0.0,0.0,0.5506,0.5,89.0,0.5,0.0
5ab53bee554299637185c526,ace_focused_96,ace,focused,0.0,0.0,0.0,0.5053,0.5,95.0,0.5,0.0
5ab6aa4c55429953192ad359,ace_focused_96,ace,focused,0.0,0.5,0.0,1.0,0.5,69.0,0.5,0.0
5abe832a55429965af743f29,ace_focused_96,ace,focused,0.0,0.3636,1.0,0.4375,0.5,96.0,0.5,0.0
5ab5b732554299494045f03c,ace_focused_96,ace,focused,0.0,0.0,0.0,0.5111,0.5,90.0,1.0,1.0
5adffb4655429925eb1afbbf,ace_focused_96,ace,focused,0.0,0.0,1.0,0.5806,0.5,93.0,0.5,0.0
5ae6d3345542996d980e7c85,ace_focused_96,ace,focused,1.0,1.0,1.0,0.3544,0.5,79.0,1.0,1.0
5ab878ba55429916710eb06c,ace_focused_96,ace,focused,0.0,0.0,1.0,0.8421,1.0,95.0,1.0,1.0
5a7509175542993748c897a3,ace_focused_96,ace,focused,1.0,1.0,1.0,0.5476,0.5,84.0,1.0,1.0
5a8ac38855429970aeb70300,ace_focused_96,ace,focused,0.0,0.0,0.0,0.2581,0.5,93.0,1.0,1.0
5a8bc03d5542996e8ac88a0b,ace_focused_96,ace,focused,0.0,0.0,0.0,0.5532,0.5,94.0,1.0,1.0
5ae4ad375542995dadf243a4,ace_focused_96,ace,focused,0.0,0.0,0.0,0.3933,0.5,89.0,0.5,0.0
5a7da0de5542990b8f5039d7,ace_focused_96,ace,focused,0.0,0.0,0.0,0.3913,1.0,92.0,1.0,1.0
5a8af0a355429950cd6afc1c,ace_focused_96,ace,focused,0.0,0.0,0.0,0.5366,0.5,82.0,1.0,1.0
5a73522d5542994cef4bc541,ace_focused_96,ace,focused,0.0,0.0,0.0,0.0,0.0,92.0,1.0,1.0
5ab3a83d5542992ade7c6e08,ace_focused_96,ace,focused,0.0,0.0,0.0,0.4247,0.5,73.0,1.0,1.0
5ab84d5a55429916710eb028,ace_focused_96,ace,focused,0.0,0.0,0.0,0.7024,0.5,84.0,1.0,1.0
5a7f57a45542992097ad2f29,ace_focused_96,ace,focused,0.0,0.0,1.0,0.6024,0.5,83.0,1.0,1.0
5ae764a85542997b22f6a720,ace_focused_96,ace,focused,0.0,0.0,0.0,0.5714,0.5,91.0,1.0,1.0
5a7b1023554299042af8f6c2,ace_focused_96,ace,focused,1.0,1.0,1.0,1.0,1.0,81.0,1.0,1.0
5a80707e5542992bc0c4a70e,ace_focused_96,ace,focused,0.0,0.25,0.0,0.0,0.0,80.0,1.0,1.0
5a8e16a5554299068b959e58,ace_focused_96,ace,focused,1.0,1.0,1.0,1.0,1.0,96.0,1.0,1.0
5a875cd65542996e4f30879d,ace_focused_96,ace,focused,1.0,1.0,1.0,1.0,1.0,82.0,1.0,1.0
5a78d16455429974737f78bb,ace_focused_96,ace,focused,0.0,0.8,1.0,0.5063,1.0,79.0,1.0,1.0
5a895f6155429946c8d6e914,ace_focused_96,ace,focused,0.0,0.5,0.0,0.0417,0.5,96.0,0.5,0.0
5a84f8555542997175ce1f3a,ace_focused_96,ace,focused,0.0,0.0,0.0,0.3191,0.5,94.0,1.0,1.0
5ab31adc554299233954ff0a,ace_focused_96,ace,focused,0.0,0.0,0.0,0.0,0.0,90.0,1.0,1.0
5ac3ba1855429939154138f3,ace_focused_96,ace,focused,0.0,0.0,0.0,0.625,0.5,96.0,0.5,0.0
5a7380b955429908901be2d4,ace_focused_96,ace,focused,0.0,0.0,1.0,0.4674,0.5,92.0,1.0,1.0
5a8f92fb55429918e830d271,ace_focused_96,ace,focused,1.0,1.0,1.0,1.0,0.5,78.0,1.0,1.0
5a88082055429938390d3ed2,ace_focused_96,ace,focused,0.0,0.0,1.0,1.0,1.0,79.0,1.0,1.0
5a7d22dc5542995ed0d16600,ace_focused_96,ace,focused,0.0,0.0,0.0,0.2234,0.5,94.0,1.0,1.0
5ae291bb5542996483e649f6,ace_focused_96,ace,focused,0.0,0.0,1.0,0.4421,0.5,95.0,0.5,0.0
5abfde655542997719eab6f2,ace_focused_96,ace,focused,0.0,0.0,1.0,1.0,1.0,91.0,1.0,1.0
5ae67fad5542991bbc976100,ace_focused_96,ace,focused,0.0,0.0,0.0,0.7531,0.5,81.0,0.5,0.0
5ab2a1f35542997061209677,ace_focused_96,ace,focused,0.0,0.8,0.0,0.6629,0.5,89.0,1.0,1.0
5a74ab6055429916b01641b9,ace_focused_96,ace,focused,1.0,1.0,1.0,0.5352,0.5,71.0,0.5,0.0
5a8b97485542995d1e6f140f,ace_focused_96,ace,focused,0.0,0.0,1.0,0.6341,1.0,82.0,1.0,1.0
5adcdc6c5542992c1e3a2437,ace_focused_96,ace,focused,0.0,0.0,0.0,0.0,0.0,79.0,0.5,0.0
5ae73ddb554299572ea5478d,ace_focused_96,ace,focused,1.0,1.0,1.0,0.4167,0.5,96.0,1.0,1.0
5ade618e554299728e26c700,ace_focused_96,ace,focused,0.0,0.0,1.0,0.55,1.0,80.0,1.0,1.0
5a76404b5542994ccc91873d,ace_focused_96,ace,focused,1.0,1.0,1.0,0.7263,1.0,95.0,1.0,1.0
5ac44b47554299194317396c,ace_focused_96,ace,focused,0.0,0.1818,1.0,0.7609,0.5,92.0,1.0,1.0
5ac27afa5542990b17b153b5,ace_focused_96,ace,focused,0.0,0.0,0.0,1.0,0.5,81.0,0.5,0.0
5ac2c4fe554299218029db3b,ace_focused_96,ace,focused,0.0,0.0,0.0,0.4894,0.5,94.0,1.0,1.0
5ae49b705542995ad6573dbc,ace_focused_96,ace,focused,0.0,0.25,1.0,0.6067,1.0,89.0,1.0,1.0
5ae5fc345542993aec5ec1f8,ace_focused_96,ace,focused,1.0,1.0,0.0,0.9302,0.5,86.0,1.0,1.0
5a8d651955429941ae14dfaf,ace_focused_96,ace,focused,1.0,1.0,0.0,0.6702,1.0,94.0,1.0,1.0
5a839cb9554299123d8c2169,ace_focused_96,ace,focused,1.0,1.0,0.0,0.3333,0.5,84.0,0.5,0.0
5adbe1b355429944faac23a0,ace_focused_96,ace,focused,1.0,1.0,1.0,0.6742,0.5,89.0,0.5,0.0
5ac29cf8554299218029dac2,ace_focused_96,ace,focused,0.0,0.0,0.0,0.0,0.0,79.0,0.5,0.0
5ae21ef35542994d89d5b35d,ace_focused_96,ace,focused,0.0,0.0,0.0,0.6771,0.5,96.0,1.0,1.0
5ae1ebf95542997283cd22f2,ace_focused_96,ace,focused,0.0,0.0,1.0,0.8523,1.0,88.0,1.0,1.0
5a8b98665542995d1e6f1413,ace_focused_96,ace,focused,1.0,1.0,1.0,0.4667,1.0,90.0,1.0,1.0
5ae3d67f5542992f92d8238f,ace_focused_96,ace,focused,0.0,0.0,0.0,0.3721,0.5,86.0,0.5,0.0
5a8cb4b2554299585d9e372a,ace_focused_96,ace,focused,0.0,0.4444,1.0,0.0,0.0,82.0,1.0,1.0
5ae30aa05542992decbdcdd7,ace_focused_96,ace,focused,0.0,0.0,1.0,1.0,1.0,75.0,1.0,1.0
5adcaa7f5542990d50227cdb,ace_focused_96,ace,focused,0.0,0.0,0.0,0.573,1.0,89.0,1.0,1.0
5a8d40715542994ba4e3dc3a,ace_focused_96,ace,focused,0.0,0.0,1.0,1.0,1.0,89.0,1.0,1.0
5ae4f2595542990ba0bbb1a8,ace_focused_96,ace,focused,1.0,1.0,1.0,0.2989,0.5,87.0,0.5,0.0
5ac507725542994611c8b32a,ace_focused_96,ace,focused,0.0,0.0,0.0,0.4667,0.5,90.0,0.5,0.0
5a8f5bb45542992414482a77,ace_focused_96,ace,focused,1.0,1.0,1.0,0.4375,1.0,96.0,1.0,1.0
5ae1f2d4554299234fd04358,ace_focused_96,ace,focused,0.0,0.0,0.0,0.3488,0.5,86.0,0.5,0.0
5ae2fca555429928c423958a,ace_focused_96,ace,focused,0.0,0.0,0.0,0.4432,0.5,88.0,0.5,0.0
5adc0f8d55429947ff1738ef,ace_focused_96,ace,focused,1.0,1.0,0.0,0.4,0.5,95.0,1.0,1.0
5add64065542995b365fab25,ace_focused_96,ace,focused,0.0,0.0,0.0,0.5429,0.5,70.0,1.0,1.0
5a7d26bd554299452d57bb28,ace_focused_96,ace,focused,1.0,1.0,1.0,0.5474,0.5,95.0,1.0,1.0
5abba581554299642a094af9,ace_focused_96,ace,focused,0.0,0.0,0.0,0.1605,0.5,81.0,0.5,0.0
5a7f89c75542994857a76775,ace_focused_96,ace,focused,0.0,0.0,0.0,0.9733,0.5,75.0,0.5,0.0
5ae531695542990ba0bbb1fb,ace_focused_96,ace,focused,0.0,0.0,0.0,0.5761,0.5,92.0,0.5,0.0
5a8d5f16554299585d9e37c5,ace_focused_96,ace,focused,1.0,1.0,0.0,1.0,1.0,95.0,1.0,1.0
5ade1f1c55429939a52fe82d,ace_focused_96,ace,focused,1.0,1.0,1.0,0.557,0.5,79.0,1.0,1.0
5a70f4c45542994082a3e437,ace_focused_96,ace,focused,1.0,1.0,1.0,0.378,0.5,82.0,1.0,1.0
5a8a07af55429970aeb70222,ace_focused_96,ace,focused,0.0,0.3333,1.0,0.6,1.0,90.0,1.0,1.0
5abd332e5542993062266bdd,ace_focused_96,ace,focused,0.0,0.0,0.0,0.0,0.0,94.0,0.0,0.0
5ae4869755429970de88d99a,ace_focused_96,ace,focused,0.0,0.0,1.0,1.0,1.0,87.0,1.0,1.0
5a8d841955429941ae14dfe6,ace_focused_96,ace,focused,0.0,0.0,1.0,0.3667,0.5,90.0,1.0,1.0
5a87c0945542996e4f30890b,ace_focused_96,ace,focused,1.0,1.0,0.0,0.3034,0.5,89.0,1.0,1.0
5a8a9bc15542996c9b8d5f36,ace_focused_96,ace,focused,1.0,1.0,1.0,0.6163,1.0,86.0,1.0,1.0
5adc93a4554299438c868e01,ace_focused_96,ace,focused,0.0,0.0,0.0,0.4194,0.5,93.0,0.5,0.0
5ae564a155429960a22e02e4,ace_focused_96,ace,focused,0.0,0.0,1.0,1.0,1.0,79.0,1.0,1.0
5ab56b9b5542997d4ad1f113,ace_focused_96,ace,focused,0.0,0.0,1.0,0.5135,0.5,74.0,1.0,1.0
5a74d9c555429929fddd84fb,ace_focused_96,ace,focused,1.0,1.0,1.0,1.0,1.0,70.0,1.0,1.0
5a8af56855429950cd6afc2f,ace_focused_96,ace,focused,0.0,0.0,0.0,0.2727,0.5,77.0,0.5,0.0
5ab3c470554299233954ffa1,ace_focused_96,ace,focused,1.0,1.0,1.0,1.0,1.0,95.0,1.0,1.0
5ae20c465542997283cd236a,ace_focused_96,ace,focused,0.0,0.0,0.0,0.7619,0.5,84.0,0.5,0.0
5ab5b701554299637185c5e7,ace_focused_96,ace,focused,0.0,0.0,0.0,0.0,0.0,91.0,0.5,0.0
5ae829ea5542997ec2727738,ace_focused_96,ace,focused,0.0,0.3333,0.0,0.3125,0.5,96.0,0.5,0.0
5ac546975542993e66e8229a,ace_focused_96,ace,focused,1.0,1.0,1.0,1.0,1.0,94.0,1.0,1.0
5a81a63c5542990a1d231e45,ace_focused_96,ace,focused,0.0,0.5,0.0,1.0,0.5,85.0,1.0,1.0
5a72af155542992359bc316c,ace_focused_96,ace,focused,1.0,1.0,1.0,0.5604,0.5,91.0,1.0,1.0
5abd6f0855429933744ab7d5,ace_focused_96,ace,focused,0.0,0.0,0.0,0.3763,0.5,93.0,1.0,1.0
5adefcf15542995ec70e8f4c,ace_focused_96,ace,focused,0.0,0.0,0.0,0.5783,0.5,83.0,1.0,1.0
5ae15ae25542990adbacf767,ace_focused_96,ace,focused,0.0,0.0,0.0,1.0,1.0,91.0,1.0,1.0
5abbf43d5542993f40c73c2f,ace_focused_96,ace,focused,1.0,1.0,1.0,0.6354,0.5,96.0,1.0,1.0
5a7ab1b055429927d897bef4,ace_focused_96,ace,focused,1.0,1.0,1.0,0.6125,1.0,80.0,1.0,1.0
5a7d2afd5542995f4f402221,ace_focused_96,ace,focused,1.0,1.0,1.0,0.622,1.0,82.0,1.0,1.0
5a84c0765542991dd0999dd9,ace_focused_96,ace,focused,0.0,0.0,0.0,0.5072,0.5,69.0,0.5,0.0
5ae0bc185542993d6555ec29,ace_focused_96,ace,focused,0.0,0.0,0.0,0.0,0.0,95.0,0.5,0.0
5a7cef5d55429909bec768ac,ace_focused_96,ace,focused,0.0,0.0,0.0,0.25,0.5,96.0,1.0,1.0
5a899f4955429946c8d6e971,ace_focused_96,ace,focused,1.0,1.0,1.0,0.2989,0.5,87.0,0.5,0.0
5a8ed7b455429917b4a5bdd1,ace_focused_96,ace,focused,0.0,0.0,1.0,0.5319,0.5,94.0,1.0,1.0
5a835a265542992ef85e2281,ace_focused_96,ace,focused,0.0,0.5,1.0,0.3333,0.5,96.0,1.0,1.0
5a8c52685542995e66a475bb,ace_focused_96,ace,focused,0.0,0.6667,1.0,0.7097,1.0,93.0,1.0,1.0
5ab4e48655429942dd415f9c,ace_focused_96,ace,focused,0.0,0.0,0.0,0.4545,0.5,88.0,0.5,0.0
5ae67dba55429908198fa5f0,ace_focused_96,ace,focused,0.0,0.0,0.0,0.2921,0.5,89.0,0.5,0.0
5ae13c5155429920d5234336,ace_focused_96,ace,focused,0.0,0.3333,1.0,1.0,1.0,88.0,1.0,1.0
5ab2b7405542991669774069,ace_focused_96,ace,focused,0.0,0.0,0.0,0.3684,0.5,95.0,1.0,1.0
5ab1c693554299722f9b4c66,ace_focused_96,ace,focused,1.0,1.0,1.0,0.7273,1.0,88.0,1.0,1.0
5ae692e35542996d980e7c0e,ace_focused_96,ace,focused,0.0,0.0,0.0,0.4382,0.5,89.0,1.0,1.0
5a7f74975542992097ad2f77,ace_focused_96,ace,focused,0.0,0.0,0.0,0.4396,0.5,91.0,0.5,0.0
5a7e30b255429934daa2fbeb,ace_focused_96,ace,focused,1.0,1.0,1.0,0.3864,0.5,88.0,1.0,1.0
5a7ca95b55429935c91b5287,ace_focused_96,ace,focused,1.0,1.0,1.0,0.3617,0.5,94.0,0.5,0.0
5abfa18f5542990832d3a176,ace_focused_96,ace,focused,1.0,1.0,1.0,0.5368,0.5,95.0,1.0,1.0
5a8a39b355429930ff3c0d13,ace_focused_96,ace,focused,1.0,1.0,1.0,0.0,0.0,93.0,0.5,0.0
5ab2958c554299449642c912,ace_focused_96,ace,focused,0.0,0.6667,1.0,0.7957,1.0,93.0,1.0,1.0
5ae7eaf65542994a481bbe1d,ace_focused_96,ace,focused,0.0,0.0,0.0,0.3582,0.5,67.0,1.0,1.0
5aba916c55429901930fa83b,ace_focused_96,ace,focused,1.0,1.0,1.0,0.4176,0.5,91.0,0.5,0.0
5ac0d981554299012d1db646,ace_focused_96,ace,focused,0.0,0.0,0.0,0.7053,0.5,95.0,1.0,1.0
5ade653f55429975fa854ebb,ace_focused_96,ace,focused,0.0,0.75,1.0,0.4194,0.5,93.0,0.5,0.0
5ab54e145542992aa134a2a1,ace_focused_96,ace,focused,0.0,0.0,0.0,1.0,0.5,77.0,1.0,1.0
5a8518a75542994c784ddaf7,ace_focused_96,ace,focused,0.0,0.0,1.0,0.6778,0.5,90.0,1.0,1.0
5ac175635542994ab5c67d4b,ace_focused_96,ace,focused,0.0,0.0,0.0,0.3021,0.5,96.0,0.5,0.0
5abd889f55429924427fd046,ace_focused_96,ace,focused,1.0,1.0,1.0,0.625,0.5,96.0,1.0,1.0
5a772c925542993735360208,ace_focused_96,ace,focused,0.0,0.0,1.0,0.382,0.5,89.0,1.0,1.0
5ab492155542991779162ce3,ace_focused_96,ace,focused,0.0,0.25,0.0,0.4286,0.5,91.0,0.5,0.0
5ae5ef105542996de7b71a72,ace_focused_96,ace,focused,0.0,0.0,1.0,0.6277,0.5,94.0,1.0,1.0
5a8ad2f3554299515336138d,ace_focused_96,ace,focused,0.0,0.0,0.0,0.7447,1.0,94.0,1.0,1.0
5a7d07a455429907fabef0ae,ace_focused_96,ace,focused,0.0,0.5,1.0,0.7204,1.0,93.0,1.0,1.0
5aba89d555429901930fa816,ace_focused_96,ace,focused,0.0,0.5,0.0,0.7826,0.5,92.0,1.0,1.0
5a8c7623554299653c1aa07a,ace_focused_96,ace,focused,1.0,1.0,1.0,0.2609,0.5,92.0,1.0,1.0
5a79ecd05542996c55b2dca1,ace_focused_96,ace,focused,0.0,0.0,0.0,0.0,0.0,85.0,0.5,0.0
5adec4695542992fa25da83a,ace_focused_96,ace,focused,0.0,0.0,1.0,1.0,0.5,72.0,1.0,1.0
5ae608f2554299546bf83026,ace_focused_96,ace,focused,0.0,0.0,1.0,0.7356,1.0,87.0,1.0,1.0
5abfd5c45542994516f4550e,ace_focused_96,ace,focused,0.0,0.0,0.0,0.6737,0.5,95.0,1.0,1.0
5adce12e5542990d50227d4f,ace_focused_96,ace,focused,1.0,1.0,1.0,0.4111,0.5,90.0,1.0,1.0
5a851b0d5542997175ce1f7f,ace_focused_96,ace,focused,0.0,0.0,0.0,0.3976,0.5,83.0,1.0,1.0
5ae164cf5542997b2ef7d1cd,ace_focused_96,ace,focused,1.0,1.0,1.0,1.0,1.0,96.0,1.0,1.0
5a8c493e554299653c1aa020,ace_focused_96,ace,focused,0.0,0.0,0.0,0.0,0.0,78.0,0.5,0.0
5a89dbec554299669944a5d6,ace_focused_96,ace,focused,0.0,0.0,0.0,0.5747,0.5,87.0,1.0,1.0
5ae1389655429901ffe4ae05,ace_focused_96,ace,focused,0.0,0.0,1.0,1.0,1.0,90.0,1.0,1.0
5adc6a3b55429947ff173953,ace_focused_96,ace,focused,1.0,1.0,1.0,1.0,1.0,82.0,1.0,1.0
5ac02880554299012d1db5c0,ace_focused_96,ace,focused,1.0,1.0,1.0,0.7349,1.0,83.0,1.0,1.0
5aba0c2655429955dce3edb7,ace_focused_96,ace,focused,0.0,0.0,1.0,0.4598,0.5,87.0,0.5,0.0
5add44c25542997545bbbd0a,ace_focused_96,ace,focused,0.0,0.2857,1.0,1.0,1.0,73.0,1.0,1.0
5a7616755542992d0ec06028,ace_focused_96,ace,focused,0.0,0.0,0.0,0.2609,0.5,92.0,1.0,1.0
5add1d575542992c1e3a2540,ace_mmr_96,ace,mmr,0.0,0.0,0.0,0.2447,0.5,94.0,0.5,0.0
5ac55ea55542993e66e82377,ace_mmr_96,ace,mmr,0.0,0.8,0.0,0.5667,0.5,90.0,1.0,1.0
5ac3a76e554299741d48a2be,ace_mmr_96,ace,mmr,1.0,1.0,1.0,0.7368,1.0,95.0,1.0,1.0
5a7133565542994082a3e65c,ace_mmr_96,ace,mmr,0.0,0.6667,1.0,1.0,1.0,88.0,1.0,1.0
5ac1a4745542991316484b82,ace_mmr_96,ace,mmr,0.0,0.0,0.0,0.7553,0.5,94.0,0.5,0.0
5adc597d55429947ff17392f,ace_mmr_96,ace,mmr,0.0,0.0,0.0,0.413,0.5,92.0,0.5,0.0
5ac55e835542993e66e82375,ace_mmr_96,ace,mmr,1.0,1.0,1.0,0.4157,0.5,89.0,1.0,1.0
5a8d9e0f554299441c6ba015,ace_mmr_96,ace,mmr,0.0,0.0,0.0,0.2065,0.5,92.0,0.5,0.0
5ae70ed7554299572ea546a1,ace_mmr_96,ace,mmr,0.0,0.0,0.0,0.0,0.0,76.0,1.0,1.0
5a74a8fa55429929fddd8497,ace_mmr_96,ace,mmr,0.0,0.0,0.0,0.3763,0.5,93.0,1.0,1.0
5a7cb94f554299683c1c6353,ace_mmr_96,ace,mmr,0.0,0.0,0.0,0.3902,0.5,82.0,0.5,0.0
5ab874ba5542990e739ec904,ace_mmr_96,ace,mmr,0.0,0.0,0.0,0.0,0.0,94.0,1.0,1.0
5ae3a8985542992f92d82329,ace_mmr_96,ace,mmr,0.0,0.6667,1.0,0.5402,1.0,87.0,1.0,1.0
5ac39f7b554299218029dbe7,ace_mmr_96,ace,mmr,1.0,1.0,1.0,1.0,1.0,88.0,1.0,1.0
5ae27b535542996483e649b6,ace_mmr_96,ace,mmr,0.0,0.0,0.0,0.3152,0.5,92.0,1.0,1.0
5a7331de5542994cef4bc4a8,ace_mmr_96,ace,mmr,0.0,0.0,1.0,0.5949,0.5,79.0,1.0,1.0
5ac15de55542991316484afb,ace_mmr_96,ace,mmr,0.0,0.0,0.0,0.4167,0.5,96.0,1.0,1.0
5a7c6c9d554299683c1c6302,ace_mmr_96,ace,mmr,0.0,0.0,0.0,0.1905,0.5,84.0,0.5,0.0
5ae6363b55429929b0807af0,ace_mmr_96,ace,mmr,0.0,0.0,0.0,0.4706,0.5,68.0,0.5,0.0
5a8cea40554299441c6b9f76,ace_mmr_96,ace,mmr,0.0,0.0,1.0,0.3971,0.5,68.0,1.0,1.0
5ab5ecd75542992aa134a3e6,ace_mmr_96,ace,mmr,0.0,0.8571,1.0,0.2043,0.5,93.0,0.5,0.0
5a84c5545542991dd0999dee,ace_mmr_96,ace,mmr,0.0,0.0,0.0,1.0,0.5,83.0,0.5,0.0
5adeacf955429975fa854f66,ace_mmr_96,ace,mmr,0.0,0.0,0.0,0.0,0.0,83.0,0.5,0.0
5a8ce15d554299653c1aa12f,ace_mmr_96,ace,mmr,0.0,0.0,0.0,0.8511,1.0,94.0,1.0,1.0
5ade4da055429939a52fe878,ace_mmr_96,ace,mmr,1.0,1.0,0.0,0.2247,0.5,89.0,1.0,1.0
5ab2a186554299295394677b,ace_mmr_96,ace,mmr,0.0,0.0,0.0,0.0,0.0,78.0,1.0,1.0
5ade66e1554299728e26c713,ace_mmr_96,ace,mmr,1.0,1.0,1.0,0.5632,0.5,87.0,1.0,1.0
5a7c634c55429907fabeef79,ace_mmr_96,ace,mmr,1.0,1.0,1.0,0.4471,0.5,85.0,1.0,1.0
5ae13f3c5542997b2ef7d168,ace_mmr_96,ace,mmr,0.0,0.0,0.0,0.0,0.0,81.0,0.5,0.0
5ae17cd055429901ffe4aea3,ace_mmr_96,ace,mmr,1.0,1.0,1.0,0.7556,1.0,90.0,1.0,1.0
5ae7940c55429952e35ea984,ace_mmr_96,ace,mmr,0.0,0.5,1.0,0.2989,0.5,87.0,0.5,0.0
5a7296815542991f9a20c515,ace_mmr_96,ace,mmr,1.0,1.0,1.0,0.3378,0.5,74.0,1.0,1.0
5ab2e8ad554299340b525562,ace_mmr_96,ace,mmr,1.0,1.0,1.0,0.6842,1.0,95.0,1.0,1.0
5a89b1de5542992e4fca8378,ace_mmr_96,ace,mmr,0.0,0.0,0.0,0.2833,0.5,60.0,1.0,1.0
5ab78edc5542995dae37e95c,ace_mmr_96,ace,mmr,0.0,0.25,0.0,1.0,0.5,87.0,0.5,0.0
5ae73acb5542991e8301cc07,ace_mmr_96,ace,mmr,0.0,0.0,1.0,0.3908,0.5,87.0,1.0,1.0
5a8257fa55429940e5e1a866,ace_mmr_96,ace,mmr,1.0,1.0,1.0,0.3191,0.5,94.0,1.0,1.0
5a8d8e4f5542994ba4e3dca7,ace_mmr_96,ace,mmr,0.0,0.0,0.0,1.0,1.0,79.0,1.0,1.0
5a8a07725542992d82986e5b,ace_mmr_96,ace,mmr,0.0,0.0,0.0,0.0,0.0,96.0,0.5,0.0
5a79fac85542996c55b2dcc1,ace_mmr_96,ace,mmr,0.0,0.0,0.0,1.0,0.5,85.0,0.5,0.0
5a81537355429926c1cdad20,ace_mmr_96,ace,mmr,0.0,0.0,0.0,0.4146,0.5,82.0,1.0,1.0
5a721d5a55429971e9dc9283,ace_mmr_96,ace,mmr,0.0,0.4444,1.0,1.0,1.0,95.0,1.0,1.0
5a7aa2a255429941d65f270e,ace_mmr_96,ace,mmr,0.0,0.8,1.0,0.5211,0.5,71.0,1.0,1.0
5abe6f8455429965af743f03,ace_mmr_96,ace,mmr,0.0,0.0,1.0,0.8052,1.0,77.0,1.0,1.0
5ae7257a554299572ea54731,ace_mmr_96,ace,mmr,0.0,0.0,0.0,0.5895,0.5,95.0,1.0,1.0
5ac0e0e25542997d64295a6f,ace_mmr_96,ace,mmr,0.0,0.0,0.0,0.6087,0.5,92.0,0.5,0.0
5a72688c5542997f827839b2,ace_mmr_96,ace,mmr,1.0,1.0,1.0,0.3404,0.5,94.0,1.0,1.0
5adea0c5554299728e26c776,ace_mmr_96,ace,mmr,0.0,0.0,0.0,0.4767,1.0,86.0,1.0,1.0
5ab8372255429919ba4e226b,ace_mmr_96,ace,mmr,0.0,0.0,1.0,0.4875,0.5,80.0,1.0,1.0
5ac0e064554299012d1db64e,ace_mmr_96,ace,mmr,0.0,0.0,1.0,0.641,0.5,78.0,1.0,1.0
5a8574945542997b5ce3fffb,ace_mmr_96,ace,mmr,1.0,1.0,1.0,0.5224,0.5,67.0,1.0,1.0
5a8704f8554299211dda2ba4,ace_mmr_96,ace,mmr,0.0,0.0,0.0,0.5714,0.5,70.0,1.0,1.0
5a81d1f0554299676cceb0ee,ace_mmr_96,ace,mmr,0.0,0.0,0.0,1.0,0.5,89.0,1.0,1.0
5a7bf84b5542996dd594b875,ace_mmr_96,ace,mmr,1.0,1.0,1.0,1.0,1.0,86.0,1.0,1.0
5ab69e4f554299710c8d1eee,ace_mmr_96,ace,mmr,0.0,0.5,1.0,0.6771,0.5,96.0,1.0,1.0
5ae64ad25542995703ce8b4f,ace_mmr_96,ace,mmr,0.0,0.0,0.0,0.2737,0.5,95.0,0.5,0.0
5a7571135542992d0ec05f98,ace_mmr_96,ace,mmr,1.0,1.0,1.0,0.6304,1.0,92.0,1.0,1.0
5a8f2fed55429918e830d1c7,ace_mmr_96,ace,mmr,0.0,0.0,1.0,0.7527,0.5,93.0,1.0,1.0
5ab596d95542992aa134a371,ace_mmr_96,ace,mmr,0.0,0.0,1.0,1.0,1.0,83.0,1.0,1.0
5a71214d5542994082a3e5b9,ace_mmr_96,ace,mmr,0.0,0.0,1.0,1.0,0.5,93.0,1.0,1.0
5ac298f9554299657fa28fc9,ace_mmr_96,ace,mmr,0.0,0.125,0.0,0.375,0.5,88.0,1.0,1.0
5ae35e8c5542990afbd1e120,ace_mmr_96,ace,mmr,0.0,0.25,0.0,0.6548,0.5,84.0,0.5,0.0
5ae616ce5542992663a4f259,ace_mmr_96,ace,mmr,0.0,0.3333,0.0,0.6941,0.5,85.0,0.5,0.0
5abbc3a955429931dba144f9,ace_mmr_96,ace,mmr,0.0,0.0,0.0,0.5652,0.5,92.0,0.5,0.0
5adfe6c455429906c02daa85,ace_mmr_96,ace,mmr,0.0,0.0,0.0,0.0,0.0,93.0,0.5,0.0
5a7f924c55429969796c1aba,ace_mmr_96,ace,mmr,0.0,0.0,0.0,0.0,0.0,83.0,0.5,0.0
5ab938fb554299131ca422ce,ace_mmr_96,ace,mmr,0.0,0.0,1.0,0.6627,1.0,83.0,1.0,1.0
5ae1e80b5542997f29b3c197,ace_mmr_96,ace,mmr,0.0,0.0,0.0,0.4054,0.5,74.0,0.5,0.0
5a89e3995542992e4fca844d,ace_mmr_96,ace,mmr,0.0,0.0,0.0,0.3295,0.5,88.0,0.5,0.0
5ab8919655429934fafe6e13,ace_mmr_96,ace,mmr,0.0,0.0,1.0,0.4681,0.5,94.0,0.5,0.0
5add18345542994ed6169c7e,ace_mmr_96,ace,mmr,1.0,1.0,1.0,0.3556,0.5,90.0,1.0,1.0
5a825b0e55429954d2e2eb0c,ace_mmr_96,ace,mmr,0.0,0.0,0.0,0.4353,0.5,85.0,0.5,0.0
5ab54056554299488d4d9923,ace_mmr_96,ace,mmr,0.0,0.0,1.0,0.2239,0.5,67.0,0.5,0.0
5a8a416955429930ff3c0d2b,ace_mmr_96,ace,mmr,1.0,1.0,1.0,0.617,1.0,94.0,1.0,1.0
5a729fe55542991f9a20c53b,ace_mmr_96,ace,mmr,0.0,0.0,0.0,0.3542,0.5,96.0,1.0,1.0
5abee41a5542993fe9a41d79,ace_mmr_96,ace,mmr,1.0,1.0,1.0,0.5556,0.5,63.0,1.0,1.0
5a8327fd5542990548d0b1a3,ace_mmr_96,ace,mmr,1.0,1.0,1.0,0.2584,0.5,89.0,1.0,1.0
5a7264ed5542990c210a411a,ace_mmr_96,ace,mmr,0.0,0.0,0.0,0.6237,0.5,93.0,1.0,1.0
5a74cfc75542996c70cfadfe,ace_mmr_96,ace,mmr,0.0,0.0,0.0,0.0,0.0,90.0,1.0,1.0
5abe3c7555429965af743ea5,ace_mmr_96,ace,mmr,0.0,0.0,1.0,0.4096,0.5,83.0,1.0,1.0
5a88a5645542997e5c09a679,ace_mmr_96,ace,mmr,0.0,0.0,1.0,1.0,1.0,90.0,1.0,1.0
5a8756aa5542994846c1cd69,ace_mmr_96,ace,mmr,0.0,0.5,1.0,0.4706,0.5,85.0,1.0,1.0
5a83ab355542990548d0b218,ace_mmr_96,ace,mmr,1.0,1.0,1.0,0.4937,0.5,79.0,1.0,1.0
5abe407155429976d4830ab4,ace_mmr_96,ace,mmr,0.0,0.0,0.0,0.6092,0.5,87.0,1.0,1.0
5a769b115542993569682c51,ace_mmr_96,ace,mmr,0.0,0.0,1.0,0.5119,0.5,84.0,0.5,0.0
5abb8a9b5542996cc5e4a016,ace_mmr_96,ace,mmr,1.0,1.0,1.0,1.0,1.0,77.0,1.0,1.0
5adf4b335542993a75d264a5,ace_mmr_96,ace,mmr,0.0,0.4,1.0,0.4231,0.5,78.0,0.5,0.0
5a8a19c45542992e4fca8501,ace_mmr_96,ace,mmr,0.0,0.0,0.0,0.1158,0.5,95.0,1.0,1.0
5ac2f34455429921a00ab0b6,ace_mmr_96,ace,mmr,0.0,0.0,0.0,0.3478,0.5,92.0,1.0,1.0
5a7e040f5542990b8f503b13,ace_mmr_96,ace,mmr,1.0,1.0,1.0,0.5676,1.0,74.0,1.0,1.0
5a8f186055429918e830d186,ace_mmr_96,ace,mmr,0.0,0.0,1.0,0.4,0.5,90.0,1.0,1.0
5ac4fbe255429924173fb53b,ace_mmr_96,ace,mmr,0.0,0.0,0.0,0.4872,0.5,78.0,1.0,1.0
5a8591715542994c784ddb27,ace_mmr_96,ace,mmr,0.0,0.0,0.0,0.4421,0.5,95.0,0.5,0.0
5a8ee3a755429917b4a5be02,ace_mmr_96,ace,mmr,0.0,0.0,0.0,0.0,0.0,89.0,0.5,0.0
5ab985eb554299131ca42360,ace_mmr_96,ace,mmr,1.0,1.0,1.0,0.1398,0.5,93.0,1.0,1.0
5ab431d855429942dd415ed2,ace_mmr_96,ace,mmr,1.0,1.0,1.0,1.0,0.5,62.0,0.5,0.0
5a771ead55429966f1a36c7c,ace_mmr_96,ace,mmr,0.0,0.0,0.0,0.0,0.0,93.0,0.5,0.0
5ac46a8b5542991943173980,ace_mmr_96,ace,mmr,0.0,0.0,0.0,1.0,0.5,67.0,1.0,1.0
5abda2b755429933744ab80f,ace_mmr_96,ace,mmr,0.0,0.0,0.0,1.0,0.5,93.0,1.0,1.0
5adc02445542994650320c4e,ace_mmr_96,ace,mmr,1.0,1.0,1.0,0.7826,1.0,92.0,1.0,1.0
5a8b128455429971feec463b,ace_mmr_96,ace,mmr,0.0,0.0,0.0,0.0,0.0,70.0,0.5,0.0
5a803ed45542996402f6a496,ace_mmr_96,ace,mmr,1.0,1.0,1.0,0.6279,0.5,86.0,1.0,1.0
5a74c85055429916b0164218,ace_mmr_96,ace,mmr,0.0,0.0,0.0,0.4353,0.5,85.0,0.5,0.0
5ac288a95542990b17b153e5,ace_mmr_96,ace,mmr,0.0,0.0,0.0,0.2877,0.5,73.0,0.5,0.0
5ab2123155429970612095b9,ace_mmr_96,ace,mmr,0.0,0.4,1.0,0.5862,0.5,87.0,0.5,0.0
5a82edae55429966c78a6a9f,ace_mmr_96,ace,mmr,1.0,1.0,1.0,1.0,1.0,82.0,1.0,1.0
5ae22b8d554299234fd0440f,ace_mmr_96,ace,mmr,0.0,0.0,0.0,0.4773,0.5,88.0,1.0,1.0
5adbda2755429944faac2385,ace_mmr_96,ace,mmr,1.0,1.0,1.0,0.3913,1.0,92.0,1.0,1.0
5ae1d1a55542997f29b3c138,ace_mmr_96,ace,mmr,0.0,0.8889,1.0,0.6471,0.5,85.0,1.0,1.0
5ac3a2f35542993915413856,ace_mmr_96,ace,mmr,0.0,0.4,1.0,0.4222,0.5,90.0,1.0,1.0
5a7647b85542992d0ec0608a,ace_mmr_96,ace,mmr,0.0,0.3333,0.0,0.6452,0.5,93.0,1.0,1.0
5ac49a1c5542996feb3fe905,ace_mmr_96,ace,mmr,0.0,0.0,0.0,0.4831,0.5,89.0,0.5,0.0
5ae60484554299546bf8301a,ace_mmr_96,ace,mmr,0.0,0.25,0.0,0.4271,0.5,96.0,0.5,0.0
5a84cf175542992a431d1aa2,ace_mmr_96,ace,mmr,0.0,0.0,1.0,0.5814,1.0,86.0,1.0,1.0
5a81b2505542995ce29dcc32,ace_mmr_96,ace,mmr,0.0,0.6667,1.0,1.0,0.5,76.0,1.0,1.0
5ab568af554299494045efaf,ace_mmr_96,ace,mmr,0.0,0.0,0.0,0.4268,0.5,82.0,1.0,1.0
5a8f7a135542992414482adc,ace_mmr_96,ace,mmr,0.0,0.0,0.0,0.6667,0.5,81.0,0.5,0.0
5ab2be71554299166977408c,ace_mmr_96,ace,mmr,0.0,0.4,0.0,0.5161,0.5,93.0,1.0,1.0
5ae537e45542990ba0bbb235,ace_mmr_96,ace,mmr,0.0,0.0,0.0,0.3671,0.5,79.0,1.0,1.0
5ac2546a554299636651997b,ace_mmr_96,ace,mmr,0.0,0.0,1.0,0.1895,0.5,95.0,1.0,1.0
5ae356045542990afbd1e10d,ace_mmr_96,ace,mmr,0.0,0.2667,0.0,0.0,0.0,86.0,0.5,0.0
5ae1e6d95542997283cd22c3,ace_mmr_96,ace,mmr,0.0,0.5714,1.0,0.3542,0.5,96.0,0.5,0.0
5a8b8f5b55429949d91db5e1,ace_mmr_96,ace,mmr,0.0,0.0,1.0,0.2737,0.5,95.0,1.0,1.0
5ab3460055429976abd1bc80,ace_mmr_96,ace,mmr,1.0,1.0,1.0,0.6988,1.0,83.0,1.0,1.0
5a7d2afb554299452d57bb41,ace_mmr_96,ace,mmr,1.0,1.0,1.0,0.4884,0.5,86.0,1.0,1.0
5adea95055429939a52fe931,ace_mmr_96,ace,mmr,0.0,0.6667,1.0,0.6667,1.0,90.0,1.0,1.0
5ab7d33d5542992aa3b8c859,ace_mmr_96,ace,mmr,0.0,0.4,0.0,1.0,1.0,93.0,1.0,1.0
5a893f305542993b751ca91e,ace_mmr_96,ace,mmr,1.0,1.0,1.0,0.5053,1.0,95.0,1.0,1.0
5adea83b55429975fa854f53,ace_mmr_96,ace,mmr,0.0,0.0,1.0,0.1596,0.5,94.0,0.5,0.0
5ae1d32a554299492dc91b9c,ace_mmr_96,ace,mmr,1.0,1.0,1.0,0.2088,0.5,91.0,0.5,0.0
5a82accd55429966c78a6a78,ace_mmr_96,ace,mmr,0.0,0.0,0.0,0.3846,0.5,91.0,0.5,0.0
5a90ba1b55429933b8a205c6,ace_mmr_96,ace,mmr,1.0,1.0,1.0,0.5208,0.5,96.0,1.0,1.0
5adcb6875542994ed6169bcb,ace_mmr_96,ace,mmr,0.0,0.0,1.0,0.2717,0.5,92.0,1.0,1.0
5a7f95685542995d8a8ddeaa,ace_mmr_96,ace,mmr,1.0,1.0,1.0,0.617,0.5,94.0,1.0,1.0
5a78b386554299148911f949,ace_mmr_96,ace,mmr,0.0,0.0,0.0,0.3763,0.5,93.0,0.5,0.0
5a8c781c554299653c1aa083,ace_mmr_96,ace,mmr,1.0,1.0,1.0,0.7979,1.0,94.0,1.0,1.0
5a80ae105542992bc0c4a7a2,ace_mmr_96,ace,mmr,1.0,1.0,1.0,0.5862,1.0,87.0,1.0,1.0
5a84992e5542992a431d1a6d,ace_mmr_96,ace,mmr,0.0,0.0,0.0,0.5904,0.5,83.0,1.0,1.0
5a8f2cc855429918e830d1be,ace_mmr_96,ace,mmr,0.0,0.0,0.0,0.1667,0.5,96.0,0.5,0.0
5a8841ee5542994846c1ce6b,ace_mmr_96,ace,mmr,0.0,0.0,1.0,0.5682,1.0,88.0,1.0,1.0
5adf85e05542993344016cba,ace_mmr_96,ace,mmr,1.0,1.0,1.0,0.5714,0.5,91.0,1.0,1.0
5a77415b55429966f1a36cd2,ace_mmr_96,ace,mmr,0.0,0.8,1.0,0.5158,1.0,95.0,1.0,1.0
5a72fc865542991f9a20c5e9,ace_mmr_96,ace,mmr,0.0,0.0,0.0,0.4023,0.5,87.0,1.0,1.0
5ac4e13f554299076e296e2d,ace_mmr_96,ace,mmr,1.0,1.0,1.0,0.6087,1.0,92.0,1.0,1.0
5a7796e05542992a6e59df0f,ace_mmr_96,ace,mmr,1.0,1.0,1.0,0.4409,0.5,93.0,1.0,1.0
5ae3eabc5542995dadf2424f,ace_mmr_96,ace,mmr,0.0,0.0,1.0,0.7703,1.0,74.0,1.0,1.0
5ae3c71f5542991a06ce9a22,ace_mmr_96,ace,mmr,0.0,0.6667,1.0,0.56,0.5,75.0,1.0,1.0
5ae25d2b554299495565da46,ace_mmr_96,ace,mmr,0.0,0.0,0.0,0.8495,1.0,93.0,1.0,1.0
5ab8179f5542990e739ec817,ace_mmr_96,ace,mmr,1.0,1.0,1.0,0.4941,0.5,85.0,1.0,1.0
5adc411f5542994650320cbc,ace_mmr_96,ace,mmr,0.0,0.0,1.0,1.0,1.0,94.0,1.0,1.0
5aba6f3e55429955dce3ee21,ace_mmr_96,ace,mmr,0.0,0.0,0.0,0.0,0.0,79.0,1.0,1.0
5add2dae5542992c1e3a2558,ace_mmr_96,ace,mmr,1.0,1.0,1.0,0.1928,0.5,83.0,1.0,1.0
5ae14b0655429920d52343a6,ace_mmr_96,ace,mmr,0.0,0.5,1.0,0.4667,0.5,90.0,1.0,1.0
5a730a6b5542992359bc3210,ace_mmr_96,ace,mmr,1.0,1.0,1.0,0.6344,1.0,93.0,1.0,1.0
5a75fa14554299109176e5dc,ace_mmr_96,ace,mmr,0.0,0.2222,0.0,0.0,0.0,89.0,1.0,1.0
5ac35a7e554299741d48a257,ace_mmr_96,ace,mmr,0.0,0.6667,1.0,0.2838,0.5,74.0,0.5,0.0
5a8651185542994775f60752,ace_mmr_96,ace,mmr,0.0,0.0,0.0,0.6163,1.0,86.0,1.0,1.0
5a79fe3b5542994f819ef119,ace_mmr_96,ace,mmr,1.0,1.0,1.0,0.56,0.5,75.0,1.0,1.0
5a8268215542995ce29dccfb,ace_mmr_96,ace,mmr,1.0,1.0,1.0,0.5591,1.0,93.0,1.0,1.0
5a7605f85542994ccc91868d,ace_mmr_96,ace,mmr,1.0,1.0,1.0,1.0,0.5,73.0,1.0,1.0
5adf74075542992d7e9f937c,ace_mmr_96,ace,mmr,0.0,0.4,0.0,0.44,0.5,75.0,1.0,1.0
5abe2b0155429976d4830a83,ace_mmr_96,ace,mmr,0.0,0.3333,0.0,0.6092,0.5,87.0,1.0,1.0
5a849c1b5542997175ce1ef9,ace_mmr_96,ace,mmr,0.0,0.6667,1.0,0.561,1.0,82.0,1.0,1.0
5a81108855429926c1cdace2,ace_mmr_96,ace,mmr,0.0,0.0,0.0,0.0,0.0,92.0,0.5,0.0
5a8e06785542995085b37383,ace_mmr_96,ace,mmr,1.0,1.0,1.0,0.4384,1.0,73.0,1.0,1.0
5adbfa38554299438c868d00,ace_mmr_96,ace,mmr,0.0,0.6667,1.0,0.4524,0.5,84.0,1.0,1.0
5a73b1855542992d56e7e388,ace_mmr_96,ace,mmr,0.0,0.0,0.0,0.6316,0.5,95.0,1.0,1.0
5ab94fa25542996be2020474,ace_mmr_96,ace,mmr,0.0,0.0,0.0,0.0,0.0,83.0,1.0,1.0
5a7e7d4655429934daa2fc2e,ace_mmr_96,ace,mmr,0.0,0.0,1.0,0.443,0.5,79.0,1.0,1.0
5a75d9c05542992db94736f6,ace_mmr_96,ace,mmr,0.0,0.0,0.0,0.5479,0.5,73.0,0.5,0.0
5adf33965542993344016c20,ace_mmr_96,ace,mmr,0.0,0.0,1.0,1.0,0.5,59.0,1.0,1.0
5a8f979255429918e830d288,ace_mmr_96,ace,mmr,0.0,0.3333,0.0,0.0,0.0,73.0,0.0,0.0
5a8a17685542993b751ca9f3,ace_mmr_96,ace,mmr,0.0,0.0,1.0,0.4179,0.5,67.0,1.0,1.0
5abd56355542993062266c58,ace_mmr_96,ace,mmr,0.0,0.0,0.0,0.6,0.5,65.0,1.0,1.0
5ab91f98554299753720f70d,ace_mmr_96,ace,mmr,0.0,0.0,0.0,0.4533,0.5,75.0,1.0,1.0
5a811152554299260e20a22e,ace_mmr_96,ace,mmr,0.0,0.8,1.0,0.6477,1.0,88.0,1.0,1.0
5a7a1f795542996c55b2dd1b,ace_mmr_96,ace,mmr,1.0,1.0,1.0,0.5312,1.0,96.0,1.0,1.0
5a7324e055429901807daf8f,ace_mmr_96,ace,mmr,0.0,0.8,0.0,0.3649,0.5,74.0,1.0,1.0
5ab9618f554299743d22eb28,ace_mmr_96,ace,mmr,0.0,0.0,0.0,0.25,0.5,92.0,1.0,1.0
5abffafe5542997d64295988,ace_mmr_96,ace,mmr,0.0,0.8,1.0,0.4253,0.5,87.0,0.5,0.0
5a8cee9b554299441c6b9f87,ace_mmr_96,ace,mmr,1.0,1.0,1.0,0.5529,0.5,85.0,1.0,1.0
5a7270395542992359bc30a8,ace_mmr_96,ace,mmr,0.0,0.0,0.0,0.4048,0.5,84.0,0.5,0.0
5ac14d0c5542991316484ae2,ace_mmr_96,ace,mmr,0.0,0.0,1.0,1.0,1.0,93.0,1.0,1.0
5a75a76b5542992db9473697,ace_mmr_96,ace,mmr,0.0,0.0,1.0,0.25,0.5,96.0,1.0,1.0
5ab55455554299488d4d993b,ace_mmr_96,ace,mmr,0.0,0.0,0.0,0.3647,0.5,85.0,1.0,1.0
5a7f48e15542992e7d278ce6,ace_mmr_96,ace,mmr,0.0,0.0,0.0,0.8421,0.5,95.0,0.5,0.0
5ab7f0995542995dae37e9fb,ace_mmr_96,ace,mmr,0.0,0.0,0.0,0.6628,0.5,86.0,1.0,1.0
5aba89fb5542994dbf019933,ace_mmr_96,ace,mmr,0.0,0.0,0.0,0.0,0.0,51.0,1.0,1.0
5a7621bb554299109176e650,ace_mmr_96,ace,mmr,0.0,0.0,0.0,0.0,0.0,96.0,1.0,1.0
5a70f0e75542994082a3e408,ace_mmr_96,ace,mmr,0.0,0.0,1.0,0.7386,1.0,88.0,1.0,1.0
5a773ec45542994aec3b7245,ace_mmr_96,ace,mmr,1.0,1.0,1.0,0.5275,0.5,91.0,1.0,1.0
5a802b595542995d8a8ddf51,ace_mmr_96,ace,mmr,1.0,1.0,1.0,0.5055,0.5,91.0,0.5,0.0
5a8de7c65542995085b37353,ace_mmr_96,ace,mmr,0.0,0.0,0.0,0.0,0.0,70.0,1.0,1.0
5ab5b6c1554299637185c5e5,ace_mmr_96,ace,mmr,1.0,1.0,1.0,1.0,1.0,95.0,1.0,1.0
5abb8e2d554299642a094aa4,ace_mmr_96,ace,mmr,1.0,1.0,1.0,0.5366,0.5,82.0,1.0,1.0
5a7642f7554299109176e6e8,ace_mmr_96,ace,mmr,1.0,1.0,1.0,0.6364,1.0,88.0,1.0,1.0
5a756b175542996c70cfaef7,ace_mmr_96,ace,mmr,0.0,0.0,0.0,0.0,0.0,73.0,1.0,1.0
5a83161555429940e5e1a958,ace_mmr_96,ace,mmr,0.0,0.0,0.0,0.2045,0.5,88.0,1.0,1.0
5ab3eac5554299753aec59ec,ace_mmr_96,ace,mmr,0.0,0.0,1.0,0.2526,0.5,95.0,1.0,1.0
5a73090455429901807daf6e,ace_mmr_96,ace,mmr,1.0,1.0,1.0,0.686,1.0,86.0,1.0,1.0
5a8c8502554299585d9e36d0,ace_mmr_96,ace,mmr,1.0,1.0,0.0,0.3,0.5,90.0,1.0,1.0
5a7d598d5542995f4f402262,ace_mmr_96,ace,mmr,1.0,1.0,1.0,0.8125,1.0,96.0,1.0,1.0
5a77f4755542992a6e59e01f,ace_mmr_96,ace,mmr,1.0,1.0,1.0,0.8556,1.0,90.0,1.0,1.0
5abcf14f55429959677d6b5b,ace_mmr_96,ace,mmr,0.0,0.4444,1.0,1.0,1.0,81.0,1.0,1.0
5a8d8eb5554299068b959d3a,ace_mmr_96,ace,mmr,1.0,1.0,0.0,0.0,0.0,72.0,1.0,1.0
5a7e7ed05542991319bc94c2,ace_mmr_96,ace,mmr,0.0,0.0,1.0,0.375,0.5,80.0,1.0,1.0
5ae236445542992decbdcc69,ace_mmr_96,ace,mmr,0.0,0.4,0.0,0.4,0.5,90.0,1.0,1.0
5a750de95542993748c897ac,ace_mmr_96,ace,mmr,0.0,0.3333,0.0,0.7872,1.0,94.0,1.0,1.0
5a7fc03d5542992097ad2fbc,ace_mmr_96,ace,mmr,0.0,0.0,1.0,0.4634,0.5,82.0,1.0,1.0
5a7172105542994082a3e837,ace_mmr_96,ace,mmr,0.0,0.0,0.0,0.0,0.0,87.0,1.0,1.0
5a847edd554299123d8c2272,ace_mmr_96,ace,mmr,0.0,0.0,0.0,1.0,1.0,89.0,1.0,1.0
5ab761d955429928e1fe3856,ace_mmr_96,ace,mmr,1.0,1.0,1.0,0.4118,0.5,85.0,1.0,1.0
5a7a2dac5542990198eaf0b6,ace_mmr_96,ace,mmr,1.0,1.0,1.0,1.0,1.0,82.0,1.0,1.0
5ae530e355429908b6326561,ace_mmr_96,ace,mmr,0.0,0.0,0.0,0.6383,0.5,94.0,0.5,0.0
5abcff225542993a06baf9ea,ace_mmr_96,ace,mmr,1.0,1.0,1.0,0.6667,1.0,90.0,1.0,1.0
5abe9f7d5542997ec76fd331,ace_mmr_96,ace,mmr,0.0,0.0,0.0,0.5949,0.5,79.0,0.5,0.0
5a8db42f5542994ba4e3dd11,ace_mmr_96,ace,mmr,1.0,1.0,1.0,0.4937,1.0,79.0,1.0,1.0
5ae658855542992ae0d162e3,ace_mmr_96,ace,mmr,0.0,0.0,0.0,0.0,0.0,91.0,0.5,0.0
5a8c6d4e5542996e8ac88aa6,ace_mmr_96,ace,mmr,0.0,0.0,1.0,0.7849,1.0,93.0,1.0,1.0
5aba65a055429939ce03dcd2,ace_mmr_96,ace,mmr,1.0,1.0,1.0,0.3708,0.5,89.0,1.0,1.0
5ae199305542997b2ef7d20e,ace_mmr_96,ace,mmr,0.0,0.0,0.0,0.5185,0.5,81.0,0.5,0.0
5a806aca5542996402f6a503,ace_mmr_96,ace,mmr,0.0,0.0,0.0,0.0,0.0,80.0,0.5,0.0
5ae336495542990afbd1e0e1,ace_mmr_96,ace,mmr,1.0,1.0,1.0,0.4267,0.5,75.0,1.0,1.0
5a8198565542995ce29dcc13,ace_mmr_96,ace,mmr,1.0,1.0,0.0,0.5844,0.5,77.0,1.0,1.0
5a9068075542990a9849361a,ace_mmr_96,ace,mmr,0.0,0.0,0.0,0.7634,0.5,93.0,1.0,1.0
5a7a2be25542996a35c17118,ace_mmr_96,ace,mmr,0.0,0.0,1.0,0.1905,0.5,84.0,1.0,1.0
5a7562045542992db947364f,ace_mmr_96,ace,mmr,1.0,1.0,1.0,0.0,0.0,81.0,1.0,1.0
5ac2a55b55429921a00ab018,ace_mmr_96,ace,mmr,1.0,1.0,1.0,1.0,1.0,86.0,1.0,1.0
5abccf6755429965836004ab,ace_mmr_96,ace,mmr,0.0,0.5,1.0,0.8478,1.0,92.0,1.0,1.0
5a7c8ae855429935c91b5207,ace_mmr_96,ace,mmr,0.0,0.0,0.0,0.0,0.0,83.0,1.0,1.0
5ab30ebf554299753aec592c,ace_mmr_96,ace,mmr,0.0,0.0,1.0,0.8548,0.5,62.0,0.5,0.0
5ab2b95c5542991669774072,ace_mmr_96,ace,mmr,1.0,1.0,1.0,0.6737,0.5,95.0,1.0,1.0
5ac2a10e554299657fa28fec,ace_mmr_96,ace,mmr,1.0,1.0,1.0,0.5634,0.5,71.0,1.0,1.0
5abb02fe554299232ef4a39f,ace_mmr_96,ace,mmr,1.0,1.0,1.0,1.0,0.5,56.0,1.0,1.0
5a8eb4d65542990e94052b82,ace_mmr_96,ace,mmr,0.0,0.0,0.0,0.1429,0.5,91.0,1.0,1.0
5a8ba60b554299240d9c205b,ace_mmr_96,ace,mmr,1.0,1.0,1.0,0.5213,1.0,94.0,1.0,1.0
5a807ca5554299485f598613,ace_mmr_96,ace,mmr,0.0,0.0,0.0,0.0,0.0,82.0,1.0,1.0
5a7c0dab5542997c3ec972d2,ace_mmr_96,ace,mmr,0.0,0.5,1.0,0.4494,1.0,89.0,1.0,1.0
5a89019a5542995153361259,ace_mmr_96,ace,mmr,0.0,0.0,1.0,0.4725,0.5,91.0,0.5,0.0
5a7f00b455429930675135f1,ace_mmr_96,ace,mmr,0.0,0.0,0.0,1.0,1.0,56.0,1.0,1.0
5a8220db5542995ce29dccc1,ace_mmr_96,ace,mmr,1.0,1.0,1.0,1.0,1.0,89.0,1.0,1.0
5ab510cb5542996a3a96a00f,ace_mmr_96,ace,mmr,0.0,0.0,0.0,0.0,0.0,82.0,1.0,1.0
5a80a25d5542995d8a8ddfb7,ace_mmr_96,ace,mmr,0.0,0.0,0.0,0.1558,0.5,77.0,0.5,0.0
5adf5cd25542992d7e9f9320,ace_mmr_96,ace,mmr,0.0,0.0,0.0,0.5062,0.5,81.0,0.5,0.0
5a75ebfc5542992d0ec06018,ace_mmr_96,ace,mmr,0.0,0.0,0.0,0.519,0.5,79.0,1.0,1.0
5ab29caa554299545a2cf9d3,ace_mmr_96,ace,mmr,1.0,1.0,1.0,0.4938,0.5,81.0,1.0,1.0
5ae0536755429924de1b70a6,ace_mmr_96,ace,mmr,1.0,1.0,0.0,0.4783,1.0,92.0,1.0,1.0
5ae17a9b5542990adbacf7a2,ace_mmr_96,ace,mmr,0.0,0.0,0.0,0.3836,0.5,73.0,1.0,1.0
5a8f503c5542992414482a34,ace_mmr_96,ace,mmr,0.0,0.0,0.0,0.3191,0.5,94.0,0.5,0.0
5ae0159855429925eb1afc09,ace_mmr_96,ace,mmr,1.0,1.0,1.0,0.5132,0.5,76.0,1.0,1.0
5a8b2f2b5542995d1e6f12fa,ace_mmr_96,ace,mmr,0.0,0.0,1.0,0.4255,1.0,94.0,1.0,1.0
5a90386455429916514e7435,ace_mmr_96,ace,mmr,0.0,0.0,1.0,0.6915,1.0,94.0,1.0,1.0
5ab43179554299233955004d,ace_mmr_96,ace,mmr,0.0,0.0,0.0,0.0,0.0,86.0,0.5,0.0
5a8b42be55429949d91db515,ace_mmr_96,ace,mmr,0.0,0.0,1.0,1.0,1.0,91.0,1.0,1.0
5a8d6d4e554299441c6b9fdb,ace_mmr_96,ace,mmr,1.0,1.0,1.0,0.8421,1.0,95.0,1.0,1.0
5ae40a2955429970de88d8a3,ace_mmr_96,ace,mmr,0.0,0.0,0.0,0.3333,0.5,63.0,0.5,0.0
5adcfebe5542992c1e3a24f3,ace_mmr_96,ace,mmr,0.0,0.0,0.0,0.0,0.0,93.0,1.0,1.0
5ab5a3fb5542997d4ad1f19b,ace_mmr_96,ace,mmr,0.0,0.8,0.0,0.6125,0.5,80.0,1.0,1.0
5ac2ffbd554299677310267b,ace_mmr_96,ace,mmr,1.0,1.0,1.0,1.0,1.0,87.0,1.0,1.0
5a7133fa5542994082a3e660,ace_mmr_96,ace,mmr,0.0,0.0,0.0,0.2083,0.5,96.0,1.0,1.0
5abea7c25542990832d3a068,ace_mmr_96,ace,mmr,1.0,1.0,1.0,1.0,1.0,85.0,1.0,1.0
5a8a09765542992d82986e67,ace_mmr_96,ace,mmr,0.0,0.5,0.0,0.6322,1.0,87.0,1.0,1.0
5a72a51355429901807daf21,ace_mmr_96,ace,mmr,0.0,0.5,0.0,0.2159,0.5,88.0,0.5,0.0
5aba72d75542994dbf019912,ace_mmr_96,ace,mmr,1.0,1.0,0.0,0.519,0.5,79.0,1.0,1.0
5adcd9fe5542990d50227d46,ace_mmr_96,ace,mmr,0.0,0.0,1.0,0.3187,0.5,91.0,1.0,1.0
5ae5c212554299546bf82f4b,ace_mmr_96,ace,mmr,1.0,1.0,1.0,1.0,1.0,76.0,1.0,1.0
5a7320565542991f9a20c61d,ace_mmr_96,ace,mmr,0.0,0.0,1.0,0.4105,0.5,95.0,1.0,1.0
5add596f5542990dbb2f7e4d,ace_mmr_96,ace,mmr,0.0,0.0,0.0,0.3488,0.5,86.0,0.5,0.0
5adfb60655429942ec259b08,ace_mmr_96,ace,mmr,0.0,0.3333,0.0,0.0,0.0,66.0,0.5,0.0
5a74adb455429916b01641c6,ace_mmr_96,ace,mmr,0.0,0.0,1.0,0.734,0.5,94.0,1.0,1.0
5ae27df25542992decbdcd2a,ace_mmr_96,ace,mmr,0.0,0.0,0.0,0.2,0.5,80.0,1.0,1.0
5a8baf4b5542996e8ac889c5,ace_mmr_96,ace,mmr,1.0,1.0,1.0,0.4286,1.0,91.0,1.0,1.0
5ae352285542994393b9e685,ace_mmr_96,ace,mmr,1.0,1.0,1.0,0.4667,1.0,90.0,1.0,1.0
5a8e0a005542995085b373a1,ace_mmr_96,ace,mmr,0.0,0.0,0.0,0.3404,0.5,94.0,0.5,0.0
5ab639e65542995eadeeff7f,ace_mmr_96,ace,mmr,0.0,0.8,0.0,0.4348,0.5,69.0,1.0,1.0
5ade99295542992fa25da7d8,ace_mmr_96,ace,mmr,0.0,0.0,0.0,0.3736,0.5,91.0,1.0,1.0
5ac26b7f55429951e9e685ae,ace_mmr_96,ace,mmr,0.0,0.0,0.0,0.4624,0.5,93.0,0.5,0.0
5ae351405542994393b9e67f,ace_mmr_96,ace,mmr,0.0,0.0,0.0,0.6947,0.5,95.0,1.0,1.0
5a7f6f4b5542994857a76740,ace_mmr_96,ace,mmr,0.0,0.0,1.0,0.2581,0.5,93.0,1.0,1.0
5a81346055429926c1cdad13,ace_mmr_96,ace,mmr,0.0,0.1818,0.0,0.3646,0.5,96.0,1.0,1.0
5a716f575542994082a3e82f,ace_mmr_96,ace,mmr,0.0,0.0,1.0,0.6771,1.0,96.0,1.0,1.0
5a812d0555429938b61422e1,ace_mmr_96,ace,mmr,1.0,1.0,0.0,1.0,0.5,70.0,1.0,1.0
5a826d2f5542995ce29dcd05,ace_mmr_96,ace,mmr,0.0,0.0,0.0,0.7708,0.5,96.0,1.0,1.0
5ab67c3f55429954757d32f9,ace_mmr_96,ace,mmr,0.0,0.0,0.0,0.7123,1.0,73.0,1.0,1.0
5ae20e265542994d89d5b325,ace_mmr_96,ace,mmr,0.0,0.0,0.0,0.0,0.0,91.0,0.0,0.0
5ae7eed8554299540e5a56b5,ace_mmr_96,ace,mmr,0.0,0.6667,1.0,0.383,0.5,94.0,1.0,1.0
5a7555215542996c70cfaee1,ace_mmr_96,ace,mmr,1.0,1.0,1.0,0.4471,1.0,85.0,1.0,1.0
5ab9b29c554299743d22ebae,ace_mmr_96,ace,mmr,1.0,1.0,1.0,0.6947,1.0,95.0,1.0,1.0
5ae2c696554299495565db32,ace_mmr_96,ace,mmr,0.0,0.0,0.0,0.0,0.0,79.0,1.0,1.0
5a832f9d5542993344745fe4,ace_mmr_96,ace,mmr,0.0,0.0,0.0,0.0,0.0,85.0,0.5,0.0
5a79e3925542994bb9457130,ace_mmr_96,ace,mmr,0.0,0.0,0.0,0.0,0.0,94.0,1.0,1.0
5ae713af554299572ea546bb,ace_mmr_96,ace,mmr,0.0,0.0,1.0,0.5125,0.5,80.0,1.0,1.0
5ade450b5542997c77adedc5,ace_mmr_96,ace,mmr,0.0,0.0,0.0,0.5385,0.5,78.0,1.0,1.0
5ab3cecd5542992ade7c6eae,ace_mmr_96,ace,mmr,0.0,0.0,0.0,0.4457,0.5,92.0,1.0,1.0
5ae4be5c5542995ad6573e3a,ace_mmr_96,ace,mmr,0.0,0.0,0.0,0.0,0.0,95.0,0.5,0.0
5a8d5ec2554299585d9e37c4,ace_mmr_96,ace,mmr,0.0,0.0,0.0,0.6667,0.5,90.0,1.0,1.0
5ae765185542995703ce8c0f,ace_mmr_96,ace,mmr,1.0,1.0,1.0,1.0,1.0,88.0,1.0,1.0
5ab2c6a955429916697740c2,ace_mmr_96,ace,mmr,1.0,1.0,1.0,1.0,1.0,89.0,1.0,1.0
5ab6369655429953192ad2a1,ace_mmr_96,ace,mmr,0.0,0.0,1.0,0.5824,0.5,91.0,1.0,1.0
5a7b220855429931da12c9e5,ace_mmr_96,ace,mmr,0.0,0.0,0.0,0.8022,0.5,91.0,1.0,1.0
5a81d92f554299676cceb0f9,ace_mmr_96,ace,mmr,0.0,0.0,0.0,0.3412,0.5,85.0,1.0,1.0
5a7b735c5542997c3ec9718a,ace_mmr_96,ace,mmr,0.0,0.0,0.0,0.375,0.5,88.0,1.0,1.0
5a724a2b5542990c210a40bc,ace_mmr_96,ace,mmr,0.0,0.6667,0.0,0.0,0.0,94.0,0.5,0.0
5ae5db98554299546bf82fa6,ace_mmr_96,ace,mmr,0.0,0.0,0.0,1.0,1.0,69.0,1.0,1.0
5a7344e95542991f9a20c6ce,ace_mmr_96,ace,mmr,0.0,0.0,0.0,0.0,0.0,96.0,0.5,0.0
5ab6dbc15542995eadef00cd,ace_mmr_96,ace,mmr,0.0,0.0,1.0,1.0,1.0,77.0,1.0,1.0
5a88016b5542997e5c09a58a,ace_mmr_96,ace,mmr,0.0,0.5,1.0,1.0,1.0,91.0,1.0,1.0
5ab5e024554299494045f097,ace_mmr_96,ace,mmr,0.0,0.0,0.0,0.3936,0.5,94.0,1.0,1.0
5ac44629554299194317395d,ace_mmr_96,ace,mmr,0.0,0.0,0.0,0.5833,0.5,96.0,0.5,0.0
5a7afdc85542992d025e672e,ace_mmr_96,ace,mmr,0.0,0.0,0.0,0.0,0.0,93.0,0.5,0.0
5ae834e95542997ec272776a,ace_mmr_96,ace,mmr,1.0,1.0,1.0,0.6437,0.5,87.0,1.0,1.0
5abbdb335542992ccd8e7fc1,ace_mmr_96,ace,mmr,0.0,0.0,0.0,0.4353,0.5,85.0,1.0,1.0
5a79c9cc554299148911fa53,ace_mmr_96,ace,mmr,1.0,1.0,1.0,0.4023,0.5,87.0,0.5,0.0
5ac38c0755429939154137bb,ace_mmr_96,ace,mmr,0.0,0.0,0.0,0.5222,0.5,90.0,1.0,1.0
5a8b7cb95542995d1e6f13bb,ace_mmr_96,ace,mmr,0.0,0.0,0.0,0.0,0.0,96.0,0.0,0.0
5addfdfa5542997dc790710b,ace_mmr_96,ace,mmr,0.0,0.0,0.0,0.0,0.0,83.0,1.0,1.0
5a88d745554299206df2b378,ace_mmr_96,ace,mmr,0.0,0.0,1.0,0.5281,1.0,89.0,1.0,1.0
5ae6940e5542991bbc97613f,ace_mmr_96,ace,mmr,0.0,0.6667,1.0,0.6707,1.0,82.0,1.0,1.0
5abe3abb55429965af743ea1,ace_mmr_96,ace,mmr,0.0,0.0,0.0,0.0,0.0,91.0,0.5,0.0
5a8ba9d255429971feec4759,ace_mmr_96,ace,mmr,0.0,0.0,0.0,0.5595,0.5,84.0,1.0,1.0
5ab2b6fb5542992953946848,ace_mmr_96,ace,mmr,0.0,0.0,0.0,0.2526,0.5,95.0,1.0,1.0
5adfd2f255429925eb1afaa5,ace_mmr_96,ace,mmr,0.0,0.0,0.0,0.4658,0.5,73.0,0.5,0.0
5a7a33a35542994f819ef14c,ace_mmr_96,ace,mmr,1.0,1.0,1.0,0.7368,1.0,95.0,1.0,1.0
5a8ba07d5542996e8ac88985,ace_mmr_96,ace,mmr,0.0,0.0,0.0,0.5729,0.5,96.0,0.5,0.0
5ab8f57b5542991b5579f097,ace_mmr_96,ace,mmr,0.0,0.0,0.0,0.2375,0.5,80.0,0.5,0.0
5abfb3425542990832d3a1c0,ace_mmr_96,ace,mmr,0.0,0.0,0.0,0.0,0.0,91.0,0.5,0.0
5ab5ac345542992aa134a37f,ace_mmr_96,ace,mmr,0.0,0.0,0.0,0.6087,0.5,69.0,1.0,1.0
5a8e63d65542995085b37421,ace_mmr_96,ace,mmr,1.0,1.0,0.0,0.7901,1.0,81.0,1.0,1.0
5a89706055429951533612f9,ace_mmr_96,ace,mmr,0.0,0.0,1.0,0.6711,1.0,76.0,1.0,1.0
5a8e612b5542995085b3741b,ace_mmr_96,ace,mmr,0.0,0.0,1.0,0.5263,0.5,76.0,1.0,1.0
5a738fb4554299623ed4abf9,ace_mmr_96,ace,mmr,0.0,0.5,0.0,0.4479,0.5,96.0,1.0,1.0
5a8bc29a5542995d1e6f1446,ace_mmr_96,ace,mmr,0.0,0.0,0.0,0.6737,0.5,95.0,0.5,0.0
5abfe2a15542997d6429591c,ace_mmr_96,ace,mmr,0.0,0.0,1.0,0.4235,1.0,85.0,1.0,1.0
5a868ca055429960ec39b6be,ace_mmr_96,ace,mmr,0.0,0.0,0.0,0.0,0.0,94.0,0.5,0.0
5a820f2c55429926c1cdae17,ace_mmr_96,ace,mmr,0.0,0.0,0.0,0.3895,0.5,95.0,1.0,1.0
5ae5a4e5554299546bf82f01,ace_mmr_96,ace,mmr,0.0,0.75,1.0,0.4333,0.5,90.0,1.0,1.0
5a8d0c74554299585d9e37a1,ace_mmr_96,ace,mmr,0.0,0.0,0.0,0.4886,0.5,88.0,1.0,1.0
5ab9d7e4554299232ef4a21f,ace_mmr_96,ace,mmr,0.0,0.0,0.0,1.0,0.5,91.0,1.0,1.0
5a7148d25542994082a3e766,ace_mmr_96,ace,mmr,1.0,1.0,1.0,0.3793,0.5,87.0,1.0,1.0
5ae6233c5542992ae0d1623e,ace_mmr_96,ace,mmr,0.0,0.7619,1.0,0.5824,0.5,91.0,1.0,1.0
5adff2aa554299603e4183d0,ace_mmr_96,ace,mmr,0.0,0.0,1.0,0.6164,0.5,73.0,1.0,1.0
5ade7fa3554299728e26c727,ace_mmr_96,ace,mmr,0.0,0.0,0.0,0.7586,0.5,87.0,1.0,1.0
5a8f38fa55429924144829f5,ace_mmr_96,ace,mmr,0.0,0.0,0.0,0.0,0.0,90.0,0.5,0.0
5a8f51695542992414482a3e,ace_mmr_96,ace,mmr,0.0,0.0,0.0,0.0,0.0,84.0,0.5,0.0
5a88db445542993b751ca88a,ace_mmr_96,ace,mmr,1.0,1.0,1.0,0.4382,0.5,89.0,1.0,1.0
5a7ef6b35542994959419a94,ace_mmr_96,ace,mmr,0.0,0.6667,0.0,0.2118,0.5,85.0,1.0,1.0
5a8e494e5542995a26add4c8,ace_mmr_96,ace,mmr,0.0,0.5,1.0,1.0,1.0,96.0,1.0,1.0
5ab5d43f5542997d4ad1f1f6,ace_mmr_96,ace,mmr,0.0,0.0,1.0,0.8,1.0,85.0,1.0,1.0
5a7905ca554299148911f9c8,ace_mmr_96,ace,mmr,0.0,0.0,0.0,0.5775,0.5,71.0,0.5,0.0
5ab30f9a554299233954fef2,ace_mmr_96,ace,mmr,0.0,0.0,0.0,0.0,0.0,63.0,1.0,1.0
5ab3849a55429969a97a8170,ace_mmr_96,ace,mmr,1.0,1.0,1.0,0.5714,0.5,77.0,0.5,0.0
5a7bc5f255429927d897c03e,ace_mmr_96,ace,mmr,0.0,0.0,0.0,0.2692,0.5,78.0,1.0,1.0
5a7f22005542993067513657,ace_mmr_96,ace,mmr,1.0,1.0,1.0,1.0,1.0,80.0,1.0,1.0
5ab925fd554299131ca42281,ace_mmr_96,ace,mmr,0.0,0.0,0.0,1.0,1.0,82.0,1.0,1.0
5a76244c554299109176e65d,ace_mmr_96,ace,mmr,0.0,0.0,0.0,0.4937,0.5,79.0,0.5,0.0
5ab53bee554299637185c526,ace_mmr_96,ace,mmr,0.0,0.0,0.0,0.5053,0.5,95.0,0.5,0.0
5ab6aa4c55429953192ad359,ace_mmr_96,ace,mmr,0.0,0.0,0.0,0.0,0.0,58.0,0.5,0.0
5abe832a55429965af743f29,ace_mmr_96,ace,mmr,0.0,0.3636,1.0,0.4375,0.5,96.0,0.5,0.0
5ab5b732554299494045f03c,ace_mmr_96,ace,mmr,0.0,0.0,0.0,0.5111,0.5,90.0,1.0,1.0
5adffb4655429925eb1afbbf,ace_mmr_96,ace,mmr,0.0,0.0,1.0,0.5806,0.5,93.0,0.5,0.0
5ae6d3345542996d980e7c85,ace_mmr_96,ace,mmr,0.0,0.0,1.0,0.3544,0.5,79.0,1.0,1.0
5ab878ba55429916710eb06c,ace_mmr_96,ace,mmr,0.0,0.0,1.0,0.8421,1.0,95.0,1.0,1.0
5a7509175542993748c897a3,ace_mmr_96,ace,mmr,1.0,1.0,1.0,0.5476,0.5,84.0,1.0,1.0
5a8ac38855429970aeb70300,ace_mmr_96,ace,mmr,0.0,0.0,0.0,0.2581,0.5,93.0,1.0,1.0
5a8bc03d5542996e8ac88a0b,ace_mmr_96,ace,mmr,0.0,0.0,0.0,0.5532,0.5,94.0,1.0,1.0
5ae4ad375542995dadf243a4,ace_mmr_96,ace,mmr,0.0,0.0,0.0,0.3804,0.5,92.0,0.5,0.0
5a7da0de5542990b8f5039d7,ace_mmr_96,ace,mmr,0.0,0.8,0.0,0.4045,1.0,89.0,1.0,1.0
5a8af0a355429950cd6afc1c,ace_mmr_96,ace,mmr,0.0,0.0,0.0,0.5366,0.5,82.0,1.0,1.0
5a73522d5542994cef4bc541,ace_mmr_96,ace,mmr,0.0,0.0,0.0,0.0,0.0,92.0,1.0,1.0
5ab3a83d5542992ade7c6e08,ace_mmr_96,ace,mmr,0.0,0.0,0.0,0.4247,0.5,73.0,1.0,1.0
5ab84d5a55429916710eb028,ace_mmr_96,ace,mmr,0.0,0.0,0.0,0.7024,0.5,84.0,1.0,1.0
5a7f57a45542992097ad2f29,ace_mmr_96,ace,mmr,0.0,0.0,1.0,0.6024,0.5,83.0,1.0,1.0
5ae764a85542997b22f6a720,ace_mmr_96,ace,mmr,0.0,0.0,0.0,0.0,0.0,91.0,1.0,1.0
5a7b1023554299042af8f6c2,ace_mmr_96,ace,mmr,1.0,1.0,1.0,1.0,1.0,81.0,1.0,1.0
5a80707e5542992bc0c4a70e,ace_mmr_96,ace,mmr,0.0,0.25,0.0,0.0,0.0,80.0,1.0,1.0
5a8e16a5554299068b959e58,ace_mmr_96,ace,mmr,1.0,1.0,1.0,0.4304,0.5,79.0,1.0,1.0
5a875cd65542996e4f30879d,ace_mmr_96,ace,mmr,1.0,1.0,1.0,1.0,1.0,82.0,1.0,1.0
5a78d16455429974737f78bb,ace_mmr_96,ace,mmr,0.0,0.8,1.0,0.5895,1.0,95.0,1.0,1.0
5a895f6155429946c8d6e914,ace_mmr_96,ace,mmr,0.0,0.5,0.0,0.1579,0.5,95.0,0.5,0.0
5a84f8555542997175ce1f3a,ace_mmr_96,ace,mmr,0.0,0.0,0.0,0.0,0.0,84.0,1.0,1.0
5ab31adc554299233954ff0a,ace_mmr_96,ace,mmr,0.0,0.0,0.0,0.5055,0.5,91.0,1.0,1.0
5ac3ba1855429939154138f3,ace_mmr_96,ace,mmr,0.0,0.0,0.0,0.625,0.5,96.0,0.5,0.0
5a7380b955429908901be2d4,ace_mmr_96,ace,mmr,0.0,0.0,1.0,0.4674,0.5,92.0,1.0,1.0
5a8f92fb55429918e830d271,ace_mmr_96,ace,mmr,0.0,0.0,0.0,0.7222,0.5,90.0,1.0,1.0
5a88082055429938390d3ed2,ace_mmr_96,ace,mmr,0.0,0.2857,0.0,0.7742,0.5,93.0,1.0,1.0
5a7d22dc5542995ed0d16600,ace_mmr_96,ace,mmr,0.0,0.0,0.0,0.2234,0.5,94.0,1.0,1.0
5ae291bb5542996483e649f6,ace_mmr_96,ace,mmr,0.0,0.0,1.0,0.4421,0.5,95.0,0.5,0.0
5abfde655542997719eab6f2,ace_mmr_96,ace,mmr,0.0,0.0,1.0,0.6049,0.5,81.0,1.0,1.0
5ae67fad5542991bbc976100,ace_mmr_96,ace,mmr,0.0,0.0,0.0,0.4706,0.5,85.0,0.5,0.0
5ab2a1f35542997061209677,ace_mmr_96,ace,mmr,0.0,0.8,0.0,0.6629,0.5,89.0,1.0,1.0
5a74ab6055429916b01641b9,ace_mmr_96,ace,mmr,1.0,1.0,1.0,0.5352,0.5,71.0,0.5,0.0
5a8b97485542995d1e6f140f,ace_mmr_96,ace,mmr,0.0,0.0,1.0,0.6341,1.0,82.0,1.0,1.0
5adcdc6c5542992c1e3a2437,ace_mmr_96,ace,mmr,0.0,0.0,0.0,0.0,0.0,79.0,0.5,0.0
5ae73ddb554299572ea5478d,ace_mmr_96,ace,mmr,1.0,1.0,1.0,0.4167,0.5,96.0,1.0,1.0
5ade618e554299728e26c700,ace_mmr_96,ace,mmr,0.0,0.0,1.0,0.55,1.0,80.0,1.0,1.0
5a76404b5542994ccc91873d,ace_mmr_96,ace,mmr,1.0,1.0,0.0,0.4222,0.5,90.0,1.0,1.0
5ac44b47554299194317396c,ace_mmr_96,ace,mmr,0.0,0.1818,1.0,0.7609,0.5,92.0,1.0,1.0
5ac27afa5542990b17b153b5,ace_mmr_96,ace,mmr,0.0,0.0,0.0,0.7473,0.5,91.0,0.5,0.0
5ac2c4fe554299218029db3b,ace_mmr_96,ace,mmr,0.0,0.0,0.0,0.4894,0.5,94.0,1.0,1.0
5ae49b705542995ad6573dbc,ace_mmr_96,ace,mmr,0.0,0.25,1.0,0.6067,1.0,89.0,1.0,1.0
5ae5fc345542993aec5ec1f8,ace_mmr_96,ace,mmr,1.0,1.0,1.0,0.4342,0.5,76.0,1.0,1.0
5a8d651955429941ae14dfaf,ace_mmr_96,ace,mmr,1.0,1.0,0.0,0.6702,1.0,94.0,1.0,1.0
5a839cb9554299123d8c2169,ace_mmr_96,ace,mmr,1.0,1.0,0.0,0.3333,0.5,84.0,0.5,0.0
5adbe1b355429944faac23a0,ace_mmr_96,ace,mmr,1.0,1.0,0.0,0.0,0.0,90.0,0.5,0.0
5ac29cf8554299218029dac2,ace_mmr_96,ace,mmr,0.0,0.0,0.0,0.0,0.0,79.0,0.5,0.0
5ae21ef35542994d89d5b35d,ace_mmr_96,ace,mmr,0.0,0.0,0.0,0.6771,0.5,96.0,1.0,1.0
5ae1ebf95542997283cd22f2,ace_mmr_96,ace,mmr,1.0,1.0,1.0,0.6771,1.0,96.0,1.0,1.0
5a8b98665542995d1e6f1413,ace_mmr_96,ace,mmr,1.0,1.0,1.0,0.4667,1.0,90.0,1.0,1.0
5ae3d67f5542992f92d8238f,ace_mmr_96,ace,mmr,0.0,0.0,0.0,0.3721,0.5,86.0,0.5,0.0
5a8cb4b2554299585d9e372a,ace_mmr_96,ace,mmr,0.0,0.4444,1.0,0.0,0.0,82.0,1.0,1.0
5ae30aa05542992decbdcdd7,ace_mmr_96,ace,mmr,0.0,0.0,1.0,1.0,1.0,75.0,1.0,1.0
5adcaa7f5542990d50227cdb,ace_mmr_96,ace,mmr,0.0,0.0,0.0,0.5,1.0,94.0,1.0,1.0
5a8d40715542994ba4e3dc3a,ace_mmr_96,ace,mmr,0.0,0.6667,0.0,0.7253,1.0,91.0,1.0,1.0
5ae4f2595542990ba0bbb1a8,ace_mmr_96,ace,mmr,1.0,1.0,1.0,0.2989,0.5,87.0,0.5,0.0
5ac507725542994611c8b32a,ace_mmr_96,ace,mmr,0.0,0.0,0.0,0.4667,0.5,90.0,0.5,0.0
5a8f5bb45542992414482a77,ace_mmr_96,ace,mmr,0.0,0.0,1.0,0.4375,1.0,96.0,1.0,1.0
5ae1f2d4554299234fd04358,ace_mmr_96,ace,mmr,0.0,0.0,0.0,0.3488,0.5,86.0,0.5,0.0
5ae2fca555429928c423958a,ace_mmr_96,ace,mmr,0.0,0.0,0.0,0.4432,0.5,88.0,0.5,0.0
5adc0f8d55429947ff1738ef,ace_mmr_96,ace,mmr,1.0,1.0,0.0,0.4,0.5,95.0,1.0,1.0
5add64065542995b365fab25,ace_mmr_96,ace,mmr,0.0,0.0,0.0,0.5429,0.5,70.0,1.0,1.0
5a7d26bd554299452d57bb28,ace_mmr_96,ace,mmr,1.0,1.0,1.0,0.5474,0.5,95.0,1.0,1.0
5abba581554299642a094af9,ace_mmr_96,ace,mmr,0.0,0.0,0.0,0.1605,0.5,81.0,0.5,0.0
5a7f89c75542994857a76775,ace_mmr_96,ace,mmr,0.0,0.0,0.0,0.9733,0.5,75.0,0.5,0.0
5ae531695542990ba0bbb1fb,ace_mmr_96,ace,mmr,0.0,0.0,0.0,0.5761,0.5,92.0,0.5,0.0
5a8d5f16554299585d9e37c5,ace_mmr_96,ace,mmr,1.0,1.0,0.0,1.0,1.0,95.0,1.0,1.0
5ade1f1c55429939a52fe82d,ace_mmr_96,ace,mmr,1.0,1.0,1.0,0.557,0.5,79.0,1.0,1.0
5a70f4c45542994082a3e437,ace_mmr_96,ace,mmr,1.0,1.0,1.0,0.378,0.5,82.0,1.0,1.0
5a8a07af55429970aeb70222,ace_mmr_96,ace,mmr,0.0,0.0,0.0,0.4194,0.5,93.0,1.0,1.0
5abd332e5542993062266bdd,ace_mmr_96,ace,mmr,0.0,0.0,0.0,0.0,0.0,94.0,0.0,0.0
5ae4869755429970de88d99a,ace_mmr_96,ace,mmr,0.0,0.0,0.0,0.3483,0.5,89.0,1.0,1.0
5a8d841955429941ae14dfe6,ace_mmr_96,ace,mmr,0.0,0.0,1.0,0.3667,0.5,90.0,1.0,1.0
5a87c0945542996e4f30890b,ace_mmr_96,ace,mmr,1.0,1.0,0.0,0.3034,0.5,89.0,1.0,1.0
5a8a9bc15542996c9b8d5f36,ace_mmr_96,ace,mmr,1.0,1.0,1.0,0.6163,1.0,86.0,1.0,1.0
5adc93a4554299438c868e01,ace_mmr_96,ace,mmr,0.0,0.0,0.0,1.0,0.5,91.0,0.5,0.0
5ae564a155429960a22e02e4,ace_mmr_96,ace,mmr,0.0,0.0,1.0,1.0,1.0,79.0,1.0,1.0
5ab56b9b5542997d4ad1f113,ace_mmr_96,ace,mmr,0.0,0.0,1.0,0.475,0.5,80.0,1.0,1.0
5a74d9c555429929fddd84fb,ace_mmr_96,ace,mmr,1.0,1.0,1.0,0.1889,0.5,90.0,1.0,1.0
5a8af56855429950cd6afc2f,ace_mmr_96,ace,mmr,0.0,0.0,0.0,0.2727,0.5,77.0,0.5,0.0
5ab3c470554299233954ffa1,ace_mmr_96,ace,mmr,1.0,1.0,1.0,1.0,1.0,95.0,1.0,1.0
5ae20c465542997283cd236a,ace_mmr_96,ace,mmr,0.0,0.0,0.0,0.7619,0.5,84.0,0.5,0.0
5ab5b701554299637185c5e7,ace_mmr_96,ace,mmr,0.0,0.0,0.0,0.0,0.0,91.0,0.5,0.0
5ae829ea5542997ec2727738,ace_mmr_96,ace,mmr,0.0,0.4,0.0,0.0,0.0,82.0,0.5,0.0
5ac546975542993e66e8229a,ace_mmr_96,ace,mmr,1.0,1.0,1.0,0.4857,0.5,70.0,1.0,1.0
5a81a63c5542990a1d231e45,ace_mmr_96,ace,mmr,0.0,0.5,0.0,1.0,0.5,85.0,1.0,1.0
5a72af155542992359bc316c,ace_mmr_96,ace,mmr,1.0,1.0,1.0,0.5604,0.5,91.0,1.0,1.0
5abd6f0855429933744ab7d5,ace_mmr_96,ace,mmr,0.0,0.0,0.0,0.3763,0.5,93.0,1.0,1.0
5adefcf15542995ec70e8f4c,ace_mmr_96,ace,mmr,0.0,0.0,0.0,0.0,0.0,95.0,1.0,1.0
5ae15ae25542990adbacf767,ace_mmr_96,ace,mmr,0.0,0.0,0.0,1.0,1.0,91.0,1.0,1.0
5abbf43d5542993f40c73c2f,ace_mmr_96,ace,mmr,1.0,1.0,0.0,0.0,0.0,86.0,1.0,1.0
5a7ab1b055429927d897bef4,ace_mmr_96,ace,mmr,1.0,1.0,1.0,0.2258,0.5,93.0,1.0,1.0
5a7d2afd5542995f4f402221,ace_mmr_96,ace,mmr,1.0,1.0,1.0,0.622,1.0,82.0,1.0,1.0
5a84c0765542991dd0999dd9,ace_mmr_96,ace,mmr,0.0,0.0,0.0,0.5072,0.5,69.0,0.5,0.0
5ae0bc185542993d6555ec29,ace_mmr_96,ace,mmr,0.0,0.0,0.0,0.0,0.0,93.0,0.5,0.0
5a7cef5d55429909bec768ac,ace_mmr_96,ace,mmr,0.0,0.0,0.0,0.25,0.5,96.0,1.0,1.0
5a899f4955429946c8d6e971,ace_mmr_96,ace,mmr,1.0,1.0,1.0,0.7059,0.5,85.0,0.5,0.0
5a8ed7b455429917b4a5bdd1,ace_mmr_96,ace,mmr,0.0,0.8,1.0,0.5319,0.5,94.0,1.0,1.0
5a835a265542992ef85e2281,ace_mmr_96,ace,mmr,0.0,0.5,1.0,0.8068,1.0,88.0,1.0,1.0
5a8c52685542995e66a475bb,ace_mmr_96,ace,mmr,0.0,0.6667,1.0,0.7952,1.0,83.0,1.0,1.0
5ab4e48655429942dd415f9c,ace_mmr_96,ace,mmr,0.0,0.0,0.0,0.0,0.0,93.0,0.5,0.0
5ae67dba55429908198fa5f0,ace_mmr_96,ace,mmr,0.0,0.0,0.0,0.2921,0.5,89.0,0.5,0.0
5ae13c5155429920d5234336,ace_mmr_96,ace,mmr,0.0,0.3333,1.0,1.0,1.0,71.0,1.0,1.0
5ab2b7405542991669774069,ace_mmr_96,ace,mmr,0.0,0.0,0.0,0.3684,0.5,95.0,1.0,1.0
5ab1c693554299722f9b4c66,ace_mmr_96,ace,mmr,1.0,1.0,1.0,0.7273,1.0,88.0,1.0,1.0
5ae692e35542996d980e7c0e,ace_mmr_96,ace,mmr,0.0,0.0,0.0,0.4382,0.5,89.0,1.0,1.0
5a7f74975542992097ad2f77,ace_mmr_96,ace,mmr,0.0,0.0,0.0,0.4255,0.5,94.0,0.5,0.0
5a7e30b255429934daa2fbeb,ace_mmr_96,ace,mmr,1.0,1.0,1.0,0.3864,0.5,88.0,1.0,1.0
5a7ca95b55429935c91b5287,ace_mmr_96,ace,mmr,1.0,1.0,1.0,0.3617,0.5,94.0,0.5,0.0
5abfa18f5542990832d3a176,ace_mmr_96,ace,mmr,1.0,1.0,1.0,0.5368,0.5,95.0,1.0,1.0
5a8a39b355429930ff3c0d13,ace_mmr_96,ace,mmr,1.0,1.0,1.0,0.0,0.0,93.0,0.5,0.0
5ab2958c554299449642c912,ace_mmr_96,ace,mmr,0.0,0.0,0.0,0.7816,1.0,87.0,1.0,1.0
5ae7eaf65542994a481bbe1d,ace_mmr_96,ace,mmr,0.0,0.0,0.0,0.3582,0.5,67.0,1.0,1.0
5aba916c55429901930fa83b,ace_mmr_96,ace,mmr,1.0,1.0,1.0,0.4176,0.5,91.0,0.5,0.0
5ac0d981554299012d1db646,ace_mmr_96,ace,mmr,1.0,1.0,1.0,0.2128,0.5,94.0,1.0,1.0
5ade653f55429975fa854ebb,ace_mmr_96,ace,mmr,0.0,0.75,1.0,0.4194,0.5,93.0,0.5,0.0
5ab54e145542992aa134a2a1,ace_mmr_96,ace,mmr,0.0,0.0,0.0,1.0,0.5,77.0,1.0,1.0
5a8518a75542994c784ddaf7,ace_mmr_96,ace,mmr,0.0,0.0,1.0,0.6778,0.5,90.0,1.0,1.0
5ac175635542994ab5c67d4b,ace_mmr_96,ace,mmr,0.0,0.0,0.0,0.0,0.0,86.0,0.5,0.0
5abd889f55429924427fd046,ace_mmr_96,ace,mmr,0.0,0.0,0.0,0.4824,0.5,85.0,1.0,1.0
5a772c925542993735360208,ace_mmr_96,ace,mmr,0.0,0.0,1.0,0.382,0.5,89.0,1.0,1.0
5ab492155542991779162ce3,ace_mmr_96,ace,mmr,0.0,0.25,0.0,0.4286,0.5,91.0,0.5,0.0
5ae5ef105542996de7b71a72,ace_mmr_96,ace,mmr,0.0,0.0,1.0,0.6277,0.5,94.0,1.0,1.0
5a8ad2f3554299515336138d,ace_mmr_96,ace,mmr,0.0,0.0,0.0,0.4483,0.5,87.0,1.0,1.0
5a7d07a455429907fabef0ae,ace_mmr_96,ace,mmr,0.0,0.5,1.0,0.7204,1.0,93.0,1.0,1.0
5aba89d555429901930fa816,ace_mmr_96,ace,mmr,0.0,0.5,0.0,0.7826,0.5,92.0,1.0,1.0
5a8c7623554299653c1aa07a,ace_mmr_96,ace,mmr,1.0,1.0,1.0,0.2553,0.5,94.0,1.0,1.0
5a79ecd05542996c55b2dca1,ace_mmr_96,ace,mmr,0.0,0.0,0.0,0.0,0.0,85.0,0.5,0.0
5adec4695542992fa25da83a,ace_mmr_96,ace,mmr,0.0,0.0,1.0,0.6889,0.5,90.0,1.0,1.0
5ae608f2554299546bf83026,ace_mmr_96,ace,mmr,1.0,1.0,1.0,0.7356,1.0,87.0,1.0,1.0
5abfd5c45542994516f4550e,ace_mmr_96,ace,mmr,0.0,0.0,0.0,0.6737,0.5,95.0,1.0,1.0
5adce12e5542990d50227d4f,ace_mmr_96,ace,mmr,1.0,1.0,1.0,0.4111,0.5,90.0,1.0,1.0
5a851b0d5542997175ce1f7f,ace_mmr_96,ace,mmr,0.0,0.0,0.0,0.3976,0.5,83.0,1.0,1.0
5ae164cf5542997b2ef7d1cd,ace_mmr_96,ace,mmr,1.0,1.0,1.0,1.0,1.0,96.0,1.0,1.0
5a8c493e554299653c1aa020,ace_mmr_96,ace,mmr,0.0,0.0,0.0,0.5342,0.5,73.0,0.5,0.0
5a89dbec554299669944a5d6,ace_mmr_96,ace,mmr,0.0,0.0,0.0,0.6854,1.0,89.0,1.0,1.0
5ae1389655429901ffe4ae05,ace_mmr_96,ace,mmr,0.0,0.6667,1.0,1.0,1.0,81.0,1.0,1.0
5adc6a3b55429947ff173953,ace_mmr_96,ace,mmr,1.0,1.0,0.0,1.0,0.5,67.0,1.0,1.0
5ac02880554299012d1db5c0,ace_mmr_96,ace,mmr,1.0,1.0,1.0,0.7349,1.0,83.0,1.0,1.0
5aba0c2655429955dce3edb7,ace_mmr_96,ace,mmr,0.0,0.0,1.0,0.4598,0.5,87.0,0.5,0.0
5add44c25542997545bbbd0a,ace_mmr_96,ace,mmr,0.0,0.2857,0.0,0.3404,0.5,94.0,1.0,1.0
5a7616755542992d0ec06028,ace_mmr_96,ace,mmr,0.0,0.0,0.0,0.6292,0.5,89.0,1.0,1.0
5add1d575542992c1e3a2540,ace_submod_96,ace,submod,0.0,0.0,0.0,0.2949,0.5,78.0,0.5,0.0
5ac55ea55542993e66e82377,ace_submod_96,ace,submod,0.0,0.8,0.0,0.5667,0.5,90.0,1.0,1.0
5ac3a76e554299741d48a2be,ace_submod_96,ace,submod,1.0,1.0,1.0,0.7368,1.0,95.0,1.0,1.0
5a7133565542994082a3e65c,ace_submod_96,ace,submod,0.0,0.6667,1.0,0.5921,1.0,76.0,1.0,1.0
5ac1a4745542991316484b82,ace_submod_96,ace,submod,0.0,0.0,0.0,0.3659,0.5,82.0,0.5,0.0
5adc597d55429947ff17392f,ace_submod_96,ace,submod,0.0,0.0,0.0,0.413,0.5,92.0,0.5,0.0
5ac55e835542993e66e82375,ace_submod_96,ace,submod,1.0,1.0,1.0,0.4205,0.5,88.0,1.0,1.0
5a8d9e0f554299441c6ba015,ace_submod_96,ace,submod,0.0,0.0,0.0,0.2065,0.5,92.0,0.5,0.0
5ae70ed7554299572ea546a1,ace_submod_96,ace,submod,0.0,0.0,0.0,0.3258,0.5,89.0,1.0,1.0
5a74a8fa55429929fddd8497,ace_submod_96,ace,submod,0.0,0.0,0.0,0.3763,0.5,93.0,1.0,1.0
5a7cb94f554299683c1c6353,ace_submod_96,ace,submod,0.0,0.0,0.0,0.3951,0.5,81.0,0.5,0.0
5ab874ba5542990e739ec904,ace_submod_96,ace,submod,1.0,1.0,1.0,1.0,1.0,93.0,1.0,1.0
5ae3a8985542992f92d82329,ace_submod_96,ace,submod,0.0,0.0,1.0,0.6632,1.0,95.0,1.0,1.0
5ac39f7b554299218029dbe7,ace_submod_96,ace,submod,0.0,0.0,0.0,0.6111,0.5,90.0,1.0,1.0
5ae27b535542996483e649b6,ace_submod_96,ace,submod,1.0,1.0,1.0,1.0,1.0,72.0,1.0,1.0
5a7331de5542994cef4bc4a8,ace_submod_96,ace,submod,0.0,0.129,1.0,0.5949,0.5,79.0,1.0,1.0
5ac15de55542991316484afb,ace_submod_96,ace,submod,0.0,0.0,0.0,0.0,0.0,81.0,1.0,1.0
5a7c6c9d554299683c1c6302,ace_submod_96,ace,submod,0.0,0.0,0.0,0.2,0.5,80.0,0.5,0.0
5ae6363b55429929b0807af0,ace_submod_96,ace,submod,0.0,0.0,0.0,0.3368,0.5,95.0,0.5,0.0
5a8cea40554299441c6b9f76,ace_submod_96,ace,submod,0.0,0.0,1.0,0.3971,0.5,68.0,1.0,1.0
5ab5ecd75542992aa134a3e6,ace_submod_96,ace,submod,0.0,0.8571,1.0,0.4583,0.5,96.0,0.5,0.0
5a84c5545542991dd0999dee,ace_submod_96,ace,submod,0.0,0.0,0.0,0.5135,0.5,74.0,0.5,0.0
5adeacf955429975fa854f66,ace_submod_96,ace,submod,0.0,0.0,0.0,0.0,0.0,83.0,0.5,0.0
5a8ce15d554299653c1aa12f,ace_submod_96,ace,submod,0.0,0.0,0.0,0.4062,0.5,96.0,1.0,1.0
5ade4da055429939a52fe878,ace_submod_96,ace,submod,1.0,1.0,0.0,0.2247,0.5,89.0,1.0,1.0
5ab2a186554299295394677b,ace_submod_96,ace,submod,0.0,0.0,1.0,0.4933,0.5,75.0,1.0,1.0
5ade66e1554299728e26c713,ace_submod_96,ace,submod,1.0,1.0,1.0,0.5632,0.5,87.0,1.0,1.0
5a7c634c55429907fabeef79,ace_submod_96,ace,submod,1.0,1.0,1.0,0.4471,0.5,85.0,1.0,1.0
5ae13f3c5542997b2ef7d168,ace_submod_96,ace,submod,0.0,0.0,0.0,0.6486,0.5,74.0,0.5,0.0
5ae17cd055429901ffe4aea3,ace_submod_96,ace,submod,1.0,1.0,1.0,0.7556,1.0,90.0,1.0,1.0
5ae7940c55429952e35ea984,ace_submod_96,ace,submod,0.0,0.5,0.0,0.2989,0.5,87.0,0.5,0.0
5a7296815542991f9a20c515,ace_submod_96,ace,submod,1.0,1.0,1.0,0.2778,0.5,90.0,1.0,1.0
5ab2e8ad554299340b525562,ace_submod_96,ace,submod,1.0,1.0,1.0,1.0,1.0,91.0,1.0,1.0
5a89b1de5542992e4fca8378,ace_submod_96,ace,submod,0.0,0.0,0.0,0.2833,0.5,60.0,1.0,1.0
5ab78edc5542995dae37e95c,ace_submod_96,ace,submod,0.0,0.0,0.0,0.4667,0.5,90.0,0.5,0.0
5ae73acb5542991e8301cc07,ace_submod_96,ace,submod,0.0,0.0,1.0,0.3908,0.5,87.0,1.0,1.0
5a8257fa55429940e5e1a866,ace_submod_96,ace,submod,1.0,1.0,1.0,0.3191,0.5,94.0,1.0,1.0
5a8d8e4f5542994ba4e3dca7,ace_submod_96,ace,submod,0.0,0.5,1.0,1.0,0.5,67.0,1.0,1.0
5a8a07725542992d82986e5b,ace_submod_96,ace,submod,1.0,1.0,0.0,0.7024,0.5,84.0,0.5,0.0
5a79fac85542996c55b2dcc1,ace_submod_96,ace,submod,0.0,0.0,0.0,1.0,0.5,85.0,0.5,0.0
5a81537355429926c1cdad20,ace_submod_96,ace,submod,0.0,0.3077,1.0,0.4074,0.5,81.0,1.0,1.0
5a721d5a55429971e9dc9283,ace_submod_96,ace,submod,0.0,0.25,0.0,0.2903,0.5,93.0,1.0,1.0
5a7aa2a255429941d65f270e,ace_submod_96,ace,submod,0.0,0.8,1.0,0.5211,0.5,71.0,1.0,1.0
5abe6f8455429965af743f03,ace_submod_96,ace,submod,0.0,0.0,1.0,0.8052,1.0,77.0,1.0,1.0
5ae7257a554299572ea54731,ace_submod_96,ace,submod,0.0,0.0,0.0,0.0,0.0,96.0,1.0,1.0
5ac0e0e25542997d64295a6f,ace_submod_96,ace,submod,0.0,0.0,0.0,0.1494,0.5,87.0,0.5,0.0
5a72688c5542997f827839b2,ace_submod_96,ace,submod,1.0,1.0,1.0,0.3404,0.5,94.0,1.0,1.0
5adea0c5554299728e26c776,ace_submod_96,ace,submod,0.0,0.0,0.0,0.4767,1.0,86.0,1.0,1.0
5ab8372255429919ba4e226b,ace_submod_96,ace,submod,1.0,1.0,1.0,0.2747,0.5,91.0,1.0,1.0
5ac0e064554299012d1db64e,ace_submod_96,ace,submod,0.0,0.0,1.0,0.641,0.5,78.0,1.0,1.0
5a8574945542997b5ce3fffb,ace_submod_96,ace,submod,1.0,1.0,1.0,0.5224,0.5,67.0,1.0,1.0
5a8704f8554299211dda2ba4,ace_submod_96,ace,submod,0.0,0.0,0.0,0.5714,0.5,70.0,1.0,1.0
5a81d1f0554299676cceb0ee,ace_submod_96,ace,submod,0.0,0.5,0.0,0.5,0.5,84.0,1.0,1.0
5a7bf84b5542996dd594b875,ace_submod_96,ace,submod,1.0,1.0,1.0,1.0,1.0,86.0,1.0,1.0
5ab69e4f554299710c8d1eee,ace_submod_96,ace,submod,0.0,0.5,1.0,0.6771,0.5,96.0,1.0,1.0
5ae64ad25542995703ce8b4f,ace_submod_96,ace,submod,0.0,0.0,0.0,0.3611,0.5,72.0,0.5,0.0
5a7571135542992d0ec05f98,ace_submod_96,ace,submod,1.0,1.0,1.0,0.6304,1.0,92.0,1.0,1.0
5a8f2fed55429918e830d1c7,ace_submod_96,ace,submod,1.0,1.0,1.0,0.4634,0.5,82.0,1.0,1.0
5ab596d95542992aa134a371,ace_submod_96,ace,submod,0.0,0.0,1.0,0.4865,0.5,74.0,1.0,1.0
5a71214d5542994082a3e5b9,ace_submod_96,ace,submod,0.0,0.0,1.0,0.6364,0.5,88.0,1.0,1.0
5ac298f9554299657fa28fc9,ace_submod_96,ace,submod,0.0,0.1111,0.0,1.0,1.0,82.0,1.0,1.0
5ae35e8c5542990afbd1e120,ace_submod_96,ace,submod,0.0,0.0,0.0,0.0,0.0,77.0,0.5,0.0
5ae616ce5542992663a4f259,ace_submod_96,ace,submod,0.0,0.3333,0.0,0.6941,0.5,85.0,0.5,0.0
5abbc3a955429931dba144f9,ace_submod_96,ace,submod,0.0,0.0,0.0,0.5652,0.5,92.0,0.5,0.0
5adfe6c455429906c02daa85,ace_submod_96,ace,submod,0.0,0.0,0.0,0.0,0.0,71.0,0.5,0.0
5a7f924c55429969796c1aba,ace_submod_96,ace,submod,0.0,0.0,0.0,0.6197,0.5,71.0,0.5,0.0
5ab938fb554299131ca422ce,ace_submod_96,ace,submod,0.0,0.0,1.0,0.6627,1.0,83.0,1.0,1.0
5ae1e80b5542997f29b3c197,ace_submod_96,ace,submod,0.0,0.0,0.0,0.5455,0.5,55.0,0.5,0.0
5a89e3995542992e4fca844d,ace_submod_96,ace,submod,0.0,0.0,0.0,0.3494,0.5,83.0,0.5,0.0
5ab8919655429934fafe6e13,ace_submod_96,ace,submod,0.0,0.0,1.0,0.4731,0.5,93.0,0.5,0.0
5add18345542994ed6169c7e,ace_submod_96,ace,submod,1.0,1.0,1.0,0.3404,0.5,94.0,1.0,1.0
5a825b0e55429954d2e2eb0c,ace_submod_96,ace,submod,0.0,0.0,0.0,0.4353,0.5,85.0,0.5,0.0
5ab54056554299488d4d9923,ace_submod_96,ace,submod,0.0,0.0,1.0,0.2239,0.5,67.0,0.5,0.0
5a8a416955429930ff3c0d2b,ace_submod_96,ace,submod,0.0,0.0,0.0,0.1348,0.5,89.0,1.0,1.0
5a729fe55542991f9a20c53b,ace_submod_96,ace,submod,0.0,0.5,0.0,0.4048,0.5,84.0,1.0,1.0
5abee41a5542993fe9a41d79,ace_submod_96,ace,submod,1.0,1.0,1.0,0.5556,0.5,63.0,1.0,1.0
5a8327fd5542990548d0b1a3,ace_submod_96,ace,submod,1.0,1.0,1.0,0.2584,0.5,89.0,1.0,1.0
5a7264ed5542990c210a411a,ace_submod_96,ace,submod,0.0,0.0,0.0,0.6237,0.5,93.0,1.0,1.0
5a74cfc75542996c70cfadfe,ace_submod_96,ace,submod,0.0,0.75,1.0,0.5435,0.5,92.0,1.0,1.0
5abe3c7555429965af743ea5,ace_submod_96,ace,submod,0.0,0.0,1.0,0.2273,0.5,88.0,1.0,1.0
5a88a5645542997e5c09a679,ace_submod_96,ace,submod,0.0,0.0,1.0,0.3895,0.5,95.0,1.0,1.0
5a8756aa5542994846c1cd69,ace_submod_96,ace,submod,0.0,0.5,1.0,1.0,1.0,91.0,1.0,1.0
5a83ab355542990548d0b218,ace_submod_96,ace,submod,0.0,0.0,1.0,0.4937,0.5,79.0,1.0,1.0
5abe407155429976d4830ab4,ace_submod_96,ace,submod,0.0,0.0,0.0,0.3368,0.5,95.0,1.0,1.0
5a769b115542993569682c51,ace_submod_96,ace,submod,0.0,0.0,1.0,0.5584,0.5,77.0,0.5,0.0
5abb8a9b5542996cc5e4a016,ace_submod_96,ace,submod,1.0,1.0,1.0,1.0,1.0,77.0,1.0,1.0
5adf4b335542993a75d264a5,ace_submod_96,ace,submod,0.0,0.4,1.0,0.4231,0.5,78.0,0.5,0.0
5a8a19c45542992e4fca8501,ace_submod_96,ace,submod,0.0,0.0,0.0,0.1642,0.5,67.0,1.0,1.0
5ac2f34455429921a00ab0b6,ace_submod_96,ace,submod,0.0,0.25,1.0,0.7045,1.0,88.0,1.0,1.0
5a7e040f5542990b8f503b13,ace_submod_96,ace,submod,1.0,1.0,1.0,0.4421,1.0,95.0,1.0,1.0
5a8f186055429918e830d186,ace_submod_96,ace,submod,0.0,0.0,1.0,0.4,0.5,90.0,1.0,1.0
5ac4fbe255429924173fb53b,ace_submod_96,ace,submod,0.0,0.0,0.0,0.4872,0.5,78.0,1.0,1.0
5a8591715542994c784ddb27,ace_submod_96,ace,submod,0.0,0.0,0.0,0.0,0.0,93.0,0.5,0.0
5a8ee3a755429917b4a5be02,ace_submod_96,ace,submod,0.0,0.0,0.0,0.0,0.0,89.0,0.5,0.0
5ab985eb554299131ca42360,ace_submod_96,ace,submod,1.0,1.0,1.0,0.5385,1.0,91.0,1.0,1.0
5ab431d855429942dd415ed2,ace_submod_96,ace,submod,1.0,1.0,1.0,1.0,0.5,62.0,0.5,0.0
5a771ead55429966f1a36c7c,ace_submod_96,ace,submod,0.0,0.0,0.0,0.0,0.0,80.0,0.5,0.0
5ac46a8b5542991943173980,ace_submod_96,ace,submod,0.0,0.0,0.0,0.0,0.0,58.0,1.0,1.0
5abda2b755429933744ab80f,ace_submod_96,ace,submod,0.0,0.0,0.0,0.6237,0.5,93.0,1.0,1.0
5adc02445542994650320c4e,ace_submod_96,ace,submod,1.0,1.0,1.0,0.7826,1.0,92.0,1.0,1.0
5a8b128455429971feec463b,ace_submod_96,ace,submod,0.0,0.0,0.0,0.6818,0.5,88.0,0.5,0.0
5a803ed45542996402f6a496,ace_submod_96,ace,submod,1.0,1.0,1.0,0.6279,0.5,86.0,1.0,1.0
5a74c85055429916b0164218,ace_submod_96,ace,submod,0.0,0.0,0.0,0.3854,0.5,96.0,0.5,0.0
5ac288a95542990b17b153e5,ace_submod_96,ace,submod,0.0,0.0,0.0,0.2877,0.5,73.0,0.5,0.0
5ab2123155429970612095b9,ace_submod_96,ace,submod,0.0,0.4,1.0,0.55,0.5,80.0,0.5,0.0
5a82edae55429966c78a6a9f,ace_submod_96,ace,submod,0.0,0.0,0.0,0.2353,0.5,85.0,1.0,1.0
5ae22b8d554299234fd0440f,ace_submod_96,ace,submod,0.0,0.0,0.0,0.4773,0.5,88.0,1.0,1.0
5adbda2755429944faac2385,ace_submod_96,ace,submod,1.0,1.0,1.0,0.8101,1.0,79.0,1.0,1.0
5ae1d1a55542997f29b3c138,ace_submod_96,ace,submod,0.0,0.8889,1.0,0.6471,0.5,85.0,1.0,1.0
5ac3a2f35542993915413856,ace_submod_96,ace,submod,0.0,0.0,0.0,0.0,0.0,85.0,1.0,1.0
5a7647b85542992d0ec0608a,ace_submod_96,ace,submod,1.0,1.0,1.0,1.0,1.0,90.0,1.0,1.0
5ac49a1c5542996feb3fe905,ace_submod_96,ace,submod,0.0,0.0,0.0,0.4725,0.5,91.0,0.5,0.0
5ae60484554299546bf8301a,ace_submod_96,ace,submod,0.0,0.0,0.0,0.4271,0.5,96.0,0.5,0.0
5a84cf175542992a431d1aa2,ace_submod_96,ace,submod,0.0,0.0,1.0,0.5435,1.0,92.0,1.0,1.0
5a81b2505542995ce29dcc32,ace_submod_96,ace,submod,1.0,1.0,1.0,0.5778,0.5,90.0,1.0,1.0
5ab568af554299494045efaf,ace_submod_96,ace,submod,0.0,0.0,0.0,0.4268,0.5,82.0,1.0,1.0
5a8f7a135542992414482adc,ace_submod_96,ace,submod,0.0,0.0,0.0,0.3182,0.5,88.0,0.5,0.0
5ab2be71554299166977408c,ace_submod_96,ace,submod,0.0,0.0,0.0,0.6076,0.5,79.0,1.0,1.0
5ae537e45542990ba0bbb235,ace_submod_96,ace,submod,1.0,1.0,1.0,1.0,1.0,74.0,1.0,1.0
5ac2546a554299636651997b,ace_submod_96,ace,submod,0.0,0.0,1.0,0.2143,0.5,84.0,1.0,1.0
5ae356045542990afbd1e10d,ace_submod_96,ace,submod,0.0,0.0,1.0,0.3789,0.5,95.0,0.5,0.0
5ae1e6d95542997283cd22c3,ace_submod_96,ace,submod,0.0,0.5714,1.0,0.3542,0.5,96.0,0.5,0.0
5a8b8f5b55429949d91db5e1,ace_submod_96,ace,submod,0.0,0.0,0.0,0.2889,0.5,90.0,1.0,1.0
5ab3460055429976abd1bc80,ace_submod_96,ace,submod,1.0,1.0,1.0,0.6988,1.0,83.0,1.0,1.0
5a7d2afb554299452d57bb41,ace_submod_96,ace,submod,1.0,1.0,1.0,0.4516,0.5,93.0,1.0,1.0
5adea95055429939a52fe931,ace_submod_96,ace,submod,0.0,0.6667,1.0,0.6667,1.0,90.0,1.0,1.0
5ab7d33d5542992aa3b8c859,ace_submod_96,ace,submod,0.0,0.0,0.0,0.3034,0.5,89.0,1.0,1.0
5a893f305542993b751ca91e,ace_submod_96,ace,submod,0.0,0.0,1.0,0.6413,1.0,92.0,1.0,1.0
5adea83b55429975fa854f53,ace_submod_96,ace,submod,0.0,0.0,1.0,0.1852,0.5,81.0,0.5,0.0
5ae1d32a554299492dc91b9c,ace_submod_96,ace,submod,1.0,1.0,1.0,0.3678,0.5,87.0,0.5,0.0
5a82accd55429966c78a6a78,ace_submod_96,ace,submod,0.0,0.0,0.0,0.3889,0.5,90.0,0.5,0.0
5a90ba1b55429933b8a205c6,ace_submod_96,ace,submod,1.0,1.0,1.0,0.4831,0.5,89.0,1.0,1.0
5adcb6875542994ed6169bcb,ace_submod_96,ace,submod,0.0,0.0,1.0,0.4176,1.0,91.0,1.0,1.0
5a7f95685542995d8a8ddeaa,ace_submod_96,ace,submod,0.0,0.0,0.0,0.55,0.5,80.0,1.0,1.0
5a78b386554299148911f949,ace_submod_96,ace,submod,0.0,0.0,0.0,0.4167,0.5,84.0,0.5,0.0
5a8c781c554299653c1aa083,ace_submod_96,ace,submod,0.0,0.2857,1.0,0.4,0.5,90.0,1.0,1.0
5a80ae105542992bc0c4a7a2,ace_submod_96,ace,submod,1.0,1.0,1.0,0.1875,0.5,96.0,1.0,1.0
5a84992e5542992a431d1a6d,ace_submod_96,ace,submod,1.0,1.0,1.0,0.764,1.0,89.0,1.0,1.0
5a8f2cc855429918e830d1be,ace_submod_96,ace,submod,0.0,0.0,0.0,0.1667,0.5,96.0,0.5,0.0
5a8841ee5542994846c1ce6b,ace_submod_96,ace,submod,0.0,0.0,1.0,1.0,1.0,91.0,1.0,1.0
5adf85e05542993344016cba,ace_submod_96,ace,submod,0.0,0.0,0.0,0.5938,0.5,96.0,1.0,1.0
5a77415b55429966f1a36cd2,ace_submod_96,ace,submod,0.0,0.8,1.0,0.5158,1.0,95.0,1.0,1.0
5a72fc865542991f9a20c5e9,ace_submod_96,ace,submod,0.0,0.0,0.0,0.4023,0.5,87.0,1.0,1.0
5ac4e13f554299076e296e2d,ace_submod_96,ace,submod,1.0,1.0,1.0,0.7273,1.0,77.0,1.0,1.0
5a7796e05542992a6e59df0f,ace_submod_96,ace,submod,0.0,0.0,1.0,0.6818,0.5,66.0,1.0,1.0
5ae3eabc5542995dadf2424f,ace_submod_96,ace,submod,0.0,0.0,1.0,0.7703,1.0,74.0,1.0,1.0
5ae3c71f5542991a06ce9a22,ace_submod_96,ace,submod,0.0,0.6667,1.0,0.56,0.5,75.0,1.0,1.0
5ae25d2b554299495565da46,ace_submod_96,ace,submod,0.0,0.0,0.0,0.2143,0.5,84.0,1.0,1.0
5ab8179f5542990e739ec817,ace_submod_96,ace,submod,1.0,1.0,1.0,0.4468,0.5,94.0,1.0,1.0
5adc411f5542994650320cbc,ace_submod_96,ace,submod,0.0,0.0,1.0,1.0,1.0,94.0,1.0,1.0
5aba6f3e55429955dce3ee21,ace_submod_96,ace,submod,0.0,0.0,0.0,0.3483,0.5,89.0,1.0,1.0
5add2dae5542992c1e3a2558,ace_submod_96,ace,submod,1.0,1.0,1.0,0.6087,1.0,92.0,1.0,1.0
5ae14b0655429920d52343a6,ace_submod_96,ace,submod,0.0,0.0,0.0,0.0,0.0,90.0,1.0,1.0
5a730a6b5542992359bc3210,ace_submod_96,ace,submod,0.0,0.0,1.0,0.3956,0.5,91.0,1.0,1.0
5a75fa14554299109176e5dc,ace_submod_96,ace,submod,0.0,0.6667,0.0,0.0,0.0,89.0,1.0,1.0
5ac35a7e554299741d48a257,ace_submod_96,ace,submod,0.0,0.0,1.0,0.2838,0.5,74.0,0.5,0.0
5a8651185542994775f60752,ace_submod_96,ace,submod,0.0,0.0,0.0,0.6163,1.0,86.0,1.0,1.0
5a79fe3b5542994f819ef119,ace_submod_96,ace,submod,1.0,1.0,1.0,1.0,1.0,71.0,1.0,1.0
5a8268215542995ce29dccfb,ace_submod_96,ace,submod,1.0,1.0,1.0,0.5591,1.0,93.0,1.0,1.0
5a7605f85542994ccc91868d,ace_submod_96,ace,submod,1.0,1.0,0.0,0.6526,1.0,95.0,1.0,1.0
5adf74075542992d7e9f937c,ace_submod_96,ace,submod,1.0,1.0,1.0,1.0,1.0,79.0,1.0,1.0
5abe2b0155429976d4830a83,ace_submod_96,ace,submod,0.0,0.0,0.0,0.6622,0.5,74.0,1.0,1.0
5a849c1b5542997175ce1ef9,ace_submod_96,ace,submod,0.0,0.6667,1.0,0.5,1.0,92.0,1.0,1.0
5a81108855429926c1cdace2,ace_submod_96,ace,submod,0.0,0.0,0.0,0.0,0.0,65.0,0.5,0.0
5a8e06785542995085b37383,ace_submod_96,ace,submod,0.0,0.0,1.0,1.0,1.0,86.0,1.0,1.0
5adbfa38554299438c868d00,ace_submod_96,ace,submod,0.0,0.0,0.0,0.425,0.5,80.0,1.0,1.0
5a73b1855542992d56e7e388,ace_submod_96,ace,submod,1.0,1.0,1.0,0.6237,1.0,93.0,1.0,1.0
5ab94fa25542996be2020474,ace_submod_96,ace,submod,0.0,0.0,0.0,0.65,0.5,80.0,1.0,1.0
5a7e7d4655429934daa2fc2e,ace_submod_96,ace,submod,0.0,0.0,1.0,1.0,1.0,91.0,1.0,1.0
5a75d9c05542992db94736f6,ace_submod_96,ace,submod,0.0,0.0,0.0,0.5479,0.5,73.0,0.5,0.0
5adf33965542993344016c20,ace_submod_96,ace,submod,0.0,0.0,1.0,1.0,0.5,59.0,1.0,1.0
5a8f979255429918e830d288,ace_submod_96,ace,submod,0.0,0.0,0.0,0.0,0.0,51.0,0.0,0.0
5a8a17685542993b751ca9f3,ace_submod_96,ace,submod,0.0,0.0,1.0,0.4179,0.5,67.0,1.0,1.0
5abd56355542993062266c58,ace_submod_96,ace,submod,0.0,0.0,1.0,0.3646,0.5,96.0,1.0,1.0
5ab91f98554299753720f70d,ace_submod_96,ace,submod,0.0,0.0,0.0,0.3656,0.5,93.0,1.0,1.0
5a811152554299260e20a22e,ace_submod_96,ace,submod,0.0,0.8,1.0,0.6477,1.0,88.0,1.0,1.0
5a7a1f795542996c55b2dd1b,ace_submod_96,ace,submod,1.0,1.0,1.0,0.7097,1.0,93.0,1.0,1.0
5a7324e055429901807daf8f,ace_submod_96,ace,submod,0.0,0.0,0.0,0.3649,0.5,74.0,1.0,1.0
5ab9618f554299743d22eb28,ace_submod_96,ace,submod,0.0,0.0,0.0,0.7595,1.0,79.0,1.0,1.0
5abffafe5542997d64295988,ace_submod_96,ace,submod,0.0,0.0,1.0,0.6351,0.5,74.0,0.5,0.0
5a8cee9b554299441c6b9f87,ace_submod_96,ace,submod,0.0,0.0,0.0,0.0,0.0,90.0,1.0,1.0
5a7270395542992359bc30a8,ace_submod_96,ace,submod,0.0,0.0,0.0,0.4048,0.5,84.0,0.5,0.0
5ac14d0c5542991316484ae2,ace_submod_96,ace,submod,0.0,0.0,1.0,0.3118,0.5,93.0,1.0,1.0
5a75a76b5542992db9473697,ace_submod_96,ace,submod,0.0,0.0,1.0,0.0,0.0,74.0,1.0,1.0
5ab55455554299488d4d993b,ace_submod_96,ace,submod,0.0,0.0,0.0,0.4189,0.5,74.0,1.0,1.0
5a7f48e15542992e7d278ce6,ace_submod_96,ace,submod,0.0,0.0,0.0,0.0,0.0,90.0,0.5,0.0
5ab7f0995542995dae37e9fb,ace_submod_96,ace,submod,0.0,0.0,0.0,0.3478,0.5,92.0,1.0,1.0
5aba89fb5542994dbf019933,ace_submod_96,ace,submod,0.0,0.0,0.0,0.0,0.0,55.0,1.0,1.0
5a7621bb554299109176e650,ace_submod_96,ace,submod,0.0,0.0,0.0,0.7927,0.5,82.0,1.0,1.0
5a70f0e75542994082a3e408,ace_submod_96,ace,submod,0.0,0.0,1.0,0.7386,1.0,88.0,1.0,1.0
5a773ec45542994aec3b7245,ace_submod_96,ace,submod,0.0,0.0,1.0,0.24,0.5,75.0,1.0,1.0
5a802b595542995d8a8ddf51,ace_submod_96,ace,submod,1.0,1.0,1.0,0.5055,0.5,91.0,0.5,0.0
5a8de7c65542995085b37353,ace_submod_96,ace,submod,0.0,0.0,1.0,1.0,1.0,66.0,1.0,1.0
5ab5b6c1554299637185c5e5,ace_submod_96,ace,submod,1.0,1.0,1.0,0.2283,0.5,92.0,1.0,1.0
5abb8e2d554299642a094aa4,ace_submod_96,ace,submod,1.0,1.0,1.0,1.0,1.0,83.0,1.0,1.0
5a7642f7554299109176e6e8,ace_submod_96,ace,submod,1.0,1.0,1.0,1.0,1.0,95.0,1.0,1.0
5a756b175542996c70cfaef7,ace_submod_96,ace,submod,1.0,1.0,1.0,0.5,0.5,78.0,1.0,1.0
5a83161555429940e5e1a958,ace_submod_96,ace,submod,0.0,0.0,0.0,0.2045,0.5,88.0,1.0,1.0
5ab3eac5554299753aec59ec,ace_submod_96,ace,submod,0.0,0.0,1.0,0.2526,0.5,95.0,1.0,1.0
5a73090455429901807daf6e,ace_submod_96,ace,submod,1.0,1.0,1.0,0.6351,1.0,74.0,1.0,1.0
5a8c8502554299585d9e36d0,ace_submod_96,ace,submod,0.0,0.0,0.0,0.6667,1.0,72.0,1.0,1.0
5a7d598d5542995f4f402262,ace_submod_96,ace,submod,1.0,1.0,1.0,0.5862,1.0,87.0,1.0,1.0
5a77f4755542992a6e59e01f,ace_submod_96,ace,submod,1.0,1.0,1.0,0.8556,1.0,90.0,1.0,1.0
5abcf14f55429959677d6b5b,ace_submod_96,ace,submod,0.0,0.4444,1.0,1.0,1.0,81.0,1.0,1.0
5a8d8eb5554299068b959d3a,ace_submod_96,ace,submod,1.0,1.0,1.0,0.4835,0.5,91.0,1.0,1.0
5a7e7ed05542991319bc94c2,ace_submod_96,ace,submod,0.0,0.0,1.0,0.9222,1.0,90.0,1.0,1.0
5ae236445542992decbdcc69,ace_submod_96,ace,submod,0.0,0.4,0.0,0.4,0.5,90.0,1.0,1.0
5a750de95542993748c897ac,ace_submod_96,ace,submod,0.0,0.3333,0.0,0.7872,1.0,94.0,1.0,1.0
5a7fc03d5542992097ad2fbc,ace_submod_96,ace,submod,0.0,0.0,1.0,0.4043,0.5,94.0,1.0,1.0
5a7172105542994082a3e837,ace_submod_96,ace,submod,0.0,0.0,0.0,0.2043,0.5,93.0,1.0,1.0
5a847edd554299123d8c2272,ace_submod_96,ace,submod,0.0,0.0,0.0,0.4941,0.5,85.0,1.0,1.0
5ab761d955429928e1fe3856,ace_submod_96,ace,submod,1.0,1.0,1.0,0.6628,1.0,86.0,1.0,1.0
5a7a2dac5542990198eaf0b6,ace_submod_96,ace,submod,1.0,1.0,1.0,0.6667,0.5,90.0,1.0,1.0
5ae530e355429908b6326561,ace_submod_96,ace,submod,0.0,0.0,0.0,0.1351,0.5,74.0,0.5,0.0
5abcff225542993a06baf9ea,ace_submod_96,ace,submod,1.0,1.0,1.0,0.6667,1.0,90.0,1.0,1.0
5abe9f7d5542997ec76fd331,ace_submod_96,ace,submod,0.0,0.0,0.0,0.5949,0.5,79.0,0.5,0.0
5a8db42f5542994ba4e3dd11,ace_submod_96,ace,submod,1.0,1.0,1.0,0.4937,1.0,79.0,1.0,1.0
5ae658855542992ae0d162e3,ace_submod_96,ace,submod,0.0,0.0,0.0,0.0,0.0,94.0,0.5,0.0
5a8c6d4e5542996e8ac88aa6,ace_submod_96,ace,submod,0.0,0.0,1.0,0.4086,1.0,93.0,1.0,1.0
5aba65a055429939ce03dcd2,ace_submod_96,ace,submod,1.0,1.0,1.0,0.3708,0.5,89.0,1.0,1.0
5ae199305542997b2ef7d20e,ace_submod_96,ace,submod,0.0,0.0,0.0,0.5185,0.5,81.0,0.5,0.0
5a806aca5542996402f6a503,ace_submod_96,ace,submod,0.0,0.5,1.0,0.4304,0.5,79.0,0.5,0.0
5ae336495542990afbd1e0e1,ace_submod_96,ace,submod,1.0,1.0,1.0,0.4267,0.5,75.0,1.0,1.0
5a8198565542995ce29dcc13,ace_submod_96,ace,submod,0.0,0.0,0.0,0.2421,0.5,95.0,1.0,1.0
5a9068075542990a9849361a,ace_submod_96,ace,submod,0.0,0.0,0.0,0.0,0.0,90.0,1.0,1.0
5a7a2be25542996a35c17118,ace_submod_96,ace,submod,0.0,0.0,1.0,0.6882,1.0,93.0,1.0,1.0
5a7562045542992db947364f,ace_submod_96,ace,submod,1.0,1.0,1.0,0.0,0.0,81.0,1.0,1.0
5ac2a55b55429921a00ab018,ace_submod_96,ace,submod,0.0,0.0,0.0,0.4316,0.5,95.0,1.0,1.0
5abccf6755429965836004ab,ace_submod_96,ace,submod,0.0,0.0,0.0,0.3978,0.5,93.0,1.0,1.0
5a7c8ae855429935c91b5207,ace_submod_96,ace,submod,0.0,0.0,0.0,0.0,0.0,83.0,1.0,1.0
5ab30ebf554299753aec592c,ace_submod_96,ace,submod,0.0,0.0,0.0,0.0,0.0,90.0,0.5,0.0
5ab2b95c5542991669774072,ace_submod_96,ace,submod,1.0,1.0,1.0,0.6737,0.5,95.0,1.0,1.0
5ac2a10e554299657fa28fec,ace_submod_96,ace,submod,1.0,1.0,1.0,0.5634,0.5,71.0,1.0,1.0
5abb02fe554299232ef4a39f,ace_submod_96,ace,submod,1.0,1.0,1.0,1.0,0.5,56.0,1.0,1.0
5a8eb4d65542990e94052b82,ace_submod_96,ace,submod,0.0,0.0,0.0,0.1429,0.5,91.0,1.0,1.0
5a8ba60b554299240d9c205b,ace_submod_96,ace,submod,1.0,1.0,1.0,0.8621,1.0,87.0,1.0,1.0
5a807ca5554299485f598613,ace_submod_96,ace,submod,0.0,0.0,0.0,0.6494,0.5,77.0,1.0,1.0
5a7c0dab5542997c3ec972d2,ace_submod_96,ace,submod,0.0,0.5,1.0,0.8636,1.0,88.0,1.0,1.0
5a89019a5542995153361259,ace_submod_96,ace,submod,0.0,0.0,1.0,0.0,0.0,92.0,0.5,0.0
5a7f00b455429930675135f1,ace_submod_96,ace,submod,0.0,0.0,0.0,1.0,1.0,56.0,1.0,1.0
5a8220db5542995ce29dccc1,ace_submod_96,ace,submod,1.0,1.0,1.0,0.8,0.5,85.0,1.0,1.0
5ab510cb5542996a3a96a00f,ace_submod_96,ace,submod,0.0,0.0,0.0,1.0,1.0,83.0,1.0,1.0
5a80a25d5542995d8a8ddfb7,ace_submod_96,ace,submod,0.0,0.0,0.0,0.1558,0.5,77.0,0.5,0.0
5adf5cd25542992d7e9f9320,ace_submod_96,ace,submod,0.0,0.6667,1.0,0.0,0.0,93.0,0.5,0.0
5a75ebfc5542992d0ec06018,ace_submod_96,ace,submod,0.0,0.0,0.0,0.5256,0.5,78.0,1.0,1.0
5ab29caa554299545a2cf9d3,ace_submod_96,ace,submod,0.0,0.5714,1.0,1.0,1.0,93.0,1.0,1.0
5ae0536755429924de1b70a6,ace_submod_96,ace,submod,0.0,0.0,0.0,0.4783,1.0,92.0,1.0,1.0
5ae17a9b5542990adbacf7a2,ace_submod_96,ace,submod,0.0,0.0,0.0,0.7396,1.0,96.0,1.0,1.0
5a8f503c5542992414482a34,ace_submod_96,ace,submod,0.0,0.0,0.0,0.3191,0.5,94.0,0.5,0.0
5ae0159855429925eb1afc09,ace_submod_96,ace,submod,1.0,1.0,1.0,0.5132,0.5,76.0,1.0,1.0
5a8b2f2b5542995d1e6f12fa,ace_submod_96,ace,submod,0.0,0.0,1.0,0.4598,1.0,87.0,1.0,1.0
5a90386455429916514e7435,ace_submod_96,ace,submod,0.0,0.0,1.0,0.6915,1.0,94.0,1.0,1.0
5ab43179554299233955004d,ace_submod_96,ace,submod,0.0,0.0,0.0,0.4925,0.5,67.0,0.5,0.0
5a8b42be55429949d91db515,ace_submod_96,ace,submod,0.0,0.5,0.0,0.0,0.0,66.0,1.0,1.0
5a8d6d4e554299441c6b9fdb,ace_submod_96,ace,submod,1.0,1.0,1.0,0.3596,0.5,89.0,1.0,1.0
5ae40a2955429970de88d8a3,ace_submod_96,ace,submod,0.0,0.0,0.0,0.2283,0.5,92.0,0.5,0.0
5adcfebe5542992c1e3a24f3,ace_submod_96,ace,submod,0.0,0.0,0.0,0.0,0.0,93.0,1.0,1.0
5ab5a3fb5542997d4ad1f19b,ace_submod_96,ace,submod,0.0,0.0,1.0,0.2771,0.5,83.0,1.0,1.0
5ac2ffbd554299677310267b,ace_submod_96,ace,submod,0.0,0.0,0.0,0.4149,0.5,94.0,1.0,1.0
5a7133fa5542994082a3e660,ace_submod_96,ace,submod,0.0,0.0,0.0,0.2532,0.5,79.0,1.0,1.0
5abea7c25542990832d3a068,ace_submod_96,ace,submod,0.0,0.0,0.0,0.6778,0.5,90.0,1.0,1.0
5a8a09765542992d82986e67,ace_submod_96,ace,submod,0.0,0.8,0.0,0.7051,1.0,78.0,1.0,1.0
5a72a51355429901807daf21,ace_submod_96,ace,submod,0.0,0.5,0.0,0.2159,0.5,88.0,0.5,0.0
5aba72d75542994dbf019912,ace_submod_96,ace,submod,1.0,1.0,1.0,0.6104,0.5,77.0,1.0,1.0
5adcd9fe5542990d50227d46,ace_submod_96,ace,submod,0.0,0.0,1.0,0.7229,1.0,83.0,1.0,1.0
5ae5c212554299546bf82f4b,ace_submod_96,ace,submod,1.0,1.0,1.0,1.0,1.0,76.0,1.0,1.0
5a7320565542991f9a20c61d,ace_submod_96,ace,submod,0.0,0.0,1.0,0.4239,0.5,92.0,1.0,1.0
5add596f5542990dbb2f7e4d,ace_submod_96,ace,submod,0.0,0.0,0.0,0.3333,0.5,90.0,0.5,0.0
5adfb60655429942ec259b08,ace_submod_96,ace,submod,0.0,0.3333,0.0,0.0,0.0,66.0,0.5,0.0
5a74adb455429916b01641c6,ace_submod_96,ace,submod,1.0,1.0,1.0,0.7222,1.0,90.0,1.0,1.0
5ae27df25542992decbdcd2a,ace_submod_96,ace,submod,0.0,0.0,0.0,0.1778,0.5,90.0,1.0,1.0
5a8baf4b5542996e8ac889c5,ace_submod_96,ace,submod,0.0,0.0,1.0,0.7053,1.0,95.0,1.0,1.0
5ae352285542994393b9e685,ace_submod_96,ace,submod,1.0,1.0,1.0,0.6211,1.0,95.0,1.0,1.0
5a8e0a005542995085b373a1,ace_submod_96,ace,submod,0.0,0.0,0.0,0.3556,0.5,90.0,0.5,0.0
5ab639e65542995eadeeff7f,ace_submod_96,ace,submod,0.0,0.8,0.0,0.4348,0.5,69.0,1.0,1.0
5ade99295542992fa25da7d8,ace_submod_96,ace,submod,0.0,0.0,0.0,0.3736,0.5,91.0,1.0,1.0
5ac26b7f55429951e9e685ae,ace_submod_96,ace,submod,0.0,0.0,0.0,0.5658,0.5,76.0,0.5,0.0
5ae351405542994393b9e67f,ace_submod_96,ace,submod,0.0,0.0,1.0,0.3523,0.5,88.0,1.0,1.0
5a7f6f4b5542994857a76740,ace_submod_96,ace,submod,0.0,0.5,1.0,0.6042,1.0,96.0,1.0,1.0
5a81346055429926c1cdad13,ace_submod_96,ace,submod,0.0,0.1818,0.0,0.3646,0.5,96.0,1.0,1.0
5a716f575542994082a3e82f,ace_submod_96,ace,submod,0.0,0.8,0.0,0.6737,1.0,95.0,1.0,1.0
5a812d0555429938b61422e1,ace_submod_96,ace,submod,1.0,1.0,1.0,1.0,1.0,95.0,1.0,1.0
5a826d2f5542995ce29dcd05,ace_submod_96,ace,submod,0.0,0.0,0.0,0.2716,0.5,81.0,1.0,1.0
5ab67c3f55429954757d32f9,ace_submod_96,ace,submod,0.0,0.0,0.0,0.7123,1.0,73.0,1.0,1.0
5ae20e265542994d89d5b325,ace_submod_96,ace,submod,0.0,0.0,0.0,0.0,0.0,91.0,0.0,0.0
5ae7eed8554299540e5a56b5,ace_submod_96,ace,submod,0.0,0.6667,1.0,1.0,1.0,91.0,1.0,1.0
5a7555215542996c70cfaee1,ace_submod_96,ace,submod,1.0,1.0,1.0,0.4471,1.0,85.0,1.0,1.0
5ab9b29c554299743d22ebae,ace_submod_96,ace,submod,1.0,1.0,1.0,0.0682,0.5,88.0,1.0,1.0
5ae2c696554299495565db32,ace_submod_96,ace,submod,0.0,0.2222,0.0,1.0,0.5,93.0,1.0,1.0
5a832f9d5542993344745fe4,ace_submod_96,ace,submod,0.0,0.0,0.0,0.6548,0.5,84.0,0.5,0.0
5a79e3925542994bb9457130,ace_submod_96,ace,submod,0.0,0.0,0.0,0.5862,0.5,87.0,1.0,1.0
5ae713af554299572ea546bb,ace_submod_96,ace,submod,0.0,0.0,1.0,0.5125,0.5,80.0,1.0,1.0
5ade450b5542997c77adedc5,ace_submod_96,ace,submod,0.0,0.0,0.0,0.0,0.0,92.0,1.0,1.0
5ab3cecd5542992ade7c6eae,ace_submod_96,ace,submod,0.0,0.0,0.0,0.4457,0.5,92.0,1.0,1.0
5ae4be5c5542995ad6573e3a,ace_submod_96,ace,submod,0.0,0.0,0.0,0.0,0.0,95.0,0.5,0.0
5a8d5ec2554299585d9e37c4,ace_submod_96,ace,submod,0.0,0.0,0.0,0.3467,0.5,75.0,1.0,1.0
5ae765185542995703ce8c0f,ace_submod_96,ace,submod,1.0,1.0,1.0,1.0,1.0,88.0,1.0,1.0
5ab2c6a955429916697740c2,ace_submod_96,ace,submod,0.0,0.0,0.0,0.3298,0.5,94.0,1.0,1.0
5ab6369655429953192ad2a1,ace_submod_96,ace,submod,1.0,1.0,1.0,0.4362,0.5,94.0,1.0,1.0
5a7b220855429931da12c9e5,ace_submod_96,ace,submod,1.0,1.0,1.0,0.7955,1.0,88.0,1.0,1.0
5a81d92f554299676cceb0f9,ace_submod_96,ace,submod,0.0,0.0,0.0,0.3919,0.5,74.0,1.0,1.0
5a7b735c5542997c3ec9718a,ace_submod_96,ace,submod,0.0,0.0,1.0,0.6164,0.5,73.0,1.0,1.0
5a724a2b5542990c210a40bc,ace_submod_96,ace,submod,0.0,0.6667,1.0,0.3068,0.5,88.0,0.5,0.0
5ae5db98554299546bf82fa6,ace_submod_96,ace,submod,0.0,0.0,0.0,1.0,1.0,69.0,1.0,1.0
5a7344e95542991f9a20c6ce,ace_submod_96,ace,submod,0.0,0.0,0.0,0.0,0.0,93.0,0.5,0.0
5ab6dbc15542995eadef00cd,ace_submod_96,ace,submod,0.0,0.0,1.0,1.0,1.0,77.0,1.0,1.0
5a88016b5542997e5c09a58a,ace_submod_96,ace,submod,0.0,0.0,0.0,0.5517,0.5,87.0,1.0,1.0
5ab5e024554299494045f097,ace_submod_96,ace,submod,0.0,0.0,0.0,0.4066,0.5,91.0,1.0,1.0
5ac44629554299194317395d,ace_submod_96,ace,submod,0.0,0.0,0.0,0.5833,0.5,96.0,0.5,0.0
5a7afdc85542992d025e672e,ace_submod_96,ace,submod,0.0,0.0,0.0,0.0,0.0,88.0,0.5,0.0
5ae834e95542997ec272776a,ace_submod_96,ace,submod,0.0,0.0,0.0,0.0,0.0,94.0,1.0,1.0
5abbdb335542992ccd8e7fc1,ace_submod_96,ace,submod,0.0,0.0,0.0,0.2151,0.5,93.0,1.0,1.0
5a79c9cc554299148911fa53,ace_submod_96,ace,submod,1.0,1.0,1.0,0.4023,0.5,87.0,0.5,0.0
5ac38c0755429939154137bb,ace_submod_96,ace,submod,0.0,0.0,0.0,0.5222,0.5,90.0,1.0,1.0
5a8b7cb95542995d1e6f13bb,ace_submod_96,ace,submod,0.0,0.0,0.0,0.0,0.0,93.0,0.0,0.0
5addfdfa5542997dc790710b,ace_submod_96,ace,submod,0.0,0.0,0.0,0.3789,0.5,95.0,1.0,1.0
5a88d745554299206df2b378,ace_submod_96,ace,submod,0.0,0.0,1.0,0.5281,1.0,89.0,1.0,1.0
5ae6940e5542991bbc97613f,ace_submod_96,ace,submod,0.0,0.6667,1.0,0.6707,1.0,82.0,1.0,1.0
5abe3abb55429965af743ea1,ace_submod_96,ace,submod,0.0,0.0,0.0,0.0,0.0,73.0,0.5,0.0
5a8ba9d255429971feec4759,ace_submod_96,ace,submod,0.0,0.0,0.0,0.5934,0.5,91.0,1.0,1.0
5ab2b6fb5542992953946848,ace_submod_96,ace,submod,0.0,0.0,0.0,0.2581,0.5,93.0,1.0,1.0
5adfd2f255429925eb1afaa5,ace_submod_96,ace,submod,0.0,0.0,0.0,0.7292,0.5,96.0,0.5,0.0
5a7a33a35542994f819ef14c,ace_submod_96,ace,submod,0.0,0.0,1.0,0.4756,1.0,82.0,1.0,1.0
5a8ba07d5542996e8ac88985,ace_submod_96,ace,submod,0.0,0.0,1.0,0.0,0.0,86.0,0.5,0.0
5ab8f57b5542991b5579f097,ace_submod_96,ace,submod,0.0,0.0,0.0,0.1979,0.5,96.0,0.5,0.0
5abfb3425542990832d3a1c0,ace_submod_96,ace,submod,1.0,1.0,1.0,0.6267,0.5,75.0,0.5,0.0
5ab5ac345542992aa134a37f,ace_submod_96,ace,submod,0.0,0.0,0.0,0.6087,0.5,69.0,1.0,1.0
5a8e63d65542995085b37421,ace_submod_96,ace,submod,1.0,1.0,0.0,0.3146,0.5,89.0,1.0,1.0
5a89706055429951533612f9,ace_submod_96,ace,submod,0.0,0.8,1.0,0.6711,1.0,76.0,1.0,1.0
5a8e612b5542995085b3741b,ace_submod_96,ace,submod,0.0,1.0,1.0,0.4706,0.5,68.0,1.0,1.0
5a738fb4554299623ed4abf9,ace_submod_96,ace,submod,1.0,1.0,1.0,0.5395,0.5,76.0,1.0,1.0
5a8bc29a5542995d1e6f1446,ace_submod_96,ace,submod,0.0,0.0,0.0,0.0,0.0,94.0,0.5,0.0
5abfe2a15542997d6429591c,ace_submod_96,ace,submod,0.0,0.6667,1.0,0.6,1.0,90.0,1.0,1.0
5a868ca055429960ec39b6be,ace_submod_96,ace,submod,0.0,0.0,0.0,0.0,0.0,91.0,0.5,0.0
5a820f2c55429926c1cdae17,ace_submod_96,ace,submod,0.0,0.0,0.0,0.4868,0.5,76.0,1.0,1.0
5ae5a4e5554299546bf82f01,ace_submod_96,ace,submod,0.0,0.75,1.0,0.4333,0.5,90.0,1.0,1.0
5a8d0c74554299585d9e37a1,ace_submod_96,ace,submod,0.0,0.0,0.0,0.4886,0.5,88.0,1.0,1.0
5ab9d7e4554299232ef4a21f,ace_submod_96,ace,submod,0.0,0.0,0.0,0.5513,0.5,78.0,1.0,1.0
5a7148d25542994082a3e766,ace_submod_96,ace,submod,1.0,1.0,1.0,0.7684,1.0,95.0,1.0,1.0
5ae6233c5542992ae0d1623e,ace_submod_96,ace,submod,0.0,0.0,0.0,0.4286,0.5,77.0,1.0,1.0
5adff2aa554299603e4183d0,ace_submod_96,ace,submod,0.0,0.0,1.0,0.5556,0.5,63.0,1.0,1.0
5ade7fa3554299728e26c727,ace_submod_96,ace,submod,0.0,0.0,0.0,0.7375,1.0,80.0,1.0,1.0
5a8f38fa55429924144829f5,ace_submod_96,ace,submod,0.0,0.0,0.0,0.0,0.0,94.0,0.5,0.0
5a8f51695542992414482a3e,ace_submod_96,ace,submod,0.0,0.0,0.0,0.2716,0.5,81.0,0.5,0.0
5a88db445542993b751ca88a,ace_submod_96,ace,submod,1.0,1.0,1.0,0.4382,0.5,89.0,1.0,1.0
5a7ef6b35542994959419a94,ace_submod_96,ace,submod,0.0,0.6667,0.0,0.2118,0.5,85.0,1.0,1.0
5a8e494e5542995a26add4c8,ace_submod_96,ace,submod,0.0,0.5,1.0,1.0,1.0,96.0,1.0,1.0
5ab5d43f5542997d4ad1f1f6,ace_submod_96,ace,submod,0.0,0.0,1.0,0.4894,0.5,94.0,1.0,1.0
5a7905ca554299148911f9c8,ace_submod_96,ace,submod,0.0,0.0,0.0,0.5775,0.5,71.0,0.5,0.0
5ab30f9a554299233954fef2,ace_submod_96,ace,submod,1.0,1.0,1.0,0.6087,0.5,92.0,1.0,1.0
5ab3849a55429969a97a8170,ace_submod_96,ace,submod,1.0,1.0,1.0,0.5714,0.5,77.0,0.5,0.0
5a7bc5f255429927d897c03e,ace_submod_96,ace,submod,1.0,1.0,1.0,0.587,1.0,92.0,1.0,1.0
5a7f22005542993067513657,ace_submod_96,ace,submod,1.0,1.0,1.0,1.0,1.0,80.0,1.0,1.0
5ab925fd554299131ca42281,ace_submod_96,ace,submod,0.0,0.0,0.0,1.0,1.0,82.0,1.0,1.0
5a76244c554299109176e65d,ace_submod_96,ace,submod,0.0,0.0,0.0,0.4105,0.5,95.0,0.5,0.0
5ab53bee554299637185c526,ace_submod_96,ace,submod,0.0,0.0,0.0,0.5053,0.5,95.0,0.5,0.0
5ab6aa4c55429953192ad359,ace_submod_96,ace,submod,0.0,0.5,0.0,1.0,0.5,69.0,0.5,0.0
5abe832a55429965af743f29,ace_submod_96,ace,submod,0.0,0.0,0.0,0.3864,0.5,88.0,0.5,0.0
5ab5b732554299494045f03c,ace_submod_96,ace,submod,0.0,0.0,0.0,0.5111,0.5,90.0,1.0,1.0
5adffb4655429925eb1afbbf,ace_submod_96,ace,submod,0.0,0.0,0.0,0.0,0.0,84.0,0.5,0.0
5ae6d3345542996d980e7c85,ace_submod_96,ace,submod,1.0,1.0,1.0,1.0,1.0,73.0,1.0,1.0
5ab878ba55429916710eb06c,ace_submod_96,ace,submod,0.0,0.0,1.0,0.8889,1.0,90.0,1.0,1.0
5a7509175542993748c897a3,ace_submod_96,ace,submod,1.0,1.0,1.0,0.3333,0.5,78.0,1.0,1.0
5a8ac38855429970aeb70300,ace_submod_96,ace,submod,0.0,0.0,0.0,0.2581,0.5,93.0,1.0,1.0
5a8bc03d5542996e8ac88a0b,ace_submod_96,ace,submod,0.0,0.0,0.0,0.5843,0.5,89.0,1.0,1.0
5ae4ad375542995dadf243a4,ace_submod_96,ace,submod,0.0,0.0,0.0,0.3933,0.5,89.0,0.5,0.0
5a7da0de5542990b8f5039d7,ace_submod_96,ace,submod,0.0,0.0,0.0,0.3913,1.0,92.0,1.0,1.0
5a8af0a355429950cd6afc1c,ace_submod_96,ace,submod,0.0,0.0,0.0,0.5366,0.5,82.0,1.0,1.0
5a73522d5542994cef4bc541,ace_submod_96,ace,submod,0.0,0.0,1.0,0.7253,1.0,91.0,1.0,1.0
5ab3a83d5542992ade7c6e08,ace_submod_96,ace,submod,0.0,0.0,0.0,0.4247,0.5,73.0,1.0,1.0
5ab84d5a55429916710eb028,ace_submod_96,ace,submod,0.0,0.0,0.0,0.7024,0.5,84.0,1.0,1.0
5a7f57a45542992097ad2f29,ace_submod_96,ace,submod,0.0,0.6667,0.0,0.6118,0.5,85.0,1.0,1.0
5ae764a85542997b22f6a720,ace_submod_96,ace,submod,0.0,0.0,0.0,0.7222,0.5,72.0,1.0,1.0
5a7b1023554299042af8f6c2,ace_submod_96,ace,submod,1.0,1.0,1.0,1.0,1.0,81.0,1.0,1.0
5a80707e5542992bc0c4a70e,ace_submod_96,ace,submod,0.0,0.0,0.0,0.375,0.5,96.0,1.0,1.0
5a8e16a5554299068b959e58,ace_submod_96,ace,submod,1.0,1.0,1.0,0.6667,1.0,96.0,1.0,1.0
5a875cd65542996e4f30879d,ace_submod_96,ace,submod,0.0,0.8,1.0,0.2941,0.5,68.0,1.0,1.0
5a78d16455429974737f78bb,ace_submod_96,ace,submod,0.0,0.8,1.0,0.5895,1.0,95.0,1.0,1.0
5a895f6155429946c8d6e914,ace_submod_96,ace,submod,0.0,0.0,0.0,0.1979,0.5,96.0,0.5,0.0
5a84f8555542997175ce1f3a,ace_submod_96,ace,submod,0.0,0.0,1.0,1.0,1.0,84.0,1.0,1.0
5ab31adc554299233954ff0a,ace_submod_96,ace,submod,0.0,0.0,0.0,0.3933,0.5,89.0,1.0,1.0
5ac3ba1855429939154138f3,ace_submod_96,ace,submod,0.0,0.0,0.0,0.0,0.0,96.0,0.5,0.0
5a7380b955429908901be2d4,ace_submod_96,ace,submod,0.0,0.0,1.0,0.7033,1.0,91.0,1.0,1.0
5a8f92fb55429918e830d271,ace_submod_96,ace,submod,0.0,0.0,0.0,0.7222,0.5,90.0,1.0,1.0
5a88082055429938390d3ed2,ace_submod_96,ace,submod,0.0,0.0,0.0,0.7123,0.5,73.0,1.0,1.0
5a7d22dc5542995ed0d16600,ace_submod_96,ace,submod,0.0,0.0,1.0,0.5,1.0,82.0,1.0,1.0
5ae291bb5542996483e649f6,ace_submod_96,ace,submod,0.0,0.0,0.0,0.0,0.0,84.0,0.5,0.0
5abfde655542997719eab6f2,ace_submod_96,ace,submod,0.0,0.0,1.0,0.0,0.0,87.0,1.0,1.0
5ae67fad5542991bbc976100,ace_submod_96,ace,submod,0.0,0.0,0.0,0.4706,0.5,85.0,0.5,0.0
5ab2a1f35542997061209677,ace_submod_96,ace,submod,0.0,0.8,0.0,0.6629,0.5,89.0,1.0,1.0
5a74ab6055429916b01641b9,ace_submod_96,ace,submod,1.0,1.0,1.0,0.5352,0.5,71.0,0.5,0.0
5a8b97485542995d1e6f140f,ace_submod_96,ace,submod,0.0,0.0,1.0,0.6341,1.0,82.0,1.0,1.0
5adcdc6c5542992c1e3a2437,ace_submod_96,ace,submod,0.0,0.0,0.0,0.6351,0.5,74.0,0.5,0.0
5ae73ddb554299572ea5478d,ace_submod_96,ace,submod,1.0,1.0,1.0,0.6809,1.0,94.0,1.0,1.0
5ade618e554299728e26c700,ace_submod_96,ace,submod,0.0,0.0,1.0,0.3763,1.0,93.0,1.0,1.0
5a76404b5542994ccc91873d,ace_submod_96,ace,submod,1.0,1.0,1.0,0.7263,1.0,95.0,1.0,1.0
5ac44b47554299194317396c,ace_submod_96,ace,submod,0.0,0.2,0.0,0.7708,1.0,96.0,1.0,1.0
5ac27afa5542990b17b153b5,ace_submod_96,ace,submod,0.0,0.0,0.0,0.5122,0.5,82.0,0.5,0.0
5ac2c4fe554299218029db3b,ace_submod_96,ace,submod,0.0,0.5,1.0,0.8404,1.0,94.0,1.0,1.0
5ae49b705542995ad6573dbc,ace_submod_96,ace,submod,0.0,0.25,1.0,0.6067,1.0,89.0,1.0,1.0
5ae5fc345542993aec5ec1f8,ace_submod_96,ace,submod,1.0,1.0,1.0,0.4342,0.5,76.0,1.0,1.0
5a8d651955429941ae14dfaf,ace_submod_96,ace,submod,1.0,1.0,0.0,0.2632,0.5,76.0,1.0,1.0
5a839cb9554299123d8c2169,ace_submod_96,ace,submod,1.0,1.0,0.0,0.3333,0.5,84.0,0.5,0.0
5adbe1b355429944faac23a0,ace_submod_96,ace,submod,1.0,1.0,0.0,0.0,0.0,90.0,0.5,0.0
5ac29cf8554299218029dac2,ace_submod_96,ace,submod,0.0,0.0,0.0,0.0,0.0,94.0,0.5,0.0
5ae21ef35542994d89d5b35d,ace_submod_96,ace,submod,0.0,0.0,0.0,0.0,0.0,73.0,1.0,1.0
5ae1ebf95542997283cd22f2,ace_submod_96,ace,submod,1.0,1.0,1.0,0.5638,1.0,94.0,1.0,1.0
5a8b98665542995d1e6f1413,ace_submod_96,ace,submod,1.0,1.0,1.0,0.4667,1.0,90.0,1.0,1.0
5ae3d67f5542992f92d8238f,ace_submod_96,ace,submod,0.0,0.0,0.0,0.4384,0.5,73.0,0.5,0.0
5a8cb4b2554299585d9e372a,ace_submod_96,ace,submod,0.0,0.8,1.0,0.25,0.5,96.0,1.0,1.0
5ae30aa05542992decbdcdd7,ace_submod_96,ace,submod,0.0,0.0,1.0,1.0,1.0,75.0,1.0,1.0
5adcaa7f5542990d50227cdb,ace_submod_96,ace,submod,0.0,0.0,0.0,0.2706,0.5,85.0,1.0,1.0
5a8d40715542994ba4e3dc3a,ace_submod_96,ace,submod,0.0,0.6667,0.0,0.7253,1.0,91.0,1.0,1.0
5ae4f2595542990ba0bbb1a8,ace_submod_96,ace,submod,1.0,1.0,1.0,0.3768,0.5,69.0,0.5,0.0
5ac507725542994611c8b32a,ace_submod_96,ace,submod,0.0,0.0,0.0,0.4667,0.5,90.0,0.5,0.0
5a8f5bb45542992414482a77,ace_submod_96,ace,submod,1.0,1.0,1.0,0.4375,1.0,96.0,1.0,1.0
5ae1f2d4554299234fd04358,ace_submod_96,ace,submod,0.0,0.0,0.0,0.3488,0.5,86.0,0.5,0.0
5ae2fca555429928c423958a,ace_submod_96,ace,submod,0.0,0.0,0.0,0.4432,0.5,88.0,0.5,0.0
5adc0f8d55429947ff1738ef,ace_submod_96,ace,submod,1.0,1.0,0.0,0.4,0.5,95.0,1.0,1.0
5add64065542995b365fab25,ace_submod_96,ace,submod,0.0,0.0,1.0,0.5294,0.5,68.0,1.0,1.0
5a7d26bd554299452d57bb28,ace_submod_96,ace,submod,0.0,0.0,1.0,0.2588,0.5,85.0,1.0,1.0
5abba581554299642a094af9,ace_submod_96,ace,submod,0.0,0.0,0.0,0.1688,0.5,77.0,0.5,0.0
5a7f89c75542994857a76775,ace_submod_96,ace,submod,0.0,0.0,0.0,1.0,0.5,73.0,0.5,0.0
5ae531695542990ba0bbb1fb,ace_submod_96,ace,submod,0.0,0.0,0.0,0.5301,0.5,83.0,0.5,0.0
5a8d5f16554299585d9e37c5,ace_submod_96,ace,submod,1.0,1.0,1.0,0.4286,0.5,91.0,1.0,1.0
5ade1f1c55429939a52fe82d,ace_submod_96,ace,submod,1.0,1.0,1.0,0.3158,0.5,95.0,1.0,1.0
5a70f4c45542994082a3e437,ace_submod_96,ace,submod,1.0,1.0,1.0,0.378,0.5,82.0,1.0,1.0
5a8a07af55429970aeb70222,ace_submod_96,ace,submod,1.0,1.0,1.0,0.6,1.0,90.0,1.0,1.0
5abd332e5542993062266bdd,ace_submod_96,ace,submod,0.0,0.0,0.0,0.0,0.0,83.0,0.0,0.0
5ae4869755429970de88d99a,ace_submod_96,ace,submod,0.0,0.0,0.0,0.3229,0.5,96.0,1.0,1.0
5a8d841955429941ae14dfe6,ace_submod_96,ace,submod,0.0,0.0,1.0,0.6923,1.0,91.0,1.0,1.0
5a87c0945542996e4f30890b,ace_submod_96,ace,submod,1.0,1.0,0.0,0.3034,0.5,89.0,1.0,1.0
5a8a9bc15542996c9b8d5f36,ace_submod_96,ace,submod,0.0,0.0,1.0,0.6163,1.0,86.0,1.0,1.0
5adc93a4554299438c868e01,ace_submod_96,ace,submod,0.0,0.0,0.0,0.4382,0.5,89.0,0.5,0.0
5ae564a155429960a22e02e4,ace_submod_96,ace,submod,0.0,0.4,1.0,1.0,1.0,79.0,1.0,1.0
5ab56b9b5542997d4ad1f113,ace_submod_96,ace,submod,0.0,0.0,1.0,0.5135,0.5,74.0,1.0,1.0
5a74d9c555429929fddd84fb,ace_submod_96,ace,submod,1.0,1.0,1.0,1.0,1.0,70.0,1.0,1.0
5a8af56855429950cd6afc2f,ace_submod_96,ace,submod,0.0,0.0,0.0,0.2727,0.5,77.0,0.5,0.0
5ab3c470554299233954ffa1,ace_submod_96,ace,submod,1.0,1.0,1.0,1.0,1.0,95.0,1.0,1.0
5ae20c465542997283cd236a,ace_submod_96,ace,submod,0.0,0.0,0.0,0.2838,0.5,74.0,0.5,0.0
5ab5b701554299637185c5e7,ace_submod_96,ace,submod,0.0,0.0,0.0,0.0,0.0,91.0,0.5,0.0
5ae829ea5542997ec2727738,ace_submod_96,ace,submod,0.0,0.3333,0.0,0.3614,0.5,83.0,0.5,0.0
5ac546975542993e66e8229a,ace_submod_96,ace,submod,1.0,1.0,1.0,1.0,1.0,94.0,1.0,1.0
5a81a63c5542990a1d231e45,ace_submod_96,ace,submod,0.0,0.5,0.0,0.4588,0.5,85.0,1.0,1.0
5a72af155542992359bc316c,ace_submod_96,ace,submod,1.0,1.0,1.0,0.5484,0.5,93.0,1.0,1.0
5abd6f0855429933744ab7d5,ace_submod_96,ace,submod,0.0,0.0,0.0,1.0,1.0,77.0,1.0,1.0
5adefcf15542995ec70e8f4c,ace_submod_96,ace,submod,0.0,0.0,0.0,0.0,0.0,95.0,1.0,1.0
5ae15ae25542990adbacf767,ace_submod_96,ace,submod,1.0,1.0,1.0,0.0,0.0,76.0,1.0,1.0
5abbf43d5542993f40c73c2f,ace_submod_96,ace,submod,1.0,1.0,0.0,0.0,0.0,86.0,1.0,1.0
5a7ab1b055429927d897bef4,ace_submod_96,ace,submod,1.0,1.0,1.0,0.6125,1.0,80.0,1.0,1.0
5a7d2afd5542995f4f402221,ace_submod_96,ace,submod,1.0,1.0,1.0,0.622,1.0,82.0,1.0,1.0
5a84c0765542991dd0999dd9,ace_submod_96,ace,submod,0.0,0.0,0.0,0.5072,0.5,69.0,0.5,0.0
5ae0bc185542993d6555ec29,ace_submod_96,ace,submod,0.0,0.0,0.0,0.3125,0.5,96.0,0.5,0.0
5a7cef5d55429909bec768ac,ace_submod_96,ace,submod,0.0,0.0,0.0,0.2667,0.5,90.0,1.0,1.0
5a899f4955429946c8d6e971,ace_submod_96,ace,submod,1.0,1.0,1.0,1.0,0.5,82.0,0.5,0.0
5a8ed7b455429917b4a5bdd1,ace_submod_96,ace,submod,0.0,0.8,1.0,0.95,1.0,80.0,1.0,1.0
5a835a265542992ef85e2281,ace_submod_96,ace,submod,0.0,0.5,1.0,0.8068,1.0,88.0,1.0,1.0
5a8c52685542995e66a475bb,ace_submod_96,ace,submod,0.0,0.0,0.0,0.4194,0.5,93.0,1.0,1.0
5ab4e48655429942dd415f9c,ace_submod_96,ace,submod,0.0,0.0,0.0,0.4545,0.5,88.0,0.5,0.0
5ae67dba55429908198fa5f0,ace_submod_96,ace,submod,0.0,0.0,0.0,0.3514,0.5,74.0,0.5,0.0
5ae13c5155429920d5234336,ace_submod_96,ace,submod,1.0,1.0,1.0,1.0,1.0,71.0,1.0,1.0
5ab2b7405542991669774069,ace_submod_96,ace,submod,0.0,0.0,0.0,0.6915,1.0,94.0,1.0,1.0
5ab1c693554299722f9b4c66,ace_submod_96,ace,submod,1.0,1.0,1.0,0.7273,1.0,88.0,1.0,1.0
5ae692e35542996d980e7c0e,ace_submod_96,ace,submod,0.0,0.0,0.0,0.4382,0.5,89.0,1.0,1.0
5a7f74975542992097ad2f77,ace_submod_96,ace,submod,0.0,0.0,0.0,0.4255,0.5,94.0,0.5,0.0
5a7e30b255429934daa2fbeb,ace_submod_96,ace,submod,0.0,0.0,1.0,0.6905,0.5,84.0,1.0,1.0
5a7ca95b55429935c91b5287,ace_submod_96,ace,submod,1.0,1.0,0.0,0.0659,0.5,91.0,0.5,0.0
5abfa18f5542990832d3a176,ace_submod_96,ace,submod,1.0,1.0,0.0,0.383,0.5,94.0,1.0,1.0
5a8a39b355429930ff3c0d13,ace_submod_96,ace,submod,1.0,1.0,1.0,0.0,0.0,87.0,0.5,0.0
5ab2958c554299449642c912,ace_submod_96,ace,submod,0.0,0.6667,1.0,0.6667,1.0,96.0,1.0,1.0
5ae7eaf65542994a481bbe1d,ace_submod_96,ace,submod,1.0,1.0,1.0,1.0,1.0,66.0,1.0,1.0
5aba916c55429901930fa83b,ace_submod_96,ace,submod,1.0,1.0,1.0,0.4176,0.5,91.0,0.5,0.0
5ac0d981554299012d1db646,ace_submod_96,ace,submod,1.0,1.0,1.0,0.2128,0.5,94.0,1.0,1.0
5ade653f55429975fa854ebb,ace_submod_96,ace,submod,0.0,0.75,1.0,0.4194,0.5,93.0,0.5,0.0
5ab54e145542992aa134a2a1,ace_submod_96,ace,submod,0.0,0.4,1.0,0.6848,1.0,92.0,1.0,1.0
5a8518a75542994c784ddaf7,ace_submod_96,ace,submod,0.0,0.0,1.0,0.6778,0.5,90.0,1.0,1.0
5ac175635542994ab5c67d4b,ace_submod_96,ace,submod,0.0,0.0,0.0,0.3021,0.5,96.0,0.5,0.0
5abd889f55429924427fd046,ace_submod_96,ace,submod,0.0,0.0,0.0,0.0,0.0,96.0,1.0,1.0
5a772c925542993735360208,ace_submod_96,ace,submod,1.0,1.0,1.0,0.6739,1.0,92.0,1.0,1.0
5ab492155542991779162ce3,ace_submod_96,ace,submod,0.0,0.25,0.0,0.4286,0.5,91.0,0.5,0.0
5ae5ef105542996de7b71a72,ace_submod_96,ace,submod,0.0,0.0,1.0,0.6277,0.5,94.0,1.0,1.0
5a8ad2f3554299515336138d,ace_submod_96,ace,submod,1.0,1.0,1.0,0.4146,0.5,82.0,1.0,1.0
5a7d07a455429907fabef0ae,ace_submod_96,ace,submod,0.0,0.5,1.0,0.7204,1.0,93.0,1.0,1.0
5aba89d555429901930fa816,ace_submod_96,ace,submod,1.0,1.0,1.0,0.3596,0.5,89.0,1.0,1.0
5a8c7623554299653c1aa07a,ace_submod_96,ace,submod,1.0,1.0,1.0,0.2791,0.5,86.0,1.0,1.0
5a79ecd05542996c55b2dca1,ace_submod_96,ace,submod,0.0,0.0,0.0,0.4865,0.5,74.0,0.5,0.0
5adec4695542992fa25da83a,ace_submod_96,ace,submod,0.0,0.0,0.0,0.3529,0.5,85.0,1.0,1.0
5ae608f2554299546bf83026,ace_submod_96,ace,submod,0.0,0.0,1.0,0.7356,1.0,87.0,1.0,1.0
5abfd5c45542994516f4550e,ace_submod_96,ace,submod,0.0,0.0,0.0,0.5156,0.5,64.0,1.0,1.0
5adce12e5542990d50227d4f,ace_submod_96,ace,submod,1.0,1.0,1.0,0.4111,0.5,90.0,1.0,1.0
5a851b0d5542997175ce1f7f,ace_submod_96,ace,submod,0.0,0.0,0.0,1.0,1.0,72.0,1.0,1.0
5ae164cf5542997b2ef7d1cd,ace_submod_96,ace,submod,1.0,1.0,1.0,1.0,0.5,91.0,1.0,1.0
5a8c493e554299653c1aa020,ace_submod_96,ace,submod,0.0,0.0,0.0,0.0,0.0,91.0,0.5,0.0
5a89dbec554299669944a5d6,ace_submod_96,ace,submod,0.0,0.0,0.0,0.3521,0.5,71.0,1.0,1.0
5ae1389655429901ffe4ae05,ace_submod_96,ace,submod,1.0,1.0,1.0,1.0,1.0,81.0,1.0,1.0
5adc6a3b55429947ff173953,ace_submod_96,ace,submod,1.0,1.0,1.0,1.0,1.0,82.0,1.0,1.0
5ac02880554299012d1db5c0,ace_submod_96,ace,submod,1.0,1.0,1.0,0.7349,1.0,83.0,1.0,1.0
5aba0c2655429955dce3edb7,ace_submod_96,ace,submod,0.0,0.0,1.0,0.4598,0.5,87.0,0.5,0.0
5add44c25542997545bbbd0a,ace_submod_96,ace,submod,0.0,0.2857,0.0,0.3404,0.5,94.0,1.0,1.0
5a7616755542992d0ec06028,ace_submod_96,ace,submod,0.0,0.0,0.0,0.2526,0.5,95.0,1.0,1.0
