=== control/main.py: stage13-multiseed (stage13-multiseed-v1) ===
Copied extracted project /kaggle/input/datasets/anantonayan/dataset12 to /kaggle/working/ace_rag_research_v13_analysis
$ /usr/bin/python3 -m pip install -q -r requirements-cloud.txt
     ━━━━━━━━━━━━━━━━━━━━━━━━━━━━━━━━━━━━━━━━ 44.0/44.0 kB 3.1 MB/s eta 0:00:00
   ━━━━━━━━━━━━━━━━━━━━━━━━━━━━━━━━━━━━━━━━ 566.4/566.4 kB 36.6 MB/s eta 0:00:00
   ━━━━━━━━━━━━━━━━━━━━━━━━━━━━━━━━━━━━━━━━ 12.0/12.0 MB 118.3 MB/s eta 0:00:00
$ /usr/bin/python3 -m pip install -q bitsandbytes>=0.43.0
   ━━━━━━━━━━━━━━━━━━━━━━━━━━━━━━━━━━━━━━━━ 60.7/60.7 MB 36.9 MB/s eta 0:00:00
[overlay] applied 5 file(s) to /kaggle/working/ace_rag_research_v13_analysis: ['ace_rag/context_quality.py', 'ace_rag/datasets.py', 'ace_rag/evidence_packer.py', 'ace_rag/generator.py', 'experiments/run_density_router.py']
--- budget sweep B=96 seed 13 ---
$ /usr/bin/python3 -m experiments.run_density_router --dataset hotpotqa --limit 500 --seed 13 --ace-retriever standard --top-k 5 --top-k-nodes 48 --max-expanded-docs 5 --embedder sentence-transformers --embedding-model BAAI/bge-small-en-v1.5 --embed-device cuda --compressor truncate --compress-dims 320 --reader-backend hf --reader-model Qwen/Qwen2.5-3B-Instruct --reader-device cuda --reader-batch-size 2 --mmr-lambda 0.7 --budget 96 --out-dir /kaggle/working/colab_results/stage13_budgetsweep_hotpotqa_qwen3b_budget96_limit500_seed13 --split validation

Generating train split:   0%|          | 0/90447 [00:00<?, ? examples/s]
Generating train split:   1%|          | 1000/90447 [00:00<00:11, 8058.04 examples/s]
Generating train split:   8%|▊         | 7000/90447 [00:00<00:02, 30270.92 examples/s]
Generating train split:  13%|█▎        | 12000/90447 [00:00<00:02, 34770.31 examples/s]
Generating train split:  20%|█▉        | 18000/90447 [00:00<00:01, 38678.81 examples/s]
Generating train split:  27%|██▋       | 24000/90447 [00:00<00:01, 42552.29 examples/s]
Generating train split:  33%|███▎      | 30000/90447 [00:00<00:01, 43790.15 examples/s]
Generating train split:  40%|███▉      | 36000/90447 [00:00<00:01, 44911.03 examples/s]
Generating train split:  46%|████▋     | 42000/90447 [00:01<00:01, 46349.84 examples/s]
Generating train split:  54%|█████▍    | 49224/90447 [00:01<00:00, 42028.34 examples/s]
Generating train split:  60%|█████▉    | 54224/90447 [00:01<00:00, 40941.25 examples/s]
Generating train split:  67%|██████▋   | 60224/90447 [00:01<00:00, 43479.55 examples/s]
Generating train split:  73%|███████▎  | 66224/90447 [00:01<00:00, 44166.41 examples/s]
Generating train split:  80%|███████▉  | 72224/90447 [00:01<00:00, 43917.81 examples/s]
Generating train split:  86%|████████▋ | 78224/90447 [00:01<00:00, 46727.55 examples/s]
Generating train split:  93%|█████████▎| 84224/90447 [00:01<00:00, 46290.32 examples/s]
Generating train split: 100%|██████████| 90447/90447 [00:02<00:00, 50195.94 examples/s]
Generating train split: 100%|██████████| 90447/90447 [00:02<00:00, 43517.51 examples/s]

Generating validation split:   0%|          | 0/7405 [00:00<?, ? examples/s]
Generating validation split:  68%|██████▊   | 5000/7405 [00:00<00:00, 39369.46 examples/s]
Generating validation split: 100%|██████████| 7405/7405 [00:00<00:00, 46601.42 examples/s]
hotpotqa[hf:validation:500]: 4933 docs, 500 questions, 2.00 gold docs/question
[density] retrieving chunk baseline
[chunk] fitting/indexing
[embed] encoding 4933 texts on device=cuda:0

Batches:   0%|          | 0/78 [00:00<?, ?it/s]
Batches:   1%|▏         | 1/78 [00:01<01:26,  1.12s/it]
Batches:   3%|▎         | 2/78 [00:01<00:56,  1.33it/s]
Batches:   4%|▍         | 3/78 [00:01<00:43,  1.74it/s]
Batches:   5%|▌         | 4/78 [00:02<00:36,  2.02it/s]
Batches:   6%|▋         | 5/78 [00:02<00:31,  2.31it/s]
Batches:   8%|▊         | 6/78 [00:02<00:27,  2.61it/s]
Batches:   9%|▉         | 7/78 [00:03<00:25,  2.78it/s]
Batches:  10%|█         | 8/78 [00:03<00:23,  3.01it/s]
Batches:  12%|█▏        | 9/78 [00:03<00:22,  3.12it/s]
Batches:  13%|█▎        | 10/78 [00:04<00:20,  3.26it/s]
Batches:  14%|█▍        | 11/78 [00:04<00:19,  3.46it/s]
Batches:  15%|█▌        | 12/78 [00:04<00:18,  3.66it/s]
Batches:  17%|█▋        | 13/78 [00:04<00:16,  3.87it/s]
Batches:  18%|█▊        | 14/78 [00:05<00:16,  4.00it/s]
Batches:  19%|█▉        | 15/78 [00:05<00:15,  4.14it/s]
Batches:  21%|██        | 16/78 [00:05<00:14,  4.24it/s]
Batches:  22%|██▏       | 17/78 [00:05<00:14,  4.35it/s]
Batches:  23%|██▎       | 18/78 [00:05<00:13,  4.36it/s]
Batches:  24%|██▍       | 19/78 [00:06<00:13,  4.50it/s]
Batches:  26%|██▌       | 20/78 [00:06<00:11,  4.84it/s]
Batches:  27%|██▋       | 21/78 [00:06<00:11,  5.01it/s]
Batches:  28%|██▊       | 22/78 [00:06<00:10,  5.11it/s]
Batches:  29%|██▉       | 23/78 [00:06<00:10,  5.21it/s]
Batches:  31%|███       | 24/78 [00:07<00:10,  5.28it/s]
Batches:  32%|███▏      | 25/78 [00:07<00:09,  5.41it/s]
Batches:  33%|███▎      | 26/78 [00:07<00:09,  5.53it/s]
Batches:  35%|███▍      | 27/78 [00:07<00:09,  5.62it/s]
Batches:  36%|███▌      | 28/78 [00:07<00:08,  5.82it/s]
Batches:  37%|███▋      | 29/78 [00:07<00:08,  5.83it/s]
Batches:  38%|███▊      | 30/78 [00:08<00:08,  5.71it/s]
Batches:  40%|███▉      | 31/78 [00:08<00:08,  5.83it/s]
Batches:  41%|████      | 32/78 [00:08<00:07,  5.82it/s]
Batches:  42%|████▏     | 33/78 [00:08<00:07,  5.99it/s]
Batches:  44%|████▎     | 34/78 [00:08<00:07,  6.19it/s]
Batches:  45%|████▍     | 35/78 [00:08<00:06,  6.28it/s]
Batches:  46%|████▌     | 36/78 [00:09<00:06,  6.40it/s]
Batches:  47%|████▋     | 37/78 [00:09<00:06,  6.61it/s]
Batches:  49%|████▊     | 38/78 [00:09<00:05,  6.68it/s]
Batches:  50%|█████     | 39/78 [00:09<00:05,  6.92it/s]
Batches:  51%|█████▏    | 40/78 [00:09<00:05,  6.86it/s]
Batches:  53%|█████▎    | 41/78 [00:09<00:05,  6.96it/s]
Batches:  54%|█████▍    | 42/78 [00:09<00:05,  7.03it/s]
Batches:  55%|█████▌    | 43/78 [00:10<00:05,  6.97it/s]
Batches:  56%|█████▋    | 44/78 [00:10<00:04,  7.41it/s]
Batches:  58%|█████▊    | 45/78 [00:10<00:04,  6.87it/s]
Batches:  59%|█████▉    | 46/78 [00:10<00:04,  7.01it/s]
Batches:  60%|██████    | 47/78 [00:10<00:04,  7.21it/s]
Batches:  62%|██████▏   | 48/78 [00:10<00:03,  7.54it/s]
Batches:  63%|██████▎   | 49/78 [00:10<00:03,  7.95it/s]
Batches:  64%|██████▍   | 50/78 [00:10<00:03,  8.06it/s]
Batches:  65%|██████▌   | 51/78 [00:11<00:03,  8.35it/s]
Batches:  67%|██████▋   | 52/78 [00:11<00:02,  8.71it/s]
Batches:  68%|██████▊   | 53/78 [00:11<00:02,  8.76it/s]
Batches:  71%|███████   | 55/78 [00:11<00:02,  9.41it/s]
Batches:  73%|███████▎  | 57/78 [00:11<00:02,  9.77it/s]
Batches:  76%|███████▌  | 59/78 [00:11<00:01,  9.83it/s]
Batches:  78%|███████▊  | 61/78 [00:12<00:01, 10.23it/s]
Batches:  81%|████████  | 63/78 [00:12<00:01, 10.69it/s]
Batches:  83%|████████▎ | 65/78 [00:12<00:01, 10.77it/s]
Batches:  86%|████████▌ | 67/78 [00:12<00:00, 11.18it/s]
Batches:  88%|████████▊ | 69/78 [00:12<00:00, 11.80it/s]
Batches:  91%|█████████ | 71/78 [00:12<00:00, 12.46it/s]
Batches:  94%|█████████▎| 73/78 [00:12<00:00, 13.40it/s]
Batches:  96%|█████████▌| 75/78 [00:13<00:00, 14.75it/s]
Batches: 100%|██████████| 78/78 [00:13<00:00,  5.93it/s]
[chunk] retrieving
[embed] encoding 500 texts on device=cuda:0

Batches:   0%|          | 0/8 [00:00<?, ?it/s]
Batches:  38%|███▊      | 3/8 [00:00<00:00, 29.76it/s]
Batches:  88%|████████▊ | 7/8 [00:00<00:00, 34.67it/s]
Batches: 100%|██████████| 8/8 [00:00<00:00, 35.70it/s]
[density] retrieving ACE graph
[ace] building evidence graph
[ace] graph built: nodes=50334 edges=77031
[ace] fitting/indexing embeddings
[embed] encoding 45401 texts on device=cuda:0

Batches:   0%|          | 0/710 [00:00<?, ?it/s]
Batches:   0%|          | 1/710 [00:00<05:29,  2.15it/s]
Batches:   0%|          | 2/710 [00:00<03:18,  3.57it/s]
Batches:   0%|          | 3/710 [00:00<02:22,  4.96it/s]
Batches:   1%|          | 4/710 [00:00<01:57,  6.01it/s]
Batches:   1%|          | 6/710 [00:01<01:31,  7.66it/s]
Batches:   1%|          | 8/710 [00:01<01:21,  8.61it/s]
Batches:   1%|▏         | 10/710 [00:01<01:14,  9.39it/s]
Batches:   2%|▏         | 12/710 [00:01<01:10,  9.88it/s]
Batches:   2%|▏         | 14/710 [00:01<01:07, 10.34it/s]
Batches:   2%|▏         | 16/710 [00:01<01:05, 10.57it/s]
Batches:   3%|▎         | 18/710 [00:02<01:00, 11.43it/s]
Batches:   3%|▎         | 20/710 [00:02<00:59, 11.64it/s]
Batches:   3%|▎         | 22/710 [00:02<00:56, 12.09it/s]
Batches:   3%|▎         | 24/710 [00:02<00:56, 12.23it/s]
Batches:   4%|▎         | 26/710 [00:02<00:52, 13.00it/s]
Batches:   4%|▍         | 28/710 [00:02<00:51, 13.12it/s]
Batches:   4%|▍         | 30/710 [00:02<00:50, 13.34it/s]
Batches:   5%|▍         | 32/710 [00:03<00:52, 12.90it/s]
Batches:   5%|▍         | 34/710 [00:03<00:49, 13.60it/s]
Batches:   5%|▌         | 36/710 [00:03<00:47, 14.16it/s]
Batches:   5%|▌         | 38/710 [00:03<00:46, 14.41it/s]
Batches:   6%|▌         | 40/710 [00:03<00:45, 14.83it/s]
Batches:   6%|▌         | 42/710 [00:03<00:44, 14.97it/s]
Batches:   6%|▌         | 44/710 [00:03<00:45, 14.65it/s]
Batches:   6%|▋         | 46/710 [00:04<00:44, 15.06it/s]
Batches:   7%|▋         | 48/710 [00:04<00:43, 15.15it/s]
Batches:   7%|▋         | 50/710 [00:04<00:43, 15.33it/s]
Batches:   7%|▋         | 52/710 [00:04<00:42, 15.47it/s]
Batches:   8%|▊         | 54/710 [00:04<00:42, 15.57it/s]
Batches:   8%|▊         | 56/710 [00:04<00:40, 16.16it/s]
Batches:   8%|▊         | 59/710 [00:04<00:37, 17.48it/s]
Batches:   9%|▊         | 61/710 [00:04<00:39, 16.64it/s]
Batches:   9%|▉         | 63/710 [00:05<00:38, 17.02it/s]
Batches:   9%|▉         | 65/710 [00:05<00:36, 17.71it/s]
Batches:   9%|▉         | 67/710 [00:05<00:37, 17.16it/s]
Batches:  10%|▉         | 69/710 [00:05<00:35, 17.81it/s]
Batches:  10%|█         | 71/710 [00:05<00:35, 18.25it/s]
Batches:  10%|█         | 73/710 [00:05<00:34, 18.45it/s]
Batches:  11%|█         | 75/710 [00:05<00:35, 17.80it/s]
Batches:  11%|█         | 77/710 [00:05<00:35, 18.06it/s]
Batches:  11%|█         | 79/710 [00:05<00:34, 18.19it/s]
Batches:  11%|█▏        | 81/710 [00:06<00:34, 18.26it/s]
Batches:  12%|█▏        | 83/710 [00:06<00:33, 18.58it/s]
Batches:  12%|█▏        | 85/710 [00:06<00:33, 18.64it/s]
Batches:  12%|█▏        | 87/710 [00:06<00:34, 18.29it/s]
Batches:  13%|█▎        | 89/710 [00:06<00:33, 18.60it/s]
Batches:  13%|█▎        | 92/710 [00:06<00:31, 19.38it/s]
Batches:  13%|█▎        | 95/710 [00:06<00:31, 19.78it/s]
Batches:  14%|█▍        | 98/710 [00:06<00:29, 20.46it/s]
Batches:  14%|█▍        | 101/710 [00:07<00:28, 21.34it/s]
Batches:  15%|█▍        | 104/710 [00:07<00:29, 20.62it/s]
Batches:  15%|█▌        | 107/710 [00:07<00:29, 20.57it/s]
Batches:  15%|█▌        | 110/710 [00:07<00:28, 21.07it/s]
Batches:  16%|█▌        | 113/710 [00:07<00:27, 21.68it/s]
Batches:  16%|█▋        | 116/710 [00:07<00:27, 21.78it/s]
Batches:  17%|█▋        | 119/710 [00:07<00:27, 21.74it/s]
Batches:  17%|█▋        | 122/710 [00:08<00:26, 22.10it/s]
Batches:  18%|█▊        | 125/710 [00:08<00:26, 22.19it/s]
Batches:  18%|█▊        | 128/710 [00:08<00:26, 22.28it/s]
Batches:  18%|█▊        | 131/710 [00:08<00:26, 22.16it/s]
Batches:  19%|█▉        | 134/710 [00:08<00:25, 22.36it/s]
Batches:  19%|█▉        | 137/710 [00:08<00:25, 22.53it/s]
Batches:  20%|█▉        | 140/710 [00:08<00:24, 22.83it/s]
Batches:  20%|██        | 143/710 [00:08<00:24, 22.70it/s]
Batches:  21%|██        | 146/710 [00:09<00:24, 23.28it/s]
Batches:  21%|██        | 149/710 [00:09<00:24, 22.46it/s]
Batches:  21%|██▏       | 152/710 [00:09<00:24, 23.09it/s]
Batches:  22%|██▏       | 155/710 [00:09<00:23, 23.68it/s]
Batches:  22%|██▏       | 158/710 [00:09<00:22, 24.20it/s]
Batches:  23%|██▎       | 161/710 [00:09<00:22, 24.81it/s]
Batches:  23%|██▎       | 164/710 [00:09<00:22, 24.77it/s]
Batches:  24%|██▎       | 167/710 [00:09<00:21, 24.86it/s]
Batches:  24%|██▍       | 170/710 [00:10<00:21, 24.77it/s]
Batches:  24%|██▍       | 173/710 [00:10<00:21, 25.25it/s]
Batches:  25%|██▍       | 176/710 [00:10<00:21, 25.09it/s]
Batches:  25%|██▌       | 179/710 [00:10<00:20, 25.81it/s]
Batches:  26%|██▌       | 182/710 [00:10<00:20, 26.08it/s]
Batches:  26%|██▌       | 185/710 [00:10<00:20, 25.87it/s]
Batches:  26%|██▋       | 188/710 [00:10<00:19, 26.42it/s]
Batches:  27%|██▋       | 191/710 [00:10<00:19, 27.03it/s]
Batches:  27%|██▋       | 194/710 [00:10<00:19, 26.86it/s]
Batches:  28%|██▊       | 197/710 [00:11<00:18, 27.70it/s]
Batches:  28%|██▊       | 200/710 [00:11<00:18, 28.03it/s]
Batches:  29%|██▊       | 203/710 [00:11<00:17, 28.48it/s]
Batches:  29%|██▉       | 207/710 [00:11<00:17, 28.93it/s]
Batches:  30%|██▉       | 210/710 [00:11<00:17, 28.88it/s]
Batches:  30%|███       | 213/710 [00:11<00:17, 29.13it/s]
Batches:  31%|███       | 217/710 [00:11<00:16, 29.75it/s]
Batches:  31%|███       | 220/710 [00:11<00:17, 28.52it/s]
Batches:  32%|███▏      | 224/710 [00:11<00:16, 29.55it/s]
Batches:  32%|███▏      | 228/710 [00:12<00:15, 30.34it/s]
Batches:  33%|███▎      | 232/710 [00:12<00:17, 28.05it/s]
Batches:  33%|███▎      | 236/710 [00:12<00:16, 29.03it/s]
Batches:  34%|███▍      | 240/710 [00:12<00:15, 30.07it/s]
Batches:  34%|███▍      | 244/710 [00:12<00:15, 30.71it/s]
Batches:  35%|███▍      | 248/710 [00:12<00:14, 31.78it/s]
Batches:  35%|███▌      | 252/710 [00:12<00:14, 32.15it/s]
Batches:  36%|███▌      | 256/710 [00:12<00:14, 32.39it/s]
Batches:  37%|███▋      | 260/710 [00:13<00:13, 33.28it/s]
Batches:  37%|███▋      | 264/710 [00:13<00:13, 33.34it/s]
Batches:  38%|███▊      | 268/710 [00:13<00:13, 33.65it/s]
Batches:  38%|███▊      | 272/710 [00:13<00:12, 34.37it/s]
Batches:  39%|███▉      | 276/710 [00:13<00:12, 34.69it/s]
Batches:  39%|███▉      | 280/710 [00:13<00:12, 35.57it/s]
Batches:  40%|████      | 285/710 [00:13<00:11, 37.12it/s]
Batches:  41%|████      | 289/710 [00:13<00:11, 36.73it/s]
Batches:  41%|████▏     | 293/710 [00:14<00:11, 37.29it/s]
Batches:  42%|████▏     | 298/710 [00:14<00:10, 39.52it/s]
Batches:  43%|████▎     | 303/710 [00:14<00:10, 40.09it/s]
Batches:  43%|████▎     | 308/710 [00:14<00:10, 39.87it/s]
Batches:  44%|████▍     | 313/710 [00:14<00:09, 40.84it/s]
Batches:  45%|████▍     | 318/710 [00:14<00:09, 42.50it/s]
Batches:  45%|████▌     | 323/710 [00:14<00:08, 43.87it/s]
Batches:  46%|████▋     | 329/710 [00:14<00:08, 46.90it/s]
Batches:  47%|████▋     | 335/710 [00:14<00:07, 49.30it/s]
Batches:  48%|████▊     | 342/710 [00:15<00:06, 53.09it/s]
Batches:  49%|████▉     | 349/710 [00:15<00:06, 56.79it/s]
Batches:  50%|█████     | 356/710 [00:15<00:05, 59.93it/s]
Batches:  51%|█████     | 363/710 [00:15<00:05, 62.70it/s]
Batches:  52%|█████▏    | 371/710 [00:15<00:05, 66.88it/s]
Batches:  53%|█████▎    | 379/710 [00:15<00:04, 69.38it/s]
Batches:  55%|█████▍    | 387/710 [00:15<00:04, 70.05it/s]
Batches:  56%|█████▌    | 395/710 [00:15<00:04, 72.62it/s]
Batches:  57%|█████▋    | 403/710 [00:15<00:04, 73.38it/s]
Batches:  58%|█████▊    | 412/710 [00:15<00:03, 76.25it/s]
Batches:  59%|█████▉    | 421/710 [00:16<00:03, 78.96it/s]
Batches:  61%|██████    | 430/710 [00:16<00:03, 80.00it/s]
Batches:  62%|██████▏   | 439/710 [00:16<00:03, 82.43it/s]
Batches:  63%|██████▎   | 448/710 [00:16<00:03, 81.68it/s]
Batches:  65%|██████▍   | 458/710 [00:16<00:02, 84.28it/s]
Batches:  66%|██████▌   | 467/710 [00:16<00:02, 83.97it/s]
Batches:  67%|██████▋   | 476/710 [00:16<00:02, 85.27it/s]
Batches:  68%|██████▊   | 486/710 [00:16<00:02, 86.99it/s]
Batches:  70%|██████▉   | 495/710 [00:16<00:02, 87.34it/s]
Batches:  71%|███████   | 505/710 [00:17<00:02, 89.14it/s]
Batches:  73%|███████▎  | 515/710 [00:17<00:02, 90.35it/s]
Batches:  74%|███████▍  | 525/710 [00:17<00:02, 91.92it/s]
Batches:  75%|███████▌  | 535/710 [00:17<00:01, 93.05it/s]
Batches:  77%|███████▋  | 545/710 [00:17<00:01, 93.12it/s]
Batches:  78%|███████▊  | 555/710 [00:17<00:01, 93.47it/s]
Batches:  80%|███████▉  | 565/710 [00:17<00:01, 94.52it/s]
Batches:  81%|████████  | 575/710 [00:17<00:01, 95.51it/s]
Batches:  82%|████████▏ | 585/710 [00:17<00:01, 96.64it/s]
Batches:  84%|████████▍ | 595/710 [00:17<00:01, 97.59it/s]
Batches:  85%|████████▌ | 606/710 [00:18<00:01, 98.53it/s]
Batches:  87%|████████▋ | 617/710 [00:18<00:00, 99.20it/s]
Batches:  88%|████████▊ | 627/710 [00:18<00:00, 99.35it/s]
Batches:  90%|████████▉ | 637/710 [00:18<00:00, 99.25it/s]
Batches:  91%|█████████▏| 648/710 [00:18<00:00, 99.55it/s]
Batches:  93%|█████████▎| 659/710 [00:18<00:00, 99.94it/s]
Batches:  94%|█████████▍| 670/710 [00:18<00:00, 100.32it/s]
Batches:  96%|█████████▌| 681/710 [00:18<00:00, 100.35it/s]
Batches:  97%|█████████▋| 692/710 [00:18<00:00, 99.95it/s]
Batches:  99%|█████████▉| 703/710 [00:19<00:00, 100.54it/s]
Batches: 100%|██████████| 710/710 [00:19<00:00, 37.11it/s]
[ace] retrieving
[embed] encoding 500 texts on device=cuda:0

Batches:   0%|          | 0/8 [00:00<?, ?it/s]
Batches:  38%|███▊      | 3/8 [00:00<00:00, 29.01it/s]
Batches:  88%|████████▊ | 7/8 [00:00<00:00, 34.02it/s]
Batches: 100%|██████████| 8/8 [00:00<00:00, 35.13it/s]
[density] loading reader once
`torch_dtype` is deprecated! Use `dtype` instead!

Fetching 2 files:   0%|          | 0/2 [00:00<?, ?it/s]
Fetching 2 files:  50%|█████     | 1/2 [00:23<00:23, 23.28s/it]
Fetching 2 files: 100%|██████████| 2/2 [00:23<00:00, 11.64s/it]

Loading checkpoint shards:   0%|          | 0/2 [00:00<?, ?it/s]
Loading checkpoint shards:  50%|█████     | 1/2 [00:02<00:02,  2.53s/it]
Loading checkpoint shards: 100%|██████████| 2/2 [00:04<00:00,  1.95s/it]
Loading checkpoint shards: 100%|██████████| 2/2 [00:04<00:00,  2.03s/it]
[reader] loaded Qwen/Qwen2.5-3B-Instruct (device_map=None, 4bit=False) entry=cuda:0
[density] materializing policy=chunk_packed_96
[density] generating policy=chunk_packed_96
The following generation flags are not valid and may be ignored: ['temperature', 'top_p', 'top_k']. Set `TRANSFORMERS_VERBOSITY=info` for more details.
[reader] generated 2/500
[reader] generated 4/500
[reader] generated 6/500
[reader] generated 8/500
[reader] generated 10/500
[reader] generated 12/500
[reader] generated 14/500
[reader] generated 16/500
[reader] generated 18/500
[reader] generated 20/500
[reader] generated 22/500
[reader] generated 24/500
[reader] generated 26/500
[reader] generated 28/500
[reader] generated 30/500
[reader] generated 32/500
[reader] generated 34/500
[reader] generated 36/500
[reader] generated 38/500
[reader] generated 40/500
[reader] generated 42/500
[reader] generated 44/500
[reader] generated 46/500
[reader] generated 48/500
[reader] generated 50/500
[reader] generated 52/500
[reader] generated 54/500
[reader] generated 56/500
[reader] generated 58/500
[reader] generated 60/500
[reader] generated 62/500
[reader] generated 64/500
[reader] generated 66/500
[reader] generated 68/500
[reader] generated 70/500
[reader] generated 72/500
[reader] generated 74/500
[reader] generated 76/500
[reader] generated 78/500
[reader] generated 80/500
[reader] generated 82/500
[reader] generated 84/500
[reader] generated 86/500
[reader] generated 88/500
[reader] generated 90/500
[reader] generated 92/500
[reader] generated 94/500
[reader] generated 96/500
[reader] generated 98/500
[reader] generated 100/500
[reader] generated 102/500
[reader] generated 104/500
[reader] generated 106/500
[reader] generated 108/500
[reader] generated 110/500
[reader] generated 112/500
[reader] generated 114/500
[reader] generated 116/500
[reader] generated 118/500
[reader] generated 120/500
[reader] generated 122/500
[reader] generated 124/500
[reader] generated 126/500
[reader] generated 128/500
[reader] generated 130/500
[reader] generated 132/500
[reader] generated 134/500
[reader] generated 136/500
[reader] generated 138/500
[reader] generated 140/500
[reader] generated 142/500
[reader] generated 144/500
[reader] generated 146/500
[reader] generated 148/500
[reader] generated 150/500
[reader] generated 152/500
[reader] generated 154/500
[reader] generated 156/500
[reader] generated 158/500
[reader] generated 160/500
[reader] generated 162/500
[reader] generated 164/500
[reader] generated 166/500
[reader] generated 168/500
[reader] generated 170/500
[reader] generated 172/500
[reader] generated 174/500
[reader] generated 176/500
[reader] generated 178/500
[reader] generated 180/500
[reader] generated 182/500
[reader] generated 184/500
[reader] generated 186/500
[reader] generated 188/500
[reader] generated 190/500
[reader] generated 192/500
[reader] generated 194/500
[reader] generated 196/500
[reader] generated 198/500
[reader] generated 200/500
[reader] generated 202/500
[reader] generated 204/500
[reader] generated 206/500
[reader] generated 208/500
[reader] generated 210/500
[reader] generated 212/500
[reader] generated 214/500
[reader] generated 216/500
[reader] generated 218/500
[reader] generated 220/500
[reader] generated 222/500
[reader] generated 224/500
[reader] generated 226/500
[reader] generated 228/500
[reader] generated 230/500
[reader] generated 232/500
[reader] generated 234/500
[reader] generated 236/500
[reader] generated 238/500
[reader] generated 240/500
[reader] generated 242/500
[reader] generated 244/500
[reader] generated 246/500
[reader] generated 248/500
[reader] generated 250/500
[reader] generated 252/500
[reader] generated 254/500
[reader] generated 256/500
[reader] generated 258/500
[reader] generated 260/500
[reader] generated 262/500
[reader] generated 264/500
[reader] generated 266/500
[reader] generated 268/500
[reader] generated 270/500
[reader] generated 272/500
[reader] generated 274/500
[reader] generated 276/500
[reader] generated 278/500
[reader] generated 280/500
[reader] generated 282/500
[reader] generated 284/500
[reader] generated 286/500
[reader] generated 288/500
[reader] generated 290/500
[reader] generated 292/500
[reader] generated 294/500
[reader] generated 296/500
[reader] generated 298/500
[reader] generated 300/500
[reader] generated 302/500
[reader] generated 304/500
[reader] generated 306/500
[reader] generated 308/500
[reader] generated 310/500
[reader] generated 312/500
[reader] generated 314/500
[reader] generated 316/500
[reader] generated 318/500
[reader] generated 320/500
[reader] generated 322/500
[reader] generated 324/500
[reader] generated 326/500
[reader] generated 328/500
[reader] generated 330/500
[reader] generated 332/500
[reader] generated 334/500
[reader] generated 336/500
[reader] generated 338/500
[reader] generated 340/500
[reader] generated 342/500
[reader] generated 344/500
[reader] generated 346/500
[reader] generated 348/500
[reader] generated 350/500
[reader] generated 352/500
[reader] generated 354/500
[reader] generated 356/500
[reader] generated 358/500
[reader] generated 360/500
[reader] generated 362/500
[reader] generated 364/500
[reader] generated 366/500
[reader] generated 368/500
[reader] generated 370/500
[reader] generated 372/500
[reader] generated 374/500
[reader] generated 376/500
[reader] generated 378/500
[reader] generated 380/500
[reader] generated 382/500
[reader] generated 384/500
[reader] generated 386/500
[reader] generated 388/500
[reader] generated 390/500
[reader] generated 392/500
[reader] generated 394/500
[reader] generated 396/500
[reader] generated 398/500
[reader] generated 400/500
[reader] generated 402/500
[reader] generated 404/500
[reader] generated 406/500
[reader] generated 408/500
[reader] generated 410/500
[reader] generated 412/500
[reader] generated 414/500
[reader] generated 416/500
[reader] generated 418/500
[reader] generated 420/500
[reader] generated 422/500
[reader] generated 424/500
[reader] generated 426/500
[reader] generated 428/500
[reader] generated 430/500
[reader] generated 432/500
[reader] generated 434/500
[reader] generated 436/500
[reader] generated 438/500
[reader] generated 440/500
[reader] generated 442/500
[reader] generated 444/500
[reader] generated 446/500
[reader] generated 448/500
[reader] generated 450/500
[reader] generated 452/500
[reader] generated 454/500
[reader] generated 456/500
[reader] generated 458/500
[reader] generated 460/500
[reader] generated 462/500
[reader] generated 464/500
[reader] generated 466/500
[reader] generated 468/500
[reader] generated 470/500
[reader] generated 472/500
[reader] generated 474/500
[reader] generated 476/500
[reader] generated 478/500
[reader] generated 480/500
[reader] generated 482/500
[reader] generated 484/500
[reader] generated 486/500
[reader] generated 488/500
[reader] generated 490/500
[reader] generated 492/500
[reader] generated 494/500
[reader] generated 496/500
[reader] generated 498/500
[reader] generated 500/500
[density] policy=chunk_packed_96, router_type=fixed, representation=chunk, packer=packed, reader_model=Qwen/Qwen2.5-3B-Instruct, packed_token_budget=96, recall@1=0.437, all_gold@1=0.0, recall@2=0.718, all_gold@2=0.496, recall@5=0.875, all_gold@5=0.762, qwen_em=0.26, qwen_f1=0.3541, avg_reader_evidence_tokens=86.58, mean_ans_in_context=0.45, mean_ans_in_context_soft=0.5294, mean_gold_token_density=0.4629, mean_gold_doc_reader_cov=0.494, mean_all_gold_reader=0.222, mean_distractor_docs=1.218, mean_context_tokens=86.58, mean_n_snippets=2.242
[density] materializing policy=chunk_focused_96
[density] generating policy=chunk_focused_96
[reader] generated 2/500
[reader] generated 4/500
[reader] generated 6/500
[reader] generated 8/500
[reader] generated 10/500
[reader] generated 12/500
[reader] generated 14/500
[reader] generated 16/500
[reader] generated 18/500
[reader] generated 20/500
[reader] generated 22/500
[reader] generated 24/500
[reader] generated 26/500
[reader] generated 28/500
[reader] generated 30/500
[reader] generated 32/500
[reader] generated 34/500
[reader] generated 36/500
[reader] generated 38/500
[reader] generated 40/500
[reader] generated 42/500
[reader] generated 44/500
[reader] generated 46/500
[reader] generated 48/500
[reader] generated 50/500
[reader] generated 52/500
[reader] generated 54/500
[reader] generated 56/500
[reader] generated 58/500
[reader] generated 60/500
[reader] generated 62/500
[reader] generated 64/500
[reader] generated 66/500
[reader] generated 68/500
[reader] generated 70/500
[reader] generated 72/500
[reader] generated 74/500
[reader] generated 76/500
[reader] generated 78/500
[reader] generated 80/500
[reader] generated 82/500
[reader] generated 84/500
[reader] generated 86/500
[reader] generated 88/500
[reader] generated 90/500
[reader] generated 92/500
[reader] generated 94/500
[reader] generated 96/500
[reader] generated 98/500
[reader] generated 100/500
[reader] generated 102/500
[reader] generated 104/500
[reader] generated 106/500
[reader] generated 108/500
[reader] generated 110/500
[reader] generated 112/500
[reader] generated 114/500
[reader] generated 116/500
[reader] generated 118/500
[reader] generated 120/500
[reader] generated 122/500
[reader] generated 124/500
[reader] generated 126/500
[reader] generated 128/500
[reader] generated 130/500
[reader] generated 132/500
[reader] generated 134/500
[reader] generated 136/500
[reader] generated 138/500
[reader] generated 140/500
[reader] generated 142/500
[reader] generated 144/500
[reader] generated 146/500
[reader] generated 148/500
[reader] generated 150/500
[reader] generated 152/500
[reader] generated 154/500
[reader] generated 156/500
[reader] generated 158/500
[reader] generated 160/500
[reader] generated 162/500
[reader] generated 164/500
[reader] generated 166/500
[reader] generated 168/500
[reader] generated 170/500
[reader] generated 172/500
[reader] generated 174/500
[reader] generated 176/500
[reader] generated 178/500
[reader] generated 180/500
[reader] generated 182/500
[reader] generated 184/500
[reader] generated 186/500
[reader] generated 188/500
[reader] generated 190/500
[reader] generated 192/500
[reader] generated 194/500
[reader] generated 196/500
[reader] generated 198/500
[reader] generated 200/500
[reader] generated 202/500
[reader] generated 204/500
[reader] generated 206/500
[reader] generated 208/500
[reader] generated 210/500
[reader] generated 212/500
[reader] generated 214/500
[reader] generated 216/500
[reader] generated 218/500
[reader] generated 220/500
[reader] generated 222/500
[reader] generated 224/500
[reader] generated 226/500
[reader] generated 228/500
[reader] generated 230/500
[reader] generated 232/500
[reader] generated 234/500
[reader] generated 236/500
[reader] generated 238/500
[reader] generated 240/500
[reader] generated 242/500
[reader] generated 244/500
[reader] generated 246/500
[reader] generated 248/500
[reader] generated 250/500
[reader] generated 252/500
[reader] generated 254/500
[reader] generated 256/500
[reader] generated 258/500
[reader] generated 260/500
[reader] generated 262/500
[reader] generated 264/500
[reader] generated 266/500
[reader] generated 268/500
[reader] generated 270/500
[reader] generated 272/500
[reader] generated 274/500
[reader] generated 276/500
[reader] generated 278/500
[reader] generated 280/500
[reader] generated 282/500
[reader] generated 284/500
[reader] generated 286/500
[reader] generated 288/500
[reader] generated 290/500
[reader] generated 292/500
[reader] generated 294/500
[reader] generated 296/500
[reader] generated 298/500
[reader] generated 300/500
[reader] generated 302/500
[reader] generated 304/500
[reader] generated 306/500
[reader] generated 308/500
[reader] generated 310/500
[reader] generated 312/500
[reader] generated 314/500
[reader] generated 316/500
[reader] generated 318/500
[reader] generated 320/500
[reader] generated 322/500
[reader] generated 324/500
[reader] generated 326/500
[reader] generated 328/500
[reader] generated 330/500
[reader] generated 332/500
[reader] generated 334/500
[reader] generated 336/500
[reader] generated 338/500
[reader] generated 340/500
[reader] generated 342/500
[reader] generated 344/500
[reader] generated 346/500
[reader] generated 348/500
[reader] generated 350/500
[reader] generated 352/500
[reader] generated 354/500
[reader] generated 356/500
[reader] generated 358/500
[reader] generated 360/500
[reader] generated 362/500
[reader] generated 364/500
[reader] generated 366/500
[reader] generated 368/500
[reader] generated 370/500
[reader] generated 372/500
[reader] generated 374/500
[reader] generated 376/500
[reader] generated 378/500
[reader] generated 380/500
[reader] generated 382/500
[reader] generated 384/500
[reader] generated 386/500
[reader] generated 388/500
[reader] generated 390/500
[reader] generated 392/500
[reader] generated 394/500
[reader] generated 396/500
[reader] generated 398/500
[reader] generated 400/500
[reader] generated 402/500
[reader] generated 404/500
[reader] generated 406/500
[reader] generated 408/500
[reader] generated 410/500
[reader] generated 412/500
[reader] generated 414/500
[reader] generated 416/500
[reader] generated 418/500
[reader] generated 420/500
[reader] generated 422/500
[reader] generated 424/500
[reader] generated 426/500
[reader] generated 428/500
[reader] generated 430/500
[reader] generated 432/500
[reader] generated 434/500
[reader] generated 436/500
[reader] generated 438/500
[reader] generated 440/500
[reader] generated 442/500
[reader] generated 444/500
[reader] generated 446/500
[reader] generated 448/500
[reader] generated 450/500
[reader] generated 452/500
[reader] generated 454/500
[reader] generated 456/500
[reader] generated 458/500
[reader] generated 460/500
[reader] generated 462/500
[reader] generated 464/500
[reader] generated 466/500
[reader] generated 468/500
[reader] generated 470/500
[reader] generated 472/500
[reader] generated 474/500
[reader] generated 476/500
[reader] generated 478/500
[reader] generated 480/500
[reader] generated 482/500
[reader] generated 484/500
[reader] generated 486/500
[reader] generated 488/500
[reader] generated 490/500
[reader] generated 492/500
[reader] generated 494/500
[reader] generated 496/500
[reader] generated 498/500
[reader] generated 500/500
[density] policy=chunk_focused_96, router_type=fixed, representation=chunk, packer=focused, reader_model=Qwen/Qwen2.5-3B-Instruct, packed_token_budget=96, recall@1=0.437, all_gold@1=0.0, recall@2=0.718, all_gold@2=0.496, recall@5=0.875, all_gold@5=0.762, qwen_em=0.296, qwen_f1=0.4004, avg_reader_evidence_tokens=86.84, mean_ans_in_context=0.518, mean_ans_in_context_soft=0.5983, mean_gold_token_density=0.6565, mean_gold_doc_reader_cov=0.585, mean_all_gold_reader=0.278, mean_distractor_docs=0.802, mean_context_tokens=86.838, mean_n_snippets=2.082
[density] materializing policy=chunk_mmr_96
[density] generating policy=chunk_mmr_96
[reader] generated 2/500
[reader] generated 4/500
[reader] generated 6/500
[reader] generated 8/500
[reader] generated 10/500
[reader] generated 12/500
[reader] generated 14/500
[reader] generated 16/500
[reader] generated 18/500
[reader] generated 20/500
[reader] generated 22/500
[reader] generated 24/500
[reader] generated 26/500
[reader] generated 28/500
[reader] generated 30/500
[reader] generated 32/500
[reader] generated 34/500
[reader] generated 36/500
[reader] generated 38/500
[reader] generated 40/500
[reader] generated 42/500
[reader] generated 44/500
[reader] generated 46/500
[reader] generated 48/500
[reader] generated 50/500
[reader] generated 52/500
[reader] generated 54/500
[reader] generated 56/500
[reader] generated 58/500
[reader] generated 60/500
[reader] generated 62/500
[reader] generated 64/500
[reader] generated 66/500
[reader] generated 68/500
[reader] generated 70/500
[reader] generated 72/500
[reader] generated 74/500
[reader] generated 76/500
[reader] generated 78/500
[reader] generated 80/500
[reader] generated 82/500
[reader] generated 84/500
[reader] generated 86/500
[reader] generated 88/500
[reader] generated 90/500
[reader] generated 92/500
[reader] generated 94/500
[reader] generated 96/500
[reader] generated 98/500
[reader] generated 100/500
[reader] generated 102/500
[reader] generated 104/500
[reader] generated 106/500
[reader] generated 108/500
[reader] generated 110/500
[reader] generated 112/500
[reader] generated 114/500
[reader] generated 116/500
[reader] generated 118/500
[reader] generated 120/500
[reader] generated 122/500
[reader] generated 124/500
[reader] generated 126/500
[reader] generated 128/500
[reader] generated 130/500
[reader] generated 132/500
[reader] generated 134/500
[reader] generated 136/500
[reader] generated 138/500
[reader] generated 140/500
[reader] generated 142/500
[reader] generated 144/500
[reader] generated 146/500
[reader] generated 148/500
[reader] generated 150/500
[reader] generated 152/500
[reader] generated 154/500
[reader] generated 156/500
[reader] generated 158/500
[reader] generated 160/500
[reader] generated 162/500
[reader] generated 164/500
[reader] generated 166/500
[reader] generated 168/500
[reader] generated 170/500
[reader] generated 172/500
[reader] generated 174/500
[reader] generated 176/500
[reader] generated 178/500
[reader] generated 180/500
[reader] generated 182/500
[reader] generated 184/500
[reader] generated 186/500
[reader] generated 188/500
[reader] generated 190/500
[reader] generated 192/500
[reader] generated 194/500
[reader] generated 196/500
[reader] generated 198/500
[reader] generated 200/500
[reader] generated 202/500
[reader] generated 204/500
[reader] generated 206/500
[reader] generated 208/500
[reader] generated 210/500
[reader] generated 212/500
[reader] generated 214/500
[reader] generated 216/500
[reader] generated 218/500
[reader] generated 220/500
[reader] generated 222/500
[reader] generated 224/500
[reader] generated 226/500
[reader] generated 228/500
[reader] generated 230/500
[reader] generated 232/500
[reader] generated 234/500
[reader] generated 236/500
[reader] generated 238/500
[reader] generated 240/500
[reader] generated 242/500
[reader] generated 244/500
[reader] generated 246/500
[reader] generated 248/500
[reader] generated 250/500
[reader] generated 252/500
[reader] generated 254/500
[reader] generated 256/500
[reader] generated 258/500
[reader] generated 260/500
[reader] generated 262/500
[reader] generated 264/500
[reader] generated 266/500
[reader] generated 268/500
[reader] generated 270/500
[reader] generated 272/500
[reader] generated 274/500
[reader] generated 276/500
[reader] generated 278/500
[reader] generated 280/500
[reader] generated 282/500
[reader] generated 284/500
[reader] generated 286/500
[reader] generated 288/500
[reader] generated 290/500
[reader] generated 292/500
[reader] generated 294/500
[reader] generated 296/500
[reader] generated 298/500
[reader] generated 300/500
[reader] generated 302/500
[reader] generated 304/500
[reader] generated 306/500
[reader] generated 308/500
[reader] generated 310/500
[reader] generated 312/500
[reader] generated 314/500
[reader] generated 316/500
[reader] generated 318/500
[reader] generated 320/500
[reader] generated 322/500
[reader] generated 324/500
[reader] generated 326/500
[reader] generated 328/500
[reader] generated 330/500
[reader] generated 332/500
[reader] generated 334/500
[reader] generated 336/500
[reader] generated 338/500
[reader] generated 340/500
[reader] generated 342/500
[reader] generated 344/500
[reader] generated 346/500
[reader] generated 348/500
[reader] generated 350/500
[reader] generated 352/500
[reader] generated 354/500
[reader] generated 356/500
[reader] generated 358/500
[reader] generated 360/500
[reader] generated 362/500
[reader] generated 364/500
[reader] generated 366/500
[reader] generated 368/500
[reader] generated 370/500
[reader] generated 372/500
[reader] generated 374/500
[reader] generated 376/500
[reader] generated 378/500
[reader] generated 380/500
[reader] generated 382/500
[reader] generated 384/500
[reader] generated 386/500
[reader] generated 388/500
[reader] generated 390/500
[reader] generated 392/500
[reader] generated 394/500
[reader] generated 396/500
[reader] generated 398/500
[reader] generated 400/500
[reader] generated 402/500
[reader] generated 404/500
[reader] generated 406/500
[reader] generated 408/500
[reader] generated 410/500
[reader] generated 412/500
[reader] generated 414/500
[reader] generated 416/500
[reader] generated 418/500
[reader] generated 420/500
[reader] generated 422/500
[reader] generated 424/500
[reader] generated 426/500
[reader] generated 428/500
[reader] generated 430/500
[reader] generated 432/500
[reader] generated 434/500
[reader] generated 436/500
[reader] generated 438/500
[reader] generated 440/500
[reader] generated 442/500
[reader] generated 444/500
[reader] generated 446/500
[reader] generated 448/500
[reader] generated 450/500
[reader] generated 452/500
[reader] generated 454/500
[reader] generated 456/500
[reader] generated 458/500
[reader] generated 460/500
[reader] generated 462/500
[reader] generated 464/500
[reader] generated 466/500
[reader] generated 468/500
[reader] generated 470/500
[reader] generated 472/500
[reader] generated 474/500
[reader] generated 476/500
[reader] generated 478/500
[reader] generated 480/500
[reader] generated 482/500
[reader] generated 484/500
[reader] generated 486/500
[reader] generated 488/500
[reader] generated 490/500
[reader] generated 492/500
[reader] generated 494/500
[reader] generated 496/500
[reader] generated 498/500
[reader] generated 500/500
[density] policy=chunk_mmr_96, router_type=fixed, representation=chunk, packer=mmr, reader_model=Qwen/Qwen2.5-3B-Instruct, packed_token_budget=96, recall@1=0.437, all_gold@1=0.0, recall@2=0.718, all_gold@2=0.496, recall@5=0.875, all_gold@5=0.762, qwen_em=0.274, qwen_f1=0.3749, avg_reader_evidence_tokens=87.15, mean_ans_in_context=0.478, mean_ans_in_context_soft=0.5564, mean_gold_token_density=0.6033, mean_gold_doc_reader_cov=0.545, mean_all_gold_reader=0.226, mean_distractor_docs=0.886, mean_context_tokens=87.148, mean_n_snippets=2.148
[density] materializing policy=chunk_submod_96
[density] generating policy=chunk_submod_96
[reader] generated 2/500
[reader] generated 4/500
[reader] generated 6/500
[reader] generated 8/500
[reader] generated 10/500
[reader] generated 12/500
[reader] generated 14/500
[reader] generated 16/500
[reader] generated 18/500
[reader] generated 20/500
[reader] generated 22/500
[reader] generated 24/500
[reader] generated 26/500
[reader] generated 28/500
[reader] generated 30/500
[reader] generated 32/500
[reader] generated 34/500
[reader] generated 36/500
[reader] generated 38/500
[reader] generated 40/500
[reader] generated 42/500
[reader] generated 44/500
[reader] generated 46/500
[reader] generated 48/500
[reader] generated 50/500
[reader] generated 52/500
[reader] generated 54/500
[reader] generated 56/500
[reader] generated 58/500
[reader] generated 60/500
[reader] generated 62/500
[reader] generated 64/500
[reader] generated 66/500
[reader] generated 68/500
[reader] generated 70/500
[reader] generated 72/500
[reader] generated 74/500
[reader] generated 76/500
[reader] generated 78/500
[reader] generated 80/500
[reader] generated 82/500
[reader] generated 84/500
[reader] generated 86/500
[reader] generated 88/500
[reader] generated 90/500
[reader] generated 92/500
[reader] generated 94/500
[reader] generated 96/500
[reader] generated 98/500
[reader] generated 100/500
[reader] generated 102/500
[reader] generated 104/500
[reader] generated 106/500
[reader] generated 108/500
[reader] generated 110/500
[reader] generated 112/500
[reader] generated 114/500
[reader] generated 116/500
[reader] generated 118/500
[reader] generated 120/500
[reader] generated 122/500
[reader] generated 124/500
[reader] generated 126/500
[reader] generated 128/500
[reader] generated 130/500
[reader] generated 132/500
[reader] generated 134/500
[reader] generated 136/500
[reader] generated 138/500
[reader] generated 140/500
[reader] generated 142/500
[reader] generated 144/500
[reader] generated 146/500
[reader] generated 148/500
[reader] generated 150/500
[reader] generated 152/500
[reader] generated 154/500
[reader] generated 156/500
[reader] generated 158/500
[reader] generated 160/500
[reader] generated 162/500
[reader] generated 164/500
[reader] generated 166/500
[reader] generated 168/500
[reader] generated 170/500
[reader] generated 172/500
[reader] generated 174/500
[reader] generated 176/500
[reader] generated 178/500
[reader] generated 180/500
[reader] generated 182/500
[reader] generated 184/500
[reader] generated 186/500
[reader] generated 188/500
[reader] generated 190/500
[reader] generated 192/500
[reader] generated 194/500
[reader] generated 196/500
[reader] generated 198/500
[reader] generated 200/500
[reader] generated 202/500
[reader] generated 204/500
[reader] generated 206/500
[reader] generated 208/500
[reader] generated 210/500
[reader] generated 212/500
[reader] generated 214/500
[reader] generated 216/500
[reader] generated 218/500
[reader] generated 220/500
[reader] generated 222/500
[reader] generated 224/500
[reader] generated 226/500
[reader] generated 228/500
[reader] generated 230/500
[reader] generated 232/500
[reader] generated 234/500
[reader] generated 236/500
[reader] generated 238/500
[reader] generated 240/500
[reader] generated 242/500
[reader] generated 244/500
[reader] generated 246/500
[reader] generated 248/500
[reader] generated 250/500
[reader] generated 252/500
[reader] generated 254/500
[reader] generated 256/500
[reader] generated 258/500
[reader] generated 260/500
[reader] generated 262/500
[reader] generated 264/500
[reader] generated 266/500
[reader] generated 268/500
[reader] generated 270/500
[reader] generated 272/500
[reader] generated 274/500
[reader] generated 276/500
[reader] generated 278/500
[reader] generated 280/500
[reader] generated 282/500
[reader] generated 284/500
[reader] generated 286/500
[reader] generated 288/500
[reader] generated 290/500
[reader] generated 292/500
[reader] generated 294/500
[reader] generated 296/500
[reader] generated 298/500
[reader] generated 300/500
[reader] generated 302/500
[reader] generated 304/500
[reader] generated 306/500
[reader] generated 308/500
[reader] generated 310/500
[reader] generated 312/500
[reader] generated 314/500
[reader] generated 316/500
[reader] generated 318/500
[reader] generated 320/500
[reader] generated 322/500
[reader] generated 324/500
[reader] generated 326/500
[reader] generated 328/500
[reader] generated 330/500
[reader] generated 332/500
[reader] generated 334/500
[reader] generated 336/500
[reader] generated 338/500
[reader] generated 340/500
[reader] generated 342/500
[reader] generated 344/500
[reader] generated 346/500
[reader] generated 348/500
[reader] generated 350/500
[reader] generated 352/500
[reader] generated 354/500
[reader] generated 356/500
[reader] generated 358/500
[reader] generated 360/500
[reader] generated 362/500
[reader] generated 364/500
[reader] generated 366/500
[reader] generated 368/500
[reader] generated 370/500
[reader] generated 372/500
[reader] generated 374/500
[reader] generated 376/500
[reader] generated 378/500
[reader] generated 380/500
[reader] generated 382/500
[reader] generated 384/500
[reader] generated 386/500
[reader] generated 388/500
[reader] generated 390/500
[reader] generated 392/500
[reader] generated 394/500
[reader] generated 396/500
[reader] generated 398/500
[reader] generated 400/500
[reader] generated 402/500
[reader] generated 404/500
[reader] generated 406/500
[reader] generated 408/500
[reader] generated 410/500
[reader] generated 412/500
[reader] generated 414/500
[reader] generated 416/500
[reader] generated 418/500
[reader] generated 420/500
[reader] generated 422/500
[reader] generated 424/500
[reader] generated 426/500
[reader] generated 428/500
[reader] generated 430/500
[reader] generated 432/500
[reader] generated 434/500
[reader] generated 436/500
[reader] generated 438/500
[reader] generated 440/500
[reader] generated 442/500
[reader] generated 444/500
[reader] generated 446/500
[reader] generated 448/500
[reader] generated 450/500
[reader] generated 452/500
[reader] generated 454/500
[reader] generated 456/500
[reader] generated 458/500
[reader] generated 460/500
[reader] generated 462/500
[reader] generated 464/500
[reader] generated 466/500
[reader] generated 468/500
[reader] generated 470/500
[reader] generated 472/500
[reader] generated 474/500
[reader] generated 476/500
[reader] generated 478/500
[reader] generated 480/500
[reader] generated 482/500
[reader] generated 484/500
[reader] generated 486/500
[reader] generated 488/500
[reader] generated 490/500
[reader] generated 492/500
[reader] generated 494/500
[reader] generated 496/500
[reader] generated 498/500
[reader] generated 500/500
[density] policy=chunk_submod_96, router_type=fixed, representation=chunk, packer=submod, reader_model=Qwen/Qwen2.5-3B-Instruct, packed_token_budget=96, recall@1=0.437, all_gold@1=0.0, recall@2=0.718, all_gold@2=0.496, recall@5=0.875, all_gold@5=0.762, qwen_em=0.278, qwen_f1=0.3613, avg_reader_evidence_tokens=83.15, mean_ans_in_context=0.488, mean_ans_in_context_soft=0.5712, mean_gold_token_density=0.5288, mean_gold_doc_reader_cov=0.613, mean_all_gold_reader=0.33, mean_distractor_docs=1.342, mean_context_tokens=83.154, mean_n_snippets=2.892
[density] materializing policy=ace_focused_96
[density] generating policy=ace_focused_96
[reader] generated 2/500
[reader] generated 4/500
[reader] generated 6/500
[reader] generated 8/500
[reader] generated 10/500
[reader] generated 12/500
[reader] generated 14/500
[reader] generated 16/500
[reader] generated 18/500
[reader] generated 20/500
[reader] generated 22/500
[reader] generated 24/500
[reader] generated 26/500
[reader] generated 28/500
[reader] generated 30/500
[reader] generated 32/500
[reader] generated 34/500
[reader] generated 36/500
[reader] generated 38/500
[reader] generated 40/500
[reader] generated 42/500
[reader] generated 44/500
[reader] generated 46/500
[reader] generated 48/500
[reader] generated 50/500
[reader] generated 52/500
[reader] generated 54/500
[reader] generated 56/500
[reader] generated 58/500
[reader] generated 60/500
[reader] generated 62/500
[reader] generated 64/500
[reader] generated 66/500
[reader] generated 68/500
[reader] generated 70/500
[reader] generated 72/500
[reader] generated 74/500
[reader] generated 76/500
[reader] generated 78/500
[reader] generated 80/500
[reader] generated 82/500
[reader] generated 84/500
[reader] generated 86/500
[reader] generated 88/500
[reader] generated 90/500
[reader] generated 92/500
[reader] generated 94/500
[reader] generated 96/500
[reader] generated 98/500
[reader] generated 100/500
[reader] generated 102/500
[reader] generated 104/500
[reader] generated 106/500
[reader] generated 108/500
[reader] generated 110/500
[reader] generated 112/500
[reader] generated 114/500
[reader] generated 116/500
[reader] generated 118/500
[reader] generated 120/500
[reader] generated 122/500
[reader] generated 124/500
[reader] generated 126/500
[reader] generated 128/500
[reader] generated 130/500
[reader] generated 132/500
[reader] generated 134/500
[reader] generated 136/500
[reader] generated 138/500
[reader] generated 140/500
[reader] generated 142/500
[reader] generated 144/500
[reader] generated 146/500
[reader] generated 148/500
[reader] generated 150/500
[reader] generated 152/500
[reader] generated 154/500
[reader] generated 156/500
[reader] generated 158/500
[reader] generated 160/500
[reader] generated 162/500
[reader] generated 164/500
[reader] generated 166/500
[reader] generated 168/500
[reader] generated 170/500
[reader] generated 172/500
[reader] generated 174/500
[reader] generated 176/500
[reader] generated 178/500
[reader] generated 180/500
[reader] generated 182/500
[reader] generated 184/500
[reader] generated 186/500
[reader] generated 188/500
[reader] generated 190/500
[reader] generated 192/500
[reader] generated 194/500
[reader] generated 196/500
[reader] generated 198/500
[reader] generated 200/500
[reader] generated 202/500
[reader] generated 204/500
[reader] generated 206/500
[reader] generated 208/500
[reader] generated 210/500
[reader] generated 212/500
[reader] generated 214/500
[reader] generated 216/500
[reader] generated 218/500
[reader] generated 220/500
[reader] generated 222/500
[reader] generated 224/500
[reader] generated 226/500
[reader] generated 228/500
[reader] generated 230/500
[reader] generated 232/500
[reader] generated 234/500
[reader] generated 236/500
[reader] generated 238/500
[reader] generated 240/500
[reader] generated 242/500
[reader] generated 244/500
[reader] generated 246/500
[reader] generated 248/500
[reader] generated 250/500
[reader] generated 252/500
[reader] generated 254/500
[reader] generated 256/500
[reader] generated 258/500
[reader] generated 260/500
[reader] generated 262/500
[reader] generated 264/500
[reader] generated 266/500
[reader] generated 268/500
[reader] generated 270/500
[reader] generated 272/500
[reader] generated 274/500
[reader] generated 276/500
[reader] generated 278/500
[reader] generated 280/500
[reader] generated 282/500
[reader] generated 284/500
[reader] generated 286/500
[reader] generated 288/500
[reader] generated 290/500
[reader] generated 292/500
[reader] generated 294/500
[reader] generated 296/500
[reader] generated 298/500
[reader] generated 300/500
[reader] generated 302/500
[reader] generated 304/500
[reader] generated 306/500
[reader] generated 308/500
[reader] generated 310/500
[reader] generated 312/500
[reader] generated 314/500
[reader] generated 316/500
[reader] generated 318/500
[reader] generated 320/500
[reader] generated 322/500
[reader] generated 324/500
[reader] generated 326/500
[reader] generated 328/500
[reader] generated 330/500
[reader] generated 332/500
[reader] generated 334/500
[reader] generated 336/500
[reader] generated 338/500
[reader] generated 340/500
[reader] generated 342/500
[reader] generated 344/500
[reader] generated 346/500
[reader] generated 348/500
[reader] generated 350/500
[reader] generated 352/500
[reader] generated 354/500
[reader] generated 356/500
[reader] generated 358/500
[reader] generated 360/500
[reader] generated 362/500
[reader] generated 364/500
[reader] generated 366/500
[reader] generated 368/500
[reader] generated 370/500
[reader] generated 372/500
[reader] generated 374/500
[reader] generated 376/500
[reader] generated 378/500
[reader] generated 380/500
[reader] generated 382/500
[reader] generated 384/500
[reader] generated 386/500
[reader] generated 388/500
[reader] generated 390/500
[reader] generated 392/500
[reader] generated 394/500
[reader] generated 396/500
[reader] generated 398/500
[reader] generated 400/500
[reader] generated 402/500
[reader] generated 404/500
[reader] generated 406/500
[reader] generated 408/500
[reader] generated 410/500
[reader] generated 412/500
[reader] generated 414/500
[reader] generated 416/500
[reader] generated 418/500
[reader] generated 420/500
[reader] generated 422/500
[reader] generated 424/500
[reader] generated 426/500
[reader] generated 428/500
[reader] generated 430/500
[reader] generated 432/500
[reader] generated 434/500
[reader] generated 436/500
[reader] generated 438/500
[reader] generated 440/500
[reader] generated 442/500
[reader] generated 444/500
[reader] generated 446/500
[reader] generated 448/500
[reader] generated 450/500
[reader] generated 452/500
[reader] generated 454/500
[reader] generated 456/500
[reader] generated 458/500
[reader] generated 460/500
[reader] generated 462/500
[reader] generated 464/500
[reader] generated 466/500
[reader] generated 468/500
[reader] generated 470/500
[reader] generated 472/500
[reader] generated 474/500
[reader] generated 476/500
[reader] generated 478/500
[reader] generated 480/500
[reader] generated 482/500
[reader] generated 484/500
[reader] generated 486/500
[reader] generated 488/500
[reader] generated 490/500
[reader] generated 492/500
[reader] generated 494/500
[reader] generated 496/500
[reader] generated 498/500
[reader] generated 500/500
[density] policy=ace_focused_96, router_type=fixed, representation=ace, packer=focused, reader_model=Qwen/Qwen2.5-3B-Instruct, packed_token_budget=96, recall@1=0.409, all_gold@1=0.0, recall@2=0.665, all_gold@2=0.406, recall@5=0.847, all_gold@5=0.718, qwen_em=0.284, qwen_f1=0.3796, avg_reader_evidence_tokens=86.09, mean_ans_in_context=0.494, mean_ans_in_context_soft=0.582, mean_gold_token_density=0.5569, mean_gold_doc_reader_cov=0.605, mean_all_gold_reader=0.322, mean_distractor_docs=1.176, mean_context_tokens=86.086, mean_n_snippets=2.498
[density] materializing policy=ace_mmr_96
[density] generating policy=ace_mmr_96
[reader] generated 2/500
[reader] generated 4/500
[reader] generated 6/500
[reader] generated 8/500
[reader] generated 10/500
[reader] generated 12/500
[reader] generated 14/500
[reader] generated 16/500
[reader] generated 18/500
[reader] generated 20/500
[reader] generated 22/500
[reader] generated 24/500
[reader] generated 26/500
[reader] generated 28/500
[reader] generated 30/500
[reader] generated 32/500
[reader] generated 34/500
[reader] generated 36/500
[reader] generated 38/500
[reader] generated 40/500
[reader] generated 42/500
[reader] generated 44/500
[reader] generated 46/500
[reader] generated 48/500
[reader] generated 50/500
[reader] generated 52/500
[reader] generated 54/500
[reader] generated 56/500
[reader] generated 58/500
[reader] generated 60/500
[reader] generated 62/500
[reader] generated 64/500
[reader] generated 66/500
[reader] generated 68/500
[reader] generated 70/500
[reader] generated 72/500
[reader] generated 74/500
[reader] generated 76/500
[reader] generated 78/500
[reader] generated 80/500
[reader] generated 82/500
[reader] generated 84/500
[reader] generated 86/500
[reader] generated 88/500
[reader] generated 90/500
[reader] generated 92/500
[reader] generated 94/500
[reader] generated 96/500
[reader] generated 98/500
[reader] generated 100/500
[reader] generated 102/500
[reader] generated 104/500
[reader] generated 106/500
[reader] generated 108/500
[reader] generated 110/500
[reader] generated 112/500
[reader] generated 114/500
[reader] generated 116/500
[reader] generated 118/500
[reader] generated 120/500
[reader] generated 122/500
[reader] generated 124/500
[reader] generated 126/500
[reader] generated 128/500
[reader] generated 130/500
[reader] generated 132/500
[reader] generated 134/500
[reader] generated 136/500
[reader] generated 138/500
[reader] generated 140/500
[reader] generated 142/500
[reader] generated 144/500
[reader] generated 146/500
[reader] generated 148/500
[reader] generated 150/500
[reader] generated 152/500
[reader] generated 154/500
[reader] generated 156/500
[reader] generated 158/500
[reader] generated 160/500
[reader] generated 162/500
[reader] generated 164/500
[reader] generated 166/500
[reader] generated 168/500
[reader] generated 170/500
[reader] generated 172/500
[reader] generated 174/500
[reader] generated 176/500
[reader] generated 178/500
[reader] generated 180/500
[reader] generated 182/500
[reader] generated 184/500
[reader] generated 186/500
[reader] generated 188/500
[reader] generated 190/500
[reader] generated 192/500
[reader] generated 194/500
[reader] generated 196/500
[reader] generated 198/500
[reader] generated 200/500
[reader] generated 202/500
[reader] generated 204/500
[reader] generated 206/500
[reader] generated 208/500
[reader] generated 210/500
[reader] generated 212/500
[reader] generated 214/500
[reader] generated 216/500
[reader] generated 218/500
[reader] generated 220/500
[reader] generated 222/500
[reader] generated 224/500
[reader] generated 226/500
[reader] generated 228/500
[reader] generated 230/500
[reader] generated 232/500
[reader] generated 234/500
[reader] generated 236/500
[reader] generated 238/500
[reader] generated 240/500
[reader] generated 242/500
[reader] generated 244/500
[reader] generated 246/500
[reader] generated 248/500
[reader] generated 250/500
[reader] generated 252/500
[reader] generated 254/500
[reader] generated 256/500
[reader] generated 258/500
[reader] generated 260/500
[reader] generated 262/500
[reader] generated 264/500
[reader] generated 266/500
[reader] generated 268/500
[reader] generated 270/500
[reader] generated 272/500
[reader] generated 274/500
[reader] generated 276/500
[reader] generated 278/500
[reader] generated 280/500
[reader] generated 282/500
[reader] generated 284/500
[reader] generated 286/500
[reader] generated 288/500
[reader] generated 290/500
[reader] generated 292/500
[reader] generated 294/500
[reader] generated 296/500
[reader] generated 298/500
[reader] generated 300/500
[reader] generated 302/500
[reader] generated 304/500
[reader] generated 306/500
[reader] generated 308/500
[reader] generated 310/500
[reader] generated 312/500
[reader] generated 314/500
[reader] generated 316/500
[reader] generated 318/500
[reader] generated 320/500
[reader] generated 322/500
[reader] generated 324/500
[reader] generated 326/500
[reader] generated 328/500
[reader] generated 330/500
[reader] generated 332/500
[reader] generated 334/500
[reader] generated 336/500
[reader] generated 338/500
[reader] generated 340/500
[reader] generated 342/500
[reader] generated 344/500
[reader] generated 346/500
[reader] generated 348/500
[reader] generated 350/500
[reader] generated 352/500
[reader] generated 354/500
[reader] generated 356/500
[reader] generated 358/500
[reader] generated 360/500
[reader] generated 362/500
[reader] generated 364/500
[reader] generated 366/500
[reader] generated 368/500
[reader] generated 370/500
[reader] generated 372/500
[reader] generated 374/500
[reader] generated 376/500
[reader] generated 378/500
[reader] generated 380/500
[reader] generated 382/500
[reader] generated 384/500
[reader] generated 386/500
[reader] generated 388/500
[reader] generated 390/500
[reader] generated 392/500
[reader] generated 394/500
[reader] generated 396/500
[reader] generated 398/500
[reader] generated 400/500
[reader] generated 402/500
[reader] generated 404/500
[reader] generated 406/500
[reader] generated 408/500
[reader] generated 410/500
[reader] generated 412/500
[reader] generated 414/500
[reader] generated 416/500
[reader] generated 418/500
[reader] generated 420/500
[reader] generated 422/500
[reader] generated 424/500
[reader] generated 426/500
[reader] generated 428/500
[reader] generated 430/500
[reader] generated 432/500
[reader] generated 434/500
[reader] generated 436/500
[reader] generated 438/500
[reader] generated 440/500
[reader] generated 442/500
[reader] generated 444/500
[reader] generated 446/500
[reader] generated 448/500
[reader] generated 450/500
[reader] generated 452/500
[reader] generated 454/500
[reader] generated 456/500
[reader] generated 458/500
[reader] generated 460/500
[reader] generated 462/500
[reader] generated 464/500
[reader] generated 466/500
[reader] generated 468/500
[reader] generated 470/500
[reader] generated 472/500
[reader] generated 474/500
[reader] generated 476/500
[reader] generated 478/500
[reader] generated 480/500
[reader] generated 482/500
[reader] generated 484/500
[reader] generated 486/500
[reader] generated 488/500
[reader] generated 490/500
[reader] generated 492/500
[reader] generated 494/500
[reader] generated 496/500
[reader] generated 498/500
[reader] generated 500/500
[density] policy=ace_mmr_96, router_type=fixed, representation=ace, packer=mmr, reader_model=Qwen/Qwen2.5-3B-Instruct, packed_token_budget=96, recall@1=0.409, all_gold@1=0.0, recall@2=0.665, all_gold@2=0.406, recall@5=0.847, all_gold@5=0.718, qwen_em=0.256, qwen_f1=0.3464, avg_reader_evidence_tokens=86.47, mean_ans_in_context=0.458, mean_ans_in_context_soft=0.5438, mean_gold_token_density=0.4958, mean_gold_doc_reader_cov=0.554, mean_all_gold_reader=0.268, mean_distractor_docs=1.31, mean_context_tokens=86.472, mean_n_snippets=2.58
[density] materializing policy=ace_submod_96
[density] generating policy=ace_submod_96
[reader] generated 2/500
[reader] generated 4/500
[reader] generated 6/500
[reader] generated 8/500
[reader] generated 10/500
[reader] generated 12/500
[reader] generated 14/500
[reader] generated 16/500
[reader] generated 18/500
[reader] generated 20/500
[reader] generated 22/500
[reader] generated 24/500
[reader] generated 26/500
[reader] generated 28/500
[reader] generated 30/500
[reader] generated 32/500
[reader] generated 34/500
[reader] generated 36/500
[reader] generated 38/500
[reader] generated 40/500
[reader] generated 42/500
[reader] generated 44/500
[reader] generated 46/500
[reader] generated 48/500
[reader] generated 50/500
[reader] generated 52/500
[reader] generated 54/500
[reader] generated 56/500
[reader] generated 58/500
[reader] generated 60/500
[reader] generated 62/500
[reader] generated 64/500
[reader] generated 66/500
[reader] generated 68/500
[reader] generated 70/500
[reader] generated 72/500
[reader] generated 74/500
[reader] generated 76/500
[reader] generated 78/500
[reader] generated 80/500
[reader] generated 82/500
[reader] generated 84/500
[reader] generated 86/500
[reader] generated 88/500
[reader] generated 90/500
[reader] generated 92/500
[reader] generated 94/500
[reader] generated 96/500
[reader] generated 98/500
[reader] generated 100/500
[reader] generated 102/500
[reader] generated 104/500
[reader] generated 106/500
[reader] generated 108/500
[reader] generated 110/500
[reader] generated 112/500
[reader] generated 114/500
[reader] generated 116/500
[reader] generated 118/500
[reader] generated 120/500
[reader] generated 122/500
[reader] generated 124/500
[reader] generated 126/500
[reader] generated 128/500
[reader] generated 130/500
[reader] generated 132/500
[reader] generated 134/500
[reader] generated 136/500
[reader] generated 138/500
[reader] generated 140/500
[reader] generated 142/500
[reader] generated 144/500
[reader] generated 146/500
[reader] generated 148/500
[reader] generated 150/500
[reader] generated 152/500
[reader] generated 154/500
[reader] generated 156/500
[reader] generated 158/500
[reader] generated 160/500
[reader] generated 162/500
[reader] generated 164/500
[reader] generated 166/500
[reader] generated 168/500
[reader] generated 170/500
[reader] generated 172/500
[reader] generated 174/500
[reader] generated 176/500
[reader] generated 178/500
[reader] generated 180/500
[reader] generated 182/500
[reader] generated 184/500
[reader] generated 186/500
[reader] generated 188/500
[reader] generated 190/500
[reader] generated 192/500
[reader] generated 194/500
[reader] generated 196/500
[reader] generated 198/500
[reader] generated 200/500
[reader] generated 202/500
[reader] generated 204/500
[reader] generated 206/500
[reader] generated 208/500
[reader] generated 210/500
[reader] generated 212/500
[reader] generated 214/500
[reader] generated 216/500
[reader] generated 218/500
[reader] generated 220/500
[reader] generated 222/500
[reader] generated 224/500
[reader] generated 226/500
[reader] generated 228/500
[reader] generated 230/500
[reader] generated 232/500
[reader] generated 234/500
[reader] generated 236/500
[reader] generated 238/500
[reader] generated 240/500
[reader] generated 242/500
[reader] generated 244/500
[reader] generated 246/500
[reader] generated 248/500
[reader] generated 250/500
[reader] generated 252/500
[reader] generated 254/500
[reader] generated 256/500
[reader] generated 258/500
[reader] generated 260/500
[reader] generated 262/500
[reader] generated 264/500
[reader] generated 266/500
[reader] generated 268/500
[reader] generated 270/500
[reader] generated 272/500
[reader] generated 274/500
[reader] generated 276/500
[reader] generated 278/500
[reader] generated 280/500
[reader] generated 282/500
[reader] generated 284/500
[reader] generated 286/500
[reader] generated 288/500
[reader] generated 290/500
[reader] generated 292/500
[reader] generated 294/500
[reader] generated 296/500
[reader] generated 298/500
[reader] generated 300/500
[reader] generated 302/500
[reader] generated 304/500
[reader] generated 306/500
[reader] generated 308/500
[reader] generated 310/500
[reader] generated 312/500
[reader] generated 314/500
[reader] generated 316/500
[reader] generated 318/500
[reader] generated 320/500
[reader] generated 322/500
[reader] generated 324/500
[reader] generated 326/500
[reader] generated 328/500
[reader] generated 330/500
[reader] generated 332/500
[reader] generated 334/500
[reader] generated 336/500
[reader] generated 338/500
[reader] generated 340/500
[reader] generated 342/500
[reader] generated 344/500
[reader] generated 346/500
[reader] generated 348/500
[reader] generated 350/500
[reader] generated 352/500
[reader] generated 354/500
[reader] generated 356/500
[reader] generated 358/500
[reader] generated 360/500
[reader] generated 362/500
[reader] generated 364/500
[reader] generated 366/500
[reader] generated 368/500
[reader] generated 370/500
[reader] generated 372/500
[reader] generated 374/500
[reader] generated 376/500
[reader] generated 378/500
[reader] generated 380/500
[reader] generated 382/500
[reader] generated 384/500
[reader] generated 386/500
[reader] generated 388/500
[reader] generated 390/500
[reader] generated 392/500
[reader] generated 394/500
[reader] generated 396/500
[reader] generated 398/500
[reader] generated 400/500
[reader] generated 402/500
[reader] generated 404/500
[reader] generated 406/500
[reader] generated 408/500
[reader] generated 410/500
[reader] generated 412/500
[reader] generated 414/500
[reader] generated 416/500
[reader] generated 418/500
[reader] generated 420/500
[reader] generated 422/500
[reader] generated 424/500
[reader] generated 426/500
[reader] generated 428/500
[reader] generated 430/500
[reader] generated 432/500
[reader] generated 434/500
[reader] generated 436/500
[reader] generated 438/500
[reader] generated 440/500
[reader] generated 442/500
[reader] generated 444/500
[reader] generated 446/500
[reader] generated 448/500
[reader] generated 450/500
[reader] generated 452/500
[reader] generated 454/500
[reader] generated 456/500
[reader] generated 458/500
[reader] generated 460/500
[reader] generated 462/500
[reader] generated 464/500
[reader] generated 466/500
[reader] generated 468/500
[reader] generated 470/500
[reader] generated 472/500
[reader] generated 474/500
[reader] generated 476/500
[reader] generated 478/500
[reader] generated 480/500
[reader] generated 482/500
[reader] generated 484/500
[reader] generated 486/500
[reader] generated 488/500
[reader] generated 490/500
[reader] generated 492/500
[reader] generated 494/500
[reader] generated 496/500
[reader] generated 498/500
[reader] generated 500/500
[density] policy=ace_submod_96, router_type=fixed, representation=ace, packer=submod, reader_model=Qwen/Qwen2.5-3B-Instruct, packed_token_budget=96, recall@1=0.409, all_gold@1=0.0, recall@2=0.665, all_gold@2=0.406, recall@5=0.847, all_gold@5=0.718, qwen_em=0.25, qwen_f1=0.3419, avg_reader_evidence_tokens=84.18, mean_ans_in_context=0.458, mean_ans_in_context_soft=0.5467, mean_gold_token_density=0.4822, mean_gold_doc_reader_cov=0.577, mean_all_gold_reader=0.276, mean_distractor_docs=1.496, mean_context_tokens=84.184, mean_n_snippets=2.958
[density] policy=router_oracle_packer, router_type=oracle, representation=mixed, packer=oracle, reader_model=Qwen/Qwen2.5-3B-Instruct, packed_token_budget=96, selection_counts={"ace_focused_96": 85, "ace_mmr_96": 33, "ace_submod_96": 63, "chunk_focused_96": 147, "chunk_mmr_96": 21, "chunk_submod_96": 151}, qwen_em=0.444, qwen_f1=0.5648, avg_reader_evidence_tokens=79.82, mean_ans_in_context=0.6, mean_ans_in_context_soft=0.6718, mean_gold_token_density=0.6135, mean_gold_doc_reader_cov=0.604, mean_all_gold_reader=0.306, mean_distractor_docs=1.01, mean_context_tokens=79.82, mean_n_snippets=2.432
wrote /kaggle/working/colab_results/stage13_budgetsweep_hotpotqa_qwen3b_budget96_limit500_seed13/hotpotqa_density_standard_budget96_limit500_metrics.csv
wrote /kaggle/working/colab_results/stage13_budgetsweep_hotpotqa_qwen3b_budget96_limit500_seed13/hotpotqa_density_standard_budget96_limit500_per_question.csv
--- budget sweep B=96 seed 7 ---
$ /usr/bin/python3 -m experiments.run_density_router --dataset hotpotqa --limit 500 --seed 7 --ace-retriever standard --top-k 5 --top-k-nodes 48 --max-expanded-docs 5 --embedder sentence-transformers --embedding-model BAAI/bge-small-en-v1.5 --embed-device cuda --compressor truncate --compress-dims 320 --reader-backend hf --reader-model Qwen/Qwen2.5-3B-Instruct --reader-device cuda --reader-batch-size 2 --mmr-lambda 0.7 --budget 96 --out-dir /kaggle/working/colab_results/stage13_budgetsweep_hotpotqa_qwen3b_budget96_limit500_seed7 --split validation
hotpotqa[hf:validation:500]: 4948 docs, 500 questions, 2.00 gold docs/question
[density] retrieving chunk baseline
[chunk] fitting/indexing
[embed] encoding 4948 texts on device=cuda:0

Batches:   0%|          | 0/78 [00:00<?, ?it/s]
Batches:   1%|▏         | 1/78 [00:00<01:14,  1.03it/s]
Batches:   3%|▎         | 2/78 [00:01<00:50,  1.49it/s]
Batches:   4%|▍         | 3/78 [00:01<00:42,  1.77it/s]
Batches:   5%|▌         | 4/78 [00:02<00:35,  2.08it/s]
Batches:   6%|▋         | 5/78 [00:02<00:30,  2.39it/s]
Batches:   8%|▊         | 6/78 [00:02<00:28,  2.57it/s]
Batches:   9%|▉         | 7/78 [00:03<00:25,  2.77it/s]
Batches:  10%|█         | 8/78 [00:03<00:23,  3.03it/s]
Batches:  12%|█▏        | 9/78 [00:03<00:22,  3.06it/s]
Batches:  13%|█▎        | 10/78 [00:04<00:21,  3.11it/s]
Batches:  14%|█▍        | 11/78 [00:04<00:21,  3.12it/s]
Batches:  15%|█▌        | 12/78 [00:04<00:19,  3.36it/s]
Batches:  17%|█▋        | 13/78 [00:04<00:17,  3.63it/s]
Batches:  18%|█▊        | 14/78 [00:05<00:17,  3.70it/s]
Batches:  19%|█▉        | 15/78 [00:05<00:16,  3.87it/s]
Batches:  21%|██        | 16/78 [00:05<00:15,  4.00it/s]
Batches:  22%|██▏       | 17/78 [00:05<00:14,  4.14it/s]
Batches:  23%|██▎       | 18/78 [00:05<00:13,  4.36it/s]
Batches:  24%|██▍       | 19/78 [00:06<00:13,  4.30it/s]
Batches:  26%|██▌       | 20/78 [00:06<00:13,  4.37it/s]
Batches:  27%|██▋       | 21/78 [00:06<00:13,  4.25it/s]
Batches:  28%|██▊       | 22/78 [00:06<00:12,  4.52it/s]
Batches:  29%|██▉       | 23/78 [00:07<00:11,  4.74it/s]
Batches:  31%|███       | 24/78 [00:07<00:10,  4.95it/s]
Batches:  32%|███▏      | 25/78 [00:07<00:10,  4.99it/s]
Batches:  33%|███▎      | 26/78 [00:07<00:10,  5.13it/s]
Batches:  35%|███▍      | 27/78 [00:07<00:09,  5.20it/s]
Batches:  36%|███▌      | 28/78 [00:08<00:10,  4.77it/s]
Batches:  37%|███▋      | 29/78 [00:08<00:09,  5.08it/s]
Batches:  38%|███▊      | 30/78 [00:08<00:09,  5.14it/s]
Batches:  40%|███▉      | 31/78 [00:08<00:08,  5.30it/s]
Batches:  41%|████      | 32/78 [00:08<00:08,  5.29it/s]
Batches:  42%|████▏     | 33/78 [00:08<00:08,  5.49it/s]
Batches:  44%|████▎     | 34/78 [00:09<00:07,  5.76it/s]
Batches:  45%|████▍     | 35/78 [00:09<00:07,  5.92it/s]
Batches:  46%|████▌     | 36/78 [00:09<00:07,  5.94it/s]
Batches:  47%|████▋     | 37/78 [00:09<00:06,  5.98it/s]
Batches:  49%|████▊     | 38/78 [00:09<00:06,  6.16it/s]
Batches:  50%|█████     | 39/78 [00:09<00:05,  6.56it/s]
Batches:  51%|█████▏    | 40/78 [00:10<00:05,  6.58it/s]
Batches:  53%|█████▎    | 41/78 [00:10<00:05,  6.49it/s]
Batches:  54%|█████▍    | 42/78 [00:10<00:05,  6.52it/s]
Batches:  55%|█████▌    | 43/78 [00:10<00:05,  6.47it/s]
Batches:  56%|█████▋    | 44/78 [00:10<00:05,  6.69it/s]
Batches:  58%|█████▊    | 45/78 [00:10<00:04,  6.70it/s]
Batches:  59%|█████▉    | 46/78 [00:10<00:04,  6.81it/s]
Batches:  60%|██████    | 47/78 [00:11<00:04,  7.10it/s]
Batches:  62%|██████▏   | 48/78 [00:11<00:03,  7.51it/s]
Batches:  63%|██████▎   | 49/78 [00:11<00:03,  7.77it/s]
Batches:  64%|██████▍   | 50/78 [00:11<00:03,  8.19it/s]
Batches:  65%|██████▌   | 51/78 [00:11<00:03,  8.11it/s]
Batches:  67%|██████▋   | 52/78 [00:11<00:03,  8.15it/s]
Batches:  68%|██████▊   | 53/78 [00:11<00:02,  8.53it/s]
Batches:  69%|██████▉   | 54/78 [00:11<00:03,  7.86it/s]
Batches:  71%|███████   | 55/78 [00:12<00:02,  8.28it/s]
Batches:  72%|███████▏  | 56/78 [00:12<00:02,  8.70it/s]
Batches:  73%|███████▎  | 57/78 [00:12<00:02,  9.01it/s]
Batches:  74%|███████▍  | 58/78 [00:12<00:02,  9.20it/s]
Batches:  77%|███████▋  | 60/78 [00:12<00:01,  9.90it/s]
Batches:  79%|███████▉  | 62/78 [00:12<00:01, 10.35it/s]
Batches:  82%|████████▏ | 64/78 [00:12<00:01, 10.78it/s]
Batches:  85%|████████▍ | 66/78 [00:13<00:01, 10.97it/s]
Batches:  87%|████████▋ | 68/78 [00:13<00:00, 11.38it/s]
Batches:  90%|████████▉ | 70/78 [00:13<00:00, 12.04it/s]
Batches:  92%|█████████▏| 72/78 [00:13<00:00, 12.66it/s]
Batches:  95%|█████████▍| 74/78 [00:13<00:00, 14.02it/s]
Batches:  97%|█████████▋| 76/78 [00:13<00:00, 15.31it/s]
Batches: 100%|██████████| 78/78 [00:13<00:00,  5.68it/s]
[chunk] retrieving
[embed] encoding 500 texts on device=cuda:0

Batches:   0%|          | 0/8 [00:00<?, ?it/s]
Batches:  38%|███▊      | 3/8 [00:00<00:00, 26.82it/s]
Batches:  88%|████████▊ | 7/8 [00:00<00:00, 33.54it/s]
Batches: 100%|██████████| 8/8 [00:00<00:00, 34.17it/s]
[density] retrieving ACE graph
[ace] building evidence graph
[ace] graph built: nodes=49359 edges=75836
[ace] fitting/indexing embeddings
[embed] encoding 44411 texts on device=cuda:0

Batches:   0%|          | 0/694 [00:00<?, ?it/s]
Batches:   0%|          | 1/694 [00:00<03:49,  3.02it/s]
Batches:   0%|          | 2/694 [00:00<02:25,  4.76it/s]
Batches:   0%|          | 3/694 [00:00<02:14,  5.16it/s]
Batches:   1%|          | 4/694 [00:00<01:55,  5.96it/s]
Batches:   1%|          | 5/694 [00:00<01:41,  6.80it/s]
Batches:   1%|          | 6/694 [00:00<01:36,  7.14it/s]
Batches:   1%|          | 7/694 [00:01<01:31,  7.53it/s]
Batches:   1%|▏         | 9/694 [00:01<01:20,  8.55it/s]
Batches:   1%|▏         | 10/694 [00:01<01:17,  8.85it/s]
Batches:   2%|▏         | 12/694 [00:01<01:10,  9.72it/s]
Batches:   2%|▏         | 14/694 [00:01<01:06, 10.22it/s]
Batches:   2%|▏         | 16/694 [00:01<01:04, 10.48it/s]
Batches:   3%|▎         | 18/694 [00:02<01:06, 10.15it/s]
Batches:   3%|▎         | 20/694 [00:02<01:02, 10.81it/s]
Batches:   3%|▎         | 22/694 [00:02<00:59, 11.37it/s]
Batches:   3%|▎         | 24/694 [00:02<00:56, 11.76it/s]
Batches:   4%|▎         | 26/694 [00:02<00:54, 12.17it/s]
Batches:   4%|▍         | 28/694 [00:02<00:52, 12.61it/s]
Batches:   4%|▍         | 30/694 [00:03<00:55, 11.88it/s]
Batches:   5%|▍         | 32/694 [00:03<00:52, 12.49it/s]
Batches:   5%|▍         | 34/694 [00:03<00:52, 12.62it/s]
Batches:   5%|▌         | 36/694 [00:03<00:51, 12.82it/s]
Batches:   5%|▌         | 38/694 [00:03<00:49, 13.31it/s]
Batches:   6%|▌         | 40/694 [00:03<00:46, 14.07it/s]
Batches:   6%|▌         | 42/694 [00:03<00:46, 13.92it/s]
Batches:   6%|▋         | 44/694 [00:04<00:44, 14.54it/s]
Batches:   7%|▋         | 46/694 [00:04<00:43, 14.74it/s]
Batches:   7%|▋         | 48/694 [00:04<00:42, 15.26it/s]
Batches:   7%|▋         | 50/694 [00:04<00:41, 15.52it/s]
Batches:   7%|▋         | 52/694 [00:04<00:42, 15.05it/s]
Batches:   8%|▊         | 54/694 [00:04<00:41, 15.45it/s]
Batches:   8%|▊         | 56/694 [00:04<00:40, 15.63it/s]
Batches:   8%|▊         | 58/694 [00:05<00:41, 15.24it/s]
Batches:   9%|▊         | 60/694 [00:05<00:41, 15.30it/s]
Batches:   9%|▉         | 62/694 [00:05<00:39, 15.85it/s]
Batches:   9%|▉         | 64/694 [00:05<00:38, 16.40it/s]
Batches:  10%|▉         | 66/694 [00:05<00:37, 16.64it/s]
Batches:  10%|▉         | 68/694 [00:05<00:36, 17.16it/s]
Batches:  10%|█         | 70/694 [00:05<00:34, 17.92it/s]
Batches:  10%|█         | 72/694 [00:05<00:33, 18.45it/s]
Batches:  11%|█         | 75/694 [00:05<00:32, 19.11it/s]
Batches:  11%|█         | 77/694 [00:06<00:32, 19.01it/s]
Batches:  11%|█▏        | 79/694 [00:06<00:34, 18.08it/s]
Batches:  12%|█▏        | 82/694 [00:06<00:33, 18.45it/s]
Batches:  12%|█▏        | 84/694 [00:06<00:33, 18.04it/s]
Batches:  12%|█▏        | 86/694 [00:06<00:33, 17.96it/s]
Batches:  13%|█▎        | 89/694 [00:06<00:32, 18.43it/s]
Batches:  13%|█▎        | 91/694 [00:06<00:32, 18.65it/s]
Batches:  14%|█▎        | 94/694 [00:06<00:31, 19.30it/s]
Batches:  14%|█▍        | 97/694 [00:07<00:29, 20.26it/s]
Batches:  14%|█▍        | 100/694 [00:07<00:31, 18.67it/s]
Batches:  15%|█▍        | 103/694 [00:07<00:30, 19.16it/s]
Batches:  15%|█▌        | 106/694 [00:07<00:29, 19.66it/s]
Batches:  16%|█▌        | 108/694 [00:07<00:29, 19.68it/s]
Batches:  16%|█▌        | 110/694 [00:07<00:31, 18.54it/s]
Batches:  16%|█▋        | 113/694 [00:07<00:29, 19.38it/s]
Batches:  17%|█▋        | 116/694 [00:08<00:29, 19.82it/s]
Batches:  17%|█▋        | 119/694 [00:08<00:28, 20.31it/s]
Batches:  18%|█▊        | 122/694 [00:08<00:27, 20.65it/s]
Batches:  18%|█▊        | 125/694 [00:08<00:27, 20.60it/s]
Batches:  18%|█▊        | 128/694 [00:08<00:27, 20.89it/s]
Batches:  19%|█▉        | 131/694 [00:08<00:26, 21.23it/s]
Batches:  19%|█▉        | 134/694 [00:08<00:26, 20.81it/s]
Batches:  20%|█▉        | 137/694 [00:09<00:25, 21.88it/s]
Batches:  20%|██        | 140/694 [00:09<00:25, 21.71it/s]
Batches:  21%|██        | 143/694 [00:09<00:24, 22.50it/s]
Batches:  21%|██        | 146/694 [00:09<00:24, 22.45it/s]
Batches:  21%|██▏       | 149/694 [00:09<00:23, 22.89it/s]
Batches:  22%|██▏       | 152/694 [00:09<00:23, 22.80it/s]
Batches:  22%|██▏       | 155/694 [00:09<00:23, 23.23it/s]
Batches:  23%|██▎       | 158/694 [00:09<00:22, 23.31it/s]
Batches:  23%|██▎       | 161/694 [00:10<00:21, 24.27it/s]
Batches:  24%|██▎       | 164/694 [00:10<00:22, 23.91it/s]
Batches:  24%|██▍       | 167/694 [00:10<00:22, 23.47it/s]
Batches:  24%|██▍       | 170/694 [00:10<00:23, 22.73it/s]
Batches:  25%|██▍       | 173/694 [00:10<00:22, 23.12it/s]
Batches:  25%|██▌       | 176/694 [00:10<00:22, 22.93it/s]
Batches:  26%|██▌       | 179/694 [00:10<00:23, 22.29it/s]
Batches:  26%|██▌       | 182/694 [00:10<00:21, 23.49it/s]
Batches:  27%|██▋       | 185/694 [00:11<00:21, 23.57it/s]
Batches:  27%|██▋       | 188/694 [00:11<00:20, 24.32it/s]
Batches:  28%|██▊       | 191/694 [00:11<00:20, 24.49it/s]
Batches:  28%|██▊       | 194/694 [00:11<00:20, 24.99it/s]
Batches:  28%|██▊       | 197/694 [00:11<00:19, 25.03it/s]
Batches:  29%|██▉       | 200/694 [00:11<00:18, 26.13it/s]
Batches:  29%|██▉       | 203/694 [00:11<00:18, 26.68it/s]
Batches:  30%|██▉       | 206/694 [00:11<00:18, 26.84it/s]
Batches:  30%|███       | 209/694 [00:12<00:18, 26.72it/s]
Batches:  31%|███       | 212/694 [00:12<00:17, 27.50it/s]
Batches:  31%|███       | 215/694 [00:12<00:17, 28.01it/s]
Batches:  31%|███▏      | 218/694 [00:12<00:16, 28.16it/s]
Batches:  32%|███▏      | 221/694 [00:12<00:16, 28.34it/s]
Batches:  32%|███▏      | 225/694 [00:12<00:16, 29.08it/s]
Batches:  33%|███▎      | 229/694 [00:12<00:15, 29.58it/s]
Batches:  33%|███▎      | 232/694 [00:12<00:15, 29.57it/s]
Batches:  34%|███▍      | 236/694 [00:12<00:15, 30.31it/s]
Batches:  35%|███▍      | 240/694 [00:13<00:14, 30.77it/s]
Batches:  35%|███▌      | 244/694 [00:13<00:14, 31.73it/s]
Batches:  36%|███▌      | 248/694 [00:13<00:13, 31.90it/s]
Batches:  36%|███▋      | 252/694 [00:13<00:13, 32.12it/s]
Batches:  37%|███▋      | 256/694 [00:13<00:13, 31.98it/s]
Batches:  37%|███▋      | 260/694 [00:13<00:13, 32.02it/s]
Batches:  38%|███▊      | 264/694 [00:13<00:13, 31.29it/s]
Batches:  39%|███▊      | 268/694 [00:13<00:13, 32.70it/s]
Batches:  39%|███▉      | 272/694 [00:14<00:12, 34.01it/s]
Batches:  40%|███▉      | 276/694 [00:14<00:12, 34.12it/s]
Batches:  40%|████      | 280/694 [00:14<00:11, 35.01it/s]
Batches:  41%|████      | 285/694 [00:14<00:11, 36.73it/s]
Batches:  42%|████▏     | 289/694 [00:14<00:10, 36.96it/s]
Batches:  42%|████▏     | 293/694 [00:14<00:10, 37.56it/s]
Batches:  43%|████▎     | 298/694 [00:14<00:10, 39.13it/s]
Batches:  44%|████▎     | 303/694 [00:14<00:09, 40.35it/s]
Batches:  44%|████▍     | 308/694 [00:14<00:09, 42.01it/s]
Batches:  45%|████▌     | 313/694 [00:15<00:08, 44.16it/s]
Batches:  46%|████▌     | 319/694 [00:15<00:07, 47.10it/s]
Batches:  47%|████▋     | 325/694 [00:15<00:07, 48.58it/s]
Batches:  48%|████▊     | 331/694 [00:15<00:07, 51.08it/s]
Batches:  49%|████▊     | 337/694 [00:15<00:06, 53.55it/s]
Batches:  50%|████▉     | 344/694 [00:15<00:06, 56.52it/s]
Batches:  51%|█████     | 351/694 [00:15<00:05, 58.22it/s]
Batches:  52%|█████▏    | 359/694 [00:15<00:05, 61.85it/s]
Batches:  53%|█████▎    | 367/694 [00:15<00:05, 65.05it/s]
Batches:  54%|█████▍    | 375/694 [00:16<00:04, 67.10it/s]
Batches:  55%|█████▌    | 383/694 [00:16<00:04, 69.67it/s]
Batches:  56%|█████▋    | 391/694 [00:16<00:04, 71.14it/s]
Batches:  57%|█████▋    | 399/694 [00:16<00:04, 72.54it/s]
Batches:  59%|█████▉    | 408/694 [00:16<00:03, 75.26it/s]
Batches:  60%|██████    | 417/694 [00:16<00:03, 75.87it/s]
Batches:  61%|██████▏   | 426/694 [00:16<00:03, 77.13it/s]
Batches:  63%|██████▎   | 435/694 [00:16<00:03, 78.56it/s]
Batches:  64%|██████▍   | 444/694 [00:16<00:03, 81.02it/s]
Batches:  65%|██████▌   | 453/694 [00:16<00:02, 81.96it/s]
Batches:  67%|██████▋   | 462/694 [00:17<00:02, 84.01it/s]
Batches:  68%|██████▊   | 471/694 [00:17<00:02, 83.23it/s]
Batches:  69%|██████▉   | 480/694 [00:17<00:02, 85.05it/s]
Batches:  70%|███████   | 489/694 [00:17<00:02, 86.47it/s]
Batches:  72%|███████▏  | 498/694 [00:17<00:02, 86.63it/s]
Batches:  73%|███████▎  | 507/694 [00:17<00:02, 86.99it/s]
Batches:  74%|███████▍  | 517/694 [00:17<00:02, 88.07it/s]
Batches:  76%|███████▌  | 527/694 [00:17<00:01, 89.48it/s]
Batches:  77%|███████▋  | 537/694 [00:17<00:01, 91.49it/s]
Batches:  79%|███████▉  | 547/694 [00:18<00:01, 92.12it/s]
Batches:  80%|████████  | 557/694 [00:18<00:01, 93.09it/s]
Batches:  82%|████████▏ | 567/694 [00:18<00:01, 94.34it/s]
Batches:  83%|████████▎ | 577/694 [00:18<00:01, 95.33it/s]
Batches:  85%|████████▍ | 587/694 [00:18<00:01, 95.64it/s]
Batches:  86%|████████▌ | 598/694 [00:18<00:00, 97.96it/s]
Batches:  88%|████████▊ | 609/694 [00:18<00:00, 99.70it/s]
Batches:  89%|████████▉ | 620/694 [00:18<00:00, 100.54it/s]
Batches:  91%|█████████ | 631/694 [00:18<00:00, 100.16it/s]
Batches:  93%|█████████▎| 642/694 [00:18<00:00, 99.32it/s]
Batches:  94%|█████████▍| 652/694 [00:19<00:00, 99.45it/s]
Batches:  95%|█████████▌| 662/694 [00:19<00:00, 98.68it/s]
Batches:  97%|█████████▋| 673/694 [00:19<00:00, 99.54it/s]
Batches:  98%|█████████▊| 683/694 [00:19<00:00, 98.97it/s]
Batches: 100%|██████████| 694/694 [00:19<00:00, 100.88it/s]
Batches: 100%|██████████| 694/694 [00:19<00:00, 35.58it/s]
[ace] retrieving
[embed] encoding 500 texts on device=cuda:0

Batches:   0%|          | 0/8 [00:00<?, ?it/s]
Batches:  38%|███▊      | 3/8 [00:00<00:00, 25.85it/s]
Batches:  88%|████████▊ | 7/8 [00:00<00:00, 31.74it/s]
Batches: 100%|██████████| 8/8 [00:00<00:00, 32.52it/s]
[density] loading reader once
`torch_dtype` is deprecated! Use `dtype` instead!

Loading checkpoint shards:   0%|          | 0/2 [00:00<?, ?it/s]
Loading checkpoint shards:  50%|█████     | 1/2 [00:02<00:02,  2.67s/it]
Loading checkpoint shards: 100%|██████████| 2/2 [00:04<00:00,  1.97s/it]
Loading checkpoint shards: 100%|██████████| 2/2 [00:04<00:00,  2.08s/it]
[reader] loaded Qwen/Qwen2.5-3B-Instruct (device_map=None, 4bit=False) entry=cuda:0
[density] materializing policy=chunk_packed_96
[density] generating policy=chunk_packed_96
The following generation flags are not valid and may be ignored: ['temperature', 'top_p', 'top_k']. Set `TRANSFORMERS_VERBOSITY=info` for more details.
[reader] generated 2/500
[reader] generated 4/500
[reader] generated 6/500
[reader] generated 8/500
[reader] generated 10/500
[reader] generated 12/500
[reader] generated 14/500
[reader] generated 16/500
[reader] generated 18/500
[reader] generated 20/500
[reader] generated 22/500
[reader] generated 24/500
[reader] generated 26/500
[reader] generated 28/500
[reader] generated 30/500
[reader] generated 32/500
[reader] generated 34/500
[reader] generated 36/500
[reader] generated 38/500
[reader] generated 40/500
[reader] generated 42/500
[reader] generated 44/500
[reader] generated 46/500
[reader] generated 48/500
[reader] generated 50/500
[reader] generated 52/500
[reader] generated 54/500
[reader] generated 56/500
[reader] generated 58/500
[reader] generated 60/500
[reader] generated 62/500
[reader] generated 64/500
[reader] generated 66/500
[reader] generated 68/500
[reader] generated 70/500
[reader] generated 72/500
[reader] generated 74/500
[reader] generated 76/500
[reader] generated 78/500
[reader] generated 80/500
[reader] generated 82/500
[reader] generated 84/500
[reader] generated 86/500
[reader] generated 88/500
[reader] generated 90/500
[reader] generated 92/500
[reader] generated 94/500
[reader] generated 96/500
[reader] generated 98/500
[reader] generated 100/500
[reader] generated 102/500
[reader] generated 104/500
[reader] generated 106/500
[reader] generated 108/500
[reader] generated 110/500
[reader] generated 112/500
[reader] generated 114/500
[reader] generated 116/500
[reader] generated 118/500
[reader] generated 120/500
[reader] generated 122/500
[reader] generated 124/500
[reader] generated 126/500
[reader] generated 128/500
[reader] generated 130/500
[reader] generated 132/500
[reader] generated 134/500
[reader] generated 136/500
[reader] generated 138/500
[reader] generated 140/500
[reader] generated 142/500
[reader] generated 144/500
[reader] generated 146/500
[reader] generated 148/500
[reader] generated 150/500
[reader] generated 152/500
[reader] generated 154/500
[reader] generated 156/500
[reader] generated 158/500
[reader] generated 160/500
[reader] generated 162/500
[reader] generated 164/500
[reader] generated 166/500
[reader] generated 168/500
[reader] generated 170/500
[reader] generated 172/500
[reader] generated 174/500
[reader] generated 176/500
[reader] generated 178/500
[reader] generated 180/500
[reader] generated 182/500
[reader] generated 184/500
[reader] generated 186/500
[reader] generated 188/500
[reader] generated 190/500
[reader] generated 192/500
[reader] generated 194/500
[reader] generated 196/500
[reader] generated 198/500
[reader] generated 200/500
[reader] generated 202/500
[reader] generated 204/500
[reader] generated 206/500
[reader] generated 208/500
[reader] generated 210/500
[reader] generated 212/500
[reader] generated 214/500
[reader] generated 216/500
[reader] generated 218/500
[reader] generated 220/500
[reader] generated 222/500
[reader] generated 224/500
[reader] generated 226/500
[reader] generated 228/500
[reader] generated 230/500
[reader] generated 232/500
[reader] generated 234/500
[reader] generated 236/500
[reader] generated 238/500
[reader] generated 240/500
[reader] generated 242/500
[reader] generated 244/500
[reader] generated 246/500
[reader] generated 248/500
[reader] generated 250/500
[reader] generated 252/500
[reader] generated 254/500
[reader] generated 256/500
[reader] generated 258/500
[reader] generated 260/500
[reader] generated 262/500
[reader] generated 264/500
[reader] generated 266/500
[reader] generated 268/500
[reader] generated 270/500
[reader] generated 272/500
[reader] generated 274/500
[reader] generated 276/500
[reader] generated 278/500
[reader] generated 280/500
[reader] generated 282/500
[reader] generated 284/500
[reader] generated 286/500
[reader] generated 288/500
[reader] generated 290/500
[reader] generated 292/500
[reader] generated 294/500
[reader] generated 296/500
[reader] generated 298/500
[reader] generated 300/500
[reader] generated 302/500
[reader] generated 304/500
[reader] generated 306/500
[reader] generated 308/500
[reader] generated 310/500
[reader] generated 312/500
[reader] generated 314/500
[reader] generated 316/500
[reader] generated 318/500
[reader] generated 320/500
[reader] generated 322/500
[reader] generated 324/500
[reader] generated 326/500
[reader] generated 328/500
[reader] generated 330/500
[reader] generated 332/500
[reader] generated 334/500
[reader] generated 336/500
[reader] generated 338/500
[reader] generated 340/500
[reader] generated 342/500
[reader] generated 344/500
[reader] generated 346/500
[reader] generated 348/500
[reader] generated 350/500
[reader] generated 352/500
[reader] generated 354/500
[reader] generated 356/500
[reader] generated 358/500
[reader] generated 360/500
[reader] generated 362/500
[reader] generated 364/500
[reader] generated 366/500
[reader] generated 368/500
[reader] generated 370/500
[reader] generated 372/500
[reader] generated 374/500
[reader] generated 376/500
[reader] generated 378/500
[reader] generated 380/500
[reader] generated 382/500
[reader] generated 384/500
[reader] generated 386/500
[reader] generated 388/500
[reader] generated 390/500
[reader] generated 392/500
[reader] generated 394/500
[reader] generated 396/500
[reader] generated 398/500
[reader] generated 400/500
[reader] generated 402/500
[reader] generated 404/500
[reader] generated 406/500
[reader] generated 408/500
[reader] generated 410/500
[reader] generated 412/500
[reader] generated 414/500
[reader] generated 416/500
[reader] generated 418/500
[reader] generated 420/500
[reader] generated 422/500
[reader] generated 424/500
[reader] generated 426/500
[reader] generated 428/500
[reader] generated 430/500
[reader] generated 432/500
[reader] generated 434/500
[reader] generated 436/500
[reader] generated 438/500
[reader] generated 440/500
[reader] generated 442/500
[reader] generated 444/500
[reader] generated 446/500
[reader] generated 448/500
[reader] generated 450/500
[reader] generated 452/500
[reader] generated 454/500
[reader] generated 456/500
[reader] generated 458/500
[reader] generated 460/500
[reader] generated 462/500
[reader] generated 464/500
[reader] generated 466/500
[reader] generated 468/500
[reader] generated 470/500
[reader] generated 472/500
[reader] generated 474/500
[reader] generated 476/500
[reader] generated 478/500
[reader] generated 480/500
[reader] generated 482/500
[reader] generated 484/500
[reader] generated 486/500
[reader] generated 488/500
[reader] generated 490/500
[reader] generated 492/500
[reader] generated 494/500
[reader] generated 496/500
[reader] generated 498/500
[reader] generated 500/500
[density] policy=chunk_packed_96, router_type=fixed, representation=chunk, packer=packed, reader_model=Qwen/Qwen2.5-3B-Instruct, packed_token_budget=96, recall@1=0.438, all_gold@1=0.0, recall@2=0.712, all_gold@2=0.49, recall@5=0.876, all_gold@5=0.764, qwen_em=0.252, qwen_f1=0.3304, avg_reader_evidence_tokens=87.04, mean_ans_in_context=0.43, mean_ans_in_context_soft=0.514, mean_gold_token_density=0.4433, mean_gold_doc_reader_cov=0.487, mean_all_gold_reader=0.198, mean_distractor_docs=1.248, mean_context_tokens=87.038, mean_n_snippets=2.266
[density] materializing policy=chunk_focused_96
[density] generating policy=chunk_focused_96
[reader] generated 2/500
[reader] generated 4/500
[reader] generated 6/500
[reader] generated 8/500
[reader] generated 10/500
[reader] generated 12/500
[reader] generated 14/500
[reader] generated 16/500
[reader] generated 18/500
[reader] generated 20/500
[reader] generated 22/500
[reader] generated 24/500
[reader] generated 26/500
[reader] generated 28/500
[reader] generated 30/500
[reader] generated 32/500
[reader] generated 34/500
[reader] generated 36/500
[reader] generated 38/500
[reader] generated 40/500
[reader] generated 42/500
[reader] generated 44/500
[reader] generated 46/500
[reader] generated 48/500
[reader] generated 50/500
[reader] generated 52/500
[reader] generated 54/500
[reader] generated 56/500
[reader] generated 58/500
[reader] generated 60/500
[reader] generated 62/500
[reader] generated 64/500
[reader] generated 66/500
[reader] generated 68/500
[reader] generated 70/500
[reader] generated 72/500
[reader] generated 74/500
[reader] generated 76/500
[reader] generated 78/500
[reader] generated 80/500
[reader] generated 82/500
[reader] generated 84/500
[reader] generated 86/500
[reader] generated 88/500
[reader] generated 90/500
[reader] generated 92/500
[reader] generated 94/500
[reader] generated 96/500
[reader] generated 98/500
[reader] generated 100/500
[reader] generated 102/500
[reader] generated 104/500
[reader] generated 106/500
[reader] generated 108/500
[reader] generated 110/500
[reader] generated 112/500
[reader] generated 114/500
[reader] generated 116/500
[reader] generated 118/500
[reader] generated 120/500
[reader] generated 122/500
[reader] generated 124/500
[reader] generated 126/500
[reader] generated 128/500
[reader] generated 130/500
[reader] generated 132/500
[reader] generated 134/500
[reader] generated 136/500
[reader] generated 138/500
[reader] generated 140/500
[reader] generated 142/500
[reader] generated 144/500
[reader] generated 146/500
[reader] generated 148/500
[reader] generated 150/500
[reader] generated 152/500
[reader] generated 154/500
[reader] generated 156/500
[reader] generated 158/500
[reader] generated 160/500
[reader] generated 162/500
[reader] generated 164/500
[reader] generated 166/500
[reader] generated 168/500
[reader] generated 170/500
[reader] generated 172/500
[reader] generated 174/500
[reader] generated 176/500
[reader] generated 178/500
[reader] generated 180/500
[reader] generated 182/500
[reader] generated 184/500
[reader] generated 186/500
[reader] generated 188/500
[reader] generated 190/500
[reader] generated 192/500
[reader] generated 194/500
[reader] generated 196/500
[reader] generated 198/500
[reader] generated 200/500
[reader] generated 202/500
[reader] generated 204/500
[reader] generated 206/500
[reader] generated 208/500
[reader] generated 210/500
[reader] generated 212/500
[reader] generated 214/500
[reader] generated 216/500
[reader] generated 218/500
[reader] generated 220/500
[reader] generated 222/500
[reader] generated 224/500
[reader] generated 226/500
[reader] generated 228/500
[reader] generated 230/500
[reader] generated 232/500
[reader] generated 234/500
[reader] generated 236/500
[reader] generated 238/500
[reader] generated 240/500
[reader] generated 242/500
[reader] generated 244/500
[reader] generated 246/500
[reader] generated 248/500
[reader] generated 250/500
[reader] generated 252/500
[reader] generated 254/500
[reader] generated 256/500
[reader] generated 258/500
[reader] generated 260/500
[reader] generated 262/500
[reader] generated 264/500
[reader] generated 266/500
[reader] generated 268/500
[reader] generated 270/500
[reader] generated 272/500
[reader] generated 274/500
[reader] generated 276/500
[reader] generated 278/500
[reader] generated 280/500
[reader] generated 282/500
[reader] generated 284/500
[reader] generated 286/500
[reader] generated 288/500
[reader] generated 290/500
[reader] generated 292/500
[reader] generated 294/500
[reader] generated 296/500
[reader] generated 298/500
[reader] generated 300/500
[reader] generated 302/500
[reader] generated 304/500
[reader] generated 306/500
[reader] generated 308/500
[reader] generated 310/500
[reader] generated 312/500
[reader] generated 314/500
[reader] generated 316/500
[reader] generated 318/500
[reader] generated 320/500
[reader] generated 322/500
[reader] generated 324/500
[reader] generated 326/500
[reader] generated 328/500
[reader] generated 330/500
[reader] generated 332/500
[reader] generated 334/500
[reader] generated 336/500
[reader] generated 338/500
[reader] generated 340/500
[reader] generated 342/500
[reader] generated 344/500
[reader] generated 346/500
[reader] generated 348/500
[reader] generated 350/500
[reader] generated 352/500
[reader] generated 354/500
[reader] generated 356/500
[reader] generated 358/500
[reader] generated 360/500
[reader] generated 362/500
[reader] generated 364/500
[reader] generated 366/500
[reader] generated 368/500
[reader] generated 370/500
[reader] generated 372/500
[reader] generated 374/500
[reader] generated 376/500
[reader] generated 378/500
[reader] generated 380/500
[reader] generated 382/500
[reader] generated 384/500
[reader] generated 386/500
[reader] generated 388/500
[reader] generated 390/500
[reader] generated 392/500
[reader] generated 394/500
[reader] generated 396/500
[reader] generated 398/500
[reader] generated 400/500
[reader] generated 402/500
[reader] generated 404/500
[reader] generated 406/500
[reader] generated 408/500
[reader] generated 410/500
[reader] generated 412/500
[reader] generated 414/500
[reader] generated 416/500
[reader] generated 418/500
[reader] generated 420/500
[reader] generated 422/500
[reader] generated 424/500
[reader] generated 426/500
[reader] generated 428/500
[reader] generated 430/500
[reader] generated 432/500
[reader] generated 434/500
[reader] generated 436/500
[reader] generated 438/500
[reader] generated 440/500
[reader] generated 442/500
[reader] generated 444/500
[reader] generated 446/500
[reader] generated 448/500
[reader] generated 450/500
[reader] generated 452/500
[reader] generated 454/500
[reader] generated 456/500
[reader] generated 458/500
[reader] generated 460/500
[reader] generated 462/500
[reader] generated 464/500
[reader] generated 466/500
[reader] generated 468/500
[reader] generated 470/500
[reader] generated 472/500
[reader] generated 474/500
[reader] generated 476/500
[reader] generated 478/500
[reader] generated 480/500
[reader] generated 482/500
[reader] generated 484/500
[reader] generated 486/500
[reader] generated 488/500
[reader] generated 490/500
[reader] generated 492/500
[reader] generated 494/500
[reader] generated 496/500
[reader] generated 498/500
[reader] generated 500/500
[density] policy=chunk_focused_96, router_type=fixed, representation=chunk, packer=focused, reader_model=Qwen/Qwen2.5-3B-Instruct, packed_token_budget=96, recall@1=0.438, all_gold@1=0.0, recall@2=0.712, all_gold@2=0.49, recall@5=0.876, all_gold@5=0.764, qwen_em=0.31, qwen_f1=0.4063, avg_reader_evidence_tokens=87.62, mean_ans_in_context=0.528, mean_ans_in_context_soft=0.598, mean_gold_token_density=0.6047, mean_gold_doc_reader_cov=0.565, mean_all_gold_reader=0.26, mean_distractor_docs=0.91, mean_context_tokens=87.616, mean_n_snippets=2.134
[density] materializing policy=chunk_mmr_96
[density] generating policy=chunk_mmr_96
[reader] generated 2/500
[reader] generated 4/500
[reader] generated 6/500
[reader] generated 8/500
[reader] generated 10/500
[reader] generated 12/500
[reader] generated 14/500
[reader] generated 16/500
[reader] generated 18/500
[reader] generated 20/500
[reader] generated 22/500
[reader] generated 24/500
[reader] generated 26/500
[reader] generated 28/500
[reader] generated 30/500
[reader] generated 32/500
[reader] generated 34/500
[reader] generated 36/500
[reader] generated 38/500
[reader] generated 40/500
[reader] generated 42/500
[reader] generated 44/500
[reader] generated 46/500
[reader] generated 48/500
[reader] generated 50/500
[reader] generated 52/500
[reader] generated 54/500
[reader] generated 56/500
[reader] generated 58/500
[reader] generated 60/500
[reader] generated 62/500
[reader] generated 64/500
[reader] generated 66/500
[reader] generated 68/500
[reader] generated 70/500
[reader] generated 72/500
[reader] generated 74/500
[reader] generated 76/500
[reader] generated 78/500
[reader] generated 80/500
[reader] generated 82/500
[reader] generated 84/500
[reader] generated 86/500
[reader] generated 88/500
[reader] generated 90/500
[reader] generated 92/500
[reader] generated 94/500
[reader] generated 96/500
[reader] generated 98/500
[reader] generated 100/500
[reader] generated 102/500
[reader] generated 104/500
[reader] generated 106/500
[reader] generated 108/500
[reader] generated 110/500
[reader] generated 112/500
[reader] generated 114/500
[reader] generated 116/500
[reader] generated 118/500
[reader] generated 120/500
[reader] generated 122/500
[reader] generated 124/500
[reader] generated 126/500
[reader] generated 128/500
[reader] generated 130/500
[reader] generated 132/500
[reader] generated 134/500
[reader] generated 136/500
[reader] generated 138/500
[reader] generated 140/500
[reader] generated 142/500
[reader] generated 144/500
[reader] generated 146/500
[reader] generated 148/500
[reader] generated 150/500
[reader] generated 152/500
[reader] generated 154/500
[reader] generated 156/500
[reader] generated 158/500
[reader] generated 160/500
[reader] generated 162/500
[reader] generated 164/500
[reader] generated 166/500
[reader] generated 168/500
[reader] generated 170/500
[reader] generated 172/500
[reader] generated 174/500
[reader] generated 176/500
[reader] generated 178/500
[reader] generated 180/500
[reader] generated 182/500
[reader] generated 184/500
[reader] generated 186/500
[reader] generated 188/500
[reader] generated 190/500
[reader] generated 192/500
[reader] generated 194/500
[reader] generated 196/500
[reader] generated 198/500
[reader] generated 200/500
[reader] generated 202/500
[reader] generated 204/500
[reader] generated 206/500
[reader] generated 208/500
[reader] generated 210/500
[reader] generated 212/500
[reader] generated 214/500
[reader] generated 216/500
[reader] generated 218/500
[reader] generated 220/500
[reader] generated 222/500
[reader] generated 224/500
[reader] generated 226/500
[reader] generated 228/500
[reader] generated 230/500
[reader] generated 232/500
[reader] generated 234/500
[reader] generated 236/500
[reader] generated 238/500
[reader] generated 240/500
[reader] generated 242/500
[reader] generated 244/500
[reader] generated 246/500
[reader] generated 248/500
[reader] generated 250/500
[reader] generated 252/500
[reader] generated 254/500
[reader] generated 256/500
[reader] generated 258/500
[reader] generated 260/500
[reader] generated 262/500
[reader] generated 264/500
[reader] generated 266/500
[reader] generated 268/500
[reader] generated 270/500
[reader] generated 272/500
[reader] generated 274/500
[reader] generated 276/500
[reader] generated 278/500
[reader] generated 280/500
[reader] generated 282/500
[reader] generated 284/500
[reader] generated 286/500
[reader] generated 288/500
[reader] generated 290/500
[reader] generated 292/500
[reader] generated 294/500
[reader] generated 296/500
[reader] generated 298/500
[reader] generated 300/500
[reader] generated 302/500
[reader] generated 304/500
[reader] generated 306/500
[reader] generated 308/500
[reader] generated 310/500
[reader] generated 312/500
[reader] generated 314/500
[reader] generated 316/500
[reader] generated 318/500
[reader] generated 320/500
[reader] generated 322/500
[reader] generated 324/500
[reader] generated 326/500
[reader] generated 328/500
[reader] generated 330/500
[reader] generated 332/500
[reader] generated 334/500
[reader] generated 336/500
[reader] generated 338/500
[reader] generated 340/500
[reader] generated 342/500
[reader] generated 344/500
[reader] generated 346/500
[reader] generated 348/500
[reader] generated 350/500
[reader] generated 352/500
[reader] generated 354/500
[reader] generated 356/500
[reader] generated 358/500
[reader] generated 360/500
[reader] generated 362/500
[reader] generated 364/500
[reader] generated 366/500
[reader] generated 368/500
[reader] generated 370/500
[reader] generated 372/500
[reader] generated 374/500
[reader] generated 376/500
[reader] generated 378/500
[reader] generated 380/500
[reader] generated 382/500
[reader] generated 384/500
[reader] generated 386/500
[reader] generated 388/500
[reader] generated 390/500
[reader] generated 392/500
[reader] generated 394/500
[reader] generated 396/500
[reader] generated 398/500
[reader] generated 400/500
[reader] generated 402/500
[reader] generated 404/500
[reader] generated 406/500
[reader] generated 408/500
[reader] generated 410/500
[reader] generated 412/500
[reader] generated 414/500
[reader] generated 416/500
[reader] generated 418/500
[reader] generated 420/500
[reader] generated 422/500
[reader] generated 424/500
[reader] generated 426/500
[reader] generated 428/500
[reader] generated 430/500
[reader] generated 432/500
[reader] generated 434/500
[reader] generated 436/500
[reader] generated 438/500
[reader] generated 440/500
[reader] generated 442/500
[reader] generated 444/500
[reader] generated 446/500
[reader] generated 448/500
[reader] generated 450/500
[reader] generated 452/500
[reader] generated 454/500
[reader] generated 456/500
[reader] generated 458/500
[reader] generated 460/500
[reader] generated 462/500
[reader] generated 464/500
[reader] generated 466/500
[reader] generated 468/500
[reader] generated 470/500
[reader] generated 472/500
[reader] generated 474/500
[reader] generated 476/500
[reader] generated 478/500
[reader] generated 480/500
[reader] generated 482/500
[reader] generated 484/500
[reader] generated 486/500
[reader] generated 488/500
[reader] generated 490/500
[reader] generated 492/500
[reader] generated 494/500
[reader] generated 496/500
[reader] generated 498/500
[reader] generated 500/500
[density] policy=chunk_mmr_96, router_type=fixed, representation=chunk, packer=mmr, reader_model=Qwen/Qwen2.5-3B-Instruct, packed_token_budget=96, recall@1=0.438, all_gold@1=0.0, recall@2=0.712, all_gold@2=0.49, recall@5=0.876, all_gold@5=0.764, qwen_em=0.284, qwen_f1=0.3756, avg_reader_evidence_tokens=87.85, mean_ans_in_context=0.51, mean_ans_in_context_soft=0.5832, mean_gold_token_density=0.5505, mean_gold_doc_reader_cov=0.523, mean_all_gold_reader=0.212, mean_distractor_docs=1.002, mean_context_tokens=87.848, mean_n_snippets=2.196
[density] materializing policy=chunk_submod_96
[density] generating policy=chunk_submod_96
[reader] generated 2/500
[reader] generated 4/500
[reader] generated 6/500
[reader] generated 8/500
[reader] generated 10/500
[reader] generated 12/500
[reader] generated 14/500
[reader] generated 16/500
[reader] generated 18/500
[reader] generated 20/500
[reader] generated 22/500
[reader] generated 24/500
[reader] generated 26/500
[reader] generated 28/500
[reader] generated 30/500
[reader] generated 32/500
[reader] generated 34/500
[reader] generated 36/500
[reader] generated 38/500
[reader] generated 40/500
[reader] generated 42/500
[reader] generated 44/500
[reader] generated 46/500
[reader] generated 48/500
[reader] generated 50/500
[reader] generated 52/500
[reader] generated 54/500
[reader] generated 56/500
[reader] generated 58/500
[reader] generated 60/500
[reader] generated 62/500
[reader] generated 64/500
[reader] generated 66/500
[reader] generated 68/500
[reader] generated 70/500
[reader] generated 72/500
[reader] generated 74/500
[reader] generated 76/500
[reader] generated 78/500
[reader] generated 80/500
[reader] generated 82/500
[reader] generated 84/500
[reader] generated 86/500
[reader] generated 88/500
[reader] generated 90/500
[reader] generated 92/500
[reader] generated 94/500
[reader] generated 96/500
[reader] generated 98/500
[reader] generated 100/500
[reader] generated 102/500
[reader] generated 104/500
[reader] generated 106/500
[reader] generated 108/500
[reader] generated 110/500
[reader] generated 112/500
[reader] generated 114/500
[reader] generated 116/500
[reader] generated 118/500
[reader] generated 120/500
[reader] generated 122/500
[reader] generated 124/500
[reader] generated 126/500
[reader] generated 128/500
[reader] generated 130/500
[reader] generated 132/500
[reader] generated 134/500
[reader] generated 136/500
[reader] generated 138/500
[reader] generated 140/500
[reader] generated 142/500
[reader] generated 144/500
[reader] generated 146/500
[reader] generated 148/500
[reader] generated 150/500
[reader] generated 152/500
[reader] generated 154/500
[reader] generated 156/500
[reader] generated 158/500
[reader] generated 160/500
[reader] generated 162/500
[reader] generated 164/500
[reader] generated 166/500
[reader] generated 168/500
[reader] generated 170/500
[reader] generated 172/500
[reader] generated 174/500
[reader] generated 176/500
[reader] generated 178/500
[reader] generated 180/500
[reader] generated 182/500
[reader] generated 184/500
[reader] generated 186/500
[reader] generated 188/500
[reader] generated 190/500
[reader] generated 192/500
[reader] generated 194/500
[reader] generated 196/500
[reader] generated 198/500
[reader] generated 200/500
[reader] generated 202/500
[reader] generated 204/500
[reader] generated 206/500
[reader] generated 208/500
[reader] generated 210/500
[reader] generated 212/500
[reader] generated 214/500
[reader] generated 216/500
[reader] generated 218/500
[reader] generated 220/500
[reader] generated 222/500
[reader] generated 224/500
[reader] generated 226/500
[reader] generated 228/500
[reader] generated 230/500
[reader] generated 232/500
[reader] generated 234/500
[reader] generated 236/500
[reader] generated 238/500
[reader] generated 240/500
[reader] generated 242/500
[reader] generated 244/500
[reader] generated 246/500
[reader] generated 248/500
[reader] generated 250/500
[reader] generated 252/500
[reader] generated 254/500
[reader] generated 256/500
[reader] generated 258/500
[reader] generated 260/500
[reader] generated 262/500
[reader] generated 264/500
[reader] generated 266/500
[reader] generated 268/500
[reader] generated 270/500
[reader] generated 272/500
[reader] generated 274/500
[reader] generated 276/500
[reader] generated 278/500
[reader] generated 280/500
[reader] generated 282/500
[reader] generated 284/500
[reader] generated 286/500
[reader] generated 288/500
[reader] generated 290/500
[reader] generated 292/500
[reader] generated 294/500
[reader] generated 296/500
[reader] generated 298/500
[reader] generated 300/500
[reader] generated 302/500
[reader] generated 304/500
[reader] generated 306/500
[reader] generated 308/500
[reader] generated 310/500
[reader] generated 312/500
[reader] generated 314/500
[reader] generated 316/500
[reader] generated 318/500
[reader] generated 320/500
[reader] generated 322/500
[reader] generated 324/500
[reader] generated 326/500
[reader] generated 328/500
[reader] generated 330/500
[reader] generated 332/500
[reader] generated 334/500
[reader] generated 336/500
[reader] generated 338/500
[reader] generated 340/500
[reader] generated 342/500
[reader] generated 344/500
[reader] generated 346/500
[reader] generated 348/500
[reader] generated 350/500
[reader] generated 352/500
[reader] generated 354/500
[reader] generated 356/500
[reader] generated 358/500
[reader] generated 360/500
[reader] generated 362/500
[reader] generated 364/500
[reader] generated 366/500
[reader] generated 368/500
[reader] generated 370/500
[reader] generated 372/500
[reader] generated 374/500
[reader] generated 376/500
[reader] generated 378/500
[reader] generated 380/500
[reader] generated 382/500
[reader] generated 384/500
[reader] generated 386/500
[reader] generated 388/500
[reader] generated 390/500
[reader] generated 392/500
[reader] generated 394/500
[reader] generated 396/500
[reader] generated 398/500
[reader] generated 400/500
[reader] generated 402/500
[reader] generated 404/500
[reader] generated 406/500
[reader] generated 408/500
[reader] generated 410/500
[reader] generated 412/500
[reader] generated 414/500
[reader] generated 416/500
[reader] generated 418/500
[reader] generated 420/500
[reader] generated 422/500
[reader] generated 424/500
[reader] generated 426/500
[reader] generated 428/500
[reader] generated 430/500
[reader] generated 432/500
[reader] generated 434/500
[reader] generated 436/500
[reader] generated 438/500
[reader] generated 440/500
[reader] generated 442/500
[reader] generated 444/500
[reader] generated 446/500
[reader] generated 448/500
[reader] generated 450/500
[reader] generated 452/500
[reader] generated 454/500
[reader] generated 456/500
[reader] generated 458/500
[reader] generated 460/500
[reader] generated 462/500
[reader] generated 464/500
[reader] generated 466/500
[reader] generated 468/500
[reader] generated 470/500
[reader] generated 472/500
[reader] generated 474/500
[reader] generated 476/500
[reader] generated 478/500
[reader] generated 480/500
[reader] generated 482/500
[reader] generated 484/500
[reader] generated 486/500
[reader] generated 488/500
[reader] generated 490/500
[reader] generated 492/500
[reader] generated 494/500
[reader] generated 496/500
[reader] generated 498/500
[reader] generated 500/500
[density] policy=chunk_submod_96, router_type=fixed, representation=chunk, packer=submod, reader_model=Qwen/Qwen2.5-3B-Instruct, packed_token_budget=96, recall@1=0.438, all_gold@1=0.0, recall@2=0.712, all_gold@2=0.49, recall@5=0.876, all_gold@5=0.764, qwen_em=0.3, qwen_f1=0.387, avg_reader_evidence_tokens=83.9, mean_ans_in_context=0.512, mean_ans_in_context_soft=0.5913, mean_gold_token_density=0.523, mean_gold_doc_reader_cov=0.622, mean_all_gold_reader=0.33, mean_distractor_docs=1.392, mean_context_tokens=83.896, mean_n_snippets=2.956
[density] materializing policy=ace_focused_96
[density] generating policy=ace_focused_96
[reader] generated 2/500
[reader] generated 4/500
[reader] generated 6/500
[reader] generated 8/500
[reader] generated 10/500
[reader] generated 12/500
[reader] generated 14/500
[reader] generated 16/500
[reader] generated 18/500
[reader] generated 20/500
[reader] generated 22/500
[reader] generated 24/500
[reader] generated 26/500
[reader] generated 28/500
[reader] generated 30/500
[reader] generated 32/500
[reader] generated 34/500
[reader] generated 36/500
[reader] generated 38/500
[reader] generated 40/500
[reader] generated 42/500
[reader] generated 44/500
[reader] generated 46/500
[reader] generated 48/500
[reader] generated 50/500
[reader] generated 52/500
[reader] generated 54/500
[reader] generated 56/500
[reader] generated 58/500
[reader] generated 60/500
[reader] generated 62/500
[reader] generated 64/500
[reader] generated 66/500
[reader] generated 68/500
[reader] generated 70/500
[reader] generated 72/500
[reader] generated 74/500
[reader] generated 76/500
[reader] generated 78/500
[reader] generated 80/500
[reader] generated 82/500
[reader] generated 84/500
[reader] generated 86/500
[reader] generated 88/500
[reader] generated 90/500
[reader] generated 92/500
[reader] generated 94/500
[reader] generated 96/500
[reader] generated 98/500
[reader] generated 100/500
[reader] generated 102/500
[reader] generated 104/500
[reader] generated 106/500
[reader] generated 108/500
[reader] generated 110/500
[reader] generated 112/500
[reader] generated 114/500
[reader] generated 116/500
[reader] generated 118/500
[reader] generated 120/500
[reader] generated 122/500
[reader] generated 124/500
[reader] generated 126/500
[reader] generated 128/500
[reader] generated 130/500
[reader] generated 132/500
[reader] generated 134/500
[reader] generated 136/500
[reader] generated 138/500
[reader] generated 140/500
[reader] generated 142/500
[reader] generated 144/500
[reader] generated 146/500
[reader] generated 148/500
[reader] generated 150/500
[reader] generated 152/500
[reader] generated 154/500
[reader] generated 156/500
[reader] generated 158/500
[reader] generated 160/500
[reader] generated 162/500
[reader] generated 164/500
[reader] generated 166/500
[reader] generated 168/500
[reader] generated 170/500
[reader] generated 172/500
[reader] generated 174/500
[reader] generated 176/500
[reader] generated 178/500
[reader] generated 180/500
[reader] generated 182/500
[reader] generated 184/500
[reader] generated 186/500
[reader] generated 188/500
[reader] generated 190/500
[reader] generated 192/500
[reader] generated 194/500
[reader] generated 196/500
[reader] generated 198/500
[reader] generated 200/500
[reader] generated 202/500
[reader] generated 204/500
[reader] generated 206/500
[reader] generated 208/500
[reader] generated 210/500
[reader] generated 212/500
[reader] generated 214/500
[reader] generated 216/500
[reader] generated 218/500
[reader] generated 220/500
[reader] generated 222/500
[reader] generated 224/500
[reader] generated 226/500
[reader] generated 228/500
[reader] generated 230/500
[reader] generated 232/500
[reader] generated 234/500
[reader] generated 236/500
[reader] generated 238/500
[reader] generated 240/500
[reader] generated 242/500
[reader] generated 244/500
[reader] generated 246/500
[reader] generated 248/500
[reader] generated 250/500
[reader] generated 252/500
[reader] generated 254/500
[reader] generated 256/500
[reader] generated 258/500
[reader] generated 260/500
[reader] generated 262/500
[reader] generated 264/500
[reader] generated 266/500
[reader] generated 268/500
[reader] generated 270/500
[reader] generated 272/500
[reader] generated 274/500
[reader] generated 276/500
[reader] generated 278/500
[reader] generated 280/500
[reader] generated 282/500
[reader] generated 284/500
[reader] generated 286/500
[reader] generated 288/500
[reader] generated 290/500
[reader] generated 292/500
[reader] generated 294/500
[reader] generated 296/500
[reader] generated 298/500
[reader] generated 300/500
[reader] generated 302/500
[reader] generated 304/500
[reader] generated 306/500
[reader] generated 308/500
[reader] generated 310/500
[reader] generated 312/500
[reader] generated 314/500
[reader] generated 316/500
[reader] generated 318/500
[reader] generated 320/500
[reader] generated 322/500
[reader] generated 324/500
[reader] generated 326/500
[reader] generated 328/500
[reader] generated 330/500
[reader] generated 332/500
[reader] generated 334/500
[reader] generated 336/500
[reader] generated 338/500
[reader] generated 340/500
[reader] generated 342/500
[reader] generated 344/500
[reader] generated 346/500
[reader] generated 348/500
[reader] generated 350/500
[reader] generated 352/500
[reader] generated 354/500
[reader] generated 356/500
[reader] generated 358/500
[reader] generated 360/500
[reader] generated 362/500
[reader] generated 364/500
[reader] generated 366/500
[reader] generated 368/500
[reader] generated 370/500
[reader] generated 372/500
[reader] generated 374/500
[reader] generated 376/500
[reader] generated 378/500
[reader] generated 380/500
[reader] generated 382/500
[reader] generated 384/500
[reader] generated 386/500
[reader] generated 388/500
[reader] generated 390/500
[reader] generated 392/500
[reader] generated 394/500
[reader] generated 396/500
[reader] generated 398/500
[reader] generated 400/500
[reader] generated 402/500
[reader] generated 404/500
[reader] generated 406/500
[reader] generated 408/500
[reader] generated 410/500
[reader] generated 412/500
[reader] generated 414/500
[reader] generated 416/500
[reader] generated 418/500
[reader] generated 420/500
[reader] generated 422/500
[reader] generated 424/500
[reader] generated 426/500
[reader] generated 428/500
[reader] generated 430/500
[reader] generated 432/500
[reader] generated 434/500
[reader] generated 436/500
[reader] generated 438/500
[reader] generated 440/500
[reader] generated 442/500
[reader] generated 444/500
[reader] generated 446/500
[reader] generated 448/500
[reader] generated 450/500
[reader] generated 452/500
[reader] generated 454/500
[reader] generated 456/500
[reader] generated 458/500
[reader] generated 460/500
[reader] generated 462/500
[reader] generated 464/500
[reader] generated 466/500
[reader] generated 468/500
[reader] generated 470/500
[reader] generated 472/500
[reader] generated 474/500
[reader] generated 476/500
[reader] generated 478/500
[reader] generated 480/500
[reader] generated 482/500
[reader] generated 484/500
[reader] generated 486/500
[reader] generated 488/500
[reader] generated 490/500
[reader] generated 492/500
[reader] generated 494/500
[reader] generated 496/500
[reader] generated 498/500
[reader] generated 500/500
[density] policy=ace_focused_96, router_type=fixed, representation=ace, packer=focused, reader_model=Qwen/Qwen2.5-3B-Instruct, packed_token_budget=96, recall@1=0.411, all_gold@1=0.0, recall@2=0.652, all_gold@2=0.392, recall@5=0.822, all_gold@5=0.67, qwen_em=0.3, qwen_f1=0.3768, avg_reader_evidence_tokens=87.08, mean_ans_in_context=0.498, mean_ans_in_context_soft=0.5744, mean_gold_token_density=0.526, mean_gold_doc_reader_cov=0.587, mean_all_gold_reader=0.306, mean_distractor_docs=1.278, mean_context_tokens=87.082, mean_n_snippets=2.62
[density] materializing policy=ace_mmr_96
[density] generating policy=ace_mmr_96
[reader] generated 2/500
[reader] generated 4/500
[reader] generated 6/500
[reader] generated 8/500
[reader] generated 10/500
[reader] generated 12/500
[reader] generated 14/500
[reader] generated 16/500
[reader] generated 18/500
[reader] generated 20/500
[reader] generated 22/500
[reader] generated 24/500
[reader] generated 26/500
[reader] generated 28/500
[reader] generated 30/500
[reader] generated 32/500
[reader] generated 34/500
[reader] generated 36/500
[reader] generated 38/500
[reader] generated 40/500
[reader] generated 42/500
[reader] generated 44/500
[reader] generated 46/500
[reader] generated 48/500
[reader] generated 50/500
[reader] generated 52/500
[reader] generated 54/500
[reader] generated 56/500
[reader] generated 58/500
[reader] generated 60/500
[reader] generated 62/500
[reader] generated 64/500
[reader] generated 66/500
[reader] generated 68/500
[reader] generated 70/500
[reader] generated 72/500
[reader] generated 74/500
[reader] generated 76/500
[reader] generated 78/500
[reader] generated 80/500
[reader] generated 82/500
[reader] generated 84/500
[reader] generated 86/500
[reader] generated 88/500
[reader] generated 90/500
[reader] generated 92/500
[reader] generated 94/500
[reader] generated 96/500
[reader] generated 98/500
[reader] generated 100/500
[reader] generated 102/500
[reader] generated 104/500
[reader] generated 106/500
[reader] generated 108/500
[reader] generated 110/500
[reader] generated 112/500
[reader] generated 114/500
[reader] generated 116/500
[reader] generated 118/500
[reader] generated 120/500
[reader] generated 122/500
[reader] generated 124/500
[reader] generated 126/500
[reader] generated 128/500
[reader] generated 130/500
[reader] generated 132/500
[reader] generated 134/500
[reader] generated 136/500
[reader] generated 138/500
[reader] generated 140/500
[reader] generated 142/500
[reader] generated 144/500
[reader] generated 146/500
[reader] generated 148/500
[reader] generated 150/500
[reader] generated 152/500
[reader] generated 154/500
[reader] generated 156/500
[reader] generated 158/500
[reader] generated 160/500
[reader] generated 162/500
[reader] generated 164/500
[reader] generated 166/500
[reader] generated 168/500
[reader] generated 170/500
[reader] generated 172/500
[reader] generated 174/500
[reader] generated 176/500
[reader] generated 178/500
[reader] generated 180/500
[reader] generated 182/500
[reader] generated 184/500
[reader] generated 186/500
[reader] generated 188/500
[reader] generated 190/500
[reader] generated 192/500
[reader] generated 194/500
[reader] generated 196/500
[reader] generated 198/500
[reader] generated 200/500
[reader] generated 202/500
[reader] generated 204/500
[reader] generated 206/500
[reader] generated 208/500
[reader] generated 210/500
[reader] generated 212/500
[reader] generated 214/500
[reader] generated 216/500
[reader] generated 218/500
[reader] generated 220/500
[reader] generated 222/500
[reader] generated 224/500
[reader] generated 226/500
[reader] generated 228/500
[reader] generated 230/500
[reader] generated 232/500
[reader] generated 234/500
[reader] generated 236/500
[reader] generated 238/500
[reader] generated 240/500
[reader] generated 242/500
[reader] generated 244/500
[reader] generated 246/500
[reader] generated 248/500
[reader] generated 250/500
[reader] generated 252/500
[reader] generated 254/500
[reader] generated 256/500
[reader] generated 258/500
[reader] generated 260/500
[reader] generated 262/500
[reader] generated 264/500
[reader] generated 266/500
[reader] generated 268/500
[reader] generated 270/500
[reader] generated 272/500
[reader] generated 274/500
[reader] generated 276/500
[reader] generated 278/500
[reader] generated 280/500
[reader] generated 282/500
[reader] generated 284/500
[reader] generated 286/500
[reader] generated 288/500
[reader] generated 290/500
[reader] generated 292/500
[reader] generated 294/500
[reader] generated 296/500
[reader] generated 298/500
[reader] generated 300/500
[reader] generated 302/500
[reader] generated 304/500
[reader] generated 306/500
[reader] generated 308/500
[reader] generated 310/500
[reader] generated 312/500
[reader] generated 314/500
[reader] generated 316/500
[reader] generated 318/500
[reader] generated 320/500
[reader] generated 322/500
[reader] generated 324/500
[reader] generated 326/500
[reader] generated 328/500
[reader] generated 330/500
[reader] generated 332/500
[reader] generated 334/500
[reader] generated 336/500
[reader] generated 338/500
[reader] generated 340/500
[reader] generated 342/500
[reader] generated 344/500
[reader] generated 346/500
[reader] generated 348/500
[reader] generated 350/500
[reader] generated 352/500
[reader] generated 354/500
[reader] generated 356/500
[reader] generated 358/500
[reader] generated 360/500
[reader] generated 362/500
[reader] generated 364/500
[reader] generated 366/500
[reader] generated 368/500
[reader] generated 370/500
[reader] generated 372/500
[reader] generated 374/500
[reader] generated 376/500
[reader] generated 378/500
[reader] generated 380/500
[reader] generated 382/500
[reader] generated 384/500
[reader] generated 386/500
[reader] generated 388/500
[reader] generated 390/500
[reader] generated 392/500
[reader] generated 394/500
[reader] generated 396/500
[reader] generated 398/500
[reader] generated 400/500
[reader] generated 402/500
[reader] generated 404/500
[reader] generated 406/500
[reader] generated 408/500
[reader] generated 410/500
[reader] generated 412/500
[reader] generated 414/500
[reader] generated 416/500
[reader] generated 418/500
[reader] generated 420/500
[reader] generated 422/500
[reader] generated 424/500
[reader] generated 426/500
[reader] generated 428/500
[reader] generated 430/500
[reader] generated 432/500
[reader] generated 434/500
[reader] generated 436/500
[reader] generated 438/500
[reader] generated 440/500
[reader] generated 442/500
[reader] generated 444/500
[reader] generated 446/500
[reader] generated 448/500
[reader] generated 450/500
[reader] generated 452/500
[reader] generated 454/500
[reader] generated 456/500
[reader] generated 458/500
[reader] generated 460/500
[reader] generated 462/500
[reader] generated 464/500
[reader] generated 466/500
[reader] generated 468/500
[reader] generated 470/500
[reader] generated 472/500
[reader] generated 474/500
[reader] generated 476/500
[reader] generated 478/500
[reader] generated 480/500
[reader] generated 482/500
[reader] generated 484/500
[reader] generated 486/500
[reader] generated 488/500
[reader] generated 490/500
[reader] generated 492/500
[reader] generated 494/500
[reader] generated 496/500
[reader] generated 498/500
[reader] generated 500/500
[density] policy=ace_mmr_96, router_type=fixed, representation=ace, packer=mmr, reader_model=Qwen/Qwen2.5-3B-Instruct, packed_token_budget=96, recall@1=0.411, all_gold@1=0.0, recall@2=0.652, all_gold@2=0.392, recall@5=0.822, all_gold@5=0.67, qwen_em=0.28, qwen_f1=0.34, avg_reader_evidence_tokens=87.01, mean_ans_in_context=0.46, mean_ans_in_context_soft=0.5401, mean_gold_token_density=0.4722, mean_gold_doc_reader_cov=0.537, mean_all_gold_reader=0.244, mean_distractor_docs=1.384, mean_context_tokens=87.006, mean_n_snippets=2.694
[density] materializing policy=ace_submod_96
[density] generating policy=ace_submod_96
[reader] generated 2/500
[reader] generated 4/500
[reader] generated 6/500
[reader] generated 8/500
[reader] generated 10/500
[reader] generated 12/500
[reader] generated 14/500
[reader] generated 16/500
[reader] generated 18/500
[reader] generated 20/500
[reader] generated 22/500
[reader] generated 24/500
[reader] generated 26/500
[reader] generated 28/500
[reader] generated 30/500
[reader] generated 32/500
[reader] generated 34/500
[reader] generated 36/500
[reader] generated 38/500
[reader] generated 40/500
[reader] generated 42/500
[reader] generated 44/500
[reader] generated 46/500
[reader] generated 48/500
[reader] generated 50/500
[reader] generated 52/500
[reader] generated 54/500
[reader] generated 56/500
[reader] generated 58/500
[reader] generated 60/500
[reader] generated 62/500
[reader] generated 64/500
[reader] generated 66/500
[reader] generated 68/500
[reader] generated 70/500
[reader] generated 72/500
[reader] generated 74/500
[reader] generated 76/500
[reader] generated 78/500
[reader] generated 80/500
[reader] generated 82/500
[reader] generated 84/500
[reader] generated 86/500
[reader] generated 88/500
[reader] generated 90/500
[reader] generated 92/500
[reader] generated 94/500
[reader] generated 96/500
[reader] generated 98/500
[reader] generated 100/500
[reader] generated 102/500
[reader] generated 104/500
[reader] generated 106/500
[reader] generated 108/500
[reader] generated 110/500
[reader] generated 112/500
[reader] generated 114/500
[reader] generated 116/500
[reader] generated 118/500
[reader] generated 120/500
[reader] generated 122/500
[reader] generated 124/500
[reader] generated 126/500
[reader] generated 128/500
[reader] generated 130/500
[reader] generated 132/500
[reader] generated 134/500
[reader] generated 136/500
[reader] generated 138/500
[reader] generated 140/500
[reader] generated 142/500
[reader] generated 144/500
[reader] generated 146/500
[reader] generated 148/500
[reader] generated 150/500
[reader] generated 152/500
[reader] generated 154/500
[reader] generated 156/500
[reader] generated 158/500
[reader] generated 160/500
[reader] generated 162/500
[reader] generated 164/500
[reader] generated 166/500
[reader] generated 168/500
[reader] generated 170/500
[reader] generated 172/500
[reader] generated 174/500
[reader] generated 176/500
[reader] generated 178/500
[reader] generated 180/500
[reader] generated 182/500
[reader] generated 184/500
[reader] generated 186/500
[reader] generated 188/500
[reader] generated 190/500
[reader] generated 192/500
[reader] generated 194/500
[reader] generated 196/500
[reader] generated 198/500
[reader] generated 200/500
[reader] generated 202/500
[reader] generated 204/500
[reader] generated 206/500
[reader] generated 208/500
[reader] generated 210/500
[reader] generated 212/500
[reader] generated 214/500
[reader] generated 216/500
[reader] generated 218/500
[reader] generated 220/500
[reader] generated 222/500
[reader] generated 224/500
[reader] generated 226/500
[reader] generated 228/500
[reader] generated 230/500
[reader] generated 232/500
[reader] generated 234/500
[reader] generated 236/500
[reader] generated 238/500
[reader] generated 240/500
[reader] generated 242/500
[reader] generated 244/500
[reader] generated 246/500
[reader] generated 248/500
[reader] generated 250/500
[reader] generated 252/500
[reader] generated 254/500
[reader] generated 256/500
[reader] generated 258/500
[reader] generated 260/500
[reader] generated 262/500
[reader] generated 264/500
[reader] generated 266/500
[reader] generated 268/500
[reader] generated 270/500
[reader] generated 272/500
[reader] generated 274/500
[reader] generated 276/500
[reader] generated 278/500
[reader] generated 280/500
[reader] generated 282/500
[reader] generated 284/500
[reader] generated 286/500
[reader] generated 288/500
[reader] generated 290/500
[reader] generated 292/500
[reader] generated 294/500
[reader] generated 296/500
[reader] generated 298/500
[reader] generated 300/500
[reader] generated 302/500
[reader] generated 304/500
[reader] generated 306/500
[reader] generated 308/500
[reader] generated 310/500
[reader] generated 312/500
[reader] generated 314/500
[reader] generated 316/500
[reader] generated 318/500
[reader] generated 320/500
[reader] generated 322/500
[reader] generated 324/500
[reader] generated 326/500
[reader] generated 328/500
[reader] generated 330/500
[reader] generated 332/500
[reader] generated 334/500
[reader] generated 336/500
[reader] generated 338/500
[reader] generated 340/500
[reader] generated 342/500
[reader] generated 344/500
[reader] generated 346/500
[reader] generated 348/500
[reader] generated 350/500
[reader] generated 352/500
[reader] generated 354/500
[reader] generated 356/500
[reader] generated 358/500
[reader] generated 360/500
[reader] generated 362/500
[reader] generated 364/500
[reader] generated 366/500
[reader] generated 368/500
[reader] generated 370/500
[reader] generated 372/500
[reader] generated 374/500
[reader] generated 376/500
[reader] generated 378/500
[reader] generated 380/500
[reader] generated 382/500
[reader] generated 384/500
[reader] generated 386/500
[reader] generated 388/500
[reader] generated 390/500
[reader] generated 392/500
[reader] generated 394/500
[reader] generated 396/500
[reader] generated 398/500
[reader] generated 400/500
[reader] generated 402/500
[reader] generated 404/500
[reader] generated 406/500
[reader] generated 408/500
[reader] generated 410/500
[reader] generated 412/500
[reader] generated 414/500
[reader] generated 416/500
[reader] generated 418/500
[reader] generated 420/500
[reader] generated 422/500
[reader] generated 424/500
[reader] generated 426/500
[reader] generated 428/500
[reader] generated 430/500
[reader] generated 432/500
[reader] generated 434/500
[reader] generated 436/500
[reader] generated 438/500
[reader] generated 440/500
[reader] generated 442/500
[reader] generated 444/500
[reader] generated 446/500
[reader] generated 448/500
[reader] generated 450/500
[reader] generated 452/500
[reader] generated 454/500
[reader] generated 456/500
[reader] generated 458/500
[reader] generated 460/500
[reader] generated 462/500
[reader] generated 464/500
[reader] generated 466/500
[reader] generated 468/500
[reader] generated 470/500
[reader] generated 472/500
[reader] generated 474/500
[reader] generated 476/500
[reader] generated 478/500
[reader] generated 480/500
[reader] generated 482/500
[reader] generated 484/500
[reader] generated 486/500
[reader] generated 488/500
[reader] generated 490/500
[reader] generated 492/500
[reader] generated 494/500
[reader] generated 496/500
[reader] generated 498/500
[reader] generated 500/500
[density] policy=ace_submod_96, router_type=fixed, representation=ace, packer=submod, reader_model=Qwen/Qwen2.5-3B-Instruct, packed_token_budget=96, recall@1=0.411, all_gold@1=0.0, recall@2=0.652, all_gold@2=0.392, recall@5=0.822, all_gold@5=0.67, qwen_em=0.28, qwen_f1=0.3563, avg_reader_evidence_tokens=84.98, mean_ans_in_context=0.478, mean_ans_in_context_soft=0.5565, mean_gold_token_density=0.4614, mean_gold_doc_reader_cov=0.561, mean_all_gold_reader=0.26, mean_distractor_docs=1.59, mean_context_tokens=84.978, mean_n_snippets=3.08
[density] policy=router_oracle_packer, router_type=oracle, representation=mixed, packer=oracle, reader_model=Qwen/Qwen2.5-3B-Instruct, packed_token_budget=96, selection_counts={"ace_focused_96": 84, "ace_mmr_96": 25, "ace_submod_96": 63, "chunk_focused_96": 128, "chunk_mmr_96": 21, "chunk_submod_96": 179}, qwen_em=0.454, qwen_f1=0.5566, avg_reader_evidence_tokens=80.41, mean_ans_in_context=0.586, mean_ans_in_context_soft=0.6563, mean_gold_token_density=0.5957, mean_gold_doc_reader_cov=0.604, mean_all_gold_reader=0.316, mean_distractor_docs=1.094, mean_context_tokens=80.414, mean_n_snippets=2.522
wrote /kaggle/working/colab_results/stage13_budgetsweep_hotpotqa_qwen3b_budget96_limit500_seed7/hotpotqa_density_standard_budget96_limit500_metrics.csv
wrote /kaggle/working/colab_results/stage13_budgetsweep_hotpotqa_qwen3b_budget96_limit500_seed7/hotpotqa_density_standard_budget96_limit500_per_question.csv
--- budget sweep B=128 seed 13 ---
$ /usr/bin/python3 -m experiments.run_density_router --dataset hotpotqa --limit 500 --seed 13 --ace-retriever standard --top-k 5 --top-k-nodes 48 --max-expanded-docs 5 --embedder sentence-transformers --embedding-model BAAI/bge-small-en-v1.5 --embed-device cuda --compressor truncate --compress-dims 320 --reader-backend hf --reader-model Qwen/Qwen2.5-3B-Instruct --reader-device cuda --reader-batch-size 2 --mmr-lambda 0.7 --budget 128 --out-dir /kaggle/working/colab_results/stage13_budgetsweep_hotpotqa_qwen3b_budget128_limit500_seed13 --split validation
hotpotqa[hf:validation:500]: 4933 docs, 500 questions, 2.00 gold docs/question
[density] retrieving chunk baseline
[chunk] fitting/indexing
[embed] encoding 4933 texts on device=cuda:0

Batches:   0%|          | 0/78 [00:00<?, ?it/s]
Batches:   1%|▏         | 1/78 [00:00<01:11,  1.07it/s]
Batches:   3%|▎         | 2/78 [00:01<00:52,  1.45it/s]
Batches:   4%|▍         | 3/78 [00:01<00:41,  1.80it/s]
Batches:   5%|▌         | 4/78 [00:02<00:36,  2.01it/s]
Batches:   6%|▋         | 5/78 [00:02<00:32,  2.26it/s]
Batches:   8%|▊         | 6/78 [00:02<00:28,  2.52it/s]
Batches:   9%|▉         | 7/78 [00:03<00:26,  2.64it/s]
Batches:  10%|█         | 8/78 [00:03<00:24,  2.82it/s]
Batches:  12%|█▏        | 9/78 [00:03<00:23,  2.91it/s]
Batches:  13%|█▎        | 10/78 [00:04<00:22,  3.04it/s]
Batches:  14%|█▍        | 11/78 [00:04<00:20,  3.21it/s]
Batches:  15%|█▌        | 12/78 [00:04<00:19,  3.39it/s]
Batches:  17%|█▋        | 13/78 [00:04<00:18,  3.59it/s]
Batches:  18%|█▊        | 14/78 [00:05<00:17,  3.72it/s]
Batches:  19%|█▉        | 15/78 [00:05<00:16,  3.87it/s]
Batches:  21%|██        | 16/78 [00:05<00:15,  3.94it/s]
Batches:  22%|██▏       | 17/78 [00:05<00:15,  4.06it/s]
Batches:  23%|██▎       | 18/78 [00:06<00:14,  4.06it/s]
Batches:  24%|██▍       | 19/78 [00:06<00:14,  4.19it/s]
Batches:  26%|██▌       | 20/78 [00:06<00:12,  4.52it/s]
Batches:  27%|██▋       | 21/78 [00:06<00:12,  4.66it/s]
Batches:  28%|██▊       | 22/78 [00:06<00:11,  4.77it/s]
Batches:  29%|██▉       | 23/78 [00:07<00:11,  4.88it/s]
Batches:  31%|███       | 24/78 [00:07<00:10,  4.93it/s]
Batches:  32%|███▏      | 25/78 [00:07<00:10,  5.03it/s]
Batches:  33%|███▎      | 26/78 [00:07<00:10,  5.13it/s]
Batches:  35%|███▍      | 27/78 [00:07<00:09,  5.25it/s]
Batches:  36%|███▌      | 28/78 [00:08<00:09,  5.40it/s]
Batches:  37%|███▋      | 29/78 [00:08<00:09,  5.43it/s]
Batches:  38%|███▊      | 30/78 [00:08<00:09,  5.30it/s]
Batches:  40%|███▉      | 31/78 [00:08<00:08,  5.41it/s]
Batches:  41%|████      | 32/78 [00:08<00:08,  5.39it/s]
Batches:  42%|████▏     | 33/78 [00:08<00:08,  5.57it/s]
Batches:  44%|████▎     | 34/78 [00:09<00:07,  5.75it/s]
Batches:  45%|████▍     | 35/78 [00:09<00:07,  5.84it/s]
Batches:  46%|████▌     | 36/78 [00:09<00:07,  5.99it/s]
Batches:  47%|████▋     | 37/78 [00:09<00:06,  6.17it/s]
Batches:  49%|████▊     | 38/78 [00:09<00:06,  6.21it/s]
Batches:  50%|█████     | 39/78 [00:09<00:06,  6.45it/s]
Batches:  51%|█████▏    | 40/78 [00:10<00:05,  6.39it/s]
Batches:  53%|█████▎    | 41/78 [00:10<00:05,  6.51it/s]
Batches:  54%|█████▍    | 42/78 [00:10<00:05,  6.53it/s]
Batches:  55%|█████▌    | 43/78 [00:10<00:05,  6.47it/s]
Batches:  56%|█████▋    | 44/78 [00:10<00:04,  6.86it/s]
Batches:  58%|█████▊    | 45/78 [00:10<00:05,  6.43it/s]
Batches:  59%|█████▉    | 46/78 [00:10<00:04,  6.53it/s]
Batches:  60%|██████    | 47/78 [00:11<00:04,  6.70it/s]
Batches:  62%|██████▏   | 48/78 [00:11<00:04,  7.04it/s]
Batches:  63%|██████▎   | 49/78 [00:11<00:03,  7.39it/s]
Batches:  64%|██████▍   | 50/78 [00:11<00:03,  7.51it/s]
Batches:  65%|██████▌   | 51/78 [00:11<00:03,  7.77it/s]
Batches:  67%|██████▋   | 52/78 [00:11<00:03,  8.05it/s]
Batches:  68%|██████▊   | 53/78 [00:11<00:03,  8.28it/s]
Batches:  69%|██████▉   | 54/78 [00:11<00:02,  8.61it/s]
Batches:  71%|███████   | 55/78 [00:12<00:02,  8.82it/s]
Batches:  72%|███████▏  | 56/78 [00:12<00:02,  8.94it/s]
Batches:  73%|███████▎  | 57/78 [00:12<00:02,  9.08it/s]
Batches:  74%|███████▍  | 58/78 [00:12<00:02,  9.21it/s]
Batches:  76%|███████▌  | 59/78 [00:12<00:02,  9.09it/s]
Batches:  77%|███████▋  | 60/78 [00:12<00:01,  9.19it/s]
Batches:  79%|███████▉  | 62/78 [00:12<00:01,  9.89it/s]
Batches:  82%|████████▏ | 64/78 [00:12<00:01, 10.25it/s]
Batches:  85%|████████▍ | 66/78 [00:13<00:01, 10.42it/s]
Batches:  87%|████████▋ | 68/78 [00:13<00:00, 10.77it/s]
Batches:  90%|████████▉ | 70/78 [00:13<00:00, 11.42it/s]
Batches:  92%|█████████▏| 72/78 [00:13<00:00, 11.88it/s]
Batches:  95%|█████████▍| 74/78 [00:13<00:00, 13.18it/s]
Batches:  99%|█████████▊| 77/78 [00:13<00:00, 15.80it/s]
Batches: 100%|██████████| 78/78 [00:13<00:00,  5.62it/s]
[chunk] retrieving
[embed] encoding 500 texts on device=cuda:0

Batches:   0%|          | 0/8 [00:00<?, ?it/s]
Batches:  38%|███▊      | 3/8 [00:00<00:00, 27.75it/s]
Batches:  88%|████████▊ | 7/8 [00:00<00:00, 32.52it/s]
Batches: 100%|██████████| 8/8 [00:00<00:00, 33.47it/s]
[density] retrieving ACE graph
[ace] building evidence graph
[ace] graph built: nodes=50334 edges=77031
[ace] fitting/indexing embeddings
[embed] encoding 45401 texts on device=cuda:0

Batches:   0%|          | 0/710 [00:00<?, ?it/s]
Batches:   0%|          | 1/710 [00:00<05:25,  2.18it/s]
Batches:   0%|          | 2/710 [00:00<03:21,  3.51it/s]
Batches:   0%|          | 3/710 [00:00<02:26,  4.83it/s]
Batches:   1%|          | 4/710 [00:00<02:01,  5.79it/s]
Batches:   1%|          | 5/710 [00:00<01:44,  6.74it/s]
Batches:   1%|          | 6/710 [00:01<01:33,  7.52it/s]
Batches:   1%|          | 8/710 [00:01<01:23,  8.44it/s]
Batches:   1%|▏         | 9/710 [00:01<01:19,  8.79it/s]
Batches:   2%|▏         | 11/710 [00:01<01:14,  9.35it/s]
Batches:   2%|▏         | 13/710 [00:01<01:10,  9.90it/s]
Batches:   2%|▏         | 14/710 [00:01<01:10,  9.83it/s]
Batches:   2%|▏         | 15/710 [00:01<01:10,  9.85it/s]
Batches:   2%|▏         | 17/710 [00:02<01:06, 10.40it/s]
Batches:   3%|▎         | 19/710 [00:02<01:03, 10.82it/s]
Batches:   3%|▎         | 21/710 [00:02<01:00, 11.34it/s]
Batches:   3%|▎         | 23/710 [00:02<00:59, 11.64it/s]
Batches:   4%|▎         | 25/710 [00:02<00:58, 11.71it/s]
Batches:   4%|▍         | 27/710 [00:02<00:55, 12.42it/s]
Batches:   4%|▍         | 29/710 [00:03<00:54, 12.58it/s]
Batches:   4%|▍         | 31/710 [00:03<00:56, 11.99it/s]
Batches:   5%|▍         | 33/710 [00:03<00:54, 12.35it/s]
Batches:   5%|▍         | 35/710 [00:03<00:52, 12.92it/s]
Batches:   5%|▌         | 37/710 [00:03<00:50, 13.25it/s]
Batches:   5%|▌         | 39/710 [00:03<00:48, 13.69it/s]
Batches:   6%|▌         | 41/710 [00:03<00:46, 14.43it/s]
Batches:   6%|▌         | 43/710 [00:04<00:48, 13.78it/s]
Batches:   6%|▋         | 45/710 [00:04<00:47, 14.09it/s]
Batches:   7%|▋         | 47/710 [00:04<00:48, 13.71it/s]
Batches:   7%|▋         | 49/710 [00:04<00:47, 14.02it/s]
Batches:   7%|▋         | 51/710 [00:04<00:45, 14.58it/s]
Batches:   7%|▋         | 53/710 [00:04<00:45, 14.47it/s]
Batches:   8%|▊         | 55/710 [00:04<00:45, 14.43it/s]
Batches:   8%|▊         | 57/710 [00:05<00:42, 15.21it/s]
Batches:   8%|▊         | 59/710 [00:05<00:40, 16.11it/s]
Batches:   9%|▊         | 61/710 [00:05<00:42, 15.40it/s]
Batches:   9%|▉         | 63/710 [00:05<00:40, 15.80it/s]
Batches:   9%|▉         | 65/710 [00:05<00:39, 16.52it/s]
Batches:   9%|▉         | 67/710 [00:05<00:40, 15.90it/s]
Batches:  10%|▉         | 69/710 [00:05<00:38, 16.50it/s]
Batches:  10%|█         | 71/710 [00:05<00:38, 16.65it/s]
Batches:  10%|█         | 73/710 [00:06<00:37, 16.97it/s]
Batches:  11%|█         | 75/710 [00:06<00:38, 16.56it/s]
Batches:  11%|█         | 77/710 [00:06<00:37, 16.69it/s]
Batches:  11%|█         | 79/710 [00:06<00:37, 16.88it/s]
Batches:  11%|█▏        | 81/710 [00:06<00:36, 17.14it/s]
Batches:  12%|█▏        | 83/710 [00:06<00:36, 17.35it/s]
Batches:  12%|█▏        | 85/710 [00:06<00:35, 17.46it/s]
Batches:  12%|█▏        | 87/710 [00:06<00:36, 17.02it/s]
Batches:  13%|█▎        | 89/710 [00:06<00:35, 17.35it/s]
Batches:  13%|█▎        | 91/710 [00:07<00:34, 17.83it/s]
Batches:  13%|█▎        | 93/710 [00:07<00:34, 18.03it/s]
Batches:  14%|█▎        | 96/710 [00:07<00:32, 18.90it/s]
Batches:  14%|█▍        | 99/710 [00:07<00:31, 19.66it/s]
Batches:  14%|█▍        | 102/710 [00:07<00:31, 19.60it/s]
Batches:  15%|█▍        | 104/710 [00:07<00:31, 19.24it/s]
Batches:  15%|█▍        | 106/710 [00:07<00:31, 18.95it/s]
Batches:  15%|█▌        | 109/710 [00:07<00:30, 19.48it/s]
Batches:  16%|█▌        | 112/710 [00:08<00:29, 20.18it/s]
Batches:  16%|█▌        | 115/710 [00:08<00:29, 20.36it/s]
Batches:  17%|█▋        | 118/710 [00:08<00:29, 20.02it/s]
Batches:  17%|█▋        | 121/710 [00:08<00:28, 20.90it/s]
Batches:  17%|█▋        | 124/710 [00:08<00:28, 20.54it/s]
Batches:  18%|█▊        | 127/710 [00:08<00:27, 21.09it/s]
Batches:  18%|█▊        | 130/710 [00:08<00:27, 20.98it/s]
Batches:  19%|█▊        | 133/710 [00:09<00:27, 21.29it/s]
Batches:  19%|█▉        | 136/710 [00:09<00:27, 21.02it/s]
Batches:  20%|█▉        | 139/710 [00:09<00:27, 20.92it/s]
Batches:  20%|██        | 142/710 [00:09<00:27, 20.85it/s]
Batches:  20%|██        | 145/710 [00:09<00:26, 21.45it/s]
Batches:  21%|██        | 148/710 [00:09<00:26, 20.84it/s]
Batches:  21%|██▏       | 151/710 [00:09<00:26, 21.46it/s]
Batches:  22%|██▏       | 154/710 [00:10<00:25, 21.85it/s]
Batches:  22%|██▏       | 157/710 [00:10<00:24, 22.36it/s]
Batches:  23%|██▎       | 160/710 [00:10<00:23, 23.26it/s]
Batches:  23%|██▎       | 163/710 [00:10<00:24, 22.71it/s]
Batches:  23%|██▎       | 166/710 [00:10<00:23, 23.14it/s]
Batches:  24%|██▍       | 169/710 [00:10<00:23, 23.51it/s]
Batches:  24%|██▍       | 172/710 [00:10<00:22, 23.49it/s]
Batches:  25%|██▍       | 175/710 [00:10<00:22, 23.41it/s]
Batches:  25%|██▌       | 178/710 [00:11<00:22, 23.96it/s]
Batches:  25%|██▌       | 181/710 [00:11<00:22, 23.92it/s]
Batches:  26%|██▌       | 184/710 [00:11<00:21, 24.11it/s]
Batches:  26%|██▋       | 187/710 [00:11<00:21, 24.13it/s]
Batches:  27%|██▋       | 190/710 [00:11<00:21, 24.73it/s]
Batches:  27%|██▋       | 193/710 [00:11<00:20, 25.41it/s]
Batches:  28%|██▊       | 196/710 [00:11<00:19, 25.80it/s]
Batches:  28%|██▊       | 199/710 [00:11<00:19, 26.43it/s]
Batches:  28%|██▊       | 202/710 [00:12<00:19, 26.63it/s]
Batches:  29%|██▉       | 205/710 [00:12<00:18, 27.13it/s]
Batches:  29%|██▉       | 208/710 [00:12<00:18, 27.14it/s]
Batches:  30%|██▉       | 211/710 [00:12<00:18, 27.13it/s]
Batches:  30%|███       | 214/710 [00:12<00:18, 27.32it/s]
Batches:  31%|███       | 217/710 [00:12<00:17, 27.72it/s]
Batches:  31%|███       | 220/710 [00:12<00:18, 26.84it/s]
Batches:  31%|███▏      | 223/710 [00:12<00:17, 27.08it/s]
Batches:  32%|███▏      | 227/710 [00:12<00:17, 27.94it/s]
Batches:  32%|███▏      | 230/710 [00:13<00:16, 28.24it/s]
Batches:  33%|███▎      | 233/710 [00:13<00:18, 25.30it/s]
Batches:  33%|███▎      | 236/710 [00:13<00:18, 26.13it/s]
Batches:  34%|███▍      | 240/710 [00:13<00:17, 27.38it/s]
Batches:  34%|███▍      | 243/710 [00:13<00:16, 27.71it/s]
Batches:  35%|███▍      | 247/710 [00:13<00:15, 29.17it/s]
Batches:  35%|███▌      | 251/710 [00:13<00:15, 29.94it/s]
Batches:  36%|███▌      | 255/710 [00:13<00:15, 30.05it/s]
Batches:  36%|███▋      | 259/710 [00:14<00:14, 30.69it/s]
Batches:  37%|███▋      | 263/710 [00:14<00:14, 30.97it/s]
Batches:  38%|███▊      | 267/710 [00:14<00:13, 31.67it/s]
Batches:  38%|███▊      | 271/710 [00:14<00:13, 31.54it/s]
Batches:  39%|███▊      | 275/710 [00:14<00:13, 32.15it/s]
Batches:  39%|███▉      | 279/710 [00:14<00:12, 33.27it/s]
Batches:  40%|███▉      | 283/710 [00:14<00:12, 34.11it/s]
Batches:  40%|████      | 287/710 [00:14<00:12, 33.72it/s]
Batches:  41%|████      | 291/710 [00:14<00:12, 34.31it/s]
Batches:  42%|████▏     | 295/710 [00:15<00:11, 35.74it/s]
Batches:  42%|████▏     | 299/710 [00:15<00:11, 36.74it/s]
Batches:  43%|████▎     | 303/710 [00:15<00:10, 37.24it/s]
Batches:  43%|████▎     | 307/710 [00:15<00:10, 37.08it/s]
Batches:  44%|████▍     | 311/710 [00:15<00:10, 37.61it/s]
Batches:  44%|████▍     | 315/710 [00:15<00:10, 38.08it/s]
Batches:  45%|████▌     | 320/710 [00:15<00:09, 39.89it/s]
Batches:  46%|████▌     | 325/710 [00:15<00:09, 42.19it/s]
Batches:  47%|████▋     | 331/710 [00:15<00:08, 45.41it/s]
Batches:  47%|████▋     | 337/710 [00:16<00:07, 48.14it/s]
Batches:  48%|████▊     | 343/710 [00:16<00:07, 50.98it/s]
Batches:  49%|████▉     | 350/710 [00:16<00:06, 53.89it/s]
Batches:  50%|█████     | 357/710 [00:16<00:06, 57.44it/s]
Batches:  51%|█████▏    | 364/710 [00:16<00:05, 59.91it/s]
Batches:  52%|█████▏    | 372/710 [00:16<00:05, 63.22it/s]
Batches:  54%|█████▎    | 380/710 [00:16<00:05, 65.57it/s]
Batches:  55%|█████▍    | 387/710 [00:16<00:04, 66.74it/s]
Batches:  56%|█████▌    | 395/710 [00:16<00:04, 69.08it/s]
Batches:  57%|█████▋    | 402/710 [00:17<00:04, 69.33it/s]
Batches:  58%|█████▊    | 411/710 [00:17<00:04, 72.75it/s]
Batches:  59%|█████▉    | 420/710 [00:17<00:03, 75.09it/s]
Batches:  60%|██████    | 428/710 [00:17<00:03, 75.62it/s]
Batches:  62%|██████▏   | 437/710 [00:17<00:03, 77.61it/s]
Batches:  63%|██████▎   | 445/710 [00:17<00:03, 77.04it/s]
Batches:  64%|██████▍   | 454/710 [00:17<00:03, 79.50it/s]
Batches:  65%|██████▌   | 463/710 [00:17<00:03, 80.75it/s]
Batches:  66%|██████▋   | 472/710 [00:17<00:02, 79.95it/s]
Batches:  68%|██████▊   | 481/710 [00:17<00:02, 81.44it/s]
Batches:  69%|██████▉   | 490/710 [00:18<00:02, 81.92it/s]
Batches:  70%|███████   | 499/710 [00:18<00:02, 83.74it/s]
Batches:  72%|███████▏  | 508/710 [00:18<00:02, 84.75it/s]
Batches:  73%|███████▎  | 517/710 [00:18<00:02, 85.86it/s]
Batches:  74%|███████▍  | 527/710 [00:18<00:02, 88.10it/s]
Batches:  75%|███████▌  | 536/710 [00:18<00:01, 88.40it/s]
Batches:  77%|███████▋  | 545/710 [00:18<00:01, 88.47it/s]
Batches:  78%|███████▊  | 555/710 [00:18<00:01, 89.34it/s]
Batches:  80%|███████▉  | 565/710 [00:18<00:01, 91.53it/s]
Batches:  81%|████████  | 575/710 [00:19<00:01, 92.62it/s]
Batches:  82%|████████▏ | 585/710 [00:19<00:01, 93.79it/s]
Batches:  84%|████████▍ | 595/710 [00:19<00:01, 95.13it/s]
Batches:  85%|████████▌ | 605/710 [00:19<00:01, 96.04it/s]
Batches:  87%|████████▋ | 616/710 [00:19<00:00, 97.56it/s]
Batches:  88%|████████▊ | 627/710 [00:19<00:00, 98.96it/s]
Batches:  90%|████████▉ | 637/710 [00:19<00:00, 98.70it/s]
Batches:  91%|█████████▏| 648/710 [00:19<00:00, 99.64it/s]
Batches:  93%|█████████▎| 658/710 [00:19<00:00, 99.43it/s]
Batches:  94%|█████████▍| 669/710 [00:19<00:00, 99.92it/s]
Batches:  96%|█████████▌| 680/710 [00:20<00:00, 99.97it/s]
Batches:  97%|█████████▋| 691/710 [00:20<00:00, 100.40it/s]
Batches:  99%|█████████▉| 702/710 [00:20<00:00, 99.39it/s]
Batches: 100%|██████████| 710/710 [00:20<00:00, 34.84it/s]
[ace] retrieving
[embed] encoding 500 texts on device=cuda:0

Batches:   0%|          | 0/8 [00:00<?, ?it/s]
Batches:  38%|███▊      | 3/8 [00:00<00:00, 26.21it/s]
Batches:  88%|████████▊ | 7/8 [00:00<00:00, 31.55it/s]
Batches: 100%|██████████| 8/8 [00:00<00:00, 32.27it/s]
[density] loading reader once
`torch_dtype` is deprecated! Use `dtype` instead!

Loading checkpoint shards:   0%|          | 0/2 [00:00<?, ?it/s]
Loading checkpoint shards:  50%|█████     | 1/2 [00:02<00:02,  2.52s/it]
Loading checkpoint shards: 100%|██████████| 2/2 [00:03<00:00,  1.84s/it]
Loading checkpoint shards: 100%|██████████| 2/2 [00:03<00:00,  1.95s/it]
[reader] loaded Qwen/Qwen2.5-3B-Instruct (device_map=None, 4bit=False) entry=cuda:0
[density] materializing policy=chunk_packed_128
[density] generating policy=chunk_packed_128
The following generation flags are not valid and may be ignored: ['temperature', 'top_p', 'top_k']. Set `TRANSFORMERS_VERBOSITY=info` for more details.
[reader] generated 2/500
[reader] generated 4/500
[reader] generated 6/500
[reader] generated 8/500
[reader] generated 10/500
[reader] generated 12/500
[reader] generated 14/500
[reader] generated 16/500
[reader] generated 18/500
[reader] generated 20/500
[reader] generated 22/500
[reader] generated 24/500
[reader] generated 26/500
[reader] generated 28/500
[reader] generated 30/500
[reader] generated 32/500
[reader] generated 34/500
[reader] generated 36/500
[reader] generated 38/500
[reader] generated 40/500
[reader] generated 42/500
[reader] generated 44/500
[reader] generated 46/500
[reader] generated 48/500
[reader] generated 50/500
[reader] generated 52/500
[reader] generated 54/500
[reader] generated 56/500
[reader] generated 58/500
[reader] generated 60/500
[reader] generated 62/500
[reader] generated 64/500
[reader] generated 66/500
[reader] generated 68/500
[reader] generated 70/500
[reader] generated 72/500
[reader] generated 74/500
[reader] generated 76/500
[reader] generated 78/500
[reader] generated 80/500
[reader] generated 82/500
[reader] generated 84/500
[reader] generated 86/500
[reader] generated 88/500
[reader] generated 90/500
[reader] generated 92/500
[reader] generated 94/500
[reader] generated 96/500
[reader] generated 98/500
[reader] generated 100/500
[reader] generated 102/500
[reader] generated 104/500
[reader] generated 106/500
[reader] generated 108/500
[reader] generated 110/500
[reader] generated 112/500
[reader] generated 114/500
[reader] generated 116/500
[reader] generated 118/500
[reader] generated 120/500
[reader] generated 122/500
[reader] generated 124/500
[reader] generated 126/500
[reader] generated 128/500
[reader] generated 130/500
[reader] generated 132/500
[reader] generated 134/500
[reader] generated 136/500
[reader] generated 138/500
[reader] generated 140/500
[reader] generated 142/500
[reader] generated 144/500
[reader] generated 146/500
[reader] generated 148/500
[reader] generated 150/500
[reader] generated 152/500
[reader] generated 154/500
[reader] generated 156/500
[reader] generated 158/500
[reader] generated 160/500
[reader] generated 162/500
[reader] generated 164/500
[reader] generated 166/500
[reader] generated 168/500
[reader] generated 170/500
[reader] generated 172/500
[reader] generated 174/500
[reader] generated 176/500
[reader] generated 178/500
[reader] generated 180/500
[reader] generated 182/500
[reader] generated 184/500
[reader] generated 186/500
[reader] generated 188/500
[reader] generated 190/500
[reader] generated 192/500
[reader] generated 194/500
[reader] generated 196/500
[reader] generated 198/500
[reader] generated 200/500
[reader] generated 202/500
[reader] generated 204/500
[reader] generated 206/500
[reader] generated 208/500
[reader] generated 210/500
[reader] generated 212/500
[reader] generated 214/500
[reader] generated 216/500
[reader] generated 218/500
[reader] generated 220/500
[reader] generated 222/500
[reader] generated 224/500
[reader] generated 226/500
[reader] generated 228/500
[reader] generated 230/500
[reader] generated 232/500
[reader] generated 234/500
[reader] generated 236/500
[reader] generated 238/500
[reader] generated 240/500
[reader] generated 242/500
[reader] generated 244/500
[reader] generated 246/500
[reader] generated 248/500
[reader] generated 250/500
[reader] generated 252/500
[reader] generated 254/500
[reader] generated 256/500
[reader] generated 258/500
[reader] generated 260/500
[reader] generated 262/500
[reader] generated 264/500
[reader] generated 266/500
[reader] generated 268/500
[reader] generated 270/500
[reader] generated 272/500
[reader] generated 274/500
[reader] generated 276/500
[reader] generated 278/500
[reader] generated 280/500
[reader] generated 282/500
[reader] generated 284/500
[reader] generated 286/500
[reader] generated 288/500
[reader] generated 290/500
[reader] generated 292/500
[reader] generated 294/500
[reader] generated 296/500
[reader] generated 298/500
[reader] generated 300/500
[reader] generated 302/500
[reader] generated 304/500
[reader] generated 306/500
[reader] generated 308/500
[reader] generated 310/500
[reader] generated 312/500
[reader] generated 314/500
[reader] generated 316/500
[reader] generated 318/500
[reader] generated 320/500
[reader] generated 322/500
[reader] generated 324/500
[reader] generated 326/500
[reader] generated 328/500
[reader] generated 330/500
[reader] generated 332/500
[reader] generated 334/500
[reader] generated 336/500
[reader] generated 338/500
[reader] generated 340/500
[reader] generated 342/500
[reader] generated 344/500
[reader] generated 346/500
[reader] generated 348/500
[reader] generated 350/500
[reader] generated 352/500
[reader] generated 354/500
[reader] generated 356/500
[reader] generated 358/500
[reader] generated 360/500
[reader] generated 362/500
[reader] generated 364/500
[reader] generated 366/500
[reader] generated 368/500
[reader] generated 370/500
[reader] generated 372/500
[reader] generated 374/500
[reader] generated 376/500
[reader] generated 378/500
[reader] generated 380/500
[reader] generated 382/500
[reader] generated 384/500
[reader] generated 386/500
[reader] generated 388/500
[reader] generated 390/500
[reader] generated 392/500
[reader] generated 394/500
[reader] generated 396/500
[reader] generated 398/500
[reader] generated 400/500
[reader] generated 402/500
[reader] generated 404/500
[reader] generated 406/500
[reader] generated 408/500
[reader] generated 410/500
[reader] generated 412/500
[reader] generated 414/500
[reader] generated 416/500
[reader] generated 418/500
[reader] generated 420/500
[reader] generated 422/500
[reader] generated 424/500
[reader] generated 426/500
[reader] generated 428/500
[reader] generated 430/500
[reader] generated 432/500
[reader] generated 434/500
[reader] generated 436/500
[reader] generated 438/500
[reader] generated 440/500
[reader] generated 442/500
[reader] generated 444/500
[reader] generated 446/500
[reader] generated 448/500
[reader] generated 450/500
[reader] generated 452/500
[reader] generated 454/500
[reader] generated 456/500
[reader] generated 458/500
[reader] generated 460/500
[reader] generated 462/500
[reader] generated 464/500
[reader] generated 466/500
[reader] generated 468/500
[reader] generated 470/500
[reader] generated 472/500
[reader] generated 474/500
[reader] generated 476/500
[reader] generated 478/500
[reader] generated 480/500
[reader] generated 482/500
[reader] generated 484/500
[reader] generated 486/500
[reader] generated 488/500
[reader] generated 490/500
[reader] generated 492/500
[reader] generated 494/500
[reader] generated 496/500
[reader] generated 498/500
[reader] generated 500/500
[density] policy=chunk_packed_128, router_type=fixed, representation=chunk, packer=packed, reader_model=Qwen/Qwen2.5-3B-Instruct, packed_token_budget=128, recall@1=0.437, all_gold@1=0.0, recall@2=0.718, all_gold@2=0.496, recall@5=0.875, all_gold@5=0.762, qwen_em=0.272, qwen_f1=0.3751, avg_reader_evidence_tokens=118.78, mean_ans_in_context=0.534, mean_ans_in_context_soft=0.603, mean_gold_token_density=0.4368, mean_gold_doc_reader_cov=0.594, mean_all_gold_reader=0.324, mean_distractor_docs=1.598, mean_context_tokens=118.776, mean_n_snippets=2.888
[density] materializing policy=chunk_focused_128
[density] generating policy=chunk_focused_128
[reader] generated 2/500
[reader] generated 4/500
[reader] generated 6/500
[reader] generated 8/500
[reader] generated 10/500
[reader] generated 12/500
[reader] generated 14/500
[reader] generated 16/500
[reader] generated 18/500
[reader] generated 20/500
[reader] generated 22/500
[reader] generated 24/500
[reader] generated 26/500
[reader] generated 28/500
[reader] generated 30/500
[reader] generated 32/500
[reader] generated 34/500
[reader] generated 36/500
[reader] generated 38/500
[reader] generated 40/500
[reader] generated 42/500
[reader] generated 44/500
[reader] generated 46/500
[reader] generated 48/500
[reader] generated 50/500
[reader] generated 52/500
[reader] generated 54/500
[reader] generated 56/500
[reader] generated 58/500
[reader] generated 60/500
[reader] generated 62/500
[reader] generated 64/500
[reader] generated 66/500
[reader] generated 68/500
[reader] generated 70/500
[reader] generated 72/500
[reader] generated 74/500
[reader] generated 76/500
[reader] generated 78/500
[reader] generated 80/500
[reader] generated 82/500
[reader] generated 84/500
[reader] generated 86/500
[reader] generated 88/500
[reader] generated 90/500
[reader] generated 92/500
[reader] generated 94/500
[reader] generated 96/500
[reader] generated 98/500
[reader] generated 100/500
[reader] generated 102/500
[reader] generated 104/500
[reader] generated 106/500
[reader] generated 108/500
[reader] generated 110/500
[reader] generated 112/500
[reader] generated 114/500
[reader] generated 116/500
[reader] generated 118/500
[reader] generated 120/500
[reader] generated 122/500
[reader] generated 124/500
[reader] generated 126/500
[reader] generated 128/500
[reader] generated 130/500
[reader] generated 132/500
[reader] generated 134/500
[reader] generated 136/500
[reader] generated 138/500
[reader] generated 140/500
[reader] generated 142/500
[reader] generated 144/500
[reader] generated 146/500
[reader] generated 148/500
[reader] generated 150/500
[reader] generated 152/500
[reader] generated 154/500
[reader] generated 156/500
[reader] generated 158/500
[reader] generated 160/500
[reader] generated 162/500
[reader] generated 164/500
[reader] generated 166/500
[reader] generated 168/500
[reader] generated 170/500
[reader] generated 172/500
[reader] generated 174/500
[reader] generated 176/500
[reader] generated 178/500
[reader] generated 180/500
[reader] generated 182/500
[reader] generated 184/500
[reader] generated 186/500
[reader] generated 188/500
[reader] generated 190/500
[reader] generated 192/500
[reader] generated 194/500
[reader] generated 196/500
[reader] generated 198/500
[reader] generated 200/500
[reader] generated 202/500
[reader] generated 204/500
[reader] generated 206/500
[reader] generated 208/500
[reader] generated 210/500
[reader] generated 212/500
[reader] generated 214/500
[reader] generated 216/500
[reader] generated 218/500
[reader] generated 220/500
[reader] generated 222/500
[reader] generated 224/500
[reader] generated 226/500
[reader] generated 228/500
[reader] generated 230/500
[reader] generated 232/500
[reader] generated 234/500
[reader] generated 236/500
[reader] generated 238/500
[reader] generated 240/500
[reader] generated 242/500
[reader] generated 244/500
[reader] generated 246/500
[reader] generated 248/500
[reader] generated 250/500
[reader] generated 252/500
[reader] generated 254/500
[reader] generated 256/500
[reader] generated 258/500
[reader] generated 260/500
[reader] generated 262/500
[reader] generated 264/500
[reader] generated 266/500
[reader] generated 268/500
[reader] generated 270/500
[reader] generated 272/500
[reader] generated 274/500
[reader] generated 276/500
[reader] generated 278/500
[reader] generated 280/500
[reader] generated 282/500
[reader] generated 284/500
[reader] generated 286/500
[reader] generated 288/500
[reader] generated 290/500
[reader] generated 292/500
[reader] generated 294/500
[reader] generated 296/500
[reader] generated 298/500
[reader] generated 300/500
[reader] generated 302/500
[reader] generated 304/500
[reader] generated 306/500
[reader] generated 308/500
[reader] generated 310/500
[reader] generated 312/500
[reader] generated 314/500
[reader] generated 316/500
[reader] generated 318/500
[reader] generated 320/500
[reader] generated 322/500
[reader] generated 324/500
[reader] generated 326/500
[reader] generated 328/500
[reader] generated 330/500
[reader] generated 332/500
[reader] generated 334/500
[reader] generated 336/500
[reader] generated 338/500
[reader] generated 340/500
[reader] generated 342/500
[reader] generated 344/500
[reader] generated 346/500
[reader] generated 348/500
[reader] generated 350/500
[reader] generated 352/500
[reader] generated 354/500
[reader] generated 356/500
[reader] generated 358/500
[reader] generated 360/500
[reader] generated 362/500
[reader] generated 364/500
[reader] generated 366/500
[reader] generated 368/500
[reader] generated 370/500
[reader] generated 372/500
[reader] generated 374/500
[reader] generated 376/500
[reader] generated 378/500
[reader] generated 380/500
[reader] generated 382/500
[reader] generated 384/500
[reader] generated 386/500
[reader] generated 388/500
[reader] generated 390/500
[reader] generated 392/500
[reader] generated 394/500
[reader] generated 396/500
[reader] generated 398/500
[reader] generated 400/500
[reader] generated 402/500
[reader] generated 404/500
[reader] generated 406/500
[reader] generated 408/500
[reader] generated 410/500
[reader] generated 412/500
[reader] generated 414/500
[reader] generated 416/500
[reader] generated 418/500
[reader] generated 420/500
[reader] generated 422/500
[reader] generated 424/500
[reader] generated 426/500
[reader] generated 428/500
[reader] generated 430/500
[reader] generated 432/500
[reader] generated 434/500
[reader] generated 436/500
[reader] generated 438/500
[reader] generated 440/500
[reader] generated 442/500
[reader] generated 444/500
[reader] generated 446/500
[reader] generated 448/500
[reader] generated 450/500
[reader] generated 452/500
[reader] generated 454/500
[reader] generated 456/500
[reader] generated 458/500
[reader] generated 460/500
[reader] generated 462/500
[reader] generated 464/500
[reader] generated 466/500
[reader] generated 468/500
[reader] generated 470/500
[reader] generated 472/500
[reader] generated 474/500
[reader] generated 476/500
[reader] generated 478/500
[reader] generated 480/500
[reader] generated 482/500
[reader] generated 484/500
[reader] generated 486/500
[reader] generated 488/500
[reader] generated 490/500
[reader] generated 492/500
[reader] generated 494/500
[reader] generated 496/500
[reader] generated 498/500
[reader] generated 500/500
[density] policy=chunk_focused_128, router_type=fixed, representation=chunk, packer=focused, reader_model=Qwen/Qwen2.5-3B-Instruct, packed_token_budget=128, recall@1=0.437, all_gold@1=0.0, recall@2=0.718, all_gold@2=0.496, recall@5=0.875, all_gold@5=0.762, qwen_em=0.326, qwen_f1=0.4307, avg_reader_evidence_tokens=119.73, mean_ans_in_context=0.592, mean_ans_in_context_soft=0.6625, mean_gold_token_density=0.5865, mean_gold_doc_reader_cov=0.682, mean_all_gold_reader=0.418, mean_distractor_docs=1.16, mean_context_tokens=119.734, mean_n_snippets=2.656
[density] materializing policy=chunk_mmr_128
[density] generating policy=chunk_mmr_128
[reader] generated 2/500
[reader] generated 4/500
[reader] generated 6/500
[reader] generated 8/500
[reader] generated 10/500
[reader] generated 12/500
[reader] generated 14/500
[reader] generated 16/500
[reader] generated 18/500
[reader] generated 20/500
[reader] generated 22/500
[reader] generated 24/500
[reader] generated 26/500
[reader] generated 28/500
[reader] generated 30/500
[reader] generated 32/500
[reader] generated 34/500
[reader] generated 36/500
[reader] generated 38/500
[reader] generated 40/500
[reader] generated 42/500
[reader] generated 44/500
[reader] generated 46/500
[reader] generated 48/500
[reader] generated 50/500
[reader] generated 52/500
[reader] generated 54/500
[reader] generated 56/500
[reader] generated 58/500
[reader] generated 60/500
[reader] generated 62/500
[reader] generated 64/500
[reader] generated 66/500
[reader] generated 68/500
[reader] generated 70/500
[reader] generated 72/500
[reader] generated 74/500
[reader] generated 76/500
[reader] generated 78/500
[reader] generated 80/500
[reader] generated 82/500
[reader] generated 84/500
[reader] generated 86/500
[reader] generated 88/500
[reader] generated 90/500
[reader] generated 92/500
[reader] generated 94/500
[reader] generated 96/500
[reader] generated 98/500
[reader] generated 100/500
[reader] generated 102/500
[reader] generated 104/500
[reader] generated 106/500
[reader] generated 108/500
[reader] generated 110/500
[reader] generated 112/500
[reader] generated 114/500
[reader] generated 116/500
[reader] generated 118/500
[reader] generated 120/500
[reader] generated 122/500
[reader] generated 124/500
[reader] generated 126/500
[reader] generated 128/500
[reader] generated 130/500
[reader] generated 132/500
[reader] generated 134/500
[reader] generated 136/500
[reader] generated 138/500
[reader] generated 140/500
[reader] generated 142/500
[reader] generated 144/500
[reader] generated 146/500
[reader] generated 148/500
[reader] generated 150/500
[reader] generated 152/500
[reader] generated 154/500
[reader] generated 156/500
[reader] generated 158/500
[reader] generated 160/500
[reader] generated 162/500
[reader] generated 164/500
[reader] generated 166/500
[reader] generated 168/500
[reader] generated 170/500
[reader] generated 172/500
[reader] generated 174/500
[reader] generated 176/500
[reader] generated 178/500
[reader] generated 180/500
[reader] generated 182/500
[reader] generated 184/500
[reader] generated 186/500
[reader] generated 188/500
[reader] generated 190/500
[reader] generated 192/500
[reader] generated 194/500
[reader] generated 196/500
[reader] generated 198/500
[reader] generated 200/500
[reader] generated 202/500
[reader] generated 204/500
[reader] generated 206/500
[reader] generated 208/500
[reader] generated 210/500
[reader] generated 212/500
[reader] generated 214/500
[reader] generated 216/500
[reader] generated 218/500
[reader] generated 220/500
[reader] generated 222/500
[reader] generated 224/500
[reader] generated 226/500
[reader] generated 228/500
[reader] generated 230/500
[reader] generated 232/500
[reader] generated 234/500
[reader] generated 236/500
[reader] generated 238/500
[reader] generated 240/500
[reader] generated 242/500
[reader] generated 244/500
[reader] generated 246/500
[reader] generated 248/500
[reader] generated 250/500
[reader] generated 252/500
[reader] generated 254/500
[reader] generated 256/500
[reader] generated 258/500
[reader] generated 260/500
[reader] generated 262/500
[reader] generated 264/500
[reader] generated 266/500
[reader] generated 268/500
[reader] generated 270/500
[reader] generated 272/500
[reader] generated 274/500
[reader] generated 276/500
[reader] generated 278/500
[reader] generated 280/500
[reader] generated 282/500
[reader] generated 284/500
[reader] generated 286/500
[reader] generated 288/500
[reader] generated 290/500
[reader] generated 292/500
[reader] generated 294/500
[reader] generated 296/500
[reader] generated 298/500
[reader] generated 300/500
[reader] generated 302/500
[reader] generated 304/500
[reader] generated 306/500
[reader] generated 308/500
[reader] generated 310/500
[reader] generated 312/500
[reader] generated 314/500
[reader] generated 316/500
[reader] generated 318/500
[reader] generated 320/500
[reader] generated 322/500
[reader] generated 324/500
[reader] generated 326/500
[reader] generated 328/500
[reader] generated 330/500
[reader] generated 332/500
[reader] generated 334/500
[reader] generated 336/500
[reader] generated 338/500
[reader] generated 340/500
[reader] generated 342/500
[reader] generated 344/500
[reader] generated 346/500
[reader] generated 348/500
[reader] generated 350/500
[reader] generated 352/500
[reader] generated 354/500
[reader] generated 356/500
[reader] generated 358/500
[reader] generated 360/500
[reader] generated 362/500
[reader] generated 364/500
[reader] generated 366/500
[reader] generated 368/500
[reader] generated 370/500
[reader] generated 372/500
[reader] generated 374/500
[reader] generated 376/500
[reader] generated 378/500
[reader] generated 380/500
[reader] generated 382/500
[reader] generated 384/500
[reader] generated 386/500
[reader] generated 388/500
[reader] generated 390/500
[reader] generated 392/500
[reader] generated 394/500
[reader] generated 396/500
[reader] generated 398/500
[reader] generated 400/500
[reader] generated 402/500
[reader] generated 404/500
[reader] generated 406/500
[reader] generated 408/500
[reader] generated 410/500
[reader] generated 412/500
[reader] generated 414/500
[reader] generated 416/500
[reader] generated 418/500
[reader] generated 420/500
[reader] generated 422/500
[reader] generated 424/500
[reader] generated 426/500
[reader] generated 428/500
[reader] generated 430/500
[reader] generated 432/500
[reader] generated 434/500
[reader] generated 436/500
[reader] generated 438/500
[reader] generated 440/500
[reader] generated 442/500
[reader] generated 444/500
[reader] generated 446/500
[reader] generated 448/500
[reader] generated 450/500
[reader] generated 452/500
[reader] generated 454/500
[reader] generated 456/500
[reader] generated 458/500
[reader] generated 460/500
[reader] generated 462/500
[reader] generated 464/500
[reader] generated 466/500
[reader] generated 468/500
[reader] generated 470/500
[reader] generated 472/500
[reader] generated 474/500
[reader] generated 476/500
[reader] generated 478/500
[reader] generated 480/500
[reader] generated 482/500
[reader] generated 484/500
[reader] generated 486/500
[reader] generated 488/500
[reader] generated 490/500
[reader] generated 492/500
[reader] generated 494/500
[reader] generated 496/500
[reader] generated 498/500
[reader] generated 500/500
[density] policy=chunk_mmr_128, router_type=fixed, representation=chunk, packer=mmr, reader_model=Qwen/Qwen2.5-3B-Instruct, packed_token_budget=128, recall@1=0.437, all_gold@1=0.0, recall@2=0.718, all_gold@2=0.496, recall@5=0.875, all_gold@5=0.762, qwen_em=0.308, qwen_f1=0.404, avg_reader_evidence_tokens=119.38, mean_ans_in_context=0.548, mean_ans_in_context_soft=0.6227, mean_gold_token_density=0.5439, mean_gold_doc_reader_cov=0.626, mean_all_gold_reader=0.34, mean_distractor_docs=1.238, mean_context_tokens=119.382, mean_n_snippets=2.708
[density] materializing policy=chunk_submod_128
[density] generating policy=chunk_submod_128
[reader] generated 2/500
[reader] generated 4/500
[reader] generated 6/500
[reader] generated 8/500
[reader] generated 10/500
[reader] generated 12/500
[reader] generated 14/500
[reader] generated 16/500
[reader] generated 18/500
[reader] generated 20/500
[reader] generated 22/500
[reader] generated 24/500
[reader] generated 26/500
[reader] generated 28/500
[reader] generated 30/500
[reader] generated 32/500
[reader] generated 34/500
[reader] generated 36/500
[reader] generated 38/500
[reader] generated 40/500
[reader] generated 42/500
[reader] generated 44/500
[reader] generated 46/500
[reader] generated 48/500
[reader] generated 50/500
[reader] generated 52/500
[reader] generated 54/500
[reader] generated 56/500
[reader] generated 58/500
[reader] generated 60/500
[reader] generated 62/500
[reader] generated 64/500
[reader] generated 66/500
[reader] generated 68/500
[reader] generated 70/500
[reader] generated 72/500
[reader] generated 74/500
[reader] generated 76/500
[reader] generated 78/500
[reader] generated 80/500
[reader] generated 82/500
[reader] generated 84/500
[reader] generated 86/500
[reader] generated 88/500
[reader] generated 90/500
[reader] generated 92/500
[reader] generated 94/500
[reader] generated 96/500
[reader] generated 98/500
[reader] generated 100/500
[reader] generated 102/500
[reader] generated 104/500
[reader] generated 106/500
[reader] generated 108/500
[reader] generated 110/500
[reader] generated 112/500
[reader] generated 114/500
[reader] generated 116/500
[reader] generated 118/500
[reader] generated 120/500
[reader] generated 122/500
[reader] generated 124/500
[reader] generated 126/500
[reader] generated 128/500
[reader] generated 130/500
[reader] generated 132/500
[reader] generated 134/500
[reader] generated 136/500
[reader] generated 138/500
[reader] generated 140/500
[reader] generated 142/500
[reader] generated 144/500
[reader] generated 146/500
[reader] generated 148/500
[reader] generated 150/500
[reader] generated 152/500
[reader] generated 154/500
[reader] generated 156/500
[reader] generated 158/500
[reader] generated 160/500
[reader] generated 162/500
[reader] generated 164/500
[reader] generated 166/500
[reader] generated 168/500
[reader] generated 170/500
[reader] generated 172/500
[reader] generated 174/500
[reader] generated 176/500
[reader] generated 178/500
[reader] generated 180/500
[reader] generated 182/500
[reader] generated 184/500
[reader] generated 186/500
[reader] generated 188/500
[reader] generated 190/500
[reader] generated 192/500
[reader] generated 194/500
[reader] generated 196/500
[reader] generated 198/500
[reader] generated 200/500
[reader] generated 202/500
[reader] generated 204/500
[reader] generated 206/500
[reader] generated 208/500
[reader] generated 210/500
[reader] generated 212/500
[reader] generated 214/500
[reader] generated 216/500
[reader] generated 218/500
[reader] generated 220/500
[reader] generated 222/500
[reader] generated 224/500
[reader] generated 226/500
[reader] generated 228/500
[reader] generated 230/500
[reader] generated 232/500
[reader] generated 234/500
[reader] generated 236/500
[reader] generated 238/500
[reader] generated 240/500
[reader] generated 242/500
[reader] generated 244/500
[reader] generated 246/500
[reader] generated 248/500
[reader] generated 250/500
[reader] generated 252/500
[reader] generated 254/500
[reader] generated 256/500
[reader] generated 258/500
[reader] generated 260/500
[reader] generated 262/500
[reader] generated 264/500
[reader] generated 266/500
[reader] generated 268/500
[reader] generated 270/500
[reader] generated 272/500
[reader] generated 274/500
[reader] generated 276/500
[reader] generated 278/500
[reader] generated 280/500
[reader] generated 282/500
[reader] generated 284/500
[reader] generated 286/500
[reader] generated 288/500
[reader] generated 290/500
[reader] generated 292/500
[reader] generated 294/500
[reader] generated 296/500
[reader] generated 298/500
[reader] generated 300/500
[reader] generated 302/500
[reader] generated 304/500
[reader] generated 306/500
[reader] generated 308/500
[reader] generated 310/500
[reader] generated 312/500
[reader] generated 314/500
[reader] generated 316/500
[reader] generated 318/500
[reader] generated 320/500
[reader] generated 322/500
[reader] generated 324/500
[reader] generated 326/500
[reader] generated 328/500
[reader] generated 330/500
[reader] generated 332/500
[reader] generated 334/500
[reader] generated 336/500
[reader] generated 338/500
[reader] generated 340/500
[reader] generated 342/500
[reader] generated 344/500
[reader] generated 346/500
[reader] generated 348/500
[reader] generated 350/500
[reader] generated 352/500
[reader] generated 354/500
[reader] generated 356/500
[reader] generated 358/500
[reader] generated 360/500
[reader] generated 362/500
[reader] generated 364/500
[reader] generated 366/500
[reader] generated 368/500
[reader] generated 370/500
[reader] generated 372/500
[reader] generated 374/500
[reader] generated 376/500
[reader] generated 378/500
[reader] generated 380/500
[reader] generated 382/500
[reader] generated 384/500
[reader] generated 386/500
[reader] generated 388/500
[reader] generated 390/500
[reader] generated 392/500
[reader] generated 394/500
[reader] generated 396/500
[reader] generated 398/500
[reader] generated 400/500
[reader] generated 402/500
[reader] generated 404/500
[reader] generated 406/500
[reader] generated 408/500
[reader] generated 410/500
[reader] generated 412/500
[reader] generated 414/500
[reader] generated 416/500
[reader] generated 418/500
[reader] generated 420/500
[reader] generated 422/500
[reader] generated 424/500
[reader] generated 426/500
[reader] generated 428/500
[reader] generated 430/500
[reader] generated 432/500
[reader] generated 434/500
[reader] generated 436/500
[reader] generated 438/500
[reader] generated 440/500
[reader] generated 442/500
[reader] generated 444/500
[reader] generated 446/500
[reader] generated 448/500
[reader] generated 450/500
[reader] generated 452/500
[reader] generated 454/500
[reader] generated 456/500
[reader] generated 458/500
[reader] generated 460/500
[reader] generated 462/500
[reader] generated 464/500
[reader] generated 466/500
[reader] generated 468/500
[reader] generated 470/500
[reader] generated 472/500
[reader] generated 474/500
[reader] generated 476/500
[reader] generated 478/500
[reader] generated 480/500
[reader] generated 482/500
[reader] generated 484/500
[reader] generated 486/500
[reader] generated 488/500
[reader] generated 490/500
[reader] generated 492/500
[reader] generated 494/500
[reader] generated 496/500
[reader] generated 498/500
[reader] generated 500/500
[density] policy=chunk_submod_128, router_type=fixed, representation=chunk, packer=submod, reader_model=Qwen/Qwen2.5-3B-Instruct, packed_token_budget=128, recall@1=0.437, all_gold@1=0.0, recall@2=0.718, all_gold@2=0.496, recall@5=0.875, all_gold@5=0.762, qwen_em=0.326, qwen_f1=0.4192, avg_reader_evidence_tokens=114.5, mean_ans_in_context=0.556, mean_ans_in_context_soft=0.6326, mean_gold_token_density=0.4875, mean_gold_doc_reader_cov=0.707, mean_all_gold_reader=0.474, mean_distractor_docs=1.824, mean_context_tokens=114.5, mean_n_snippets=3.77
[density] materializing policy=ace_focused_128
[density] generating policy=ace_focused_128
[reader] generated 2/500
[reader] generated 4/500
[reader] generated 6/500
[reader] generated 8/500
[reader] generated 10/500
[reader] generated 12/500
[reader] generated 14/500
[reader] generated 16/500
[reader] generated 18/500
[reader] generated 20/500
[reader] generated 22/500
[reader] generated 24/500
[reader] generated 26/500
[reader] generated 28/500
[reader] generated 30/500
[reader] generated 32/500
[reader] generated 34/500
[reader] generated 36/500
[reader] generated 38/500
[reader] generated 40/500
[reader] generated 42/500
[reader] generated 44/500
[reader] generated 46/500
[reader] generated 48/500
[reader] generated 50/500
[reader] generated 52/500
[reader] generated 54/500
[reader] generated 56/500
[reader] generated 58/500
[reader] generated 60/500
[reader] generated 62/500
[reader] generated 64/500
[reader] generated 66/500
[reader] generated 68/500
[reader] generated 70/500
[reader] generated 72/500
[reader] generated 74/500
[reader] generated 76/500
[reader] generated 78/500
[reader] generated 80/500
[reader] generated 82/500
[reader] generated 84/500
[reader] generated 86/500
[reader] generated 88/500
[reader] generated 90/500
[reader] generated 92/500
[reader] generated 94/500
[reader] generated 96/500
[reader] generated 98/500
[reader] generated 100/500
[reader] generated 102/500
[reader] generated 104/500
[reader] generated 106/500
[reader] generated 108/500
[reader] generated 110/500
[reader] generated 112/500
[reader] generated 114/500
[reader] generated 116/500
[reader] generated 118/500
[reader] generated 120/500
[reader] generated 122/500
[reader] generated 124/500
[reader] generated 126/500
[reader] generated 128/500
[reader] generated 130/500
[reader] generated 132/500
[reader] generated 134/500
[reader] generated 136/500
[reader] generated 138/500
[reader] generated 140/500
[reader] generated 142/500
[reader] generated 144/500
[reader] generated 146/500
[reader] generated 148/500
[reader] generated 150/500
[reader] generated 152/500
[reader] generated 154/500
[reader] generated 156/500
[reader] generated 158/500
[reader] generated 160/500
[reader] generated 162/500
[reader] generated 164/500
[reader] generated 166/500
[reader] generated 168/500
[reader] generated 170/500
[reader] generated 172/500
[reader] generated 174/500
[reader] generated 176/500
[reader] generated 178/500
[reader] generated 180/500
[reader] generated 182/500
[reader] generated 184/500
[reader] generated 186/500
[reader] generated 188/500
[reader] generated 190/500
[reader] generated 192/500
[reader] generated 194/500
[reader] generated 196/500
[reader] generated 198/500
[reader] generated 200/500
[reader] generated 202/500
[reader] generated 204/500
[reader] generated 206/500
[reader] generated 208/500
[reader] generated 210/500
[reader] generated 212/500
[reader] generated 214/500
[reader] generated 216/500
[reader] generated 218/500
[reader] generated 220/500
[reader] generated 222/500
[reader] generated 224/500
[reader] generated 226/500
[reader] generated 228/500
[reader] generated 230/500
[reader] generated 232/500
[reader] generated 234/500
[reader] generated 236/500
[reader] generated 238/500
[reader] generated 240/500
[reader] generated 242/500
[reader] generated 244/500
[reader] generated 246/500
[reader] generated 248/500
[reader] generated 250/500
[reader] generated 252/500
[reader] generated 254/500
[reader] generated 256/500
[reader] generated 258/500
[reader] generated 260/500
[reader] generated 262/500
[reader] generated 264/500
[reader] generated 266/500
[reader] generated 268/500
[reader] generated 270/500
[reader] generated 272/500
[reader] generated 274/500
[reader] generated 276/500
[reader] generated 278/500
[reader] generated 280/500
[reader] generated 282/500
[reader] generated 284/500
[reader] generated 286/500
[reader] generated 288/500
[reader] generated 290/500
[reader] generated 292/500
[reader] generated 294/500
[reader] generated 296/500
[reader] generated 298/500
[reader] generated 300/500
[reader] generated 302/500
[reader] generated 304/500
[reader] generated 306/500
[reader] generated 308/500
[reader] generated 310/500
[reader] generated 312/500
[reader] generated 314/500
[reader] generated 316/500
[reader] generated 318/500
[reader] generated 320/500
[reader] generated 322/500
[reader] generated 324/500
[reader] generated 326/500
[reader] generated 328/500
[reader] generated 330/500
[reader] generated 332/500
[reader] generated 334/500
[reader] generated 336/500
[reader] generated 338/500
[reader] generated 340/500
[reader] generated 342/500
[reader] generated 344/500
[reader] generated 346/500
[reader] generated 348/500
[reader] generated 350/500
[reader] generated 352/500
[reader] generated 354/500
[reader] generated 356/500
[reader] generated 358/500
[reader] generated 360/500
[reader] generated 362/500
[reader] generated 364/500
[reader] generated 366/500
[reader] generated 368/500
[reader] generated 370/500
[reader] generated 372/500
[reader] generated 374/500
[reader] generated 376/500
[reader] generated 378/500
[reader] generated 380/500
[reader] generated 382/500
[reader] generated 384/500
[reader] generated 386/500
[reader] generated 388/500
[reader] generated 390/500
[reader] generated 392/500
[reader] generated 394/500
[reader] generated 396/500
[reader] generated 398/500
[reader] generated 400/500
[reader] generated 402/500
[reader] generated 404/500
[reader] generated 406/500
[reader] generated 408/500
[reader] generated 410/500
[reader] generated 412/500
[reader] generated 414/500
[reader] generated 416/500
[reader] generated 418/500
[reader] generated 420/500
[reader] generated 422/500
[reader] generated 424/500
[reader] generated 426/500
[reader] generated 428/500
[reader] generated 430/500
[reader] generated 432/500
[reader] generated 434/500
[reader] generated 436/500
[reader] generated 438/500
[reader] generated 440/500
[reader] generated 442/500
[reader] generated 444/500
[reader] generated 446/500
[reader] generated 448/500
[reader] generated 450/500
[reader] generated 452/500
[reader] generated 454/500
[reader] generated 456/500
[reader] generated 458/500
[reader] generated 460/500
[reader] generated 462/500
[reader] generated 464/500
[reader] generated 466/500
[reader] generated 468/500
[reader] generated 470/500
[reader] generated 472/500
[reader] generated 474/500
[reader] generated 476/500
[reader] generated 478/500
[reader] generated 480/500
[reader] generated 482/500
[reader] generated 484/500
[reader] generated 486/500
[reader] generated 488/500
[reader] generated 490/500
[reader] generated 492/500
[reader] generated 494/500
[reader] generated 496/500
[reader] generated 498/500
[reader] generated 500/500
[density] policy=ace_focused_128, router_type=fixed, representation=ace, packer=focused, reader_model=Qwen/Qwen2.5-3B-Instruct, packed_token_budget=128, recall@1=0.409, all_gold@1=0.0, recall@2=0.665, all_gold@2=0.406, recall@5=0.847, all_gold@5=0.718, qwen_em=0.318, qwen_f1=0.4222, avg_reader_evidence_tokens=118.61, mean_ans_in_context=0.576, mean_ans_in_context_soft=0.652, mean_gold_token_density=0.5023, mean_gold_doc_reader_cov=0.698, mean_all_gold_reader=0.462, mean_distractor_docs=1.652, mean_context_tokens=118.61, mean_n_snippets=3.34
[density] materializing policy=ace_mmr_128
[density] generating policy=ace_mmr_128
[reader] generated 2/500
[reader] generated 4/500
[reader] generated 6/500
[reader] generated 8/500
[reader] generated 10/500
[reader] generated 12/500
[reader] generated 14/500
[reader] generated 16/500
[reader] generated 18/500
[reader] generated 20/500
[reader] generated 22/500
[reader] generated 24/500
[reader] generated 26/500
[reader] generated 28/500
[reader] generated 30/500
[reader] generated 32/500
[reader] generated 34/500
[reader] generated 36/500
[reader] generated 38/500
[reader] generated 40/500
[reader] generated 42/500
[reader] generated 44/500
[reader] generated 46/500
[reader] generated 48/500
[reader] generated 50/500
[reader] generated 52/500
[reader] generated 54/500
[reader] generated 56/500
[reader] generated 58/500
[reader] generated 60/500
[reader] generated 62/500
[reader] generated 64/500
[reader] generated 66/500
[reader] generated 68/500
[reader] generated 70/500
[reader] generated 72/500
[reader] generated 74/500
[reader] generated 76/500
[reader] generated 78/500
[reader] generated 80/500
[reader] generated 82/500
[reader] generated 84/500
[reader] generated 86/500
[reader] generated 88/500
[reader] generated 90/500
[reader] generated 92/500
[reader] generated 94/500
[reader] generated 96/500
[reader] generated 98/500
[reader] generated 100/500
[reader] generated 102/500
[reader] generated 104/500
[reader] generated 106/500
[reader] generated 108/500
[reader] generated 110/500
[reader] generated 112/500
[reader] generated 114/500
[reader] generated 116/500
[reader] generated 118/500
[reader] generated 120/500
[reader] generated 122/500
[reader] generated 124/500
[reader] generated 126/500
[reader] generated 128/500
[reader] generated 130/500
[reader] generated 132/500
[reader] generated 134/500
[reader] generated 136/500
[reader] generated 138/500
[reader] generated 140/500
[reader] generated 142/500
[reader] generated 144/500
[reader] generated 146/500
[reader] generated 148/500
[reader] generated 150/500
[reader] generated 152/500
[reader] generated 154/500
[reader] generated 156/500
[reader] generated 158/500
[reader] generated 160/500
[reader] generated 162/500
[reader] generated 164/500
[reader] generated 166/500
[reader] generated 168/500
[reader] generated 170/500
[reader] generated 172/500
[reader] generated 174/500
[reader] generated 176/500
[reader] generated 178/500
[reader] generated 180/500
[reader] generated 182/500
[reader] generated 184/500
[reader] generated 186/500
[reader] generated 188/500
[reader] generated 190/500
[reader] generated 192/500
[reader] generated 194/500
[reader] generated 196/500
[reader] generated 198/500
[reader] generated 200/500
[reader] generated 202/500
[reader] generated 204/500
[reader] generated 206/500
[reader] generated 208/500
[reader] generated 210/500
[reader] generated 212/500
[reader] generated 214/500
[reader] generated 216/500
[reader] generated 218/500
[reader] generated 220/500
[reader] generated 222/500
[reader] generated 224/500
[reader] generated 226/500
[reader] generated 228/500
[reader] generated 230/500
[reader] generated 232/500
[reader] generated 234/500
[reader] generated 236/500
[reader] generated 238/500
[reader] generated 240/500
[reader] generated 242/500
[reader] generated 244/500
[reader] generated 246/500
[reader] generated 248/500
[reader] generated 250/500
[reader] generated 252/500
[reader] generated 254/500
[reader] generated 256/500
[reader] generated 258/500
[reader] generated 260/500
[reader] generated 262/500
[reader] generated 264/500
[reader] generated 266/500
[reader] generated 268/500
[reader] generated 270/500
[reader] generated 272/500
[reader] generated 274/500
[reader] generated 276/500
[reader] generated 278/500
[reader] generated 280/500
[reader] generated 282/500
[reader] generated 284/500
[reader] generated 286/500
[reader] generated 288/500
[reader] generated 290/500
[reader] generated 292/500
[reader] generated 294/500
[reader] generated 296/500
[reader] generated 298/500
[reader] generated 300/500
[reader] generated 302/500
[reader] generated 304/500
[reader] generated 306/500
[reader] generated 308/500
[reader] generated 310/500
[reader] generated 312/500
[reader] generated 314/500
[reader] generated 316/500
[reader] generated 318/500
[reader] generated 320/500
[reader] generated 322/500
[reader] generated 324/500
[reader] generated 326/500
[reader] generated 328/500
[reader] generated 330/500
[reader] generated 332/500
[reader] generated 334/500
[reader] generated 336/500
[reader] generated 338/500
[reader] generated 340/500
[reader] generated 342/500
[reader] generated 344/500
[reader] generated 346/500
[reader] generated 348/500
[reader] generated 350/500
[reader] generated 352/500
[reader] generated 354/500
[reader] generated 356/500
[reader] generated 358/500
[reader] generated 360/500
[reader] generated 362/500
[reader] generated 364/500
[reader] generated 366/500
[reader] generated 368/500
[reader] generated 370/500
[reader] generated 372/500
[reader] generated 374/500
[reader] generated 376/500
[reader] generated 378/500
[reader] generated 380/500
[reader] generated 382/500
[reader] generated 384/500
[reader] generated 386/500
[reader] generated 388/500
[reader] generated 390/500
[reader] generated 392/500
[reader] generated 394/500
[reader] generated 396/500
[reader] generated 398/500
[reader] generated 400/500
[reader] generated 402/500
[reader] generated 404/500
[reader] generated 406/500
[reader] generated 408/500
[reader] generated 410/500
[reader] generated 412/500
[reader] generated 414/500
[reader] generated 416/500
[reader] generated 418/500
[reader] generated 420/500
[reader] generated 422/500
[reader] generated 424/500
[reader] generated 426/500
[reader] generated 428/500
[reader] generated 430/500
[reader] generated 432/500
[reader] generated 434/500
[reader] generated 436/500
[reader] generated 438/500
[reader] generated 440/500
[reader] generated 442/500
[reader] generated 444/500
[reader] generated 446/500
[reader] generated 448/500
[reader] generated 450/500
[reader] generated 452/500
[reader] generated 454/500
[reader] generated 456/500
[reader] generated 458/500
[reader] generated 460/500
[reader] generated 462/500
[reader] generated 464/500
[reader] generated 466/500
[reader] generated 468/500
[reader] generated 470/500
[reader] generated 472/500
[reader] generated 474/500
[reader] generated 476/500
[reader] generated 478/500
[reader] generated 480/500
[reader] generated 482/500
[reader] generated 484/500
[reader] generated 486/500
[reader] generated 488/500
[reader] generated 490/500
[reader] generated 492/500
[reader] generated 494/500
[reader] generated 496/500
[reader] generated 498/500
[reader] generated 500/500
[density] policy=ace_mmr_128, router_type=fixed, representation=ace, packer=mmr, reader_model=Qwen/Qwen2.5-3B-Instruct, packed_token_budget=128, recall@1=0.409, all_gold@1=0.0, recall@2=0.665, all_gold@2=0.406, recall@5=0.847, all_gold@5=0.718, qwen_em=0.276, qwen_f1=0.3731, avg_reader_evidence_tokens=118.21, mean_ans_in_context=0.54, mean_ans_in_context_soft=0.6158, mean_gold_token_density=0.4691, mean_gold_doc_reader_cov=0.646, mean_all_gold_reader=0.386, mean_distractor_docs=1.716, mean_context_tokens=118.212, mean_n_snippets=3.388
[density] materializing policy=ace_submod_128
[density] generating policy=ace_submod_128
[reader] generated 2/500
[reader] generated 4/500
[reader] generated 6/500
[reader] generated 8/500
[reader] generated 10/500
[reader] generated 12/500
[reader] generated 14/500
[reader] generated 16/500
[reader] generated 18/500
[reader] generated 20/500
[reader] generated 22/500
[reader] generated 24/500
[reader] generated 26/500
[reader] generated 28/500
[reader] generated 30/500
[reader] generated 32/500
[reader] generated 34/500
[reader] generated 36/500
[reader] generated 38/500
[reader] generated 40/500
[reader] generated 42/500
[reader] generated 44/500
[reader] generated 46/500
[reader] generated 48/500
[reader] generated 50/500
[reader] generated 52/500
[reader] generated 54/500
[reader] generated 56/500
[reader] generated 58/500
[reader] generated 60/500
[reader] generated 62/500
[reader] generated 64/500
[reader] generated 66/500
[reader] generated 68/500
[reader] generated 70/500
[reader] generated 72/500
[reader] generated 74/500
[reader] generated 76/500
[reader] generated 78/500
[reader] generated 80/500
[reader] generated 82/500
[reader] generated 84/500
[reader] generated 86/500
[reader] generated 88/500
[reader] generated 90/500
[reader] generated 92/500
[reader] generated 94/500
[reader] generated 96/500
[reader] generated 98/500
[reader] generated 100/500
[reader] generated 102/500
[reader] generated 104/500
[reader] generated 106/500
[reader] generated 108/500
[reader] generated 110/500
[reader] generated 112/500
[reader] generated 114/500
[reader] generated 116/500
[reader] generated 118/500
[reader] generated 120/500
[reader] generated 122/500
[reader] generated 124/500
[reader] generated 126/500
[reader] generated 128/500
[reader] generated 130/500
[reader] generated 132/500
[reader] generated 134/500
[reader] generated 136/500
[reader] generated 138/500
[reader] generated 140/500
[reader] generated 142/500
[reader] generated 144/500
[reader] generated 146/500
[reader] generated 148/500
[reader] generated 150/500
[reader] generated 152/500
[reader] generated 154/500
[reader] generated 156/500
[reader] generated 158/500
[reader] generated 160/500
[reader] generated 162/500
[reader] generated 164/500
[reader] generated 166/500
[reader] generated 168/500
[reader] generated 170/500
[reader] generated 172/500
[reader] generated 174/500
[reader] generated 176/500
[reader] generated 178/500
[reader] generated 180/500
[reader] generated 182/500
[reader] generated 184/500
[reader] generated 186/500
[reader] generated 188/500
[reader] generated 190/500
[reader] generated 192/500
[reader] generated 194/500
[reader] generated 196/500
[reader] generated 198/500
[reader] generated 200/500
[reader] generated 202/500
[reader] generated 204/500
[reader] generated 206/500
[reader] generated 208/500
[reader] generated 210/500
[reader] generated 212/500
[reader] generated 214/500
[reader] generated 216/500
[reader] generated 218/500
[reader] generated 220/500
[reader] generated 222/500
[reader] generated 224/500
[reader] generated 226/500
[reader] generated 228/500
[reader] generated 230/500
[reader] generated 232/500
[reader] generated 234/500
[reader] generated 236/500
[reader] generated 238/500
[reader] generated 240/500
[reader] generated 242/500
[reader] generated 244/500
[reader] generated 246/500
[reader] generated 248/500
[reader] generated 250/500
[reader] generated 252/500
[reader] generated 254/500
[reader] generated 256/500
[reader] generated 258/500
[reader] generated 260/500
[reader] generated 262/500
[reader] generated 264/500
[reader] generated 266/500
[reader] generated 268/500
[reader] generated 270/500
[reader] generated 272/500
[reader] generated 274/500
[reader] generated 276/500
[reader] generated 278/500
[reader] generated 280/500
[reader] generated 282/500
[reader] generated 284/500
[reader] generated 286/500
[reader] generated 288/500
[reader] generated 290/500
[reader] generated 292/500
[reader] generated 294/500
[reader] generated 296/500
[reader] generated 298/500
[reader] generated 300/500
[reader] generated 302/500
[reader] generated 304/500
[reader] generated 306/500
[reader] generated 308/500
[reader] generated 310/500
[reader] generated 312/500
[reader] generated 314/500
[reader] generated 316/500
[reader] generated 318/500
[reader] generated 320/500
[reader] generated 322/500
[reader] generated 324/500
[reader] generated 326/500
[reader] generated 328/500
[reader] generated 330/500
[reader] generated 332/500
[reader] generated 334/500
[reader] generated 336/500
[reader] generated 338/500
[reader] generated 340/500
[reader] generated 342/500
[reader] generated 344/500
[reader] generated 346/500
[reader] generated 348/500
[reader] generated 350/500
[reader] generated 352/500
[reader] generated 354/500
[reader] generated 356/500
[reader] generated 358/500
[reader] generated 360/500
[reader] generated 362/500
[reader] generated 364/500
[reader] generated 366/500
[reader] generated 368/500
[reader] generated 370/500
[reader] generated 372/500
[reader] generated 374/500
[reader] generated 376/500
[reader] generated 378/500
[reader] generated 380/500
[reader] generated 382/500
[reader] generated 384/500
[reader] generated 386/500
[reader] generated 388/500
[reader] generated 390/500
[reader] generated 392/500
[reader] generated 394/500
[reader] generated 396/500
[reader] generated 398/500
[reader] generated 400/500
[reader] generated 402/500
[reader] generated 404/500
[reader] generated 406/500
[reader] generated 408/500
[reader] generated 410/500
[reader] generated 412/500
[reader] generated 414/500
[reader] generated 416/500
[reader] generated 418/500
[reader] generated 420/500
[reader] generated 422/500
[reader] generated 424/500
[reader] generated 426/500
[reader] generated 428/500
[reader] generated 430/500
[reader] generated 432/500
[reader] generated 434/500
[reader] generated 436/500
[reader] generated 438/500
[reader] generated 440/500
[reader] generated 442/500
[reader] generated 444/500
[reader] generated 446/500
[reader] generated 448/500
[reader] generated 450/500
[reader] generated 452/500
[reader] generated 454/500
[reader] generated 456/500
[reader] generated 458/500
[reader] generated 460/500
[reader] generated 462/500
[reader] generated 464/500
[reader] generated 466/500
[reader] generated 468/500
[reader] generated 470/500
[reader] generated 472/500
[reader] generated 474/500
[reader] generated 476/500
[reader] generated 478/500
[reader] generated 480/500
[reader] generated 482/500
[reader] generated 484/500
[reader] generated 486/500
[reader] generated 488/500
[reader] generated 490/500
[reader] generated 492/500
[reader] generated 494/500
[reader] generated 496/500
[reader] generated 498/500
[reader] generated 500/500
[density] policy=ace_submod_128, router_type=fixed, representation=ace, packer=submod, reader_model=Qwen/Qwen2.5-3B-Instruct, packed_token_budget=128, recall@1=0.409, all_gold@1=0.0, recall@2=0.665, all_gold@2=0.406, recall@5=0.847, all_gold@5=0.718, qwen_em=0.296, qwen_f1=0.3838, avg_reader_evidence_tokens=115.65, mean_ans_in_context=0.522, mean_ans_in_context_soft=0.6098, mean_gold_token_density=0.4504, mean_gold_doc_reader_cov=0.662, mean_all_gold_reader=0.396, mean_distractor_docs=1.942, mean_context_tokens=115.654, mean_n_snippets=3.792
[density] policy=router_oracle_packer, router_type=oracle, representation=mixed, packer=oracle, reader_model=Qwen/Qwen2.5-3B-Instruct, packed_token_budget=128, selection_counts={"ace_focused_128": 82, "ace_mmr_128": 31, "ace_submod_128": 82, "chunk_focused_128": 97, "chunk_mmr_128": 33, "chunk_submod_128": 175}, qwen_em=0.464, qwen_f1=0.5865, avg_reader_evidence_tokens=110.47, mean_ans_in_context=0.644, mean_ans_in_context_soft=0.7143, mean_gold_token_density=0.5452, mean_gold_doc_reader_cov=0.701, mean_all_gold_reader=0.458, mean_distractor_docs=1.506, mean_context_tokens=110.474, mean_n_snippets=3.284
wrote /kaggle/working/colab_results/stage13_budgetsweep_hotpotqa_qwen3b_budget128_limit500_seed13/hotpotqa_density_standard_budget128_limit500_metrics.csv
wrote /kaggle/working/colab_results/stage13_budgetsweep_hotpotqa_qwen3b_budget128_limit500_seed13/hotpotqa_density_standard_budget128_limit500_per_question.csv
--- budget sweep B=128 seed 7 ---
$ /usr/bin/python3 -m experiments.run_density_router --dataset hotpotqa --limit 500 --seed 7 --ace-retriever standard --top-k 5 --top-k-nodes 48 --max-expanded-docs 5 --embedder sentence-transformers --embedding-model BAAI/bge-small-en-v1.5 --embed-device cuda --compressor truncate --compress-dims 320 --reader-backend hf --reader-model Qwen/Qwen2.5-3B-Instruct --reader-device cuda --reader-batch-size 2 --mmr-lambda 0.7 --budget 128 --out-dir /kaggle/working/colab_results/stage13_budgetsweep_hotpotqa_qwen3b_budget128_limit500_seed7 --split validation
hotpotqa[hf:validation:500]: 4948 docs, 500 questions, 2.00 gold docs/question
[density] retrieving chunk baseline
[chunk] fitting/indexing
[embed] encoding 4948 texts on device=cuda:0

Batches:   0%|          | 0/78 [00:00<?, ?it/s]
Batches:   1%|▏         | 1/78 [00:00<01:14,  1.04it/s]
Batches:   3%|▎         | 2/78 [00:01<00:50,  1.51it/s]
Batches:   4%|▍         | 3/78 [00:01<00:41,  1.79it/s]
Batches:   5%|▌         | 4/78 [00:02<00:35,  2.09it/s]
Batches:   6%|▋         | 5/78 [00:02<00:30,  2.40it/s]
Batches:   8%|▊         | 6/78 [00:02<00:27,  2.58it/s]
Batches:   9%|▉         | 7/78 [00:03<00:25,  2.77it/s]
Batches:  10%|█         | 8/78 [00:03<00:23,  3.02it/s]
Batches:  12%|█▏        | 9/78 [00:03<00:22,  3.05it/s]
Batches:  13%|█▎        | 10/78 [00:04<00:21,  3.15it/s]
Batches:  14%|█▍        | 11/78 [00:04<00:21,  3.15it/s]
Batches:  15%|█▌        | 12/78 [00:04<00:19,  3.38it/s]
Batches:  17%|█▋        | 13/78 [00:04<00:18,  3.58it/s]
Batches:  18%|█▊        | 14/78 [00:05<00:17,  3.67it/s]
Batches:  19%|█▉        | 15/78 [00:05<00:16,  3.84it/s]
Batches:  21%|██        | 16/78 [00:05<00:15,  3.99it/s]
Batches:  22%|██▏       | 17/78 [00:05<00:14,  4.14it/s]
Batches:  23%|██▎       | 18/78 [00:05<00:13,  4.37it/s]
Batches:  24%|██▍       | 19/78 [00:06<00:13,  4.29it/s]
Batches:  26%|██▌       | 20/78 [00:06<00:13,  4.37it/s]
Batches:  27%|██▋       | 21/78 [00:06<00:13,  4.25it/s]
Batches:  28%|██▊       | 22/78 [00:06<00:12,  4.53it/s]
Batches:  29%|██▉       | 23/78 [00:07<00:11,  4.74it/s]
Batches:  31%|███       | 24/78 [00:07<00:10,  4.96it/s]
Batches:  32%|███▏      | 25/78 [00:07<00:10,  5.03it/s]
Batches:  33%|███▎      | 26/78 [00:07<00:10,  5.16it/s]
Batches:  35%|███▍      | 27/78 [00:07<00:09,  5.23it/s]
Batches:  36%|███▌      | 28/78 [00:08<00:10,  4.82it/s]
Batches:  37%|███▋      | 29/78 [00:08<00:09,  5.14it/s]
Batches:  38%|███▊      | 30/78 [00:08<00:09,  5.13it/s]
Batches:  40%|███▉      | 31/78 [00:08<00:08,  5.30it/s]
Batches:  41%|████      | 32/78 [00:08<00:08,  5.28it/s]
Batches:  42%|████▏     | 33/78 [00:08<00:08,  5.48it/s]
Batches:  44%|████▎     | 34/78 [00:09<00:07,  5.94it/s]
Batches:  45%|████▍     | 35/78 [00:09<00:07,  6.03it/s]
Batches:  46%|████▌     | 36/78 [00:09<00:06,  6.03it/s]
Batches:  47%|████▋     | 37/78 [00:09<00:06,  6.05it/s]
Batches:  49%|████▊     | 38/78 [00:09<00:06,  6.19it/s]
Batches:  50%|█████     | 39/78 [00:09<00:05,  6.60it/s]
Batches:  51%|█████▏    | 40/78 [00:09<00:05,  6.64it/s]
Batches:  53%|█████▎    | 41/78 [00:10<00:05,  6.52it/s]
Batches:  54%|█████▍    | 42/78 [00:10<00:05,  6.58it/s]
Batches:  55%|█████▌    | 43/78 [00:10<00:05,  6.50it/s]
Batches:  56%|█████▋    | 44/78 [00:10<00:05,  6.70it/s]
Batches:  58%|█████▊    | 45/78 [00:10<00:04,  6.70it/s]
Batches:  59%|█████▉    | 46/78 [00:10<00:04,  6.85it/s]
Batches:  60%|██████    | 47/78 [00:11<00:04,  7.13it/s]
Batches:  62%|██████▏   | 48/78 [00:11<00:03,  7.54it/s]
Batches:  63%|██████▎   | 49/78 [00:11<00:03,  7.83it/s]
Batches:  64%|██████▍   | 50/78 [00:11<00:03,  8.22it/s]
Batches:  65%|██████▌   | 51/78 [00:11<00:03,  8.13it/s]
Batches:  67%|██████▋   | 52/78 [00:11<00:03,  8.22it/s]
Batches:  68%|██████▊   | 53/78 [00:11<00:02,  8.66it/s]
Batches:  69%|██████▉   | 54/78 [00:11<00:02,  8.04it/s]
Batches:  71%|███████   | 55/78 [00:11<00:02,  8.41it/s]
Batches:  72%|███████▏  | 56/78 [00:12<00:02,  8.78it/s]
Batches:  73%|███████▎  | 57/78 [00:12<00:02,  8.98it/s]
Batches:  74%|███████▍  | 58/78 [00:12<00:02,  9.14it/s]
Batches:  77%|███████▋  | 60/78 [00:12<00:01,  9.84it/s]
Batches:  79%|███████▉  | 62/78 [00:12<00:01, 10.34it/s]
Batches:  82%|████████▏ | 64/78 [00:12<00:01, 10.85it/s]
Batches:  85%|████████▍ | 66/78 [00:12<00:01, 11.06it/s]
Batches:  87%|████████▋ | 68/78 [00:13<00:00, 11.46it/s]
Batches:  90%|████████▉ | 70/78 [00:13<00:00, 12.02it/s]
Batches:  92%|█████████▏| 72/78 [00:13<00:00, 12.61it/s]
Batches:  95%|█████████▍| 74/78 [00:13<00:00, 13.94it/s]
Batches:  97%|█████████▋| 76/78 [00:13<00:00, 15.30it/s]
Batches: 100%|██████████| 78/78 [00:13<00:00,  5.70it/s]
[chunk] retrieving
[embed] encoding 500 texts on device=cuda:0

Batches:   0%|          | 0/8 [00:00<?, ?it/s]
Batches:  38%|███▊      | 3/8 [00:00<00:00, 26.49it/s]
Batches:  88%|████████▊ | 7/8 [00:00<00:00, 32.61it/s]
Batches: 100%|██████████| 8/8 [00:00<00:00, 33.20it/s]
[density] retrieving ACE graph
[ace] building evidence graph
[ace] graph built: nodes=49359 edges=75836
[ace] fitting/indexing embeddings
[embed] encoding 44411 texts on device=cuda:0

Batches:   0%|          | 0/694 [00:00<?, ?it/s]
Batches:   0%|          | 1/694 [00:00<03:41,  3.13it/s]
Batches:   0%|          | 2/694 [00:00<02:23,  4.81it/s]
Batches:   0%|          | 3/694 [00:00<02:11,  5.24it/s]
Batches:   1%|          | 4/694 [00:00<01:54,  6.05it/s]
Batches:   1%|          | 5/694 [00:00<01:40,  6.87it/s]
Batches:   1%|          | 6/694 [00:00<01:35,  7.21it/s]
Batches:   1%|          | 7/694 [00:01<01:30,  7.60it/s]
Batches:   1%|▏         | 9/694 [00:01<01:19,  8.61it/s]
Batches:   1%|▏         | 10/694 [00:01<01:16,  8.92it/s]
Batches:   2%|▏         | 12/694 [00:01<01:09,  9.80it/s]
Batches:   2%|▏         | 14/694 [00:01<01:05, 10.31it/s]
Batches:   2%|▏         | 16/694 [00:01<01:04, 10.44it/s]
Batches:   3%|▎         | 18/694 [00:02<01:06, 10.11it/s]
Batches:   3%|▎         | 20/694 [00:02<01:02, 10.82it/s]
Batches:   3%|▎         | 22/694 [00:02<00:58, 11.42it/s]
Batches:   3%|▎         | 24/694 [00:02<00:57, 11.74it/s]
Batches:   4%|▎         | 26/694 [00:02<00:54, 12.17it/s]
Batches:   4%|▍         | 28/694 [00:02<00:52, 12.71it/s]
Batches:   4%|▍         | 30/694 [00:03<00:55, 11.93it/s]
Batches:   5%|▍         | 32/694 [00:03<00:52, 12.51it/s]
Batches:   5%|▍         | 34/694 [00:03<00:52, 12.66it/s]
Batches:   5%|▌         | 36/694 [00:03<00:51, 12.89it/s]
Batches:   5%|▌         | 38/694 [00:03<00:48, 13.41it/s]
Batches:   6%|▌         | 40/694 [00:03<00:45, 14.22it/s]
Batches:   6%|▌         | 42/694 [00:03<00:46, 14.09it/s]
Batches:   6%|▋         | 44/694 [00:04<00:44, 14.68it/s]
Batches:   7%|▋         | 46/694 [00:04<00:43, 14.87it/s]
Batches:   7%|▋         | 48/694 [00:04<00:41, 15.39it/s]
Batches:   7%|▋         | 50/694 [00:04<00:40, 15.79it/s]
Batches:   7%|▋         | 52/694 [00:04<00:41, 15.39it/s]
Batches:   8%|▊         | 54/694 [00:04<00:40, 15.81it/s]
Batches:   8%|▊         | 56/694 [00:04<00:40, 15.95it/s]
Batches:   8%|▊         | 58/694 [00:04<00:40, 15.56it/s]
Batches:   9%|▊         | 60/694 [00:05<00:40, 15.54it/s]
Batches:   9%|▉         | 62/694 [00:05<00:39, 16.00it/s]
Batches:   9%|▉         | 64/694 [00:05<00:38, 16.51it/s]
Batches:  10%|▉         | 66/694 [00:05<00:37, 16.73it/s]
Batches:  10%|▉         | 68/694 [00:05<00:36, 17.30it/s]
Batches:  10%|█         | 70/694 [00:05<00:34, 18.01it/s]
Batches:  11%|█         | 73/694 [00:05<00:32, 18.97it/s]
Batches:  11%|█         | 75/694 [00:05<00:32, 19.10it/s]
Batches:  11%|█         | 77/694 [00:05<00:32, 19.01it/s]
Batches:  11%|█▏        | 79/694 [00:06<00:34, 18.02it/s]
Batches:  12%|█▏        | 82/694 [00:06<00:33, 18.54it/s]
Batches:  12%|█▏        | 84/694 [00:06<00:33, 18.32it/s]
Batches:  12%|█▏        | 86/694 [00:06<00:33, 18.24it/s]
Batches:  13%|█▎        | 89/694 [00:06<00:32, 18.63it/s]
Batches:  13%|█▎        | 91/694 [00:06<00:32, 18.78it/s]
Batches:  14%|█▎        | 94/694 [00:06<00:30, 19.49it/s]
Batches:  14%|█▍        | 97/694 [00:07<00:29, 20.30it/s]
Batches:  14%|█▍        | 100/694 [00:07<00:31, 18.90it/s]
Batches:  15%|█▍        | 102/694 [00:07<00:30, 19.13it/s]
Batches:  15%|█▌        | 105/694 [00:07<00:29, 19.94it/s]
Batches:  16%|█▌        | 108/694 [00:07<00:29, 19.85it/s]
Batches:  16%|█▌        | 110/694 [00:07<00:31, 18.72it/s]
Batches:  16%|█▋        | 113/694 [00:07<00:29, 19.56it/s]
Batches:  17%|█▋        | 115/694 [00:07<00:29, 19.60it/s]
Batches:  17%|█▋        | 118/694 [00:08<00:28, 20.11it/s]
Batches:  17%|█▋        | 121/694 [00:08<00:27, 20.66it/s]
Batches:  18%|█▊        | 124/694 [00:08<00:27, 20.63it/s]
Batches:  18%|█▊        | 127/694 [00:08<00:26, 21.06it/s]
Batches:  19%|█▊        | 130/694 [00:08<00:26, 21.21it/s]
Batches:  19%|█▉        | 133/694 [00:08<00:26, 21.17it/s]
Batches:  20%|█▉        | 136/694 [00:08<00:25, 21.52it/s]
Batches:  20%|██        | 139/694 [00:09<00:25, 21.63it/s]
Batches:  20%|██        | 142/694 [00:09<00:24, 22.58it/s]
Batches:  21%|██        | 145/694 [00:09<00:24, 22.85it/s]
Batches:  21%|██▏       | 148/694 [00:09<00:23, 22.79it/s]
Batches:  22%|██▏       | 151/694 [00:09<00:23, 22.94it/s]
Batches:  22%|██▏       | 154/694 [00:09<00:23, 22.92it/s]
Batches:  23%|██▎       | 157/694 [00:09<00:23, 23.06it/s]
Batches:  23%|██▎       | 160/694 [00:09<00:22, 23.89it/s]
Batches:  23%|██▎       | 163/694 [00:10<00:21, 24.17it/s]
Batches:  24%|██▍       | 166/694 [00:10<00:21, 24.18it/s]
Batches:  24%|██▍       | 169/694 [00:10<00:23, 22.54it/s]
Batches:  25%|██▍       | 172/694 [00:10<00:22, 23.15it/s]
Batches:  25%|██▌       | 175/694 [00:10<00:21, 23.75it/s]
Batches:  26%|██▌       | 178/694 [00:10<00:22, 23.44it/s]
Batches:  26%|██▌       | 181/694 [00:10<00:21, 23.78it/s]
Batches:  27%|██▋       | 184/694 [00:10<00:21, 23.77it/s]
Batches:  27%|██▋       | 187/694 [00:11<00:20, 24.28it/s]
Batches:  27%|██▋       | 190/694 [00:11<00:20, 24.49it/s]
Batches:  28%|██▊       | 193/694 [00:11<00:20, 24.71it/s]
Batches:  28%|██▊       | 196/694 [00:11<00:20, 24.75it/s]
Batches:  29%|██▊       | 199/694 [00:11<00:19, 26.02it/s]
Batches:  29%|██▉       | 202/694 [00:11<00:18, 26.61it/s]
Batches:  30%|██▉       | 205/694 [00:11<00:17, 27.29it/s]
Batches:  30%|██▉       | 208/694 [00:11<00:17, 27.25it/s]
Batches:  30%|███       | 211/694 [00:11<00:17, 27.86it/s]
Batches:  31%|███       | 214/694 [00:12<00:17, 28.22it/s]
Batches:  31%|███▏      | 217/694 [00:12<00:17, 27.96it/s]
Batches:  32%|███▏      | 220/694 [00:12<00:17, 27.75it/s]
Batches:  32%|███▏      | 224/694 [00:12<00:16, 28.82it/s]
Batches:  33%|███▎      | 227/694 [00:12<00:16, 29.14it/s]
Batches:  33%|███▎      | 231/694 [00:12<00:15, 29.45it/s]
Batches:  34%|███▍      | 235/694 [00:12<00:15, 30.20it/s]
Batches:  34%|███▍      | 239/694 [00:12<00:14, 30.58it/s]
Batches:  35%|███▌      | 243/694 [00:13<00:14, 30.99it/s]
Batches:  36%|███▌      | 247/694 [00:13<00:14, 31.79it/s]
Batches:  36%|███▌      | 251/694 [00:13<00:14, 31.54it/s]
Batches:  37%|███▋      | 255/694 [00:13<00:13, 31.50it/s]
Batches:  37%|███▋      | 259/694 [00:13<00:13, 31.33it/s]
Batches:  38%|███▊      | 263/694 [00:13<00:13, 31.06it/s]
Batches:  38%|███▊      | 267/694 [00:13<00:13, 32.57it/s]
Batches:  39%|███▉      | 271/694 [00:13<00:12, 34.19it/s]
Batches:  40%|███▉      | 275/694 [00:14<00:12, 34.78it/s]
Batches:  40%|████      | 279/694 [00:14<00:11, 35.14it/s]
Batches:  41%|████      | 284/694 [00:14<00:11, 36.98it/s]
Batches:  41%|████▏     | 288/694 [00:14<00:10, 37.23it/s]
Batches:  42%|████▏     | 292/694 [00:14<00:10, 37.62it/s]
Batches:  43%|████▎     | 297/694 [00:14<00:10, 38.74it/s]
Batches:  44%|████▎     | 302/694 [00:14<00:09, 40.04it/s]
Batches:  44%|████▍     | 307/694 [00:14<00:09, 41.56it/s]
Batches:  45%|████▍     | 312/694 [00:14<00:08, 43.76it/s]
Batches:  46%|████▌     | 318/694 [00:15<00:08, 46.66it/s]
Batches:  47%|████▋     | 324/694 [00:15<00:07, 48.32it/s]
Batches:  48%|████▊     | 330/694 [00:15<00:07, 50.76it/s]
Batches:  48%|████▊     | 336/694 [00:15<00:06, 53.31it/s]
Batches:  49%|████▉     | 343/694 [00:15<00:06, 56.43it/s]
Batches:  50%|█████     | 350/694 [00:15<00:05, 58.19it/s]
Batches:  52%|█████▏    | 358/694 [00:15<00:05, 62.13it/s]
Batches:  53%|█████▎    | 366/694 [00:15<00:05, 65.47it/s]
Batches:  54%|█████▍    | 374/694 [00:15<00:04, 67.51it/s]
Batches:  55%|█████▌    | 382/694 [00:15<00:04, 69.65it/s]
Batches:  56%|█████▌    | 390/694 [00:16<00:04, 71.72it/s]
Batches:  57%|█████▋    | 398/694 [00:16<00:04, 73.23it/s]
Batches:  59%|█████▊    | 406/694 [00:16<00:03, 75.06it/s]
Batches:  60%|█████▉    | 414/694 [00:16<00:03, 76.33it/s]
Batches:  61%|██████    | 422/694 [00:16<00:03, 76.52it/s]
Batches:  62%|██████▏   | 431/694 [00:16<00:03, 78.85it/s]
Batches:  63%|██████▎   | 440/694 [00:16<00:03, 80.98it/s]
Batches:  65%|██████▍   | 449/694 [00:16<00:02, 82.42it/s]
Batches:  66%|██████▌   | 458/694 [00:16<00:02, 83.42it/s]
Batches:  67%|██████▋   | 467/694 [00:17<00:02, 84.44it/s]
Batches:  69%|██████▊   | 476/694 [00:17<00:02, 84.35it/s]
Batches:  70%|███████   | 486/694 [00:17<00:02, 86.25it/s]
Batches:  71%|███████▏  | 495/694 [00:17<00:02, 86.96it/s]
Batches:  73%|███████▎  | 504/694 [00:17<00:02, 87.20it/s]
Batches:  74%|███████▍  | 513/694 [00:17<00:02, 87.86it/s]
Batches:  75%|███████▌  | 523/694 [00:17<00:01, 89.66it/s]
Batches:  77%|███████▋  | 533/694 [00:17<00:01, 91.27it/s]
Batches:  78%|███████▊  | 543/694 [00:17<00:01, 92.54it/s]
Batches:  80%|███████▉  | 553/694 [00:17<00:01, 93.98it/s]
Batches:  81%|████████  | 563/694 [00:18<00:01, 95.12it/s]
Batches:  83%|████████▎ | 574/694 [00:18<00:01, 96.74it/s]
Batches:  84%|████████▍ | 584/694 [00:18<00:01, 96.64it/s]
Batches:  86%|████████▌ | 595/694 [00:18<00:01, 98.13it/s]
Batches:  87%|████████▋ | 606/694 [00:18<00:00, 99.48it/s]
Batches:  89%|████████▉ | 617/694 [00:18<00:00, 100.60it/s]
Batches:  90%|█████████ | 628/694 [00:18<00:00, 100.76it/s]
Batches:  92%|█████████▏| 639/694 [00:18<00:00, 100.04it/s]
Batches:  94%|█████████▎| 650/694 [00:18<00:00, 100.62it/s]
Batches:  95%|█████████▌| 661/694 [00:19<00:00, 101.56it/s]
Batches:  97%|█████████▋| 672/694 [00:19<00:00, 101.77it/s]
Batches:  98%|█████████▊| 683/694 [00:19<00:00, 98.11it/s]
Batches: 100%|█████████▉| 693/694 [00:19<00:00, 95.42it/s]
Batches: 100%|██████████| 694/694 [00:19<00:00, 35.77it/s]
[ace] retrieving
[embed] encoding 500 texts on device=cuda:0

Batches:   0%|          | 0/8 [00:00<?, ?it/s]
Batches:  38%|███▊      | 3/8 [00:00<00:00, 25.69it/s]
Batches:  88%|████████▊ | 7/8 [00:00<00:00, 31.71it/s]
Batches: 100%|██████████| 8/8 [00:00<00:00, 32.43it/s]
[density] loading reader once
`torch_dtype` is deprecated! Use `dtype` instead!

Loading checkpoint shards:   0%|          | 0/2 [00:00<?, ?it/s]
Loading checkpoint shards:  50%|█████     | 1/2 [00:02<00:02,  2.55s/it]
Loading checkpoint shards: 100%|██████████| 2/2 [00:03<00:00,  1.86s/it]
Loading checkpoint shards: 100%|██████████| 2/2 [00:03<00:00,  1.96s/it]
[reader] loaded Qwen/Qwen2.5-3B-Instruct (device_map=None, 4bit=False) entry=cuda:0
[density] materializing policy=chunk_packed_128
[density] generating policy=chunk_packed_128
The following generation flags are not valid and may be ignored: ['temperature', 'top_p', 'top_k']. Set `TRANSFORMERS_VERBOSITY=info` for more details.
[reader] generated 2/500
[reader] generated 4/500
[reader] generated 6/500
[reader] generated 8/500
[reader] generated 10/500
[reader] generated 12/500
[reader] generated 14/500
[reader] generated 16/500
[reader] generated 18/500
[reader] generated 20/500
[reader] generated 22/500
[reader] generated 24/500
[reader] generated 26/500
[reader] generated 28/500
[reader] generated 30/500
[reader] generated 32/500
[reader] generated 34/500
[reader] generated 36/500
[reader] generated 38/500
[reader] generated 40/500
[reader] generated 42/500
[reader] generated 44/500
[reader] generated 46/500
[reader] generated 48/500
[reader] generated 50/500
[reader] generated 52/500
[reader] generated 54/500
[reader] generated 56/500
[reader] generated 58/500
[reader] generated 60/500
[reader] generated 62/500
[reader] generated 64/500
[reader] generated 66/500
[reader] generated 68/500
[reader] generated 70/500
[reader] generated 72/500
[reader] generated 74/500
[reader] generated 76/500
[reader] generated 78/500
[reader] generated 80/500
[reader] generated 82/500
[reader] generated 84/500
[reader] generated 86/500
[reader] generated 88/500
[reader] generated 90/500
[reader] generated 92/500
[reader] generated 94/500
[reader] generated 96/500
[reader] generated 98/500
[reader] generated 100/500
[reader] generated 102/500
[reader] generated 104/500
[reader] generated 106/500
[reader] generated 108/500
[reader] generated 110/500
[reader] generated 112/500
[reader] generated 114/500
[reader] generated 116/500
[reader] generated 118/500
[reader] generated 120/500
[reader] generated 122/500
[reader] generated 124/500
[reader] generated 126/500
[reader] generated 128/500
[reader] generated 130/500
[reader] generated 132/500
[reader] generated 134/500
[reader] generated 136/500
[reader] generated 138/500
[reader] generated 140/500
[reader] generated 142/500
[reader] generated 144/500
[reader] generated 146/500
[reader] generated 148/500
[reader] generated 150/500
[reader] generated 152/500
[reader] generated 154/500
[reader] generated 156/500
[reader] generated 158/500
[reader] generated 160/500
[reader] generated 162/500
[reader] generated 164/500
[reader] generated 166/500
[reader] generated 168/500
[reader] generated 170/500
[reader] generated 172/500
[reader] generated 174/500
[reader] generated 176/500
[reader] generated 178/500
[reader] generated 180/500
[reader] generated 182/500
[reader] generated 184/500
[reader] generated 186/500
[reader] generated 188/500
[reader] generated 190/500
[reader] generated 192/500
[reader] generated 194/500
[reader] generated 196/500
[reader] generated 198/500
[reader] generated 200/500
[reader] generated 202/500
[reader] generated 204/500
[reader] generated 206/500
[reader] generated 208/500
[reader] generated 210/500
[reader] generated 212/500
[reader] generated 214/500
[reader] generated 216/500
[reader] generated 218/500
[reader] generated 220/500
[reader] generated 222/500
[reader] generated 224/500
[reader] generated 226/500
[reader] generated 228/500
[reader] generated 230/500
[reader] generated 232/500
[reader] generated 234/500
[reader] generated 236/500
[reader] generated 238/500
[reader] generated 240/500
[reader] generated 242/500
[reader] generated 244/500
[reader] generated 246/500
[reader] generated 248/500
[reader] generated 250/500
[reader] generated 252/500
[reader] generated 254/500
[reader] generated 256/500
[reader] generated 258/500
[reader] generated 260/500
[reader] generated 262/500
[reader] generated 264/500
[reader] generated 266/500
[reader] generated 268/500
[reader] generated 270/500
[reader] generated 272/500
[reader] generated 274/500
[reader] generated 276/500
[reader] generated 278/500
[reader] generated 280/500
[reader] generated 282/500
[reader] generated 284/500
[reader] generated 286/500
[reader] generated 288/500
[reader] generated 290/500
[reader] generated 292/500
[reader] generated 294/500
[reader] generated 296/500
[reader] generated 298/500
[reader] generated 300/500
[reader] generated 302/500
[reader] generated 304/500
[reader] generated 306/500
[reader] generated 308/500
[reader] generated 310/500
[reader] generated 312/500
[reader] generated 314/500
[reader] generated 316/500
[reader] generated 318/500
[reader] generated 320/500
[reader] generated 322/500
[reader] generated 324/500
[reader] generated 326/500
[reader] generated 328/500
[reader] generated 330/500
[reader] generated 332/500
[reader] generated 334/500
[reader] generated 336/500
[reader] generated 338/500
[reader] generated 340/500
[reader] generated 342/500
[reader] generated 344/500
[reader] generated 346/500
[reader] generated 348/500
[reader] generated 350/500
[reader] generated 352/500
[reader] generated 354/500
[reader] generated 356/500
[reader] generated 358/500
[reader] generated 360/500
[reader] generated 362/500
[reader] generated 364/500
[reader] generated 366/500
[reader] generated 368/500
[reader] generated 370/500
[reader] generated 372/500
[reader] generated 374/500
[reader] generated 376/500
[reader] generated 378/500
[reader] generated 380/500
[reader] generated 382/500
[reader] generated 384/500
[reader] generated 386/500
[reader] generated 388/500
[reader] generated 390/500
[reader] generated 392/500
[reader] generated 394/500
[reader] generated 396/500
[reader] generated 398/500
[reader] generated 400/500
[reader] generated 402/500
[reader] generated 404/500
[reader] generated 406/500
[reader] generated 408/500
[reader] generated 410/500
[reader] generated 412/500
[reader] generated 414/500
[reader] generated 416/500
[reader] generated 418/500
[reader] generated 420/500
[reader] generated 422/500
[reader] generated 424/500
[reader] generated 426/500
[reader] generated 428/500
[reader] generated 430/500
[reader] generated 432/500
[reader] generated 434/500
[reader] generated 436/500
[reader] generated 438/500
[reader] generated 440/500
[reader] generated 442/500
[reader] generated 444/500
[reader] generated 446/500
[reader] generated 448/500
[reader] generated 450/500
[reader] generated 452/500
[reader] generated 454/500
[reader] generated 456/500
[reader] generated 458/500
[reader] generated 460/500
[reader] generated 462/500
[reader] generated 464/500
[reader] generated 466/500
[reader] generated 468/500
[reader] generated 470/500
[reader] generated 472/500
[reader] generated 474/500
[reader] generated 476/500
[reader] generated 478/500
[reader] generated 480/500
[reader] generated 482/500
[reader] generated 484/500
[reader] generated 486/500
[reader] generated 488/500
[reader] generated 490/500
[reader] generated 492/500
[reader] generated 494/500
[reader] generated 496/500
[reader] generated 498/500
[reader] generated 500/500
[density] policy=chunk_packed_128, router_type=fixed, representation=chunk, packer=packed, reader_model=Qwen/Qwen2.5-3B-Instruct, packed_token_budget=128, recall@1=0.438, all_gold@1=0.0, recall@2=0.712, all_gold@2=0.49, recall@5=0.876, all_gold@5=0.764, qwen_em=0.264, qwen_f1=0.3561, avg_reader_evidence_tokens=119.04, mean_ans_in_context=0.508, mean_ans_in_context_soft=0.5823, mean_gold_token_density=0.4081, mean_gold_doc_reader_cov=0.584, mean_all_gold_reader=0.314, mean_distractor_docs=1.67, mean_context_tokens=119.036, mean_n_snippets=2.91
[density] materializing policy=chunk_focused_128
[density] generating policy=chunk_focused_128
[reader] generated 2/500
[reader] generated 4/500
[reader] generated 6/500
[reader] generated 8/500
[reader] generated 10/500
[reader] generated 12/500
[reader] generated 14/500
[reader] generated 16/500
[reader] generated 18/500
[reader] generated 20/500
[reader] generated 22/500
[reader] generated 24/500
[reader] generated 26/500
[reader] generated 28/500
[reader] generated 30/500
[reader] generated 32/500
[reader] generated 34/500
[reader] generated 36/500
[reader] generated 38/500
[reader] generated 40/500
[reader] generated 42/500
[reader] generated 44/500
[reader] generated 46/500
[reader] generated 48/500
[reader] generated 50/500
[reader] generated 52/500
[reader] generated 54/500
[reader] generated 56/500
[reader] generated 58/500
[reader] generated 60/500
[reader] generated 62/500
[reader] generated 64/500
[reader] generated 66/500
[reader] generated 68/500
[reader] generated 70/500
[reader] generated 72/500
[reader] generated 74/500
[reader] generated 76/500
[reader] generated 78/500
[reader] generated 80/500
[reader] generated 82/500
[reader] generated 84/500
[reader] generated 86/500
[reader] generated 88/500
[reader] generated 90/500
[reader] generated 92/500
[reader] generated 94/500
[reader] generated 96/500
[reader] generated 98/500
[reader] generated 100/500
[reader] generated 102/500
[reader] generated 104/500
[reader] generated 106/500
[reader] generated 108/500
[reader] generated 110/500
[reader] generated 112/500
[reader] generated 114/500
[reader] generated 116/500
[reader] generated 118/500
[reader] generated 120/500
[reader] generated 122/500
[reader] generated 124/500
[reader] generated 126/500
[reader] generated 128/500
[reader] generated 130/500
[reader] generated 132/500
[reader] generated 134/500
[reader] generated 136/500
[reader] generated 138/500
[reader] generated 140/500
[reader] generated 142/500
[reader] generated 144/500
[reader] generated 146/500
[reader] generated 148/500
[reader] generated 150/500
[reader] generated 152/500
[reader] generated 154/500
[reader] generated 156/500
[reader] generated 158/500
[reader] generated 160/500
[reader] generated 162/500
[reader] generated 164/500
[reader] generated 166/500
[reader] generated 168/500
[reader] generated 170/500
[reader] generated 172/500
[reader] generated 174/500
[reader] generated 176/500
[reader] generated 178/500
[reader] generated 180/500
[reader] generated 182/500
[reader] generated 184/500
[reader] generated 186/500
[reader] generated 188/500
[reader] generated 190/500
[reader] generated 192/500
[reader] generated 194/500
[reader] generated 196/500
[reader] generated 198/500
[reader] generated 200/500
[reader] generated 202/500
[reader] generated 204/500
[reader] generated 206/500
[reader] generated 208/500
[reader] generated 210/500
[reader] generated 212/500
[reader] generated 214/500
[reader] generated 216/500
[reader] generated 218/500
[reader] generated 220/500
[reader] generated 222/500
[reader] generated 224/500
[reader] generated 226/500
[reader] generated 228/500
[reader] generated 230/500
[reader] generated 232/500
[reader] generated 234/500
[reader] generated 236/500
[reader] generated 238/500
[reader] generated 240/500
[reader] generated 242/500
[reader] generated 244/500
[reader] generated 246/500
[reader] generated 248/500
[reader] generated 250/500
[reader] generated 252/500
[reader] generated 254/500
[reader] generated 256/500
[reader] generated 258/500
[reader] generated 260/500
[reader] generated 262/500
[reader] generated 264/500
[reader] generated 266/500
[reader] generated 268/500
[reader] generated 270/500
[reader] generated 272/500
[reader] generated 274/500
[reader] generated 276/500
[reader] generated 278/500
[reader] generated 280/500
[reader] generated 282/500
[reader] generated 284/500
[reader] generated 286/500
[reader] generated 288/500
[reader] generated 290/500
[reader] generated 292/500
[reader] generated 294/500
[reader] generated 296/500
[reader] generated 298/500
[reader] generated 300/500
[reader] generated 302/500
[reader] generated 304/500
[reader] generated 306/500
[reader] generated 308/500
[reader] generated 310/500
[reader] generated 312/500
[reader] generated 314/500
[reader] generated 316/500
[reader] generated 318/500
[reader] generated 320/500
[reader] generated 322/500
[reader] generated 324/500
[reader] generated 326/500
[reader] generated 328/500
[reader] generated 330/500
[reader] generated 332/500
[reader] generated 334/500
[reader] generated 336/500
[reader] generated 338/500
[reader] generated 340/500
[reader] generated 342/500
[reader] generated 344/500
[reader] generated 346/500
[reader] generated 348/500
[reader] generated 350/500
[reader] generated 352/500
[reader] generated 354/500
[reader] generated 356/500
[reader] generated 358/500
[reader] generated 360/500
[reader] generated 362/500
[reader] generated 364/500
[reader] generated 366/500
[reader] generated 368/500
[reader] generated 370/500
[reader] generated 372/500
[reader] generated 374/500
[reader] generated 376/500
[reader] generated 378/500
[reader] generated 380/500
[reader] generated 382/500
[reader] generated 384/500
[reader] generated 386/500
[reader] generated 388/500
[reader] generated 390/500
[reader] generated 392/500
[reader] generated 394/500
[reader] generated 396/500
[reader] generated 398/500
[reader] generated 400/500
[reader] generated 402/500
[reader] generated 404/500
[reader] generated 406/500
[reader] generated 408/500
[reader] generated 410/500
[reader] generated 412/500
[reader] generated 414/500
[reader] generated 416/500
[reader] generated 418/500
[reader] generated 420/500
[reader] generated 422/500
[reader] generated 424/500
[reader] generated 426/500
[reader] generated 428/500
[reader] generated 430/500
[reader] generated 432/500
[reader] generated 434/500
[reader] generated 436/500
[reader] generated 438/500
[reader] generated 440/500
[reader] generated 442/500
[reader] generated 444/500
[reader] generated 446/500
[reader] generated 448/500
[reader] generated 450/500
[reader] generated 452/500
[reader] generated 454/500
[reader] generated 456/500
[reader] generated 458/500
[reader] generated 460/500
[reader] generated 462/500
[reader] generated 464/500
[reader] generated 466/500
[reader] generated 468/500
[reader] generated 470/500
[reader] generated 472/500
[reader] generated 474/500
[reader] generated 476/500
[reader] generated 478/500
[reader] generated 480/500
[reader] generated 482/500
[reader] generated 484/500
[reader] generated 486/500
[reader] generated 488/500
[reader] generated 490/500
[reader] generated 492/500
[reader] generated 494/500
[reader] generated 496/500
[reader] generated 498/500
[reader] generated 500/500
[density] policy=chunk_focused_128, router_type=fixed, representation=chunk, packer=focused, reader_model=Qwen/Qwen2.5-3B-Instruct, packed_token_budget=128, recall@1=0.438, all_gold@1=0.0, recall@2=0.712, all_gold@2=0.49, recall@5=0.876, all_gold@5=0.764, qwen_em=0.334, qwen_f1=0.4407, avg_reader_evidence_tokens=119.47, mean_ans_in_context=0.606, mean_ans_in_context_soft=0.668, mean_gold_token_density=0.5561, mean_gold_doc_reader_cov=0.664, mean_all_gold_reader=0.404, mean_distractor_docs=1.214, mean_context_tokens=119.468, mean_n_snippets=2.704
[density] materializing policy=chunk_mmr_128
[density] generating policy=chunk_mmr_128
[reader] generated 2/500
[reader] generated 4/500
[reader] generated 6/500
[reader] generated 8/500
[reader] generated 10/500
[reader] generated 12/500
[reader] generated 14/500
[reader] generated 16/500
[reader] generated 18/500
[reader] generated 20/500
[reader] generated 22/500
[reader] generated 24/500
[reader] generated 26/500
[reader] generated 28/500
[reader] generated 30/500
[reader] generated 32/500
[reader] generated 34/500
[reader] generated 36/500
[reader] generated 38/500
[reader] generated 40/500
[reader] generated 42/500
[reader] generated 44/500
[reader] generated 46/500
[reader] generated 48/500
[reader] generated 50/500
[reader] generated 52/500
[reader] generated 54/500
[reader] generated 56/500
[reader] generated 58/500
[reader] generated 60/500
[reader] generated 62/500
[reader] generated 64/500
[reader] generated 66/500
[reader] generated 68/500
[reader] generated 70/500
[reader] generated 72/500
[reader] generated 74/500
[reader] generated 76/500
[reader] generated 78/500
[reader] generated 80/500
[reader] generated 82/500
[reader] generated 84/500
[reader] generated 86/500
[reader] generated 88/500
[reader] generated 90/500
[reader] generated 92/500
[reader] generated 94/500
[reader] generated 96/500
[reader] generated 98/500
[reader] generated 100/500
[reader] generated 102/500
[reader] generated 104/500
[reader] generated 106/500
[reader] generated 108/500
[reader] generated 110/500
[reader] generated 112/500
[reader] generated 114/500
[reader] generated 116/500
[reader] generated 118/500
[reader] generated 120/500
[reader] generated 122/500
[reader] generated 124/500
[reader] generated 126/500
[reader] generated 128/500
[reader] generated 130/500
[reader] generated 132/500
[reader] generated 134/500
[reader] generated 136/500
[reader] generated 138/500
[reader] generated 140/500
[reader] generated 142/500
[reader] generated 144/500
[reader] generated 146/500
[reader] generated 148/500
[reader] generated 150/500
[reader] generated 152/500
[reader] generated 154/500
[reader] generated 156/500
[reader] generated 158/500
[reader] generated 160/500
[reader] generated 162/500
[reader] generated 164/500
[reader] generated 166/500
[reader] generated 168/500
[reader] generated 170/500
[reader] generated 172/500
[reader] generated 174/500
[reader] generated 176/500
[reader] generated 178/500
[reader] generated 180/500
[reader] generated 182/500
[reader] generated 184/500
[reader] generated 186/500
[reader] generated 188/500
[reader] generated 190/500
[reader] generated 192/500
[reader] generated 194/500
[reader] generated 196/500
[reader] generated 198/500
[reader] generated 200/500
[reader] generated 202/500
[reader] generated 204/500
[reader] generated 206/500
[reader] generated 208/500
[reader] generated 210/500
[reader] generated 212/500
[reader] generated 214/500
[reader] generated 216/500
[reader] generated 218/500
[reader] generated 220/500
[reader] generated 222/500
[reader] generated 224/500
[reader] generated 226/500
[reader] generated 228/500
[reader] generated 230/500
[reader] generated 232/500
[reader] generated 234/500
[reader] generated 236/500
[reader] generated 238/500
[reader] generated 240/500
[reader] generated 242/500
[reader] generated 244/500
[reader] generated 246/500
[reader] generated 248/500
[reader] generated 250/500
[reader] generated 252/500
[reader] generated 254/500
[reader] generated 256/500
[reader] generated 258/500
[reader] generated 260/500
[reader] generated 262/500
[reader] generated 264/500
[reader] generated 266/500
[reader] generated 268/500
[reader] generated 270/500
[reader] generated 272/500
[reader] generated 274/500
[reader] generated 276/500
[reader] generated 278/500
[reader] generated 280/500
[reader] generated 282/500
[reader] generated 284/500
[reader] generated 286/500
[reader] generated 288/500
[reader] generated 290/500
[reader] generated 292/500
[reader] generated 294/500
[reader] generated 296/500
[reader] generated 298/500
[reader] generated 300/500
[reader] generated 302/500
[reader] generated 304/500
[reader] generated 306/500
[reader] generated 308/500
[reader] generated 310/500
[reader] generated 312/500
[reader] generated 314/500
[reader] generated 316/500
[reader] generated 318/500
[reader] generated 320/500
[reader] generated 322/500
[reader] generated 324/500
[reader] generated 326/500
[reader] generated 328/500
[reader] generated 330/500
[reader] generated 332/500
[reader] generated 334/500
[reader] generated 336/500
[reader] generated 338/500
[reader] generated 340/500
[reader] generated 342/500
[reader] generated 344/500
[reader] generated 346/500
[reader] generated 348/500
[reader] generated 350/500
[reader] generated 352/500
[reader] generated 354/500
[reader] generated 356/500
[reader] generated 358/500
[reader] generated 360/500
[reader] generated 362/500
[reader] generated 364/500
[reader] generated 366/500
[reader] generated 368/500
[reader] generated 370/500
[reader] generated 372/500
[reader] generated 374/500
[reader] generated 376/500
[reader] generated 378/500
[reader] generated 380/500
[reader] generated 382/500
[reader] generated 384/500
[reader] generated 386/500
[reader] generated 388/500
[reader] generated 390/500
[reader] generated 392/500
[reader] generated 394/500
[reader] generated 396/500
[reader] generated 398/500
[reader] generated 400/500
[reader] generated 402/500
[reader] generated 404/500
[reader] generated 406/500
[reader] generated 408/500
[reader] generated 410/500
[reader] generated 412/500
[reader] generated 414/500
[reader] generated 416/500
[reader] generated 418/500
[reader] generated 420/500
[reader] generated 422/500
[reader] generated 424/500
[reader] generated 426/500
[reader] generated 428/500
[reader] generated 430/500
[reader] generated 432/500
[reader] generated 434/500
[reader] generated 436/500
[reader] generated 438/500
[reader] generated 440/500
[reader] generated 442/500
[reader] generated 444/500
[reader] generated 446/500
[reader] generated 448/500
[reader] generated 450/500
[reader] generated 452/500
[reader] generated 454/500
[reader] generated 456/500
[reader] generated 458/500
[reader] generated 460/500
[reader] generated 462/500
[reader] generated 464/500
[reader] generated 466/500
[reader] generated 468/500
[reader] generated 470/500
[reader] generated 472/500
[reader] generated 474/500
[reader] generated 476/500
[reader] generated 478/500
[reader] generated 480/500
[reader] generated 482/500
[reader] generated 484/500
[reader] generated 486/500
[reader] generated 488/500
[reader] generated 490/500
[reader] generated 492/500
[reader] generated 494/500
[reader] generated 496/500
[reader] generated 498/500
[reader] generated 500/500
[density] policy=chunk_mmr_128, router_type=fixed, representation=chunk, packer=mmr, reader_model=Qwen/Qwen2.5-3B-Instruct, packed_token_budget=128, recall@1=0.438, all_gold@1=0.0, recall@2=0.712, all_gold@2=0.49, recall@5=0.876, all_gold@5=0.764, qwen_em=0.314, qwen_f1=0.403, avg_reader_evidence_tokens=119.49, mean_ans_in_context=0.586, mean_ans_in_context_soft=0.6497, mean_gold_token_density=0.5119, mean_gold_doc_reader_cov=0.607, mean_all_gold_reader=0.328, mean_distractor_docs=1.29, mean_context_tokens=119.488, mean_n_snippets=2.786
[density] materializing policy=chunk_submod_128
[density] generating policy=chunk_submod_128
[reader] generated 2/500
[reader] generated 4/500
[reader] generated 6/500
[reader] generated 8/500
[reader] generated 10/500
[reader] generated 12/500
[reader] generated 14/500
[reader] generated 16/500
[reader] generated 18/500
[reader] generated 20/500
[reader] generated 22/500
[reader] generated 24/500
[reader] generated 26/500
[reader] generated 28/500
[reader] generated 30/500
[reader] generated 32/500
[reader] generated 34/500
[reader] generated 36/500
[reader] generated 38/500
[reader] generated 40/500
[reader] generated 42/500
[reader] generated 44/500
[reader] generated 46/500
[reader] generated 48/500
[reader] generated 50/500
[reader] generated 52/500
[reader] generated 54/500
[reader] generated 56/500
[reader] generated 58/500
[reader] generated 60/500
[reader] generated 62/500
[reader] generated 64/500
[reader] generated 66/500
[reader] generated 68/500
[reader] generated 70/500
[reader] generated 72/500
[reader] generated 74/500
[reader] generated 76/500
[reader] generated 78/500
[reader] generated 80/500
[reader] generated 82/500
[reader] generated 84/500
[reader] generated 86/500
[reader] generated 88/500
[reader] generated 90/500
[reader] generated 92/500
[reader] generated 94/500
[reader] generated 96/500
[reader] generated 98/500
[reader] generated 100/500
[reader] generated 102/500
[reader] generated 104/500
[reader] generated 106/500
[reader] generated 108/500
[reader] generated 110/500
[reader] generated 112/500
[reader] generated 114/500
[reader] generated 116/500
[reader] generated 118/500
[reader] generated 120/500
[reader] generated 122/500
[reader] generated 124/500
[reader] generated 126/500
[reader] generated 128/500
[reader] generated 130/500
[reader] generated 132/500
[reader] generated 134/500
[reader] generated 136/500
[reader] generated 138/500
[reader] generated 140/500
[reader] generated 142/500
[reader] generated 144/500
[reader] generated 146/500
[reader] generated 148/500
[reader] generated 150/500
[reader] generated 152/500
[reader] generated 154/500
[reader] generated 156/500
[reader] generated 158/500
[reader] generated 160/500
[reader] generated 162/500
[reader] generated 164/500
[reader] generated 166/500
[reader] generated 168/500
[reader] generated 170/500
[reader] generated 172/500
[reader] generated 174/500
[reader] generated 176/500
[reader] generated 178/500
[reader] generated 180/500
[reader] generated 182/500
[reader] generated 184/500
[reader] generated 186/500
[reader] generated 188/500
[reader] generated 190/500
[reader] generated 192/500
[reader] generated 194/500
[reader] generated 196/500
[reader] generated 198/500
[reader] generated 200/500
[reader] generated 202/500
[reader] generated 204/500
[reader] generated 206/500
[reader] generated 208/500
[reader] generated 210/500
[reader] generated 212/500
[reader] generated 214/500
[reader] generated 216/500
[reader] generated 218/500
[reader] generated 220/500
[reader] generated 222/500
[reader] generated 224/500
[reader] generated 226/500
[reader] generated 228/500
[reader] generated 230/500
[reader] generated 232/500
[reader] generated 234/500
[reader] generated 236/500
[reader] generated 238/500
[reader] generated 240/500
[reader] generated 242/500
[reader] generated 244/500
[reader] generated 246/500
[reader] generated 248/500
[reader] generated 250/500
[reader] generated 252/500
[reader] generated 254/500
[reader] generated 256/500
[reader] generated 258/500
[reader] generated 260/500
[reader] generated 262/500
[reader] generated 264/500
[reader] generated 266/500
[reader] generated 268/500
[reader] generated 270/500
[reader] generated 272/500
[reader] generated 274/500
[reader] generated 276/500
[reader] generated 278/500
[reader] generated 280/500
[reader] generated 282/500
[reader] generated 284/500
[reader] generated 286/500
[reader] generated 288/500
[reader] generated 290/500
[reader] generated 292/500
[reader] generated 294/500
[reader] generated 296/500
[reader] generated 298/500
[reader] generated 300/500
[reader] generated 302/500
[reader] generated 304/500
[reader] generated 306/500
[reader] generated 308/500
[reader] generated 310/500
[reader] generated 312/500
[reader] generated 314/500
[reader] generated 316/500
[reader] generated 318/500
[reader] generated 320/500
[reader] generated 322/500
[reader] generated 324/500
[reader] generated 326/500
[reader] generated 328/500
[reader] generated 330/500
[reader] generated 332/500
[reader] generated 334/500
[reader] generated 336/500
[reader] generated 338/500
[reader] generated 340/500
[reader] generated 342/500
[reader] generated 344/500
[reader] generated 346/500
[reader] generated 348/500
[reader] generated 350/500
[reader] generated 352/500
[reader] generated 354/500
[reader] generated 356/500
[reader] generated 358/500
[reader] generated 360/500
[reader] generated 362/500
[reader] generated 364/500
[reader] generated 366/500
[reader] generated 368/500
[reader] generated 370/500
[reader] generated 372/500
[reader] generated 374/500
[reader] generated 376/500
[reader] generated 378/500
[reader] generated 380/500
[reader] generated 382/500
[reader] generated 384/500
[reader] generated 386/500
[reader] generated 388/500
[reader] generated 390/500
[reader] generated 392/500
[reader] generated 394/500
[reader] generated 396/500
[reader] generated 398/500
[reader] generated 400/500
[reader] generated 402/500
[reader] generated 404/500
[reader] generated 406/500
[reader] generated 408/500
[reader] generated 410/500
[reader] generated 412/500
[reader] generated 414/500
[reader] generated 416/500
[reader] generated 418/500
[reader] generated 420/500
[reader] generated 422/500
[reader] generated 424/500
[reader] generated 426/500
[reader] generated 428/500
[reader] generated 430/500
[reader] generated 432/500
[reader] generated 434/500
[reader] generated 436/500
[reader] generated 438/500
[reader] generated 440/500
[reader] generated 442/500
[reader] generated 444/500
[reader] generated 446/500
[reader] generated 448/500
[reader] generated 450/500
[reader] generated 452/500
[reader] generated 454/500
[reader] generated 456/500
[reader] generated 458/500
[reader] generated 460/500
[reader] generated 462/500
[reader] generated 464/500
[reader] generated 466/500
[reader] generated 468/500
[reader] generated 470/500
[reader] generated 472/500
[reader] generated 474/500
[reader] generated 476/500
[reader] generated 478/500
[reader] generated 480/500
[reader] generated 482/500
[reader] generated 484/500
[reader] generated 486/500
[reader] generated 488/500
[reader] generated 490/500
[reader] generated 492/500
[reader] generated 494/500
[reader] generated 496/500
[reader] generated 498/500
[reader] generated 500/500
[density] policy=chunk_submod_128, router_type=fixed, representation=chunk, packer=submod, reader_model=Qwen/Qwen2.5-3B-Instruct, packed_token_budget=128, recall@1=0.438, all_gold@1=0.0, recall@2=0.712, all_gold@2=0.49, recall@5=0.876, all_gold@5=0.764, qwen_em=0.336, qwen_f1=0.4343, avg_reader_evidence_tokens=113.72, mean_ans_in_context=0.582, mean_ans_in_context_soft=0.648, mean_gold_token_density=0.4761, mean_gold_doc_reader_cov=0.701, mean_all_gold_reader=0.462, mean_distractor_docs=1.826, mean_context_tokens=113.718, mean_n_snippets=3.814
[density] materializing policy=ace_focused_128
[density] generating policy=ace_focused_128
[reader] generated 2/500
[reader] generated 4/500
[reader] generated 6/500
[reader] generated 8/500
[reader] generated 10/500
[reader] generated 12/500
[reader] generated 14/500
[reader] generated 16/500
[reader] generated 18/500
[reader] generated 20/500
[reader] generated 22/500
[reader] generated 24/500
[reader] generated 26/500
[reader] generated 28/500
[reader] generated 30/500
[reader] generated 32/500
[reader] generated 34/500
[reader] generated 36/500
[reader] generated 38/500
[reader] generated 40/500
[reader] generated 42/500
[reader] generated 44/500
[reader] generated 46/500
[reader] generated 48/500
[reader] generated 50/500
[reader] generated 52/500
[reader] generated 54/500
[reader] generated 56/500
[reader] generated 58/500
[reader] generated 60/500
[reader] generated 62/500
[reader] generated 64/500
[reader] generated 66/500
[reader] generated 68/500
[reader] generated 70/500
[reader] generated 72/500
[reader] generated 74/500
[reader] generated 76/500
[reader] generated 78/500
[reader] generated 80/500
[reader] generated 82/500
[reader] generated 84/500
[reader] generated 86/500
[reader] generated 88/500
[reader] generated 90/500
[reader] generated 92/500
[reader] generated 94/500
[reader] generated 96/500
[reader] generated 98/500
[reader] generated 100/500
[reader] generated 102/500
[reader] generated 104/500
[reader] generated 106/500
[reader] generated 108/500
[reader] generated 110/500
[reader] generated 112/500
[reader] generated 114/500
[reader] generated 116/500
[reader] generated 118/500
[reader] generated 120/500
[reader] generated 122/500
[reader] generated 124/500
[reader] generated 126/500
[reader] generated 128/500
[reader] generated 130/500
[reader] generated 132/500
[reader] generated 134/500
[reader] generated 136/500
[reader] generated 138/500
[reader] generated 140/500
[reader] generated 142/500
[reader] generated 144/500
[reader] generated 146/500
[reader] generated 148/500
[reader] generated 150/500
[reader] generated 152/500
[reader] generated 154/500
[reader] generated 156/500
[reader] generated 158/500
[reader] generated 160/500
[reader] generated 162/500
[reader] generated 164/500
[reader] generated 166/500
[reader] generated 168/500
[reader] generated 170/500
[reader] generated 172/500
[reader] generated 174/500
[reader] generated 176/500
[reader] generated 178/500
[reader] generated 180/500
[reader] generated 182/500
[reader] generated 184/500
[reader] generated 186/500
[reader] generated 188/500
[reader] generated 190/500
[reader] generated 192/500
[reader] generated 194/500
[reader] generated 196/500
[reader] generated 198/500
[reader] generated 200/500
[reader] generated 202/500
[reader] generated 204/500
[reader] generated 206/500
[reader] generated 208/500
[reader] generated 210/500
[reader] generated 212/500
[reader] generated 214/500
[reader] generated 216/500
[reader] generated 218/500
[reader] generated 220/500
[reader] generated 222/500
[reader] generated 224/500
[reader] generated 226/500
[reader] generated 228/500
[reader] generated 230/500
[reader] generated 232/500
[reader] generated 234/500
[reader] generated 236/500
[reader] generated 238/500
[reader] generated 240/500
[reader] generated 242/500
[reader] generated 244/500
[reader] generated 246/500
[reader] generated 248/500
[reader] generated 250/500
[reader] generated 252/500
[reader] generated 254/500
[reader] generated 256/500
[reader] generated 258/500
[reader] generated 260/500
[reader] generated 262/500
[reader] generated 264/500
[reader] generated 266/500
[reader] generated 268/500
[reader] generated 270/500
[reader] generated 272/500
[reader] generated 274/500
[reader] generated 276/500
[reader] generated 278/500
[reader] generated 280/500
[reader] generated 282/500
[reader] generated 284/500
[reader] generated 286/500
[reader] generated 288/500
[reader] generated 290/500
[reader] generated 292/500
[reader] generated 294/500
[reader] generated 296/500
[reader] generated 298/500
[reader] generated 300/500
[reader] generated 302/500
[reader] generated 304/500
[reader] generated 306/500
[reader] generated 308/500
[reader] generated 310/500
[reader] generated 312/500
[reader] generated 314/500
[reader] generated 316/500
[reader] generated 318/500
[reader] generated 320/500
[reader] generated 322/500
[reader] generated 324/500
[reader] generated 326/500
[reader] generated 328/500
[reader] generated 330/500
[reader] generated 332/500
[reader] generated 334/500
[reader] generated 336/500
[reader] generated 338/500
[reader] generated 340/500
[reader] generated 342/500
[reader] generated 344/500
[reader] generated 346/500
[reader] generated 348/500
[reader] generated 350/500
[reader] generated 352/500
[reader] generated 354/500
[reader] generated 356/500
[reader] generated 358/500
[reader] generated 360/500
[reader] generated 362/500
[reader] generated 364/500
[reader] generated 366/500
[reader] generated 368/500
[reader] generated 370/500
[reader] generated 372/500
[reader] generated 374/500
[reader] generated 376/500
[reader] generated 378/500
[reader] generated 380/500
[reader] generated 382/500
[reader] generated 384/500
[reader] generated 386/500
[reader] generated 388/500
[reader] generated 390/500
[reader] generated 392/500
[reader] generated 394/500
[reader] generated 396/500
[reader] generated 398/500
[reader] generated 400/500
[reader] generated 402/500
[reader] generated 404/500
[reader] generated 406/500
[reader] generated 408/500
[reader] generated 410/500
[reader] generated 412/500
[reader] generated 414/500
[reader] generated 416/500
[reader] generated 418/500
[reader] generated 420/500
[reader] generated 422/500
[reader] generated 424/500
[reader] generated 426/500
[reader] generated 428/500
[reader] generated 430/500
[reader] generated 432/500
[reader] generated 434/500
[reader] generated 436/500
[reader] generated 438/500
[reader] generated 440/500
[reader] generated 442/500
[reader] generated 444/500
[reader] generated 446/500
[reader] generated 448/500
[reader] generated 450/500
[reader] generated 452/500
[reader] generated 454/500
[reader] generated 456/500
[reader] generated 458/500
[reader] generated 460/500
[reader] generated 462/500
[reader] generated 464/500
[reader] generated 466/500
[reader] generated 468/500
[reader] generated 470/500
[reader] generated 472/500
[reader] generated 474/500
[reader] generated 476/500
[reader] generated 478/500
[reader] generated 480/500
[reader] generated 482/500
[reader] generated 484/500
[reader] generated 486/500
[reader] generated 488/500
[reader] generated 490/500
[reader] generated 492/500
[reader] generated 494/500
[reader] generated 496/500
[reader] generated 498/500
[reader] generated 500/500
[density] policy=ace_focused_128, router_type=fixed, representation=ace, packer=focused, reader_model=Qwen/Qwen2.5-3B-Instruct, packed_token_budget=128, recall@1=0.411, all_gold@1=0.0, recall@2=0.652, all_gold@2=0.392, recall@5=0.822, all_gold@5=0.67, qwen_em=0.324, qwen_f1=0.4005, avg_reader_evidence_tokens=118.51, mean_ans_in_context=0.542, mean_ans_in_context_soft=0.6171, mean_gold_token_density=0.4764, mean_gold_doc_reader_cov=0.679, mean_all_gold_reader=0.434, mean_distractor_docs=1.768, mean_context_tokens=118.506, mean_n_snippets=3.386
[density] materializing policy=ace_mmr_128
[density] generating policy=ace_mmr_128
[reader] generated 2/500
[reader] generated 4/500
[reader] generated 6/500
[reader] generated 8/500
[reader] generated 10/500
[reader] generated 12/500
[reader] generated 14/500
[reader] generated 16/500
[reader] generated 18/500
[reader] generated 20/500
[reader] generated 22/500
[reader] generated 24/500
[reader] generated 26/500
[reader] generated 28/500
[reader] generated 30/500
[reader] generated 32/500
[reader] generated 34/500
[reader] generated 36/500
[reader] generated 38/500
[reader] generated 40/500
[reader] generated 42/500
[reader] generated 44/500
[reader] generated 46/500
[reader] generated 48/500
[reader] generated 50/500
[reader] generated 52/500
[reader] generated 54/500
[reader] generated 56/500
[reader] generated 58/500
[reader] generated 60/500
[reader] generated 62/500
[reader] generated 64/500
[reader] generated 66/500
[reader] generated 68/500
[reader] generated 70/500
[reader] generated 72/500
[reader] generated 74/500
[reader] generated 76/500
[reader] generated 78/500
[reader] generated 80/500
[reader] generated 82/500
[reader] generated 84/500
[reader] generated 86/500
[reader] generated 88/500
[reader] generated 90/500
[reader] generated 92/500
[reader] generated 94/500
[reader] generated 96/500
[reader] generated 98/500
[reader] generated 100/500
[reader] generated 102/500
[reader] generated 104/500
[reader] generated 106/500
[reader] generated 108/500
[reader] generated 110/500
[reader] generated 112/500
[reader] generated 114/500
[reader] generated 116/500
[reader] generated 118/500
[reader] generated 120/500
[reader] generated 122/500
[reader] generated 124/500
[reader] generated 126/500
[reader] generated 128/500
[reader] generated 130/500
[reader] generated 132/500
[reader] generated 134/500
[reader] generated 136/500
[reader] generated 138/500
[reader] generated 140/500
[reader] generated 142/500
[reader] generated 144/500
[reader] generated 146/500
[reader] generated 148/500
[reader] generated 150/500
[reader] generated 152/500
[reader] generated 154/500
[reader] generated 156/500
[reader] generated 158/500
[reader] generated 160/500
[reader] generated 162/500
[reader] generated 164/500
[reader] generated 166/500
[reader] generated 168/500
[reader] generated 170/500
[reader] generated 172/500
[reader] generated 174/500
[reader] generated 176/500
[reader] generated 178/500
[reader] generated 180/500
[reader] generated 182/500
[reader] generated 184/500
[reader] generated 186/500
[reader] generated 188/500
[reader] generated 190/500
[reader] generated 192/500
[reader] generated 194/500
[reader] generated 196/500
[reader] generated 198/500
[reader] generated 200/500
[reader] generated 202/500
[reader] generated 204/500
[reader] generated 206/500
[reader] generated 208/500
[reader] generated 210/500
[reader] generated 212/500
[reader] generated 214/500
[reader] generated 216/500
[reader] generated 218/500
[reader] generated 220/500
[reader] generated 222/500
[reader] generated 224/500
[reader] generated 226/500
[reader] generated 228/500
[reader] generated 230/500
[reader] generated 232/500
[reader] generated 234/500
[reader] generated 236/500
[reader] generated 238/500
[reader] generated 240/500
[reader] generated 242/500
[reader] generated 244/500
[reader] generated 246/500
[reader] generated 248/500
[reader] generated 250/500
[reader] generated 252/500
[reader] generated 254/500
[reader] generated 256/500
[reader] generated 258/500
[reader] generated 260/500
[reader] generated 262/500
[reader] generated 264/500
[reader] generated 266/500
[reader] generated 268/500
[reader] generated 270/500
[reader] generated 272/500
[reader] generated 274/500
[reader] generated 276/500
[reader] generated 278/500
[reader] generated 280/500
[reader] generated 282/500
[reader] generated 284/500
[reader] generated 286/500
[reader] generated 288/500
[reader] generated 290/500
[reader] generated 292/500
[reader] generated 294/500
[reader] generated 296/500
[reader] generated 298/500
[reader] generated 300/500
[reader] generated 302/500
[reader] generated 304/500
[reader] generated 306/500
[reader] generated 308/500
[reader] generated 310/500
[reader] generated 312/500
[reader] generated 314/500
[reader] generated 316/500
[reader] generated 318/500
[reader] generated 320/500
[reader] generated 322/500
[reader] generated 324/500
[reader] generated 326/500
[reader] generated 328/500
[reader] generated 330/500
[reader] generated 332/500
[reader] generated 334/500
[reader] generated 336/500
[reader] generated 338/500
[reader] generated 340/500
[reader] generated 342/500
[reader] generated 344/500
[reader] generated 346/500
[reader] generated 348/500
[reader] generated 350/500
[reader] generated 352/500
[reader] generated 354/500
[reader] generated 356/500
[reader] generated 358/500
[reader] generated 360/500
[reader] generated 362/500
[reader] generated 364/500
[reader] generated 366/500
[reader] generated 368/500
[reader] generated 370/500
[reader] generated 372/500
[reader] generated 374/500
[reader] generated 376/500
[reader] generated 378/500
[reader] generated 380/500
[reader] generated 382/500
[reader] generated 384/500
[reader] generated 386/500
[reader] generated 388/500
[reader] generated 390/500
[reader] generated 392/500
[reader] generated 394/500
[reader] generated 396/500
[reader] generated 398/500
[reader] generated 400/500
[reader] generated 402/500
[reader] generated 404/500
[reader] generated 406/500
[reader] generated 408/500
[reader] generated 410/500
[reader] generated 412/500
[reader] generated 414/500
[reader] generated 416/500
[reader] generated 418/500
[reader] generated 420/500
[reader] generated 422/500
[reader] generated 424/500
[reader] generated 426/500
[reader] generated 428/500
[reader] generated 430/500
[reader] generated 432/500
[reader] generated 434/500
[reader] generated 436/500
[reader] generated 438/500
[reader] generated 440/500
[reader] generated 442/500
[reader] generated 444/500
[reader] generated 446/500
[reader] generated 448/500
[reader] generated 450/500
[reader] generated 452/500
[reader] generated 454/500
[reader] generated 456/500
[reader] generated 458/500
[reader] generated 460/500
[reader] generated 462/500
[reader] generated 464/500
[reader] generated 466/500
[reader] generated 468/500
[reader] generated 470/500
[reader] generated 472/500
[reader] generated 474/500
[reader] generated 476/500
[reader] generated 478/500
[reader] generated 480/500
[reader] generated 482/500
[reader] generated 484/500
[reader] generated 486/500
[reader] generated 488/500
[reader] generated 490/500
[reader] generated 492/500
[reader] generated 494/500
[reader] generated 496/500
[reader] generated 498/500
[reader] generated 500/500
[density] policy=ace_mmr_128, router_type=fixed, representation=ace, packer=mmr, reader_model=Qwen/Qwen2.5-3B-Instruct, packed_token_budget=128, recall@1=0.411, all_gold@1=0.0, recall@2=0.652, all_gold@2=0.392, recall@5=0.822, all_gold@5=0.67, qwen_em=0.294, qwen_f1=0.3683, avg_reader_evidence_tokens=117.76, mean_ans_in_context=0.52, mean_ans_in_context_soft=0.5975, mean_gold_token_density=0.4472, mean_gold_doc_reader_cov=0.635, mean_all_gold_reader=0.364, mean_distractor_docs=1.782, mean_context_tokens=117.756, mean_n_snippets=3.412
[density] materializing policy=ace_submod_128
[density] generating policy=ace_submod_128
[reader] generated 2/500
[reader] generated 4/500
[reader] generated 6/500
[reader] generated 8/500
[reader] generated 10/500
[reader] generated 12/500
[reader] generated 14/500
[reader] generated 16/500
[reader] generated 18/500
[reader] generated 20/500
[reader] generated 22/500
[reader] generated 24/500
[reader] generated 26/500
[reader] generated 28/500
[reader] generated 30/500
[reader] generated 32/500
[reader] generated 34/500
[reader] generated 36/500
[reader] generated 38/500
[reader] generated 40/500
[reader] generated 42/500
[reader] generated 44/500
[reader] generated 46/500
[reader] generated 48/500
[reader] generated 50/500
[reader] generated 52/500
[reader] generated 54/500
[reader] generated 56/500
[reader] generated 58/500
[reader] generated 60/500
[reader] generated 62/500
[reader] generated 64/500
[reader] generated 66/500
[reader] generated 68/500
[reader] generated 70/500
[reader] generated 72/500
[reader] generated 74/500
[reader] generated 76/500
[reader] generated 78/500
[reader] generated 80/500
[reader] generated 82/500
[reader] generated 84/500
[reader] generated 86/500
[reader] generated 88/500
[reader] generated 90/500
[reader] generated 92/500
[reader] generated 94/500
[reader] generated 96/500
[reader] generated 98/500
[reader] generated 100/500
[reader] generated 102/500
[reader] generated 104/500
[reader] generated 106/500
[reader] generated 108/500
[reader] generated 110/500
[reader] generated 112/500
[reader] generated 114/500
[reader] generated 116/500
[reader] generated 118/500
[reader] generated 120/500
[reader] generated 122/500
[reader] generated 124/500
[reader] generated 126/500
[reader] generated 128/500
[reader] generated 130/500
[reader] generated 132/500
[reader] generated 134/500
[reader] generated 136/500
[reader] generated 138/500
[reader] generated 140/500
[reader] generated 142/500
[reader] generated 144/500
[reader] generated 146/500
[reader] generated 148/500
[reader] generated 150/500
[reader] generated 152/500
[reader] generated 154/500
[reader] generated 156/500
[reader] generated 158/500
[reader] generated 160/500
[reader] generated 162/500
[reader] generated 164/500
[reader] generated 166/500
[reader] generated 168/500
[reader] generated 170/500
[reader] generated 172/500
[reader] generated 174/500
[reader] generated 176/500
[reader] generated 178/500
[reader] generated 180/500
[reader] generated 182/500
[reader] generated 184/500
[reader] generated 186/500
[reader] generated 188/500
[reader] generated 190/500
[reader] generated 192/500
[reader] generated 194/500
[reader] generated 196/500
[reader] generated 198/500
[reader] generated 200/500
[reader] generated 202/500
[reader] generated 204/500
[reader] generated 206/500
[reader] generated 208/500
[reader] generated 210/500
[reader] generated 212/500
[reader] generated 214/500
[reader] generated 216/500
[reader] generated 218/500
[reader] generated 220/500
[reader] generated 222/500
[reader] generated 224/500
[reader] generated 226/500
[reader] generated 228/500
[reader] generated 230/500
[reader] generated 232/500
[reader] generated 234/500
[reader] generated 236/500
[reader] generated 238/500
[reader] generated 240/500
[reader] generated 242/500
[reader] generated 244/500
[reader] generated 246/500
[reader] generated 248/500
[reader] generated 250/500
[reader] generated 252/500
[reader] generated 254/500
[reader] generated 256/500
[reader] generated 258/500
[reader] generated 260/500
[reader] generated 262/500
[reader] generated 264/500
[reader] generated 266/500
[reader] generated 268/500
[reader] generated 270/500
[reader] generated 272/500
[reader] generated 274/500
[reader] generated 276/500
[reader] generated 278/500
[reader] generated 280/500
[reader] generated 282/500
[reader] generated 284/500
[reader] generated 286/500
[reader] generated 288/500
[reader] generated 290/500
[reader] generated 292/500
[reader] generated 294/500
[reader] generated 296/500
[reader] generated 298/500
[reader] generated 300/500
[reader] generated 302/500
[reader] generated 304/500
[reader] generated 306/500
[reader] generated 308/500
[reader] generated 310/500
[reader] generated 312/500
[reader] generated 314/500
[reader] generated 316/500
[reader] generated 318/500
[reader] generated 320/500
[reader] generated 322/500
[reader] generated 324/500
[reader] generated 326/500
[reader] generated 328/500
[reader] generated 330/500
[reader] generated 332/500
[reader] generated 334/500
[reader] generated 336/500
[reader] generated 338/500
[reader] generated 340/500
[reader] generated 342/500
[reader] generated 344/500
[reader] generated 346/500
[reader] generated 348/500
[reader] generated 350/500
[reader] generated 352/500
[reader] generated 354/500
[reader] generated 356/500
[reader] generated 358/500
[reader] generated 360/500
[reader] generated 362/500
[reader] generated 364/500
[reader] generated 366/500
[reader] generated 368/500
[reader] generated 370/500
[reader] generated 372/500
[reader] generated 374/500
[reader] generated 376/500
[reader] generated 378/500
[reader] generated 380/500
[reader] generated 382/500
[reader] generated 384/500
[reader] generated 386/500
[reader] generated 388/500
[reader] generated 390/500
[reader] generated 392/500
[reader] generated 394/500
[reader] generated 396/500
[reader] generated 398/500
[reader] generated 400/500
[reader] generated 402/500
[reader] generated 404/500
[reader] generated 406/500
[reader] generated 408/500
[reader] generated 410/500
[reader] generated 412/500
[reader] generated 414/500
[reader] generated 416/500
[reader] generated 418/500
[reader] generated 420/500
[reader] generated 422/500
[reader] generated 424/500
[reader] generated 426/500
[reader] generated 428/500
[reader] generated 430/500
[reader] generated 432/500
[reader] generated 434/500
[reader] generated 436/500
[reader] generated 438/500
[reader] generated 440/500
[reader] generated 442/500
[reader] generated 444/500
[reader] generated 446/500
[reader] generated 448/500
[reader] generated 450/500
[reader] generated 452/500
[reader] generated 454/500
[reader] generated 456/500
[reader] generated 458/500
[reader] generated 460/500
[reader] generated 462/500
[reader] generated 464/500
[reader] generated 466/500
[reader] generated 468/500
[reader] generated 470/500
[reader] generated 472/500
[reader] generated 474/500
[reader] generated 476/500
[reader] generated 478/500
[reader] generated 480/500
[reader] generated 482/500
[reader] generated 484/500
[reader] generated 486/500
[reader] generated 488/500
[reader] generated 490/500
[reader] generated 492/500
[reader] generated 494/500
[reader] generated 496/500
[reader] generated 498/500
[reader] generated 500/500
[density] policy=ace_submod_128, router_type=fixed, representation=ace, packer=submod, reader_model=Qwen/Qwen2.5-3B-Instruct, packed_token_budget=128, recall@1=0.411, all_gold@1=0.0, recall@2=0.652, all_gold@2=0.392, recall@5=0.822, all_gold@5=0.67, qwen_em=0.31, qwen_f1=0.3944, avg_reader_evidence_tokens=115.6, mean_ans_in_context=0.544, mean_ans_in_context_soft=0.6194, mean_gold_token_density=0.4243, mean_gold_doc_reader_cov=0.649, mean_all_gold_reader=0.388, mean_distractor_docs=2.046, mean_context_tokens=115.598, mean_n_snippets=3.92
[density] policy=router_oracle_packer, router_type=oracle, representation=mixed, packer=oracle, reader_model=Qwen/Qwen2.5-3B-Instruct, packed_token_budget=128, selection_counts={"ace_focused_128": 81, "ace_mmr_128": 42, "ace_submod_128": 68, "chunk_focused_128": 98, "chunk_mmr_128": 29, "chunk_submod_128": 182}, qwen_em=0.476, qwen_f1=0.5858, avg_reader_evidence_tokens=109.9, mean_ans_in_context=0.646, mean_ans_in_context_soft=0.7056, mean_gold_token_density=0.5085, mean_gold_doc_reader_cov=0.684, mean_all_gold_reader=0.442, mean_distractor_docs=1.574, mean_context_tokens=109.9, mean_n_snippets=3.332
wrote /kaggle/working/colab_results/stage13_budgetsweep_hotpotqa_qwen3b_budget128_limit500_seed7/hotpotqa_density_standard_budget128_limit500_metrics.csv
wrote /kaggle/working/colab_results/stage13_budgetsweep_hotpotqa_qwen3b_budget128_limit500_seed7/hotpotqa_density_standard_budget128_limit500_per_question.csv
--- budget sweep B=224 seed 13 ---
$ /usr/bin/python3 -m experiments.run_density_router --dataset hotpotqa --limit 500 --seed 13 --ace-retriever standard --top-k 5 --top-k-nodes 48 --max-expanded-docs 5 --embedder sentence-transformers --embedding-model BAAI/bge-small-en-v1.5 --embed-device cuda --compressor truncate --compress-dims 320 --reader-backend hf --reader-model Qwen/Qwen2.5-3B-Instruct --reader-device cuda --reader-batch-size 2 --mmr-lambda 0.7 --budget 224 --out-dir /kaggle/working/colab_results/stage13_budgetsweep_hotpotqa_qwen3b_budget224_limit500_seed13 --split validation
hotpotqa[hf:validation:500]: 4933 docs, 500 questions, 2.00 gold docs/question
[density] retrieving chunk baseline
[chunk] fitting/indexing
[embed] encoding 4933 texts on device=cuda:0

Batches:   0%|          | 0/78 [00:00<?, ?it/s]
Batches:   1%|▏         | 1/78 [00:00<01:11,  1.08it/s]
Batches:   3%|▎         | 2/78 [00:01<00:52,  1.46it/s]
Batches:   4%|▍         | 3/78 [00:01<00:41,  1.81it/s]
Batches:   5%|▌         | 4/78 [00:02<00:36,  2.02it/s]
Batches:   6%|▋         | 5/78 [00:02<00:32,  2.27it/s]
Batches:   8%|▊         | 6/78 [00:02<00:28,  2.53it/s]
Batches:   9%|▉         | 7/78 [00:03<00:26,  2.64it/s]
Batches:  10%|█         | 8/78 [00:03<00:24,  2.83it/s]
Batches:  12%|█▏        | 9/78 [00:03<00:23,  2.92it/s]
Batches:  13%|█▎        | 10/78 [00:04<00:22,  3.02it/s]
Batches:  14%|█▍        | 11/78 [00:04<00:20,  3.22it/s]
Batches:  15%|█▌        | 12/78 [00:04<00:19,  3.41it/s]
Batches:  17%|█▋        | 13/78 [00:04<00:18,  3.61it/s]
Batches:  18%|█▊        | 14/78 [00:05<00:17,  3.74it/s]
Batches:  19%|█▉        | 15/78 [00:05<00:16,  3.87it/s]
Batches:  21%|██        | 16/78 [00:05<00:15,  3.94it/s]
Batches:  22%|██▏       | 17/78 [00:05<00:14,  4.07it/s]
Batches:  23%|██▎       | 18/78 [00:06<00:14,  4.06it/s]
Batches:  24%|██▍       | 19/78 [00:06<00:14,  4.14it/s]
Batches:  26%|██▌       | 20/78 [00:06<00:12,  4.48it/s]
Batches:  27%|██▋       | 21/78 [00:06<00:12,  4.64it/s]
Batches:  28%|██▊       | 22/78 [00:06<00:11,  4.75it/s]
Batches:  29%|██▉       | 23/78 [00:07<00:11,  4.84it/s]
Batches:  31%|███       | 24/78 [00:07<00:11,  4.90it/s]
Batches:  32%|███▏      | 25/78 [00:07<00:10,  5.01it/s]
Batches:  33%|███▎      | 26/78 [00:07<00:10,  5.10it/s]
Batches:  35%|███▍      | 27/78 [00:07<00:09,  5.23it/s]
Batches:  36%|███▌      | 28/78 [00:08<00:09,  5.44it/s]
Batches:  37%|███▋      | 29/78 [00:08<00:08,  5.47it/s]
Batches:  38%|███▊      | 30/78 [00:08<00:08,  5.35it/s]
Batches:  40%|███▉      | 31/78 [00:08<00:08,  5.43it/s]
Batches:  41%|████      | 32/78 [00:08<00:08,  5.40it/s]
Batches:  42%|████▏     | 33/78 [00:08<00:08,  5.59it/s]
Batches:  44%|████▎     | 34/78 [00:09<00:07,  5.82it/s]
Batches:  45%|████▍     | 35/78 [00:09<00:07,  5.88it/s]
Batches:  46%|████▌     | 36/78 [00:09<00:07,  5.97it/s]
Batches:  47%|████▋     | 37/78 [00:09<00:06,  6.12it/s]
Batches:  49%|████▊     | 38/78 [00:09<00:06,  6.19it/s]
Batches:  50%|█████     | 39/78 [00:09<00:06,  6.46it/s]
Batches:  51%|█████▏    | 40/78 [00:10<00:05,  6.40it/s]
Batches:  53%|█████▎    | 41/78 [00:10<00:05,  6.49it/s]
Batches:  54%|█████▍    | 42/78 [00:10<00:05,  6.50it/s]
Batches:  55%|█████▌    | 43/78 [00:10<00:05,  6.44it/s]
Batches:  56%|█████▋    | 44/78 [00:10<00:04,  6.82it/s]
Batches:  58%|█████▊    | 45/78 [00:10<00:05,  6.39it/s]
Batches:  59%|█████▉    | 46/78 [00:10<00:04,  6.48it/s]
Batches:  60%|██████    | 47/78 [00:11<00:04,  6.67it/s]
Batches:  62%|██████▏   | 48/78 [00:11<00:04,  6.99it/s]
Batches:  63%|██████▎   | 49/78 [00:11<00:03,  7.36it/s]
Batches:  64%|██████▍   | 50/78 [00:11<00:03,  7.51it/s]
Batches:  65%|██████▌   | 51/78 [00:11<00:03,  7.77it/s]
Batches:  67%|██████▋   | 52/78 [00:11<00:03,  8.04it/s]
Batches:  68%|██████▊   | 53/78 [00:11<00:03,  8.31it/s]
Batches:  69%|██████▉   | 54/78 [00:11<00:02,  8.62it/s]
Batches:  71%|███████   | 55/78 [00:12<00:02,  8.81it/s]
Batches:  72%|███████▏  | 56/78 [00:12<00:02,  8.98it/s]
Batches:  73%|███████▎  | 57/78 [00:12<00:02,  9.13it/s]
Batches:  74%|███████▍  | 58/78 [00:12<00:02,  9.26it/s]
Batches:  76%|███████▌  | 59/78 [00:12<00:02,  9.16it/s]
Batches:  77%|███████▋  | 60/78 [00:12<00:01,  9.28it/s]
Batches:  79%|███████▉  | 62/78 [00:12<00:01,  9.96it/s]
Batches:  82%|████████▏ | 64/78 [00:12<00:01, 10.27it/s]
Batches:  85%|████████▍ | 66/78 [00:13<00:01, 10.46it/s]
Batches:  87%|████████▋ | 68/78 [00:13<00:00, 10.75it/s]
Batches:  90%|████████▉ | 70/78 [00:13<00:00, 11.42it/s]
Batches:  92%|█████████▏| 72/78 [00:13<00:00, 11.87it/s]
Batches:  95%|█████████▍| 74/78 [00:13<00:00, 13.16it/s]
Batches:  99%|█████████▊| 77/78 [00:13<00:00, 15.86it/s]
Batches: 100%|██████████| 78/78 [00:13<00:00,  5.63it/s]
[chunk] retrieving
[embed] encoding 500 texts on device=cuda:0

Batches:   0%|          | 0/8 [00:00<?, ?it/s]
Batches:  38%|███▊      | 3/8 [00:00<00:00, 28.29it/s]
Batches:  88%|████████▊ | 7/8 [00:00<00:00, 32.56it/s]
Batches: 100%|██████████| 8/8 [00:00<00:00, 33.58it/s]
[density] retrieving ACE graph
[ace] building evidence graph
[ace] graph built: nodes=50334 edges=77031
[ace] fitting/indexing embeddings
[embed] encoding 45401 texts on device=cuda:0

Batches:   0%|          | 0/710 [00:00<?, ?it/s]
Batches:   0%|          | 1/710 [00:00<05:23,  2.19it/s]
Batches:   0%|          | 2/710 [00:00<03:20,  3.53it/s]
Batches:   0%|          | 3/710 [00:00<02:26,  4.84it/s]
Batches:   1%|          | 4/710 [00:00<02:01,  5.80it/s]
Batches:   1%|          | 5/710 [00:00<01:44,  6.74it/s]
Batches:   1%|          | 6/710 [00:01<01:33,  7.51it/s]
Batches:   1%|          | 8/710 [00:01<01:23,  8.42it/s]
Batches:   1%|▏         | 9/710 [00:01<01:20,  8.75it/s]
Batches:   2%|▏         | 11/710 [00:01<01:14,  9.33it/s]
Batches:   2%|▏         | 13/710 [00:01<01:10,  9.91it/s]
Batches:   2%|▏         | 14/710 [00:01<01:10,  9.88it/s]
Batches:   2%|▏         | 15/710 [00:01<01:10,  9.87it/s]
Batches:   2%|▏         | 17/710 [00:02<01:05, 10.51it/s]
Batches:   3%|▎         | 19/710 [00:02<01:03, 10.92it/s]
Batches:   3%|▎         | 21/710 [00:02<01:00, 11.38it/s]
Batches:   3%|▎         | 23/710 [00:02<00:58, 11.67it/s]
Batches:   4%|▎         | 25/710 [00:02<00:58, 11.80it/s]
Batches:   4%|▍         | 27/710 [00:02<00:54, 12.48it/s]
Batches:   4%|▍         | 29/710 [00:03<00:54, 12.59it/s]
Batches:   4%|▍         | 31/710 [00:03<00:56, 12.02it/s]
Batches:   5%|▍         | 33/710 [00:03<00:54, 12.33it/s]
Batches:   5%|▍         | 35/710 [00:03<00:52, 12.96it/s]
Batches:   5%|▌         | 37/710 [00:03<00:50, 13.26it/s]
Batches:   5%|▌         | 39/710 [00:03<00:49, 13.67it/s]
Batches:   6%|▌         | 41/710 [00:03<00:46, 14.41it/s]
Batches:   6%|▌         | 43/710 [00:04<00:48, 13.76it/s]
Batches:   6%|▋         | 45/710 [00:04<00:47, 14.09it/s]
Batches:   7%|▋         | 47/710 [00:04<00:48, 13.70it/s]
Batches:   7%|▋         | 49/710 [00:04<00:47, 14.02it/s]
Batches:   7%|▋         | 51/710 [00:04<00:45, 14.59it/s]
Batches:   7%|▋         | 53/710 [00:04<00:45, 14.49it/s]
Batches:   8%|▊         | 55/710 [00:04<00:45, 14.50it/s]
Batches:   8%|▊         | 57/710 [00:05<00:42, 15.42it/s]
Batches:   8%|▊         | 59/710 [00:05<00:40, 16.19it/s]
Batches:   9%|▊         | 61/710 [00:05<00:42, 15.40it/s]
Batches:   9%|▉         | 63/710 [00:05<00:40, 15.96it/s]
Batches:   9%|▉         | 65/710 [00:05<00:38, 16.59it/s]
Batches:   9%|▉         | 67/710 [00:05<00:39, 16.09it/s]
Batches:  10%|▉         | 69/710 [00:05<00:38, 16.69it/s]
Batches:  10%|█         | 71/710 [00:05<00:37, 17.08it/s]
Batches:  10%|█         | 73/710 [00:05<00:36, 17.32it/s]
Batches:  11%|█         | 75/710 [00:06<00:37, 16.82it/s]
Batches:  11%|█         | 77/710 [00:06<00:37, 16.80it/s]
Batches:  11%|█         | 79/710 [00:06<00:37, 16.88it/s]
Batches:  11%|█▏        | 81/710 [00:06<00:36, 17.03it/s]
Batches:  12%|█▏        | 83/710 [00:06<00:36, 17.30it/s]
Batches:  12%|█▏        | 85/710 [00:06<00:35, 17.45it/s]
Batches:  12%|█▏        | 87/710 [00:06<00:36, 16.99it/s]
Batches:  13%|█▎        | 89/710 [00:06<00:35, 17.40it/s]
Batches:  13%|█▎        | 91/710 [00:07<00:34, 17.95it/s]
Batches:  13%|█▎        | 93/710 [00:07<00:34, 18.10it/s]
Batches:  14%|█▎        | 96/710 [00:07<00:32, 18.94it/s]
Batches:  14%|█▍        | 99/710 [00:07<00:30, 19.77it/s]
Batches:  14%|█▍        | 102/710 [00:07<00:30, 19.69it/s]
Batches:  15%|█▍        | 104/710 [00:07<00:31, 19.20it/s]
Batches:  15%|█▍        | 106/710 [00:07<00:32, 18.74it/s]
Batches:  15%|█▌        | 109/710 [00:07<00:31, 19.33it/s]
Batches:  16%|█▌        | 112/710 [00:08<00:29, 20.10it/s]
Batches:  16%|█▌        | 115/710 [00:08<00:29, 20.38it/s]
Batches:  17%|█▋        | 118/710 [00:08<00:29, 20.04it/s]
Batches:  17%|█▋        | 121/710 [00:08<00:28, 21.01it/s]
Batches:  17%|█▋        | 124/710 [00:08<00:28, 20.62it/s]
Batches:  18%|█▊        | 127/710 [00:08<00:27, 21.12it/s]
Batches:  18%|█▊        | 130/710 [00:08<00:27, 20.91it/s]
Batches:  19%|█▊        | 133/710 [00:09<00:26, 21.40it/s]
Batches:  19%|█▉        | 136/710 [00:09<00:26, 21.40it/s]
Batches:  20%|█▉        | 139/710 [00:09<00:26, 21.34it/s]
Batches:  20%|██        | 142/710 [00:09<00:26, 21.15it/s]
Batches:  20%|██        | 145/710 [00:09<00:26, 21.60it/s]
Batches:  21%|██        | 148/710 [00:09<00:26, 20.87it/s]
Batches:  21%|██▏       | 151/710 [00:09<00:26, 21.31it/s]
Batches:  22%|██▏       | 154/710 [00:10<00:25, 21.85it/s]
Batches:  22%|██▏       | 157/710 [00:10<00:24, 22.28it/s]
Batches:  23%|██▎       | 160/710 [00:10<00:23, 23.09it/s]
Batches:  23%|██▎       | 163/710 [00:10<00:24, 22.60it/s]
Batches:  23%|██▎       | 166/710 [00:10<00:23, 23.01it/s]
Batches:  24%|██▍       | 169/710 [00:10<00:23, 23.34it/s]
Batches:  24%|██▍       | 172/710 [00:10<00:23, 23.39it/s]
Batches:  25%|██▍       | 175/710 [00:10<00:22, 23.27it/s]
Batches:  25%|██▌       | 178/710 [00:11<00:22, 23.79it/s]
Batches:  25%|██▌       | 181/710 [00:11<00:22, 23.78it/s]
Batches:  26%|██▌       | 184/710 [00:11<00:21, 23.95it/s]
Batches:  26%|██▋       | 187/710 [00:11<00:21, 24.10it/s]
Batches:  27%|██▋       | 190/710 [00:11<00:20, 24.85it/s]
Batches:  27%|██▋       | 193/710 [00:11<00:20, 25.28it/s]
Batches:  28%|██▊       | 196/710 [00:11<00:19, 25.79it/s]
Batches:  28%|██▊       | 199/710 [00:11<00:19, 26.46it/s]
Batches:  28%|██▊       | 202/710 [00:11<00:19, 26.64it/s]
Batches:  29%|██▉       | 205/710 [00:12<00:18, 27.23it/s]
Batches:  29%|██▉       | 208/710 [00:12<00:18, 27.18it/s]
Batches:  30%|██▉       | 211/710 [00:12<00:18, 27.11it/s]
Batches:  30%|███       | 214/710 [00:12<00:18, 27.27it/s]
Batches:  31%|███       | 217/710 [00:12<00:17, 27.84it/s]
Batches:  31%|███       | 220/710 [00:12<00:18, 26.72it/s]
Batches:  31%|███▏      | 223/710 [00:12<00:17, 27.33it/s]
Batches:  32%|███▏      | 227/710 [00:12<00:17, 28.14it/s]
Batches:  33%|███▎      | 231/710 [00:13<00:18, 26.10it/s]
Batches:  33%|███▎      | 234/710 [00:13<00:17, 26.67it/s]
Batches:  33%|███▎      | 237/710 [00:13<00:17, 27.51it/s]
Batches:  34%|███▍      | 240/710 [00:13<00:16, 28.17it/s]
Batches:  34%|███▍      | 243/710 [00:13<00:16, 28.47it/s]
Batches:  35%|███▍      | 247/710 [00:13<00:15, 29.72it/s]
Batches:  35%|███▌      | 251/710 [00:13<00:15, 30.19it/s]
Batches:  36%|███▌      | 255/710 [00:13<00:15, 30.14it/s]
Batches:  36%|███▋      | 259/710 [00:13<00:14, 30.95it/s]
Batches:  37%|███▋      | 263/710 [00:14<00:14, 31.12it/s]
Batches:  38%|███▊      | 267/710 [00:14<00:13, 31.82it/s]
Batches:  38%|███▊      | 271/710 [00:14<00:14, 31.11it/s]
Batches:  39%|███▊      | 275/710 [00:14<00:13, 31.82it/s]
Batches:  39%|███▉      | 279/710 [00:14<00:13, 33.08it/s]
Batches:  40%|███▉      | 283/710 [00:14<00:12, 33.88it/s]
Batches:  40%|████      | 287/710 [00:14<00:12, 33.45it/s]
Batches:  41%|████      | 291/710 [00:14<00:12, 34.41it/s]
Batches:  42%|████▏     | 295/710 [00:15<00:11, 35.88it/s]
Batches:  42%|████▏     | 299/710 [00:15<00:11, 36.78it/s]
Batches:  43%|████▎     | 303/710 [00:15<00:10, 37.50it/s]
Batches:  43%|████▎     | 307/710 [00:15<00:10, 37.31it/s]
Batches:  44%|████▍     | 311/710 [00:15<00:10, 37.54it/s]
Batches:  45%|████▍     | 316/710 [00:15<00:10, 38.67it/s]
Batches:  45%|████▌     | 321/710 [00:15<00:09, 41.40it/s]
Batches:  46%|████▌     | 327/710 [00:15<00:08, 44.58it/s]
Batches:  47%|████▋     | 333/710 [00:15<00:08, 46.54it/s]
Batches:  48%|████▊     | 339/710 [00:16<00:07, 49.77it/s]
Batches:  49%|████▊     | 345/710 [00:16<00:07, 51.77it/s]
Batches:  50%|████▉     | 352/710 [00:16<00:06, 55.34it/s]
Batches:  51%|█████     | 359/710 [00:16<00:06, 57.87it/s]
Batches:  52%|█████▏    | 366/710 [00:16<00:05, 60.01it/s]
Batches:  53%|█████▎    | 374/710 [00:16<00:05, 62.81it/s]
Batches:  54%|█████▍    | 382/710 [00:16<00:05, 64.85it/s]
Batches:  55%|█████▍    | 390/710 [00:16<00:04, 67.63it/s]
Batches:  56%|█████▌    | 398/710 [00:16<00:04, 69.20it/s]
Batches:  57%|█████▋    | 406/710 [00:17<00:04, 70.90it/s]
Batches:  58%|█████▊    | 414/710 [00:17<00:04, 73.43it/s]
Batches:  60%|█████▉    | 423/710 [00:17<00:03, 75.46it/s]
Batches:  61%|██████    | 431/710 [00:17<00:03, 76.17it/s]
Batches:  62%|██████▏   | 440/710 [00:17<00:03, 78.49it/s]
Batches:  63%|██████▎   | 448/710 [00:17<00:03, 77.98it/s]
Batches:  64%|██████▍   | 457/710 [00:17<00:03, 80.75it/s]
Batches:  66%|██████▌   | 466/710 [00:17<00:03, 79.00it/s]
Batches:  67%|██████▋   | 475/710 [00:17<00:02, 80.74it/s]
Batches:  68%|██████▊   | 484/710 [00:17<00:02, 82.67it/s]
Batches:  69%|██████▉   | 493/710 [00:18<00:02, 83.06it/s]
Batches:  71%|███████   | 502/710 [00:18<00:02, 85.00it/s]
Batches:  72%|███████▏  | 511/710 [00:18<00:02, 85.99it/s]
Batches:  73%|███████▎  | 521/710 [00:18<00:02, 87.59it/s]
Batches:  75%|███████▍  | 531/710 [00:18<00:02, 89.44it/s]
Batches:  76%|███████▌  | 540/710 [00:18<00:01, 89.13it/s]
Batches:  77%|███████▋  | 550/710 [00:18<00:01, 90.03it/s]
Batches:  79%|███████▉  | 560/710 [00:18<00:01, 91.00it/s]
Batches:  80%|████████  | 570/710 [00:18<00:01, 92.87it/s]
Batches:  82%|████████▏ | 580/710 [00:19<00:01, 93.66it/s]
Batches:  83%|████████▎ | 591/710 [00:19<00:01, 95.56it/s]
Batches:  85%|████████▍ | 601/710 [00:19<00:01, 96.16it/s]
Batches:  86%|████████▌ | 611/710 [00:19<00:01, 95.93it/s]
Batches:  87%|████████▋ | 621/710 [00:19<00:00, 97.04it/s]
Batches:  89%|████████▉ | 631/710 [00:19<00:00, 97.49it/s]
Batches:  90%|█████████ | 641/710 [00:19<00:00, 97.74it/s]
Batches:  92%|█████████▏| 652/710 [00:19<00:00, 99.11it/s]
Batches:  93%|█████████▎| 663/710 [00:19<00:00, 99.77it/s]
Batches:  95%|█████████▍| 674/710 [00:19<00:00, 100.81it/s]
Batches:  96%|█████████▋| 685/710 [00:20<00:00, 101.78it/s]
Batches:  98%|█████████▊| 696/710 [00:20<00:00, 102.25it/s]
Batches: 100%|█████████▉| 707/710 [00:20<00:00, 102.58it/s]
Batches: 100%|██████████| 710/710 [00:20<00:00, 34.96it/s]
[ace] retrieving
[embed] encoding 500 texts on device=cuda:0

Batches:   0%|          | 0/8 [00:00<?, ?it/s]
Batches:  38%|███▊      | 3/8 [00:00<00:00, 27.13it/s]
Batches:  88%|████████▊ | 7/8 [00:00<00:00, 31.61it/s]
Batches: 100%|██████████| 8/8 [00:00<00:00, 32.61it/s]
[density] loading reader once
`torch_dtype` is deprecated! Use `dtype` instead!

Loading checkpoint shards:   0%|          | 0/2 [00:00<?, ?it/s]
Loading checkpoint shards:  50%|█████     | 1/2 [00:02<00:02,  2.56s/it]
Loading checkpoint shards: 100%|██████████| 2/2 [00:03<00:00,  1.88s/it]
Loading checkpoint shards: 100%|██████████| 2/2 [00:03<00:00,  1.98s/it]
[reader] loaded Qwen/Qwen2.5-3B-Instruct (device_map=None, 4bit=False) entry=cuda:0
[density] materializing policy=chunk_packed_224
[density] generating policy=chunk_packed_224
The following generation flags are not valid and may be ignored: ['temperature', 'top_p', 'top_k']. Set `TRANSFORMERS_VERBOSITY=info` for more details.
[reader] generated 2/500
[reader] generated 4/500
[reader] generated 6/500
[reader] generated 8/500
[reader] generated 10/500
[reader] generated 12/500
[reader] generated 14/500
[reader] generated 16/500
[reader] generated 18/500
[reader] generated 20/500
[reader] generated 22/500
[reader] generated 24/500
[reader] generated 26/500
[reader] generated 28/500
[reader] generated 30/500
[reader] generated 32/500
[reader] generated 34/500
[reader] generated 36/500
[reader] generated 38/500
[reader] generated 40/500
[reader] generated 42/500
[reader] generated 44/500
[reader] generated 46/500
[reader] generated 48/500
[reader] generated 50/500
[reader] generated 52/500
[reader] generated 54/500
[reader] generated 56/500
[reader] generated 58/500
[reader] generated 60/500
[reader] generated 62/500
[reader] generated 64/500
[reader] generated 66/500
[reader] generated 68/500
[reader] generated 70/500
[reader] generated 72/500
[reader] generated 74/500
[reader] generated 76/500
[reader] generated 78/500
[reader] generated 80/500
[reader] generated 82/500
[reader] generated 84/500
[reader] generated 86/500
[reader] generated 88/500
[reader] generated 90/500
[reader] generated 92/500
[reader] generated 94/500
[reader] generated 96/500
[reader] generated 98/500
[reader] generated 100/500
[reader] generated 102/500
[reader] generated 104/500
[reader] generated 106/500
[reader] generated 108/500
[reader] generated 110/500
[reader] generated 112/500
[reader] generated 114/500
[reader] generated 116/500
[reader] generated 118/500
[reader] generated 120/500
[reader] generated 122/500
[reader] generated 124/500
[reader] generated 126/500
[reader] generated 128/500
[reader] generated 130/500
[reader] generated 132/500
[reader] generated 134/500
[reader] generated 136/500
[reader] generated 138/500
[reader] generated 140/500
[reader] generated 142/500
[reader] generated 144/500
[reader] generated 146/500
[reader] generated 148/500
[reader] generated 150/500
[reader] generated 152/500
[reader] generated 154/500
[reader] generated 156/500
[reader] generated 158/500
[reader] generated 160/500
[reader] generated 162/500
[reader] generated 164/500
[reader] generated 166/500
[reader] generated 168/500
[reader] generated 170/500
[reader] generated 172/500
[reader] generated 174/500
[reader] generated 176/500
[reader] generated 178/500
[reader] generated 180/500
[reader] generated 182/500
[reader] generated 184/500
[reader] generated 186/500
[reader] generated 188/500
[reader] generated 190/500
[reader] generated 192/500
[reader] generated 194/500
[reader] generated 196/500
[reader] generated 198/500
[reader] generated 200/500
[reader] generated 202/500
[reader] generated 204/500
[reader] generated 206/500
[reader] generated 208/500
[reader] generated 210/500
[reader] generated 212/500
[reader] generated 214/500
[reader] generated 216/500
[reader] generated 218/500
[reader] generated 220/500
[reader] generated 222/500
[reader] generated 224/500
[reader] generated 226/500
[reader] generated 228/500
[reader] generated 230/500
[reader] generated 232/500
[reader] generated 234/500
[reader] generated 236/500
[reader] generated 238/500
[reader] generated 240/500
[reader] generated 242/500
[reader] generated 244/500
[reader] generated 246/500
[reader] generated 248/500
[reader] generated 250/500
[reader] generated 252/500
[reader] generated 254/500
[reader] generated 256/500
[reader] generated 258/500
[reader] generated 260/500
[reader] generated 262/500
[reader] generated 264/500
[reader] generated 266/500
[reader] generated 268/500
[reader] generated 270/500
[reader] generated 272/500
[reader] generated 274/500
[reader] generated 276/500
[reader] generated 278/500
[reader] generated 280/500
[reader] generated 282/500
[reader] generated 284/500
[reader] generated 286/500
[reader] generated 288/500
[reader] generated 290/500
[reader] generated 292/500
[reader] generated 294/500
[reader] generated 296/500
[reader] generated 298/500
[reader] generated 300/500
[reader] generated 302/500
[reader] generated 304/500
[reader] generated 306/500
[reader] generated 308/500
[reader] generated 310/500
[reader] generated 312/500
[reader] generated 314/500
[reader] generated 316/500
[reader] generated 318/500
[reader] generated 320/500
[reader] generated 322/500
[reader] generated 324/500
[reader] generated 326/500
[reader] generated 328/500
[reader] generated 330/500
[reader] generated 332/500
[reader] generated 334/500
[reader] generated 336/500
[reader] generated 338/500
[reader] generated 340/500
[reader] generated 342/500
[reader] generated 344/500
[reader] generated 346/500
[reader] generated 348/500
[reader] generated 350/500
[reader] generated 352/500
[reader] generated 354/500
[reader] generated 356/500
[reader] generated 358/500
[reader] generated 360/500
[reader] generated 362/500
[reader] generated 364/500
[reader] generated 366/500
[reader] generated 368/500
[reader] generated 370/500
[reader] generated 372/500
[reader] generated 374/500
[reader] generated 376/500
[reader] generated 378/500
[reader] generated 380/500
[reader] generated 382/500
[reader] generated 384/500
[reader] generated 386/500
[reader] generated 388/500
[reader] generated 390/500
[reader] generated 392/500
[reader] generated 394/500
[reader] generated 396/500
[reader] generated 398/500
[reader] generated 400/500
[reader] generated 402/500
[reader] generated 404/500
[reader] generated 406/500
[reader] generated 408/500
[reader] generated 410/500
[reader] generated 412/500
[reader] generated 414/500
[reader] generated 416/500
[reader] generated 418/500
[reader] generated 420/500
[reader] generated 422/500
[reader] generated 424/500
[reader] generated 426/500
[reader] generated 428/500
[reader] generated 430/500
[reader] generated 432/500
[reader] generated 434/500
[reader] generated 436/500
[reader] generated 438/500
[reader] generated 440/500
[reader] generated 442/500
[reader] generated 444/500
[reader] generated 446/500
[reader] generated 448/500
[reader] generated 450/500
[reader] generated 452/500
[reader] generated 454/500
[reader] generated 456/500
[reader] generated 458/500
[reader] generated 460/500
[reader] generated 462/500
[reader] generated 464/500
[reader] generated 466/500
[reader] generated 468/500
[reader] generated 470/500
[reader] generated 472/500
[reader] generated 474/500
[reader] generated 476/500
[reader] generated 478/500
[reader] generated 480/500
[reader] generated 482/500
[reader] generated 484/500
[reader] generated 486/500
[reader] generated 488/500
[reader] generated 490/500
[reader] generated 492/500
[reader] generated 494/500
[reader] generated 496/500
[reader] generated 498/500
[reader] generated 500/500
[density] policy=chunk_packed_224, router_type=fixed, representation=chunk, packer=packed, reader_model=Qwen/Qwen2.5-3B-Instruct, packed_token_budget=224, recall@1=0.437, all_gold@1=0.0, recall@2=0.718, all_gold@2=0.496, recall@5=0.875, all_gold@5=0.762, qwen_em=0.334, qwen_f1=0.4464, avg_reader_evidence_tokens=213.91, mean_ans_in_context=0.662, mean_ans_in_context_soft=0.7189, mean_gold_token_density=0.3722, mean_gold_doc_reader_cov=0.805, mean_all_gold_reader=0.636, mean_distractor_docs=2.67, mean_context_tokens=213.912, mean_n_snippets=4.606
[density] materializing policy=chunk_focused_224
[density] generating policy=chunk_focused_224
[reader] generated 2/500
[reader] generated 4/500
[reader] generated 6/500
[reader] generated 8/500
[reader] generated 10/500
[reader] generated 12/500
[reader] generated 14/500
[reader] generated 16/500
[reader] generated 18/500
[reader] generated 20/500
[reader] generated 22/500
[reader] generated 24/500
[reader] generated 26/500
[reader] generated 28/500
[reader] generated 30/500
[reader] generated 32/500
[reader] generated 34/500
[reader] generated 36/500
[reader] generated 38/500
[reader] generated 40/500
[reader] generated 42/500
[reader] generated 44/500
[reader] generated 46/500
[reader] generated 48/500
[reader] generated 50/500
[reader] generated 52/500
[reader] generated 54/500
[reader] generated 56/500
[reader] generated 58/500
[reader] generated 60/500
[reader] generated 62/500
[reader] generated 64/500
[reader] generated 66/500
[reader] generated 68/500
[reader] generated 70/500
[reader] generated 72/500
[reader] generated 74/500
[reader] generated 76/500
[reader] generated 78/500
[reader] generated 80/500
[reader] generated 82/500
[reader] generated 84/500
[reader] generated 86/500
[reader] generated 88/500
[reader] generated 90/500
[reader] generated 92/500
[reader] generated 94/500
[reader] generated 96/500
[reader] generated 98/500
[reader] generated 100/500
[reader] generated 102/500
[reader] generated 104/500
[reader] generated 106/500
[reader] generated 108/500
[reader] generated 110/500
[reader] generated 112/500
[reader] generated 114/500
[reader] generated 116/500
[reader] generated 118/500
[reader] generated 120/500
[reader] generated 122/500
[reader] generated 124/500
[reader] generated 126/500
[reader] generated 128/500
[reader] generated 130/500
[reader] generated 132/500
[reader] generated 134/500
[reader] generated 136/500
[reader] generated 138/500
[reader] generated 140/500
[reader] generated 142/500
[reader] generated 144/500
[reader] generated 146/500
[reader] generated 148/500
[reader] generated 150/500
[reader] generated 152/500
[reader] generated 154/500
[reader] generated 156/500
[reader] generated 158/500
[reader] generated 160/500
[reader] generated 162/500
[reader] generated 164/500
[reader] generated 166/500
[reader] generated 168/500
[reader] generated 170/500
[reader] generated 172/500
[reader] generated 174/500
[reader] generated 176/500
[reader] generated 178/500
[reader] generated 180/500
[reader] generated 182/500
[reader] generated 184/500
[reader] generated 186/500
[reader] generated 188/500
[reader] generated 190/500
[reader] generated 192/500
[reader] generated 194/500
[reader] generated 196/500
[reader] generated 198/500
[reader] generated 200/500
[reader] generated 202/500
[reader] generated 204/500
[reader] generated 206/500
[reader] generated 208/500
[reader] generated 210/500
[reader] generated 212/500
[reader] generated 214/500
[reader] generated 216/500
[reader] generated 218/500
[reader] generated 220/500
[reader] generated 222/500
[reader] generated 224/500
[reader] generated 226/500
[reader] generated 228/500
[reader] generated 230/500
[reader] generated 232/500
[reader] generated 234/500
[reader] generated 236/500
[reader] generated 238/500
[reader] generated 240/500
[reader] generated 242/500
[reader] generated 244/500
[reader] generated 246/500
[reader] generated 248/500
[reader] generated 250/500
[reader] generated 252/500
[reader] generated 254/500
[reader] generated 256/500
[reader] generated 258/500
[reader] generated 260/500
[reader] generated 262/500
[reader] generated 264/500
[reader] generated 266/500
[reader] generated 268/500
[reader] generated 270/500
[reader] generated 272/500
[reader] generated 274/500
[reader] generated 276/500
[reader] generated 278/500
[reader] generated 280/500
[reader] generated 282/500
[reader] generated 284/500
[reader] generated 286/500
[reader] generated 288/500
[reader] generated 290/500
[reader] generated 292/500
[reader] generated 294/500
[reader] generated 296/500
[reader] generated 298/500
[reader] generated 300/500
[reader] generated 302/500
[reader] generated 304/500
[reader] generated 306/500
[reader] generated 308/500
[reader] generated 310/500
[reader] generated 312/500
[reader] generated 314/500
[reader] generated 316/500
[reader] generated 318/500
[reader] generated 320/500
[reader] generated 322/500
[reader] generated 324/500
[reader] generated 326/500
[reader] generated 328/500
[reader] generated 330/500
[reader] generated 332/500
[reader] generated 334/500
[reader] generated 336/500
[reader] generated 338/500
[reader] generated 340/500
[reader] generated 342/500
[reader] generated 344/500
[reader] generated 346/500
[reader] generated 348/500
[reader] generated 350/500
[reader] generated 352/500
[reader] generated 354/500
[reader] generated 356/500
[reader] generated 358/500
[reader] generated 360/500
[reader] generated 362/500
[reader] generated 364/500
[reader] generated 366/500
[reader] generated 368/500
[reader] generated 370/500
[reader] generated 372/500
[reader] generated 374/500
[reader] generated 376/500
[reader] generated 378/500
[reader] generated 380/500
[reader] generated 382/500
[reader] generated 384/500
[reader] generated 386/500
[reader] generated 388/500
[reader] generated 390/500
[reader] generated 392/500
[reader] generated 394/500
[reader] generated 396/500
[reader] generated 398/500
[reader] generated 400/500
[reader] generated 402/500
[reader] generated 404/500
[reader] generated 406/500
[reader] generated 408/500
[reader] generated 410/500
[reader] generated 412/500
[reader] generated 414/500
[reader] generated 416/500
[reader] generated 418/500
[reader] generated 420/500
[reader] generated 422/500
[reader] generated 424/500
[reader] generated 426/500
[reader] generated 428/500
[reader] generated 430/500
[reader] generated 432/500
[reader] generated 434/500
[reader] generated 436/500
[reader] generated 438/500
[reader] generated 440/500
[reader] generated 442/500
[reader] generated 444/500
[reader] generated 446/500
[reader] generated 448/500
[reader] generated 450/500
[reader] generated 452/500
[reader] generated 454/500
[reader] generated 456/500
[reader] generated 458/500
[reader] generated 460/500
[reader] generated 462/500
[reader] generated 464/500
[reader] generated 466/500
[reader] generated 468/500
[reader] generated 470/500
[reader] generated 472/500
[reader] generated 474/500
[reader] generated 476/500
[reader] generated 478/500
[reader] generated 480/500
[reader] generated 482/500
[reader] generated 484/500
[reader] generated 486/500
[reader] generated 488/500
[reader] generated 490/500
[reader] generated 492/500
[reader] generated 494/500
[reader] generated 496/500
[reader] generated 498/500
[reader] generated 500/500
[density] policy=chunk_focused_224, router_type=fixed, representation=chunk, packer=focused, reader_model=Qwen/Qwen2.5-3B-Instruct, packed_token_budget=224, recall@1=0.437, all_gold@1=0.0, recall@2=0.718, all_gold@2=0.496, recall@5=0.875, all_gold@5=0.762, qwen_em=0.356, qwen_f1=0.466, avg_reader_evidence_tokens=214.38, mean_ans_in_context=0.712, mean_ans_in_context_soft=0.7637, mean_gold_token_density=0.4493, mean_gold_doc_reader_cov=0.82, mean_all_gold_reader=0.66, mean_distractor_docs=2.186, mean_context_tokens=214.376, mean_n_snippets=4.294
[density] materializing policy=chunk_mmr_224
[density] generating policy=chunk_mmr_224
[reader] generated 2/500
[reader] generated 4/500
[reader] generated 6/500
[reader] generated 8/500
[reader] generated 10/500
[reader] generated 12/500
[reader] generated 14/500
[reader] generated 16/500
[reader] generated 18/500
[reader] generated 20/500
[reader] generated 22/500
[reader] generated 24/500
[reader] generated 26/500
[reader] generated 28/500
[reader] generated 30/500
[reader] generated 32/500
[reader] generated 34/500
[reader] generated 36/500
[reader] generated 38/500
[reader] generated 40/500
[reader] generated 42/500
[reader] generated 44/500
[reader] generated 46/500
[reader] generated 48/500
[reader] generated 50/500
[reader] generated 52/500
[reader] generated 54/500
[reader] generated 56/500
[reader] generated 58/500
[reader] generated 60/500
[reader] generated 62/500
[reader] generated 64/500
[reader] generated 66/500
[reader] generated 68/500
[reader] generated 70/500
[reader] generated 72/500
[reader] generated 74/500
[reader] generated 76/500
[reader] generated 78/500
[reader] generated 80/500
[reader] generated 82/500
[reader] generated 84/500
[reader] generated 86/500
[reader] generated 88/500
[reader] generated 90/500
[reader] generated 92/500
[reader] generated 94/500
[reader] generated 96/500
[reader] generated 98/500
[reader] generated 100/500
[reader] generated 102/500
[reader] generated 104/500
[reader] generated 106/500
[reader] generated 108/500
[reader] generated 110/500
[reader] generated 112/500
[reader] generated 114/500
[reader] generated 116/500
[reader] generated 118/500
[reader] generated 120/500
[reader] generated 122/500
[reader] generated 124/500
[reader] generated 126/500
[reader] generated 128/500
[reader] generated 130/500
[reader] generated 132/500
[reader] generated 134/500
[reader] generated 136/500
[reader] generated 138/500
[reader] generated 140/500
[reader] generated 142/500
[reader] generated 144/500
[reader] generated 146/500
[reader] generated 148/500
[reader] generated 150/500
[reader] generated 152/500
[reader] generated 154/500
[reader] generated 156/500
[reader] generated 158/500
[reader] generated 160/500
[reader] generated 162/500
[reader] generated 164/500
[reader] generated 166/500
[reader] generated 168/500
[reader] generated 170/500
[reader] generated 172/500
[reader] generated 174/500
[reader] generated 176/500
[reader] generated 178/500
[reader] generated 180/500
[reader] generated 182/500
[reader] generated 184/500
[reader] generated 186/500
[reader] generated 188/500
[reader] generated 190/500
[reader] generated 192/500
[reader] generated 194/500
[reader] generated 196/500
[reader] generated 198/500
[reader] generated 200/500
[reader] generated 202/500
[reader] generated 204/500
[reader] generated 206/500
[reader] generated 208/500
[reader] generated 210/500
[reader] generated 212/500
[reader] generated 214/500
[reader] generated 216/500
[reader] generated 218/500
[reader] generated 220/500
[reader] generated 222/500
[reader] generated 224/500
[reader] generated 226/500
[reader] generated 228/500
[reader] generated 230/500
[reader] generated 232/500
[reader] generated 234/500
[reader] generated 236/500
[reader] generated 238/500
[reader] generated 240/500
[reader] generated 242/500
[reader] generated 244/500
[reader] generated 246/500
[reader] generated 248/500
[reader] generated 250/500
[reader] generated 252/500
[reader] generated 254/500
[reader] generated 256/500
[reader] generated 258/500
[reader] generated 260/500
[reader] generated 262/500
[reader] generated 264/500
[reader] generated 266/500
[reader] generated 268/500
[reader] generated 270/500
[reader] generated 272/500
[reader] generated 274/500
[reader] generated 276/500
[reader] generated 278/500
[reader] generated 280/500
[reader] generated 282/500
[reader] generated 284/500
[reader] generated 286/500
[reader] generated 288/500
[reader] generated 290/500
[reader] generated 292/500
[reader] generated 294/500
[reader] generated 296/500
[reader] generated 298/500
[reader] generated 300/500
[reader] generated 302/500
[reader] generated 304/500
[reader] generated 306/500
[reader] generated 308/500
[reader] generated 310/500
[reader] generated 312/500
[reader] generated 314/500
[reader] generated 316/500
[reader] generated 318/500
[reader] generated 320/500
[reader] generated 322/500
[reader] generated 324/500
[reader] generated 326/500
[reader] generated 328/500
[reader] generated 330/500
[reader] generated 332/500
[reader] generated 334/500
[reader] generated 336/500
[reader] generated 338/500
[reader] generated 340/500
[reader] generated 342/500
[reader] generated 344/500
[reader] generated 346/500
[reader] generated 348/500
[reader] generated 350/500
[reader] generated 352/500
[reader] generated 354/500
[reader] generated 356/500
[reader] generated 358/500
[reader] generated 360/500
[reader] generated 362/500
[reader] generated 364/500
[reader] generated 366/500
[reader] generated 368/500
[reader] generated 370/500
[reader] generated 372/500
[reader] generated 374/500
[reader] generated 376/500
[reader] generated 378/500
[reader] generated 380/500
[reader] generated 382/500
[reader] generated 384/500
[reader] generated 386/500
[reader] generated 388/500
[reader] generated 390/500
[reader] generated 392/500
[reader] generated 394/500
[reader] generated 396/500
[reader] generated 398/500
[reader] generated 400/500
[reader] generated 402/500
[reader] generated 404/500
[reader] generated 406/500
[reader] generated 408/500
[reader] generated 410/500
[reader] generated 412/500
[reader] generated 414/500
[reader] generated 416/500
[reader] generated 418/500
[reader] generated 420/500
[reader] generated 422/500
[reader] generated 424/500
[reader] generated 426/500
[reader] generated 428/500
[reader] generated 430/500
[reader] generated 432/500
[reader] generated 434/500
[reader] generated 436/500
[reader] generated 438/500
[reader] generated 440/500
[reader] generated 442/500
[reader] generated 444/500
[reader] generated 446/500
[reader] generated 448/500
[reader] generated 450/500
[reader] generated 452/500
[reader] generated 454/500
[reader] generated 456/500
[reader] generated 458/500
[reader] generated 460/500
[reader] generated 462/500
[reader] generated 464/500
[reader] generated 466/500
[reader] generated 468/500
[reader] generated 470/500
[reader] generated 472/500
[reader] generated 474/500
[reader] generated 476/500
[reader] generated 478/500
[reader] generated 480/500
[reader] generated 482/500
[reader] generated 484/500
[reader] generated 486/500
[reader] generated 488/500
[reader] generated 490/500
[reader] generated 492/500
[reader] generated 494/500
[reader] generated 496/500
[reader] generated 498/500
[reader] generated 500/500
[density] policy=chunk_mmr_224, router_type=fixed, representation=chunk, packer=mmr, reader_model=Qwen/Qwen2.5-3B-Instruct, packed_token_budget=224, recall@1=0.437, all_gold@1=0.0, recall@2=0.718, all_gold@2=0.496, recall@5=0.875, all_gold@5=0.762, qwen_em=0.326, qwen_f1=0.4399, avg_reader_evidence_tokens=214.57, mean_ans_in_context=0.68, mean_ans_in_context_soft=0.7373, mean_gold_token_density=0.4676, mean_gold_doc_reader_cov=0.772, mean_all_gold_reader=0.576, mean_distractor_docs=2.018, mean_context_tokens=214.566, mean_n_snippets=4.394
[density] materializing policy=chunk_submod_224
[density] generating policy=chunk_submod_224
[reader] generated 2/500
[reader] generated 4/500
[reader] generated 6/500
[reader] generated 8/500
[reader] generated 10/500
[reader] generated 12/500
[reader] generated 14/500
[reader] generated 16/500
[reader] generated 18/500
[reader] generated 20/500
[reader] generated 22/500
[reader] generated 24/500
[reader] generated 26/500
[reader] generated 28/500
[reader] generated 30/500
[reader] generated 32/500
[reader] generated 34/500
[reader] generated 36/500
[reader] generated 38/500
[reader] generated 40/500
[reader] generated 42/500
[reader] generated 44/500
[reader] generated 46/500
[reader] generated 48/500
[reader] generated 50/500
[reader] generated 52/500
[reader] generated 54/500
[reader] generated 56/500
[reader] generated 58/500
[reader] generated 60/500
[reader] generated 62/500
[reader] generated 64/500
[reader] generated 66/500
[reader] generated 68/500
[reader] generated 70/500
[reader] generated 72/500
[reader] generated 74/500
[reader] generated 76/500
[reader] generated 78/500
[reader] generated 80/500
[reader] generated 82/500
[reader] generated 84/500
[reader] generated 86/500
[reader] generated 88/500
[reader] generated 90/500
[reader] generated 92/500
[reader] generated 94/500
[reader] generated 96/500
[reader] generated 98/500
[reader] generated 100/500
[reader] generated 102/500
[reader] generated 104/500
[reader] generated 106/500
[reader] generated 108/500
[reader] generated 110/500
[reader] generated 112/500
[reader] generated 114/500
[reader] generated 116/500
[reader] generated 118/500
[reader] generated 120/500
[reader] generated 122/500
[reader] generated 124/500
[reader] generated 126/500
[reader] generated 128/500
[reader] generated 130/500
[reader] generated 132/500
[reader] generated 134/500
[reader] generated 136/500
[reader] generated 138/500
[reader] generated 140/500
[reader] generated 142/500
[reader] generated 144/500
[reader] generated 146/500
[reader] generated 148/500
[reader] generated 150/500
[reader] generated 152/500
[reader] generated 154/500
[reader] generated 156/500
[reader] generated 158/500
[reader] generated 160/500
[reader] generated 162/500
[reader] generated 164/500
[reader] generated 166/500
[reader] generated 168/500
[reader] generated 170/500
[reader] generated 172/500
[reader] generated 174/500
[reader] generated 176/500
[reader] generated 178/500
[reader] generated 180/500
[reader] generated 182/500
[reader] generated 184/500
[reader] generated 186/500
[reader] generated 188/500
[reader] generated 190/500
[reader] generated 192/500
[reader] generated 194/500
[reader] generated 196/500
[reader] generated 198/500
[reader] generated 200/500
[reader] generated 202/500
[reader] generated 204/500
[reader] generated 206/500
[reader] generated 208/500
[reader] generated 210/500
[reader] generated 212/500
[reader] generated 214/500
[reader] generated 216/500
[reader] generated 218/500
[reader] generated 220/500
[reader] generated 222/500
[reader] generated 224/500
[reader] generated 226/500
[reader] generated 228/500
[reader] generated 230/500
[reader] generated 232/500
[reader] generated 234/500
[reader] generated 236/500
[reader] generated 238/500
[reader] generated 240/500
[reader] generated 242/500
[reader] generated 244/500
[reader] generated 246/500
[reader] generated 248/500
[reader] generated 250/500
[reader] generated 252/500
[reader] generated 254/500
[reader] generated 256/500
[reader] generated 258/500
[reader] generated 260/500
[reader] generated 262/500
[reader] generated 264/500
[reader] generated 266/500
[reader] generated 268/500
[reader] generated 270/500
[reader] generated 272/500
[reader] generated 274/500
[reader] generated 276/500
[reader] generated 278/500
[reader] generated 280/500
[reader] generated 282/500
[reader] generated 284/500
[reader] generated 286/500
[reader] generated 288/500
[reader] generated 290/500
[reader] generated 292/500
[reader] generated 294/500
[reader] generated 296/500
[reader] generated 298/500
[reader] generated 300/500
[reader] generated 302/500
[reader] generated 304/500
[reader] generated 306/500
[reader] generated 308/500
[reader] generated 310/500
[reader] generated 312/500
[reader] generated 314/500
[reader] generated 316/500
[reader] generated 318/500
[reader] generated 320/500
[reader] generated 322/500
[reader] generated 324/500
[reader] generated 326/500
[reader] generated 328/500
[reader] generated 330/500
[reader] generated 332/500
[reader] generated 334/500
[reader] generated 336/500
[reader] generated 338/500
[reader] generated 340/500
[reader] generated 342/500
[reader] generated 344/500
[reader] generated 346/500
[reader] generated 348/500
[reader] generated 350/500
[reader] generated 352/500
[reader] generated 354/500
[reader] generated 356/500
[reader] generated 358/500
[reader] generated 360/500
[reader] generated 362/500
[reader] generated 364/500
[reader] generated 366/500
[reader] generated 368/500
[reader] generated 370/500
[reader] generated 372/500
[reader] generated 374/500
[reader] generated 376/500
[reader] generated 378/500
[reader] generated 380/500
[reader] generated 382/500
[reader] generated 384/500
[reader] generated 386/500
[reader] generated 388/500
[reader] generated 390/500
[reader] generated 392/500
[reader] generated 394/500
[reader] generated 396/500
[reader] generated 398/500
[reader] generated 400/500
[reader] generated 402/500
[reader] generated 404/500
[reader] generated 406/500
[reader] generated 408/500
[reader] generated 410/500
[reader] generated 412/500
[reader] generated 414/500
[reader] generated 416/500
[reader] generated 418/500
[reader] generated 420/500
[reader] generated 422/500
[reader] generated 424/500
[reader] generated 426/500
[reader] generated 428/500
[reader] generated 430/500
[reader] generated 432/500
[reader] generated 434/500
[reader] generated 436/500
[reader] generated 438/500
[reader] generated 440/500
[reader] generated 442/500
[reader] generated 444/500
[reader] generated 446/500
[reader] generated 448/500
[reader] generated 450/500
[reader] generated 452/500
[reader] generated 454/500
[reader] generated 456/500
[reader] generated 458/500
[reader] generated 460/500
[reader] generated 462/500
[reader] generated 464/500
[reader] generated 466/500
[reader] generated 468/500
[reader] generated 470/500
[reader] generated 472/500
[reader] generated 474/500
[reader] generated 476/500
[reader] generated 478/500
[reader] generated 480/500
[reader] generated 482/500
[reader] generated 484/500
[reader] generated 486/500
[reader] generated 488/500
[reader] generated 490/500
[reader] generated 492/500
[reader] generated 494/500
[reader] generated 496/500
[reader] generated 498/500
[reader] generated 500/500
[density] policy=chunk_submod_224, router_type=fixed, representation=chunk, packer=submod, reader_model=Qwen/Qwen2.5-3B-Instruct, packed_token_budget=224, recall@1=0.437, all_gold@1=0.0, recall@2=0.718, all_gold@2=0.496, recall@5=0.875, all_gold@5=0.762, qwen_em=0.368, qwen_f1=0.473, avg_reader_evidence_tokens=205.71, mean_ans_in_context=0.692, mean_ans_in_context_soft=0.7452, mean_gold_token_density=0.4141, mean_gold_doc_reader_cov=0.834, mean_all_gold_reader=0.688, mean_distractor_docs=2.824, mean_context_tokens=205.706, mean_n_snippets=6.002
[density] materializing policy=ace_focused_224
[density] generating policy=ace_focused_224
[reader] generated 2/500
[reader] generated 4/500
[reader] generated 6/500
[reader] generated 8/500
[reader] generated 10/500
[reader] generated 12/500
[reader] generated 14/500
[reader] generated 16/500
[reader] generated 18/500
[reader] generated 20/500
[reader] generated 22/500
[reader] generated 24/500
[reader] generated 26/500
[reader] generated 28/500
[reader] generated 30/500
[reader] generated 32/500
[reader] generated 34/500
[reader] generated 36/500
[reader] generated 38/500
[reader] generated 40/500
[reader] generated 42/500
[reader] generated 44/500
[reader] generated 46/500
[reader] generated 48/500
[reader] generated 50/500
[reader] generated 52/500
[reader] generated 54/500
[reader] generated 56/500
[reader] generated 58/500
[reader] generated 60/500
[reader] generated 62/500
[reader] generated 64/500
[reader] generated 66/500
[reader] generated 68/500
[reader] generated 70/500
[reader] generated 72/500
[reader] generated 74/500
[reader] generated 76/500
[reader] generated 78/500
[reader] generated 80/500
[reader] generated 82/500
[reader] generated 84/500
[reader] generated 86/500
[reader] generated 88/500
[reader] generated 90/500
[reader] generated 92/500
[reader] generated 94/500
[reader] generated 96/500
[reader] generated 98/500
[reader] generated 100/500
[reader] generated 102/500
[reader] generated 104/500
[reader] generated 106/500
[reader] generated 108/500
[reader] generated 110/500
[reader] generated 112/500
[reader] generated 114/500
[reader] generated 116/500
[reader] generated 118/500
[reader] generated 120/500
[reader] generated 122/500
[reader] generated 124/500
[reader] generated 126/500
[reader] generated 128/500
[reader] generated 130/500
[reader] generated 132/500
[reader] generated 134/500
[reader] generated 136/500
[reader] generated 138/500
[reader] generated 140/500
[reader] generated 142/500
[reader] generated 144/500
[reader] generated 146/500
[reader] generated 148/500
[reader] generated 150/500
[reader] generated 152/500
[reader] generated 154/500
[reader] generated 156/500
[reader] generated 158/500
[reader] generated 160/500
[reader] generated 162/500
[reader] generated 164/500
[reader] generated 166/500
[reader] generated 168/500
[reader] generated 170/500
[reader] generated 172/500
[reader] generated 174/500
[reader] generated 176/500
[reader] generated 178/500
[reader] generated 180/500
[reader] generated 182/500
[reader] generated 184/500
[reader] generated 186/500
[reader] generated 188/500
[reader] generated 190/500
[reader] generated 192/500
[reader] generated 194/500
[reader] generated 196/500
[reader] generated 198/500
[reader] generated 200/500
[reader] generated 202/500
[reader] generated 204/500
[reader] generated 206/500
[reader] generated 208/500
[reader] generated 210/500
[reader] generated 212/500
[reader] generated 214/500
[reader] generated 216/500
[reader] generated 218/500
[reader] generated 220/500
[reader] generated 222/500
[reader] generated 224/500
[reader] generated 226/500
[reader] generated 228/500
[reader] generated 230/500
[reader] generated 232/500
[reader] generated 234/500
[reader] generated 236/500
[reader] generated 238/500
[reader] generated 240/500
[reader] generated 242/500
[reader] generated 244/500
[reader] generated 246/500
[reader] generated 248/500
[reader] generated 250/500
[reader] generated 252/500
[reader] generated 254/500
[reader] generated 256/500
[reader] generated 258/500
[reader] generated 260/500
[reader] generated 262/500
[reader] generated 264/500
[reader] generated 266/500
[reader] generated 268/500
[reader] generated 270/500
[reader] generated 272/500
[reader] generated 274/500
[reader] generated 276/500
[reader] generated 278/500
[reader] generated 280/500
[reader] generated 282/500
[reader] generated 284/500
[reader] generated 286/500
[reader] generated 288/500
[reader] generated 290/500
[reader] generated 292/500
[reader] generated 294/500
[reader] generated 296/500
[reader] generated 298/500
[reader] generated 300/500
[reader] generated 302/500
[reader] generated 304/500
[reader] generated 306/500
[reader] generated 308/500
[reader] generated 310/500
[reader] generated 312/500
[reader] generated 314/500
[reader] generated 316/500
[reader] generated 318/500
[reader] generated 320/500
[reader] generated 322/500
[reader] generated 324/500
[reader] generated 326/500
[reader] generated 328/500
[reader] generated 330/500
[reader] generated 332/500
[reader] generated 334/500
[reader] generated 336/500
[reader] generated 338/500
[reader] generated 340/500
[reader] generated 342/500
[reader] generated 344/500
[reader] generated 346/500
[reader] generated 348/500
[reader] generated 350/500
[reader] generated 352/500
[reader] generated 354/500
[reader] generated 356/500
[reader] generated 358/500
[reader] generated 360/500
[reader] generated 362/500
[reader] generated 364/500
[reader] generated 366/500
[reader] generated 368/500
[reader] generated 370/500
[reader] generated 372/500
[reader] generated 374/500
[reader] generated 376/500
[reader] generated 378/500
[reader] generated 380/500
[reader] generated 382/500
[reader] generated 384/500
[reader] generated 386/500
[reader] generated 388/500
[reader] generated 390/500
[reader] generated 392/500
[reader] generated 394/500
[reader] generated 396/500
[reader] generated 398/500
[reader] generated 400/500
[reader] generated 402/500
[reader] generated 404/500
[reader] generated 406/500
[reader] generated 408/500
[reader] generated 410/500
[reader] generated 412/500
[reader] generated 414/500
[reader] generated 416/500
[reader] generated 418/500
[reader] generated 420/500
[reader] generated 422/500
[reader] generated 424/500
[reader] generated 426/500
[reader] generated 428/500
[reader] generated 430/500
[reader] generated 432/500
[reader] generated 434/500
[reader] generated 436/500
[reader] generated 438/500
[reader] generated 440/500
[reader] generated 442/500
[reader] generated 444/500
[reader] generated 446/500
[reader] generated 448/500
[reader] generated 450/500
[reader] generated 452/500
[reader] generated 454/500
[reader] generated 456/500
[reader] generated 458/500
[reader] generated 460/500
[reader] generated 462/500
[reader] generated 464/500
[reader] generated 466/500
[reader] generated 468/500
[reader] generated 470/500
[reader] generated 472/500
[reader] generated 474/500
[reader] generated 476/500
[reader] generated 478/500
[reader] generated 480/500
[reader] generated 482/500
[reader] generated 484/500
[reader] generated 486/500
[reader] generated 488/500
[reader] generated 490/500
[reader] generated 492/500
[reader] generated 494/500
[reader] generated 496/500
[reader] generated 498/500
[reader] generated 500/500
[density] policy=ace_focused_224, router_type=fixed, representation=ace, packer=focused, reader_model=Qwen/Qwen2.5-3B-Instruct, packed_token_budget=224, recall@1=0.409, all_gold@1=0.0, recall@2=0.665, all_gold@2=0.406, recall@5=0.847, all_gold@5=0.718, qwen_em=0.336, qwen_f1=0.455, avg_reader_evidence_tokens=212.87, mean_ans_in_context=0.672, mean_ans_in_context_soft=0.7277, mean_gold_token_density=0.3994, mean_gold_doc_reader_cov=0.818, mean_all_gold_reader=0.666, mean_distractor_docs=2.822, mean_context_tokens=212.874, mean_n_snippets=5.426
[density] materializing policy=ace_mmr_224
[density] generating policy=ace_mmr_224
[reader] generated 2/500
[reader] generated 4/500
[reader] generated 6/500
[reader] generated 8/500
[reader] generated 10/500
[reader] generated 12/500
[reader] generated 14/500
[reader] generated 16/500
[reader] generated 18/500
[reader] generated 20/500
[reader] generated 22/500
[reader] generated 24/500
[reader] generated 26/500
[reader] generated 28/500
[reader] generated 30/500
[reader] generated 32/500
[reader] generated 34/500
[reader] generated 36/500
[reader] generated 38/500
[reader] generated 40/500
[reader] generated 42/500
[reader] generated 44/500
[reader] generated 46/500
[reader] generated 48/500
[reader] generated 50/500
[reader] generated 52/500
[reader] generated 54/500
[reader] generated 56/500
[reader] generated 58/500
[reader] generated 60/500
[reader] generated 62/500
[reader] generated 64/500
[reader] generated 66/500
[reader] generated 68/500
[reader] generated 70/500
[reader] generated 72/500
[reader] generated 74/500
[reader] generated 76/500
[reader] generated 78/500
[reader] generated 80/500
[reader] generated 82/500
[reader] generated 84/500
[reader] generated 86/500
[reader] generated 88/500
[reader] generated 90/500
[reader] generated 92/500
[reader] generated 94/500
[reader] generated 96/500
[reader] generated 98/500
[reader] generated 100/500
[reader] generated 102/500
[reader] generated 104/500
[reader] generated 106/500
[reader] generated 108/500
[reader] generated 110/500
[reader] generated 112/500
[reader] generated 114/500
[reader] generated 116/500
[reader] generated 118/500
[reader] generated 120/500
[reader] generated 122/500
[reader] generated 124/500
[reader] generated 126/500
[reader] generated 128/500
[reader] generated 130/500
[reader] generated 132/500
[reader] generated 134/500
[reader] generated 136/500
[reader] generated 138/500
[reader] generated 140/500
[reader] generated 142/500
[reader] generated 144/500
[reader] generated 146/500
[reader] generated 148/500
[reader] generated 150/500
[reader] generated 152/500
[reader] generated 154/500
[reader] generated 156/500
[reader] generated 158/500
[reader] generated 160/500
[reader] generated 162/500
[reader] generated 164/500
[reader] generated 166/500
[reader] generated 168/500
[reader] generated 170/500
[reader] generated 172/500
[reader] generated 174/500
[reader] generated 176/500
[reader] generated 178/500
[reader] generated 180/500
[reader] generated 182/500
[reader] generated 184/500
[reader] generated 186/500
[reader] generated 188/500
[reader] generated 190/500
[reader] generated 192/500
[reader] generated 194/500
[reader] generated 196/500
[reader] generated 198/500
[reader] generated 200/500
[reader] generated 202/500
[reader] generated 204/500
[reader] generated 206/500
[reader] generated 208/500
[reader] generated 210/500
[reader] generated 212/500
[reader] generated 214/500
[reader] generated 216/500
[reader] generated 218/500
[reader] generated 220/500
[reader] generated 222/500
[reader] generated 224/500
[reader] generated 226/500
[reader] generated 228/500
[reader] generated 230/500
[reader] generated 232/500
[reader] generated 234/500
[reader] generated 236/500
[reader] generated 238/500
[reader] generated 240/500
[reader] generated 242/500
[reader] generated 244/500
[reader] generated 246/500
[reader] generated 248/500
[reader] generated 250/500
[reader] generated 252/500
[reader] generated 254/500
[reader] generated 256/500
[reader] generated 258/500
[reader] generated 260/500
[reader] generated 262/500
[reader] generated 264/500
[reader] generated 266/500
[reader] generated 268/500
[reader] generated 270/500
[reader] generated 272/500
[reader] generated 274/500
[reader] generated 276/500
[reader] generated 278/500
[reader] generated 280/500
[reader] generated 282/500
[reader] generated 284/500
[reader] generated 286/500
[reader] generated 288/500
[reader] generated 290/500
[reader] generated 292/500
[reader] generated 294/500
[reader] generated 296/500
[reader] generated 298/500
[reader] generated 300/500
[reader] generated 302/500
[reader] generated 304/500
[reader] generated 306/500
[reader] generated 308/500
[reader] generated 310/500
[reader] generated 312/500
[reader] generated 314/500
[reader] generated 316/500
[reader] generated 318/500
[reader] generated 320/500
[reader] generated 322/500
[reader] generated 324/500
[reader] generated 326/500
[reader] generated 328/500
[reader] generated 330/500
[reader] generated 332/500
[reader] generated 334/500
[reader] generated 336/500
[reader] generated 338/500
[reader] generated 340/500
[reader] generated 342/500
[reader] generated 344/500
[reader] generated 346/500
[reader] generated 348/500
[reader] generated 350/500
[reader] generated 352/500
[reader] generated 354/500
[reader] generated 356/500
[reader] generated 358/500
[reader] generated 360/500
[reader] generated 362/500
[reader] generated 364/500
[reader] generated 366/500
[reader] generated 368/500
[reader] generated 370/500
[reader] generated 372/500
[reader] generated 374/500
[reader] generated 376/500
[reader] generated 378/500
[reader] generated 380/500
[reader] generated 382/500
[reader] generated 384/500
[reader] generated 386/500
[reader] generated 388/500
[reader] generated 390/500
[reader] generated 392/500
[reader] generated 394/500
[reader] generated 396/500
[reader] generated 398/500
[reader] generated 400/500
[reader] generated 402/500
[reader] generated 404/500
[reader] generated 406/500
[reader] generated 408/500
[reader] generated 410/500
[reader] generated 412/500
[reader] generated 414/500
[reader] generated 416/500
[reader] generated 418/500
[reader] generated 420/500
[reader] generated 422/500
[reader] generated 424/500
[reader] generated 426/500
[reader] generated 428/500
[reader] generated 430/500
[reader] generated 432/500
[reader] generated 434/500
[reader] generated 436/500
[reader] generated 438/500
[reader] generated 440/500
[reader] generated 442/500
[reader] generated 444/500
[reader] generated 446/500
[reader] generated 448/500
[reader] generated 450/500
[reader] generated 452/500
[reader] generated 454/500
[reader] generated 456/500
[reader] generated 458/500
[reader] generated 460/500
[reader] generated 462/500
[reader] generated 464/500
[reader] generated 466/500
[reader] generated 468/500
[reader] generated 470/500
[reader] generated 472/500
[reader] generated 474/500
[reader] generated 476/500
[reader] generated 478/500
[reader] generated 480/500
[reader] generated 482/500
[reader] generated 484/500
[reader] generated 486/500
[reader] generated 488/500
[reader] generated 490/500
[reader] generated 492/500
[reader] generated 494/500
[reader] generated 496/500
[reader] generated 498/500
[reader] generated 500/500
[density] policy=ace_mmr_224, router_type=fixed, representation=ace, packer=mmr, reader_model=Qwen/Qwen2.5-3B-Instruct, packed_token_budget=224, recall@1=0.409, all_gold@1=0.0, recall@2=0.665, all_gold@2=0.406, recall@5=0.847, all_gold@5=0.718, qwen_em=0.334, qwen_f1=0.4481, avg_reader_evidence_tokens=212.91, mean_ans_in_context=0.67, mean_ans_in_context_soft=0.722, mean_gold_token_density=0.426, mean_gold_doc_reader_cov=0.795, mean_all_gold_reader=0.63, mean_distractor_docs=2.614, mean_context_tokens=212.912, mean_n_snippets=5.452
[density] materializing policy=ace_submod_224
[density] generating policy=ace_submod_224
[reader] generated 2/500
[reader] generated 4/500
[reader] generated 6/500
[reader] generated 8/500
[reader] generated 10/500
[reader] generated 12/500
[reader] generated 14/500
[reader] generated 16/500
[reader] generated 18/500
[reader] generated 20/500
[reader] generated 22/500
[reader] generated 24/500
[reader] generated 26/500
[reader] generated 28/500
[reader] generated 30/500
[reader] generated 32/500
[reader] generated 34/500
[reader] generated 36/500
[reader] generated 38/500
[reader] generated 40/500
[reader] generated 42/500
[reader] generated 44/500
[reader] generated 46/500
[reader] generated 48/500
[reader] generated 50/500
[reader] generated 52/500
[reader] generated 54/500
[reader] generated 56/500
[reader] generated 58/500
[reader] generated 60/500
[reader] generated 62/500
[reader] generated 64/500
[reader] generated 66/500
[reader] generated 68/500
[reader] generated 70/500
[reader] generated 72/500
[reader] generated 74/500
[reader] generated 76/500
[reader] generated 78/500
[reader] generated 80/500
[reader] generated 82/500
[reader] generated 84/500
[reader] generated 86/500
[reader] generated 88/500
[reader] generated 90/500
[reader] generated 92/500
[reader] generated 94/500
[reader] generated 96/500
[reader] generated 98/500
[reader] generated 100/500
[reader] generated 102/500
[reader] generated 104/500
[reader] generated 106/500
[reader] generated 108/500
[reader] generated 110/500
[reader] generated 112/500
[reader] generated 114/500
[reader] generated 116/500
[reader] generated 118/500
[reader] generated 120/500
[reader] generated 122/500
[reader] generated 124/500
[reader] generated 126/500
[reader] generated 128/500
[reader] generated 130/500
[reader] generated 132/500
[reader] generated 134/500
[reader] generated 136/500
[reader] generated 138/500
[reader] generated 140/500
[reader] generated 142/500
[reader] generated 144/500
[reader] generated 146/500
[reader] generated 148/500
[reader] generated 150/500
[reader] generated 152/500
[reader] generated 154/500
[reader] generated 156/500
[reader] generated 158/500
[reader] generated 160/500
[reader] generated 162/500
[reader] generated 164/500
[reader] generated 166/500
[reader] generated 168/500
[reader] generated 170/500
[reader] generated 172/500
[reader] generated 174/500
[reader] generated 176/500
[reader] generated 178/500
[reader] generated 180/500
[reader] generated 182/500
[reader] generated 184/500
[reader] generated 186/500
[reader] generated 188/500
[reader] generated 190/500
[reader] generated 192/500
[reader] generated 194/500
[reader] generated 196/500
[reader] generated 198/500
[reader] generated 200/500
[reader] generated 202/500
[reader] generated 204/500
[reader] generated 206/500
[reader] generated 208/500
[reader] generated 210/500
[reader] generated 212/500
[reader] generated 214/500
[reader] generated 216/500
[reader] generated 218/500
[reader] generated 220/500
[reader] generated 222/500
[reader] generated 224/500
[reader] generated 226/500
[reader] generated 228/500
[reader] generated 230/500
[reader] generated 232/500
[reader] generated 234/500
[reader] generated 236/500
[reader] generated 238/500
[reader] generated 240/500
[reader] generated 242/500
[reader] generated 244/500
[reader] generated 246/500
[reader] generated 248/500
[reader] generated 250/500
[reader] generated 252/500
[reader] generated 254/500
[reader] generated 256/500
[reader] generated 258/500
[reader] generated 260/500
[reader] generated 262/500
[reader] generated 264/500
[reader] generated 266/500
[reader] generated 268/500
[reader] generated 270/500
[reader] generated 272/500
[reader] generated 274/500
[reader] generated 276/500
[reader] generated 278/500
[reader] generated 280/500
[reader] generated 282/500
[reader] generated 284/500
[reader] generated 286/500
[reader] generated 288/500
[reader] generated 290/500
[reader] generated 292/500
[reader] generated 294/500
[reader] generated 296/500
[reader] generated 298/500
[reader] generated 300/500
[reader] generated 302/500
[reader] generated 304/500
[reader] generated 306/500
[reader] generated 308/500
[reader] generated 310/500
[reader] generated 312/500
[reader] generated 314/500
[reader] generated 316/500
[reader] generated 318/500
[reader] generated 320/500
[reader] generated 322/500
[reader] generated 324/500
[reader] generated 326/500
[reader] generated 328/500
[reader] generated 330/500
[reader] generated 332/500
[reader] generated 334/500
[reader] generated 336/500
[reader] generated 338/500
[reader] generated 340/500
[reader] generated 342/500
[reader] generated 344/500
[reader] generated 346/500
[reader] generated 348/500
[reader] generated 350/500
[reader] generated 352/500
[reader] generated 354/500
[reader] generated 356/500
[reader] generated 358/500
[reader] generated 360/500
[reader] generated 362/500
[reader] generated 364/500
[reader] generated 366/500
[reader] generated 368/500
[reader] generated 370/500
[reader] generated 372/500
[reader] generated 374/500
[reader] generated 376/500
[reader] generated 378/500
[reader] generated 380/500
[reader] generated 382/500
[reader] generated 384/500
[reader] generated 386/500
[reader] generated 388/500
[reader] generated 390/500
[reader] generated 392/500
[reader] generated 394/500
[reader] generated 396/500
[reader] generated 398/500
[reader] generated 400/500
[reader] generated 402/500
[reader] generated 404/500
[reader] generated 406/500
[reader] generated 408/500
[reader] generated 410/500
[reader] generated 412/500
[reader] generated 414/500
[reader] generated 416/500
[reader] generated 418/500
[reader] generated 420/500
[reader] generated 422/500
[reader] generated 424/500
[reader] generated 426/500
[reader] generated 428/500
[reader] generated 430/500
[reader] generated 432/500
[reader] generated 434/500
[reader] generated 436/500
[reader] generated 438/500
[reader] generated 440/500
[reader] generated 442/500
[reader] generated 444/500
[reader] generated 446/500
[reader] generated 448/500
[reader] generated 450/500
[reader] generated 452/500
[reader] generated 454/500
[reader] generated 456/500
[reader] generated 458/500
[reader] generated 460/500
[reader] generated 462/500
[reader] generated 464/500
[reader] generated 466/500
[reader] generated 468/500
[reader] generated 470/500
[reader] generated 472/500
[reader] generated 474/500
[reader] generated 476/500
[reader] generated 478/500
[reader] generated 480/500
[reader] generated 482/500
[reader] generated 484/500
[reader] generated 486/500
[reader] generated 488/500
[reader] generated 490/500
[reader] generated 492/500
[reader] generated 494/500
[reader] generated 496/500
[reader] generated 498/500
[reader] generated 500/500
[density] policy=ace_submod_224, router_type=fixed, representation=ace, packer=submod, reader_model=Qwen/Qwen2.5-3B-Instruct, packed_token_budget=224, recall@1=0.409, all_gold@1=0.0, recall@2=0.665, all_gold@2=0.406, recall@5=0.847, all_gold@5=0.718, qwen_em=0.344, qwen_f1=0.4422, avg_reader_evidence_tokens=209.48, mean_ans_in_context=0.678, mean_ans_in_context_soft=0.7396, mean_gold_token_density=0.392, mean_gold_doc_reader_cov=0.816, mean_all_gold_reader=0.662, mean_distractor_docs=2.886, mean_context_tokens=209.478, mean_n_snippets=6.024
[density] policy=router_oracle_packer, router_type=oracle, representation=mixed, packer=oracle, reader_model=Qwen/Qwen2.5-3B-Instruct, packed_token_budget=224, selection_counts={"ace_focused_224": 75, "ace_mmr_224": 32, "ace_submod_224": 84, "chunk_focused_224": 84, "chunk_mmr_224": 31, "chunk_submod_224": 194}, qwen_em=0.506, qwen_f1=0.6329, avg_reader_evidence_tokens=201.71, mean_ans_in_context=0.766, mean_ans_in_context_soft=0.8072, mean_gold_token_density=0.4453, mean_gold_doc_reader_cov=0.833, mean_all_gold_reader=0.69, mean_distractor_docs=2.522, mean_context_tokens=201.706, mean_n_snippets=5.384
wrote /kaggle/working/colab_results/stage13_budgetsweep_hotpotqa_qwen3b_budget224_limit500_seed13/hotpotqa_density_standard_budget224_limit500_metrics.csv
wrote /kaggle/working/colab_results/stage13_budgetsweep_hotpotqa_qwen3b_budget224_limit500_seed13/hotpotqa_density_standard_budget224_limit500_per_question.csv
--- budget sweep B=224 seed 7 ---
$ /usr/bin/python3 -m experiments.run_density_router --dataset hotpotqa --limit 500 --seed 7 --ace-retriever standard --top-k 5 --top-k-nodes 48 --max-expanded-docs 5 --embedder sentence-transformers --embedding-model BAAI/bge-small-en-v1.5 --embed-device cuda --compressor truncate --compress-dims 320 --reader-backend hf --reader-model Qwen/Qwen2.5-3B-Instruct --reader-device cuda --reader-batch-size 2 --mmr-lambda 0.7 --budget 224 --out-dir /kaggle/working/colab_results/stage13_budgetsweep_hotpotqa_qwen3b_budget224_limit500_seed7 --split validation
hotpotqa[hf:validation:500]: 4948 docs, 500 questions, 2.00 gold docs/question
[density] retrieving chunk baseline
[chunk] fitting/indexing
[embed] encoding 4948 texts on device=cuda:0

Batches:   0%|          | 0/78 [00:00<?, ?it/s]
Batches:   1%|▏         | 1/78 [00:00<01:12,  1.06it/s]
Batches:   3%|▎         | 2/78 [00:01<00:49,  1.53it/s]
Batches:   4%|▍         | 3/78 [00:01<00:41,  1.81it/s]
Batches:   5%|▌         | 4/78 [00:02<00:35,  2.11it/s]
Batches:   6%|▋         | 5/78 [00:02<00:30,  2.41it/s]
Batches:   8%|▊         | 6/78 [00:02<00:27,  2.59it/s]
Batches:   9%|▉         | 7/78 [00:03<00:25,  2.78it/s]
Batches:  10%|█         | 8/78 [00:03<00:23,  3.03it/s]
Batches:  12%|█▏        | 9/78 [00:03<00:22,  3.06it/s]
Batches:  13%|█▎        | 10/78 [00:04<00:21,  3.16it/s]
Batches:  14%|█▍        | 11/78 [00:04<00:21,  3.16it/s]
Batches:  15%|█▌        | 12/78 [00:04<00:19,  3.41it/s]
Batches:  17%|█▋        | 13/78 [00:04<00:17,  3.63it/s]
Batches:  18%|█▊        | 14/78 [00:05<00:17,  3.68it/s]
Batches:  19%|█▉        | 15/78 [00:05<00:16,  3.84it/s]
Batches:  21%|██        | 16/78 [00:05<00:15,  3.98it/s]
Batches:  22%|██▏       | 17/78 [00:05<00:14,  4.12it/s]
Batches:  23%|██▎       | 18/78 [00:05<00:13,  4.36it/s]
Batches:  24%|██▍       | 19/78 [00:06<00:13,  4.28it/s]
Batches:  26%|██▌       | 20/78 [00:06<00:13,  4.36it/s]
Batches:  27%|██▋       | 21/78 [00:06<00:13,  4.25it/s]
Batches:  28%|██▊       | 22/78 [00:06<00:12,  4.52it/s]
Batches:  29%|██▉       | 23/78 [00:07<00:11,  4.73it/s]
Batches:  31%|███       | 24/78 [00:07<00:10,  4.96it/s]
Batches:  32%|███▏      | 25/78 [00:07<00:10,  5.01it/s]
Batches:  33%|███▎      | 26/78 [00:07<00:10,  5.15it/s]
Batches:  35%|███▍      | 27/78 [00:07<00:09,  5.22it/s]
Batches:  36%|███▌      | 28/78 [00:08<00:10,  4.81it/s]
Batches:  37%|███▋      | 29/78 [00:08<00:09,  5.14it/s]
Batches:  38%|███▊      | 30/78 [00:08<00:09,  5.19it/s]
Batches:  40%|███▉      | 31/78 [00:08<00:08,  5.34it/s]
Batches:  41%|████      | 32/78 [00:08<00:08,  5.29it/s]
Batches:  42%|████▏     | 33/78 [00:08<00:08,  5.47it/s]
Batches:  44%|████▎     | 34/78 [00:09<00:07,  5.75it/s]
Batches:  45%|████▍     | 35/78 [00:09<00:07,  5.91it/s]
Batches:  46%|████▌     | 36/78 [00:09<00:07,  5.94it/s]
Batches:  47%|████▋     | 37/78 [00:09<00:06,  6.00it/s]
Batches:  49%|████▊     | 38/78 [00:09<00:06,  6.20it/s]
Batches:  50%|█████     | 39/78 [00:09<00:05,  6.61it/s]
Batches:  51%|█████▏    | 40/78 [00:09<00:05,  6.65it/s]
Batches:  53%|█████▎    | 41/78 [00:10<00:05,  6.56it/s]
Batches:  54%|█████▍    | 42/78 [00:10<00:05,  6.60it/s]
Batches:  55%|█████▌    | 43/78 [00:10<00:05,  6.52it/s]
Batches:  56%|█████▋    | 44/78 [00:10<00:05,  6.69it/s]
Batches:  58%|█████▊    | 45/78 [00:10<00:04,  6.69it/s]
Batches:  59%|█████▉    | 46/78 [00:10<00:04,  6.84it/s]
Batches:  60%|██████    | 47/78 [00:10<00:04,  7.13it/s]
Batches:  62%|██████▏   | 48/78 [00:11<00:03,  7.55it/s]
Batches:  63%|██████▎   | 49/78 [00:11<00:03,  7.84it/s]
Batches:  64%|██████▍   | 50/78 [00:11<00:03,  8.22it/s]
Batches:  65%|██████▌   | 51/78 [00:11<00:03,  8.11it/s]
Batches:  67%|██████▋   | 52/78 [00:11<00:03,  8.19it/s]
Batches:  68%|██████▊   | 53/78 [00:11<00:02,  8.59it/s]
Batches:  69%|██████▉   | 54/78 [00:11<00:03,  7.97it/s]
Batches:  71%|███████   | 55/78 [00:11<00:02,  8.38it/s]
Batches:  72%|███████▏  | 56/78 [00:12<00:02,  8.80it/s]
Batches:  73%|███████▎  | 57/78 [00:12<00:02,  9.06it/s]
Batches:  74%|███████▍  | 58/78 [00:12<00:02,  9.19it/s]
Batches:  77%|███████▋  | 60/78 [00:12<00:01,  9.81it/s]
Batches:  79%|███████▉  | 62/78 [00:12<00:01, 10.43it/s]
Batches:  82%|████████▏ | 64/78 [00:12<00:01, 10.88it/s]
Batches:  85%|████████▍ | 66/78 [00:12<00:01, 11.04it/s]
Batches:  87%|████████▋ | 68/78 [00:13<00:00, 11.45it/s]
Batches:  90%|████████▉ | 70/78 [00:13<00:00, 12.12it/s]
Batches:  92%|█████████▏| 72/78 [00:13<00:00, 12.74it/s]
Batches:  95%|█████████▍| 74/78 [00:13<00:00, 14.12it/s]
Batches:  97%|█████████▋| 76/78 [00:13<00:00, 15.31it/s]
Batches: 100%|██████████| 78/78 [00:13<00:00,  5.71it/s]
[chunk] retrieving
[embed] encoding 500 texts on device=cuda:0

Batches:   0%|          | 0/8 [00:00<?, ?it/s]
Batches:  38%|███▊      | 3/8 [00:00<00:00, 26.78it/s]
Batches:  88%|████████▊ | 7/8 [00:00<00:00, 33.11it/s]
Batches: 100%|██████████| 8/8 [00:00<00:00, 33.79it/s]
[density] retrieving ACE graph
[ace] building evidence graph
[ace] graph built: nodes=49359 edges=75836
[ace] fitting/indexing embeddings
[embed] encoding 44411 texts on device=cuda:0

Batches:   0%|          | 0/694 [00:00<?, ?it/s]
Batches:   0%|          | 1/694 [00:00<04:11,  2.76it/s]
Batches:   0%|          | 2/694 [00:00<02:35,  4.45it/s]
Batches:   0%|          | 3/694 [00:00<02:18,  4.98it/s]
Batches:   1%|          | 4/694 [00:00<01:58,  5.83it/s]
Batches:   1%|          | 5/694 [00:00<01:43,  6.68it/s]
Batches:   1%|          | 6/694 [00:01<01:37,  7.05it/s]
Batches:   1%|          | 7/694 [00:01<01:32,  7.44it/s]
Batches:   1%|▏         | 9/694 [00:01<01:20,  8.56it/s]
Batches:   2%|▏         | 11/694 [00:01<01:13,  9.33it/s]
Batches:   2%|▏         | 13/694 [00:01<01:08, 10.01it/s]
Batches:   2%|▏         | 15/694 [00:01<01:05, 10.33it/s]
Batches:   2%|▏         | 17/694 [00:02<01:04, 10.49it/s]
Batches:   3%|▎         | 19/694 [00:02<01:05, 10.37it/s]
Batches:   3%|▎         | 21/694 [00:02<01:00, 11.09it/s]
Batches:   3%|▎         | 23/694 [00:02<00:57, 11.59it/s]
Batches:   4%|▎         | 25/694 [00:02<00:55, 11.98it/s]
Batches:   4%|▍         | 27/694 [00:02<00:54, 12.26it/s]
Batches:   4%|▍         | 29/694 [00:03<00:52, 12.62it/s]
Batches:   4%|▍         | 31/694 [00:03<00:54, 12.05it/s]
Batches:   5%|▍         | 33/694 [00:03<00:52, 12.51it/s]
Batches:   5%|▌         | 35/694 [00:03<00:51, 12.85it/s]
Batches:   5%|▌         | 37/694 [00:03<00:50, 12.94it/s]
Batches:   6%|▌         | 39/694 [00:03<00:47, 13.75it/s]
Batches:   6%|▌         | 41/694 [00:03<00:47, 13.89it/s]
Batches:   6%|▌         | 43/694 [00:04<00:45, 14.41it/s]
Batches:   6%|▋         | 45/694 [00:04<00:44, 14.54it/s]
Batches:   7%|▋         | 47/694 [00:04<00:42, 15.13it/s]
Batches:   7%|▋         | 49/694 [00:04<00:40, 15.75it/s]
Batches:   7%|▋         | 51/694 [00:04<00:40, 16.05it/s]
Batches:   8%|▊         | 53/694 [00:04<00:41, 15.44it/s]
Batches:   8%|▊         | 55/694 [00:04<00:40, 15.60it/s]
Batches:   8%|▊         | 57/694 [00:04<00:40, 15.85it/s]
Batches:   9%|▊         | 59/694 [00:05<00:40, 15.60it/s]
Batches:   9%|▉         | 61/694 [00:05<00:40, 15.56it/s]
Batches:   9%|▉         | 63/694 [00:05<00:39, 15.98it/s]
Batches:   9%|▉         | 65/694 [00:05<00:37, 16.72it/s]
Batches:  10%|▉         | 67/694 [00:05<00:36, 17.00it/s]
Batches:  10%|▉         | 69/694 [00:05<00:35, 17.56it/s]
Batches:  10%|█         | 72/694 [00:05<00:33, 18.52it/s]
Batches:  11%|█         | 75/694 [00:05<00:32, 19.08it/s]
Batches:  11%|█         | 77/694 [00:06<00:32, 18.97it/s]
Batches:  11%|█▏        | 79/694 [00:06<00:33, 18.10it/s]
Batches:  12%|█▏        | 82/694 [00:06<00:33, 18.52it/s]
Batches:  12%|█▏        | 84/694 [00:06<00:33, 18.33it/s]
Batches:  12%|█▏        | 86/694 [00:06<00:33, 18.19it/s]
Batches:  13%|█▎        | 89/694 [00:06<00:32, 18.70it/s]
Batches:  13%|█▎        | 91/694 [00:06<00:32, 18.82it/s]
Batches:  14%|█▎        | 94/694 [00:06<00:30, 19.55it/s]
Batches:  14%|█▍        | 97/694 [00:07<00:29, 20.54it/s]
Batches:  14%|█▍        | 100/694 [00:07<00:31, 18.88it/s]
Batches:  15%|█▍        | 103/694 [00:07<00:30, 19.42it/s]
Batches:  15%|█▌        | 106/694 [00:07<00:29, 19.93it/s]
Batches:  16%|█▌        | 109/694 [00:07<00:31, 18.75it/s]
Batches:  16%|█▌        | 112/694 [00:07<00:29, 19.47it/s]
Batches:  17%|█▋        | 115/694 [00:08<00:29, 19.83it/s]
Batches:  17%|█▋        | 118/694 [00:08<00:28, 20.22it/s]
Batches:  17%|█▋        | 121/694 [00:08<00:27, 20.51it/s]
Batches:  18%|█▊        | 124/694 [00:08<00:27, 20.43it/s]
Batches:  18%|█▊        | 127/694 [00:08<00:26, 21.02it/s]
Batches:  19%|█▊        | 130/694 [00:08<00:26, 21.24it/s]
Batches:  19%|█▉        | 133/694 [00:08<00:26, 20.97it/s]
Batches:  20%|█▉        | 136/694 [00:08<00:25, 21.48it/s]
Batches:  20%|██        | 139/694 [00:09<00:25, 21.80it/s]
Batches:  20%|██        | 142/694 [00:09<00:24, 22.41it/s]
Batches:  21%|██        | 145/694 [00:09<00:24, 22.81it/s]
Batches:  21%|██▏       | 148/694 [00:09<00:24, 22.71it/s]
Batches:  22%|██▏       | 151/694 [00:09<00:23, 22.73it/s]
Batches:  22%|██▏       | 154/694 [00:09<00:23, 22.72it/s]
Batches:  23%|██▎       | 157/694 [00:09<00:23, 23.01it/s]
Batches:  23%|██▎       | 160/694 [00:10<00:22, 23.93it/s]
Batches:  23%|██▎       | 163/694 [00:10<00:22, 24.12it/s]
Batches:  24%|██▍       | 166/694 [00:10<00:21, 24.29it/s]
Batches:  24%|██▍       | 169/694 [00:10<00:23, 22.56it/s]
Batches:  25%|██▍       | 172/694 [00:10<00:22, 23.15it/s]
Batches:  25%|██▌       | 175/694 [00:10<00:21, 23.80it/s]
Batches:  26%|██▌       | 178/694 [00:10<00:21, 23.57it/s]
Batches:  26%|██▌       | 181/694 [00:10<00:21, 23.73it/s]
Batches:  27%|██▋       | 184/694 [00:11<00:21, 23.66it/s]
Batches:  27%|██▋       | 187/694 [00:11<00:20, 24.19it/s]
Batches:  27%|██▋       | 190/694 [00:11<00:20, 24.31it/s]
Batches:  28%|██▊       | 193/694 [00:11<00:20, 24.83it/s]
Batches:  28%|██▊       | 196/694 [00:11<00:19, 25.20it/s]
Batches:  29%|██▊       | 199/694 [00:11<00:18, 26.19it/s]
Batches:  29%|██▉       | 202/694 [00:11<00:18, 26.62it/s]
Batches:  30%|██▉       | 205/694 [00:11<00:18, 26.93it/s]
Batches:  30%|██▉       | 208/694 [00:11<00:17, 27.08it/s]
Batches:  30%|███       | 211/694 [00:12<00:17, 27.85it/s]
Batches:  31%|███       | 214/694 [00:12<00:16, 28.28it/s]
Batches:  31%|███▏      | 217/694 [00:12<00:16, 28.13it/s]
Batches:  32%|███▏      | 220/694 [00:12<00:16, 28.15it/s]
Batches:  32%|███▏      | 224/694 [00:12<00:16, 28.92it/s]
Batches:  33%|███▎      | 228/694 [00:12<00:15, 29.35it/s]
Batches:  33%|███▎      | 231/694 [00:12<00:15, 29.50it/s]
Batches:  34%|███▍      | 235/694 [00:12<00:15, 30.06it/s]
Batches:  34%|███▍      | 239/694 [00:12<00:14, 30.57it/s]
Batches:  35%|███▌      | 243/694 [00:13<00:14, 31.12it/s]
Batches:  36%|███▌      | 247/694 [00:13<00:14, 31.70it/s]
Batches:  36%|███▌      | 251/694 [00:13<00:13, 31.97it/s]
Batches:  37%|███▋      | 255/694 [00:13<00:13, 31.75it/s]
Batches:  37%|███▋      | 259/694 [00:13<00:13, 31.60it/s]
Batches:  38%|███▊      | 263/694 [00:13<00:13, 31.17it/s]
Batches:  38%|███▊      | 267/694 [00:13<00:13, 32.59it/s]
Batches:  39%|███▉      | 271/694 [00:13<00:12, 34.08it/s]
Batches:  40%|███▉      | 275/694 [00:14<00:12, 34.55it/s]
Batches:  40%|████      | 279/694 [00:14<00:11, 34.85it/s]
Batches:  41%|████      | 284/694 [00:14<00:11, 36.67it/s]
Batches:  41%|████▏     | 288/694 [00:14<00:10, 37.12it/s]
Batches:  42%|████▏     | 292/694 [00:14<00:10, 37.73it/s]
Batches:  43%|████▎     | 297/694 [00:14<00:10, 38.89it/s]
Batches:  44%|████▎     | 302/694 [00:14<00:09, 39.93it/s]
Batches:  44%|████▍     | 307/694 [00:14<00:09, 41.39it/s]
Batches:  45%|████▍     | 312/694 [00:14<00:08, 43.42it/s]
Batches:  46%|████▌     | 318/694 [00:15<00:08, 46.21it/s]
Batches:  47%|████▋     | 324/694 [00:15<00:07, 48.20it/s]
Batches:  48%|████▊     | 330/694 [00:15<00:07, 50.74it/s]
Batches:  48%|████▊     | 336/694 [00:15<00:06, 53.27it/s]
Batches:  49%|████▉     | 343/694 [00:15<00:06, 56.46it/s]
Batches:  50%|█████     | 350/694 [00:15<00:05, 58.31it/s]
Batches:  51%|█████▏    | 357/694 [00:15<00:05, 61.40it/s]
Batches:  52%|█████▏    | 364/694 [00:15<00:05, 63.64it/s]
Batches:  54%|█████▎    | 372/694 [00:15<00:04, 67.01it/s]
Batches:  55%|█████▍    | 380/694 [00:16<00:04, 69.73it/s]
Batches:  56%|█████▌    | 388/694 [00:16<00:04, 72.51it/s]
Batches:  57%|█████▋    | 396/694 [00:16<00:04, 73.63it/s]
Batches:  58%|█████▊    | 404/694 [00:16<00:03, 74.22it/s]
Batches:  60%|█████▉    | 413/694 [00:16<00:03, 76.30it/s]
Batches:  61%|██████    | 421/694 [00:16<00:03, 76.21it/s]
Batches:  62%|██████▏   | 430/694 [00:16<00:03, 78.44it/s]
Batches:  63%|██████▎   | 439/694 [00:16<00:03, 80.29it/s]
Batches:  65%|██████▍   | 448/694 [00:16<00:02, 82.30it/s]
Batches:  66%|██████▌   | 457/694 [00:16<00:02, 83.49it/s]
Batches:  67%|██████▋   | 466/694 [00:17<00:02, 84.86it/s]
Batches:  68%|██████▊   | 475/694 [00:17<00:02, 84.23it/s]
Batches:  70%|██████▉   | 485/694 [00:17<00:02, 86.40it/s]
Batches:  71%|███████   | 494/694 [00:17<00:02, 86.67it/s]
Batches:  72%|███████▏  | 503/694 [00:17<00:02, 86.42it/s]
Batches:  74%|███████▍  | 512/694 [00:17<00:02, 87.41it/s]
Batches:  75%|███████▌  | 522/694 [00:17<00:01, 88.83it/s]
Batches:  77%|███████▋  | 532/694 [00:17<00:01, 90.45it/s]
Batches:  78%|███████▊  | 542/694 [00:17<00:01, 90.46it/s]
Batches:  80%|███████▉  | 552/694 [00:18<00:01, 91.83it/s]
Batches:  81%|████████  | 562/694 [00:18<00:01, 90.45it/s]
Batches:  82%|████████▏ | 572/694 [00:18<00:01, 89.20it/s]
Batches:  84%|████████▍ | 582/694 [00:18<00:01, 91.91it/s]
Batches:  85%|████████▌ | 592/694 [00:18<00:01, 94.04it/s]
Batches:  87%|████████▋ | 603/694 [00:18<00:00, 96.52it/s]
Batches:  88%|████████▊ | 614/694 [00:18<00:00, 98.07it/s]
Batches:  90%|████████▉ | 624/694 [00:18<00:00, 98.49it/s]
Batches:  91%|█████████▏| 635/694 [00:18<00:00, 99.33it/s]
Batches:  93%|█████████▎| 645/694 [00:18<00:00, 99.27it/s]
Batches:  95%|█████████▍| 656/694 [00:19<00:00, 100.10it/s]
Batches:  96%|█████████▌| 667/694 [00:19<00:00, 100.23it/s]
Batches:  98%|█████████▊| 678/694 [00:19<00:00, 101.04it/s]
Batches:  99%|█████████▉| 689/694 [00:19<00:00, 101.22it/s]
Batches: 100%|██████████| 694/694 [00:19<00:00, 35.66it/s]
[ace] retrieving
[embed] encoding 500 texts on device=cuda:0

Batches:   0%|          | 0/8 [00:00<?, ?it/s]
Batches:  38%|███▊      | 3/8 [00:00<00:00, 26.68it/s]
Batches:  88%|████████▊ | 7/8 [00:00<00:00, 32.78it/s]
Batches: 100%|██████████| 8/8 [00:00<00:00, 33.52it/s]
[density] loading reader once
`torch_dtype` is deprecated! Use `dtype` instead!

Loading checkpoint shards:   0%|          | 0/2 [00:00<?, ?it/s]
Loading checkpoint shards:  50%|█████     | 1/2 [00:02<00:02,  2.66s/it]
Loading checkpoint shards: 100%|██████████| 2/2 [00:04<00:00,  1.93s/it]
Loading checkpoint shards: 100%|██████████| 2/2 [00:04<00:00,  2.04s/it]
[reader] loaded Qwen/Qwen2.5-3B-Instruct (device_map=None, 4bit=False) entry=cuda:0
[density] materializing policy=chunk_packed_224
[density] generating policy=chunk_packed_224
The following generation flags are not valid and may be ignored: ['temperature', 'top_p', 'top_k']. Set `TRANSFORMERS_VERBOSITY=info` for more details.
[reader] generated 2/500
[reader] generated 4/500
[reader] generated 6/500
[reader] generated 8/500
[reader] generated 10/500
[reader] generated 12/500
[reader] generated 14/500
[reader] generated 16/500
[reader] generated 18/500
[reader] generated 20/500
[reader] generated 22/500
[reader] generated 24/500
[reader] generated 26/500
[reader] generated 28/500
[reader] generated 30/500
[reader] generated 32/500
[reader] generated 34/500
[reader] generated 36/500
[reader] generated 38/500
[reader] generated 40/500
[reader] generated 42/500
[reader] generated 44/500
[reader] generated 46/500
[reader] generated 48/500
[reader] generated 50/500
[reader] generated 52/500
[reader] generated 54/500
[reader] generated 56/500
[reader] generated 58/500
[reader] generated 60/500
[reader] generated 62/500
[reader] generated 64/500
[reader] generated 66/500
[reader] generated 68/500
[reader] generated 70/500
[reader] generated 72/500
[reader] generated 74/500
[reader] generated 76/500
[reader] generated 78/500
[reader] generated 80/500
[reader] generated 82/500
[reader] generated 84/500
[reader] generated 86/500
[reader] generated 88/500
[reader] generated 90/500
[reader] generated 92/500
[reader] generated 94/500
[reader] generated 96/500
[reader] generated 98/500
[reader] generated 100/500
[reader] generated 102/500
[reader] generated 104/500
[reader] generated 106/500
[reader] generated 108/500
[reader] generated 110/500
[reader] generated 112/500
[reader] generated 114/500
[reader] generated 116/500
[reader] generated 118/500
[reader] generated 120/500
[reader] generated 122/500
[reader] generated 124/500
[reader] generated 126/500
[reader] generated 128/500
[reader] generated 130/500
[reader] generated 132/500
[reader] generated 134/500
[reader] generated 136/500
[reader] generated 138/500
[reader] generated 140/500
[reader] generated 142/500
[reader] generated 144/500
[reader] generated 146/500
[reader] generated 148/500
[reader] generated 150/500
[reader] generated 152/500
[reader] generated 154/500
[reader] generated 156/500
[reader] generated 158/500
[reader] generated 160/500
[reader] generated 162/500
[reader] generated 164/500
[reader] generated 166/500
[reader] generated 168/500
[reader] generated 170/500
[reader] generated 172/500
[reader] generated 174/500
[reader] generated 176/500
[reader] generated 178/500
[reader] generated 180/500
[reader] generated 182/500
[reader] generated 184/500
[reader] generated 186/500
[reader] generated 188/500
[reader] generated 190/500
[reader] generated 192/500
[reader] generated 194/500
[reader] generated 196/500
[reader] generated 198/500
[reader] generated 200/500
[reader] generated 202/500
[reader] generated 204/500
[reader] generated 206/500
[reader] generated 208/500
[reader] generated 210/500
[reader] generated 212/500
[reader] generated 214/500
[reader] generated 216/500
[reader] generated 218/500
[reader] generated 220/500
[reader] generated 222/500
[reader] generated 224/500
[reader] generated 226/500
[reader] generated 228/500
[reader] generated 230/500
[reader] generated 232/500
[reader] generated 234/500
[reader] generated 236/500
[reader] generated 238/500
[reader] generated 240/500
[reader] generated 242/500
[reader] generated 244/500
[reader] generated 246/500
[reader] generated 248/500
[reader] generated 250/500
[reader] generated 252/500
[reader] generated 254/500
[reader] generated 256/500
[reader] generated 258/500
[reader] generated 260/500
[reader] generated 262/500
[reader] generated 264/500
[reader] generated 266/500
[reader] generated 268/500
[reader] generated 270/500
[reader] generated 272/500
[reader] generated 274/500
[reader] generated 276/500
[reader] generated 278/500
[reader] generated 280/500
[reader] generated 282/500
[reader] generated 284/500
[reader] generated 286/500
[reader] generated 288/500
[reader] generated 290/500
[reader] generated 292/500
[reader] generated 294/500
[reader] generated 296/500
[reader] generated 298/500
[reader] generated 300/500
[reader] generated 302/500
[reader] generated 304/500
[reader] generated 306/500
[reader] generated 308/500
[reader] generated 310/500
[reader] generated 312/500
[reader] generated 314/500
[reader] generated 316/500
[reader] generated 318/500
[reader] generated 320/500
[reader] generated 322/500
[reader] generated 324/500
[reader] generated 326/500
[reader] generated 328/500
[reader] generated 330/500
[reader] generated 332/500
[reader] generated 334/500
[reader] generated 336/500
[reader] generated 338/500
[reader] generated 340/500
[reader] generated 342/500
[reader] generated 344/500
[reader] generated 346/500
[reader] generated 348/500
[reader] generated 350/500
[reader] generated 352/500
[reader] generated 354/500
[reader] generated 356/500
[reader] generated 358/500
[reader] generated 360/500
[reader] generated 362/500
[reader] generated 364/500
[reader] generated 366/500
[reader] generated 368/500
[reader] generated 370/500
[reader] generated 372/500
[reader] generated 374/500
[reader] generated 376/500
[reader] generated 378/500
[reader] generated 380/500
[reader] generated 382/500
[reader] generated 384/500
[reader] generated 386/500
[reader] generated 388/500
[reader] generated 390/500
[reader] generated 392/500
[reader] generated 394/500
[reader] generated 396/500
[reader] generated 398/500
[reader] generated 400/500
[reader] generated 402/500
[reader] generated 404/500
[reader] generated 406/500
[reader] generated 408/500
[reader] generated 410/500
[reader] generated 412/500
[reader] generated 414/500
[reader] generated 416/500
[reader] generated 418/500
[reader] generated 420/500
[reader] generated 422/500
[reader] generated 424/500
[reader] generated 426/500
[reader] generated 428/500
[reader] generated 430/500
[reader] generated 432/500
[reader] generated 434/500
[reader] generated 436/500
[reader] generated 438/500
[reader] generated 440/500
[reader] generated 442/500
[reader] generated 444/500
[reader] generated 446/500
[reader] generated 448/500
[reader] generated 450/500
[reader] generated 452/500
[reader] generated 454/500
[reader] generated 456/500
[reader] generated 458/500
[reader] generated 460/500
[reader] generated 462/500
[reader] generated 464/500
[reader] generated 466/500
[reader] generated 468/500
[reader] generated 470/500
[reader] generated 472/500
[reader] generated 474/500
[reader] generated 476/500
[reader] generated 478/500
[reader] generated 480/500
[reader] generated 482/500
[reader] generated 484/500
[reader] generated 486/500
[reader] generated 488/500
[reader] generated 490/500
[reader] generated 492/500
[reader] generated 494/500
[reader] generated 496/500
[reader] generated 498/500
[reader] generated 500/500
[density] policy=chunk_packed_224, router_type=fixed, representation=chunk, packer=packed, reader_model=Qwen/Qwen2.5-3B-Instruct, packed_token_budget=224, recall@1=0.438, all_gold@1=0.0, recall@2=0.712, all_gold@2=0.49, recall@5=0.876, all_gold@5=0.764, qwen_em=0.316, qwen_f1=0.4216, avg_reader_evidence_tokens=213.84, mean_ans_in_context=0.628, mean_ans_in_context_soft=0.6945, mean_gold_token_density=0.3686, mean_gold_doc_reader_cov=0.81, mean_all_gold_reader=0.646, mean_distractor_docs=2.694, mean_context_tokens=213.842, mean_n_snippets=4.618
[density] materializing policy=chunk_focused_224
[density] generating policy=chunk_focused_224
[reader] generated 2/500
[reader] generated 4/500
[reader] generated 6/500
[reader] generated 8/500
[reader] generated 10/500
[reader] generated 12/500
[reader] generated 14/500
[reader] generated 16/500
[reader] generated 18/500
[reader] generated 20/500
[reader] generated 22/500
[reader] generated 24/500
[reader] generated 26/500
[reader] generated 28/500
[reader] generated 30/500
[reader] generated 32/500
[reader] generated 34/500
[reader] generated 36/500
[reader] generated 38/500
[reader] generated 40/500
[reader] generated 42/500
[reader] generated 44/500
[reader] generated 46/500
[reader] generated 48/500
[reader] generated 50/500
[reader] generated 52/500
[reader] generated 54/500
[reader] generated 56/500
[reader] generated 58/500
[reader] generated 60/500
[reader] generated 62/500
[reader] generated 64/500
[reader] generated 66/500
[reader] generated 68/500
[reader] generated 70/500
[reader] generated 72/500
[reader] generated 74/500
[reader] generated 76/500
[reader] generated 78/500
[reader] generated 80/500
[reader] generated 82/500
[reader] generated 84/500
[reader] generated 86/500
[reader] generated 88/500
[reader] generated 90/500
[reader] generated 92/500
[reader] generated 94/500
[reader] generated 96/500
[reader] generated 98/500
[reader] generated 100/500
[reader] generated 102/500
[reader] generated 104/500
[reader] generated 106/500
[reader] generated 108/500
[reader] generated 110/500
[reader] generated 112/500
[reader] generated 114/500
[reader] generated 116/500
[reader] generated 118/500
[reader] generated 120/500
[reader] generated 122/500
[reader] generated 124/500
[reader] generated 126/500
[reader] generated 128/500
[reader] generated 130/500
[reader] generated 132/500
[reader] generated 134/500
[reader] generated 136/500
[reader] generated 138/500
[reader] generated 140/500
[reader] generated 142/500
[reader] generated 144/500
[reader] generated 146/500
[reader] generated 148/500
[reader] generated 150/500
[reader] generated 152/500
[reader] generated 154/500
[reader] generated 156/500
[reader] generated 158/500
[reader] generated 160/500
[reader] generated 162/500
[reader] generated 164/500
[reader] generated 166/500
[reader] generated 168/500
[reader] generated 170/500
[reader] generated 172/500
[reader] generated 174/500
[reader] generated 176/500
[reader] generated 178/500
[reader] generated 180/500
[reader] generated 182/500
[reader] generated 184/500
[reader] generated 186/500
[reader] generated 188/500
[reader] generated 190/500
[reader] generated 192/500
[reader] generated 194/500
[reader] generated 196/500
[reader] generated 198/500
[reader] generated 200/500
[reader] generated 202/500
[reader] generated 204/500
[reader] generated 206/500
[reader] generated 208/500
[reader] generated 210/500
[reader] generated 212/500
[reader] generated 214/500
[reader] generated 216/500
[reader] generated 218/500
[reader] generated 220/500
[reader] generated 222/500
[reader] generated 224/500
[reader] generated 226/500
[reader] generated 228/500
[reader] generated 230/500
[reader] generated 232/500
[reader] generated 234/500
[reader] generated 236/500
[reader] generated 238/500
[reader] generated 240/500
[reader] generated 242/500
[reader] generated 244/500
[reader] generated 246/500
[reader] generated 248/500
[reader] generated 250/500
[reader] generated 252/500
[reader] generated 254/500
[reader] generated 256/500
[reader] generated 258/500
[reader] generated 260/500
[reader] generated 262/500
[reader] generated 264/500
[reader] generated 266/500
[reader] generated 268/500
[reader] generated 270/500
[reader] generated 272/500
[reader] generated 274/500
[reader] generated 276/500
[reader] generated 278/500
[reader] generated 280/500
[reader] generated 282/500
[reader] generated 284/500
[reader] generated 286/500
[reader] generated 288/500
[reader] generated 290/500
[reader] generated 292/500
[reader] generated 294/500
[reader] generated 296/500
[reader] generated 298/500
[reader] generated 300/500
[reader] generated 302/500
[reader] generated 304/500
[reader] generated 306/500
[reader] generated 308/500
[reader] generated 310/500
[reader] generated 312/500
[reader] generated 314/500
[reader] generated 316/500
[reader] generated 318/500
[reader] generated 320/500
[reader] generated 322/500
[reader] generated 324/500
[reader] generated 326/500
[reader] generated 328/500
[reader] generated 330/500
[reader] generated 332/500
[reader] generated 334/500
[reader] generated 336/500
[reader] generated 338/500
[reader] generated 340/500
[reader] generated 342/500
[reader] generated 344/500
[reader] generated 346/500
[reader] generated 348/500
[reader] generated 350/500
[reader] generated 352/500
[reader] generated 354/500
[reader] generated 356/500
[reader] generated 358/500
[reader] generated 360/500
[reader] generated 362/500
[reader] generated 364/500
[reader] generated 366/500
[reader] generated 368/500
[reader] generated 370/500
[reader] generated 372/500
[reader] generated 374/500
[reader] generated 376/500
[reader] generated 378/500
[reader] generated 380/500
[reader] generated 382/500
[reader] generated 384/500
[reader] generated 386/500
[reader] generated 388/500
[reader] generated 390/500
[reader] generated 392/500
[reader] generated 394/500
[reader] generated 396/500
[reader] generated 398/500
[reader] generated 400/500
[reader] generated 402/500
[reader] generated 404/500
[reader] generated 406/500
[reader] generated 408/500
[reader] generated 410/500
[reader] generated 412/500
[reader] generated 414/500
[reader] generated 416/500
[reader] generated 418/500
[reader] generated 420/500
[reader] generated 422/500
[reader] generated 424/500
[reader] generated 426/500
[reader] generated 428/500
[reader] generated 430/500
[reader] generated 432/500
[reader] generated 434/500
[reader] generated 436/500
[reader] generated 438/500
[reader] generated 440/500
[reader] generated 442/500
[reader] generated 444/500
[reader] generated 446/500
[reader] generated 448/500
[reader] generated 450/500
[reader] generated 452/500
[reader] generated 454/500
[reader] generated 456/500
[reader] generated 458/500
[reader] generated 460/500
[reader] generated 462/500
[reader] generated 464/500
[reader] generated 466/500
[reader] generated 468/500
[reader] generated 470/500
[reader] generated 472/500
[reader] generated 474/500
[reader] generated 476/500
[reader] generated 478/500
[reader] generated 480/500
[reader] generated 482/500
[reader] generated 484/500
[reader] generated 486/500
[reader] generated 488/500
[reader] generated 490/500
[reader] generated 492/500
[reader] generated 494/500
[reader] generated 496/500
[reader] generated 498/500
[reader] generated 500/500
[density] policy=chunk_focused_224, router_type=fixed, representation=chunk, packer=focused, reader_model=Qwen/Qwen2.5-3B-Instruct, packed_token_budget=224, recall@1=0.438, all_gold@1=0.0, recall@2=0.712, all_gold@2=0.49, recall@5=0.876, all_gold@5=0.764, qwen_em=0.356, qwen_f1=0.4667, avg_reader_evidence_tokens=215.44, mean_ans_in_context=0.692, mean_ans_in_context_soft=0.7424, mean_gold_token_density=0.4313, mean_gold_doc_reader_cov=0.803, mean_all_gold_reader=0.634, mean_distractor_docs=2.242, mean_context_tokens=215.438, mean_n_snippets=4.334
[density] materializing policy=chunk_mmr_224
[density] generating policy=chunk_mmr_224
[reader] generated 2/500
[reader] generated 4/500
[reader] generated 6/500
[reader] generated 8/500
[reader] generated 10/500
[reader] generated 12/500
[reader] generated 14/500
[reader] generated 16/500
[reader] generated 18/500
[reader] generated 20/500
[reader] generated 22/500
[reader] generated 24/500
[reader] generated 26/500
[reader] generated 28/500
[reader] generated 30/500
[reader] generated 32/500
[reader] generated 34/500
[reader] generated 36/500
[reader] generated 38/500
[reader] generated 40/500
[reader] generated 42/500
[reader] generated 44/500
[reader] generated 46/500
[reader] generated 48/500
[reader] generated 50/500
[reader] generated 52/500
[reader] generated 54/500
[reader] generated 56/500
[reader] generated 58/500
[reader] generated 60/500
[reader] generated 62/500
[reader] generated 64/500
[reader] generated 66/500
[reader] generated 68/500
[reader] generated 70/500
[reader] generated 72/500
[reader] generated 74/500
[reader] generated 76/500
[reader] generated 78/500
[reader] generated 80/500
[reader] generated 82/500
[reader] generated 84/500
[reader] generated 86/500
[reader] generated 88/500
[reader] generated 90/500
[reader] generated 92/500
[reader] generated 94/500
[reader] generated 96/500
[reader] generated 98/500
[reader] generated 100/500
[reader] generated 102/500
[reader] generated 104/500
[reader] generated 106/500
[reader] generated 108/500
[reader] generated 110/500
[reader] generated 112/500
[reader] generated 114/500
[reader] generated 116/500
[reader] generated 118/500
[reader] generated 120/500
[reader] generated 122/500
[reader] generated 124/500
[reader] generated 126/500
[reader] generated 128/500
[reader] generated 130/500
[reader] generated 132/500
[reader] generated 134/500
[reader] generated 136/500
[reader] generated 138/500
[reader] generated 140/500
[reader] generated 142/500
[reader] generated 144/500
[reader] generated 146/500
[reader] generated 148/500
[reader] generated 150/500
[reader] generated 152/500
[reader] generated 154/500
[reader] generated 156/500
[reader] generated 158/500
[reader] generated 160/500
[reader] generated 162/500
[reader] generated 164/500
[reader] generated 166/500
[reader] generated 168/500
[reader] generated 170/500
[reader] generated 172/500
[reader] generated 174/500
[reader] generated 176/500
[reader] generated 178/500
[reader] generated 180/500
[reader] generated 182/500
[reader] generated 184/500
[reader] generated 186/500
[reader] generated 188/500
[reader] generated 190/500
[reader] generated 192/500
[reader] generated 194/500
[reader] generated 196/500
[reader] generated 198/500
[reader] generated 200/500
[reader] generated 202/500
[reader] generated 204/500
[reader] generated 206/500
[reader] generated 208/500
[reader] generated 210/500
[reader] generated 212/500
[reader] generated 214/500
[reader] generated 216/500
[reader] generated 218/500
[reader] generated 220/500
[reader] generated 222/500
[reader] generated 224/500
[reader] generated 226/500
[reader] generated 228/500
[reader] generated 230/500
[reader] generated 232/500
[reader] generated 234/500
[reader] generated 236/500
[reader] generated 238/500
[reader] generated 240/500
[reader] generated 242/500
[reader] generated 244/500
[reader] generated 246/500
[reader] generated 248/500
[reader] generated 250/500
[reader] generated 252/500
[reader] generated 254/500
[reader] generated 256/500
[reader] generated 258/500
[reader] generated 260/500
[reader] generated 262/500
[reader] generated 264/500
[reader] generated 266/500
[reader] generated 268/500
[reader] generated 270/500
[reader] generated 272/500
[reader] generated 274/500
[reader] generated 276/500
[reader] generated 278/500
[reader] generated 280/500
[reader] generated 282/500
[reader] generated 284/500
[reader] generated 286/500
[reader] generated 288/500
[reader] generated 290/500
[reader] generated 292/500
[reader] generated 294/500
[reader] generated 296/500
[reader] generated 298/500
[reader] generated 300/500
[reader] generated 302/500
[reader] generated 304/500
[reader] generated 306/500
[reader] generated 308/500
[reader] generated 310/500
[reader] generated 312/500
[reader] generated 314/500
[reader] generated 316/500
[reader] generated 318/500
[reader] generated 320/500
[reader] generated 322/500
[reader] generated 324/500
[reader] generated 326/500
[reader] generated 328/500
[reader] generated 330/500
[reader] generated 332/500
[reader] generated 334/500
[reader] generated 336/500
[reader] generated 338/500
[reader] generated 340/500
[reader] generated 342/500
[reader] generated 344/500
[reader] generated 346/500
[reader] generated 348/500
[reader] generated 350/500
[reader] generated 352/500
[reader] generated 354/500
[reader] generated 356/500
[reader] generated 358/500
[reader] generated 360/500
[reader] generated 362/500
[reader] generated 364/500
[reader] generated 366/500
[reader] generated 368/500
[reader] generated 370/500
[reader] generated 372/500
[reader] generated 374/500
[reader] generated 376/500
[reader] generated 378/500
[reader] generated 380/500
[reader] generated 382/500
[reader] generated 384/500
[reader] generated 386/500
[reader] generated 388/500
[reader] generated 390/500
[reader] generated 392/500
[reader] generated 394/500
[reader] generated 396/500
[reader] generated 398/500
[reader] generated 400/500
[reader] generated 402/500
[reader] generated 404/500
[reader] generated 406/500
[reader] generated 408/500
[reader] generated 410/500
[reader] generated 412/500
[reader] generated 414/500
[reader] generated 416/500
[reader] generated 418/500
[reader] generated 420/500
[reader] generated 422/500
[reader] generated 424/500
[reader] generated 426/500
[reader] generated 428/500
[reader] generated 430/500
[reader] generated 432/500
[reader] generated 434/500
[reader] generated 436/500
[reader] generated 438/500
[reader] generated 440/500
[reader] generated 442/500
[reader] generated 444/500
[reader] generated 446/500
[reader] generated 448/500
[reader] generated 450/500
[reader] generated 452/500
[reader] generated 454/500
[reader] generated 456/500
[reader] generated 458/500
[reader] generated 460/500
[reader] generated 462/500
[reader] generated 464/500
[reader] generated 466/500
[reader] generated 468/500
[reader] generated 470/500
[reader] generated 472/500
[reader] generated 474/500
[reader] generated 476/500
[reader] generated 478/500
[reader] generated 480/500
[reader] generated 482/500
[reader] generated 484/500
[reader] generated 486/500
[reader] generated 488/500
[reader] generated 490/500
[reader] generated 492/500
[reader] generated 494/500
[reader] generated 496/500
[reader] generated 498/500
[reader] generated 500/500
[density] policy=chunk_mmr_224, router_type=fixed, representation=chunk, packer=mmr, reader_model=Qwen/Qwen2.5-3B-Instruct, packed_token_budget=224, recall@1=0.438, all_gold@1=0.0, recall@2=0.712, all_gold@2=0.49, recall@5=0.876, all_gold@5=0.764, qwen_em=0.35, qwen_f1=0.4479, avg_reader_evidence_tokens=215.18, mean_ans_in_context=0.672, mean_ans_in_context_soft=0.7197, mean_gold_token_density=0.4426, mean_gold_doc_reader_cov=0.751, mean_all_gold_reader=0.544, mean_distractor_docs=2.106, mean_context_tokens=215.178, mean_n_snippets=4.442
[density] materializing policy=chunk_submod_224
[density] generating policy=chunk_submod_224
[reader] generated 2/500
[reader] generated 4/500
[reader] generated 6/500
[reader] generated 8/500
[reader] generated 10/500
[reader] generated 12/500
[reader] generated 14/500
[reader] generated 16/500
[reader] generated 18/500
[reader] generated 20/500
[reader] generated 22/500
[reader] generated 24/500
[reader] generated 26/500
[reader] generated 28/500
[reader] generated 30/500
[reader] generated 32/500
[reader] generated 34/500
[reader] generated 36/500
[reader] generated 38/500
[reader] generated 40/500
[reader] generated 42/500
[reader] generated 44/500
[reader] generated 46/500
[reader] generated 48/500
[reader] generated 50/500
[reader] generated 52/500
[reader] generated 54/500
[reader] generated 56/500
[reader] generated 58/500
[reader] generated 60/500
[reader] generated 62/500
[reader] generated 64/500
[reader] generated 66/500
[reader] generated 68/500
[reader] generated 70/500
[reader] generated 72/500
[reader] generated 74/500
[reader] generated 76/500
[reader] generated 78/500
[reader] generated 80/500
[reader] generated 82/500
[reader] generated 84/500
[reader] generated 86/500
[reader] generated 88/500
[reader] generated 90/500
[reader] generated 92/500
[reader] generated 94/500
[reader] generated 96/500
[reader] generated 98/500
[reader] generated 100/500
[reader] generated 102/500
[reader] generated 104/500
[reader] generated 106/500
[reader] generated 108/500
[reader] generated 110/500
[reader] generated 112/500
[reader] generated 114/500
[reader] generated 116/500
[reader] generated 118/500
[reader] generated 120/500
[reader] generated 122/500
[reader] generated 124/500
[reader] generated 126/500
[reader] generated 128/500
[reader] generated 130/500
[reader] generated 132/500
[reader] generated 134/500
[reader] generated 136/500
[reader] generated 138/500
[reader] generated 140/500
[reader] generated 142/500
[reader] generated 144/500
[reader] generated 146/500
[reader] generated 148/500
[reader] generated 150/500
[reader] generated 152/500
[reader] generated 154/500
[reader] generated 156/500
[reader] generated 158/500
[reader] generated 160/500
[reader] generated 162/500
[reader] generated 164/500
[reader] generated 166/500
[reader] generated 168/500
[reader] generated 170/500
[reader] generated 172/500
[reader] generated 174/500
[reader] generated 176/500
[reader] generated 178/500
[reader] generated 180/500
[reader] generated 182/500
[reader] generated 184/500
[reader] generated 186/500
[reader] generated 188/500
[reader] generated 190/500
[reader] generated 192/500
[reader] generated 194/500
[reader] generated 196/500
[reader] generated 198/500
[reader] generated 200/500
[reader] generated 202/500
[reader] generated 204/500
[reader] generated 206/500
[reader] generated 208/500
[reader] generated 210/500
[reader] generated 212/500
[reader] generated 214/500
[reader] generated 216/500
[reader] generated 218/500
[reader] generated 220/500
[reader] generated 222/500
[reader] generated 224/500
[reader] generated 226/500
[reader] generated 228/500
[reader] generated 230/500
[reader] generated 232/500
[reader] generated 234/500
[reader] generated 236/500
[reader] generated 238/500
[reader] generated 240/500
[reader] generated 242/500
[reader] generated 244/500
[reader] generated 246/500
[reader] generated 248/500
[reader] generated 250/500
[reader] generated 252/500
[reader] generated 254/500
[reader] generated 256/500
[reader] generated 258/500
[reader] generated 260/500
[reader] generated 262/500
[reader] generated 264/500
[reader] generated 266/500
[reader] generated 268/500
[reader] generated 270/500
[reader] generated 272/500
[reader] generated 274/500
[reader] generated 276/500
[reader] generated 278/500
[reader] generated 280/500
[reader] generated 282/500
[reader] generated 284/500
[reader] generated 286/500
[reader] generated 288/500
[reader] generated 290/500
[reader] generated 292/500
[reader] generated 294/500
[reader] generated 296/500
[reader] generated 298/500
[reader] generated 300/500
[reader] generated 302/500
[reader] generated 304/500
[reader] generated 306/500
[reader] generated 308/500
[reader] generated 310/500
[reader] generated 312/500
[reader] generated 314/500
[reader] generated 316/500
[reader] generated 318/500
[reader] generated 320/500
[reader] generated 322/500
[reader] generated 324/500
[reader] generated 326/500
[reader] generated 328/500
[reader] generated 330/500
[reader] generated 332/500
[reader] generated 334/500
[reader] generated 336/500
[reader] generated 338/500
[reader] generated 340/500
[reader] generated 342/500
[reader] generated 344/500
[reader] generated 346/500
[reader] generated 348/500
[reader] generated 350/500
[reader] generated 352/500
[reader] generated 354/500
[reader] generated 356/500
[reader] generated 358/500
[reader] generated 360/500
[reader] generated 362/500
[reader] generated 364/500
[reader] generated 366/500
[reader] generated 368/500
[reader] generated 370/500
[reader] generated 372/500
[reader] generated 374/500
[reader] generated 376/500
[reader] generated 378/500
[reader] generated 380/500
[reader] generated 382/500
[reader] generated 384/500
[reader] generated 386/500
[reader] generated 388/500
[reader] generated 390/500
[reader] generated 392/500
[reader] generated 394/500
[reader] generated 396/500
[reader] generated 398/500
[reader] generated 400/500
[reader] generated 402/500
[reader] generated 404/500
[reader] generated 406/500
[reader] generated 408/500
[reader] generated 410/500
[reader] generated 412/500
[reader] generated 414/500
[reader] generated 416/500
[reader] generated 418/500
[reader] generated 420/500
[reader] generated 422/500
[reader] generated 424/500
[reader] generated 426/500
[reader] generated 428/500
[reader] generated 430/500
[reader] generated 432/500
[reader] generated 434/500
[reader] generated 436/500
[reader] generated 438/500
[reader] generated 440/500
[reader] generated 442/500
[reader] generated 444/500
[reader] generated 446/500
[reader] generated 448/500
[reader] generated 450/500
[reader] generated 452/500
[reader] generated 454/500
[reader] generated 456/500
[reader] generated 458/500
[reader] generated 460/500
[reader] generated 462/500
[reader] generated 464/500
[reader] generated 466/500
[reader] generated 468/500
[reader] generated 470/500
[reader] generated 472/500
[reader] generated 474/500
[reader] generated 476/500
[reader] generated 478/500
[reader] generated 480/500
[reader] generated 482/500
[reader] generated 484/500
[reader] generated 486/500
[reader] generated 488/500
[reader] generated 490/500
[reader] generated 492/500
[reader] generated 494/500
[reader] generated 496/500
[reader] generated 498/500
[reader] generated 500/500
[density] policy=chunk_submod_224, router_type=fixed, representation=chunk, packer=submod, reader_model=Qwen/Qwen2.5-3B-Instruct, packed_token_budget=224, recall@1=0.438, all_gold@1=0.0, recall@2=0.712, all_gold@2=0.49, recall@5=0.876, all_gold@5=0.764, qwen_em=0.37, qwen_f1=0.4832, avg_reader_evidence_tokens=205.43, mean_ans_in_context=0.682, mean_ans_in_context_soft=0.7309, mean_gold_token_density=0.4074, mean_gold_doc_reader_cov=0.834, mean_all_gold_reader=0.688, mean_distractor_docs=2.808, mean_context_tokens=205.426, mean_n_snippets=6.098
[density] materializing policy=ace_focused_224
[density] generating policy=ace_focused_224
[reader] generated 2/500
[reader] generated 4/500
[reader] generated 6/500
[reader] generated 8/500
[reader] generated 10/500
[reader] generated 12/500
[reader] generated 14/500
[reader] generated 16/500
[reader] generated 18/500
[reader] generated 20/500
[reader] generated 22/500
[reader] generated 24/500
[reader] generated 26/500
[reader] generated 28/500
[reader] generated 30/500
[reader] generated 32/500
[reader] generated 34/500
[reader] generated 36/500
[reader] generated 38/500
[reader] generated 40/500
[reader] generated 42/500
[reader] generated 44/500
[reader] generated 46/500
[reader] generated 48/500
[reader] generated 50/500
[reader] generated 52/500
[reader] generated 54/500
[reader] generated 56/500
[reader] generated 58/500
[reader] generated 60/500
[reader] generated 62/500
[reader] generated 64/500
[reader] generated 66/500
[reader] generated 68/500
[reader] generated 70/500
[reader] generated 72/500
[reader] generated 74/500
[reader] generated 76/500
[reader] generated 78/500
[reader] generated 80/500
[reader] generated 82/500
[reader] generated 84/500
[reader] generated 86/500
[reader] generated 88/500
[reader] generated 90/500
[reader] generated 92/500
[reader] generated 94/500
[reader] generated 96/500
[reader] generated 98/500
[reader] generated 100/500
[reader] generated 102/500
[reader] generated 104/500
[reader] generated 106/500
[reader] generated 108/500
[reader] generated 110/500
[reader] generated 112/500
[reader] generated 114/500
[reader] generated 116/500
[reader] generated 118/500
[reader] generated 120/500
[reader] generated 122/500
[reader] generated 124/500
[reader] generated 126/500
[reader] generated 128/500
[reader] generated 130/500
[reader] generated 132/500
[reader] generated 134/500
[reader] generated 136/500
[reader] generated 138/500
[reader] generated 140/500
[reader] generated 142/500
[reader] generated 144/500
[reader] generated 146/500
[reader] generated 148/500
[reader] generated 150/500
[reader] generated 152/500
[reader] generated 154/500
[reader] generated 156/500
[reader] generated 158/500
[reader] generated 160/500
[reader] generated 162/500
[reader] generated 164/500
[reader] generated 166/500
[reader] generated 168/500
[reader] generated 170/500
[reader] generated 172/500
[reader] generated 174/500
[reader] generated 176/500
[reader] generated 178/500
[reader] generated 180/500
[reader] generated 182/500
[reader] generated 184/500
[reader] generated 186/500
[reader] generated 188/500
[reader] generated 190/500
[reader] generated 192/500
[reader] generated 194/500
[reader] generated 196/500
[reader] generated 198/500
[reader] generated 200/500
[reader] generated 202/500
[reader] generated 204/500
[reader] generated 206/500
[reader] generated 208/500
[reader] generated 210/500
[reader] generated 212/500
[reader] generated 214/500
[reader] generated 216/500
[reader] generated 218/500
[reader] generated 220/500
[reader] generated 222/500
[reader] generated 224/500
[reader] generated 226/500
[reader] generated 228/500
[reader] generated 230/500
[reader] generated 232/500
[reader] generated 234/500
[reader] generated 236/500
[reader] generated 238/500
[reader] generated 240/500
[reader] generated 242/500
[reader] generated 244/500
[reader] generated 246/500
[reader] generated 248/500
[reader] generated 250/500
[reader] generated 252/500
[reader] generated 254/500
[reader] generated 256/500
[reader] generated 258/500
[reader] generated 260/500
[reader] generated 262/500
[reader] generated 264/500
[reader] generated 266/500
[reader] generated 268/500
[reader] generated 270/500
[reader] generated 272/500
[reader] generated 274/500
[reader] generated 276/500
[reader] generated 278/500
[reader] generated 280/500
[reader] generated 282/500
[reader] generated 284/500
[reader] generated 286/500
[reader] generated 288/500
[reader] generated 290/500
[reader] generated 292/500
[reader] generated 294/500
[reader] generated 296/500
[reader] generated 298/500
[reader] generated 300/500
[reader] generated 302/500
[reader] generated 304/500
[reader] generated 306/500
[reader] generated 308/500
[reader] generated 310/500
[reader] generated 312/500
[reader] generated 314/500
[reader] generated 316/500
[reader] generated 318/500
[reader] generated 320/500
[reader] generated 322/500
[reader] generated 324/500
[reader] generated 326/500
[reader] generated 328/500
[reader] generated 330/500
[reader] generated 332/500
[reader] generated 334/500
[reader] generated 336/500
[reader] generated 338/500
[reader] generated 340/500
[reader] generated 342/500
[reader] generated 344/500
[reader] generated 346/500
[reader] generated 348/500
[reader] generated 350/500
[reader] generated 352/500
[reader] generated 354/500
[reader] generated 356/500
[reader] generated 358/500
[reader] generated 360/500
[reader] generated 362/500
[reader] generated 364/500
[reader] generated 366/500
[reader] generated 368/500
[reader] generated 370/500
[reader] generated 372/500
[reader] generated 374/500
[reader] generated 376/500
[reader] generated 378/500
[reader] generated 380/500
[reader] generated 382/500
[reader] generated 384/500
[reader] generated 386/500
[reader] generated 388/500
[reader] generated 390/500
[reader] generated 392/500
[reader] generated 394/500
[reader] generated 396/500
[reader] generated 398/500
[reader] generated 400/500
[reader] generated 402/500
[reader] generated 404/500
[reader] generated 406/500
[reader] generated 408/500
[reader] generated 410/500
[reader] generated 412/500
[reader] generated 414/500
[reader] generated 416/500
[reader] generated 418/500
[reader] generated 420/500
[reader] generated 422/500
[reader] generated 424/500
[reader] generated 426/500
[reader] generated 428/500
[reader] generated 430/500
[reader] generated 432/500
[reader] generated 434/500
[reader] generated 436/500
[reader] generated 438/500
[reader] generated 440/500
[reader] generated 442/500
[reader] generated 444/500
[reader] generated 446/500
[reader] generated 448/500
[reader] generated 450/500
[reader] generated 452/500
[reader] generated 454/500
[reader] generated 456/500
[reader] generated 458/500
[reader] generated 460/500
[reader] generated 462/500
[reader] generated 464/500
[reader] generated 466/500
[reader] generated 468/500
[reader] generated 470/500
[reader] generated 472/500
[reader] generated 474/500
[reader] generated 476/500
[reader] generated 478/500
[reader] generated 480/500
[reader] generated 482/500
[reader] generated 484/500
[reader] generated 486/500
[reader] generated 488/500
[reader] generated 490/500
[reader] generated 492/500
[reader] generated 494/500
[reader] generated 496/500
[reader] generated 498/500
[reader] generated 500/500
[density] policy=ace_focused_224, router_type=fixed, representation=ace, packer=focused, reader_model=Qwen/Qwen2.5-3B-Instruct, packed_token_budget=224, recall@1=0.411, all_gold@1=0.0, recall@2=0.652, all_gold@2=0.392, recall@5=0.822, all_gold@5=0.67, qwen_em=0.34, qwen_f1=0.4348, avg_reader_evidence_tokens=211.55, mean_ans_in_context=0.646, mean_ans_in_context_soft=0.7058, mean_gold_token_density=0.3752, mean_gold_doc_reader_cov=0.8, mean_all_gold_reader=0.632, mean_distractor_docs=2.89, mean_context_tokens=211.55, mean_n_snippets=5.422
[density] materializing policy=ace_mmr_224
[density] generating policy=ace_mmr_224
[reader] generated 2/500
[reader] generated 4/500
[reader] generated 6/500
[reader] generated 8/500
[reader] generated 10/500
[reader] generated 12/500
[reader] generated 14/500
[reader] generated 16/500
[reader] generated 18/500
[reader] generated 20/500
[reader] generated 22/500
[reader] generated 24/500
[reader] generated 26/500
[reader] generated 28/500
[reader] generated 30/500
[reader] generated 32/500
[reader] generated 34/500
[reader] generated 36/500
[reader] generated 38/500
[reader] generated 40/500
[reader] generated 42/500
[reader] generated 44/500
[reader] generated 46/500
[reader] generated 48/500
[reader] generated 50/500
[reader] generated 52/500
[reader] generated 54/500
[reader] generated 56/500
[reader] generated 58/500
[reader] generated 60/500
[reader] generated 62/500
[reader] generated 64/500
[reader] generated 66/500
[reader] generated 68/500
[reader] generated 70/500
[reader] generated 72/500
[reader] generated 74/500
[reader] generated 76/500
[reader] generated 78/500
[reader] generated 80/500
[reader] generated 82/500
[reader] generated 84/500
[reader] generated 86/500
[reader] generated 88/500
[reader] generated 90/500
[reader] generated 92/500
[reader] generated 94/500
[reader] generated 96/500
[reader] generated 98/500
[reader] generated 100/500
[reader] generated 102/500
[reader] generated 104/500
[reader] generated 106/500
[reader] generated 108/500
[reader] generated 110/500
[reader] generated 112/500
[reader] generated 114/500
[reader] generated 116/500
[reader] generated 118/500
[reader] generated 120/500
[reader] generated 122/500
[reader] generated 124/500
[reader] generated 126/500
[reader] generated 128/500
[reader] generated 130/500
[reader] generated 132/500
[reader] generated 134/500
[reader] generated 136/500
[reader] generated 138/500
[reader] generated 140/500
[reader] generated 142/500
[reader] generated 144/500
[reader] generated 146/500
[reader] generated 148/500
[reader] generated 150/500
[reader] generated 152/500
[reader] generated 154/500
[reader] generated 156/500
[reader] generated 158/500
[reader] generated 160/500
[reader] generated 162/500
[reader] generated 164/500
[reader] generated 166/500
[reader] generated 168/500
[reader] generated 170/500
[reader] generated 172/500
[reader] generated 174/500
[reader] generated 176/500
[reader] generated 178/500
[reader] generated 180/500
[reader] generated 182/500
[reader] generated 184/500
[reader] generated 186/500
[reader] generated 188/500
[reader] generated 190/500
[reader] generated 192/500
[reader] generated 194/500
[reader] generated 196/500
[reader] generated 198/500
[reader] generated 200/500
[reader] generated 202/500
[reader] generated 204/500
[reader] generated 206/500
[reader] generated 208/500
[reader] generated 210/500
[reader] generated 212/500
[reader] generated 214/500
[reader] generated 216/500
[reader] generated 218/500
[reader] generated 220/500
[reader] generated 222/500
[reader] generated 224/500
[reader] generated 226/500
[reader] generated 228/500
[reader] generated 230/500
[reader] generated 232/500
[reader] generated 234/500
[reader] generated 236/500
[reader] generated 238/500
[reader] generated 240/500
[reader] generated 242/500
[reader] generated 244/500
[reader] generated 246/500
[reader] generated 248/500
[reader] generated 250/500
[reader] generated 252/500
[reader] generated 254/500
[reader] generated 256/500
[reader] generated 258/500
[reader] generated 260/500
[reader] generated 262/500
[reader] generated 264/500
[reader] generated 266/500
[reader] generated 268/500
[reader] generated 270/500
[reader] generated 272/500
[reader] generated 274/500
[reader] generated 276/500
[reader] generated 278/500
[reader] generated 280/500
[reader] generated 282/500
[reader] generated 284/500
[reader] generated 286/500
[reader] generated 288/500
[reader] generated 290/500
[reader] generated 292/500
[reader] generated 294/500
[reader] generated 296/500
[reader] generated 298/500
[reader] generated 300/500
[reader] generated 302/500
[reader] generated 304/500
[reader] generated 306/500
[reader] generated 308/500
[reader] generated 310/500
[reader] generated 312/500
[reader] generated 314/500
[reader] generated 316/500
[reader] generated 318/500
[reader] generated 320/500
[reader] generated 322/500
[reader] generated 324/500
[reader] generated 326/500
[reader] generated 328/500
[reader] generated 330/500
[reader] generated 332/500
[reader] generated 334/500
[reader] generated 336/500
[reader] generated 338/500
[reader] generated 340/500
[reader] generated 342/500
[reader] generated 344/500
[reader] generated 346/500
[reader] generated 348/500
[reader] generated 350/500
[reader] generated 352/500
[reader] generated 354/500
[reader] generated 356/500
[reader] generated 358/500
[reader] generated 360/500
[reader] generated 362/500
[reader] generated 364/500
[reader] generated 366/500
[reader] generated 368/500
[reader] generated 370/500
[reader] generated 372/500
[reader] generated 374/500
[reader] generated 376/500
[reader] generated 378/500
[reader] generated 380/500
[reader] generated 382/500
[reader] generated 384/500
[reader] generated 386/500
[reader] generated 388/500
[reader] generated 390/500
[reader] generated 392/500
[reader] generated 394/500
[reader] generated 396/500
[reader] generated 398/500
[reader] generated 400/500
[reader] generated 402/500
[reader] generated 404/500
[reader] generated 406/500
[reader] generated 408/500
[reader] generated 410/500
[reader] generated 412/500
[reader] generated 414/500
[reader] generated 416/500
[reader] generated 418/500
[reader] generated 420/500
[reader] generated 422/500
[reader] generated 424/500
[reader] generated 426/500
[reader] generated 428/500
[reader] generated 430/500
[reader] generated 432/500
[reader] generated 434/500
[reader] generated 436/500
[reader] generated 438/500
[reader] generated 440/500
[reader] generated 442/500
[reader] generated 444/500
[reader] generated 446/500
[reader] generated 448/500
[reader] generated 450/500
[reader] generated 452/500
[reader] generated 454/500
[reader] generated 456/500
[reader] generated 458/500
[reader] generated 460/500
[reader] generated 462/500
[reader] generated 464/500
[reader] generated 466/500
[reader] generated 468/500
[reader] generated 470/500
[reader] generated 472/500
[reader] generated 474/500
[reader] generated 476/500
[reader] generated 478/500
[reader] generated 480/500
[reader] generated 482/500
[reader] generated 484/500
[reader] generated 486/500
[reader] generated 488/500
[reader] generated 490/500
[reader] generated 492/500
[reader] generated 494/500
[reader] generated 496/500
[reader] generated 498/500
[reader] generated 500/500
[density] policy=ace_mmr_224, router_type=fixed, representation=ace, packer=mmr, reader_model=Qwen/Qwen2.5-3B-Instruct, packed_token_budget=224, recall@1=0.411, all_gold@1=0.0, recall@2=0.652, all_gold@2=0.392, recall@5=0.822, all_gold@5=0.67, qwen_em=0.332, qwen_f1=0.4295, avg_reader_evidence_tokens=212.25, mean_ans_in_context=0.636, mean_ans_in_context_soft=0.6967, mean_gold_token_density=0.3957, mean_gold_doc_reader_cov=0.773, mean_all_gold_reader=0.582, mean_distractor_docs=2.74, mean_context_tokens=212.248, mean_n_snippets=5.502
[density] materializing policy=ace_submod_224
[density] generating policy=ace_submod_224
[reader] generated 2/500
[reader] generated 4/500
[reader] generated 6/500
[reader] generated 8/500
[reader] generated 10/500
[reader] generated 12/500
[reader] generated 14/500
[reader] generated 16/500
[reader] generated 18/500
[reader] generated 20/500
[reader] generated 22/500
[reader] generated 24/500
[reader] generated 26/500
[reader] generated 28/500
[reader] generated 30/500
[reader] generated 32/500
[reader] generated 34/500
[reader] generated 36/500
[reader] generated 38/500
[reader] generated 40/500
[reader] generated 42/500
[reader] generated 44/500
[reader] generated 46/500
[reader] generated 48/500
[reader] generated 50/500
[reader] generated 52/500
[reader] generated 54/500
[reader] generated 56/500
[reader] generated 58/500
[reader] generated 60/500
[reader] generated 62/500
[reader] generated 64/500
[reader] generated 66/500
[reader] generated 68/500
[reader] generated 70/500
[reader] generated 72/500
[reader] generated 74/500
[reader] generated 76/500
[reader] generated 78/500
[reader] generated 80/500
[reader] generated 82/500
[reader] generated 84/500
[reader] generated 86/500
[reader] generated 88/500
[reader] generated 90/500
[reader] generated 92/500
[reader] generated 94/500
[reader] generated 96/500
[reader] generated 98/500
[reader] generated 100/500
[reader] generated 102/500
[reader] generated 104/500
[reader] generated 106/500
[reader] generated 108/500
[reader] generated 110/500
[reader] generated 112/500
[reader] generated 114/500
[reader] generated 116/500
[reader] generated 118/500
[reader] generated 120/500
[reader] generated 122/500
[reader] generated 124/500
[reader] generated 126/500
[reader] generated 128/500
[reader] generated 130/500
[reader] generated 132/500
[reader] generated 134/500
[reader] generated 136/500
[reader] generated 138/500
[reader] generated 140/500
[reader] generated 142/500
[reader] generated 144/500
[reader] generated 146/500
[reader] generated 148/500
[reader] generated 150/500
[reader] generated 152/500
[reader] generated 154/500
[reader] generated 156/500
[reader] generated 158/500
[reader] generated 160/500
[reader] generated 162/500
[reader] generated 164/500
[reader] generated 166/500
[reader] generated 168/500
[reader] generated 170/500
[reader] generated 172/500
[reader] generated 174/500
[reader] generated 176/500
[reader] generated 178/500
[reader] generated 180/500
[reader] generated 182/500
[reader] generated 184/500
[reader] generated 186/500
[reader] generated 188/500
[reader] generated 190/500
[reader] generated 192/500
[reader] generated 194/500
[reader] generated 196/500
[reader] generated 198/500
[reader] generated 200/500
[reader] generated 202/500
[reader] generated 204/500
[reader] generated 206/500
[reader] generated 208/500
[reader] generated 210/500
[reader] generated 212/500
[reader] generated 214/500
[reader] generated 216/500
[reader] generated 218/500
[reader] generated 220/500
[reader] generated 222/500
[reader] generated 224/500
[reader] generated 226/500
[reader] generated 228/500
[reader] generated 230/500
[reader] generated 232/500
[reader] generated 234/500
[reader] generated 236/500
[reader] generated 238/500
[reader] generated 240/500
[reader] generated 242/500
[reader] generated 244/500
[reader] generated 246/500
[reader] generated 248/500
[reader] generated 250/500
[reader] generated 252/500
[reader] generated 254/500
[reader] generated 256/500
[reader] generated 258/500
[reader] generated 260/500
[reader] generated 262/500
[reader] generated 264/500
[reader] generated 266/500
[reader] generated 268/500
[reader] generated 270/500
[reader] generated 272/500
[reader] generated 274/500
[reader] generated 276/500
[reader] generated 278/500
[reader] generated 280/500
[reader] generated 282/500
[reader] generated 284/500
[reader] generated 286/500
[reader] generated 288/500
[reader] generated 290/500
[reader] generated 292/500
[reader] generated 294/500
[reader] generated 296/500
[reader] generated 298/500
[reader] generated 300/500
[reader] generated 302/500
[reader] generated 304/500
[reader] generated 306/500
[reader] generated 308/500
[reader] generated 310/500
[reader] generated 312/500
[reader] generated 314/500
[reader] generated 316/500
[reader] generated 318/500
[reader] generated 320/500
[reader] generated 322/500
[reader] generated 324/500
[reader] generated 326/500
[reader] generated 328/500
[reader] generated 330/500
[reader] generated 332/500
[reader] generated 334/500
[reader] generated 336/500
[reader] generated 338/500
[reader] generated 340/500
[reader] generated 342/500
[reader] generated 344/500
[reader] generated 346/500
[reader] generated 348/500
[reader] generated 350/500
[reader] generated 352/500
[reader] generated 354/500
[reader] generated 356/500
[reader] generated 358/500
[reader] generated 360/500
[reader] generated 362/500
[reader] generated 364/500
[reader] generated 366/500
[reader] generated 368/500
[reader] generated 370/500
[reader] generated 372/500
[reader] generated 374/500
[reader] generated 376/500
[reader] generated 378/500
[reader] generated 380/500
[reader] generated 382/500
[reader] generated 384/500
[reader] generated 386/500
[reader] generated 388/500
[reader] generated 390/500
[reader] generated 392/500
[reader] generated 394/500
[reader] generated 396/500
[reader] generated 398/500
[reader] generated 400/500
[reader] generated 402/500
[reader] generated 404/500
[reader] generated 406/500
[reader] generated 408/500
[reader] generated 410/500
[reader] generated 412/500
[reader] generated 414/500
[reader] generated 416/500
[reader] generated 418/500
[reader] generated 420/500
[reader] generated 422/500
[reader] generated 424/500
[reader] generated 426/500
[reader] generated 428/500
[reader] generated 430/500
[reader] generated 432/500
[reader] generated 434/500
[reader] generated 436/500
[reader] generated 438/500
[reader] generated 440/500
[reader] generated 442/500
[reader] generated 444/500
[reader] generated 446/500
[reader] generated 448/500
[reader] generated 450/500
[reader] generated 452/500
[reader] generated 454/500
[reader] generated 456/500
[reader] generated 458/500
[reader] generated 460/500
[reader] generated 462/500
[reader] generated 464/500
[reader] generated 466/500
[reader] generated 468/500
[reader] generated 470/500
[reader] generated 472/500
[reader] generated 474/500
[reader] generated 476/500
[reader] generated 478/500
[reader] generated 480/500
[reader] generated 482/500
[reader] generated 484/500
[reader] generated 486/500
[reader] generated 488/500
[reader] generated 490/500
[reader] generated 492/500
[reader] generated 494/500
[reader] generated 496/500
[reader] generated 498/500
[reader] generated 500/500
[density] policy=ace_submod_224, router_type=fixed, representation=ace, packer=submod, reader_model=Qwen/Qwen2.5-3B-Instruct, packed_token_budget=224, recall@1=0.411, all_gold@1=0.0, recall@2=0.652, all_gold@2=0.392, recall@5=0.822, all_gold@5=0.67, qwen_em=0.346, qwen_f1=0.4429, avg_reader_evidence_tokens=207.39, mean_ans_in_context=0.644, mean_ans_in_context_soft=0.7107, mean_gold_token_density=0.3609, mean_gold_doc_reader_cov=0.779, mean_all_gold_reader=0.598, mean_distractor_docs=2.992, mean_context_tokens=207.39, mean_n_snippets=6.102
[density] policy=router_oracle_packer, router_type=oracle, representation=mixed, packer=oracle, reader_model=Qwen/Qwen2.5-3B-Instruct, packed_token_budget=224, selection_counts={"ace_focused_224": 90, "ace_mmr_224": 25, "ace_submod_224": 91, "chunk_focused_224": 73, "chunk_mmr_224": 27, "chunk_submod_224": 194}, qwen_em=0.484, qwen_f1=0.6083, avg_reader_evidence_tokens=200.17, mean_ans_in_context=0.72, mean_ans_in_context_soft=0.7652, mean_gold_token_density=0.4152, mean_gold_doc_reader_cov=0.819, mean_all_gold_reader=0.66, mean_distractor_docs=2.64, mean_context_tokens=200.174, mean_n_snippets=5.482
wrote /kaggle/working/colab_results/stage13_budgetsweep_hotpotqa_qwen3b_budget224_limit500_seed7/hotpotqa_density_standard_budget224_limit500_metrics.csv
wrote /kaggle/working/colab_results/stage13_budgetsweep_hotpotqa_qwen3b_budget224_limit500_seed7/hotpotqa_density_standard_budget224_limit500_per_question.csv
[musique] using direct jsonl /kaggle/input/datasets/anantonayan/musique-data/data/musique_ans_v1.0_dev.jsonl
--- musique seed 13 ---
$ /usr/bin/python3 -m experiments.run_density_router --dataset musique_local --limit 500 --seed 13 --ace-retriever standard --top-k 5 --top-k-nodes 48 --max-expanded-docs 5 --embedder sentence-transformers --embedding-model BAAI/bge-small-en-v1.5 --embed-device cuda --compressor truncate --compress-dims 320 --reader-backend hf --reader-model Qwen/Qwen2.5-3B-Instruct --reader-device cuda --reader-batch-size 2 --mmr-lambda 0.7 --budget 160 --out-dir /kaggle/working/colab_results/stage13_musique_qwen3b_budget160_limit500_seed13 --musique-path /kaggle/input/datasets/anantonayan/musique-data/data/musique_ans_v1.0_dev.jsonl
musique_local[500]: 9363 docs, 500 questions, 1.97 gold docs/question
[density] retrieving chunk baseline
[chunk] fitting/indexing
[embed] encoding 9363 texts on device=cuda:0

Batches:   0%|          | 0/147 [00:00<?, ?it/s]
Batches:   1%|          | 1/147 [00:00<02:12,  1.10it/s]
Batches:   1%|▏         | 2/147 [00:01<01:44,  1.39it/s]
Batches:   2%|▏         | 3/147 [00:01<01:28,  1.63it/s]
Batches:   3%|▎         | 4/147 [00:02<01:14,  1.91it/s]
Batches:   3%|▎         | 5/147 [00:02<01:04,  2.19it/s]
Batches:   4%|▍         | 6/147 [00:03<01:01,  2.30it/s]
Batches:   5%|▍         | 7/147 [00:03<00:55,  2.51it/s]
Batches:   5%|▌         | 8/147 [00:03<00:51,  2.67it/s]
Batches:   6%|▌         | 9/147 [00:04<00:48,  2.86it/s]
Batches:   7%|▋         | 10/147 [00:04<00:45,  3.00it/s]
Batches:   7%|▋         | 11/147 [00:04<00:43,  3.09it/s]
Batches:   8%|▊         | 12/147 [00:04<00:41,  3.26it/s]
Batches:   9%|▉         | 13/147 [00:05<00:39,  3.43it/s]
Batches:  10%|▉         | 14/147 [00:05<00:36,  3.64it/s]
Batches:  10%|█         | 15/147 [00:05<00:35,  3.74it/s]
Batches:  11%|█         | 16/147 [00:05<00:34,  3.79it/s]
Batches:  12%|█▏        | 17/147 [00:06<00:36,  3.54it/s]
Batches:  12%|█▏        | 18/147 [00:06<00:34,  3.75it/s]
Batches:  13%|█▎        | 19/147 [00:06<00:32,  3.90it/s]
Batches:  14%|█▎        | 20/147 [00:06<00:31,  4.07it/s]
Batches:  14%|█▍        | 21/147 [00:07<00:31,  4.03it/s]
Batches:  15%|█▍        | 22/147 [00:07<00:30,  4.13it/s]
Batches:  16%|█▌        | 23/147 [00:07<00:28,  4.41it/s]
Batches:  16%|█▋        | 24/147 [00:07<00:26,  4.58it/s]
Batches:  17%|█▋        | 25/147 [00:07<00:25,  4.82it/s]
Batches:  18%|█▊        | 26/147 [00:08<00:24,  4.95it/s]
Batches:  18%|█▊        | 27/147 [00:08<00:23,  5.07it/s]
Batches:  19%|█▉        | 28/147 [00:08<00:24,  4.88it/s]
Batches:  20%|█▉        | 29/147 [00:08<00:23,  4.99it/s]
Batches:  20%|██        | 30/147 [00:08<00:22,  5.16it/s]
Batches:  21%|██        | 31/147 [00:09<00:22,  5.17it/s]
Batches:  22%|██▏       | 32/147 [00:09<00:22,  5.14it/s]
Batches:  22%|██▏       | 33/147 [00:09<00:21,  5.31it/s]
Batches:  23%|██▎       | 34/147 [00:09<00:21,  5.20it/s]
Batches:  24%|██▍       | 35/147 [00:09<00:20,  5.40it/s]
Batches:  24%|██▍       | 36/147 [00:10<00:19,  5.59it/s]
Batches:  25%|██▌       | 37/147 [00:10<00:19,  5.57it/s]
Batches:  26%|██▌       | 38/147 [00:10<00:18,  5.75it/s]
Batches:  27%|██▋       | 39/147 [00:10<00:19,  5.64it/s]
Batches:  27%|██▋       | 40/147 [00:10<00:18,  5.81it/s]
Batches:  28%|██▊       | 41/147 [00:10<00:18,  5.78it/s]
Batches:  29%|██▊       | 42/147 [00:11<00:17,  5.92it/s]
Batches:  29%|██▉       | 43/147 [00:11<00:17,  6.04it/s]
Batches:  30%|██▉       | 44/147 [00:11<00:17,  5.87it/s]
Batches:  31%|███       | 45/147 [00:11<00:17,  5.90it/s]
Batches:  31%|███▏      | 46/147 [00:11<00:16,  6.01it/s]
Batches:  32%|███▏      | 47/147 [00:11<00:16,  6.24it/s]
Batches:  33%|███▎      | 48/147 [00:12<00:16,  6.17it/s]
Batches:  33%|███▎      | 49/147 [00:12<00:15,  6.16it/s]
Batches:  34%|███▍      | 50/147 [00:12<00:15,  6.19it/s]
Batches:  35%|███▍      | 51/147 [00:12<00:15,  6.31it/s]
Batches:  35%|███▌      | 52/147 [00:12<00:14,  6.43it/s]
Batches:  36%|███▌      | 53/147 [00:12<00:14,  6.51it/s]
Batches:  37%|███▋      | 54/147 [00:12<00:14,  6.61it/s]
Batches:  37%|███▋      | 55/147 [00:13<00:13,  6.58it/s]
Batches:  38%|███▊      | 56/147 [00:13<00:13,  6.70it/s]
Batches:  39%|███▉      | 57/147 [00:13<00:13,  6.72it/s]
Batches:  39%|███▉      | 58/147 [00:13<00:13,  6.60it/s]
Batches:  40%|████      | 59/147 [00:13<00:13,  6.53it/s]
Batches:  41%|████      | 60/147 [00:13<00:13,  6.48it/s]
Batches:  41%|████▏     | 61/147 [00:14<00:13,  6.57it/s]
Batches:  42%|████▏     | 62/147 [00:14<00:12,  7.07it/s]
Batches:  43%|████▎     | 63/147 [00:14<00:11,  7.39it/s]
Batches:  44%|████▎     | 64/147 [00:14<00:11,  7.53it/s]
Batches:  44%|████▍     | 65/147 [00:14<00:10,  7.80it/s]
Batches:  45%|████▍     | 66/147 [00:14<00:10,  7.95it/s]
Batches:  46%|████▌     | 67/147 [00:14<00:09,  8.12it/s]
Batches:  46%|████▋     | 68/147 [00:14<00:09,  8.02it/s]
Batches:  47%|████▋     | 69/147 [00:14<00:09,  7.96it/s]
Batches:  48%|████▊     | 70/147 [00:15<00:09,  8.20it/s]
Batches:  48%|████▊     | 71/147 [00:15<00:09,  8.31it/s]
Batches:  49%|████▉     | 72/147 [00:15<00:08,  8.46it/s]
Batches:  50%|████▉     | 73/147 [00:15<00:08,  8.74it/s]
Batches:  50%|█████     | 74/147 [00:15<00:09,  7.76it/s]
Batches:  51%|█████     | 75/147 [00:15<00:08,  8.28it/s]
Batches:  52%|█████▏    | 76/147 [00:15<00:08,  8.29it/s]
Batches:  52%|█████▏    | 77/147 [00:15<00:08,  8.65it/s]
Batches:  54%|█████▎    | 79/147 [00:16<00:07,  9.21it/s]
Batches:  54%|█████▍    | 80/147 [00:16<00:07,  9.30it/s]
Batches:  55%|█████▌    | 81/147 [00:16<00:07,  9.14it/s]
Batches:  56%|█████▌    | 82/147 [00:16<00:07,  9.10it/s]
Batches:  56%|█████▋    | 83/147 [00:16<00:06,  9.20it/s]
Batches:  57%|█████▋    | 84/147 [00:16<00:06,  9.29it/s]
Batches:  58%|█████▊    | 85/147 [00:16<00:06,  9.34it/s]
Batches:  59%|█████▊    | 86/147 [00:16<00:06,  9.45it/s]
Batches:  60%|█████▉    | 88/147 [00:17<00:05,  9.91it/s]
Batches:  61%|██████    | 90/147 [00:17<00:05, 10.06it/s]
Batches:  63%|██████▎   | 92/147 [00:17<00:05, 10.26it/s]
Batches:  64%|██████▍   | 94/147 [00:17<00:05, 10.54it/s]
Batches:  65%|██████▌   | 96/147 [00:17<00:04, 10.52it/s]
Batches:  67%|██████▋   | 98/147 [00:18<00:04, 10.38it/s]
Batches:  68%|██████▊   | 100/147 [00:18<00:04, 10.45it/s]
Batches:  69%|██████▉   | 102/147 [00:18<00:04, 10.79it/s]
Batches:  71%|███████   | 104/147 [00:18<00:03, 11.02it/s]
Batches:  72%|███████▏  | 106/147 [00:18<00:03, 10.98it/s]
Batches:  73%|███████▎  | 108/147 [00:18<00:03, 11.22it/s]
Batches:  75%|███████▍  | 110/147 [00:19<00:03, 11.61it/s]
Batches:  76%|███████▌  | 112/147 [00:19<00:02, 11.87it/s]
Batches:  78%|███████▊  | 114/147 [00:19<00:02, 12.11it/s]
Batches:  79%|███████▉  | 116/147 [00:19<00:02, 12.39it/s]
Batches:  80%|████████  | 118/147 [00:19<00:02, 12.51it/s]
Batches:  82%|████████▏ | 120/147 [00:19<00:02, 12.43it/s]
Batches:  83%|████████▎ | 122/147 [00:19<00:01, 12.92it/s]
Batches:  84%|████████▍ | 124/147 [00:20<00:01, 13.22it/s]
Batches:  86%|████████▌ | 126/147 [00:20<00:01, 14.04it/s]
Batches:  87%|████████▋ | 128/147 [00:20<00:01, 13.89it/s]
Batches:  88%|████████▊ | 130/147 [00:20<00:01, 13.94it/s]
Batches:  90%|████████▉ | 132/147 [00:20<00:01, 14.71it/s]
Batches:  91%|█████████ | 134/147 [00:20<00:00, 15.70it/s]
Batches:  93%|█████████▎| 136/147 [00:20<00:00, 16.73it/s]
Batches:  94%|█████████▍| 138/147 [00:20<00:00, 17.49it/s]
Batches:  96%|█████████▌| 141/147 [00:21<00:00, 18.53it/s]
Batches:  98%|█████████▊| 144/147 [00:21<00:00, 20.00it/s]
Batches: 100%|██████████| 147/147 [00:21<00:00, 22.51it/s]
Batches: 100%|██████████| 147/147 [00:21<00:00,  6.89it/s]
[chunk] retrieving
[embed] encoding 500 texts on device=cuda:0

Batches:   0%|          | 0/8 [00:00<?, ?it/s]
Batches:  50%|█████     | 4/8 [00:00<00:00, 36.23it/s]
Batches: 100%|██████████| 8/8 [00:00<00:00, 40.44it/s]
[density] retrieving ACE graph
[ace] building evidence graph
[ace] graph built: nodes=70480 edges=121719
[ace] fitting/indexing embeddings
[embed] encoding 61117 texts on device=cuda:0

Batches:   0%|          | 0/955 [00:00<?, ?it/s]
Batches:   0%|          | 1/955 [00:00<10:01,  1.59it/s]
Batches:   0%|          | 2/955 [00:00<06:10,  2.57it/s]
Batches:   0%|          | 3/955 [00:01<04:29,  3.54it/s]
Batches:   0%|          | 4/955 [00:01<03:39,  4.34it/s]
Batches:   1%|          | 5/955 [00:01<03:03,  5.18it/s]
Batches:   1%|          | 6/955 [00:01<02:37,  6.02it/s]
Batches:   1%|          | 7/955 [00:01<02:22,  6.67it/s]
Batches:   1%|          | 8/955 [00:01<02:11,  7.20it/s]
Batches:   1%|          | 10/955 [00:01<01:54,  8.26it/s]
Batches:   1%|          | 11/955 [00:01<01:53,  8.31it/s]
Batches:   1%|▏         | 13/955 [00:02<01:43,  9.13it/s]
Batches:   2%|▏         | 15/955 [00:02<01:38,  9.56it/s]
Batches:   2%|▏         | 17/955 [00:02<01:36,  9.69it/s]
Batches:   2%|▏         | 19/955 [00:02<01:31, 10.21it/s]
Batches:   2%|▏         | 21/955 [00:02<01:26, 10.81it/s]
Batches:   2%|▏         | 23/955 [00:03<01:22, 11.27it/s]
Batches:   3%|▎         | 25/955 [00:03<01:23, 11.20it/s]
Batches:   3%|▎         | 27/955 [00:03<01:20, 11.54it/s]
Batches:   3%|▎         | 29/955 [00:03<01:17, 11.93it/s]
Batches:   3%|▎         | 31/955 [00:03<01:17, 11.85it/s]
Batches:   3%|▎         | 33/955 [00:03<01:16, 11.99it/s]
Batches:   4%|▎         | 35/955 [00:04<01:16, 12.07it/s]
Batches:   4%|▍         | 37/955 [00:04<01:14, 12.27it/s]
Batches:   4%|▍         | 39/955 [00:04<01:13, 12.49it/s]
Batches:   4%|▍         | 41/955 [00:04<01:12, 12.66it/s]
Batches:   5%|▍         | 43/955 [00:04<01:07, 13.46it/s]
Batches:   5%|▍         | 45/955 [00:04<01:10, 12.94it/s]
Batches:   5%|▍         | 47/955 [00:04<01:08, 13.31it/s]
Batches:   5%|▌         | 49/955 [00:05<01:08, 13.28it/s]
Batches:   5%|▌         | 51/955 [00:05<01:09, 12.94it/s]
Batches:   6%|▌         | 53/955 [00:05<01:09, 13.05it/s]
Batches:   6%|▌         | 55/955 [00:05<01:06, 13.46it/s]
Batches:   6%|▌         | 57/955 [00:05<01:07, 13.32it/s]
Batches:   6%|▌         | 59/955 [00:05<01:03, 14.15it/s]
Batches:   6%|▋         | 61/955 [00:05<01:00, 14.69it/s]
Batches:   7%|▋         | 63/955 [00:06<00:58, 15.21it/s]
Batches:   7%|▋         | 65/955 [00:06<00:56, 15.67it/s]
Batches:   7%|▋         | 67/955 [00:06<00:55, 15.95it/s]
Batches:   7%|▋         | 69/955 [00:06<00:57, 15.33it/s]
Batches:   7%|▋         | 71/955 [00:06<00:58, 15.03it/s]
Batches:   8%|▊         | 73/955 [00:06<00:56, 15.54it/s]
Batches:   8%|▊         | 75/955 [00:06<00:55, 15.90it/s]
Batches:   8%|▊         | 77/955 [00:06<00:54, 16.15it/s]
Batches:   8%|▊         | 79/955 [00:07<00:54, 15.98it/s]
Batches:   8%|▊         | 81/955 [00:07<00:54, 16.02it/s]
Batches:   9%|▊         | 83/955 [00:07<00:55, 15.72it/s]
Batches:   9%|▉         | 85/955 [00:07<00:54, 16.11it/s]
Batches:   9%|▉         | 87/955 [00:07<00:56, 15.28it/s]
Batches:   9%|▉         | 89/955 [00:07<00:54, 15.90it/s]
Batches:  10%|▉         | 91/955 [00:07<00:53, 16.28it/s]
Batches:  10%|▉         | 93/955 [00:07<00:51, 16.85it/s]
Batches:  10%|█         | 96/955 [00:08<00:47, 18.02it/s]
Batches:  10%|█         | 98/955 [00:08<00:47, 18.02it/s]
Batches:  10%|█         | 100/955 [00:08<00:53, 16.06it/s]
Batches:  11%|█         | 102/955 [00:08<00:51, 16.62it/s]
Batches:  11%|█         | 104/955 [00:08<00:49, 17.17it/s]
Batches:  11%|█         | 106/955 [00:08<00:49, 17.17it/s]
Batches:  11%|█▏        | 108/955 [00:08<00:48, 17.36it/s]
Batches:  12%|█▏        | 110/955 [00:08<00:48, 17.39it/s]
Batches:  12%|█▏        | 112/955 [00:09<00:47, 17.60it/s]
Batches:  12%|█▏        | 114/955 [00:09<00:49, 17.12it/s]
Batches:  12%|█▏        | 116/955 [00:09<00:50, 16.69it/s]
Batches:  12%|█▏        | 118/955 [00:09<00:48, 17.19it/s]
Batches:  13%|█▎        | 120/955 [00:09<00:48, 17.25it/s]
Batches:  13%|█▎        | 122/955 [00:09<00:46, 17.79it/s]
Batches:  13%|█▎        | 125/955 [00:09<00:45, 18.33it/s]
Batches:  13%|█▎        | 128/955 [00:09<00:43, 19.04it/s]
Batches:  14%|█▎        | 131/955 [00:10<00:42, 19.59it/s]
Batches:  14%|█▍        | 134/955 [00:10<00:41, 19.84it/s]
Batches:  14%|█▍        | 137/955 [00:10<00:40, 20.25it/s]
Batches:  15%|█▍        | 140/955 [00:10<00:40, 20.18it/s]
Batches:  15%|█▍        | 143/955 [00:10<00:41, 19.80it/s]
Batches:  15%|█▌        | 145/955 [00:10<00:41, 19.73it/s]
Batches:  15%|█▌        | 147/955 [00:10<00:41, 19.65it/s]
Batches:  16%|█▌        | 150/955 [00:10<00:40, 19.85it/s]
Batches:  16%|█▌        | 153/955 [00:11<00:39, 20.20it/s]
Batches:  16%|█▋        | 156/955 [00:11<00:39, 20.33it/s]
Batches:  17%|█▋        | 159/955 [00:11<00:38, 20.41it/s]
Batches:  17%|█▋        | 162/955 [00:11<00:39, 19.98it/s]
Batches:  17%|█▋        | 165/955 [00:11<00:39, 20.01it/s]
Batches:  18%|█▊        | 168/955 [00:11<00:39, 20.03it/s]
Batches:  18%|█▊        | 171/955 [00:12<00:38, 20.34it/s]
Batches:  18%|█▊        | 174/955 [00:12<00:37, 20.60it/s]
Batches:  19%|█▊        | 177/955 [00:12<00:37, 20.82it/s]
Batches:  19%|█▉        | 180/955 [00:12<00:37, 20.94it/s]
Batches:  19%|█▉        | 183/955 [00:12<00:36, 20.98it/s]
Batches:  19%|█▉        | 186/955 [00:12<00:36, 20.91it/s]
Batches:  20%|█▉        | 189/955 [00:12<00:34, 22.13it/s]
Batches:  20%|██        | 192/955 [00:12<00:34, 22.38it/s]
Batches:  20%|██        | 195/955 [00:13<00:33, 22.59it/s]
Batches:  21%|██        | 198/955 [00:13<00:34, 22.19it/s]
Batches:  21%|██        | 201/955 [00:13<00:33, 22.65it/s]
Batches:  21%|██▏       | 204/955 [00:13<00:33, 22.66it/s]
Batches:  22%|██▏       | 207/955 [00:13<00:32, 22.80it/s]
Batches:  22%|██▏       | 210/955 [00:13<00:33, 22.44it/s]
Batches:  22%|██▏       | 213/955 [00:13<00:32, 22.50it/s]
Batches:  23%|██▎       | 216/955 [00:14<00:33, 22.34it/s]
Batches:  23%|██▎       | 219/955 [00:14<00:32, 22.70it/s]
Batches:  23%|██▎       | 222/955 [00:14<00:31, 23.51it/s]
Batches:  24%|██▎       | 225/955 [00:14<00:31, 23.27it/s]
Batches:  24%|██▍       | 228/955 [00:14<00:31, 23.33it/s]
Batches:  24%|██▍       | 231/955 [00:14<00:30, 23.65it/s]
Batches:  25%|██▍       | 234/955 [00:14<00:30, 23.54it/s]
Batches:  25%|██▍       | 237/955 [00:14<00:30, 23.74it/s]
Batches:  25%|██▌       | 240/955 [00:15<00:30, 23.39it/s]
Batches:  25%|██▌       | 243/955 [00:15<00:31, 22.94it/s]
Batches:  26%|██▌       | 246/955 [00:15<00:31, 22.79it/s]
Batches:  26%|██▌       | 249/955 [00:15<00:29, 23.79it/s]
Batches:  26%|██▋       | 252/955 [00:15<00:29, 24.24it/s]
Batches:  27%|██▋       | 255/955 [00:15<00:28, 24.22it/s]
Batches:  27%|██▋       | 258/955 [00:15<00:28, 24.14it/s]
Batches:  27%|██▋       | 261/955 [00:15<00:28, 24.49it/s]
Batches:  28%|██▊       | 264/955 [00:16<00:27, 24.68it/s]
Batches:  28%|██▊       | 267/955 [00:16<00:27, 24.77it/s]
Batches:  28%|██▊       | 270/955 [00:16<00:27, 25.19it/s]
Batches:  29%|██▊       | 273/955 [00:16<00:27, 25.23it/s]
Batches:  29%|██▉       | 276/955 [00:16<00:26, 25.66it/s]
Batches:  29%|██▉       | 279/955 [00:16<00:26, 25.15it/s]
Batches:  30%|██▉       | 282/955 [00:16<00:26, 25.56it/s]
Batches:  30%|██▉       | 285/955 [00:16<00:25, 26.02it/s]
Batches:  30%|███       | 288/955 [00:16<00:25, 26.07it/s]
Batches:  30%|███       | 291/955 [00:17<00:25, 26.39it/s]
Batches:  31%|███       | 294/955 [00:17<00:25, 25.53it/s]
Batches:  31%|███       | 297/955 [00:17<00:25, 25.89it/s]
Batches:  31%|███▏      | 300/955 [00:17<00:24, 26.33it/s]
Batches:  32%|███▏      | 303/955 [00:17<00:24, 26.26it/s]
Batches:  32%|███▏      | 306/955 [00:17<00:24, 26.36it/s]
Batches:  32%|███▏      | 309/955 [00:17<00:24, 26.30it/s]
Batches:  33%|███▎      | 312/955 [00:17<00:24, 25.95it/s]
Batches:  33%|███▎      | 315/955 [00:17<00:24, 26.36it/s]
Batches:  33%|███▎      | 318/955 [00:18<00:24, 26.10it/s]
Batches:  34%|███▎      | 321/955 [00:18<00:24, 26.14it/s]
Batches:  34%|███▍      | 324/955 [00:18<00:23, 26.73it/s]
Batches:  34%|███▍      | 327/955 [00:18<00:23, 27.08it/s]
Batches:  35%|███▍      | 330/955 [00:18<00:23, 27.06it/s]
Batches:  35%|███▍      | 333/955 [00:18<00:22, 27.34it/s]
Batches:  35%|███▌      | 336/955 [00:18<00:23, 26.83it/s]
Batches:  35%|███▌      | 339/955 [00:18<00:22, 27.68it/s]
Batches:  36%|███▌      | 342/955 [00:18<00:21, 27.87it/s]
Batches:  36%|███▌      | 346/955 [00:19<00:21, 28.56it/s]
Batches:  37%|███▋      | 349/955 [00:19<00:20, 28.93it/s]
Batches:  37%|███▋      | 352/955 [00:19<00:21, 28.41it/s]
Batches:  37%|███▋      | 355/955 [00:19<00:20, 28.77it/s]
Batches:  37%|███▋      | 358/955 [00:19<00:20, 28.63it/s]
Batches:  38%|███▊      | 362/955 [00:19<00:20, 29.35it/s]
Batches:  38%|███▊      | 365/955 [00:19<00:20, 29.17it/s]
Batches:  39%|███▊      | 369/955 [00:19<00:19, 29.53it/s]
Batches:  39%|███▉      | 372/955 [00:19<00:19, 29.57it/s]
Batches:  39%|███▉      | 376/955 [00:20<00:19, 29.87it/s]
Batches:  40%|███▉      | 380/955 [00:20<00:18, 30.36it/s]
Batches:  40%|████      | 384/955 [00:20<00:18, 30.38it/s]
Batches:  41%|████      | 388/955 [00:20<00:18, 31.35it/s]
Batches:  41%|████      | 392/955 [00:20<00:17, 32.16it/s]
Batches:  41%|████▏     | 396/955 [00:20<00:17, 32.37it/s]
Batches:  42%|████▏     | 400/955 [00:20<00:17, 31.63it/s]
Batches:  42%|████▏     | 404/955 [00:20<00:16, 32.73it/s]
Batches:  43%|████▎     | 408/955 [00:21<00:16, 33.21it/s]
Batches:  43%|████▎     | 412/955 [00:21<00:16, 33.15it/s]
Batches:  44%|████▎     | 416/955 [00:21<00:15, 33.88it/s]
Batches:  44%|████▍     | 420/955 [00:21<00:15, 34.59it/s]
Batches:  44%|████▍     | 424/955 [00:21<00:14, 35.57it/s]
Batches:  45%|████▍     | 428/955 [00:21<00:14, 36.03it/s]
Batches:  45%|████▌     | 432/955 [00:21<00:14, 36.29it/s]
Batches:  46%|████▌     | 436/955 [00:21<00:14, 36.99it/s]
Batches:  46%|████▌     | 440/955 [00:21<00:13, 37.50it/s]
Batches:  46%|████▋     | 444/955 [00:22<00:13, 37.88it/s]
Batches:  47%|████▋     | 448/955 [00:22<00:13, 38.01it/s]
Batches:  47%|████▋     | 452/955 [00:22<00:13, 38.23it/s]
Batches:  48%|████▊     | 456/955 [00:22<00:13, 37.11it/s]
Batches:  48%|████▊     | 461/955 [00:22<00:12, 38.38it/s]
Batches:  49%|████▉     | 466/955 [00:22<00:12, 39.60it/s]
Batches:  49%|████▉     | 471/955 [00:22<00:11, 41.80it/s]
Batches:  50%|████▉     | 476/955 [00:22<00:10, 43.75it/s]
Batches:  50%|█████     | 482/955 [00:22<00:10, 46.52it/s]
Batches:  51%|█████     | 487/955 [00:23<00:09, 47.32it/s]
Batches:  52%|█████▏    | 493/955 [00:23<00:09, 48.47it/s]
Batches:  52%|█████▏    | 499/955 [00:23<00:09, 49.35it/s]
Batches:  53%|█████▎    | 504/955 [00:23<00:09, 49.40it/s]
Batches:  53%|█████▎    | 510/955 [00:23<00:08, 52.08it/s]
Batches:  54%|█████▍    | 517/955 [00:23<00:07, 54.80it/s]
Batches:  55%|█████▍    | 524/955 [00:23<00:07, 57.91it/s]
Batches:  56%|█████▌    | 531/955 [00:23<00:07, 58.66it/s]
Batches:  56%|█████▋    | 538/955 [00:23<00:06, 59.93it/s]
Batches:  57%|█████▋    | 545/955 [00:24<00:06, 62.61it/s]
Batches:  58%|█████▊    | 553/955 [00:24<00:06, 65.09it/s]
Batches:  59%|█████▊    | 560/955 [00:24<00:05, 66.35it/s]
Batches:  59%|█████▉    | 568/955 [00:24<00:05, 68.53it/s]
Batches:  60%|██████    | 576/955 [00:24<00:05, 71.31it/s]
Batches:  61%|██████    | 584/955 [00:24<00:05, 72.99it/s]
Batches:  62%|██████▏   | 592/955 [00:24<00:04, 74.38it/s]
Batches:  63%|██████▎   | 600/955 [00:24<00:04, 75.22it/s]
Batches:  64%|██████▎   | 608/955 [00:24<00:04, 76.18it/s]
Batches:  65%|██████▍   | 616/955 [00:24<00:04, 76.31it/s]
Batches:  65%|██████▌   | 625/955 [00:25<00:04, 78.26it/s]
Batches:  66%|██████▋   | 634/955 [00:25<00:04, 79.60it/s]
Batches:  67%|██████▋   | 643/955 [00:25<00:03, 80.29it/s]
Batches:  68%|██████▊   | 652/955 [00:25<00:03, 81.28it/s]
Batches:  69%|██████▉   | 661/955 [00:25<00:03, 81.93it/s]
Batches:  70%|███████   | 670/955 [00:25<00:03, 82.45it/s]
Batches:  71%|███████   | 679/955 [00:25<00:03, 82.98it/s]
Batches:  72%|███████▏  | 688/955 [00:25<00:03, 83.64it/s]
Batches:  73%|███████▎  | 697/955 [00:25<00:03, 84.45it/s]
Batches:  74%|███████▍  | 706/955 [00:26<00:02, 85.35it/s]
Batches:  75%|███████▍  | 716/955 [00:26<00:02, 86.78it/s]
Batches:  76%|███████▌  | 725/955 [00:26<00:02, 86.95it/s]
Batches:  77%|███████▋  | 735/955 [00:26<00:02, 88.17it/s]
Batches:  78%|███████▊  | 744/955 [00:26<00:02, 88.58it/s]
Batches:  79%|███████▉  | 753/955 [00:26<00:02, 83.12it/s]
Batches:  80%|███████▉  | 762/955 [00:26<00:02, 84.99it/s]
Batches:  81%|████████  | 772/955 [00:26<00:02, 86.93it/s]
Batches:  82%|████████▏ | 781/955 [00:27<00:04, 35.37it/s]
Batches:  83%|████████▎ | 791/955 [00:27<00:03, 44.14it/s]
Batches:  84%|████████▍ | 801/955 [00:27<00:02, 52.59it/s]
Batches:  85%|████████▍ | 811/955 [00:27<00:02, 60.77it/s]
Batches:  86%|████████▌ | 820/955 [00:27<00:02, 66.87it/s]
Batches:  87%|████████▋ | 830/955 [00:27<00:01, 73.15it/s]
Batches:  88%|████████▊ | 840/955 [00:28<00:01, 79.09it/s]
Batches:  89%|████████▉ | 850/955 [00:28<00:01, 84.24it/s]
Batches:  90%|█████████ | 860/955 [00:28<00:01, 88.27it/s]
Batches:  91%|█████████ | 870/955 [00:28<00:00, 90.91it/s]
Batches:  92%|█████████▏| 880/955 [00:28<00:00, 93.33it/s]
Batches:  93%|█████████▎| 891/955 [00:28<00:00, 96.06it/s]
Batches:  94%|█████████▍| 902/955 [00:28<00:00, 97.70it/s]
Batches:  95%|█████████▌| 912/955 [00:28<00:00, 98.16it/s]
Batches:  97%|█████████▋| 922/955 [00:28<00:00, 98.12it/s]
Batches:  98%|█████████▊| 932/955 [00:29<00:00, 98.21it/s]
Batches:  99%|█████████▊| 942/955 [00:29<00:00, 97.66it/s]
Batches: 100%|█████████▉| 953/955 [00:29<00:00, 98.24it/s]
Batches: 100%|██████████| 955/955 [00:29<00:00, 32.66it/s]
[ace] retrieving
[embed] encoding 500 texts on device=cuda:0

Batches:   0%|          | 0/8 [00:00<?, ?it/s]
Batches:  50%|█████     | 4/8 [00:00<00:00, 33.88it/s]
Batches: 100%|██████████| 8/8 [00:00<00:00, 38.77it/s]
[density] loading reader once
`torch_dtype` is deprecated! Use `dtype` instead!

Loading checkpoint shards:   0%|          | 0/2 [00:00<?, ?it/s]
Loading checkpoint shards:  50%|█████     | 1/2 [00:02<00:02,  2.48s/it]
Loading checkpoint shards: 100%|██████████| 2/2 [00:03<00:00,  1.83s/it]
Loading checkpoint shards: 100%|██████████| 2/2 [00:03<00:00,  1.93s/it]
[reader] loaded Qwen/Qwen2.5-3B-Instruct (device_map=None, 4bit=False) entry=cuda:0
[density] materializing policy=chunk_packed_160
[density] generating policy=chunk_packed_160
The following generation flags are not valid and may be ignored: ['temperature', 'top_p', 'top_k']. Set `TRANSFORMERS_VERBOSITY=info` for more details.
[reader] generated 2/500
[reader] generated 4/500
[reader] generated 6/500
[reader] generated 8/500
[reader] generated 10/500
[reader] generated 12/500
[reader] generated 14/500
[reader] generated 16/500
[reader] generated 18/500
[reader] generated 20/500
[reader] generated 22/500
[reader] generated 24/500
[reader] generated 26/500
[reader] generated 28/500
[reader] generated 30/500
[reader] generated 32/500
[reader] generated 34/500
[reader] generated 36/500
[reader] generated 38/500
[reader] generated 40/500
[reader] generated 42/500
[reader] generated 44/500
[reader] generated 46/500
[reader] generated 48/500
[reader] generated 50/500
[reader] generated 52/500
[reader] generated 54/500
[reader] generated 56/500
[reader] generated 58/500
[reader] generated 60/500
[reader] generated 62/500
[reader] generated 64/500
[reader] generated 66/500
[reader] generated 68/500
[reader] generated 70/500
[reader] generated 72/500
[reader] generated 74/500
[reader] generated 76/500
[reader] generated 78/500
[reader] generated 80/500
[reader] generated 82/500
[reader] generated 84/500
[reader] generated 86/500
[reader] generated 88/500
[reader] generated 90/500
[reader] generated 92/500
[reader] generated 94/500
[reader] generated 96/500
[reader] generated 98/500
[reader] generated 100/500
[reader] generated 102/500
[reader] generated 104/500
[reader] generated 106/500
[reader] generated 108/500
[reader] generated 110/500
[reader] generated 112/500
[reader] generated 114/500
[reader] generated 116/500
[reader] generated 118/500
[reader] generated 120/500
[reader] generated 122/500
[reader] generated 124/500
[reader] generated 126/500
[reader] generated 128/500
[reader] generated 130/500
[reader] generated 132/500
[reader] generated 134/500
[reader] generated 136/500
[reader] generated 138/500
[reader] generated 140/500
[reader] generated 142/500
[reader] generated 144/500
[reader] generated 146/500
[reader] generated 148/500
[reader] generated 150/500
[reader] generated 152/500
[reader] generated 154/500
[reader] generated 156/500
[reader] generated 158/500
[reader] generated 160/500
[reader] generated 162/500
[reader] generated 164/500
[reader] generated 166/500
[reader] generated 168/500
[reader] generated 170/500
[reader] generated 172/500
[reader] generated 174/500
[reader] generated 176/500
[reader] generated 178/500
[reader] generated 180/500
[reader] generated 182/500
[reader] generated 184/500
[reader] generated 186/500
[reader] generated 188/500
[reader] generated 190/500
[reader] generated 192/500
[reader] generated 194/500
[reader] generated 196/500
[reader] generated 198/500
[reader] generated 200/500
[reader] generated 202/500
[reader] generated 204/500
[reader] generated 206/500
[reader] generated 208/500
[reader] generated 210/500
[reader] generated 212/500
[reader] generated 214/500
[reader] generated 216/500
[reader] generated 218/500
[reader] generated 220/500
[reader] generated 222/500
[reader] generated 224/500
[reader] generated 226/500
[reader] generated 228/500
[reader] generated 230/500
[reader] generated 232/500
[reader] generated 234/500
[reader] generated 236/500
[reader] generated 238/500
[reader] generated 240/500
[reader] generated 242/500
[reader] generated 244/500
[reader] generated 246/500
[reader] generated 248/500
[reader] generated 250/500
[reader] generated 252/500
[reader] generated 254/500
[reader] generated 256/500
[reader] generated 258/500
[reader] generated 260/500
[reader] generated 262/500
[reader] generated 264/500
[reader] generated 266/500
[reader] generated 268/500
[reader] generated 270/500
[reader] generated 272/500
[reader] generated 274/500
[reader] generated 276/500
[reader] generated 278/500
[reader] generated 280/500
[reader] generated 282/500
[reader] generated 284/500
[reader] generated 286/500
[reader] generated 288/500
[reader] generated 290/500
[reader] generated 292/500
[reader] generated 294/500
[reader] generated 296/500
[reader] generated 298/500
[reader] generated 300/500
[reader] generated 302/500
[reader] generated 304/500
[reader] generated 306/500
[reader] generated 308/500
[reader] generated 310/500
[reader] generated 312/500
[reader] generated 314/500
[reader] generated 316/500
[reader] generated 318/500
[reader] generated 320/500
[reader] generated 322/500
[reader] generated 324/500
[reader] generated 326/500
[reader] generated 328/500
[reader] generated 330/500
[reader] generated 332/500
[reader] generated 334/500
[reader] generated 336/500
[reader] generated 338/500
[reader] generated 340/500
[reader] generated 342/500
[reader] generated 344/500
[reader] generated 346/500
[reader] generated 348/500
[reader] generated 350/500
[reader] generated 352/500
[reader] generated 354/500
[reader] generated 356/500
[reader] generated 358/500
[reader] generated 360/500
[reader] generated 362/500
[reader] generated 364/500
[reader] generated 366/500
[reader] generated 368/500
[reader] generated 370/500
[reader] generated 372/500
[reader] generated 374/500
[reader] generated 376/500
[reader] generated 378/500
[reader] generated 380/500
[reader] generated 382/500
[reader] generated 384/500
[reader] generated 386/500
[reader] generated 388/500
[reader] generated 390/500
[reader] generated 392/500
[reader] generated 394/500
[reader] generated 396/500
[reader] generated 398/500
[reader] generated 400/500
[reader] generated 402/500
[reader] generated 404/500
[reader] generated 406/500
[reader] generated 408/500
[reader] generated 410/500
[reader] generated 412/500
[reader] generated 414/500
[reader] generated 416/500
[reader] generated 418/500
[reader] generated 420/500
[reader] generated 422/500
[reader] generated 424/500
[reader] generated 426/500
[reader] generated 428/500
[reader] generated 430/500
[reader] generated 432/500
[reader] generated 434/500
[reader] generated 436/500
[reader] generated 438/500
[reader] generated 440/500
[reader] generated 442/500
[reader] generated 444/500
[reader] generated 446/500
[reader] generated 448/500
[reader] generated 450/500
[reader] generated 452/500
[reader] generated 454/500
[reader] generated 456/500
[reader] generated 458/500
[reader] generated 460/500
[reader] generated 462/500
[reader] generated 464/500
[reader] generated 466/500
[reader] generated 468/500
[reader] generated 470/500
[reader] generated 472/500
[reader] generated 474/500
[reader] generated 476/500
[reader] generated 478/500
[reader] generated 480/500
[reader] generated 482/500
[reader] generated 484/500
[reader] generated 486/500
[reader] generated 488/500
[reader] generated 490/500
[reader] generated 492/500
[reader] generated 494/500
[reader] generated 496/500
[reader] generated 498/500
[reader] generated 500/500
[density] policy=chunk_packed_160, router_type=fixed, representation=chunk, packer=packed, reader_model=Qwen/Qwen2.5-3B-Instruct, packed_token_budget=160, recall@1=0.294, all_gold@1=0.008, recall@2=0.36, all_gold@2=0.04, recall@5=0.506, all_gold@5=0.184, qwen_em=0.088, qwen_f1=0.1373, avg_reader_evidence_tokens=146.43, mean_ans_in_context=0.224, mean_ans_in_context_soft=0.3629, mean_gold_token_density=0.2301, mean_gold_doc_reader_cov=0.36, mean_all_gold_reader=0.078, mean_distractor_docs=2.358, mean_context_tokens=146.428, mean_n_snippets=3.234
[density] materializing policy=chunk_focused_160
[density] generating policy=chunk_focused_160
[reader] generated 2/500
[reader] generated 4/500
[reader] generated 6/500
[reader] generated 8/500
[reader] generated 10/500
[reader] generated 12/500
[reader] generated 14/500
[reader] generated 16/500
[reader] generated 18/500
[reader] generated 20/500
[reader] generated 22/500
[reader] generated 24/500
[reader] generated 26/500
[reader] generated 28/500
[reader] generated 30/500
[reader] generated 32/500
[reader] generated 34/500
[reader] generated 36/500
[reader] generated 38/500
[reader] generated 40/500
[reader] generated 42/500
[reader] generated 44/500
[reader] generated 46/500
[reader] generated 48/500
[reader] generated 50/500
[reader] generated 52/500
[reader] generated 54/500
[reader] generated 56/500
[reader] generated 58/500
[reader] generated 60/500
[reader] generated 62/500
[reader] generated 64/500
[reader] generated 66/500
[reader] generated 68/500
[reader] generated 70/500
[reader] generated 72/500
[reader] generated 74/500
[reader] generated 76/500
[reader] generated 78/500
[reader] generated 80/500
[reader] generated 82/500
[reader] generated 84/500
[reader] generated 86/500
[reader] generated 88/500
[reader] generated 90/500
[reader] generated 92/500
[reader] generated 94/500
[reader] generated 96/500
[reader] generated 98/500
[reader] generated 100/500
[reader] generated 102/500
[reader] generated 104/500
[reader] generated 106/500
[reader] generated 108/500
[reader] generated 110/500
[reader] generated 112/500
[reader] generated 114/500
[reader] generated 116/500
[reader] generated 118/500
[reader] generated 120/500
[reader] generated 122/500
[reader] generated 124/500
[reader] generated 126/500
[reader] generated 128/500
[reader] generated 130/500
[reader] generated 132/500
[reader] generated 134/500
[reader] generated 136/500
[reader] generated 138/500
[reader] generated 140/500
[reader] generated 142/500
[reader] generated 144/500
[reader] generated 146/500
[reader] generated 148/500
[reader] generated 150/500
[reader] generated 152/500
[reader] generated 154/500
[reader] generated 156/500
[reader] generated 158/500
[reader] generated 160/500
[reader] generated 162/500
[reader] generated 164/500
[reader] generated 166/500
[reader] generated 168/500
[reader] generated 170/500
[reader] generated 172/500
[reader] generated 174/500
[reader] generated 176/500
[reader] generated 178/500
[reader] generated 180/500
[reader] generated 182/500
[reader] generated 184/500
[reader] generated 186/500
[reader] generated 188/500
[reader] generated 190/500
[reader] generated 192/500
[reader] generated 194/500
[reader] generated 196/500
[reader] generated 198/500
[reader] generated 200/500
[reader] generated 202/500
[reader] generated 204/500
[reader] generated 206/500
[reader] generated 208/500
[reader] generated 210/500
[reader] generated 212/500
[reader] generated 214/500
[reader] generated 216/500
[reader] generated 218/500
[reader] generated 220/500
[reader] generated 222/500
[reader] generated 224/500
[reader] generated 226/500
[reader] generated 228/500
[reader] generated 230/500
[reader] generated 232/500
[reader] generated 234/500
[reader] generated 236/500
[reader] generated 238/500
[reader] generated 240/500
[reader] generated 242/500
[reader] generated 244/500
[reader] generated 246/500
[reader] generated 248/500
[reader] generated 250/500
[reader] generated 252/500
[reader] generated 254/500
[reader] generated 256/500
[reader] generated 258/500
[reader] generated 260/500
[reader] generated 262/500
[reader] generated 264/500
[reader] generated 266/500
[reader] generated 268/500
[reader] generated 270/500
[reader] generated 272/500
[reader] generated 274/500
[reader] generated 276/500
[reader] generated 278/500
[reader] generated 280/500
[reader] generated 282/500
[reader] generated 284/500
[reader] generated 286/500
[reader] generated 288/500
[reader] generated 290/500
[reader] generated 292/500
[reader] generated 294/500
[reader] generated 296/500
[reader] generated 298/500
[reader] generated 300/500
[reader] generated 302/500
[reader] generated 304/500
[reader] generated 306/500
[reader] generated 308/500
[reader] generated 310/500
[reader] generated 312/500
[reader] generated 314/500
[reader] generated 316/500
[reader] generated 318/500
[reader] generated 320/500
[reader] generated 322/500
[reader] generated 324/500
[reader] generated 326/500
[reader] generated 328/500
[reader] generated 330/500
[reader] generated 332/500
[reader] generated 334/500
[reader] generated 336/500
[reader] generated 338/500
[reader] generated 340/500
[reader] generated 342/500
[reader] generated 344/500
[reader] generated 346/500
[reader] generated 348/500
[reader] generated 350/500
[reader] generated 352/500
[reader] generated 354/500
[reader] generated 356/500
[reader] generated 358/500
[reader] generated 360/500
[reader] generated 362/500
[reader] generated 364/500
[reader] generated 366/500
[reader] generated 368/500
[reader] generated 370/500
[reader] generated 372/500
[reader] generated 374/500
[reader] generated 376/500
[reader] generated 378/500
[reader] generated 380/500
[reader] generated 382/500
[reader] generated 384/500
[reader] generated 386/500
[reader] generated 388/500
[reader] generated 390/500
[reader] generated 392/500
[reader] generated 394/500
[reader] generated 396/500
[reader] generated 398/500
[reader] generated 400/500
[reader] generated 402/500
[reader] generated 404/500
[reader] generated 406/500
[reader] generated 408/500
[reader] generated 410/500
[reader] generated 412/500
[reader] generated 414/500
[reader] generated 416/500
[reader] generated 418/500
[reader] generated 420/500
[reader] generated 422/500
[reader] generated 424/500
[reader] generated 426/500
[reader] generated 428/500
[reader] generated 430/500
[reader] generated 432/500
[reader] generated 434/500
[reader] generated 436/500
[reader] generated 438/500
[reader] generated 440/500
[reader] generated 442/500
[reader] generated 444/500
[reader] generated 446/500
[reader] generated 448/500
[reader] generated 450/500
[reader] generated 452/500
[reader] generated 454/500
[reader] generated 456/500
[reader] generated 458/500
[reader] generated 460/500
[reader] generated 462/500
[reader] generated 464/500
[reader] generated 466/500
[reader] generated 468/500
[reader] generated 470/500
[reader] generated 472/500
[reader] generated 474/500
[reader] generated 476/500
[reader] generated 478/500
[reader] generated 480/500
[reader] generated 482/500
[reader] generated 484/500
[reader] generated 486/500
[reader] generated 488/500
[reader] generated 490/500
[reader] generated 492/500
[reader] generated 494/500
[reader] generated 496/500
[reader] generated 498/500
[reader] generated 500/500
[density] policy=chunk_focused_160, router_type=fixed, representation=chunk, packer=focused, reader_model=Qwen/Qwen2.5-3B-Instruct, packed_token_budget=160, recall@1=0.294, all_gold@1=0.008, recall@2=0.36, all_gold@2=0.04, recall@5=0.506, all_gold@5=0.184, qwen_em=0.07, qwen_f1=0.1236, avg_reader_evidence_tokens=146.19, mean_ans_in_context=0.216, mean_ans_in_context_soft=0.3715, mean_gold_token_density=0.2756, mean_gold_doc_reader_cov=0.372, mean_all_gold_reader=0.078, mean_distractor_docs=2.032, mean_context_tokens=146.186, mean_n_snippets=2.934
[density] materializing policy=chunk_mmr_160
[density] generating policy=chunk_mmr_160
[reader] generated 2/500
[reader] generated 4/500
[reader] generated 6/500
[reader] generated 8/500
[reader] generated 10/500
[reader] generated 12/500
[reader] generated 14/500
[reader] generated 16/500
[reader] generated 18/500
[reader] generated 20/500
[reader] generated 22/500
[reader] generated 24/500
[reader] generated 26/500
[reader] generated 28/500
[reader] generated 30/500
[reader] generated 32/500
[reader] generated 34/500
[reader] generated 36/500
[reader] generated 38/500
[reader] generated 40/500
[reader] generated 42/500
[reader] generated 44/500
[reader] generated 46/500
[reader] generated 48/500
[reader] generated 50/500
[reader] generated 52/500
[reader] generated 54/500
[reader] generated 56/500
[reader] generated 58/500
[reader] generated 60/500
[reader] generated 62/500
[reader] generated 64/500
[reader] generated 66/500
[reader] generated 68/500
[reader] generated 70/500
[reader] generated 72/500
[reader] generated 74/500
[reader] generated 76/500
[reader] generated 78/500
[reader] generated 80/500
[reader] generated 82/500
[reader] generated 84/500
[reader] generated 86/500
[reader] generated 88/500
[reader] generated 90/500
[reader] generated 92/500
[reader] generated 94/500
[reader] generated 96/500
[reader] generated 98/500
[reader] generated 100/500
[reader] generated 102/500
[reader] generated 104/500
[reader] generated 106/500
[reader] generated 108/500
[reader] generated 110/500
[reader] generated 112/500
[reader] generated 114/500
[reader] generated 116/500
[reader] generated 118/500
[reader] generated 120/500
[reader] generated 122/500
[reader] generated 124/500
[reader] generated 126/500
[reader] generated 128/500
[reader] generated 130/500
[reader] generated 132/500
[reader] generated 134/500
[reader] generated 136/500
[reader] generated 138/500
[reader] generated 140/500
[reader] generated 142/500
[reader] generated 144/500
[reader] generated 146/500
[reader] generated 148/500
[reader] generated 150/500
[reader] generated 152/500
[reader] generated 154/500
[reader] generated 156/500
[reader] generated 158/500
[reader] generated 160/500
[reader] generated 162/500
[reader] generated 164/500
[reader] generated 166/500
[reader] generated 168/500
[reader] generated 170/500
[reader] generated 172/500
[reader] generated 174/500
[reader] generated 176/500
[reader] generated 178/500
[reader] generated 180/500
[reader] generated 182/500
[reader] generated 184/500
[reader] generated 186/500
[reader] generated 188/500
[reader] generated 190/500
[reader] generated 192/500
[reader] generated 194/500
[reader] generated 196/500
[reader] generated 198/500
[reader] generated 200/500
[reader] generated 202/500
[reader] generated 204/500
[reader] generated 206/500
[reader] generated 208/500
[reader] generated 210/500
[reader] generated 212/500
[reader] generated 214/500
[reader] generated 216/500
[reader] generated 218/500
[reader] generated 220/500
[reader] generated 222/500
[reader] generated 224/500
[reader] generated 226/500
[reader] generated 228/500
[reader] generated 230/500
[reader] generated 232/500
[reader] generated 234/500
[reader] generated 236/500
[reader] generated 238/500
[reader] generated 240/500
[reader] generated 242/500
[reader] generated 244/500
[reader] generated 246/500
[reader] generated 248/500
[reader] generated 250/500
[reader] generated 252/500
[reader] generated 254/500
[reader] generated 256/500
[reader] generated 258/500
[reader] generated 260/500
[reader] generated 262/500
[reader] generated 264/500
[reader] generated 266/500
[reader] generated 268/500
[reader] generated 270/500
[reader] generated 272/500
[reader] generated 274/500
[reader] generated 276/500
[reader] generated 278/500
[reader] generated 280/500
[reader] generated 282/500
[reader] generated 284/500
[reader] generated 286/500
[reader] generated 288/500
[reader] generated 290/500
[reader] generated 292/500
[reader] generated 294/500
[reader] generated 296/500
[reader] generated 298/500
[reader] generated 300/500
[reader] generated 302/500
[reader] generated 304/500
[reader] generated 306/500
[reader] generated 308/500
[reader] generated 310/500
[reader] generated 312/500
[reader] generated 314/500
[reader] generated 316/500
[reader] generated 318/500
[reader] generated 320/500
[reader] generated 322/500
[reader] generated 324/500
[reader] generated 326/500
[reader] generated 328/500
[reader] generated 330/500
[reader] generated 332/500
[reader] generated 334/500
[reader] generated 336/500
[reader] generated 338/500
[reader] generated 340/500
[reader] generated 342/500
[reader] generated 344/500
[reader] generated 346/500
[reader] generated 348/500
[reader] generated 350/500
[reader] generated 352/500
[reader] generated 354/500
[reader] generated 356/500
[reader] generated 358/500
[reader] generated 360/500
[reader] generated 362/500
[reader] generated 364/500
[reader] generated 366/500
[reader] generated 368/500
[reader] generated 370/500
[reader] generated 372/500
[reader] generated 374/500
[reader] generated 376/500
[reader] generated 378/500
[reader] generated 380/500
[reader] generated 382/500
[reader] generated 384/500
[reader] generated 386/500
[reader] generated 388/500
[reader] generated 390/500
[reader] generated 392/500
[reader] generated 394/500
[reader] generated 396/500
[reader] generated 398/500
[reader] generated 400/500
[reader] generated 402/500
[reader] generated 404/500
[reader] generated 406/500
[reader] generated 408/500
[reader] generated 410/500
[reader] generated 412/500
[reader] generated 414/500
[reader] generated 416/500
[reader] generated 418/500
[reader] generated 420/500
[reader] generated 422/500
[reader] generated 424/500
[reader] generated 426/500
[reader] generated 428/500
[reader] generated 430/500
[reader] generated 432/500
[reader] generated 434/500
[reader] generated 436/500
[reader] generated 438/500
[reader] generated 440/500
[reader] generated 442/500
[reader] generated 444/500
[reader] generated 446/500
[reader] generated 448/500
[reader] generated 450/500
[reader] generated 452/500
[reader] generated 454/500
[reader] generated 456/500
[reader] generated 458/500
[reader] generated 460/500
[reader] generated 462/500
[reader] generated 464/500
[reader] generated 466/500
[reader] generated 468/500
[reader] generated 470/500
[reader] generated 472/500
[reader] generated 474/500
[reader] generated 476/500
[reader] generated 478/500
[reader] generated 480/500
[reader] generated 482/500
[reader] generated 484/500
[reader] generated 486/500
[reader] generated 488/500
[reader] generated 490/500
[reader] generated 492/500
[reader] generated 494/500
[reader] generated 496/500
[reader] generated 498/500
[reader] generated 500/500
[density] policy=chunk_mmr_160, router_type=fixed, representation=chunk, packer=mmr, reader_model=Qwen/Qwen2.5-3B-Instruct, packed_token_budget=160, recall@1=0.294, all_gold@1=0.008, recall@2=0.36, all_gold@2=0.04, recall@5=0.506, all_gold@5=0.184, qwen_em=0.064, qwen_f1=0.1231, avg_reader_evidence_tokens=146.95, mean_ans_in_context=0.192, mean_ans_in_context_soft=0.3422, mean_gold_token_density=0.2685, mean_gold_doc_reader_cov=0.325, mean_all_gold_reader=0.062, mean_distractor_docs=1.794, mean_context_tokens=146.95, mean_n_snippets=3.0
[density] materializing policy=chunk_submod_160
[density] generating policy=chunk_submod_160
[reader] generated 2/500
[reader] generated 4/500
[reader] generated 6/500
[reader] generated 8/500
[reader] generated 10/500
[reader] generated 12/500
[reader] generated 14/500
[reader] generated 16/500
[reader] generated 18/500
[reader] generated 20/500
[reader] generated 22/500
[reader] generated 24/500
[reader] generated 26/500
[reader] generated 28/500
[reader] generated 30/500
[reader] generated 32/500
[reader] generated 34/500
[reader] generated 36/500
[reader] generated 38/500
[reader] generated 40/500
[reader] generated 42/500
[reader] generated 44/500
[reader] generated 46/500
[reader] generated 48/500
[reader] generated 50/500
[reader] generated 52/500
[reader] generated 54/500
[reader] generated 56/500
[reader] generated 58/500
[reader] generated 60/500
[reader] generated 62/500
[reader] generated 64/500
[reader] generated 66/500
[reader] generated 68/500
[reader] generated 70/500
[reader] generated 72/500
[reader] generated 74/500
[reader] generated 76/500
[reader] generated 78/500
[reader] generated 80/500
[reader] generated 82/500
[reader] generated 84/500
[reader] generated 86/500
[reader] generated 88/500
[reader] generated 90/500
[reader] generated 92/500
[reader] generated 94/500
[reader] generated 96/500
[reader] generated 98/500
[reader] generated 100/500
[reader] generated 102/500
[reader] generated 104/500
[reader] generated 106/500
[reader] generated 108/500
[reader] generated 110/500
[reader] generated 112/500
[reader] generated 114/500
[reader] generated 116/500
[reader] generated 118/500
[reader] generated 120/500
[reader] generated 122/500
[reader] generated 124/500
[reader] generated 126/500
[reader] generated 128/500
[reader] generated 130/500
[reader] generated 132/500
[reader] generated 134/500
[reader] generated 136/500
[reader] generated 138/500
[reader] generated 140/500
[reader] generated 142/500
[reader] generated 144/500
[reader] generated 146/500
[reader] generated 148/500
[reader] generated 150/500
[reader] generated 152/500
[reader] generated 154/500
[reader] generated 156/500
[reader] generated 158/500
[reader] generated 160/500
[reader] generated 162/500
[reader] generated 164/500
[reader] generated 166/500
[reader] generated 168/500
[reader] generated 170/500
[reader] generated 172/500
[reader] generated 174/500
[reader] generated 176/500
[reader] generated 178/500
[reader] generated 180/500
[reader] generated 182/500
[reader] generated 184/500
[reader] generated 186/500
[reader] generated 188/500
[reader] generated 190/500
[reader] generated 192/500
[reader] generated 194/500
[reader] generated 196/500
[reader] generated 198/500
[reader] generated 200/500
[reader] generated 202/500
[reader] generated 204/500
[reader] generated 206/500
[reader] generated 208/500
[reader] generated 210/500
[reader] generated 212/500
[reader] generated 214/500
[reader] generated 216/500
[reader] generated 218/500
[reader] generated 220/500
[reader] generated 222/500
[reader] generated 224/500
[reader] generated 226/500
[reader] generated 228/500
[reader] generated 230/500
[reader] generated 232/500
[reader] generated 234/500
[reader] generated 236/500
[reader] generated 238/500
[reader] generated 240/500
[reader] generated 242/500
[reader] generated 244/500
[reader] generated 246/500
[reader] generated 248/500
[reader] generated 250/500
[reader] generated 252/500
[reader] generated 254/500
[reader] generated 256/500
[reader] generated 258/500
[reader] generated 260/500
[reader] generated 262/500
[reader] generated 264/500
[reader] generated 266/500
[reader] generated 268/500
[reader] generated 270/500
[reader] generated 272/500
[reader] generated 274/500
[reader] generated 276/500
[reader] generated 278/500
[reader] generated 280/500
[reader] generated 282/500
[reader] generated 284/500
[reader] generated 286/500
[reader] generated 288/500
[reader] generated 290/500
[reader] generated 292/500
[reader] generated 294/500
[reader] generated 296/500
[reader] generated 298/500
[reader] generated 300/500
[reader] generated 302/500
[reader] generated 304/500
[reader] generated 306/500
[reader] generated 308/500
[reader] generated 310/500
[reader] generated 312/500
[reader] generated 314/500
[reader] generated 316/500
[reader] generated 318/500
[reader] generated 320/500
[reader] generated 322/500
[reader] generated 324/500
[reader] generated 326/500
[reader] generated 328/500
[reader] generated 330/500
[reader] generated 332/500
[reader] generated 334/500
[reader] generated 336/500
[reader] generated 338/500
[reader] generated 340/500
[reader] generated 342/500
[reader] generated 344/500
[reader] generated 346/500
[reader] generated 348/500
[reader] generated 350/500
[reader] generated 352/500
[reader] generated 354/500
[reader] generated 356/500
[reader] generated 358/500
[reader] generated 360/500
[reader] generated 362/500
[reader] generated 364/500
[reader] generated 366/500
[reader] generated 368/500
[reader] generated 370/500
[reader] generated 372/500
[reader] generated 374/500
[reader] generated 376/500
[reader] generated 378/500
[reader] generated 380/500
[reader] generated 382/500
[reader] generated 384/500
[reader] generated 386/500
[reader] generated 388/500
[reader] generated 390/500
[reader] generated 392/500
[reader] generated 394/500
[reader] generated 396/500
[reader] generated 398/500
[reader] generated 400/500
[reader] generated 402/500
[reader] generated 404/500
[reader] generated 406/500
[reader] generated 408/500
[reader] generated 410/500
[reader] generated 412/500
[reader] generated 414/500
[reader] generated 416/500
[reader] generated 418/500
[reader] generated 420/500
[reader] generated 422/500
[reader] generated 424/500
[reader] generated 426/500
[reader] generated 428/500
[reader] generated 430/500
[reader] generated 432/500
[reader] generated 434/500
[reader] generated 436/500
[reader] generated 438/500
[reader] generated 440/500
[reader] generated 442/500
[reader] generated 444/500
[reader] generated 446/500
[reader] generated 448/500
[reader] generated 450/500
[reader] generated 452/500
[reader] generated 454/500
[reader] generated 456/500
[reader] generated 458/500
[reader] generated 460/500
[reader] generated 462/500
[reader] generated 464/500
[reader] generated 466/500
[reader] generated 468/500
[reader] generated 470/500
[reader] generated 472/500
[reader] generated 474/500
[reader] generated 476/500
[reader] generated 478/500
[reader] generated 480/500
[reader] generated 482/500
[reader] generated 484/500
[reader] generated 486/500
[reader] generated 488/500
[reader] generated 490/500
[reader] generated 492/500
[reader] generated 494/500
[reader] generated 496/500
[reader] generated 498/500
[reader] generated 500/500
[density] policy=chunk_submod_160, router_type=fixed, representation=chunk, packer=submod, reader_model=Qwen/Qwen2.5-3B-Instruct, packed_token_budget=160, recall@1=0.294, all_gold@1=0.008, recall@2=0.36, all_gold@2=0.04, recall@5=0.506, all_gold@5=0.184, qwen_em=0.08, qwen_f1=0.1343, avg_reader_evidence_tokens=139.35, mean_ans_in_context=0.178, mean_ans_in_context_soft=0.3268, mean_gold_token_density=0.2581, mean_gold_doc_reader_cov=0.371, mean_all_gold_reader=0.08, mean_distractor_docs=2.218, mean_context_tokens=139.354, mean_n_snippets=4.038
[density] materializing policy=ace_focused_160
[density] generating policy=ace_focused_160
[reader] generated 2/500
[reader] generated 4/500
[reader] generated 6/500
[reader] generated 8/500
[reader] generated 10/500
[reader] generated 12/500
[reader] generated 14/500
[reader] generated 16/500
[reader] generated 18/500
[reader] generated 20/500
[reader] generated 22/500
[reader] generated 24/500
[reader] generated 26/500
[reader] generated 28/500
[reader] generated 30/500
[reader] generated 32/500
[reader] generated 34/500
[reader] generated 36/500
[reader] generated 38/500
[reader] generated 40/500
[reader] generated 42/500
[reader] generated 44/500
[reader] generated 46/500
[reader] generated 48/500
[reader] generated 50/500
[reader] generated 52/500
[reader] generated 54/500
[reader] generated 56/500
[reader] generated 58/500
[reader] generated 60/500
[reader] generated 62/500
[reader] generated 64/500
[reader] generated 66/500
[reader] generated 68/500
[reader] generated 70/500
[reader] generated 72/500
[reader] generated 74/500
[reader] generated 76/500
[reader] generated 78/500
[reader] generated 80/500
[reader] generated 82/500
[reader] generated 84/500
[reader] generated 86/500
[reader] generated 88/500
[reader] generated 90/500
[reader] generated 92/500
[reader] generated 94/500
[reader] generated 96/500
[reader] generated 98/500
[reader] generated 100/500
[reader] generated 102/500
[reader] generated 104/500
[reader] generated 106/500
[reader] generated 108/500
[reader] generated 110/500
[reader] generated 112/500
[reader] generated 114/500
[reader] generated 116/500
[reader] generated 118/500
[reader] generated 120/500
[reader] generated 122/500
[reader] generated 124/500
[reader] generated 126/500
[reader] generated 128/500
[reader] generated 130/500
[reader] generated 132/500
[reader] generated 134/500
[reader] generated 136/500
[reader] generated 138/500
[reader] generated 140/500
[reader] generated 142/500
[reader] generated 144/500
[reader] generated 146/500
[reader] generated 148/500
[reader] generated 150/500
[reader] generated 152/500
[reader] generated 154/500
[reader] generated 156/500
[reader] generated 158/500
[reader] generated 160/500
[reader] generated 162/500
[reader] generated 164/500
[reader] generated 166/500
[reader] generated 168/500
[reader] generated 170/500
[reader] generated 172/500
[reader] generated 174/500
[reader] generated 176/500
[reader] generated 178/500
[reader] generated 180/500
[reader] generated 182/500
[reader] generated 184/500
[reader] generated 186/500
[reader] generated 188/500
[reader] generated 190/500
[reader] generated 192/500
[reader] generated 194/500
[reader] generated 196/500
[reader] generated 198/500
[reader] generated 200/500
[reader] generated 202/500
[reader] generated 204/500
[reader] generated 206/500
[reader] generated 208/500
[reader] generated 210/500
[reader] generated 212/500
[reader] generated 214/500
[reader] generated 216/500
[reader] generated 218/500
[reader] generated 220/500
[reader] generated 222/500
[reader] generated 224/500
[reader] generated 226/500
[reader] generated 228/500
[reader] generated 230/500
[reader] generated 232/500
[reader] generated 234/500
[reader] generated 236/500
[reader] generated 238/500
[reader] generated 240/500
[reader] generated 242/500
[reader] generated 244/500
[reader] generated 246/500
[reader] generated 248/500
[reader] generated 250/500
[reader] generated 252/500
[reader] generated 254/500
[reader] generated 256/500
[reader] generated 258/500
[reader] generated 260/500
[reader] generated 262/500
[reader] generated 264/500
[reader] generated 266/500
[reader] generated 268/500
[reader] generated 270/500
[reader] generated 272/500
[reader] generated 274/500
[reader] generated 276/500
[reader] generated 278/500
[reader] generated 280/500
[reader] generated 282/500
[reader] generated 284/500
[reader] generated 286/500
[reader] generated 288/500
[reader] generated 290/500
[reader] generated 292/500
[reader] generated 294/500
[reader] generated 296/500
[reader] generated 298/500
[reader] generated 300/500
[reader] generated 302/500
[reader] generated 304/500
[reader] generated 306/500
[reader] generated 308/500
[reader] generated 310/500
[reader] generated 312/500
[reader] generated 314/500
[reader] generated 316/500
[reader] generated 318/500
[reader] generated 320/500
[reader] generated 322/500
[reader] generated 324/500
[reader] generated 326/500
[reader] generated 328/500
[reader] generated 330/500
[reader] generated 332/500
[reader] generated 334/500
[reader] generated 336/500
[reader] generated 338/500
[reader] generated 340/500
[reader] generated 342/500
[reader] generated 344/500
[reader] generated 346/500
[reader] generated 348/500
[reader] generated 350/500
[reader] generated 352/500
[reader] generated 354/500
[reader] generated 356/500
[reader] generated 358/500
[reader] generated 360/500
[reader] generated 362/500
[reader] generated 364/500
[reader] generated 366/500
[reader] generated 368/500
[reader] generated 370/500
[reader] generated 372/500
[reader] generated 374/500
[reader] generated 376/500
[reader] generated 378/500
[reader] generated 380/500
[reader] generated 382/500
[reader] generated 384/500
[reader] generated 386/500
[reader] generated 388/500
[reader] generated 390/500
[reader] generated 392/500
[reader] generated 394/500
[reader] generated 396/500
[reader] generated 398/500
[reader] generated 400/500
[reader] generated 402/500
[reader] generated 404/500
[reader] generated 406/500
[reader] generated 408/500
[reader] generated 410/500
[reader] generated 412/500
[reader] generated 414/500
[reader] generated 416/500
[reader] generated 418/500
[reader] generated 420/500
[reader] generated 422/500
[reader] generated 424/500
[reader] generated 426/500
[reader] generated 428/500
[reader] generated 430/500
[reader] generated 432/500
[reader] generated 434/500
[reader] generated 436/500
[reader] generated 438/500
[reader] generated 440/500
[reader] generated 442/500
[reader] generated 444/500
[reader] generated 446/500
[reader] generated 448/500
[reader] generated 450/500
[reader] generated 452/500
[reader] generated 454/500
[reader] generated 456/500
[reader] generated 458/500
[reader] generated 460/500
[reader] generated 462/500
[reader] generated 464/500
[reader] generated 466/500
[reader] generated 468/500
[reader] generated 470/500
[reader] generated 472/500
[reader] generated 474/500
[reader] generated 476/500
[reader] generated 478/500
[reader] generated 480/500
[reader] generated 482/500
[reader] generated 484/500
[reader] generated 486/500
[reader] generated 488/500
[reader] generated 490/500
[reader] generated 492/500
[reader] generated 494/500
[reader] generated 496/500
[reader] generated 498/500
[reader] generated 500/500
[density] policy=ace_focused_160, router_type=fixed, representation=ace, packer=focused, reader_model=Qwen/Qwen2.5-3B-Instruct, packed_token_budget=160, recall@1=0.281, all_gold@1=0.004, recall@2=0.359, all_gold@2=0.04, recall@5=0.481, all_gold@5=0.142, qwen_em=0.084, qwen_f1=0.1501, avg_reader_evidence_tokens=145.27, mean_ans_in_context=0.216, mean_ans_in_context_soft=0.3589, mean_gold_token_density=0.2481, mean_gold_doc_reader_cov=0.388, mean_all_gold_reader=0.086, mean_distractor_docs=2.542, mean_context_tokens=145.27, mean_n_snippets=3.65
[density] materializing policy=ace_mmr_160
[density] generating policy=ace_mmr_160
[reader] generated 2/500
[reader] generated 4/500
[reader] generated 6/500
[reader] generated 8/500
[reader] generated 10/500
[reader] generated 12/500
[reader] generated 14/500
[reader] generated 16/500
[reader] generated 18/500
[reader] generated 20/500
[reader] generated 22/500
[reader] generated 24/500
[reader] generated 26/500
[reader] generated 28/500
[reader] generated 30/500
[reader] generated 32/500
[reader] generated 34/500
[reader] generated 36/500
[reader] generated 38/500
[reader] generated 40/500
[reader] generated 42/500
[reader] generated 44/500
[reader] generated 46/500
[reader] generated 48/500
[reader] generated 50/500
[reader] generated 52/500
[reader] generated 54/500
[reader] generated 56/500
[reader] generated 58/500
[reader] generated 60/500
[reader] generated 62/500
[reader] generated 64/500
[reader] generated 66/500
[reader] generated 68/500
[reader] generated 70/500
[reader] generated 72/500
[reader] generated 74/500
[reader] generated 76/500
[reader] generated 78/500
[reader] generated 80/500
[reader] generated 82/500
[reader] generated 84/500
[reader] generated 86/500
[reader] generated 88/500
[reader] generated 90/500
[reader] generated 92/500
[reader] generated 94/500
[reader] generated 96/500
[reader] generated 98/500
[reader] generated 100/500
[reader] generated 102/500
[reader] generated 104/500
[reader] generated 106/500
[reader] generated 108/500
[reader] generated 110/500
[reader] generated 112/500
[reader] generated 114/500
[reader] generated 116/500
[reader] generated 118/500
[reader] generated 120/500
[reader] generated 122/500
[reader] generated 124/500
[reader] generated 126/500
[reader] generated 128/500
[reader] generated 130/500
[reader] generated 132/500
[reader] generated 134/500
[reader] generated 136/500
[reader] generated 138/500
[reader] generated 140/500
[reader] generated 142/500
[reader] generated 144/500
[reader] generated 146/500
[reader] generated 148/500
[reader] generated 150/500
[reader] generated 152/500
[reader] generated 154/500
[reader] generated 156/500
[reader] generated 158/500
[reader] generated 160/500
[reader] generated 162/500
[reader] generated 164/500
[reader] generated 166/500
[reader] generated 168/500
[reader] generated 170/500
[reader] generated 172/500
[reader] generated 174/500
[reader] generated 176/500
[reader] generated 178/500
[reader] generated 180/500
[reader] generated 182/500
[reader] generated 184/500
[reader] generated 186/500
[reader] generated 188/500
[reader] generated 190/500
[reader] generated 192/500
[reader] generated 194/500
[reader] generated 196/500
[reader] generated 198/500
[reader] generated 200/500
[reader] generated 202/500
[reader] generated 204/500
[reader] generated 206/500
[reader] generated 208/500
[reader] generated 210/500
[reader] generated 212/500
[reader] generated 214/500
[reader] generated 216/500
[reader] generated 218/500
[reader] generated 220/500
[reader] generated 222/500
[reader] generated 224/500
[reader] generated 226/500
[reader] generated 228/500
[reader] generated 230/500
[reader] generated 232/500
[reader] generated 234/500
[reader] generated 236/500
[reader] generated 238/500
[reader] generated 240/500
[reader] generated 242/500
[reader] generated 244/500
[reader] generated 246/500
[reader] generated 248/500
[reader] generated 250/500
[reader] generated 252/500
[reader] generated 254/500
[reader] generated 256/500
[reader] generated 258/500
[reader] generated 260/500
[reader] generated 262/500
[reader] generated 264/500
[reader] generated 266/500
[reader] generated 268/500
[reader] generated 270/500
[reader] generated 272/500
[reader] generated 274/500
[reader] generated 276/500
[reader] generated 278/500
[reader] generated 280/500
[reader] generated 282/500
[reader] generated 284/500
[reader] generated 286/500
[reader] generated 288/500
[reader] generated 290/500
[reader] generated 292/500
[reader] generated 294/500
[reader] generated 296/500
[reader] generated 298/500
[reader] generated 300/500
[reader] generated 302/500
[reader] generated 304/500
[reader] generated 306/500
[reader] generated 308/500
[reader] generated 310/500
[reader] generated 312/500
[reader] generated 314/500
[reader] generated 316/500
[reader] generated 318/500
[reader] generated 320/500
[reader] generated 322/500
[reader] generated 324/500
[reader] generated 326/500
[reader] generated 328/500
[reader] generated 330/500
[reader] generated 332/500
[reader] generated 334/500
[reader] generated 336/500
[reader] generated 338/500
[reader] generated 340/500
[reader] generated 342/500
[reader] generated 344/500
[reader] generated 346/500
[reader] generated 348/500
[reader] generated 350/500
[reader] generated 352/500
[reader] generated 354/500
[reader] generated 356/500
[reader] generated 358/500
[reader] generated 360/500
[reader] generated 362/500
[reader] generated 364/500
[reader] generated 366/500
[reader] generated 368/500
[reader] generated 370/500
[reader] generated 372/500
[reader] generated 374/500
[reader] generated 376/500
[reader] generated 378/500
[reader] generated 380/500
[reader] generated 382/500
[reader] generated 384/500
[reader] generated 386/500
[reader] generated 388/500
[reader] generated 390/500
[reader] generated 392/500
[reader] generated 394/500
[reader] generated 396/500
[reader] generated 398/500
[reader] generated 400/500
[reader] generated 402/500
[reader] generated 404/500
[reader] generated 406/500
[reader] generated 408/500
[reader] generated 410/500
[reader] generated 412/500
[reader] generated 414/500
[reader] generated 416/500
[reader] generated 418/500
[reader] generated 420/500
[reader] generated 422/500
[reader] generated 424/500
[reader] generated 426/500
[reader] generated 428/500
[reader] generated 430/500
[reader] generated 432/500
[reader] generated 434/500
[reader] generated 436/500
[reader] generated 438/500
[reader] generated 440/500
[reader] generated 442/500
[reader] generated 444/500
[reader] generated 446/500
[reader] generated 448/500
[reader] generated 450/500
[reader] generated 452/500
[reader] generated 454/500
[reader] generated 456/500
[reader] generated 458/500
[reader] generated 460/500
[reader] generated 462/500
[reader] generated 464/500
[reader] generated 466/500
[reader] generated 468/500
[reader] generated 470/500
[reader] generated 472/500
[reader] generated 474/500
[reader] generated 476/500
[reader] generated 478/500
[reader] generated 480/500
[reader] generated 482/500
[reader] generated 484/500
[reader] generated 486/500
[reader] generated 488/500
[reader] generated 490/500
[reader] generated 492/500
[reader] generated 494/500
[reader] generated 496/500
[reader] generated 498/500
[reader] generated 500/500
[density] policy=ace_mmr_160, router_type=fixed, representation=ace, packer=mmr, reader_model=Qwen/Qwen2.5-3B-Instruct, packed_token_budget=160, recall@1=0.281, all_gold@1=0.004, recall@2=0.359, all_gold@2=0.04, recall@5=0.481, all_gold@5=0.142, qwen_em=0.084, qwen_f1=0.1484, avg_reader_evidence_tokens=144.93, mean_ans_in_context=0.208, mean_ans_in_context_soft=0.3462, mean_gold_token_density=0.2572, mean_gold_doc_reader_cov=0.351, mean_all_gold_reader=0.06, mean_distractor_docs=2.152, mean_context_tokens=144.926, mean_n_snippets=3.664
[density] materializing policy=ace_submod_160
[density] generating policy=ace_submod_160
[reader] generated 2/500
[reader] generated 4/500
[reader] generated 6/500
[reader] generated 8/500
[reader] generated 10/500
[reader] generated 12/500
[reader] generated 14/500
[reader] generated 16/500
[reader] generated 18/500
[reader] generated 20/500
[reader] generated 22/500
[reader] generated 24/500
[reader] generated 26/500
[reader] generated 28/500
[reader] generated 30/500
[reader] generated 32/500
[reader] generated 34/500
[reader] generated 36/500
[reader] generated 38/500
[reader] generated 40/500
[reader] generated 42/500
[reader] generated 44/500
[reader] generated 46/500
[reader] generated 48/500
[reader] generated 50/500
[reader] generated 52/500
[reader] generated 54/500
[reader] generated 56/500
[reader] generated 58/500
[reader] generated 60/500
[reader] generated 62/500
[reader] generated 64/500
[reader] generated 66/500
[reader] generated 68/500
[reader] generated 70/500
[reader] generated 72/500
[reader] generated 74/500
[reader] generated 76/500
[reader] generated 78/500
[reader] generated 80/500
[reader] generated 82/500
[reader] generated 84/500
[reader] generated 86/500
[reader] generated 88/500
[reader] generated 90/500
[reader] generated 92/500
[reader] generated 94/500
[reader] generated 96/500
[reader] generated 98/500
[reader] generated 100/500
[reader] generated 102/500
[reader] generated 104/500
[reader] generated 106/500
[reader] generated 108/500
[reader] generated 110/500
[reader] generated 112/500
[reader] generated 114/500
[reader] generated 116/500
[reader] generated 118/500
[reader] generated 120/500
[reader] generated 122/500
[reader] generated 124/500
[reader] generated 126/500
[reader] generated 128/500
[reader] generated 130/500
[reader] generated 132/500
[reader] generated 134/500
[reader] generated 136/500
[reader] generated 138/500
[reader] generated 140/500
[reader] generated 142/500
[reader] generated 144/500
[reader] generated 146/500
[reader] generated 148/500
[reader] generated 150/500
[reader] generated 152/500
[reader] generated 154/500
[reader] generated 156/500
[reader] generated 158/500
[reader] generated 160/500
[reader] generated 162/500
[reader] generated 164/500
[reader] generated 166/500
[reader] generated 168/500
[reader] generated 170/500
[reader] generated 172/500
[reader] generated 174/500
[reader] generated 176/500
[reader] generated 178/500
[reader] generated 180/500
[reader] generated 182/500
[reader] generated 184/500
[reader] generated 186/500
[reader] generated 188/500
[reader] generated 190/500
[reader] generated 192/500
[reader] generated 194/500
[reader] generated 196/500
[reader] generated 198/500
[reader] generated 200/500
[reader] generated 202/500
[reader] generated 204/500
[reader] generated 206/500
[reader] generated 208/500
[reader] generated 210/500
[reader] generated 212/500
[reader] generated 214/500
[reader] generated 216/500
[reader] generated 218/500
[reader] generated 220/500
[reader] generated 222/500
[reader] generated 224/500
[reader] generated 226/500
[reader] generated 228/500
[reader] generated 230/500
[reader] generated 232/500
[reader] generated 234/500
[reader] generated 236/500
[reader] generated 238/500
[reader] generated 240/500
[reader] generated 242/500
[reader] generated 244/500
[reader] generated 246/500
[reader] generated 248/500
[reader] generated 250/500
[reader] generated 252/500
[reader] generated 254/500
[reader] generated 256/500
[reader] generated 258/500
[reader] generated 260/500
[reader] generated 262/500
[reader] generated 264/500
[reader] generated 266/500
[reader] generated 268/500
[reader] generated 270/500
[reader] generated 272/500
[reader] generated 274/500
[reader] generated 276/500
[reader] generated 278/500
[reader] generated 280/500
[reader] generated 282/500
[reader] generated 284/500
[reader] generated 286/500
[reader] generated 288/500
[reader] generated 290/500
[reader] generated 292/500
[reader] generated 294/500
[reader] generated 296/500
[reader] generated 298/500
[reader] generated 300/500
[reader] generated 302/500
[reader] generated 304/500
[reader] generated 306/500
[reader] generated 308/500
[reader] generated 310/500
[reader] generated 312/500
[reader] generated 314/500
[reader] generated 316/500
[reader] generated 318/500
[reader] generated 320/500
[reader] generated 322/500
[reader] generated 324/500
[reader] generated 326/500
[reader] generated 328/500
[reader] generated 330/500
[reader] generated 332/500
[reader] generated 334/500
[reader] generated 336/500
[reader] generated 338/500
[reader] generated 340/500
[reader] generated 342/500
[reader] generated 344/500
[reader] generated 346/500
[reader] generated 348/500
[reader] generated 350/500
[reader] generated 352/500
[reader] generated 354/500
[reader] generated 356/500
[reader] generated 358/500
[reader] generated 360/500
[reader] generated 362/500
[reader] generated 364/500
[reader] generated 366/500
[reader] generated 368/500
[reader] generated 370/500
[reader] generated 372/500
[reader] generated 374/500
[reader] generated 376/500
[reader] generated 378/500
[reader] generated 380/500
[reader] generated 382/500
[reader] generated 384/500
[reader] generated 386/500
[reader] generated 388/500
[reader] generated 390/500
[reader] generated 392/500
[reader] generated 394/500
[reader] generated 396/500
[reader] generated 398/500
[reader] generated 400/500
[reader] generated 402/500
[reader] generated 404/500
[reader] generated 406/500
[reader] generated 408/500
[reader] generated 410/500
[reader] generated 412/500
[reader] generated 414/500
[reader] generated 416/500
[reader] generated 418/500
[reader] generated 420/500
[reader] generated 422/500
[reader] generated 424/500
[reader] generated 426/500
[reader] generated 428/500
[reader] generated 430/500
[reader] generated 432/500
[reader] generated 434/500
[reader] generated 436/500
[reader] generated 438/500
[reader] generated 440/500
[reader] generated 442/500
[reader] generated 444/500
[reader] generated 446/500
[reader] generated 448/500
[reader] generated 450/500
[reader] generated 452/500
[reader] generated 454/500
[reader] generated 456/500
[reader] generated 458/500
[reader] generated 460/500
[reader] generated 462/500
[reader] generated 464/500
[reader] generated 466/500
[reader] generated 468/500
[reader] generated 470/500
[reader] generated 472/500
[reader] generated 474/500
[reader] generated 476/500
[reader] generated 478/500
[reader] generated 480/500
[reader] generated 482/500
[reader] generated 484/500
[reader] generated 486/500
[reader] generated 488/500
[reader] generated 490/500
[reader] generated 492/500
[reader] generated 494/500
[reader] generated 496/500
[reader] generated 498/500
[reader] generated 500/500
[density] policy=ace_submod_160, router_type=fixed, representation=ace, packer=submod, reader_model=Qwen/Qwen2.5-3B-Instruct, packed_token_budget=160, recall@1=0.281, all_gold@1=0.004, recall@2=0.359, all_gold@2=0.04, recall@5=0.481, all_gold@5=0.142, qwen_em=0.082, qwen_f1=0.1412, avg_reader_evidence_tokens=142.85, mean_ans_in_context=0.194, mean_ans_in_context_soft=0.3358, mean_gold_token_density=0.2511, mean_gold_doc_reader_cov=0.358, mean_all_gold_reader=0.062, mean_distractor_docs=2.292, mean_context_tokens=142.852, mean_n_snippets=4.138
[density] policy=router_oracle_packer, router_type=oracle, representation=mixed, packer=oracle, reader_model=Qwen/Qwen2.5-3B-Instruct, packed_token_budget=160, selection_counts={"ace_focused_160": 71, "ace_mmr_160": 41, "ace_submod_160": 65, "chunk_focused_160": 102, "chunk_mmr_160": 37, "chunk_submod_160": 184}, qwen_em=0.162, qwen_f1=0.2509, avg_reader_evidence_tokens=133.63, mean_ans_in_context=0.252, mean_ans_in_context_soft=0.3883, mean_gold_token_density=0.2715, mean_gold_doc_reader_cov=0.36, mean_all_gold_reader=0.082, mean_distractor_docs=2.062, mean_context_tokens=133.63, mean_n_snippets=3.518
wrote /kaggle/working/colab_results/stage13_musique_qwen3b_budget160_limit500_seed13/musique_local_density_standard_budget160_limit500_metrics.csv
wrote /kaggle/working/colab_results/stage13_musique_qwen3b_budget160_limit500_seed13/musique_local_density_standard_budget160_limit500_per_question.csv
--- musique seed 7 ---
$ /usr/bin/python3 -m experiments.run_density_router --dataset musique_local --limit 500 --seed 7 --ace-retriever standard --top-k 5 --top-k-nodes 48 --max-expanded-docs 5 --embedder sentence-transformers --embedding-model BAAI/bge-small-en-v1.5 --embed-device cuda --compressor truncate --compress-dims 320 --reader-backend hf --reader-model Qwen/Qwen2.5-3B-Instruct --reader-device cuda --reader-batch-size 2 --mmr-lambda 0.7 --budget 160 --out-dir /kaggle/working/colab_results/stage13_musique_qwen3b_budget160_limit500_seed7 --musique-path /kaggle/input/datasets/anantonayan/musique-data/data/musique_ans_v1.0_dev.jsonl
musique_local[500]: 9363 docs, 500 questions, 1.97 gold docs/question
[density] retrieving chunk baseline
[chunk] fitting/indexing
[embed] encoding 9363 texts on device=cuda:0

Batches:   0%|          | 0/147 [00:00<?, ?it/s]
Batches:   1%|          | 1/147 [00:00<02:12,  1.10it/s]
Batches:   1%|▏         | 2/147 [00:01<01:44,  1.39it/s]
Batches:   2%|▏         | 3/147 [00:01<01:28,  1.63it/s]
Batches:   3%|▎         | 4/147 [00:02<01:15,  1.91it/s]
Batches:   3%|▎         | 5/147 [00:02<01:05,  2.18it/s]
Batches:   4%|▍         | 6/147 [00:03<01:01,  2.30it/s]
Batches:   5%|▍         | 7/147 [00:03<00:55,  2.51it/s]
Batches:   5%|▌         | 8/147 [00:03<00:51,  2.68it/s]
Batches:   6%|▌         | 9/147 [00:04<00:48,  2.85it/s]
Batches:   7%|▋         | 10/147 [00:04<00:45,  3.00it/s]
Batches:   7%|▋         | 11/147 [00:04<00:43,  3.09it/s]
Batches:   8%|▊         | 12/147 [00:04<00:41,  3.27it/s]
Batches:   9%|▉         | 13/147 [00:05<00:38,  3.44it/s]
Batches:  10%|▉         | 14/147 [00:05<00:36,  3.64it/s]
Batches:  10%|█         | 15/147 [00:05<00:35,  3.75it/s]
Batches:  11%|█         | 16/147 [00:05<00:34,  3.81it/s]
Batches:  12%|█▏        | 17/147 [00:06<00:36,  3.56it/s]
Batches:  12%|█▏        | 18/147 [00:06<00:34,  3.77it/s]
Batches:  13%|█▎        | 19/147 [00:06<00:32,  3.91it/s]
Batches:  14%|█▎        | 20/147 [00:06<00:31,  4.08it/s]
Batches:  14%|█▍        | 21/147 [00:07<00:31,  4.02it/s]
Batches:  15%|█▍        | 22/147 [00:07<00:30,  4.14it/s]
Batches:  16%|█▌        | 23/147 [00:07<00:27,  4.43it/s]
Batches:  16%|█▋        | 24/147 [00:07<00:26,  4.58it/s]
Batches:  17%|█▋        | 25/147 [00:07<00:25,  4.83it/s]
Batches:  18%|█▊        | 26/147 [00:08<00:24,  4.96it/s]
Batches:  18%|█▊        | 27/147 [00:08<00:23,  5.06it/s]
Batches:  19%|█▉        | 28/147 [00:08<00:24,  4.86it/s]
Batches:  20%|█▉        | 29/147 [00:08<00:23,  4.97it/s]
Batches:  20%|██        | 30/147 [00:08<00:22,  5.13it/s]
Batches:  21%|██        | 31/147 [00:09<00:22,  5.16it/s]
Batches:  22%|██▏       | 32/147 [00:09<00:22,  5.13it/s]
Batches:  22%|██▏       | 33/147 [00:09<00:21,  5.37it/s]
Batches:  23%|██▎       | 34/147 [00:09<00:21,  5.26it/s]
Batches:  24%|██▍       | 35/147 [00:09<00:20,  5.47it/s]
Batches:  24%|██▍       | 36/147 [00:10<00:19,  5.70it/s]
Batches:  25%|██▌       | 37/147 [00:10<00:19,  5.64it/s]
Batches:  26%|██▌       | 38/147 [00:10<00:18,  5.82it/s]
Batches:  27%|██▋       | 39/147 [00:10<00:19,  5.68it/s]
Batches:  27%|██▋       | 40/147 [00:10<00:18,  5.81it/s]
Batches:  28%|██▊       | 41/147 [00:10<00:18,  5.78it/s]
Batches:  29%|██▊       | 42/147 [00:11<00:17,  5.90it/s]
Batches:  29%|██▉       | 43/147 [00:11<00:17,  6.05it/s]
Batches:  30%|██▉       | 44/147 [00:11<00:17,  5.87it/s]
Batches:  31%|███       | 45/147 [00:11<00:17,  5.91it/s]
Batches:  31%|███▏      | 46/147 [00:11<00:16,  5.99it/s]
Batches:  32%|███▏      | 47/147 [00:11<00:16,  6.19it/s]
Batches:  33%|███▎      | 48/147 [00:12<00:16,  6.14it/s]
Batches:  33%|███▎      | 49/147 [00:12<00:15,  6.15it/s]
Batches:  34%|███▍      | 50/147 [00:12<00:15,  6.16it/s]
Batches:  35%|███▍      | 51/147 [00:12<00:15,  6.30it/s]
Batches:  35%|███▌      | 52/147 [00:12<00:14,  6.44it/s]
Batches:  36%|███▌      | 53/147 [00:12<00:14,  6.52it/s]
Batches:  37%|███▋      | 54/147 [00:12<00:14,  6.63it/s]
Batches:  37%|███▋      | 55/147 [00:13<00:13,  6.63it/s]
Batches:  38%|███▊      | 56/147 [00:13<00:13,  6.78it/s]
Batches:  39%|███▉      | 57/147 [00:13<00:13,  6.81it/s]
Batches:  39%|███▉      | 58/147 [00:13<00:13,  6.67it/s]
Batches:  40%|████      | 59/147 [00:13<00:13,  6.58it/s]
Batches:  41%|████      | 60/147 [00:13<00:13,  6.51it/s]
Batches:  41%|████▏     | 61/147 [00:13<00:13,  6.61it/s]
Batches:  42%|████▏     | 62/147 [00:14<00:11,  7.10it/s]
Batches:  43%|████▎     | 63/147 [00:14<00:11,  7.45it/s]
Batches:  44%|████▎     | 64/147 [00:14<00:10,  7.57it/s]
Batches:  44%|████▍     | 65/147 [00:14<00:10,  7.87it/s]
Batches:  45%|████▍     | 66/147 [00:14<00:10,  8.03it/s]
Batches:  46%|████▌     | 67/147 [00:14<00:09,  8.17it/s]
Batches:  46%|████▋     | 68/147 [00:14<00:09,  8.02it/s]
Batches:  47%|████▋     | 69/147 [00:14<00:09,  7.97it/s]
Batches:  48%|████▊     | 70/147 [00:15<00:09,  8.17it/s]
Batches:  48%|████▊     | 71/147 [00:15<00:09,  8.33it/s]
Batches:  49%|████▉     | 72/147 [00:15<00:08,  8.42it/s]
Batches:  50%|████▉     | 73/147 [00:15<00:08,  8.73it/s]
Batches:  50%|█████     | 74/147 [00:15<00:09,  7.80it/s]
Batches:  51%|█████     | 75/147 [00:15<00:08,  8.24it/s]
Batches:  52%|█████▏    | 76/147 [00:15<00:08,  8.27it/s]
Batches:  52%|█████▏    | 77/147 [00:15<00:08,  8.58it/s]
Batches:  53%|█████▎    | 78/147 [00:15<00:07,  8.87it/s]
Batches:  54%|█████▎    | 79/147 [00:16<00:07,  9.00it/s]
Batches:  54%|█████▍    | 80/147 [00:16<00:07,  9.17it/s]
Batches:  55%|█████▌    | 81/147 [00:16<00:07,  9.05it/s]
Batches:  56%|█████▌    | 82/147 [00:16<00:07,  9.14it/s]
Batches:  56%|█████▋    | 83/147 [00:16<00:06,  9.25it/s]
Batches:  57%|█████▋    | 84/147 [00:16<00:06,  9.36it/s]
Batches:  58%|█████▊    | 85/147 [00:16<00:06,  9.42it/s]
Batches:  59%|█████▊    | 86/147 [00:16<00:06,  9.47it/s]
Batches:  60%|█████▉    | 88/147 [00:17<00:06,  9.68it/s]
Batches:  61%|██████    | 90/147 [00:17<00:05,  9.94it/s]
Batches:  63%|██████▎   | 92/147 [00:17<00:05, 10.21it/s]
Batches:  64%|██████▍   | 94/147 [00:17<00:05, 10.47it/s]
Batches:  65%|██████▌   | 96/147 [00:17<00:04, 10.53it/s]
Batches:  67%|██████▋   | 98/147 [00:17<00:04, 10.40it/s]
Batches:  68%|██████▊   | 100/147 [00:18<00:04, 10.42it/s]
Batches:  69%|██████▉   | 102/147 [00:18<00:04, 10.76it/s]
Batches:  71%|███████   | 104/147 [00:18<00:03, 10.95it/s]
Batches:  72%|███████▏  | 106/147 [00:18<00:03, 10.91it/s]
Batches:  73%|███████▎  | 108/147 [00:18<00:03, 11.14it/s]
Batches:  75%|███████▍  | 110/147 [00:19<00:03, 11.60it/s]
Batches:  76%|███████▌  | 112/147 [00:19<00:02, 11.87it/s]
Batches:  78%|███████▊  | 114/147 [00:19<00:02, 12.12it/s]
Batches:  79%|███████▉  | 116/147 [00:19<00:02, 12.37it/s]
Batches:  80%|████████  | 118/147 [00:19<00:02, 12.54it/s]
Batches:  82%|████████▏ | 120/147 [00:19<00:02, 12.39it/s]
Batches:  83%|████████▎ | 122/147 [00:19<00:01, 12.89it/s]
Batches:  84%|████████▍ | 124/147 [00:20<00:01, 13.24it/s]
Batches:  86%|████████▌ | 126/147 [00:20<00:01, 14.08it/s]
Batches:  87%|████████▋ | 128/147 [00:20<00:01, 13.97it/s]
Batches:  88%|████████▊ | 130/147 [00:20<00:01, 14.02it/s]
Batches:  90%|████████▉ | 132/147 [00:20<00:01, 14.84it/s]
Batches:  91%|█████████ | 134/147 [00:20<00:00, 15.77it/s]
Batches:  93%|█████████▎| 136/147 [00:20<00:00, 16.81it/s]
Batches:  94%|█████████▍| 138/147 [00:20<00:00, 17.57it/s]
Batches:  96%|█████████▌| 141/147 [00:21<00:00, 18.41it/s]
Batches:  98%|█████████▊| 144/147 [00:21<00:00, 19.87it/s]
Batches: 100%|██████████| 147/147 [00:21<00:00, 22.42it/s]
Batches: 100%|██████████| 147/147 [00:21<00:00,  6.89it/s]
[chunk] retrieving
[embed] encoding 500 texts on device=cuda:0

Batches:   0%|          | 0/8 [00:00<?, ?it/s]
Batches:  50%|█████     | 4/8 [00:00<00:00, 34.41it/s]
Batches: 100%|██████████| 8/8 [00:00<00:00, 39.55it/s]
[density] retrieving ACE graph
[ace] building evidence graph
[ace] graph built: nodes=70480 edges=121719
[ace] fitting/indexing embeddings
[embed] encoding 61117 texts on device=cuda:0

Batches:   0%|          | 0/955 [00:00<?, ?it/s]
Batches:   0%|          | 1/955 [00:00<10:09,  1.57it/s]
Batches:   0%|          | 2/955 [00:00<06:12,  2.56it/s]
Batches:   0%|          | 3/955 [00:01<04:30,  3.52it/s]
Batches:   0%|          | 4/955 [00:01<03:40,  4.31it/s]
Batches:   1%|          | 5/955 [00:01<03:04,  5.16it/s]
Batches:   1%|          | 6/955 [00:01<02:38,  5.98it/s]
Batches:   1%|          | 7/955 [00:01<02:22,  6.65it/s]
Batches:   1%|          | 8/955 [00:01<02:11,  7.19it/s]
Batches:   1%|          | 9/955 [00:01<02:00,  7.87it/s]
Batches:   1%|          | 10/955 [00:01<01:53,  8.34it/s]
Batches:   1%|          | 11/955 [00:01<01:52,  8.36it/s]
Batches:   1%|▏         | 13/955 [00:02<01:41,  9.25it/s]
Batches:   2%|▏         | 15/955 [00:02<01:37,  9.65it/s]
Batches:   2%|▏         | 17/955 [00:02<01:35,  9.81it/s]
Batches:   2%|▏         | 19/955 [00:02<01:30, 10.32it/s]
Batches:   2%|▏         | 21/955 [00:02<01:25, 10.88it/s]
Batches:   2%|▏         | 23/955 [00:03<01:22, 11.27it/s]
Batches:   3%|▎         | 25/955 [00:03<01:22, 11.21it/s]
Batches:   3%|▎         | 27/955 [00:03<01:20, 11.54it/s]
Batches:   3%|▎         | 29/955 [00:03<01:17, 11.88it/s]
Batches:   3%|▎         | 31/955 [00:03<01:17, 11.89it/s]
Batches:   3%|▎         | 33/955 [00:03<01:16, 11.99it/s]
Batches:   4%|▎         | 35/955 [00:04<01:16, 12.08it/s]
Batches:   4%|▍         | 37/955 [00:04<01:14, 12.30it/s]
Batches:   4%|▍         | 39/955 [00:04<01:13, 12.51it/s]
Batches:   4%|▍         | 41/955 [00:04<01:12, 12.68it/s]
Batches:   5%|▍         | 43/955 [00:04<01:07, 13.44it/s]
Batches:   5%|▍         | 45/955 [00:04<01:10, 12.94it/s]
Batches:   5%|▍         | 47/955 [00:04<01:08, 13.33it/s]
Batches:   5%|▌         | 49/955 [00:05<01:08, 13.31it/s]
Batches:   5%|▌         | 51/955 [00:05<01:09, 13.00it/s]
Batches:   6%|▌         | 53/955 [00:05<01:08, 13.08it/s]
Batches:   6%|▌         | 55/955 [00:05<01:06, 13.46it/s]
Batches:   6%|▌         | 57/955 [00:05<01:07, 13.39it/s]
Batches:   6%|▌         | 59/955 [00:05<01:03, 14.22it/s]
Batches:   6%|▋         | 61/955 [00:05<01:00, 14.77it/s]
Batches:   7%|▋         | 63/955 [00:06<00:58, 15.38it/s]
Batches:   7%|▋         | 65/955 [00:06<00:56, 15.70it/s]
Batches:   7%|▋         | 67/955 [00:06<00:55, 15.96it/s]
Batches:   7%|▋         | 69/955 [00:06<00:57, 15.40it/s]
Batches:   7%|▋         | 71/955 [00:06<00:58, 15.04it/s]
Batches:   8%|▊         | 73/955 [00:06<00:56, 15.50it/s]
Batches:   8%|▊         | 75/955 [00:06<00:55, 15.79it/s]
Batches:   8%|▊         | 77/955 [00:06<00:54, 16.04it/s]
Batches:   8%|▊         | 79/955 [00:07<00:54, 16.00it/s]
Batches:   8%|▊         | 81/955 [00:07<00:54, 15.98it/s]
Batches:   9%|▊         | 83/955 [00:07<00:55, 15.64it/s]
Batches:   9%|▉         | 85/955 [00:07<00:54, 16.05it/s]
Batches:   9%|▉         | 87/955 [00:07<00:56, 15.26it/s]
Batches:   9%|▉         | 89/955 [00:07<00:54, 15.93it/s]
Batches:  10%|▉         | 91/955 [00:07<00:52, 16.31it/s]
Batches:  10%|▉         | 93/955 [00:07<00:51, 16.87it/s]
Batches:  10%|▉         | 95/955 [00:08<00:48, 17.64it/s]
Batches:  10%|█         | 97/955 [00:08<00:47, 18.17it/s]
Batches:  10%|█         | 99/955 [00:08<00:50, 16.92it/s]
Batches:  11%|█         | 101/955 [00:08<00:52, 16.13it/s]
Batches:  11%|█         | 103/955 [00:08<00:50, 16.82it/s]
Batches:  11%|█         | 105/955 [00:08<00:49, 17.01it/s]
Batches:  11%|█         | 107/955 [00:08<00:49, 17.29it/s]
Batches:  11%|█▏        | 109/955 [00:08<00:48, 17.32it/s]
Batches:  12%|█▏        | 112/955 [00:09<00:47, 17.89it/s]
Batches:  12%|█▏        | 114/955 [00:09<00:48, 17.39it/s]
Batches:  12%|█▏        | 116/955 [00:09<00:49, 16.97it/s]
Batches:  12%|█▏        | 118/955 [00:09<00:48, 17.24it/s]
Batches:  13%|█▎        | 120/955 [00:09<00:47, 17.48it/s]
Batches:  13%|█▎        | 122/955 [00:09<00:46, 17.75it/s]
Batches:  13%|█▎        | 125/955 [00:09<00:45, 18.32it/s]
Batches:  13%|█▎        | 128/955 [00:09<00:43, 18.99it/s]
Batches:  14%|█▎        | 131/955 [00:10<00:42, 19.52it/s]
Batches:  14%|█▍        | 134/955 [00:10<00:41, 19.90it/s]
Batches:  14%|█▍        | 137/955 [00:10<00:40, 20.37it/s]
Batches:  15%|█▍        | 140/955 [00:10<00:39, 20.43it/s]
Batches:  15%|█▍        | 143/955 [00:10<00:40, 19.96it/s]
Batches:  15%|█▌        | 145/955 [00:10<00:41, 19.69it/s]
Batches:  15%|█▌        | 147/955 [00:10<00:40, 19.75it/s]
Batches:  16%|█▌        | 149/955 [00:10<00:40, 19.80it/s]
Batches:  16%|█▌        | 152/955 [00:11<00:39, 20.11it/s]
Batches:  16%|█▌        | 155/955 [00:11<00:39, 20.31it/s]
Batches:  17%|█▋        | 158/955 [00:11<00:39, 20.34it/s]
Batches:  17%|█▋        | 161/955 [00:11<00:39, 20.34it/s]
Batches:  17%|█▋        | 164/955 [00:11<00:38, 20.34it/s]
Batches:  17%|█▋        | 167/955 [00:11<00:38, 20.33it/s]
Batches:  18%|█▊        | 170/955 [00:11<00:38, 20.32it/s]
Batches:  18%|█▊        | 173/955 [00:12<00:37, 20.84it/s]
Batches:  18%|█▊        | 176/955 [00:12<00:36, 21.18it/s]
Batches:  19%|█▊        | 179/955 [00:12<00:36, 21.00it/s]
Batches:  19%|█▉        | 182/955 [00:12<00:36, 21.17it/s]
Batches:  19%|█▉        | 185/955 [00:12<00:36, 20.82it/s]
Batches:  20%|█▉        | 188/955 [00:12<00:35, 21.66it/s]
Batches:  20%|██        | 191/955 [00:12<00:34, 22.32it/s]
Batches:  20%|██        | 194/955 [00:13<00:34, 22.15it/s]
Batches:  21%|██        | 197/955 [00:13<00:33, 22.50it/s]
Batches:  21%|██        | 200/955 [00:13<00:33, 22.35it/s]
Batches:  21%|██▏       | 203/955 [00:13<00:32, 22.86it/s]
Batches:  22%|██▏       | 206/955 [00:13<00:32, 22.88it/s]
Batches:  22%|██▏       | 209/955 [00:13<00:33, 22.43it/s]
Batches:  22%|██▏       | 212/955 [00:13<00:32, 22.62it/s]
Batches:  23%|██▎       | 215/955 [00:13<00:32, 22.51it/s]
Batches:  23%|██▎       | 218/955 [00:14<00:32, 22.45it/s]
Batches:  23%|██▎       | 221/955 [00:14<00:31, 23.02it/s]
Batches:  23%|██▎       | 224/955 [00:14<00:31, 23.00it/s]
Batches:  24%|██▍       | 227/955 [00:14<00:31, 23.20it/s]
Batches:  24%|██▍       | 230/955 [00:14<00:30, 23.48it/s]
Batches:  24%|██▍       | 233/955 [00:14<00:30, 24.04it/s]
Batches:  25%|██▍       | 236/955 [00:14<00:30, 23.78it/s]
Batches:  25%|██▌       | 239/955 [00:14<00:30, 23.73it/s]
Batches:  25%|██▌       | 242/955 [00:15<00:30, 23.11it/s]
Batches:  26%|██▌       | 245/955 [00:15<00:31, 22.90it/s]
Batches:  26%|██▌       | 248/955 [00:15<00:30, 23.50it/s]
Batches:  26%|██▋       | 251/955 [00:15<00:29, 24.21it/s]
Batches:  27%|██▋       | 254/955 [00:15<00:28, 24.53it/s]
Batches:  27%|██▋       | 257/955 [00:15<00:28, 24.81it/s]
Batches:  27%|██▋       | 260/955 [00:15<00:27, 25.21it/s]
Batches:  28%|██▊       | 263/955 [00:15<00:27, 25.18it/s]
Batches:  28%|██▊       | 266/955 [00:16<00:27, 25.18it/s]
Batches:  28%|██▊       | 269/955 [00:16<00:27, 25.05it/s]
Batches:  28%|██▊       | 272/955 [00:16<00:26, 25.65it/s]
Batches:  29%|██▉       | 275/955 [00:16<00:26, 25.50it/s]
Batches:  29%|██▉       | 278/955 [00:16<00:26, 25.49it/s]
Batches:  29%|██▉       | 281/955 [00:16<00:26, 25.87it/s]
Batches:  30%|██▉       | 284/955 [00:16<00:25, 26.27it/s]
Batches:  30%|███       | 287/955 [00:16<00:25, 26.35it/s]
Batches:  30%|███       | 290/955 [00:16<00:25, 26.56it/s]
Batches:  31%|███       | 293/955 [00:17<00:24, 26.55it/s]
Batches:  31%|███       | 296/955 [00:17<00:25, 26.30it/s]
Batches:  31%|███▏      | 299/955 [00:17<00:24, 26.42it/s]
Batches:  32%|███▏      | 302/955 [00:17<00:24, 26.62it/s]
Batches:  32%|███▏      | 305/955 [00:17<00:24, 26.68it/s]
Batches:  32%|███▏      | 308/955 [00:17<00:24, 26.38it/s]
Batches:  33%|███▎      | 311/955 [00:17<00:24, 26.60it/s]
Batches:  33%|███▎      | 314/955 [00:17<00:24, 26.55it/s]
Batches:  33%|███▎      | 317/955 [00:18<00:24, 26.53it/s]
Batches:  34%|███▎      | 320/955 [00:18<00:23, 26.89it/s]
Batches:  34%|███▍      | 323/955 [00:18<00:23, 27.43it/s]
Batches:  34%|███▍      | 326/955 [00:18<00:22, 27.87it/s]
Batches:  34%|███▍      | 329/955 [00:18<00:22, 27.62it/s]
Batches:  35%|███▍      | 332/955 [00:18<00:22, 27.46it/s]
Batches:  35%|███▌      | 335/955 [00:18<00:22, 27.13it/s]
Batches:  35%|███▌      | 339/955 [00:18<00:21, 28.19it/s]
Batches:  36%|███▌      | 342/955 [00:18<00:21, 28.17it/s]
Batches:  36%|███▌      | 345/955 [00:19<00:21, 28.61it/s]
Batches:  36%|███▋      | 348/955 [00:19<00:21, 28.33it/s]
Batches:  37%|███▋      | 351/955 [00:19<00:21, 28.22it/s]
Batches:  37%|███▋      | 354/955 [00:19<00:21, 28.12it/s]
Batches:  37%|███▋      | 358/955 [00:19<00:21, 28.39it/s]
Batches:  38%|███▊      | 362/955 [00:19<00:20, 29.09it/s]
Batches:  38%|███▊      | 366/955 [00:19<00:20, 29.40it/s]
Batches:  39%|███▊      | 369/955 [00:19<00:19, 29.45it/s]
Batches:  39%|███▉      | 373/955 [00:19<00:19, 29.65it/s]
Batches:  39%|███▉      | 377/955 [00:20<00:19, 29.90it/s]
Batches:  40%|███▉      | 381/955 [00:20<00:18, 30.31it/s]
Batches:  40%|████      | 385/955 [00:20<00:18, 30.17it/s]
Batches:  41%|████      | 389/955 [00:20<00:17, 31.53it/s]
Batches:  41%|████      | 393/955 [00:20<00:17, 32.49it/s]
Batches:  42%|████▏     | 397/955 [00:20<00:17, 32.38it/s]
Batches:  42%|████▏     | 401/955 [00:20<00:17, 32.14it/s]
Batches:  42%|████▏     | 405/955 [00:20<00:16, 33.22it/s]
Batches:  43%|████▎     | 409/955 [00:21<00:16, 33.47it/s]
Batches:  43%|████▎     | 413/955 [00:21<00:16, 33.32it/s]
Batches:  44%|████▎     | 417/955 [00:21<00:15, 34.18it/s]
Batches:  44%|████▍     | 421/955 [00:21<00:15, 35.01it/s]
Batches:  45%|████▍     | 425/955 [00:21<00:14, 35.56it/s]
Batches:  45%|████▍     | 429/955 [00:21<00:14, 36.09it/s]
Batches:  45%|████▌     | 433/955 [00:21<00:14, 36.36it/s]
Batches:  46%|████▌     | 437/955 [00:21<00:13, 37.35it/s]
Batches:  46%|████▌     | 441/955 [00:21<00:13, 37.92it/s]
Batches:  47%|████▋     | 445/955 [00:22<00:13, 37.71it/s]
Batches:  47%|████▋     | 449/955 [00:22<00:13, 38.08it/s]
Batches:  47%|████▋     | 453/955 [00:22<00:13, 37.70it/s]
Batches:  48%|████▊     | 457/955 [00:22<00:13, 37.11it/s]
Batches:  48%|████▊     | 462/955 [00:22<00:12, 38.50it/s]
Batches:  49%|████▉     | 467/955 [00:22<00:12, 40.17it/s]
Batches:  49%|████▉     | 472/955 [00:22<00:11, 41.78it/s]
Batches:  50%|████▉     | 477/955 [00:22<00:11, 43.45it/s]
Batches:  51%|█████     | 483/955 [00:22<00:10, 46.19it/s]
Batches:  51%|█████     | 488/955 [00:23<00:09, 47.10it/s]
Batches:  52%|█████▏    | 494/955 [00:23<00:09, 48.27it/s]
Batches:  52%|█████▏    | 499/955 [00:23<00:09, 48.57it/s]
Batches:  53%|█████▎    | 505/955 [00:23<00:09, 49.64it/s]
Batches:  54%|█████▎    | 511/955 [00:23<00:08, 52.45it/s]
Batches:  54%|█████▍    | 518/955 [00:23<00:07, 55.07it/s]
Batches:  55%|█████▍    | 525/955 [00:23<00:07, 57.98it/s]
Batches:  56%|█████▌    | 531/955 [00:23<00:07, 58.24it/s]
Batches:  56%|█████▋    | 538/955 [00:23<00:07, 59.19it/s]
Batches:  57%|█████▋    | 546/955 [00:24<00:06, 62.51it/s]
Batches:  58%|█████▊    | 553/955 [00:24<00:06, 64.42it/s]
Batches:  59%|█████▊    | 560/955 [00:24<00:06, 65.66it/s]
Batches:  59%|█████▉    | 568/955 [00:24<00:05, 67.71it/s]
Batches:  60%|██████    | 576/955 [00:24<00:05, 69.36it/s]
Batches:  61%|██████    | 584/955 [00:24<00:05, 71.87it/s]
Batches:  62%|██████▏   | 592/955 [00:24<00:04, 73.57it/s]
Batches:  63%|██████▎   | 600/955 [00:24<00:04, 75.02it/s]
Batches:  64%|██████▎   | 608/955 [00:24<00:04, 76.22it/s]
Batches:  65%|██████▍   | 616/955 [00:24<00:04, 75.85it/s]
Batches:  65%|██████▌   | 625/955 [00:25<00:04, 78.69it/s]
Batches:  66%|██████▋   | 634/955 [00:25<00:03, 80.28it/s]
Batches:  67%|██████▋   | 643/955 [00:25<00:03, 80.64it/s]
Batches:  68%|██████▊   | 652/955 [00:25<00:03, 80.97it/s]
Batches:  69%|██████▉   | 661/955 [00:25<00:03, 81.08it/s]
Batches:  70%|███████   | 670/955 [00:25<00:03, 81.40it/s]
Batches:  71%|███████   | 679/955 [00:25<00:03, 82.86it/s]
Batches:  72%|███████▏  | 688/955 [00:25<00:03, 83.38it/s]
Batches:  73%|███████▎  | 697/955 [00:25<00:03, 84.54it/s]
Batches:  74%|███████▍  | 706/955 [00:26<00:02, 85.35it/s]
Batches:  75%|███████▍  | 715/955 [00:26<00:02, 86.51it/s]
Batches:  76%|███████▌  | 724/955 [00:26<00:02, 87.20it/s]
Batches:  77%|███████▋  | 734/955 [00:26<00:02, 88.52it/s]
Batches:  78%|███████▊  | 743/955 [00:26<00:02, 88.88it/s]
Batches:  79%|███████▊  | 752/955 [00:26<00:02, 88.39it/s]
Batches:  80%|███████▉  | 762/955 [00:26<00:02, 89.06it/s]
Batches:  81%|████████  | 772/955 [00:26<00:02, 89.70it/s]
Batches:  82%|████████▏ | 781/955 [00:27<00:04, 36.15it/s]
Batches:  83%|████████▎ | 791/955 [00:27<00:03, 44.86it/s]
Batches:  84%|████████▍ | 801/955 [00:27<00:02, 53.58it/s]
Batches:  85%|████████▍ | 811/955 [00:27<00:02, 61.69it/s]
Batches:  86%|████████▌ | 820/955 [00:27<00:02, 67.36it/s]
Batches:  87%|████████▋ | 830/955 [00:27<00:01, 73.68it/s]
Batches:  88%|████████▊ | 840/955 [00:28<00:01, 79.90it/s]
Batches:  89%|████████▉ | 851/955 [00:28<00:01, 86.11it/s]
Batches:  90%|█████████ | 862/955 [00:28<00:01, 90.47it/s]
Batches:  91%|█████████▏| 873/955 [00:28<00:00, 93.35it/s]
Batches:  93%|█████████▎| 884/955 [00:28<00:00, 95.46it/s]
Batches:  94%|█████████▎| 895/955 [00:28<00:00, 98.03it/s]
Batches:  95%|█████████▍| 906/955 [00:28<00:00, 99.83it/s]
Batches:  96%|█████████▌| 917/955 [00:28<00:00, 99.91it/s]
Batches:  97%|█████████▋| 928/955 [00:28<00:00, 99.76it/s]
Batches:  98%|█████████▊| 939/955 [00:28<00:00, 99.12it/s]
Batches:  99%|█████████▉| 950/955 [00:29<00:00, 100.46it/s]
Batches: 100%|██████████| 955/955 [00:29<00:00, 32.77it/s]
[ace] retrieving
[embed] encoding 500 texts on device=cuda:0

Batches:   0%|          | 0/8 [00:00<?, ?it/s]
Batches:  50%|█████     | 4/8 [00:00<00:00, 34.43it/s]
Batches: 100%|██████████| 8/8 [00:00<00:00, 39.13it/s]
[density] loading reader once
`torch_dtype` is deprecated! Use `dtype` instead!

Loading checkpoint shards:   0%|          | 0/2 [00:00<?, ?it/s]
Loading checkpoint shards:  50%|█████     | 1/2 [00:02<00:02,  2.45s/it]
Loading checkpoint shards: 100%|██████████| 2/2 [00:03<00:00,  1.84s/it]
Loading checkpoint shards: 100%|██████████| 2/2 [00:03<00:00,  1.93s/it]
[reader] loaded Qwen/Qwen2.5-3B-Instruct (device_map=None, 4bit=False) entry=cuda:0
[density] materializing policy=chunk_packed_160
[density] generating policy=chunk_packed_160
The following generation flags are not valid and may be ignored: ['temperature', 'top_p', 'top_k']. Set `TRANSFORMERS_VERBOSITY=info` for more details.
[reader] generated 2/500
[reader] generated 4/500
[reader] generated 6/500
[reader] generated 8/500
[reader] generated 10/500
[reader] generated 12/500
[reader] generated 14/500
[reader] generated 16/500
[reader] generated 18/500
[reader] generated 20/500
[reader] generated 22/500
[reader] generated 24/500
[reader] generated 26/500
[reader] generated 28/500
[reader] generated 30/500
[reader] generated 32/500
[reader] generated 34/500
[reader] generated 36/500
[reader] generated 38/500
[reader] generated 40/500
[reader] generated 42/500
[reader] generated 44/500
[reader] generated 46/500
[reader] generated 48/500
[reader] generated 50/500
[reader] generated 52/500
[reader] generated 54/500
[reader] generated 56/500
[reader] generated 58/500
[reader] generated 60/500
[reader] generated 62/500
[reader] generated 64/500
[reader] generated 66/500
[reader] generated 68/500
[reader] generated 70/500
[reader] generated 72/500
[reader] generated 74/500
[reader] generated 76/500
[reader] generated 78/500
[reader] generated 80/500
[reader] generated 82/500
[reader] generated 84/500
[reader] generated 86/500
[reader] generated 88/500
[reader] generated 90/500
[reader] generated 92/500
[reader] generated 94/500
[reader] generated 96/500
[reader] generated 98/500
[reader] generated 100/500
[reader] generated 102/500
[reader] generated 104/500
[reader] generated 106/500
[reader] generated 108/500
[reader] generated 110/500
[reader] generated 112/500
[reader] generated 114/500
[reader] generated 116/500
[reader] generated 118/500
[reader] generated 120/500
[reader] generated 122/500
[reader] generated 124/500
[reader] generated 126/500
[reader] generated 128/500
[reader] generated 130/500
[reader] generated 132/500
[reader] generated 134/500
[reader] generated 136/500
[reader] generated 138/500
[reader] generated 140/500
[reader] generated 142/500
[reader] generated 144/500
[reader] generated 146/500
[reader] generated 148/500
[reader] generated 150/500
[reader] generated 152/500
[reader] generated 154/500
[reader] generated 156/500
[reader] generated 158/500
[reader] generated 160/500
[reader] generated 162/500
[reader] generated 164/500
[reader] generated 166/500
[reader] generated 168/500
[reader] generated 170/500
[reader] generated 172/500
[reader] generated 174/500
[reader] generated 176/500
[reader] generated 178/500
[reader] generated 180/500
[reader] generated 182/500
[reader] generated 184/500
[reader] generated 186/500
[reader] generated 188/500
[reader] generated 190/500
[reader] generated 192/500
[reader] generated 194/500
[reader] generated 196/500
[reader] generated 198/500
[reader] generated 200/500
[reader] generated 202/500
[reader] generated 204/500
[reader] generated 206/500
[reader] generated 208/500
[reader] generated 210/500
[reader] generated 212/500
[reader] generated 214/500
[reader] generated 216/500
[reader] generated 218/500
[reader] generated 220/500
[reader] generated 222/500
[reader] generated 224/500
[reader] generated 226/500
[reader] generated 228/500
[reader] generated 230/500
[reader] generated 232/500
[reader] generated 234/500
[reader] generated 236/500
[reader] generated 238/500
[reader] generated 240/500
[reader] generated 242/500
[reader] generated 244/500
[reader] generated 246/500
[reader] generated 248/500
[reader] generated 250/500
[reader] generated 252/500
[reader] generated 254/500
[reader] generated 256/500
[reader] generated 258/500
[reader] generated 260/500
[reader] generated 262/500
[reader] generated 264/500
[reader] generated 266/500
[reader] generated 268/500
[reader] generated 270/500
[reader] generated 272/500
[reader] generated 274/500
[reader] generated 276/500
[reader] generated 278/500
[reader] generated 280/500
[reader] generated 282/500
[reader] generated 284/500
[reader] generated 286/500
[reader] generated 288/500
[reader] generated 290/500
[reader] generated 292/500
[reader] generated 294/500
[reader] generated 296/500
[reader] generated 298/500
[reader] generated 300/500
[reader] generated 302/500
[reader] generated 304/500
[reader] generated 306/500
[reader] generated 308/500
[reader] generated 310/500
[reader] generated 312/500
[reader] generated 314/500
[reader] generated 316/500
[reader] generated 318/500
[reader] generated 320/500
[reader] generated 322/500
[reader] generated 324/500
[reader] generated 326/500
[reader] generated 328/500
[reader] generated 330/500
[reader] generated 332/500
[reader] generated 334/500
[reader] generated 336/500
[reader] generated 338/500
[reader] generated 340/500
[reader] generated 342/500
[reader] generated 344/500
[reader] generated 346/500
[reader] generated 348/500
[reader] generated 350/500
[reader] generated 352/500
[reader] generated 354/500
[reader] generated 356/500
[reader] generated 358/500
[reader] generated 360/500
[reader] generated 362/500
[reader] generated 364/500
[reader] generated 366/500
[reader] generated 368/500
[reader] generated 370/500
[reader] generated 372/500
[reader] generated 374/500
[reader] generated 376/500
[reader] generated 378/500
[reader] generated 380/500
[reader] generated 382/500
[reader] generated 384/500
[reader] generated 386/500
[reader] generated 388/500
[reader] generated 390/500
[reader] generated 392/500
[reader] generated 394/500
[reader] generated 396/500
[reader] generated 398/500
[reader] generated 400/500
[reader] generated 402/500
[reader] generated 404/500
[reader] generated 406/500
[reader] generated 408/500
[reader] generated 410/500
[reader] generated 412/500
[reader] generated 414/500
[reader] generated 416/500
[reader] generated 418/500
[reader] generated 420/500
[reader] generated 422/500
[reader] generated 424/500
[reader] generated 426/500
[reader] generated 428/500
[reader] generated 430/500
[reader] generated 432/500
[reader] generated 434/500
[reader] generated 436/500
[reader] generated 438/500
[reader] generated 440/500
[reader] generated 442/500
[reader] generated 444/500
[reader] generated 446/500
[reader] generated 448/500
[reader] generated 450/500
[reader] generated 452/500
[reader] generated 454/500
[reader] generated 456/500
[reader] generated 458/500
[reader] generated 460/500
[reader] generated 462/500
[reader] generated 464/500
[reader] generated 466/500
[reader] generated 468/500
[reader] generated 470/500
[reader] generated 472/500
[reader] generated 474/500
[reader] generated 476/500
[reader] generated 478/500
[reader] generated 480/500
[reader] generated 482/500
[reader] generated 484/500
[reader] generated 486/500
[reader] generated 488/500
[reader] generated 490/500
[reader] generated 492/500
[reader] generated 494/500
[reader] generated 496/500
[reader] generated 498/500
[reader] generated 500/500
[density] policy=chunk_packed_160, router_type=fixed, representation=chunk, packer=packed, reader_model=Qwen/Qwen2.5-3B-Instruct, packed_token_budget=160, recall@1=0.294, all_gold@1=0.008, recall@2=0.36, all_gold@2=0.04, recall@5=0.506, all_gold@5=0.184, qwen_em=0.088, qwen_f1=0.1373, avg_reader_evidence_tokens=146.43, mean_ans_in_context=0.224, mean_ans_in_context_soft=0.3629, mean_gold_token_density=0.2301, mean_gold_doc_reader_cov=0.36, mean_all_gold_reader=0.078, mean_distractor_docs=2.358, mean_context_tokens=146.428, mean_n_snippets=3.234
[density] materializing policy=chunk_focused_160
[density] generating policy=chunk_focused_160
[reader] generated 2/500
[reader] generated 4/500
[reader] generated 6/500
[reader] generated 8/500
[reader] generated 10/500
[reader] generated 12/500
[reader] generated 14/500
[reader] generated 16/500
[reader] generated 18/500
[reader] generated 20/500
[reader] generated 22/500
[reader] generated 24/500
[reader] generated 26/500
[reader] generated 28/500
[reader] generated 30/500
[reader] generated 32/500
[reader] generated 34/500
[reader] generated 36/500
[reader] generated 38/500
[reader] generated 40/500
[reader] generated 42/500
[reader] generated 44/500
[reader] generated 46/500
[reader] generated 48/500
[reader] generated 50/500
[reader] generated 52/500
[reader] generated 54/500
[reader] generated 56/500
[reader] generated 58/500
[reader] generated 60/500
[reader] generated 62/500
[reader] generated 64/500
[reader] generated 66/500
[reader] generated 68/500
[reader] generated 70/500
[reader] generated 72/500
[reader] generated 74/500
[reader] generated 76/500
[reader] generated 78/500
[reader] generated 80/500
[reader] generated 82/500
[reader] generated 84/500
[reader] generated 86/500
[reader] generated 88/500
[reader] generated 90/500
[reader] generated 92/500
[reader] generated 94/500
[reader] generated 96/500
[reader] generated 98/500
[reader] generated 100/500
[reader] generated 102/500
[reader] generated 104/500
[reader] generated 106/500
[reader] generated 108/500
[reader] generated 110/500
[reader] generated 112/500
[reader] generated 114/500
[reader] generated 116/500
[reader] generated 118/500
[reader] generated 120/500
[reader] generated 122/500
[reader] generated 124/500
[reader] generated 126/500
[reader] generated 128/500
[reader] generated 130/500
[reader] generated 132/500
[reader] generated 134/500
[reader] generated 136/500
[reader] generated 138/500
[reader] generated 140/500
[reader] generated 142/500
[reader] generated 144/500
[reader] generated 146/500
[reader] generated 148/500
[reader] generated 150/500
[reader] generated 152/500
[reader] generated 154/500
[reader] generated 156/500
[reader] generated 158/500
[reader] generated 160/500
[reader] generated 162/500
[reader] generated 164/500
[reader] generated 166/500
[reader] generated 168/500
[reader] generated 170/500
[reader] generated 172/500
[reader] generated 174/500
[reader] generated 176/500
[reader] generated 178/500
[reader] generated 180/500
[reader] generated 182/500
[reader] generated 184/500
[reader] generated 186/500
[reader] generated 188/500
[reader] generated 190/500
[reader] generated 192/500
[reader] generated 194/500
[reader] generated 196/500
[reader] generated 198/500
[reader] generated 200/500
[reader] generated 202/500
[reader] generated 204/500
[reader] generated 206/500
[reader] generated 208/500
[reader] generated 210/500
[reader] generated 212/500
[reader] generated 214/500
[reader] generated 216/500
[reader] generated 218/500
[reader] generated 220/500
[reader] generated 222/500
[reader] generated 224/500
[reader] generated 226/500
[reader] generated 228/500
[reader] generated 230/500
[reader] generated 232/500
[reader] generated 234/500
[reader] generated 236/500
[reader] generated 238/500
[reader] generated 240/500
[reader] generated 242/500
[reader] generated 244/500
[reader] generated 246/500
[reader] generated 248/500
[reader] generated 250/500
[reader] generated 252/500
[reader] generated 254/500
[reader] generated 256/500
[reader] generated 258/500
[reader] generated 260/500
[reader] generated 262/500
[reader] generated 264/500
[reader] generated 266/500
[reader] generated 268/500
[reader] generated 270/500
[reader] generated 272/500
[reader] generated 274/500
[reader] generated 276/500
[reader] generated 278/500
[reader] generated 280/500
[reader] generated 282/500
[reader] generated 284/500
[reader] generated 286/500
[reader] generated 288/500
[reader] generated 290/500
[reader] generated 292/500
[reader] generated 294/500
[reader] generated 296/500
[reader] generated 298/500
[reader] generated 300/500
[reader] generated 302/500
[reader] generated 304/500
[reader] generated 306/500
[reader] generated 308/500
[reader] generated 310/500
[reader] generated 312/500
[reader] generated 314/500
[reader] generated 316/500
[reader] generated 318/500
[reader] generated 320/500
[reader] generated 322/500
[reader] generated 324/500
[reader] generated 326/500
[reader] generated 328/500
[reader] generated 330/500
[reader] generated 332/500
[reader] generated 334/500
[reader] generated 336/500
[reader] generated 338/500
[reader] generated 340/500
[reader] generated 342/500
[reader] generated 344/500
[reader] generated 346/500
[reader] generated 348/500
[reader] generated 350/500
[reader] generated 352/500
[reader] generated 354/500
[reader] generated 356/500
[reader] generated 358/500
[reader] generated 360/500
[reader] generated 362/500
[reader] generated 364/500
[reader] generated 366/500
[reader] generated 368/500
[reader] generated 370/500
[reader] generated 372/500
[reader] generated 374/500
[reader] generated 376/500
[reader] generated 378/500
[reader] generated 380/500
[reader] generated 382/500
[reader] generated 384/500
[reader] generated 386/500
[reader] generated 388/500
[reader] generated 390/500
[reader] generated 392/500
[reader] generated 394/500
[reader] generated 396/500
[reader] generated 398/500
[reader] generated 400/500
[reader] generated 402/500
[reader] generated 404/500
[reader] generated 406/500
[reader] generated 408/500
[reader] generated 410/500
[reader] generated 412/500
[reader] generated 414/500
[reader] generated 416/500
[reader] generated 418/500
[reader] generated 420/500
[reader] generated 422/500
[reader] generated 424/500
[reader] generated 426/500
[reader] generated 428/500
[reader] generated 430/500
[reader] generated 432/500
[reader] generated 434/500
[reader] generated 436/500
[reader] generated 438/500
[reader] generated 440/500
[reader] generated 442/500
[reader] generated 444/500
[reader] generated 446/500
[reader] generated 448/500
[reader] generated 450/500
[reader] generated 452/500
[reader] generated 454/500
[reader] generated 456/500
[reader] generated 458/500
[reader] generated 460/500
[reader] generated 462/500
[reader] generated 464/500
[reader] generated 466/500
[reader] generated 468/500
[reader] generated 470/500
[reader] generated 472/500
[reader] generated 474/500
[reader] generated 476/500
[reader] generated 478/500
[reader] generated 480/500
[reader] generated 482/500
[reader] generated 484/500
[reader] generated 486/500
[reader] generated 488/500
[reader] generated 490/500
[reader] generated 492/500
[reader] generated 494/500
[reader] generated 496/500
[reader] generated 498/500
[reader] generated 500/500
[density] policy=chunk_focused_160, router_type=fixed, representation=chunk, packer=focused, reader_model=Qwen/Qwen2.5-3B-Instruct, packed_token_budget=160, recall@1=0.294, all_gold@1=0.008, recall@2=0.36, all_gold@2=0.04, recall@5=0.506, all_gold@5=0.184, qwen_em=0.07, qwen_f1=0.1236, avg_reader_evidence_tokens=146.19, mean_ans_in_context=0.216, mean_ans_in_context_soft=0.3715, mean_gold_token_density=0.2756, mean_gold_doc_reader_cov=0.372, mean_all_gold_reader=0.078, mean_distractor_docs=2.032, mean_context_tokens=146.186, mean_n_snippets=2.934
[density] materializing policy=chunk_mmr_160
[density] generating policy=chunk_mmr_160
[reader] generated 2/500
[reader] generated 4/500
[reader] generated 6/500
[reader] generated 8/500
[reader] generated 10/500
[reader] generated 12/500
[reader] generated 14/500
[reader] generated 16/500
[reader] generated 18/500
[reader] generated 20/500
[reader] generated 22/500
[reader] generated 24/500
[reader] generated 26/500
[reader] generated 28/500
[reader] generated 30/500
[reader] generated 32/500
[reader] generated 34/500
[reader] generated 36/500
[reader] generated 38/500
[reader] generated 40/500
[reader] generated 42/500
[reader] generated 44/500
[reader] generated 46/500
[reader] generated 48/500
[reader] generated 50/500
[reader] generated 52/500
[reader] generated 54/500
[reader] generated 56/500
[reader] generated 58/500
[reader] generated 60/500
[reader] generated 62/500
[reader] generated 64/500
[reader] generated 66/500
[reader] generated 68/500
[reader] generated 70/500
[reader] generated 72/500
[reader] generated 74/500
[reader] generated 76/500
[reader] generated 78/500
[reader] generated 80/500
[reader] generated 82/500
[reader] generated 84/500
[reader] generated 86/500
[reader] generated 88/500
[reader] generated 90/500
[reader] generated 92/500
[reader] generated 94/500
[reader] generated 96/500
[reader] generated 98/500
[reader] generated 100/500
[reader] generated 102/500
[reader] generated 104/500
[reader] generated 106/500
[reader] generated 108/500
[reader] generated 110/500
[reader] generated 112/500
[reader] generated 114/500
[reader] generated 116/500
[reader] generated 118/500
[reader] generated 120/500
[reader] generated 122/500
[reader] generated 124/500
[reader] generated 126/500
[reader] generated 128/500
[reader] generated 130/500
[reader] generated 132/500
[reader] generated 134/500
[reader] generated 136/500
[reader] generated 138/500
[reader] generated 140/500
[reader] generated 142/500
[reader] generated 144/500
[reader] generated 146/500
[reader] generated 148/500
[reader] generated 150/500
[reader] generated 152/500
[reader] generated 154/500
[reader] generated 156/500
[reader] generated 158/500
[reader] generated 160/500
[reader] generated 162/500
[reader] generated 164/500
[reader] generated 166/500
[reader] generated 168/500
[reader] generated 170/500
[reader] generated 172/500
[reader] generated 174/500
[reader] generated 176/500
[reader] generated 178/500
[reader] generated 180/500
[reader] generated 182/500
[reader] generated 184/500
[reader] generated 186/500
[reader] generated 188/500
[reader] generated 190/500
[reader] generated 192/500
[reader] generated 194/500
[reader] generated 196/500
[reader] generated 198/500
[reader] generated 200/500
[reader] generated 202/500
[reader] generated 204/500
[reader] generated 206/500
[reader] generated 208/500
[reader] generated 210/500
[reader] generated 212/500
[reader] generated 214/500
[reader] generated 216/500
[reader] generated 218/500
[reader] generated 220/500
[reader] generated 222/500
[reader] generated 224/500
[reader] generated 226/500
[reader] generated 228/500
[reader] generated 230/500
[reader] generated 232/500
[reader] generated 234/500
[reader] generated 236/500
[reader] generated 238/500
[reader] generated 240/500
[reader] generated 242/500
[reader] generated 244/500
[reader] generated 246/500
[reader] generated 248/500
[reader] generated 250/500
[reader] generated 252/500
[reader] generated 254/500
[reader] generated 256/500
[reader] generated 258/500
[reader] generated 260/500
[reader] generated 262/500
[reader] generated 264/500
[reader] generated 266/500
[reader] generated 268/500
[reader] generated 270/500
[reader] generated 272/500
[reader] generated 274/500
[reader] generated 276/500
[reader] generated 278/500
[reader] generated 280/500
[reader] generated 282/500
[reader] generated 284/500
[reader] generated 286/500
[reader] generated 288/500
[reader] generated 290/500
[reader] generated 292/500
[reader] generated 294/500
[reader] generated 296/500
[reader] generated 298/500
[reader] generated 300/500
[reader] generated 302/500
[reader] generated 304/500
[reader] generated 306/500
[reader] generated 308/500
[reader] generated 310/500
[reader] generated 312/500
[reader] generated 314/500
[reader] generated 316/500
[reader] generated 318/500
[reader] generated 320/500
[reader] generated 322/500
[reader] generated 324/500
[reader] generated 326/500
[reader] generated 328/500
[reader] generated 330/500
[reader] generated 332/500
[reader] generated 334/500
[reader] generated 336/500
[reader] generated 338/500
[reader] generated 340/500
[reader] generated 342/500
[reader] generated 344/500
[reader] generated 346/500
[reader] generated 348/500
[reader] generated 350/500
[reader] generated 352/500
[reader] generated 354/500
[reader] generated 356/500
[reader] generated 358/500
[reader] generated 360/500
[reader] generated 362/500
[reader] generated 364/500
[reader] generated 366/500
[reader] generated 368/500
[reader] generated 370/500
[reader] generated 372/500
[reader] generated 374/500
[reader] generated 376/500
[reader] generated 378/500
[reader] generated 380/500
[reader] generated 382/500
[reader] generated 384/500
[reader] generated 386/500
[reader] generated 388/500
[reader] generated 390/500
[reader] generated 392/500
[reader] generated 394/500
[reader] generated 396/500
[reader] generated 398/500
[reader] generated 400/500
[reader] generated 402/500
[reader] generated 404/500
[reader] generated 406/500
[reader] generated 408/500
[reader] generated 410/500
[reader] generated 412/500
[reader] generated 414/500
[reader] generated 416/500
[reader] generated 418/500
[reader] generated 420/500
[reader] generated 422/500
[reader] generated 424/500
[reader] generated 426/500
[reader] generated 428/500
[reader] generated 430/500
[reader] generated 432/500
[reader] generated 434/500
[reader] generated 436/500
[reader] generated 438/500
[reader] generated 440/500
[reader] generated 442/500
[reader] generated 444/500
[reader] generated 446/500
[reader] generated 448/500
[reader] generated 450/500
[reader] generated 452/500
[reader] generated 454/500
[reader] generated 456/500
[reader] generated 458/500
[reader] generated 460/500
[reader] generated 462/500
[reader] generated 464/500
[reader] generated 466/500
[reader] generated 468/500
[reader] generated 470/500
[reader] generated 472/500
[reader] generated 474/500
[reader] generated 476/500
[reader] generated 478/500
[reader] generated 480/500
[reader] generated 482/500
[reader] generated 484/500
[reader] generated 486/500
[reader] generated 488/500
[reader] generated 490/500
[reader] generated 492/500
[reader] generated 494/500
[reader] generated 496/500
[reader] generated 498/500
[reader] generated 500/500
[density] policy=chunk_mmr_160, router_type=fixed, representation=chunk, packer=mmr, reader_model=Qwen/Qwen2.5-3B-Instruct, packed_token_budget=160, recall@1=0.294, all_gold@1=0.008, recall@2=0.36, all_gold@2=0.04, recall@5=0.506, all_gold@5=0.184, qwen_em=0.064, qwen_f1=0.1231, avg_reader_evidence_tokens=146.95, mean_ans_in_context=0.192, mean_ans_in_context_soft=0.3422, mean_gold_token_density=0.2685, mean_gold_doc_reader_cov=0.325, mean_all_gold_reader=0.062, mean_distractor_docs=1.794, mean_context_tokens=146.95, mean_n_snippets=3.0
[density] materializing policy=chunk_submod_160
[density] generating policy=chunk_submod_160
[reader] generated 2/500
[reader] generated 4/500
[reader] generated 6/500
[reader] generated 8/500
[reader] generated 10/500
[reader] generated 12/500
[reader] generated 14/500
[reader] generated 16/500
[reader] generated 18/500
[reader] generated 20/500
[reader] generated 22/500
[reader] generated 24/500
[reader] generated 26/500
[reader] generated 28/500
[reader] generated 30/500
[reader] generated 32/500
[reader] generated 34/500
[reader] generated 36/500
[reader] generated 38/500
[reader] generated 40/500
[reader] generated 42/500
[reader] generated 44/500
[reader] generated 46/500
[reader] generated 48/500
[reader] generated 50/500
[reader] generated 52/500
[reader] generated 54/500
[reader] generated 56/500
[reader] generated 58/500
[reader] generated 60/500
[reader] generated 62/500
[reader] generated 64/500
[reader] generated 66/500
[reader] generated 68/500
[reader] generated 70/500
[reader] generated 72/500
[reader] generated 74/500
[reader] generated 76/500
[reader] generated 78/500
[reader] generated 80/500
[reader] generated 82/500
[reader] generated 84/500
[reader] generated 86/500
[reader] generated 88/500
[reader] generated 90/500
[reader] generated 92/500
[reader] generated 94/500
[reader] generated 96/500
[reader] generated 98/500
[reader] generated 100/500
[reader] generated 102/500
[reader] generated 104/500
[reader] generated 106/500
[reader] generated 108/500
[reader] generated 110/500
[reader] generated 112/500
[reader] generated 114/500
[reader] generated 116/500
[reader] generated 118/500
[reader] generated 120/500
[reader] generated 122/500
[reader] generated 124/500
[reader] generated 126/500
[reader] generated 128/500
[reader] generated 130/500
[reader] generated 132/500
[reader] generated 134/500
[reader] generated 136/500
[reader] generated 138/500
[reader] generated 140/500
[reader] generated 142/500
[reader] generated 144/500
[reader] generated 146/500
[reader] generated 148/500
[reader] generated 150/500
[reader] generated 152/500
[reader] generated 154/500
[reader] generated 156/500
[reader] generated 158/500
[reader] generated 160/500
[reader] generated 162/500
[reader] generated 164/500
[reader] generated 166/500
[reader] generated 168/500
[reader] generated 170/500
[reader] generated 172/500
[reader] generated 174/500
[reader] generated 176/500
[reader] generated 178/500
[reader] generated 180/500
[reader] generated 182/500
[reader] generated 184/500
[reader] generated 186/500
[reader] generated 188/500
[reader] generated 190/500
[reader] generated 192/500
[reader] generated 194/500
[reader] generated 196/500
[reader] generated 198/500
[reader] generated 200/500
[reader] generated 202/500
[reader] generated 204/500
[reader] generated 206/500
[reader] generated 208/500
[reader] generated 210/500
[reader] generated 212/500
[reader] generated 214/500
[reader] generated 216/500
[reader] generated 218/500
[reader] generated 220/500
[reader] generated 222/500
[reader] generated 224/500
[reader] generated 226/500
[reader] generated 228/500
[reader] generated 230/500
[reader] generated 232/500
[reader] generated 234/500
[reader] generated 236/500
[reader] generated 238/500
[reader] generated 240/500
[reader] generated 242/500
[reader] generated 244/500
[reader] generated 246/500
[reader] generated 248/500
[reader] generated 250/500
[reader] generated 252/500
[reader] generated 254/500
[reader] generated 256/500
[reader] generated 258/500
[reader] generated 260/500
[reader] generated 262/500
[reader] generated 264/500
[reader] generated 266/500
[reader] generated 268/500
[reader] generated 270/500
[reader] generated 272/500
[reader] generated 274/500
[reader] generated 276/500
[reader] generated 278/500
[reader] generated 280/500
[reader] generated 282/500
[reader] generated 284/500
[reader] generated 286/500
[reader] generated 288/500
[reader] generated 290/500
[reader] generated 292/500
[reader] generated 294/500
[reader] generated 296/500
[reader] generated 298/500
[reader] generated 300/500
[reader] generated 302/500
[reader] generated 304/500
[reader] generated 306/500
[reader] generated 308/500
[reader] generated 310/500
[reader] generated 312/500
[reader] generated 314/500
[reader] generated 316/500
[reader] generated 318/500
[reader] generated 320/500
[reader] generated 322/500
[reader] generated 324/500
[reader] generated 326/500
[reader] generated 328/500
[reader] generated 330/500
[reader] generated 332/500
[reader] generated 334/500
[reader] generated 336/500
[reader] generated 338/500
[reader] generated 340/500
[reader] generated 342/500
[reader] generated 344/500
[reader] generated 346/500
[reader] generated 348/500
[reader] generated 350/500
[reader] generated 352/500
[reader] generated 354/500
[reader] generated 356/500
[reader] generated 358/500
[reader] generated 360/500
[reader] generated 362/500
[reader] generated 364/500
[reader] generated 366/500
[reader] generated 368/500
[reader] generated 370/500
[reader] generated 372/500
[reader] generated 374/500
[reader] generated 376/500
[reader] generated 378/500
[reader] generated 380/500
[reader] generated 382/500
[reader] generated 384/500
[reader] generated 386/500
[reader] generated 388/500
[reader] generated 390/500
[reader] generated 392/500
[reader] generated 394/500
[reader] generated 396/500
[reader] generated 398/500
[reader] generated 400/500
[reader] generated 402/500
[reader] generated 404/500
[reader] generated 406/500
[reader] generated 408/500
[reader] generated 410/500
[reader] generated 412/500
[reader] generated 414/500
[reader] generated 416/500
[reader] generated 418/500
[reader] generated 420/500
[reader] generated 422/500
[reader] generated 424/500
[reader] generated 426/500
[reader] generated 428/500
[reader] generated 430/500
[reader] generated 432/500
[reader] generated 434/500
[reader] generated 436/500
[reader] generated 438/500
[reader] generated 440/500
[reader] generated 442/500
[reader] generated 444/500
[reader] generated 446/500
[reader] generated 448/500
[reader] generated 450/500
[reader] generated 452/500
[reader] generated 454/500
[reader] generated 456/500
[reader] generated 458/500
[reader] generated 460/500
[reader] generated 462/500
[reader] generated 464/500
[reader] generated 466/500
[reader] generated 468/500
[reader] generated 470/500
[reader] generated 472/500
[reader] generated 474/500
[reader] generated 476/500
[reader] generated 478/500
[reader] generated 480/500
[reader] generated 482/500
[reader] generated 484/500
[reader] generated 486/500
[reader] generated 488/500
[reader] generated 490/500
[reader] generated 492/500
[reader] generated 494/500
[reader] generated 496/500
[reader] generated 498/500
[reader] generated 500/500
[density] policy=chunk_submod_160, router_type=fixed, representation=chunk, packer=submod, reader_model=Qwen/Qwen2.5-3B-Instruct, packed_token_budget=160, recall@1=0.294, all_gold@1=0.008, recall@2=0.36, all_gold@2=0.04, recall@5=0.506, all_gold@5=0.184, qwen_em=0.08, qwen_f1=0.1343, avg_reader_evidence_tokens=139.35, mean_ans_in_context=0.178, mean_ans_in_context_soft=0.3268, mean_gold_token_density=0.2581, mean_gold_doc_reader_cov=0.371, mean_all_gold_reader=0.08, mean_distractor_docs=2.218, mean_context_tokens=139.354, mean_n_snippets=4.038
[density] materializing policy=ace_focused_160
[density] generating policy=ace_focused_160
[reader] generated 2/500
[reader] generated 4/500
[reader] generated 6/500
[reader] generated 8/500
[reader] generated 10/500
[reader] generated 12/500
[reader] generated 14/500
[reader] generated 16/500
[reader] generated 18/500
[reader] generated 20/500
[reader] generated 22/500
[reader] generated 24/500
[reader] generated 26/500
[reader] generated 28/500
[reader] generated 30/500
[reader] generated 32/500
[reader] generated 34/500
[reader] generated 36/500
[reader] generated 38/500
[reader] generated 40/500
[reader] generated 42/500
[reader] generated 44/500
[reader] generated 46/500
[reader] generated 48/500
[reader] generated 50/500
[reader] generated 52/500
[reader] generated 54/500
[reader] generated 56/500
[reader] generated 58/500
[reader] generated 60/500
[reader] generated 62/500
[reader] generated 64/500
[reader] generated 66/500
[reader] generated 68/500
[reader] generated 70/500
[reader] generated 72/500
[reader] generated 74/500
[reader] generated 76/500
[reader] generated 78/500
[reader] generated 80/500
[reader] generated 82/500
[reader] generated 84/500
[reader] generated 86/500
[reader] generated 88/500
[reader] generated 90/500
[reader] generated 92/500
[reader] generated 94/500
[reader] generated 96/500
[reader] generated 98/500
[reader] generated 100/500
[reader] generated 102/500
[reader] generated 104/500
[reader] generated 106/500
[reader] generated 108/500
[reader] generated 110/500
[reader] generated 112/500
[reader] generated 114/500
[reader] generated 116/500
[reader] generated 118/500
[reader] generated 120/500
[reader] generated 122/500
[reader] generated 124/500
[reader] generated 126/500
[reader] generated 128/500
[reader] generated 130/500
[reader] generated 132/500
[reader] generated 134/500
[reader] generated 136/500
[reader] generated 138/500
[reader] generated 140/500
[reader] generated 142/500
[reader] generated 144/500
[reader] generated 146/500
[reader] generated 148/500
[reader] generated 150/500
[reader] generated 152/500
[reader] generated 154/500
[reader] generated 156/500
[reader] generated 158/500
[reader] generated 160/500
[reader] generated 162/500
[reader] generated 164/500
[reader] generated 166/500
[reader] generated 168/500
[reader] generated 170/500
[reader] generated 172/500
[reader] generated 174/500
[reader] generated 176/500
[reader] generated 178/500
[reader] generated 180/500
[reader] generated 182/500
[reader] generated 184/500
[reader] generated 186/500
[reader] generated 188/500
[reader] generated 190/500
[reader] generated 192/500
[reader] generated 194/500
[reader] generated 196/500
[reader] generated 198/500
[reader] generated 200/500
[reader] generated 202/500
[reader] generated 204/500
[reader] generated 206/500
[reader] generated 208/500
[reader] generated 210/500
[reader] generated 212/500
[reader] generated 214/500
[reader] generated 216/500
[reader] generated 218/500
[reader] generated 220/500
[reader] generated 222/500
[reader] generated 224/500
[reader] generated 226/500
[reader] generated 228/500
[reader] generated 230/500
[reader] generated 232/500
[reader] generated 234/500
[reader] generated 236/500
[reader] generated 238/500
[reader] generated 240/500
[reader] generated 242/500
[reader] generated 244/500
[reader] generated 246/500
[reader] generated 248/500
[reader] generated 250/500
[reader] generated 252/500
[reader] generated 254/500
[reader] generated 256/500
[reader] generated 258/500
[reader] generated 260/500
[reader] generated 262/500
[reader] generated 264/500
[reader] generated 266/500
[reader] generated 268/500
[reader] generated 270/500
[reader] generated 272/500
[reader] generated 274/500
[reader] generated 276/500
[reader] generated 278/500
[reader] generated 280/500
[reader] generated 282/500
[reader] generated 284/500
[reader] generated 286/500
[reader] generated 288/500
[reader] generated 290/500
[reader] generated 292/500
[reader] generated 294/500
[reader] generated 296/500
[reader] generated 298/500
[reader] generated 300/500
[reader] generated 302/500
[reader] generated 304/500
[reader] generated 306/500
[reader] generated 308/500
[reader] generated 310/500
[reader] generated 312/500
[reader] generated 314/500
[reader] generated 316/500
[reader] generated 318/500
[reader] generated 320/500
[reader] generated 322/500
[reader] generated 324/500
[reader] generated 326/500
[reader] generated 328/500
[reader] generated 330/500
[reader] generated 332/500
[reader] generated 334/500
[reader] generated 336/500
[reader] generated 338/500
[reader] generated 340/500
[reader] generated 342/500
[reader] generated 344/500
[reader] generated 346/500
[reader] generated 348/500
[reader] generated 350/500
[reader] generated 352/500
[reader] generated 354/500
[reader] generated 356/500
[reader] generated 358/500
[reader] generated 360/500
[reader] generated 362/500
[reader] generated 364/500
[reader] generated 366/500
[reader] generated 368/500
[reader] generated 370/500
[reader] generated 372/500
[reader] generated 374/500
[reader] generated 376/500
[reader] generated 378/500
[reader] generated 380/500
[reader] generated 382/500
[reader] generated 384/500
[reader] generated 386/500
[reader] generated 388/500
[reader] generated 390/500
[reader] generated 392/500
[reader] generated 394/500
[reader] generated 396/500
[reader] generated 398/500
[reader] generated 400/500
[reader] generated 402/500
[reader] generated 404/500
[reader] generated 406/500
[reader] generated 408/500
[reader] generated 410/500
[reader] generated 412/500
[reader] generated 414/500
[reader] generated 416/500
[reader] generated 418/500
[reader] generated 420/500
[reader] generated 422/500
[reader] generated 424/500
[reader] generated 426/500
[reader] generated 428/500
[reader] generated 430/500
[reader] generated 432/500
[reader] generated 434/500
[reader] generated 436/500
[reader] generated 438/500
[reader] generated 440/500
[reader] generated 442/500
[reader] generated 444/500
[reader] generated 446/500
[reader] generated 448/500
[reader] generated 450/500
[reader] generated 452/500
[reader] generated 454/500
[reader] generated 456/500
[reader] generated 458/500
[reader] generated 460/500
[reader] generated 462/500
[reader] generated 464/500
[reader] generated 466/500
[reader] generated 468/500
[reader] generated 470/500
[reader] generated 472/500
[reader] generated 474/500
[reader] generated 476/500
[reader] generated 478/500
[reader] generated 480/500
[reader] generated 482/500
[reader] generated 484/500
[reader] generated 486/500
[reader] generated 488/500
[reader] generated 490/500
[reader] generated 492/500
[reader] generated 494/500
[reader] generated 496/500
[reader] generated 498/500
[reader] generated 500/500
[density] policy=ace_focused_160, router_type=fixed, representation=ace, packer=focused, reader_model=Qwen/Qwen2.5-3B-Instruct, packed_token_budget=160, recall@1=0.281, all_gold@1=0.004, recall@2=0.359, all_gold@2=0.04, recall@5=0.481, all_gold@5=0.142, qwen_em=0.084, qwen_f1=0.1501, avg_reader_evidence_tokens=145.27, mean_ans_in_context=0.216, mean_ans_in_context_soft=0.3589, mean_gold_token_density=0.2481, mean_gold_doc_reader_cov=0.388, mean_all_gold_reader=0.086, mean_distractor_docs=2.542, mean_context_tokens=145.27, mean_n_snippets=3.65
[density] materializing policy=ace_mmr_160
[density] generating policy=ace_mmr_160
[reader] generated 2/500
[reader] generated 4/500
[reader] generated 6/500
[reader] generated 8/500
[reader] generated 10/500
[reader] generated 12/500
[reader] generated 14/500
[reader] generated 16/500
[reader] generated 18/500
[reader] generated 20/500
[reader] generated 22/500
[reader] generated 24/500
[reader] generated 26/500
[reader] generated 28/500
[reader] generated 30/500
[reader] generated 32/500
[reader] generated 34/500
[reader] generated 36/500
[reader] generated 38/500
[reader] generated 40/500
[reader] generated 42/500
[reader] generated 44/500
[reader] generated 46/500
[reader] generated 48/500
[reader] generated 50/500
[reader] generated 52/500
[reader] generated 54/500
[reader] generated 56/500
[reader] generated 58/500
[reader] generated 60/500
[reader] generated 62/500
[reader] generated 64/500
[reader] generated 66/500
[reader] generated 68/500
[reader] generated 70/500
[reader] generated 72/500
[reader] generated 74/500
[reader] generated 76/500
[reader] generated 78/500
[reader] generated 80/500
[reader] generated 82/500
[reader] generated 84/500
[reader] generated 86/500
[reader] generated 88/500
[reader] generated 90/500
[reader] generated 92/500
[reader] generated 94/500
[reader] generated 96/500
[reader] generated 98/500
[reader] generated 100/500
[reader] generated 102/500
[reader] generated 104/500
[reader] generated 106/500
[reader] generated 108/500
[reader] generated 110/500
[reader] generated 112/500
[reader] generated 114/500
[reader] generated 116/500
[reader] generated 118/500
[reader] generated 120/500
[reader] generated 122/500
[reader] generated 124/500
[reader] generated 126/500
[reader] generated 128/500
[reader] generated 130/500
[reader] generated 132/500
[reader] generated 134/500
[reader] generated 136/500
[reader] generated 138/500
[reader] generated 140/500
[reader] generated 142/500
[reader] generated 144/500
[reader] generated 146/500
[reader] generated 148/500
[reader] generated 150/500
[reader] generated 152/500
[reader] generated 154/500
[reader] generated 156/500
[reader] generated 158/500
[reader] generated 160/500
[reader] generated 162/500
[reader] generated 164/500
[reader] generated 166/500
[reader] generated 168/500
[reader] generated 170/500
[reader] generated 172/500
[reader] generated 174/500
[reader] generated 176/500
[reader] generated 178/500
[reader] generated 180/500
[reader] generated 182/500
[reader] generated 184/500
[reader] generated 186/500
[reader] generated 188/500
[reader] generated 190/500
[reader] generated 192/500
[reader] generated 194/500
[reader] generated 196/500
[reader] generated 198/500
[reader] generated 200/500
[reader] generated 202/500
[reader] generated 204/500
[reader] generated 206/500
[reader] generated 208/500
[reader] generated 210/500
[reader] generated 212/500
[reader] generated 214/500
[reader] generated 216/500
[reader] generated 218/500
[reader] generated 220/500
[reader] generated 222/500
[reader] generated 224/500
[reader] generated 226/500
[reader] generated 228/500
[reader] generated 230/500
[reader] generated 232/500
[reader] generated 234/500
[reader] generated 236/500
[reader] generated 238/500
[reader] generated 240/500
[reader] generated 242/500
[reader] generated 244/500
[reader] generated 246/500
[reader] generated 248/500
[reader] generated 250/500
[reader] generated 252/500
[reader] generated 254/500
[reader] generated 256/500
[reader] generated 258/500
[reader] generated 260/500
[reader] generated 262/500
[reader] generated 264/500
[reader] generated 266/500
[reader] generated 268/500
[reader] generated 270/500
[reader] generated 272/500
[reader] generated 274/500
[reader] generated 276/500
[reader] generated 278/500
[reader] generated 280/500
[reader] generated 282/500
[reader] generated 284/500
[reader] generated 286/500
[reader] generated 288/500
[reader] generated 290/500
[reader] generated 292/500
[reader] generated 294/500
[reader] generated 296/500
[reader] generated 298/500
[reader] generated 300/500
[reader] generated 302/500
[reader] generated 304/500
[reader] generated 306/500
[reader] generated 308/500
[reader] generated 310/500
[reader] generated 312/500
[reader] generated 314/500
[reader] generated 316/500
[reader] generated 318/500
[reader] generated 320/500
[reader] generated 322/500
[reader] generated 324/500
[reader] generated 326/500
[reader] generated 328/500
[reader] generated 330/500
[reader] generated 332/500
[reader] generated 334/500
[reader] generated 336/500
[reader] generated 338/500
[reader] generated 340/500
[reader] generated 342/500
[reader] generated 344/500
[reader] generated 346/500
[reader] generated 348/500
[reader] generated 350/500
[reader] generated 352/500
[reader] generated 354/500
[reader] generated 356/500
[reader] generated 358/500
[reader] generated 360/500
[reader] generated 362/500
[reader] generated 364/500
[reader] generated 366/500
[reader] generated 368/500
[reader] generated 370/500
[reader] generated 372/500
[reader] generated 374/500
[reader] generated 376/500
[reader] generated 378/500
[reader] generated 380/500
[reader] generated 382/500
[reader] generated 384/500
[reader] generated 386/500
[reader] generated 388/500
[reader] generated 390/500
[reader] generated 392/500
[reader] generated 394/500
[reader] generated 396/500
[reader] generated 398/500
[reader] generated 400/500
[reader] generated 402/500
[reader] generated 404/500
[reader] generated 406/500
[reader] generated 408/500
[reader] generated 410/500
[reader] generated 412/500
[reader] generated 414/500
[reader] generated 416/500
[reader] generated 418/500
[reader] generated 420/500
[reader] generated 422/500
[reader] generated 424/500
[reader] generated 426/500
[reader] generated 428/500
[reader] generated 430/500
[reader] generated 432/500
[reader] generated 434/500
[reader] generated 436/500
[reader] generated 438/500
[reader] generated 440/500
[reader] generated 442/500
[reader] generated 444/500
[reader] generated 446/500
[reader] generated 448/500
[reader] generated 450/500
[reader] generated 452/500
[reader] generated 454/500
[reader] generated 456/500
[reader] generated 458/500
[reader] generated 460/500
[reader] generated 462/500
[reader] generated 464/500
[reader] generated 466/500
[reader] generated 468/500
[reader] generated 470/500
[reader] generated 472/500
[reader] generated 474/500
[reader] generated 476/500
[reader] generated 478/500
[reader] generated 480/500
[reader] generated 482/500
[reader] generated 484/500
[reader] generated 486/500
[reader] generated 488/500
[reader] generated 490/500
[reader] generated 492/500
[reader] generated 494/500
[reader] generated 496/500
[reader] generated 498/500
[reader] generated 500/500
[density] policy=ace_mmr_160, router_type=fixed, representation=ace, packer=mmr, reader_model=Qwen/Qwen2.5-3B-Instruct, packed_token_budget=160, recall@1=0.281, all_gold@1=0.004, recall@2=0.359, all_gold@2=0.04, recall@5=0.481, all_gold@5=0.142, qwen_em=0.084, qwen_f1=0.1484, avg_reader_evidence_tokens=144.93, mean_ans_in_context=0.208, mean_ans_in_context_soft=0.3462, mean_gold_token_density=0.2572, mean_gold_doc_reader_cov=0.351, mean_all_gold_reader=0.06, mean_distractor_docs=2.152, mean_context_tokens=144.926, mean_n_snippets=3.664
[density] materializing policy=ace_submod_160
[density] generating policy=ace_submod_160
[reader] generated 2/500
[reader] generated 4/500
[reader] generated 6/500
[reader] generated 8/500
[reader] generated 10/500
[reader] generated 12/500
[reader] generated 14/500
[reader] generated 16/500
[reader] generated 18/500
[reader] generated 20/500
[reader] generated 22/500
[reader] generated 24/500
[reader] generated 26/500
[reader] generated 28/500
[reader] generated 30/500
[reader] generated 32/500
[reader] generated 34/500
[reader] generated 36/500
[reader] generated 38/500
[reader] generated 40/500
[reader] generated 42/500
[reader] generated 44/500
[reader] generated 46/500
[reader] generated 48/500
[reader] generated 50/500
[reader] generated 52/500
[reader] generated 54/500
[reader] generated 56/500
[reader] generated 58/500
[reader] generated 60/500
[reader] generated 62/500
[reader] generated 64/500
[reader] generated 66/500
[reader] generated 68/500
[reader] generated 70/500
[reader] generated 72/500
[reader] generated 74/500
[reader] generated 76/500
[reader] generated 78/500
[reader] generated 80/500
[reader] generated 82/500
[reader] generated 84/500
[reader] generated 86/500
[reader] generated 88/500
[reader] generated 90/500
[reader] generated 92/500
[reader] generated 94/500
[reader] generated 96/500
[reader] generated 98/500
[reader] generated 100/500
[reader] generated 102/500
[reader] generated 104/500
[reader] generated 106/500
[reader] generated 108/500
[reader] generated 110/500
[reader] generated 112/500
[reader] generated 114/500
[reader] generated 116/500
[reader] generated 118/500
[reader] generated 120/500
[reader] generated 122/500
[reader] generated 124/500
[reader] generated 126/500
[reader] generated 128/500
[reader] generated 130/500
[reader] generated 132/500
[reader] generated 134/500
[reader] generated 136/500
[reader] generated 138/500
[reader] generated 140/500
[reader] generated 142/500
[reader] generated 144/500
[reader] generated 146/500
[reader] generated 148/500
[reader] generated 150/500
[reader] generated 152/500
[reader] generated 154/500
[reader] generated 156/500
[reader] generated 158/500
[reader] generated 160/500
[reader] generated 162/500
[reader] generated 164/500
[reader] generated 166/500
[reader] generated 168/500
[reader] generated 170/500
[reader] generated 172/500
[reader] generated 174/500
[reader] generated 176/500
[reader] generated 178/500
[reader] generated 180/500
[reader] generated 182/500
[reader] generated 184/500
[reader] generated 186/500
[reader] generated 188/500
[reader] generated 190/500
[reader] generated 192/500
[reader] generated 194/500
[reader] generated 196/500
[reader] generated 198/500
[reader] generated 200/500
[reader] generated 202/500
[reader] generated 204/500
[reader] generated 206/500
[reader] generated 208/500
[reader] generated 210/500
[reader] generated 212/500
[reader] generated 214/500
[reader] generated 216/500
[reader] generated 218/500
[reader] generated 220/500
[reader] generated 222/500
[reader] generated 224/500
[reader] generated 226/500
[reader] generated 228/500
[reader] generated 230/500
[reader] generated 232/500
[reader] generated 234/500
[reader] generated 236/500
[reader] generated 238/500
[reader] generated 240/500
[reader] generated 242/500
[reader] generated 244/500
[reader] generated 246/500
[reader] generated 248/500
[reader] generated 250/500
[reader] generated 252/500
[reader] generated 254/500
[reader] generated 256/500
[reader] generated 258/500
[reader] generated 260/500
[reader] generated 262/500
[reader] generated 264/500
[reader] generated 266/500
[reader] generated 268/500
[reader] generated 270/500
[reader] generated 272/500
[reader] generated 274/500
[reader] generated 276/500
[reader] generated 278/500
[reader] generated 280/500
[reader] generated 282/500
[reader] generated 284/500
[reader] generated 286/500
[reader] generated 288/500
[reader] generated 290/500
[reader] generated 292/500
[reader] generated 294/500
[reader] generated 296/500
[reader] generated 298/500
[reader] generated 300/500
[reader] generated 302/500
[reader] generated 304/500
[reader] generated 306/500
[reader] generated 308/500
[reader] generated 310/500
[reader] generated 312/500
[reader] generated 314/500
[reader] generated 316/500
[reader] generated 318/500
[reader] generated 320/500
[reader] generated 322/500
[reader] generated 324/500
[reader] generated 326/500
[reader] generated 328/500
[reader] generated 330/500
[reader] generated 332/500
[reader] generated 334/500
[reader] generated 336/500
[reader] generated 338/500
[reader] generated 340/500
[reader] generated 342/500
[reader] generated 344/500
[reader] generated 346/500
[reader] generated 348/500
[reader] generated 350/500
[reader] generated 352/500
[reader] generated 354/500
[reader] generated 356/500
[reader] generated 358/500
[reader] generated 360/500
[reader] generated 362/500
[reader] generated 364/500
[reader] generated 366/500
[reader] generated 368/500
[reader] generated 370/500
[reader] generated 372/500
[reader] generated 374/500
[reader] generated 376/500
[reader] generated 378/500
[reader] generated 380/500
[reader] generated 382/500
[reader] generated 384/500
[reader] generated 386/500
[reader] generated 388/500
[reader] generated 390/500
[reader] generated 392/500
[reader] generated 394/500
[reader] generated 396/500
[reader] generated 398/500
[reader] generated 400/500
[reader] generated 402/500
[reader] generated 404/500
[reader] generated 406/500
[reader] generated 408/500
[reader] generated 410/500
[reader] generated 412/500
[reader] generated 414/500
[reader] generated 416/500
[reader] generated 418/500
[reader] generated 420/500
[reader] generated 422/500
[reader] generated 424/500
[reader] generated 426/500
[reader] generated 428/500
[reader] generated 430/500
[reader] generated 432/500
[reader] generated 434/500
[reader] generated 436/500
[reader] generated 438/500
[reader] generated 440/500
[reader] generated 442/500
[reader] generated 444/500
[reader] generated 446/500
[reader] generated 448/500
[reader] generated 450/500
[reader] generated 452/500
[reader] generated 454/500
[reader] generated 456/500
[reader] generated 458/500
[reader] generated 460/500
[reader] generated 462/500
[reader] generated 464/500
[reader] generated 466/500
[reader] generated 468/500
[reader] generated 470/500
[reader] generated 472/500
[reader] generated 474/500
[reader] generated 476/500
[reader] generated 478/500
[reader] generated 480/500
[reader] generated 482/500
[reader] generated 484/500
[reader] generated 486/500
[reader] generated 488/500
[reader] generated 490/500
[reader] generated 492/500
[reader] generated 494/500
[reader] generated 496/500
[reader] generated 498/500
[reader] generated 500/500
[density] policy=ace_submod_160, router_type=fixed, representation=ace, packer=submod, reader_model=Qwen/Qwen2.5-3B-Instruct, packed_token_budget=160, recall@1=0.281, all_gold@1=0.004, recall@2=0.359, all_gold@2=0.04, recall@5=0.481, all_gold@5=0.142, qwen_em=0.082, qwen_f1=0.1412, avg_reader_evidence_tokens=142.85, mean_ans_in_context=0.194, mean_ans_in_context_soft=0.3358, mean_gold_token_density=0.2511, mean_gold_doc_reader_cov=0.358, mean_all_gold_reader=0.062, mean_distractor_docs=2.292, mean_context_tokens=142.852, mean_n_snippets=4.138
[density] policy=router_oracle_packer, router_type=oracle, representation=mixed, packer=oracle, reader_model=Qwen/Qwen2.5-3B-Instruct, packed_token_budget=160, selection_counts={"ace_focused_160": 71, "ace_mmr_160": 41, "ace_submod_160": 65, "chunk_focused_160": 102, "chunk_mmr_160": 37, "chunk_submod_160": 184}, qwen_em=0.162, qwen_f1=0.2509, avg_reader_evidence_tokens=133.63, mean_ans_in_context=0.252, mean_ans_in_context_soft=0.3883, mean_gold_token_density=0.2715, mean_gold_doc_reader_cov=0.36, mean_all_gold_reader=0.082, mean_distractor_docs=2.062, mean_context_tokens=133.63, mean_n_snippets=3.518
wrote /kaggle/working/colab_results/stage13_musique_qwen3b_budget160_limit500_seed7/musique_local_density_standard_budget160_limit500_metrics.csv
wrote /kaggle/working/colab_results/stage13_musique_qwen3b_budget160_limit500_seed7/musique_local_density_standard_budget160_limit500_per_question.csv
=== control/main.py done: stage13-multiseed; ok=['budget96_seed13', 'budget96_seed7', 'budget128_seed13', 'budget128_seed7', 'budget224_seed13', 'budget224_seed7', 'musique_seed13', 'musique_seed7'] failed=[] ===
