qid,policy,representation,packer,em,f1,ans_in_context,gold_token_density,gold_doc_reader_cov,context_tokens,base_recall@5,base_all_gold@5
2hop__460946_294723,chunk_packed_240,chunk,packed,0.0,0.0,0.0,0.0,0.0,240.0,0.0,0.0
2hop__252311_366220,chunk_packed_240,chunk,packed,0.0,0.8,1.0,0.1883,0.5,223.0,0.0,0.0
2hop__701895_752697,chunk_packed_240,chunk,packed,0.0,0.0,0.0,0.2902,0.5,224.0,0.5,0.0
2hop__259228_793698,chunk_packed_240,chunk,packed,0.0,0.0,0.0,0.0,0.0,240.0,0.0,0.0
2hop__481349_302087,chunk_packed_240,chunk,packed,0.0,0.0,0.0,0.0,0.0,234.0,0.5,0.0
2hop__697790_864352,chunk_packed_240,chunk,packed,0.0,0.0,0.0,0.0,0.0,235.0,0.5,0.0
2hop__207476_625987,chunk_packed_240,chunk,packed,0.0,0.0,0.0,0.0,0.0,237.0,0.5,0.0
2hop__390947_232243,chunk_packed_240,chunk,packed,0.0,0.8,1.0,0.2379,1.0,227.0,1.0,1.0
2hop__354635_174222,chunk_packed_240,chunk,packed,0.0,0.0,0.0,0.0,0.0,235.0,0.5,0.0
2hop__635187_861533,chunk_packed_240,chunk,packed,0.0,0.0,0.0,0.2242,0.5,223.0,0.5,0.0
2hop__166824_185403,chunk_packed_240,chunk,packed,0.0,0.0,0.0,0.1366,0.5,227.0,0.5,0.0
2hop__698577_851686,chunk_packed_240,chunk,packed,0.0,0.0,0.0,0.0,0.0,240.0,0.5,0.0
2hop__362107_652514,chunk_packed_240,chunk,packed,0.0,0.0,1.0,0.1822,0.5,236.0,1.0,1.0
2hop__402530_774333,chunk_packed_240,chunk,packed,0.0,0.0,0.0,0.089,0.5,236.0,0.5,0.0
2hop__195917_575657,chunk_packed_240,chunk,packed,0.0,0.0,0.0,0.1458,0.5,240.0,0.5,0.0
2hop__683835_709167,chunk_packed_240,chunk,packed,0.0,0.0,0.0,0.1688,0.5,237.0,0.5,0.0
2hop__197470_271394,chunk_packed_240,chunk,packed,0.0,0.0,0.0,0.0,0.0,239.0,1.0,1.0
2hop__458131_174974,chunk_packed_240,chunk,packed,0.0,0.0,0.0,0.0,0.0,224.0,0.5,0.0
2hop__299142_347613,chunk_packed_240,chunk,packed,0.0,0.0,0.0,0.1167,0.5,240.0,0.5,0.0
2hop__528263_865831,chunk_packed_240,chunk,packed,0.0,0.0,0.0,0.1938,0.5,227.0,0.5,0.0
2hop__569582_304416,chunk_packed_240,chunk,packed,0.0,0.0,0.0,0.0,0.0,239.0,1.0,1.0
2hop__505860_650613,chunk_packed_240,chunk,packed,0.0,0.0,0.0,0.0,0.0,230.0,0.5,0.0
2hop__821197_368148,chunk_packed_240,chunk,packed,0.0,0.0,0.0,0.1378,0.5,225.0,1.0,1.0
2hop__554167_451128,chunk_packed_240,chunk,packed,0.0,0.0,0.0,0.1839,0.5,223.0,0.5,0.0
2hop__702496_430061,chunk_packed_240,chunk,packed,0.0,0.0,0.0,0.0,0.0,226.0,0.5,0.0
2hop__549146_223121,chunk_packed_240,chunk,packed,0.0,0.4,0.0,0.1545,0.5,220.0,0.0,0.0
2hop__647996_551681,chunk_packed_240,chunk,packed,0.0,0.0,0.0,0.0,0.0,223.0,0.5,0.0
2hop__673655_316668,chunk_packed_240,chunk,packed,0.0,0.0,0.0,0.1373,0.5,233.0,0.5,0.0
2hop__574419_270105,chunk_packed_240,chunk,packed,0.0,0.0,0.0,0.0739,0.5,230.0,0.5,0.0
2hop__403712_793210,chunk_packed_240,chunk,packed,0.0,0.0,0.0,0.056,0.5,232.0,1.0,1.0
2hop__832795_350510,chunk_packed_240,chunk,packed,0.0,0.0,0.0,0.1266,0.5,229.0,0.5,0.0
2hop__744055_408817,chunk_packed_240,chunk,packed,1.0,1.0,1.0,0.21,1.0,219.0,1.0,1.0
2hop__726717_610238,chunk_packed_240,chunk,packed,0.0,0.4444,1.0,0.3502,1.0,237.0,1.0,1.0
2hop__499577_617190,chunk_packed_240,chunk,packed,0.0,0.0,0.0,0.2121,0.5,231.0,1.0,1.0
2hop__685280_510757,chunk_packed_240,chunk,packed,0.0,0.0,0.0,0.0,0.0,240.0,0.5,0.0
2hop__341305_332933,chunk_packed_240,chunk,packed,0.0,0.0,0.0,0.194,0.5,232.0,0.5,0.0
2hop__731228_609866,chunk_packed_240,chunk,packed,0.0,0.0,0.0,0.0,0.0,225.0,0.5,0.0
2hop__693444_220151,chunk_packed_240,chunk,packed,0.0,0.0,0.0,0.0,0.0,225.0,0.5,0.0
2hop__235471_565925,chunk_packed_240,chunk,packed,0.0,0.5,0.0,0.1532,0.5,222.0,0.5,0.0
2hop__310456_846599,chunk_packed_240,chunk,packed,0.0,0.0,0.0,0.0,0.0,237.0,0.5,0.0
2hop__335418_279684,chunk_packed_240,chunk,packed,0.0,0.0,0.0,0.0991,0.5,232.0,1.0,1.0
2hop__191125_781346,chunk_packed_240,chunk,packed,0.0,0.0,0.0,0.0955,0.5,220.0,0.5,0.0
2hop__475070_532404,chunk_packed_240,chunk,packed,0.0,0.0,1.0,0.4248,1.0,226.0,1.0,1.0
2hop__700093_455653,chunk_packed_240,chunk,packed,0.0,0.2857,1.0,0.5579,1.0,233.0,0.5,0.0
2hop__512773_346751,chunk_packed_240,chunk,packed,0.0,0.0,0.0,0.2684,0.5,231.0,0.5,0.0
2hop__411091_625230,chunk_packed_240,chunk,packed,0.0,0.0,0.0,0.0,0.0,240.0,0.5,0.0
2hop__423972_540249,chunk_packed_240,chunk,packed,0.0,0.6667,0.0,0.1506,0.5,239.0,1.0,1.0
2hop__455158_247871,chunk_packed_240,chunk,packed,0.0,0.0,0.0,0.1111,0.5,234.0,1.0,1.0
2hop__189094_612080,chunk_packed_240,chunk,packed,0.0,0.0,0.0,0.1087,0.5,230.0,0.5,0.0
2hop__765678_310556,chunk_packed_240,chunk,packed,0.0,0.0,0.0,0.1509,0.5,232.0,0.5,0.0
2hop__304852_758385,chunk_packed_240,chunk,packed,0.0,0.0,0.0,0.1139,0.5,237.0,0.5,0.0
2hop__628752_538661,chunk_packed_240,chunk,packed,0.0,0.0,0.0,0.2167,0.5,240.0,0.5,0.0
2hop__661847_288421,chunk_packed_240,chunk,packed,0.0,0.0,0.0,0.1711,0.5,228.0,0.5,0.0
2hop__496732_658428,chunk_packed_240,chunk,packed,0.0,0.5,0.0,0.1097,0.5,237.0,0.5,0.0
2hop__175175_347233,chunk_packed_240,chunk,packed,0.0,0.0,0.0,0.1059,0.5,236.0,0.5,0.0
2hop__496961_554601,chunk_packed_240,chunk,packed,0.0,0.0,1.0,0.1059,0.5,236.0,1.0,1.0
2hop__274110_413723,chunk_packed_240,chunk,packed,0.0,0.0,0.0,0.0,0.0,232.0,0.0,0.0
2hop__231890_595414,chunk_packed_240,chunk,packed,0.0,0.0,0.0,0.0,0.0,229.0,0.5,0.0
2hop__342746_679190,chunk_packed_240,chunk,packed,0.0,0.0,0.0,0.0,0.0,240.0,0.0,0.0
2hop__860241_766393,chunk_packed_240,chunk,packed,1.0,1.0,1.0,0.1757,0.5,239.0,0.5,0.0
2hop__29368_29376,chunk_packed_240,chunk,packed,0.0,0.0,0.0,0.0,0.0,211.0,0.0,0.0
2hop__29367_29376,chunk_packed_240,chunk,packed,0.0,0.0,0.0,0.0,0.0,211.0,0.0,0.0
2hop__21075_5028,chunk_packed_240,chunk,packed,0.0,0.0,1.0,0.2321,0.5,237.0,1.0,1.0
2hop__557411_652060,chunk_packed_240,chunk,packed,0.0,0.0,0.0,0.0,0.0,216.0,0.0,0.0
2hop__677929_696450,chunk_packed_240,chunk,packed,0.0,0.5,0.0,0.1568,0.5,236.0,0.5,0.0
2hop__132909_33564,chunk_packed_240,chunk,packed,0.0,0.0,0.0,0.1772,0.5,237.0,0.5,0.0
2hop__199216_33564,chunk_packed_240,chunk,packed,0.0,0.0,0.0,0.0,0.0,240.0,0.5,0.0
2hop__133241_33564,chunk_packed_240,chunk,packed,0.0,0.0,0.0,0.0,0.0,240.0,0.5,0.0
2hop__636597_480615,chunk_packed_240,chunk,packed,0.0,0.0,0.0,0.1513,0.5,238.0,0.5,0.0
2hop__373759_136043,chunk_packed_240,chunk,packed,0.0,0.0,0.0,0.0,0.0,237.0,0.0,0.0
2hop__709357_136043,chunk_packed_240,chunk,packed,0.0,0.0,0.0,0.3475,0.5,236.0,1.0,1.0
2hop__32254_84601,chunk_packed_240,chunk,packed,0.0,0.5,1.0,0.5447,1.0,235.0,1.0,1.0
2hop__471509_136043,chunk_packed_240,chunk,packed,0.0,0.0,0.0,0.0,0.0,231.0,1.0,1.0
2hop__87589_362941,chunk_packed_240,chunk,packed,0.0,0.0,0.0,0.2795,0.5,229.0,0.5,0.0
2hop__61318_362941,chunk_packed_240,chunk,packed,0.0,0.0,0.0,0.1724,0.5,232.0,0.5,0.0
2hop__20268_42004,chunk_packed_240,chunk,packed,0.0,0.0,0.0,0.2479,0.5,238.0,1.0,1.0
2hop__159902_362941,chunk_packed_240,chunk,packed,0.0,0.0,0.0,0.0,0.0,237.0,0.0,0.0
2hop__42027_42004,chunk_packed_240,chunk,packed,0.0,0.0,0.0,0.0,0.0,237.0,1.0,1.0
2hop__648648_173389,chunk_packed_240,chunk,packed,0.0,0.0,0.0,0.1923,0.5,234.0,0.5,0.0
2hop__477492_240386,chunk_packed_240,chunk,packed,0.0,0.0,0.0,0.2881,0.5,236.0,0.5,0.0
2hop__776377_857193,chunk_packed_240,chunk,packed,0.0,0.5,0.0,0.2375,0.5,240.0,0.5,0.0
2hop__29752_814677,chunk_packed_240,chunk,packed,0.0,0.0,0.0,0.2395,0.5,238.0,0.0,0.0
2hop__77601_814677,chunk_packed_240,chunk,packed,0.0,0.0,0.0,0.0,0.0,234.0,1.0,1.0
2hop__497191_129669,chunk_packed_240,chunk,packed,0.0,0.0,0.0,0.1719,0.5,221.0,0.5,0.0
2hop__311694_129669,chunk_packed_240,chunk,packed,0.0,0.0,0.0,0.1261,0.5,238.0,0.5,0.0
2hop__819974_129669,chunk_packed_240,chunk,packed,0.0,0.0,0.0,0.1845,0.5,233.0,0.5,0.0
2hop__199513_13732,chunk_packed_240,chunk,packed,0.0,0.0,1.0,0.4477,1.0,239.0,1.0,1.0
2hop__13731_801817,chunk_packed_240,chunk,packed,0.0,0.0,0.0,0.0,0.0,234.0,0.0,0.0
2hop__865961_159109,chunk_packed_240,chunk,packed,0.0,0.0,0.0,0.2537,0.5,201.0,0.5,0.0
2hop__728887_159109,chunk_packed_240,chunk,packed,0.0,0.0,0.0,0.0,0.0,233.0,0.5,0.0
2hop__827995_159109,chunk_packed_240,chunk,packed,0.0,0.0,0.0,0.1351,0.5,222.0,0.5,0.0
2hop__159215_779396,chunk_packed_240,chunk,packed,0.0,0.0,0.0,0.0,0.0,233.0,0.5,0.0
2hop__119423_779396,chunk_packed_240,chunk,packed,0.0,0.0,0.0,0.0,0.0,235.0,0.5,0.0
2hop__115515_779396,chunk_packed_240,chunk,packed,0.0,0.0,0.0,0.0,0.0,235.0,0.5,0.0
2hop__665660_135481,chunk_packed_240,chunk,packed,1.0,1.0,1.0,0.3432,1.0,236.0,1.0,1.0
2hop__201704_135481,chunk_packed_240,chunk,packed,0.0,0.0,1.0,0.3289,1.0,228.0,1.0,1.0
2hop__861157_135481,chunk_packed_240,chunk,packed,1.0,1.0,1.0,0.0,0.0,234.0,1.0,1.0
2hop__495316_660579,chunk_packed_240,chunk,packed,0.0,0.0,0.0,0.0973,0.5,226.0,0.5,0.0
2hop__478978_124498,chunk_packed_240,chunk,packed,0.0,0.4,1.0,0.2301,0.5,239.0,0.5,0.0
2hop__543853_124498,chunk_packed_240,chunk,packed,0.0,0.0,0.0,0.2973,0.5,222.0,0.5,0.0
2hop__335899_124498,chunk_packed_240,chunk,packed,0.0,0.0,0.0,0.0,0.0,240.0,0.5,0.0
2hop__517145_367341,chunk_packed_240,chunk,packed,0.0,0.0,0.0,0.1303,0.5,238.0,0.5,0.0
2hop__92051_827343,chunk_packed_240,chunk,packed,0.0,0.0,0.0,0.0,0.0,236.0,0.0,0.0
2hop__89764_827343,chunk_packed_240,chunk,packed,0.0,0.0,0.0,0.206,0.5,233.0,0.5,0.0
2hop__59048_827343,chunk_packed_240,chunk,packed,0.0,0.5,0.0,0.2,0.5,215.0,0.0,0.0
2hop__14121_15463,chunk_packed_240,chunk,packed,0.0,0.0,0.0,0.0,0.0,236.0,1.0,1.0
2hop__817096_15463,chunk_packed_240,chunk,packed,0.0,0.0,0.0,0.0,0.0,233.0,0.0,0.0
2hop__14095_15463,chunk_packed_240,chunk,packed,0.0,0.0,0.0,0.0,0.0,211.0,1.0,1.0
2hop__485221_544917,chunk_packed_240,chunk,packed,0.0,0.0,0.0,0.2183,0.5,229.0,0.5,0.0
2hop__198459_61845,chunk_packed_240,chunk,packed,0.0,0.0,0.0,0.2321,0.5,237.0,0.5,0.0
2hop__563476_61845,chunk_packed_240,chunk,packed,0.0,0.0,0.0,0.1872,0.5,219.0,0.0,0.0
2hop__622308_61845,chunk_packed_240,chunk,packed,0.0,0.0,0.0,0.0,0.0,238.0,0.0,0.0
2hop__135653_669373,chunk_packed_240,chunk,packed,0.0,0.0,1.0,0.2764,0.5,199.0,0.5,0.0
2hop__135652_669373,chunk_packed_240,chunk,packed,0.0,0.0,0.0,0.0,0.0,213.0,0.5,0.0
2hop__135651_669373,chunk_packed_240,chunk,packed,0.0,0.6667,1.0,0.2402,0.5,229.0,0.5,0.0
2hop__256336_714772,chunk_packed_240,chunk,packed,0.0,0.0,0.0,0.0,0.0,236.0,0.0,0.0
2hop__199513_801817,chunk_packed_240,chunk,packed,0.0,0.0,0.0,0.0,0.0,240.0,0.5,0.0
2hop__391857_162018,chunk_packed_240,chunk,packed,0.0,0.0,0.0,0.1255,0.5,239.0,0.5,0.0
2hop__645448_77615,chunk_packed_240,chunk,packed,0.0,0.0,1.0,0.0,0.0,240.0,1.0,1.0
2hop__123104_77615,chunk_packed_240,chunk,packed,1.0,1.0,1.0,0.141,0.5,234.0,1.0,1.0
2hop__701525_342810,chunk_packed_240,chunk,packed,0.0,0.5,1.0,0.2241,1.0,232.0,0.5,0.0
2hop__668407_683671,chunk_packed_240,chunk,packed,0.0,0.0,1.0,0.5294,1.0,238.0,1.0,1.0
2hop__286093_361551,chunk_packed_240,chunk,packed,0.0,0.5,0.0,0.0,0.0,238.0,0.5,0.0
2hop__124592_402641,chunk_packed_240,chunk,packed,0.0,0.0,0.0,0.1891,0.5,238.0,1.0,1.0
2hop__256553_617289,chunk_packed_240,chunk,packed,0.0,0.0,1.0,0.3571,0.5,210.0,0.0,0.0
2hop__124412_402641,chunk_packed_240,chunk,packed,0.0,0.0,0.0,0.0,0.0,239.0,1.0,1.0
2hop__706637_93362,chunk_packed_240,chunk,packed,0.0,0.0,0.0,0.0,0.0,232.0,0.0,0.0
2hop__780652_93362,chunk_packed_240,chunk,packed,0.0,0.0,0.0,0.0,0.0,240.0,0.5,0.0
2hop__771727_93362,chunk_packed_240,chunk,packed,0.0,0.0,0.0,0.2043,0.5,230.0,0.5,0.0
2hop__499003_853511,chunk_packed_240,chunk,packed,0.0,0.5,0.0,0.1116,0.5,233.0,0.5,0.0
2hop__822965_165304,chunk_packed_240,chunk,packed,0.0,0.0,0.0,0.0897,0.5,223.0,0.5,0.0
2hop__156085_436709,chunk_packed_240,chunk,packed,0.0,0.0,1.0,0.0,0.0,220.0,0.5,0.0
2hop__31585_61048,chunk_packed_240,chunk,packed,0.0,0.0,0.0,0.0,0.0,231.0,0.5,0.0
2hop__94507_654855,chunk_packed_240,chunk,packed,0.0,0.0,0.0,0.1159,0.5,233.0,0.5,0.0
2hop__82858_654855,chunk_packed_240,chunk,packed,1.0,1.0,1.0,0.0,0.0,238.0,1.0,1.0
2hop__62823_654855,chunk_packed_240,chunk,packed,0.0,0.6667,1.0,0.2667,0.5,240.0,0.5,0.0
2hop__827755_156034,chunk_packed_240,chunk,packed,0.0,0.0,0.0,0.1447,0.5,235.0,0.5,0.0
2hop__800166_156034,chunk_packed_240,chunk,packed,0.0,0.0,0.0,0.1442,0.5,215.0,0.5,0.0
2hop__742831_156034,chunk_packed_240,chunk,packed,0.0,0.0,0.0,0.1757,0.5,239.0,0.5,0.0
2hop__50910_177869,chunk_packed_240,chunk,packed,1.0,1.0,1.0,0.0,0.0,234.0,0.5,0.0
2hop__82270_177869,chunk_packed_240,chunk,packed,0.0,0.0,0.0,0.0,0.0,229.0,0.5,0.0
2hop__76314_177869,chunk_packed_240,chunk,packed,1.0,1.0,1.0,0.1277,0.5,235.0,0.5,0.0
2hop__401710_456439,chunk_packed_240,chunk,packed,0.0,0.0,1.0,0.1299,0.5,231.0,0.5,0.0
2hop__613959_135844,chunk_packed_240,chunk,packed,0.0,0.0,1.0,0.2241,0.5,232.0,0.5,0.0
2hop__258940_135844,chunk_packed_240,chunk,packed,0.0,0.0,0.0,0.0792,0.5,240.0,0.5,0.0
2hop__747894_135844,chunk_packed_240,chunk,packed,1.0,1.0,1.0,0.1632,0.5,239.0,0.5,0.0
2hop__16581_16525,chunk_packed_240,chunk,packed,0.0,0.0,0.0,0.0,0.0,240.0,1.0,1.0
2hop__640262_122868,chunk_packed_240,chunk,packed,0.0,0.25,0.0,0.1392,0.5,237.0,0.5,0.0
2hop__632234_122868,chunk_packed_240,chunk,packed,0.0,0.0,0.0,0.1134,0.5,238.0,0.5,0.0
2hop__849534_122868,chunk_packed_240,chunk,packed,0.0,0.5,0.0,0.125,0.5,240.0,0.5,0.0
2hop__83460_456238,chunk_packed_240,chunk,packed,0.0,0.0,0.0,0.2838,0.5,229.0,1.0,1.0
2hop__89991_58067,chunk_packed_240,chunk,packed,0.0,0.0,0.0,0.1342,0.5,231.0,0.5,0.0
2hop__160223_58067,chunk_packed_240,chunk,packed,0.0,0.0,0.0,0.0,0.0,231.0,0.0,0.0
2hop__158010_58067,chunk_packed_240,chunk,packed,0.0,0.0,0.0,0.0,0.0,234.0,0.0,0.0
2hop__439614_349102,chunk_packed_240,chunk,packed,0.0,0.0,1.0,0.0,0.0,240.0,1.0,1.0
2hop__747758_58067,chunk_packed_240,chunk,packed,0.0,0.0,0.0,0.0,0.0,223.0,0.0,0.0
2hop__77775_162341,chunk_packed_240,chunk,packed,0.0,0.0,0.0,0.1017,0.5,236.0,0.5,0.0
2hop__55966_162341,chunk_packed_240,chunk,packed,0.0,0.0,0.0,0.0,0.0,235.0,0.0,0.0
2hop__43776_162341,chunk_packed_240,chunk,packed,0.0,0.5714,0.0,0.0,0.0,231.0,0.0,0.0
2hop__703493_162341,chunk_packed_240,chunk,packed,0.0,0.0,0.0,0.0,0.0,217.0,0.5,0.0
2hop__153573_44085,chunk_packed_240,chunk,packed,0.0,0.0,1.0,0.271,0.5,214.0,0.5,0.0
2hop__153573_109006,chunk_packed_240,chunk,packed,0.0,0.0,1.0,0.0,0.0,227.0,0.5,0.0
2hop__153573_45901,chunk_packed_240,chunk,packed,0.0,0.0,1.0,0.2167,0.5,240.0,0.5,0.0
2hop__551235_310309,chunk_packed_240,chunk,packed,0.0,0.0,0.0,0.2542,0.5,236.0,0.5,0.0
2hop__7046_44085,chunk_packed_240,chunk,packed,0.0,0.8,1.0,0.0,0.0,232.0,0.5,0.0
2hop__488811_30078,chunk_packed_240,chunk,packed,0.0,0.0,0.0,0.0,0.0,232.0,0.5,0.0
2hop__150866_11402,chunk_packed_240,chunk,packed,0.0,0.0,1.0,0.2236,0.5,237.0,1.0,1.0
2hop__488811_30113,chunk_packed_240,chunk,packed,0.0,0.0,0.0,0.1185,0.5,211.0,1.0,1.0
2hop__488811_30110,chunk_packed_240,chunk,packed,0.0,0.0,0.0,0.1106,0.5,226.0,0.5,0.0
2hop__257831_123283,chunk_packed_240,chunk,packed,0.0,0.0,0.0,0.1991,0.5,226.0,0.5,0.0
2hop__40270_11402,chunk_packed_240,chunk,packed,0.0,0.0,1.0,0.0,0.0,214.0,0.5,0.0
2hop__847433_11402,chunk_packed_240,chunk,packed,0.0,0.5,1.0,0.293,0.5,215.0,1.0,1.0
2hop__208602_11402,chunk_packed_240,chunk,packed,0.0,0.0,1.0,0.2403,0.5,233.0,0.5,0.0
2hop__567471_123283,chunk_packed_240,chunk,packed,0.0,0.0,0.0,0.0983,0.5,234.0,0.5,0.0
2hop__574496_123283,chunk_packed_240,chunk,packed,0.0,0.0,0.0,0.0,0.0,225.0,0.0,0.0
2hop__8347_8311,chunk_packed_240,chunk,packed,0.0,0.0,0.0,0.1292,1.0,240.0,1.0,1.0
2hop__71034_343058,chunk_packed_240,chunk,packed,0.0,0.0,0.0,0.2125,0.5,240.0,0.5,0.0
2hop__109131_343058,chunk_packed_240,chunk,packed,0.0,0.0,0.0,0.1732,0.5,231.0,0.5,0.0
2hop__56851_343058,chunk_packed_240,chunk,packed,0.0,0.0,0.0,0.402,0.5,204.0,0.5,0.0
2hop__14092_8311,chunk_packed_240,chunk,packed,0.0,0.0,0.0,0.0,0.0,235.0,0.5,0.0
2hop__422295_8311,chunk_packed_240,chunk,packed,0.0,0.0,0.0,0.2611,0.5,226.0,0.5,0.0
2hop__176712_8311,chunk_packed_240,chunk,packed,1.0,1.0,1.0,0.1767,0.5,232.0,1.0,1.0
2hop__159741_161674,chunk_packed_240,chunk,packed,0.0,0.0,0.0,0.0,0.0,218.0,0.5,0.0
2hop__159741_40169,chunk_packed_240,chunk,packed,0.0,0.0,0.0,0.0,0.0,233.0,0.5,0.0
2hop__88906_55840,chunk_packed_240,chunk,packed,1.0,1.0,1.0,0.1925,0.5,239.0,0.5,0.0
2hop__71755_463572,chunk_packed_240,chunk,packed,0.0,0.5,0.0,0.0,0.0,224.0,0.0,0.0
2hop__67956_463572,chunk_packed_240,chunk,packed,0.0,0.5,0.0,0.0,0.0,234.0,0.0,0.0
2hop__398344_85513,chunk_packed_240,chunk,packed,0.0,0.0,0.0,0.125,0.5,232.0,0.5,0.0
2hop__42578_55840,chunk_packed_240,chunk,packed,0.0,0.0,1.0,0.0,0.0,228.0,0.5,0.0
2hop__28203_55840,chunk_packed_240,chunk,packed,0.0,0.0,0.0,0.0,0.0,237.0,0.5,0.0
2hop__64323_55840,chunk_packed_240,chunk,packed,1.0,1.0,1.0,0.0,0.0,229.0,1.0,1.0
2hop__85713_84469,chunk_packed_240,chunk,packed,0.0,0.0,0.0,0.2415,0.5,236.0,0.5,0.0
2hop__79875_84469,chunk_packed_240,chunk,packed,0.0,0.0,0.0,0.21,0.5,219.0,0.5,0.0
2hop__79875_72187,chunk_packed_240,chunk,packed,0.0,0.0,0.0,0.0,0.0,219.0,0.5,0.0
2hop__85713_72187,chunk_packed_240,chunk,packed,0.0,0.0,0.0,0.0,0.0,216.0,0.5,0.0
2hop__204146_850295,chunk_packed_240,chunk,packed,0.0,0.4,0.0,0.3665,0.5,221.0,0.5,0.0
2hop__28287_89399,chunk_packed_240,chunk,packed,0.0,0.0,0.0,0.0,0.0,213.0,0.5,0.0
2hop__84103_345851,chunk_packed_240,chunk,packed,0.0,0.4,0.0,0.0,0.0,219.0,0.5,0.0
2hop__142621_225454,chunk_packed_240,chunk,packed,0.0,0.5,0.0,0.1625,0.5,240.0,0.5,0.0
2hop__86689_728109,chunk_packed_240,chunk,packed,0.0,0.0,1.0,0.4957,1.0,232.0,0.0,0.0
2hop__38828_89399,chunk_packed_240,chunk,packed,0.0,0.0,0.0,0.0,0.0,217.0,0.5,0.0
2hop__587048_621800,chunk_packed_240,chunk,packed,0.0,0.0,0.0,0.1387,0.5,238.0,0.5,0.0
2hop__86458_20273,chunk_packed_240,chunk,packed,0.0,0.0,0.0,0.0,0.0,218.0,1.0,1.0
2hop__609313_20273,chunk_packed_240,chunk,packed,0.0,0.0,0.0,0.1009,0.5,228.0,1.0,1.0
2hop__799936_20273,chunk_packed_240,chunk,packed,0.0,0.0,0.0,0.1711,0.5,228.0,0.5,0.0
2hop__13986_161674,chunk_packed_240,chunk,packed,0.0,0.0,0.0,0.0,0.0,232.0,0.5,0.0
2hop__433694_20273,chunk_packed_240,chunk,packed,0.0,0.0,0.0,0.2203,0.5,236.0,0.5,0.0
2hop__13986_40169,chunk_packed_240,chunk,packed,0.0,0.0,0.0,0.0,0.0,235.0,0.5,0.0
2hop__25344_88628,chunk_packed_240,chunk,packed,0.0,0.0,0.0,0.0,0.0,231.0,0.0,0.0
2hop__657913_88628,chunk_packed_240,chunk,packed,0.0,0.0,0.0,0.3691,1.0,233.0,0.5,0.0
2hop__734057_88628,chunk_packed_240,chunk,packed,0.0,0.0,0.0,0.4202,1.0,238.0,1.0,1.0
2hop__95878_88628,chunk_packed_240,chunk,packed,0.0,0.0,0.0,0.0,0.0,239.0,0.5,0.0
2hop__726892_131968,chunk_packed_240,chunk,packed,0.0,0.0,0.0,0.0,0.0,240.0,0.5,0.0
2hop__693157_131890,chunk_packed_240,chunk,packed,0.0,0.0,0.0,0.0,0.0,234.0,0.0,0.0
2hop__611178_131968,chunk_packed_240,chunk,packed,0.0,0.0,0.0,0.2827,0.5,237.0,1.0,1.0
2hop__728969_131890,chunk_packed_240,chunk,packed,0.0,0.0,0.0,0.0833,0.5,240.0,0.5,0.0
2hop__30032_46621,chunk_packed_240,chunk,packed,0.0,0.0,1.0,0.2552,0.5,239.0,0.5,0.0
2hop__135822_46621,chunk_packed_240,chunk,packed,0.0,0.0,1.0,0.0,0.0,240.0,0.0,0.0
2hop__581084_828685,chunk_packed_240,chunk,packed,0.0,0.0,1.0,0.3009,1.0,226.0,1.0,1.0
2hop__40697_46621,chunk_packed_240,chunk,packed,0.0,0.0,1.0,0.1464,0.5,239.0,0.5,0.0
2hop__157737_46621,chunk_packed_240,chunk,packed,0.0,0.0,1.0,0.0,0.0,240.0,0.5,0.0
2hop__39063_212301,chunk_packed_240,chunk,packed,0.0,0.0,0.0,0.0,0.0,229.0,0.0,0.0
2hop__25396_593388,chunk_packed_240,chunk,packed,0.0,0.2857,0.0,0.3644,0.5,225.0,1.0,1.0
2hop__25396_212301,chunk_packed_240,chunk,packed,1.0,1.0,1.0,0.0,0.0,222.0,0.5,0.0
2hop__39063_593388,chunk_packed_240,chunk,packed,0.0,0.0,0.0,0.3605,0.5,233.0,0.5,0.0
2hop__153532_72380,chunk_packed_240,chunk,packed,0.0,0.0,0.0,0.1555,0.5,238.0,0.5,0.0
2hop__619265_72380,chunk_packed_240,chunk,packed,0.0,0.0,0.0,0.0,0.0,240.0,0.5,0.0
2hop__37765_85990,chunk_packed_240,chunk,packed,0.0,0.0,0.0,0.0,0.0,221.0,0.0,0.0
2hop__623501_297043,chunk_packed_240,chunk,packed,0.0,0.5,0.0,0.2174,0.5,230.0,0.5,0.0
2hop__46550_85990,chunk_packed_240,chunk,packed,0.0,0.0,0.0,0.2607,0.5,234.0,0.5,0.0
2hop__30741_85990,chunk_packed_240,chunk,packed,0.0,0.0,0.0,0.0,0.0,219.0,0.0,0.0
2hop__66149_85990,chunk_packed_240,chunk,packed,0.0,0.0,0.0,0.2026,0.5,227.0,1.0,1.0
2hop__216535_370666,chunk_packed_240,chunk,packed,0.0,0.0,0.0,0.1565,0.5,230.0,0.5,0.0
2hop__846388_19320,chunk_packed_240,chunk,packed,0.0,0.0,0.0,0.0,0.0,240.0,0.5,0.0
2hop__91211_90973,chunk_packed_240,chunk,packed,1.0,1.0,1.0,0.0,0.0,232.0,0.0,0.0
2hop__48033_90973,chunk_packed_240,chunk,packed,0.0,0.0,1.0,0.0,0.0,236.0,0.5,0.0
2hop__64175_90973,chunk_packed_240,chunk,packed,0.0,0.0,1.0,0.0,0.0,236.0,0.0,0.0
2hop__50936_90973,chunk_packed_240,chunk,packed,0.0,0.0,1.0,0.4703,1.0,236.0,0.5,0.0
2hop__599396_19320,chunk_packed_240,chunk,packed,0.0,0.0,0.0,0.0,0.0,217.0,0.0,0.0
2hop__365236_19320,chunk_packed_240,chunk,packed,0.0,0.0,0.0,0.0,0.0,234.0,0.5,0.0
2hop__685045_19320,chunk_packed_240,chunk,packed,0.0,0.0,0.0,0.0,0.0,239.0,1.0,1.0
2hop__30384_30351,chunk_packed_240,chunk,packed,0.0,0.0,1.0,0.3165,1.0,237.0,1.0,1.0
2hop__555792_30351,chunk_packed_240,chunk,packed,0.0,0.0,1.0,0.2333,0.5,240.0,0.5,0.0
2hop__431934_30351,chunk_packed_240,chunk,packed,0.0,0.0,1.0,0.0,0.0,234.0,0.5,0.0
2hop__708145_30351,chunk_packed_240,chunk,packed,0.0,0.0,1.0,0.0,0.0,237.0,1.0,1.0
2hop__837900_71701,chunk_packed_240,chunk,packed,0.0,0.0,1.0,0.2009,0.5,224.0,1.0,1.0
2hop__278022_71701,chunk_packed_240,chunk,packed,0.0,0.0,1.0,0.0,0.0,233.0,0.5,0.0
2hop__10122_18974,chunk_packed_240,chunk,packed,1.0,1.0,1.0,0.6696,1.0,230.0,1.0,1.0
2hop__370564_71701,chunk_packed_240,chunk,packed,0.0,0.0,0.0,0.0,0.0,223.0,1.0,1.0
2hop__753260_71701,chunk_packed_240,chunk,packed,1.0,1.0,1.0,0.0968,0.5,217.0,1.0,1.0
2hop__631024_18974,chunk_packed_240,chunk,packed,0.0,0.0,0.0,0.3292,0.5,240.0,0.0,0.0
2hop__36747_18974,chunk_packed_240,chunk,packed,0.0,0.5,0.0,0.0,0.0,228.0,0.0,0.0
2hop__10017_18974,chunk_packed_240,chunk,packed,1.0,1.0,1.0,0.0,0.0,223.0,0.0,0.0
2hop__810411_159673,chunk_packed_240,chunk,packed,0.0,0.0,0.0,0.2368,0.5,228.0,0.5,0.0
2hop__96062_159673,chunk_packed_240,chunk,packed,1.0,1.0,1.0,0.0,0.0,240.0,0.5,0.0
2hop__203985_524737,chunk_packed_240,chunk,packed,0.0,0.6667,0.0,0.0,0.0,220.0,0.5,0.0
2hop__77832_159673,chunk_packed_240,chunk,packed,0.0,0.0,0.0,0.2889,0.5,225.0,0.5,0.0
2hop__527400_159673,chunk_packed_240,chunk,packed,0.0,0.0,0.0,0.1631,0.5,233.0,0.5,0.0
2hop__766973_770570,chunk_packed_240,chunk,packed,0.0,0.0,0.0,0.0879,0.5,239.0,0.5,0.0
2hop__13592_49388,chunk_packed_240,chunk,packed,0.0,0.0,0.0,0.0,0.0,225.0,0.0,0.0
2hop__34495_85544,chunk_packed_240,chunk,packed,0.0,0.0,1.0,0.0,0.0,237.0,0.5,0.0
2hop__34495_49388,chunk_packed_240,chunk,packed,1.0,1.0,1.0,0.3613,0.5,238.0,0.5,0.0
2hop__13592_85544,chunk_packed_240,chunk,packed,0.0,0.0,0.0,0.0,0.0,225.0,1.0,1.0
2hop__506035_325512,chunk_packed_240,chunk,packed,0.0,0.0,0.0,0.1875,0.5,224.0,0.5,0.0
2hop__107690_124896,chunk_packed_240,chunk,packed,0.0,0.0,0.0,0.0,0.0,233.0,0.5,0.0
2hop__507722_124896,chunk_packed_240,chunk,packed,0.0,0.0,0.0,0.0,0.0,231.0,0.5,0.0
2hop__107548_124896,chunk_packed_240,chunk,packed,0.0,0.0,0.0,0.0,0.0,240.0,0.5,0.0
2hop__754682_730690,chunk_packed_240,chunk,packed,0.0,0.0,0.0,0.0,0.0,232.0,0.0,0.0
2hop__68590_27619,chunk_packed_240,chunk,packed,0.0,0.0,1.0,0.354,1.0,226.0,1.0,1.0
2hop__269076_449113,chunk_packed_240,chunk,packed,0.0,0.0,0.0,0.3347,0.5,239.0,0.5,0.0
2hop__27650_27619,chunk_packed_240,chunk,packed,0.0,0.0,0.0,0.0,0.0,224.0,0.0,0.0
2hop__68590_27628,chunk_packed_240,chunk,packed,0.0,0.0,0.0,0.0,0.0,228.0,1.0,1.0
2hop__809785_606637,chunk_packed_240,chunk,packed,0.0,0.3333,0.0,0.1992,0.5,236.0,0.5,0.0
2hop__27650_27628,chunk_packed_240,chunk,packed,0.0,0.0,0.0,0.0,0.0,234.0,0.0,0.0
2hop__656411_345851,chunk_packed_240,chunk,packed,1.0,1.0,1.0,0.3389,1.0,239.0,1.0,1.0
2hop__24661_66233,chunk_packed_240,chunk,packed,0.0,0.3333,0.0,0.0,0.0,232.0,0.5,0.0
2hop__329676_119915,chunk_packed_240,chunk,packed,0.0,0.0,0.0,0.1803,0.5,233.0,0.5,0.0
2hop__539184_119915,chunk_packed_240,chunk,packed,0.0,0.0,0.0,0.2185,0.5,238.0,0.0,0.0
2hop__26642_81961,chunk_packed_240,chunk,packed,0.0,0.3333,1.0,0.5042,1.0,240.0,0.5,0.0
2hop__24661_81961,chunk_packed_240,chunk,packed,0.0,0.3333,0.0,0.0,0.0,225.0,0.5,0.0
2hop__233551_746883,chunk_packed_240,chunk,packed,0.0,0.0,0.0,0.1046,0.5,239.0,0.5,0.0
2hop__26642_66233,chunk_packed_240,chunk,packed,0.0,0.3333,0.0,0.0,0.0,240.0,0.0,0.0
2hop__124933_653666,chunk_packed_240,chunk,packed,0.0,0.3333,1.0,0.1757,0.5,239.0,1.0,1.0
2hop__76402_653666,chunk_packed_240,chunk,packed,0.0,0.25,1.0,0.2308,0.5,234.0,0.5,0.0
2hop__73717_653666,chunk_packed_240,chunk,packed,0.0,0.3333,1.0,0.0,0.0,232.0,0.5,0.0
2hop__252521_80650,chunk_packed_240,chunk,packed,0.0,0.0,0.0,0.2203,0.5,236.0,1.0,1.0
2hop__538735_3296,chunk_packed_240,chunk,packed,0.0,0.0,1.0,0.1806,0.5,227.0,0.5,0.0
2hop__538735_3299,chunk_packed_240,chunk,packed,0.0,0.0,0.0,0.1814,0.5,226.0,0.5,0.0
2hop__811015_3300,chunk_packed_240,chunk,packed,0.0,0.0,0.0,0.1653,0.5,236.0,0.5,0.0
2hop__3131_3300,chunk_packed_240,chunk,packed,0.0,0.0,1.0,0.0,0.0,239.0,1.0,1.0
2hop__143915_68489,chunk_packed_240,chunk,packed,0.0,0.0,0.0,0.2535,0.5,217.0,0.0,0.0
2hop__593688_292889,chunk_packed_240,chunk,packed,0.0,0.0,0.0,0.0866,0.5,231.0,0.5,0.0
2hop__598467_68489,chunk_packed_240,chunk,packed,0.0,0.0,0.0,0.1349,0.5,215.0,0.5,0.0
2hop__142842_68489,chunk_packed_240,chunk,packed,0.0,0.0,0.0,0.0,0.0,215.0,0.5,0.0
2hop__230022_68489,chunk_packed_240,chunk,packed,0.0,0.0,0.0,0.1745,0.5,235.0,0.5,0.0
2hop__78756_198548,chunk_packed_240,chunk,packed,0.0,0.0,0.0,0.0,0.0,238.0,0.5,0.0
2hop__47808_198548,chunk_packed_240,chunk,packed,0.0,0.0,0.0,0.2489,0.5,237.0,0.5,0.0
2hop__70584_198548,chunk_packed_240,chunk,packed,0.0,0.0,0.0,0.1073,0.5,233.0,0.5,0.0
2hop__84172_198548,chunk_packed_240,chunk,packed,0.0,0.0,0.0,0.2424,0.5,231.0,0.5,0.0
2hop__415518_616002,chunk_packed_240,chunk,packed,0.0,0.6667,0.0,0.1787,0.5,235.0,0.5,0.0
2hop__75207_46837,chunk_packed_240,chunk,packed,0.0,0.0,0.0,0.0,0.0,237.0,0.5,0.0
2hop__75207_7363,chunk_packed_240,chunk,packed,0.0,0.0,0.0,0.0,0.0,233.0,0.0,0.0
2hop__671664_646310,chunk_packed_240,chunk,packed,0.0,0.0,0.0,0.0886,0.5,237.0,0.5,0.0
2hop__75207_365216,chunk_packed_240,chunk,packed,0.0,0.0,1.0,0.4202,1.0,238.0,1.0,1.0
2hop__75207_53316,chunk_packed_240,chunk,packed,0.0,0.0,0.0,0.0,0.0,227.0,0.0,0.0
2hop__736167_74735,chunk_packed_240,chunk,packed,0.0,0.0,1.0,0.2678,0.5,239.0,0.5,0.0
2hop__384238_74735,chunk_packed_240,chunk,packed,0.0,0.0,1.0,0.0,0.0,221.0,0.0,0.0
2hop__763380_74735,chunk_packed_240,chunk,packed,0.0,0.0,0.0,0.0,0.0,234.0,0.5,0.0
2hop__789398_74735,chunk_packed_240,chunk,packed,0.0,0.0,0.0,0.0,0.0,239.0,0.0,0.0
2hop__30905_213732,chunk_packed_240,chunk,packed,0.0,0.0,0.0,0.0,0.0,229.0,0.0,0.0
2hop__44522_58556,chunk_packed_240,chunk,packed,0.0,0.0,0.0,0.2321,0.5,237.0,0.5,0.0
2hop__58939_189318,chunk_packed_240,chunk,packed,0.0,0.0,0.0,0.0,0.0,235.0,0.5,0.0
2hop__58939_213732,chunk_packed_240,chunk,packed,0.0,0.0,0.0,0.2292,0.5,240.0,0.5,0.0
2hop__30905_189318,chunk_packed_240,chunk,packed,1.0,1.0,1.0,0.1737,0.5,236.0,0.5,0.0
2hop__16446_58556,chunk_packed_240,chunk,packed,0.0,0.8889,1.0,0.0,0.0,237.0,0.0,0.0
2hop__35686_58556,chunk_packed_240,chunk,packed,0.0,0.3333,0.0,0.0,0.0,227.0,0.5,0.0
2hop__723404_58556,chunk_packed_240,chunk,packed,0.0,0.0,0.0,0.2398,0.5,221.0,0.5,0.0
2hop__95773_51329,chunk_packed_240,chunk,packed,0.0,0.0,0.0,0.0905,0.5,232.0,0.5,0.0
2hop__696442_51329,chunk_packed_240,chunk,packed,0.0,0.0,0.0,0.0,0.0,222.0,0.0,0.0
2hop__591435_51329,chunk_packed_240,chunk,packed,0.0,0.0,0.0,0.1975,0.5,238.0,0.5,0.0
2hop__753715_51329,chunk_packed_240,chunk,packed,0.0,0.0,0.0,0.0,0.0,237.0,0.0,0.0
2hop__142443_768138,chunk_packed_240,chunk,packed,0.0,0.0,0.0,0.1625,0.5,240.0,0.5,0.0
2hop__37097_53663,chunk_packed_240,chunk,packed,0.0,0.0,1.0,0.0,0.0,228.0,0.5,0.0
2hop__82669_768138,chunk_packed_240,chunk,packed,0.0,0.0,0.0,0.2986,0.5,221.0,0.5,0.0
2hop__63982_768138,chunk_packed_240,chunk,packed,0.0,0.0,0.0,0.1839,0.5,223.0,0.5,0.0
2hop__2416_53663,chunk_packed_240,chunk,packed,0.0,0.0,1.0,0.0,0.0,237.0,0.5,0.0
2hop__678516_179720,chunk_packed_240,chunk,packed,0.0,0.0,0.0,0.2636,0.5,239.0,0.5,0.0
2hop__39954_80940,chunk_packed_240,chunk,packed,0.0,0.0,1.0,0.4255,1.0,235.0,0.5,0.0
2hop__39954_80303,chunk_packed_240,chunk,packed,0.0,0.0,0.0,0.0,0.0,237.0,1.0,1.0
2hop__39954_65371,chunk_packed_240,chunk,packed,0.0,0.0,0.0,0.0,0.0,239.0,0.5,0.0
2hop__385392_756039,chunk_packed_240,chunk,packed,0.0,0.0,0.0,0.1078,0.5,232.0,0.5,0.0
2hop__557743_92763,chunk_packed_240,chunk,packed,0.0,0.0,0.0,0.2321,0.5,237.0,0.5,0.0
2hop__403060_92763,chunk_packed_240,chunk,packed,0.0,0.0,0.0,0.1471,0.5,238.0,1.0,1.0
2hop__29349_92763,chunk_packed_240,chunk,packed,0.0,0.0,0.0,0.2869,0.5,237.0,0.5,0.0
2hop__267938_92763,chunk_packed_240,chunk,packed,0.0,0.0,0.0,0.3096,0.5,239.0,0.5,0.0
2hop__142198_152093,chunk_packed_240,chunk,packed,0.0,0.0,0.0,0.0,0.0,235.0,0.5,0.0
2hop__632161_643449,chunk_packed_240,chunk,packed,0.0,0.0,0.0,0.2379,0.5,227.0,0.5,0.0
2hop__170914_152093,chunk_packed_240,chunk,packed,0.0,0.0,0.0,0.114,0.5,228.0,0.5,0.0
2hop__705035_152093,chunk_packed_240,chunk,packed,0.0,0.0,0.0,0.0,0.0,234.0,0.5,0.0
2hop__143650_152023,chunk_packed_240,chunk,packed,0.0,0.3333,0.0,0.1102,0.5,236.0,0.5,0.0
2hop__203437_152093,chunk_packed_240,chunk,packed,0.0,0.0,0.0,0.0,0.0,222.0,0.5,0.0
2hop__559273_152023,chunk_packed_240,chunk,packed,0.0,0.3333,0.0,0.0,0.0,239.0,0.5,0.0
2hop__374767_152023,chunk_packed_240,chunk,packed,0.0,0.0,0.0,0.173,0.5,237.0,0.5,0.0
2hop__409166_152023,chunk_packed_240,chunk,packed,0.0,0.0,0.0,0.1375,0.5,240.0,0.5,0.0
2hop__48784_70131,chunk_packed_240,chunk,packed,0.0,0.0,0.0,0.0,0.0,239.0,0.0,0.0
2hop__452580_70131,chunk_packed_240,chunk,packed,0.0,0.0,0.0,0.1681,0.5,238.0,0.5,0.0
2hop__464479_70131,chunk_packed_240,chunk,packed,0.0,0.0,0.0,0.0,0.0,238.0,1.0,1.0
2hop__552546_70131,chunk_packed_240,chunk,packed,0.0,0.0,0.0,0.2427,0.5,239.0,0.5,0.0
2hop__124807_135019,chunk_packed_240,chunk,packed,1.0,1.0,1.0,0.4726,1.0,237.0,1.0,1.0
2hop__605207_135019,chunk_packed_240,chunk,packed,0.0,0.0,0.0,0.0,0.0,233.0,0.0,0.0
2hop__271045_68633,chunk_packed_240,chunk,packed,0.0,0.0,0.0,0.1266,0.5,237.0,0.5,0.0
2hop__645367_68633,chunk_packed_240,chunk,packed,0.0,0.0,0.0,0.2174,0.5,230.0,0.5,0.0
2hop__853227_68633,chunk_packed_240,chunk,packed,0.0,0.0,0.0,0.1454,0.5,227.0,0.5,0.0
2hop__374495_68633,chunk_packed_240,chunk,packed,0.0,0.0,0.0,0.2368,0.5,228.0,0.5,0.0
2hop__391873_88622,chunk_packed_240,chunk,packed,0.0,0.0,0.0,0.1983,0.5,232.0,0.5,0.0
2hop__315246_88622,chunk_packed_240,chunk,packed,0.0,0.0,0.0,0.1632,0.5,239.0,0.5,0.0
2hop__498061_88622,chunk_packed_240,chunk,packed,0.0,0.0,0.0,0.3077,0.5,234.0,0.5,0.0
2hop__554145_88622,chunk_packed_240,chunk,packed,0.0,0.0,0.0,0.2833,0.5,240.0,0.5,0.0
2hop__66708_573255,chunk_packed_240,chunk,packed,0.0,0.0,0.0,0.2314,0.5,229.0,0.5,0.0
2hop__49887_573255,chunk_packed_240,chunk,packed,0.0,0.0,0.0,0.2377,0.5,223.0,0.5,0.0
2hop__126188_396277,chunk_packed_240,chunk,packed,1.0,1.0,1.0,0.083,0.5,229.0,1.0,1.0
2hop__126306_396277,chunk_packed_240,chunk,packed,0.0,0.0,0.0,0.0962,0.5,239.0,0.5,0.0
2hop__126299_396277,chunk_packed_240,chunk,packed,0.0,0.0,0.0,0.0,0.0,235.0,0.5,0.0
2hop__77518_548781,chunk_packed_240,chunk,packed,0.0,0.0,0.0,0.2708,0.5,240.0,0.5,0.0
2hop__53175_548781,chunk_packed_240,chunk,packed,0.0,0.0,0.0,0.135,0.5,237.0,0.5,0.0
2hop__613779_55984,chunk_packed_240,chunk,packed,1.0,1.0,1.0,0.1202,0.5,233.0,1.0,1.0
2hop__559076_55984,chunk_packed_240,chunk,packed,1.0,1.0,1.0,0.3991,1.0,223.0,1.0,1.0
2hop__275891_55984,chunk_packed_240,chunk,packed,1.0,1.0,1.0,0.1223,0.5,229.0,0.5,0.0
2hop__435087_55984,chunk_packed_240,chunk,packed,1.0,1.0,1.0,0.3362,1.0,235.0,0.5,0.0
2hop__21991_43945,chunk_packed_240,chunk,packed,0.0,0.5714,0.0,0.0,0.0,237.0,0.0,0.0
2hop__269766_43945,chunk_packed_240,chunk,packed,0.0,0.1538,0.0,0.211,0.5,237.0,0.5,0.0
2hop__170341_43945,chunk_packed_240,chunk,packed,0.0,0.0,0.0,0.2321,0.5,237.0,0.5,0.0
2hop__69765_43945,chunk_packed_240,chunk,packed,0.0,0.0,0.0,0.0,0.0,240.0,1.0,1.0
2hop__414193_176917,chunk_packed_240,chunk,packed,0.0,0.0,0.0,0.313,0.5,230.0,0.5,0.0
2hop__2416_86208,chunk_packed_240,chunk,packed,0.0,0.0,0.0,0.0,0.0,239.0,0.0,0.0
2hop__37097_86208,chunk_packed_240,chunk,packed,0.0,0.0,0.0,0.0,0.0,237.0,1.0,1.0
2hop__231805_514393,chunk_packed_240,chunk,packed,0.0,0.0,0.0,0.0,0.0,224.0,0.5,0.0
2hop__16581_16569,chunk_packed_240,chunk,packed,0.0,0.0,0.0,0.0,0.0,234.0,0.0,0.0
2hop__156044_57816,chunk_packed_240,chunk,packed,1.0,1.0,1.0,0.1496,0.5,234.0,0.5,0.0
2hop__754753_57816,chunk_packed_240,chunk,packed,1.0,1.0,1.0,0.2436,1.0,234.0,1.0,1.0
2hop__510679_57816,chunk_packed_240,chunk,packed,1.0,1.0,1.0,0.2689,0.5,238.0,0.5,0.0
2hop__663184_57816,chunk_packed_240,chunk,packed,1.0,1.0,1.0,0.3248,1.0,234.0,0.5,0.0
2hop__47071_162399,chunk_packed_240,chunk,packed,0.0,0.0,0.0,0.2426,0.5,235.0,0.5,0.0
2hop__580231_162399,chunk_packed_240,chunk,packed,0.0,0.0,0.0,0.0,0.0,239.0,1.0,1.0
2hop__619265_45326,chunk_packed_240,chunk,packed,0.0,0.0,1.0,0.4262,1.0,237.0,0.5,0.0
2hop__153532_45326,chunk_packed_240,chunk,packed,0.0,0.0,1.0,0.0,0.0,227.0,0.5,0.0
2hop__455392_40315,chunk_packed_240,chunk,packed,0.0,0.0,0.0,0.2092,0.5,239.0,1.0,1.0
2hop__763840_144857,chunk_packed_240,chunk,packed,0.0,0.0,0.0,0.1674,0.5,233.0,0.5,0.0
2hop__227031_144857,chunk_packed_240,chunk,packed,0.0,0.0,0.0,0.0,0.0,236.0,0.0,0.0
2hop__168816_144857,chunk_packed_240,chunk,packed,0.0,0.0,0.0,0.0,0.0,211.0,0.5,0.0
2hop__312223_144857,chunk_packed_240,chunk,packed,0.0,0.0,0.0,0.1417,0.5,240.0,0.5,0.0
2hop__85463_66122,chunk_packed_240,chunk,packed,0.0,0.0,0.0,0.0,0.0,220.0,0.5,0.0
2hop__289517_139339,chunk_packed_240,chunk,packed,0.0,0.0,0.0,0.2361,0.5,233.0,0.5,0.0
2hop__507528_139339,chunk_packed_240,chunk,packed,0.0,0.0,0.0,0.1913,0.5,230.0,0.5,0.0
2hop__85463_54688,chunk_packed_240,chunk,packed,0.0,0.0,0.0,0.2926,0.5,229.0,1.0,1.0
2hop__669160_139339,chunk_packed_240,chunk,packed,0.0,0.0,0.0,0.2329,0.5,219.0,0.5,0.0
2hop__332453_139339,chunk_packed_240,chunk,packed,0.0,0.0,1.0,0.2125,0.5,240.0,0.5,0.0
2hop__85463_50252,chunk_packed_240,chunk,packed,0.0,0.4,0.0,0.0,0.0,237.0,0.5,0.0
2hop__85463_33311,chunk_packed_240,chunk,packed,0.0,0.0,0.0,0.0,0.0,238.0,0.5,0.0
2hop__60229_38663,chunk_packed_240,chunk,packed,0.0,0.0,0.0,0.3584,0.5,226.0,1.0,1.0
2hop__706038_14251,chunk_packed_240,chunk,packed,0.0,0.0,0.0,0.1429,0.5,238.0,0.5,0.0
2hop__821368_14251,chunk_packed_240,chunk,packed,0.0,0.0,0.0,0.1059,0.5,236.0,0.5,0.0
2hop__857585_14251,chunk_packed_240,chunk,packed,0.0,0.0,0.0,0.1202,0.5,233.0,0.5,0.0
2hop__60229_1783,chunk_packed_240,chunk,packed,0.0,0.0,0.0,0.0,0.0,237.0,0.0,0.0
2hop__83405_158262,chunk_packed_240,chunk,packed,0.0,0.0,0.0,0.0,0.0,235.0,0.0,0.0
2hop__57543_158262,chunk_packed_240,chunk,packed,0.0,0.0,0.0,0.0,0.0,232.0,0.0,0.0
2hop__62020_158262,chunk_packed_240,chunk,packed,0.0,0.0,1.0,0.2318,0.5,233.0,0.0,0.0
2hop__358582_189042,chunk_packed_240,chunk,packed,0.0,0.4,0.0,0.2124,0.5,226.0,0.5,0.0
2hop__450600_158262,chunk_packed_240,chunk,packed,0.0,0.0,0.0,0.2751,0.5,229.0,0.5,0.0
2hop__78401_158262,chunk_packed_240,chunk,packed,0.0,0.0,0.0,0.0,0.0,240.0,0.0,0.0
2hop__121145_561444,chunk_packed_240,chunk,packed,0.0,0.0,0.0,0.1674,0.5,239.0,0.5,0.0
2hop__125412_544665,chunk_packed_240,chunk,packed,0.0,0.0,0.0,0.1646,0.5,237.0,0.5,0.0
2hop__135668_561444,chunk_packed_240,chunk,packed,0.0,0.0,1.0,0.1872,0.5,235.0,1.0,1.0
2hop__144317_120065,chunk_packed_240,chunk,packed,0.0,0.0,0.0,0.0,0.0,230.0,0.5,0.0
2hop__451574_120065,chunk_packed_240,chunk,packed,0.0,0.0,0.0,0.1459,0.5,233.0,0.5,0.0
2hop__159146_120065,chunk_packed_240,chunk,packed,0.0,0.0,0.0,0.0,0.0,236.0,0.0,0.0
2hop__123166_47134,chunk_packed_240,chunk,packed,1.0,1.0,1.0,0.5625,1.0,240.0,0.5,0.0
2hop__326404_120065,chunk_packed_240,chunk,packed,0.0,0.0,0.0,0.1375,0.5,240.0,0.5,0.0
2hop__123545_47134,chunk_packed_240,chunk,packed,1.0,1.0,1.0,0.0917,0.5,240.0,1.0,1.0
2hop__107905_110222,chunk_packed_240,chunk,packed,0.0,0.0,0.0,0.0,0.0,225.0,0.5,0.0
2hop__351045_47134,chunk_packed_240,chunk,packed,0.0,0.0,0.0,0.2,0.5,235.0,0.5,0.0
2hop__347652_47134,chunk_packed_240,chunk,packed,1.0,1.0,1.0,0.1266,0.5,229.0,0.5,0.0
2hop__846844_47134,chunk_packed_240,chunk,packed,1.0,1.0,1.0,0.1709,0.5,234.0,0.5,0.0
2hop__107601_110222,chunk_packed_240,chunk,packed,0.0,0.0,0.0,0.1213,0.5,239.0,0.5,0.0
2hop__175168_110222,chunk_packed_240,chunk,packed,0.0,0.0,0.0,0.1822,0.5,236.0,0.5,0.0
2hop__503085_110222,chunk_packed_240,chunk,packed,0.0,0.5,1.0,0.1483,0.5,236.0,0.5,0.0
2hop__293131_110222,chunk_packed_240,chunk,packed,0.0,0.0,0.0,0.0,0.0,234.0,0.0,0.0
2hop__46376_158105,chunk_packed_240,chunk,packed,0.0,0.0,0.0,0.0,0.0,234.0,0.5,0.0
2hop__13106_158105,chunk_packed_240,chunk,packed,0.0,0.0,0.0,0.3636,0.5,220.0,1.0,1.0
2hop__55552_158105,chunk_packed_240,chunk,packed,0.0,0.8235,1.0,0.2103,0.5,233.0,0.5,0.0
2hop__417937_158105,chunk_packed_240,chunk,packed,0.0,0.1429,0.0,0.1795,0.5,234.0,0.5,0.0
2hop__85455_158105,chunk_packed_240,chunk,packed,0.0,0.0,0.0,0.3333,0.5,219.0,0.5,0.0
2hop__73615_16848,chunk_packed_240,chunk,packed,0.0,0.0,0.0,0.0,0.0,231.0,0.5,0.0
2hop__73615_42173,chunk_packed_240,chunk,packed,0.0,0.0,0.0,0.0,0.0,239.0,0.0,0.0
2hop__238499_431914,chunk_packed_240,chunk,packed,1.0,1.0,1.0,0.3004,1.0,233.0,1.0,1.0
2hop__16844_42173,chunk_packed_240,chunk,packed,0.0,0.0,0.0,0.0,0.0,238.0,0.0,0.0
2hop__311931_417706,chunk_packed_240,chunk,packed,0.0,0.5,0.0,0.1645,0.5,231.0,0.5,0.0
2hop__16844_20510,chunk_packed_240,chunk,packed,0.0,0.0,0.0,0.2185,0.5,238.0,0.5,0.0
2hop__73615_20510,chunk_packed_240,chunk,packed,0.0,0.0,0.0,0.0,0.0,239.0,0.5,0.0
2hop__593397_224832,chunk_packed_240,chunk,packed,0.0,0.0,0.0,0.1379,0.5,232.0,0.5,0.0
2hop__156658_155922,chunk_packed_240,chunk,packed,0.0,0.0,0.0,0.0,0.0,235.0,0.5,0.0
2hop__814408_155922,chunk_packed_240,chunk,packed,0.0,0.0,0.0,0.0,0.0,235.0,0.5,0.0
2hop__155781_155922,chunk_packed_240,chunk,packed,0.0,0.0,0.0,0.0,0.0,150.0,0.5,0.0
2hop__81682_707195,chunk_packed_240,chunk,packed,1.0,1.0,1.0,0.1174,0.5,230.0,0.5,0.0
2hop__852657_155922,chunk_packed_240,chunk,packed,1.0,1.0,1.0,0.4045,1.0,220.0,1.0,1.0
2hop__149862_108549,chunk_packed_240,chunk,packed,0.0,0.0,0.0,0.193,0.5,228.0,0.5,0.0
2hop__669456_108549,chunk_packed_240,chunk,packed,0.0,0.4,0.0,0.0,0.0,231.0,0.5,0.0
2hop__358270_108549,chunk_packed_240,chunk,packed,0.0,0.0,0.0,0.1453,0.5,234.0,0.5,0.0
2hop__149983_108549,chunk_packed_240,chunk,packed,0.0,0.0,0.0,0.0,0.0,237.0,0.0,0.0
2hop__608902_653666,chunk_packed_240,chunk,packed,0.0,0.25,0.0,0.1168,0.5,214.0,0.5,0.0
2hop__149710_108549,chunk_packed_240,chunk,packed,0.0,0.0,0.0,0.0,0.0,231.0,1.0,1.0
2hop__61664_786853,chunk_packed_240,chunk,packed,0.0,0.0,0.0,0.0,0.0,215.0,0.0,0.0
2hop__60686_229757,chunk_packed_240,chunk,packed,0.0,0.0,0.0,0.0,0.0,230.0,0.0,0.0
2hop__55032_786853,chunk_packed_240,chunk,packed,0.0,0.0,0.0,0.0,0.0,215.0,0.0,0.0
2hop__67660_158861,chunk_packed_240,chunk,packed,1.0,1.0,1.0,0.0,0.0,238.0,0.0,0.0
2hop__63483_786853,chunk_packed_240,chunk,packed,0.0,0.0,0.0,0.0,0.0,240.0,0.5,0.0
2hop__67660_81007,chunk_packed_240,chunk,packed,0.0,0.0,1.0,0.2979,0.5,235.0,0.0,0.0
2hop__825727_584042,chunk_packed_240,chunk,packed,0.0,0.0,0.0,0.1528,0.5,229.0,0.5,0.0
2hop__91667_67223,chunk_packed_240,chunk,packed,0.0,0.5,0.0,0.1464,0.5,239.0,0.0,0.0
2hop__91667_81007,chunk_packed_240,chunk,packed,0.0,0.0,0.0,0.6552,1.0,232.0,0.5,0.0
2hop__245835_762148,chunk_packed_240,chunk,packed,0.0,0.0,0.0,0.1583,0.5,240.0,0.5,0.0
2hop__67660_67223,chunk_packed_240,chunk,packed,0.0,0.5,0.0,0.0,0.0,229.0,0.0,0.0
2hop__152052_141308,chunk_packed_240,chunk,packed,0.0,0.0,0.0,0.3544,0.5,237.0,1.0,1.0
2hop__151705_141308,chunk_packed_240,chunk,packed,0.0,0.0,1.0,0.3184,0.5,223.0,0.0,0.0
2hop__501624_181960,chunk_packed_240,chunk,packed,0.0,0.0,0.0,0.1702,0.5,235.0,0.5,0.0
2hop__152700_141308,chunk_packed_240,chunk,packed,0.0,0.0,1.0,0.4658,1.0,234.0,1.0,1.0
2hop__596188_297986,chunk_packed_240,chunk,packed,0.0,0.0,0.0,0.1271,0.5,236.0,0.5,0.0
2hop__151750_141308,chunk_packed_240,chunk,packed,0.0,0.0,0.0,0.1818,0.5,220.0,0.5,0.0
2hop__152027_141308,chunk_packed_240,chunk,packed,0.0,0.0,0.0,0.0,0.0,239.0,0.5,0.0
2hop__157498_127908,chunk_packed_240,chunk,packed,0.0,0.6667,0.0,0.2719,0.5,217.0,0.5,0.0
2hop__179149_396277,chunk_packed_240,chunk,packed,0.0,0.0,0.0,0.3866,0.5,238.0,0.5,0.0
2hop__448615_127908,chunk_packed_240,chunk,packed,0.0,0.4444,1.0,0.442,1.0,224.0,1.0,1.0
2hop__423874_128023,chunk_packed_240,chunk,packed,0.0,0.4444,1.0,0.2711,0.5,225.0,0.5,0.0
2hop__108158_83769,chunk_packed_240,chunk,packed,0.0,0.0,0.0,0.2153,0.5,209.0,0.5,0.0
2hop__72118_83769,chunk_packed_240,chunk,packed,0.0,0.0,0.0,0.0,0.0,231.0,0.0,0.0
2hop__72686_83769,chunk_packed_240,chunk,packed,0.0,0.0,0.0,0.4416,0.5,231.0,0.5,0.0
2hop__424908_500483,chunk_packed_240,chunk,packed,0.0,0.0,1.0,0.2179,1.0,234.0,1.0,1.0
2hop__646573_83769,chunk_packed_240,chunk,packed,0.0,0.0,0.0,0.0,0.0,235.0,0.5,0.0
2hop__169443_83769,chunk_packed_240,chunk,packed,0.0,0.0,0.0,0.2255,0.5,235.0,0.5,0.0
2hop__394720_120259,chunk_packed_240,chunk,packed,0.0,0.0,0.0,0.2212,0.5,226.0,0.5,0.0
2hop__88953_64006,chunk_packed_240,chunk,packed,0.0,0.0,0.0,0.2629,0.5,232.0,1.0,1.0
2hop__315072_120259,chunk_packed_240,chunk,packed,0.0,0.0,0.0,0.0,0.0,237.0,0.0,0.0
2hop__511454_120259,chunk_packed_240,chunk,packed,0.0,0.0,0.0,0.0,0.0,238.0,0.0,0.0
2hop__603365_120259,chunk_packed_240,chunk,packed,0.0,0.0,0.0,0.0,0.0,207.0,0.5,0.0
2hop__5190_64006,chunk_packed_240,chunk,packed,0.0,0.0,1.0,0.2792,0.5,240.0,0.0,0.0
2hop__107185_64006,chunk_packed_240,chunk,packed,1.0,1.0,1.0,0.0,0.0,240.0,0.5,0.0
2hop__418941_429437,chunk_packed_240,chunk,packed,0.0,0.0,0.0,0.0,0.0,240.0,0.5,0.0
2hop__62951_64006,chunk_packed_240,chunk,packed,0.0,0.0,0.0,0.2831,0.5,219.0,0.5,0.0
2hop__575188_342798,chunk_packed_240,chunk,packed,0.0,0.0,0.0,0.0963,0.5,218.0,0.5,0.0
2hop__691455_64006,chunk_packed_240,chunk,packed,0.0,0.0,1.0,0.0,0.0,216.0,0.5,0.0
2hop__64372_83289,chunk_packed_240,chunk,packed,0.0,0.0,0.0,0.2395,1.0,238.0,0.5,0.0
2hop__88406_83289,chunk_packed_240,chunk,packed,0.0,0.0,0.0,0.3418,0.5,237.0,1.0,1.0
2hop__194469_83289,chunk_packed_240,chunk,packed,0.0,0.0,0.0,0.1303,0.5,238.0,0.5,0.0
2hop__586343_83289,chunk_packed_240,chunk,packed,1.0,1.0,1.0,0.0,0.0,237.0,1.0,1.0
2hop__91626_96912,chunk_packed_240,chunk,packed,0.0,0.2857,0.0,0.1184,0.5,228.0,0.5,0.0
2hop__179322_83289,chunk_packed_240,chunk,packed,0.0,0.0,0.0,0.0,0.0,234.0,0.0,0.0
2hop__20536_96912,chunk_packed_240,chunk,packed,0.0,0.0,0.0,0.0,0.0,238.0,0.5,0.0
2hop__865828_377862,chunk_packed_240,chunk,packed,0.0,0.0,1.0,0.3655,1.0,238.0,1.0,1.0
2hop__749997_96912,chunk_packed_240,chunk,packed,0.0,0.2857,0.0,0.1617,0.5,235.0,0.5,0.0
2hop__690412_526810,chunk_packed_240,chunk,packed,0.0,0.0,0.0,0.1574,0.5,235.0,0.5,0.0
2hop__460946_294723,chunk_focused_240,chunk,focused,0.0,0.0,0.0,0.0,0.0,227.0,0.0,0.0
2hop__252311_366220,chunk_focused_240,chunk,focused,0.0,0.0,0.0,0.0,0.0,236.0,0.0,0.0
2hop__701895_752697,chunk_focused_240,chunk,focused,0.0,0.0,0.0,0.5216,0.5,232.0,0.5,0.0
2hop__259228_793698,chunk_focused_240,chunk,focused,0.0,0.0,0.0,0.0,0.0,240.0,0.0,0.0
2hop__481349_302087,chunk_focused_240,chunk,focused,0.0,0.5,0.0,0.2839,0.5,236.0,0.5,0.0
2hop__697790_864352,chunk_focused_240,chunk,focused,0.0,0.0,0.0,0.272,0.5,239.0,0.5,0.0
2hop__207476_625987,chunk_focused_240,chunk,focused,0.0,0.5,0.0,0.0,0.0,224.0,0.5,0.0
2hop__390947_232243,chunk_focused_240,chunk,focused,0.0,0.8,1.0,0.25,1.0,216.0,1.0,1.0
2hop__354635_174222,chunk_focused_240,chunk,focused,0.0,0.0,0.0,0.2716,0.5,232.0,0.5,0.0
2hop__635187_861533,chunk_focused_240,chunk,focused,0.0,0.0,0.0,0.4131,0.5,213.0,0.5,0.0
2hop__166824_185403,chunk_focused_240,chunk,focused,0.0,0.0,0.0,0.1875,0.5,240.0,0.5,0.0
2hop__698577_851686,chunk_focused_240,chunk,focused,0.0,0.0,0.0,0.1849,0.5,238.0,0.5,0.0
2hop__362107_652514,chunk_focused_240,chunk,focused,0.0,0.0,1.0,0.4487,1.0,234.0,1.0,1.0
2hop__402530_774333,chunk_focused_240,chunk,focused,0.0,0.0,0.0,0.0925,0.5,227.0,0.5,0.0
2hop__195917_575657,chunk_focused_240,chunk,focused,0.0,0.0,0.0,0.2996,0.5,237.0,0.5,0.0
2hop__683835_709167,chunk_focused_240,chunk,focused,0.0,0.0,0.0,0.2121,0.5,231.0,0.5,0.0
2hop__197470_271394,chunk_focused_240,chunk,focused,0.0,0.0,0.0,0.1975,1.0,238.0,1.0,1.0
2hop__458131_174974,chunk_focused_240,chunk,focused,0.0,0.0,0.0,0.2675,0.5,228.0,0.5,0.0
2hop__299142_347613,chunk_focused_240,chunk,focused,0.0,0.0,0.0,0.1207,0.5,232.0,0.5,0.0
2hop__528263_865831,chunk_focused_240,chunk,focused,0.0,0.0,0.0,0.3106,0.5,235.0,0.5,0.0
2hop__569582_304416,chunk_focused_240,chunk,focused,0.0,0.0,0.0,0.0,0.0,240.0,1.0,1.0
2hop__505860_650613,chunk_focused_240,chunk,focused,0.0,0.0,0.0,0.2542,0.5,236.0,0.5,0.0
2hop__821197_368148,chunk_focused_240,chunk,focused,0.0,0.6667,1.0,0.4204,1.0,226.0,1.0,1.0
2hop__554167_451128,chunk_focused_240,chunk,focused,0.0,0.0,0.0,0.2155,0.5,232.0,0.5,0.0
2hop__702496_430061,chunk_focused_240,chunk,focused,0.0,0.0,0.0,0.1266,0.5,237.0,0.5,0.0
2hop__549146_223121,chunk_focused_240,chunk,focused,0.0,0.4,0.0,0.1545,0.5,220.0,0.0,0.0
2hop__647996_551681,chunk_focused_240,chunk,focused,0.0,0.0,0.0,0.2458,0.5,240.0,0.5,0.0
2hop__673655_316668,chunk_focused_240,chunk,focused,0.0,0.0,0.0,0.1339,0.5,239.0,0.5,0.0
2hop__574419_270105,chunk_focused_240,chunk,focused,0.0,0.0,0.0,0.2255,0.5,235.0,0.5,0.0
2hop__403712_793210,chunk_focused_240,chunk,focused,0.0,0.2857,0.0,0.2563,0.5,238.0,1.0,1.0
2hop__832795_350510,chunk_focused_240,chunk,focused,0.0,0.0,0.0,0.1229,0.5,236.0,0.5,0.0
2hop__744055_408817,chunk_focused_240,chunk,focused,1.0,1.0,1.0,0.1966,1.0,234.0,1.0,1.0
2hop__726717_610238,chunk_focused_240,chunk,focused,0.0,0.4444,1.0,0.4254,1.0,228.0,1.0,1.0
2hop__499577_617190,chunk_focused_240,chunk,focused,1.0,1.0,1.0,0.4678,1.0,233.0,1.0,1.0
2hop__685280_510757,chunk_focused_240,chunk,focused,0.0,0.0,0.0,0.3167,0.5,240.0,0.5,0.0
2hop__341305_332933,chunk_focused_240,chunk,focused,0.0,0.0,0.0,0.2331,0.5,236.0,0.5,0.0
2hop__731228_609866,chunk_focused_240,chunk,focused,0.0,0.0,0.0,0.2008,0.5,239.0,0.5,0.0
2hop__693444_220151,chunk_focused_240,chunk,focused,0.0,0.0,0.0,0.1982,0.5,222.0,0.5,0.0
2hop__235471_565925,chunk_focused_240,chunk,focused,0.0,0.5,0.0,0.1435,0.5,237.0,0.5,0.0
2hop__310456_846599,chunk_focused_240,chunk,focused,0.0,0.0,0.0,0.2403,0.5,233.0,0.5,0.0
2hop__335418_279684,chunk_focused_240,chunk,focused,0.0,0.0,0.0,0.1,0.5,230.0,1.0,1.0
2hop__191125_781346,chunk_focused_240,chunk,focused,0.0,0.0,0.0,0.0905,0.5,232.0,0.5,0.0
2hop__475070_532404,chunk_focused_240,chunk,focused,0.0,0.5,1.0,0.52,1.0,225.0,1.0,1.0
2hop__700093_455653,chunk_focused_240,chunk,focused,0.0,0.2857,1.0,0.5579,1.0,233.0,0.5,0.0
2hop__512773_346751,chunk_focused_240,chunk,focused,0.0,0.0,0.0,0.2583,0.5,240.0,0.5,0.0
2hop__411091_625230,chunk_focused_240,chunk,focused,0.0,0.0,0.0,0.0,0.0,239.0,0.5,0.0
2hop__423972_540249,chunk_focused_240,chunk,focused,0.0,0.6667,1.0,0.5455,1.0,231.0,1.0,1.0
2hop__455158_247871,chunk_focused_240,chunk,focused,0.0,0.0,0.0,0.1106,0.5,235.0,1.0,1.0
2hop__189094_612080,chunk_focused_240,chunk,focused,0.0,0.5,0.0,0.1046,0.5,239.0,0.5,0.0
2hop__765678_310556,chunk_focused_240,chunk,focused,0.0,0.0,0.0,0.1458,0.5,240.0,0.5,0.0
2hop__304852_758385,chunk_focused_240,chunk,focused,0.0,0.0,0.0,0.1617,0.5,235.0,0.5,0.0
2hop__628752_538661,chunk_focused_240,chunk,focused,0.0,0.0,0.0,0.2261,0.5,230.0,0.5,0.0
2hop__661847_288421,chunk_focused_240,chunk,focused,0.0,0.0,0.0,0.1646,0.5,237.0,0.5,0.0
2hop__496732_658428,chunk_focused_240,chunk,focused,0.0,0.5,0.0,0.1171,0.5,222.0,0.5,0.0
2hop__175175_347233,chunk_focused_240,chunk,focused,0.0,0.0,0.0,0.2766,0.5,235.0,0.5,0.0
2hop__496961_554601,chunk_focused_240,chunk,focused,0.0,0.4,1.0,0.1068,0.5,234.0,1.0,1.0
2hop__274110_413723,chunk_focused_240,chunk,focused,0.0,0.0,0.0,0.0,0.0,226.0,0.0,0.0
2hop__231890_595414,chunk_focused_240,chunk,focused,0.0,0.0,0.0,0.2405,0.5,237.0,0.5,0.0
2hop__342746_679190,chunk_focused_240,chunk,focused,0.0,0.0,0.0,0.0,0.0,220.0,0.0,0.0
2hop__860241_766393,chunk_focused_240,chunk,focused,0.0,0.1333,0.0,0.176,0.5,233.0,0.5,0.0
2hop__29368_29376,chunk_focused_240,chunk,focused,0.0,0.0,0.0,0.0,0.0,207.0,0.0,0.0
2hop__29367_29376,chunk_focused_240,chunk,focused,0.0,0.0,0.0,0.1715,1.0,239.0,0.0,0.0
2hop__21075_5028,chunk_focused_240,chunk,focused,0.0,0.0,1.0,0.3475,0.5,236.0,1.0,1.0
2hop__557411_652060,chunk_focused_240,chunk,focused,0.0,0.0,0.0,0.0,0.0,228.0,0.0,0.0
2hop__677929_696450,chunk_focused_240,chunk,focused,0.0,0.5,0.0,0.1548,0.5,239.0,0.5,0.0
2hop__132909_33564,chunk_focused_240,chunk,focused,0.0,0.0,0.0,0.2161,0.5,236.0,0.5,0.0
2hop__199216_33564,chunk_focused_240,chunk,focused,0.0,0.0,0.0,0.0,0.0,240.0,0.5,0.0
2hop__133241_33564,chunk_focused_240,chunk,focused,0.0,0.0,0.0,0.0,0.0,240.0,0.5,0.0
2hop__636597_480615,chunk_focused_240,chunk,focused,0.0,0.0,0.0,0.2906,0.5,234.0,0.5,0.0
2hop__373759_136043,chunk_focused_240,chunk,focused,0.0,0.0,0.0,0.159,0.5,239.0,0.0,0.0
2hop__709357_136043,chunk_focused_240,chunk,focused,0.0,0.0,1.0,0.3517,0.5,236.0,1.0,1.0
2hop__32254_84601,chunk_focused_240,chunk,focused,1.0,1.0,1.0,0.2414,0.5,232.0,1.0,1.0
2hop__471509_136043,chunk_focused_240,chunk,focused,0.0,0.0,0.0,0.0,0.0,236.0,1.0,1.0
2hop__87589_362941,chunk_focused_240,chunk,focused,0.0,0.0,0.0,0.3534,0.5,232.0,0.5,0.0
2hop__61318_362941,chunk_focused_240,chunk,focused,0.0,0.0,0.0,0.1717,0.5,233.0,0.5,0.0
2hop__20268_42004,chunk_focused_240,chunk,focused,0.0,0.0,0.0,0.367,0.5,218.0,1.0,1.0
2hop__159902_362941,chunk_focused_240,chunk,focused,0.0,0.0,0.0,0.3436,0.5,227.0,0.0,0.0
2hop__42027_42004,chunk_focused_240,chunk,focused,0.0,0.0,0.0,0.3151,1.0,238.0,1.0,1.0
2hop__648648_173389,chunk_focused_240,chunk,focused,0.0,0.0,0.0,0.1068,0.5,234.0,0.5,0.0
2hop__477492_240386,chunk_focused_240,chunk,focused,0.0,0.0,0.0,0.3553,0.5,228.0,0.5,0.0
2hop__776377_857193,chunk_focused_240,chunk,focused,0.0,0.0,0.0,0.3498,0.5,223.0,0.5,0.0
2hop__29752_814677,chunk_focused_240,chunk,focused,0.0,0.0,0.0,0.0,0.0,220.0,0.0,0.0
2hop__77601_814677,chunk_focused_240,chunk,focused,0.0,0.8,0.0,0.0,0.0,239.0,1.0,1.0
2hop__497191_129669,chunk_focused_240,chunk,focused,0.0,0.0,0.0,0.159,0.5,239.0,0.5,0.0
2hop__311694_129669,chunk_focused_240,chunk,focused,0.0,0.0,0.0,0.2269,0.5,238.0,0.5,0.0
2hop__819974_129669,chunk_focused_240,chunk,focused,0.0,0.0,0.0,0.4237,0.5,236.0,0.5,0.0
2hop__199513_13732,chunk_focused_240,chunk,focused,0.0,0.0,1.0,0.6553,1.0,235.0,1.0,1.0
2hop__13731_801817,chunk_focused_240,chunk,focused,0.0,0.0,0.0,0.0,0.0,237.0,0.0,0.0
2hop__865961_159109,chunk_focused_240,chunk,focused,0.0,0.0,0.0,1.0,0.5,51.0,0.5,0.0
2hop__728887_159109,chunk_focused_240,chunk,focused,0.0,0.0,0.0,0.0,0.0,221.0,0.5,0.0
2hop__827995_159109,chunk_focused_240,chunk,focused,0.0,0.0,0.0,0.1867,0.5,225.0,0.5,0.0
2hop__159215_779396,chunk_focused_240,chunk,focused,0.0,0.0,0.0,0.296,0.5,223.0,0.5,0.0
2hop__119423_779396,chunk_focused_240,chunk,focused,0.0,0.0,0.0,0.0,0.0,230.0,0.5,0.0
2hop__115515_779396,chunk_focused_240,chunk,focused,0.0,0.5714,0.0,0.0,0.0,230.0,0.5,0.0
2hop__665660_135481,chunk_focused_240,chunk,focused,0.0,0.5714,0.0,0.2203,0.5,227.0,1.0,1.0
2hop__201704_135481,chunk_focused_240,chunk,focused,0.0,0.0,1.0,0.5747,1.0,221.0,1.0,1.0
2hop__861157_135481,chunk_focused_240,chunk,focused,0.0,0.0,0.0,0.2907,0.5,227.0,1.0,1.0
2hop__495316_660579,chunk_focused_240,chunk,focused,0.0,0.0,0.0,0.0921,0.5,239.0,0.5,0.0
2hop__478978_124498,chunk_focused_240,chunk,focused,1.0,1.0,1.0,0.3178,0.5,236.0,0.5,0.0
2hop__543853_124498,chunk_focused_240,chunk,focused,0.0,0.0,0.0,0.3515,0.5,239.0,0.5,0.0
2hop__335899_124498,chunk_focused_240,chunk,focused,0.0,0.0,0.0,0.1905,0.5,231.0,0.5,0.0
2hop__517145_367341,chunk_focused_240,chunk,focused,0.0,0.0,0.0,0.1297,0.5,239.0,0.5,0.0
2hop__92051_827343,chunk_focused_240,chunk,focused,0.0,0.0,0.0,0.0,0.0,236.0,0.0,0.0
2hop__89764_827343,chunk_focused_240,chunk,focused,0.0,0.0,0.0,0.3404,0.5,235.0,0.5,0.0
2hop__59048_827343,chunk_focused_240,chunk,focused,0.0,0.5,0.0,0.0,0.0,240.0,0.0,0.0
2hop__14121_15463,chunk_focused_240,chunk,focused,0.0,0.0,0.0,0.0,0.0,238.0,1.0,1.0
2hop__817096_15463,chunk_focused_240,chunk,focused,0.0,0.0,0.0,0.0,0.0,223.0,0.0,0.0
2hop__14095_15463,chunk_focused_240,chunk,focused,0.0,0.0,1.0,0.0,0.0,235.0,1.0,1.0
2hop__485221_544917,chunk_focused_240,chunk,focused,0.0,0.5,0.0,0.2183,0.5,229.0,0.5,0.0
2hop__198459_61845,chunk_focused_240,chunk,focused,0.0,0.0,0.0,0.2477,0.5,222.0,0.5,0.0
2hop__563476_61845,chunk_focused_240,chunk,focused,0.0,0.0,0.0,0.1745,0.5,235.0,0.0,0.0
2hop__622308_61845,chunk_focused_240,chunk,focused,0.0,0.0,0.0,0.2744,0.5,215.0,0.0,0.0
2hop__135653_669373,chunk_focused_240,chunk,focused,0.0,0.0,1.0,0.2371,0.5,232.0,0.5,0.0
2hop__135652_669373,chunk_focused_240,chunk,focused,0.0,0.0,0.0,0.3476,0.5,233.0,0.5,0.0
2hop__135651_669373,chunk_focused_240,chunk,focused,1.0,1.0,1.0,0.2607,0.5,211.0,0.5,0.0
2hop__256336_714772,chunk_focused_240,chunk,focused,0.0,0.0,0.0,0.0,0.0,219.0,0.0,0.0
2hop__199513_801817,chunk_focused_240,chunk,focused,0.0,0.0,0.0,0.1283,0.5,226.0,0.5,0.0
2hop__391857_162018,chunk_focused_240,chunk,focused,0.0,0.0,0.0,0.125,0.5,240.0,0.5,0.0
2hop__645448_77615,chunk_focused_240,chunk,focused,1.0,1.0,1.0,0.2641,0.5,231.0,1.0,1.0
2hop__123104_77615,chunk_focused_240,chunk,focused,1.0,1.0,1.0,0.141,0.5,234.0,1.0,1.0
2hop__701525_342810,chunk_focused_240,chunk,focused,0.0,0.0,1.0,0.2222,1.0,234.0,0.5,0.0
2hop__668407_683671,chunk_focused_240,chunk,focused,1.0,1.0,1.0,0.5272,1.0,239.0,1.0,1.0
2hop__286093_361551,chunk_focused_240,chunk,focused,0.0,0.5,0.0,0.1752,0.5,234.0,0.5,0.0
2hop__124592_402641,chunk_focused_240,chunk,focused,0.0,0.0,0.0,0.2278,0.5,237.0,1.0,1.0
2hop__256553_617289,chunk_focused_240,chunk,focused,0.0,0.0,1.0,0.0,0.0,236.0,0.0,0.0
2hop__124412_402641,chunk_focused_240,chunk,focused,0.0,0.6667,0.0,0.1538,0.5,234.0,1.0,1.0
2hop__706637_93362,chunk_focused_240,chunk,focused,0.0,0.0,0.0,0.0,0.0,239.0,0.0,0.0
2hop__780652_93362,chunk_focused_240,chunk,focused,0.0,0.0,0.0,0.0,0.0,236.0,0.5,0.0
2hop__771727_93362,chunk_focused_240,chunk,focused,0.0,0.0,0.0,0.2652,0.5,230.0,0.5,0.0
2hop__499003_853511,chunk_focused_240,chunk,focused,0.0,0.0,0.0,0.0,0.0,238.0,0.5,0.0
2hop__822965_165304,chunk_focused_240,chunk,focused,0.0,0.0,0.0,0.0837,0.5,239.0,0.5,0.0
2hop__156085_436709,chunk_focused_240,chunk,focused,0.0,0.0,1.0,0.3716,0.5,218.0,0.5,0.0
2hop__31585_61048,chunk_focused_240,chunk,focused,0.0,0.0,1.0,0.0,0.0,234.0,0.5,0.0
2hop__94507_654855,chunk_focused_240,chunk,focused,0.0,0.3333,0.0,0.1169,0.5,231.0,0.5,0.0
2hop__82858_654855,chunk_focused_240,chunk,focused,1.0,1.0,1.0,0.0,0.0,240.0,1.0,1.0
2hop__62823_654855,chunk_focused_240,chunk,focused,0.0,0.6667,0.0,0.2887,0.5,239.0,0.5,0.0
2hop__827755_156034,chunk_focused_240,chunk,focused,0.0,0.0,0.0,0.2373,0.5,236.0,0.5,0.0
2hop__800166_156034,chunk_focused_240,chunk,focused,0.0,0.0,0.0,0.2112,0.5,232.0,0.5,0.0
2hop__742831_156034,chunk_focused_240,chunk,focused,0.0,0.0,0.0,0.3176,0.5,233.0,0.5,0.0
2hop__50910_177869,chunk_focused_240,chunk,focused,1.0,1.0,1.0,0.3361,0.5,238.0,0.5,0.0
2hop__82270_177869,chunk_focused_240,chunk,focused,0.0,0.0,0.0,0.0,0.0,233.0,0.5,0.0
2hop__76314_177869,chunk_focused_240,chunk,focused,0.0,0.0,0.0,0.0,0.0,233.0,0.5,0.0
2hop__401710_456439,chunk_focused_240,chunk,focused,0.0,0.0,0.0,0.3463,0.5,231.0,0.5,0.0
2hop__613959_135844,chunk_focused_240,chunk,focused,0.0,0.0,1.0,0.2261,0.5,230.0,0.5,0.0
2hop__258940_135844,chunk_focused_240,chunk,focused,0.0,0.0,0.0,0.0805,0.5,236.0,0.5,0.0
2hop__747894_135844,chunk_focused_240,chunk,focused,0.0,0.0,0.0,0.1653,0.5,236.0,0.5,0.0
2hop__16581_16525,chunk_focused_240,chunk,focused,0.0,0.0,0.0,0.0,0.0,229.0,1.0,1.0
2hop__640262_122868,chunk_focused_240,chunk,focused,0.0,0.0,0.0,0.1941,0.5,237.0,0.5,0.0
2hop__632234_122868,chunk_focused_240,chunk,focused,0.0,0.2857,0.0,0.1159,0.5,233.0,0.5,0.0
2hop__849534_122868,chunk_focused_240,chunk,focused,0.0,0.0,0.0,0.1261,0.5,238.0,0.5,0.0
2hop__83460_456238,chunk_focused_240,chunk,focused,0.0,0.0,0.0,0.2826,0.5,230.0,1.0,1.0
2hop__89991_58067,chunk_focused_240,chunk,focused,0.0,0.0,0.0,0.3517,0.5,236.0,0.5,0.0
2hop__160223_58067,chunk_focused_240,chunk,focused,0.0,0.0,0.0,0.0,0.0,236.0,0.0,0.0
2hop__158010_58067,chunk_focused_240,chunk,focused,0.0,0.0,0.0,0.0,0.0,236.0,0.0,0.0
2hop__439614_349102,chunk_focused_240,chunk,focused,1.0,1.0,1.0,0.2119,0.5,236.0,1.0,1.0
2hop__747758_58067,chunk_focused_240,chunk,focused,0.0,0.0,0.0,0.0,0.0,237.0,0.0,0.0
2hop__77775_162341,chunk_focused_240,chunk,focused,0.0,0.7692,0.0,0.2731,0.5,227.0,0.5,0.0
2hop__55966_162341,chunk_focused_240,chunk,focused,0.0,0.0,0.0,0.0,0.0,238.0,0.0,0.0
2hop__43776_162341,chunk_focused_240,chunk,focused,0.0,0.0,0.0,0.0,0.0,239.0,0.0,0.0
2hop__703493_162341,chunk_focused_240,chunk,focused,0.0,0.0,0.0,0.3445,0.5,238.0,0.5,0.0
2hop__153573_44085,chunk_focused_240,chunk,focused,0.0,0.0,1.0,0.1595,0.5,232.0,0.5,0.0
2hop__153573_109006,chunk_focused_240,chunk,focused,0.0,0.0,1.0,0.0,0.0,230.0,0.5,0.0
2hop__153573_45901,chunk_focused_240,chunk,focused,0.0,0.0,1.0,0.2522,0.5,230.0,0.5,0.0
2hop__551235_310309,chunk_focused_240,chunk,focused,0.0,0.0,0.0,0.2542,0.5,236.0,0.5,0.0
2hop__7046_44085,chunk_focused_240,chunk,focused,0.0,0.0,0.0,0.0,0.0,231.0,0.5,0.0
2hop__488811_30078,chunk_focused_240,chunk,focused,0.0,0.0,0.0,0.0,0.0,229.0,0.5,0.0
2hop__150866_11402,chunk_focused_240,chunk,focused,0.0,0.0,1.0,0.3718,0.5,234.0,1.0,1.0
2hop__488811_30113,chunk_focused_240,chunk,focused,0.0,0.0,0.0,0.1096,0.5,228.0,1.0,1.0
2hop__488811_30110,chunk_focused_240,chunk,focused,0.0,0.0,0.0,0.1042,0.5,240.0,0.5,0.0
2hop__257831_123283,chunk_focused_240,chunk,focused,0.0,0.0,0.0,0.0,0.0,218.0,0.5,0.0
2hop__40270_11402,chunk_focused_240,chunk,focused,0.0,0.0,1.0,0.2379,0.5,227.0,0.5,0.0
2hop__847433_11402,chunk_focused_240,chunk,focused,0.0,0.0,1.0,0.3821,0.5,212.0,1.0,1.0
2hop__208602_11402,chunk_focused_240,chunk,focused,0.0,0.0,1.0,0.2403,0.5,233.0,0.5,0.0
2hop__567471_123283,chunk_focused_240,chunk,focused,0.0,0.0,0.0,0.1008,0.5,238.0,0.5,0.0
2hop__574496_123283,chunk_focused_240,chunk,focused,0.0,0.0,0.0,0.0,0.0,239.0,0.0,0.0
2hop__8347_8311,chunk_focused_240,chunk,focused,0.0,0.0,0.0,0.2174,1.0,230.0,1.0,1.0
2hop__71034_343058,chunk_focused_240,chunk,focused,0.0,0.0,0.0,0.188,0.5,234.0,0.5,0.0
2hop__109131_343058,chunk_focused_240,chunk,focused,0.0,0.0,0.0,0.1786,0.5,224.0,0.5,0.0
2hop__56851_343058,chunk_focused_240,chunk,focused,0.0,0.0,0.0,0.3744,0.5,219.0,0.5,0.0
2hop__14092_8311,chunk_focused_240,chunk,focused,0.0,0.0,1.0,0.0,0.0,235.0,0.5,0.0
2hop__422295_8311,chunk_focused_240,chunk,focused,0.0,0.0,0.0,0.2479,0.5,238.0,0.5,0.0
2hop__176712_8311,chunk_focused_240,chunk,focused,0.0,0.0,1.0,0.2639,0.5,216.0,1.0,1.0
2hop__159741_161674,chunk_focused_240,chunk,focused,0.0,0.0,0.0,0.0,0.0,219.0,0.5,0.0
2hop__159741_40169,chunk_focused_240,chunk,focused,0.0,0.0,0.0,0.0,0.0,236.0,0.5,0.0
2hop__88906_55840,chunk_focused_240,chunk,focused,1.0,1.0,1.0,0.0,0.0,208.0,0.5,0.0
2hop__71755_463572,chunk_focused_240,chunk,focused,0.0,0.5,0.0,0.0,0.0,228.0,0.0,0.0
2hop__67956_463572,chunk_focused_240,chunk,focused,0.0,0.5,0.0,0.0,0.0,214.0,0.0,0.0
2hop__398344_85513,chunk_focused_240,chunk,focused,0.0,0.0,0.0,0.1278,0.5,227.0,0.5,0.0
2hop__42578_55840,chunk_focused_240,chunk,focused,0.0,0.0,1.0,0.0,0.0,216.0,0.5,0.0
2hop__28203_55840,chunk_focused_240,chunk,focused,1.0,1.0,1.0,0.0,0.0,225.0,0.5,0.0
2hop__64323_55840,chunk_focused_240,chunk,focused,1.0,1.0,1.0,0.0,0.0,225.0,1.0,1.0
2hop__85713_84469,chunk_focused_240,chunk,focused,1.0,1.0,1.0,0.2375,0.5,240.0,0.5,0.0
2hop__79875_84469,chunk_focused_240,chunk,focused,1.0,1.0,1.0,0.0,0.0,240.0,0.5,0.0
2hop__79875_72187,chunk_focused_240,chunk,focused,0.0,0.0,0.0,0.0,0.0,237.0,0.5,0.0
2hop__85713_72187,chunk_focused_240,chunk,focused,0.0,0.0,0.0,0.0,0.0,238.0,0.5,0.0
2hop__204146_850295,chunk_focused_240,chunk,focused,0.0,0.0,0.0,0.3418,0.5,237.0,0.5,0.0
2hop__28287_89399,chunk_focused_240,chunk,focused,0.0,0.0,1.0,0.0,0.0,240.0,0.5,0.0
2hop__84103_345851,chunk_focused_240,chunk,focused,0.0,0.4,0.0,0.3376,0.5,237.0,0.5,0.0
2hop__142621_225454,chunk_focused_240,chunk,focused,0.0,0.5,0.0,0.2083,0.5,240.0,0.5,0.0
2hop__86689_728109,chunk_focused_240,chunk,focused,1.0,1.0,1.0,0.5088,1.0,226.0,0.0,0.0
2hop__38828_89399,chunk_focused_240,chunk,focused,0.0,0.0,1.0,0.0,0.0,214.0,0.5,0.0
2hop__587048_621800,chunk_focused_240,chunk,focused,0.0,0.0,0.0,0.1387,0.5,238.0,0.5,0.0
2hop__86458_20273,chunk_focused_240,chunk,focused,0.0,0.0,0.0,0.0,0.0,240.0,1.0,1.0
2hop__609313_20273,chunk_focused_240,chunk,focused,0.0,0.0,0.0,0.1009,0.5,228.0,1.0,1.0
2hop__799936_20273,chunk_focused_240,chunk,focused,0.0,0.0,0.0,0.1674,0.5,233.0,0.5,0.0
2hop__13986_161674,chunk_focused_240,chunk,focused,0.0,0.0,0.0,0.0,0.0,238.0,0.5,0.0
2hop__433694_20273,chunk_focused_240,chunk,focused,0.0,0.0,0.0,0.2232,0.5,233.0,0.5,0.0
2hop__13986_40169,chunk_focused_240,chunk,focused,0.0,0.0,0.0,0.0,0.0,220.0,0.5,0.0
2hop__25344_88628,chunk_focused_240,chunk,focused,0.0,0.0,0.0,0.0,0.0,232.0,0.0,0.0
2hop__657913_88628,chunk_focused_240,chunk,focused,0.0,0.0,0.0,0.1373,0.5,233.0,0.5,0.0
2hop__734057_88628,chunk_focused_240,chunk,focused,0.0,0.0,0.0,0.4848,1.0,231.0,1.0,1.0
2hop__95878_88628,chunk_focused_240,chunk,focused,0.0,0.0,0.0,0.0,0.0,231.0,0.5,0.0
2hop__726892_131968,chunk_focused_240,chunk,focused,0.0,0.0,0.0,0.0,0.0,234.0,0.5,0.0
2hop__693157_131890,chunk_focused_240,chunk,focused,0.0,0.0,0.0,0.0,0.0,236.0,0.0,0.0
2hop__611178_131968,chunk_focused_240,chunk,focused,0.0,0.0,0.0,0.2792,0.5,240.0,1.0,1.0
2hop__728969_131890,chunk_focused_240,chunk,focused,0.0,0.0,0.0,0.0866,0.5,231.0,0.5,0.0
2hop__30032_46621,chunk_focused_240,chunk,focused,0.0,0.6667,1.0,0.339,0.5,236.0,0.5,0.0
2hop__135822_46621,chunk_focused_240,chunk,focused,0.0,0.0,1.0,0.0,0.0,234.0,0.0,0.0
2hop__581084_828685,chunk_focused_240,chunk,focused,0.0,0.0,1.0,0.3009,1.0,226.0,1.0,1.0
2hop__40697_46621,chunk_focused_240,chunk,focused,0.0,0.0,1.0,0.0,0.0,240.0,0.5,0.0
2hop__157737_46621,chunk_focused_240,chunk,focused,0.0,0.0,1.0,0.0,0.0,211.0,0.5,0.0
2hop__39063_212301,chunk_focused_240,chunk,focused,0.0,0.0,0.0,0.0,0.0,237.0,0.0,0.0
2hop__25396_593388,chunk_focused_240,chunk,focused,0.0,0.0,0.0,0.0,0.0,237.0,1.0,1.0
2hop__25396_212301,chunk_focused_240,chunk,focused,0.0,0.0,1.0,0.0,0.0,231.0,0.5,0.0
2hop__39063_593388,chunk_focused_240,chunk,focused,0.0,0.0,0.0,0.0,0.0,239.0,0.5,0.0
2hop__153532_72380,chunk_focused_240,chunk,focused,0.0,0.0,0.0,0.25,0.5,232.0,0.5,0.0
2hop__619265_72380,chunk_focused_240,chunk,focused,0.0,0.0,0.0,0.0,0.0,236.0,0.5,0.0
2hop__37765_85990,chunk_focused_240,chunk,focused,0.0,0.0,0.0,0.0,0.0,218.0,0.0,0.0
2hop__623501_297043,chunk_focused_240,chunk,focused,0.0,0.5,0.0,0.2437,0.5,238.0,0.5,0.0
2hop__46550_85990,chunk_focused_240,chunk,focused,0.0,0.0,0.0,0.1826,0.5,230.0,0.5,0.0
2hop__30741_85990,chunk_focused_240,chunk,focused,0.0,0.0,0.0,0.0,0.0,233.0,0.0,0.0
2hop__66149_85990,chunk_focused_240,chunk,focused,0.0,0.0,1.0,0.2489,0.5,237.0,1.0,1.0
2hop__216535_370666,chunk_focused_240,chunk,focused,0.0,0.0,0.0,0.15,0.5,240.0,0.5,0.0
2hop__846388_19320,chunk_focused_240,chunk,focused,0.0,0.0,0.0,0.0,0.0,215.0,0.5,0.0
2hop__91211_90973,chunk_focused_240,chunk,focused,0.0,0.0,1.0,0.0,0.0,230.0,0.0,0.0
2hop__48033_90973,chunk_focused_240,chunk,focused,0.0,0.0,1.0,0.0,0.0,240.0,0.5,0.0
2hop__64175_90973,chunk_focused_240,chunk,focused,0.0,0.0,1.0,0.0,0.0,240.0,0.0,0.0
2hop__50936_90973,chunk_focused_240,chunk,focused,0.0,0.0,1.0,0.1417,0.5,240.0,0.5,0.0
2hop__599396_19320,chunk_focused_240,chunk,focused,0.0,0.0,0.0,0.0,0.0,231.0,0.0,0.0
2hop__365236_19320,chunk_focused_240,chunk,focused,1.0,1.0,1.0,0.0,0.0,232.0,0.5,0.0
2hop__685045_19320,chunk_focused_240,chunk,focused,0.0,0.0,0.0,0.385,0.5,213.0,1.0,1.0
2hop__30384_30351,chunk_focused_240,chunk,focused,0.0,0.0,1.0,0.3165,1.0,237.0,1.0,1.0
2hop__555792_30351,chunk_focused_240,chunk,focused,0.0,0.0,1.0,0.2333,0.5,240.0,0.5,0.0
2hop__431934_30351,chunk_focused_240,chunk,focused,1.0,1.0,1.0,0.1949,0.5,236.0,0.5,0.0
2hop__708145_30351,chunk_focused_240,chunk,focused,0.0,0.0,1.0,0.3389,0.5,239.0,1.0,1.0
2hop__837900_71701,chunk_focused_240,chunk,focused,0.0,0.0,1.0,0.1923,0.5,234.0,1.0,1.0
2hop__278022_71701,chunk_focused_240,chunk,focused,0.0,0.0,1.0,0.3432,0.5,236.0,0.5,0.0
2hop__10122_18974,chunk_focused_240,chunk,focused,1.0,1.0,1.0,0.339,0.5,236.0,1.0,1.0
2hop__370564_71701,chunk_focused_240,chunk,focused,0.0,0.0,1.0,0.395,1.0,238.0,1.0,1.0
2hop__753260_71701,chunk_focused_240,chunk,focused,0.0,0.0,1.0,0.0875,0.5,240.0,1.0,1.0
2hop__631024_18974,chunk_focused_240,chunk,focused,0.0,0.0,0.0,0.3319,0.5,238.0,0.0,0.0
2hop__36747_18974,chunk_focused_240,chunk,focused,0.0,0.5,0.0,0.0,0.0,239.0,0.0,0.0
2hop__10017_18974,chunk_focused_240,chunk,focused,0.0,0.0,1.0,0.3447,0.5,235.0,0.0,0.0
2hop__810411_159673,chunk_focused_240,chunk,focused,0.0,0.0,0.0,0.2298,0.5,235.0,0.5,0.0
2hop__96062_159673,chunk_focused_240,chunk,focused,1.0,1.0,1.0,0.0601,0.5,233.0,0.5,0.0
2hop__203985_524737,chunk_focused_240,chunk,focused,0.0,0.5714,0.0,0.0,0.0,240.0,0.5,0.0
2hop__77832_159673,chunk_focused_240,chunk,focused,0.0,0.0,0.0,0.3074,0.5,231.0,0.5,0.0
2hop__527400_159673,chunk_focused_240,chunk,focused,0.0,0.0,0.0,0.1617,0.5,235.0,0.5,0.0
2hop__766973_770570,chunk_focused_240,chunk,focused,0.0,0.0,0.0,0.0882,0.5,238.0,0.5,0.0
2hop__13592_49388,chunk_focused_240,chunk,focused,0.0,0.0,0.0,0.0,0.0,223.0,0.0,0.0
2hop__34495_85544,chunk_focused_240,chunk,focused,0.0,0.0,0.0,0.0,0.0,224.0,0.5,0.0
2hop__34495_49388,chunk_focused_240,chunk,focused,0.0,0.0,0.0,0.3891,0.5,221.0,0.5,0.0
2hop__13592_85544,chunk_focused_240,chunk,focused,0.0,0.0,0.0,0.6535,1.0,228.0,1.0,1.0
2hop__506035_325512,chunk_focused_240,chunk,focused,0.0,0.0,0.0,0.1416,0.5,226.0,0.5,0.0
2hop__107690_124896,chunk_focused_240,chunk,focused,0.0,0.0,0.0,0.2017,0.5,233.0,0.5,0.0
2hop__507722_124896,chunk_focused_240,chunk,focused,0.0,0.0,0.0,0.3304,0.5,227.0,0.5,0.0
2hop__107548_124896,chunk_focused_240,chunk,focused,0.0,0.0,0.0,0.0,0.0,234.0,0.5,0.0
2hop__754682_730690,chunk_focused_240,chunk,focused,0.0,0.0,0.0,0.0,0.0,240.0,0.0,0.0
2hop__68590_27619,chunk_focused_240,chunk,focused,0.0,0.0,0.0,0.0,0.0,227.0,1.0,1.0
2hop__269076_449113,chunk_focused_240,chunk,focused,0.0,0.0,0.0,0.3433,0.5,233.0,0.5,0.0
2hop__27650_27619,chunk_focused_240,chunk,focused,0.0,0.0,0.0,0.0,0.0,224.0,0.0,0.0
2hop__68590_27628,chunk_focused_240,chunk,focused,0.0,0.0,0.0,0.0,0.0,231.0,1.0,1.0
2hop__809785_606637,chunk_focused_240,chunk,focused,0.0,0.3333,0.0,0.207,0.5,227.0,0.5,0.0
2hop__27650_27628,chunk_focused_240,chunk,focused,0.0,0.0,0.0,0.0,0.0,230.0,0.0,0.0
2hop__656411_345851,chunk_focused_240,chunk,focused,0.0,0.0,0.0,0.2692,0.5,234.0,1.0,1.0
2hop__24661_66233,chunk_focused_240,chunk,focused,0.0,0.0,0.0,0.0,0.0,224.0,0.5,0.0
2hop__329676_119915,chunk_focused_240,chunk,focused,0.0,0.0,0.0,0.1803,0.5,233.0,0.5,0.0
2hop__539184_119915,chunk_focused_240,chunk,focused,0.0,0.0,0.0,0.3636,0.5,220.0,0.0,0.0
2hop__26642_81961,chunk_focused_240,chunk,focused,0.0,0.4,0.0,0.3616,0.5,224.0,0.5,0.0
2hop__24661_81961,chunk_focused_240,chunk,focused,0.0,0.3333,0.0,0.0,0.0,236.0,0.5,0.0
2hop__233551_746883,chunk_focused_240,chunk,focused,0.0,0.0,0.0,0.1055,0.5,237.0,0.5,0.0
2hop__26642_66233,chunk_focused_240,chunk,focused,0.0,0.0,0.0,0.0,0.0,224.0,0.0,0.0
2hop__124933_653666,chunk_focused_240,chunk,focused,0.0,0.3333,1.0,0.181,0.5,232.0,1.0,1.0
2hop__76402_653666,chunk_focused_240,chunk,focused,0.0,0.3333,1.0,0.2328,0.5,232.0,0.5,0.0
2hop__73717_653666,chunk_focused_240,chunk,focused,1.0,1.0,1.0,0.3305,0.5,239.0,0.5,0.0
2hop__252521_80650,chunk_focused_240,chunk,focused,0.0,0.0,0.0,0.206,0.5,233.0,1.0,1.0
2hop__538735_3296,chunk_focused_240,chunk,focused,0.0,0.0,1.0,0.2089,0.5,225.0,0.5,0.0
2hop__538735_3299,chunk_focused_240,chunk,focused,0.0,0.0,0.0,0.2009,0.5,234.0,0.5,0.0
2hop__811015_3300,chunk_focused_240,chunk,focused,0.0,0.0,0.0,0.1639,0.5,238.0,0.5,0.0
2hop__3131_3300,chunk_focused_240,chunk,focused,0.0,0.0,1.0,0.0,0.0,235.0,1.0,1.0
2hop__143915_68489,chunk_focused_240,chunk,focused,0.0,0.0,0.0,0.2958,0.5,240.0,0.0,0.0
2hop__593688_292889,chunk_focused_240,chunk,focused,0.0,0.0,0.0,0.0866,0.5,231.0,0.5,0.0
2hop__598467_68489,chunk_focused_240,chunk,focused,0.0,0.0,0.0,0.1318,0.5,220.0,0.5,0.0
2hop__142842_68489,chunk_focused_240,chunk,focused,0.0,0.0,0.0,0.0,0.0,220.0,0.5,0.0
2hop__230022_68489,chunk_focused_240,chunk,focused,0.0,0.0,0.0,0.1723,0.5,238.0,0.5,0.0
2hop__78756_198548,chunk_focused_240,chunk,focused,0.0,0.0,0.0,0.0,0.0,234.0,0.5,0.0
2hop__47808_198548,chunk_focused_240,chunk,focused,0.0,0.0,0.0,0.3348,0.5,221.0,0.5,0.0
2hop__70584_198548,chunk_focused_240,chunk,focused,0.0,0.0,0.0,0.0,0.0,235.0,0.5,0.0
2hop__84172_198548,chunk_focused_240,chunk,focused,0.0,0.0,0.0,0.2489,0.5,237.0,0.5,0.0
2hop__415518_616002,chunk_focused_240,chunk,focused,0.0,0.0,0.0,0.178,0.5,236.0,0.5,0.0
2hop__75207_46837,chunk_focused_240,chunk,focused,0.0,0.0,0.0,0.0,0.0,240.0,0.5,0.0
2hop__75207_7363,chunk_focused_240,chunk,focused,0.0,0.0,0.0,0.0,0.0,237.0,0.0,0.0
2hop__671664_646310,chunk_focused_240,chunk,focused,0.0,0.0,0.0,0.0886,0.5,237.0,0.5,0.0
2hop__75207_365216,chunk_focused_240,chunk,focused,0.0,0.0,1.0,0.4202,1.0,238.0,1.0,1.0
2hop__75207_53316,chunk_focused_240,chunk,focused,0.0,0.0,0.0,0.0,0.0,235.0,0.0,0.0
2hop__736167_74735,chunk_focused_240,chunk,focused,0.0,0.0,1.0,0.27,0.5,237.0,0.5,0.0
2hop__384238_74735,chunk_focused_240,chunk,focused,0.0,0.0,1.0,0.0,0.0,227.0,0.0,0.0
2hop__763380_74735,chunk_focused_240,chunk,focused,0.0,0.0,0.0,0.1055,0.5,237.0,0.5,0.0
2hop__789398_74735,chunk_focused_240,chunk,focused,0.0,0.0,0.0,0.0,0.0,233.0,0.0,0.0
2hop__30905_213732,chunk_focused_240,chunk,focused,0.0,0.0,0.0,0.0,0.0,239.0,0.0,0.0
2hop__44522_58556,chunk_focused_240,chunk,focused,0.0,0.0,1.0,0.3277,0.5,235.0,0.5,0.0
2hop__58939_189318,chunk_focused_240,chunk,focused,0.0,0.0,0.0,0.2467,0.5,227.0,0.5,0.0
2hop__58939_213732,chunk_focused_240,chunk,focused,0.0,0.0,0.0,0.2402,0.5,229.0,0.5,0.0
2hop__30905_189318,chunk_focused_240,chunk,focused,1.0,1.0,1.0,0.1715,0.5,239.0,0.5,0.0
2hop__16446_58556,chunk_focused_240,chunk,focused,0.0,0.3333,0.0,0.0,0.0,226.0,0.0,0.0
2hop__35686_58556,chunk_focused_240,chunk,focused,0.0,0.3333,0.0,0.0,0.0,232.0,0.5,0.0
2hop__723404_58556,chunk_focused_240,chunk,focused,0.0,0.0,0.0,0.2246,0.5,236.0,0.5,0.0
2hop__95773_51329,chunk_focused_240,chunk,focused,0.0,0.0,0.0,0.0879,0.5,239.0,0.5,0.0
2hop__696442_51329,chunk_focused_240,chunk,focused,0.0,0.0,0.0,0.0,0.0,235.0,0.0,0.0
2hop__591435_51329,chunk_focused_240,chunk,focused,0.0,0.0,0.0,0.2043,0.5,230.0,0.5,0.0
2hop__753715_51329,chunk_focused_240,chunk,focused,0.0,0.0,0.0,0.0,0.0,238.0,0.0,0.0
2hop__142443_768138,chunk_focused_240,chunk,focused,0.0,0.5,0.0,0.1674,0.5,233.0,0.5,0.0
2hop__37097_53663,chunk_focused_240,chunk,focused,0.0,0.0,0.0,0.0,0.0,236.0,0.5,0.0
2hop__82669_768138,chunk_focused_240,chunk,focused,0.0,0.0,0.0,0.275,0.5,240.0,0.5,0.0
2hop__63982_768138,chunk_focused_240,chunk,focused,0.0,0.0,0.0,0.1723,0.5,238.0,0.5,0.0
2hop__2416_53663,chunk_focused_240,chunk,focused,0.0,0.0,0.0,0.0,0.0,240.0,0.5,0.0
2hop__678516_179720,chunk_focused_240,chunk,focused,0.0,0.0,0.0,0.3475,0.5,236.0,0.5,0.0
2hop__39954_80940,chunk_focused_240,chunk,focused,1.0,1.0,1.0,0.4322,1.0,236.0,0.5,0.0
2hop__39954_80303,chunk_focused_240,chunk,focused,0.0,0.4,0.0,0.0,0.0,240.0,1.0,1.0
2hop__39954_65371,chunk_focused_240,chunk,focused,0.0,0.0,0.0,0.2218,0.5,239.0,0.5,0.0
2hop__385392_756039,chunk_focused_240,chunk,focused,0.0,0.0,0.0,0.1202,0.5,233.0,0.5,0.0
2hop__557743_92763,chunk_focused_240,chunk,focused,0.0,0.0,0.0,0.2911,0.5,237.0,0.5,0.0
2hop__403060_92763,chunk_focused_240,chunk,focused,0.0,0.0,0.0,0.2227,0.5,238.0,1.0,1.0
2hop__29349_92763,chunk_focused_240,chunk,focused,0.0,0.0,0.0,0.3537,0.5,229.0,0.5,0.0
2hop__267938_92763,chunk_focused_240,chunk,focused,0.0,0.0,0.0,0.3083,0.5,240.0,0.5,0.0
2hop__142198_152093,chunk_focused_240,chunk,focused,0.0,0.0,0.0,0.2241,0.5,232.0,0.5,0.0
2hop__632161_643449,chunk_focused_240,chunk,focused,0.0,0.0,0.0,0.2278,0.5,237.0,0.5,0.0
2hop__170914_152093,chunk_focused_240,chunk,focused,0.0,0.0,0.0,0.1588,0.5,233.0,0.5,0.0
2hop__705035_152093,chunk_focused_240,chunk,focused,0.0,0.0,0.0,0.1787,0.5,235.0,0.5,0.0
2hop__143650_152023,chunk_focused_240,chunk,focused,0.0,0.3333,0.0,0.2815,0.5,238.0,0.5,0.0
2hop__203437_152093,chunk_focused_240,chunk,focused,0.0,0.0,0.0,0.1674,0.5,227.0,0.5,0.0
2hop__559273_152023,chunk_focused_240,chunk,focused,0.0,0.3333,0.0,0.1042,0.5,240.0,0.5,0.0
2hop__374767_152023,chunk_focused_240,chunk,focused,0.0,0.0,0.0,0.1916,0.5,214.0,0.5,0.0
2hop__409166_152023,chunk_focused_240,chunk,focused,0.0,0.0,0.0,0.1387,0.5,238.0,0.5,0.0
2hop__48784_70131,chunk_focused_240,chunk,focused,0.0,0.0,0.0,0.0,0.0,234.0,0.0,0.0
2hop__452580_70131,chunk_focused_240,chunk,focused,0.0,0.0,0.0,0.3074,0.5,231.0,0.5,0.0
2hop__464479_70131,chunk_focused_240,chunk,focused,0.0,0.0,0.0,0.0,0.0,240.0,1.0,1.0
2hop__552546_70131,chunk_focused_240,chunk,focused,0.0,0.0,0.0,0.2624,0.5,221.0,0.5,0.0
2hop__124807_135019,chunk_focused_240,chunk,focused,0.0,0.0,1.0,0.5022,1.0,223.0,1.0,1.0
2hop__605207_135019,chunk_focused_240,chunk,focused,0.0,0.0,0.0,0.0,0.0,237.0,0.0,0.0
2hop__271045_68633,chunk_focused_240,chunk,focused,0.0,0.0,0.0,0.131,0.5,229.0,0.5,0.0
2hop__645367_68633,chunk_focused_240,chunk,focused,0.0,0.0,0.0,0.2681,0.5,235.0,0.5,0.0
2hop__853227_68633,chunk_focused_240,chunk,focused,0.0,0.0,0.0,0.1435,0.5,230.0,0.5,0.0
2hop__374495_68633,chunk_focused_240,chunk,focused,0.0,0.0,0.0,0.2259,0.5,239.0,0.5,0.0
2hop__391873_88622,chunk_focused_240,chunk,focused,0.0,0.0,0.0,0.1925,0.5,239.0,0.5,0.0
2hop__315246_88622,chunk_focused_240,chunk,focused,0.0,0.0,0.0,0.1625,0.5,240.0,0.5,0.0
2hop__498061_88622,chunk_focused_240,chunk,focused,0.0,0.0,0.0,0.3186,0.5,226.0,0.5,0.0
2hop__554145_88622,chunk_focused_240,chunk,focused,0.0,0.0,0.0,0.2918,0.5,233.0,0.5,0.0
2hop__66708_573255,chunk_focused_240,chunk,focused,0.0,0.0,0.0,0.0,0.0,237.0,0.5,0.0
2hop__49887_573255,chunk_focused_240,chunk,focused,0.0,0.0,0.0,0.2275,0.5,233.0,0.5,0.0
2hop__126188_396277,chunk_focused_240,chunk,focused,1.0,1.0,1.0,0.2008,0.5,239.0,1.0,1.0
2hop__126306_396277,chunk_focused_240,chunk,focused,0.0,0.0,0.0,0.0962,0.5,239.0,0.5,0.0
2hop__126299_396277,chunk_focused_240,chunk,focused,0.0,0.0,0.0,0.0,0.0,234.0,0.5,0.0
2hop__77518_548781,chunk_focused_240,chunk,focused,0.0,0.0,0.0,0.25,0.5,236.0,0.5,0.0
2hop__53175_548781,chunk_focused_240,chunk,focused,0.0,0.0,0.0,0.1345,0.5,238.0,0.5,0.0
2hop__613779_55984,chunk_focused_240,chunk,focused,1.0,1.0,1.0,0.1217,0.5,230.0,1.0,1.0
2hop__559076_55984,chunk_focused_240,chunk,focused,1.0,1.0,1.0,0.6395,1.0,233.0,1.0,1.0
2hop__275891_55984,chunk_focused_240,chunk,focused,1.0,1.0,1.0,0.1233,0.5,227.0,0.5,0.0
2hop__435087_55984,chunk_focused_240,chunk,focused,0.0,0.0,1.0,0.3465,1.0,228.0,0.5,0.0
2hop__21991_43945,chunk_focused_240,chunk,focused,0.0,0.0,0.0,0.0,0.0,231.0,0.0,0.0
2hop__269766_43945,chunk_focused_240,chunk,focused,0.0,0.6154,1.0,0.2652,0.5,230.0,0.5,0.0
2hop__170341_43945,chunk_focused_240,chunk,focused,0.0,0.1429,1.0,0.2292,0.5,240.0,0.5,0.0
2hop__69765_43945,chunk_focused_240,chunk,focused,0.0,0.0,1.0,0.4917,1.0,240.0,1.0,1.0
2hop__414193_176917,chunk_focused_240,chunk,focused,0.0,0.0,0.0,0.3064,0.5,235.0,0.5,0.0
2hop__2416_86208,chunk_focused_240,chunk,focused,0.0,0.0,0.0,0.0,0.0,225.0,0.0,0.0
2hop__37097_86208,chunk_focused_240,chunk,focused,0.0,0.6667,1.0,0.3463,0.5,231.0,1.0,1.0
2hop__231805_514393,chunk_focused_240,chunk,focused,0.0,0.0,0.0,0.2291,0.5,227.0,0.5,0.0
2hop__16581_16569,chunk_focused_240,chunk,focused,0.0,0.0,0.0,0.0,0.0,235.0,0.0,0.0
2hop__156044_57816,chunk_focused_240,chunk,focused,1.0,1.0,1.0,0.1483,0.5,236.0,0.5,0.0
2hop__754753_57816,chunk_focused_240,chunk,focused,1.0,1.0,1.0,0.1416,0.5,233.0,1.0,1.0
2hop__510679_57816,chunk_focused_240,chunk,focused,1.0,1.0,1.0,0.2771,0.5,231.0,0.5,0.0
2hop__663184_57816,chunk_focused_240,chunk,focused,1.0,1.0,1.0,0.2936,1.0,235.0,0.5,0.0
2hop__47071_162399,chunk_focused_240,chunk,focused,0.0,0.0,0.0,0.2405,0.5,237.0,0.5,0.0
2hop__580231_162399,chunk_focused_240,chunk,focused,0.0,0.0,0.0,0.2379,0.5,227.0,1.0,1.0
2hop__619265_45326,chunk_focused_240,chunk,focused,0.0,0.0,0.0,0.2736,0.5,212.0,0.5,0.0
2hop__153532_45326,chunk_focused_240,chunk,focused,0.0,0.0,0.0,0.0,0.0,213.0,0.5,0.0
2hop__455392_40315,chunk_focused_240,chunk,focused,0.0,0.0,0.0,0.3096,0.5,239.0,1.0,1.0
2hop__763840_144857,chunk_focused_240,chunk,focused,0.0,0.0,0.0,0.2083,0.5,240.0,0.5,0.0
2hop__227031_144857,chunk_focused_240,chunk,focused,0.0,0.0,0.0,0.0,0.0,239.0,0.0,0.0
2hop__168816_144857,chunk_focused_240,chunk,focused,0.0,0.0,0.0,0.1646,0.5,237.0,0.5,0.0
2hop__312223_144857,chunk_focused_240,chunk,focused,0.0,0.0,0.0,0.1417,0.5,240.0,0.5,0.0
2hop__85463_66122,chunk_focused_240,chunk,focused,0.0,0.0,0.0,0.0,0.0,234.0,0.5,0.0
2hop__289517_139339,chunk_focused_240,chunk,focused,0.0,0.0,0.0,0.2301,0.5,239.0,0.5,0.0
2hop__507528_139339,chunk_focused_240,chunk,focused,0.0,0.0,0.0,0.188,0.5,234.0,0.5,0.0
2hop__85463_54688,chunk_focused_240,chunk,focused,0.0,0.6667,0.0,0.2261,0.5,230.0,1.0,1.0
2hop__669160_139339,chunk_focused_240,chunk,focused,0.0,0.0,0.0,0.2237,0.5,228.0,0.5,0.0
2hop__332453_139339,chunk_focused_240,chunk,focused,0.0,0.7692,1.0,0.3211,0.5,218.0,0.5,0.0
2hop__85463_50252,chunk_focused_240,chunk,focused,0.0,0.4,1.0,0.0,0.0,229.0,0.5,0.0
2hop__85463_33311,chunk_focused_240,chunk,focused,0.0,0.0,0.0,0.0,0.0,225.0,0.5,0.0
2hop__60229_38663,chunk_focused_240,chunk,focused,0.0,0.0,0.0,0.0,0.0,214.0,1.0,1.0
2hop__706038_14251,chunk_focused_240,chunk,focused,0.0,0.0,0.0,0.2043,0.5,235.0,0.5,0.0
2hop__821368_14251,chunk_focused_240,chunk,focused,0.0,0.0,0.0,0.1923,0.5,234.0,0.5,0.0
2hop__857585_14251,chunk_focused_240,chunk,focused,0.0,0.0,0.0,0.2869,0.5,237.0,0.5,0.0
2hop__60229_1783,chunk_focused_240,chunk,focused,0.0,0.0,0.0,0.0,0.0,240.0,0.0,0.0
2hop__83405_158262,chunk_focused_240,chunk,focused,0.0,0.0,1.0,0.0,0.0,234.0,0.0,0.0
2hop__57543_158262,chunk_focused_240,chunk,focused,0.0,0.0,0.0,0.0,0.0,234.0,0.0,0.0
2hop__62020_158262,chunk_focused_240,chunk,focused,0.0,0.0,1.0,0.308,0.5,237.0,0.0,0.0
2hop__358582_189042,chunk_focused_240,chunk,focused,0.0,0.4,0.0,0.2008,0.5,239.0,0.5,0.0
2hop__450600_158262,chunk_focused_240,chunk,focused,0.0,0.0,0.0,0.2658,0.5,237.0,0.5,0.0
2hop__78401_158262,chunk_focused_240,chunk,focused,0.0,0.0,1.0,0.0,0.0,239.0,0.0,0.0
2hop__121145_561444,chunk_focused_240,chunk,focused,0.0,0.0,0.0,0.177,0.5,226.0,0.5,0.0
2hop__125412_544665,chunk_focused_240,chunk,focused,0.0,0.0,0.0,0.1625,0.5,240.0,0.5,0.0
2hop__135668_561444,chunk_focused_240,chunk,focused,0.0,0.0,1.0,0.1872,0.5,235.0,1.0,1.0
2hop__144317_120065,chunk_focused_240,chunk,focused,0.0,0.0,0.0,0.3375,0.5,240.0,0.5,0.0
2hop__451574_120065,chunk_focused_240,chunk,focused,0.0,0.0,0.0,0.1453,0.5,234.0,0.5,0.0
2hop__159146_120065,chunk_focused_240,chunk,focused,0.0,0.0,0.0,0.0,0.0,239.0,0.0,0.0
2hop__123166_47134,chunk_focused_240,chunk,focused,1.0,1.0,1.0,0.6609,1.0,233.0,0.5,0.0
2hop__326404_120065,chunk_focused_240,chunk,focused,0.0,0.0,0.0,0.1486,0.5,222.0,0.5,0.0
2hop__123545_47134,chunk_focused_240,chunk,focused,1.0,1.0,1.0,0.1316,0.5,228.0,1.0,1.0
2hop__107905_110222,chunk_focused_240,chunk,focused,0.0,0.0,0.0,0.3405,0.5,232.0,0.5,0.0
2hop__351045_47134,chunk_focused_240,chunk,focused,0.0,0.0,0.0,0.2405,0.5,237.0,0.5,0.0
2hop__347652_47134,chunk_focused_240,chunk,focused,1.0,1.0,1.0,0.3067,0.5,238.0,0.5,0.0
2hop__846844_47134,chunk_focused_240,chunk,focused,1.0,1.0,1.0,0.4202,0.5,238.0,0.5,0.0
2hop__107601_110222,chunk_focused_240,chunk,focused,0.0,0.0,0.0,0.1792,0.5,240.0,0.5,0.0
2hop__175168_110222,chunk_focused_240,chunk,focused,0.0,0.0,0.0,0.1822,0.5,236.0,0.5,0.0
2hop__503085_110222,chunk_focused_240,chunk,focused,0.0,0.5,0.0,0.2262,0.5,221.0,0.5,0.0
2hop__293131_110222,chunk_focused_240,chunk,focused,0.0,0.0,0.0,0.0,0.0,236.0,0.0,0.0
2hop__46376_158105,chunk_focused_240,chunk,focused,0.0,0.0,0.0,0.0,0.0,229.0,0.5,0.0
2hop__13106_158105,chunk_focused_240,chunk,focused,0.0,0.0,0.0,0.3814,0.5,215.0,1.0,1.0
2hop__55552_158105,chunk_focused_240,chunk,focused,0.0,0.9524,1.0,0.3808,0.5,239.0,0.5,0.0
2hop__417937_158105,chunk_focused_240,chunk,focused,0.0,0.1429,0.0,0.1858,0.5,226.0,0.5,0.0
2hop__85455_158105,chunk_focused_240,chunk,focused,0.0,0.0,0.0,0.0,0.0,228.0,0.5,0.0
2hop__73615_16848,chunk_focused_240,chunk,focused,0.0,0.0,0.0,0.0,0.0,240.0,0.5,0.0
2hop__73615_42173,chunk_focused_240,chunk,focused,0.0,0.0,0.0,0.0,0.0,235.0,0.0,0.0
2hop__238499_431914,chunk_focused_240,chunk,focused,0.0,0.0,1.0,0.4703,1.0,236.0,1.0,1.0
2hop__16844_42173,chunk_focused_240,chunk,focused,0.0,0.0,0.0,0.0,0.0,236.0,0.0,0.0
2hop__311931_417706,chunk_focused_240,chunk,focused,0.0,0.5,0.0,0.1696,0.5,224.0,0.5,0.0
2hop__16844_20510,chunk_focused_240,chunk,focused,0.0,0.0,0.0,0.3491,0.5,232.0,0.5,0.0
2hop__73615_20510,chunk_focused_240,chunk,focused,0.0,0.0,0.0,0.3506,0.5,231.0,0.5,0.0
2hop__593397_224832,chunk_focused_240,chunk,focused,0.0,0.3333,0.0,0.175,0.5,240.0,0.5,0.0
2hop__156658_155922,chunk_focused_240,chunk,focused,0.0,0.0,0.0,0.0,0.0,235.0,0.5,0.0
2hop__814408_155922,chunk_focused_240,chunk,focused,0.0,0.0,0.0,0.0,0.0,235.0,0.5,0.0
2hop__155781_155922,chunk_focused_240,chunk,focused,0.0,0.0,0.0,0.0,0.0,150.0,0.5,0.0
2hop__81682_707195,chunk_focused_240,chunk,focused,0.0,0.0,1.0,0.1174,0.5,230.0,0.5,0.0
2hop__852657_155922,chunk_focused_240,chunk,focused,1.0,1.0,1.0,0.4829,1.0,234.0,1.0,1.0
2hop__149862_108549,chunk_focused_240,chunk,focused,0.0,0.0,0.0,0.1872,0.5,235.0,0.5,0.0
2hop__669456_108549,chunk_focused_240,chunk,focused,0.0,0.0,0.0,0.0,0.0,222.0,0.5,0.0
2hop__358270_108549,chunk_focused_240,chunk,focused,0.0,0.0,0.0,0.2042,0.5,240.0,0.5,0.0
2hop__149983_108549,chunk_focused_240,chunk,focused,0.0,0.0,0.0,0.0,0.0,227.0,0.0,0.0
2hop__608902_653666,chunk_focused_240,chunk,focused,0.0,0.0,0.0,0.1168,0.5,214.0,0.5,0.0
2hop__149710_108549,chunk_focused_240,chunk,focused,0.0,0.0,0.0,0.0,0.0,224.0,1.0,1.0
2hop__61664_786853,chunk_focused_240,chunk,focused,0.0,0.0,0.0,0.3172,0.5,227.0,0.0,0.0
2hop__60686_229757,chunk_focused_240,chunk,focused,0.0,0.0,0.0,0.0,0.0,230.0,0.0,0.0
2hop__55032_786853,chunk_focused_240,chunk,focused,0.0,0.0,0.0,0.3172,0.5,227.0,0.0,0.0
2hop__67660_158861,chunk_focused_240,chunk,focused,1.0,1.0,1.0,0.0,0.0,230.0,0.0,0.0
2hop__63483_786853,chunk_focused_240,chunk,focused,0.0,0.0,0.0,0.0,0.0,227.0,0.5,0.0
2hop__67660_81007,chunk_focused_240,chunk,focused,1.0,1.0,1.0,0.3476,0.5,233.0,0.0,0.0
2hop__825727_584042,chunk_focused_240,chunk,focused,0.0,0.0,0.0,0.157,0.5,223.0,0.5,0.0
2hop__91667_67223,chunk_focused_240,chunk,focused,0.0,0.5,0.0,0.2917,0.5,240.0,0.0,0.0
2hop__91667_81007,chunk_focused_240,chunk,focused,1.0,1.0,1.0,0.3476,0.5,233.0,0.5,0.0
2hop__245835_762148,chunk_focused_240,chunk,focused,0.0,0.0,0.0,0.1583,0.5,240.0,0.5,0.0
2hop__67660_67223,chunk_focused_240,chunk,focused,0.0,0.5,0.0,0.0,0.0,230.0,0.0,0.0
2hop__152052_141308,chunk_focused_240,chunk,focused,0.0,0.0,0.0,0.366,0.5,235.0,1.0,1.0
2hop__151705_141308,chunk_focused_240,chunk,focused,0.0,0.0,1.0,0.2143,0.5,238.0,0.0,0.0
2hop__501624_181960,chunk_focused_240,chunk,focused,0.0,0.0,0.0,0.2236,0.5,237.0,0.5,0.0
2hop__152700_141308,chunk_focused_240,chunk,focused,0.0,0.5,1.0,0.4561,1.0,239.0,1.0,1.0
2hop__596188_297986,chunk_focused_240,chunk,focused,0.0,0.0,0.0,0.1322,0.5,227.0,0.5,0.0
2hop__151750_141308,chunk_focused_240,chunk,focused,0.0,0.5,0.0,0.2275,0.5,233.0,0.5,0.0
2hop__152027_141308,chunk_focused_240,chunk,focused,0.0,0.0,0.0,0.3506,0.5,231.0,0.5,0.0
2hop__157498_127908,chunk_focused_240,chunk,focused,0.0,0.6667,0.0,0.3106,0.5,235.0,0.5,0.0
2hop__179149_396277,chunk_focused_240,chunk,focused,0.0,0.0,0.0,0.3113,0.5,212.0,0.5,0.0
2hop__448615_127908,chunk_focused_240,chunk,focused,0.0,0.4444,1.0,0.4177,1.0,237.0,1.0,1.0
2hop__423874_128023,chunk_focused_240,chunk,focused,0.0,0.4444,1.0,0.2773,0.5,220.0,0.5,0.0
2hop__108158_83769,chunk_focused_240,chunk,focused,0.0,0.0,0.0,0.1875,0.5,240.0,0.5,0.0
2hop__72118_83769,chunk_focused_240,chunk,focused,0.0,0.0,0.0,0.0,0.0,228.0,0.0,0.0
2hop__72686_83769,chunk_focused_240,chunk,focused,0.0,0.0,0.0,0.3377,0.5,231.0,0.5,0.0
2hop__424908_500483,chunk_focused_240,chunk,focused,0.0,0.0,1.0,0.2532,1.0,237.0,1.0,1.0
2hop__646573_83769,chunk_focused_240,chunk,focused,0.0,0.0,0.0,0.0,0.0,240.0,0.5,0.0
2hop__169443_83769,chunk_focused_240,chunk,focused,0.0,0.0,0.0,0.3435,0.5,230.0,0.5,0.0
2hop__394720_120259,chunk_focused_240,chunk,focused,0.0,0.0,0.0,0.2851,0.5,235.0,0.5,0.0
2hop__88953_64006,chunk_focused_240,chunk,focused,0.0,0.0,1.0,0.646,1.0,226.0,1.0,1.0
2hop__315072_120259,chunk_focused_240,chunk,focused,0.0,0.0,0.0,0.0,0.0,227.0,0.0,0.0
2hop__511454_120259,chunk_focused_240,chunk,focused,0.0,0.0,0.0,0.0,0.0,221.0,0.0,0.0
2hop__603365_120259,chunk_focused_240,chunk,focused,0.0,0.0,0.0,0.3547,0.5,234.0,0.5,0.0
2hop__5190_64006,chunk_focused_240,chunk,focused,0.0,0.0,1.0,0.2876,0.5,233.0,0.0,0.0
2hop__107185_64006,chunk_focused_240,chunk,focused,1.0,1.0,1.0,0.0,0.0,235.0,0.5,0.0
2hop__418941_429437,chunk_focused_240,chunk,focused,0.0,0.0,0.0,0.2638,0.5,235.0,0.5,0.0
2hop__62951_64006,chunk_focused_240,chunk,focused,0.0,0.0,1.0,0.0,0.0,232.0,0.5,0.0
2hop__575188_342798,chunk_focused_240,chunk,focused,0.0,0.0,0.0,0.0897,0.5,234.0,0.5,0.0
2hop__691455_64006,chunk_focused_240,chunk,focused,1.0,1.0,1.0,0.0,0.0,221.0,0.5,0.0
2hop__64372_83289,chunk_focused_240,chunk,focused,0.0,0.0,0.0,0.2178,0.5,225.0,0.5,0.0
2hop__88406_83289,chunk_focused_240,chunk,focused,0.0,0.0,0.0,0.3553,0.5,228.0,1.0,1.0
2hop__194469_83289,chunk_focused_240,chunk,focused,0.0,0.0,0.0,0.0,0.0,237.0,0.5,0.0
2hop__586343_83289,chunk_focused_240,chunk,focused,0.0,0.0,0.0,0.0,0.0,240.0,1.0,1.0
2hop__91626_96912,chunk_focused_240,chunk,focused,0.0,0.2857,0.0,0.183,0.5,235.0,0.5,0.0
2hop__179322_83289,chunk_focused_240,chunk,focused,1.0,1.0,1.0,0.0,0.0,236.0,0.0,0.0
2hop__20536_96912,chunk_focused_240,chunk,focused,0.0,0.0,0.0,0.0,0.0,225.0,0.5,0.0
2hop__865828_377862,chunk_focused_240,chunk,focused,0.0,0.0,1.0,0.3718,1.0,234.0,1.0,1.0
2hop__749997_96912,chunk_focused_240,chunk,focused,0.0,0.0,0.0,0.1624,0.5,234.0,0.5,0.0
2hop__690412_526810,chunk_focused_240,chunk,focused,0.0,0.3333,0.0,0.1542,0.5,240.0,0.5,0.0
2hop__460946_294723,chunk_mmr_240,chunk,mmr,0.0,0.0,0.0,0.0,0.0,238.0,0.0,0.0
2hop__252311_366220,chunk_mmr_240,chunk,mmr,0.0,0.0,0.0,0.0,0.0,236.0,0.0,0.0
2hop__701895_752697,chunk_mmr_240,chunk,mmr,0.0,0.0,0.0,0.8651,0.5,215.0,0.5,0.0
2hop__259228_793698,chunk_mmr_240,chunk,mmr,0.0,0.0,0.0,0.0,0.0,228.0,0.0,0.0
2hop__481349_302087,chunk_mmr_240,chunk,mmr,0.0,0.5,0.0,0.2965,0.5,226.0,0.5,0.0
2hop__697790_864352,chunk_mmr_240,chunk,mmr,0.0,0.0,0.0,0.2743,0.5,237.0,0.5,0.0
2hop__207476_625987,chunk_mmr_240,chunk,mmr,0.0,0.5,0.0,0.0,0.0,224.0,0.5,0.0
2hop__390947_232243,chunk_mmr_240,chunk,mmr,0.0,0.8,1.0,0.2411,1.0,224.0,1.0,1.0
2hop__354635_174222,chunk_mmr_240,chunk,mmr,0.0,0.0,0.0,0.2851,0.5,221.0,0.5,0.0
2hop__635187_861533,chunk_mmr_240,chunk,mmr,0.0,0.0,0.0,0.2321,0.5,237.0,0.5,0.0
2hop__166824_185403,chunk_mmr_240,chunk,mmr,0.0,0.0,0.0,0.2036,0.5,221.0,0.5,0.0
2hop__698577_851686,chunk_mmr_240,chunk,mmr,0.0,0.0,0.0,0.0,0.0,228.0,0.5,0.0
2hop__362107_652514,chunk_mmr_240,chunk,mmr,0.0,0.0,1.0,0.4487,1.0,234.0,1.0,1.0
2hop__402530_774333,chunk_mmr_240,chunk,mmr,0.0,0.0,0.0,0.095,0.5,221.0,0.5,0.0
2hop__195917_575657,chunk_mmr_240,chunk,mmr,0.0,0.0,0.0,0.2996,0.5,237.0,0.5,0.0
2hop__683835_709167,chunk_mmr_240,chunk,mmr,0.0,0.0,0.0,0.2121,0.5,231.0,0.5,0.0
2hop__197470_271394,chunk_mmr_240,chunk,mmr,0.0,0.0,0.0,0.0,0.0,234.0,1.0,1.0
2hop__458131_174974,chunk_mmr_240,chunk,mmr,0.0,0.0,0.0,0.0,0.0,216.0,0.5,0.0
2hop__299142_347613,chunk_mmr_240,chunk,mmr,0.0,0.0,0.0,0.1167,0.5,240.0,0.5,0.0
2hop__528263_865831,chunk_mmr_240,chunk,mmr,0.0,0.0,0.0,0.4153,0.5,236.0,0.5,0.0
2hop__569582_304416,chunk_mmr_240,chunk,mmr,0.0,0.0,0.0,0.0,0.0,235.0,1.0,1.0
2hop__505860_650613,chunk_mmr_240,chunk,mmr,0.0,0.0,0.0,0.2553,0.5,235.0,0.5,0.0
2hop__821197_368148,chunk_mmr_240,chunk,mmr,0.0,0.6667,1.0,0.4426,1.0,235.0,1.0,1.0
2hop__554167_451128,chunk_mmr_240,chunk,mmr,0.0,0.0,0.0,0.2155,0.5,232.0,0.5,0.0
2hop__702496_430061,chunk_mmr_240,chunk,mmr,0.0,0.0,0.0,0.2227,0.5,238.0,0.5,0.0
2hop__549146_223121,chunk_mmr_240,chunk,mmr,0.0,0.4,0.0,0.1545,0.5,220.0,0.0,0.0
2hop__647996_551681,chunk_mmr_240,chunk,mmr,0.0,0.0,0.0,0.0,0.0,213.0,0.5,0.0
2hop__673655_316668,chunk_mmr_240,chunk,mmr,0.0,0.0,0.0,0.1339,0.5,239.0,0.5,0.0
2hop__574419_270105,chunk_mmr_240,chunk,mmr,0.0,0.0,0.0,0.2255,0.5,235.0,0.5,0.0
2hop__403712_793210,chunk_mmr_240,chunk,mmr,0.0,0.0,0.0,0.0,0.0,231.0,1.0,1.0
2hop__832795_350510,chunk_mmr_240,chunk,mmr,0.0,0.4,0.0,0.1229,0.5,236.0,0.5,0.0
2hop__744055_408817,chunk_mmr_240,chunk,mmr,1.0,1.0,1.0,0.1966,1.0,234.0,1.0,1.0
2hop__726717_610238,chunk_mmr_240,chunk,mmr,0.0,0.4444,1.0,0.4254,1.0,228.0,1.0,1.0
2hop__499577_617190,chunk_mmr_240,chunk,mmr,1.0,1.0,1.0,0.4678,1.0,233.0,1.0,1.0
2hop__685280_510757,chunk_mmr_240,chunk,mmr,0.0,0.0,0.0,0.0,0.0,231.0,0.5,0.0
2hop__341305_332933,chunk_mmr_240,chunk,mmr,0.0,0.0,0.0,0.2331,0.5,236.0,0.5,0.0
2hop__731228_609866,chunk_mmr_240,chunk,mmr,0.0,0.0,0.0,0.2043,0.5,235.0,0.5,0.0
2hop__693444_220151,chunk_mmr_240,chunk,mmr,0.0,0.0,0.0,0.1982,0.5,222.0,0.5,0.0
2hop__235471_565925,chunk_mmr_240,chunk,mmr,0.0,0.5,0.0,0.1447,0.5,235.0,0.5,0.0
2hop__310456_846599,chunk_mmr_240,chunk,mmr,0.0,0.0,0.0,0.1732,0.5,231.0,0.5,0.0
2hop__335418_279684,chunk_mmr_240,chunk,mmr,0.0,0.0,0.0,0.1,0.5,230.0,1.0,1.0
2hop__191125_781346,chunk_mmr_240,chunk,mmr,0.0,0.0,0.0,0.0913,0.5,230.0,0.5,0.0
2hop__475070_532404,chunk_mmr_240,chunk,mmr,0.0,0.5,1.0,0.52,1.0,225.0,1.0,1.0
2hop__700093_455653,chunk_mmr_240,chunk,mmr,0.0,0.0,0.0,0.5541,0.5,231.0,0.5,0.0
2hop__512773_346751,chunk_mmr_240,chunk,mmr,0.0,0.0,0.0,0.2583,0.5,240.0,0.5,0.0
2hop__411091_625230,chunk_mmr_240,chunk,mmr,0.0,0.0,0.0,0.0,0.0,240.0,0.5,0.0
2hop__423972_540249,chunk_mmr_240,chunk,mmr,0.0,0.5,1.0,0.5455,1.0,231.0,1.0,1.0
2hop__455158_247871,chunk_mmr_240,chunk,mmr,0.0,0.0,0.0,0.1106,0.5,235.0,1.0,1.0
2hop__189094_612080,chunk_mmr_240,chunk,mmr,0.0,0.5,0.0,0.1046,0.5,239.0,0.5,0.0
2hop__765678_310556,chunk_mmr_240,chunk,mmr,0.0,0.0,0.0,0.1458,0.5,240.0,0.5,0.0
2hop__304852_758385,chunk_mmr_240,chunk,mmr,0.0,0.0,0.0,0.1617,0.5,235.0,0.5,0.0
2hop__628752_538661,chunk_mmr_240,chunk,mmr,0.0,0.0,0.0,0.2261,0.5,230.0,0.5,0.0
2hop__661847_288421,chunk_mmr_240,chunk,mmr,0.0,0.0,0.0,0.1646,0.5,237.0,0.5,0.0
2hop__496732_658428,chunk_mmr_240,chunk,mmr,0.0,0.5,0.0,0.1171,0.5,222.0,0.5,0.0
2hop__175175_347233,chunk_mmr_240,chunk,mmr,0.0,0.0,0.0,0.272,0.5,239.0,0.5,0.0
2hop__496961_554601,chunk_mmr_240,chunk,mmr,0.0,0.4,1.0,0.1068,0.5,234.0,1.0,1.0
2hop__274110_413723,chunk_mmr_240,chunk,mmr,0.0,0.0,0.0,0.0,0.0,232.0,0.0,0.0
2hop__231890_595414,chunk_mmr_240,chunk,mmr,0.0,0.0,0.0,0.2375,0.5,240.0,0.5,0.0
2hop__342746_679190,chunk_mmr_240,chunk,mmr,0.0,0.0,0.0,0.0,0.0,231.0,0.0,0.0
2hop__860241_766393,chunk_mmr_240,chunk,mmr,0.0,0.0,0.0,0.0,0.0,239.0,0.5,0.0
2hop__29368_29376,chunk_mmr_240,chunk,mmr,0.0,0.0,0.0,0.0,0.0,207.0,0.0,0.0
2hop__29367_29376,chunk_mmr_240,chunk,mmr,0.0,0.0,0.0,0.0,0.0,239.0,0.0,0.0
2hop__21075_5028,chunk_mmr_240,chunk,mmr,0.0,0.0,1.0,0.3475,0.5,236.0,1.0,1.0
2hop__557411_652060,chunk_mmr_240,chunk,mmr,0.0,0.0,0.0,0.0,0.0,240.0,0.0,0.0
2hop__677929_696450,chunk_mmr_240,chunk,mmr,0.0,0.5,0.0,0.1568,0.5,236.0,0.5,0.0
2hop__132909_33564,chunk_mmr_240,chunk,mmr,0.0,0.0,0.0,0.2161,0.5,236.0,0.5,0.0
2hop__199216_33564,chunk_mmr_240,chunk,mmr,0.0,0.0,0.0,0.0,0.0,240.0,0.5,0.0
2hop__133241_33564,chunk_mmr_240,chunk,mmr,0.0,0.0,0.0,0.0,0.0,240.0,0.5,0.0
2hop__636597_480615,chunk_mmr_240,chunk,mmr,0.0,0.0,0.0,0.2906,0.5,234.0,0.5,0.0
2hop__373759_136043,chunk_mmr_240,chunk,mmr,0.0,0.0,0.0,0.159,0.5,239.0,0.0,0.0
2hop__709357_136043,chunk_mmr_240,chunk,mmr,0.0,0.6667,1.0,0.0,0.0,232.0,1.0,1.0
2hop__32254_84601,chunk_mmr_240,chunk,mmr,0.0,0.0,1.0,0.2545,0.5,220.0,1.0,1.0
2hop__471509_136043,chunk_mmr_240,chunk,mmr,0.0,0.0,0.0,0.0,0.0,234.0,1.0,1.0
2hop__87589_362941,chunk_mmr_240,chunk,mmr,0.0,0.0,0.0,0.3534,0.5,232.0,0.5,0.0
2hop__61318_362941,chunk_mmr_240,chunk,mmr,0.0,0.0,0.0,0.1724,0.5,232.0,0.5,0.0
2hop__20268_42004,chunk_mmr_240,chunk,mmr,0.0,0.0,0.0,0.367,0.5,218.0,1.0,1.0
2hop__159902_362941,chunk_mmr_240,chunk,mmr,0.0,0.0,0.0,0.3362,0.5,232.0,0.0,0.0
2hop__42027_42004,chunk_mmr_240,chunk,mmr,0.0,0.0,0.0,0.0,0.0,232.0,1.0,1.0
2hop__648648_173389,chunk_mmr_240,chunk,mmr,0.0,0.0,0.0,0.1542,0.5,227.0,0.5,0.0
2hop__477492_240386,chunk_mmr_240,chunk,mmr,0.0,0.0,0.0,0.3553,0.5,228.0,0.5,0.0
2hop__776377_857193,chunk_mmr_240,chunk,mmr,0.0,0.5,0.0,0.3628,0.5,215.0,0.5,0.0
2hop__29752_814677,chunk_mmr_240,chunk,mmr,0.0,0.0,0.0,0.0,0.0,217.0,0.0,0.0
2hop__77601_814677,chunk_mmr_240,chunk,mmr,0.0,0.8,0.0,0.0,0.0,239.0,1.0,1.0
2hop__497191_129669,chunk_mmr_240,chunk,mmr,0.0,0.0,0.0,0.159,0.5,239.0,0.5,0.0
2hop__311694_129669,chunk_mmr_240,chunk,mmr,0.0,0.0,0.0,0.3574,0.5,235.0,0.5,0.0
2hop__819974_129669,chunk_mmr_240,chunk,mmr,0.0,0.0,0.0,0.4237,0.5,236.0,0.5,0.0
2hop__199513_13732,chunk_mmr_240,chunk,mmr,0.0,0.0,1.0,0.3391,0.5,230.0,1.0,1.0
2hop__13731_801817,chunk_mmr_240,chunk,mmr,0.0,0.0,0.0,0.0,0.0,236.0,0.0,0.0
2hop__865961_159109,chunk_mmr_240,chunk,mmr,0.0,0.0,0.0,0.2537,0.5,201.0,0.5,0.0
2hop__728887_159109,chunk_mmr_240,chunk,mmr,0.0,0.0,0.0,0.0,0.0,238.0,0.5,0.0
2hop__827995_159109,chunk_mmr_240,chunk,mmr,0.0,0.0,0.0,0.4364,0.5,220.0,0.5,0.0
2hop__159215_779396,chunk_mmr_240,chunk,mmr,0.0,0.0,0.0,0.0,0.0,233.0,0.5,0.0
2hop__119423_779396,chunk_mmr_240,chunk,mmr,0.0,0.5714,0.0,0.0,0.0,230.0,0.5,0.0
2hop__115515_779396,chunk_mmr_240,chunk,mmr,0.0,0.5714,0.0,0.0,0.0,230.0,0.5,0.0
2hop__665660_135481,chunk_mmr_240,chunk,mmr,0.0,0.3333,0.0,0.3724,0.5,239.0,1.0,1.0
2hop__201704_135481,chunk_mmr_240,chunk,mmr,0.0,0.0,1.0,0.5336,1.0,238.0,1.0,1.0
2hop__861157_135481,chunk_mmr_240,chunk,mmr,0.0,0.0,0.0,0.2907,0.5,227.0,1.0,1.0
2hop__495316_660579,chunk_mmr_240,chunk,mmr,0.0,0.0,0.0,0.0965,0.5,228.0,0.5,0.0
2hop__478978_124498,chunk_mmr_240,chunk,mmr,1.0,1.0,1.0,0.3178,0.5,236.0,0.5,0.0
2hop__543853_124498,chunk_mmr_240,chunk,mmr,0.0,0.0,0.0,0.35,0.5,240.0,0.5,0.0
2hop__335899_124498,chunk_mmr_240,chunk,mmr,0.0,0.0,0.0,0.0,0.0,231.0,0.5,0.0
2hop__517145_367341,chunk_mmr_240,chunk,mmr,0.0,0.0,0.0,0.1378,0.5,225.0,0.5,0.0
2hop__92051_827343,chunk_mmr_240,chunk,mmr,0.0,0.0,0.0,0.0,0.0,236.0,0.0,0.0
2hop__89764_827343,chunk_mmr_240,chunk,mmr,0.0,0.0,0.0,0.5447,0.5,235.0,0.5,0.0
2hop__59048_827343,chunk_mmr_240,chunk,mmr,0.0,0.0,0.0,0.4292,0.5,226.0,0.0,0.0
2hop__14121_15463,chunk_mmr_240,chunk,mmr,0.0,0.0,0.0,0.0,0.0,225.0,1.0,1.0
2hop__817096_15463,chunk_mmr_240,chunk,mmr,0.0,0.0,0.0,0.0,0.0,226.0,0.0,0.0
2hop__14095_15463,chunk_mmr_240,chunk,mmr,0.0,0.0,0.0,0.0,0.0,213.0,1.0,1.0
2hop__485221_544917,chunk_mmr_240,chunk,mmr,0.0,0.5,0.0,0.2183,0.5,229.0,0.5,0.0
2hop__198459_61845,chunk_mmr_240,chunk,mmr,0.0,0.0,0.0,0.2381,0.5,231.0,0.5,0.0
2hop__563476_61845,chunk_mmr_240,chunk,mmr,0.0,0.0,0.0,0.1745,0.5,235.0,0.0,0.0
2hop__622308_61845,chunk_mmr_240,chunk,mmr,0.0,0.0,0.0,0.2744,0.5,215.0,0.0,0.0
2hop__135653_669373,chunk_mmr_240,chunk,mmr,0.0,0.0,1.0,0.2371,0.5,232.0,0.5,0.0
2hop__135652_669373,chunk_mmr_240,chunk,mmr,0.0,0.0,0.0,0.3476,0.5,233.0,0.5,0.0
2hop__135651_669373,chunk_mmr_240,chunk,mmr,1.0,1.0,1.0,0.2607,0.5,211.0,0.5,0.0
2hop__256336_714772,chunk_mmr_240,chunk,mmr,0.0,0.0,0.0,0.0,0.0,238.0,0.0,0.0
2hop__199513_801817,chunk_mmr_240,chunk,mmr,0.0,0.0,0.0,0.0,0.0,234.0,0.5,0.0
2hop__391857_162018,chunk_mmr_240,chunk,mmr,0.0,0.0,1.0,0.1261,0.5,238.0,0.5,0.0
2hop__645448_77615,chunk_mmr_240,chunk,mmr,1.0,1.0,1.0,0.0,0.0,231.0,1.0,1.0
2hop__123104_77615,chunk_mmr_240,chunk,mmr,1.0,1.0,1.0,0.141,0.5,234.0,1.0,1.0
2hop__701525_342810,chunk_mmr_240,chunk,mmr,0.0,0.5,1.0,0.2222,1.0,234.0,0.5,0.0
2hop__668407_683671,chunk_mmr_240,chunk,mmr,1.0,1.0,1.0,0.2469,0.5,239.0,1.0,1.0
2hop__286093_361551,chunk_mmr_240,chunk,mmr,0.0,0.0,0.0,0.3305,0.5,239.0,0.5,0.0
2hop__124592_402641,chunk_mmr_240,chunk,mmr,0.0,0.0,0.0,0.2375,0.5,240.0,1.0,1.0
2hop__256553_617289,chunk_mmr_240,chunk,mmr,0.0,0.0,1.0,0.0,0.0,218.0,0.0,0.0
2hop__124412_402641,chunk_mmr_240,chunk,mmr,1.0,1.0,0.0,0.0,0.0,231.0,1.0,1.0
2hop__706637_93362,chunk_mmr_240,chunk,mmr,0.0,0.0,0.0,0.0,0.0,239.0,0.0,0.0
2hop__780652_93362,chunk_mmr_240,chunk,mmr,0.0,0.0,0.0,0.0,0.0,236.0,0.5,0.0
2hop__771727_93362,chunk_mmr_240,chunk,mmr,0.0,0.0,0.0,0.2596,0.5,235.0,0.5,0.0
2hop__499003_853511,chunk_mmr_240,chunk,mmr,0.0,0.0,0.0,0.0,0.0,221.0,0.5,0.0
2hop__822965_165304,chunk_mmr_240,chunk,mmr,0.0,0.0,0.0,0.0897,0.5,223.0,0.5,0.0
2hop__156085_436709,chunk_mmr_240,chunk,mmr,0.0,0.0,1.0,0.3568,0.5,227.0,0.5,0.0
2hop__31585_61048,chunk_mmr_240,chunk,mmr,0.0,0.0,0.0,0.0,0.0,236.0,0.5,0.0
2hop__94507_654855,chunk_mmr_240,chunk,mmr,0.0,0.3333,0.0,0.1169,0.5,231.0,0.5,0.0
2hop__82858_654855,chunk_mmr_240,chunk,mmr,1.0,1.0,1.0,0.0,0.0,240.0,1.0,1.0
2hop__62823_654855,chunk_mmr_240,chunk,mmr,0.0,0.3333,0.0,0.4393,0.5,239.0,0.5,0.0
2hop__827755_156034,chunk_mmr_240,chunk,mmr,0.0,0.0,0.0,0.3782,0.5,238.0,0.5,0.0
2hop__800166_156034,chunk_mmr_240,chunk,mmr,0.0,0.0,0.0,0.2217,0.5,221.0,0.5,0.0
2hop__742831_156034,chunk_mmr_240,chunk,mmr,0.0,0.0,0.0,0.4051,0.5,237.0,0.5,0.0
2hop__50910_177869,chunk_mmr_240,chunk,mmr,1.0,1.0,1.0,0.3361,0.5,238.0,0.5,0.0
2hop__82270_177869,chunk_mmr_240,chunk,mmr,0.0,0.0,0.0,0.0,0.0,231.0,0.5,0.0
2hop__76314_177869,chunk_mmr_240,chunk,mmr,1.0,1.0,1.0,0.1261,0.5,238.0,0.5,0.0
2hop__401710_456439,chunk_mmr_240,chunk,mmr,0.0,0.0,0.0,0.3463,0.5,231.0,0.5,0.0
2hop__613959_135844,chunk_mmr_240,chunk,mmr,0.0,0.0,1.0,0.2261,0.5,230.0,0.5,0.0
2hop__258940_135844,chunk_mmr_240,chunk,mmr,0.0,0.0,0.0,0.0805,0.5,236.0,0.5,0.0
2hop__747894_135844,chunk_mmr_240,chunk,mmr,0.0,0.0,0.0,0.1653,0.5,236.0,0.5,0.0
2hop__16581_16525,chunk_mmr_240,chunk,mmr,0.0,0.0,0.0,0.0,0.0,229.0,1.0,1.0
2hop__640262_122868,chunk_mmr_240,chunk,mmr,0.0,0.3333,0.0,0.3405,0.5,232.0,0.5,0.0
2hop__632234_122868,chunk_mmr_240,chunk,mmr,0.0,0.0,0.0,0.113,0.5,239.0,0.5,0.0
2hop__849534_122868,chunk_mmr_240,chunk,mmr,0.0,0.0,0.0,0.1261,0.5,238.0,0.5,0.0
2hop__83460_456238,chunk_mmr_240,chunk,mmr,0.0,0.0,0.0,0.2826,0.5,230.0,1.0,1.0
2hop__89991_58067,chunk_mmr_240,chunk,mmr,0.0,0.0,0.0,0.5636,0.5,236.0,0.5,0.0
2hop__160223_58067,chunk_mmr_240,chunk,mmr,0.0,0.0,0.0,0.0,0.0,236.0,0.0,0.0
2hop__158010_58067,chunk_mmr_240,chunk,mmr,0.0,0.0,0.0,0.0,0.0,226.0,0.0,0.0
2hop__439614_349102,chunk_mmr_240,chunk,mmr,0.0,0.0,1.0,0.2101,0.5,238.0,1.0,1.0
2hop__747758_58067,chunk_mmr_240,chunk,mmr,0.0,0.0,0.0,0.0,0.0,237.0,0.0,0.0
2hop__77775_162341,chunk_mmr_240,chunk,mmr,0.0,0.0,0.0,0.0,0.0,231.0,0.5,0.0
2hop__55966_162341,chunk_mmr_240,chunk,mmr,0.0,0.0,0.0,0.0,0.0,238.0,0.0,0.0
2hop__43776_162341,chunk_mmr_240,chunk,mmr,0.0,0.4,0.0,0.0,0.0,239.0,0.0,0.0
2hop__703493_162341,chunk_mmr_240,chunk,mmr,0.0,0.0,0.0,0.3445,0.5,238.0,0.5,0.0
2hop__153573_44085,chunk_mmr_240,chunk,mmr,0.0,0.0,1.0,0.0,0.0,214.0,0.5,0.0
2hop__153573_109006,chunk_mmr_240,chunk,mmr,0.0,0.0,1.0,0.0,0.0,238.0,0.5,0.0
2hop__153573_45901,chunk_mmr_240,chunk,mmr,0.0,0.0,1.0,0.6125,0.5,240.0,0.5,0.0
2hop__551235_310309,chunk_mmr_240,chunk,mmr,0.0,0.0,0.0,0.2542,0.5,236.0,0.5,0.0
2hop__7046_44085,chunk_mmr_240,chunk,mmr,0.0,0.0,0.0,0.0,0.0,222.0,0.5,0.0
2hop__488811_30078,chunk_mmr_240,chunk,mmr,0.0,0.0,0.0,0.0,0.0,229.0,0.5,0.0
2hop__150866_11402,chunk_mmr_240,chunk,mmr,0.0,0.0,1.0,0.6061,0.5,231.0,1.0,1.0
2hop__488811_30113,chunk_mmr_240,chunk,mmr,0.0,0.0,0.0,0.1185,0.5,211.0,1.0,1.0
2hop__488811_30110,chunk_mmr_240,chunk,mmr,0.0,0.0,0.0,0.1042,0.5,240.0,0.5,0.0
2hop__257831_123283,chunk_mmr_240,chunk,mmr,0.0,0.0,0.0,0.1356,0.5,236.0,0.5,0.0
2hop__40270_11402,chunk_mmr_240,chunk,mmr,0.0,0.0,1.0,0.2379,0.5,227.0,0.5,0.0
2hop__847433_11402,chunk_mmr_240,chunk,mmr,0.0,0.0,1.0,0.3821,0.5,212.0,1.0,1.0
2hop__208602_11402,chunk_mmr_240,chunk,mmr,0.0,0.0,1.0,0.2393,0.5,234.0,0.5,0.0
2hop__567471_123283,chunk_mmr_240,chunk,mmr,0.0,0.0,0.0,0.1008,0.5,238.0,0.5,0.0
2hop__574496_123283,chunk_mmr_240,chunk,mmr,0.0,0.0,0.0,0.0,0.0,239.0,0.0,0.0
2hop__8347_8311,chunk_mmr_240,chunk,mmr,0.0,0.0,0.0,0.2174,1.0,230.0,1.0,1.0
2hop__71034_343058,chunk_mmr_240,chunk,mmr,0.0,0.0,0.0,0.6026,0.5,234.0,0.5,0.0
2hop__109131_343058,chunk_mmr_240,chunk,mmr,0.0,0.0,0.0,0.1724,0.5,232.0,0.5,0.0
2hop__56851_343058,chunk_mmr_240,chunk,mmr,0.0,0.0,0.0,0.7118,0.5,229.0,0.5,0.0
2hop__14092_8311,chunk_mmr_240,chunk,mmr,0.0,0.0,0.0,0.0,0.0,235.0,0.5,0.0
2hop__422295_8311,chunk_mmr_240,chunk,mmr,0.0,0.0,0.0,0.2599,0.5,227.0,0.5,0.0
2hop__176712_8311,chunk_mmr_240,chunk,mmr,0.0,0.0,0.0,0.4188,0.5,234.0,1.0,1.0
2hop__159741_161674,chunk_mmr_240,chunk,mmr,0.0,0.0,0.0,0.0,0.0,226.0,0.5,0.0
2hop__159741_40169,chunk_mmr_240,chunk,mmr,0.0,0.0,0.0,0.0,0.0,233.0,0.5,0.0
2hop__88906_55840,chunk_mmr_240,chunk,mmr,1.0,1.0,1.0,0.0,0.0,208.0,0.5,0.0
2hop__71755_463572,chunk_mmr_240,chunk,mmr,0.0,0.0,0.0,0.0,0.0,237.0,0.0,0.0
2hop__67956_463572,chunk_mmr_240,chunk,mmr,0.0,0.5,0.0,0.0,0.0,214.0,0.0,0.0
2hop__398344_85513,chunk_mmr_240,chunk,mmr,0.0,0.0,0.0,0.1278,0.5,227.0,0.5,0.0
2hop__42578_55840,chunk_mmr_240,chunk,mmr,0.0,0.0,1.0,0.0,0.0,225.0,0.5,0.0
2hop__28203_55840,chunk_mmr_240,chunk,mmr,1.0,1.0,1.0,0.0,0.0,225.0,0.5,0.0
2hop__64323_55840,chunk_mmr_240,chunk,mmr,1.0,1.0,1.0,0.0,0.0,225.0,1.0,1.0
2hop__85713_84469,chunk_mmr_240,chunk,mmr,0.0,0.0,0.0,0.2426,0.5,235.0,0.5,0.0
2hop__79875_84469,chunk_mmr_240,chunk,mmr,0.0,0.0,0.0,0.0,0.0,236.0,0.5,0.0
2hop__79875_72187,chunk_mmr_240,chunk,mmr,0.0,0.0,0.0,0.2783,0.5,230.0,0.5,0.0
2hop__85713_72187,chunk_mmr_240,chunk,mmr,0.0,0.0,0.0,0.0,0.0,233.0,0.5,0.0
2hop__204146_850295,chunk_mmr_240,chunk,mmr,0.0,0.0,0.0,0.0,0.0,235.0,0.5,0.0
2hop__28287_89399,chunk_mmr_240,chunk,mmr,0.0,0.0,1.0,0.0,0.0,240.0,0.5,0.0
2hop__84103_345851,chunk_mmr_240,chunk,mmr,0.0,0.4,0.0,0.0,0.0,238.0,0.5,0.0
2hop__142621_225454,chunk_mmr_240,chunk,mmr,0.0,0.5,0.0,0.2083,0.5,240.0,0.5,0.0
2hop__86689_728109,chunk_mmr_240,chunk,mmr,1.0,1.0,1.0,0.4852,1.0,237.0,0.0,0.0
2hop__38828_89399,chunk_mmr_240,chunk,mmr,0.0,0.0,1.0,0.0,0.0,214.0,0.5,0.0
2hop__587048_621800,chunk_mmr_240,chunk,mmr,0.0,0.0,0.0,0.1387,0.5,238.0,0.5,0.0
2hop__86458_20273,chunk_mmr_240,chunk,mmr,0.0,0.0,0.0,0.0,0.0,240.0,1.0,1.0
2hop__609313_20273,chunk_mmr_240,chunk,mmr,0.0,0.0,0.0,0.1009,0.5,228.0,1.0,1.0
2hop__799936_20273,chunk_mmr_240,chunk,mmr,0.0,0.0,0.0,0.1646,0.5,237.0,0.5,0.0
2hop__13986_161674,chunk_mmr_240,chunk,mmr,0.0,0.0,0.0,0.0,0.0,224.0,0.5,0.0
2hop__433694_20273,chunk_mmr_240,chunk,mmr,0.0,0.0,0.0,0.2194,0.5,237.0,0.5,0.0
2hop__13986_40169,chunk_mmr_240,chunk,mmr,0.0,0.0,0.0,0.0,0.0,213.0,0.5,0.0
2hop__25344_88628,chunk_mmr_240,chunk,mmr,0.0,0.0,1.0,0.0,0.0,227.0,0.0,0.0
2hop__657913_88628,chunk_mmr_240,chunk,mmr,0.0,0.0,0.0,0.3965,1.0,227.0,0.5,0.0
2hop__734057_88628,chunk_mmr_240,chunk,mmr,0.0,0.0,1.0,0.4458,1.0,240.0,1.0,1.0
2hop__95878_88628,chunk_mmr_240,chunk,mmr,0.0,0.0,0.0,0.0,0.0,231.0,0.5,0.0
2hop__726892_131968,chunk_mmr_240,chunk,mmr,0.0,0.0,0.0,0.0,0.0,234.0,0.5,0.0
2hop__693157_131890,chunk_mmr_240,chunk,mmr,0.0,0.0,0.0,0.0,0.0,229.0,0.0,0.0
2hop__611178_131968,chunk_mmr_240,chunk,mmr,0.0,0.0,0.0,0.3004,0.5,223.0,1.0,1.0
2hop__728969_131890,chunk_mmr_240,chunk,mmr,0.0,0.0,0.0,0.0866,0.5,231.0,0.5,0.0
2hop__30032_46621,chunk_mmr_240,chunk,mmr,0.0,0.6667,1.0,0.3361,0.5,238.0,0.5,0.0
2hop__135822_46621,chunk_mmr_240,chunk,mmr,0.0,0.0,1.0,0.0,0.0,240.0,0.0,0.0
2hop__581084_828685,chunk_mmr_240,chunk,mmr,0.0,0.0,1.0,0.3009,1.0,226.0,1.0,1.0
2hop__40697_46621,chunk_mmr_240,chunk,mmr,0.0,0.0,1.0,0.0,0.0,240.0,0.5,0.0
2hop__157737_46621,chunk_mmr_240,chunk,mmr,0.0,0.0,1.0,0.0,0.0,211.0,0.5,0.0
2hop__39063_212301,chunk_mmr_240,chunk,mmr,0.0,0.0,0.0,0.0,0.0,226.0,0.0,0.0
2hop__25396_593388,chunk_mmr_240,chunk,mmr,0.0,0.0,0.0,0.0,0.0,222.0,1.0,1.0
2hop__25396_212301,chunk_mmr_240,chunk,mmr,0.0,0.0,1.0,0.0,0.0,232.0,0.5,0.0
2hop__39063_593388,chunk_mmr_240,chunk,mmr,0.0,0.0,0.0,0.0,0.0,239.0,0.5,0.0
2hop__153532_72380,chunk_mmr_240,chunk,mmr,0.0,0.0,0.0,0.25,0.5,232.0,0.5,0.0
2hop__619265_72380,chunk_mmr_240,chunk,mmr,0.0,0.0,0.0,0.0,0.0,236.0,0.5,0.0
2hop__37765_85990,chunk_mmr_240,chunk,mmr,0.0,0.0,0.0,0.0,0.0,240.0,0.0,0.0
2hop__623501_297043,chunk_mmr_240,chunk,mmr,0.0,0.5,0.0,0.2489,0.5,233.0,0.5,0.0
2hop__46550_85990,chunk_mmr_240,chunk,mmr,0.0,0.0,0.0,0.3965,0.5,227.0,0.5,0.0
2hop__30741_85990,chunk_mmr_240,chunk,mmr,0.0,0.0,0.0,0.0,0.0,238.0,0.0,0.0
2hop__66149_85990,chunk_mmr_240,chunk,mmr,0.0,0.0,0.0,0.2532,0.5,233.0,1.0,1.0
2hop__216535_370666,chunk_mmr_240,chunk,mmr,0.0,0.0,0.0,0.15,0.5,240.0,0.5,0.0
2hop__846388_19320,chunk_mmr_240,chunk,mmr,0.0,0.0,0.0,0.0,0.0,237.0,0.5,0.0
2hop__91211_90973,chunk_mmr_240,chunk,mmr,0.0,0.0,1.0,0.0,0.0,230.0,0.0,0.0
2hop__48033_90973,chunk_mmr_240,chunk,mmr,0.0,0.0,1.0,0.0,0.0,240.0,0.5,0.0
2hop__64175_90973,chunk_mmr_240,chunk,mmr,0.0,0.0,1.0,0.0,0.0,240.0,0.0,0.0
2hop__50936_90973,chunk_mmr_240,chunk,mmr,0.0,0.0,1.0,0.1417,0.5,240.0,0.5,0.0
2hop__599396_19320,chunk_mmr_240,chunk,mmr,0.0,0.0,0.0,0.0,0.0,231.0,0.0,0.0
2hop__365236_19320,chunk_mmr_240,chunk,mmr,0.0,0.0,0.0,0.0,0.0,238.0,0.5,0.0
2hop__685045_19320,chunk_mmr_240,chunk,mmr,0.0,0.0,0.0,0.3475,0.5,236.0,1.0,1.0
2hop__30384_30351,chunk_mmr_240,chunk,mmr,0.0,0.0,0.0,0.3247,1.0,231.0,1.0,1.0
2hop__555792_30351,chunk_mmr_240,chunk,mmr,0.0,0.0,1.0,0.2333,0.5,240.0,0.5,0.0
2hop__431934_30351,chunk_mmr_240,chunk,mmr,0.0,0.0,1.0,0.1949,0.5,236.0,0.5,0.0
2hop__708145_30351,chunk_mmr_240,chunk,mmr,0.0,0.0,1.0,0.0,0.0,232.0,1.0,1.0
2hop__837900_71701,chunk_mmr_240,chunk,mmr,0.0,0.0,1.0,0.4748,0.5,238.0,1.0,1.0
2hop__278022_71701,chunk_mmr_240,chunk,mmr,0.0,0.0,1.0,0.3403,0.5,238.0,0.5,0.0
2hop__10122_18974,chunk_mmr_240,chunk,mmr,0.0,0.0,0.0,0.6511,0.5,235.0,1.0,1.0
2hop__370564_71701,chunk_mmr_240,chunk,mmr,0.0,0.0,1.0,0.4178,1.0,225.0,1.0,1.0
2hop__753260_71701,chunk_mmr_240,chunk,mmr,0.0,0.0,1.0,0.0925,0.5,227.0,1.0,1.0
2hop__631024_18974,chunk_mmr_240,chunk,mmr,0.0,0.0,0.0,0.3319,0.5,238.0,0.0,0.0
2hop__36747_18974,chunk_mmr_240,chunk,mmr,0.0,0.5,0.0,0.0,0.0,238.0,0.0,0.0
2hop__10017_18974,chunk_mmr_240,chunk,mmr,0.0,0.0,0.0,0.3403,0.5,238.0,0.0,0.0
2hop__810411_159673,chunk_mmr_240,chunk,mmr,0.0,0.0,0.0,0.2379,0.5,227.0,0.5,0.0
2hop__96062_159673,chunk_mmr_240,chunk,mmr,1.0,1.0,1.0,0.0,0.0,238.0,0.5,0.0
2hop__203985_524737,chunk_mmr_240,chunk,mmr,0.0,0.5714,0.0,0.0,0.0,240.0,0.5,0.0
2hop__77832_159673,chunk_mmr_240,chunk,mmr,0.0,0.0,0.0,0.272,0.5,239.0,0.5,0.0
2hop__527400_159673,chunk_mmr_240,chunk,mmr,1.0,1.0,1.0,0.1652,0.5,230.0,0.5,0.0
2hop__766973_770570,chunk_mmr_240,chunk,mmr,0.0,0.5,0.0,0.0882,0.5,238.0,0.5,0.0
2hop__13592_49388,chunk_mmr_240,chunk,mmr,1.0,1.0,1.0,0.0,0.0,223.0,0.0,0.0
2hop__34495_85544,chunk_mmr_240,chunk,mmr,0.0,0.0,0.0,0.0,0.0,237.0,0.5,0.0
2hop__34495_49388,chunk_mmr_240,chunk,mmr,0.0,0.0,0.0,0.3891,0.5,221.0,0.5,0.0
2hop__13592_85544,chunk_mmr_240,chunk,mmr,0.0,0.0,0.0,0.3431,0.5,239.0,1.0,1.0
2hop__506035_325512,chunk_mmr_240,chunk,mmr,0.0,0.0,0.0,0.2585,0.5,236.0,0.5,0.0
2hop__107690_124896,chunk_mmr_240,chunk,mmr,0.0,0.0,0.0,0.0,0.0,234.0,0.5,0.0
2hop__507722_124896,chunk_mmr_240,chunk,mmr,0.0,0.0,0.0,0.3304,0.5,227.0,0.5,0.0
2hop__107548_124896,chunk_mmr_240,chunk,mmr,0.0,0.0,0.0,0.0,0.0,227.0,0.5,0.0
2hop__754682_730690,chunk_mmr_240,chunk,mmr,0.0,0.0,0.0,0.0,0.0,231.0,0.0,0.0
2hop__68590_27619,chunk_mmr_240,chunk,mmr,0.0,0.0,0.0,0.0,0.0,237.0,1.0,1.0
2hop__269076_449113,chunk_mmr_240,chunk,mmr,0.0,0.0,0.0,0.3433,0.5,233.0,0.5,0.0
2hop__27650_27619,chunk_mmr_240,chunk,mmr,0.0,0.0,0.0,0.0,0.0,216.0,0.0,0.0
2hop__68590_27628,chunk_mmr_240,chunk,mmr,0.0,0.0,0.0,0.0,0.0,231.0,1.0,1.0
2hop__809785_606637,chunk_mmr_240,chunk,mmr,0.0,0.3333,0.0,0.1983,0.5,237.0,0.5,0.0
2hop__27650_27628,chunk_mmr_240,chunk,mmr,0.0,0.0,0.0,0.0,0.0,222.0,0.0,0.0
2hop__656411_345851,chunk_mmr_240,chunk,mmr,0.0,0.0,0.0,0.2625,0.5,240.0,1.0,1.0
2hop__24661_66233,chunk_mmr_240,chunk,mmr,0.0,0.0,0.0,0.0,0.0,237.0,0.5,0.0
2hop__329676_119915,chunk_mmr_240,chunk,mmr,0.0,0.0,0.0,0.1803,0.5,233.0,0.5,0.0
2hop__539184_119915,chunk_mmr_240,chunk,mmr,0.0,0.0,0.0,0.3419,0.5,234.0,0.0,0.0
2hop__26642_81961,chunk_mmr_240,chunk,mmr,0.0,0.4,0.0,0.3616,0.5,224.0,0.5,0.0
2hop__24661_81961,chunk_mmr_240,chunk,mmr,0.0,0.3333,0.0,0.0,0.0,235.0,0.5,0.0
2hop__233551_746883,chunk_mmr_240,chunk,mmr,0.0,0.0,0.0,0.1046,0.5,239.0,0.5,0.0
2hop__26642_66233,chunk_mmr_240,chunk,mmr,0.0,0.0,0.0,0.0,0.0,224.0,0.0,0.0
2hop__124933_653666,chunk_mmr_240,chunk,mmr,0.0,0.3333,1.0,0.1772,0.5,237.0,1.0,1.0
2hop__76402_653666,chunk_mmr_240,chunk,mmr,0.0,0.3333,1.0,0.2328,0.5,232.0,0.5,0.0
2hop__73717_653666,chunk_mmr_240,chunk,mmr,1.0,1.0,1.0,0.0,0.0,219.0,0.5,0.0
2hop__252521_80650,chunk_mmr_240,chunk,mmr,0.0,0.0,0.0,0.206,0.5,233.0,1.0,1.0
2hop__538735_3296,chunk_mmr_240,chunk,mmr,0.0,0.0,1.0,0.2089,0.5,225.0,0.5,0.0
2hop__538735_3299,chunk_mmr_240,chunk,mmr,0.0,0.0,0.0,0.2098,0.5,224.0,0.5,0.0
2hop__811015_3300,chunk_mmr_240,chunk,mmr,0.0,0.0,0.0,0.1718,0.5,227.0,0.5,0.0
2hop__3131_3300,chunk_mmr_240,chunk,mmr,0.0,0.0,1.0,0.0,0.0,235.0,1.0,1.0
2hop__143915_68489,chunk_mmr_240,chunk,mmr,0.0,0.0,0.0,0.3008,0.5,236.0,0.0,0.0
2hop__593688_292889,chunk_mmr_240,chunk,mmr,0.0,0.0,0.0,0.0847,0.5,236.0,0.5,0.0
2hop__598467_68489,chunk_mmr_240,chunk,mmr,0.0,0.0,0.0,0.1318,0.5,220.0,0.5,0.0
2hop__142842_68489,chunk_mmr_240,chunk,mmr,0.0,0.0,0.0,0.0,0.0,229.0,0.5,0.0
2hop__230022_68489,chunk_mmr_240,chunk,mmr,0.0,0.0,0.0,0.1723,0.5,238.0,0.5,0.0
2hop__78756_198548,chunk_mmr_240,chunk,mmr,0.0,0.0,0.0,0.0,0.0,234.0,0.5,0.0
2hop__47808_198548,chunk_mmr_240,chunk,mmr,0.0,0.0,0.0,0.0,0.0,220.0,0.5,0.0
2hop__70584_198548,chunk_mmr_240,chunk,mmr,0.0,0.0,0.0,0.0,0.0,239.0,0.5,0.0
2hop__84172_198548,chunk_mmr_240,chunk,mmr,0.0,0.0,0.0,0.2489,0.5,237.0,0.5,0.0
2hop__415518_616002,chunk_mmr_240,chunk,mmr,0.0,0.0,0.0,0.1818,0.5,231.0,0.5,0.0
2hop__75207_46837,chunk_mmr_240,chunk,mmr,0.0,0.0,0.0,0.0,0.0,229.0,0.5,0.0
2hop__75207_7363,chunk_mmr_240,chunk,mmr,0.0,0.0,0.0,0.0,0.0,239.0,0.0,0.0
2hop__671664_646310,chunk_mmr_240,chunk,mmr,0.0,0.0,0.0,0.0901,0.5,233.0,0.5,0.0
2hop__75207_365216,chunk_mmr_240,chunk,mmr,0.0,0.0,1.0,0.4202,1.0,238.0,1.0,1.0
2hop__75207_53316,chunk_mmr_240,chunk,mmr,0.0,0.0,0.0,0.0,0.0,235.0,0.0,0.0
2hop__736167_74735,chunk_mmr_240,chunk,mmr,0.0,0.0,1.0,0.4492,0.5,236.0,0.5,0.0
2hop__384238_74735,chunk_mmr_240,chunk,mmr,0.0,0.0,0.0,0.0,0.0,235.0,0.0,0.0
2hop__763380_74735,chunk_mmr_240,chunk,mmr,0.0,0.0,0.0,0.0,0.0,218.0,0.5,0.0
2hop__789398_74735,chunk_mmr_240,chunk,mmr,0.0,0.0,0.0,0.0,0.0,238.0,0.0,0.0
2hop__30905_213732,chunk_mmr_240,chunk,mmr,0.0,0.0,0.0,0.0,0.0,240.0,0.0,0.0
2hop__44522_58556,chunk_mmr_240,chunk,mmr,0.0,0.0,1.0,0.2605,0.5,238.0,0.5,0.0
2hop__58939_189318,chunk_mmr_240,chunk,mmr,0.0,0.0,0.0,0.0,0.0,224.0,0.5,0.0
2hop__58939_213732,chunk_mmr_240,chunk,mmr,0.0,0.5,0.0,0.4764,0.5,233.0,0.5,0.0
2hop__30905_189318,chunk_mmr_240,chunk,mmr,1.0,1.0,1.0,0.1715,0.5,239.0,0.5,0.0
2hop__16446_58556,chunk_mmr_240,chunk,mmr,0.0,0.3333,0.0,0.0,0.0,226.0,0.0,0.0
2hop__35686_58556,chunk_mmr_240,chunk,mmr,0.0,0.3333,0.0,0.0,0.0,232.0,0.5,0.0
2hop__723404_58556,chunk_mmr_240,chunk,mmr,0.0,0.0,0.0,0.2255,0.5,235.0,0.5,0.0
2hop__95773_51329,chunk_mmr_240,chunk,mmr,0.0,0.0,0.0,0.0905,0.5,232.0,0.5,0.0
2hop__696442_51329,chunk_mmr_240,chunk,mmr,0.0,0.0,0.0,0.0,0.0,235.0,0.0,0.0
2hop__591435_51329,chunk_mmr_240,chunk,mmr,0.0,0.0,0.0,0.2043,0.5,230.0,0.5,0.0
2hop__753715_51329,chunk_mmr_240,chunk,mmr,0.0,0.0,0.0,0.0,0.0,218.0,0.0,0.0
2hop__142443_768138,chunk_mmr_240,chunk,mmr,0.0,0.0,0.0,0.1674,0.5,233.0,0.5,0.0
2hop__37097_53663,chunk_mmr_240,chunk,mmr,0.0,0.0,1.0,0.0,0.0,230.0,0.5,0.0
2hop__82669_768138,chunk_mmr_240,chunk,mmr,0.0,0.0,0.0,0.275,0.5,240.0,0.5,0.0
2hop__63982_768138,chunk_mmr_240,chunk,mmr,0.0,0.0,0.0,0.4449,0.5,227.0,0.5,0.0
2hop__2416_53663,chunk_mmr_240,chunk,mmr,0.0,0.0,1.0,0.0,0.0,221.0,0.5,0.0
2hop__678516_179720,chunk_mmr_240,chunk,mmr,0.0,0.0,0.0,0.3475,0.5,236.0,0.5,0.0
2hop__39954_80940,chunk_mmr_240,chunk,mmr,1.0,1.0,1.0,0.4322,1.0,236.0,0.5,0.0
2hop__39954_80303,chunk_mmr_240,chunk,mmr,0.0,0.4,1.0,0.3433,0.5,233.0,1.0,1.0
2hop__39954_65371,chunk_mmr_240,chunk,mmr,0.0,0.0,0.0,0.0,0.0,217.0,0.5,0.0
2hop__385392_756039,chunk_mmr_240,chunk,mmr,0.0,0.0,0.0,0.2246,0.5,236.0,0.5,0.0
2hop__557743_92763,chunk_mmr_240,chunk,mmr,0.0,0.0,0.0,0.3,0.5,230.0,0.5,0.0
2hop__403060_92763,chunk_mmr_240,chunk,mmr,1.0,1.0,1.0,0.2218,0.5,239.0,1.0,1.0
2hop__29349_92763,chunk_mmr_240,chunk,mmr,0.0,0.0,0.0,0.0,0.0,235.0,0.5,0.0
2hop__267938_92763,chunk_mmr_240,chunk,mmr,0.0,0.0,0.0,0.3096,0.5,239.0,0.5,0.0
2hop__142198_152093,chunk_mmr_240,chunk,mmr,0.0,0.0,0.0,0.0,0.0,238.0,0.5,0.0
2hop__632161_643449,chunk_mmr_240,chunk,mmr,0.0,0.0,0.0,0.2278,0.5,237.0,0.5,0.0
2hop__170914_152093,chunk_mmr_240,chunk,mmr,0.0,0.0,0.0,0.1588,0.5,233.0,0.5,0.0
2hop__705035_152093,chunk_mmr_240,chunk,mmr,0.0,0.0,0.0,0.0,0.0,234.0,0.5,0.0
2hop__143650_152023,chunk_mmr_240,chunk,mmr,0.0,0.3333,0.0,0.3908,0.5,238.0,0.5,0.0
2hop__203437_152093,chunk_mmr_240,chunk,mmr,0.0,0.0,0.0,0.0,0.0,222.0,0.5,0.0
2hop__559273_152023,chunk_mmr_240,chunk,mmr,0.0,0.3333,0.0,0.0,0.0,235.0,0.5,0.0
2hop__374767_152023,chunk_mmr_240,chunk,mmr,0.0,0.0,0.0,0.1775,0.5,231.0,0.5,0.0
2hop__409166_152023,chunk_mmr_240,chunk,mmr,0.0,0.0,0.0,0.1387,0.5,238.0,0.5,0.0
2hop__48784_70131,chunk_mmr_240,chunk,mmr,0.0,0.0,0.0,0.0,0.0,234.0,0.0,0.0
2hop__452580_70131,chunk_mmr_240,chunk,mmr,0.0,0.0,0.0,0.4625,0.5,240.0,0.5,0.0
2hop__464479_70131,chunk_mmr_240,chunk,mmr,0.0,0.0,0.0,0.0,0.0,219.0,1.0,1.0
2hop__552546_70131,chunk_mmr_240,chunk,mmr,0.0,0.0,0.0,0.2624,0.5,221.0,0.5,0.0
2hop__124807_135019,chunk_mmr_240,chunk,mmr,0.0,0.0,1.0,0.4891,1.0,229.0,1.0,1.0
2hop__605207_135019,chunk_mmr_240,chunk,mmr,0.0,0.0,0.0,0.0,0.0,237.0,0.0,0.0
2hop__271045_68633,chunk_mmr_240,chunk,mmr,0.0,0.0,0.0,0.131,0.5,229.0,0.5,0.0
2hop__645367_68633,chunk_mmr_240,chunk,mmr,0.0,0.0,0.0,0.4511,0.5,235.0,0.5,0.0
2hop__853227_68633,chunk_mmr_240,chunk,mmr,0.0,0.0,0.0,0.1416,0.5,233.0,0.5,0.0
2hop__374495_68633,chunk_mmr_240,chunk,mmr,0.0,0.0,0.0,0.2308,0.5,234.0,0.5,0.0
2hop__391873_88622,chunk_mmr_240,chunk,mmr,0.0,0.0,0.0,0.1991,0.5,231.0,0.5,0.0
2hop__315246_88622,chunk_mmr_240,chunk,mmr,0.0,0.0,0.0,0.1703,0.5,229.0,0.5,0.0
2hop__498061_88622,chunk_mmr_240,chunk,mmr,0.0,0.0,0.0,0.3025,0.5,238.0,0.5,0.0
2hop__554145_88622,chunk_mmr_240,chunk,mmr,0.0,0.0,0.0,0.2845,0.5,239.0,0.5,0.0
2hop__66708_573255,chunk_mmr_240,chunk,mmr,0.0,0.0,0.0,0.2314,0.5,229.0,0.5,0.0
2hop__49887_573255,chunk_mmr_240,chunk,mmr,0.0,0.0,0.0,0.2377,0.5,223.0,0.5,0.0
2hop__126188_396277,chunk_mmr_240,chunk,mmr,1.0,1.0,1.0,0.325,0.5,240.0,1.0,1.0
2hop__126306_396277,chunk_mmr_240,chunk,mmr,0.0,0.0,0.0,0.0962,0.5,239.0,0.5,0.0
2hop__126299_396277,chunk_mmr_240,chunk,mmr,0.0,0.0,0.0,0.0,0.0,234.0,0.5,0.0
2hop__77518_548781,chunk_mmr_240,chunk,mmr,0.0,0.0,0.0,0.3524,0.5,227.0,0.5,0.0
2hop__53175_548781,chunk_mmr_240,chunk,mmr,0.0,0.0,0.0,0.1345,0.5,238.0,0.5,0.0
2hop__613779_55984,chunk_mmr_240,chunk,mmr,1.0,1.0,1.0,0.1217,0.5,230.0,1.0,1.0
2hop__559076_55984,chunk_mmr_240,chunk,mmr,1.0,1.0,1.0,0.6395,1.0,233.0,1.0,1.0
2hop__275891_55984,chunk_mmr_240,chunk,mmr,1.0,1.0,1.0,0.1233,0.5,227.0,0.5,0.0
2hop__435087_55984,chunk_mmr_240,chunk,mmr,1.0,1.0,1.0,0.3465,1.0,228.0,0.5,0.0
2hop__21991_43945,chunk_mmr_240,chunk,mmr,0.0,0.0,0.0,0.0,0.0,231.0,0.0,0.0
2hop__269766_43945,chunk_mmr_240,chunk,mmr,0.0,0.1818,0.0,0.4664,0.5,238.0,0.5,0.0
2hop__170341_43945,chunk_mmr_240,chunk,mmr,0.0,0.5714,0.0,0.2381,0.5,231.0,0.5,0.0
2hop__69765_43945,chunk_mmr_240,chunk,mmr,0.0,0.0,0.0,0.1217,0.5,230.0,1.0,1.0
2hop__414193_176917,chunk_mmr_240,chunk,mmr,0.0,0.0,0.0,0.5607,0.5,239.0,0.5,0.0
2hop__2416_86208,chunk_mmr_240,chunk,mmr,0.0,0.0,0.0,0.0,0.0,225.0,0.0,0.0
2hop__37097_86208,chunk_mmr_240,chunk,mmr,0.0,0.6667,1.0,0.0,0.0,230.0,1.0,1.0
2hop__231805_514393,chunk_mmr_240,chunk,mmr,0.0,0.0,0.0,0.0,0.0,240.0,0.5,0.0
2hop__16581_16569,chunk_mmr_240,chunk,mmr,0.0,0.0,0.0,0.0,0.0,240.0,0.0,0.0
2hop__156044_57816,chunk_mmr_240,chunk,mmr,1.0,1.0,1.0,0.4054,0.5,222.0,0.5,0.0
2hop__754753_57816,chunk_mmr_240,chunk,mmr,1.0,1.0,1.0,0.1387,0.5,238.0,1.0,1.0
2hop__510679_57816,chunk_mmr_240,chunk,mmr,1.0,1.0,1.0,0.2689,0.5,238.0,0.5,0.0
2hop__663184_57816,chunk_mmr_240,chunk,mmr,1.0,1.0,1.0,0.1907,0.5,236.0,0.5,0.0
2hop__47071_162399,chunk_mmr_240,chunk,mmr,0.0,0.0,0.0,0.2405,0.5,237.0,0.5,0.0
2hop__580231_162399,chunk_mmr_240,chunk,mmr,0.0,0.0,0.0,0.0,0.0,226.0,1.0,1.0
2hop__619265_45326,chunk_mmr_240,chunk,mmr,0.0,0.0,0.0,0.2736,0.5,212.0,0.5,0.0
2hop__153532_45326,chunk_mmr_240,chunk,mmr,0.0,0.0,0.0,0.0,0.0,213.0,0.5,0.0
2hop__455392_40315,chunk_mmr_240,chunk,mmr,0.0,0.0,0.0,0.3096,0.5,239.0,1.0,1.0
2hop__763840_144857,chunk_mmr_240,chunk,mmr,0.0,0.0,0.0,0.2083,0.5,240.0,0.5,0.0
2hop__227031_144857,chunk_mmr_240,chunk,mmr,0.0,0.0,0.0,0.0,0.0,236.0,0.0,0.0
2hop__168816_144857,chunk_mmr_240,chunk,mmr,0.0,0.0,0.0,0.1726,0.5,226.0,0.5,0.0
2hop__312223_144857,chunk_mmr_240,chunk,mmr,0.0,0.0,0.0,0.1447,0.5,235.0,0.5,0.0
2hop__85463_66122,chunk_mmr_240,chunk,mmr,0.0,0.0,0.0,0.0,0.0,234.0,0.5,0.0
2hop__289517_139339,chunk_mmr_240,chunk,mmr,0.0,0.0,0.0,0.2301,0.5,239.0,0.5,0.0
2hop__507528_139339,chunk_mmr_240,chunk,mmr,0.0,0.0,0.0,0.188,0.5,234.0,0.5,0.0
2hop__85463_54688,chunk_mmr_240,chunk,mmr,0.0,0.6667,0.0,0.368,0.5,231.0,1.0,1.0
2hop__669160_139339,chunk_mmr_240,chunk,mmr,0.0,0.0,0.0,0.2237,0.5,228.0,0.5,0.0
2hop__332453_139339,chunk_mmr_240,chunk,mmr,0.0,0.7692,1.0,0.2941,0.5,238.0,0.5,0.0
2hop__85463_50252,chunk_mmr_240,chunk,mmr,0.0,0.4,1.0,0.3125,0.5,240.0,0.5,0.0
2hop__85463_33311,chunk_mmr_240,chunk,mmr,0.0,0.0,0.0,0.0,0.0,232.0,0.5,0.0
2hop__60229_38663,chunk_mmr_240,chunk,mmr,0.0,0.0,0.0,0.0,0.0,227.0,1.0,1.0
2hop__706038_14251,chunk_mmr_240,chunk,mmr,0.0,0.0,0.0,0.2043,0.5,235.0,0.5,0.0
2hop__821368_14251,chunk_mmr_240,chunk,mmr,0.0,0.0,0.0,0.1883,0.5,239.0,0.5,0.0
2hop__857585_14251,chunk_mmr_240,chunk,mmr,0.0,0.0,0.0,0.2845,0.5,239.0,0.5,0.0
2hop__60229_1783,chunk_mmr_240,chunk,mmr,0.0,0.0,0.0,0.0,0.0,238.0,0.0,0.0
2hop__83405_158262,chunk_mmr_240,chunk,mmr,0.0,0.0,0.0,0.0,0.0,222.0,0.0,0.0
2hop__57543_158262,chunk_mmr_240,chunk,mmr,0.0,0.0,0.0,0.0,0.0,229.0,0.0,0.0
2hop__62020_158262,chunk_mmr_240,chunk,mmr,0.0,0.0,1.0,0.308,0.5,237.0,0.0,0.0
2hop__358582_189042,chunk_mmr_240,chunk,mmr,0.0,0.4,0.0,0.2069,0.5,232.0,0.5,0.0
2hop__450600_158262,chunk_mmr_240,chunk,mmr,0.0,0.0,0.0,0.2658,0.5,237.0,0.5,0.0
2hop__78401_158262,chunk_mmr_240,chunk,mmr,0.0,0.0,1.0,0.0,0.0,239.0,0.0,0.0
2hop__121145_561444,chunk_mmr_240,chunk,mmr,0.0,0.0,0.0,0.1702,0.5,235.0,0.5,0.0
2hop__125412_544665,chunk_mmr_240,chunk,mmr,0.0,0.0,0.0,0.1625,0.5,240.0,0.5,0.0
2hop__135668_561444,chunk_mmr_240,chunk,mmr,0.0,0.0,1.0,0.1872,0.5,235.0,1.0,1.0
2hop__144317_120065,chunk_mmr_240,chunk,mmr,0.0,0.0,0.0,0.0,0.0,237.0,0.5,0.0
2hop__451574_120065,chunk_mmr_240,chunk,mmr,0.0,0.0,0.0,0.1417,0.5,240.0,0.5,0.0
2hop__159146_120065,chunk_mmr_240,chunk,mmr,0.0,0.0,0.0,0.0,0.0,239.0,0.0,0.0
2hop__123166_47134,chunk_mmr_240,chunk,mmr,1.0,1.0,1.0,0.6609,1.0,233.0,0.5,0.0
2hop__326404_120065,chunk_mmr_240,chunk,mmr,0.0,0.0,0.0,0.1486,0.5,222.0,0.5,0.0
2hop__123545_47134,chunk_mmr_240,chunk,mmr,1.0,1.0,1.0,0.1502,0.5,233.0,1.0,1.0
2hop__107905_110222,chunk_mmr_240,chunk,mmr,0.0,0.0,0.0,0.4638,0.5,235.0,0.5,0.0
2hop__351045_47134,chunk_mmr_240,chunk,mmr,0.0,0.0,0.0,0.2385,0.5,239.0,0.5,0.0
2hop__347652_47134,chunk_mmr_240,chunk,mmr,1.0,1.0,1.0,0.3067,0.5,238.0,0.5,0.0
2hop__846844_47134,chunk_mmr_240,chunk,mmr,1.0,1.0,1.0,0.4202,0.5,238.0,0.5,0.0
2hop__107601_110222,chunk_mmr_240,chunk,mmr,0.0,0.0,0.0,0.3,0.5,240.0,0.5,0.0
2hop__175168_110222,chunk_mmr_240,chunk,mmr,0.0,0.0,0.0,0.1822,0.5,236.0,0.5,0.0
2hop__503085_110222,chunk_mmr_240,chunk,mmr,0.0,0.5,0.0,0.2262,0.5,221.0,0.5,0.0
2hop__293131_110222,chunk_mmr_240,chunk,mmr,0.0,0.0,0.0,0.0,0.0,236.0,0.0,0.0
2hop__46376_158105,chunk_mmr_240,chunk,mmr,0.0,0.0,0.0,0.0,0.0,221.0,0.5,0.0
2hop__13106_158105,chunk_mmr_240,chunk,mmr,0.0,0.0,0.0,0.0,0.0,240.0,1.0,1.0
2hop__55552_158105,chunk_mmr_240,chunk,mmr,0.0,0.9524,1.0,0.3808,0.5,239.0,0.5,0.0
2hop__417937_158105,chunk_mmr_240,chunk,mmr,0.0,0.1429,0.0,0.1795,0.5,234.0,0.5,0.0
2hop__85455_158105,chunk_mmr_240,chunk,mmr,0.0,0.0,0.0,0.0,0.0,228.0,0.5,0.0
2hop__73615_16848,chunk_mmr_240,chunk,mmr,0.0,0.0,0.0,0.0,0.0,239.0,0.5,0.0
2hop__73615_42173,chunk_mmr_240,chunk,mmr,0.0,0.0,0.0,0.0,0.0,227.0,0.0,0.0
2hop__238499_431914,chunk_mmr_240,chunk,mmr,0.0,0.0,1.0,0.4703,1.0,236.0,1.0,1.0
2hop__16844_42173,chunk_mmr_240,chunk,mmr,0.0,0.0,0.0,0.0,0.0,235.0,0.0,0.0
2hop__311931_417706,chunk_mmr_240,chunk,mmr,0.0,0.5,0.0,0.1696,0.5,224.0,0.5,0.0
2hop__16844_20510,chunk_mmr_240,chunk,mmr,0.0,0.0,0.0,0.0,0.0,231.0,0.5,0.0
2hop__73615_20510,chunk_mmr_240,chunk,mmr,0.0,0.0,0.0,0.0,0.0,224.0,0.5,0.0
2hop__593397_224832,chunk_mmr_240,chunk,mmr,0.0,0.4,0.0,0.175,0.5,240.0,0.5,0.0
2hop__156658_155922,chunk_mmr_240,chunk,mmr,0.0,0.0,0.0,0.0,0.0,235.0,0.5,0.0
2hop__814408_155922,chunk_mmr_240,chunk,mmr,0.0,0.0,0.0,0.0,0.0,235.0,0.5,0.0
2hop__155781_155922,chunk_mmr_240,chunk,mmr,0.0,0.0,0.0,0.0,0.0,150.0,0.5,0.0
2hop__81682_707195,chunk_mmr_240,chunk,mmr,1.0,1.0,1.0,0.1174,0.5,230.0,0.5,0.0
2hop__852657_155922,chunk_mmr_240,chunk,mmr,1.0,1.0,1.0,0.6453,1.0,234.0,1.0,1.0
2hop__149862_108549,chunk_mmr_240,chunk,mmr,0.0,0.0,0.0,0.0,0.0,234.0,0.5,0.0
2hop__669456_108549,chunk_mmr_240,chunk,mmr,0.0,0.4,0.0,0.0,0.0,222.0,0.5,0.0
2hop__358270_108549,chunk_mmr_240,chunk,mmr,0.0,0.0,0.0,0.0,0.0,225.0,0.5,0.0
2hop__149983_108549,chunk_mmr_240,chunk,mmr,0.0,0.0,0.0,0.0,0.0,228.0,0.0,0.0
2hop__608902_653666,chunk_mmr_240,chunk,mmr,0.0,0.0,0.0,0.1092,0.5,229.0,0.5,0.0
2hop__149710_108549,chunk_mmr_240,chunk,mmr,0.0,0.0,0.0,0.0,0.0,224.0,1.0,1.0
2hop__61664_786853,chunk_mmr_240,chunk,mmr,0.0,0.0,0.0,0.3172,0.5,227.0,0.0,0.0
2hop__60686_229757,chunk_mmr_240,chunk,mmr,0.0,0.0,0.0,0.0,0.0,236.0,0.0,0.0
2hop__55032_786853,chunk_mmr_240,chunk,mmr,0.0,0.0,0.0,0.3172,0.5,227.0,0.0,0.0
2hop__67660_158861,chunk_mmr_240,chunk,mmr,1.0,1.0,1.0,0.0,0.0,230.0,0.0,0.0
2hop__63483_786853,chunk_mmr_240,chunk,mmr,0.0,0.0,0.0,0.0,0.0,227.0,0.5,0.0
2hop__67660_81007,chunk_mmr_240,chunk,mmr,1.0,1.0,1.0,0.3491,0.5,232.0,0.0,0.0
2hop__825727_584042,chunk_mmr_240,chunk,mmr,0.0,0.0,0.0,0.157,0.5,223.0,0.5,0.0
2hop__91667_67223,chunk_mmr_240,chunk,mmr,0.0,0.5,0.0,0.3084,0.5,227.0,0.0,0.0
2hop__91667_81007,chunk_mmr_240,chunk,mmr,1.0,1.0,1.0,0.3476,0.5,233.0,0.5,0.0
2hop__245835_762148,chunk_mmr_240,chunk,mmr,0.0,0.0,0.0,0.1583,0.5,240.0,0.5,0.0
2hop__67660_67223,chunk_mmr_240,chunk,mmr,0.0,0.5,0.0,0.0,0.0,231.0,0.0,0.0
2hop__152052_141308,chunk_mmr_240,chunk,mmr,0.0,0.0,0.0,0.366,0.5,235.0,1.0,1.0
2hop__151705_141308,chunk_mmr_240,chunk,mmr,0.0,0.0,0.0,0.3408,0.5,223.0,0.0,0.0
2hop__501624_181960,chunk_mmr_240,chunk,mmr,0.0,0.0,0.0,0.2236,0.5,237.0,0.5,0.0
2hop__152700_141308,chunk_mmr_240,chunk,mmr,0.0,0.5,0.0,0.5182,1.0,220.0,1.0,1.0
2hop__596188_297986,chunk_mmr_240,chunk,mmr,0.0,0.0,0.0,0.1261,0.5,238.0,0.5,0.0
2hop__151750_141308,chunk_mmr_240,chunk,mmr,0.0,0.0,0.0,0.2275,0.5,233.0,0.5,0.0
2hop__152027_141308,chunk_mmr_240,chunk,mmr,0.0,0.0,0.0,0.0,0.0,228.0,0.5,0.0
2hop__157498_127908,chunk_mmr_240,chunk,mmr,0.0,0.3333,0.0,0.312,0.5,234.0,0.5,0.0
2hop__179149_396277,chunk_mmr_240,chunk,mmr,0.0,0.0,0.0,0.3113,0.5,212.0,0.5,0.0
2hop__448615_127908,chunk_mmr_240,chunk,mmr,0.0,0.4444,1.0,0.557,1.0,237.0,1.0,1.0
2hop__423874_128023,chunk_mmr_240,chunk,mmr,0.0,0.0,1.0,0.2552,0.5,239.0,0.5,0.0
2hop__108158_83769,chunk_mmr_240,chunk,mmr,0.0,0.0,0.0,0.1875,0.5,240.0,0.5,0.0
2hop__72118_83769,chunk_mmr_240,chunk,mmr,0.0,0.0,0.0,0.0,0.0,228.0,0.0,0.0
2hop__72686_83769,chunk_mmr_240,chunk,mmr,0.0,0.0,0.0,0.3348,0.5,233.0,0.5,0.0
2hop__424908_500483,chunk_mmr_240,chunk,mmr,0.0,0.0,1.0,0.4842,1.0,221.0,1.0,1.0
2hop__646573_83769,chunk_mmr_240,chunk,mmr,0.0,0.0,0.0,0.0,0.0,240.0,0.5,0.0
2hop__169443_83769,chunk_mmr_240,chunk,mmr,0.0,0.0,0.0,0.3362,0.5,235.0,0.5,0.0
2hop__394720_120259,chunk_mmr_240,chunk,mmr,0.0,0.0,0.0,0.4916,0.5,238.0,0.5,0.0
2hop__88953_64006,chunk_mmr_240,chunk,mmr,0.0,0.0,1.0,0.646,1.0,226.0,1.0,1.0
2hop__315072_120259,chunk_mmr_240,chunk,mmr,0.0,0.0,0.0,0.0,0.0,222.0,0.0,0.0
2hop__511454_120259,chunk_mmr_240,chunk,mmr,0.0,0.0,0.0,0.0,0.0,235.0,0.0,0.0
2hop__603365_120259,chunk_mmr_240,chunk,mmr,0.0,0.0,0.0,0.0,0.0,224.0,0.5,0.0
2hop__5190_64006,chunk_mmr_240,chunk,mmr,0.0,0.5,1.0,0.5381,0.5,236.0,0.0,0.0
2hop__107185_64006,chunk_mmr_240,chunk,mmr,1.0,1.0,1.0,0.0,0.0,238.0,0.5,0.0
2hop__418941_429437,chunk_mmr_240,chunk,mmr,0.0,0.0,0.0,0.0,0.0,239.0,0.5,0.0
2hop__62951_64006,chunk_mmr_240,chunk,mmr,0.0,0.0,1.0,0.0,0.0,229.0,0.5,0.0
2hop__575188_342798,chunk_mmr_240,chunk,mmr,0.0,0.0,0.0,0.0959,0.5,219.0,0.5,0.0
2hop__691455_64006,chunk_mmr_240,chunk,mmr,0.0,0.0,1.0,0.0,0.0,230.0,0.5,0.0
2hop__64372_83289,chunk_mmr_240,chunk,mmr,0.0,0.0,0.0,0.2178,0.5,225.0,0.5,0.0
2hop__88406_83289,chunk_mmr_240,chunk,mmr,0.0,0.0,0.0,0.3553,0.5,228.0,1.0,1.0
2hop__194469_83289,chunk_mmr_240,chunk,mmr,0.0,0.0,0.0,0.0,0.0,237.0,0.5,0.0
2hop__586343_83289,chunk_mmr_240,chunk,mmr,0.0,0.0,0.0,0.0,0.0,239.0,1.0,1.0
2hop__91626_96912,chunk_mmr_240,chunk,mmr,0.0,0.0,0.0,0.2383,0.5,214.0,0.5,0.0
2hop__179322_83289,chunk_mmr_240,chunk,mmr,0.0,0.0,0.0,0.0,0.0,240.0,0.0,0.0
2hop__20536_96912,chunk_mmr_240,chunk,mmr,0.0,0.0,0.0,0.0,0.0,225.0,0.5,0.0
2hop__865828_377862,chunk_mmr_240,chunk,mmr,0.0,0.0,1.0,0.3718,1.0,234.0,1.0,1.0
2hop__749997_96912,chunk_mmr_240,chunk,mmr,0.0,0.0,0.0,0.1597,0.5,238.0,0.5,0.0
2hop__690412_526810,chunk_mmr_240,chunk,mmr,0.0,0.0,0.0,0.163,0.5,227.0,0.5,0.0
2hop__460946_294723,chunk_submod_240,chunk,submod,0.0,0.0,0.0,0.0,0.0,218.0,0.0,0.0
2hop__252311_366220,chunk_submod_240,chunk,submod,0.0,0.0,0.0,0.0,0.0,231.0,0.0,0.0
2hop__701895_752697,chunk_submod_240,chunk,submod,0.0,0.0,0.0,0.5538,0.5,195.0,0.5,0.0
2hop__259228_793698,chunk_submod_240,chunk,submod,0.0,0.0,0.0,0.0,0.0,230.0,0.0,0.0
2hop__481349_302087,chunk_submod_240,chunk,submod,0.0,0.0,0.0,0.1937,0.5,222.0,0.5,0.0
2hop__697790_864352,chunk_submod_240,chunk,submod,0.0,0.0,0.0,0.3405,0.5,232.0,0.5,0.0
2hop__207476_625987,chunk_submod_240,chunk,submod,0.0,0.0,0.0,0.1558,0.5,231.0,0.5,0.0
2hop__390947_232243,chunk_submod_240,chunk,submod,0.0,0.8,1.0,0.2259,1.0,239.0,1.0,1.0
2hop__354635_174222,chunk_submod_240,chunk,submod,0.0,0.0,0.0,0.1907,0.5,236.0,0.5,0.0
2hop__635187_861533,chunk_submod_240,chunk,submod,0.0,0.0,0.0,0.3319,0.5,235.0,0.5,0.0
2hop__166824_185403,chunk_submod_240,chunk,submod,0.0,0.0,0.0,0.1416,0.5,219.0,0.5,0.0
2hop__698577_851686,chunk_submod_240,chunk,submod,0.0,0.0,0.0,0.1786,0.5,168.0,0.5,0.0
2hop__362107_652514,chunk_submod_240,chunk,submod,0.0,0.0,1.0,0.4026,1.0,231.0,1.0,1.0
2hop__402530_774333,chunk_submod_240,chunk,submod,0.0,0.0,0.0,0.0991,0.5,212.0,0.5,0.0
2hop__195917_575657,chunk_submod_240,chunk,submod,0.0,0.5,0.0,0.0884,0.5,181.0,0.5,0.0
2hop__683835_709167,chunk_submod_240,chunk,submod,0.0,0.2222,0.0,0.3439,0.5,221.0,0.5,0.0
2hop__197470_271394,chunk_submod_240,chunk,submod,0.0,0.0,0.0,0.1545,1.0,233.0,1.0,1.0
2hop__458131_174974,chunk_submod_240,chunk,submod,0.0,0.0,0.0,0.2212,0.5,217.0,0.5,0.0
2hop__299142_347613,chunk_submod_240,chunk,submod,0.0,0.0,0.0,0.1538,0.5,182.0,0.5,0.0
2hop__528263_865831,chunk_submod_240,chunk,submod,0.0,0.0,0.0,0.1163,0.5,215.0,0.5,0.0
2hop__569582_304416,chunk_submod_240,chunk,submod,0.0,0.0,0.0,0.2237,1.0,228.0,1.0,1.0
2hop__505860_650613,chunk_submod_240,chunk,submod,0.0,0.0,0.0,0.2,0.5,170.0,0.5,0.0
2hop__821197_368148,chunk_submod_240,chunk,submod,0.0,0.6667,1.0,0.6161,1.0,224.0,1.0,1.0
2hop__554167_451128,chunk_submod_240,chunk,submod,0.0,0.0,0.0,0.2913,0.5,230.0,0.5,0.0
2hop__702496_430061,chunk_submod_240,chunk,submod,0.0,0.0,0.0,0.1607,0.5,168.0,0.5,0.0
2hop__549146_223121,chunk_submod_240,chunk,submod,0.0,0.4,0.0,0.1453,0.5,234.0,0.0,0.0
2hop__647996_551681,chunk_submod_240,chunk,submod,0.0,0.0,0.0,0.1883,0.5,223.0,0.5,0.0
2hop__673655_316668,chunk_submod_240,chunk,submod,0.0,0.0,0.0,0.1435,0.5,223.0,0.5,0.0
2hop__574419_270105,chunk_submod_240,chunk,submod,0.0,0.0,0.0,0.0859,0.5,198.0,0.5,0.0
2hop__403712_793210,chunk_submod_240,chunk,submod,0.0,0.2857,0.0,0.3801,0.5,221.0,1.0,1.0
2hop__832795_350510,chunk_submod_240,chunk,submod,0.0,0.4,0.0,0.125,0.5,232.0,0.5,0.0
2hop__744055_408817,chunk_submod_240,chunk,submod,1.0,1.0,1.0,0.2063,1.0,223.0,1.0,1.0
2hop__726717_610238,chunk_submod_240,chunk,submod,0.0,0.4444,0.0,0.2778,1.0,234.0,1.0,1.0
2hop__499577_617190,chunk_submod_240,chunk,submod,0.0,0.0,0.0,0.2149,0.5,228.0,1.0,1.0
2hop__685280_510757,chunk_submod_240,chunk,submod,0.0,0.0,0.0,0.2479,0.5,238.0,0.5,0.0
2hop__341305_332933,chunk_submod_240,chunk,submod,0.0,0.0,0.0,0.1399,0.5,193.0,0.5,0.0
2hop__731228_609866,chunk_submod_240,chunk,submod,0.0,0.0,0.0,0.1875,0.5,240.0,0.5,0.0
2hop__693444_220151,chunk_submod_240,chunk,submod,0.0,0.0,0.0,0.1218,0.5,238.0,0.5,0.0
2hop__235471_565925,chunk_submod_240,chunk,submod,0.0,0.5,0.0,0.1504,0.5,226.0,0.5,0.0
2hop__310456_846599,chunk_submod_240,chunk,submod,0.0,0.0,0.0,0.1667,0.5,240.0,0.5,0.0
2hop__335418_279684,chunk_submod_240,chunk,submod,0.0,0.0,0.0,0.0991,0.5,232.0,1.0,1.0
2hop__191125_781346,chunk_submod_240,chunk,submod,0.0,0.0,0.0,0.0909,0.5,231.0,0.5,0.0
2hop__475070_532404,chunk_submod_240,chunk,submod,0.0,0.0,0.0,0.2899,1.0,238.0,1.0,1.0
2hop__700093_455653,chunk_submod_240,chunk,submod,0.0,0.2857,1.0,0.5502,1.0,229.0,0.5,0.0
2hop__512773_346751,chunk_submod_240,chunk,submod,0.0,0.0,0.0,0.2684,0.5,231.0,0.5,0.0
2hop__411091_625230,chunk_submod_240,chunk,submod,0.0,0.0,0.0,0.1966,0.5,234.0,0.5,0.0
2hop__423972_540249,chunk_submod_240,chunk,submod,0.0,0.6667,0.0,0.2556,0.5,223.0,1.0,1.0
2hop__455158_247871,chunk_submod_240,chunk,submod,1.0,1.0,1.0,0.2312,1.0,186.0,1.0,1.0
2hop__189094_612080,chunk_submod_240,chunk,submod,0.0,0.0,0.0,0.125,0.5,200.0,0.5,0.0
2hop__765678_310556,chunk_submod_240,chunk,submod,0.0,0.0,0.0,0.1549,0.5,226.0,0.5,0.0
2hop__304852_758385,chunk_submod_240,chunk,submod,0.0,0.0,0.0,0.1105,0.5,190.0,0.5,0.0
2hop__628752_538661,chunk_submod_240,chunk,submod,0.0,0.0,0.0,0.2364,0.5,220.0,0.5,0.0
2hop__661847_288421,chunk_submod_240,chunk,submod,0.0,0.0,0.0,0.1718,0.5,227.0,0.5,0.0
2hop__496732_658428,chunk_submod_240,chunk,submod,0.0,0.5,0.0,0.1176,0.5,221.0,0.5,0.0
2hop__175175_347233,chunk_submod_240,chunk,submod,0.0,0.0,0.0,0.2629,0.5,175.0,0.5,0.0
2hop__496961_554601,chunk_submod_240,chunk,submod,0.0,0.4,1.0,0.2301,1.0,239.0,1.0,1.0
2hop__274110_413723,chunk_submod_240,chunk,submod,0.0,0.0,0.0,0.0,0.0,211.0,0.0,0.0
2hop__231890_595414,chunk_submod_240,chunk,submod,0.0,0.0,0.0,0.2111,0.5,180.0,0.5,0.0
2hop__342746_679190,chunk_submod_240,chunk,submod,0.0,0.0,0.0,0.0,0.0,213.0,0.0,0.0
2hop__860241_766393,chunk_submod_240,chunk,submod,0.0,0.0,0.0,0.139,0.5,223.0,0.5,0.0
2hop__29368_29376,chunk_submod_240,chunk,submod,0.0,0.0,0.0,0.0,0.0,221.0,0.0,0.0
2hop__29367_29376,chunk_submod_240,chunk,submod,0.0,0.0,0.0,0.0,0.0,213.0,0.0,0.0
2hop__21075_5028,chunk_submod_240,chunk,submod,0.0,0.0,1.0,0.368,1.0,231.0,1.0,1.0
2hop__557411_652060,chunk_submod_240,chunk,submod,0.0,0.0,0.0,0.0,0.0,232.0,0.0,0.0
2hop__677929_696450,chunk_submod_240,chunk,submod,0.0,0.5,0.0,0.1754,0.5,211.0,0.5,0.0
2hop__132909_33564,chunk_submod_240,chunk,submod,0.0,0.0,0.0,0.2346,0.5,179.0,0.5,0.0
2hop__199216_33564,chunk_submod_240,chunk,submod,0.0,0.0,0.0,0.0,0.0,105.0,0.5,0.0
2hop__133241_33564,chunk_submod_240,chunk,submod,0.0,0.0,0.0,0.0,0.0,121.0,0.5,0.0
2hop__636597_480615,chunk_submod_240,chunk,submod,0.0,0.0,0.0,0.3348,0.5,224.0,0.5,0.0
2hop__373759_136043,chunk_submod_240,chunk,submod,0.0,0.0,0.0,0.1205,0.5,224.0,0.0,0.0
2hop__709357_136043,chunk_submod_240,chunk,submod,0.0,0.0,0.0,0.2585,0.5,236.0,1.0,1.0
2hop__32254_84601,chunk_submod_240,chunk,submod,0.0,0.0,0.0,0.1034,0.5,232.0,1.0,1.0
2hop__471509_136043,chunk_submod_240,chunk,submod,0.0,0.0,0.0,0.1086,0.5,221.0,1.0,1.0
2hop__87589_362941,chunk_submod_240,chunk,submod,0.0,0.0,0.0,0.0,0.0,220.0,0.5,0.0
2hop__61318_362941,chunk_submod_240,chunk,submod,0.0,0.0,0.0,0.1695,0.5,236.0,0.5,0.0
2hop__20268_42004,chunk_submod_240,chunk,submod,0.0,0.0,1.0,0.5738,1.0,237.0,1.0,1.0
2hop__159902_362941,chunk_submod_240,chunk,submod,0.0,0.0,0.0,0.0,0.0,239.0,0.0,0.0
2hop__42027_42004,chunk_submod_240,chunk,submod,0.0,0.0,0.0,0.1545,1.0,233.0,1.0,1.0
2hop__648648_173389,chunk_submod_240,chunk,submod,0.0,0.0,0.0,0.1757,0.5,239.0,0.5,0.0
2hop__477492_240386,chunk_submod_240,chunk,submod,0.0,0.0,0.0,0.4714,0.5,227.0,0.5,0.0
2hop__776377_857193,chunk_submod_240,chunk,submod,0.0,0.0,0.0,0.2358,0.5,229.0,0.5,0.0
2hop__29752_814677,chunk_submod_240,chunk,submod,0.0,0.0,0.0,0.1267,0.5,221.0,0.0,0.0
2hop__77601_814677,chunk_submod_240,chunk,submod,0.0,0.0,0.0,0.0,0.0,231.0,1.0,1.0
2hop__497191_129669,chunk_submod_240,chunk,submod,0.0,0.0,0.0,0.1645,0.5,231.0,0.5,0.0
2hop__311694_129669,chunk_submod_240,chunk,submod,0.0,0.0,0.0,0.1316,0.5,228.0,0.5,0.0
2hop__819974_129669,chunk_submod_240,chunk,submod,0.0,0.0,0.0,0.3319,0.5,235.0,0.5,0.0
2hop__199513_13732,chunk_submod_240,chunk,submod,0.0,0.0,0.0,0.136,0.5,228.0,1.0,1.0
2hop__13731_801817,chunk_submod_240,chunk,submod,0.0,0.0,0.0,0.0,0.0,235.0,0.0,0.0
2hop__865961_159109,chunk_submod_240,chunk,submod,0.0,0.0,0.0,0.2537,0.5,201.0,0.5,0.0
2hop__728887_159109,chunk_submod_240,chunk,submod,0.0,0.0,0.0,0.0,0.0,239.0,0.5,0.0
2hop__827995_159109,chunk_submod_240,chunk,submod,0.0,0.0,0.0,0.1429,0.5,210.0,0.5,0.0
2hop__159215_779396,chunk_submod_240,chunk,submod,0.0,0.0,0.0,0.0,0.0,231.0,0.5,0.0
2hop__119423_779396,chunk_submod_240,chunk,submod,0.0,0.0,0.0,0.0,0.0,231.0,0.5,0.0
2hop__115515_779396,chunk_submod_240,chunk,submod,0.0,0.0,0.0,0.0,0.0,223.0,0.5,0.0
2hop__665660_135481,chunk_submod_240,chunk,submod,0.0,0.4,0.0,0.1639,0.5,238.0,1.0,1.0
2hop__201704_135481,chunk_submod_240,chunk,submod,0.0,0.0,1.0,0.3304,1.0,227.0,1.0,1.0
2hop__861157_135481,chunk_submod_240,chunk,submod,0.0,0.0,0.0,0.1778,0.5,225.0,1.0,1.0
2hop__495316_660579,chunk_submod_240,chunk,submod,0.0,0.0,0.0,0.1215,0.5,181.0,0.5,0.0
2hop__478978_124498,chunk_submod_240,chunk,submod,0.0,0.0,1.0,0.1773,0.5,220.0,0.5,0.0
2hop__543853_124498,chunk_submod_240,chunk,submod,0.0,0.0,0.0,0.2193,0.5,228.0,0.5,0.0
2hop__335899_124498,chunk_submod_240,chunk,submod,0.0,0.0,0.0,0.0812,0.5,234.0,0.5,0.0
2hop__517145_367341,chunk_submod_240,chunk,submod,0.0,0.0,0.0,0.1483,0.5,209.0,0.5,0.0
2hop__92051_827343,chunk_submod_240,chunk,submod,0.0,0.0,0.0,0.0,0.0,236.0,0.0,0.0
2hop__89764_827343,chunk_submod_240,chunk,submod,0.0,0.0,0.0,0.3713,0.5,237.0,0.5,0.0
2hop__59048_827343,chunk_submod_240,chunk,submod,0.0,0.0,0.0,0.0,0.0,238.0,0.0,0.0
2hop__14121_15463,chunk_submod_240,chunk,submod,1.0,1.0,1.0,0.0,0.0,231.0,1.0,1.0
2hop__817096_15463,chunk_submod_240,chunk,submod,0.0,0.0,1.0,0.1735,0.5,219.0,0.0,0.0
2hop__14095_15463,chunk_submod_240,chunk,submod,1.0,1.0,1.0,0.0,0.0,220.0,1.0,1.0
2hop__485221_544917,chunk_submod_240,chunk,submod,0.0,0.0,0.0,0.0,0.0,236.0,0.5,0.0
2hop__198459_61845,chunk_submod_240,chunk,submod,0.0,0.0,0.0,0.234,0.5,235.0,0.5,0.0
2hop__563476_61845,chunk_submod_240,chunk,submod,0.0,0.0,0.0,0.1715,0.5,239.0,0.0,0.0
2hop__622308_61845,chunk_submod_240,chunk,submod,0.0,0.0,0.0,0.3389,0.5,239.0,0.0,0.0
2hop__135653_669373,chunk_submod_240,chunk,submod,0.0,0.0,1.0,0.2764,0.5,199.0,0.5,0.0
2hop__135652_669373,chunk_submod_240,chunk,submod,0.0,0.0,0.0,0.2489,0.5,221.0,0.5,0.0
2hop__135651_669373,chunk_submod_240,chunk,submod,0.0,0.6667,1.0,0.2361,0.5,233.0,0.5,0.0
2hop__256336_714772,chunk_submod_240,chunk,submod,0.0,0.0,0.0,0.0,0.0,235.0,0.0,0.0
2hop__199513_801817,chunk_submod_240,chunk,submod,0.0,0.0,0.0,0.0,0.0,211.0,0.5,0.0
2hop__391857_162018,chunk_submod_240,chunk,submod,0.0,0.0,0.0,0.1554,0.5,193.0,0.5,0.0
2hop__645448_77615,chunk_submod_240,chunk,submod,0.0,0.0,1.0,0.1179,0.5,229.0,1.0,1.0
2hop__123104_77615,chunk_submod_240,chunk,submod,0.0,0.0,0.0,0.1387,0.5,238.0,1.0,1.0
2hop__701525_342810,chunk_submod_240,chunk,submod,0.0,0.5,1.0,0.2889,1.0,180.0,0.5,0.0
2hop__668407_683671,chunk_submod_240,chunk,submod,0.0,0.0,0.0,0.0,0.0,221.0,1.0,1.0
2hop__286093_361551,chunk_submod_240,chunk,submod,0.0,0.5,0.0,0.1529,0.5,170.0,0.5,0.0
2hop__124592_402641,chunk_submod_240,chunk,submod,0.0,0.0,0.0,0.5219,1.0,228.0,1.0,1.0
2hop__256553_617289,chunk_submod_240,chunk,submod,0.0,0.0,1.0,0.0,0.0,232.0,0.0,0.0
2hop__124412_402641,chunk_submod_240,chunk,submod,0.0,0.5,0.0,0.1586,0.5,227.0,1.0,1.0
2hop__706637_93362,chunk_submod_240,chunk,submod,0.0,0.0,0.0,0.0,0.0,222.0,0.0,0.0
2hop__780652_93362,chunk_submod_240,chunk,submod,0.0,0.0,0.0,0.0,0.0,232.0,0.5,0.0
2hop__771727_93362,chunk_submod_240,chunk,submod,0.0,0.0,0.0,0.208,0.5,226.0,0.5,0.0
2hop__499003_853511,chunk_submod_240,chunk,submod,0.0,0.5,0.0,0.1121,0.5,232.0,0.5,0.0
2hop__822965_165304,chunk_submod_240,chunk,submod,0.0,0.0,0.0,0.084,0.5,238.0,0.5,0.0
2hop__156085_436709,chunk_submod_240,chunk,submod,0.0,0.0,1.0,0.0,0.0,229.0,0.5,0.0
2hop__31585_61048,chunk_submod_240,chunk,submod,0.0,0.0,1.0,0.387,1.0,230.0,0.5,0.0
2hop__94507_654855,chunk_submod_240,chunk,submod,0.0,0.3333,0.0,0.1268,0.5,213.0,0.5,0.0
2hop__82858_654855,chunk_submod_240,chunk,submod,0.0,0.6667,1.0,0.2,0.5,230.0,1.0,1.0
2hop__62823_654855,chunk_submod_240,chunk,submod,0.0,0.3333,0.0,0.2843,0.5,204.0,0.5,0.0
2hop__827755_156034,chunk_submod_240,chunk,submod,0.0,0.0,0.0,0.1435,0.5,237.0,0.5,0.0
2hop__800166_156034,chunk_submod_240,chunk,submod,0.0,0.0,0.0,0.1204,0.5,216.0,0.5,0.0
2hop__742831_156034,chunk_submod_240,chunk,submod,0.0,0.0,0.0,0.2616,0.5,237.0,0.5,0.0
2hop__50910_177869,chunk_submod_240,chunk,submod,1.0,1.0,1.0,0.1186,0.5,236.0,0.5,0.0
2hop__82270_177869,chunk_submod_240,chunk,submod,0.0,0.0,0.0,0.0,0.0,231.0,0.5,0.0
2hop__76314_177869,chunk_submod_240,chunk,submod,1.0,1.0,1.0,0.1604,0.5,187.0,0.5,0.0
2hop__401710_456439,chunk_submod_240,chunk,submod,0.0,0.0,1.0,0.29,1.0,231.0,0.5,0.0
2hop__613959_135844,chunk_submod_240,chunk,submod,0.0,0.0,0.0,0.2374,0.5,219.0,0.5,0.0
2hop__258940_135844,chunk_submod_240,chunk,submod,0.0,0.0,0.0,0.0864,0.5,220.0,0.5,0.0
2hop__747894_135844,chunk_submod_240,chunk,submod,0.0,0.0,0.0,0.1696,0.5,230.0,0.5,0.0
2hop__16581_16525,chunk_submod_240,chunk,submod,0.0,0.0,0.0,0.2339,1.0,218.0,1.0,1.0
2hop__640262_122868,chunk_submod_240,chunk,submod,0.0,0.0,0.0,0.276,0.5,221.0,0.5,0.0
2hop__632234_122868,chunk_submod_240,chunk,submod,0.0,0.0,0.0,0.113,0.5,239.0,0.5,0.0
2hop__849534_122868,chunk_submod_240,chunk,submod,0.0,0.5,0.0,0.1449,0.5,207.0,0.5,0.0
2hop__83460_456238,chunk_submod_240,chunk,submod,0.0,0.0,0.0,0.2094,1.0,234.0,1.0,1.0
2hop__89991_58067,chunk_submod_240,chunk,submod,0.0,0.0,0.0,0.2918,0.5,233.0,0.5,0.0
2hop__160223_58067,chunk_submod_240,chunk,submod,0.0,0.0,0.0,0.0,0.0,227.0,0.0,0.0
2hop__158010_58067,chunk_submod_240,chunk,submod,0.0,0.0,0.0,0.0,0.0,233.0,0.0,0.0
2hop__439614_349102,chunk_submod_240,chunk,submod,1.0,1.0,1.0,0.2817,0.5,213.0,1.0,1.0
2hop__747758_58067,chunk_submod_240,chunk,submod,0.0,0.0,0.0,0.0948,0.5,232.0,0.0,0.0
2hop__77775_162341,chunk_submod_240,chunk,submod,0.0,0.0,0.0,0.1062,0.5,226.0,0.5,0.0
2hop__55966_162341,chunk_submod_240,chunk,submod,0.0,0.0,0.0,0.0,0.0,237.0,0.0,0.0
2hop__43776_162341,chunk_submod_240,chunk,submod,0.0,0.4,0.0,0.0,0.0,211.0,0.0,0.0
2hop__703493_162341,chunk_submod_240,chunk,submod,0.0,0.4,0.0,0.2356,0.5,225.0,0.5,0.0
2hop__153573_44085,chunk_submod_240,chunk,submod,0.0,0.0,1.0,0.0,0.0,221.0,0.5,0.0
2hop__153573_109006,chunk_submod_240,chunk,submod,1.0,1.0,1.0,0.0,0.0,233.0,0.5,0.0
2hop__153573_45901,chunk_submod_240,chunk,submod,0.0,0.0,1.0,0.3724,0.5,239.0,0.5,0.0
2hop__551235_310309,chunk_submod_240,chunk,submod,0.0,0.0,0.0,0.2542,0.5,236.0,0.5,0.0
2hop__7046_44085,chunk_submod_240,chunk,submod,1.0,1.0,1.0,0.0,0.0,239.0,0.5,0.0
2hop__488811_30078,chunk_submod_240,chunk,submod,0.0,0.0,0.0,0.0,0.0,226.0,0.5,0.0
2hop__150866_11402,chunk_submod_240,chunk,submod,0.0,0.0,1.0,0.3801,0.5,221.0,1.0,1.0
2hop__488811_30113,chunk_submod_240,chunk,submod,0.0,0.0,0.0,0.2877,1.0,212.0,1.0,1.0
2hop__488811_30110,chunk_submod_240,chunk,submod,0.0,0.0,0.0,0.1087,0.5,230.0,0.5,0.0
2hop__257831_123283,chunk_submod_240,chunk,submod,0.0,0.0,0.0,0.3083,0.5,240.0,0.5,0.0
2hop__40270_11402,chunk_submod_240,chunk,submod,0.0,0.0,1.0,0.1471,0.5,238.0,0.5,0.0
2hop__847433_11402,chunk_submod_240,chunk,submod,0.0,0.5,1.0,0.1948,0.5,231.0,1.0,1.0
2hop__208602_11402,chunk_submod_240,chunk,submod,0.0,0.0,1.0,0.2718,0.5,206.0,0.5,0.0
2hop__567471_123283,chunk_submod_240,chunk,submod,0.0,0.0,0.0,0.3646,0.5,181.0,0.5,0.0
2hop__574496_123283,chunk_submod_240,chunk,submod,0.0,0.0,0.0,0.0,0.0,228.0,0.0,0.0
2hop__8347_8311,chunk_submod_240,chunk,submod,0.0,0.0,0.0,0.2727,1.0,220.0,1.0,1.0
2hop__71034_343058,chunk_submod_240,chunk,submod,0.0,0.0,0.0,0.5258,0.5,213.0,0.5,0.0
2hop__109131_343058,chunk_submod_240,chunk,submod,0.0,0.0,0.0,0.1826,0.5,219.0,0.5,0.0
2hop__56851_343058,chunk_submod_240,chunk,submod,0.0,0.0,0.0,0.3822,0.5,191.0,0.5,0.0
2hop__14092_8311,chunk_submod_240,chunk,submod,0.0,0.0,0.0,0.1971,0.5,208.0,0.5,0.0
2hop__422295_8311,chunk_submod_240,chunk,submod,0.0,0.0,0.0,0.2731,0.5,216.0,0.5,0.0
2hop__176712_8311,chunk_submod_240,chunk,submod,0.0,0.0,0.0,0.4764,1.0,233.0,1.0,1.0
2hop__159741_161674,chunk_submod_240,chunk,submod,1.0,1.0,1.0,0.185,0.5,227.0,0.5,0.0
2hop__159741_40169,chunk_submod_240,chunk,submod,0.0,0.0,0.0,0.2034,0.5,236.0,0.5,0.0
2hop__88906_55840,chunk_submod_240,chunk,submod,1.0,1.0,1.0,0.21,0.5,219.0,0.5,0.0
2hop__71755_463572,chunk_submod_240,chunk,submod,0.0,0.0,0.0,0.0,0.0,233.0,0.0,0.0
2hop__67956_463572,chunk_submod_240,chunk,submod,0.0,0.5,0.0,0.0,0.0,218.0,0.0,0.0
2hop__398344_85513,chunk_submod_240,chunk,submod,0.0,0.0,0.0,0.1362,0.5,213.0,0.5,0.0
2hop__42578_55840,chunk_submod_240,chunk,submod,0.0,0.0,1.0,0.0,0.0,208.0,0.5,0.0
2hop__28203_55840,chunk_submod_240,chunk,submod,0.0,0.0,1.0,0.0,0.0,197.0,0.5,0.0
2hop__64323_55840,chunk_submod_240,chunk,submod,1.0,1.0,1.0,0.1617,0.5,235.0,1.0,1.0
2hop__85713_84469,chunk_submod_240,chunk,submod,0.0,0.0,0.0,0.1786,0.5,224.0,0.5,0.0
2hop__79875_84469,chunk_submod_240,chunk,submod,1.0,1.0,1.0,0.0,0.0,229.0,0.5,0.0
2hop__79875_72187,chunk_submod_240,chunk,submod,0.0,0.0,0.0,0.2212,0.5,208.0,0.5,0.0
2hop__85713_72187,chunk_submod_240,chunk,submod,0.0,0.0,0.0,0.0,0.0,237.0,0.5,0.0
2hop__204146_850295,chunk_submod_240,chunk,submod,0.0,0.0,0.0,0.2489,0.5,233.0,0.5,0.0
2hop__28287_89399,chunk_submod_240,chunk,submod,0.0,0.0,1.0,0.0,0.0,227.0,0.5,0.0
2hop__84103_345851,chunk_submod_240,chunk,submod,0.0,0.0,0.0,0.2356,0.5,225.0,0.5,0.0
2hop__142621_225454,chunk_submod_240,chunk,submod,0.0,0.4,0.0,0.2786,0.5,201.0,0.5,0.0
2hop__86689_728109,chunk_submod_240,chunk,submod,0.0,0.0,1.0,0.0,0.0,238.0,0.0,0.0
2hop__38828_89399,chunk_submod_240,chunk,submod,0.0,0.0,1.0,0.0,0.0,207.0,0.5,0.0
2hop__587048_621800,chunk_submod_240,chunk,submod,0.0,0.0,0.0,0.141,0.5,234.0,0.5,0.0
2hop__86458_20273,chunk_submod_240,chunk,submod,0.0,0.0,0.0,0.1579,1.0,228.0,1.0,1.0
2hop__609313_20273,chunk_submod_240,chunk,submod,0.0,0.0,0.0,0.115,0.5,200.0,1.0,1.0
2hop__799936_20273,chunk_submod_240,chunk,submod,0.0,0.0,0.0,0.1711,0.5,228.0,0.5,0.0
2hop__13986_161674,chunk_submod_240,chunk,submod,0.0,0.0,0.0,0.0,0.0,221.0,0.5,0.0
2hop__433694_20273,chunk_submod_240,chunk,submod,0.0,0.0,0.0,0.2488,0.5,209.0,0.5,0.0
2hop__13986_40169,chunk_submod_240,chunk,submod,0.0,0.0,0.0,0.0,0.0,228.0,0.5,0.0
2hop__25344_88628,chunk_submod_240,chunk,submod,0.0,0.0,0.0,0.0,0.0,184.0,0.0,0.0
2hop__657913_88628,chunk_submod_240,chunk,submod,0.0,0.0,0.0,0.2936,1.0,218.0,0.5,0.0
2hop__734057_88628,chunk_submod_240,chunk,submod,0.0,0.0,1.0,0.8474,1.0,190.0,1.0,1.0
2hop__95878_88628,chunk_submod_240,chunk,submod,0.0,0.0,0.0,0.0,0.0,211.0,0.5,0.0
2hop__726892_131968,chunk_submod_240,chunk,submod,0.0,0.0,0.0,0.0,0.0,232.0,0.5,0.0
2hop__693157_131890,chunk_submod_240,chunk,submod,0.0,0.0,0.0,0.0,0.0,232.0,0.0,0.0
2hop__611178_131968,chunk_submod_240,chunk,submod,0.0,0.0,1.0,0.0,0.0,207.0,1.0,1.0
2hop__728969_131890,chunk_submod_240,chunk,submod,0.0,0.0,0.0,0.0952,0.5,210.0,0.5,0.0
2hop__30032_46621,chunk_submod_240,chunk,submod,0.0,0.0,0.0,0.1496,0.5,234.0,0.5,0.0
2hop__135822_46621,chunk_submod_240,chunk,submod,0.0,0.0,0.0,0.0,0.0,221.0,0.0,0.0
2hop__581084_828685,chunk_submod_240,chunk,submod,0.0,0.0,1.0,0.2894,1.0,235.0,1.0,1.0
2hop__40697_46621,chunk_submod_240,chunk,submod,0.0,0.0,0.0,0.2646,0.5,223.0,0.5,0.0
2hop__157737_46621,chunk_submod_240,chunk,submod,0.0,0.0,0.0,0.1288,0.5,233.0,0.5,0.0
2hop__39063_212301,chunk_submod_240,chunk,submod,0.0,0.0,0.0,0.0,0.0,222.0,0.0,0.0
2hop__25396_593388,chunk_submod_240,chunk,submod,0.0,0.75,1.0,0.1653,0.5,236.0,1.0,1.0
2hop__25396_212301,chunk_submod_240,chunk,submod,0.0,0.0,0.0,0.0,0.0,223.0,0.5,0.0
2hop__39063_593388,chunk_submod_240,chunk,submod,0.0,0.0,0.0,0.0,0.0,236.0,0.5,0.0
2hop__153532_72380,chunk_submod_240,chunk,submod,0.0,0.0,0.0,0.3054,0.5,239.0,0.5,0.0
2hop__619265_72380,chunk_submod_240,chunk,submod,0.0,0.0,0.0,0.0,0.0,218.0,0.5,0.0
2hop__37765_85990,chunk_submod_240,chunk,submod,0.0,0.0,0.0,0.0,0.0,233.0,0.0,0.0
2hop__623501_297043,chunk_submod_240,chunk,submod,0.0,0.5,0.0,0.1964,0.5,224.0,0.5,0.0
2hop__46550_85990,chunk_submod_240,chunk,submod,0.0,0.0,0.0,0.1131,0.5,221.0,0.5,0.0
2hop__30741_85990,chunk_submod_240,chunk,submod,0.0,0.0,0.0,0.0,0.0,209.0,0.0,0.0
2hop__66149_85990,chunk_submod_240,chunk,submod,0.0,0.0,1.0,0.0975,0.5,236.0,1.0,1.0
2hop__216535_370666,chunk_submod_240,chunk,submod,0.0,0.0,0.0,0.1809,0.5,199.0,0.5,0.0
2hop__846388_19320,chunk_submod_240,chunk,submod,0.0,0.0,0.0,0.0,0.0,205.0,0.5,0.0
2hop__91211_90973,chunk_submod_240,chunk,submod,0.0,0.0,0.0,0.0,0.0,239.0,0.0,0.0
2hop__48033_90973,chunk_submod_240,chunk,submod,1.0,1.0,1.0,0.0,0.0,239.0,0.5,0.0
2hop__64175_90973,chunk_submod_240,chunk,submod,1.0,1.0,1.0,0.1925,0.5,239.0,0.0,0.0
2hop__50936_90973,chunk_submod_240,chunk,submod,1.0,1.0,1.0,0.2827,0.5,237.0,0.5,0.0
2hop__599396_19320,chunk_submod_240,chunk,submod,0.0,0.0,0.0,0.0,0.0,218.0,0.0,0.0
2hop__365236_19320,chunk_submod_240,chunk,submod,0.0,0.0,0.0,0.0,0.0,239.0,0.5,0.0
2hop__685045_19320,chunk_submod_240,chunk,submod,0.0,0.0,0.0,0.3125,0.5,240.0,1.0,1.0
2hop__30384_30351,chunk_submod_240,chunk,submod,0.0,0.0,0.0,0.0,0.0,234.0,1.0,1.0
2hop__555792_30351,chunk_submod_240,chunk,submod,0.0,0.0,1.0,0.4151,1.0,212.0,0.5,0.0
2hop__431934_30351,chunk_submod_240,chunk,submod,0.0,0.0,0.0,0.5302,1.0,215.0,0.5,0.0
2hop__708145_30351,chunk_submod_240,chunk,submod,0.0,0.0,1.0,0.3391,1.0,230.0,1.0,1.0
2hop__837900_71701,chunk_submod_240,chunk,submod,1.0,1.0,1.0,0.2957,0.5,230.0,1.0,1.0
2hop__278022_71701,chunk_submod_240,chunk,submod,0.0,0.0,1.0,0.2588,0.5,228.0,0.5,0.0
2hop__10122_18974,chunk_submod_240,chunk,submod,1.0,1.0,1.0,0.3064,0.5,235.0,1.0,1.0
2hop__370564_71701,chunk_submod_240,chunk,submod,0.0,0.0,1.0,0.6344,1.0,227.0,1.0,1.0
2hop__753260_71701,chunk_submod_240,chunk,submod,0.0,0.0,1.0,0.1045,0.5,201.0,1.0,1.0
2hop__631024_18974,chunk_submod_240,chunk,submod,0.0,0.0,0.0,0.2575,0.5,233.0,0.0,0.0
2hop__36747_18974,chunk_submod_240,chunk,submod,0.0,0.5,0.0,0.0,0.0,236.0,0.0,0.0
2hop__10017_18974,chunk_submod_240,chunk,submod,0.0,0.0,1.0,0.2027,0.5,222.0,0.0,0.0
2hop__810411_159673,chunk_submod_240,chunk,submod,0.0,0.0,0.0,0.2298,0.5,235.0,0.5,0.0
2hop__96062_159673,chunk_submod_240,chunk,submod,1.0,1.0,1.0,0.0,0.0,233.0,0.5,0.0
2hop__203985_524737,chunk_submod_240,chunk,submod,0.0,0.5714,0.0,0.1046,0.5,239.0,0.5,0.0
2hop__77832_159673,chunk_submod_240,chunk,submod,0.0,0.0,0.0,0.133,0.5,233.0,0.5,0.0
2hop__527400_159673,chunk_submod_240,chunk,submod,0.0,0.0,1.0,0.1735,0.5,219.0,0.5,0.0
2hop__766973_770570,chunk_submod_240,chunk,submod,0.0,0.5,0.0,0.1034,0.5,203.0,0.5,0.0
2hop__13592_49388,chunk_submod_240,chunk,submod,0.0,0.0,0.0,0.148,0.5,223.0,0.0,0.0
2hop__34495_85544,chunk_submod_240,chunk,submod,0.0,0.0,0.0,0.0,0.0,238.0,0.5,0.0
2hop__34495_49388,chunk_submod_240,chunk,submod,0.0,0.0,0.0,0.0,0.0,216.0,0.5,0.0
2hop__13592_85544,chunk_submod_240,chunk,submod,1.0,1.0,0.0,0.366,1.0,235.0,1.0,1.0
2hop__506035_325512,chunk_submod_240,chunk,submod,0.0,0.0,0.0,0.2096,0.5,167.0,0.5,0.0
2hop__107690_124896,chunk_submod_240,chunk,submod,0.0,0.0,0.0,0.1886,0.5,175.0,0.5,0.0
2hop__507722_124896,chunk_submod_240,chunk,submod,0.0,0.0,0.0,0.1362,0.5,213.0,0.5,0.0
2hop__107548_124896,chunk_submod_240,chunk,submod,0.0,0.5,0.0,0.2557,0.5,219.0,0.5,0.0
2hop__754682_730690,chunk_submod_240,chunk,submod,0.0,0.0,0.0,0.0,0.0,239.0,0.0,0.0
2hop__68590_27619,chunk_submod_240,chunk,submod,0.0,0.0,0.0,0.1606,1.0,218.0,1.0,1.0
2hop__269076_449113,chunk_submod_240,chunk,submod,0.0,0.0,0.0,0.1797,0.5,217.0,0.5,0.0
2hop__27650_27619,chunk_submod_240,chunk,submod,0.0,0.0,0.0,0.0,0.0,220.0,0.0,0.0
2hop__68590_27628,chunk_submod_240,chunk,submod,0.0,0.0,0.0,0.0,0.0,226.0,1.0,1.0
2hop__809785_606637,chunk_submod_240,chunk,submod,0.0,0.3333,0.0,0.1983,0.5,237.0,0.5,0.0
2hop__27650_27628,chunk_submod_240,chunk,submod,0.0,0.0,0.0,0.0,0.0,213.0,0.0,0.0
2hop__656411_345851,chunk_submod_240,chunk,submod,1.0,1.0,1.0,0.2763,0.5,228.0,1.0,1.0
2hop__24661_66233,chunk_submod_240,chunk,submod,0.0,0.0,0.0,0.0,0.0,215.0,0.5,0.0
2hop__329676_119915,chunk_submod_240,chunk,submod,0.0,0.0,0.0,0.19,0.5,221.0,0.5,0.0
2hop__539184_119915,chunk_submod_240,chunk,submod,0.0,0.0,1.0,0.4758,1.0,227.0,0.0,0.0
2hop__26642_81961,chunk_submod_240,chunk,submod,1.0,1.0,1.0,0.428,1.0,236.0,0.5,0.0
2hop__24661_81961,chunk_submod_240,chunk,submod,1.0,1.0,1.0,0.0,0.0,214.0,0.5,0.0
2hop__233551_746883,chunk_submod_240,chunk,submod,0.0,0.0,0.0,0.1185,0.5,211.0,0.5,0.0
2hop__26642_66233,chunk_submod_240,chunk,submod,0.0,0.4,0.0,0.0,0.0,236.0,0.0,0.0
2hop__124933_653666,chunk_submod_240,chunk,submod,0.0,0.3333,1.0,0.1892,0.5,222.0,1.0,1.0
2hop__76402_653666,chunk_submod_240,chunk,submod,0.0,0.3333,1.0,0.3821,1.0,212.0,0.5,0.0
2hop__73717_653666,chunk_submod_240,chunk,submod,0.0,0.0,1.0,0.0,0.0,213.0,0.5,0.0
2hop__252521_80650,chunk_submod_240,chunk,submod,0.0,0.0,0.0,0.2909,0.5,220.0,1.0,1.0
2hop__538735_3296,chunk_submod_240,chunk,submod,0.0,0.0,1.0,0.2255,0.5,235.0,0.5,0.0
2hop__538735_3299,chunk_submod_240,chunk,submod,0.0,0.0,0.0,0.179,0.5,229.0,0.5,0.0
2hop__811015_3300,chunk_submod_240,chunk,submod,0.0,0.0,0.0,0.1875,0.5,208.0,0.5,0.0
2hop__3131_3300,chunk_submod_240,chunk,submod,0.0,0.0,1.0,0.1302,1.0,215.0,1.0,1.0
2hop__143915_68489,chunk_submod_240,chunk,submod,0.0,0.0,0.0,0.186,0.5,215.0,0.0,0.0
2hop__593688_292889,chunk_submod_240,chunk,submod,0.0,0.0,0.0,0.0847,0.5,236.0,0.5,0.0
2hop__598467_68489,chunk_submod_240,chunk,submod,0.0,0.0,0.0,0.145,0.5,200.0,0.5,0.0
2hop__142842_68489,chunk_submod_240,chunk,submod,0.0,0.0,0.0,0.0,0.0,200.0,0.5,0.0
2hop__230022_68489,chunk_submod_240,chunk,submod,0.0,0.0,0.0,0.1723,0.5,238.0,0.5,0.0
2hop__78756_198548,chunk_submod_240,chunk,submod,0.0,0.0,0.0,0.1716,0.5,204.0,0.5,0.0
2hop__47808_198548,chunk_submod_240,chunk,submod,0.0,0.0,0.0,0.0977,0.5,215.0,0.5,0.0
2hop__70584_198548,chunk_submod_240,chunk,submod,0.0,0.0,0.0,0.2936,0.5,235.0,0.5,0.0
2hop__84172_198548,chunk_submod_240,chunk,submod,0.0,0.0,0.0,0.1748,0.5,206.0,0.5,0.0
2hop__415518_616002,chunk_submod_240,chunk,submod,0.0,0.0,0.0,0.2121,0.5,198.0,0.5,0.0
2hop__75207_46837,chunk_submod_240,chunk,submod,0.0,0.0,1.0,0.0,0.0,232.0,0.5,0.0
2hop__75207_7363,chunk_submod_240,chunk,submod,0.0,0.0,0.0,0.0,0.0,212.0,0.0,0.0
2hop__671664_646310,chunk_submod_240,chunk,submod,0.0,0.0,0.0,0.1082,0.5,194.0,0.5,0.0
2hop__75207_365216,chunk_submod_240,chunk,submod,0.0,0.6667,1.0,0.3192,1.0,213.0,1.0,1.0
2hop__75207_53316,chunk_submod_240,chunk,submod,0.0,0.0,0.0,0.0,0.0,240.0,0.0,0.0
2hop__736167_74735,chunk_submod_240,chunk,submod,1.0,1.0,1.0,0.1963,0.5,214.0,0.5,0.0
2hop__384238_74735,chunk_submod_240,chunk,submod,0.0,0.0,1.0,0.0,0.0,232.0,0.0,0.0
2hop__763380_74735,chunk_submod_240,chunk,submod,0.0,0.0,1.0,0.0,0.0,240.0,0.5,0.0
2hop__789398_74735,chunk_submod_240,chunk,submod,0.0,0.0,0.0,0.0,0.0,217.0,0.0,0.0
2hop__30905_213732,chunk_submod_240,chunk,submod,0.0,0.0,0.0,0.1799,0.5,239.0,0.0,0.0
2hop__44522_58556,chunk_submod_240,chunk,submod,0.0,0.0,1.0,0.1688,0.5,237.0,0.5,0.0
2hop__58939_189318,chunk_submod_240,chunk,submod,0.0,0.0,0.0,0.0,0.0,221.0,0.5,0.0
2hop__58939_213732,chunk_submod_240,chunk,submod,0.0,0.0,0.0,0.0959,0.5,219.0,0.5,0.0
2hop__30905_189318,chunk_submod_240,chunk,submod,0.0,0.0,1.0,0.352,1.0,196.0,0.5,0.0
2hop__16446_58556,chunk_submod_240,chunk,submod,1.0,1.0,1.0,0.0,0.0,238.0,0.0,0.0
2hop__35686_58556,chunk_submod_240,chunk,submod,0.0,0.8889,1.0,0.0,0.0,222.0,0.5,0.0
2hop__723404_58556,chunk_submod_240,chunk,submod,0.0,0.0,1.0,0.3924,1.0,237.0,0.5,0.0
2hop__95773_51329,chunk_submod_240,chunk,submod,0.0,0.0,0.0,0.0882,0.5,238.0,0.5,0.0
2hop__696442_51329,chunk_submod_240,chunk,submod,0.0,0.0,0.0,0.0,0.0,216.0,0.0,0.0
2hop__591435_51329,chunk_submod_240,chunk,submod,0.0,0.0,0.0,0.2108,0.5,223.0,0.5,0.0
2hop__753715_51329,chunk_submod_240,chunk,submod,0.0,0.0,0.0,0.0,0.0,239.0,0.0,0.0
2hop__142443_768138,chunk_submod_240,chunk,submod,0.0,0.0,0.0,0.1857,0.5,210.0,0.5,0.0
2hop__37097_53663,chunk_submod_240,chunk,submod,0.0,0.0,0.0,0.1836,0.5,207.0,0.5,0.0
2hop__82669_768138,chunk_submod_240,chunk,submod,0.0,0.0,0.0,0.0,0.0,233.0,0.5,0.0
2hop__63982_768138,chunk_submod_240,chunk,submod,0.0,0.0,0.0,0.455,0.5,222.0,0.5,0.0
2hop__2416_53663,chunk_submod_240,chunk,submod,0.0,0.0,0.0,0.0,0.0,225.0,0.5,0.0
2hop__678516_179720,chunk_submod_240,chunk,submod,0.0,0.0,0.0,0.2751,0.5,229.0,0.5,0.0
2hop__39954_80940,chunk_submod_240,chunk,submod,1.0,1.0,1.0,0.5067,1.0,225.0,0.5,0.0
2hop__39954_80303,chunk_submod_240,chunk,submod,0.0,0.4,0.0,0.0,0.0,223.0,1.0,1.0
2hop__39954_65371,chunk_submod_240,chunk,submod,0.0,0.0,0.0,0.0,0.0,231.0,0.5,0.0
2hop__385392_756039,chunk_submod_240,chunk,submod,0.0,0.0,0.0,0.2723,0.5,235.0,0.5,0.0
2hop__557743_92763,chunk_submod_240,chunk,submod,0.0,0.0,0.0,0.1504,0.5,226.0,0.5,0.0
2hop__403060_92763,chunk_submod_240,chunk,submod,0.0,0.0,0.0,0.5021,0.5,233.0,1.0,1.0
2hop__29349_92763,chunk_submod_240,chunk,submod,0.0,0.0,0.0,0.2213,0.5,235.0,0.5,0.0
2hop__267938_92763,chunk_submod_240,chunk,submod,0.0,0.0,0.0,0.0,0.0,190.0,0.5,0.0
2hop__142198_152093,chunk_submod_240,chunk,submod,0.0,0.0,0.0,0.0,0.0,234.0,0.5,0.0
2hop__632161_643449,chunk_submod_240,chunk,submod,0.0,0.0,0.0,0.2535,0.5,213.0,0.5,0.0
2hop__170914_152093,chunk_submod_240,chunk,submod,0.0,0.0,0.0,0.3921,0.5,227.0,0.5,0.0
2hop__705035_152093,chunk_submod_240,chunk,submod,0.0,0.0,0.0,0.2489,0.5,237.0,0.5,0.0
2hop__143650_152023,chunk_submod_240,chunk,submod,0.0,0.3333,0.0,0.3924,0.5,237.0,0.5,0.0
2hop__203437_152093,chunk_submod_240,chunk,submod,0.0,0.0,0.0,0.0968,0.5,217.0,0.5,0.0
2hop__559273_152023,chunk_submod_240,chunk,submod,0.0,0.3333,0.0,0.0,0.0,222.0,0.5,0.0
2hop__374767_152023,chunk_submod_240,chunk,submod,0.0,0.0,0.0,0.1752,0.5,234.0,0.5,0.0
2hop__409166_152023,chunk_submod_240,chunk,submod,0.0,0.0,0.0,0.15,0.5,220.0,0.5,0.0
2hop__48784_70131,chunk_submod_240,chunk,submod,0.0,0.0,0.0,0.0,0.0,235.0,0.0,0.0
2hop__452580_70131,chunk_submod_240,chunk,submod,0.0,0.0,0.0,0.2857,0.5,231.0,0.5,0.0
2hop__464479_70131,chunk_submod_240,chunk,submod,0.0,0.1818,0.0,0.2586,1.0,232.0,1.0,1.0
2hop__552546_70131,chunk_submod_240,chunk,submod,0.0,0.0,0.0,0.2613,0.5,222.0,0.5,0.0
2hop__124807_135019,chunk_submod_240,chunk,submod,0.0,0.0,0.0,0.2374,0.5,219.0,1.0,1.0
2hop__605207_135019,chunk_submod_240,chunk,submod,0.0,0.0,0.0,0.0,0.0,216.0,0.0,0.0
2hop__271045_68633,chunk_submod_240,chunk,submod,0.0,0.0,0.0,0.1508,0.5,199.0,0.5,0.0
2hop__645367_68633,chunk_submod_240,chunk,submod,0.0,0.0,0.0,0.3362,0.5,229.0,0.5,0.0
2hop__853227_68633,chunk_submod_240,chunk,submod,0.0,0.0,0.0,0.1387,0.5,238.0,0.5,0.0
2hop__374495_68633,chunk_submod_240,chunk,submod,0.0,0.0,0.0,0.2422,0.5,223.0,0.5,0.0
2hop__391873_88622,chunk_submod_240,chunk,submod,0.0,0.0,0.0,0.0,0.0,196.0,0.5,0.0
2hop__315246_88622,chunk_submod_240,chunk,submod,0.0,0.0,0.0,0.1806,0.5,216.0,0.5,0.0
2hop__498061_88622,chunk_submod_240,chunk,submod,0.0,0.0,0.0,0.2966,0.5,236.0,0.5,0.0
2hop__554145_88622,chunk_submod_240,chunk,submod,0.0,0.0,0.0,0.0,0.0,233.0,0.5,0.0
2hop__66708_573255,chunk_submod_240,chunk,submod,0.0,0.0,0.0,0.0,0.0,232.0,0.5,0.0
2hop__49887_573255,chunk_submod_240,chunk,submod,0.0,0.0,0.0,0.2345,0.5,226.0,0.5,0.0
2hop__126188_396277,chunk_submod_240,chunk,submod,1.0,1.0,1.0,0.2204,0.5,186.0,1.0,1.0
2hop__126306_396277,chunk_submod_240,chunk,submod,0.0,0.0,0.0,0.105,0.5,219.0,0.5,0.0
2hop__126299_396277,chunk_submod_240,chunk,submod,0.0,0.0,0.0,0.0,0.0,223.0,0.5,0.0
2hop__77518_548781,chunk_submod_240,chunk,submod,0.0,0.0,0.0,0.1406,0.5,192.0,0.5,0.0
2hop__53175_548781,chunk_submod_240,chunk,submod,0.0,0.0,0.0,0.1584,0.5,202.0,0.5,0.0
2hop__613779_55984,chunk_submod_240,chunk,submod,1.0,1.0,1.0,0.1217,0.5,230.0,1.0,1.0
2hop__559076_55984,chunk_submod_240,chunk,submod,1.0,1.0,1.0,0.4363,1.0,204.0,1.0,1.0
2hop__275891_55984,chunk_submod_240,chunk,submod,0.0,0.0,0.0,0.1197,0.5,234.0,0.5,0.0
2hop__435087_55984,chunk_submod_240,chunk,submod,0.0,0.0,1.0,0.3511,1.0,225.0,0.5,0.0
2hop__21991_43945,chunk_submod_240,chunk,submod,0.0,0.1176,0.0,0.1659,0.5,223.0,0.0,0.0
2hop__269766_43945,chunk_submod_240,chunk,submod,0.0,0.1538,0.0,0.3403,0.5,238.0,0.5,0.0
2hop__170341_43945,chunk_submod_240,chunk,submod,0.0,0.1111,0.0,0.0,0.0,223.0,0.5,0.0
2hop__69765_43945,chunk_submod_240,chunk,submod,0.0,0.1053,0.0,0.1223,0.5,229.0,1.0,1.0
2hop__414193_176917,chunk_submod_240,chunk,submod,0.0,0.0,0.0,0.1389,0.5,216.0,0.5,0.0
2hop__2416_86208,chunk_submod_240,chunk,submod,0.0,0.0,0.0,0.0,0.0,228.0,0.0,0.0
2hop__37097_86208,chunk_submod_240,chunk,submod,0.0,0.0,0.0,0.2911,0.5,237.0,1.0,1.0
2hop__231805_514393,chunk_submod_240,chunk,submod,0.0,0.0,0.0,0.1317,0.5,205.0,0.5,0.0
2hop__16581_16569,chunk_submod_240,chunk,submod,0.0,0.0,0.0,0.1324,1.0,219.0,0.0,0.0
2hop__156044_57816,chunk_submod_240,chunk,submod,1.0,1.0,1.0,0.393,0.5,229.0,0.5,0.0
2hop__754753_57816,chunk_submod_240,chunk,submod,1.0,1.0,1.0,0.171,0.5,193.0,1.0,1.0
2hop__510679_57816,chunk_submod_240,chunk,submod,1.0,1.0,1.0,0.3011,0.5,186.0,0.5,0.0
2hop__663184_57816,chunk_submod_240,chunk,submod,1.0,1.0,1.0,0.2195,0.5,205.0,0.5,0.0
2hop__47071_162399,chunk_submod_240,chunk,submod,1.0,1.0,1.0,0.2385,0.5,239.0,0.5,0.0
2hop__580231_162399,chunk_submod_240,chunk,submod,1.0,1.0,1.0,0.198,0.5,202.0,1.0,1.0
2hop__619265_45326,chunk_submod_240,chunk,submod,0.0,0.0,0.0,0.1637,0.5,226.0,0.5,0.0
2hop__153532_45326,chunk_submod_240,chunk,submod,0.0,0.0,0.0,0.0,0.0,215.0,0.5,0.0
2hop__455392_40315,chunk_submod_240,chunk,submod,0.0,0.0,0.0,0.2427,0.5,206.0,1.0,1.0
2hop__763840_144857,chunk_submod_240,chunk,submod,0.0,0.0,0.0,0.0974,0.5,195.0,0.5,0.0
2hop__227031_144857,chunk_submod_240,chunk,submod,0.0,0.0,0.0,0.0,0.0,231.0,0.0,0.0
2hop__168816_144857,chunk_submod_240,chunk,submod,0.0,0.0,0.0,0.1674,0.5,233.0,0.5,0.0
2hop__312223_144857,chunk_submod_240,chunk,submod,0.0,0.0,0.0,0.1789,0.5,190.0,0.5,0.0
2hop__85463_66122,chunk_submod_240,chunk,submod,0.0,0.0,0.0,0.0,0.0,210.0,0.5,0.0
2hop__289517_139339,chunk_submod_240,chunk,submod,0.0,0.0,0.0,0.2535,0.5,217.0,0.5,0.0
2hop__507528_139339,chunk_submod_240,chunk,submod,0.0,0.0,0.0,0.2095,0.5,210.0,0.5,0.0
2hop__85463_54688,chunk_submod_240,chunk,submod,0.0,0.6667,0.0,0.2281,0.5,228.0,1.0,1.0
2hop__669160_139339,chunk_submod_240,chunk,submod,0.0,0.0,0.0,0.255,0.5,200.0,0.5,0.0
2hop__332453_139339,chunk_submod_240,chunk,submod,0.0,0.0,1.0,0.244,0.5,209.0,0.5,0.0
2hop__85463_50252,chunk_submod_240,chunk,submod,0.0,0.5,0.0,0.1092,0.5,238.0,0.5,0.0
2hop__85463_33311,chunk_submod_240,chunk,submod,0.0,0.0,0.0,0.0,0.0,239.0,0.5,0.0
2hop__60229_38663,chunk_submod_240,chunk,submod,0.0,0.0,0.0,0.0,0.0,239.0,1.0,1.0
2hop__706038_14251,chunk_submod_240,chunk,submod,0.0,0.0,0.0,0.1263,0.5,190.0,0.5,0.0
2hop__821368_14251,chunk_submod_240,chunk,submod,0.0,0.0,0.0,0.4262,0.5,237.0,0.5,0.0
2hop__857585_14251,chunk_submod_240,chunk,submod,0.0,0.0,0.0,0.2201,0.5,209.0,0.5,0.0
2hop__60229_1783,chunk_submod_240,chunk,submod,0.0,0.0,0.0,0.0,0.0,236.0,0.0,0.0
2hop__83405_158262,chunk_submod_240,chunk,submod,0.0,0.0,0.0,0.0,0.0,221.0,0.0,0.0
2hop__57543_158262,chunk_submod_240,chunk,submod,0.0,0.0,1.0,0.0,0.0,221.0,0.0,0.0
2hop__62020_158262,chunk_submod_240,chunk,submod,0.0,0.0,1.0,0.1991,0.5,231.0,0.0,0.0
2hop__358582_189042,chunk_submod_240,chunk,submod,0.0,0.0,0.0,0.0,0.0,196.0,0.5,0.0
2hop__450600_158262,chunk_submod_240,chunk,submod,0.0,0.0,1.0,0.2658,0.5,237.0,0.5,0.0
2hop__78401_158262,chunk_submod_240,chunk,submod,0.0,0.0,1.0,0.0,0.0,238.0,0.0,0.0
2hop__121145_561444,chunk_submod_240,chunk,submod,0.0,0.0,0.0,0.181,0.5,221.0,0.5,0.0
2hop__125412_544665,chunk_submod_240,chunk,submod,0.0,0.0,0.0,0.1893,0.5,206.0,0.5,0.0
2hop__135668_561444,chunk_submod_240,chunk,submod,0.0,0.0,1.0,0.0,0.0,217.0,1.0,1.0
2hop__144317_120065,chunk_submod_240,chunk,submod,0.0,0.0,0.0,0.2094,0.5,234.0,0.5,0.0
2hop__451574_120065,chunk_submod_240,chunk,submod,0.0,0.0,0.0,0.1532,0.5,222.0,0.5,0.0
2hop__159146_120065,chunk_submod_240,chunk,submod,0.0,0.0,0.0,0.0,0.0,232.0,0.0,0.0
2hop__123166_47134,chunk_submod_240,chunk,submod,1.0,1.0,1.0,0.5429,1.0,210.0,0.5,0.0
2hop__326404_120065,chunk_submod_240,chunk,submod,0.0,0.0,0.0,0.1587,0.5,208.0,0.5,0.0
2hop__123545_47134,chunk_submod_240,chunk,submod,0.0,0.0,0.0,0.3102,0.5,187.0,1.0,1.0
2hop__107905_110222,chunk_submod_240,chunk,submod,0.0,0.0,0.0,0.3515,0.5,239.0,0.5,0.0
2hop__351045_47134,chunk_submod_240,chunk,submod,0.0,0.0,0.0,0.2809,0.5,235.0,0.5,0.0
2hop__347652_47134,chunk_submod_240,chunk,submod,0.0,0.0,0.0,0.448,0.5,221.0,0.5,0.0
2hop__846844_47134,chunk_submod_240,chunk,submod,1.0,1.0,1.0,0.3259,0.5,224.0,0.5,0.0
2hop__107601_110222,chunk_submod_240,chunk,submod,0.0,0.0,0.0,0.2696,0.5,230.0,0.5,0.0
2hop__175168_110222,chunk_submod_240,chunk,submod,0.0,0.5,1.0,0.1861,0.5,231.0,0.5,0.0
2hop__503085_110222,chunk_submod_240,chunk,submod,0.0,0.5,0.0,0.2687,0.5,227.0,0.5,0.0
2hop__293131_110222,chunk_submod_240,chunk,submod,0.0,0.0,0.0,0.0,0.0,219.0,0.0,0.0
2hop__46376_158105,chunk_submod_240,chunk,submod,0.0,0.0,0.0,0.1478,0.5,230.0,0.5,0.0
2hop__13106_158105,chunk_submod_240,chunk,submod,0.0,0.0,1.0,0.2605,0.5,215.0,1.0,1.0
2hop__55552_158105,chunk_submod_240,chunk,submod,1.0,1.0,1.0,0.3687,0.5,217.0,0.5,0.0
2hop__417937_158105,chunk_submod_240,chunk,submod,0.0,0.1429,0.0,0.1772,0.5,237.0,0.5,0.0
2hop__85455_158105,chunk_submod_240,chunk,submod,0.0,0.125,0.0,0.0,0.0,234.0,0.5,0.0
2hop__73615_16848,chunk_submod_240,chunk,submod,0.0,0.0,0.0,0.0,0.0,229.0,0.5,0.0
2hop__73615_42173,chunk_submod_240,chunk,submod,0.0,0.0,0.0,0.0,0.0,231.0,0.0,0.0
2hop__238499_431914,chunk_submod_240,chunk,submod,0.0,0.0,0.0,0.2222,0.5,225.0,1.0,1.0
2hop__16844_42173,chunk_submod_240,chunk,submod,0.0,0.0,0.0,0.0,0.0,209.0,0.0,0.0
2hop__311931_417706,chunk_submod_240,chunk,submod,0.0,0.5,0.0,0.1603,0.5,237.0,0.5,0.0
2hop__16844_20510,chunk_submod_240,chunk,submod,0.0,0.0,0.0,0.2176,0.5,239.0,0.5,0.0
2hop__73615_20510,chunk_submod_240,chunk,submod,0.0,0.0,0.0,0.5926,0.5,216.0,0.5,0.0
2hop__593397_224832,chunk_submod_240,chunk,submod,0.0,0.3333,0.0,0.2421,0.5,190.0,0.5,0.0
2hop__156658_155922,chunk_submod_240,chunk,submod,0.0,0.0,0.0,0.0,0.0,214.0,0.5,0.0
2hop__814408_155922,chunk_submod_240,chunk,submod,0.0,0.0,0.0,0.0,0.0,197.0,0.5,0.0
2hop__155781_155922,chunk_submod_240,chunk,submod,0.0,0.0,0.0,0.0,0.0,150.0,0.5,0.0
2hop__81682_707195,chunk_submod_240,chunk,submod,1.0,1.0,1.0,0.1179,0.5,229.0,0.5,0.0
2hop__852657_155922,chunk_submod_240,chunk,submod,0.0,0.0,1.0,0.416,1.0,238.0,1.0,1.0
2hop__149862_108549,chunk_submod_240,chunk,submod,0.0,0.0,0.0,0.1849,0.5,238.0,0.5,0.0
2hop__669456_108549,chunk_submod_240,chunk,submod,0.0,0.0,0.0,0.0,0.0,232.0,0.5,0.0
2hop__358270_108549,chunk_submod_240,chunk,submod,0.0,0.0,0.0,0.1435,0.5,237.0,0.5,0.0
2hop__149983_108549,chunk_submod_240,chunk,submod,0.0,0.0,0.0,0.0,0.0,219.0,0.0,0.0
2hop__608902_653666,chunk_submod_240,chunk,submod,0.0,0.25,0.0,0.1046,0.5,239.0,0.5,0.0
2hop__149710_108549,chunk_submod_240,chunk,submod,0.0,0.0,0.0,0.367,0.5,218.0,1.0,1.0
2hop__61664_786853,chunk_submod_240,chunk,submod,0.0,0.0,0.0,0.2043,0.5,235.0,0.0,0.0
2hop__60686_229757,chunk_submod_240,chunk,submod,0.0,0.0,0.0,0.0,0.0,229.0,0.0,0.0
2hop__55032_786853,chunk_submod_240,chunk,submod,0.0,0.0,0.0,0.2043,0.5,235.0,0.0,0.0
2hop__67660_158861,chunk_submod_240,chunk,submod,1.0,1.0,1.0,0.0,0.0,231.0,0.0,0.0
2hop__63483_786853,chunk_submod_240,chunk,submod,0.0,0.0,0.0,0.0,0.0,232.0,0.5,0.0
2hop__67660_81007,chunk_submod_240,chunk,submod,1.0,1.0,1.0,0.0,0.0,237.0,0.0,0.0
2hop__825727_584042,chunk_submod_240,chunk,submod,0.0,0.0,0.0,0.162,0.5,216.0,0.5,0.0
2hop__91667_67223,chunk_submod_240,chunk,submod,0.0,0.5,0.0,0.1471,0.5,238.0,0.0,0.0
2hop__91667_81007,chunk_submod_240,chunk,submod,1.0,1.0,1.0,0.2339,0.5,218.0,0.5,0.0
2hop__245835_762148,chunk_submod_240,chunk,submod,0.0,0.0,0.0,0.1827,0.5,208.0,0.5,0.0
2hop__67660_67223,chunk_submod_240,chunk,submod,0.0,0.5,0.0,0.0,0.0,239.0,0.0,0.0
2hop__152052_141308,chunk_submod_240,chunk,submod,0.0,0.0,0.0,0.1857,0.5,237.0,1.0,1.0
2hop__151705_141308,chunk_submod_240,chunk,submod,0.0,0.0,0.0,0.1735,0.5,196.0,0.0,0.0
2hop__501624_181960,chunk_submod_240,chunk,submod,0.0,0.0,0.0,0.1193,0.5,218.0,0.5,0.0
2hop__152700_141308,chunk_submod_240,chunk,submod,0.0,0.5,0.0,0.3158,1.0,228.0,1.0,1.0
2hop__596188_297986,chunk_submod_240,chunk,submod,0.0,0.0,0.0,0.1322,0.5,227.0,0.5,0.0
2hop__151750_141308,chunk_submod_240,chunk,submod,0.0,0.0,0.0,0.1549,0.5,213.0,0.5,0.0
2hop__152027_141308,chunk_submod_240,chunk,submod,0.0,0.0,0.0,0.0,0.0,223.0,0.5,0.0
2hop__157498_127908,chunk_submod_240,chunk,submod,0.0,0.0,0.0,0.2634,0.5,224.0,0.5,0.0
2hop__179149_396277,chunk_submod_240,chunk,submod,0.0,0.0,0.0,0.5105,0.5,239.0,0.5,0.0
2hop__448615_127908,chunk_submod_240,chunk,submod,0.0,0.8571,1.0,0.5067,1.0,225.0,1.0,1.0
2hop__423874_128023,chunk_submod_240,chunk,submod,0.0,0.8571,1.0,0.2629,0.5,232.0,0.5,0.0
2hop__108158_83769,chunk_submod_240,chunk,submod,0.0,0.0,0.0,0.2206,0.5,204.0,0.5,0.0
2hop__72118_83769,chunk_submod_240,chunk,submod,0.0,0.0,0.0,0.0,0.0,226.0,0.0,0.0
2hop__72686_83769,chunk_submod_240,chunk,submod,0.0,0.0,0.0,0.2655,0.5,226.0,0.5,0.0
2hop__424908_500483,chunk_submod_240,chunk,submod,0.0,0.0,1.0,0.4886,1.0,219.0,1.0,1.0
2hop__646573_83769,chunk_submod_240,chunk,submod,0.0,0.0,0.0,0.0,0.0,219.0,0.5,0.0
2hop__169443_83769,chunk_submod_240,chunk,submod,0.0,0.0,0.0,0.4316,0.5,234.0,0.5,0.0
2hop__394720_120259,chunk_submod_240,chunk,submod,0.0,0.0,0.0,0.2137,0.5,234.0,0.5,0.0
2hop__88953_64006,chunk_submod_240,chunk,submod,0.0,0.0,0.0,0.2641,0.5,231.0,1.0,1.0
2hop__315072_120259,chunk_submod_240,chunk,submod,0.0,0.0,0.0,0.0,0.0,240.0,0.0,0.0
2hop__511454_120259,chunk_submod_240,chunk,submod,0.0,0.0,0.0,0.0,0.0,237.0,0.0,0.0
2hop__603365_120259,chunk_submod_240,chunk,submod,0.0,0.0,0.0,0.3042,0.5,240.0,0.5,0.0
2hop__5190_64006,chunk_submod_240,chunk,submod,0.0,0.0,0.0,0.1404,0.5,228.0,0.0,0.0
2hop__107185_64006,chunk_submod_240,chunk,submod,0.0,0.0,0.0,0.0,0.0,212.0,0.5,0.0
2hop__418941_429437,chunk_submod_240,chunk,submod,0.0,0.0,0.0,0.1652,0.5,224.0,0.5,0.0
2hop__62951_64006,chunk_submod_240,chunk,submod,0.0,0.0,0.0,0.0,0.0,234.0,0.5,0.0
2hop__575188_342798,chunk_submod_240,chunk,submod,0.0,0.0,0.0,0.0921,0.5,228.0,0.5,0.0
2hop__691455_64006,chunk_submod_240,chunk,submod,0.0,0.0,0.0,0.0,0.0,238.0,0.5,0.0
2hop__64372_83289,chunk_submod_240,chunk,submod,0.0,0.0,0.0,0.2333,0.5,210.0,0.5,0.0
2hop__88406_83289,chunk_submod_240,chunk,submod,0.0,0.0,0.0,0.2261,0.5,230.0,1.0,1.0
2hop__194469_83289,chunk_submod_240,chunk,submod,0.0,0.0,0.0,0.1314,0.5,236.0,0.5,0.0
2hop__586343_83289,chunk_submod_240,chunk,submod,0.0,0.0,0.0,0.0,0.0,221.0,1.0,1.0
2hop__91626_96912,chunk_submod_240,chunk,submod,0.0,0.2857,0.0,0.2429,0.5,210.0,0.5,0.0
2hop__179322_83289,chunk_submod_240,chunk,submod,1.0,1.0,1.0,0.1336,0.5,232.0,0.0,0.0
2hop__20536_96912,chunk_submod_240,chunk,submod,0.0,0.0,0.0,0.0,0.0,230.0,0.5,0.0
2hop__865828_377862,chunk_submod_240,chunk,submod,0.0,0.0,0.0,0.1891,0.5,201.0,1.0,1.0
2hop__749997_96912,chunk_submod_240,chunk,submod,0.0,0.0,0.0,0.159,0.5,239.0,0.5,0.0
2hop__690412_526810,chunk_submod_240,chunk,submod,0.0,0.0,0.0,0.1555,0.5,238.0,0.5,0.0
2hop__460946_294723,ace_focused_240,ace,focused,0.0,0.0,0.0,0.2343,0.5,239.0,0.5,0.0
2hop__252311_366220,ace_focused_240,ace,focused,0.0,0.0,0.0,0.0,0.0,226.0,0.0,0.0
2hop__701895_752697,ace_focused_240,ace,focused,0.0,0.0,0.0,0.1903,0.5,226.0,0.5,0.0
2hop__259228_793698,ace_focused_240,ace,focused,0.0,0.0,0.0,0.0,0.0,223.0,0.0,0.0
2hop__481349_302087,ace_focused_240,ace,focused,0.0,0.5,0.0,0.1963,0.5,219.0,0.5,0.0
2hop__697790_864352,ace_focused_240,ace,focused,0.0,0.0,0.0,0.0,0.0,238.0,0.0,0.0
2hop__207476_625987,ace_focused_240,ace,focused,0.0,0.5,0.0,0.1519,0.5,237.0,0.5,0.0
2hop__390947_232243,ace_focused_240,ace,focused,0.0,0.8,1.0,0.2259,1.0,239.0,1.0,1.0
2hop__354635_174222,ace_focused_240,ace,focused,0.0,0.0,0.0,0.1883,0.5,239.0,0.5,0.0
2hop__635187_861533,ace_focused_240,ace,focused,0.0,0.0,0.0,0.3473,0.5,239.0,0.5,0.0
2hop__166824_185403,ace_focused_240,ace,focused,0.0,0.0,0.0,0.1303,0.5,238.0,0.5,0.0
2hop__698577_851686,ace_focused_240,ace,focused,0.0,0.0,0.0,0.3083,0.5,240.0,0.5,0.0
2hop__362107_652514,ace_focused_240,ace,focused,0.0,0.0,0.0,0.2232,0.5,224.0,0.5,0.0
2hop__402530_774333,ace_focused_240,ace,focused,0.0,0.0,0.0,0.1061,0.5,198.0,0.5,0.0
2hop__195917_575657,ace_focused_240,ace,focused,0.0,0.5,0.0,0.0744,0.5,215.0,0.5,0.0
2hop__683835_709167,ace_focused_240,ace,focused,0.0,0.0,0.0,0.113,0.5,239.0,0.5,0.0
2hop__197470_271394,ace_focused_240,ace,focused,0.0,0.0,0.0,0.1506,1.0,239.0,1.0,1.0
2hop__458131_174974,ace_focused_240,ace,focused,0.0,0.0,0.0,0.2087,0.5,230.0,0.5,0.0
2hop__299142_347613,ace_focused_240,ace,focused,0.0,0.0,0.0,0.1191,0.5,235.0,0.5,0.0
2hop__528263_865831,ace_focused_240,ace,focused,0.0,0.0,0.0,0.2961,0.5,233.0,0.5,0.0
2hop__569582_304416,ace_focused_240,ace,focused,0.0,0.0,0.0,0.2134,1.0,239.0,1.0,1.0
2hop__505860_650613,ace_focused_240,ace,focused,0.0,0.0,0.0,0.1459,0.5,233.0,0.5,0.0
2hop__821197_368148,ace_focused_240,ace,focused,0.0,0.6667,1.0,0.2377,1.0,223.0,1.0,1.0
2hop__554167_451128,ace_focused_240,ace,focused,0.0,0.0,0.0,0.1822,0.5,225.0,0.5,0.0
2hop__702496_430061,ace_focused_240,ace,focused,0.0,0.5,0.0,0.125,0.5,216.0,0.5,0.0
2hop__549146_223121,ace_focused_240,ace,focused,0.0,0.0,0.0,0.1643,0.5,207.0,0.5,0.0
2hop__647996_551681,ace_focused_240,ace,focused,0.0,0.0,0.0,0.178,0.5,236.0,0.5,0.0
2hop__673655_316668,ace_focused_240,ace,focused,0.0,0.0,0.0,0.1345,0.5,238.0,0.5,0.0
2hop__574419_270105,ace_focused_240,ace,focused,0.0,0.0,0.0,0.085,0.5,200.0,0.5,0.0
2hop__403712_793210,ace_focused_240,ace,focused,0.0,0.2857,1.0,0.4538,1.0,238.0,1.0,1.0
2hop__832795_350510,ace_focused_240,ace,focused,0.0,0.4,0.0,0.1374,0.5,211.0,0.5,0.0
2hop__744055_408817,ace_focused_240,ace,focused,1.0,1.0,1.0,0.2,1.0,230.0,0.5,0.0
2hop__726717_610238,ace_focused_240,ace,focused,0.0,0.4444,1.0,0.3473,1.0,239.0,1.0,1.0
2hop__499577_617190,ace_focused_240,ace,focused,0.0,0.0,0.0,0.2178,0.5,225.0,0.5,0.0
2hop__685280_510757,ace_focused_240,ace,focused,0.0,0.0,0.0,0.3234,0.5,235.0,0.5,0.0
2hop__341305_332933,ace_focused_240,ace,focused,0.0,0.0,0.0,0.2489,0.5,221.0,0.5,0.0
2hop__731228_609866,ace_focused_240,ace,focused,0.0,0.0,0.0,0.3924,0.5,237.0,0.5,0.0
2hop__693444_220151,ace_focused_240,ace,focused,0.0,0.0,0.0,0.1255,0.5,231.0,0.5,0.0
2hop__235471_565925,ace_focused_240,ace,focused,0.0,0.5,0.0,0.1423,0.5,239.0,0.5,0.0
2hop__310456_846599,ace_focused_240,ace,focused,0.0,0.0,0.0,0.1379,0.5,232.0,0.5,0.0
2hop__335418_279684,ace_focused_240,ace,focused,0.0,0.0,0.0,0.1,0.5,230.0,0.5,0.0
2hop__191125_781346,ace_focused_240,ace,focused,0.0,0.0,0.0,0.0909,0.5,231.0,0.5,0.0
2hop__475070_532404,ace_focused_240,ace,focused,0.0,0.0,1.0,0.412,1.0,233.0,1.0,1.0
2hop__700093_455653,ace_focused_240,ace,focused,0.0,0.0,0.0,0.21,0.5,219.0,0.5,0.0
2hop__512773_346751,ace_focused_240,ace,focused,0.0,0.0,0.0,0.2594,0.5,239.0,0.5,0.0
2hop__411091_625230,ace_focused_240,ace,focused,0.0,0.0,0.0,0.434,0.5,235.0,0.5,0.0
2hop__423972_540249,ace_focused_240,ace,focused,0.0,0.6667,0.0,0.1506,0.5,239.0,0.5,0.0
2hop__455158_247871,ace_focused_240,ace,focused,0.0,0.0,0.0,0.2446,1.0,233.0,1.0,1.0
2hop__189094_612080,ace_focused_240,ace,focused,0.0,0.5,0.0,0.105,0.5,238.0,0.5,0.0
2hop__765678_310556,ace_focused_240,ace,focused,0.0,0.0,0.0,0.1515,0.5,231.0,0.5,0.0
2hop__304852_758385,ace_focused_240,ace,focused,0.0,0.5,0.0,0.0894,0.5,235.0,0.5,0.0
2hop__628752_538661,ace_focused_240,ace,focused,0.0,0.0,0.0,0.2332,0.5,223.0,0.5,0.0
2hop__661847_288421,ace_focused_240,ace,focused,0.0,0.0,0.0,0.1653,0.5,236.0,0.5,0.0
2hop__496732_658428,ace_focused_240,ace,focused,0.0,0.5,0.0,0.1121,0.5,232.0,0.5,0.0
2hop__175175_347233,ace_focused_240,ace,focused,0.0,0.0,0.0,0.2802,0.5,232.0,0.5,0.0
2hop__496961_554601,ace_focused_240,ace,focused,0.0,0.0,0.0,0.1921,0.5,229.0,1.0,1.0
2hop__274110_413723,ace_focused_240,ace,focused,0.0,0.0,0.0,0.0,0.0,236.0,0.0,0.0
2hop__231890_595414,ace_focused_240,ace,focused,0.0,0.0,0.0,0.1751,0.5,217.0,0.5,0.0
2hop__342746_679190,ace_focused_240,ace,focused,0.0,0.0,0.0,0.0,0.0,227.0,0.0,0.0
2hop__860241_766393,ace_focused_240,ace,focused,0.0,0.0,0.0,0.1384,0.5,224.0,0.5,0.0
2hop__29368_29376,ace_focused_240,ace,focused,0.0,0.0,0.0,0.0,0.0,232.0,0.0,0.0
2hop__29367_29376,ace_focused_240,ace,focused,0.0,0.0,0.0,0.0,0.0,216.0,0.0,0.0
2hop__21075_5028,ace_focused_240,ace,focused,0.0,0.0,1.0,0.3664,1.0,232.0,0.5,0.0
2hop__557411_652060,ace_focused_240,ace,focused,0.0,0.0,0.0,0.0,0.0,234.0,0.0,0.0
2hop__677929_696450,ace_focused_240,ace,focused,0.0,0.5,0.0,0.1595,0.5,232.0,0.5,0.0
2hop__132909_33564,ace_focused_240,ace,focused,0.0,0.0,0.0,0.1757,0.5,239.0,0.5,0.0
2hop__199216_33564,ace_focused_240,ace,focused,0.0,0.0,0.0,0.0,0.0,239.0,0.5,0.0
2hop__133241_33564,ace_focused_240,ace,focused,0.0,0.0,0.0,0.0,0.0,237.0,0.5,0.0
2hop__636597_480615,ace_focused_240,ace,focused,0.0,0.0,0.0,0.4727,0.5,220.0,0.5,0.0
2hop__373759_136043,ace_focused_240,ace,focused,0.0,0.0,0.0,0.1174,0.5,230.0,0.5,0.0
2hop__709357_136043,ace_focused_240,ace,focused,0.0,0.0,1.0,0.3463,1.0,231.0,1.0,1.0
2hop__32254_84601,ace_focused_240,ace,focused,0.0,0.0,0.0,0.3696,0.5,230.0,0.5,0.0
2hop__471509_136043,ace_focused_240,ace,focused,0.0,0.0,1.0,0.4603,1.0,239.0,1.0,1.0
2hop__87589_362941,ace_focused_240,ace,focused,0.0,0.0,0.0,0.0,0.0,233.0,0.0,0.0
2hop__61318_362941,ace_focused_240,ace,focused,0.0,0.0,0.0,0.1709,0.5,234.0,0.5,0.0
2hop__20268_42004,ace_focused_240,ace,focused,0.0,0.0,1.0,0.4599,1.0,237.0,1.0,1.0
2hop__159902_362941,ace_focused_240,ace,focused,0.0,0.0,0.0,0.0,0.0,233.0,0.0,0.0
2hop__42027_42004,ace_focused_240,ace,focused,0.0,0.0,0.0,0.0,0.0,235.0,0.0,0.0
2hop__648648_173389,ace_focused_240,ace,focused,0.0,0.0,1.0,0.2304,1.0,217.0,0.5,0.0
2hop__477492_240386,ace_focused_240,ace,focused,0.0,0.0,0.0,0.0,0.0,206.0,0.0,0.0
2hop__776377_857193,ace_focused_240,ace,focused,0.0,0.0,0.0,0.225,0.5,240.0,0.5,0.0
2hop__29752_814677,ace_focused_240,ace,focused,0.0,0.0,1.0,0.2432,0.5,222.0,0.5,0.0
2hop__77601_814677,ace_focused_240,ace,focused,0.0,0.0,1.0,0.2288,0.5,236.0,1.0,1.0
2hop__497191_129669,ace_focused_240,ace,focused,0.0,0.0,0.0,0.1681,0.5,226.0,0.5,0.0
2hop__311694_129669,ace_focused_240,ace,focused,0.0,0.0,0.0,0.1299,0.5,231.0,0.5,0.0
2hop__819974_129669,ace_focused_240,ace,focused,0.0,0.0,0.0,0.3421,0.5,228.0,0.5,0.0
2hop__199513_13732,ace_focused_240,ace,focused,0.0,0.0,0.0,0.3476,0.5,233.0,0.5,0.0
2hop__13731_801817,ace_focused_240,ace,focused,0.0,0.0,0.0,0.0,0.0,230.0,0.0,0.0
2hop__865961_159109,ace_focused_240,ace,focused,0.0,0.0,0.0,1.0,0.5,51.0,0.5,0.0
2hop__728887_159109,ace_focused_240,ace,focused,0.0,0.0,0.0,0.0,0.0,235.0,0.0,0.0
2hop__827995_159109,ace_focused_240,ace,focused,0.0,0.0,0.0,0.5133,0.5,226.0,0.5,0.0
2hop__159215_779396,ace_focused_240,ace,focused,0.0,0.0,0.0,0.1652,0.5,230.0,0.5,0.0
2hop__119423_779396,ace_focused_240,ace,focused,0.0,0.0,0.0,0.1134,0.5,238.0,0.5,0.0
2hop__115515_779396,ace_focused_240,ace,focused,0.0,0.5714,0.0,0.0,0.0,238.0,0.5,0.0
2hop__665660_135481,ace_focused_240,ace,focused,1.0,1.0,1.0,0.4125,1.0,240.0,1.0,1.0
2hop__201704_135481,ace_focused_240,ace,focused,0.0,0.0,1.0,0.4125,1.0,240.0,1.0,1.0
2hop__861157_135481,ace_focused_240,ace,focused,1.0,1.0,1.0,0.3535,1.0,215.0,1.0,1.0
2hop__495316_660579,ace_focused_240,ace,focused,0.0,0.0,0.0,0.1183,0.5,186.0,0.5,0.0
2hop__478978_124498,ace_focused_240,ace,focused,1.0,1.0,1.0,0.2619,0.5,210.0,0.5,0.0
2hop__543853_124498,ace_focused_240,ace,focused,1.0,1.0,1.0,0.2155,0.5,232.0,0.5,0.0
2hop__335899_124498,ace_focused_240,ace,focused,0.0,0.0,0.0,0.0802,0.5,237.0,0.5,0.0
2hop__517145_367341,ace_focused_240,ace,focused,0.0,0.0,0.0,0.1384,0.5,224.0,0.5,0.0
2hop__92051_827343,ace_focused_240,ace,focused,0.0,0.0,0.0,0.0,0.0,219.0,0.0,0.0
2hop__89764_827343,ace_focused_240,ace,focused,0.0,0.5,0.0,0.0,0.0,236.0,0.5,0.0
2hop__59048_827343,ace_focused_240,ace,focused,0.0,0.5,0.0,0.1928,0.5,223.0,0.0,0.0
2hop__14121_15463,ace_focused_240,ace,focused,1.0,1.0,1.0,0.3042,0.5,240.0,1.0,1.0
2hop__817096_15463,ace_focused_240,ace,focused,0.0,0.0,1.0,0.0,0.0,235.0,0.0,0.0
2hop__14095_15463,ace_focused_240,ace,focused,1.0,1.0,1.0,0.4625,1.0,240.0,1.0,1.0
2hop__485221_544917,ace_focused_240,ace,focused,0.0,0.0,0.0,0.2101,0.5,238.0,0.5,0.0
2hop__198459_61845,ace_focused_240,ace,focused,0.0,0.0,1.0,0.3581,1.0,229.0,1.0,1.0
2hop__563476_61845,ace_focused_240,ace,focused,0.0,0.0,1.0,0.1792,0.5,240.0,0.5,0.0
2hop__622308_61845,ace_focused_240,ace,focused,0.0,0.0,0.0,0.0,0.0,208.0,0.0,0.0
2hop__135653_669373,ace_focused_240,ace,focused,0.0,0.0,0.0,0.0,0.0,211.0,0.5,0.0
2hop__135652_669373,ace_focused_240,ace,focused,0.0,0.0,0.0,0.0,0.0,211.0,0.5,0.0
2hop__135651_669373,ace_focused_240,ace,focused,0.0,0.0,0.0,0.0,0.0,211.0,0.5,0.0
2hop__256336_714772,ace_focused_240,ace,focused,0.0,0.0,0.0,0.0,0.0,214.0,0.0,0.0
2hop__199513_801817,ace_focused_240,ace,focused,0.0,0.0,0.0,0.3463,0.5,231.0,0.5,0.0
2hop__391857_162018,ace_focused_240,ace,focused,0.0,0.0,0.0,0.1339,0.5,224.0,0.5,0.0
2hop__645448_77615,ace_focused_240,ace,focused,0.0,0.0,1.0,0.0,0.0,231.0,0.0,0.0
2hop__123104_77615,ace_focused_240,ace,focused,0.0,0.0,1.0,0.1398,0.5,236.0,1.0,1.0
2hop__701525_342810,ace_focused_240,ace,focused,0.0,0.0,0.0,0.0957,0.5,230.0,0.5,0.0
2hop__668407_683671,ace_focused_240,ace,focused,0.0,0.0,1.0,0.6207,1.0,203.0,1.0,1.0
2hop__286093_361551,ace_focused_240,ace,focused,0.0,0.0,0.0,0.2876,0.5,233.0,0.5,0.0
2hop__124592_402641,ace_focused_240,ace,focused,1.0,1.0,1.0,0.3744,1.0,227.0,1.0,1.0
2hop__256553_617289,ace_focused_240,ace,focused,0.0,0.0,1.0,0.3425,0.5,219.0,0.5,0.0
2hop__124412_402641,ace_focused_240,ace,focused,1.0,1.0,1.0,0.3739,1.0,222.0,1.0,1.0
2hop__706637_93362,ace_focused_240,ace,focused,0.0,0.0,0.0,0.0,0.0,235.0,0.0,0.0
2hop__780652_93362,ace_focused_240,ace,focused,0.0,0.0,0.0,0.1875,0.5,240.0,0.5,0.0
2hop__771727_93362,ace_focused_240,ace,focused,0.0,0.0,0.0,0.208,0.5,226.0,0.5,0.0
2hop__499003_853511,ace_focused_240,ace,focused,0.0,0.5,0.0,0.1204,0.5,216.0,0.5,0.0
2hop__822965_165304,ace_focused_240,ace,focused,0.0,0.0,0.0,0.087,0.5,230.0,0.5,0.0
2hop__156085_436709,ace_focused_240,ace,focused,0.0,0.4,1.0,0.0,0.0,234.0,0.5,0.0
2hop__31585_61048,ace_focused_240,ace,focused,0.0,0.8,1.0,0.1509,0.5,232.0,0.5,0.0
2hop__94507_654855,ace_focused_240,ace,focused,0.0,0.0,0.0,0.1134,0.5,238.0,0.0,0.0
2hop__82858_654855,ace_focused_240,ace,focused,1.0,1.0,1.0,0.0,0.0,239.0,0.0,0.0
2hop__62823_654855,ace_focused_240,ace,focused,0.0,0.6667,1.0,0.6713,1.0,216.0,0.5,0.0
2hop__827755_156034,ace_focused_240,ace,focused,0.0,0.0,0.0,0.383,0.5,235.0,0.5,0.0
2hop__800166_156034,ace_focused_240,ace,focused,0.0,0.0,0.0,0.1126,0.5,231.0,0.5,0.0
2hop__742831_156034,ace_focused_240,ace,focused,0.0,0.0,0.0,0.2594,0.5,239.0,0.5,0.0
2hop__50910_177869,ace_focused_240,ace,focused,1.0,1.0,1.0,0.1212,0.5,231.0,0.5,0.0
2hop__82270_177869,ace_focused_240,ace,focused,1.0,1.0,1.0,0.3376,0.5,237.0,0.5,0.0
2hop__76314_177869,ace_focused_240,ace,focused,1.0,1.0,1.0,0.0,0.0,234.0,1.0,1.0
2hop__401710_456439,ace_focused_240,ace,focused,0.0,0.0,0.0,0.1737,0.5,213.0,0.5,0.0
2hop__613959_135844,ace_focused_240,ace,focused,0.0,0.0,0.0,0.2194,0.5,237.0,0.5,0.0
2hop__258940_135844,ace_focused_240,ace,focused,0.0,0.0,0.0,0.0815,0.5,233.0,0.5,0.0
2hop__747894_135844,ace_focused_240,ace,focused,0.0,0.0,0.0,0.166,0.5,235.0,0.5,0.0
2hop__16581_16525,ace_focused_240,ace,focused,0.0,0.0,0.0,0.0,0.0,224.0,0.0,0.0
2hop__640262_122868,ace_focused_240,ace,focused,0.0,0.0,0.0,0.1381,0.5,239.0,0.5,0.0
2hop__632234_122868,ace_focused_240,ace,focused,0.0,0.0,0.0,0.1179,0.5,229.0,0.5,0.0
2hop__849534_122868,ace_focused_240,ace,focused,0.0,0.5,0.0,0.1463,0.5,205.0,0.5,0.0
2hop__83460_456238,ace_focused_240,ace,focused,0.0,0.0,0.0,0.1519,0.5,237.0,0.5,0.0
2hop__89991_58067,ace_focused_240,ace,focused,0.0,0.0,0.0,0.0,0.0,239.0,0.0,0.0
2hop__160223_58067,ace_focused_240,ace,focused,0.0,0.0,0.0,0.0,0.0,222.0,0.0,0.0
2hop__158010_58067,ace_focused_240,ace,focused,0.0,0.0,0.0,0.0,0.0,235.0,0.0,0.0
2hop__439614_349102,ace_focused_240,ace,focused,0.0,0.6667,1.0,0.3045,1.0,220.0,1.0,1.0
2hop__747758_58067,ace_focused_240,ace,focused,0.0,0.0,0.0,0.1381,0.5,239.0,0.0,0.0
2hop__77775_162341,ace_focused_240,ace,focused,0.0,0.7692,0.0,0.6853,0.5,232.0,0.5,0.0
2hop__55966_162341,ace_focused_240,ace,focused,0.0,0.0,0.0,0.0,0.0,234.0,0.0,0.0
2hop__43776_162341,ace_focused_240,ace,focused,0.0,0.3333,1.0,0.1486,0.5,222.0,0.5,0.0
2hop__703493_162341,ace_focused_240,ace,focused,0.0,0.0,0.0,0.575,0.5,240.0,0.5,0.0
2hop__153573_44085,ace_focused_240,ace,focused,0.0,0.0,0.0,0.0,0.0,215.0,0.5,0.0
2hop__153573_109006,ace_focused_240,ace,focused,0.0,0.0,1.0,0.163,0.5,227.0,0.5,0.0
2hop__153573_45901,ace_focused_240,ace,focused,0.0,0.0,1.0,0.1548,0.5,239.0,0.5,0.0
2hop__551235_310309,ace_focused_240,ace,focused,0.0,0.0,0.0,0.2667,0.5,225.0,0.5,0.0
2hop__7046_44085,ace_focused_240,ace,focused,0.0,0.0,0.0,0.3138,0.5,239.0,0.5,0.0
2hop__488811_30078,ace_focused_240,ace,focused,0.0,0.0,0.0,0.0,0.0,230.0,0.5,0.0
2hop__150866_11402,ace_focused_240,ace,focused,0.0,0.0,1.0,0.3442,1.0,215.0,1.0,1.0
2hop__488811_30113,ace_focused_240,ace,focused,0.0,0.0,0.0,0.1506,0.5,239.0,1.0,1.0
2hop__488811_30110,ace_focused_240,ace,focused,0.0,0.0,0.0,0.1055,0.5,237.0,0.5,0.0
2hop__257831_123283,ace_focused_240,ace,focused,0.0,0.0,0.0,0.1368,0.5,234.0,0.5,0.0
2hop__40270_11402,ace_focused_240,ace,focused,0.0,0.0,1.0,0.0,0.0,224.0,0.0,0.0
2hop__847433_11402,ace_focused_240,ace,focused,0.0,0.0,1.0,0.0,0.0,210.0,0.5,0.0
2hop__208602_11402,ace_focused_240,ace,focused,0.0,0.0,1.0,0.0,0.0,210.0,0.5,0.0
2hop__567471_123283,ace_focused_240,ace,focused,0.0,0.0,0.0,0.175,0.5,240.0,0.5,0.0
2hop__574496_123283,ace_focused_240,ace,focused,0.0,0.0,0.0,0.0,0.0,227.0,0.0,0.0
2hop__8347_8311,ace_focused_240,ace,focused,0.0,0.0,0.0,0.1308,1.0,237.0,1.0,1.0
2hop__71034_343058,ace_focused_240,ace,focused,0.0,0.0,0.0,0.1416,0.5,233.0,0.5,0.0
2hop__109131_343058,ace_focused_240,ace,focused,0.0,0.0,0.0,0.1667,0.5,240.0,0.5,0.0
2hop__56851_343058,ace_focused_240,ace,focused,0.0,0.0,0.0,0.308,0.5,237.0,0.5,0.0
2hop__14092_8311,ace_focused_240,ace,focused,0.0,0.0,0.0,0.0,0.0,218.0,0.0,0.0
2hop__422295_8311,ace_focused_240,ace,focused,0.0,0.0,0.0,0.2511,0.5,235.0,0.5,0.0
2hop__176712_8311,ace_focused_240,ace,focused,0.0,0.0,0.0,0.4083,0.5,240.0,0.5,0.0
2hop__159741_161674,ace_focused_240,ace,focused,0.0,0.0,0.0,0.2694,0.5,219.0,1.0,1.0
2hop__159741_40169,ace_focused_240,ace,focused,0.0,0.0,0.0,0.2179,0.5,234.0,1.0,1.0
2hop__88906_55840,ace_focused_240,ace,focused,1.0,1.0,1.0,0.2396,0.5,192.0,0.5,0.0
2hop__71755_463572,ace_focused_240,ace,focused,0.0,0.5,0.0,0.0,0.0,240.0,0.0,0.0
2hop__67956_463572,ace_focused_240,ace,focused,0.0,0.5,0.0,0.0,0.0,206.0,0.0,0.0
2hop__398344_85513,ace_focused_240,ace,focused,0.0,0.0,0.0,0.1229,0.5,236.0,0.5,0.0
2hop__42578_55840,ace_focused_240,ace,focused,1.0,1.0,1.0,0.2888,0.5,232.0,0.5,0.0
2hop__28203_55840,ace_focused_240,ace,focused,1.0,1.0,1.0,0.1903,0.5,226.0,0.5,0.0
2hop__64323_55840,ace_focused_240,ace,focused,1.0,1.0,1.0,0.0,0.0,223.0,0.5,0.0
2hop__85713_84469,ace_focused_240,ace,focused,0.0,0.0,0.0,0.0,0.0,225.0,0.0,0.0
2hop__79875_84469,ace_focused_240,ace,focused,0.0,0.0,0.0,0.1778,0.5,225.0,0.5,0.0
2hop__79875_72187,ace_focused_240,ace,focused,0.0,0.0,0.0,0.2689,0.5,238.0,0.5,0.0
2hop__85713_72187,ace_focused_240,ace,focused,0.0,0.0,0.0,0.0,0.0,211.0,0.5,0.0
2hop__204146_850295,ace_focused_240,ace,focused,0.0,0.0,0.0,0.2522,0.5,230.0,0.5,0.0
2hop__28287_89399,ace_focused_240,ace,focused,0.0,0.0,0.0,0.208,0.5,226.0,0.5,0.0
2hop__84103_345851,ace_focused_240,ace,focused,0.0,0.0,0.0,0.2512,0.5,211.0,0.5,0.0
2hop__142621_225454,ace_focused_240,ace,focused,0.0,0.5,0.0,0.2542,0.5,240.0,0.5,0.0
2hop__86689_728109,ace_focused_240,ace,focused,0.0,0.0,1.0,0.0,0.0,221.0,0.0,0.0
2hop__38828_89399,ace_focused_240,ace,focused,0.0,0.0,1.0,0.2282,0.5,206.0,0.5,0.0
2hop__587048_621800,ace_focused_240,ace,focused,0.0,0.0,0.0,0.1549,0.5,213.0,0.5,0.0
2hop__86458_20273,ace_focused_240,ace,focused,0.0,0.0,0.0,0.2338,1.0,231.0,1.0,1.0
2hop__609313_20273,ace_focused_240,ace,focused,0.0,0.0,0.0,0.1027,0.5,224.0,1.0,1.0
2hop__799936_20273,ace_focused_240,ace,focused,0.0,0.0,0.0,0.1711,0.5,228.0,0.5,0.0
2hop__13986_161674,ace_focused_240,ace,focused,1.0,1.0,1.0,0.3565,0.5,230.0,1.0,1.0
2hop__433694_20273,ace_focused_240,ace,focused,0.0,0.0,0.0,0.2176,0.5,239.0,0.5,0.0
2hop__13986_40169,ace_focused_240,ace,focused,1.0,1.0,1.0,0.1013,0.5,237.0,1.0,1.0
2hop__25344_88628,ace_focused_240,ace,focused,0.0,0.0,0.0,0.0,0.0,238.0,0.0,0.0
2hop__657913_88628,ace_focused_240,ace,focused,0.0,0.0,0.0,0.1368,0.5,234.0,0.0,0.0
2hop__734057_88628,ace_focused_240,ace,focused,0.0,0.0,0.0,0.3836,1.0,219.0,0.5,0.0
2hop__95878_88628,ace_focused_240,ace,focused,0.0,0.0,0.0,0.1261,0.5,238.0,0.5,0.0
2hop__726892_131968,ace_focused_240,ace,focused,0.0,0.0,0.0,0.0,0.0,231.0,0.5,0.0
2hop__693157_131890,ace_focused_240,ace,focused,0.0,0.0,0.0,0.0,0.0,218.0,0.0,0.0
2hop__611178_131968,ace_focused_240,ace,focused,0.0,0.0,0.0,0.2952,0.5,227.0,1.0,1.0
2hop__728969_131890,ace_focused_240,ace,focused,0.0,0.0,0.0,0.0985,0.5,203.0,0.0,0.0
2hop__30032_46621,ace_focused_240,ace,focused,0.0,0.0,1.0,0.1458,0.5,240.0,0.5,0.0
2hop__135822_46621,ace_focused_240,ace,focused,0.0,0.0,1.0,0.0,0.0,222.0,0.5,0.0
2hop__581084_828685,ace_focused_240,ace,focused,1.0,1.0,1.0,0.2857,1.0,238.0,1.0,1.0
2hop__40697_46621,ace_focused_240,ace,focused,0.0,0.0,0.0,0.0,0.0,238.0,0.5,0.0
2hop__157737_46621,ace_focused_240,ace,focused,0.0,0.0,0.0,0.1339,0.5,224.0,0.5,0.0
2hop__39063_212301,ace_focused_240,ace,focused,0.0,0.0,0.0,0.0,0.0,233.0,0.5,0.0
2hop__25396_593388,ace_focused_240,ace,focused,0.0,0.0,0.0,0.0,0.0,231.0,0.5,0.0
2hop__25396_212301,ace_focused_240,ace,focused,0.0,0.0,0.0,0.2803,0.5,239.0,0.5,0.0
2hop__39063_593388,ace_focused_240,ace,focused,0.0,0.0,0.0,0.3871,0.5,217.0,0.5,0.0
2hop__153532_72380,ace_focused_240,ace,focused,0.0,0.0,0.0,0.2661,0.5,218.0,0.5,0.0
2hop__619265_72380,ace_focused_240,ace,focused,0.0,0.0,0.0,0.0,0.0,222.0,0.5,0.0
2hop__37765_85990,ace_focused_240,ace,focused,0.0,0.0,0.0,0.0,0.0,238.0,0.0,0.0
2hop__623501_297043,ace_focused_240,ace,focused,0.0,0.5,0.0,0.2165,0.5,231.0,0.5,0.0
2hop__46550_85990,ace_focused_240,ace,focused,0.0,0.0,0.0,0.1116,0.5,224.0,0.5,0.0
2hop__30741_85990,ace_focused_240,ace,focused,0.0,0.0,0.0,0.0,0.0,213.0,0.0,0.0
2hop__66149_85990,ace_focused_240,ace,focused,0.0,0.0,1.0,0.3898,1.0,236.0,0.5,0.0
2hop__216535_370666,ace_focused_240,ace,focused,0.0,0.0,0.0,0.16,0.5,225.0,0.5,0.0
2hop__846388_19320,ace_focused_240,ace,focused,0.0,0.0,0.0,0.0,0.0,217.0,0.5,0.0
2hop__91211_90973,ace_focused_240,ace,focused,1.0,1.0,1.0,0.2259,0.5,239.0,0.5,0.0
2hop__48033_90973,ace_focused_240,ace,focused,0.0,0.0,1.0,0.0,0.0,238.0,0.0,0.0
2hop__64175_90973,ace_focused_240,ace,focused,0.0,0.0,1.0,0.2983,0.5,238.0,0.5,0.0
2hop__50936_90973,ace_focused_240,ace,focused,0.0,0.0,1.0,0.485,0.5,233.0,0.5,0.0
2hop__599396_19320,ace_focused_240,ace,focused,1.0,1.0,1.0,0.0,0.0,222.0,0.0,0.0
2hop__365236_19320,ace_focused_240,ace,focused,0.0,0.0,0.0,0.1949,0.5,236.0,0.5,0.0
2hop__685045_19320,ace_focused_240,ace,focused,1.0,1.0,1.0,0.5307,1.0,228.0,1.0,1.0
2hop__30384_30351,ace_focused_240,ace,focused,0.0,0.0,1.0,0.0,0.0,233.0,1.0,1.0
2hop__555792_30351,ace_focused_240,ace,focused,0.0,0.0,1.0,0.2642,0.5,212.0,0.5,0.0
2hop__431934_30351,ace_focused_240,ace,focused,0.0,0.0,1.0,0.179,0.5,229.0,0.5,0.0
2hop__708145_30351,ace_focused_240,ace,focused,0.0,0.0,1.0,0.4273,1.0,227.0,1.0,1.0
2hop__837900_71701,ace_focused_240,ace,focused,0.0,0.0,1.0,0.1552,0.5,232.0,0.5,0.0
2hop__278022_71701,ace_focused_240,ace,focused,0.0,0.0,0.0,0.2694,0.5,219.0,0.0,0.0
2hop__10122_18974,ace_focused_240,ace,focused,0.0,0.0,1.0,0.5702,1.0,228.0,1.0,1.0
2hop__370564_71701,ace_focused_240,ace,focused,0.0,0.0,0.0,0.0876,0.5,217.0,0.5,0.0
2hop__753260_71701,ace_focused_240,ace,focused,0.0,0.0,0.0,0.0981,0.5,214.0,0.5,0.0
2hop__631024_18974,ace_focused_240,ace,focused,1.0,1.0,1.0,0.262,0.5,229.0,1.0,1.0
2hop__36747_18974,ace_focused_240,ace,focused,0.0,0.5,1.0,0.3149,0.5,235.0,0.5,0.0
2hop__10017_18974,ace_focused_240,ace,focused,0.0,0.0,1.0,0.0,0.0,219.0,0.5,0.0
2hop__810411_159673,ace_focused_240,ace,focused,0.0,0.0,0.0,0.2269,0.5,238.0,0.5,0.0
2hop__96062_159673,ace_focused_240,ace,focused,0.0,0.0,0.0,0.0617,0.5,227.0,0.5,0.0
2hop__203985_524737,ace_focused_240,ace,focused,0.0,0.4,0.0,0.1055,0.5,237.0,0.5,0.0
2hop__77832_159673,ace_focused_240,ace,focused,0.0,0.0,0.0,0.7249,0.5,229.0,0.5,0.0
2hop__527400_159673,ace_focused_240,ace,focused,0.0,0.0,0.0,0.1719,0.5,221.0,0.5,0.0
2hop__766973_770570,ace_focused_240,ace,focused,0.0,0.5,0.0,0.0886,0.5,237.0,0.5,0.0
2hop__13592_49388,ace_focused_240,ace,focused,0.0,0.0,0.0,0.0,0.0,237.0,0.5,0.0
2hop__34495_85544,ace_focused_240,ace,focused,0.0,0.0,0.0,0.0,0.0,226.0,0.5,0.0
2hop__34495_49388,ace_focused_240,ace,focused,0.0,0.0,0.0,0.3805,0.5,226.0,0.5,0.0
2hop__13592_85544,ace_focused_240,ace,focused,0.0,0.0,0.0,0.5085,0.5,236.0,0.5,0.0
2hop__506035_325512,ace_focused_240,ace,focused,0.0,0.0,0.0,0.4978,0.5,223.0,0.5,0.0
2hop__107690_124896,ace_focused_240,ace,focused,0.0,0.5,0.0,0.5299,0.5,234.0,0.5,0.0
2hop__507722_124896,ace_focused_240,ace,focused,0.0,0.0,0.0,0.2348,0.5,230.0,0.5,0.0
2hop__107548_124896,ace_focused_240,ace,focused,0.0,0.0,0.0,0.2478,0.5,226.0,0.5,0.0
2hop__754682_730690,ace_focused_240,ace,focused,0.0,0.0,0.0,0.0,0.0,229.0,0.0,0.0
2hop__68590_27619,ace_focused_240,ace,focused,0.0,0.0,0.0,0.3774,1.0,212.0,1.0,1.0
2hop__269076_449113,ace_focused_240,ace,focused,0.0,0.0,0.0,0.0,0.0,239.0,0.0,0.0
2hop__27650_27619,ace_focused_240,ace,focused,0.0,0.0,0.0,0.0,0.0,239.0,0.0,0.0
2hop__68590_27628,ace_focused_240,ace,focused,0.0,0.0,0.0,0.342,1.0,231.0,1.0,1.0
2hop__809785_606637,ace_focused_240,ace,focused,0.0,0.0,0.0,0.2196,0.5,214.0,0.5,0.0
2hop__27650_27628,ace_focused_240,ace,focused,0.0,0.0,0.0,0.0,0.0,228.0,0.0,0.0
2hop__656411_345851,ace_focused_240,ace,focused,1.0,1.0,1.0,0.2545,0.5,224.0,1.0,1.0
2hop__24661_66233,ace_focused_240,ace,focused,0.0,0.0,1.0,0.2101,0.5,238.0,0.5,0.0
2hop__329676_119915,ace_focused_240,ace,focused,0.0,0.0,0.0,0.2132,0.5,197.0,0.5,0.0
2hop__539184_119915,ace_focused_240,ace,focused,0.0,0.0,0.0,0.5714,0.5,231.0,0.5,0.0
2hop__26642_81961,ace_focused_240,ace,focused,0.0,0.4,0.0,0.0,0.0,239.0,0.5,0.0
2hop__24661_81961,ace_focused_240,ace,focused,0.0,0.3333,0.0,0.0,0.0,213.0,0.0,0.0
2hop__233551_746883,ace_focused_240,ace,focused,0.0,0.0,0.0,0.1121,0.5,223.0,0.5,0.0
2hop__26642_66233,ace_focused_240,ace,focused,0.0,0.0,0.0,0.1435,0.5,223.0,0.5,0.0
2hop__124933_653666,ace_focused_240,ace,focused,0.0,0.3333,1.0,0.1772,0.5,237.0,1.0,1.0
2hop__76402_653666,ace_focused_240,ace,focused,0.0,0.3333,1.0,0.0,0.0,232.0,0.5,0.0
2hop__73717_653666,ace_focused_240,ace,focused,1.0,1.0,1.0,0.3435,0.5,230.0,1.0,1.0
2hop__252521_80650,ace_focused_240,ace,focused,0.0,0.0,1.0,0.634,1.0,235.0,1.0,1.0
2hop__538735_3296,ace_focused_240,ace,focused,0.0,0.0,1.0,0.3303,1.0,221.0,0.5,0.0
2hop__538735_3299,ace_focused_240,ace,focused,0.0,0.5,0.0,0.0,0.0,240.0,0.0,0.0
2hop__811015_3300,ace_focused_240,ace,focused,0.0,0.0,0.0,0.1806,0.5,216.0,0.5,0.0
2hop__3131_3300,ace_focused_240,ace,focused,0.0,0.0,0.0,0.0,0.0,231.0,0.0,0.0
2hop__143915_68489,ace_focused_240,ace,focused,0.0,0.0,0.0,0.1739,0.5,230.0,0.5,0.0
2hop__593688_292889,ace_focused_240,ace,focused,0.0,0.0,0.0,0.0873,0.5,229.0,0.5,0.0
2hop__598467_68489,ace_focused_240,ace,focused,0.0,0.0,0.0,0.0,0.0,223.0,0.5,0.0
2hop__142842_68489,ace_focused_240,ace,focused,0.0,0.0,0.0,0.0,0.0,236.0,0.5,0.0
2hop__230022_68489,ace_focused_240,ace,focused,0.0,0.0,0.0,0.1889,0.5,217.0,0.5,0.0
2hop__78756_198548,ace_focused_240,ace,focused,0.0,0.0,0.0,0.2328,0.5,232.0,0.5,0.0
2hop__47808_198548,ace_focused_240,ace,focused,0.0,0.0,0.0,0.3376,0.5,234.0,0.5,0.0
2hop__70584_198548,ace_focused_240,ace,focused,0.0,0.0,0.0,0.1841,0.5,239.0,0.5,0.0
2hop__84172_198548,ace_focused_240,ace,focused,0.0,0.0,0.0,0.16,0.5,225.0,0.5,0.0
2hop__415518_616002,ace_focused_240,ace,focused,0.0,0.0,0.0,0.1842,0.5,228.0,0.5,0.0
2hop__75207_46837,ace_focused_240,ace,focused,0.0,0.0,1.0,0.0,0.0,238.0,0.0,0.0
2hop__75207_7363,ace_focused_240,ace,focused,0.0,0.0,0.0,0.0,0.0,235.0,0.0,0.0
2hop__671664_646310,ace_focused_240,ace,focused,0.0,0.0,0.0,0.0921,0.5,228.0,0.5,0.0
2hop__75207_365216,ace_focused_240,ace,focused,0.0,0.6667,1.0,0.1034,0.5,232.0,0.5,0.0
2hop__75207_53316,ace_focused_240,ace,focused,0.0,0.0,0.0,0.0,0.0,225.0,0.0,0.0
2hop__736167_74735,ace_focused_240,ace,focused,1.0,1.0,1.0,0.183,0.5,235.0,0.0,0.0
2hop__384238_74735,ace_focused_240,ace,focused,1.0,1.0,1.0,0.0,0.0,209.0,0.0,0.0
2hop__763380_74735,ace_focused_240,ace,focused,0.0,0.0,1.0,0.1696,0.5,230.0,0.5,0.0
2hop__789398_74735,ace_focused_240,ace,focused,0.0,0.0,1.0,0.1795,0.5,234.0,0.5,0.0
2hop__30905_213732,ace_focused_240,ace,focused,0.0,0.0,0.0,0.0,0.0,231.0,0.5,0.0
2hop__44522_58556,ace_focused_240,ace,focused,0.0,0.2222,0.0,0.0,0.0,231.0,0.0,0.0
2hop__58939_189318,ace_focused_240,ace,focused,0.0,0.0,0.0,0.0,0.0,230.0,0.0,0.0
2hop__58939_213732,ace_focused_240,ace,focused,0.0,0.0,0.0,0.0,0.0,230.0,0.0,0.0
2hop__30905_189318,ace_focused_240,ace,focused,0.0,0.0,1.0,0.3932,0.5,234.0,1.0,1.0
2hop__16446_58556,ace_focused_240,ace,focused,0.0,0.0,0.0,0.0,0.0,240.0,0.0,0.0
2hop__35686_58556,ace_focused_240,ace,focused,0.0,0.4,0.0,0.0,0.0,236.0,0.0,0.0
2hop__723404_58556,ace_focused_240,ace,focused,0.0,0.0,0.0,0.2275,0.5,233.0,0.5,0.0
2hop__95773_51329,ace_focused_240,ace,focused,0.0,0.0,0.0,0.0875,0.5,240.0,0.5,0.0
2hop__696442_51329,ace_focused_240,ace,focused,0.0,0.0,0.0,0.0,0.0,230.0,0.0,0.0
2hop__591435_51329,ace_focused_240,ace,focused,0.0,0.0,0.0,0.2035,0.5,231.0,0.5,0.0
2hop__753715_51329,ace_focused_240,ace,focused,0.0,0.0,0.0,0.1417,0.5,240.0,0.5,0.0
2hop__142443_768138,ace_focused_240,ace,focused,0.0,0.0,0.0,0.1831,0.5,213.0,0.5,0.0
2hop__37097_53663,ace_focused_240,ace,focused,0.0,0.0,0.0,0.2556,0.5,223.0,0.5,0.0
2hop__82669_768138,ace_focused_240,ace,focused,0.0,0.0,0.0,0.2821,0.5,234.0,0.5,0.0
2hop__63982_768138,ace_focused_240,ace,focused,0.0,0.0,0.0,0.0,0.0,234.0,0.0,0.0
2hop__2416_53663,ace_focused_240,ace,focused,0.0,0.0,0.0,0.2609,0.5,230.0,0.5,0.0
2hop__678516_179720,ace_focused_240,ace,focused,0.0,0.0,0.0,0.2704,0.5,233.0,0.5,0.0
2hop__39954_80940,ace_focused_240,ace,focused,0.0,0.5714,0.0,0.2267,0.5,225.0,0.5,0.0
2hop__39954_80303,ace_focused_240,ace,focused,0.0,0.0,1.0,0.443,1.0,237.0,1.0,1.0
2hop__39954_65371,ace_focused_240,ace,focused,0.0,0.0,0.0,0.244,0.5,209.0,0.5,0.0
2hop__385392_756039,ace_focused_240,ace,focused,0.0,0.0,0.0,0.1552,0.5,232.0,0.5,0.0
2hop__557743_92763,ace_focused_240,ace,focused,0.0,0.0,0.0,0.1472,0.5,231.0,0.5,0.0
2hop__403060_92763,ace_focused_240,ace,focused,1.0,1.0,1.0,0.1471,0.5,238.0,1.0,1.0
2hop__29349_92763,ace_focused_240,ace,focused,0.0,0.0,0.0,0.2176,0.5,239.0,0.5,0.0
2hop__267938_92763,ace_focused_240,ace,focused,0.0,0.0,0.0,0.3096,0.5,239.0,0.0,0.0
2hop__142198_152093,ace_focused_240,ace,focused,0.0,0.0,0.0,0.1689,0.5,225.0,0.5,0.0
2hop__632161_643449,ace_focused_240,ace,focused,0.0,0.0,0.0,0.2328,0.5,232.0,0.5,0.0
2hop__170914_152093,ace_focused_240,ace,focused,0.0,0.0,0.0,0.2692,0.5,234.0,0.5,0.0
2hop__705035_152093,ace_focused_240,ace,focused,0.0,0.0,0.0,0.0925,0.5,227.0,0.5,0.0
2hop__143650_152023,ace_focused_240,ace,focused,0.0,0.3333,0.0,0.2198,0.5,232.0,0.5,0.0
2hop__203437_152093,ace_focused_240,ace,focused,0.0,0.0,0.0,0.0925,0.5,227.0,0.5,0.0
2hop__559273_152023,ace_focused_240,ace,focused,0.0,0.3333,0.0,0.1102,0.5,236.0,0.5,0.0
2hop__374767_152023,ace_focused_240,ace,focused,0.0,0.0,0.0,0.176,0.5,233.0,0.5,0.0
2hop__409166_152023,ace_focused_240,ace,focused,0.0,0.3333,0.0,0.1467,0.5,225.0,0.5,0.0
2hop__48784_70131,ace_focused_240,ace,focused,0.0,0.0,0.0,0.0,0.0,238.0,0.0,0.0
2hop__452580_70131,ace_focused_240,ace,focused,0.0,0.0,0.0,0.3173,0.5,208.0,0.5,0.0
2hop__464479_70131,ace_focused_240,ace,focused,0.0,0.0,1.0,0.3333,1.0,225.0,1.0,1.0
2hop__552546_70131,ace_focused_240,ace,focused,0.0,0.0,0.0,0.2624,0.5,221.0,0.5,0.0
2hop__124807_135019,ace_focused_240,ace,focused,0.0,0.0,0.0,0.2364,0.5,220.0,0.5,0.0
2hop__605207_135019,ace_focused_240,ace,focused,0.0,0.0,0.0,0.0,0.0,238.0,0.0,0.0
2hop__271045_68633,ace_focused_240,ace,focused,0.0,0.0,0.0,0.125,0.5,240.0,0.5,0.0
2hop__645367_68633,ace_focused_240,ace,focused,0.0,0.0,0.0,0.4708,0.5,240.0,0.5,0.0
2hop__853227_68633,ace_focused_240,ace,focused,0.0,0.0,0.0,0.146,0.5,226.0,0.5,0.0
2hop__374495_68633,ace_focused_240,ace,focused,0.0,0.0,0.0,0.2288,0.5,236.0,0.5,0.0
2hop__391873_88622,ace_focused_240,ace,focused,0.0,0.0,0.0,0.1949,0.5,236.0,0.5,0.0
2hop__315246_88622,ace_focused_240,ace,focused,0.0,0.0,0.0,0.1639,0.5,238.0,0.5,0.0
2hop__498061_88622,ace_focused_240,ace,focused,0.0,0.0,0.0,0.2941,0.5,238.0,0.5,0.0
2hop__554145_88622,ace_focused_240,ace,focused,0.0,0.0,0.0,0.2857,0.5,238.0,0.5,0.0
2hop__66708_573255,ace_focused_240,ace,focused,0.0,0.0,0.0,0.0,0.0,238.0,0.5,0.0
2hop__49887_573255,ace_focused_240,ace,focused,0.0,0.0,0.0,0.2345,0.5,226.0,0.5,0.0
2hop__126188_396277,ace_focused_240,ace,focused,1.0,1.0,1.0,0.2069,0.5,232.0,1.0,1.0
2hop__126306_396277,ace_focused_240,ace,focused,0.0,0.0,0.0,0.1065,0.5,216.0,0.5,0.0
2hop__126299_396277,ace_focused_240,ace,focused,0.0,0.0,0.0,0.0,0.0,205.0,0.0,0.0
2hop__77518_548781,ace_focused_240,ace,focused,0.0,0.0,0.0,0.547,0.5,234.0,0.5,0.0
2hop__53175_548781,ace_focused_240,ace,focused,0.0,0.0,0.0,0.1429,0.5,224.0,0.0,0.0
2hop__613779_55984,ace_focused_240,ace,focused,1.0,1.0,1.0,0.1308,0.5,214.0,0.5,0.0
2hop__559076_55984,ace_focused_240,ace,focused,1.0,1.0,1.0,0.4397,0.5,232.0,1.0,1.0
2hop__275891_55984,ace_focused_240,ace,focused,1.0,1.0,1.0,0.3623,1.0,207.0,0.5,0.0
2hop__435087_55984,ace_focused_240,ace,focused,1.0,1.0,1.0,0.3405,1.0,232.0,1.0,1.0
2hop__21991_43945,ace_focused_240,ace,focused,0.0,0.1053,0.0,0.372,1.0,207.0,0.5,0.0
2hop__269766_43945,ace_focused_240,ace,focused,0.0,0.6154,0.0,0.2174,0.5,230.0,0.5,0.0
2hop__170341_43945,ace_focused_240,ace,focused,0.0,0.1053,0.0,0.401,1.0,207.0,0.5,0.0
2hop__69765_43945,ace_focused_240,ace,focused,0.0,0.0,0.0,0.3186,1.0,226.0,1.0,1.0
2hop__414193_176917,ace_focused_240,ace,focused,0.0,0.0,0.0,0.2134,0.5,239.0,0.5,0.0
2hop__2416_86208,ace_focused_240,ace,focused,0.0,0.0,0.0,0.0,0.0,234.0,0.0,0.0
2hop__37097_86208,ace_focused_240,ace,focused,0.0,0.0,0.0,0.4895,0.5,237.0,0.5,0.0
2hop__231805_514393,ace_focused_240,ace,focused,0.0,0.0,0.0,0.3208,0.5,240.0,0.5,0.0
2hop__16581_16569,ace_focused_240,ace,focused,0.0,0.0,0.0,0.0,0.0,235.0,0.0,0.0
2hop__156044_57816,ace_focused_240,ace,focused,1.0,1.0,1.0,0.0,0.0,215.0,0.5,0.0
2hop__754753_57816,ace_focused_240,ace,focused,1.0,1.0,1.0,0.1549,0.5,213.0,0.5,0.0
2hop__510679_57816,ace_focused_240,ace,focused,1.0,1.0,1.0,0.2373,0.5,236.0,0.5,0.0
2hop__663184_57816,ace_focused_240,ace,focused,1.0,1.0,1.0,0.1116,0.5,215.0,1.0,1.0
2hop__47071_162399,ace_focused_240,ace,focused,0.0,0.0,0.0,0.0,0.0,235.0,0.5,0.0
2hop__580231_162399,ace_focused_240,ace,focused,1.0,1.0,1.0,0.2971,1.0,239.0,1.0,1.0
2hop__619265_45326,ace_focused_240,ace,focused,0.0,0.0,0.0,0.2762,0.5,210.0,0.5,0.0
2hop__153532_45326,ace_focused_240,ace,focused,0.0,0.0,0.0,0.1762,0.5,210.0,0.5,0.0
2hop__455392_40315,ace_focused_240,ace,focused,0.0,0.0,0.0,0.4141,0.5,227.0,1.0,1.0
2hop__763840_144857,ace_focused_240,ace,focused,0.0,0.0,0.0,0.0802,0.5,237.0,0.5,0.0
2hop__227031_144857,ace_focused_240,ace,focused,0.0,0.0,0.0,0.0,0.0,216.0,0.0,0.0
2hop__168816_144857,ace_focused_240,ace,focused,0.0,0.0,0.0,0.1674,0.5,233.0,0.5,0.0
2hop__312223_144857,ace_focused_240,ace,focused,0.0,0.0,0.0,0.1511,0.5,225.0,0.5,0.0
2hop__85463_66122,ace_focused_240,ace,focused,0.0,0.0,0.0,0.0,0.0,240.0,0.5,0.0
2hop__289517_139339,ace_focused_240,ace,focused,0.0,0.0,0.0,0.0,0.0,221.0,0.5,0.0
2hop__507528_139339,ace_focused_240,ace,focused,0.0,0.0,0.0,0.1956,0.5,225.0,0.5,0.0
2hop__85463_54688,ace_focused_240,ace,focused,0.0,0.6667,0.0,0.0,0.0,238.0,0.0,0.0
2hop__669160_139339,ace_focused_240,ace,focused,0.0,0.0,0.0,0.2189,0.5,233.0,0.5,0.0
2hop__332453_139339,ace_focused_240,ace,focused,0.0,0.0,0.0,0.2329,0.5,219.0,0.5,0.0
2hop__85463_50252,ace_focused_240,ace,focused,0.0,0.0,1.0,0.0,0.0,238.0,0.5,0.0
2hop__85463_33311,ace_focused_240,ace,focused,0.0,0.0,0.0,0.0,0.0,228.0,0.5,0.0
2hop__60229_38663,ace_focused_240,ace,focused,0.0,0.0,1.0,0.2522,0.5,226.0,0.5,0.0
2hop__706038_14251,ace_focused_240,ace,focused,0.0,0.0,0.0,0.3596,0.5,228.0,1.0,1.0
2hop__821368_14251,ace_focused_240,ace,focused,0.0,0.0,0.0,0.4744,1.0,234.0,1.0,1.0
2hop__857585_14251,ace_focused_240,ace,focused,0.0,0.0,0.0,0.2881,0.5,236.0,1.0,1.0
2hop__60229_1783,ace_focused_240,ace,focused,0.0,0.0,0.0,0.0,0.0,235.0,0.0,0.0
2hop__83405_158262,ace_focused_240,ace,focused,0.0,0.0,1.0,0.0,0.0,235.0,0.0,0.0
2hop__57543_158262,ace_focused_240,ace,focused,0.0,0.0,1.0,0.2042,0.5,240.0,0.5,0.0
2hop__62020_158262,ace_focused_240,ace,focused,0.0,0.0,1.0,0.2358,0.5,229.0,0.5,0.0
2hop__358582_189042,ace_focused_240,ace,focused,0.0,0.4,0.0,0.2,0.5,240.0,0.5,0.0
2hop__450600_158262,ace_focused_240,ace,focused,0.0,0.0,1.0,0.2669,0.5,236.0,0.5,0.0
2hop__78401_158262,ace_focused_240,ace,focused,0.0,0.0,0.0,0.0,0.0,240.0,0.0,0.0
2hop__121145_561444,ace_focused_240,ace,focused,0.0,0.0,0.0,0.1762,0.5,227.0,0.5,0.0
2hop__125412_544665,ace_focused_240,ace,focused,0.0,0.0,0.0,0.2191,0.5,178.0,0.5,0.0
2hop__135668_561444,ace_focused_240,ace,focused,0.0,0.0,1.0,0.1921,0.5,229.0,1.0,1.0
2hop__144317_120065,ace_focused_240,ace,focused,0.0,0.0,0.0,0.2112,0.5,232.0,0.5,0.0
2hop__451574_120065,ace_focused_240,ace,focused,0.0,0.0,0.0,0.1459,0.5,233.0,0.5,0.0
2hop__159146_120065,ace_focused_240,ace,focused,0.0,0.0,0.0,0.0,0.0,231.0,0.0,0.0
2hop__123166_47134,ace_focused_240,ace,focused,0.0,0.0,0.0,0.2468,0.5,231.0,0.5,0.0
2hop__326404_120065,ace_focused_240,ace,focused,0.0,0.0,0.0,0.141,0.5,234.0,0.5,0.0
2hop__123545_47134,ace_focused_240,ace,focused,1.0,1.0,1.0,0.4268,0.5,239.0,0.5,0.0
2hop__107905_110222,ace_focused_240,ace,focused,0.0,0.0,0.0,0.2328,0.5,232.0,0.5,0.0
2hop__351045_47134,ace_focused_240,ace,focused,0.0,0.0,0.0,0.3378,0.5,222.0,0.5,0.0
2hop__347652_47134,ace_focused_240,ace,focused,1.0,1.0,1.0,0.513,0.5,193.0,0.5,0.0
2hop__846844_47134,ace_focused_240,ace,focused,0.0,0.0,0.0,0.5758,0.5,231.0,0.5,0.0
2hop__107601_110222,ace_focused_240,ace,focused,0.0,0.6667,1.0,0.1283,0.5,226.0,0.5,0.0
2hop__175168_110222,ace_focused_240,ace,focused,0.0,0.0,0.0,0.1807,0.5,238.0,0.5,0.0
2hop__503085_110222,ace_focused_240,ace,focused,0.0,0.5,1.0,0.5714,1.0,231.0,1.0,1.0
2hop__293131_110222,ace_focused_240,ace,focused,0.0,0.0,0.0,0.0,0.0,228.0,0.0,0.0
2hop__46376_158105,ace_focused_240,ace,focused,0.0,0.125,0.0,0.2468,0.5,231.0,0.5,0.0
2hop__13106_158105,ace_focused_240,ace,focused,0.0,0.0,1.0,0.354,0.5,226.0,0.5,0.0
2hop__55552_158105,ace_focused_240,ace,focused,1.0,1.0,1.0,0.2961,1.0,233.0,1.0,1.0
2hop__417937_158105,ace_focused_240,ace,focused,0.0,0.0,0.0,0.1953,0.5,215.0,0.5,0.0
2hop__85455_158105,ace_focused_240,ace,focused,0.0,0.0,0.0,0.1794,0.5,223.0,0.5,0.0
2hop__73615_16848,ace_focused_240,ace,focused,0.0,0.0,0.0,0.0,0.0,230.0,0.5,0.0
2hop__73615_42173,ace_focused_240,ace,focused,0.0,0.0,0.0,0.3522,0.5,230.0,0.5,0.0
2hop__238499_431914,ace_focused_240,ace,focused,0.0,0.0,1.0,0.4299,1.0,221.0,1.0,1.0
2hop__16844_42173,ace_focused_240,ace,focused,0.0,0.0,0.0,0.0,0.0,234.0,0.5,0.0
2hop__311931_417706,ace_focused_240,ace,focused,0.0,0.5,0.0,0.1624,0.5,234.0,0.5,0.0
2hop__16844_20510,ace_focused_240,ace,focused,0.0,0.0,0.0,0.0,0.0,234.0,0.5,0.0
2hop__73615_20510,ace_focused_240,ace,focused,0.0,0.0,0.0,0.0,0.0,230.0,0.5,0.0
2hop__593397_224832,ace_focused_240,ace,focused,1.0,1.0,1.0,0.1404,0.5,228.0,0.5,0.0
2hop__156658_155922,ace_focused_240,ace,focused,0.0,0.0,0.0,0.1122,0.5,205.0,0.5,0.0
2hop__814408_155922,ace_focused_240,ace,focused,0.0,0.0,0.0,0.0,0.0,237.0,0.5,0.0
2hop__155781_155922,ace_focused_240,ace,focused,0.0,0.0,0.0,0.0,0.0,180.0,0.5,0.0
2hop__81682_707195,ace_focused_240,ace,focused,0.0,0.0,1.0,0.1149,0.5,235.0,0.5,0.0
2hop__852657_155922,ace_focused_240,ace,focused,1.0,1.0,1.0,0.3476,1.0,233.0,1.0,1.0
2hop__149862_108549,ace_focused_240,ace,focused,0.0,0.0,0.0,0.1897,0.5,232.0,0.5,0.0
2hop__669456_108549,ace_focused_240,ace,focused,0.0,0.0,0.0,0.3291,0.5,237.0,0.5,0.0
2hop__358270_108549,ace_focused_240,ace,focused,0.0,0.0,0.0,0.1504,0.5,226.0,0.0,0.0
2hop__149983_108549,ace_focused_240,ace,focused,0.0,0.0,0.0,0.0,0.0,219.0,0.0,0.0
2hop__608902_653666,ace_focused_240,ace,focused,0.0,0.0,0.0,0.105,0.5,238.0,0.5,0.0
2hop__149710_108549,ace_focused_240,ace,focused,0.0,0.0,1.0,0.1806,0.5,216.0,1.0,1.0
2hop__61664_786853,ace_focused_240,ace,focused,0.0,0.0,0.0,0.2152,0.5,223.0,0.0,0.0
2hop__60686_229757,ace_focused_240,ace,focused,0.0,0.0,0.0,0.2522,0.5,230.0,0.5,0.0
2hop__55032_786853,ace_focused_240,ace,focused,0.0,0.0,0.0,0.2152,0.5,223.0,0.0,0.0
2hop__67660_158861,ace_focused_240,ace,focused,0.0,0.0,1.0,0.0,0.0,234.0,0.0,0.0
2hop__63483_786853,ace_focused_240,ace,focused,0.0,0.0,0.0,0.0,0.0,217.0,0.5,0.0
2hop__67660_81007,ace_focused_240,ace,focused,1.0,1.0,1.0,0.0,0.0,234.0,0.0,0.0
2hop__825727_584042,ace_focused_240,ace,focused,0.0,0.0,0.0,0.1606,0.5,218.0,0.5,0.0
2hop__91667_67223,ace_focused_240,ace,focused,0.0,0.5,0.0,0.3875,0.5,240.0,0.5,0.0
2hop__91667_81007,ace_focused_240,ace,focused,0.0,0.0,1.0,0.2966,0.5,236.0,0.0,0.0
2hop__245835_762148,ace_focused_240,ace,focused,0.0,0.0,0.0,0.1759,0.5,216.0,0.5,0.0
2hop__67660_67223,ace_focused_240,ace,focused,0.0,0.5,0.0,0.0,0.0,231.0,0.0,0.0
2hop__152052_141308,ace_focused_240,ace,focused,0.0,0.5,1.0,0.2429,0.5,210.0,0.5,0.0
2hop__151705_141308,ace_focused_240,ace,focused,0.0,0.0,1.0,0.0,0.0,228.0,0.5,0.0
2hop__501624_181960,ace_focused_240,ace,focused,0.0,0.0,0.0,0.1171,0.5,222.0,0.5,0.0
2hop__152700_141308,ace_focused_240,ace,focused,0.0,0.5,1.0,0.4977,1.0,219.0,1.0,1.0
2hop__596188_297986,ace_focused_240,ace,focused,0.0,0.4,0.0,0.125,0.5,240.0,0.5,0.0
2hop__151750_141308,ace_focused_240,ace,focused,0.0,0.5,1.0,0.4933,1.0,225.0,1.0,1.0
2hop__152027_141308,ace_focused_240,ace,focused,0.0,0.0,0.0,0.27,0.5,237.0,0.5,0.0
2hop__157498_127908,ace_focused_240,ace,focused,1.0,1.0,0.0,0.2719,0.5,217.0,0.5,0.0
2hop__179149_396277,ace_focused_240,ace,focused,0.0,0.0,0.0,0.3231,0.5,229.0,0.5,0.0
2hop__448615_127908,ace_focused_240,ace,focused,1.0,1.0,1.0,0.3839,1.0,211.0,0.5,0.0
2hop__423874_128023,ace_focused_240,ace,focused,0.0,0.4444,0.0,0.2675,0.5,228.0,0.5,0.0
2hop__108158_83769,ace_focused_240,ace,focused,0.0,0.0,0.0,0.1915,0.5,235.0,0.5,0.0
2hop__72118_83769,ace_focused_240,ace,focused,0.0,0.0,0.0,0.0,0.0,238.0,0.0,0.0
2hop__72686_83769,ace_focused_240,ace,focused,0.0,0.0,0.0,0.1004,0.5,239.0,0.5,0.0
2hop__424908_500483,ace_focused_240,ace,focused,0.0,0.0,1.0,0.4832,1.0,149.0,1.0,1.0
2hop__646573_83769,ace_focused_240,ace,focused,0.0,0.0,0.0,0.1915,0.5,235.0,0.5,0.0
2hop__169443_83769,ace_focused_240,ace,focused,0.0,0.0,0.0,0.2264,0.5,212.0,0.5,0.0
2hop__394720_120259,ace_focused_240,ace,focused,0.0,0.0,0.0,0.2294,0.5,218.0,0.5,0.0
2hop__88953_64006,ace_focused_240,ace,focused,0.0,0.0,0.0,0.0,0.0,218.0,0.5,0.0
2hop__315072_120259,ace_focused_240,ace,focused,0.0,0.0,0.0,0.0,0.0,233.0,0.0,0.0
2hop__511454_120259,ace_focused_240,ace,focused,0.0,0.0,0.0,0.0,0.0,231.0,0.0,0.0
2hop__603365_120259,ace_focused_240,ace,focused,0.0,0.0,0.0,0.3174,0.5,230.0,0.5,0.0
2hop__5190_64006,ace_focused_240,ace,focused,0.0,0.0,1.0,0.2232,0.5,233.0,0.0,0.0
2hop__107185_64006,ace_focused_240,ace,focused,0.0,0.0,1.0,0.2597,0.5,231.0,0.5,0.0
2hop__418941_429437,ace_focused_240,ace,focused,0.0,0.0,0.0,0.1553,0.5,219.0,0.5,0.0
2hop__62951_64006,ace_focused_240,ace,focused,0.0,0.0,0.0,0.2684,0.5,231.0,0.5,0.0
2hop__575188_342798,ace_focused_240,ace,focused,0.0,0.0,0.0,0.095,0.5,221.0,0.5,0.0
2hop__691455_64006,ace_focused_240,ace,focused,1.0,1.0,1.0,0.1835,0.5,218.0,0.5,0.0
2hop__64372_83289,ace_focused_240,ace,focused,1.0,1.0,1.0,0.0,0.0,235.0,0.5,0.0
2hop__88406_83289,ace_focused_240,ace,focused,0.0,0.0,0.0,0.368,1.0,231.0,0.5,0.0
2hop__194469_83289,ace_focused_240,ace,focused,0.0,0.0,0.0,0.2523,0.5,218.0,0.5,0.0
2hop__586343_83289,ace_focused_240,ace,focused,0.0,0.0,1.0,0.2553,1.0,235.0,1.0,1.0
2hop__91626_96912,ace_focused_240,ace,focused,0.0,0.0,0.0,0.2152,0.5,237.0,0.5,0.0
2hop__179322_83289,ace_focused_240,ace,focused,0.0,0.0,0.0,0.1447,0.5,228.0,0.5,0.0
2hop__20536_96912,ace_focused_240,ace,focused,0.0,0.0,0.0,0.3158,0.5,228.0,0.5,0.0
2hop__865828_377862,ace_focused_240,ace,focused,0.0,0.0,0.0,0.1603,0.5,237.0,0.5,0.0
2hop__749997_96912,ace_focused_240,ace,focused,0.0,0.0,0.0,0.1704,0.5,223.0,0.5,0.0
2hop__690412_526810,ace_focused_240,ace,focused,0.0,0.3333,0.0,0.1705,0.5,217.0,0.5,0.0
2hop__460946_294723,ace_mmr_240,ace,mmr,0.0,0.0,0.0,0.2363,0.5,237.0,0.5,0.0
2hop__252311_366220,ace_mmr_240,ace,mmr,0.0,0.0,0.0,0.0,0.0,239.0,0.0,0.0
2hop__701895_752697,ace_mmr_240,ace,mmr,0.0,0.0,0.0,0.1903,0.5,226.0,0.5,0.0
2hop__259228_793698,ace_mmr_240,ace,mmr,0.0,0.0,0.0,0.0,0.0,234.0,0.0,0.0
2hop__481349_302087,ace_mmr_240,ace,mmr,0.0,0.0,0.0,0.1807,0.5,238.0,0.5,0.0
2hop__697790_864352,ace_mmr_240,ace,mmr,0.0,0.0,0.0,0.0,0.0,238.0,0.0,0.0
2hop__207476_625987,ace_mmr_240,ace,mmr,0.0,0.0,0.0,0.3264,0.5,239.0,0.5,0.0
2hop__390947_232243,ace_mmr_240,ace,mmr,0.0,0.8,1.0,0.2348,1.0,230.0,1.0,1.0
2hop__354635_174222,ace_mmr_240,ace,mmr,0.0,0.0,0.0,0.1891,0.5,238.0,0.5,0.0
2hop__635187_861533,ace_mmr_240,ace,mmr,0.0,0.0,0.0,0.3473,0.5,239.0,0.5,0.0
2hop__166824_185403,ace_mmr_240,ace,mmr,0.0,0.0,0.0,0.139,0.5,223.0,0.5,0.0
2hop__698577_851686,ace_mmr_240,ace,mmr,0.0,0.0,0.0,0.3083,0.5,240.0,0.5,0.0
2hop__362107_652514,ace_mmr_240,ace,mmr,0.0,0.0,0.0,0.2174,0.5,230.0,0.5,0.0
2hop__402530_774333,ace_mmr_240,ace,mmr,0.0,0.0,0.0,0.1061,0.5,198.0,0.5,0.0
2hop__195917_575657,ace_mmr_240,ace,mmr,0.0,0.0,0.0,0.0755,0.5,212.0,0.5,0.0
2hop__683835_709167,ace_mmr_240,ace,mmr,0.0,0.0,0.0,0.3408,0.5,223.0,0.5,0.0
2hop__197470_271394,ace_mmr_240,ace,mmr,0.0,0.5714,0.0,0.3502,1.0,237.0,1.0,1.0
2hop__458131_174974,ace_mmr_240,ace,mmr,0.0,0.0,0.0,0.4977,0.5,219.0,0.5,0.0
2hop__299142_347613,ace_mmr_240,ace,mmr,0.0,0.0,0.0,0.1273,0.5,220.0,0.5,0.0
2hop__528263_865831,ace_mmr_240,ace,mmr,0.0,0.0,0.0,0.6094,0.5,233.0,0.5,0.0
2hop__569582_304416,ace_mmr_240,ace,mmr,0.0,0.0,0.0,0.2134,1.0,239.0,1.0,1.0
2hop__505860_650613,ace_mmr_240,ace,mmr,0.0,0.0,0.0,0.1459,0.5,233.0,0.5,0.0
2hop__821197_368148,ace_mmr_240,ace,mmr,0.0,0.5,1.0,0.4957,1.0,234.0,1.0,1.0
2hop__554167_451128,ace_mmr_240,ace,mmr,0.0,0.0,0.0,0.1822,0.5,225.0,0.5,0.0
2hop__702496_430061,ace_mmr_240,ace,mmr,0.0,0.5,0.0,0.4583,0.5,240.0,0.5,0.0
2hop__549146_223121,ace_mmr_240,ace,mmr,0.0,0.0,0.0,0.1518,0.5,224.0,0.5,0.0
2hop__647996_551681,ace_mmr_240,ace,mmr,0.0,0.0,0.0,0.178,0.5,236.0,0.5,0.0
2hop__673655_316668,ace_mmr_240,ace,mmr,0.0,0.0,0.0,0.1429,0.5,224.0,0.5,0.0
2hop__574419_270105,ace_mmr_240,ace,mmr,0.0,0.0,0.0,0.085,0.5,200.0,0.5,0.0
2hop__403712_793210,ace_mmr_240,ace,mmr,0.0,0.0,1.0,0.4148,1.0,229.0,1.0,1.0
2hop__832795_350510,ace_mmr_240,ace,mmr,0.0,0.0,0.0,0.1374,0.5,211.0,0.5,0.0
2hop__744055_408817,ace_mmr_240,ace,mmr,1.0,1.0,1.0,0.2,1.0,230.0,0.5,0.0
2hop__726717_610238,ace_mmr_240,ace,mmr,0.0,0.5714,1.0,0.3517,1.0,236.0,1.0,1.0
2hop__499577_617190,ace_mmr_240,ace,mmr,0.0,0.0,1.0,0.4638,1.0,235.0,0.5,0.0
2hop__685280_510757,ace_mmr_240,ace,mmr,0.0,0.0,0.0,0.3234,0.5,235.0,0.5,0.0
2hop__341305_332933,ace_mmr_240,ace,mmr,0.0,0.0,0.0,0.2489,0.5,221.0,0.5,0.0
2hop__731228_609866,ace_mmr_240,ace,mmr,0.0,0.0,0.0,0.3924,0.5,237.0,0.5,0.0
2hop__693444_220151,ace_mmr_240,ace,mmr,0.0,0.0,0.0,0.1255,0.5,231.0,0.5,0.0
2hop__235471_565925,ace_mmr_240,ace,mmr,0.0,0.5,0.0,0.1423,0.5,239.0,0.5,0.0
2hop__310456_846599,ace_mmr_240,ace,mmr,0.0,0.0,0.0,0.1368,0.5,234.0,0.5,0.0
2hop__335418_279684,ace_mmr_240,ace,mmr,0.0,0.0,0.0,0.1,0.5,230.0,0.5,0.0
2hop__191125_781346,ace_mmr_240,ace,mmr,0.0,0.0,0.0,0.0986,0.5,213.0,0.5,0.0
2hop__475070_532404,ace_mmr_240,ace,mmr,0.0,0.0,1.0,0.412,1.0,233.0,1.0,1.0
2hop__700093_455653,ace_mmr_240,ace,mmr,0.0,0.0,0.0,0.1941,0.5,237.0,0.5,0.0
2hop__512773_346751,ace_mmr_240,ace,mmr,0.0,0.5,0.0,0.265,0.5,234.0,0.5,0.0
2hop__411091_625230,ace_mmr_240,ace,mmr,0.0,0.0,0.0,0.6709,0.5,237.0,0.5,0.0
2hop__423972_540249,ace_mmr_240,ace,mmr,0.0,0.6667,0.0,0.3439,0.5,221.0,0.5,0.0
2hop__455158_247871,ace_mmr_240,ace,mmr,0.0,0.0,0.0,0.2446,1.0,233.0,1.0,1.0
2hop__189094_612080,ace_mmr_240,ace,mmr,0.0,0.0,0.0,0.105,0.5,238.0,0.5,0.0
2hop__765678_310556,ace_mmr_240,ace,mmr,0.0,0.0,0.0,0.1515,0.5,231.0,0.5,0.0
2hop__304852_758385,ace_mmr_240,ace,mmr,0.0,0.0,0.0,0.0894,0.5,235.0,0.5,0.0
2hop__628752_538661,ace_mmr_240,ace,mmr,0.0,0.0,0.0,0.2332,0.5,223.0,0.5,0.0
2hop__661847_288421,ace_mmr_240,ace,mmr,0.0,0.0,0.0,0.1653,0.5,236.0,0.5,0.0
2hop__496732_658428,ace_mmr_240,ace,mmr,0.0,0.5,0.0,0.1121,0.5,232.0,0.5,0.0
2hop__175175_347233,ace_mmr_240,ace,mmr,0.0,0.0,0.0,0.1046,0.5,239.0,0.5,0.0
2hop__496961_554601,ace_mmr_240,ace,mmr,0.0,0.0,0.0,0.1921,0.5,229.0,1.0,1.0
2hop__274110_413723,ace_mmr_240,ace,mmr,0.0,0.0,0.0,0.0,0.0,232.0,0.0,0.0
2hop__231890_595414,ace_mmr_240,ace,mmr,0.0,0.5,0.0,0.4095,0.5,232.0,0.5,0.0
2hop__342746_679190,ace_mmr_240,ace,mmr,0.0,0.0,0.0,0.0,0.0,223.0,0.0,0.0
2hop__860241_766393,ace_mmr_240,ace,mmr,0.0,0.0,0.0,0.479,0.5,238.0,0.5,0.0
2hop__29368_29376,ace_mmr_240,ace,mmr,0.0,0.0,0.0,0.0,0.0,232.0,0.0,0.0
2hop__29367_29376,ace_mmr_240,ace,mmr,0.0,0.0,0.0,0.0,0.0,216.0,0.0,0.0
2hop__21075_5028,ace_mmr_240,ace,mmr,0.0,0.0,1.0,0.3556,1.0,239.0,0.5,0.0
2hop__557411_652060,ace_mmr_240,ace,mmr,0.0,0.0,0.0,0.0,0.0,234.0,0.0,0.0
2hop__677929_696450,ace_mmr_240,ace,mmr,0.0,0.5,0.0,0.1595,0.5,232.0,0.5,0.0
2hop__132909_33564,ace_mmr_240,ace,mmr,0.0,0.0,0.0,0.1757,0.5,239.0,0.5,0.0
2hop__199216_33564,ace_mmr_240,ace,mmr,0.0,0.0,0.0,0.0,0.0,230.0,0.5,0.0
2hop__133241_33564,ace_mmr_240,ace,mmr,0.0,0.0,0.0,0.0,0.0,237.0,0.5,0.0
2hop__636597_480615,ace_mmr_240,ace,mmr,0.0,0.0,0.0,0.4727,0.5,220.0,0.5,0.0
2hop__373759_136043,ace_mmr_240,ace,mmr,0.0,0.0,0.0,0.2373,0.5,236.0,0.5,0.0
2hop__709357_136043,ace_mmr_240,ace,mmr,0.0,0.0,1.0,0.7087,1.0,230.0,1.0,1.0
2hop__32254_84601,ace_mmr_240,ace,mmr,0.0,0.0,0.0,0.3696,0.5,230.0,0.5,0.0
2hop__471509_136043,ace_mmr_240,ace,mmr,0.0,0.0,1.0,0.5318,1.0,220.0,1.0,1.0
2hop__87589_362941,ace_mmr_240,ace,mmr,0.0,0.0,0.0,0.0,0.0,233.0,0.0,0.0
2hop__61318_362941,ace_mmr_240,ace,mmr,0.0,0.0,0.0,0.0,0.0,235.0,0.5,0.0
2hop__20268_42004,ace_mmr_240,ace,mmr,0.0,0.0,1.0,0.4599,1.0,237.0,1.0,1.0
2hop__159902_362941,ace_mmr_240,ace,mmr,0.0,0.0,0.0,0.0,0.0,233.0,0.0,0.0
2hop__42027_42004,ace_mmr_240,ace,mmr,0.0,0.0,0.0,0.0,0.0,223.0,0.0,0.0
2hop__648648_173389,ace_mmr_240,ace,mmr,0.0,0.0,1.0,0.344,1.0,218.0,0.5,0.0
2hop__477492_240386,ace_mmr_240,ace,mmr,0.0,0.0,0.0,0.0,0.0,206.0,0.0,0.0
2hop__776377_857193,ace_mmr_240,ace,mmr,0.0,0.0,0.0,0.225,0.5,240.0,0.5,0.0
2hop__29752_814677,ace_mmr_240,ace,mmr,0.0,0.0,1.0,0.0,0.0,237.0,0.5,0.0
2hop__77601_814677,ace_mmr_240,ace,mmr,0.0,0.0,1.0,0.3333,0.5,234.0,1.0,1.0
2hop__497191_129669,ace_mmr_240,ace,mmr,0.0,0.0,0.0,0.1603,0.5,237.0,0.5,0.0
2hop__311694_129669,ace_mmr_240,ace,mmr,0.0,0.0,0.0,0.1299,0.5,231.0,0.5,0.0
2hop__819974_129669,ace_mmr_240,ace,mmr,0.0,0.0,0.0,0.5672,0.5,238.0,0.5,0.0
2hop__199513_13732,ace_mmr_240,ace,mmr,0.0,0.0,0.0,0.4721,0.5,233.0,0.5,0.0
2hop__13731_801817,ace_mmr_240,ace,mmr,0.0,0.0,0.0,0.0,0.0,240.0,0.0,0.0
2hop__865961_159109,ace_mmr_240,ace,mmr,0.0,0.0,0.0,0.2537,0.5,201.0,0.5,0.0
2hop__728887_159109,ace_mmr_240,ace,mmr,0.0,0.0,0.0,0.0,0.0,235.0,0.0,0.0
2hop__827995_159109,ace_mmr_240,ace,mmr,0.0,0.0,0.0,0.5089,0.5,224.0,0.5,0.0
2hop__159215_779396,ace_mmr_240,ace,mmr,0.0,0.0,0.0,0.1652,0.5,230.0,0.5,0.0
2hop__119423_779396,ace_mmr_240,ace,mmr,0.0,0.5714,0.0,0.1154,0.5,234.0,0.5,0.0
2hop__115515_779396,ace_mmr_240,ace,mmr,0.0,0.0,0.0,0.0,0.0,238.0,0.5,0.0
2hop__665660_135481,ace_mmr_240,ace,mmr,1.0,1.0,1.0,0.1625,0.5,240.0,1.0,1.0
2hop__201704_135481,ace_mmr_240,ace,mmr,0.0,0.0,1.0,0.1646,0.5,237.0,1.0,1.0
2hop__861157_135481,ace_mmr_240,ace,mmr,1.0,1.0,1.0,0.8898,1.0,236.0,1.0,1.0
2hop__495316_660579,ace_mmr_240,ace,mmr,0.0,0.0,0.0,0.1183,0.5,186.0,0.5,0.0
2hop__478978_124498,ace_mmr_240,ace,mmr,0.0,0.0,1.0,0.2619,0.5,210.0,0.5,0.0
2hop__543853_124498,ace_mmr_240,ace,mmr,1.0,1.0,1.0,0.2128,0.5,235.0,0.5,0.0
2hop__335899_124498,ace_mmr_240,ace,mmr,0.0,0.0,0.0,0.0802,0.5,237.0,0.5,0.0
2hop__517145_367341,ace_mmr_240,ace,mmr,0.0,0.0,0.0,0.1396,0.5,222.0,0.5,0.0
2hop__92051_827343,ace_mmr_240,ace,mmr,0.0,0.0,0.0,0.0,0.0,238.0,0.0,0.0
2hop__89764_827343,ace_mmr_240,ace,mmr,0.0,0.0,0.0,0.0,0.0,237.0,0.5,0.0
2hop__59048_827343,ace_mmr_240,ace,mmr,0.0,0.0,0.0,0.3792,0.5,240.0,0.0,0.0
2hop__14121_15463,ace_mmr_240,ace,mmr,1.0,1.0,1.0,0.3042,0.5,240.0,1.0,1.0
2hop__817096_15463,ace_mmr_240,ace,mmr,1.0,1.0,1.0,0.0,0.0,235.0,0.0,0.0
2hop__14095_15463,ace_mmr_240,ace,mmr,1.0,1.0,1.0,0.4625,1.0,240.0,1.0,1.0
2hop__485221_544917,ace_mmr_240,ace,mmr,0.0,0.0,0.0,0.2128,0.5,235.0,0.5,0.0
2hop__198459_61845,ace_mmr_240,ace,mmr,0.0,0.0,1.0,0.2402,0.5,229.0,1.0,1.0
2hop__563476_61845,ace_mmr_240,ace,mmr,0.0,0.0,1.0,0.2917,0.5,240.0,0.5,0.0
2hop__622308_61845,ace_mmr_240,ace,mmr,0.0,0.0,0.0,0.0,0.0,208.0,0.0,0.0
2hop__135653_669373,ace_mmr_240,ace,mmr,0.0,0.0,0.0,0.0,0.0,211.0,0.5,0.0
2hop__135652_669373,ace_mmr_240,ace,mmr,0.0,0.0,0.0,0.0,0.0,211.0,0.5,0.0
2hop__135651_669373,ace_mmr_240,ace,mmr,0.0,0.0,0.0,0.0,0.0,211.0,0.5,0.0
2hop__256336_714772,ace_mmr_240,ace,mmr,0.0,0.0,0.0,0.0,0.0,237.0,0.0,0.0
2hop__199513_801817,ace_mmr_240,ace,mmr,0.0,0.0,0.0,0.0,0.0,231.0,0.5,0.0
2hop__391857_162018,ace_mmr_240,ace,mmr,0.0,0.0,0.0,0.1351,0.5,222.0,0.5,0.0
2hop__645448_77615,ace_mmr_240,ace,mmr,0.0,0.0,0.0,0.0,0.0,227.0,0.0,0.0
2hop__123104_77615,ace_mmr_240,ace,mmr,0.0,0.0,0.0,0.1392,0.5,237.0,1.0,1.0
2hop__701525_342810,ace_mmr_240,ace,mmr,0.0,0.0,0.0,0.0957,0.5,230.0,0.5,0.0
2hop__668407_683671,ace_mmr_240,ace,mmr,0.0,0.0,1.0,0.6207,1.0,203.0,1.0,1.0
2hop__286093_361551,ace_mmr_240,ace,mmr,0.0,0.0,0.0,0.2876,0.5,233.0,0.5,0.0
2hop__124592_402641,ace_mmr_240,ace,mmr,0.0,0.6667,1.0,0.5804,1.0,224.0,1.0,1.0
2hop__256553_617289,ace_mmr_240,ace,mmr,0.0,0.0,1.0,0.3425,0.5,219.0,0.5,0.0
2hop__124412_402641,ace_mmr_240,ace,mmr,0.0,0.5,1.0,0.7056,1.0,231.0,1.0,1.0
2hop__706637_93362,ace_mmr_240,ace,mmr,0.0,0.0,0.0,0.0,0.0,226.0,0.0,0.0
2hop__780652_93362,ace_mmr_240,ace,mmr,0.0,0.0,0.0,0.1875,0.5,240.0,0.5,0.0
2hop__771727_93362,ace_mmr_240,ace,mmr,0.0,0.0,0.0,0.632,0.5,231.0,0.5,0.0
2hop__499003_853511,ace_mmr_240,ace,mmr,0.0,0.5,0.0,0.125,0.5,208.0,0.5,0.0
2hop__822965_165304,ace_mmr_240,ace,mmr,0.0,0.0,0.0,0.087,0.5,230.0,0.5,0.0
2hop__156085_436709,ace_mmr_240,ace,mmr,0.0,0.4,1.0,0.0,0.0,234.0,0.5,0.0
2hop__31585_61048,ace_mmr_240,ace,mmr,0.0,0.0,1.0,0.1509,0.5,232.0,0.5,0.0
2hop__94507_654855,ace_mmr_240,ace,mmr,0.0,0.0,0.0,0.1169,0.5,231.0,0.0,0.0
2hop__82858_654855,ace_mmr_240,ace,mmr,1.0,1.0,1.0,0.0,0.0,238.0,0.0,0.0
2hop__62823_654855,ace_mmr_240,ace,mmr,0.0,0.6667,1.0,0.3958,1.0,240.0,0.5,0.0
2hop__827755_156034,ace_mmr_240,ace,mmr,0.0,0.0,0.0,0.383,0.5,235.0,0.5,0.0
2hop__800166_156034,ace_mmr_240,ace,mmr,0.0,0.0,0.0,0.1126,0.5,231.0,0.5,0.0
2hop__742831_156034,ace_mmr_240,ace,mmr,0.0,0.0,0.0,0.4051,0.5,237.0,0.5,0.0
2hop__50910_177869,ace_mmr_240,ace,mmr,1.0,1.0,1.0,0.386,0.5,228.0,0.5,0.0
2hop__82270_177869,ace_mmr_240,ace,mmr,1.0,1.0,1.0,0.0,0.0,211.0,0.5,0.0
2hop__76314_177869,ace_mmr_240,ace,mmr,1.0,1.0,1.0,0.0,0.0,239.0,1.0,1.0
2hop__401710_456439,ace_mmr_240,ace,mmr,0.0,0.0,0.0,0.1737,0.5,213.0,0.5,0.0
2hop__613959_135844,ace_mmr_240,ace,mmr,0.0,0.0,0.0,0.2194,0.5,237.0,0.5,0.0
2hop__258940_135844,ace_mmr_240,ace,mmr,0.0,0.0,0.0,0.0823,0.5,231.0,0.5,0.0
2hop__747894_135844,ace_mmr_240,ace,mmr,0.0,0.0,0.0,0.166,0.5,235.0,0.5,0.0
2hop__16581_16525,ace_mmr_240,ace,mmr,0.0,0.0,0.0,0.0,0.0,224.0,0.0,0.0
2hop__640262_122868,ace_mmr_240,ace,mmr,0.0,0.25,0.0,0.3319,0.5,238.0,0.5,0.0
2hop__632234_122868,ace_mmr_240,ace,mmr,0.0,0.0,0.0,0.1179,0.5,229.0,0.5,0.0
2hop__849534_122868,ace_mmr_240,ace,mmr,0.0,0.5,0.0,0.1463,0.5,205.0,0.5,0.0
2hop__83460_456238,ace_mmr_240,ace,mmr,0.0,0.0,0.0,0.1519,0.5,237.0,0.5,0.0
2hop__89991_58067,ace_mmr_240,ace,mmr,0.0,0.0,0.0,0.0,0.0,230.0,0.0,0.0
2hop__160223_58067,ace_mmr_240,ace,mmr,0.0,0.0,0.0,0.0,0.0,222.0,0.0,0.0
2hop__158010_58067,ace_mmr_240,ace,mmr,0.0,0.0,0.0,0.0,0.0,235.0,0.0,0.0
2hop__439614_349102,ace_mmr_240,ace,mmr,0.0,0.6667,1.0,0.3045,1.0,220.0,1.0,1.0
2hop__747758_58067,ace_mmr_240,ace,mmr,0.0,0.0,0.0,0.1381,0.5,239.0,0.0,0.0
2hop__77775_162341,ace_mmr_240,ace,mmr,0.0,0.7692,0.0,0.6853,0.5,232.0,0.5,0.0
2hop__55966_162341,ace_mmr_240,ace,mmr,0.0,0.0,0.0,0.0,0.0,218.0,0.0,0.0
2hop__43776_162341,ace_mmr_240,ace,mmr,0.0,0.5455,0.0,0.0,0.0,238.0,0.5,0.0
2hop__703493_162341,ace_mmr_240,ace,mmr,0.0,0.0,0.0,0.575,0.5,240.0,0.5,0.0
2hop__153573_44085,ace_mmr_240,ace,mmr,0.0,0.0,0.0,0.0,0.0,236.0,0.5,0.0
2hop__153573_109006,ace_mmr_240,ace,mmr,0.0,0.0,1.0,0.0,0.0,230.0,0.5,0.0
2hop__153573_45901,ace_mmr_240,ace,mmr,0.0,0.0,1.0,0.0,0.0,230.0,0.5,0.0
2hop__551235_310309,ace_mmr_240,ace,mmr,0.0,0.0,0.0,0.2643,0.5,227.0,0.5,0.0
2hop__7046_44085,ace_mmr_240,ace,mmr,0.0,0.0,0.0,0.2669,0.5,236.0,0.5,0.0
2hop__488811_30078,ace_mmr_240,ace,mmr,0.0,0.0,0.0,0.0,0.0,230.0,0.5,0.0
2hop__150866_11402,ace_mmr_240,ace,mmr,0.0,0.0,1.0,0.3442,1.0,215.0,1.0,1.0
2hop__488811_30113,ace_mmr_240,ace,mmr,0.0,0.0,1.0,0.3744,0.5,219.0,1.0,1.0
2hop__488811_30110,ace_mmr_240,ace,mmr,0.0,0.0,0.0,0.1096,0.5,228.0,0.5,0.0
2hop__257831_123283,ace_mmr_240,ace,mmr,0.0,0.0,0.0,0.1368,0.5,234.0,0.5,0.0
2hop__40270_11402,ace_mmr_240,ace,mmr,0.0,0.0,1.0,0.0,0.0,224.0,0.0,0.0
2hop__847433_11402,ace_mmr_240,ace,mmr,0.0,0.0,1.0,0.0,0.0,210.0,0.5,0.0
2hop__208602_11402,ace_mmr_240,ace,mmr,0.0,0.0,1.0,0.0,0.0,210.0,0.5,0.0
2hop__567471_123283,ace_mmr_240,ace,mmr,0.0,0.0,0.0,0.1967,0.5,239.0,0.5,0.0
2hop__574496_123283,ace_mmr_240,ace,mmr,0.0,0.0,0.0,0.0,0.0,218.0,0.0,0.0
2hop__8347_8311,ace_mmr_240,ace,mmr,0.0,0.0,0.0,0.1378,1.0,225.0,1.0,1.0
2hop__71034_343058,ace_mmr_240,ace,mmr,0.0,0.0,0.0,0.0,0.0,233.0,0.5,0.0
2hop__109131_343058,ace_mmr_240,ace,mmr,0.0,0.0,0.0,0.1914,0.5,209.0,0.5,0.0
2hop__56851_343058,ace_mmr_240,ace,mmr,0.0,0.0,0.0,0.5957,0.5,235.0,0.5,0.0
2hop__14092_8311,ace_mmr_240,ace,mmr,0.0,0.0,0.0,0.0,0.0,218.0,0.0,0.0
2hop__422295_8311,ace_mmr_240,ace,mmr,0.0,0.0,0.0,0.2511,0.5,235.0,0.5,0.0
2hop__176712_8311,ace_mmr_240,ace,mmr,0.0,0.0,0.0,0.4083,0.5,240.0,0.5,0.0
2hop__159741_161674,ace_mmr_240,ace,mmr,0.0,0.0,0.0,0.5684,1.0,234.0,1.0,1.0
2hop__159741_40169,ace_mmr_240,ace,mmr,0.0,0.0,0.0,0.4701,0.5,234.0,1.0,1.0
2hop__88906_55840,ace_mmr_240,ace,mmr,1.0,1.0,1.0,0.2396,0.5,192.0,0.5,0.0
2hop__71755_463572,ace_mmr_240,ace,mmr,0.0,0.5,0.0,0.0,0.0,240.0,0.0,0.0
2hop__67956_463572,ace_mmr_240,ace,mmr,0.0,0.5,0.0,0.0,0.0,217.0,0.0,0.0
2hop__398344_85513,ace_mmr_240,ace,mmr,0.0,0.0,0.0,0.1229,0.5,236.0,0.5,0.0
2hop__42578_55840,ace_mmr_240,ace,mmr,0.0,0.0,1.0,0.0,0.0,232.0,0.5,0.0
2hop__28203_55840,ace_mmr_240,ace,mmr,1.0,1.0,1.0,0.1853,0.5,232.0,0.5,0.0
2hop__64323_55840,ace_mmr_240,ace,mmr,1.0,1.0,1.0,0.0,0.0,223.0,0.5,0.0
2hop__85713_84469,ace_mmr_240,ace,mmr,0.0,0.0,0.0,0.0,0.0,224.0,0.0,0.0
2hop__79875_84469,ace_mmr_240,ace,mmr,0.0,0.0,0.0,0.3598,0.5,239.0,0.5,0.0
2hop__79875_72187,ace_mmr_240,ace,mmr,0.0,0.0,0.0,0.0,0.0,230.0,0.5,0.0
2hop__85713_72187,ace_mmr_240,ace,mmr,0.0,0.0,0.0,0.0,0.0,235.0,0.5,0.0
2hop__204146_850295,ace_mmr_240,ace,mmr,0.0,0.0,0.0,0.2522,0.5,230.0,0.5,0.0
2hop__28287_89399,ace_mmr_240,ace,mmr,0.0,0.0,0.0,0.2043,0.5,230.0,0.5,0.0
2hop__84103_345851,ace_mmr_240,ace,mmr,0.0,0.0,0.0,0.2512,0.5,211.0,0.5,0.0
2hop__142621_225454,ace_mmr_240,ace,mmr,0.0,0.5,0.0,0.4644,0.5,239.0,0.5,0.0
2hop__86689_728109,ace_mmr_240,ace,mmr,0.0,0.0,0.0,0.0,0.0,230.0,0.0,0.0
2hop__38828_89399,ace_mmr_240,ace,mmr,0.0,0.0,0.0,0.1975,0.5,238.0,0.5,0.0
2hop__587048_621800,ace_mmr_240,ace,mmr,0.0,0.6667,0.0,0.1564,0.5,211.0,0.5,0.0
2hop__86458_20273,ace_mmr_240,ace,mmr,0.0,0.0,0.0,0.2338,1.0,231.0,1.0,1.0
2hop__609313_20273,ace_mmr_240,ace,mmr,0.0,0.0,0.0,0.1027,0.5,224.0,1.0,1.0
2hop__799936_20273,ace_mmr_240,ace,mmr,0.0,0.0,0.0,0.1718,0.5,227.0,0.5,0.0
2hop__13986_161674,ace_mmr_240,ace,mmr,0.0,0.0,0.0,0.379,0.5,219.0,1.0,1.0
2hop__433694_20273,ace_mmr_240,ace,mmr,0.0,0.0,0.0,0.2176,0.5,239.0,0.5,0.0
2hop__13986_40169,ace_mmr_240,ace,mmr,1.0,1.0,1.0,0.1013,0.5,237.0,1.0,1.0
2hop__25344_88628,ace_mmr_240,ace,mmr,0.0,0.0,1.0,0.0,0.0,230.0,0.0,0.0
2hop__657913_88628,ace_mmr_240,ace,mmr,0.0,0.0,0.0,0.1368,0.5,234.0,0.0,0.0
2hop__734057_88628,ace_mmr_240,ace,mmr,0.0,0.0,0.0,0.8432,0.5,236.0,0.5,0.0
2hop__95878_88628,ace_mmr_240,ace,mmr,0.0,0.0,0.0,0.0,0.0,238.0,0.5,0.0
2hop__726892_131968,ace_mmr_240,ace,mmr,0.0,0.0,0.0,0.0,0.0,238.0,0.5,0.0
2hop__693157_131890,ace_mmr_240,ace,mmr,0.0,0.0,0.0,0.0,0.0,218.0,0.0,0.0
2hop__611178_131968,ace_mmr_240,ace,mmr,0.0,0.0,0.0,0.2952,0.5,227.0,1.0,1.0
2hop__728969_131890,ace_mmr_240,ace,mmr,0.0,0.0,0.0,0.0844,0.5,237.0,0.0,0.0
2hop__30032_46621,ace_mmr_240,ace,mmr,0.0,0.0,1.0,0.4792,0.5,240.0,0.5,0.0
2hop__135822_46621,ace_mmr_240,ace,mmr,0.0,0.0,1.0,0.0,0.0,222.0,0.5,0.0
2hop__581084_828685,ace_mmr_240,ace,mmr,1.0,1.0,1.0,0.2857,1.0,238.0,1.0,1.0
2hop__40697_46621,ace_mmr_240,ace,mmr,0.0,0.0,0.0,0.0,0.0,238.0,0.5,0.0
2hop__157737_46621,ace_mmr_240,ace,mmr,0.0,0.0,0.0,0.1339,0.5,224.0,0.5,0.0
2hop__39063_212301,ace_mmr_240,ace,mmr,0.0,0.0,0.0,0.0,0.0,233.0,0.5,0.0
2hop__25396_593388,ace_mmr_240,ace,mmr,0.0,0.5714,0.0,0.0,0.0,231.0,0.5,0.0
2hop__25396_212301,ace_mmr_240,ace,mmr,0.0,0.0,0.0,0.2863,0.5,234.0,0.5,0.0
2hop__39063_593388,ace_mmr_240,ace,mmr,0.0,0.0,0.0,0.3529,0.5,238.0,0.5,0.0
2hop__153532_72380,ace_mmr_240,ace,mmr,0.0,0.0,0.0,0.0,0.0,218.0,0.5,0.0
2hop__619265_72380,ace_mmr_240,ace,mmr,0.0,0.0,0.0,0.0,0.0,222.0,0.5,0.0
2hop__37765_85990,ace_mmr_240,ace,mmr,0.0,0.0,0.0,0.0,0.0,237.0,0.0,0.0
2hop__623501_297043,ace_mmr_240,ace,mmr,0.0,0.5,0.0,0.4141,0.5,227.0,0.5,0.0
2hop__46550_85990,ace_mmr_240,ace,mmr,0.0,0.0,0.0,0.2876,0.5,233.0,0.5,0.0
2hop__30741_85990,ace_mmr_240,ace,mmr,0.0,0.0,0.0,0.0,0.0,239.0,0.0,0.0
2hop__66149_85990,ace_mmr_240,ace,mmr,0.0,0.0,1.0,0.0975,0.5,236.0,0.5,0.0
2hop__216535_370666,ace_mmr_240,ace,mmr,0.0,0.0,0.0,0.1714,0.5,210.0,0.5,0.0
2hop__846388_19320,ace_mmr_240,ace,mmr,0.0,0.0,0.0,0.0,0.0,217.0,0.5,0.0
2hop__91211_90973,ace_mmr_240,ace,mmr,0.0,0.0,1.0,0.2269,0.5,238.0,0.5,0.0
2hop__48033_90973,ace_mmr_240,ace,mmr,0.0,0.0,1.0,0.0,0.0,238.0,0.0,0.0
2hop__64175_90973,ace_mmr_240,ace,mmr,0.0,0.0,1.0,0.2983,0.5,238.0,0.5,0.0
2hop__50936_90973,ace_mmr_240,ace,mmr,0.0,0.0,1.0,0.476,0.5,229.0,0.5,0.0
2hop__599396_19320,ace_mmr_240,ace,mmr,1.0,1.0,1.0,0.0,0.0,222.0,0.0,0.0
2hop__365236_19320,ace_mmr_240,ace,mmr,0.0,0.0,0.0,0.4831,0.5,236.0,0.5,0.0
2hop__685045_19320,ace_mmr_240,ace,mmr,1.0,1.0,1.0,0.3289,0.5,228.0,1.0,1.0
2hop__30384_30351,ace_mmr_240,ace,mmr,0.0,0.0,1.0,0.0,0.0,233.0,1.0,1.0
2hop__555792_30351,ace_mmr_240,ace,mmr,0.0,0.0,1.0,0.2642,0.5,212.0,0.5,0.0
2hop__431934_30351,ace_mmr_240,ace,mmr,0.0,0.0,1.0,0.179,0.5,229.0,0.5,0.0
2hop__708145_30351,ace_mmr_240,ace,mmr,0.0,0.0,1.0,0.1852,0.5,216.0,1.0,1.0
2hop__837900_71701,ace_mmr_240,ace,mmr,0.0,0.0,0.0,0.1538,0.5,234.0,0.5,0.0
2hop__278022_71701,ace_mmr_240,ace,mmr,0.0,0.0,0.0,0.0,0.0,229.0,0.0,0.0
2hop__10122_18974,ace_mmr_240,ace,mmr,0.0,0.0,1.0,0.8947,1.0,228.0,1.0,1.0
2hop__370564_71701,ace_mmr_240,ace,mmr,0.0,0.0,0.0,0.0795,0.5,239.0,0.5,0.0
2hop__753260_71701,ace_mmr_240,ace,mmr,0.0,0.0,0.0,0.0981,0.5,214.0,0.5,0.0
2hop__631024_18974,ace_mmr_240,ace,mmr,1.0,1.0,1.0,0.2597,0.5,231.0,1.0,1.0
2hop__36747_18974,ace_mmr_240,ace,mmr,0.0,0.5,1.0,0.3276,0.5,232.0,0.5,0.0
2hop__10017_18974,ace_mmr_240,ace,mmr,0.0,0.0,1.0,0.0,0.0,228.0,0.5,0.0
2hop__810411_159673,ace_mmr_240,ace,mmr,0.0,0.0,0.0,0.2269,0.5,238.0,0.5,0.0
2hop__96062_159673,ace_mmr_240,ace,mmr,0.0,0.0,0.0,0.4386,0.5,228.0,0.5,0.0
2hop__203985_524737,ace_mmr_240,ace,mmr,0.0,0.5714,0.0,0.2864,0.5,220.0,0.5,0.0
2hop__77832_159673,ace_mmr_240,ace,mmr,0.0,0.0,0.0,0.7249,0.5,229.0,0.5,0.0
2hop__527400_159673,ace_mmr_240,ace,mmr,0.0,0.0,0.0,0.1583,0.5,240.0,0.5,0.0
2hop__766973_770570,ace_mmr_240,ace,mmr,0.0,0.4,0.0,0.0905,0.5,232.0,0.5,0.0
2hop__13592_49388,ace_mmr_240,ace,mmr,0.0,0.0,0.0,0.0,0.0,236.0,0.5,0.0
2hop__34495_85544,ace_mmr_240,ace,mmr,0.0,0.0,0.0,0.0,0.0,226.0,0.5,0.0
2hop__34495_49388,ace_mmr_240,ace,mmr,0.0,0.0,0.0,0.3805,0.5,226.0,0.5,0.0
2hop__13592_85544,ace_mmr_240,ace,mmr,0.0,0.0,0.0,0.5085,0.5,236.0,0.5,0.0
2hop__506035_325512,ace_mmr_240,ace,mmr,0.0,0.0,0.0,0.4978,0.5,223.0,0.5,0.0
2hop__107690_124896,ace_mmr_240,ace,mmr,0.0,0.5,0.0,0.5299,0.5,234.0,0.5,0.0
2hop__507722_124896,ace_mmr_240,ace,mmr,0.0,0.0,0.0,0.2348,0.5,230.0,0.5,0.0
2hop__107548_124896,ace_mmr_240,ace,mmr,0.0,0.0,0.0,0.2478,0.5,226.0,0.5,0.0
2hop__754682_730690,ace_mmr_240,ace,mmr,0.0,0.0,0.0,0.0,0.0,229.0,0.0,0.0
2hop__68590_27619,ace_mmr_240,ace,mmr,0.0,0.0,0.0,0.3376,1.0,237.0,1.0,1.0
2hop__269076_449113,ace_mmr_240,ace,mmr,0.0,0.0,0.0,0.0,0.0,239.0,0.0,0.0
2hop__27650_27619,ace_mmr_240,ace,mmr,0.0,0.0,0.0,0.0,0.0,229.0,0.0,0.0
2hop__68590_27628,ace_mmr_240,ace,mmr,0.0,0.0,0.0,0.5527,1.0,237.0,1.0,1.0
2hop__809785_606637,ace_mmr_240,ace,mmr,0.0,0.0,0.0,0.2196,0.5,214.0,0.5,0.0
2hop__27650_27628,ace_mmr_240,ace,mmr,0.0,0.0,0.0,0.0,0.0,235.0,0.0,0.0
2hop__656411_345851,ace_mmr_240,ace,mmr,1.0,1.0,1.0,0.0,0.0,224.0,1.0,1.0
2hop__24661_66233,ace_mmr_240,ace,mmr,1.0,1.0,1.0,0.4009,0.5,222.0,0.5,0.0
2hop__329676_119915,ace_mmr_240,ace,mmr,0.0,0.0,0.0,0.2132,0.5,197.0,0.5,0.0
2hop__539184_119915,ace_mmr_240,ace,mmr,0.0,0.0,0.0,0.5714,0.5,231.0,0.5,0.0
2hop__26642_81961,ace_mmr_240,ace,mmr,0.0,0.4,0.0,0.0,0.0,239.0,0.5,0.0
2hop__24661_81961,ace_mmr_240,ace,mmr,0.0,0.3333,0.0,0.0,0.0,239.0,0.0,0.0
2hop__233551_746883,ace_mmr_240,ace,mmr,0.0,0.0,0.0,0.1059,0.5,236.0,0.5,0.0
2hop__26642_66233,ace_mmr_240,ace,mmr,0.0,0.4,0.0,0.1391,0.5,230.0,0.5,0.0
2hop__124933_653666,ace_mmr_240,ace,mmr,0.0,0.3333,1.0,0.1765,0.5,238.0,1.0,1.0
2hop__76402_653666,ace_mmr_240,ace,mmr,0.0,0.3333,1.0,0.0,0.0,232.0,0.5,0.0
2hop__73717_653666,ace_mmr_240,ace,mmr,1.0,1.0,1.0,0.3435,0.5,230.0,1.0,1.0
2hop__252521_80650,ace_mmr_240,ace,mmr,1.0,1.0,1.0,0.634,1.0,235.0,1.0,1.0
2hop__538735_3296,ace_mmr_240,ace,mmr,0.0,0.0,1.0,0.1448,0.5,221.0,0.5,0.0
2hop__538735_3299,ace_mmr_240,ace,mmr,0.0,0.0,0.0,0.0,0.0,240.0,0.0,0.0
2hop__811015_3300,ace_mmr_240,ace,mmr,0.0,0.0,0.0,0.1653,0.5,236.0,0.5,0.0
2hop__3131_3300,ace_mmr_240,ace,mmr,0.0,0.0,0.0,0.0,0.0,223.0,0.0,0.0
2hop__143915_68489,ace_mmr_240,ace,mmr,0.0,0.0,0.0,0.1739,0.5,230.0,0.5,0.0
2hop__593688_292889,ace_mmr_240,ace,mmr,0.0,0.0,0.0,0.0837,0.5,239.0,0.5,0.0
2hop__598467_68489,ace_mmr_240,ace,mmr,0.0,0.0,0.0,0.0,0.0,229.0,0.5,0.0
2hop__142842_68489,ace_mmr_240,ace,mmr,0.0,0.0,0.0,0.0,0.0,237.0,0.5,0.0
2hop__230022_68489,ace_mmr_240,ace,mmr,0.0,0.0,0.0,0.1889,0.5,217.0,0.5,0.0
2hop__78756_198548,ace_mmr_240,ace,mmr,0.0,0.0,0.0,0.2328,0.5,232.0,0.5,0.0
2hop__47808_198548,ace_mmr_240,ace,mmr,0.0,0.0,0.0,0.5923,0.5,233.0,0.5,0.0
2hop__70584_198548,ace_mmr_240,ace,mmr,0.0,0.0,0.0,0.1841,0.5,239.0,0.5,0.0
2hop__84172_198548,ace_mmr_240,ace,mmr,0.0,0.0,0.0,0.1622,0.5,222.0,0.5,0.0
2hop__415518_616002,ace_mmr_240,ace,mmr,0.0,0.0,0.0,0.1842,0.5,228.0,0.5,0.0
2hop__75207_46837,ace_mmr_240,ace,mmr,0.0,0.0,1.0,0.0,0.0,235.0,0.0,0.0
2hop__75207_7363,ace_mmr_240,ace,mmr,0.0,0.0,0.0,0.0,0.0,230.0,0.0,0.0
2hop__671664_646310,ace_mmr_240,ace,mmr,0.0,0.0,0.0,0.0921,0.5,228.0,0.5,0.0
2hop__75207_365216,ace_mmr_240,ace,mmr,0.0,0.6667,1.0,0.1034,0.5,232.0,0.5,0.0
2hop__75207_53316,ace_mmr_240,ace,mmr,0.0,0.0,0.0,0.0,0.0,225.0,0.0,0.0
2hop__736167_74735,ace_mmr_240,ace,mmr,1.0,1.0,1.0,0.0,0.0,221.0,0.0,0.0
2hop__384238_74735,ace_mmr_240,ace,mmr,0.0,0.0,1.0,0.0,0.0,212.0,0.0,0.0
2hop__763380_74735,ace_mmr_240,ace,mmr,0.0,0.0,1.0,0.4538,0.5,238.0,0.5,0.0
2hop__789398_74735,ace_mmr_240,ace,mmr,1.0,1.0,1.0,0.5143,0.5,210.0,0.5,0.0
2hop__30905_213732,ace_mmr_240,ace,mmr,0.0,0.0,0.0,0.0,0.0,231.0,0.5,0.0
2hop__44522_58556,ace_mmr_240,ace,mmr,0.0,0.2222,0.0,0.0,0.0,238.0,0.0,0.0
2hop__58939_189318,ace_mmr_240,ace,mmr,0.0,0.0,0.0,0.0,0.0,230.0,0.0,0.0
2hop__58939_213732,ace_mmr_240,ace,mmr,0.0,0.0,0.0,0.0,0.0,225.0,0.0,0.0
2hop__30905_189318,ace_mmr_240,ace,mmr,0.0,0.0,1.0,0.3932,0.5,234.0,1.0,1.0
2hop__16446_58556,ace_mmr_240,ace,mmr,0.0,0.0,0.0,0.0,0.0,224.0,0.0,0.0
2hop__35686_58556,ace_mmr_240,ace,mmr,0.0,0.0,0.0,0.0,0.0,229.0,0.0,0.0
2hop__723404_58556,ace_mmr_240,ace,mmr,0.0,0.0,0.0,0.2275,0.5,233.0,0.5,0.0
2hop__95773_51329,ace_mmr_240,ace,mmr,0.0,0.0,0.0,0.0875,0.5,240.0,0.5,0.0
2hop__696442_51329,ace_mmr_240,ace,mmr,0.0,0.0,0.0,0.0,0.0,234.0,0.0,0.0
2hop__591435_51329,ace_mmr_240,ace,mmr,0.0,0.0,0.0,0.2282,0.5,206.0,0.5,0.0
2hop__753715_51329,ace_mmr_240,ace,mmr,0.0,0.0,0.0,0.1417,0.5,240.0,0.5,0.0
2hop__142443_768138,ace_mmr_240,ace,mmr,0.0,0.5,0.0,0.1653,0.5,236.0,0.5,0.0
2hop__37097_53663,ace_mmr_240,ace,mmr,0.0,0.0,0.0,0.2556,0.5,223.0,0.5,0.0
2hop__82669_768138,ace_mmr_240,ace,mmr,0.0,0.0,0.0,0.0,0.0,224.0,0.5,0.0
2hop__63982_768138,ace_mmr_240,ace,mmr,0.0,0.0,0.0,0.0,0.0,234.0,0.0,0.0
2hop__2416_53663,ace_mmr_240,ace,mmr,0.0,0.0,0.0,0.6391,0.5,230.0,0.5,0.0
2hop__678516_179720,ace_mmr_240,ace,mmr,0.0,0.0,0.0,0.2704,0.5,233.0,0.5,0.0
2hop__39954_80940,ace_mmr_240,ace,mmr,0.0,0.5714,0.0,0.0,0.0,225.0,0.5,0.0
2hop__39954_80303,ace_mmr_240,ace,mmr,0.0,0.0,1.0,0.2194,0.5,237.0,1.0,1.0
2hop__39954_65371,ace_mmr_240,ace,mmr,0.0,0.0,0.0,0.0,0.0,209.0,0.5,0.0
2hop__385392_756039,ace_mmr_240,ace,mmr,0.0,0.0,0.0,0.27,0.5,237.0,0.5,0.0
2hop__557743_92763,ace_mmr_240,ace,mmr,0.0,0.0,0.0,0.1441,0.5,236.0,0.5,0.0
2hop__403060_92763,ace_mmr_240,ace,mmr,1.0,1.0,1.0,0.1471,0.5,238.0,1.0,1.0
2hop__29349_92763,ace_mmr_240,ace,mmr,0.0,0.0,0.0,0.4664,0.5,238.0,0.5,0.0
2hop__267938_92763,ace_mmr_240,ace,mmr,0.0,0.0,0.0,0.3109,0.5,238.0,0.0,0.0
2hop__142198_152093,ace_mmr_240,ace,mmr,0.0,0.0,0.0,0.0,0.0,225.0,0.5,0.0
2hop__632161_643449,ace_mmr_240,ace,mmr,0.0,0.0,0.0,0.2328,0.5,232.0,0.5,0.0
2hop__170914_152093,ace_mmr_240,ace,mmr,0.0,0.0,0.0,0.1145,0.5,227.0,0.5,0.0
2hop__705035_152093,ace_mmr_240,ace,mmr,0.0,0.0,0.0,0.0925,0.5,227.0,0.5,0.0
2hop__143650_152023,ace_mmr_240,ace,mmr,0.0,0.3333,0.0,0.2542,0.5,240.0,0.5,0.0
2hop__203437_152093,ace_mmr_240,ace,mmr,0.0,0.0,0.0,0.2757,0.5,214.0,0.5,0.0
2hop__559273_152023,ace_mmr_240,ace,mmr,0.0,0.3333,0.0,0.2881,0.5,236.0,0.5,0.0
2hop__374767_152023,ace_mmr_240,ace,mmr,0.0,0.0,0.0,0.176,0.5,233.0,0.5,0.0
2hop__409166_152023,ace_mmr_240,ace,mmr,0.0,0.3333,0.0,0.1404,0.5,235.0,0.5,0.0
2hop__48784_70131,ace_mmr_240,ace,mmr,0.0,0.0,0.0,0.0,0.0,238.0,0.0,0.0
2hop__452580_70131,ace_mmr_240,ace,mmr,0.0,0.0,0.0,0.3744,0.5,227.0,0.5,0.0
2hop__464479_70131,ace_mmr_240,ace,mmr,0.0,0.0,1.0,0.1911,0.5,225.0,1.0,1.0
2hop__552546_70131,ace_mmr_240,ace,mmr,0.0,0.0,0.0,0.2636,0.5,220.0,0.5,0.0
2hop__124807_135019,ace_mmr_240,ace,mmr,0.0,0.0,1.0,0.2222,0.5,234.0,0.5,0.0
2hop__605207_135019,ace_mmr_240,ace,mmr,0.0,0.0,0.0,0.0,0.0,234.0,0.0,0.0
2hop__271045_68633,ace_mmr_240,ace,mmr,0.0,0.0,0.0,0.125,0.5,240.0,0.5,0.0
2hop__645367_68633,ace_mmr_240,ace,mmr,0.0,0.0,0.0,0.4708,0.5,240.0,0.5,0.0
2hop__853227_68633,ace_mmr_240,ace,mmr,0.0,0.0,0.0,0.146,0.5,226.0,0.5,0.0
2hop__374495_68633,ace_mmr_240,ace,mmr,0.0,0.0,0.0,0.2288,0.5,236.0,0.5,0.0
2hop__391873_88622,ace_mmr_240,ace,mmr,0.0,0.0,0.0,0.1949,0.5,236.0,0.5,0.0
2hop__315246_88622,ace_mmr_240,ace,mmr,0.0,0.0,0.0,0.1703,0.5,229.0,0.5,0.0
2hop__498061_88622,ace_mmr_240,ace,mmr,0.0,0.0,0.0,0.3043,0.5,230.0,0.5,0.0
2hop__554145_88622,ace_mmr_240,ace,mmr,0.0,0.0,0.0,0.2857,0.5,238.0,0.5,0.0
2hop__66708_573255,ace_mmr_240,ace,mmr,0.0,0.0,0.0,0.0,0.0,238.0,0.5,0.0
2hop__49887_573255,ace_mmr_240,ace,mmr,0.0,0.0,0.0,0.0,0.0,227.0,0.5,0.0
2hop__126188_396277,ace_mmr_240,ace,mmr,1.0,1.0,1.0,0.2069,0.5,232.0,1.0,1.0
2hop__126306_396277,ace_mmr_240,ace,mmr,0.0,0.0,0.0,0.11,0.5,209.0,0.5,0.0
2hop__126299_396277,ace_mmr_240,ace,mmr,0.0,0.0,0.0,0.0,0.0,205.0,0.0,0.0
2hop__77518_548781,ace_mmr_240,ace,mmr,0.0,0.0,0.0,0.4163,0.5,221.0,0.5,0.0
2hop__53175_548781,ace_mmr_240,ace,mmr,0.0,0.0,0.0,0.1345,0.5,238.0,0.0,0.0
2hop__613779_55984,ace_mmr_240,ace,mmr,1.0,1.0,1.0,0.1308,0.5,214.0,0.5,0.0
2hop__559076_55984,ace_mmr_240,ace,mmr,1.0,1.0,1.0,0.589,0.5,236.0,1.0,1.0
2hop__275891_55984,ace_mmr_240,ace,mmr,1.0,1.0,1.0,0.3623,1.0,207.0,0.5,0.0
2hop__435087_55984,ace_mmr_240,ace,mmr,1.0,1.0,1.0,0.3496,1.0,226.0,1.0,1.0
2hop__21991_43945,ace_mmr_240,ace,mmr,0.0,0.1053,0.0,0.4064,0.5,219.0,0.5,0.0
2hop__269766_43945,ace_mmr_240,ace,mmr,0.0,0.2,0.0,0.5092,0.5,218.0,0.5,0.0
2hop__170341_43945,ace_mmr_240,ace,mmr,0.0,0.1053,0.0,0.379,1.0,219.0,0.5,0.0
2hop__69765_43945,ace_mmr_240,ace,mmr,0.0,0.0,0.0,0.3009,0.5,226.0,1.0,1.0
2hop__414193_176917,ace_mmr_240,ace,mmr,0.0,0.0,0.0,0.2134,0.5,239.0,0.5,0.0
2hop__2416_86208,ace_mmr_240,ace,mmr,0.0,0.0,0.0,0.0,0.0,231.0,0.0,0.0
2hop__37097_86208,ace_mmr_240,ace,mmr,0.0,0.0,0.0,0.4895,0.5,237.0,0.5,0.0
2hop__231805_514393,ace_mmr_240,ace,mmr,0.0,0.0,0.0,0.1139,0.5,237.0,0.5,0.0
2hop__16581_16569,ace_mmr_240,ace,mmr,0.0,0.0,0.0,0.0,0.0,216.0,0.0,0.0
2hop__156044_57816,ace_mmr_240,ace,mmr,1.0,1.0,1.0,0.0,0.0,222.0,0.5,0.0
2hop__754753_57816,ace_mmr_240,ace,mmr,1.0,1.0,1.0,0.1486,0.5,222.0,0.5,0.0
2hop__510679_57816,ace_mmr_240,ace,mmr,1.0,1.0,1.0,0.2907,0.5,227.0,0.5,0.0
2hop__663184_57816,ace_mmr_240,ace,mmr,1.0,1.0,1.0,0.4054,0.5,222.0,1.0,1.0
2hop__47071_162399,ace_mmr_240,ace,mmr,0.0,0.0,0.0,0.0,0.0,235.0,0.5,0.0
2hop__580231_162399,ace_mmr_240,ace,mmr,1.0,1.0,1.0,0.6809,1.0,235.0,1.0,1.0
2hop__619265_45326,ace_mmr_240,ace,mmr,0.0,0.0,1.0,0.0,0.0,228.0,0.5,0.0
2hop__153532_45326,ace_mmr_240,ace,mmr,0.0,0.0,0.0,0.4524,0.5,210.0,0.5,0.0
2hop__455392_40315,ace_mmr_240,ace,mmr,0.0,0.0,0.0,0.4273,0.5,220.0,1.0,1.0
2hop__763840_144857,ace_mmr_240,ace,mmr,0.0,0.0,0.0,0.0833,0.5,228.0,0.5,0.0
2hop__227031_144857,ace_mmr_240,ace,mmr,0.0,0.0,0.0,0.0,0.0,216.0,0.0,0.0
2hop__168816_144857,ace_mmr_240,ace,mmr,0.0,0.0,0.0,0.1726,0.5,226.0,0.5,0.0
2hop__312223_144857,ace_mmr_240,ace,mmr,0.0,0.0,0.0,0.1511,0.5,225.0,0.5,0.0
2hop__85463_66122,ace_mmr_240,ace,mmr,0.0,0.0,0.0,0.0,0.0,221.0,0.5,0.0
2hop__289517_139339,ace_mmr_240,ace,mmr,0.0,0.0,0.0,0.2423,0.5,227.0,0.5,0.0
2hop__507528_139339,ace_mmr_240,ace,mmr,0.0,0.0,0.0,0.1956,0.5,225.0,0.5,0.0
2hop__85463_54688,ace_mmr_240,ace,mmr,0.0,0.0,0.0,0.0,0.0,235.0,0.0,0.0
2hop__669160_139339,ace_mmr_240,ace,mmr,0.0,0.0,0.0,0.2125,0.5,240.0,0.5,0.0
2hop__332453_139339,ace_mmr_240,ace,mmr,0.0,0.0,0.0,0.2329,0.5,219.0,0.5,0.0
2hop__85463_50252,ace_mmr_240,ace,mmr,0.0,0.4,1.0,0.0,0.0,223.0,0.5,0.0
2hop__85463_33311,ace_mmr_240,ace,mmr,0.0,0.0,0.0,0.0,0.0,222.0,0.5,0.0
2hop__60229_38663,ace_mmr_240,ace,mmr,0.0,0.0,1.0,0.2522,0.5,226.0,0.5,0.0
2hop__706038_14251,ace_mmr_240,ace,mmr,0.0,0.0,0.0,0.3596,0.5,228.0,1.0,1.0
2hop__821368_14251,ace_mmr_240,ace,mmr,0.0,0.0,0.0,0.4744,1.0,234.0,1.0,1.0
2hop__857585_14251,ace_mmr_240,ace,mmr,0.0,0.0,0.0,0.3707,0.5,232.0,1.0,1.0
2hop__60229_1783,ace_mmr_240,ace,mmr,0.0,0.0,0.0,0.0,0.0,231.0,0.0,0.0
2hop__83405_158262,ace_mmr_240,ace,mmr,0.0,0.0,1.0,0.0,0.0,233.0,0.0,0.0
2hop__57543_158262,ace_mmr_240,ace,mmr,0.0,0.0,1.0,0.0,0.0,220.0,0.5,0.0
2hop__62020_158262,ace_mmr_240,ace,mmr,0.0,0.0,1.0,0.0,0.0,228.0,0.5,0.0
2hop__358582_189042,ace_mmr_240,ace,mmr,0.0,0.4,0.0,0.2105,0.5,228.0,0.5,0.0
2hop__450600_158262,ace_mmr_240,ace,mmr,0.0,0.0,1.0,0.2727,0.5,231.0,0.5,0.0
2hop__78401_158262,ace_mmr_240,ace,mmr,0.0,0.0,0.0,0.0,0.0,237.0,0.0,0.0
2hop__121145_561444,ace_mmr_240,ace,mmr,0.0,0.0,0.0,0.1739,0.5,230.0,0.5,0.0
2hop__125412_544665,ace_mmr_240,ace,mmr,0.0,0.0,0.0,0.2143,0.5,182.0,0.5,0.0
2hop__135668_561444,ace_mmr_240,ace,mmr,0.0,0.0,1.0,0.1921,0.5,229.0,1.0,1.0
2hop__144317_120065,ace_mmr_240,ace,mmr,0.0,0.0,0.0,0.2112,0.5,232.0,0.5,0.0
2hop__451574_120065,ace_mmr_240,ace,mmr,0.0,0.0,0.0,0.1423,0.5,239.0,0.5,0.0
2hop__159146_120065,ace_mmr_240,ace,mmr,0.0,0.0,0.0,0.0,0.0,225.0,0.0,0.0
2hop__123166_47134,ace_mmr_240,ace,mmr,0.0,0.0,0.0,0.5612,0.5,237.0,0.5,0.0
2hop__326404_120065,ace_mmr_240,ace,mmr,0.0,0.0,0.0,0.141,0.5,234.0,0.5,0.0
2hop__123545_47134,ace_mmr_240,ace,mmr,1.0,1.0,1.0,0.4268,0.5,239.0,0.5,0.0
2hop__107905_110222,ace_mmr_240,ace,mmr,0.0,0.0,0.0,0.2328,0.5,232.0,0.5,0.0
2hop__351045_47134,ace_mmr_240,ace,mmr,0.0,0.0,0.0,0.4561,0.5,228.0,0.5,0.0
2hop__347652_47134,ace_mmr_240,ace,mmr,1.0,1.0,1.0,0.4626,0.5,214.0,0.5,0.0
2hop__846844_47134,ace_mmr_240,ace,mmr,0.0,0.0,0.0,0.5758,0.5,231.0,0.5,0.0
2hop__107601_110222,ace_mmr_240,ace,mmr,0.0,0.0,0.0,0.1208,0.5,240.0,0.5,0.0
2hop__175168_110222,ace_mmr_240,ace,mmr,0.0,0.0,0.0,0.1814,0.5,237.0,0.5,0.0
2hop__503085_110222,ace_mmr_240,ace,mmr,0.0,0.5,1.0,0.687,1.0,230.0,1.0,1.0
2hop__293131_110222,ace_mmr_240,ace,mmr,0.0,0.0,0.0,0.0,0.0,228.0,0.0,0.0
2hop__46376_158105,ace_mmr_240,ace,mmr,0.0,0.125,0.0,0.2468,0.5,231.0,0.5,0.0
2hop__13106_158105,ace_mmr_240,ace,mmr,0.0,0.0,0.0,0.5678,0.5,236.0,0.5,0.0
2hop__55552_158105,ace_mmr_240,ace,mmr,1.0,1.0,1.0,0.133,0.5,233.0,1.0,1.0
2hop__417937_158105,ace_mmr_240,ace,mmr,0.0,0.0,0.0,0.1944,0.5,216.0,0.5,0.0
2hop__85455_158105,ace_mmr_240,ace,mmr,0.0,0.0,0.0,0.1794,0.5,223.0,0.5,0.0
2hop__73615_16848,ace_mmr_240,ace,mmr,0.0,0.1667,0.0,0.0,0.0,233.0,0.5,0.0
2hop__73615_42173,ace_mmr_240,ace,mmr,0.0,0.0,0.0,0.0,0.0,234.0,0.5,0.0
2hop__238499_431914,ace_mmr_240,ace,mmr,0.0,0.0,1.0,0.4299,1.0,221.0,1.0,1.0
2hop__16844_42173,ace_mmr_240,ace,mmr,0.0,0.0,0.0,0.0,0.0,218.0,0.5,0.0
2hop__311931_417706,ace_mmr_240,ace,mmr,0.0,0.5,0.0,0.1624,0.5,234.0,0.5,0.0
2hop__16844_20510,ace_mmr_240,ace,mmr,0.0,0.0,0.0,0.0,0.0,218.0,0.5,0.0
2hop__73615_20510,ace_mmr_240,ace,mmr,0.0,0.0,0.0,0.0,0.0,234.0,0.5,0.0
2hop__593397_224832,ace_mmr_240,ace,mmr,1.0,1.0,1.0,0.1404,0.5,228.0,0.5,0.0
2hop__156658_155922,ace_mmr_240,ace,mmr,0.0,0.0,0.0,0.1156,0.5,199.0,0.5,0.0
2hop__814408_155922,ace_mmr_240,ace,mmr,0.0,0.0,0.0,0.0,0.0,223.0,0.5,0.0
2hop__155781_155922,ace_mmr_240,ace,mmr,0.0,0.0,0.0,0.0,0.0,211.0,0.5,0.0
2hop__81682_707195,ace_mmr_240,ace,mmr,0.0,0.0,1.0,0.113,0.5,239.0,0.5,0.0
2hop__852657_155922,ace_mmr_240,ace,mmr,1.0,1.0,1.0,0.2189,0.5,233.0,1.0,1.0
2hop__149862_108549,ace_mmr_240,ace,mmr,0.0,0.0,0.0,0.1991,0.5,221.0,0.5,0.0
2hop__669456_108549,ace_mmr_240,ace,mmr,0.0,0.0,0.0,0.6,0.5,240.0,0.5,0.0
2hop__358270_108549,ace_mmr_240,ace,mmr,0.0,0.0,0.0,0.1596,0.5,213.0,0.0,0.0
2hop__149983_108549,ace_mmr_240,ace,mmr,0.0,0.0,0.0,0.0,0.0,221.0,0.0,0.0
2hop__608902_653666,ace_mmr_240,ace,mmr,0.0,0.0,0.0,0.1121,0.5,223.0,0.5,0.0
2hop__149710_108549,ace_mmr_240,ace,mmr,0.0,0.0,1.0,0.1806,0.5,216.0,1.0,1.0
2hop__61664_786853,ace_mmr_240,ace,mmr,0.0,0.0,0.0,0.2297,0.5,209.0,0.0,0.0
2hop__60686_229757,ace_mmr_240,ace,mmr,0.0,0.0,0.0,0.0,0.0,233.0,0.5,0.0
2hop__55032_786853,ace_mmr_240,ace,mmr,0.0,0.0,0.0,0.2297,0.5,209.0,0.0,0.0
2hop__67660_158861,ace_mmr_240,ace,mmr,0.0,0.0,1.0,0.0,0.0,218.0,0.0,0.0
2hop__63483_786853,ace_mmr_240,ace,mmr,0.0,0.0,0.0,0.0,0.0,219.0,0.5,0.0
2hop__67660_81007,ace_mmr_240,ace,mmr,1.0,1.0,1.0,0.0,0.0,240.0,0.0,0.0
2hop__825727_584042,ace_mmr_240,ace,mmr,0.0,0.0,0.0,0.1606,0.5,218.0,0.5,0.0
2hop__91667_67223,ace_mmr_240,ace,mmr,0.0,0.5,0.0,0.3875,0.5,240.0,0.5,0.0
2hop__91667_81007,ace_mmr_240,ace,mmr,0.0,0.0,1.0,0.2966,0.5,236.0,0.0,0.0
2hop__245835_762148,ace_mmr_240,ace,mmr,0.0,0.0,0.0,0.1727,0.5,220.0,0.5,0.0
2hop__67660_67223,ace_mmr_240,ace,mmr,0.0,0.0,0.0,0.0,0.0,237.0,0.0,0.0
2hop__152052_141308,ace_mmr_240,ace,mmr,0.0,0.5,1.0,0.7429,0.5,210.0,0.5,0.0
2hop__151705_141308,ace_mmr_240,ace,mmr,0.0,0.0,1.0,0.0,0.0,228.0,0.5,0.0
2hop__501624_181960,ace_mmr_240,ace,mmr,0.0,0.0,0.0,0.1171,0.5,222.0,0.5,0.0
2hop__152700_141308,ace_mmr_240,ace,mmr,0.0,0.5,1.0,0.1652,0.5,230.0,1.0,1.0
2hop__596188_297986,ace_mmr_240,ace,mmr,0.0,0.4,0.0,0.1333,0.5,225.0,0.5,0.0
2hop__151750_141308,ace_mmr_240,ace,mmr,0.0,0.5,1.0,0.525,0.5,240.0,1.0,1.0
2hop__152027_141308,ace_mmr_240,ace,mmr,0.0,0.0,0.0,0.27,0.5,237.0,0.5,0.0
2hop__157498_127908,ace_mmr_240,ace,mmr,1.0,1.0,0.0,0.6111,0.5,216.0,0.5,0.0
2hop__179149_396277,ace_mmr_240,ace,mmr,0.0,0.0,0.0,0.3231,0.5,229.0,0.5,0.0
2hop__448615_127908,ace_mmr_240,ace,mmr,0.0,0.8571,1.0,0.3632,1.0,223.0,0.5,0.0
2hop__423874_128023,ace_mmr_240,ace,mmr,0.0,0.4,0.0,0.2675,0.5,228.0,0.5,0.0
2hop__108158_83769,ace_mmr_240,ace,mmr,0.0,0.0,0.0,0.1915,0.5,235.0,0.5,0.0
2hop__72118_83769,ace_mmr_240,ace,mmr,0.0,0.0,0.0,0.0,0.0,224.0,0.0,0.0
2hop__72686_83769,ace_mmr_240,ace,mmr,0.0,0.0,0.0,0.3013,0.5,239.0,0.5,0.0
2hop__424908_500483,ace_mmr_240,ace,mmr,0.0,0.0,1.0,0.5815,1.0,184.0,1.0,1.0
2hop__646573_83769,ace_mmr_240,ace,mmr,0.0,0.0,0.0,0.1915,0.5,235.0,0.5,0.0
2hop__169443_83769,ace_mmr_240,ace,mmr,0.0,0.0,0.0,0.2264,0.5,212.0,0.5,0.0
2hop__394720_120259,ace_mmr_240,ace,mmr,0.0,0.0,0.0,0.2101,0.5,238.0,0.5,0.0
2hop__88953_64006,ace_mmr_240,ace,mmr,0.0,0.0,0.0,0.2675,0.5,228.0,0.5,0.0
2hop__315072_120259,ace_mmr_240,ace,mmr,0.0,0.0,0.0,0.0,0.0,233.0,0.0,0.0
2hop__511454_120259,ace_mmr_240,ace,mmr,0.0,0.0,0.0,0.0,0.0,231.0,0.0,0.0
2hop__603365_120259,ace_mmr_240,ace,mmr,0.0,0.0,0.0,0.3174,0.5,230.0,0.5,0.0
2hop__5190_64006,ace_mmr_240,ace,mmr,0.0,0.0,1.0,0.7682,0.5,233.0,0.0,0.0
2hop__107185_64006,ace_mmr_240,ace,mmr,0.0,0.0,1.0,0.4848,0.5,231.0,0.5,0.0
2hop__418941_429437,ace_mmr_240,ace,mmr,0.0,0.0,0.0,0.1553,0.5,219.0,0.5,0.0
2hop__62951_64006,ace_mmr_240,ace,mmr,0.0,0.0,0.0,0.2696,0.5,230.0,0.5,0.0
2hop__575188_342798,ace_mmr_240,ace,mmr,0.0,0.0,0.0,0.095,0.5,221.0,0.5,0.0
2hop__691455_64006,ace_mmr_240,ace,mmr,0.0,0.0,1.0,0.1835,0.5,218.0,0.5,0.0
2hop__64372_83289,ace_mmr_240,ace,mmr,1.0,1.0,1.0,0.0,0.0,235.0,0.5,0.0
2hop__88406_83289,ace_mmr_240,ace,mmr,0.0,0.0,0.0,0.7292,1.0,240.0,0.5,0.0
2hop__194469_83289,ace_mmr_240,ace,mmr,0.0,0.0,0.0,0.0,0.0,232.0,0.5,0.0
2hop__586343_83289,ace_mmr_240,ace,mmr,1.0,1.0,1.0,0.0,0.0,235.0,1.0,1.0
2hop__91626_96912,ace_mmr_240,ace,mmr,0.0,0.0,0.0,0.2152,0.5,237.0,0.5,0.0
2hop__179322_83289,ace_mmr_240,ace,mmr,0.0,0.0,0.0,0.5811,0.5,222.0,0.5,0.0
2hop__20536_96912,ace_mmr_240,ace,mmr,0.0,0.0,0.0,0.3038,0.5,237.0,0.5,0.0
2hop__865828_377862,ace_mmr_240,ace,mmr,0.0,0.0,0.0,0.1603,0.5,237.0,0.5,0.0
2hop__749997_96912,ace_mmr_240,ace,mmr,0.0,0.0,0.0,0.1704,0.5,223.0,0.5,0.0
2hop__690412_526810,ace_mmr_240,ace,mmr,0.0,0.3333,0.0,0.1705,0.5,217.0,0.5,0.0
2hop__460946_294723,ace_submod_240,ace,submod,0.0,0.0,0.0,0.2393,0.5,234.0,0.5,0.0
2hop__252311_366220,ace_submod_240,ace,submod,0.0,0.0,0.0,0.0,0.0,239.0,0.0,0.0
2hop__701895_752697,ace_submod_240,ace,submod,0.0,0.0,0.0,0.2067,0.5,208.0,0.5,0.0
2hop__259228_793698,ace_submod_240,ace,submod,0.0,0.0,0.0,0.0,0.0,223.0,0.0,0.0
2hop__481349_302087,ace_submod_240,ace,submod,0.0,0.0,0.0,0.2,0.5,215.0,0.5,0.0
2hop__697790_864352,ace_submod_240,ace,submod,0.0,0.0,0.0,0.0,0.0,170.0,0.0,0.0
2hop__207476_625987,ace_submod_240,ace,submod,0.0,0.5,0.0,0.1519,0.5,237.0,0.5,0.0
2hop__390947_232243,ace_submod_240,ace,submod,0.0,0.8,1.0,0.2259,1.0,239.0,1.0,1.0
2hop__354635_174222,ace_submod_240,ace,submod,0.0,0.0,0.0,0.1915,0.5,235.0,0.5,0.0
2hop__635187_861533,ace_submod_240,ace,submod,0.0,0.0,0.0,0.4105,0.5,190.0,0.5,0.0
2hop__166824_185403,ace_submod_240,ace,submod,0.0,0.0,0.0,0.1336,0.5,232.0,0.5,0.0
2hop__698577_851686,ace_submod_240,ace,submod,0.0,0.0,0.0,0.1266,0.5,237.0,0.5,0.0
2hop__362107_652514,ace_submod_240,ace,submod,0.0,0.0,0.0,0.2232,0.5,224.0,0.5,0.0
2hop__402530_774333,ace_submod_240,ace,submod,0.0,0.0,0.0,0.0968,0.5,217.0,0.5,0.0
2hop__195917_575657,ace_submod_240,ace,submod,0.0,0.5,0.0,0.087,0.5,184.0,0.5,0.0
2hop__683835_709167,ace_submod_240,ace,submod,0.0,0.0,0.0,0.3408,0.5,223.0,0.5,0.0
2hop__197470_271394,ace_submod_240,ace,submod,0.0,0.0,0.0,0.1607,1.0,224.0,1.0,1.0
2hop__458131_174974,ace_submod_240,ace,submod,0.0,0.0,0.0,0.2162,0.5,222.0,0.5,0.0
2hop__299142_347613,ace_submod_240,ace,submod,0.0,0.0,0.0,0.1273,0.5,220.0,0.5,0.0
2hop__528263_865831,ace_submod_240,ace,submod,0.0,0.0,0.0,0.3165,0.5,218.0,0.5,0.0
2hop__569582_304416,ace_submod_240,ace,submod,0.0,0.0,0.0,0.3722,1.0,223.0,1.0,1.0
2hop__505860_650613,ace_submod_240,ace,submod,0.0,0.0,0.0,0.1504,0.5,226.0,0.5,0.0
2hop__821197_368148,ace_submod_240,ace,submod,0.0,0.0,1.0,0.5792,1.0,240.0,1.0,1.0
2hop__554167_451128,ace_submod_240,ace,submod,0.0,0.0,0.0,0.2827,0.5,237.0,0.5,0.0
2hop__702496_430061,ace_submod_240,ace,submod,0.0,0.5,0.0,0.2923,0.5,195.0,0.5,0.0
2hop__549146_223121,ace_submod_240,ace,submod,0.0,0.0,0.0,0.1518,0.5,224.0,0.5,0.0
2hop__647996_551681,ace_submod_240,ace,submod,0.0,0.0,0.0,0.178,0.5,236.0,0.5,0.0
2hop__673655_316668,ace_submod_240,ace,submod,0.0,0.0,0.0,0.1333,0.5,240.0,0.5,0.0
2hop__574419_270105,ace_submod_240,ace,submod,0.0,0.0,0.0,0.0971,0.5,175.0,0.5,0.0
2hop__403712_793210,ace_submod_240,ace,submod,0.0,0.2857,1.0,0.4538,1.0,238.0,1.0,1.0
2hop__832795_350510,ace_submod_240,ace,submod,0.0,0.4,0.0,0.1374,0.5,211.0,0.5,0.0
2hop__744055_408817,ace_submod_240,ace,submod,1.0,1.0,1.0,0.2,1.0,230.0,0.5,0.0
2hop__726717_610238,ace_submod_240,ace,submod,0.0,0.4444,1.0,0.3578,1.0,232.0,1.0,1.0
2hop__499577_617190,ace_submod_240,ace,submod,0.0,0.0,0.0,0.2552,0.5,192.0,0.5,0.0
2hop__685280_510757,ace_submod_240,ace,submod,0.0,0.0,0.0,0.2479,0.5,238.0,0.5,0.0
2hop__341305_332933,ace_submod_240,ace,submod,0.0,0.0,0.0,0.1399,0.5,193.0,0.5,0.0
2hop__731228_609866,ace_submod_240,ace,submod,0.0,0.0,0.0,0.2093,0.5,215.0,0.5,0.0
2hop__693444_220151,ace_submod_240,ace,submod,0.0,0.5,0.0,0.316,0.5,231.0,0.5,0.0
2hop__235471_565925,ace_submod_240,ace,submod,0.0,0.5,0.0,0.1447,0.5,235.0,0.5,0.0
2hop__310456_846599,ace_submod_240,ace,submod,0.0,0.0,0.0,0.1448,0.5,221.0,0.5,0.0
2hop__335418_279684,ace_submod_240,ace,submod,0.0,0.0,0.0,0.1031,0.5,223.0,0.5,0.0
2hop__191125_781346,ace_submod_240,ace,submod,0.0,0.0,0.0,0.0886,0.5,237.0,0.5,0.0
2hop__475070_532404,ace_submod_240,ace,submod,0.0,0.0,1.0,0.4068,1.0,236.0,1.0,1.0
2hop__700093_455653,ace_submod_240,ace,submod,0.0,0.0,0.0,0.21,0.5,219.0,0.5,0.0
2hop__512773_346751,ace_submod_240,ace,submod,0.0,0.5,0.0,0.2627,0.5,236.0,0.5,0.0
2hop__411091_625230,ace_submod_240,ace,submod,0.0,0.5,0.0,0.3413,0.5,208.0,0.5,0.0
2hop__423972_540249,ace_submod_240,ace,submod,0.0,0.6667,0.0,0.3262,0.5,233.0,0.5,0.0
2hop__455158_247871,ace_submod_240,ace,submod,0.0,0.0,1.0,0.2443,1.0,176.0,1.0,1.0
2hop__189094_612080,ace_submod_240,ace,submod,0.0,0.0,0.0,0.1101,0.5,227.0,0.5,0.0
2hop__765678_310556,ace_submod_240,ace,submod,0.0,0.0,0.0,0.1613,0.5,217.0,0.5,0.0
2hop__304852_758385,ace_submod_240,ace,submod,0.0,0.0,0.0,0.0981,0.5,214.0,0.5,0.0
2hop__628752_538661,ace_submod_240,ace,submod,0.0,0.0,0.0,0.2332,0.5,223.0,0.5,0.0
2hop__661847_288421,ace_submod_240,ace,submod,0.0,0.0,0.0,0.1653,0.5,236.0,0.5,0.0
2hop__496732_658428,ace_submod_240,ace,submod,0.0,0.5,0.0,0.1354,0.5,192.0,0.5,0.0
2hop__175175_347233,ace_submod_240,ace,submod,0.0,0.0,0.0,0.212,0.5,217.0,0.5,0.0
2hop__496961_554601,ace_submod_240,ace,submod,0.0,0.4,1.0,0.2412,1.0,228.0,1.0,1.0
2hop__274110_413723,ace_submod_240,ace,submod,0.0,0.0,0.0,0.0,0.0,236.0,0.0,0.0
2hop__231890_595414,ace_submod_240,ace,submod,0.0,0.4,0.0,0.2135,0.5,178.0,0.5,0.0
2hop__342746_679190,ace_submod_240,ace,submod,0.0,0.0,0.0,0.0,0.0,204.0,0.0,0.0
2hop__860241_766393,ace_submod_240,ace,submod,0.0,0.0,0.0,0.5,0.5,228.0,0.5,0.0
2hop__29368_29376,ace_submod_240,ace,submod,0.0,0.0,0.0,0.0,0.0,218.0,0.0,0.0
2hop__29367_29376,ace_submod_240,ace,submod,0.0,0.0,0.0,0.0,0.0,204.0,0.0,0.0
2hop__21075_5028,ace_submod_240,ace,submod,0.0,0.0,1.0,0.3899,1.0,218.0,0.5,0.0
2hop__557411_652060,ace_submod_240,ace,submod,0.0,0.0,0.0,0.0,0.0,211.0,0.0,0.0
2hop__677929_696450,ace_submod_240,ace,submod,0.0,0.5,0.0,0.1542,0.5,240.0,0.5,0.0
2hop__132909_33564,ace_submod_240,ace,submod,0.0,0.0,0.0,0.1834,0.5,229.0,0.5,0.0
2hop__199216_33564,ace_submod_240,ace,submod,0.0,0.0,0.0,0.0,0.0,183.0,0.5,0.0
2hop__133241_33564,ace_submod_240,ace,submod,0.0,0.0,0.0,0.0,0.0,206.0,0.5,0.0
2hop__636597_480615,ace_submod_240,ace,submod,0.0,0.0,0.0,0.1579,0.5,228.0,0.5,0.0
2hop__373759_136043,ace_submod_240,ace,submod,0.0,0.0,0.0,0.2478,0.5,226.0,0.5,0.0
2hop__709357_136043,ace_submod_240,ace,submod,0.0,0.0,1.0,0.4703,1.0,236.0,1.0,1.0
2hop__32254_84601,ace_submod_240,ace,submod,0.0,0.0,0.0,0.0,0.0,214.0,0.5,0.0
2hop__471509_136043,ace_submod_240,ace,submod,0.0,0.0,0.0,0.3789,1.0,227.0,1.0,1.0
2hop__87589_362941,ace_submod_240,ace,submod,0.0,0.0,0.0,0.0,0.0,233.0,0.0,0.0
2hop__61318_362941,ace_submod_240,ace,submod,0.0,0.0,0.0,0.1794,0.5,223.0,0.5,0.0
2hop__20268_42004,ace_submod_240,ace,submod,0.0,0.0,1.0,0.4658,1.0,234.0,1.0,1.0
2hop__159902_362941,ace_submod_240,ace,submod,0.0,0.0,0.0,0.0,0.0,237.0,0.0,0.0
2hop__42027_42004,ace_submod_240,ace,submod,0.0,0.0,0.0,0.0,0.0,206.0,0.0,0.0
2hop__648648_173389,ace_submod_240,ace,submod,1.0,1.0,1.0,0.3456,1.0,217.0,0.5,0.0
2hop__477492_240386,ace_submod_240,ace,submod,0.0,0.0,0.0,0.0,0.0,206.0,0.0,0.0
2hop__776377_857193,ace_submod_240,ace,submod,0.0,0.0,0.0,0.225,0.5,240.0,0.5,0.0
2hop__29752_814677,ace_submod_240,ace,submod,0.0,0.0,1.0,0.0,0.0,230.0,0.5,0.0
2hop__77601_814677,ace_submod_240,ace,submod,0.0,0.0,1.0,0.1613,0.5,217.0,1.0,1.0
2hop__497191_129669,ace_submod_240,ace,submod,0.0,0.0,0.0,0.1959,0.5,194.0,0.5,0.0
2hop__311694_129669,ace_submod_240,ace,submod,0.0,0.0,0.0,0.1449,0.5,207.0,0.5,0.0
2hop__819974_129669,ace_submod_240,ace,submod,0.0,0.0,0.0,0.3645,0.5,214.0,0.5,0.0
2hop__199513_13732,ace_submod_240,ace,submod,0.0,0.0,0.0,0.1289,0.5,225.0,0.5,0.0
2hop__13731_801817,ace_submod_240,ace,submod,0.0,0.0,0.0,0.0,0.0,199.0,0.0,0.0
2hop__865961_159109,ace_submod_240,ace,submod,0.0,0.0,0.0,0.2537,0.5,201.0,0.5,0.0
2hop__728887_159109,ace_submod_240,ace,submod,0.0,0.0,0.0,0.0,0.0,218.0,0.0,0.0
2hop__827995_159109,ace_submod_240,ace,submod,0.0,0.0,0.0,0.5133,0.5,226.0,0.5,0.0
2hop__159215_779396,ace_submod_240,ace,submod,0.0,0.0,0.0,0.1727,0.5,220.0,0.5,0.0
2hop__119423_779396,ace_submod_240,ace,submod,0.0,0.0,0.0,0.1164,0.5,232.0,0.5,0.0
2hop__115515_779396,ace_submod_240,ace,submod,0.0,0.0,0.0,0.0,0.0,232.0,0.5,0.0
2hop__665660_135481,ace_submod_240,ace,submod,1.0,1.0,1.0,0.1653,0.5,236.0,1.0,1.0
2hop__201704_135481,ace_submod_240,ace,submod,0.0,0.0,1.0,0.1696,0.5,230.0,1.0,1.0
2hop__861157_135481,ace_submod_240,ace,submod,0.0,0.0,1.0,0.6977,1.0,215.0,1.0,1.0
2hop__495316_660579,ace_submod_240,ace,submod,0.0,0.0,0.0,0.1215,0.5,181.0,0.5,0.0
2hop__478978_124498,ace_submod_240,ace,submod,0.0,0.0,1.0,0.2619,0.5,210.0,0.5,0.0
2hop__543853_124498,ace_submod_240,ace,submod,0.0,0.5,1.0,0.2101,0.5,238.0,0.5,0.0
2hop__335899_124498,ace_submod_240,ace,submod,0.0,0.0,0.0,0.0909,0.5,209.0,0.5,0.0
2hop__517145_367341,ace_submod_240,ace,submod,0.0,0.0,0.0,0.1372,0.5,226.0,0.5,0.0
2hop__92051_827343,ace_submod_240,ace,submod,0.0,0.0,0.0,0.0,0.0,234.0,0.0,0.0
2hop__89764_827343,ace_submod_240,ace,submod,0.0,0.0,0.0,0.0,0.0,221.0,0.5,0.0
2hop__59048_827343,ace_submod_240,ace,submod,0.0,0.0,0.0,0.4044,0.5,225.0,0.0,0.0
2hop__14121_15463,ace_submod_240,ace,submod,1.0,1.0,1.0,0.3042,0.5,240.0,1.0,1.0
2hop__817096_15463,ace_submod_240,ace,submod,0.0,0.0,1.0,0.0,0.0,230.0,0.0,0.0
2hop__14095_15463,ace_submod_240,ace,submod,1.0,1.0,1.0,0.4241,0.5,224.0,1.0,1.0
2hop__485221_544917,ace_submod_240,ace,submod,0.0,0.5,0.0,0.2336,0.5,214.0,0.5,0.0
2hop__198459_61845,ace_submod_240,ace,submod,0.0,0.0,1.0,0.2511,0.5,219.0,1.0,1.0
2hop__563476_61845,ace_submod_240,ace,submod,0.0,0.0,1.0,0.2609,0.5,230.0,0.5,0.0
2hop__622308_61845,ace_submod_240,ace,submod,0.0,0.0,0.0,0.0,0.0,237.0,0.0,0.0
2hop__135653_669373,ace_submod_240,ace,submod,0.0,0.0,0.0,0.0,0.0,211.0,0.5,0.0
2hop__135652_669373,ace_submod_240,ace,submod,0.0,0.0,0.0,0.0,0.0,211.0,0.5,0.0
2hop__135651_669373,ace_submod_240,ace,submod,0.0,0.0,0.0,0.0,0.0,211.0,0.5,0.0
2hop__256336_714772,ace_submod_240,ace,submod,0.0,0.0,0.0,0.0,0.0,199.0,0.0,0.0
2hop__199513_801817,ace_submod_240,ace,submod,0.0,0.0,0.0,0.0,0.0,235.0,0.5,0.0
2hop__391857_162018,ace_submod_240,ace,submod,0.0,0.0,0.0,0.1261,0.5,238.0,0.5,0.0
2hop__645448_77615,ace_submod_240,ace,submod,0.0,0.0,1.0,0.0,0.0,223.0,0.0,0.0
2hop__123104_77615,ace_submod_240,ace,submod,0.0,0.0,0.0,0.1404,0.5,235.0,1.0,1.0
2hop__701525_342810,ace_submod_240,ace,submod,0.0,0.5,0.0,0.0982,0.5,224.0,0.5,0.0
2hop__668407_683671,ace_submod_240,ace,submod,0.0,0.0,1.0,0.2469,0.5,239.0,1.0,1.0
2hop__286093_361551,ace_submod_240,ace,submod,0.0,0.0,0.0,0.2876,0.5,233.0,0.5,0.0
2hop__124592_402641,ace_submod_240,ace,submod,0.0,0.0,1.0,0.5063,1.0,239.0,1.0,1.0
2hop__256553_617289,ace_submod_240,ace,submod,0.0,0.0,1.0,0.0,0.0,226.0,0.5,0.0
2hop__124412_402641,ace_submod_240,ace,submod,0.0,0.5,0.0,0.4854,1.0,239.0,1.0,1.0
2hop__706637_93362,ace_submod_240,ace,submod,0.0,0.0,0.0,0.0,0.0,198.0,0.0,0.0
2hop__780652_93362,ace_submod_240,ace,submod,0.0,0.0,0.0,0.1982,0.5,227.0,0.5,0.0
2hop__771727_93362,ace_submod_240,ace,submod,0.0,0.0,0.0,0.632,0.5,231.0,0.5,0.0
2hop__499003_853511,ace_submod_240,ace,submod,0.0,0.5,0.0,0.125,0.5,208.0,0.5,0.0
2hop__822965_165304,ace_submod_240,ace,submod,0.0,0.0,0.0,0.087,0.5,230.0,0.5,0.0
2hop__156085_436709,ace_submod_240,ace,submod,0.0,0.0,1.0,0.2275,0.5,233.0,0.5,0.0
2hop__31585_61048,ace_submod_240,ace,submod,0.0,0.0,1.0,0.1458,0.5,240.0,0.5,0.0
2hop__94507_654855,ace_submod_240,ace,submod,0.0,0.0,0.0,0.1262,0.5,214.0,0.0,0.0
2hop__82858_654855,ace_submod_240,ace,submod,1.0,1.0,1.0,0.0,0.0,236.0,0.0,0.0
2hop__62823_654855,ace_submod_240,ace,submod,0.0,0.6667,0.0,0.2417,0.5,240.0,0.5,0.0
2hop__827755_156034,ace_submod_240,ace,submod,0.0,0.0,0.0,0.383,0.5,235.0,0.5,0.0
2hop__800166_156034,ace_submod_240,ace,submod,0.0,0.0,0.0,0.2457,0.5,232.0,0.5,0.0
2hop__742831_156034,ace_submod_240,ace,submod,0.0,0.0,0.0,0.2594,0.5,239.0,0.5,0.0
2hop__50910_177869,ace_submod_240,ace,submod,0.0,0.4,1.0,0.1191,0.5,235.0,0.5,0.0
2hop__82270_177869,ace_submod_240,ace,submod,1.0,1.0,1.0,0.0,0.0,211.0,0.5,0.0
2hop__76314_177869,ace_submod_240,ace,submod,0.0,0.0,1.0,0.0,0.0,228.0,1.0,1.0
2hop__401710_456439,ace_submod_240,ace,submod,0.0,0.0,0.0,0.1737,0.5,213.0,0.5,0.0
2hop__613959_135844,ace_submod_240,ace,submod,0.0,0.0,0.0,0.2311,0.5,225.0,0.5,0.0
2hop__258940_135844,ace_submod_240,ace,submod,0.0,0.0,0.0,0.0844,0.5,225.0,0.5,0.0
2hop__747894_135844,ace_submod_240,ace,submod,0.0,0.0,0.0,0.166,0.5,235.0,0.5,0.0
2hop__16581_16525,ace_submod_240,ace,submod,0.0,0.0,0.0,0.0,0.0,226.0,0.0,0.0
2hop__640262_122868,ace_submod_240,ace,submod,0.0,0.0,0.0,0.2723,0.5,224.0,0.5,0.0
2hop__632234_122868,ace_submod_240,ace,submod,0.0,0.0,0.0,0.1179,0.5,229.0,0.5,0.0
2hop__849534_122868,ace_submod_240,ace,submod,0.0,0.0,0.0,0.1463,0.5,205.0,0.5,0.0
2hop__83460_456238,ace_submod_240,ace,submod,0.0,0.0,0.0,0.1532,0.5,235.0,0.5,0.0
2hop__89991_58067,ace_submod_240,ace,submod,0.0,0.0,0.0,0.0,0.0,230.0,0.0,0.0
2hop__160223_58067,ace_submod_240,ace,submod,0.0,0.0,0.0,0.0,0.0,197.0,0.0,0.0
2hop__158010_58067,ace_submod_240,ace,submod,0.0,0.0,0.0,0.0,0.0,230.0,0.0,0.0
2hop__439614_349102,ace_submod_240,ace,submod,0.0,0.6667,1.0,0.2952,1.0,227.0,1.0,1.0
2hop__747758_58067,ace_submod_240,ace,submod,0.0,0.0,0.0,0.2692,0.5,234.0,0.0,0.0
2hop__77775_162341,ace_submod_240,ace,submod,0.0,0.7692,0.0,0.3318,0.5,211.0,0.5,0.0
2hop__55966_162341,ace_submod_240,ace,submod,0.0,0.0,0.0,0.0,0.0,210.0,0.0,0.0
2hop__43776_162341,ace_submod_240,ace,submod,0.0,0.0,1.0,0.1549,0.5,213.0,0.5,0.0
2hop__703493_162341,ace_submod_240,ace,submod,0.0,0.0,0.0,0.2435,0.5,230.0,0.5,0.0
2hop__153573_44085,ace_submod_240,ace,submod,0.0,0.0,0.0,0.0,0.0,205.0,0.5,0.0
2hop__153573_109006,ace_submod_240,ace,submod,0.0,0.0,1.0,0.0,0.0,230.0,0.5,0.0
2hop__153573_45901,ace_submod_240,ace,submod,0.0,0.0,1.0,0.0,0.0,230.0,0.5,0.0
2hop__551235_310309,ace_submod_240,ace,submod,0.0,0.0,0.0,0.2643,0.5,227.0,0.5,0.0
2hop__7046_44085,ace_submod_240,ace,submod,0.0,0.0,0.0,0.4383,0.5,235.0,0.5,0.0
2hop__488811_30078,ace_submod_240,ace,submod,0.0,0.0,0.0,0.0,0.0,229.0,0.5,0.0
2hop__150866_11402,ace_submod_240,ace,submod,0.0,0.0,1.0,0.5451,1.0,233.0,1.0,1.0
2hop__488811_30113,ace_submod_240,ace,submod,0.0,0.0,0.0,0.1614,0.5,223.0,1.0,1.0
2hop__488811_30110,ace_submod_240,ace,submod,0.0,0.0,0.0,0.1055,0.5,237.0,0.5,0.0
2hop__257831_123283,ace_submod_240,ace,submod,0.0,0.0,0.0,0.1362,0.5,235.0,0.5,0.0
2hop__40270_11402,ace_submod_240,ace,submod,0.0,0.0,1.0,0.0,0.0,219.0,0.0,0.0
2hop__847433_11402,ace_submod_240,ace,submod,0.0,0.0,1.0,0.0,0.0,210.0,0.5,0.0
2hop__208602_11402,ace_submod_240,ace,submod,0.0,0.0,1.0,0.0,0.0,210.0,0.5,0.0
2hop__567471_123283,ace_submod_240,ace,submod,0.0,0.0,0.0,0.3474,0.5,190.0,0.5,0.0
2hop__574496_123283,ace_submod_240,ace,submod,0.0,0.0,0.0,0.0,0.0,223.0,0.0,0.0
2hop__8347_8311,ace_submod_240,ace,submod,0.0,0.0,0.0,0.1342,1.0,231.0,1.0,1.0
2hop__71034_343058,ace_submod_240,ace,submod,0.0,0.0,0.0,0.0,0.0,234.0,0.5,0.0
2hop__109131_343058,ace_submod_240,ace,submod,0.0,0.0,0.0,0.1887,0.5,212.0,0.5,0.0
2hop__56851_343058,ace_submod_240,ace,submod,0.0,0.0,0.0,0.3093,0.5,236.0,0.5,0.0
2hop__14092_8311,ace_submod_240,ace,submod,0.0,0.0,0.0,0.0,0.0,237.0,0.0,0.0
2hop__422295_8311,ace_submod_240,ace,submod,0.0,0.0,0.0,0.2576,0.5,229.0,0.5,0.0
2hop__176712_8311,ace_submod_240,ace,submod,0.0,0.0,0.0,0.3426,0.5,216.0,0.5,0.0
2hop__159741_161674,ace_submod_240,ace,submod,1.0,1.0,1.0,0.6208,1.0,240.0,1.0,1.0
2hop__159741_40169,ace_submod_240,ace,submod,0.0,0.6667,1.0,0.2417,0.5,211.0,1.0,1.0
2hop__88906_55840,ace_submod_240,ace,submod,1.0,1.0,1.0,0.2396,0.5,192.0,0.5,0.0
2hop__71755_463572,ace_submod_240,ace,submod,0.0,0.5,0.0,0.0,0.0,237.0,0.0,0.0
2hop__67956_463572,ace_submod_240,ace,submod,0.0,0.5,0.0,0.0,0.0,206.0,0.0,0.0
2hop__398344_85513,ace_submod_240,ace,submod,0.0,0.0,0.0,0.1229,0.5,236.0,0.5,0.0
2hop__42578_55840,ace_submod_240,ace,submod,0.0,0.0,1.0,0.0,0.0,235.0,0.5,0.0
2hop__28203_55840,ace_submod_240,ace,submod,1.0,1.0,1.0,0.1903,0.5,226.0,0.5,0.0
2hop__64323_55840,ace_submod_240,ace,submod,1.0,1.0,1.0,0.0,0.0,223.0,0.5,0.0
2hop__85713_84469,ace_submod_240,ace,submod,0.0,0.0,0.0,0.0,0.0,231.0,0.0,0.0
2hop__79875_84469,ace_submod_240,ace,submod,0.0,0.0,0.0,0.3839,0.5,224.0,0.5,0.0
2hop__79875_72187,ace_submod_240,ace,submod,0.0,0.0,0.0,0.0,0.0,235.0,0.5,0.0
2hop__85713_72187,ace_submod_240,ace,submod,0.0,0.0,0.0,0.0,0.0,235.0,0.5,0.0
2hop__204146_850295,ace_submod_240,ace,submod,0.0,0.0,0.0,0.2417,0.5,240.0,0.5,0.0
2hop__28287_89399,ace_submod_240,ace,submod,0.0,0.0,0.0,0.2043,0.5,230.0,0.5,0.0
2hop__84103_345851,ace_submod_240,ace,submod,0.0,0.0,0.0,0.2227,0.5,238.0,0.5,0.0
2hop__142621_225454,ace_submod_240,ace,submod,0.0,0.5,0.0,0.5214,0.5,234.0,0.5,0.0
2hop__86689_728109,ace_submod_240,ace,submod,1.0,1.0,1.0,0.0,0.0,228.0,0.0,0.0
2hop__38828_89399,ace_submod_240,ace,submod,0.0,0.0,0.0,0.1967,0.5,239.0,0.5,0.0
2hop__587048_621800,ace_submod_240,ace,submod,0.0,0.0,0.0,0.1549,0.5,213.0,0.5,0.0
2hop__86458_20273,ace_submod_240,ace,submod,0.0,0.0,0.0,0.2389,1.0,226.0,1.0,1.0
2hop__609313_20273,ace_submod_240,ace,submod,0.0,0.0,0.0,0.1139,0.5,202.0,1.0,1.0
2hop__799936_20273,ace_submod_240,ace,submod,0.0,0.0,0.0,0.1806,0.5,216.0,0.5,0.0
2hop__13986_161674,ace_submod_240,ace,submod,1.0,1.0,1.0,0.3547,0.5,234.0,1.0,1.0
2hop__433694_20273,ace_submod_240,ace,submod,0.0,0.0,0.0,0.2213,0.5,235.0,0.5,0.0
2hop__13986_40169,ace_submod_240,ace,submod,1.0,1.0,1.0,0.1905,0.5,231.0,1.0,1.0
2hop__25344_88628,ace_submod_240,ace,submod,0.0,0.0,1.0,0.0,0.0,225.0,0.0,0.0
2hop__657913_88628,ace_submod_240,ace,submod,0.0,0.0,0.0,0.1416,0.5,226.0,0.0,0.0
2hop__734057_88628,ace_submod_240,ace,submod,0.0,0.0,0.0,0.4693,0.5,228.0,0.5,0.0
2hop__95878_88628,ace_submod_240,ace,submod,0.0,0.0,1.0,0.0,0.0,225.0,0.5,0.0
2hop__726892_131968,ace_submod_240,ace,submod,0.0,0.0,0.0,0.0,0.0,238.0,0.5,0.0
2hop__693157_131890,ace_submod_240,ace,submod,0.0,0.0,0.0,0.0,0.0,207.0,0.0,0.0
2hop__611178_131968,ace_submod_240,ace,submod,1.0,1.0,1.0,0.233,0.5,206.0,1.0,1.0
2hop__728969_131890,ace_submod_240,ace,submod,0.0,0.0,0.0,0.0844,0.5,237.0,0.0,0.0
2hop__30032_46621,ace_submod_240,ace,submod,0.0,0.0,0.0,0.1584,0.5,221.0,0.5,0.0
2hop__135822_46621,ace_submod_240,ace,submod,0.0,0.0,0.0,0.0,0.0,236.0,0.5,0.0
2hop__581084_828685,ace_submod_240,ace,submod,0.0,0.0,1.0,0.3119,1.0,218.0,1.0,1.0
2hop__40697_46621,ace_submod_240,ace,submod,0.0,0.0,0.0,0.0,0.0,198.0,0.5,0.0
2hop__157737_46621,ace_submod_240,ace,submod,0.0,0.0,0.0,0.5083,0.5,240.0,0.5,0.0
2hop__39063_212301,ace_submod_240,ace,submod,0.0,0.0,0.0,0.0,0.0,229.0,0.5,0.0
2hop__25396_593388,ace_submod_240,ace,submod,0.0,0.5714,0.0,0.0,0.0,234.0,0.5,0.0
2hop__25396_212301,ace_submod_240,ace,submod,0.0,0.0,0.0,0.2803,0.5,239.0,0.5,0.0
2hop__39063_593388,ace_submod_240,ace,submod,0.0,0.0,0.0,0.0,0.0,219.0,0.5,0.0
2hop__153532_72380,ace_submod_240,ace,submod,0.0,0.0,0.0,0.0,0.0,223.0,0.5,0.0
2hop__619265_72380,ace_submod_240,ace,submod,0.0,0.0,0.0,0.0,0.0,233.0,0.5,0.0
2hop__37765_85990,ace_submod_240,ace,submod,0.0,0.0,0.0,0.0,0.0,231.0,0.0,0.0
2hop__623501_297043,ace_submod_240,ace,submod,0.0,0.5,0.0,0.4141,0.5,227.0,0.5,0.0
2hop__46550_85990,ace_submod_240,ace,submod,0.0,0.0,0.0,0.3059,0.5,219.0,0.5,0.0
2hop__30741_85990,ace_submod_240,ace,submod,0.0,0.0,0.0,0.0,0.0,230.0,0.0,0.0
2hop__66149_85990,ace_submod_240,ace,submod,0.0,0.0,0.0,0.1075,0.5,214.0,0.5,0.0
2hop__216535_370666,ace_submod_240,ace,submod,0.0,0.0,0.0,0.1915,0.5,188.0,0.5,0.0
2hop__846388_19320,ace_submod_240,ace,submod,0.0,0.0,0.0,0.0,0.0,217.0,0.5,0.0
2hop__91211_90973,ace_submod_240,ace,submod,1.0,1.0,1.0,0.2455,0.5,220.0,0.5,0.0
2hop__48033_90973,ace_submod_240,ace,submod,0.0,0.0,1.0,0.0,0.0,239.0,0.0,0.0
2hop__64175_90973,ace_submod_240,ace,submod,0.0,0.0,1.0,0.2971,0.5,239.0,0.5,0.0
2hop__50936_90973,ace_submod_240,ace,submod,0.0,0.0,1.0,0.4872,0.5,234.0,0.5,0.0
2hop__599396_19320,ace_submod_240,ace,submod,1.0,1.0,1.0,0.0,0.0,222.0,0.0,0.0
2hop__365236_19320,ace_submod_240,ace,submod,0.0,0.0,0.0,0.5158,0.5,221.0,0.5,0.0
2hop__685045_19320,ace_submod_240,ace,submod,1.0,1.0,1.0,0.3247,0.5,231.0,1.0,1.0
2hop__30384_30351,ace_submod_240,ace,submod,0.0,0.0,1.0,0.0,0.0,220.0,1.0,1.0
2hop__555792_30351,ace_submod_240,ace,submod,0.0,0.0,1.0,0.25,0.5,224.0,0.5,0.0
2hop__431934_30351,ace_submod_240,ace,submod,0.0,0.0,0.0,0.3799,1.0,229.0,0.5,0.0
2hop__708145_30351,ace_submod_240,ace,submod,0.0,0.0,1.0,0.3264,1.0,239.0,1.0,1.0
2hop__837900_71701,ace_submod_240,ace,submod,1.0,1.0,1.0,0.1636,0.5,220.0,0.5,0.0
2hop__278022_71701,ace_submod_240,ace,submod,0.0,0.0,0.0,0.2489,0.5,237.0,0.0,0.0
2hop__10122_18974,ace_submod_240,ace,submod,0.0,0.0,1.0,0.7699,1.0,226.0,1.0,1.0
2hop__370564_71701,ace_submod_240,ace,submod,0.0,0.0,0.0,0.2367,0.5,207.0,0.5,0.0
2hop__753260_71701,ace_submod_240,ace,submod,0.0,0.0,0.0,0.1077,0.5,195.0,0.5,0.0
2hop__631024_18974,ace_submod_240,ace,submod,1.0,1.0,1.0,0.2521,0.5,238.0,1.0,1.0
2hop__36747_18974,ace_submod_240,ace,submod,0.0,0.5,1.0,0.3149,0.5,235.0,0.5,0.0
2hop__10017_18974,ace_submod_240,ace,submod,0.0,0.0,1.0,0.0,0.0,231.0,0.5,0.0
2hop__810411_159673,ace_submod_240,ace,submod,0.0,0.0,0.0,0.2338,0.5,231.0,0.5,0.0
2hop__96062_159673,ace_submod_240,ace,submod,0.0,0.0,0.0,0.2105,0.5,228.0,0.5,0.0
2hop__203985_524737,ace_submod_240,ace,submod,0.0,0.5714,0.0,0.3431,0.5,239.0,0.5,0.0
2hop__77832_159673,ace_submod_240,ace,submod,0.0,0.0,0.0,0.413,0.5,230.0,0.5,0.0
2hop__527400_159673,ace_submod_240,ace,submod,0.0,0.0,0.0,0.1767,0.5,215.0,0.5,0.0
2hop__766973_770570,ace_submod_240,ace,submod,0.0,0.0,0.0,0.1014,0.5,207.0,0.5,0.0
2hop__13592_49388,ace_submod_240,ace,submod,0.0,0.0,0.0,0.0,0.0,197.0,0.5,0.0
2hop__34495_85544,ace_submod_240,ace,submod,0.0,0.0,0.0,0.0,0.0,240.0,0.5,0.0
2hop__34495_49388,ace_submod_240,ace,submod,0.0,0.0,0.0,0.0,0.0,234.0,0.5,0.0
2hop__13592_85544,ace_submod_240,ace,submod,0.0,0.0,0.0,0.2442,0.5,217.0,0.5,0.0
2hop__506035_325512,ace_submod_240,ace,submod,0.0,0.0,0.0,0.3472,0.5,193.0,0.5,0.0
2hop__107690_124896,ace_submod_240,ace,submod,0.0,0.5,0.0,0.171,0.5,193.0,0.5,0.0
2hop__507722_124896,ace_submod_240,ace,submod,0.0,0.0,0.0,0.1355,0.5,214.0,0.5,0.0
2hop__107548_124896,ace_submod_240,ace,submod,0.0,0.0,0.0,0.2435,0.5,230.0,0.5,0.0
2hop__754682_730690,ace_submod_240,ace,submod,0.0,0.0,0.0,0.0,0.0,224.0,0.0,0.0
2hop__68590_27619,ace_submod_240,ace,submod,0.0,0.0,0.0,0.1606,1.0,218.0,1.0,1.0
2hop__269076_449113,ace_submod_240,ace,submod,0.0,0.0,0.0,0.0,0.0,228.0,0.0,0.0
2hop__27650_27619,ace_submod_240,ace,submod,0.0,0.0,0.0,0.0,0.0,240.0,0.0,0.0
2hop__68590_27628,ace_submod_240,ace,submod,0.0,0.0,0.0,0.2194,1.0,237.0,1.0,1.0
2hop__809785_606637,ace_submod_240,ace,submod,0.0,0.0,0.0,0.2196,0.5,214.0,0.5,0.0
2hop__27650_27628,ace_submod_240,ace,submod,0.0,0.0,0.0,0.0,0.0,224.0,0.0,0.0
2hop__656411_345851,ace_submod_240,ace,submod,1.0,1.0,1.0,0.0,0.0,227.0,1.0,1.0
2hop__24661_66233,ace_submod_240,ace,submod,1.0,1.0,1.0,0.1726,0.5,226.0,0.5,0.0
2hop__329676_119915,ace_submod_240,ace,submod,0.0,0.0,0.0,0.2132,0.5,197.0,0.5,0.0
2hop__539184_119915,ace_submod_240,ace,submod,0.0,0.0,0.0,0.3958,0.5,240.0,0.5,0.0
2hop__26642_81961,ace_submod_240,ace,submod,0.0,0.4,0.0,0.0,0.0,231.0,0.5,0.0
2hop__24661_81961,ace_submod_240,ace,submod,1.0,1.0,1.0,0.0,0.0,212.0,0.0,0.0
2hop__233551_746883,ace_submod_240,ace,submod,0.0,0.0,0.0,0.1244,0.5,201.0,0.5,0.0
2hop__26642_66233,ace_submod_240,ace,submod,0.0,0.4,0.0,0.1435,0.5,223.0,0.5,0.0
2hop__124933_653666,ace_submod_240,ace,submod,0.0,0.3333,1.0,0.1772,0.5,237.0,1.0,1.0
2hop__76402_653666,ace_submod_240,ace,submod,0.0,0.3333,1.0,0.0,0.0,236.0,0.5,0.0
2hop__73717_653666,ace_submod_240,ace,submod,1.0,1.0,1.0,0.3435,0.5,230.0,1.0,1.0
2hop__252521_80650,ace_submod_240,ace,submod,0.0,0.0,1.0,0.4118,1.0,238.0,1.0,1.0
2hop__538735_3296,ace_submod_240,ace,submod,1.0,1.0,1.0,0.1379,0.5,232.0,0.5,0.0
2hop__538735_3299,ace_submod_240,ace,submod,0.0,0.0,0.0,0.0,0.0,235.0,0.0,0.0
2hop__811015_3300,ace_submod_240,ace,submod,0.0,0.0,0.0,0.1653,0.5,236.0,0.5,0.0
2hop__3131_3300,ace_submod_240,ace,submod,0.0,0.0,0.0,0.0,0.0,239.0,0.0,0.0
2hop__143915_68489,ace_submod_240,ace,submod,0.0,0.0,0.0,0.1754,0.5,228.0,0.5,0.0
2hop__593688_292889,ace_submod_240,ace,submod,0.0,0.0,0.0,0.0889,0.5,225.0,0.5,0.0
2hop__598467_68489,ace_submod_240,ace,submod,0.0,0.0,0.0,0.0,0.0,229.0,0.5,0.0
2hop__142842_68489,ace_submod_240,ace,submod,0.0,0.0,0.0,0.0,0.0,237.0,0.5,0.0
2hop__230022_68489,ace_submod_240,ace,submod,0.0,0.0,0.0,0.1715,0.5,239.0,0.5,0.0
2hop__78756_198548,ace_submod_240,ace,submod,0.0,0.0,0.0,0.16,0.5,225.0,0.5,0.0
2hop__47808_198548,ace_submod_240,ace,submod,0.0,0.0,0.0,0.0925,0.5,227.0,0.5,0.0
2hop__70584_198548,ace_submod_240,ace,submod,0.0,0.0,0.0,0.1938,0.5,227.0,0.5,0.0
2hop__84172_198548,ace_submod_240,ace,submod,0.0,0.0,0.0,0.1525,0.5,236.0,0.5,0.0
2hop__415518_616002,ace_submod_240,ace,submod,0.0,0.0,0.0,0.1883,0.5,223.0,0.5,0.0
2hop__75207_46837,ace_submod_240,ace,submod,0.0,0.0,1.0,0.0,0.0,235.0,0.0,0.0
2hop__75207_7363,ace_submod_240,ace,submod,0.0,0.0,0.0,0.0,0.0,168.0,0.0,0.0
2hop__671664_646310,ace_submod_240,ace,submod,0.0,0.0,0.0,0.0909,0.5,231.0,0.5,0.0
2hop__75207_365216,ace_submod_240,ace,submod,0.0,0.6667,1.0,0.1034,0.5,232.0,0.5,0.0
2hop__75207_53316,ace_submod_240,ace,submod,0.0,0.0,0.0,0.0,0.0,237.0,0.0,0.0
2hop__736167_74735,ace_submod_240,ace,submod,0.0,0.0,1.0,0.0,0.0,211.0,0.0,0.0
2hop__384238_74735,ace_submod_240,ace,submod,0.0,0.0,1.0,0.0,0.0,240.0,0.0,0.0
2hop__763380_74735,ace_submod_240,ace,submod,0.0,0.0,1.0,0.4955,0.5,224.0,0.5,0.0
2hop__789398_74735,ace_submod_240,ace,submod,0.0,0.0,1.0,0.3864,0.5,220.0,0.5,0.0
2hop__30905_213732,ace_submod_240,ace,submod,0.0,0.0,0.0,0.1807,0.5,238.0,0.5,0.0
2hop__44522_58556,ace_submod_240,ace,submod,0.0,0.0,0.0,0.0,0.0,231.0,0.0,0.0
2hop__58939_189318,ace_submod_240,ace,submod,0.0,0.0,0.0,0.0,0.0,216.0,0.0,0.0
2hop__58939_213732,ace_submod_240,ace,submod,0.0,0.0,0.0,0.0,0.0,231.0,0.0,0.0
2hop__30905_189318,ace_submod_240,ace,submod,0.0,0.0,1.0,0.1197,0.5,234.0,1.0,1.0
2hop__16446_58556,ace_submod_240,ace,submod,0.0,0.2222,0.0,0.0,0.0,234.0,0.0,0.0
2hop__35686_58556,ace_submod_240,ace,submod,0.0,0.0,0.0,0.0,0.0,240.0,0.0,0.0
2hop__723404_58556,ace_submod_240,ace,submod,0.0,0.0,0.0,0.2275,0.5,233.0,0.5,0.0
2hop__95773_51329,ace_submod_240,ace,submod,0.0,0.0,0.0,0.0875,0.5,240.0,0.5,0.0
2hop__696442_51329,ace_submod_240,ace,submod,0.0,0.0,0.0,0.0,0.0,222.0,0.0,0.0
2hop__591435_51329,ace_submod_240,ace,submod,0.0,0.0,0.0,0.2117,0.5,222.0,0.5,0.0
2hop__753715_51329,ace_submod_240,ace,submod,0.0,0.0,0.0,0.1532,0.5,222.0,0.5,0.0
2hop__142443_768138,ace_submod_240,ace,submod,0.0,0.5,0.0,0.1653,0.5,236.0,0.5,0.0
2hop__37097_53663,ace_submod_240,ace,submod,0.0,0.0,0.0,0.0,0.0,230.0,0.5,0.0
2hop__82669_768138,ace_submod_240,ace,submod,0.0,0.0,0.0,0.0,0.0,217.0,0.5,0.0
2hop__63982_768138,ace_submod_240,ace,submod,0.0,0.0,0.0,0.0,0.0,235.0,0.0,0.0
2hop__2416_53663,ace_submod_240,ace,submod,0.0,0.0,0.0,0.2703,0.5,222.0,0.5,0.0
2hop__678516_179720,ace_submod_240,ace,submod,0.0,0.0,0.0,0.2788,0.5,226.0,0.5,0.0
2hop__39954_80940,ace_submod_240,ace,submod,0.0,0.0,0.0,0.0,0.0,212.0,0.5,0.0
2hop__39954_80303,ace_submod_240,ace,submod,0.0,0.0,0.0,0.0,0.0,194.0,1.0,1.0
2hop__39954_65371,ace_submod_240,ace,submod,0.0,0.0,0.0,0.0,0.0,209.0,0.5,0.0
2hop__385392_756039,ace_submod_240,ace,submod,0.0,0.0,0.0,0.2896,0.5,221.0,0.5,0.0
2hop__557743_92763,ace_submod_240,ace,submod,0.0,0.0,0.0,0.1441,0.5,236.0,0.5,0.0
2hop__403060_92763,ace_submod_240,ace,submod,0.0,0.0,0.0,0.1496,0.5,234.0,1.0,1.0
2hop__29349_92763,ace_submod_240,ace,submod,0.0,0.0,0.0,0.2251,0.5,231.0,0.5,0.0
2hop__267938_92763,ace_submod_240,ace,submod,0.0,0.0,0.0,0.3348,0.5,221.0,0.0,0.0
2hop__142198_152093,ace_submod_240,ace,submod,0.0,0.0,0.0,0.0,0.0,225.0,0.5,0.0
2hop__632161_643449,ace_submod_240,ace,submod,0.0,0.0,0.0,0.2278,0.5,237.0,0.5,0.0
2hop__170914_152093,ace_submod_240,ace,submod,0.0,0.0,0.0,0.1097,0.5,237.0,0.5,0.0
2hop__705035_152093,ace_submod_240,ace,submod,0.0,0.0,0.0,0.0925,0.5,227.0,0.5,0.0
2hop__143650_152023,ace_submod_240,ace,submod,0.0,0.3333,0.0,0.2217,0.5,230.0,0.5,0.0
2hop__203437_152093,ace_submod_240,ace,submod,0.0,0.0,0.0,0.2757,0.5,214.0,0.5,0.0
2hop__559273_152023,ace_submod_240,ace,submod,0.0,0.3333,0.0,0.2189,0.5,233.0,0.5,0.0
2hop__374767_152023,ace_submod_240,ace,submod,0.0,0.0,0.0,0.1916,0.5,214.0,0.5,0.0
2hop__409166_152023,ace_submod_240,ace,submod,0.0,0.3333,0.0,0.1404,0.5,235.0,0.5,0.0
2hop__48784_70131,ace_submod_240,ace,submod,0.0,0.0,0.0,0.0,0.0,215.0,0.0,0.0
2hop__452580_70131,ace_submod_240,ace,submod,0.0,0.0,0.0,0.5261,0.5,211.0,0.5,0.0
2hop__464479_70131,ace_submod_240,ace,submod,0.0,0.0,0.0,0.3365,0.5,211.0,1.0,1.0
2hop__552546_70131,ace_submod_240,ace,submod,0.0,0.0,0.0,0.2417,0.5,240.0,0.5,0.0
2hop__124807_135019,ace_submod_240,ace,submod,0.0,0.0,1.0,0.2311,0.5,225.0,0.5,0.0
2hop__605207_135019,ace_submod_240,ace,submod,0.0,0.0,0.0,0.0,0.0,238.0,0.0,0.0
2hop__271045_68633,ace_submod_240,ace,submod,0.0,0.0,0.0,0.1327,0.5,226.0,0.5,0.0
2hop__645367_68633,ace_submod_240,ace,submod,0.0,0.0,0.0,0.5172,0.5,232.0,0.5,0.0
2hop__853227_68633,ace_submod_240,ace,submod,0.0,0.0,0.0,0.146,0.5,226.0,0.5,0.0
2hop__374495_68633,ace_submod_240,ace,submod,0.0,0.0,0.0,0.2288,0.5,236.0,0.5,0.0
2hop__391873_88622,ace_submod_240,ace,submod,0.0,0.0,0.0,0.1925,0.5,239.0,0.5,0.0
2hop__315246_88622,ace_submod_240,ace,submod,0.0,0.0,0.0,0.1703,0.5,229.0,0.5,0.0
2hop__498061_88622,ace_submod_240,ace,submod,0.0,0.0,0.0,0.2941,0.5,238.0,0.5,0.0
2hop__554145_88622,ace_submod_240,ace,submod,0.0,0.0,0.0,0.2982,0.5,228.0,0.5,0.0
2hop__66708_573255,ace_submod_240,ace,submod,0.0,0.0,0.0,0.0,0.0,232.0,0.5,0.0
2hop__49887_573255,ace_submod_240,ace,submod,0.0,0.0,0.0,0.2398,0.5,221.0,0.5,0.0
2hop__126188_396277,ace_submod_240,ace,submod,1.0,1.0,1.0,0.3302,0.5,212.0,1.0,1.0
2hop__126306_396277,ace_submod_240,ace,submod,0.0,0.0,0.0,0.11,0.5,209.0,0.5,0.0
2hop__126299_396277,ace_submod_240,ace,submod,0.0,0.0,0.0,0.0,0.0,223.0,0.0,0.0
2hop__77518_548781,ace_submod_240,ace,submod,0.0,0.0,0.0,0.3151,0.5,219.0,0.5,0.0
2hop__53175_548781,ace_submod_240,ace,submod,0.0,0.0,0.0,0.1404,0.5,228.0,0.0,0.0
2hop__613779_55984,ace_submod_240,ace,submod,1.0,1.0,1.0,0.1308,0.5,214.0,0.5,0.0
2hop__559076_55984,ace_submod_240,ace,submod,1.0,1.0,1.0,0.3465,0.5,228.0,1.0,1.0
2hop__275891_55984,ace_submod_240,ace,submod,1.0,1.0,1.0,0.3623,1.0,207.0,0.5,0.0
2hop__435087_55984,ace_submod_240,ace,submod,0.0,0.0,1.0,0.3798,1.0,208.0,1.0,1.0
2hop__21991_43945,ace_submod_240,ace,submod,0.0,0.1053,0.0,0.1787,0.5,207.0,0.5,0.0
2hop__269766_43945,ace_submod_240,ace,submod,0.0,0.2,0.0,0.5092,0.5,218.0,0.5,0.0
2hop__170341_43945,ace_submod_240,ace,submod,0.0,0.1053,0.0,0.5942,1.0,207.0,0.5,0.0
2hop__69765_43945,ace_submod_240,ace,submod,0.0,0.0,0.0,0.3009,0.5,226.0,1.0,1.0
2hop__414193_176917,ace_submod_240,ace,submod,0.0,0.0,0.0,0.125,0.5,240.0,0.5,0.0
2hop__2416_86208,ace_submod_240,ace,submod,0.0,0.0,0.0,0.0,0.0,232.0,0.0,0.0
2hop__37097_86208,ace_submod_240,ace,submod,0.0,0.0,0.0,0.6133,1.0,225.0,0.5,0.0
2hop__231805_514393,ace_submod_240,ace,submod,0.0,0.0,0.0,0.1268,0.5,213.0,0.5,0.0
2hop__16581_16569,ace_submod_240,ace,submod,0.0,0.0,0.0,0.0,0.0,237.0,0.0,0.0
2hop__156044_57816,ace_submod_240,ace,submod,1.0,1.0,1.0,0.0,0.0,222.0,0.5,0.0
2hop__754753_57816,ace_submod_240,ace,submod,1.0,1.0,1.0,0.1486,0.5,222.0,0.5,0.0
2hop__510679_57816,ace_submod_240,ace,submod,1.0,1.0,1.0,0.2581,0.5,217.0,0.5,0.0
2hop__663184_57816,ace_submod_240,ace,submod,1.0,1.0,1.0,0.4054,0.5,222.0,1.0,1.0
2hop__47071_162399,ace_submod_240,ace,submod,0.0,0.0,0.0,0.0,0.0,222.0,0.5,0.0
2hop__580231_162399,ace_submod_240,ace,submod,1.0,1.0,1.0,0.2792,1.0,240.0,1.0,1.0
2hop__619265_45326,ace_submod_240,ace,submod,0.0,0.0,0.0,0.0,0.0,222.0,0.5,0.0
2hop__153532_45326,ace_submod_240,ace,submod,0.0,0.0,0.0,0.3288,0.5,222.0,0.5,0.0
2hop__455392_40315,ace_submod_240,ace,submod,0.0,0.0,0.0,0.2315,0.5,216.0,1.0,1.0
2hop__763840_144857,ace_submod_240,ace,submod,0.0,0.0,0.0,0.0941,0.5,202.0,0.5,0.0
2hop__227031_144857,ace_submod_240,ace,submod,0.0,0.0,0.0,0.0,0.0,186.0,0.0,0.0
2hop__168816_144857,ace_submod_240,ace,submod,0.0,0.0,0.0,0.1653,0.5,236.0,0.5,0.0
2hop__312223_144857,ace_submod_240,ace,submod,0.0,0.0,0.0,0.1429,0.5,238.0,0.5,0.0
2hop__85463_66122,ace_submod_240,ace,submod,0.0,0.0,0.0,0.0,0.0,232.0,0.5,0.0
2hop__289517_139339,ace_submod_240,ace,submod,0.0,0.0,0.0,0.2535,0.5,217.0,0.5,0.0
2hop__507528_139339,ace_submod_240,ace,submod,0.0,0.0,0.0,0.2,0.5,220.0,0.5,0.0
2hop__85463_54688,ace_submod_240,ace,submod,0.0,0.6667,0.0,0.0,0.0,219.0,0.0,0.0
2hop__669160_139339,ace_submod_240,ace,submod,0.0,0.0,0.0,0.2198,0.5,232.0,0.5,0.0
2hop__332453_139339,ace_submod_240,ace,submod,0.0,0.0,0.0,0.2329,0.5,219.0,0.5,0.0
2hop__85463_50252,ace_submod_240,ace,submod,0.0,0.4,1.0,0.0,0.0,223.0,0.5,0.0
2hop__85463_33311,ace_submod_240,ace,submod,0.0,0.0,0.0,0.0,0.0,239.0,0.5,0.0
2hop__60229_38663,ace_submod_240,ace,submod,0.0,0.0,1.0,0.2591,0.5,220.0,0.5,0.0
2hop__706038_14251,ace_submod_240,ace,submod,0.0,0.0,0.0,0.469,0.5,226.0,1.0,1.0
2hop__821368_14251,ace_submod_240,ace,submod,0.0,0.0,0.0,0.6872,1.0,227.0,1.0,1.0
2hop__857585_14251,ace_submod_240,ace,submod,0.0,0.0,0.0,0.3675,0.5,234.0,1.0,1.0
2hop__60229_1783,ace_submod_240,ace,submod,0.0,0.0,0.0,0.0,0.0,231.0,0.0,0.0
2hop__83405_158262,ace_submod_240,ace,submod,0.0,0.0,1.0,0.0,0.0,222.0,0.0,0.0
2hop__57543_158262,ace_submod_240,ace,submod,0.0,0.0,0.0,0.3249,0.5,237.0,0.5,0.0
2hop__62020_158262,ace_submod_240,ace,submod,0.0,0.0,1.0,0.0,0.0,219.0,0.5,0.0
2hop__358582_189042,ace_submod_240,ace,submod,0.0,0.4,0.0,0.2,0.5,240.0,0.5,0.0
2hop__450600_158262,ace_submod_240,ace,submod,0.0,0.0,1.0,0.2763,0.5,228.0,0.5,0.0
2hop__78401_158262,ace_submod_240,ace,submod,0.0,0.0,1.0,0.0,0.0,239.0,0.0,0.0
2hop__121145_561444,ace_submod_240,ace,submod,0.0,0.0,0.0,0.1802,0.5,222.0,0.5,0.0
2hop__125412_544665,ace_submod_240,ace,submod,0.0,0.0,0.0,0.2254,0.5,173.0,0.5,0.0
2hop__135668_561444,ace_submod_240,ace,submod,0.0,0.0,1.0,0.1921,0.5,229.0,1.0,1.0
2hop__144317_120065,ace_submod_240,ace,submod,0.0,0.0,0.0,0.2159,0.5,227.0,0.5,0.0
2hop__451574_120065,ace_submod_240,ace,submod,0.0,0.0,0.0,0.1447,0.5,235.0,0.5,0.0
2hop__159146_120065,ace_submod_240,ace,submod,0.0,0.0,0.0,0.0,0.0,225.0,0.0,0.0
2hop__123166_47134,ace_submod_240,ace,submod,0.0,0.0,0.0,0.2639,0.5,216.0,0.5,0.0
2hop__326404_120065,ace_submod_240,ace,submod,0.0,0.0,0.0,0.1493,0.5,221.0,0.5,0.0
2hop__123545_47134,ace_submod_240,ace,submod,1.0,1.0,1.0,0.3911,0.5,225.0,0.5,0.0
2hop__107905_110222,ace_submod_240,ace,submod,0.0,0.0,0.0,0.2535,0.5,213.0,0.5,0.0
2hop__351045_47134,ace_submod_240,ace,submod,0.0,0.0,0.0,0.2821,0.5,234.0,0.5,0.0
2hop__347652_47134,ace_submod_240,ace,submod,1.0,1.0,1.0,0.4626,0.5,214.0,0.5,0.0
2hop__846844_47134,ace_submod_240,ace,submod,0.0,0.0,0.0,0.3188,0.5,229.0,0.5,0.0
2hop__107601_110222,ace_submod_240,ace,submod,0.0,0.6667,1.0,0.1324,0.5,219.0,0.5,0.0
2hop__175168_110222,ace_submod_240,ace,submod,0.0,0.0,0.0,0.2205,0.5,195.0,0.5,0.0
2hop__503085_110222,ace_submod_240,ace,submod,0.0,0.5,1.0,0.687,1.0,230.0,1.0,1.0
2hop__293131_110222,ace_submod_240,ace,submod,0.0,0.0,0.0,0.0,0.0,193.0,0.0,0.0
2hop__46376_158105,ace_submod_240,ace,submod,0.0,0.125,0.0,0.1423,0.5,239.0,0.5,0.0
2hop__13106_158105,ace_submod_240,ace,submod,0.0,0.0,1.0,0.2269,0.5,238.0,0.5,0.0
2hop__55552_158105,ace_submod_240,ace,submod,0.0,0.9524,1.0,0.3902,0.5,205.0,1.0,1.0
2hop__417937_158105,ace_submod_240,ace,submod,0.0,0.0,0.0,0.1953,0.5,215.0,0.5,0.0
2hop__85455_158105,ace_submod_240,ace,submod,0.0,0.0,0.0,0.1794,0.5,223.0,0.5,0.0
2hop__73615_16848,ace_submod_240,ace,submod,0.0,0.0,0.0,0.0,0.0,222.0,0.5,0.0
2hop__73615_42173,ace_submod_240,ace,submod,0.0,0.0,0.0,0.0,0.0,233.0,0.5,0.0
2hop__238499_431914,ace_submod_240,ace,submod,0.0,0.0,0.0,0.2242,0.5,223.0,1.0,1.0
2hop__16844_42173,ace_submod_240,ace,submod,0.0,0.0,0.0,0.0,0.0,215.0,0.5,0.0
2hop__311931_417706,ace_submod_240,ace,submod,0.0,0.1667,0.0,0.1667,0.5,228.0,0.5,0.0
2hop__16844_20510,ace_submod_240,ace,submod,0.0,0.0,0.0,0.0,0.0,215.0,0.5,0.0
2hop__73615_20510,ace_submod_240,ace,submod,0.0,0.0,0.0,0.0,0.0,233.0,0.5,0.0
2hop__593397_224832,ace_submod_240,ace,submod,1.0,1.0,1.0,0.2257,0.5,226.0,0.5,0.0
2hop__156658_155922,ace_submod_240,ace,submod,0.0,0.0,0.0,0.1223,0.5,188.0,0.5,0.0
2hop__814408_155922,ace_submod_240,ace,submod,0.0,0.0,0.0,0.0,0.0,226.0,0.5,0.0
2hop__155781_155922,ace_submod_240,ace,submod,0.0,0.0,0.0,0.0,0.0,211.0,0.5,0.0
2hop__81682_707195,ace_submod_240,ace,submod,1.0,1.0,1.0,0.1164,0.5,232.0,0.5,0.0
2hop__852657_155922,ace_submod_240,ace,submod,0.0,0.0,1.0,0.1455,0.5,213.0,1.0,1.0
2hop__149862_108549,ace_submod_240,ace,submod,0.0,0.0,0.0,0.1857,0.5,237.0,0.5,0.0
2hop__669456_108549,ace_submod_240,ace,submod,0.0,0.0,0.0,0.4395,0.5,223.0,0.5,0.0
2hop__358270_108549,ace_submod_240,ace,submod,0.0,0.0,0.0,0.1596,0.5,213.0,0.0,0.0
2hop__149983_108549,ace_submod_240,ace,submod,0.0,0.0,0.0,0.0,0.0,219.0,0.0,0.0
2hop__608902_653666,ace_submod_240,ace,submod,0.0,0.0,0.0,0.1168,0.5,214.0,0.5,0.0
2hop__149710_108549,ace_submod_240,ace,submod,0.0,0.0,1.0,0.5522,0.5,230.0,1.0,1.0
2hop__61664_786853,ace_submod_240,ace,submod,0.0,0.0,0.0,0.2297,0.5,209.0,0.0,0.0
2hop__60686_229757,ace_submod_240,ace,submod,0.0,0.0,0.0,0.0,0.0,217.0,0.5,0.0
2hop__55032_786853,ace_submod_240,ace,submod,0.0,0.0,0.0,0.2297,0.5,209.0,0.0,0.0
2hop__67660_158861,ace_submod_240,ace,submod,1.0,1.0,1.0,0.0,0.0,205.0,0.0,0.0
2hop__63483_786853,ace_submod_240,ace,submod,0.0,0.0,0.0,0.0,0.0,192.0,0.5,0.0
2hop__67660_81007,ace_submod_240,ace,submod,1.0,1.0,1.0,0.0,0.0,237.0,0.0,0.0
2hop__825727_584042,ace_submod_240,ace,submod,0.0,0.0,0.0,0.1549,0.5,226.0,0.5,0.0
2hop__91667_67223,ace_submod_240,ace,submod,0.0,0.5,0.0,0.1577,0.5,222.0,0.5,0.0
2hop__91667_81007,ace_submod_240,ace,submod,1.0,1.0,1.0,0.0,0.0,240.0,0.0,0.0
2hop__245835_762148,ace_submod_240,ace,submod,0.0,0.0,0.0,0.1667,0.5,228.0,0.5,0.0
2hop__67660_67223,ace_submod_240,ace,submod,0.0,0.5,0.0,0.0,0.0,236.0,0.0,0.0
2hop__152052_141308,ace_submod_240,ace,submod,0.0,0.5,1.0,0.3795,0.5,224.0,0.5,0.0
2hop__151705_141308,ace_submod_240,ace,submod,0.0,0.0,1.0,0.0,0.0,221.0,0.5,0.0
2hop__501624_181960,ace_submod_240,ace,submod,0.0,0.0,0.0,0.1171,0.5,222.0,0.5,0.0
2hop__152700_141308,ace_submod_240,ace,submod,0.0,0.5,1.0,0.1652,0.5,230.0,1.0,1.0
2hop__596188_297986,ace_submod_240,ace,submod,0.0,0.0,0.0,0.1364,0.5,220.0,0.5,0.0
2hop__151750_141308,ace_submod_240,ace,submod,0.0,0.5,0.0,0.3147,0.5,232.0,1.0,1.0
2hop__152027_141308,ace_submod_240,ace,submod,0.0,0.0,0.0,0.2678,0.5,239.0,0.5,0.0
2hop__157498_127908,ace_submod_240,ace,submod,1.0,1.0,0.0,0.2719,0.5,217.0,0.5,0.0
2hop__179149_396277,ace_submod_240,ace,submod,0.0,0.0,0.0,0.3231,0.5,229.0,0.5,0.0
2hop__448615_127908,ace_submod_240,ace,submod,0.0,0.8571,1.0,0.3632,1.0,223.0,0.5,0.0
2hop__423874_128023,ace_submod_240,ace,submod,0.0,0.4,0.0,0.2675,0.5,228.0,0.5,0.0
2hop__108158_83769,ace_submod_240,ace,submod,0.0,0.0,0.0,0.1923,0.5,234.0,0.5,0.0
2hop__72118_83769,ace_submod_240,ace,submod,0.0,0.0,0.0,0.0,0.0,215.0,0.0,0.0
2hop__72686_83769,ace_submod_240,ace,submod,0.0,0.0,0.0,0.3013,0.5,239.0,0.5,0.0
2hop__424908_500483,ace_submod_240,ace,submod,0.0,0.0,1.0,0.5815,1.0,184.0,1.0,1.0
2hop__646573_83769,ace_submod_240,ace,submod,0.0,0.0,0.0,0.1883,0.5,239.0,0.5,0.0
2hop__169443_83769,ace_submod_240,ace,submod,0.0,0.0,0.0,0.4612,0.5,219.0,0.5,0.0
2hop__394720_120259,ace_submod_240,ace,submod,0.0,0.0,0.0,0.2101,0.5,238.0,0.5,0.0
2hop__88953_64006,ace_submod_240,ace,submod,0.0,0.0,1.0,0.2574,0.5,237.0,0.5,0.0
2hop__315072_120259,ace_submod_240,ace,submod,0.0,0.0,0.0,0.0,0.0,233.0,0.0,0.0
2hop__511454_120259,ace_submod_240,ace,submod,0.0,0.0,0.0,0.0,0.0,200.0,0.0,0.0
2hop__603365_120259,ace_submod_240,ace,submod,0.0,0.0,0.0,0.3174,0.5,230.0,0.5,0.0
2hop__5190_64006,ace_submod_240,ace,submod,0.0,0.0,1.0,0.6102,0.5,236.0,0.0,0.0
2hop__107185_64006,ace_submod_240,ace,submod,0.0,0.0,0.0,0.1455,0.5,220.0,0.5,0.0
2hop__418941_429437,ace_submod_240,ace,submod,0.0,0.5,0.0,0.4798,0.5,223.0,0.5,0.0
2hop__62951_64006,ace_submod_240,ace,submod,0.0,0.0,0.0,0.265,0.5,234.0,0.5,0.0
2hop__575188_342798,ace_submod_240,ace,submod,0.0,0.0,0.0,0.0925,0.5,227.0,0.5,0.0
2hop__691455_64006,ace_submod_240,ace,submod,0.0,0.0,1.0,0.1747,0.5,229.0,0.5,0.0
2hop__64372_83289,ace_submod_240,ace,submod,0.0,0.0,0.0,0.0,0.0,228.0,0.5,0.0
2hop__88406_83289,ace_submod_240,ace,submod,0.0,0.0,0.0,0.5614,1.0,228.0,0.5,0.0
2hop__194469_83289,ace_submod_240,ace,submod,0.0,0.0,0.0,0.0,0.0,217.0,0.5,0.0
2hop__586343_83289,ace_submod_240,ace,submod,0.0,0.0,0.0,0.0,0.0,234.0,1.0,1.0
2hop__91626_96912,ace_submod_240,ace,submod,0.0,0.0,0.0,0.2189,0.5,233.0,0.5,0.0
2hop__179322_83289,ace_submod_240,ace,submod,0.0,0.0,0.0,0.3551,0.5,214.0,0.5,0.0
2hop__20536_96912,ace_submod_240,ace,submod,0.0,0.0,0.0,0.3,0.5,240.0,0.5,0.0
2hop__865828_377862,ace_submod_240,ace,submod,0.0,0.0,0.0,0.1603,0.5,237.0,0.5,0.0
2hop__749997_96912,ace_submod_240,ace,submod,0.0,0.0,0.0,0.1696,0.5,224.0,0.5,0.0
2hop__690412_526810,ace_submod_240,ace,submod,0.0,0.0,0.0,0.1637,0.5,226.0,0.5,0.0
