qid,question,rule_policy,oracle_policy,chunk_confidence,bm25_confidence,hybrid_confidence,ace_confidence,ace_chunk_doc_jaccard,chunk_packed_220_tokens,chunk_packed_220_doc_count,chunk_packed_220_em,chunk_packed_220_f1,ace_packed_220_tokens,ace_packed_220_doc_count,ace_packed_220_em,ace_packed_220_f1,ace_focused_220_tokens,ace_focused_220_doc_count,ace_focused_220_em,ace_focused_220_f1
5ae2138c5542997283cd23b7,Are Villa Paletti and Betrayal at House on the Hill both board games?,ace_packed_220,ace_focused_220,0.32552835867687924,0.32129415860061056,0.32443728299235675,0.37973847676001504,0.6666666666666666,206,5,0.0,0.0,215,4,0.0,0.0,204,3,0.0,0.0
5a77152355429966f1a36c2e,What was the Roud Folk Song Index of the nursery rhyme inspiring What Are Little Girls Made Of?,chunk_packed_220,chunk_packed_220,0.4387607632469057,0.48058607833621503,0.4753423268598834,0.4215055584213204,0.1111111111111111,213,5,0.0,0.0,219,5,0.0,0.0,219,4,0.0,0.0
5ade99ad554299728e26c75d,"How many acts is the ballet Rita Sangalli premiered in, in the year 1876?",chunk_packed_220,chunk_packed_220,0.3503966090221361,0.3000665245294741,0.35722496414329585,0.338286299187917,0.6666666666666666,194,4,0.0,0.4,214,5,0.0,0.0,195,5,0.0,0.4
5ab81cff5542990e739ec827,"Which novelist was educated in London, C. S. Forester or Helen Zahavi?",ace_packed_220,ace_packed_220,0.31311593173912033,0.34163657042967926,0.33126696660041777,0.3463083396756277,0.6666666666666666,220,5,1.0,1.0,203,5,1.0,1.0,216,5,1.0,1.0
5ae5be02554299546bf82f3e,Who is the Chief Executive Officer of the corporation that owns Space Dev?,ace_packed_220,chunk_packed_220,0.22815598833319373,0.26793734670288083,0.24178680225554533,0.29542554672787136,0.42857142857142855,218,4,1.0,1.0,206,5,0.0,0.0,206,5,0.0,0.0
5ae3f1bb5542995ad6573cbe,"Which is a type of herb, Brassia or Achimenes?",chunk_packed_220,chunk_packed_220,0.26758706109123814,0.2692888080256831,0.3114261677029754,0.29369532106575424,0.42857142857142855,200,5,1.0,1.0,210,5,1.0,1.0,219,5,1.0,1.0
5a8389445542996488c2e450,"Which is longer, Hampshire and Hampden Canal or Tennessee–Tombigbee Waterway?",ace_packed_220,chunk_packed_220,0.304440584465291,0.31816368113928584,0.3178441716689621,0.3424473770202404,0.6666666666666666,203,4,1.0,1.0,220,4,1.0,1.0,206,3,1.0,1.0
5a89fc305542993b751ca9dc,Which Outer Banks landmark and premiere BBQ restaurant has been featured in the magazine Southern Living?,chunk_packed_220,ace_focused_220,0.318896084408148,0.3739706404629788,0.355727470355377,0.3257737117495168,1.0,215,4,1.0,1.0,206,4,1.0,1.0,198,3,1.0,1.0
5a85bc2d5542994c784ddb70,"""It Girl"" is musically classified in the middle of what terminology describing the speed or pace of a given piece?",chunk_packed_220,ace_packed_220,0.40439725396229653,0.42318287978857083,0.4370328653117971,0.3943640065888655,0.42857142857142855,217,5,1.0,1.0,210,4,1.0,1.0,214,5,1.0,1.0
5a7b1c745542992d025e6777,"What was unique about the attraction that was replaced by Monsters, Inc. Laughing Floor on April 2,2007?",chunk_packed_220,ace_focused_220,0.3339364963199013,0.3601647815582041,0.359314041680322,0.25001455157113356,0.42857142857142855,214,4,0.0,0.0,215,5,0.0,0.0,208,5,0.0,0.0
5ae2d8fb55429928c42394fa,Who was the base where the 413th Flight Test Group is stationed named after?,chunk_packed_220,chunk_packed_220,0.3665880346353285,0.3696081799168269,0.3717307013784804,0.36736230389727276,1.0,196,5,0.0,0.22222222222222224,196,5,0.0,0.0,196,5,0.0,0.0
5ae7f6be554299540e5a56db,Jim Betts ran against the first American to orbit what?,ace_packed_220,ace_packed_220,0.2655966259796332,0.32885448774858717,0.29518021522847626,0.32178758354130843,1.0,209,5,0.0,0.0,218,5,1.0,1.0,213,5,0.0,0.0
5a773ae055429972597f14b0,What actress with the last name Saravanan starred in the 2004 Tamil film Arul?,chunk_packed_220,chunk_packed_220,0.24140565120838336,0.24103027780341457,0.24539132686247028,0.24646397653499075,0.42857142857142855,218,5,0.0,0.6666666666666666,220,5,0.0,0.6666666666666666,220,5,0.0,0.6666666666666666
5a75abbb5542992d0ec05fd9,Which auto club has sanctioned races run in California as well as Indianapolis?,ace_packed_220,ace_focused_220,0.26252628074163403,0.26930278605563074,0.26683912386898945,0.3173629606212229,0.42857142857142855,208,3,0.0,0.6666666666666666,217,4,1.0,1.0,214,3,1.0,1.0
5ae4c49a5542995dadf24400,"Henry Hall is known for fighting in the Revolutionary War, and for being the first to successfully cultivate this food found in what type of bogs?",chunk_packed_220,ace_packed_220,0.33096742430001225,0.3333376164902593,0.33617039288484374,0.3236477166437489,0.42857142857142855,203,4,0.0,0.0,198,4,0.0,0.0,219,3,0.0,0.0
5ac44813554299194317396b,"Parafield, South Australia is very near the airport and what campus of the University of South Australia?",ace_packed_220,chunk_packed_220,0.3201617485963792,0.34336230875674784,0.34358497139436717,0.3827053336163457,0.6666666666666666,219,5,1.0,1.0,219,5,1.0,1.0,219,4,1.0,1.0
5abfc8675542993fe9a41e52,Mawson  is an electoral district that includes the wine regional around which town 35 km south of Adelaide?,ace_packed_220,ace_focused_220,0.30965953524834355,0.3000001733850063,0.3155637266611819,0.3693957558301448,0.42857142857142855,207,4,1.0,1.0,210,4,1.0,1.0,205,4,1.0,1.0
5a8aeadc55429950cd6afbe0,What date in 2010 was a South Korean film starring  Kim Hyang-gi released?,ace_packed_220,ace_focused_220,0.34326383205645156,0.3263702072886385,0.3310393635107913,0.3840310905390716,0.42857142857142855,210,5,1.0,1.0,204,5,1.0,1.0,199,5,1.0,1.0
5ab2082f554299722f9b4c9f,What award did both Victor Heerman and Lloyd Corrigan win?,ace_packed_220,ace_focused_220,0.24928590502116055,0.24727255132851217,0.26132453487146473,0.29339071034826225,0.42857142857142855,217,4,0.0,0.0,207,5,0.0,0.0,203,5,0.0,0.0
5ae0ba15554299603e41844d,"What plant has about 40 species native to Asia, Manglietia or Abronia?",chunk_packed_220,chunk_packed_220,0.32626097783101976,0.35490931820484845,0.359782867453307,0.25566794458609915,1.0,213,5,1.0,1.0,216,5,1.0,1.0,220,5,1.0,1.0
5a7332935542991f9a20c67d,"Which board game was published most recently, Pirate's Cove or Catan?",chunk_packed_220,ace_packed_220,0.26372832738281077,0.27029286250122453,0.27151184053909344,0.2931217782113158,0.6666666666666666,220,4,1.0,1.0,208,4,1.0,1.0,215,4,1.0,1.0
5a9068f85542990a98493623,What was the nickname of the 76er who was drafted 3rd in the 2014 draft? ,ace_packed_220,ace_focused_220,0.22521153199811014,0.22496300247020617,0.2230620667776053,0.2879304758921129,0.42857142857142855,205,3,1.0,1.0,202,4,1.0,1.0,201,5,1.0,1.0
5addd5795542990dbb2f7e9d,Used to This was included on the streaming version of the album released in 2017 on what label?,chunk_packed_220,ace_packed_220,0.32017459211317956,0.30357869592834685,0.3375488570059839,0.302073905735701,0.1111111111111111,215,4,0.0,0.0,214,5,0.0,0.0,219,5,0.0,0.0
5adfa3da554299025d62a317,"What is the birthday of the actress who was the Duchess in ""The Revengers Tragedy""?",ace_packed_220,ace_focused_220,0.26938450878570774,0.2991268079349715,0.2929002968480484,0.2996589290707633,0.42857142857142855,215,4,0.0,0.0,214,5,0.0,0.0,204,5,0.0,0.0
5ae6443355429908198fa563,"Which king of Northumbria, who possibly became king while a still a child, attempted to have Eardwulf of Northumbria assassinated?",chunk_packed_220,ace_focused_220,0.31318797389818187,0.31626666441402806,0.3157714537220866,0.3049361259210692,0.6666666666666666,220,4,0.0,0.6666666666666666,212,4,0.0,0.6666666666666666,220,4,1.0,1.0
5ab98608554299131ca42362,Where does the story take place in 1988 film The Moderns?,chunk_packed_220,ace_focused_220,0.3206009900327453,0.3124505814929251,0.33166245973264064,0.3101949965924765,0.1111111111111111,211,4,1.0,1.0,200,4,1.0,1.0,199,5,1.0,1.0
5ae61bfd5542992663a4f261,Which teams did Jimmy Butler play and what role did he play on these teams?,ace_packed_220,ace_packed_220,0.23460810900331625,0.2153022970764476,0.2332605787901173,0.2656367533654458,0.42857142857142855,214,5,0.0,0.0,199,4,0.0,0.0,220,5,0.0,0.0
5ab870ed55429934fafe6db9, The Canadian Hot 100 is a music industry record chart in Canada for for a song that is released separately from what?,ace_packed_220,ace_packed_220,0.36443719820194276,0.3717399087255556,0.3732655037661665,0.4384471705455498,0.42857142857142855,216,4,1.0,1.0,211,3,1.0,1.0,212,4,1.0,1.0
5abcfc365542993a06baf9d6,"What year did the series on CBS, starring the actor who known for his role in ""Rebel Without a Cause,"" air?",ace_packed_220,ace_focused_220,0.24924266937356976,0.24037147889215316,0.2433520709209987,0.28856577824896723,0.42857142857142855,217,5,0.0,0.0,196,5,0.0,0.0,195,5,0.0,0.0
5add63845542992ae4cec541,What was the release date and price for the release of Mac OS X that has the software for creating WWF files?,ace_packed_220,ace_packed_220,0.2872818013866173,0.2891258738805639,0.2802032678592908,0.3782649297371914,0.6666666666666666,216,4,0.0,0.0,201,4,0.0,0.7499999999999999,216,4,0.0,0.0
5ae2a0a1554299495565dae9,Dark Dungeons is based on what short gospel tracts by a religious cartoonist?,chunk_packed_220,ace_packed_220,0.3086673484248288,0.37010215862632945,0.33915015551746064,0.3253655183622591,0.42857142857142855,219,4,1.0,1.0,214,5,1.0,1.0,218,5,1.0,1.0
5a84eecd5542994c784dda8e,What type of group does Pablo Carballo and Argentine Air Force have in common?,chunk_packed_220,chunk_packed_220,0.2851919998492183,0.321085278347479,0.30785359730346684,0.3030035103895028,0.42857142857142855,177,4,1.0,1.0,209,5,1.0,1.0,191,5,0.0,0.0
5a85fa815542996432c57155,Where was the movement that August Brancart published literature from centerd?,chunk_packed_220,chunk_packed_220,0.24820701183244107,0.30639286837593027,0.28796365272893765,0.2604731008496745,0.42857142857142855,197,4,0.0,0.0,218,5,0.0,0.0,218,5,0.0,0.0
5a84a5385542990548d0b2d9,"Tedrow, Ohio lies close to which 241. 26 mi highway? ",ace_packed_220,ace_packed_220,0.2608028231570217,0.2511900349294407,0.2515536751417474,0.3309134881249003,0.42857142857142855,206,4,1.0,1.0,205,5,1.0,1.0,219,5,1.0,1.0
5a78f26055429970f5fffdeb,Which former president of the Fédération Internationale de l'Automobile (FIA) cofounded Simtek Research?,chunk_packed_220,ace_focused_220,0.383351731518795,0.3465262286640823,0.3800415923633814,0.40590403123001584,1.0,216,4,0.0,0.8,216,4,0.0,0.0,197,4,0.0,0.8
5a86edcc55429960ec39b6da,"What actress portrayed Rachel Green on the sitcom ""Friends"" and starred in the movie ""She's Funny That Way""?",ace_packed_220,ace_packed_220,0.29471530961881454,0.24741344606727367,0.2939308754044302,0.3436602003945822,0.6666666666666666,209,4,1.0,1.0,208,4,1.0,1.0,216,4,1.0,1.0
5ae7766455429952e35ea920,"Geoffrey Rush, one of the stars in Intolerable Cruelty, is a known actor and film producer in what country?",chunk_packed_220,ace_packed_220,0.2673811984881699,0.29037430399830944,0.28747594661884596,0.2970339960095378,0.42857142857142855,209,4,0.0,0.0,185,5,0.0,0.0,185,5,0.0,0.0
5a77863555429949eeb29ec6,Who was born first Iain Pears or Richard Llewellyn ?,ace_focused_220,ace_packed_220,0.28008509014117733,0.2809305287644738,0.2821614789689564,0.30656910408178895,0.6666666666666666,215,5,0.0,0.6666666666666666,118,5,0.0,0.6666666666666666,118,5,0.0,0.6666666666666666
5ab3cc395542992ade7c6e9f,Party of Syrian Unity was established in the wake of a public statement that announced what ?,ace_packed_220,ace_focused_220,0.27464866019216716,0.2674331617141228,0.27146757940771704,0.3458912955625806,0.6666666666666666,187,3,0.0,0.13333333333333333,212,4,0.0,0.0,218,3,0.0,0.15384615384615385
5add016e5542992c1e3a250b,What made the man who abolished the Consell in 1718 resume the throne?,ace_packed_220,chunk_packed_220,0.20164244061687264,0.24635809486361074,0.24682172936621122,0.2735960587993672,0.25,197,3,0.0,0.0,216,4,0.0,0.0,204,3,0.0,0.0
5a8bd9c95542997f31a41de2,At which university does the biographer of John Clare teach English Literature?,chunk_packed_220,ace_focused_220,0.2775271347631279,0.26808812099946683,0.27203660745160535,0.26907178015974453,0.42857142857142855,201,5,1.0,1.0,204,5,0.0,0.0,193,4,1.0,1.0
5a8f13d55542997ba9cb31c9,Philip Savage served as Direcor of Player Personnel for the Baltimore Ravens under what general manager who was inducted into both the College and Pro Football Halls of Fame?,chunk_packed_220,ace_packed_220,0.3315271807154174,0.31859829455298583,0.3281929446028874,0.34674077426023087,0.42857142857142855,217,4,0.0,0.8,207,5,0.0,0.8,219,2,0.0,0.8
5ac248fd55429951e9e68525,What is the approximate population of the town near which Forward Operating Base Gibraltar was located ?,chunk_packed_220,ace_packed_220,0.3637082559921795,0.3752359802193146,0.37781417414022594,0.3690621461942714,0.42857142857142855,210,4,0.0,0.0,201,4,0.0,0.0,220,4,0.0,0.0
5adbcd475542996e68525240,"In what year did the manager of the singer-songwriter best known for ""American Pie"" die?",chunk_packed_220,ace_packed_220,0.2661430723863922,0.268371136046867,0.2684029426838676,0.28775356660412,0.6666666666666666,216,4,1.0,1.0,209,4,1.0,1.0,219,4,1.0,1.0
5a7c8a3b55429935c91b5204,Town's first season in their new stadium was under the leadership of an English Football manager who was born when?,ace_packed_220,ace_packed_220,0.27132623881362505,0.28477087777857135,0.2747513599027849,0.34625762677781435,0.6666666666666666,219,4,1.0,1.0,196,5,1.0,1.0,196,5,1.0,1.0
5a7f40de5542992e7d278cc8,What star if the Burbs was Canadian?,ace_packed_220,chunk_packed_220,0.29227160314163125,0.2172919326587256,0.2619579863979721,0.35509672119964264,0.25,211,5,0.0,0.0,218,5,0.0,0.0,218,5,0.0,0.0
5ab2c6a955429916697740c2,Which country is the Taipa island part of?,ace_packed_220,ace_packed_220,0.268098691125289,0.2580797235716948,0.2642448613423507,0.3170326757756443,0.42857142857142855,215,5,0.0,0.0,218,5,1.0,1.0,216,5,0.0,0.0
5ac3165c5542995ef918c10a,Which American film director hosted the 18th Independent Spirit Awards in 2002?,ace_packed_220,ace_packed_220,0.3759132572962711,0.36869912683175016,0.3763993016519515,0.42870508403633156,1.0,218,5,1.0,1.0,207,5,1.0,1.0,214,5,1.0,1.0
5a7577145542996c70cfaf03,"Which park is larger, Timanfaya National Park or Sierra Nevada National Park?",ace_packed_220,chunk_packed_220,0.30073914914882083,0.34547521868979864,0.32852567511422137,0.4622604087956329,1.0,213,4,0.0,0.5714285714285715,220,5,0.0,0.0,220,5,0.0,0.5714285714285715
5a8f45385542997ba9cb320a,Dahlia and Aruncus are both examples of what type of plant catagorization?,chunk_packed_220,ace_packed_220,0.24981101041004167,0.2580582408432506,0.2590532628225767,0.26044630969316585,0.6666666666666666,202,4,0.0,0.0,200,4,0.0,0.0,203,5,0.0,0.0
5adea83b55429975fa854f53,Thirukkalacherry is a village in which Indian town?,chunk_packed_220,chunk_packed_220,0.3201493315121282,0.229217684599755,0.28794817670727185,0.3185459170623266,0.42857142857142855,194,4,0.0,0.0,199,5,0.0,0.0,199,5,0.0,0.0
5ab4428c5542990594ba9bda,Do Lush and P.O.D. both consist of four band members?,chunk_packed_220,chunk_packed_220,0.28107296571233226,0.26109962513201673,0.2680557995302866,0.294680282187449,0.42857142857142855,215,5,0.0,0.0,217,5,0.0,0.0,217,5,0.0,0.0
5a90692f5542990a98493625,In what 1997 American mystery crime film did Johnny Galecki start in?,chunk_packed_220,chunk_packed_220,0.2517836398623001,0.26826581672307404,0.26338995501225,0.2817300704478639,0.42857142857142855,212,4,1.0,1.0,216,5,1.0,1.0,217,5,1.0,1.0
5ae68a065542991bbc97611e,How many newspapers are in the group that Hills Valley Weekly is a part of?,ace_packed_220,ace_focused_220,0.33052798443277825,0.3536607988876699,0.34657235940699893,0.44881481635209686,0.42857142857142855,209,4,0.0,0.0,218,5,1.0,1.0,208,3,1.0,1.0
5ab2929a554299449642c900,Who is the US Olympian and Christian evangelist did the 2010 non-fiction book by Laura Hillenbrand focus on?  ,ace_packed_220,ace_packed_220,0.2695536275813445,0.27964182767202744,0.2633887135179006,0.33156489906221714,0.42857142857142855,210,4,0.0,0.8,195,5,0.0,0.8,216,5,0.0,0.8
5adf434c5542993a75d26462,"When will the exhibition basketball game which will hold at the Staples Center in Los Angeles, California be played ",ace_packed_220,ace_focused_220,0.3316336133908361,0.3389861537136716,0.3432864287997842,0.40950384208835544,0.6666666666666666,220,4,1.0,1.0,217,3,1.0,1.0,202,4,1.0,1.0
5ac4ecea55429919431739fd,"What game was a Philadelphia native, who played college basketball at the University of North Carolina, selected for?",ace_packed_220,ace_packed_220,0.31023834184591914,0.29545491185895345,0.2918233513673644,0.39428018362160966,0.6666666666666666,220,4,0.0,0.0,205,4,0.0,0.0,217,5,0.0,0.0
5a85dfcc5542994775f60673,"What South Korean actor was a member of the pop duo TVXQ and stared in Heading to the Ground, a 2009 MBC television series?",chunk_packed_220,chunk_packed_220,0.324096960984081,0.30613974963772106,0.317894079505329,0.3508793475089168,0.42857142857142855,208,5,0.0,0.6666666666666666,220,4,0.0,0.6666666666666666,220,5,0.0,0.0
5a8085705542992bc0c4a74b,Garden Island Naval Chapel is the oldest Chistian chapel of a naval branch of what defence force?,ace_packed_220,chunk_packed_220,0.32064999027888974,0.31848641137052636,0.32909913202052193,0.4110471344246893,0.6666666666666666,216,4,1.0,1.0,219,4,1.0,1.0,198,3,0.0,0.3333333333333333
5ae3992d5542994393b9e722,Chandamama and Kajal Aggarwal are both associated with which Indian film industries?,ace_packed_220,chunk_packed_220,0.28575630719432077,0.28371272538280995,0.27436010825929613,0.3208135055612092,0.42857142857142855,216,5,0.0,0.5,220,5,0.0,0.5,215,5,0.0,0.0
5ae7793c554299540e5a55c2,What park replaced American's first waterpark designed by the creator of seaworld?,chunk_packed_220,ace_focused_220,0.2746017953617992,0.2532260384495177,0.2576487183623474,0.2953482157888322,0.6666666666666666,217,4,0.0,0.0,201,4,0.0,0.0,197,5,0.0,0.0
5a7f46115542994857a766d9,What dynasty was the creator of Mouten Cadet wine a part of?,ace_packed_220,ace_packed_220,0.260651519515131,0.23717112002439786,0.25215698656896574,0.3581112791738106,0.42857142857142855,217,5,0.0,0.0,189,4,0.0,0.0,197,4,0.0,0.0
5a7380b955429908901be2d4,"Which film is older, Monsters, Inc. or Earth?",chunk_packed_220,ace_focused_220,0.29645635168173873,0.29775259128761766,0.29134062437683866,0.32499999999999996,0.42857142857142855,220,5,0.0,0.0,216,5,0.0,0.0,213,5,0.0,0.0
5abfd3d65542994516f4550b,Are both Don Giovanni and Cardillac operas with three acts?,ace_packed_220,ace_focused_220,0.2525556525629924,0.25418657884687507,0.2541861529363466,0.2985867221805406,0.25,218,4,1.0,1.0,220,5,1.0,1.0,213,3,1.0,1.0
5abf2e605542993fe9a41de4,In between Atsushi Ogata and Ralph Smart who graduated from Harvard College?,ace_packed_220,ace_focused_220,0.2668350472381819,0.3097438792526702,0.2967793337820289,0.31843561484364713,0.25,214,4,1.0,1.0,215,4,0.0,0.0,212,4,1.0,1.0
5ae256435542992decbdccc3,"In what year did the playwright who wrote ""The City Heiress"" die?",ace_packed_220,chunk_packed_220,0.2783215239686842,0.22937231499650135,0.2719256918168811,0.3476946004061322,0.42857142857142855,208,5,1.0,1.0,205,4,0.0,0.0,214,4,0.0,0.0
5ab819065542995dae37ea3c,"Between Mike Muir and Paul Di'Anno, who has worked with more bands?",chunk_packed_220,ace_focused_220,0.2663953153910479,0.24535929121322947,0.2673040014759607,0.2776451985682804,0.42857142857142855,219,5,0.0,0.0,194,5,0.0,0.0,189,5,0.0,0.0
5adfb10855429942ec259af9,Raiffeisen Zentralbank is the central institution of one a group of co-operative banks in Austria. What is the name of the other group?,chunk_packed_220,ace_focused_220,0.3205568564084856,0.32132447451777557,0.3177719265888499,0.34963630535624857,1.0,215,5,1.0,1.0,194,5,1.0,1.0,189,5,1.0,1.0
5ae0a54e5542993d6555ebdd,Joseph Benavidez has been compared favorably to which retired bantamweight and featherweight MMA fighter?,chunk_packed_220,chunk_packed_220,0.25371485742918976,0.2417331825455298,0.23049514563905113,0.26462099349379964,0.42857142857142855,212,3,1.0,1.0,204,5,0.0,0.8,218,5,1.0,1.0
5ab327bc554299233954ff33,What is the name the French give to the war during which the Prussians occupied the Pavillon du Butard?,ace_packed_220,ace_focused_220,0.24622072088574934,0.2539118148334858,0.2582142962157523,0.3137205637684113,0.42857142857142855,208,3,0.0,0.0,213,4,0.0,0.4,209,4,0.0,0.4
5a7c703055429935c91b51aa,Which constituent college of the University of Oxford in England was Francis Leighton warden of?,ace_packed_220,chunk_packed_220,0.37346585278510036,0.3904949722263288,0.37184256632076246,0.4194595264251382,1.0,196,4,0.0,0.8571428571428571,203,5,0.0,0.8571428571428571,203,5,0.0,0.8571428571428571
5abe19895542991f661060c2,Liaocheng and Shayang County are both located in which country?,chunk_packed_220,ace_focused_220,0.2500598839437069,0.2668175626734778,0.26679376981890357,0.26779052038872,1.0,216,5,0.0,0.0,199,5,0.0,0.0,197,4,0.0,0.0
5ac26d4d55429951e9e685b7,when did the black Angolan was one of the earliest African-American landowners in what would become the United States.acieved his freedom ,ace_packed_220,chunk_packed_220,0.32734587556881545,0.3469622055961581,0.31773828129912973,0.3591042003752942,0.25,181,3,0.0,0.0,209,4,0.0,0.0,203,4,0.0,0.0
5add95035542990dbb2f7e77,Cherie Currie and Steve Augeri were both what?,ace_packed_220,chunk_packed_220,0.265004950187799,0.24131890160162922,0.26388696880115803,0.3295460540959415,0.42857142857142855,207,5,0.0,0.6666666666666666,213,5,0.0,0.0,208,5,0.0,0.0
5adc46665542994650320cc8,"In what year was the composer of ""Anthem"" born?",chunk_packed_220,ace_focused_220,0.2151164912878285,0.2231366812480191,0.221915318816502,0.22794264555653976,0.1111111111111111,216,4,0.0,0.0,213,4,0.0,0.0,206,5,0.0,0.0
5ac259125542992f1f2b3867,Where was the sitcom filmed that Judy Greer played Kitty Sanchez in?,ace_packed_220,ace_focused_220,0.23837305154726907,0.27148958761906306,0.2768475301765267,0.27087153103873524,0.25,202,3,0.0,0.0,219,4,0.0,0.8571428571428571,218,5,0.0,0.8571428571428571
5a81624d5542995ce29dcbf1,The constituency which is represented by the 2015 elected Minister for Universities and Science is represented in what wing of the UK parliament?,chunk_packed_220,chunk_packed_220,0.32988178262575596,0.3207002681014286,0.32296208704123647,0.3434108668829431,0.42857142857142855,211,4,0.0,0.0,212,4,0.0,0.0,213,3,0.0,0.0
5a7933b255429907847277eb,"Which composer was also a teacher, Philip Glass or Franz Schreker? ",chunk_packed_220,ace_focused_220,0.2792426369057528,0.29911651221115887,0.3130693645271848,0.2918053773327841,0.42857142857142855,205,5,1.0,1.0,214,5,1.0,1.0,202,5,1.0,1.0
5a7754d85542993735360234,"Who was born first, Frank I. Cobb or Joseph Pulitzer?",ace_packed_220,ace_packed_220,0.28347627518658397,0.29331437577107267,0.2902157396903982,0.32935744975095016,0.42857142857142855,219,4,0.0,0.0,193,5,0.0,0.0,210,5,0.0,0.0
5a80c01855429938b61421b8,Who was the head coach of the Georgia Tech football team that finished the regular season with the same record as the 1981 team?,ace_packed_220,ace_packed_220,0.31089641484488406,0.2863966523970777,0.3081458461433626,0.36031587880565774,0.1111111111111111,211,4,0.0,0.0,213,4,0.0,0.5,215,4,0.0,0.5
5ab2b61d5542991669774065,Who did the actor who played a bellhop in Dead Heat on a Merry-Go-Round play in Star Wars?,chunk_packed_220,chunk_packed_220,0.35768651408272045,0.39532947124554196,0.39680792739556614,0.35826669228840663,0.25,184,3,0.0,0.0,219,4,0.0,0.0,217,3,0.0,0.0
5ae8167b55429952e35eaa06,What 1876 battle featured the Other Magpie?,ace_packed_220,ace_packed_220,0.2932744121751013,0.30601376735650154,0.3041608852233479,0.4518463919879715,0.42857142857142855,208,4,1.0,1.0,207,4,1.0,1.0,220,5,1.0,1.0
5a7bacf35542997c3ec9724b,"Who was born first, Jorge Amado or James Leo Herlihy?",ace_packed_220,ace_focused_220,0.32651611182379325,0.31232598999974537,0.3346313781901282,0.36657470775075773,0.42857142857142855,206,5,0.0,0.0,212,4,0.0,0.0,193,5,0.0,0.0
5ac2610455429951e9e68592,"How many exhibition games has the basketball team with which Louis Dunbar played, played? ",chunk_packed_220,chunk_packed_220,0.255012112300424,0.2591303036523026,0.2644498037630573,0.26736818800528867,0.6666666666666666,204,4,0.0,0.0,214,5,0.0,0.0,220,5,0.0,0.0
5a7c827e55429907fabeefa7,The 2011 Tennessee Tech Golden Eagles football team competed in a conference with how many members competing in football?,ace_packed_220,chunk_packed_220,0.33468337266364423,0.3586999013655361,0.3585604172881026,0.4233343362186941,0.6666666666666666,208,5,0.0,0.0,220,4,0.0,0.0,213,4,0.0,0.0
5a81711455429938b614233e,"Are both ""Cooking Light"" and ""Vibe"" magazines?",ace_packed_220,chunk_packed_220,0.27954933400443105,0.19709846445614537,0.2645941069987735,0.3661826392893335,0.42857142857142855,218,5,0.0,0.0,218,5,0.0,0.0,220,5,0.0,0.0
5adfd0d655429942ec259b4e,What is the name of the process used by a company that is located in New Jersey and invented Hexachrome?,chunk_packed_220,ace_packed_220,0.2870137123676759,0.2576232945310682,0.28654971491354675,0.2588485200309679,0.25,211,4,0.0,0.0,202,5,0.0,0.0,209,4,0.0,0.0
5adc85b855429944faac24e9,Who is an Australian philosopher that inspired Living High and Letting Die?,ace_packed_220,ace_focused_220,0.3183985689530864,0.3517337060051485,0.36117287603789355,0.3732055150820185,0.6666666666666666,205,4,1.0,1.0,194,5,0.0,0.0,204,4,1.0,1.0
5abfde655542997719eab6f2,Does the band God Lives Underwater or the band The Dear Hunter come from a larger state?,ace_packed_220,chunk_packed_220,0.27242108469323917,0.2822308244493167,0.2814696169805642,0.3718636172006643,0.42857142857142855,207,5,0.0,0.0,209,6,0.0,0.0,208,6,0.0,0.0
5a72953b5542994cef4bc357,What Labor member of the House of Representatives in the Australian Parliament was a member of the Australian Labor Party Australian Young Labor?,ace_packed_220,chunk_packed_220,0.3077279386215115,0.23784517115689663,0.2921569321700327,0.39769002065994696,0.42857142857142855,210,3,1.0,1.0,217,4,0.0,0.0,214,4,0.0,0.0
5ab989f755429970cfb8eb38,The creators of the product designation TSR 2002 was the first to publish what kind of game?,ace_packed_220,ace_focused_220,0.24825410179656454,0.2643275411022636,0.265679951387804,0.31994032421978424,0.42857142857142855,205,5,0.0,0.4,207,5,0.0,0.0,207,5,1.0,1.0
5ae2133e554299495565d9e3,The first female correspondent for Inside the NFL was replaced by who on the show American Ninja Warrior?,ace_packed_220,chunk_packed_220,0.29182736778280866,0.31142153576788467,0.3088712647908216,0.3451853475482297,0.1111111111111111,215,4,1.0,1.0,186,4,0.0,0.0,196,5,0.0,0.0
5a82d71555429966c78a6a94,Were the Tundra Mine and Negus Mine located in the same country?,chunk_packed_220,ace_focused_220,0.3066268096009578,0.30183947362919467,0.306445578445309,0.31272042446011683,0.42857142857142855,211,5,0.0,0.0,217,5,0.0,0.0,210,5,0.0,0.0
5ae1c3cd554299492dc91b87,"In what English district is the town Digby, Victoria may be named after?",ace_packed_220,ace_focused_220,0.31992845318650587,0.3464500320283892,0.3351555843539055,0.4028174651807025,1.0,220,5,0.0,0.6666666666666666,211,5,0.0,0.6666666666666666,202,4,0.0,0.6666666666666666
5ac2583b55429951e9e68565,"Who has more scope of profession, Brian G. Hutton or Xawery Żuławski?",chunk_packed_220,ace_focused_220,0.29786272222475935,0.2828991828248082,0.307526144186295,0.2857575236044749,0.25,208,4,1.0,1.0,183,5,1.0,1.0,170,5,1.0,1.0
5a82a55955429966c78a6a70,Who acquired a luxury hotel and casino in Las Vegas? ,ace_packed_220,ace_focused_220,0.29718011084194007,0.3333129212396731,0.3017514506402618,0.3874982370672614,0.6666666666666666,218,5,0.0,0.0,212,5,0.0,0.0,209,5,0.0,0.0
5ae5dae2554299546bf82fa4,"Faruk Halibegovic was born in what city that is the capital and largest city of Bosnia and Herzegovina with a population of 275,524?",ace_packed_220,ace_packed_220,0.33503392677832616,0.3094248692643247,0.34596807297813925,0.4267363291378693,0.6666666666666666,214,5,1.0,1.0,197,5,1.0,1.0,197,5,1.0,1.0
5ac195455542991316484b40,"In what year did the man who shot the Chris Stockley, of The Dingoes, die?",chunk_packed_220,ace_packed_220,0.26324316035944617,0.3032674380650805,0.2876948552046519,0.2654767150386807,0.25,213,4,0.0,0.0,194,4,0.0,0.0,202,2,0.0,0.0
5ae785685542994a481bbd47,Reima Karppinen won a silver medal in the double sculls at the Rowing Championships held in what German city?,chunk_packed_220,ace_focused_220,0.3113033069786321,0.2993632129475227,0.3120740190021768,0.33443939836122655,0.42857142857142855,219,5,0.0,0.0,218,5,1.0,1.0,208,4,1.0,1.0
5ae5429355429908b63265c5,In what year was the aviator in whose honour the Quai d'Auteuil was renamed born?,ace_packed_220,ace_focused_220,0.32451942477771323,0.3611961651651788,0.35185979031040526,0.38118984929170874,0.42857142857142855,212,4,0.0,0.0,220,4,1.0,1.0,210,5,1.0,1.0
5a8ba60b554299240d9c205b,"Which composer, who was a crucial figure in the transition between the Classical and Romantic eras in Western art music, wrote Piano Sonata No. 16 ?",ace_packed_220,ace_focused_220,0.3347453421045725,0.3698927714012423,0.36269034385937815,0.37678226616140376,0.42857142857142855,218,4,1.0,1.0,216,4,1.0,1.0,208,3,1.0,1.0
5a82f05255429966c78a6aa2,"Stanley ""Tookie"" Williams founded which African-American gang in Los Angeles, California in 1969?",ace_packed_220,ace_focused_220,0.2817886831698555,0.288038734126655,0.28610524229462314,0.38729538808601705,0.6666666666666666,214,4,0.0,0.5,209,4,0.0,0.5,198,4,0.0,0.5
5abfea825542994516f45527,"Who directed the film that had ""The Distance"" in the soundtrack?",chunk_packed_220,ace_packed_220,0.29669571917684345,0.2921872243621422,0.292358088286356,0.2940142455653303,0.25,215,5,0.0,0.0,213,4,0.0,0.0,217,4,0.0,0.0
5aba6f3e55429955dce3ee21,Li Yitong made her television debut on which network?,ace_packed_220,ace_focused_220,0.27024215987294353,0.2947457656615685,0.28910352893291136,0.30385924274701415,0.6666666666666666,212,5,0.0,0.0,215,5,1.0,1.0,201,5,1.0,1.0
5ae113de55429901ffe4ad51,Berthold Louis Ullman died in a country that is approximately how many acres?,chunk_packed_220,ace_focused_220,0.26905463259751217,0.2633874450457681,0.2694431029783871,0.2933149010671726,0.6666666666666666,207,4,0.0,0.0,216,4,0.0,0.0,199,4,0.0,0.0
5adce4f65542992c1e3a2474,What program responsible for the Health Insurance Portability and Accountability Act works with AHCCS?,ace_packed_220,chunk_packed_220,0.25235954199509214,0.261910276833215,0.2647660236198007,0.3218621044222143,0.6666666666666666,209,3,0.0,0.9090909090909091,196,4,0.0,0.0,195,4,0.0,0.8333333333333334
5ab27587554299449642c8af,Who described the captain of the winners of the 1964-65 European Cup Winners Cup as the best defender he had ever played against ?,ace_packed_220,chunk_packed_220,0.29991558860047896,0.28357052173491193,0.2912025817669379,0.33648026899613803,0.42857142857142855,198,3,1.0,1.0,204,4,0.0,0.0,205,4,0.0,0.0
5a7323ad5542994cef4bc476,"Which musician is older, Chantal Claret or Max Green?",ace_packed_220,chunk_packed_220,0.2833657510401656,0.29581197273601534,0.29440443987234444,0.339948709457053,0.42857142857142855,208,4,0.0,0.0,215,5,0.0,0.0,211,5,0.0,0.0
5abc17555542993a06baf858,Lisa Howard had a role in the comedy that had music and lyrics by whom?,chunk_packed_220,chunk_packed_220,0.26815881285108445,0.24258888914694987,0.2821641192684937,0.272505151775553,0.25,212,4,0.0,0.0,220,5,0.0,0.0,219,5,0.0,0.0
5ab9fe1255429939ce03dc40,What position did the current Leader of Fine Gael hold from 2016 until 2017?,chunk_packed_220,ace_focused_220,0.30114313307414375,0.3009924150573179,0.29868062817157504,0.32036450310351516,1.0,209,4,0.0,0.36363636363636365,213,5,0.0,0.0,199,4,0.0,0.36363636363636365
5a8b6ac055429949d91db5a5,"Charles Barton ""Chuck"" Kendall, Jr. was reportedly interested in purchasing the Los Angeles Clippers from which Jewish-American businessman?",ace_packed_220,ace_focused_220,0.3059061074259767,0.38397683619513323,0.3446363150664421,0.3741141358619952,1.0,220,5,1.0,1.0,219,5,1.0,1.0,202,5,1.0,1.0
5a87136e5542991e771816b2,Does Il trovatore have less acts than La rondine,chunk_packed_220,ace_packed_220,0.23727734403504047,0.19356532565850645,0.2467522882053735,0.24938662000164258,0.42857142857142855,212,3,0.0,0.0,214,4,1.0,1.0,214,4,0.0,0.0
5abff0625542997ec76fd476,In what Mississippi county is the city that is located five miles west of the county seat of said county?,ace_packed_220,ace_packed_220,0.3069354135893112,0.3645602557209712,0.3631264101558501,0.3951693615910956,0.42857142857142855,211,5,0.0,0.0,195,5,0.0,0.6666666666666666,183,5,0.0,0.0
5a7526945542993748c897d2,What year did the movement that Tess Asplund protested in the viral image of her with her fist in the air disband?,ace_packed_220,ace_packed_220,0.27916637708583336,0.31225067192373535,0.30745464075695883,0.35520718368794024,0.42857142857142855,214,3,0.0,0.0,206,4,0.0,0.0,219,4,0.0,0.0
5abc8620554299700f9d78e2,What type of media does Bitter Jester and Sicko have in common?,chunk_packed_220,ace_packed_220,0.2511414317509452,0.27728227971745345,0.2626279145375937,0.27388716805533686,0.42857142857142855,215,5,1.0,1.0,207,5,1.0,1.0,207,5,1.0,1.0
5a72a3c45542994cef4bc3ac,"What is the birth name of the woman that ""A Woman Called Moses"" is based on?",ace_packed_220,ace_focused_220,0.3034681966185229,0.31041769906845673,0.3147427518660125,0.348006032457427,0.6666666666666666,219,4,0.0,0.0,211,4,0.0,0.0,208,4,0.0,0.0
5ac170af5542994d76dcce20,"Which of the singers has more things to be known for, Greg Puciato or Syd Barrett?",chunk_packed_220,chunk_packed_220,0.27158057919305373,0.27572688941392454,0.278398855602942,0.2959788099633657,0.6666666666666666,184,4,0.0,0.6666666666666666,210,5,0.0,0.6666666666666666,210,5,0.0,0.6666666666666666
5ae5f3bb5542996de7b71a7e,Which star of The Human Stain was born in 1937?,chunk_packed_220,ace_focused_220,0.2854502473509336,0.28616277994241085,0.2838193058625862,0.28405826690024394,0.42857142857142855,218,5,0.0,0.0,217,4,0.0,0.0,207,5,0.0,0.0
5a7f7ca25542994857a76747," Keith Konrad Slettedahl appeared on which season of ""How I Met Your Mother""?",chunk_packed_220,ace_packed_220,0.3772730631364929,0.38003833598816594,0.39270084610362466,0.36296619956889253,0.25,219,4,0.0,0.0,205,4,0.0,0.0,205,4,0.0,0.0
5adca8375542990d50227cd4,"What year was the song that some critics compared to ""Fading"" released? ",ace_packed_220,chunk_packed_220,0.2433413699859958,0.26481983755995797,0.2719532249944769,0.2967804610207137,0.42857142857142855,205,4,0.0,0.0,217,5,0.0,0.0,216,5,0.0,0.0
5ac3e1075542995c82c4ac78,The Hip Hop Republican was credited with giving blacks emphasizing traditionalism and capitalism a sense of community during which presidential election?,chunk_packed_220,ace_packed_220,0.3400195203246903,0.4030751907737776,0.37819905639637097,0.35445142899730386,0.6666666666666666,215,4,1.0,1.0,200,4,1.0,1.0,212,3,1.0,1.0
5a7db0915542990b8f503a30,"What German philosopher, economist and political theorist was Jakob Lukas Schabelitz a friend and associate of?",chunk_packed_220,ace_packed_220,0.3368502590154032,0.363099363403658,0.3527528403362479,0.3455433820588536,1.0,199,5,0.0,0.0,192,5,1.0,1.0,204,5,1.0,1.0
5a81e04455429903bc27b9f9,What was the creator of the Moshulu Parkway known as?,chunk_packed_220,ace_focused_220,0.25436097316160333,0.21239911740288603,0.2120148075497108,0.27963680169422334,0.42857142857142855,208,4,0.0,0.0,216,4,0.0,0.0,201,4,0.0,0.0
5a8a573355429970aeb7029a,"The ""unofficial national anthem"" of Australia is the basis for the nickname of what soccer team?",chunk_packed_220,ace_packed_220,0.33405691069451104,0.2948520922831658,0.34478452677786575,0.3347253213829008,0.25,215,4,0.0,0.0,191,4,0.0,0.0,199,4,0.0,0.0
5a75e60e55429976ec32bc88,During the Carnival in Rio de Janeiro who is the official singer of the samba school Mangueira?,ace_focused_220,ace_focused_220,0.2975490978513885,0.3058593937312286,0.307497519658132,0.33696087491776594,0.6666666666666666,215,4,0.0,0.0,209,4,0.0,0.0,177,4,0.0,0.0
5abce73055429959677d6b34,Riaz-Ur-Rehman Saghar wrote songs for the Pakistani singer who has performed at what US venue?,chunk_packed_220,chunk_packed_220,0.2890370251939976,0.3381745017531659,0.3223708573294418,0.3003977309603276,0.6666666666666666,200,4,0.0,0.0,204,5,0.0,0.0,204,5,0.0,0.0
5a87572d5542994846c1cd6b,WLMW is licensed to a city in which county?,ace_packed_220,chunk_packed_220,0.24412957085251552,0.28419447341373505,0.2934116333486037,0.29829814173347635,0.42857142857142855,217,4,0.0,0.3333333333333333,205,5,0.0,0.0,207,4,0.0,0.0
5a89761d5542995153361310,Christmas in the Sun was performed mainly by the entertainer of what nationality?,ace_packed_220,ace_packed_220,0.32455630947327835,0.3117271222985524,0.33029346556594974,0.36787971353641113,0.6666666666666666,217,5,1.0,1.0,193,5,1.0,1.0,197,4,1.0,1.0
5a8d5f16554299585d9e37c5,"Which goalkeeper was nicknamed the ""Black Spider"", Turgay Şeren or Lev Yashin?",chunk_packed_220,ace_focused_220,0.29937456832462567,0.29582957827920564,0.3012499135733429,0.3262770817991951,0.6666666666666666,211,4,1.0,1.0,217,4,1.0,1.0,209,4,1.0,1.0
5ae7cea355429952e35ea9c1,"What is the name of the series who's first season was released on Netflix on September 22, 2016 and stars actor pronounced as John-a-kite?",ace_packed_220,ace_packed_220,0.2538686901508681,0.32805216217357136,0.3233503270056616,0.3751146185146724,0.1111111111111111,216,4,0.0,0.0,213,5,0.0,0.0,214,5,0.0,0.0
5ab600fb554299488d4d9a82,Under Which Stanmore born prime minister was John Gorton a serving minister? ,ace_packed_220,chunk_packed_220,0.31301879132462296,0.30522655094327944,0.31131729411772546,0.347101267470424,0.42857142857142855,206,5,0.0,0.0,208,5,0.0,0.0,210,5,0.0,0.0
5a7f7c285542994857a76746,California joined the Union due to the passage of a package of how many separate bills?,ace_packed_220,chunk_packed_220,0.2314290172190525,0.22735637636232686,0.22777672449143294,0.36463196720935687,0.42857142857142855,218,4,1.0,1.0,219,4,0.0,0.0,211,5,0.0,0.0
5ade61fd554299728e26c704,Get Off is an album by a group using which style originating in NYC in the early 1970s?,chunk_packed_220,chunk_packed_220,0.30991344782346925,0.33533119342981255,0.30814937814626886,0.33195928521144646,0.6666666666666666,203,4,1.0,1.0,210,4,1.0,1.0,210,4,1.0,1.0
5a73630655429901807db020,"Who was born first, Antonin Artaud or  Elizabeth Taylor?",ace_packed_220,chunk_packed_220,0.2558460914802311,0.2725541612181133,0.26383289935287046,0.32053270350937174,0.6666666666666666,214,5,1.0,1.0,215,5,1.0,1.0,215,5,0.0,0.0
5ab916e155429919ba4e23a4,12 Years a Slave starred what British actor born 10 July 1977),ace_packed_220,chunk_packed_220,0.2836099348025079,0.4162167600119583,0.398598992276211,0.4205999278337843,0.25,188,3,0.0,0.5,218,4,0.0,0.5,219,3,0.0,0.0
5ae0af5555429945ae95941e,EMU Australia is best known for their unisex style boots that are typically made of what?,chunk_packed_220,ace_packed_220,0.2752733051366438,0.2717061748424151,0.28112710440792055,0.304953163803374,0.6666666666666666,196,4,0.0,0.0,193,4,1.0,1.0,199,5,1.0,1.0
5a865bbf5542991e77181615,what movie starring Melissa McCarthy features a character named Slimer?,ace_packed_220,ace_packed_220,0.23308044738075862,0.20772419559516567,0.2094741591964808,0.27338336763033283,0.42857142857142855,217,5,0.0,0.0,217,4,0.0,0.5,214,5,0.0,0.4
5a8fa20555429918e830d298,"In 1967, there were how many active members in the organization whose first Grand Wizard was convicted for the 1966 murder of Vernon Dahmer? ",chunk_packed_220,ace_focused_220,0.22956259826239622,0.291053027586163,0.2532642682420315,0.25385318998484224,0.6666666666666666,220,4,0.0,0.0,214,4,0.0,0.0,203,4,0.0,0.0
5ab97cd0554299753720f81a,Elizabeth Austin wrote for a fitness magazine founded by who?,chunk_packed_220,ace_packed_220,0.26389548444142924,0.26711089753293427,0.2730886499906212,0.28614977031227123,0.42857142857142855,206,5,0.0,0.0,209,5,1.0,1.0,215,5,1.0,1.0
5ae7ed9555429952e35ea9e6,The Italian surname Bellini is normally written after what names?,ace_packed_220,chunk_packed_220,0.3106330923048082,0.32480349817008736,0.29995690703114863,0.3645735932235454,1.0,210,5,1.0,1.0,215,5,0.0,0.0,212,5,0.0,0.5
5aded1595542995ec70e8f29,Juhi Parmar who appears in colors TV's high rated mythological show shani which premiered on November 7 2013 was born when?,ace_packed_220,ace_focused_220,0.2963250032592327,0.34535945920134936,0.32805466498107083,0.37117039028240817,1.0,220,5,0.0,0.0,216,5,0.0,0.0,211,5,0.0,0.8571428571428571
5adc3aff5542996e685252eb,What star in the film Up at the Villa has earned the title of knighthood?,chunk_packed_220,chunk_packed_220,0.34362703557889074,0.29155046017403785,0.32671477211523453,0.3450453901863736,0.42857142857142855,217,5,0.0,0.25,215,5,0.0,0.0,219,4,0.0,0.0
5ae2ee5e5542991a06ce990a,The 1st Virginia Regiment saw action at a battle that led to the departure of what Royal Governor?,ace_packed_220,ace_packed_220,0.2795903838736502,0.29164530197199456,0.29070606920838293,0.32831981331958526,0.42857142857142855,191,3,0.0,0.6666666666666666,189,4,0.0,0.6666666666666666,220,3,0.0,0.6666666666666666
5a8e42d15542995a26add4a6,"Zhangye and Nan'an, Fujian are both located where?",chunk_packed_220,ace_packed_220,0.2930315735370934,0.30300777335433604,0.2921001839277987,0.2981683664347482,0.6666666666666666,218,5,0.0,0.0,199,5,0.0,0.0,214,5,0.0,0.0
5a7a33a35542994f819ef14c,What is the middle name of the female MSNBC journalist critiqued on the Daily Howler?,ace_packed_220,ace_packed_220,0.26257570056119917,0.25909368504915764,0.26761637808772043,0.31906574131134335,0.42857142857142855,217,5,0.0,0.0,190,5,0.0,0.0,206,5,0.0,0.0
5ae69fa755429908198fa66c,Jeff Bhasker won a Grammy Award for a song that was the fourth single from what studio album?,ace_packed_220,ace_packed_220,0.2542820988367847,0.24003478061442068,0.2499839693070821,0.29486446170884595,0.42857142857142855,201,4,0.0,0.0,200,4,0.0,0.0,213,4,0.0,0.0
5a7e279d5542995ed0d166b5,What is the population of the birth city of Daniela Scalia?,ace_packed_220,ace_packed_220,0.2780494431453051,0.26640137218457416,0.2787909049892162,0.3143271328248571,0.25,218,4,0.0,0.0,205,5,0.0,0.0,205,5,0.0,0.0
5a79c6a55542994bb9457091,"What prolific English engineer, who died on 15 December 1857, contributed to the advent of the hot air engine by way of their open cycle devices?",chunk_packed_220,ace_focused_220,0.2590740936249525,0.2685946773238269,0.2653812261707634,0.27963536699012786,0.42857142857142855,216,3,0.0,0.8,209,4,0.0,0.8,207,3,0.0,0.8
5a739d8c55429905862fe073,"Near which town did the family of author of the ""Adventures of Huckleberry Finn"" own several tracts of land?",ace_packed_220,ace_packed_220,0.2578138518971599,0.29823744174133954,0.2893275908321121,0.3313758050026942,0.25,211,4,0.0,0.0,203,5,0.0,0.0,220,6,0.0,0.0
5a7fc21455429969796c1b4b,Who narrates the documentary television series that features the largest airline in the United Kingdom based on fleet size? ,ace_packed_220,ace_packed_220,0.24075074854312156,0.2296039433910741,0.23735185206524956,0.31520585484596697,0.6666666666666666,205,4,1.0,1.0,197,4,1.0,1.0,204,4,1.0,1.0
5ae1da385542997283cd2297,"Which actresses appeared with the mother of Robert Lowery Hanks in the film ""Little Women""?",chunk_packed_220,chunk_packed_220,0.25012487468568384,0.22454951886044938,0.2554572448748793,0.2696499433981811,0.25,217,5,0.0,0.8,210,4,0.0,0.6666666666666666,213,4,0.0,0.0
5ab5f249554299488d4d9a5d,What class of yamaha class sport bike motorcycle did Ryuji Yokoa use when he finished as champion in the MFJ All Japan Road Race GP250 Championship in 2006?,ace_packed_220,ace_focused_220,0.2899309819038703,0.3025008255955913,0.30659802341605324,0.3477736711858852,1.0,218,4,0.0,0.0,214,4,0.0,0.0,208,5,0.0,0.0
5ab9180b5542991b5579f0f3,The Running Man Brothers is a South Korean pop duo. Kim Jong-kook is one member and he is from what country?,chunk_packed_220,chunk_packed_220,0.37828816449380154,0.4090993206249145,0.39552529056499874,0.37860651274232193,0.6666666666666666,201,5,1.0,1.0,219,5,1.0,1.0,219,5,1.0,1.0
5ae0f8a05542997b2ef7d0bc,Phil Edwards is an American surfer from California whose photo appeared in the cover of what magazine which has over 3 million subscribers and is read by 23 million people each week?,ace_packed_220,ace_packed_220,0.29895052218507934,0.300137926846537,0.28622396329161226,0.37398062800292814,0.6666666666666666,202,4,1.0,1.0,195,4,1.0,1.0,195,4,1.0,1.0
5a7c8e7955429935c91b521a,Back Home is a children's historical novel adapted into a TV drama starring what English actress born in 1946?,chunk_packed_220,ace_packed_220,0.3644616056274219,0.4016890230152034,0.39409596535048574,0.35741029796853063,0.42857142857142855,217,4,0.0,0.5714285714285715,182,4,0.0,0.5714285714285715,182,4,0.0,0.5714285714285715
5ae5d008554299546bf82f7d,The 2015 CrossFit Games were held at what multiple-use sports complex that is approximately 14 miles south of Downtown Los Angeles?,chunk_packed_220,chunk_packed_220,0.29552775309823,0.28388463117762197,0.3178270443034391,0.3111657096559183,0.6666666666666666,204,3,1.0,1.0,219,5,1.0,1.0,219,5,1.0,1.0
5abbaed855429931dba144aa,What day in November is Southpark most congested?,ace_packed_220,chunk_packed_220,0.28198630238225597,0.33512567070139987,0.3109967462384965,0.32233878822699713,0.25,204,4,0.0,0.0,208,5,0.0,0.0,219,5,0.0,0.0
5ae1316555429901ffe4adda,Were Goo Goo Dolls and Echosmith formed in the same city?,ace_packed_220,ace_packed_220,0.2351636902493706,0.26304248595416363,0.27340373276635227,0.33601621492079103,0.42857142857142855,217,4,0.0,0.0,196,5,0.0,0.0,196,5,0.0,0.0
5a74512b55429974ef308bd5,Who published the film magazine that Peter Biskind was executive editor of from 1986 to 1996?,ace_packed_220,ace_focused_220,0.3021593602895236,0.30960716822529466,0.32122179853072175,0.39783404431373415,0.42857142857142855,207,5,0.0,0.0,209,4,0.0,0.6666666666666666,199,4,0.0,0.6666666666666666
5a80aeff5542996402f6a5eb,"For what ""first"" was Ivory Lee Brown's nephew credited for in Heisman Trophy balloting?",chunk_packed_220,ace_focused_220,0.2730184799056209,0.2324887468706666,0.25560275886336437,0.3029228341515705,0.42857142857142855,214,4,0.0,0.0,220,4,0.0,0.0,209,4,0.0,0.0
5a88a4e65542997e5c09a671,The boxer that defeated Oliver Lavigilante in the 2012 Summer Olympics is of what nationality?,chunk_packed_220,ace_focused_220,0.351685699250342,0.37690218185284313,0.366350597743068,0.31586208183018927,0.42857142857142855,215,4,0.0,0.6666666666666666,213,5,0.0,0.6666666666666666,204,5,0.0,0.6666666666666666
5ae2eda355429928c4239570,Who wrote the tragic play which also has a 1968 film with a soundtrack by Nino Rota?,ace_packed_220,chunk_packed_220,0.2898627086577643,0.3182395418222854,0.3066147652505342,0.3376773778593485,0.6666666666666666,204,4,1.0,1.0,208,4,1.0,1.0,217,5,1.0,1.0
5a836a2d554299334474600f,What ended the career of the German composer of Bunte Blatter?,chunk_packed_220,chunk_packed_220,0.2299823612212773,0.22068052354184697,0.22115676556211364,0.21448500672469628,0.25,198,4,1.0,1.0,218,4,0.0,0.0,214,4,0.0,0.0
5a78d01d55429974737f78b3,"The singer known as the ""Ballad Prince"" was on a romantic comedy that aired on what state-run channel from August 11 to September 30, 2010?",chunk_packed_220,ace_packed_220,0.29019614588479603,0.2858242371807317,0.28896550640205154,0.24202607648729516,0.25,212,4,1.0,1.0,187,4,1.0,1.0,207,5,1.0,1.0
5ae46c9d5542996836b02c9d,What prize was won in 1963by this physicist who was part of the Princeton Three?,ace_packed_220,chunk_packed_220,0.2703816115722973,0.2412838383662123,0.26903595280354703,0.303426666108321,0.42857142857142855,211,3,0.0,0.6666666666666666,216,4,0.0,0.6666666666666666,220,4,0.0,0.6666666666666666
5a80e03e55429938b614222c,This American film and stage actor played the self-destructive soldier Prewitt in Fred Zinnemann's 1953 film that centers around which event?,chunk_packed_220,ace_packed_220,0.2525835432463942,0.27763536948374934,0.2514871672515824,0.25199935102629556,0.6666666666666666,213,4,0.0,0.0,210,4,0.0,0.0,215,5,0.0,0.0
5a7270395542992359bc30a8,When was the city George Consider Hale was born in founded?,ace_packed_220,chunk_packed_220,0.28885008994792705,0.30197616079427414,0.3008128601492568,0.3341922002087402,0.42857142857142855,206,4,0.0,0.0,219,5,0.0,0.0,211,4,0.0,0.0
5ab8261655429934fafe6cf1,What Metropolitan City was Massimo Giordano born in?,ace_packed_220,ace_packed_220,0.2950821755999339,0.31753873602395677,0.30731140558162784,0.33533932879782935,0.42857142857142855,206,4,0.0,0.0,205,4,0.0,0.0,219,4,0.0,0.0
5abc41315542993a06baf8bb,Mía Maestro had a role in the 2002 biopic directed by whom?,ace_packed_220,ace_focused_220,0.287700620573735,0.26949138813704265,0.3192840394590438,0.3359561797841036,0.1111111111111111,218,5,0.0,0.0,215,5,0.0,0.0,211,5,0.0,0.0
5abd455c55429924427fcf5a,What does Age of Chance and Vector share in common? ,chunk_packed_220,chunk_packed_220,0.28991475385542886,0.2336793510905784,0.23020930375085388,0.31051182334161365,0.25,185,3,0.0,0.0,206,4,0.0,0.0,208,5,0.0,0.0
5ab97d0a5542996be202051e,Who was hung for assisting the attempted surrender of a defector from the American Continental Army to the British Army?,chunk_packed_220,chunk_packed_220,0.3069652573850042,0.36831061638752816,0.34940034408774223,0.310375505656871,0.6666666666666666,205,3,1.0,1.0,216,4,1.0,1.0,219,5,1.0,1.0
5a7a96555542990198eaf159,Who starred in more films Margaret Landon or Elizabeth Taylor?,ace_packed_220,chunk_packed_220,0.247171644232823,0.2627231117354945,0.2448950827511273,0.3090022054989028,0.42857142857142855,213,4,0.0,0.6666666666666666,219,5,0.0,0.6666666666666666,214,4,0.0,0.6666666666666666
5a8c7057554299653c1aa066,Both the 2010–11 UEFA Champions League knockout phase  and 011 UEFA Champions League Final were held at what London stadium?,ace_packed_220,ace_focused_220,0.3886229724138674,0.38492323658967764,0.39169699890189036,0.4408901389486757,0.6666666666666666,213,4,0.0,0.6666666666666666,213,4,0.0,0.6666666666666666,192,4,0.0,0.6666666666666666
5a7663665542992d0ec060d3,What election will take place on the same day as the United States Senate election in Texas?,chunk_packed_220,ace_focused_220,0.39153578598116906,0.38138920020334877,0.3937648577766411,0.3913695327283452,1.0,195,4,0.0,0.28571428571428575,195,4,0.0,0.28571428571428575,146,3,0.0,0.28571428571428575
5abd920e55429924427fd05d,Were both Peter Duffell and Fred Niblo actors?,ace_packed_220,ace_packed_220,0.28104370652736055,0.2899401110460505,0.28119904767923853,0.32641273031792484,0.42857142857142855,214,5,0.0,0.0,202,5,0.0,0.0,208,5,0.0,0.0
5ae47ae05542995ad6573d4f,The hip hop group Strange Fruit Project relates its name to what song by a famous female jazz musician and singer known for her vocal delivery and improvisational skills?,chunk_packed_220,ace_packed_220,0.25674518530422197,0.268887307888452,0.2653729295496205,0.2639713036711495,0.25,212,4,1.0,1.0,206,5,1.0,1.0,214,5,1.0,1.0
5ae25ed15542992decbdccd2,Both Sorbaria and Goldenrod are a genus of more than 50 flowering plants?,chunk_packed_220,chunk_packed_220,0.31661979954920627,0.3200776491162687,0.3322179756947908,0.31221532648554207,0.6666666666666666,190,5,0.0,0.0,197,5,0.0,0.0,197,5,0.0,0.0
5a8b7e9c5542995d1e6f13c1,Psychopsis and Aubrieta are both genuses of which type of plants?,chunk_packed_220,ace_packed_220,0.24380627621823897,0.21420136764260866,0.24382696459071002,0.23649062707272173,0.6666666666666666,209,5,0.0,0.0,201,5,0.0,0.0,201,5,0.0,0.0
5a7265a95542992359bc307a,In what year did construction begin on the stadium where the 2013 America East Men's Lacrosse Tournament was held?,chunk_packed_220,ace_focused_220,0.3329612740704544,0.33006590640926964,0.33303088229695643,0.3626450603694735,0.25,212,4,0.0,0.0,212,4,0.0,0.0,208,4,0.0,0.0
5add889b5542997545bbbd68,A song sung by Palak Muchhal was picturized by what Indian film actress?,ace_packed_220,ace_focused_220,0.2940541796944492,0.292913710714783,0.27447650056619,0.3243030003846328,0.6666666666666666,214,5,0.0,0.0,219,5,1.0,1.0,208,5,1.0,1.0
5abed7d75542990832d3a0f7,SR connector is based on the connector that is often used for what type of cable?,chunk_packed_220,ace_focused_220,0.36634507215118084,0.3535651303626164,0.359159037182348,0.3268321435802003,0.42857142857142855,219,5,0.0,0.6666666666666666,216,4,0.0,0.0,210,4,1.0,1.0
5ab8c3c65542991b5579effd,How many albums did the company who released Tift Merritt's debut album release for Tif Merritt?,chunk_packed_220,ace_focused_220,0.29254681422404816,0.29078981912136315,0.2843968241828585,0.2924963052212648,0.6666666666666666,211,5,0.0,0.0,190,5,0.0,0.0,220,5,1.0,1.0
5ae6179b5542992663a4f25b,Which Hong Kong actor born on 19 August 1946 starred in The Sentimental Swordsman,chunk_packed_220,ace_packed_220,0.31564225080374153,0.3158558283791776,0.33289878806921086,0.31137243408118964,1.0,220,4,0.0,0.0,201,4,0.0,0.0,216,4,0.0,0.0
5a80838d5542992bc0c4a745,"Which game can have more players, The Magic Labyrinth or Shogun?",chunk_packed_220,ace_focused_220,0.334795267690701,0.3360251445682558,0.337111016507544,0.36151421606535605,0.6666666666666666,208,4,1.0,1.0,216,4,0.0,0.5,187,4,1.0,1.0
5a7cd7f055429909bec7683e,What school was the actress who appeared with Michelle Williams in the last play by Russian playwright Anton Chekhov attending when she was signed on for a talent holding deal?,ace_packed_220,ace_packed_220,0.2456155253200467,0.2559624080525803,0.2534074588757277,0.3010552936605933,0.42857142857142855,216,4,1.0,1.0,202,5,1.0,1.0,212,4,1.0,1.0
5ac3a10b5542995ef918c1c3,"On which 2012 American military science fiction action film, directed by Peter Berg, did Jason Snell work? ",ace_packed_220,ace_focused_220,0.26594290652163805,0.2713258019090014,0.2806848200792332,0.30983724001368573,0.6666666666666666,211,3,0.0,0.0,215,4,1.0,1.0,208,4,1.0,1.0
5ab8764155429919ba4e22fe,What profession was both John Updike and Bret Easton Ellis ?,ace_packed_220,chunk_packed_220,0.27130424943923515,0.27083393282369683,0.2765261363193584,0.365876083319317,0.6666666666666666,203,4,0.0,0.0,219,5,0.0,0.0,217,5,0.0,0.0
5a7cf4e355429907fabef062,What was Todd Boehly's former position at the firm where Mark Walter is the CEO?,ace_packed_220,chunk_packed_220,0.25847168807747106,0.2537452446636437,0.2701454671818191,0.4009811123381033,0.42857142857142855,214,4,0.0,0.6666666666666666,210,5,0.0,0.33333333333333337,220,5,0.0,0.33333333333333337
5a8f06075542995b44241f2d,"What car did the German rally driver, who won victories for Fiat, Opel, Lancia, and Audi drive?",chunk_packed_220,chunk_packed_220,0.3280271990036665,0.3624525091939633,0.34788034803252343,0.33253192503465656,0.42857142857142855,220,4,1.0,1.0,195,3,0.0,0.8,203,4,0.0,0.4
5ac09da45542996f0d89cc1d,"What is the main flavor of both soft drinks, Solo from Norway, and Sunkist?",chunk_packed_220,ace_packed_220,0.29762879994265345,0.3077850396658146,0.3045238319179436,0.31484993899031966,0.6666666666666666,217,5,1.0,1.0,204,5,1.0,1.0,215,4,1.0,1.0
5a8a4b9955429930ff3c0d88,Who wrote the lyrics to the 2016/2017 Australian production that stars Gretel Scarlett as Kathy Selden?,ace_packed_220,ace_focused_220,0.2954063276199639,0.3561521256748803,0.3428023347483178,0.3361408501053762,0.42857142857142855,219,4,0.0,0.0,208,4,0.0,0.0,203,3,0.0,0.0
5a8b7d925542995d1e6f13bd,"""Horrible Bosses"" is written by a writer in which career?",ace_packed_220,ace_packed_220,0.2594679331532643,0.26540390389957647,0.262570544384481,0.331764059812407,0.6666666666666666,213,4,0.0,0.0,211,4,0.0,0.0,217,5,0.0,0.0
5a8a09ff5542992d82986e6b,When did the husband of William Roper bornj who was also the father of  Margaret Roper?,chunk_packed_220,chunk_packed_220,0.29247170329321437,0.28562533560980874,0.29027295529575015,0.31291499387617805,1.0,211,5,0.0,0.0,211,5,0.0,0.0,218,5,0.0,0.0
5ab2d65e554299545a2cfabe,The standard that defines Svalbard and Jan Mayen is similar to what standard that originated in the United Nations Statistics Division?,ace_packed_220,ace_focused_220,0.29342625187640303,0.3114579305743765,0.2835611703654566,0.3649200780231405,0.6666666666666666,219,5,0.0,0.0,217,5,0.0,0.0,215,4,0.0,0.0
5a711cb45542994082a3e59f,"Who has won more Grand Slam women's doubles titles, Lisa Raymond or Liezel Huber?",chunk_packed_220,chunk_packed_220,0.28908869854753616,0.30595676048890486,0.29592620331715924,0.2656963799362737,1.0,213,5,0.0,0.0,220,5,0.0,0.0,219,5,0.0,0.0
5a746ddc55429929fddd8423,"Who is older, Thomas Friedman or English author David Lodge?",chunk_packed_220,ace_focused_220,0.338791423599196,0.3134809058559621,0.3139016922076141,0.3469424712453093,0.6666666666666666,195,5,0.0,0.0,218,5,0.0,0.0,191,5,0.0,0.0
5ae4b55455429913cc2044db,"Among the cast for ""Suicide Squad"", who has also appeared in ""Flags of Our Fathers""?",chunk_packed_220,ace_focused_220,0.2601092057075108,0.27229731863856366,0.2657742066674472,0.28267979623502115,0.25,216,4,1.0,1.0,218,5,1.0,1.0,203,3,1.0,1.0
5ab6087a554299110f2199be,Do both Korematsu v. United States and Chaplinsky v. New Hampshire cases regard the rights of U. S. citizens?,chunk_packed_220,ace_focused_220,0.32624597475807204,0.32720741606371506,0.3369633003643276,0.31569469285323587,0.25,219,5,0.0,0.0,202,5,0.0,0.0,181,5,0.0,0.0
5adfc06d55429906c02daa2a,"What is the name of the largest shipping facility in the Northeastern United States, where the Boston Red Socks play?",ace_packed_220,ace_packed_220,0.31090985273295874,0.3331416700415519,0.33034624812690405,0.38740065042961447,0.25,204,4,0.0,0.0,201,4,1.0,1.0,214,4,0.0,0.28571428571428575
5adf51e05542995534e8c78a,What is Diego Tonetto's Italian passport called?,chunk_packed_220,ace_packed_220,0.3204870930372504,0.3311088195897397,0.33281023517531777,0.30996958217581905,0.6666666666666666,215,5,0.0,0.4,199,5,0.0,0.4,206,5,0.0,0.4
5ab4482b55429942dd415f09,"Which filmmaker is considered a pioneer, Herschell Gordon Lewis or Leah Meyerhoff?",ace_packed_220,ace_packed_220,0.27003788090661685,0.2961508718881851,0.293715124109608,0.3319112977115071,0.6666666666666666,207,5,0.0,0.7499999999999999,205,5,0.0,0.7499999999999999,217,4,0.0,0.7499999999999999
5abfa0285542990832d3a171,Was Hoobastank or Fountains of Wayne formed first?,ace_packed_220,ace_focused_220,0.31033433860752574,0.3247266708601151,0.32761546705751887,0.374994440670855,0.6666666666666666,215,5,1.0,1.0,216,5,1.0,1.0,210,5,1.0,1.0
5a8b1a925542997f31a41c6e,"The actor known for his role as ""Freddie""  in The Deep Blue Sea won the Laurence Olivier Award for his role in which play?",ace_packed_220,chunk_packed_220,0.31700460065117547,0.312793369388234,0.31069172356919295,0.3525219743260477,0.25,218,3,1.0,1.0,220,4,0.0,0.0,212,4,0.0,0.0
5a7fc03d5542992097ad2fbc,Which county was included in the Diocese of Reno and was also the county seat of Ormsby County prior to 1969?,ace_packed_220,chunk_packed_220,0.27811019158162964,0.2619039443453805,0.29338605293909636,0.4228438804617993,0.6666666666666666,212,4,0.0,0.0,220,5,0.0,0.0,217,5,0.0,0.0
5ae5ead6554299546bf82fd0,"Home was an animation film that included which Rihanna song that premiered on February 24, 2015?",chunk_packed_220,chunk_packed_220,0.27418255045083717,0.28225830271625346,0.271628207878591,0.2746389263111443,0.25,194,3,1.0,1.0,211,5,1.0,1.0,203,5,1.0,1.0
5ae6371155429929b0807af1,"Which of the music composed for Operation Amsterdam originated in the middle of the 19th century in Bohemia, now part of the Czech Republic?",ace_packed_220,chunk_packed_220,0.29814362989739734,0.26107435501859627,0.309049184353775,0.45672850329968073,0.1111111111111111,201,3,1.0,1.0,206,4,1.0,1.0,216,3,1.0,1.0
5a80f4c2554299260e20a1da,What is the nickname of the WWII battleship at the Fall River Heritage State Park?,ace_packed_220,ace_packed_220,0.3466956053225519,0.34648801399528617,0.3482565615028911,0.4219253050965457,0.6666666666666666,216,4,0.0,0.0,200,4,0.0,0.0,200,4,0.0,0.0
5ac38bf355429939154137ba,"William McGrath was a loyalist from Northern Ireland, and was known for opposing what? ",chunk_packed_220,ace_focused_220,0.2779815065151596,0.30345232489409313,0.30632194275789615,0.30515899940234636,0.6666666666666666,219,5,0.0,0.0,214,4,0.0,0.0,199,5,0.0,0.0
5ae26c795542992decbdccfb,What footballer beat out a German professional footballer despite his 18 clean sheets?,chunk_packed_220,ace_focused_220,0.1941286197125962,0.23259753585161644,0.2140551769012847,0.21039046762839375,0.42857142857142855,208,5,0.0,0.0,205,4,0.0,0.0,205,4,0.0,0.8
5ae51fa25542992663a4f11f,Where is the group of islands named after Purdue University's professor of forest ecology from 1947 to 1973?,ace_packed_220,chunk_packed_220,0.20640763266807638,0.25060769370122776,0.2527077115889474,0.30317879374408946,0.25,204,4,0.0,0.0,212,4,0.0,0.0,220,4,0.0,0.0
5ae13bf1554299422ee99634,What American pianist and composer was a guest muscian on the Manhattan Blues Project album by Steve Hunter?,ace_packed_220,ace_focused_220,0.303235138355179,0.32989593393020317,0.3323212650951243,0.3868148701641061,0.6666666666666666,209,3,0.0,0.0,216,4,0.0,0.0,208,5,0.0,0.0
5a79e7b45542994f819ef0ff,"What is the best known novel from the author of ""Laura Warholic""?",ace_packed_220,chunk_packed_220,0.2736968386789054,0.35580898170956743,0.3099715524253205,0.3493411285259478,0.1111111111111111,212,3,0.0,0.0,214,5,0.0,0.0,214,5,0.0,0.0
5a8ee7c95542990e94052bb1,What song originally released by an American rock band active in the late 1960's and early 1970's did The Reels do a cover of in 1986?,chunk_packed_220,ace_packed_220,0.30881960547984033,0.31392472802293164,0.32583037616299393,0.2944720233939027,0.25,215,4,0.0,0.0,211,3,0.0,0.0,211,3,0.0,0.0
5a8bc0485542995d1e6f143d,What continents are the Moneuptychia found in?,chunk_packed_220,ace_packed_220,0.33608472052973093,0.3247505499130316,0.3398099926148145,0.31017445110937897,0.25,212,5,0.0,0.0,209,5,0.0,0.0,218,5,0.0,0.0
5adf3c155542993a75d2643a,What is the given name of the character depicted as Juliet Hulme in Heavenly Creatures?,ace_packed_220,ace_focused_220,0.251386756338812,0.26933902390305475,0.27022427705835517,0.366190013062235,0.42857142857142855,204,3,0.0,0.0,216,4,0.0,0.0,203,5,0.0,0.0
5ab84bab55429934fafe6d49,"Terence Richard ""Terry"" Norris starred in a 2007 Australian drama film that was directed by Richard Roxburgh, and was based on a memoir by who?",ace_packed_220,ace_focused_220,0.29118884064081574,0.30910422357385425,0.3009924656423434,0.3389801687528123,1.0,215,4,1.0,1.0,220,4,1.0,1.0,190,3,1.0,1.0
5abb4b4a5542993f40c73aea,"Which university, attended by Jonas Tilly, is part of California's three-system public higher education plan?",chunk_packed_220,ace_focused_220,0.395738287746612,0.398327812194454,0.4115557766124255,0.4037807124129442,0.6666666666666666,219,4,1.0,1.0,207,4,0.0,0.6666666666666666,207,4,1.0,1.0
5ae4885e55429970de88d99d,How many records has the singer which Robert Gale tour with during his fifteen year of tour sang with dropped ,chunk_packed_220,chunk_packed_220,0.21740891410464447,0.20392353999311522,0.21501471526452423,0.23112435041983626,0.1111111111111111,204,4,0.0,0.0,217,5,0.0,0.0,217,5,0.0,0.0
5adf53dc5542995534e8c791,Who has more productions under their belt Ridley Scott or Elmer Clifton?,ace_packed_220,chunk_packed_220,0.23261354544787055,0.257553095846919,0.25289496732758965,0.26891264120432323,0.25,207,4,1.0,1.0,211,5,1.0,1.0,207,4,1.0,1.0
5a7a70b355429941d65f2647,"Who was born later, Jerry Garcia or Joe Gooch?",chunk_packed_220,ace_focused_220,0.29355469974540976,0.289555450517481,0.3018406665240456,0.30598248221676894,0.6666666666666666,219,5,1.0,1.0,209,4,1.0,1.0,206,5,1.0,1.0
5a8911ad554299515336129c,"Nuestra Belleza México 2010 was crowned by the winner of what other 2010 pageant, the winner of which was crowned on 23 August 2010?",ace_packed_220,ace_focused_220,0.31230936283443755,0.3379273207566972,0.3282919928553293,0.3587814725478918,0.42857142857142855,212,4,1.0,1.0,207,4,0.0,0.0,205,3,1.0,1.0
5ae6911955429908198fa626,M.F.A. starred the actress known for starring in what E! reality series?,chunk_packed_220,ace_focused_220,0.3180993059069299,0.28757287570602585,0.276365073029093,0.3045132004366549,0.42857142857142855,220,5,0.0,0.0,216,5,0.0,0.0,194,5,1.0,1.0
5a843de75542992ef85e23b4,Which pirate-themed Las Vegas resort is one of many developed by Steve Wynn?,ace_packed_220,ace_focused_220,0.28631722405232773,0.2890627917183488,0.2817553025209448,0.3299271284290994,0.42857142857142855,218,4,0.0,0.0,219,4,0.0,0.0,208,4,0.0,0.0
5a7d22dc5542995ed0d16600,"How is Christopher Buckley related to the founder of ""National Review"" magazine?",ace_packed_220,ace_packed_220,0.29049340068780216,0.27255953623787926,0.2663999331671111,0.3769175379779861,1.0,216,4,1.0,1.0,213,5,1.0,1.0,217,4,0.0,0.0
5a8a1a9c5542992d82986ebb,Ara Berberian sand for which role an opera by Giuseppe Verdi?,ace_packed_220,chunk_packed_220,0.2823111356844946,0.2907630245375791,0.2757756087839097,0.33952453567238183,0.6666666666666666,214,4,0.0,0.0,219,5,0.0,0.0,219,5,0.0,0.0
5a8f7c9a55429918e830d239,Which NFL team did both Don Looney and DeSean Jackson play for?,chunk_packed_220,chunk_packed_220,0.23502840921971505,0.29098537809733904,0.264428404368765,0.2610741471438804,0.42857142857142855,219,3,1.0,1.0,214,5,0.0,0.0,198,4,0.0,0.0
5ab92f1f554299753720f77b,What profession does 2007 Formula 3 Euro Series and Romain Grosjeanhave in common?,ace_packed_220,ace_packed_220,0.31150348230554614,0.35356576526535766,0.36680998882046695,0.3416141376741265,0.42857142857142855,209,4,0.0,0.6666666666666666,205,5,0.0,0.6666666666666666,208,5,0.0,0.6666666666666666
5a761e855542994ccc9186e0,Where are Catcha Lake and Hedley Mascot Mine located?,ace_packed_220,ace_focused_220,0.30064378612170306,0.2927554921830424,0.29791032558270725,0.3734564575367828,0.6666666666666666,220,5,0.0,0.0,217,5,0.0,0.0,212,3,0.0,0.25
5a7a01b15542996c55b2dcd1,"Who lived longer, Alejandro Jodorowsky or Philip Saville?",ace_packed_220,ace_focused_220,0.24823509865217186,0.2363087882683491,0.24624680867299492,0.33373774069641315,0.6666666666666666,216,4,0.0,0.0,215,4,0.0,0.0,190,4,0.0,0.0
5a733b835542991f9a20c6b2,"Which movie is loosley based off the Brother Grimm's ""Iron Henry""?",chunk_packed_220,ace_packed_220,0.24875812983230083,0.2580295702913561,0.2729691180314552,0.24869164368180963,0.25,220,4,0.0,0.5714285714285715,198,4,0.0,0.5714285714285715,209,4,0.0,0.5714285714285715
5ae04ea555429924de1b709e,Rawlins Park is a small public park in a neighborhood that got its name due to what ?,ace_packed_220,chunk_packed_220,0.2740726515870642,0.2574097083766139,0.2650325322117337,0.32838485752982255,0.42857142857142855,209,4,0.0,0.0,213,5,0.0,0.0,213,4,0.0,0.0
5abd2eab5542992ac4f38210,Which suburb is a soap opera featuring a character named Beverly Marshall set in?,ace_packed_220,ace_focused_220,0.27890867958954435,0.27582906488277525,0.2826201789692492,0.3721698551544945,0.6666666666666666,211,5,1.0,1.0,197,5,0.0,0.0,196,4,1.0,1.0
5a81e097554299676cceb129,What languages is the journal that Michel Feher semi-regularly blogs for published in?,chunk_packed_220,ace_focused_220,0.274763994551951,0.2673043880093017,0.28405392082153597,0.26485639265641836,0.42857142857142855,217,4,0.0,0.4,219,4,0.0,0.4444444444444445,211,5,0.0,0.4444444444444445
5ab6faec5542991d32223708,"Who has won more literary awards, Annie Dillard or Gabriel García Márquez?",chunk_packed_220,chunk_packed_220,0.31801588076837034,0.23182383555699493,0.2640304192216273,0.31004628710547144,0.6666666666666666,220,4,0.0,0.7142857142857143,207,4,0.0,0.0,214,4,0.0,0.0
5a753c8c55429916b01642ab,"What song from the fourth studio album made by The Who reached No.4 on the UK charts and No. 19 o nthe U.S. ""Billboard"" Hot 100?",chunk_packed_220,ace_packed_220,0.3589992002282731,0.3680328700286083,0.37405731145674803,0.2580557676481246,0.42857142857142855,220,5,0.0,0.0,192,5,0.0,0.0,200,5,0.0,0.0
5ae22ede554299234fd0441b,Which company used a voice actor who also voiced He-Man?,ace_packed_220,chunk_packed_220,0.22118798820181196,0.2572000845430525,0.25880572011902386,0.27801814358810684,0.42857142857142855,196,4,0.0,0.0,218,5,0.0,0.0,214,4,0.0,0.0
5a8b40b055429949d91db50c,"John Michael Montgomery has had more than 30 singles on the ""Billboard"" country music charts, but what single from his fourth studio album What I Do the Best never reached the top ten on the Hot Country Songs charts?",ace_packed_220,chunk_packed_220,0.31214928399467456,0.3021253131705569,0.31205043329799564,0.36939351452814195,1.0,215,4,0.0,0.0,219,5,0.0,0.0,218,4,0.0,0.0
5ade8ad95542992fa25da7b8,Was Talking Heads and Man or Astro-man? formed further north?,ace_packed_220,chunk_packed_220,0.3164083878300038,0.34515183985198916,0.3400359505554412,0.36281300573156416,0.6666666666666666,198,4,0.0,0.0,210,5,0.0,0.0,213,5,0.0,0.0
5a7b971255429927d897bff3,What season of Gilmore Girls featured an actress as a maid of honor who had also played the role of Winnie Foster?,chunk_packed_220,chunk_packed_220,0.2369950321489896,0.2395263891199454,0.24928834941580819,0.25673705696764426,1.0,197,3,0.0,0.0,215,3,0.0,0.0,210,4,0.0,0.0
5ae2c4b8554299495565db31,What New York city is 60 miles northwest of the Glen Iris Inn?,ace_packed_220,ace_packed_220,0.28319853266132716,0.27820235888399186,0.2884625670849542,0.34249114611325093,0.42857142857142855,217,4,0.0,0.0,197,4,0.0,0.0,213,4,0.0,0.0
5ac508205542994611c8b32e,The M1919 and the M1 was used by what military?,ace_packed_220,ace_packed_220,0.24581011795756125,0.2363130205028884,0.2347358090407814,0.3188776235574836,0.6666666666666666,217,4,0.0,0.0,206,5,0.0,0.0,220,5,0.0,0.0
5a74c85055429916b0164218,"Born on 6 March 1937, this man was also a citizen of the United Kingdom.",chunk_packed_220,chunk_packed_220,0.24700225708362744,0.2989908217459612,0.2884820505694184,0.2575381760295137,0.1111111111111111,203,5,0.0,0.6666666666666666,219,5,0.0,0.0,205,5,0.0,0.0
5a75642c5542996c70cfaeed,Where is the investment firm that acquired TI Automotive in 2015 headquartered?,ace_packed_220,chunk_packed_220,0.2537644394099449,0.26679007131740684,0.2848210999230092,0.3555687539086929,0.25,209,3,0.0,0.0,215,4,0.0,0.0,218,4,0.0,0.0
5ae6dd745542996d980e7ca0,"What novella was the basis of the movie that featured the song ""Wien, du Stadt meiner Träume"" by Rudolf Sieczyński?",chunk_packed_220,ace_focused_220,0.33826741170832864,0.34696711767136457,0.33732401543844537,0.3568806651481281,0.6666666666666666,220,5,0.0,0.0,208,5,1.0,1.0,199,5,1.0,1.0
5a74d64055429916b0164223,Which English Egyptologist is known mainly for his works in the Egyptian Museum that is named after the capital of Egypt?,chunk_packed_220,chunk_packed_220,0.32716926423323534,0.35193978032343454,0.3393992840635573,0.31321944095165977,0.6666666666666666,204,4,1.0,1.0,211,5,0.0,0.0,211,5,0.0,0.0
5a7a616355429941d65f25f7,The team that would become the Little Giants was located in the county seat of which Ohio county?,chunk_packed_220,ace_focused_220,0.3086743461401825,0.300448915994336,0.3181739508418805,0.31663162430227276,0.25,207,4,0.0,0.0,215,5,0.0,0.0,183,5,0.0,0.0
5aba9813554299232ef4a357,"Which is a choreographer, Yuen Woo-ping or Basil Dean?",chunk_packed_220,ace_focused_220,0.31362355397194797,0.2901291231320678,0.31600383100273566,0.3199981496206422,0.42857142857142855,207,4,1.0,1.0,217,5,0.0,0.0,204,5,1.0,1.0
5ae5669755429960a22e02ec,"Which of the campaign that brought out the term Vichy Republican on social media was formally launched on June 16, 2015, at Trump Tower in New York City?",ace_packed_220,chunk_packed_220,0.3039639378391966,0.29836310385830556,0.29616647016223513,0.39427683508180944,1.0,203,4,0.0,0.5,203,4,0.0,0.4444444444444445,203,4,0.0,0.4444444444444445
5a79e1275542990198eaefe7,The 19 high-rise commercial buildings covering 22 acres between 48th and 51st Streets in New York City feature which style of architecture?,ace_packed_220,ace_packed_220,0.3599821813793772,0.42228216955424003,0.39442478341232556,0.47302224357251266,0.6666666666666666,213,4,0.0,0.8,197,3,0.0,0.8,215,4,0.0,0.8
5a9064c755429916514e74a6,What is the first name of Jack Benny Binion's father?,chunk_packed_220,ace_focused_220,0.31727427585887663,0.3230668383041979,0.33674693043104975,0.3237206364154055,0.6666666666666666,220,5,1.0,1.0,216,5,1.0,1.0,207,5,1.0,1.0
5a872e8e5542991e7718170c,"Daniel Greene has created what for clients including sportscaster Bryant Gumbel, Eleanor Roosevelt, William Randolph Hearst and Dave Thomas, the founder of Wendy's?",ace_packed_220,ace_packed_220,0.22597527192808903,0.27711739754824416,0.25867605191412457,0.313118200367439,0.6666666666666666,207,4,0.0,0.0,206,4,1.0,1.0,213,5,0.0,0.0
5ae6453e55429908198fa56c,Which MTV show was hosted by a member of the Likwit Crew?,ace_packed_220,chunk_packed_220,0.31366829931998175,0.2965008874820001,0.294997113454904,0.38819631247991193,0.42857142857142855,216,5,1.0,1.0,214,5,0.0,0.0,218,5,0.0,0.0
5a90970d5542995651fb51a5,Rainforest Ecological Train runs through a national park with an area of how many Kilometers ?,chunk_packed_220,ace_packed_220,0.3276627619897965,0.34122165280684036,0.34604035304400294,0.30192158978026806,0.1111111111111111,207,4,0.0,0.0,201,4,0.0,0.0,216,4,0.0,0.0
5ae15ae25542990adbacf767,How many records did Shane Lynch sell as a member of Boyzone?,ace_packed_220,chunk_packed_220,0.2667336349413716,0.26829964249176275,0.2738398831102804,0.3293813601490864,1.0,200,4,1.0,1.0,205,4,0.0,0.0,204,4,0.0,0.0
5a7e08b55542997cc2c474fe,What current NHL team owner played for the team that won the Stanley cup in 1992?,chunk_packed_220,ace_packed_220,0.24738639046579547,0.24233471069130627,0.23694160917346396,0.2751197187407717,0.42857142857142855,206,3,0.0,0.0,197,4,0.0,0.0,200,5,0.0,0.0
5ab30336554299166977417c,Which American comedian starred in the original cast of Saturday Night Live and played Stan Winters in the sitcom Martin?,chunk_packed_220,ace_focused_220,0.3395763471088994,0.31934612033039433,0.3504477192377148,0.34097719416947747,0.42857142857142855,206,4,0.0,0.0,212,4,1.0,1.0,194,5,1.0,1.0
5a83b4d35542996488c2e495,The Sophia Amalia was named after the wife of a king that ruled which two countries in 1648?,ace_packed_220,ace_focused_220,0.2722207198199978,0.3102092538879787,0.2962653160107964,0.37174695571292055,0.6666666666666666,210,5,0.0,0.3333333333333333,200,4,0.0,0.8,210,4,1.0,1.0
5ab416a25542996a3a969f28,"Where was the Danish colony, in which the Scandinavian Collectors Club claims as part of their region and includes the islands of Saint Thomas, located?",chunk_packed_220,ace_packed_220,0.2941252404228201,0.29375592579855714,0.28680752258912773,0.30948217536744976,0.6666666666666666,220,4,0.0,0.0,215,5,0.0,0.0,215,5,0.0,0.0
5a7147fd5542994082a3e758,When was the king that started coin production in Copenhagen born?,ace_packed_220,ace_packed_220,0.2569548059336235,0.23066354790635793,0.23223161262334335,0.32057694584000485,0.1111111111111111,211,5,0.0,0.0,210,3,0.0,0.0,217,4,0.0,0.0
5ae0413555429942ec259c61,Who created the British television series to which Tofu was a sister series focusing on a range of sex attitudes in the twenty-first century from the viewpoint of everyday people?,ace_packed_220,ace_focused_220,0.32669543608831564,0.35301655609373367,0.34387721360102497,0.42204015201894163,0.42857142857142855,220,3,1.0,1.0,217,4,1.0,1.0,215,3,1.0,1.0
5ae47cab5542996836b02cb9,In what league does the team play that has Marko Dmitrović as a player ?,chunk_packed_220,ace_packed_220,0.2683318676660721,0.2619089394780443,0.3032046142394884,0.26941184050807504,0.1111111111111111,218,4,0.0,0.0,210,5,1.0,1.0,210,5,1.0,1.0
5abdbf3755429933744ab818,Have Tionne Watkins and Park So-yeon both been members of a girl group?,chunk_packed_220,ace_focused_220,0.3155240807514783,0.3002118735864676,0.3142152094071168,0.28976538075871905,0.6666666666666666,220,5,0.0,0.0,210,5,0.0,0.0,209,5,0.0,0.0
5ae0968955429924de1b7105,When was the rock band to which Pre-Creedence name was changed active? ,chunk_packed_220,ace_packed_220,0.3319442420856232,0.34875479530883174,0.33405391192600176,0.3281290857564592,0.42857142857142855,205,5,0.0,0.0,162,5,0.0,0.0,162,5,0.0,0.0
5ab48f245542990594ba9c66,Did both the Beaulieu Mine and Colomac Mine fall into bankruptcy?,ace_packed_220,ace_focused_220,0.24401144440485228,0.2730456030036873,0.25356914924258644,0.33523727500629685,0.42857142857142855,202,4,0.0,0.0,218,5,0.0,0.0,201,3,0.0,0.0
5ae5faf555429929b0807a4c,What kind of political party that combined conservative policies with liberal stances were Pio Cabanillas Gallas and Jose Maria de Areilza the leaders of?,chunk_packed_220,ace_focused_220,0.33214852827956365,0.3747723406916743,0.36520483534059245,0.3165321092072694,1.0,213,5,0.0,0.0,217,5,0.0,0.0,201,5,0.0,0.0
5a7c53a855429935c91b515d,What drum machine was introduced in 1989 and allowed 32 notes to be played simultaneously?,chunk_packed_220,ace_focused_220,0.24236837504540348,0.25209134684006573,0.2503360556126011,0.26419723185455457,0.42857142857142855,219,4,1.0,1.0,220,5,1.0,1.0,218,4,1.0,1.0
5ae51b495542993aec5ec146,"On December 4, 1872, the ship Mary Celeste, captained by Benjamin Briggs, was found unmanned and drifting in the Altantic Ocean near what location?",ace_packed_220,ace_packed_220,0.28961144211835727,0.3341601725940976,0.32272220901284054,0.3535507585415636,0.6666666666666666,216,3,1.0,1.0,209,3,1.0,1.0,216,4,0.0,0.0
5ade8f5955429975fa854f10,"What role was played in ""Who Framed Roger Rabbit"" by the actor who played an Addams Family character played by Jackie Coogan in the original television series?",ace_packed_220,chunk_packed_220,0.31861709237020963,0.3215644969564666,0.3205590056266225,0.3563847524799404,0.6666666666666666,211,4,0.0,0.0,220,4,0.0,0.0,216,4,0.0,0.0
5ab64cfa55429953192ad2b7,Who lived longer Ellen Glasgow or N. Scott Momaday ?,ace_packed_220,ace_focused_220,0.2824778196499682,0.2833781482257116,0.2847697589440785,0.33606500323939265,0.42857142857142855,219,5,0.0,0.0,214,4,0.0,0.0,206,5,0.0,0.0
5a8fae205542997ba9cb32ec," What type of television show did Dylan Everett star in, in 2015?",chunk_packed_220,ace_focused_220,0.26032821325038114,0.24863362817026285,0.2705235799251515,0.27766897225900167,0.25,210,4,0.0,0.0,215,4,0.0,0.0,209,5,0.0,0.0
5abb7d8b5542996cc5e4a006,Dan Balan co-wrote the song from what T.I. album?,ace_packed_220,ace_packed_220,0.24918420309965977,0.2583551565759335,0.27402575068073576,0.32123733237722785,0.6666666666666666,220,3,0.0,0.0,216,5,0.0,0.0,220,4,0.0,0.0
5add47bf5542992200553a7f,Are Robin Wilson and Adrienne Bailon of the same nationality? ,ace_packed_220,chunk_packed_220,0.2613437338369623,0.2603782546422383,0.2794351409447463,0.3052706515209633,0.6666666666666666,208,5,0.0,0.0,219,4,0.0,0.0,213,4,0.0,0.0
5a7128b05542994082a3e5f2,"Which film was released first, Laura's Star or Wonder Woman?",chunk_packed_220,ace_focused_220,0.3013412344466772,0.25061586815006437,0.2963613542727996,0.30980361991106287,0.42857142857142855,216,4,1.0,1.0,216,5,1.0,1.0,212,5,1.0,1.0
5ade04465542990dbb2f7f2f,What is the birth name of Nadeem Siddique's favorite boxer?,chunk_packed_220,chunk_packed_220,0.286419653125655,0.2763063709538443,0.3005649946911084,0.24616014933025504,0.25,209,4,1.0,1.0,213,5,0.0,0.0,214,5,0.0,0.0
5ab431d855429942dd415ed2,"What company has a headquarters in Whitley, Convernty, United Kingdom?",ace_packed_220,ace_packed_220,0.22420470491076053,0.22902214743728735,0.2324316681759022,0.25742598727371546,0.25,219,4,0.0,0.0,212,5,0.0,0.7499999999999999,217,5,0.0,0.7499999999999999
5a8c6342554299240d9c214a,"Claudine's Return starred the actress who played which role on ""Married...with Children""?",chunk_packed_220,chunk_packed_220,0.2716267821714084,0.24143103939410893,0.2690002500729937,0.2777949721420877,0.42857142857142855,216,4,1.0,1.0,220,5,0.0,0.0,220,5,0.0,0.0
5adc75525542994650320d0e,"Which dog breed originates from a region farther east, the Lancashire Heeler or the Russian tracker?",ace_packed_220,chunk_packed_220,0.27437440248507317,0.29998699693924735,0.28261722704805675,0.32042679558926196,1.0,204,4,1.0,1.0,213,5,1.0,1.0,216,5,1.0,1.0
5a85d25b5542996432c570ee,"Which basketball club located in Alytus, Lithuania does Anatoly Kashirov play for?",ace_packed_220,ace_packed_220,0.3014039185229198,0.2865409132028289,0.29906749622392503,0.3423435095924375,1.0,212,5,0.0,0.6666666666666666,216,5,1.0,1.0,196,5,0.0,0.6666666666666666
5a7183575542994082a3e85e,"Who was the architect of a Dutch museum dedicated to the arts and history in Amsterdam, located at the Museum Square?",chunk_packed_220,chunk_packed_220,0.39745849036949765,0.41018563024271193,0.41084538476784516,0.40511793208013647,0.6666666666666666,219,5,1.0,1.0,210,5,0.0,0.0,210,5,0.0,0.0
5adebea1554299728e26c7b6,Muz-TV was launched before the 24-hour music channel that was operated by what company?,ace_packed_220,ace_focused_220,0.2732873152909723,0.2766827126270191,0.2740616243191371,0.34873208158099506,0.6666666666666666,205,5,0.0,0.0,217,5,0.0,0.0,201,5,0.0,0.0
5a80a25d5542995d8a8ddfb7,What is the name of the vocalist who collaborated with the rap duo who won the 2002 Grammy Award for Best Rap Performance by a Duo or Group?,ace_packed_220,chunk_packed_220,0.3841921228601498,0.3826285435793048,0.38299256329372955,0.4707847199714661,0.42857142857142855,209,4,0.0,0.0,219,4,0.0,0.0,210,5,0.0,0.0
5a778b1e55429949eeb29ee3,What band is a tribute to a band originally known as the Grizzly River Boys?,ace_packed_220,chunk_packed_220,0.27293929471147976,0.279462541414248,0.2951567282606582,0.3224052543965384,0.25,215,4,1.0,1.0,208,5,0.0,0.0,219,5,0.0,0.0
5ae6860e5542991bbc976112,"How did Emilie du Chatelet, Voltaire's love, contribute to the basic laws of physics?",chunk_packed_220,ace_packed_220,0.23802599337892977,0.2535321793651372,0.2591998651060813,0.26781613650070235,0.42857142857142855,208,4,0.0,0.0,208,4,0.0,0.7692307692307692,192,4,0.0,0.6
5a7e058f5542995f4f402390,Ann Killion co-authored a memoir with the American soccer goalkeeper who won how many Olympic golds?,chunk_packed_220,chunk_packed_220,0.2884749731906584,0.31815044252462543,0.3106674135706923,0.2773389356090828,0.42857142857142855,217,3,1.0,1.0,197,4,0.0,0.0,206,4,0.0,0.0
5ab2a8b655429929539467ab,Name a musician that worked with Hiren Roy and Vilayat Khan.,chunk_packed_220,ace_focused_220,0.2611519109304111,0.2927107146720829,0.282805192540312,0.2806399276246251,0.42857142857142855,199,5,0.0,0.0,220,5,1.0,1.0,202,5,1.0,1.0
5a8e06785542995085b37383,The name of the Japanese rock band T-Bolan was inspired by the name of an English rock band formed in what year?,ace_packed_220,ace_focused_220,0.32435117344982156,0.32545772708325726,0.32094452414382624,0.3964997194169816,0.6666666666666666,212,5,1.0,1.0,218,5,1.0,1.0,198,4,1.0,1.0
5a7eb22655429930675135cb,Which current CBS NBA analyst played for the PORTLAND TRAILBLazers along with former UNLV teammate Stacey Augmon?,ace_packed_220,ace_packed_220,0.21583525976010987,0.2559713204786388,0.2360192717213424,0.26584389505539513,0.6666666666666666,204,3,0.0,0.0,201,3,1.0,1.0,218,4,0.0,0.0
5ab298fb554299449642c922,Who was known for playing a fictionalized version of the wild politician who was the face of communist scare tact's in the early 1950's?,chunk_packed_220,chunk_packed_220,0.21104441846922006,0.26661430645145356,0.2649576504270228,0.23615928470168732,0.42857142857142855,199,3,1.0,1.0,212,4,1.0,1.0,209,4,1.0,1.0
5ab27287554299722f9b4d2c,Which of the following board games accommodates up to 10 players: The Game of Life or the History of the World?,chunk_packed_220,ace_packed_220,0.34444750925162215,0.3231272102958439,0.3559548638735883,0.3571258203723554,0.6666666666666666,220,5,0.0,0.3333333333333333,214,5,0.0,0.3333333333333333,207,5,0.0,0.2
5ae0f2bf5542997b2ef7d09e," Which attack resulted with the formal surrender of German forces, the Battle of Guam or the Spring 1945 offensive in Italy?",chunk_packed_220,ace_focused_220,0.3598961720883332,0.38617924009276916,0.38507005092741786,0.376808153865944,0.6666666666666666,200,4,0.0,0.0,213,4,0.0,0.0,207,4,1.0,1.0
5a838fcd5542992ef85e2305,Finna Get Loose is a song by Puff Daddy and what American rapper who is also a record and film producer?,ace_packed_220,ace_packed_220,0.3284532101538572,0.3584378750298519,0.34776295698142545,0.4234908863158696,0.6666666666666666,199,5,0.0,0.0,208,5,0.0,0.8,208,5,0.0,0.8
5a79caec5542994bb94570ad,When was Leeds no longer called Elmet?,chunk_packed_220,chunk_packed_220,0.23134390947511116,0.23483347796967818,0.224389151146286,0.25508916260519976,0.6666666666666666,208,4,0.0,0.0,209,4,0.0,0.0,208,3,0.0,0.0
5a73266d5542994cef4bc47d,Who opened Gunnersby Park and signed the Munich Agreement?,ace_packed_220,ace_focused_220,0.24730198422192587,0.26992051952073604,0.2796504852653825,0.35678817518425376,0.6666666666666666,193,3,0.0,0.8,200,3,0.0,0.8,219,4,1.0,1.0
5a8de02b554299068b959e13,What team did Robbie Keane play for after Inter Milan?,chunk_packed_220,ace_focused_220,0.24496467049057963,0.26431082086759977,0.2451396804283773,0.2508881319925905,0.6666666666666666,214,4,0.0,0.0,211,5,0.0,0.0,177,4,0.0,0.0
5a89ba6b554299669944a584,Pippa Hinchleyplayed Elaine Fenwick on a British Soap opera shown on what channel?,ace_packed_220,ace_packed_220,0.24161212681412902,0.2253693428005637,0.2417883672500663,0.33144191060092,0.42857142857142855,209,3,1.0,1.0,207,5,1.0,1.0,207,5,1.0,1.0
5ae4ea2a5542993aec5ec0ee,The defending EFL Championship winner will qualify for which upcoming group stage if it wins all of its participating football tournaments?,ace_packed_220,ace_focused_220,0.24584018279444494,0.23541666666666666,0.23866120196878393,0.29601863913101123,0.6666666666666666,207,3,0.0,0.28571428571428575,191,4,0.0,0.6,193,3,0.0,0.7499999999999999
5a7796e05542992a6e59df0f,What country is the theme park served by the Huis Ten Bosch train service themed on?,chunk_packed_220,ace_focused_220,0.36980592030158455,0.38969542766205667,0.38173096898969816,0.37523444790065863,1.0,183,5,0.0,0.0,183,5,0.0,0.0,183,5,1.0,1.0
5ab8627f5542990e739ec8da,Harrison Newey made his ADAC Formula 4 debut with a partner who is the son of who?,chunk_packed_220,ace_packed_220,0.34005948704005096,0.3977554528147049,0.38716398096032134,0.33750203014347346,0.42857142857142855,219,5,0.0,0.3636363636363636,204,5,0.0,0.3636363636363636,216,4,0.0,0.3636363636363636
5a7456ec55429979e288290f,"which film came out first, African Cats or Fun and Fancy Free ?",ace_packed_220,ace_packed_220,0.27540233841425193,0.27437899922503445,0.2749047811389114,0.3179769632446602,0.6666666666666666,220,4,1.0,1.0,205,4,1.0,1.0,205,4,1.0,1.0
5abc6fba554299700f9d78c7,"Christopher ""Chris"" Fairbank provided voice talent for which 2006 British-American computer-animated action-adventure comedy film directed by David Bowers and Sam Fell?",ace_packed_220,chunk_packed_220,0.2849126057225819,0.3185227837472826,0.3142224215641606,0.36789626886574245,0.6666666666666666,213,3,1.0,1.0,219,4,1.0,1.0,216,4,1.0,1.0
5ae1500655429920d52343cc,In what town is the office organization solutions company whose Canadian arm is Oxford headquartered?,chunk_packed_220,ace_packed_220,0.37320415364329884,0.35600577361671754,0.36527666229519484,0.3629417576487032,0.42857142857142855,219,5,0.0,0.6666666666666666,212,5,0.0,0.6666666666666666,193,5,0.0,0.0
5a8c5569554299240d9c2126,Are Daryl Hall and Gerry Marsden both musicians?,ace_packed_220,ace_packed_220,0.2626121221568936,0.25674784338593026,0.2630779525342469,0.3328446298575191,1.0,191,5,0.0,0.0,202,5,1.0,1.0,202,5,0.0,0.0
5a7cffb755429907fabef09f,What character played by Laurence Olivier in 1969 was an officer in the Royal Air Force,ace_packed_220,ace_focused_220,0.24313511965850887,0.24280470051020714,0.2576170428745573,0.28987952945745554,0.25,213,4,0.0,0.0,214,5,1.0,1.0,203,5,1.0,1.0
5abdaa0f55429965af743dad,Which division did people from the division Major General Robert Walker Grow commanded originally come from?,ace_packed_220,chunk_packed_220,0.28497705215908564,0.2911701865519753,0.2942617803410347,0.34501658502509336,0.42857142857142855,217,5,0.0,0.3333333333333333,219,5,0.0,0.0,220,4,0.0,0.28571428571428575
5add00805542992c1e3a2504,Beyond the Edge was a docudrama about the mountaineer that was part of the Everest expedition led by whom?,ace_packed_220,chunk_packed_220,0.29642293101745587,0.2886596752810061,0.29817519672088777,0.33745132799658806,1.0,217,4,1.0,1.0,217,4,0.0,0.0,220,4,0.0,0.0
5a8af11a55429950cd6afc21,The Hoch Conservatory had the teacher on-staff who was the first to publicly perform any work by which composer?,chunk_packed_220,ace_packed_220,0.23139412056059103,0.24732928459467557,0.24616357205357503,0.23007739107924324,0.0,207,4,0.0,0.0,206,4,0.0,0.0,211,4,0.0,0.0
5ac34994554299741d48a242,"What was the first air date that the CGI animated series that preceded ""Mixels""?  ",chunk_packed_220,ace_packed_220,0.251127913760431,0.29046323867261403,0.2863911648503067,0.2770554261614564,0.42857142857142855,209,4,1.0,1.0,198,5,1.0,1.0,198,5,0.0,0.0
5ab3e45655429976abd1bcd4,The Vermont Catamounts men's soccer team currently competes in a conference that was formerly known as what from 1988 to 1996?,chunk_packed_220,ace_focused_220,0.35189442454451225,0.369785721013962,0.364672255556583,0.3290717874224901,1.0,218,4,0.0,0.0,213,5,0.0,0.0,201,5,0.0,0.0
5a77ace855429967ab105223,What entity with the capital city of Ciudad Victoria is a home to the northern grasshopper mouse?,chunk_packed_220,ace_focused_220,0.38638133367565347,0.37577947905255216,0.37955790166243086,0.3826713632689689,0.42857142857142855,209,5,1.0,1.0,170,5,0.0,0.0,170,5,1.0,1.0
5a802b595542995d8a8ddf51,"What is the familiar name for the first operation in the Battle of Normandy, also codenamed Operation Overlord?",ace_packed_220,ace_packed_220,0.2574737721211602,0.2557697594246745,0.2439768045467472,0.329254439255908,0.42857142857142855,191,3,0.0,0.0,198,3,1.0,1.0,214,4,1.0,1.0
5a8501915542997175ce1f5a,Are PC Magazine and Sculptural Pursuit both technology publications?,ace_packed_220,chunk_packed_220,0.2838246399317926,0.2779303496100317,0.3042100470326935,0.3145023745100057,0.6666666666666666,196,4,1.0,1.0,213,5,1.0,1.0,216,5,1.0,1.0
5ab5f75e554299637185c64b,What is both Grimaldi's Pizzeria and Papa Gino's primary menu item?,ace_packed_220,chunk_packed_220,0.26770885181259074,0.2663435311546495,0.2764672691038984,0.3168854143949052,0.6666666666666666,205,4,0.0,0.0,219,5,0.0,0.0,213,5,0.0,0.0
5a9068075542990a9849361a,What is a difference between Sly Stone and Mary Ramsey?,ace_packed_220,ace_focused_220,0.2453325581974039,0.23200053943277318,0.2612374072776848,0.31460009645299,0.42857142857142855,208,3,0.0,0.0,208,4,0.0,0.0,201,4,0.0,0.0
5ae676915542995703ce8b66,Simon Walker released a historical novel by James Fenimore Cooper named what? ,chunk_packed_220,chunk_packed_220,0.3291329446766533,0.3451670722852529,0.3378780375066966,0.354886951941007,1.0,203,5,1.0,1.0,218,5,0.0,0.0,218,5,1.0,1.0
5ae39e9c5542990afbd1e195,"Wangaratta Wahine, an album featuring the work of an Australian Living Treasure, was recorded by what band?",chunk_packed_220,ace_packed_220,0.3237619823834662,0.3405961942583151,0.337049959889138,0.3431327609862603,0.42857142857142855,209,4,1.0,1.0,191,5,1.0,1.0,191,5,1.0,1.0
5ae76d185542997ec2727641,What is the occupation of the Miami Dolphins owner's wife?,ace_packed_220,ace_packed_220,0.2719910867129764,0.29137335020502964,0.3039457948338576,0.3156826495739506,0.25,216,5,0.0,0.0,219,5,1.0,1.0,219,5,1.0,1.0
5a8a17685542993b751ca9f3,Which rapper who worked with a star of the film 8 Mile also worked with the artist who played keyboards and wrote songs for Anita Baker??,chunk_packed_220,ace_packed_220,0.26130183224927217,0.26071505087272207,0.2852848324908482,0.27242236092952626,0.42857142857142855,197,4,0.0,0.0,211,5,1.0,1.0,219,5,0.0,0.0
5abbcba05542992ccd8e7fa3,With whom did Lever Brothers merge to create an Indonesian soap factory?,ace_packed_220,ace_focused_220,0.271517015911936,0.2745510221754778,0.2756095163288082,0.3241919595883923,0.6666666666666666,205,4,0.0,0.0,209,4,0.0,0.0,195,4,0.0,0.0
5a8b515e55429971feec46bb,Which Western action-adventure video game by Rockstar did Tyler Bunch act for?,chunk_packed_220,chunk_packed_220,0.28127183217613466,0.26965954635756084,0.2516786173603503,0.29335044898596596,0.6666666666666666,205,4,1.0,1.0,219,5,1.0,1.0,219,5,0.0,0.6666666666666666
5ae22895554299495565da0c,The Battle of the Catalaunian Plains involved the king of the nomadic tribes of which peoples?,ace_packed_220,ace_packed_220,0.3337560532567406,0.3412483704575406,0.3509900728191224,0.3878756029760665,0.6666666666666666,219,4,0.0,0.0,197,3,0.0,0.0,219,4,0.0,0.0
5a83dd2c554299334474609e,Name five actors that worked with a German cinematographer?,chunk_packed_220,chunk_packed_220,0.2181409776560828,0.22484594672735353,0.2202058496199244,0.22007374458574908,0.25,201,4,0.0,0.0,220,5,0.0,0.0,212,5,0.0,0.0
5abb76fa5542992ccd8e7f48,"Who was the leading female star in ""The Others"" which marked the final film appearance of Renée Asherson in 2001?",ace_packed_220,ace_focused_220,0.30015576577015357,0.32638341863569853,0.3375232840467474,0.3748068519311898,0.25,218,4,0.0,0.0,217,5,1.0,1.0,207,5,1.0,1.0
5ab4eecb55429942dd415faa,Did the band Daniel Amos experiment with the same genre of music performed by Digital Summer?,chunk_packed_220,ace_focused_220,0.2823228086497247,0.29254454133086844,0.2848834752950311,0.28988151253002914,0.6666666666666666,213,5,0.0,0.0,215,5,0.0,0.0,206,5,0.0,0.0
5ae0b9b155429924de1b7152,Are Mina Loy and Raymond Carver both British writers?,ace_packed_220,chunk_packed_220,0.25504974431420524,0.25521891972343547,0.2632638958246546,0.3138665712074317,0.42857142857142855,219,5,1.0,1.0,219,5,1.0,1.0,218,5,0.0,0.0
5a90629855429916514e749e,What is one risk to Norway's financial reserve?,ace_packed_220,chunk_packed_220,0.22502562159682682,0.29254510388546756,0.2947334998781054,0.30921998764296543,0.6666666666666666,185,3,0.0,0.0,209,4,0.0,0.0,209,4,0.0,0.0
5a7a4f335542990198eaf11e,"Who is from farther west, Kings of Convenience or Belle and Sebastian?",ace_packed_220,ace_focused_220,0.2722874881948518,0.26598746267846274,0.27031203053069586,0.33368959819195215,0.25,217,4,0.0,0.0,217,5,0.0,0.0,216,5,0.0,0.0
5ab674b7554299110f219a0c,"What American filmmaker was the co-founder of Troma Entertainment film studio, Stanley Lloyd Kaufman, Jr. or Jay T. Wright?",chunk_packed_220,chunk_packed_220,0.3323131047272416,0.34384901227466713,0.3532302094292835,0.3263910072103118,0.42857142857142855,210,4,1.0,1.0,220,5,0.0,0.0,216,4,1.0,1.0
5ae406f055429970de88d874,"What Cason, CA soccer team features the son of Roy Lassiter?",chunk_packed_220,ace_focused_220,0.31185983654555627,0.3403858622935778,0.3384138981290882,0.2876842073338767,0.6666666666666666,192,4,1.0,1.0,174,4,0.0,0.0,174,4,1.0,1.0
5a75441c55429916b01642cf,"Which building will have more floors, 15 Penn Plaza, or 247 Cherry?",chunk_packed_220,ace_packed_220,0.27167169400216273,0.2843620072900684,0.26547421693853995,0.2899582339848356,0.6666666666666666,211,4,0.0,0.0,206,5,1.0,1.0,206,5,1.0,1.0
5a8307c055429966c78a6af9,Dana White's Tuesday Night Contender Series premiers weekly on this subscription-based video streaming service owned by the Ultimate Fighting Championship,ace_packed_220,ace_focused_220,0.31582544454895567,0.30837421717276114,0.3147787999916226,0.4133003653966628,0.42857142857142855,217,4,1.0,1.0,203,5,1.0,1.0,189,5,1.0,1.0
5ae077805542993d6555eb6e,Are Lance King and Han Seung-yeon both heavy metal vocalists?,chunk_packed_220,ace_packed_220,0.29201722318509826,0.30858839567641394,0.3130075977843063,0.32130456611777114,0.6666666666666666,220,5,1.0,1.0,218,5,1.0,1.0,218,5,1.0,1.0
5a7f19eb55429934daa2fcdb,"Which band originated from the United States, Milky Chance or Stone Temple Pilots?",ace_packed_220,chunk_packed_220,0.2550296652838311,0.257498609833944,0.2481877309459621,0.3465763135760087,0.42857142857142855,206,4,1.0,1.0,209,5,1.0,1.0,209,5,1.0,1.0
5adc1ae5554299438c868d5c,Hate Them is the ninth album by a band likened to who?,ace_packed_220,chunk_packed_220,0.3318549124141289,0.32702315644935964,0.3358030911949573,0.4408518142368957,0.42857142857142855,218,5,1.0,1.0,213,5,0.0,0.0,215,5,0.0,0.0
5ae446175542995ad6573d1f,Who had a perfect game against The Ignitor's team in 1998?,chunk_packed_220,chunk_packed_220,0.2637423841549509,0.2654660063794345,0.2660201788759272,0.26903787403900226,0.25,218,3,0.0,0.0,218,3,0.0,0.0,218,3,0.0,0.0
5ac2eec55542990b17b154c1,When was the album released that The Red Tour supported?,ace_packed_220,ace_packed_220,0.29865571834989324,0.3010490451699444,0.2989627316851922,0.38359396489401043,1.0,214,4,0.0,0.5,208,5,1.0,1.0,208,5,0.0,0.0
5a836a765542996488c2e446,are Mikhail Glinka and Jean-Baptiste Lully both composers ?,ace_packed_220,ace_focused_220,0.28747113439152594,0.321765151624155,0.2957229731448707,0.3400426854243439,0.6666666666666666,215,4,0.0,0.0,216,4,0.0,0.0,204,4,0.0,0.0
5ae614215542992663a4f254,Name an American actress who starred both in High School High and General Hospital.,ace_packed_220,ace_packed_220,0.22737375071874738,0.31237125778167396,0.26577572999641963,0.271185109747429,0.1111111111111111,208,4,0.0,0.0,207,4,1.0,1.0,220,4,1.0,1.0
5ade15a45542997545bbbe46,Are both Upper Crust Pizzeria and Eatza Pizza restaurants?,ace_packed_220,chunk_packed_220,0.28759110250383146,0.28098572688220236,0.28991370207066763,0.3872117201503472,0.6666666666666666,208,5,0.0,0.0,211,5,0.0,0.0,220,5,0.0,0.0
5ac0641f554299294b218fbe,Immanuel Lutheran School is affiliated with the denomination that has how many members?,ace_packed_220,chunk_packed_220,0.3171341374963814,0.3588862141433602,0.33915486929766836,0.38409141338214303,1.0,217,5,1.0,1.0,217,5,1.0,1.0,217,5,1.0,1.0
5a7143625542994082a3e71e,Who co-founded View Askew Productions and produced numerous movies starring Jason Lee?,ace_packed_220,chunk_packed_220,0.2826906938691859,0.2902933700873401,0.29007523709359717,0.31607184308031283,0.6666666666666666,208,4,0.0,0.0,209,4,0.0,0.0,218,4,0.0,0.0
5a8c51f0554299240d9c2111,What party does the person that represents Stoke Newington Central belong to?,ace_packed_220,chunk_packed_220,0.294791634059152,0.2957148179888127,0.29974689901385154,0.3250715662279998,0.42857142857142855,205,4,0.0,0.8,199,5,0.0,0.4,199,5,0.0,0.4
5a8719fa55429960ec39b742,Is Muskegon County Airport or John Wayne Airport further west?,chunk_packed_220,ace_focused_220,0.3721284692308267,0.3603863051580559,0.3677026713759405,0.3935262283977916,0.42857142857142855,220,5,0.0,0.3333333333333333,220,5,0.0,0.3333333333333333,219,5,0.0,0.3333333333333333
5ab67f4c55429953192ad2d9,What sport does 200-foot game and Jonathan Toews have in common?,ace_packed_220,ace_packed_220,0.24978611897424813,0.3013247707445956,0.28307785538543506,0.30628620306327364,0.42857142857142855,195,3,1.0,1.0,188,4,1.0,1.0,208,4,1.0,1.0
5a7326cd5542991f29ee2d11,"In the television series Green Hornet, which actor played the role of Kato?",ace_packed_220,chunk_packed_220,0.33120522185486917,0.35189414029789745,0.3429659309528398,0.40638537530899266,0.6666666666666666,208,4,1.0,1.0,216,5,1.0,1.0,217,4,1.0,1.0
5ae0f4645542997b2ef7d0aa,"What kind of subgenre of a dark wave music, developed in 1980s in the UK, is using the musical duo from Melbourne, Australia?",chunk_packed_220,ace_packed_220,0.2796958547302663,0.2907423191268801,0.2865565034674973,0.29762880772375444,0.6666666666666666,213,5,0.0,0.6666666666666666,210,5,0.0,0.6666666666666666,214,5,0.0,0.6666666666666666
5a8c5c6f554299653c1aa04d,"The album ""The Best of LeAnn Rimes"" contained a song used as the theme song for a film. What is the name of the film?",ace_packed_220,chunk_packed_220,0.29869482306018236,0.27219200638556573,0.27006289071769335,0.35106289141968505,0.25,217,4,1.0,1.0,220,4,0.0,0.0,217,4,0.0,0.0
5abdb8ba5542993f32c2a015,Maggie May is a musical based on a folk song about a prostitute who robbed whom?,chunk_packed_220,chunk_packed_220,0.39107334042846686,0.43070632692445077,0.41199232500317173,0.40178124361928325,0.6666666666666666,195,4,0.0,0.0,216,5,0.0,0.0,211,4,0.0,0.0
5ac11037554299294b21907a,Fred Mace played for which English football club in 1919?,ace_packed_220,chunk_packed_220,0.26991717699133055,0.31056564279910137,0.2960268538952239,0.318701936485658,0.42857142857142855,208,4,0.0,0.6666666666666666,198,5,0.0,0.0,217,5,0.0,0.0
5ab833ad5542990e739ec86f,Carlos Alberto Hurtado played on loan from a mexican team which plays where?,chunk_packed_220,chunk_packed_220,0.34993086269655305,0.3990924853908552,0.3846702245190433,0.3463361783240865,1.0,173,5,0.0,0.0,173,5,0.0,0.0,207,5,0.0,0.0
5a88f9555542995153361214,The Jeep Cherokee was originally sold as a variant of a Jeep model produced during what years?,chunk_packed_220,ace_focused_220,0.27770453122980066,0.27296079385797967,0.28904758884298026,0.30692376855200987,1.0,215,4,0.0,0.0,220,4,0.0,0.0,189,4,0.0,0.0
5a7e23655542997cc2c47528,WBYA is a radio station licensed to a town with what population as of the 2010 census?,ace_packed_220,ace_packed_220,0.2887021956276948,0.28366459002441213,0.29105568843726703,0.36397476463443135,0.25,219,5,0.0,0.0,206,5,0.0,0.0,217,5,0.0,0.0
5abfe2a15542997d6429591c,What is the National Grape Cooperative Association classified as?,ace_packed_220,ace_focused_220,0.26729804966966403,0.26639778378901446,0.2738420723413457,0.34310603156691966,1.0,211,5,0.0,0.3333333333333333,210,5,0.0,0.3333333333333333,214,5,1.0,1.0
5ae1fced5542997283cd230e,"Which writer won the Nobel Prize, William H. Gass or Naguib Mahfouz?",chunk_packed_220,ace_packed_220,0.3118484804348227,0.2793012483876589,0.27965134905001066,0.32691031136091775,1.0,212,4,1.0,1.0,190,5,1.0,1.0,205,4,1.0,1.0
5a74994a55429974ef308c2e,Who was the American congressman whose actions led to a CIA program to arm Jihadi warriors in Afghanistan in the 1980's?,chunk_packed_220,chunk_packed_220,0.2878146682336598,0.29225966116578084,0.28649653071883663,0.26649802378261983,0.25,215,4,1.0,1.0,218,5,1.0,1.0,219,5,1.0,1.0
5ae6f2a7554299572ea5464a,"Which character does this protagonist, who secretly loves and marries a member of the rival house, of William Shakespeare's tragedy that has a fictional character Benvolio slay?",chunk_packed_220,ace_packed_220,0.29667179678092315,0.3329999994702204,0.3205251407766403,0.30904005063424184,0.6666666666666666,205,4,0.0,0.0,193,5,0.0,0.0,214,5,0.0,0.0
5a7f3f7c55429934daa2fd45,"Which band has more members, The Futureheads or Marcy Playground?",chunk_packed_220,ace_focused_220,0.27532703129923686,0.2832266434396623,0.27888867666579487,0.29828517543187016,0.6666666666666666,200,5,1.0,1.0,209,5,1.0,1.0,193,5,1.0,1.0
5a7543d555429916b01642ce,"Who was born more recently, Flula Borg, or Dirk Nowitzki?",ace_packed_220,chunk_packed_220,0.2589899194335088,0.30856286530561483,0.2908987610432191,0.2912030415432053,0.42857142857142855,201,4,1.0,1.0,220,5,1.0,1.0,220,5,1.0,1.0
5ab938db5542996be2020454,"Ross Pople worked with which English composer known for his opera ""The Midsummer Marriage""?",chunk_packed_220,ace_packed_220,0.2733417702320995,0.26632089155627536,0.2670183145967438,0.3024272664874901,1.0,210,4,0.0,0.5,216,5,1.0,1.0,216,5,1.0,1.0
5ae30d4b55429928c42395cc,"Besides acting in things such as Home Free, what else did Marian Mercer do?",chunk_packed_220,chunk_packed_220,0.2303908076228734,0.25538091643389554,0.2399644137674038,0.2507110655037808,0.42857142857142855,195,4,0.0,0.0,214,5,0.0,0.0,219,5,0.0,0.0
5ae622495542995703ce8b20,Which Genre of Television did Charles Quinton Murphy act for?,ace_packed_220,chunk_packed_220,0.24677984030403835,0.27728868110657834,0.28282485370040666,0.30853009162845935,0.42857142857142855,197,4,0.0,0.6666666666666666,210,5,0.0,0.6666666666666666,215,5,0.0,0.6666666666666666
5ae0fb8855429920d523425b,In which region is the town in which  Fort Kongenstein is located ?,ace_packed_220,ace_focused_220,0.2877095340744151,0.28561731998679674,0.292039748031373,0.32975879242993744,0.25,220,4,0.0,0.0,212,4,0.0,0.0,217,4,0.0,0.4
5ae665795542991bbc9760c9,What film did the mother of Karan Kapoor star in in 1970?,ace_packed_220,chunk_packed_220,0.25271098070573067,0.2518781616157351,0.2522191292959245,0.2846492240029559,0.25,196,3,0.0,0.0,219,5,0.0,0.0,205,5,0.0,0.0
5a77b13655429967ab105235,What American agronomist that worked on The Green Revolution won a Nobel Peace Prize?,chunk_packed_220,ace_packed_220,0.2887847024239186,0.2900773450366191,0.30079823286295415,0.290451223580692,0.42857142857142855,212,5,0.0,0.8,219,4,1.0,1.0,220,5,1.0,1.0
5ae5415055429908b63265b7,Japanese Weekend School of New York has offices in the entertainment complex in what section of New Rochelle?,ace_packed_220,ace_packed_220,0.3628919343317173,0.37302786080829187,0.3698358423675273,0.39565085294833224,0.6666666666666666,208,4,0.0,0.0,198,5,1.0,1.0,218,4,1.0,1.0
5a7bb16f554299294a54aa9f,Rani Jhansi Marine National Park commemorates what queen of the princely state of Jhansi in North India?,ace_packed_220,ace_focused_220,0.36032317283586157,0.35379843908755015,0.357079718417021,0.3988568510212583,0.6666666666666666,215,4,0.0,0.4,213,4,0.0,0.4,195,4,0.0,0.4
5ab9b2c7554299743d22ebaf,Are both Lygodium or Maxillaria a genus of orchids?,chunk_packed_220,ace_focused_220,0.2853160113073314,0.28001716400177956,0.2810805911473695,0.2934995305711269,0.42857142857142855,217,5,1.0,1.0,214,5,1.0,1.0,210,5,1.0,1.0
5a7b12a355429927d897bf2a,When was the palace founded at which Columba de Dunbar died in 1435?,chunk_packed_220,chunk_packed_220,0.34990886355592954,0.37360871345682584,0.3722689308097177,0.3434412689980999,0.42857142857142855,219,5,0.0,0.8,201,4,0.0,0.0,206,4,0.0,0.0
5addfe1c5542995b365fabaf,Are Wolfgang Becker and Jacques Audiard both German film directors?,ace_packed_220,ace_focused_220,0.27952176352359226,0.27513820585515825,0.278098623871059,0.33068517512879253,0.6666666666666666,215,5,0.0,0.0,215,5,1.0,1.0,213,5,1.0,1.0
5a8391f55542996488c2e45c,Lear's and Oh Comely are both what?,ace_packed_220,ace_focused_220,0.24541388047573076,0.24458121169520294,0.2545896901970276,0.330872813817222,0.25,207,5,0.0,0.0,185,5,0.0,0.0,177,5,0.0,0.0
5ab91b6c55429934fafe6e5f,What is the electric racing series British race car driver Alex Lynn drives for and is owned by Virgin Group?,chunk_packed_220,ace_packed_220,0.29744122321047506,0.3044598845902395,0.3017297069911487,0.2997119291070148,0.42857142857142855,219,4,0.0,0.6666666666666666,210,4,0.0,0.6666666666666666,210,4,0.0,0.6666666666666666
5a72a0be5542992359bc3143,"This work of literature _______ , known by its Greek title Oedipus Tyrannus was argued by Sigmund Freud to be one of the greatest works of world literature in his 1928 article. ",chunk_packed_220,ace_focused_220,0.2849039481798198,0.3506624538789168,0.334232037880979,0.3087208436389699,0.6666666666666666,220,4,0.0,0.0,219,4,1.0,1.0,209,4,1.0,1.0
5ae764a85542997b22f6a720,In what New York town did Glenn Martin Hughes attend high school?,ace_packed_220,ace_packed_220,0.25437853762933016,0.23388737312907398,0.26093223387021175,0.3149422986086361,0.1111111111111111,203,4,0.0,0.0,210,5,0.0,0.5,205,5,0.0,0.0
5adbfaa655429947ff173888,Adena Friedman was formerly the managing director and CFO of a company that specializes in what four key business areas?,chunk_packed_220,ace_packed_220,0.2947943296816511,0.30777007001539325,0.3164243884213007,0.2850608325947851,0.42857142857142855,214,5,0.0,0.3076923076923077,215,4,1.0,1.0,215,4,1.0,1.0
5a8bc1565542996e8ac88a0c,What election was Senator Harry Reid at in Nevada?,ace_packed_220,ace_focused_220,0.3206557320162424,0.3241287870755585,0.3224761079056475,0.3580031829611343,0.6666666666666666,217,5,0.0,0.8333333333333333,209,5,0.0,0.33333333333333337,216,5,0.0,0.8333333333333333
5ae236445542992decbdcc69,Larry Porter was formerly assistant head coach under what  American coach that served as head coach at Louisiana State University from 2005 to 2016,ace_packed_220,chunk_packed_220,0.2917284963354842,0.3070790256962291,0.30586605694201374,0.39863556931842165,1.0,203,3,0.0,0.4,203,3,0.0,0.4,205,4,0.0,0.4
5adf58f15542993a75d264d2,"Which television series featured an actor who also performed in ""The Young Ones""?",chunk_packed_220,chunk_packed_220,0.3297927896066536,0.32988061452333745,0.3395853275581933,0.33503423868071525,0.6666666666666666,206,5,0.0,0.0,219,5,0.0,0.0,218,5,0.0,0.0
5ae7281c5542991e8301cb69,The fourth episode The Simpsons' seventh season has what kind of theme?,ace_packed_220,chunk_packed_220,0.26418598357192025,0.2886906865931359,0.26829360430223814,0.395058709469003,0.42857142857142855,213,3,0.0,0.0,220,5,0.0,0.0,218,5,0.0,0.0
5ac42ae45542997ea680ca18,What genre of music is Adnan Sami noted for playing on the piano created through a trapezoid-shapped hammered dulcimer?,chunk_packed_220,ace_focused_220,0.29174981961069923,0.30372494007805767,0.31647072839231866,0.2834087152338844,0.42857142857142855,218,5,0.0,0.8,219,5,0.0,0.8,209,5,0.0,0.8
5a7312675542994cef4bc43d,Which one of Ricardo Rodríguez Saá's relatives would become governor from 1983 to 2001?,ace_packed_220,chunk_packed_220,0.3280287879947801,0.331745738891389,0.33889408917638586,0.3603943416300759,0.6666666666666666,205,4,1.0,1.0,220,4,0.0,0.75,215,5,1.0,1.0
5ab1d7ac554299449642c7e6,"Which genus has more species, Xanthoceras or Ehretia?",chunk_packed_220,ace_focused_220,0.2422576870494199,0.22765530607683437,0.23756981569443894,0.24186118145363938,0.6666666666666666,216,5,1.0,1.0,208,5,1.0,1.0,204,5,1.0,1.0
5a8e482c5542995a26add4c3,What past honoree from the New Dramatists Organization is a powerful baritone who won the Tony Award for Best Actor in 2000?,ace_packed_220,ace_packed_220,0.30124486288645425,0.3206487018967807,0.308544185709609,0.3370868328592138,0.42857142857142855,217,3,0.0,0.0,201,4,0.0,0.0,205,4,0.0,0.0
5a7f924c55429969796c1aba,"Which Star of British-Canadian-American satirical comedy, co starting with Ricky Gervais, began his career in sketch comedy series""Full Frontal"" ?",chunk_packed_220,chunk_packed_220,0.2648186823814698,0.2660576424914908,0.2608842083097868,0.277623219383839,0.6666666666666666,208,4,0.0,0.0,208,4,0.0,0.0,208,4,0.0,0.0
5addda1b5542992200553b55,Wilm Hosenfeld assisted the pianist and composer of what nationality survive during 1944?,chunk_packed_220,ace_focused_220,0.2536821412081466,0.2575263211223631,0.2600507814758479,0.2632340706187379,0.6666666666666666,219,3,1.0,1.0,210,4,0.0,0.0,218,3,1.0,1.0
5a7d043755429909bec768f7,"William James ""Count"" Basie has an album that is a collection of musical pieces from what movie series?",chunk_packed_220,ace_packed_220,0.3036741420279774,0.33972941799164313,0.33102357164508067,0.2699700822829571,0.6666666666666666,217,4,0.0,0.4,211,5,0.0,0.6666666666666666,218,5,0.0,0.6666666666666666
5a8089535542992bc0c4a762,Maria Curcio taught a classical pianist who is of what South American lineage?,chunk_packed_220,ace_packed_220,0.28288135255998975,0.2652670959254575,0.2937850334948511,0.30328478767496425,0.6666666666666666,215,5,1.0,1.0,213,5,1.0,1.0,213,5,1.0,1.0
5abd049d5542992ac4f381a8,How many film were there in the series of comedy films for which Peter Rogers is best known ?,chunk_packed_220,ace_focused_220,0.3430709028379826,0.3715423975941507,0.36325596921584424,0.23379563269393389,0.42857142857142855,220,4,0.0,0.0,211,4,1.0,1.0,194,4,1.0,1.0
5abbc7a055429931dba1451b,In what order does Three Colours: Blue appear in the Three Colours trilogy?,ace_packed_220,chunk_packed_220,0.2679484244242551,0.30044047213369185,0.2762051981463475,0.34827308363898324,0.6666666666666666,206,4,1.0,1.0,206,4,1.0,1.0,216,5,0.0,0.0
5abdc18555429965af743e2b,"What is the name of the second largest car rental company, that also has another low cost car rental company it oversees?",chunk_packed_220,chunk_packed_220,0.2751040955257533,0.285946958317701,0.27632871823281596,0.2968076818136431,0.6666666666666666,214,5,1.0,1.0,219,5,0.0,0.0,217,5,0.0,0.0
5adc3a7055429947ff173913,What is the nationality of the poet who wrote Une Tempete and first performed it in Tunisia?,chunk_packed_220,ace_packed_220,0.23783199806931665,0.24333307263926718,0.2471429880614206,0.24922744292458682,0.6666666666666666,216,4,0.0,0.0,199,5,0.0,0.0,218,4,0.0,0.0
5abbdb335542992ccd8e7fc1,Are NRG Energy and Raymond James Financial  based in Great Britain?,ace_packed_220,ace_focused_220,0.28539343788675675,0.2869791755035243,0.28835376602899304,0.3421349879862957,0.6666666666666666,219,5,0.0,0.0,208,5,0.0,0.0,204,5,0.0,0.0
5ac1a5b45542991316484b8b,Are both Odds and Supergrass rock bands?,ace_packed_220,chunk_packed_220,0.247532096670308,0.28136332072078896,0.2701193044652552,0.31483638671635095,0.6666666666666666,204,5,0.0,0.0,217,5,0.0,0.0,218,5,0.0,0.0
5ac2616b5542996366519997,In what country was Cudjoe's leader born?,chunk_packed_220,chunk_packed_220,0.24806111056912059,0.3147784696652226,0.29904258902358427,0.2523887971459303,0.25,216,4,0.0,0.0,216,4,0.0,0.0,220,4,0.0,0.0
5ae3f6775542991a06ce9a3f,"While Jennifer Granholm was the Govenor of Michigan from 2003-2011, Ray Wert was responsible for doing what for her?",chunk_packed_220,ace_packed_220,0.251951969757753,0.2613689664975529,0.2590560983633027,0.263249947543863,0.42857142857142855,218,4,0.0,0.0,205,4,0.0,0.0,219,4,0.0,0.0
5a8f15ec554299458435d552,The 2006 NCAA Wrestling Championships crowned Jake Rosholt and another athlete known for powerful punches from what hand?,chunk_packed_220,ace_focused_220,0.29144481730006033,0.31231217066418604,0.29011781374546086,0.2828204623444467,0.42857142857142855,219,4,0.0,0.0,216,5,0.0,0.0,213,5,0.0,0.0
5a8db9b3554299068b959dde,What animal does Mahratta Greyhound and Tibetan Spaniel have in common?,chunk_packed_220,ace_packed_220,0.2670941536820656,0.27617822747617815,0.2734944174553646,0.27106665218863846,1.0,205,4,0.0,0.0,195,5,0.0,0.0,195,5,0.0,0.0
5ab3f6b9554299753aec5a03,How many films were directed by the director of Wise Blood?,ace_packed_220,chunk_packed_220,0.23218909730232073,0.2905010047471653,0.26166845826842927,0.28258776550450304,0.42857142857142855,202,4,0.0,0.0,211,5,0.0,0.0,211,5,0.0,0.0
5a736f7c5542991f29ee2e18,"Which legal, autonomous North American tribal government signed its constitution in Oklahoma on September 6, 1839?",ace_packed_220,chunk_packed_220,0.22297610132030193,0.24005712033757587,0.23165617641514197,0.2656442729679077,0.25,210,4,1.0,1.0,213,5,1.0,1.0,219,4,1.0,1.0
5ae618535542995703ce8af7,"The Church of St Peter in Pertenhall, Bedfordshire, England was added to this register on 13 July 1964.",chunk_packed_220,ace_packed_220,0.4420034095494739,0.45474773814995517,0.45103642422966794,0.39020096879978394,0.42857142857142855,214,5,0.0,0.14285714285714288,183,5,0.0,0.14285714285714288,114,3,0.0,0.0
5a8b05c855429949d91db46a,"What country does Salmonby and Somersby, Lincolnshire have in common?",chunk_packed_220,ace_focused_220,0.303873668359223,0.3204383412688169,0.3244142189629397,0.30110654994842334,1.0,215,5,0.0,0.0,217,5,0.0,0.0,218,5,1.0,1.0
5ac1d40c5542994d76dccef5,What is the population of the city at which the transmitter of WLLZ-LP was placed? ,chunk_packed_220,chunk_packed_220,0.2583029433723133,0.2609208462813739,0.278616665148662,0.27397952023780203,0.42857142857142855,217,5,0.0,0.0,220,5,0.0,0.0,218,5,0.0,0.0
5ae356045542990afbd1e10d,"What city has a football team and had a player from Pago Pago, American Samoa play for it?",ace_packed_220,ace_packed_220,0.28719851856836215,0.29669844108883947,0.28492232888887725,0.33327854349787756,0.6666666666666666,212,4,0.0,0.2666666666666667,199,5,0.0,0.2666666666666667,218,5,0.0,0.0
5ae002ec55429925eb1afbdc,"Who wrote the play performed by 1948 TV actor Nicholas Amer, were he played Ferdinand?",chunk_packed_220,ace_packed_220,0.2840531507948944,0.2886091298714436,0.2911354689991248,0.26871001461791455,0.25,203,4,0.0,0.0,191,5,1.0,1.0,212,4,1.0,1.0
5a89ddf25542992e4fca83ff,Do singers Lee Donghae and Dappy have the same nationality?,ace_packed_220,ace_focused_220,0.23901603351675704,0.22723238750133912,0.2202650669381882,0.2982385404039656,1.0,206,4,0.0,0.0,210,4,1.0,1.0,205,5,1.0,1.0
5a903b7255429933b8a204ae,What Canadian filmmaker created a film about Bettie Page in 2005?,ace_packed_220,chunk_packed_220,0.2728957239603883,0.2683848453334967,0.26951860876398587,0.3148493520880987,0.42857142857142855,198,5,0.0,0.5,213,5,0.0,0.5,203,5,0.0,0.5
5a84ac585542991dd0999d72,"What former city, now the fourth-largest Russian city, was the Belarusian State Technological University evacuated to in 1941?",chunk_packed_220,ace_packed_220,0.3450575470001015,0.38547255439197975,0.37100163496147653,0.3475998504680076,0.6666666666666666,217,4,0.0,0.0,206,5,1.0,1.0,207,4,1.0,1.0
5a7cad635542996dd594b97f,"Who is older, Tarryl Lynn Clark or Michele Marie Bachmann?",ace_packed_220,chunk_packed_220,0.26498135326575456,0.3040654453614847,0.28651266290196176,0.3401488468307048,1.0,218,5,1.0,1.0,202,5,0.0,0.0,220,4,0.0,0.0
5a75da6d5542992db94736fa,"The Declaration of Montreal was the founding document of which world event, lasting from July 26-August 5, 2006?",chunk_packed_220,ace_focused_220,0.33570439708701333,0.3474715718648042,0.34180616055725355,0.357800780067644,0.6666666666666666,209,4,0.0,0.8,217,4,0.0,0.8,200,4,0.0,0.8
5ac4e13f554299076e296e2d,"which German philosopher wrote ""The opera ""Lulu""  ",chunk_packed_220,chunk_packed_220,0.26965461756886744,0.2979694787415559,0.2921198793565427,0.2916031565000211,1.0,190,5,1.0,1.0,215,5,1.0,1.0,215,5,1.0,1.0
5ab9b29c554299743d22ebae,"Which case came first, Craig v. Boren or United States v. Paramount Pictures, Inc.?",chunk_packed_220,ace_packed_220,0.372282752625878,0.36702503136535025,0.36440541248406727,0.3843111660989387,0.42857142857142855,210,4,1.0,1.0,209,5,1.0,1.0,217,5,1.0,1.0
5ae2295c554299495565da13,The Missouri attorney general election of 2012 ended in a loss for which attorney and CNN contributor?,chunk_packed_220,chunk_packed_220,0.35366511282190766,0.3604595536154058,0.3582997111240707,0.37420525601674137,0.25,210,5,0.0,0.3333333333333333,215,5,0.0,0.3333333333333333,218,5,0.0,0.0
5abd44d955429933744ab760,"What is the name of the presidential memorial in Washington, D.C that connects to an artificial island?",ace_packed_220,ace_packed_220,0.2681192522508547,0.29684902379060396,0.2794045809785165,0.3412404237129021,0.6666666666666666,197,3,0.0,0.0,216,4,0.0,0.3333333333333333,205,5,0.0,0.0
5ae096d755429906c02daadf,What is the net worth of the founder of Intel Corporation as of 2016?,ace_packed_220,chunk_packed_220,0.3312126616683181,0.3868973603703657,0.3844927582592066,0.36127194397143114,0.42857142857142855,198,4,1.0,1.0,220,5,0.0,0.0,220,5,1.0,1.0
5abea6a05542993f32c2a18d,John Stark Regional High School serves the community in which New Hampshire county?,ace_packed_220,chunk_packed_220,0.37452761931889544,0.39198421255751215,0.3882847340098605,0.4267657108580404,0.25,209,5,1.0,1.0,219,5,0.0,0.0,201,5,0.0,0.0
5ae1319c55429920d5234301,The tap dancing soloist in My Feet Keep Dancing also starred in what 1935 MGM musical?,chunk_packed_220,ace_focused_220,0.288688695288121,0.28175038597042446,0.28743803445968374,0.23793964915474153,0.25,205,3,1.0,1.0,218,5,0.0,0.0,195,3,1.0,1.0
5ab60aec554299110f2199c3,What type of writing did both Richard Harding Davis and Harry Stephen Keeler write?,chunk_packed_220,chunk_packed_220,0.2904753873914775,0.28674503963614467,0.2967287011524701,0.3019094649651946,0.42857142857142855,209,5,1.0,1.0,207,5,0.0,0.0,207,5,0.0,0.5
5ae4e2ca55429908b63264aa,Who founded the company that Robinsons-May is a subsidiary of ?,chunk_packed_220,chunk_packed_220,0.29618816457573083,0.29912071106762395,0.2997151000267275,0.30634878381137376,0.42857142857142855,213,5,1.0,1.0,216,5,0.0,0.0,216,5,0.0,0.0
5ae25d2b554299495565da46,"Who has more singles titles, Brian Gottfried or Peter Fleming?",chunk_packed_220,ace_focused_220,0.30204764561788267,0.3242041036321113,0.31439822849160015,0.30552520567677754,0.6666666666666666,218,5,0.0,0.0,219,5,0.0,0.0,216,5,0.0,0.0
5ade630e55429975fa854eb7,The genus containing lions also contains several poorly known what?,chunk_packed_220,ace_packed_220,0.22946830983464278,0.2426157037222079,0.2328637430549932,0.23836589634829536,0.0,219,4,0.0,0.0,206,4,0.0,0.0,214,5,0.0,0.0
5ab6be2f55429954757d335c,Zakk Wylde and Damon Albarn are both what?,ace_packed_220,ace_packed_220,0.24969481250766506,0.26705140410716555,0.25364367062328286,0.32725826336507435,1.0,210,4,0.0,0.0,198,4,0.0,0.0,198,4,0.0,0.0
5a74a62b55429916b01641a0,"Which astronaut, Jean-François Clervoy or Ulrich Walter, was born first?",ace_packed_220,ace_packed_220,0.32585705188711755,0.37491402406936436,0.3511569567854105,0.357876246197538,0.6666666666666666,215,5,0.0,0.5714285714285715,197,5,0.0,0.5714285714285715,209,5,0.0,0.5714285714285715
5abcf299554299700f9d7936,Are Tim Rice and Leslie Marmon Silko both lyricists?,ace_packed_220,chunk_packed_220,0.30354393248838973,0.310534051644512,0.31241081777152124,0.3933051225007611,0.6666666666666666,195,5,0.0,0.0,204,5,0.0,0.0,204,5,0.0,0.0
5adc6eb65542994650320cf3,Are Norman Z. McLeod and Sam Wanamaker both directors?,ace_packed_220,chunk_packed_220,0.3060616115332263,0.23192107059087552,0.31028065734968363,0.3688863344419928,0.42857142857142855,215,4,0.0,0.0,216,5,0.0,0.0,216,5,0.0,0.0
5ac1767a5542994d76dcce48,What is the 2010 census population of the county where Wildcat Brook flows through Jackson?,chunk_packed_220,ace_packed_220,0.3032517185719684,0.2773255897798521,0.33652096304084334,0.3219464831452856,0.25,213,5,0.0,0.0,212,5,0.0,0.0,215,5,0.0,0.0
5ab5dc44554299494045f089,What created the terrirtories of Kansas and Nebraska and was combated by the The Republican Party?,ace_packed_220,chunk_packed_220,0.3353063740634097,0.3251651271373154,0.32520873134158945,0.39259614430106826,0.6666666666666666,215,5,1.0,1.0,209,5,0.0,0.0,209,5,0.0,0.0
5a8f5273554299458435d5b1,Bill Bryson grew up in a city that is the seat of which county ?,ace_packed_220,chunk_packed_220,0.24239028732538664,0.27573850919451226,0.2663332911854136,0.2881354970902573,0.42857142857142855,213,4,0.0,0.0,220,5,0.0,0.0,218,5,0.0,0.0
5addeb685542992200553bb1,Mastophora dizzydeani is a species of spider named after baseball player Jerome Herman Dean who goes by what nickname?,ace_packed_220,ace_focused_220,0.36254579515824736,0.4104788457625457,0.39055629262914093,0.46204392662989113,0.42857142857142855,206,5,0.0,0.6666666666666666,214,5,0.0,0.6666666666666666,200,5,0.0,0.6666666666666666
5a870a8e55429960ec39b707,"George E. Blake was born in Yorkshire, England, formerly known as what?",chunk_packed_220,ace_packed_220,0.2749138151035253,0.31860884632844966,0.30407824515951104,0.26811970512688543,0.25,214,4,0.0,0.0,207,5,0.0,0.0,207,5,0.0,0.0
5a77ddb855429967ab1052d8,"The True Colors World Tour was by what artist whose debut album was ""She's So Unusual""?",ace_packed_220,ace_packed_220,0.3288365353681386,0.35306120659091306,0.34110016947736416,0.3801523932181702,1.0,218,4,0.0,0.5714285714285715,213,4,0.0,0.5714285714285715,214,4,0.0,0.5714285714285715
5ab38cdd5542992ade7c6de2,Liverpool nurse Mimi Smith was the aunt and guardian of which one of the city's most famous sons?,ace_packed_220,ace_focused_220,0.2660862887536467,0.3115426735631963,0.30308671002107473,0.30117844201034444,0.6666666666666666,211,4,1.0,1.0,211,4,1.0,1.0,207,3,1.0,1.0
5a8f24cc55429924144829e7,Andrei Ivanovich Gorchakov commanded the 1st Infanty Corps in what major engagement of the Napoleonic Wars?,ace_packed_220,ace_packed_220,0.295917513393785,0.3361997497354458,0.3205877883085579,0.35727957337539185,0.6666666666666666,203,4,0.0,0.0,216,5,1.0,1.0,218,4,1.0,1.0
5ac401bb55429919431738f4,Who worked on the origins of Mickey Mouse and created Oswald the Lucky Rabbit?,ace_packed_220,ace_focused_220,0.31545489479855826,0.3162692531039679,0.32200663277185493,0.3771256767058164,1.0,217,5,1.0,1.0,217,5,1.0,1.0,207,5,1.0,1.0
5ab4b7d15542996a3a969fbc,"Who was this American Founding Father, a proponent of democracy, republicanism, and individual rights, examined Ice Age fossils of Kentucky's Big Bone Lick?",chunk_packed_220,chunk_packed_220,0.27204458181170305,0.2752718650416417,0.2695505717009077,0.3011647964188069,0.6666666666666666,203,3,1.0,1.0,218,4,1.0,1.0,219,3,1.0,1.0
5a78f18855429974737f7915,"Orange is the New Black, starring Annie Golden as Norma Romano, takes place in which minimum-security federal prison?",chunk_packed_220,ace_packed_220,0.34105292801617676,0.3782134035253094,0.36806573733320724,0.35288764362144476,0.25,199,5,0.0,0.3333333333333333,217,4,1.0,1.0,219,5,0.0,0.0
5a76394c5542994ccc918725,"When was the band who composited ""Discipline"" formed?",chunk_packed_220,ace_packed_220,0.2769526056763564,0.27005712135281157,0.2697160786296484,0.3016019428802534,0.6666666666666666,211,4,0.0,0.0,199,4,0.0,0.0,218,4,0.0,0.0
5a78e49855429974737f78f3,"How many small-box format stores are there for one of Newell Brands' brand that sells scented candles, candleholders, accessories, and dinnerware?",chunk_packed_220,ace_focused_220,0.24479688055751536,0.3120002267852997,0.27832623145242275,0.26873840761643847,0.6666666666666666,219,4,0.0,0.0,214,5,0.0,0.0,211,4,1.0,1.0
5a8fdb955542990a98493572,One of the directors of Mediastan is well-known for founding what organisation in 2006?,chunk_packed_220,chunk_packed_220,0.2585711012635394,0.23319223255125648,0.2411111397301069,0.25807006423725676,0.6666666666666666,139,5,1.0,1.0,186,5,0.0,0.0,186,5,1.0,1.0
5a7b9f1f554299294a54aa2a,"Which director was born more recently, Tony Kaye or Marc Webb?",chunk_packed_220,ace_focused_220,0.29463859366083667,0.31736120783557076,0.31498304309314573,0.30313697308133325,0.42857142857142855,217,4,0.0,0.8,220,4,0.0,0.8,211,5,0.0,0.8
5adc396155429944faac2479,Are both Stanley Elkin and Anne Lamott non-fiction writers? ,chunk_packed_220,ace_packed_220,0.32601903999057746,0.3949932110954185,0.3461339929434557,0.3206093361330172,1.0,214,5,1.0,1.0,206,5,1.0,1.0,212,5,1.0,1.0
5a75357c5542996c70cfaeab,"Who was born first, Bobby Keys or Joe Cocker?",ace_packed_220,ace_packed_220,0.2510146457297946,0.27688792700481213,0.26884364861127086,0.30707250403177144,0.42857142857142855,219,4,1.0,1.0,209,5,1.0,1.0,209,5,1.0,1.0
5ac312ee5542995ef918c0ec,Hatyapuri was a novel by the filmmaker of what nationality?,chunk_packed_220,ace_packed_220,0.27652815474189474,0.2764773739209828,0.28782079212588196,0.26659507314652076,0.6666666666666666,211,4,0.0,0.0,190,4,0.0,0.0,198,4,0.0,0.0
5add38355542990dbb2f7dd0,What is the nationality of the wrestler who sang on A Jingle with Jillian?,ace_packed_220,chunk_packed_220,0.3388728001501601,0.3397146902171694,0.34364612129785477,0.3861953382637224,0.6666666666666666,215,5,1.0,1.0,220,5,0.0,0.0,220,5,0.0,0.0
5ac471a5554299194317399a,"When was the Austrian ""Schutzstaffel"" (SS) officer born based on who's life Schapira co-authored a book?",ace_packed_220,ace_packed_220,0.21295421095532588,0.2473662821607251,0.2447900097514552,0.2655889677110142,0.42857142857142855,190,3,0.0,0.0,185,4,1.0,1.0,187,3,0.0,0.0
5a70f1685542994082a3e40f,Which piece did Ludwig van Beethoven publish in 1801 that was dedicated to Count Moritz von Fries? ,ace_packed_220,ace_focused_220,0.26925744472359414,0.2704333137852839,0.2714544092998268,0.41550727803886234,0.42857142857142855,217,5,0.0,0.28571428571428575,217,5,0.0,0.28571428571428575,211,3,0.0,0.28571428571428575
5ab5f372554299488d4d9a60,"Which opera has more acts, La jolie fille de Perth or Mitridate, re di Ponto?",chunk_packed_220,chunk_packed_220,0.30827497038777135,0.30167188403817713,0.3068514887721363,0.3235787941331115,0.6666666666666666,200,4,0.0,0.5263157894736842,212,4,0.0,0.5263157894736842,212,4,0.0,0.0
5a7e1cd955429965cec5ea76,During which months of the year does the goalkeeper for Bengaluru FC play? ,ace_packed_220,ace_packed_220,0.2783301402906056,0.2636961198648119,0.2791802209465113,0.31621597770468124,1.0,213,5,0.0,0.0,204,5,0.0,0.0,206,5,0.0,0.0
5adce3265542992c1e3a2466,What title did the author of Det norske Theater's first production hold ? ,chunk_packed_220,ace_focused_220,0.2742227633721506,0.2718218304949233,0.27594904858896563,0.301810347465424,0.42857142857142855,211,4,0.0,0.0,219,4,0.0,0.0,209,4,0.0,0.0
5a8adc935542992d82986fb0,"Which is headquarter farther south, Jet's Pizza or Chuck E. Cheese's?",ace_packed_220,ace_packed_220,0.3401292768749661,0.34732082195632075,0.35316154834467284,0.3828900248264333,0.6666666666666666,219,5,0.0,0.0,201,5,0.0,0.0,204,5,0.0,0.0
5a73bddb55429978a71e909d,"During the 2009 St. Petersburg Bowl on December 19, 2009, which future Atlanta Falcons wide receiver was the game's MVP?",chunk_packed_220,ace_packed_220,0.2863555692728985,0.3030007112683738,0.29989421436733216,0.24894015021560795,0.42857142857142855,205,3,0.0,0.8,210,5,1.0,1.0,220,5,1.0,1.0
5ae5736e5542990ba0bbb2b3,"When was the American lawyer, lobbyist and political consultant who was a senior member of the presidential campaign of Donald Trump born?",ace_packed_220,ace_packed_220,0.2911294432187571,0.2867083316944248,0.2860812924168798,0.33766561852083454,0.42857142857142855,215,4,0.0,0.0,217,4,1.0,1.0,220,4,1.0,1.0
5a8d4cf35542994ba4e3dc5f,"What are the letters of the radio station serves the area comprising all of Belknap County, among others?",ace_packed_220,chunk_packed_220,0.21436195316776324,0.22562422663817122,0.2129964832648923,0.2566634777669369,0.25,198,3,0.0,0.0,220,4,0.0,0.0,209,4,0.0,0.0
5a9023d355429916514e742f,Whose former city palace did Erna Flegel work at?,ace_packed_220,ace_packed_220,0.2639840620874824,0.3071301057646899,0.29355319921336065,0.3085985731375639,0.42857142857142855,212,5,0.0,0.0,196,5,0.0,0.0,196,5,0.0,0.0
5adfad2b554299603e41835c,The song Arizona was recorded by Paul Revere and Mark Lindsay but who wrote the song?,ace_packed_220,ace_packed_220,0.32934863328560826,0.32653155717595184,0.3376629422178329,0.38409602929000924,1.0,220,5,1.0,1.0,210,5,1.0,1.0,210,5,1.0,1.0
5a8cddd1554299441c6b9f3a,In what 2 countries did both X-Large and A Bathing Ape have stores?,chunk_packed_220,ace_packed_220,0.2824546259161974,0.27695897503080436,0.2838810280323611,0.29086086054433824,0.6666666666666666,216,5,0.0,0.8571428571428571,206,5,0.0,0.8571428571428571,204,5,0.0,0.75
5a79f6825542996c55b2dcb4,New Jersey politicians Linda Stender and Leonard Lance were born within a year of each other beginning in which year?,chunk_packed_220,chunk_packed_220,0.26895069858246096,0.2924778935431178,0.284037853658071,0.2721247177871127,0.6666666666666666,210,5,1.0,1.0,210,5,0.0,0.0,212,5,1.0,1.0
5a8900c75542997e5c09a6ed,What ingredient is in both Cosmopolitan and Cuba Libre?,chunk_packed_220,chunk_packed_220,0.3205172766793296,0.31906060738779296,0.319957134222254,0.32339252877126207,1.0,198,5,1.0,1.0,198,5,1.0,1.0,209,5,1.0,1.0
5ab27f7b554299722f9b4d4f,"Who was the head promotor of the singer of ""For The Good Times""?",ace_packed_220,chunk_packed_220,0.24519959048620504,0.21064581323971254,0.25092006019661844,0.2830914246943583,0.42857142857142855,206,4,0.0,0.0,209,5,0.0,0.0,209,5,0.0,0.0
5ac257fe55429951e9e68562,"Who has more scope of profession, Bob Fosse or Angelina Jolie?",ace_packed_220,ace_packed_220,0.23542346841346506,0.23413129255779558,0.24660249362579303,0.2797076773362962,0.6666666666666666,214,4,0.0,0.4,198,5,0.0,0.4,198,5,0.0,0.4
5ab94cf0554299743d22eade,Naval Air Station Ellyson Field was an auxiliary facility to the air station in which community?,ace_packed_220,ace_focused_220,0.33123288923857364,0.33519303739723094,0.34166838202239436,0.4033672251008066,0.42857142857142855,202,3,0.0,0.0,215,4,0.0,0.0,197,3,0.0,0.0
5ac017945542997d642959bc,What film did the sound editor for a 2013 Hong Kong-Chinese martial arts drama film based on the life story of the Wing Chun grandmaster Ip Man win two Academy Awards for?,ace_packed_220,chunk_packed_220,0.3095423624400092,0.31383370354633405,0.31421515920967136,0.4891511273886219,0.6666666666666666,199,4,0.0,0.0,210,4,0.0,0.0,210,4,0.0,0.0
5ac19d4c55429963665198bb,The Argentine National Anthem was adopted 3 years after which event that led to the removal of Viceroy Baltasar Hildalgo de Cisneros?,chunk_packed_220,ace_packed_220,0.2736347714800935,0.2591847731519963,0.27808445181656616,0.30075055973545206,0.42857142857142855,207,4,0.0,0.0,219,4,1.0,1.0,201,3,0.0,0.0
5abbd2575542993f40c73bbd,Petroglyphs on Ingaro isalnd indicate it has been innhabited since an era that lasted until what year?,chunk_packed_220,ace_packed_220,0.21084370740051,0.21273561297131105,0.22744277961570453,0.1776272437077903,0.25,216,5,0.0,0.0,208,5,0.0,0.0,212,4,0.0,0.0
5a888b8e5542997e5c09a60a,Where are schools in the athletic association Cardinal Hayes High School is part of located?,ace_packed_220,ace_packed_220,0.3384130140529864,0.3570770689411171,0.3397599818239679,0.36987620101258445,0.42857142857142855,218,5,0.0,0.0,205,5,0.0,0.0,205,5,0.0,0.0
5a712e895542994082a3e636,C.J. Hunter was tested positive for which type of injected steroid before he competed in the 2000 Summer Olympic Games?,ace_packed_220,ace_packed_220,0.31048978064853505,0.3340293727737226,0.3280212196937725,0.38604186795388395,1.0,214,4,0.0,0.0,213,4,0.0,0.0,217,4,0.0,0.0
5a85ecf25542991dd0999ec6,"Who plays opposite the double Olivier Award-winning English actress in the 2000 TV film following the relationship between ""Carry On"" film actors Sid James and Barbara Windsor?",ace_packed_220,ace_focused_220,0.3519346279318074,0.37216994617624266,0.3690480417286417,0.38430122194698274,0.42857142857142855,219,5,1.0,1.0,218,4,1.0,1.0,206,5,1.0,1.0
5adfe6c455429906c02daa85,Which store in Gurney Paragon was founded in Belgium in 1926?,chunk_packed_220,ace_packed_220,0.29238229823612016,0.2708790159575155,0.2803558839633738,0.30972199485159685,1.0,217,5,0.0,0.0,195,5,1.0,1.0,210,5,0.0,0.0
5ac448185542995c82c4ad1b,Which video game featured the Houston Rockets player named NBA Sixth Man of the Year in 2012?,ace_packed_220,ace_focused_220,0.28254935275825976,0.2949081356225247,0.2878228348379364,0.3556248978551978,0.42857142857142855,220,4,0.0,0.0,217,5,0.0,0.0,203,5,0.0,0.0
5ae1faf15542997f29b3c1e3,"William Davis Ticknor, Sr. served on the board of a chemical and biotechnology company created in what year?",chunk_packed_220,chunk_packed_220,0.32812361386685907,0.3309218349877376,0.3366290731914485,0.3132560190159976,1.0,212,5,1.0,1.0,218,5,1.0,1.0,214,5,1.0,1.0
5ab7af9d5542993667793fe9,Are both Dodgy and Massive Attack based in the same country?,chunk_packed_220,chunk_packed_220,0.2727204217113247,0.24631236301191728,0.24888432468541433,0.28769871020271204,0.6666666666666666,194,4,0.0,0.0,214,4,0.0,0.0,198,4,0.0,0.0
5ae1e9635542997f29b3c19e,"Which airport is located further north in the United States, San Angelo Regional Airport or Grand Junction Regional Airport?",ace_packed_220,chunk_packed_220,0.2917805439764257,0.31929974161503655,0.30868056266762733,0.3255832342091179,0.42857142857142855,217,4,1.0,1.0,219,4,1.0,1.0,219,4,1.0,1.0
5ade28cf5542997c77aded85,Is Rutgers University or Brown University public?,ace_packed_220,ace_focused_220,0.3278444536799517,0.34418632911992575,0.33779210817590855,0.38501301407729716,1.0,197,4,1.0,1.0,219,4,1.0,1.0,195,5,1.0,1.0
5a7b116a554299042af8f6c4,"What year did the prison where William Penn wrote No Cross, No Crown stop being used as a prison?",chunk_packed_220,ace_packed_220,0.3111032689698224,0.30891092918297436,0.3325595389389868,0.3188018514533346,0.25,216,5,0.0,0.0,215,4,0.0,0.0,216,4,0.0,0.0
5a72f1cf5542994cef4bc414,Which English actor starred in the 1995 american romantic drama film The Scarlet Letter alongside Demi Moore and Robert Duvall?,ace_packed_220,ace_focused_220,0.33791234015420646,0.3760134500727805,0.3629224951716539,0.4011566911111263,0.42857142857142855,220,5,0.0,0.0,209,5,0.0,0.0,211,4,1.0,1.0
5ab7b3cc55429928e1fe3893,Are both Microcachrys and Protea endemic to the same continent ?,chunk_packed_220,ace_packed_220,0.23722912802100335,0.23522476275853826,0.239742366433844,0.2407006538880222,1.0,218,5,0.0,0.0,214,5,0.0,0.0,218,5,0.0,0.0
5ae32b6755429928c4239644,Wendy Ayche was featured in 2016 in an annual production created by Youtube and what other organization?,ace_packed_220,ace_packed_220,0.2502727100153615,0.28601251796215105,0.26942367104015386,0.3011123304005373,0.25,219,4,0.0,0.0,212,5,1.0,1.0,213,5,0.0,0.0
5ab3c53955429969a97a81b9,Who won the special election in 2014 to replace Bill Young?,ace_packed_220,ace_focused_220,0.24678296692450685,0.24747347987952473,0.22883416592599645,0.31298167028263957,0.42857142857142855,218,4,0.0,0.0,216,4,0.0,0.0,216,5,1.0,1.0
5a8b349a55429971feec466b,Are Mobile Regional Airport and Hoonah Airport located in California?,ace_packed_220,chunk_packed_220,0.30869599163911454,0.2988901910107177,0.28565203207070444,0.38616180506320397,0.42857142857142855,196,5,1.0,1.0,207,5,1.0,1.0,211,5,1.0,1.0
5ac2db67554299657fa290a6,What is Michael Nakasone job at the college prep school in Honolulu?,chunk_packed_220,chunk_packed_220,0.2976939072849305,0.2658120509978138,0.2871418587928782,0.2798146886397891,0.6666666666666666,203,5,0.0,0.0,204,5,0.0,0.0,208,4,0.0,0.0
5ab5ec2a5542992aa134a3e3,What kind of group does Takahiro Moriuchi and Doug Pinnick have in common?,chunk_packed_220,ace_packed_220,0.25401891108680763,0.28485589191818284,0.2668716102240274,0.2594547770125905,0.6666666666666666,200,5,0.0,0.0,209,5,1.0,1.0,209,5,0.0,0.0
5ab661ac5542995eadeeffb1,"Which state was the The Laboratory's 60,000 square-foot, shore-based campus located?",ace_packed_220,chunk_packed_220,0.2336851382960718,0.27088433877529927,0.26223820189425084,0.39485854442858065,0.42857142857142855,205,4,0.0,0.5,208,4,0.0,0.5,220,4,0.0,0.5
5abee69c5542993fe9a41d8b,The 1966 Football League Cup Final was contested with which team that is based in the West Midlands?,chunk_packed_220,ace_focused_220,0.34232158911156496,0.3307376663931563,0.33730486025152395,0.36703511946694967,1.0,215,4,0.0,0.7499999999999999,207,4,0.0,0.7499999999999999,197,4,0.0,0.7499999999999999
5ac0aab35542992a796ded5c,Meet Market is a 2004 film starring which son of a former prime minister?,chunk_packed_220,chunk_packed_220,0.3181459476752652,0.31805359072220796,0.3167829131777555,0.332156170898525,0.42857142857142855,216,4,1.0,1.0,216,5,1.0,1.0,219,5,1.0,1.0
5a84c4b05542991dd0999deb,Are both Forman Christian College and Purbanchal University public schools?,ace_packed_220,ace_packed_220,0.31635835801911927,0.3273795097099032,0.3162692408945267,0.3640592937778204,0.42857142857142855,206,5,0.0,0.0,214,5,1.0,1.0,217,5,1.0,1.0
5abd6be55542993062266c89,What is Peter Daou's website's slogan?,ace_packed_220,chunk_packed_220,0.30443128732130875,0.2942451294017351,0.29295848829874593,0.3707532598567225,1.0,207,4,0.0,0.6666666666666665,202,4,0.0,0.0,211,4,0.0,0.0
5a8a19c45542992e4fca8501,Are either The Pogues or Pillar an electronic dance music group?,ace_packed_220,ace_packed_220,0.24905453111393916,0.2665848650632524,0.2591260802389432,0.31658573259485473,1.0,216,5,0.0,0.0,214,5,0.0,0.0,214,5,0.0,0.0
5abcef9e55429959677d6b52,Ellesmere Port Town Football Club are currently members of what English football league whose current principal sponsor is Carlsberg?,chunk_packed_220,chunk_packed_220,0.33852706615214667,0.35792558029402044,0.3492249230314195,0.3199511790483149,0.42857142857142855,216,5,0.0,0.7499999999999999,216,5,0.0,0.7499999999999999,216,5,0.0,0.7499999999999999
5a81c7d15542990a1d231ea9,Which services did Rock Nominees Ltd and  ISS A/S (Integrated Service Solutions) have in common?,ace_packed_220,chunk_packed_220,0.27157153353047275,0.3226847471331027,0.3103875371392889,0.3579435367863728,0.6666666666666666,209,4,0.0,0.0,213,5,0.0,0.0,213,5,0.0,0.0
5adccaca5542994d58a2f6d5,"Which of these is a genus of flowering plants, Anemopaegma or Semele?",ace_packed_220,ace_packed_220,0.30680959234677097,0.32556497548205887,0.33386904480652874,0.3920399383724959,0.6666666666666666,219,5,1.0,1.0,218,5,1.0,1.0,218,5,1.0,1.0
5a84f5865542991dd0999e30,What Irish county are the band that had a concert tour called the In Blue Tour?,ace_packed_220,ace_packed_220,0.318978491773841,0.30800753526049784,0.320559342312816,0.3924282742401459,0.42857142857142855,214,5,0.0,0.0,216,5,0.0,0.5,216,5,0.0,0.5
5a7633ff5542994ccc918712,"When was the Chief Aerodynamicist for the British supersonic land vehicle, whose goal is to match or exceed 1000 mph achieving a new world land speed record, born?",ace_packed_220,ace_focused_220,0.3409130346545368,0.3987137032665824,0.3715371858213104,0.42986114459048874,0.6666666666666666,200,4,1.0,1.0,208,4,1.0,1.0,187,4,1.0,1.0
5a8d7f2b554299068b959d0c,"When William Gladstone successfully relaunched his political career in Scotland in advance of the 1880 General Election, which party did he lead?",ace_packed_220,ace_packed_220,0.25543439307343874,0.2945732847461392,0.28277712314934356,0.30290788703489724,1.0,214,4,0.0,0.6666666666666666,212,4,1.0,1.0,216,4,1.0,1.0
5ac3def75542997ea680c95f,Where was the Danger Mouse produced U2 album exclusively released? ,ace_packed_220,ace_focused_220,0.28618000594878085,0.29112962980121315,0.28207675284648004,0.32393520775580165,0.6666666666666666,206,4,0.0,0.0,199,4,0.0,0.0,214,5,1.0,1.0
5ae6316d5542996de7b71b87,Which FC Barcelona signee was a contender for the Rookie of the Year Award when he played for the Timberwolves?,chunk_packed_220,chunk_packed_220,0.2329451203868108,0.2470210544985983,0.24327744473426627,0.25415221296162405,0.25,212,3,0.0,0.3333333333333333,200,4,0.0,0.0,220,3,0.0,0.0
5ab5eed65542997d4ad1f25c,"Which is in the family Rutaceae, the Diplolaena or the Arenaria?",ace_packed_220,ace_packed_220,0.31396688390671823,0.34108397858808726,0.33791786150733366,0.37514070323357507,1.0,197,5,1.0,1.0,194,5,1.0,1.0,208,5,1.0,1.0
5ab29c24554299449642c932,Are Giuseppe Verdi and Ambroise Thomas both Opera composers ?,ace_packed_220,chunk_packed_220,0.2701127633406884,0.2791511313920999,0.2647039924271377,0.3078389310596277,0.42857142857142855,195,5,1.0,1.0,214,5,1.0,1.0,201,4,1.0,1.0
5ab809195542991d3222380f,"Which genus has 5 known species, Leonotis or Psychopsis?",chunk_packed_220,ace_packed_220,0.2500842402915565,0.261956887188028,0.25102848709309483,0.2681524012091687,1.0,218,5,1.0,1.0,210,5,1.0,1.0,217,5,1.0,1.0
5a834ed95542990548d0b1ca,"Which tower is taller, 712 Fifth Avenue or Manhattan Life Insurance Building?",ace_packed_220,chunk_packed_220,0.33932374099524,0.3445492137257745,0.3425865729716363,0.3760368277059918,1.0,210,5,0.0,0.6666666666666666,220,4,0.0,0.6666666666666666,218,4,0.0,0.6666666666666666
5ade9545554299728e26c740,What team did the recipient of the 2007 Brownlow Medal play for?,chunk_packed_220,chunk_packed_220,0.2841061039336672,0.28557784851028645,0.2877308661340863,0.3003952227817345,0.6666666666666666,204,4,0.0,0.5,218,4,0.0,0.5,220,4,0.0,0.5
5a8b97485542995d1e6f140f,What is common between Matt Vasgersian and Michael Casey?,chunk_packed_220,ace_packed_220,0.28711871556135754,0.2588231044630453,0.2899471119532314,0.3079890058603837,0.25,202,4,0.0,0.0,201,5,0.0,0.0,219,5,0.0,0.0
5ac056385542997d64295a08,Ambrose Mendy has managed and/or advised a British professional boxer that as of July 2017 is ranked the world's seventh best super middleweight by who?,chunk_packed_220,ace_focused_220,0.3250165415958296,0.3391397155114917,0.31350798831362486,0.2712330782735283,1.0,218,4,0.0,0.0,216,5,0.0,0.0,215,4,0.0,0.0
5abd96fe5542992ac4f382d9,Australian Associated Press was established by a journalist born in which year ?,chunk_packed_220,ace_packed_220,0.38103611329955067,0.36099258985645066,0.38114311425697933,0.33063815291251075,0.42857142857142855,217,5,0.0,0.0,185,5,0.0,0.0,185,5,0.0,0.0
5a8b91d25542995d1e6f13fc,What occupation have Carly Gullickson and Francesca Schiavone both held?,chunk_packed_220,ace_packed_220,0.26457987828414087,0.20496057412376786,0.2660386553233629,0.2941052281987976,0.25,218,5,0.0,0.8,204,5,0.0,0.8,204,5,0.0,0.8
5a756fa15542996c70cfaefb,Július Satinský was born in a city that has a current population of what?,ace_packed_220,ace_focused_220,0.28213897275540034,0.3192083011482162,0.3178144308567707,0.31361147837381936,0.6666666666666666,209,4,0.0,0.6666666666666666,220,4,0.0,0.6666666666666666,190,4,0.0,0.6666666666666666
5ae1388e5542997b2ef7d13a,Double Jeopardy is a 1999 film starring an American political activist best known for an ongoing acting career spanning how long?,chunk_packed_220,ace_packed_220,0.3009865177312583,0.33512281515231146,0.31258101394406274,0.3295723464784399,0.42857142857142855,211,5,1.0,1.0,207,4,1.0,1.0,218,5,1.0,1.0
5a77dadd5542997042120b59,"Hall of Fame Racing was created by Troy Aikman, Bill Saunders, and which Dallas Cowboys quarterback known as ""Captain Comback""?",ace_packed_220,chunk_packed_220,0.30506326328800937,0.3167757455447744,0.31208549228591287,0.35071710399147965,0.42857142857142855,203,3,0.0,0.4444444444444445,207,3,0.0,0.0,192,4,0.0,0.0
5ae0bf3a55429906c02dab21,Which Democrat running for president in 2020 currently holds Maryland’s 6th district in the US House of Representatives?,ace_packed_220,ace_focused_220,0.30320236944176115,0.30341937254255935,0.32186032337365933,0.3462104295952335,0.42857142857142855,214,4,0.0,0.8,219,4,0.0,0.8,213,4,0.0,0.8
5ae127c9554299422ee99612,Fighting Cock is produced in what Kentucky county?,ace_packed_220,chunk_packed_220,0.30810471791449434,0.3624314207509598,0.3586137661925969,0.3576661246916264,0.42857142857142855,217,5,0.0,0.6666666666666666,218,5,0.0,0.0,205,5,0.0,0.0
5ac18baa5542991316484b33,What channels was the cartoon that Nicholas Boshier developed with Anthony MacFarlane and Jarod Green broadcast on?,ace_packed_220,ace_focused_220,0.26605282325814383,0.3222714798874723,0.2931899654681508,0.3305225170692262,0.6666666666666666,194,3,0.0,0.0,201,3,0.0,0.0,211,4,1.0,1.0
5abd0803554299700f9d7979,"Caprice No. 5 was composed by what Italian violinist, guitarist, and composer, who was the most celebrated violin virtuoso of his time?",ace_packed_220,chunk_packed_220,0.2949730592110129,0.33703098224125116,0.31562657610199996,0.34448642675995395,0.6666666666666666,207,5,0.0,0.6666666666666666,210,5,0.0,0.6666666666666666,219,4,0.0,0.6666666666666666
5ac55e835542993e66e82375,"Thomas Fitch defended John Henry Holliday when he was accused of killing men during the gunfight at the o.k. corral, when was that?",chunk_packed_220,ace_focused_220,0.34380422987463594,0.32545543467216187,0.3177431626010002,0.35442408130482017,0.42857142857142855,210,4,0.0,0.6666666666666666,219,5,0.0,0.6666666666666666,209,4,1.0,1.0
5a75227955429929fddd8508,What is the name of the largest shopping center in the City of Tea Tree Gully? ,ace_packed_220,ace_packed_220,0.38151487002567475,0.38345098308246417,0.38121099774319067,0.4365880032153586,1.0,189,4,0.0,0.0,178,4,0.0,0.0,178,4,0.0,0.0
5adbe75455429944faac23af,What record company does distribution for Joan Marie Larkin and Kenny Laguna?,ace_packed_220,ace_focused_220,0.24713659903287577,0.2522911985018206,0.2507119419053495,0.28657659549629616,0.6666666666666666,211,5,1.0,1.0,213,5,1.0,1.0,193,5,1.0,1.0
5ab9c3e1554299753720f852,The pavilion that the Biergarten Restaurant is a part of is in between which other pavilions at Epcot's World Showcase?,chunk_packed_220,ace_focused_220,0.3868290813773938,0.37279411764705883,0.37303850578552433,0.4022911009882024,1.0,188,5,0.0,0.4,188,5,0.0,0.4,216,3,0.0,0.8571428571428571
5a88f7bf5542997e5c09a6dd,What movie did Chris Duesterdiek work on that was directed by Seth Rogen and Evan Goldberg?,chunk_packed_220,chunk_packed_220,0.25580160615346237,0.2335871634589104,0.22867335736750427,0.27624747198416877,0.42857142857142855,217,4,1.0,1.0,218,4,0.0,0.0,203,4,0.0,0.0
5ac27d2555429963665199dc,The teaching method that Maggie Gripenberg was the first to introduce to Finland is used to teach what?,chunk_packed_220,ace_packed_220,0.29193768681399457,0.2591615179974721,0.2837477883501077,0.2960786076614841,0.25,210,4,0.0,0.0,201,4,0.0,0.0,212,4,0.0,0.0
5ae4d2a55542990ba0bbb161,Giselle Cossard was known as Mother Giselle of what type of diety?,ace_packed_220,ace_packed_220,0.2959779924224012,0.3684004788123504,0.34611867844957356,0.33099539942765177,0.42857142857142855,217,4,0.0,0.0,216,4,0.0,0.0,216,4,0.0,0.0
5a7b2ec755429927d897bf53,Kentucky Truck Assembly and Louisville Assembly Plant are two auto factories in the city of Louisville operated by which car maker?,chunk_packed_220,ace_packed_220,0.29226272857461616,0.29385356562684706,0.2936356963331004,0.3098751637300441,1.0,218,4,0.0,0.5,220,5,1.0,1.0,195,4,0.0,0.5
5a713dcb5542994082a3e6d9,What pursuit did both Gevork Minaskanian and George Stambolian have in common?,chunk_packed_220,ace_packed_220,0.2728087529319486,0.2623890215575158,0.27290985418848424,0.28173809434220687,0.6666666666666666,211,4,0.0,0.0,193,4,0.0,0.0,213,4,0.0,0.0
5a84f6c55542997175ce1f36,Geoffrey Serle wrote a biography about which Australian military commander who planned the Allied attack at the Battle of Amiens in 1918?,ace_packed_220,ace_focused_220,0.2773154492141253,0.299778741282571,0.2998362392811139,0.31889007285720716,0.6666666666666666,213,4,1.0,1.0,209,3,1.0,1.0,195,4,1.0,1.0
5a8ba92c554299240d9c2071, The Nantahala National Forest and the Croatan National Forest are both located in which state?,ace_packed_220,chunk_packed_220,0.30360806518344313,0.3071462512922777,0.3089681361228548,0.3926400234979919,0.6666666666666666,217,4,1.0,1.0,219,5,1.0,1.0,219,4,1.0,1.0
5a7bf84b5542996dd594b875,What Danish drama thriller which takes place in both Denmark and Africa was produced by Sisse Graum Jørgensen?,chunk_packed_220,ace_focused_220,0.3182047606906177,0.3069261325743197,0.3173366348950832,0.2953445153423333,0.42857142857142855,220,4,1.0,1.0,205,5,1.0,1.0,203,4,1.0,1.0
5a73aeb855429908901be311,Who is a guest in the final two episodes of season eighteen of South Park?,ace_packed_220,ace_focused_220,0.26445239262889886,0.29760669813275675,0.2655863284462545,0.3578500177159278,0.42857142857142855,209,4,0.0,0.0,213,4,0.0,0.0,210,4,1.0,1.0
5a7e0c045542995f4f4023c5, Who was born first Doug Liman or Saul Metzstein?,ace_packed_220,ace_focused_220,0.25155111077588,0.27865807642343543,0.28229141807065283,0.30909813659359464,0.42857142857142855,217,5,0.0,0.0,212,5,0.0,0.0,211,5,0.0,0.0
5a7d2b2b5542995ed0d1661b,"What concert hall is located on the northern edge or South Kensington, London, and had songs chosen from a number of concerts there?",ace_packed_220,ace_packed_220,0.3112201965303217,0.3471822573524614,0.333760528860914,0.3540702262744944,0.42857142857142855,217,4,1.0,1.0,202,4,1.0,1.0,210,3,1.0,1.0
5ac029655542992a796decb3,"Which game is designed by more persons, Elfenland or San Marco?",ace_packed_220,chunk_packed_220,0.2966953358120167,0.31489928405785883,0.30647958046326873,0.35567363531767693,0.25,214,5,1.0,1.0,217,5,1.0,1.0,216,5,1.0,1.0
5a7351785542994cef4bc539,Was Atom Egoyans biggest commercial success on stage or on film?,ace_packed_220,chunk_packed_220,0.2440480387749753,0.2556044306957701,0.2733395141598177,0.29773205199418085,0.25,202,5,0.0,0.5,212,5,0.0,0.4,214,3,0.0,0.5
5ab531e55542990594ba9d24,What island in the center of Pearl Harbor is connected to the O'ahu by a floating bridge?,ace_packed_220,ace_packed_220,0.25928519989166077,0.2974592411271131,0.2663366064509381,0.3280197868877688,0.25,220,4,1.0,1.0,218,4,1.0,1.0,217,4,0.0,0.0
5a7744e45542993569682d37,"Who was born first, Juan Rulfo or John le Carré?",ace_packed_220,ace_packed_220,0.2861516174179116,0.2787707816878696,0.27569955660464784,0.3284024576058696,0.6666666666666666,217,5,1.0,1.0,185,5,1.0,1.0,185,5,1.0,1.0
5a8b84905542997f31a41d5d,On what kind of field did the team led by head coach Joe Harasymiak play?,chunk_packed_220,ace_focused_220,0.2821870795992397,0.2666669856203384,0.2656807206744429,0.30859709936151936,0.42857142857142855,213,5,0.0,0.0,219,5,0.0,0.0,211,5,0.0,0.0
5a8a764555429930ff3c0de1,What distinction about his birth makes the contemporary of Bill Pollack unique as a winner of the Formula One World Drivers' Championship?,chunk_packed_220,ace_packed_220,0.2725759591279977,0.26602157927165804,0.2679615608837377,0.28233688862225315,0.42857142857142855,220,4,0.0,0.0,209,3,0.0,0.0,220,4,0.0,0.0
5ae21154554299495565d9d4,"Which film stars more animals, The Jungle Book or The Lone Ranger?",ace_packed_220,ace_focused_220,0.2885129114057542,0.2872847978167702,0.29345831512467246,0.3598793993154018,0.6666666666666666,199,4,1.0,1.0,198,4,1.0,1.0,196,4,1.0,1.0
5a874ce15542996432c57256,Where was the person born who was recognized by MIAL and is an American soprano?,chunk_packed_220,chunk_packed_220,0.24844382945487836,0.2563381713166288,0.2527150187151472,0.22929364281250186,0.25,218,5,0.0,0.0,219,4,0.0,0.0,219,4,0.0,0.0
5a714b645542994082a3e78b,What year did Lindsey Broad star in the movie with Russell Brand and Jonah Hill?,ace_packed_220,ace_focused_220,0.22567871674205475,0.27164500418450394,0.26469391358141525,0.27403829555777653,0.25,213,4,1.0,1.0,218,4,1.0,1.0,194,4,1.0,1.0
5a7aa0a55542990198eaf165,"Who was born first, Sathish Kalathil or Jacques Feyder?",ace_packed_220,chunk_packed_220,0.25392463124211934,0.24876282675924388,0.26105886263061484,0.3075133052172737,0.6666666666666666,203,4,1.0,1.0,219,4,1.0,1.0,211,4,1.0,1.0
5ab5062f55429942dd415fd1,What was the budget of the film in which Kodi Smit-McPhee voiced Norman Babcock?,chunk_packed_220,ace_focused_220,0.2986561471007809,0.32047380723476626,0.31715678059372476,0.31917374626042483,0.42857142857142855,217,3,0.0,0.0,216,4,0.0,0.0,211,4,1.0,1.0
5adfa6c7554299025d62a326,What is the birthday of the Earl of Merioneth?,ace_packed_220,ace_focused_220,0.322476995344403,0.31650333170908207,0.3275308165618066,0.37195899797984044,0.42857142857142855,219,4,0.0,0.0,219,5,0.0,0.0,214,5,0.0,0.0
5a83d7535542993344746093,What other teams played in the same division that Chad Clements played in?,chunk_packed_220,ace_focused_220,0.22333355015517936,0.22512787847777357,0.2567867090759175,0.24086306873823776,0.25,216,4,0.0,0.0,219,4,0.0,0.0,208,5,0.0,0.0
5a8901a2554299515336125a,Ghostkeeper's plot is inspired by a legend that lends its name to what type of medical condition?,chunk_packed_220,ace_focused_220,0.24953604748660807,0.25213896154727855,0.2530173084290563,0.26244690643326074,0.42857142857142855,215,4,0.0,0.6666666666666666,211,5,0.0,0.6666666666666666,192,5,0.0,0.6666666666666666
5ae1b53b5542997283cd2255,What Indian government tag was given to the handicraft known for making simple loose clothing worn over the shoulders?,chunk_packed_220,ace_packed_220,0.2323156191732708,0.2201978592493481,0.23372092071132594,0.23669298235151853,0.6666666666666666,213,4,0.0,0.8,211,4,0.0,0.8,214,4,0.0,0.8
5ab430f655429942dd415eca,"""The Chance of a Lunchtime"" is an episode of a BBC sitcom writtem by who?",ace_packed_220,ace_focused_220,0.36447800445106776,0.39102698433725047,0.3941137911802092,0.5425724049184274,0.1111111111111111,214,4,0.0,0.0,205,5,0.0,0.0,201,4,0.0,0.0
5abee2df5542994516f4546a,"The director of American crime film, Secret of the Chateau, was known to work at which company?",ace_packed_220,ace_focused_220,0.32243288347473664,0.3160181774715427,0.3333708271894793,0.3634018774724429,0.25,219,5,0.0,0.0,215,5,0.0,0.0,193,4,0.0,0.0
5a851ba95542997175ce1f81,"Rosemary Willis was seen in the grass in what Texas town, where John F. Kennedy was assassinated?",ace_packed_220,ace_packed_220,0.2542477173564603,0.26561983162105207,0.24934992062010314,0.3342465367914287,0.25,216,4,0.0,0.0,211,5,0.0,0.0,218,5,0.0,0.0
5ae635505542992ae0d16282,Where was the comedian from And There's More born? ,chunk_packed_220,chunk_packed_220,0.33609279085556903,0.23572401898263246,0.23014067289975804,0.3511584844924829,0.25,192,4,0.0,0.0,220,5,0.0,0.0,220,5,0.0,0.0
5ae2c8b05542992decbdcd9d,What is the birthplace of YouTube's 2016 overview featured creator Wengie?,chunk_packed_220,ace_focused_220,0.25528909488518375,0.2630338766520621,0.24738003362478111,0.2806753225966966,0.42857142857142855,216,4,1.0,1.0,220,4,0.0,0.0,202,4,1.0,1.0
5ab7de455542992aa3b8c864,Janet Williams has performed with an internationally recognized solo pianist whose recordings have earned him five what?,chunk_packed_220,ace_packed_220,0.2627663281792773,0.3108794522107556,0.30577404978637324,0.2522004840775587,0.42857142857142855,217,4,0.0,0.0,197,3,0.0,0.0,204,4,0.0,0.0
5ae61dce5542992663a4f262,What role did Julianne Moore play in the 2002 Oscar winning movie?,ace_packed_220,ace_packed_220,0.24528477645055086,0.2714339126864436,0.28108464568865643,0.30658853180045215,0.42857142857142855,207,4,0.0,0.0,201,4,0.0,0.0,214,5,0.0,0.0
5abd0f4b55429933744ab6e3,Are Gabe Saporta and Robert Plant both English?,ace_packed_220,ace_packed_220,0.2705957466827393,0.2577992143254056,0.2826879571517784,0.3256797067825461,0.42857142857142855,215,4,0.0,0.0,218,5,1.0,1.0,218,4,1.0,1.0
5adf4da15542995534e8c780,Are Philip Cortez and Julian Castro democratic or republican?,ace_packed_220,ace_focused_220,0.2773884427625272,0.2943405113769657,0.2982833410159837,0.3178225923577523,0.6666666666666666,219,5,1.0,1.0,217,5,0.0,0.5,209,5,1.0,1.0
5ae791a55542994a481bbdaa,Which of the university at which Jack M. Guttentag  is a professor emeritus of finance was established in 1881 through a donation?,ace_packed_220,chunk_packed_220,0.3340919132720128,0.3426880115362674,0.3424524841271937,0.38852258219031566,0.6666666666666666,208,4,0.0,0.5714285714285715,214,5,0.0,0.5714285714285715,213,5,0.0,0.5714285714285715
5a7a014a5542996c55b2dccf,"""Kapitän zur See"" Ernst Lindemann was the commander of which one of two battleships built for Nazi Germany's ""Kriegsmarine""?",ace_packed_220,chunk_packed_220,0.2934583818933614,0.2991009039832291,0.29217470239370363,0.3643265779675058,0.6666666666666666,189,4,1.0,1.0,214,4,1.0,1.0,214,4,1.0,1.0
5ae807d25542993210984045,Nominated in ten categories at the 38th Annual César Awards ceremony was a film whose narrative focuses on what two people?,chunk_packed_220,ace_packed_220,0.30294700531196983,0.3364330144967508,0.3270669534555535,0.31098747121411296,0.42857142857142855,220,4,0.0,0.28571428571428575,202,4,0.0,0.3333333333333333,201,3,0.0,0.0
5a75fa8c55429976ec32bcda,Who composed music for this 1941 American animated film with the main character of Jumbo Jr.?,chunk_packed_220,chunk_packed_220,0.2812724538629685,0.2913057341130648,0.30685649030111517,0.30654845677733533,0.42857142857142855,193,3,0.0,0.0,204,4,0.0,0.0,194,4,0.0,0.0
5ae0006755429925eb1afbd3,"Where is the Bubblegum Alley, that is similar to Gum Wall, located in California?",ace_packed_220,ace_packed_220,0.31061364329370994,0.34202278596300717,0.31116534907002036,0.40831882842966305,0.6666666666666666,215,4,0.0,0.8571428571428571,211,5,0.0,0.8571428571428571,215,3,0.0,0.8571428571428571
5ae347fb5542992e3233c368,"In the 2004 United States senate election, re-election was won by what American plitician who was first elected in 1998, defeating what three-term Republican incumbent?",chunk_packed_220,chunk_packed_220,0.3603786390126982,0.3133737848458299,0.36197213870293476,0.35804345303611135,0.6666666666666666,201,5,0.0,0.0,207,5,0.0,0.0,204,4,0.0,0.0
5a74e93e55429974ef308c92,Pedro Duque and Mark Shuttleworth both went where in their life times?,chunk_packed_220,ace_focused_220,0.25082583129096836,0.25641355687865963,0.2695520114826169,0.27008451925763366,0.6666666666666666,220,5,1.0,1.0,210,4,1.0,1.0,201,5,1.0,1.0
5ae37e525542992e3233c42d,When did the the Antonine who was known as the third of the five good emperors live?,ace_packed_220,ace_focused_220,0.25865960913078645,0.3130314214961982,0.27857374194291473,0.3350228225451597,0.6666666666666666,210,4,0.0,0.0,214,4,0.0,0.0,205,4,0.0,0.0
5ac52f455542996feb3fea12,"What year was the American healthy lifestyle magazine, in which Georgia Rickard contributed, started?",ace_packed_220,chunk_packed_220,0.24658790644666878,0.2490762203638297,0.24347429649760094,0.3049012833088784,0.6666666666666666,206,5,1.0,1.0,216,5,1.0,1.0,215,5,1.0,1.0
5ae2d59755429928c42394ec,"Who has a wider scope of profession, Hrag Vartanian or Hovsep Pushman?",chunk_packed_220,chunk_packed_220,0.25623141671748034,0.2686298522290414,0.27619786838668337,0.26775848088319104,0.6666666666666666,192,4,1.0,1.0,216,4,1.0,1.0,216,4,1.0,1.0
5ab6993f554299110f219a2b,"What is name of the mountains near this autonomous community, in which Spanish politician Felipe Alcaraz was born?",chunk_packed_220,ace_packed_220,0.3146199742190755,0.34043157853298633,0.33622220413671533,0.3270514304824462,1.0,203,4,0.0,0.8,191,5,0.0,0.8,191,5,0.0,0.8
5a83eaae55429933447460b4,"The Swiss immigration referendum, February 2014 is an example of what, which was framed by bilateral treaties between Switzerland and the European Union?",chunk_packed_220,ace_packed_220,0.31723987198420067,0.31530282247758784,0.3167860995223824,0.3431931222590542,1.0,220,4,0.0,0.0,211,4,0.0,0.0,217,4,0.0,0.0
5ae1b943554299492dc91b7f,"Are Macheng and Lianjiang, Guangdong both cities ?",chunk_packed_220,ace_packed_220,0.2748992228076036,0.2886214543318862,0.2667301156308516,0.2862747619553394,1.0,215,5,0.0,0.0,195,5,0.0,0.0,195,5,0.0,0.0
5adfc77b554299603e4183ab,Is Edison Sault Power Canal somehow linked with or used with the Cayuga–Seneca Canal?,ace_packed_220,ace_focused_220,0.3209255961902413,0.31953916559218654,0.3184653365852878,0.4110721561455256,0.6666666666666666,198,4,0.0,0.0,219,4,0.0,0.0,197,4,0.0,0.0
5a899f4955429946c8d6e971,Who directed a 2009 comedy released by BBC Films?,chunk_packed_220,ace_focused_220,0.2819468449247938,0.2375715926390255,0.25576937885810086,0.28965088385803167,0.42857142857142855,213,4,1.0,1.0,199,4,0.0,0.0,209,3,1.0,1.0
5ab66e1355429954757d32b2,Are Sunset Strip and American Hardcore both music documentaries?,ace_packed_220,ace_packed_220,0.2712952968642974,0.2677532871649103,0.259736008957632,0.31484972511854226,1.0,220,5,1.0,1.0,202,5,1.0,1.0,202,5,0.0,0.0
5abd5a135542992ac4f3829f,Are the Sleepers located north or south of the Kancamagus Highway?,chunk_packed_220,chunk_packed_220,0.30342870360109847,0.2934784520540126,0.2914793596907622,0.3317635737558565,0.42857142857142855,209,4,0.0,0.0,213,4,0.0,0.0,216,4,0.0,0.0
5a8f2fed55429918e830d1c7,Both Bo Diddley and The Yardbirds played which common genre of music during their careers?,chunk_packed_220,ace_packed_220,0.23756303211092827,0.23806591163839397,0.242758622416058,0.24473667923641776,0.6666666666666666,200,4,0.0,0.0,201,5,1.0,1.0,201,5,0.0,0.0
5abba584554299642a094afa,How many yards did the nephew of Ivory Lee Brown get during his 2004 true freshman season?,ace_packed_220,ace_packed_220,0.26286395673022356,0.24958206311985381,0.24446503284327958,0.31583617656031204,0.6666666666666666,214,4,0.0,0.6666666666666666,201,4,0.0,0.6666666666666666,217,4,0.0,0.6666666666666666
5ac4deff554299076e296e26,"Are Siping, Jilin and Linhai both in the same province in China?",ace_packed_220,ace_packed_220,0.2982628077151174,0.2970314316173376,0.3069216319278122,0.3784416286395049,1.0,206,5,1.0,1.0,195,5,1.0,1.0,206,5,1.0,1.0
5ab3d2595542992ade7c6ebf,Where is the university located in which the current editor-in-chief of Review of Policy Reseach is from?,chunk_packed_220,chunk_packed_220,0.2814773045143521,0.283564983249093,0.2875395537222445,0.28436669787998337,0.25,209,4,0.0,0.0,218,5,0.0,0.0,219,5,0.0,0.0
5add6f975542992200553b18,"In what year did the brother-in-law of Ezzo, Count Palatine of Lotharingia, die?",chunk_packed_220,chunk_packed_220,0.34224683219971785,0.36131547043728557,0.3547081486589084,0.3687369842624858,0.6666666666666666,198,4,0.0,0.0,218,4,0.0,0.0,208,4,0.0,0.0
5a8f0986554299458435d535,Gerd Neggo trained under the founder of which type of dance analysis?,chunk_packed_220,chunk_packed_220,0.2797868945703832,0.301244159356198,0.30980197431749357,0.3049253492933074,0.6666666666666666,219,4,1.0,1.0,218,5,0.0,0.0,219,4,0.0,0.3333333333333333
5a7c9d2e55429935c91b5261,"What legend that lends its name to a modern medical term, inspired the plot of the horror film Ghostkeeper?",chunk_packed_220,ace_packed_220,0.266638508796881,0.2607681575404944,0.26272972107859427,0.2875143744124945,0.6666666666666666,217,4,0.0,0.0,210,4,0.0,0.0,217,5,0.0,0.0
5a875b2a5542993e715abf0f,What company founded in 1886 has owned the K-Y brand?,ace_packed_220,ace_focused_220,0.25682375625226384,0.2700175579622079,0.2745484006757829,0.3178091493936777,0.42857142857142855,220,4,1.0,1.0,207,4,0.0,0.0,219,4,1.0,1.0
5abd68b45542993062266c77,What did the main character in Unbroken do in the Olympics?,ace_packed_220,ace_packed_220,0.20716933696852408,0.1916203464486421,0.21678231902573153,0.24181780012179713,0.25,218,5,0.0,0.0,202,5,0.0,0.0,217,5,0.0,0.0
5ae33c4d5542992f92d82262,Robert Suettinger was the national intelligence officer under which former Governor of Arkansas?,ace_packed_220,chunk_packed_220,0.2581380192821058,0.3037892671307002,0.3006459930447515,0.31814077114297135,0.6666666666666666,219,5,1.0,1.0,214,3,0.0,0.4,208,3,0.0,0.4
5add61d65542995b365fab21,What type of forum did a former Soviet statesman initiate?,ace_packed_220,chunk_packed_220,0.20584710815678597,0.2125665167202555,0.21592917463289285,0.24499440113098514,0.6666666666666666,204,3,0.0,0.0,205,4,0.0,0.0,204,5,0.0,0.0
5a7cb8bc554299452d57b9be,What is the capacity of the stadium that is the home ground of the Lahore Eagles?,chunk_packed_220,ace_focused_220,0.31327894382361654,0.31736112048903053,0.31907460101344864,0.3189039615161128,0.6666666666666666,217,4,0.0,0.0,215,4,0.0,0.0,217,5,1.0,1.0
5a7734ce5542993735360217,What was Randy Shughart's rank when he died?,ace_packed_220,ace_packed_220,0.2581879194586627,0.2691092736611111,0.2686764683459131,0.31827310669813014,0.25,215,4,0.0,0.0,213,5,0.0,0.0,213,5,0.0,0.0
5a89382655429951533612e8,Who served as the 1st Vice President of Colombia under El Libertador?,ace_packed_220,chunk_packed_220,0.31865482608513096,0.3324159424805282,0.33697746732295886,0.369402482633259,0.6666666666666666,208,3,0.0,0.8571428571428571,219,3,0.0,0.8571428571428571,208,3,0.0,0.8571428571428571
5abc184a5542993a06baf863,Who directed the 2015 South Korean drama film starring Hwang Jung-min?,ace_packed_220,chunk_packed_220,0.34473520488541676,0.30066661451396215,0.33504298966729856,0.3833234508306664,0.42857142857142855,202,4,1.0,1.0,208,5,1.0,1.0,208,5,1.0,1.0
5add7ce55542992ae4cec585,"When was the Swiss author and dramatist died who's novel is ""A Dangerous Game""?",ace_packed_220,ace_packed_220,0.3072179074532709,0.3339947357873382,0.31935439086832085,0.34562224730157376,1.0,217,5,0.0,0.0,199,4,1.0,1.0,208,4,1.0,1.0
5ab1c693554299722f9b4c66,Which team based in South Wales participated in a final game of 1980 Welsh Cup Final?,chunk_packed_220,ace_packed_220,0.34483656463552614,0.34656134116727777,0.3541816455393971,0.37314711061283423,0.42857142857142855,217,4,1.0,1.0,200,5,1.0,1.0,211,4,1.0,1.0
5a78b3f7554299148911f94c,"Joan Bennett Kennedy, who had three children including Kara Kennedy, was known for pursuing which career?",chunk_packed_220,chunk_packed_220,0.28468233492071926,0.32045050809039954,0.3055205761615969,0.2603572284955784,0.42857142857142855,205,5,0.0,0.0,214,5,0.0,0.0,213,4,0.0,0.0
5abea9a35542990832d3a07e,Bullewijk metro station is part of a mixed rapid transit and light rail system that is how many km long?,ace_packed_220,ace_focused_220,0.2720744268547628,0.2761033312661745,0.2837740956883028,0.3363829371344028,0.6666666666666666,208,4,0.0,0.0,213,4,0.0,0.0,197,5,0.0,0.0
5ac11ee45542997d64295a7d,"Which is a black-and-white film, Flying Padre or Inside Job?",ace_packed_220,ace_focused_220,0.3652399040404013,0.38889054885973073,0.38530373014464464,0.44362263784601996,0.42857142857142855,217,5,1.0,1.0,209,5,1.0,1.0,207,5,1.0,1.0
5ae27f22554299495565da8d,In what year was the mathematician husband of Anneli Cahn Lax born?,ace_packed_220,ace_packed_220,0.28960848103369485,0.3524278154981306,0.3197759679296923,0.32517705996840485,0.6666666666666666,214,4,1.0,1.0,205,5,1.0,1.0,220,3,0.0,0.0
5a8e612b5542995085b3741b,Welcome to Nollywood and Out of the Shadow are both what?,chunk_packed_220,ace_packed_220,0.3208647441483743,0.31121624837400724,0.3116628329451617,0.3421060245986197,0.6666666666666666,213,5,0.0,0.0,196,5,0.0,0.0,196,5,0.0,0.0
5a7322165542994cef4bc470,"What memeber of the artistic gymanstic team known as the ""Final Five"" who won a team gold medal at the Rio games was born on May 25, 1994?",chunk_packed_220,ace_focused_220,0.27559844698045555,0.2789858521921099,0.27941385686254033,0.2981868572853019,0.42857142857142855,217,3,0.0,0.0,210,4,0.0,0.0,204,4,0.0,0.0
5a792f3e554299029c4b5f20,What was the name of a land where Maria Anna of Spain's husband was king?,chunk_packed_220,chunk_packed_220,0.30849758594311744,0.33260544359083866,0.3354240892605168,0.30853657430918885,1.0,218,5,0.0,0.5,218,5,0.0,0.5,218,5,0.0,0.5
5ae1fd995542997283cd2313,Is It Just Me? was a single by the English rock band from what Suffolk city?,ace_packed_220,chunk_packed_220,0.30359311958414614,0.31229480243776486,0.31207921561669427,0.3708063231689255,0.6666666666666666,213,4,1.0,1.0,216,5,1.0,1.0,213,4,1.0,1.0
5ae083e855429924de1b70fb,"By how many points did Dion Lewis' team trail by, in the third quarter, of the Super Bowl that they won ? ",ace_packed_220,ace_focused_220,0.2461638188811455,0.2403209306532273,0.24025816843761005,0.2915358553158092,0.6666666666666666,217,3,0.0,0.6666666666666666,204,3,0.0,0.6666666666666666,199,3,0.0,0.6666666666666666
5a8a39195542992d82986f04,Blues to the Bush is an album by The Who that can still be found on what e-commerce platform that was founded in 1995?,chunk_packed_220,ace_focused_220,0.31685982176180794,0.3337834123469364,0.3380962138593138,0.3122525482944567,0.42857142857142855,211,4,0.0,0.0,212,5,0.0,0.0,212,4,0.0,0.6666666666666666
5add98985542990dbb2f7e82,What was the occupation of the man who published an individualist anarchist journal?,ace_packed_220,ace_packed_220,0.25064716729977643,0.2581143575493571,0.26005050500888005,0.3112266099290083,0.25,215,4,0.0,0.0,203,5,0.0,0.0,203,5,0.0,0.0
5a737ef85542992d56e7e336,What British rock band released the album Brothers in Arms in 1985 which also featured a song with the same title?,ace_packed_220,ace_focused_220,0.3088163369151776,0.3260326021064143,0.316898744657788,0.3739576019721649,0.6666666666666666,193,4,1.0,1.0,205,5,1.0,1.0,189,5,1.0,1.0
5a778c215542995d831811ba,When was the folk dance style Johannes Brahms' Liebeslieder Waltzes were written for most popular?,chunk_packed_220,chunk_packed_220,0.255712061703223,0.2988702799768026,0.2776907092633877,0.2842428579567142,0.42857142857142855,212,5,0.0,0.0,218,5,0.0,0.0,214,5,0.0,0.0
5ab99a215542996be202056a,"The castle where ""Spook Squad"" was filmed is in what part of Scotland?",chunk_packed_220,ace_focused_220,0.35118485435748625,0.3179155888463221,0.3705370300776022,0.34361183318907407,0.42857142857142855,215,4,0.0,0.6666666666666666,220,5,0.0,0.6666666666666666,209,5,0.0,0.6666666666666666
5a8335d95542993344745ff1,"Who appeared in the Olympics first, Piet Norval or Emilio Sánchez?",ace_packed_220,ace_packed_220,0.25603853972430984,0.2842663131404218,0.28932836007301965,0.2943567168325053,0.42857142857142855,219,4,0.0,0.0,206,5,0.0,0.0,212,5,0.0,0.0
5a7f677455429969796c1a37,Were Stanley Kubrick and Elio Petri from different countries?,ace_packed_220,ace_packed_220,0.25642900929733853,0.2575667267046372,0.25930140572674476,0.30946274327556567,0.6666666666666666,214,5,1.0,1.0,187,5,1.0,1.0,217,5,0.0,0.0
5a823fbf55429903bc27ba54,Grigori 3's music is commonly compared to an American rock band founded in what year?,ace_packed_220,ace_packed_220,0.26203238816066227,0.30752636066865935,0.3053034053198913,0.3470549486470248,0.25,216,4,0.0,0.0,219,5,1.0,1.0,219,5,0.0,0.0
5adc0d2955429947ff1738e6,Are Roger Waters and Tom Johnston both musicians?,ace_packed_220,ace_focused_220,0.2820095097746861,0.2795391464827931,0.28716949774718054,0.32812207764888535,0.42857142857142855,202,5,0.0,0.0,203,5,0.0,0.0,206,5,1.0,1.0
5abb03325542992ccd8e7eae,The magazine that nominated George Rainsford for their Best Actor award in 2017 comes out every week on what day of the week?,chunk_packed_220,ace_packed_220,0.2971890806117884,0.3241920621254593,0.32599280991515345,0.28935194146105925,0.25,219,4,0.0,0.0,200,4,0.0,0.0,220,5,0.0,0.0
5a771de05542993569682cc8,What is the name of the popular shopping destination located close to the Taj Mahal and Agra Fort in India?,chunk_packed_220,ace_packed_220,0.35280055140145283,0.36331745659412984,0.35527776095147706,0.3434671508163827,1.0,215,4,1.0,1.0,196,4,1.0,1.0,219,4,1.0,1.0
5a78a84d554299148911f8fd,"Which team was older when it had it's worst season, The Cleveland Browns or the Detroit Lions",chunk_packed_220,ace_focused_220,0.2658710594776723,0.27203117825681555,0.26865447318081453,0.2788230645622485,1.0,215,3,1.0,1.0,214,3,1.0,1.0,213,3,1.0,1.0
5a8cb288554299585d9e3726,"The mass killing that took place at Oakland, California on April 2, 2012 was less deadly than the one that took place on October 1, 2015 in which state?",ace_packed_220,ace_packed_220,0.24196148976167678,0.28089588873875787,0.255381144507854,0.30491490145312716,0.6666666666666666,216,5,1.0,1.0,215,5,1.0,1.0,218,4,1.0,1.0
5ab6fcf55542991d32223718,Which movie produced by Esta Malka Charkham was the first to star a woman as the lead role?,chunk_packed_220,ace_packed_220,0.23730731171767944,0.28413121996526003,0.29540731894648686,0.2599031661740499,0.25,214,3,0.0,0.0,197,4,0.0,0.0,215,4,0.0,0.0
5a7a4f405542994f819ef1c0,"Who was the director of the film featuring the character ""Supah Ninjas""?",chunk_packed_220,ace_packed_220,0.2611760181118393,0.2810143681188991,0.25918727184866475,0.29077847405063284,0.25,212,5,0.0,0.0,210,5,0.0,0.0,214,5,0.0,0.0
5a8b6ee255429950cd6afcfd,"Whiich genus has more species, Dracula or Pistacia?",chunk_packed_220,chunk_packed_220,0.29994024569804867,0.28407448591341267,0.30399378847453395,0.2960304112455878,0.6666666666666666,204,5,0.0,0.0,211,5,0.0,0.0,211,5,0.0,0.0
5ae65e6a5542996d980e7b1d,In 1943 designer Robert Lutyens joined to board of a company headquartered in what city?,chunk_packed_220,ace_focused_220,0.28838249789978415,0.30443430430117335,0.30176886508415474,0.2680673333889406,0.25,219,4,0.0,0.0,217,4,0.0,0.0,214,4,0.0,0.4
5ac473e4554299204fd21f54,Are Kim Tae-yeon and Laura Stoica of the same nationality?,chunk_packed_220,ace_focused_220,0.38026900861575197,0.3849226148672691,0.3751011673225613,0.3161686295586957,0.6666666666666666,207,5,1.0,1.0,211,5,1.0,1.0,179,5,1.0,1.0
5ab3c48755429969a97a81b8,What cuisine is described as a cultural blending of Mediterranean influences (such as those created by Italian and Spanish populations)?,ace_packed_220,ace_focused_220,0.2374151374630446,0.2871748231256901,0.26174402853069517,0.3800229420429905,0.42857142857142855,211,4,0.0,0.6666666666666666,200,3,0.0,0.0,204,4,0.0,0.6666666666666666
5ae45b6b55429970de88d943,What Lord of the Rings actor starred alongside Paul Hogan in Flipper?,ace_packed_220,ace_focused_220,0.2561736599559922,0.2816561642117992,0.28275893705439087,0.3221271097583227,0.25,216,4,1.0,1.0,215,4,1.0,1.0,196,4,1.0,1.0
5ac286c055429963665199f8,"Grammy winner for song of the year, also put out a 1971 album by the Carpenters, but what song did he win an Academy Award for Best Original Songs?",ace_packed_220,chunk_packed_220,0.26521249797372826,0.2423310619610327,0.2546020334575081,0.29919351239324743,0.42857142857142855,209,3,0.0,0.0,215,5,0.0,0.0,210,3,0.0,0.0
5a7a46605542994f819ef1ad,What year did Roy Rogers and his third wife star in a film directed by Frank McDonald?,chunk_packed_220,ace_focused_220,0.3398341864200659,0.3339055981592641,0.3488095038152116,0.34450248380550164,0.42857142857142855,218,5,0.0,0.0,220,5,0.0,0.0,196,5,0.0,0.0
5a7781c955429949eeb29ea8,What former two-weight world champion is represented by boxing managed Ziggy Rozalski?,ace_focused_220,ace_focused_220,0.25607192638031784,0.33538662773803507,0.3452851466859329,0.29540973201717824,0.25,217,4,0.0,0.0,220,3,0.0,0.0,177,4,0.0,0.0
5a8a575a554299515336136e,"Rynella is an unincorporated community named after the daughters of a conservationist who presided of the maker of a brand of hot sauce made from vinegar, salt and what kind of peppers? ",chunk_packed_220,chunk_packed_220,0.32162678617749374,0.32353903168369613,0.3259420638014664,0.3145651465666618,0.42857142857142855,210,4,1.0,1.0,212,5,0.0,0.5,209,5,0.0,0.5
5ab3a83d5542992ade7c6e08,Faith Goldy got fired after an interview she gave on what production site edited by Andrew Anglin?,chunk_packed_220,chunk_packed_220,0.26831043134872534,0.32293951642043817,0.30843390221141864,0.23066518359679591,0.25,216,4,1.0,1.0,199,5,0.0,0.0,197,4,0.0,0.0
5ae505d355429908b63264e4,Marco de la O stars in the title role of El Chapo which premiered on which network in April 2017?,chunk_packed_220,ace_focused_220,0.346030740086807,0.3486007208706441,0.34796340676432147,0.3610549384075972,0.6666666666666666,209,5,1.0,1.0,217,5,1.0,1.0,201,4,1.0,1.0
5adcc3ed5542994d58a2f6c4,"What group did Carlene LeFevre and Rich LeFevre form in Brooklyn, New York City?",chunk_packed_220,ace_packed_220,0.2366994512940308,0.2537465474704956,0.23628035110062454,0.25871322638391847,0.6666666666666666,208,3,0.0,0.0,200,4,1.0,1.0,205,4,0.0,0.0
5ab7d6ec5542995dae37e9b4,When was the company that owns Bonifacio High Street founded?,ace_packed_220,ace_focused_220,0.2861021516758157,0.31836408801256255,0.31928458592478304,0.3682830143427538,0.25,218,4,0.0,0.0,212,5,0.0,0.0,215,5,1.0,1.0
5a8e08d35542995085b37395,Anna Lewandowska is married to a footballer who plays for what club?,chunk_packed_220,ace_focused_220,0.3000505339677054,0.34743750712880334,0.3228480109111469,0.316532504915915,0.42857142857142855,217,5,1.0,1.0,216,5,1.0,1.0,188,4,1.0,1.0
5a88fa145542997e5c09a6e1,What was the benefit of reintroducing piston power and replacing the most popular turboprop engine in history?,chunk_packed_220,chunk_packed_220,0.29420877480092095,0.2644209620797231,0.27563690383042005,0.2773882494838215,0.42857142857142855,200,5,0.0,0.8571428571428571,199,5,0.0,0.0,199,5,0.0,0.0
5abdc8e755429965af743e3f,"Ist das Ihr Fahrrad Mr O’Brien? is a German biographical radio play about life, works and legacy of an Irish novelist whose many satrical columns were written under what name?",chunk_packed_220,chunk_packed_220,0.42380405719038816,0.4855762873703616,0.4580550792702107,0.3771470236517406,0.42857142857142855,208,4,1.0,1.0,216,5,0.0,0.0,198,5,0.0,0.0
5abd830455429924427fd033,"Love Child is a 1982 biopic starring Beau Bridges, Mackenzie Phillips, and an actress that was nominated for the Academy Award for Best Supporting Actress for what 1985 film? ",chunk_packed_220,ace_focused_220,0.3787589666848359,0.3734810019737679,0.3797415977941999,0.3688305867768575,0.25,219,4,0.0,0.0,219,4,0.0,0.0,220,4,1.0,1.0
5ae16b925542997b2ef7d1e7,What is the hometown of Duck Down Music artist and complex rapper Pharaohe Monch?,ace_packed_220,ace_focused_220,0.26524355696992374,0.2611992480705754,0.2597648089956407,0.31389643213313967,0.6666666666666666,219,4,1.0,1.0,211,3,0.0,0.0,211,5,1.0,1.0
5a8dce155542994ba4e3dd24,"In which branch of the U.S. military did the man who Robert Conrad portrayed in the television series ""Baa Baa Black Sheep"" serve?",ace_packed_220,ace_packed_220,0.27148717506487297,0.2921188885640698,0.27981097594937193,0.32334627973125396,0.6666666666666666,211,4,0.0,0.6666666666666666,213,5,1.0,1.0,215,5,0.0,0.6666666666666666
5a835b88554299123d8c2101,Arnold Richards was the former chair of what organization that is a member of the Center for Jewish History?,ace_packed_220,ace_focused_220,0.29992990760113114,0.30199181473071046,0.31711534702355415,0.4297995540146571,0.6666666666666666,215,4,0.0,0.33333333333333337,218,5,1.0,1.0,187,5,1.0,1.0
5ae54c085542992663a4f1c4,What are some other areas that share a common deer species with the forests of Mara and Mondrem?,chunk_packed_220,chunk_packed_220,0.2908520857450653,0.3172660592461706,0.32936146907583863,0.30566526996250537,0.6666666666666666,220,3,0.0,0.08333333333333334,213,4,0.0,0.0,214,4,0.0,0.0
5a831af855429954d2e2ec1e,Are the 1908 Ex parte Young and 1948 McCollum v. Board of Education United States Supreme Court cases related to each other in any way?,chunk_packed_220,chunk_packed_220,0.3372893985853559,0.3395295881562968,0.34604203477141116,0.30979031212304486,0.25,214,5,0.0,0.0,216,5,0.0,0.0,218,5,0.0,0.0
5a83a7e15542992ef85e2347,Who voices Homer Simpson's character on the animated television series? ,ace_packed_220,chunk_packed_220,0.27088605364878043,0.28669634693485746,0.28666308570763543,0.3292393218866745,0.42857142857142855,216,4,1.0,1.0,212,4,0.0,0.4,201,5,0.0,0.6666666666666666
5a774c0155429966f1a36ce2,"Which women's magazine was published first, Mirabella or Home Monthly?",chunk_packed_220,ace_packed_220,0.37351706905797627,0.36675851298735096,0.3671929045293564,0.3765441825705983,0.42857142857142855,218,5,1.0,1.0,194,5,1.0,1.0,197,5,1.0,1.0
5ae0593855429945ae959333,Matthew Wright was selected with pick #33 in the AFL draft that took place during what date in 2009?,chunk_packed_220,chunk_packed_220,0.3255220769178797,0.3370763055014663,0.33819335181188814,0.33617766687720096,0.6666666666666666,216,4,1.0,1.0,209,4,0.0,0.0,194,3,0.0,0.0
5a7e30b255429934daa2fbeb,"Katrina Ross starred in ""The Singing Nun"" with who as the title role?",chunk_packed_220,chunk_packed_220,0.31371110229809157,0.34964067677736116,0.34827225185300503,0.32650485857071637,0.42857142857142855,204,3,0.0,0.0,211,4,0.0,0.0,216,4,0.0,0.0
5a7503945542996c70cfae76,"Which Lithuanian-Canadian anthropologist, primatologist, conservationist, ethologist, and author was chosen by  Louis Leakey, along with Jane Goodall, Dian Fossey to study hominids in their natural environments?",chunk_packed_220,chunk_packed_220,0.33393111989638646,0.39553571026658685,0.3617222338180461,0.3554565122284189,0.6666666666666666,204,5,0.0,0.6666666666666666,206,5,0.0,0.6666666666666666,206,5,0.0,0.6666666666666666
5ae0aabc55429945ae9593fe,Veljko Čubrilović was involved in the assassination of which heir to the Austro-Hungarian throne?,chunk_packed_220,ace_focused_220,0.3620739428495682,0.36366640650566584,0.35595143706435123,0.36852167289863647,0.42857142857142855,212,5,0.0,0.4444444444444444,202,4,0.0,0.4444444444444444,207,5,0.0,0.5
5ae499d755429970de88d9ca,"Carroll County, for 12 of the 13 counties, were named for which wealthy Maryland planter?",chunk_packed_220,ace_packed_220,0.3024501378616318,0.3053707294957533,0.2976891496414307,0.29653491957696354,0.6666666666666666,212,4,1.0,1.0,204,4,1.0,1.0,214,4,1.0,1.0
5a7ab1e955429931da12c95d,Where are the main administrative offices of the institute located where K. S. Babu earned his PhD in 1986?,chunk_packed_220,ace_focused_220,0.3266447024389487,0.3238969275671251,0.33989226920088045,0.26490313903260815,0.42857142857142855,219,5,0.0,0.0,220,5,0.0,0.0,217,5,0.0,0.0
5ac39844554299741d48a2ac,"Which mountain is higher, Nanda Devi or Broad Peak?",ace_packed_220,chunk_packed_220,0.25442090549288676,0.26432763865599773,0.26199010405314066,0.30692233598638197,1.0,211,4,1.0,1.0,219,4,0.0,0.0,220,4,0.0,0.0
5add23d05542994734353871,What is the primary duty of the Austrian Pinscher and the Maremma Sheepdog?,ace_packed_220,ace_focused_220,0.2586370661490033,0.25877071563552834,0.25386180886212556,0.3187476539251163,0.6666666666666666,217,4,0.0,0.0,201,4,0.0,0.0,193,3,0.0,0.0
5a8ff6635542995651fb5086,Who currently has more store locations? Bearno's or Patxi's Chicago Pizza?,chunk_packed_220,chunk_packed_220,0.31478060216382964,0.3224748132106279,0.3198234709883051,0.3136888472101891,0.6666666666666666,212,5,0.0,0.6666666666666666,198,5,0.0,0.0,215,4,0.0,0.0
5a8f51185542992414482a3d,The primary jockey of Binocular was Champion Jockey how many consecutive times?,ace_packed_220,ace_focused_220,0.2497344427418311,0.24876261666489857,0.2455531354079691,0.3099460469922325,0.25,219,5,0.0,0.0,217,5,0.0,0.0,205,5,0.0,0.0
5abdb5b455429965af743dfa,"Who was the another star in the television series Ma Boy who worked with the South Korean actress who began her career as a child actress in 2006 and initially gained public attention for ""Moon Embracing the Sun"" (2012)?",ace_packed_220,ace_focused_220,0.3168227648799784,0.3055055018788711,0.3241742746387698,0.38744374902108114,0.6666666666666666,216,4,1.0,1.0,208,4,1.0,1.0,205,4,1.0,1.0
5a8cd6de55429941ae14df07,Charlotte Hatherley initially came to prominence in a band formed in what year?,chunk_packed_220,ace_focused_220,0.27425972639716656,0.3273859196725457,0.293710082055864,0.2731153029260538,0.42857142857142855,207,3,0.0,0.0,215,4,0.0,0.0,198,4,0.0,0.0
5a81ebee554299676cceb16d,What kind of movie directed by F. Javier gutierrez did an Italian model and actress star in?,ace_packed_220,chunk_packed_220,0.21864824686463902,0.2406195328875886,0.26270989863496885,0.25126595494358916,0.42857142857142855,215,5,0.0,0.0,215,5,0.0,0.0,216,5,0.0,0.0
5adea2435542992fa25da7e4,"A small regional passenger airline from Killeen, Texas moved its operations from a city owned public airport 6 miles northwest of Downtown Dallas to what airport?",ace_packed_220,ace_packed_220,0.292003889612673,0.3131611991841303,0.3039015459160538,0.33636710154617344,0.6666666666666666,199,4,0.0,0.28571428571428575,191,4,0.0,0.28571428571428575,200,4,0.0,0.0
5ab2d61155429916697740ff,"What kind of creative artist was Howell Conant, famed for his work with Grace Kelly?",chunk_packed_220,ace_packed_220,0.3135227511304849,0.3627021856182563,0.34176317843640924,0.2943043369870888,0.42857142857142855,194,5,0.0,0.6666666666666666,189,5,0.0,0.6666666666666666,189,5,0.0,0.6666666666666666
5ae141475542997b2ef7d185,I Like 'em Big and Stupid was a single whose B-side was played on the show of the record collector specializing in what type of music?,chunk_packed_220,chunk_packed_220,0.32309658648811335,0.3057931879399546,0.3222384568427178,0.35199441691655664,0.42857142857142855,213,4,1.0,1.0,217,4,1.0,1.0,219,5,1.0,1.0
5a77d25555429949eeb29f6c,Which 2017 American 3D film was written by Cinco Paul and Ken Daurio?,ace_packed_220,ace_packed_220,0.36046092059962576,0.2901942247792768,0.36939698033592105,0.4428244778643353,0.6666666666666666,218,4,0.0,0.0,199,4,0.0,0.0,209,5,0.0,0.0
5adc99cf554299438c868e0d,What is the middle name of the singer who recorded Would You Like to Take a Walk? with Louis Armstrong in 1951,ace_packed_220,ace_focused_220,0.3237786812634983,0.34092290314045115,0.3358026151109167,0.3601874502808284,0.42857142857142855,214,5,0.0,0.0,206,5,0.0,0.0,205,4,0.0,0.0
5a7a650355429941d65f2615,"Who was born first, Lecrae Devaughn Moore or Gawvi?",ace_packed_220,ace_packed_220,0.22098494897768636,0.2263543077931084,0.22453114647723355,0.3426062806532706,0.6666666666666666,220,4,0.0,0.0,192,4,1.0,1.0,196,4,1.0,1.0
5a8b3c0055429949d91db4f8,IS Paul Sloane noted for directing more musicals than  Jacques Demy,ace_packed_220,ace_packed_220,0.22960595765986969,0.2415559258477198,0.25905033954472967,0.2781254402155263,0.42857142857142855,220,4,0.0,0.0,204,4,0.0,0.0,207,5,0.0,0.0
5a8fc3b155429933b8a20454,In recent decades American schools have included much more on ncient times tens of thousands of years ago with the settlement of the Americas by who?,ace_packed_220,ace_packed_220,0.3152447036796112,0.34156781279388165,0.32810920305496627,0.3709420026153297,0.6666666666666666,217,4,1.0,1.0,193,3,1.0,1.0,206,3,1.0,1.0
5a7f354b5542992e7d278c8c,What is the name of the band that had a song featured in the second installment of a 2005 horror film starring Donnie Wahlberg?,chunk_packed_220,ace_packed_220,0.2765275016608407,0.27492302810828784,0.2821849960910931,0.2720525553600373,0.42857142857142855,211,4,1.0,1.0,202,4,1.0,1.0,211,5,0.0,0.0
5a7da3a95542990b8f5039e6,What position did the former Major League Baseball player play who worked on the same broadcast team as Kim Kelch?,chunk_packed_220,chunk_packed_220,0.2479744112879882,0.24766325628863298,0.23655757738587319,0.2514606374390185,1.0,217,4,1.0,1.0,200,5,0.0,0.5,200,5,0.0,0.0
5a7d2c8d5542995ed0d16624,"Who is older, Steven Tyler, or Elizabeth Fraser?",ace_packed_220,ace_packed_220,0.2611016155501724,0.2615133322543641,0.2590445423582746,0.32799642558833536,0.42857142857142855,218,4,1.0,1.0,191,4,1.0,1.0,208,5,1.0,1.0
5a90605d5542995651fb514d,What are the names of the members of the Detroit-based hip hop duo who has worked with Jason Gilbert?,chunk_packed_220,ace_packed_220,0.2416355695108362,0.23935812271581658,0.22299468803885253,0.27023532851318394,1.0,215,4,0.0,0.0,219,5,0.0,0.7272727272727273,219,5,0.0,0.25
5a8f43555542992414482a21,This film is an adaption of a Jacques Offenbach's opera that was written by a Hungarian British screenwriter?,chunk_packed_220,chunk_packed_220,0.30135982568676223,0.3139591070544736,0.3104202307094185,0.30320411967058225,0.25,195,4,0.0,0.0,211,4,0.0,0.0,213,4,0.0,0.0
5ae48a2b55429913cc204494,"Which singer is in the duo Sugarland, Jennifer Nettles or Roger Taylor?",ace_packed_220,chunk_packed_220,0.2729099861589911,0.27552705238264785,0.27656155914004066,0.31321947175347187,0.6666666666666666,199,4,1.0,1.0,212,5,1.0,1.0,212,5,1.0,1.0
5a7e689f55429934daa2fc1c,Daddy was an American Pit Bull who was integral to the work of what Mexican-American dog behaviorist with over 25 years of canine experience?,chunk_packed_220,ace_packed_220,0.29892829331625265,0.28477039476461835,0.2879255912302221,0.32674756113025494,1.0,211,4,1.0,1.0,197,5,1.0,1.0,197,5,1.0,1.0
5ab467975542991751b4d75f,"When was the duo formed who's English language song is the ""Freaky Like Me""?",ace_packed_220,ace_packed_220,0.2920221584269378,0.3150786799297637,0.320973808086809,0.3853381417100431,0.25,220,5,0.0,0.0,194,5,1.0,1.0,219,5,1.0,1.0
5a775f8a5542994aec3b72ba,"Who is the American singer-songwriter, who won an award for Best Female Video at the 2009 MTV Video Music Awards, and wrote a song for the 'AT&T Team USA Soundtrack'?",ace_packed_220,ace_packed_220,0.25249404670043185,0.33566121052979914,0.32747237958295244,0.3235889560937434,0.25,217,4,0.0,0.0,195,4,0.0,0.0,220,3,0.0,0.0
5addf3d65542990dbb2f7f0e,Are Ballota and Myosotis both evergreens?,ace_packed_220,ace_focused_220,0.22493283915831716,0.24266908178102276,0.23387960119602696,0.27011989153487354,0.6666666666666666,220,5,0.0,0.0,217,5,0.0,0.0,195,5,0.0,0.0
5a75321555429916b0164290,What is the title of the person who is Head of the Department of Biological Sciences at the University of Lincoln,ace_packed_220,ace_focused_220,0.21359705513750882,0.2162152188795583,0.21462223258847563,0.3192365999904936,0.25,220,3,0.0,0.0,216,4,0.0,0.0,215,4,0.0,0.0
5ae385df5542992f92d82305,"Who was a pianist, Maro Ajemian or Richard C. Sarafian?",ace_packed_220,ace_focused_220,0.2929357313745822,0.3056679043895728,0.3383025316869007,0.3354464526271022,0.42857142857142855,216,5,1.0,1.0,219,5,1.0,1.0,215,4,1.0,1.0
5a84973e5542992a431d1a67,Stockely Webster has paintings hanging in what home (that serves as the residence for the Mayor of New York)?,chunk_packed_220,ace_focused_220,0.27989736082035443,0.2964759197741774,0.2699981851131573,0.2747414728308725,0.42857142857142855,220,4,1.0,1.0,220,4,1.0,1.0,196,4,1.0,1.0
5ab90d8955429916710eb0f1,Jalen Jones plays basketball for an NBA team that plays their home games in what arena?,chunk_packed_220,chunk_packed_220,0.2969567904962589,0.2932858183963344,0.30053562572564607,0.2939985365351181,0.42857142857142855,213,4,1.0,1.0,202,4,0.0,0.4,207,5,0.0,0.4
5ade9c2155429939a52fe8fe,The Walkley Heights suburb is located on land that was the home of a prison built in what year?,chunk_packed_220,chunk_packed_220,0.295737925880754,0.3137840567481994,0.31552711472234546,0.3155092287088498,0.42857142857142855,211,4,1.0,1.0,219,5,1.0,1.0,220,5,1.0,1.0
5a8661535542994775f60758,What schools of thought are drawn from in the academic discipline of Hafiz Rashid Khan?,ace_packed_220,ace_packed_220,0.25673696127491724,0.2540434693419313,0.2585588837982096,0.30171858364816134,0.42857142857142855,212,4,0.0,0.0,202,5,0.0,0.0,210,5,0.0,0.0
5ae1e11c554299234fd04335,Both Neijiang and Weifang and considered what type of city?,chunk_packed_220,chunk_packed_220,0.27664781026079877,0.2425904650880145,0.23208203757064122,0.2842648751868714,0.6666666666666666,210,5,0.0,0.0,216,5,0.0,0.0,216,5,0.0,0.0
5a8eb4d65542990e94052b82,"Jacques Mathou starred in Delicatessen, the 1991 French movie in the style of which celebrated American animator?",chunk_packed_220,chunk_packed_220,0.2983098612214021,0.3182230691853964,0.314232491125921,0.2984637362270607,0.42857142857142855,198,4,1.0,1.0,215,5,1.0,1.0,206,5,0.0,0.0
5a8133725542995ce29dcbdb,"Which writer was from England, Henry Roth or Robert Erskine Childers?",ace_packed_220,chunk_packed_220,0.3070758119240685,0.27361002621737496,0.3034984833936345,0.3470065605475018,0.6666666666666666,211,5,0.0,0.8571428571428571,215,5,0.0,0.8571428571428571,217,5,0.0,0.8571428571428571
5a76cb9b55429966f1a36bf2,"After David Stern retired from being commissioner of the NBA, this american lawyer and businessman succeed him and is now the current commissioner who is he?",chunk_packed_220,ace_focused_220,0.3394924442383044,0.3390006554855928,0.3404966230282529,0.332671719798434,0.42857142857142855,217,5,1.0,1.0,215,4,1.0,1.0,200,5,1.0,1.0
5a80ad205542992bc0c4a79d,Who preceded the man who had the Nassak Diamond cut and placed into the handle of his sword?,chunk_packed_220,chunk_packed_220,0.2554090997151263,0.28287780084304376,0.273743681297025,0.27987360238011294,0.25,202,4,0.0,0.0,212,4,0.0,0.0,211,4,0.0,0.0
5ae524415542992663a4f121,In what city did the 23rd overall pick of the 2015 NHL Entry Draft helped the United States national junior team win a bronze medal?,chunk_packed_220,chunk_packed_220,0.3139344249828092,0.3107587177661097,0.29798557578839363,0.2899913087726087,0.42857142857142855,205,4,0.0,0.0,220,4,0.0,0.0,213,3,0.0,0.0
5abb2e6855429966062416df,Owney was a stray terrier adopted as the first unofficial postal mascot by a post office that is roughly how many miles north of New York City?,ace_packed_220,ace_focused_220,0.33107998907875924,0.368769875858073,0.35400754030821635,0.4199159065163577,0.6666666666666666,218,4,0.0,0.0,218,4,0.0,0.0,206,4,0.0,0.0
5a801e68554299485f59856f,What's the name of the differential equation that was developed by the German physicist who was the doctoral advisor to another German Physicist who identified the Stark effect?,chunk_packed_220,ace_focused_220,0.2673627538117334,0.2909572657088456,0.2848264290186909,0.2580549155499496,0.42857142857142855,209,4,1.0,1.0,216,4,1.0,1.0,208,4,1.0,1.0
5ae5064e5542993aec5ec113,"Who won more awards, Frank Sinatra or Nivek Ogre?",ace_packed_220,ace_focused_220,0.21898548783544744,0.2454310107240783,0.24398144246968373,0.313836239263242,0.42857142857142855,220,3,0.0,0.0,219,4,0.0,0.0,194,5,0.0,0.0
5a83c2e25542996488c2e4bc,The 2014 Baylor Bears football games were played at the stadium whose name was changed during what month?,ace_packed_220,chunk_packed_220,0.2979244285611752,0.2957821184739266,0.29880246996825666,0.3401071787686465,1.0,207,4,0.0,0.0,215,5,0.0,0.0,213,4,0.0,0.0
5ab5d43f5542997d4ad1f1f6,The musical composer of Manru was a spokesman for what country's independence?,chunk_packed_220,ace_focused_220,0.28166008800647946,0.3281651883568526,0.32036649800712963,0.2946562679271691,0.42857142857142855,217,5,0.0,0.0,215,5,0.0,0.0,206,4,0.0,0.0
5a79cabc5542994f819ef0a1,Who was the final champion of the Thailand Masters that was from Hong Kong?,ace_packed_220,ace_packed_220,0.28050603955066195,0.29242728071807755,0.291096239875057,0.32171554520503276,0.25,207,4,1.0,1.0,204,5,1.0,1.0,217,4,1.0,1.0
5a7bae775542995eb53be995,"Who was born first, Mary Collins or Polly Draper?",chunk_packed_220,chunk_packed_220,0.282250302603716,0.2849122752627231,0.2927175576901809,0.3058702240082124,0.42857142857142855,190,4,1.0,1.0,216,4,1.0,1.0,195,4,1.0,1.0
5a7571095542992d0ec05f97,"Which ""Mirrors"" actress made her film debut in the 2005 comedy film ""Hitch""?",ace_packed_220,chunk_packed_220,0.28975480722028035,0.27787106261325545,0.28837071514850965,0.35295144900379527,0.6666666666666666,189,3,1.0,1.0,201,4,0.0,0.0,217,4,0.0,0.0
5a8ed10b5542995085b374a0,Olivia DeJonge starred in an American horror film directed by Shyamalan called what,chunk_packed_220,ace_focused_220,0.30973086737379174,0.33375316057391957,0.3359435115413131,0.26239413471314477,0.25,215,4,0.0,0.0,218,4,1.0,1.0,211,4,1.0,1.0
5a84a97f5542992a431d1a87,Which British engineering company is best known for its luxury motor cars in the era of British history that covers the brief reign of King Edward VII?,chunk_packed_220,ace_focused_220,0.36256173786273027,0.34244532361618985,0.3510250380429225,0.329918338737248,0.42857142857142855,217,4,0.0,0.8571428571428571,213,4,0.0,0.8571428571428571,190,4,0.0,0.8571428571428571
5a8a77fd55429930ff3c0de3,Who has more victories Chelsea or Manchester United?,ace_packed_220,ace_packed_220,0.19265904521729527,0.1874879509638383,0.1868883205083229,0.28071358673046953,0.42857142857142855,219,3,0.0,0.0,213,4,0.0,0.0,219,4,0.0,0.0
5ae0a48155429945ae9593df,"The pseudonymous partner to ""Willis the Guard"" in the American musical duo of Jerry Buckner and Gary Garcia is noun which refers to which portion of a bet?",ace_packed_220,chunk_packed_220,0.2584228037980143,0.3049158566189661,0.31674601789572376,0.32554045696986544,0.25,202,3,0.0,0.0,212,4,0.0,0.0,217,4,0.0,0.0
5a89f5815542993b751ca9c5,In which role did Caroline Carver played in a 1999 Hallmark Entertainment made-for-TV fantasy movie?,ace_packed_220,chunk_packed_220,0.2446741039389064,0.2921950348309942,0.2777509242967524,0.36417595789260726,0.42857142857142855,216,4,1.0,1.0,220,5,1.0,1.0,217,4,1.0,1.0
5a7184675542994082a3e864,What is the manufacturer of the car used by the Ford CD2 platform's design inspiration?,chunk_packed_220,chunk_packed_220,0.31206924270538494,0.31802626676270684,0.3167655341002974,0.3099851064336546,0.6666666666666666,197,3,1.0,1.0,201,3,1.0,1.0,212,4,0.0,0.0
5abe3f3455429976d4830aa8,"What company started the urban complex development that included the highrise building, The Harmon?",ace_packed_220,ace_packed_220,0.2486049998374505,0.25031025694446196,0.2716231609369143,0.33394773761696217,0.1111111111111111,218,4,0.0,0.0,206,4,0.0,0.0,208,4,0.0,0.0
5abd13b655429924427fceea," Which singer, who released his debut solo album in 2012, served as producer for the EP Live at the Third Man by White Denim in 2011?",chunk_packed_220,ace_packed_220,0.3633869732461628,0.38098816917770206,0.37890113861758057,0.38921081312294264,0.42857142857142855,214,5,0.0,0.0,202,4,1.0,1.0,203,5,1.0,1.0
5ae4d9985542990ba0bbb175,Were Logan Leistikow and Guru Dutt alive at the same time?,ace_packed_220,ace_focused_220,0.24699888842421752,0.24694805542485962,0.2543632567085286,0.3220915766913581,0.6666666666666666,206,4,0.0,0.0,211,5,0.0,0.0,204,5,0.0,0.0
5a8759395542994775f607e0,Who is older between the brothers that J. Todd Anderson has primarily worked with?,ace_packed_220,ace_focused_220,0.2949984132443363,0.32691892325679417,0.3224079994690649,0.388947563431045,0.42857142857142855,211,5,0.0,0.0,216,5,0.0,0.0,199,5,0.0,0.0
5a7a8d2355429941d65f26a1,Zacarías Ferreira is the uncle of a professional basketball player who played college basketball for who?,chunk_packed_220,chunk_packed_220,0.3660397421392094,0.36507667072261357,0.3734349462900183,0.3235127745242605,0.42857142857142855,208,4,1.0,1.0,210,5,1.0,1.0,200,5,0.0,0.4
5ae0aefe554299603e418437,Which Turkish leisure airline started operations under its own AOC in April 2011?,chunk_packed_220,ace_focused_220,0.24280516513492745,0.26692653081053436,0.25873185908785346,0.2524440363533863,0.6666666666666666,216,4,1.0,1.0,199,5,1.0,1.0,192,5,1.0,1.0
5a8f55f9554299458435d5bd,What profession did Willi Forst and Elmer Clifton share?,ace_packed_220,ace_packed_220,0.26053072064839833,0.1870548368035836,0.255755043311195,0.309352024573339,0.42857142857142855,199,4,0.0,0.0,220,5,1.0,1.0,220,5,0.0,0.0
5abd332e5542993062266bdd,what season of shark tank did Roominate get invsetments,ace_packed_220,chunk_packed_220,0.25193495452746933,0.26272097625420937,0.26962280864414867,0.3092617152794867,0.1111111111111111,207,4,0.0,0.2857142857142857,214,5,0.0,0.0,214,5,0.0,0.0
5ae12f16554299422ee9961f,Who directed the film that Mads Mikkelsen won the award for Best Actor for his performance in at the 58th Bodil Awards?,ace_packed_220,chunk_packed_220,0.30102712378802926,0.34204021942009166,0.32171754345314685,0.4394820341775326,0.42857142857142855,217,4,0.0,0.0,220,5,0.0,0.0,218,5,0.0,0.0
5ae267a35542992decbdccee,Inductivism was a scientific method attributed to a man that served in what two capacities?,ace_packed_220,ace_packed_220,0.23508650997053923,0.2804140866749262,0.28014846613916045,0.27520695962234176,0.6666666666666666,219,4,0.0,0.7692307692307693,204,4,0.0,0.7692307692307693,204,4,0.0,0.6666666666666666
5ac3dc9e5542997ea680c950,"Maria Radu is best known for winning the 3000 meters at which Edmonton, Alberta, sporting event? ",chunk_packed_220,ace_focused_220,0.3273538153313432,0.3455899158420003,0.34421209370015826,0.3154183753122477,0.25,219,5,1.0,1.0,203,4,1.0,1.0,195,5,1.0,1.0
5a88bd1d554299206df2b357,"When did the character on Grey's Anatomy, played by the same actor who portrayed Rev James Lawson in ""Lee Daniel's The Butler"", debut?",chunk_packed_220,ace_focused_220,0.2576305039732878,0.2737579957485957,0.2624275154024864,0.25628882069325576,0.42857142857142855,204,5,0.0,0.0,211,5,0.0,0.0,192,5,0.0,0.0
5a83972f5542996488c2e46d,Roy Holder appeared in a 1967 film which was based on a play of the same name written by who?,ace_packed_220,chunk_packed_220,0.34316375846462716,0.31988909732625725,0.34134801213990973,0.37783882707315036,0.6666666666666666,195,4,1.0,1.0,181,3,0.0,0.0,205,4,1.0,1.0
5aba52e655429939ce03dc94,This term about a playwright who lived from 1564-1616 presented what about his works? ,chunk_packed_220,chunk_packed_220,0.21958800370543446,0.21763129885445104,0.21955512207869732,0.21772088217890778,0.6666666666666666,181,5,0.0,0.16666666666666666,192,5,0.0,0.0,217,5,0.0,0.16666666666666666
5a8dacf2554299068b959d91,"Which year did the band, who released ""Hooligan's Holiday,"" retire?",chunk_packed_220,ace_packed_220,0.28589496874719955,0.30777189067867405,0.3058532059716699,0.3095235285348785,0.42857142857142855,208,4,0.0,0.0,195,4,0.0,0.0,195,4,0.0,0.0
5ae5feaf5542996de7b71ac6,Paul Keenan composes works from Anglo-Saxon texts such as the codex donated to the library of Exeter Cathedral by whom?,ace_packed_220,ace_packed_220,0.2611717498868854,0.289619039904804,0.26855782557250624,0.3088892316684013,0.6666666666666666,213,5,0.0,0.0,188,4,1.0,1.0,190,4,1.0,1.0
5ae3d0bb5542990afbd1e1e5,"are Dee Dee Ramone and Alex Band both singers, songwriters and musicians?",ace_packed_220,ace_focused_220,0.26142715201786304,0.2513029043982967,0.2535532443313403,0.29869050219519633,0.25,220,4,0.0,0.0,202,5,0.0,0.0,188,5,0.0,0.0
5abc0a5d5542993f40c73c64,Are Freakonomics and In the Realm of the Hackers both American documentaries?,chunk_packed_220,ace_packed_220,0.3242839032865585,0.3241451198578538,0.31969529826549276,0.34862650026946607,0.6666666666666666,220,4,1.0,1.0,202,5,1.0,1.0,203,4,1.0,1.0
5ae328df55429928c423963c,"Dorothy Sarnoff's personal client list included what AMerican novelist, who has sold over 800 million copies of her books?",chunk_packed_220,chunk_packed_220,0.266829095177726,0.25684208456290747,0.26325612062499903,0.28796798910877197,0.42857142857142855,212,4,1.0,1.0,216,5,0.0,0.3333333333333333,220,5,1.0,1.0
5ade64c7554299728e26c710,Is Northeast Florida Regional Airport farther from St. Augustine than Glacier Park International Airport is to Kalispell?,ace_packed_220,chunk_packed_220,0.3004545577052862,0.30843527978088947,0.3034067042561116,0.34243851950107085,0.6666666666666666,213,4,0.0,0.0,220,4,0.0,0.0,217,4,0.0,0.0
5a7615fb5542992db9473727,Was the famous opera comique that was based on a Prosper Merimee novella a comedy or a tragedy? ,ace_packed_220,ace_packed_220,0.24576297180028173,0.2567089842989438,0.2420476780349033,0.2768230793503809,0.42857142857142855,220,4,0.0,0.19999999999999998,191,3,0.0,0.19999999999999998,220,5,0.0,0.19999999999999998
5a877fa45542993e715abf84,What actor born in 1951 starred in Aaj Ka Robin Hood?,ace_packed_220,chunk_packed_220,0.33517127046781536,0.36329905633437587,0.3557490389026692,0.4462992318939254,0.42857142857142855,200,3,1.0,1.0,214,4,0.0,0.0,212,4,0.0,0.0
5a8b67b655429950cd6afcde,Who is the controlling shareholder of the world's fourth-largest tyre manufacturer?,ace_packed_220,ace_packed_220,0.22837895311984932,0.2254439363821036,0.2443851284541034,0.46590397854986876,1.0,219,4,0.0,0.0,218,4,0.0,0.0,219,4,0.0,0.0
5a8f97305542997ba9cb32e3,Ben Stein had a part in the 1994 superhero fantasy film directed by whom?,ace_packed_220,ace_packed_220,0.26975212566190226,0.29579003460151226,0.2924328975811089,0.30298573813934226,0.25,218,3,1.0,1.0,205,3,1.0,1.0,216,3,1.0,1.0
5a77c6e05542995d831812c7,What is the name of the Minahasa journalist and novelist who was active in the colonies incorporated into the Dutch government in 1800?,chunk_packed_220,ace_focused_220,0.2933406417789346,0.2983525541732932,0.2966907310940641,0.31751632228708204,0.42857142857142855,211,5,0.0,0.6666666666666666,215,4,0.0,0.6666666666666666,193,4,0.0,0.6666666666666666
5ac2bcf55542990b17b1546e,"In 2009 the OCA announced major changes to it event lists, and in what city did this multi-sport event take place?",ace_packed_220,ace_focused_220,0.2475556518376427,0.25665172105298517,0.2536549923265169,0.31522904014911723,0.42857142857142855,213,3,0.0,0.0,213,3,0.0,0.0,191,4,0.0,0.0
5a8fd9ac5542990a98493570,"Which feature film was released earlier, One Magic Christmas or Muppet Treasure Island?",ace_packed_220,ace_packed_220,0.281419698602196,0.2962100983892516,0.3041529716283313,0.31714913325271055,0.42857142857142855,207,5,1.0,1.0,194,4,1.0,1.0,200,5,1.0,1.0
5ac0223f5542992a796dec9f,What series did William Hopke play in for the Detroit Tigers which were founded in 1901?,ace_packed_220,ace_focused_220,0.2614329463057764,0.2750119094429242,0.2703977483239576,0.30235191697126385,0.6666666666666666,208,3,0.0,0.9090909090909091,219,5,0.0,0.9090909090909091,202,4,0.0,0.9090909090909091
5ae32e1a55429928c423964e,"Which is a beauty magazine, Allure or Claudia?",ace_packed_220,chunk_packed_220,0.3271651259017368,0.3242123446821238,0.32141363919012583,0.36759996498824166,1.0,204,5,1.0,1.0,219,5,1.0,1.0,215,5,1.0,1.0
5ae358c05542990afbd1e10f,Who sparked the 972 unrest in Lithuanian SSR?,ace_packed_220,ace_packed_220,0.2752677354854127,0.29297311733463144,0.28791892932451046,0.31362333480831484,0.42857142857142855,205,3,1.0,1.0,200,4,1.0,1.0,215,4,1.0,1.0
5aba92da55429901930fa840,When did Gemma Ortega's Holocaust novel translation first receive best selling book of the year in Spain?,ace_packed_220,ace_focused_220,0.2547767136949882,0.29183886204206727,0.2777545411016247,0.28538680449396503,0.6666666666666666,194,3,0.0,0.0,194,3,0.0,0.5,219,4,1.0,1.0
5a82fe5055429966c78a6ad3,"The Company They Keep is a book written by Diana Pavlac Glyer, who is a professor at a university in Azusa, California, that was founded in 1899, and is under the auspices of what religion?",chunk_packed_220,ace_packed_220,0.3213584113327949,0.3569198968853315,0.34494840797002035,0.34550275328360175,0.42857142857142855,220,4,0.0,0.0,220,5,0.0,0.6666666666666666,218,4,0.0,0.0
5a8466a75542993344746108,What is the name of the so-called reform opera for Vienna that came before the one first performed in Vienna in the presence of Empress Maria Theresa?,ace_packed_220,chunk_packed_220,0.24856569822215188,0.26220249240483884,0.24954122945975404,0.3264480432193533,0.42857142857142855,213,4,0.0,0.0,219,4,0.0,0.0,213,5,0.0,0.0
5abbaf6c554299660624171c,What was the profession of Cate Shortland and Sidney Franklin?,chunk_packed_220,chunk_packed_220,0.29688428349457285,0.2951118301073862,0.28838045858039774,0.31707911966764485,0.6666666666666666,218,5,0.0,0.28571428571428575,219,5,0.0,0.28571428571428575,219,5,0.0,0.28571428571428575
5adfc50355429942ec259b43,Where was the sports complex at which Will Brodie made his debut in the thirty-five point loss against Melbourne located?,ace_packed_220,chunk_packed_220,0.3071426104709303,0.3305789134318352,0.3293762947984099,0.3681689296005167,0.42857142857142855,199,4,0.0,0.6666666666666666,220,4,0.0,0.6666666666666666,211,3,0.0,0.6666666666666666
5a84f4c75542997175ce1f31,Which Italian composer was known for his long-flowing melodic lines and was included in the repertoire of Maria Callas?,chunk_packed_220,chunk_packed_220,0.33924220772803804,0.3559216583041994,0.3688921340444302,0.34812318293367994,0.42857142857142855,211,5,0.0,0.33333333333333337,216,5,0.0,0.33333333333333337,220,5,0.0,0.33333333333333337
5a7c76275542990527d554b4,Which film was released first out of The Hunchback of Notre Dame and Miracle of the White Stallions?,ace_packed_220,ace_packed_220,0.3345484570837239,0.35343137344291153,0.33818074824445643,0.36581265695270404,0.6666666666666666,216,4,1.0,1.0,209,5,1.0,1.0,209,5,1.0,1.0
5ab2a308554299340b52553b,What is the nationality of the author of Fifty Shades Freed?,ace_packed_220,ace_focused_220,0.3105409380440104,0.3134750811491108,0.31330446685957525,0.40397348992760995,0.6666666666666666,218,5,0.0,0.0,220,5,0.0,0.0,211,5,0.0,0.0
5a8f03855542997ba9cb3186,The Collection at RiverPark is anchored by Target and an American supermarket chain that features foods without what type of fat?,chunk_packed_220,ace_focused_220,0.3078453372142391,0.33474534097622266,0.3215383488844302,0.3313510067796529,0.6666666666666666,217,5,0.0,0.6666666666666666,220,5,0.0,0.6666666666666666,215,5,0.0,0.6666666666666666
5ac3a049554299741d48a2ba,"Philadelphia, Here I come! is a 1964 play by an Irish dramatist who has been likened to an Irish Checkhov?",chunk_packed_220,ace_focused_220,0.38121612479051725,0.4180103033818947,0.4060063080946471,0.3692757115221984,0.42857142857142855,216,4,0.0,0.8,210,5,0.0,0.8,194,5,0.0,0.8
5ab84c6955429916710eb021,What genre of composers were both Claudio Monteverdi and Georges Bizet? ,ace_packed_220,ace_focused_220,0.2522272500800677,0.243915698471887,0.24555811583232823,0.28314759810540696,0.6666666666666666,214,4,0.0,0.0,217,4,0.0,0.0,212,4,0.0,0.0
5ac3e5de554299204fd21ebc,"How many records did the boy band who released ""Said and Done"" sell worldwide as of 2013?",chunk_packed_220,ace_focused_220,0.355966905560274,0.38675942650418826,0.38056755455949265,0.3219133503914318,0.42857142857142855,219,5,0.0,0.0,216,5,0.0,0.5,220,5,1.0,1.0
5adfa22655429942ec259ac4,"How many total staff (including part-time, flexible, and fixed contract staff) does the broadcaster, who released HyperNormalisation, employ?",ace_packed_220,ace_packed_220,0.25820443543979676,0.31773083895657095,0.2983732120189999,0.32147570178689755,0.25,211,4,1.0,1.0,191,4,1.0,1.0,198,3,1.0,1.0
5a7b3f4d5542992d025e67bb,"Which songwriting duo composed music for ""La La Land"", and created lyrics for ""A Christmas Story: The Musical""? ",chunk_packed_220,chunk_packed_220,0.2551328146294317,0.3247251430950492,0.323678330050744,0.2612267724759032,0.25,220,4,0.0,0.5714285714285715,195,5,0.0,0.0,204,4,0.0,0.0
5add64065542995b365fab25,What do Lavinia Greenlaw and Nâzım Hikmet have in common?,chunk_packed_220,chunk_packed_220,0.3225066807767053,0.3135826166116836,0.330723659367829,0.32916122851783924,1.0,214,5,0.0,0.0,214,5,0.0,0.0,214,5,0.0,0.0
5ab7f0995542995dae37e9fb,Are Portuguese Podengo and Russo-European Laika the same breed of dog?,ace_packed_220,ace_focused_220,0.29468469557818433,0.31244301343279685,0.3014753418464432,0.3564103998609377,0.6666666666666666,213,5,1.0,1.0,218,5,0.0,0.0,209,4,1.0,1.0
5abf42f75542993fe9a41dee,which plant has the highest specie  Panicum or Populus ,chunk_packed_220,ace_packed_220,0.21756785436366471,0.2394489134161325,0.23692381427526873,0.24185794254559545,1.0,206,5,0.0,0.0,212,5,1.0,1.0,197,5,0.0,0.0
5adc57325542996e6852531b," ""Quando m'en vo' "" is a soprano from an Opera composed by who ?",chunk_packed_220,ace_packed_220,0.29250831940415484,0.33847747728775623,0.3369514500002848,0.3207367846888617,0.25,211,5,0.0,0.6666666666666666,218,5,1.0,1.0,218,5,1.0,1.0
5a819e2755429903bc27b988,Nguyễn Văn Trỗi tried to assassinate a future ambassador from which US state ?,chunk_packed_220,ace_focused_220,0.34362825337167957,0.3206677788920018,0.3480248681364178,0.32775236371004063,0.42857142857142855,211,4,1.0,1.0,209,5,0.0,0.0,210,4,1.0,1.0
5ae28058554299495565da90,"In what year was the fantasy and science fiction author of the short story ""Recovery"" born?",ace_packed_220,chunk_packed_220,0.273313261147788,0.31716458187668495,0.30649381563966027,0.3339495680999635,0.25,220,4,1.0,1.0,220,5,0.0,0.0,200,5,0.0,0.0
5a80752b5542992bc0c4a720,"What was the air date of ""The Simpsons"" episode written by Matt Selman which parodied the VH1 series ""Behind the Music""?",ace_packed_220,ace_focused_220,0.2501616340675556,0.25530138830543553,0.249798930589616,0.32115822098593644,0.6666666666666666,217,4,1.0,1.0,218,5,1.0,1.0,214,5,1.0,1.0
5ac0e0c75542997d64295a6e,Reggaetón Lento is a song by the boy band formed on which date?,ace_packed_220,chunk_packed_220,0.2782735505213908,0.2839179004485534,0.28285943407989955,0.43497045718611715,0.6666666666666666,205,4,1.0,1.0,206,5,0.0,0.0,215,4,1.0,1.0
5ab52cb2554299637185c4f1,In what city did Nancy Winstel coach women's collegiate basketball?,chunk_packed_220,chunk_packed_220,0.325177297981077,0.34408318489974277,0.3437853001454948,0.31160140696362715,0.42857142857142855,191,4,0.0,0.0,209,5,0.0,0.0,199,5,0.0,0.0
5ab1d6545542997061209588,At what age did Cieli di Toscana's singer become blind?,chunk_packed_220,chunk_packed_220,0.31855407073004793,0.3030699158562759,0.3117058735675668,0.30476881591262717,0.6666666666666666,210,5,0.0,0.2222222222222222,219,5,0.0,0.2222222222222222,219,5,0.0,0.2222222222222222
5ade86b255429939a52fe8e0,Where is the ice hockey team based that Zdeno Chára currently serving as captain of?,ace_packed_220,ace_packed_220,0.34111399070393766,0.37190867175749764,0.3694339022041372,0.39989202295965376,1.0,196,4,0.0,0.5,185,5,0.0,0.6666666666666666,185,5,0.0,0.6666666666666666
5a7f1ad155429934daa2fce2,Australian National Airways was founded by the person who made the first what in 1928?,chunk_packed_220,ace_packed_220,0.34839409617392736,0.331408558578527,0.3338447747650253,0.3507657085037408,0.6666666666666666,209,4,0.0,0.0,208,4,0.0,0.0,216,5,0.0,0.0
5a9070dd5542995b442420b5,How was Tiger Pataudi related to Iftikhar Ali Khan Pataudi?,ace_packed_220,ace_focused_220,0.3400308693477697,0.33531767115028505,0.3402860095113025,0.41429702579410066,0.6666666666666666,216,4,0.0,0.6666666666666666,220,4,0.0,0.6666666666666666,202,5,0.0,0.6666666666666666
5a78db8055429970f5fffdb2,"Flyboys stars which actor who was nominated for an Academy Award for ""127 Hours""?",ace_packed_220,ace_packed_220,0.24724945708288934,0.21145405740673673,0.24623867063768673,0.4046448311721591,1.0,220,3,1.0,1.0,211,3,1.0,1.0,215,4,1.0,1.0
5ab283d9554299449642c8d8,How close to Louisville was Randal Malone born?,chunk_packed_220,ace_packed_220,0.30151157042813015,0.32142685061123644,0.3268421915150347,0.32388924638584704,0.25,216,4,0.0,0.0,195,5,0.0,0.0,206,5,0.0,0.0
5a8010685542992bc0c4a69a,Jimmy Garcia lost by unanimous decision to a professional boxer that challenged for what title in 1995?,chunk_packed_220,ace_focused_220,0.27115586189582763,0.26932342509442486,0.28094726002847903,0.28939276735348074,0.42857142857142855,215,4,0.0,0.0,219,4,0.0,0.28571428571428575,214,3,0.0,0.8
5ab430fa5542991751b4d6dd,What kind of company is this group whose headquarters are in AIA Central? ,chunk_packed_220,chunk_packed_220,0.2631811247815882,0.29974000770654297,0.2837425002739542,0.28000572420371,0.6666666666666666,217,4,0.0,0.5714285714285715,214,5,0.0,0.0,210,5,0.0,0.3333333333333333
5ac0b6b15542996f0d89cc1e,"What's the name for the character also known as Holger Danske, from medieval French chansons de geste?",chunk_packed_220,chunk_packed_220,0.33946613699000366,0.35300119835675436,0.3493597848152179,0.33916651526260433,0.6666666666666666,193,4,1.0,1.0,219,5,0.0,0.0,210,5,1.0,1.0
5ade4801554299728e26c6ab,Wolf and Sheep was screened at which 2016 film festival?,chunk_packed_220,chunk_packed_220,0.37702625745008383,0.3901438992112427,0.39507599523514303,0.3531204728246621,0.42857142857142855,208,5,0.0,0.8571428571428571,220,5,0.0,0.8571428571428571,216,5,0.0,0.8571428571428571
5ae5621655429908b63265fc,"Musical artist Diabolic and Vinnie Paz, who was featured on Diabolic's second studio album Fightin' Words, are both what type of musicians?",chunk_packed_220,chunk_packed_220,0.28911243848791224,0.34585141582336065,0.33553682175139066,0.30192203792814165,0.42857142857142855,212,4,0.0,0.0,220,4,0.0,0.0,220,4,0.0,0.0
5a83d42d5542992ef85e2375,"In which county was the English rock band formed that released the box set of four studio albums ""Genesis 1983–1998""?",ace_packed_220,ace_packed_220,0.2728172391394446,0.317165086146594,0.32265114024406727,0.3684638027852621,0.25,213,4,0.0,0.0,207,5,1.0,1.0,215,5,1.0,1.0
5adec5055542995534e8c707,Mark Newhouse finished 9th in a 2013 series of poker tournaments sponsored by what corporation?,ace_packed_220,chunk_packed_220,0.28263243805467103,0.3131510331252436,0.32342949866352266,0.3380789355079434,0.6666666666666666,199,3,1.0,1.0,199,3,1.0,1.0,199,3,1.0,1.0
5ae7473f5542991bbc9761d2,What is the estimated population of the city in which the suburb of Beaumont is located ?,ace_packed_220,ace_packed_220,0.2641530510754449,0.2471602464978495,0.2592475298415171,0.3864451366879861,0.42857142857142855,218,4,0.0,0.0,210,5,0.0,0.0,213,5,0.0,0.0
5a7574e25542996c70cfaf01,Who was born first Mahbub ul Haq or Ibn Arabi?,ace_packed_220,chunk_packed_220,0.2865117649708834,0.2793398769717108,0.28310673565876243,0.37558023729487594,0.42857142857142855,217,4,0.0,0.5,218,4,0.0,0.5,218,4,0.0,0.5
5ab2999a554299194fa9342f,Huell Howser provided the voice of Backson in Disney's what numbered animated film?,chunk_packed_220,chunk_packed_220,0.24867643777158488,0.27717392663501195,0.27153457429691275,0.2532968982092691,0.25,203,4,0.0,0.0,213,4,0.0,0.0,219,5,0.0,0.0
5ab70f79554299110f219aa9,What is the nationality of this company that services MS Moby Dada?,chunk_packed_220,ace_packed_220,0.27472575773054386,0.26649999999999996,0.27643396035933554,0.30371925500219654,0.6666666666666666,218,5,0.0,0.0,214,5,0.0,0.0,214,5,0.0,0.0
5adbfa38554299438c868d00,"What is the birthdate of this Australian dramatic coloratura soprano, who taught Simon Gilbert?",ace_packed_220,ace_packed_220,0.266309910283853,0.2789462680040755,0.26882002979297975,0.35898522535326394,0.6666666666666666,214,5,0.0,0.3333333333333333,202,5,0.0,0.6666666666666666,214,5,0.0,0.6666666666666666
5adf49935542993a75d26491,Are Power Grid and Vanished Planet both cooperative board games?,chunk_packed_220,ace_packed_220,0.2811057552225904,0.29012472261729694,0.28860116384201995,0.3103052917609591,0.42857142857142855,195,4,0.0,0.0,219,5,1.0,1.0,219,5,1.0,1.0
5a80427c5542996402f6a49f,What stagecoach robber did Frederick John Fulton prosecute?,ace_packed_220,ace_packed_220,0.27668798512209947,0.20759289155517485,0.2785981809742159,0.41415866891076736,1.0,219,5,0.0,0.0,188,5,0.0,0.0,190,5,0.0,0.0
5ae1d5a3554299234fd04319,"Which football player that topped the 10,000-yard career rushing mark has played for the New England Patriots?",chunk_packed_220,ace_packed_220,0.26164726342493366,0.28029064853380525,0.2705329189969431,0.24407936591278628,0.6666666666666666,218,4,1.0,1.0,210,4,1.0,1.0,216,5,1.0,1.0
5a72e28f5542992359bc31ba,Which technique did the director at Pzena Investment Management outline?,ace_packed_220,ace_packed_220,0.24982906983075331,0.2690445727964608,0.2748788518647013,0.2998256897232449,0.42857142857142855,205,4,0.0,0.0,189,5,0.0,0.0,202,4,0.0,0.0
5ab8cd3d5542991b5579f009,How did the name of Peter Gifford's rock band (1980-1987) come to be chosen?,ace_packed_220,ace_focused_220,0.2503075615697158,0.2686471681297386,0.3086194379208049,0.3170803637974092,0.25,206,4,0.0,0.0,218,5,0.0,0.0,204,5,0.0,0.0
5abce9ca554299114383a193,What was Terry Owen's son's profession after retiring from football?,chunk_packed_220,chunk_packed_220,0.23832912237853965,0.22690004424853052,0.2529279108263278,0.2411726131595835,0.6666666666666666,204,5,0.0,0.0,206,5,0.0,0.0,211,5,0.0,0.0
5abbd5a75542993f40c73bd3,What country can the scopula nucleata be found in?,chunk_packed_220,ace_packed_220,0.3195700955097485,0.3089140625688407,0.3258557807463186,0.3088271436611215,0.25,216,5,0.0,0.0,202,5,0.0,0.0,207,4,0.0,0.0
5a7354e35542994cef4bc55b,What is the name of second extended play by the artists of the mini-abum Code#01?,ace_packed_220,ace_packed_220,0.269329553904477,0.2727711512376428,0.269127878418511,0.3425119379200706,0.25,218,5,0.0,0.0,209,5,0.0,0.0,219,5,0.0,0.0
5abe7e1d55429976d4830b36,"""Clydebuilt"" is on the south bank of what river?",ace_packed_220,chunk_packed_220,0.2998640924378254,0.3004051657548978,0.299295397822799,0.3748788030645886,0.42857142857142855,217,4,1.0,1.0,220,5,1.0,1.0,219,4,1.0,1.0
5ab516485542990594ba9cfc,"The historical Nimavar school in the Nimavar Bazaar, or bazar, is located in which country?",chunk_packed_220,chunk_packed_220,0.3491715398476863,0.3736493809517517,0.3663202934226727,0.33277266833915653,0.42857142857142855,203,5,1.0,1.0,205,5,1.0,1.0,210,5,1.0,1.0
5ae0fe8855429945ae959495,Were both Tom Gullikson and Jürgen Melzer professional Austrian tennis players?,chunk_packed_220,chunk_packed_220,0.31423158924782335,0.32170938479345224,0.3049059557562368,0.32879800104162193,0.6666666666666666,210,5,1.0,1.0,219,5,1.0,1.0,211,5,1.0,1.0
5ab310bb554299233954fef9,"Which author found inspiration in their career prior to writing, Hart Crane or John le Carré?",chunk_packed_220,ace_packed_220,0.2532479383977458,0.27954640308098555,0.26296672186631803,0.27333590535383234,1.0,218,5,0.0,0.0,197,5,0.0,0.0,197,5,0.0,0.0
5ade0cc85542990dbb2f7f37,Is Ordos City more west than Yangzhong?,ace_packed_220,ace_packed_220,0.2972811503319485,0.2898802570031521,0.2924570724249041,0.35884270718148714,0.6666666666666666,215,5,0.0,0.0,206,5,0.0,0.0,218,5,0.0,0.0
5abb66c05542992ccd8e7f3e,"What offence were opening batsman Khalid Latif and 5 other cricketers suspended for, in February 2017?",chunk_packed_220,chunk_packed_220,0.2529137298565251,0.26219896099247986,0.24796816832365953,0.25729962255055905,0.42857142857142855,197,3,1.0,1.0,218,3,1.0,1.0,203,3,1.0,1.0
5ac2e9c45542990b17b154a0,When was the federal US law made that was responsible for shutting down Braniff Airways?,chunk_packed_220,ace_packed_220,0.23564139050314448,0.2620148405440748,0.2598984621632481,0.2521579005907098,0.6666666666666666,218,4,0.0,0.0,211,5,1.0,1.0,217,5,0.0,0.0
5a86481b5542996432c571b5,When was the publisher of Traveller Supplement 4: Citizens of the Imperium in business?,chunk_packed_220,ace_packed_220,0.450120843449072,0.4848782938590085,0.4769354109324615,0.4556443523766014,0.6666666666666666,211,5,0.0,0.0,136,5,0.0,0.0,136,5,0.0,0.0
5a77253455429972597f1449,"Who is older, Ivan Foster or Ian Paisley?",ace_packed_220,chunk_packed_220,0.27449273061569424,0.29284283778891373,0.28690088290819044,0.3255157950248272,0.6666666666666666,202,4,0.0,0.0,219,5,0.0,0.0,210,5,0.0,0.0
5a8e36835542995085b373e2,Are Anja Salomonowitz and Rod Lurie both directors?,ace_packed_220,chunk_packed_220,0.28714738759594227,0.30830492433809953,0.2861464001385794,0.32651365427671697,0.6666666666666666,200,5,0.0,0.0,207,5,0.0,0.0,207,5,0.0,0.0
5a7f8d755542992097ad2f9d,How many visitors per year does the first stop of OC Transpo Route 97 attract each year?,ace_packed_220,ace_packed_220,0.27412947115052794,0.2772941725385519,0.27913746717149424,0.3213238161610883,0.6666666666666666,219,5,0.0,0.0,205,5,0.0,0.0,217,5,0.0,0.0
5aba943c554299232ef4a33e,Are Florida Atlantic University and Cleveland State University both colleges in the US?,ace_packed_220,ace_focused_220,0.2674828665194884,0.3087848244968742,0.28854273854465295,0.3267182343036673,0.42857142857142855,216,3,0.0,0.0,216,5,0.0,0.0,210,4,0.0,0.0
5abbd85a5542993f40c73be1,Who was involved in the arrest of Dread Pirate Roberts?,ace_packed_220,ace_packed_220,0.33005988102571904,0.3463646182492095,0.32312245392622096,0.42910434723222945,0.6666666666666666,204,5,1.0,1.0,190,4,1.0,1.0,191,4,1.0,1.0
5ae4cda05542990ba0bbb148,Why is Serena Williams more accomplished than Mariaan de Swardt in her tennis career?,chunk_packed_220,ace_focused_220,0.28745556416147433,0.31303397237546327,0.30303099151575474,0.282924675571235,0.42857142857142855,219,5,0.0,0.0,202,5,0.0,0.0,183,5,0.0,0.0
5ab3ddbc55429969a97a81dc,The 2017 European Short Course Swimming Championships will be held in an Arena which began construction when?,ace_packed_220,chunk_packed_220,0.4082985883507497,0.4158079066047532,0.41686204594780396,0.44092760833763167,1.0,208,5,0.0,0.0,208,5,0.0,0.0,218,4,0.0,0.0
5a8b59a65542995d1e6f137c,Are Stephen Frears and Jan Švankmajer from the same country?,chunk_packed_220,ace_packed_220,0.2738081983261226,0.2743905562941892,0.28307422413617184,0.2932964277836771,0.6666666666666666,219,5,0.0,0.0,207,5,1.0,1.0,207,5,1.0,1.0
5ae361d15542990afbd1e126,"What is the original surname for the actor who sang ""It's a De-Lovely"" in the 1962 revival of ""Anything Goes""?",ace_packed_220,ace_focused_220,0.28772327526086694,0.29461823288474664,0.2998748312543955,0.35317557975627245,0.6666666666666666,219,3,0.0,0.0,197,4,0.0,0.0,193,5,0.0,0.0
5abffdec554299012d1db55d,"Which client of Lindka Cierach played Queen Elizabeth II in ""The Queen""?",ace_packed_220,ace_packed_220,0.289743525082251,0.32121589622319136,0.2825622962392581,0.32234896004091884,0.6666666666666666,208,4,1.0,1.0,187,4,1.0,1.0,190,4,1.0,1.0
5a7c290c5542990527d55468,"Lawton–Fort Sill Regional Airport, a charter base for value airline Allegiant Air, is situated in which U.S. state?",chunk_packed_220,ace_packed_220,0.3154466053429699,0.36849139875630943,0.34682492648118113,0.3197444287995689,0.25,210,4,1.0,1.0,204,4,1.0,1.0,209,4,1.0,1.0
5a8a647b55429930ff3c0dc1, The Type 90 tank built by Mitsubishi Heavy Industries is to be superseded by what generation of main battle tank of the Japanese Ground Self Defense Force?,ace_packed_220,ace_packed_220,0.37764074807155645,0.3749856404681086,0.3893403395350396,0.43029657925227405,0.6666666666666666,205,5,0.0,0.0,195,4,0.0,0.0,213,4,0.0,0.0
5ae72b96554299572ea5474e,"Risingson is the first single from what album by Massive Attack, that was the first to be produced by Neil Davidge, along with the group?",ace_packed_220,ace_packed_220,0.30209886355337645,0.2997716618989322,0.3017963211973552,0.44419174255227034,0.6666666666666666,214,4,1.0,1.0,190,4,1.0,1.0,190,4,1.0,1.0
5a7634f155429976ec32bd6b,"What shallow water table aquifer is located near the county seat of Keith County, Nebraska?",chunk_packed_220,ace_focused_220,0.33424939046805685,0.33421050232392685,0.33464693342400126,0.2779111899127567,0.6666666666666666,220,5,1.0,1.0,219,5,1.0,1.0,218,5,1.0,1.0
5ae0f73d55429920d5234252,"Where was the Super Bowl, that Alan Faneca won, played ?",chunk_packed_220,ace_focused_220,0.2653488034654298,0.29474705013082825,0.2852629914574094,0.2939004730125251,1.0,210,3,0.0,0.0,201,3,0.0,0.0,183,3,0.0,0.0
5ae537e45542990ba0bbb235,"When was the American singer, songwriter, record producer, dancer and actress born who's second studio album is Chapter II?",ace_packed_220,ace_focused_220,0.28096819969711173,0.29484191436933094,0.29436994285214635,0.33582883547482034,0.42857142857142855,220,4,0.0,0.3333333333333333,220,5,1.0,1.0,210,5,1.0,1.0
5ac3a76e554299741d48a2be,"Who released the song ""With or Without You"" first, Jai McDowall or U2?",ace_packed_220,chunk_packed_220,0.3280707275970193,0.34758476407079,0.32106465230033615,0.4104309813778031,0.6666666666666666,200,4,1.0,1.0,204,5,1.0,1.0,218,5,1.0,1.0
5ac2943a55429921a00aafce,Who directed the 2001 film that featured Yu Rongguang?,ace_packed_220,chunk_packed_220,0.262757274644153,0.27245393966094067,0.28853059955777816,0.310874177089036,0.25,200,3,1.0,1.0,215,4,1.0,1.0,217,4,1.0,1.0
5a8d0c1b5542994ba4e3dbb3,"In which language is the notable song by Suresh Peters from ""Gentleman ""?",chunk_packed_220,ace_packed_220,0.2980249678828817,0.2929325626668836,0.29003082612414555,0.3202288468307838,0.25,219,5,1.0,1.0,208,5,1.0,1.0,219,5,0.0,0.0
5adc2b6255429947ff173901,"What nationality is the singer who recorded ""Who I Was Born to Be""?",ace_packed_220,ace_packed_220,0.36875093162634476,0.3921696748261503,0.3926103773491497,0.4156797716515993,0.25,194,3,0.0,0.0,193,4,0.0,0.0,193,4,0.0,0.0
5a81967a55429926c1cdad44,"Where does the Husband character reside in the book published in 1847 under the pseudonym ""Ellis Bell""?",chunk_packed_220,ace_focused_220,0.2673318942470473,0.269710414851998,0.2689052895015587,0.28535222262605164,0.6666666666666666,203,4,0.0,0.0,212,5,0.0,0.0,189,4,0.0,0.0
5ae82ae555429952e35eaa71,"Martin Patterson ""Pat"" Hingle was a close friend of an actor who achieved success in what Western TV series? ",chunk_packed_220,chunk_packed_220,0.3194481954432151,0.35858984376214764,0.3526157104541089,0.34507543044875766,0.25,214,4,1.0,1.0,216,4,1.0,1.0,219,4,1.0,1.0
5a8aecff55429950cd6afbef,How many beer brands are in the portfolio of the company that hired Leonardus (Leo) Petrus Beukeboom to decorate cafes?,chunk_packed_220,chunk_packed_220,0.2468958040695145,0.2964246846112414,0.2768465329100873,0.2610594833943826,0.42857142857142855,207,3,0.0,0.6666666666666666,212,5,0.0,0.0,198,5,0.0,0.0
5a841b215542990548d0b25b,"Frank Sindone helped plot the murder of a family mob boss, What was this boss's nickname ?",chunk_packed_220,chunk_packed_220,0.3681564911644978,0.41110408326140835,0.3960419343993795,0.3574094939407786,0.42857142857142855,214,4,0.0,0.5714285714285715,220,5,0.0,0.5714285714285715,219,5,0.0,0.5714285714285715
5ae0d3da5542990adbacf66d,Which Prince of Bismarcks EMS dispatch incited France to declare the Franco-Prussian War in July 1870,ace_packed_220,ace_packed_220,0.28925327234448783,0.3475781850881069,0.3205933422164844,0.41706163323663537,0.6666666666666666,209,3,0.0,0.0,197,3,0.0,0.0,209,3,0.0,0.0
5ab81cd955429916710eaff7,What kind of energy does a plasma weapon produce?,chunk_packed_220,ace_focused_220,0.2444691321066907,0.25238067994480534,0.23777700372604593,0.2730163857922202,0.42857142857142855,205,3,0.0,0.0,218,5,0.0,0.0,196,3,0.0,0.0
5adc872b5542994d58a2f62f,Which jobs do Jeff Tremaine and Keanu Reeves share?,chunk_packed_220,ace_focused_220,0.281802277019767,0.29578390095725415,0.29042065911111814,0.31026855300523726,0.6666666666666666,214,5,0.0,0.0,204,5,0.0,0.0,193,5,0.0,0.0
5a737fff554299623ed4abb9,"What was built near the residential neighborhood of Ramsay, Calgary in 1983?",ace_packed_220,chunk_packed_220,0.27775417889029247,0.27447351839265116,0.2654353727569753,0.35667358040241887,0.6666666666666666,213,4,1.0,1.0,218,4,1.0,1.0,218,4,1.0,1.0
5abd578a5542993062266c5d,The W. H. Shipman House is in what Hawaii county?,ace_packed_220,chunk_packed_220,0.32569384064387275,0.353200308360648,0.33955835971654086,0.4239897051020821,0.6666666666666666,219,5,1.0,1.0,202,5,0.0,0.6666666666666666,200,5,0.0,0.6666666666666666
5ae0ee2c5542993d6555eca3,Travis McGee was a precursor to what contemporary mystery protagonist in a series that has been on multiple best seller lists?,chunk_packed_220,chunk_packed_220,0.24642149347250938,0.24658310609201584,0.24406714485123188,0.26944315150006315,0.42857142857142855,220,5,1.0,1.0,204,5,0.0,0.0,218,4,0.0,0.0
5a80c74f554299260e20a158,"Who else besides ""The Golden Jet"" was born in Point Anne, Ontario?",ace_focused_220,ace_focused_220,0.2506396851159096,0.2852309232743685,0.26649828042564877,0.3460364536982814,0.25,220,4,0.0,0.0,219,4,0.0,0.4,184,4,0.0,0.4
5ae5b301554299546bf82f2d,What produces the hormone that promotes sodium retention in the distal nephron?,ace_packed_220,chunk_packed_220,0.26622269801265747,0.29654061130965026,0.2756727519870127,0.35075448432251977,0.42857142857142855,203,4,0.0,0.0,210,4,0.0,0.0,209,5,0.0,0.0
5a84a4e35542992a431d1a81,"Does Jimmy Barnes have more hits, both solo and in a group, than Yang Seung-ho has with his group?",chunk_packed_220,ace_focused_220,0.270556241671514,0.2935546167852172,0.2753882290596309,0.24422783568287854,0.42857142857142855,209,4,0.0,0.0,213,5,0.0,0.0,204,5,0.0,0.0
5abb207d5542992ccd8e7f1d,Wincenty Gostkowski was a lawyer for the watch manufacturer Patek Philippe & Co. in which city in Switzerland?,chunk_packed_220,ace_packed_220,0.3893373628227069,0.4343343801865136,0.4147363037827376,0.38995664356386417,0.6666666666666666,218,5,0.0,0.6666666666666666,199,5,0.0,0.6666666666666666,208,5,0.0,0.6666666666666666
5a7fa55555429969796c1b0e,"The star of ""The Inkwell"" also starred in what 1993 movie as O-Dog?",ace_packed_220,chunk_packed_220,0.25214529919843176,0.2429346832323423,0.256481948956857,0.296921606715883,0.42857142857142855,211,5,1.0,1.0,220,4,0.0,0.0,216,4,0.0,0.0
5ab6e8e6554299710c8d1faf,Who was a supporting cast member of King Rat and was knighted in February 2001?,chunk_packed_220,chunk_packed_220,0.25274180451664147,0.27323553804723305,0.26390082374644713,0.28122080175888675,0.42857142857142855,216,4,0.0,0.0,219,5,0.0,0.0,219,5,0.0,0.0
5ab28b12554299449642c8ee,The northern English anglian Kingdom in the Humber estuary spoke what dialect of english?,ace_packed_220,ace_packed_220,0.29685737899116105,0.34249190660482587,0.32610778755844244,0.36724368390581796,0.42857142857142855,202,4,1.0,1.0,190,4,1.0,1.0,209,4,1.0,1.0
5adf3f1d5542992d7e9f9310,What profeesion do Giacomo Benvenuti and Claudio Monteverdi share?,ace_packed_220,ace_focused_220,0.244905062018768,0.24634294451268635,0.25943579723955823,0.3078087519144993,0.42857142857142855,219,5,0.0,0.6666666666666666,214,5,0.0,0.6666666666666666,213,5,0.0,0.6666666666666666
5a8026a05542992e7d278df8,Iselin Solheim provided vocals in the song released on what date?,ace_packed_220,ace_packed_220,0.2737462584816045,0.2935679075977038,0.2715654311173702,0.3095544832841791,0.25,220,4,0.0,0.0,206,5,0.0,0.4,216,4,0.0,0.4
5a7bae20554299294a54aa96,Onika Tanya Maraj is a judge on a television show hosted by whom? ,ace_packed_220,ace_focused_220,0.19621509199166062,0.27738839997518905,0.2795787623412447,0.2852825734943949,0.42857142857142855,199,4,0.0,0.0,219,5,0.0,0.0,212,4,0.0,0.5
5a8f44135542992414482a24,In what county are the Wichita Wild based in?,ace_packed_220,ace_packed_220,0.29192058384792496,0.2801338897496459,0.273972909360945,0.38282865734913807,0.42857142857142855,216,5,0.0,0.8,214,5,0.0,0.8,212,5,0.0,0.4
5a7fa48c5542994857a7679a,"In addition to Syosset Central, Half Hollow Hills Central, and the school district that has Henry L. Grishman as its superintendent, what other school district is near Hauppauge Union Free School District?",chunk_packed_220,ace_packed_220,0.423533822363383,0.446889273298936,0.4417737929839789,0.41257698772590135,0.42857142857142855,212,5,0.0,0.5,202,4,0.0,0.5,214,4,0.0,0.5
5a89dbec554299669944a5d6,Theme Park Inc is a video game that created what sequel in North America in 1999?,chunk_packed_220,chunk_packed_220,0.34012101119612803,0.33244614251103854,0.33498394741910587,0.32672666611865697,0.42857142857142855,213,4,0.0,0.0,214,4,0.0,0.0,214,5,0.0,0.0
5ae49f2c5542995ad6573dc1,"Radio On: A Listener's Diary is the first book by an author that voiced what character in the film ""The Incredibles""?",ace_packed_220,chunk_packed_220,0.3322758538938274,0.35554888644797555,0.34356219907523955,0.440544533762513,0.25,209,3,1.0,1.0,211,4,1.0,1.0,218,5,0.0,0.0
5a74ce9655429974ef308c6c,"What retailer in ABQ Uptown is headquarted in Poole, Dorset, United Kingdom?",ace_packed_220,ace_packed_220,0.2766206337206373,0.3162723538453506,0.3290588954121617,0.42586148900047915,0.42857142857142855,220,5,1.0,1.0,216,5,1.0,1.0,219,5,1.0,1.0
5add566b5542995b365fab14,"What multinational networking and telecommunications equipment and services company used to occupy the space in Umea, Sweden that is now occupied by Minerva Gymnasium?",chunk_packed_220,ace_packed_220,0.3134840541761337,0.3065358220170872,0.3094320517380723,0.33988648636448104,0.6666666666666666,219,5,0.0,0.33333333333333337,213,5,0.0,0.33333333333333337,219,5,0.0,0.33333333333333337
5ac3dfee554299204fd21eab,"The man known as the voice of ""Elgar"" voices the English character in what Manga inspired by Keitaro Arima?",chunk_packed_220,ace_focused_220,0.24771543657026496,0.25679536940603975,0.27236060819986946,0.2663630259676669,0.42857142857142855,217,4,0.0,0.0,214,4,0.0,0.0,200,4,0.0,0.0
5a8595005542992a431d1b40,"What product is being built at a 107,000 acre industrial park for Tesla Motors?",chunk_packed_220,chunk_packed_220,0.27558411505591884,0.3489768854865728,0.30545553766850997,0.2676750696095317,0.25,207,5,0.0,0.0,215,5,0.0,0.0,209,5,0.0,0.0
5a80721b554299485f5985ef,"The Livesey Hal War Memorial commemorates the fallen of which war, that had over 60 million casualties?",ace_packed_220,ace_focused_220,0.2862433957249489,0.32405911081060734,0.32873209687292093,0.3312184353892073,0.1111111111111111,215,4,0.0,0.6666666666666666,200,5,1.0,1.0,197,5,1.0,1.0
5ade126355429939a52fe7ea,"What film, based on the book “Boston Strong”, featured the actress Alex McKenna?",ace_packed_220,ace_focused_220,0.2746997959750188,0.2772408618915993,0.2713893876643054,0.3301807864050241,0.6666666666666666,217,4,1.0,1.0,219,4,1.0,1.0,214,4,1.0,1.0
5ab6bb575542995eadef0088,This radio programme that originally aired from October 1995 to April 2000 starred a critic working in what field?,ace_packed_220,ace_packed_220,0.2771774541672265,0.3200279572197844,0.3135133454181799,0.43930213306180854,0.42857142857142855,216,4,1.0,1.0,209,5,1.0,1.0,214,5,1.0,1.0
5ab262e2554299722f9b4cfd,Oxley Highway ends at a coastal town that had how many inhabitants in June 2016 ?,ace_packed_220,ace_focused_220,0.26972695764222826,0.30198354087392776,0.28235273102534497,0.30179829367666555,1.0,211,5,1.0,1.0,216,5,1.0,1.0,204,5,1.0,1.0
5a84d71c5542997b5ce3ff75,Who was the king of England who became king after the death of his younger brother and whose reign was chaotic due to rivalry with relatives until his own death a few decades later?,chunk_packed_220,ace_focused_220,0.2664941251179941,0.2843770834815179,0.2683710363627553,0.27353620482179525,0.6666666666666666,213,3,0.0,0.5,209,3,0.0,0.5,192,3,0.0,0.5
5a8b69f45542997f31a41d19,What was another title published by the owner of the pseudonym Frank Talk?,ace_packed_220,chunk_packed_220,0.233508011544856,0.2596668178279908,0.2521014750238781,0.29215801651260975,0.25,209,3,0.0,0.0,219,5,0.0,0.0,219,5,0.0,0.0
5a7d598d5542995f4f402262,"Which director was also a film editor, Burton L. King or Maheen Zia?",chunk_packed_220,ace_focused_220,0.4133804789607828,0.4271288140633215,0.4247088691093208,0.3883910129660454,0.25,210,5,1.0,1.0,210,5,0.0,0.0,203,5,1.0,1.0
5ab29bdc554299545a2cf9d1,Which tendencies does a group like Uyoku dantai fall under?,chunk_packed_220,chunk_packed_220,0.3105217422151837,0.2972776764540604,0.3148155138733094,0.2869778733655214,0.42857142857142855,206,4,0.0,0.0,220,5,0.0,0.0,216,4,0.0,0.0
5a7bb983554299042af8f7c1,Who directed the nuclear war drama where Rita May played Jimmy Kemp's mother?,ace_packed_220,chunk_packed_220,0.22644409359801682,0.2501930562650203,0.2405002573122145,0.29318113379841637,0.1111111111111111,200,3,1.0,1.0,187,3,0.0,0.0,203,4,0.0,0.0
5ab85e9e55429934fafe6d8b,"What is the founding year of this public research university in the Netherlands, where Jan Borgman was a professor from 1968 to 1988?",chunk_packed_220,ace_packed_220,0.3160119930954192,0.3539542158380059,0.34288043437763804,0.311978785862198,1.0,207,3,0.0,0.0,200,4,1.0,1.0,219,4,1.0,1.0
5a7a9a2255429941d65f26eb,Kang Sung-yeon played Prince Yeonsan in a film that runs for how many minutes ?,chunk_packed_220,ace_focused_220,0.2541638886075072,0.30104209172008156,0.2932644534698595,0.2821482372378549,0.42857142857142855,217,3,0.0,0.0,219,5,0.0,0.0,200,4,0.0,0.0
5ae0a09a5542993d6555ebc9,"Which opera had more contributions to its making from friends of the composer of the opera, Eugene Onegin or The Devil and Kate?",ace_packed_220,ace_packed_220,0.2637380773509813,0.2694344425697774,0.2615989646007204,0.2948987712109609,0.6666666666666666,217,4,1.0,1.0,198,5,1.0,1.0,198,5,0.0,0.0
5ae7f7d85542994a481bbe52,"Which Five Finger Death Punch discography albulm was released on September 22, 2009 through Prospect Park?",ace_packed_220,chunk_packed_220,0.37874807225668633,0.360736891163152,0.38909716902355385,0.4732389786762654,1.0,204,5,1.0,1.0,204,5,1.0,1.0,213,5,1.0,1.0
5adf123f5542995ec70e8f63,Who are the executive producer of the Adult Swim skit show that Odd Future had?,ace_packed_220,ace_packed_220,0.2612776941997385,0.2795362775750629,0.2792222859139996,0.31280190784513984,1.0,218,4,0.0,0.0,214,4,1.0,1.0,209,4,0.0,0.0
5a71231a5542994082a3e5c4,"What edible, juicy fruit is grown on a deciduous tree called 'pesco' in Italian?",ace_packed_220,chunk_packed_220,0.2657416588290976,0.25187428751348684,0.2516059587200301,0.2976230142799794,0.42857142857142855,188,5,1.0,1.0,220,5,1.0,1.0,219,4,0.0,0.0
5adcba885542994ed6169bd9,"Performers that have played at the L.B. Amphitheatre include an American rock band that originally formed in Jacksonville, Florida, in 1964, as who?",chunk_packed_220,chunk_packed_220,0.2552363133947653,0.2750313548159674,0.26578097407775736,0.2809011792699808,0.6666666666666666,213,4,0.0,0.0,218,5,0.0,0.0,219,4,0.0,0.0
5abd7d0c55429924427fd010,Ciril Cvetko is the brother of a scholar who participates in what analysis of music?,chunk_packed_220,ace_focused_220,0.39265745174712935,0.388751588215524,0.37918426264157634,0.3546562650710759,0.42857142857142855,217,5,1.0,1.0,207,5,0.0,0.0,207,5,1.0,1.0
5a77afcd5542997042120adf,Who is older Carrie Akre or Shifty Shellshock?,ace_packed_220,chunk_packed_220,0.30116684974125785,0.28700308862361645,0.29551995862139213,0.33458182968902606,0.42857142857142855,195,5,0.0,0.0,207,5,0.0,0.0,218,5,0.0,0.0
5ac2a75755429967731025dc,What movie did John Gavin Malkovich play in with Matt Damon and Edward Norton?,ace_packed_220,chunk_packed_220,0.24468101264685654,0.25905923380834495,0.25078185492973964,0.2843018364472052,0.6666666666666666,199,3,1.0,1.0,215,5,1.0,1.0,215,5,1.0,1.0
5a83ed9b55429933447460b8,Cistus and Stapelianthus are both forms of what?,chunk_packed_220,chunk_packed_220,0.2312076250240223,0.2684877210370258,0.22820841561716668,0.2419028815899565,0.6666666666666666,205,5,0.0,0.0,216,5,0.0,0.0,216,5,0.0,0.0
5a73b0975542992d56e7e387,Which market town in Lancashire is part of the BB postcode area?,ace_packed_220,ace_packed_220,0.32557863152192695,0.3328413306055279,0.3221879389400877,0.3580491960197749,1.0,194,4,1.0,1.0,181,4,1.0,1.0,181,4,1.0,1.0
5a7cd5b05542990527d5553d,"What Northern Ireland town founded in 1620 is the birthplace of one of the final four contestants from the seventh UK series of ""The Apprentice""?",ace_packed_220,chunk_packed_220,0.2603101103298297,0.2720826600229081,0.2740748656773161,0.3590924397812906,0.6666666666666666,209,4,1.0,1.0,218,4,1.0,1.0,219,4,1.0,1.0
5ae1389655429901ffe4ae05,Bethpage State Parkway begins with an interchange at which Long Island-based limited access highway?,chunk_packed_220,chunk_packed_220,0.292135080786385,0.31015914627073005,0.2971090873489214,0.3077314430727595,1.0,215,3,1.0,1.0,211,3,0.0,0.6666666666666666,218,4,1.0,1.0
5a87c7dc5542996e4f30891b,What is the weight limit of the weight class that Takeyasu Hirono fights in?,chunk_packed_220,chunk_packed_220,0.30919509880325813,0.2881954152223526,0.2903040262123947,0.31088722891237763,0.42857142857142855,209,5,0.0,0.6666666666666666,215,5,0.0,0.0,204,5,0.0,0.3333333333333333
5a7c66d555429935c91b518f,Who was born first Václav Havel or Penelope Fitzgerald?,chunk_packed_220,ace_focused_220,0.295268832002688,0.28255074566497823,0.2785161703948084,0.3064381581466444,0.25,195,5,0.0,0.0,212,5,0.0,0.0,212,5,1.0,1.0
5a793ea55542994bb9456fce,"Which magazine was first published earlier, The Chronicle of Philanthropy or Skeptic?",ace_packed_220,chunk_packed_220,0.3026477662560921,0.30735407537624365,0.2991968852145477,0.36150571380189267,0.42857142857142855,215,4,0.0,0.0,220,5,0.0,0.0,220,4,0.0,0.0
5ae5e852554299546bf82fb8,Goldilocks and the Three Bares was a film that was totally separate from the fairy tale from what century?,chunk_packed_220,chunk_packed_220,0.39371111210610965,0.4100055528574792,0.3990814032664713,0.39208912352684316,0.42857142857142855,210,5,1.0,1.0,212,5,0.0,0.0,198,5,0.0,0.0
5ae5b255554299546bf82f2c,In which state was both Rex Gene Foods and Foodtown located in?,chunk_packed_220,ace_focused_220,0.3356563316282144,0.39507042658785785,0.36809941523025325,0.3411162978900776,0.25,217,5,1.0,1.0,205,5,1.0,1.0,204,5,1.0,1.0
5a84afdc5542991dd0999d81,"What golf course, located in Fulton County, Georgia, saw Keegan Bradley win a championship?",ace_packed_220,ace_packed_220,0.2691318425881927,0.2660346291230396,0.27032970841106435,0.3024258204523302,0.6666666666666666,212,4,0.0,0.0,206,5,0.0,0.0,220,5,0.0,0.0
5a7ab51055429927d897bef6,What year was the author of Cock and Bull born? ,chunk_packed_220,chunk_packed_220,0.3387093200705694,0.3299943525001098,0.33838099954290085,0.3330771614691429,0.42857142857142855,205,4,0.0,0.0,217,4,0.0,0.0,217,4,0.0,0.0
5abdf68c5542993f32c2a06b,"Who has a longer middle name, Alice Walker or Michael Herr?",ace_packed_220,ace_focused_220,0.2273292956226312,0.24342146491870392,0.23616336776235147,0.27844875434724503,0.42857142857142855,215,3,0.0,0.0,219,5,0.0,0.6666666666666666,217,5,0.0,0.6666666666666666
5a7348555542994cef4bc503,Which work of William Shakespeare is thought to be a collaborative effort of himself and Thomas Kyd?,ace_packed_220,ace_packed_220,0.25930093180060154,0.26322080669118175,0.2645788509251127,0.3165562867840926,0.6666666666666666,216,5,0.0,0.0,193,5,0.0,0.0,209,5,0.0,0.0
5a81ca0d5542990a1d231ebb,"Which of the office buildings used to staff the White House used to be known as the State, War, and Navy Building?",chunk_packed_220,ace_focused_220,0.30035834817288976,0.32301278406804657,0.3210472787680728,0.32975980681153927,1.0,214,4,0.0,0.22222222222222224,204,4,1.0,1.0,196,4,1.0,1.0
5ae6828f5542996d980e7bb9,Salisbury Woodland Gardens links a zoo with a park designed and built under the watchful eye of who?,ace_packed_220,ace_packed_220,0.26672191964780384,0.318205783510776,0.31189693719257305,0.3287409766863419,0.25,207,3,0.0,0.0,217,4,1.0,1.0,217,4,1.0,1.0
5ae6793e5542991bbc9760e2,Until what year did the Chief of Justice of the Supreme Court that administered the presidential oath of office to Abraham Lincoln on his first inauguration as the 16th President of the United States hold that office?,chunk_packed_220,ace_packed_220,0.3749102471107814,0.3722300266195509,0.3804420848508464,0.3423518270210718,0.42857142857142855,217,4,0.0,0.0,217,5,1.0,1.0,218,4,1.0,1.0
5ab729335542993667793f5a,What kind of musician does Robert Plant discography and John Bonham have in common?,ace_packed_220,ace_packed_220,0.2629099106309388,0.2704992815413515,0.26924104988384545,0.312838477476413,0.6666666666666666,216,4,1.0,1.0,200,4,1.0,1.0,216,5,1.0,1.0
5ab6633b55429954757d3278,Guy Pearce starred in which movie produced by Marvel Studios ?,ace_packed_220,ace_focused_220,0.23404703841211405,0.23769258377482858,0.25963840188045734,0.2996994970801982,0.6666666666666666,207,3,0.0,0.0,214,4,0.0,0.0,202,4,0.0,0.0
5a7252db5542990c210a4104,What is the name of the oldest child that attended the Trump campaign-Russian meeting?,ace_packed_220,chunk_packed_220,0.30007798676285447,0.3064357748981303,0.30304469911869736,0.3465657972974505,0.42857142857142855,217,5,1.0,1.0,210,5,0.0,0.0,220,5,0.0,0.0
5a7319bc5542992359bc3235,"Who lived longer, Leonid Khachiyan or Nikolai Lobachevsky?",ace_packed_220,ace_focused_220,0.263802223427129,0.26497817530542045,0.26374956166900326,0.3131791148759904,1.0,218,5,0.0,0.0,214,5,0.0,0.0,208,4,0.0,0.0
5a8f43795542997ba9cb3204,Who is older Danny Green or James Worthy?,ace_packed_220,chunk_packed_220,0.25074804954203533,0.2800050998321638,0.2623504766861178,0.3287009442688034,0.6666666666666666,180,5,1.0,1.0,213,5,1.0,1.0,213,5,1.0,1.0
5a83316b5542993344745fe5,What is the name of the show that the man that was drafted eighth overall in the 1995 NFL Draft co-hosts?,ace_packed_220,chunk_packed_220,0.23680993901566033,0.2530087608003383,0.24163744918211835,0.2767625133587083,0.42857142857142855,199,3,0.0,0.0,200,3,0.0,0.0,202,4,0.0,0.0
5ae32e125542991a06ce9946,"According to the 2001 census, what was the population of the city in which Kirton End is located?",chunk_packed_220,ace_focused_220,0.3388275505506649,0.33150727002183955,0.34701913913272053,0.3324927287718633,0.6666666666666666,211,5,0.0,0.0,212,5,0.0,0.0,210,4,0.0,0.0
5ab4da5b55429942dd415f96,Are Floor Jansen and John McCrea from the same band?,ace_packed_220,chunk_packed_220,0.28269549856315734,0.27661687395332796,0.2727976672441288,0.3343270528814619,0.42857142857142855,215,5,1.0,1.0,203,5,0.0,0.0,204,4,0.0,0.0
5abefa5b5542997ec76fd3a3,"What is the name of the town linked by rail to Kendal, named after a lake of the same name?",chunk_packed_220,ace_focused_220,0.26823704169410056,0.27198050958187475,0.2619219025083849,0.274811638102173,0.6666666666666666,218,5,0.0,0.0,213,5,0.0,0.0,194,5,0.0,0.0
5a84bbb35542991dd0999dc0,Mother and daughter duo Indian actresses appear in which type of films,chunk_packed_220,ace_packed_220,0.2649681847803075,0.26292992092753265,0.2748190726085936,0.2411590982120589,0.25,220,4,0.0,0.0,197,4,0.0,0.0,200,4,0.0,0.0
5a86113355429960ec39b618,Who had the lowest vocal range in Cosmos?,chunk_packed_220,chunk_packed_220,0.2639348948618852,0.28301123073886775,0.26625736288487667,0.26088840039304173,0.42857142857142855,201,4,1.0,1.0,217,4,0.0,0.0,200,4,0.0,0.0
5ac275e755429921a00aaf81,From what nation is the football player who was named Man of the Match at the 2001 Intercontinental Cup?,chunk_packed_220,ace_focused_220,0.3122311254910062,0.3034201917184358,0.31173812409905216,0.3056237331942224,0.42857142857142855,218,4,0.0,0.0,220,4,0.0,0.0,196,4,0.0,0.0
5aba749055429901930fa7d8,What occupation do Chris Menges and Aram Avakian share?,ace_packed_220,ace_packed_220,0.24935633319490597,0.2573803462608334,0.2575276089183135,0.3113683661412926,0.25,210,5,0.0,0.0,208,5,1.0,1.0,214,5,0.0,0.6666666666666666
5a88e3cc5542997e5c09a6c2,What location is shared by both Great Neck School District and Saddle Rock Elementary School?,chunk_packed_220,ace_focused_220,0.347866458858173,0.3783423269057512,0.36956034415640937,0.35431194513822684,0.6666666666666666,200,4,0.0,0.0,205,4,0.0,0.0,195,3,0.0,0.0
5ab25004554299722f9b4cd7,Were both the Battle of Stones River and the Battle of the Ch'ongch'on River fought in the 19th century?,ace_packed_220,ace_focused_220,0.3373879539914437,0.34211449540059563,0.3397529318627549,0.3794119499434717,0.6666666666666666,212,3,0.0,0.0,208,3,0.0,0.0,201,3,0.0,0.0
5ae497595542995ad6573db7,What are both Stauntonia and Pimelea?,ace_packed_220,ace_packed_220,0.23942445225182202,0.24283835862348369,0.2360592300945457,0.27108560430820083,1.0,218,5,0.0,0.0,207,5,0.0,0.0,214,5,0.0,0.0
5ae1847e55429920d52343ee,"Which has a greater area, Liuzhou or Muling?",chunk_packed_220,chunk_packed_220,0.23792413502157733,0.2479291234853654,0.24181053088170618,0.24905793044608204,1.0,219,5,1.0,1.0,187,5,0.0,0.0,187,5,0.0,0.0
5abbd58d554299660624172f,Are Cardinal Health and Kansas City Southern located in the same state?,ace_packed_220,chunk_packed_220,0.3038649344609733,0.29352328737573025,0.3099331876102439,0.3596910275826376,0.6666666666666666,215,5,1.0,1.0,218,5,1.0,1.0,219,5,1.0,1.0
5a7bd25a554299294a54ab13,"Which director lived longer, Lowell Sherman or Jonathan Kaplan?",ace_packed_220,ace_focused_220,0.2351730653467638,0.2573904769074337,0.25069608984514935,0.30655471619430896,0.42857142857142855,216,4,0.0,0.0,220,5,0.0,0.0,203,5,0.0,0.0
5ae3c1515542992f92d8236a,Which magazine was founded first Science News or High Times ?,ace_packed_220,ace_focused_220,0.25228612980672127,0.2608583639783881,0.2651175935442507,0.2938735858703919,0.42857142857142855,220,4,1.0,1.0,218,5,1.0,1.0,210,4,1.0,1.0
5ab61798554299488d4d9aaa,The Church of England's Oxford Movement was opposed by a clergyman who wrote what type of literature?,chunk_packed_220,chunk_packed_220,0.36710937504312,0.40147562041373297,0.3856443355741244,0.37318496135939994,1.0,217,5,1.0,1.0,200,5,0.0,0.6666666666666666,207,5,0.0,0.6666666666666666
5ae2075f5542994d89d5b315,What is Gary Cole's character based on?,ace_packed_220,ace_packed_220,0.2886999841305564,0.2683196684172254,0.277383003011509,0.3296671042298783,0.42857142857142855,215,5,0.0,0.0,210,5,0.0,0.0,217,5,0.0,0.0
5a8ae5d355429970aeb70325,What collegiate division does the team coached by P.W. Underwood play in?,chunk_packed_220,ace_focused_220,0.2944809946216361,0.2623575732856967,0.26686939381915953,0.2872934934079714,0.25,213,5,1.0,1.0,211,5,0.0,0.8,212,4,1.0,1.0
5a7c917e5542990527d554d3,How many kilometers did Sabrina Mockenhaupt run when she set her best record?,chunk_packed_220,ace_packed_220,0.25843126802411964,0.28151280833202175,0.289627950925779,0.2668935408291363,0.42857142857142855,219,4,0.0,0.0,201,5,0.0,0.0,210,4,0.0,0.0
5a78ed6855429970f5fffdd9,What is the population of the town that gets it's water supply from Canobie Lake?,ace_packed_220,chunk_packed_220,0.2880770932893297,0.30444103441198067,0.3037885853251462,0.35328699781996586,0.42857142857142855,212,4,0.0,0.4,213,5,0.0,0.0,209,5,0.0,0.0
5a7a27b35542996a35c1710b,"What was the release year of the song which, according to Peter Viney, appeared on most subsequent live album and compilations?",chunk_packed_220,chunk_packed_220,0.33308896615710726,0.3713734133219362,0.3721667123152109,0.35835247707580753,0.1111111111111111,207,3,1.0,1.0,213,5,1.0,1.0,215,4,1.0,1.0
5a7e86245542991319bc94ce,Who was the New York City Fire Commissioner at the time of Providenza Panno's death?,ace_packed_220,ace_focused_220,0.3322161203217796,0.3334819381837918,0.31833275637071734,0.38976238470040214,0.6666666666666666,218,5,0.0,0.0,218,5,0.0,0.0,204,5,0.0,0.0
5abc1ca15542993a06baf88d,Which acter/director is known for depicting the Russian working class life and directed a film that won an Academy Award in 1981?,ace_packed_220,ace_packed_220,0.2753557753744091,0.3441015075681491,0.2952667986895692,0.33408843933543986,0.42857142857142855,216,4,0.0,0.0,219,5,1.0,1.0,213,4,0.0,0.5
5a7a103b5542990783324e27,What album succeeded Kendrick Lamar's album that had the song Money Trees in it?,chunk_packed_220,ace_packed_220,0.2943976347292645,0.3163791229393986,0.28986142992113884,0.3232831024326712,0.6666666666666666,218,4,0.0,0.0,216,4,0.0,0.0,220,5,0.0,0.0
5ae5d7b755429929b08079cd,What was the last date the creator of  the NOI was seen by Elijah Muhammad?,ace_packed_220,ace_packed_220,0.26300967714937334,0.26081538708382573,0.25493039914507987,0.29754478712009386,1.0,218,4,0.0,0.0,214,5,0.0,0.0,219,4,0.0,0.0
5a79ca585542996c55b2dc71,"Who starred in the film The Human Factor in 1979, alongside fellow English actors Richard Attenborough and Derek Jacobi?",ace_packed_220,chunk_packed_220,0.34471154299495566,0.36848811791957314,0.36956145280777686,0.42498810414968924,1.0,213,5,0.0,0.0,213,5,0.0,0.0,213,5,0.0,0.0
5adf74255542992d7e9f937d,At which level of French football does the football team named after the manager of France national team play?,ace_packed_220,chunk_packed_220,0.2931595202804813,0.30179209408698254,0.2954038243022563,0.37731635587254464,0.6666666666666666,214,4,0.0,0.0,218,4,0.0,0.0,214,4,0.0,0.0
5a7dbb605542997cc2c47486,Many jack-in-the-boxes use an English nursery rhyme with a Roud Folk Song Index number of what?,chunk_packed_220,chunk_packed_220,0.366640454315732,0.3744801539043773,0.37036076563340437,0.3789968337953562,0.25,212,5,1.0,1.0,214,5,0.0,0.0,215,5,0.0,0.0
5a8f8c6d5542997ba9cb32b1,"What is the name of this South Asian island country, located in the Indian Ocean for which Ahmed Abdulla is a professional footballer?",ace_packed_220,chunk_packed_220,0.2702986017539242,0.33143632414539637,0.2805246912629383,0.34438893373979557,0.6666666666666666,213,5,1.0,1.0,216,5,1.0,1.0,219,5,1.0,1.0
5a85f98e5542996432c57152,Where did the designer of the Van de Graaff generator teach at?,ace_packed_220,ace_focused_220,0.30437510687246727,0.31605844230335994,0.319675669575731,0.45649202277190737,0.42857142857142855,220,5,1.0,1.0,218,4,0.0,0.0,214,5,1.0,1.0
5ac072ef554299294b218fe4,What country of origin does Jerry Barrett and Florence Nightingale have in common?,chunk_packed_220,ace_focused_220,0.26245063160431237,0.2547840386053019,0.2562677427873924,0.26731397756387887,0.6666666666666666,201,4,0.0,0.0,209,5,0.0,0.0,182,5,0.0,0.0
5a8639545542991e771815c7,"Whose given first name is longer, Theo Angelopoulos and Budd Boetticher (nicknames)?",chunk_packed_220,chunk_packed_220,0.26098396117855693,0.25250164234261163,0.266060622003179,0.2676745933496181,0.42857142857142855,205,5,0.0,0.0,218,5,0.0,0.0,218,5,0.0,0.0
5a87bd4e5542996432c57279,Who does the minister at The First Church of Springfield help make teaching evolution illegal?,ace_packed_220,ace_packed_220,0.23239991341655877,0.24825331857455427,0.26626887766042606,0.35193769983853,0.42857142857142855,215,4,1.0,1.0,209,4,1.0,1.0,218,4,0.0,0.0
5a7a954855429941d65f26cd,"What album did John Lennon release before the one that contained the song ""How?""",ace_packed_220,chunk_packed_220,0.2566624879785142,0.25537498836252054,0.2570943713215042,0.31625972570522126,1.0,195,3,1.0,1.0,212,4,0.0,0.0,218,4,0.0,0.0
5abe92de5542993f32c2a16b,Which feature does the G-shock watch have that is tested by a leakage test?,ace_packed_220,ace_focused_220,0.24920861267161898,0.24531074456093155,0.25155508438580365,0.288050050257765,1.0,215,3,0.0,0.0,205,4,0.0,0.5,216,4,1.0,1.0
5a881d2355429938390d3eeb, If You Ever Get Lonely was covered by what Lyric Street Records-affiliated band?,chunk_packed_220,ace_packed_220,0.3186037350780651,0.33319697245225455,0.3353527911578428,0.3422425833410483,0.25,213,4,0.0,0.0,198,4,0.0,0.0,199,4,0.0,0.0
5a7fa5b05542994857a7679b,"In addition to the individual born on August 21, who else wrote He's The Great Imposter?",chunk_packed_220,ace_packed_220,0.30181895148001225,0.3008892017758842,0.30898903424101964,0.33068816091809994,0.25,219,4,0.0,0.0,211,5,0.0,0.0,217,5,0.0,0.0
5ae199305542997b2ef7d20e,In what european city is a location of the college from which the woman known as Comic Book Girl 19 received her degree?,chunk_packed_220,ace_packed_220,0.35058567758298875,0.37094545636384413,0.38176890518116924,0.30178637906011374,0.42857142857142855,208,4,0.0,0.0,206,4,0.0,0.0,206,4,0.0,0.0
5a8a0cb75542992d82986e7d,How long is the tidal estuary in which Branford is a shoreline town?,chunk_packed_220,chunk_packed_220,0.2981137335564032,0.3010663150605466,0.30973408844993094,0.3054584987350771,0.6666666666666666,207,4,1.0,1.0,214,5,0.0,0.0,214,5,1.0,1.0
5a8d1f015542994ba4e3dc08,The king of the Molossians and Epirus encamped between what two cities?,chunk_packed_220,ace_packed_220,0.28017117778960643,0.29692419650702806,0.28628407303173287,0.3040288049533466,1.0,219,4,0.0,0.0,202,5,0.0,0.0,215,4,0.0,0.0
5ac3ad7f5542995ef918c1de,The Aviation Hall of Fame and Museum of New Jersey is located at the airport in which New Jersey county?,chunk_packed_220,ace_focused_220,0.46882852022203514,0.47568296487627804,0.47507819885965674,0.4761951737805302,0.6666666666666666,194,4,0.0,0.0,217,5,0.0,0.0,219,5,1.0,1.0
5ac176555542994d76dcce47,What profession does H. L. Mencken and Albert Camus have in common?,ace_packed_220,ace_packed_220,0.2609204886936048,0.2117300438685002,0.20093984251637775,0.30959992299978034,0.6666666666666666,211,4,0.0,0.0,213,5,1.0,1.0,213,5,1.0,1.0
5adbe447554299438c868ccd,Are both Arizona v. United States and Reynolds v. United States Supreme Court cases?,ace_focused_220,ace_focused_220,0.341850092125086,0.352664545136412,0.3395332666955636,0.42840909090909096,0.42857142857142855,220,5,0.0,0.0,211,5,0.0,0.0,172,4,0.0,0.0
5a79178d554299029c4b5ef9,Which member of the music group Guy spearheaded the fusion genre New Jack Swing with Bernard Belle in the 1980's? ,ace_packed_220,chunk_packed_220,0.2842919616661127,0.33237282946755453,0.3292062034258888,0.3418213800203541,0.6666666666666666,210,3,0.0,0.0,215,4,0.0,0.0,215,5,0.0,0.0
5a7e96f655429934daa2fc39,"What is the name of the actress who played as Blair Cramer from the daytime drama series ""One Life to Live"" for 20 years who is also currently playing as Eve Donovan on ""Days of Our Lives""?",ace_packed_220,ace_focused_220,0.2863398729420773,0.3068387505264463,0.28658251051862005,0.32075850368253245,1.0,214,4,0.0,0.0,220,5,0.0,0.0,206,5,0.0,0.0
5ae608715542992663a4f244,Which artist has worked with King Crimson and also released a solo album in 2011?,chunk_packed_220,ace_packed_220,0.2738519035774397,0.305401611115958,0.2972726641625998,0.29148487708280124,0.42857142857142855,215,4,0.0,0.0,213,5,0.0,0.0,213,4,0.0,0.0
5a85db6e5542994c784ddb96,What is the student body for Ron Johnson's alma mater?,ace_packed_220,ace_packed_220,0.25141839205503497,0.2882464720030753,0.27652489493509025,0.3104962806003787,0.42857142857142855,220,4,0.0,0.0,207,5,0.0,0.0,211,5,0.0,0.0
5ac294b955429921a00aafd0,"Which magazine was created first, Macworld or Soaps In Depth?",ace_packed_220,ace_packed_220,0.28172123366285107,0.31409668689903647,0.3155029646569476,0.36983074679170447,0.6666666666666666,209,3,0.0,0.0,215,4,1.0,1.0,198,3,0.0,0.0
5ae12aa6554299422ee99617,The ghetto that George Kadish documented held how many people at its peak?,ace_packed_220,ace_focused_220,0.2548270454779854,0.27455435861711996,0.26619761078851856,0.3027191542216756,0.6666666666666666,218,4,1.0,1.0,215,4,1.0,1.0,212,5,1.0,1.0
5abc553a554299700f9d7871,Kyle Ezell is a professor at what School of Architecture building at Ohio State?,chunk_packed_220,ace_packed_220,0.33063080775940157,0.3356935375850324,0.3374293701070661,0.35004877389937955,0.6666666666666666,218,5,0.0,0.5,212,5,0.0,0.5,211,5,0.0,0.3333333333333333
5a882ffb5542994846c1ce0d,On what river is the city where Stade 24 Novembre is located situated on?,chunk_packed_220,chunk_packed_220,0.33187442968631586,0.31850679487529,0.3448933464731775,0.30707117332592526,0.42857142857142855,201,5,1.0,1.0,207,4,1.0,1.0,209,5,1.0,1.0
5a76f45a5542994aec3b719b,"What band formed in 1995 and came out with an album called ""Welcome Interstate Managers'?",chunk_packed_220,chunk_packed_220,0.28516832848396706,0.2656314413934984,0.28012853321693976,0.29291643449562355,0.42857142857142855,204,4,1.0,1.0,206,5,1.0,1.0,211,5,1.0,1.0
5ae406245542995dadf242e2,"Marion Greene was a health policy analyst for St. Judt Medical company, which had how many principal operations worldwide?",chunk_packed_220,chunk_packed_220,0.2713662519658998,0.29979699582347485,0.2871604297192106,0.22914605607467436,0.42857142857142855,220,4,1.0,1.0,212,4,0.0,0.0,220,4,0.0,0.0
5abd09585542996e802b469b,What year did the musical premiere that was based on the 2007 Irish romantic musical film of the same name?,ace_packed_220,ace_focused_220,0.27393718411423834,0.31098738486132266,0.2911286980324906,0.36316664503542595,0.6666666666666666,218,5,0.0,0.0,214,5,0.0,0.0,208,5,0.0,0.0
5adf8ade5542993344016ce8,"Dutch-born American businessman, Harry Koch, fathered a son born in 1900 that founded which oil refinery firm?",chunk_packed_220,ace_packed_220,0.3087925522346132,0.30654331972327264,0.3009788630501755,0.3249848087235694,0.42857142857142855,220,5,1.0,1.0,208,5,1.0,1.0,220,5,1.0,1.0
5a8cc8c2554299441c6b9efc,When did the author of the book One More River is based on win the Nobel Prize?,chunk_packed_220,chunk_packed_220,0.2701370675960493,0.22964306096083573,0.23915670328348537,0.2973425075189828,0.25,214,4,0.0,0.0,219,5,0.0,0.0,219,5,0.0,0.0
5ab446d455429942dd415f07,What city did the characters from Gargoyles the Movie: The Heroes Awaken wake up in after being in an enchantedly petrified state for a thousand years?,ace_packed_220,ace_packed_220,0.2886437988408191,0.32018623046212485,0.3061668371080791,0.33167890514591236,0.42857142857142855,219,4,0.0,0.8571428571428571,196,4,0.0,0.8571428571428571,200,4,0.0,0.8571428571428571
5adfda5255429942ec259b5e,What county in Minnesota holds a 202 lb slab of greywacke covered in runes?,chunk_packed_220,chunk_packed_220,0.3674217116546278,0.4245836424508572,0.40964018107828093,0.3655994509246887,0.42857142857142855,203,5,0.0,0.0,208,5,0.0,0.0,203,5,0.0,0.0
5a7e49e05542991319bc9463,What sibling of John D. Rockefeller III was the chairman of Chase Manhattan Corporation?,ace_packed_220,ace_packed_220,0.33036732628983145,0.3655746237165084,0.3510921752706524,0.39070153722656087,0.6666666666666666,212,5,1.0,1.0,210,5,1.0,1.0,220,5,1.0,1.0
5a7458ff55429979e2882918,"That Darn Cat and Honey, I Blew Up the Kid are both what?",ace_packed_220,ace_focused_220,0.3273172536347678,0.2412411535013037,0.33993116510795274,0.4082801362152494,0.25,219,3,0.0,0.4,211,4,0.0,0.0,217,4,0.0,0.4
5a7b5aff55429931da12ca6d,University Visvesvaraya College of Engineering has an affiliation with what member of the Association of Indian Universities?,ace_packed_220,chunk_packed_220,0.3134397943531984,0.29123528072377647,0.29293149201079116,0.36075552294760893,0.42857142857142855,205,4,0.0,0.4,215,5,0.0,0.3333333333333333,211,5,0.0,0.4
5a84c4135542994c784dda31,Are Yingkou and Fuding the same level of city?,chunk_packed_220,ace_focused_220,0.2917802353818457,0.30123100452451235,0.30665865689025085,0.30370757272292037,0.42857142857142855,153,5,0.0,0.0,168,5,0.0,0.0,168,5,1.0,1.0
5a7f44a65542992e7d278cd7,What genre is What's It Gonna Be due to its 4x4 rhythm?,ace_packed_220,ace_packed_220,0.3097954648060618,0.23085315174221527,0.3278118568440472,0.34129622958913497,0.42857142857142855,218,4,0.0,0.0,202,4,1.0,1.0,202,4,1.0,1.0
5ab6369655429953192ad2a1,Which Genus has more species Eucryphia or Lepidozamia ?,ace_packed_220,ace_packed_220,0.21549700768718294,0.2401061972952436,0.23050663078383338,0.2620088042688552,0.6666666666666666,216,4,1.0,1.0,214,5,1.0,1.0,214,5,1.0,1.0
5ae40a2955429970de88d8a3,In what Italian region was the House of Grimaldi?,chunk_packed_220,ace_packed_220,0.3572877217782807,0.3305082425671144,0.34531215546803934,0.36600446697568156,0.42857142857142855,210,5,0.0,0.0,204,5,1.0,1.0,213,5,0.0,0.0
5aba5ea955429939ce03dca5,"The Belton Estate is a novel by an English novelist of the Victorian era, whose best known works are a series of novels that are collectively known as what?",chunk_packed_220,chunk_packed_220,0.3163361055628827,0.36057559116670057,0.33333055855979227,0.2940660433363136,0.6666666666666666,216,5,1.0,1.0,216,5,1.0,1.0,217,5,1.0,1.0
5a79cd395542994bb94570be,What year was the recipient of the 2016 Best Footballer in Asia born?,ace_packed_220,chunk_packed_220,0.37823912006494687,0.3824418787699784,0.38271173491648214,0.45211783992961085,0.6666666666666666,201,5,0.0,0.0,213,5,0.0,0.0,213,5,0.0,0.0
5a8af1e255429950cd6afc28,Who is the English Professional Footballer that is the niece of a former footballer born in the same place as where he plays? ,chunk_packed_220,chunk_packed_220,0.30728510211447746,0.31242960631642136,0.3100480134247595,0.26133166003078395,0.6666666666666666,206,5,0.0,0.0,215,5,0.0,0.0,215,5,0.0,0.0
5a7268235542992359bc3081,What unit of the Air National Guard is located at a base that was home to the 509th Bomb Wing flying the General Dynamics FB-111A?,ace_packed_220,ace_packed_220,0.32626286269966664,0.36529625832578083,0.3539136461956438,0.37249359202624666,1.0,217,5,0.0,0.0,199,4,0.0,0.22222222222222224,212,5,0.0,0.22222222222222224
5adff2aa554299603e4183d0,What career did Markus Feehily and Bobby Fuller have in common?,ace_packed_220,chunk_packed_220,0.23406573675934358,0.24569684851914786,0.2488156274883487,0.28319070516817274,1.0,204,4,0.0,0.0,210,5,0.0,0.0,210,5,0.0,0.0
5a8ed7b455429917b4a5bdd1,Rob is an American sitcom that starred what American actress who was best known for portraying Yolanda Saldivar in the film Selena?,ace_packed_220,chunk_packed_220,0.2879853542150429,0.2636528247120263,0.2673597720148826,0.3516968793244216,0.42857142857142855,206,5,1.0,1.0,212,4,0.0,0.8,219,4,0.0,0.8
5ab43179554299233955004d,What is the female star of Klepto best known for performing in?,chunk_packed_220,ace_focused_220,0.25494118158283663,0.25404558853285975,0.2588759592516386,0.23212690990498974,0.25,209,5,0.0,0.0,210,5,0.0,0.0,205,4,0.0,0.0
5a8d8abf5542994ba4e3dca1,"what producer of The Real Housewives of Orange County also hosts ""Watch What Happens Live with Andy Cohen""?",ace_packed_220,ace_focused_220,0.34041495622006857,0.3852269159211543,0.3802824458572983,0.47499465302170907,0.25,219,5,1.0,1.0,217,5,1.0,1.0,205,4,1.0,1.0
5ade66f055429939a52fe8a0,Easter Airways' head office is located at which airport owned by Manchester Airports Group?,ace_packed_220,ace_focused_220,0.2680562789545371,0.3042795371944419,0.2975532876320377,0.3045505285712089,0.6666666666666666,201,4,0.0,0.0,217,4,0.0,0.0,210,4,1.0,1.0
5a8484495542997175ce1ee8,Jamie Campbell Bower was a cast member of the TNT show that was canceled after how many seasons?,ace_packed_220,ace_focused_220,0.2083204289086642,0.23432411585166257,0.24449924457036448,0.24397290095110913,0.42857142857142855,212,4,0.0,0.0,212,5,0.0,0.0,212,5,1.0,1.0
5ab392ec55429969a97a817d,Which movie came out first Baseball or Tunisian Victory ?,ace_packed_220,ace_packed_220,0.2582450498817517,0.28389955218712776,0.2747818085459172,0.30634993972781094,0.25,214,5,1.0,1.0,212,5,1.0,1.0,219,5,1.0,1.0
5a724a2b5542990c210a40bc,What team plays within the Big 12 Conference and has Kevin Bookout playing for them?,chunk_packed_220,chunk_packed_220,0.278843056751121,0.22870790362336096,0.23976911723272604,0.3013833278530755,0.25,213,5,0.0,0.6666666666666666,214,5,0.0,0.6666666666666666,218,4,0.0,0.0
5a8e8f6f5542995085b37451,"Which has a higher population, Qinzhou or Jingjiang? ",chunk_packed_220,ace_focused_220,0.23546935159769258,0.2336993558229934,0.22125670352170845,0.24810144498483203,0.6666666666666666,215,4,0.0,0.0,216,5,0.0,0.0,187,5,1.0,1.0
5ae4b5935542995ad6573e27,"Which of these artist lives closer to Canada, Koshi Inaba or Jonathan Davis?",chunk_packed_220,chunk_packed_220,0.25873494145523157,0.25073658516543545,0.26106677619941515,0.26355091303778966,0.42857142857142855,204,5,0.0,0.0,220,5,0.0,0.0,207,5,0.0,0.0
5abae1055542996cc5e49ec9,"Which genus has more species, Mahonia or Diplazium?",chunk_packed_220,ace_focused_220,0.23670718877283797,0.24013125284838105,0.23970847695343242,0.25944898004108546,1.0,214,4,0.0,0.0,210,5,1.0,1.0,203,5,1.0,1.0
5a8ee02955429917b4a5bdfa,"Rex Salas is an American record producer who worked with an American singer and actress who has been described as embodying female autonomy in a male-dominated industry, and is sometimes referred to as what?",ace_packed_220,ace_focused_220,0.33549884633954385,0.38772208950766174,0.37015215101571264,0.3749325026157826,0.42857142857142855,216,4,1.0,1.0,207,4,1.0,1.0,189,4,1.0,1.0
5a74524455429979e28828f6,"which star of Hwarang: The Poet Warrior Youth was born on November 16, 1991 ?",ace_packed_220,ace_focused_220,0.303929686959179,0.364430157703835,0.39032800471018236,0.38464827485080133,0.6666666666666666,217,4,0.0,0.5,220,5,1.0,1.0,201,5,1.0,1.0
5ae72c1e554299572ea54754,What film is a sequel to a German romantic fantasy film featuring Bruno Ganz and Solveig Dommartin?,chunk_packed_220,ace_focused_220,0.25545977945707415,0.26335527804236464,0.2941370867520571,0.2755285421881867,0.42857142857142855,216,5,0.0,0.0,214,4,0.0,0.0,208,5,0.0,0.0
5adbd68155429947ff173842,"As former head of Orange County Ironworks, what has his hit TLC show called?",ace_packed_220,ace_packed_220,0.23218001373948305,0.25561588920820155,0.2442307332350495,0.29770255149238656,0.42857142857142855,220,5,0.0,0.0,218,5,1.0,1.0,214,4,0.0,0.0
5a7652785542992db9473760,"Which of the following is known for his work ""Good Bye Lenin!"" in 2003: Vladimir Danilevich or Wolfgang Becker?",chunk_packed_220,ace_packed_220,0.37174533104950724,0.3747489165431708,0.37598415412084907,0.2617260190673514,1.0,211,5,1.0,1.0,210,5,1.0,1.0,212,5,1.0,1.0
5a8051265542992bc0c4a6f8,Tommy Swerdlow co-wrote the screenplay of what film directed by Jon Turteltaub?,ace_packed_220,ace_packed_220,0.2661894261514297,0.2749256862639494,0.2883376295303468,0.30519059695558426,0.42857142857142855,217,4,0.0,0.0,212,5,0.0,0.0,216,5,0.0,0.0
5a760dcd5542994ccc9186a1,What component was included on the iPad4 that is now a registered trademark in Jamaica? ,ace_packed_220,chunk_packed_220,0.2260514865623405,0.25957737274401127,0.2688232274033784,0.2609837607085648,1.0,196,3,0.0,0.6666666666666666,215,4,0.0,0.6666666666666666,201,4,0.0,0.6666666666666666
5adcfebe5542992c1e3a24f3,How many members were in the South Korean boy group whose first official sub-unit is Bastarz?,ace_packed_220,chunk_packed_220,0.2930020652193719,0.3249844550807809,0.3331557190188336,0.4252109297584259,0.6666666666666666,216,5,0.0,0.0,220,5,0.0,0.0,218,5,0.0,0.0
5a8f75e6554299458435d635,The city where Alex Shevelev died is the capital of what region?,ace_packed_220,chunk_packed_220,0.25659736731728894,0.24982591224827083,0.2676153608779145,0.3067788265005077,0.6666666666666666,199,4,0.0,0.0,211,4,0.0,0.0,200,4,0.0,0.0
5a7dd8cb5542995f4f4022d0,"From what county is Steven Avery, wrongfully convicted man on which the documentary Making a Murderer is based? ",ace_packed_220,chunk_packed_220,0.2832038779620213,0.2916433948278301,0.2810986870683506,0.3229297371506821,0.42857142857142855,212,4,0.0,0.8,215,4,0.0,0.8,219,5,0.0,0.8
5ade6fcd55429975fa854ecf,"Often seen at the Academy Awards pre-show, what is Robin Roberts's occupation?",chunk_packed_220,chunk_packed_220,0.3141398030264085,0.36233826852763984,0.3407410476395664,0.3034995445408496,0.42857142857142855,206,4,0.0,0.8,211,4,0.0,0.4,200,4,0.0,0.4
5ae55e6855429960a22e02d0,"When was the coach of ""2008 Texas Tech Red Raiders football team"" born? ",ace_packed_220,ace_focused_220,0.427971770600584,0.42029986571875333,0.4222838557004768,0.4753966053632751,0.42857142857142855,219,5,0.0,0.0,213,5,0.0,0.3333333333333333,201,5,0.0,0.3333333333333333
5add352b5542990dbb2f7dc4,"Who were the lead members of the group of actors who were in the film which was remade as the first film of ""Ocean's Trilogy""?",chunk_packed_220,ace_focused_220,0.25981458067835284,0.26680304760194146,0.2647533469495142,0.2886829449072268,0.25,213,3,0.0,0.0,216,3,0.0,0.0,195,3,0.0,0.0
5ab878ba55429916710eb06c,"Which game was published first, Near and Far or King of Tokyo?",chunk_packed_220,chunk_packed_220,0.28318554497406645,0.3161299792811427,0.30071209375729957,0.3055341387636444,0.25,215,4,0.0,0.0,218,5,0.0,0.0,217,5,0.0,0.0
5abf877c5542990832d3a147,Are the Kabataş Erkek Lisesi school and the Küçüksu Palace located in the same city?,chunk_packed_220,chunk_packed_220,0.32695262724309276,0.3145368152609144,0.3235554935160163,0.3256440891386626,0.42857142857142855,208,4,0.0,0.0,209,4,0.0,0.0,220,4,0.0,0.0
5ade15ae5542990dbb2f7f4c,"What month was the album released whose lead single was ""Domino Dancing""?",ace_packed_220,chunk_packed_220,0.31939964566227225,0.32330032581880286,0.30813494481961046,0.39936465237108976,0.42857142857142855,208,5,0.0,0.0,215,5,0.0,0.0,215,5,0.0,0.0
5abd2af955429933744ab74b,What movie did actress Irene Jacob complete before the American action crime thriller film directed by Stuart Bird?,ace_packed_220,ace_packed_220,0.22875539310476262,0.25540400092375215,0.2522169974287073,0.2926379910922947,0.42857142857142855,210,3,0.0,0.0,205,4,0.0,0.0,210,4,0.0,0.0
5ab4fd0b55429942dd415fbb,"Mundo Perdido was influenced by an ancient Mesoamerican city located in a sub-valley of the Valley of Mexico, that is 40 km northeast of what modern day city?",chunk_packed_220,ace_packed_220,0.36736530113546684,0.3977657545266113,0.38544299278010863,0.3723448847869121,0.6666666666666666,213,4,0.0,0.0,198,4,0.0,0.0,208,4,0.0,0.0
5ae21ef35542994d89d5b35d,What college teamdid the point guard that led the way for Philedlphia 76ers in the 2017-18 season play basketball in?,ace_packed_220,chunk_packed_220,0.26829434438685223,0.2878728648011916,0.28200062084252475,0.32041846633116094,0.6666666666666666,192,3,1.0,1.0,199,4,1.0,1.0,218,5,1.0,1.0
5abe9cc95542993f32c2a184,"Which Canadian corporation, founded in March, 1994, is a major tenant of the Station Mall is Sault Ste. Marie? ",chunk_packed_220,ace_packed_220,0.35285835518239517,0.3475402897603054,0.3477286545674272,0.3697219010371837,0.42857142857142855,220,5,0.0,0.8,216,5,1.0,1.0,214,4,0.0,0.5
5ade17d255429939a52fe80e,Are both the Wire Fox Terrier and West Siberian Laika dog breeds?,ace_packed_220,ace_packed_220,0.3373973769612134,0.3430612913081844,0.3374287140262106,0.41301192343247883,1.0,204,4,0.0,0.0,193,5,0.0,0.0,216,5,0.0,0.0
5ab8723c55429934fafe6dbc,The 2013–14 Phoenix Suns season brought back a player who now plays for what team?,ace_packed_220,chunk_packed_220,0.2809879105966885,0.29419939145753965,0.2960045085404923,0.37199202821654975,0.1111111111111111,218,3,1.0,1.0,197,5,0.0,0.0,215,5,0.0,0.0
5adfd2f255429925eb1afaa5,A puzzle-platform video game developed by the Valve Corporation is part of what 2012 action-adventure game?,ace_packed_220,ace_packed_220,0.3144199859304654,0.2821830350561806,0.31849599392917605,0.405312755927442,0.6666666666666666,186,4,0.0,0.0,207,5,1.0,1.0,207,5,1.0,1.0
5ac2f79e5542996773102661, Chun Woo-hee's notable films include a South Korean horror film about  a policeman who investigates a series of mysterious killings and what?,chunk_packed_220,ace_packed_220,0.36657949166934933,0.4086210029702845,0.3896450874829783,0.3965537310264318,0.6666666666666666,219,5,0.0,0.0,208,5,0.0,0.0,208,5,0.0,0.0
5ab7ccf455429928e1fe3910,What was the 2010 population of the town where Lake George Avenue Historic District is located?,ace_packed_220,ace_focused_220,0.3303324453116522,0.29792288996303107,0.3031799083682929,0.39116069645831386,0.42857142857142855,218,5,0.0,0.0,215,5,0.0,0.0,213,5,0.0,0.0
5a7ce7b755429909bec76872,The 1990–91 UNLV Runnin' Rebels basketball team coached by Jerry Tarkanian lost in the semifinals of the 1991 NCAA tournament to which team?,ace_packed_220,chunk_packed_220,0.34459620438433736,0.36300841709591947,0.3608292170762293,0.39403107582673047,0.6666666666666666,207,3,1.0,1.0,220,4,1.0,1.0,214,3,1.0,1.0
5a862da855429960ec39b640,Who sponsors the award Alex Rodriguez won two of?,ace_packed_220,ace_packed_220,0.24447630818301472,0.26438939790379956,0.24660901512576455,0.3182336674428156,0.42857142857142855,220,4,0.0,0.0,198,3,0.0,0.0,214,4,0.0,0.0
5adf3e835542993a75d26442,Which comic series involves characters such as Nick Fury and Baron von Strucker?,chunk_packed_220,ace_focused_220,0.27796823568412266,0.3186335137514634,0.29280103186819906,0.30108968893602095,0.6666666666666666,208,4,0.0,0.0,218,5,0.0,0.0,199,5,0.0,0.0
5a7e075c5542995f4f4023a3,Metro West Ambulance serves event support for the building in Portland formerly known as what?,chunk_packed_220,ace_packed_220,0.28377979766038375,0.34815656241862925,0.32389712559590444,0.30908593215477187,0.42857142857142855,216,3,0.0,0.0,209,5,1.0,1.0,216,3,0.0,0.0
5abff0785542997d64295957," Heaven starred what Australian actress who portrayed Katharine Hepburn in the 2004 film ""The Aviator?""",chunk_packed_220,ace_packed_220,0.29352474022308117,0.27097209989740395,0.2930374224669799,0.3045481005209649,0.6666666666666666,203,3,0.0,0.4,196,4,0.0,0.4,213,5,0.0,0.4
5a8d838955429941ae14dfe5,Eleventh Dream Day and The Shins are both rock bands from where?,chunk_packed_220,ace_focused_220,0.323969976695216,0.33022648572379026,0.3308349571168423,0.3343322618005218,0.6666666666666666,217,5,0.0,0.0,218,5,0.0,0.0,208,5,0.0,0.0
5a7502345542993748c89795,What African country is bordered by Libya and the Sudan and is known for the Dar Sila region?,ace_packed_220,ace_packed_220,0.2742919977157368,0.277052434554322,0.27701622743488963,0.31712922852548364,0.6666666666666666,214,5,1.0,1.0,212,5,1.0,1.0,218,5,1.0,1.0
5a78b386554299148911f949,What book did the president and CEO of Tracinda Corporation buy?,ace_packed_220,ace_focused_220,0.23399163930216382,0.20753207797062312,0.2274156661029417,0.3182443089277987,0.42857142857142855,209,5,0.0,0.0,217,5,0.0,0.0,196,5,0.0,0.0
5a8f812755429918e830d245,"What was Robert M. Fomon's connection to the New York Stock Exchange located at 11 Wall Street, Lower Manhattan, New York City, New York?",ace_packed_220,chunk_packed_220,0.3040960702023292,0.31995788169467665,0.31808343049120036,0.40296170594757474,0.6666666666666666,207,4,0.0,0.0,210,4,0.0,0.0,218,4,0.0,0.0
5a8aa1685542992d82986f32,What dance academy did the starring actress from The Glory of Tang Dynasty graduate from?,ace_packed_220,ace_focused_220,0.2999212086360944,0.3051554614514542,0.3209977300417508,0.3609254196112616,0.6666666666666666,205,4,0.0,0.0,220,4,1.0,1.0,208,5,1.0,1.0
5ae237ac554299492dc91be1,What was the population in 2010 of the town where The Stelljes House is located ?,ace_packed_220,ace_packed_220,0.2756718971721483,0.2497492830162084,0.2571978828592032,0.3093898911650076,0.42857142857142855,220,4,0.0,0.0,199,5,0.0,0.0,218,4,0.0,0.0
5a7b43735542992d025e67cb,what type of media does Ratatouille and PlayStation 3 have in common?,chunk_packed_220,ace_packed_220,0.24817194069291498,0.25723857004999195,0.2586477176561982,0.27204276110222797,0.25,220,4,0.0,0.5,215,4,1.0,1.0,219,4,0.0,0.5
5ac3b04f55429939154138b7,Which railway is a part of Summerseat and also runs between Heywood and Rawtenstall?,chunk_packed_220,ace_focused_220,0.3436051291591047,0.3369013435830576,0.3424690660841525,0.35435701364430816,0.6666666666666666,206,4,1.0,1.0,211,5,0.0,0.8571428571428571,193,4,1.0,1.0
5a75d8a3554299109176e5a6,"What league, which is also known as the Barclays Premier League, had its start date pushed back?",ace_packed_220,chunk_packed_220,0.2662484818174477,0.2682082493158614,0.2723489464456124,0.2993162728963176,0.42857142857142855,212,5,0.0,0.5714285714285715,203,4,0.0,0.0,214,4,0.0,0.0
5ab8ee035542991b5579f04b,Are Hot Rod and The Memory of Our People both magazines?,ace_packed_220,chunk_packed_220,0.33875800820981034,0.239589724666148,0.3437540803387521,0.38856469990195813,0.42857142857142855,215,4,0.0,0.0,218,5,0.0,0.0,217,5,0.0,0.0
5a85d4ad5542997175ce2050,Jim Sharman and Ava DuVernay both share what title concerning their actions leading actors in film or stage?,chunk_packed_220,ace_packed_220,0.23693377539977428,0.24540418513332518,0.23948192033993082,0.261110546876416,0.6666666666666666,219,4,1.0,1.0,201,4,1.0,1.0,210,4,1.0,1.0
5adf3feb5542993a75d2644c,Did both Anthony Burgess and Tennessee Williams use pen names?,ace_packed_220,chunk_packed_220,0.25886732311221583,0.2609159076541189,0.25983649654132995,0.30133861182534183,0.42857142857142855,209,5,0.0,0.0,217,4,0.0,0.0,217,4,0.0,0.0
5abf64265542997ec76fd3eb,Dance and Laugh Amongst the Rotten is a studio Album by a band from which country ?,ace_packed_220,ace_packed_220,0.41321471208654903,0.44578903885756027,0.43437689744714836,0.488904275849824,0.42857142857142855,217,5,0.0,0.0,197,5,0.0,0.0,197,5,0.0,0.0
5ac2546a554299636651997b,"Who has released more studio albums, Candlelight Red or Motion City Soundtrack?",ace_packed_220,chunk_packed_220,0.26255255889126433,0.27146012358056015,0.27013261901144003,0.33305338974214294,0.42857142857142855,215,4,1.0,1.0,217,5,0.0,0.0,212,4,0.0,0.0
5a8f503c5542992414482a34,"The Prodigal Daughter, though a book about an American, is by a novelist of what nationality?",chunk_packed_220,ace_packed_220,0.3338971297402716,0.32089443003691076,0.3373947296074127,0.3385866638249503,0.6666666666666666,218,5,0.0,0.0,200,5,1.0,1.0,200,5,0.0,0.0
5a7b3ec95542995eb53be8d3,Edward C. Hugger and Alexander Acosta served at appointees for what job?,ace_packed_220,ace_packed_220,0.23944246371999564,0.2429985254174849,0.24030767749658738,0.2757504957898822,0.42857142857142855,207,5,0.0,0.8571428571428571,218,5,1.0,1.0,218,5,1.0,1.0
5ae368715542991a06ce99bd,Which major Australian city is close to the Pelican Point Power Station on the Lefevre Peninsula?,ace_packed_220,ace_focused_220,0.3115961871085647,0.34519818081420284,0.3365687324968526,0.38962466930888456,1.0,199,4,1.0,1.0,199,4,1.0,1.0,193,4,1.0,1.0
5a7380e055429908901be2d6,"Which building is newer, The Spiral, or the New York World Building?",ace_packed_220,ace_packed_220,0.34151409690253803,0.23784741614353433,0.3194990777009141,0.40068527484358685,0.6666666666666666,220,4,1.0,1.0,206,4,1.0,1.0,218,4,1.0,1.0
5a81dbfc55429903bc27b9f2,What movie character was based on the martial arts actor known as JCVD?,chunk_packed_220,ace_focused_220,0.20588530555425552,0.28558864485840507,0.24584365558907145,0.23208480869325124,0.6666666666666666,212,4,0.0,0.0,219,4,0.0,0.0,209,4,0.0,0.0
5a7e3b585542995ed0d166df,"Which film was released first, Home on the Range or Pete's Dragon?",ace_packed_220,ace_packed_220,0.2886358835314826,0.23257817161030747,0.2994359257928154,0.34044802975672883,0.6666666666666666,203,4,1.0,1.0,201,5,1.0,1.0,201,5,1.0,1.0
5a72ba1a5542992359bc318b,"Which song did Eminem and Rihanna collaborate on after their other collaboration song in studio album ""Unapologetic?""",chunk_packed_220,ace_focused_220,0.2683201725895637,0.27063207112865784,0.2741864742497224,0.2692676953384103,0.6666666666666666,203,3,0.0,0.0,205,5,0.0,0.0,199,5,1.0,1.0
5abeebe25542993fe9a41d9c, Season of Migration to the North  is a counter narrative to a novella by what Polish-British novelist?,ace_packed_220,ace_focused_220,0.32636340462156893,0.3306743683684302,0.33010687730600163,0.38856558269586117,0.25,220,4,1.0,1.0,213,4,1.0,1.0,194,4,1.0,1.0
5a7ca95b55429935c91b5287,"Who lived longer, American author Owen Wister or Canadian author Lucy Maud Montgomery? ",chunk_packed_220,ace_packed_220,0.2946316932323219,0.30555706613291933,0.30542182738425283,0.30480923140053273,0.6666666666666666,216,5,1.0,1.0,210,5,1.0,1.0,211,5,1.0,1.0
5a7f1d3c5542993067513639,Which European based oil giant bought the commodities trading arm of J.P. Morgan in 2014?,ace_packed_220,ace_packed_220,0.2800840533956389,0.31543359893335565,0.3330276282789884,0.437131461324728,0.25,213,5,1.0,1.0,210,4,1.0,1.0,214,4,1.0,1.0
5ac29cf8554299218029dac2,"Who is the American actress performed ""Take On The World"" with Sabrina Carpenter?",ace_packed_220,chunk_packed_220,0.2597952992598964,0.26559256647500235,0.2648494903725116,0.321989446063059,0.42857142857142855,219,5,0.0,0.0,220,5,0.0,0.0,220,5,0.0,0.0
5a77d12755429967ab1052b8,"Who was born first, Jaap Speyer or Bruce Conner?",ace_packed_220,chunk_packed_220,0.2719406357746929,0.26949662009135067,0.2814441708924993,0.30606860093732635,0.42857142857142855,220,4,1.0,1.0,220,5,1.0,1.0,220,5,1.0,1.0
5adc020a5542994650320c4c,Are Jeff Ragsdale and Millard Webb both authors?,ace_packed_220,ace_packed_220,0.2391342606522913,0.2606166690675388,0.2560028675450815,0.3253256930970829,0.42857142857142855,218,5,1.0,1.0,213,5,1.0,1.0,214,5,1.0,1.0
5ade02d05542997545bbbe0d,Shirley Breeden won her first Senate term in a narrow upset over the politician who was a member of what branch of the armed forces?,chunk_packed_220,chunk_packed_220,0.3340004626153642,0.36362835137368943,0.3583218608861121,0.27346653477515215,0.25,191,4,0.0,0.6666666666666666,219,5,0.0,0.4,220,5,0.0,0.0
5a8e5f1f5542995a26add4d6,"Which dog is believed to dispel ghosts and evil spirits, Segugio Italiano or Sapsali?",ace_packed_220,ace_packed_220,0.3103314957319785,0.3857551907823171,0.3527416187342167,0.36564109250950944,1.0,220,4,1.0,1.0,210,5,1.0,1.0,219,5,1.0,1.0
