=== control/main.py: HotpotQA Qwen3B budget curve ===
Copied extracted project /kaggle/input/datasets/anantonayan/dataset12 to /kaggle/working/ace_rag_research_v12_routerfix
$ /usr/bin/python3 -m pip install -q -r requirements-cloud.txt
[start] stage3_hotpotqa_budget160_seed7_limit1000_qwen3b candidates=chunk_packed_160,ace_packed_160,ace_focused_160
$ /usr/bin/python3 -m experiments.run_stage3_router --dataset hotpotqa --split validation --seed 7 --limit 1000 --embed-device cuda --compressor truncate --compress-dims 320 --top-k-nodes 48 --max-expanded-docs 5 --ace-retriever standard --reader-model Qwen/Qwen2.5-3B-Instruct --reader-device cuda --reader-batch-size 2 --chunk-budget 160 --ace-packed-budget 160 --ace-focused-budget 160 --router-candidates chunk_packed_160,ace_packed_160,ace_focused_160 --out-dir /kaggle/working/colab_results/stage3_hotpotqa_budget160_seed7_limit1000_qwen3b
hotpotqa[hf:validation:1000]: 9814 docs, 1000 questions, 2.00 gold docs/question
[stage3] retrieving chunk baseline
2026-06-27 15:29:45.080657: E external/local_xla/xla/stream_executor/cuda/cuda_fft.cc:467] Unable to register cuFFT factory: Attempting to register factory for plugin cuFFT when one has already been registered
WARNING: All log messages before absl::InitializeLog() is called are written to STDERR
E0000 00:00:1782574185.105273    1529 cuda_dnn.cc:8579] Unable to register cuDNN factory: Attempting to register factory for plugin cuDNN when one has already been registered
E0000 00:00:1782574185.113573    1529 cuda_blas.cc:1407] Unable to register cuBLAS factory: Attempting to register factory for plugin cuBLAS when one has already been registered
W0000 00:00:1782574185.134331    1529 computation_placer.cc:177] computation placer already registered. Please check linkage and avoid linking the same target more than once.
W0000 00:00:1782574185.134356    1529 computation_placer.cc:177] computation placer already registered. Please check linkage and avoid linking the same target more than once.
W0000 00:00:1782574185.134358    1529 computation_placer.cc:177] computation placer already registered. Please check linkage and avoid linking the same target more than once.
W0000 00:00:1782574185.134361    1529 computation_placer.cc:177] computation placer already registered. Please check linkage and avoid linking the same target more than once.
[chunk] fitting/indexing
[embed] encoding 9814 texts on device=cuda:0

Batches:   0%|          | 0/154 [00:00<?, ?it/s]
Batches:   1%|          | 1/154 [00:00<02:31,  1.01it/s]
Batches:   1%|▏         | 2/154 [00:01<01:51,  1.37it/s]
Batches:   2%|▏         | 3/154 [00:02<01:32,  1.64it/s]
Batches:   3%|▎         | 4/154 [00:02<01:19,  1.88it/s]
Batches:   3%|▎         | 5/154 [00:02<01:11,  2.09it/s]
Batches:   4%|▍         | 6/154 [00:03<01:07,  2.20it/s]
Batches:   5%|▍         | 7/154 [00:03<00:59,  2.46it/s]
Batches:   5%|▌         | 8/154 [00:03<00:56,  2.59it/s]
Batches:   6%|▌         | 9/154 [00:04<00:55,  2.60it/s]
Batches:   6%|▋         | 10/154 [00:04<00:51,  2.80it/s]
Batches:   7%|▋         | 11/154 [00:04<00:49,  2.91it/s]
Batches:   8%|▊         | 12/154 [00:05<00:48,  2.93it/s]
Batches:   8%|▊         | 13/154 [00:05<00:45,  3.07it/s]
Batches:   9%|▉         | 14/154 [00:05<00:43,  3.20it/s]
Batches:  10%|▉         | 15/154 [00:06<00:41,  3.39it/s]
Batches:  10%|█         | 16/154 [00:06<00:39,  3.49it/s]
Batches:  11%|█         | 17/154 [00:06<00:40,  3.41it/s]
Batches:  12%|█▏        | 18/154 [00:06<00:37,  3.63it/s]
Batches:  12%|█▏        | 19/154 [00:07<00:37,  3.59it/s]
Batches:  13%|█▎        | 20/154 [00:07<00:35,  3.73it/s]
Batches:  14%|█▎        | 21/154 [00:07<00:34,  3.89it/s]
Batches:  14%|█▍        | 22/154 [00:07<00:35,  3.71it/s]
Batches:  15%|█▍        | 23/154 [00:08<00:36,  3.58it/s]
Batches:  16%|█▌        | 24/154 [00:08<00:35,  3.71it/s]
Batches:  16%|█▌        | 25/154 [00:08<00:33,  3.86it/s]
Batches:  17%|█▋        | 26/154 [00:08<00:32,  4.00it/s]
Batches:  18%|█▊        | 27/154 [00:09<00:31,  3.99it/s]
Batches:  18%|█▊        | 28/154 [00:09<00:30,  4.14it/s]
Batches:  19%|█▉        | 29/154 [00:09<00:29,  4.18it/s]
Batches:  19%|█▉        | 30/154 [00:09<00:28,  4.29it/s]
Batches:  20%|██        | 31/154 [00:10<00:27,  4.42it/s]
Batches:  21%|██        | 32/154 [00:10<00:27,  4.47it/s]
Batches:  21%|██▏       | 33/154 [00:10<00:26,  4.61it/s]
Batches:  22%|██▏       | 34/154 [00:10<00:25,  4.66it/s]
Batches:  23%|██▎       | 35/154 [00:10<00:25,  4.68it/s]
Batches:  23%|██▎       | 36/154 [00:11<00:25,  4.67it/s]
Batches:  24%|██▍       | 37/154 [00:11<00:24,  4.69it/s]
Batches:  25%|██▍       | 38/154 [00:11<00:25,  4.57it/s]
Batches:  25%|██▌       | 39/154 [00:11<00:24,  4.65it/s]
Batches:  26%|██▌       | 40/154 [00:11<00:23,  4.82it/s]
Batches:  27%|██▋       | 41/154 [00:12<00:23,  4.82it/s]
Batches:  27%|██▋       | 42/154 [00:12<00:24,  4.64it/s]
Batches:  28%|██▊       | 43/154 [00:12<00:22,  4.86it/s]
Batches:  29%|██▊       | 44/154 [00:12<00:21,  5.11it/s]
Batches:  29%|██▉       | 45/154 [00:12<00:20,  5.27it/s]
Batches:  30%|██▉       | 46/154 [00:13<00:20,  5.36it/s]
Batches:  31%|███       | 47/154 [00:13<00:19,  5.54it/s]
Batches:  31%|███       | 48/154 [00:13<00:19,  5.54it/s]
Batches:  32%|███▏      | 49/154 [00:13<00:19,  5.39it/s]
Batches:  32%|███▏      | 50/154 [00:13<00:19,  5.43it/s]
Batches:  33%|███▎      | 51/154 [00:13<00:18,  5.46it/s]
Batches:  34%|███▍      | 52/154 [00:14<00:18,  5.52it/s]
Batches:  34%|███▍      | 53/154 [00:14<00:18,  5.53it/s]
Batches:  35%|███▌      | 54/154 [00:14<00:17,  5.73it/s]
Batches:  36%|███▌      | 55/154 [00:14<00:17,  5.79it/s]
Batches:  36%|███▋      | 56/154 [00:14<00:18,  5.22it/s]
Batches:  37%|███▋      | 57/154 [00:15<00:17,  5.53it/s]
Batches:  38%|███▊      | 58/154 [00:15<00:16,  5.76it/s]
Batches:  38%|███▊      | 59/154 [00:15<00:16,  5.91it/s]
Batches:  39%|███▉      | 60/154 [00:15<00:16,  5.75it/s]
Batches:  40%|███▉      | 61/154 [00:15<00:15,  5.89it/s]
Batches:  40%|████      | 62/154 [00:15<00:15,  5.92it/s]
Batches:  41%|████      | 63/154 [00:16<00:15,  6.01it/s]
Batches:  42%|████▏     | 64/154 [00:16<00:15,  5.86it/s]
Batches:  42%|████▏     | 65/154 [00:16<00:14,  6.03it/s]
Batches:  43%|████▎     | 66/154 [00:16<00:15,  5.86it/s]
Batches:  44%|████▎     | 67/154 [00:16<00:14,  6.02it/s]
Batches:  44%|████▍     | 68/154 [00:16<00:14,  6.12it/s]
Batches:  45%|████▍     | 69/154 [00:17<00:13,  6.28it/s]
Batches:  45%|████▌     | 70/154 [00:17<00:13,  6.45it/s]
Batches:  46%|████▌     | 71/154 [00:17<00:12,  6.39it/s]
Batches:  47%|████▋     | 72/154 [00:17<00:12,  6.45it/s]
Batches:  47%|████▋     | 73/154 [00:17<00:12,  6.41it/s]
Batches:  48%|████▊     | 74/154 [00:17<00:12,  6.47it/s]
Batches:  49%|████▊     | 75/154 [00:17<00:12,  6.51it/s]
Batches:  49%|████▉     | 76/154 [00:18<00:11,  6.66it/s]
Batches:  50%|█████     | 77/154 [00:18<00:10,  7.01it/s]
Batches:  51%|█████     | 78/154 [00:18<00:10,  7.30it/s]
Batches:  51%|█████▏    | 79/154 [00:18<00:10,  7.21it/s]
Batches:  52%|█████▏    | 80/154 [00:18<00:09,  7.45it/s]
Batches:  53%|█████▎    | 81/154 [00:18<00:10,  7.14it/s]
Batches:  53%|█████▎    | 82/154 [00:18<00:10,  6.98it/s]
Batches:  54%|█████▍    | 83/154 [00:19<00:10,  6.93it/s]
Batches:  55%|█████▍    | 84/154 [00:19<00:10,  6.91it/s]
Batches:  55%|█████▌    | 85/154 [00:19<00:10,  6.78it/s]
Batches:  56%|█████▌    | 86/154 [00:19<00:09,  6.96it/s]
Batches:  56%|█████▋    | 87/154 [00:19<00:09,  7.25it/s]
Batches:  57%|█████▋    | 88/154 [00:19<00:09,  7.18it/s]
Batches:  58%|█████▊    | 89/154 [00:19<00:09,  7.11it/s]
Batches:  58%|█████▊    | 90/154 [00:20<00:08,  7.19it/s]
Batches:  59%|█████▉    | 91/154 [00:20<00:09,  7.00it/s]
Batches:  60%|█████▉    | 92/154 [00:20<00:08,  7.35it/s]
Batches:  60%|██████    | 93/154 [00:20<00:08,  7.58it/s]
Batches:  61%|██████    | 94/154 [00:20<00:07,  7.86it/s]
Batches:  62%|██████▏   | 95/154 [00:20<00:07,  7.94it/s]
Batches:  62%|██████▏   | 96/154 [00:20<00:07,  8.24it/s]
Batches:  63%|██████▎   | 97/154 [00:20<00:06,  8.33it/s]
Batches:  64%|██████▎   | 98/154 [00:21<00:06,  8.53it/s]
Batches:  64%|██████▍   | 99/154 [00:21<00:06,  8.81it/s]
Batches:  65%|██████▍   | 100/154 [00:21<00:06,  8.62it/s]
Batches:  66%|██████▌   | 101/154 [00:21<00:06,  8.77it/s]
Batches:  66%|██████▌   | 102/154 [00:21<00:05,  8.71it/s]
Batches:  67%|██████▋   | 103/154 [00:21<00:05,  8.82it/s]
Batches:  68%|██████▊   | 104/154 [00:21<00:05,  8.76it/s]
Batches:  69%|██████▉   | 106/154 [00:21<00:05,  9.32it/s]
Batches:  69%|██████▉   | 107/154 [00:22<00:05,  8.63it/s]
Batches:  70%|███████   | 108/154 [00:22<00:05,  8.79it/s]
Batches:  71%|███████   | 109/154 [00:22<00:04,  9.06it/s]
Batches:  71%|███████▏  | 110/154 [00:22<00:04,  9.25it/s]
Batches:  73%|███████▎  | 112/154 [00:22<00:04,  9.56it/s]
Batches:  73%|███████▎  | 113/154 [00:22<00:04,  9.60it/s]
Batches:  75%|███████▍  | 115/154 [00:22<00:03,  9.90it/s]
Batches:  76%|███████▌  | 117/154 [00:23<00:03, 10.15it/s]
Batches:  77%|███████▋  | 119/154 [00:23<00:03, 10.39it/s]
Batches:  79%|███████▊  | 121/154 [00:23<00:03, 10.66it/s]
Batches:  80%|███████▉  | 123/154 [00:23<00:02, 10.77it/s]
Batches:  81%|████████  | 125/154 [00:23<00:02, 10.97it/s]
Batches:  82%|████████▏ | 127/154 [00:23<00:02, 11.24it/s]
Batches:  84%|████████▍ | 129/154 [00:24<00:02, 11.41it/s]
Batches:  85%|████████▌ | 131/154 [00:24<00:02, 11.50it/s]
Batches:  86%|████████▋ | 133/154 [00:24<00:01, 11.80it/s]
Batches:  88%|████████▊ | 135/154 [00:24<00:01, 12.26it/s]
Batches:  89%|████████▉ | 137/154 [00:24<00:01, 12.76it/s]
Batches:  90%|█████████ | 139/154 [00:24<00:01, 13.18it/s]
Batches:  92%|█████████▏| 141/154 [00:24<00:00, 13.47it/s]
Batches:  93%|█████████▎| 143/154 [00:25<00:00, 14.04it/s]
Batches:  94%|█████████▍| 145/154 [00:25<00:00, 14.69it/s]
Batches:  95%|█████████▌| 147/154 [00:25<00:00, 15.77it/s]
Batches:  97%|█████████▋| 149/154 [00:25<00:00, 16.65it/s]
Batches:  99%|█████████▊| 152/154 [00:25<00:00, 18.94it/s]
Batches: 100%|██████████| 154/154 [00:25<00:00,  6.01it/s]
[chunk] retrieving
[embed] encoding 1000 texts on device=cuda:0

Batches:   0%|          | 0/16 [00:00<?, ?it/s]
Batches:  19%|█▉        | 3/16 [00:00<00:00, 25.94it/s]
Batches:  44%|████▍     | 7/16 [00:00<00:00, 29.63it/s]
Batches:  69%|██████▉   | 11/16 [00:00<00:00, 32.83it/s]
Batches: 100%|██████████| 16/16 [00:00<00:00, 38.40it/s]
Batches: 100%|██████████| 16/16 [00:00<00:00, 35.30it/s]
[stage3] retrieving BM25 baseline
[bm25] fitting/indexing
[bm25] retrieving
[stage3] retrieving hybrid baseline
[hybrid] fitting/indexing
[embed] encoding 9814 texts on device=cuda:0

Batches:   0%|          | 0/154 [00:00<?, ?it/s]
Batches:   1%|          | 1/154 [00:00<01:52,  1.36it/s]
Batches:   1%|▏         | 2/154 [00:01<01:38,  1.55it/s]
Batches:   2%|▏         | 3/154 [00:01<01:27,  1.73it/s]
Batches:   3%|▎         | 4/154 [00:02<01:18,  1.91it/s]
Batches:   3%|▎         | 5/154 [00:02<01:11,  2.09it/s]
Batches:   4%|▍         | 6/154 [00:03<01:08,  2.16it/s]
Batches:   5%|▍         | 7/154 [00:03<01:01,  2.39it/s]
Batches:   5%|▌         | 8/154 [00:03<00:58,  2.51it/s]
Batches:   6%|▌         | 9/154 [00:04<00:58,  2.50it/s]
Batches:   6%|▋         | 10/154 [00:04<00:53,  2.67it/s]
Batches:   7%|▋         | 11/154 [00:04<00:51,  2.78it/s]
Batches:   8%|▊         | 12/154 [00:05<00:50,  2.80it/s]
Batches:   8%|▊         | 13/154 [00:05<00:48,  2.93it/s]
Batches:   9%|▉         | 14/154 [00:05<00:46,  3.03it/s]
Batches:  10%|▉         | 15/154 [00:06<00:43,  3.23it/s]
Batches:  10%|█         | 16/154 [00:06<00:41,  3.33it/s]
Batches:  11%|█         | 17/154 [00:06<00:42,  3.26it/s]
Batches:  12%|█▏        | 18/154 [00:06<00:39,  3.48it/s]
Batches:  12%|█▏        | 19/154 [00:07<00:39,  3.44it/s]
Batches:  13%|█▎        | 20/154 [00:07<00:37,  3.59it/s]
Batches:  14%|█▎        | 21/154 [00:07<00:35,  3.74it/s]
Batches:  14%|█▍        | 22/154 [00:07<00:37,  3.55it/s]
Batches:  15%|█▍        | 23/154 [00:08<00:38,  3.41it/s]
Batches:  16%|█▌        | 24/154 [00:08<00:36,  3.54it/s]
Batches:  16%|█▌        | 25/154 [00:08<00:34,  3.69it/s]
Batches:  17%|█▋        | 26/154 [00:09<00:34,  3.75it/s]
Batches:  18%|█▊        | 27/154 [00:09<00:33,  3.74it/s]
Batches:  18%|█▊        | 28/154 [00:09<00:32,  3.89it/s]
Batches:  19%|█▉        | 29/154 [00:09<00:31,  3.94it/s]
Batches:  19%|█▉        | 30/154 [00:10<00:30,  4.02it/s]
Batches:  20%|██        | 31/154 [00:10<00:29,  4.16it/s]
Batches:  21%|██        | 32/154 [00:10<00:29,  4.18it/s]
Batches:  21%|██▏       | 33/154 [00:10<00:27,  4.36it/s]
Batches:  22%|██▏       | 34/154 [00:10<00:27,  4.40it/s]
Batches:  23%|██▎       | 35/154 [00:11<00:26,  4.42it/s]
Batches:  23%|██▎       | 36/154 [00:11<00:27,  4.33it/s]
Batches:  24%|██▍       | 37/154 [00:11<00:26,  4.36it/s]
Batches:  25%|██▍       | 38/154 [00:11<00:27,  4.23it/s]
Batches:  25%|██▌       | 39/154 [00:12<00:26,  4.30it/s]
Batches:  26%|██▌       | 40/154 [00:12<00:25,  4.50it/s]
Batches:  27%|██▋       | 41/154 [00:12<00:25,  4.47it/s]
Batches:  27%|██▋       | 42/154 [00:12<00:26,  4.25it/s]
Batches:  28%|██▊       | 43/154 [00:12<00:24,  4.48it/s]
Batches:  29%|██▊       | 44/154 [00:13<00:23,  4.71it/s]
Batches:  29%|██▉       | 45/154 [00:13<00:22,  4.81it/s]
Batches:  30%|██▉       | 46/154 [00:13<00:22,  4.90it/s]
Batches:  31%|███       | 47/154 [00:13<00:21,  4.95it/s]
Batches:  31%|███       | 48/154 [00:13<00:21,  5.01it/s]
Batches:  32%|███▏      | 49/154 [00:14<00:21,  4.95it/s]
Batches:  32%|███▏      | 50/154 [00:14<00:20,  5.01it/s]
Batches:  33%|███▎      | 51/154 [00:14<00:20,  5.06it/s]
Batches:  34%|███▍      | 52/154 [00:14<00:19,  5.11it/s]
Batches:  34%|███▍      | 53/154 [00:14<00:19,  5.13it/s]
Batches:  35%|███▌      | 54/154 [00:15<00:18,  5.29it/s]
Batches:  36%|███▌      | 55/154 [00:15<00:18,  5.36it/s]
Batches:  36%|███▋      | 56/154 [00:15<00:20,  4.82it/s]
Batches:  37%|███▋      | 57/154 [00:15<00:18,  5.11it/s]
Batches:  38%|███▊      | 58/154 [00:15<00:17,  5.33it/s]
Batches:  38%|███▊      | 59/154 [00:16<00:17,  5.48it/s]
Batches:  39%|███▉      | 60/154 [00:16<00:17,  5.35it/s]
Batches:  40%|███▉      | 61/154 [00:16<00:16,  5.51it/s]
Batches:  40%|████      | 62/154 [00:16<00:16,  5.50it/s]
Batches:  41%|████      | 63/154 [00:16<00:16,  5.59it/s]
Batches:  42%|████▏     | 64/154 [00:16<00:16,  5.42it/s]
Batches:  42%|████▏     | 65/154 [00:17<00:15,  5.59it/s]
Batches:  43%|████▎     | 66/154 [00:17<00:16,  5.44it/s]
Batches:  44%|████▎     | 67/154 [00:17<00:15,  5.61it/s]
Batches:  44%|████▍     | 68/154 [00:17<00:15,  5.69it/s]
Batches:  45%|████▍     | 69/154 [00:17<00:14,  5.81it/s]
Batches:  45%|████▌     | 70/154 [00:17<00:14,  5.94it/s]
Batches:  46%|████▌     | 71/154 [00:18<00:14,  5.92it/s]
Batches:  47%|████▋     | 72/154 [00:18<00:13,  5.97it/s]
Batches:  47%|████▋     | 73/154 [00:18<00:13,  5.93it/s]
Batches:  48%|████▊     | 74/154 [00:18<00:13,  6.02it/s]
Batches:  49%|████▊     | 75/154 [00:18<00:12,  6.08it/s]
Batches:  49%|████▉     | 76/154 [00:18<00:12,  6.23it/s]
Batches:  50%|█████     | 77/154 [00:19<00:11,  6.54it/s]
Batches:  51%|█████     | 78/154 [00:19<00:11,  6.80it/s]
Batches:  51%|█████▏    | 79/154 [00:19<00:11,  6.73it/s]
Batches:  52%|█████▏    | 80/154 [00:19<00:10,  6.97it/s]
Batches:  53%|█████▎    | 81/154 [00:19<00:10,  6.64it/s]
Batches:  53%|█████▎    | 82/154 [00:19<00:11,  6.51it/s]
Batches:  54%|█████▍    | 83/154 [00:20<00:11,  6.44it/s]
Batches:  55%|█████▍    | 84/154 [00:20<00:10,  6.46it/s]
Batches:  55%|█████▌    | 85/154 [00:20<00:10,  6.30it/s]
Batches:  56%|█████▌    | 86/154 [00:20<00:10,  6.46it/s]
Batches:  56%|█████▋    | 87/154 [00:20<00:09,  6.71it/s]
Batches:  57%|█████▋    | 88/154 [00:20<00:09,  6.61it/s]
Batches:  58%|█████▊    | 89/154 [00:20<00:09,  6.56it/s]
Batches:  58%|█████▊    | 90/154 [00:21<00:09,  6.55it/s]
Batches:  59%|█████▉    | 91/154 [00:21<00:09,  6.42it/s]
Batches:  60%|█████▉    | 92/154 [00:21<00:09,  6.82it/s]
Batches:  60%|██████    | 93/154 [00:21<00:08,  7.02it/s]
Batches:  61%|██████    | 94/154 [00:21<00:08,  7.27it/s]
Batches:  62%|██████▏   | 95/154 [00:21<00:08,  7.31it/s]
Batches:  62%|██████▏   | 96/154 [00:21<00:07,  7.60it/s]
Batches:  63%|██████▎   | 97/154 [00:22<00:07,  7.73it/s]
Batches:  64%|██████▎   | 98/154 [00:22<00:07,  7.90it/s]
Batches:  64%|██████▍   | 99/154 [00:22<00:06,  8.19it/s]
Batches:  65%|██████▍   | 100/154 [00:22<00:06,  7.97it/s]
Batches:  66%|██████▌   | 101/154 [00:22<00:06,  8.13it/s]
Batches:  66%|██████▌   | 102/154 [00:22<00:06,  8.11it/s]
Batches:  67%|██████▋   | 103/154 [00:22<00:06,  8.21it/s]
Batches:  68%|██████▊   | 104/154 [00:22<00:06,  8.17it/s]
Batches:  68%|██████▊   | 105/154 [00:22<00:05,  8.48it/s]
Batches:  69%|██████▉   | 106/154 [00:23<00:05,  8.65it/s]
Batches:  69%|██████▉   | 107/154 [00:23<00:05,  7.85it/s]
Batches:  70%|███████   | 108/154 [00:23<00:05,  7.99it/s]
Batches:  71%|███████   | 109/154 [00:23<00:05,  8.25it/s]
Batches:  71%|███████▏  | 110/154 [00:23<00:05,  8.47it/s]
Batches:  72%|███████▏  | 111/154 [00:23<00:04,  8.74it/s]
Batches:  73%|███████▎  | 112/154 [00:23<00:04,  8.79it/s]
Batches:  73%|███████▎  | 113/154 [00:23<00:04,  8.85it/s]
Batches:  75%|███████▍  | 115/154 [00:24<00:04,  9.19it/s]
Batches:  76%|███████▌  | 117/154 [00:24<00:03,  9.47it/s]
Batches:  77%|███████▋  | 119/154 [00:24<00:03,  9.61it/s]
Batches:  79%|███████▊  | 121/154 [00:24<00:03,  9.86it/s]
Batches:  80%|███████▉  | 123/154 [00:24<00:03,  9.95it/s]
Batches:  81%|████████  | 125/154 [00:25<00:02, 10.13it/s]
Batches:  82%|████████▏ | 127/154 [00:25<00:02, 10.47it/s]
Batches:  84%|████████▍ | 129/154 [00:25<00:02, 10.63it/s]
Batches:  85%|████████▌ | 131/154 [00:25<00:02, 10.74it/s]
Batches:  86%|████████▋ | 133/154 [00:25<00:01, 11.10it/s]
Batches:  88%|████████▊ | 135/154 [00:25<00:01, 11.54it/s]
Batches:  89%|████████▉ | 137/154 [00:26<00:01, 12.07it/s]
Batches:  90%|█████████ | 139/154 [00:26<00:01, 12.44it/s]
Batches:  92%|█████████▏| 141/154 [00:26<00:01, 12.66it/s]
Batches:  93%|█████████▎| 143/154 [00:26<00:00, 13.19it/s]
Batches:  94%|█████████▍| 145/154 [00:26<00:00, 13.76it/s]
Batches:  95%|█████████▌| 147/154 [00:26<00:00, 14.66it/s]
Batches:  97%|█████████▋| 149/154 [00:26<00:00, 15.58it/s]
Batches:  98%|█████████▊| 151/154 [00:26<00:00, 16.68it/s]
Batches: 100%|██████████| 154/154 [00:27<00:00,  5.69it/s]
[hybrid] retrieving
[embed] encoding 1000 texts on device=cuda:0

Batches:   0%|          | 0/16 [00:00<?, ?it/s]
Batches:  19%|█▉        | 3/16 [00:00<00:00, 25.60it/s]
Batches:  38%|███▊      | 6/16 [00:00<00:00, 27.02it/s]
Batches:  62%|██████▎   | 10/16 [00:00<00:00, 30.50it/s]
Batches:  88%|████████▊ | 14/16 [00:00<00:00, 33.88it/s]
Batches: 100%|██████████| 16/16 [00:00<00:00, 33.49it/s]
[stage3] retrieving ACE graph
[ace] building evidence graph
[ace] graph built: nodes=93611 edges=150277
[ace] fitting/indexing embeddings
[embed] encoding 83797 texts on device=cuda:0

Batches:   0%|          | 0/1310 [00:00<?, ?it/s]
Batches:   0%|          | 1/1310 [00:00<09:37,  2.27it/s]
Batches:   0%|          | 2/1310 [00:00<06:59,  3.12it/s]
Batches:   0%|          | 3/1310 [00:00<05:22,  4.05it/s]
Batches:   0%|          | 4/1310 [00:00<04:28,  4.87it/s]
Batches:   0%|          | 5/1310 [00:01<04:18,  5.06it/s]
Batches:   0%|          | 6/1310 [00:01<03:46,  5.75it/s]
Batches:   1%|          | 7/1310 [00:01<03:24,  6.37it/s]
Batches:   1%|          | 8/1310 [00:01<03:14,  6.68it/s]
Batches:   1%|          | 9/1310 [00:01<03:03,  7.10it/s]
Batches:   1%|          | 10/1310 [00:01<02:55,  7.43it/s]
Batches:   1%|          | 11/1310 [00:01<02:54,  7.45it/s]
Batches:   1%|          | 12/1310 [00:02<02:42,  7.97it/s]
Batches:   1%|          | 13/1310 [00:02<02:43,  7.92it/s]
Batches:   1%|          | 14/1310 [00:02<02:37,  8.22it/s]
Batches:   1%|          | 15/1310 [00:02<02:33,  8.46it/s]
Batches:   1%|          | 16/1310 [00:02<02:33,  8.44it/s]
Batches:   1%|▏         | 17/1310 [00:02<02:31,  8.55it/s]
Batches:   1%|▏         | 18/1310 [00:02<02:28,  8.69it/s]
Batches:   1%|▏         | 19/1310 [00:02<02:24,  8.91it/s]
Batches:   2%|▏         | 21/1310 [00:03<02:10,  9.90it/s]
Batches:   2%|▏         | 22/1310 [00:03<02:13,  9.68it/s]
Batches:   2%|▏         | 23/1310 [00:03<02:12,  9.73it/s]
Batches:   2%|▏         | 25/1310 [00:03<02:09,  9.89it/s]
Batches:   2%|▏         | 27/1310 [00:03<02:05, 10.21it/s]
Batches:   2%|▏         | 29/1310 [00:03<02:04, 10.30it/s]
Batches:   2%|▏         | 31/1310 [00:03<02:05, 10.16it/s]
Batches:   3%|▎         | 33/1310 [00:04<02:02, 10.41it/s]
Batches:   3%|▎         | 35/1310 [00:04<01:58, 10.75it/s]
Batches:   3%|▎         | 37/1310 [00:04<02:03, 10.30it/s]
Batches:   3%|▎         | 39/1310 [00:04<02:01, 10.49it/s]
Batches:   3%|▎         | 41/1310 [00:04<01:59, 10.58it/s]
Batches:   3%|▎         | 43/1310 [00:05<01:54, 11.04it/s]
Batches:   3%|▎         | 45/1310 [00:05<01:51, 11.35it/s]
Batches:   4%|▎         | 47/1310 [00:05<01:49, 11.53it/s]
Batches:   4%|▎         | 49/1310 [00:05<01:49, 11.56it/s]
Batches:   4%|▍         | 51/1310 [00:05<01:44, 12.09it/s]
Batches:   4%|▍         | 53/1310 [00:05<01:43, 12.13it/s]
Batches:   4%|▍         | 55/1310 [00:06<01:40, 12.50it/s]
Batches:   4%|▍         | 57/1310 [00:06<01:40, 12.52it/s]
Batches:   5%|▍         | 59/1310 [00:06<01:42, 12.24it/s]
Batches:   5%|▍         | 61/1310 [00:06<01:47, 11.60it/s]
Batches:   5%|▍         | 63/1310 [00:06<01:44, 11.92it/s]
Batches:   5%|▍         | 65/1310 [00:06<01:42, 12.15it/s]
Batches:   5%|▌         | 67/1310 [00:07<01:42, 12.07it/s]
Batches:   5%|▌         | 69/1310 [00:07<01:38, 12.54it/s]
Batches:   5%|▌         | 71/1310 [00:07<01:34, 13.16it/s]
Batches:   6%|▌         | 73/1310 [00:07<01:32, 13.32it/s]
Batches:   6%|▌         | 75/1310 [00:07<01:34, 13.07it/s]
Batches:   6%|▌         | 77/1310 [00:07<01:36, 12.77it/s]
Batches:   6%|▌         | 79/1310 [00:07<01:34, 13.09it/s]
Batches:   6%|▌         | 81/1310 [00:08<01:32, 13.28it/s]
Batches:   6%|▋         | 83/1310 [00:08<01:33, 13.05it/s]
Batches:   6%|▋         | 85/1310 [00:08<01:31, 13.40it/s]
Batches:   7%|▋         | 87/1310 [00:08<01:28, 13.83it/s]
Batches:   7%|▋         | 89/1310 [00:08<01:25, 14.24it/s]
Batches:   7%|▋         | 91/1310 [00:08<01:25, 14.24it/s]
Batches:   7%|▋         | 93/1310 [00:08<01:25, 14.18it/s]
Batches:   7%|▋         | 95/1310 [00:09<01:23, 14.55it/s]
Batches:   7%|▋         | 97/1310 [00:09<01:24, 14.41it/s]
Batches:   8%|▊         | 99/1310 [00:09<01:21, 14.87it/s]
Batches:   8%|▊         | 101/1310 [00:09<01:20, 14.98it/s]
Batches:   8%|▊         | 103/1310 [00:09<01:23, 14.49it/s]
Batches:   8%|▊         | 105/1310 [00:09<01:23, 14.41it/s]
Batches:   8%|▊         | 107/1310 [00:09<01:20, 14.88it/s]
Batches:   8%|▊         | 109/1310 [00:10<01:19, 15.11it/s]
Batches:   8%|▊         | 111/1310 [00:10<01:18, 15.28it/s]
Batches:   9%|▊         | 113/1310 [00:10<01:19, 14.97it/s]
Batches:   9%|▉         | 115/1310 [00:10<01:17, 15.39it/s]
Batches:   9%|▉         | 117/1310 [00:10<01:19, 14.93it/s]
Batches:   9%|▉         | 119/1310 [00:10<01:19, 15.03it/s]
Batches:   9%|▉         | 121/1310 [00:10<01:17, 15.34it/s]
Batches:   9%|▉         | 123/1310 [00:10<01:16, 15.55it/s]
Batches:  10%|▉         | 125/1310 [00:11<01:16, 15.55it/s]
Batches:  10%|▉         | 127/1310 [00:11<01:14, 15.86it/s]
Batches:  10%|▉         | 129/1310 [00:11<01:14, 15.96it/s]
Batches:  10%|█         | 131/1310 [00:11<01:12, 16.32it/s]
Batches:  10%|█         | 133/1310 [00:11<01:13, 16.08it/s]
Batches:  10%|█         | 135/1310 [00:11<01:12, 16.29it/s]
Batches:  10%|█         | 137/1310 [00:11<01:11, 16.39it/s]
Batches:  11%|█         | 139/1310 [00:11<01:13, 15.82it/s]
Batches:  11%|█         | 141/1310 [00:12<01:12, 16.05it/s]
Batches:  11%|█         | 143/1310 [00:12<01:14, 15.72it/s]
Batches:  11%|█         | 145/1310 [00:12<01:10, 16.54it/s]
Batches:  11%|█         | 147/1310 [00:12<01:09, 16.77it/s]
Batches:  11%|█▏        | 149/1310 [00:12<01:12, 15.94it/s]
Batches:  12%|█▏        | 151/1310 [00:12<01:12, 16.05it/s]
Batches:  12%|█▏        | 153/1310 [00:12<01:12, 16.01it/s]
Batches:  12%|█▏        | 155/1310 [00:12<01:13, 15.82it/s]
Batches:  12%|█▏        | 157/1310 [00:13<01:11, 16.09it/s]
Batches:  12%|█▏        | 159/1310 [00:13<01:07, 16.97it/s]
Batches:  12%|█▏        | 161/1310 [00:13<01:06, 17.38it/s]
Batches:  12%|█▏        | 163/1310 [00:13<01:07, 17.01it/s]
Batches:  13%|█▎        | 165/1310 [00:13<01:07, 16.84it/s]
Batches:  13%|█▎        | 167/1310 [00:13<01:12, 15.87it/s]
Batches:  13%|█▎        | 169/1310 [00:13<01:08, 16.64it/s]
Batches:  13%|█▎        | 171/1310 [00:13<01:05, 17.43it/s]
Batches:  13%|█▎        | 173/1310 [00:13<01:03, 17.83it/s]
Batches:  13%|█▎        | 175/1310 [00:14<01:04, 17.47it/s]
Batches:  14%|█▎        | 178/1310 [00:14<01:02, 18.16it/s]
Batches:  14%|█▎        | 180/1310 [00:14<01:04, 17.41it/s]
Batches:  14%|█▍        | 182/1310 [00:14<01:04, 17.44it/s]
Batches:  14%|█▍        | 184/1310 [00:14<01:03, 17.84it/s]
Batches:  14%|█▍        | 186/1310 [00:14<01:03, 17.68it/s]
Batches:  14%|█▍        | 188/1310 [00:14<01:02, 17.97it/s]
Batches:  15%|█▍        | 190/1310 [00:14<01:01, 18.15it/s]
Batches:  15%|█▍        | 192/1310 [00:15<01:04, 17.20it/s]
Batches:  15%|█▍        | 194/1310 [00:15<01:02, 17.72it/s]
Batches:  15%|█▍        | 196/1310 [00:15<01:02, 17.80it/s]
Batches:  15%|█▌        | 198/1310 [00:15<01:00, 18.30it/s]
Batches:  15%|█▌        | 200/1310 [00:15<01:07, 16.50it/s]
Batches:  15%|█▌        | 202/1310 [00:15<01:04, 17.21it/s]
Batches:  16%|█▌        | 204/1310 [00:15<01:02, 17.79it/s]
Batches:  16%|█▌        | 206/1310 [00:15<01:01, 17.82it/s]
Batches:  16%|█▌        | 208/1310 [00:15<01:00, 18.23it/s]
Batches:  16%|█▌        | 210/1310 [00:16<00:59, 18.39it/s]
Batches:  16%|█▌        | 212/1310 [00:16<01:00, 18.25it/s]
Batches:  16%|█▋        | 214/1310 [00:16<01:00, 18.01it/s]
Batches:  16%|█▋        | 216/1310 [00:16<01:05, 16.71it/s]
Batches:  17%|█▋        | 218/1310 [00:16<01:02, 17.37it/s]
Batches:  17%|█▋        | 221/1310 [00:16<00:59, 18.39it/s]
Batches:  17%|█▋        | 224/1310 [00:16<00:57, 18.81it/s]
Batches:  17%|█▋        | 226/1310 [00:16<00:57, 19.00it/s]
Batches:  17%|█▋        | 228/1310 [00:17<00:56, 19.02it/s]
Batches:  18%|█▊        | 230/1310 [00:17<00:57, 18.67it/s]
Batches:  18%|█▊        | 232/1310 [00:17<00:57, 18.78it/s]
Batches:  18%|█▊        | 235/1310 [00:17<00:55, 19.27it/s]
Batches:  18%|█▊        | 238/1310 [00:17<00:54, 19.64it/s]
Batches:  18%|█▊        | 240/1310 [00:17<00:57, 18.55it/s]
Batches:  18%|█▊        | 242/1310 [00:17<00:57, 18.42it/s]
Batches:  19%|█▊        | 244/1310 [00:17<00:57, 18.56it/s]
Batches:  19%|█▉        | 246/1310 [00:17<00:57, 18.62it/s]
Batches:  19%|█▉        | 249/1310 [00:18<00:54, 19.29it/s]
Batches:  19%|█▉        | 251/1310 [00:18<00:54, 19.33it/s]
Batches:  19%|█▉        | 253/1310 [00:18<00:54, 19.27it/s]
Batches:  19%|█▉        | 255/1310 [00:18<00:54, 19.19it/s]
Batches:  20%|█▉        | 258/1310 [00:18<00:54, 19.39it/s]
Batches:  20%|█▉        | 261/1310 [00:18<00:51, 20.18it/s]
Batches:  20%|██        | 264/1310 [00:18<00:52, 19.75it/s]
Batches:  20%|██        | 266/1310 [00:18<00:52, 19.77it/s]
Batches:  21%|██        | 269/1310 [00:19<00:52, 19.87it/s]
Batches:  21%|██        | 272/1310 [00:19<00:50, 20.47it/s]
Batches:  21%|██        | 275/1310 [00:19<00:51, 20.05it/s]
Batches:  21%|██        | 278/1310 [00:19<00:50, 20.55it/s]
Batches:  21%|██▏       | 281/1310 [00:19<00:50, 20.57it/s]
Batches:  22%|██▏       | 284/1310 [00:19<00:49, 20.90it/s]
Batches:  22%|██▏       | 287/1310 [00:19<00:48, 20.91it/s]
Batches:  22%|██▏       | 290/1310 [00:20<00:47, 21.35it/s]
Batches:  22%|██▏       | 293/1310 [00:20<00:48, 20.90it/s]
Batches:  23%|██▎       | 296/1310 [00:20<00:48, 21.00it/s]
Batches:  23%|██▎       | 299/1310 [00:20<00:47, 21.23it/s]
Batches:  23%|██▎       | 302/1310 [00:20<00:47, 21.17it/s]
Batches:  23%|██▎       | 305/1310 [00:20<00:46, 21.67it/s]
Batches:  24%|██▎       | 308/1310 [00:20<00:48, 20.87it/s]
Batches:  24%|██▎       | 311/1310 [00:21<00:47, 21.08it/s]
Batches:  24%|██▍       | 314/1310 [00:21<00:45, 22.03it/s]
Batches:  24%|██▍       | 317/1310 [00:21<00:45, 21.61it/s]
Batches:  24%|██▍       | 320/1310 [00:21<00:44, 22.04it/s]
Batches:  25%|██▍       | 323/1310 [00:21<00:44, 21.95it/s]
Batches:  25%|██▍       | 326/1310 [00:21<00:45, 21.60it/s]
Batches:  25%|██▌       | 329/1310 [00:21<00:47, 20.63it/s]
Batches:  25%|██▌       | 332/1310 [00:22<00:45, 21.32it/s]
Batches:  26%|██▌       | 335/1310 [00:22<00:45, 21.63it/s]
Batches:  26%|██▌       | 338/1310 [00:22<00:45, 21.48it/s]
Batches:  26%|██▌       | 341/1310 [00:22<00:44, 21.64it/s]
Batches:  26%|██▋       | 344/1310 [00:22<00:45, 21.37it/s]
Batches:  26%|██▋       | 347/1310 [00:22<00:42, 22.40it/s]
Batches:  27%|██▋       | 350/1310 [00:22<00:42, 22.66it/s]
Batches:  27%|██▋       | 353/1310 [00:23<00:43, 21.77it/s]
Batches:  27%|██▋       | 356/1310 [00:23<00:43, 21.90it/s]
Batches:  27%|██▋       | 359/1310 [00:23<00:42, 22.27it/s]
Batches:  28%|██▊       | 362/1310 [00:23<00:41, 22.78it/s]
Batches:  28%|██▊       | 365/1310 [00:23<00:41, 22.77it/s]
Batches:  28%|██▊       | 368/1310 [00:23<00:41, 22.85it/s]
Batches:  28%|██▊       | 371/1310 [00:23<00:41, 22.80it/s]
Batches:  29%|██▊       | 374/1310 [00:23<00:40, 22.93it/s]
Batches:  29%|██▉       | 377/1310 [00:24<00:39, 23.49it/s]
Batches:  29%|██▉       | 380/1310 [00:24<00:40, 23.13it/s]
Batches:  29%|██▉       | 383/1310 [00:24<00:38, 23.77it/s]
Batches:  29%|██▉       | 386/1310 [00:24<00:38, 24.24it/s]
Batches:  30%|██▉       | 389/1310 [00:24<00:37, 24.62it/s]
Batches:  30%|██▉       | 392/1310 [00:24<00:38, 23.81it/s]
Batches:  30%|███       | 395/1310 [00:24<00:38, 23.67it/s]
Batches:  30%|███       | 398/1310 [00:24<00:37, 24.08it/s]
Batches:  31%|███       | 401/1310 [00:25<00:38, 23.81it/s]
Batches:  31%|███       | 404/1310 [00:25<00:37, 24.39it/s]
Batches:  31%|███       | 407/1310 [00:25<00:40, 22.41it/s]
Batches:  31%|███▏      | 410/1310 [00:25<00:39, 22.87it/s]
Batches:  32%|███▏      | 413/1310 [00:25<00:38, 23.50it/s]
Batches:  32%|███▏      | 416/1310 [00:25<00:37, 24.05it/s]
Batches:  32%|███▏      | 419/1310 [00:25<00:37, 23.58it/s]
Batches:  32%|███▏      | 422/1310 [00:25<00:37, 23.80it/s]
Batches:  32%|███▏      | 425/1310 [00:26<00:35, 24.61it/s]
Batches:  33%|███▎      | 428/1310 [00:26<00:35, 24.99it/s]
Batches:  33%|███▎      | 431/1310 [00:26<00:35, 25.10it/s]
Batches:  33%|███▎      | 434/1310 [00:26<00:33, 25.82it/s]
Batches:  33%|███▎      | 437/1310 [00:26<00:33, 25.91it/s]
Batches:  34%|███▎      | 440/1310 [00:26<00:34, 25.16it/s]
Batches:  34%|███▍      | 443/1310 [00:26<00:35, 24.48it/s]
Batches:  34%|███▍      | 446/1310 [00:26<00:34, 24.94it/s]
Batches:  34%|███▍      | 449/1310 [00:27<00:33, 25.62it/s]
Batches:  35%|███▍      | 452/1310 [00:27<00:33, 25.90it/s]
Batches:  35%|███▍      | 455/1310 [00:27<00:32, 26.49it/s]
Batches:  35%|███▍      | 458/1310 [00:27<00:31, 26.63it/s]
Batches:  35%|███▌      | 461/1310 [00:27<00:31, 26.57it/s]
Batches:  35%|███▌      | 464/1310 [00:27<00:32, 26.38it/s]
Batches:  36%|███▌      | 467/1310 [00:27<00:31, 27.02it/s]
Batches:  36%|███▌      | 470/1310 [00:27<00:30, 27.35it/s]
Batches:  36%|███▌      | 473/1310 [00:27<00:30, 27.26it/s]
Batches:  36%|███▋      | 476/1310 [00:28<00:33, 25.07it/s]
Batches:  37%|███▋      | 479/1310 [00:28<00:32, 25.46it/s]
Batches:  37%|███▋      | 482/1310 [00:28<00:31, 26.58it/s]
Batches:  37%|███▋      | 486/1310 [00:28<00:29, 28.29it/s]
Batches:  37%|███▋      | 489/1310 [00:28<00:28, 28.56it/s]
Batches:  38%|███▊      | 493/1310 [00:28<00:27, 29.50it/s]
Batches:  38%|███▊      | 496/1310 [00:28<00:28, 28.25it/s]
Batches:  38%|███▊      | 499/1310 [00:28<00:28, 28.40it/s]
Batches:  38%|███▊      | 502/1310 [00:28<00:28, 28.79it/s]
Batches:  39%|███▊      | 506/1310 [00:29<00:27, 29.22it/s]
Batches:  39%|███▉      | 509/1310 [00:29<00:28, 28.57it/s]
Batches:  39%|███▉      | 512/1310 [00:29<00:28, 28.10it/s]
Batches:  39%|███▉      | 515/1310 [00:29<00:28, 28.26it/s]
Batches:  40%|███▉      | 518/1310 [00:29<00:27, 28.38it/s]
Batches:  40%|███▉      | 521/1310 [00:29<00:28, 27.50it/s]
Batches:  40%|████      | 524/1310 [00:29<00:28, 27.48it/s]
Batches:  40%|████      | 528/1310 [00:29<00:26, 29.12it/s]
Batches:  41%|████      | 532/1310 [00:29<00:25, 30.35it/s]
Batches:  41%|████      | 536/1310 [00:30<00:24, 31.31it/s]
Batches:  41%|████      | 540/1310 [00:30<00:24, 31.87it/s]
Batches:  42%|████▏     | 544/1310 [00:30<00:23, 32.51it/s]
Batches:  42%|████▏     | 548/1310 [00:30<00:23, 32.72it/s]
Batches:  42%|████▏     | 552/1310 [00:30<00:23, 31.87it/s]
Batches:  42%|████▏     | 556/1310 [00:30<00:23, 31.78it/s]
Batches:  43%|████▎     | 560/1310 [00:30<00:22, 33.03it/s]
Batches:  43%|████▎     | 564/1310 [00:30<00:22, 33.44it/s]
Batches:  43%|████▎     | 568/1310 [00:31<00:21, 34.48it/s]
Batches:  44%|████▎     | 572/1310 [00:31<00:21, 34.36it/s]
Batches:  44%|████▍     | 576/1310 [00:31<00:21, 34.92it/s]
Batches:  44%|████▍     | 580/1310 [00:31<00:20, 35.30it/s]
Batches:  45%|████▍     | 584/1310 [00:31<00:20, 35.52it/s]
Batches:  45%|████▍     | 588/1310 [00:31<00:19, 36.62it/s]
Batches:  45%|████▌     | 592/1310 [00:31<00:19, 37.35it/s]
Batches:  45%|████▌     | 596/1310 [00:31<00:19, 37.37it/s]
Batches:  46%|████▌     | 600/1310 [00:31<00:19, 36.50it/s]
Batches:  46%|████▌     | 605/1310 [00:32<00:18, 38.53it/s]
Batches:  47%|████▋     | 610/1310 [00:32<00:17, 39.48it/s]
Batches:  47%|████▋     | 615/1310 [00:32<00:16, 41.94it/s]
Batches:  47%|████▋     | 620/1310 [00:32<00:16, 41.63it/s]
Batches:  48%|████▊     | 625/1310 [00:32<00:16, 42.10it/s]
Batches:  48%|████▊     | 630/1310 [00:32<00:15, 44.08it/s]
Batches:  48%|████▊     | 635/1310 [00:32<00:14, 45.71it/s]
Batches:  49%|████▉     | 640/1310 [00:32<00:14, 46.48it/s]
Batches:  49%|████▉     | 645/1310 [00:32<00:14, 46.17it/s]
Batches:  50%|████▉     | 650/1310 [00:33<00:14, 46.11it/s]
Batches:  50%|█████     | 656/1310 [00:33<00:13, 47.11it/s]
Batches:  51%|█████     | 662/1310 [00:33<00:13, 49.38it/s]
Batches:  51%|█████     | 668/1310 [00:33<00:12, 50.97it/s]
Batches:  51%|█████▏    | 674/1310 [00:33<00:12, 52.41it/s]
Batches:  52%|█████▏    | 681/1310 [00:33<00:11, 55.49it/s]
Batches:  52%|█████▏    | 687/1310 [00:33<00:11, 56.52it/s]
Batches:  53%|█████▎    | 693/1310 [00:33<00:10, 57.00it/s]
Batches:  53%|█████▎    | 700/1310 [00:33<00:10, 58.22it/s]
Batches:  54%|█████▍    | 707/1310 [00:34<00:09, 60.64it/s]
Batches:  55%|█████▍    | 714/1310 [00:34<00:09, 62.43it/s]
Batches:  55%|█████▌    | 721/1310 [00:34<00:09, 64.43it/s]
Batches:  56%|█████▌    | 728/1310 [00:34<00:08, 65.44it/s]
Batches:  56%|█████▌    | 735/1310 [00:34<00:08, 65.95it/s]
Batches:  57%|█████▋    | 743/1310 [00:34<00:08, 67.87it/s]
Batches:  57%|█████▋    | 750/1310 [00:34<00:08, 67.45it/s]
Batches:  58%|█████▊    | 758/1310 [00:34<00:07, 69.12it/s]
Batches:  58%|█████▊    | 766/1310 [00:34<00:07, 69.76it/s]
Batches:  59%|█████▉    | 774/1310 [00:34<00:07, 70.89it/s]
Batches:  60%|█████▉    | 782/1310 [00:35<00:07, 71.92it/s]
Batches:  60%|██████    | 790/1310 [00:35<00:07, 70.21it/s]
Batches:  61%|██████    | 798/1310 [00:35<00:07, 71.20it/s]
Batches:  62%|██████▏   | 806/1310 [00:35<00:07, 71.59it/s]
Batches:  62%|██████▏   | 814/1310 [00:35<00:06, 72.98it/s]
Batches:  63%|██████▎   | 822/1310 [00:35<00:06, 73.37it/s]
Batches:  63%|██████▎   | 830/1310 [00:35<00:06, 73.76it/s]
Batches:  64%|██████▍   | 838/1310 [00:35<00:06, 74.86it/s]
Batches:  65%|██████▍   | 846/1310 [00:35<00:06, 73.74it/s]
Batches:  65%|██████▌   | 854/1310 [00:36<00:06, 74.08it/s]
Batches:  66%|██████▌   | 863/1310 [00:36<00:05, 76.42it/s]
Batches:  67%|██████▋   | 872/1310 [00:36<00:05, 77.77it/s]
Batches:  67%|██████▋   | 880/1310 [00:36<00:05, 78.22it/s]
Batches:  68%|██████▊   | 888/1310 [00:36<00:05, 78.71it/s]
Batches:  68%|██████▊   | 896/1310 [00:36<00:05, 78.41it/s]
Batches:  69%|██████▉   | 905/1310 [00:36<00:05, 80.28it/s]
Batches:  70%|██████▉   | 914/1310 [00:36<00:04, 80.20it/s]
Batches:  70%|███████   | 923/1310 [00:36<00:04, 80.34it/s]
Batches:  71%|███████   | 932/1310 [00:37<00:04, 80.69it/s]
Batches:  72%|███████▏  | 941/1310 [00:37<00:04, 81.53it/s]
Batches:  73%|███████▎  | 950/1310 [00:37<00:04, 81.71it/s]
Batches:  73%|███████▎  | 959/1310 [00:37<00:04, 82.05it/s]
Batches:  74%|███████▍  | 968/1310 [00:37<00:04, 82.63it/s]
Batches:  75%|███████▍  | 977/1310 [00:37<00:04, 81.38it/s]
Batches:  75%|███████▌  | 986/1310 [00:37<00:03, 81.93it/s]
Batches:  76%|███████▌  | 995/1310 [00:37<00:03, 83.37it/s]
Batches:  77%|███████▋  | 1004/1310 [00:37<00:03, 84.12it/s]
Batches:  77%|███████▋  | 1013/1310 [00:37<00:03, 83.65it/s]
Batches:  78%|███████▊  | 1022/1310 [00:38<00:03, 84.38it/s]
Batches:  79%|███████▊  | 1031/1310 [00:38<00:03, 85.26it/s]
Batches:  79%|███████▉  | 1040/1310 [00:38<00:03, 85.96it/s]
Batches:  80%|████████  | 1050/1310 [00:38<00:02, 87.54it/s]
Batches:  81%|████████  | 1060/1310 [00:38<00:02, 88.93it/s]
Batches:  82%|████████▏ | 1070/1310 [00:38<00:02, 91.55it/s]
Batches:  82%|████████▏ | 1080/1310 [00:38<00:02, 91.43it/s]
Batches:  83%|████████▎ | 1090/1310 [00:38<00:02, 92.54it/s]
Batches:  84%|████████▍ | 1100/1310 [00:38<00:02, 93.30it/s]
Batches:  85%|████████▍ | 1110/1310 [00:39<00:02, 93.39it/s]
Batches:  85%|████████▌ | 1120/1310 [00:39<00:02, 93.71it/s]
Batches:  86%|████████▋ | 1130/1310 [00:39<00:01, 92.93it/s]
Batches:  87%|████████▋ | 1140/1310 [00:39<00:01, 91.23it/s]
Batches:  88%|████████▊ | 1150/1310 [00:39<00:01, 93.55it/s]
Batches:  89%|████████▊ | 1160/1310 [00:39<00:01, 91.28it/s]
Batches:  89%|████████▉ | 1170/1310 [00:39<00:01, 90.53it/s]
Batches:  90%|█████████ | 1180/1310 [00:39<00:01, 93.15it/s]
Batches:  91%|█████████ | 1190/1310 [00:39<00:01, 94.86it/s]
Batches:  92%|█████████▏| 1200/1310 [00:40<00:01, 94.78it/s]
Batches:  92%|█████████▏| 1211/1310 [00:40<00:01, 97.38it/s]
Batches:  93%|█████████▎| 1221/1310 [00:40<00:00, 97.93it/s]
Batches:  94%|█████████▍| 1231/1310 [00:40<00:00, 96.88it/s]
Batches:  95%|█████████▍| 1242/1310 [00:40<00:00, 98.36it/s]
Batches:  96%|█████████▌| 1253/1310 [00:40<00:00, 99.29it/s]
Batches:  96%|█████████▋| 1263/1310 [00:40<00:00, 99.35it/s]
Batches:  97%|█████████▋| 1274/1310 [00:40<00:00, 100.29it/s]
Batches:  98%|█████████▊| 1285/1310 [00:40<00:00, 99.46it/s]
Batches:  99%|█████████▉| 1295/1310 [00:40<00:00, 99.39it/s]
Batches: 100%|█████████▉| 1305/1310 [00:41<00:00, 98.70it/s]
Batches: 100%|██████████| 1310/1310 [00:41<00:00, 31.86it/s]
[ace] retrieving
[embed] encoding 1000 texts on device=cuda:0

Batches:   0%|          | 0/16 [00:00<?, ?it/s]
Batches:  19%|█▉        | 3/16 [00:00<00:00, 22.73it/s]
Batches:  38%|███▊      | 6/16 [00:00<00:00, 24.56it/s]
Batches:  62%|██████▎   | 10/16 [00:00<00:00, 27.98it/s]
Batches:  88%|████████▊ | 14/16 [00:00<00:00, 31.18it/s]
Batches: 100%|██████████| 16/16 [00:00<00:00, 30.78it/s]
[stage3] loading Qwen reader once
`torch_dtype` is deprecated! Use `dtype` instead!

Loading checkpoint shards:   0%|          | 0/2 [00:00<?, ?it/s]
Loading checkpoint shards:  50%|█████     | 1/2 [00:02<00:02,  2.50s/it]
Loading checkpoint shards: 100%|██████████| 2/2 [00:03<00:00,  1.89s/it]
Loading checkpoint shards: 100%|██████████| 2/2 [00:03<00:00,  1.98s/it]
[reader] loaded Qwen/Qwen2.5-3B-Instruct on cuda:0
[stage3] materializing policy=chunk_packed_160
[stage3] generating policy=chunk_packed_160
The following generation flags are not valid and may be ignored: ['temperature', 'top_p', 'top_k']. Set `TRANSFORMERS_VERBOSITY=info` for more details.
[reader] generated 2/1000
[reader] generated 4/1000
[reader] generated 6/1000
[reader] generated 8/1000
[reader] generated 10/1000
[reader] generated 12/1000
[reader] generated 14/1000
[reader] generated 16/1000
[reader] generated 18/1000
[reader] generated 20/1000
[reader] generated 22/1000
[reader] generated 24/1000
[reader] generated 26/1000
[reader] generated 28/1000
[reader] generated 30/1000
[reader] generated 32/1000
[reader] generated 34/1000
[reader] generated 36/1000
[reader] generated 38/1000
[reader] generated 40/1000
[reader] generated 42/1000
[reader] generated 44/1000
[reader] generated 46/1000
[reader] generated 48/1000
[reader] generated 50/1000
[reader] generated 52/1000
[reader] generated 54/1000
[reader] generated 56/1000
[reader] generated 58/1000
[reader] generated 60/1000
[reader] generated 62/1000
[reader] generated 64/1000
[reader] generated 66/1000
[reader] generated 68/1000
[reader] generated 70/1000
[reader] generated 72/1000
[reader] generated 74/1000
[reader] generated 76/1000
[reader] generated 78/1000
[reader] generated 80/1000
[reader] generated 82/1000
[reader] generated 84/1000
[reader] generated 86/1000
[reader] generated 88/1000
[reader] generated 90/1000
[reader] generated 92/1000
[reader] generated 94/1000
[reader] generated 96/1000
[reader] generated 98/1000
[reader] generated 100/1000
[reader] generated 102/1000
[reader] generated 104/1000
[reader] generated 106/1000
[reader] generated 108/1000
[reader] generated 110/1000
[reader] generated 112/1000
[reader] generated 114/1000
[reader] generated 116/1000
[reader] generated 118/1000
[reader] generated 120/1000
[reader] generated 122/1000
[reader] generated 124/1000
[reader] generated 126/1000
[reader] generated 128/1000
[reader] generated 130/1000
[reader] generated 132/1000
[reader] generated 134/1000
[reader] generated 136/1000
[reader] generated 138/1000
[reader] generated 140/1000
[reader] generated 142/1000
[reader] generated 144/1000
[reader] generated 146/1000
[reader] generated 148/1000
[reader] generated 150/1000
[reader] generated 152/1000
[reader] generated 154/1000
[reader] generated 156/1000
[reader] generated 158/1000
[reader] generated 160/1000
[reader] generated 162/1000
[reader] generated 164/1000
[reader] generated 166/1000
[reader] generated 168/1000
[reader] generated 170/1000
[reader] generated 172/1000
[reader] generated 174/1000
[reader] generated 176/1000
[reader] generated 178/1000
[reader] generated 180/1000
[reader] generated 182/1000
[reader] generated 184/1000
[reader] generated 186/1000
[reader] generated 188/1000
[reader] generated 190/1000
[reader] generated 192/1000
[reader] generated 194/1000
[reader] generated 196/1000
[reader] generated 198/1000
[reader] generated 200/1000
[reader] generated 202/1000
[reader] generated 204/1000
[reader] generated 206/1000
[reader] generated 208/1000
[reader] generated 210/1000
[reader] generated 212/1000
[reader] generated 214/1000
[reader] generated 216/1000
[reader] generated 218/1000
[reader] generated 220/1000
[reader] generated 222/1000
[reader] generated 224/1000
[reader] generated 226/1000
[reader] generated 228/1000
[reader] generated 230/1000
[reader] generated 232/1000
[reader] generated 234/1000
[reader] generated 236/1000
[reader] generated 238/1000
[reader] generated 240/1000
[reader] generated 242/1000
[reader] generated 244/1000
[reader] generated 246/1000
[reader] generated 248/1000
[reader] generated 250/1000
[reader] generated 252/1000
[reader] generated 254/1000
[reader] generated 256/1000
[reader] generated 258/1000
[reader] generated 260/1000
[reader] generated 262/1000
[reader] generated 264/1000
[reader] generated 266/1000
[reader] generated 268/1000
[reader] generated 270/1000
[reader] generated 272/1000
[reader] generated 274/1000
[reader] generated 276/1000
[reader] generated 278/1000
[reader] generated 280/1000
[reader] generated 282/1000
[reader] generated 284/1000
[reader] generated 286/1000
[reader] generated 288/1000
[reader] generated 290/1000
[reader] generated 292/1000
[reader] generated 294/1000
[reader] generated 296/1000
[reader] generated 298/1000
[reader] generated 300/1000
[reader] generated 302/1000
[reader] generated 304/1000
[reader] generated 306/1000
[reader] generated 308/1000
[reader] generated 310/1000
[reader] generated 312/1000
[reader] generated 314/1000
[reader] generated 316/1000
[reader] generated 318/1000
[reader] generated 320/1000
[reader] generated 322/1000
[reader] generated 324/1000
[reader] generated 326/1000
[reader] generated 328/1000
[reader] generated 330/1000
[reader] generated 332/1000
[reader] generated 334/1000
[reader] generated 336/1000
[reader] generated 338/1000
[reader] generated 340/1000
[reader] generated 342/1000
[reader] generated 344/1000
[reader] generated 346/1000
[reader] generated 348/1000
[reader] generated 350/1000
[reader] generated 352/1000
[reader] generated 354/1000
[reader] generated 356/1000
[reader] generated 358/1000
[reader] generated 360/1000
[reader] generated 362/1000
[reader] generated 364/1000
[reader] generated 366/1000
[reader] generated 368/1000
[reader] generated 370/1000
[reader] generated 372/1000
[reader] generated 374/1000
[reader] generated 376/1000
[reader] generated 378/1000
[reader] generated 380/1000
[reader] generated 382/1000
[reader] generated 384/1000
[reader] generated 386/1000
[reader] generated 388/1000
[reader] generated 390/1000
[reader] generated 392/1000
[reader] generated 394/1000
[reader] generated 396/1000
[reader] generated 398/1000
[reader] generated 400/1000
[reader] generated 402/1000
[reader] generated 404/1000
[reader] generated 406/1000
[reader] generated 408/1000
[reader] generated 410/1000
[reader] generated 412/1000
[reader] generated 414/1000
[reader] generated 416/1000
[reader] generated 418/1000
[reader] generated 420/1000
[reader] generated 422/1000
[reader] generated 424/1000
[reader] generated 426/1000
[reader] generated 428/1000
[reader] generated 430/1000
[reader] generated 432/1000
[reader] generated 434/1000
[reader] generated 436/1000
[reader] generated 438/1000
[reader] generated 440/1000
[reader] generated 442/1000
[reader] generated 444/1000
[reader] generated 446/1000
[reader] generated 448/1000
[reader] generated 450/1000
[reader] generated 452/1000
[reader] generated 454/1000
[reader] generated 456/1000
[reader] generated 458/1000
[reader] generated 460/1000
[reader] generated 462/1000
[reader] generated 464/1000
[reader] generated 466/1000
[reader] generated 468/1000
[reader] generated 470/1000
[reader] generated 472/1000
[reader] generated 474/1000
[reader] generated 476/1000
[reader] generated 478/1000
[reader] generated 480/1000
[reader] generated 482/1000
[reader] generated 484/1000
[reader] generated 486/1000
[reader] generated 488/1000
[reader] generated 490/1000
[reader] generated 492/1000
[reader] generated 494/1000
[reader] generated 496/1000
[reader] generated 498/1000
[reader] generated 500/1000
[reader] generated 502/1000
[reader] generated 504/1000
[reader] generated 506/1000
[reader] generated 508/1000
[reader] generated 510/1000
[reader] generated 512/1000
[reader] generated 514/1000
[reader] generated 516/1000
[reader] generated 518/1000
[reader] generated 520/1000
[reader] generated 522/1000
[reader] generated 524/1000
[reader] generated 526/1000
[reader] generated 528/1000
[reader] generated 530/1000
[reader] generated 532/1000
[reader] generated 534/1000
[reader] generated 536/1000
[reader] generated 538/1000
[reader] generated 540/1000
[reader] generated 542/1000
[reader] generated 544/1000
[reader] generated 546/1000
[reader] generated 548/1000
[reader] generated 550/1000
[reader] generated 552/1000
[reader] generated 554/1000
[reader] generated 556/1000
[reader] generated 558/1000
[reader] generated 560/1000
[reader] generated 562/1000
[reader] generated 564/1000
[reader] generated 566/1000
[reader] generated 568/1000
[reader] generated 570/1000
[reader] generated 572/1000
[reader] generated 574/1000
[reader] generated 576/1000
[reader] generated 578/1000
[reader] generated 580/1000
[reader] generated 582/1000
[reader] generated 584/1000
[reader] generated 586/1000
[reader] generated 588/1000
[reader] generated 590/1000
[reader] generated 592/1000
[reader] generated 594/1000
[reader] generated 596/1000
[reader] generated 598/1000
[reader] generated 600/1000
[reader] generated 602/1000
[reader] generated 604/1000
[reader] generated 606/1000
[reader] generated 608/1000
[reader] generated 610/1000
[reader] generated 612/1000
[reader] generated 614/1000
[reader] generated 616/1000
[reader] generated 618/1000
[reader] generated 620/1000
[reader] generated 622/1000
[reader] generated 624/1000
[reader] generated 626/1000
[reader] generated 628/1000
[reader] generated 630/1000
[reader] generated 632/1000
[reader] generated 634/1000
[reader] generated 636/1000
[reader] generated 638/1000
[reader] generated 640/1000
[reader] generated 642/1000
[reader] generated 644/1000
[reader] generated 646/1000
[reader] generated 648/1000
[reader] generated 650/1000
[reader] generated 652/1000
[reader] generated 654/1000
[reader] generated 656/1000
[reader] generated 658/1000
[reader] generated 660/1000
[reader] generated 662/1000
[reader] generated 664/1000
[reader] generated 666/1000
[reader] generated 668/1000
[reader] generated 670/1000
[reader] generated 672/1000
[reader] generated 674/1000
[reader] generated 676/1000
[reader] generated 678/1000
[reader] generated 680/1000
[reader] generated 682/1000
[reader] generated 684/1000
[reader] generated 686/1000
[reader] generated 688/1000
[reader] generated 690/1000
[reader] generated 692/1000
[reader] generated 694/1000
[reader] generated 696/1000
[reader] generated 698/1000
[reader] generated 700/1000
[reader] generated 702/1000
[reader] generated 704/1000
[reader] generated 706/1000
[reader] generated 708/1000
[reader] generated 710/1000
[reader] generated 712/1000
[reader] generated 714/1000
[reader] generated 716/1000
[reader] generated 718/1000
[reader] generated 720/1000
[reader] generated 722/1000
[reader] generated 724/1000
[reader] generated 726/1000
[reader] generated 728/1000
[reader] generated 730/1000
[reader] generated 732/1000
[reader] generated 734/1000
[reader] generated 736/1000
[reader] generated 738/1000
[reader] generated 740/1000
[reader] generated 742/1000
[reader] generated 744/1000
[reader] generated 746/1000
[reader] generated 748/1000
[reader] generated 750/1000
[reader] generated 752/1000
[reader] generated 754/1000
[reader] generated 756/1000
[reader] generated 758/1000
[reader] generated 760/1000
[reader] generated 762/1000
[reader] generated 764/1000
[reader] generated 766/1000
[reader] generated 768/1000
[reader] generated 770/1000
[reader] generated 772/1000
[reader] generated 774/1000
[reader] generated 776/1000
[reader] generated 778/1000
[reader] generated 780/1000
[reader] generated 782/1000
[reader] generated 784/1000
[reader] generated 786/1000
[reader] generated 788/1000
[reader] generated 790/1000
[reader] generated 792/1000
[reader] generated 794/1000
[reader] generated 796/1000
[reader] generated 798/1000
[reader] generated 800/1000
[reader] generated 802/1000
[reader] generated 804/1000
[reader] generated 806/1000
[reader] generated 808/1000
[reader] generated 810/1000
[reader] generated 812/1000
[reader] generated 814/1000
[reader] generated 816/1000
[reader] generated 818/1000
[reader] generated 820/1000
[reader] generated 822/1000
[reader] generated 824/1000
[reader] generated 826/1000
[reader] generated 828/1000
[reader] generated 830/1000
[reader] generated 832/1000
[reader] generated 834/1000
[reader] generated 836/1000
[reader] generated 838/1000
[reader] generated 840/1000
[reader] generated 842/1000
[reader] generated 844/1000
[reader] generated 846/1000
[reader] generated 848/1000
[reader] generated 850/1000
[reader] generated 852/1000
[reader] generated 854/1000
[reader] generated 856/1000
[reader] generated 858/1000
[reader] generated 860/1000
[reader] generated 862/1000
[reader] generated 864/1000
[reader] generated 866/1000
[reader] generated 868/1000
[reader] generated 870/1000
[reader] generated 872/1000
[reader] generated 874/1000
[reader] generated 876/1000
[reader] generated 878/1000
[reader] generated 880/1000
[reader] generated 882/1000
[reader] generated 884/1000
[reader] generated 886/1000
[reader] generated 888/1000
[reader] generated 890/1000
[reader] generated 892/1000
[reader] generated 894/1000
[reader] generated 896/1000
[reader] generated 898/1000
[reader] generated 900/1000
[reader] generated 902/1000
[reader] generated 904/1000
[reader] generated 906/1000
[reader] generated 908/1000
[reader] generated 910/1000
[reader] generated 912/1000
[reader] generated 914/1000
[reader] generated 916/1000
[reader] generated 918/1000
[reader] generated 920/1000
[reader] generated 922/1000
[reader] generated 924/1000
[reader] generated 926/1000
[reader] generated 928/1000
[reader] generated 930/1000
[reader] generated 932/1000
[reader] generated 934/1000
[reader] generated 936/1000
[reader] generated 938/1000
[reader] generated 940/1000
[reader] generated 942/1000
[reader] generated 944/1000
[reader] generated 946/1000
[reader] generated 948/1000
[reader] generated 950/1000
[reader] generated 952/1000
[reader] generated 954/1000
[reader] generated 956/1000
[reader] generated 958/1000
[reader] generated 960/1000
[reader] generated 962/1000
[reader] generated 964/1000
[reader] generated 966/1000
[reader] generated 968/1000
[reader] generated 970/1000
[reader] generated 972/1000
[reader] generated 974/1000
[reader] generated 976/1000
[reader] generated 978/1000
[reader] generated 980/1000
[reader] generated 982/1000
[reader] generated 984/1000
[reader] generated 986/1000
[reader] generated 988/1000
[reader] generated 990/1000
[reader] generated 992/1000
[reader] generated 994/1000
[reader] generated 996/1000
[reader] generated 998/1000
[reader] generated 1000/1000
[stage3] policy=chunk_packed_160, router_type=fixed, method=chunk, reader_context=packed_snippets, reader_model=Qwen/Qwen2.5-3B-Instruct, ace_retriever=none, compressor=none, hybrid_alpha=, packed_token_budget=160, candidate_policies=, selection_counts=, recall@1=0.434, all_gold@1=0.0, recall@2=0.7095, all_gold@2=0.483, recall@5=0.8625, all_gold@5=0.741, qwen_em=0.306, qwen_f1=0.3945, avg_reader_evidence_tokens=151.16
[stage3] materializing policy=ace_packed_160
[stage3] generating policy=ace_packed_160
[reader] generated 2/1000
[reader] generated 4/1000
[reader] generated 6/1000
[reader] generated 8/1000
[reader] generated 10/1000
[reader] generated 12/1000
[reader] generated 14/1000
[reader] generated 16/1000
[reader] generated 18/1000
[reader] generated 20/1000
[reader] generated 22/1000
[reader] generated 24/1000
[reader] generated 26/1000
[reader] generated 28/1000
[reader] generated 30/1000
[reader] generated 32/1000
[reader] generated 34/1000
[reader] generated 36/1000
[reader] generated 38/1000
[reader] generated 40/1000
[reader] generated 42/1000
[reader] generated 44/1000
[reader] generated 46/1000
[reader] generated 48/1000
[reader] generated 50/1000
[reader] generated 52/1000
[reader] generated 54/1000
[reader] generated 56/1000
[reader] generated 58/1000
[reader] generated 60/1000
[reader] generated 62/1000
[reader] generated 64/1000
[reader] generated 66/1000
[reader] generated 68/1000
[reader] generated 70/1000
[reader] generated 72/1000
[reader] generated 74/1000
[reader] generated 76/1000
[reader] generated 78/1000
[reader] generated 80/1000
[reader] generated 82/1000
[reader] generated 84/1000
[reader] generated 86/1000
[reader] generated 88/1000
[reader] generated 90/1000
[reader] generated 92/1000
[reader] generated 94/1000
[reader] generated 96/1000
[reader] generated 98/1000
[reader] generated 100/1000
[reader] generated 102/1000
[reader] generated 104/1000
[reader] generated 106/1000
[reader] generated 108/1000
[reader] generated 110/1000
[reader] generated 112/1000
[reader] generated 114/1000
[reader] generated 116/1000
[reader] generated 118/1000
[reader] generated 120/1000
[reader] generated 122/1000
[reader] generated 124/1000
[reader] generated 126/1000
[reader] generated 128/1000
[reader] generated 130/1000
[reader] generated 132/1000
[reader] generated 134/1000
[reader] generated 136/1000
[reader] generated 138/1000
[reader] generated 140/1000
[reader] generated 142/1000
[reader] generated 144/1000
[reader] generated 146/1000
[reader] generated 148/1000
[reader] generated 150/1000
[reader] generated 152/1000
[reader] generated 154/1000
[reader] generated 156/1000
[reader] generated 158/1000
[reader] generated 160/1000
[reader] generated 162/1000
[reader] generated 164/1000
[reader] generated 166/1000
[reader] generated 168/1000
[reader] generated 170/1000
[reader] generated 172/1000
[reader] generated 174/1000
[reader] generated 176/1000
[reader] generated 178/1000
[reader] generated 180/1000
[reader] generated 182/1000
[reader] generated 184/1000
[reader] generated 186/1000
[reader] generated 188/1000
[reader] generated 190/1000
[reader] generated 192/1000
[reader] generated 194/1000
[reader] generated 196/1000
[reader] generated 198/1000
[reader] generated 200/1000
[reader] generated 202/1000
[reader] generated 204/1000
[reader] generated 206/1000
[reader] generated 208/1000
[reader] generated 210/1000
[reader] generated 212/1000
[reader] generated 214/1000
[reader] generated 216/1000
[reader] generated 218/1000
[reader] generated 220/1000
[reader] generated 222/1000
[reader] generated 224/1000
[reader] generated 226/1000
[reader] generated 228/1000
[reader] generated 230/1000
[reader] generated 232/1000
[reader] generated 234/1000
[reader] generated 236/1000
[reader] generated 238/1000
[reader] generated 240/1000
[reader] generated 242/1000
[reader] generated 244/1000
[reader] generated 246/1000
[reader] generated 248/1000
[reader] generated 250/1000
[reader] generated 252/1000
[reader] generated 254/1000
[reader] generated 256/1000
[reader] generated 258/1000
[reader] generated 260/1000
[reader] generated 262/1000
[reader] generated 264/1000
[reader] generated 266/1000
[reader] generated 268/1000
[reader] generated 270/1000
[reader] generated 272/1000
[reader] generated 274/1000
[reader] generated 276/1000
[reader] generated 278/1000
[reader] generated 280/1000
[reader] generated 282/1000
[reader] generated 284/1000
[reader] generated 286/1000
[reader] generated 288/1000
[reader] generated 290/1000
[reader] generated 292/1000
[reader] generated 294/1000
[reader] generated 296/1000
[reader] generated 298/1000
[reader] generated 300/1000
[reader] generated 302/1000
[reader] generated 304/1000
[reader] generated 306/1000
[reader] generated 308/1000
[reader] generated 310/1000
[reader] generated 312/1000
[reader] generated 314/1000
[reader] generated 316/1000
[reader] generated 318/1000
[reader] generated 320/1000
[reader] generated 322/1000
[reader] generated 324/1000
[reader] generated 326/1000
[reader] generated 328/1000
[reader] generated 330/1000
[reader] generated 332/1000
[reader] generated 334/1000
[reader] generated 336/1000
[reader] generated 338/1000
[reader] generated 340/1000
[reader] generated 342/1000
[reader] generated 344/1000
[reader] generated 346/1000
[reader] generated 348/1000
[reader] generated 350/1000
[reader] generated 352/1000
[reader] generated 354/1000
[reader] generated 356/1000
[reader] generated 358/1000
[reader] generated 360/1000
[reader] generated 362/1000
[reader] generated 364/1000
[reader] generated 366/1000
[reader] generated 368/1000
[reader] generated 370/1000
[reader] generated 372/1000
[reader] generated 374/1000
[reader] generated 376/1000
[reader] generated 378/1000
[reader] generated 380/1000
[reader] generated 382/1000
[reader] generated 384/1000
[reader] generated 386/1000
[reader] generated 388/1000
[reader] generated 390/1000
[reader] generated 392/1000
[reader] generated 394/1000
[reader] generated 396/1000
[reader] generated 398/1000
[reader] generated 400/1000
[reader] generated 402/1000
[reader] generated 404/1000
[reader] generated 406/1000
[reader] generated 408/1000
[reader] generated 410/1000
[reader] generated 412/1000
[reader] generated 414/1000
[reader] generated 416/1000
[reader] generated 418/1000
[reader] generated 420/1000
[reader] generated 422/1000
[reader] generated 424/1000
[reader] generated 426/1000
[reader] generated 428/1000
[reader] generated 430/1000
[reader] generated 432/1000
[reader] generated 434/1000
[reader] generated 436/1000
[reader] generated 438/1000
[reader] generated 440/1000
[reader] generated 442/1000
[reader] generated 444/1000
[reader] generated 446/1000
[reader] generated 448/1000
[reader] generated 450/1000
[reader] generated 452/1000
[reader] generated 454/1000
[reader] generated 456/1000
[reader] generated 458/1000
[reader] generated 460/1000
[reader] generated 462/1000
[reader] generated 464/1000
[reader] generated 466/1000
[reader] generated 468/1000
[reader] generated 470/1000
[reader] generated 472/1000
[reader] generated 474/1000
[reader] generated 476/1000
[reader] generated 478/1000
[reader] generated 480/1000
[reader] generated 482/1000
[reader] generated 484/1000
[reader] generated 486/1000
[reader] generated 488/1000
[reader] generated 490/1000
[reader] generated 492/1000
[reader] generated 494/1000
[reader] generated 496/1000
[reader] generated 498/1000
[reader] generated 500/1000
[reader] generated 502/1000
[reader] generated 504/1000
[reader] generated 506/1000
[reader] generated 508/1000
[reader] generated 510/1000
[reader] generated 512/1000
[reader] generated 514/1000
[reader] generated 516/1000
[reader] generated 518/1000
[reader] generated 520/1000
[reader] generated 522/1000
[reader] generated 524/1000
[reader] generated 526/1000
[reader] generated 528/1000
[reader] generated 530/1000
[reader] generated 532/1000
[reader] generated 534/1000
[reader] generated 536/1000
[reader] generated 538/1000
[reader] generated 540/1000
[reader] generated 542/1000
[reader] generated 544/1000
[reader] generated 546/1000
[reader] generated 548/1000
[reader] generated 550/1000
[reader] generated 552/1000
[reader] generated 554/1000
[reader] generated 556/1000
[reader] generated 558/1000
[reader] generated 560/1000
[reader] generated 562/1000
[reader] generated 564/1000
[reader] generated 566/1000
[reader] generated 568/1000
[reader] generated 570/1000
[reader] generated 572/1000
[reader] generated 574/1000
[reader] generated 576/1000
[reader] generated 578/1000
[reader] generated 580/1000
[reader] generated 582/1000
[reader] generated 584/1000
[reader] generated 586/1000
[reader] generated 588/1000
[reader] generated 590/1000
[reader] generated 592/1000
[reader] generated 594/1000
[reader] generated 596/1000
[reader] generated 598/1000
[reader] generated 600/1000
[reader] generated 602/1000
[reader] generated 604/1000
[reader] generated 606/1000
[reader] generated 608/1000
[reader] generated 610/1000
[reader] generated 612/1000
[reader] generated 614/1000
[reader] generated 616/1000
[reader] generated 618/1000
[reader] generated 620/1000
[reader] generated 622/1000
[reader] generated 624/1000
[reader] generated 626/1000
[reader] generated 628/1000
[reader] generated 630/1000
[reader] generated 632/1000
[reader] generated 634/1000
[reader] generated 636/1000
[reader] generated 638/1000
[reader] generated 640/1000
[reader] generated 642/1000
[reader] generated 644/1000
[reader] generated 646/1000
[reader] generated 648/1000
[reader] generated 650/1000
[reader] generated 652/1000
[reader] generated 654/1000
[reader] generated 656/1000
[reader] generated 658/1000
[reader] generated 660/1000
[reader] generated 662/1000
[reader] generated 664/1000
[reader] generated 666/1000
[reader] generated 668/1000
[reader] generated 670/1000
[reader] generated 672/1000
[reader] generated 674/1000
[reader] generated 676/1000
[reader] generated 678/1000
[reader] generated 680/1000
[reader] generated 682/1000
[reader] generated 684/1000
[reader] generated 686/1000
[reader] generated 688/1000
[reader] generated 690/1000
[reader] generated 692/1000
[reader] generated 694/1000
[reader] generated 696/1000
[reader] generated 698/1000
[reader] generated 700/1000
[reader] generated 702/1000
[reader] generated 704/1000
[reader] generated 706/1000
[reader] generated 708/1000
[reader] generated 710/1000
[reader] generated 712/1000
[reader] generated 714/1000
[reader] generated 716/1000
[reader] generated 718/1000
[reader] generated 720/1000
[reader] generated 722/1000
[reader] generated 724/1000
[reader] generated 726/1000
[reader] generated 728/1000
[reader] generated 730/1000
[reader] generated 732/1000
[reader] generated 734/1000
[reader] generated 736/1000
[reader] generated 738/1000
[reader] generated 740/1000
[reader] generated 742/1000
[reader] generated 744/1000
[reader] generated 746/1000
[reader] generated 748/1000
[reader] generated 750/1000
[reader] generated 752/1000
[reader] generated 754/1000
[reader] generated 756/1000
[reader] generated 758/1000
[reader] generated 760/1000
[reader] generated 762/1000
[reader] generated 764/1000
[reader] generated 766/1000
[reader] generated 768/1000
[reader] generated 770/1000
[reader] generated 772/1000
[reader] generated 774/1000
[reader] generated 776/1000
[reader] generated 778/1000
[reader] generated 780/1000
[reader] generated 782/1000
[reader] generated 784/1000
[reader] generated 786/1000
[reader] generated 788/1000
[reader] generated 790/1000
[reader] generated 792/1000
[reader] generated 794/1000
[reader] generated 796/1000
[reader] generated 798/1000
[reader] generated 800/1000
[reader] generated 802/1000
[reader] generated 804/1000
[reader] generated 806/1000
[reader] generated 808/1000
[reader] generated 810/1000
[reader] generated 812/1000
[reader] generated 814/1000
[reader] generated 816/1000
[reader] generated 818/1000
[reader] generated 820/1000
[reader] generated 822/1000
[reader] generated 824/1000
[reader] generated 826/1000
[reader] generated 828/1000
[reader] generated 830/1000
[reader] generated 832/1000
[reader] generated 834/1000
[reader] generated 836/1000
[reader] generated 838/1000
[reader] generated 840/1000
[reader] generated 842/1000
[reader] generated 844/1000
[reader] generated 846/1000
[reader] generated 848/1000
[reader] generated 850/1000
[reader] generated 852/1000
[reader] generated 854/1000
[reader] generated 856/1000
[reader] generated 858/1000
[reader] generated 860/1000
[reader] generated 862/1000
[reader] generated 864/1000
[reader] generated 866/1000
[reader] generated 868/1000
[reader] generated 870/1000
[reader] generated 872/1000
[reader] generated 874/1000
[reader] generated 876/1000
[reader] generated 878/1000
[reader] generated 880/1000
[reader] generated 882/1000
[reader] generated 884/1000
[reader] generated 886/1000
[reader] generated 888/1000
[reader] generated 890/1000
[reader] generated 892/1000
[reader] generated 894/1000
[reader] generated 896/1000
[reader] generated 898/1000
[reader] generated 900/1000
[reader] generated 902/1000
[reader] generated 904/1000
[reader] generated 906/1000
[reader] generated 908/1000
[reader] generated 910/1000
[reader] generated 912/1000
[reader] generated 914/1000
[reader] generated 916/1000
[reader] generated 918/1000
[reader] generated 920/1000
[reader] generated 922/1000
[reader] generated 924/1000
[reader] generated 926/1000
[reader] generated 928/1000
[reader] generated 930/1000
[reader] generated 932/1000
[reader] generated 934/1000
[reader] generated 936/1000
[reader] generated 938/1000
[reader] generated 940/1000
[reader] generated 942/1000
[reader] generated 944/1000
[reader] generated 946/1000
[reader] generated 948/1000
[reader] generated 950/1000
[reader] generated 952/1000
[reader] generated 954/1000
[reader] generated 956/1000
[reader] generated 958/1000
[reader] generated 960/1000
[reader] generated 962/1000
[reader] generated 964/1000
[reader] generated 966/1000
[reader] generated 968/1000
[reader] generated 970/1000
[reader] generated 972/1000
[reader] generated 974/1000
[reader] generated 976/1000
[reader] generated 978/1000
[reader] generated 980/1000
[reader] generated 982/1000
[reader] generated 984/1000
[reader] generated 986/1000
[reader] generated 988/1000
[reader] generated 990/1000
[reader] generated 992/1000
[reader] generated 994/1000
[reader] generated 996/1000
[reader] generated 998/1000
[reader] generated 1000/1000
[stage3] policy=ace_packed_160, router_type=fixed, method=ace_graph, reader_context=packed_snippets, reader_model=Qwen/Qwen2.5-3B-Instruct, ace_retriever=standard, compressor=truncate:320, hybrid_alpha=, packed_token_budget=160, candidate_policies=, selection_counts=, recall@1=0.4115, all_gold@1=0.0, recall@2=0.6575, all_gold@2=0.4, recall@5=0.8115, all_gold@5=0.653, qwen_em=0.332, qwen_f1=0.4249, avg_reader_evidence_tokens=150.58
[stage3] materializing policy=ace_focused_160
[stage3] generating policy=ace_focused_160
[reader] generated 2/1000
[reader] generated 4/1000
[reader] generated 6/1000
[reader] generated 8/1000
[reader] generated 10/1000
[reader] generated 12/1000
[reader] generated 14/1000
[reader] generated 16/1000
[reader] generated 18/1000
[reader] generated 20/1000
[reader] generated 22/1000
[reader] generated 24/1000
[reader] generated 26/1000
[reader] generated 28/1000
[reader] generated 30/1000
[reader] generated 32/1000
[reader] generated 34/1000
[reader] generated 36/1000
[reader] generated 38/1000
[reader] generated 40/1000
[reader] generated 42/1000
[reader] generated 44/1000
[reader] generated 46/1000
[reader] generated 48/1000
[reader] generated 50/1000
[reader] generated 52/1000
[reader] generated 54/1000
[reader] generated 56/1000
[reader] generated 58/1000
[reader] generated 60/1000
[reader] generated 62/1000
[reader] generated 64/1000
[reader] generated 66/1000
[reader] generated 68/1000
[reader] generated 70/1000
[reader] generated 72/1000
[reader] generated 74/1000
[reader] generated 76/1000
[reader] generated 78/1000
[reader] generated 80/1000
[reader] generated 82/1000
[reader] generated 84/1000
[reader] generated 86/1000
[reader] generated 88/1000
[reader] generated 90/1000
[reader] generated 92/1000
[reader] generated 94/1000
[reader] generated 96/1000
[reader] generated 98/1000
[reader] generated 100/1000
[reader] generated 102/1000
[reader] generated 104/1000
[reader] generated 106/1000
[reader] generated 108/1000
[reader] generated 110/1000
[reader] generated 112/1000
[reader] generated 114/1000
[reader] generated 116/1000
[reader] generated 118/1000
[reader] generated 120/1000
[reader] generated 122/1000
[reader] generated 124/1000
[reader] generated 126/1000
[reader] generated 128/1000
[reader] generated 130/1000
[reader] generated 132/1000
[reader] generated 134/1000
[reader] generated 136/1000
[reader] generated 138/1000
[reader] generated 140/1000
[reader] generated 142/1000
[reader] generated 144/1000
[reader] generated 146/1000
[reader] generated 148/1000
[reader] generated 150/1000
[reader] generated 152/1000
[reader] generated 154/1000
[reader] generated 156/1000
[reader] generated 158/1000
[reader] generated 160/1000
[reader] generated 162/1000
[reader] generated 164/1000
[reader] generated 166/1000
[reader] generated 168/1000
[reader] generated 170/1000
[reader] generated 172/1000
[reader] generated 174/1000
[reader] generated 176/1000
[reader] generated 178/1000
[reader] generated 180/1000
[reader] generated 182/1000
[reader] generated 184/1000
[reader] generated 186/1000
[reader] generated 188/1000
[reader] generated 190/1000
[reader] generated 192/1000
[reader] generated 194/1000
[reader] generated 196/1000
[reader] generated 198/1000
[reader] generated 200/1000
[reader] generated 202/1000
[reader] generated 204/1000
[reader] generated 206/1000
[reader] generated 208/1000
[reader] generated 210/1000
[reader] generated 212/1000
[reader] generated 214/1000
[reader] generated 216/1000
[reader] generated 218/1000
[reader] generated 220/1000
[reader] generated 222/1000
[reader] generated 224/1000
[reader] generated 226/1000
[reader] generated 228/1000
[reader] generated 230/1000
[reader] generated 232/1000
[reader] generated 234/1000
[reader] generated 236/1000
[reader] generated 238/1000
[reader] generated 240/1000
[reader] generated 242/1000
[reader] generated 244/1000
[reader] generated 246/1000
[reader] generated 248/1000
[reader] generated 250/1000
[reader] generated 252/1000
[reader] generated 254/1000
[reader] generated 256/1000
[reader] generated 258/1000
[reader] generated 260/1000
[reader] generated 262/1000
[reader] generated 264/1000
[reader] generated 266/1000
[reader] generated 268/1000
[reader] generated 270/1000
[reader] generated 272/1000
[reader] generated 274/1000
[reader] generated 276/1000
[reader] generated 278/1000
[reader] generated 280/1000
[reader] generated 282/1000
[reader] generated 284/1000
[reader] generated 286/1000
[reader] generated 288/1000
[reader] generated 290/1000
[reader] generated 292/1000
[reader] generated 294/1000
[reader] generated 296/1000
[reader] generated 298/1000
[reader] generated 300/1000
[reader] generated 302/1000
[reader] generated 304/1000
[reader] generated 306/1000
[reader] generated 308/1000
[reader] generated 310/1000
[reader] generated 312/1000
[reader] generated 314/1000
[reader] generated 316/1000
[reader] generated 318/1000
[reader] generated 320/1000
[reader] generated 322/1000
[reader] generated 324/1000
[reader] generated 326/1000
[reader] generated 328/1000
[reader] generated 330/1000
[reader] generated 332/1000
[reader] generated 334/1000
[reader] generated 336/1000
[reader] generated 338/1000
[reader] generated 340/1000
[reader] generated 342/1000
[reader] generated 344/1000
[reader] generated 346/1000
[reader] generated 348/1000
[reader] generated 350/1000
[reader] generated 352/1000
[reader] generated 354/1000
[reader] generated 356/1000
[reader] generated 358/1000
[reader] generated 360/1000
[reader] generated 362/1000
[reader] generated 364/1000
[reader] generated 366/1000
[reader] generated 368/1000
[reader] generated 370/1000
[reader] generated 372/1000
[reader] generated 374/1000
[reader] generated 376/1000
[reader] generated 378/1000
[reader] generated 380/1000
[reader] generated 382/1000
[reader] generated 384/1000
[reader] generated 386/1000
[reader] generated 388/1000
[reader] generated 390/1000
[reader] generated 392/1000
[reader] generated 394/1000
[reader] generated 396/1000
[reader] generated 398/1000
[reader] generated 400/1000
[reader] generated 402/1000
[reader] generated 404/1000
[reader] generated 406/1000
[reader] generated 408/1000
[reader] generated 410/1000
[reader] generated 412/1000
[reader] generated 414/1000
[reader] generated 416/1000
[reader] generated 418/1000
[reader] generated 420/1000
[reader] generated 422/1000
[reader] generated 424/1000
[reader] generated 426/1000
[reader] generated 428/1000
[reader] generated 430/1000
[reader] generated 432/1000
[reader] generated 434/1000
[reader] generated 436/1000
[reader] generated 438/1000
[reader] generated 440/1000
[reader] generated 442/1000
[reader] generated 444/1000
[reader] generated 446/1000
[reader] generated 448/1000
[reader] generated 450/1000
[reader] generated 452/1000
[reader] generated 454/1000
[reader] generated 456/1000
[reader] generated 458/1000
[reader] generated 460/1000
[reader] generated 462/1000
[reader] generated 464/1000
[reader] generated 466/1000
[reader] generated 468/1000
[reader] generated 470/1000
[reader] generated 472/1000
[reader] generated 474/1000
[reader] generated 476/1000
[reader] generated 478/1000
[reader] generated 480/1000
[reader] generated 482/1000
[reader] generated 484/1000
[reader] generated 486/1000
[reader] generated 488/1000
[reader] generated 490/1000
[reader] generated 492/1000
[reader] generated 494/1000
[reader] generated 496/1000
[reader] generated 498/1000
[reader] generated 500/1000
[reader] generated 502/1000
[reader] generated 504/1000
[reader] generated 506/1000
[reader] generated 508/1000
[reader] generated 510/1000
[reader] generated 512/1000
[reader] generated 514/1000
[reader] generated 516/1000
[reader] generated 518/1000
[reader] generated 520/1000
[reader] generated 522/1000
[reader] generated 524/1000
[reader] generated 526/1000
[reader] generated 528/1000
[reader] generated 530/1000
[reader] generated 532/1000
[reader] generated 534/1000
[reader] generated 536/1000
[reader] generated 538/1000
[reader] generated 540/1000
[reader] generated 542/1000
[reader] generated 544/1000
[reader] generated 546/1000
[reader] generated 548/1000
[reader] generated 550/1000
[reader] generated 552/1000
[reader] generated 554/1000
[reader] generated 556/1000
[reader] generated 558/1000
[reader] generated 560/1000
[reader] generated 562/1000
[reader] generated 564/1000
[reader] generated 566/1000
[reader] generated 568/1000
[reader] generated 570/1000
[reader] generated 572/1000
[reader] generated 574/1000
[reader] generated 576/1000
[reader] generated 578/1000
[reader] generated 580/1000
[reader] generated 582/1000
[reader] generated 584/1000
[reader] generated 586/1000
[reader] generated 588/1000
[reader] generated 590/1000
[reader] generated 592/1000
[reader] generated 594/1000
[reader] generated 596/1000
[reader] generated 598/1000
[reader] generated 600/1000
[reader] generated 602/1000
[reader] generated 604/1000
[reader] generated 606/1000
[reader] generated 608/1000
[reader] generated 610/1000
[reader] generated 612/1000
[reader] generated 614/1000
[reader] generated 616/1000
[reader] generated 618/1000
[reader] generated 620/1000
[reader] generated 622/1000
[reader] generated 624/1000
[reader] generated 626/1000
[reader] generated 628/1000
[reader] generated 630/1000
[reader] generated 632/1000
[reader] generated 634/1000
[reader] generated 636/1000
[reader] generated 638/1000
[reader] generated 640/1000
[reader] generated 642/1000
[reader] generated 644/1000
[reader] generated 646/1000
[reader] generated 648/1000
[reader] generated 650/1000
[reader] generated 652/1000
[reader] generated 654/1000
[reader] generated 656/1000
[reader] generated 658/1000
[reader] generated 660/1000
[reader] generated 662/1000
[reader] generated 664/1000
[reader] generated 666/1000
[reader] generated 668/1000
[reader] generated 670/1000
[reader] generated 672/1000
[reader] generated 674/1000
[reader] generated 676/1000
[reader] generated 678/1000
[reader] generated 680/1000
[reader] generated 682/1000
[reader] generated 684/1000
[reader] generated 686/1000
[reader] generated 688/1000
[reader] generated 690/1000
[reader] generated 692/1000
[reader] generated 694/1000
[reader] generated 696/1000
[reader] generated 698/1000
[reader] generated 700/1000
[reader] generated 702/1000
[reader] generated 704/1000
[reader] generated 706/1000
[reader] generated 708/1000
[reader] generated 710/1000
[reader] generated 712/1000
[reader] generated 714/1000
[reader] generated 716/1000
[reader] generated 718/1000
[reader] generated 720/1000
[reader] generated 722/1000
[reader] generated 724/1000
[reader] generated 726/1000
[reader] generated 728/1000
[reader] generated 730/1000
[reader] generated 732/1000
[reader] generated 734/1000
[reader] generated 736/1000
[reader] generated 738/1000
[reader] generated 740/1000
[reader] generated 742/1000
[reader] generated 744/1000
[reader] generated 746/1000
[reader] generated 748/1000
[reader] generated 750/1000
[reader] generated 752/1000
[reader] generated 754/1000
[reader] generated 756/1000
[reader] generated 758/1000
[reader] generated 760/1000
[reader] generated 762/1000
[reader] generated 764/1000
[reader] generated 766/1000
[reader] generated 768/1000
[reader] generated 770/1000
[reader] generated 772/1000
[reader] generated 774/1000
[reader] generated 776/1000
[reader] generated 778/1000
[reader] generated 780/1000
[reader] generated 782/1000
[reader] generated 784/1000
[reader] generated 786/1000
[reader] generated 788/1000
[reader] generated 790/1000
[reader] generated 792/1000
[reader] generated 794/1000
[reader] generated 796/1000
[reader] generated 798/1000
[reader] generated 800/1000
[reader] generated 802/1000
[reader] generated 804/1000
[reader] generated 806/1000
[reader] generated 808/1000
[reader] generated 810/1000
[reader] generated 812/1000
[reader] generated 814/1000
[reader] generated 816/1000
[reader] generated 818/1000
[reader] generated 820/1000
[reader] generated 822/1000
[reader] generated 824/1000
[reader] generated 826/1000
[reader] generated 828/1000
[reader] generated 830/1000
[reader] generated 832/1000
[reader] generated 834/1000
[reader] generated 836/1000
[reader] generated 838/1000
[reader] generated 840/1000
[reader] generated 842/1000
[reader] generated 844/1000
[reader] generated 846/1000
[reader] generated 848/1000
[reader] generated 850/1000
[reader] generated 852/1000
[reader] generated 854/1000
[reader] generated 856/1000
[reader] generated 858/1000
[reader] generated 860/1000
[reader] generated 862/1000
[reader] generated 864/1000
[reader] generated 866/1000
[reader] generated 868/1000
[reader] generated 870/1000
[reader] generated 872/1000
[reader] generated 874/1000
[reader] generated 876/1000
[reader] generated 878/1000
[reader] generated 880/1000
[reader] generated 882/1000
[reader] generated 884/1000
[reader] generated 886/1000
[reader] generated 888/1000
[reader] generated 890/1000
[reader] generated 892/1000
[reader] generated 894/1000
[reader] generated 896/1000
[reader] generated 898/1000
[reader] generated 900/1000
[reader] generated 902/1000
[reader] generated 904/1000
[reader] generated 906/1000
[reader] generated 908/1000
[reader] generated 910/1000
[reader] generated 912/1000
[reader] generated 914/1000
[reader] generated 916/1000
[reader] generated 918/1000
[reader] generated 920/1000
[reader] generated 922/1000
[reader] generated 924/1000
[reader] generated 926/1000
[reader] generated 928/1000
[reader] generated 930/1000
[reader] generated 932/1000
[reader] generated 934/1000
[reader] generated 936/1000
[reader] generated 938/1000
[reader] generated 940/1000
[reader] generated 942/1000
[reader] generated 944/1000
[reader] generated 946/1000
[reader] generated 948/1000
[reader] generated 950/1000
[reader] generated 952/1000
[reader] generated 954/1000
[reader] generated 956/1000
[reader] generated 958/1000
[reader] generated 960/1000
[reader] generated 962/1000
[reader] generated 964/1000
[reader] generated 966/1000
[reader] generated 968/1000
[reader] generated 970/1000
[reader] generated 972/1000
[reader] generated 974/1000
[reader] generated 976/1000
[reader] generated 978/1000
[reader] generated 980/1000
[reader] generated 982/1000
[reader] generated 984/1000
[reader] generated 986/1000
[reader] generated 988/1000
[reader] generated 990/1000
[reader] generated 992/1000
[reader] generated 994/1000
[reader] generated 996/1000
[reader] generated 998/1000
[reader] generated 1000/1000
[stage3] policy=ace_focused_160, router_type=fixed, method=ace_graph, reader_context=focused_packed, reader_model=Qwen/Qwen2.5-3B-Instruct, ace_retriever=standard, compressor=truncate:320, hybrid_alpha=, packed_token_budget=160, candidate_policies=, selection_counts=, recall@1=0.4115, all_gold@1=0.0, recall@2=0.6575, all_gold@2=0.4, recall@5=0.8115, all_gold@5=0.653, qwen_em=0.339, qwen_f1=0.4251, avg_reader_evidence_tokens=149.57
[stage3] policy=router_rule, router_type=rule, method=adaptive_router, reader_context=routed, reader_model=Qwen/Qwen2.5-3B-Instruct, ace_retriever=, compressor=, hybrid_alpha=, packed_token_budget=, candidate_policies=chunk_packed_160|ace_packed_160|ace_focused_160, selection_counts={"ace_focused_160": 10, "ace_packed_160": 525, "chunk_packed_160": 465}, recall@1=0.318, all_gold@1=0.0, recall@2=0.5225, all_gold@2=0.215, recall@5=0.7195, all_gold@5=0.499, qwen_em=0.331, qwen_f1=0.4256, avg_reader_evidence_tokens=150.89
[stage3] policy=router_oracle, router_type=oracle, method=adaptive_router, reader_context=routed, reader_model=Qwen/Qwen2.5-3B-Instruct, ace_retriever=, compressor=, hybrid_alpha=, packed_token_budget=, candidate_policies=chunk_packed_160|ace_packed_160|ace_focused_160, selection_counts={"ace_focused_160": 303, "ace_packed_160": 329, "chunk_packed_160": 368}, recall@1=0.3355, all_gold@1=0.0, recall@2=0.5515, all_gold@2=0.256, recall@5=0.7255, all_gold@5=0.509, qwen_em=0.45, qwen_f1=0.5441, avg_reader_evidence_tokens=146.07
wrote /kaggle/working/colab_results/stage3_hotpotqa_budget160_seed7_limit1000_qwen3b/hotpotqa_stage3_router_standard_limit1000_metrics.csv
wrote /kaggle/working/colab_results/stage3_hotpotqa_budget160_seed7_limit1000_qwen3b/hotpotqa_stage3_router_standard_limit1000_predictions.jsonl
wrote /kaggle/working/colab_results/stage3_hotpotqa_budget160_seed7_limit1000_qwen3b/hotpotqa_stage3_router_standard_limit1000_router_features.csv
[done] stage3_hotpotqa_budget160_seed7_limit1000_qwen3b
[start] stage3_hotpotqa_budget220_seed7_limit1000_qwen3b candidates=chunk_packed_220,ace_packed_220,ace_focused_220
$ /usr/bin/python3 -m experiments.run_stage3_router --dataset hotpotqa --split validation --seed 7 --limit 1000 --embed-device cuda --compressor truncate --compress-dims 320 --top-k-nodes 48 --max-expanded-docs 5 --ace-retriever standard --reader-model Qwen/Qwen2.5-3B-Instruct --reader-device cuda --reader-batch-size 2 --chunk-budget 220 --ace-packed-budget 220 --ace-focused-budget 220 --router-candidates chunk_packed_220,ace_packed_220,ace_focused_220 --out-dir /kaggle/working/colab_results/stage3_hotpotqa_budget220_seed7_limit1000_qwen3b
hotpotqa[hf:validation:1000]: 9814 docs, 1000 questions, 2.00 gold docs/question
[stage3] retrieving chunk baseline
2026-06-27 15:48:06.019451: E external/local_xla/xla/stream_executor/cuda/cuda_fft.cc:467] Unable to register cuFFT factory: Attempting to register factory for plugin cuFFT when one has already been registered
WARNING: All log messages before absl::InitializeLog() is called are written to STDERR
E0000 00:00:1782575286.044481    1562 cuda_dnn.cc:8579] Unable to register cuDNN factory: Attempting to register factory for plugin cuDNN when one has already been registered
E0000 00:00:1782575286.052755    1562 cuda_blas.cc:1407] Unable to register cuBLAS factory: Attempting to register factory for plugin cuBLAS when one has already been registered
W0000 00:00:1782575286.073626    1562 computation_placer.cc:177] computation placer already registered. Please check linkage and avoid linking the same target more than once.
W0000 00:00:1782575286.073674    1562 computation_placer.cc:177] computation placer already registered. Please check linkage and avoid linking the same target more than once.
W0000 00:00:1782575286.073681    1562 computation_placer.cc:177] computation placer already registered. Please check linkage and avoid linking the same target more than once.
W0000 00:00:1782575286.073685    1562 computation_placer.cc:177] computation placer already registered. Please check linkage and avoid linking the same target more than once.
[chunk] fitting/indexing
[embed] encoding 9814 texts on device=cuda:0

Batches:   0%|          | 0/154 [00:00<?, ?it/s]
Batches:   1%|          | 1/154 [00:01<02:36,  1.02s/it]
Batches:   1%|▏         | 2/154 [00:01<01:59,  1.28it/s]
Batches:   2%|▏         | 3/154 [00:02<01:39,  1.51it/s]
Batches:   3%|▎         | 4/154 [00:02<01:26,  1.72it/s]
Batches:   3%|▎         | 5/154 [00:03<01:17,  1.92it/s]
Batches:   4%|▍         | 6/154 [00:03<01:13,  2.00it/s]
Batches:   5%|▍         | 7/154 [00:03<01:05,  2.23it/s]
Batches:   5%|▌         | 8/154 [00:04<01:01,  2.36it/s]
Batches:   6%|▌         | 9/154 [00:04<01:01,  2.35it/s]
Batches:   6%|▋         | 10/154 [00:04<00:56,  2.54it/s]
Batches:   7%|▋         | 11/154 [00:05<00:54,  2.63it/s]
Batches:   8%|▊         | 12/154 [00:05<00:53,  2.65it/s]
Batches:   8%|▊         | 13/154 [00:05<00:50,  2.78it/s]
Batches:   9%|▉         | 14/154 [00:06<00:48,  2.89it/s]
Batches:  10%|▉         | 15/154 [00:06<00:45,  3.05it/s]
Batches:  10%|█         | 16/154 [00:06<00:43,  3.14it/s]
Batches:  11%|█         | 17/154 [00:07<00:44,  3.08it/s]
Batches:  12%|█▏        | 18/154 [00:07<00:41,  3.27it/s]
Batches:  12%|█▏        | 19/154 [00:07<00:41,  3.22it/s]
Batches:  13%|█▎        | 20/154 [00:08<00:40,  3.35it/s]
Batches:  14%|█▎        | 21/154 [00:08<00:38,  3.49it/s]
Batches:  14%|█▍        | 22/154 [00:08<00:40,  3.29it/s]
Batches:  15%|█▍        | 23/154 [00:09<00:41,  3.17it/s]
Batches:  16%|█▌        | 24/154 [00:09<00:39,  3.31it/s]
Batches:  16%|█▌        | 25/154 [00:09<00:37,  3.46it/s]
Batches:  17%|█▋        | 26/154 [00:09<00:35,  3.56it/s]
Batches:  18%|█▊        | 27/154 [00:10<00:35,  3.60it/s]
Batches:  18%|█▊        | 28/154 [00:10<00:34,  3.70it/s]
Batches:  19%|█▉        | 29/154 [00:10<00:33,  3.72it/s]
Batches:  19%|█▉        | 30/154 [00:10<00:32,  3.77it/s]
Batches:  20%|██        | 31/154 [00:11<00:31,  3.88it/s]
Batches:  21%|██        | 32/154 [00:11<00:31,  3.94it/s]
Batches:  21%|██▏       | 33/154 [00:11<00:29,  4.08it/s]
Batches:  22%|██▏       | 34/154 [00:11<00:29,  4.11it/s]
Batches:  23%|██▎       | 35/154 [00:12<00:28,  4.12it/s]
Batches:  23%|██▎       | 36/154 [00:12<00:28,  4.10it/s]
Batches:  24%|██▍       | 37/154 [00:12<00:28,  4.11it/s]
Batches:  25%|██▍       | 38/154 [00:12<00:29,  3.99it/s]
Batches:  25%|██▌       | 39/154 [00:13<00:28,  4.06it/s]
Batches:  26%|██▌       | 40/154 [00:13<00:26,  4.24it/s]
Batches:  27%|██▋       | 41/154 [00:13<00:26,  4.24it/s]
Batches:  27%|██▋       | 42/154 [00:13<00:27,  4.05it/s]
Batches:  28%|██▊       | 43/154 [00:13<00:26,  4.25it/s]
Batches:  29%|██▊       | 44/154 [00:14<00:24,  4.46it/s]
Batches:  29%|██▉       | 45/154 [00:14<00:23,  4.60it/s]
Batches:  30%|██▉       | 46/154 [00:14<00:23,  4.67it/s]
Batches:  31%|███       | 47/154 [00:14<00:22,  4.70it/s]
Batches:  31%|███       | 48/154 [00:14<00:22,  4.73it/s]
Batches:  32%|███▏      | 49/154 [00:15<00:22,  4.63it/s]
Batches:  32%|███▏      | 50/154 [00:15<00:22,  4.68it/s]
Batches:  33%|███▎      | 51/154 [00:15<00:21,  4.73it/s]
Batches:  34%|███▍      | 52/154 [00:15<00:21,  4.79it/s]
Batches:  34%|███▍      | 53/154 [00:16<00:21,  4.80it/s]
Batches:  35%|███▌      | 54/154 [00:16<00:20,  4.98it/s]
Batches:  36%|███▌      | 55/154 [00:16<00:19,  5.04it/s]
Batches:  36%|███▋      | 56/154 [00:16<00:21,  4.63it/s]
Batches:  37%|███▋      | 57/154 [00:16<00:19,  4.89it/s]
Batches:  38%|███▊      | 58/154 [00:17<00:18,  5.06it/s]
Batches:  38%|███▊      | 59/154 [00:17<00:18,  5.18it/s]
Batches:  39%|███▉      | 60/154 [00:17<00:18,  5.02it/s]
Batches:  40%|███▉      | 61/154 [00:17<00:18,  5.16it/s]
Batches:  40%|████      | 62/154 [00:17<00:17,  5.14it/s]
Batches:  41%|████      | 63/154 [00:17<00:17,  5.22it/s]
Batches:  42%|████▏     | 64/154 [00:18<00:17,  5.07it/s]
Batches:  42%|████▏     | 65/154 [00:18<00:17,  5.23it/s]
Batches:  43%|████▎     | 66/154 [00:18<00:17,  5.08it/s]
Batches:  44%|████▎     | 67/154 [00:18<00:16,  5.23it/s]
Batches:  44%|████▍     | 68/154 [00:18<00:16,  5.30it/s]
Batches:  45%|████▍     | 69/154 [00:19<00:15,  5.40it/s]
Batches:  45%|████▌     | 70/154 [00:19<00:15,  5.54it/s]
Batches:  46%|████▌     | 71/154 [00:19<00:15,  5.51it/s]
Batches:  47%|████▋     | 72/154 [00:19<00:14,  5.56it/s]
Batches:  47%|████▋     | 73/154 [00:19<00:14,  5.51it/s]
Batches:  48%|████▊     | 74/154 [00:20<00:14,  5.60it/s]
Batches:  49%|████▊     | 75/154 [00:20<00:13,  5.66it/s]
Batches:  49%|████▉     | 76/154 [00:20<00:13,  5.79it/s]
Batches:  50%|█████     | 77/154 [00:20<00:12,  6.09it/s]
Batches:  51%|█████     | 78/154 [00:20<00:12,  6.31it/s]
Batches:  51%|█████▏    | 79/154 [00:20<00:12,  6.22it/s]
Batches:  52%|█████▏    | 80/154 [00:20<00:11,  6.43it/s]
Batches:  53%|█████▎    | 81/154 [00:21<00:11,  6.17it/s]
Batches:  53%|█████▎    | 82/154 [00:21<00:11,  6.05it/s]
Batches:  54%|█████▍    | 83/154 [00:21<00:11,  6.00it/s]
Batches:  55%|█████▍    | 84/154 [00:21<00:11,  5.97it/s]
Batches:  55%|█████▌    | 85/154 [00:21<00:11,  5.83it/s]
Batches:  56%|█████▌    | 86/154 [00:21<00:11,  6.01it/s]
Batches:  56%|█████▋    | 87/154 [00:22<00:10,  6.24it/s]
Batches:  57%|█████▋    | 88/154 [00:22<00:10,  6.17it/s]
Batches:  58%|█████▊    | 89/154 [00:22<00:10,  6.09it/s]
Batches:  58%|█████▊    | 90/154 [00:22<00:10,  6.19it/s]
Batches:  59%|█████▉    | 91/154 [00:22<00:10,  6.06it/s]
Batches:  60%|█████▉    | 92/154 [00:22<00:09,  6.40it/s]
Batches:  60%|██████    | 93/154 [00:23<00:09,  6.56it/s]
Batches:  61%|██████    | 94/154 [00:23<00:08,  6.79it/s]
Batches:  62%|██████▏   | 95/154 [00:23<00:08,  6.81it/s]
Batches:  62%|██████▏   | 96/154 [00:23<00:08,  7.09it/s]
Batches:  63%|██████▎   | 97/154 [00:23<00:07,  7.19it/s]
Batches:  64%|██████▎   | 98/154 [00:23<00:07,  7.31it/s]
Batches:  64%|██████▍   | 99/154 [00:23<00:07,  7.54it/s]
Batches:  65%|██████▍   | 100/154 [00:24<00:07,  7.34it/s]
Batches:  66%|██████▌   | 101/154 [00:24<00:07,  7.44it/s]
Batches:  66%|██████▌   | 102/154 [00:24<00:07,  7.42it/s]
Batches:  67%|██████▋   | 103/154 [00:24<00:06,  7.51it/s]
Batches:  68%|██████▊   | 104/154 [00:24<00:06,  7.46it/s]
Batches:  68%|██████▊   | 105/154 [00:24<00:06,  7.78it/s]
Batches:  69%|██████▉   | 106/154 [00:24<00:06,  7.94it/s]
Batches:  69%|██████▉   | 107/154 [00:24<00:06,  7.19it/s]
Batches:  70%|███████   | 108/154 [00:25<00:06,  7.36it/s]
Batches:  71%|███████   | 109/154 [00:25<00:05,  7.65it/s]
Batches:  71%|███████▏  | 110/154 [00:25<00:05,  7.85it/s]
Batches:  72%|███████▏  | 111/154 [00:25<00:05,  8.14it/s]
Batches:  73%|███████▎  | 112/154 [00:25<00:05,  8.14it/s]
Batches:  73%|███████▎  | 113/154 [00:25<00:05,  8.13it/s]
Batches:  74%|███████▍  | 114/154 [00:25<00:04,  8.41it/s]
Batches:  75%|███████▍  | 115/154 [00:25<00:04,  8.43it/s]
Batches:  75%|███████▌  | 116/154 [00:26<00:04,  8.70it/s]
Batches:  76%|███████▌  | 117/154 [00:26<00:04,  8.70it/s]
Batches:  77%|███████▋  | 118/154 [00:26<00:04,  8.90it/s]
Batches:  77%|███████▋  | 119/154 [00:26<00:03,  8.88it/s]
Batches:  78%|███████▊  | 120/154 [00:26<00:03,  8.96it/s]
Batches:  79%|███████▊  | 121/154 [00:26<00:03,  9.18it/s]
Batches:  79%|███████▉  | 122/154 [00:26<00:03,  9.33it/s]
Batches:  80%|███████▉  | 123/154 [00:26<00:03,  9.30it/s]
Batches:  81%|████████  | 124/154 [00:26<00:03,  9.40it/s]
Batches:  81%|████████  | 125/154 [00:26<00:03,  9.29it/s]
Batches:  82%|████████▏ | 127/154 [00:27<00:02,  9.84it/s]
Batches:  84%|████████▍ | 129/154 [00:27<00:02,  9.91it/s]
Batches:  85%|████████▌ | 131/154 [00:27<00:02, 10.17it/s]
Batches:  86%|████████▋ | 133/154 [00:27<00:01, 10.60it/s]
Batches:  88%|████████▊ | 135/154 [00:27<00:01, 10.93it/s]
Batches:  89%|████████▉ | 137/154 [00:28<00:01, 11.29it/s]
Batches:  90%|█████████ | 139/154 [00:28<00:01, 11.61it/s]
Batches:  92%|█████████▏| 141/154 [00:28<00:01, 11.85it/s]
Batches:  93%|█████████▎| 143/154 [00:28<00:00, 12.35it/s]
Batches:  94%|█████████▍| 145/154 [00:28<00:00, 12.74it/s]
Batches:  95%|█████████▌| 147/154 [00:28<00:00, 13.60it/s]
Batches:  97%|█████████▋| 149/154 [00:28<00:00, 14.28it/s]
Batches:  98%|█████████▊| 151/154 [00:29<00:00, 15.40it/s]
Batches: 100%|██████████| 154/154 [00:29<00:00,  5.29it/s]
[chunk] retrieving
[embed] encoding 1000 texts on device=cuda:0

Batches:   0%|          | 0/16 [00:00<?, ?it/s]
Batches:  19%|█▉        | 3/16 [00:00<00:00, 23.79it/s]
Batches:  38%|███▊      | 6/16 [00:00<00:00, 25.27it/s]
Batches:  62%|██████▎   | 10/16 [00:00<00:00, 28.20it/s]
Batches:  88%|████████▊ | 14/16 [00:00<00:00, 31.31it/s]
Batches: 100%|██████████| 16/16 [00:00<00:00, 31.07it/s]
[stage3] retrieving BM25 baseline
[bm25] fitting/indexing
[bm25] retrieving
[stage3] retrieving hybrid baseline
[hybrid] fitting/indexing
[embed] encoding 9814 texts on device=cuda:0

Batches:   0%|          | 0/154 [00:00<?, ?it/s]
Batches:   1%|          | 1/154 [00:00<02:05,  1.22it/s]
Batches:   1%|▏         | 2/154 [00:01<01:48,  1.40it/s]
Batches:   2%|▏         | 3/154 [00:02<01:35,  1.57it/s]
Batches:   3%|▎         | 4/154 [00:02<01:26,  1.73it/s]
Batches:   3%|▎         | 5/154 [00:02<01:18,  1.89it/s]
Batches:   4%|▍         | 6/154 [00:03<01:16,  1.95it/s]
Batches:   5%|▍         | 7/154 [00:03<01:08,  2.15it/s]
Batches:   5%|▌         | 8/154 [00:04<01:04,  2.25it/s]
Batches:   6%|▌         | 9/154 [00:04<01:04,  2.23it/s]
Batches:   6%|▋         | 10/154 [00:04<01:00,  2.39it/s]
Batches:   7%|▋         | 11/154 [00:05<00:57,  2.48it/s]
Batches:   8%|▊         | 12/154 [00:05<00:57,  2.49it/s]
Batches:   8%|▊         | 13/154 [00:06<00:53,  2.62it/s]
Batches:   9%|▉         | 14/154 [00:06<00:51,  2.71it/s]
Batches:  10%|▉         | 15/154 [00:06<00:48,  2.84it/s]
Batches:  10%|█         | 16/154 [00:07<00:47,  2.92it/s]
Batches:  11%|█         | 17/154 [00:07<00:47,  2.86it/s]
Batches:  12%|█▏        | 18/154 [00:07<00:44,  3.06it/s]
Batches:  12%|█▏        | 19/154 [00:08<00:44,  3.01it/s]
Batches:  13%|█▎        | 20/154 [00:08<00:42,  3.13it/s]
Batches:  14%|█▎        | 21/154 [00:08<00:40,  3.29it/s]
Batches:  14%|█▍        | 22/154 [00:08<00:42,  3.11it/s]
Batches:  15%|█▍        | 23/154 [00:09<00:43,  2.99it/s]
Batches:  16%|█▌        | 24/154 [00:09<00:41,  3.10it/s]
Batches:  16%|█▌        | 25/154 [00:09<00:39,  3.23it/s]
Batches:  17%|█▋        | 26/154 [00:10<00:38,  3.33it/s]
Batches:  18%|█▊        | 27/154 [00:10<00:38,  3.31it/s]
Batches:  18%|█▊        | 28/154 [00:10<00:36,  3.47it/s]
Batches:  19%|█▉        | 29/154 [00:11<00:35,  3.49it/s]
Batches:  19%|█▉        | 30/154 [00:11<00:34,  3.57it/s]
Batches:  20%|██        | 31/154 [00:11<00:33,  3.65it/s]
Batches:  21%|██        | 32/154 [00:11<00:33,  3.68it/s]
Batches:  21%|██▏       | 33/154 [00:12<00:31,  3.84it/s]
Batches:  22%|██▏       | 34/154 [00:12<00:30,  3.89it/s]
Batches:  23%|██▎       | 35/154 [00:12<00:30,  3.87it/s]
Batches:  23%|██▎       | 36/154 [00:12<00:30,  3.83it/s]
Batches:  24%|██▍       | 37/154 [00:13<00:30,  3.84it/s]
Batches:  25%|██▍       | 38/154 [00:13<00:31,  3.74it/s]
Batches:  25%|██▌       | 39/154 [00:13<00:30,  3.76it/s]
Batches:  26%|██▌       | 40/154 [00:13<00:29,  3.93it/s]
Batches:  27%|██▋       | 41/154 [00:14<00:28,  3.91it/s]
Batches:  27%|██▋       | 42/154 [00:14<00:29,  3.75it/s]
Batches:  28%|██▊       | 43/154 [00:14<00:28,  3.94it/s]
Batches:  29%|██▊       | 44/154 [00:14<00:26,  4.12it/s]
Batches:  29%|██▉       | 45/154 [00:15<00:25,  4.23it/s]
Batches:  30%|██▉       | 46/154 [00:15<00:25,  4.27it/s]
Batches:  31%|███       | 47/154 [00:15<00:24,  4.32it/s]
Batches:  31%|███       | 48/154 [00:15<00:24,  4.36it/s]
Batches:  32%|███▏      | 49/154 [00:16<00:24,  4.27it/s]
Batches:  32%|███▏      | 50/154 [00:16<00:24,  4.29it/s]
Batches:  33%|███▎      | 51/154 [00:16<00:23,  4.31it/s]
Batches:  34%|███▍      | 52/154 [00:16<00:23,  4.39it/s]
Batches:  34%|███▍      | 53/154 [00:16<00:22,  4.40it/s]
Batches:  35%|███▌      | 54/154 [00:17<00:21,  4.57it/s]
Batches:  36%|███▌      | 55/154 [00:17<00:21,  4.62it/s]
Batches:  36%|███▋      | 56/154 [00:17<00:23,  4.15it/s]
Batches:  37%|███▋      | 57/154 [00:17<00:22,  4.40it/s]
Batches:  38%|███▊      | 58/154 [00:18<00:20,  4.58it/s]
Batches:  38%|███▊      | 59/154 [00:18<00:20,  4.71it/s]
Batches:  39%|███▉      | 60/154 [00:18<00:20,  4.54it/s]
Batches:  40%|███▉      | 61/154 [00:18<00:19,  4.69it/s]
Batches:  40%|████      | 62/154 [00:18<00:19,  4.71it/s]
Batches:  41%|████      | 63/154 [00:19<00:19,  4.79it/s]
Batches:  42%|████▏     | 64/154 [00:19<00:19,  4.65it/s]
Batches:  42%|████▏     | 65/154 [00:19<00:18,  4.77it/s]
Batches:  43%|████▎     | 66/154 [00:19<00:18,  4.65it/s]
Batches:  44%|████▎     | 67/154 [00:19<00:18,  4.77it/s]
Batches:  44%|████▍     | 68/154 [00:20<00:17,  4.84it/s]
Batches:  45%|████▍     | 69/154 [00:20<00:17,  4.97it/s]
Batches:  45%|████▌     | 70/154 [00:20<00:16,  5.10it/s]
Batches:  46%|████▌     | 71/154 [00:20<00:16,  5.08it/s]
Batches:  47%|████▋     | 72/154 [00:20<00:16,  5.08it/s]
Batches:  47%|████▋     | 73/154 [00:21<00:16,  5.06it/s]
Batches:  48%|████▊     | 74/154 [00:21<00:15,  5.13it/s]
Batches:  49%|████▊     | 75/154 [00:21<00:15,  5.16it/s]
Batches:  49%|████▉     | 76/154 [00:21<00:14,  5.29it/s]
Batches:  50%|█████     | 77/154 [00:21<00:13,  5.55it/s]
Batches:  51%|█████     | 78/154 [00:21<00:13,  5.79it/s]
Batches:  51%|█████▏    | 79/154 [00:22<00:13,  5.70it/s]
Batches:  52%|█████▏    | 80/154 [00:22<00:12,  5.92it/s]
Batches:  53%|█████▎    | 81/154 [00:22<00:12,  5.67it/s]
Batches:  53%|█████▎    | 82/154 [00:22<00:12,  5.57it/s]
Batches:  54%|█████▍    | 83/154 [00:22<00:12,  5.50it/s]
Batches:  55%|█████▍    | 84/154 [00:23<00:12,  5.46it/s]
Batches:  55%|█████▌    | 85/154 [00:23<00:12,  5.35it/s]
Batches:  56%|█████▌    | 86/154 [00:23<00:12,  5.52it/s]
Batches:  56%|█████▋    | 87/154 [00:23<00:11,  5.75it/s]
Batches:  57%|█████▋    | 88/154 [00:23<00:11,  5.70it/s]
Batches:  58%|█████▊    | 89/154 [00:23<00:11,  5.64it/s]
Batches:  58%|█████▊    | 90/154 [00:24<00:11,  5.74it/s]
Batches:  59%|█████▉    | 91/154 [00:24<00:11,  5.60it/s]
Batches:  60%|█████▉    | 92/154 [00:24<00:10,  5.92it/s]
Batches:  60%|██████    | 93/154 [00:24<00:10,  6.06it/s]
Batches:  61%|██████    | 94/154 [00:24<00:09,  6.26it/s]
Batches:  62%|██████▏   | 95/154 [00:24<00:09,  6.31it/s]
Batches:  62%|██████▏   | 96/154 [00:25<00:08,  6.52it/s]
Batches:  63%|██████▎   | 97/154 [00:25<00:08,  6.59it/s]
Batches:  64%|██████▎   | 98/154 [00:25<00:08,  6.73it/s]
Batches:  64%|██████▍   | 99/154 [00:25<00:07,  6.94it/s]
Batches:  65%|██████▍   | 100/154 [00:25<00:07,  6.79it/s]
Batches:  66%|██████▌   | 101/154 [00:25<00:07,  6.89it/s]
Batches:  66%|██████▌   | 102/154 [00:25<00:07,  6.87it/s]
Batches:  67%|██████▋   | 103/154 [00:26<00:07,  6.98it/s]
Batches:  68%|██████▊   | 104/154 [00:26<00:07,  6.94it/s]
Batches:  68%|██████▊   | 105/154 [00:26<00:06,  7.19it/s]
Batches:  69%|██████▉   | 106/154 [00:26<00:06,  7.37it/s]
Batches:  69%|██████▉   | 107/154 [00:26<00:07,  6.70it/s]
Batches:  70%|███████   | 108/154 [00:26<00:06,  6.83it/s]
Batches:  71%|███████   | 109/154 [00:26<00:06,  7.11it/s]
Batches:  71%|███████▏  | 110/154 [00:27<00:06,  7.32it/s]
Batches:  72%|███████▏  | 111/154 [00:27<00:05,  7.58it/s]
Batches:  73%|███████▎  | 112/154 [00:27<00:05,  7.67it/s]
Batches:  73%|███████▎  | 113/154 [00:27<00:05,  7.76it/s]
Batches:  74%|███████▍  | 114/154 [00:27<00:04,  8.06it/s]
Batches:  75%|███████▍  | 115/154 [00:27<00:04,  8.09it/s]
Batches:  75%|███████▌  | 116/154 [00:27<00:04,  8.34it/s]
Batches:  76%|███████▌  | 117/154 [00:27<00:04,  8.27it/s]
Batches:  77%|███████▋  | 118/154 [00:27<00:04,  8.42it/s]
Batches:  77%|███████▋  | 119/154 [00:28<00:04,  8.41it/s]
Batches:  78%|███████▊  | 120/154 [00:28<00:03,  8.62it/s]
Batches:  79%|███████▊  | 121/154 [00:28<00:03,  8.75it/s]
Batches:  79%|███████▉  | 122/154 [00:28<00:03,  8.89it/s]
Batches:  80%|███████▉  | 123/154 [00:28<00:03,  8.93it/s]
Batches:  81%|████████  | 124/154 [00:28<00:03,  9.13it/s]
Batches:  81%|████████  | 125/154 [00:28<00:03,  9.04it/s]
Batches:  82%|████████▏ | 126/154 [00:28<00:03,  9.11it/s]
Batches:  83%|████████▎ | 128/154 [00:29<00:02,  9.70it/s]
Batches:  84%|████████▍ | 129/154 [00:29<00:02,  9.55it/s]
Batches:  84%|████████▍ | 130/154 [00:29<00:02,  9.30it/s]
Batches:  86%|████████▌ | 132/154 [00:29<00:02,  9.87it/s]
Batches:  87%|████████▋ | 134/154 [00:29<00:01, 10.31it/s]
Batches:  88%|████████▊ | 136/154 [00:29<00:01, 10.62it/s]
Batches:  90%|████████▉ | 138/154 [00:29<00:01, 11.21it/s]
Batches:  91%|█████████ | 140/154 [00:30<00:01, 11.46it/s]
Batches:  92%|█████████▏| 142/154 [00:30<00:01, 11.72it/s]
Batches:  94%|█████████▎| 144/154 [00:30<00:00, 12.19it/s]
Batches:  95%|█████████▍| 146/154 [00:30<00:00, 12.67it/s]
Batches:  96%|█████████▌| 148/154 [00:30<00:00, 13.76it/s]
Batches:  97%|█████████▋| 150/154 [00:30<00:00, 14.84it/s]
Batches:  99%|█████████▊| 152/154 [00:30<00:00, 16.03it/s]
Batches: 100%|██████████| 154/154 [00:30<00:00,  4.97it/s]
[hybrid] retrieving
[embed] encoding 1000 texts on device=cuda:0

Batches:   0%|          | 0/16 [00:00<?, ?it/s]
Batches:  19%|█▉        | 3/16 [00:00<00:00, 23.26it/s]
Batches:  38%|███▊      | 6/16 [00:00<00:00, 25.09it/s]
Batches:  62%|██████▎   | 10/16 [00:00<00:00, 28.00it/s]
Batches:  88%|████████▊ | 14/16 [00:00<00:00, 31.25it/s]
Batches: 100%|██████████| 16/16 [00:00<00:00, 30.87it/s]
[stage3] retrieving ACE graph
[ace] building evidence graph
[ace] graph built: nodes=93611 edges=150277
[ace] fitting/indexing embeddings
[embed] encoding 83797 texts on device=cuda:0

Batches:   0%|          | 0/1310 [00:00<?, ?it/s]
Batches:   0%|          | 1/1310 [00:00<09:31,  2.29it/s]
Batches:   0%|          | 2/1310 [00:00<06:57,  3.13it/s]
Batches:   0%|          | 3/1310 [00:00<05:24,  4.02it/s]
Batches:   0%|          | 4/1310 [00:00<04:29,  4.85it/s]
Batches:   0%|          | 5/1310 [00:01<04:20,  5.01it/s]
Batches:   0%|          | 6/1310 [00:01<03:48,  5.70it/s]
Batches:   1%|          | 7/1310 [00:01<03:26,  6.31it/s]
Batches:   1%|          | 8/1310 [00:01<03:17,  6.60it/s]
Batches:   1%|          | 9/1310 [00:01<03:05,  7.02it/s]
Batches:   1%|          | 10/1310 [00:01<02:57,  7.33it/s]
Batches:   1%|          | 11/1310 [00:01<02:57,  7.33it/s]
Batches:   1%|          | 12/1310 [00:02<02:45,  7.85it/s]
Batches:   1%|          | 13/1310 [00:02<02:48,  7.68it/s]
Batches:   1%|          | 14/1310 [00:02<02:41,  8.05it/s]
Batches:   1%|          | 15/1310 [00:02<02:35,  8.34it/s]
Batches:   1%|          | 16/1310 [00:02<02:35,  8.33it/s]
Batches:   1%|▏         | 17/1310 [00:02<02:33,  8.43it/s]
Batches:   1%|▏         | 18/1310 [00:02<02:31,  8.55it/s]
Batches:   1%|▏         | 19/1310 [00:02<02:27,  8.77it/s]
Batches:   2%|▏         | 21/1310 [00:03<02:12,  9.70it/s]
Batches:   2%|▏         | 22/1310 [00:03<02:15,  9.53it/s]
Batches:   2%|▏         | 23/1310 [00:03<02:15,  9.49it/s]
Batches:   2%|▏         | 25/1310 [00:03<02:13,  9.66it/s]
Batches:   2%|▏         | 27/1310 [00:03<02:09,  9.93it/s]
Batches:   2%|▏         | 29/1310 [00:03<02:07, 10.06it/s]
Batches:   2%|▏         | 30/1310 [00:03<02:07, 10.00it/s]
Batches:   2%|▏         | 32/1310 [00:04<02:03, 10.34it/s]
Batches:   3%|▎         | 34/1310 [00:04<02:02, 10.46it/s]
Batches:   3%|▎         | 36/1310 [00:04<02:07, 10.02it/s]
Batches:   3%|▎         | 38/1310 [00:04<02:01, 10.51it/s]
Batches:   3%|▎         | 40/1310 [00:04<02:03, 10.28it/s]
Batches:   3%|▎         | 42/1310 [00:05<01:57, 10.78it/s]
Batches:   3%|▎         | 44/1310 [00:05<01:53, 11.15it/s]
Batches:   4%|▎         | 46/1310 [00:05<01:54, 11.08it/s]
Batches:   4%|▎         | 48/1310 [00:05<01:49, 11.53it/s]
Batches:   4%|▍         | 50/1310 [00:05<01:49, 11.51it/s]
Batches:   4%|▍         | 52/1310 [00:05<01:44, 12.03it/s]
Batches:   4%|▍         | 54/1310 [00:06<01:45, 11.93it/s]
Batches:   4%|▍         | 56/1310 [00:06<01:42, 12.24it/s]
Batches:   4%|▍         | 58/1310 [00:06<01:44, 11.95it/s]
Batches:   5%|▍         | 60/1310 [00:06<01:45, 11.84it/s]
Batches:   5%|▍         | 62/1310 [00:06<01:50, 11.27it/s]
Batches:   5%|▍         | 64/1310 [00:06<01:50, 11.24it/s]
Batches:   5%|▌         | 66/1310 [00:07<01:46, 11.68it/s]
Batches:   5%|▌         | 68/1310 [00:07<01:43, 12.02it/s]
Batches:   5%|▌         | 70/1310 [00:07<01:41, 12.25it/s]
Batches:   5%|▌         | 72/1310 [00:07<01:37, 12.67it/s]
Batches:   6%|▌         | 74/1310 [00:07<01:35, 12.95it/s]
Batches:   6%|▌         | 76/1310 [00:07<01:37, 12.64it/s]
Batches:   6%|▌         | 78/1310 [00:08<01:35, 12.89it/s]
Batches:   6%|▌         | 80/1310 [00:08<01:34, 13.06it/s]
Batches:   6%|▋         | 82/1310 [00:08<01:35, 12.90it/s]
Batches:   6%|▋         | 84/1310 [00:08<01:37, 12.53it/s]
Batches:   7%|▋         | 86/1310 [00:08<01:32, 13.30it/s]
Batches:   7%|▋         | 88/1310 [00:08<01:29, 13.60it/s]
Batches:   7%|▋         | 90/1310 [00:08<01:28, 13.71it/s]
Batches:   7%|▋         | 92/1310 [00:09<01:26, 14.10it/s]
Batches:   7%|▋         | 94/1310 [00:09<01:27, 13.83it/s]
Batches:   7%|▋         | 96/1310 [00:09<01:25, 14.16it/s]
Batches:   7%|▋         | 98/1310 [00:09<01:26, 14.00it/s]
Batches:   8%|▊         | 100/1310 [00:09<01:24, 14.27it/s]
Batches:   8%|▊         | 102/1310 [00:09<01:22, 14.65it/s]
Batches:   8%|▊         | 104/1310 [00:09<01:29, 13.52it/s]
Batches:   8%|▊         | 106/1310 [00:10<01:25, 14.01it/s]
Batches:   8%|▊         | 108/1310 [00:10<01:23, 14.45it/s]
Batches:   8%|▊         | 110/1310 [00:10<01:21, 14.72it/s]
Batches:   9%|▊         | 112/1310 [00:10<01:23, 14.41it/s]
Batches:   9%|▊         | 114/1310 [00:10<01:21, 14.61it/s]
Batches:   9%|▉         | 116/1310 [00:10<01:19, 15.07it/s]
Batches:   9%|▉         | 118/1310 [00:10<01:21, 14.61it/s]
Batches:   9%|▉         | 120/1310 [00:10<01:20, 14.70it/s]
Batches:   9%|▉         | 122/1310 [00:11<01:20, 14.81it/s]
Batches:   9%|▉         | 124/1310 [00:11<01:18, 15.10it/s]
Batches:  10%|▉         | 126/1310 [00:11<01:16, 15.39it/s]
Batches:  10%|▉         | 128/1310 [00:11<01:17, 15.18it/s]
Batches:  10%|▉         | 130/1310 [00:11<01:16, 15.47it/s]
Batches:  10%|█         | 132/1310 [00:11<01:14, 15.84it/s]
Batches:  10%|█         | 134/1310 [00:11<01:15, 15.66it/s]
Batches:  10%|█         | 136/1310 [00:12<01:16, 15.36it/s]
Batches:  11%|█         | 138/1310 [00:12<01:13, 16.01it/s]
Batches:  11%|█         | 140/1310 [00:12<01:16, 15.26it/s]
Batches:  11%|█         | 142/1310 [00:12<01:14, 15.70it/s]
Batches:  11%|█         | 144/1310 [00:12<01:13, 15.78it/s]
Batches:  11%|█         | 146/1310 [00:12<01:11, 16.35it/s]
Batches:  11%|█▏        | 148/1310 [00:12<01:13, 15.86it/s]
Batches:  11%|█▏        | 150/1310 [00:12<01:14, 15.58it/s]
Batches:  12%|█▏        | 152/1310 [00:13<01:15, 15.32it/s]
Batches:  12%|█▏        | 154/1310 [00:13<01:16, 15.11it/s]
Batches:  12%|█▏        | 156/1310 [00:13<01:17, 14.96it/s]
Batches:  12%|█▏        | 158/1310 [00:13<01:12, 15.83it/s]
Batches:  12%|█▏        | 160/1310 [00:13<01:09, 16.62it/s]
Batches:  12%|█▏        | 162/1310 [00:13<01:09, 16.48it/s]
Batches:  13%|█▎        | 164/1310 [00:13<01:11, 16.13it/s]
Batches:  13%|█▎        | 166/1310 [00:13<01:14, 15.26it/s]
Batches:  13%|█▎        | 168/1310 [00:14<01:13, 15.53it/s]
Batches:  13%|█▎        | 170/1310 [00:14<01:10, 16.26it/s]
Batches:  13%|█▎        | 172/1310 [00:14<01:07, 16.79it/s]
Batches:  13%|█▎        | 174/1310 [00:14<01:07, 16.77it/s]
Batches:  13%|█▎        | 176/1310 [00:14<01:05, 17.34it/s]
Batches:  14%|█▎        | 178/1310 [00:14<01:04, 17.62it/s]
Batches:  14%|█▎        | 180/1310 [00:14<01:07, 16.72it/s]
Batches:  14%|█▍        | 182/1310 [00:14<01:07, 16.72it/s]
Batches:  14%|█▍        | 184/1310 [00:14<01:05, 17.17it/s]
Batches:  14%|█▍        | 186/1310 [00:15<01:06, 16.96it/s]
Batches:  14%|█▍        | 188/1310 [00:15<01:05, 17.25it/s]
Batches:  15%|█▍        | 190/1310 [00:15<01:04, 17.47it/s]
Batches:  15%|█▍        | 192/1310 [00:15<01:07, 16.52it/s]
Batches:  15%|█▍        | 194/1310 [00:15<01:05, 17.07it/s]
Batches:  15%|█▍        | 196/1310 [00:15<01:05, 16.92it/s]
Batches:  15%|█▌        | 198/1310 [00:15<01:03, 17.51it/s]
Batches:  15%|█▌        | 200/1310 [00:15<01:09, 15.89it/s]
Batches:  15%|█▌        | 202/1310 [00:16<01:06, 16.56it/s]
Batches:  16%|█▌        | 204/1310 [00:16<01:04, 17.27it/s]
Batches:  16%|█▌        | 206/1310 [00:16<01:03, 17.27it/s]
Batches:  16%|█▌        | 208/1310 [00:16<01:02, 17.57it/s]
Batches:  16%|█▌        | 210/1310 [00:16<01:01, 17.76it/s]
Batches:  16%|█▌        | 212/1310 [00:16<01:03, 17.40it/s]
Batches:  16%|█▋        | 214/1310 [00:16<01:03, 17.22it/s]
Batches:  16%|█▋        | 216/1310 [00:16<01:07, 16.15it/s]
Batches:  17%|█▋        | 218/1310 [00:16<01:04, 16.83it/s]
Batches:  17%|█▋        | 220/1310 [00:17<01:02, 17.53it/s]
Batches:  17%|█▋        | 222/1310 [00:17<01:01, 17.70it/s]
Batches:  17%|█▋        | 224/1310 [00:17<01:00, 17.96it/s]
Batches:  17%|█▋        | 226/1310 [00:17<00:59, 18.22it/s]
Batches:  17%|█▋        | 228/1310 [00:17<00:59, 18.21it/s]
Batches:  18%|█▊        | 230/1310 [00:17<00:59, 18.17it/s]
Batches:  18%|█▊        | 232/1310 [00:17<00:59, 18.18it/s]
Batches:  18%|█▊        | 234/1310 [00:17<00:58, 18.47it/s]
Batches:  18%|█▊        | 236/1310 [00:17<00:57, 18.75it/s]
Batches:  18%|█▊        | 238/1310 [00:18<00:56, 18.89it/s]
Batches:  18%|█▊        | 240/1310 [00:18<01:00, 17.59it/s]
Batches:  18%|█▊        | 242/1310 [00:18<01:01, 17.45it/s]
Batches:  19%|█▊        | 244/1310 [00:18<01:00, 17.55it/s]
Batches:  19%|█▉        | 246/1310 [00:18<00:59, 17.90it/s]
Batches:  19%|█▉        | 248/1310 [00:18<00:57, 18.42it/s]
Batches:  19%|█▉        | 250/1310 [00:18<00:58, 18.10it/s]
Batches:  19%|█▉        | 252/1310 [00:18<00:57, 18.39it/s]
Batches:  19%|█▉        | 254/1310 [00:18<00:56, 18.60it/s]
Batches:  20%|█▉        | 256/1310 [00:19<00:57, 18.36it/s]
Batches:  20%|█▉        | 258/1310 [00:19<00:57, 18.38it/s]
Batches:  20%|█▉        | 261/1310 [00:19<00:54, 19.30it/s]
Batches:  20%|██        | 263/1310 [00:19<00:56, 18.38it/s]
Batches:  20%|██        | 266/1310 [00:19<00:55, 18.80it/s]
Batches:  20%|██        | 268/1310 [00:19<00:54, 19.00it/s]
Batches:  21%|██        | 270/1310 [00:19<00:55, 18.84it/s]
Batches:  21%|██        | 273/1310 [00:19<00:53, 19.38it/s]
Batches:  21%|██        | 275/1310 [00:20<00:54, 19.15it/s]
Batches:  21%|██        | 278/1310 [00:20<00:52, 19.66it/s]
Batches:  21%|██▏       | 281/1310 [00:20<00:50, 20.19it/s]
Batches:  22%|██▏       | 284/1310 [00:20<00:50, 20.44it/s]
Batches:  22%|██▏       | 287/1310 [00:20<00:49, 20.68it/s]
Batches:  22%|██▏       | 290/1310 [00:20<00:48, 20.90it/s]
Batches:  22%|██▏       | 293/1310 [00:20<00:49, 20.37it/s]
Batches:  23%|██▎       | 296/1310 [00:21<00:50, 20.18it/s]
Batches:  23%|██▎       | 299/1310 [00:21<00:49, 20.47it/s]
Batches:  23%|██▎       | 302/1310 [00:21<00:49, 20.43it/s]
Batches:  23%|██▎       | 305/1310 [00:21<00:48, 20.60it/s]
Batches:  24%|██▎       | 308/1310 [00:21<00:50, 19.76it/s]
Batches:  24%|██▎       | 310/1310 [00:21<00:50, 19.63it/s]
Batches:  24%|██▍       | 313/1310 [00:21<00:48, 20.61it/s]
Batches:  24%|██▍       | 316/1310 [00:22<00:47, 20.81it/s]
Batches:  24%|██▍       | 319/1310 [00:22<00:47, 21.05it/s]
Batches:  25%|██▍       | 322/1310 [00:22<00:46, 21.08it/s]
Batches:  25%|██▍       | 325/1310 [00:22<00:46, 21.28it/s]
Batches:  25%|██▌       | 328/1310 [00:22<00:47, 20.53it/s]
Batches:  25%|██▌       | 331/1310 [00:22<00:48, 20.28it/s]
Batches:  25%|██▌       | 334/1310 [00:22<00:47, 20.63it/s]
Batches:  26%|██▌       | 337/1310 [00:23<00:46, 20.94it/s]
Batches:  26%|██▌       | 340/1310 [00:23<00:46, 20.68it/s]
Batches:  26%|██▌       | 343/1310 [00:23<00:47, 20.15it/s]
Batches:  26%|██▋       | 346/1310 [00:23<00:46, 20.91it/s]
Batches:  27%|██▋       | 349/1310 [00:23<00:44, 21.55it/s]
Batches:  27%|██▋       | 352/1310 [00:23<00:45, 21.02it/s]
Batches:  27%|██▋       | 355/1310 [00:23<00:45, 20.85it/s]
Batches:  27%|██▋       | 358/1310 [00:24<00:45, 20.77it/s]
Batches:  28%|██▊       | 361/1310 [00:24<00:44, 21.55it/s]
Batches:  28%|██▊       | 364/1310 [00:24<00:43, 21.85it/s]
Batches:  28%|██▊       | 367/1310 [00:24<00:43, 21.86it/s]
Batches:  28%|██▊       | 370/1310 [00:24<00:43, 21.73it/s]
Batches:  28%|██▊       | 373/1310 [00:24<00:42, 22.23it/s]
Batches:  29%|██▊       | 376/1310 [00:24<00:41, 22.61it/s]
Batches:  29%|██▉       | 379/1310 [00:24<00:41, 22.60it/s]
Batches:  29%|██▉       | 382/1310 [00:25<00:40, 23.06it/s]
Batches:  29%|██▉       | 385/1310 [00:25<00:39, 23.35it/s]
Batches:  30%|██▉       | 388/1310 [00:25<00:39, 23.58it/s]
Batches:  30%|██▉       | 391/1310 [00:25<00:38, 24.01it/s]
Batches:  30%|███       | 394/1310 [00:25<00:40, 22.73it/s]
Batches:  30%|███       | 397/1310 [00:25<00:38, 23.62it/s]
Batches:  31%|███       | 400/1310 [00:25<00:38, 23.70it/s]
Batches:  31%|███       | 403/1310 [00:25<00:37, 23.92it/s]
Batches:  31%|███       | 406/1310 [00:26<00:40, 22.24it/s]
Batches:  31%|███       | 409/1310 [00:26<00:39, 23.09it/s]
Batches:  31%|███▏      | 412/1310 [00:26<00:37, 23.77it/s]
Batches:  32%|███▏      | 415/1310 [00:26<00:37, 24.07it/s]
Batches:  32%|███▏      | 418/1310 [00:26<00:37, 23.52it/s]
Batches:  32%|███▏      | 421/1310 [00:26<00:37, 23.49it/s]
Batches:  32%|███▏      | 424/1310 [00:26<00:37, 23.73it/s]
Batches:  33%|███▎      | 427/1310 [00:26<00:36, 24.20it/s]
Batches:  33%|███▎      | 430/1310 [00:27<00:36, 24.23it/s]
Batches:  33%|███▎      | 433/1310 [00:27<00:35, 24.53it/s]
Batches:  33%|███▎      | 436/1310 [00:27<00:35, 24.68it/s]
Batches:  34%|███▎      | 439/1310 [00:27<00:36, 23.80it/s]
Batches:  34%|███▎      | 442/1310 [00:27<00:37, 23.06it/s]
Batches:  34%|███▍      | 445/1310 [00:27<00:36, 23.88it/s]
Batches:  34%|███▍      | 448/1310 [00:27<00:35, 24.43it/s]
Batches:  34%|███▍      | 451/1310 [00:27<00:34, 24.65it/s]
Batches:  35%|███▍      | 454/1310 [00:28<00:33, 25.50it/s]
Batches:  35%|███▍      | 457/1310 [00:28<00:33, 25.39it/s]
Batches:  35%|███▌      | 460/1310 [00:28<00:33, 25.38it/s]
Batches:  35%|███▌      | 463/1310 [00:28<00:33, 25.10it/s]
Batches:  36%|███▌      | 466/1310 [00:28<00:32, 25.60it/s]
Batches:  36%|███▌      | 469/1310 [00:28<00:32, 26.08it/s]
Batches:  36%|███▌      | 472/1310 [00:28<00:32, 25.67it/s]
Batches:  36%|███▋      | 475/1310 [00:28<00:34, 24.29it/s]
Batches:  36%|███▋      | 478/1310 [00:29<00:33, 24.66it/s]
Batches:  37%|███▋      | 481/1310 [00:29<00:32, 25.60it/s]
Batches:  37%|███▋      | 485/1310 [00:29<00:29, 27.64it/s]
Batches:  37%|███▋      | 489/1310 [00:29<00:29, 28.00it/s]
Batches:  38%|███▊      | 493/1310 [00:29<00:28, 28.90it/s]
Batches:  38%|███▊      | 496/1310 [00:29<00:29, 27.84it/s]
Batches:  38%|███▊      | 499/1310 [00:29<00:28, 27.98it/s]
Batches:  38%|███▊      | 503/1310 [00:29<00:27, 28.93it/s]
Batches:  39%|███▊      | 506/1310 [00:30<00:27, 29.15it/s]
Batches:  39%|███▉      | 509/1310 [00:30<00:27, 28.81it/s]
Batches:  39%|███▉      | 512/1310 [00:30<00:28, 28.31it/s]
Batches:  39%|███▉      | 515/1310 [00:30<00:28, 28.24it/s]
Batches:  40%|███▉      | 518/1310 [00:30<00:27, 28.44it/s]
Batches:  40%|███▉      | 521/1310 [00:30<00:28, 27.37it/s]
Batches:  40%|████      | 524/1310 [00:30<00:28, 27.54it/s]
Batches:  40%|████      | 528/1310 [00:30<00:26, 29.27it/s]
Batches:  41%|████      | 532/1310 [00:30<00:25, 30.62it/s]
Batches:  41%|████      | 536/1310 [00:31<00:24, 31.75it/s]
Batches:  41%|████      | 540/1310 [00:31<00:23, 32.31it/s]
Batches:  42%|████▏     | 544/1310 [00:31<00:23, 32.65it/s]
Batches:  42%|████▏     | 548/1310 [00:31<00:23, 32.96it/s]
Batches:  42%|████▏     | 552/1310 [00:31<00:23, 32.01it/s]
Batches:  42%|████▏     | 556/1310 [00:31<00:23, 31.58it/s]
Batches:  43%|████▎     | 560/1310 [00:31<00:22, 32.98it/s]
Batches:  43%|████▎     | 564/1310 [00:31<00:22, 33.48it/s]
Batches:  43%|████▎     | 568/1310 [00:31<00:21, 34.51it/s]
Batches:  44%|████▎     | 572/1310 [00:32<00:21, 34.40it/s]
Batches:  44%|████▍     | 576/1310 [00:32<00:21, 34.88it/s]
Batches:  44%|████▍     | 580/1310 [00:32<00:20, 35.21it/s]
Batches:  45%|████▍     | 584/1310 [00:32<00:20, 35.60it/s]
Batches:  45%|████▍     | 588/1310 [00:32<00:19, 36.62it/s]
Batches:  45%|████▌     | 592/1310 [00:32<00:19, 37.32it/s]
Batches:  45%|████▌     | 596/1310 [00:32<00:19, 37.38it/s]
Batches:  46%|████▌     | 600/1310 [00:32<00:19, 36.57it/s]
Batches:  46%|████▌     | 605/1310 [00:32<00:18, 38.46it/s]
Batches:  47%|████▋     | 610/1310 [00:33<00:17, 39.68it/s]
Batches:  47%|████▋     | 615/1310 [00:33<00:16, 42.11it/s]
Batches:  47%|████▋     | 620/1310 [00:33<00:16, 41.67it/s]
Batches:  48%|████▊     | 625/1310 [00:33<00:15, 43.45it/s]
Batches:  48%|████▊     | 630/1310 [00:33<00:15, 44.64it/s]
Batches:  48%|████▊     | 635/1310 [00:33<00:14, 45.31it/s]
Batches:  49%|████▉     | 640/1310 [00:33<00:14, 46.10it/s]
Batches:  49%|████▉     | 645/1310 [00:33<00:14, 45.96it/s]
Batches:  50%|████▉     | 650/1310 [00:33<00:14, 46.11it/s]
Batches:  50%|█████     | 656/1310 [00:34<00:13, 47.24it/s]
Batches:  51%|█████     | 662/1310 [00:34<00:13, 49.56it/s]
Batches:  51%|█████     | 668/1310 [00:34<00:12, 50.91it/s]
Batches:  51%|█████▏    | 674/1310 [00:34<00:12, 52.76it/s]
Batches:  52%|█████▏    | 681/1310 [00:34<00:11, 55.69it/s]
Batches:  53%|█████▎    | 688/1310 [00:34<00:10, 57.37it/s]
Batches:  53%|█████▎    | 694/1310 [00:34<00:10, 57.74it/s]
Batches:  54%|█████▎    | 701/1310 [00:34<00:10, 59.29it/s]
Batches:  54%|█████▍    | 708/1310 [00:34<00:09, 61.53it/s]
Batches:  55%|█████▍    | 715/1310 [00:35<00:09, 63.24it/s]
Batches:  55%|█████▌    | 722/1310 [00:35<00:09, 64.50it/s]
Batches:  56%|█████▌    | 729/1310 [00:35<00:08, 65.60it/s]
Batches:  56%|█████▌    | 736/1310 [00:35<00:08, 66.77it/s]
Batches:  57%|█████▋    | 744/1310 [00:35<00:08, 68.44it/s]
Batches:  57%|█████▋    | 752/1310 [00:35<00:08, 69.33it/s]
Batches:  58%|█████▊    | 760/1310 [00:35<00:07, 70.11it/s]
Batches:  59%|█████▊    | 768/1310 [00:35<00:07, 71.42it/s]
Batches:  59%|█████▉    | 776/1310 [00:35<00:07, 71.70it/s]
Batches:  60%|█████▉    | 784/1310 [00:35<00:07, 72.82it/s]
Batches:  60%|██████    | 792/1310 [00:36<00:07, 71.90it/s]
Batches:  61%|██████    | 800/1310 [00:36<00:06, 73.09it/s]
Batches:  62%|██████▏   | 808/1310 [00:36<00:06, 72.78it/s]
Batches:  62%|██████▏   | 816/1310 [00:36<00:06, 74.67it/s]
Batches:  63%|██████▎   | 824/1310 [00:36<00:06, 75.67it/s]
Batches:  64%|██████▎   | 832/1310 [00:36<00:06, 74.94it/s]
Batches:  64%|██████▍   | 841/1310 [00:36<00:06, 76.82it/s]
Batches:  65%|██████▍   | 849/1310 [00:36<00:06, 75.52it/s]
Batches:  65%|██████▌   | 857/1310 [00:36<00:05, 76.77it/s]
Batches:  66%|██████▌   | 866/1310 [00:37<00:05, 78.17it/s]
Batches:  67%|██████▋   | 875/1310 [00:37<00:05, 79.34it/s]
Batches:  67%|██████▋   | 884/1310 [00:37<00:05, 80.00it/s]
Batches:  68%|██████▊   | 892/1310 [00:37<00:05, 79.39it/s]
Batches:  69%|██████▉   | 901/1310 [00:37<00:05, 80.08it/s]
Batches:  69%|██████▉   | 910/1310 [00:37<00:04, 80.57it/s]
Batches:  70%|███████   | 919/1310 [00:37<00:04, 81.21it/s]
Batches:  71%|███████   | 928/1310 [00:37<00:04, 81.40it/s]
Batches:  72%|███████▏  | 937/1310 [00:37<00:04, 82.49it/s]
Batches:  72%|███████▏  | 946/1310 [00:38<00:04, 83.31it/s]
Batches:  73%|███████▎  | 955/1310 [00:38<00:04, 83.45it/s]
Batches:  74%|███████▎  | 964/1310 [00:38<00:04, 83.97it/s]
Batches:  74%|███████▍  | 973/1310 [00:38<00:04, 82.98it/s]
Batches:  75%|███████▍  | 982/1310 [00:38<00:03, 83.47it/s]
Batches:  76%|███████▌  | 991/1310 [00:38<00:03, 84.45it/s]
Batches:  76%|███████▋  | 1000/1310 [00:38<00:03, 85.80it/s]
Batches:  77%|███████▋  | 1009/1310 [00:38<00:03, 86.26it/s]
Batches:  78%|███████▊  | 1018/1310 [00:38<00:03, 85.86it/s]
Batches:  78%|███████▊  | 1028/1310 [00:39<00:03, 87.28it/s]
Batches:  79%|███████▉  | 1037/1310 [00:39<00:03, 87.64it/s]
Batches:  80%|███████▉  | 1046/1310 [00:39<00:02, 88.21it/s]
Batches:  81%|████████  | 1055/1310 [00:39<00:02, 88.62it/s]
Batches:  81%|████████▏ | 1065/1310 [00:39<00:02, 90.45it/s]
Batches:  82%|████████▏ | 1075/1310 [00:39<00:02, 90.84it/s]
Batches:  83%|████████▎ | 1085/1310 [00:39<00:02, 91.42it/s]
Batches:  84%|████████▎ | 1095/1310 [00:39<00:02, 93.04it/s]
Batches:  84%|████████▍ | 1105/1310 [00:39<00:02, 94.32it/s]
Batches:  85%|████████▌ | 1115/1310 [00:39<00:02, 94.64it/s]
Batches:  86%|████████▌ | 1125/1310 [00:40<00:01, 94.68it/s]
Batches:  87%|████████▋ | 1135/1310 [00:40<00:01, 94.93it/s]
Batches:  87%|████████▋ | 1145/1310 [00:40<00:01, 94.95it/s]
Batches:  88%|████████▊ | 1155/1310 [00:40<00:01, 96.05it/s]
Batches:  89%|████████▉ | 1165/1310 [00:40<00:01, 96.36it/s]
Batches:  90%|████████▉ | 1175/1310 [00:40<00:01, 97.34it/s]
Batches:  90%|█████████ | 1185/1310 [00:40<00:01, 97.75it/s]
Batches:  91%|█████████ | 1195/1310 [00:40<00:01, 97.34it/s]
Batches:  92%|█████████▏| 1205/1310 [00:40<00:01, 97.85it/s]
Batches:  93%|█████████▎| 1216/1310 [00:40<00:00, 98.34it/s]
Batches:  94%|█████████▎| 1226/1310 [00:41<00:00, 97.69it/s]
Batches:  94%|█████████▍| 1237/1310 [00:41<00:00, 98.29it/s]
Batches:  95%|█████████▌| 1247/1310 [00:41<00:00, 98.68it/s]
Batches:  96%|█████████▌| 1257/1310 [00:41<00:00, 95.48it/s]
Batches:  97%|█████████▋| 1267/1310 [00:41<00:00, 95.43it/s]
Batches:  98%|█████████▊| 1278/1310 [00:41<00:00, 96.98it/s]
Batches:  98%|█████████▊| 1289/1310 [00:41<00:00, 98.70it/s]
Batches:  99%|█████████▉| 1300/1310 [00:41<00:00, 99.80it/s]
Batches: 100%|██████████| 1310/1310 [00:41<00:00, 31.25it/s]
[ace] retrieving
[embed] encoding 1000 texts on device=cuda:0

Batches:   0%|          | 0/16 [00:00<?, ?it/s]
Batches:  19%|█▉        | 3/16 [00:00<00:00, 24.47it/s]
Batches:  38%|███▊      | 6/16 [00:00<00:00, 25.97it/s]
Batches:  62%|██████▎   | 10/16 [00:00<00:00, 29.02it/s]
Batches:  88%|████████▊ | 14/16 [00:00<00:00, 32.14it/s]
Batches: 100%|██████████| 16/16 [00:00<00:00, 31.82it/s]
[stage3] loading Qwen reader once
`torch_dtype` is deprecated! Use `dtype` instead!

Loading checkpoint shards:   0%|          | 0/2 [00:00<?, ?it/s]
Loading checkpoint shards:  50%|█████     | 1/2 [00:02<00:02,  2.56s/it]
Loading checkpoint shards: 100%|██████████| 2/2 [00:04<00:00,  1.91s/it]
Loading checkpoint shards: 100%|██████████| 2/2 [00:04<00:00,  2.00s/it]
[reader] loaded Qwen/Qwen2.5-3B-Instruct on cuda:0
[stage3] materializing policy=chunk_packed_220
[stage3] generating policy=chunk_packed_220
The following generation flags are not valid and may be ignored: ['temperature', 'top_p', 'top_k']. Set `TRANSFORMERS_VERBOSITY=info` for more details.
[reader] generated 2/1000
[reader] generated 4/1000
[reader] generated 6/1000
[reader] generated 8/1000
[reader] generated 10/1000
[reader] generated 12/1000
[reader] generated 14/1000
[reader] generated 16/1000
[reader] generated 18/1000
[reader] generated 20/1000
[reader] generated 22/1000
[reader] generated 24/1000
[reader] generated 26/1000
[reader] generated 28/1000
[reader] generated 30/1000
[reader] generated 32/1000
[reader] generated 34/1000
[reader] generated 36/1000
[reader] generated 38/1000
[reader] generated 40/1000
[reader] generated 42/1000
[reader] generated 44/1000
[reader] generated 46/1000
[reader] generated 48/1000
[reader] generated 50/1000
[reader] generated 52/1000
[reader] generated 54/1000
[reader] generated 56/1000
[reader] generated 58/1000
[reader] generated 60/1000
[reader] generated 62/1000
[reader] generated 64/1000
[reader] generated 66/1000
[reader] generated 68/1000
[reader] generated 70/1000
[reader] generated 72/1000
[reader] generated 74/1000
[reader] generated 76/1000
[reader] generated 78/1000
[reader] generated 80/1000
[reader] generated 82/1000
[reader] generated 84/1000
[reader] generated 86/1000
[reader] generated 88/1000
[reader] generated 90/1000
[reader] generated 92/1000
[reader] generated 94/1000
[reader] generated 96/1000
[reader] generated 98/1000
[reader] generated 100/1000
[reader] generated 102/1000
[reader] generated 104/1000
[reader] generated 106/1000
[reader] generated 108/1000
[reader] generated 110/1000
[reader] generated 112/1000
[reader] generated 114/1000
[reader] generated 116/1000
[reader] generated 118/1000
[reader] generated 120/1000
[reader] generated 122/1000
[reader] generated 124/1000
[reader] generated 126/1000
[reader] generated 128/1000
[reader] generated 130/1000
[reader] generated 132/1000
[reader] generated 134/1000
[reader] generated 136/1000
[reader] generated 138/1000
[reader] generated 140/1000
[reader] generated 142/1000
[reader] generated 144/1000
[reader] generated 146/1000
[reader] generated 148/1000
[reader] generated 150/1000
[reader] generated 152/1000
[reader] generated 154/1000
[reader] generated 156/1000
[reader] generated 158/1000
[reader] generated 160/1000
[reader] generated 162/1000
[reader] generated 164/1000
[reader] generated 166/1000
[reader] generated 168/1000
[reader] generated 170/1000
[reader] generated 172/1000
[reader] generated 174/1000
[reader] generated 176/1000
[reader] generated 178/1000
[reader] generated 180/1000
[reader] generated 182/1000
[reader] generated 184/1000
[reader] generated 186/1000
[reader] generated 188/1000
[reader] generated 190/1000
[reader] generated 192/1000
[reader] generated 194/1000
[reader] generated 196/1000
[reader] generated 198/1000
[reader] generated 200/1000
[reader] generated 202/1000
[reader] generated 204/1000
[reader] generated 206/1000
[reader] generated 208/1000
[reader] generated 210/1000
[reader] generated 212/1000
[reader] generated 214/1000
[reader] generated 216/1000
[reader] generated 218/1000
[reader] generated 220/1000
[reader] generated 222/1000
[reader] generated 224/1000
[reader] generated 226/1000
[reader] generated 228/1000
[reader] generated 230/1000
[reader] generated 232/1000
[reader] generated 234/1000
[reader] generated 236/1000
[reader] generated 238/1000
[reader] generated 240/1000
[reader] generated 242/1000
[reader] generated 244/1000
[reader] generated 246/1000
[reader] generated 248/1000
[reader] generated 250/1000
[reader] generated 252/1000
[reader] generated 254/1000
[reader] generated 256/1000
[reader] generated 258/1000
[reader] generated 260/1000
[reader] generated 262/1000
[reader] generated 264/1000
[reader] generated 266/1000
[reader] generated 268/1000
[reader] generated 270/1000
[reader] generated 272/1000
[reader] generated 274/1000
[reader] generated 276/1000
[reader] generated 278/1000
[reader] generated 280/1000
[reader] generated 282/1000
[reader] generated 284/1000
[reader] generated 286/1000
[reader] generated 288/1000
[reader] generated 290/1000
[reader] generated 292/1000
[reader] generated 294/1000
[reader] generated 296/1000
[reader] generated 298/1000
[reader] generated 300/1000
[reader] generated 302/1000
[reader] generated 304/1000
[reader] generated 306/1000
[reader] generated 308/1000
[reader] generated 310/1000
[reader] generated 312/1000
[reader] generated 314/1000
[reader] generated 316/1000
[reader] generated 318/1000
[reader] generated 320/1000
[reader] generated 322/1000
[reader] generated 324/1000
[reader] generated 326/1000
[reader] generated 328/1000
[reader] generated 330/1000
[reader] generated 332/1000
[reader] generated 334/1000
[reader] generated 336/1000
[reader] generated 338/1000
[reader] generated 340/1000
[reader] generated 342/1000
[reader] generated 344/1000
[reader] generated 346/1000
[reader] generated 348/1000
[reader] generated 350/1000
[reader] generated 352/1000
[reader] generated 354/1000
[reader] generated 356/1000
[reader] generated 358/1000
[reader] generated 360/1000
[reader] generated 362/1000
[reader] generated 364/1000
[reader] generated 366/1000
[reader] generated 368/1000
[reader] generated 370/1000
[reader] generated 372/1000
[reader] generated 374/1000
[reader] generated 376/1000
[reader] generated 378/1000
[reader] generated 380/1000
[reader] generated 382/1000
[reader] generated 384/1000
[reader] generated 386/1000
[reader] generated 388/1000
[reader] generated 390/1000
[reader] generated 392/1000
[reader] generated 394/1000
[reader] generated 396/1000
[reader] generated 398/1000
[reader] generated 400/1000
[reader] generated 402/1000
[reader] generated 404/1000
[reader] generated 406/1000
[reader] generated 408/1000
[reader] generated 410/1000
[reader] generated 412/1000
[reader] generated 414/1000
[reader] generated 416/1000
[reader] generated 418/1000
[reader] generated 420/1000
[reader] generated 422/1000
[reader] generated 424/1000
[reader] generated 426/1000
[reader] generated 428/1000
[reader] generated 430/1000
[reader] generated 432/1000
[reader] generated 434/1000
[reader] generated 436/1000
[reader] generated 438/1000
[reader] generated 440/1000
[reader] generated 442/1000
[reader] generated 444/1000
[reader] generated 446/1000
[reader] generated 448/1000
[reader] generated 450/1000
[reader] generated 452/1000
[reader] generated 454/1000
[reader] generated 456/1000
[reader] generated 458/1000
[reader] generated 460/1000
[reader] generated 462/1000
[reader] generated 464/1000
[reader] generated 466/1000
[reader] generated 468/1000
[reader] generated 470/1000
[reader] generated 472/1000
[reader] generated 474/1000
[reader] generated 476/1000
[reader] generated 478/1000
[reader] generated 480/1000
[reader] generated 482/1000
[reader] generated 484/1000
[reader] generated 486/1000
[reader] generated 488/1000
[reader] generated 490/1000
[reader] generated 492/1000
[reader] generated 494/1000
[reader] generated 496/1000
[reader] generated 498/1000
[reader] generated 500/1000
[reader] generated 502/1000
[reader] generated 504/1000
[reader] generated 506/1000
[reader] generated 508/1000
[reader] generated 510/1000
[reader] generated 512/1000
[reader] generated 514/1000
[reader] generated 516/1000
[reader] generated 518/1000
[reader] generated 520/1000
[reader] generated 522/1000
[reader] generated 524/1000
[reader] generated 526/1000
[reader] generated 528/1000
[reader] generated 530/1000
[reader] generated 532/1000
[reader] generated 534/1000
[reader] generated 536/1000
[reader] generated 538/1000
[reader] generated 540/1000
[reader] generated 542/1000
[reader] generated 544/1000
[reader] generated 546/1000
[reader] generated 548/1000
[reader] generated 550/1000
[reader] generated 552/1000
[reader] generated 554/1000
[reader] generated 556/1000
[reader] generated 558/1000
[reader] generated 560/1000
[reader] generated 562/1000
[reader] generated 564/1000
[reader] generated 566/1000
[reader] generated 568/1000
[reader] generated 570/1000
[reader] generated 572/1000
[reader] generated 574/1000
[reader] generated 576/1000
[reader] generated 578/1000
[reader] generated 580/1000
[reader] generated 582/1000
[reader] generated 584/1000
[reader] generated 586/1000
[reader] generated 588/1000
[reader] generated 590/1000
[reader] generated 592/1000
[reader] generated 594/1000
[reader] generated 596/1000
[reader] generated 598/1000
[reader] generated 600/1000
[reader] generated 602/1000
[reader] generated 604/1000
[reader] generated 606/1000
[reader] generated 608/1000
[reader] generated 610/1000
[reader] generated 612/1000
[reader] generated 614/1000
[reader] generated 616/1000
[reader] generated 618/1000
[reader] generated 620/1000
[reader] generated 622/1000
[reader] generated 624/1000
[reader] generated 626/1000
[reader] generated 628/1000
[reader] generated 630/1000
[reader] generated 632/1000
[reader] generated 634/1000
[reader] generated 636/1000
[reader] generated 638/1000
[reader] generated 640/1000
[reader] generated 642/1000
[reader] generated 644/1000
[reader] generated 646/1000
[reader] generated 648/1000
[reader] generated 650/1000
[reader] generated 652/1000
[reader] generated 654/1000
[reader] generated 656/1000
[reader] generated 658/1000
[reader] generated 660/1000
[reader] generated 662/1000
[reader] generated 664/1000
[reader] generated 666/1000
[reader] generated 668/1000
[reader] generated 670/1000
[reader] generated 672/1000
[reader] generated 674/1000
[reader] generated 676/1000
[reader] generated 678/1000
[reader] generated 680/1000
[reader] generated 682/1000
[reader] generated 684/1000
[reader] generated 686/1000
[reader] generated 688/1000
[reader] generated 690/1000
[reader] generated 692/1000
[reader] generated 694/1000
[reader] generated 696/1000
[reader] generated 698/1000
[reader] generated 700/1000
[reader] generated 702/1000
[reader] generated 704/1000
[reader] generated 706/1000
[reader] generated 708/1000
[reader] generated 710/1000
[reader] generated 712/1000
[reader] generated 714/1000
[reader] generated 716/1000
[reader] generated 718/1000
[reader] generated 720/1000
[reader] generated 722/1000
[reader] generated 724/1000
[reader] generated 726/1000
[reader] generated 728/1000
[reader] generated 730/1000
[reader] generated 732/1000
[reader] generated 734/1000
[reader] generated 736/1000
[reader] generated 738/1000
[reader] generated 740/1000
[reader] generated 742/1000
[reader] generated 744/1000
[reader] generated 746/1000
[reader] generated 748/1000
[reader] generated 750/1000
[reader] generated 752/1000
[reader] generated 754/1000
[reader] generated 756/1000
[reader] generated 758/1000
[reader] generated 760/1000
[reader] generated 762/1000
[reader] generated 764/1000
[reader] generated 766/1000
[reader] generated 768/1000
[reader] generated 770/1000
[reader] generated 772/1000
[reader] generated 774/1000
[reader] generated 776/1000
[reader] generated 778/1000
[reader] generated 780/1000
[reader] generated 782/1000
[reader] generated 784/1000
[reader] generated 786/1000
[reader] generated 788/1000
[reader] generated 790/1000
[reader] generated 792/1000
[reader] generated 794/1000
[reader] generated 796/1000
[reader] generated 798/1000
[reader] generated 800/1000
[reader] generated 802/1000
[reader] generated 804/1000
[reader] generated 806/1000
[reader] generated 808/1000
[reader] generated 810/1000
[reader] generated 812/1000
[reader] generated 814/1000
[reader] generated 816/1000
[reader] generated 818/1000
[reader] generated 820/1000
[reader] generated 822/1000
[reader] generated 824/1000
[reader] generated 826/1000
[reader] generated 828/1000
[reader] generated 830/1000
[reader] generated 832/1000
[reader] generated 834/1000
[reader] generated 836/1000
[reader] generated 838/1000
[reader] generated 840/1000
[reader] generated 842/1000
[reader] generated 844/1000
[reader] generated 846/1000
[reader] generated 848/1000
[reader] generated 850/1000
[reader] generated 852/1000
[reader] generated 854/1000
[reader] generated 856/1000
[reader] generated 858/1000
[reader] generated 860/1000
[reader] generated 862/1000
[reader] generated 864/1000
[reader] generated 866/1000
[reader] generated 868/1000
[reader] generated 870/1000
[reader] generated 872/1000
[reader] generated 874/1000
[reader] generated 876/1000
[reader] generated 878/1000
[reader] generated 880/1000
[reader] generated 882/1000
[reader] generated 884/1000
[reader] generated 886/1000
[reader] generated 888/1000
[reader] generated 890/1000
[reader] generated 892/1000
[reader] generated 894/1000
[reader] generated 896/1000
[reader] generated 898/1000
[reader] generated 900/1000
[reader] generated 902/1000
[reader] generated 904/1000
[reader] generated 906/1000
[reader] generated 908/1000
[reader] generated 910/1000
[reader] generated 912/1000
[reader] generated 914/1000
[reader] generated 916/1000
[reader] generated 918/1000
[reader] generated 920/1000
[reader] generated 922/1000
[reader] generated 924/1000
[reader] generated 926/1000
[reader] generated 928/1000
[reader] generated 930/1000
[reader] generated 932/1000
[reader] generated 934/1000
[reader] generated 936/1000
[reader] generated 938/1000
[reader] generated 940/1000
[reader] generated 942/1000
[reader] generated 944/1000
[reader] generated 946/1000
[reader] generated 948/1000
[reader] generated 950/1000
[reader] generated 952/1000
[reader] generated 954/1000
[reader] generated 956/1000
[reader] generated 958/1000
[reader] generated 960/1000
[reader] generated 962/1000
[reader] generated 964/1000
[reader] generated 966/1000
[reader] generated 968/1000
[reader] generated 970/1000
[reader] generated 972/1000
[reader] generated 974/1000
[reader] generated 976/1000
[reader] generated 978/1000
[reader] generated 980/1000
[reader] generated 982/1000
[reader] generated 984/1000
[reader] generated 986/1000
[reader] generated 988/1000
[reader] generated 990/1000
[reader] generated 992/1000
[reader] generated 994/1000
[reader] generated 996/1000
[reader] generated 998/1000
[reader] generated 1000/1000
[stage3] policy=chunk_packed_220, router_type=fixed, method=chunk, reader_context=packed_snippets, reader_model=Qwen/Qwen2.5-3B-Instruct, ace_retriever=none, compressor=none, hybrid_alpha=, packed_token_budget=220, candidate_policies=, selection_counts=, recall@1=0.434, all_gold@1=0.0, recall@2=0.7095, all_gold@2=0.483, recall@5=0.8625, all_gold@5=0.741, qwen_em=0.325, qwen_f1=0.4251, avg_reader_evidence_tokens=210.69
[stage3] materializing policy=ace_packed_220
[stage3] generating policy=ace_packed_220
[reader] generated 2/1000
[reader] generated 4/1000
[reader] generated 6/1000
[reader] generated 8/1000
[reader] generated 10/1000
[reader] generated 12/1000
[reader] generated 14/1000
[reader] generated 16/1000
[reader] generated 18/1000
[reader] generated 20/1000
[reader] generated 22/1000
[reader] generated 24/1000
[reader] generated 26/1000
[reader] generated 28/1000
[reader] generated 30/1000
[reader] generated 32/1000
[reader] generated 34/1000
[reader] generated 36/1000
[reader] generated 38/1000
[reader] generated 40/1000
[reader] generated 42/1000
[reader] generated 44/1000
[reader] generated 46/1000
[reader] generated 48/1000
[reader] generated 50/1000
[reader] generated 52/1000
[reader] generated 54/1000
[reader] generated 56/1000
[reader] generated 58/1000
[reader] generated 60/1000
[reader] generated 62/1000
[reader] generated 64/1000
[reader] generated 66/1000
[reader] generated 68/1000
[reader] generated 70/1000
[reader] generated 72/1000
[reader] generated 74/1000
[reader] generated 76/1000
[reader] generated 78/1000
[reader] generated 80/1000
[reader] generated 82/1000
[reader] generated 84/1000
[reader] generated 86/1000
[reader] generated 88/1000
[reader] generated 90/1000
[reader] generated 92/1000
[reader] generated 94/1000
[reader] generated 96/1000
[reader] generated 98/1000
[reader] generated 100/1000
[reader] generated 102/1000
[reader] generated 104/1000
[reader] generated 106/1000
[reader] generated 108/1000
[reader] generated 110/1000
[reader] generated 112/1000
[reader] generated 114/1000
[reader] generated 116/1000
[reader] generated 118/1000
[reader] generated 120/1000
[reader] generated 122/1000
[reader] generated 124/1000
[reader] generated 126/1000
[reader] generated 128/1000
[reader] generated 130/1000
[reader] generated 132/1000
[reader] generated 134/1000
[reader] generated 136/1000
[reader] generated 138/1000
[reader] generated 140/1000
[reader] generated 142/1000
[reader] generated 144/1000
[reader] generated 146/1000
[reader] generated 148/1000
[reader] generated 150/1000
[reader] generated 152/1000
[reader] generated 154/1000
[reader] generated 156/1000
[reader] generated 158/1000
[reader] generated 160/1000
[reader] generated 162/1000
[reader] generated 164/1000
[reader] generated 166/1000
[reader] generated 168/1000
[reader] generated 170/1000
[reader] generated 172/1000
[reader] generated 174/1000
[reader] generated 176/1000
[reader] generated 178/1000
[reader] generated 180/1000
[reader] generated 182/1000
[reader] generated 184/1000
[reader] generated 186/1000
[reader] generated 188/1000
[reader] generated 190/1000
[reader] generated 192/1000
[reader] generated 194/1000
[reader] generated 196/1000
[reader] generated 198/1000
[reader] generated 200/1000
[reader] generated 202/1000
[reader] generated 204/1000
[reader] generated 206/1000
[reader] generated 208/1000
[reader] generated 210/1000
[reader] generated 212/1000
[reader] generated 214/1000
[reader] generated 216/1000
[reader] generated 218/1000
[reader] generated 220/1000
[reader] generated 222/1000
[reader] generated 224/1000
[reader] generated 226/1000
[reader] generated 228/1000
[reader] generated 230/1000
[reader] generated 232/1000
[reader] generated 234/1000
[reader] generated 236/1000
[reader] generated 238/1000
[reader] generated 240/1000
[reader] generated 242/1000
[reader] generated 244/1000
[reader] generated 246/1000
[reader] generated 248/1000
[reader] generated 250/1000
[reader] generated 252/1000
[reader] generated 254/1000
[reader] generated 256/1000
[reader] generated 258/1000
[reader] generated 260/1000
[reader] generated 262/1000
[reader] generated 264/1000
[reader] generated 266/1000
[reader] generated 268/1000
[reader] generated 270/1000
[reader] generated 272/1000
[reader] generated 274/1000
[reader] generated 276/1000
[reader] generated 278/1000
[reader] generated 280/1000
[reader] generated 282/1000
[reader] generated 284/1000
[reader] generated 286/1000
[reader] generated 288/1000
[reader] generated 290/1000
[reader] generated 292/1000
[reader] generated 294/1000
[reader] generated 296/1000
[reader] generated 298/1000
[reader] generated 300/1000
[reader] generated 302/1000
[reader] generated 304/1000
[reader] generated 306/1000
[reader] generated 308/1000
[reader] generated 310/1000
[reader] generated 312/1000
[reader] generated 314/1000
[reader] generated 316/1000
[reader] generated 318/1000
[reader] generated 320/1000
[reader] generated 322/1000
[reader] generated 324/1000
[reader] generated 326/1000
[reader] generated 328/1000
[reader] generated 330/1000
[reader] generated 332/1000
[reader] generated 334/1000
[reader] generated 336/1000
[reader] generated 338/1000
[reader] generated 340/1000
[reader] generated 342/1000
[reader] generated 344/1000
[reader] generated 346/1000
[reader] generated 348/1000
[reader] generated 350/1000
[reader] generated 352/1000
[reader] generated 354/1000
[reader] generated 356/1000
[reader] generated 358/1000
[reader] generated 360/1000
[reader] generated 362/1000
[reader] generated 364/1000
[reader] generated 366/1000
[reader] generated 368/1000
[reader] generated 370/1000
[reader] generated 372/1000
[reader] generated 374/1000
[reader] generated 376/1000
[reader] generated 378/1000
[reader] generated 380/1000
[reader] generated 382/1000
[reader] generated 384/1000
[reader] generated 386/1000
[reader] generated 388/1000
[reader] generated 390/1000
[reader] generated 392/1000
[reader] generated 394/1000
[reader] generated 396/1000
[reader] generated 398/1000
[reader] generated 400/1000
[reader] generated 402/1000
[reader] generated 404/1000
[reader] generated 406/1000
[reader] generated 408/1000
[reader] generated 410/1000
[reader] generated 412/1000
[reader] generated 414/1000
[reader] generated 416/1000
[reader] generated 418/1000
[reader] generated 420/1000
[reader] generated 422/1000
[reader] generated 424/1000
[reader] generated 426/1000
[reader] generated 428/1000
[reader] generated 430/1000
[reader] generated 432/1000
[reader] generated 434/1000
[reader] generated 436/1000
[reader] generated 438/1000
[reader] generated 440/1000
[reader] generated 442/1000
[reader] generated 444/1000
[reader] generated 446/1000
[reader] generated 448/1000
[reader] generated 450/1000
[reader] generated 452/1000
[reader] generated 454/1000
[reader] generated 456/1000
[reader] generated 458/1000
[reader] generated 460/1000
[reader] generated 462/1000
[reader] generated 464/1000
[reader] generated 466/1000
[reader] generated 468/1000
[reader] generated 470/1000
[reader] generated 472/1000
[reader] generated 474/1000
[reader] generated 476/1000
[reader] generated 478/1000
[reader] generated 480/1000
[reader] generated 482/1000
[reader] generated 484/1000
[reader] generated 486/1000
[reader] generated 488/1000
[reader] generated 490/1000
[reader] generated 492/1000
[reader] generated 494/1000
[reader] generated 496/1000
[reader] generated 498/1000
[reader] generated 500/1000
[reader] generated 502/1000
[reader] generated 504/1000
[reader] generated 506/1000
[reader] generated 508/1000
[reader] generated 510/1000
[reader] generated 512/1000
[reader] generated 514/1000
[reader] generated 516/1000
[reader] generated 518/1000
[reader] generated 520/1000
[reader] generated 522/1000
[reader] generated 524/1000
[reader] generated 526/1000
[reader] generated 528/1000
[reader] generated 530/1000
[reader] generated 532/1000
[reader] generated 534/1000
[reader] generated 536/1000
[reader] generated 538/1000
[reader] generated 540/1000
[reader] generated 542/1000
[reader] generated 544/1000
[reader] generated 546/1000
[reader] generated 548/1000
[reader] generated 550/1000
[reader] generated 552/1000
[reader] generated 554/1000
[reader] generated 556/1000
[reader] generated 558/1000
[reader] generated 560/1000
[reader] generated 562/1000
[reader] generated 564/1000
[reader] generated 566/1000
[reader] generated 568/1000
[reader] generated 570/1000
[reader] generated 572/1000
[reader] generated 574/1000
[reader] generated 576/1000
[reader] generated 578/1000
[reader] generated 580/1000
[reader] generated 582/1000
[reader] generated 584/1000
[reader] generated 586/1000
[reader] generated 588/1000
[reader] generated 590/1000
[reader] generated 592/1000
[reader] generated 594/1000
[reader] generated 596/1000
[reader] generated 598/1000
[reader] generated 600/1000
[reader] generated 602/1000
[reader] generated 604/1000
[reader] generated 606/1000
[reader] generated 608/1000
[reader] generated 610/1000
[reader] generated 612/1000
[reader] generated 614/1000
[reader] generated 616/1000
[reader] generated 618/1000
[reader] generated 620/1000
[reader] generated 622/1000
[reader] generated 624/1000
[reader] generated 626/1000
[reader] generated 628/1000
[reader] generated 630/1000
[reader] generated 632/1000
[reader] generated 634/1000
[reader] generated 636/1000
[reader] generated 638/1000
[reader] generated 640/1000
[reader] generated 642/1000
[reader] generated 644/1000
[reader] generated 646/1000
[reader] generated 648/1000
[reader] generated 650/1000
[reader] generated 652/1000
[reader] generated 654/1000
[reader] generated 656/1000
[reader] generated 658/1000
[reader] generated 660/1000
[reader] generated 662/1000
[reader] generated 664/1000
[reader] generated 666/1000
[reader] generated 668/1000
[reader] generated 670/1000
[reader] generated 672/1000
[reader] generated 674/1000
[reader] generated 676/1000
[reader] generated 678/1000
[reader] generated 680/1000
[reader] generated 682/1000
[reader] generated 684/1000
[reader] generated 686/1000
[reader] generated 688/1000
[reader] generated 690/1000
[reader] generated 692/1000
[reader] generated 694/1000
[reader] generated 696/1000
[reader] generated 698/1000
[reader] generated 700/1000
[reader] generated 702/1000
[reader] generated 704/1000
[reader] generated 706/1000
[reader] generated 708/1000
[reader] generated 710/1000
[reader] generated 712/1000
[reader] generated 714/1000
[reader] generated 716/1000
[reader] generated 718/1000
[reader] generated 720/1000
[reader] generated 722/1000
[reader] generated 724/1000
[reader] generated 726/1000
[reader] generated 728/1000
[reader] generated 730/1000
[reader] generated 732/1000
[reader] generated 734/1000
[reader] generated 736/1000
[reader] generated 738/1000
[reader] generated 740/1000
[reader] generated 742/1000
[reader] generated 744/1000
[reader] generated 746/1000
[reader] generated 748/1000
[reader] generated 750/1000
[reader] generated 752/1000
[reader] generated 754/1000
[reader] generated 756/1000
[reader] generated 758/1000
[reader] generated 760/1000
[reader] generated 762/1000
[reader] generated 764/1000
[reader] generated 766/1000
[reader] generated 768/1000
[reader] generated 770/1000
[reader] generated 772/1000
[reader] generated 774/1000
[reader] generated 776/1000
[reader] generated 778/1000
[reader] generated 780/1000
[reader] generated 782/1000
[reader] generated 784/1000
[reader] generated 786/1000
[reader] generated 788/1000
[reader] generated 790/1000
[reader] generated 792/1000
[reader] generated 794/1000
[reader] generated 796/1000
[reader] generated 798/1000
[reader] generated 800/1000
[reader] generated 802/1000
[reader] generated 804/1000
[reader] generated 806/1000
[reader] generated 808/1000
[reader] generated 810/1000
[reader] generated 812/1000
[reader] generated 814/1000
[reader] generated 816/1000
[reader] generated 818/1000
[reader] generated 820/1000
[reader] generated 822/1000
[reader] generated 824/1000
[reader] generated 826/1000
[reader] generated 828/1000
[reader] generated 830/1000
[reader] generated 832/1000
[reader] generated 834/1000
[reader] generated 836/1000
[reader] generated 838/1000
[reader] generated 840/1000
[reader] generated 842/1000
[reader] generated 844/1000
[reader] generated 846/1000
[reader] generated 848/1000
[reader] generated 850/1000
[reader] generated 852/1000
[reader] generated 854/1000
[reader] generated 856/1000
[reader] generated 858/1000
[reader] generated 860/1000
[reader] generated 862/1000
[reader] generated 864/1000
[reader] generated 866/1000
[reader] generated 868/1000
[reader] generated 870/1000
[reader] generated 872/1000
[reader] generated 874/1000
[reader] generated 876/1000
[reader] generated 878/1000
[reader] generated 880/1000
[reader] generated 882/1000
[reader] generated 884/1000
[reader] generated 886/1000
[reader] generated 888/1000
[reader] generated 890/1000
[reader] generated 892/1000
[reader] generated 894/1000
[reader] generated 896/1000
[reader] generated 898/1000
[reader] generated 900/1000
[reader] generated 902/1000
[reader] generated 904/1000
[reader] generated 906/1000
[reader] generated 908/1000
[reader] generated 910/1000
[reader] generated 912/1000
[reader] generated 914/1000
[reader] generated 916/1000
[reader] generated 918/1000
[reader] generated 920/1000
[reader] generated 922/1000
[reader] generated 924/1000
[reader] generated 926/1000
[reader] generated 928/1000
[reader] generated 930/1000
[reader] generated 932/1000
[reader] generated 934/1000
[reader] generated 936/1000
[reader] generated 938/1000
[reader] generated 940/1000
[reader] generated 942/1000
[reader] generated 944/1000
[reader] generated 946/1000
[reader] generated 948/1000
[reader] generated 950/1000
[reader] generated 952/1000
[reader] generated 954/1000
[reader] generated 956/1000
[reader] generated 958/1000
[reader] generated 960/1000
[reader] generated 962/1000
[reader] generated 964/1000
[reader] generated 966/1000
[reader] generated 968/1000
[reader] generated 970/1000
[reader] generated 972/1000
[reader] generated 974/1000
[reader] generated 976/1000
[reader] generated 978/1000
[reader] generated 980/1000
[reader] generated 982/1000
[reader] generated 984/1000
[reader] generated 986/1000
[reader] generated 988/1000
[reader] generated 990/1000
[reader] generated 992/1000
[reader] generated 994/1000
[reader] generated 996/1000
[reader] generated 998/1000
[reader] generated 1000/1000
[stage3] policy=ace_packed_220, router_type=fixed, method=ace_graph, reader_context=packed_snippets, reader_model=Qwen/Qwen2.5-3B-Instruct, ace_retriever=standard, compressor=truncate:320, hybrid_alpha=, packed_token_budget=220, candidate_policies=, selection_counts=, recall@1=0.4115, all_gold@1=0.0, recall@2=0.6575, all_gold@2=0.4, recall@5=0.8115, all_gold@5=0.653, qwen_em=0.323, qwen_f1=0.4178, avg_reader_evidence_tokens=209.28
[stage3] materializing policy=ace_focused_220
[stage3] generating policy=ace_focused_220
[reader] generated 2/1000
[reader] generated 4/1000
[reader] generated 6/1000
[reader] generated 8/1000
[reader] generated 10/1000
[reader] generated 12/1000
[reader] generated 14/1000
[reader] generated 16/1000
[reader] generated 18/1000
[reader] generated 20/1000
[reader] generated 22/1000
[reader] generated 24/1000
[reader] generated 26/1000
[reader] generated 28/1000
[reader] generated 30/1000
[reader] generated 32/1000
[reader] generated 34/1000
[reader] generated 36/1000
[reader] generated 38/1000
[reader] generated 40/1000
[reader] generated 42/1000
[reader] generated 44/1000
[reader] generated 46/1000
[reader] generated 48/1000
[reader] generated 50/1000
[reader] generated 52/1000
[reader] generated 54/1000
[reader] generated 56/1000
[reader] generated 58/1000
[reader] generated 60/1000
[reader] generated 62/1000
[reader] generated 64/1000
[reader] generated 66/1000
[reader] generated 68/1000
[reader] generated 70/1000
[reader] generated 72/1000
[reader] generated 74/1000
[reader] generated 76/1000
[reader] generated 78/1000
[reader] generated 80/1000
[reader] generated 82/1000
[reader] generated 84/1000
[reader] generated 86/1000
[reader] generated 88/1000
[reader] generated 90/1000
[reader] generated 92/1000
[reader] generated 94/1000
[reader] generated 96/1000
[reader] generated 98/1000
[reader] generated 100/1000
[reader] generated 102/1000
[reader] generated 104/1000
[reader] generated 106/1000
[reader] generated 108/1000
[reader] generated 110/1000
[reader] generated 112/1000
[reader] generated 114/1000
[reader] generated 116/1000
[reader] generated 118/1000
[reader] generated 120/1000
[reader] generated 122/1000
[reader] generated 124/1000
[reader] generated 126/1000
[reader] generated 128/1000
[reader] generated 130/1000
[reader] generated 132/1000
[reader] generated 134/1000
[reader] generated 136/1000
[reader] generated 138/1000
[reader] generated 140/1000
[reader] generated 142/1000
[reader] generated 144/1000
[reader] generated 146/1000
[reader] generated 148/1000
[reader] generated 150/1000
[reader] generated 152/1000
[reader] generated 154/1000
[reader] generated 156/1000
[reader] generated 158/1000
[reader] generated 160/1000
[reader] generated 162/1000
[reader] generated 164/1000
[reader] generated 166/1000
[reader] generated 168/1000
[reader] generated 170/1000
[reader] generated 172/1000
[reader] generated 174/1000
[reader] generated 176/1000
[reader] generated 178/1000
[reader] generated 180/1000
[reader] generated 182/1000
[reader] generated 184/1000
[reader] generated 186/1000
[reader] generated 188/1000
[reader] generated 190/1000
[reader] generated 192/1000
[reader] generated 194/1000
[reader] generated 196/1000
[reader] generated 198/1000
[reader] generated 200/1000
[reader] generated 202/1000
[reader] generated 204/1000
[reader] generated 206/1000
[reader] generated 208/1000
[reader] generated 210/1000
[reader] generated 212/1000
[reader] generated 214/1000
[reader] generated 216/1000
[reader] generated 218/1000
[reader] generated 220/1000
[reader] generated 222/1000
[reader] generated 224/1000
[reader] generated 226/1000
[reader] generated 228/1000
[reader] generated 230/1000
[reader] generated 232/1000
[reader] generated 234/1000
[reader] generated 236/1000
[reader] generated 238/1000
[reader] generated 240/1000
[reader] generated 242/1000
[reader] generated 244/1000
[reader] generated 246/1000
[reader] generated 248/1000
[reader] generated 250/1000
[reader] generated 252/1000
[reader] generated 254/1000
[reader] generated 256/1000
[reader] generated 258/1000
[reader] generated 260/1000
[reader] generated 262/1000
[reader] generated 264/1000
[reader] generated 266/1000
[reader] generated 268/1000
[reader] generated 270/1000
[reader] generated 272/1000
[reader] generated 274/1000
[reader] generated 276/1000
[reader] generated 278/1000
[reader] generated 280/1000
[reader] generated 282/1000
[reader] generated 284/1000
[reader] generated 286/1000
[reader] generated 288/1000
[reader] generated 290/1000
[reader] generated 292/1000
[reader] generated 294/1000
[reader] generated 296/1000
[reader] generated 298/1000
[reader] generated 300/1000
[reader] generated 302/1000
[reader] generated 304/1000
[reader] generated 306/1000
[reader] generated 308/1000
[reader] generated 310/1000
[reader] generated 312/1000
[reader] generated 314/1000
[reader] generated 316/1000
[reader] generated 318/1000
[reader] generated 320/1000
[reader] generated 322/1000
[reader] generated 324/1000
[reader] generated 326/1000
[reader] generated 328/1000
[reader] generated 330/1000
[reader] generated 332/1000
[reader] generated 334/1000
[reader] generated 336/1000
[reader] generated 338/1000
[reader] generated 340/1000
[reader] generated 342/1000
[reader] generated 344/1000
[reader] generated 346/1000
[reader] generated 348/1000
[reader] generated 350/1000
[reader] generated 352/1000
[reader] generated 354/1000
[reader] generated 356/1000
[reader] generated 358/1000
[reader] generated 360/1000
[reader] generated 362/1000
[reader] generated 364/1000
[reader] generated 366/1000
[reader] generated 368/1000
[reader] generated 370/1000
[reader] generated 372/1000
[reader] generated 374/1000
[reader] generated 376/1000
[reader] generated 378/1000
[reader] generated 380/1000
[reader] generated 382/1000
[reader] generated 384/1000
[reader] generated 386/1000
[reader] generated 388/1000
[reader] generated 390/1000
[reader] generated 392/1000
[reader] generated 394/1000
[reader] generated 396/1000
[reader] generated 398/1000
[reader] generated 400/1000
[reader] generated 402/1000
[reader] generated 404/1000
[reader] generated 406/1000
[reader] generated 408/1000
[reader] generated 410/1000
[reader] generated 412/1000
[reader] generated 414/1000
[reader] generated 416/1000
[reader] generated 418/1000
[reader] generated 420/1000
[reader] generated 422/1000
[reader] generated 424/1000
[reader] generated 426/1000
[reader] generated 428/1000
[reader] generated 430/1000
[reader] generated 432/1000
[reader] generated 434/1000
[reader] generated 436/1000
[reader] generated 438/1000
[reader] generated 440/1000
[reader] generated 442/1000
[reader] generated 444/1000
[reader] generated 446/1000
[reader] generated 448/1000
[reader] generated 450/1000
[reader] generated 452/1000
[reader] generated 454/1000
[reader] generated 456/1000
[reader] generated 458/1000
[reader] generated 460/1000
[reader] generated 462/1000
[reader] generated 464/1000
[reader] generated 466/1000
[reader] generated 468/1000
[reader] generated 470/1000
[reader] generated 472/1000
[reader] generated 474/1000
[reader] generated 476/1000
[reader] generated 478/1000
[reader] generated 480/1000
[reader] generated 482/1000
[reader] generated 484/1000
[reader] generated 486/1000
[reader] generated 488/1000
[reader] generated 490/1000
[reader] generated 492/1000
[reader] generated 494/1000
[reader] generated 496/1000
[reader] generated 498/1000
[reader] generated 500/1000
[reader] generated 502/1000
[reader] generated 504/1000
[reader] generated 506/1000
[reader] generated 508/1000
[reader] generated 510/1000
[reader] generated 512/1000
[reader] generated 514/1000
[reader] generated 516/1000
[reader] generated 518/1000
[reader] generated 520/1000
[reader] generated 522/1000
[reader] generated 524/1000
[reader] generated 526/1000
[reader] generated 528/1000
[reader] generated 530/1000
[reader] generated 532/1000
[reader] generated 534/1000
[reader] generated 536/1000
[reader] generated 538/1000
[reader] generated 540/1000
[reader] generated 542/1000
[reader] generated 544/1000
[reader] generated 546/1000
[reader] generated 548/1000
[reader] generated 550/1000
[reader] generated 552/1000
[reader] generated 554/1000
[reader] generated 556/1000
[reader] generated 558/1000
[reader] generated 560/1000
[reader] generated 562/1000
[reader] generated 564/1000
[reader] generated 566/1000
[reader] generated 568/1000
[reader] generated 570/1000
[reader] generated 572/1000
[reader] generated 574/1000
[reader] generated 576/1000
[reader] generated 578/1000
[reader] generated 580/1000
[reader] generated 582/1000
[reader] generated 584/1000
[reader] generated 586/1000
[reader] generated 588/1000
[reader] generated 590/1000
[reader] generated 592/1000
[reader] generated 594/1000
[reader] generated 596/1000
[reader] generated 598/1000
[reader] generated 600/1000
[reader] generated 602/1000
[reader] generated 604/1000
[reader] generated 606/1000
[reader] generated 608/1000
[reader] generated 610/1000
[reader] generated 612/1000
[reader] generated 614/1000
[reader] generated 616/1000
[reader] generated 618/1000
[reader] generated 620/1000
[reader] generated 622/1000
[reader] generated 624/1000
[reader] generated 626/1000
[reader] generated 628/1000
[reader] generated 630/1000
[reader] generated 632/1000
[reader] generated 634/1000
[reader] generated 636/1000
[reader] generated 638/1000
[reader] generated 640/1000
[reader] generated 642/1000
[reader] generated 644/1000
[reader] generated 646/1000
[reader] generated 648/1000
[reader] generated 650/1000
[reader] generated 652/1000
[reader] generated 654/1000
[reader] generated 656/1000
[reader] generated 658/1000
[reader] generated 660/1000
[reader] generated 662/1000
[reader] generated 664/1000
[reader] generated 666/1000
[reader] generated 668/1000
[reader] generated 670/1000
[reader] generated 672/1000
[reader] generated 674/1000
[reader] generated 676/1000
[reader] generated 678/1000
[reader] generated 680/1000
[reader] generated 682/1000
[reader] generated 684/1000
[reader] generated 686/1000
[reader] generated 688/1000
[reader] generated 690/1000
[reader] generated 692/1000
[reader] generated 694/1000
[reader] generated 696/1000
[reader] generated 698/1000
[reader] generated 700/1000
[reader] generated 702/1000
[reader] generated 704/1000
[reader] generated 706/1000
[reader] generated 708/1000
[reader] generated 710/1000
[reader] generated 712/1000
[reader] generated 714/1000
[reader] generated 716/1000
[reader] generated 718/1000
[reader] generated 720/1000
[reader] generated 722/1000
[reader] generated 724/1000
[reader] generated 726/1000
[reader] generated 728/1000
[reader] generated 730/1000
[reader] generated 732/1000
[reader] generated 734/1000
[reader] generated 736/1000
[reader] generated 738/1000
[reader] generated 740/1000
[reader] generated 742/1000
[reader] generated 744/1000
[reader] generated 746/1000
[reader] generated 748/1000
[reader] generated 750/1000
[reader] generated 752/1000
[reader] generated 754/1000
[reader] generated 756/1000
[reader] generated 758/1000
[reader] generated 760/1000
[reader] generated 762/1000
[reader] generated 764/1000
[reader] generated 766/1000
[reader] generated 768/1000
[reader] generated 770/1000
[reader] generated 772/1000
[reader] generated 774/1000
[reader] generated 776/1000
[reader] generated 778/1000
[reader] generated 780/1000
[reader] generated 782/1000
[reader] generated 784/1000
[reader] generated 786/1000
[reader] generated 788/1000
[reader] generated 790/1000
[reader] generated 792/1000
[reader] generated 794/1000
[reader] generated 796/1000
[reader] generated 798/1000
[reader] generated 800/1000
[reader] generated 802/1000
[reader] generated 804/1000
[reader] generated 806/1000
[reader] generated 808/1000
[reader] generated 810/1000
[reader] generated 812/1000
[reader] generated 814/1000
[reader] generated 816/1000
[reader] generated 818/1000
[reader] generated 820/1000
[reader] generated 822/1000
[reader] generated 824/1000
[reader] generated 826/1000
[reader] generated 828/1000
[reader] generated 830/1000
[reader] generated 832/1000
[reader] generated 834/1000
[reader] generated 836/1000
[reader] generated 838/1000
[reader] generated 840/1000
[reader] generated 842/1000
[reader] generated 844/1000
[reader] generated 846/1000
[reader] generated 848/1000
[reader] generated 850/1000
[reader] generated 852/1000
[reader] generated 854/1000
[reader] generated 856/1000
[reader] generated 858/1000
[reader] generated 860/1000
[reader] generated 862/1000
[reader] generated 864/1000
[reader] generated 866/1000
[reader] generated 868/1000
[reader] generated 870/1000
[reader] generated 872/1000
[reader] generated 874/1000
[reader] generated 876/1000
[reader] generated 878/1000
[reader] generated 880/1000
[reader] generated 882/1000
[reader] generated 884/1000
[reader] generated 886/1000
[reader] generated 888/1000
[reader] generated 890/1000
[reader] generated 892/1000
[reader] generated 894/1000
[reader] generated 896/1000
[reader] generated 898/1000
[reader] generated 900/1000
[reader] generated 902/1000
[reader] generated 904/1000
[reader] generated 906/1000
[reader] generated 908/1000
[reader] generated 910/1000
[reader] generated 912/1000
[reader] generated 914/1000
[reader] generated 916/1000
[reader] generated 918/1000
[reader] generated 920/1000
[reader] generated 922/1000
[reader] generated 924/1000
[reader] generated 926/1000
[reader] generated 928/1000
[reader] generated 930/1000
[reader] generated 932/1000
[reader] generated 934/1000
[reader] generated 936/1000
[reader] generated 938/1000
[reader] generated 940/1000
[reader] generated 942/1000
[reader] generated 944/1000
[reader] generated 946/1000
[reader] generated 948/1000
[reader] generated 950/1000
[reader] generated 952/1000
[reader] generated 954/1000
[reader] generated 956/1000
[reader] generated 958/1000
[reader] generated 960/1000
[reader] generated 962/1000
[reader] generated 964/1000
[reader] generated 966/1000
[reader] generated 968/1000
[reader] generated 970/1000
[reader] generated 972/1000
[reader] generated 974/1000
[reader] generated 976/1000
[reader] generated 978/1000
[reader] generated 980/1000
[reader] generated 982/1000
[reader] generated 984/1000
[reader] generated 986/1000
[reader] generated 988/1000
[reader] generated 990/1000
[reader] generated 992/1000
[reader] generated 994/1000
[reader] generated 996/1000
[reader] generated 998/1000
[reader] generated 1000/1000
[stage3] policy=ace_focused_220, router_type=fixed, method=ace_graph, reader_context=focused_packed, reader_model=Qwen/Qwen2.5-3B-Instruct, ace_retriever=standard, compressor=truncate:320, hybrid_alpha=, packed_token_budget=220, candidate_policies=, selection_counts=, recall@1=0.4115, all_gold@1=0.0, recall@2=0.6575, all_gold@2=0.4, recall@5=0.8115, all_gold@5=0.653, qwen_em=0.337, qwen_f1=0.4281, avg_reader_evidence_tokens=208.34
[stage3] policy=router_rule, router_type=rule, method=adaptive_router, reader_context=routed, reader_model=Qwen/Qwen2.5-3B-Instruct, ace_retriever=, compressor=, hybrid_alpha=, packed_token_budget=, candidate_policies=chunk_packed_220|ace_packed_220|ace_focused_220, selection_counts={"ace_focused_220": 5, "ace_packed_220": 531, "chunk_packed_220": 464}, recall@1=0.3165, all_gold@1=0.0, recall@2=0.5195, all_gold@2=0.212, recall@5=0.8005, all_gold@5=0.626, qwen_em=0.331, qwen_f1=0.4307, avg_reader_evidence_tokens=209.8
[stage3] policy=router_oracle, router_type=oracle, method=adaptive_router, reader_context=routed, reader_model=Qwen/Qwen2.5-3B-Instruct, ace_retriever=, compressor=, hybrid_alpha=, packed_token_budget=, candidate_policies=chunk_packed_220|ace_packed_220|ace_focused_220, selection_counts={"ace_focused_220": 310, "ace_packed_220": 343, "chunk_packed_220": 347}, recall@1=0.3375, all_gold@1=0.0, recall@2=0.553, all_gold@2=0.254, recall@5=0.805, all_gold@5=0.639, qwen_em=0.452, qwen_f1=0.5549, avg_reader_evidence_tokens=204.45
wrote /kaggle/working/colab_results/stage3_hotpotqa_budget220_seed7_limit1000_qwen3b/hotpotqa_stage3_router_standard_limit1000_metrics.csv
wrote /kaggle/working/colab_results/stage3_hotpotqa_budget220_seed7_limit1000_qwen3b/hotpotqa_stage3_router_standard_limit1000_predictions.jsonl
wrote /kaggle/working/colab_results/stage3_hotpotqa_budget220_seed7_limit1000_qwen3b/hotpotqa_stage3_router_standard_limit1000_router_features.csv
[done] stage3_hotpotqa_budget220_seed7_limit1000_qwen3b
=== control/main.py done ===
